Godot Engine v4.7.stable.official.5b4e0cb0f - https://godotengine.org

FIGHT LOG observer attached targets=["captain_riverwatch","captain_field","captain_ridge","warden_aldis"] aftermath_capture=false render=false
GATE A OPENING +0.07s — title interactive
GATE A OPENING +0.27s — answered the character-choice step
ROUTE LEDGER {"a7_longest_so_far_s":0.0,"beats":0,"items":{},"kind":"ledger","party":[],"path_m":0.0,"stage":"title","t":0.5}
[session] hosting via enet (cap 4); local peer id 1
[session] hosting on udp/27015 (cap 4, channels 2); local peer id 1
[lan] advertising udp/27016 for a session on udp/27015
[trainers] spawning a body for peer 1 at (0.0, 0.0)
[trainers] built Trainer_1 for peer 1, authority 1 (this peer is 1)
[trainers] Trainer_1 stands up: authority 1, this peer is 1 (our own proxy)
WARNING: instance_reset_physics_interpolation() is deprecated.
     at: _instance_reset_physics_interpolation_bind_compat_104269 (servers/rendering/rendering_server.compat.inc:62)
     GDScript backtrace (most recent call first):
         [0] _build_terrain (res://scripts/world/playground_world.gd:1172)
         [1] _ready (res://scripts/world/playground_world.gd:798)
GATE A OPENING +2.45s — confirmed the configured trainer-name prefill
GATE A OPENING +2.45s — new game world entered
[playground] spawned at 0.0, 2.9, 0.0
[scatter bake] load phases (ms): read[256 regions, 387893 placements, 431212 skipped]=779 reorder[16 layers]=1938
[vegetation] grass field is on; 431212 placements across 2 layers left unbuilt (grass, flowers)
[vegetation] boot phases (ms): placements=2938 mark_harvestable=112 group_by_model=322 register_mesh_assets=25 build_batches_total=3147 (of which harvest_points[56283 nodes]=1874, initial_collision_stream[51210 solid]=127) update_mmis=223
[grass_field] grass ring: 62140 instances over 13 lattice layers (tuft_count asked for 75000), 24m cull tiles
[grass_field] stone ring: 6084 instances over 8 lattice layers (count 25000)
[grass_field] cover tier bushes   4876 instances over 4 lattice layers (count 6000)
[grass_field] cover tier flowers  9432 instances over 6 lattice layers (count 12000)
[grass_field] cover tier flowers_gold 5740 instances over 4 lattice layers (count 7000)
[grass_field] cover tier litter   6008 instances over 3 lattice layers (count 15000)
[grass_field] 4 cover tier(s) up
[grass_field] far cover: 1 sheet, 71200 tris, 46225 verts, 6m cell, 40-640m reach
[grass_field] bound: 62140 tufts, radius 72m, region_size 256, vertex_spacing 2.0, 1024 region slots
[grass_field] stone tier: rid_valid=true height_map=<null> region_map=-1 entries
[playground] scattered 386505 props in 36 batches (56283 harvestable, 0 already chopped, 266/51210 collision resident)
[water] pond quads 2538, stream points 46, reeds 152, marginals 32, bank flowers 72, rocks 40, driftwood 5, lilypads 49, jetty 18, level -17.0
[water] stream bank reeds 77, bank scrub 12
[water] river quads 390, bank reeds 134, bank scrub 57
[village] placed 29 structures
WARNING: prop 'Torch_Metal' has glow:"campfire" but no `Fire` surface to light
     at: push_warning (core/variant/variant_utility.cpp:1033)
     GDScript backtrace (most recent call first):
         [0] place (res://scripts/world/props.gd:286)
         [1] build (res://scripts/world/props.gd:65)
         [2] _build_settlement (res://scripts/world/playground_world.gd:1533)
         [3] _ready (res://scripts/world/playground_world.gd:855)
WARNING: prop 'Torch_Metal' has glow:"campfire" but no `Fire` surface to light
     at: push_warning (core/variant/variant_utility.cpp:1033)
     GDScript backtrace (most recent call first):
         [0] place (res://scripts/world/props.gd:286)
         [1] build (res://scripts/world/props.gd:65)
         [2] _build_settlement (res://scripts/world/playground_world.gd:1533)
         [3] _ready (res://scripts/world/playground_world.gd:855)
WARNING: prop 'Torch_Metal' has glow:"campfire" but no `Fire` surface to light
     at: push_warning (core/variant/variant_utility.cpp:1033)
     GDScript backtrace (most recent call first):
         [0] place (res://scripts/world/props.gd:286)
         [1] build (res://scripts/world/props.gd:65)
         [2] _build_settlement (res://scripts/world/playground_world.gd:1533)
         [3] _ready (res://scripts/world/playground_world.gd:855)
WARNING: prop 'Torch_Metal' has glow:"campfire" but no `Fire` surface to light
     at: push_warning (core/variant/variant_utility.cpp:1033)
     GDScript backtrace (most recent call first):
         [0] place (res://scripts/world/props.gd:286)
         [1] build (res://scripts/world/props.gd:65)
         [2] _build_settlement (res://scripts/world/playground_world.gd:1533)
         [3] _ready (res://scripts/world/playground_world.gd:855)
WARNING: prop 'Torch_Metal' has glow:"campfire" but no `Fire` surface to light
     at: push_warning (core/variant/variant_utility.cpp:1033)
     GDScript backtrace (most recent call first):
         [0] place (res://scripts/world/props.gd:286)
         [1] build (res://scripts/world/props.gd:65)
         [2] _build_settlement (res://scripts/world/playground_world.gd:1533)
         [3] _ready (res://scripts/world/playground_world.gd:855)
WARNING: prop 'Torch_Metal' has glow:"campfire" but no `Fire` surface to light
     at: push_warning (core/variant/variant_utility.cpp:1033)
     GDScript backtrace (most recent call first):
         [0] place (res://scripts/world/props.gd:286)
         [1] build (res://scripts/world/props.gd:65)
         [2] _build_settlement (res://scripts/world/playground_world.gd:1533)
         [3] _ready (res://scripts/world/playground_world.gd:855)
WARNING: prop 'Torch_Metal' has glow:"campfire" but no `Fire` surface to light
     at: push_warning (core/variant/variant_utility.cpp:1033)
     GDScript backtrace (most recent call first):
         [0] place (res://scripts/world/props.gd:286)
         [1] build (res://scripts/world/props.gd:65)
         [2] _build_settlement (res://scripts/world/playground_world.gd:1533)
         [3] _ready (res://scripts/world/playground_world.gd:855)
WARNING: prop 'Torch_Metal' has glow:"campfire" but no `Fire` surface to light
     at: push_warning (core/variant/variant_utility.cpp:1033)
     GDScript backtrace (most recent call first):
         [0] place (res://scripts/world/props.gd:286)
         [1] build (res://scripts/world/props.gd:65)
         [2] _build_settlement (res://scripts/world/playground_world.gd:1533)
         [3] _ready (res://scripts/world/playground_world.gd:855)
[props] placed 434 props in 54 clusters (6 usable rest points)
[village_npcs] placed 18 of 20
[relay_site] placed 3 of 3
[pond_npc] placed 1 of 1
[trainers] placed 21 trainer(s)
[south_bridge_dressing] placed 1 of 1
[quarry] 2 foundations, 4 pylons, 1 finish treatment standing
[relay] cleared 152 scattered pieces inside the 27m station radius
[relay] station at 350, 3760: 4 wall runs, 2 decks, 1 ramps, 10 pylons
[river] 18 course segments, 18 recovery volumes
[playground] severed spokes standing: river_gorge, storm_road, mountain_trail, stone_gate, high_pass, cliff_road, blighted_road
[playground] placed 198 harvest nodes
[playground] placed 6 farm plots
[playground] placed 147 band pickups (0 already taken, 34 nudged off scatter, 0 unclear, 0 without ground)
[warrens] cleared 821 scattered trees/rocks inside the 30m site radius and the chambers
[warrens] hero clearing: removed 803 more scattered pieces out to 55m (was 30m) so no background tree competes with the mound
[warrens] bank cap closes the dome over the throat (297 quads)
[warrens] planted 20 pieces of ground cover around the site
[warrens] earth bank 65x90m, crest 17.0m above the mouth (9.5x the 1.8m trainer); chamber clearance past the required 1.5m: mouth +4.8m, hall +3.8m, warren +4.1m, den +2.5m, vault +4.1m (worst 2.5m)
[warrens] 4 flora pieces beside the mouth
[warrens] 7 claw scrapes beside the mouth
[warrens] 5 crest trees standing on the bank
[warrens] scattered 78 rubble pieces across the face foot, spoil fans and threshold
[warrens] 220 pieces of growth on the bank
[warrens] 182 pieces of interior rock across 5 chambers
[warrens] 8 connected excavated terrain masses preserve the original collision route
[warrens] 12 root masses
[warrens] 8 fungus clusters, 3 species
[warrens] 40 litter pieces
[warrens] 4 haze cards
[warrens] guardian carries an alert bearing (neck -30, head -12, spine -7 deg)
[warrens] guardian idle faces the den's entrance passage (yaw -169.0 deg)
[approach-drain] 690 drained quads over the approach corridor
[stronghold] approach ramp: 11.3m of rise over 40m (16 degrees)
[stronghold] 407 structural members across 5 spaces
[stronghold] hall massing exterior lift: 1.30x height on 17/18 module(s)
[stronghold] massing grounded: 17 of 35 module foot shaft(s) to skirt y=-18.0
[stronghold] waist: 3 inter-chamber gap(s) wrapped on both flanks
[stronghold] tower pier in warden_arena: 2.6 x 3.1 m at local (-10.8, 78.7), enclosing LargeTower
[stronghold] tower pier in warden_arena: 2.6 x 3.1 m at local (10.8, 78.7), enclosing _MeshInstance3D_66420
[stronghold] tower pier in warden_arena: 2.6 x 3.1 m at local (-10.8, 101.7), enclosing _MeshInstance3D_66421
[stronghold] tower pier in warden_arena: 2.6 x 3.1 m at local (10.8, 101.7), enclosing _MeshInstance3D_66422
[stronghold] tower pier in legendary_chamber: 5.0 x 5.1 m at local (-43.5, 78.7), enclosing PointyTower
[stronghold] tower pier in legendary_chamber: 4.0 x 4.1 m at local (-20.0, 102.2), enclosing _MeshInstance3D_66423
[stronghold] tower pier in legendary_chamber: 4.0 x 4.1 m at local (-44.0, 102.2), enclosing _MeshInstance3D_66424
[stronghold] tower pier in legendary_chamber: 3.5 x 3.6 m at local (-19.7, 77.9), enclosing _MeshInstance3D_66425
[stronghold] 8 tower pier(s) enclosing massing that reached inside a roofed chamber
[stronghold] 87 interior dressing prop(s) in the roofed rooms
[trainers] placed 3 trainer(s) for group 'stronghold'
[stronghold] cleared 90 scattered prop(s) standing inside the five spaces
[stronghold] 21 exterior omni light(s) at the Hall (budget 22), 11 of them flickering fires
[stronghold] 5 spaces on the route (outer_works -> courtyard -> tether_approach -> warden_arena -> legendary_chamber), floor y=6.17, 3 gauntlet trainer(s), 15 approach pylon(s)
[trainers] placed 1 trainer(s) for group 'stronghold_climax'
[climax] the freed stand is 6.00 m from the machine's axis, inside its 8.05 m plinth on that bearing; moved out to 10.55 m
[climax] the legendary stands inside the machine: dais 4.06 m up, void 7.67 m tall, body 7.08 m, headroom 0.59 m
[meadow] the land lies drained: 15161 quads over 8 groups, grass field thinned
GATE A OPENING +77.94s — wake/Get Up complete
GATE A OPENING +81.97s — Grandpa briefing and pack complete
GATE A OPENING +81.97s — starter picker order ["terrapup", "ripplet", "galewisp"]; 0 ui_right press(es) to 'terrapup'
GATE A OPENING +86.73s — starter selected and named (terrapup, uid creature-521c7fe0b152568283fddbf6af8036c4)
GATE A OPENING +88.56s — Grandpa's first-catch supplies received (50 Basic Orbs)
GATE A OPENING +88.90s — Home Key lesson read through physical confirm (2 lines), personal acknowledgement applied
GATE A OPENING +90.67s — usable house/front doorway exited
WILD_APPROACH_SELECTION {"acceptance":false,"anchor":[30.0,0.900941669940948,-40.0],"name":"Wild_bramblebun_0_3","player":[7.87401103973389,0.900941669940948,14.0487642288208],"species":"bramblebun","target":[33.6960487365723,-0.572990834712982,-39.7531204223633]}
live farmhouse exit cleared by controller: door=(8.3, 0.9, 14.0) player=(9.627884, 0.900942, 14.05434) floor=true
live catch uses authored Practice Meadow field approach: [(20.0, 0.900942, 14.0), (20.0, 0.900942, -12.0), (20.0, 0.900942, -18.0), (20.0, 0.900942, -26.0), (14.6, 0.900942, -31.0), (21.0, 0.900942, -37.5), (30.0, 0.900942, -40.0)]
live catch field approach 1/7 reached by controller: (19.20233, 0.900925, 14.00344)
live catch field approach 2/7 reached by controller: (19.98968, 0.900871, -11.20596)
live catch field approach 3/7 reached by controller: (19.99911, 0.900934, -17.20593)
live catch field approach 4/7 reached by controller: (19.99995, 0.895093, -25.20603)
live catch field approach 5/7 reached by controller: (15.12602, 0.874151, -30.4871)
live catch field approach 6/7 reached by controller: (20.4881, 0.996594, -36.95647)
live catch field approach 7/7 reached by controller: (29.23305, 0.222257, -40.00788)
live wild approach: exact offered target Wild_bramblebun_0_3
GATE A OPENING +107.39s — engaged exact live target Wild_bramblebun_0_3 (bramblebun)
GATE A OPENING +107.39s — tutorial Bramblebun combat entered
GATE A OPENING +118.67s — Bramblebun naturally weakened to 26/93 HP
GATE A OPENING +118.67s — live catch begins with 50 earned orbs; no HP or inventory fixture
AIM READINESS convergence camera=(21.26694, 4.99487, -52.26765) forward=(0.738064, -0.238228, 0.631276) player=(33.72699, -0.54698, -43.43429) target=(39.56201, -0.868416, -37.33231) current={ "eligible": true, "first_hit": &"Wild_bramblebun_0_3", "line_of_sight": true, "reason": "eligible", "in_front": true, "reticle_offset": 0.54604762792587, "reticle_radius": 1.132625, "inside_body": true } preview={ "eligible": true, "first_hit": &"Wild_bramblebun_0_3", "line_of_sight": true, "reason": "eligible", "in_front": true, "reticle_offset": 0.54604762792587, "reticle_radius": 1.132625, "inside_body": true, "trajectory_hits_target": true, "trajectory_offset": 0.19998323917389, "trajectory_blocked": false, "trajectory_blocker": "" }
AIM READINESS post-settle camera=(21.0416, 5.046615, -52.42051) forward=(0.738064, -0.238228, 0.631276) player=(33.72699, -0.54698, -43.43429) target=(39.56201, -0.868416, -37.33231) current={ "eligible": true, "first_hit": &"Wild_bramblebun_0_3", "line_of_sight": true, "reason": "eligible", "in_front": true, "reticle_offset": 0.57457679510117, "reticle_radius": 1.132625, "inside_body": true } preview={ "eligible": true, "first_hit": &"Wild_bramblebun_0_3", "line_of_sight": true, "reason": "eligible", "in_front": true, "reticle_offset": 0.57457679510117, "reticle_radius": 1.132625, "inside_body": true, "trajectory_hits_target": true, "trajectory_offset": 0.19998323917389, "trajectory_blocked": false, "trajectory_blocker": "" }
AIM READINESS convergence camera=(21.0416, 5.046615, -52.42051) forward=(0.738064, -0.238228, 0.631276) player=(33.72699, -0.54698, -43.43429) target=(39.56201, -0.868416, -37.33231) current={ "eligible": true, "first_hit": &"Wild_bramblebun_0_3", "line_of_sight": true, "reason": "eligible", "in_front": true, "reticle_offset": 0.57457679510117, "reticle_radius": 1.132625, "inside_body": true } preview={ "eligible": true, "first_hit": &"Wild_bramblebun_0_3", "line_of_sight": true, "reason": "eligible", "in_front": true, "reticle_offset": 0.57457679510117, "reticle_radius": 1.132625, "inside_body": true, "trajectory_hits_target": true, "trajectory_offset": 0.19998323917389, "trajectory_blocked": false, "trajectory_blocker": "" }
AIM READINESS post-settle camera=(20.98739, 5.052856, -52.44547) forward=(0.738064, -0.238228, 0.631275) player=(33.72699, -0.54698, -43.43429) target=(39.56201, -0.868416, -37.33231) current={ "eligible": true, "first_hit": &"Wild_bramblebun_0_3", "line_of_sight": true, "reason": "eligible", "in_front": true, "reticle_offset": 0.5900986790657, "reticle_radius": 1.132625, "inside_body": true } preview={ "eligible": true, "first_hit": &"Wild_bramblebun_0_3", "line_of_sight": true, "reason": "eligible", "in_front": true, "reticle_offset": 0.5900986790657, "reticle_radius": 1.132625, "inside_body": true, "trajectory_hits_target": true, "trajectory_offset": 0.19998323917389, "trajectory_blocked": false, "trajectory_blocker": "" }
AIM READINESS input-commit camera=(20.98739, 5.052856, -52.44547) forward=(0.738064, -0.238228, 0.631275) player=(33.72699, -0.54698, -43.43429) target=(39.56201, -0.868416, -37.33231) current={ "eligible": true, "first_hit": &"Wild_bramblebun_0_3", "line_of_sight": true, "reason": "eligible", "in_front": true, "reticle_offset": 0.5900986790657, "reticle_radius": 1.132625, "inside_body": true } preview={ "eligible": true, "first_hit": &"Wild_bramblebun_0_3", "line_of_sight": true, "reason": "eligible", "in_front": true, "reticle_offset": 0.5900986790657, "reticle_radius": 1.132625, "inside_body": true, "trajectory_hits_target": true, "trajectory_offset": 0.19998323917389, "trajectory_blocked": false, "trajectory_blocker": "" }
catch launch: commit eligible=true reticle=0.605/1.133 first_hit=Wild_bramblebun_0_3 los=true reason=eligible
catch launch: release assist=true predicted=(40.53, -0.89, -37.61) range=8.19 from=(34.18, 0.96, -43.04) dir=(0.76, 0.01, 0.65)
catch launch: placement closest=0.693 clamped=0.693 body_radius=0.666 orb_radius=0.60
catch launch: strike assist=true predicted=(40.53, -0.89, -37.61) offset=0.693
AIM READINESS convergence camera=(23.12207, 3.457208, -50.01424) forward=(0.79795, -0.195431, 0.570159) player=(33.72699, -0.54698, -43.43429) target=(41.3781, -0.905754, -38.03862) current={ "eligible": true, "first_hit": &"Wild_bramblebun_0_3", "line_of_sight": true, "reason": "eligible", "in_front": true, "reticle_offset": 0.86980003118515, "reticle_radius": 1.132625, "inside_body": true } preview={ "eligible": false, "first_hit": &"Wild_bramblebun_0_3", "line_of_sight": true, "reason": "reticle_outside_body", "in_front": true, "reticle_offset": 2.75168991088867, "reticle_radius": 1.132625, "inside_body": false, "trajectory_hits_target": false, "trajectory_offset": inf, "trajectory_blocked": true, "trajectory_blocker": "FencePanelCollision_86" }
AIM READINESS post-settle camera=(22.21534, 3.825024, -49.9762) forward=(0.79795, -0.195431, 0.570159) player=(33.72699, -0.54698, -43.43429) target=(41.43766, -0.9046, -38.08213) current={ "eligible": false, "first_hit": &"Wild_bramblebun_0_3", "line_of_sight": true, "reason": "reticle_outside_body", "in_front": true, "reticle_offset": 1.51541090011597, "reticle_radius": 1.132625, "inside_body": false } preview={ "eligible": false, "first_hit": &"Wild_bramblebun_0_3", "line_of_sight": true, "reason": "reticle_outside_body", "in_front": true, "reticle_offset": 1.50912690162659, "reticle_radius": 1.132625, "inside_body": false, "trajectory_hits_target": true, "trajectory_offset": 0.43901580572128, "trajectory_blocked": false, "trajectory_blocker": "" }
AIM READINESS convergence camera=(21.56532, 4.07075, -48.37104) forward=(0.859764, -0.214293, 0.463555) player=(33.72699, -0.54698, -43.43429) target=(41.42664, -0.902193, -38.10419) current={ "eligible": true, "first_hit": &"Wild_bramblebun_0_3", "line_of_sight": true, "reason": "eligible", "in_front": true, "reticle_offset": 0.39451226592064, "reticle_radius": 1.132625, "inside_body": true } preview={ "eligible": true, "first_hit": &"Wild_bramblebun_0_3", "line_of_sight": true, "reason": "eligible", "in_front": true, "reticle_offset": 0.39410677552223, "reticle_radius": 1.132625, "inside_body": true, "trajectory_hits_target": true, "trajectory_offset": 0.45915564894676, "trajectory_blocked": false, "trajectory_blocker": "" }
AIM READINESS post-settle camera=(21.76906, 4.033005, -48.24527) forward=(0.859765, -0.214293, 0.463555) player=(33.72699, -0.54698, -43.43429) target=(41.4233, -0.901887, -38.10636) current={ "eligible": true, "first_hit": &"Wild_bramblebun_0_3", "line_of_sight": true, "reason": "eligible", "in_front": true, "reticle_offset": 0.411342471838, "reticle_radius": 1.132625, "inside_body": true } preview={ "eligible": true, "first_hit": &"Wild_bramblebun_0_3", "line_of_sight": true, "reason": "eligible", "in_front": true, "reticle_offset": 0.41091713309288, "reticle_radius": 1.132625, "inside_body": true, "trajectory_hits_target": true, "trajectory_offset": 0.45552319288254, "trajectory_blocked": false, "trajectory_blocker": "" }
AIM READINESS convergence camera=(21.76906, 4.033005, -48.24527) forward=(0.859765, -0.214293, 0.463555) player=(33.72699, -0.54698, -43.43429) target=(41.4233, -0.901887, -38.10636) current={ "eligible": true, "first_hit": &"Wild_bramblebun_0_3", "line_of_sight": true, "reason": "eligible", "in_front": true, "reticle_offset": 0.411342471838, "reticle_radius": 1.132625, "inside_body": true } preview={ "eligible": true, "first_hit": &"Wild_bramblebun_0_3", "line_of_sight": true, "reason": "eligible", "in_front": true, "reticle_offset": 0.41091713309288, "reticle_radius": 1.132625, "inside_body": true, "trajectory_hits_target": true, "trajectory_offset": 0.45552319288254, "trajectory_blocked": false, "trajectory_blocker": "" }
AIM READINESS post-settle camera=(21.8984, 4.004547, -48.17091) forward=(0.859765, -0.214293, 0.463555) player=(33.72699, -0.54698, -43.43429) target=(41.41642, -0.901183, -38.11079) current={ "eligible": true, "first_hit": &"Wild_bramblebun_0_3", "line_of_sight": true, "reason": "eligible", "in_front": true, "reticle_offset": 0.417012155056, "reticle_radius": 1.132625, "inside_body": true } preview={ "eligible": true, "first_hit": &"Wild_bramblebun_0_3", "line_of_sight": true, "reason": "eligible", "in_front": true, "reticle_offset": 0.41659212112427, "reticle_radius": 1.132625, "inside_body": true, "trajectory_hits_target": true, "trajectory_offset": 0.44804832339287, "trajectory_blocked": false, "trajectory_blocker": "" }
AIM READINESS input-commit camera=(21.8984, 4.004547, -48.17091) forward=(0.859765, -0.214293, 0.463555) player=(33.72699, -0.54698, -43.43429) target=(41.41642, -0.901183, -38.11079) current={ "eligible": true, "first_hit": &"Wild_bramblebun_0_3", "line_of_sight": true, "reason": "eligible", "in_front": true, "reticle_offset": 0.417012155056, "reticle_radius": 1.132625, "inside_body": true } preview={ "eligible": true, "first_hit": &"Wild_bramblebun_0_3", "line_of_sight": true, "reason": "eligible", "in_front": true, "reticle_offset": 0.41659212112427, "reticle_radius": 1.132625, "inside_body": true, "trajectory_hits_target": true, "trajectory_offset": 0.44804832339287, "trajectory_blocked": false, "trajectory_blocker": "" }
catch launch: commit eligible=true reticle=0.420/1.133 first_hit=Wild_bramblebun_0_3 los=true reason=eligible
catch launch: release assist=true predicted=(41.19, -0.90, -38.26) range=8.90 from=(34.22, 0.96, -43.09) dir=(0.82, 0.02, 0.57)
catch launch: placement closest=0.164 clamped=0.164 body_radius=0.666 orb_radius=0.60
catch launch: strike assist=true predicted=(41.19, -0.90, -38.26) offset=0.164
GATE A OPENING +133.49s — catch complete; exploration resumed with two-creature party
FRESH PREFIX: title through first live catch; no seeded progress, HP pinning or reload
earned prompt approach: target=/root/MeadowsPlayground/GateKey/Interactable target_position=(30.7, 1.080501, -15.9) player=(33.72699, -0.54698, -43.43429) budget=2600
ROUTE LEDGER {"a7_longest_so_far_s":5.2,"beats":26,"items":{"berries":5,"home_key":1,"orb_basic":48,"potion_small":3,"revive":10},"kind":"ledger","party":[{"hp":111.9,"level":3,"species":"terrapup","xp":0},{"hp":26.2,"level":2,"species":"bramblebun","xp":0}],"path_m":116.1,"stage":"opening","t":56.3}
earned prompt approach: target=/root/MeadowsPlayground/VillageBoundary/RoadGate/Interactable target_position=(38.72, -1.455684, -19.85) player=(31.19649, 0.279875, -17.45573) budget=2600
GATE A OPENING +142.68s — village key earned and consumed by the real gate
MIRA PROVISIONAL APPROACH [(20.0, -19.39606), (20.0, -18.0), (20.0, -12.0), (20.0, 6.3), (27.0, 6.65)] original_standoff=(27.0, 0.85, 7.6)
OPENING_PRODUCTION_OBSERVATION {"acceptance":false,"actual_delta":[-0.000217437744140625,-0.000628829002380371,-0.0000133514404296875],"authored_road_hint":"","callback_own_us":742,"ceiling_frames":0,"checked_start":true,"controller_observation_available":true,"controller_wanted_dir":[-1.0,0.0,0.0],"delivered_input":[0.899445474147797,0.437033027410507],"diagnostic_output_outside_physics_cap":true,"floor_angle":0.785399973392487,"frame":1,"live_contacts":[{"collider_path":"/root/MeadowsPlayground/Terrain","collider_rid":"RID(66898410602499)","collider_shape":41,"depth":0.000149900646647438,"local_shape":0,"normal":[0.353315800428391,0.926852345466614,-0.126935988664627],"point":[37.1511650085449,-1.9626225233078,-19.3452777862549]}],"live_recovery_travel":[0.00023651123046875,0.000618100166320801,-0.0000820159912109375],"live_state_phase":"post","mask":1,"on_ceiling":false,"on_floor":true,"on_wall":false,"physics_frame":3866,"plans":1,"player":[37.2925567626953,-1.99171161651611,-19.3960781097412],"progress_m":0.000665494822897017,"provisional_choice":0,"provisional_steering":{"acceptance":false,"heading":[-1.0,0.0,0.0],"prediction_motion":[-1.02380955219269,0.0,0.0],"retry_choice":0,"source":"prospective_step","wall_normal":[0.0,0.0,0.0]},"queries":3,"recoveries":0,"refusal":"","request":[27.0,0.849999964237213,7.59999990463257],"requests":1,"safe_margin":0.00100000004749745,"slide_contacts":[{"collider_path":"/root/MeadowsPlayground/Terrain","collider_rid":"RID(66898410602499)","collider_shape":41,"normal":[0.353315800428391,0.926852345466614,-0.126935988664627],"point":[37.1511650085449,-1.96262502670288,-19.3452930450439],"slide":0,"swept_depth":0.000919109676033258}],"slide_contacts_are_capped_prefix":true,"slide_count":1,"slide_motion":[-0.000217437744140625,-0.00062882894417271,-0.0000133514404296875],"slide_point_counts":[1],"snap":0.400000005960464,"stall_frames":1,"swept_depth":0.000919109676033258,"timing":{"between_callbacks":"controller and other nodes; excluded; not controller-only","between_callbacks_us":5379,"callback_cap_us":10000,"input_flush_us":94,"live_post_us":75,"live_pre_us":112,"movement_progress_us":6,"post_contract_us":37,"post_us":168,"pre_us":569,"provisional_steering_us":148,"serialization_and_print":"deferred; excluded; snapshot included","slide_validation_us":6,"snapshot_us":42,"stage":"post"},"total_queries":3,"wall_frames":0}
OPENING_PRODUCTION_LOG_COST {"cost_line_print_measured":false,"observation_print_us":54,"outside_physics_cap":true,"requests":1,"serialization_us":76}
OPENING_PRODUCTION_OBSERVATION {"acceptance":false,"actual_delta":[-0.0215415954589844,0.00890076160430908,-0.000173568725585938],"authored_road_hint":"","callback_own_us":462,"ceiling_frames":0,"checked_start":true,"controller_observation_available":true,"controller_wanted_dir":[-1.0,0.0,0.000000774860382080078],"delivered_input":[0.899445831775665,0.437032341957092],"diagnostic_output_outside_physics_cap":true,"floor_angle":0.785399973392487,"frame":2,"live_contacts":[{"collider_path":"/root/MeadowsPlayground/Terrain","collider_rid":"RID(66898410602499)","collider_shape":41,"depth":0.0000639709760434926,"local_shape":0,"normal":[0.353315800428391,0.926852345466614,-0.126935988664627],"point":[37.1293869018555,-1.95433402061462,-19.3453712463379]}],"live_recovery_travel":[0.000030517578125,0.0000853538513183594,-0.0000133514404296875],"live_state_phase":"post","mask":1,"on_ceiling":false,"on_floor":true,"on_wall":false,"physics_frame":3867,"plans":1,"player":[37.2710151672363,-1.9828108549118,-19.3962516784668],"progress_m":0.0239741631085053,"provisional_choice":0,"provisional_steering":{"acceptance":false,"heading":[-1.0,0.0,0.000000772091766521044],"prediction_motion":[-1.02380955219269,0.0,0.000000790474928180629],"retry_choice":0,"source":"prospective_step","wall_normal":[0.0,0.0,0.0]},"queries":3,"recoveries":0,"refusal":"","request":[27.0,0.849999964237213,7.59999990463257],"requests":2,"safe_margin":0.00100000004749745,"slide_contacts":[{"collider_path":"/root/MeadowsPlayground/Terrain","collider_rid":"RID(66898410602499)","collider_shape":41,"normal":[0.353315800428391,0.926852345466614,-0.126935988664627],"point":[37.1509628295898,-1.9625598192215,-19.3453845977783],"slide":0,"swept_depth":0.000990413827821612},{"collider_path":"/root/MeadowsPlayground/Terrain","collider_rid":"RID(66898410602499)","collider_shape":41,"normal":[0.353315800428391,0.926852345466614,-0.126935988664627],"point":[37.1293869018555,-1.9543354511261,-19.3453693389893],"slide":1,"swept_depth":0.000153992616105825}],"slide_contacts_are_capped_prefix":true,"slide_count":2,"slide_motion":[-0.0215415954589844,0.00890076160430908,-0.000173568725585938],"slide_point_counts":[1,1],"snap":0.400000005960464,"stall_frames":2,"swept_depth":0.000990413827821612,"timing":{"between_callbacks":"controller and other nodes; excluded; not controller-only","between_callbacks_us":5082,"callback_cap_us":10000,"input_flush_us":52,"live_post_us":60,"live_pre_us":65,"movement_progress_us":4,"post_contract_us":17,"post_us":119,"pre_us":340,"provisional_steering_us":152,"serialization_and_print":"deferred; excluded; snapshot included","slide_validation_us":5,"snapshot_us":32,"stage":"post"},"total_queries":6,"wall_frames":0}
OPENING_PRODUCTION_LOG_COST {"cost_line_print_measured":false,"observation_print_us":33,"outside_physics_cap":true,"requests":2,"serialization_us":73}
OPENING_PRODUCTION_OBSERVATION {"acceptance":false,"actual_delta":[-0.0324935913085938,0.0123716592788696,-0.000104904174804688],"authored_road_hint":"","callback_own_us":459,"ceiling_frames":0,"checked_start":true,"controller_observation_available":true,"controller_wanted_dir":[-1.0,0.0,0.0000108182430267334],"delivered_input":[0.899450182914734,0.437023282051086],"diagnostic_output_outside_physics_cap":true,"floor_angle":0.785399973392487,"frame":3,"live_contacts":[{"collider_path":"/root/MeadowsPlayground/Terrain","collider_rid":"RID(66898410602499)","collider_shape":41,"depth":0.0000639709760434926,"local_shape":0,"normal":[0.353315800428391,0.926852345466614,-0.126935988664627],"point":[37.0968933105469,-1.94196200370789,-19.3454761505127]}],"live_recovery_travel":[0.000030517578125,0.0000857114791870117,-0.0000133514404296875],"live_state_phase":"post","mask":1,"on_ceiling":false,"on_floor":true,"on_wall":false,"physics_frame":3868,"plans":1,"player":[37.2385215759277,-1.97043919563293,-19.3963565826416],"progress_m":0.0587434374028817,"provisional_choice":0,"provisional_steering":{"acceptance":false,"heading":[-1.0,0.0,0.00001082276685338],"prediction_motion":[-1.02380955219269,0.0,0.0000110804521682439],"retry_choice":0,"source":"prospective_step","wall_normal":[0.0,0.0,0.0]},"queries":3,"recoveries":0,"refusal":"","request":[27.0,0.849999964237213,7.59999990463257],"requests":3,"safe_margin":0.00100000004749745,"slide_contacts":[{"collider_path":"/root/MeadowsPlayground/Terrain","collider_rid":"RID(66898410602499)","collider_shape":41,"normal":[0.353315800428391,0.926852345466614,-0.126935988664627],"point":[37.128963470459,-1.95418918132782,-19.3454895019531],"slide":0,"swept_depth":0.00099284399766475},{"collider_path":"/root/MeadowsPlayground/Terrain","collider_rid":"RID(66898410602499)","collider_shape":41,"normal":[0.353315800428391,0.926852345466614,-0.126935988664627],"point":[37.0968933105469,-1.94196200370789,-19.3454742431641],"slide":1,"swept_depth":0.000155656482093036}],"slide_contacts_are_capped_prefix":true,"slide_count":2,"slide_motion":[-0.0324935913085938,0.0123716592788696,-0.000104904174804688],"slide_point_counts":[1,1],"snap":0.400000005960464,"stall_frames":3,"swept_depth":0.00099284399766475,"timing":{"between_callbacks":"controller and other nodes; excluded; not controller-only","between_callbacks_us":4292,"callback_cap_us":10000,"input_flush_us":46,"live_post_us":71,"live_pre_us":71,"movement_progress_us":4,"post_contract_us":17,"post_us":132,"pre_us":324,"provisional_steering_us":133,"serialization_and_print":"deferred; excluded; snapshot included","slide_validation_us":5,"snapshot_us":33,"stage":"post"},"total_queries":9,"wall_frames":0}
OPENING_PRODUCTION_LOG_COST {"cost_line_print_measured":false,"observation_print_us":31,"outside_physics_cap":true,"requests":3,"serialization_us":73}
OPENING_PRODUCTION_OBSERVATION {"acceptance":false,"actual_delta":[-0.0433845520019531,0.0165129899978638,-0.000112533569335938],"authored_road_hint":"","callback_own_us":400,"ceiling_frames":0,"checked_start":true,"controller_observation_available":true,"controller_wanted_dir":[-1.0,0.0,0.0000169277191162109],"delivered_input":[0.899452865123749,0.437017798423767],"diagnostic_output_outside_physics_cap":true,"floor_angle":0.785399973392487,"frame":4,"live_contacts":[{"collider_path":"/root/MeadowsPlayground/Terrain","collider_rid":"RID(66898410602499)","collider_shape":41,"depth":0.0000656305346637964,"local_shape":0,"normal":[0.353315800428391,0.926852345466614,-0.126935988664627],"point":[37.0535125732422,-1.92544031143188,-19.345588684082]}],"live_recovery_travel":[0.000034332275390625,0.000092625617980957,-0.0000133514404296875],"live_state_phase":"post","mask":1,"on_ceiling":false,"on_floor":true,"on_wall":false,"physics_frame":3869,"plans":1,"player":[37.1951370239258,-1.95392620563507,-19.3964691162109],"progress_m":0.10516445490066,"provisional_choice":0,"provisional_steering":{"acceptance":false,"heading":[-1.0,0.0,0.0000169286176969763],"prediction_motion":[-1.02380955219269,0.0,0.0000173316802829504],"retry_choice":0,"source":"prospective_step","wall_normal":[0.0,0.0,0.0]},"queries":3,"recoveries":0,"refusal":"","request":[27.0,0.849999964237213,7.59999990463257],"requests":4,"safe_margin":0.00100000004749745,"slide_contacts":[{"collider_path":"/root/MeadowsPlayground/Terrain","collider_rid":"RID(66898410602499)","collider_shape":41,"normal":[0.353315800428391,0.926852345466614,-0.126935988664627],"point":[37.096248626709,-1.94173407554626,-19.3456058502197],"slide":0,"swept_depth":0.00108209054451436},{"collider_path":"/root/MeadowsPlayground/Terrain","collider_rid":"RID(66898410602499)","collider_shape":41,"normal":[0.353315800428391,0.926852345466614,-0.126935988664627],"point":[37.0535125732422,-1.9254401922226,-19.345588684082],"slide":1,"swept_depth":0.000165416626259685}],"slide_contacts_are_capped_prefix":true,"slide_count":2,"slide_motion":[-0.0433845520019531,0.0165129899978638,-0.000112533569335938],"slide_point_counts":[1,1],"snap":0.400000005960464,"stall_frames":0,"swept_depth":0.00108209054451436,"timing":{"between_callbacks":"controller and other nodes; excluded; not controller-only","between_callbacks_us":4535,"callback_cap_us":10000,"input_flush_us":24,"live_post_us":60,"live_pre_us":63,"movement_progress_us":4,"post_contract_us":17,"post_us":116,"pre_us":282,"provisional_steering_us":133,"serialization_and_print":"deferred; excluded; snapshot included","slide_validation_us":4,"snapshot_us":30,"stage":"post"},"total_queries":12,"wall_frames":0}
OPENING_PRODUCTION_LOG_COST {"cost_line_print_measured":false,"observation_print_us":33,"outside_physics_cap":true,"requests":4,"serialization_us":72}
OPENING_PRODUCTION_OBSERVATION {"acceptance":false,"actual_delta":[-0.0543098449707031,0.020699143409729,-0.000104904174804688],"authored_road_hint":"","callback_own_us":413,"ceiling_frames":0,"checked_start":true,"controller_observation_available":true,"controller_wanted_dir":[-1.0,0.0,0.0000235140323638916],"delivered_input":[0.899455726146698,0.437011867761612],"diagnostic_output_outside_physics_cap":true,"floor_angle":0.785399973392487,"frame":5,"live_contacts":[{"collider_path":"/root/MeadowsPlayground/Terrain","collider_rid":"RID(66898410602499)","collider_shape":41,"depth":0.0000639709760434926,"local_shape":0,"normal":[0.353315800428391,0.926852345466614,-0.126935988664627],"point":[36.9991989135742,-1.90475058555603,-19.3456935882568]}],"live_recovery_travel":[0.000030517578125,0.000084996223449707,-0.0000133514404296875],"live_state_phase":"post","mask":1,"on_ceiling":false,"on_floor":true,"on_wall":false,"physics_frame":3870,"plans":1,"player":[37.1408271789551,-1.93322706222534,-19.3965740203857],"progress_m":0.163285230868496,"provisional_choice":0,"provisional_steering":{"acceptance":false,"heading":[-1.0,0.0,0.0000235158295254223],"prediction_motion":[-1.02380955219269,0.0,0.0000240757308347384],"retry_choice":0,"source":"prospective_step","wall_normal":[0.0,0.0,0.0]},"queries":3,"recoveries":0,"refusal":"","request":[27.0,0.849999964237213,7.59999990463257],"requests":5,"safe_margin":0.00100000004749745,"slide_contacts":[{"collider_path":"/root/MeadowsPlayground/Terrain","collider_rid":"RID(66898410602499)","collider_shape":41,"normal":[0.353315800428391,0.926852345466614,-0.126935988664627],"point":[37.0527687072754,-1.925173163414,-19.3457107543945],"slide":0,"swept_depth":0.00102190126199275},{"collider_path":"/root/MeadowsPlayground/Terrain","collider_rid":"RID(66898410602499)","collider_shape":41,"normal":[0.353315800428391,0.926852345466614,-0.126935988664627],"point":[36.9991989135742,-1.90475070476532,-19.3456916809082],"slide":1,"swept_depth":0.0001548796572024}],"slide_contacts_are_capped_prefix":true,"slide_count":2,"slide_motion":[-0.0543098449707031,0.020699143409729,-0.000104904174804688],"slide_point_counts":[1,1],"snap":0.400000005960464,"stall_frames":1,"swept_depth":0.00102190126199275,"timing":{"between_callbacks":"controller and other nodes; excluded; not controller-only","between_callbacks_us":4340,"callback_cap_us":10000,"input_flush_us":31,"live_post_us":59,"live_pre_us":65,"movement_progress_us":4,"post_contract_us":17,"post_us":114,"pre_us":297,"provisional_steering_us":140,"serialization_and_print":"deferred; excluded; snapshot included","slide_validation_us":4,"snapshot_us":28,"stage":"post"},"total_queries":15,"wall_frames":0}
OPENING_PRODUCTION_LOG_COST {"cost_line_print_measured":false,"observation_print_us":30,"outside_physics_cap":true,"requests":5,"serialization_us":72}
OPENING_PRODUCTION_OBSERVATION {"acceptance":false,"actual_delta":[-0.0652046203613281,0.024832010269165,-0.0001068115234375],"authored_road_hint":"","callback_own_us":407,"ceiling_frames":0,"checked_start":true,"controller_observation_available":true,"controller_wanted_dir":[-1.0,0.0,0.0000297129154205322],"delivered_input":[0.899458467960358,0.437006294727325],"diagnostic_output_outside_physics_cap":true,"floor_angle":0.785399973392487,"frame":6,"live_contacts":[{"collider_path":"/root/MeadowsPlayground/Terrain","collider_rid":"RID(66898410602499)","collider_shape":41,"depth":0.000064744584960863,"local_shape":0,"normal":[0.353315800428391,0.926852345466614,-0.126935988664627],"point":[36.9339981079102,-1.87991094589233,-19.3458003997803]}],"live_recovery_travel":[0.000034332275390625,0.0000917911529541016,-0.0000133514404296875],"live_state_phase":"post","mask":1,"on_ceiling":false,"on_floor":true,"on_wall":false,"physics_frame":3871,"plans":1,"player":[37.0756225585938,-1.90839505195618,-19.3966808319092],"progress_m":0.233058316283859,"provisional_choice":0,"provisional_steering":{"acceptance":false,"heading":[-1.0,0.0,0.0000297104725177633],"prediction_motion":[-1.02380955219269,0.0,0.0000304178647638764],"retry_choice":0,"source":"prospective_step","wall_normal":[0.0,0.0,0.0]},"queries":3,"recoveries":0,"refusal":"","request":[27.0,0.849999964237213,7.59999990463257],"requests":6,"safe_margin":0.00100000004749745,"slide_contacts":[{"collider_path":"/root/MeadowsPlayground/Terrain","collider_rid":"RID(66898410602499)","collider_shape":41,"normal":[0.353315800428391,0.926852345466614,-0.126935988664627],"point":[36.9982643127441,-1.90441358089447,-19.3458251953125],"slide":0,"swept_depth":0.00109428795985878},{"collider_path":"/root/MeadowsPlayground/Terrain","collider_rid":"RID(66898410602499)","collider_shape":41,"normal":[0.353315800428391,0.926852345466614,-0.126935988664627],"point":[36.9339981079102,-1.87991082668304,-19.3458003997803],"slide":1,"swept_depth":0.000163755597895943}],"slide_contacts_are_capped_prefix":true,"slide_count":2,"slide_motion":[-0.0652046203613281,0.024832010269165,-0.0001068115234375],"slide_point_counts":[1,1],"snap":0.400000005960464,"stall_frames":0,"swept_depth":0.00109428795985878,"timing":{"between_callbacks":"controller and other nodes; excluded; not controller-only","between_callbacks_us":4148,"callback_cap_us":10000,"input_flush_us":30,"live_post_us":59,"live_pre_us":78,"movement_progress_us":4,"post_contract_us":17,"post_us":113,"pre_us":292,"provisional_steering_us":124,"serialization_and_print":"deferred; excluded; snapshot included","slide_validation_us":4,"snapshot_us":28,"stage":"post"},"total_queries":18,"wall_frames":0}
OPENING_PRODUCTION_LOG_COST {"cost_line_print_measured":false,"observation_print_us":23,"outside_physics_cap":true,"requests":6,"serialization_us":71}
OPENING_PRODUCTION_OBSERVATION {"acceptance":false,"actual_delta":[-0.076141357421875,0.0290250778198242,-0.000095367431640625],"authored_road_hint":"","callback_own_us":400,"ceiling_frames":0,"checked_start":true,"controller_observation_available":true,"controller_wanted_dir":[-1.0,0.0,0.000036090612411499],"delivered_input":[0.899461269378662,0.437000572681427],"diagnostic_output_outside_physics_cap":true,"floor_angle":0.785399973392487,"frame":7,"live_contacts":[{"collider_path":"/root/MeadowsPlayground/Terrain","collider_rid":"RID(66898410602499)","collider_shape":41,"depth":0.0000639709760434926,"local_shape":0,"normal":[0.353315800428391,0.926852345466614,-0.126935988664627],"point":[36.857852935791,-1.85089671611786,-19.3458938598633]}],"live_recovery_travel":[0.000030517578125,0.0000817775726318359,-0.000011444091796875],"live_state_phase":"post","mask":1,"on_ceiling":false,"on_floor":true,"on_wall":false,"physics_frame":3872,"plans":1,"player":[36.9994812011719,-1.87936997413635,-19.3967761993408],"progress_m":0.314544332795776,"provisional_choice":0,"provisional_steering":{"acceptance":false,"heading":[-1.0,0.0,0.0000360791309503838],"prediction_motion":[-1.02380955219269,0.0,0.0000369381596101448],"retry_choice":0,"source":"prospective_step","wall_normal":[0.0,0.0,0.0]},"queries":3,"recoveries":0,"refusal":"","request":[27.0,0.849999964237213,7.59999990463257],"requests":7,"safe_margin":0.00100000004749745,"slide_contacts":[{"collider_path":"/root/MeadowsPlayground/Terrain","collider_rid":"RID(66898410602499)","collider_shape":41,"normal":[0.353315800428391,0.926852345466614,-0.126935988664627],"point":[36.9331398010254,-1.87959790229797,-19.3459091186523],"slide":0,"swept_depth":0.000911244424059987},{"collider_path":"/root/MeadowsPlayground/Terrain","collider_rid":"RID(66898410602499)","collider_shape":41,"normal":[0.353315800428391,0.926852345466614,-0.126935988664627],"point":[36.857852935791,-1.85089719295502,-19.3458938598633],"slide":1,"swept_depth":0.000151557396748103}],"slide_contacts_are_capped_prefix":true,"slide_count":2,"slide_motion":[-0.0761413648724556,0.0290250778198242,-0.000095367431640625],"slide_point_counts":[1,1],"snap":0.400000005960464,"stall_frames":1,"swept_depth":0.000911244424059987,"timing":{"between_callbacks":"controller and other nodes; excluded; not controller-only","between_callbacks_us":4069,"callback_cap_us":10000,"input_flush_us":31,"live_post_us":57,"live_pre_us":59,"movement_progress_us":4,"post_contract_us":17,"post_us":111,"pre_us":286,"provisional_steering_us":139,"serialization_and_print":"deferred; excluded; snapshot included","slide_validation_us":4,"snapshot_us":28,"stage":"post"},"total_queries":21,"wall_frames":0}
OPENING_PRODUCTION_LOG_COST {"cost_line_print_measured":false,"observation_print_us":29,"outside_physics_cap":true,"requests":7,"serialization_us":71}
OPENING_PRODUCTION_OBSERVATION {"acceptance":false,"actual_delta":[-0.0870132446289062,0.0331351757049561,-0.000110626220703125],"authored_road_hint":"","callback_own_us":397,"ceiling_frames":0,"checked_start":true,"controller_observation_available":true,"controller_wanted_dir":[-1.0,0.0,0.0000418424606323242],"delivered_input":[0.899463772773743,0.436995387077332],"diagnostic_output_outside_physics_cap":true,"floor_angle":0.785399973392487,"frame":8,"live_contacts":[{"collider_path":"/root/MeadowsPlayground/Terrain","collider_rid":"RID(66898410602499)","collider_shape":41,"depth":0.0000639709760434926,"local_shape":0,"normal":[0.353315800428391,0.926852345466614,-0.126935988664627],"point":[36.7708473205566,-1.81774604320526,-19.3460063934326]}],"live_recovery_travel":[0.00003814697265625,0.0000972747802734375,-0.0000133514404296875],"live_state_phase":"post","mask":1,"on_ceiling":false,"on_floor":true,"on_wall":false,"physics_frame":3873,"plans":1,"player":[36.912467956543,-1.8462347984314,-19.3968868255615],"progress_m":0.407653173082508,"provisional_choice":0,"provisional_steering":{"acceptance":false,"heading":[-1.0,0.0,0.0000418507515860256],"prediction_motion":[-1.02380955219269,0.0,0.0000428471976192668],"retry_choice":0,"source":"prospective_step","wall_normal":[0.0,0.0,0.0]},"queries":3,"recoveries":0,"refusal":"","request":[27.0,0.849999964237213,7.59999990463257],"requests":8,"safe_margin":0.00100000004749745,"slide_contacts":[{"collider_path":"/root/MeadowsPlayground/Terrain","collider_rid":"RID(66898410602499)","collider_shape":41,"normal":[0.353315800428391,0.926852345466614,-0.126935988664627],"point":[36.856746673584,-1.85049390792847,-19.3460216522217],"slide":0,"swept_depth":0.00106025929562747},{"collider_path":"/root/MeadowsPlayground/Terrain","collider_rid":"RID(66898410602499)","collider_shape":41,"normal":[0.353315800428391,0.926852345466614,-0.126935988664627],"point":[36.7708473205566,-1.81774616241455,-19.3460063934326],"slide":1,"swept_depth":0.000169195904163644}],"slide_contacts_are_capped_prefix":true,"slide_count":2,"slide_motion":[-0.0870132446289062,0.0331351757049561,-0.000110626220703125],"slide_point_counts":[1,1],"snap":0.400000005960464,"stall_frames":0,"swept_depth":0.00106025929562747,"timing":{"between_callbacks":"controller and other nodes; excluded; not controller-only","between_callbacks_us":4080,"callback_cap_us":10000,"input_flush_us":30,"live_post_us":60,"live_pre_us":65,"movement_progress_us":4,"post_contract_us":17,"post_us":114,"pre_us":280,"provisional_steering_us":125,"serialization_and_print":"deferred; excluded; snapshot included","slide_validation_us":3,"snapshot_us":28,"stage":"post"},"total_queries":24,"wall_frames":0}
OPENING_PRODUCTION_LOG_COST {"cost_line_print_measured":false,"observation_print_us":30,"outside_physics_cap":true,"requests":8,"serialization_us":70}
ROUTE LEDGER {"a7_longest_so_far_s":5.2,"beats":34,"items":{"berries":5,"home_key":1,"orb_basic":48,"potion_small":3,"revive":10},"kind":"ledger","party":[{"hp":111.9,"level":3,"species":"terrapup","xp":0},{"hp":26.2,"level":2,"species":"bramblebun","xp":0}],"path_m":149.2,"stage":"road_gate","t":64.6}
OPENING_PRODUCTION_OBSERVATION {"acceptance":false,"actual_delta":[-0.143316268920898,0.00147336721420288,0.0000743865966796875],"authored_road_hint":"","callback_own_us":400,"ceiling_frames":0,"checked_start":true,"controller_observation_available":true,"controller_wanted_dir":[-0.999999821186066,0.0,0.000588864088058472],"delivered_input":[0.899702668190002,0.436503291130066],"diagnostic_output_outside_physics_cap":true,"floor_angle":0.785399973392487,"frame":90,"live_contacts":[{"collider_path":"/root/MeadowsPlayground/Terrain","collider_rid":"RID(66898410602499)","collider_shape":41,"depth":0.0000679492950439453,"local_shape":0,"normal":[0.0105274869129062,0.999889135360718,-0.0105274869129062],"point":[25.6535148620605,0.888958632946014,-19.3951835632324]}],"live_recovery_travel":[0.0,0.00012052059173584,0.0],"live_state_phase":"post","mask":1,"on_ceiling":false,"on_floor":true,"on_wall":false,"physics_frame":3955,"plans":1,"player":[25.6577377319336,0.889725685119629,-19.3994064331055],"progress_m":12.0634105034405,"provisional_choice":0,"provisional_steering":{"acceptance":false,"heading":[-0.999999821186066,0.0,0.000588868977501988],"prediction_motion":[-1.02380931377411,0.0,0.000602889689616859],"retry_choice":0,"source":"prospective_step","wall_normal":[0.0,0.0,0.0]},"queries":3,"recoveries":0,"refusal":"","request":[27.0,0.849999964237213,7.59999990463257],"requests":90,"safe_margin":0.00100000004749745,"slide_contacts":[{"collider_path":"/root/MeadowsPlayground/Terrain","collider_rid":"RID(66898410602499)","collider_shape":41,"normal":[0.0105274869129062,0.999889135360718,-0.0105274869129062],"point":[25.792085647583,0.887498795986176,-19.3952693939209],"slide":0,"swept_depth":0.00122013397049159},{"collider_path":"/root/MeadowsPlayground/Terrain","collider_rid":"RID(66898410602499)","collider_shape":41,"normal":[0.0105274869129062,0.999889135360718,-0.0105274869129062],"point":[25.6535167694092,0.888958752155304,-19.3951854705811],"slide":1,"swept_depth":0.000188608391908929}],"slide_contacts_are_capped_prefix":true,"slide_count":2,"slide_motion":[-0.14331628382206,0.00147336721420288,0.0000743866039556451],"slide_point_counts":[1,1],"snap":0.400000005960464,"stall_frames":0,"swept_depth":0.00122013397049159,"timing":{"between_callbacks":"controller and other nodes; excluded; not controller-only","between_callbacks_us":4414,"callback_cap_us":10000,"input_flush_us":28,"live_post_us":54,"live_pre_us":51,"movement_progress_us":4,"post_contract_us":17,"post_us":121,"pre_us":274,"provisional_steering_us":124,"serialization_and_print":"deferred; excluded; snapshot included","slide_validation_us":5,"snapshot_us":40,"stage":"post"},"total_queries":270,"wall_frames":0}
OPENING_PRODUCTION_LOG_COST {"cost_line_print_measured":false,"observation_print_us":60,"outside_physics_cap":true,"requests":90,"serialization_us":75}
OPENING_PRODUCTION_OBSERVATION {"acceptance":false,"actual_delta":[-0.013519287109375,0.000000834465026855469,0.142694473266602],"authored_road_hint":"","callback_own_us":355,"ceiling_frames":0,"checked_start":true,"controller_observation_available":true,"controller_wanted_dir":[-0.09431491792202,0.0,0.995542466640472],"delivered_input":[0.519915997982025,-0.854217290878296],"diagnostic_output_outside_physics_cap":true,"floor_angle":0.785399973392487,"frame":180,"live_contacts":[{"collider_path":"/root/MeadowsPlayground/Terrain","collider_rid":"RID(66898410602499)","collider_shape":41,"depth":0.0000656247138977051,"local_shape":0,"normal":[0.0,1.0,0.0],"point":[20.271821975708,0.899999976158142,-14.8692293167114]}],"live_recovery_travel":[0.0,0.000104546546936035,0.0],"live_state_phase":"post","mask":1,"on_ceiling":false,"on_floor":true,"on_wall":false,"physics_frame":4045,"plans":1,"player":[20.271821975708,0.900829792022705,-14.8692293167114],"progress_m":23.4680953972274,"provisional_choice":0,"provisional_steering":{"acceptance":false,"heading":[-0.0943149104714394,0.0,0.995542347431183],"prediction_motion":[-0.0965605080127716,0.0,1.01924574375153],"retry_choice":0,"source":"prospective_step","wall_normal":[0.0,0.0,0.0]},"queries":3,"recoveries":0,"refusal":"","request":[27.0,0.849999964237213,7.59999990463257],"requests":180,"safe_margin":0.00100000004749745,"slide_contacts":[{"collider_path":"/root/MeadowsPlayground/Terrain","collider_rid":"RID(66898410602499)","collider_shape":41,"normal":[0.0,1.0,0.0],"point":[20.2849311828613,0.899999976158142,-15.0076036453247],"slide":0,"swept_depth":0.00107485055923462},{"collider_path":"/root/MeadowsPlayground/Terrain","collider_rid":"RID(66898410602499)","collider_shape":41,"normal":[0.0,1.0,0.0],"point":[20.271821975708,0.899999976158142,-14.8692293167114],"slide":1,"swept_depth":0.00017017126083374}],"slide_contacts_are_capped_prefix":true,"slide_count":2,"slide_motion":[-0.013519287109375,0.000000834465026855469,0.142694473266602],"slide_point_counts":[1,1],"snap":0.400000005960464,"stall_frames":0,"swept_depth":0.00107485055923462,"timing":{"between_callbacks":"controller and other nodes; excluded; not controller-only","between_callbacks_us":5375,"callback_cap_us":10000,"input_flush_us":31,"live_post_us":64,"live_pre_us":60,"movement_progress_us":5,"post_contract_us":19,"post_us":136,"pre_us":214,"provisional_steering_us":60,"serialization_and_print":"deferred; excluded; snapshot included","slide_validation_us":4,"snapshot_us":43,"stage":"post"},"total_queries":540,"wall_frames":0}
OPENING_PRODUCTION_LOG_COST {"cost_line_print_measured":false,"observation_print_us":47,"outside_physics_cap":true,"requests":180,"serialization_us":85}
OPENING_PRODUCTION_OBSERVATION {"acceptance":false,"actual_delta":[-0.0000514984130859375,0.00000578165054321289,0.0833249092102051],"authored_road_hint":"","callback_own_us":419,"ceiling_frames":0,"checked_start":true,"controller_observation_available":true,"controller_wanted_dir":[-0.000762015581130981,0.0,0.999999761581421],"delivered_input":[0.43771830201149,-0.899112224578857],"diagnostic_output_outside_physics_cap":true,"floor_angle":0.785399973392487,"frame":270,"live_contacts":[{"collider_path":"/root/MeadowsPlayground/Terrain","collider_rid":"RID(66898410602499)","collider_shape":41,"depth":0.0000589489936828613,"local_shape":0,"normal":[0.0,1.0,0.0],"point":[20.0093364715576,0.899999976158142,-5.93650531768799]}],"live_recovery_travel":[0.0,0.0000321269035339355,0.0],"live_state_phase":"post","mask":1,"on_ceiling":false,"on_floor":true,"on_wall":false,"physics_frame":4135,"plans":1,"player":[20.0093364715576,0.900908946990967,-5.93650531768799],"progress_m":32.4129718594486,"provisional_choice":0,"provisional_steering":{"acceptance":false,"heading":[-0.000762020819820464,0.0,0.999999701976776],"prediction_motion":[-0.000780164205934852,0.0,1.02380919456482],"retry_choice":0,"source":"prospective_step","wall_normal":[0.0,0.0,0.0]},"queries":3,"recoveries":0,"refusal":"","request":[27.0,0.849999964237213,7.59999990463257],"requests":270,"safe_margin":0.00100000004749745,"slide_contacts":[{"collider_path":"/root/MeadowsPlayground/Terrain","collider_rid":"RID(66898410602499)","collider_shape":41,"normal":[0.0,1.0,0.0],"point":[20.0093860626221,0.899999976158142,-6.01755142211914],"slide":0,"swept_depth":0.000967562198638916},{"collider_path":"/root/MeadowsPlayground/Terrain","collider_rid":"RID(66898410602499)","collider_shape":41,"normal":[0.023447273299098,0.999725103378296,0.0],"point":[20.0000038146973,0.899999976158142,-6.01755142211914],"slide":0,"swept_depth":0.000967562198638916},{"collider_path":"/root/MeadowsPlayground/Terrain","collider_rid":"RID(66898410602499)","collider_shape":41,"normal":[0.0234247390180826,0.998764336109161,-0.0438303090631962],"point":[20.0000038146973,0.899999976158142,-5.99999618530273],"slide":0,"swept_depth":0.000967562198638916},{"collider_path":"/root/MeadowsPlayground/Terrain","collider_rid":"RID(66898410602499)","collider_shape":41,"normal":[0.0,1.0,0.0],"point":[20.0093364715576,0.899999976158142,-5.93650531768799],"slide":1,"swept_depth":0.0000910162925720215}],"slide_contacts_are_capped_prefix":true,"slide_count":2,"slide_motion":[-0.0000514984130859375,0.00000578165054321289,0.0833249092102051],"slide_point_counts":[3,1],"snap":0.400000005960464,"stall_frames":0,"swept_depth":0.000967562198638916,"timing":{"between_callbacks":"controller and other nodes; excluded; not controller-only","between_callbacks_us":4149,"callback_cap_us":10000,"input_flush_us":35,"live_post_us":72,"live_pre_us":79,"movement_progress_us":4,"post_contract_us":17,"post_us":148,"pre_us":267,"provisional_steering_us":79,"serialization_and_print":"deferred; excluded; snapshot included","slide_validation_us":5,"snapshot_us":47,"stage":"post"},"total_queries":810,"wall_frames":0}
OPENING_PRODUCTION_LOG_COST {"cost_line_print_measured":false,"observation_print_us":64,"outside_physics_cap":true,"requests":270,"serialization_us":91}
OPENING_PRODUCTION_OBSERVATION {"acceptance":false,"actual_delta":[-0.0000667572021484375,0.000000298023223876953,0.0833333730697632],"authored_road_hint":"","callback_own_us":400,"ceiling_frames":0,"checked_start":true,"controller_observation_available":true,"controller_wanted_dir":[-0.000840127468109131,0.0,0.999999642372131],"delivered_input":[0.437788486480713,-0.899077951908112],"diagnostic_output_outside_physics_cap":true,"floor_angle":0.785399973392487,"frame":360,"live_contacts":[{"collider_path":"/root/MeadowsPlayground/Terrain","collider_rid":"RID(66898410602499)","collider_shape":33,"depth":0.0000577569007873535,"local_shape":0,"normal":[0.0,1.0,0.0],"point":[20.0039825439453,0.899999976158142,1.56347131729126]},{"collider_path":"/root/MeadowsPlayground/Terrain","collider_rid":"RID(66898410602499)","collider_shape":33,"depth":0.0000379085540771484,"local_shape":0,"normal":[0.0,1.0,0.0],"point":[19.9999961853027,0.899999976158142,1.56347131729126]}],"live_recovery_travel":[0.0,0.0000136494636535645,0.0],"live_state_phase":"post","mask":1,"on_ceiling":false,"on_floor":true,"on_wall":false,"physics_frame":4225,"plans":1,"player":[20.0039825439453,0.900928616523743,1.56347131729126],"progress_m":39.9129504390294,"provisional_choice":0,"provisional_steering":{"acceptance":false,"heading":[-0.000840127642732114,0.0,0.999999582767487],"prediction_motion":[-0.000860130705405027,0.0,1.02380907535553],"retry_choice":0,"source":"prospective_step","wall_normal":[0.0,0.0,0.0]},"queries":3,"recoveries":0,"refusal":"","request":[27.0,0.849999964237213,7.59999990463257],"requests":360,"safe_margin":0.00100000004749745,"slide_contacts":[{"collider_path":"/root/MeadowsPlayground/Terrain","collider_rid":"RID(66898410602499)","collider_shape":33,"normal":[0.0,1.0,0.0],"point":[20.0040473937988,0.899999976158142,1.48241662979126],"slide":0,"swept_depth":0.000969231128692627},{"collider_path":"/root/MeadowsPlayground/Terrain","collider_rid":"RID(66898410602499)","collider_shape":33,"normal":[0.0101267239078879,0.999948740005493,0.0],"point":[19.9999961853027,0.899999976158142,1.48241662979126],"slide":0,"swept_depth":0.000969231128692627},{"collider_path":"/root/MeadowsPlayground/Terrain","collider_rid":"RID(66898410602499)","collider_shape":33,"normal":[0.0,1.0,0.0],"point":[20.0039825439453,0.899999976158142,1.56347131729126],"slide":1,"swept_depth":0.0000713467597961426},{"collider_path":"/root/MeadowsPlayground/Terrain","collider_rid":"RID(66898410602499)","collider_shape":33,"normal":[0.0,1.0,0.0],"point":[19.9999961853027,0.899999976158142,1.56347131729126],"slide":1,"swept_depth":0.0000713467597961426}],"slide_contacts_are_capped_prefix":true,"slide_count":2,"slide_motion":[-0.0000667572021484375,0.000000298023195455244,0.0833333730697632],"slide_point_counts":[2,2],"snap":0.400000005960464,"stall_frames":0,"swept_depth":0.000969231128692627,"timing":{"between_callbacks":"controller and other nodes; excluded; not controller-only","between_callbacks_us":3418,"callback_cap_us":10000,"input_flush_us":39,"live_post_us":65,"live_pre_us":78,"movement_progress_us":5,"post_contract_us":18,"post_us":146,"pre_us":249,"provisional_steering_us":57,"serialization_and_print":"deferred; excluded; snapshot included","slide_validation_us":6,"snapshot_us":51,"stage":"post"},"total_queries":1080,"wall_frames":0}
OPENING_PRODUCTION_LOG_COST {"cost_line_print_measured":false,"observation_print_us":70,"outside_physics_cap":true,"requests":360,"serialization_us":121}
OPENING_PRODUCTION_OBSERVATION {"acceptance":false,"actual_delta":[0.0832996368408203,0.0000113248825073242,0.00248622894287109],"authored_road_hint":"","callback_own_us":310,"ceiling_frames":0,"checked_start":true,"controller_observation_available":true,"controller_wanted_dir":[0.999553561210632,0.0,0.0298802256584167],"delivered_input":[-0.885985255241394,-0.463713556528091],"diagnostic_output_outside_physics_cap":true,"floor_angle":0.785399973392487,"frame":450,"live_contacts":[{"collider_path":"/root/MeadowsPlayground/Terrain","collider_rid":"RID(66898410602499)","collider_shape":33,"depth":0.0000625252723693848,"local_shape":0,"normal":[0.0,1.0,0.0],"point":[22.6294193267822,0.899999976158142,6.51934385299683]}],"live_recovery_travel":[0.0,0.0000835061073303223,0.0],"live_state_phase":"post","mask":1,"on_ceiling":false,"on_floor":true,"on_wall":false,"physics_frame":4315,"plans":1,"player":[22.6294193267822,0.900853991508484,6.51934385299683],"progress_m":47.2683845475549,"provisional_choice":0,"provisional_steering":{"acceptance":false,"heading":[0.999553561210632,0.0,0.0298802442848682],"prediction_motion":[1.02335250377655,0.0,0.0305916797369719],"retry_choice":0,"source":"prospective_step","wall_normal":[0.0,0.0,0.0]},"queries":3,"recoveries":0,"refusal":"","request":[27.0,0.849999964237213,7.59999990463257],"requests":450,"safe_margin":0.00100000004749745,"slide_contacts":[{"collider_path":"/root/MeadowsPlayground/Terrain","collider_rid":"RID(66898410602499)","collider_shape":33,"normal":[0.0,1.0,0.0],"point":[22.548397064209,0.899999976158142,6.51692581176758],"slide":0,"swept_depth":0.000975430011749268},{"collider_path":"/root/MeadowsPlayground/Terrain","collider_rid":"RID(66898410602499)","collider_shape":33,"normal":[0.0392806716263294,0.998455822467804,-0.0392806716263294],"point":[22.5326595306396,0.899999976158142,6.5326623916626],"slide":0,"swept_depth":0.000975430011749268},{"collider_path":"/root/MeadowsPlayground/Terrain","collider_rid":"RID(66898410602499)","collider_shape":33,"normal":[0.0,1.0,0.0],"point":[22.6294193267822,0.899999976158142,6.51934385299683],"slide":1,"swept_depth":0.000145971775054932}],"slide_contacts_are_capped_prefix":true,"slide_count":2,"slide_motion":[0.0832996368408203,0.0000113248825073242,0.00248622871004045],"slide_point_counts":[2,1],"snap":0.400000005960464,"stall_frames":0,"swept_depth":0.000975430011749268,"timing":{"between_callbacks":"controller and other nodes; excluded; not controller-only","between_callbacks_us":2979,"callback_cap_us":10000,"input_flush_us":30,"live_post_us":56,"live_pre_us":48,"movement_progress_us":4,"post_contract_us":16,"post_us":125,"pre_us":181,"provisional_steering_us":49,"serialization_and_print":"deferred; excluded; snapshot included","slide_validation_us":5,"snapshot_us":42,"stage":"post"},"total_queries":1350,"wall_frames":0}
OPENING_PRODUCTION_LOG_COST {"cost_line_print_measured":false,"observation_print_us":62,"outside_physics_cap":true,"requests":450,"serialization_us":79}
MIRA ROAD RUN INPUT {"acceptance":false,"auto_run_after":false,"edges":[{"auto_run_before_dispatch":false,"pad_button":15,"physics_frame":3866,"player":[37.2927742004395,-1.99108278751373,-19.3960647583008],"pressed":true},{"auto_run_before_dispatch":true,"pad_button":15,"physics_frame":3869,"player":[37.2385215759277,-1.97043919563293,-19.3963565826416],"pressed":false},{"auto_run_before_dispatch":true,"pad_button":15,"physics_frame":4067,"player":[20.0130271911621,0.900912880897522,-11.8714714050293],"pressed":true},{"auto_run_before_dispatch":false,"pad_button":15,"physics_frame":4070,"player":[20.0127811431885,0.900882720947266,-11.4764719009399],"pressed":false}],"refused":false}
OPENING_PRODUCTION_OBSERVATION {"acceptance":false,"actual_delta":[-0.00535392761230469,-0.0000504255294799805,-0.0831611156463623],"authored_road_hint":"","callback_own_us":338,"ceiling_frames":0,"checked_start":true,"controller_observation_available":true,"controller_wanted_dir":[-0.0642515569925308,0.0,-0.997933685779572],"delivered_input":[-0.366457343101501,0.896596133708954],"diagnostic_output_outside_physics_cap":true,"floor_angle":0.785399973392487,"frame":540,"live_contacts":[{"collider_path":"/root/MeadowsPlayground/Village/cottage_a_3/Interior/@StaticBody3D@58941","collider_rid":"RID(359673446270310)","collider_shape":0,"depth":0.0000737309455871582,"local_shape":0,"normal":[0.0,1.0,0.0],"point":[27.0510196685791,0.919999957084656,3.59241414070129]}],"live_recovery_travel":[0.0,0.000159859657287598,0.0],"live_state_phase":"post","mask":1,"on_ceiling":false,"on_floor":true,"on_wall":false,"physics_frame":4418,"plans":2,"player":[27.0510196685791,0.920766294002533,3.59241414070129],"progress_m":54.5093579940731,"provisional_choice":0,"provisional_steering":{"acceptance":false,"heading":[-0.0642515942454338,0.0,-0.997933685779572],"prediction_motion":[-0.056373592466116,0.0,-0.875575304031372],"retry_choice":0,"source":"prospective_step","wall_normal":[0.0,0.0,0.0]},"queries":3,"recoveries":0,"refusal":"","request":[27.0,0.849999964237213,2.79999995231628],"requests":540,"safe_margin":0.00100000004749745,"slide_contacts":[{"collider_path":"/root/MeadowsPlayground/Village/cottage_a_3/Interior/@StaticBody3D@58941","collider_rid":"RID(359673446270310)","collider_shape":0,"normal":[0.0,1.0,0.0],"point":[27.0561332702637,0.919999957084656,3.67183947563171],"slide":0,"swept_depth":0.00156456232070923},{"collider_path":"/root/MeadowsPlayground/Village/cottage_a_3/Interior/@StaticBody3D@58941","collider_rid":"RID(359673446270310)","collider_shape":0,"normal":[0.0,1.0,0.0],"point":[27.0510196685791,0.919999957084656,3.59241414070129],"slide":1,"swept_depth":0.000233709812164307}],"slide_contacts_are_capped_prefix":true,"slide_count":2,"slide_motion":[-0.00535392761230469,-0.0000504255294799805,-0.0831611156463623],"slide_point_counts":[1,1],"snap":0.400000005960464,"stall_frames":0,"swept_depth":0.00156456232070923,"timing":{"between_callbacks":"controller and other nodes; excluded; not controller-only","between_callbacks_us":3428,"callback_cap_us":10000,"input_flush_us":28,"live_post_us":55,"live_pre_us":63,"movement_progress_us":4,"post_contract_us":16,"post_us":124,"pre_us":209,"provisional_steering_us":54,"serialization_and_print":"deferred; excluded; snapshot included","slide_validation_us":4,"snapshot_us":43,"stage":"post"},"total_queries":1620,"wall_frames":0}
OPENING_PRODUCTION_LOG_COST {"cost_line_print_measured":false,"observation_print_us":44,"outside_physics_cap":true,"requests":540,"serialization_us":71}
F17 SHOP INPUT PRE_EDGE {"binding":"Joypad Button 0 (Bottom Action, Sony Cross, Xbox A, Nintendo B)","binding_device":0,"interact_held":false,"inventory_guard_blocked":false,"menu_confirm_held":false,"pressed_connections":1,"purchase":1,"same_panel_inventory":true,"same_player_inventory":true,"scope":"read-only live input, focus, identity and guard observation; no bypass","target_focused":true,"ui_accept_held":false}
F17 SHOP INPUT OBSERVATION {"button_down":1,"button_up":1,"coin_after":112,"coin_before":140,"menu_confirm_released":true,"message":"Bought Small Potion.","party_unchanged":true,"paused":true,"potions_after":4,"potions_before":3,"pressed":1,"purchase":1,"scope":"read-only GUI event and actual paid-state observation"}
GATE A NPC/GATHER +11.13s — paid Mira care purchase 1: potion_small +1, coin -28, purse 112
F17 SHOP INPUT PRE_EDGE {"binding":"Joypad Button 0 (Bottom Action, Sony Cross, Xbox A, Nintendo B)","binding_device":0,"interact_held":false,"inventory_guard_blocked":false,"menu_confirm_held":false,"pressed_connections":1,"purchase":2,"same_panel_inventory":true,"same_player_inventory":true,"scope":"read-only live input, focus, identity and guard observation; no bypass","target_focused":true,"ui_accept_held":false}
F17 SHOP INPUT OBSERVATION {"button_down":1,"button_up":1,"coin_after":84,"coin_before":112,"menu_confirm_released":true,"message":"Bought Small Potion.","party_unchanged":true,"paused":true,"potions_after":5,"potions_before":4,"pressed":1,"purchase":2,"scope":"read-only GUI event and actual paid-state observation"}
GATE A NPC/GATHER +11.27s — paid Mira care purchase 2: potion_small +1, coin -28, purse 84
F17 SHOP INPUT PRE_EDGE {"binding":"Joypad Button 0 (Bottom Action, Sony Cross, Xbox A, Nintendo B)","binding_device":0,"interact_held":false,"inventory_guard_blocked":false,"menu_confirm_held":false,"pressed_connections":1,"purchase":3,"same_panel_inventory":true,"same_player_inventory":true,"scope":"read-only live input, focus, identity and guard observation; no bypass","target_focused":true,"ui_accept_held":false}
F17 SHOP INPUT OBSERVATION {"button_down":1,"button_up":1,"coin_after":56,"coin_before":84,"menu_confirm_released":true,"message":"Bought Small Potion.","party_unchanged":true,"paused":true,"potions_after":6,"potions_before":5,"pressed":1,"purchase":3,"scope":"read-only GUI event and actual paid-state observation"}
GATE A NPC/GATHER +11.40s — paid Mira care purchase 3: potion_small +1, coin -28, purse 56
F17 SHOP INPUT PRE_EDGE {"binding":"Joypad Button 0 (Bottom Action, Sony Cross, Xbox A, Nintendo B)","binding_device":0,"interact_held":false,"inventory_guard_blocked":false,"menu_confirm_held":false,"pressed_connections":1,"purchase":4,"same_panel_inventory":true,"same_player_inventory":true,"scope":"read-only live input, focus, identity and guard observation; no bypass","target_focused":true,"ui_accept_held":false}
F17 SHOP INPUT OBSERVATION {"button_down":1,"button_up":1,"coin_after":28,"coin_before":56,"menu_confirm_released":true,"message":"Bought Small Potion.","party_unchanged":true,"paused":true,"potions_after":7,"potions_before":6,"pressed":1,"purchase":4,"scope":"read-only GUI event and actual paid-state observation"}
GATE A NPC/GATHER +11.67s — paid Mira care purchase 4: potion_small +1, coin -28, purse 28
F17 SHOP INPUT PRE_EDGE {"binding":"Joypad Button 0 (Bottom Action, Sony Cross, Xbox A, Nintendo B)","binding_device":0,"interact_held":false,"inventory_guard_blocked":false,"menu_confirm_held":false,"pressed_connections":1,"purchase":5,"same_panel_inventory":true,"same_player_inventory":true,"scope":"read-only live input, focus, identity and guard observation; no bypass","target_focused":true,"ui_accept_held":false}
F17 SHOP INPUT OBSERVATION {"button_down":1,"button_up":1,"coin_after":0,"coin_before":28,"menu_confirm_released":true,"message":"Bought Small Potion.","party_unchanged":true,"paused":true,"potions_after":8,"potions_before":7,"pressed":1,"purchase":5,"scope":"read-only GUI event and actual paid-state observation"}
GATE A NPC/GATHER +11.79s — paid Mira care purchase 5: potion_small +1, coin -28, purse 0
GATE A NPC/GATHER +12.84s — Mira cycle 1 exited and movement resumed
OPENING_PRODUCTION_OBSERVATION {"acceptance":false,"actual_delta":[0.00140762329101562,0.0000379681587219238,0.0833215713500977],"authored_road_hint":"","callback_own_us":329,"ceiling_frames":0,"checked_start":true,"controller_observation_available":true,"controller_wanted_dir":[0.0168911535292864,0.0,0.999857366085052],"delivered_input":[0.421777993440628,-0.906699120998383],"diagnostic_output_outside_physics_cap":true,"floor_angle":0.785399973392487,"frame":630,"live_contacts":[{"collider_path":"/root/MeadowsPlayground/Village/cottage_a_3/Interior/@StaticBody3D@58941","collider_rid":"RID(359673446270310)","collider_shape":0,"depth":0.0000656247138977051,"local_shape":0,"normal":[0.0,1.0,0.0],"point":[26.9724369049072,0.919999957084656,3.3684229850769]}],"live_recovery_travel":[0.0,0.000105142593383789,0.0],"live_state_phase":"post","mask":1,"on_ceiling":false,"on_floor":true,"on_wall":false,"physics_frame":4625,"plans":17,"player":[26.9724369049072,0.920829117298126,3.3684229850769],"progress_m":59.9337396683404,"provisional_choice":0,"provisional_steering":{"acceptance":false,"heading":[0.0168911349028349,0.0,0.999857306480408],"prediction_motion":[0.0172933060675859,0.0,1.0236634016037],"retry_choice":0,"source":"prospective_step","wall_normal":[0.0,0.0,0.0]},"queries":3,"recoveries":0,"refusal":"","request":[27.0,0.849999964237213,5.0],"requests":630,"safe_margin":0.00100000004749745,"slide_contacts":[{"collider_path":"/root/MeadowsPlayground/Village/cottage_a_3/Interior/@StaticBody3D@58941","collider_rid":"RID(359673446270310)","collider_shape":0,"normal":[0.0,1.0,0.0],"point":[26.9710712432861,0.919999957084656,3.2876238822937],"slide":0,"swept_depth":0.0010797381401062},{"collider_path":"/root/MeadowsPlayground/Village/cottage_a_3/Interior/@StaticBody3D@58941","collider_rid":"RID(359673446270310)","collider_shape":0,"normal":[0.0,1.0,0.0],"point":[26.9724369049072,0.919999957084656,3.3684229850769],"slide":1,"swept_depth":0.000170767307281494}],"slide_contacts_are_capped_prefix":true,"slide_count":2,"slide_motion":[0.00140762329101562,0.000037968155083945,0.0833215713500977],"slide_point_counts":[1,1],"snap":0.400000005960464,"stall_frames":0,"swept_depth":0.0010797381401062,"timing":{"between_callbacks":"controller and other nodes; excluded; not controller-only","between_callbacks_us":3118,"callback_cap_us":10000,"input_flush_us":30,"live_post_us":60,"live_pre_us":56,"movement_progress_us":4,"post_contract_us":16,"post_us":126,"pre_us":198,"provisional_steering_us":54,"serialization_and_print":"deferred; excluded; snapshot included","slide_validation_us":5,"snapshot_us":40,"stage":"post"},"total_queries":1879,"wall_frames":0}
OPENING_PRODUCTION_LOG_COST {"cost_line_print_measured":false,"observation_print_us":47,"outside_physics_cap":true,"requests":630,"serialization_us":72}
GATE A NPC/GATHER +14.44s — Mira handed over axe, pickaxe and the Basic Orb pattern through dialogue
OPENING_PRODUCTION_OBSERVATION {"acceptance":false,"actual_delta":[-0.0067138671875,0.0,0.0830621719360352],"authored_road_hint":"","callback_own_us":378,"ceiling_frames":0,"checked_start":true,"controller_observation_available":true,"controller_wanted_dir":[-0.0805613473057747,0.0,0.996749699115753],"delivered_input":[0.508073031902313,-0.861313939094543],"diagnostic_output_outside_physics_cap":true,"floor_angle":0.785399973392487,"frame":720,"live_contacts":[{"collider_path":"/root/MeadowsPlayground/Terrain","collider_rid":"RID(66898410602499)","collider_shape":33,"depth":0.0000639557838439941,"local_shape":0,"normal":[0.0,1.0,0.0],"point":[26.6969909667969,0.899999976158142,11.3764333724976]}],"live_recovery_travel":[0.0,0.0000934004783630371,0.0],"live_state_phase":"post","mask":1,"on_ceiling":false,"on_floor":true,"on_wall":false,"physics_frame":4725,"plans":19,"player":[26.6969909667969,0.900842666625977,11.3764333724976],"progress_m":67.3293506304035,"provisional_choice":0,"provisional_steering":{"acceptance":false,"heading":[-0.0805613249540329,0.0,0.996749639511108],"prediction_motion":[-0.0824794545769691,0.0,1.02048182487488],"retry_choice":0,"source":"prospective_step","wall_normal":[0.0,0.0,0.0]},"queries":3,"recoveries":0,"refusal":"","request":[26.0,1.93799996376038,20.0],"requests":720,"safe_margin":0.00100000004749745,"slide_contacts":[{"collider_path":"/root/MeadowsPlayground/Terrain","collider_rid":"RID(66898410602499)","collider_shape":33,"normal":[0.0,1.0,0.0],"point":[26.7035217285156,0.899999976158142,11.2956428527832],"slide":0,"swept_depth":0.000975430011749268},{"collider_path":"/root/MeadowsPlayground/Terrain","collider_rid":"RID(66898410602499)","collider_shape":33,"normal":[0.0,1.0,0.0],"point":[26.6969909667969,0.899999976158142,11.3764333724976],"slide":1,"swept_depth":0.000157296657562256}],"slide_contacts_are_capped_prefix":true,"slide_count":2,"slide_motion":[-0.0067138671875,0.0,0.0830621719360352],"slide_point_counts":[1,1],"snap":0.400000005960464,"stall_frames":0,"swept_depth":0.000975430011749268,"timing":{"between_callbacks":"controller and other nodes; excluded; not controller-only","between_callbacks_us":3816,"callback_cap_us":10000,"input_flush_us":41,"live_post_us":60,"live_pre_us":65,"movement_progress_us":4,"post_contract_us":17,"post_us":134,"pre_us":238,"provisional_steering_us":65,"serialization_and_print":"deferred; excluded; snapshot included","slide_validation_us":6,"snapshot_us":45,"stage":"post"},"total_queries":2148,"wall_frames":0}
OPENING_PRODUCTION_LOG_COST {"cost_line_print_measured":false,"observation_print_us":65,"outside_physics_cap":true,"requests":720,"serialization_us":81}
GATE A NPC/GATHER +17.66s — Tam cycle 1 exited and movement resumed
GATE A NPC/GATHER +17.66s — Tam handed over knife, torch and build hammer through dialogue
OPENING_PRODUCTION_OBSERVATION {"acceptance":false,"actual_delta":[0.0203952789306641,0.000000417232513427734,0.0419731140136719],"authored_road_hint":"","callback_own_us":378,"ceiling_frames":0,"checked_start":true,"controller_observation_available":true,"controller_wanted_dir":[0.437033027410507,0.0,0.899445474147797],"delivered_input":[0.0,-1.0],"diagnostic_output_outside_physics_cap":true,"floor_angle":0.785399973392487,"frame":810,"live_contacts":[{"collider_path":"/root/MeadowsPlayground/Village/doorstep_22/Collision","collider_rid":"RID(369105194452400)","collider_shape":0,"depth":0.0000638961791992188,"local_shape":0,"normal":[0.0,1.0,0.0],"point":[27.0532608032227,0.949999988079071,18.6940326690674]}],"live_recovery_travel":[0.0,0.0000934004783630371,0.0],"live_state_phase":"post","mask":1,"on_ceiling":false,"on_floor":true,"on_wall":false,"physics_frame":5030,"plans":19,"player":[27.0532608032227,0.950842678546906,18.6940326690674],"progress_m":74.282805714407,"provisional_choice":0,"provisional_steering":{"acceptance":false,"heading":[0.437033027410507,0.0,0.899445474147797],"prediction_motion":[0.447438597679138,0.0,0.920860886573792],"retry_choice":0,"source":"prospective_step","wall_normal":[0.0,0.0,0.0]},"queries":3,"recoveries":0,"refusal":"","request":[0.437033027410507,0.0,0.899445474147797],"requests":810,"safe_margin":0.00100000004749745,"slide_contacts":[{"collider_path":"/root/MeadowsPlayground/Village/doorstep_22/Collision","collider_rid":"RID(369105194452400)","collider_shape":0,"normal":[0.0,1.0,0.0],"point":[27.0334224700928,0.949999988079071,18.6532077789307],"slide":0,"swept_depth":0.000975489616394043},{"collider_path":"/root/MeadowsPlayground/Village/doorstep_22/Collision","collider_rid":"RID(369105194452400)","collider_shape":0,"normal":[0.0,1.0,0.0],"point":[27.0532608032227,0.949999988079071,18.6940326690674],"slide":1,"swept_depth":0.00015723705291748}],"slide_contacts_are_capped_prefix":true,"slide_count":2,"slide_motion":[0.0203952789306641,0.000000417232513427734,0.0419731140136719],"slide_point_counts":[1,1],"snap":0.400000005960464,"stall_frames":0,"swept_depth":0.000975489616394043,"timing":{"between_callbacks":"controller and other nodes; excluded; not controller-only","between_callbacks_us":3260,"callback_cap_us":10000,"input_flush_us":40,"live_post_us":67,"live_pre_us":72,"movement_progress_us":5,"post_contract_us":19,"post_us":143,"pre_us":230,"provisional_steering_us":60,"serialization_and_print":"deferred; excluded; snapshot included","slide_validation_us":5,"snapshot_us":46,"stage":"post"},"total_queries":2414,"wall_frames":0}
OPENING_PRODUCTION_LOG_COST {"cost_line_print_measured":false,"observation_print_us":60,"outside_physics_cap":true,"requests":810,"serialization_us":80}
GATE A NPC/GATHER +20.91s — Satchel assigned four tools by focused controller input
OPENING_PRODUCTION_OBSERVATION {"acceptance":false,"actual_delta":[-0.0641460418701172,0.0000177621841430664,-0.0531826019287109],"authored_road_hint":"The Pond","callback_own_us":331,"ceiling_frames":0,"checked_start":true,"controller_observation_available":true,"controller_wanted_dir":[-0.769870698451996,0.0,-0.638199985027313],"delivered_input":[0.413542181253433,0.910484910011292],"diagnostic_output_outside_physics_cap":true,"floor_angle":0.785399973392487,"frame":900,"live_contacts":[{"collider_path":"/root/MeadowsPlayground/Terrain","collider_rid":"RID(66898410602499)","collider_shape":33,"depth":0.0000615715980529785,"local_shape":0,"normal":[0.0,1.0,0.0],"point":[23.955379486084,0.899999976158142,17.2788848876953]}],"live_recovery_travel":[0.0,0.0000779628753662109,0.0],"live_state_phase":"post","mask":1,"on_ceiling":false,"on_floor":true,"on_wall":false,"physics_frame":5120,"plans":20,"player":[23.955379486084,0.90086042881012,17.2788848876953],"progress_m":81.2175677024061,"provisional_choice":0,"provisional_steering":{"acceptance":false,"heading":[-0.769870698451996,0.0,-0.638199985027313],"prediction_motion":[-0.788200974464417,0.0,-0.653395235538483],"retry_choice":0,"source":"prospective_step","wall_normal":[0.0,0.0,0.0]},"queries":3,"recoveries":0,"refusal":"","request":[36.0,-1.1216254234314,-16.0],"requests":900,"safe_margin":0.00100000004749745,"slide_contacts":[{"collider_path":"/root/MeadowsPlayground/Terrain","collider_rid":"RID(66898410602499)","collider_shape":33,"normal":[0.0,1.0,0.0],"point":[24.0175838470459,0.899999976158142,17.3304576873779],"slide":0,"swept_depth":0.00107294321060181},{"collider_path":"/root/MeadowsPlayground/Terrain","collider_rid":"RID(66898410602499)","collider_shape":33,"normal":[0.0439347103238106,0.999034345149994,0.0],"point":[23.9999961853027,0.899999976158142,17.3304576873779],"slide":0,"swept_depth":0.00107294321060181},{"collider_path":"/root/MeadowsPlayground/Terrain","collider_rid":"RID(66898410602499)","collider_shape":33,"normal":[0.0,1.0,0.0],"point":[23.955379486084,0.899999976158142,17.2788848876953],"slide":1,"swept_depth":0.000139534473419189}],"slide_contacts_are_capped_prefix":true,"slide_count":2,"slide_motion":[-0.0641460418701172,0.0000177621859620558,-0.0531826019287109],"slide_point_counts":[2,1],"snap":0.400000005960464,"stall_frames":0,"swept_depth":0.00107294321060181,"timing":{"between_callbacks":"controller and other nodes; excluded; not controller-only","between_callbacks_us":2518,"callback_cap_us":10000,"input_flush_us":28,"live_post_us":72,"live_pre_us":52,"movement_progress_us":4,"post_contract_us":17,"post_us":142,"pre_us":183,"provisional_steering_us":53,"serialization_and_print":"deferred; excluded; snapshot included","slide_validation_us":4,"snapshot_us":43,"stage":"post"},"total_queries":2680,"wall_frames":0}
OPENING_PRODUCTION_LOG_COST {"cost_line_print_measured":false,"observation_print_us":44,"outside_physics_cap":true,"requests":900,"serialization_us":90}
OPENING_PRODUCTION_OBSERVATION {"acceptance":false,"actual_delta":[-0.0000152587890625,0.000000119209289550781,-0.0833330154418945],"authored_road_hint":"The Pond","callback_own_us":368,"ceiling_frames":0,"checked_start":true,"controller_observation_available":true,"controller_wanted_dir":[-0.000275909900665283,0.0,-1.0],"delivered_input":[-0.436784833669662,0.899565994739532],"diagnostic_output_outside_physics_cap":true,"floor_angle":0.785399973392487,"frame":990,"live_contacts":[{"collider_path":"/root/MeadowsPlayground/Terrain","collider_rid":"RID(66898410602499)","collider_shape":33,"depth":0.000057518482208252,"local_shape":0,"normal":[0.0,1.0,0.0],"point":[20.0065288543701,0.899999976158142,11.6341905593872]},{"collider_path":"/root/MeadowsPlayground/Terrain","collider_rid":"RID(66898410602499)","collider_shape":33,"depth":0.00000435113906860352,"local_shape":0,"normal":[0.0162911210209131,0.999867260456085,0.0],"point":[19.9999961853027,0.899999976158142,11.6341905593872]}],"live_recovery_travel":[0.0,0.000027000904083252,0.0],"live_state_phase":"post","mask":1,"on_ceiling":false,"on_floor":true,"on_wall":false,"physics_frame":5210,"plans":20,"player":[20.0065288543701,0.900915503501892,11.6341905593872],"progress_m":88.6867328189546,"provisional_choice":0,"provisional_steering":{"acceptance":false,"heading":[-0.000275918893748894,0.0,-0.999999940395355],"prediction_motion":[-0.000282488384982571,0.0,-1.0238094329834],"retry_choice":0,"source":"prospective_step","wall_normal":[0.0,0.0,0.0]},"queries":3,"recoveries":0,"refusal":"","request":[36.0,-1.1216254234314,-16.0],"requests":990,"safe_margin":0.00100000004749745,"slide_contacts":[{"collider_path":"/root/MeadowsPlayground/Terrain","collider_rid":"RID(66898410602499)","collider_shape":33,"normal":[0.0,1.0,0.0],"point":[20.0065441131592,0.899999976158142,11.7152452468872],"slide":0,"swept_depth":0.000968992710113525},{"collider_path":"/root/MeadowsPlayground/Terrain","collider_rid":"RID(66898410602499)","collider_shape":33,"normal":[0.0163663607090712,0.99986606836319,0.0],"point":[19.9999961853027,0.899999976158142,11.7152452468872],"slide":0,"swept_depth":0.000968992710113525},{"collider_path":"/root/MeadowsPlayground/Terrain","collider_rid":"RID(66898410602499)","collider_shape":33,"normal":[0.0,1.0,0.0],"point":[20.0065288543701,0.899999976158142,11.6341905593872],"slide":1,"swept_depth":0.0000844597816467285}],"slide_contacts_are_capped_prefix":true,"slide_count":2,"slide_motion":[-0.0000152587890625,0.000000119209289550781,-0.0833330154418945],"slide_point_counts":[2,1],"snap":0.400000005960464,"stall_frames":0,"swept_depth":0.000968992710113525,"timing":{"between_callbacks":"controller and other nodes; excluded; not controller-only","between_callbacks_us":3235,"callback_cap_us":10000,"input_flush_us":38,"live_post_us":57,"live_pre_us":67,"movement_progress_us":5,"post_contract_us":17,"post_us":128,"pre_us":236,"provisional_steering_us":58,"serialization_and_print":"deferred; excluded; snapshot included","slide_validation_us":6,"snapshot_us":43,"stage":"post"},"total_queries":2950,"wall_frames":0}
OPENING_PRODUCTION_LOG_COST {"cost_line_print_measured":false,"observation_print_us":61,"outside_physics_cap":true,"requests":990,"serialization_us":82}
OPENING_PRODUCTION_OBSERVATION {"acceptance":false,"actual_delta":[-0.000019073486328125,0.000000178813934326172,-0.0833334922790527],"authored_road_hint":"The Pond","callback_own_us":554,"ceiling_frames":0,"checked_start":true,"controller_observation_available":true,"controller_wanted_dir":[-0.000309079914586619,0.0,-0.999999940395355],"delivered_input":[-0.43675497174263,0.899580419063568],"diagnostic_output_outside_physics_cap":true,"floor_angle":0.785399973392487,"frame":1080,"live_contacts":[{"collider_path":"/root/MeadowsPlayground/Terrain","collider_rid":"RID(66898410602499)","collider_shape":33,"depth":0.0000591874122619629,"local_shape":0,"normal":[0.0,1.0,0.0],"point":[20.0049934387207,0.899999976158142,4.13419723510742]},{"collider_path":"/root/MeadowsPlayground/Terrain","collider_rid":"RID(66898410602499)","collider_shape":33,"depth":0.0000281385055131977,"local_shape":0,"normal":[0.0124628515914083,0.999922335147858,0.0],"point":[19.9999961853027,0.899999976158142,4.13419723510742]}],"live_recovery_travel":[0.0,0.0000162124633789062,0.0],"live_state_phase":"post","mask":1,"on_ceiling":false,"on_floor":true,"on_wall":false,"physics_frame":5300,"plans":20,"player":[20.0049934387207,0.900924623012543,4.13419723510742],"progress_m":96.1867261432344,"provisional_choice":0,"provisional_steering":{"acceptance":false,"heading":[-0.000309079827275127,0.0,-0.99999988079071],"prediction_motion":[-0.000316438876325265,0.0,-1.0238094329834],"retry_choice":0,"source":"prospective_step","wall_normal":[0.0,0.0,0.0]},"queries":3,"recoveries":0,"refusal":"","request":[36.0,-1.1216254234314,-16.0],"requests":1080,"safe_margin":0.00100000004749745,"slide_contacts":[{"collider_path":"/root/MeadowsPlayground/Terrain","collider_rid":"RID(66898410602499)","collider_shape":33,"normal":[0.0,1.0,0.0],"point":[20.005012512207,0.899999976158142,4.21525192260742],"slide":0,"swept_depth":0.000970661640167236},{"collider_path":"/root/MeadowsPlayground/Terrain","collider_rid":"RID(66898410602499)","collider_shape":33,"normal":[0.0125389127060771,0.999921381473541,0.0],"point":[19.9999961853027,0.899999976158142,4.21525192260742],"slide":0,"swept_depth":0.000970661640167236},{"collider_path":"/root/MeadowsPlayground/Terrain","collider_rid":"RID(66898410602499)","collider_shape":33,"normal":[0.0,1.0,0.0],"point":[20.0049934387207,0.899999976158142,4.13419723510742],"slide":1,"swept_depth":0.0000753998756408691}],"slide_contacts_are_capped_prefix":true,"slide_count":2,"slide_motion":[-0.0000190734845091356,0.000000178813934326172,-0.0833334922790527],"slide_point_counts":[2,1],"snap":0.400000005960464,"stall_frames":0,"swept_depth":0.000970661640167236,"timing":{"between_callbacks":"controller and other nodes; excluded; not controller-only","between_callbacks_us":3743,"callback_cap_us":10000,"input_flush_us":72,"live_post_us":73,"live_pre_us":105,"movement_progress_us":6,"post_contract_us":25,"post_us":176,"pre_us":373,"provisional_steering_us":85,"serialization_and_print":"deferred; excluded; snapshot included","slide_validation_us":7,"snapshot_us":63,"stage":"post"},"total_queries":3220,"wall_frames":0}
OPENING_PRODUCTION_LOG_COST {"cost_line_print_measured":false,"observation_print_us":63,"outside_physics_cap":true,"requests":1080,"serialization_us":88}
OPENING_PRODUCTION_OBSERVATION {"acceptance":false,"actual_delta":[-0.000026702880859375,0.00000184774398803711,-0.0833332538604736],"authored_road_hint":"The Pond","callback_own_us":390,"ceiling_frames":0,"checked_start":true,"controller_observation_available":true,"controller_wanted_dir":[-0.000334084033966064,0.0,-0.999999940395355],"delivered_input":[-0.436732470989227,0.899591386318207],"diagnostic_output_outside_physics_cap":true,"floor_angle":0.785399973392487,"frame":1170,"live_contacts":[{"collider_path":"/root/MeadowsPlayground/Terrain","collider_rid":"RID(66898410602499)","collider_shape":41,"depth":0.0000563263893127441,"local_shape":0,"normal":[0.0,1.0,0.0],"point":[20.0028858184814,0.899999976158142,-3.36580061912537]},{"collider_path":"/root/MeadowsPlayground/Terrain","collider_rid":"RID(66898410602499)","collider_shape":41,"depth":0.0000460147857666016,"local_shape":0,"normal":[0.0,1.0,0.0],"point":[20.0000038146973,0.899999976158142,-3.36580061912537]}],"live_recovery_travel":[0.0,0.0000112652778625488,0.0],"live_state_phase":"post","mask":1,"on_ceiling":false,"on_floor":true,"on_wall":false,"physics_frame":5390,"plans":20,"player":[20.0028858184814,0.900932371616364,-3.36580061912537],"progress_m":103.68672429549,"provisional_choice":0,"provisional_steering":{"acceptance":false,"heading":[-0.000334099255269393,0.0,-1.0],"prediction_motion":[-0.000342054001521319,0.0,-1.02380955219269],"retry_choice":0,"source":"prospective_step","wall_normal":[0.0,0.0,0.0]},"queries":3,"recoveries":0,"refusal":"","request":[36.0,-1.1216254234314,-16.0],"requests":1170,"safe_margin":0.00100000004749745,"slide_contacts":[{"collider_path":"/root/MeadowsPlayground/Terrain","collider_rid":"RID(66898410602499)","collider_shape":41,"normal":[0.0,1.0,0.0],"point":[20.0029125213623,0.899999976158142,-3.28474593162537],"slide":0,"swept_depth":0.000968515872955322},{"collider_path":"/root/MeadowsPlayground/Terrain","collider_rid":"RID(66898410602499)","collider_shape":41,"normal":[0.0,1.0,0.0],"point":[19.9999961853027,0.899999976158142,-3.28474593162537],"slide":0,"swept_depth":0.000968515872955322},{"collider_path":"/root/MeadowsPlayground/Terrain","collider_rid":"RID(66898410602499)","collider_shape":41,"normal":[0.0,1.0,0.0],"point":[20.0028858184814,0.899999976158142,-3.36580061912537],"slide":1,"swept_depth":0.0000675320625305176},{"collider_path":"/root/MeadowsPlayground/Terrain","collider_rid":"RID(66898410602499)","collider_shape":41,"normal":[0.0,1.0,0.0],"point":[20.0000038146973,0.899999976158142,-3.36580061912537],"slide":1,"swept_depth":0.0000675320625305176}],"slide_contacts_are_capped_prefix":true,"slide_count":2,"slide_motion":[-0.000026702880859375,0.00000184774398803711,-0.0833332538604736],"slide_point_counts":[2,2],"snap":0.400000005960464,"stall_frames":0,"swept_depth":0.000968515872955322,"timing":{"between_callbacks":"controller and other nodes; excluded; not controller-only","between_callbacks_us":3530,"callback_cap_us":10000,"input_flush_us":35,"live_post_us":71,"live_pre_us":70,"movement_progress_us":5,"post_contract_us":20,"post_us":156,"pre_us":228,"provisional_steering_us":54,"serialization_and_print":"deferred; excluded; snapshot included","slide_validation_us":6,"snapshot_us":53,"stage":"post"},"total_queries":3490,"wall_frames":0}
OPENING_PRODUCTION_LOG_COST {"cost_line_print_measured":false,"observation_print_us":64,"outside_physics_cap":true,"requests":1170,"serialization_us":98}
OPENING_PRODUCTION_OBSERVATION {"acceptance":false,"actual_delta":[-0.0000286102294921875,0.0,-0.0833330154418945],"authored_road_hint":"The Pond","callback_own_us":388,"ceiling_frames":0,"checked_start":true,"controller_observation_available":true,"controller_wanted_dir":[-0.000341504812240601,0.0,-1.0],"delivered_input":[-0.436725854873657,0.899594724178314],"diagnostic_output_outside_physics_cap":true,"floor_angle":0.785399973392487,"frame":1260,"live_contacts":[{"collider_path":"/root/MeadowsPlayground/Terrain","collider_rid":"RID(66898410602499)","collider_shape":41,"depth":0.0000582337379455566,"local_shape":0,"normal":[0.0,1.0,0.0],"point":[20.0003871917725,0.899999976158142,-10.865797996521]},{"collider_path":"/root/MeadowsPlayground/Terrain","collider_rid":"RID(66898410602499)","collider_shape":41,"depth":0.0000580549240112305,"local_shape":0,"normal":[0.0,1.0,0.0],"point":[20.0000019073486,0.899999976158142,-10.865797996521]}],"live_recovery_travel":[0.0,0.00000554323196411133,0.0],"live_state_phase":"post","mask":1,"on_ceiling":false,"on_floor":true,"on_wall":false,"physics_frame":5480,"plans":20,"player":[20.0003871917725,0.900936126708984,-10.865797996521],"progress_m":111.186722343438,"provisional_choice":0,"provisional_steering":{"acceptance":false,"heading":[-0.000341511331498623,0.0,-1.0],"prediction_motion":[-0.000349642563378438,0.0,-1.02380955219269],"retry_choice":0,"source":"prospective_step","wall_normal":[0.0,0.0,0.0]},"queries":3,"recoveries":0,"refusal":"","request":[36.0,-1.1216254234314,-16.0],"requests":1260,"safe_margin":0.00100000004749745,"slide_contacts":[{"collider_path":"/root/MeadowsPlayground/Terrain","collider_rid":"RID(66898410602499)","collider_shape":41,"normal":[0.0,1.0,0.0],"point":[20.000415802002,0.899999976158142,-10.784743309021],"slide":0,"swept_depth":0.000969946384429932},{"collider_path":"/root/MeadowsPlayground/Terrain","collider_rid":"RID(66898410602499)","collider_shape":41,"normal":[0.0,1.0,0.0],"point":[20.0000019073486,0.899999976158142,-10.784743309021],"slide":0,"swept_depth":0.000969946384429932},{"collider_path":"/root/MeadowsPlayground/Terrain","collider_rid":"RID(66898410602499)","collider_shape":41,"normal":[0.0,1.0,0.0],"point":[20.0003871917725,0.899999976158142,-10.865797996521],"slide":1,"swept_depth":0.0000638365745544434},{"collider_path":"/root/MeadowsPlayground/Terrain","collider_rid":"RID(66898410602499)","collider_shape":41,"normal":[0.0,1.0,0.0],"point":[20.0003871917725,0.899999976158142,-10.865797996521],"slide":1,"swept_depth":0.0000638365745544434}],"slide_contacts_are_capped_prefix":true,"slide_count":2,"slide_motion":[-0.0000286102294921875,0.0,-0.0833330154418945],"slide_point_counts":[2,2],"snap":0.400000005960464,"stall_frames":0,"swept_depth":0.000969946384429932,"timing":{"between_callbacks":"controller and other nodes; excluded; not controller-only","between_callbacks_us":4062,"callback_cap_us":10000,"input_flush_us":36,"live_post_us":77,"live_pre_us":61,"movement_progress_us":7,"post_contract_us":20,"post_us":167,"pre_us":216,"provisional_steering_us":50,"serialization_and_print":"deferred; excluded; snapshot included","slide_validation_us":10,"snapshot_us":53,"stage":"post"},"total_queries":3760,"wall_frames":0}
OPENING_PRODUCTION_LOG_COST {"cost_line_print_measured":false,"observation_print_us":65,"outside_physics_cap":true,"requests":1260,"serialization_us":95}
OPENING_PRODUCTION_OBSERVATION {"acceptance":false,"actual_delta":[0.0809745788574219,0.0000759363174438477,-0.0196847915649414],"authored_road_hint":"The Pond","callback_own_us":349,"ceiling_frames":0,"checked_start":true,"controller_observation_available":true,"controller_wanted_dir":[0.971700191497803,0.0,-0.236217692494392],"delivered_input":[-0.977226257324219,-0.212200149893761],"diagnostic_output_outside_physics_cap":true,"floor_angle":0.785399973392487,"frame":1350,"live_contacts":[{"collider_path":"/root/MeadowsPlayground/Terrain","collider_rid":"RID(66898410602499)","collider_shape":41,"depth":0.0000587701797485352,"local_shape":0,"normal":[0.000210553407669067,1.0,0.0],"point":[26.0802421569824,0.899983108043671,-13.5885543823242]}],"live_recovery_travel":[0.0,0.00000578165054321289,0.0],"live_state_phase":"post","mask":1,"on_ceiling":false,"on_floor":true,"on_wall":false,"physics_frame":5570,"plans":20,"player":[26.0803260803223,0.90091860294342,-13.5885543823242],"progress_m":118.586591129773,"provisional_choice":0,"provisional_steering":{"acceptance":false,"heading":[0.971700191497803,0.0,-0.236217677593231],"prediction_motion":[0.994835913181305,0.0,-0.241841912269592],"retry_choice":0,"source":"prospective_step","wall_normal":[0.0,0.0,0.0]},"queries":3,"recoveries":0,"refusal":"","request":[36.0,-1.1216254234314,-16.0],"requests":1350,"safe_margin":0.00100000004749745,"slide_contacts":[{"collider_path":"/root/MeadowsPlayground/Terrain","collider_rid":"RID(66898410602499)","collider_shape":41,"normal":[0.000210553407669067,1.0,0.0],"point":[26.0014820098877,0.899999678134918,-13.5694074630737],"slide":0,"swept_depth":0.000969648361206055},{"collider_path":"/root/MeadowsPlayground/Terrain","collider_rid":"RID(66898410602499)","collider_shape":41,"normal":[0.0,1.0,0.0],"point":[26.0,0.899999976158142,-13.5694074630737],"slide":0,"swept_depth":0.000969648361206055},{"collider_path":"/root/MeadowsPlayground/Terrain","collider_rid":"RID(66898410602499)","collider_shape":41,"normal":[0.000210553407669067,1.0,0.0],"point":[26.0802421569824,0.899983108043671,-13.5885543823242],"slide":1,"swept_depth":0.0000644922256469727}],"slide_contacts_are_capped_prefix":true,"slide_count":2,"slide_motion":[0.0809745788574219,0.00007593631016789,-0.0196847897022963],"slide_point_counts":[2,1],"snap":0.400000005960464,"stall_frames":0,"swept_depth":0.000969648361206055,"timing":{"between_callbacks":"controller and other nodes; excluded; not controller-only","between_callbacks_us":3762,"callback_cap_us":10000,"input_flush_us":34,"live_post_us":48,"live_pre_us":67,"movement_progress_us":4,"post_contract_us":18,"post_us":120,"pre_us":225,"provisional_steering_us":54,"serialization_and_print":"deferred; excluded; snapshot included","slide_validation_us":6,"snapshot_us":43,"stage":"post"},"total_queries":4030,"wall_frames":0}
OPENING_PRODUCTION_LOG_COST {"cost_line_print_measured":false,"observation_print_us":41,"outside_physics_cap":true,"requests":1350,"serialization_us":77}
OPENING_PRODUCTION_OBSERVATION {"acceptance":false,"actual_delta":[0.0780830383300781,-0.0246118977665901,-0.0189781188964844],"authored_road_hint":"The Pond","callback_own_us":337,"ceiling_frames":0,"checked_start":true,"controller_observation_available":true,"controller_wanted_dir":[0.971680819988251,0.0,-0.236297160387039],"delivered_input":[-0.977243542671204,-0.212120175361633],"diagnostic_output_outside_physics_cap":true,"floor_angle":0.785399973392487,"frame":1440,"live_contacts":[{"collider_path":"/root/MeadowsPlayground/Terrain","collider_rid":"RID(66898410602499)","collider_shape":41,"depth":0.0000658510252833366,"local_shape":0,"normal":[0.286928534507751,0.956057608127594,-0.0602165199816227],"point":[33.1650352478027,-0.117926806211472,-15.3144035339355]}],"live_recovery_travel":[0.000030517578125,0.0000984370708465576,-0.00000667572021484375],"live_state_phase":"post","mask":1,"on_ceiling":false,"on_floor":true,"on_wall":false,"physics_frame":5660,"plans":20,"player":[33.2800445556641,-0.134709015488625,-15.3385400772095],"progress_m":126.109235232347,"provisional_choice":0,"provisional_steering":{"acceptance":false,"heading":[0.971680819988251,0.0,-0.2362971752882],"prediction_motion":[0.99481612443924,0.0,-0.241923302412033],"retry_choice":0,"source":"prospective_step","wall_normal":[0.0,0.0,0.0]},"queries":3,"recoveries":0,"refusal":"","request":[36.0,-1.1216254234314,-16.0],"requests":1440,"safe_margin":0.00100000004749745,"slide_contacts":[{"collider_path":"/root/MeadowsPlayground/Terrain","collider_rid":"RID(66898410602499)","collider_shape":41,"normal":[0.286928534507751,0.956057608127594,-0.0602165199816227],"point":[33.0975074768066,-0.0966272130608559,-15.2979822158813],"slide":0,"swept_depth":0.00101261131931096},{"collider_path":"/root/MeadowsPlayground/Terrain","collider_rid":"RID(66898410602499)","collider_shape":41,"normal":[0.286928534507751,0.956057608127594,-0.0602165199816227],"point":[33.1650352478027,-0.117926746606827,-15.3144035339355],"slide":1,"swept_depth":0.000169152859598398}],"slide_contacts_are_capped_prefix":true,"slide_count":2,"slide_motion":[0.0780830308794975,-0.0246118977665901,-0.0189781207591295],"slide_point_counts":[1,1],"snap":0.400000005960464,"stall_frames":0,"swept_depth":0.00101261131931096,"timing":{"between_callbacks":"controller and other nodes; excluded; not controller-only","between_callbacks_us":3610,"callback_cap_us":10000,"input_flush_us":46,"live_post_us":59,"live_pre_us":56,"movement_progress_us":4,"post_contract_us":16,"post_us":123,"pre_us":209,"provisional_steering_us":54,"serialization_and_print":"deferred; excluded; snapshot included","slide_validation_us":5,"snapshot_us":38,"stage":"post"},"total_queries":4300,"wall_frames":0}
OPENING_PRODUCTION_LOG_COST {"cost_line_print_measured":false,"observation_print_us":63,"outside_physics_cap":true,"requests":1440,"serialization_us":73}
GATE A NPC/GATHER +34.35s — axe equipped, swung, gathered +4 Wood
OPENING_PRODUCTION_OBSERVATION {"acceptance":false,"actual_delta":[-0.0818405151367188,0.00817114114761353,-0.0122222900390625],"authored_road_hint":"Practice Meadow","callback_own_us":400,"ceiling_frames":0,"checked_start":true,"controller_observation_available":true,"controller_wanted_dir":[-0.989090621471405,0.0,-0.147308826446533],"delivered_input":[0.825254261493683,0.564761519432068],"diagnostic_output_outside_physics_cap":true,"floor_angle":0.785399973392487,"frame":1530,"live_contacts":[{"collider_path":"/root/MeadowsPlayground/Terrain","collider_rid":"RID(66898410602499)","collider_shape":41,"depth":0.0000639050776953809,"local_shape":0,"normal":[0.117936179041862,0.992589950561523,-0.0292637813836336],"point":[29.3083438873291,0.695507109165192,-16.5949382781982]}],"live_recovery_travel":[0.0000133514404296875,0.0000932216644287109,-0.0000019073486328125],"live_state_phase":"post","mask":1,"on_ceiling":false,"on_floor":true,"on_wall":false,"physics_frame":5809,"plans":21,"player":[29.3556156158447,0.693379104137421,-16.60666847229],"progress_m":133.357704154798,"provisional_choice":0,"provisional_steering":{"acceptance":false,"heading":[-0.989090621471405,0.0,-0.147308766841888],"prediction_motion":[-1.01264047622681,0.0,-0.15081612765789],"retry_choice":0,"source":"prospective_step","wall_normal":[0.0,0.0,0.0]},"queries":3,"recoveries":0,"refusal":"","request":[47.0,-2.96763777732849,-34.5],"requests":1530,"safe_margin":0.00100000004749745,"slide_contacts":[{"collider_path":"/root/MeadowsPlayground/Terrain","collider_rid":"RID(66898410602499)","collider_shape":41,"normal":[0.117936179041862,0.992589950561523,-0.0292637813836336],"point":[29.3863372802734,0.686582088470459,-16.5833282470703],"slide":0,"swept_depth":0.00100511312484741},{"collider_path":"/root/MeadowsPlayground/Terrain","collider_rid":"RID(66898410602499)","collider_shape":41,"normal":[0.0801473706960678,0.996743321418762,0.00889607425779104],"point":[29.4014053344727,0.684341430664062,-16.5985984802246],"slide":0,"swept_depth":0.00100511312484741},{"collider_path":"/root/MeadowsPlayground/Terrain","collider_rid":"RID(66898410602499)","collider_shape":41,"normal":[0.117936179041862,0.992589950561523,-0.0292637813836336],"point":[29.3083419799805,0.695507109165192,-16.5949382781982],"slide":1,"swept_depth":0.000157844086061232}],"slide_contacts_are_capped_prefix":true,"slide_count":2,"slide_motion":[-0.0818405151367188,0.00817114114761353,-0.0122222900390625],"slide_point_counts":[2,1],"snap":0.400000005960464,"stall_frames":0,"swept_depth":0.00100511312484741,"timing":{"between_callbacks":"controller and other nodes; excluded; not controller-only","between_callbacks_us":4704,"callback_cap_us":10000,"input_flush_us":32,"live_post_us":67,"live_pre_us":57,"movement_progress_us":4,"post_contract_us":19,"post_us":139,"pre_us":256,"provisional_steering_us":100,"serialization_and_print":"deferred; excluded; snapshot included","slide_validation_us":5,"snapshot_us":43,"stage":"post"},"total_queries":4570,"wall_frames":0}
OPENING_PRODUCTION_LOG_COST {"cost_line_print_measured":false,"observation_print_us":61,"outside_physics_cap":true,"requests":1530,"serialization_us":84}
OPENING_PRODUCTION_OBSERVATION {"acceptance":false,"actual_delta":[-0.0824260711669922,-0.0000125765800476074,-0.0122661590576172],"authored_road_hint":"Practice Meadow","callback_own_us":387,"ceiling_frames":0,"checked_start":true,"controller_observation_available":true,"controller_wanted_dir":[-0.989109873771667,0.0,-0.147178947925568],"delivered_input":[0.825328290462494,0.564653098583221],"diagnostic_output_outside_physics_cap":true,"floor_angle":0.785399973392487,"frame":1620,"live_contacts":[{"collider_path":"/root/MeadowsPlayground/Terrain","collider_rid":"RID(66898410602499)","collider_shape":41,"depth":0.0000656247138977051,"local_shape":0,"normal":[0.0,1.0,0.0],"point":[21.949010848999,0.899999976158142,-17.7099895477295]}],"live_recovery_travel":[0.0,0.000104308128356934,0.0],"live_state_phase":"post","mask":1,"on_ceiling":false,"on_floor":true,"on_wall":false,"physics_frame":5899,"plans":21,"player":[21.949010848999,0.900830090045929,-17.7099895477295],"progress_m":140.855844817706,"provisional_choice":0,"provisional_steering":{"acceptance":false,"heading":[-0.989109814167023,0.0,-0.147178962826729],"prediction_motion":[-1.01266002655029,0.0,-0.150683224201202],"retry_choice":0,"source":"prospective_step","wall_normal":[0.0,0.0,0.0]},"queries":3,"recoveries":0,"refusal":"","request":[47.0,-2.96763777732849,-34.5],"requests":1620,"safe_margin":0.00100000004749745,"slide_contacts":[{"collider_path":"/root/MeadowsPlayground/Terrain","collider_rid":"RID(66898410602499)","collider_shape":41,"normal":[0.0,1.0,0.0],"point":[22.0289421081543,0.899999976158142,-17.6980953216553],"slide":0,"swept_depth":0.00107294321060181},{"collider_path":"/root/MeadowsPlayground/Terrain","collider_rid":"RID(66898410602499)","collider_shape":41,"normal":[0.0,1.0,0.0],"point":[21.949010848999,0.899999976158142,-17.7099895477295],"slide":1,"swept_depth":0.000169813632965088}],"slide_contacts_are_capped_prefix":true,"slide_count":2,"slide_motion":[-0.0824260711669922,-0.0000125765800476074,-0.0122661590576172],"slide_point_counts":[1,1],"snap":0.400000005960464,"stall_frames":0,"swept_depth":0.00107294321060181,"timing":{"between_callbacks":"controller and other nodes; excluded; not controller-only","between_callbacks_us":4393,"callback_cap_us":10000,"input_flush_us":45,"live_post_us":85,"live_pre_us":67,"movement_progress_us":5,"post_contract_us":18,"post_us":155,"pre_us":227,"provisional_steering_us":54,"serialization_and_print":"deferred; excluded; snapshot included","slide_validation_us":4,"snapshot_us":41,"stage":"post"},"total_queries":4840,"wall_frames":0}
OPENING_PRODUCTION_LOG_COST {"cost_line_print_measured":false,"observation_print_us":63,"outside_physics_cap":true,"requests":1620,"serialization_us":79}
OPENING_PRODUCTION_OBSERVATION {"acceptance":false,"actual_delta":[0.00138664245605469,0.0000126957893371582,-0.0833225250244141],"authored_road_hint":"Practice Meadow","callback_own_us":359,"ceiling_frames":0,"checked_start":true,"controller_observation_available":true,"controller_wanted_dir":[0.0166291613131762,0.0,-0.999861776828766],"delivered_input":[-0.451929599046707,0.892053604125977],"diagnostic_output_outside_physics_cap":true,"floor_angle":0.785399973392487,"frame":1710,"live_contacts":[{"collider_path":"/root/MeadowsPlayground/Terrain","collider_rid":"RID(66898410602499)","collider_shape":41,"depth":0.0000639557838439941,"local_shape":0,"normal":[0.0,1.0,0.0],"point":[19.9570922851562,0.899999976158142,-23.4200325012207]}],"live_recovery_travel":[0.0,0.0000935792922973633,0.0],"live_state_phase":"post","mask":1,"on_ceiling":false,"on_floor":true,"on_wall":false,"physics_frame":5989,"plans":21,"player":[19.9570922851562,0.900842487812042,-23.4200325012207],"progress_m":148.234183042892,"provisional_choice":0,"provisional_steering":{"acceptance":false,"heading":[0.0166291426867247,0.0,-0.999861717224121],"prediction_motion":[0.0170250758528709,0.0,-1.0236679315567],"retry_choice":0,"source":"prospective_step","wall_normal":[0.0,0.0,0.0]},"queries":3,"recoveries":0,"refusal":"","request":[47.0,-2.96763777732849,-34.5],"requests":1710,"safe_margin":0.00100000004749745,"slide_contacts":[{"collider_path":"/root/MeadowsPlayground/Terrain","collider_rid":"RID(66898410602499)","collider_shape":41,"normal":[0.0,1.0,0.0],"point":[19.9557437896729,0.899999976158142,-23.3389892578125],"slide":0,"swept_depth":0.000977098941802979},{"collider_path":"/root/MeadowsPlayground/Terrain","collider_rid":"RID(66898410602499)","collider_shape":41,"normal":[0.0,1.0,0.0],"point":[19.9570922851562,0.899999976158142,-23.4200325012207],"slide":1,"swept_depth":0.000157415866851807}],"slide_contacts_are_capped_prefix":true,"slide_count":2,"slide_motion":[0.00138664245605469,0.0000126957893371582,-0.0833225250244141],"slide_point_counts":[1,1],"snap":0.400000005960464,"stall_frames":0,"swept_depth":0.000977098941802979,"timing":{"between_callbacks":"controller and other nodes; excluded; not controller-only","between_callbacks_us":4061,"callback_cap_us":10000,"input_flush_us":52,"live_post_us":61,"live_pre_us":66,"movement_progress_us":4,"post_contract_us":17,"post_us":132,"pre_us":222,"provisional_steering_us":48,"serialization_and_print":"deferred; excluded; snapshot included","slide_validation_us":6,"snapshot_us":43,"stage":"post"},"total_queries":5110,"wall_frames":0}
OPENING_PRODUCTION_LOG_COST {"cost_line_print_measured":false,"observation_print_us":47,"outside_physics_cap":true,"requests":1710,"serialization_us":78}
OPENING_PRODUCTION_OBSERVATION {"acceptance":false,"actual_delta":[-0.0608882904052734,-0.00017249584197998,-0.0568981170654297],"authored_road_hint":"Practice Meadow","callback_own_us":367,"ceiling_frames":0,"checked_start":true,"controller_observation_available":true,"controller_wanted_dir":[-0.730720400810242,0.0,-0.68267697095871],"delivered_input":[0.358890771865845,0.933379650115967],"diagnostic_output_outside_physics_cap":true,"floor_angle":0.785399973392487,"frame":1800,"live_contacts":[{"collider_path":"/root/MeadowsPlayground/Terrain","collider_rid":"RID(66898410602499)","collider_shape":41,"depth":0.0000654458999633789,"local_shape":0,"normal":[0.00707704620435834,0.999921083450317,-0.0103869289159775],"point":[16.3681354522705,0.877526640892029,-29.3413143157959]}],"live_recovery_travel":[0.0,0.00010383129119873,0.0],"live_state_phase":"post","mask":1,"on_ceiling":false,"on_floor":true,"on_wall":false,"physics_frame":6079,"plans":21,"player":[16.3709735870361,0.878325641155243,-29.3454780578613],"progress_m":155.708130932995,"provisional_choice":0,"provisional_steering":{"acceptance":false,"heading":[-0.730720400810242,0.0,-0.682676911354065],"prediction_motion":[-0.74811851978302,0.0,-0.698931157588959],"retry_choice":0,"source":"prospective_step","wall_normal":[0.0,0.0,0.0]},"queries":3,"recoveries":0,"refusal":"","request":[47.0,-2.96763777732849,-34.5],"requests":1800,"safe_margin":0.00100000004749745,"slide_contacts":[{"collider_path":"/root/MeadowsPlayground/Terrain","collider_rid":"RID(66898410602499)","collider_shape":41,"normal":[0.00707704620435834,0.999921083450317,-0.0103869289159775],"point":[16.427188873291,0.877681791782379,-29.2861499786377],"slide":0,"swept_depth":0.00106802501250058},{"collider_path":"/root/MeadowsPlayground/Terrain","collider_rid":"RID(66898410602499)","collider_shape":41,"normal":[0.00707704620435834,0.999921083450317,-0.0103869289159775],"point":[16.3681373596191,0.877526640892029,-29.3413162231445],"slide":1,"swept_depth":0.000169417879078537}],"slide_contacts_are_capped_prefix":true,"slide_count":2,"slide_motion":[-0.0608882904052734,-0.00017249584197998,-0.0568981170654297],"slide_point_counts":[1,1],"snap":0.400000005960464,"stall_frames":0,"swept_depth":0.00106802501250058,"timing":{"between_callbacks":"controller and other nodes; excluded; not controller-only","between_callbacks_us":4234,"callback_cap_us":10000,"input_flush_us":36,"live_post_us":63,"live_pre_us":72,"movement_progress_us":4,"post_contract_us":20,"post_us":136,"pre_us":226,"provisional_steering_us":56,"serialization_and_print":"deferred; excluded; snapshot included","slide_validation_us":4,"snapshot_us":43,"stage":"post"},"total_queries":5380,"wall_frames":0}
OPENING_PRODUCTION_LOG_COST {"cost_line_print_measured":false,"observation_print_us":78,"outside_physics_cap":true,"requests":1800,"serialization_us":81}
OPENING_PRODUCTION_OBSERVATION {"acceptance":false,"actual_delta":[0.0598487854003906,0.00279349088668823,-0.0578842163085938],"authored_road_hint":"Practice Meadow","callback_own_us":530,"ceiling_frames":0,"checked_start":true,"controller_observation_available":true,"controller_wanted_dir":[0.718514084815979,0.0,-0.695512473583221],"delivered_input":[-0.950226187705994,0.311561167240143],"diagnostic_output_outside_physics_cap":true,"floor_angle":0.785399973392487,"frame":1890,"live_contacts":[{"collider_path":"/root/MeadowsPlayground/Terrain","collider_rid":"RID(66898410602499)","collider_shape":41,"depth":0.0000634149691904895,"local_shape":0,"normal":[0.0073432819917798,0.998442590236664,0.0553041212260723],"point":[17.9293899536133,0.960593640804291,-34.5526580810547]}],"live_recovery_travel":[0.0,0.0000892281532287598,0.000003814697265625],"live_state_phase":"post","mask":1,"on_ceiling":false,"on_floor":true,"on_wall":false,"physics_frame":6169,"plans":21,"player":[17.9323348999023,0.960816562175751,-34.5304908752441],"progress_m":163.040259513655,"provisional_choice":0,"provisional_steering":{"acceptance":false,"heading":[0.718514084815979,0.0,-0.695512473583221],"prediction_motion":[0.735621571540833,0.0,-0.712072312831879],"retry_choice":0,"source":"prospective_step","wall_normal":[0.0,0.0,0.0]},"queries":3,"recoveries":0,"refusal":"","request":[47.0,-2.96763777732849,-34.5],"requests":1890,"safe_margin":0.00100000004749745,"slide_contacts":[{"collider_path":"/root/MeadowsPlayground/Terrain","collider_rid":"RID(66898410602499)","collider_shape":41,"normal":[0.0073432819917798,0.998442590236664,0.0553041212260723],"point":[17.8710098266602,0.957892298698425,-34.4961395263672],"slide":0,"swept_depth":0.000946927291806787},{"collider_path":"/root/MeadowsPlayground/Terrain","collider_rid":"RID(66898410602499)","collider_shape":41,"normal":[0.0073432819917798,0.998442590236664,0.0553041212260723],"point":[17.9293918609619,0.960593402385712,-34.5526580810547],"slide":1,"swept_depth":0.000152552311192267}],"slide_contacts_are_capped_prefix":true,"slide_count":2,"slide_motion":[0.0598487854003906,0.00279349088668823,-0.0578842163085938],"slide_point_counts":[1,1],"snap":0.400000005960464,"stall_frames":0,"swept_depth":0.000946927291806787,"timing":{"between_callbacks":"controller and other nodes; excluded; not controller-only","between_callbacks_us":5137,"callback_cap_us":10000,"input_flush_us":42,"live_post_us":81,"live_pre_us":88,"movement_progress_us":5,"post_contract_us":20,"post_us":159,"pre_us":365,"provisional_steering_us":146,"serialization_and_print":"deferred; excluded; snapshot included","slide_validation_us":6,"snapshot_us":46,"stage":"post"},"total_queries":5650,"wall_frames":0}
OPENING_PRODUCTION_LOG_COST {"cost_line_print_measured":false,"observation_print_us":74,"outside_physics_cap":true,"requests":1890,"serialization_us":106}
OPENING_PRODUCTION_OBSERVATION {"acceptance":false,"actual_delta":[0.0800437927246094,-0.00644993782043457,-0.0225563049316406],"authored_road_hint":"Practice Meadow","callback_own_us":369,"ceiling_frames":0,"checked_start":true,"controller_observation_available":true,"controller_wanted_dir":[0.962339580059052,0.0,-0.271850377321243],"delivered_input":[-0.984379470348358,-0.17605958878994],"diagnostic_output_outside_physics_cap":true,"floor_angle":0.785399973392487,"frame":1980,"live_contacts":[{"collider_path":"/root/MeadowsPlayground/Terrain","collider_rid":"RID(66898410602499)","collider_shape":41,"depth":0.0000567446550121531,"local_shape":0,"normal":[0.0940577387809753,0.994290471076965,0.0503945648670197],"point":[24.0874919891357,0.802690625190735,-38.3605804443359]}],"live_recovery_travel":[0.000003814697265625,0.000043034553527832,0.0],"live_state_phase":"post","mask":1,"on_ceiling":false,"on_floor":true,"on_wall":false,"physics_frame":6259,"plans":21,"player":[24.1251983642578,0.801301717758179,-38.3403778076172],"progress_m":170.536411989131,"provisional_choice":0,"provisional_steering":{"acceptance":false,"heading":[0.962339580059052,0.0,-0.271850377321243],"prediction_motion":[0.985252439975739,0.0,-0.278323024511337],"retry_choice":0,"source":"prospective_step","wall_normal":[0.0,0.0,0.0]},"queries":3,"recoveries":0,"refusal":"","request":[47.0,-2.96763777732849,-34.5],"requests":1980,"safe_margin":0.00100000004749745,"slide_contacts":[{"collider_path":"/root/MeadowsPlayground/Terrain","collider_rid":"RID(66898410602499)","collider_shape":41,"normal":[0.0940577387809753,0.994290471076965,0.0503945648670197],"point":[24.0101928710938,0.808895409107208,-38.3387336730957],"slide":0,"swept_depth":0.000944035477004945},{"collider_path":"/root/MeadowsPlayground/Terrain","collider_rid":"RID(66898410602499)","collider_shape":41,"normal":[0.119492173194885,0.99156242609024,0.0502562969923019],"point":[24.0,0.809857428073883,-38.3386840820312],"slide":0,"swept_depth":0.000944035477004945},{"collider_path":"/root/MeadowsPlayground/Terrain","collider_rid":"RID(66898410602499)","collider_shape":41,"normal":[0.0940577387809753,0.994290471076965,0.0503945648670197],"point":[24.0874919891357,0.802690446376801,-38.3605804443359],"slide":1,"swept_depth":0.0000997125680441968}],"slide_contacts_are_capped_prefix":true,"slide_count":2,"slide_motion":[0.0800437852740288,-0.00644993782043457,-0.0225563049316406],"slide_point_counts":[2,1],"snap":0.400000005960464,"stall_frames":0,"swept_depth":0.000944035477004945,"timing":{"between_callbacks":"controller and other nodes; excluded; not controller-only","between_callbacks_us":5224,"callback_cap_us":10000,"input_flush_us":38,"live_post_us":57,"live_pre_us":69,"movement_progress_us":5,"post_contract_us":18,"post_us":131,"pre_us":233,"provisional_steering_us":59,"serialization_and_print":"deferred; excluded; snapshot included","slide_validation_us":5,"snapshot_us":44,"stage":"post"},"total_queries":5920,"wall_frames":0}
OPENING_PRODUCTION_LOG_COST {"cost_line_print_measured":false,"observation_print_us":54,"outside_physics_cap":true,"requests":1980,"serialization_us":92}
OPENING_PRODUCTION_OBSERVATION {"acceptance":false,"actual_delta":[0.0782032012939453,-0.0154675394296646,0.0250320434570312],"authored_road_hint":"Practice Meadow","callback_own_us":426,"ceiling_frames":0,"checked_start":true,"controller_observation_available":true,"controller_wanted_dir":[0.952294945716858,0.0,0.305179238319397],"delivered_input":[-0.723163962364197,-0.690676391124725],"diagnostic_output_outside_physics_cap":true,"floor_angle":0.785399973392487,"frame":2070,"live_contacts":[{"collider_path":"/root/MeadowsPlayground/Terrain","collider_rid":"RID(66898410602499)","collider_shape":41,"depth":0.0000651769732940011,"local_shape":0,"normal":[0.185084149241447,0.982302069664001,0.0287530422210693],"point":[31.2018718719482,-0.153975591063499,-39.5505676269531]}],"live_recovery_travel":[0.000019073486328125,0.0000988990068435669,0.0],"live_state_phase":"post","mask":1,"on_ceiling":false,"on_floor":true,"on_wall":false,"physics_frame":6349,"plans":21,"player":[31.2760601043701,-0.16023562848568,-39.5390357971191],"progress_m":178.039957049885,"provisional_choice":0,"provisional_steering":{"acceptance":false,"heading":[0.952294886112213,0.0,0.305179238319397],"prediction_motion":[0.974968612194061,0.0,0.312445431947708],"retry_choice":0,"source":"prospective_step","wall_normal":[0.0,0.0,0.0]},"queries":3,"recoveries":0,"refusal":"","request":[47.0,-2.96763777732849,-34.5],"requests":2070,"safe_margin":0.00100000004749745,"slide_contacts":[{"collider_path":"/root/MeadowsPlayground/Terrain","collider_rid":"RID(66898410602499)","collider_shape":41,"normal":[0.185084149241447,0.982302069664001,0.0287530422210693],"point":[31.1281051635742,-0.139385029673576,-39.5742034912109],"slide":0,"swept_depth":0.000995367881841958},{"collider_path":"/root/MeadowsPlayground/Terrain","collider_rid":"RID(66898410602499)","collider_shape":41,"normal":[0.185084149241447,0.982302069664001,0.0287530422210693],"point":[31.2018718719482,-0.153976172208786,-39.5505638122559],"slide":1,"swept_depth":0.000165411271154881}],"slide_contacts_are_capped_prefix":true,"slide_count":2,"slide_motion":[0.0782031938433647,-0.0154675394296646,0.0250320434570312],"slide_point_counts":[1,1],"snap":0.400000005960464,"stall_frames":0,"swept_depth":0.000995367881841958,"timing":{"between_callbacks":"controller and other nodes; excluded; not controller-only","between_callbacks_us":5700,"callback_cap_us":10000,"input_flush_us":41,"live_post_us":58,"live_pre_us":89,"movement_progress_us":4,"post_contract_us":22,"post_us":141,"pre_us":279,"provisional_steering_us":68,"serialization_and_print":"deferred; excluded; snapshot included","slide_validation_us":8,"snapshot_us":49,"stage":"post"},"total_queries":6190,"wall_frames":0}
OPENING_PRODUCTION_LOG_COST {"cost_line_print_measured":false,"observation_print_us":69,"outside_physics_cap":true,"requests":2070,"serialization_us":82}
OPENING_PRODUCTION_OBSERVATION {"acceptance":false,"actual_delta":[0.0782814025878906,-0.0147331953048706,0.0251197814941406],"authored_road_hint":"Practice Meadow","callback_own_us":352,"ceiling_frames":0,"checked_start":true,"controller_observation_available":true,"controller_wanted_dir":[0.952258706092834,0.0,0.30529248714447],"delivered_input":[-0.723081886768341,-0.690762400627136],"diagnostic_output_outside_physics_cap":true,"floor_angle":0.785399973392487,"frame":2160,"live_contacts":[{"collider_path":"/root/MeadowsPlayground/Terrain","collider_rid":"RID(66898410602499)","collider_shape":41,"depth":0.0000644393221591599,"local_shape":0,"normal":[0.160019084811211,0.983990669250488,0.0784623473882675],"point":[38.2202033996582,-1.72148382663727,-37.3256568908691]}],"live_recovery_travel":[0.0000152587890625,0.0000911951065063477,0.000003814697265625],"live_state_phase":"post","mask":1,"on_ceiling":false,"on_floor":true,"on_wall":false,"physics_frame":6439,"plans":21,"player":[38.2843437194824,-1.72705805301666,-37.2942008972168],"progress_m":185.564517113962,"provisional_choice":0,"provisional_steering":{"acceptance":false,"heading":[0.95225864648819,0.0,0.305292427539825],"prediction_motion":[0.974931478500366,0.0,0.312561303377151],"retry_choice":0,"source":"prospective_step","wall_normal":[0.0,0.0,0.0]},"queries":3,"recoveries":0,"refusal":"","request":[47.0,-2.96763777732849,-34.5],"requests":2160,"safe_margin":0.00100000004749745,"slide_contacts":[{"collider_path":"/root/MeadowsPlayground/Terrain","collider_rid":"RID(66898410602499)","collider_shape":41,"normal":[0.160019084811211,0.983990669250488,0.0784623473882675],"point":[38.1458549499512,-1.70749318599701,-37.3494911193848],"slide":0,"swept_depth":0.000930246606003493},{"collider_path":"/root/MeadowsPlayground/Terrain","collider_rid":"RID(66898410602499)","collider_shape":41,"normal":[0.160019084811211,0.983990669250488,0.0784623473882675],"point":[38.2202033996582,-1.72148406505585,-37.3256530761719],"slide":1,"swept_depth":0.000156851572683081}],"slide_contacts_are_capped_prefix":true,"slide_count":2,"slide_motion":[0.07828139513731,-0.0147331953048706,0.0251197814941406],"slide_point_counts":[1,1],"snap":0.400000005960464,"stall_frames":0,"swept_depth":0.000930246606003493,"timing":{"between_callbacks":"controller and other nodes; excluded; not controller-only","between_callbacks_us":5349,"callback_cap_us":10000,"input_flush_us":28,"live_post_us":53,"live_pre_us":80,"movement_progress_us":4,"post_contract_us":18,"post_us":121,"pre_us":226,"provisional_steering_us":51,"serialization_and_print":"deferred; excluded; snapshot included","slide_validation_us":5,"snapshot_us":39,"stage":"post"},"total_queries":6460,"wall_frames":0}
OPENING_PRODUCTION_LOG_COST {"cost_line_print_measured":false,"observation_print_us":60,"outside_physics_cap":true,"requests":2160,"serialization_us":72}
OPENING_PRODUCTION_OBSERVATION {"acceptance":false,"actual_delta":[0.0788688659667969,-0.010300874710083,0.0252418518066406],"authored_road_hint":"Practice Meadow","callback_own_us":350,"ceiling_frames":0,"checked_start":true,"controller_observation_available":true,"controller_wanted_dir":[0.953177154064178,0.0,0.302412658929825],"delivered_input":[-0.725166499614716,-0.68857353925705],"diagnostic_output_outside_physics_cap":true,"floor_angle":0.785399973392487,"frame":2250,"live_contacts":[{"collider_path":"/root/MeadowsPlayground/Terrain","collider_rid":"RID(66898410602499)","collider_shape":41,"depth":0.0000642868617433123,"local_shape":0,"normal":[0.0366905368864536,0.960116147994995,0.277183473110199],"point":[45.3530960083008,-2.74169993400574,-35.1287307739258]}],"live_recovery_travel":[0.0,0.0000874996185302734,0.000026702880859375],"live_state_phase":"post","mask":1,"on_ceiling":false,"on_floor":true,"on_wall":false,"physics_frame":6529,"plans":21,"player":[45.367805480957,-2.75684213638306,-35.0176239013672],"progress_m":193.076988044777,"provisional_choice":0,"provisional_steering":{"acceptance":false,"heading":[0.953177094459534,0.0,0.302412629127502],"prediction_motion":[0.975871801376343,0.0,0.309612929821014],"retry_choice":0,"source":"prospective_step","wall_normal":[0.0,0.0,0.0]},"queries":3,"recoveries":0,"refusal":"","request":[47.0,-2.96763777732849,-34.5],"requests":2250,"safe_margin":0.00100000004749745,"slide_contacts":[{"collider_path":"/root/MeadowsPlayground/Terrain","collider_rid":"RID(66898410602499)","collider_shape":41,"normal":[0.0366905368864536,0.960116147994995,0.277183473110199],"point":[45.2773590087891,-2.73187208175659,-35.1527519226074],"slide":0,"swept_depth":0.0009266238193959},{"collider_path":"/root/MeadowsPlayground/Terrain","collider_rid":"RID(66898410602499)","collider_shape":41,"normal":[0.0366905368864536,0.960116147994995,0.277183473110199],"point":[45.3530960083008,-2.7417004108429,-35.128734588623],"slide":1,"swept_depth":0.000154165958520025}],"slide_contacts_are_capped_prefix":true,"slide_count":2,"slide_motion":[0.0788688585162163,-0.010300874710083,0.0252418518066406],"slide_point_counts":[1,1],"snap":0.400000005960464,"stall_frames":0,"swept_depth":0.0009266238193959,"timing":{"between_callbacks":"controller and other nodes; excluded; not controller-only","between_callbacks_us":4905,"callback_cap_us":10000,"input_flush_us":30,"live_post_us":54,"live_pre_us":64,"movement_progress_us":4,"post_contract_us":17,"post_us":120,"pre_us":225,"provisional_steering_us":56,"serialization_and_print":"deferred; excluded; snapshot included","slide_validation_us":5,"snapshot_us":39,"stage":"post"},"total_queries":6730,"wall_frames":0}
OPENING_PRODUCTION_LOG_COST {"cost_line_print_measured":false,"observation_print_us":60,"outside_physics_cap":true,"requests":2250,"serialization_us":77}
ERROR: Parameter "material" is null.
   at: material_get_instance_shader_parameters (servers/rendering/dummy/storage/material_storage.cpp:264)
GATE A NPC/GATHER +50.76s — pickaxe equipped, swung, gathered +4 Stone
GATE A NPC/GATHER +54.06s — knife equipped, swung, gathered +4 Fiber
OPENING_PRODUCTION_OBSERVATION {"acceptance":false,"actual_delta":[-0.0831680297851562,-0.000154614448547363,-0.00527191162109375],"authored_road_hint":"","callback_own_us":401,"ceiling_frames":0,"checked_start":true,"controller_observation_available":true,"controller_wanted_dir":[-0.997907221317291,0.0,-0.0646632611751556],"delivered_input":[0.869303107261658,0.494279474020004],"diagnostic_output_outside_physics_cap":true,"floor_angle":0.785399973392487,"frame":2340,"live_contacts":[{"collider_path":"/root/MeadowsPlayground/Terrain","collider_rid":"RID(66898410602499)","collider_shape":41,"depth":0.0000636398981441744,"local_shape":0,"normal":[-0.0109450714662671,0.989576697349548,0.143590286374092],"point":[43.1752281188965,-1.8293389081955,-39.203987121582]}],"live_recovery_travel":[0.0,0.0000908374786376953,0.0000152587890625],"live_state_phase":"post","mask":1,"on_ceiling":false,"on_floor":true,"on_wall":false,"physics_frame":6756,"plans":23,"player":[43.1708374023438,-1.83267271518707,-39.146427154541],"progress_m":200.055626994581,"provisional_choice":0,"provisional_steering":{"acceptance":false,"heading":[-0.997907161712646,0.0,-0.0646632686257362],"prediction_motion":[-1.0216668844223,0.0,-0.0662028715014458],"retry_choice":0,"source":"prospective_step","wall_normal":[0.0,0.0,0.0]},"queries":3,"recoveries":0,"refusal":"","request":[30.0,1.96799993515015,-40.0],"requests":2340,"safe_margin":0.00100000004749745,"slide_contacts":[{"collider_path":"/root/MeadowsPlayground/Terrain","collider_rid":"RID(66898410602499)","collider_shape":41,"normal":[-0.0109450714662671,0.989576697349548,0.143590286374092],"point":[43.2561111450195,-1.82920658588409,-39.1987342834473],"slide":0,"swept_depth":0.000962163438089192},{"collider_path":"/root/MeadowsPlayground/Terrain","collider_rid":"RID(66898410602499)","collider_shape":41,"normal":[-0.0109450714662671,0.989576697349548,0.143590286374092],"point":[43.1752281188965,-1.82933914661407,-39.203987121582],"slide":1,"swept_depth":0.000155473957420327}],"slide_contacts_are_capped_prefix":true,"slide_count":2,"slide_motion":[-0.0831680297851562,-0.000154614433995448,-0.00527191162109375],"slide_point_counts":[1,1],"snap":0.400000005960464,"stall_frames":0,"swept_depth":0.000962163438089192,"timing":{"between_callbacks":"controller and other nodes; excluded; not controller-only","between_callbacks_us":5045,"callback_cap_us":10000,"input_flush_us":28,"live_post_us":55,"live_pre_us":69,"movement_progress_us":4,"post_contract_us":16,"post_us":122,"pre_us":274,"provisional_steering_us":119,"serialization_and_print":"deferred; excluded; snapshot included","slide_validation_us":4,"snapshot_us":41,"stage":"post"},"total_queries":7000,"wall_frames":0}
OPENING_PRODUCTION_LOG_COST {"cost_line_print_measured":false,"observation_print_us":41,"outside_physics_cap":true,"requests":2340,"serialization_us":74}
OPENING_PRODUCTION_OBSERVATION {"acceptance":false,"actual_delta":[-0.0809822082519531,0.0183827877044678,-0.005279541015625],"authored_road_hint":"","callback_own_us":373,"ceiling_frames":0,"checked_start":true,"controller_observation_available":true,"controller_wanted_dir":[-0.99786788225174,0.0,-0.0652666687965393],"delivered_input":[0.869004011154175,0.494805008172989],"diagnostic_output_outside_physics_cap":true,"floor_angle":0.785399973392487,"frame":2430,"live_contacts":[{"collider_path":"/root/MeadowsPlayground/Terrain","collider_rid":"RID(66898410602499)","collider_shape":41,"depth":0.0000642997911199927,"local_shape":0,"normal":[0.219129994511604,0.975105583667755,0.0339272730052471],"point":[35.6590766906738,-1.09964716434479,-39.6377029418945]}],"live_recovery_travel":[0.000019073486328125,0.0000884532928466797,0.0],"live_state_phase":"post","mask":1,"on_ceiling":false,"on_floor":true,"on_wall":false,"physics_frame":6846,"plans":23,"player":[35.7469100952148,-1.10878050327301,-39.6240997314453],"progress_m":207.550240403623,"provisional_choice":0,"provisional_steering":{"acceptance":false,"heading":[-0.997867822647095,0.0,-0.0652666613459587],"prediction_motion":[-1.02162659168243,0.0,-0.0668206289410591],"retry_choice":0,"source":"prospective_step","wall_normal":[0.0,0.0,0.0]},"queries":3,"recoveries":0,"refusal":"","request":[30.0,1.96799993515015,-40.0],"requests":2430,"safe_margin":0.00100000004749745,"slide_contacts":[{"collider_path":"/root/MeadowsPlayground/Terrain","collider_rid":"RID(66898410602499)","collider_shape":41,"normal":[0.219129994511604,0.975105583667755,0.0339272730052471],"point":[35.7387237548828,-1.11772704124451,-39.6324920654297],"slide":0,"swept_depth":0.00100724666845053},{"collider_path":"/root/MeadowsPlayground/Terrain","collider_rid":"RID(66898410602499)","collider_shape":41,"normal":[0.219129994511604,0.975105583667755,0.0339272730052471],"point":[35.6590766906738,-1.09964728355408,-39.6377029418945],"slide":1,"swept_depth":0.000154589404701255}],"slide_contacts_are_capped_prefix":true,"slide_count":2,"slide_motion":[-0.0809822082519531,0.0183827895671129,-0.005279541015625],"slide_point_counts":[1,1],"snap":0.400000005960464,"stall_frames":0,"swept_depth":0.00100724666845053,"timing":{"between_callbacks":"controller and other nodes; excluded; not controller-only","between_callbacks_us":4457,"callback_cap_us":10000,"input_flush_us":29,"live_post_us":50,"live_pre_us":63,"movement_progress_us":3,"post_contract_us":16,"post_us":116,"pre_us":252,"provisional_steering_us":104,"serialization_and_print":"deferred; excluded; snapshot included","slide_validation_us":4,"snapshot_us":40,"stage":"post"},"total_queries":7270,"wall_frames":0}
OPENING_PRODUCTION_LOG_COST {"cost_line_print_measured":false,"observation_print_us":63,"outside_physics_cap":true,"requests":2430,"serialization_us":81}
OPENING_PRODUCTION_OBSERVATION {"acceptance":false,"actual_delta":[-0.0798377990722656,0.0116609632968903,0.0201301574707031],"authored_road_hint":"","callback_own_us":374,"ceiling_frames":0,"checked_start":true,"controller_observation_available":true,"controller_wanted_dir":[-0.96980619430542,0.0,0.243877097964287],"delivered_input":[0.978870034217834,0.204483166337013],"diagnostic_output_outside_physics_cap":true,"floor_angle":0.785399973392487,"frame":2520,"live_contacts":[{"collider_path":"/root/MeadowsPlayground/Terrain","collider_rid":"RID(66898410602499)","collider_shape":41,"depth":0.000064098639995791,"local_shape":0,"normal":[0.160172134637833,0.986582279205322,0.031628854572773],"point":[28.4186534881592,0.33570984005928,-39.3943405151367]}],"live_recovery_travel":[0.0000152587890625,0.000092238187789917,0.0],"live_state_phase":"post","mask":1,"on_ceiling":false,"on_floor":true,"on_wall":false,"physics_frame":6936,"plans":24,"player":[28.4828586578369,0.331173777580261,-39.3816604614258],"progress_m":215.03669809422,"provisional_choice":0,"provisional_steering":{"acceptance":false,"heading":[-0.96980619430542,0.0,0.243877083063126],"prediction_motion":[-0.992896854877472,0.0,0.249683693051338],"retry_choice":0,"source":"prospective_step","wall_normal":[0.0,0.0,0.0]},"queries":3,"recoveries":0,"refusal":"","request":[21.0,1.96799993515015,-37.5],"requests":2520,"safe_margin":0.00100000004749745,"slide_contacts":[{"collider_path":"/root/MeadowsPlayground/Terrain","collider_rid":"RID(66898410602499)","collider_shape":41,"normal":[0.160172134637833,0.986582279205322,0.031628854572773],"point":[28.4959449768066,0.323784559965134,-39.4137687683105],"slide":0,"swept_depth":0.00101159256882966},{"collider_path":"/root/MeadowsPlayground/Terrain","collider_rid":"RID(66898410602499)","collider_shape":41,"normal":[0.160172134637833,0.986582279205322,0.031628854572773],"point":[28.4186534881592,0.335709780454636,-39.3943405151367],"slide":1,"swept_depth":0.00015748968871776}],"slide_contacts_are_capped_prefix":true,"slide_count":2,"slide_motion":[-0.079837791621685,0.0116609632968903,0.020130155608058],"slide_point_counts":[1,1],"snap":0.400000005960464,"stall_frames":0,"swept_depth":0.00101159256882966,"timing":{"between_callbacks":"controller and other nodes; excluded; not controller-only","between_callbacks_us":4686,"callback_cap_us":10000,"input_flush_us":30,"live_post_us":55,"live_pre_us":50,"movement_progress_us":4,"post_contract_us":16,"post_us":119,"pre_us":250,"provisional_steering_us":113,"serialization_and_print":"deferred; excluded; snapshot included","slide_validation_us":3,"snapshot_us":39,"stage":"post"},"total_queries":7540,"wall_frames":0}
OPENING_PRODUCTION_LOG_COST {"cost_line_print_measured":false,"observation_print_us":59,"outside_physics_cap":true,"requests":2520,"serialization_us":75}
OPENING_PRODUCTION_OBSERVATION {"acceptance":false,"actual_delta":[-0.0604228973388672,0.00104749202728271,0.0573692321777344],"authored_road_hint":"","callback_own_us":470,"ceiling_frames":0,"checked_start":true,"controller_observation_available":true,"controller_wanted_dir":[-0.725786745548248,0.0,0.687919855117798],"delivered_input":[0.953449249267578,-0.301553577184677],"diagnostic_output_outside_physics_cap":true,"floor_angle":0.785399973392487,"frame":2610,"live_contacts":[{"collider_path":"/root/MeadowsPlayground/Terrain","collider_rid":"RID(66898410602499)","collider_shape":41,"depth":0.0000641235164948739,"local_shape":0,"normal":[0.0656998157501221,0.996523797512054,0.0512246862053871],"point":[21.313346862793,0.96694403886795,-37.4084777832031]}],"live_recovery_travel":[0.00000762939453125,0.0000957846641540527,0.000003814697265625],"live_state_phase":"post","mask":1,"on_ceiling":false,"on_floor":true,"on_wall":false,"physics_frame":7026,"plans":25,"player":[21.3396797180176,0.966390430927277,-37.3879470825195],"progress_m":222.524485609145,"provisional_choice":0,"provisional_steering":{"acceptance":false,"heading":[-0.725786685943604,0.0,0.687919795513153],"prediction_motion":[-0.74306732416153,0.0,0.704298853874207],"retry_choice":0,"source":"prospective_step","wall_normal":[0.0,0.0,0.0]},"queries":3,"recoveries":0,"refusal":"","request":[14.6000003814697,1.96799993515015,-31.0],"requests":2610,"safe_margin":0.00100000004749745,"slide_contacts":[{"collider_path":"/root/MeadowsPlayground/Terrain","collider_rid":"RID(66898410602499)","collider_shape":41,"normal":[0.0656998157501221,0.996523797512054,0.0512246862053871],"point":[21.3721790313721,0.965931594371796,-37.4642333984375],"slide":0,"swept_depth":0.00100278574973345},{"collider_path":"/root/MeadowsPlayground/Terrain","collider_rid":"RID(66898410602499)","collider_shape":41,"normal":[0.0656998157501221,0.996523797512054,0.0512246862053871],"point":[21.313346862793,0.966944336891174,-37.4084777832031],"slide":1,"swept_depth":0.000160509647685103}],"slide_contacts_are_capped_prefix":true,"slide_count":2,"slide_motion":[-0.0604228973388672,0.00104749202728271,0.0573692321777344],"slide_point_counts":[1,1],"snap":0.400000005960464,"stall_frames":0,"swept_depth":0.00100278574973345,"timing":{"between_callbacks":"controller and other nodes; excluded; not controller-only","between_callbacks_us":4906,"callback_cap_us":10000,"input_flush_us":40,"live_post_us":59,"live_pre_us":81,"movement_progress_us":4,"post_contract_us":20,"post_us":129,"pre_us":337,"provisional_steering_us":134,"serialization_and_print":"deferred; excluded; snapshot included","slide_validation_us":5,"snapshot_us":40,"stage":"post"},"total_queries":7810,"wall_frames":0}
OPENING_PRODUCTION_LOG_COST {"cost_line_print_measured":false,"observation_print_us":45,"outside_physics_cap":true,"requests":2610,"serialization_us":77}
OPENING_PRODUCTION_OBSERVATION {"acceptance":false,"actual_delta":[-0.0605134963989258,-0.00302499532699585,0.0572853088378906],"authored_road_hint":"","callback_own_us":394,"ceiling_frames":0,"checked_start":true,"controller_observation_available":true,"controller_wanted_dir":[-0.726297438144684,0.0,0.687380611896515],"delivered_input":[0.953673005104065,-0.300845414400101],"diagnostic_output_outside_physics_cap":true,"floor_angle":0.785399973392487,"frame":2700,"live_contacts":[{"collider_path":"/root/MeadowsPlayground/Terrain","collider_rid":"RID(66898410602499)","collider_shape":41,"depth":0.0000649760622764006,"local_shape":0,"normal":[-0.0119236726313829,0.999543070793152,0.0277741905301809],"point":[15.901969909668,0.882045745849609,-32.2388038635254]}],"live_recovery_travel":[-0.00000095367431640625,0.000100016593933105,0.0],"live_state_phase":"post","mask":1,"on_ceiling":false,"on_floor":true,"on_wall":false,"physics_frame":7116,"plans":25,"player":[15.8971900939941,0.882697641849518,-32.227668762207],"progress_m":230.025503790588,"provisional_choice":0,"provisional_steering":{"acceptance":false,"heading":[-0.726297438144684,0.0,0.687380611896515],"prediction_motion":[-0.743590235710144,0.0,0.703746855258942],"retry_choice":0,"source":"prospective_step","wall_normal":[0.0,0.0,0.0]},"queries":3,"recoveries":0,"refusal":"","request":[14.6000003814697,1.96799993515015,-31.0],"requests":2700,"safe_margin":0.00100000004749745,"slide_contacts":[{"collider_path":"/root/MeadowsPlayground/Terrain","collider_rid":"RID(66898410602499)","collider_shape":41,"normal":[-0.0119236726313829,0.999543070793152,0.0277741905301809],"point":[15.9593992233276,0.884240984916687,-32.2931518554688],"slide":0,"swept_depth":0.00102824403438717},{"collider_path":"/root/MeadowsPlayground/Terrain","collider_rid":"RID(66898410602499)","collider_shape":41,"normal":[-0.0119236726313829,0.999543070793152,0.0277741905301809],"point":[15.901969909668,0.88204562664032,-32.2388000488281],"slide":1,"swept_depth":0.000164802433573641}],"slide_contacts_are_capped_prefix":true,"slide_count":2,"slide_motion":[-0.0605134963989258,-0.00302499532699585,0.0572853088378906],"slide_point_counts":[1,1],"snap":0.400000005960464,"stall_frames":0,"swept_depth":0.00102824403438717,"timing":{"between_callbacks":"controller and other nodes; excluded; not controller-only","between_callbacks_us":6410,"callback_cap_us":10000,"input_flush_us":41,"live_post_us":57,"live_pre_us":71,"movement_progress_us":6,"post_contract_us":23,"post_us":139,"pre_us":250,"provisional_steering_us":53,"serialization_and_print":"deferred; excluded; snapshot included","slide_validation_us":7,"snapshot_us":45,"stage":"post"},"total_queries":8080,"wall_frames":0}
OPENING_PRODUCTION_LOG_COST {"cost_line_print_measured":false,"observation_print_us":63,"outside_physics_cap":true,"requests":2700,"serialization_us":86}
OPENING_PRODUCTION_OBSERVATION {"acceptance":false,"actual_delta":[0.0579795837402344,0.000352680683135986,0.0598506927490234],"authored_road_hint":"","callback_own_us":504,"ceiling_frames":0,"checked_start":true,"controller_observation_available":true,"controller_wanted_dir":[0.695500791072845,0.0,0.718525350093842],"delivered_input":[-0.311545699834824,-0.95023113489151],"diagnostic_output_outside_physics_cap":true,"floor_angle":0.785399973392487,"frame":2790,"live_contacts":[{"collider_path":"/root/MeadowsPlayground/Terrain","collider_rid":"RID(66898410602499)","collider_shape":41,"depth":0.0000562123314011842,"local_shape":0,"normal":[0.0178695823997259,0.999574363231659,-0.0230620354413986],"point":[19.1428604125977,0.885575175285339,-26.86891746521]}],"live_recovery_travel":[0.0,0.000041961669921875,0.0],"live_state_phase":"post","mask":1,"on_ceiling":false,"on_floor":true,"on_wall":false,"physics_frame":7206,"plans":26,"player":[19.1500244140625,0.886306464672089,-26.8781623840332],"progress_m":237.370007156045,"provisional_choice":0,"provisional_steering":{"acceptance":false,"heading":[0.695500791072845,0.0,0.718525409698486],"prediction_motion":[0.712060332298279,0.0,0.735633194446564],"retry_choice":0,"source":"prospective_step","wall_normal":[0.0,0.0,0.0]},"queries":3,"recoveries":0,"refusal":"","request":[20.0,1.96799993515015,-26.0],"requests":2790,"safe_margin":0.00100000004749745,"slide_contacts":[{"collider_path":"/root/MeadowsPlayground/Terrain","collider_rid":"RID(66898410602499)","collider_shape":41,"normal":[0.0178695823997259,0.999574363231659,-0.0230620354413986],"point":[19.0864810943604,0.885239541530609,-26.927152633667],"slide":0,"swept_depth":0.000977875199168921},{"collider_path":"/root/MeadowsPlayground/Terrain","collider_rid":"RID(66898410602499)","collider_shape":41,"normal":[0.0349061340093613,0.998585999011993,-0.0400934554636478],"point":[19.079662322998,0.885518729686737,-26.9203338623047],"slide":0,"swept_depth":0.000977875199168921},{"collider_path":"/root/MeadowsPlayground/Terrain","collider_rid":"RID(66898410602499)","collider_shape":41,"normal":[0.0178695823997259,0.999574363231659,-0.0230620354413986],"point":[19.1428604125977,0.885575115680695,-26.86891746521],"slide":1,"swept_depth":0.0000980867334874347}],"slide_contacts_are_capped_prefix":true,"slide_count":2,"slide_motion":[0.0579795837402344,0.000352680683135986,0.0598506927490234],"slide_point_counts":[2,1],"snap":0.400000005960464,"stall_frames":0,"swept_depth":0.000977875199168921,"timing":{"between_callbacks":"controller and other nodes; excluded; not controller-only","between_callbacks_us":5927,"callback_cap_us":10000,"input_flush_us":58,"live_post_us":60,"live_pre_us":72,"movement_progress_us":5,"post_contract_us":19,"post_us":135,"pre_us":365,"provisional_steering_us":149,"serialization_and_print":"deferred; excluded; snapshot included","slide_validation_us":7,"snapshot_us":43,"stage":"post"},"total_queries":8350,"wall_frames":0}
OPENING_PRODUCTION_LOG_COST {"cost_line_print_measured":false,"observation_print_us":59,"outside_physics_cap":true,"requests":2790,"serialization_us":83}
OPENING_PRODUCTION_OBSERVATION {"acceptance":false,"actual_delta":[0.000776290893554688,0.0000249147415161133,0.0833301544189453],"authored_road_hint":"","callback_own_us":318,"ceiling_frames":0,"checked_start":true,"controller_observation_available":true,"controller_wanted_dir":[0.00932043790817261,0.0,0.999956607818604],"delivered_input":[0.428630828857422,-0.903479754924774],"diagnostic_output_outside_physics_cap":true,"floor_angle":0.785399973392487,"frame":2880,"live_contacts":[{"collider_path":"/root/MeadowsPlayground/Terrain","collider_rid":"RID(66898410602499)","collider_shape":41,"depth":0.0000639557838439941,"local_shape":0,"normal":[0.0,1.0,0.0],"point":[19.6870975494385,0.899999976158142,-19.5701122283936]}],"live_recovery_travel":[0.0,0.0000936985015869141,0.0],"live_state_phase":"post","mask":1,"on_ceiling":false,"on_floor":true,"on_wall":false,"physics_frame":7296,"plans":27,"player":[19.6870975494385,0.900842249393463,-19.5701122283936],"progress_m":244.849507263512,"provisional_choice":0,"provisional_steering":{"acceptance":false,"heading":[0.00932044722139835,0.0,0.999956607818604],"prediction_motion":[0.00954236276447773,0.0,1.02376508712769],"retry_choice":0,"source":"prospective_step","wall_normal":[0.0,0.0,0.0]},"queries":3,"recoveries":0,"refusal":"","request":[20.0,1.96799993515015,14.0],"requests":2880,"safe_margin":0.00100000004749745,"slide_contacts":[{"collider_path":"/root/MeadowsPlayground/Terrain","collider_rid":"RID(66898410602499)","collider_shape":41,"normal":[0.0,1.0,0.0],"point":[19.6863422393799,0.899999976158142,-19.6511631011963],"slide":0,"swept_depth":0.000978648662567139},{"collider_path":"/root/MeadowsPlayground/Terrain","collider_rid":"RID(66898410602499)","collider_shape":41,"normal":[0.0,1.0,0.0],"point":[19.6870975494385,0.899999976158142,-19.5701122283936],"slide":1,"swept_depth":0.000157654285430908}],"slide_contacts_are_capped_prefix":true,"slide_count":2,"slide_motion":[0.000776290893554688,0.0000249147415161133,0.0833301544189453],"slide_point_counts":[1,1],"snap":0.400000005960464,"stall_frames":0,"swept_depth":0.000978648662567139,"timing":{"between_callbacks":"controller and other nodes; excluded; not controller-only","between_callbacks_us":4717,"callback_cap_us":10000,"input_flush_us":29,"live_post_us":50,"live_pre_us":65,"movement_progress_us":5,"post_contract_us":17,"post_us":115,"pre_us":198,"provisional_steering_us":48,"serialization_and_print":"deferred; excluded; snapshot included","slide_validation_us":4,"snapshot_us":39,"stage":"post"},"total_queries":8620,"wall_frames":0}
OPENING_PRODUCTION_LOG_COST {"cost_line_print_measured":false,"observation_print_us":55,"outside_physics_cap":true,"requests":2880,"serialization_us":71}
OPENING_PRODUCTION_OBSERVATION {"acceptance":false,"actual_delta":[0.000776290893554688,-0.000063478946685791,0.0833292007446289],"authored_road_hint":"","callback_own_us":330,"ceiling_frames":0,"checked_start":true,"controller_observation_available":true,"controller_wanted_dir":[0.00932157039642334,0.0,0.999956548213959],"delivered_input":[0.428629785776138,-0.903480231761932],"diagnostic_output_outside_physics_cap":true,"floor_angle":0.785399973392487,"frame":2970,"live_contacts":[{"collider_path":"/root/MeadowsPlayground/Terrain","collider_rid":"RID(66898410602499)","collider_shape":41,"depth":0.0000638365745544434,"local_shape":0,"normal":[0.0,1.0,0.0],"point":[19.7569713592529,0.899999976158142,-12.0704364776611]}],"live_recovery_travel":[0.0,0.0000928640365600586,0.0],"live_state_phase":"post","mask":1,"on_ceiling":false,"on_floor":true,"on_wall":false,"physics_frame":7386,"plans":27,"player":[19.7569713592529,0.900843262672424,-12.0704364776611],"progress_m":252.349508880288,"provisional_choice":0,"provisional_steering":{"acceptance":false,"heading":[0.00932157598435879,0.0,0.999956548213959],"prediction_motion":[0.00954351853579283,0.0,1.02376508712769],"retry_choice":0,"source":"prospective_step","wall_normal":[0.0,0.0,0.0]},"queries":3,"recoveries":0,"refusal":"","request":[20.0,1.96799993515015,14.0],"requests":2970,"safe_margin":0.00100000004749745,"slide_contacts":[{"collider_path":"/root/MeadowsPlayground/Terrain","collider_rid":"RID(66898410602499)","collider_shape":41,"normal":[0.0,1.0,0.0],"point":[19.7562160491943,0.899999976158142,-12.1514873504639],"slide":0,"swept_depth":0.000970780849456787},{"collider_path":"/root/MeadowsPlayground/Terrain","collider_rid":"RID(66898410602499)","collider_shape":41,"normal":[0.0,1.0,0.0],"point":[19.7569713592529,0.899999976158142,-12.0704364776611],"slide":1,"swept_depth":0.000156700611114502}],"slide_contacts_are_capped_prefix":true,"slide_count":2,"slide_motion":[0.000776290893554688,-0.000063478946685791,0.0833292007446289],"slide_point_counts":[1,1],"snap":0.400000005960464,"stall_frames":0,"swept_depth":0.000970780849456787,"timing":{"between_callbacks":"controller and other nodes; excluded; not controller-only","between_callbacks_us":4520,"callback_cap_us":10000,"input_flush_us":29,"live_post_us":55,"live_pre_us":68,"movement_progress_us":4,"post_contract_us":16,"post_us":120,"pre_us":206,"provisional_steering_us":51,"serialization_and_print":"deferred; excluded; snapshot included","slide_validation_us":4,"snapshot_us":38,"stage":"post"},"total_queries":8890,"wall_frames":0}
OPENING_PRODUCTION_LOG_COST {"cost_line_print_measured":false,"observation_print_us":44,"outside_physics_cap":true,"requests":2970,"serialization_us":74}
OPENING_PRODUCTION_OBSERVATION {"acceptance":false,"actual_delta":[0.000776290893554688,0.0000126957893371582,0.0833296775817871],"authored_road_hint":"","callback_own_us":356,"ceiling_frames":0,"checked_start":true,"controller_observation_available":true,"controller_wanted_dir":[0.00932347774505615,0.0,0.999956607818604],"delivered_input":[0.42862805724144,-0.903481066226959],"diagnostic_output_outside_physics_cap":true,"floor_angle":0.785399973392487,"frame":3060,"live_contacts":[{"collider_path":"/root/MeadowsPlayground/Terrain","collider_rid":"RID(66898410602499)","collider_shape":41,"depth":0.0000639557838439941,"local_shape":0,"normal":[0.0,1.0,0.0],"point":[19.826847076416,0.899999976158142,-4.57078075408936]}],"live_recovery_travel":[0.0,0.0000935792922973633,0.0],"live_state_phase":"post","mask":1,"on_ceiling":false,"on_floor":true,"on_wall":false,"physics_frame":7476,"plans":27,"player":[19.826847076416,0.900842487812042,-4.57078075408936],"progress_m":259.849490045221,"provisional_choice":0,"provisional_steering":{"acceptance":false,"heading":[0.00932350289076567,0.0,0.999956548213959],"prediction_motion":[0.00954549107700586,0.0,1.02376508712769],"retry_choice":0,"source":"prospective_step","wall_normal":[0.0,0.0,0.0]},"queries":3,"recoveries":0,"refusal":"","request":[20.0,1.96799993515015,14.0],"requests":3060,"safe_margin":0.00100000004749745,"slide_contacts":[{"collider_path":"/root/MeadowsPlayground/Terrain","collider_rid":"RID(66898410602499)","collider_shape":41,"normal":[0.0,1.0,0.0],"point":[19.8260917663574,0.899999976158142,-4.65183210372925],"slide":0,"swept_depth":0.000977098941802979},{"collider_path":"/root/MeadowsPlayground/Terrain","collider_rid":"RID(66898410602499)","collider_shape":41,"normal":[0.0,1.0,0.0],"point":[19.826847076416,0.899999976158142,-4.57078075408936],"slide":1,"swept_depth":0.000157415866851807}],"slide_contacts_are_capped_prefix":true,"slide_count":2,"slide_motion":[0.000776290893554688,0.0000126957893371582,0.0833296775817871],"slide_point_counts":[1,1],"snap":0.400000005960464,"stall_frames":0,"swept_depth":0.000977098941802979,"timing":{"between_callbacks":"controller and other nodes; excluded; not controller-only","between_callbacks_us":4360,"callback_cap_us":10000,"input_flush_us":34,"live_post_us":55,"live_pre_us":74,"movement_progress_us":4,"post_contract_us":17,"post_us":122,"pre_us":230,"provisional_steering_us":58,"serialization_and_print":"deferred; excluded; snapshot included","slide_validation_us":4,"snapshot_us":40,"stage":"post"},"total_queries":9160,"wall_frames":0}
OPENING_PRODUCTION_LOG_COST {"cost_line_print_measured":false,"observation_print_us":61,"outside_physics_cap":true,"requests":3060,"serialization_us":90}
OPENING_PRODUCTION_OBSERVATION {"acceptance":false,"actual_delta":[0.000776290893554688,0.0,0.0833296775817871],"authored_road_hint":"","callback_own_us":387,"ceiling_frames":0,"checked_start":true,"controller_observation_available":true,"controller_wanted_dir":[0.00932565331459045,0.0,0.999956548213959],"delivered_input":[0.428626120090485,-0.903482019901276],"diagnostic_output_outside_physics_cap":true,"floor_angle":0.785399973392487,"frame":3150,"live_contacts":[{"collider_path":"/root/MeadowsPlayground/Terrain","collider_rid":"RID(66898410602499)","collider_shape":33,"depth":0.0000639557838439941,"local_shape":0,"normal":[0.0,1.0,0.0],"point":[19.89674949646,0.899999976158142,2.92890524864197]}],"live_recovery_travel":[0.0,0.0000934004783630371,0.0],"live_state_phase":"post","mask":1,"on_ceiling":false,"on_floor":true,"on_wall":false,"physics_frame":7566,"plans":27,"player":[19.89674949646,0.900842666625977,2.92890524864197],"progress_m":267.349502040655,"provisional_choice":0,"provisional_steering":{"acceptance":false,"heading":[0.0093256514519453,0.0,0.999956548213959],"prediction_motion":[0.0095476908609271,0.0,1.02376508712769],"retry_choice":0,"source":"prospective_step","wall_normal":[0.0,0.0,0.0]},"queries":3,"recoveries":0,"refusal":"","request":[20.0,1.96799993515015,14.0],"requests":3150,"safe_margin":0.00100000004749745,"slide_contacts":[{"collider_path":"/root/MeadowsPlayground/Terrain","collider_rid":"RID(66898410602499)","collider_shape":33,"normal":[0.0,1.0,0.0],"point":[19.8959941864014,0.899999976158142,2.84785413742065],"slide":0,"swept_depth":0.000975430011749268},{"collider_path":"/root/MeadowsPlayground/Terrain","collider_rid":"RID(66898410602499)","collider_shape":33,"normal":[0.0,1.0,0.0],"point":[19.89674949646,0.899999976158142,2.92890524864197],"slide":1,"swept_depth":0.000157296657562256}],"slide_contacts_are_capped_prefix":true,"slide_count":2,"slide_motion":[0.000776290893554688,0.0,0.0833296775817871],"slide_point_counts":[1,1],"snap":0.400000005960464,"stall_frames":0,"swept_depth":0.000975430011749268,"timing":{"between_callbacks":"controller and other nodes; excluded; not controller-only","between_callbacks_us":4232,"callback_cap_us":10000,"input_flush_us":42,"live_post_us":62,"live_pre_us":83,"movement_progress_us":4,"post_contract_us":17,"post_us":129,"pre_us":253,"provisional_steering_us":59,"serialization_and_print":"deferred; excluded; snapshot included","slide_validation_us":5,"snapshot_us":40,"stage":"post"},"total_queries":9430,"wall_frames":0}
OPENING_PRODUCTION_LOG_COST {"cost_line_print_measured":false,"observation_print_us":61,"outside_physics_cap":true,"requests":3150,"serialization_us":109}
OPENING_PRODUCTION_OBSERVATION {"acceptance":false,"actual_delta":[0.000776290893554688,-0.0000759363174438477,0.0833292007446289],"authored_road_hint":"","callback_own_us":386,"ceiling_frames":0,"checked_start":true,"controller_observation_available":true,"controller_wanted_dir":[0.00932556483894587,0.0,0.999956548213959],"delivered_input":[0.428626149892807,-0.903481900691986],"diagnostic_output_outside_physics_cap":true,"floor_angle":0.785399973392487,"frame":3240,"live_contacts":[{"collider_path":"/root/MeadowsPlayground/Terrain","collider_rid":"RID(66898410602499)","collider_shape":33,"depth":0.0000737309455871582,"local_shape":0,"normal":[0.0,1.0,0.0],"point":[19.9666919708252,0.899999976158142,10.4285707473755]}],"live_recovery_travel":[0.0,0.000159502029418945,0.0],"live_state_phase":"post","mask":1,"on_ceiling":false,"on_floor":true,"on_wall":false,"physics_frame":7656,"plans":27,"player":[19.9666919708252,0.900766730308533,10.4285707473755],"progress_m":274.849493919523,"provisional_choice":0,"provisional_steering":{"acceptance":false,"heading":[0.00932560581713915,0.0,0.999956488609314],"prediction_motion":[0.00954764429479837,0.0,1.0237649679184],"retry_choice":0,"source":"prospective_step","wall_normal":[0.0,0.0,0.0]},"queries":3,"recoveries":0,"refusal":"","request":[20.0,1.96799993515015,14.0],"requests":3240,"safe_margin":0.00100000004749745,"slide_contacts":[{"collider_path":"/root/MeadowsPlayground/Terrain","collider_rid":"RID(66898410602499)","collider_shape":33,"normal":[0.0,1.0,0.0],"point":[19.965950012207,0.899999976158142,10.3489847183228],"slide":0,"swept_depth":0.00156122446060181},{"collider_path":"/root/MeadowsPlayground/Terrain","collider_rid":"RID(66898410602499)","collider_shape":33,"normal":[-0.0849270895123482,0.996387183666229,0.0],"point":[19.9999961853027,0.899999976158142,10.3489847183228],"slide":0,"swept_depth":0.00156122446060181},{"collider_path":"/root/MeadowsPlayground/Terrain","collider_rid":"RID(66898410602499)","collider_shape":33,"normal":[0.0,1.0,0.0],"point":[19.9666919708252,0.899999976158142,10.4285707473755],"slide":1,"swept_depth":0.000233232975006104}],"slide_contacts_are_capped_prefix":true,"slide_count":2,"slide_motion":[0.000776290893554688,-0.00007593631016789,0.0833292007446289],"slide_point_counts":[2,1],"snap":0.400000005960464,"stall_frames":0,"swept_depth":0.00156122446060181,"timing":{"between_callbacks":"controller and other nodes; excluded; not controller-only","between_callbacks_us":3920,"callback_cap_us":10000,"input_flush_us":33,"live_post_us":56,"live_pre_us":100,"movement_progress_us":4,"post_contract_us":18,"post_us":126,"pre_us":256,"provisional_steering_us":56,"serialization_and_print":"deferred; excluded; snapshot included","slide_validation_us":5,"snapshot_us":41,"stage":"post"},"total_queries":9700,"wall_frames":0}
OPENING_PRODUCTION_LOG_COST {"cost_line_print_measured":false,"observation_print_us":41,"outside_physics_cap":true,"requests":3240,"serialization_us":77}
OPENING_PRODUCTION_OBSERVATION {"acceptance":false,"actual_delta":[0.0833320617675781,0.00000131130218505859,0.000685691833496094],"authored_road_hint":"","callback_own_us":381,"ceiling_frames":0,"checked_start":true,"controller_observation_available":true,"controller_wanted_dir":[0.999966144561768,0.0,0.00822728872299194],"delivered_input":[-0.895819425582886,-0.444418221712112],"diagnostic_output_outside_physics_cap":true,"floor_angle":0.785399973392487,"frame":3330,"live_contacts":[{"collider_path":"/root/MeadowsPlayground/Terrain","collider_rid":"RID(66898410602499)","collider_shape":33,"depth":0.0000639557838439941,"local_shape":0,"normal":[0.0,1.0,0.0],"point":[24.2882766723633,0.899999976158142,13.6732702255249]}],"live_recovery_travel":[0.0,0.0000934004783630371,0.0],"live_state_phase":"post","mask":1,"on_ceiling":false,"on_floor":true,"on_wall":false,"physics_frame":7746,"plans":28,"player":[24.2882766723633,0.900842666625977,13.6732702255249],"progress_m":282.197715590359,"provisional_choice":0,"provisional_steering":{"acceptance":false,"heading":[0.999966144561768,0.0,0.00822726264595985],"prediction_motion":[1.02377486228943,0.0,0.00842315051704645],"retry_choice":0,"source":"prospective_step","wall_normal":[0.0,0.0,0.0]},"queries":3,"recoveries":0,"refusal":"","request":[64.0,1.96799993515015,14.0],"requests":3330,"safe_margin":0.00100000004749745,"slide_contacts":[{"collider_path":"/root/MeadowsPlayground/Terrain","collider_rid":"RID(66898410602499)","collider_shape":33,"normal":[0.0,1.0,0.0],"point":[24.2072238922119,0.899999976158142,13.6726036071777],"slide":0,"swept_depth":0.000975430011749268},{"collider_path":"/root/MeadowsPlayground/Terrain","collider_rid":"RID(66898410602499)","collider_shape":33,"normal":[0.0,1.0,0.0],"point":[24.2882766723633,0.899999976158142,13.6732702255249],"slide":1,"swept_depth":0.000157296657562256}],"slide_contacts_are_capped_prefix":true,"slide_count":2,"slide_motion":[0.0833320617675781,0.00000131130218505859,0.000685691833496094],"slide_point_counts":[1,1],"snap":0.400000005960464,"stall_frames":0,"swept_depth":0.000975430011749268,"timing":{"between_callbacks":"controller and other nodes; excluded; not controller-only","between_callbacks_us":3634,"callback_cap_us":10000,"input_flush_us":34,"live_post_us":78,"live_pre_us":78,"movement_progress_us":4,"post_contract_us":18,"post_us":145,"pre_us":232,"provisional_steering_us":53,"serialization_and_print":"deferred; excluded; snapshot included","slide_validation_us":4,"snapshot_us":40,"stage":"post"},"total_queries":9970,"wall_frames":0}
OPENING_PRODUCTION_LOG_COST {"cost_line_print_measured":false,"observation_print_us":59,"outside_physics_cap":true,"requests":3330,"serialization_us":72}
OPENING_PRODUCTION_OBSERVATION {"acceptance":false,"actual_delta":[0.0833320617675781,0.00000232458114624023,0.000685691833496094],"authored_road_hint":"","callback_own_us":357,"ceiling_frames":0,"checked_start":true,"controller_observation_available":true,"controller_wanted_dir":[0.999966144561768,0.0,0.00822713878005743],"delivered_input":[-0.895819544792175,-0.444418132305145],"diagnostic_output_outside_physics_cap":true,"floor_angle":0.785399973392487,"frame":3420,"live_contacts":[{"collider_path":"/root/MeadowsPlayground/Terrain","collider_rid":"RID(66898410602499)","collider_shape":33,"depth":0.0000635981559753418,"local_shape":0,"normal":[0.0,1.0,0.0],"point":[31.7881660461426,0.899999976158142,13.7349786758423]}],"live_recovery_travel":[0.0,0.0000913739204406738,0.0],"live_state_phase":"post","mask":1,"on_ceiling":false,"on_floor":true,"on_wall":false,"physics_frame":7836,"plans":28,"player":[31.7881660461426,0.900844991207123,13.7349786758423],"progress_m":289.697859639884,"provisional_choice":0,"provisional_steering":{"acceptance":false,"heading":[0.999966204166412,0.0,0.00822717696428299],"prediction_motion":[1.02377498149872,0.0,0.00842306204140186],"retry_choice":0,"source":"prospective_step","wall_normal":[0.0,0.0,0.0]},"queries":3,"recoveries":0,"refusal":"","request":[64.0,1.96799993515015,14.0],"requests":3420,"safe_margin":0.00100000004749745,"slide_contacts":[{"collider_path":"/root/MeadowsPlayground/Terrain","collider_rid":"RID(66898410602499)","collider_shape":33,"normal":[0.0,1.0,0.0],"point":[31.7071132659912,0.899999976158142,13.7343120574951],"slide":0,"swept_depth":0.000975430011749268},{"collider_path":"/root/MeadowsPlayground/Terrain","collider_rid":"RID(66898410602499)","collider_shape":33,"normal":[-0.0339524298906326,0.998846590518951,0.0339524298906326],"point":[31.7207107543945,0.899999976158142,13.7207145690918],"slide":0,"swept_depth":0.000975430011749268},{"collider_path":"/root/MeadowsPlayground/Terrain","collider_rid":"RID(66898410602499)","collider_shape":33,"normal":[0.0,1.0,0.0],"point":[31.7881660461426,0.899999976158142,13.7349786758423],"slide":1,"swept_depth":0.000155031681060791}],"slide_contacts_are_capped_prefix":true,"slide_count":2,"slide_motion":[0.0833320617675781,0.00000232458137361391,0.000685691833496094],"slide_point_counts":[2,1],"snap":0.400000005960464,"stall_frames":0,"swept_depth":0.000975430011749268,"timing":{"between_callbacks":"controller and other nodes; excluded; not controller-only","between_callbacks_us":3635,"callback_cap_us":10000,"input_flush_us":28,"live_post_us":79,"live_pre_us":67,"movement_progress_us":5,"post_contract_us":16,"post_us":148,"pre_us":204,"provisional_steering_us":50,"serialization_and_print":"deferred; excluded; snapshot included","slide_validation_us":4,"snapshot_us":43,"stage":"post"},"total_queries":10240,"wall_frames":0}
OPENING_PRODUCTION_LOG_COST {"cost_line_print_measured":false,"observation_print_us":69,"outside_physics_cap":true,"requests":3420,"serialization_us":84}
OPENING_PRODUCTION_OBSERVATION {"acceptance":false,"actual_delta":[0.0833282470703125,0.0000126957893371582,0.000685691833496094],"authored_road_hint":"","callback_own_us":398,"ceiling_frames":0,"checked_start":true,"controller_observation_available":true,"controller_wanted_dir":[0.999966144561768,0.0,0.00822708010673523],"delivered_input":[-0.895819485187531,-0.444418042898178],"diagnostic_output_outside_physics_cap":true,"floor_angle":0.785399973392487,"frame":3510,"live_contacts":[{"collider_path":"/root/MeadowsPlayground/Terrain","collider_rid":"RID(66898410602499)","collider_shape":33,"depth":0.0000639557838439941,"local_shape":0,"normal":[0.0,1.0,0.0],"point":[39.2877235412598,0.899999976158142,13.7966833114624]}],"live_recovery_travel":[0.0,0.0000935792922973633,0.0],"live_state_phase":"post","mask":1,"on_ceiling":false,"on_floor":true,"on_wall":false,"physics_frame":7926,"plans":28,"player":[39.2877235412598,0.900842487812042,13.7966833114624],"progress_m":297.197671542526,"provisional_choice":0,"provisional_steering":{"acceptance":false,"heading":[0.999966144561768,0.0,0.00822708196938038],"prediction_motion":[1.02377486228943,0.0,0.0084229651838541],"retry_choice":0,"source":"prospective_step","wall_normal":[0.0,0.0,0.0]},"queries":3,"recoveries":0,"refusal":"","request":[64.0,1.96799993515015,14.0],"requests":3510,"safe_margin":0.00100000004749745,"slide_contacts":[{"collider_path":"/root/MeadowsPlayground/Terrain","collider_rid":"RID(66898410602499)","collider_shape":33,"normal":[0.0,1.0,0.0],"point":[39.206672668457,0.899999976158142,13.7960166931152],"slide":0,"swept_depth":0.000977098941802979},{"collider_path":"/root/MeadowsPlayground/Terrain","collider_rid":"RID(66898410602499)","collider_shape":33,"normal":[0.0,1.0,0.0],"point":[39.2877235412598,0.899999976158142,13.7966833114624],"slide":1,"swept_depth":0.000157415866851807}],"slide_contacts_are_capped_prefix":true,"slide_count":2,"slide_motion":[0.0833282470703125,0.0000126957893371582,0.000685691833496094],"slide_point_counts":[1,1],"snap":0.400000005960464,"stall_frames":0,"swept_depth":0.000977098941802979,"timing":{"between_callbacks":"controller and other nodes; excluded; not controller-only","between_callbacks_us":3766,"callback_cap_us":10000,"input_flush_us":32,"live_post_us":88,"live_pre_us":79,"movement_progress_us":4,"post_contract_us":17,"post_us":158,"pre_us":235,"provisional_steering_us":53,"serialization_and_print":"deferred; excluded; snapshot included","slide_validation_us":4,"snapshot_us":44,"stage":"post"},"total_queries":10510,"wall_frames":0}
OPENING_PRODUCTION_LOG_COST {"cost_line_print_measured":false,"observation_print_us":62,"outside_physics_cap":true,"requests":3510,"serialization_us":75}
OPENING_PRODUCTION_OBSERVATION {"acceptance":false,"actual_delta":[0.0833282470703125,0.0,0.000685691833496094],"authored_road_hint":"","callback_own_us":485,"ceiling_frames":0,"checked_start":true,"controller_observation_available":true,"controller_wanted_dir":[0.999966204166412,0.0,0.00822672341018915],"delivered_input":[-0.895819664001465,-0.444417685270309],"diagnostic_output_outside_physics_cap":true,"floor_angle":0.785399973392487,"frame":3600,"live_contacts":[{"collider_path":"/root/MeadowsPlayground/Terrain","collider_rid":"RID(66898410602499)","collider_shape":33,"depth":0.0000639557838439941,"local_shape":0,"normal":[0.0,1.0,0.0],"point":[46.7872657775879,0.899999976158142,13.8583917617798]}],"live_recovery_travel":[0.0,0.0000934004783630371,0.0],"live_state_phase":"post","mask":1,"on_ceiling":false,"on_floor":true,"on_wall":false,"physics_frame":8016,"plans":28,"player":[46.7872657775879,0.900842666625977,13.8583917617798],"progress_m":304.697468134225,"provisional_choice":0,"provisional_steering":{"acceptance":false,"heading":[0.999966144561768,0.0,0.00822667684406042],"prediction_motion":[1.02377486228943,0.0,0.0084225507453084],"retry_choice":0,"source":"prospective_step","wall_normal":[0.0,0.0,0.0]},"queries":3,"recoveries":0,"refusal":"","request":[64.0,1.96799993515015,14.0],"requests":3600,"safe_margin":0.00100000004749745,"slide_contacts":[{"collider_path":"/root/MeadowsPlayground/Terrain","collider_rid":"RID(66898410602499)","collider_shape":33,"normal":[0.0,1.0,0.0],"point":[46.7062149047852,0.899999976158142,13.8577251434326],"slide":0,"swept_depth":0.000975430011749268},{"collider_path":"/root/MeadowsPlayground/Terrain","collider_rid":"RID(66898410602499)","collider_shape":33,"normal":[0.0,1.0,0.0],"point":[46.7872657775879,0.899999976158142,13.8583917617798],"slide":1,"swept_depth":0.000157296657562256}],"slide_contacts_are_capped_prefix":true,"slide_count":2,"slide_motion":[0.0833282470703125,0.0,0.000685691833496094],"slide_point_counts":[1,1],"snap":0.400000005960464,"stall_frames":0,"swept_depth":0.000975430011749268,"timing":{"between_callbacks":"controller and other nodes; excluded; not controller-only","between_callbacks_us":4710,"callback_cap_us":10000,"input_flush_us":47,"live_post_us":120,"live_pre_us":85,"movement_progress_us":4,"post_contract_us":24,"post_us":206,"pre_us":274,"provisional_steering_us":67,"serialization_and_print":"deferred; excluded; snapshot included","slide_validation_us":5,"snapshot_us":51,"stage":"post"},"total_queries":10780,"wall_frames":0}
OPENING_PRODUCTION_LOG_COST {"cost_line_print_measured":false,"observation_print_us":69,"outside_physics_cap":true,"requests":3600,"serialization_us":92}
OPENING_PRODUCTION_OBSERVATION {"acceptance":false,"actual_delta":[0.0833282470703125,-0.0000125765800476074,0.000685691833496094],"authored_road_hint":"","callback_own_us":483,"ceiling_frames":0,"checked_start":true,"controller_observation_available":true,"controller_wanted_dir":[0.999966204166412,0.0,0.00822487566620111],"delivered_input":[-0.895820498466492,-0.444416075944901],"diagnostic_output_outside_physics_cap":true,"floor_angle":0.785399973392487,"frame":3690,"live_contacts":[{"collider_path":"/root/MeadowsPlayground/Terrain","collider_rid":"RID(66898410602499)","collider_shape":33,"depth":0.0000656247138977051,"local_shape":0,"normal":[0.0,1.0,0.0],"point":[54.2868041992188,0.899999976158142,13.9201078414917]}],"live_recovery_travel":[0.0,0.000104308128356934,0.0],"live_state_phase":"post","mask":1,"on_ceiling":false,"on_floor":true,"on_wall":false,"physics_frame":8106,"plans":28,"player":[54.2868041992188,0.900830090045929,13.9201078414917],"progress_m":312.197261306108,"provisional_choice":0,"provisional_steering":{"acceptance":false,"heading":[0.999966144561768,0.0,0.00822486821562052],"prediction_motion":[1.02377486228943,0.0,0.00842069834470749],"retry_choice":0,"source":"prospective_step","wall_normal":[0.0,0.0,0.0]},"queries":3,"recoveries":0,"refusal":"","request":[64.0,1.96799993515015,14.0],"requests":3690,"safe_margin":0.00100000004749745,"slide_contacts":[{"collider_path":"/root/MeadowsPlayground/Terrain","collider_rid":"RID(66898410602499)","collider_shape":33,"normal":[0.0,1.0,0.0],"point":[54.205997467041,0.899999976158142,13.9194431304932],"slide":0,"swept_depth":0.00107294321060181},{"collider_path":"/root/MeadowsPlayground/Terrain","collider_rid":"RID(66898410602499)","collider_shape":33,"normal":[0.0,1.0,0.0],"point":[54.2868041992188,0.899999976158142,13.9201078414917],"slide":1,"swept_depth":0.000169813632965088}],"slide_contacts_are_capped_prefix":true,"slide_count":2,"slide_motion":[0.0833282470703125,-0.0000125765800476074,0.000685691833496094],"slide_point_counts":[1,1],"snap":0.400000005960464,"stall_frames":0,"swept_depth":0.00107294321060181,"timing":{"between_callbacks":"controller and other nodes; excluded; not controller-only","between_callbacks_us":4251,"callback_cap_us":10000,"input_flush_us":37,"live_post_us":127,"live_pre_us":92,"movement_progress_us":5,"post_contract_us":20,"post_us":208,"pre_us":270,"provisional_steering_us":64,"serialization_and_print":"deferred; excluded; snapshot included","slide_validation_us":4,"snapshot_us":52,"stage":"post"},"total_queries":11050,"wall_frames":0}
OPENING_PRODUCTION_LOG_COST {"cost_line_print_measured":false,"observation_print_us":68,"outside_physics_cap":true,"requests":3690,"serialization_us":93}
OPENING_PRODUCTION_OBSERVATION {"acceptance":false,"actual_delta":[0.0833282470703125,0.00000172853469848633,0.000679969787597656],"authored_road_hint":"","callback_own_us":367,"ceiling_frames":0,"checked_start":true,"controller_observation_available":true,"controller_wanted_dir":[0.999966144561768,0.0,0.00823619961738586],"delivered_input":[-0.895815491676331,-0.444426208734512],"diagnostic_output_outside_physics_cap":true,"floor_angle":0.785399973392487,"frame":3780,"live_contacts":[{"collider_path":"/root/MeadowsPlayground/Terrain","collider_rid":"RID(66898410602499)","collider_shape":33,"depth":0.000061333179473877,"local_shape":0,"normal":[0.0,1.0,0.0],"point":[61.7863464355469,0.899999976158142,13.9817609786987]}],"live_recovery_travel":[0.0,0.000075995922088623,0.0],"live_state_phase":"post","mask":1,"on_ceiling":false,"on_floor":true,"on_wall":false,"physics_frame":8196,"plans":28,"player":[61.7863464355469,0.900862634181976,13.9817609786987],"progress_m":319.697057465673,"provisional_choice":0,"provisional_steering":{"acceptance":false,"heading":[0.999966084957123,0.0,0.00823617726564407],"prediction_motion":[1.02377486228943,0.0,0.00843227654695511],"retry_choice":0,"source":"prospective_step","wall_normal":[0.0,0.0,0.0]},"queries":3,"recoveries":0,"refusal":"","request":[64.0,1.96799993515015,14.0],"requests":3780,"safe_margin":0.00100000004749745,"slide_contacts":[{"collider_path":"/root/MeadowsPlayground/Terrain","collider_rid":"RID(66898410602499)","collider_shape":33,"normal":[0.0,1.0,0.0],"point":[61.7052955627441,0.899999976158142,13.9811000823975],"slide":0,"swept_depth":0.000973045825958252},{"collider_path":"/root/MeadowsPlayground/Terrain","collider_rid":"RID(66898410602499)","collider_shape":33,"normal":[0.0,0.998885750770569,-0.0471939705312252],"point":[61.7052955627441,0.899999976158142,14.0],"slide":0,"swept_depth":0.000973045825958252},{"collider_path":"/root/MeadowsPlayground/Terrain","collider_rid":"RID(66898410602499)","collider_shape":33,"normal":[0.0,1.0,0.0],"point":[61.7863464355469,0.899999976158142,13.9817609786987],"slide":1,"swept_depth":0.000137388706207275}],"slide_contacts_are_capped_prefix":true,"slide_count":2,"slide_motion":[0.0833282470703125,0.00000172853469848633,0.000679969787597656],"slide_point_counts":[2,1],"snap":0.400000005960464,"stall_frames":0,"swept_depth":0.000973045825958252,"timing":{"between_callbacks":"controller and other nodes; excluded; not controller-only","between_callbacks_us":4022,"callback_cap_us":10000,"input_flush_us":31,"live_post_us":85,"live_pre_us":65,"movement_progress_us":5,"post_contract_us":16,"post_us":159,"pre_us":204,"provisional_steering_us":49,"serialization_and_print":"deferred; excluded; snapshot included","slide_validation_us":5,"snapshot_us":47,"stage":"post"},"total_queries":11320,"wall_frames":0}
OPENING_PRODUCTION_LOG_COST {"cost_line_print_measured":false,"observation_print_us":48,"outside_physics_cap":true,"requests":3780,"serialization_us":97}
OPENING_PRODUCTION_OBSERVATION {"acceptance":false,"actual_delta":[0.00501251220703125,0.000000178813934326172,0.0831832885742188],"authored_road_hint":"","callback_own_us":370,"ceiling_frames":0,"checked_start":true,"controller_observation_available":true,"controller_wanted_dir":[0.0601337254047394,0.0,0.998190343379974],"delivered_input":[0.382155150175095,-0.924098193645477],"diagnostic_output_outside_physics_cap":true,"floor_angle":0.785399973392487,"frame":3870,"live_contacts":[{"collider_path":"/root/MeadowsPlayground/Terrain","collider_rid":"RID(66898410602499)","collider_shape":33,"depth":0.0000639557838439941,"local_shape":0,"normal":[0.0,1.0,0.0],"point":[63.9161224365234,0.899999976158142,19.7076511383057]}],"live_recovery_travel":[0.0,0.0000934004783630371,0.0],"live_state_phase":"post","mask":1,"on_ceiling":false,"on_floor":true,"on_wall":false,"physics_frame":8286,"plans":29,"player":[63.9161224365234,0.900842666625977,19.7076511383057],"progress_m":327.061488418491,"provisional_choice":0,"provisional_steering":{"acceptance":false,"heading":[0.0601336881518364,0.0,0.998190343379974],"prediction_motion":[0.0615654438734055,0.0,1.02195680141449],"retry_choice":0,"source":"prospective_step","wall_normal":[0.0,0.0,0.0]},"queries":3,"recoveries":0,"refusal":"","request":[64.0,1.96799993515015,21.1000003814697],"requests":3870,"safe_margin":0.00100000004749745,"slide_contacts":[{"collider_path":"/root/MeadowsPlayground/Terrain","collider_rid":"RID(66898410602499)","collider_shape":33,"normal":[0.0,1.0,0.0],"point":[63.911247253418,0.899999976158142,19.6267433166504],"slide":0,"swept_depth":0.000975430011749268},{"collider_path":"/root/MeadowsPlayground/Terrain","collider_rid":"RID(66898410602499)","collider_shape":33,"normal":[0.0,1.0,0.0],"point":[63.9161224365234,0.899999976158142,19.7076511383057],"slide":1,"swept_depth":0.000157296657562256}],"slide_contacts_are_capped_prefix":true,"slide_count":2,"slide_motion":[0.00501251174136996,0.000000178813934326172,0.0831832885742188],"slide_point_counts":[1,1],"snap":0.400000005960464,"stall_frames":0,"swept_depth":0.000975430011749268,"timing":{"between_callbacks":"controller and other nodes; excluded; not controller-only","between_callbacks_us":3944,"callback_cap_us":10000,"input_flush_us":37,"live_post_us":79,"live_pre_us":64,"movement_progress_us":4,"post_contract_us":17,"post_us":148,"pre_us":218,"provisional_steering_us":54,"serialization_and_print":"deferred; excluded; snapshot included","slide_validation_us":4,"snapshot_us":42,"stage":"post"},"total_queries":11590,"wall_frames":0}
OPENING_PRODUCTION_LOG_COST {"cost_line_print_measured":false,"observation_print_us":64,"outside_physics_cap":true,"requests":3870,"serialization_us":75}
GATE A NPC/GATHER +83.71s — Oskar cycle 1 exited and movement resumed
OPENING_PRODUCTION_OBSERVATION {"acceptance":false,"actual_delta":[-0.068328857421875,-0.0000116229057312012,-0.0477027893066406],"authored_road_hint":"","callback_own_us":351,"ceiling_frames":0,"checked_start":true,"controller_observation_available":true,"controller_wanted_dir":[-0.819955289363861,0.0,-0.572427570819855],"delivered_input":[0.487335324287415,0.873214900493622],"diagnostic_output_outside_physics_cap":true,"floor_angle":0.785399973392487,"frame":3960,"live_contacts":[{"collider_path":"/root/MeadowsPlayground/Village/doorstep_26/Collision","collider_rid":"RID(369173913929140)","collider_shape":0,"depth":0.0000655651092529297,"local_shape":0,"normal":[0.0,1.0,0.0],"point":[61.3824272155762,0.949999988079071,21.7350273132324]}],"live_recovery_travel":[0.0,0.000104367733001709,0.0],"live_state_phase":"post","mask":1,"on_ceiling":false,"on_floor":true,"on_wall":false,"physics_frame":8416,"plans":31,"player":[61.3824272155762,0.950830042362213,21.7350273132324],"progress_m":333.632694523432,"provisional_choice":0,"provisional_steering":{"acceptance":false,"heading":[-0.819955289363861,0.0,-0.572427570819855],"prediction_motion":[-0.839478075504303,0.0,-0.58605682849884],"retry_choice":0,"source":"prospective_step","wall_normal":[0.0,0.0,0.0]},"queries":3,"recoveries":0,"refusal":"","request":[44.0,0.849999964237213,9.60000038146973],"requests":3960,"safe_margin":0.00100000004749745,"slide_contacts":[{"collider_path":"/root/MeadowsPlayground/Village/doorstep_26/Collision","collider_rid":"RID(369173913929140)","collider_shape":0,"normal":[0.0,1.0,0.0],"point":[61.4486885070801,0.949999988079071,21.781286239624],"slide":0,"swept_depth":0.00107324123382568},{"collider_path":"/root/MeadowsPlayground/Village/doorstep_26/Collision","collider_rid":"RID(369173913929140)","collider_shape":0,"normal":[0.0,1.0,0.0],"point":[61.3824272155762,0.949999988079071,21.7350273132324],"slide":1,"swept_depth":0.000169873237609863}],"slide_contacts_are_capped_prefix":true,"slide_count":2,"slide_motion":[-0.068328857421875,-0.0000116229057312012,-0.0477027893066406],"slide_point_counts":[1,1],"snap":0.400000005960464,"stall_frames":0,"swept_depth":0.00107324123382568,"timing":{"between_callbacks":"controller and other nodes; excluded; not controller-only","between_callbacks_us":3644,"callback_cap_us":10000,"input_flush_us":33,"live_post_us":52,"live_pre_us":66,"movement_progress_us":4,"post_contract_us":17,"post_us":124,"pre_us":222,"provisional_steering_us":58,"serialization_and_print":"deferred; excluded; snapshot included","slide_validation_us":5,"snapshot_us":45,"stage":"post"},"total_queries":11856,"wall_frames":0}
OPENING_PRODUCTION_LOG_COST {"cost_line_print_measured":false,"observation_print_us":63,"outside_physics_cap":true,"requests":3960,"serialization_us":77}
OPENING_PRODUCTION_OBSERVATION {"acceptance":false,"actual_delta":[-0.0683326721191406,-0.0000123977661132812,-0.0477027893066406],"authored_road_hint":"","callback_own_us":327,"ceiling_frames":0,"checked_start":true,"controller_observation_available":true,"controller_wanted_dir":[-0.819959402084351,0.0,-0.572421669960022],"delivered_input":[0.487341612577438,0.87321138381958],"diagnostic_output_outside_physics_cap":true,"floor_angle":0.785399973392487,"frame":4050,"live_contacts":[{"collider_path":"/root/MeadowsPlayground/Terrain","collider_rid":"RID(66898410602499)","collider_shape":33,"depth":0.0000656247138977051,"local_shape":0,"normal":[0.0,1.0,0.0],"point":[55.2332763671875,0.899999976158142,17.4420604705811]}],"live_recovery_travel":[0.0,0.000104308128356934,0.0],"live_state_phase":"post","mask":1,"on_ceiling":false,"on_floor":true,"on_wall":false,"physics_frame":8506,"plans":31,"player":[55.2332763671875,0.900830090045929,17.4420604705811],"progress_m":341.142469692626,"provisional_choice":0,"provisional_steering":{"acceptance":false,"heading":[-0.819959402084351,0.0,-0.572421610355377],"prediction_motion":[-0.839482247829437,0.0,-0.586050689220428],"retry_choice":0,"source":"prospective_step","wall_normal":[0.0,0.0,0.0]},"queries":3,"recoveries":0,"refusal":"","request":[44.0,0.849999964237213,9.60000038146973],"requests":4050,"safe_margin":0.00100000004749745,"slide_contacts":[{"collider_path":"/root/MeadowsPlayground/Terrain","collider_rid":"RID(66898410602499)","collider_shape":33,"normal":[0.0,1.0,0.0],"point":[55.2995414733887,0.899999976158142,17.4883193969727],"slide":0,"swept_depth":0.00107294321060181},{"collider_path":"/root/MeadowsPlayground/Terrain","collider_rid":"RID(66898410602499)","collider_shape":33,"normal":[0.0,1.0,0.0],"point":[55.2332763671875,0.899999976158142,17.4420604705811],"slide":1,"swept_depth":0.000169813632965088}],"slide_contacts_are_capped_prefix":true,"slide_count":2,"slide_motion":[-0.0683326721191406,-0.0000123977661132812,-0.0477027893066406],"slide_point_counts":[1,1],"snap":0.400000005960464,"stall_frames":0,"swept_depth":0.00107294321060181,"timing":{"between_callbacks":"controller and other nodes; excluded; not controller-only","between_callbacks_us":3286,"callback_cap_us":10000,"input_flush_us":28,"live_post_us":53,"live_pre_us":67,"movement_progress_us":4,"post_contract_us":18,"post_us":118,"pre_us":204,"provisional_steering_us":53,"serialization_and_print":"deferred; excluded; snapshot included","slide_validation_us":4,"snapshot_us":39,"stage":"post"},"total_queries":12126,"wall_frames":0}
OPENING_PRODUCTION_LOG_COST {"cost_line_print_measured":false,"observation_print_us":64,"outside_physics_cap":true,"requests":4050,"serialization_us":75}
OPENING_PRODUCTION_OBSERVATION {"acceptance":false,"actual_delta":[-0.0683326721191406,-0.0000157952308654785,-0.0477018356323242],"authored_road_hint":"","callback_own_us":372,"ceiling_frames":0,"checked_start":true,"controller_observation_available":true,"controller_wanted_dir":[-0.819961190223694,0.0,-0.572419226169586],"delivered_input":[0.487344235181808,0.873209953308105],"diagnostic_output_outside_physics_cap":true,"floor_angle":0.785399973392487,"frame":4140,"live_contacts":[{"collider_path":"/root/MeadowsPlayground/Terrain","collider_rid":"RID(66898410602499)","collider_shape":33,"depth":0.0000656247138977051,"local_shape":0,"normal":[0.0,1.0,0.0],"point":[49.0835876464844,0.899999976158142,13.1488809585571]}],"live_recovery_travel":[0.0,0.000104308128356934,0.0],"live_state_phase":"post","mask":1,"on_ceiling":false,"on_floor":true,"on_wall":false,"physics_frame":8596,"plans":31,"player":[49.0835876464844,0.900830090045929,13.1488809585571],"progress_m":348.642474706867,"provisional_choice":0,"provisional_steering":{"acceptance":false,"heading":[-0.819961130619049,0.0,-0.572419166564941],"prediction_motion":[-0.839484035968781,0.0,-0.586048185825348],"retry_choice":0,"source":"prospective_step","wall_normal":[0.0,0.0,0.0]},"queries":3,"recoveries":0,"refusal":"","request":[44.0,0.849999964237213,9.60000038146973],"requests":4140,"safe_margin":0.00100000004749745,"slide_contacts":[{"collider_path":"/root/MeadowsPlayground/Terrain","collider_rid":"RID(66898410602499)","collider_shape":33,"normal":[0.0,1.0,0.0],"point":[49.1498527526855,0.899999976158142,13.1951389312744],"slide":0,"swept_depth":0.00107258558273315},{"collider_path":"/root/MeadowsPlayground/Terrain","collider_rid":"RID(66898410602499)","collider_shape":33,"normal":[0.0,1.0,0.0],"point":[49.0835876464844,0.899999976158142,13.1488809585571],"slide":1,"swept_depth":0.000169813632965088}],"slide_contacts_are_capped_prefix":true,"slide_count":2,"slide_motion":[-0.0683326721191406,-0.0000157952308654785,-0.0477018356323242],"slide_point_counts":[1,1],"snap":0.400000005960464,"stall_frames":0,"swept_depth":0.00107258558273315,"timing":{"between_callbacks":"controller and other nodes; excluded; not controller-only","between_callbacks_us":3425,"callback_cap_us":10000,"input_flush_us":36,"live_post_us":67,"live_pre_us":71,"movement_progress_us":4,"post_contract_us":31,"post_us":146,"pre_us":221,"provisional_steering_us":57,"serialization_and_print":"deferred; excluded; snapshot included","slide_validation_us":4,"snapshot_us":39,"stage":"post"},"total_queries":12396,"wall_frames":0}
OPENING_PRODUCTION_LOG_COST {"cost_line_print_measured":false,"observation_print_us":59,"outside_physics_cap":true,"requests":4140,"serialization_us":72}
MIRA ROAD RUN INPUT {"acceptance":false,"auto_run_after":false,"edges":[{"auto_run_before_dispatch":false,"pad_button":15,"physics_frame":3866,"player":[37.2927742004395,-1.99108278751373,-19.3960647583008],"pressed":true},{"auto_run_before_dispatch":true,"pad_button":15,"physics_frame":3869,"player":[37.2385215759277,-1.97043919563293,-19.3963565826416],"pressed":false},{"auto_run_before_dispatch":true,"pad_button":15,"physics_frame":4067,"player":[20.0130271911621,0.900912880897522,-11.8714714050293],"pressed":true},{"auto_run_before_dispatch":false,"pad_button":15,"physics_frame":4070,"player":[20.0127811431885,0.900882720947266,-11.4764719009399],"pressed":false}],"refused":false}
OPENING_PRODUCTION_OBSERVATION {"acceptance":false,"actual_delta":[-0.005157470703125,-0.0000113248825073242,-0.0831737518310547],"authored_road_hint":"","callback_own_us":413,"ceiling_frames":0,"checked_start":true,"controller_observation_available":true,"controller_wanted_dir":[-0.061901330947876,0.0,-0.998082280158997],"delivered_input":[-0.380518049001694,0.924773514270782],"diagnostic_output_outside_physics_cap":true,"floor_angle":0.785399973392487,"frame":4230,"live_contacts":[{"collider_path":"/root/MeadowsPlayground/Terrain","collider_rid":"RID(66898410602499)","collider_shape":33,"depth":0.0000656247138977051,"local_shape":0,"normal":[0.0,1.0,0.0],"point":[44.1674613952637,0.899999976158142,7.50009155273438]}],"live_recovery_travel":[0.0,0.000104367733001709,0.0],"live_state_phase":"post","mask":1,"on_ceiling":false,"on_floor":true,"on_wall":false,"physics_frame":8699,"plans":33,"player":[44.1674613952637,0.900830030441284,7.50009155273438],"progress_m":355.92882362532,"provisional_choice":0,"provisional_steering":{"acceptance":false,"heading":[-0.0619013383984566,0.0,-0.998082280158997],"prediction_motion":[-0.0633751824498177,0.0,-1.02184617519379],"retry_choice":0,"source":"prospective_step","wall_normal":[0.0,0.0,0.0]},"queries":3,"recoveries":0,"refusal":"","request":[44.0,0.849999964237213,4.80000019073486],"requests":4230,"safe_margin":0.00100000004749745,"slide_contacts":[{"collider_path":"/root/MeadowsPlayground/Terrain","collider_rid":"RID(66898410602499)","collider_shape":33,"normal":[0.0,1.0,0.0],"point":[44.1724624633789,0.899999976158142,7.58074712753296],"slide":0,"swept_depth":0.00107318162918091},{"collider_path":"/root/MeadowsPlayground/Terrain","collider_rid":"RID(66898410602499)","collider_shape":33,"normal":[0.0,1.0,0.0],"point":[44.1674613952637,0.899999976158142,7.50009155273438],"slide":1,"swept_depth":0.000169932842254639}],"slide_contacts_are_capped_prefix":true,"slide_count":2,"slide_motion":[-0.005157470703125,-0.0000113248825073242,-0.0831737518310547],"slide_point_counts":[1,1],"snap":0.400000005960464,"stall_frames":0,"swept_depth":0.00107318162918091,"timing":{"between_callbacks":"controller and other nodes; excluded; not controller-only","between_callbacks_us":4191,"callback_cap_us":10000,"input_flush_us":32,"live_post_us":61,"live_pre_us":95,"movement_progress_us":5,"post_contract_us":18,"post_us":132,"pre_us":276,"provisional_steering_us":77,"serialization_and_print":"deferred; excluded; snapshot included","slide_validation_us":5,"snapshot_us":42,"stage":"post"},"total_queries":12666,"wall_frames":0}
OPENING_PRODUCTION_LOG_COST {"cost_line_print_measured":false,"observation_print_us":70,"outside_physics_cap":true,"requests":4230,"serialization_us":80}
OPENING_PRODUCTION_OBSERVATION {"acceptance":false,"actual_delta":[0.000659942626953125,-0.0000125765800476074,0.0833307504653931],"authored_road_hint":"","callback_own_us":357,"ceiling_frames":0,"checked_start":true,"controller_observation_available":true,"controller_wanted_dir":[0.00790169835090637,0.0,0.999968767166138],"delivered_input":[0.429912209510803,-0.902870655059814],"diagnostic_output_outside_physics_cap":true,"floor_angle":0.785399973392487,"frame":4320,"live_contacts":[{"collider_path":"/root/MeadowsPlayground/Village/inn_5/Interior/@StaticBody3D@59072","collider_rid":"RID(361331303646578)","collider_shape":0,"depth":0.0000656247138977051,"local_shape":0,"normal":[0.0,1.0,0.0],"point":[43.9765968322754,0.919999957084656,1.8381187915802]}],"live_recovery_travel":[0.0,0.000104308128356934,0.0],"live_state_phase":"post","mask":1,"on_ceiling":false,"on_floor":true,"on_wall":false,"physics_frame":8831,"plans":35,"player":[43.9765968322754,0.920830070972443,1.8381187915802],"progress_m":363.159638109268,"provisional_choice":0,"provisional_steering":{"acceptance":false,"heading":[0.00790170207619667,0.0,0.999968826770782],"prediction_motion":[0.00808983761817217,0.0,1.02377760410309],"retry_choice":0,"source":"prospective_step","wall_normal":[0.0,0.0,0.0]},"queries":3,"recoveries":0,"refusal":"","request":[44.0,0.849999964237213,4.80000019073486],"requests":4320,"safe_margin":0.00100000004749745,"slide_contacts":[{"collider_path":"/root/MeadowsPlayground/Village/inn_5/Interior/@StaticBody3D@59072","collider_rid":"RID(361331303646578)","collider_shape":0,"normal":[0.0,1.0,0.0],"point":[43.9759559631348,0.919999957084656,1.75731074810028],"slide":0,"swept_depth":0.00107294321060181},{"collider_path":"/root/MeadowsPlayground/Village/inn_5/Interior/@StaticBody3D@59072","collider_rid":"RID(361331303646578)","collider_shape":0,"normal":[0.0,1.0,0.0],"point":[43.9765968322754,0.919999957084656,1.8381187915802],"slide":1,"swept_depth":0.000169813632965088}],"slide_contacts_are_capped_prefix":true,"slide_count":2,"slide_motion":[0.000659942626953125,-0.0000125765800476074,0.0833307504653931],"slide_point_counts":[1,1],"snap":0.400000005960464,"stall_frames":0,"swept_depth":0.00107294321060181,"timing":{"between_callbacks":"controller and other nodes; excluded; not controller-only","between_callbacks_us":4000,"callback_cap_us":10000,"input_flush_us":31,"live_post_us":54,"live_pre_us":65,"movement_progress_us":4,"post_contract_us":17,"post_us":127,"pre_us":224,"provisional_steering_us":51,"serialization_and_print":"deferred; excluded; snapshot included","slide_validation_us":4,"snapshot_us":46,"stage":"post"},"total_queries":12936,"wall_frames":0}
OPENING_PRODUCTION_LOG_COST {"cost_line_print_measured":false,"observation_print_us":60,"outside_physics_cap":true,"requests":4320,"serialization_us":87}
GATE A NPC/GATHER +91.72s — Bram cycle 1 exited and movement resumed
GATE A NPC/GATHER +93.11s — Bram cycle 2 exited and movement resumed
OPENING_PRODUCTION_OBSERVATION {"acceptance":false,"actual_delta":[-0.0026092529296875,0.0000124573707580566,0.0812064409255981],"authored_road_hint":"","callback_own_us":436,"ceiling_frames":0,"checked_start":true,"controller_observation_available":true,"controller_wanted_dir":[-0.0268113929778337,0.0,0.99964052438736],"delivered_input":[0.471645653247833,-0.88178813457489],"diagnostic_output_outside_physics_cap":true,"floor_angle":0.785399973392487,"frame":4410,"live_contacts":[{"collider_path":"/root/MeadowsPlayground/Village/inn_5/Interior/@StaticBody3D@59072","collider_rid":"RID(361331303646578)","collider_shape":0,"depth":0.0000639557838439941,"local_shape":0,"normal":[0.0,1.0,0.0],"point":[43.9661331176758,0.919999957084656,1.02138221263885]}],"live_recovery_travel":[0.0,0.0000935792922973633,0.0],"live_state_phase":"post","mask":1,"on_ceiling":false,"on_floor":true,"on_wall":false,"physics_frame":8985,"plans":39,"player":[43.9661331176758,0.920842468738556,1.02138221263885],"progress_m":368.951791280764,"provisional_choice":0,"provisional_steering":{"acceptance":false,"heading":[0.00809793453663588,0.0,0.999967217445374],"prediction_motion":[0.00829074252396822,0.0,1.02377593517303],"retry_choice":0,"source":"prospective_step","wall_normal":[0.0,0.0,0.0]},"queries":3,"recoveries":0,"refusal":"","request":[44.0,0.849999964237213,4.80000019073486],"requests":4410,"safe_margin":0.00100000004749745,"slide_contacts":[{"collider_path":"/root/MeadowsPlayground/Village/inn_5/Interior/@StaticBody3D@59072","collider_rid":"RID(361331303646578)","collider_shape":0,"normal":[0.0,1.0,0.0],"point":[43.9686698913574,0.919999957084656,0.942396283149719],"slide":0,"swept_depth":0.000977098941802979},{"collider_path":"/root/MeadowsPlayground/Village/inn_5/Interior/@StaticBody3D@59072","collider_rid":"RID(361331303646578)","collider_shape":0,"normal":[0.0,1.0,0.0],"point":[43.9661331176758,0.919999957084656,1.02138221263885],"slide":1,"swept_depth":0.000157415866851807}],"slide_contacts_are_capped_prefix":true,"slide_count":2,"slide_motion":[-0.0026092529296875,0.0000124573707580566,0.0812064409255981],"slide_point_counts":[1,1],"snap":0.400000005960464,"stall_frames":0,"swept_depth":0.000977098941802979,"timing":{"between_callbacks":"controller and other nodes; excluded; not controller-only","between_callbacks_us":4144,"callback_cap_us":10000,"input_flush_us":47,"live_post_us":60,"live_pre_us":86,"movement_progress_us":5,"post_contract_us":19,"post_us":136,"pre_us":295,"provisional_steering_us":60,"serialization_and_print":"deferred; excluded; snapshot included","slide_validation_us":5,"snapshot_us":45,"stage":"post"},"total_queries":13198,"wall_frames":0}
OPENING_PRODUCTION_LOG_COST {"cost_line_print_measured":false,"observation_print_us":44,"outside_physics_cap":true,"requests":4410,"serialization_us":84}
GATE A NPC/GATHER +94.64s — Bram cycle 3 exited and movement resumed
OPENING_PRODUCTION_OBSERVATION {"acceptance":false,"actual_delta":[0.00000762939453125,0.0,0.0833330154418945],"authored_road_hint":"","callback_own_us":264,"ceiling_frames":0,"checked_start":true,"controller_observation_available":true,"controller_wanted_dir":[0.0000753410131437704,0.0,1.0],"delivered_input":[0.0,0.0],"diagnostic_output_outside_physics_cap":true,"floor_angle":0.785399973392487,"frame":4500,"live_contacts":[{"collider_path":"/root/MeadowsPlayground/Terrain","collider_rid":"RID(66898410602499)","collider_shape":33,"depth":0.0000582337379455566,"local_shape":0,"normal":[0.0,1.0,0.0],"point":[43.9999923706055,0.899999976158142,9.26277446746826]},{"collider_path":"/root/MeadowsPlayground/Terrain","collider_rid":"RID(66898410602499)","collider_shape":33,"depth":0.0000582337379455566,"local_shape":0,"normal":[0.0,1.0,0.0],"point":[44.0,0.899999976158142,9.26277446746826]}],"live_recovery_travel":[0.0,0.00000554323196411133,0.0],"live_state_phase":"post","mask":1,"on_ceiling":false,"on_floor":true,"on_wall":false,"physics_frame":9085,"plans":42,"player":[43.9999923706055,0.900936126708984,9.26277446746826],"progress_m":376.424666756648,"provisional_choice":0,"provisional_steering":{"acceptance":false,"heading":[0.0,0.0,0.0],"prediction_motion":[0.0,0.0,0.0],"retry_choice":0,"source":"none","wall_normal":[0.0,0.0,0.0]},"queries":2,"recoveries":0,"refusal":"","request":[44.0,0.849999964237213,9.39999961853027],"requests":4500,"safe_margin":0.00100000004749745,"slide_contacts":[{"collider_path":"/root/MeadowsPlayground/Terrain","collider_rid":"RID(66898410602499)","collider_shape":33,"normal":[0.0,1.0,0.0],"point":[43.9999847412109,0.899999976158142,9.18171977996826],"slide":0,"swept_depth":0.00096970796585083},{"collider_path":"/root/MeadowsPlayground/Terrain","collider_rid":"RID(66898410602499)","collider_shape":33,"normal":[0.0,1.0,0.0],"point":[43.9999885559082,0.899999976158142,9.18171977996826],"slide":0,"swept_depth":0.00096970796585083},{"collider_path":"/root/MeadowsPlayground/Terrain","collider_rid":"RID(66898410602499)","collider_shape":33,"normal":[0.0,1.0,0.0],"point":[43.9999923706055,0.899999976158142,9.26277446746826],"slide":1,"swept_depth":0.0000638365745544434},{"collider_path":"/root/MeadowsPlayground/Terrain","collider_rid":"RID(66898410602499)","collider_shape":33,"normal":[0.0,1.0,0.0],"point":[43.9999923706055,0.899999976158142,9.26277446746826],"slide":1,"swept_depth":0.0000638365745544434}],"slide_contacts_are_capped_prefix":true,"slide_count":2,"slide_motion":[0.00000762939453125,0.0,0.0833330154418945],"slide_point_counts":[2,2],"snap":0.400000005960464,"stall_frames":0,"swept_depth":0.00096970796585083,"timing":{"between_callbacks":"controller and other nodes; excluded; not controller-only","between_callbacks_us":4357,"callback_cap_us":10000,"input_flush_us":0,"live_post_us":76,"live_pre_us":68,"movement_progress_us":3,"post_contract_us":18,"post_us":156,"pre_us":103,"provisional_steering_us":0,"serialization_and_print":"deferred; excluded; snapshot included","slide_validation_us":5,"snapshot_us":51,"stage":"post"},"total_queries":13463,"wall_frames":0}
OPENING_PRODUCTION_LOG_COST {"cost_line_print_measured":false,"observation_print_us":63,"outside_physics_cap":true,"requests":4500,"serialization_us":94}
GATE A NPC/GATHER +96.10s — five NPC/modal exits and three equipped-tool gathers returned world control
[meadows_earned_team] {"beat":"world_seed","world_seed":4}
[meadows_earned_team] {"beat":"wild_house_departure","house":"/root/MeadowsPlayground/Village/inn_5","points":[{"at":"(44.0, 14.0)","kind":"village_road"},{"at":"(20.0, 14.0)","kind":"field_road"},{"at":"(20.0, -12.0)","kind":"field_road"},{"at":"(20.0, -18.0)","kind":"field_road"},{"at":"(20.0, -26.0)","kind":"field_road"},{"at":"(14.6, -31.0)","kind":"field_road"},{"at":"(21.0, -37.5)","kind":"field_road"},{"at":"(30.0, -40.0)","kind":"field_road"}]}
[meadows_earned_team] {"beat":"wild_approach","can_walk":true,"contacts":[{"collider":"/root/MeadowsPlayground/Village/doorstep_23/Collision","normal":"(0.0, 0.940325, -0.340276)","position":"(44.0, 0.95, 9.6)"},{"collider":"/root/MeadowsPlayground/Village/doorstep_23/Collision","normal":"(0.0, 0.94063, -0.339434)","position":"(44.0, 0.95, 9.6)"}],"distance":51.9376411437988,"input_owner":"<null>","input_vector":"(0.0, 0.0)","nav_detour":"(0.0, 0.0, 0.0)","nav_detour_left":0,"nav_side":0.0,"offer":{"actionable":true,"distance":2.66831636428833,"label":"Close Door","priority":-1},"offered_target":"<none>","on_floor":true,"on_wall":false,"player_position":"(44.0, 0.932606, 9.479409)","slide_colliders":["Collision","Collision"],"target":"Wild_bramblebun_0_2","target_position":"(27.90945, 0.43907, -39.90044)","velocity":"(0.000138, 0.0, 1.833334)","winning_provider":"Prompt"}
OPENING_PRODUCTION_OBSERVATION {"acceptance":false,"actual_delta":[0.0,0.0122141242027283,0.0401144027709961],"authored_road_hint":"","callback_own_us":388,"ceiling_frames":0,"checked_start":true,"controller_observation_available":true,"controller_wanted_dir":[-0.000000834465026855469,0.0,1.0],"delivered_input":[0.437033772468567,-0.899445116519928],"diagnostic_output_outside_physics_cap":true,"floor_angle":0.785399973392487,"frame":1,"live_contacts":[],"live_recovery_travel":[0.0,0.0,0.0],"live_state_phase":"post","mask":1,"on_ceiling":false,"on_floor":true,"on_wall":false,"physics_frame":9091,"plans":1,"player":[44.0000038146973,0.944820165634155,9.51952362060547],"progress_m":0.041932687163353,"provisional_choice":0,"provisional_steering":{"acceptance":false,"heading":[-0.000000843849250031781,0.0,1.0],"prediction_motion":[-0.000000863940897488646,0.0,1.02380955219269],"retry_choice":0,"source":"prospective_step","wall_normal":[0.0,0.0,0.0]},"queries":3,"recoveries":0,"refusal":"","request":[44.0,0.932606041431427,14.0],"requests":1,"safe_margin":0.00100000004749745,"slide_contacts":[{"collider_path":"/root/MeadowsPlayground/Village/doorstep_23/Collision","collider_rid":"RID(369122374321585)","collider_shape":0,"normal":[0.0,0.954368412494659,-0.298631936311722],"point":[44.0000038146973,0.949999988079071,9.60000038146973],"slide":0,"swept_depth":0.00105516554322094}],"slide_contacts_are_capped_prefix":true,"slide_count":1,"slide_motion":[0.0,0.0122141242027283,0.0401143990457058],"slide_point_counts":[1],"snap":0.400000005960464,"stall_frames":1,"swept_depth":0.00105516554322094,"timing":{"between_callbacks":"controller and other nodes; excluded; not controller-only","between_callbacks_us":4154,"callback_cap_us":10000,"input_flush_us":55,"live_post_us":47,"live_pre_us":55,"movement_progress_us":5,"post_contract_us":24,"post_us":116,"pre_us":267,"provisional_steering_us":64,"serialization_and_print":"deferred; excluded; snapshot included","slide_validation_us":4,"snapshot_us":35,"stage":"post"},"total_queries":3,"wall_frames":0}
OPENING_PRODUCTION_LOG_COST {"cost_line_print_measured":false,"observation_print_us":23,"outside_physics_cap":true,"requests":1,"serialization_us":64}
OPENING_PRODUCTION_OBSERVATION {"acceptance":false,"actual_delta":[0.0,0.00822693109512329,0.0528287887573242],"authored_road_hint":"","callback_own_us":372,"ceiling_frames":0,"checked_start":true,"controller_observation_available":true,"controller_wanted_dir":[-0.000000864267235556326,0.0,1.0],"delivered_input":[0.437033802270889,-0.899445116519928],"diagnostic_output_outside_physics_cap":true,"floor_angle":0.785399973392487,"frame":2,"live_contacts":[],"live_recovery_travel":[0.0,0.0,0.0],"live_state_phase":"post","mask":1,"on_ceiling":false,"on_floor":true,"on_wall":false,"physics_frame":9092,"plans":1,"player":[44.0000038146973,0.953047096729279,9.57235240936279],"progress_m":0.0953982211649418,"provisional_choice":0,"provisional_steering":{"acceptance":false,"heading":[-0.00000085140436567599,0.0,1.0],"prediction_motion":[-0.00000087167592255355,0.0,1.02380955219269],"retry_choice":0,"source":"prospective_step","wall_normal":[0.0,0.0,0.0]},"queries":3,"recoveries":0,"refusal":"","request":[44.0,0.944820165634155,14.0],"requests":2,"safe_margin":0.00100000004749745,"slide_contacts":[{"collider_path":"/root/MeadowsPlayground/Village/doorstep_23/Collision","collider_rid":"RID(369122374321585)","collider_shape":0,"normal":[0.0,0.981396794319153,-0.191990241408348],"point":[44.0000038146973,0.949999988079071,9.60000038146973],"slide":0,"swept_depth":0.00101757352240384}],"slide_contacts_are_capped_prefix":true,"slide_count":1,"slide_motion":[0.0,0.00822693109512329,0.0528287887573242],"slide_point_counts":[1],"snap":0.400000005960464,"stall_frames":0,"swept_depth":0.00101757352240384,"timing":{"between_callbacks":"controller and other nodes; excluded; not controller-only","between_callbacks_us":3914,"callback_cap_us":10000,"input_flush_us":46,"live_post_us":44,"live_pre_us":52,"movement_progress_us":4,"post_contract_us":25,"post_us":114,"pre_us":253,"provisional_steering_us":74,"serialization_and_print":"deferred; excluded; snapshot included","slide_validation_us":5,"snapshot_us":35,"stage":"post"},"total_queries":6,"wall_frames":0}
OPENING_PRODUCTION_LOG_COST {"cost_line_print_measured":false,"observation_print_us":45,"outside_physics_cap":true,"requests":2,"serialization_us":59}
OPENING_PRODUCTION_OBSERVATION {"acceptance":false,"actual_delta":[0.0,0.000262141227722168,0.0654411315917969],"authored_road_hint":"","callback_own_us":283,"ceiling_frames":0,"checked_start":true,"controller_observation_available":true,"controller_wanted_dir":[-0.000000864267235556326,0.0,1.0],"delivered_input":[0.437033802270889,-0.899445116519928],"diagnostic_output_outside_physics_cap":true,"floor_angle":0.785399973392487,"frame":3,"live_contacts":[],"live_recovery_travel":[0.0,0.0,0.0],"live_state_phase":"post","mask":1,"on_ceiling":false,"on_floor":true,"on_wall":false,"physics_frame":9093,"plans":1,"player":[44.0000038146973,0.953309237957001,9.63779354095459],"progress_m":0.160839881747961,"provisional_choice":0,"provisional_steering":{"acceptance":false,"heading":[-0.000000861562966747442,0.0,1.0],"prediction_motion":[-0.000000882076392372255,0.0,1.02380955219269],"retry_choice":0,"source":"prospective_step","wall_normal":[0.0,0.0,0.0]},"queries":3,"recoveries":0,"refusal":"","request":[44.0,0.953047096729279,14.0],"requests":3,"safe_margin":0.00100000004749745,"slide_contacts":[{"collider_path":"/root/MeadowsPlayground/Village/doorstep_23/Collision","collider_rid":"RID(369122374321585)","collider_shape":0,"normal":[0.0,0.998688101768494,-0.0512051098048687],"point":[44.0000038146973,0.949999988079071,9.60000038146973],"slide":0,"swept_depth":0.00107407034374774}],"slide_contacts_are_capped_prefix":true,"slide_count":1,"slide_motion":[0.0,0.000262141227722168,0.0654411315917969],"slide_point_counts":[1],"snap":0.400000005960464,"stall_frames":1,"swept_depth":0.00107407034374774,"timing":{"between_callbacks":"controller and other nodes; excluded; not controller-only","between_callbacks_us":3837,"callback_cap_us":10000,"input_flush_us":39,"live_post_us":38,"live_pre_us":39,"movement_progress_us":4,"post_contract_us":16,"post_us":93,"pre_us":186,"provisional_steering_us":43,"serialization_and_print":"deferred; excluded; snapshot included","slide_validation_us":4,"snapshot_us":29,"stage":"post"},"total_queries":9,"wall_frames":0}
OPENING_PRODUCTION_LOG_COST {"cost_line_print_measured":false,"observation_print_us":24,"outside_physics_cap":true,"requests":3,"serialization_us":58}
OPENING_PRODUCTION_OBSERVATION {"acceptance":false,"actual_delta":[0.0,-0.00252604484558105,0.0772218704223633],"authored_road_hint":"","callback_own_us":275,"ceiling_frames":0,"checked_start":true,"controller_observation_available":true,"controller_wanted_dir":[-0.000000864267235556326,0.0,1.0],"delivered_input":[0.437033802270889,-0.899445116519928],"diagnostic_output_outside_physics_cap":true,"floor_angle":0.785399973392487,"frame":4,"live_contacts":[{"collider_path":"/root/MeadowsPlayground/Village/doorstep_23/Collision","collider_rid":"RID(369122374321585)","collider_shape":0,"depth":0.0000716447830200195,"local_shape":0,"normal":[0.0,1.0,0.0],"point":[44.0000038146973,0.949999988079071,9.71501541137695]}],"live_recovery_travel":[0.0,0.000145196914672852,0.0],"live_state_phase":"post","mask":1,"on_ceiling":false,"on_floor":true,"on_wall":false,"physics_frame":9094,"plans":1,"player":[44.0000038146973,0.95078319311142,9.71501541137695],"progress_m":0.238103058189154,"provisional_choice":0,"provisional_steering":{"acceptance":false,"heading":[-0.000000874488023328013,0.0,1.0],"prediction_motion":[-0.000000895309199222538,0.0,1.02380955219269],"retry_choice":0,"source":"prospective_step","wall_normal":[0.0,0.0,0.0]},"queries":3,"recoveries":0,"refusal":"","request":[44.0,0.953309237957001,14.0],"requests":4,"safe_margin":0.00100000004749745,"slide_contacts":[{"collider_path":"/root/MeadowsPlayground/Village/doorstep_23/Collision","collider_rid":"RID(369122374321585)","collider_shape":0,"normal":[0.0,1.0,0.0],"point":[44.0000038146973,0.949999988079071,9.64669227600098],"slide":0,"swept_depth":0.00153195858001709},{"collider_path":"/root/MeadowsPlayground/Village/doorstep_23/Collision","collider_rid":"RID(369122374321585)","collider_shape":0,"normal":[0.0,1.0,0.0],"point":[44.0000038146973,0.949999988079071,9.71501541137695],"slide":1,"swept_depth":0.000216841697692871}],"slide_contacts_are_capped_prefix":true,"slide_count":2,"slide_motion":[0.0,-0.00252604461275041,0.0772218629717827],"slide_point_counts":[1,1],"snap":0.400000005960464,"stall_frames":0,"swept_depth":0.00153195858001709,"timing":{"between_callbacks":"controller and other nodes; excluded; not controller-only","between_callbacks_us":3719,"callback_cap_us":10000,"input_flush_us":28,"live_post_us":50,"live_pre_us":38,"movement_progress_us":4,"post_contract_us":17,"post_us":109,"pre_us":163,"provisional_steering_us":37,"serialization_and_print":"deferred; excluded; snapshot included","slide_validation_us":5,"snapshot_us":33,"stage":"post"},"total_queries":12,"wall_frames":0}
OPENING_PRODUCTION_LOG_COST {"cost_line_print_measured":false,"observation_print_us":32,"outside_physics_cap":true,"requests":4,"serialization_us":68}
OPENING_PRODUCTION_OBSERVATION {"acceptance":false,"actual_delta":[0.0,0.0000205636024475098,0.0833330154418945],"authored_road_hint":"","callback_own_us":325,"ceiling_frames":0,"checked_start":true,"controller_observation_available":true,"controller_wanted_dir":[-0.000000894069671630859,0.0,1.0],"delivered_input":[0.437033832073212,-0.899445056915283],"diagnostic_output_outside_physics_cap":true,"floor_angle":0.785399973392487,"frame":5,"live_contacts":[{"collider_path":"/root/MeadowsPlayground/Village/doorstep_23/Collision","collider_rid":"RID(369122374321585)","collider_shape":0,"depth":0.0000690221786499023,"local_shape":0,"normal":[0.0,1.0,0.0],"point":[44.0000038146973,0.949999988079071,9.79834842681885]}],"live_recovery_travel":[0.0,0.000127196311950684,0.0],"live_state_phase":"post","mask":1,"on_ceiling":false,"on_floor":true,"on_wall":false,"physics_frame":9095,"plans":1,"player":[44.0000038146973,0.950803756713867,9.79834842681885],"progress_m":0.321436073631048,"provisional_choice":0,"provisional_steering":{"acceptance":false,"heading":[-0.000000890247576990078,0.0,1.0],"prediction_motion":[-0.000000911443976292503,0.0,1.02380955219269],"retry_choice":0,"source":"prospective_step","wall_normal":[0.0,0.0,0.0]},"queries":3,"recoveries":0,"refusal":"","request":[44.0,0.95078319311142,14.0],"requests":5,"safe_margin":0.00100000004749745,"slide_contacts":[{"collider_path":"/root/MeadowsPlayground/Village/doorstep_23/Collision","collider_rid":"RID(369122374321585)","collider_shape":0,"normal":[0.0,1.0,0.0],"point":[44.0000038146973,0.949999988079071,9.71802616119385],"slide":0,"swept_depth":0.00127601623535156},{"collider_path":"/root/MeadowsPlayground/Village/doorstep_23/Collision","collider_rid":"RID(369122374321585)","collider_shape":0,"normal":[0.0,1.0,0.0],"point":[44.0000038146973,0.949999988079071,9.79834842681885],"slide":1,"swept_depth":0.000196218490600586}],"slide_contacts_are_capped_prefix":true,"slide_count":2,"slide_motion":[0.0,0.0000205636024475098,0.0833330154418945],"slide_point_counts":[1,1],"snap":0.400000005960464,"stall_frames":0,"swept_depth":0.00127601623535156,"timing":{"between_callbacks":"controller and other nodes; excluded; not controller-only","between_callbacks_us":3852,"callback_cap_us":10000,"input_flush_us":33,"live_post_us":50,"live_pre_us":59,"movement_progress_us":4,"post_contract_us":17,"post_us":113,"pre_us":209,"provisional_steering_us":48,"serialization_and_print":"deferred; excluded; snapshot included","slide_validation_us":6,"snapshot_us":34,"stage":"post"},"total_queries":15,"wall_frames":0}
OPENING_PRODUCTION_LOG_COST {"cost_line_print_measured":false,"observation_print_us":37,"outside_physics_cap":true,"requests":5,"serialization_us":68}
OPENING_PRODUCTION_OBSERVATION {"acceptance":false,"actual_delta":[0.0,0.0000255703926086426,0.0833330154418945],"authored_road_hint":"","callback_own_us":316,"ceiling_frames":0,"checked_start":true,"controller_observation_available":true,"controller_wanted_dir":[-0.000000894069671630859,0.0,1.0],"delivered_input":[0.437033832073212,-0.899445056915283],"diagnostic_output_outside_physics_cap":true,"floor_angle":0.785399973392487,"frame":6,"live_contacts":[{"collider_path":"/root/MeadowsPlayground/Village/doorstep_23/Collision","collider_rid":"RID(369122374321585)","collider_shape":0,"depth":0.0000656843185424805,"local_shape":0,"normal":[0.0,1.0,0.0],"point":[44.0000038146973,0.949999988079071,9.88168144226074]}],"live_recovery_travel":[0.0,0.000105023384094238,0.0],"live_state_phase":"post","mask":1,"on_ceiling":false,"on_floor":true,"on_wall":false,"physics_frame":9096,"plans":1,"player":[44.0000038146973,0.950829327106476,9.88168144226074],"progress_m":0.404769089072943,"provisional_choice":0,"provisional_steering":{"acceptance":false,"heading":[-0.000000907904222913203,0.0,1.0],"prediction_motion":[-0.000000929521036141523,0.0,1.02380955219269],"retry_choice":0,"source":"prospective_step","wall_normal":[0.0,0.0,0.0]},"queries":3,"recoveries":0,"refusal":"","request":[44.0,0.950803756713867,14.0],"requests":6,"safe_margin":0.00100000004749745,"slide_contacts":[{"collider_path":"/root/MeadowsPlayground/Village/doorstep_23/Collision","collider_rid":"RID(369122374321585)","collider_shape":0,"normal":[0.0,1.0,0.0],"point":[44.0000038146973,0.949999988079071,9.80087089538574],"slide":0,"swept_depth":0.00107812881469727},{"collider_path":"/root/MeadowsPlayground/Village/doorstep_23/Collision","collider_rid":"RID(369122374321585)","collider_shape":0,"normal":[0.0,1.0,0.0],"point":[44.0000038146973,0.949999988079071,9.88168144226074],"slide":1,"swept_depth":0.000170588493347168}],"slide_contacts_are_capped_prefix":true,"slide_count":2,"slide_motion":[0.0,0.0000255703926086426,0.0833330154418945],"slide_point_counts":[1,1],"snap":0.400000005960464,"stall_frames":0,"swept_depth":0.00107812881469727,"timing":{"between_callbacks":"controller and other nodes; excluded; not controller-only","between_callbacks_us":3923,"callback_cap_us":10000,"input_flush_us":29,"live_post_us":49,"live_pre_us":68,"movement_progress_us":4,"post_contract_us":17,"post_us":108,"pre_us":205,"provisional_steering_us":46,"serialization_and_print":"deferred; excluded; snapshot included","slide_validation_us":5,"snapshot_us":31,"stage":"post"},"total_queries":18,"wall_frames":0}
OPENING_PRODUCTION_LOG_COST {"cost_line_print_measured":false,"observation_print_us":24,"outside_physics_cap":true,"requests":6,"serialization_us":67}
OPENING_PRODUCTION_OBSERVATION {"acceptance":false,"actual_delta":[0.0,-0.0000121593475341797,0.0833330154418945],"authored_road_hint":"","callback_own_us":293,"ceiling_frames":0,"checked_start":true,"controller_observation_available":true,"controller_wanted_dir":[-0.000000923871994018555,0.0,1.0],"delivered_input":[0.437033861875534,-0.899445056915283],"diagnostic_output_outside_physics_cap":true,"floor_angle":0.785399973392487,"frame":7,"live_contacts":[{"collider_path":"/root/MeadowsPlayground/Village/doorstep_23/Collision","collider_rid":"RID(369122374321585)","collider_shape":0,"depth":0.0000672340393066406,"local_shape":0,"normal":[0.0,1.0,0.0],"point":[44.0000038146973,0.949999988079071,9.96501445770264]}],"live_recovery_travel":[0.0,0.000115573406219482,0.0],"live_state_phase":"post","mask":1,"on_ceiling":false,"on_floor":true,"on_wall":false,"physics_frame":9097,"plans":1,"player":[44.0000038146973,0.950817167758942,9.96501445770264],"progress_m":0.488102104514837,"provisional_choice":0,"provisional_steering":{"acceptance":false,"heading":[-0.000000926275447454827,0.0,1.0],"prediction_motion":[-0.000000948329670791281,0.0,1.02380955219269],"retry_choice":0,"source":"prospective_step","wall_normal":[0.0,0.0,0.0]},"queries":3,"recoveries":0,"refusal":"","request":[44.0,0.950829327106476,14.0],"requests":7,"safe_margin":0.00100000004749745,"slide_contacts":[{"collider_path":"/root/MeadowsPlayground/Village/doorstep_23/Collision","collider_rid":"RID(369122374321585)","collider_shape":0,"normal":[0.0,1.0,0.0],"point":[44.0000038146973,0.949999988079071,9.88444805145264],"slide":0,"swept_depth":0.00117242336273193},{"collider_path":"/root/MeadowsPlayground/Village/doorstep_23/Collision","collider_rid":"RID(369122374321585)","collider_shape":0,"normal":[0.0,1.0,0.0],"point":[44.0000038146973,0.949999988079071,9.96501445770264],"slide":1,"swept_depth":0.000182747840881348}],"slide_contacts_are_capped_prefix":true,"slide_count":2,"slide_motion":[0.0,-0.0000121593475341797,0.0833330154418945],"slide_point_counts":[1,1],"snap":0.400000005960464,"stall_frames":0,"swept_depth":0.00117242336273193,"timing":{"between_callbacks":"controller and other nodes; excluded; not controller-only","between_callbacks_us":3911,"callback_cap_us":10000,"input_flush_us":30,"live_post_us":49,"live_pre_us":49,"movement_progress_us":4,"post_contract_us":16,"post_us":105,"pre_us":185,"provisional_steering_us":46,"serialization_and_print":"deferred; excluded; snapshot included","slide_validation_us":4,"snapshot_us":29,"stage":"post"},"total_queries":21,"wall_frames":0}
OPENING_PRODUCTION_LOG_COST {"cost_line_print_measured":false,"observation_print_us":31,"outside_physics_cap":true,"requests":7,"serialization_us":79}
OPENING_PRODUCTION_OBSERVATION {"acceptance":false,"actual_delta":[0.0,-0.0000128746032714844,0.0833330154418945],"authored_road_hint":"","callback_own_us":357,"ceiling_frames":0,"checked_start":true,"controller_observation_available":true,"controller_wanted_dir":[-0.00000095367431640625,0.0,1.0],"delivered_input":[0.437033891677856,-0.899445056915283],"diagnostic_output_outside_physics_cap":true,"floor_angle":0.785399973392487,"frame":8,"live_contacts":[{"collider_path":"/root/MeadowsPlayground/Village/doorstep_23/Collision","collider_rid":"RID(369122374321585)","collider_shape":0,"depth":0.0000689029693603516,"local_shape":0,"normal":[0.0,1.0,0.0],"point":[44.0000038146973,0.949999988079071,10.0483474731445]}],"live_recovery_travel":[0.0,0.000126779079437256,0.0],"live_state_phase":"post","mask":1,"on_ceiling":false,"on_floor":true,"on_wall":false,"physics_frame":9098,"plans":1,"player":[44.0000038146973,0.95080429315567,10.0483474731445],"progress_m":0.571435119956732,"provisional_choice":0,"provisional_steering":{"acceptance":false,"heading":[-0.000000945405417951406,0.0,1.0],"prediction_motion":[-0.000000967915070759773,0.0,1.02380955219269],"retry_choice":0,"source":"prospective_step","wall_normal":[0.0,0.0,0.0]},"queries":3,"recoveries":0,"refusal":"","request":[44.0,0.950817167758942,14.0],"requests":8,"safe_margin":0.00100000004749745,"slide_contacts":[{"collider_path":"/root/MeadowsPlayground/Village/doorstep_23/Collision","collider_rid":"RID(369122374321585)","collider_shape":0,"normal":[0.0,1.0,0.0],"point":[44.0000038146973,0.949999988079071,9.96802520751953],"slide":0,"swept_depth":0.00127160549163818},{"collider_path":"/root/MeadowsPlayground/Village/doorstep_23/Collision","collider_rid":"RID(369122374321585)","collider_shape":0,"normal":[0.0,1.0,0.0],"point":[44.0000038146973,0.949999988079071,10.0483474731445],"slide":1,"swept_depth":0.000195622444152832}],"slide_contacts_are_capped_prefix":true,"slide_count":2,"slide_motion":[0.0,-0.0000128746032714844,0.0833330154418945],"slide_point_counts":[1,1],"snap":0.400000005960464,"stall_frames":0,"swept_depth":0.00127160549163818,"timing":{"between_callbacks":"controller and other nodes; excluded; not controller-only","between_callbacks_us":4862,"callback_cap_us":10000,"input_flush_us":42,"live_post_us":59,"live_pre_us":61,"movement_progress_us":5,"post_contract_us":20,"post_us":128,"pre_us":226,"provisional_steering_us":50,"serialization_and_print":"deferred; excluded; snapshot included","slide_validation_us":6,"snapshot_us":36,"stage":"post"},"total_queries":24,"wall_frames":0}
OPENING_PRODUCTION_LOG_COST {"cost_line_print_measured":false,"observation_print_us":42,"outside_physics_cap":true,"requests":8,"serialization_us":78}
ROUTE LEDGER {"a7_longest_so_far_s":26.3,"beats":54,"items":{"axe":1,"berries":5,"fiber":29,"hammer":1,"home_key":1,"knife":1,"orb_basic":48,"pickaxe":1,"potion_small":8,"revive":10,"stone":4,"torch":1,"wood":4},"kind":"ledger","party":[{"hp":111.9,"level":3,"species":"terrapup","xp":0},{"hp":26.2,"level":2,"species":"bramblebun","xp":0}],"path_m":525.9,"stage":"village","t":151.9}
[meadows_earned_team] {"approach_frames":46,"beat":"wild_house_route_point","floor":true,"index":0,"kind":"village_road","player":"(44.00001, 0.900936, 13.21432)"}
OPENING_PRODUCTION_OBSERVATION {"acceptance":false,"actual_delta":[-0.0833244323730469,-0.0000251531600952148,0.00112724304199219],"authored_road_hint":"","callback_own_us":353,"ceiling_frames":0,"checked_start":true,"controller_observation_available":true,"controller_wanted_dir":[-0.999908566474915,0.0,0.0135255455970764],"delivered_input":[0.905274331569672,0.424827545881271],"diagnostic_output_outside_physics_cap":true,"floor_angle":0.785399973392487,"frame":90,"live_contacts":[{"collider_path":"/root/MeadowsPlayground/Terrain","collider_rid":"RID(66898410602499)","collider_shape":33,"depth":0.0000671744346618652,"local_shape":0,"normal":[0.0,1.0,0.0],"point":[40.7089920043945,0.899999976158142,13.7198734283447]}],"live_recovery_travel":[0.0,0.000115454196929932,0.0],"live_state_phase":"post","mask":1,"on_ceiling":false,"on_floor":true,"on_wall":false,"physics_frame":9181,"plans":2,"player":[40.7089920043945,0.900817334651947,13.7198734283447],"progress_m":7.26155908405781,"provisional_choice":0,"provisional_steering":{"acceptance":false,"heading":[-0.999908566474915,0.0,0.0135255781933665],"prediction_motion":[-1.02371597290039,0.0,0.0138476165011525],"retry_choice":0,"source":"prospective_step","wall_normal":[0.0,0.0,0.0]},"queries":3,"recoveries":0,"refusal":"","request":[20.0,0.900842487812042,14.0],"requests":90,"safe_margin":0.00100000004749745,"slide_contacts":[{"collider_path":"/root/MeadowsPlayground/Terrain","collider_rid":"RID(66898410602499)","collider_shape":33,"normal":[0.0,1.0,0.0],"point":[40.78955078125,0.899999976158142,13.7187833786011],"slide":0,"swept_depth":0.00117069482803345},{"collider_path":"/root/MeadowsPlayground/Terrain","collider_rid":"RID(66898410602499)","collider_shape":33,"normal":[0.0,1.0,0.0],"point":[40.7089920043945,0.899999976158142,13.7198734283447],"slide":1,"swept_depth":0.000182688236236572}],"slide_contacts_are_capped_prefix":true,"slide_count":2,"slide_motion":[-0.0833244323730469,-0.0000251531600952148,0.00112724315840751],"slide_point_counts":[1,1],"snap":0.400000005960464,"stall_frames":0,"swept_depth":0.00117069482803345,"timing":{"between_callbacks":"controller and other nodes; excluded; not controller-only","between_callbacks_us":4331,"callback_cap_us":10000,"input_flush_us":35,"live_post_us":54,"live_pre_us":65,"movement_progress_us":4,"post_contract_us":17,"post_us":120,"pre_us":229,"provisional_steering_us":54,"serialization_and_print":"deferred; excluded; snapshot included","slide_validation_us":5,"snapshot_us":39,"stage":"post"},"total_queries":270,"wall_frames":0}
OPENING_PRODUCTION_LOG_COST {"cost_line_print_measured":false,"observation_print_us":46,"outside_physics_cap":true,"requests":90,"serialization_us":73}
OPENING_PRODUCTION_OBSERVATION {"acceptance":false,"actual_delta":[-0.0833244323730469,-0.0000125765800476074,0.00112724304199219],"authored_road_hint":"","callback_own_us":312,"ceiling_frames":0,"checked_start":true,"controller_observation_available":true,"controller_wanted_dir":[-0.999908566474915,0.0,0.0135248601436615],"delivered_input":[0.905274033546448,0.424828201532364],"diagnostic_output_outside_physics_cap":true,"floor_angle":0.785399973392487,"frame":180,"live_contacts":[{"collider_path":"/root/MeadowsPlayground/Terrain","collider_rid":"RID(66898410602499)","collider_shape":33,"depth":0.0000656247138977051,"local_shape":0,"normal":[0.0,1.0,0.0],"point":[33.2097930908203,0.899999976158142,13.8213233947754]}],"live_recovery_travel":[0.0,0.000104308128356934,0.0],"live_state_phase":"post","mask":1,"on_ceiling":false,"on_floor":true,"on_wall":false,"physics_frame":9271,"plans":2,"player":[33.2097930908203,0.900830090045929,13.8213233947754],"progress_m":14.7614444866776,"provisional_choice":0,"provisional_steering":{"acceptance":false,"heading":[-0.999908566474915,0.0,0.0135248489677906],"prediction_motion":[-1.02371597290039,0.0,0.0138468695804477],"retry_choice":0,"source":"prospective_step","wall_normal":[0.0,0.0,0.0]},"queries":3,"recoveries":0,"refusal":"","request":[20.0,0.900842666625977,14.0],"requests":180,"safe_margin":0.00100000004749745,"slide_contacts":[{"collider_path":"/root/MeadowsPlayground/Terrain","collider_rid":"RID(66898410602499)","collider_shape":33,"normal":[0.0,1.0,0.0],"point":[33.2905960083008,0.899999976158142,13.8202304840088],"slide":0,"swept_depth":0.00107294321060181},{"collider_path":"/root/MeadowsPlayground/Terrain","collider_rid":"RID(66898410602499)","collider_shape":33,"normal":[0.0,1.0,0.0],"point":[33.2097930908203,0.899999976158142,13.8213233947754],"slide":1,"swept_depth":0.000169813632965088}],"slide_contacts_are_capped_prefix":true,"slide_count":2,"slide_motion":[-0.0833244323730469,-0.0000125765800476074,0.00112724315840751],"slide_point_counts":[1,1],"snap":0.400000005960464,"stall_frames":0,"swept_depth":0.00107294321060181,"timing":{"between_callbacks":"controller and other nodes; excluded; not controller-only","between_callbacks_us":3840,"callback_cap_us":10000,"input_flush_us":28,"live_post_us":53,"live_pre_us":54,"movement_progress_us":4,"post_contract_us":16,"post_us":118,"pre_us":190,"provisional_steering_us":50,"serialization_and_print":"deferred; excluded; snapshot included","slide_validation_us":5,"snapshot_us":39,"stage":"post"},"total_queries":540,"wall_frames":0}
OPENING_PRODUCTION_LOG_COST {"cost_line_print_measured":false,"observation_print_us":60,"outside_physics_cap":true,"requests":180,"serialization_us":71}
OPENING_PRODUCTION_OBSERVATION {"acceptance":false,"actual_delta":[-0.0833263397216797,0.0000123977661132812,0.00112724304199219],"authored_road_hint":"","callback_own_us":346,"ceiling_frames":0,"checked_start":true,"controller_observation_available":true,"controller_wanted_dir":[-0.999908566474915,0.0,0.013524055480957],"delivered_input":[0.905273675918579,0.424828916788101],"diagnostic_output_outside_physics_cap":true,"floor_angle":0.785399973392487,"frame":270,"live_contacts":[{"collider_path":"/root/MeadowsPlayground/Terrain","collider_rid":"RID(66898410602499)","collider_shape":33,"depth":0.0000639557838439941,"local_shape":0,"normal":[0.0,1.0,0.0],"point":[25.7104530334473,0.899999976158142,13.9227647781372]}],"live_recovery_travel":[0.0,0.0000935792922973633,0.0],"live_state_phase":"post","mask":1,"on_ceiling":false,"on_floor":true,"on_wall":false,"physics_frame":9361,"plans":2,"player":[25.7104530334473,0.900842487812042,13.9227647781372],"progress_m":22.2614708244801,"provisional_choice":0,"provisional_steering":{"acceptance":false,"heading":[-0.999908566474915,0.0,0.0135240396484733],"prediction_motion":[-1.02371597290039,0.0,0.0138460407033563],"retry_choice":0,"source":"prospective_step","wall_normal":[0.0,0.0,0.0]},"queries":3,"recoveries":0,"refusal":"","request":[20.0,0.900830090045929,14.0],"requests":270,"safe_margin":0.00100000004749745,"slide_contacts":[{"collider_path":"/root/MeadowsPlayground/Terrain","collider_rid":"RID(66898410602499)","collider_shape":33,"normal":[0.0,1.0,0.0],"point":[25.7915000915527,0.899999976158142,13.9216680526733],"slide":0,"swept_depth":0.000977098941802979},{"collider_path":"/root/MeadowsPlayground/Terrain","collider_rid":"RID(66898410602499)","collider_shape":33,"normal":[0.0,1.0,0.0],"point":[25.7104530334473,0.899999976158142,13.9227647781372],"slide":1,"swept_depth":0.000157415866851807}],"slide_contacts_are_capped_prefix":true,"slide_count":2,"slide_motion":[-0.0833263397216797,0.0000123977661132812,0.00112724315840751],"slide_point_counts":[1,1],"snap":0.400000005960464,"stall_frames":0,"swept_depth":0.000977098941802979,"timing":{"between_callbacks":"controller and other nodes; excluded; not controller-only","between_callbacks_us":3752,"callback_cap_us":10000,"input_flush_us":50,"live_post_us":54,"live_pre_us":55,"movement_progress_us":4,"post_contract_us":17,"post_us":120,"pre_us":222,"provisional_steering_us":52,"serialization_and_print":"deferred; excluded; snapshot included","slide_validation_us":5,"snapshot_us":40,"stage":"post"},"total_queries":810,"wall_frames":0}
OPENING_PRODUCTION_LOG_COST {"cost_line_print_measured":false,"observation_print_us":59,"outside_physics_cap":true,"requests":270,"serialization_us":86}
[meadows_earned_team] {"approach_frames":330,"beat":"wild_house_route_point","floor":true,"index":1,"kind":"field_road","player":"(20.7942, 0.900891, 13.98919)"}
OPENING_PRODUCTION_OBSERVATION {"acceptance":false,"actual_delta":[-0.00105667114257812,-0.0000137090682983398,-0.0833263397216797],"authored_road_hint":"","callback_own_us":359,"ceiling_frames":0,"checked_start":true,"controller_observation_available":true,"controller_wanted_dir":[-0.0126919150352478,0.0,-0.999919474124908],"delivered_input":[-0.425582110881805,0.904919803142548],"diagnostic_output_outside_physics_cap":true,"floor_angle":0.785399973392487,"frame":360,"live_contacts":[{"collider_path":"/root/MeadowsPlayground/Terrain","collider_rid":"RID(66898410602499)","collider_shape":33,"depth":0.0000739693641662598,"local_shape":0,"normal":[0.0,1.0,0.0],"point":[20.3019790649414,0.899999976158142,11.7909917831421]}],"live_recovery_travel":[0.0,0.000160336494445801,0.0],"live_state_phase":"post","mask":1,"on_ceiling":false,"on_floor":true,"on_wall":false,"physics_frame":9452,"plans":3,"player":[20.3019790649414,0.900765717029572,11.7909917831421],"progress_m":29.6051532514393,"provisional_choice":0,"provisional_steering":{"acceptance":false,"heading":[-0.012691936455667,0.0,-0.999919414520264],"prediction_motion":[-0.0129941254854202,0.0,-1.02372705936432],"retry_choice":0,"source":"prospective_step","wall_normal":[0.0,0.0,0.0]},"queries":3,"recoveries":0,"refusal":"","request":[20.0,0.90077942609787,-12.0],"requests":360,"safe_margin":0.00100000004749745,"slide_contacts":[{"collider_path":"/root/MeadowsPlayground/Terrain","collider_rid":"RID(66898410602499)","collider_shape":33,"normal":[0.0,1.0,0.0],"point":[20.3029880523682,0.899999976158142,11.8705749511719],"slide":0,"swept_depth":0.00156956911087036},{"collider_path":"/root/MeadowsPlayground/Terrain","collider_rid":"RID(66898410602499)","collider_shape":33,"normal":[0.0,1.0,0.0],"point":[20.3019790649414,0.899999976158142,11.7909917831421],"slide":1,"swept_depth":0.00023418664932251}],"slide_contacts_are_capped_prefix":true,"slide_count":2,"slide_motion":[-0.00105667114257812,-0.0000137090682983398,-0.0833263397216797],"slide_point_counts":[1,1],"snap":0.400000005960464,"stall_frames":0,"swept_depth":0.00156956911087036,"timing":{"between_callbacks":"controller and other nodes; excluded; not controller-only","between_callbacks_us":3603,"callback_cap_us":10000,"input_flush_us":35,"live_post_us":56,"live_pre_us":65,"movement_progress_us":4,"post_contract_us":17,"post_us":121,"pre_us":233,"provisional_steering_us":54,"serialization_and_print":"deferred; excluded; snapshot included","slide_validation_us":4,"snapshot_us":39,"stage":"post"},"total_queries":1080,"wall_frames":0}
OPENING_PRODUCTION_LOG_COST {"cost_line_print_measured":false,"observation_print_us":41,"outside_physics_cap":true,"requests":360,"serialization_us":85}
OPENING_PRODUCTION_OBSERVATION {"acceptance":false,"actual_delta":[-0.00105667114257812,-0.000113904476165771,-0.0833268165588379],"authored_road_hint":"","callback_own_us":369,"ceiling_frames":0,"checked_start":true,"controller_observation_available":true,"controller_wanted_dir":[-0.0126893520355225,0.0,-0.999919533729553],"delivered_input":[-0.425584495067596,0.904918789863586],"diagnostic_output_outside_physics_cap":true,"floor_angle":0.785399973392487,"frame":450,"live_contacts":[{"collider_path":"/root/MeadowsPlayground/Terrain","collider_rid":"RID(66898410602499)","collider_shape":33,"depth":0.000078737735748291,"local_shape":0,"normal":[0.0,1.0,0.0],"point":[20.2067470550537,0.899999976158142,4.29161787033081]}],"live_recovery_travel":[0.0,0.000192523002624512,0.0],"live_state_phase":"post","mask":1,"on_ceiling":false,"on_floor":true,"on_wall":false,"physics_frame":9542,"plans":3,"player":[20.2067470550537,0.900728762149811,4.29161787033081],"progress_m":37.1051323227584,"provisional_choice":0,"provisional_steering":{"acceptance":false,"heading":[-0.0126893250271678,0.0,-0.999919533729553],"prediction_motion":[-0.0129914525896311,0.0,-1.02372717857361],"retry_choice":0,"source":"prospective_step","wall_normal":[0.0,0.0,0.0]},"queries":3,"recoveries":0,"refusal":"","request":[20.0,0.900842666625977,-12.0],"requests":450,"safe_margin":0.00100000004749745,"slide_contacts":[{"collider_path":"/root/MeadowsPlayground/Terrain","collider_rid":"RID(66898410602499)","collider_shape":33,"normal":[0.0,1.0,0.0],"point":[20.2077465057373,0.899999976158142,4.37046909332275],"slide":0,"swept_depth":0.00185424089431763},{"collider_path":"/root/MeadowsPlayground/Terrain","collider_rid":"RID(66898410602499)","collider_shape":33,"normal":[0.0,1.0,0.0],"point":[20.2067470550537,0.899999976158142,4.29161787033081],"slide":1,"swept_depth":0.000271141529083252}],"slide_contacts_are_capped_prefix":true,"slide_count":2,"slide_motion":[-0.00105667114257812,-0.000113904476165771,-0.0833268165588379],"slide_point_counts":[1,1],"snap":0.400000005960464,"stall_frames":0,"swept_depth":0.00185424089431763,"timing":{"between_callbacks":"controller and other nodes; excluded; not controller-only","between_callbacks_us":3708,"callback_cap_us":10000,"input_flush_us":31,"live_post_us":72,"live_pre_us":67,"movement_progress_us":5,"post_contract_us":17,"post_us":143,"pre_us":221,"provisional_steering_us":62,"serialization_and_print":"deferred; excluded; snapshot included","slide_validation_us":5,"snapshot_us":43,"stage":"post"},"total_queries":1350,"wall_frames":0}
OPENING_PRODUCTION_LOG_COST {"cost_line_print_measured":false,"observation_print_us":67,"outside_physics_cap":true,"requests":450,"serialization_us":78}
OPENING_PRODUCTION_OBSERVATION {"acceptance":false,"actual_delta":[-0.00105667114257812,-0.0000125765800476074,-0.0833268165588379],"authored_road_hint":"","callback_own_us":399,"ceiling_frames":0,"checked_start":true,"controller_observation_available":true,"controller_wanted_dir":[-0.0126832127571106,0.0,-0.999919593334198],"delivered_input":[-0.425590008497238,0.904916107654572],"diagnostic_output_outside_physics_cap":true,"floor_angle":0.785399973392487,"frame":540,"live_contacts":[{"collider_path":"/root/MeadowsPlayground/Terrain","collider_rid":"RID(66898410602499)","collider_shape":41,"depth":0.0000656247138977051,"local_shape":0,"normal":[0.0,1.0,0.0],"point":[20.1115226745605,0.899999976158142,-3.20778584480286]}],"live_recovery_travel":[0.0,0.000104308128356934,0.0],"live_state_phase":"post","mask":1,"on_ceiling":false,"on_floor":true,"on_wall":false,"physics_frame":9632,"plans":3,"player":[20.1115226745605,0.900830090045929,-3.20778584480286],"progress_m":44.6051410771906,"provisional_choice":0,"provisional_steering":{"acceptance":false,"heading":[-0.0126832034438848,0.0,-0.999919533729553],"prediction_motion":[-0.0129851847887039,0.0,-1.02372717857361],"retry_choice":0,"source":"prospective_step","wall_normal":[0.0,0.0,0.0]},"queries":3,"recoveries":0,"refusal":"","request":[20.0,0.900842666625977,-12.0],"requests":540,"safe_margin":0.00100000004749745,"slide_contacts":[{"collider_path":"/root/MeadowsPlayground/Terrain","collider_rid":"RID(66898410602499)","collider_shape":41,"normal":[0.0,1.0,0.0],"point":[20.1125469207764,0.899999976158142,-3.12698149681091],"slide":0,"swept_depth":0.00107294321060181},{"collider_path":"/root/MeadowsPlayground/Terrain","collider_rid":"RID(66898410602499)","collider_shape":41,"normal":[0.0,1.0,0.0],"point":[20.1115226745605,0.899999976158142,-3.20778584480286],"slide":1,"swept_depth":0.000169813632965088}],"slide_contacts_are_capped_prefix":true,"slide_count":2,"slide_motion":[-0.00105667114257812,-0.0000125765800476074,-0.0833268165588379],"slide_point_counts":[1,1],"snap":0.400000005960464,"stall_frames":0,"swept_depth":0.00107294321060181,"timing":{"between_callbacks":"controller and other nodes; excluded; not controller-only","between_callbacks_us":3944,"callback_cap_us":10000,"input_flush_us":33,"live_post_us":78,"live_pre_us":76,"movement_progress_us":5,"post_contract_us":17,"post_us":151,"pre_us":243,"provisional_steering_us":64,"serialization_and_print":"deferred; excluded; snapshot included","slide_validation_us":5,"snapshot_us":44,"stage":"post"},"total_queries":1620,"wall_frames":0}
OPENING_PRODUCTION_LOG_COST {"cost_line_print_measured":false,"observation_print_us":59,"outside_physics_cap":true,"requests":540,"serialization_us":104}
OPENING_PRODUCTION_OBSERVATION {"acceptance":false,"actual_delta":[-0.00105094909667969,0.00000244379043579102,-0.0833263397216797],"authored_road_hint":"","callback_own_us":363,"ceiling_frames":0,"checked_start":true,"controller_observation_available":true,"controller_wanted_dir":[-0.0126961153000593,0.0,-0.999919414520264],"delivered_input":[-0.425578385591507,0.904921650886536],"diagnostic_output_outside_physics_cap":true,"floor_angle":0.785399973392487,"frame":630,"live_contacts":[{"collider_path":"/root/MeadowsPlayground/Terrain","collider_rid":"RID(66898410602499)","collider_shape":41,"depth":0.0000608563423156738,"local_shape":0,"normal":[0.0,1.0,0.0],"point":[20.0164222717285,0.899999976158142,-10.7071695327759]}],"live_recovery_travel":[0.0,0.0000729560852050781,0.0],"live_state_phase":"post","mask":1,"on_ceiling":false,"on_floor":true,"on_wall":false,"physics_frame":9722,"plans":3,"player":[20.0164222717285,0.900866091251373,-10.7071695327759],"progress_m":52.1051279790699,"provisional_choice":0,"provisional_steering":{"acceptance":false,"heading":[-0.012696092016995,0.0,-0.999919474124908],"prediction_motion":[-0.0129983806982636,0.0,-1.02372705936432],"retry_choice":0,"source":"prospective_step","wall_normal":[0.0,0.0,0.0]},"queries":3,"recoveries":0,"refusal":"","request":[20.0,0.900863647460938,-12.0],"requests":630,"safe_margin":0.00100000004749745,"slide_contacts":[{"collider_path":"/root/MeadowsPlayground/Terrain","collider_rid":"RID(66898410602499)","collider_shape":41,"normal":[0.0,1.0,0.0],"point":[20.0174446105957,0.899999976158142,-10.6261215209961],"slide":0,"swept_depth":0.000972568988800049},{"collider_path":"/root/MeadowsPlayground/Terrain","collider_rid":"RID(66898410602499)","collider_shape":41,"normal":[0.0435576252639294,0.999050915241241,0.0],"point":[20.0000038146973,0.899999976158142,-10.6261215209961],"slide":0,"swept_depth":0.000972568988800049},{"collider_path":"/root/MeadowsPlayground/Terrain","collider_rid":"RID(66898410602499)","collider_shape":41,"normal":[0.0,1.0,0.0],"point":[20.0164222717285,0.899999976158142,-10.7071695327759],"slide":1,"swept_depth":0.000133812427520752}],"slide_contacts_are_capped_prefix":true,"slide_count":2,"slide_motion":[-0.00105094909667969,0.00000244379020841734,-0.0833263397216797],"slide_point_counts":[2,1],"snap":0.400000005960464,"stall_frames":0,"swept_depth":0.000972568988800049,"timing":{"between_callbacks":"controller and other nodes; excluded; not controller-only","between_callbacks_us":5052,"callback_cap_us":10000,"input_flush_us":31,"live_post_us":71,"live_pre_us":64,"movement_progress_us":5,"post_contract_us":18,"post_us":145,"pre_us":214,"provisional_steering_us":58,"serialization_and_print":"deferred; excluded; snapshot included","slide_validation_us":6,"snapshot_us":44,"stage":"post"},"total_queries":1890,"wall_frames":0}
OPENING_PRODUCTION_LOG_COST {"cost_line_print_measured":false,"observation_print_us":45,"outside_physics_cap":true,"requests":630,"serialization_us":87}
[meadows_earned_team] {"approach_frames":638,"beat":"wild_house_route_point","floor":true,"index":2,"kind":"field_road","player":"(20.01012, 0.900891, -11.20713)"}
[meadows_earned_team] {"approach_frames":710,"beat":"wild_house_route_point","floor":true,"index":3,"kind":"field_road","player":"(20.00113, 0.900934, -17.20711)"}
OPENING_PRODUCTION_OBSERVATION {"acceptance":false,"actual_delta":[-0.0000095367431640625,0.0,-0.0833339691162109],"authored_road_hint":"","callback_own_us":366,"ceiling_frames":0,"checked_start":true,"controller_observation_available":true,"controller_wanted_dir":[-0.000115782022476196,0.0,-1.0],"delivered_input":[-0.436928898096085,0.899496078491211],"diagnostic_output_outside_physics_cap":true,"floor_angle":0.785399973392487,"frame":720,"live_contacts":[{"collider_path":"/root/MeadowsPlayground/Terrain","collider_rid":"RID(66898410602499)","collider_shape":41,"depth":0.0000588297843933105,"local_shape":0,"normal":[0.0,1.0,0.0],"point":[20.000883102417,0.899999976158142,-18.3737869262695]},{"collider_path":"/root/MeadowsPlayground/Terrain","collider_rid":"RID(66898410602499)","collider_shape":41,"depth":0.0000578761100769043,"local_shape":0,"normal":[0.0,1.0,0.0],"point":[20.0000038146973,0.899999976158142,-18.3737869262695]}],"live_recovery_travel":[0.0,0.00000530481338500977,0.0],"live_state_phase":"post","mask":1,"on_ceiling":false,"on_floor":true,"on_wall":false,"physics_frame":9814,"plans":5,"player":[20.000883102417,0.90093582868576,-18.3737869262695],"progress_m":59.6051300950348,"provisional_choice":0,"provisional_steering":{"acceptance":false,"heading":[-0.000115783608634956,0.0,-1.0],"prediction_motion":[-0.000118540367111564,0.0,-1.02380955219269],"retry_choice":0,"source":"prospective_step","wall_normal":[0.0,0.0,0.0]},"queries":3,"recoveries":0,"refusal":"","request":[20.0,0.90093582868576,-26.0],"requests":720,"safe_margin":0.00100000004749745,"slide_contacts":[{"collider_path":"/root/MeadowsPlayground/Terrain","collider_rid":"RID(66898410602499)","collider_shape":41,"normal":[0.0,1.0,0.0],"point":[20.0008926391602,0.899999976158142,-18.2927322387695],"slide":0,"swept_depth":0.000970304012298584},{"collider_path":"/root/MeadowsPlayground/Terrain","collider_rid":"RID(66898410602499)","collider_shape":41,"normal":[0.0,1.0,0.0],"point":[20.0000019073486,0.899999976158142,-18.2927322387695],"slide":0,"swept_depth":0.000970304012298584},{"collider_path":"/root/MeadowsPlayground/Terrain","collider_rid":"RID(66898410602499)","collider_shape":41,"normal":[0.0,1.0,0.0],"point":[20.000883102417,0.899999976158142,-18.3737869262695],"slide":1,"swept_depth":0.0000641942024230957},{"collider_path":"/root/MeadowsPlayground/Terrain","collider_rid":"RID(66898410602499)","collider_shape":41,"normal":[0.0,1.0,0.0],"point":[20.0000038146973,0.899999976158142,-18.3737869262695],"slide":1,"swept_depth":0.0000641942024230957}],"slide_contacts_are_capped_prefix":true,"slide_count":2,"slide_motion":[-0.0000095367422545678,0.0,-0.0833339691162109],"slide_point_counts":[2,2],"snap":0.400000005960464,"stall_frames":0,"swept_depth":0.000970304012298584,"timing":{"between_callbacks":"controller and other nodes; excluded; not controller-only","between_callbacks_us":4304,"callback_cap_us":10000,"input_flush_us":35,"live_post_us":61,"live_pre_us":59,"movement_progress_us":4,"post_contract_us":18,"post_us":139,"pre_us":222,"provisional_steering_us":49,"serialization_and_print":"deferred; excluded; snapshot included","slide_validation_us":11,"snapshot_us":44,"stage":"post"},"total_queries":2159,"wall_frames":0}
OPENING_PRODUCTION_LOG_COST {"cost_line_print_measured":false,"observation_print_us":45,"outside_physics_cap":true,"requests":720,"serialization_us":86}
[meadows_earned_team] {"approach_frames":806,"beat":"wild_house_route_point","floor":true,"index":4,"kind":"field_road","player":"(20.00011, 0.895087, -25.2072)"}
OPENING_PRODUCTION_OBSERVATION {"acceptance":false,"actual_delta":[-0.0582485198974609,-0.000031888484954834,-0.0595951080322266],"authored_road_hint":"","callback_own_us":357,"ceiling_frames":0,"checked_start":true,"controller_observation_available":true,"controller_wanted_dir":[-0.699018955230713,0.0,-0.715103209018707],"delivered_input":[0.316205680370331,0.94869065284729],"diagnostic_output_outside_physics_cap":true,"floor_angle":0.785399973392487,"frame":810,"live_contacts":[{"collider_path":"/root/MeadowsPlayground/Terrain","collider_rid":"RID(66898410602499)","collider_shape":41,"depth":0.0000672340393066406,"local_shape":0,"normal":[0.00485009467229247,0.999976515769958,-0.00485009467229247],"point":[19.6610889434814,0.89282351732254,-25.8185272216797]}],"live_recovery_travel":[0.0,0.000115334987640381,0.0],"live_state_phase":"post","mask":1,"on_ceiling":false,"on_floor":true,"on_wall":false,"physics_frame":9905,"plans":6,"player":[19.6630344390869,0.893631517887115,-25.8204727172852],"progress_m":67.084035422653,"provisional_choice":0,"provisional_steering":{"acceptance":false,"heading":[-0.699018895626068,0.0,-0.715103209018707],"prediction_motion":[-0.715662240982056,0.0,-0.732129514217377],"retry_choice":0,"source":"prospective_step","wall_normal":[0.0,0.0,0.0]},"queries":3,"recoveries":0,"refusal":"","request":[14.6000003814697,0.89366340637207,-31.0],"requests":810,"safe_margin":0.00100000004749745,"slide_contacts":[{"collider_path":"/root/MeadowsPlayground/Terrain","collider_rid":"RID(66898410602499)","collider_shape":41,"normal":[0.00485009467229247,0.999976515769958,-0.00485009467229247],"point":[19.7174091339111,0.892829716205597,-25.7609157562256],"slide":0,"swept_depth":0.00117042474448681},{"collider_path":"/root/MeadowsPlayground/Terrain","collider_rid":"RID(66898410602499)","collider_shape":41,"normal":[0.00485009467229247,0.999976515769958,-0.00485009467229247],"point":[19.6610889434814,0.89282351732254,-25.8185272216797],"slide":1,"swept_depth":0.000182509422302246}],"slide_contacts_are_capped_prefix":true,"slide_count":2,"slide_motion":[-0.0582485198974609,-0.000031888484954834,-0.0595951080322266],"slide_point_counts":[1,1],"snap":0.400000005960464,"stall_frames":0,"swept_depth":0.00117042474448681,"timing":{"between_callbacks":"controller and other nodes; excluded; not controller-only","between_callbacks_us":4280,"callback_cap_us":10000,"input_flush_us":53,"live_post_us":59,"live_pre_us":56,"movement_progress_us":4,"post_contract_us":17,"post_us":123,"pre_us":229,"provisional_steering_us":53,"serialization_and_print":"deferred; excluded; snapshot included","slide_validation_us":4,"snapshot_us":38,"stage":"post"},"total_queries":2429,"wall_frames":0}
OPENING_PRODUCTION_LOG_COST {"cost_line_print_measured":false,"observation_print_us":60,"outside_physics_cap":true,"requests":810,"serialization_us":73}
[meadows_earned_team] {"approach_frames":893,"beat":"wild_house_route_point","floor":true,"index":5,"kind":"field_road","player":"(15.1194, 0.874263, -30.46886)"}
OPENING_PRODUCTION_OBSERVATION {"acceptance":false,"actual_delta":[0.0565643310546875,0.00030750036239624,-0.0611915588378906],"authored_road_hint":"","callback_own_us":393,"ceiling_frames":0,"checked_start":true,"controller_observation_available":true,"controller_wanted_dir":[0.678824484348297,0.0,-0.73430061340332],"delivered_input":[-0.931479215621948,0.363794595003128],"diagnostic_output_outside_physics_cap":true,"floor_angle":0.785399973392487,"frame":900,"live_contacts":[{"collider_path":"/root/MeadowsPlayground/Terrain","collider_rid":"RID(66898410602499)","collider_shape":41,"depth":0.0000657439231872559,"local_shape":0,"normal":[-0.0038795426953584,0.999991178512573,0.00164477562066168],"point":[15.2328758239746,0.872387111186981,-31.2605476379395]}],"live_recovery_travel":[0.0,0.000105381011962891,0.0],"live_state_phase":"post","mask":1,"on_ceiling":false,"on_floor":true,"on_wall":false,"physics_frame":9996,"plans":7,"player":[15.2313203811646,0.873212516307831,-31.2598876953125],"progress_m":74.4433949254453,"provisional_choice":0,"provisional_steering":{"acceptance":false,"heading":[0.678824603557587,0.0,-0.73430061340332],"prediction_motion":[0.694987118244171,0.0,-0.751783967018127],"retry_choice":0,"source":"prospective_step","wall_normal":[0.0,0.0,0.0]},"queries":3,"recoveries":0,"refusal":"","request":[21.0,0.872905015945435,-37.5],"requests":900,"safe_margin":0.00100000004749745,"slide_contacts":[{"collider_path":"/root/MeadowsPlayground/Terrain","collider_rid":"RID(66898410602499)","collider_shape":41,"normal":[-0.0038795426953584,0.999991178512573,0.00164477562066168],"point":[15.1780204772949,0.872076749801636,-31.2012062072754],"slide":0,"swept_depth":0.00108290556818247},{"collider_path":"/root/MeadowsPlayground/Terrain","collider_rid":"RID(66898410602499)","collider_shape":41,"normal":[-0.0038795426953584,0.999991178512573,0.00164477562066168],"point":[15.2328748703003,0.872387111186981,-31.2605476379395],"slide":1,"swept_depth":0.000171127598150633}],"slide_contacts_are_capped_prefix":true,"slide_count":2,"slide_motion":[0.0565643310546875,0.00030750033329241,-0.0611915588378906],"slide_point_counts":[1,1],"snap":0.400000005960464,"stall_frames":0,"swept_depth":0.00108290556818247,"timing":{"between_callbacks":"controller and other nodes; excluded; not controller-only","between_callbacks_us":4564,"callback_cap_us":10000,"input_flush_us":29,"live_post_us":58,"live_pre_us":50,"movement_progress_us":4,"post_contract_us":17,"post_us":120,"pre_us":268,"provisional_steering_us":134,"serialization_and_print":"deferred; excluded; snapshot included","slide_validation_us":4,"snapshot_us":37,"stage":"post"},"total_queries":2699,"wall_frames":0}
OPENING_PRODUCTION_LOG_COST {"cost_line_print_measured":false,"observation_print_us":58,"outside_physics_cap":true,"requests":900,"serialization_us":71}
[meadows_earned_team] {"beat":"wild_departure_early_engage","completed_points":6,"planned_points":8,"target":"Wild_bramblebun_0_2"}
[meadows_earned_team] {"beat":"wild_interact","can_walk":true,"contacts":[{"collider":"/root/MeadowsPlayground/Terrain","normal":"(0.036159, 0.996851, 0.070574)","position":"(19.74305, 0.989924, -36.1823)"}],"distance":5.77918481826782,"input_owner":"<null>","input_vector":"(-0.931223, 0.36445)","nav_detour":"(0.0, 0.0, 0.0)","nav_detour_left":0,"nav_side":0.0,"offer":{"actionable":true,"distance":5.11293481826782,"label":"Engage Bramblebun","priority":0},"offered_target":"Wild_bramblebun_0_2","on_floor":true,"on_wall":false,"player_position":"(19.81266, 0.991739, -36.21373)","slide_colliders":["Terrain"],"target":"Wild_bramblebun_0_2","target_position":"(24.64606, 0.806105, -39.37645)","velocity":"(3.39154, 0.0, -3.673889)","winning_provider":"EncounterDirector"}
GATE A OPENING +0.00s — engaged exact live target Wild_bramblebun_0_2 (bramblebun)
ERROR: starter fainted before naturally weakening the tutorial Bramblebun (gap 5.74 m, contact separation 4.35 m, Bramblebun 53/106 HP, tick 1593)
   at: push_error (core/variant/variant_utility.cpp:1023)
   GDScript backtrace (most recent call first):
       [0] _fail (res://tests/helpers/gate_a_opening_drive.gd:1567)
       [1] _fight_until_catchable (res://tests/helpers/gate_a_opening_drive.gd:476)
       [2] _drive_body_toward (res://tests/helpers/gate_a_opening_drive.gd:1419)
[meadows_earned_team] {"attempt":1,"beat":"catch_retry","failures":["starter fainted before naturally weakening the tutorial Bramblebun (gap 5.74 m, contact separation 4.35 m, Bramblebun 53/106 HP, tick 1593)"],"fighting":true,"party":[{"hp":0.0,"id":-9223323098336253515,"level":3,"species":"terrapup","xp":0},{"hp":26.1524983919702,"id":-9223371485672893720,"level":2,"species":"bramblebun","xp":0}]}
GATE A OPENING +0.00s — engaged exact live target Wild_bramblebun_0_2 (bramblebun)
ERROR: starter fainted before naturally weakening the tutorial Bramblebun (gap 5.74 m, contact separation 4.35 m, Bramblebun 53/106 HP, tick 0)
   at: push_error (core/variant/variant_utility.cpp:1023)
   GDScript backtrace (most recent call first):
       [0] _fail (res://tests/helpers/gate_a_opening_drive.gd:1567)
       [1] _fight_until_catchable (res://tests/helpers/gate_a_opening_drive.gd:476)
       [2] catch_existing (res://tests/helpers/fresh_opening_segment.gd:194)
       [3] _catch_with_retries (res://tests/helpers/meadows_earned_team_segment.gd:839)
       [4] catch_existing (res://tests/helpers/fresh_opening_segment.gd:195)
       [5] _fight_until_catchable (res://tests/helpers/gate_a_opening_drive.gd:479)
       [6] _drive_body_toward (res://tests/helpers/gate_a_opening_drive.gd:1419)
[meadows_earned_team] {"attempt":2,"beat":"catch_retry","failures":["starter fainted before naturally weakening the tutorial Bramblebun (gap 5.74 m, contact separation 4.35 m, Bramblebun 53/106 HP, tick 0)"],"fighting":true,"party":[{"hp":0.0,"id":-9223323098336253515,"level":3,"species":"terrapup","xp":0},{"hp":26.1524983919702,"id":-9223371485672893720,"level":2,"species":"bramblebun","xp":0}]}
GATE A OPENING +0.00s — engaged exact live target Wild_bramblebun_0_2 (bramblebun)
ERROR: starter fainted before naturally weakening the tutorial Bramblebun (gap 5.74 m, contact separation 4.35 m, Bramblebun 53/106 HP, tick 0)
   at: push_error (core/variant/variant_utility.cpp:1023)
   GDScript backtrace (most recent call first):
       [0] _fail (res://tests/helpers/gate_a_opening_drive.gd:1567)
       [1] _fight_until_catchable (res://tests/helpers/gate_a_opening_drive.gd:476)
       [2] catch_existing (res://tests/helpers/fresh_opening_segment.gd:194)
       [3] _catch_with_retries (res://tests/helpers/meadows_earned_team_segment.gd:839)
       [4] catch_existing (res://tests/helpers/fresh_opening_segment.gd:195)
       [5] _fight_until_catchable (res://tests/helpers/gate_a_opening_drive.gd:479)
       [6] _drive_body_toward (res://tests/helpers/gate_a_opening_drive.gd:1419)
[meadows_earned_team] {"attempt":3,"beat":"catch_retry","failures":["starter fainted before naturally weakening the tutorial Bramblebun (gap 5.74 m, contact separation 4.35 m, Bramblebun 53/106 HP, tick 0)"],"fighting":true,"party":[{"hp":0.0,"id":-9223323098336253515,"level":3,"species":"terrapup","xp":0},{"hp":26.1524983919702,"id":-9223371485672893720,"level":2,"species":"bramblebun","xp":0}]}
[meadows_earned_team] FAIL: Live catch failed: ["starter fainted before naturally weakening the tutorial Bramblebun (gap 5.74 m, contact separation 4.35 m, Bramblebun 53/106 HP, tick 0)"]
FRESH COVERAGE OBSERVATIONS {"below_two_samples":0,"camera_below_two_samples":49,"caveat":"below_two_samples grades only aligned <=5m road samples; camera_below_two_samples retains all observed-camera telemetry; unvisited routes and rendered silhouette readability remain unproved","complete_coverage":false,"failures":[],"graded_road_samples":0,"kind":"summary","observed_travel_m":612.519823272078,"off_route_samples":55,"samples":56,"unaligned_road_samples":1,"undersampled_intervals":0,"unusable_heading_samples":0}
ROUTE LEDGER {"a7_longest_so_far_s":26.3,"beats":55,"items":{"axe":1,"berries":5,"fiber":29,"hammer":1,"home_key":1,"knife":1,"orb_basic":48,"pickaxe":1,"potion_small":8,"revive":10,"stone":4,"torch":1,"wood":4},"kind":"ledger","party":[{"hp":0.0,"level":3,"species":"terrapup","xp":0},{"hp":26.2,"level":2,"species":"bramblebun","xp":0}],"path_m":612.2,"stage":"stop","t":195.9}
ROUTE LEDGER SUMMARY {"a7_longest_active_gap":{"end_path_m":474.0,"end_t":138.0,"seconds":26.3,"start":{"path_m":345.8,"pos":[46.1,-1.9,-39.0],"stage":"road_gate","t":111.1}},"a7_violations":[],"beats":55,"discontinuities":0,"game_seconds":195.9,"kind":"summary","path_m":612.2,"solvency":{"four_character":"not computed: needs route harvest totals or a four-peer run","repeated_wilds":[],"reserve_ok":false,"stages":[],"two_loss_basket":{"assumption":true,"potion_small":4,"revive":2},"two_loss_ok":false,"two_loss_worst":{},"wilds_fought":2},"spacing_median_m":2.5,"spacing_over_window":[],"stages":5,"strict":{"a7":{"longest":{"from":"region:the_rise","from_pos":[46.2,-2.1,-37.7],"seconds":26.9,"stage":"road_gate","to":"Greet Oskar","to_pos":[63.9,0.9,19.0]},"violations":[]},"beats":38,"spacing_median_m":2.0,"spacing_over_window":[]}}
FIGHT LOG SUMMARY {"f04_4_witnessed":false,"fights":0,"missing_or_unwitnessed":["captain_riverwatch","captain_field","captain_ridge","warden_aldis"],"per_fight":{},"targets":["captain_riverwatch","captain_field","captain_ridge","warden_aldis"]}
FRESH CAMPAIGN RESULT {"campaign_complete":false,"checkpoints":[],"counts_as_proof":false,"cumulative_elapsed_seconds":298.591,"dry_run":false,"elapsed_seconds":298.591,"failures":["Live catch failed: [\"starter fainted before naturally weakening the tutorial Bramblebun (gap 5.74 m, contact separation 4.35 m, Bramblebun 53/106 HP, tick 0)\"]"],"local_chains":[],"reached":"village","requested_prefix_passed":false,"resume":{},"resumed_from":"","scratch":"user://f49_campaign_2318_7021"}
