t,wall,x,y,z,heading,region,clock_hour,weather,frame_ms,physics_ms,dead_travel_m,nearest_poi_dist_m,input_context
0.73,2026-08-31 06:20:51,0.00,0.00,0.00,0.0,grandpas_village,0.00,,0.234,2.960,0.00,,title
0.88,2026-08-31 06:20:51,0.00,0.00,0.00,0.0,grandpas_village,0.00,,0.234,2.960,0.00,,title
1.60,2026-08-31 06:26:44,1.17,-2.88,1337.71,-171.4,corridor,8.02,clear,18.056,15.633,0.00,26.96,world
2.10,2026-08-31 06:26:44,1.17,-2.88,1337.71,-171.4,corridor,8.04,clear,40.195,420.911,0.00,26.96,world
2.60,2026-08-31 06:26:45,1.17,-2.88,1337.71,-171.4,corridor,8.06,clear,40.195,420.911,0.00,26.96,world
3.10,2026-08-31 06:26:45,1.17,-2.88,1337.71,-171.4,corridor,8.08,clear,18.273,10.047,0.00,26.96,world
3.60,2026-08-31 06:26:46,1.17,-2.88,1337.71,-171.4,corridor,8.10,clear,18.273,10.047,0.00,26.96,world
4.10,2026-08-31 06:26:46,1.17,-2.88,1337.71,-171.4,corridor,8.12,clear,17.186,5.367,0.00,26.96,world
4.60,2026-08-31 06:26:47,1.17,-2.88,1337.71,-171.4,corridor,8.14,clear,17.186,5.367,0.00,26.96,world
5.10,2026-08-31 06:26:47,1.17,-2.88,1337.71,-171.4,corridor,8.16,clear,16.921,4.900,0.00,26.96,world
5.60,2026-08-31 06:26:48,1.17,-2.88,1337.71,-171.4,corridor,8.18,clear,16.921,4.900,0.00,26.96,world
6.10,2026-08-31 06:26:48,1.17,-2.88,1337.71,-171.4,corridor,8.20,clear,16.996,5.037,0.00,26.96,world
6.60,2026-08-31 06:26:49,1.17,-2.88,1337.71,-171.4,corridor,8.22,clear,16.996,5.037,0.00,26.96,world
7.10,2026-08-31 06:26:49,1.17,-2.88,1337.71,-171.4,corridor,8.24,clear,17.870,5.027,0.00,26.96,world
7.60,2026-08-31 06:26:50,1.17,-2.88,1337.71,-171.4,corridor,8.26,clear,17.870,5.027,0.00,26.96,world
8.10,2026-08-31 06:26:50,1.17,-2.88,1337.71,-171.4,corridor,8.28,clear,17.733,5.732,0.00,26.96,world
8.60,2026-08-31 06:26:51,1.17,-2.88,1337.71,-171.4,corridor,8.30,clear,17.733,5.732,0.00,26.96,world
9.10,2026-08-31 06:26:51,1.17,-2.88,1337.71,-171.4,corridor,8.32,clear,17.375,6.557,0.00,26.96,world
9.60,2026-08-31 06:26:52,1.17,-2.88,1337.71,-171.4,corridor,8.34,clear,17.375,6.557,0.00,26.96,world
10.10,2026-08-31 06:26:52,1.17,-2.88,1337.71,-171.4,corridor,8.36,clear,17.844,5.722,0.00,26.96,world
10.60,2026-08-31 06:26:53,1.17,-2.88,1337.71,-171.4,corridor,8.38,clear,17.844,5.722,0.00,26.96,world
11.10,2026-08-31 06:26:53,1.17,-2.88,1337.71,-171.4,corridor,8.40,clear,16.888,5.068,0.00,26.96,world
11.60,2026-08-31 06:26:54,1.17,-2.88,1337.71,-171.4,corridor,8.42,clear,16.888,5.068,0.00,26.96,world
12.10,2026-08-31 06:26:54,1.17,-2.88,1337.71,-171.4,corridor,8.44,clear,17.832,5.194,0.00,26.96,world
12.60,2026-08-31 06:26:55,1.17,-2.88,1337.71,-171.4,corridor,8.46,clear,17.832,5.194,0.00,26.96,world
13.10,2026-08-31 06:26:55,1.17,-2.88,1337.71,-171.4,corridor,8.48,clear,16.749,5.143,0.00,26.96,world
13.60,2026-08-31 06:26:56,1.17,-2.88,1337.71,-171.4,corridor,8.50,clear,16.749,5.143,0.00,26.96,world
14.10,2026-08-31 06:26:56,1.17,-2.88,1337.71,-171.4,corridor,8.52,clear,16.657,5.164,0.00,26.96,world
14.60,2026-08-31 06:26:57,1.17,-2.88,1337.71,-171.4,corridor,8.54,clear,16.657,5.164,0.00,26.96,world
15.10,2026-08-31 06:26:57,1.17,-2.88,1337.71,-171.4,corridor,8.56,clear,16.663,5.512,0.00,26.96,world
15.60,2026-08-31 06:26:58,1.17,-2.88,1337.71,-171.4,corridor,8.58,clear,16.663,5.512,0.00,26.96,world
16.10,2026-08-31 06:26:58,1.17,-2.88,1337.71,-171.4,corridor,8.60,clear,16.849,5.658,0.00,26.96,world
16.60,2026-08-31 06:26:59,1.17,-2.88,1337.71,-171.4,corridor,8.62,clear,16.849,5.658,0.00,26.96,world
17.10,2026-08-31 06:26:59,1.17,-2.88,1337.71,-171.4,corridor,8.64,clear,22.187,6.573,0.00,26.96,world
17.60,2026-08-31 06:27:00,1.17,-2.88,1337.71,-171.4,corridor,8.66,clear,22.187,6.573,0.00,26.96,world
18.10,2026-08-31 06:27:00,1.17,-2.88,1337.71,-171.4,corridor,8.68,clear,17.608,4.818,0.00,26.96,world
18.60,2026-08-31 06:27:01,1.17,-2.88,1337.71,-171.4,corridor,8.70,clear,17.608,4.818,0.00,26.96,world
19.10,2026-08-31 06:27:01,1.17,-2.88,1337.71,-171.4,corridor,8.72,clear,19.609,5.582,0.00,26.96,world
19.60,2026-08-31 06:27:02,1.17,-2.88,1337.71,-171.4,corridor,8.74,clear,19.609,5.582,0.00,26.96,world
20.10,2026-08-31 06:27:02,1.17,-2.88,1337.71,-171.4,corridor,8.76,clear,38.844,9.500,0.00,26.96,world
20.60,2026-08-31 06:27:03,1.17,-2.88,1337.71,-171.4,corridor,8.78,clear,38.844,9.500,0.00,26.96,world
21.10,2026-08-31 06:27:03,1.17,-2.88,1337.71,-171.4,corridor,8.80,clear,22.154,5.811,0.00,26.96,world
21.60,2026-08-31 06:27:04,1.17,-2.88,1337.71,-171.4,corridor,8.82,clear,22.154,5.811,0.00,26.96,world
22.10,2026-08-31 06:27:04,1.17,-2.88,1337.71,-171.4,corridor,8.84,clear,18.916,5.246,0.00,26.96,world
22.60,2026-08-31 06:27:05,1.17,-2.88,1337.71,-171.4,corridor,8.86,clear,18.916,5.246,0.00,26.96,world
23.10,2026-08-31 06:27:05,1.17,-2.88,1337.71,-171.4,corridor,8.88,clear,18.517,5.183,0.00,26.96,world
23.60,2026-08-31 06:27:06,1.17,-2.88,1337.71,-171.4,corridor,8.90,clear,18.517,5.183,0.00,26.96,world
24.10,2026-08-31 06:27:06,1.17,-2.88,1337.71,-171.4,corridor,8.92,clear,20.474,7.254,0.00,26.96,world
24.60,2026-08-31 06:27:07,1.17,-2.88,1337.71,-171.4,corridor,8.94,clear,20.474,7.254,0.00,26.96,world
25.10,2026-08-31 06:27:07,1.17,-2.88,1337.71,-171.4,corridor,8.96,clear,17.741,5.514,0.00,26.96,world
25.60,2026-08-31 06:27:08,1.17,-2.88,1337.71,-171.4,corridor,8.98,clear,17.741,5.514,0.00,26.96,world
26.10,2026-08-31 06:27:08,1.17,-2.88,1337.71,-171.4,corridor,9.00,clear,17.786,9.518,0.00,26.96,world
26.60,2026-08-31 06:27:09,1.17,-2.88,1337.71,-171.4,corridor,9.02,clear,17.786,9.518,0.00,26.96,world
27.10,2026-08-31 06:27:09,1.17,-2.88,1337.71,-171.4,corridor,9.04,clear,16.939,5.252,0.00,26.96,world
27.60,2026-08-31 06:27:10,1.17,-2.88,1337.71,-171.4,corridor,9.06,clear,16.939,5.252,0.00,26.96,world
28.10,2026-08-31 06:27:10,1.17,-2.88,1337.71,-171.4,corridor,9.08,clear,17.497,5.255,0.00,26.96,world
28.60,2026-08-31 06:27:11,1.17,-2.88,1337.71,-171.4,corridor,9.10,clear,17.497,5.255,0.00,26.96,world
29.10,2026-08-31 06:27:11,1.17,-2.88,1337.71,-171.4,corridor,9.12,clear,16.606,5.254,0.00,26.96,world
29.60,2026-08-31 06:27:12,1.17,-2.88,1337.71,-171.4,corridor,9.14,clear,16.606,5.254,0.00,26.96,world
30.10,2026-08-31 06:27:12,1.17,-2.88,1337.71,-171.4,corridor,9.16,clear,17.212,5.368,0.00,26.96,world
30.60,2026-08-31 06:27:13,1.17,-2.88,1337.71,-171.4,corridor,9.18,clear,17.212,5.368,0.00,26.96,world
31.10,2026-08-31 06:27:13,1.17,-2.88,1337.71,-171.4,corridor,9.20,clear,16.358,5.009,0.00,26.96,world
31.60,2026-08-31 06:27:14,1.17,-2.88,1337.71,-171.4,corridor,9.22,clear,16.358,5.009,0.00,26.96,world
32.10,2026-08-31 06:27:14,1.17,-2.88,1337.71,-171.4,corridor,9.24,clear,20.013,5.146,0.00,26.96,world
32.60,2026-08-31 06:27:15,1.17,-2.88,1337.71,-171.4,corridor,9.26,clear,20.013,5.146,0.00,26.96,world
33.10,2026-08-31 06:27:15,1.17,-2.88,1337.71,-171.4,corridor,9.28,clear,18.528,5.412,0.00,26.96,world
33.60,2026-08-31 06:27:16,1.17,-2.88,1337.71,-171.4,corridor,9.30,clear,18.528,5.412,0.00,26.96,world
34.10,2026-08-31 06:27:16,1.17,-2.88,1337.71,-171.4,corridor,9.32,clear,17.770,5.153,0.00,26.96,world
34.60,2026-08-31 06:27:17,1.17,-2.88,1337.71,-171.4,corridor,9.34,clear,17.770,5.153,0.00,26.96,world
35.10,2026-08-31 06:27:17,1.17,-2.88,1337.71,-171.4,corridor,9.36,clear,17.829,5.637,0.00,26.96,world
35.60,2026-08-31 06:27:18,1.17,-2.88,1337.71,-171.4,corridor,9.38,clear,17.829,5.637,0.00,26.96,world
36.10,2026-08-31 06:27:18,1.17,-2.88,1337.71,-171.4,corridor,9.40,clear,19.605,6.136,0.00,26.96,world
36.60,2026-08-31 06:27:19,1.17,-2.88,1337.71,-171.4,corridor,9.42,clear,19.605,6.136,0.00,26.96,world
37.10,2026-08-31 06:27:19,1.17,-2.88,1337.71,-171.4,corridor,9.44,clear,23.118,5.308,0.00,26.96,world
37.60,2026-08-31 06:27:20,1.17,-2.88,1337.71,-171.4,corridor,9.46,clear,23.118,5.308,0.00,26.96,world
38.10,2026-08-31 06:27:20,1.17,-2.88,1337.71,-171.4,corridor,9.48,clear,20.545,5.871,0.00,26.96,world
38.60,2026-08-31 06:27:21,1.17,-2.88,1337.71,-171.4,corridor,9.50,clear,20.545,5.871,0.00,26.96,world
39.10,2026-08-31 06:27:21,1.17,-2.88,1337.71,-171.4,corridor,9.52,clear,19.796,7.390,0.00,26.96,world
39.60,2026-08-31 06:27:22,1.17,-2.88,1337.71,-171.4,corridor,9.54,clear,19.796,7.390,0.00,26.96,world
40.10,2026-08-31 06:27:22,1.17,-2.88,1337.71,-171.4,corridor,9.56,clear,16.200,5.335,0.00,26.96,world
40.60,2026-08-31 06:27:23,1.17,-2.88,1337.71,-171.4,corridor,9.58,clear,16.200,5.335,0.00,26.96,world
41.10,2026-08-31 06:27:23,1.17,-2.88,1337.71,-171.4,corridor,9.60,clear,16.955,5.062,0.00,26.96,world
41.60,2026-08-31 06:27:24,1.17,-2.88,1337.71,-171.4,corridor,9.62,clear,16.955,5.062,0.00,26.96,world
42.10,2026-08-31 06:27:24,1.17,-2.88,1337.71,-171.4,corridor,9.64,clear,16.866,5.072,0.00,26.96,world
42.60,2026-08-31 06:27:25,1.17,-2.88,1337.71,-171.4,corridor,9.66,clear,16.866,5.072,0.00,26.96,world
43.10,2026-08-31 06:27:25,1.17,-2.88,1337.71,-171.4,corridor,9.68,clear,16.764,5.253,0.00,26.96,world
43.60,2026-08-31 06:27:26,1.17,-2.88,1337.71,-171.4,corridor,9.70,clear,16.764,5.253,0.00,26.96,world
44.10,2026-08-31 06:27:26,1.17,-2.88,1337.71,-171.4,corridor,9.72,clear,17.476,5.443,0.00,26.96,world
44.60,2026-08-31 06:27:27,1.17,-2.88,1337.71,-171.4,corridor,9.74,clear,17.476,5.443,0.00,26.96,world
45.10,2026-08-31 06:27:27,1.17,-2.88,1337.71,-171.4,corridor,9.76,clear,16.572,5.095,0.00,26.96,world
45.60,2026-08-31 06:27:28,1.17,-2.88,1337.71,-171.4,corridor,9.78,clear,16.572,5.095,0.00,26.96,world
46.10,2026-08-31 06:27:28,1.17,-2.88,1337.71,-171.4,corridor,9.80,clear,18.114,5.572,0.00,26.96,world
46.60,2026-08-31 06:27:29,1.17,-2.88,1337.71,-171.4,corridor,9.82,clear,18.114,5.572,0.00,26.96,world
47.10,2026-08-31 06:27:29,1.17,-2.88,1337.71,-171.4,corridor,9.84,clear,16.336,4.814,0.00,26.96,world
47.60,2026-08-31 06:27:30,1.17,-2.88,1337.71,-171.4,corridor,9.86,clear,16.336,4.814,0.00,26.96,world
48.10,2026-08-31 06:27:30,1.17,-2.88,1337.71,-171.4,corridor,9.88,clear,17.330,4.769,0.00,26.96,world
48.60,2026-08-31 06:27:31,1.17,-2.88,1337.71,-171.4,corridor,9.90,clear,17.330,4.769,0.00,26.96,world
49.10,2026-08-31 06:27:31,1.17,-2.88,1337.71,-171.4,corridor,9.92,clear,17.749,5.091,0.00,26.96,world
49.60,2026-08-31 06:27:32,1.17,-2.88,1337.71,-171.4,corridor,9.94,clear,17.749,5.091,0.00,26.96,world
50.10,2026-08-31 06:27:32,1.17,-2.88,1337.71,-171.4,corridor,9.96,clear,16.604,5.038,0.00,26.96,world
50.60,2026-08-31 06:27:33,1.17,-2.88,1337.71,-171.4,corridor,9.98,clear,16.604,5.038,0.00,26.96,world
51.10,2026-08-31 06:27:33,1.17,-2.88,1337.71,-171.4,corridor,10.00,clear,16.834,5.110,0.00,26.96,world
51.60,2026-08-31 06:27:34,1.17,-2.88,1337.71,-171.4,corridor,10.02,clear,16.834,5.110,0.00,26.96,world
52.10,2026-08-31 06:27:34,1.17,-2.88,1337.71,-171.4,corridor,10.04,clear,17.092,5.905,0.00,26.96,world
52.60,2026-08-31 06:27:35,1.17,-2.88,1337.71,-171.4,corridor,10.06,clear,17.092,5.905,0.00,26.96,world
53.10,2026-08-31 06:27:35,1.17,-2.88,1337.71,-171.4,corridor,10.08,clear,16.951,12.295,0.00,26.96,world
53.60,2026-08-31 06:27:36,1.17,-2.88,1337.71,-171.4,corridor,10.10,clear,16.951,12.295,0.00,26.96,world
54.10,2026-08-31 06:27:36,1.17,-2.88,1337.71,-171.4,corridor,10.12,clear,18.250,6.157,0.00,26.96,world
54.60,2026-08-31 06:27:37,1.17,-2.88,1337.71,-171.4,corridor,10.14,clear,18.250,6.157,0.00,26.96,world
55.10,2026-08-31 06:27:37,1.17,-2.88,1337.71,-171.4,corridor,10.16,clear,16.721,5.054,0.00,26.96,world
55.60,2026-08-31 06:27:38,1.17,-2.88,1337.71,-171.4,corridor,10.18,clear,16.721,5.054,0.00,26.96,world
56.10,2026-08-31 06:27:38,1.17,-2.88,1337.71,-171.4,corridor,10.20,clear,16.293,4.829,0.00,26.96,world
56.60,2026-08-31 06:27:39,1.17,-2.88,1337.71,-171.4,corridor,10.22,clear,16.293,4.829,0.00,26.96,world
57.10,2026-08-31 06:27:39,1.17,-2.88,1337.71,-171.4,corridor,10.24,clear,17.802,4.932,0.00,26.96,world
57.60,2026-08-31 06:27:40,1.17,-2.88,1337.71,-171.4,corridor,10.26,clear,17.802,4.932,0.00,26.96,world
58.10,2026-08-31 06:27:40,1.17,-2.88,1337.71,-171.4,corridor,10.28,clear,16.049,4.993,0.00,26.96,world
58.60,2026-08-31 06:27:41,1.17,-2.88,1337.71,-171.4,corridor,10.30,clear,16.049,4.993,0.00,26.96,world
59.10,2026-08-31 06:27:41,1.17,-2.88,1337.71,-171.4,corridor,10.32,clear,17.171,5.204,0.00,26.96,world
59.60,2026-08-31 06:27:42,1.17,-2.88,1337.71,-171.4,corridor,10.34,clear,17.171,5.204,0.00,26.96,world
60.10,2026-08-31 06:27:42,1.17,-2.88,1337.71,-171.4,corridor,10.36,clear,16.555,5.056,0.00,26.96,world
60.60,2026-08-31 06:27:43,1.17,-2.88,1337.71,-171.4,corridor,10.38,clear,16.555,5.056,0.00,26.96,world
61.10,2026-08-31 06:27:43,1.17,-2.88,1337.71,-171.4,corridor,10.40,clear,17.225,4.905,0.00,26.96,world
61.60,2026-08-31 06:27:44,1.17,-2.88,1337.71,-171.4,corridor,10.42,clear,17.225,4.905,0.00,26.96,world
62.10,2026-08-31 06:27:44,1.17,-2.88,1337.71,-171.4,corridor,10.44,clear,16.574,29.162,0.00,26.96,world
62.60,2026-08-31 06:27:45,1.17,-2.88,1337.71,-171.4,corridor,10.46,clear,16.574,29.162,0.00,26.96,world
63.10,2026-08-31 06:27:45,1.17,-2.88,1337.71,-171.4,corridor,10.48,clear,21.816,6.122,0.00,26.96,world
63.60,2026-08-31 06:27:46,1.17,-2.88,1337.71,-171.4,corridor,10.50,clear,21.816,6.122,0.00,26.96,world
64.10,2026-08-31 06:27:46,1.17,-2.88,1337.71,-171.4,corridor,10.52,clear,20.829,5.199,0.00,26.96,world
64.60,2026-08-31 06:27:47,1.17,-2.88,1337.71,-171.4,corridor,10.54,clear,20.829,5.199,0.00,26.96,world
65.10,2026-08-31 06:27:47,1.17,-2.88,1337.71,-171.4,corridor,10.56,clear,16.763,5.541,0.00,26.96,world
65.60,2026-08-31 06:27:48,1.17,-2.88,1337.71,-171.4,corridor,10.58,clear,16.763,5.541,0.00,26.96,world
66.10,2026-08-31 06:27:48,1.17,-2.88,1337.71,-171.4,corridor,10.60,clear,17.272,5.182,0.00,26.96,world
66.60,2026-08-31 06:27:49,1.17,-2.88,1337.71,-171.4,corridor,10.62,clear,17.272,5.182,0.00,26.96,world
67.10,2026-08-31 06:27:49,1.17,-2.88,1337.71,-171.4,corridor,10.64,clear,16.695,5.145,0.00,26.96,world
67.60,2026-08-31 06:27:50,1.17,-2.88,1337.71,-171.4,corridor,10.66,clear,16.695,5.145,0.00,26.96,world
68.10,2026-08-31 06:27:50,1.17,-2.88,1337.71,-171.4,corridor,10.68,clear,16.731,6.459,0.00,26.96,world
68.60,2026-08-31 06:27:51,1.17,-2.88,1337.71,-171.4,corridor,10.70,clear,16.731,6.459,0.00,26.96,world
69.10,2026-08-31 06:27:51,1.17,-2.88,1337.71,-171.4,corridor,10.72,clear,17.060,5.175,0.00,26.96,world
69.60,2026-08-31 06:27:52,1.17,-2.88,1337.71,-171.4,corridor,10.74,clear,17.060,5.175,0.00,26.96,world
70.10,2026-08-31 06:27:52,1.17,-2.88,1337.71,-171.4,corridor,10.76,clear,16.402,4.970,0.00,26.96,world
70.60,2026-08-31 06:27:53,1.17,-2.88,1337.71,-171.4,corridor,10.78,clear,16.402,4.970,0.00,26.96,world
71.10,2026-08-31 06:27:53,1.17,-2.88,1337.71,-171.4,corridor,10.80,clear,16.770,5.152,0.00,26.96,world
71.60,2026-08-31 06:27:54,1.17,-2.88,1337.71,-171.4,corridor,10.82,clear,16.770,5.152,0.00,26.96,world
72.10,2026-08-31 06:27:54,1.17,-2.88,1337.71,-171.4,corridor,10.84,clear,18.651,5.198,0.00,26.96,world
72.60,2026-08-31 06:27:55,1.17,-2.88,1337.71,-171.4,corridor,10.86,clear,18.651,5.198,0.00,26.96,world
73.10,2026-08-31 06:27:55,1.17,-2.88,1337.71,-171.4,corridor,10.88,clear,16.769,5.248,0.00,26.96,world
73.60,2026-08-31 06:27:56,1.17,-2.88,1337.71,-171.4,corridor,10.90,clear,16.769,5.248,0.00,26.96,world
74.10,2026-08-31 06:27:56,1.17,-2.88,1337.71,-171.4,corridor,10.92,clear,16.055,6.407,0.00,26.96,world
74.60,2026-08-31 06:27:57,1.17,-2.88,1337.71,-171.4,corridor,10.94,clear,16.055,6.407,0.00,26.96,world
75.10,2026-08-31 06:27:57,1.17,-2.88,1337.71,-171.4,corridor,10.96,clear,16.760,5.223,0.00,26.96,world
75.60,2026-08-31 06:27:58,1.17,-2.88,1337.71,-171.4,corridor,10.98,clear,16.760,5.223,0.00,26.96,world
76.10,2026-08-31 06:27:58,1.17,-2.88,1337.71,-171.4,corridor,11.00,clear,16.318,4.906,0.00,26.96,world
76.60,2026-08-31 06:27:59,1.17,-2.88,1337.71,-171.4,corridor,11.02,clear,16.318,4.906,0.00,26.96,world
77.10,2026-08-31 06:27:59,1.17,-2.88,1337.71,-171.4,corridor,11.04,clear,16.442,4.902,0.00,26.96,world
77.60,2026-08-31 06:28:00,1.17,-2.88,1337.71,-171.4,corridor,11.06,clear,16.442,4.902,0.00,26.96,world
78.10,2026-08-31 06:28:00,1.17,-2.88,1337.71,-171.4,corridor,11.08,clear,16.522,5.006,0.00,26.96,world
78.60,2026-08-31 06:28:01,1.17,-2.88,1337.71,-171.4,corridor,11.10,clear,16.522,5.006,0.00,26.96,world
79.10,2026-08-31 06:28:01,1.17,-2.88,1337.71,-171.4,corridor,11.12,clear,16.983,6.260,0.00,26.96,world
79.60,2026-08-31 06:28:02,1.17,-2.88,1337.71,-171.4,corridor,11.14,clear,16.983,6.260,0.00,26.96,world
80.10,2026-08-31 06:28:02,1.17,-2.88,1337.71,-171.4,corridor,11.16,clear,17.451,5.259,0.00,26.96,world
80.60,2026-08-31 06:28:03,1.17,-2.88,1337.71,-171.4,corridor,11.18,clear,17.451,5.259,0.00,26.96,world
81.10,2026-08-31 06:28:03,1.17,-2.88,1337.71,-171.4,corridor,11.20,clear,17.889,5.473,0.00,26.96,world
81.60,2026-08-31 06:28:04,1.17,-2.88,1337.71,-171.4,corridor,11.22,clear,17.889,5.473,0.00,26.96,world
82.10,2026-08-31 06:28:04,1.17,-2.88,1337.71,-171.4,corridor,11.24,clear,16.764,5.042,0.00,26.96,world
82.60,2026-08-31 06:28:05,1.17,-2.88,1337.71,-171.4,corridor,11.26,clear,16.764,5.042,0.00,26.96,world
83.10,2026-08-31 06:28:05,1.17,-2.88,1337.71,-171.4,corridor,11.28,clear,17.035,5.012,0.00,26.96,world
83.60,2026-08-31 06:28:06,1.17,-2.88,1337.71,-171.4,corridor,11.30,clear,17.035,5.012,0.00,26.96,world
84.10,2026-08-31 06:28:06,1.17,-2.88,1337.71,-171.4,corridor,11.32,clear,17.826,5.693,0.00,26.96,world
84.60,2026-08-31 06:28:07,1.17,-2.88,1337.71,-171.4,corridor,11.34,clear,17.826,5.693,0.00,26.96,world
85.10,2026-08-31 06:28:07,1.17,-2.88,1337.71,-171.4,corridor,11.36,clear,17.221,34.937,0.00,26.96,world
85.60,2026-08-31 06:28:08,1.17,-2.88,1337.71,-171.4,corridor,11.38,clear,17.221,34.937,0.00,26.96,world
86.10,2026-08-31 06:28:08,1.17,-2.88,1337.71,-171.4,corridor,11.40,clear,16.892,28.253,0.00,26.96,world
86.60,2026-08-31 06:28:09,1.17,-2.88,1337.71,-171.4,corridor,11.42,clear,16.892,28.253,0.00,26.96,world
87.10,2026-08-31 06:28:09,1.17,-2.88,1337.71,-171.4,corridor,11.44,clear,17.544,6.426,0.00,26.96,world
87.60,2026-08-31 06:28:10,1.17,-2.88,1337.71,-171.4,corridor,11.46,clear,17.544,6.426,0.00,26.96,world
88.10,2026-08-31 06:28:10,1.17,-2.88,1337.71,-171.4,corridor,11.48,clear,16.591,4.886,0.00,26.96,world
88.60,2026-08-31 06:28:11,1.17,-2.88,1337.71,-171.4,corridor,11.50,clear,16.591,4.886,0.00,26.96,world
89.10,2026-08-31 06:28:11,1.17,-2.88,1337.71,-171.4,corridor,11.52,clear,20.926,5.812,0.00,26.96,world
89.60,2026-08-31 06:28:12,1.17,-2.88,1337.71,-171.4,corridor,11.54,clear,20.926,5.812,0.00,26.96,world
90.10,2026-08-31 06:28:12,1.17,-2.88,1337.71,-171.4,corridor,11.56,clear,17.007,5.088,0.00,26.96,world
90.60,2026-08-31 06:28:13,1.17,-2.88,1337.71,-171.4,corridor,11.58,clear,17.007,5.088,0.00,26.96,world
91.10,2026-08-31 06:28:13,1.17,-2.88,1337.71,-171.4,corridor,11.60,clear,16.446,4.840,0.00,26.96,world
91.60,2026-08-31 06:28:14,1.17,-2.88,1337.71,-171.4,corridor,11.62,clear,16.446,4.840,0.00,26.96,world
92.10,2026-08-31 06:28:14,1.17,-2.88,1337.71,-171.4,corridor,11.64,clear,16.482,5.549,0.00,26.96,world
92.60,2026-08-31 06:28:15,1.17,-2.88,1337.71,-171.4,corridor,11.66,clear,16.482,5.549,0.00,26.96,world
93.10,2026-08-31 06:28:15,1.17,-2.88,1337.71,-171.4,corridor,11.68,clear,16.899,31.571,0.00,26.96,world
93.60,2026-08-31 06:28:16,1.17,-2.88,1337.71,-171.4,corridor,11.70,clear,16.899,31.571,0.00,26.96,world
94.10,2026-08-31 06:28:16,1.17,-2.88,1337.71,-171.4,corridor,11.72,clear,17.400,5.309,0.00,26.96,world
94.60,2026-08-31 06:28:17,1.17,-2.88,1337.71,-171.4,corridor,11.74,clear,17.400,5.309,0.00,26.96,world
95.10,2026-08-31 06:28:17,1.17,-2.88,1337.71,-171.4,corridor,11.76,clear,16.167,4.852,0.00,26.96,world
95.60,2026-08-31 06:28:18,1.17,-2.88,1337.71,-171.4,corridor,11.78,clear,16.167,4.852,0.00,26.96,world
96.10,2026-08-31 06:28:18,1.17,-2.88,1337.71,-171.4,corridor,11.80,clear,16.491,5.607,0.00,26.96,world
96.60,2026-08-31 06:28:19,1.17,-2.88,1337.71,-171.4,corridor,11.82,clear,16.491,5.607,0.00,26.96,world
97.10,2026-08-31 06:28:19,1.17,-2.88,1337.71,-171.4,corridor,11.84,clear,17.303,4.772,0.00,26.96,world
97.60,2026-08-31 06:28:20,1.17,-2.88,1337.71,-171.4,corridor,11.86,clear,17.303,4.772,0.00,26.96,world
98.10,2026-08-31 06:28:20,1.17,-2.88,1337.71,-171.4,corridor,11.88,clear,16.350,4.748,0.00,26.96,world
98.60,2026-08-31 06:28:21,1.17,-2.88,1337.71,-171.4,corridor,11.90,clear,16.350,4.748,0.00,26.96,world
99.10,2026-08-31 06:28:21,1.17,-2.88,1337.71,-171.4,corridor,11.92,clear,20.098,5.467,0.00,26.96,world
99.60,2026-08-31 06:28:22,1.17,-2.88,1337.71,-171.4,corridor,11.94,clear,20.098,5.467,0.00,26.96,world
100.10,2026-08-31 06:28:22,1.17,-2.88,1337.71,-171.4,corridor,11.96,clear,15.953,4.803,0.00,26.96,world
100.60,2026-08-31 06:28:23,1.17,-2.88,1337.71,-171.4,corridor,11.98,clear,15.953,4.803,0.00,26.96,world
101.10,2026-08-31 06:28:23,1.17,-2.88,1337.71,-171.4,corridor,12.00,clear,16.728,4.830,0.00,26.96,world
101.60,2026-08-31 06:28:24,1.17,-2.88,1337.71,-171.4,corridor,12.02,clear,16.728,4.830,0.00,26.96,world
102.10,2026-08-31 06:28:24,1.17,-2.88,1337.71,-171.4,corridor,12.04,clear,21.936,5.171,0.00,26.96,world
102.60,2026-08-31 06:28:24,1.17,-2.88,1337.71,-171.4,corridor,12.06,clear,21.936,5.171,0.00,26.96,world
103.10,2026-08-31 06:28:25,1.17,-2.88,1337.71,-171.4,corridor,12.08,clear,16.205,5.044,0.00,26.96,world
103.60,2026-08-31 06:28:26,1.17,-2.88,1337.71,-171.4,corridor,12.10,clear,16.205,5.044,0.00,26.96,world
104.10,2026-08-31 06:28:26,1.17,-2.88,1337.71,-171.4,corridor,12.12,clear,18.446,5.712,0.00,26.96,world
104.60,2026-08-31 06:28:27,1.17,-2.88,1337.71,-171.4,corridor,12.14,clear,18.446,5.712,0.00,26.96,world
105.10,2026-08-31 06:28:27,1.17,-2.88,1337.71,-171.4,corridor,12.16,clear,18.592,5.835,0.00,26.96,world
105.60,2026-08-31 06:28:28,1.17,-2.88,1337.71,-171.4,corridor,12.18,clear,18.592,5.835,0.00,26.96,world
106.10,2026-08-31 06:28:28,1.17,-2.88,1337.71,-171.4,corridor,12.20,clear,22.207,5.634,0.00,26.96,world
106.60,2026-08-31 06:28:29,1.17,-2.88,1337.71,-171.4,corridor,12.22,clear,22.207,5.634,0.00,26.96,world
107.10,2026-08-31 06:28:29,1.17,-2.88,1337.71,-171.4,corridor,12.24,clear,18.795,5.371,0.00,26.96,world
107.60,2026-08-31 06:28:30,1.17,-2.88,1337.71,-171.4,corridor,12.26,clear,18.795,5.371,0.00,26.96,world
108.10,2026-08-31 06:28:30,1.17,-2.88,1337.71,-171.4,corridor,12.28,clear,16.635,5.006,0.00,26.96,world
108.60,2026-08-31 06:28:31,1.17,-2.88,1337.71,-171.4,corridor,12.30,clear,16.635,5.006,0.00,26.96,world
109.10,2026-08-31 06:28:31,1.17,-2.88,1337.71,-171.4,corridor,12.32,clear,27.977,6.962,0.00,26.96,world
109.60,2026-08-31 06:28:32,1.17,-2.88,1337.71,-171.4,corridor,12.34,clear,27.977,6.962,0.00,26.96,world
110.10,2026-08-31 06:28:32,1.17,-2.88,1337.71,-171.4,corridor,12.36,clear,17.660,4.793,0.00,26.96,world
110.60,2026-08-31 06:28:33,1.17,-2.88,1337.71,-171.4,corridor,12.38,clear,17.660,4.793,0.00,26.96,world
111.10,2026-08-31 06:28:33,1.17,-2.88,1337.71,-171.4,corridor,12.40,clear,16.105,5.245,0.00,26.96,world
111.60,2026-08-31 06:28:34,1.17,-2.88,1337.71,-171.4,corridor,12.42,clear,16.105,5.245,0.00,26.96,world
112.10,2026-08-31 06:28:34,1.17,-2.88,1337.71,-171.4,corridor,12.44,clear,17.137,5.197,0.00,26.96,world
112.60,2026-08-31 06:28:35,1.17,-2.88,1337.71,-171.4,corridor,12.46,clear,17.137,5.197,0.00,26.96,world
113.10,2026-08-31 06:28:35,1.17,-2.88,1337.71,-171.4,corridor,12.48,clear,16.976,5.342,0.00,26.96,world
113.60,2026-08-31 06:28:36,1.17,-2.88,1337.71,-171.4,corridor,12.50,clear,16.976,5.342,0.00,26.96,world
114.10,2026-08-31 06:28:36,1.17,-2.88,1337.71,-171.4,corridor,12.52,clear,16.312,4.805,0.00,26.96,world
114.60,2026-08-31 06:28:37,1.17,-2.88,1337.71,-171.4,corridor,12.54,clear,16.312,4.805,0.00,26.96,world
115.10,2026-08-31 06:28:37,1.17,-2.88,1337.71,-171.4,corridor,12.56,clear,16.488,4.960,0.00,26.96,world
115.60,2026-08-31 06:28:38,1.17,-2.88,1337.71,-171.4,corridor,12.58,clear,16.488,4.960,0.00,26.96,world
116.10,2026-08-31 06:28:38,1.17,-2.88,1337.71,-171.4,corridor,12.60,clear,17.845,6.719,0.00,26.96,world
116.60,2026-08-31 06:28:39,1.17,-2.88,1337.71,-171.4,corridor,12.62,clear,17.845,6.719,0.00,26.96,world
117.10,2026-08-31 06:28:39,1.17,-2.88,1337.71,-171.4,corridor,12.64,clear,16.987,23.173,0.00,26.96,world
117.60,2026-08-31 06:28:40,1.17,-2.88,1337.71,-171.4,corridor,12.66,clear,16.987,23.173,0.00,26.96,world
118.10,2026-08-31 06:28:40,1.17,-2.88,1337.71,-171.4,corridor,12.68,clear,17.744,5.937,0.00,26.96,world
118.60,2026-08-31 06:28:41,1.17,-2.88,1337.71,-171.4,corridor,12.70,clear,17.744,5.937,0.00,26.96,world
119.10,2026-08-31 06:28:41,1.17,-2.88,1337.71,-171.4,corridor,12.72,clear,46.798,5.729,0.00,26.96,world
119.60,2026-08-31 06:28:42,1.17,-2.88,1337.71,-171.4,corridor,12.74,clear,46.798,5.729,0.00,26.96,world
120.10,2026-08-31 06:28:42,1.17,-2.88,1337.71,-171.4,corridor,12.76,clear,19.511,5.337,0.00,26.96,world
120.60,2026-08-31 06:28:43,1.17,-2.88,1337.71,-171.4,corridor,12.78,clear,19.511,5.337,0.00,26.96,world
121.10,2026-08-31 06:28:43,1.17,-2.88,1337.71,-171.4,corridor,12.80,clear,19.822,5.602,0.00,26.96,world
121.60,2026-08-31 06:28:44,1.17,-2.88,1337.71,-171.4,corridor,12.82,clear,19.822,5.602,0.00,26.96,world
122.10,2026-08-31 06:28:44,1.17,-2.88,1337.71,-171.4,corridor,12.84,clear,19.208,5.336,0.00,26.96,world
122.60,2026-08-31 06:28:45,1.17,-2.88,1337.71,-171.4,corridor,12.86,clear,19.208,5.336,0.00,26.96,world
123.10,2026-08-31 06:28:45,1.17,-2.88,1337.71,-171.4,corridor,12.88,clear,17.703,4.882,0.00,26.96,world
123.60,2026-08-31 06:28:46,1.17,-2.88,1337.71,-171.4,corridor,12.90,clear,17.703,4.882,0.00,26.96,world
124.10,2026-08-31 06:28:46,1.17,-2.88,1337.71,-171.4,corridor,12.92,clear,20.875,9.787,0.00,26.96,world
124.60,2026-08-31 06:28:47,1.17,-2.88,1337.71,-171.4,corridor,12.94,clear,20.875,9.787,0.00,26.96,world
125.10,2026-08-31 06:28:47,1.17,-2.88,1337.71,-171.4,corridor,12.96,clear,21.914,5.978,0.00,26.96,world
125.60,2026-08-31 06:28:48,1.17,-2.88,1337.71,-171.4,corridor,12.98,clear,21.914,5.978,0.00,26.96,world
126.10,2026-08-31 06:28:48,1.17,-2.88,1337.71,-171.4,corridor,13.00,clear,22.851,5.718,0.00,26.96,world
126.60,2026-08-31 06:28:49,1.17,-2.88,1337.71,-171.4,corridor,13.02,clear,22.851,5.718,0.00,26.96,world
127.10,2026-08-31 06:28:49,1.17,-2.88,1337.71,-171.4,corridor,13.04,clear,19.840,5.366,0.00,26.96,world
127.60,2026-08-31 06:28:50,1.17,-2.88,1337.71,-171.4,corridor,13.06,clear,19.840,5.366,0.00,26.96,world
128.10,2026-08-31 06:28:50,1.17,-2.88,1337.71,-171.4,corridor,13.08,clear,17.372,5.381,0.00,26.96,world
128.60,2026-08-31 06:28:51,1.17,-2.88,1337.71,-171.4,corridor,13.10,clear,17.372,5.381,0.00,26.96,world
129.10,2026-08-31 06:28:51,1.17,-2.88,1337.71,-171.4,corridor,13.12,clear,18.291,5.945,0.00,26.96,world
129.60,2026-08-31 06:28:52,1.17,-2.88,1337.71,-171.4,corridor,13.14,clear,18.291,5.945,0.00,26.96,world
130.10,2026-08-31 06:28:52,1.17,-2.88,1337.71,-171.4,corridor,13.16,clear,17.431,5.633,0.00,26.96,world
130.60,2026-08-31 06:28:53,1.17,-2.88,1337.71,-171.4,corridor,13.18,clear,17.431,5.633,0.00,26.96,world
131.10,2026-08-31 06:28:53,1.17,-2.88,1337.71,-171.4,corridor,13.20,clear,17.225,5.886,0.00,26.96,world
131.60,2026-08-31 06:28:54,1.17,-2.88,1337.71,-171.4,corridor,13.22,clear,17.225,5.886,0.00,26.96,world
132.10,2026-08-31 06:28:54,1.17,-2.88,1337.71,-171.4,corridor,13.24,clear,17.412,6.064,0.00,26.96,world
132.60,2026-08-31 06:28:55,1.17,-2.88,1337.71,-171.4,corridor,13.26,clear,17.412,6.064,0.00,26.96,world
133.10,2026-08-31 06:28:55,1.17,-2.88,1337.71,-171.4,corridor,13.28,clear,18.203,5.987,0.00,26.96,world
133.60,2026-08-31 06:28:56,1.17,-2.88,1337.71,-171.4,corridor,13.30,clear,18.203,5.987,0.00,26.96,world
134.10,2026-08-31 06:28:56,1.17,-2.88,1337.71,-171.4,corridor,13.32,clear,17.308,5.203,0.00,26.96,world
134.60,2026-08-31 06:28:57,1.17,-2.88,1337.71,-171.4,corridor,13.34,clear,17.308,5.203,0.00,26.96,world
135.10,2026-08-31 06:28:57,1.17,-2.88,1337.71,-171.4,corridor,13.36,clear,19.343,7.590,0.00,26.96,world
135.60,2026-08-31 06:28:58,1.17,-2.88,1337.71,-171.4,corridor,13.38,clear,19.343,7.590,0.00,26.96,world
136.10,2026-08-31 06:28:58,1.17,-2.88,1337.71,-171.4,corridor,13.40,clear,17.955,4.982,0.00,26.96,world
136.60,2026-08-31 06:28:59,1.17,-2.88,1337.71,-171.4,corridor,13.42,clear,17.955,4.982,0.00,26.96,world
137.10,2026-08-31 06:28:59,1.17,-2.88,1337.71,-171.4,corridor,13.44,clear,17.514,6.549,0.00,26.96,world
137.60,2026-08-31 06:29:00,1.17,-2.88,1337.71,-171.4,corridor,13.46,clear,17.514,6.549,0.00,26.96,world
138.10,2026-08-31 06:29:00,1.17,-2.88,1337.71,-171.4,corridor,13.48,clear,18.821,5.175,0.00,26.96,world
138.60,2026-08-31 06:29:01,1.17,-2.88,1337.71,-171.4,corridor,13.50,clear,18.821,5.175,0.00,26.96,world
139.10,2026-08-31 06:29:01,1.17,-2.88,1337.71,-171.4,corridor,13.52,clear,17.813,5.382,0.00,26.96,world
139.60,2026-08-31 06:29:02,1.17,-2.88,1337.71,-171.4,corridor,13.54,clear,17.813,5.382,0.00,26.96,world
140.10,2026-08-31 06:29:02,1.17,-2.88,1337.71,-171.4,corridor,13.56,clear,16.167,4.998,0.00,26.96,world
140.60,2026-08-31 06:29:03,1.17,-2.88,1337.71,-171.4,corridor,13.58,clear,16.167,4.998,0.00,26.96,world
141.10,2026-08-31 06:29:03,1.17,-2.88,1337.71,-171.4,corridor,13.60,clear,16.377,4.985,0.00,26.96,world
141.60,2026-08-31 06:29:04,1.17,-2.88,1337.71,-171.4,corridor,13.62,clear,16.377,4.985,0.00,26.96,world
142.10,2026-08-31 06:29:04,1.17,-2.88,1337.71,-171.4,corridor,13.64,clear,18.219,5.340,0.00,26.96,world
142.60,2026-08-31 06:29:05,1.17,-2.88,1337.71,-171.4,corridor,13.66,clear,18.219,5.340,0.00,26.96,world
143.10,2026-08-31 06:29:05,1.17,-2.88,1337.71,-171.4,corridor,13.68,clear,23.626,5.221,0.00,26.96,world
143.60,2026-08-31 06:29:06,1.17,-2.88,1337.71,-171.4,corridor,13.70,clear,23.626,5.221,0.00,26.96,world
144.10,2026-08-31 06:29:06,1.17,-2.88,1337.71,-171.4,corridor,13.72,clear,20.512,6.484,0.00,26.96,world
144.60,2026-08-31 06:29:07,1.17,-2.88,1337.71,-171.4,corridor,13.74,clear,20.512,6.484,0.00,26.96,world
145.10,2026-08-31 06:29:07,1.17,-2.88,1337.71,-171.4,corridor,13.76,clear,17.327,5.138,0.00,26.96,world
145.60,2026-08-31 06:29:08,1.17,-2.88,1337.71,-171.4,corridor,13.78,clear,17.327,5.138,0.00,26.96,world
146.10,2026-08-31 06:29:08,1.17,-2.88,1337.71,-171.4,corridor,13.80,clear,17.085,5.348,0.00,26.96,world
146.60,2026-08-31 06:29:09,1.17,-2.88,1337.71,-171.4,corridor,13.82,clear,17.085,5.348,0.00,26.96,world
147.10,2026-08-31 06:29:09,1.17,-2.88,1337.71,-171.4,corridor,13.84,clear,20.037,6.113,0.00,26.96,world
147.60,2026-08-31 06:29:10,1.17,-2.88,1337.71,-171.4,corridor,13.86,clear,20.037,6.113,0.00,26.96,world
148.10,2026-08-31 06:29:10,1.17,-2.88,1337.71,-171.4,corridor,13.88,clear,25.164,22.612,0.00,26.96,world
148.60,2026-08-31 06:29:11,1.17,-2.88,1337.71,-171.4,corridor,13.90,clear,25.164,22.612,0.00,26.96,world
149.10,2026-08-31 06:29:11,1.17,-2.88,1337.71,-171.4,corridor,13.92,clear,17.612,6.430,0.00,26.96,world
149.60,2026-08-31 06:29:12,1.17,-2.88,1337.71,-171.4,corridor,13.94,clear,17.612,6.430,0.00,26.96,world
150.10,2026-08-31 06:29:12,1.17,-2.88,1337.71,-171.4,corridor,13.96,clear,18.850,5.973,0.00,26.96,world
150.60,2026-08-31 06:29:13,1.17,-2.88,1337.71,-171.4,corridor,13.98,clear,18.850,5.973,0.00,26.96,world
151.10,2026-08-31 06:29:13,1.17,-2.88,1337.71,-171.4,corridor,14.00,clear,17.905,5.791,0.00,26.96,world
151.60,2026-08-31 06:29:14,1.17,-2.88,1337.71,-171.4,corridor,14.02,clear,17.905,5.791,0.00,26.96,world
152.10,2026-08-31 06:29:14,1.17,-2.88,1337.71,-171.4,corridor,14.04,clear,17.418,5.072,0.00,26.96,world
152.60,2026-08-31 06:29:15,1.17,-2.88,1337.71,-171.4,corridor,14.06,clear,17.418,5.072,0.00,26.96,world
153.10,2026-08-31 06:29:15,1.17,-2.88,1337.71,-171.4,corridor,14.08,clear,17.734,5.202,0.00,26.96,world
153.60,2026-08-31 06:29:16,1.17,-2.88,1337.71,-171.4,corridor,14.10,clear,17.734,5.202,0.00,26.96,world
154.10,2026-08-31 06:29:16,1.17,-2.88,1337.71,-171.4,corridor,14.12,clear,16.023,4.843,0.00,26.96,world
154.60,2026-08-31 06:29:17,1.17,-2.88,1337.71,-171.4,corridor,14.14,clear,16.023,4.843,0.00,26.96,world
155.10,2026-08-31 06:29:17,1.17,-2.88,1337.71,-171.4,corridor,14.16,clear,17.957,5.608,0.00,26.96,world
155.60,2026-08-31 06:29:18,1.17,-2.88,1337.71,-171.4,corridor,14.18,clear,17.957,5.608,0.00,26.96,world
156.10,2026-08-31 06:29:18,1.17,-2.88,1337.71,-171.4,corridor,14.20,clear,30.415,6.001,0.00,26.96,world
156.60,2026-08-31 06:29:19,1.17,-2.88,1337.71,-171.4,corridor,14.22,clear,30.415,6.001,0.00,26.96,world
157.10,2026-08-31 06:29:19,1.17,-2.88,1337.71,-171.4,corridor,14.24,clear,42.228,5.525,0.00,26.96,world
157.60,2026-08-31 06:29:20,1.17,-2.88,1337.71,-171.4,corridor,14.26,clear,42.228,5.525,0.00,26.96,world
158.10,2026-08-31 06:29:20,1.17,-2.88,1337.71,-171.4,corridor,14.28,clear,19.218,5.628,0.00,26.96,world
158.60,2026-08-31 06:29:21,1.17,-2.88,1337.71,-171.4,corridor,14.30,clear,19.218,5.628,0.00,26.96,world
159.10,2026-08-31 06:29:21,1.17,-2.88,1337.71,-171.4,corridor,14.32,clear,18.682,4.997,0.00,26.96,world
159.60,2026-08-31 06:29:22,1.17,-2.88,1337.71,-171.4,corridor,14.34,clear,18.682,4.997,0.00,26.96,world
160.10,2026-08-31 06:29:22,1.17,-2.88,1337.71,-171.4,corridor,14.36,clear,19.045,5.517,0.00,26.96,world
160.60,2026-08-31 06:29:23,1.17,-2.88,1337.71,-171.4,corridor,14.38,clear,19.045,5.517,0.00,26.96,world
161.10,2026-08-31 06:29:23,1.17,-2.88,1337.71,-171.4,corridor,14.40,clear,19.504,7.435,0.00,26.96,world
161.60,2026-08-31 06:29:24,1.17,-2.88,1337.71,-171.4,corridor,14.42,clear,19.504,7.435,0.00,26.96,world
162.10,2026-08-31 06:29:24,1.17,-2.88,1337.71,-171.4,corridor,14.44,clear,18.906,5.476,0.00,26.96,world
162.60,2026-08-31 06:29:25,1.17,-2.88,1337.71,-171.4,corridor,14.46,clear,18.906,5.476,0.00,26.96,world
163.10,2026-08-31 06:29:25,1.17,-2.88,1337.71,-171.4,corridor,14.48,clear,18.823,22.200,0.00,26.96,world
163.60,2026-08-31 06:29:26,1.17,-2.88,1337.71,-171.4,corridor,14.50,clear,18.823,22.200,0.00,26.96,world
164.10,2026-08-31 06:29:26,1.17,-2.88,1337.71,-171.4,corridor,14.52,clear,17.243,5.087,0.00,26.96,world
164.60,2026-08-31 06:29:27,1.17,-2.88,1337.71,-171.4,corridor,14.54,clear,17.243,5.087,0.00,26.96,world
165.10,2026-08-31 06:29:27,1.17,-2.88,1337.71,-171.4,corridor,14.56,clear,17.047,5.138,0.00,26.96,world
165.60,2026-08-31 06:29:28,1.17,-2.88,1337.71,-171.4,corridor,14.58,clear,17.047,5.138,0.00,26.96,world
166.10,2026-08-31 06:29:28,1.17,-2.88,1337.71,-171.4,corridor,14.60,clear,16.412,5.298,0.00,26.96,world
166.60,2026-08-31 06:29:29,1.17,-2.88,1337.71,-171.4,corridor,14.62,clear,16.412,5.298,0.00,26.96,world
167.10,2026-08-31 06:29:29,1.17,-2.88,1337.71,-171.4,corridor,14.64,clear,29.530,6.925,0.00,26.96,world
167.60,2026-08-31 06:29:30,1.17,-2.88,1337.71,-171.4,corridor,14.66,clear,29.530,6.925,0.00,26.96,world
168.10,2026-08-31 06:29:30,1.17,-2.88,1337.71,-171.4,corridor,14.68,clear,16.430,5.327,0.00,26.96,world
168.60,2026-08-31 06:29:31,1.17,-2.88,1337.71,-171.4,corridor,14.70,clear,16.430,5.327,0.00,26.96,world
169.10,2026-08-31 06:29:31,1.17,-2.88,1337.71,-171.4,corridor,14.72,clear,16.635,5.261,0.00,26.96,world
169.60,2026-08-31 06:29:32,1.17,-2.88,1337.71,-171.4,corridor,14.74,clear,16.635,5.261,0.00,26.96,world
170.10,2026-08-31 06:29:32,1.17,-2.88,1337.71,-171.4,corridor,14.76,clear,16.007,4.817,0.00,26.96,world
170.60,2026-08-31 06:29:33,1.17,-2.88,1337.71,-171.4,corridor,14.78,clear,16.007,4.817,0.00,26.96,world
171.10,2026-08-31 06:29:33,1.17,-2.88,1337.71,-171.4,corridor,14.80,clear,16.640,5.834,0.00,26.96,world
171.60,2026-08-31 06:29:34,1.17,-2.88,1337.71,-171.4,corridor,14.82,clear,16.640,5.834,0.00,26.96,world
172.10,2026-08-31 06:29:34,1.17,-2.88,1337.71,-171.4,corridor,14.84,clear,17.141,5.493,0.00,26.96,world
172.60,2026-08-31 06:29:35,1.17,-2.88,1337.71,-171.4,corridor,14.86,clear,17.141,5.493,0.00,26.96,world
173.10,2026-08-31 06:29:35,1.17,-2.88,1337.71,-171.4,corridor,14.88,clear,16.562,5.420,0.00,26.96,world
173.60,2026-08-31 06:29:36,1.17,-2.88,1337.71,-171.4,corridor,14.90,clear,16.562,5.420,0.00,26.96,world
174.10,2026-08-31 06:29:36,1.17,-2.88,1337.71,-171.4,corridor,14.92,clear,16.858,5.292,0.00,26.96,world
174.60,2026-08-31 06:29:37,1.17,-2.88,1337.71,-171.4,corridor,14.94,clear,16.858,5.292,0.00,26.96,world
175.10,2026-08-31 06:29:37,1.17,-2.88,1337.71,-171.4,corridor,14.96,clear,17.050,4.970,0.00,26.96,world
175.60,2026-08-31 06:29:38,1.17,-2.88,1337.71,-171.4,corridor,14.98,clear,17.050,4.970,0.00,26.96,world
176.10,2026-08-31 06:29:38,1.17,-2.88,1337.71,-171.4,corridor,15.00,clear,16.427,6.682,0.00,26.96,world
176.60,2026-08-31 06:29:39,1.17,-2.88,1337.71,-171.4,corridor,15.02,clear,16.427,6.682,0.00,26.96,world
177.10,2026-08-31 06:29:39,1.17,-2.88,1337.71,-171.4,corridor,15.04,clear,16.337,5.290,0.00,26.96,world
177.60,2026-08-31 06:29:40,1.17,-2.88,1337.71,-171.4,corridor,15.06,clear,16.337,5.290,0.00,26.96,world
178.10,2026-08-31 06:29:40,1.17,-2.88,1337.71,-171.4,corridor,15.08,clear,19.653,4.849,0.00,26.96,world
178.60,2026-08-31 06:29:41,1.17,-2.88,1337.71,-171.4,corridor,15.10,clear,19.653,4.849,0.00,26.96,world
179.10,2026-08-31 06:29:41,1.17,-2.88,1337.71,-171.4,corridor,15.12,clear,16.374,4.776,0.00,26.96,world
179.60,2026-08-31 06:29:42,1.17,-2.88,1337.71,-171.4,corridor,15.14,clear,16.374,4.776,0.00,26.96,world
180.10,2026-08-31 06:29:42,1.17,-2.88,1337.71,-171.4,corridor,15.16,clear,17.661,5.154,0.00,26.96,world
180.60,2026-08-31 06:29:43,1.17,-2.88,1337.71,-171.4,corridor,15.18,clear,17.661,5.154,0.00,26.96,world
181.10,2026-08-31 06:29:43,1.17,-2.88,1337.71,-171.4,corridor,15.20,clear,42.750,5.787,0.00,26.96,world
181.60,2026-08-31 06:29:44,1.17,-2.88,1337.71,-171.4,corridor,15.22,clear,42.750,5.787,0.00,26.96,world
182.10,2026-08-31 06:29:44,1.19,-4.11,1336.28,178.9,corridor,15.24,clear,17.402,4.944,0.00,25.70,world
182.60,2026-08-31 06:29:45,8.00,-1.95,1316.99,179.2,corridor,15.26,clear,17.402,4.944,0.00,6.70,world
183.10,2026-08-31 06:29:45,8.03,-2.90,1315.27,179.2,corridor,15.28,clear,18.927,5.756,0.00,6.11,world
183.60,2026-08-31 06:29:46,8.06,-2.90,1312.77,179.2,corridor,15.30,clear,18.927,5.756,0.00,6.06,world
184.10,2026-08-31 06:29:46,8.10,-2.90,1310.27,179.2,corridor,15.32,clear,18.869,6.546,0.00,6.98,world
184.60,2026-08-31 06:29:47,8.13,-2.69,1307.88,179.2,corridor,15.34,clear,18.869,6.546,0.00,8.48,world
185.10,2026-08-31 06:29:47,8.16,-2.13,1305.80,179.2,corridor,15.36,clear,18.922,8.049,0.00,10.07,world
185.60,2026-08-31 06:29:48,8.19,-1.51,1303.79,179.2,corridor,15.38,clear,18.922,8.049,0.00,11.75,world
186.10,2026-08-31 06:29:48,8.21,-0.92,1301.72,179.2,corridor,15.40,clear,18.780,6.210,0.00,13.58,world
186.60,2026-08-31 06:29:49,8.23,-0.47,1299.50,179.2,corridor,15.42,clear,18.780,6.210,0.00,15.60,world
187.10,2026-08-31 06:29:49,8.26,-0.11,1297.20,179.2,corridor,15.44,clear,20.166,7.989,0.00,17.23,world
187.60,2026-08-31 06:29:50,8.28,0.10,1294.81,179.2,corridor,15.46,clear,20.166,7.989,0.00,15.86,world
188.10,2026-08-31 06:29:50,8.31,0.17,1292.33,179.2,corridor,15.48,clear,18.280,6.823,0.00,14.47,world
188.60,2026-08-31 06:29:51,8.34,0.22,1289.84,179.2,corridor,15.50,clear,18.280,6.823,0.00,13.40,world
189.10,2026-08-31 06:29:51,8.36,0.31,1287.38,179.2,corridor,15.52,clear,17.558,6.778,0.00,12.74,world
189.60,2026-08-31 06:29:52,8.39,0.43,1284.93,179.2,corridor,15.54,clear,17.558,6.778,0.00,12.53,world
190.10,2026-08-31 06:29:52,8.42,0.57,1282.48,179.2,corridor,15.56,clear,17.946,7.067,0.00,12.79,world
190.60,2026-08-31 06:29:53,8.44,0.72,1280.05,179.2,corridor,15.58,clear,17.946,7.067,0.00,13.04,world
191.10,2026-08-31 06:29:53,8.47,0.94,1277.65,179.2,corridor,15.60,clear,17.261,6.685,0.00,13.74,world
191.60,2026-08-31 06:29:54,8.50,1.25,1275.32,179.2,corridor,15.62,clear,17.261,6.685,0.00,14.82,world
192.10,2026-08-31 06:29:54,8.53,1.60,1273.02,179.2,corridor,15.64,clear,26.992,7.911,0.00,16.22,world
192.60,2026-08-31 06:29:55,8.56,1.90,1270.68,179.2,corridor,15.66,clear,26.992,7.911,0.00,17.92,world
193.10,2026-08-31 06:29:55,8.59,2.06,1268.26,179.2,corridor,15.68,clear,18.192,7.453,0.00,19.91,world
193.60,2026-08-31 06:29:56,8.62,2.10,1265.77,179.2,corridor,15.70,clear,18.192,7.453,0.00,22.14,world
194.10,2026-08-31 06:29:56,8.64,2.15,1263.29,179.2,corridor,15.72,clear,24.292,7.415,0.00,24.48,world
194.60,2026-08-31 06:29:57,8.68,2.31,1260.87,179.2,corridor,15.74,clear,24.292,7.415,0.00,26.81,world
195.10,2026-08-31 06:29:57,8.71,2.56,1258.50,179.2,corridor,15.76,clear,18.946,7.028,0.00,29.09,world
195.60,2026-08-31 06:29:58,8.74,2.86,1256.16,179.2,corridor,15.78,clear,18.946,7.028,1.40,31.13,world
196.10,2026-08-31 06:29:58,8.77,3.11,1253.79,179.2,corridor,15.80,clear,21.554,8.064,3.77,32.83,world
196.60,2026-08-31 06:29:59,8.81,3.35,1251.41,179.2,corridor,15.82,clear,21.554,8.064,6.15,34.93,world
197.10,2026-08-31 06:29:59,8.84,3.68,1249.10,179.2,corridor,15.84,clear,19.921,12.631,8.46,34.79,world
197.60,2026-08-31 06:30:00,8.88,4.07,1246.84,179.2,corridor,15.86,clear,19.921,12.631,10.72,33.63,world
198.10,2026-08-31 06:30:00,8.91,4.39,1244.52,179.2,corridor,15.88,clear,18.919,5.460,13.04,32.57,world
198.60,2026-08-31 06:30:01,8.95,4.54,1242.10,179.2,corridor,15.90,clear,18.919,5.460,15.46,31.60,world
199.10,2026-08-31 06:30:01,8.98,4.51,1239.59,179.2,corridor,15.92,clear,18.148,5.317,17.97,30.77,world
199.60,2026-08-31 06:30:02,9.01,4.45,1237.07,179.2,corridor,15.94,clear,18.148,5.317,20.49,30.12,world
200.10,2026-08-31 06:30:02,9.05,4.42,1234.56,179.2,corridor,15.96,clear,19.500,6.385,0.00,29.68,world
200.60,2026-08-31 06:30:03,9.08,4.46,1232.08,179.2,corridor,15.98,clear,19.500,6.385,0.00,29.44,world
201.10,2026-08-31 06:30:03,9.12,4.59,1229.64,179.2,corridor,16.00,clear,19.892,43.523,0.00,29.41,world
201.60,2026-08-31 06:30:04,9.15,4.74,1227.21,179.2,corridor,16.02,clear,19.892,43.523,0.00,29.58,world
202.10,2026-08-31 06:30:04,9.19,4.83,1224.75,179.2,corridor,16.04,clear,18.530,5.709,0.00,29.95,world
202.60,2026-08-31 06:30:05,9.22,4.87,1222.27,179.2,corridor,16.06,clear,18.530,5.709,2.32,30.53,world
203.10,2026-08-31 06:30:05,9.26,4.88,1219.78,179.2,corridor,16.08,clear,17.818,5.212,4.81,31.29,world
203.60,2026-08-31 06:30:06,9.29,4.93,1217.30,179.2,corridor,16.10,clear,17.818,5.212,7.29,32.23,world
204.10,2026-08-31 06:30:06,9.32,5.09,1214.87,179.2,corridor,16.12,clear,18.637,5.728,9.72,33.30,world
204.60,2026-08-31 06:30:07,9.36,5.36,1212.52,179.2,corridor,16.14,clear,18.637,5.728,12.07,34.47,world
205.10,2026-08-31 06:30:07,9.39,5.76,1210.27,179.2,corridor,16.16,clear,19.568,5.452,14.32,35.69,world
205.60,2026-08-31 06:30:08,9.42,6.23,1208.09,179.2,corridor,16.18,clear,19.568,5.452,16.51,36.97,world
206.10,2026-08-31 06:30:08,9.45,6.72,1205.91,179.2,corridor,16.20,clear,19.944,7.405,18.68,38.33,world
206.60,2026-08-31 06:30:09,9.48,7.13,1203.68,179.2,corridor,16.22,clear,19.944,7.405,20.92,39.80,world
207.10,2026-08-31 06:30:09,9.52,7.37,1201.31,179.2,corridor,16.24,clear,25.320,5.555,23.28,41.43,world
207.60,2026-08-31 06:30:10,9.55,7.45,1198.84,179.2,corridor,16.26,clear,25.320,5.555,25.75,43.21,world
208.10,2026-08-31 06:30:10,9.58,7.49,1196.36,179.2,corridor,16.28,clear,18.524,5.201,28.23,45.06,world
208.60,2026-08-31 06:30:11,9.62,7.64,1193.93,179.2,corridor,16.30,clear,18.524,5.201,30.66,46.93,world
209.10,2026-08-31 06:30:11,9.65,7.90,1191.57,179.2,corridor,16.32,clear,19.328,5.802,33.03,48.79,world
209.60,2026-08-31 06:30:12,9.69,8.15,1189.20,179.2,corridor,16.34,clear,19.328,5.802,35.39,47.39,world
210.10,2026-08-31 06:30:12,9.72,8.35,1186.80,179.2,corridor,16.36,clear,26.478,6.655,37.80,45.93,world
210.60,2026-08-31 06:30:13,9.76,8.53,1184.38,179.2,corridor,16.38,clear,26.478,6.655,40.21,44.54,world
211.10,2026-08-31 06:30:13,9.80,8.75,1182.00,179.2,corridor,16.40,clear,17.954,5.496,42.60,43.26,world
211.60,2026-08-31 06:30:14,9.84,9.01,1179.63,179.2,corridor,16.42,clear,17.954,5.496,44.96,42.09,world
212.10,2026-08-31 06:30:14,9.88,9.26,1177.26,179.2,corridor,16.44,clear,17.978,5.150,47.34,40.79,world
212.60,2026-08-31 06:30:15,9.92,9.47,1174.86,179.2,corridor,16.46,clear,17.978,5.150,49.73,38.96,world
213.10,2026-08-31 06:30:15,9.95,9.60,1172.42,179.2,corridor,16.48,clear,18.118,5.325,52.17,37.17,world
213.60,2026-08-31 06:30:16,9.99,9.60,1169.92,179.2,corridor,16.50,clear,18.118,5.325,54.67,35.41,world
214.10,2026-08-31 06:30:16,10.00,9.40,1167.37,179.2,corridor,16.52,clear,17.200,5.159,57.23,33.69,world
214.60,2026-08-31 06:30:17,10.00,9.06,1164.78,179.2,corridor,16.54,clear,17.200,5.159,59.82,32.05,world
215.10,2026-08-31 06:30:17,10.00,8.63,1162.19,179.1,corridor,16.56,clear,17.314,4.967,62.41,30.54,world
215.60,2026-08-31 06:30:18,10.00,8.26,1159.60,179.1,corridor,16.58,clear,17.314,4.967,0.00,29.18,world
216.10,2026-08-31 06:30:18,10.00,7.97,1157.02,179.1,corridor,16.60,clear,17.835,5.270,0.00,28.00,world
216.60,2026-08-31 06:30:19,10.02,7.73,1154.44,179.1,corridor,16.62,clear,17.835,5.270,0.00,27.04,world
217.10,2026-08-31 06:30:19,10.06,7.57,1151.90,179.1,corridor,16.64,clear,19.747,6.314,0.00,26.32,world
217.60,2026-08-31 06:30:20,10.10,7.46,1149.36,179.1,corridor,16.66,clear,19.747,6.314,0.00,25.84,world
218.10,2026-08-31 06:30:20,10.15,7.29,1146.81,179.1,corridor,16.68,clear,21.062,6.873,0.00,25.60,world
218.60,2026-08-31 06:30:21,10.19,6.99,1144.24,179.1,corridor,16.70,clear,21.062,6.873,0.00,25.61,world
219.10,2026-08-31 06:30:21,10.23,6.60,1141.66,179.1,corridor,16.72,clear,18.410,7.115,0.00,25.88,world
219.60,2026-08-31 06:30:22,10.27,6.18,1139.07,179.1,corridor,16.74,clear,18.410,7.115,0.00,26.41,world
220.10,2026-08-31 06:30:22,10.31,5.83,1136.49,179.1,corridor,16.76,clear,19.175,6.396,0.00,27.17,world
220.60,2026-08-31 06:30:23,10.36,5.54,1133.92,179.1,corridor,16.78,clear,19.175,6.396,0.00,28.14,world
221.10,2026-08-31 06:30:23,10.40,5.25,1131.34,179.1,corridor,16.80,clear,18.296,5.325,0.00,29.31,world
221.60,2026-08-31 06:30:24,10.43,5.02,1128.78,179.1,corridor,16.82,clear,18.296,5.325,1.20,30.64,world
222.10,2026-08-31 06:30:24,10.46,4.93,1126.25,179.1,corridor,16.84,clear,19.315,5.803,3.73,32.09,world
222.60,2026-08-31 06:30:25,10.49,4.99,1123.77,179.1,corridor,16.86,clear,19.315,5.803,6.20,33.64,world
223.10,2026-08-31 06:30:25,10.52,5.17,1121.35,179.1,corridor,16.88,clear,19.423,6.236,8.63,35.26,world
223.60,2026-08-31 06:30:26,10.54,5.42,1118.98,179.1,corridor,16.90,clear,19.423,6.236,11.00,36.92,world
224.10,2026-08-31 06:30:26,10.57,5.78,1116.68,179.1,corridor,16.92,clear,22.839,6.244,13.30,38.61,world
224.60,2026-08-31 06:30:27,10.60,6.25,1114.48,179.1,corridor,16.94,clear,22.839,6.244,15.50,40.28,world
225.10,2026-08-31 06:30:27,10.62,6.78,1112.34,179.1,corridor,16.96,clear,30.735,6.528,17.64,41.95,world
225.60,2026-08-31 06:30:28,10.64,7.31,1110.20,179.1,corridor,16.98,clear,30.735,6.528,19.78,43.67,world
226.10,2026-08-31 06:30:28,10.67,7.77,1107.98,179.1,corridor,17.00,clear,19.581,6.387,22.00,45.48,world
226.60,2026-08-31 06:30:29,10.69,8.11,1105.66,179.1,corridor,17.02,clear,19.581,6.387,24.31,47.41,world
227.10,2026-08-31 06:30:29,10.72,8.30,1103.25,179.1,corridor,17.04,clear,20.840,5.770,26.73,49.46,world
227.60,2026-08-31 06:30:30,10.75,8.31,1100.76,179.1,corridor,17.06,clear,20.840,5.770,29.22,51.61,world
228.10,2026-08-31 06:30:30,10.78,8.11,1098.20,179.1,corridor,17.08,clear,19.852,5.759,31.78,53.84,world
228.60,2026-08-31 06:30:31,10.82,7.81,1095.63,179.1,corridor,17.10,clear,19.852,5.759,34.35,56.12,world
229.10,2026-08-31 06:30:31,10.86,7.42,1093.05,179.1,corridor,17.12,clear,25.260,30.461,36.93,58.44,world
229.60,2026-08-31 06:30:32,10.91,7.00,1090.46,179.1,corridor,17.14,clear,25.260,30.461,39.52,60.78,world
230.10,2026-08-31 06:30:32,10.95,6.72,1087.89,179.1,corridor,17.16,clear,19.869,6.750,42.09,63.12,world
230.60,2026-08-31 06:30:33,10.99,6.73,1085.40,179.1,corridor,17.18,clear,19.869,6.750,44.58,65.41,world
231.10,2026-08-31 06:30:33,11.02,6.92,1082.99,179.1,corridor,17.20,clear,19.820,6.493,46.99,67.63,world
231.60,2026-08-31 06:30:34,11.06,7.15,1080.61,179.1,corridor,17.22,clear,19.820,6.493,49.37,69.85,world
232.10,2026-08-31 06:30:34,11.10,7.26,1078.16,179.1,corridor,17.24,clear,24.177,6.818,51.82,72.13,world
232.60,2026-08-31 06:30:35,11.15,7.20,1075.64,179.1,corridor,17.26,clear,24.177,6.818,54.34,74.50,world
233.10,2026-08-31 06:30:35,11.20,7.06,1073.09,179.1,corridor,17.28,clear,23.496,8.248,56.89,76.90,world
233.60,2026-08-31 06:30:36,11.25,6.91,1070.55,179.1,corridor,17.30,clear,23.496,8.248,59.44,79.31,world
234.10,2026-08-31 06:30:36,11.29,6.83,1068.01,179.1,corridor,17.32,clear,22.303,7.535,61.97,81.72,world
234.60,2026-08-31 06:30:37,11.34,6.82,1065.50,179.1,corridor,17.34,clear,22.303,7.535,64.48,84.11,world
235.10,2026-08-31 06:30:37,11.39,6.77,1062.98,179.1,corridor,17.36,clear,24.179,6.526,67.00,86.52,world
235.60,2026-08-31 06:30:38,11.44,6.58,1060.43,179.1,corridor,17.38,clear,24.179,6.526,69.56,88.97,world
236.10,2026-08-31 06:30:38,11.48,6.23,1057.85,179.1,corridor,17.40,clear,22.160,8.714,72.13,91.44,world
236.60,2026-08-31 06:30:39,11.52,5.80,1055.27,179.1,corridor,17.42,clear,22.160,8.714,74.72,93.92,world
237.10,2026-08-31 06:30:39,11.56,5.43,1052.68,179.1,corridor,17.44,clear,19.391,5.639,77.30,96.41,world
237.60,2026-08-31 06:30:40,11.59,5.08,1050.10,179.1,corridor,17.46,clear,19.391,5.639,79.88,98.90,world
238.10,2026-08-31 06:30:40,11.63,4.74,1047.52,179.1,corridor,17.48,clear,18.110,5.348,82.46,101.39,world
238.60,2026-08-31 06:30:41,11.67,4.49,1044.96,179.1,corridor,17.50,clear,18.110,5.348,85.03,103.88,world
239.10,2026-08-31 06:30:41,11.71,4.32,1042.41,179.1,corridor,17.52,clear,17.367,5.690,87.58,106.35,world
239.60,2026-08-31 06:30:42,11.74,4.08,1039.84,179.1,corridor,17.54,clear,17.367,5.690,90.14,108.84,world
240.10,2026-08-31 06:30:42,11.78,3.79,1037.27,179.1,corridor,17.56,clear,18.239,5.326,92.72,111.35,world
240.60,2026-08-31 06:30:43,11.81,3.52,1034.70,179.1,corridor,17.58,clear,18.239,5.326,95.29,113.85,world
241.10,2026-08-31 06:30:43,11.85,3.22,1032.13,179.1,corridor,17.60,clear,17.008,4.991,97.86,116.36,world
241.60,2026-08-31 06:30:44,11.88,2.79,1029.54,179.1,corridor,17.62,clear,17.008,4.991,100.45,118.88,world
242.10,2026-08-31 06:30:44,11.92,2.46,1026.96,179.1,corridor,17.64,clear,18.770,5.426,103.02,121.40,world
242.60,2026-08-31 06:30:45,11.95,2.30,1024.41,179.1,corridor,17.66,clear,18.770,5.426,105.58,123.89,world
243.10,2026-08-31 06:30:45,11.98,2.09,1021.85,179.1,corridor,17.68,clear,22.074,5.641,108.14,126.40,world
243.60,2026-08-31 06:30:46,12.01,1.56,1019.26,179.1,corridor,17.70,clear,22.074,5.641,110.73,128.94,world
244.10,2026-08-31 06:30:46,12.05,0.86,1016.68,179.1,corridor,17.72,clear,18.691,5.907,113.31,131.47,world
244.60,2026-08-31 06:30:47,12.09,0.17,1014.09,179.1,corridor,17.74,clear,18.691,5.907,115.90,134.01,world
245.10,2026-08-31 06:30:47,12.14,-0.41,1011.50,179.1,corridor,17.76,clear,18.100,5.319,118.49,136.55,world
245.60,2026-08-31 06:30:48,12.18,-0.85,1008.91,179.1,corridor,17.78,clear,18.100,5.319,121.08,139.10,world
246.10,2026-08-31 06:30:48,12.22,-1.08,1006.35,179.1,corridor,17.80,clear,20.167,6.089,123.64,141.62,world
246.60,2026-08-31 06:30:49,12.26,-1.08,1003.84,179.1,corridor,17.82,clear,20.167,6.089,126.15,144.08,world
247.10,2026-08-31 06:30:49,12.29,-0.90,1001.43,179.1,corridor,17.84,clear,17.417,5.323,128.56,146.45,world
247.60,2026-08-31 06:30:50,12.33,-0.52,999.17,179.1,corridor,17.86,clear,17.417,5.323,130.82,148.69,world
248.10,2026-08-31 06:30:50,12.36,0.02,997.06,179.1,corridor,17.88,clear,16.765,5.295,132.93,150.77,world
248.60,2026-08-31 06:30:51,12.40,0.61,995.02,179.1,corridor,17.90,clear,16.765,5.295,134.98,152.78,world
249.10,2026-08-31 06:30:51,12.43,1.18,992.94,179.1,corridor,17.92,clear,18.031,7.092,137.05,154.82,world
249.60,2026-08-31 06:30:52,12.47,1.68,990.80,179.1,corridor,17.94,clear,18.031,7.092,139.19,156.94,world
250.10,2026-08-31 06:30:52,12.50,2.15,988.62,179.1,corridor,17.96,clear,17.224,5.405,141.37,159.09,world
250.60,2026-08-31 06:30:53,12.53,2.67,986.49,179.1,corridor,17.98,clear,17.224,5.405,143.50,161.18,world
251.10,2026-08-31 06:30:53,12.56,3.25,984.43,179.1,corridor,18.00,clear,18.102,5.524,145.57,163.13,world
251.60,2026-08-31 06:30:54,12.59,3.80,982.34,179.1,corridor,18.02,clear,18.102,5.524,147.65,165.11,world
252.10,2026-08-31 06:30:54,12.62,4.25,980.13,179.1,corridor,18.04,clear,17.846,5.254,149.86,167.22,world
252.60,2026-08-31 06:30:55,12.66,4.47,977.75,179.1,corridor,18.06,clear,17.846,5.254,152.24,169.49,world
253.10,2026-08-31 06:30:55,12.71,4.56,975.28,179.1,corridor,18.08,clear,19.114,6.507,154.71,171.85,world
253.60,2026-08-31 06:30:56,12.75,4.63,972.81,179.1,corridor,18.10,clear,19.114,6.507,157.19,174.22,world
254.10,2026-08-31 06:30:56,12.80,4.70,970.33,179.1,corridor,18.12,clear,17.453,5.308,159.67,176.59,world
254.60,2026-08-31 06:30:57,12.84,4.67,967.82,179.1,corridor,18.14,clear,17.453,5.308,162.18,179.01,world
255.10,2026-08-31 06:30:57,12.90,4.55,965.27,179.1,corridor,18.16,clear,22.141,6.152,164.73,181.45,world
255.60,2026-08-31 06:30:58,12.95,4.47,962.73,179.1,corridor,18.18,clear,22.141,6.152,167.26,179.41,world
256.10,2026-08-31 06:30:58,12.99,4.58,960.28,179.1,corridor,18.20,clear,17.464,5.952,169.72,177.16,world
256.60,2026-08-31 06:30:59,13.03,4.78,957.86,179.1,corridor,18.22,clear,17.464,5.952,172.13,174.95,world
257.10,2026-08-31 06:30:59,13.08,4.89,955.41,179.1,corridor,18.24,clear,18.142,5.911,174.59,172.71,world
257.60,2026-08-31 06:31:00,13.12,4.94,952.93,179.1,corridor,18.26,clear,18.142,5.911,177.07,170.44,world
258.10,2026-08-31 06:31:00,13.17,5.03,950.46,179.2,corridor,18.28,clear,18.426,6.224,179.54,168.20,world
258.60,2026-08-31 06:31:01,13.21,5.14,948.00,179.2,corridor,18.30,clear,18.426,6.224,182.00,165.98,world
259.10,2026-08-31 06:31:01,13.26,5.11,945.49,179.2,corridor,18.32,clear,18.741,5.451,184.51,163.71,world
259.60,2026-08-31 06:31:02,13.30,4.86,942.92,179.2,corridor,18.34,clear,18.741,5.451,187.08,161.40,world
260.10,2026-08-31 06:31:02,13.35,4.55,940.34,179.2,corridor,18.36,clear,17.930,6.311,189.66,159.08,world
260.60,2026-08-31 06:31:03,13.40,4.35,937.77,179.2,corridor,18.38,clear,17.930,6.311,192.23,156.79,world
261.10,2026-08-31 06:31:03,13.44,4.27,935.25,179.2,corridor,18.40,clear,18.443,5.335,194.75,154.54,world
261.60,2026-08-31 06:31:04,13.48,4.20,932.72,179.2,corridor,18.42,clear,18.443,5.335,197.28,152.30,world
262.10,2026-08-31 06:31:04,13.52,4.13,930.20,179.2,corridor,18.44,clear,17.821,5.341,199.80,150.07,world
262.60,2026-08-31 06:31:05,13.56,4.12,927.69,179.2,corridor,18.46,clear,17.821,5.341,202.31,147.87,world
263.10,2026-08-31 06:31:05,13.61,4.18,925.21,179.2,corridor,18.48,clear,17.754,5.411,204.79,145.70,world
263.60,2026-08-31 06:31:06,13.65,4.32,922.77,179.2,corridor,18.50,clear,17.754,5.411,207.23,143.57,world
264.10,2026-08-31 06:31:06,13.69,4.59,920.41,179.2,corridor,18.52,clear,18.953,5.393,209.60,141.52,world
264.60,2026-08-31 06:31:07,13.73,4.93,918.09,179.2,corridor,18.54,clear,18.953,5.393,211.91,139.53,world
265.10,2026-08-31 06:31:07,13.77,5.25,915.77,179.2,corridor,18.56,clear,20.499,5.873,214.24,137.53,world
265.60,2026-08-31 06:31:08,13.81,5.51,913.40,179.2,corridor,18.58,clear,20.499,5.873,216.60,135.48,world
266.10,2026-08-31 06:31:08,13.85,5.78,911.03,179.2,corridor,18.60,clear,21.242,6.017,218.97,133.36,world
266.60,2026-08-31 06:31:09,13.90,6.05,908.67,179.2,corridor,18.62,clear,21.242,6.017,221.33,131.26,world
267.10,2026-08-31 06:31:09,13.94,6.23,906.25,179.2,corridor,18.64,clear,18.221,5.438,223.75,129.12,world
267.60,2026-08-31 06:31:10,13.99,6.13,903.72,179.2,corridor,18.66,clear,18.221,5.438,226.29,126.88,world
268.10,2026-08-31 06:31:10,14.03,5.75,901.13,179.2,corridor,18.68,clear,18.225,5.573,228.88,124.61,world
268.60,2026-08-31 06:31:11,14.08,5.24,898.53,179.2,corridor,18.70,clear,18.225,5.573,231.47,122.34,world
269.10,2026-08-31 06:31:11,14.12,4.70,895.94,179.2,corridor,18.72,clear,23.065,6.819,234.07,120.10,world
269.60,2026-08-31 06:31:12,14.17,4.05,893.35,179.2,corridor,18.74,clear,23.065,6.819,236.66,117.87,world
270.10,2026-08-31 06:31:12,14.21,3.29,890.78,179.2,corridor,18.76,clear,18.819,5.899,239.23,115.67,world
270.60,2026-08-31 06:31:13,14.25,2.57,888.20,179.2,corridor,18.78,clear,18.819,5.899,241.80,113.48,world
271.10,2026-08-31 06:31:13,14.28,2.08,885.61,179.2,corridor,18.80,clear,22.247,5.687,244.40,111.30,world
271.60,2026-08-31 06:31:14,14.32,1.72,883.02,179.2,corridor,18.82,clear,22.247,5.687,246.99,109.14,world
272.10,2026-08-31 06:31:14,14.36,1.22,880.43,179.2,corridor,18.84,clear,25.591,9.889,249.58,107.00,world
272.60,2026-08-31 06:31:15,14.40,0.55,877.85,179.2,corridor,18.86,clear,25.591,9.889,252.16,104.88,world
273.10,2026-08-31 06:31:15,14.45,-0.04,875.26,179.2,corridor,18.88,clear,19.800,6.115,254.75,102.77,world
273.60,2026-08-31 06:31:16,14.49,-0.40,872.67,179.2,corridor,18.90,clear,19.800,6.115,257.34,100.70,world
274.10,2026-08-31 06:31:16,14.53,-0.66,870.09,179.2,corridor,18.92,clear,18.256,5.694,259.92,98.65,world
274.60,2026-08-31 06:31:17,14.57,-0.93,867.52,179.2,corridor,18.94,clear,18.256,5.694,262.49,96.63,world
275.10,2026-08-31 06:31:17,14.61,-1.26,864.94,179.2,corridor,18.96,clear,17.881,5.248,265.07,94.64,world
275.60,2026-08-31 06:31:18,14.65,-1.63,862.36,179.2,corridor,18.98,clear,17.881,5.248,267.65,92.67,world
276.10,2026-08-31 06:31:18,14.68,-2.02,859.77,179.2,corridor,19.00,clear,20.653,5.819,270.24,90.73,world
276.60,2026-08-31 06:31:19,14.71,-2.42,857.18,179.2,corridor,19.02,clear,20.653,5.819,272.84,88.83,world
277.10,2026-08-31 06:31:19,14.74,-2.70,854.60,179.2,corridor,19.04,clear,19.856,5.253,275.41,86.97,world
277.60,2026-08-31 06:31:20,14.77,-2.77,852.07,179.2,corridor,19.06,clear,19.856,5.253,277.94,85.18,world
278.10,2026-08-31 06:31:20,14.79,-2.58,849.64,179.2,corridor,19.08,clear,20.259,6.275,280.37,83.51,world
278.60,2026-08-31 06:31:21,14.82,-2.28,847.29,179.2,corridor,19.10,clear,20.259,6.275,282.73,81.92,world
279.10,2026-08-31 06:31:21,14.84,-1.98,844.93,179.2,corridor,19.12,clear,17.521,5.181,285.09,80.36,world
279.60,2026-08-31 06:31:22,14.87,-1.77,842.52,179.2,corridor,19.14,clear,17.521,5.181,287.49,78.82,world
280.10,2026-08-31 06:31:22,14.89,-1.59,840.11,179.2,corridor,19.16,clear,17.951,5.164,289.90,77.31,world
280.60,2026-08-31 06:31:23,14.93,-1.36,837.73,179.2,corridor,19.18,clear,17.951,5.164,292.28,75.86,world
281.10,2026-08-31 06:31:23,14.96,-1.07,835.38,179.2,corridor,19.20,clear,18.043,5.463,294.63,74.48,world
281.60,2026-08-31 06:31:24,15.00,-0.79,833.03,179.2,corridor,19.22,clear,18.043,5.463,296.98,73.15,world
282.10,2026-08-31 06:31:24,15.04,-0.67,830.59,179.2,corridor,19.24,clear,18.047,5.792,299.42,71.82,world
282.60,2026-08-31 06:31:25,15.07,-0.72,828.08,179.2,corridor,19.26,clear,18.047,5.792,301.94,70.51,world
283.10,2026-08-31 06:31:25,15.11,-0.92,825.52,179.2,corridor,19.28,clear,22.129,7.953,304.49,69.24,world
283.60,2026-08-31 06:31:26,15.15,-1.25,822.94,179.2,corridor,19.30,clear,22.129,7.953,307.07,68.05,world
284.10,2026-08-31 06:31:26,15.19,-1.76,820.35,179.2,corridor,19.32,clear,20.410,5.679,309.66,66.92,world
284.60,2026-08-31 06:31:27,15.22,-2.43,817.77,179.2,corridor,19.34,clear,20.410,5.679,312.25,65.89,world
285.10,2026-08-31 06:31:27,15.26,-3.10,815.19,179.2,corridor,19.36,clear,18.888,6.236,314.83,64.93,world
285.60,2026-08-31 06:31:28,15.30,-3.64,812.60,179.2,corridor,19.38,clear,18.888,6.236,317.42,64.07,world
286.10,2026-08-31 06:31:28,15.34,-3.79,810.06,179.2,corridor,19.40,clear,18.724,5.535,319.96,63.31,world
286.60,2026-08-31 06:31:29,15.38,-3.61,807.64,179.2,corridor,19.42,clear,18.724,5.535,322.37,62.67,world
287.10,2026-08-31 06:31:29,15.42,-3.38,805.25,179.2,corridor,19.44,clear,19.420,6.174,324.76,62.12,world
287.60,2026-08-31 06:31:30,15.46,-3.22,802.83,179.2,corridor,19.46,clear,19.420,6.174,327.19,61.66,world
288.10,2026-08-31 06:31:30,15.49,-3.08,800.39,179.2,corridor,19.48,clear,20.911,6.432,329.63,61.29,world
288.60,2026-08-31 06:31:31,15.53,-2.92,797.96,179.2,corridor,19.50,clear,20.911,6.432,332.05,61.02,world
289.10,2026-08-31 06:31:31,15.57,-2.89,795.48,179.2,corridor,19.52,clear,19.853,6.005,334.54,60.84,world
289.60,2026-08-31 06:31:32,15.61,-3.10,792.92,179.2,corridor,19.54,clear,19.853,6.005,337.10,60.76,world
290.10,2026-08-31 06:31:32,15.65,-3.43,790.33,179.2,corridor,19.56,clear,19.833,5.991,339.68,60.79,world
290.60,2026-08-31 06:31:33,15.69,-3.75,787.75,179.2,corridor,19.58,clear,19.833,5.991,342.27,60.57,world
291.10,2026-08-31 06:31:33,15.73,-4.03,785.17,179.2,corridor,19.60,clear,20.326,6.167,344.85,60.45,world
291.60,2026-08-31 06:31:34,15.77,-4.29,782.60,179.2,corridor,19.62,clear,20.326,6.167,347.42,60.44,world
292.10,2026-08-31 06:31:34,15.81,-4.49,780.04,179.2,corridor,19.64,clear,23.916,9.064,349.98,60.54,world
292.60,2026-08-31 06:31:35,15.85,-4.63,777.50,179.2,corridor,19.66,clear,23.916,9.064,352.52,60.74,world
293.10,2026-08-31 06:31:35,15.89,-4.89,774.93,179.2,corridor,19.68,clear,21.018,5.296,355.09,61.05,world
293.60,2026-08-31 06:31:36,15.93,-5.25,772.34,179.2,corridor,19.70,clear,21.018,5.296,357.68,61.47,world
294.10,2026-08-31 06:31:36,15.98,-5.50,769.77,179.2,corridor,19.72,clear,19.612,5.381,360.25,61.17,world
294.60,2026-08-31 06:31:37,16.02,-5.55,767.25,179.2,corridor,19.74,clear,19.612,5.381,362.77,59.00,world
295.10,2026-08-31 06:31:37,16.07,-5.58,764.73,179.2,corridor,19.76,clear,27.608,7.778,365.29,56.87,world
295.60,2026-08-31 06:31:38,16.12,-5.71,762.19,179.2,corridor,19.78,clear,27.608,7.778,367.83,54.74,world
296.10,2026-08-31 06:31:38,16.16,-5.82,759.64,179.2,corridor,19.80,clear,21.683,6.121,370.38,52.65,world
296.60,2026-08-31 06:31:39,16.21,-5.81,757.14,179.2,corridor,19.82,clear,21.683,6.121,372.88,50.63,world
297.10,2026-08-31 06:31:39,16.25,-5.79,754.64,179.2,corridor,19.84,clear,19.991,6.147,375.38,48.66,world
297.60,2026-08-31 06:31:40,16.29,-5.76,752.15,179.2,corridor,19.86,clear,19.991,6.147,377.87,46.76,world
298.10,2026-08-31 06:31:40,16.33,-5.71,749.68,179.2,corridor,19.88,clear,20.630,5.871,380.35,44.92,world
298.60,2026-08-31 06:31:41,16.36,-5.67,747.19,179.2,corridor,19.90,clear,20.630,5.871,382.83,43.14,world
299.10,2026-08-31 06:31:41,16.40,-5.75,744.66,179.2,corridor,19.92,clear,18.707,5.535,385.36,41.40,world
299.60,2026-08-31 06:31:42,16.44,-5.84,742.14,179.2,corridor,19.94,clear,18.707,5.535,387.89,39.75,world
300.10,2026-08-31 06:31:42,16.48,-5.68,739.71,179.2,corridor,19.96,clear,25.228,6.419,390.32,38.26,world
300.60,2026-08-31 06:31:43,16.51,-5.38,737.37,179.2,corridor,19.98,clear,25.228,6.419,392.65,36.91,world
301.10,2026-08-31 06:31:43,16.55,-5.12,735.01,179.2,corridor,20.00,clear,19.737,5.477,395.01,35.73,world
301.60,2026-08-31 06:31:44,16.58,-5.01,732.57,179.2,corridor,20.02,clear,19.737,5.477,397.46,34.76,world
302.10,2026-08-31 06:31:44,16.62,-5.07,730.05,179.2,corridor,20.04,clear,21.699,8.049,399.98,33.75,world
302.60,2026-08-31 06:31:45,16.65,-5.30,727.48,179.2,corridor,20.06,clear,21.699,8.049,402.55,32.90,world
303.10,2026-08-31 06:31:45,16.69,-5.54,724.91,179.2,corridor,20.08,clear,21.872,30.208,405.11,32.23,world
303.60,2026-08-31 06:31:46,16.72,-5.61,722.39,179.2,corridor,20.10,clear,21.872,30.208,407.64,31.75,world
304.10,2026-08-31 06:31:46,16.75,-5.50,719.94,179.2,corridor,20.12,clear,23.995,10.152,410.09,31.48,world
304.60,2026-08-31 06:31:47,16.79,-5.46,717.46,179.2,corridor,20.14,clear,23.995,10.152,412.57,31.40,world
305.10,2026-08-31 06:31:47,16.83,-5.61,714.91,179.2,corridor,20.16,clear,26.586,11.204,415.11,31.13,world
305.60,2026-08-31 06:31:48,16.87,-5.84,712.35,179.2,corridor,20.18,clear,26.586,11.204,417.68,30.90,world
306.10,2026-08-31 06:31:48,16.91,-5.98,709.80,179.2,corridor,20.20,clear,27.669,12.272,420.23,30.86,world
306.60,2026-08-31 06:31:49,16.95,-5.99,707.30,179.2,corridor,20.22,clear,27.669,12.272,422.73,31.53,world
307.10,2026-08-31 06:31:49,16.99,-5.84,704.87,179.2,corridor,20.24,clear,28.078,13.986,425.16,32.36,world
307.60,2026-08-31 06:31:50,17.02,-5.48,702.58,179.2,corridor,20.26,clear,28.078,13.986,427.45,33.29,world
308.10,2026-08-31 06:31:50,17.06,-4.99,700.42,179.2,corridor,20.28,clear,26.061,11.892,429.61,31.22,world
308.60,2026-08-31 06:31:51,17.09,-4.47,698.29,179.2,corridor,20.30,clear,26.061,11.892,0.00,29.16,world
309.10,2026-08-31 06:31:51,17.12,-3.97,696.14,179.2,corridor,20.32,clear,22.510,10.523,0.00,27.09,world
309.60,2026-08-31 06:31:52,17.15,-3.48,693.97,179.2,corridor,20.34,clear,22.510,10.523,0.00,25.02,world
310.10,2026-08-31 06:31:52,17.18,-3.02,691.78,179.2,corridor,20.36,clear,25.699,15.273,0.00,22.94,world
310.60,2026-08-31 06:31:53,17.20,-2.73,689.44,179.2,corridor,20.38,clear,25.699,15.273,0.00,20.74,world
311.10,2026-08-31 06:31:53,17.23,-2.77,686.93,179.2,corridor,20.40,clear,28.946,11.384,0.00,18.41,world
311.60,2026-08-31 06:31:54,17.26,-3.03,684.36,179.2,corridor,20.42,clear,28.946,11.384,0.00,16.09,world
312.10,2026-08-31 06:31:54,17.29,-3.21,681.80,179.2,corridor,20.44,clear,24.211,10.915,0.00,13.87,world
312.60,2026-08-31 06:31:55,17.32,-3.19,679.30,179.2,corridor,20.46,clear,24.211,10.915,0.00,11.84,world
313.10,2026-08-31 06:31:55,17.35,-3.11,676.83,179.2,corridor,20.48,clear,23.755,8.900,0.00,10.03,world
313.60,2026-08-31 06:31:56,17.38,-3.08,674.34,179.2,corridor,20.50,clear,23.755,8.900,0.00,8.56,world
314.10,2026-08-31 06:31:56,17.41,-3.06,671.84,179.2,corridor,20.52,clear,24.761,9.611,0.00,7.63,world
314.60,2026-08-31 06:31:57,17.44,-3.07,669.34,179.2,corridor,20.54,clear,24.761,9.611,0.00,7.47,world
315.10,2026-08-31 06:31:57,17.48,-3.17,666.81,179.2,corridor,20.56,clear,23.977,9.501,0.00,8.13,world
315.60,2026-08-31 06:31:58,17.51,-3.31,664.26,179.2,corridor,20.58,clear,23.977,9.501,0.00,9.45,world
316.10,2026-08-31 06:31:58,17.55,-3.39,661.73,179.2,corridor,20.60,clear,23.601,9.821,0.00,11.19,world
316.60,2026-08-31 06:31:59,17.58,-3.42,659.22,179.2,corridor,20.62,clear,23.601,9.821,0.00,13.18,world
317.10,2026-08-31 06:31:59,17.62,-3.40,656.73,179.2,corridor,20.64,clear,23.083,9.776,0.00,15.30,world
317.60,2026-08-31 06:32:00,17.42,-3.27,654.15,179.1,corridor,20.66,clear,23.083,9.776,0.00,17.50,world
318.10,2026-08-31 06:32:00,17.45,-2.96,651.82,179.1,corridor,20.68,clear,27.075,9.827,0.00,19.65,world
318.60,2026-08-31 06:32:01,17.64,-2.45,649.42,179.2,corridor,20.70,clear,27.075,9.827,0.00,21.95,world
319.10,2026-08-31 06:32:01,17.67,-1.96,647.25,179.2,corridor,20.72,clear,25.860,9.835,0.00,24.01,world
319.60,2026-08-31 06:32:02,17.70,-1.46,645.09,179.2,corridor,20.74,clear,25.860,9.835,0.00,26.07,world
320.10,2026-08-31 06:32:02,17.72,-0.92,642.97,179.2,corridor,20.76,clear,27.214,10.121,0.00,28.11,world
320.60,2026-08-31 06:32:03,17.75,-0.39,640.85,179.1,corridor,20.78,clear,27.214,10.121,0.21,30.16,world
321.10,2026-08-31 06:32:03,17.78,0.07,638.65,179.1,corridor,20.80,clear,23.549,8.811,2.41,32.30,world
321.60,2026-08-31 06:32:04,17.81,0.43,636.36,179.1,corridor,20.82,clear,23.549,8.811,4.71,34.53,world
322.10,2026-08-31 06:32:04,17.83,0.74,634.03,179.1,corridor,20.84,clear,28.772,12.216,7.04,36.82,world
322.60,2026-08-31 06:32:05,17.86,1.09,631.71,179.1,corridor,20.86,clear,28.772,12.216,9.35,39.08,world
323.10,2026-08-31 06:32:05,17.88,1.45,629.42,179.1,corridor,20.88,clear,29.464,10.107,11.65,41.34,world
323.60,2026-08-31 06:32:06,17.91,1.82,627.13,179.1,corridor,20.90,clear,29.464,10.107,13.94,43.59,world
324.10,2026-08-31 06:32:06,17.94,2.20,624.85,179.1,corridor,20.92,clear,26.703,9.668,16.22,45.84,world
324.60,2026-08-31 06:32:07,17.97,2.59,622.58,179.1,corridor,20.94,clear,26.703,9.668,18.49,48.08,world
325.10,2026-08-31 06:32:07,18.00,2.89,620.24,179.1,corridor,20.96,clear,25.330,27.794,20.82,50.39,world
325.60,2026-08-31 06:32:08,18.03,2.91,617.76,179.1,corridor,20.98,clear,25.330,27.794,23.31,52.85,world
326.10,2026-08-31 06:32:08,18.07,2.62,615.19,179.1,corridor,21.00,clear,25.334,10.457,25.88,55.40,world
326.60,2026-08-31 06:32:09,18.11,2.20,612.60,179.1,corridor,21.02,clear,25.334,10.457,28.47,57.97,world
327.10,2026-08-31 06:32:09,18.14,1.79,610.00,179.1,corridor,21.04,clear,24.352,9.175,31.06,60.55,world
327.60,2026-08-31 06:32:10,18.18,1.54,607.44,179.1,corridor,21.06,clear,24.352,9.175,33.63,63.10,world
328.10,2026-08-31 06:32:10,18.22,1.48,604.92,179.1,corridor,21.08,clear,23.728,9.136,36.15,65.60,world
328.60,2026-08-31 06:32:11,18.25,1.54,602.44,179.1,corridor,21.10,clear,23.728,9.136,38.63,68.06,world
329.10,2026-08-31 06:32:11,18.29,1.57,599.95,179.1,corridor,21.12,clear,22.861,8.819,41.12,70.54,world
329.60,2026-08-31 06:32:12,18.32,1.47,597.42,179.1,corridor,21.14,clear,22.861,8.819,43.65,73.06,world
330.10,2026-08-31 06:32:12,18.36,1.44,594.91,179.1,corridor,21.16,clear,24.660,10.058,46.16,75.55,world
330.60,2026-08-31 06:32:13,18.39,1.53,592.45,179.1,corridor,21.18,clear,24.660,10.058,48.62,78.01,world
331.10,2026-08-31 06:32:13,18.65,1.64,590.73,179.2,corridor,21.20,clear,21.295,9.209,50.49,79.74,world
331.60,2026-08-31 06:32:14,19.21,1.77,588.76,179.2,corridor,21.22,clear,21.295,9.209,52.67,81.76,world
332.10,2026-08-31 06:32:14,19.25,1.97,586.36,179.2,corridor,21.24,clear,23.976,9.115,55.07,84.15,world
332.60,2026-08-31 06:32:15,19.28,2.23,583.99,179.2,corridor,21.26,clear,23.976,9.115,57.43,86.51,world
333.10,2026-08-31 06:32:15,19.65,2.30,581.53,179.2,corridor,21.28,clear,24.322,8.874,59.98,88.99,world
333.60,2026-08-31 06:32:16,19.55,2.21,578.80,179.2,corridor,21.30,clear,24.322,8.874,62.74,91.70,world
334.10,2026-08-31 06:32:16,19.59,2.08,576.25,179.2,corridor,21.32,clear,23.693,10.802,65.29,94.24,world
334.60,2026-08-31 06:32:17,19.63,2.05,573.73,179.2,corridor,21.34,clear,23.693,10.802,67.80,96.75,world
335.10,2026-08-31 06:32:17,19.25,2.14,571.36,179.2,corridor,21.36,clear,23.820,8.119,70.28,99.07,world
335.60,2026-08-31 06:32:18,19.29,2.26,568.91,179.2,corridor,21.38,clear,23.820,8.119,72.74,101.52,world
336.10,2026-08-31 06:32:18,19.33,2.41,566.48,179.2,corridor,21.40,clear,25.676,9.559,75.17,103.94,world
336.60,2026-08-31 06:32:19,19.37,2.61,564.07,179.2,corridor,21.42,clear,25.676,9.559,77.58,106.34,world
337.10,2026-08-31 06:32:19,19.41,2.96,561.76,179.2,corridor,21.44,clear,23.860,8.479,79.88,108.64,world
337.60,2026-08-31 06:32:20,19.44,3.38,559.53,179.2,corridor,21.46,clear,23.860,8.479,82.12,110.88,world
338.10,2026-08-31 06:32:20,19.49,3.77,557.26,179.2,corridor,21.48,clear,27.054,14.783,84.39,113.14,world
338.60,2026-08-31 06:32:21,19.52,4.07,554.92,179.2,corridor,21.50,clear,27.054,14.783,86.73,115.48,world
339.10,2026-08-31 06:32:21,19.56,4.32,552.54,179.2,corridor,21.52,clear,24.598,7.495,89.11,117.85,world
339.60,2026-08-31 06:32:22,19.60,4.57,550.17,179.2,corridor,21.54,clear,24.598,7.495,91.47,120.21,world
340.10,2026-08-31 06:32:22,19.63,4.71,547.74,179.2,corridor,21.56,clear,24.453,7.756,93.91,122.64,world
340.60,2026-08-31 06:32:23,19.67,4.63,545.22,179.2,corridor,21.58,clear,24.453,7.756,96.43,125.16,world
341.10,2026-08-31 06:32:23,19.70,4.39,542.65,179.2,corridor,21.60,clear,24.748,8.466,99.00,127.72,world
341.60,2026-08-31 06:32:24,19.74,4.10,540.07,179.2,corridor,21.62,clear,24.748,8.466,101.58,130.29,world
342.10,2026-08-31 06:32:24,19.78,3.92,537.52,179.2,corridor,21.64,clear,31.353,9.882,104.13,132.84,world
342.60,2026-08-31 06:32:25,19.82,3.86,535.00,179.2,corridor,21.66,clear,31.353,9.882,106.65,135.36,world
343.10,2026-08-31 06:32:25,19.86,3.91,532.51,179.2,corridor,21.68,clear,21.619,7.144,109.14,137.84,world
343.60,2026-08-31 06:32:26,19.91,3.93,530.01,179.2,corridor,21.70,clear,21.619,7.144,111.64,140.34,world
344.10,2026-08-31 06:32:26,19.95,3.86,527.49,179.2,corridor,21.72,clear,22.861,7.422,114.16,142.86,world
344.60,2026-08-31 06:32:27,19.99,3.87,524.99,179.2,corridor,21.74,clear,22.861,7.422,116.66,145.36,world
345.10,2026-08-31 06:32:27,20.03,4.00,522.54,179.2,corridor,21.76,clear,22.246,7.481,119.11,147.80,world
345.60,2026-08-31 06:32:28,20.07,4.12,520.09,179.2,corridor,21.78,clear,22.246,7.481,121.56,150.25,world
346.10,2026-08-31 06:32:28,20.11,4.12,517.59,179.2,corridor,21.80,clear,23.636,6.986,124.06,152.75,world
346.60,2026-08-31 06:32:29,20.16,4.18,515.12,179.2,corridor,21.82,clear,23.636,6.986,126.54,155.22,world
347.10,2026-08-31 06:32:29,20.20,4.41,512.72,179.2,corridor,21.84,clear,21.042,6.615,128.93,157.61,world
347.60,2026-08-31 06:32:30,20.23,4.64,510.34,179.2,corridor,21.86,clear,21.042,6.615,131.31,159.99,world
348.10,2026-08-31 06:32:30,20.27,4.75,507.89,179.2,corridor,21.88,clear,26.076,8.915,133.76,162.43,world
348.60,2026-08-31 06:32:31,20.31,4.67,505.37,179.2,corridor,21.90,clear,26.076,8.915,136.29,164.96,world
349.10,2026-08-31 06:32:31,20.34,4.48,503.02,179.2,corridor,21.92,clear,27.378,9.092,138.63,167.30,world
349.60,2026-08-31 06:32:32,20.91,4.49,503.03,105.7,corridor,21.94,clear,27.378,9.092,139.21,167.33,world
350.10,2026-08-31 06:32:32,23.41,4.48,503.06,89.2,corridor,21.96,clear,23.093,8.233,141.71,167.48,world
350.60,2026-08-31 06:32:33,24.59,4.35,501.66,179.7,corridor,21.98,clear,23.093,8.233,144.11,168.97,world
351.10,2026-08-31 06:32:33,24.60,4.02,499.08,179.7,corridor,22.00,clear,23.433,8.107,146.69,171.54,world
351.60,2026-08-31 06:32:34,24.61,3.54,496.49,179.7,corridor,22.02,clear,23.433,8.107,149.29,174.13,world
352.10,2026-08-31 06:32:34,24.62,3.07,493.89,179.7,corridor,22.04,clear,27.192,7.857,151.88,176.71,world
352.60,2026-08-31 06:32:35,24.69,2.69,491.35,179.7,corridor,22.06,clear,27.192,7.857,154.44,179.26,world
353.10,2026-08-31 06:32:35,24.92,2.55,490.22,179.7,corridor,22.08,clear,29.264,9.864,155.65,180.40,world
353.60,2026-08-31 06:32:36,26.15,2.39,488.66,179.8,corridor,22.10,clear,29.264,9.864,157.87,182.06,world
354.10,2026-08-31 06:32:36,26.15,1.92,486.07,179.8,corridor,22.12,clear,23.466,7.340,160.47,184.64,world
354.60,2026-08-31 06:32:37,26.15,1.52,483.47,179.8,corridor,22.14,clear,23.466,7.340,163.07,187.23,world
355.10,2026-08-31 06:32:37,26.15,1.19,480.88,179.8,corridor,22.16,clear,23.920,7.765,165.65,189.80,world
355.60,2026-08-31 06:32:38,26.15,0.93,478.31,179.8,corridor,22.18,clear,23.920,7.765,168.23,192.37,world
356.10,2026-08-31 06:32:38,25.55,0.83,477.63,-96.3,corridor,22.20,clear,24.391,7.525,169.44,193.00,world
356.60,2026-08-31 06:32:39,24.42,0.69,476.09,179.6,corridor,22.22,clear,24.391,7.525,171.86,194.44,world
357.10,2026-08-31 06:32:39,24.44,0.71,473.60,179.6,corridor,22.24,clear,21.139,6.794,174.35,196.93,world
357.60,2026-08-31 06:32:40,24.45,0.81,471.14,179.6,corridor,22.26,clear,21.139,6.794,176.81,199.38,world
358.10,2026-08-31 06:32:40,24.47,0.83,468.65,179.6,corridor,22.28,clear,24.452,7.257,179.30,199.70,world
358.60,2026-08-31 06:32:41,24.48,0.66,466.10,179.6,corridor,22.30,clear,24.452,7.257,181.85,197.58,world
359.10,2026-08-31 06:32:41,24.49,0.38,463.53,179.6,corridor,22.32,clear,23.950,7.159,184.42,195.44,world
359.60,2026-08-31 06:32:42,24.50,0.18,460.97,179.6,corridor,22.34,clear,23.950,7.159,186.99,193.32,world
360.10,2026-08-31 06:32:42,24.51,0.06,458.43,179.6,corridor,22.36,clear,21.902,6.994,189.52,191.24,world
360.60,2026-08-31 06:32:43,24.53,0.01,455.91,179.6,corridor,22.38,clear,21.902,6.994,192.05,189.18,world
361.10,2026-08-31 06:32:43,24.54,-0.02,453.39,179.6,corridor,22.40,clear,40.854,7.190,194.56,187.14,world
361.60,2026-08-31 06:32:44,24.55,-0.01,450.89,179.6,corridor,22.42,clear,40.854,7.190,197.06,185.12,world
362.10,2026-08-31 06:32:44,24.56,0.05,448.42,179.6,corridor,22.44,clear,22.875,6.685,199.53,183.13,world
362.60,2026-08-31 06:32:45,24.56,0.16,445.95,179.6,corridor,22.46,clear,22.875,6.685,202.00,181.16,world
363.10,2026-08-31 06:32:45,24.25,0.13,444.32,179.6,corridor,22.48,clear,22.784,8.333,203.82,179.67,world
363.60,2026-08-31 06:32:46,24.00,0.12,442.13,179.6,corridor,22.50,clear,22.784,8.333,206.08,177.77,world
364.10,2026-08-31 06:32:46,24.00,0.19,439.64,179.6,corridor,22.52,clear,22.580,8.392,208.57,175.81,world
364.60,2026-08-31 06:32:47,24.01,0.20,437.12,179.6,corridor,22.54,clear,22.580,8.392,211.08,173.84,world
365.10,2026-08-31 06:32:47,24.01,0.12,434.59,179.6,corridor,22.56,clear,22.245,27.442,213.62,171.87,world
365.60,2026-08-31 06:32:48,23.94,0.07,432.09,179.5,corridor,22.58,clear,22.245,27.442,216.12,169.89,world
366.10,2026-08-31 06:32:48,23.95,0.16,429.63,179.5,corridor,22.60,clear,25.157,7.569,218.59,168.01,world
366.60,2026-08-31 06:32:49,23.96,0.29,427.18,179.5,corridor,22.62,clear,25.157,7.569,221.04,166.15,world
367.10,2026-08-31 06:32:49,23.98,0.40,424.73,179.5,corridor,22.64,clear,20.318,6.373,223.49,164.31,world
367.60,2026-08-31 06:32:50,23.99,0.58,422.31,179.5,corridor,22.66,clear,20.318,6.373,225.91,162.51,world
368.10,2026-08-31 06:32:50,24.00,0.89,419.97,179.5,corridor,22.68,clear,23.181,6.178,228.24,160.79,world
368.60,2026-08-31 06:32:51,24.00,1.12,418.63,179.5,corridor,22.70,clear,23.181,6.178,229.59,159.80,world
369.10,2026-08-31 06:32:51,23.38,1.00,418.59,132.0,corridor,22.72,clear,21.289,6.707,231.14,159.35,world
369.60,2026-08-31 06:32:52,22.91,1.04,417.85,179.4,corridor,22.74,clear,21.289,6.707,232.25,158.49,world
370.10,2026-08-31 06:32:52,22.83,1.51,415.39,179.4,corridor,22.76,clear,23.501,8.112,234.72,156.63,world
370.60,2026-08-31 06:32:53,22.84,1.93,413.14,179.4,corridor,22.78,clear,23.501,8.112,236.97,155.01,world
371.10,2026-08-31 06:32:53,22.86,2.26,410.82,179.4,corridor,22.80,clear,21.437,6.941,239.28,153.36,world
371.60,2026-08-31 06:32:54,22.88,2.43,408.41,179.4,corridor,22.82,clear,21.437,6.941,241.70,151.66,world
372.10,2026-08-31 06:32:54,22.90,2.38,405.89,179.4,corridor,22.84,clear,25.608,7.154,244.21,149.90,world
372.60,2026-08-31 06:32:55,22.93,2.28,403.36,179.4,corridor,22.86,clear,25.608,7.154,246.75,148.16,world
373.10,2026-08-31 06:32:55,22.95,2.32,400.87,179.4,corridor,22.88,clear,22.308,6.899,249.24,146.48,world
373.60,2026-08-31 06:32:56,22.97,2.49,398.45,179.4,corridor,22.90,clear,22.308,6.899,251.66,144.86,world
374.10,2026-08-31 06:32:56,22.99,2.62,396.00,179.4,corridor,22.92,clear,23.489,7.502,254.10,143.25,world
374.60,2026-08-31 06:32:57,23.01,2.61,393.50,179.4,corridor,22.94,clear,23.489,7.502,256.61,141.62,world
375.10,2026-08-31 06:32:57,23.03,2.53,390.97,179.4,corridor,22.96,clear,26.490,7.628,259.14,140.00,world
375.60,2026-08-31 06:32:58,23.06,2.43,388.43,179.4,corridor,22.98,clear,26.490,7.628,261.67,138.41,world
376.10,2026-08-31 06:32:58,23.08,2.24,385.88,179.4,corridor,23.00,clear,22.633,7.461,264.23,136.83,world
376.60,2026-08-31 06:32:59,23.10,1.97,383.30,179.4,corridor,23.02,clear,22.633,7.461,266.81,135.27,world
377.10,2026-08-31 06:32:59,23.12,1.72,380.73,179.4,corridor,23.04,clear,22.497,6.630,269.38,133.74,world
377.60,2026-08-31 06:33:00,23.15,1.59,378.18,179.4,corridor,23.06,clear,22.497,6.630,271.92,132.27,world
378.10,2026-08-31 06:33:00,23.17,1.66,375.71,179.4,corridor,23.08,clear,22.047,8.450,274.40,130.86,world
378.60,2026-08-31 06:33:01,23.19,1.98,373.39,179.4,corridor,23.10,clear,22.047,8.450,276.72,129.57,world
379.10,2026-08-31 06:33:01,23.77,2.31,372.26,179.4,corridor,23.12,clear,21.515,8.283,278.10,129.43,world
379.60,2026-08-31 06:33:02,23.88,2.96,369.96,179.5,corridor,23.14,clear,21.515,8.283,280.41,128.28,world
380.10,2026-08-31 06:33:02,23.89,3.54,367.91,179.5,corridor,23.16,clear,24.148,7.425,282.46,127.20,world
380.60,2026-08-31 06:33:03,23.90,4.07,365.79,179.5,corridor,23.18,clear,24.148,7.425,284.58,126.11,world
381.10,2026-08-31 06:33:03,23.92,4.46,363.53,179.5,corridor,23.20,clear,21.618,6.280,286.84,124.99,world
381.60,2026-08-31 06:33:04,23.94,4.65,361.12,179.5,corridor,23.22,clear,21.618,6.280,289.25,123.83,world
382.10,2026-08-31 06:33:04,23.97,4.69,358.64,179.5,corridor,23.24,clear,24.310,6.649,291.73,122.67,world
382.60,2026-08-31 06:33:05,23.99,4.72,356.77,179.5,corridor,23.26,clear,24.310,6.649,293.60,121.82,world
383.10,2026-08-31 06:33:05,23.29,4.79,356.76,-90.5,corridor,23.28,clear,21.585,6.359,294.31,121.19,world
383.60,2026-08-31 06:33:06,22.76,4.79,357.49,-12.3,corridor,23.30,clear,21.585,6.359,295.44,121.07,world
384.10,2026-08-31 06:33:06,22.82,4.81,357.05,168.8,corridor,23.32,clear,23.795,7.733,297.17,120.91,world
384.60,2026-08-31 06:33:07,25.30,4.63,357.01,89.3,corridor,23.34,clear,23.795,7.733,299.67,123.10,world
385.10,2026-08-31 06:33:07,27.02,4.48,356.13,179.9,corridor,23.36,clear,22.075,7.156,302.09,124.25,world
385.60,2026-08-31 06:33:08,27.03,4.72,353.74,179.9,corridor,23.38,clear,22.075,7.156,304.48,123.22,world
386.10,2026-08-31 06:33:08,27.04,5.03,351.42,179.9,corridor,23.40,clear,21.495,7.656,306.80,122.26,world
386.60,2026-08-31 06:33:09,27.05,5.25,349.03,179.9,corridor,23.42,clear,21.495,7.656,309.20,121.31,world
387.10,2026-08-31 06:33:09,27.06,5.38,346.58,179.9,corridor,23.44,clear,20.744,8.166,311.65,120.38,world
387.60,2026-08-31 06:33:10,27.25,5.49,343.94,180.0,corridor,23.46,clear,20.744,8.166,314.31,119.58,world
388.10,2026-08-31 06:33:10,27.26,5.65,341.51,180.0,corridor,23.48,clear,24.697,11.972,316.75,118.74,world
388.60,2026-08-31 06:33:11,27.26,5.69,340.64,180.0,corridor,23.50,clear,24.697,11.972,317.62,118.46,world
389.10,2026-08-31 06:33:11,26.07,5.94,340.64,-90.0,corridor,23.52,clear,25.304,8.875,318.81,117.33,world
389.60,2026-08-31 06:33:12,26.07,5.96,340.16,179.8,corridor,23.54,clear,25.304,8.875,319.29,117.17,world
390.10,2026-08-31 06:33:12,26.09,5.94,337.64,179.8,corridor,23.56,clear,23.654,8.241,321.81,116.38,world
390.60,2026-08-31 06:33:13,26.11,5.82,335.10,179.8,corridor,23.58,clear,23.654,8.241,324.35,115.63,world
391.10,2026-08-31 06:33:13,26.13,5.75,332.57,179.8,corridor,23.60,clear,23.595,7.922,326.89,114.93,world
391.60,2026-08-31 06:33:14,26.15,5.77,330.07,179.8,corridor,23.62,clear,23.595,7.922,329.38,114.30,world
392.10,2026-08-31 06:33:14,26.17,5.88,327.61,179.8,corridor,23.64,clear,23.407,16.466,331.84,113.72,world
392.60,2026-08-31 06:33:15,26.18,5.99,325.16,179.8,corridor,23.66,clear,23.407,16.466,334.29,113.19,world
393.10,2026-08-31 06:33:15,26.20,6.11,322.71,179.8,corridor,23.68,clear,22.400,16.907,336.75,112.72,world
393.60,2026-08-31 06:33:16,26.22,6.25,320.26,179.8,corridor,23.70,clear,22.400,16.907,339.19,112.30,world
394.10,2026-08-31 06:33:16,25.70,6.46,318.11,179.7,corridor,23.72,clear,25.571,8.165,341.51,111.44,world
394.60,2026-08-31 06:33:17,25.73,6.41,315.59,179.7,corridor,23.74,clear,25.571,8.165,344.03,111.11,world
395.10,2026-08-31 06:33:17,26.17,6.30,314.81,95.7,corridor,23.76,clear,39.196,7.727,345.23,111.46,world
395.60,2026-08-31 06:33:18,28.77,5.73,314.80,89.8,corridor,23.78,clear,39.196,7.727,347.83,114.03,world
396.10,2026-08-31 06:33:18,30.18,5.38,314.06,-179.5,corridor,23.80,clear,22.815,7.237,349.85,115.35,world
396.60,2026-08-31 06:33:19,30.17,5.24,311.51,-179.5,corridor,23.82,clear,22.815,7.237,352.40,115.09,world
397.10,2026-08-31 06:33:19,30.16,4.87,308.92,-179.5,corridor,23.84,clear,22.809,6.922,354.99,114.88,world
397.60,2026-08-31 06:33:20,30.15,4.35,306.32,-179.5,corridor,23.86,clear,22.809,6.922,357.59,114.73,world
398.10,2026-08-31 06:33:20,30.14,3.89,303.73,-179.5,corridor,23.88,clear,28.239,24.123,360.19,114.63,world
398.60,2026-08-31 06:33:21,30.66,3.62,302.11,-179.4,corridor,23.90,clear,28.239,24.123,362.03,115.12,world
399.10,2026-08-31 06:33:21,30.93,3.49,299.83,-179.4,corridor,23.92,clear,24.189,6.551,364.39,115.40,world
399.60,2026-08-31 06:33:22,30.82,3.56,297.53,-179.4,corridor,23.94,clear,24.189,6.551,366.81,115.34,world
400.10,2026-08-31 06:33:22,30.33,3.69,295.34,-179.5,corridor,23.96,clear,21.352,7.996,369.15,114.94,world
400.60,2026-08-31 06:33:23,30.08,3.72,293.12,-179.5,corridor,23.98,clear,21.352,7.996,371.46,114.83,world
401.10,2026-08-31 06:33:23,29.88,3.55,290.70,-179.6,corridor,24.00,clear,22.294,6.495,373.91,114.83,world
401.60,2026-08-31 06:33:24,30.09,3.29,288.77,-179.5,corridor,0.02,clear,22.294,6.495,375.98,115.23,world
402.10,2026-08-31 06:33:24,30.65,3.02,287.01,-179.4,corridor,0.04,clear,21.655,6.684,377.95,114.38,world
402.60,2026-08-31 06:33:25,30.63,2.72,284.43,-179.4,corridor,0.06,clear,21.655,6.684,380.52,112.34,world
403.10,2026-08-31 06:33:25,30.61,2.54,281.88,-179.4,corridor,0.08,clear,21.733,6.813,383.08,110.35,world
403.60,2026-08-31 06:33:26,30.59,2.39,279.33,-179.4,corridor,0.10,clear,21.733,6.813,385.63,108.38,world
404.10,2026-08-31 06:33:26,30.57,2.20,276.76,-179.4,corridor,0.12,clear,22.269,7.838,388.19,106.43,world
404.60,2026-08-31 06:33:27,30.54,2.02,274.21,-179.4,corridor,0.14,clear,22.269,7.838,390.75,104.38,world
405.10,2026-08-31 06:33:27,30.52,1.98,271.69,-179.4,corridor,0.16,clear,25.226,8.919,393.26,102.27,world
405.60,2026-08-31 06:33:28,30.50,2.10,269.25,-179.4,corridor,0.18,clear,25.226,8.919,395.71,100.24,world
406.10,2026-08-31 06:33:28,30.48,2.29,266.83,-179.4,corridor,0.20,clear,21.498,7.405,398.13,98.25,world
406.60,2026-08-31 06:33:29,30.46,2.40,264.38,-179.4,corridor,0.22,clear,21.498,7.405,400.58,96.25,world
407.10,2026-08-31 06:33:29,30.44,2.22,261.83,-179.4,corridor,0.24,clear,24.464,7.369,403.13,94.20,world
407.60,2026-08-31 06:33:30,30.42,1.74,259.23,-179.4,corridor,0.26,clear,24.464,7.369,405.72,92.13,world
408.10,2026-08-31 06:33:30,30.40,1.22,256.64,-179.4,corridor,0.28,clear,22.448,7.218,408.32,90.09,world
408.60,2026-08-31 06:33:31,30.38,0.72,254.04,-179.4,corridor,0.30,clear,22.448,7.218,410.92,88.08,world
409.10,2026-08-31 06:33:31,30.36,0.12,251.45,-179.4,corridor,0.32,clear,21.216,7.354,413.51,86.11,world
409.60,2026-08-31 06:33:32,30.34,-0.55,248.86,-179.4,corridor,0.34,clear,21.216,7.354,416.10,84.17,world
410.10,2026-08-31 06:33:32,30.32,-1.17,246.27,-179.4,corridor,0.36,clear,22.194,6.904,418.69,82.27,world
410.60,2026-08-31 06:33:33,30.30,-1.62,243.68,-179.4,corridor,0.38,clear,22.194,6.904,421.28,80.40,world
411.10,2026-08-31 06:33:33,30.28,-1.95,241.09,-179.4,corridor,0.40,clear,23.397,7.293,423.87,78.57,world
411.60,2026-08-31 06:33:34,30.38,-2.24,238.56,-179.4,corridor,0.42,clear,23.397,7.293,426.41,76.92,world
412.10,2026-08-31 06:33:34,30.35,-2.53,235.98,-179.4,corridor,0.44,clear,22.953,6.922,428.99,75.19,world
412.60,2026-08-31 06:33:35,30.33,-2.82,233.40,-179.3,corridor,0.46,clear,22.953,6.922,431.58,73.51,world
413.10,2026-08-31 06:33:35,30.32,-3.14,230.81,-179.3,corridor,0.48,clear,21.836,7.172,434.17,71.89,world
413.60,2026-08-31 06:33:36,30.30,-3.46,228.22,-179.3,corridor,0.50,clear,21.836,7.172,436.75,70.32,world
414.10,2026-08-31 06:33:36,30.27,-3.72,225.65,-179.3,corridor,0.52,clear,23.211,7.604,439.33,68.81,world
414.60,2026-08-31 06:33:37,30.25,-3.96,223.07,-179.3,corridor,0.54,rain,23.211,7.604,441.90,67.37,world
415.10,2026-08-31 06:33:37,30.23,-4.27,220.49,-179.3,corridor,0.56,rain,21.529,7.556,444.49,66.00,world
415.60,2026-08-31 06:33:38,30.21,-4.59,217.90,-179.3,corridor,0.58,rain,21.529,7.556,447.08,64.70,world
416.10,2026-08-31 06:33:38,30.19,-4.72,215.35,-179.3,corridor,0.60,rain,26.639,9.939,449.62,63.50,world
416.60,2026-08-31 06:33:39,30.27,-4.78,212.88,-179.3,corridor,0.62,rain,26.639,9.939,452.11,62.49,world
417.10,2026-08-31 06:33:39,30.24,-4.85,210.35,-179.3,corridor,0.64,rain,28.103,9.099,454.64,60.47,world
417.60,2026-08-31 06:33:40,30.21,-4.76,207.96,-179.3,corridor,0.66,rain,28.103,9.099,457.03,58.28,world
418.10,2026-08-31 06:33:40,30.18,-3.91,206.28,-179.3,corridor,0.68,rain,22.779,9.406,458.71,56.74,world
418.60,2026-08-31 06:33:41,30.01,-2.83,204.68,-179.3,corridor,0.70,rain,22.779,9.406,460.34,55.45,world
419.10,2026-08-31 06:33:41,29.97,-1.81,203.36,-179.4,corridor,0.72,rain,23.686,8.531,461.67,54.47,world
419.60,2026-08-31 06:33:42,29.95,-1.06,202.42,-179.4,corridor,0.74,rain,23.686,8.531,462.60,53.85,world
420.10,2026-08-31 06:33:42,29.73,-1.08,202.28,-179.4,corridor,0.76,rain,24.879,42.609,462.92,53.88,world
420.60,2026-08-31 06:33:43,28.06,-2.48,202.48,-179.8,corridor,0.78,rain,24.879,42.609,465.00,53.70,world
421.10,2026-08-31 06:33:43,26.82,-2.51,201.23,179.8,corridor,0.80,rain,23.597,9.330,466.77,52.39,world
421.60,2026-08-31 06:33:44,25.68,-2.44,199.92,179.5,corridor,0.82,rain,23.597,9.330,468.57,50.94,world
422.10,2026-08-31 06:33:44,25.67,-1.39,198.36,179.5,corridor,0.84,rain,23.083,8.357,470.13,49.46,world
422.60,2026-08-31 06:33:45,25.66,-0.39,196.27,179.5,corridor,0.86,rain,23.083,8.357,472.21,47.50,world
423.10,2026-08-31 06:33:45,24.23,-0.30,194.61,179.1,corridor,0.88,rain,25.572,8.111,474.46,42.32,world
423.60,2026-08-31 06:33:46,23.77,0.42,192.76,179.0,corridor,0.90,rain,25.572,8.111,476.47,40.45,world
424.10,2026-08-31 06:33:46,22.90,0.46,191.27,178.7,corridor,0.92,rain,25.628,10.137,478.34,38.73,world
424.60,2026-08-31 06:33:47,21.66,0.32,189.62,178.4,corridor,0.94,rain,25.628,10.137,480.51,36.71,world
425.10,2026-08-31 06:33:47,21.60,1.16,188.00,178.4,corridor,0.96,rain,22.743,9.050,482.16,35.21,world
425.60,2026-08-31 06:33:48,20.35,1.05,186.75,178.0,corridor,0.98,rain,22.743,9.050,483.95,33.19,world
426.10,2026-08-31 06:33:48,19.61,1.38,184.90,177.8,corridor,1.00,rain,23.455,16.602,486.10,30.51,world
426.60,2026-08-31 06:33:49,19.66,2.19,182.92,177.7,corridor,1.02,rain,23.455,16.602,0.00,28.05,world
427.10,2026-08-31 06:33:49,19.73,2.74,180.74,177.7,corridor,1.04,rain,28.943,9.560,0.00,25.45,world
427.60,2026-08-31 06:33:50,19.80,3.04,178.37,177.7,corridor,1.06,rain,28.943,9.560,0.00,22.72,world
428.10,2026-08-31 06:33:50,19.89,2.87,175.83,177.7,corridor,1.08,rain,24.993,9.768,0.00,19.93,world
428.60,2026-08-31 06:33:51,20.00,2.27,173.25,177.7,corridor,1.10,rain,24.993,9.768,0.00,17.30,world
429.10,2026-08-31 06:33:51,20.10,1.86,170.66,177.7,corridor,1.12,rain,26.827,14.192,0.00,15.46,world
429.60,2026-08-31 06:33:52,20.23,1.36,168.06,177.7,corridor,1.14,rain,26.827,14.192,0.00,13.87,world
430.10,2026-08-31 06:33:52,20.35,1.16,165.59,177.7,corridor,1.16,rain,23.490,12.980,0.00,12.67,world
430.60,2026-08-31 06:33:53,20.44,0.93,163.09,177.7,corridor,1.18,rain,23.490,12.980,0.00,11.76,world
431.10,2026-08-31 06:33:53,20.52,0.30,160.56,177.7,corridor,1.20,rain,23.649,8.701,0.00,10.76,world
431.60,2026-08-31 06:33:54,20.61,-0.73,158.03,177.7,corridor,1.22,rain,23.649,8.701,0.00,9.99,world
432.10,2026-08-31 06:33:54,20.53,-1.81,155.53,-176.4,corridor,1.24,rain,23.763,9.871,0.00,9.37,world
432.60,2026-08-31 06:33:55,20.35,-2.50,152.97,-176.4,corridor,1.26,rain,23.763,9.871,0.00,8.90,world
433.10,2026-08-31 06:33:55,20.18,-2.86,150.41,-176.4,corridor,1.28,rain,25.505,11.298,0.00,8.79,world
433.60,2026-08-31 06:33:56,20.02,-3.08,147.85,-176.4,corridor,1.30,rain,25.505,11.298,0.00,9.30,world
434.10,2026-08-31 06:33:56,19.86,-3.37,145.27,-176.4,corridor,1.32,rain,24.092,8.593,0.00,10.40,world
434.60,2026-08-31 06:33:57,19.70,-3.81,142.68,-176.4,corridor,1.34,rain,24.092,8.593,0.00,11.98,world
435.10,2026-08-31 06:33:57,19.54,-4.37,140.09,-176.4,corridor,1.36,rain,25.187,8.030,0.00,13.87,world
435.60,2026-08-31 06:33:58,19.38,-4.95,137.51,-176.4,corridor,1.38,rain,25.187,8.030,0.00,15.96,world
436.10,2026-08-31 06:33:58,19.22,-5.43,134.91,-176.4,corridor,1.40,rain,24.674,10.524,0.00,18.18,world
436.60,2026-08-31 06:33:59,19.05,-5.79,132.33,-176.4,corridor,1.42,rain,24.674,10.524,0.00,16.48,world
437.10,2026-08-31 06:33:59,18.90,-5.88,129.81,-176.4,corridor,1.44,rain,22.440,9.679,0.00,14.21,world
437.60,2026-08-31 06:34:00,18.75,-5.70,127.40,-176.4,corridor,1.46,rain,22.440,9.679,0.00,12.15,world
438.10,2026-08-31 06:34:00,18.60,-5.48,125.02,-176.4,corridor,1.48,rain,26.827,10.668,0.00,10.25,world
438.60,2026-08-31 06:34:01,18.45,-5.36,122.58,-176.4,corridor,1.50,rain,26.827,10.668,0.00,8.80,world
439.10,2026-08-31 06:34:01,18.29,-5.26,120.13,-176.4,corridor,1.52,rain,28.048,11.629,0.00,7.57,world
439.60,2026-08-31 06:34:02,18.15,-4.98,117.78,-176.4,corridor,1.54,rain,28.048,11.629,0.00,7.01,world
440.10,2026-08-31 06:34:02,18.00,-4.64,115.48,-176.4,corridor,1.56,rain,22.946,9.184,0.00,7.22,world
440.60,2026-08-31 06:34:03,17.85,-4.39,113.13,-176.4,corridor,1.58,rain,22.946,9.184,0.00,8.13,world
441.10,2026-08-31 06:34:03,17.70,-4.31,110.67,-176.4,corridor,1.60,rain,23.808,8.846,0.00,9.73,world
441.60,2026-08-31 06:34:04,17.54,-4.29,108.18,-176.3,corridor,1.62,rain,23.808,8.846,0.00,11.78,world
442.10,2026-08-31 06:34:04,17.39,-4.15,105.75,-176.3,corridor,1.64,rain,23.013,9.090,0.00,12.74,world
442.60,2026-08-31 06:34:05,17.23,-3.94,103.36,-176.3,corridor,1.66,rain,23.013,9.090,0.00,9.80,world
443.10,2026-08-31 06:34:05,17.08,-3.88,100.90,-176.3,corridor,1.68,rain,23.497,9.858,0.00,7.19,world
443.60,2026-08-31 06:34:06,16.92,-4.03,98.35,-176.3,corridor,1.70,rain,23.497,9.858,0.00,4.77,world
444.10,2026-08-31 06:34:06,16.76,-4.28,95.78,-176.3,corridor,1.72,rain,70.575,15.751,0.00,2.57,world
444.60,2026-08-31 06:34:07,16.60,-4.51,93.22,-176.3,corridor,1.74,rain,70.575,15.751,0.00,1.93,world
445.10,2026-08-31 06:34:07,16.44,-4.57,90.71,-176.3,corridor,1.76,rain,24.093,9.036,0.00,3.70,world
445.60,2026-08-31 06:34:08,16.29,-4.39,88.30,-176.3,corridor,1.78,rain,24.093,9.036,0.00,5.93,world
446.10,2026-08-31 06:34:08,16.14,-4.05,86.00,-176.3,corridor,1.80,rain,21.170,9.256,0.00,8.15,world
446.60,2026-08-31 06:34:09,15.99,-3.65,83.75,-176.3,corridor,1.82,rain,21.170,9.256,0.00,10.71,world
447.10,2026-08-31 06:34:09,15.85,-3.28,81.48,-176.3,corridor,1.84,rain,30.275,18.026,0.00,11.41,world
447.60,2026-08-31 06:34:10,15.70,-2.95,79.18,-176.3,corridor,1.86,rain,30.275,18.026,0.00,9.94,world
448.10,2026-08-31 06:34:10,15.55,-2.63,76.86,-176.3,corridor,1.88,rain,22.228,9.387,0.00,9.20,world
448.60,2026-08-31 06:34:11,15.40,-2.36,74.51,-176.3,corridor,1.90,rain,22.228,9.387,0.00,9.30,world
449.10,2026-08-31 06:34:11,15.25,-2.13,72.14,-176.3,corridor,1.92,rain,32.263,16.735,0.00,10.24,world
449.60,2026-08-31 06:34:12,15.10,-1.84,69.81,-176.3,corridor,1.94,rain,32.263,16.735,0.00,11.80,world
450.10,2026-08-31 06:34:12,14.96,-1.50,67.50,-176.3,corridor,1.96,rain,24.835,10.607,0.00,11.98,world
450.60,2026-08-31 06:34:13,14.82,-1.20,65.16,-176.3,corridor,1.98,rain,24.835,10.607,0.00,11.78,world
451.10,2026-08-31 06:34:13,14.68,-1.04,62.73,-176.3,corridor,2.00,rain,23.368,9.372,0.00,11.83,world
451.60,2026-08-31 06:34:14,14.52,-1.05,60.23,-176.3,corridor,2.02,rain,23.368,9.372,0.00,12.14,world
452.10,2026-08-31 06:34:14,14.37,-1.25,57.67,-176.3,corridor,2.04,rain,23.712,9.494,0.00,12.71,world
452.60,2026-08-31 06:34:15,14.21,-1.54,55.10,-176.3,corridor,2.06,rain,23.712,9.494,0.00,13.51,world
453.10,2026-08-31 06:34:15,14.04,-1.79,52.53,-176.3,corridor,2.08,rain,22.302,8.673,0.00,14.49,world
453.60,2026-08-31 06:34:16,13.88,-1.97,49.98,-176.3,corridor,2.10,rain,22.302,8.673,0.00,15.82,world
454.10,2026-08-31 06:34:16,13.72,-2.15,47.42,-176.3,corridor,2.12,rain,23.191,8.616,0.00,17.71,world
454.60,2026-08-31 06:34:17,13.56,-2.27,44.89,-176.3,corridor,2.14,rain,23.191,8.616,0.00,19.73,world
455.10,2026-08-31 06:34:17,13.40,-2.21,42.42,-176.3,corridor,2.16,rain,23.600,8.460,0.00,21.80,world
455.60,2026-08-31 06:34:18,13.25,-2.03,40.01,-176.3,corridor,2.18,rain,23.600,8.460,0.00,23.90,world
456.10,2026-08-31 06:34:18,13.10,-1.81,37.62,-176.3,corridor,2.20,rain,26.352,18.635,0.00,26.03,world
456.60,2026-08-31 06:34:19,12.95,-1.51,35.30,-176.3,grandpas_village,2.22,rain,22.800,496.620,0.00,26.30,world
457.10,2026-08-31 06:34:20,12.81,-1.12,33.04,-176.3,grandpas_village,2.24,rain,22.800,496.620,0.00,24.04,world
457.60,2026-08-31 06:34:20,12.65,-0.81,30.72,-176.3,grandpas_village,2.26,rain,28.136,9.651,0.00,21.72,world
458.10,2026-08-31 06:34:21,12.50,-0.75,28.26,-176.3,grandpas_village,2.28,rain,28.136,9.651,0.00,19.27,world
458.60,2026-08-31 06:34:21,12.33,-0.81,25.74,-176.3,grandpas_village,2.30,rain,26.086,9.226,0.00,16.76,world
459.10,2026-08-31 06:34:22,12.20,-0.73,23.62,-176.3,grandpas_village,2.32,rain,26.086,9.226,0.00,14.64,world
459.60,2026-08-31 06:34:22,13.63,-0.83,23.14,129.4,grandpas_village,2.34,rain,24.059,13.614,0.00,14.16,world
460.10,2026-08-31 06:34:23,14.43,-0.88,22.88,-172.3,grandpas_village,2.36,rain,24.059,13.614,0.00,13.95,world
460.60,2026-08-31 06:34:23,15.00,-0.92,22.72,146.3,grandpas_village,2.38,rain,34.128,25.349,0.00,13.86,world
461.10,2026-08-31 06:34:24,17.53,-1.18,22.35,98.4,grandpas_village,2.40,rain,34.128,25.349,0.00,14.10,world
461.60,2026-08-31 06:34:24,18.76,-1.24,21.21,-164.4,grandpas_village,2.42,rain,21.763,8.384,0.00,13.50,world
462.10,2026-08-31 06:34:25,19.53,-1.30,20.57,-162.7,grandpas_village,2.44,rain,21.763,8.384,0.00,13.29,world
462.60,2026-08-31 06:34:25,20.26,-1.37,19.96,-161.1,grandpas_village,2.46,rain,21.509,8.754,0.00,13.15,world
463.10,2026-08-31 06:34:26,20.93,-1.42,19.40,-159.6,grandpas_village,2.48,rain,21.509,8.754,0.00,13.08,world
463.60,2026-08-31 06:34:26,21.56,-1.47,18.88,-158.2,grandpas_village,2.50,rain,27.672,9.159,0.00,13.07,world
464.10,2026-08-31 06:34:27,22.14,-1.51,18.40,-156.9,grandpas_village,2.52,rain,27.672,9.159,0.00,13.11,world
464.60,2026-08-31 06:34:27,22.68,-1.56,17.95,-155.6,grandpas_village,2.54,rain,23.678,7.712,0.00,13.18,world
465.10,2026-08-31 06:34:28,23.17,-1.58,17.54,-154.5,grandpas_village,2.56,rain,23.678,7.712,0.00,13.28,world
465.60,2026-08-31 06:34:28,23.62,-1.60,17.18,-153.4,grandpas_village,2.58,rain,25.247,11.633,0.00,13.40,world
466.10,2026-08-31 06:34:29,24.02,-1.60,16.84,-152.5,grandpas_village,2.60,rain,25.247,11.633,0.00,13.53,world
466.60,2026-08-31 06:34:29,24.40,-1.61,16.53,-151.5,grandpas_village,2.62,rain,22.399,7.718,0.00,13.66,world
467.10,2026-08-31 06:34:30,24.74,-1.62,16.24,-150.7,grandpas_village,2.64,rain,22.399,7.718,0.00,13.79,world
467.60,2026-08-31 06:34:30,26.62,-1.71,15.16,119.4,grandpas_village,2.66,rain,22.364,7.508,0.00,14.95,world
468.10,2026-08-31 06:34:31,28.85,-1.85,13.92,119.4,grandpas_village,2.68,rain,22.364,7.508,0.00,16.60,world
468.60,2026-08-31 06:34:31,29.76,-1.72,12.59,-138.8,grandpas_village,2.70,rain,22.763,7.846,0.00,17.14,world
469.10,2026-08-31 06:34:32,29.48,-1.59,12.28,-138.8,grandpas_village,2.72,rain,22.763,7.846,0.00,16.81,world
469.60,2026-08-31 06:34:32,30.84,-1.69,11.20,131.2,grandpas_village,2.74,rain,21.632,7.104,0.00,17.97,world
470.10,2026-08-31 06:34:33,32.79,-1.91,9.52,131.2,grandpas_village,2.76,rain,21.632,7.104,0.00,17.74,world
470.60,2026-08-31 06:34:33,34.74,-2.17,7.83,131.2,grandpas_village,2.78,rain,20.350,7.531,0.00,16.52,world
471.10,2026-08-31 06:34:34,34.78,-1.92,6.49,-123.6,grandpas_village,2.80,rain,20.350,7.531,0.00,15.26,world
471.60,2026-08-31 06:34:34,33.59,-1.42,5.70,-123.6,grandpas_village,2.82,rain,40.728,10.618,0.00,14.16,world
472.10,2026-08-31 06:34:35,34.02,-1.42,5.07,146.4,grandpas_village,2.84,rain,40.728,10.618,0.00,13.67,world
472.60,2026-08-31 06:34:35,35.44,-1.48,2.97,146.4,grandpas_village,2.86,rain,20.441,7.389,0.00,12.24,world
473.10,2026-08-31 06:34:36,35.48,-1.38,2.20,-115.6,grandpas_village,2.88,rain,20.441,7.389,0.00,11.58,world
473.60,2026-08-31 06:34:36,36.11,-1.42,1.03,154.4,grandpas_village,2.90,rain,20.167,6.850,0.00,10.90,world
474.10,2026-08-31 06:34:37,37.31,-1.62,-1.21,154.4,grandpas_village,2.92,rain,20.167,6.850,0.00,9.98,world
474.60,2026-08-31 06:34:37,38.13,-1.77,-3.24,-121.6,grandpas_village,2.94,rain,21.758,6.542,0.00,9.42,world
475.10,2026-08-31 06:34:38,38.15,-1.72,-4.13,166.5,grandpas_village,2.96,rain,21.758,6.542,0.00,9.02,world
475.60,2026-08-31 06:34:38,38.76,-1.86,-6.61,166.5,grandpas_village,2.98,rain,19.944,7.103,0.00,8.87,world
476.10,2026-08-31 06:34:39,39.38,-2.09,-9.12,166.5,grandpas_village,3.00,rain,19.944,7.103,0.00,7.67,world
476.60,2026-08-31 06:34:39,39.76,-2.31,-11.40,-120.0,grandpas_village,3.02,rain,21.218,7.255,0.00,5.95,world
477.10,2026-08-31 06:34:40,39.73,-2.26,-10.67,2.7,grandpas_village,3.04,rain,21.218,7.255,0.00,6.50,world
477.60,2026-08-31 06:34:40,39.87,-2.25,-8.15,2.7,grandpas_village,3.06,rain,21.038,12.728,0.00,8.75,world
478.10,2026-08-31 06:34:41,38.85,-1.88,-7.54,-94.9,grandpas_village,3.08,rain,21.038,12.728,0.00,8.86,world
478.60,2026-08-31 06:34:41,38.81,-1.87,-7.04,-4.9,grandpas_village,3.10,rain,19.507,8.072,0.00,8.87,world
479.10,2026-08-31 06:34:42,38.62,-1.88,-4.52,-4.9,grandpas_village,3.12,rain,19.507,8.072,0.00,9.29,world
479.60,2026-08-31 06:34:42,38.42,-1.96,-1.98,-4.9,grandpas_village,3.14,rain,24.074,9.010,0.00,10.35,world
480.10,2026-08-31 06:34:43,37.59,-1.68,-1.67,-106.8,grandpas_village,3.16,rain,24.074,9.010,0.00,9.89,world
480.60,2026-08-31 06:34:43,37.33,-1.66,-0.79,-16.8,grandpas_village,3.18,rain,20.150,10.601,0.00,10.29,world
481.10,2026-08-31 06:34:44,36.62,-1.67,1.63,-16.8,grandpas_village,3.20,rain,20.150,10.601,0.00,11.69,world
481.60,2026-08-31 06:34:44,35.90,-1.80,4.09,-16.8,grandpas_village,3.22,rain,23.154,7.741,0.00,13.45,world
482.10,2026-08-31 06:34:45,35.06,-1.94,6.15,-100.8,grandpas_village,3.24,rain,23.154,7.741,0.00,15.02,world
482.60,2026-08-31 06:34:45,34.28,-1.46,4.87,147.2,grandpas_village,3.26,rain,19.781,7.504,0.00,13.56,world
483.10,2026-08-31 06:34:46,35.67,-1.52,2.75,147.2,grandpas_village,3.28,rain,19.781,7.504,0.00,12.15,world
483.60,2026-08-31 06:34:46,35.58,-1.38,2.02,-115.2,grandpas_village,3.30,rain,23.038,13.328,0.00,11.47,world
484.10,2026-08-31 06:34:47,36.21,-1.43,0.84,154.8,grandpas_village,3.32,rain,23.038,13.328,0.00,10.81,world
484.60,2026-08-31 06:34:47,37.26,-1.60,-1.10,154.8,grandpas_village,3.34,rain,22.338,6.967,0.00,10.01,world
485.10,2026-08-31 06:34:48,37.80,-1.69,-2.61,-121.1,grandpas_village,3.36,rain,22.338,6.967,0.00,9.48,world
485.60,2026-08-31 06:34:48,38.05,-1.72,-3.55,165.4,grandpas_village,3.38,rain,20.295,8.757,0.00,9.20,world
486.10,2026-08-31 06:34:49,38.71,-1.85,-6.02,165.4,grandpas_village,3.40,rain,20.295,8.757,0.00,8.94,world
486.60,2026-08-31 06:34:49,39.38,-2.08,-8.52,165.4,grandpas_village,3.42,rain,21.278,10.169,0.00,8.21,world
487.10,2026-08-31 06:34:50,39.81,-2.30,-10.79,-121.1,grandpas_village,3.44,rain,21.278,10.169,0.00,6.46,world
487.60,2026-08-31 06:34:50,39.58,-2.18,-10.07,1.6,grandpas_village,3.46,rain,22.507,12.906,0.00,6.93,world
488.10,2026-08-31 06:34:51,39.67,-2.19,-7.55,1.6,grandpas_village,3.48,rain,22.507,12.906,0.00,9.21,world
488.60,2026-08-31 06:34:51,38.73,-1.84,-6.95,-96.1,grandpas_village,3.50,rain,27.292,9.867,0.00,8.79,world
489.10,2026-08-31 06:34:52,38.68,-1.83,-6.45,-6.1,grandpas_village,3.52,rain,27.292,9.867,0.00,8.82,world
489.60,2026-08-31 06:34:52,38.43,-1.84,-3.94,-6.1,grandpas_village,3.54,rain,26.155,7.334,0.00,9.36,world
490.10,2026-08-31 06:34:53,38.18,-1.92,-1.40,-6.1,grandpas_village,3.56,rain,26.155,7.334,0.00,10.51,world
490.60,2026-08-31 06:34:53,37.27,-1.61,-1.13,-108.0,grandpas_village,3.58,rain,20.121,7.327,0.00,10.00,world
491.10,2026-08-31 06:34:54,37.00,-1.59,-0.26,-18.0,grandpas_village,3.60,rain,20.121,7.327,0.00,10.43,world
491.60,2026-08-31 06:34:54,36.23,-1.60,2.15,-18.0,grandpas_village,3.62,rain,20.771,7.388,0.00,11.91,world
492.10,2026-08-31 06:34:55,35.45,-1.76,4.59,-18.0,grandpas_village,3.64,rain,20.771,7.388,0.00,13.72,world
492.60,2026-08-31 06:34:55,34.58,-1.89,6.63,-102.0,grandpas_village,3.66,rain,20.242,7.404,0.00,15.33,world
493.10,2026-08-31 06:34:56,33.84,-1.42,5.34,145.9,grandpas_village,3.68,rain,20.242,7.404,0.00,13.88,world
493.60,2026-08-31 06:34:56,35.27,-1.48,3.25,145.9,grandpas_village,3.70,rain,21.059,7.499,0.00,12.42,world
494.10,2026-08-31 06:34:57,35.28,-1.37,2.56,-116.4,grandpas_village,3.72,rain,21.059,7.499,0.00,11.81,world
494.60,2026-08-31 06:34:57,36.00,-1.41,1.23,153.6,grandpas_village,3.74,rain,22.656,46.463,0.00,11.01,world
495.10,2026-08-31 06:34:58,37.20,-1.59,-0.99,153.6,grandpas_village,3.76,rain,22.656,46.463,0.00,10.05,world
495.60,2026-08-31 06:34:58,37.87,-1.70,-2.92,-104.3,grandpas_village,3.78,rain,21.607,9.673,0.00,9.37,world
496.10,2026-08-31 06:34:59,38.12,-1.72,-3.91,165.8,grandpas_village,3.80,rain,21.607,9.673,0.00,9.09,world
496.60,2026-08-31 06:34:59,38.77,-1.86,-6.39,165.8,grandpas_village,3.82,rain,19.725,7.839,0.00,8.92,world
497.10,2026-08-31 06:35:00,39.42,-2.10,-8.89,165.8,grandpas_village,3.84,rain,19.725,7.839,0.00,7.89,world
497.60,2026-08-31 06:35:00,39.71,-2.27,-11.02,-99.7,grandpas_village,3.86,rain,19.666,7.654,0.00,6.21,world
498.10,2026-08-31 06:35:01,39.64,-2.21,-10.11,2.0,grandpas_village,3.88,rain,19.666,7.654,0.00,6.92,world
498.60,2026-08-31 06:35:01,39.75,-2.21,-7.59,2.0,grandpas_village,3.90,rain,23.231,8.317,0.00,9.20,world
499.10,2026-08-31 06:35:02,38.77,-1.85,-7.16,-95.6,grandpas_village,3.92,rain,23.231,8.317,0.00,8.81,world
499.60,2026-08-31 06:35:02,38.71,-1.84,-6.49,-5.6,grandpas_village,3.94,rain,20.398,7.332,0.00,8.84,world
500.10,2026-08-31 06:35:03,38.48,-1.86,-3.97,-5.6,grandpas_village,3.96,rain,20.398,7.332,0.00,9.39,world
500.60,2026-08-31 06:35:03,38.24,-1.94,-1.43,-5.6,grandpas_village,3.98,rain,19.755,7.386,0.00,10.54,world
501.10,2026-08-31 06:35:04,37.37,-1.63,-1.32,-107.6,grandpas_village,4.00,rain,19.755,7.386,0.00,9.95,world
501.60,2026-08-31 06:35:04,37.05,-1.61,-0.28,-17.6,grandpas_village,4.02,rain,20.367,7.193,0.00,10.45,world
502.10,2026-08-31 06:35:05,36.31,-1.63,2.13,-17.6,grandpas_village,4.04,rain,20.367,7.193,0.00,11.93,world
502.60,2026-08-31 06:35:05,35.55,-1.79,4.58,-17.6,grandpas_village,4.06,rain,21.763,8.336,0.00,13.75,world
503.10,2026-08-31 06:35:06,34.64,-1.87,6.42,-122.6,grandpas_village,4.08,rain,21.763,8.336,0.00,15.15,world
503.60,2026-08-31 06:35:06,34.06,-1.43,5.03,146.3,grandpas_village,4.10,rain,24.427,15.747,0.00,13.65,world
504.10,2026-08-31 06:35:07,35.48,-1.49,2.93,146.3,grandpas_village,4.12,rain,24.427,15.747,0.00,12.23,world
504.60,2026-08-31 06:35:07,35.38,-1.38,2.37,-116.0,grandpas_village,4.14,rain,22.656,16.424,0.00,11.69,world
505.10,2026-08-31 06:35:08,36.18,-1.43,0.90,154.0,grandpas_village,4.16,rain,22.656,16.424,0.00,10.84,world
505.60,2026-08-31 06:35:08,37.38,-1.62,-1.33,154.0,grandpas_village,4.18,rain,26.297,8.932,0.00,9.95,world
506.10,2026-08-31 06:35:09,37.91,-1.70,-3.11,-103.9,grandpas_village,4.20,rain,26.297,8.932,0.00,9.30,world
506.60,2026-08-31 06:35:09,38.20,-1.73,-4.26,166.1,grandpas_village,4.22,rain,22.712,8.116,0.00,9.01,world
507.10,2026-08-31 06:35:10,38.83,-1.88,-6.75,166.1,grandpas_village,4.24,rain,22.712,8.116,0.00,8.91,world
507.60,2026-08-31 06:35:10,39.46,-2.12,-9.25,166.1,grandpas_village,4.26,rain,22.668,9.071,0.00,7.59,world
508.10,2026-08-31 06:35:11,39.64,-2.25,-11.22,-87.6,grandpas_village,4.28,rain,22.668,9.071,0.00,6.01,world
508.60,2026-08-31 06:35:11,39.70,-2.23,-10.14,2.4,grandpas_village,4.30,rain,22.364,8.737,0.00,6.93,world
509.10,2026-08-31 06:35:12,39.82,-2.24,-7.62,2.4,grandpas_village,4.32,rain,22.364,8.737,0.00,9.21,world
509.60,2026-08-31 06:35:12,38.81,-1.86,-7.34,-95.3,grandpas_village,4.34,rain,25.199,10.348,0.00,8.84,world
510.10,2026-08-31 06:35:13,38.74,-1.85,-6.51,-5.3,grandpas_village,4.36,rain,25.199,10.348,0.00,8.87,world
510.60,2026-08-31 06:35:13,38.53,-1.87,-3.99,-5.3,grandpas_village,4.38,rain,24.946,9.231,0.00,9.42,world
511.10,2026-08-31 06:35:14,38.29,-1.95,-1.48,-26.3,grandpas_village,4.40,rain,24.946,9.231,0.00,10.55,world
511.60,2026-08-31 06:35:14,37.42,-1.64,-1.41,-107.4,grandpas_village,4.42,rain,20.236,7.383,0.00,9.93,world
512.10,2026-08-31 06:35:15,37.29,-1.61,-1.15,-107.9,grandpas_village,4.44,rain,20.236,7.383,0.00,10.00,world
512.60,2026-08-31 06:35:15,36.72,-1.57,0.57,-18.1,grandpas_village,4.46,rain,21.074,7.112,0.00,10.89,world
513.10,2026-08-31 06:35:16,35.94,-1.64,2.99,-18.1,grandpas_village,4.48,rain,21.074,7.112,0.00,12.49,world
513.60,2026-08-31 06:35:16,35.16,-1.83,5.44,-18.1,grandpas_village,4.50,rain,20.617,7.732,0.00,14.39,world
514.10,2026-08-31 06:35:17,34.06,-1.70,6.45,-124.4,grandpas_village,4.52,rain,20.617,7.732,0.00,15.01,world
514.60,2026-08-31 06:35:17,34.21,-1.43,4.82,145.6,grandpas_village,4.54,rain,22.365,40.475,0.00,13.49,world
515.10,2026-08-31 06:35:18,35.42,-1.46,2.82,-151.3,grandpas_village,4.56,rain,22.365,40.475,0.00,12.10,world
515.60,2026-08-31 06:35:18,35.23,-1.37,2.66,-116.7,grandpas_village,4.58,rain,25.533,8.501,0.00,11.88,world
516.10,2026-08-31 06:35:19,36.30,-1.44,0.67,153.3,grandpas_village,4.60,rain,25.533,8.501,0.00,10.72,world
516.60,2026-08-31 06:35:19,37.53,-1.65,-1.54,153.3,grandpas_village,4.62,rain,22.737,14.027,0.00,9.92,world
517.10,2026-08-31 06:35:20,37.84,-1.69,-2.80,-104.5,grandpas_village,4.64,rain,22.737,14.027,0.00,9.41,world
517.60,2026-08-31 06:35:20,38.34,-1.77,-4.70,165.6,grandpas_village,4.66,rain,21.495,7.907,0.00,8.97,world
518.10,2026-08-31 06:35:21,38.99,-1.93,-7.18,165.6,grandpas_village,4.68,rain,21.495,7.907,0.00,9.03,world
518.60,2026-08-31 06:35:21,39.65,-2.20,-9.68,165.6,grandpas_village,4.70,rain,20.923,8.481,0.00,7.30,world
519.10,2026-08-31 06:35:22,39.61,-2.23,-11.07,-87.9,grandpas_village,4.72,rain,20.923,8.481,0.00,6.11,world
519.60,2026-08-31 06:35:22,39.68,-2.21,-9.39,2.1,grandpas_village,4.74,rain,34.077,7.920,0.00,7.56,world
520.10,2026-08-31 06:35:23,39.60,-2.17,-7.14,-71.5,grandpas_village,4.76,rain,34.077,7.920,0.00,9.56,world
520.60,2026-08-31 06:35:23,38.78,-1.85,-7.19,-95.6,grandpas_village,4.78,rain,21.255,8.284,0.00,8.82,world
521.10,2026-08-31 06:35:24,38.65,-1.83,-5.77,-5.6,grandpas_village,4.80,rain,21.255,8.284,0.00,8.93,world
521.60,2026-08-31 06:35:24,38.42,-1.88,-3.25,-5.6,grandpas_village,4.82,rain,21.643,7.740,0.00,9.67,world
522.10,2026-08-31 06:35:25,37.97,-1.86,-1.18,-100.1,grandpas_village,4.84,rain,21.643,7.740,0.00,10.49,world
522.60,2026-08-31 06:35:25,37.39,-1.64,-1.35,-107.5,grandpas_village,4.86,rain,21.094,8.331,0.00,9.94,world
523.10,2026-08-31 06:35:26,36.85,-1.60,0.40,-17.5,grandpas_village,4.88,rain,21.094,8.331,0.00,10.84,world
523.60,2026-08-31 06:35:26,36.10,-1.67,2.83,-17.5,grandpas_village,4.90,rain,26.215,8.993,0.00,12.43,world
524.10,2026-08-31 06:35:27,35.34,-1.86,5.28,-17.5,grandpas_village,4.92,rain,26.215,8.993,0.00,14.32,world
524.60,2026-08-31 06:35:27,34.20,-1.67,6.08,-123.6,grandpas_village,4.94,rain,22.857,7.812,0.00,14.69,world
525.10,2026-08-31 06:35:28,34.51,-1.44,4.37,146.4,grandpas_village,4.96,rain,22.857,7.812,0.00,13.17,world
525.60,2026-08-31 06:35:28,35.54,-1.43,2.43,-129.6,grandpas_village,4.98,rain,22.903,9.692,0.00,11.81,world
526.10,2026-08-31 06:35:29,35.42,-1.37,2.30,-136.9,grandpas_village,5.00,rain,22.903,9.692,0.00,11.64,world
526.60,2026-08-31 06:35:29,36.55,-1.48,0.20,154.1,grandpas_village,5.02,rain,22.362,9.159,0.00,10.50,world
527.10,2026-08-31 06:35:30,37.64,-1.70,-1.74,154.1,grandpas_village,5.04,rain,22.362,9.159,0.00,9.88,world
527.60,2026-08-31 06:35:30,37.85,-1.69,-2.87,-104.4,grandpas_village,5.06,rain,23.470,7.310,0.00,9.38,world
528.10,2026-08-31 06:35:31,38.39,-1.77,-4.93,165.7,grandpas_village,5.08,rain,23.470,7.310,0.00,8.93,world
528.60,2026-08-31 06:35:31,39.04,-1.95,-7.41,165.7,grandpas_village,5.10,rain,23.441,8.561,0.00,9.06,world
529.10,2026-08-31 06:35:32,39.69,-2.22,-9.92,165.7,grandpas_village,5.12,rain,23.441,8.561,0.00,7.12,world
529.60,2026-08-31 06:35:32,39.62,-2.24,-11.14,-87.8,grandpas_village,5.14,rain,27.164,8.838,0.00,6.06,world
530.10,2026-08-31 06:35:33,39.70,-2.21,-9.30,2.2,grandpas_village,5.16,rain,27.164,8.838,0.00,7.65,world
530.60,2026-08-31 06:35:33,39.52,-2.13,-7.20,-92.3,grandpas_village,5.18,rain,24.730,11.870,0.00,9.48,world
531.10,2026-08-31 06:35:34,38.79,-1.86,-7.26,-95.4,grandpas_village,5.20,rain,24.730,11.870,0.00,8.82,world
531.60,2026-08-31 06:35:34,38.65,-1.84,-5.68,-5.4,grandpas_village,5.22,rain,23.651,7.216,0.00,8.96,world
532.10,2026-08-31 06:35:35,38.43,-1.89,-3.15,-5.4,grandpas_village,5.24,rain,23.651,7.216,0.00,9.73,world
532.60,2026-08-31 06:35:35,37.89,-1.82,-1.27,-107.4,grandpas_village,5.26,rain,29.839,19.372,0.00,10.37,world
533.10,2026-08-31 06:35:36,37.43,-1.64,-1.42,-107.4,grandpas_village,5.28,rain,29.839,19.372,0.00,9.92,world
533.60,2026-08-31 06:35:36,36.84,-1.61,0.50,-17.4,grandpas_village,5.30,rain,22.521,11.883,0.00,10.91,world
534.10,2026-08-31 06:35:37,36.10,-1.68,2.93,-17.4,grandpas_village,5.32,rain,22.521,11.883,0.00,12.52,world
534.60,2026-08-31 06:35:37,35.35,-1.88,5.39,-17.4,grandpas_village,5.34,rain,26.071,8.724,0.00,14.42,world
535.10,2026-08-31 06:35:38,34.15,-1.63,5.95,-123.5,grandpas_village,5.36,rain,26.071,8.724,0.00,14.56,world
535.60,2026-08-31 06:35:38,34.66,-1.45,4.17,146.5,grandpas_village,5.38,rain,27.045,9.736,0.00,13.03,world
536.10,2026-08-31 06:35:39,35.50,-1.40,2.31,-115.8,grandpas_village,5.40,rain,27.045,9.736,0.00,11.68,world
536.60,2026-08-31 06:35:39,35.50,-1.38,2.17,-157.8,grandpas_village,5.42,rain,21.831,7.049,0.00,11.56,world
537.10,2026-08-31 06:35:40,36.67,-1.50,-0.01,154.2,grandpas_village,5.44,rain,21.831,7.049,0.00,10.41,world
537.60,2026-08-31 06:35:40,37.89,-1.75,-2.23,154.2,grandpas_village,5.46,rain,18.502,5.736,0.00,9.78,world
538.10,2026-08-31 06:35:41,37.93,-1.70,-3.22,-103.6,grandpas_village,5.48,rain,18.502,5.736,0.00,9.26,world
538.60,2026-08-31 06:35:41,38.46,-1.78,-5.37,166.4,grandpas_village,5.50,rain,23.163,6.341,0.00,8.86,world
539.10,2026-08-31 06:35:42,39.08,-1.96,-7.86,166.4,grandpas_village,5.52,rain,23.163,6.341,0.00,8.70,world
539.60,2026-08-31 06:35:42,39.71,-2.24,-10.38,166.4,grandpas_village,5.54,rain,23.396,8.207,0.00,6.74,world
540.10,2026-08-31 06:35:43,39.69,-2.28,-11.42,-87.3,grandpas_village,5.56,rain,23.396,8.207,0.00,5.88,world
540.60,2026-08-31 06:35:43,39.80,-2.25,-9.42,2.7,grandpas_village,5.58,rain,39.456,7.367,0.00,7.60,world
541.10,2026-08-31 06:35:44,39.51,-2.13,-7.48,-94.9,grandpas_village,5.60,rain,39.456,7.367,0.00,9.21,world
541.60,2026-08-31 06:35:44,38.85,-1.88,-7.54,-94.9,grandpas_village,5.62,rain,18.289,6.696,0.00,8.86,world
542.10,2026-08-31 06:35:45,38.72,-1.86,-5.78,-4.9,grandpas_village,5.64,rain,18.289,6.696,0.00,8.99,world
542.60,2026-08-31 06:35:45,38.52,-1.92,-3.25,-4.9,grandpas_village,5.66,rain,21.255,6.660,0.00,9.75,world
543.10,2026-08-31 06:35:46,37.89,-1.80,-1.58,-106.8,grandpas_village,5.68,rain,21.255,6.660,0.00,10.17,world
543.60,2026-08-31 06:35:46,37.59,-1.68,-1.67,-106.8,grandpas_village,5.70,rain,21.419,7.420,0.00,9.89,world
544.10,2026-08-31 06:35:47,36.98,-1.65,0.42,-16.8,grandpas_village,5.72,rain,21.419,7.420,0.00,10.93,world
544.60,2026-08-31 06:35:47,36.26,-1.72,2.85,-16.8,grandpas_village,5.74,rain,19.315,5.969,0.00,12.53,world
545.10,2026-08-31 06:35:48,35.53,-1.92,5.32,-16.8,grandpas_village,5.76,rain,19.315,5.969,0.00,14.42,world
545.60,2026-08-31 06:35:48,34.27,-1.61,5.66,-122.8,grandpas_village,5.78,rain,19.474,5.730,0.00,14.32,world
546.10,2026-08-31 06:35:49,34.97,-1.48,3.81,147.2,grandpas_village,5.80,rain,19.474,5.730,0.00,12.81,world
546.60,2026-08-31 06:35:49,35.58,-1.38,2.02,-115.2,grandpas_village,5.82,rain,19.024,6.503,0.00,11.47,world
547.10,2026-08-31 06:35:50,35.63,-1.38,1.91,-157.2,grandpas_village,5.84,rain,19.024,6.503,0.00,11.40,world
547.60,2026-08-31 06:35:50,36.81,-1.52,-0.26,154.8,grandpas_village,5.86,rain,18.216,6.096,0.00,10.31,world
548.10,2026-08-31 06:35:51,37.60,-1.69,-1.68,154.8,grandpas_village,5.88,rain,18.216,6.096,0.00,9.89,world
548.60,2026-08-31 06:35:51,37.82,-1.69,-2.72,-104.7,grandpas_village,5.90,rain,18.142,5.789,0.00,9.44,world
549.10,2026-08-31 06:35:52,38.38,-1.78,-4.81,165.3,grandpas_village,5.92,rain,18.142,5.789,0.00,8.97,world
549.60,2026-08-31 06:35:52,39.05,-1.95,-7.29,165.3,grandpas_village,5.94,rain,19.074,6.973,0.00,9.08,world
550.10,2026-08-31 06:35:53,39.72,-2.23,-9.79,165.3,grandpas_village,5.96,rain,19.074,6.973,0.00,7.24,world
550.60,2026-08-31 06:35:53,39.56,-2.21,-10.84,-88.4,grandpas_village,5.98,rain,23.004,8.392,0.00,6.27,world
551.10,2026-08-31 06:35:54,39.63,-2.18,-8.84,1.6,grandpas_village,6.00,rain,23.004,8.392,0.00,8.03,world
551.60,2026-08-31 06:35:54,39.31,-2.06,-6.91,-96.0,grandpas_village,6.02,rain,21.807,8.191,0.00,9.37,world
552.10,2026-08-31 06:35:55,38.73,-1.84,-6.97,-96.0,grandpas_village,6.04,rain,21.807,8.191,0.00,8.79,world
552.60,2026-08-31 06:35:55,38.56,-1.83,-5.22,-6.0,grandpas_village,6.06,rain,21.297,7.492,0.00,9.00,world
553.10,2026-08-31 06:35:56,38.31,-1.88,-2.69,-6.0,grandpas_village,6.08,rain,21.297,7.492,0.00,9.86,world
553.60,2026-08-31 06:35:56,37.65,-1.75,-1.03,-108.0,grandpas_village,6.10,rain,22.703,7.007,0.00,10.34,world
554.10,2026-08-31 06:35:57,37.28,-1.61,-1.15,-108.0,grandpas_village,6.12,rain,22.703,7.007,0.00,10.00,world
554.60,2026-08-31 06:35:57,36.63,-1.59,0.92,-18.0,grandpas_village,6.14,rain,24.901,7.841,0.00,11.11,world
555.10,2026-08-31 06:35:58,35.86,-1.67,3.35,-18.0,grandpas_village,6.16,rain,24.901,7.841,0.00,12.77,world
555.60,2026-08-31 06:35:58,35.08,-1.88,5.80,-18.0,grandpas_village,6.18,rain,23.584,7.620,0.00,14.70,world
556.10,2026-08-31 06:35:59,33.82,-1.56,6.11,-124.1,grandpas_village,6.20,rain,23.584,7.620,0.00,14.62,world
556.60,2026-08-31 06:35:59,34.56,-1.43,4.27,145.9,grandpas_village,6.22,rain,19.981,6.486,0.00,13.09,world
557.10,2026-08-31 06:36:00,35.30,-1.37,2.54,-116.4,grandpas_village,6.24,rain,19.981,6.486,0.00,11.79,world
557.60,2026-08-31 06:36:00,35.42,-1.38,2.32,-179.4,grandpas_village,6.26,rain,25.841,6.953,0.00,11.66,world
558.10,2026-08-31 06:36:01,36.61,-1.49,0.10,153.6,grandpas_village,6.28,rain,25.841,6.953,0.00,10.46,world
558.60,2026-08-31 06:36:01,37.70,-1.71,-1.83,153.6,grandpas_village,6.30,rain,20.251,6.679,0.00,9.87,world
559.10,2026-08-31 06:36:02,37.82,-1.69,-2.71,-136.4,grandpas_village,6.32,rain,20.251,6.679,0.00,9.44,world
559.60,2026-08-31 06:36:02,38.46,-1.79,-5.10,165.3,grandpas_village,6.34,rain,20.158,7.189,0.00,8.94,world
560.10,2026-08-31 06:36:03,39.13,-1.98,-7.58,165.3,grandpas_village,6.36,rain,20.158,7.189,0.00,8.98,world
560.60,2026-08-31 06:36:03,39.80,-2.27,-10.08,165.3,grandpas_village,6.38,rain,20.618,7.863,0.00,7.04,world
561.10,2026-08-31 06:36:04,39.59,-2.22,-10.97,-88.1,grandpas_village,6.40,rain,20.618,7.863,0.00,6.18,world
561.60,2026-08-31 06:36:04,39.68,-2.19,-8.79,1.9,grandpas_village,6.42,rain,22.799,7.886,0.00,8.09,world
562.10,2026-08-31 06:36:05,39.23,-2.03,-7.05,-95.8,grandpas_village,6.44,rain,22.799,7.886,0.00,9.28,world
562.60,2026-08-31 06:36:05,38.76,-1.85,-7.09,-95.8,grandpas_village,6.46,rain,18.891,6.266,0.00,8.80,world
563.10,2026-08-31 06:36:06,38.58,-1.83,-5.17,-5.8,grandpas_village,6.48,rain,18.891,6.266,0.00,9.03,world
563.60,2026-08-31 06:36:06,38.34,-1.89,-2.64,-5.8,grandpas_village,6.50,rain,20.929,8.213,0.00,9.91,world
564.10,2026-08-31 06:36:07,37.58,-1.72,-1.19,-107.7,grandpas_village,6.52,rain,20.929,8.213,0.00,10.19,world
564.60,2026-08-31 06:36:07,37.34,-1.62,-1.26,-97.2,grandpas_village,6.54,rain,19.350,6.775,0.00,9.97,world
565.10,2026-08-31 06:36:08,36.64,-1.60,0.97,-17.7,grandpas_village,6.56,rain,19.350,6.775,0.00,11.16,world
565.60,2026-08-31 06:36:08,35.88,-1.69,3.40,-17.7,grandpas_village,6.58,rain,19.985,6.947,0.00,12.83,world
566.10,2026-08-31 06:36:09,35.11,-1.90,5.85,-17.7,grandpas_village,6.60,rain,19.985,6.947,0.00,14.77,world
566.60,2026-08-31 06:36:09,33.80,-1.53,5.94,-123.8,grandpas_village,6.62,rain,21.106,6.265,0.00,14.45,world
567.10,2026-08-31 06:36:10,34.72,-1.44,4.03,146.2,grandpas_village,6.64,rain,21.106,6.265,0.00,12.92,world
567.60,2026-08-31 06:36:10,35.35,-1.37,2.43,-116.1,grandpas_village,6.66,rain,19.540,6.348,0.00,11.72,world
568.10,2026-08-31 06:36:11,35.55,-1.38,2.06,159.9,grandpas_village,6.68,rain,19.540,6.348,0.00,11.49,world
568.60,2026-08-31 06:36:11,36.75,-1.51,-0.16,153.9,grandpas_village,6.70,rain,19.018,6.640,0.00,10.35,world
569.10,2026-08-31 06:36:12,37.97,-1.77,-2.38,153.9,grandpas_village,6.72,rain,19.018,6.640,0.00,9.75,world
569.60,2026-08-31 06:36:12,37.91,-1.70,-3.13,-135.5,grandpas_village,6.74,rain,20.746,7.008,0.00,9.29,world
570.10,2026-08-31 06:36:13,38.52,-1.80,-5.53,166.1,grandpas_village,6.76,rain,20.746,7.008,0.00,8.87,world
570.60,2026-08-31 06:36:13,39.16,-1.98,-8.03,166.1,grandpas_village,6.78,rain,21.479,7.440,0.00,8.58,world
571.10,2026-08-31 06:36:14,39.80,-2.28,-10.54,166.1,grandpas_village,6.80,rain,21.479,7.440,0.00,6.66,world
571.60,2026-08-31 06:36:14,39.65,-2.26,-11.24,-77.1,grandpas_village,6.82,rain,21.418,7.910,0.00,6.00,world
572.10,2026-08-31 06:36:15,39.77,-2.23,-8.91,2.4,grandpas_village,6.84,rain,21.418,7.910,0.00,8.03,world
572.60,2026-08-31 06:36:15,39.21,-2.01,-7.34,-95.2,grandpas_village,6.86,rain,23.404,8.296,0.00,9.23,world
573.10,2026-08-31 06:36:16,38.82,-1.87,-7.37,-95.2,grandpas_village,6.88,rain,23.404,8.296,0.00,8.84,world
573.60,2026-08-31 06:36:16,38.64,-1.85,-5.28,-5.2,grandpas_village,6.90,rain,25.540,9.352,0.00,9.06,world
574.10,2026-08-31 06:36:17,38.43,-1.92,-2.75,-5.2,grandpas_village,6.92,rain,25.540,9.352,0.00,9.93,world
574.60,2026-08-31 06:36:17,37.58,-1.69,-1.49,-107.1,grandpas_village,6.94,rain,21.789,7.440,0.00,9.99,world
575.10,2026-08-31 06:36:18,37.28,-1.61,-1.15,-108.0,grandpas_village,6.96,rain,21.789,7.440,0.00,10.00,world
575.60,2026-08-31 06:36:18,36.73,-1.57,0.50,-18.1,grandpas_village,6.98,rain,20.767,7.625,0.00,10.85,world
576.10,2026-08-31 06:36:19,35.96,-1.64,2.92,-18.1,grandpas_village,7.00,rain,20.767,7.625,0.00,12.44,world
576.60,2026-08-31 06:36:19,35.18,-1.82,5.37,-18.1,grandpas_village,7.02,rain,20.437,8.332,0.00,14.33,world
577.10,2026-08-31 06:36:20,34.11,-1.72,6.50,-124.4,grandpas_village,7.04,rain,20.437,8.332,0.00,15.07,world
577.60,2026-08-31 06:36:20,34.16,-1.43,4.90,145.6,grandpas_village,7.06,rain,18.670,6.565,0.00,13.55,world
578.10,2026-08-31 06:36:21,35.44,-1.47,2.87,-161.9,grandpas_village,7.08,rain,18.670,6.565,0.00,12.16,world
578.60,2026-08-31 06:36:21,35.22,-1.37,2.67,-116.7,grandpas_village,7.10,rain,20.015,6.524,0.00,11.88,world
579.10,2026-08-31 06:36:22,36.22,-1.43,0.83,153.3,grandpas_village,7.12,rain,20.015,6.524,0.00,10.80,world
579.60,2026-08-31 06:36:22,37.42,-1.64,-1.41,153.3,grandpas_village,7.14,rain,19.420,6.543,0.00,9.92,world
580.10,2026-08-31 06:36:23,37.83,-1.69,-2.78,-104.5,grandpas_village,7.16,rain,19.420,6.543,0.00,9.41,world
580.60,2026-08-31 06:36:23,38.29,-1.76,-4.52,165.6,grandpas_village,7.18,rain,23.640,8.932,0.00,8.99,world
581.10,2026-08-31 06:36:24,38.95,-1.92,-7.00,165.6,grandpas_village,7.20,rain,23.640,8.932,0.00,9.00,world
581.60,2026-08-31 06:36:24,39.61,-2.18,-9.50,165.6,grandpas_village,7.22,rain,18.617,10.494,0.00,7.44,world
582.10,2026-08-31 06:36:25,39.60,-2.23,-11.05,-88.0,grandpas_village,7.24,rain,18.617,10.494,0.00,6.12,world
582.60,2026-08-31 06:36:25,39.67,-2.21,-9.55,2.0,grandpas_village,7.26,rain,18.551,6.708,0.00,7.42,world
583.10,2026-08-31 06:36:26,39.67,-2.19,-7.17,-50.5,grandpas_village,7.28,rain,18.551,6.708,0.00,9.56,world
583.60,2026-08-31 06:36:26,38.77,-1.85,-7.18,-95.6,grandpas_village,7.30,rain,21.736,7.420,0.00,8.81,world
584.10,2026-08-31 06:36:27,38.66,-1.83,-5.93,-5.6,grandpas_village,7.32,rain,21.736,7.420,0.00,8.91,world
584.60,2026-08-31 06:36:27,38.43,-1.87,-3.40,-5.6,grandpas_village,7.34,rain,19.386,7.929,0.00,9.60,world
585.10,2026-08-31 06:36:28,38.05,-1.89,-1.16,-79.1,grandpas_village,7.36,rain,19.386,7.929,0.00,10.56,world
585.60,2026-08-31 06:36:28,37.38,-1.63,-1.34,-107.6,grandpas_village,7.38,rain,46.609,24.534,0.00,9.94,world
586.10,2026-08-31 06:36:29,36.89,-1.60,0.26,-17.6,grandpas_village,7.40,rain,46.609,24.534,0.00,10.76,world
586.60,2026-08-31 06:36:29,36.14,-1.66,2.68,-17.6,grandpas_village,7.42,rain,19.320,6.227,0.00,12.32,world
587.10,2026-08-31 06:36:30,35.38,-1.84,5.13,-17.6,grandpas_village,7.44,rain,19.320,6.227,0.00,14.19,world
587.60,2026-08-31 06:36:30,34.29,-1.71,6.16,-123.6,grandpas_village,7.46,rain,18.472,5.696,0.00,14.80,world
588.10,2026-08-31 06:36:31,34.41,-1.44,4.52,146.4,grandpas_village,7.48,rain,18.472,5.696,0.00,13.28,world
588.60,2026-08-31 06:36:31,35.59,-1.46,2.51,-150.6,grandpas_village,7.50,rain,18.789,6.139,0.00,11.91,world
589.10,2026-08-31 06:36:32,35.39,-1.38,2.35,-115.9,grandpas_village,7.52,rain,18.789,6.139,0.00,11.68,world
589.60,2026-08-31 06:36:32,36.59,-1.48,0.14,154.1,grandpas_village,7.54,rain,19.662,24.416,0.00,10.48,world
590.10,2026-08-31 06:36:33,37.69,-1.71,-1.84,154.1,grandpas_village,7.56,rain,19.662,24.416,0.00,9.85,world
590.60,2026-08-31 06:36:33,37.91,-1.70,-3.14,-103.8,grandpas_village,7.58,rain,18.833,6.805,0.00,9.28,world
591.10,2026-08-31 06:36:34,38.37,-1.77,-4.96,166.2,grandpas_village,7.60,rain,18.833,6.805,0.00,8.90,world
591.60,2026-08-31 06:36:34,39.00,-1.93,-7.45,166.2,grandpas_village,7.62,rain,20.102,6.892,0.00,9.01,world
592.10,2026-08-31 06:36:35,39.63,-2.20,-9.95,166.2,grandpas_village,7.64,rain,20.102,6.892,0.00,7.05,world
592.60,2026-08-31 06:36:35,39.67,-2.27,-11.34,-87.4,grandpas_village,7.66,rain,18.987,6.802,0.00,5.93,world
593.10,2026-08-31 06:36:36,39.76,-2.24,-9.67,2.6,grandpas_village,7.68,rain,18.987,6.802,0.00,7.36,world
593.60,2026-08-31 06:36:36,39.69,-2.20,-7.41,-70.9,grandpas_village,7.70,rain,18.423,6.875,0.00,9.35,world
594.10,2026-08-31 06:36:37,38.84,-1.87,-7.46,-95.0,grandpas_village,7.72,rain,18.423,6.875,0.00,8.85,world
594.60,2026-08-31 06:36:37,38.72,-1.85,-6.04,-5.0,grandpas_village,7.74,rain,17.930,6.499,0.00,8.94,world
595.10,2026-08-31 06:36:38,38.52,-1.90,-3.51,-5.0,grandpas_village,7.76,rain,17.930,6.499,0.00,9.63,world
595.60,2026-08-31 06:36:38,38.08,-1.88,-1.44,-99.6,grandpas_village,7.78,rain,20.426,7.071,0.00,10.41,world
596.10,2026-08-31 06:36:39,37.55,-1.68,-1.59,-107.0,grandpas_village,7.80,rain,20.426,7.071,0.00,9.91,world
596.60,2026-08-31 06:36:39,37.03,-1.64,0.17,-17.0,grandpas_village,7.82,rain,18.142,5.874,0.00,10.78,world
597.10,2026-08-31 06:36:40,36.31,-1.70,2.60,-17.0,grandpas_village,7.84,rain,18.142,5.874,0.00,12.33,world
597.60,2026-08-31 06:36:40,35.57,-1.89,5.06,-17.0,grandpas_village,7.86,rain,18.726,5.529,0.00,14.20,world
598.10,2026-08-31 06:36:41,34.43,-1.70,5.87,-123.0,grandpas_village,7.88,rain,18.726,5.529,0.00,14.56,world
598.60,2026-08-31 06:36:41,34.73,-1.47,4.16,147.0,grandpas_village,7.90,rain,18.375,6.040,0.00,13.05,world
599.10,2026-08-31 06:36:42,35.74,-1.46,2.21,-129.0,grandpas_village,7.92,rain,18.375,6.040,0.00,11.71,world
599.60,2026-08-31 06:36:42,35.54,-1.38,2.09,-115.3,grandpas_village,7.94,rain,21.244,7.178,0.00,11.51,world
600.10,2026-08-31 06:36:43,36.61,-1.48,0.11,154.7,grandpas_village,7.96,rain,21.244,7.178,0.00,10.46,world
600.60,2026-08-31 06:36:43,37.82,-1.74,-2.12,154.7,grandpas_village,7.98,rain,19.578,6.360,0.00,9.79,world
601.10,2026-08-31 06:36:44,37.97,-1.70,-3.43,-103.2,grandpas_village,8.00,rain,19.578,6.360,0.00,9.19,world
601.60,2026-08-31 06:36:44,38.39,-1.76,-5.17,166.8,grandpas_village,8.02,rain,20.809,7.752,0.00,8.86,world
602.10,2026-08-31 06:36:45,39.00,-1.93,-7.66,166.8,grandpas_village,8.04,rain,20.809,7.752,0.00,8.86,world
602.60,2026-08-31 06:36:45,39.60,-2.20,-10.18,166.8,grandpas_village,8.06,rain,20.375,7.344,0.00,6.85,world
603.10,2026-08-31 06:36:46,39.71,-2.29,-11.50,-87.1,grandpas_village,8.08,rain,20.375,7.344,0.00,5.83,world
603.60,2026-08-31 06:36:46,39.77,-2.25,-9.64,2.7,grandpas_village,8.10,rain,24.194,15.786,0.00,7.39,world
604.10,2026-08-31 06:36:47,39.71,-2.20,-7.38,-70.8,grandpas_village,8.12,rain,24.194,15.786,0.00,9.38,world
604.60,2026-08-31 06:36:47,38.83,-1.87,-7.43,-95.1,grandpas_village,8.14,rain,18.818,6.999,0.00,8.85,world
605.10,2026-08-31 06:36:48,38.71,-1.85,-6.01,-5.1,grandpas_village,8.16,rain,18.818,6.999,0.00,8.94,world
605.60,2026-08-31 06:36:48,38.51,-1.90,-3.49,-5.1,grandpas_village,8.18,rain,26.280,7.826,0.00,9.63,world
606.10,2026-08-31 06:36:49,38.07,-1.88,-1.41,-99.6,grandpas_village,8.20,rain,26.280,7.826,0.00,10.42,world
606.60,2026-08-31 06:36:49,37.36,-1.63,-1.29,-107.6,grandpas_village,8.22,rain,19.661,6.474,0.00,9.96,world
607.10,2026-08-31 06:36:50,37.06,-1.59,-0.49,-18.0,grandpas_village,8.24,rain,19.661,6.474,0.00,10.31,world
607.60,2026-08-31 06:36:50,36.30,-1.60,1.92,-18.0,grandpas_village,8.26,rain,19.912,6.006,0.00,11.75,world
608.10,2026-08-31 06:36:51,35.52,-1.74,4.35,-18.0,grandpas_village,8.28,rain,19.912,6.006,0.00,13.53,world
608.60,2026-08-31 06:36:51,34.70,-1.94,6.69,-60.1,grandpas_village,8.30,rain,19.832,5.999,0.00,15.43,world
609.10,2026-08-31 06:36:52,33.60,-1.42,5.70,145.7,grandpas_village,8.32,rain,19.832,5.999,0.00,14.16,world
609.60,2026-08-31 06:36:52,35.04,-1.47,3.62,145.7,grandpas_village,8.34,rain,18.714,5.694,0.00,12.66,world
610.10,2026-08-31 06:36:53,35.24,-1.37,2.64,-116.6,grandpas_village,8.36,rain,18.714,5.694,0.00,11.86,world
610.60,2026-08-31 06:36:53,35.79,-1.39,1.61,153.4,grandpas_village,8.38,rain,17.521,6.259,0.00,11.23,world
611.10,2026-08-31 06:36:54,36.99,-1.55,-0.61,153.4,grandpas_village,8.40,rain,17.521,6.259,0.00,10.17,world
611.60,2026-08-31 06:36:54,37.86,-1.72,-2.47,-143.6,grandpas_village,8.42,rain,20.628,8.651,0.00,9.61,world
612.10,2026-08-31 06:36:55,37.99,-1.71,-3.34,165.2,grandpas_village,8.44,rain,20.628,8.651,0.00,9.25,world
612.60,2026-08-31 06:36:55,38.66,-1.84,-5.81,165.2,grandpas_village,8.46,rain,18.164,6.191,0.00,8.94,world
613.10,2026-08-31 06:36:56,39.34,-2.06,-8.30,165.2,grandpas_village,8.48,rain,18.164,6.191,0.00,8.39,world
613.60,2026-08-31 06:36:56,39.88,-2.32,-10.68,-142.3,grandpas_village,8.50,rain,22.810,8.024,0.00,6.58,world
614.10,2026-08-31 06:36:57,39.56,-2.18,-10.19,1.5,grandpas_village,8.52,rain,22.810,8.024,0.00,6.82,world
614.60,2026-08-31 06:36:57,39.64,-2.17,-7.67,1.5,grandpas_village,8.54,rain,18.718,7.112,0.00,9.09,world
615.10,2026-08-31 06:36:58,38.72,-1.84,-6.90,-96.2,grandpas_village,8.56,rain,18.718,7.112,0.00,8.79,world
615.60,2026-08-31 06:36:58,38.67,-1.82,-6.40,-6.2,grandpas_village,8.58,rain,23.781,7.053,0.00,8.81,world
616.10,2026-08-31 06:36:59,38.41,-1.84,-3.88,-6.2,grandpas_village,8.60,rain,23.781,7.053,0.00,9.36,world
616.60,2026-08-31 06:36:59,38.16,-1.92,-1.35,-6.2,grandpas_village,8.62,rain,19.228,7.082,0.00,10.52,world
617.10,2026-08-31 06:37:00,37.25,-1.60,-1.08,-108.1,grandpas_village,8.64,rain,19.228,7.082,0.00,10.02,world
617.60,2026-08-31 06:37:00,37.25,-1.60,-1.09,-108.1,grandpas_village,8.66,rain,19.160,5.825,0.00,10.02,world
618.10,2026-08-31 06:37:01,36.56,-1.58,1.07,-18.1,grandpas_village,8.68,rain,19.160,5.825,0.00,11.19,world
618.60,2026-08-31 06:37:01,35.78,-1.67,3.49,-18.1,grandpas_village,8.70,rain,18.586,5.827,0.00,12.87,world
619.10,2026-08-31 06:37:02,35.00,-1.88,5.94,-18.1,grandpas_village,8.72,rain,18.586,5.827,0.00,14.81,world
619.60,2026-08-31 06:37:02,33.71,-1.54,6.14,-124.2,grandpas_village,8.74,rain,19.470,6.174,0.00,14.62,world
620.10,2026-08-31 06:37:03,34.59,-1.44,4.27,145.8,grandpas_village,8.76,rain,19.470,6.174,0.00,13.10,world
620.60,2026-08-31 06:37:03,35.26,-1.37,2.60,-116.5,grandpas_village,8.78,rain,18.481,5.711,0.00,11.83,world
621.10,2026-08-31 06:37:04,35.38,-1.37,2.37,-179.5,grandpas_village,8.80,rain,18.481,5.711,0.00,11.69,world
621.60,2026-08-31 06:37:04,36.58,-1.48,0.17,153.5,grandpas_village,8.82,rain,18.794,6.238,0.00,10.49,world
622.10,2026-08-31 06:37:05,37.81,-1.74,-2.04,153.5,grandpas_village,8.84,rain,18.794,6.238,0.00,9.83,world
622.60,2026-08-31 06:37:05,37.85,-1.69,-2.87,-104.4,grandpas_village,8.86,rain,19.742,6.751,0.00,9.38,world
623.10,2026-08-31 06:37:06,38.44,-1.79,-5.09,165.6,grandpas_village,8.88,rain,19.742,6.751,0.00,8.93,world
623.60,2026-08-31 06:37:06,39.09,-1.97,-7.58,165.6,grandpas_village,8.90,rain,18.622,6.869,0.00,8.97,world
624.10,2026-08-31 06:37:07,39.75,-2.25,-10.08,165.6,grandpas_village,8.92,rain,18.622,6.869,0.00,7.01,world
624.60,2026-08-31 06:37:07,39.59,-2.22,-10.97,-88.1,grandpas_village,8.94,rain,19.389,6.932,0.00,6.18,world
625.10,2026-08-31 06:37:08,39.67,-2.19,-8.79,1.9,grandpas_village,8.96,rain,19.389,6.932,0.00,8.08,world
625.60,2026-08-31 06:37:08,39.22,-2.02,-7.05,-95.8,grandpas_village,8.98,rain,26.218,9.181,0.00,9.27,world
626.10,2026-08-31 06:37:09,38.76,-1.85,-7.09,-95.8,grandpas_village,9.00,rain,26.218,9.181,0.00,8.80,world
626.60,2026-08-31 06:37:09,38.58,-1.83,-5.17,-5.8,grandpas_village,9.02,rain,20.835,7.766,0.00,9.03,world
627.10,2026-08-31 06:37:10,38.34,-1.89,-2.64,-5.8,grandpas_village,9.04,rain,20.835,7.766,0.00,9.91,world
627.60,2026-08-31 06:37:10,37.58,-1.72,-1.19,-107.7,grandpas_village,9.06,rain,19.860,7.357,0.00,10.19,world
628.10,2026-08-31 06:37:11,37.34,-1.62,-1.25,-97.2,grandpas_village,9.08,rain,19.860,7.357,0.00,9.97,world
628.60,2026-08-31 06:37:11,36.65,-1.60,0.97,-17.7,grandpas_village,9.10,rain,23.468,7.315,0.00,11.17,world
629.10,2026-08-31 06:37:12,35.89,-1.69,3.40,-17.7,grandpas_village,9.12,rain,23.468,7.315,0.00,12.83,world
629.60,2026-08-31 06:37:12,35.12,-1.90,5.86,-17.7,grandpas_village,9.14,rain,20.529,8.474,0.00,14.77,world
630.10,2026-08-31 06:37:13,33.81,-1.53,5.94,-123.8,grandpas_village,9.16,rain,20.529,8.474,0.00,14.45,world
630.60,2026-08-31 06:37:13,34.73,-1.44,4.03,146.2,grandpas_village,9.18,rain,19.372,6.476,0.00,12.93,world
631.10,2026-08-31 06:37:14,35.36,-1.37,2.43,-116.1,grandpas_village,9.20,rain,19.372,6.476,0.00,11.72,world
631.60,2026-08-31 06:37:14,35.55,-1.38,2.06,159.9,grandpas_village,9.22,rain,19.289,6.005,0.00,11.49,world
632.10,2026-08-31 06:37:15,36.75,-1.51,-0.16,153.9,grandpas_village,9.24,rain,19.289,6.005,0.00,10.35,world
632.60,2026-08-31 06:37:15,37.84,-1.74,-2.14,153.9,grandpas_village,9.26,rain,19.908,6.017,0.00,9.79,world
633.10,2026-08-31 06:37:16,37.87,-1.70,-2.92,-146.5,grandpas_village,9.28,rain,19.908,6.017,0.00,9.37,world
633.60,2026-08-31 06:37:16,38.51,-1.80,-5.35,165.6,grandpas_village,9.30,rain,21.800,8.074,0.00,8.91,world
634.10,2026-08-31 06:37:17,39.17,-1.99,-7.83,165.6,grandpas_village,9.32,rain,21.800,8.074,0.00,8.76,world
634.60,2026-08-31 06:37:17,39.83,-2.29,-10.34,165.6,grandpas_village,9.34,rain,23.823,8.355,0.00,6.83,world
635.10,2026-08-31 06:37:18,39.61,-2.23,-11.04,-77.5,grandpas_village,9.36,rain,23.823,8.355,0.00,6.13,world
635.60,2026-08-31 06:37:18,39.71,-2.21,-8.71,2.0,grandpas_village,9.38,rain,18.752,6.360,0.00,8.18,world
636.10,2026-08-31 06:37:19,39.14,-1.99,-7.15,-95.6,grandpas_village,9.40,rain,18.752,6.360,0.00,9.18,world
636.60,2026-08-31 06:37:19,38.78,-1.85,-7.18,-95.6,grandpas_village,9.42,rain,22.135,6.920,0.00,8.81,world
637.10,2026-08-31 06:37:20,38.59,-1.84,-5.09,-5.6,grandpas_village,9.44,rain,22.135,6.920,0.00,9.07,world
637.60,2026-08-31 06:37:20,38.36,-1.90,-2.56,-5.6,grandpas_village,9.46,rain,17.884,7.077,0.00,9.97,world
638.10,2026-08-31 06:37:21,37.50,-1.68,-1.31,-107.5,grandpas_village,9.48,rain,17.884,7.077,0.00,10.05,world
638.60,2026-08-31 06:37:21,37.37,-1.63,-1.27,-76.0,grandpas_village,9.50,rain,19.115,7.452,0.00,9.98,world
639.10,2026-08-31 06:37:22,36.65,-1.61,1.05,-17.5,grandpas_village,9.52,rain,19.115,7.452,0.00,11.23,world
639.60,2026-08-31 06:37:22,35.89,-1.71,3.49,-17.5,grandpas_village,9.54,rain,18.475,5.761,0.00,12.91,world
640.10,2026-08-31 06:37:23,35.13,-1.92,5.95,-17.5,grandpas_village,9.56,rain,18.475,5.761,0.00,14.86,world
640.60,2026-08-31 06:37:23,33.79,-1.50,5.80,-144.6,grandpas_village,9.58,rain,20.977,25.605,0.00,14.31,world
641.10,2026-08-31 06:37:24,34.88,-1.45,3.82,146.4,grandpas_village,9.60,rain,20.977,25.605,0.00,12.79,world
641.60,2026-08-31 06:37:24,35.40,-1.38,2.35,-115.9,grandpas_village,9.62,rain,39.440,12.804,0.00,11.67,world
642.10,2026-08-31 06:37:25,35.79,-1.39,1.61,154.1,grandpas_village,9.64,rain,39.440,12.804,0.00,11.23,world
642.60,2026-08-31 06:37:25,36.99,-1.55,-0.61,154.1,grandpas_village,9.66,rain,18.855,6.645,0.00,10.18,world
643.10,2026-08-31 06:37:26,38.20,-1.83,-2.85,154.1,grandpas_village,9.68,rain,18.855,6.645,0.00,9.69,world
643.60,2026-08-31 06:37:26,38.00,-1.70,-3.51,-145.3,grandpas_village,9.70,rain,19.552,6.697,0.00,9.17,world
644.10,2026-08-31 06:37:27,38.59,-1.80,-5.95,166.7,grandpas_village,9.72,rain,19.552,6.697,0.00,8.83,world
644.60,2026-08-31 06:37:27,39.20,-2.01,-8.45,166.7,grandpas_village,9.74,rain,19.264,6.877,0.00,8.20,world
645.10,2026-08-31 06:37:28,39.81,-2.31,-10.97,166.7,grandpas_village,9.76,rain,19.264,6.877,0.00,6.31,world
645.60,2026-08-31 06:37:28,39.71,-2.29,-11.43,-55.6,grandpas_village,9.78,rain,19.402,18.967,0.00,5.89,world
646.10,2026-08-31 06:37:29,39.85,-2.26,-8.99,2.9,grandpas_village,9.80,rain,19.402,18.967,0.00,7.99,world
646.60,2026-08-31 06:37:29,39.17,-1.99,-7.60,-94.7,grandpas_village,9.82,rain,21.114,6.765,0.00,8.98,world
647.10,2026-08-31 06:37:30,38.87,-1.88,-7.62,-94.7,grandpas_village,9.84,rain,21.114,6.765,0.00,8.86,world
647.60,2026-08-31 06:37:30,38.70,-1.87,-5.36,-4.7,grandpas_village,9.86,rain,19.915,6.149,0.00,9.09,world
648.10,2026-08-31 06:37:31,38.51,-1.94,-2.82,-4.7,grandpas_village,9.88,rain,19.915,6.149,0.00,9.96,world
648.60,2026-08-31 06:37:31,37.62,-1.68,-1.74,-106.6,grandpas_village,9.90,rain,22.985,8.196,0.00,9.86,world
649.10,2026-08-31 06:37:32,37.50,-1.68,-1.33,-54.1,grandpas_village,9.92,rain,22.985,8.196,0.00,10.03,world
649.60,2026-08-31 06:37:32,36.80,-1.66,1.07,-16.6,grandpas_village,9.94,rain,19.840,10.643,0.00,11.33,world
650.10,2026-08-31 06:37:33,36.08,-1.77,3.52,-16.6,grandpas_village,9.96,rain,19.840,10.643,0.00,13.02,world
650.60,2026-08-31 06:37:33,35.36,-2.00,5.99,-16.6,grandpas_village,9.98,rain,22.619,11.896,0.00,14.98,world
651.10,2026-08-31 06:37:34,34.02,-1.53,5.61,-165.2,grandpas_village,10.00,rain,22.619,11.896,0.00,14.19,world
651.60,2026-08-31 06:37:34,35.24,-1.52,3.56,146.9,grandpas_village,10.02,rain,18.911,5.873,0.00,12.69,world
652.10,2026-08-31 06:37:35,35.50,-1.38,2.16,-115.5,grandpas_village,10.04,rain,18.911,5.873,0.00,11.55,world
652.60,2026-08-31 06:37:35,35.70,-1.38,1.79,160.5,grandpas_village,10.06,rain,18.517,6.471,0.00,11.33,world
653.10,2026-08-31 06:37:36,36.89,-1.53,-0.43,154.5,grandpas_village,10.08,rain,18.517,6.471,0.00,10.24,world
653.60,2026-08-31 06:37:36,37.83,-1.74,-2.13,154.5,grandpas_village,10.10,rain,21.004,7.013,0.00,9.78,world
654.10,2026-08-31 06:37:37,37.84,-1.69,-2.82,-125.5,grandpas_village,10.12,rain,21.004,7.013,0.00,9.40,world
654.60,2026-08-31 06:37:37,38.47,-1.79,-5.17,165.5,grandpas_village,10.14,rain,19.295,6.750,0.00,8.93,world
655.10,2026-08-31 06:37:38,39.13,-1.98,-7.65,165.5,grandpas_village,10.16,rain,19.295,6.750,0.00,8.91,world
655.60,2026-08-31 06:37:38,39.80,-2.27,-10.15,165.5,grandpas_village,10.18,rain,22.973,7.610,0.00,6.97,world
656.10,2026-08-31 06:37:39,39.57,-2.21,-10.86,-77.8,grandpas_village,10.20,rain,22.973,7.610,0.00,6.26,world
656.60,2026-08-31 06:37:39,39.66,-2.18,-8.53,1.7,grandpas_village,10.22,rain,18.367,7.381,0.00,8.31,world
657.10,2026-08-31 06:37:40,39.08,-1.97,-6.97,-96.0,grandpas_village,10.24,rain,18.367,7.381,0.00,9.14,world
657.60,2026-08-31 06:37:40,38.74,-1.84,-7.00,-96.0,grandpas_village,10.26,rain,18.407,7.402,0.00,8.79,world
658.10,2026-08-31 06:37:41,38.54,-1.83,-4.91,-6.0,grandpas_village,10.28,rain,18.407,7.402,0.00,9.08,world
658.60,2026-08-31 06:37:41,38.29,-1.89,-2.38,-6.0,grandpas_village,10.30,rain,18.640,6.402,0.00,10.01,world
659.10,2026-08-31 06:37:42,37.43,-1.66,-1.14,-107.9,grandpas_village,10.32,rain,18.640,6.402,0.00,10.11,world
659.60,2026-08-31 06:37:42,37.28,-1.61,-1.11,-76.4,grandpas_village,10.34,rain,18.395,6.186,0.00,10.02,world
660.10,2026-08-31 06:37:43,36.54,-1.59,1.21,-17.9,grandpas_village,10.36,rain,18.395,6.186,0.00,11.30,world
660.60,2026-08-31 06:37:43,35.78,-1.70,3.64,-17.9,grandpas_village,10.38,rain,20.755,8.423,0.00,13.00,world
661.10,2026-08-31 06:37:44,35.00,-1.91,6.10,-17.9,grandpas_village,10.40,rain,20.755,8.423,0.00,14.96,world
661.60,2026-08-31 06:37:44,33.66,-1.49,5.94,-145.0,grandpas_village,10.42,rain,21.278,6.529,0.00,14.41,world
662.10,2026-08-31 06:37:45,34.77,-1.44,3.97,146.0,grandpas_village,10.44,rain,21.278,6.529,0.00,12.88,world
662.60,2026-08-31 06:37:45,35.31,-1.37,2.51,-116.3,grandpas_village,10.46,rain,25.187,8.742,0.00,11.78,world
663.10,2026-08-31 06:37:46,35.59,-1.38,1.99,153.7,grandpas_village,10.48,rain,25.187,8.742,0.00,11.45,world
663.60,2026-08-31 06:37:46,36.79,-1.52,-0.22,153.7,grandpas_village,10.50,rain,19.091,6.523,0.00,10.32,world
664.10,2026-08-31 06:37:47,38.01,-1.78,-2.45,153.7,grandpas_village,10.52,rain,19.091,6.523,0.00,9.75,world
664.60,2026-08-31 06:37:47,37.91,-1.70,-3.09,-146.2,grandpas_village,10.54,rain,20.279,6.945,0.00,9.31,world
665.10,2026-08-31 06:37:48,38.54,-1.80,-5.53,165.8,grandpas_village,10.56,rain,20.279,6.945,0.00,8.89,world
665.60,2026-08-31 06:37:48,39.18,-1.99,-8.02,165.8,grandpas_village,10.58,rain,18.935,6.847,0.00,8.59,world
666.10,2026-08-31 06:37:49,39.83,-2.30,-10.52,165.8,grandpas_village,10.60,rain,18.935,6.847,0.00,6.68,world
666.60,2026-08-31 06:37:49,39.62,-2.23,-11.00,-56.4,grandpas_village,10.62,rain,20.642,7.328,0.00,6.17,world
667.10,2026-08-31 06:37:50,39.72,-2.21,-8.57,2.1,grandpas_village,10.64,rain,20.642,7.328,0.00,8.31,world
667.60,2026-08-31 06:37:50,39.02,-1.95,-7.18,-95.6,grandpas_village,10.66,rain,19.006,7.237,0.00,9.06,world
668.10,2026-08-31 06:37:51,38.78,-1.85,-7.20,-95.6,grandpas_village,10.68,rain,19.006,7.237,0.00,8.82,world
668.60,2026-08-31 06:37:51,38.58,-1.85,-4.94,-5.6,grandpas_village,10.70,rain,23.139,7.856,0.00,9.11,world
669.10,2026-08-31 06:37:52,38.35,-1.91,-2.41,-5.6,grandpas_village,10.72,rain,23.139,7.856,0.00,10.05,world
669.60,2026-08-31 06:37:52,37.40,-1.64,-1.36,-107.5,grandpas_village,10.74,rain,20.901,7.193,0.00,9.94,world
670.10,2026-08-31 06:37:53,37.34,-1.63,-1.19,-55.0,grandpas_village,10.76,rain,20.901,7.193,0.00,10.02,world
670.60,2026-08-31 06:37:53,36.61,-1.61,1.20,-17.5,grandpas_village,10.78,rain,19.795,6.077,0.00,11.33,world
671.10,2026-08-31 06:37:54,35.86,-1.72,3.64,-17.5,grandpas_village,10.80,rain,19.795,6.077,0.00,13.03,world
671.60,2026-08-31 06:37:54,35.10,-1.94,6.10,-17.5,grandpas_village,10.82,rain,25.790,9.968,0.00,14.99,world
672.10,2026-08-31 06:37:55,33.76,-1.47,5.70,-165.6,grandpas_village,10.84,rain,25.790,9.968,0.00,14.21,world
672.60,2026-08-31 06:37:55,34.99,-1.46,3.66,146.4,grandpas_village,10.86,rain,34.729,43.847,0.00,12.69,world
673.10,2026-08-31 06:37:56,35.41,-1.37,2.33,-115.9,grandpas_village,10.88,rain,34.729,43.847,0.00,11.66,world
673.60,2026-08-31 06:37:56,35.73,-1.39,1.74,151.7,grandpas_village,10.90,rain,20.216,6.205,0.00,11.30,world
674.10,2026-08-31 06:37:57,36.94,-1.54,-0.50,154.1,grandpas_village,10.92,rain,20.216,6.205,0.00,10.21,world
674.60,2026-08-31 06:37:57,37.86,-1.74,-2.20,164.6,grandpas_village,10.94,rain,18.939,9.225,0.00,9.77,world
675.10,2026-08-31 06:37:58,37.88,-1.70,-2.93,-167.8,grandpas_village,10.96,rain,18.939,9.225,0.00,9.37,world
675.60,2026-08-31 06:37:58,38.55,-1.81,-5.40,165.3,grandpas_village,10.98,rain,19.802,6.763,0.00,8.94,world
676.10,2026-08-31 06:37:59,39.22,-2.01,-7.88,165.3,grandpas_village,11.00,rain,19.802,6.763,0.00,8.73,world
676.60,2026-08-31 06:37:59,39.89,-2.31,-10.38,165.3,grandpas_village,11.02,rain,19.291,21.488,0.00,6.84,world
677.10,2026-08-31 06:38:00,39.55,-2.19,-10.59,-36.0,grandpas_village,11.04,rain,19.291,21.488,0.00,6.48,world
677.60,2026-08-31 06:38:00,39.63,-2.16,-8.09,1.5,grandpas_village,11.06,rain,19.206,7.203,0.00,8.70,world
678.10,2026-08-31 06:38:01,38.80,-1.86,-6.89,-96.2,grandpas_village,11.08,rain,19.206,7.203,0.00,8.87,world
678.60,2026-08-31 06:38:01,38.71,-1.83,-6.86,-75.2,grandpas_village,11.10,rain,20.348,8.492,0.00,8.79,world
679.10,2026-08-31 06:38:02,38.47,-1.83,-4.47,-6.2,grandpas_village,11.12,rain,20.348,8.492,0.00,9.18,world
679.60,2026-08-31 06:38:02,38.22,-1.89,-1.94,-6.2,grandpas_village,11.14,rain,20.870,6.989,0.00,10.21,world
680.10,2026-08-31 06:38:03,37.26,-1.61,-1.08,-108.1,grandpas_village,11.16,rain,20.870,6.989,0.00,10.03,world
680.60,2026-08-31 06:38:03,37.25,-1.60,-1.08,-108.1,grandpas_village,11.18,rain,20.466,7.175,0.00,10.02,world
681.10,2026-08-31 06:38:04,36.69,-1.57,0.67,-18.1,grandpas_village,11.20,rain,20.466,7.175,0.00,10.95,world
681.60,2026-08-31 06:38:04,35.91,-1.65,3.09,-18.1,grandpas_village,11.22,rain,21.608,7.520,0.00,12.57,world
682.50,2026-08-31 06:38:05,35.56,-1.72,4.20,-18.1,grandpas_village,11.26,rain,21.088,6.683,0.00,13.41,world
683.00,2026-08-31 06:38:05,35.56,-1.72,4.20,-18.1,grandpas_village,11.28,rain,21.088,6.683,0.00,13.41,world
683.90,2026-08-31 06:38:06,35.56,-1.72,4.20,-18.1,grandpas_village,11.31,rain,20.177,7.409,0.00,13.41,world
684.80,2026-08-31 06:38:07,35.56,-1.72,4.20,-18.1,grandpas_village,11.35,rain,19.277,6.947,0.00,13.41,world
685.30,2026-08-31 06:38:08,35.56,-1.72,4.20,-18.1,grandpas_village,11.37,rain,19.277,6.947,0.00,13.41,world
686.27,2026-08-31 06:38:09,35.56,-1.72,4.20,-18.1,grandpas_village,11.41,rain,19.500,25.280,0.00,13.41,world
686.77,2026-08-31 06:38:09,35.46,-1.69,4.16,-70.6,grandpas_village,11.43,rain,47.842,6.848,0.00,13.33,world
687.27,2026-08-31 06:38:10,34.57,-1.37,3.90,-88.3,grandpas_village,11.45,rain,47.842,6.848,0.00,12.74,world
687.77,2026-08-31 06:38:10,33.67,-1.42,5.55,-111.1,grandpas_village,11.47,rain,18.268,6.645,0.00,14.04,world
688.27,2026-08-31 06:38:11,33.17,-1.50,6.76,-21.4,grandpas_village,11.49,rain,18.268,6.645,0.00,15.09,world
688.77,2026-08-31 06:38:11,32.25,-1.68,9.15,-21.4,grandpas_village,11.51,rain,18.217,6.666,0.00,17.30,world
689.27,2026-08-31 06:38:12,31.56,-1.55,9.48,-73.3,grandpas_village,11.53,rain,18.217,6.666,0.00,17.54,world
689.77,2026-08-31 06:38:12,30.44,-1.70,11.73,-26.1,grandpas_village,11.55,rain,17.656,5.937,0.00,17.65,world
690.27,2026-08-31 06:38:13,29.32,-1.98,14.06,-26.1,grandpas_village,11.57,rain,17.656,5.937,0.00,17.08,world
690.77,2026-08-31 06:38:13,28.06,-2.14,15.76,-122.4,grandpas_village,11.59,rain,18.628,6.440,0.00,16.51,world
691.27,2026-08-31 06:38:14,26.45,-1.59,14.81,-122.4,grandpas_village,11.61,rain,18.628,6.440,0.00,14.65,world
691.77,2026-08-31 06:38:14,25.89,-1.61,15.29,-123.1,grandpas_village,11.63,rain,20.129,6.287,0.00,14.34,world
692.27,2026-08-31 06:38:15,25.34,-1.61,15.73,-123.8,grandpas_village,11.65,rain,20.129,6.287,0.00,14.06,world
692.77,2026-08-31 06:38:15,24.84,-1.62,16.16,-124.5,grandpas_village,11.67,rain,20.825,9.209,0.00,13.83,world
693.27,2026-08-31 06:38:16,24.36,-1.61,16.56,-125.1,grandpas_village,11.69,rain,20.825,9.209,0.00,13.64,world
693.77,2026-08-31 06:38:16,23.90,-1.60,16.93,-125.6,grandpas_village,11.71,rain,19.114,6.307,0.00,13.48,world
694.27,2026-08-31 06:38:17,23.47,-1.59,17.30,-126.2,grandpas_village,11.73,rain,19.114,6.307,0.00,13.36,world
694.77,2026-08-31 06:38:17,23.06,-1.57,17.63,-126.7,grandpas_village,11.75,rain,22.495,9.311,0.00,13.26,world
695.27,2026-08-31 06:38:18,22.69,-1.56,17.95,-127.2,grandpas_village,11.77,rain,22.495,9.311,0.00,13.19,world
695.77,2026-08-31 06:38:18,22.35,-1.53,18.24,-127.6,grandpas_village,11.79,rain,20.338,6.263,0.00,13.14,world
696.27,2026-08-31 06:38:19,22.01,-1.51,18.51,-128.1,grandpas_village,11.81,rain,20.338,6.263,0.00,13.11,world
696.77,2026-08-31 06:38:19,21.64,-1.48,18.84,-97.0,grandpas_village,11.83,rain,18.618,6.286,0.00,13.09,world
697.27,2026-08-31 06:38:20,20.12,-1.42,20.76,-38.5,grandpas_village,11.85,rain,18.618,6.286,0.00,13.75,world
697.77,2026-08-31 06:38:20,18.60,-1.32,22.69,-38.5,grandpas_village,11.87,rain,22.065,9.564,0.00,14.79,world
698.27,2026-08-31 06:38:21,17.08,-1.20,24.61,-38.5,grandpas_village,11.89,rain,22.065,9.564,0.00,16.13,world
698.77,2026-08-31 06:38:21,15.46,-1.06,23.80,-136.7,grandpas_village,11.91,rain,18.715,6.323,0.00,15.00,world
699.27,2026-08-31 06:38:22,14.16,-0.87,22.97,-137.1,grandpas_village,11.93,rain,18.715,6.323,0.00,14.02,world
699.77,2026-08-31 06:38:22,13.28,-0.80,23.26,-138.0,grandpas_village,11.95,rain,18.800,6.086,0.00,14.27,world
700.27,2026-08-31 06:38:23,12.44,-0.74,23.54,-138.9,grandpas_village,11.97,rain,18.800,6.086,0.00,14.56,world
700.77,2026-08-31 06:38:23,11.64,-0.68,23.81,-139.8,grandpas_village,11.99,rain,17.995,18.216,0.00,14.87,world
701.27,2026-08-31 06:38:24,10.90,-0.60,24.06,-140.6,grandpas_village,12.01,rain,17.995,18.216,0.00,15.20,world
701.77,2026-08-31 06:38:24,10.18,-0.51,24.29,-141.4,grandpas_village,12.03,rain,18.796,6.529,0.00,15.55,world
702.27,2026-08-31 06:38:25,9.53,-0.42,24.51,-142.1,grandpas_village,12.05,rain,18.796,6.529,0.00,15.90,world
702.77,2026-08-31 06:38:25,8.91,-0.33,24.72,-142.8,grandpas_village,12.07,rain,19.145,5.931,0.00,16.24,world
703.27,2026-08-31 06:38:26,8.30,-0.25,24.92,-143.5,grandpas_village,12.09,rain,19.145,5.931,0.00,16.60,world
703.77,2026-08-31 06:38:26,7.72,-0.17,25.11,-144.1,grandpas_village,12.11,rain,18.328,6.541,0.00,16.96,world
704.27,2026-08-31 06:38:27,7.18,-0.09,25.29,-144.7,grandpas_village,12.13,rain,18.328,6.541,0.00,17.30,world
704.77,2026-08-31 06:38:27,6.66,-0.01,25.47,-145.3,grandpas_village,12.15,rain,21.975,6.909,0.00,17.65,world
705.27,2026-08-31 06:38:28,6.16,0.06,25.64,-145.9,grandpas_village,12.17,rain,21.975,6.909,0.00,17.99,world
705.77,2026-08-31 06:38:28,5.66,0.12,25.80,-146.5,grandpas_village,12.19,rain,20.345,6.077,0.00,18.33,world
706.27,2026-08-31 06:38:29,5.18,0.18,25.96,-147.0,grandpas_village,12.21,rain,20.345,6.077,0.00,18.67,world
706.77,2026-08-31 06:38:29,4.73,0.23,26.11,-147.6,grandpas_village,12.23,rain,17.920,6.303,0.00,19.01,world
707.27,2026-08-31 06:38:30,4.29,0.28,26.26,-148.1,grandpas_village,12.25,rain,17.920,6.303,0.00,19.33,world
707.77,2026-08-31 06:38:30,3.85,0.31,26.40,-148.6,grandpas_village,12.27,rain,18.493,6.533,0.00,19.66,world
708.27,2026-08-31 06:38:31,3.42,0.33,26.55,-149.1,grandpas_village,12.29,rain,18.493,6.533,0.00,20.00,world
708.77,2026-08-31 06:38:31,1.67,0.33,27.61,-59.2,grandpas_village,12.31,rain,18.325,6.164,0.00,21.79,world
709.27,2026-08-31 06:38:32,-0.26,0.32,28.21,-153.8,grandpas_village,12.33,rain,18.325,6.164,0.00,21.64,world
709.77,2026-08-31 06:38:32,-1.27,0.49,26.89,-154.2,grandpas_village,12.35,rain,18.868,5.760,0.00,20.05,world
710.27,2026-08-31 06:38:33,-2.20,0.47,26.94,-155.2,grandpas_village,12.37,rain,18.868,5.760,0.00,19.81,world
710.77,2026-08-31 06:38:33,-3.09,0.47,26.99,-156.2,grandpas_village,12.39,rain,19.344,6.545,0.00,19.62,world
711.27,2026-08-31 06:38:34,-3.96,0.43,27.04,-157.2,grandpas_village,12.41,rain,19.344,6.545,0.00,19.46,world
711.77,2026-08-31 06:38:34,-4.73,0.44,27.08,-158.1,grandpas_village,12.43,rain,19.735,7.236,0.00,19.36,world
712.27,2026-08-31 06:38:35,-5.49,0.42,27.13,-159.0,grandpas_village,12.45,rain,19.735,7.236,0.00,19.29,world
712.77,2026-08-31 06:38:35,-6.21,0.41,27.16,-159.9,grandpas_village,12.47,rain,20.049,6.956,0.00,19.25,world
713.27,2026-08-31 06:38:36,-6.84,0.43,27.20,-160.6,grandpas_village,12.49,rain,20.049,6.956,0.00,19.24,world
713.77,2026-08-31 06:38:36,-7.49,0.42,27.24,-161.4,grandpas_village,12.51,rain,18.903,7.038,0.00,19.25,world
714.27,2026-08-31 06:38:37,-8.09,0.42,27.27,-162.2,grandpas_village,12.53,rain,18.903,7.038,0.00,19.27,world
714.77,2026-08-31 06:38:37,-8.66,0.42,27.31,-162.9,grandpas_village,12.55,rain,24.621,7.221,0.00,19.32,world
715.27,2026-08-31 06:38:38,-9.19,0.42,27.33,-163.5,grandpas_village,12.57,rain,24.621,7.221,0.00,19.37,world
715.77,2026-08-31 06:38:38,-9.70,0.42,27.36,-164.1,grandpas_village,12.59,rain,19.389,6.443,0.00,19.43,world
716.27,2026-08-31 06:38:39,-10.18,0.42,27.39,-164.7,grandpas_village,12.61,rain,19.389,6.443,0.00,19.51,world
716.77,2026-08-31 06:38:39,-10.66,0.41,27.41,-165.3,grandpas_village,12.63,rain,23.041,6.752,0.00,19.59,world
717.27,2026-08-31 06:38:40,-12.24,0.32,27.79,-75.6,grandpas_village,12.65,rain,23.041,6.752,0.00,20.23,world
717.77,2026-08-31 06:38:40,-14.71,0.19,28.43,-75.6,grandpas_village,12.67,rain,20.859,9.912,0.00,21.51,world
718.27,2026-08-31 06:38:41,-16.89,0.15,28.77,-159.6,grandpas_village,12.69,rain,20.859,9.912,0.00,22.59,world
718.77,2026-08-31 06:38:41,-17.12,0.77,26.83,-173.5,grandpas_village,12.71,rain,20.724,6.444,0.00,20.84,world
719.27,2026-08-31 06:38:42,-17.76,1.27,25.16,-174.1,grandpas_village,12.73,rain,20.724,6.444,0.00,19.16,world
719.77,2026-08-31 06:38:42,-18.84,1.69,24.09,-175.4,grandpas_village,12.75,rain,20.977,6.532,0.00,18.11,world
720.27,2026-08-31 06:38:43,-19.82,2.24,22.63,-176.8,grandpas_village,12.77,rain,20.977,6.532,0.00,16.73,world
720.77,2026-08-31 06:38:43,-19.93,2.82,20.56,-176.8,grandpas_village,12.79,rain,42.902,9.119,0.00,14.68,world
721.27,2026-08-31 06:38:44,-20.04,3.36,18.45,-176.8,grandpas_village,12.81,rain,42.902,9.119,0.00,12.61,world
721.77,2026-08-31 06:38:44,-20.16,3.75,16.19,-176.7,grandpas_village,12.83,rain,19.832,6.229,0.00,10.41,world
722.27,2026-08-31 06:38:45,-20.30,3.67,13.67,-176.7,grandpas_village,12.85,rain,19.832,6.229,0.00,8.01,world
722.77,2026-08-31 06:38:45,-20.44,3.16,11.08,-176.7,grandpas_village,12.87,rain,21.413,7.207,0.00,5.64,world
723.27,2026-08-31 06:38:46,-20.58,2.56,8.50,-176.7,grandpas_village,12.89,rain,21.413,7.207,0.00,3.59,world
723.77,2026-08-31 06:38:46,-20.73,2.00,5.91,-176.7,grandpas_village,12.91,rain,23.123,6.433,0.00,2.73,world
724.27,2026-08-31 06:38:47,-20.88,1.55,3.31,-176.7,grandpas_village,12.93,rain,23.123,6.433,0.00,3.94,world
724.77,2026-08-31 06:38:47,-21.02,1.25,0.74,-176.7,grandpas_village,12.95,rain,22.025,7.108,0.00,6.07,world
725.27,2026-08-31 06:38:48,-21.17,1.17,-1.78,-176.7,grandpas_village,12.97,rain,22.025,7.108,0.00,8.40,world
725.77,2026-08-31 06:38:48,-21.31,1.20,-4.27,-176.7,grandpas_village,12.99,rain,22.469,6.924,0.00,8.21,world
726.27,2026-08-31 06:38:49,-21.46,1.20,-6.76,-176.7,grandpas_village,13.01,rain,22.469,6.924,0.00,7.56,world
726.77,2026-08-31 06:38:49,-21.61,1.20,-9.26,-176.7,grandpas_village,13.03,rain,29.001,7.375,0.00,7.71,world
727.27,2026-08-31 06:38:50,-21.75,1.20,-11.75,-176.7,grandpas_village,13.05,rain,29.001,7.375,0.00,8.61,world
727.77,2026-08-31 06:38:50,-22.20,1.20,-12.48,-92.6,grandpas_village,13.07,rain,27.267,10.863,0.00,9.35,world
728.27,2026-08-31 06:38:51,-21.49,1.20,-12.24,81.3,grandpas_village,13.09,rain,27.267,10.863,0.00,8.61,world
728.77,2026-08-31 06:38:51,-19.56,1.20,-12.22,-173.7,grandpas_village,13.11,rain,21.239,6.679,0.00,6.98,world
729.27,2026-08-31 06:38:52,-21.25,1.20,-11.98,-62.8,grandpas_village,13.13,rain,21.239,6.679,0.00,8.27,world
729.77,2026-08-31 06:38:52,-23.47,1.20,-10.83,-62.8,grandpas_village,13.15,rain,23.796,6.155,0.00,9.88,world
730.27,2026-08-31 06:38:53,-23.46,1.20,-12.30,-158.3,grandpas_village,13.17,rain,23.796,6.155,0.00,10.39,world
730.77,2026-08-31 06:38:53,-25.61,1.20,-12.48,-110.3,grandpas_village,13.19,rain,20.228,6.337,0.00,12.44,world
731.27,2026-08-31 06:38:54,-27.30,1.20,-12.43,-110.3,grandpas_village,13.21,rain,20.228,6.337,0.00,14.02,world
731.77,2026-08-31 06:38:54,-27.58,1.20,-13.46,114.8,grandpas_village,13.23,rain,19.011,6.606,0.00,14.64,world
732.27,2026-08-31 06:38:55,-28.36,1.20,-15.59,-156.1,grandpas_village,13.25,rain,19.011,6.606,0.00,16.25,world
732.77,2026-08-31 06:38:55,-29.38,1.20,-17.88,-156.1,grandpas_village,13.27,rain,18.701,8.545,0.00,18.28,world
733.27,2026-08-31 06:38:56,-30.39,1.20,-20.16,-156.1,grandpas_village,13.29,rain,18.701,8.545,0.00,20.41,world
733.77,2026-08-31 06:38:56,-29.75,1.20,-20.59,59.3,grandpas_village,13.31,rain,22.138,7.191,0.00,20.16,world
734.27,2026-08-31 06:38:57,-30.16,1.20,-18.66,-30.7,grandpas_village,13.33,rain,22.138,7.191,0.00,19.36,world
734.77,2026-08-31 06:38:57,-30.73,1.20,-16.81,84.6,grandpas_village,13.35,rain,24.601,6.785,0.00,18.91,world
735.27,2026-08-31 06:38:58,-28.25,1.20,-16.58,84.7,grandpas_village,13.37,rain,24.601,6.785,0.00,16.63,world
735.77,2026-08-31 06:38:58,-27.52,1.20,-16.10,0.7,grandpas_village,13.39,rain,19.465,6.137,0.00,15.76,world
736.27,2026-08-31 06:38:59,-27.58,1.20,-15.04,176.2,grandpas_village,13.41,rain,19.465,6.137,0.00,15.30,world
736.77,2026-08-31 06:38:59,-28.13,1.20,-17.47,-167.3,grandpas_village,13.43,rain,18.660,6.039,0.00,17.02,world
737.27,2026-08-31 06:39:00,-27.52,1.20,-18.20,67.5,grandpas_village,13.45,rain,18.660,6.039,0.00,16.93,world
737.77,2026-08-31 06:39:00,-28.22,1.20,-16.13,-20.6,grandpas_village,13.47,rain,20.862,6.502,0.00,16.38,world
738.27,2026-08-31 06:39:01,-28.62,1.20,-14.22,84.4,grandpas_village,13.49,rain,20.862,6.502,0.00,15.89,world
738.77,2026-08-31 06:39:01,-27.52,1.20,-14.83,102.1,grandpas_village,13.51,rain,19.626,6.037,0.00,15.15,world
739.27,2026-08-31 06:39:02,-27.53,1.20,-15.36,129.3,grandpas_village,13.53,rain,19.626,6.037,0.00,15.40,world
739.77,2026-08-31 06:39:02,-27.86,1.20,-17.80,-172.3,grandpas_village,13.55,rain,18.875,6.451,0.00,16.97,world
740.27,2026-08-31 06:39:03,-27.60,1.20,-18.92,61.9,grandpas_village,13.57,rain,18.875,6.451,0.00,17.44,world
740.77,2026-08-31 06:39:03,-28.30,1.20,-17.01,-25.0,grandpas_village,13.59,rain,18.778,6.104,0.00,16.91,world
741.27,2026-08-31 06:39:04,-29.16,1.20,-14.89,38.1,grandpas_village,13.61,rain,18.778,6.104,0.00,16.65,world
741.77,2026-08-31 06:39:04,-27.52,1.20,-15.06,99.7,grandpas_village,13.63,rain,22.327,5.883,0.00,15.25,world
742.27,2026-08-31 06:39:05,-27.52,1.20,-16.72,117.0,grandpas_village,13.65,rain,22.327,5.883,0.00,16.09,world
742.77,2026-08-31 06:39:05,-27.71,1.20,-15.63,-8.8,grandpas_village,13.67,rain,18.077,6.099,0.00,15.68,world
743.27,2026-08-31 06:39:06,-28.09,1.20,-13.15,-8.8,grandpas_village,13.69,rain,18.077,6.099,0.00,15.00,world
743.77,2026-08-31 06:39:06,-28.30,1.20,-10.96,64.7,grandpas_village,13.71,rain,19.696,6.005,0.00,14.61,world
744.27,2026-08-31 06:39:07,-26.55,1.20,-11.50,39.1,grandpas_village,13.73,rain,19.696,6.005,0.00,13.03,world
744.77,2026-08-31 06:39:07,-24.97,1.20,-9.56,39.1,grandpas_village,13.75,rain,20.288,9.379,0.00,11.08,world
745.27,2026-08-31 06:39:08,-23.39,1.20,-7.62,39.1,grandpas_village,13.77,rain,20.288,9.379,0.00,9.40,world
745.77,2026-08-31 06:39:08,-21.88,1.20,-5.91,102.2,grandpas_village,13.79,rain,20.294,6.797,0.00,8.15,world
746.27,2026-08-31 06:39:09,-22.35,1.20,-7.59,-88.7,grandpas_village,13.81,rain,20.294,6.797,0.00,8.36,world
746.77,2026-08-31 06:39:09,-24.85,1.20,-7.54,-88.7,grandpas_village,13.83,rain,18.685,5.852,0.00,10.86,world
747.27,2026-08-31 06:39:10,-25.08,1.20,-9.01,156.2,grandpas_village,13.85,rain,18.685,5.852,0.00,11.12,world
747.77,2026-08-31 06:39:10,-24.07,1.20,-11.30,156.2,grandpas_village,13.87,rain,19.424,7.577,0.00,10.60,world
748.27,2026-08-31 06:39:11,-23.09,1.20,-12.48,162.0,grandpas_village,13.89,rain,19.424,7.577,0.00,10.13,world
748.77,2026-08-31 06:39:11,-22.46,1.20,-12.48,172.1,grandpas_village,13.91,rain,19.063,6.117,0.00,9.58,world
749.27,2026-08-31 06:39:12,-22.22,1.20,-12.48,-162.4,grandpas_village,13.93,rain,19.063,6.117,0.00,9.36,world
749.77,2026-08-31 06:39:12,-24.56,1.20,-12.48,-93.2,grandpas_village,13.95,rain,19.305,6.143,0.00,11.47,world
750.27,2026-08-31 06:39:13,-26.63,1.20,-12.40,-93.2,grandpas_village,13.97,rain,19.305,6.143,0.00,13.38,world
750.77,2026-08-31 06:39:13,-27.53,1.20,-12.66,121.2,grandpas_village,13.99,rain,20.291,7.486,0.00,14.31,world
751.27,2026-08-31 06:39:14,-28.47,1.20,-14.20,-148.7,grandpas_village,14.01,rain,20.291,7.486,0.00,15.75,world
751.77,2026-08-31 06:39:14,-29.77,1.20,-16.34,-148.7,grandpas_village,14.03,rain,23.558,7.190,0.00,17.84,world
752.27,2026-08-31 06:39:15,-31.07,1.20,-18.48,-148.7,grandpas_village,14.05,rain,23.558,7.190,0.00,20.03,world
752.77,2026-08-31 06:39:15,-30.69,1.20,-19.24,69.6,grandpas_village,14.07,rain,20.170,6.867,0.00,20.13,world
753.27,2026-08-31 06:39:16,-30.54,1.20,-17.37,-20.4,grandpas_village,14.09,rain,20.170,6.867,0.00,19.01,world
753.77,2026-08-31 06:39:16,-30.99,1.20,-15.33,74.1,grandpas_village,14.11,rain,20.128,6.853,0.00,18.51,world
754.27,2026-08-31 06:39:17,-28.53,1.20,-15.50,94.4,grandpas_village,14.13,rain,20.128,6.853,0.00,16.35,world
754.77,2026-08-31 06:39:17,-27.52,1.20,-15.65,125.9,grandpas_village,14.15,rain,24.028,8.192,0.00,15.53,world
755.27,2026-08-31 06:39:18,-27.57,1.20,-15.52,-2.5,grandpas_village,14.17,rain,24.028,8.192,0.00,15.51,world
755.77,2026-08-31 06:39:18,-27.68,1.20,-13.02,-2.5,grandpas_village,14.19,rain,27.628,11.693,0.00,14.57,world
756.27,2026-08-31 06:39:19,-27.45,1.20,-11.21,113.1,grandpas_village,14.21,rain,27.628,11.693,0.00,13.83,world
756.77,2026-08-31 06:39:19,-25.66,1.20,-11.50,41.4,grandpas_village,14.23,rain,21.086,7.617,0.00,12.18,world
757.27,2026-08-31 06:39:20,-24.01,1.20,-9.63,41.4,grandpas_village,14.25,rain,21.086,7.617,0.00,10.14,world
757.77,2026-08-31 06:39:20,-22.36,1.20,-7.75,41.4,grandpas_village,14.27,rain,22.100,7.330,0.00,8.36,world
758.27,2026-08-31 06:39:21,-20.96,1.20,-6.46,146.4,grandpas_village,14.29,rain,22.100,7.330,0.00,7.13,world
758.77,2026-08-31 06:39:21,-21.98,1.20,-7.94,-83.7,grandpas_village,14.31,rain,18.597,6.288,0.00,7.98,world
759.27,2026-08-31 06:39:22,-24.46,1.20,-7.66,-83.7,grandpas_village,14.33,rain,18.597,6.288,0.00,10.47,world
759.77,2026-08-31 06:39:22,-24.35,1.20,-9.44,160.3,grandpas_village,14.35,rain,22.578,6.236,0.00,10.45,world
760.27,2026-08-31 06:39:23,-23.51,1.20,-11.80,160.3,grandpas_village,14.37,rain,22.578,6.236,0.00,10.24,world
760.77,2026-08-31 06:39:23,-22.73,1.20,-12.48,167.7,grandpas_village,14.39,rain,20.580,8.268,0.00,9.81,world
761.27,2026-08-31 06:39:24,-22.30,1.20,-12.48,174.9,grandpas_village,14.41,rain,20.580,8.268,0.00,9.43,world
761.77,2026-08-31 06:39:24,-20.77,1.20,-12.39,86.4,grandpas_village,14.43,rain,19.158,7.733,0.00,8.07,world
762.27,2026-08-31 06:39:25,-18.38,1.20,-12.29,128.5,grandpas_village,14.45,rain,19.158,7.733,0.00,6.13,world
762.77,2026-08-31 06:39:25,-19.66,1.20,-12.10,-50.5,grandpas_village,14.47,rain,19.681,6.273,0.00,6.99,world
763.27,2026-08-31 06:39:26,-21.59,1.20,-10.51,-50.5,grandpas_village,14.49,rain,19.681,6.273,0.00,8.00,world
763.77,2026-08-31 06:39:26,-22.34,1.20,-11.23,175.9,grandpas_village,14.51,rain,28.179,6.896,0.00,8.95,world
764.27,2026-08-31 06:39:27,-24.25,1.20,-11.92,-94.1,grandpas_village,14.53,rain,28.179,6.896,0.00,10.97,world
764.77,2026-08-31 06:39:27,-26.74,1.20,-12.10,-94.1,grandpas_village,14.55,rain,19.778,6.634,0.00,13.39,world
765.27,2026-08-31 06:39:28,-27.59,1.20,-12.67,120.8,grandpas_village,14.57,rain,19.778,6.634,0.00,14.37,world
765.77,2026-08-31 06:39:28,-28.36,1.20,-14.05,-149.2,grandpas_village,14.59,rain,21.412,6.103,0.00,15.58,world
766.27,2026-08-31 06:39:29,-29.64,1.20,-16.20,-149.2,grandpas_village,14.61,rain,21.412,6.103,0.00,17.66,world
766.77,2026-08-31 06:39:29,-30.92,1.20,-18.35,-149.2,grandpas_village,14.63,rain,19.842,5.807,0.00,19.83,world
767.27,2026-08-31 06:39:30,-31.02,1.20,-19.51,68.7,grandpas_village,14.65,rain,19.842,5.807,0.00,20.55,world
767.77,2026-08-31 06:39:30,-30.46,1.20,-17.82,-21.3,grandpas_village,14.67,rain,23.266,7.131,0.00,19.17,world
768.27,2026-08-31 06:39:31,-31.23,1.20,-15.59,31.3,grandpas_village,14.69,rain,23.266,7.131,0.00,18.83,world
768.77,2026-08-31 06:39:31,-28.93,1.20,-15.59,93.4,grandpas_village,14.71,rain,19.073,6.189,0.00,16.75,world
769.27,2026-08-31 06:39:32,-27.52,1.20,-15.67,93.4,grandpas_village,14.73,rain,19.073,6.189,0.00,15.54,world
769.77,2026-08-31 06:39:32,-27.59,1.20,-16.20,-5.2,grandpas_village,14.75,rain,18.490,6.359,0.00,15.87,world
770.27,2026-08-31 06:39:33,-27.82,1.20,-13.71,-5.2,grandpas_village,14.77,rain,18.490,6.359,0.00,14.95,world
770.77,2026-08-31 06:39:33,-27.93,1.20,-11.43,57.8,grandpas_village,14.79,rain,19.698,6.323,0.00,14.34,world
771.27,2026-08-31 06:39:34,-26.16,1.20,-12.00,38.5,grandpas_village,14.81,rain,19.698,6.323,0.00,12.81,world
771.77,2026-08-31 06:39:34,-24.61,1.20,-10.04,38.5,grandpas_village,14.83,rain,22.032,7.215,0.00,10.80,world
772.27,2026-08-31 06:39:35,-23.06,1.20,-8.09,38.5,grandpas_village,14.85,rain,22.032,7.215,0.00,9.06,world
772.77,2026-08-31 06:39:35,-21.56,1.20,-6.29,91.0,grandpas_village,14.87,rain,19.462,5.926,0.00,7.75,world
773.27,2026-08-31 06:39:36,-21.99,1.20,-7.95,-86.7,grandpas_village,14.89,rain,19.462,5.926,0.00,7.99,world
773.77,2026-08-31 06:39:36,-24.49,1.20,-7.81,-86.7,grandpas_village,14.91,rain,21.650,6.862,0.00,10.49,world
774.27,2026-08-31 06:39:37,-24.86,1.20,-9.17,157.3,grandpas_village,14.93,rain,21.650,6.862,0.00,10.92,world
774.77,2026-08-31 06:39:37,-23.89,1.20,-11.48,157.3,grandpas_village,14.95,rain,20.999,6.841,0.00,10.49,world
775.27,2026-08-31 06:39:38,-22.96,1.20,-12.48,163.5,grandpas_village,14.97,rain,20.999,6.841,0.00,10.02,world
775.77,2026-08-31 06:39:38,-22.41,1.20,-12.48,173.0,grandpas_village,14.99,rain,24.582,6.737,0.00,9.53,world
776.27,2026-08-31 06:39:39,-21.14,1.20,-12.40,85.7,grandpas_village,15.01,rain,24.582,6.737,0.00,8.39,world
776.77,2026-08-31 06:39:39,-18.65,1.20,-12.21,85.7,grandpas_village,15.03,rain,19.170,7.331,0.00,6.27,world
777.27,2026-08-31 06:39:40,-19.47,1.20,-12.32,-88.0,grandpas_village,15.05,rain,19.170,7.331,0.00,6.97,world
777.77,2026-08-31 06:39:40,-21.41,1.20,-10.75,-51.1,grandpas_village,15.07,rain,19.403,6.141,0.00,7.90,world
778.27,2026-08-31 06:39:41,-22.44,1.20,-10.93,175.1,grandpas_village,15.09,rain,19.403,6.141,0.00,8.93,world
778.77,2026-08-31 06:39:41,-23.98,1.20,-11.95,-94.9,grandpas_village,15.11,rain,20.108,6.124,0.00,10.73,world
779.27,2026-08-31 06:39:42,-26.47,1.20,-12.16,-94.9,grandpas_village,15.13,rain,20.108,6.124,0.00,13.14,world
779.77,2026-08-31 06:39:42,-27.92,1.20,-12.61,128.5,grandpas_village,15.15,rain,19.857,8.738,0.00,14.67,world
780.27,2026-08-31 06:39:43,-28.23,1.20,-14.27,-152.0,grandpas_village,15.17,rain,19.857,8.738,0.00,15.55,world
780.77,2026-08-31 06:39:43,-29.40,1.20,-16.48,-152.0,grandpas_village,15.19,rain,19.307,6.364,0.00,17.58,world
781.27,2026-08-31 06:39:44,-30.58,1.20,-18.69,-152.0,grandpas_village,15.21,cloudy,19.307,6.364,0.00,19.72,world
781.77,2026-08-31 06:39:44,-31.09,1.20,-20.27,81.9,grandpas_village,15.23,cloudy,20.277,11.811,0.00,21.04,world
782.27,2026-08-31 06:39:45,-30.21,1.20,-18.71,-25.2,grandpas_village,15.25,cloudy,20.277,11.811,0.00,19.43,world
782.77,2026-08-31 06:39:45,-31.26,1.20,-16.45,-14.7,grandpas_village,15.27,cloudy,28.623,18.240,0.00,19.22,world
783.27,2026-08-31 06:39:46,-29.30,1.20,-16.04,89.7,grandpas_village,15.29,cloudy,28.623,18.240,0.00,17.28,world
783.77,2026-08-31 06:39:46,-27.52,1.20,-16.03,89.7,grandpas_village,15.31,cloudy,23.366,6.288,0.00,15.72,world
784.27,2026-08-31 06:39:47,-27.58,1.20,-15.26,-136.6,grandpas_village,15.33,cloudy,23.366,6.288,0.00,15.40,world
784.77,2026-08-31 06:39:47,-27.90,1.20,-17.74,-172.6,grandpas_village,15.35,cloudy,22.728,7.283,0.00,16.98,world
785.27,2026-08-31 06:39:48,-27.53,1.20,-17.79,49.7,grandpas_village,15.37,cloudy,22.728,7.283,0.00,16.70,world
785.77,2026-08-31 06:39:48,-28.32,1.20,-15.45,-18.8,grandpas_village,15.39,cloudy,24.335,7.116,0.00,16.15,world
786.27,2026-08-31 06:39:49,-28.05,1.20,-14.13,107.2,grandpas_village,15.41,cloudy,24.335,7.116,0.00,15.32,world
786.93,2026-08-31 06:39:49,-27.91,1.20,-15.71,-163.3,grandpas_village,15.43,cloudy,19.866,6.202,0.00,15.90,world
787.43,2026-08-31 06:39:50,-27.91,1.20,-15.71,-163.3,grandpas_village,15.45,cloudy,20.471,17.681,0.00,15.90,world
788.30,2026-08-31 06:39:51,-27.91,1.20,-15.71,-163.3,grandpas_village,15.49,cloudy,20.471,17.681,0.00,15.90,world
788.83,2026-08-31 06:39:51,-27.91,1.20,-15.71,-163.3,grandpas_village,15.51,cloudy,19.898,7.015,0.00,15.90,world
789.72,2026-08-31 06:39:52,-27.91,1.20,-15.71,-163.3,grandpas_village,15.55,cloudy,34.749,8.558,0.00,15.90,world
790.60,2026-08-31 06:39:53,-27.91,1.20,-15.71,-163.3,grandpas_village,15.58,cloudy,18.917,7.074,0.00,15.90,world
791.47,2026-08-31 06:39:54,-27.91,1.20,-15.71,-163.3,grandpas_village,15.61,cloudy,18.256,6.289,0.00,15.90,world
792.32,2026-08-31 06:39:55,-27.91,1.20,-15.71,-163.3,grandpas_village,15.65,cloudy,18.256,6.289,0.00,15.90,world
793.32,2026-08-31 06:39:56,-27.91,1.20,-15.71,-163.3,grandpas_village,15.68,cloudy,289.678,4.896,0.00,15.90,menu_map
793.82,2026-08-31 06:39:56,-27.91,1.20,-15.71,-163.3,grandpas_village,15.68,cloudy,289.678,4.896,0.00,15.90,menu_save
794.33,2026-08-31 06:39:57,-27.91,1.20,-15.71,-163.3,grandpas_village,15.68,cloudy,191.381,7.462,0.00,15.90,menu_save
795.00,2026-08-31 06:39:58,-27.91,1.20,-15.71,-163.3,grandpas_village,15.68,cloudy,191.381,7.462,0.00,15.90,menu_save
795.50,2026-08-31 06:39:58,-27.91,1.20,-15.71,-163.3,grandpas_village,15.68,cloudy,27.206,6.362,0.00,15.90,menu_save
796.00,2026-08-31 06:39:59,-27.91,1.20,-15.71,-163.3,grandpas_village,15.68,cloudy,27.206,6.362,0.00,15.90,menu_save
796.50,2026-08-31 06:39:59,-27.91,1.20,-15.71,-163.3,grandpas_village,15.68,cloudy,25.431,3.502,0.00,15.90,menu_save
797.00,2026-08-31 06:40:00,-27.91,1.20,-15.71,-163.3,grandpas_village,15.68,cloudy,25.431,3.502,0.00,15.90,world
