t,wall,x,y,z,heading,region,clock_hour,weather,frame_ms,physics_ms,dead_travel_m,nearest_poi_dist_m,input_context
0.75,2026-08-31 00:10:52,0.00,0.00,0.00,0.0,grandpas_village,0.00,,23.696,4.216,0.00,,title
0.90,2026-08-31 00:10:52,0.00,0.00,0.00,0.0,grandpas_village,0.00,,23.696,4.216,0.00,,title
1.58,2026-08-31 00:11:56,-180.00,23.71,2730.00,30.0,corridor,8.02,clear,15.644,14.801,0.00,,world
2.08,2026-08-31 00:11:57,-180.00,14.58,2730.00,30.0,corridor,8.04,clear,15.573,2.714,0.00,,world
2.58,2026-08-31 00:11:57,-180.00,-2.91,2730.00,30.0,corridor,8.06,clear,15.573,2.714,0.00,,world
3.08,2026-08-31 00:11:58,-180.00,-2.91,2730.00,30.0,corridor,8.08,clear,17.422,3.765,0.00,,world
3.58,2026-08-31 00:11:58,-180.00,-2.91,2730.00,30.0,corridor,8.10,clear,17.422,3.765,0.00,,world
4.10,2026-08-31 00:11:59,-180.00,-2.91,2730.00,30.0,corridor,8.12,clear,15.326,3.508,0.00,,world
4.60,2026-08-31 00:11:59,-180.00,-2.91,2730.00,30.0,corridor,8.14,clear,15.326,3.508,0.00,,world
5.10,2026-08-31 00:12:00,-180.00,-2.91,2730.00,30.0,corridor,8.16,clear,14.854,3.669,0.00,,world
5.60,2026-08-31 00:12:00,-180.00,-2.91,2730.00,30.0,corridor,8.18,clear,14.854,3.669,0.00,,world
6.10,2026-08-31 00:12:01,-180.00,-2.91,2730.00,30.0,corridor,8.20,clear,20.643,4.817,0.00,,world
6.60,2026-08-31 00:12:01,-180.00,-2.91,2730.00,30.0,corridor,8.22,clear,20.643,4.817,0.00,,world
7.10,2026-08-31 00:12:02,-180.00,-2.91,2730.00,30.0,corridor,8.24,clear,19.192,4.539,0.00,,world
7.60,2026-08-31 00:12:02,-180.00,-2.91,2730.00,30.0,corridor,8.26,clear,19.192,4.539,0.00,,world
8.10,2026-08-31 00:12:03,-180.00,-2.91,2730.00,30.0,corridor,8.28,clear,15.712,3.897,0.00,,world
8.60,2026-08-31 00:12:03,-180.00,-2.91,2730.00,30.0,corridor,8.30,clear,15.712,3.897,0.00,,world
9.10,2026-08-31 00:12:04,-180.00,-2.91,2730.00,30.0,corridor,8.32,clear,16.774,4.231,0.00,,world
9.60,2026-08-31 00:12:04,-180.00,-2.91,2730.00,30.0,corridor,8.34,clear,16.774,4.231,0.00,,world
10.10,2026-08-31 00:12:05,-180.00,-2.91,2730.00,30.0,corridor,8.36,clear,16.075,4.274,0.00,,world
10.60,2026-08-31 00:12:05,-180.00,-2.91,2730.00,30.0,corridor,8.38,clear,16.075,4.274,0.00,,world
11.10,2026-08-31 00:12:06,-180.00,-2.91,2730.00,30.0,corridor,8.40,clear,15.869,3.928,0.00,,world
11.60,2026-08-31 00:12:06,-180.00,-2.91,2730.00,30.0,corridor,8.42,clear,15.869,3.928,0.00,,world
12.10,2026-08-31 00:12:07,-180.00,-2.91,2730.00,30.0,corridor,8.44,clear,15.530,3.695,0.00,,world
12.60,2026-08-31 00:12:07,-180.00,-2.91,2730.00,30.0,corridor,8.46,clear,15.530,3.695,0.00,,world
13.10,2026-08-31 00:12:08,-180.00,-2.91,2730.00,30.0,corridor,8.48,clear,15.006,3.517,0.00,,world
13.60,2026-08-31 00:12:08,-180.00,-2.91,2730.00,30.0,corridor,8.50,clear,15.006,3.517,0.00,,world
14.10,2026-08-31 00:12:09,-180.00,-2.91,2730.00,30.0,corridor,8.52,clear,15.412,4.243,0.00,,world
14.60,2026-08-31 00:12:09,-180.00,-2.91,2730.00,30.0,corridor,8.54,clear,15.412,4.243,0.00,,world
15.10,2026-08-31 00:12:10,-180.00,-2.91,2730.00,30.0,corridor,8.56,clear,15.864,4.003,0.00,,world
15.60,2026-08-31 00:12:10,-180.00,-2.91,2730.00,30.0,corridor,8.58,clear,15.864,4.003,0.00,,world
16.10,2026-08-31 00:12:11,-180.00,-2.91,2730.00,30.0,corridor,8.60,clear,14.946,3.946,0.00,,world
16.60,2026-08-31 00:12:11,-180.00,-2.91,2730.00,30.0,corridor,8.62,clear,14.946,3.946,0.00,,world
17.10,2026-08-31 00:12:12,-180.00,-2.91,2730.00,30.0,corridor,8.64,clear,15.875,3.888,0.00,,world
17.60,2026-08-31 00:12:12,-180.00,-2.91,2730.00,30.0,corridor,8.66,clear,15.875,3.888,0.00,,world
18.10,2026-08-31 00:12:13,-180.00,-2.91,2730.00,30.0,corridor,8.68,clear,18.962,22.163,0.00,,world
18.60,2026-08-31 00:12:13,-180.00,-2.91,2730.00,30.0,corridor,8.70,clear,18.962,22.163,0.00,,world
19.10,2026-08-31 00:12:14,-180.00,-2.91,2730.00,30.0,corridor,8.72,clear,17.987,5.006,0.00,,world
19.60,2026-08-31 00:12:14,-180.00,-2.91,2730.00,30.0,corridor,8.74,clear,17.987,5.006,0.00,,world
20.10,2026-08-31 00:12:15,-180.00,-2.91,2730.00,30.0,corridor,8.76,clear,16.218,4.528,0.00,,world
20.60,2026-08-31 00:12:15,-180.00,-2.91,2730.00,30.0,corridor,8.78,clear,16.218,4.528,0.00,,world
21.10,2026-08-31 00:12:16,-180.00,-2.91,2730.00,30.0,corridor,8.80,clear,14.544,3.925,0.00,,world
21.60,2026-08-31 00:12:16,-180.00,-2.91,2730.00,30.0,corridor,8.82,clear,14.544,3.925,0.00,,world
22.10,2026-08-31 00:12:17,-180.00,-2.91,2730.00,30.0,corridor,8.84,clear,15.663,3.967,0.00,,world
22.60,2026-08-31 00:12:17,-180.00,-2.91,2730.00,30.0,corridor,8.86,clear,15.663,3.967,0.00,,world
23.10,2026-08-31 00:12:18,-180.00,-2.91,2730.00,30.0,corridor,8.88,clear,15.717,4.303,0.00,,world
23.60,2026-08-31 00:12:18,-180.00,-2.91,2730.00,30.0,corridor,8.90,clear,15.717,4.303,0.00,,world
24.10,2026-08-31 00:12:19,-180.00,-2.91,2730.00,30.0,corridor,8.92,clear,16.131,3.823,0.00,,world
24.60,2026-08-31 00:12:19,-180.00,-2.91,2730.00,30.0,corridor,8.94,clear,16.131,3.823,0.00,,world
25.10,2026-08-31 00:12:20,-180.00,-2.91,2730.00,30.0,corridor,8.96,clear,18.702,5.134,0.00,,world
25.60,2026-08-31 00:12:20,-180.00,-2.91,2730.00,30.0,corridor,8.98,clear,18.702,5.134,0.00,,world
26.10,2026-08-31 00:12:21,-180.00,-2.91,2730.00,30.0,corridor,9.00,clear,15.017,4.234,0.00,,world
26.60,2026-08-31 00:12:21,-180.00,-2.91,2730.00,30.0,corridor,9.02,clear,15.017,4.234,0.00,,world
27.10,2026-08-31 00:12:22,-180.00,-2.91,2730.00,30.0,corridor,9.04,clear,15.691,26.437,0.00,,world
27.60,2026-08-31 00:12:22,-180.00,-2.91,2730.00,30.0,corridor,9.06,clear,15.691,26.437,0.00,,world
28.10,2026-08-31 00:12:23,-180.00,-2.91,2730.00,30.0,corridor,9.08,clear,16.012,4.762,0.00,,world
28.60,2026-08-31 00:12:23,-180.00,-2.91,2730.00,30.0,corridor,9.10,clear,16.012,4.762,0.00,,world
29.10,2026-08-31 00:12:24,-180.00,-2.91,2730.00,30.0,corridor,9.12,clear,15.297,4.131,0.00,,world
29.60,2026-08-31 00:12:24,-180.00,-2.91,2730.00,30.0,corridor,9.14,clear,15.297,4.131,0.00,,world
30.10,2026-08-31 00:12:25,-180.00,-2.91,2730.00,30.0,corridor,9.16,clear,16.776,4.515,0.00,,world
30.60,2026-08-31 00:12:25,-180.00,-2.91,2730.00,30.0,corridor,9.18,clear,16.776,4.515,0.00,,world
31.10,2026-08-31 00:12:26,-180.00,-2.91,2730.00,30.0,corridor,9.20,clear,17.334,4.584,0.00,,world
31.60,2026-08-31 00:12:26,-180.00,-2.91,2730.00,30.0,corridor,9.22,clear,17.334,4.584,0.00,,world
32.10,2026-08-31 00:12:27,-180.00,-2.91,2730.00,30.0,corridor,9.24,clear,17.185,4.131,0.00,,world
32.60,2026-08-31 00:12:27,-180.00,-2.91,2730.00,30.0,corridor,9.26,clear,17.185,4.131,0.00,,world
33.10,2026-08-31 00:12:28,-180.00,-2.91,2730.00,30.0,corridor,9.28,clear,17.005,4.494,0.00,,world
33.60,2026-08-31 00:12:28,-180.00,-2.91,2730.00,30.0,corridor,9.30,clear,17.005,4.494,0.00,,world
34.10,2026-08-31 00:12:29,-180.00,-2.91,2730.00,30.0,corridor,9.32,clear,16.954,5.352,0.00,,world
34.60,2026-08-31 00:12:29,-180.00,-2.91,2730.00,30.0,corridor,9.34,clear,16.954,5.352,0.00,,world
35.10,2026-08-31 00:12:30,-180.00,-2.91,2730.00,30.0,corridor,9.36,clear,19.997,4.931,0.00,,world
35.60,2026-08-31 00:12:30,-180.00,-2.91,2730.00,30.0,corridor,9.38,clear,19.997,4.931,0.00,,world
36.10,2026-08-31 00:12:31,-180.00,-2.91,2730.00,30.0,corridor,9.40,clear,17.094,4.488,0.00,,world
36.60,2026-08-31 00:12:31,-180.00,-2.91,2730.00,30.0,corridor,9.42,clear,17.094,4.488,0.00,,world
37.10,2026-08-31 00:12:32,-180.00,-2.91,2730.00,30.0,corridor,9.44,clear,17.287,4.808,0.00,,world
37.60,2026-08-31 00:12:32,-180.00,-2.91,2730.00,30.0,corridor,9.46,clear,17.287,4.808,0.00,,world
38.10,2026-08-31 00:12:33,-180.00,-2.91,2730.00,30.0,corridor,9.48,clear,16.630,5.478,0.00,,world
38.60,2026-08-31 00:12:33,-180.00,-2.91,2730.00,30.0,corridor,9.50,clear,16.630,5.478,0.00,,world
39.10,2026-08-31 00:12:34,-180.00,-2.91,2730.00,30.0,corridor,9.52,clear,17.222,5.272,0.00,,world
39.60,2026-08-31 00:12:34,-180.00,-2.91,2730.00,30.0,corridor,9.54,clear,17.222,5.272,0.00,,world
40.10,2026-08-31 00:12:35,-180.00,-2.91,2730.00,30.0,corridor,9.56,clear,17.178,4.669,0.00,,world
40.60,2026-08-31 00:12:35,-180.00,-2.91,2730.00,30.0,corridor,9.58,clear,17.178,4.669,0.00,,world
41.10,2026-08-31 00:12:36,-180.00,-2.91,2730.00,30.0,corridor,9.60,clear,16.775,4.057,0.00,,world
41.60,2026-08-31 00:12:36,-180.00,-2.91,2730.00,30.0,corridor,9.62,clear,16.775,4.057,0.00,,world
42.10,2026-08-31 00:12:37,-180.00,-2.91,2730.00,30.0,corridor,9.64,clear,15.711,4.928,0.00,,world
42.60,2026-08-31 00:12:37,-180.00,-2.91,2730.00,30.0,corridor,9.66,clear,15.711,4.928,0.00,,world
43.10,2026-08-31 00:12:38,-180.00,-2.91,2730.00,30.0,corridor,9.68,clear,16.557,4.802,0.00,,world
43.60,2026-08-31 00:12:38,-180.00,-2.91,2730.00,30.0,corridor,9.70,clear,16.557,4.802,0.00,,world
44.10,2026-08-31 00:12:39,-180.00,-2.91,2730.00,30.0,corridor,9.72,clear,15.727,4.064,0.00,,world
44.60,2026-08-31 00:12:39,-180.00,-2.91,2730.00,30.0,corridor,9.74,clear,15.727,4.064,0.00,,world
45.10,2026-08-31 00:12:40,-180.00,-2.91,2730.00,30.0,corridor,9.76,clear,15.997,4.193,0.00,,world
45.60,2026-08-31 00:12:40,-180.00,-2.91,2730.00,30.0,corridor,9.78,clear,15.997,4.193,0.00,,world
46.10,2026-08-31 00:12:41,-180.00,-2.91,2730.00,30.0,corridor,9.80,clear,15.763,4.506,0.00,,world
46.60,2026-08-31 00:12:41,-180.00,-2.91,2730.00,30.0,corridor,9.82,clear,15.763,4.506,0.00,,world
47.10,2026-08-31 00:12:42,-180.00,-2.91,2730.00,30.0,corridor,9.84,clear,16.057,5.511,0.00,,world
47.60,2026-08-31 00:12:42,-180.00,-2.91,2730.00,30.0,corridor,9.86,clear,16.057,5.511,0.00,,world
48.10,2026-08-31 00:12:43,-180.00,-2.91,2730.00,30.0,corridor,9.88,clear,16.459,4.173,0.00,,world
48.60,2026-08-31 00:12:43,-180.00,-2.91,2730.00,30.0,corridor,9.90,clear,16.459,4.173,0.00,,world
49.10,2026-08-31 00:12:44,-180.00,-2.91,2730.00,30.0,corridor,9.92,clear,18.438,17.855,0.00,,world
49.60,2026-08-31 00:12:44,-180.00,-2.91,2730.00,30.0,corridor,9.94,clear,18.438,17.855,0.00,,world
50.10,2026-08-31 00:12:45,-180.00,-2.91,2730.00,30.0,corridor,9.96,clear,16.112,4.932,0.00,,world
50.60,2026-08-31 00:12:45,-180.00,-2.91,2730.00,30.0,corridor,9.98,clear,16.112,4.932,0.00,,world
51.10,2026-08-31 00:12:46,-180.00,-2.91,2730.00,30.0,corridor,10.00,clear,18.062,4.390,0.00,,world
51.60,2026-08-31 00:12:46,-180.00,-2.91,2730.00,30.0,corridor,10.02,clear,18.062,4.390,0.00,,world
52.10,2026-08-31 00:12:47,-180.00,-2.91,2730.00,30.0,corridor,10.04,clear,15.359,4.694,0.00,,world
52.60,2026-08-31 00:12:47,-180.00,-2.91,2730.00,30.0,corridor,10.06,clear,15.359,4.694,0.00,,world
53.10,2026-08-31 00:12:48,-180.00,-2.91,2730.00,30.0,corridor,10.08,clear,14.790,3.766,0.00,,world
53.60,2026-08-31 00:12:48,-180.00,-2.91,2730.00,30.0,corridor,10.10,clear,14.790,3.766,0.00,,world
54.10,2026-08-31 00:12:49,-180.00,-2.91,2730.00,30.0,corridor,10.12,clear,16.265,5.102,0.00,,world
54.60,2026-08-31 00:12:49,-180.00,-2.91,2730.00,30.0,corridor,10.14,clear,16.265,5.102,0.00,,world
55.10,2026-08-31 00:12:50,-180.00,-2.91,2730.00,30.0,corridor,10.16,clear,15.566,4.369,0.00,,world
55.60,2026-08-31 00:12:50,-180.00,-2.91,2730.00,30.0,corridor,10.18,clear,15.566,4.369,0.00,,world
56.10,2026-08-31 00:12:51,-180.00,-2.91,2730.00,30.0,corridor,10.20,clear,14.877,4.331,0.00,,world
56.60,2026-08-31 00:12:51,-180.00,-2.91,2730.00,30.0,corridor,10.22,clear,14.877,4.331,0.00,,world
57.10,2026-08-31 00:12:52,-180.00,-2.91,2730.00,30.0,corridor,10.24,clear,16.098,4.499,0.00,,world
57.60,2026-08-31 00:12:52,-180.00,-2.91,2730.00,30.0,corridor,10.26,clear,16.098,4.499,0.00,,world
58.10,2026-08-31 00:12:53,-180.00,-2.91,2730.00,30.0,corridor,10.28,clear,15.748,4.309,0.00,,world
58.60,2026-08-31 00:12:53,-180.00,-2.91,2730.00,30.0,corridor,10.30,clear,15.748,4.309,0.00,,world
59.10,2026-08-31 00:12:54,-180.00,-2.91,2730.00,30.0,corridor,10.32,clear,16.643,4.354,0.00,,world
59.60,2026-08-31 00:12:54,-180.00,-2.91,2730.00,30.0,corridor,10.34,clear,16.643,4.354,0.00,,world
60.10,2026-08-31 00:12:55,-180.00,-2.91,2730.00,30.0,corridor,10.36,clear,16.296,5.237,0.00,,world
60.60,2026-08-31 00:12:55,-180.00,-2.91,2730.00,30.0,corridor,10.38,clear,16.296,5.237,0.00,,world
61.10,2026-08-31 00:12:56,-180.00,-2.91,2730.00,30.0,corridor,10.40,clear,16.751,4.236,0.00,,world
61.60,2026-08-31 00:12:56,-180.00,-2.91,2730.00,30.0,corridor,10.42,clear,16.751,4.236,0.00,,world
62.10,2026-08-31 00:12:57,-180.00,-2.91,2730.00,30.0,corridor,10.44,clear,16.781,4.164,0.00,,world
62.60,2026-08-31 00:12:57,-180.00,-2.91,2730.00,30.0,corridor,10.46,clear,16.781,4.164,0.00,,world
63.10,2026-08-31 00:12:58,-180.00,-2.91,2730.00,30.0,corridor,10.48,clear,19.117,5.523,0.00,,world
63.60,2026-08-31 00:12:58,-180.00,-2.91,2730.00,30.0,corridor,10.50,clear,19.117,5.523,0.00,,world
64.10,2026-08-31 00:12:59,-180.00,-2.91,2730.00,30.0,corridor,10.52,clear,18.777,4.865,0.00,,world
64.60,2026-08-31 00:12:59,-180.00,-2.91,2730.00,30.0,corridor,10.54,clear,18.777,4.865,0.00,,world
65.10,2026-08-31 00:13:00,-180.00,-2.91,2730.00,30.0,corridor,10.56,clear,16.713,3.979,0.00,,world
65.60,2026-08-31 00:13:00,-180.00,-2.91,2730.00,30.0,corridor,10.58,clear,16.713,3.979,0.00,,world
66.10,2026-08-31 00:13:01,-180.00,-2.91,2730.00,30.0,corridor,10.60,clear,16.176,4.990,0.00,,world
66.60,2026-08-31 00:13:01,-180.00,-2.91,2730.00,30.0,corridor,10.62,clear,16.176,4.990,0.00,,world
67.10,2026-08-31 00:13:02,-180.00,-2.91,2730.00,30.0,corridor,10.64,clear,19.040,5.757,0.00,,world
67.60,2026-08-31 00:13:02,-180.00,-2.91,2730.00,30.0,corridor,10.66,clear,19.040,5.757,0.00,,world
68.10,2026-08-31 00:13:03,-180.00,-2.91,2730.00,30.0,corridor,10.68,clear,15.971,4.714,0.00,,world
68.60,2026-08-31 00:13:03,-180.00,-2.91,2730.00,30.0,corridor,10.70,clear,15.971,4.714,0.00,,world
69.10,2026-08-31 00:13:04,-180.00,-2.91,2730.00,30.0,corridor,10.72,clear,24.792,8.917,0.00,,world
69.60,2026-08-31 00:13:04,-180.00,-2.91,2730.00,30.0,corridor,10.74,clear,24.792,8.917,0.00,,world
70.10,2026-08-31 00:13:05,-180.00,-2.91,2730.00,30.0,corridor,10.76,clear,16.301,4.469,0.00,,world
70.60,2026-08-31 00:13:05,-180.00,-2.91,2730.00,30.0,corridor,10.78,clear,16.301,4.469,0.00,,world
71.10,2026-08-31 00:13:06,-180.00,-2.91,2730.00,30.0,corridor,10.80,clear,14.889,3.592,0.00,,world
71.60,2026-08-31 00:13:06,-180.00,-2.91,2730.00,30.0,corridor,10.82,clear,14.889,3.592,0.00,,world
72.10,2026-08-31 00:13:07,-180.00,-2.91,2730.00,30.0,corridor,10.84,clear,15.663,4.684,0.00,,world
72.60,2026-08-31 00:13:07,-180.00,-2.91,2730.00,30.0,corridor,10.86,clear,15.663,4.684,0.00,,world
73.10,2026-08-31 00:13:08,-180.00,-2.91,2730.00,30.0,corridor,10.88,clear,16.621,4.305,0.00,,world
73.60,2026-08-31 00:13:08,-180.00,-2.91,2730.00,30.0,corridor,10.90,clear,16.621,4.305,0.00,,world
74.10,2026-08-31 00:13:09,-180.00,-2.91,2730.00,30.0,corridor,10.92,clear,17.388,4.752,0.00,,world
74.60,2026-08-31 00:13:09,-180.00,-2.91,2730.00,30.0,corridor,10.94,clear,17.388,4.752,0.00,,world
75.10,2026-08-31 00:13:10,-180.00,-2.91,2730.00,30.0,corridor,10.96,clear,21.638,38.074,0.00,,world
75.60,2026-08-31 00:13:10,-180.00,-2.91,2730.00,30.0,corridor,10.98,clear,21.638,38.074,0.00,,world
76.10,2026-08-31 00:13:11,-180.00,-2.91,2730.00,30.0,corridor,11.00,clear,16.547,4.995,0.00,,world
76.60,2026-08-31 00:13:11,-180.00,-2.91,2730.00,30.0,corridor,11.02,clear,16.547,4.995,0.00,,world
77.10,2026-08-31 00:13:12,-180.00,-2.91,2730.00,30.0,corridor,11.04,clear,17.733,5.079,0.00,,world
77.60,2026-08-31 00:13:12,-180.00,-2.91,2730.00,30.0,corridor,11.06,clear,17.733,5.079,0.00,,world
78.10,2026-08-31 00:13:13,-180.00,-2.91,2730.00,30.0,corridor,11.08,clear,16.100,3.955,0.00,,world
78.60,2026-08-31 00:13:13,-180.00,-2.91,2730.00,30.0,corridor,11.10,clear,16.100,3.955,0.00,,world
79.10,2026-08-31 00:13:14,-180.00,-2.91,2730.00,30.0,corridor,11.12,clear,16.458,3.860,0.00,,world
79.60,2026-08-31 00:13:14,-180.00,-2.91,2730.00,30.0,corridor,11.14,clear,16.458,3.860,0.00,,world
80.10,2026-08-31 00:13:15,-180.00,-2.91,2730.00,30.0,corridor,11.16,clear,17.425,4.250,0.00,,world
80.60,2026-08-31 00:13:15,-180.00,-2.91,2730.00,30.0,corridor,11.18,clear,17.425,4.250,0.00,,world
81.10,2026-08-31 00:13:16,-180.00,-2.91,2730.00,30.0,corridor,11.20,clear,15.433,4.381,0.00,,world
81.60,2026-08-31 00:13:16,-180.00,-2.91,2730.00,30.0,corridor,11.22,clear,15.433,4.381,0.00,,world
82.10,2026-08-31 00:13:17,-180.00,-2.91,2730.00,30.0,corridor,11.24,clear,15.438,4.003,0.00,,world
82.60,2026-08-31 00:13:17,-180.00,-2.91,2730.00,30.0,corridor,11.26,clear,15.438,4.003,0.00,,world
83.10,2026-08-31 00:13:18,-180.00,-2.91,2730.00,30.0,corridor,11.28,clear,17.297,6.089,0.00,,world
83.60,2026-08-31 00:13:18,-180.00,-2.91,2730.00,30.0,corridor,11.30,clear,17.297,6.089,0.00,,world
84.10,2026-08-31 00:13:19,-180.00,-2.91,2730.00,30.0,corridor,11.32,clear,15.548,3.960,0.00,,world
84.60,2026-08-31 00:13:19,-180.00,-2.91,2730.00,30.0,corridor,11.34,clear,15.548,3.960,0.00,,world
85.10,2026-08-31 00:13:20,-180.00,-2.91,2730.00,30.0,corridor,11.36,clear,16.872,4.441,0.00,,world
85.60,2026-08-31 00:13:20,-180.00,-2.91,2730.00,30.0,corridor,11.38,clear,16.872,4.441,0.00,,world
86.10,2026-08-31 00:13:21,-180.00,-2.91,2730.00,30.0,corridor,11.40,clear,20.142,5.288,0.00,,world
86.60,2026-08-31 00:13:21,-180.00,-2.91,2730.00,30.0,corridor,11.42,clear,20.142,5.288,0.00,,world
87.10,2026-08-31 00:13:22,-180.00,-2.91,2730.00,30.0,corridor,11.44,clear,15.997,4.209,0.00,,world
87.60,2026-08-31 00:13:22,-180.00,-2.91,2730.00,30.0,corridor,11.46,clear,15.997,4.209,0.00,,world
88.10,2026-08-31 00:13:23,-180.00,-2.91,2730.00,30.0,corridor,11.48,clear,16.800,4.785,0.00,,world
88.60,2026-08-31 00:13:23,-180.00,-2.91,2730.00,30.0,corridor,11.50,clear,16.800,4.785,0.00,,world
89.10,2026-08-31 00:13:24,-180.00,-2.91,2730.00,30.0,corridor,11.52,clear,16.240,4.292,0.00,,world
89.60,2026-08-31 00:13:24,-180.00,-2.91,2730.00,30.0,corridor,11.54,clear,16.240,4.292,0.00,,world
90.10,2026-08-31 00:13:25,-180.00,-2.91,2730.00,30.0,corridor,11.56,clear,15.713,4.431,0.00,,world
90.60,2026-08-31 00:13:25,-180.00,-2.91,2730.00,30.0,corridor,11.58,clear,15.713,4.431,0.00,,world
91.10,2026-08-31 00:13:26,-180.00,-2.91,2730.00,30.0,corridor,11.60,clear,15.506,4.625,0.00,,world
91.60,2026-08-31 00:13:26,-180.00,-2.91,2730.00,30.0,corridor,11.62,clear,15.506,4.625,0.00,,world
92.10,2026-08-31 00:13:27,-180.00,-2.91,2730.00,30.0,corridor,11.64,clear,15.573,3.879,0.00,,world
92.60,2026-08-31 00:13:27,-180.00,-2.91,2730.00,30.0,corridor,11.66,clear,15.573,3.879,0.00,,world
93.10,2026-08-31 00:13:28,-180.00,-2.91,2730.00,30.0,corridor,11.68,clear,16.034,4.354,0.00,,world
93.60,2026-08-31 00:13:28,-180.00,-2.91,2730.00,30.0,corridor,11.70,clear,16.034,4.354,0.00,,world
94.10,2026-08-31 00:13:29,-180.00,-2.91,2730.00,30.0,corridor,11.72,clear,16.674,4.073,0.00,,world
94.60,2026-08-31 00:13:29,-180.00,-2.91,2730.00,30.0,corridor,11.74,clear,16.674,4.073,0.00,,world
95.10,2026-08-31 00:13:30,-180.00,-2.91,2730.00,30.0,corridor,11.76,clear,16.261,4.567,0.00,,world
95.60,2026-08-31 00:13:30,-180.00,-2.91,2730.00,30.0,corridor,11.78,clear,16.261,4.567,0.00,,world
96.10,2026-08-31 00:13:31,-180.00,-2.91,2730.00,30.0,corridor,11.80,clear,17.010,4.740,0.00,,world
96.60,2026-08-31 00:13:31,-180.00,-2.91,2730.00,30.0,corridor,11.82,clear,17.010,4.740,0.00,,world
97.10,2026-08-31 00:13:32,-180.00,-2.91,2730.00,30.0,corridor,11.84,clear,15.863,4.053,0.00,,world
97.60,2026-08-31 00:13:32,-180.00,-2.91,2730.00,30.0,corridor,11.86,clear,15.863,4.053,0.00,,world
98.10,2026-08-31 00:13:33,-180.00,-2.91,2730.00,30.0,corridor,11.88,clear,14.860,4.658,0.00,,world
98.60,2026-08-31 00:13:33,-180.00,-2.91,2730.00,30.0,corridor,11.90,clear,14.860,4.658,0.00,,world
99.10,2026-08-31 00:13:34,-180.00,-2.91,2730.00,30.0,corridor,11.92,clear,16.383,4.467,0.00,,world
99.60,2026-08-31 00:13:34,-180.00,-2.91,2730.00,30.0,corridor,11.94,clear,16.383,4.467,0.00,,world
100.10,2026-08-31 00:13:35,-180.00,-2.91,2730.00,30.0,corridor,11.96,clear,15.968,4.835,0.00,,world
100.60,2026-08-31 00:13:35,-180.00,-2.91,2730.00,30.0,corridor,11.98,clear,15.968,4.835,0.00,,world
101.10,2026-08-31 00:13:36,-180.00,-2.91,2730.00,30.0,corridor,12.00,clear,15.636,3.757,0.00,,world
101.60,2026-08-31 00:13:36,-180.00,-2.91,2730.00,30.0,corridor,12.02,clear,15.636,3.757,0.00,,world
102.10,2026-08-31 00:13:37,-180.00,-2.91,2730.00,30.0,corridor,12.04,clear,16.146,3.876,0.00,,world
102.60,2026-08-31 00:13:37,-180.00,-2.91,2730.00,30.0,corridor,12.06,clear,16.146,3.876,0.00,,world
103.10,2026-08-31 00:13:38,-180.00,-2.91,2730.00,30.0,corridor,12.08,clear,15.829,4.288,0.00,,world
103.60,2026-08-31 00:13:38,-180.00,-2.91,2730.00,30.0,corridor,12.10,clear,15.829,4.288,0.00,,world
104.10,2026-08-31 00:13:39,-180.00,-2.91,2730.00,30.0,corridor,12.12,clear,15.992,4.920,0.00,,world
104.60,2026-08-31 00:13:39,-180.00,-2.91,2730.00,30.0,corridor,12.14,clear,15.992,4.920,0.00,,world
105.10,2026-08-31 00:13:40,-180.00,-2.91,2730.00,30.0,corridor,12.16,clear,16.038,4.068,0.00,,world
105.60,2026-08-31 00:13:40,-180.00,-2.91,2730.00,30.0,corridor,12.18,clear,16.038,4.068,0.00,,world
106.10,2026-08-31 00:13:41,-180.00,-2.91,2730.00,30.0,corridor,12.20,clear,18.346,4.970,0.00,,world
106.60,2026-08-31 00:13:41,-180.00,-2.91,2730.00,30.0,corridor,12.22,clear,18.346,4.970,0.00,,world
107.10,2026-08-31 00:13:42,-180.00,-2.91,2730.00,30.0,corridor,12.24,clear,17.264,4.726,0.00,,world
107.60,2026-08-31 00:13:42,-180.00,-2.91,2730.00,30.0,corridor,12.26,clear,17.264,4.726,0.00,,world
108.10,2026-08-31 00:13:43,-180.00,-2.91,2730.00,30.0,corridor,12.28,clear,16.737,4.214,0.00,,world
108.60,2026-08-31 00:13:43,-180.00,-2.91,2730.00,30.0,corridor,12.30,clear,16.737,4.214,0.00,,world
109.10,2026-08-31 00:13:44,-180.00,-2.91,2730.00,30.0,corridor,12.32,clear,16.301,4.940,0.00,,world
109.60,2026-08-31 00:13:44,-180.00,-2.91,2730.00,30.0,corridor,12.34,clear,16.301,4.940,0.00,,world
110.10,2026-08-31 00:13:45,-180.00,-2.91,2730.00,30.0,corridor,12.36,clear,17.203,4.910,0.00,,world
110.60,2026-08-31 00:13:45,-180.00,-2.91,2730.00,30.0,corridor,12.38,clear,17.203,4.910,0.00,,world
111.10,2026-08-31 00:13:46,-180.00,-2.91,2730.00,30.0,corridor,12.40,clear,18.401,6.210,0.00,,world
111.60,2026-08-31 00:13:46,-180.00,-2.91,2730.00,30.0,corridor,12.42,clear,18.401,6.210,0.00,,world
112.10,2026-08-31 00:13:47,-180.00,-2.91,2730.00,30.0,corridor,12.44,clear,17.564,5.278,0.00,,world
112.60,2026-08-31 00:13:47,-180.00,-2.91,2730.00,30.0,corridor,12.46,clear,17.564,5.278,0.00,,world
113.10,2026-08-31 00:13:48,-180.00,-2.91,2730.00,30.0,corridor,12.48,clear,18.957,5.259,0.00,,world
113.60,2026-08-31 00:13:48,-180.00,-2.91,2730.00,30.0,corridor,12.50,clear,18.957,5.259,0.00,,world
114.10,2026-08-31 00:13:49,-180.00,-2.91,2730.00,30.0,corridor,12.52,clear,16.709,4.801,0.00,,world
114.60,2026-08-31 00:13:49,-180.00,-2.91,2730.00,30.0,corridor,12.54,clear,16.709,4.801,0.00,,world
115.10,2026-08-31 00:13:50,-180.00,-2.91,2730.00,30.0,corridor,12.56,clear,18.034,29.882,0.00,,world
115.60,2026-08-31 00:13:50,-180.00,-2.91,2730.00,30.0,corridor,12.58,clear,18.034,29.882,0.00,,world
116.10,2026-08-31 00:13:51,-180.00,-2.91,2730.00,30.0,corridor,12.60,clear,20.251,9.493,0.00,,world
116.60,2026-08-31 00:13:51,-180.00,-2.91,2730.00,30.0,corridor,12.62,clear,20.251,9.493,0.00,,world
117.10,2026-08-31 00:13:52,-180.00,-2.91,2730.00,30.0,corridor,12.64,clear,16.778,4.739,0.00,,world
117.60,2026-08-31 00:13:52,-180.00,-2.91,2730.00,30.0,corridor,12.66,clear,16.778,4.739,0.00,,world
118.10,2026-08-31 00:13:53,-180.00,-2.91,2730.00,30.0,corridor,12.68,clear,16.431,4.470,0.00,,world
118.60,2026-08-31 00:13:53,-180.00,-2.91,2730.00,30.0,corridor,12.70,clear,16.431,4.470,0.00,,world
119.10,2026-08-31 00:13:54,-180.00,-2.91,2730.00,30.0,corridor,12.72,clear,16.456,4.192,0.00,,world
119.60,2026-08-31 00:13:54,-180.00,-2.91,2730.00,30.0,corridor,12.74,clear,16.456,4.192,0.00,,world
120.10,2026-08-31 00:13:55,-180.00,-2.91,2730.00,30.0,corridor,12.76,clear,17.025,4.388,0.00,,world
120.60,2026-08-31 00:13:55,-180.00,-2.91,2730.00,30.0,corridor,12.78,clear,17.025,4.388,0.00,,world
121.10,2026-08-31 00:13:56,-180.00,-2.91,2730.00,30.0,corridor,12.80,clear,15.639,4.262,0.00,,world
121.60,2026-08-31 00:13:56,-180.00,-2.91,2730.00,30.0,corridor,12.82,clear,15.639,4.262,0.00,,world
122.10,2026-08-31 00:13:57,-180.00,-2.91,2730.00,30.0,corridor,12.84,clear,15.464,4.346,0.00,,world
122.60,2026-08-31 00:13:57,-180.00,-2.91,2730.00,30.0,corridor,12.86,clear,15.464,4.346,0.00,,world
123.10,2026-08-31 00:13:58,-180.00,-2.91,2730.00,30.0,corridor,12.88,clear,17.067,4.802,0.00,,world
123.60,2026-08-31 00:13:58,-180.00,-2.91,2730.00,30.0,corridor,12.90,clear,17.067,4.802,0.00,,world
124.10,2026-08-31 00:13:59,-180.00,-2.91,2730.00,30.0,corridor,12.92,clear,16.363,4.589,0.00,,world
124.60,2026-08-31 00:13:59,-180.00,-2.91,2730.00,30.0,corridor,12.94,clear,16.363,4.589,0.00,,world
125.10,2026-08-31 00:14:00,-180.00,-2.91,2730.00,30.0,corridor,12.96,clear,16.549,4.227,0.00,,world
125.60,2026-08-31 00:14:00,-180.00,-2.91,2730.00,30.0,corridor,12.98,clear,16.549,4.227,0.00,,world
126.10,2026-08-31 00:14:01,-180.00,-2.91,2730.00,30.0,corridor,13.00,clear,16.801,4.569,0.00,,world
126.60,2026-08-31 00:14:01,-180.00,-2.91,2730.00,30.0,corridor,13.02,clear,16.801,4.569,0.00,,world
127.10,2026-08-31 00:14:02,-180.00,-2.91,2730.00,30.0,corridor,13.04,clear,15.540,4.563,0.00,,world
127.60,2026-08-31 00:14:02,-180.00,-2.91,2730.00,30.0,corridor,13.06,clear,15.540,4.563,0.00,,world
128.10,2026-08-31 00:14:03,-180.00,-2.91,2730.00,30.0,corridor,13.08,clear,17.131,5.128,0.00,,world
128.60,2026-08-31 00:14:03,-180.00,-2.91,2730.00,30.0,corridor,13.10,clear,17.131,5.128,0.00,,world
129.10,2026-08-31 00:14:04,-180.00,-2.91,2730.00,30.0,corridor,13.12,clear,16.919,4.680,0.00,,world
129.60,2026-08-31 00:14:04,-180.00,-2.91,2730.00,30.0,corridor,13.14,clear,16.919,4.680,0.00,,world
130.10,2026-08-31 00:14:05,-180.00,-2.91,2730.00,30.0,corridor,13.16,clear,17.345,5.067,0.00,,world
130.60,2026-08-31 00:14:05,-180.00,-2.91,2730.00,30.0,corridor,13.18,clear,17.345,5.067,0.00,,world
131.10,2026-08-31 00:14:06,-180.00,-2.91,2730.00,30.0,corridor,13.20,clear,17.056,4.312,0.00,,world
131.60,2026-08-31 00:14:06,-180.00,-2.91,2730.00,30.0,corridor,13.22,clear,17.056,4.312,0.00,,world
132.10,2026-08-31 00:14:07,-180.00,-2.91,2730.00,30.0,corridor,13.24,clear,15.922,4.303,0.00,,world
132.60,2026-08-31 00:14:07,-180.00,-2.91,2730.00,30.0,corridor,13.26,clear,15.922,4.303,0.00,,world
133.10,2026-08-31 00:14:08,-180.00,-2.91,2730.00,30.0,corridor,13.28,clear,15.872,4.390,0.00,,world
133.60,2026-08-31 00:14:08,-180.00,-2.91,2730.00,30.0,corridor,13.30,clear,15.872,4.390,0.00,,world
134.10,2026-08-31 00:14:09,-180.00,-2.91,2730.00,30.0,corridor,13.32,clear,16.018,4.699,0.00,,world
134.60,2026-08-31 00:14:09,-180.00,-2.91,2730.00,30.0,corridor,13.34,clear,16.018,4.699,0.00,,world
135.10,2026-08-31 00:14:10,-180.00,-2.91,2730.00,30.0,corridor,13.36,clear,19.266,5.305,0.00,,world
135.60,2026-08-31 00:14:10,-180.00,-2.91,2730.00,30.0,corridor,13.38,clear,19.266,5.305,0.00,,world
136.10,2026-08-31 00:14:11,-180.00,-2.91,2730.00,30.0,corridor,13.40,clear,16.118,4.106,0.00,,world
136.60,2026-08-31 00:14:11,-180.00,-2.91,2730.00,30.0,corridor,13.42,clear,16.118,4.106,0.00,,world
137.10,2026-08-31 00:14:12,-180.00,-2.91,2730.00,30.0,corridor,13.44,clear,15.861,4.872,0.00,,world
137.60,2026-08-31 00:14:12,-180.00,-2.91,2730.00,30.0,corridor,13.46,clear,15.861,4.872,0.00,,world
138.10,2026-08-31 00:14:13,-180.00,-2.91,2730.00,30.0,corridor,13.48,clear,14.567,3.842,0.00,,world
138.60,2026-08-31 00:14:13,-180.00,-2.91,2730.00,30.0,corridor,13.50,clear,14.567,3.842,0.00,,world
139.10,2026-08-31 00:14:14,-180.00,-2.91,2730.00,30.0,corridor,13.52,clear,16.150,4.673,0.00,,world
139.60,2026-08-31 00:14:14,-180.00,-2.91,2730.00,30.0,corridor,13.54,clear,16.150,4.673,0.00,,world
140.10,2026-08-31 00:14:15,-180.00,-2.91,2730.00,30.0,corridor,13.56,clear,15.354,4.675,0.00,,world
140.60,2026-08-31 00:14:15,-180.00,-2.91,2730.00,30.0,corridor,13.58,clear,15.354,4.675,0.00,,world
141.10,2026-08-31 00:14:16,-180.00,-2.91,2730.00,30.0,corridor,13.60,clear,16.432,4.032,0.00,,world
141.60,2026-08-31 00:14:16,-180.00,-2.91,2730.00,30.0,corridor,13.62,clear,16.432,4.032,0.00,,world
142.10,2026-08-31 00:14:17,-180.00,-2.91,2730.00,30.0,corridor,13.64,clear,15.865,4.030,0.00,,world
142.60,2026-08-31 00:14:17,-180.00,-2.91,2730.00,30.0,corridor,13.66,clear,15.865,4.030,0.00,,world
143.10,2026-08-31 00:14:18,-180.00,-2.91,2730.00,30.0,corridor,13.68,clear,16.270,4.256,0.00,,world
143.60,2026-08-31 00:14:18,-180.00,-2.91,2730.00,30.0,corridor,13.70,clear,16.270,4.256,0.00,,world
144.10,2026-08-31 00:14:19,-180.00,-2.91,2730.00,30.0,corridor,13.72,clear,19.686,5.325,0.00,,world
144.60,2026-08-31 00:14:19,-180.00,-2.91,2730.00,30.0,corridor,13.74,clear,19.686,5.325,0.00,,world
145.10,2026-08-31 00:14:20,-180.00,-2.91,2730.00,30.0,corridor,13.76,clear,17.437,4.701,0.00,,world
145.60,2026-08-31 00:14:20,-180.00,-2.91,2730.00,30.0,corridor,13.78,clear,17.437,4.701,0.00,,world
146.10,2026-08-31 00:14:21,-180.00,-2.91,2730.00,30.0,corridor,13.80,clear,18.942,18.832,0.00,,world
146.60,2026-08-31 00:14:21,-180.00,-2.91,2730.00,30.0,corridor,13.82,clear,18.942,18.832,0.00,,world
147.10,2026-08-31 00:14:22,-180.00,-2.91,2730.00,30.0,corridor,13.84,clear,16.419,4.303,0.00,,world
147.60,2026-08-31 00:14:22,-180.00,-2.91,2730.00,30.0,corridor,13.86,clear,16.419,4.303,0.00,,world
148.10,2026-08-31 00:14:23,-180.00,-2.91,2730.00,30.0,corridor,13.88,clear,16.285,4.280,0.00,,world
148.60,2026-08-31 00:14:23,-180.00,-2.91,2730.00,30.0,corridor,13.90,clear,16.285,4.280,0.00,,world
149.10,2026-08-31 00:14:24,-180.00,-2.91,2730.00,30.0,corridor,13.92,clear,16.630,4.511,0.00,,world
149.60,2026-08-31 00:14:24,-180.00,-2.91,2730.00,30.0,corridor,13.94,clear,16.630,4.511,0.00,,world
150.10,2026-08-31 00:14:25,-180.00,-2.91,2730.00,30.0,corridor,13.96,clear,15.845,4.409,0.00,,world
150.60,2026-08-31 00:14:25,-180.00,-2.91,2730.00,30.0,corridor,13.98,clear,15.845,4.409,0.00,,world
151.10,2026-08-31 00:14:26,-180.00,-2.91,2730.00,30.0,corridor,14.00,clear,14.649,4.900,0.00,,world
151.60,2026-08-31 00:14:26,-180.00,-2.91,2730.00,30.0,corridor,14.02,clear,14.649,4.900,0.00,,world
152.10,2026-08-31 00:14:27,-180.00,-2.91,2730.00,30.0,corridor,14.04,clear,14.789,4.518,0.00,,world
152.60,2026-08-31 00:14:27,-180.00,-2.91,2730.00,30.0,corridor,14.06,clear,14.789,4.518,0.00,,world
153.10,2026-08-31 00:14:28,-180.00,-2.91,2730.00,30.0,corridor,14.08,clear,14.341,3.640,0.00,,world
153.60,2026-08-31 00:14:28,-180.00,-2.91,2730.00,30.0,corridor,14.10,clear,14.341,3.640,0.00,,world
154.10,2026-08-31 00:14:29,-180.00,-2.91,2730.00,30.0,corridor,14.12,clear,15.628,4.329,0.00,,world
154.60,2026-08-31 00:14:29,-180.00,-2.91,2730.00,30.0,corridor,14.14,clear,15.628,4.329,0.00,,world
155.10,2026-08-31 00:14:30,-180.00,-2.91,2730.00,30.0,corridor,14.16,clear,15.733,4.032,0.00,,world
155.60,2026-08-31 00:14:30,-180.00,-2.91,2730.00,30.0,corridor,14.18,clear,15.733,4.032,0.00,,world
156.10,2026-08-31 00:14:31,-180.00,-2.91,2730.00,30.0,corridor,14.20,clear,15.622,4.919,0.00,,world
156.60,2026-08-31 00:14:31,-180.00,-2.91,2730.00,30.0,corridor,14.22,clear,15.622,4.919,0.00,,world
157.10,2026-08-31 00:14:32,-180.00,-2.91,2730.00,30.0,corridor,14.24,clear,16.396,3.870,0.00,,world
157.60,2026-08-31 00:14:32,-180.00,-2.91,2730.00,30.0,corridor,14.26,clear,16.396,3.870,0.00,,world
158.10,2026-08-31 00:14:33,-180.00,-2.91,2730.00,30.0,corridor,14.28,clear,17.470,4.629,0.00,,world
158.60,2026-08-31 00:14:33,-180.00,-2.91,2730.00,30.0,corridor,14.30,clear,17.470,4.629,0.00,,world
159.10,2026-08-31 00:14:34,-180.00,-2.91,2730.00,30.0,corridor,14.32,clear,16.183,4.473,0.00,,world
159.60,2026-08-31 00:14:34,-180.00,-2.91,2730.00,30.0,corridor,14.34,clear,16.183,4.473,0.00,,world
160.10,2026-08-31 00:14:35,-180.00,-2.91,2730.00,30.0,corridor,14.36,clear,16.207,4.290,0.00,,world
160.60,2026-08-31 00:14:35,-180.00,-2.91,2730.00,30.0,corridor,14.38,clear,16.207,4.290,0.00,,world
161.10,2026-08-31 00:14:36,-180.00,-2.91,2730.00,30.0,corridor,14.40,clear,17.900,4.564,0.00,,world
161.60,2026-08-31 00:14:36,-180.00,-2.91,2730.00,30.0,corridor,14.42,clear,17.900,4.564,0.00,,world
162.10,2026-08-31 00:14:37,-180.00,-2.91,2730.00,30.0,corridor,14.44,clear,15.337,4.137,0.00,,world
162.60,2026-08-31 00:14:37,-180.00,-2.91,2730.00,30.0,corridor,14.46,clear,15.337,4.137,0.00,,world
163.10,2026-08-31 00:14:38,-180.00,-2.91,2730.00,30.0,corridor,14.48,clear,15.864,4.638,0.00,,world
163.60,2026-08-31 00:14:38,-180.00,-2.91,2730.00,30.0,corridor,14.50,clear,15.864,4.638,0.00,,world
164.10,2026-08-31 00:14:39,-180.00,-2.91,2730.00,30.0,corridor,14.52,clear,17.667,17.707,0.00,,world
164.60,2026-08-31 00:14:39,-180.00,-2.91,2730.00,30.0,corridor,14.54,clear,17.667,17.707,0.00,,world
165.10,2026-08-31 00:14:40,-180.00,-2.91,2730.00,30.0,corridor,14.56,clear,16.255,4.669,0.00,,world
165.60,2026-08-31 00:14:40,-180.00,-2.91,2730.00,30.0,corridor,14.58,clear,16.255,4.669,0.00,,world
166.10,2026-08-31 00:14:41,-180.00,-2.91,2730.00,30.0,corridor,14.60,clear,15.878,4.713,0.00,,world
166.60,2026-08-31 00:14:41,-180.00,-2.91,2730.00,30.0,corridor,14.62,clear,15.878,4.713,0.00,,world
167.10,2026-08-31 00:14:42,-180.00,-2.91,2730.00,30.0,corridor,14.64,clear,14.878,4.745,0.00,,world
167.60,2026-08-31 00:14:42,-180.00,-2.91,2730.00,30.0,corridor,14.66,clear,14.878,4.745,0.00,,world
168.10,2026-08-31 00:14:43,-180.00,-2.91,2730.00,30.0,corridor,14.68,clear,16.305,4.042,0.00,,world
168.60,2026-08-31 00:14:43,-180.00,-2.91,2730.00,30.0,corridor,14.70,clear,16.305,4.042,0.00,,world
169.10,2026-08-31 00:14:44,-180.00,-2.91,2730.00,30.0,corridor,14.72,clear,16.170,3.826,0.00,,world
169.60,2026-08-31 00:14:44,-180.00,-2.91,2730.00,30.0,corridor,14.74,clear,16.170,3.826,0.00,,world
170.10,2026-08-31 00:14:45,-180.00,-2.91,2730.00,30.0,corridor,14.76,clear,16.394,5.043,0.00,,world
170.60,2026-08-31 00:14:45,-180.00,-2.91,2730.00,30.0,corridor,14.78,clear,16.394,5.043,0.00,,world
171.10,2026-08-31 00:14:46,-180.00,-2.91,2730.00,30.0,corridor,14.80,clear,16.069,4.614,0.00,,world
171.60,2026-08-31 00:14:46,-180.00,-2.91,2730.00,30.0,corridor,14.82,clear,16.069,4.614,0.00,,world
172.10,2026-08-31 00:14:47,-180.00,-2.91,2730.00,30.0,corridor,14.84,clear,16.233,4.697,0.00,,world
172.60,2026-08-31 00:14:47,-180.00,-2.91,2730.00,30.0,corridor,14.86,clear,16.233,4.697,0.00,,world
173.10,2026-08-31 00:14:48,-180.00,-2.91,2730.00,30.0,corridor,14.88,clear,15.791,4.733,0.00,,world
173.60,2026-08-31 00:14:48,-180.00,-2.91,2730.00,30.0,corridor,14.90,clear,15.791,4.733,0.00,,world
174.10,2026-08-31 00:14:49,-180.00,-2.91,2730.00,30.0,corridor,14.92,clear,15.537,4.294,0.00,,world
174.60,2026-08-31 00:14:49,-180.00,-2.91,2730.00,30.0,corridor,14.94,clear,15.537,4.294,0.00,,world
175.10,2026-08-31 00:14:50,-180.00,-2.91,2730.00,30.0,corridor,14.96,clear,16.878,5.003,0.00,,world
175.60,2026-08-31 00:14:50,-180.00,-2.91,2730.00,30.0,corridor,14.98,clear,16.878,5.003,0.00,,world
176.10,2026-08-31 00:14:51,-180.00,-2.91,2730.00,30.0,corridor,15.00,clear,15.256,4.029,0.00,,world
176.60,2026-08-31 00:14:51,-180.00,-2.91,2730.00,30.0,corridor,15.02,clear,15.256,4.029,0.00,,world
177.10,2026-08-31 00:14:52,-180.00,-2.91,2730.00,30.0,corridor,15.04,clear,15.368,5.571,0.00,,world
177.60,2026-08-31 00:14:52,-180.00,-2.91,2730.00,30.0,corridor,15.06,clear,15.368,5.571,0.00,,world
178.10,2026-08-31 00:14:53,-180.00,-2.91,2730.00,30.0,corridor,15.08,clear,15.383,5.245,0.00,,world
178.60,2026-08-31 00:14:53,-180.00,-2.91,2730.00,30.0,corridor,15.10,clear,15.383,5.245,0.00,,world
179.10,2026-08-31 00:14:54,-180.00,-2.91,2730.00,30.0,corridor,15.12,clear,16.871,15.711,0.00,,world
179.60,2026-08-31 00:14:54,-180.00,-2.91,2730.00,30.0,corridor,15.14,clear,16.871,15.711,0.00,,world
180.10,2026-08-31 00:14:55,-180.00,-2.91,2730.00,30.0,corridor,15.16,clear,16.892,5.249,0.00,,world
180.60,2026-08-31 00:14:55,-180.00,-2.91,2730.00,30.0,corridor,15.18,clear,16.892,5.249,0.00,,world
181.10,2026-08-31 00:14:56,-180.00,-2.91,2730.00,30.0,corridor,15.20,clear,36.413,4.334,0.00,,world
181.60,2026-08-31 00:14:56,-180.00,-2.91,2730.00,30.0,corridor,15.22,clear,36.413,4.334,0.00,,world
182.12,2026-08-31 00:14:57,-180.00,-2.91,2730.00,30.0,corridor,15.23,clear,17.738,285.285,0.00,,menu_map
182.62,2026-08-31 00:14:58,-179.98,-2.91,2730.02,35.8,corridor,15.24,clear,233.476,3.626,0.03,,world
183.12,2026-08-31 00:14:58,-178.72,-2.56,2731.79,35.8,corridor,15.26,clear,233.476,3.626,2.20,,world
183.62,2026-08-31 00:14:59,-177.38,-2.22,2733.67,35.8,corridor,15.28,clear,80.436,4.382,4.51,,world
184.12,2026-08-31 00:14:59,-176.02,-1.92,2735.57,35.8,corridor,15.30,clear,80.436,4.382,6.85,,world
184.62,2026-08-31 00:15:00,-174.63,-1.68,2737.50,35.8,corridor,15.32,clear,17.675,4.509,9.23,,world
185.12,2026-08-31 00:15:00,-173.23,-1.49,2739.46,35.8,corridor,15.34,clear,17.675,4.509,11.64,,world
185.62,2026-08-31 00:15:01,-171.80,-1.36,2741.44,35.8,corridor,15.36,clear,19.064,4.865,14.08,,world
186.12,2026-08-31 00:15:01,-170.37,-1.27,2743.44,35.8,corridor,15.38,clear,19.064,4.865,16.54,,world
186.62,2026-08-31 00:15:02,-168.94,-1.17,2745.44,35.8,corridor,15.40,clear,18.548,5.029,18.99,,world
187.12,2026-08-31 00:15:02,-167.49,-1.11,2747.45,35.8,corridor,15.42,clear,18.548,5.029,21.47,,world
187.62,2026-08-31 00:15:03,-166.03,-1.11,2749.48,35.8,corridor,15.44,clear,18.334,5.573,23.97,,world
188.12,2026-08-31 00:15:03,-164.58,-1.09,2751.51,35.8,corridor,15.46,clear,18.334,5.573,26.47,,world
188.62,2026-08-31 00:15:04,-163.14,-1.01,2753.51,35.8,corridor,15.48,clear,18.865,4.895,28.93,,world
189.12,2026-08-31 00:15:04,-161.70,-0.96,2755.53,35.8,corridor,15.50,clear,18.865,4.895,31.41,,world
189.62,2026-08-31 00:15:05,-160.21,-1.15,2757.60,35.8,corridor,15.52,clear,20.045,4.662,33.96,,world
190.12,2026-08-31 00:15:05,-158.69,-1.53,2759.70,35.8,corridor,15.54,clear,20.045,4.662,36.55,,world
190.62,2026-08-31 00:15:06,-157.18,-1.95,2761.80,35.8,corridor,15.56,clear,18.020,5.170,39.14,,world
191.12,2026-08-31 00:15:06,-155.67,-2.35,2763.90,35.8,corridor,15.58,clear,18.020,5.170,41.73,,world
191.62,2026-08-31 00:15:07,-154.16,-2.76,2766.00,35.8,corridor,15.60,clear,20.380,5.057,44.31,,world
192.12,2026-08-31 00:15:07,-152.65,-3.10,2768.10,35.8,corridor,15.62,clear,20.380,5.057,46.90,,world
192.62,2026-08-31 00:15:08,-151.17,-3.18,2770.15,35.8,corridor,15.64,clear,20.536,7.258,49.43,,world
193.12,2026-08-31 00:15:08,-149.74,-3.05,2772.13,35.8,corridor,15.66,clear,20.536,7.258,51.87,,world
193.62,2026-08-31 00:15:09,-148.35,-2.83,2774.07,35.8,corridor,15.68,clear,21.142,5.330,54.26,,world
194.12,2026-08-31 00:15:09,-146.99,-2.51,2775.96,35.8,corridor,15.70,clear,21.142,5.330,56.58,,world
194.62,2026-08-31 00:15:10,-145.69,-2.08,2777.77,35.8,corridor,15.72,clear,19.297,4.879,58.81,,world
195.12,2026-08-31 00:15:10,-144.42,-1.60,2779.54,35.8,corridor,15.74,clear,19.297,4.879,60.99,,world
195.62,2026-08-31 00:15:11,-143.11,-1.18,2781.35,35.8,corridor,15.76,clear,21.967,8.375,63.23,,world
196.12,2026-08-31 00:15:11,-141.77,-0.85,2783.23,35.8,corridor,15.78,clear,21.967,8.375,65.54,,world
196.62,2026-08-31 00:15:12,-140.38,-0.61,2785.17,35.8,corridor,15.80,clear,21.803,6.793,67.92,,world
197.12,2026-08-31 00:15:12,-139.01,-0.35,2787.09,35.8,corridor,15.82,clear,21.803,6.793,70.28,,world
197.62,2026-08-31 00:15:13,-137.65,-0.04,2788.99,35.8,corridor,15.84,clear,19.774,6.624,72.62,,world
198.12,2026-08-31 00:15:13,-136.30,0.30,2790.87,35.8,corridor,15.86,clear,19.774,6.624,74.94,,world
198.62,2026-08-31 00:15:14,-134.90,0.48,2792.83,35.8,corridor,15.88,clear,19.576,9.912,77.35,,world
199.12,2026-08-31 00:15:14,-133.45,0.50,2794.85,35.8,corridor,15.90,clear,19.576,9.912,79.83,,world
199.62,2026-08-31 00:15:15,-131.96,0.40,2796.91,35.8,corridor,15.92,clear,20.226,18.093,82.37,,world
200.12,2026-08-31 00:15:15,-130.49,0.32,2798.96,35.8,corridor,15.94,clear,20.226,18.093,84.89,,world
200.62,2026-08-31 00:15:16,-129.01,0.25,2801.01,35.8,corridor,15.96,clear,19.261,6.079,87.42,,world
201.12,2026-08-31 00:15:16,-127.53,0.13,2803.07,35.8,corridor,15.98,clear,19.261,6.079,89.96,,world
201.62,2026-08-31 00:15:17,-126.03,-0.05,2805.14,35.8,corridor,16.00,clear,17.402,6.324,92.51,,world
202.12,2026-08-31 00:15:17,-124.55,-0.17,2807.20,35.8,corridor,16.02,clear,17.402,6.324,95.05,,world
202.62,2026-08-31 00:15:18,-123.08,-0.21,2809.24,35.8,corridor,16.04,clear,20.896,7.143,97.56,,world
203.12,2026-08-31 00:15:18,-121.61,-0.26,2811.28,35.8,corridor,16.06,clear,20.896,7.143,100.08,,world
203.62,2026-08-31 00:15:19,-120.13,-0.36,2813.34,35.8,corridor,16.08,clear,21.805,8.998,102.62,,world
204.12,2026-08-31 00:15:19,-118.65,-0.45,2815.39,35.8,corridor,16.10,clear,21.805,8.998,105.14,,world
204.62,2026-08-31 00:15:20,-117.18,-0.47,2817.43,35.8,corridor,16.12,clear,19.018,7.034,107.65,,world
205.12,2026-08-31 00:15:20,-115.74,-0.43,2819.44,35.8,corridor,16.14,clear,19.018,7.034,110.14,,world
205.62,2026-08-31 00:15:21,-114.33,-0.24,2821.40,35.8,corridor,16.16,clear,19.720,7.230,112.55,,world
206.12,2026-08-31 00:15:21,-113.00,0.13,2823.26,35.8,corridor,16.18,clear,19.720,7.230,114.83,,world
206.62,2026-08-31 00:15:22,-111.70,0.56,2825.07,35.8,corridor,16.20,clear,17.638,7.985,117.06,,world
207.12,2026-08-31 00:15:22,-110.38,0.95,2826.92,35.8,corridor,16.22,clear,17.638,7.985,119.33,,world
207.62,2026-08-31 00:15:23,-108.98,1.13,2828.88,35.8,corridor,16.24,clear,17.819,7.583,121.74,,world
208.12,2026-08-31 00:15:23,-107.52,1.12,2830.91,35.8,corridor,16.26,clear,17.819,7.583,124.24,,world
208.62,2026-08-31 00:15:24,-106.04,1.03,2832.96,35.8,corridor,16.28,clear,17.533,7.765,126.77,,world
209.12,2026-08-31 00:15:24,-104.58,1.01,2835.00,35.8,corridor,16.30,clear,17.533,7.765,129.28,,world
209.62,2026-08-31 00:15:25,-103.15,1.11,2836.99,35.8,corridor,16.32,clear,19.889,8.154,131.74,,world
210.12,2026-08-31 00:15:25,-101.87,1.22,2838.78,35.8,corridor,16.34,clear,19.889,8.154,133.93,,world
210.62,2026-08-31 00:15:26,-100.42,1.27,2840.80,35.8,corridor,16.36,clear,19.177,9.061,136.42,,world
211.12,2026-08-31 00:15:26,-98.97,1.28,2842.83,35.8,corridor,16.38,clear,19.177,9.061,138.91,,world
211.62,2026-08-31 00:15:27,-97.53,1.38,2844.83,35.8,corridor,16.40,clear,18.218,8.419,141.37,,world
212.12,2026-08-31 00:15:27,-96.14,1.60,2846.77,35.8,corridor,16.42,clear,18.218,8.419,143.76,,world
212.62,2026-08-31 00:15:28,-94.80,1.95,2848.65,35.8,corridor,16.44,clear,18.902,6.438,146.07,,world
213.12,2026-08-31 00:15:28,-93.48,2.34,2850.49,35.8,corridor,16.46,clear,18.902,6.438,148.34,,world
213.62,2026-08-31 00:15:29,-92.15,2.72,2852.34,35.8,corridor,16.48,clear,18.200,4.750,150.62,,world
214.12,2026-08-31 00:15:29,-90.77,2.98,2854.27,35.8,corridor,16.50,clear,18.200,4.750,152.98,,world
214.62,2026-08-31 00:15:30,-89.33,3.05,2856.27,35.8,corridor,16.52,clear,24.584,5.801,155.46,,world
215.12,2026-08-31 00:15:30,-87.85,2.94,2858.34,35.8,corridor,16.54,clear,24.584,5.801,158.00,,world
215.62,2026-08-31 00:15:31,-86.36,2.76,2860.41,35.8,corridor,16.56,clear,18.860,4.621,160.55,,world
216.12,2026-08-31 00:15:31,-84.87,2.58,2862.48,35.8,corridor,16.58,clear,18.860,4.621,163.10,,world
216.62,2026-08-31 00:15:32,-83.38,2.42,2864.55,35.8,corridor,16.60,clear,18.848,4.061,165.65,,world
217.12,2026-08-31 00:15:32,-81.89,2.29,2866.62,35.8,corridor,16.62,clear,18.848,4.061,168.19,,world
217.62,2026-08-31 00:15:33,-80.42,2.22,2868.66,35.8,corridor,16.64,clear,19.530,5.354,170.72,,world
218.12,2026-08-31 00:15:33,-78.95,2.19,2870.70,35.8,corridor,16.66,clear,19.530,5.354,173.23,,world
218.62,2026-08-31 00:15:34,-77.47,2.07,2872.76,35.8,corridor,16.68,clear,19.238,5.661,175.76,,world
219.12,2026-08-31 00:15:34,-75.96,1.79,2874.84,35.8,corridor,16.70,clear,19.238,5.661,178.34,,world
219.62,2026-08-31 00:15:35,-74.44,1.30,2876.94,35.8,corridor,16.72,clear,20.211,6.921,180.92,,world
220.12,2026-08-31 00:15:35,-72.93,0.78,2879.03,35.8,corridor,16.74,clear,20.211,6.921,183.51,,world
220.62,2026-08-31 00:15:36,-71.41,0.39,2881.13,35.8,corridor,16.76,clear,21.075,5.402,186.10,,world
221.12,2026-08-31 00:15:36,-69.90,0.12,2883.21,35.8,corridor,16.78,clear,21.075,5.402,188.67,,world
221.62,2026-08-31 00:15:37,-68.41,0.01,2885.27,35.8,corridor,16.80,clear,18.741,4.985,191.21,,world
222.12,2026-08-31 00:15:37,-66.95,-0.01,2887.30,35.8,corridor,16.82,clear,18.741,4.985,193.71,,world
222.62,2026-08-31 00:15:38,-65.51,0.08,2889.30,35.8,corridor,16.84,clear,22.566,8.518,196.18,,world
223.12,2026-08-31 00:15:38,-64.12,0.32,2891.23,35.8,corridor,16.86,clear,22.566,8.518,198.56,,world
223.62,2026-08-31 00:15:39,-62.78,0.69,2893.08,35.8,corridor,16.88,clear,18.938,6.886,200.84,,world
224.12,2026-08-31 00:15:39,-61.45,1.06,2894.93,35.8,corridor,16.90,clear,18.938,6.886,203.12,,world
224.62,2026-08-31 00:15:40,-59.86,1.31,2897.00,35.8,corridor,16.92,clear,19.384,5.986,205.74,,world
225.12,2026-08-31 00:15:40,-58.40,1.34,2899.02,35.8,corridor,16.94,clear,19.384,5.986,208.22,,world
225.62,2026-08-31 00:15:41,-56.93,1.28,2901.06,35.8,corridor,16.96,clear,18.006,5.662,210.74,,world
226.12,2026-08-31 00:15:41,-56.49,1.14,2902.72,36.2,corridor,16.98,clear,18.006,5.662,212.59,,world
226.62,2026-08-31 00:15:42,-54.98,0.87,2904.79,36.2,corridor,17.00,clear,22.810,6.518,215.16,,world
227.12,2026-08-31 00:15:42,-53.45,0.40,2906.88,36.2,corridor,17.02,clear,22.810,6.518,217.74,,world
227.62,2026-08-31 00:15:43,-52.17,-0.09,2908.63,36.2,corridor,17.04,clear,18.480,5.669,219.91,,world
228.12,2026-08-31 00:15:43,-52.20,-0.09,2908.65,-53.8,corridor,17.06,clear,18.480,5.669,219.94,,world
228.62,2026-08-31 00:15:44,-52.20,-0.09,2908.65,36.2,corridor,17.08,clear,17.347,5.472,219.94,,world
229.12,2026-08-31 00:15:44,-50.28,0.03,2907.25,126.2,corridor,17.10,clear,17.347,5.472,222.31,,world
229.62,2026-08-31 00:15:45,-48.43,-0.04,2906.79,33.5,corridor,17.12,clear,18.593,7.118,224.66,,world
230.12,2026-08-31 00:15:45,-47.00,-0.38,2908.94,33.5,corridor,17.14,clear,18.593,7.118,227.24,,world
230.62,2026-08-31 00:15:46,-45.59,-0.62,2911.08,33.5,corridor,17.16,clear,18.986,6.276,229.80,,world
231.12,2026-08-31 00:15:46,-44.18,-0.76,2913.21,33.5,corridor,17.18,clear,18.986,6.276,232.35,,world
231.62,2026-08-31 00:15:47,-42.79,-0.87,2915.32,33.5,corridor,17.20,clear,16.738,4.984,234.89,,world
232.12,2026-08-31 00:15:47,-41.39,-0.95,2917.43,33.5,corridor,17.22,clear,16.738,4.984,237.42,,world
232.62,2026-08-31 00:15:48,-40.00,-1.01,2919.54,33.5,corridor,17.24,clear,16.788,5.534,239.94,,world
233.12,2026-08-31 00:15:48,-38.62,-1.01,2921.62,33.5,corridor,17.26,clear,16.788,5.534,242.44,,world
233.62,2026-08-31 00:15:49,-37.27,-0.92,2923.68,33.5,corridor,17.28,clear,20.767,5.873,244.90,,world
234.12,2026-08-31 00:15:49,-35.93,-0.76,2925.70,33.5,corridor,17.30,clear,20.767,5.873,247.32,,world
234.62,2026-08-31 00:15:50,-34.63,-0.50,2927.67,33.5,corridor,17.32,clear,19.912,6.857,249.69,,world
235.12,2026-08-31 00:15:50,-33.33,-0.23,2929.64,33.5,corridor,17.34,clear,19.912,6.857,252.05,,world
235.62,2026-08-31 00:15:51,-32.01,-0.04,2931.66,33.5,corridor,17.36,clear,16.889,4.743,254.45,,world
236.12,2026-08-31 00:15:51,-30.78,-0.00,2933.51,33.5,corridor,17.38,clear,16.889,4.743,256.68,,world
236.62,2026-08-31 00:15:52,-29.41,0.02,2935.59,33.5,corridor,17.40,clear,19.463,5.653,259.17,,world
237.12,2026-08-31 00:15:52,-28.03,0.04,2937.67,33.5,corridor,17.42,clear,19.463,5.653,261.66,,world
237.62,2026-08-31 00:15:53,-26.65,0.02,2939.76,33.5,corridor,17.44,clear,16.908,5.263,264.17,,world
238.12,2026-08-31 00:15:53,-25.28,0.05,2941.84,33.5,corridor,17.46,clear,16.908,5.263,266.66,,world
238.62,2026-08-31 00:15:54,-23.92,0.13,2943.90,33.5,corridor,17.48,clear,16.965,5.456,269.13,,world
239.12,2026-08-31 00:15:54,-22.56,0.22,2945.95,33.5,corridor,17.50,clear,16.965,5.456,271.59,,world
239.62,2026-08-31 00:15:55,-21.17,0.17,2948.05,33.5,corridor,17.52,clear,17.295,5.549,274.11,,world
240.12,2026-08-31 00:15:55,-19.77,0.03,2950.18,33.5,corridor,17.54,clear,17.295,5.549,276.66,,world
240.62,2026-08-31 00:15:56,-18.36,-0.12,2952.30,33.5,corridor,17.56,clear,16.296,4.521,279.20,,world
241.12,2026-08-31 00:15:56,-16.95,-0.39,2954.44,33.5,corridor,17.58,clear,16.296,4.521,281.77,,world
241.62,2026-08-31 00:15:57,-15.53,-0.84,2956.60,33.6,corridor,17.60,clear,16.094,4.931,284.35,,world
242.12,2026-08-31 00:15:57,-14.10,-1.47,2958.75,33.6,corridor,17.62,clear,16.094,4.931,286.93,,world
242.62,2026-08-31 00:15:58,-12.68,-2.19,2960.89,33.6,corridor,17.64,clear,16.040,5.120,289.50,,world
243.12,2026-08-31 00:15:58,-11.25,-2.86,2963.04,33.5,corridor,17.66,clear,16.040,5.120,292.08,,world
243.62,2026-08-31 00:15:59,-9.81,-3.37,2965.19,33.5,corridor,17.68,clear,16.206,5.107,294.67,,world
244.12,2026-08-31 00:15:59,-8.40,-3.58,2967.32,33.5,corridor,17.70,clear,16.206,5.107,297.23,,world
244.62,2026-08-31 00:16:00,-6.99,-3.72,2969.45,33.5,corridor,17.72,clear,16.926,5.000,299.78,,world
245.12,2026-08-31 00:16:00,-5.57,-3.94,2971.59,33.5,corridor,17.74,clear,16.926,5.000,302.35,,world
245.62,2026-08-31 00:16:01,-4.14,-4.20,2973.73,33.4,corridor,17.76,clear,17.272,5.133,304.92,,world
246.12,2026-08-31 00:16:01,-2.72,-4.44,2975.87,33.4,corridor,17.78,clear,17.272,5.133,307.49,,world
246.78,2026-08-31 00:16:02,-2.55,-4.47,2976.13,33.4,corridor,17.81,clear,17.407,4.763,307.80,,world
247.58,2026-08-31 00:16:03,-2.55,-4.47,2976.13,33.4,corridor,17.84,clear,19.732,4.180,307.80,,world
248.50,2026-08-31 00:16:03,-2.55,-4.47,2976.13,33.4,corridor,17.88,clear,22.941,5.863,307.80,,world
249.33,2026-08-31 00:16:04,-2.55,-4.47,2976.13,33.4,corridor,17.91,clear,22.941,5.863,307.80,,world
250.12,2026-08-31 00:16:05,-2.55,-4.47,2976.13,33.4,corridor,17.94,clear,16.365,4.686,307.80,,world
250.62,2026-08-31 00:16:06,-2.55,-4.47,2976.13,33.4,corridor,17.96,clear,16.769,4.164,307.80,,world
251.12,2026-08-31 00:16:06,-2.55,-4.47,2976.13,33.4,corridor,17.98,clear,16.769,4.164,307.80,,world
251.62,2026-08-31 00:16:07,-2.55,-4.47,2976.13,33.4,corridor,18.00,clear,16.011,4.600,307.80,,world
252.12,2026-08-31 00:16:07,-2.55,-4.47,2976.13,33.4,corridor,18.02,clear,16.011,4.600,307.80,,world
252.62,2026-08-31 00:16:08,-2.55,-4.47,2976.13,33.4,corridor,18.04,clear,16.598,4.921,307.80,,world
253.12,2026-08-31 00:16:08,-2.55,-4.47,2976.13,33.4,corridor,18.06,clear,16.598,4.921,307.80,,world
254.10,2026-08-31 00:16:09,-2.55,-4.47,2976.13,33.4,corridor,18.10,clear,16.667,4.688,307.80,,world
254.70,2026-08-31 00:16:10,-2.55,-4.47,2976.13,33.4,corridor,18.13,clear,17.007,4.770,307.80,,world
255.30,2026-08-31 00:16:10,-2.55,-4.47,2976.13,33.4,corridor,18.15,clear,17.007,4.770,307.80,,world
255.92,2026-08-31 00:16:11,-2.55,-4.47,2976.13,33.4,corridor,18.18,clear,16.383,4.576,307.80,,world
256.53,2026-08-31 00:16:11,-2.55,-4.47,2976.13,33.4,corridor,18.20,clear,16.813,4.039,307.80,,world
257.13,2026-08-31 00:16:12,-2.55,-4.47,2976.13,33.4,corridor,18.22,clear,16.813,4.039,307.80,,world
257.70,2026-08-31 00:16:13,-2.55,-4.47,2976.13,33.4,corridor,18.25,clear,16.531,4.522,307.80,,world
258.32,2026-08-31 00:16:13,-2.55,-4.47,2976.13,33.4,corridor,18.27,clear,16.531,4.522,307.80,,world
258.93,2026-08-31 00:16:14,-2.55,-4.47,2976.13,33.4,corridor,18.30,clear,18.138,4.333,307.80,,world
259.55,2026-08-31 00:16:15,-2.55,-4.47,2976.13,33.4,corridor,18.32,clear,17.345,4.151,307.80,,world
260.13,2026-08-31 00:16:15,-2.55,-4.47,2976.13,33.4,corridor,18.34,clear,17.345,4.151,307.80,,world
260.72,2026-08-31 00:16:16,-2.55,-4.47,2976.13,33.4,corridor,18.37,clear,17.605,4.476,307.80,,world
261.32,2026-08-31 00:16:16,-2.55,-4.47,2976.13,33.4,corridor,18.39,clear,17.605,4.476,307.80,,world
261.90,2026-08-31 00:16:17,-2.55,-4.47,2976.13,33.4,corridor,18.41,clear,16.301,4.263,307.80,,world
262.48,2026-08-31 00:16:17,-2.55,-4.47,2976.13,33.4,corridor,18.44,clear,16.391,4.294,307.80,,world
263.07,2026-08-31 00:16:18,-2.55,-4.47,2976.13,33.4,corridor,18.46,clear,16.391,4.294,307.80,,world
263.68,2026-08-31 00:16:19,-2.55,-4.47,2976.13,33.4,corridor,18.49,clear,17.895,4.078,307.80,,world
264.25,2026-08-31 00:16:19,-2.55,-4.47,2976.13,33.4,corridor,18.51,clear,17.895,4.078,307.80,,world
264.83,2026-08-31 00:16:20,-2.55,-4.47,2976.13,33.4,corridor,18.53,clear,18.697,4.695,307.80,,world
265.43,2026-08-31 00:16:20,-2.55,-4.47,2976.13,33.4,corridor,18.56,clear,16.635,4.117,307.80,,world
266.02,2026-08-31 00:16:21,-2.55,-4.47,2976.13,33.4,corridor,18.58,clear,16.635,4.117,307.80,,world
266.62,2026-08-31 00:16:22,-2.55,-4.47,2976.13,33.4,corridor,18.60,clear,17.542,4.275,307.80,,world
267.25,2026-08-31 00:16:22,-2.55,-4.47,2976.13,33.4,corridor,18.63,clear,17.542,4.275,307.80,,world
267.83,2026-08-31 00:16:23,-2.55,-4.47,2976.13,33.4,corridor,18.65,clear,16.944,4.423,307.80,,world
268.42,2026-08-31 00:16:23,-2.55,-4.47,2976.13,33.4,corridor,18.68,clear,16.050,3.692,307.80,,world
269.00,2026-08-31 00:16:24,-2.55,-4.47,2976.13,33.4,corridor,18.70,clear,16.050,3.692,307.80,,world
269.65,2026-08-31 00:16:25,-2.55,-4.47,2976.13,33.4,corridor,18.72,clear,17.241,4.333,307.80,,world
270.25,2026-08-31 00:16:25,-2.55,-4.47,2976.13,33.4,corridor,18.75,clear,17.241,4.333,307.80,,world
270.87,2026-08-31 00:16:26,-2.55,-4.47,2976.13,33.4,corridor,18.77,clear,17.190,4.224,307.80,,world
271.45,2026-08-31 00:16:26,-2.55,-4.47,2976.13,33.4,corridor,18.80,clear,16.047,4.361,307.80,,world
271.95,2026-08-31 00:16:27,-2.55,-4.47,2976.13,33.4,corridor,18.82,clear,16.047,4.361,307.80,,world
272.45,2026-08-31 00:16:27,-2.55,-4.47,2976.13,33.4,corridor,18.84,clear,15.612,4.387,307.80,,world
272.95,2026-08-31 00:16:28,-2.55,-4.47,2976.13,33.4,corridor,18.86,clear,15.612,4.387,307.80,,world
273.45,2026-08-31 00:16:28,-2.55,-4.47,2976.13,33.4,corridor,18.88,clear,17.105,5.141,307.80,,world
273.95,2026-08-31 00:16:29,-2.55,-4.47,2976.13,33.4,corridor,18.90,clear,17.105,5.141,307.80,,world
274.45,2026-08-31 00:16:29,-2.55,-4.47,2976.13,33.4,corridor,18.92,clear,16.252,4.772,307.80,,world
274.95,2026-08-31 00:16:30,-2.55,-4.47,2976.13,33.4,corridor,18.94,clear,16.252,4.772,307.80,,world
275.45,2026-08-31 00:16:30,-2.55,-4.47,2976.13,33.4,corridor,18.96,clear,16.787,3.887,307.80,,world
275.95,2026-08-31 00:16:31,-2.55,-4.47,2976.13,33.4,corridor,18.98,clear,16.787,3.887,307.80,,world
276.45,2026-08-31 00:16:31,-2.55,-4.47,2976.13,33.4,corridor,19.00,clear,19.698,5.239,307.80,,world
276.95,2026-08-31 00:16:32,-2.55,-4.47,2976.13,33.4,corridor,19.02,clear,19.698,5.239,307.80,,world
277.45,2026-08-31 00:16:32,-2.55,-4.47,2976.13,33.4,corridor,19.04,clear,15.835,4.377,307.80,,world
277.95,2026-08-31 00:16:33,-2.55,-4.47,2976.13,33.4,corridor,19.06,clear,15.835,4.377,307.80,,world
278.45,2026-08-31 00:16:33,-2.55,-4.47,2976.13,33.4,corridor,19.08,clear,16.809,4.626,307.80,,world
278.95,2026-08-31 00:16:34,-2.55,-4.47,2976.13,33.4,corridor,19.10,clear,16.809,4.626,307.80,,world
279.45,2026-08-31 00:16:34,-2.54,-4.47,2976.14,22.9,corridor,19.12,clear,16.764,4.699,307.82,,world
279.95,2026-08-31 00:16:35,-1.87,-4.65,2978.42,16.2,corridor,19.14,clear,16.764,4.699,310.19,,world
280.45,2026-08-31 00:16:35,-1.15,-5.06,2980.91,16.2,corridor,19.16,clear,16.870,5.457,312.78,,world
280.95,2026-08-31 00:16:36,-0.42,-5.62,2983.39,16.2,corridor,19.18,clear,16.870,5.457,315.37,,world
281.45,2026-08-31 00:16:36,0.31,-6.08,2985.87,16.2,corridor,19.20,clear,16.230,4.722,317.95,,world
281.95,2026-08-31 00:16:37,1.03,-6.25,2988.32,16.2,corridor,19.22,clear,16.230,4.722,320.51,,world
282.45,2026-08-31 00:16:37,1.74,-6.28,2990.73,16.2,corridor,19.24,clear,16.805,5.188,323.02,,world
282.95,2026-08-31 00:16:38,2.44,-6.30,2993.15,16.2,corridor,19.26,clear,16.805,5.188,325.53,,world
283.45,2026-08-31 00:16:38,3.14,-6.33,2995.56,16.2,corridor,19.28,clear,16.195,4.716,328.05,,world
283.95,2026-08-31 00:16:39,3.84,-6.28,2997.94,16.2,corridor,19.30,clear,16.195,4.716,330.53,,world
284.45,2026-08-31 00:16:39,4.51,-6.09,3000.26,16.2,corridor,19.32,clear,18.941,6.256,332.94,,world
284.95,2026-08-31 00:16:40,5.18,-5.82,3002.52,16.2,corridor,19.34,clear,18.941,6.256,335.30,,world
285.45,2026-08-31 00:16:40,5.82,-5.44,3004.72,16.2,corridor,19.36,clear,18.561,4.613,337.59,,world
285.95,2026-08-31 00:16:41,6.45,-5.00,3006.87,16.2,corridor,19.38,clear,18.561,4.613,339.84,,world
286.45,2026-08-31 00:16:41,6.81,-4.49,3009.12,16.3,corridor,19.40,clear,16.956,4.818,342.16,,world
286.95,2026-08-31 00:16:42,7.45,-4.08,3011.29,16.3,corridor,19.42,clear,16.956,4.818,344.42,,world
287.45,2026-08-31 00:16:42,8.11,-3.80,3013.55,16.3,corridor,19.44,clear,17.963,3.965,346.78,,world
287.95,2026-08-31 00:16:43,8.79,-3.65,3015.88,16.3,corridor,19.46,clear,17.963,3.965,349.21,,world
288.45,2026-08-31 00:16:43,9.22,-3.63,3018.41,16.3,corridor,19.48,clear,16.929,3.619,351.83,,world
288.95,2026-08-31 00:16:44,9.84,-3.58,3020.54,16.3,corridor,19.50,clear,16.929,3.619,354.05,,world
289.45,2026-08-31 00:16:44,10.55,-3.46,3023.15,16.3,corridor,19.52,clear,17.401,4.422,356.76,,world
289.95,2026-08-31 00:16:45,11.24,-3.41,3025.53,16.3,corridor,19.54,clear,17.401,4.422,359.24,,world
290.45,2026-08-31 00:16:45,12.13,-3.45,3027.63,16.3,corridor,19.56,clear,18.173,5.091,361.57,,world
290.95,2026-08-31 00:16:46,12.29,-3.44,3027.59,68.8,corridor,19.58,clear,18.173,5.091,361.74,,world
291.45,2026-08-31 00:16:46,14.62,-3.30,3026.90,106.3,corridor,19.60,clear,18.240,6.576,364.16,,world
291.95,2026-08-31 00:16:47,16.17,-3.26,3027.71,15.8,corridor,19.62,clear,18.240,6.576,366.48,,world
292.45,2026-08-31 00:16:47,16.60,-3.27,3029.24,15.8,corridor,19.64,clear,17.683,7.098,368.07,,world
292.95,2026-08-31 00:16:48,15.89,-3.32,3029.44,128.3,corridor,19.66,clear,17.683,7.098,369.58,,world
293.45,2026-08-31 00:16:48,15.93,-3.34,3030.38,15.9,corridor,19.68,clear,18.284,6.416,370.90,,world
293.95,2026-08-31 00:16:49,16.35,-3.34,3031.73,15.9,corridor,19.70,clear,18.284,6.416,372.33,,world
294.45,2026-08-31 00:16:49,16.97,-3.30,3031.56,100.0,corridor,19.72,clear,20.793,25.410,372.97,,world
294.95,2026-08-31 00:16:50,19.34,-3.21,3030.88,105.9,corridor,19.74,clear,20.793,25.410,375.43,,world
295.45,2026-08-31 00:16:50,20.74,-3.31,3032.03,15.4,corridor,19.76,clear,17.430,6.721,377.80,,world
295.95,2026-08-31 00:16:51,21.43,-3.57,3034.51,15.4,corridor,19.78,clear,17.430,6.721,380.38,,world
296.45,2026-08-31 00:16:51,22.11,-3.81,3036.99,15.4,corridor,19.80,clear,20.321,6.685,382.95,,world
296.95,2026-08-31 00:16:52,22.79,-3.96,3039.44,15.4,corridor,19.82,clear,20.321,6.685,385.49,,world
297.45,2026-08-31 00:16:52,23.46,-3.94,3041.84,15.4,corridor,19.84,clear,19.077,7.713,387.99,,world
297.95,2026-08-31 00:16:53,24.10,-3.71,3044.14,15.4,corridor,19.86,clear,19.077,7.713,390.37,,world
298.45,2026-08-31 00:16:53,24.71,-3.35,3046.35,15.4,corridor,19.88,clear,18.392,6.123,392.67,,world
298.95,2026-08-31 00:16:54,25.30,-2.92,3048.51,15.4,corridor,19.90,clear,18.392,6.123,394.91,,world
299.45,2026-08-31 00:16:54,25.88,-2.44,3050.62,15.4,corridor,19.92,clear,18.285,7.861,397.09,,world
299.95,2026-08-31 00:16:55,26.45,-1.94,3052.70,15.4,corridor,19.94,clear,18.285,7.861,399.25,,world
300.45,2026-08-31 00:16:55,27.04,-1.52,3054.86,15.4,corridor,19.96,clear,19.095,7.046,401.49,,world
300.95,2026-08-31 00:16:56,27.67,-1.28,3057.14,15.4,corridor,19.98,clear,19.095,7.046,403.85,,world
301.45,2026-08-31 00:16:56,28.33,-1.26,3059.54,15.4,corridor,20.00,clear,18.287,6.531,406.34,,world
301.95,2026-08-31 00:16:57,28.99,-1.25,3061.95,15.4,corridor,20.02,clear,18.287,6.531,408.84,,world
302.45,2026-08-31 00:16:57,29.63,-1.09,3064.29,15.4,corridor,20.04,clear,18.031,9.756,411.26,,world
302.95,2026-08-31 00:16:58,30.26,-0.82,3066.56,15.4,corridor,20.06,clear,18.031,9.756,413.63,,world
303.45,2026-08-31 00:16:58,30.88,-0.52,3068.82,15.4,corridor,20.08,clear,16.867,9.781,415.97,,world
303.95,2026-08-31 00:16:59,31.50,-0.21,3071.07,15.4,corridor,20.10,clear,16.867,9.781,418.30,,world
304.45,2026-08-31 00:16:59,32.09,0.21,3073.24,15.4,corridor,20.12,clear,20.172,11.193,420.55,,world
304.95,2026-08-31 00:17:00,32.63,0.78,3075.26,15.4,corridor,20.14,clear,20.172,11.193,422.64,,world
305.45,2026-08-31 00:17:00,33.15,1.44,3077.16,15.4,corridor,20.16,clear,18.799,13.646,424.61,,world
305.95,2026-08-31 00:17:01,33.66,2.11,3079.06,15.4,corridor,20.18,clear,18.799,13.646,426.57,,world
306.45,2026-08-31 00:17:01,34.19,2.71,3081.03,15.5,corridor,20.20,clear,19.489,12.571,428.62,,world
306.95,2026-08-31 00:17:02,34.77,3.16,3083.17,15.5,corridor,20.22,clear,19.489,12.571,430.83,,world
307.45,2026-08-31 00:17:02,35.39,3.43,3085.44,15.5,corridor,20.23,clear,24.831,14.320,433.19,,world
307.95,2026-08-31 00:17:03,36.03,3.63,3087.77,15.5,corridor,20.26,clear,24.831,14.320,435.60,,world
308.45,2026-08-31 00:17:03,36.67,3.83,3090.09,15.5,corridor,20.28,clear,21.622,12.776,438.01,,world
308.95,2026-08-31 00:17:04,37.31,4.00,3092.42,15.5,corridor,20.30,clear,21.622,12.776,440.42,,world
309.45,2026-08-31 00:17:04,37.97,4.02,3094.82,15.5,corridor,20.32,clear,21.527,12.885,442.92,,world
309.95,2026-08-31 00:17:05,38.65,3.88,3097.27,15.5,corridor,20.34,clear,21.527,12.885,445.46,,world
310.45,2026-08-31 00:17:05,39.33,3.82,3099.71,15.5,corridor,20.36,clear,20.623,10.927,447.99,,world
310.95,2026-08-31 00:17:06,39.99,3.87,3102.10,15.5,corridor,20.38,clear,20.623,10.927,450.47,,world
311.45,2026-08-31 00:17:06,40.65,3.93,3104.49,15.5,corridor,20.40,clear,19.908,10.779,452.95,,world
311.95,2026-08-31 00:17:07,41.31,3.95,3106.89,15.5,corridor,20.42,clear,19.908,10.779,455.44,,world
312.45,2026-08-31 00:17:07,41.97,4.02,3109.27,15.5,corridor,20.44,clear,24.063,12.378,457.91,,world
312.95,2026-08-31 00:17:08,42.61,4.17,3111.62,15.5,corridor,20.46,clear,24.063,12.378,460.35,,world
313.45,2026-08-31 00:17:08,43.26,4.32,3113.97,15.5,corridor,20.48,clear,27.641,12.548,462.78,,world
313.95,2026-08-31 00:17:09,43.91,4.40,3116.35,15.5,corridor,20.50,clear,27.641,12.548,465.25,,world
314.45,2026-08-31 00:17:09,44.56,4.53,3118.71,15.5,corridor,20.52,clear,22.822,11.126,467.70,,world
314.95,2026-08-31 00:17:10,45.19,4.72,3121.04,15.5,corridor,20.54,clear,22.822,11.126,470.11,,world
315.45,2026-08-31 00:17:10,45.82,4.95,3123.35,15.5,corridor,20.56,clear,24.679,11.136,472.51,,world
315.95,2026-08-31 00:17:11,46.44,5.24,3125.62,15.5,corridor,20.58,clear,24.679,11.136,474.86,,world
316.45,2026-08-31 00:17:11,47.05,5.60,3127.83,15.5,corridor,20.60,clear,19.738,11.523,477.15,,world
316.95,2026-08-31 00:17:12,47.64,6.02,3130.00,15.5,corridor,20.62,clear,19.738,11.523,479.40,,world
317.45,2026-08-31 00:17:12,48.23,6.44,3132.16,15.5,corridor,20.64,clear,21.810,10.337,481.64,,world
317.95,2026-08-31 00:17:13,48.84,6.78,3134.39,15.5,corridor,20.66,clear,21.810,10.337,483.95,,world
318.45,2026-08-31 00:17:13,49.48,7.00,3136.69,15.5,corridor,20.68,clear,19.186,9.223,486.34,,world
318.95,2026-08-31 00:17:14,50.13,7.16,3139.03,15.5,corridor,20.70,clear,19.186,9.223,488.77,,world
319.45,2026-08-31 00:17:14,50.76,7.38,3141.34,15.5,corridor,20.72,clear,21.122,9.553,491.16,,world
319.95,2026-08-31 00:17:15,51.39,7.65,3143.61,15.5,corridor,20.74,clear,21.122,9.553,493.52,,world
320.45,2026-08-31 00:17:15,52.04,7.82,3145.95,15.5,corridor,20.76,clear,19.018,8.967,495.94,,world
320.95,2026-08-31 00:17:16,52.71,7.75,3148.38,15.5,corridor,20.78,clear,19.018,8.967,498.47,,world
321.45,2026-08-31 00:17:16,53.39,7.69,3150.81,15.5,corridor,20.80,clear,18.072,8.412,500.99,,world
321.95,2026-08-31 00:17:17,54.05,7.72,3153.21,15.5,corridor,20.82,clear,18.072,8.412,503.48,,world
322.45,2026-08-31 00:17:17,54.72,7.73,3155.62,15.5,corridor,20.84,clear,18.283,8.382,505.98,,world
322.95,2026-08-31 00:17:18,55.40,7.61,3158.07,15.5,corridor,20.86,clear,18.283,8.382,508.52,,world
323.45,2026-08-31 00:17:18,56.08,7.47,3160.52,15.5,corridor,20.88,clear,19.072,8.482,511.07,,world
323.95,2026-08-31 00:17:19,56.75,7.42,3162.95,15.5,corridor,20.90,clear,19.072,8.482,513.59,,world
324.45,2026-08-31 00:17:19,57.42,7.42,3165.36,15.5,corridor,20.92,clear,20.278,10.477,516.09,,world
324.95,2026-08-31 00:17:20,58.08,7.46,3167.76,15.5,corridor,20.94,clear,20.278,10.477,518.58,,world
325.45,2026-08-31 00:17:20,58.73,7.57,3170.13,15.5,corridor,20.96,clear,19.539,8.817,521.03,,world
325.95,2026-08-31 00:17:21,59.37,7.78,3172.44,15.5,corridor,20.98,clear,19.539,8.817,523.44,,world
326.45,2026-08-31 00:17:21,60.02,7.95,3174.77,15.5,corridor,21.00,clear,18.465,8.428,525.85,,world
326.95,2026-08-31 00:17:22,60.68,8.00,3177.17,15.5,corridor,21.02,clear,18.465,8.428,528.34,,world
327.45,2026-08-31 00:17:22,61.35,8.01,3179.58,15.5,corridor,21.04,clear,18.801,8.636,530.84,,world
327.95,2026-08-31 00:17:23,62.03,7.96,3182.00,15.5,corridor,21.06,clear,18.801,8.636,533.36,,world
328.45,2026-08-31 00:17:23,63.11,7.81,3182.09,92.7,corridor,21.08,clear,18.432,8.790,534.54,,world
328.95,2026-08-31 00:17:24,64.30,7.53,3183.89,15.2,corridor,21.10,clear,18.432,8.790,537.02,,world
329.45,2026-08-31 00:17:24,64.98,7.07,3186.38,15.2,corridor,21.12,clear,20.436,9.845,539.61,,world
329.95,2026-08-31 00:17:25,65.62,6.59,3188.70,15.2,corridor,21.14,clear,20.436,9.845,542.01,,world
330.45,2026-08-31 00:17:25,66.98,6.54,3188.79,86.4,corridor,21.16,clear,18.971,8.891,543.37,,world
330.95,2026-08-31 00:17:26,67.31,6.49,3189.10,14.9,corridor,21.18,clear,18.971,8.891,543.92,,world
331.45,2026-08-31 00:17:26,66.48,6.45,3189.34,-75.1,corridor,21.20,clear,19.694,9.467,544.78,,world
331.95,2026-08-31 00:17:27,67.04,6.11,3191.38,15.0,corridor,21.22,clear,19.694,9.467,546.90,,world
332.45,2026-08-31 00:17:27,67.71,5.72,3193.88,15.0,corridor,21.24,clear,19.455,7.980,549.49,,world
332.95,2026-08-31 00:17:28,68.37,5.38,3196.37,15.0,corridor,21.26,clear,19.455,7.980,552.07,,world
333.45,2026-08-31 00:17:28,69.04,5.07,3198.86,15.0,corridor,21.28,clear,21.083,10.468,554.64,,world
333.95,2026-08-31 00:17:29,69.70,4.69,3201.36,15.0,corridor,21.30,clear,21.083,10.468,557.23,,world
334.45,2026-08-31 00:17:29,70.30,4.19,3203.62,15.1,corridor,21.32,clear,22.306,9.945,559.57,,world
334.95,2026-08-31 00:17:30,70.97,3.52,3206.11,15.1,corridor,21.34,clear,22.306,9.945,562.14,,world
335.45,2026-08-31 00:17:30,71.63,2.81,3208.59,15.1,corridor,21.36,clear,20.042,9.825,564.71,,world
335.95,2026-08-31 00:17:31,72.30,2.04,3211.05,15.1,corridor,21.38,clear,20.042,9.825,567.26,,world
336.45,2026-08-31 00:17:31,72.96,1.19,3213.51,15.1,corridor,21.40,clear,19.168,9.948,569.80,,world
336.95,2026-08-31 00:17:32,73.62,0.38,3215.96,15.1,corridor,21.42,clear,19.168,9.948,572.35,,world
337.45,2026-08-31 00:17:32,74.29,-0.20,3218.45,15.1,corridor,21.44,clear,19.659,8.896,574.93,,world
337.95,2026-08-31 00:17:33,74.96,-0.54,3220.95,15.1,corridor,21.46,clear,19.659,8.896,577.51,,world
338.45,2026-08-31 00:17:33,75.63,-0.82,3223.44,15.1,corridor,21.48,clear,18.369,8.685,580.09,,world
338.95,2026-08-31 00:17:34,76.29,-1.10,3225.92,15.1,corridor,21.50,clear,18.369,8.685,582.66,,world
339.45,2026-08-31 00:17:34,76.96,-1.47,3228.42,15.1,corridor,21.52,clear,18.378,8.732,585.24,,world
339.95,2026-08-31 00:17:35,77.64,-1.97,3230.91,15.1,corridor,21.54,clear,18.378,8.732,587.83,,world
340.45,2026-08-31 00:17:35,78.31,-2.58,3233.41,15.1,corridor,21.56,clear,18.418,8.074,590.41,,world
340.95,2026-08-31 00:17:36,78.99,-3.18,3235.90,15.0,corridor,21.58,clear,18.418,8.074,593.00,,world
341.45,2026-08-31 00:17:36,79.67,-3.60,3238.39,15.0,corridor,21.60,clear,17.349,7.919,595.58,,world
341.95,2026-08-31 00:17:37,80.34,-3.91,3240.89,15.0,corridor,21.62,clear,17.349,7.919,598.16,,world
342.45,2026-08-31 00:17:37,81.01,-4.19,3243.37,15.0,corridor,21.64,clear,17.123,8.106,600.74,,world
342.95,2026-08-31 00:17:38,81.68,-4.40,3245.85,15.0,corridor,21.66,clear,17.123,8.106,603.30,,world
343.45,2026-08-31 00:17:38,82.33,-4.49,3248.29,15.0,corridor,21.68,clear,19.159,9.126,605.83,,world
343.95,2026-08-31 00:17:39,82.97,-4.48,3250.71,15.0,corridor,21.70,clear,19.159,9.126,608.33,,world
344.45,2026-08-31 00:17:39,83.61,-4.40,3253.09,15.0,corridor,21.72,clear,17.467,8.193,610.80,,world
344.95,2026-08-31 00:17:40,84.23,-4.22,3255.43,15.1,corridor,21.74,clear,17.467,8.193,613.22,,world
345.45,2026-08-31 00:17:40,84.84,-3.95,3257.71,15.1,corridor,21.76,clear,19.346,7.564,615.58,,world
345.95,2026-08-31 00:17:41,85.44,-3.61,3259.95,15.1,corridor,21.78,clear,19.346,7.564,617.89,,world
346.45,2026-08-31 00:17:41,86.04,-3.32,3262.21,15.1,corridor,21.80,clear,19.839,8.158,620.24,,world
346.95,2026-08-31 00:17:42,86.67,-3.16,3264.55,15.1,corridor,21.82,clear,19.839,8.158,622.66,,world
347.45,2026-08-31 00:17:42,87.31,-3.08,3266.93,15.1,corridor,21.84,clear,17.894,7.813,625.13,,world
347.95,2026-08-31 00:17:43,87.95,-3.01,3269.32,15.1,corridor,21.86,clear,17.894,7.813,627.60,,world
348.45,2026-08-31 00:17:43,88.58,-2.85,3271.67,15.1,corridor,21.88,clear,18.928,8.595,630.03,,world
348.95,2026-08-31 00:17:44,89.20,-2.66,3273.99,15.1,corridor,21.90,clear,18.928,8.595,632.44,,world
349.45,2026-08-31 00:17:44,89.82,-2.45,3276.31,15.1,corridor,21.92,clear,18.423,8.374,634.83,,world
349.95,2026-08-31 00:17:45,90.45,-2.29,3278.65,15.1,corridor,21.94,clear,18.423,8.374,637.26,,world
350.45,2026-08-31 00:17:45,91.09,-2.25,3281.05,15.1,corridor,21.96,clear,19.445,8.821,639.74,,world
350.95,2026-08-31 00:17:46,91.75,-2.32,3283.49,15.1,corridor,21.98,clear,19.445,8.821,642.27,,world
351.45,2026-08-31 00:17:46,92.41,-2.42,3285.94,15.1,corridor,22.00,clear,19.930,8.567,644.80,,world
351.95,2026-08-31 00:17:47,93.05,-2.36,3288.33,15.1,corridor,22.02,clear,19.930,8.567,647.28,,world
352.45,2026-08-31 00:17:47,93.68,-2.20,3290.67,15.1,corridor,22.04,clear,19.266,7.870,649.70,,world
352.95,2026-08-31 00:17:48,94.31,-2.00,3293.00,15.1,corridor,22.06,clear,19.266,7.870,652.11,,world
353.45,2026-08-31 00:17:48,94.95,-1.86,3295.35,15.1,corridor,22.08,clear,20.937,8.082,654.55,,world
353.95,2026-08-31 00:17:49,95.59,-1.80,3297.74,15.1,corridor,22.10,clear,20.937,8.082,657.03,,world
354.45,2026-08-31 00:17:49,96.25,-1.82,3300.17,15.1,corridor,22.12,clear,19.320,7.852,659.54,,world
354.95,2026-08-31 00:17:50,96.91,-1.88,3302.60,15.1,corridor,22.14,clear,19.320,7.852,662.06,,world
355.45,2026-08-31 00:17:50,97.56,-1.90,3305.03,15.1,corridor,22.16,clear,18.776,7.561,664.58,,world
355.95,2026-08-31 00:17:51,98.22,-1.90,3307.44,15.1,corridor,22.18,clear,18.776,7.561,667.08,,world
356.45,2026-08-31 00:17:51,98.87,-1.89,3309.86,15.1,corridor,22.20,clear,17.420,7.885,669.58,,world
356.95,2026-08-31 00:17:52,99.52,-1.84,3312.25,15.1,corridor,22.22,clear,17.420,7.885,672.06,,world
357.45,2026-08-31 00:17:52,100.16,-1.75,3314.63,15.1,corridor,22.24,clear,18.197,9.957,674.53,,world
357.95,2026-08-31 00:17:53,100.80,-1.69,3317.02,15.1,corridor,22.26,clear,18.197,9.957,677.00,,world
358.45,2026-08-31 00:17:53,101.44,-1.67,3319.43,15.1,corridor,22.28,clear,19.256,8.750,679.49,,world
358.95,2026-08-31 00:17:54,102.08,-1.58,3321.81,15.1,corridor,22.30,clear,19.256,8.750,681.95,,world
359.45,2026-08-31 00:17:54,102.71,-1.41,3324.15,15.1,corridor,22.32,clear,21.315,8.604,684.38,,world
359.95,2026-08-31 00:17:55,103.34,-1.27,3326.50,15.1,corridor,22.34,clear,21.315,8.604,686.82,,world
360.45,2026-08-31 00:17:55,103.99,-1.25,3328.91,15.1,corridor,22.36,clear,19.792,9.233,689.31,,world
360.95,2026-08-31 00:17:56,104.64,-1.34,3331.36,15.1,corridor,22.38,clear,19.792,9.233,691.84,,world
361.45,2026-08-31 00:17:56,105.31,-1.55,3333.83,15.1,corridor,22.40,clear,45.093,8.682,694.40,,world
361.95,2026-08-31 00:17:57,105.98,-1.94,3336.32,15.1,corridor,22.42,clear,45.093,8.682,696.98,,world
362.45,2026-08-31 00:17:57,106.65,-2.54,3338.82,15.1,corridor,22.44,clear,18.151,8.786,699.57,,world
362.95,2026-08-31 00:17:58,107.32,-3.19,3341.30,15.1,corridor,22.46,clear,18.151,8.786,702.14,,world
363.45,2026-08-31 00:17:58,108.00,-3.77,3343.80,15.1,corridor,22.48,clear,18.681,7.934,704.73,,world
363.95,2026-08-31 00:17:59,108.61,-4.17,3346.06,15.0,corridor,22.50,clear,18.681,7.934,707.07,,world
364.45,2026-08-31 00:17:59,109.28,-4.53,3348.55,15.0,corridor,22.52,clear,19.872,7.913,709.65,,world
364.95,2026-08-31 00:18:00,109.95,-4.80,3351.04,15.0,corridor,22.54,clear,19.872,7.913,712.22,,world
365.45,2026-08-31 00:18:00,110.59,-4.81,3353.46,15.1,corridor,22.56,clear,20.543,10.444,714.73,,world
365.95,2026-08-31 00:18:01,111.22,-4.69,3355.83,15.1,corridor,22.58,clear,20.543,10.444,717.18,,world
366.45,2026-08-31 00:18:01,111.83,-4.46,3358.14,15.1,corridor,22.60,clear,19.786,9.445,719.57,,world
366.95,2026-08-31 00:18:02,112.43,-4.16,3360.41,15.1,corridor,22.62,clear,19.786,9.445,721.92,,world
367.45,2026-08-31 00:18:02,113.03,-3.87,3362.68,15.1,corridor,22.64,clear,19.738,27.098,724.27,,world
367.95,2026-08-31 00:18:03,113.64,-3.56,3364.94,15.1,corridor,22.66,clear,19.738,27.098,726.61,,world
368.45,2026-08-31 00:18:03,114.23,-3.20,3367.16,15.1,corridor,22.68,clear,21.332,8.807,728.91,,world
368.95,2026-08-31 00:18:04,114.80,-2.77,3369.32,15.1,corridor,22.70,clear,21.332,8.807,731.14,,world
369.45,2026-08-31 00:18:04,115.35,-2.26,3371.41,15.1,corridor,22.72,clear,25.679,35.219,733.30,,world
369.95,2026-08-31 00:18:05,115.90,-1.70,3373.45,15.1,corridor,22.74,clear,25.679,35.219,735.41,,world
370.45,2026-08-31 00:18:05,116.38,-1.21,3375.25,15.1,corridor,22.76,clear,20.202,9.619,737.28,,world
370.95,2026-08-31 00:18:06,116.93,-0.69,3377.31,15.1,corridor,22.78,clear,20.202,9.619,739.41,,world
371.45,2026-08-31 00:18:06,117.50,-0.25,3379.46,15.1,corridor,22.80,clear,18.867,8.838,741.63,,world
371.95,2026-08-31 00:18:07,118.10,0.03,3381.72,15.1,corridor,22.82,clear,18.867,8.838,743.98,,world
372.45,2026-08-31 00:18:07,118.75,0.09,3384.11,15.1,corridor,22.84,clear,22.594,9.972,746.45,,world
372.95,2026-08-31 00:18:08,119.40,0.14,3386.51,15.1,corridor,22.86,clear,22.594,9.972,748.94,,world
373.45,2026-08-31 00:18:08,120.02,0.36,3388.83,15.1,corridor,22.88,clear,19.148,8.145,751.33,,world
373.95,2026-08-31 00:18:09,120.61,0.76,3391.01,15.1,corridor,22.90,clear,19.148,8.145,753.60,,world
374.45,2026-08-31 00:18:09,121.20,1.19,3393.17,15.1,corridor,22.92,clear,20.211,9.270,755.83,,world
374.95,2026-08-31 00:18:10,121.80,1.52,3395.41,15.1,corridor,22.94,clear,20.211,9.270,758.15,,world
375.45,2026-08-31 00:18:10,122.44,1.62,3397.77,15.1,corridor,22.96,clear,19.733,6.508,760.60,,world
375.95,2026-08-31 00:18:11,123.11,1.52,3400.22,15.1,corridor,22.98,clear,19.733,6.508,763.14,,world
376.45,2026-08-31 00:18:11,123.77,1.43,3402.67,15.1,corridor,23.00,clear,21.328,6.426,765.67,,world
376.95,2026-08-31 00:18:12,124.43,1.44,3405.08,15.1,corridor,23.02,clear,21.328,6.426,768.17,,world
377.45,2026-08-31 00:18:12,125.07,1.57,3407.44,15.1,corridor,23.04,clear,21.642,7.093,770.62,,world
377.95,2026-08-31 00:18:13,125.69,1.81,3409.74,15.1,corridor,23.06,clear,21.642,7.093,773.00,,world
378.45,2026-08-31 00:18:13,126.28,2.21,3411.94,15.1,corridor,23.08,clear,18.778,7.058,775.28,,world
378.95,2026-08-31 00:18:14,126.84,2.74,3414.01,15.1,corridor,23.10,clear,18.778,7.058,777.43,,world
379.45,2026-08-31 00:18:14,127.32,3.27,3415.78,15.1,corridor,23.12,clear,21.563,7.750,779.26,,world
379.95,2026-08-31 00:18:15,127.86,3.89,3417.76,15.1,corridor,23.14,clear,21.563,7.750,781.31,,world
380.45,2026-08-31 00:18:15,128.41,4.43,3419.81,15.1,corridor,23.16,clear,19.244,6.579,783.43,,world
380.95,2026-08-31 00:18:16,128.99,4.89,3421.94,15.1,corridor,23.18,clear,19.244,6.579,785.64,,world
381.45,2026-08-31 00:18:16,129.58,5.31,3424.11,15.1,corridor,23.20,clear,19.705,7.808,787.89,,world
381.95,2026-08-31 00:18:17,130.17,5.73,3426.29,15.1,corridor,23.22,clear,19.705,7.808,790.15,,world
382.45,2026-08-31 00:18:17,130.75,6.15,3428.46,15.1,corridor,23.24,clear,20.970,7.491,792.39,,world
382.95,2026-08-31 00:18:18,131.33,6.58,3430.62,15.1,corridor,23.26,clear,20.970,7.491,794.63,,world
383.45,2026-08-31 00:18:18,131.92,7.00,3432.79,15.1,corridor,23.28,clear,22.482,8.425,796.88,,world
383.95,2026-08-31 00:18:19,132.52,7.39,3434.98,15.1,corridor,23.30,clear,22.482,8.425,799.15,,world
384.45,2026-08-31 00:18:19,133.12,7.73,3437.23,15.0,corridor,23.32,clear,22.299,7.358,801.47,,world
384.95,2026-08-31 00:18:20,133.75,7.94,3439.54,15.0,corridor,23.34,clear,22.299,7.358,803.87,,world
385.45,2026-08-31 00:18:20,134.38,8.10,3441.89,15.0,corridor,23.36,clear,19.540,8.000,806.30,,world
385.95,2026-08-31 00:18:21,135.02,8.20,3444.26,15.0,corridor,23.38,clear,19.540,8.000,808.76,,world
386.45,2026-08-31 00:18:21,135.67,8.20,3446.67,15.0,corridor,23.40,clear,19.683,7.402,811.26,,world
386.95,2026-08-31 00:18:22,136.32,8.16,3449.11,15.0,corridor,23.42,clear,19.683,7.402,813.78,,world
387.45,2026-08-31 00:18:22,136.97,8.10,3451.54,15.0,corridor,23.44,clear,19.409,6.514,816.30,,world
387.95,2026-08-31 00:18:23,137.63,8.01,3453.99,15.0,corridor,23.46,clear,19.409,6.514,818.83,,world
388.45,2026-08-31 00:18:23,138.29,7.85,3456.45,15.0,corridor,23.48,clear,18.984,6.889,821.38,,world
388.95,2026-08-31 00:18:24,138.95,7.75,3458.90,15.0,corridor,23.50,clear,18.984,6.889,823.92,,world
389.45,2026-08-31 00:18:24,139.60,7.66,3461.35,15.1,corridor,23.52,clear,21.690,7.370,826.45,,world
389.95,2026-08-31 00:18:25,140.26,7.44,3463.82,15.1,corridor,23.54,clear,21.690,7.370,829.01,,world
390.45,2026-08-31 00:18:25,140.93,7.03,3466.32,15.1,corridor,23.56,clear,19.513,6.853,831.60,,world
390.95,2026-08-31 00:18:26,141.60,6.56,3468.82,15.1,corridor,23.58,clear,19.513,6.853,834.19,,world
391.45,2026-08-31 00:18:26,142.27,6.06,3471.32,15.1,corridor,23.60,clear,18.634,7.292,836.78,,world
391.95,2026-08-31 00:18:27,142.93,5.41,3473.81,15.1,corridor,23.62,clear,18.634,7.292,839.35,,world
392.45,2026-08-31 00:18:27,143.59,4.59,3476.27,15.1,corridor,23.64,clear,19.070,7.347,841.90,,world
392.95,2026-08-31 00:18:28,144.24,3.70,3478.71,15.1,corridor,23.66,clear,19.070,7.347,844.42,,world
393.45,2026-08-31 00:18:28,144.84,2.94,3480.94,15.1,corridor,23.68,clear,24.387,8.136,846.73,,world
393.95,2026-08-31 00:18:29,145.51,2.31,3483.43,15.2,corridor,23.70,clear,24.387,8.136,849.31,,world
394.45,2026-08-31 00:18:29,146.18,1.89,3485.92,15.2,corridor,23.72,clear,18.302,6.588,851.89,,world
394.95,2026-08-31 00:18:30,146.85,1.50,3488.42,15.2,corridor,23.74,clear,18.302,6.588,854.48,,world
395.45,2026-08-31 00:18:30,147.53,1.07,3490.92,15.2,corridor,23.76,clear,20.184,7.374,857.07,,world
395.95,2026-08-31 00:18:31,148.20,0.75,3493.41,15.2,corridor,23.78,clear,20.184,7.374,859.65,,world
396.45,2026-08-31 00:18:31,149.14,0.69,3495.71,26.6,corridor,23.80,clear,19.444,8.204,862.15,,world
396.95,2026-08-31 00:18:32,150.23,0.82,3497.90,26.6,corridor,23.82,clear,19.444,8.204,864.59,,world
397.45,2026-08-31 00:18:32,151.32,0.95,3500.08,26.6,corridor,23.84,clear,18.999,7.244,867.03,,world
397.95,2026-08-31 00:18:33,152.43,0.96,3502.31,26.6,corridor,23.86,clear,18.999,7.244,869.52,,world
398.45,2026-08-31 00:18:33,153.56,0.86,3504.57,26.6,corridor,23.88,clear,19.064,8.765,872.05,,world
398.95,2026-08-31 00:18:34,154.71,0.68,3506.86,26.6,corridor,23.90,clear,19.064,8.765,874.60,,world
399.45,2026-08-31 00:18:34,155.85,0.47,3509.15,26.6,corridor,23.92,clear,18.721,7.222,877.16,,world
399.95,2026-08-31 00:18:35,157.00,0.23,3511.44,26.6,corridor,23.94,clear,18.721,7.222,879.73,,world
400.45,2026-08-31 00:18:35,158.15,-0.01,3513.74,26.6,corridor,23.96,clear,18.650,9.187,882.30,,world
400.95,2026-08-31 00:18:36,159.30,-0.19,3516.02,26.6,corridor,23.98,clear,18.650,9.187,884.85,,world
401.45,2026-08-31 00:18:36,160.42,-0.19,3518.26,26.6,corridor,24.00,clear,19.587,7.274,887.35,,world
401.95,2026-08-31 00:18:37,161.48,0.05,3520.39,26.6,corridor,0.02,clear,19.587,7.274,889.73,,world
402.45,2026-08-31 00:18:37,162.54,0.31,3522.51,26.6,corridor,0.04,clear,18.402,7.044,892.10,,world
402.95,2026-08-31 00:18:38,163.63,0.46,3524.68,26.6,corridor,0.06,clear,18.402,7.044,894.54,,world
403.45,2026-08-31 00:18:38,164.73,0.56,3526.88,26.6,corridor,0.08,clear,19.160,6.844,896.99,,world
403.95,2026-08-31 00:18:39,165.83,0.68,3529.07,26.6,corridor,0.10,clear,19.160,6.844,899.44,,world
404.45,2026-08-31 00:18:39,166.93,0.76,3531.27,26.6,corridor,0.12,clear,18.801,7.111,901.91,,world
404.95,2026-08-31 00:18:40,168.07,0.67,3533.53,26.6,corridor,0.14,clear,18.801,7.111,904.43,,world
405.45,2026-08-31 00:18:40,169.22,0.44,3535.82,26.6,corridor,0.16,clear,19.628,7.307,907.00,,world
405.95,2026-08-31 00:18:41,170.37,0.23,3538.12,26.6,corridor,0.18,clear,19.628,7.307,909.57,,world
406.45,2026-08-31 00:18:41,171.51,0.06,3540.40,26.6,corridor,0.20,clear,18.763,6.531,912.12,,world
406.95,2026-08-31 00:18:42,172.65,-0.07,3542.67,26.6,corridor,0.22,clear,18.763,6.531,914.66,,world
407.45,2026-08-31 00:18:42,173.80,-0.26,3544.96,26.6,corridor,0.24,clear,19.050,6.667,917.22,,world
407.95,2026-08-31 00:18:43,174.95,-0.52,3547.25,26.6,corridor,0.26,clear,19.050,6.667,919.79,,world
408.45,2026-08-31 00:18:43,176.10,-0.75,3549.55,26.6,corridor,0.28,clear,18.396,7.155,922.35,,world
408.95,2026-08-31 00:18:44,177.23,-0.84,3551.81,26.6,corridor,0.30,clear,18.396,7.155,924.88,,world
409.45,2026-08-31 00:18:44,178.37,-1.00,3554.09,26.6,corridor,0.32,clear,19.208,7.515,927.43,,world
409.95,2026-08-31 00:18:45,179.53,-1.41,3556.40,26.6,corridor,0.34,clear,19.208,7.515,930.02,,world
410.45,2026-08-31 00:18:45,180.69,-1.91,3558.72,26.6,corridor,0.36,clear,22.543,8.152,932.61,,world
410.95,2026-08-31 00:18:46,181.74,-2.24,3560.81,26.6,corridor,0.38,clear,22.543,8.152,934.94,,world
411.45,2026-08-31 00:18:46,182.89,-2.47,3563.10,26.5,corridor,0.40,clear,18.012,7.626,937.51,,world
411.95,2026-08-31 00:18:47,184.04,-2.67,3565.39,26.5,corridor,0.42,clear,18.012,7.626,940.07,,world
412.45,2026-08-31 00:18:47,185.34,-3.00,3567.39,26.4,corridor,0.44,clear,22.100,9.183,942.51,,world
412.95,2026-08-31 00:18:48,186.50,-3.30,3569.70,26.4,corridor,0.46,clear,22.100,9.183,945.10,,world
413.45,2026-08-31 00:18:48,187.65,-3.59,3572.01,26.4,corridor,0.48,clear,18.806,7.474,947.68,,world
413.95,2026-08-31 00:18:49,188.47,-3.75,3572.27,114.2,corridor,0.50,clear,18.806,7.474,948.86,,world
414.45,2026-08-31 00:18:49,190.16,-4.10,3573.07,25.6,corridor,0.52,clear,18.998,7.808,951.30,,world
414.95,2026-08-31 00:18:50,191.28,-4.37,3575.39,25.6,corridor,0.54,clear,18.998,7.808,953.88,,world
415.45,2026-08-31 00:18:50,192.40,-4.65,3577.72,25.6,corridor,0.56,clear,19.110,7.690,956.46,,world
415.95,2026-08-31 00:18:51,193.51,-4.98,3580.04,25.5,corridor,0.58,clear,19.110,7.690,959.03,,world
416.45,2026-08-31 00:18:51,193.43,-4.97,3580.11,-5.9,corridor,0.60,clear,21.592,7.387,959.14,,world
416.95,2026-08-31 00:18:52,191.40,-4.67,3581.08,-64.4,corridor,0.62,clear,21.592,7.387,961.39,,world
417.45,2026-08-31 00:18:52,190.58,-4.77,3582.68,27.5,corridor,0.64,clear,19.685,8.032,963.75,,world
417.95,2026-08-31 00:18:53,191.61,-5.35,3584.95,27.6,corridor,0.66,clear,19.685,8.032,966.27,,world
418.45,2026-08-31 00:18:53,192.81,-5.93,3587.24,27.6,corridor,0.68,clear,20.072,7.725,968.86,,world
418.95,2026-08-31 00:18:54,194.02,-6.41,3589.53,27.6,corridor,0.70,clear,20.072,7.725,971.45,,world
419.45,2026-08-31 00:18:54,195.23,-6.78,3591.83,27.6,corridor,0.72,clear,19.812,7.908,974.04,,world
419.95,2026-08-31 00:18:55,196.40,-6.99,3593.98,27.6,corridor,0.74,clear,19.812,7.908,976.51,,world
420.45,2026-08-31 00:18:55,197.64,-7.17,3594.78,27.1,corridor,0.76,clear,24.527,9.389,978.12,,world
420.95,2026-08-31 00:18:56,199.07,-7.24,3596.88,26.9,corridor,0.78,clear,24.527,9.389,980.71,,world
421.45,2026-08-31 00:18:56,200.19,-7.18,3599.08,26.9,corridor,0.80,clear,18.040,7.061,983.18,,world
421.95,2026-08-31 00:18:57,201.26,-6.94,3601.21,26.9,corridor,0.82,clear,18.040,7.061,985.56,,world
422.45,2026-08-31 00:18:57,202.33,-6.67,3603.32,26.9,corridor,0.84,clear,18.697,6.777,987.92,,world
422.95,2026-08-31 00:18:58,203.38,-6.37,3605.41,26.9,corridor,0.86,clear,18.697,6.777,990.27,,world
423.45,2026-08-31 00:18:58,204.46,-6.14,3607.55,26.9,corridor,0.88,clear,19.034,6.153,992.66,,world
423.95,2026-08-31 00:18:59,205.57,-6.02,3609.72,27.0,corridor,0.90,clear,19.034,6.153,995.10,,world
424.45,2026-08-31 00:18:59,206.69,-5.98,3611.94,27.0,corridor,0.92,clear,18.716,6.111,997.58,,world
424.95,2026-08-31 00:19:00,207.82,-5.94,3614.14,26.9,corridor,0.94,clear,18.716,6.111,1000.06,,world
425.45,2026-08-31 00:19:00,208.95,-5.95,3616.37,26.9,corridor,0.96,clear,20.174,6.602,1002.56,,world
425.95,2026-08-31 00:19:01,210.11,-6.12,3618.64,26.9,corridor,0.98,clear,20.174,6.602,1005.11,,world
426.45,2026-08-31 00:19:01,211.27,-6.34,3620.93,26.9,corridor,1.00,clear,19.482,6.520,1007.68,,world
426.95,2026-08-31 00:19:02,212.42,-6.44,3623.18,26.9,corridor,1.02,clear,19.482,6.520,1010.21,,world
427.45,2026-08-31 00:19:02,213.57,-6.52,3625.43,26.9,corridor,1.04,clear,19.364,8.431,1012.73,,world
427.95,2026-08-31 00:19:03,214.72,-6.62,3627.69,26.9,corridor,1.06,clear,19.364,8.431,1015.26,,world
428.45,2026-08-31 00:19:03,215.92,-6.62,3629.70,26.8,corridor,1.08,clear,23.203,8.995,1017.65,,world
428.95,2026-08-31 00:19:04,216.99,-6.36,3631.82,26.8,corridor,1.10,clear,23.203,8.995,1020.02,,world
429.45,2026-08-31 00:19:04,218.02,-6.00,3633.88,26.8,corridor,1.12,clear,21.941,9.035,1022.31,,world
429.95,2026-08-31 00:19:05,219.07,-5.71,3635.97,26.8,corridor,1.14,clear,21.941,9.035,1024.66,,world
430.45,2026-08-31 00:19:05,220.14,-5.46,3638.09,26.8,corridor,1.16,clear,18.641,8.099,1027.04,,world
430.95,2026-08-31 00:19:06,220.67,-5.35,3639.14,26.8,corridor,1.18,clear,18.641,8.099,1028.21,,world
431.45,2026-08-31 00:19:06,219.21,-5.28,3639.87,-63.2,corridor,1.20,clear,17.782,8.190,1029.84,,world
431.95,2026-08-31 00:19:07,216.97,-5.29,3641.00,-63.2,corridor,1.22,clear,17.782,8.190,1032.35,,world
432.45,2026-08-31 00:19:07,215.26,-5.23,3642.23,31.3,corridor,1.24,clear,19.678,7.627,1034.62,,world
432.95,2026-08-31 00:19:08,216.57,-4.93,3644.14,34.6,corridor,1.26,clear,19.678,7.627,1036.95,,world
433.45,2026-08-31 00:19:08,217.89,-4.61,3646.06,34.6,corridor,1.28,clear,18.236,7.467,1039.27,,world
433.95,2026-08-31 00:19:09,219.24,-4.38,3648.02,34.6,corridor,1.30,clear,18.236,7.467,1041.66,,world
434.45,2026-08-31 00:19:09,220.65,-4.35,3650.06,34.6,corridor,1.32,clear,18.323,8.036,1044.14,,world
434.95,2026-08-31 00:19:10,222.09,-4.45,3652.16,34.6,corridor,1.34,clear,18.323,8.036,1046.68,,world
435.45,2026-08-31 00:19:10,223.55,-4.63,3654.25,34.6,corridor,1.36,clear,19.279,8.069,1049.23,,world
435.95,2026-08-31 00:19:11,225.00,-4.75,3656.35,34.6,corridor,1.38,clear,19.279,8.069,1051.78,,world
436.45,2026-08-31 00:19:11,226.42,-4.73,3658.41,34.6,corridor,1.40,clear,18.781,6.922,1054.29,,world
436.95,2026-08-31 00:19:12,227.81,-4.61,3660.42,34.6,corridor,1.42,clear,18.781,6.922,1056.73,,world
437.45,2026-08-31 00:19:12,229.18,-4.42,3662.41,34.6,corridor,1.44,clear,20.336,7.790,1059.14,,world
437.95,2026-08-31 00:19:13,230.54,-4.23,3664.39,34.6,corridor,1.46,clear,20.336,7.790,1061.55,,world
438.45,2026-08-31 00:19:13,231.91,-4.04,3666.38,34.6,corridor,1.48,clear,18.078,7.889,1063.96,,world
438.95,2026-08-31 00:19:14,233.29,-3.93,3668.40,34.6,corridor,1.50,clear,18.078,7.889,1066.41,,world
439.45,2026-08-31 00:19:14,234.70,-3.89,3670.44,34.6,corridor,1.52,clear,19.286,8.083,1068.89,,world
439.95,2026-08-31 00:19:15,236.11,-3.86,3672.49,34.6,corridor,1.54,clear,19.286,8.083,1071.38,,world
440.45,2026-08-31 00:19:15,237.51,-3.74,3674.51,34.6,corridor,1.56,clear,18.454,6.768,1073.83,,world
440.95,2026-08-31 00:19:16,238.89,-3.59,3676.51,34.6,corridor,1.58,clear,18.454,6.768,1076.26,,world
441.83,2026-08-31 00:19:17,236.75,-3.92,3684.06,113.4,corridor,1.61,clear,18.506,11.349,0.00,,combat
442.53,2026-08-31 00:19:18,236.75,-3.91,3684.06,113.4,corridor,1.64,clear,22.646,90.582,0.00,,combat
443.12,2026-08-31 00:19:18,236.75,-3.91,3684.06,113.4,corridor,1.66,clear,22.646,90.582,0.00,,combat
443.70,2026-08-31 00:19:19,236.75,-3.91,3684.06,113.4,corridor,1.69,clear,18.625,7.006,0.00,,combat
444.37,2026-08-31 00:19:19,236.75,-3.91,3684.06,113.4,corridor,1.71,clear,18.625,7.006,0.00,,combat
445.02,2026-08-31 00:19:20,236.75,-3.91,3684.06,113.4,corridor,1.74,clear,24.466,10.921,0.00,,combat
445.63,2026-08-31 00:19:21,236.75,-3.91,3684.06,113.4,corridor,1.76,clear,21.245,7.811,0.00,,combat
446.25,2026-08-31 00:19:21,236.75,-3.91,3684.06,113.4,corridor,1.79,clear,21.245,7.811,0.00,,combat
446.95,2026-08-31 00:19:22,236.75,-3.91,3684.06,113.4,corridor,1.82,clear,21.308,7.537,0.00,,combat
447.58,2026-08-31 00:19:23,236.75,-3.91,3684.06,113.4,corridor,1.84,clear,23.949,8.043,0.00,,combat
448.08,2026-08-31 00:19:23,236.75,-3.91,3684.06,113.4,corridor,1.86,clear,23.949,8.043,0.00,,combat
448.58,2026-08-31 00:19:24,236.75,-3.91,3684.06,113.4,corridor,1.88,clear,23.681,9.250,0.00,,combat
449.08,2026-08-31 00:19:24,236.75,-3.91,3684.06,113.4,corridor,1.90,clear,23.681,9.250,0.00,,combat
449.58,2026-08-31 00:19:25,236.75,-3.91,3684.06,113.4,corridor,1.92,clear,22.808,8.625,0.00,,combat
450.08,2026-08-31 00:19:25,236.75,-3.91,3684.06,113.4,corridor,1.94,clear,22.808,8.625,0.00,,combat
450.58,2026-08-31 00:19:26,236.75,-3.91,3684.06,113.4,corridor,1.96,clear,21.080,8.844,0.00,,combat
451.48,2026-08-31 00:19:26,236.75,-3.91,3684.06,113.4,corridor,2.00,clear,20.687,9.736,0.00,,combat
452.38,2026-08-31 00:19:27,236.75,-3.91,3684.06,113.4,corridor,2.03,clear,20.687,9.736,0.00,,combat
453.25,2026-08-31 00:19:28,236.75,-3.91,3684.06,113.4,corridor,2.07,clear,20.776,10.138,0.00,,combat
454.02,2026-08-31 00:19:29,236.75,-3.91,3684.06,113.4,corridor,2.10,clear,21.356,8.004,0.00,,combat
454.88,2026-08-31 00:19:30,236.75,-3.91,3684.06,113.4,corridor,2.13,clear,20.643,9.031,0.00,,combat
455.72,2026-08-31 00:19:31,236.75,-3.91,3684.06,113.4,corridor,2.17,clear,19.632,6.901,0.00,,combat
456.60,2026-08-31 00:19:32,236.75,-3.91,3684.06,113.4,corridor,2.20,clear,21.531,9.451,0.00,,combat
457.47,2026-08-31 00:19:32,236.75,-3.91,3684.06,113.4,corridor,2.24,clear,19.361,10.386,0.00,,combat
458.30,2026-08-31 00:19:33,236.75,-3.91,3684.06,113.4,corridor,2.27,clear,19.361,10.386,0.00,,combat
459.10,2026-08-31 00:19:34,236.75,-3.91,3684.06,113.4,corridor,2.30,clear,19.854,7.418,0.00,,combat
459.95,2026-08-31 00:19:35,236.75,-3.91,3684.06,113.4,corridor,2.34,clear,20.051,7.868,0.00,,combat
460.70,2026-08-31 00:19:36,236.75,-3.91,3684.06,113.4,corridor,2.37,clear,21.430,7.503,0.00,1.93,locked
461.57,2026-08-31 00:19:37,236.75,-3.91,3684.06,113.4,corridor,2.40,clear,20.271,430.721,0.00,1.93,locked
462.58,2026-08-31 00:19:38,236.75,-3.91,3684.06,113.4,corridor,2.44,clear,27.376,92.768,0.00,6.10,combat
463.48,2026-08-31 00:19:39,236.75,-3.91,3684.06,113.4,corridor,2.48,clear,22.569,11.271,0.00,6.10,combat
464.32,2026-08-31 00:19:40,236.75,-3.91,3684.06,113.4,corridor,2.51,clear,20.423,9.404,0.00,6.10,combat
465.15,2026-08-31 00:19:40,236.75,-3.91,3684.06,113.4,corridor,2.54,clear,22.165,10.046,0.00,6.10,combat
466.03,2026-08-31 00:19:41,236.75,-3.91,3684.06,113.4,corridor,2.58,clear,22.165,10.046,0.00,6.10,combat
466.97,2026-08-31 00:19:42,236.75,-3.91,3684.06,113.4,corridor,2.62,clear,23.664,10.373,0.00,6.10,combat
467.88,2026-08-31 00:19:43,236.75,-3.91,3684.06,113.4,corridor,2.65,clear,22.327,11.515,0.00,6.10,combat
468.78,2026-08-31 00:19:44,236.75,-3.91,3684.06,113.4,corridor,2.69,clear,19.790,10.806,0.00,6.10,combat
469.70,2026-08-31 00:19:45,236.75,-3.91,3684.06,113.4,corridor,2.73,clear,21.320,11.582,0.00,6.10,combat
470.60,2026-08-31 00:19:46,236.75,-3.91,3684.06,113.4,corridor,2.76,clear,19.959,11.511,0.00,6.10,combat
471.45,2026-08-31 00:19:47,236.75,-3.91,3684.06,113.4,corridor,2.80,clear,20.128,10.750,0.00,6.10,combat
472.30,2026-08-31 00:19:48,236.75,-3.91,3684.06,113.4,corridor,2.83,clear,22.370,9.692,0.00,6.10,combat
473.13,2026-08-31 00:19:48,236.75,-3.91,3684.06,113.4,corridor,2.86,clear,19.623,10.429,0.00,6.10,combat
473.88,2026-08-31 00:19:50,236.75,-3.91,3684.06,113.4,corridor,2.89,clear,19.623,10.429,0.00,0.78,world
474.78,2026-08-31 00:19:50,236.75,-3.91,3684.06,113.4,corridor,2.93,clear,20.713,357.667,0.00,0.78,world
475.58,2026-08-31 00:19:51,236.75,-3.91,3684.06,113.4,corridor,2.96,clear,18.308,9.059,0.00,6.10,world
476.38,2026-08-31 00:19:52,236.75,-3.91,3684.06,113.4,corridor,2.99,clear,23.465,14.454,0.00,6.10,world
477.18,2026-08-31 00:19:53,236.75,-3.91,3684.06,113.4,corridor,3.03,clear,19.530,8.922,0.00,6.10,world
477.98,2026-08-31 00:19:53,236.75,-3.91,3684.06,113.4,corridor,3.06,clear,21.735,8.758,0.00,6.10,world
478.48,2026-08-31 00:19:54,236.75,-3.91,3684.06,113.4,corridor,3.08,clear,21.735,8.758,0.00,6.10,world
478.98,2026-08-31 00:19:55,236.75,-3.91,3684.06,113.4,corridor,3.10,clear,18.621,8.032,0.00,6.10,world
479.48,2026-08-31 00:19:55,236.75,-3.91,3684.06,113.4,corridor,3.12,clear,18.621,8.032,0.00,6.10,world
479.98,2026-08-31 00:19:55,236.75,-3.91,3684.06,113.4,corridor,3.14,clear,21.871,9.075,0.00,6.10,world
480.48,2026-08-31 00:19:56,236.75,-3.91,3684.06,113.4,corridor,3.16,clear,21.871,9.075,0.00,6.10,world
480.98,2026-08-31 00:19:56,236.75,-3.91,3684.06,113.4,corridor,3.18,clear,19.318,9.549,0.00,6.10,world
481.48,2026-08-31 00:19:57,236.75,-3.91,3684.06,113.4,corridor,3.20,clear,19.318,9.549,0.00,6.10,world
481.98,2026-08-31 00:19:58,236.75,-3.91,3684.06,113.4,corridor,3.22,clear,18.491,8.454,0.00,6.10,world
482.48,2026-08-31 00:19:58,236.75,-3.91,3684.06,113.4,corridor,3.24,clear,18.491,8.454,0.00,6.10,world
482.98,2026-08-31 00:19:58,236.75,-3.91,3684.06,113.4,corridor,3.26,clear,18.644,8.595,0.00,6.10,world
483.48,2026-08-31 00:19:59,236.75,-3.91,3684.06,113.4,corridor,3.28,clear,18.644,8.595,0.00,6.10,world
483.98,2026-08-31 00:20:00,236.75,-3.91,3684.06,113.4,corridor,3.30,clear,18.549,7.438,0.00,6.10,world
484.48,2026-08-31 00:20:00,236.75,-3.91,3684.06,113.4,corridor,3.32,clear,18.549,7.438,0.00,6.10,world
484.98,2026-08-31 00:20:00,236.75,-3.91,3684.06,113.4,corridor,3.34,clear,20.433,9.347,0.00,6.10,world
485.48,2026-08-31 00:20:01,236.75,-3.91,3684.06,113.4,corridor,3.36,clear,20.433,9.347,0.00,6.10,world
485.98,2026-08-31 00:20:02,236.76,-3.91,3684.06,102.9,corridor,3.38,clear,21.781,8.313,0.00,6.09,world
486.48,2026-08-31 00:20:02,238.76,-3.88,3685.19,60.8,corridor,3.40,clear,21.781,8.313,0.00,5.77,world
486.98,2026-08-31 00:20:02,240.90,-3.77,3686.39,60.8,corridor,3.42,clear,20.137,9.359,0.00,6.40,world
487.48,2026-08-31 00:20:03,242.99,-3.55,3687.56,60.8,corridor,3.44,clear,20.137,9.359,0.00,7.74,world
487.98,2026-08-31 00:20:03,245.30,-3.27,3688.69,60.6,corridor,3.46,clear,21.370,8.992,0.00,9.57,world
488.48,2026-08-31 00:20:04,247.35,-2.99,3689.85,60.6,corridor,3.48,clear,21.370,8.992,0.00,11.56,world
488.98,2026-08-31 00:20:05,249.39,-2.72,3691.01,60.6,corridor,3.50,clear,21.324,8.864,0.00,13.67,world
489.48,2026-08-31 00:20:05,251.43,-2.42,3692.16,60.6,corridor,3.52,clear,21.324,8.864,0.00,15.83,world
489.98,2026-08-31 00:20:06,253.43,-2.08,3693.30,60.6,corridor,3.54,clear,19.388,8.633,0.00,18.00,world
490.48,2026-08-31 00:20:06,255.36,-1.64,3694.39,60.6,corridor,3.56,clear,19.388,8.633,0.00,20.12,world
490.98,2026-08-31 00:20:06,257.18,-1.08,3695.41,60.6,corridor,3.58,clear,18.857,8.972,0.00,22.13,world
491.48,2026-08-31 00:20:07,258.99,-0.52,3696.44,60.7,corridor,3.60,clear,18.857,8.972,0.00,24.15,world
491.98,2026-08-31 00:20:08,260.88,-0.04,3697.51,60.7,corridor,3.62,clear,19.577,8.183,0.00,26.26,world
492.48,2026-08-31 00:20:08,262.87,0.33,3698.63,60.7,corridor,3.64,clear,19.577,8.183,0.00,24.24,world
492.98,2026-08-31 00:20:09,264.89,0.65,3699.77,60.7,corridor,3.66,clear,28.698,33.777,0.00,21.92,world
493.48,2026-08-31 00:20:09,266.87,1.03,3700.88,60.7,corridor,3.68,clear,28.698,33.777,0.00,19.64,world
493.98,2026-08-31 00:20:09,268.84,1.43,3701.99,60.7,corridor,3.70,clear,20.192,8.891,0.00,17.38,world
494.48,2026-08-31 00:20:10,270.91,1.66,3703.16,60.7,corridor,3.72,clear,20.192,8.891,0.00,15.01,world
494.98,2026-08-31 00:20:11,273.03,1.80,3704.35,60.7,corridor,3.74,clear,22.372,8.485,0.00,12.57,world
495.48,2026-08-31 00:20:11,275.13,1.99,3705.53,60.8,corridor,3.76,clear,22.372,8.485,0.00,10.17,world
495.98,2026-08-31 00:20:11,277.08,2.40,3706.63,60.8,corridor,3.78,clear,20.590,8.056,0.00,7.93,world
496.48,2026-08-31 00:20:12,278.93,2.93,3707.67,60.8,corridor,3.80,clear,20.590,8.056,0.00,5.81,world
496.98,2026-08-31 00:20:13,280.78,3.46,3708.71,60.9,corridor,3.82,clear,19.803,7.398,0.00,3.68,world
497.80,2026-08-31 00:20:13,281.64,3.63,3716.11,139.8,corridor,3.85,clear,19.803,7.398,0.00,6.08,combat
498.57,2026-08-31 00:20:14,281.64,3.64,3716.11,139.8,corridor,3.88,clear,21.115,105.200,0.00,6.09,combat
499.12,2026-08-31 00:20:15,281.64,3.64,3716.11,139.8,corridor,3.90,clear,21.052,8.704,0.00,6.09,combat
499.67,2026-08-31 00:20:15,281.64,3.64,3716.11,139.8,corridor,3.93,clear,21.052,8.704,0.00,6.09,combat
500.27,2026-08-31 00:20:16,281.64,3.64,3716.11,139.8,corridor,3.95,clear,19.090,9.496,0.00,6.09,combat
500.83,2026-08-31 00:20:16,281.64,3.64,3716.11,139.8,corridor,3.97,clear,19.090,9.496,0.00,6.09,combat
501.38,2026-08-31 00:20:17,281.64,3.64,3716.11,139.8,corridor,3.99,clear,20.899,10.499,0.00,6.09,combat
502.03,2026-08-31 00:20:18,281.64,3.64,3716.11,139.8,corridor,4.02,clear,21.685,10.406,0.00,6.09,combat
502.65,2026-08-31 00:20:18,281.64,3.64,3716.11,139.8,corridor,4.04,clear,21.685,10.406,0.00,6.09,combat
503.30,2026-08-31 00:20:19,281.64,3.64,3716.11,139.8,corridor,4.07,clear,22.202,9.957,0.00,6.09,combat
503.80,2026-08-31 00:20:19,281.64,3.64,3716.11,139.8,corridor,4.09,clear,22.202,9.957,0.00,6.09,combat
504.30,2026-08-31 00:20:20,281.64,3.64,3716.11,139.8,corridor,4.11,clear,20.540,10.491,0.00,6.09,combat
504.80,2026-08-31 00:20:20,281.64,3.64,3716.11,139.8,corridor,4.13,clear,20.540,10.491,0.00,6.09,combat
505.30,2026-08-31 00:20:21,281.64,3.64,3716.11,139.8,corridor,4.15,clear,19.189,8.402,0.00,6.09,combat
505.80,2026-08-31 00:20:21,281.64,3.64,3716.11,139.8,corridor,4.17,clear,19.189,8.402,0.00,6.09,combat
506.33,2026-08-31 00:20:22,281.64,3.64,3716.11,139.8,corridor,4.19,clear,20.391,8.204,0.00,6.09,combat
507.20,2026-08-31 00:20:23,281.64,3.64,3716.11,139.8,corridor,4.23,clear,27.311,10.604,0.00,6.09,combat
508.12,2026-08-31 00:20:24,281.64,3.64,3716.11,139.8,corridor,4.26,clear,20.780,11.392,0.00,6.09,combat
508.98,2026-08-31 00:20:24,281.64,3.64,3716.11,139.8,corridor,4.30,clear,19.979,10.596,0.00,6.09,combat
509.83,2026-08-31 00:20:25,281.64,3.64,3716.11,139.8,corridor,4.33,clear,20.873,10.281,0.00,6.09,combat
510.80,2026-08-31 00:20:26,281.64,3.64,3716.11,139.8,corridor,4.37,clear,20.873,10.281,0.00,6.09,combat
511.70,2026-08-31 00:20:27,281.64,3.64,3716.11,139.8,corridor,4.41,clear,21.050,11.651,0.00,6.09,combat
512.70,2026-08-31 00:20:28,281.64,3.64,3716.11,139.8,corridor,4.45,clear,26.966,10.333,0.00,6.09,combat
513.68,2026-08-31 00:20:29,281.64,3.64,3716.11,139.8,corridor,4.49,clear,21.832,10.937,0.00,6.09,combat
514.57,2026-08-31 00:20:30,281.64,3.64,3716.11,139.8,corridor,4.52,clear,25.824,9.988,0.00,6.09,combat
515.52,2026-08-31 00:20:31,281.64,3.64,3716.11,139.8,corridor,4.56,clear,22.325,12.660,0.00,6.09,combat
516.43,2026-08-31 00:20:32,281.64,3.64,3716.11,139.8,corridor,4.60,clear,20.775,10.963,0.00,6.09,combat
517.38,2026-08-31 00:20:33,281.64,3.64,3716.11,139.8,corridor,4.63,clear,22.264,10.223,0.00,6.09,combat
518.40,2026-08-31 00:20:34,281.64,3.64,3716.11,139.8,corridor,4.67,clear,22.283,12.936,0.00,6.09,combat
519.32,2026-08-31 00:20:35,281.64,3.64,3716.11,139.8,corridor,4.71,clear,21.190,13.113,0.00,6.09,combat
520.13,2026-08-31 00:20:36,281.64,3.64,3716.11,139.8,corridor,4.74,clear,20.388,9.896,0.00,6.09,combat
520.98,2026-08-31 00:20:37,281.64,3.64,3716.11,139.8,corridor,4.78,clear,20.617,365.740,0.00,4.84,locked
521.63,2026-08-31 00:20:37,281.64,3.64,3716.11,139.8,corridor,4.80,clear,18.057,9.475,0.00,4.84,locked
522.63,2026-08-31 00:20:38,281.64,3.64,3716.11,139.8,corridor,4.84,clear,28.116,96.198,0.00,6.09,combat
523.48,2026-08-31 00:20:39,281.64,3.64,3716.11,139.8,corridor,4.88,clear,28.116,96.198,0.00,6.09,combat
524.37,2026-08-31 00:20:40,281.64,3.64,3716.11,139.8,corridor,4.91,clear,22.738,10.771,0.00,6.09,combat
525.20,2026-08-31 00:20:41,281.64,3.64,3716.11,139.8,corridor,4.95,clear,21.142,20.515,0.00,6.09,combat
526.03,2026-08-31 00:20:42,281.64,3.64,3716.11,139.8,corridor,4.98,clear,19.303,11.024,0.00,6.09,combat
526.87,2026-08-31 00:20:43,281.64,3.64,3716.11,139.8,corridor,5.01,clear,19.836,10.087,0.00,6.09,combat
527.58,2026-08-31 00:20:43,281.64,3.64,3716.11,139.8,corridor,5.04,clear,19.836,10.087,0.00,6.09,combat
528.30,2026-08-31 00:20:44,281.64,3.64,3716.11,139.8,corridor,5.07,clear,20.218,8.560,0.00,6.09,combat
529.02,2026-08-31 00:20:45,281.64,3.64,3716.11,139.8,corridor,5.10,clear,20.847,8.529,0.00,6.09,combat
529.73,2026-08-31 00:20:46,281.64,3.64,3716.11,139.8,corridor,5.13,clear,19.994,8.018,0.00,6.09,combat
530.43,2026-08-31 00:20:46,281.64,3.64,3716.11,139.8,corridor,5.16,clear,19.994,8.018,0.00,6.09,combat
531.10,2026-08-31 00:20:47,281.64,3.64,3716.11,139.8,corridor,5.18,clear,18.717,19.677,0.00,6.09,combat
531.78,2026-08-31 00:20:48,281.64,3.64,3716.11,139.8,corridor,5.21,clear,20.394,12.051,0.00,6.09,combat
532.47,2026-08-31 00:20:48,281.64,3.64,3716.11,139.8,corridor,5.24,clear,20.394,12.051,0.00,6.09,combat
533.13,2026-08-31 00:20:49,281.64,3.64,3716.11,139.8,corridor,5.26,clear,18.474,8.419,0.00,6.09,world
533.63,2026-08-31 00:20:50,281.64,3.64,3716.11,139.8,corridor,5.28,clear,19.778,382.927,0.00,6.09,world
534.13,2026-08-31 00:20:50,281.64,3.64,3716.11,139.8,corridor,5.30,clear,19.778,382.927,0.00,6.09,world
534.63,2026-08-31 00:20:51,281.64,3.64,3716.11,139.8,corridor,5.32,clear,18.146,6.030,0.00,6.09,world
535.13,2026-08-31 00:20:51,281.64,3.64,3716.11,139.8,corridor,5.34,clear,18.146,6.030,0.00,6.09,world
535.63,2026-08-31 00:20:52,281.64,3.64,3716.11,139.8,corridor,5.36,clear,18.610,5.808,0.00,6.09,world
536.13,2026-08-31 00:20:52,281.64,3.64,3716.11,139.8,corridor,5.38,clear,18.610,5.808,0.00,6.09,world
536.63,2026-08-31 00:20:53,281.64,3.64,3716.11,139.8,corridor,5.40,clear,16.569,6.224,0.00,6.09,world
537.13,2026-08-31 00:20:53,281.64,3.64,3716.11,139.8,corridor,5.42,clear,16.569,6.224,0.00,6.09,world
537.63,2026-08-31 00:20:54,281.64,3.64,3716.11,139.8,corridor,5.44,clear,17.631,6.024,0.00,6.09,world
538.13,2026-08-31 00:20:54,281.64,3.64,3716.11,139.8,corridor,5.46,clear,17.631,6.024,0.00,6.09,world
538.63,2026-08-31 00:20:55,281.64,3.64,3716.11,139.8,corridor,5.48,clear,18.974,6.566,0.00,6.09,world
539.13,2026-08-31 00:20:55,281.64,3.64,3716.11,139.8,corridor,5.50,clear,18.974,6.566,0.00,6.09,world
539.63,2026-08-31 00:20:56,281.64,3.64,3716.11,139.8,corridor,5.52,clear,18.143,6.900,0.00,6.09,world
540.13,2026-08-31 00:20:56,281.64,3.64,3716.11,139.8,corridor,5.54,clear,18.143,6.900,0.00,6.09,world
540.63,2026-08-31 00:20:57,281.64,3.64,3716.11,139.8,corridor,5.56,clear,19.441,5.623,0.00,6.09,world
541.13,2026-08-31 00:20:57,281.64,3.65,3716.11,129.3,corridor,5.58,clear,19.441,5.623,0.00,6.09,world
541.63,2026-08-31 00:20:58,283.19,4.17,3717.24,54.3,corridor,5.60,clear,37.087,5.998,0.00,6.79,world
542.13,2026-08-31 00:20:58,284.85,4.78,3718.44,54.3,corridor,5.62,clear,37.087,5.998,0.00,7.98,world
542.63,2026-08-31 00:20:59,286.51,5.39,3719.65,54.3,corridor,5.64,clear,18.363,6.254,0.00,9.48,world
543.13,2026-08-31 00:20:59,288.23,5.92,3720.90,54.3,corridor,5.66,clear,18.363,6.254,0.00,11.22,world
543.63,2026-08-31 00:21:00,290.04,6.35,3722.21,54.3,corridor,5.68,clear,17.799,5.873,0.00,13.17,world
544.13,2026-08-31 00:21:00,291.96,6.61,3723.60,54.3,corridor,5.70,clear,17.799,5.873,0.00,15.33,world
544.63,2026-08-31 00:21:01,293.94,6.74,3725.03,54.3,corridor,5.72,clear,18.666,6.470,0.00,17.61,world
545.13,2026-08-31 00:21:01,295.92,6.88,3726.46,54.3,corridor,5.74,clear,18.666,6.470,0.00,19.92,world
545.63,2026-08-31 00:21:02,297.85,7.13,3727.85,54.3,corridor,5.76,clear,17.509,7.679,0.00,22.19,world
546.13,2026-08-31 00:21:02,299.78,7.37,3729.24,54.3,corridor,5.78,clear,17.509,7.679,0.00,23.71,world
546.63,2026-08-31 00:21:03,301.75,7.52,3730.66,54.3,corridor,5.80,clear,17.783,7.272,0.00,23.57,world
547.13,2026-08-31 00:21:03,303.70,7.73,3732.07,54.3,corridor,5.82,clear,17.783,7.272,0.00,23.73,world
547.63,2026-08-31 00:21:04,305.54,8.12,3733.40,54.3,corridor,5.84,clear,18.149,7.118,0.00,24.08,world
548.13,2026-08-31 00:21:04,307.34,8.57,3734.70,54.4,the_tether_relay,5.86,clear,19.282,358.580,0.00,24.90,world
548.63,2026-08-31 00:21:05,309.18,8.95,3736.03,54.4,the_tether_relay,5.88,clear,19.282,358.580,0.00,26.22,world
549.13,2026-08-31 00:21:05,311.14,9.13,3737.44,54.4,the_tether_relay,5.90,clear,18.273,7.905,0.00,27.75,world
549.63,2026-08-31 00:21:06,313.16,9.13,3738.90,54.4,the_tether_relay,5.92,clear,18.273,7.905,0.00,29.47,world
550.13,2026-08-31 00:21:06,315.24,8.97,3740.38,54.4,the_tether_relay,5.94,clear,20.626,7.982,1.87,31.33,world
550.63,2026-08-31 00:21:07,317.33,8.65,3741.88,54.4,the_tether_relay,5.96,clear,20.626,7.982,4.45,33.30,world
551.13,2026-08-31 00:21:07,319.44,8.29,3743.38,54.4,the_tether_relay,5.98,clear,21.658,6.548,7.04,34.53,world
551.63,2026-08-31 00:21:08,321.53,8.00,3744.88,54.4,the_tether_relay,6.00,clear,21.658,6.548,9.61,31.95,world
552.13,2026-08-31 00:21:08,323.63,7.74,3746.38,54.3,the_tether_relay,6.02,clear,19.783,6.607,0.00,29.38,world
552.63,2026-08-31 00:21:09,325.73,7.40,3747.88,54.3,the_tether_relay,6.04,clear,19.783,6.607,0.00,26.79,world
553.13,2026-08-31 00:21:09,327.84,7.02,3749.39,54.3,the_tether_relay,6.06,clear,21.120,6.837,0.00,24.20,world
553.63,2026-08-31 00:21:10,329.95,6.70,3750.89,54.3,the_tether_relay,6.08,clear,21.120,6.837,0.00,21.61,world
554.13,2026-08-31 00:21:10,332.04,6.49,3752.39,54.3,the_tether_relay,6.10,clear,20.793,6.573,0.00,19.04,world
554.63,2026-08-31 00:21:11,333.77,6.42,3753.62,54.3,the_tether_relay,6.12,clear,20.793,6.573,0.00,16.92,world
555.13,2026-08-31 00:21:11,333.37,6.54,3754.17,-35.7,the_tether_relay,6.14,clear,20.356,6.689,0.00,16.93,world
555.63,2026-08-31 00:21:12,332.06,6.94,3756.00,-35.7,the_tether_relay,6.16,clear,20.356,6.689,0.00,17.16,world
556.13,2026-08-31 00:21:12,331.80,7.06,3756.50,119.2,the_tether_relay,6.18,clear,18.368,5.875,0.00,17.19,world
556.63,2026-08-31 00:21:13,332.90,6.60,3754.18,155.5,the_tether_relay,6.20,clear,18.368,5.875,0.00,17.33,world
557.13,2026-08-31 00:21:13,334.20,6.25,3752.72,51.0,the_tether_relay,6.22,clear,18.802,6.433,0.00,17.12,world
557.63,2026-08-31 00:21:14,334.28,6.26,3752.86,19.5,the_tether_relay,6.24,clear,18.802,6.433,0.00,16.97,world
558.13,2026-08-31 00:21:14,332.91,6.65,3754.56,-39.0,the_tether_relay,6.26,clear,19.317,5.880,0.00,17.11,world
558.63,2026-08-31 00:21:15,332.32,6.87,3755.74,62.9,the_tether_relay,6.28,clear,19.317,5.880,0.00,17.05,world
559.13,2026-08-31 00:21:15,333.21,6.54,3754.05,152.6,the_tether_relay,6.30,clear,19.647,5.346,0.00,17.13,world
559.63,2026-08-31 00:21:16,334.46,6.13,3752.00,89.6,the_tether_relay,6.32,clear,19.647,5.346,0.00,17.38,world
560.13,2026-08-31 00:21:16,334.38,6.22,3752.60,-41.7,the_tether_relay,6.34,clear,16.947,5.340,0.00,17.06,world
560.63,2026-08-31 00:21:17,332.88,6.61,3754.29,-41.7,the_tether_relay,6.36,clear,16.947,5.340,0.00,17.28,world
561.13,2026-08-31 00:21:17,332.78,6.73,3755.07,70.8,the_tether_relay,6.38,clear,17.459,5.576,0.00,16.97,world
561.63,2026-08-31 00:21:18,333.27,6.57,3754.34,-32.7,the_tether_relay,6.40,clear,17.459,5.576,0.00,16.92,world
562.13,2026-08-31 00:21:18,331.98,6.99,3756.23,-32.7,the_tether_relay,6.42,clear,18.414,5.390,0.00,17.14,world
562.63,2026-08-31 00:21:19,331.15,7.30,3757.45,40.8,the_tether_relay,6.44,clear,18.414,5.390,0.00,17.44,world
563.13,2026-08-31 00:21:19,331.80,7.00,3756.11,158.2,the_tether_relay,6.46,clear,16.962,5.275,0.00,17.35,world
563.63,2026-08-31 00:21:20,332.77,6.55,3753.70,158.2,the_tether_relay,6.48,clear,16.962,5.275,0.00,17.69,world
564.13,2026-08-31 00:21:20,333.84,6.39,3753.52,53.9,the_tether_relay,6.50,clear,17.286,5.050,0.00,16.92,world
564.63,2026-08-31 00:21:21,333.96,6.35,3753.33,143.9,the_tether_relay,6.52,clear,17.286,5.050,0.00,16.93,world
565.13,2026-08-31 00:21:21,333.96,6.35,3753.33,53.1,the_tether_relay,6.54,clear,17.605,5.723,0.00,16.93,world
565.63,2026-08-31 00:21:22,333.26,6.56,3754.28,-36.9,the_tether_relay,6.56,clear,17.605,5.723,0.00,16.97,world
566.13,2026-08-31 00:21:22,331.97,6.96,3756.06,-5.4,the_tether_relay,6.58,clear,18.971,6.555,0.00,17.22,world
566.63,2026-08-31 00:21:23,332.15,6.91,3755.85,149.0,the_tether_relay,6.60,clear,18.971,6.555,0.00,17.15,world
567.13,2026-08-31 00:21:23,333.25,6.47,3753.51,155.0,the_tether_relay,6.62,clear,18.265,5.249,0.00,17.40,world
567.63,2026-08-31 00:21:24,334.26,6.27,3752.89,51.3,the_tether_relay,6.64,clear,18.265,5.249,0.00,16.96,world
568.13,2026-08-31 00:21:24,333.76,6.41,3753.53,-38.7,the_tether_relay,6.66,clear,18.147,5.321,0.00,16.98,world
568.63,2026-08-31 00:21:25,332.35,6.81,3755.29,-38.7,the_tether_relay,6.68,clear,18.147,5.321,0.00,17.23,world
569.13,2026-08-31 00:21:25,332.45,6.83,3755.51,136.7,the_tether_relay,6.70,clear,16.782,5.199,0.00,17.04,world
569.63,2026-08-31 00:21:26,333.64,6.38,3753.21,152.8,the_tether_relay,6.72,clear,16.782,5.199,0.00,17.26,world
570.13,2026-08-31 00:21:26,334.76,6.12,3752.16,48.3,the_tether_relay,6.74,clear,17.020,5.189,0.00,17.05,world
570.63,2026-08-31 00:21:27,333.66,6.41,3753.41,-41.7,the_tether_relay,6.76,clear,17.020,5.189,0.00,17.13,world
571.13,2026-08-31 00:21:27,332.38,6.78,3755.06,21.4,the_tether_relay,6.78,clear,21.708,5.762,0.00,17.31,world
571.63,2026-08-31 00:21:28,333.01,6.64,3754.60,151.0,the_tether_relay,6.80,clear,21.708,5.762,0.00,17.00,world
572.13,2026-08-31 00:21:28,334.27,6.20,3752.34,151.0,the_tether_relay,6.82,clear,17.476,6.034,0.00,17.31,world
572.63,2026-08-31 00:21:29,334.99,6.06,3751.84,47.0,the_tether_relay,6.84,clear,17.476,6.034,0.00,17.11,world
573.13,2026-08-31 00:21:29,333.44,6.44,3753.50,-43.0,the_tether_relay,6.86,clear,17.594,7.418,0.00,17.25,world
573.63,2026-08-31 00:21:30,332.85,6.71,3754.96,59.7,the_tether_relay,6.88,clear,17.594,7.418,0.00,16.96,world
574.13,2026-08-31 00:21:30,333.50,6.50,3754.01,82.6,the_tether_relay,6.90,clear,18.040,5.220,0.00,16.91,world
574.63,2026-08-31 00:21:31,332.59,6.79,3755.33,-33.2,the_tether_relay,6.92,clear,18.040,5.220,0.00,17.00,world
575.13,2026-08-31 00:21:31,331.50,7.17,3756.93,-33.2,the_tether_relay,6.94,clear,19.702,8.491,0.00,17.30,world
575.63,2026-08-31 00:21:32,331.64,7.12,3756.72,145.6,the_tether_relay,6.96,clear,19.702,8.491,0.00,17.24,world
576.13,2026-08-31 00:21:32,332.67,6.65,3754.35,156.9,the_tether_relay,6.98,clear,18.541,6.401,0.00,17.43,world
576.63,2026-08-31 00:21:33,334.00,6.32,3753.12,52.4,the_tether_relay,7.00,clear,18.541,6.401,0.00,17.02,world
577.13,2026-08-31 00:21:33,334.10,6.32,3753.14,73.5,the_tether_relay,7.02,clear,18.905,5.543,0.00,16.94,world
577.63,2026-08-31 00:21:34,335.45,5.94,3751.15,142.4,the_tether_relay,7.04,clear,18.905,5.543,0.00,17.25,world
578.13,2026-08-31 00:21:34,336.88,5.67,3749.07,142.4,the_tether_relay,7.06,clear,21.478,6.352,0.00,17.07,world
578.63,2026-08-31 00:21:35,337.50,5.60,3748.16,33.1,the_tether_relay,7.08,clear,21.478,6.352,0.00,16.98,world
579.13,2026-08-31 00:21:35,335.75,5.76,3749.30,-56.9,the_tether_relay,7.10,clear,17.381,5.824,0.00,17.98,world
579.63,2026-08-31 00:21:36,334.39,5.99,3750.65,45.6,the_tether_relay,7.12,clear,17.381,5.824,0.00,18.36,world
580.13,2026-08-31 00:21:36,335.23,5.99,3751.48,45.6,the_tether_relay,7.14,clear,17.470,5.624,0.00,17.18,world
580.63,2026-08-31 00:21:37,334.34,6.20,3752.39,-44.4,the_tether_relay,7.16,clear,17.470,5.624,0.00,17.22,world
581.13,2026-08-31 00:21:37,332.76,6.59,3754.01,-44.4,the_tether_relay,7.18,clear,18.615,5.157,0.00,17.53,world
581.63,2026-08-31 00:21:38,331.68,6.94,3755.54,50.1,the_tether_relay,7.20,clear,18.615,5.157,0.00,17.71,world
582.13,2026-08-31 00:21:38,332.54,6.81,3755.41,145.6,the_tether_relay,7.22,clear,18.584,5.530,0.00,17.01,world
582.63,2026-08-31 00:21:39,333.37,6.54,3754.20,46.2,the_tether_relay,7.24,clear,18.584,5.530,0.00,16.92,world
583.13,2026-08-31 00:21:39,332.51,6.81,3755.45,-33.3,the_tether_relay,7.26,clear,18.449,6.069,0.00,17.01,world
583.63,2026-08-31 00:21:40,331.83,7.04,3756.44,-33.3,the_tether_relay,7.28,clear,18.449,6.069,0.00,17.18,world
584.13,2026-08-31 00:21:40,331.20,7.28,3757.38,-33.3,the_tether_relay,7.30,clear,19.116,6.579,0.00,17.41,world
584.63,2026-08-31 00:21:41,331.44,7.19,3757.02,145.6,the_tether_relay,7.32,clear,19.116,6.579,0.00,17.32,world
585.13,2026-08-31 00:21:41,332.42,6.71,3754.62,158.0,the_tether_relay,7.34,clear,18.512,7.072,0.00,17.50,world
585.63,2026-08-31 00:21:42,333.73,6.39,3753.38,53.7,the_tether_relay,7.36,clear,18.512,7.072,0.00,17.09,world
586.13,2026-08-31 00:21:42,333.89,6.38,3753.44,74.7,the_tether_relay,7.38,clear,18.062,6.500,0.00,16.92,world
586.63,2026-08-31 00:21:43,335.18,6.01,3751.55,143.7,the_tether_relay,7.40,clear,18.062,6.500,0.00,17.16,world
587.13,2026-08-31 00:21:43,336.44,5.73,3749.71,143.7,the_tether_relay,7.42,clear,18.282,5.511,0.00,17.18,world
587.63,2026-08-31 00:21:44,337.07,5.65,3748.78,35.3,the_tether_relay,7.44,clear,18.282,5.511,0.00,17.04,world
588.13,2026-08-31 00:21:44,335.58,5.80,3749.84,-54.7,the_tether_relay,7.46,clear,18.918,5.747,0.00,17.91,world
588.63,2026-08-31 00:21:45,334.29,6.06,3751.24,47.1,the_tether_relay,7.48,clear,18.918,5.747,0.00,18.02,world
589.13,2026-08-31 00:21:45,334.97,6.06,3751.87,47.1,the_tether_relay,7.50,clear,18.288,5.749,0.00,17.10,world
589.63,2026-08-31 00:21:46,333.95,6.31,3752.97,-42.9,the_tether_relay,7.52,clear,18.288,5.749,0.00,17.16,world
590.13,2026-08-31 00:21:46,332.42,6.71,3754.62,-42.9,the_tether_relay,7.54,clear,20.166,5.454,0.00,17.50,world
590.63,2026-08-31 00:21:47,331.74,7.01,3756.14,65.0,the_tether_relay,7.56,clear,20.166,5.454,0.00,17.40,world
591.13,2026-08-31 00:21:47,332.49,6.78,3755.14,155.0,the_tether_relay,7.58,clear,17.548,25.065,0.00,17.18,world
591.63,2026-08-31 00:21:48,333.59,6.34,3752.81,144.5,the_tether_relay,7.60,clear,17.548,25.065,0.00,17.54,world
592.13,2026-08-31 00:21:48,334.27,6.26,3752.88,51.2,the_tether_relay,7.62,clear,18.546,5.672,0.00,16.96,world
592.63,2026-08-31 00:21:49,333.19,6.57,3754.24,-38.8,the_tether_relay,7.64,clear,18.546,5.672,0.00,17.05,world
593.13,2026-08-31 00:21:49,332.08,6.93,3755.94,34.8,the_tether_relay,7.66,clear,18.434,5.173,0.00,17.18,world
593.63,2026-08-31 00:21:50,332.62,6.75,3755.08,153.7,the_tether_relay,7.68,clear,18.434,5.173,0.00,17.10,world
594.13,2026-08-31 00:21:50,333.77,6.31,3752.76,153.7,the_tether_relay,7.70,clear,18.594,5.563,0.00,17.43,world
594.63,2026-08-31 00:21:51,334.58,6.18,3752.43,38.9,the_tether_relay,7.72,clear,18.594,5.563,0.00,17.01,world
595.13,2026-08-31 00:21:51,333.22,6.53,3754.02,-40.6,the_tether_relay,7.74,clear,20.981,6.489,0.00,17.14,world
595.63,2026-08-31 00:21:52,332.58,6.79,3755.35,61.4,the_tether_relay,7.76,clear,20.981,6.489,0.00,17.00,world
596.13,2026-08-31 00:21:52,333.39,6.50,3753.91,151.2,the_tether_relay,7.78,clear,17.096,5.431,0.00,17.06,world
596.63,2026-08-31 00:21:53,334.66,6.08,3751.76,109.2,the_tether_relay,7.80,clear,17.096,5.431,0.00,17.39,world
597.13,2026-08-31 00:21:53,334.69,6.13,3752.16,-43.0,the_tether_relay,7.82,clear,17.920,5.633,0.00,17.11,world
597.63,2026-08-31 00:21:54,333.15,6.52,3753.82,-43.0,the_tether_relay,7.84,clear,17.920,5.633,0.00,17.31,world
598.13,2026-08-31 00:21:54,332.99,6.67,3754.76,58.9,the_tether_relay,7.86,clear,18.891,6.536,0.00,16.94,world
598.63,2026-08-31 00:21:55,334.02,6.34,3753.25,52.9,the_tether_relay,7.88,clear,18.891,6.536,0.00,16.93,world
599.13,2026-08-31 00:21:55,333.28,6.55,3754.21,-37.6,the_tether_relay,7.90,clear,20.455,6.827,0.00,16.99,world
599.63,2026-08-31 00:21:56,331.91,6.96,3756.00,-37.6,the_tether_relay,7.92,clear,20.455,6.827,0.00,17.30,world
600.13,2026-08-31 00:21:56,331.07,7.33,3757.56,67.5,the_tether_relay,7.94,clear,18.531,5.069,0.00,17.47,world
600.63,2026-08-31 00:21:57,331.55,7.07,3756.36,159.9,the_tether_relay,7.96,clear,18.531,5.069,0.00,17.47,world
601.13,2026-08-31 00:21:57,332.45,6.61,3753.93,159.9,the_tether_relay,7.98,clear,20.860,6.587,0.00,17.84,world
601.63,2026-08-31 00:21:58,333.50,6.49,3754.00,55.8,the_tether_relay,8.00,clear,20.860,6.587,0.00,16.91,world
602.13,2026-08-31 00:21:58,334.66,6.15,3752.31,143.5,the_tether_relay,8.02,clear,20.379,26.335,0.00,17.03,world
602.63,2026-08-31 00:21:59,335.92,5.83,3750.48,143.5,the_tether_relay,8.04,clear,20.379,26.335,0.00,17.36,world
603.13,2026-08-31 00:21:59,337.26,5.63,3748.51,91.0,the_tether_relay,8.06,clear,19.065,6.394,0.00,17.01,world
603.63,2026-08-31 00:22:00,336.85,5.66,3748.75,-55.9,the_tether_relay,8.08,clear,19.065,6.394,0.00,17.25,world
604.13,2026-08-31 00:22:00,334.87,5.89,3750.09,-55.9,the_tether_relay,8.10,clear,18.105,5.898,0.00,18.42,world
604.63,2026-08-31 00:22:01,335.17,6.01,3751.55,45.9,the_tether_relay,8.12,clear,18.105,5.898,0.00,17.17,world
605.13,2026-08-31 00:22:01,334.86,6.08,3751.88,-17.1,the_tether_relay,8.14,clear,17.678,6.396,0.00,17.17,world
605.63,2026-08-31 00:22:02,333.28,6.46,3753.51,-44.1,the_tether_relay,8.16,clear,17.678,6.396,0.00,17.37,world
606.13,2026-08-31 00:22:02,331.72,6.88,3755.13,-44.1,the_tether_relay,8.18,clear,18.797,5.303,0.00,17.86,world
606.63,2026-08-31 00:22:03,332.07,6.96,3756.11,64.4,the_tether_relay,8.20,clear,18.797,5.303,0.00,17.11,world
607.13,2026-08-31 00:22:03,333.08,6.55,3754.00,154.4,the_tether_relay,8.22,clear,18.385,5.967,0.00,17.27,world
607.63,2026-08-31 00:22:04,334.37,6.24,3752.74,50.7,the_tether_relay,8.24,clear,18.385,5.967,0.00,16.98,world
608.13,2026-08-31 00:22:04,334.24,6.27,3752.90,-12.4,the_tether_relay,8.26,clear,18.322,6.903,0.00,16.98,world
608.65,2026-08-31 00:22:05,332.78,6.68,3754.68,-39.3,the_tether_relay,8.28,clear,18.322,6.903,0.00,17.16,world
609.43,2026-08-31 00:22:06,332.71,6.70,3754.77,-39.3,the_tether_relay,8.32,clear,19.344,368.532,0.00,17.17,world
610.28,2026-08-31 00:22:07,332.71,6.70,3754.77,-39.3,the_tether_relay,8.35,clear,18.007,6.061,0.00,17.17,world
611.15,2026-08-31 00:22:08,332.71,6.70,3754.77,-39.3,the_tether_relay,8.38,clear,18.993,5.790,0.00,17.17,world
612.03,2026-08-31 00:22:09,332.71,6.70,3754.77,-39.3,the_tether_relay,8.42,clear,19.233,6.331,0.00,17.17,world
612.85,2026-08-31 00:22:09,332.71,6.70,3754.77,-39.3,the_tether_relay,8.45,clear,18.140,7.754,0.00,17.17,world
613.35,2026-08-31 00:22:10,332.71,6.70,3754.77,-39.3,the_tether_relay,8.47,clear,18.140,7.754,0.00,17.17,world
613.85,2026-08-31 00:22:10,332.71,6.70,3754.77,-39.3,the_tether_relay,8.49,clear,18.289,6.268,0.00,17.17,world
614.35,2026-08-31 00:22:11,332.71,6.70,3754.77,-39.3,the_tether_relay,8.51,clear,18.289,6.268,0.00,17.17,world
614.85,2026-08-31 00:22:11,332.71,6.70,3754.77,-39.3,the_tether_relay,8.53,clear,17.718,5.453,0.00,17.17,world
615.35,2026-08-31 00:22:12,332.71,6.70,3754.77,-39.3,the_tether_relay,8.55,clear,17.718,5.453,0.00,17.17,world
615.85,2026-08-31 00:22:12,332.71,6.70,3754.77,-39.3,the_tether_relay,8.57,clear,17.718,5.453,0.00,17.17,world
616.85,2026-08-31 00:22:13,332.71,6.70,3754.77,-39.3,the_tether_relay,8.61,clear,18.969,5.034,0.00,17.17,world
617.47,2026-08-31 00:22:14,332.71,6.70,3754.77,-39.3,the_tether_relay,8.64,clear,18.969,5.034,0.00,17.17,world
618.08,2026-08-31 00:22:15,332.71,6.70,3754.77,-39.3,the_tether_relay,8.66,clear,18.397,5.965,0.00,17.17,world
618.65,2026-08-31 00:22:15,332.71,6.70,3754.77,-39.3,the_tether_relay,8.68,clear,18.397,5.965,0.00,17.17,world
619.20,2026-08-31 00:22:16,332.71,6.70,3754.77,-39.3,the_tether_relay,8.71,clear,17.325,6.242,0.00,17.17,world
619.78,2026-08-31 00:22:16,332.71,6.70,3754.77,-39.3,the_tether_relay,8.73,clear,17.325,6.242,0.00,17.17,world
620.35,2026-08-31 00:22:17,332.71,6.70,3754.77,-39.3,the_tether_relay,8.75,clear,16.759,6.199,0.00,17.17,world
620.92,2026-08-31 00:22:17,332.71,6.70,3754.77,-39.3,the_tether_relay,8.78,clear,16.958,5.849,0.00,17.17,world
621.52,2026-08-31 00:22:18,332.71,6.70,3754.77,-39.3,the_tether_relay,8.80,clear,16.958,5.849,0.00,17.17,world
622.08,2026-08-31 00:22:19,332.71,6.70,3754.77,-39.3,the_tether_relay,8.82,clear,18.379,6.191,0.00,17.17,world
622.68,2026-08-31 00:22:19,332.71,6.70,3754.77,-39.3,the_tether_relay,8.85,clear,18.379,6.191,0.00,17.17,world
623.27,2026-08-31 00:22:20,332.71,6.70,3754.77,-39.3,the_tether_relay,8.87,clear,17.455,6.000,0.00,17.17,world
623.85,2026-08-31 00:22:20,332.71,6.70,3754.77,-39.3,the_tether_relay,8.89,clear,17.111,6.118,0.00,17.17,world
624.40,2026-08-31 00:22:21,332.71,6.70,3754.77,-39.3,the_tether_relay,8.91,clear,17.111,6.118,0.00,17.17,world
624.98,2026-08-31 00:22:22,332.71,6.70,3754.77,-39.3,the_tether_relay,8.94,clear,16.951,7.035,0.00,17.17,world
625.60,2026-08-31 00:22:22,332.71,6.70,3754.77,-39.3,the_tether_relay,8.96,clear,16.951,7.035,0.00,17.17,world
626.17,2026-08-31 00:22:23,332.71,6.70,3754.77,-39.3,the_tether_relay,8.99,clear,22.471,6.261,0.00,17.17,world
626.75,2026-08-31 00:22:23,332.71,6.70,3754.77,-39.3,the_tether_relay,9.01,clear,22.471,6.261,0.00,17.17,world
627.33,2026-08-31 00:22:24,332.71,6.70,3754.77,-39.3,the_tether_relay,9.03,clear,17.073,6.253,0.00,17.17,world
627.95,2026-08-31 00:22:24,332.71,6.70,3754.77,-39.3,the_tether_relay,9.06,clear,21.457,6.343,0.00,17.17,world
628.53,2026-08-31 00:22:25,332.71,6.70,3754.77,-39.3,the_tether_relay,9.08,clear,21.457,6.343,0.00,17.17,world
629.10,2026-08-31 00:22:26,332.71,6.70,3754.77,-39.3,the_tether_relay,9.10,clear,16.876,6.103,0.00,17.17,world
629.67,2026-08-31 00:22:26,332.71,6.70,3754.77,-39.3,the_tether_relay,9.13,clear,16.876,6.103,0.00,17.17,world
630.23,2026-08-31 00:22:27,332.71,6.70,3754.77,-39.3,the_tether_relay,9.15,clear,17.394,6.127,0.00,17.17,world
630.80,2026-08-31 00:22:27,332.71,6.70,3754.77,-39.3,the_tether_relay,9.17,clear,17.394,6.127,0.00,17.17,world
631.37,2026-08-31 00:22:28,332.71,6.70,3754.77,-39.3,the_tether_relay,9.19,clear,16.596,5.701,0.00,17.17,world
631.97,2026-08-31 00:22:28,332.71,6.70,3754.77,-39.3,the_tether_relay,9.22,clear,17.412,6.286,0.00,17.17,world
632.55,2026-08-31 00:22:29,332.71,6.70,3754.77,-39.3,the_tether_relay,9.24,clear,17.412,6.286,0.00,17.17,world
633.13,2026-08-31 00:22:30,332.71,6.70,3754.77,-39.3,the_tether_relay,9.26,clear,20.535,6.213,0.00,17.17,world
633.70,2026-08-31 00:22:30,332.71,6.70,3754.77,-39.3,the_tether_relay,9.29,clear,20.535,6.213,0.00,17.17,world
634.32,2026-08-31 00:22:31,332.71,6.70,3754.77,-39.3,the_tether_relay,9.31,clear,17.830,6.801,0.00,17.17,world
634.93,2026-08-31 00:22:31,332.71,6.70,3754.77,-39.3,the_tether_relay,9.34,clear,17.586,24.045,0.00,17.17,world
635.53,2026-08-31 00:22:32,332.71,6.70,3754.77,-39.3,the_tether_relay,9.36,clear,17.586,24.045,0.00,17.17,world
636.13,2026-08-31 00:22:33,332.71,6.70,3754.77,-39.3,the_tether_relay,9.38,clear,17.403,6.182,0.00,17.17,world
636.63,2026-08-31 00:22:33,332.71,6.70,3754.77,-39.3,the_tether_relay,9.40,clear,17.403,6.182,0.00,17.17,world
637.13,2026-08-31 00:22:34,332.71,6.70,3754.77,-39.3,the_tether_relay,9.42,clear,18.610,5.521,0.00,17.17,world
637.63,2026-08-31 00:22:34,332.71,6.70,3754.77,-39.3,the_tether_relay,9.44,clear,18.610,5.521,0.00,17.17,world
638.13,2026-08-31 00:22:35,332.71,6.70,3754.77,-39.3,the_tether_relay,9.46,clear,17.286,5.072,0.00,17.17,world
638.63,2026-08-31 00:22:35,332.71,6.70,3754.77,-39.3,the_tether_relay,9.48,clear,17.286,5.072,0.00,17.17,world
639.13,2026-08-31 00:22:36,332.71,6.70,3754.77,-39.3,the_tether_relay,9.50,clear,21.095,5.347,0.00,17.17,world
639.63,2026-08-31 00:22:36,332.71,6.70,3754.77,-39.3,the_tether_relay,9.52,clear,21.095,5.347,0.00,17.17,world
640.13,2026-08-31 00:22:37,332.71,6.70,3754.77,-39.3,the_tether_relay,9.54,clear,17.233,5.960,0.00,17.17,world
640.63,2026-08-31 00:22:37,332.71,6.70,3754.77,-39.3,the_tether_relay,9.56,clear,17.233,5.960,0.00,17.17,world
641.13,2026-08-31 00:22:38,332.71,6.70,3754.77,-39.3,the_tether_relay,9.58,clear,22.237,7.382,0.00,17.17,world
641.63,2026-08-31 00:22:38,332.71,6.70,3754.77,-39.3,the_tether_relay,9.60,clear,22.237,7.382,0.00,17.17,world
642.13,2026-08-31 00:22:39,332.71,6.70,3754.77,-39.3,the_tether_relay,9.62,clear,20.917,5.954,0.00,17.17,world
642.63,2026-08-31 00:22:39,332.71,6.70,3754.77,-39.3,the_tether_relay,9.64,clear,20.917,5.954,0.00,17.17,world
643.13,2026-08-31 00:22:40,332.71,6.70,3754.77,-39.3,the_tether_relay,9.66,clear,17.493,5.083,0.00,17.17,world
643.63,2026-08-31 00:22:40,332.71,6.70,3754.77,-39.3,the_tether_relay,9.68,clear,17.493,5.083,0.00,17.17,world
644.13,2026-08-31 00:22:41,332.72,6.70,3754.78,-28.8,the_tether_relay,9.70,clear,17.779,5.139,0.00,17.16,world
644.63,2026-08-31 00:22:41,333.48,6.51,3754.04,81.0,the_tether_relay,9.72,clear,17.779,5.139,0.00,16.91,world
645.13,2026-08-31 00:22:42,334.06,6.33,3753.19,78.1,the_tether_relay,9.74,clear,17.583,5.564,0.00,16.94,world
645.63,2026-08-31 00:22:42,334.58,6.18,3752.43,75.4,the_tether_relay,9.76,clear,17.583,5.564,0.00,17.01,world
646.13,2026-08-31 00:22:43,335.04,6.05,3751.76,72.9,the_tether_relay,9.78,clear,18.808,6.266,0.00,17.12,world
646.63,2026-08-31 00:22:43,335.44,5.94,3751.17,70.7,the_tether_relay,9.80,clear,18.808,6.266,0.00,17.25,world
647.13,2026-08-31 00:22:44,335.79,5.86,3750.66,68.7,the_tether_relay,9.82,clear,21.092,6.533,0.00,17.38,world
647.63,2026-08-31 00:22:44,336.10,5.79,3750.21,66.9,the_tether_relay,9.84,clear,21.092,6.533,0.00,17.29,world
648.13,2026-08-31 00:22:45,336.37,5.74,3749.81,75.9,the_tether_relay,9.86,clear,18.200,6.138,0.00,17.20,world
648.63,2026-08-31 00:22:45,337.39,5.60,3747.60,155.4,the_tether_relay,9.88,clear,18.200,6.138,0.00,17.37,world
649.13,2026-08-31 00:22:46,338.43,5.52,3746.54,52.3,the_tether_relay,9.90,clear,18.792,5.785,0.00,17.13,world
649.63,2026-08-31 00:22:46,338.51,5.52,3746.68,20.9,the_tether_relay,9.92,clear,18.792,5.785,0.00,16.99,world
650.13,2026-08-31 00:22:47,337.06,5.64,3748.56,-37.6,the_tether_relay,9.94,clear,18.185,5.301,0.00,17.16,world
650.63,2026-08-31 00:22:47,336.40,5.73,3749.77,65.1,the_tether_relay,9.96,clear,18.185,5.301,0.00,17.20,world
651.13,2026-08-31 00:22:48,337.31,5.61,3747.95,154.5,the_tether_relay,9.98,clear,16.794,5.339,0.00,17.26,world
651.63,2026-08-31 00:22:48,338.34,5.52,3745.93,91.5,the_tether_relay,10.00,clear,16.794,5.339,0.00,17.58,world
652.13,2026-08-31 00:22:49,337.94,5.56,3746.42,-39.0,the_tether_relay,10.02,clear,16.477,5.577,0.00,17.59,world
652.63,2026-08-31 00:22:49,336.41,5.68,3748.33,-39.0,the_tether_relay,10.04,clear,16.477,5.577,0.00,17.84,world
653.13,2026-08-31 00:22:50,336.68,5.70,3749.36,63.5,the_tether_relay,10.06,clear,17.002,4.957,0.00,17.12,world
653.63,2026-08-31 00:22:50,337.15,5.64,3748.67,72.1,the_tether_relay,10.08,clear,17.002,4.957,0.00,17.02,world
654.13,2026-08-31 00:22:51,338.00,5.56,3747.22,150.1,the_tether_relay,10.10,clear,16.526,5.846,0.00,17.07,world
654.63,2026-08-31 00:22:51,338.55,5.52,3746.62,97.6,the_tether_relay,10.12,clear,16.526,5.846,0.00,16.99,world
655.13,2026-08-31 00:22:52,338.06,5.55,3747.26,-37.7,the_tether_relay,10.14,clear,18.437,5.186,0.00,17.00,world
655.63,2026-08-31 00:22:52,336.57,5.70,3749.19,-37.7,the_tether_relay,10.16,clear,18.437,5.186,0.00,17.29,world
656.13,2026-08-31 00:22:53,336.26,5.75,3749.97,97.5,the_tether_relay,10.18,clear,21.011,6.160,0.00,17.24,world
656.63,2026-08-31 00:22:53,337.17,5.62,3747.96,155.9,the_tether_relay,10.20,clear,21.011,6.160,0.00,17.37,world
657.13,2026-08-31 00:22:54,338.47,5.52,3746.66,52.6,the_tether_relay,10.22,clear,19.675,5.399,0.00,17.03,world
657.63,2026-08-31 00:22:54,338.29,5.54,3746.98,10.6,the_tether_relay,10.24,clear,19.675,5.399,0.00,16.98,world
658.13,2026-08-31 00:22:55,336.83,5.67,3748.89,-37.4,the_tether_relay,10.26,clear,17.693,6.116,0.00,17.20,world
658.63,2026-08-31 00:22:55,336.22,5.76,3750.04,66.2,the_tether_relay,10.28,clear,17.693,6.116,0.00,17.25,world
659.13,2026-08-31 00:22:56,337.03,5.64,3748.34,155.6,the_tether_relay,10.30,clear,18.653,5.649,0.00,17.30,world
659.63,2026-08-31 00:22:56,338.16,5.54,3746.35,82.1,the_tether_relay,10.32,clear,18.653,5.649,0.00,17.46,world
660.13,2026-08-31 00:22:57,338.55,5.51,3746.63,52.4,the_tether_relay,10.34,clear,21.042,6.329,0.00,16.99,world
660.63,2026-08-31 00:22:57,337.31,5.62,3748.23,-37.6,the_tether_relay,10.36,clear,21.042,6.329,0.00,17.10,world
661.13,2026-08-31 00:22:58,336.39,5.73,3749.77,65.1,the_tether_relay,10.38,clear,16.921,5.368,0.00,17.20,world
661.63,2026-08-31 00:22:58,337.12,5.63,3748.33,154.5,the_tether_relay,10.40,clear,16.921,5.368,0.00,17.22,world
662.13,2026-08-31 00:22:59,338.22,5.53,3746.06,144.0,the_tether_relay,10.42,clear,18.671,5.982,0.00,17.60,world
662.63,2026-08-31 00:22:59,338.25,5.53,3745.98,-12.5,the_tether_relay,10.44,clear,18.671,5.982,0.00,17.62,world
663.13,2026-08-31 00:23:00,336.70,5.65,3747.87,-39.4,the_tether_relay,10.46,clear,18.499,5.946,0.00,17.82,world
663.63,2026-08-31 00:23:00,336.76,5.69,3749.25,63.0,the_tether_relay,10.48,clear,18.499,5.946,0.00,17.10,world
664.13,2026-08-31 00:23:01,337.53,5.60,3748.12,145.6,the_tether_relay,10.50,clear,18.681,6.026,0.00,16.98,world
664.63,2026-08-31 00:23:01,337.78,5.58,3747.76,-33.4,the_tether_relay,10.52,clear,18.681,6.026,0.00,16.96,world
665.13,2026-08-31 00:23:02,336.88,5.67,3749.07,-33.4,the_tether_relay,10.54,clear,18.305,5.180,0.00,17.07,world
665.63,2026-08-31 00:23:02,336.00,5.81,3750.35,-12.4,the_tether_relay,10.56,clear,18.305,5.180,0.00,17.32,world
666.13,2026-08-31 00:23:03,336.70,5.69,3749.17,154.9,the_tether_relay,10.58,clear,19.518,13.208,0.00,17.19,world
666.63,2026-08-31 00:23:03,337.77,5.57,3746.88,154.9,the_tether_relay,10.60,clear,19.518,13.208,0.00,17.46,world
667.13,2026-08-31 00:23:04,338.35,5.52,3745.91,50.9,the_tether_relay,10.62,clear,19.062,7.133,0.00,17.59,world
667.63,2026-08-31 00:23:04,337.18,5.62,3747.35,-39.1,the_tether_relay,10.64,clear,19.062,7.133,0.00,17.68,world
668.13,2026-08-31 00:23:05,336.26,5.72,3749.13,63.4,the_tether_relay,10.66,clear,18.261,5.720,0.00,17.59,world
668.63,2026-08-31 00:23:05,337.08,5.65,3748.78,145.6,the_tether_relay,10.68,clear,18.261,5.720,0.00,17.04,world
669.13,2026-08-31 00:23:06,337.81,5.57,3747.70,56.8,the_tether_relay,10.70,clear,17.157,5.690,0.00,16.96,world
669.63,2026-08-31 00:23:06,336.66,5.70,3749.39,-33.2,the_tether_relay,10.72,clear,17.157,5.690,0.00,17.12,world
670.13,2026-08-31 00:23:07,335.76,5.87,3750.71,-33.2,the_tether_relay,10.74,clear,18.261,5.124,0.00,17.36,world
670.63,2026-08-31 00:23:07,335.27,5.99,3751.43,71.7,the_tether_relay,10.76,clear,18.261,5.124,0.00,17.19,world
671.13,2026-08-31 00:23:08,335.97,5.75,3749.51,161.2,the_tether_relay,10.78,clear,17.623,5.556,0.00,17.69,world
671.63,2026-08-31 00:23:08,336.95,5.63,3747.50,77.1,the_tether_relay,10.80,clear,17.623,5.556,0.00,17.80,world
672.13,2026-08-31 00:23:09,337.85,5.57,3747.64,131.2,the_tether_relay,10.82,clear,17.694,5.444,0.00,16.97,world
672.63,2026-08-31 00:23:09,338.57,5.51,3746.60,144.8,the_tether_relay,10.84,clear,17.694,5.444,0.00,16.99,world
673.13,2026-08-31 00:23:10,338.57,5.51,3746.60,52.2,the_tether_relay,10.86,clear,19.242,6.020,0.00,16.99,world
673.63,2026-08-31 00:23:10,337.13,5.64,3748.46,-37.8,the_tether_relay,10.88,clear,19.242,6.020,0.00,17.15,world
674.13,2026-08-31 00:23:11,336.28,5.75,3749.95,65.8,the_tether_relay,10.90,clear,17.762,5.538,0.00,17.23,world
674.63,2026-08-31 00:23:11,336.84,5.66,3748.71,155.8,the_tether_relay,10.92,clear,17.762,5.538,0.00,17.27,world
675.13,2026-08-31 00:23:12,337.89,5.56,3746.44,134.8,the_tether_relay,10.94,clear,18.769,5.875,0.00,17.62,world
675.63,2026-08-31 00:23:12,338.54,5.52,3746.64,52.4,the_tether_relay,10.96,clear,18.769,5.875,0.00,16.98,world
676.13,2026-08-31 00:23:13,337.60,5.59,3747.86,-37.6,the_tether_relay,10.98,clear,20.227,6.424,0.00,17.05,world
676.63,2026-08-31 00:23:13,336.36,5.73,3749.73,25.4,the_tether_relay,11.00,clear,20.227,6.424,0.00,17.25,world
677.13,2026-08-31 00:23:14,336.81,5.67,3748.94,154.9,the_tether_relay,11.02,clear,18.203,5.847,0.00,17.19,world
677.63,2026-08-31 00:23:14,337.89,5.56,3746.65,154.9,the_tether_relay,11.04,clear,18.203,5.847,0.00,17.50,world
678.13,2026-08-31 00:23:15,338.32,5.52,3745.99,51.2,the_tether_relay,11.06,clear,19.481,6.760,0.00,17.56,world
678.63,2026-08-31 00:23:15,336.95,5.63,3747.70,-38.8,the_tether_relay,11.08,clear,19.481,6.760,0.00,17.69,world
679.13,2026-08-31 00:23:16,336.55,5.71,3749.37,63.7,the_tether_relay,11.10,clear,18.885,6.351,0.00,17.23,world
679.63,2026-08-31 00:23:16,337.17,5.64,3748.64,145.6,the_tether_relay,11.12,clear,18.885,6.351,0.00,17.02,world
680.13,2026-08-31 00:23:17,337.77,5.58,3747.77,57.0,the_tether_relay,11.14,clear,22.615,10.193,0.00,16.96,world
680.63,2026-08-31 00:23:17,337.91,5.57,3747.56,93.1,the_tether_relay,11.16,clear,22.615,10.193,0.00,16.96,world
681.13,2026-08-31 00:23:18,337.97,5.56,3747.37,-37.5,the_tether_relay,11.18,clear,18.680,5.471,0.00,17.01,world
681.63,2026-08-31 00:23:18,336.51,5.71,3749.30,-27.0,the_tether_relay,11.20,clear,18.680,5.471,0.00,17.30,world
682.13,2026-08-31 00:23:19,336.83,5.67,3749.02,153.9,the_tether_relay,11.22,clear,18.204,5.868,0.00,17.14,world
682.63,2026-08-31 00:23:19,337.95,5.56,3746.75,153.9,the_tether_relay,11.24,clear,18.204,5.868,0.00,17.39,world
683.13,2026-08-31 00:23:20,338.46,5.50,3745.63,50.0,the_tether_relay,11.26,clear,19.541,5.582,0.00,17.68,world
683.63,2026-08-31 00:23:20,337.33,5.61,3746.99,-40.0,the_tether_relay,11.28,clear,19.541,5.582,0.00,17.77,world
684.13,2026-08-31 00:23:21,336.26,5.71,3748.77,54.5,the_tether_relay,11.30,clear,17.043,6.187,0.00,17.76,world
684.63,2026-08-31 00:23:21,337.06,5.65,3748.81,135.9,the_tether_relay,11.32,clear,17.043,6.187,0.00,17.04,world
685.13,2026-08-31 00:23:22,337.96,5.56,3747.49,55.9,the_tether_relay,11.34,clear,19.656,6.117,0.00,16.96,world
685.63,2026-08-31 00:23:22,335.91,5.83,3750.49,-34.1,the_tether_relay,11.36,clear,19.656,6.117,0.00,17.36,world
686.13,2026-08-31 00:23:23,333.70,6.44,3753.71,-34.1,the_tether_relay,11.38,clear,19.252,6.306,0.00,16.92,world
686.63,2026-08-31 00:23:23,333.36,6.55,3754.22,81.6,the_tether_relay,11.40,clear,19.252,6.306,0.00,16.92,world
687.13,2026-08-31 00:23:24,333.82,6.22,3752.10,170.9,the_tether_relay,11.42,clear,18.370,5.911,0.00,17.81,world
687.63,2026-08-31 00:23:24,334.46,5.91,3749.92,86.9,the_tether_relay,11.44,clear,18.370,5.911,0.00,18.83,world
688.13,2026-08-31 00:23:25,335.92,5.83,3750.48,67.9,the_tether_relay,11.46,clear,17.991,6.534,0.00,17.36,world
688.63,2026-08-31 00:23:25,336.21,5.76,3750.05,145.6,the_tether_relay,11.48,clear,17.991,6.534,0.00,17.25,world
689.13,2026-08-31 00:23:26,336.21,5.76,3750.05,66.2,the_tether_relay,11.50,clear,19.019,5.467,0.00,17.25,world
689.63,2026-08-31 00:23:26,336.55,5.70,3749.27,156.2,the_tether_relay,11.52,clear,19.019,5.467,0.00,17.27,world
690.13,2026-08-31 00:23:27,337.58,5.59,3746.95,156.2,the_tether_relay,11.54,clear,17.045,6.121,0.00,17.58,world
690.63,2026-08-31 00:23:27,338.46,5.52,3746.76,52.9,the_tether_relay,11.56,clear,17.045,6.121,0.00,16.98,world
691.13,2026-08-31 00:23:28,337.72,5.58,3747.73,-37.1,the_tether_relay,11.58,clear,16.401,5.509,0.00,17.02,world
691.63,2026-08-31 00:23:28,336.30,5.74,3749.67,-16.1,the_tether_relay,11.60,clear,16.401,5.509,0.00,17.33,world
692.13,2026-08-31 00:23:29,336.66,5.69,3749.24,155.1,the_tether_relay,11.62,clear,17.419,5.501,0.00,17.19,world
692.63,2026-08-31 00:23:29,337.73,5.58,3746.93,155.1,the_tether_relay,11.64,clear,17.419,5.501,0.00,17.46,world
693.13,2026-08-31 00:23:30,338.31,5.52,3746.02,51.3,the_tether_relay,11.66,clear,17.099,5.756,0.00,17.55,world
693.63,2026-08-31 00:23:30,337.15,5.62,3747.47,-38.7,the_tether_relay,11.68,clear,17.099,5.756,0.00,17.65,world
694.17,2026-08-31 00:23:31,336.28,5.72,3749.29,55.8,the_tether_relay,11.71,clear,16.806,5.462,0.00,17.50,world
694.78,2026-08-31 00:23:31,336.32,5.72,3749.32,55.8,the_tether_relay,11.73,clear,16.806,5.462,0.00,17.46,world
695.57,2026-08-31 00:23:32,336.32,5.72,3749.32,55.8,the_tether_relay,11.76,clear,20.527,6.496,0.00,17.46,world
696.35,2026-08-31 00:23:33,336.32,5.72,3749.32,55.8,the_tether_relay,11.79,clear,16.960,5.516,0.00,17.46,world
697.20,2026-08-31 00:23:34,336.32,5.72,3749.32,55.8,the_tether_relay,11.83,clear,18.126,5.999,0.00,17.46,world
698.03,2026-08-31 00:23:35,336.32,5.72,3749.32,55.8,the_tether_relay,11.86,clear,17.607,5.629,0.00,17.46,world
698.87,2026-08-31 00:23:35,336.32,5.72,3749.32,55.8,the_tether_relay,11.89,clear,18.366,6.095,0.00,17.46,world
699.37,2026-08-31 00:23:36,336.32,5.72,3749.32,55.8,the_tether_relay,11.91,clear,18.366,6.095,0.00,17.46,world
699.87,2026-08-31 00:23:36,336.32,5.72,3749.32,55.8,the_tether_relay,11.93,clear,20.075,6.818,0.00,17.46,world
700.37,2026-08-31 00:23:37,336.32,5.72,3749.32,55.8,the_tether_relay,11.95,clear,20.075,6.818,0.00,17.46,world
700.87,2026-08-31 00:23:37,336.32,5.72,3749.32,55.8,the_tether_relay,11.97,clear,17.248,4.700,0.00,17.46,world
701.37,2026-08-31 00:23:38,336.32,5.72,3749.32,55.8,the_tether_relay,11.99,clear,17.248,4.700,0.00,17.46,world
701.87,2026-08-31 00:23:38,336.32,5.72,3749.32,55.8,the_tether_relay,12.01,clear,17.028,5.139,0.00,17.46,world
702.88,2026-08-31 00:23:39,336.32,5.72,3749.32,55.8,the_tether_relay,12.05,clear,17.885,5.389,0.00,17.46,world
703.50,2026-08-31 00:23:40,336.32,5.72,3749.32,55.8,the_tether_relay,12.08,clear,17.885,5.389,0.00,17.46,world
704.08,2026-08-31 00:23:41,336.32,5.72,3749.32,55.8,the_tether_relay,12.10,clear,18.378,6.602,0.00,17.46,world
704.68,2026-08-31 00:23:41,336.32,5.72,3749.32,55.8,the_tether_relay,12.13,clear,18.378,6.602,0.00,17.46,world
705.32,2026-08-31 00:23:42,336.32,5.72,3749.32,55.8,the_tether_relay,12.15,clear,20.601,6.205,0.00,17.46,world
705.95,2026-08-31 00:23:42,336.32,5.72,3749.32,55.8,the_tether_relay,12.18,clear,18.648,7.541,0.00,17.46,world
706.57,2026-08-31 00:23:43,336.32,5.72,3749.32,55.8,the_tether_relay,12.20,clear,18.648,7.541,0.00,17.46,world
707.23,2026-08-31 00:23:44,336.32,5.72,3749.32,55.8,the_tether_relay,12.23,clear,20.699,7.315,0.00,17.46,world
707.80,2026-08-31 00:23:44,336.32,5.72,3749.32,55.8,the_tether_relay,12.25,clear,20.699,7.315,0.00,17.46,world
708.38,2026-08-31 00:23:45,336.32,5.72,3749.32,55.8,the_tether_relay,12.27,clear,17.752,5.932,0.00,17.46,world
709.03,2026-08-31 00:23:46,336.32,5.72,3749.32,55.8,the_tether_relay,12.30,clear,17.874,7.081,0.00,17.46,world
709.65,2026-08-31 00:23:46,336.32,5.72,3749.32,55.8,the_tether_relay,12.32,clear,17.874,7.081,0.00,17.46,world
710.27,2026-08-31 00:23:47,336.32,5.72,3749.32,55.8,the_tether_relay,12.35,clear,19.190,6.185,0.00,17.46,world
710.92,2026-08-31 00:23:47,336.32,5.72,3749.32,55.8,the_tether_relay,12.38,clear,18.266,6.831,0.00,17.46,world
711.50,2026-08-31 00:23:48,336.32,5.72,3749.32,55.8,the_tether_relay,12.40,clear,18.266,6.831,0.00,17.46,world
712.13,2026-08-31 00:23:49,336.32,5.72,3749.32,55.8,the_tether_relay,12.42,clear,20.081,5.570,0.00,17.46,world
712.73,2026-08-31 00:23:49,336.32,5.72,3749.32,55.8,the_tether_relay,12.45,clear,20.081,5.570,0.00,17.46,world
713.30,2026-08-31 00:23:50,336.32,5.72,3749.32,55.8,the_tether_relay,12.47,clear,18.339,6.425,0.00,17.46,world
713.92,2026-08-31 00:23:50,336.32,5.72,3749.32,55.8,the_tether_relay,12.50,clear,18.833,7.402,0.00,17.46,world
714.52,2026-08-31 00:23:51,336.32,5.72,3749.32,55.8,the_tether_relay,12.52,clear,18.833,7.402,0.00,17.46,world
715.12,2026-08-31 00:23:52,336.32,5.72,3749.32,55.8,the_tether_relay,12.54,clear,17.443,5.906,0.00,17.46,world
715.73,2026-08-31 00:23:52,336.32,5.72,3749.32,55.8,the_tether_relay,12.57,clear,17.443,5.906,0.00,17.46,world
716.33,2026-08-31 00:23:53,336.32,5.72,3749.32,55.8,the_tether_relay,12.59,clear,19.145,6.190,0.00,17.46,world
716.95,2026-08-31 00:23:53,336.32,5.72,3749.32,55.8,the_tether_relay,12.62,clear,17.765,5.915,0.00,17.46,world
717.52,2026-08-31 00:23:54,336.32,5.72,3749.32,55.8,the_tether_relay,12.64,clear,17.765,5.915,0.00,17.46,world
718.10,2026-08-31 00:23:55,336.32,5.72,3749.32,55.8,the_tether_relay,12.66,clear,17.991,6.046,0.00,17.46,world
718.70,2026-08-31 00:23:55,336.32,5.72,3749.32,55.8,the_tether_relay,12.69,clear,17.991,6.046,0.00,17.46,world
719.32,2026-08-31 00:23:56,336.32,5.72,3749.32,55.8,the_tether_relay,12.71,clear,20.294,6.182,0.00,17.46,world
719.90,2026-08-31 00:23:56,336.32,5.72,3749.32,55.8,the_tether_relay,12.73,clear,18.244,6.441,0.00,17.46,world
720.50,2026-08-31 00:23:57,336.32,5.72,3749.32,55.8,the_tether_relay,12.76,clear,18.244,6.441,0.00,17.46,world
721.12,2026-08-31 00:23:58,336.32,5.72,3749.32,55.8,the_tether_relay,12.78,clear,34.334,6.240,0.00,17.46,world
721.70,2026-08-31 00:23:58,336.32,5.72,3749.32,55.8,the_tether_relay,12.81,clear,34.334,6.240,0.00,17.46,world
722.37,2026-08-31 00:23:59,336.32,5.72,3749.32,55.8,the_tether_relay,12.83,clear,18.718,5.828,0.00,17.46,world
722.95,2026-08-31 00:23:59,336.32,5.72,3749.32,55.8,the_tether_relay,12.86,clear,19.474,5.898,0.00,17.46,world
723.57,2026-08-31 00:24:00,336.32,5.72,3749.32,55.8,the_tether_relay,12.88,clear,19.474,5.898,0.00,17.46,world
724.18,2026-08-31 00:24:01,336.32,5.72,3749.32,55.8,the_tether_relay,12.91,clear,22.541,7.555,0.00,17.46,world
724.78,2026-08-31 00:24:01,336.32,5.72,3749.32,55.8,the_tether_relay,12.93,clear,22.541,7.555,0.00,17.46,world
725.37,2026-08-31 00:24:02,336.32,5.72,3749.32,55.8,the_tether_relay,12.95,clear,17.774,6.389,0.00,17.46,world
726.27,2026-08-31 00:24:03,336.32,5.72,3749.32,55.8,the_tether_relay,12.99,clear,26.004,119.559,0.00,17.46,world
726.87,2026-08-31 00:24:03,336.32,5.72,3749.32,55.8,the_tether_relay,13.01,clear,17.255,6.097,0.00,17.46,world
727.48,2026-08-31 00:24:04,336.32,5.72,3749.32,55.8,the_tether_relay,13.04,clear,17.255,6.097,0.00,17.46,world
728.07,2026-08-31 00:24:05,336.32,5.72,3749.32,55.8,the_tether_relay,13.06,clear,17.560,6.717,0.00,17.46,world
728.65,2026-08-31 00:24:05,336.32,5.72,3749.32,55.8,the_tether_relay,13.08,clear,17.560,6.717,0.00,17.46,world
729.23,2026-08-31 00:24:06,336.32,5.72,3749.32,55.8,the_tether_relay,13.11,clear,19.010,5.552,0.00,17.46,world
729.80,2026-08-31 00:24:06,336.32,5.72,3749.32,55.8,the_tether_relay,13.13,clear,19.010,5.552,0.00,17.46,world
730.38,2026-08-31 00:24:07,336.32,5.72,3749.32,55.8,the_tether_relay,13.15,clear,16.761,5.871,0.00,17.46,world
731.02,2026-08-31 00:24:08,336.32,5.72,3749.32,55.8,the_tether_relay,13.18,clear,18.450,6.115,0.00,17.46,world
731.62,2026-08-31 00:24:08,336.32,5.72,3749.32,55.8,the_tether_relay,13.20,clear,18.450,6.115,0.00,17.46,world
732.23,2026-08-31 00:24:09,336.32,5.72,3749.32,55.8,the_tether_relay,13.23,clear,19.861,6.429,0.00,17.46,world
732.88,2026-08-31 00:24:09,336.32,5.72,3749.32,55.8,the_tether_relay,13.25,clear,23.708,5.552,0.00,17.46,world
733.48,2026-08-31 00:24:10,336.32,5.72,3749.32,55.8,the_tether_relay,13.28,clear,23.708,5.552,0.00,17.46,world
734.08,2026-08-31 00:24:11,336.32,5.72,3749.32,55.8,the_tether_relay,13.30,clear,17.781,6.538,0.00,17.46,world
734.68,2026-08-31 00:24:11,336.32,5.72,3749.32,55.8,the_tether_relay,13.33,clear,17.781,6.538,0.00,17.46,world
735.30,2026-08-31 00:24:12,336.32,5.72,3749.32,55.8,the_tether_relay,13.35,clear,17.602,6.010,0.00,17.46,world
735.95,2026-08-31 00:24:12,336.32,5.72,3749.32,55.8,the_tether_relay,13.38,clear,20.109,6.531,0.00,17.46,world
736.58,2026-08-31 00:24:13,336.32,5.72,3749.32,55.8,the_tether_relay,13.40,clear,20.109,6.531,0.00,17.46,world
737.13,2026-08-31 00:24:14,336.32,5.72,3749.32,55.8,the_tether_relay,13.42,clear,26.002,5.728,0.00,17.46,world
737.77,2026-08-31 00:24:14,336.32,5.72,3749.32,55.8,the_tether_relay,13.45,clear,26.002,5.728,0.00,17.46,world
738.32,2026-08-31 00:24:15,336.32,5.72,3749.32,55.8,the_tether_relay,13.47,clear,19.277,6.146,0.00,17.46,world
738.88,2026-08-31 00:24:15,336.32,5.72,3749.32,55.8,the_tether_relay,13.49,clear,17.687,6.063,0.00,17.46,world
739.45,2026-08-31 00:24:16,336.32,5.72,3749.32,55.8,the_tether_relay,13.52,clear,17.687,6.063,0.00,17.46,world
740.02,2026-08-31 00:24:17,336.32,5.72,3749.32,55.8,the_tether_relay,13.54,clear,16.939,5.865,0.00,17.46,world
740.58,2026-08-31 00:24:17,336.32,5.72,3749.32,55.8,the_tether_relay,13.56,clear,16.939,5.865,0.00,17.46,world
741.17,2026-08-31 00:24:18,336.32,5.72,3749.32,55.8,the_tether_relay,13.59,clear,16.698,5.692,0.00,17.46,world
741.67,2026-08-31 00:24:18,336.32,5.72,3749.32,55.8,the_tether_relay,13.61,clear,16.698,5.692,0.00,17.46,world
742.17,2026-08-31 00:24:19,336.32,5.72,3749.32,55.8,the_tether_relay,13.63,clear,17.043,6.297,0.00,17.46,world
742.90,2026-08-31 00:24:19,336.32,5.72,3749.32,55.8,the_tether_relay,13.65,clear,22.053,6.166,0.00,17.46,world
743.47,2026-08-31 00:24:20,336.32,5.72,3749.32,55.8,the_tether_relay,13.68,clear,22.053,6.166,0.00,17.46,world
744.02,2026-08-31 00:24:21,336.32,5.72,3749.32,55.8,the_tether_relay,13.70,clear,17.178,6.389,0.00,17.46,world
744.58,2026-08-31 00:24:21,336.32,5.72,3749.32,55.8,the_tether_relay,13.72,clear,17.178,6.389,0.00,17.46,world
745.18,2026-08-31 00:24:22,336.32,5.72,3749.32,55.8,the_tether_relay,13.75,clear,21.832,8.126,0.00,17.46,world
745.82,2026-08-31 00:24:22,336.32,5.72,3749.32,55.8,the_tether_relay,13.77,clear,21.832,8.126,0.00,17.46,world
746.40,2026-08-31 00:24:23,336.32,5.72,3749.32,55.8,the_tether_relay,13.79,clear,18.215,5.694,0.00,17.46,world
747.02,2026-08-31 00:24:24,336.32,5.72,3749.32,55.8,the_tether_relay,13.82,clear,18.374,5.905,0.00,17.46,world
747.60,2026-08-31 00:24:24,336.32,5.72,3749.32,55.8,the_tether_relay,13.84,clear,18.374,5.905,0.00,17.46,world
748.22,2026-08-31 00:24:25,336.32,5.72,3749.32,55.8,the_tether_relay,13.87,clear,18.064,6.142,0.00,17.46,world
748.85,2026-08-31 00:24:25,336.32,5.72,3749.32,55.8,the_tether_relay,13.89,clear,17.965,6.220,0.00,17.46,world
749.45,2026-08-31 00:24:26,336.32,5.72,3749.32,55.8,the_tether_relay,13.92,clear,17.965,6.220,0.00,17.46,world
750.03,2026-08-31 00:24:27,336.32,5.72,3749.32,55.8,the_tether_relay,13.94,clear,17.216,6.520,0.00,17.46,world
750.63,2026-08-31 00:24:27,336.32,5.72,3749.32,55.8,the_tether_relay,13.96,clear,17.216,6.520,0.00,17.46,world
751.23,2026-08-31 00:24:28,336.32,5.72,3749.32,55.8,the_tether_relay,13.99,clear,17.309,6.084,0.00,17.46,world
751.85,2026-08-31 00:24:28,336.32,5.72,3749.32,55.8,the_tether_relay,14.01,clear,17.449,6.370,0.00,17.46,world
752.43,2026-08-31 00:24:29,336.32,5.72,3749.32,55.8,the_tether_relay,14.04,clear,17.449,6.370,0.00,17.46,world
753.00,2026-08-31 00:24:30,336.32,5.72,3749.32,55.8,the_tether_relay,14.06,clear,17.782,6.619,0.00,17.46,world
753.58,2026-08-31 00:24:30,336.32,5.72,3749.32,55.8,the_tether_relay,14.08,clear,17.782,6.619,0.00,17.46,world
754.22,2026-08-31 00:24:31,336.32,5.72,3749.32,55.8,the_tether_relay,14.11,clear,20.821,6.221,0.00,17.46,world
754.72,2026-08-31 00:24:31,336.32,5.72,3749.32,55.8,the_tether_relay,14.13,clear,20.821,6.221,0.00,17.46,world
755.22,2026-08-31 00:24:32,336.32,5.72,3749.32,55.8,the_tether_relay,14.15,clear,18.281,5.973,0.00,17.46,world
755.72,2026-08-31 00:24:32,336.32,5.72,3749.32,55.8,the_tether_relay,14.17,clear,18.281,5.973,0.00,17.46,world
756.22,2026-08-31 00:24:33,336.32,5.72,3749.32,55.8,the_tether_relay,14.19,clear,17.864,4.789,0.00,17.46,world
756.72,2026-08-31 00:24:33,336.32,5.72,3749.32,55.8,the_tether_relay,14.21,clear,17.864,4.789,0.00,17.46,world
757.22,2026-08-31 00:24:34,336.32,5.72,3749.32,55.8,the_tether_relay,14.23,clear,18.011,5.712,0.00,17.46,world
757.72,2026-08-31 00:24:34,336.32,5.72,3749.32,55.8,the_tether_relay,14.25,clear,18.011,5.712,0.00,17.46,world
758.22,2026-08-31 00:24:35,336.32,5.72,3749.32,55.8,the_tether_relay,14.27,clear,17.730,5.309,0.00,17.46,world
758.72,2026-08-31 00:24:35,336.32,5.72,3749.32,55.8,the_tether_relay,14.29,clear,17.730,5.309,0.00,17.46,world
759.22,2026-08-31 00:24:36,336.32,5.72,3749.32,55.8,the_tether_relay,14.31,clear,17.406,5.140,0.00,17.46,world
759.72,2026-08-31 00:24:36,336.32,5.72,3749.32,55.8,the_tether_relay,14.33,clear,17.406,5.140,0.00,17.46,world
760.22,2026-08-31 00:24:37,336.32,5.72,3749.32,55.8,the_tether_relay,14.35,clear,16.747,5.124,0.00,17.46,world
760.72,2026-08-31 00:24:37,336.32,5.72,3749.32,55.8,the_tether_relay,14.37,clear,16.747,5.124,0.00,17.46,world
761.22,2026-08-31 00:24:38,336.32,5.72,3749.32,55.8,the_tether_relay,14.39,clear,22.600,6.082,0.00,17.46,world
761.72,2026-08-31 00:24:38,336.32,5.72,3749.32,55.8,the_tether_relay,14.41,clear,22.600,6.082,0.00,17.46,world
762.22,2026-08-31 00:24:39,336.32,5.72,3749.32,55.8,the_tether_relay,14.43,clear,18.204,5.296,0.00,17.46,world
762.72,2026-08-31 00:24:39,336.32,5.72,3749.32,55.8,the_tether_relay,14.45,clear,18.204,5.296,0.00,17.46,world
763.22,2026-08-31 00:24:40,336.32,5.72,3749.32,55.8,the_tether_relay,14.47,clear,18.475,5.393,0.00,17.46,world
763.72,2026-08-31 00:24:40,336.32,5.72,3749.32,55.8,the_tether_relay,14.49,clear,18.475,5.393,0.00,17.46,world
764.22,2026-08-31 00:24:41,336.33,5.72,3749.32,66.3,the_tether_relay,14.51,clear,18.220,5.950,0.00,17.45,world
764.72,2026-08-31 00:24:41,337.11,5.65,3748.73,77.4,the_tether_relay,14.53,clear,18.220,5.950,0.00,17.03,world
765.22,2026-08-31 00:24:42,337.61,5.59,3748.00,74.9,the_tether_relay,14.55,clear,18.660,7.369,0.00,16.97,world
765.72,2026-08-31 00:24:42,338.06,5.56,3747.34,72.6,the_tether_relay,14.57,clear,18.660,7.369,0.00,16.96,world
766.22,2026-08-31 00:24:43,338.46,5.52,3746.76,70.5,the_tether_relay,14.59,clear,19.156,6.212,0.00,16.98,world
766.72,2026-08-31 00:24:43,338.57,5.51,3746.60,69.9,the_tether_relay,14.61,clear,19.156,6.212,0.00,16.99,world
767.22,2026-08-31 00:24:44,336.76,5.65,3745.94,-110.1,the_tether_relay,14.63,clear,19.419,5.900,0.00,18.83,world
767.72,2026-08-31 00:24:44,337.49,5.59,3746.22,59.3,the_tether_relay,14.65,clear,19.419,5.900,0.00,18.08,world
768.22,2026-08-31 00:24:45,337.03,5.64,3748.37,-20.2,the_tether_relay,14.67,clear,19.188,6.704,0.00,17.28,world
768.72,2026-08-31 00:24:45,336.47,5.72,3749.67,80.3,the_tether_relay,14.69,clear,19.188,6.704,0.00,17.17,world
769.22,2026-08-31 00:24:46,336.87,5.64,3747.97,169.9,the_tether_relay,14.71,clear,18.037,6.011,0.00,17.62,world
769.72,2026-08-31 00:24:46,337.37,5.60,3745.59,127.9,the_tether_relay,14.73,clear,18.037,6.011,0.00,18.55,world
770.22,2026-08-31 00:24:47,338.38,5.51,3745.83,67.8,the_tether_relay,14.75,clear,19.813,5.838,0.00,17.61,world
770.72,2026-08-31 00:24:47,338.91,5.43,3744.51,157.8,the_tether_relay,14.77,clear,19.813,5.838,0.00,18.09,world
771.22,2026-08-31 00:24:48,339.88,5.20,3742.14,157.8,the_tether_relay,14.79,clear,17.445,5.727,0.00,19.17,world
771.72,2026-08-31 00:24:48,340.99,5.05,3740.30,63.3,the_tether_relay,14.81,clear,17.445,5.727,0.00,20.01,world
772.22,2026-08-31 00:24:49,342.90,5.00,3741.90,49.7,the_tether_relay,14.83,clear,19.387,5.951,0.00,17.63,world
772.72,2026-08-31 00:24:49,344.53,5.01,3743.28,49.7,the_tether_relay,14.85,clear,19.387,5.951,0.00,15.62,world
773.22,2026-08-31 00:24:50,344.06,5.04,3743.84,-40.3,the_tether_relay,14.87,clear,19.129,6.042,0.00,15.37,world
773.72,2026-08-31 00:24:50,342.48,5.18,3745.70,-40.3,the_tether_relay,14.89,clear,19.129,6.042,0.00,14.77,world
774.22,2026-08-31 00:24:51,343.20,5.19,3747.08,65.2,the_tether_relay,14.91,clear,18.364,5.844,0.00,13.26,world
774.72,2026-08-31 00:24:51,345.50,5.10,3748.15,65.2,the_tether_relay,14.93,clear,18.364,5.844,0.00,10.99,world
775.22,2026-08-31 00:24:52,347.81,4.95,3749.22,65.2,the_tether_relay,14.95,clear,18.500,5.894,0.00,8.84,world
775.72,2026-08-31 00:24:52,350.16,4.65,3750.30,65.2,the_tether_relay,14.97,clear,18.500,5.894,0.00,6.95,world
776.22,2026-08-31 00:24:53,352.51,4.23,3751.38,65.1,the_tether_relay,14.99,clear,19.192,5.955,0.00,5.64,world
776.72,2026-08-31 00:24:53,354.06,3.87,3752.10,65.1,the_tether_relay,15.01,clear,19.192,5.955,0.00,5.32,narrative_modal
777.53,2026-08-31 00:24:54,354.06,3.87,3752.10,65.1,the_tether_relay,15.04,clear,19.156,57.962,0.00,5.32,narrative_modal
778.33,2026-08-31 00:24:55,354.06,3.87,3752.10,65.1,the_tether_relay,15.07,clear,18.266,6.882,0.00,5.32,world
779.18,2026-08-31 00:24:56,354.06,3.87,3752.10,65.1,the_tether_relay,15.11,clear,18.056,6.955,0.00,5.32,narrative_modal
779.97,2026-08-31 00:24:56,354.06,3.87,3752.10,65.1,the_tether_relay,15.14,clear,18.006,6.321,0.00,5.32,narrative_modal
780.75,2026-08-31 00:24:57,354.06,3.87,3752.10,65.1,the_tether_relay,15.17,clear,18.006,6.321,0.00,5.32,world
781.55,2026-08-31 00:24:58,354.06,3.87,3752.10,65.1,the_tether_relay,15.20,clear,17.313,6.930,0.00,5.32,narrative_modal
782.35,2026-08-31 00:24:59,354.06,3.87,3752.10,65.1,the_tether_relay,15.23,clear,16.861,6.542,0.00,5.32,world
782.85,2026-08-31 00:24:59,353.05,3.92,3754.08,-27.2,the_tether_relay,15.25,clear,20.039,6.472,0.00,3.11,world
783.35,2026-08-31 00:25:00,351.92,3.99,3756.24,-27.3,the_tether_relay,15.27,clear,20.039,6.472,0.00,0.76,world
784.00,2026-08-31 00:25:01,350.76,4.16,3758.00,-20.7,the_tether_relay,15.30,clear,20.045,7.321,0.00,1.59,narrative_modal
784.80,2026-08-31 00:25:01,350.76,4.16,3758.00,-20.7,the_tether_relay,15.33,clear,20.045,7.321,0.00,1.59,narrative_modal
785.83,2026-08-31 00:25:02,343.93,5.35,3755.74,27.7,the_tether_relay,15.37,clear,16.751,6.677,0.00,8.17,combat
786.68,2026-08-31 00:25:03,343.93,5.35,3755.74,27.7,the_tether_relay,15.41,clear,20.461,113.868,0.00,8.17,combat
787.55,2026-08-31 00:25:04,343.93,5.35,3755.74,27.7,the_tether_relay,15.44,clear,18.019,7.118,0.00,8.17,combat
788.05,2026-08-31 00:25:05,343.93,5.35,3755.74,27.7,the_tether_relay,15.46,clear,19.932,8.356,0.00,8.17,combat
788.55,2026-08-31 00:25:05,343.93,5.35,3755.74,27.7,the_tether_relay,15.48,clear,19.932,8.356,0.00,8.17,combat
789.05,2026-08-31 00:25:06,343.93,5.35,3755.74,27.7,the_tether_relay,15.50,clear,17.993,6.915,0.00,8.17,combat
789.55,2026-08-31 00:25:06,343.93,5.35,3755.74,27.7,the_tether_relay,15.52,clear,17.993,6.915,0.00,8.17,combat
790.05,2026-08-31 00:25:07,343.93,5.35,3755.74,27.7,the_tether_relay,15.54,clear,19.997,6.084,0.00,8.17,combat
790.55,2026-08-31 00:25:07,343.93,5.35,3755.74,27.7,the_tether_relay,15.56,clear,19.997,6.084,0.00,8.17,combat
791.05,2026-08-31 00:25:08,343.93,5.35,3755.74,27.7,the_tether_relay,15.58,clear,19.434,5.922,0.00,8.17,combat
791.55,2026-08-31 00:25:08,343.93,5.35,3755.74,27.7,the_tether_relay,15.60,clear,19.434,5.922,0.00,8.17,combat
792.05,2026-08-31 00:25:09,343.93,5.35,3755.74,27.7,the_tether_relay,15.62,clear,17.727,6.124,0.00,8.17,combat
792.55,2026-08-31 00:25:09,343.93,5.35,3755.74,27.7,the_tether_relay,15.64,clear,17.727,6.124,0.00,8.17,combat
793.05,2026-08-31 00:25:10,343.93,5.35,3755.74,27.7,the_tether_relay,15.66,clear,19.570,6.059,0.00,8.17,combat
793.55,2026-08-31 00:25:10,343.93,5.35,3755.74,27.7,the_tether_relay,15.68,clear,19.570,6.059,0.00,8.17,combat
794.05,2026-08-31 00:25:11,343.93,5.35,3755.74,27.7,the_tether_relay,15.70,clear,18.208,5.839,0.00,8.17,combat
794.55,2026-08-31 00:25:11,343.93,5.35,3755.74,27.7,the_tether_relay,15.72,clear,18.208,5.839,0.00,8.17,combat
795.05,2026-08-31 00:25:12,343.93,5.35,3755.74,27.7,the_tether_relay,15.74,clear,26.423,7.388,0.00,8.17,combat
795.55,2026-08-31 00:25:12,343.93,5.35,3755.74,27.7,the_tether_relay,15.76,clear,26.423,7.388,0.00,8.17,combat
796.05,2026-08-31 00:25:13,343.93,5.35,3755.74,27.7,the_tether_relay,15.78,clear,18.170,5.400,0.00,8.17,combat
796.55,2026-08-31 00:25:13,343.93,5.35,3755.74,27.7,the_tether_relay,15.80,clear,18.170,5.400,0.00,8.17,combat
797.05,2026-08-31 00:25:14,343.93,5.35,3755.74,27.7,the_tether_relay,15.82,clear,20.070,6.172,0.00,8.17,combat
797.55,2026-08-31 00:25:14,343.93,5.35,3755.74,27.7,the_tether_relay,15.84,clear,20.070,6.172,0.00,8.17,combat
798.05,2026-08-31 00:25:15,343.93,5.35,3755.74,27.7,the_tether_relay,15.86,clear,19.419,6.492,0.00,8.17,combat
798.55,2026-08-31 00:25:15,343.93,5.35,3755.74,27.7,the_tether_relay,15.88,clear,19.419,6.492,0.00,8.17,combat
799.05,2026-08-31 00:25:16,343.93,5.35,3755.74,27.7,the_tether_relay,15.90,clear,17.639,5.330,0.00,8.17,combat
799.55,2026-08-31 00:25:16,343.93,5.35,3755.74,27.7,the_tether_relay,15.92,clear,17.639,5.330,0.00,8.17,combat
800.05,2026-08-31 00:25:17,343.93,5.35,3755.74,27.7,the_tether_relay,15.94,clear,21.172,8.003,0.00,8.17,combat
800.55,2026-08-31 00:25:17,343.93,5.35,3755.74,27.7,the_tether_relay,15.96,clear,21.172,8.003,0.00,8.17,combat
801.05,2026-08-31 00:25:18,343.93,5.35,3755.74,27.7,the_tether_relay,15.98,clear,18.969,5.888,0.00,8.17,combat
801.55,2026-08-31 00:25:18,343.93,5.35,3755.74,27.7,the_tether_relay,16.00,clear,18.969,5.888,0.00,8.17,combat
802.05,2026-08-31 00:25:19,343.93,5.35,3755.74,27.7,the_tether_relay,16.02,clear,19.197,6.642,0.00,8.17,combat
802.55,2026-08-31 00:25:19,343.93,5.35,3755.74,27.7,the_tether_relay,16.04,clear,19.197,6.642,0.00,8.17,combat
803.05,2026-08-31 00:25:20,343.93,5.35,3755.74,27.7,the_tether_relay,16.06,clear,18.837,6.336,0.00,8.17,combat
803.55,2026-08-31 00:25:20,343.93,5.35,3755.74,27.7,the_tether_relay,16.08,clear,18.837,6.336,0.00,8.17,combat
804.05,2026-08-31 00:25:21,343.93,5.35,3755.74,27.7,the_tether_relay,16.10,clear,16.890,6.016,0.00,8.17,combat
804.55,2026-08-31 00:25:21,343.93,5.35,3755.74,27.7,the_tether_relay,16.12,clear,16.890,6.016,0.00,8.17,combat
805.05,2026-08-31 00:25:22,343.93,5.35,3755.74,27.7,the_tether_relay,16.14,clear,18.712,7.058,0.00,8.17,combat
805.55,2026-08-31 00:25:22,343.93,5.35,3755.74,27.7,the_tether_relay,16.16,clear,18.712,7.058,0.00,8.17,combat
806.05,2026-08-31 00:25:23,343.93,5.35,3755.74,27.7,the_tether_relay,16.18,clear,17.989,6.260,0.00,8.17,combat
806.55,2026-08-31 00:25:23,343.93,5.35,3755.74,27.7,the_tether_relay,16.20,clear,17.989,6.260,0.00,8.17,combat
807.05,2026-08-31 00:25:24,343.93,5.35,3755.74,27.7,the_tether_relay,16.22,clear,17.342,6.189,0.00,8.17,combat
807.55,2026-08-31 00:25:24,343.93,5.35,3755.74,27.7,the_tether_relay,16.24,clear,17.342,6.189,0.00,8.17,combat
808.05,2026-08-31 00:25:25,343.93,5.35,3755.74,27.7,the_tether_relay,16.26,clear,20.697,6.320,0.00,8.17,combat
808.57,2026-08-31 00:25:25,343.93,5.35,3755.74,27.7,the_tether_relay,16.28,clear,20.697,6.320,0.00,8.17,combat
809.07,2026-08-31 00:25:26,343.93,5.35,3755.74,27.7,the_tether_relay,16.30,clear,18.494,5.953,0.00,8.17,combat
809.57,2026-08-31 00:25:26,343.93,5.35,3755.74,27.7,the_tether_relay,16.32,clear,18.494,5.953,0.00,8.17,combat
810.07,2026-08-31 00:25:27,343.93,5.35,3755.74,27.7,the_tether_relay,16.34,clear,16.936,5.559,0.00,8.17,combat
810.57,2026-08-31 00:25:27,343.93,5.35,3755.74,27.7,the_tether_relay,16.36,clear,16.936,5.559,0.00,8.17,combat
811.07,2026-08-31 00:25:28,343.93,5.35,3755.74,27.7,the_tether_relay,16.38,clear,17.139,5.659,0.00,8.17,combat
811.57,2026-08-31 00:25:28,343.93,5.35,3755.74,27.7,the_tether_relay,16.40,clear,17.139,5.659,0.00,8.17,combat
812.07,2026-08-31 00:25:29,343.93,5.35,3755.74,27.7,the_tether_relay,16.42,clear,20.055,7.017,0.00,8.17,combat
812.57,2026-08-31 00:25:29,343.93,5.35,3755.74,27.7,the_tether_relay,16.44,clear,20.055,7.017,0.00,8.17,combat
813.07,2026-08-31 00:25:30,343.93,5.35,3755.74,27.7,the_tether_relay,16.46,clear,17.489,6.216,0.00,8.17,combat
813.57,2026-08-31 00:25:30,343.93,5.35,3755.74,27.7,the_tether_relay,16.48,clear,17.489,6.216,0.00,8.17,combat
814.07,2026-08-31 00:25:31,343.93,5.35,3755.74,27.7,the_tether_relay,16.50,clear,17.751,6.440,0.00,8.17,combat
814.57,2026-08-31 00:25:31,343.93,5.35,3755.74,27.7,the_tether_relay,16.52,clear,17.751,6.440,0.00,8.17,combat
815.07,2026-08-31 00:25:32,343.93,5.35,3755.74,27.7,the_tether_relay,16.54,clear,17.474,5.650,0.00,8.17,combat
815.57,2026-08-31 00:25:32,343.93,5.35,3755.74,27.7,the_tether_relay,16.56,clear,17.474,5.650,0.00,8.17,combat
816.07,2026-08-31 00:25:33,343.93,5.35,3755.74,27.7,the_tether_relay,16.58,clear,17.391,5.840,0.00,8.17,combat
816.57,2026-08-31 00:25:33,343.93,5.35,3755.74,27.7,the_tether_relay,16.60,clear,17.391,5.840,0.00,8.17,combat
817.07,2026-08-31 00:25:34,343.93,5.35,3755.74,27.7,the_tether_relay,16.62,clear,19.505,6.388,0.00,8.17,combat
817.57,2026-08-31 00:25:34,343.93,5.35,3755.74,27.7,the_tether_relay,16.64,clear,19.505,6.388,0.00,8.17,combat
818.07,2026-08-31 00:25:35,343.93,5.35,3755.74,27.7,the_tether_relay,16.66,clear,17.692,5.877,0.00,8.17,combat
818.57,2026-08-31 00:25:35,343.93,5.35,3755.74,27.7,the_tether_relay,16.68,clear,17.692,5.877,0.00,8.17,combat
819.07,2026-08-31 00:25:36,343.93,5.35,3755.74,27.7,the_tether_relay,16.70,clear,19.016,5.986,0.00,8.17,combat
819.57,2026-08-31 00:25:36,343.93,5.35,3755.74,27.7,the_tether_relay,16.72,clear,19.016,5.986,0.00,8.17,combat
820.07,2026-08-31 00:25:37,343.93,5.35,3755.74,27.7,the_tether_relay,16.74,clear,17.036,6.538,0.00,8.17,combat
820.57,2026-08-31 00:25:37,343.93,5.35,3755.74,27.7,the_tether_relay,16.76,clear,17.036,6.538,0.00,8.17,combat
821.07,2026-08-31 00:25:38,343.93,5.35,3755.74,27.7,the_tether_relay,16.78,clear,17.737,5.692,0.00,8.17,combat
821.57,2026-08-31 00:25:38,343.93,5.35,3755.74,27.7,the_tether_relay,16.80,clear,17.737,5.692,0.00,8.17,combat
822.07,2026-08-31 00:25:39,343.93,5.35,3755.74,27.7,the_tether_relay,16.82,clear,19.025,5.743,0.00,8.17,combat
822.57,2026-08-31 00:25:39,343.93,5.35,3755.74,27.7,the_tether_relay,16.84,clear,19.025,5.743,0.00,8.17,combat
823.07,2026-08-31 00:25:40,343.93,5.35,3755.74,27.7,the_tether_relay,16.86,clear,20.996,6.197,0.00,8.17,combat
823.57,2026-08-31 00:25:40,343.93,5.35,3755.74,27.7,the_tether_relay,16.88,clear,20.996,6.197,0.00,8.17,combat
824.07,2026-08-31 00:25:41,343.93,5.35,3755.74,27.7,the_tether_relay,16.90,clear,17.684,5.828,0.00,8.17,combat
824.57,2026-08-31 00:25:41,343.93,5.35,3755.74,27.7,the_tether_relay,16.92,clear,17.684,5.828,0.00,8.17,combat
825.07,2026-08-31 00:25:42,343.93,5.35,3755.74,27.7,the_tether_relay,16.94,clear,16.993,5.888,0.00,8.17,combat
825.57,2026-08-31 00:25:42,343.93,5.35,3755.74,27.7,the_tether_relay,16.96,clear,16.993,5.888,0.00,8.17,combat
826.07,2026-08-31 00:25:43,343.93,5.35,3755.74,27.7,the_tether_relay,16.98,clear,16.631,5.464,0.00,8.17,combat
826.57,2026-08-31 00:25:43,343.93,5.35,3755.74,27.7,the_tether_relay,17.00,clear,16.631,5.464,0.00,8.17,combat
827.07,2026-08-31 00:25:44,343.93,5.35,3755.74,27.7,the_tether_relay,17.02,clear,16.512,5.221,0.00,8.17,combat
827.57,2026-08-31 00:25:44,343.93,5.35,3755.74,27.7,the_tether_relay,17.04,clear,16.512,5.221,0.00,8.17,combat
828.07,2026-08-31 00:25:45,343.93,5.35,3755.74,27.7,the_tether_relay,17.06,clear,16.882,5.492,0.00,8.17,combat
828.57,2026-08-31 00:25:45,343.93,5.35,3755.74,27.7,the_tether_relay,17.08,clear,16.882,5.492,0.00,8.17,combat
829.07,2026-08-31 00:25:46,343.93,5.35,3755.74,27.7,the_tether_relay,17.10,clear,16.845,5.628,0.00,8.17,combat
829.57,2026-08-31 00:25:46,343.93,5.35,3755.74,27.7,the_tether_relay,17.12,clear,16.845,5.628,0.00,8.17,combat
830.07,2026-08-31 00:25:47,343.93,5.35,3755.74,27.7,the_tether_relay,17.14,clear,21.118,6.824,0.00,8.17,combat
830.57,2026-08-31 00:25:47,343.93,5.35,3755.74,27.7,the_tether_relay,17.16,clear,21.118,6.824,0.00,8.17,combat
831.07,2026-08-31 00:25:48,343.93,5.35,3755.74,27.7,the_tether_relay,17.18,clear,18.759,11.911,0.00,8.17,combat
831.57,2026-08-31 00:25:48,343.93,5.35,3755.74,27.7,the_tether_relay,17.20,clear,18.759,11.911,0.00,8.17,combat
832.07,2026-08-31 00:25:49,343.93,5.35,3755.74,27.7,the_tether_relay,17.22,clear,21.197,6.564,0.00,8.17,combat
832.57,2026-08-31 00:25:49,343.93,5.35,3755.74,27.7,the_tether_relay,17.24,clear,21.197,6.564,0.00,8.17,combat
833.07,2026-08-31 00:25:50,343.93,5.35,3755.74,27.7,the_tether_relay,17.26,clear,17.287,5.771,0.00,8.17,combat
833.57,2026-08-31 00:25:50,343.93,5.35,3755.74,27.7,the_tether_relay,17.28,clear,17.287,5.771,0.00,8.17,combat
834.07,2026-08-31 00:25:51,343.93,5.35,3755.74,27.7,the_tether_relay,17.30,clear,17.492,5.904,0.00,8.17,combat
834.57,2026-08-31 00:25:51,343.93,5.35,3755.74,27.7,the_tether_relay,17.32,clear,17.492,5.904,0.00,8.17,combat
835.07,2026-08-31 00:25:52,343.93,5.35,3755.74,27.7,the_tether_relay,17.34,clear,17.388,6.196,0.00,8.17,combat
835.57,2026-08-31 00:25:52,343.93,5.35,3755.74,27.7,the_tether_relay,17.36,clear,17.388,6.196,0.00,8.17,combat
836.07,2026-08-31 00:25:53,343.93,5.35,3755.74,27.7,the_tether_relay,17.38,clear,16.779,5.341,0.00,8.17,combat
836.57,2026-08-31 00:25:53,343.93,5.35,3755.74,27.7,the_tether_relay,17.40,clear,16.779,5.341,0.00,8.17,combat
837.07,2026-08-31 00:25:54,343.93,5.35,3755.74,27.7,the_tether_relay,17.42,clear,17.244,5.616,0.00,8.17,combat
837.57,2026-08-31 00:25:54,343.93,5.35,3755.74,27.7,the_tether_relay,17.44,clear,17.244,5.616,0.00,8.17,combat
838.07,2026-08-31 00:25:55,343.93,5.35,3755.74,27.7,the_tether_relay,17.46,clear,16.989,5.857,0.00,8.17,combat
838.57,2026-08-31 00:25:55,343.93,5.35,3755.74,27.7,the_tether_relay,17.48,clear,16.989,5.857,0.00,8.17,combat
839.07,2026-08-31 00:25:56,343.93,5.35,3755.74,27.7,the_tether_relay,17.50,clear,17.082,6.309,0.00,8.17,combat
839.57,2026-08-31 00:25:56,343.93,5.35,3755.74,27.7,the_tether_relay,17.52,clear,17.082,6.309,0.00,8.17,combat
840.07,2026-08-31 00:25:57,343.93,5.35,3755.74,27.7,the_tether_relay,17.54,clear,16.953,5.562,0.00,8.17,combat
840.57,2026-08-31 00:25:57,343.93,5.35,3755.74,27.7,the_tether_relay,17.56,clear,16.953,5.562,0.00,8.17,combat
841.07,2026-08-31 00:25:58,343.93,5.35,3755.74,27.7,the_tether_relay,17.58,clear,16.630,5.462,0.00,8.17,combat
841.57,2026-08-31 00:25:58,343.93,5.35,3755.74,27.7,the_tether_relay,17.60,clear,16.630,5.462,0.00,8.17,combat
842.07,2026-08-31 00:25:59,343.93,5.35,3755.74,27.7,the_tether_relay,17.62,clear,17.539,5.394,0.00,8.17,combat
842.57,2026-08-31 00:25:59,343.93,5.35,3755.74,27.7,the_tether_relay,17.64,clear,17.539,5.394,0.00,8.17,combat
843.07,2026-08-31 00:26:00,343.93,5.35,3755.74,27.7,the_tether_relay,17.66,clear,19.372,7.138,0.00,8.17,combat
843.57,2026-08-31 00:26:00,343.93,5.35,3755.74,27.7,the_tether_relay,17.68,clear,19.372,7.138,0.00,8.17,combat
844.07,2026-08-31 00:26:01,343.93,5.35,3755.74,27.7,the_tether_relay,17.70,clear,17.545,5.531,0.00,8.17,combat
844.57,2026-08-31 00:26:01,343.93,5.35,3755.74,27.7,the_tether_relay,17.72,clear,17.545,5.531,0.00,8.17,combat
845.07,2026-08-31 00:26:02,343.93,5.35,3755.74,27.7,the_tether_relay,17.74,clear,17.593,5.600,0.00,8.17,combat
845.57,2026-08-31 00:26:02,343.93,5.35,3755.74,27.7,the_tether_relay,17.76,clear,17.593,5.600,0.00,8.17,combat
846.07,2026-08-31 00:26:03,343.93,5.35,3755.74,27.7,the_tether_relay,17.78,clear,18.768,6.968,0.00,8.17,combat
846.58,2026-08-31 00:26:03,343.93,5.35,3755.74,27.7,the_tether_relay,17.80,clear,18.768,6.968,0.00,8.17,combat
847.08,2026-08-31 00:26:04,343.93,5.35,3755.74,27.7,the_tether_relay,17.82,clear,17.818,6.020,0.00,8.17,combat
847.58,2026-08-31 00:26:04,343.93,5.35,3755.74,27.7,the_tether_relay,17.84,clear,17.818,6.020,0.00,8.17,combat
848.08,2026-08-31 00:26:05,343.93,5.35,3755.74,27.7,the_tether_relay,17.86,clear,16.886,5.683,0.00,8.17,combat
848.58,2026-08-31 00:26:05,343.93,5.35,3755.74,27.7,the_tether_relay,17.88,clear,16.886,5.683,0.00,8.17,combat
849.08,2026-08-31 00:26:06,343.93,5.35,3755.74,27.7,the_tether_relay,17.90,clear,20.621,6.236,0.00,8.17,combat
849.58,2026-08-31 00:26:06,343.93,5.35,3755.74,27.7,the_tether_relay,17.92,clear,20.621,6.236,0.00,8.17,combat
850.08,2026-08-31 00:26:07,343.93,5.35,3755.74,27.7,the_tether_relay,17.94,clear,16.965,6.307,0.00,8.17,combat
850.58,2026-08-31 00:26:07,343.93,5.35,3755.74,27.7,the_tether_relay,17.96,clear,16.965,6.307,0.00,8.17,combat
851.08,2026-08-31 00:26:08,343.93,5.35,3755.74,27.7,the_tether_relay,17.98,clear,17.400,5.676,0.00,8.17,combat
851.58,2026-08-31 00:26:08,343.93,5.35,3755.74,27.7,the_tether_relay,18.00,clear,17.400,5.676,0.00,8.17,combat
852.08,2026-08-31 00:26:09,343.93,5.35,3755.74,27.7,the_tether_relay,18.02,clear,17.171,5.546,0.00,8.17,combat
852.58,2026-08-31 00:26:09,343.93,5.35,3755.74,27.7,the_tether_relay,18.04,clear,17.171,5.546,0.00,8.17,combat
853.08,2026-08-31 00:26:10,343.93,5.35,3755.74,27.7,the_tether_relay,18.06,clear,16.867,5.908,0.00,8.17,combat
853.58,2026-08-31 00:26:10,343.93,5.35,3755.74,27.7,the_tether_relay,18.08,clear,16.867,5.908,0.00,8.17,combat
854.10,2026-08-31 00:26:11,343.93,5.35,3755.74,27.7,the_tether_relay,18.10,clear,18.013,21.058,0.00,8.17,combat
854.60,2026-08-31 00:26:11,343.93,5.35,3755.74,27.7,the_tether_relay,18.12,clear,18.013,21.058,0.00,8.17,combat
855.10,2026-08-31 00:26:12,343.93,5.35,3755.74,27.7,the_tether_relay,18.14,clear,17.821,5.602,0.00,8.17,combat
855.60,2026-08-31 00:26:12,343.93,5.35,3755.74,27.7,the_tether_relay,18.16,clear,17.821,5.602,0.00,8.17,combat
856.10,2026-08-31 00:26:13,343.93,5.35,3755.74,27.7,the_tether_relay,18.18,clear,17.525,5.962,0.00,8.17,combat
856.60,2026-08-31 00:26:13,343.93,5.35,3755.74,27.7,the_tether_relay,18.20,clear,17.525,5.962,0.00,8.17,combat
857.10,2026-08-31 00:26:14,343.93,5.35,3755.74,27.7,the_tether_relay,18.22,clear,17.445,5.792,0.00,8.17,combat
857.60,2026-08-31 00:26:14,343.93,5.35,3755.74,27.7,the_tether_relay,18.24,clear,17.445,5.792,0.00,8.17,combat
858.10,2026-08-31 00:26:15,343.93,5.35,3755.74,27.7,the_tether_relay,18.26,clear,22.692,6.012,0.00,8.17,combat
858.60,2026-08-31 00:26:15,343.93,5.35,3755.74,27.7,the_tether_relay,18.28,clear,22.692,6.012,0.00,8.17,combat
859.10,2026-08-31 00:26:16,343.93,5.35,3755.74,27.7,the_tether_relay,18.30,clear,17.921,5.668,0.00,8.17,combat
859.60,2026-08-31 00:26:16,343.93,5.35,3755.74,27.7,the_tether_relay,18.32,clear,17.921,5.668,0.00,8.17,combat
860.10,2026-08-31 00:26:17,343.93,5.35,3755.74,27.7,the_tether_relay,18.34,clear,17.737,5.385,0.00,8.17,combat
860.60,2026-08-31 00:26:17,343.93,5.35,3755.74,27.7,the_tether_relay,18.36,clear,17.737,5.385,0.00,8.17,combat
861.10,2026-08-31 00:26:18,343.93,5.35,3755.74,27.7,the_tether_relay,18.38,clear,17.249,5.851,0.00,8.17,combat
861.60,2026-08-31 00:26:18,343.93,5.35,3755.74,27.7,the_tether_relay,18.40,clear,17.249,5.851,0.00,8.17,combat
862.10,2026-08-31 00:26:19,343.93,5.35,3755.74,27.7,the_tether_relay,18.42,clear,17.182,5.713,0.00,8.17,combat
862.60,2026-08-31 00:26:19,343.93,5.35,3755.74,27.7,the_tether_relay,18.44,clear,17.182,5.713,0.00,8.17,combat
863.10,2026-08-31 00:26:20,343.93,5.35,3755.74,27.7,the_tether_relay,18.46,clear,17.248,5.786,0.00,8.17,combat
863.60,2026-08-31 00:26:20,343.93,5.35,3755.74,27.7,the_tether_relay,18.48,clear,17.248,5.786,0.00,8.17,combat
864.10,2026-08-31 00:26:21,343.93,5.35,3755.74,27.7,the_tether_relay,18.50,clear,17.256,5.814,0.00,8.17,combat
864.60,2026-08-31 00:26:21,343.93,5.35,3755.74,27.7,the_tether_relay,18.52,clear,17.256,5.814,0.00,8.17,combat
865.10,2026-08-31 00:26:22,343.93,5.35,3755.74,27.7,the_tether_relay,18.54,clear,16.880,5.772,0.00,8.17,combat
865.60,2026-08-31 00:26:22,343.93,5.35,3755.74,27.7,the_tether_relay,18.56,clear,16.880,5.772,0.00,8.17,combat
866.12,2026-08-31 00:26:23,343.93,5.35,3755.74,27.7,the_tether_relay,18.58,clear,19.484,6.621,0.00,8.17,combat
866.62,2026-08-31 00:26:23,343.93,5.35,3755.74,27.7,the_tether_relay,18.60,clear,19.484,6.621,0.00,8.17,combat
867.12,2026-08-31 00:26:24,343.93,5.35,3755.74,27.7,the_tether_relay,18.62,clear,18.601,5.905,0.00,8.17,combat
867.62,2026-08-31 00:26:24,343.93,5.35,3755.74,27.7,the_tether_relay,18.64,clear,18.601,5.905,0.00,8.17,combat
868.12,2026-08-31 00:26:25,343.93,5.35,3755.74,27.7,the_tether_relay,18.66,clear,17.782,5.773,0.00,8.17,combat
868.62,2026-08-31 00:26:25,343.93,5.35,3755.74,27.7,the_tether_relay,18.68,clear,17.782,5.773,0.00,8.17,combat
869.12,2026-08-31 00:26:26,343.93,5.35,3755.74,27.7,the_tether_relay,18.70,clear,17.252,5.887,0.00,8.17,combat
869.62,2026-08-31 00:26:26,343.93,5.35,3755.74,27.7,the_tether_relay,18.72,clear,17.252,5.887,0.00,8.17,combat
870.12,2026-08-31 00:26:27,343.93,5.35,3755.74,27.7,the_tether_relay,18.74,clear,20.187,5.575,0.00,8.17,combat
870.62,2026-08-31 00:26:27,343.93,5.35,3755.74,27.7,the_tether_relay,18.76,clear,20.187,5.575,0.00,8.17,combat
871.12,2026-08-31 00:26:28,343.93,5.35,3755.74,27.7,the_tether_relay,18.78,clear,17.745,5.507,0.00,8.17,combat
871.62,2026-08-31 00:26:28,343.93,5.35,3755.74,27.7,the_tether_relay,18.80,clear,17.745,5.507,0.00,8.17,combat
872.12,2026-08-31 00:26:29,343.93,5.35,3755.74,27.7,the_tether_relay,18.82,clear,17.913,5.979,0.00,8.17,combat
872.62,2026-08-31 00:26:29,343.93,5.35,3755.74,27.7,the_tether_relay,18.84,clear,17.913,5.979,0.00,8.17,combat
873.12,2026-08-31 00:26:30,343.93,5.35,3755.74,27.7,the_tether_relay,18.86,clear,21.679,6.821,0.00,8.17,combat
873.62,2026-08-31 00:26:30,343.93,5.35,3755.74,27.7,the_tether_relay,18.88,clear,21.679,6.821,0.00,8.17,combat
874.12,2026-08-31 00:26:31,343.93,5.35,3755.74,27.7,the_tether_relay,18.90,clear,19.021,6.594,0.00,8.17,combat
874.62,2026-08-31 00:26:31,343.93,5.35,3755.74,27.7,the_tether_relay,18.92,clear,19.021,6.594,0.00,8.17,combat
875.12,2026-08-31 00:26:32,343.93,5.35,3755.74,27.7,the_tether_relay,18.94,clear,19.386,5.808,0.00,8.17,combat
875.62,2026-08-31 00:26:32,343.93,5.35,3755.74,27.7,the_tether_relay,18.96,clear,19.386,5.808,0.00,8.17,combat
876.12,2026-08-31 00:26:33,343.93,5.35,3755.74,27.7,the_tether_relay,18.98,clear,19.626,12.071,0.00,8.17,combat
876.62,2026-08-31 00:26:33,343.93,5.35,3755.74,27.7,the_tether_relay,19.00,clear,19.626,12.071,0.00,8.17,combat
877.12,2026-08-31 00:26:34,343.93,5.35,3755.74,27.7,the_tether_relay,19.02,clear,17.778,5.893,0.00,8.17,combat
877.62,2026-08-31 00:26:34,343.93,5.35,3755.74,27.7,the_tether_relay,19.04,clear,17.778,5.893,0.00,8.17,combat
878.12,2026-08-31 00:26:35,343.93,5.35,3755.74,27.7,the_tether_relay,19.06,clear,17.616,6.223,0.00,8.17,combat
878.62,2026-08-31 00:26:35,343.93,5.35,3755.74,27.7,the_tether_relay,19.08,clear,17.616,6.223,0.00,8.17,combat
879.12,2026-08-31 00:26:36,343.93,5.35,3755.74,27.7,the_tether_relay,19.10,clear,16.927,6.648,0.00,8.17,combat
879.62,2026-08-31 00:26:36,343.93,5.35,3755.74,27.7,the_tether_relay,19.12,clear,16.927,6.648,0.00,8.17,combat
880.12,2026-08-31 00:26:37,343.93,5.35,3755.74,27.7,the_tether_relay,19.14,clear,17.051,5.413,0.00,8.17,combat
880.62,2026-08-31 00:26:37,343.93,5.35,3755.74,27.7,the_tether_relay,19.16,clear,17.051,5.413,0.00,8.17,combat
881.12,2026-08-31 00:26:38,343.93,5.35,3755.74,27.7,the_tether_relay,19.18,clear,17.073,5.778,0.00,8.17,combat
881.62,2026-08-31 00:26:38,343.93,5.35,3755.74,27.7,the_tether_relay,19.20,clear,17.073,5.778,0.00,8.17,combat
882.12,2026-08-31 00:26:39,343.93,5.35,3755.74,27.7,the_tether_relay,19.22,clear,20.637,7.485,0.00,8.17,combat
882.62,2026-08-31 00:26:39,343.93,5.35,3755.74,27.7,the_tether_relay,19.24,clear,20.637,7.485,0.00,8.17,combat
883.12,2026-08-31 00:26:40,343.93,5.35,3755.74,27.7,the_tether_relay,19.26,clear,17.520,5.922,0.00,8.17,combat
883.62,2026-08-31 00:26:40,343.93,5.35,3755.74,27.7,the_tether_relay,19.28,clear,17.520,5.922,0.00,8.17,combat
884.12,2026-08-31 00:26:41,343.93,5.35,3755.74,27.7,the_tether_relay,19.30,clear,17.924,10.665,0.00,8.17,combat
884.62,2026-08-31 00:26:41,343.93,5.35,3755.74,27.7,the_tether_relay,19.32,clear,17.924,10.665,0.00,8.17,combat
885.12,2026-08-31 00:26:42,343.93,5.35,3755.74,27.7,the_tether_relay,19.34,clear,17.314,5.655,0.00,8.17,combat
885.62,2026-08-31 00:26:42,343.93,5.35,3755.74,27.7,the_tether_relay,19.36,clear,17.314,5.655,0.00,8.17,combat
886.12,2026-08-31 00:26:43,343.93,5.35,3755.74,27.7,the_tether_relay,19.38,clear,18.635,5.963,0.00,8.17,combat
886.62,2026-08-31 00:26:43,343.93,5.35,3755.74,27.7,the_tether_relay,19.40,clear,18.635,5.963,0.00,8.17,combat
887.12,2026-08-31 00:26:44,343.93,5.35,3755.74,27.7,the_tether_relay,19.42,clear,17.233,6.256,0.00,8.17,combat
887.62,2026-08-31 00:26:44,343.93,5.35,3755.74,27.7,the_tether_relay,19.44,clear,17.233,6.256,0.00,8.17,combat
888.12,2026-08-31 00:26:45,343.93,5.35,3755.74,27.7,the_tether_relay,19.46,clear,17.109,5.560,0.00,8.17,combat
888.62,2026-08-31 00:26:45,343.93,5.35,3755.74,27.7,the_tether_relay,19.48,clear,17.109,5.560,0.00,8.17,combat
889.12,2026-08-31 00:26:46,343.93,5.35,3755.74,27.7,the_tether_relay,19.50,clear,16.522,5.412,0.00,8.17,combat
889.62,2026-08-31 00:26:46,343.93,5.35,3755.74,27.7,the_tether_relay,19.52,clear,16.522,5.412,0.00,8.17,combat
890.12,2026-08-31 00:26:47,343.93,5.35,3755.74,27.7,the_tether_relay,19.54,clear,17.398,5.529,0.00,8.17,combat
890.62,2026-08-31 00:26:47,343.93,5.35,3755.74,27.7,the_tether_relay,19.56,clear,17.398,5.529,0.00,8.17,combat
891.12,2026-08-31 00:26:48,343.93,5.35,3755.74,27.7,the_tether_relay,19.58,clear,15.870,5.338,0.00,8.17,combat
891.62,2026-08-31 00:26:48,343.93,5.35,3755.74,27.7,the_tether_relay,19.60,clear,15.870,5.338,0.00,8.17,combat
892.12,2026-08-31 00:26:49,343.93,5.35,3755.74,27.7,the_tether_relay,19.62,clear,16.266,5.784,0.00,8.17,combat
892.62,2026-08-31 00:26:49,343.93,5.35,3755.74,27.7,the_tether_relay,19.64,clear,16.266,5.784,0.00,8.17,combat
893.12,2026-08-31 00:26:50,343.93,5.35,3755.74,27.7,the_tether_relay,19.66,clear,17.557,5.601,0.00,8.17,combat
893.62,2026-08-31 00:26:50,343.93,5.35,3755.74,27.7,the_tether_relay,19.68,clear,17.557,5.601,0.00,8.17,combat
894.12,2026-08-31 00:26:51,343.93,5.35,3755.74,27.7,the_tether_relay,19.70,clear,17.073,5.816,0.00,8.17,combat
894.62,2026-08-31 00:26:51,343.93,5.35,3755.74,27.7,the_tether_relay,19.72,clear,17.073,5.816,0.00,8.17,combat
895.12,2026-08-31 00:26:52,343.93,5.35,3755.74,27.7,the_tether_relay,19.74,clear,16.075,5.684,0.00,8.17,combat
895.62,2026-08-31 00:26:52,343.93,5.35,3755.74,27.7,the_tether_relay,19.76,clear,16.075,5.684,0.00,8.17,combat
896.12,2026-08-31 00:26:53,343.93,5.35,3755.74,27.7,the_tether_relay,19.78,clear,16.299,6.422,0.00,8.17,combat
896.62,2026-08-31 00:26:53,343.93,5.35,3755.74,27.7,the_tether_relay,19.80,clear,16.299,6.422,0.00,8.17,combat
897.12,2026-08-31 00:26:54,343.93,5.35,3755.74,27.7,the_tether_relay,19.82,clear,16.797,6.021,0.00,8.17,combat
897.62,2026-08-31 00:26:54,343.93,5.35,3755.74,27.7,the_tether_relay,19.84,clear,16.797,6.021,0.00,8.17,combat
898.12,2026-08-31 00:26:55,343.93,5.35,3755.74,27.7,the_tether_relay,19.86,clear,17.495,6.988,0.00,8.17,combat
898.62,2026-08-31 00:26:55,343.93,5.35,3755.74,27.7,the_tether_relay,19.88,clear,17.495,6.988,0.00,8.17,combat
899.12,2026-08-31 00:26:56,343.93,5.35,3755.74,27.7,the_tether_relay,19.90,clear,16.684,5.875,0.00,8.17,combat
899.62,2026-08-31 00:26:56,343.93,5.35,3755.74,27.7,the_tether_relay,19.92,clear,16.684,5.875,0.00,8.17,combat
900.12,2026-08-31 00:26:57,343.93,5.35,3755.74,27.7,the_tether_relay,19.94,clear,16.603,5.689,0.00,8.17,combat
900.62,2026-08-31 00:26:57,343.93,5.35,3755.74,27.7,the_tether_relay,19.96,clear,16.603,5.689,0.00,8.17,combat
901.12,2026-08-31 00:26:58,343.93,5.35,3755.74,27.7,the_tether_relay,19.98,clear,37.308,5.961,0.00,8.17,combat
901.62,2026-08-31 00:26:58,343.93,5.35,3755.74,27.7,the_tether_relay,20.00,clear,37.308,5.961,0.00,8.17,combat
902.12,2026-08-31 00:26:59,343.93,5.35,3755.74,27.7,the_tether_relay,20.02,clear,18.328,6.457,0.00,8.17,combat
902.62,2026-08-31 00:26:59,343.93,5.35,3755.74,27.7,the_tether_relay,20.04,clear,18.328,6.457,0.00,8.17,combat
903.12,2026-08-31 00:27:00,343.93,5.35,3755.74,27.7,the_tether_relay,20.06,clear,19.151,6.397,0.00,8.17,combat
903.62,2026-08-31 00:27:00,343.93,5.35,3755.74,27.7,the_tether_relay,20.08,clear,19.151,6.397,0.00,8.17,combat
904.12,2026-08-31 00:27:01,343.93,5.35,3755.74,27.7,the_tether_relay,20.10,clear,22.141,7.431,0.00,8.17,combat
904.62,2026-08-31 00:27:01,343.93,5.35,3755.74,27.7,the_tether_relay,20.12,clear,22.141,7.431,0.00,8.17,combat
905.12,2026-08-31 00:27:02,343.93,5.35,3755.74,27.7,the_tether_relay,20.14,clear,18.799,6.832,0.00,8.17,combat
905.62,2026-08-31 00:27:02,343.93,5.35,3755.74,27.7,the_tether_relay,20.16,clear,18.799,6.832,0.00,8.17,combat
906.12,2026-08-31 00:27:03,343.93,5.35,3755.74,27.7,the_tether_relay,20.18,clear,18.680,7.371,0.00,8.17,combat
906.62,2026-08-31 00:27:03,343.93,5.35,3755.74,27.7,the_tether_relay,20.20,clear,18.680,7.371,0.00,8.17,combat
907.12,2026-08-31 00:27:04,343.93,5.35,3755.74,27.7,the_tether_relay,20.22,clear,21.241,8.199,0.00,8.17,combat
907.62,2026-08-31 00:27:04,343.93,5.35,3755.74,27.7,the_tether_relay,20.24,clear,21.241,8.199,0.00,8.17,combat
908.12,2026-08-31 00:27:05,343.93,5.35,3755.74,27.7,the_tether_relay,20.26,clear,18.738,7.296,0.00,8.17,combat
908.62,2026-08-31 00:27:05,343.93,5.35,3755.74,27.7,the_tether_relay,20.28,clear,18.738,7.296,0.00,8.17,combat
909.12,2026-08-31 00:27:06,343.93,5.35,3755.74,27.7,the_tether_relay,20.30,clear,18.985,43.544,0.00,8.17,combat
909.62,2026-08-31 00:27:06,343.93,5.35,3755.74,27.7,the_tether_relay,20.32,clear,18.985,43.544,0.00,8.17,combat
910.12,2026-08-31 00:27:07,343.93,5.35,3755.74,27.7,the_tether_relay,20.34,clear,18.503,7.289,0.00,8.17,combat
910.62,2026-08-31 00:27:07,343.93,5.35,3755.74,27.7,the_tether_relay,20.36,clear,18.503,7.289,0.00,8.17,combat
911.12,2026-08-31 00:27:08,343.93,5.35,3755.74,27.7,the_tether_relay,20.38,clear,18.446,6.632,0.00,8.17,combat
911.62,2026-08-31 00:27:08,343.93,5.35,3755.74,27.7,the_tether_relay,20.40,clear,18.446,6.632,0.00,8.17,combat
912.12,2026-08-31 00:27:09,343.93,5.35,3755.74,27.7,the_tether_relay,20.42,clear,17.349,7.284,0.00,8.17,combat
912.62,2026-08-31 00:27:09,343.93,5.35,3755.74,27.7,the_tether_relay,20.44,clear,17.349,7.284,0.00,8.17,combat
913.12,2026-08-31 00:27:10,343.93,5.35,3755.74,27.7,the_tether_relay,20.46,clear,17.265,6.249,0.00,8.17,combat
913.62,2026-08-31 00:27:10,343.93,5.35,3755.74,27.7,the_tether_relay,20.48,clear,17.265,6.249,0.00,8.17,combat
914.13,2026-08-31 00:27:11,343.93,5.35,3755.74,27.7,the_tether_relay,20.50,clear,17.982,6.762,0.00,8.17,combat
914.63,2026-08-31 00:27:11,343.93,5.35,3755.74,27.7,the_tether_relay,20.52,clear,17.982,6.762,0.00,8.17,combat
915.13,2026-08-31 00:27:12,343.93,5.35,3755.74,27.7,the_tether_relay,20.54,clear,19.376,7.176,0.00,8.17,combat
915.63,2026-08-31 00:27:12,343.93,5.35,3755.74,27.7,the_tether_relay,20.56,clear,19.376,7.176,0.00,8.17,combat
916.13,2026-08-31 00:27:13,343.93,5.35,3755.74,27.7,the_tether_relay,20.58,clear,18.258,7.708,0.00,8.17,combat
916.63,2026-08-31 00:27:13,343.93,5.35,3755.74,27.7,the_tether_relay,20.60,clear,18.258,7.708,0.00,8.17,combat
917.13,2026-08-31 00:27:14,343.93,5.35,3755.74,27.7,the_tether_relay,20.62,clear,16.554,6.552,0.00,8.17,combat
917.63,2026-08-31 00:27:14,343.93,5.35,3755.74,27.7,the_tether_relay,20.64,clear,16.554,6.552,0.00,8.17,combat
918.13,2026-08-31 00:27:15,343.93,5.35,3755.74,27.7,the_tether_relay,20.66,clear,20.495,9.710,0.00,8.17,combat
918.63,2026-08-31 00:27:15,343.93,5.35,3755.74,27.7,the_tether_relay,20.68,clear,20.495,9.710,0.00,8.17,combat
919.13,2026-08-31 00:27:16,343.93,5.35,3755.74,27.7,the_tether_relay,20.70,clear,17.547,6.825,0.00,8.17,combat
919.63,2026-08-31 00:27:16,343.93,5.35,3755.74,27.7,the_tether_relay,20.72,clear,17.547,6.825,0.00,8.17,combat
920.13,2026-08-31 00:27:17,343.93,5.35,3755.74,27.7,the_tether_relay,20.74,clear,20.262,6.835,0.00,8.17,combat
920.63,2026-08-31 00:27:17,343.93,5.35,3755.74,27.7,the_tether_relay,20.76,clear,20.262,6.835,0.00,8.17,combat
921.13,2026-08-31 00:27:18,343.93,5.35,3755.74,27.7,the_tether_relay,20.78,clear,17.592,6.646,0.00,8.17,combat
921.63,2026-08-31 00:27:18,343.93,5.35,3755.74,27.7,the_tether_relay,20.80,clear,17.592,6.646,0.00,8.17,combat
922.13,2026-08-31 00:27:19,343.93,5.35,3755.74,27.7,the_tether_relay,20.82,clear,17.173,7.093,0.00,8.17,combat
922.63,2026-08-31 00:27:19,343.93,5.35,3755.74,27.7,the_tether_relay,20.84,clear,17.173,7.093,0.00,8.17,combat
923.13,2026-08-31 00:27:20,343.93,5.35,3755.74,27.7,the_tether_relay,20.86,clear,17.770,6.985,0.00,8.17,combat
923.63,2026-08-31 00:27:20,343.93,5.35,3755.74,27.7,the_tether_relay,20.88,clear,17.770,6.985,0.00,8.17,combat
924.13,2026-08-31 00:27:21,343.93,5.35,3755.74,27.7,the_tether_relay,20.90,clear,19.278,6.724,0.00,8.17,combat
924.63,2026-08-31 00:27:21,343.93,5.35,3755.74,27.7,the_tether_relay,20.92,clear,19.278,6.724,0.00,8.17,combat
925.13,2026-08-31 00:27:22,343.93,5.35,3755.74,27.7,the_tether_relay,20.94,clear,19.128,7.884,0.00,8.17,combat
925.63,2026-08-31 00:27:22,343.93,5.35,3755.74,27.7,the_tether_relay,20.96,clear,19.128,7.884,0.00,8.17,combat
926.13,2026-08-31 00:27:23,343.93,5.35,3755.74,27.7,the_tether_relay,20.98,clear,18.486,7.433,0.00,8.17,combat
926.63,2026-08-31 00:27:23,343.93,5.35,3755.74,27.7,the_tether_relay,21.00,clear,18.486,7.433,0.00,8.17,combat
927.13,2026-08-31 00:27:24,343.93,5.35,3755.74,27.7,the_tether_relay,21.02,clear,17.602,6.922,0.00,8.17,combat
927.65,2026-08-31 00:27:24,343.93,5.35,3755.74,27.7,the_tether_relay,21.04,clear,17.602,6.922,0.00,8.17,combat
928.15,2026-08-31 00:27:25,343.93,5.35,3755.74,27.7,the_tether_relay,21.06,clear,17.916,6.699,0.00,8.17,combat
928.65,2026-08-31 00:27:25,343.93,5.35,3755.74,27.7,the_tether_relay,21.08,clear,17.916,6.699,0.00,8.17,combat
929.15,2026-08-31 00:27:26,343.93,5.35,3755.74,27.7,the_tether_relay,21.10,clear,16.971,6.819,0.00,8.17,combat
929.65,2026-08-31 00:27:26,343.93,5.35,3755.74,27.7,the_tether_relay,21.12,clear,16.971,6.819,0.00,8.17,combat
930.15,2026-08-31 00:27:27,343.93,5.35,3755.74,27.7,the_tether_relay,21.14,clear,17.671,6.434,0.00,8.17,combat
930.67,2026-08-31 00:27:27,343.93,5.35,3755.74,27.7,the_tether_relay,21.17,clear,17.671,6.434,0.00,8.17,combat
931.17,2026-08-31 00:27:28,343.93,5.35,3755.74,27.7,the_tether_relay,21.19,clear,16.778,6.293,0.00,8.17,combat
931.67,2026-08-31 00:27:28,343.93,5.35,3755.74,27.7,the_tether_relay,21.21,clear,16.778,6.293,0.00,8.17,combat
932.17,2026-08-31 00:27:29,343.93,5.35,3755.74,27.7,the_tether_relay,21.23,clear,17.775,6.279,0.00,8.17,combat
932.67,2026-08-31 00:27:29,343.93,5.35,3755.74,27.7,the_tether_relay,21.25,clear,17.775,6.279,0.00,8.17,combat
933.17,2026-08-31 00:27:30,343.93,5.35,3755.74,27.7,the_tether_relay,21.27,clear,17.290,6.917,0.00,8.17,combat
933.67,2026-08-31 00:27:30,343.93,5.35,3755.74,27.7,the_tether_relay,21.29,clear,17.290,6.917,0.00,8.17,combat
934.17,2026-08-31 00:27:31,343.93,5.35,3755.74,27.7,the_tether_relay,21.31,clear,19.512,6.599,0.00,8.17,combat
934.67,2026-08-31 00:27:31,343.93,5.35,3755.74,27.7,the_tether_relay,21.33,clear,19.512,6.599,0.00,8.17,combat
935.17,2026-08-31 00:27:32,343.93,5.35,3755.74,27.7,the_tether_relay,21.35,clear,20.131,7.387,0.00,8.17,combat
935.67,2026-08-31 00:27:32,343.93,5.35,3755.74,27.7,the_tether_relay,21.37,clear,20.131,7.387,0.00,8.17,combat
936.17,2026-08-31 00:27:33,343.93,5.35,3755.74,27.7,the_tether_relay,21.39,clear,18.515,6.737,0.00,8.17,combat
936.68,2026-08-31 00:27:33,343.93,5.35,3755.74,27.7,the_tether_relay,21.41,clear,18.515,6.737,0.00,8.17,combat
937.18,2026-08-31 00:27:34,343.93,5.35,3755.74,27.7,the_tether_relay,21.43,clear,18.435,6.667,0.00,8.17,combat
937.68,2026-08-31 00:27:34,343.93,5.35,3755.74,27.7,the_tether_relay,21.45,clear,18.435,6.667,0.00,8.17,combat
938.18,2026-08-31 00:27:35,343.93,5.35,3755.74,27.7,the_tether_relay,21.47,clear,18.329,6.738,0.00,8.17,combat
938.68,2026-08-31 00:27:35,343.93,5.35,3755.74,27.7,the_tether_relay,21.49,clear,18.329,6.738,0.00,8.17,combat
939.18,2026-08-31 00:27:36,343.93,5.35,3755.74,27.7,the_tether_relay,21.51,clear,18.554,6.428,0.00,8.17,combat
939.68,2026-08-31 00:27:36,343.93,5.35,3755.74,27.7,the_tether_relay,21.53,clear,18.554,6.428,0.00,8.17,combat
940.18,2026-08-31 00:27:37,343.93,5.35,3755.74,27.7,the_tether_relay,21.55,clear,17.361,6.578,0.00,8.17,combat
940.68,2026-08-31 00:27:37,343.93,5.35,3755.74,27.7,the_tether_relay,21.57,clear,17.361,6.578,0.00,8.17,combat
941.18,2026-08-31 00:27:38,343.93,5.35,3755.74,27.7,the_tether_relay,21.59,clear,17.476,6.412,0.00,8.17,combat
941.68,2026-08-31 00:27:38,343.93,5.35,3755.74,27.7,the_tether_relay,21.61,clear,17.476,6.412,0.00,8.17,combat
942.18,2026-08-31 00:27:39,343.93,5.35,3755.74,27.7,the_tether_relay,21.63,clear,17.487,6.824,0.00,8.17,combat
942.68,2026-08-31 00:27:39,343.93,5.35,3755.74,27.7,the_tether_relay,21.65,clear,17.487,6.824,0.00,8.17,combat
943.18,2026-08-31 00:27:40,343.93,5.35,3755.74,27.7,the_tether_relay,21.67,clear,18.871,7.105,0.00,8.17,combat
943.68,2026-08-31 00:27:40,343.93,5.35,3755.74,27.7,the_tether_relay,21.69,clear,18.871,7.105,0.00,8.17,combat
944.18,2026-08-31 00:27:41,343.93,5.35,3755.74,27.7,the_tether_relay,21.71,clear,19.371,6.469,0.00,8.17,combat
944.68,2026-08-31 00:27:41,343.93,5.35,3755.74,27.7,the_tether_relay,21.73,clear,19.371,6.469,0.00,8.17,combat
945.18,2026-08-31 00:27:42,343.93,5.35,3755.74,27.7,the_tether_relay,21.75,clear,19.022,6.744,0.00,8.17,combat
945.68,2026-08-31 00:27:42,343.93,5.35,3755.74,27.7,the_tether_relay,21.77,clear,19.022,6.744,0.00,8.17,combat
946.18,2026-08-31 00:27:43,343.93,5.35,3755.74,27.7,the_tether_relay,21.79,clear,18.640,6.823,0.00,8.17,combat
946.68,2026-08-31 00:27:43,343.93,5.35,3755.74,27.7,the_tether_relay,21.81,clear,18.640,6.823,0.00,8.17,combat
947.18,2026-08-31 00:27:44,343.93,5.35,3755.74,27.7,the_tether_relay,21.83,clear,17.644,6.382,0.00,8.17,combat
947.68,2026-08-31 00:27:44,343.93,5.35,3755.74,27.7,the_tether_relay,21.85,clear,17.644,6.382,0.00,8.17,combat
948.18,2026-08-31 00:27:45,343.93,5.35,3755.74,27.7,the_tether_relay,21.87,clear,19.107,7.616,0.00,8.17,combat
948.70,2026-08-31 00:27:45,343.93,5.35,3755.74,27.7,the_tether_relay,21.89,clear,19.107,7.616,0.00,8.17,combat
949.20,2026-08-31 00:27:46,343.93,5.35,3755.74,27.7,the_tether_relay,21.91,clear,20.255,6.560,0.00,8.17,combat
949.70,2026-08-31 00:27:46,343.93,5.35,3755.74,27.7,the_tether_relay,21.93,clear,20.255,6.560,0.00,8.17,combat
950.20,2026-08-31 00:27:47,343.93,5.35,3755.74,27.7,the_tether_relay,21.95,clear,18.752,7.046,0.00,8.17,combat
950.70,2026-08-31 00:27:47,343.93,5.35,3755.74,27.7,the_tether_relay,21.97,clear,18.752,7.046,0.00,8.17,combat
951.20,2026-08-31 00:27:48,343.93,5.35,3755.74,27.7,the_tether_relay,21.99,clear,19.517,8.903,0.00,8.17,combat
951.70,2026-08-31 00:27:48,343.93,5.35,3755.74,27.7,the_tether_relay,22.01,clear,19.517,8.903,0.00,8.17,combat
952.20,2026-08-31 00:27:49,343.93,5.35,3755.74,27.7,the_tether_relay,22.03,clear,22.194,6.736,0.00,8.17,combat
952.70,2026-08-31 00:27:49,343.93,5.35,3755.74,27.7,the_tether_relay,22.05,clear,22.194,6.736,0.00,8.17,combat
953.20,2026-08-31 00:27:50,343.93,5.35,3755.74,27.7,the_tether_relay,22.07,clear,18.268,6.564,0.00,8.17,combat
953.70,2026-08-31 00:27:50,343.93,5.35,3755.74,27.7,the_tether_relay,22.09,clear,18.268,6.564,0.00,8.17,combat
954.20,2026-08-31 00:27:51,343.93,5.35,3755.74,27.7,the_tether_relay,22.11,clear,18.060,7.913,0.00,8.17,combat
954.70,2026-08-31 00:27:51,343.93,5.35,3755.74,27.7,the_tether_relay,22.13,clear,18.060,7.913,0.00,8.17,combat
955.20,2026-08-31 00:27:52,343.93,5.35,3755.74,27.7,the_tether_relay,22.15,clear,18.142,6.708,0.00,8.17,combat
955.70,2026-08-31 00:27:52,343.93,5.35,3755.74,27.7,the_tether_relay,22.17,clear,18.142,6.708,0.00,8.17,combat
956.20,2026-08-31 00:27:53,343.93,5.35,3755.74,27.7,the_tether_relay,22.19,clear,21.901,8.498,0.00,8.17,combat
956.70,2026-08-31 00:27:53,343.93,5.35,3755.74,27.7,the_tether_relay,22.21,clear,21.901,8.498,0.00,8.17,combat
957.20,2026-08-31 00:27:54,343.93,5.35,3755.74,27.7,the_tether_relay,22.23,clear,19.633,7.834,0.00,8.17,combat
957.70,2026-08-31 00:27:54,343.93,5.35,3755.74,27.7,the_tether_relay,22.25,clear,19.633,7.834,0.00,8.17,combat
958.20,2026-08-31 00:27:55,343.93,5.35,3755.74,27.7,the_tether_relay,22.27,clear,18.703,23.364,0.00,8.17,combat
958.70,2026-08-31 00:27:55,343.93,5.35,3755.74,27.7,the_tether_relay,22.29,clear,18.703,23.364,0.00,8.17,combat
959.20,2026-08-31 00:27:56,343.93,5.35,3755.74,27.7,the_tether_relay,22.31,clear,17.710,7.324,0.00,8.17,combat
959.70,2026-08-31 00:27:56,343.93,5.35,3755.74,27.7,the_tether_relay,22.33,clear,17.710,7.324,0.00,8.17,combat
960.20,2026-08-31 00:27:57,343.93,5.35,3755.74,27.7,the_tether_relay,22.35,clear,18.020,7.212,0.00,8.17,combat
960.70,2026-08-31 00:27:57,343.93,5.35,3755.74,27.7,the_tether_relay,22.37,clear,18.020,7.212,0.00,8.17,combat
961.20,2026-08-31 00:27:58,343.93,5.35,3755.74,27.7,the_tether_relay,22.39,clear,18.855,6.706,0.00,8.17,combat
961.70,2026-08-31 00:27:58,343.93,5.35,3755.74,27.7,the_tether_relay,22.41,clear,18.855,6.706,0.00,8.17,combat
962.20,2026-08-31 00:27:59,343.93,5.35,3755.74,27.7,the_tether_relay,22.43,clear,17.462,6.395,0.00,8.17,combat
962.70,2026-08-31 00:27:59,343.93,5.35,3755.74,27.7,the_tether_relay,22.45,clear,17.462,6.395,0.00,8.17,combat
963.20,2026-08-31 00:28:00,343.93,5.35,3755.74,27.7,the_tether_relay,22.47,clear,17.953,7.196,0.00,8.17,combat
963.70,2026-08-31 00:28:00,343.93,5.35,3755.74,27.7,the_tether_relay,22.49,clear,17.953,7.196,0.00,8.17,combat
964.20,2026-08-31 00:28:01,343.93,5.35,3755.74,27.7,the_tether_relay,22.51,clear,19.126,7.063,0.00,8.17,combat
964.70,2026-08-31 00:28:01,343.93,5.35,3755.74,27.7,the_tether_relay,22.53,clear,19.126,7.063,0.00,8.17,combat
965.20,2026-08-31 00:28:02,343.93,5.35,3755.74,27.7,the_tether_relay,22.55,clear,18.736,7.537,0.00,8.17,combat
965.70,2026-08-31 00:28:02,343.93,5.35,3755.74,27.7,the_tether_relay,22.57,clear,18.736,7.537,0.00,8.17,combat
966.20,2026-08-31 00:28:03,343.93,5.35,3755.74,27.7,the_tether_relay,22.59,clear,18.527,6.684,0.00,8.17,combat
966.70,2026-08-31 00:28:03,343.93,5.35,3755.74,27.7,the_tether_relay,22.61,clear,18.527,6.684,0.00,8.17,combat
967.20,2026-08-31 00:28:04,343.93,5.35,3755.74,27.7,the_tether_relay,22.63,clear,22.752,8.349,0.00,8.17,combat
967.70,2026-08-31 00:28:04,343.93,5.35,3755.74,27.7,the_tether_relay,22.65,clear,22.752,8.349,0.00,8.17,combat
968.20,2026-08-31 00:28:05,343.93,5.35,3755.74,27.7,the_tether_relay,22.67,clear,17.508,6.645,0.00,8.17,combat
968.70,2026-08-31 00:28:05,343.93,5.35,3755.74,27.7,the_tether_relay,22.69,clear,17.508,6.645,0.00,8.17,combat
969.20,2026-08-31 00:28:06,343.93,5.35,3755.74,27.7,the_tether_relay,22.71,clear,19.405,7.003,0.00,8.17,combat
969.70,2026-08-31 00:28:06,343.93,5.35,3755.74,27.7,the_tether_relay,22.73,clear,19.405,7.003,0.00,8.17,combat
970.20,2026-08-31 00:28:07,343.93,5.35,3755.74,27.7,the_tether_relay,22.75,clear,18.811,6.272,0.00,8.17,combat
970.70,2026-08-31 00:28:07,343.93,5.35,3755.74,27.7,the_tether_relay,22.77,clear,18.811,6.272,0.00,8.17,combat
971.20,2026-08-31 00:28:08,343.93,5.35,3755.74,27.7,the_tether_relay,22.79,clear,17.656,6.846,0.00,8.17,combat
971.70,2026-08-31 00:28:08,343.93,5.35,3755.74,27.7,the_tether_relay,22.81,clear,17.656,6.846,0.00,8.17,combat
972.20,2026-08-31 00:28:09,343.93,5.35,3755.74,27.7,the_tether_relay,22.83,clear,17.959,6.769,0.00,8.17,combat
972.70,2026-08-31 00:28:09,343.93,5.35,3755.74,27.7,the_tether_relay,22.85,clear,17.959,6.769,0.00,8.17,combat
973.20,2026-08-31 00:28:10,343.93,5.35,3755.74,27.7,the_tether_relay,22.87,clear,18.916,9.954,0.00,8.17,combat
973.70,2026-08-31 00:28:10,343.93,5.35,3755.74,27.7,the_tether_relay,22.89,clear,18.916,9.954,0.00,8.17,combat
974.20,2026-08-31 00:28:11,343.93,5.35,3755.74,27.7,the_tether_relay,22.91,clear,18.852,6.530,0.00,8.17,combat
974.70,2026-08-31 00:28:11,343.93,5.35,3755.74,27.7,the_tether_relay,22.93,clear,18.852,6.530,0.00,8.17,combat
975.20,2026-08-31 00:28:12,343.93,5.35,3755.74,27.7,the_tether_relay,22.95,clear,17.681,7.757,0.00,8.17,combat
975.70,2026-08-31 00:28:12,343.93,5.35,3755.74,27.7,the_tether_relay,22.97,clear,17.681,7.757,0.00,8.17,combat
976.20,2026-08-31 00:28:13,343.93,5.35,3755.74,27.7,the_tether_relay,22.99,clear,18.646,7.598,0.00,8.17,combat
976.70,2026-08-31 00:28:13,343.93,5.35,3755.74,27.7,the_tether_relay,23.01,clear,18.646,7.598,0.00,8.17,combat
977.20,2026-08-31 00:28:14,343.93,5.35,3755.74,27.7,the_tether_relay,23.03,clear,17.881,6.562,0.00,8.17,combat
977.70,2026-08-31 00:28:14,343.93,5.35,3755.74,27.7,the_tether_relay,23.05,clear,17.881,6.562,0.00,8.17,combat
978.20,2026-08-31 00:28:15,343.93,5.35,3755.74,27.7,the_tether_relay,23.07,clear,18.308,6.455,0.00,8.17,combat
978.70,2026-08-31 00:28:15,343.93,5.35,3755.74,27.7,the_tether_relay,23.09,clear,18.308,6.455,0.00,8.17,combat
979.20,2026-08-31 00:28:16,343.93,5.35,3755.74,27.7,the_tether_relay,23.11,clear,17.691,6.360,0.00,8.17,combat
979.70,2026-08-31 00:28:16,343.93,5.35,3755.74,27.7,the_tether_relay,23.13,clear,17.691,6.360,0.00,8.17,combat
980.20,2026-08-31 00:28:17,343.93,5.35,3755.74,27.7,the_tether_relay,23.15,clear,17.752,6.113,0.00,8.17,combat
980.70,2026-08-31 00:28:17,343.93,5.35,3755.74,27.7,the_tether_relay,23.17,clear,17.752,6.113,0.00,8.17,combat
981.20,2026-08-31 00:28:18,343.93,5.35,3755.74,27.7,the_tether_relay,23.19,clear,20.515,6.693,0.00,8.17,combat
981.70,2026-08-31 00:28:18,343.93,5.35,3755.74,27.7,the_tether_relay,23.21,clear,20.515,6.693,0.00,8.17,combat
982.20,2026-08-31 00:28:19,343.93,5.35,3755.74,27.7,the_tether_relay,23.23,clear,18.757,6.793,0.00,8.17,combat
982.70,2026-08-31 00:28:19,343.93,5.35,3755.74,27.7,the_tether_relay,23.25,clear,18.757,6.793,0.00,8.17,combat
983.20,2026-08-31 00:28:20,343.93,5.35,3755.74,27.7,the_tether_relay,23.27,clear,18.665,6.755,0.00,8.17,combat
983.70,2026-08-31 00:28:20,343.93,5.35,3755.74,27.7,the_tether_relay,23.29,clear,18.665,6.755,0.00,8.17,combat
984.20,2026-08-31 00:28:21,343.93,5.35,3755.74,27.7,the_tether_relay,23.31,clear,17.975,6.348,0.00,8.17,combat
984.70,2026-08-31 00:28:21,343.93,5.35,3755.74,27.7,the_tether_relay,23.33,clear,17.975,6.348,0.00,8.17,combat
985.20,2026-08-31 00:28:22,343.93,5.35,3755.74,27.7,the_tether_relay,23.35,clear,18.321,7.291,0.00,8.17,combat
985.70,2026-08-31 00:28:22,343.93,5.35,3755.74,27.7,the_tether_relay,23.37,clear,18.321,7.291,0.00,8.17,combat
986.20,2026-08-31 00:28:23,343.93,5.35,3755.74,27.7,the_tether_relay,23.39,clear,17.769,6.977,0.00,8.17,combat
986.70,2026-08-31 00:28:23,343.93,5.35,3755.74,27.7,the_tether_relay,23.41,clear,17.769,6.977,0.00,8.17,combat
987.20,2026-08-31 00:28:24,343.93,5.35,3755.74,27.7,the_tether_relay,23.43,clear,18.782,6.533,0.00,8.17,combat
987.70,2026-08-31 00:28:24,343.93,5.35,3755.74,27.7,the_tether_relay,23.45,clear,18.782,6.533,0.00,8.17,combat
988.20,2026-08-31 00:28:25,343.93,5.35,3755.74,27.7,the_tether_relay,23.47,clear,19.870,6.477,0.00,8.17,combat
988.70,2026-08-31 00:28:25,343.93,5.35,3755.74,27.7,the_tether_relay,23.49,clear,19.870,6.477,0.00,8.17,combat
989.20,2026-08-31 00:28:26,343.93,5.35,3755.74,27.7,the_tether_relay,23.51,clear,16.838,6.462,0.00,8.17,combat
989.70,2026-08-31 00:28:26,343.93,5.35,3755.74,27.7,the_tether_relay,23.53,clear,16.838,6.462,0.00,8.17,combat
990.20,2026-08-31 00:28:27,343.93,5.35,3755.74,27.7,the_tether_relay,23.55,clear,17.122,6.222,0.00,8.17,combat
990.70,2026-08-31 00:28:27,343.93,5.35,3755.74,27.7,the_tether_relay,23.57,clear,17.122,6.222,0.00,8.17,combat
991.27,2026-08-31 00:28:28,343.93,5.35,3755.74,27.7,the_tether_relay,23.59,clear,64.661,398.171,0.00,7.80,combat
992.15,2026-08-31 00:28:29,343.93,5.35,3755.74,27.7,the_tether_relay,23.62,clear,20.684,15.308,0.00,7.80,combat
993.02,2026-08-31 00:28:30,343.93,5.35,3755.74,27.7,the_tether_relay,23.66,clear,17.903,8.619,0.00,7.80,combat
993.88,2026-08-31 00:28:31,343.93,5.35,3755.74,27.7,the_tether_relay,23.69,clear,17.627,7.839,0.00,7.80,combat
994.77,2026-08-31 00:28:32,343.93,5.35,3755.74,27.7,the_tether_relay,23.73,clear,17.908,7.580,0.00,7.80,combat
995.58,2026-08-31 00:28:32,343.93,5.35,3755.74,27.7,the_tether_relay,23.76,clear,19.041,7.680,0.00,7.80,combat
996.42,2026-08-31 00:28:33,343.93,5.35,3755.74,27.7,the_tether_relay,23.80,clear,19.041,7.680,0.00,7.80,combat
997.02,2026-08-31 00:28:34,343.93,5.35,3755.74,27.7,the_tether_relay,23.82,clear,18.056,7.944,0.00,7.80,world
997.53,2026-08-31 00:28:35,343.93,5.35,3755.74,27.7,the_tether_relay,23.84,clear,18.356,358.109,0.00,7.80,world
998.03,2026-08-31 00:28:35,343.93,6.69,3755.74,27.7,the_tether_relay,23.86,clear,18.356,358.109,0.00,7.80,world
998.53,2026-08-31 00:28:36,343.93,5.35,3755.74,27.7,the_tether_relay,23.88,clear,17.774,6.330,0.00,7.80,world
999.03,2026-08-31 00:28:36,343.93,5.35,3755.74,27.7,the_tether_relay,23.90,clear,17.774,6.330,0.00,7.80,world
999.53,2026-08-31 00:28:37,343.93,5.35,3755.74,27.7,the_tether_relay,23.92,clear,18.878,6.375,0.00,8.17,world
