t,wall,x,y,z,heading,region,clock_hour,weather,frame_ms,physics_ms,dead_travel_m,nearest_poi_dist_m,input_context
0.73,2026-08-31 07:08:21,0.00,0.00,0.00,0.0,grandpas_village,0.00,,0.253,3.130,0.00,,title
0.88,2026-08-31 07:08:21,0.00,0.00,0.00,0.0,grandpas_village,0.00,,0.253,3.130,0.00,,title
1.60,2026-08-31 07:14:23,1.17,-2.88,1337.71,-171.4,corridor,8.02,clear,353139.610,4050.129,0.00,26.96,world
2.10,2026-08-31 07:14:23,1.17,-2.88,1337.71,-171.4,corridor,8.04,clear,19.630,418.082,0.00,26.96,world
2.60,2026-08-31 07:14:24,1.17,-2.88,1337.71,-171.4,corridor,8.06,clear,19.630,418.082,0.00,26.96,world
3.10,2026-08-31 07:14:24,1.17,-2.88,1337.71,-171.4,corridor,8.08,clear,16.737,5.021,0.00,26.96,world
3.60,2026-08-31 07:14:25,1.17,-2.88,1337.71,-171.4,corridor,8.10,clear,16.737,5.021,0.00,26.96,world
4.10,2026-08-31 07:14:25,1.17,-2.88,1337.71,-171.4,corridor,8.12,clear,19.117,4.650,0.00,26.96,world
4.60,2026-08-31 07:14:26,1.17,-2.88,1337.71,-171.4,corridor,8.14,clear,19.117,4.650,0.00,26.96,world
5.10,2026-08-31 07:14:26,1.17,-2.88,1337.71,-171.4,corridor,8.16,clear,19.583,5.572,0.00,26.96,world
5.60,2026-08-31 07:14:27,1.17,-2.88,1337.71,-171.4,corridor,8.18,clear,19.583,5.572,0.00,26.96,world
6.10,2026-08-31 07:14:27,1.17,-2.88,1337.71,-171.4,corridor,8.20,clear,18.332,25.381,0.00,26.96,world
6.60,2026-08-31 07:14:28,1.17,-2.88,1337.71,-171.4,corridor,8.22,clear,18.332,25.381,0.00,26.96,world
7.10,2026-08-31 07:14:28,1.17,-2.88,1337.71,-171.4,corridor,8.24,clear,19.831,5.487,0.00,26.96,world
7.60,2026-08-31 07:14:29,1.17,-2.88,1337.71,-171.4,corridor,8.26,clear,19.831,5.487,0.00,26.96,world
8.10,2026-08-31 07:14:29,1.17,-2.88,1337.71,-171.4,corridor,8.28,clear,17.257,4.900,0.00,26.96,world
8.60,2026-08-31 07:14:30,1.17,-2.88,1337.71,-171.4,corridor,8.30,clear,17.257,4.900,0.00,26.96,world
9.10,2026-08-31 07:14:30,1.17,-2.88,1337.71,-171.4,corridor,8.32,clear,17.780,5.323,0.00,26.96,world
9.60,2026-08-31 07:14:31,1.17,-2.88,1337.71,-171.4,corridor,8.34,clear,17.780,5.323,0.00,26.96,world
10.10,2026-08-31 07:14:31,1.17,-2.88,1337.71,-171.4,corridor,8.36,clear,17.942,4.947,0.00,26.96,world
10.60,2026-08-31 07:14:32,1.17,-2.88,1337.71,-171.4,corridor,8.38,clear,17.942,4.947,0.00,26.96,world
11.10,2026-08-31 07:14:32,1.17,-2.88,1337.71,-171.4,corridor,8.40,clear,18.710,5.473,0.00,26.96,world
11.60,2026-08-31 07:14:33,1.17,-2.88,1337.71,-171.4,corridor,8.42,clear,18.710,5.473,0.00,26.96,world
12.10,2026-08-31 07:14:33,1.17,-2.88,1337.71,-171.4,corridor,8.44,clear,20.289,5.487,0.00,26.96,world
12.60,2026-08-31 07:14:34,1.17,-2.88,1337.71,-171.4,corridor,8.46,clear,20.289,5.487,0.00,26.96,world
13.10,2026-08-31 07:14:34,1.17,-2.88,1337.71,-171.4,corridor,8.48,clear,18.811,15.698,0.00,26.96,world
13.60,2026-08-31 07:14:35,1.17,-2.88,1337.71,-171.4,corridor,8.50,clear,18.811,15.698,0.00,26.96,world
14.10,2026-08-31 07:14:35,1.17,-2.88,1337.71,-171.4,corridor,8.52,clear,16.990,5.122,0.00,26.96,world
14.60,2026-08-31 07:14:36,1.17,-2.88,1337.71,-171.4,corridor,8.54,clear,16.990,5.122,0.00,26.96,world
15.10,2026-08-31 07:14:36,1.17,-2.88,1337.71,-171.4,corridor,8.56,clear,18.202,5.704,0.00,26.96,world
15.60,2026-08-31 07:14:37,1.17,-2.88,1337.71,-171.4,corridor,8.58,clear,18.202,5.704,0.00,26.96,world
16.10,2026-08-31 07:14:37,1.17,-2.88,1337.71,-171.4,corridor,8.60,clear,18.747,5.568,0.00,26.96,world
16.60,2026-08-31 07:14:38,1.17,-2.88,1337.71,-171.4,corridor,8.62,clear,18.747,5.568,0.00,26.96,world
17.10,2026-08-31 07:14:38,1.17,-2.88,1337.71,-171.4,corridor,8.64,clear,23.029,6.750,0.00,26.96,world
17.60,2026-08-31 07:14:39,1.17,-2.88,1337.71,-171.4,corridor,8.66,clear,23.029,6.750,0.00,26.96,world
18.10,2026-08-31 07:14:39,1.17,-2.88,1337.71,-171.4,corridor,8.68,clear,16.630,5.015,0.00,26.96,world
18.60,2026-08-31 07:14:40,1.17,-2.88,1337.71,-171.4,corridor,8.70,clear,16.630,5.015,0.00,26.96,world
19.10,2026-08-31 07:14:40,1.17,-2.88,1337.71,-171.4,corridor,8.72,clear,18.355,5.547,0.00,26.96,world
19.60,2026-08-31 07:14:41,1.17,-2.88,1337.71,-171.4,corridor,8.74,clear,18.355,5.547,0.00,26.96,world
20.10,2026-08-31 07:14:41,1.17,-2.88,1337.71,-171.4,corridor,8.76,clear,17.526,5.407,0.00,26.96,world
20.60,2026-08-31 07:14:42,1.17,-2.88,1337.71,-171.4,corridor,8.78,clear,17.526,5.407,0.00,26.96,world
21.10,2026-08-31 07:14:42,1.17,-2.88,1337.71,-171.4,corridor,8.80,clear,18.119,5.191,0.00,26.96,world
21.60,2026-08-31 07:14:43,1.17,-2.88,1337.71,-171.4,corridor,8.82,clear,18.119,5.191,0.00,26.96,world
22.10,2026-08-31 07:14:43,1.17,-2.88,1337.71,-171.4,corridor,8.84,clear,18.210,5.286,0.00,26.96,world
22.60,2026-08-31 07:14:44,1.17,-2.88,1337.71,-171.4,corridor,8.86,clear,18.210,5.286,0.00,26.96,world
23.10,2026-08-31 07:14:44,1.17,-2.88,1337.71,-171.4,corridor,8.88,clear,18.530,5.007,0.00,26.96,world
23.60,2026-08-31 07:14:45,1.17,-2.88,1337.71,-171.4,corridor,8.90,clear,18.530,5.007,0.00,26.96,world
24.10,2026-08-31 07:14:45,1.17,-2.88,1337.71,-171.4,corridor,8.92,clear,18.880,6.009,0.00,26.96,world
24.60,2026-08-31 07:14:46,1.17,-2.88,1337.71,-171.4,corridor,8.94,clear,18.880,6.009,0.00,26.96,world
25.10,2026-08-31 07:14:46,1.17,-2.88,1337.71,-171.4,corridor,8.96,clear,18.480,6.376,0.00,26.96,world
25.60,2026-08-31 07:14:47,1.17,-2.88,1337.71,-171.4,corridor,8.98,clear,18.480,6.376,0.00,26.96,world
26.10,2026-08-31 07:14:47,1.17,-2.88,1337.71,-171.4,corridor,9.00,clear,20.658,5.429,0.00,26.96,world
26.60,2026-08-31 07:14:48,1.17,-2.88,1337.71,-171.4,corridor,9.02,clear,20.658,5.429,0.00,26.96,world
27.10,2026-08-31 07:14:48,1.17,-2.88,1337.71,-171.4,corridor,9.04,clear,18.901,6.019,0.00,26.96,world
27.60,2026-08-31 07:14:49,1.17,-2.88,1337.71,-171.4,corridor,9.06,clear,18.901,6.019,0.00,26.96,world
28.10,2026-08-31 07:14:49,1.17,-2.88,1337.71,-171.4,corridor,9.08,clear,19.087,5.731,0.00,26.96,world
28.60,2026-08-31 07:14:50,1.17,-2.88,1337.71,-171.4,corridor,9.10,clear,19.087,5.731,0.00,26.96,world
29.10,2026-08-31 07:14:50,1.17,-2.88,1337.71,-171.4,corridor,9.12,clear,18.995,5.808,0.00,26.96,world
29.60,2026-08-31 07:14:51,1.17,-2.88,1337.71,-171.4,corridor,9.14,clear,18.995,5.808,0.00,26.96,world
30.10,2026-08-31 07:14:51,1.17,-2.88,1337.71,-171.4,corridor,9.16,clear,18.926,5.697,0.00,26.96,world
30.60,2026-08-31 07:14:52,1.17,-2.88,1337.71,-171.4,corridor,9.18,clear,18.926,5.697,0.00,26.96,world
31.10,2026-08-31 07:14:52,1.17,-2.88,1337.71,-171.4,corridor,9.20,clear,23.238,7.424,0.00,26.96,world
31.60,2026-08-31 07:14:53,1.17,-2.88,1337.71,-171.4,corridor,9.22,clear,23.238,7.424,0.00,26.96,world
32.10,2026-08-31 07:14:53,1.17,-2.88,1337.71,-171.4,corridor,9.24,clear,21.059,5.939,0.00,26.96,world
32.60,2026-08-31 07:14:54,1.17,-2.88,1337.71,-171.4,corridor,9.26,clear,21.059,5.939,0.00,26.96,world
33.10,2026-08-31 07:14:54,1.17,-2.88,1337.71,-171.4,corridor,9.28,clear,18.572,5.872,0.00,26.96,world
33.60,2026-08-31 07:14:55,1.17,-2.88,1337.71,-171.4,corridor,9.30,clear,18.572,5.872,0.00,26.96,world
34.10,2026-08-31 07:14:55,1.17,-2.88,1337.71,-171.4,corridor,9.32,clear,19.351,40.235,0.00,26.96,world
34.60,2026-08-31 07:14:56,1.17,-2.88,1337.71,-171.4,corridor,9.34,clear,19.351,40.235,0.00,26.96,world
35.10,2026-08-31 07:14:56,1.17,-2.88,1337.71,-171.4,corridor,9.36,clear,18.621,5.187,0.00,26.96,world
35.60,2026-08-31 07:14:57,1.17,-2.88,1337.71,-171.4,corridor,9.38,clear,18.621,5.187,0.00,26.96,world
36.10,2026-08-31 07:14:57,1.17,-2.88,1337.71,-171.4,corridor,9.40,clear,24.193,7.253,0.00,26.96,world
36.60,2026-08-31 07:14:58,1.17,-2.88,1337.71,-171.4,corridor,9.42,clear,24.193,7.253,0.00,26.96,world
37.10,2026-08-31 07:14:58,1.17,-2.88,1337.71,-171.4,corridor,9.44,clear,20.289,5.820,0.00,26.96,world
37.60,2026-08-31 07:14:59,1.17,-2.88,1337.71,-171.4,corridor,9.46,clear,20.289,5.820,0.00,26.96,world
38.10,2026-08-31 07:14:59,1.17,-2.88,1337.71,-171.4,corridor,9.48,clear,25.518,6.001,0.00,26.96,world
38.60,2026-08-31 07:15:00,1.17,-2.88,1337.71,-171.4,corridor,9.50,clear,25.518,6.001,0.00,26.96,world
39.10,2026-08-31 07:15:00,1.17,-2.88,1337.71,-171.4,corridor,9.52,clear,19.206,6.043,0.00,26.96,world
39.60,2026-08-31 07:15:01,1.17,-2.88,1337.71,-171.4,corridor,9.54,clear,19.206,6.043,0.00,26.96,world
40.10,2026-08-31 07:15:01,1.17,-2.88,1337.71,-171.4,corridor,9.56,clear,19.810,6.611,0.00,26.96,world
40.60,2026-08-31 07:15:02,1.17,-2.88,1337.71,-171.4,corridor,9.58,clear,19.810,6.611,0.00,26.96,world
41.10,2026-08-31 07:15:02,1.17,-2.88,1337.71,-171.4,corridor,9.60,clear,19.707,6.770,0.00,26.96,world
41.60,2026-08-31 07:15:03,1.17,-2.88,1337.71,-171.4,corridor,9.62,clear,19.707,6.770,0.00,26.96,world
42.10,2026-08-31 07:15:03,1.17,-2.88,1337.71,-171.4,corridor,9.64,clear,20.322,6.380,0.00,26.96,world
42.60,2026-08-31 07:15:04,1.17,-2.88,1337.71,-171.4,corridor,9.66,clear,20.322,6.380,0.00,26.96,world
43.10,2026-08-31 07:15:04,1.17,-2.88,1337.71,-171.4,corridor,9.68,clear,17.445,5.014,0.00,26.96,world
43.60,2026-08-31 07:15:05,1.17,-2.88,1337.71,-171.4,corridor,9.70,clear,17.445,5.014,0.00,26.96,world
44.10,2026-08-31 07:15:05,1.17,-2.88,1337.71,-171.4,corridor,9.72,clear,17.996,5.654,0.00,26.96,world
44.60,2026-08-31 07:15:06,1.17,-2.88,1337.71,-171.4,corridor,9.74,clear,17.996,5.654,0.00,26.96,world
45.10,2026-08-31 07:15:06,1.17,-2.88,1337.71,-171.4,corridor,9.76,clear,18.942,7.421,0.00,26.96,world
45.60,2026-08-31 07:15:07,1.17,-2.88,1337.71,-171.4,corridor,9.78,clear,18.942,7.421,0.00,26.96,world
46.10,2026-08-31 07:15:07,1.17,-2.88,1337.71,-171.4,corridor,9.80,clear,22.964,21.862,0.00,26.96,world
46.60,2026-08-31 07:15:08,1.17,-2.88,1337.71,-171.4,corridor,9.82,clear,22.964,21.862,0.00,26.96,world
47.10,2026-08-31 07:15:08,1.17,-2.88,1337.71,-171.4,corridor,9.84,clear,18.991,5.733,0.00,26.96,world
47.60,2026-08-31 07:15:09,1.17,-2.88,1337.71,-171.4,corridor,9.86,clear,18.991,5.733,0.00,26.96,world
48.10,2026-08-31 07:15:09,1.17,-2.88,1337.71,-171.4,corridor,9.88,clear,20.108,6.341,0.00,26.96,world
48.60,2026-08-31 07:15:10,1.17,-2.88,1337.71,-171.4,corridor,9.90,clear,20.108,6.341,0.00,26.96,world
49.10,2026-08-31 07:15:10,1.17,-2.88,1337.71,-171.4,corridor,9.92,clear,25.688,10.639,0.00,26.96,world
49.60,2026-08-31 07:15:11,1.17,-2.88,1337.71,-171.4,corridor,9.94,clear,25.688,10.639,0.00,26.96,world
50.10,2026-08-31 07:15:11,1.17,-2.88,1337.71,-171.4,corridor,9.96,clear,18.536,5.601,0.00,26.96,world
50.60,2026-08-31 07:15:12,1.17,-2.88,1337.71,-171.4,corridor,9.98,clear,18.536,5.601,0.00,26.96,world
51.10,2026-08-31 07:15:12,1.17,-2.88,1337.71,-171.4,corridor,10.00,clear,19.510,5.369,0.00,26.96,world
51.60,2026-08-31 07:15:13,1.17,-2.88,1337.71,-171.4,corridor,10.02,clear,19.510,5.369,0.00,26.96,world
52.10,2026-08-31 07:15:13,1.17,-2.88,1337.71,-171.4,corridor,10.04,clear,21.912,8.107,0.00,26.96,world
52.60,2026-08-31 07:15:14,1.17,-2.88,1337.71,-171.4,corridor,10.06,clear,21.912,8.107,0.00,26.96,world
53.10,2026-08-31 07:15:14,1.17,-2.88,1337.71,-171.4,corridor,10.08,clear,20.797,5.619,0.00,26.96,world
53.60,2026-08-31 07:15:15,1.17,-2.88,1337.71,-171.4,corridor,10.10,clear,20.797,5.619,0.00,26.96,world
54.10,2026-08-31 07:15:15,1.17,-2.88,1337.71,-171.4,corridor,10.12,clear,35.226,34.515,0.00,26.96,world
54.60,2026-08-31 07:15:16,1.17,-2.88,1337.71,-171.4,corridor,10.14,clear,35.226,34.515,0.00,26.96,world
55.10,2026-08-31 07:15:16,1.17,-2.88,1337.71,-171.4,corridor,10.16,clear,22.402,6.178,0.00,26.96,world
55.60,2026-08-31 07:15:17,1.17,-2.88,1337.71,-171.4,corridor,10.18,clear,22.402,6.178,0.00,26.96,world
56.10,2026-08-31 07:15:17,1.17,-2.88,1337.71,-171.4,corridor,10.20,clear,35.746,5.893,0.00,26.96,world
56.60,2026-08-31 07:15:18,1.17,-2.88,1337.71,-171.4,corridor,10.22,clear,35.746,5.893,0.00,26.96,world
57.10,2026-08-31 07:15:18,1.17,-2.88,1337.71,-171.4,corridor,10.24,clear,18.581,5.503,0.00,26.96,world
57.60,2026-08-31 07:15:19,1.17,-2.88,1337.71,-171.4,corridor,10.26,clear,18.581,5.503,0.00,26.96,world
58.10,2026-08-31 07:15:19,1.17,-2.88,1337.71,-171.4,corridor,10.28,clear,17.723,5.722,0.00,26.96,world
58.60,2026-08-31 07:15:20,1.17,-2.88,1337.71,-171.4,corridor,10.30,clear,17.723,5.722,0.00,26.96,world
59.10,2026-08-31 07:15:20,1.17,-2.88,1337.71,-171.4,corridor,10.32,clear,25.160,8.485,0.00,26.96,world
59.60,2026-08-31 07:15:21,1.17,-2.88,1337.71,-171.4,corridor,10.34,clear,25.160,8.485,0.00,26.96,world
60.10,2026-08-31 07:15:21,1.17,-2.88,1337.71,-171.4,corridor,10.36,clear,18.407,7.696,0.00,26.96,world
60.60,2026-08-31 07:15:22,1.17,-2.88,1337.71,-171.4,corridor,10.38,clear,18.407,7.696,0.00,26.96,world
61.10,2026-08-31 07:15:22,1.17,-2.88,1337.71,-171.4,corridor,10.40,clear,17.466,5.325,0.00,26.96,world
61.60,2026-08-31 07:15:23,1.17,-2.88,1337.71,-171.4,corridor,10.42,clear,17.466,5.325,0.00,26.96,world
62.10,2026-08-31 07:15:23,1.17,-2.88,1337.71,-171.4,corridor,10.44,clear,17.816,5.276,0.00,26.96,world
62.60,2026-08-31 07:15:24,1.17,-2.88,1337.71,-171.4,corridor,10.46,clear,17.816,5.276,0.00,26.96,world
63.10,2026-08-31 07:15:24,1.17,-2.88,1337.71,-171.4,corridor,10.48,clear,21.001,5.884,0.00,26.96,world
63.60,2026-08-31 07:15:25,1.17,-2.88,1337.71,-171.4,corridor,10.50,clear,21.001,5.884,0.00,26.96,world
64.10,2026-08-31 07:15:25,1.17,-2.88,1337.71,-171.4,corridor,10.52,clear,28.638,40.101,0.00,26.96,world
64.60,2026-08-31 07:15:26,1.17,-2.88,1337.71,-171.4,corridor,10.54,clear,28.638,40.101,0.00,26.96,world
65.10,2026-08-31 07:15:26,1.17,-2.88,1337.71,-171.4,corridor,10.56,clear,21.625,9.806,0.00,26.96,world
65.60,2026-08-31 07:15:27,1.17,-2.88,1337.71,-171.4,corridor,10.58,clear,21.625,9.806,0.00,26.96,world
66.10,2026-08-31 07:15:27,1.17,-2.88,1337.71,-171.4,corridor,10.60,clear,21.245,5.683,0.00,26.96,world
66.60,2026-08-31 07:15:28,1.17,-2.88,1337.71,-171.4,corridor,10.62,clear,21.245,5.683,0.00,26.96,world
67.10,2026-08-31 07:15:28,1.17,-2.88,1337.71,-171.4,corridor,10.64,clear,19.527,5.809,0.00,26.96,world
67.60,2026-08-31 07:15:29,1.17,-2.88,1337.71,-171.4,corridor,10.66,clear,19.527,5.809,0.00,26.96,world
68.10,2026-08-31 07:15:29,1.17,-2.88,1337.71,-171.4,corridor,10.68,clear,22.294,6.075,0.00,26.96,world
68.60,2026-08-31 07:15:30,1.17,-2.88,1337.71,-171.4,corridor,10.70,clear,22.294,6.075,0.00,26.96,world
69.10,2026-08-31 07:15:30,1.17,-2.88,1337.71,-171.4,corridor,10.72,clear,20.387,5.534,0.00,26.96,world
69.60,2026-08-31 07:15:31,1.17,-2.88,1337.71,-171.4,corridor,10.74,clear,20.387,5.534,0.00,26.96,world
70.10,2026-08-31 07:15:31,1.17,-2.88,1337.71,-171.4,corridor,10.76,clear,17.500,5.063,0.00,26.96,world
70.60,2026-08-31 07:15:32,1.17,-2.88,1337.71,-171.4,corridor,10.78,clear,17.500,5.063,0.00,26.96,world
71.10,2026-08-31 07:15:32,1.17,-2.88,1337.71,-171.4,corridor,10.80,clear,17.174,4.922,0.00,26.96,world
71.60,2026-08-31 07:15:33,1.17,-2.88,1337.71,-171.4,corridor,10.82,clear,17.174,4.922,0.00,26.96,world
72.10,2026-08-31 07:15:33,1.17,-2.88,1337.71,-171.4,corridor,10.84,clear,18.188,4.954,0.00,26.96,world
72.60,2026-08-31 07:15:34,1.17,-2.88,1337.71,-171.4,corridor,10.86,clear,18.188,4.954,0.00,26.96,world
73.10,2026-08-31 07:15:34,1.17,-2.88,1337.71,-171.4,corridor,10.88,clear,17.151,5.116,0.00,26.96,world
73.60,2026-08-31 07:15:35,1.17,-2.88,1337.71,-171.4,corridor,10.90,clear,17.151,5.116,0.00,26.96,world
74.10,2026-08-31 07:15:35,1.17,-2.88,1337.71,-171.4,corridor,10.92,clear,17.463,5.369,0.00,26.96,world
74.60,2026-08-31 07:15:36,1.17,-2.88,1337.71,-171.4,corridor,10.94,clear,17.463,5.369,0.00,26.96,world
75.10,2026-08-31 07:15:36,1.17,-2.88,1337.71,-171.4,corridor,10.96,clear,17.429,5.807,0.00,26.96,world
75.60,2026-08-31 07:15:37,1.17,-2.88,1337.71,-171.4,corridor,10.98,clear,17.429,5.807,0.00,26.96,world
76.10,2026-08-31 07:15:37,1.17,-2.88,1337.71,-171.4,corridor,11.00,clear,22.960,5.228,0.00,26.96,world
76.60,2026-08-31 07:15:38,1.17,-2.88,1337.71,-171.4,corridor,11.02,clear,22.960,5.228,0.00,26.96,world
77.10,2026-08-31 07:15:38,1.17,-2.88,1337.71,-171.4,corridor,11.04,clear,17.925,5.612,0.00,26.96,world
77.60,2026-08-31 07:15:39,1.17,-2.88,1337.71,-171.4,corridor,11.06,clear,17.925,5.612,0.00,26.96,world
78.10,2026-08-31 07:15:39,1.17,-2.88,1337.71,-171.4,corridor,11.08,clear,19.666,5.819,0.00,26.96,world
78.60,2026-08-31 07:15:40,1.17,-2.88,1337.71,-171.4,corridor,11.10,clear,19.666,5.819,0.00,26.96,world
79.10,2026-08-31 07:15:40,1.17,-2.88,1337.71,-171.4,corridor,11.12,clear,20.407,6.343,0.00,26.96,world
79.60,2026-08-31 07:15:41,1.17,-2.88,1337.71,-171.4,corridor,11.14,clear,20.407,6.343,0.00,26.96,world
80.10,2026-08-31 07:15:41,1.17,-2.88,1337.71,-171.4,corridor,11.16,clear,17.513,4.934,0.00,26.96,world
80.60,2026-08-31 07:15:42,1.17,-2.88,1337.71,-171.4,corridor,11.18,clear,17.513,4.934,0.00,26.96,world
81.10,2026-08-31 07:15:42,1.17,-2.88,1337.71,-171.4,corridor,11.20,clear,18.330,5.970,0.00,26.96,world
81.60,2026-08-31 07:15:43,1.17,-2.88,1337.71,-171.4,corridor,11.22,clear,18.330,5.970,0.00,26.96,world
82.10,2026-08-31 07:15:43,1.17,-2.88,1337.71,-171.4,corridor,11.24,clear,18.077,5.552,0.00,26.96,world
82.60,2026-08-31 07:15:44,1.17,-2.88,1337.71,-171.4,corridor,11.26,clear,18.077,5.552,0.00,26.96,world
83.10,2026-08-31 07:15:44,1.17,-2.88,1337.71,-171.4,corridor,11.28,clear,20.602,7.909,0.00,26.96,world
83.60,2026-08-31 07:15:45,1.17,-2.88,1337.71,-171.4,corridor,11.30,clear,20.602,7.909,0.00,26.96,world
84.10,2026-08-31 07:15:45,1.17,-2.88,1337.71,-171.4,corridor,11.32,clear,19.471,5.708,0.00,26.96,world
84.60,2026-08-31 07:15:46,1.17,-2.88,1337.71,-171.4,corridor,11.34,clear,19.471,5.708,0.00,26.96,world
85.10,2026-08-31 07:15:46,1.17,-2.88,1337.71,-171.4,corridor,11.36,clear,18.414,5.663,0.00,26.96,world
85.60,2026-08-31 07:15:47,1.17,-2.88,1337.71,-171.4,corridor,11.38,clear,18.414,5.663,0.00,26.96,world
86.10,2026-08-31 07:15:47,1.17,-2.88,1337.71,-171.4,corridor,11.40,clear,18.189,5.774,0.00,26.96,world
86.60,2026-08-31 07:15:48,1.17,-2.88,1337.71,-171.4,corridor,11.42,clear,18.189,5.774,0.00,26.96,world
87.10,2026-08-31 07:15:48,1.17,-2.88,1337.71,-171.4,corridor,11.44,clear,19.319,5.797,0.00,26.96,world
87.60,2026-08-31 07:15:49,1.17,-2.88,1337.71,-171.4,corridor,11.46,clear,19.319,5.797,0.00,26.96,world
88.10,2026-08-31 07:15:49,1.17,-2.88,1337.71,-171.4,corridor,11.48,clear,18.302,5.401,0.00,26.96,world
88.60,2026-08-31 07:15:50,1.17,-2.88,1337.71,-171.4,corridor,11.50,clear,18.302,5.401,0.00,26.96,world
89.10,2026-08-31 07:15:50,1.17,-2.88,1337.71,-171.4,corridor,11.52,clear,17.496,4.830,0.00,26.96,world
89.60,2026-08-31 07:15:51,1.17,-2.88,1337.71,-171.4,corridor,11.54,clear,17.496,4.830,0.00,26.96,world
90.10,2026-08-31 07:15:51,1.17,-2.88,1337.71,-171.4,corridor,11.56,clear,26.416,22.555,0.00,26.96,world
90.60,2026-08-31 07:15:52,1.17,-2.88,1337.71,-171.4,corridor,11.58,clear,26.416,22.555,0.00,26.96,world
91.10,2026-08-31 07:15:52,1.17,-2.88,1337.71,-171.4,corridor,11.60,clear,18.247,5.870,0.00,26.96,world
91.60,2026-08-31 07:15:53,1.17,-2.88,1337.71,-171.4,corridor,11.62,clear,18.247,5.870,0.00,26.96,world
92.10,2026-08-31 07:15:53,1.17,-2.88,1337.71,-171.4,corridor,11.64,clear,20.014,52.030,0.00,26.96,world
92.60,2026-08-31 07:15:54,1.17,-2.88,1337.71,-171.4,corridor,11.66,clear,20.014,52.030,0.00,26.96,world
93.10,2026-08-31 07:15:54,1.17,-2.88,1337.71,-171.4,corridor,11.68,clear,18.716,5.461,0.00,26.96,world
93.60,2026-08-31 07:15:55,1.17,-2.88,1337.71,-171.4,corridor,11.70,clear,18.716,5.461,0.00,26.96,world
94.10,2026-08-31 07:15:55,1.17,-2.88,1337.71,-171.4,corridor,11.72,clear,18.341,28.106,0.00,26.96,world
94.60,2026-08-31 07:15:56,1.17,-2.88,1337.71,-171.4,corridor,11.74,clear,18.341,28.106,0.00,26.96,world
95.10,2026-08-31 07:15:56,1.17,-2.88,1337.71,-171.4,corridor,11.76,clear,17.066,5.041,0.00,26.96,world
95.60,2026-08-31 07:15:57,1.17,-2.88,1337.71,-171.4,corridor,11.78,clear,17.066,5.041,0.00,26.96,world
96.10,2026-08-31 07:15:57,1.17,-2.88,1337.71,-171.4,corridor,11.80,clear,16.852,4.885,0.00,26.96,world
96.60,2026-08-31 07:15:58,1.17,-2.88,1337.71,-171.4,corridor,11.82,clear,16.852,4.885,0.00,26.96,world
97.10,2026-08-31 07:15:58,1.17,-2.88,1337.71,-171.4,corridor,11.84,clear,16.118,5.976,0.00,26.96,world
97.60,2026-08-31 07:15:59,1.17,-2.88,1337.71,-171.4,corridor,11.86,clear,16.118,5.976,0.00,26.96,world
98.10,2026-08-31 07:15:59,1.17,-2.88,1337.71,-171.4,corridor,11.88,clear,16.731,23.262,0.00,26.96,world
98.60,2026-08-31 07:16:00,1.17,-2.88,1337.71,-171.4,corridor,11.90,clear,16.731,23.262,0.00,26.96,world
99.10,2026-08-31 07:16:00,1.17,-2.88,1337.71,-171.4,corridor,11.92,clear,18.409,5.608,0.00,26.96,world
99.60,2026-08-31 07:16:01,1.17,-2.88,1337.71,-171.4,corridor,11.94,clear,18.409,5.608,0.00,26.96,world
100.10,2026-08-31 07:16:01,1.17,-2.88,1337.71,-171.4,corridor,11.96,clear,17.552,5.737,0.00,26.96,world
100.60,2026-08-31 07:16:02,1.17,-2.88,1337.71,-171.4,corridor,11.98,clear,17.552,5.737,0.00,26.96,world
101.10,2026-08-31 07:16:02,1.17,-2.88,1337.71,-171.4,corridor,12.00,clear,17.780,5.459,0.00,26.96,world
101.60,2026-08-31 07:16:03,1.17,-2.88,1337.71,-171.4,corridor,12.02,clear,17.780,5.459,0.00,26.96,world
102.10,2026-08-31 07:16:03,1.17,-2.88,1337.71,-171.4,corridor,12.04,clear,41.782,5.477,0.00,26.96,world
102.60,2026-08-31 07:16:04,1.17,-2.88,1337.71,-171.4,corridor,12.06,clear,41.782,5.477,0.00,26.96,world
103.10,2026-08-31 07:16:04,1.17,-2.88,1337.71,-171.4,corridor,12.08,clear,16.405,4.938,0.00,26.96,world
103.60,2026-08-31 07:16:05,1.17,-2.88,1337.71,-171.4,corridor,12.10,clear,16.405,4.938,0.00,26.96,world
104.10,2026-08-31 07:16:05,1.17,-2.88,1337.71,-171.4,corridor,12.12,clear,18.791,5.133,0.00,26.96,world
104.60,2026-08-31 07:16:06,1.17,-2.88,1337.71,-171.4,corridor,12.14,clear,18.791,5.133,0.00,26.96,world
105.10,2026-08-31 07:16:06,1.17,-2.88,1337.71,-171.4,corridor,12.16,clear,16.869,4.997,0.00,26.96,world
105.60,2026-08-31 07:16:07,1.17,-2.88,1337.71,-171.4,corridor,12.18,clear,16.869,4.997,0.00,26.96,world
106.10,2026-08-31 07:16:07,1.17,-2.88,1337.71,-171.4,corridor,12.20,clear,19.634,6.394,0.00,26.96,world
106.60,2026-08-31 07:16:08,1.17,-2.88,1337.71,-171.4,corridor,12.22,clear,19.634,6.394,0.00,26.96,world
107.10,2026-08-31 07:16:08,1.17,-2.88,1337.71,-171.4,corridor,12.24,clear,17.697,5.814,0.00,26.96,world
107.60,2026-08-31 07:16:09,1.17,-2.88,1337.71,-171.4,corridor,12.26,clear,17.697,5.814,0.00,26.96,world
108.10,2026-08-31 07:16:09,1.17,-2.88,1337.71,-171.4,corridor,12.28,clear,20.634,5.503,0.00,26.96,world
108.60,2026-08-31 07:16:10,1.17,-2.88,1337.71,-171.4,corridor,12.30,clear,20.634,5.503,0.00,26.96,world
109.10,2026-08-31 07:16:10,1.17,-2.88,1337.71,-171.4,corridor,12.32,clear,20.346,6.493,0.00,26.96,world
109.60,2026-08-31 07:16:11,1.17,-2.88,1337.71,-171.4,corridor,12.34,clear,20.346,6.493,0.00,26.96,world
110.10,2026-08-31 07:16:11,1.17,-2.88,1337.71,-171.4,corridor,12.36,clear,17.578,5.479,0.00,26.96,world
110.60,2026-08-31 07:16:12,1.17,-2.88,1337.71,-171.4,corridor,12.38,clear,17.578,5.479,0.00,26.96,world
111.10,2026-08-31 07:16:12,1.17,-2.88,1337.71,-171.4,corridor,12.40,clear,21.005,5.498,0.00,26.96,world
111.60,2026-08-31 07:16:13,1.17,-2.88,1337.71,-171.4,corridor,12.42,clear,21.005,5.498,0.00,26.96,world
112.10,2026-08-31 07:16:13,1.17,-2.88,1337.71,-171.4,corridor,12.44,clear,26.712,9.921,0.00,26.96,world
112.60,2026-08-31 07:16:14,1.17,-2.88,1337.71,-171.4,corridor,12.46,clear,26.712,9.921,0.00,26.96,world
113.10,2026-08-31 07:16:14,1.17,-2.88,1337.71,-171.4,corridor,12.48,clear,22.602,6.922,0.00,26.96,world
113.60,2026-08-31 07:16:15,1.17,-2.88,1337.71,-171.4,corridor,12.50,clear,22.602,6.922,0.00,26.96,world
114.10,2026-08-31 07:16:15,1.17,-2.88,1337.71,-171.4,corridor,12.52,clear,23.482,6.517,0.00,26.96,world
114.60,2026-08-31 07:16:16,1.17,-2.88,1337.71,-171.4,corridor,12.54,clear,23.482,6.517,0.00,26.96,world
115.10,2026-08-31 07:16:16,1.17,-2.88,1337.71,-171.4,corridor,12.56,clear,19.410,6.455,0.00,26.96,world
115.60,2026-08-31 07:16:17,1.17,-2.88,1337.71,-171.4,corridor,12.58,clear,19.410,6.455,0.00,26.96,world
116.10,2026-08-31 07:16:17,1.17,-2.88,1337.71,-171.4,corridor,12.60,clear,23.257,30.482,0.00,26.96,world
116.60,2026-08-31 07:16:18,1.17,-2.88,1337.71,-171.4,corridor,12.62,clear,23.257,30.482,0.00,26.96,world
117.10,2026-08-31 07:16:18,1.17,-2.88,1337.71,-171.4,corridor,12.64,clear,18.694,5.633,0.00,26.96,world
117.60,2026-08-31 07:16:19,1.17,-2.88,1337.71,-171.4,corridor,12.66,clear,18.694,5.633,0.00,26.96,world
118.10,2026-08-31 07:16:19,1.17,-2.88,1337.71,-171.4,corridor,12.68,clear,18.101,5.349,0.00,26.96,world
118.60,2026-08-31 07:16:20,1.17,-2.88,1337.71,-171.4,corridor,12.70,clear,18.101,5.349,0.00,26.96,world
119.10,2026-08-31 07:16:20,1.17,-2.88,1337.71,-171.4,corridor,12.72,clear,18.158,5.567,0.00,26.96,world
119.60,2026-08-31 07:16:21,1.17,-2.88,1337.71,-171.4,corridor,12.74,clear,18.158,5.567,0.00,26.96,world
120.10,2026-08-31 07:16:21,1.17,-2.88,1337.71,-171.4,corridor,12.76,clear,18.623,5.875,0.00,26.96,world
120.60,2026-08-31 07:16:22,1.17,-2.88,1337.71,-171.4,corridor,12.78,clear,18.623,5.875,0.00,26.96,world
121.10,2026-08-31 07:16:22,1.17,-2.88,1337.71,-171.4,corridor,12.80,clear,17.810,6.294,0.00,26.96,world
121.60,2026-08-31 07:16:23,1.17,-2.88,1337.71,-171.4,corridor,12.82,clear,17.810,6.294,0.00,26.96,world
122.10,2026-08-31 07:16:23,1.17,-2.88,1337.71,-171.4,corridor,12.84,clear,20.113,6.600,0.00,26.96,world
122.60,2026-08-31 07:16:24,1.17,-2.88,1337.71,-171.4,corridor,12.86,clear,20.113,6.600,0.00,26.96,world
123.10,2026-08-31 07:16:24,1.17,-2.88,1337.71,-171.4,corridor,12.88,clear,25.710,33.528,0.00,26.96,world
123.60,2026-08-31 07:16:25,1.17,-2.88,1337.71,-171.4,corridor,12.90,clear,25.710,33.528,0.00,26.96,world
124.10,2026-08-31 07:16:25,1.17,-2.88,1337.71,-171.4,corridor,12.92,clear,17.434,4.966,0.00,26.96,world
124.60,2026-08-31 07:16:26,1.17,-2.88,1337.71,-171.4,corridor,12.94,clear,17.434,4.966,0.00,26.96,world
125.10,2026-08-31 07:16:26,1.17,-2.88,1337.71,-171.4,corridor,12.96,clear,17.314,5.270,0.00,26.96,world
125.60,2026-08-31 07:16:27,1.17,-2.88,1337.71,-171.4,corridor,12.98,clear,17.314,5.270,0.00,26.96,world
126.10,2026-08-31 07:16:27,1.17,-2.88,1337.71,-171.4,corridor,13.00,clear,23.592,5.539,0.00,26.96,world
126.60,2026-08-31 07:16:28,1.17,-2.88,1337.71,-171.4,corridor,13.02,clear,23.592,5.539,0.00,26.96,world
127.10,2026-08-31 07:16:28,1.17,-2.88,1337.71,-171.4,corridor,13.04,clear,18.958,6.348,0.00,26.96,world
127.60,2026-08-31 07:16:29,1.17,-2.88,1337.71,-171.4,corridor,13.06,clear,18.958,6.348,0.00,26.96,world
128.10,2026-08-31 07:16:29,1.17,-2.88,1337.71,-171.4,corridor,13.08,clear,21.826,6.140,0.00,26.96,world
128.60,2026-08-31 07:16:30,1.17,-2.88,1337.71,-171.4,corridor,13.10,clear,21.826,6.140,0.00,26.96,world
129.10,2026-08-31 07:16:30,1.17,-2.88,1337.71,-171.4,corridor,13.12,clear,17.921,5.231,0.00,26.96,world
129.60,2026-08-31 07:16:31,1.17,-2.88,1337.71,-171.4,corridor,13.14,clear,17.921,5.231,0.00,26.96,world
130.10,2026-08-31 07:16:31,1.17,-2.88,1337.71,-171.4,corridor,13.16,clear,18.941,5.325,0.00,26.96,world
130.60,2026-08-31 07:16:32,1.17,-2.88,1337.71,-171.4,corridor,13.18,clear,18.941,5.325,0.00,26.96,world
131.10,2026-08-31 07:16:32,1.17,-2.88,1337.71,-171.4,corridor,13.20,clear,17.516,5.407,0.00,26.96,world
131.60,2026-08-31 07:16:33,1.17,-2.88,1337.71,-171.4,corridor,13.22,clear,17.516,5.407,0.00,26.96,world
132.10,2026-08-31 07:16:33,1.17,-2.88,1337.71,-171.4,corridor,13.24,clear,17.757,5.441,0.00,26.96,world
132.60,2026-08-31 07:16:34,1.17,-2.88,1337.71,-171.4,corridor,13.26,clear,17.757,5.441,0.00,26.96,world
133.10,2026-08-31 07:16:34,1.17,-2.88,1337.71,-171.4,corridor,13.28,clear,17.454,5.601,0.00,26.96,world
133.60,2026-08-31 07:16:35,1.17,-2.88,1337.71,-171.4,corridor,13.30,clear,17.454,5.601,0.00,26.96,world
134.10,2026-08-31 07:16:35,1.17,-2.88,1337.71,-171.4,corridor,13.32,clear,18.309,5.442,0.00,26.96,world
134.60,2026-08-31 07:16:36,1.17,-2.88,1337.71,-171.4,corridor,13.34,clear,18.309,5.442,0.00,26.96,world
135.10,2026-08-31 07:16:36,1.17,-2.88,1337.71,-171.4,corridor,13.36,clear,21.274,6.329,0.00,26.96,world
135.60,2026-08-31 07:16:37,1.17,-2.88,1337.71,-171.4,corridor,13.38,clear,21.274,6.329,0.00,26.96,world
136.10,2026-08-31 07:16:37,1.17,-2.88,1337.71,-171.4,corridor,13.40,clear,21.922,8.033,0.00,26.96,world
136.60,2026-08-31 07:16:38,1.17,-2.88,1337.71,-171.4,corridor,13.42,clear,21.922,8.033,0.00,26.96,world
137.10,2026-08-31 07:16:38,1.17,-2.88,1337.71,-171.4,corridor,13.44,clear,18.281,5.628,0.00,26.96,world
137.60,2026-08-31 07:16:39,1.17,-2.88,1337.71,-171.4,corridor,13.46,clear,18.281,5.628,0.00,26.96,world
138.10,2026-08-31 07:16:39,1.17,-2.88,1337.71,-171.4,corridor,13.48,clear,18.928,5.481,0.00,26.96,world
138.60,2026-08-31 07:16:40,1.17,-2.88,1337.71,-171.4,corridor,13.50,clear,18.928,5.481,0.00,26.96,world
139.10,2026-08-31 07:16:40,1.17,-2.88,1337.71,-171.4,corridor,13.52,clear,25.897,5.813,0.00,26.96,world
139.60,2026-08-31 07:16:41,1.17,-2.88,1337.71,-171.4,corridor,13.54,clear,25.897,5.813,0.00,26.96,world
140.10,2026-08-31 07:16:41,1.17,-2.88,1337.71,-171.4,corridor,13.56,clear,19.192,5.157,0.00,26.96,world
140.60,2026-08-31 07:16:42,1.17,-2.88,1337.71,-171.4,corridor,13.58,clear,19.192,5.157,0.00,26.96,world
141.10,2026-08-31 07:16:42,1.17,-2.88,1337.71,-171.4,corridor,13.60,clear,23.768,6.544,0.00,26.96,world
141.60,2026-08-31 07:16:43,1.17,-2.88,1337.71,-171.4,corridor,13.62,clear,23.768,6.544,0.00,26.96,world
142.10,2026-08-31 07:16:43,1.17,-2.88,1337.71,-171.4,corridor,13.64,clear,20.669,5.970,0.00,26.96,world
142.60,2026-08-31 07:16:44,1.17,-2.88,1337.71,-171.4,corridor,13.66,clear,20.669,5.970,0.00,26.96,world
143.10,2026-08-31 07:16:44,1.17,-2.88,1337.71,-171.4,corridor,13.68,clear,18.913,7.775,0.00,26.96,world
143.60,2026-08-31 07:16:45,1.17,-2.88,1337.71,-171.4,corridor,13.70,clear,18.913,7.775,0.00,26.96,world
144.10,2026-08-31 07:16:45,1.17,-2.88,1337.71,-171.4,corridor,13.72,clear,18.549,6.709,0.00,26.96,world
144.60,2026-08-31 07:16:46,1.17,-2.88,1337.71,-171.4,corridor,13.74,clear,18.549,6.709,0.00,26.96,world
145.10,2026-08-31 07:16:46,1.17,-2.88,1337.71,-171.4,corridor,13.76,clear,20.528,7.086,0.00,26.96,world
145.60,2026-08-31 07:16:47,1.17,-2.88,1337.71,-171.4,corridor,13.78,clear,20.528,7.086,0.00,26.96,world
146.10,2026-08-31 07:16:47,1.17,-2.88,1337.71,-171.4,corridor,13.80,clear,20.034,24.506,0.00,26.96,world
146.60,2026-08-31 07:16:48,1.17,-2.88,1337.71,-171.4,corridor,13.82,clear,20.034,24.506,0.00,26.96,world
147.10,2026-08-31 07:16:48,1.17,-2.88,1337.71,-171.4,corridor,13.84,clear,24.539,8.206,0.00,26.96,world
147.60,2026-08-31 07:16:49,1.17,-2.88,1337.71,-171.4,corridor,13.86,clear,24.539,8.206,0.00,26.96,world
148.10,2026-08-31 07:16:49,1.17,-2.88,1337.71,-171.4,corridor,13.88,clear,30.234,12.660,0.00,26.96,world
148.60,2026-08-31 07:16:50,1.17,-2.88,1337.71,-171.4,corridor,13.90,clear,30.234,12.660,0.00,26.96,world
149.10,2026-08-31 07:16:50,1.17,-2.88,1337.71,-171.4,corridor,13.92,clear,22.293,6.563,0.00,26.96,world
149.60,2026-08-31 07:16:51,1.17,-2.88,1337.71,-171.4,corridor,13.94,clear,22.293,6.563,0.00,26.96,world
150.10,2026-08-31 07:16:51,1.17,-2.88,1337.71,-171.4,corridor,13.96,clear,23.227,12.113,0.00,26.96,world
150.60,2026-08-31 07:16:52,1.17,-2.88,1337.71,-171.4,corridor,13.98,clear,23.227,12.113,0.00,26.96,world
151.10,2026-08-31 07:16:52,1.17,-2.88,1337.71,-171.4,corridor,14.00,clear,20.063,5.626,0.00,26.96,world
151.60,2026-08-31 07:16:53,1.17,-2.88,1337.71,-171.4,corridor,14.02,clear,20.063,5.626,0.00,26.96,world
152.10,2026-08-31 07:16:53,1.17,-2.88,1337.71,-171.4,corridor,14.04,clear,21.785,7.326,0.00,26.96,world
152.60,2026-08-31 07:16:54,1.17,-2.88,1337.71,-171.4,corridor,14.06,clear,21.785,7.326,0.00,26.96,world
153.10,2026-08-31 07:16:54,1.17,-2.88,1337.71,-171.4,corridor,14.08,clear,19.433,5.886,0.00,26.96,world
153.60,2026-08-31 07:16:55,1.17,-2.88,1337.71,-171.4,corridor,14.10,clear,19.433,5.886,0.00,26.96,world
154.10,2026-08-31 07:16:55,1.17,-2.88,1337.71,-171.4,corridor,14.12,clear,21.439,6.171,0.00,26.96,world
154.60,2026-08-31 07:16:56,1.17,-2.88,1337.71,-171.4,corridor,14.14,clear,21.439,6.171,0.00,26.96,world
155.10,2026-08-31 07:16:56,1.17,-2.88,1337.71,-171.4,corridor,14.16,clear,20.401,6.604,0.00,26.96,world
155.60,2026-08-31 07:16:57,1.17,-2.88,1337.71,-171.4,corridor,14.18,clear,20.401,6.604,0.00,26.96,world
156.10,2026-08-31 07:16:57,1.17,-2.88,1337.71,-171.4,corridor,14.20,clear,18.854,5.390,0.00,26.96,world
156.60,2026-08-31 07:16:58,1.17,-2.88,1337.71,-171.4,corridor,14.22,clear,18.854,5.390,0.00,26.96,world
157.10,2026-08-31 07:16:58,1.17,-2.88,1337.71,-171.4,corridor,14.24,clear,18.546,5.624,0.00,26.96,world
157.60,2026-08-31 07:16:59,1.17,-2.88,1337.71,-171.4,corridor,14.26,clear,18.546,5.624,0.00,26.96,world
158.10,2026-08-31 07:16:59,1.17,-2.88,1337.71,-171.4,corridor,14.28,clear,20.631,7.920,0.00,26.96,world
158.60,2026-08-31 07:17:00,1.17,-2.88,1337.71,-171.4,corridor,14.30,clear,20.631,7.920,0.00,26.96,world
159.10,2026-08-31 07:17:00,1.17,-2.88,1337.71,-171.4,corridor,14.32,clear,23.594,5.675,0.00,26.96,world
159.60,2026-08-31 07:17:01,1.17,-2.88,1337.71,-171.4,corridor,14.34,clear,23.594,5.675,0.00,26.96,world
160.10,2026-08-31 07:17:01,1.17,-2.88,1337.71,-171.4,corridor,14.36,clear,22.753,7.166,0.00,26.96,world
160.60,2026-08-31 07:17:02,1.17,-2.88,1337.71,-171.4,corridor,14.38,clear,22.753,7.166,0.00,26.96,world
161.10,2026-08-31 07:17:02,1.17,-2.88,1337.71,-171.4,corridor,14.40,clear,20.304,7.590,0.00,26.96,world
161.60,2026-08-31 07:17:03,1.17,-2.88,1337.71,-171.4,corridor,14.42,clear,20.304,7.590,0.00,26.96,world
162.10,2026-08-31 07:17:03,1.17,-2.88,1337.71,-171.4,corridor,14.44,clear,20.215,6.604,0.00,26.96,world
162.60,2026-08-31 07:17:04,1.17,-2.88,1337.71,-171.4,corridor,14.46,clear,20.215,6.604,0.00,26.96,world
163.10,2026-08-31 07:17:04,1.17,-2.88,1337.71,-171.4,corridor,14.48,clear,19.963,5.993,0.00,26.96,world
163.60,2026-08-31 07:17:05,1.17,-2.88,1337.71,-171.4,corridor,14.50,clear,19.963,5.993,0.00,26.96,world
164.10,2026-08-31 07:17:05,1.17,-2.88,1337.71,-171.4,corridor,14.52,clear,22.111,6.394,0.00,26.96,world
164.60,2026-08-31 07:17:06,1.17,-2.88,1337.71,-171.4,corridor,14.54,clear,22.111,6.394,0.00,26.96,world
165.10,2026-08-31 07:17:06,1.17,-2.88,1337.71,-171.4,corridor,14.56,clear,23.320,7.071,0.00,26.96,world
165.60,2026-08-31 07:17:07,1.17,-2.88,1337.71,-171.4,corridor,14.58,clear,23.320,7.071,0.00,26.96,world
166.10,2026-08-31 07:17:07,1.17,-2.88,1337.71,-171.4,corridor,14.60,clear,30.583,11.867,0.00,26.96,world
166.60,2026-08-31 07:17:08,1.17,-2.88,1337.71,-171.4,corridor,14.62,clear,30.583,11.867,0.00,26.96,world
167.10,2026-08-31 07:17:08,1.17,-2.88,1337.71,-171.4,corridor,14.64,clear,28.142,40.577,0.00,26.96,world
167.60,2026-08-31 07:17:09,1.17,-2.88,1337.71,-171.4,corridor,14.66,clear,28.142,40.577,0.00,26.96,world
168.10,2026-08-31 07:17:09,1.17,-2.88,1337.71,-171.4,corridor,14.68,clear,18.450,5.455,0.00,26.96,world
168.60,2026-08-31 07:17:10,1.17,-2.88,1337.71,-171.4,corridor,14.70,clear,18.450,5.455,0.00,26.96,world
169.10,2026-08-31 07:17:10,1.17,-2.88,1337.71,-171.4,corridor,14.72,clear,22.994,6.505,0.00,26.96,world
169.60,2026-08-31 07:17:11,1.17,-2.88,1337.71,-171.4,corridor,14.74,clear,22.994,6.505,0.00,26.96,world
170.10,2026-08-31 07:17:11,1.17,-2.88,1337.71,-171.4,corridor,14.76,clear,26.327,7.677,0.00,26.96,world
170.60,2026-08-31 07:17:12,1.17,-2.88,1337.71,-171.4,corridor,14.78,clear,26.327,7.677,0.00,26.96,world
171.10,2026-08-31 07:17:12,1.17,-2.88,1337.71,-171.4,corridor,14.80,clear,24.534,7.372,0.00,26.96,world
171.60,2026-08-31 07:17:13,1.17,-2.88,1337.71,-171.4,corridor,14.82,clear,24.534,7.372,0.00,26.96,world
172.10,2026-08-31 07:17:13,1.17,-2.88,1337.71,-171.4,corridor,14.84,clear,23.102,7.538,0.00,26.96,world
172.60,2026-08-31 07:17:14,1.17,-2.88,1337.71,-171.4,corridor,14.86,clear,23.102,7.538,0.00,26.96,world
173.10,2026-08-31 07:17:14,1.17,-2.88,1337.71,-171.4,corridor,14.88,clear,22.723,8.125,0.00,26.96,world
173.60,2026-08-31 07:17:15,1.17,-2.88,1337.71,-171.4,corridor,14.90,clear,22.723,8.125,0.00,26.96,world
174.10,2026-08-31 07:17:15,1.17,-2.88,1337.71,-171.4,corridor,14.92,clear,28.604,7.341,0.00,26.96,world
174.60,2026-08-31 07:17:16,1.17,-2.88,1337.71,-171.4,corridor,14.94,clear,28.604,7.341,0.00,26.96,world
175.10,2026-08-31 07:17:16,1.17,-2.88,1337.71,-171.4,corridor,14.96,clear,24.894,14.748,0.00,26.96,world
175.60,2026-08-31 07:17:17,1.17,-2.88,1337.71,-171.4,corridor,14.98,clear,24.894,14.748,0.00,26.96,world
176.10,2026-08-31 07:17:17,1.17,-2.88,1337.71,-171.4,corridor,15.00,clear,24.680,7.174,0.00,26.96,world
176.60,2026-08-31 07:17:18,1.17,-2.88,1337.71,-171.4,corridor,15.02,clear,24.680,7.174,0.00,26.96,world
177.10,2026-08-31 07:17:18,1.17,-2.88,1337.71,-171.4,corridor,15.04,clear,19.364,35.226,0.00,26.96,world
177.60,2026-08-31 07:17:19,1.17,-2.88,1337.71,-171.4,corridor,15.06,clear,19.364,35.226,0.00,26.96,world
178.10,2026-08-31 07:17:19,1.17,-2.88,1337.71,-171.4,corridor,15.08,clear,22.543,40.712,0.00,26.96,world
178.60,2026-08-31 07:17:20,1.17,-2.88,1337.71,-171.4,corridor,15.10,clear,22.543,40.712,0.00,26.96,world
179.10,2026-08-31 07:17:20,1.17,-2.88,1337.71,-171.4,corridor,15.12,clear,19.627,6.234,0.00,26.96,world
179.60,2026-08-31 07:17:21,1.17,-2.88,1337.71,-171.4,corridor,15.14,clear,19.627,6.234,0.00,26.96,world
180.10,2026-08-31 07:17:21,1.17,-2.88,1337.71,-171.4,corridor,15.16,clear,22.339,5.788,0.00,26.96,world
180.60,2026-08-31 07:17:22,1.17,-2.88,1337.71,-171.4,corridor,15.18,clear,22.339,5.788,0.00,26.96,world
181.10,2026-08-31 07:17:22,1.17,-2.88,1337.71,-171.4,corridor,15.20,clear,39.328,5.920,0.00,26.96,world
181.60,2026-08-31 07:17:23,1.17,-2.88,1337.71,-171.4,corridor,15.22,clear,39.328,5.920,0.00,26.96,world
182.10,2026-08-31 07:17:23,1.19,-3.94,1336.45,178.9,corridor,15.24,clear,23.125,6.030,0.00,25.84,world
182.60,2026-08-31 07:17:24,8.00,-1.91,1317.00,178.9,corridor,15.26,clear,23.125,6.030,0.00,6.71,world
183.10,2026-08-31 07:17:24,8.02,-2.90,1315.43,179.2,corridor,15.28,clear,22.745,11.704,0.00,6.15,world
183.60,2026-08-31 07:17:25,8.06,-2.90,1312.94,179.2,corridor,15.30,clear,22.745,11.704,0.00,6.03,world
184.10,2026-08-31 07:17:25,8.10,-2.90,1310.44,179.2,corridor,15.32,clear,19.937,5.746,0.00,6.89,world
184.60,2026-08-31 07:17:26,8.13,-2.73,1308.02,179.2,corridor,15.34,clear,19.937,5.746,0.00,8.38,world
185.10,2026-08-31 07:17:26,8.16,-2.17,1305.94,179.2,corridor,15.36,clear,23.670,8.635,0.00,9.96,world
185.60,2026-08-31 07:17:27,8.18,-1.55,1303.92,179.2,corridor,15.38,clear,23.670,8.635,0.00,11.63,world
186.10,2026-08-31 07:17:27,8.21,-0.96,1301.86,179.2,corridor,15.40,clear,23.711,8.893,0.00,13.45,world
186.60,2026-08-31 07:17:28,8.23,-0.50,1299.65,179.2,corridor,15.42,clear,23.711,8.893,0.00,15.46,world
187.10,2026-08-31 07:17:28,8.26,-0.13,1297.36,179.2,corridor,15.44,clear,22.906,8.489,0.00,15.13,world
187.60,2026-08-31 07:17:29,8.28,0.10,1294.97,179.2,corridor,15.46,clear,22.906,8.489,0.00,14.45,world
188.10,2026-08-31 07:17:29,8.31,0.16,1292.49,179.2,corridor,15.48,clear,22.414,8.461,0.00,14.15,world
188.60,2026-08-31 07:17:30,8.34,0.21,1290.01,179.2,corridor,15.50,clear,22.414,8.461,0.00,13.18,world
189.10,2026-08-31 07:17:30,8.36,0.31,1287.54,179.2,corridor,15.52,clear,27.226,9.253,0.00,12.21,world
189.60,2026-08-31 07:17:31,8.39,0.42,1285.09,179.2,corridor,15.54,clear,27.226,9.253,0.00,11.69,world
190.10,2026-08-31 07:17:31,8.41,0.56,1282.64,179.2,corridor,15.56,clear,28.840,10.354,0.00,11.68,world
190.60,2026-08-31 07:17:32,8.44,0.72,1280.21,179.2,corridor,15.58,clear,28.840,10.354,0.00,12.16,world
191.10,2026-08-31 07:17:32,8.47,0.92,1277.81,179.2,corridor,15.60,clear,21.344,7.747,0.00,13.07,world
191.60,2026-08-31 07:17:33,8.50,1.22,1275.47,179.2,corridor,15.62,clear,21.344,7.747,0.00,14.29,world
192.10,2026-08-31 07:17:33,8.53,1.58,1273.17,179.2,corridor,15.64,clear,24.355,12.939,0.00,15.69,world
192.60,2026-08-31 07:17:34,8.56,1.88,1270.84,179.2,corridor,15.66,clear,24.355,12.939,0.00,17.27,world
193.10,2026-08-31 07:17:34,8.59,2.05,1268.42,179.2,corridor,15.68,clear,47.940,8.956,0.00,19.07,world
193.60,2026-08-31 07:17:35,8.61,2.10,1265.93,179.2,corridor,15.70,clear,47.940,8.956,0.00,21.05,world
194.10,2026-08-31 07:17:35,8.64,2.14,1263.45,179.2,corridor,15.72,clear,23.325,8.254,0.00,23.13,world
194.60,2026-08-31 07:17:36,8.67,2.29,1261.02,179.2,corridor,15.74,clear,23.325,8.254,0.00,25.23,world
195.10,2026-08-31 07:17:36,8.70,2.55,1258.65,179.2,corridor,15.76,clear,22.347,11.356,0.00,27.34,world
195.60,2026-08-31 07:17:37,8.74,2.84,1256.31,179.2,corridor,15.78,clear,22.347,11.356,0.00,29.45,world
196.10,2026-08-31 07:17:37,8.77,3.09,1253.94,179.2,corridor,15.80,clear,19.985,7.297,1.82,31.63,world
196.60,2026-08-31 07:17:38,8.81,3.33,1251.57,179.2,corridor,15.82,clear,19.985,7.297,4.20,33.83,world
197.10,2026-08-31 07:17:38,8.84,3.65,1249.25,179.2,corridor,15.84,clear,19.910,6.430,6.51,34.87,world
197.60,2026-08-31 07:17:39,8.88,4.05,1246.99,179.2,corridor,15.86,clear,19.910,6.430,8.78,33.70,world
198.10,2026-08-31 07:17:39,8.91,4.37,1244.68,179.2,corridor,15.88,clear,18.321,5.127,11.09,32.63,world
198.60,2026-08-31 07:17:40,8.94,4.53,1242.26,179.2,corridor,15.90,clear,18.321,5.127,13.51,31.66,world
199.10,2026-08-31 07:17:40,8.98,4.51,1239.76,179.2,corridor,15.92,clear,18.827,5.307,16.01,30.82,world
199.60,2026-08-31 07:17:41,9.01,4.46,1237.24,179.2,corridor,15.94,clear,18.827,5.307,18.53,30.16,world
200.10,2026-08-31 07:17:41,9.04,4.43,1234.73,179.2,corridor,15.96,clear,18.751,5.860,0.00,29.70,world
200.60,2026-08-31 07:17:42,9.08,4.46,1232.25,179.2,corridor,15.98,clear,18.751,5.860,0.00,29.45,world
201.10,2026-08-31 07:17:42,9.12,4.58,1229.80,179.2,corridor,16.00,clear,42.440,5.757,0.00,29.41,world
201.60,2026-08-31 07:17:43,9.15,4.73,1227.37,179.2,corridor,16.02,clear,42.440,5.757,0.00,29.56,world
202.10,2026-08-31 07:17:43,9.19,4.83,1224.92,179.2,corridor,16.04,clear,20.547,31.381,0.00,29.92,world
202.60,2026-08-31 07:17:44,9.22,4.86,1222.43,179.2,corridor,16.06,clear,20.547,31.381,2.15,30.48,world
203.10,2026-08-31 07:17:44,9.26,4.88,1219.94,179.2,corridor,16.08,clear,19.858,5.707,4.65,31.24,world
203.60,2026-08-31 07:17:45,9.29,4.92,1217.46,179.2,corridor,16.10,clear,19.858,5.707,7.13,32.16,world
204.10,2026-08-31 07:17:45,9.32,5.08,1215.03,179.2,corridor,16.12,clear,19.078,6.560,9.56,33.22,world
204.60,2026-08-31 07:17:46,9.35,5.34,1212.68,179.2,corridor,16.14,clear,19.078,6.560,11.91,34.39,world
205.10,2026-08-31 07:17:46,9.39,5.73,1210.41,179.2,corridor,16.16,clear,18.169,5.883,14.18,35.61,world
205.60,2026-08-31 07:17:47,9.42,6.20,1208.23,179.2,corridor,16.18,clear,18.169,5.883,16.36,36.89,world
206.10,2026-08-31 07:17:47,9.45,6.69,1206.06,179.2,corridor,16.20,clear,20.897,5.536,18.53,38.23,world
206.60,2026-08-31 07:17:48,9.48,7.11,1203.83,179.2,corridor,16.22,clear,20.897,5.536,20.76,39.70,world
207.10,2026-08-31 07:17:48,9.51,7.37,1201.47,179.2,corridor,16.24,clear,20.262,5.392,23.12,41.32,world
207.60,2026-08-31 07:17:49,9.55,7.44,1199.00,179.2,corridor,16.26,clear,20.262,5.392,25.59,43.09,world
208.10,2026-08-31 07:17:49,9.58,7.48,1196.52,179.2,corridor,16.28,clear,18.466,5.544,28.07,44.94,world
208.60,2026-08-31 07:17:50,9.62,7.62,1194.08,179.2,corridor,16.30,clear,18.466,5.544,30.51,46.81,world
209.10,2026-08-31 07:17:50,9.65,7.88,1191.72,179.2,corridor,16.32,clear,17.857,5.437,32.87,48.67,world
209.60,2026-08-31 07:17:51,9.69,8.14,1189.35,179.2,corridor,16.34,clear,17.857,5.437,35.24,47.49,world
210.10,2026-08-31 07:17:51,9.72,8.33,1186.95,179.2,corridor,16.36,clear,20.960,6.031,37.64,46.02,world
210.60,2026-08-31 07:17:52,9.76,8.52,1184.54,179.2,corridor,16.38,clear,20.960,6.031,40.05,44.63,world
211.10,2026-08-31 07:17:52,9.80,8.74,1182.15,179.2,corridor,16.40,clear,17.957,23.353,42.44,43.34,world
211.60,2026-08-31 07:17:53,9.84,9.00,1179.78,179.2,corridor,16.42,clear,17.957,23.353,44.81,42.16,world
212.10,2026-08-31 07:17:53,9.88,9.25,1177.41,179.2,corridor,16.44,clear,19.155,5.429,47.18,40.91,world
212.60,2026-08-31 07:17:54,9.92,9.46,1175.02,179.2,corridor,16.46,clear,19.155,5.429,49.58,39.08,world
213.10,2026-08-31 07:17:54,9.95,9.59,1172.58,179.2,corridor,16.48,clear,20.190,6.321,52.01,37.28,world
213.60,2026-08-31 07:17:55,9.99,9.60,1170.09,179.2,corridor,16.50,clear,20.190,6.321,54.51,35.52,world
214.10,2026-08-31 07:17:55,10.00,9.42,1167.53,179.2,corridor,16.52,clear,29.064,6.112,57.06,33.80,world
214.60,2026-08-31 07:17:56,10.00,9.08,1164.95,179.2,corridor,16.54,clear,29.064,6.112,59.65,32.15,world
215.10,2026-08-31 07:17:56,10.00,8.66,1162.36,179.1,corridor,16.56,clear,18.718,5.779,62.24,30.63,world
215.60,2026-08-31 07:17:57,10.00,8.28,1159.77,179.1,corridor,16.58,clear,18.718,5.779,0.00,29.26,world
216.10,2026-08-31 07:17:57,10.00,7.99,1157.18,179.1,corridor,16.60,clear,17.985,6.425,0.00,28.07,world
216.60,2026-08-31 07:17:58,10.02,7.74,1154.61,179.1,corridor,16.62,clear,17.985,6.425,0.00,27.10,world
217.10,2026-08-31 07:17:58,10.06,7.58,1152.06,179.1,corridor,16.64,clear,17.745,6.198,0.00,26.36,world
217.60,2026-08-31 07:17:59,10.10,7.47,1149.53,179.1,corridor,16.66,clear,17.745,6.198,0.00,25.86,world
218.10,2026-08-31 07:17:59,10.14,7.30,1146.98,179.1,corridor,16.68,clear,19.211,6.193,0.00,25.61,world
218.60,2026-08-31 07:18:00,10.19,7.02,1144.41,179.1,corridor,16.70,clear,19.211,6.193,0.00,25.60,world
219.10,2026-08-31 07:18:00,10.23,6.63,1141.82,179.1,corridor,16.72,clear,19.167,6.393,0.00,25.75,world
219.60,2026-08-31 07:18:01,10.27,6.21,1139.24,179.1,corridor,16.74,clear,19.167,6.393,0.00,26.16,world
220.10,2026-08-31 07:18:01,10.31,5.85,1136.65,179.1,corridor,16.76,clear,20.413,6.950,0.00,26.81,world
220.60,2026-08-31 07:18:02,10.35,5.55,1134.08,179.1,corridor,16.78,clear,20.413,6.950,0.00,27.69,world
221.10,2026-08-31 07:18:02,10.39,5.27,1131.51,179.1,corridor,16.80,clear,19.436,6.330,0.00,28.77,world
221.60,2026-08-31 07:18:03,10.43,5.03,1128.95,179.1,corridor,16.82,clear,19.436,6.330,0.09,30.02,world
222.10,2026-08-31 07:18:03,10.46,4.93,1126.41,179.1,corridor,16.84,clear,22.977,6.573,2.62,31.41,world
222.60,2026-08-31 07:18:04,10.49,4.98,1123.93,179.1,corridor,16.86,clear,22.977,6.573,5.10,32.90,world
223.10,2026-08-31 07:18:04,10.51,5.15,1121.51,179.1,corridor,16.88,clear,21.601,6.974,7.53,34.47,world
223.60,2026-08-31 07:18:05,10.54,5.40,1119.13,179.1,corridor,16.90,clear,21.601,6.974,9.90,36.11,world
224.10,2026-08-31 07:18:05,10.57,5.76,1116.83,179.1,corridor,16.92,clear,19.274,5.667,12.21,37.76,world
224.60,2026-08-31 07:18:06,10.59,6.22,1114.62,179.1,corridor,16.94,clear,19.274,5.667,14.42,39.41,world
225.10,2026-08-31 07:18:06,10.62,6.75,1112.48,179.1,corridor,16.96,clear,19.865,7.894,16.56,41.06,world
225.60,2026-08-31 07:18:07,10.64,7.28,1110.34,179.1,corridor,16.98,clear,19.865,7.894,18.70,42.75,world
226.10,2026-08-31 07:18:07,10.66,7.74,1108.13,179.1,corridor,17.00,clear,18.883,6.462,20.91,44.54,world
226.60,2026-08-31 07:18:08,10.69,8.09,1105.82,179.1,corridor,17.02,clear,18.883,6.462,23.21,46.44,world
227.10,2026-08-31 07:18:08,10.72,8.29,1103.41,179.1,corridor,17.04,clear,18.557,5.517,25.62,48.46,world
227.60,2026-08-31 07:18:09,10.75,8.31,1100.92,179.1,corridor,17.06,clear,18.557,5.517,28.11,50.60,world
228.10,2026-08-31 07:18:09,10.78,8.13,1098.37,179.1,corridor,17.08,clear,21.039,6.273,30.66,52.81,world
228.60,2026-08-31 07:18:10,10.82,7.84,1095.80,179.1,corridor,17.10,clear,21.039,6.273,33.24,55.08,world
229.10,2026-08-31 07:18:10,10.86,7.45,1093.21,179.1,corridor,17.12,clear,18.692,29.759,35.82,57.38,world
229.60,2026-08-31 07:18:11,10.90,7.03,1090.63,179.1,corridor,17.14,clear,18.692,29.759,38.41,59.71,world
230.10,2026-08-31 07:18:11,10.94,6.73,1088.06,179.1,corridor,17.16,clear,19.578,6.628,40.98,62.05,world
230.60,2026-08-31 07:18:12,10.98,6.72,1085.56,179.1,corridor,17.18,clear,19.578,6.628,43.48,64.34,world
231.10,2026-08-31 07:18:12,11.02,6.91,1083.15,179.1,corridor,17.20,clear,18.618,6.423,45.89,66.56,world
231.60,2026-08-31 07:18:13,11.06,7.14,1080.77,179.1,corridor,17.22,clear,18.618,6.423,48.27,68.77,world
232.10,2026-08-31 07:18:13,11.10,7.26,1078.32,179.1,corridor,17.24,clear,19.096,5.694,50.71,71.04,world
232.60,2026-08-31 07:18:14,11.15,7.20,1075.81,179.1,corridor,17.26,clear,19.096,5.694,53.23,73.40,world
233.10,2026-08-31 07:18:14,11.19,7.07,1073.26,179.1,corridor,17.28,clear,20.514,29.760,55.77,75.79,world
233.60,2026-08-31 07:18:15,11.24,6.92,1070.71,179.1,corridor,17.30,clear,20.514,29.760,58.32,78.20,world
234.10,2026-08-31 07:18:15,11.29,6.84,1068.18,179.1,corridor,17.32,clear,19.807,26.359,60.86,80.60,world
234.60,2026-08-31 07:18:16,11.34,6.82,1065.67,179.1,corridor,17.34,clear,19.807,26.359,63.37,82.99,world
235.10,2026-08-31 07:18:16,11.39,6.77,1063.15,179.1,corridor,17.36,clear,18.236,6.074,65.89,85.40,world
235.60,2026-08-31 07:18:17,11.44,6.59,1060.59,179.1,corridor,17.38,clear,18.236,6.074,68.44,87.84,world
236.10,2026-08-31 07:18:17,11.48,6.25,1058.02,179.1,corridor,17.40,clear,23.674,5.996,71.02,90.31,world
236.60,2026-08-31 07:18:18,11.52,5.82,1055.43,179.1,corridor,17.42,clear,23.674,5.996,73.61,92.79,world
237.10,2026-08-31 07:18:18,11.55,5.45,1052.85,179.1,corridor,17.44,clear,19.779,6.423,76.19,95.28,world
237.60,2026-08-31 07:18:19,11.59,5.10,1050.27,179.1,corridor,17.46,clear,19.779,6.423,78.77,97.76,world
238.10,2026-08-31 07:18:19,11.63,4.76,1047.69,179.1,corridor,17.48,clear,20.903,7.734,81.35,100.26,world
238.60,2026-08-31 07:18:20,11.67,4.50,1045.12,179.1,corridor,17.50,clear,20.903,7.734,83.92,102.74,world
239.10,2026-08-31 07:18:20,11.70,4.33,1042.57,179.1,corridor,17.52,clear,22.253,6.323,86.47,105.21,world
239.60,2026-08-31 07:18:21,11.74,4.10,1040.01,179.1,corridor,17.54,clear,22.253,6.323,89.03,107.70,world
240.10,2026-08-31 07:18:21,11.78,3.80,1037.43,179.1,corridor,17.56,clear,17.483,5.884,91.61,110.20,world
240.60,2026-08-31 07:18:22,11.81,3.54,1034.86,179.1,corridor,17.58,clear,17.483,5.884,94.18,112.71,world
241.10,2026-08-31 07:18:22,11.85,3.24,1032.29,179.1,corridor,17.60,clear,18.005,5.446,96.75,115.21,world
241.60,2026-08-31 07:18:23,11.88,2.81,1029.70,179.1,corridor,17.62,clear,18.005,5.446,99.34,117.74,world
242.10,2026-08-31 07:18:23,11.92,2.47,1027.13,179.1,corridor,17.64,clear,18.094,5.989,101.92,120.25,world
242.60,2026-08-31 07:18:24,11.95,2.31,1024.58,179.1,corridor,17.66,clear,18.094,5.989,104.47,122.74,world
243.10,2026-08-31 07:18:24,11.98,2.11,1022.01,179.1,corridor,17.68,clear,18.600,5.387,107.03,125.25,world
243.60,2026-08-31 07:18:25,12.02,1.61,1019.42,179.1,corridor,17.70,clear,18.600,5.387,109.62,127.79,world
244.10,2026-08-31 07:18:25,12.06,0.90,1016.84,179.1,corridor,17.72,clear,17.046,5.456,112.20,130.32,world
244.60,2026-08-31 07:18:26,12.10,0.22,1014.26,179.1,corridor,17.74,clear,17.046,5.456,114.78,132.85,world
245.10,2026-08-31 07:18:26,12.14,-0.37,1011.67,179.1,corridor,17.76,clear,18.643,5.895,117.38,135.40,world
245.60,2026-08-31 07:18:27,12.18,-0.83,1009.08,179.1,corridor,17.78,clear,18.643,5.895,119.97,137.94,world
246.10,2026-08-31 07:18:27,12.22,-1.07,1006.51,179.1,corridor,17.80,clear,20.188,5.826,122.53,140.47,world
246.60,2026-08-31 07:18:28,12.26,-1.09,1004.00,179.1,corridor,17.82,clear,20.188,5.826,125.04,142.94,world
247.10,2026-08-31 07:18:28,12.30,-0.92,1001.58,179.1,corridor,17.84,clear,16.784,5.171,127.46,145.32,world
247.60,2026-08-31 07:18:29,12.33,-0.55,999.31,179.1,corridor,17.86,clear,16.784,5.171,129.74,147.56,world
248.10,2026-08-31 07:18:29,12.37,-0.02,997.19,179.1,corridor,17.88,clear,17.829,5.768,131.86,149.64,world
248.60,2026-08-31 07:18:30,12.40,0.57,995.15,179.1,corridor,17.90,clear,17.829,5.768,133.90,151.66,world
249.10,2026-08-31 07:18:30,12.43,1.14,993.08,179.1,corridor,17.92,clear,16.752,5.251,135.97,153.70,world
249.60,2026-08-31 07:18:31,12.47,1.65,990.94,179.1,corridor,17.94,clear,16.752,5.251,138.11,155.81,world
250.10,2026-08-31 07:18:31,12.50,2.12,988.76,179.1,corridor,17.96,clear,20.038,6.702,140.29,157.96,world
250.60,2026-08-31 07:18:32,12.53,2.64,986.62,179.1,corridor,17.98,clear,20.038,6.702,142.42,160.07,world
251.10,2026-08-31 07:18:32,12.56,3.21,984.56,179.1,corridor,18.00,clear,20.471,9.651,144.49,162.10,world
251.60,2026-08-31 07:18:33,12.59,3.77,982.48,179.1,corridor,18.02,clear,20.471,9.651,146.56,164.16,world
252.10,2026-08-31 07:18:33,12.63,4.22,980.28,179.1,corridor,18.04,clear,17.018,5.671,148.77,166.33,world
252.60,2026-08-31 07:18:34,12.67,4.47,977.91,179.1,corridor,18.06,clear,17.018,5.671,151.14,168.68,world
253.10,2026-08-31 07:18:34,12.71,4.55,975.44,179.1,corridor,18.08,clear,17.404,5.685,153.61,171.12,world
253.60,2026-08-31 07:18:35,12.75,4.63,972.97,179.1,corridor,18.10,clear,17.404,5.685,156.08,173.57,world
254.10,2026-08-31 07:18:35,12.80,4.69,970.49,179.1,corridor,18.12,clear,16.843,5.634,158.56,176.02,world
254.60,2026-08-31 07:18:36,12.85,4.67,967.98,179.1,corridor,18.14,clear,16.843,5.634,161.07,178.51,world
255.10,2026-08-31 07:18:36,12.90,4.56,965.43,179.1,corridor,18.16,clear,16.963,5.429,163.62,181.03,world
255.60,2026-08-31 07:18:37,12.95,4.47,962.89,179.1,corridor,18.18,clear,16.963,5.429,166.16,179.56,world
256.10,2026-08-31 07:18:37,13.00,4.57,960.43,179.1,corridor,18.20,clear,19.425,6.038,168.62,177.29,world
256.60,2026-08-31 07:18:38,13.04,4.77,958.02,179.1,corridor,18.22,clear,19.425,6.038,171.03,175.09,world
257.10,2026-08-31 07:18:38,13.08,4.88,955.56,179.1,corridor,18.24,clear,17.148,5.517,173.49,172.85,world
257.60,2026-08-31 07:18:39,13.13,4.93,953.08,179.2,corridor,18.26,clear,17.148,5.517,175.97,170.58,world
258.10,2026-08-31 07:18:39,13.17,5.02,950.61,179.2,corridor,18.28,clear,17.138,5.595,178.44,168.34,world
258.60,2026-08-31 07:18:40,13.21,5.13,948.15,179.2,corridor,18.30,clear,17.138,5.595,180.90,166.11,world
259.10,2026-08-31 07:18:40,13.26,5.12,945.65,179.2,corridor,18.32,clear,20.244,7.988,183.41,163.85,world
259.60,2026-08-31 07:18:41,13.31,4.88,943.08,179.2,corridor,18.34,clear,20.244,7.988,185.98,161.53,world
260.10,2026-08-31 07:18:41,13.36,4.57,940.49,179.2,corridor,18.36,clear,16.877,6.017,188.56,159.22,world
260.60,2026-08-31 07:18:42,13.40,4.36,937.93,179.2,corridor,18.38,clear,16.877,6.017,191.12,156.93,world
261.10,2026-08-31 07:18:42,13.44,4.27,935.40,179.2,corridor,18.40,clear,16.958,5.303,193.65,154.68,world
261.60,2026-08-31 07:18:43,13.48,4.21,932.88,179.2,corridor,18.42,clear,16.958,5.303,196.18,152.44,world
262.10,2026-08-31 07:18:43,13.53,4.13,930.35,179.2,corridor,18.44,clear,18.371,6.244,198.70,150.21,world
262.60,2026-08-31 07:18:44,13.57,4.12,927.84,179.2,corridor,18.46,clear,18.371,6.244,201.21,148.00,world
263.10,2026-08-31 07:18:44,13.61,4.17,925.36,179.2,corridor,18.48,clear,22.209,6.217,203.70,145.83,world
263.60,2026-08-31 07:18:45,13.65,4.31,922.92,179.2,corridor,18.50,clear,22.209,6.217,206.14,143.70,world
264.10,2026-08-31 07:18:45,13.69,4.57,920.55,179.2,corridor,18.52,clear,17.274,6.132,208.51,141.65,world
264.60,2026-08-31 07:18:46,13.73,4.91,918.24,179.2,corridor,18.54,clear,17.274,6.132,210.82,139.65,world
265.10,2026-08-31 07:18:46,13.77,5.23,915.92,179.2,corridor,18.56,clear,20.617,6.550,213.14,137.65,world
265.60,2026-08-31 07:18:47,13.81,5.49,913.55,179.2,corridor,18.58,clear,20.617,6.550,215.51,135.61,world
266.10,2026-08-31 07:18:47,13.86,5.76,911.18,179.2,corridor,18.60,clear,18.094,5.372,217.88,133.49,world
266.60,2026-08-31 07:18:48,13.90,6.04,908.82,179.2,corridor,18.62,clear,18.094,5.372,220.24,131.39,world
267.10,2026-08-31 07:18:48,13.94,6.22,906.40,179.2,corridor,18.64,clear,17.417,5.459,222.66,129.25,world
267.60,2026-08-31 07:18:49,13.99,6.15,903.88,179.2,corridor,18.66,clear,17.417,5.459,225.18,127.02,world
268.10,2026-08-31 07:18:49,14.03,5.77,901.29,179.2,corridor,18.68,clear,19.666,9.730,227.77,124.75,world
268.60,2026-08-31 07:18:50,14.08,5.27,898.69,179.2,corridor,18.70,clear,19.666,9.730,230.37,122.48,world
269.10,2026-08-31 07:18:50,14.13,4.73,896.10,179.2,corridor,18.72,clear,17.853,7.116,232.96,120.23,world
269.60,2026-08-31 07:18:51,14.17,4.10,893.51,179.2,corridor,18.74,clear,17.853,7.116,235.55,118.00,world
270.10,2026-08-31 07:18:51,14.21,3.34,890.94,179.2,corridor,18.76,clear,18.155,5.526,238.12,115.81,world
270.60,2026-08-31 07:18:52,14.25,2.61,888.36,179.2,corridor,18.78,clear,18.155,5.526,240.70,113.62,world
271.10,2026-08-31 07:18:52,14.29,2.10,885.77,179.2,corridor,18.80,clear,17.619,5.536,243.29,111.43,world
271.60,2026-08-31 07:18:53,14.32,1.74,883.18,179.2,corridor,18.82,clear,17.619,5.536,245.88,109.27,world
272.10,2026-08-31 07:18:53,14.36,1.26,880.59,179.2,corridor,18.84,clear,19.264,5.875,248.47,107.13,world
272.60,2026-08-31 07:18:54,14.41,0.59,878.01,179.2,corridor,18.86,clear,19.264,5.875,251.06,105.01,world
273.10,2026-08-31 07:18:54,14.45,-0.01,875.42,179.2,corridor,18.88,clear,18.724,5.692,253.65,102.90,world
273.60,2026-08-31 07:18:55,14.49,-0.39,872.83,179.2,corridor,18.90,clear,18.724,5.692,256.23,100.82,world
274.10,2026-08-31 07:18:55,14.53,-0.65,870.26,179.2,corridor,18.92,clear,17.618,5.302,258.81,98.78,world
274.60,2026-08-31 07:18:56,14.57,-0.91,867.68,179.2,corridor,18.94,clear,17.618,5.302,261.38,96.76,world
275.10,2026-08-31 07:18:56,14.61,-1.23,865.10,179.2,corridor,18.96,clear,17.226,5.786,263.96,94.76,world
275.60,2026-08-31 07:18:57,14.65,-1.61,862.52,179.2,corridor,18.98,clear,17.226,5.786,266.55,92.79,world
276.10,2026-08-31 07:18:57,14.68,-1.99,859.93,179.2,corridor,19.00,clear,21.957,27.080,269.14,90.85,world
276.60,2026-08-31 07:18:58,14.71,-2.39,857.34,179.2,corridor,19.02,clear,21.957,27.080,271.73,88.94,world
277.10,2026-08-31 07:18:58,14.74,-2.69,854.76,179.2,corridor,19.04,clear,20.403,5.373,274.31,87.08,world
277.60,2026-08-31 07:18:59,14.77,-2.77,852.23,179.2,corridor,19.06,clear,20.403,5.373,276.84,85.29,world
278.10,2026-08-31 07:18:59,14.79,-2.59,849.79,179.2,corridor,19.08,clear,24.944,24.530,279.27,83.61,world
278.60,2026-08-31 07:19:00,14.82,-2.30,847.43,179.2,corridor,19.10,clear,24.944,24.530,281.63,82.01,world
279.10,2026-08-31 07:19:00,14.84,-2.00,845.07,179.2,corridor,19.12,clear,18.677,5.404,283.99,80.46,world
279.60,2026-08-31 07:19:01,14.87,-1.77,842.68,179.2,corridor,19.14,clear,18.677,5.404,286.39,78.91,world
280.10,2026-08-31 07:19:01,14.90,-1.59,840.26,179.2,corridor,19.16,clear,18.542,5.601,288.80,77.40,world
280.60,2026-08-31 07:19:02,14.93,-1.38,837.87,179.2,corridor,19.18,clear,18.542,5.601,291.19,75.95,world
281.10,2026-08-31 07:19:02,14.96,-1.09,835.53,179.2,corridor,19.20,clear,17.796,5.239,293.54,74.56,world
281.60,2026-08-31 07:19:03,15.00,-0.81,833.18,179.2,corridor,19.22,clear,17.796,5.239,295.89,73.23,world
282.10,2026-08-31 07:19:03,15.04,-0.67,830.75,179.2,corridor,19.24,clear,17.955,5.760,298.32,71.90,world
282.60,2026-08-31 07:19:04,15.07,-0.72,828.23,179.2,corridor,19.26,clear,17.955,5.760,300.83,70.58,world
283.10,2026-08-31 07:19:04,15.11,-0.90,825.68,179.2,corridor,19.28,clear,18.207,5.995,303.39,69.32,world
283.60,2026-08-31 07:19:05,15.15,-1.23,823.10,179.2,corridor,19.30,clear,18.207,5.995,305.97,68.12,world
284.10,2026-08-31 07:19:05,15.19,-1.73,820.51,179.2,corridor,19.32,clear,20.975,7.001,308.55,66.99,world
284.60,2026-08-31 07:19:06,15.22,-2.39,817.93,179.2,corridor,19.34,clear,20.975,7.001,311.14,65.95,world
285.10,2026-08-31 07:19:06,15.26,-3.07,815.35,179.2,corridor,19.36,clear,19.289,6.191,313.72,64.99,world
285.60,2026-08-31 07:19:07,15.30,-3.61,812.76,179.2,corridor,19.38,clear,19.289,6.191,316.31,64.12,world
286.10,2026-08-31 07:19:07,15.34,-3.78,810.21,179.2,corridor,19.40,clear,18.960,6.573,318.86,63.35,world
286.60,2026-08-31 07:19:08,15.38,-3.62,807.79,179.2,corridor,19.42,clear,18.960,6.573,321.28,62.70,world
287.10,2026-08-31 07:19:08,15.42,-3.40,805.40,179.2,corridor,19.44,clear,21.876,7.052,323.67,62.15,world
287.60,2026-08-31 07:19:09,15.46,-3.23,802.98,179.2,corridor,19.46,clear,21.876,7.052,326.09,61.68,world
288.10,2026-08-31 07:19:09,15.49,-3.09,800.54,179.2,corridor,19.48,clear,18.248,5.324,328.53,61.31,world
288.60,2026-08-31 07:19:10,15.53,-2.93,798.11,179.2,corridor,19.50,clear,18.248,5.324,330.96,61.03,world
289.10,2026-08-31 07:19:10,15.57,-2.89,795.63,179.2,corridor,19.52,clear,17.968,5.422,333.44,60.85,world
289.60,2026-08-31 07:19:11,15.61,-3.08,793.08,179.2,corridor,19.54,clear,17.968,5.422,335.99,60.76,world
290.10,2026-08-31 07:19:11,15.65,-3.41,790.49,179.2,corridor,19.56,clear,18.095,5.661,338.58,60.78,world
290.60,2026-08-31 07:19:12,15.69,-3.73,787.91,179.2,corridor,19.58,clear,18.095,5.661,341.16,60.58,world
291.10,2026-08-31 07:19:12,15.73,-4.01,785.33,179.2,corridor,19.60,clear,18.430,7.009,343.74,60.45,world
291.60,2026-08-31 07:19:13,15.77,-4.27,782.76,179.2,corridor,19.62,clear,18.430,7.009,346.31,60.43,world
292.10,2026-08-31 07:19:13,15.81,-4.48,780.20,179.2,corridor,19.64,clear,18.521,5.433,348.87,60.52,world
292.60,2026-08-31 07:19:14,15.85,-4.62,777.65,179.2,corridor,19.66,clear,18.521,5.433,351.42,60.72,world
293.10,2026-08-31 07:19:14,15.89,-4.87,775.09,179.2,corridor,19.68,clear,19.394,10.424,353.99,61.03,world
293.60,2026-08-31 07:19:15,15.93,-5.23,772.50,179.2,corridor,19.70,clear,19.394,10.424,356.58,61.44,world
294.10,2026-08-31 07:19:15,15.98,-5.50,769.92,179.2,corridor,19.72,clear,18.286,5.273,359.15,61.30,world
294.60,2026-08-31 07:19:16,16.02,-5.55,767.40,179.2,corridor,19.74,clear,18.286,5.273,361.67,59.13,world
295.10,2026-08-31 07:19:16,16.07,-5.57,764.89,179.2,corridor,19.76,clear,21.751,8.134,364.19,57.00,world
295.60,2026-08-31 07:19:17,16.11,-5.70,762.35,179.2,corridor,19.78,clear,21.751,8.134,366.73,54.87,world
296.10,2026-08-31 07:19:17,16.16,-5.82,759.80,179.2,corridor,19.80,clear,18.670,5.528,369.28,52.77,world
296.60,2026-08-31 07:19:18,16.21,-5.81,757.29,179.2,corridor,19.82,clear,18.670,5.528,371.78,50.75,world
297.10,2026-08-31 07:19:18,16.25,-5.79,754.80,179.2,corridor,19.84,clear,17.938,5.414,374.28,48.78,world
297.60,2026-08-31 07:19:19,16.29,-5.77,752.31,179.2,corridor,19.86,clear,17.938,5.414,376.77,46.87,world
298.10,2026-08-31 07:19:19,16.33,-5.71,749.83,179.2,corridor,19.88,clear,22.997,9.010,379.25,45.03,world
298.60,2026-08-31 07:19:20,16.36,-5.67,747.35,179.2,corridor,19.90,clear,22.997,9.010,381.73,43.25,world
299.10,2026-08-31 07:19:20,16.40,-5.75,744.82,179.2,corridor,19.92,clear,18.348,7.103,384.26,41.51,world
299.60,2026-08-31 07:19:21,16.44,-5.84,742.29,179.2,corridor,19.94,clear,18.348,7.103,386.79,39.85,world
300.10,2026-08-31 07:19:21,16.48,-5.70,739.85,179.2,corridor,19.96,clear,19.680,7.730,389.23,38.34,world
300.60,2026-08-31 07:19:22,16.51,-5.40,737.52,179.2,corridor,19.98,clear,19.680,7.730,391.56,36.99,world
301.10,2026-08-31 07:19:22,16.55,-5.13,735.16,179.2,corridor,20.00,clear,30.184,7.257,393.92,36.02,world
301.60,2026-08-31 07:19:23,16.58,-5.01,732.72,179.2,corridor,20.02,clear,30.184,7.257,396.36,35.18,world
302.10,2026-08-31 07:19:23,16.62,-5.07,730.20,179.2,corridor,20.04,clear,20.962,7.837,398.88,34.37,world
302.60,2026-08-31 07:19:24,16.65,-5.29,727.64,179.2,corridor,20.06,clear,20.962,7.837,401.44,33.64,world
303.10,2026-08-31 07:19:24,16.69,-5.53,725.07,179.2,corridor,20.08,clear,21.840,8.352,404.01,33.00,world
303.60,2026-08-31 07:19:25,16.72,-5.61,722.55,179.2,corridor,20.10,clear,21.840,8.352,406.54,32.48,world
304.10,2026-08-31 07:19:25,16.75,-5.50,720.09,179.2,corridor,20.12,clear,27.477,11.194,408.99,31.92,world
304.60,2026-08-31 07:19:26,16.79,-5.45,717.61,179.2,corridor,20.14,clear,27.477,11.194,411.47,31.52,world
305.10,2026-08-31 07:19:26,16.83,-5.60,715.07,179.2,corridor,20.16,clear,23.336,9.947,414.01,31.31,world
305.60,2026-08-31 07:19:27,16.87,-5.83,712.50,179.2,corridor,20.18,clear,23.336,9.947,416.58,31.31,world
306.10,2026-08-31 07:19:27,16.91,-5.97,709.96,179.2,corridor,20.20,clear,23.153,10.463,419.13,31.73,world
306.60,2026-08-31 07:19:28,16.95,-6.00,707.45,179.2,corridor,20.22,clear,23.153,10.463,421.64,32.88,world
307.10,2026-08-31 07:19:28,16.99,-5.86,705.01,179.2,corridor,20.24,clear,23.632,9.608,424.07,33.33,world
307.60,2026-08-31 07:19:29,17.02,-5.51,702.71,179.2,corridor,20.26,clear,23.632,9.608,426.37,33.46,world
308.10,2026-08-31 07:19:29,17.06,-5.02,700.54,179.2,corridor,20.28,clear,22.669,8.319,428.54,31.35,world
308.60,2026-08-31 07:19:30,17.09,-4.50,698.41,179.2,corridor,20.30,clear,22.669,8.319,0.00,29.29,world
309.10,2026-08-31 07:19:30,17.12,-4.00,696.26,179.2,corridor,20.32,clear,25.975,11.168,0.00,27.21,world
309.60,2026-08-31 07:19:31,17.15,-3.51,694.11,179.2,corridor,20.34,clear,25.975,11.168,0.00,25.15,world
310.10,2026-08-31 07:19:31,17.18,-3.03,691.93,179.2,corridor,20.36,clear,22.154,49.137,0.00,23.07,world
310.60,2026-08-31 07:19:32,17.20,-2.73,689.60,179.2,corridor,20.38,clear,22.154,49.137,0.00,20.88,world
311.10,2026-08-31 07:19:32,17.23,-2.76,687.09,179.2,corridor,20.40,clear,28.944,11.398,0.00,18.56,world
311.60,2026-08-31 07:19:33,17.26,-3.01,684.52,179.2,corridor,20.42,clear,28.944,11.398,0.00,16.24,world
312.10,2026-08-31 07:19:33,17.29,-3.21,681.96,179.2,corridor,20.44,clear,24.465,9.259,0.00,14.01,world
312.60,2026-08-31 07:19:34,17.32,-3.19,679.46,179.2,corridor,20.46,clear,24.465,9.259,0.00,11.96,world
313.10,2026-08-31 07:19:34,17.35,-3.12,676.98,179.2,corridor,20.48,clear,21.550,9.150,0.00,10.14,world
313.60,2026-08-31 07:19:35,17.38,-3.08,674.49,179.2,corridor,20.50,clear,21.550,9.150,0.00,8.64,world
314.10,2026-08-31 07:19:35,17.41,-3.06,672.00,179.2,corridor,20.52,clear,30.989,18.882,0.00,7.67,world
314.60,2026-08-31 07:19:36,17.44,-3.07,669.49,179.2,corridor,20.54,clear,30.989,18.882,0.00,7.46,world
315.10,2026-08-31 07:19:36,17.48,-3.16,666.96,179.2,corridor,20.56,clear,23.245,9.193,0.00,8.07,world
315.60,2026-08-31 07:19:37,17.51,-3.30,664.42,179.2,corridor,20.58,clear,23.245,9.193,0.00,9.36,world
316.10,2026-08-31 07:19:37,17.55,-3.39,661.89,179.2,corridor,20.60,clear,25.356,11.701,0.00,11.08,world
316.60,2026-08-31 07:19:38,17.58,-3.42,659.38,179.2,corridor,20.62,clear,25.356,11.701,0.00,13.05,world
317.10,2026-08-31 07:19:38,17.62,-3.41,656.88,179.2,corridor,20.64,clear,25.205,9.709,0.00,15.17,world
317.60,2026-08-31 07:19:39,17.43,-3.28,654.29,179.1,corridor,20.66,clear,25.205,9.709,0.00,17.38,world
318.10,2026-08-31 07:19:39,17.46,-2.98,651.96,179.1,corridor,20.68,clear,25.119,9.765,0.00,19.53,world
318.60,2026-08-31 07:19:40,17.64,-2.48,649.54,179.2,corridor,20.70,clear,25.119,9.765,0.00,21.84,world
319.10,2026-08-31 07:19:40,17.67,-1.98,647.37,179.2,corridor,20.72,clear,22.962,8.636,0.00,23.89,world
319.60,2026-08-31 07:19:41,17.70,-1.49,645.21,179.2,corridor,20.74,clear,22.962,8.636,0.00,25.96,world
320.10,2026-08-31 07:19:41,17.72,-0.96,643.09,179.2,corridor,20.76,clear,25.301,9.283,0.00,28.00,world
320.60,2026-08-31 07:19:42,17.75,-0.42,640.97,179.1,corridor,20.78,clear,25.301,9.283,0.07,30.04,world
321.10,2026-08-31 07:19:42,17.78,0.04,638.78,179.1,corridor,20.80,clear,23.401,11.141,2.26,32.17,world
321.60,2026-08-31 07:19:43,17.81,0.41,636.49,179.1,corridor,20.82,clear,23.401,11.141,4.55,34.41,world
322.10,2026-08-31 07:19:43,17.83,0.72,634.16,179.1,corridor,20.84,clear,22.354,9.689,6.89,36.69,world
322.60,2026-08-31 07:19:44,17.86,1.07,631.84,179.1,corridor,20.86,clear,22.354,9.689,9.20,38.96,world
323.10,2026-08-31 07:19:44,17.88,1.43,629.55,179.1,corridor,20.88,clear,23.752,10.750,11.50,41.21,world
323.60,2026-08-31 07:19:45,17.91,1.80,627.26,179.1,corridor,20.90,clear,23.752,10.750,13.79,43.47,world
324.10,2026-08-31 07:19:45,17.94,2.18,624.98,179.1,corridor,20.92,clear,28.208,12.529,16.07,45.72,world
324.60,2026-08-31 07:19:46,17.97,2.57,622.70,179.1,corridor,20.94,clear,28.208,12.529,18.34,47.96,world
325.10,2026-08-31 07:19:46,18.00,2.87,620.37,179.1,corridor,20.96,clear,24.083,10.378,20.67,50.27,world
325.60,2026-08-31 07:19:47,18.03,2.93,617.90,179.1,corridor,20.98,clear,24.083,10.378,23.14,52.71,world
326.10,2026-08-31 07:19:47,18.07,2.64,615.33,179.1,corridor,21.00,clear,23.005,8.724,25.72,55.26,world
326.60,2026-08-31 07:19:48,18.10,2.22,612.74,179.1,corridor,21.02,clear,23.005,8.724,28.31,57.83,world
327.10,2026-08-31 07:19:48,18.14,1.81,610.14,179.1,corridor,21.04,clear,23.435,11.415,30.90,60.41,world
327.60,2026-08-31 07:19:49,18.18,1.55,607.57,179.1,corridor,21.06,clear,23.435,11.415,33.47,62.96,world
328.10,2026-08-31 07:19:49,18.22,1.48,605.05,179.1,corridor,21.08,clear,22.376,9.245,36.00,65.47,world
328.60,2026-08-31 07:19:50,18.25,1.54,602.57,179.1,corridor,21.10,clear,22.376,9.245,38.48,67.93,world
329.10,2026-08-31 07:19:50,18.29,1.57,600.08,179.1,corridor,21.12,clear,24.363,9.911,40.96,70.41,world
329.60,2026-08-31 07:19:51,18.32,1.47,597.55,179.1,corridor,21.14,clear,24.363,9.911,43.49,72.92,world
330.10,2026-08-31 07:19:51,18.36,1.44,595.04,179.1,corridor,21.16,clear,22.891,9.351,46.01,75.42,world
330.60,2026-08-31 07:19:52,18.39,1.52,592.58,179.1,corridor,21.18,clear,22.891,9.351,48.47,77.88,world
331.10,2026-08-31 07:19:52,18.61,1.64,590.75,179.2,corridor,21.20,clear,22.769,22.779,50.42,79.71,world
331.60,2026-08-31 07:19:53,19.21,1.76,588.87,179.2,corridor,21.22,clear,22.769,22.779,52.52,81.65,world
332.10,2026-08-31 07:19:53,19.25,1.96,586.47,179.2,corridor,21.24,clear,24.375,33.734,54.92,84.04,world
332.60,2026-08-31 07:19:54,19.29,2.21,584.10,179.2,corridor,21.26,clear,24.375,33.734,57.29,86.40,world
333.10,2026-08-31 07:19:54,19.65,2.30,581.65,179.2,corridor,21.28,clear,26.477,11.495,59.83,88.87,world
333.60,2026-08-31 07:19:55,19.54,2.22,578.92,179.2,corridor,21.30,clear,26.477,11.495,62.59,91.58,world
334.10,2026-08-31 07:19:55,19.58,2.09,576.37,179.2,corridor,21.32,clear,24.385,10.689,65.14,94.12,world
334.60,2026-08-31 07:19:56,19.63,2.05,573.85,179.2,corridor,21.34,clear,24.385,10.689,67.65,96.63,world
335.10,2026-08-31 07:19:56,19.61,2.05,573.60,-170.3,corridor,21.36,clear,30.033,8.833,67.93,96.88,world
335.60,2026-08-31 07:19:57,17.50,2.38,573.57,-90.8,corridor,21.38,clear,30.033,8.833,70.03,96.72,world
336.10,2026-08-31 07:19:57,16.03,2.62,572.70,178.9,corridor,21.40,clear,22.127,12.708,72.23,97.49,world
336.60,2026-08-31 07:19:58,16.08,2.67,570.22,178.9,corridor,21.42,clear,22.127,12.708,74.72,99.97,world
337.10,2026-08-31 07:19:58,16.14,2.74,567.74,178.9,corridor,21.44,clear,25.542,8.160,77.19,102.45,world
337.60,2026-08-31 07:19:59,16.19,2.87,565.29,178.9,corridor,21.46,clear,25.542,8.160,79.64,104.89,world
338.10,2026-08-31 07:19:59,17.15,2.76,565.03,93.6,corridor,21.48,clear,38.043,8.163,80.81,105.22,world
338.60,2026-08-31 07:20:00,17.99,2.85,563.34,179.1,corridor,21.50,clear,38.043,8.163,83.11,106.96,world
339.10,2026-08-31 07:20:00,18.03,3.26,561.09,179.1,corridor,21.52,clear,23.392,8.612,85.36,109.21,world
339.60,2026-08-31 07:20:01,18.07,3.72,558.88,179.1,corridor,21.54,clear,23.392,8.612,87.57,111.41,world
340.10,2026-08-31 07:20:01,18.12,4.08,556.59,179.1,corridor,21.56,clear,23.914,7.988,89.86,113.70,world
340.60,2026-08-31 07:20:02,18.17,4.29,554.19,179.1,corridor,21.58,clear,23.914,7.988,92.26,116.10,world
341.10,2026-08-31 07:20:02,18.21,4.47,551.77,179.1,corridor,21.60,clear,21.598,7.637,94.68,118.51,world
341.60,2026-08-31 07:20:03,18.25,4.66,549.37,179.1,corridor,21.62,clear,21.598,7.637,97.08,120.91,world
342.10,2026-08-31 07:20:03,18.29,4.71,546.89,179.1,corridor,21.64,clear,21.321,7.757,99.56,123.39,world
342.60,2026-08-31 07:20:04,18.34,4.54,544.34,179.1,corridor,21.66,clear,21.321,7.757,102.11,125.93,world
343.10,2026-08-31 07:20:04,18.37,4.35,542.43,179.1,corridor,21.68,clear,24.311,7.381,104.02,127.84,world
343.60,2026-08-31 07:20:05,16.68,4.27,542.37,-91.0,corridor,21.70,clear,24.311,7.381,105.71,127.81,world
344.10,2026-08-31 07:20:05,14.12,4.08,542.32,-91.0,corridor,21.72,clear,22.202,8.247,108.27,127.75,world
344.60,2026-08-31 07:20:06,11.58,3.94,542.26,-101.5,corridor,21.74,clear,22.202,8.247,110.81,127.75,world
345.10,2026-08-31 07:20:06,11.32,3.78,540.01,178.3,corridor,21.76,clear,23.342,8.624,113.21,129.99,world
345.60,2026-08-31 07:20:07,11.39,3.85,537.54,178.3,corridor,21.78,clear,23.342,8.624,115.69,132.46,world
346.10,2026-08-31 07:20:07,11.46,4.05,535.14,178.3,corridor,21.80,clear,22.840,8.448,118.09,134.87,world
346.60,2026-08-31 07:20:08,10.79,4.13,533.56,178.3,corridor,21.82,clear,22.840,8.448,119.95,136.45,world
347.10,2026-08-31 07:20:08,10.83,4.33,531.17,178.3,corridor,21.84,clear,21.828,8.156,122.34,138.83,world
347.60,2026-08-31 07:20:09,10.90,4.46,528.73,178.3,corridor,21.86,clear,21.828,8.156,124.78,141.27,world
348.10,2026-08-31 07:20:09,11.10,4.52,526.04,178.3,corridor,21.88,clear,22.539,7.600,127.50,143.97,world
348.60,2026-08-31 07:20:10,11.17,4.55,523.55,178.3,corridor,21.90,clear,22.539,7.600,129.98,146.45,world
349.10,2026-08-31 07:20:10,11.26,4.57,522.85,178.3,corridor,21.92,clear,22.506,8.423,130.69,147.15,world
349.60,2026-08-31 07:20:11,13.10,4.50,522.92,88.3,corridor,21.94,clear,22.506,8.423,132.54,147.11,world
350.10,2026-08-31 07:20:11,15.30,4.38,522.61,178.7,corridor,21.96,clear,24.905,8.022,134.94,147.49,world
350.60,2026-08-31 07:20:12,15.36,4.47,520.14,178.7,corridor,21.98,clear,24.905,8.022,137.40,149.95,world
351.10,2026-08-31 07:20:12,15.42,4.61,517.71,178.7,corridor,22.00,clear,23.465,7.893,139.84,152.39,world
351.60,2026-08-31 07:20:13,15.48,4.79,515.29,178.7,corridor,22.02,clear,23.465,7.893,142.26,154.81,world
352.10,2026-08-31 07:20:13,15.54,4.98,512.88,178.7,corridor,22.04,clear,22.922,7.716,144.67,157.22,world
352.60,2026-08-31 07:20:14,15.60,5.00,510.39,178.7,corridor,22.06,clear,22.922,7.716,147.16,159.71,world
353.10,2026-08-31 07:20:14,15.66,4.78,507.83,178.7,corridor,22.08,clear,21.523,7.696,149.72,162.27,world
353.60,2026-08-31 07:20:15,15.72,4.46,505.25,178.7,corridor,22.10,clear,21.523,7.696,152.31,164.85,world
354.10,2026-08-31 07:20:15,15.77,4.16,502.67,178.7,corridor,22.12,clear,24.701,7.738,154.89,167.43,world
354.60,2026-08-31 07:20:16,15.83,3.78,500.08,178.7,corridor,22.14,clear,24.701,7.738,157.48,170.02,world
355.10,2026-08-31 07:20:16,15.15,3.65,499.54,-92.8,corridor,22.16,clear,26.542,8.427,158.66,170.54,world
355.60,2026-08-31 07:20:17,14.11,3.33,497.97,178.5,corridor,22.18,clear,26.542,8.427,161.10,172.08,world
356.10,2026-08-31 07:20:17,14.18,3.03,495.39,178.5,corridor,22.20,clear,22.589,8.122,163.68,174.66,world
356.60,2026-08-31 07:20:18,14.25,2.74,492.81,178.5,corridor,22.22,clear,22.589,8.122,166.26,177.24,world
357.10,2026-08-31 07:20:18,14.31,2.30,490.22,178.5,corridor,22.24,clear,22.735,12.727,168.85,179.83,world
357.60,2026-08-31 07:20:19,14.38,1.77,487.62,178.5,corridor,22.26,clear,22.735,12.727,171.45,182.43,world
358.10,2026-08-31 07:20:19,15.15,1.62,487.00,103.0,corridor,22.28,clear,24.957,6.961,172.67,183.07,world
358.60,2026-08-31 07:20:20,16.11,1.23,485.13,178.7,corridor,22.30,clear,24.957,6.961,175.16,184.97,world
359.10,2026-08-31 07:20:20,16.17,0.98,482.56,178.7,corridor,22.32,clear,22.741,10.457,177.73,187.54,world
359.60,2026-08-31 07:20:21,16.76,0.87,480.71,178.8,corridor,22.34,clear,22.741,10.457,179.80,189.41,world
360.10,2026-08-31 07:20:21,16.82,0.82,478.19,178.8,corridor,22.36,clear,22.138,6.856,182.31,191.93,world
360.60,2026-08-31 07:20:22,16.87,0.85,475.70,178.8,corridor,22.38,clear,22.138,6.856,184.80,194.42,world
361.10,2026-08-31 07:20:22,16.93,0.89,473.22,178.8,corridor,22.40,clear,42.418,7.330,187.29,196.90,world
361.60,2026-08-31 07:20:23,17.31,0.83,470.71,178.8,corridor,22.42,clear,42.418,7.330,189.90,197.65,world
362.10,2026-08-31 07:20:23,17.36,0.60,468.14,178.8,corridor,22.44,clear,26.748,7.717,192.47,195.48,world
362.60,2026-08-31 07:20:24,17.63,0.32,465.75,178.8,corridor,22.46,clear,26.748,7.717,194.92,193.58,world
363.10,2026-08-31 07:20:24,17.68,0.12,463.18,178.8,corridor,22.48,clear,30.155,10.362,197.48,191.44,world
363.60,2026-08-31 07:20:25,17.73,-0.03,460.64,178.8,corridor,22.50,clear,30.155,10.362,200.03,189.31,world
364.10,2026-08-31 07:20:25,17.78,-0.20,458.08,178.8,corridor,22.52,clear,24.148,8.412,202.59,187.20,world
364.60,2026-08-31 07:20:26,17.84,-0.41,455.52,178.8,corridor,22.54,clear,24.148,8.412,205.15,185.08,world
365.10,2026-08-31 07:20:26,17.89,-0.56,452.97,178.8,corridor,22.56,clear,24.241,9.907,207.70,183.00,world
365.60,2026-08-31 07:20:27,17.94,-0.61,450.45,178.8,corridor,22.58,clear,24.241,9.907,210.22,180.94,world
366.10,2026-08-31 07:20:27,18.00,-0.59,447.96,178.8,corridor,22.60,clear,25.048,11.037,212.71,178.93,world
366.60,2026-08-31 07:20:28,18.05,-0.63,445.45,178.8,corridor,22.62,clear,25.048,11.037,215.22,176.90,world
367.10,2026-08-31 07:20:28,18.64,-0.75,443.62,178.9,corridor,22.64,clear,24.116,7.986,217.26,175.76,world
367.60,2026-08-31 07:20:29,18.69,-0.95,441.06,178.9,corridor,22.66,clear,24.116,7.986,219.82,173.72,world
368.10,2026-08-31 07:20:29,18.74,-1.04,438.52,178.9,corridor,22.68,clear,26.162,9.653,222.36,171.72,world
368.60,2026-08-31 07:20:30,18.78,-1.05,436.02,178.9,corridor,22.70,clear,26.162,9.653,224.86,169.75,world
369.10,2026-08-31 07:20:30,18.82,-1.07,433.51,178.9,corridor,22.72,clear,29.066,16.673,227.37,167.79,world
369.60,2026-08-31 07:20:31,18.98,-1.03,431.79,178.9,corridor,22.74,clear,29.066,16.673,229.18,166.54,world
370.10,2026-08-31 07:20:31,19.81,-0.91,431.81,88.9,corridor,22.76,clear,25.826,9.041,230.01,167.06,world
370.60,2026-08-31 07:20:32,21.57,-0.51,431.84,88.9,corridor,22.78,clear,25.826,9.041,231.77,168.20,world
371.10,2026-08-31 07:20:32,21.34,-0.54,431.56,179.2,corridor,22.80,clear,23.875,8.775,232.18,167.84,world
371.60,2026-08-31 07:20:33,21.01,-0.44,429.30,179.2,corridor,22.82,clear,23.875,8.775,234.54,165.88,world
372.10,2026-08-31 07:20:33,21.03,-0.19,426.93,179.2,corridor,22.84,clear,23.901,9.136,236.92,164.07,world
372.60,2026-08-31 07:20:34,21.06,-0.01,424.51,179.2,corridor,22.86,clear,23.901,9.136,239.34,162.24,world
373.10,2026-08-31 07:20:34,21.09,0.14,422.08,179.2,corridor,22.88,clear,25.574,11.941,241.77,160.42,world
373.60,2026-08-31 07:20:35,21.12,0.40,419.71,179.2,corridor,22.90,clear,25.574,11.941,244.14,158.66,world
374.10,2026-08-31 07:20:35,21.47,0.83,417.46,179.2,corridor,22.92,clear,25.539,7.889,246.47,157.23,world
374.60,2026-08-31 07:20:36,21.51,1.28,415.25,179.2,corridor,22.94,clear,25.539,7.889,248.68,155.63,world
375.10,2026-08-31 07:20:36,21.53,1.71,413.02,179.2,corridor,22.96,clear,24.986,8.352,250.92,154.02,world
375.60,2026-08-31 07:20:37,21.55,2.05,410.71,179.2,corridor,22.98,clear,24.986,8.352,253.22,152.37,world
376.10,2026-08-31 07:20:37,21.58,2.26,408.31,179.2,corridor,23.00,clear,27.672,9.424,255.62,150.67,world
376.60,2026-08-31 07:20:38,21.61,2.28,405.82,179.2,corridor,23.02,clear,27.672,9.424,258.12,148.93,world
377.10,2026-08-31 07:20:38,21.64,2.20,403.29,179.2,corridor,23.04,clear,23.969,11.469,260.64,147.19,world
377.60,2026-08-31 07:20:39,21.67,2.21,400.80,179.2,corridor,23.06,clear,23.969,11.469,263.14,145.50,world
378.10,2026-08-31 07:20:39,21.70,2.32,398.34,179.2,corridor,23.08,clear,22.220,9.484,265.59,143.85,world
378.60,2026-08-31 07:20:40,21.72,2.43,395.89,179.2,corridor,23.10,clear,22.220,9.484,268.05,142.22,world
379.10,2026-08-31 07:20:40,21.75,2.45,393.39,179.2,corridor,23.12,clear,24.267,8.061,270.55,140.59,world
379.60,2026-08-31 07:20:41,21.78,2.41,390.87,179.2,corridor,23.14,clear,24.267,8.061,273.07,138.98,world
380.10,2026-08-31 07:20:41,21.81,2.31,388.34,179.2,corridor,23.16,clear,22.769,6.474,275.60,137.38,world
380.60,2026-08-31 07:20:42,21.84,2.10,385.77,179.2,corridor,23.18,clear,22.769,6.474,278.17,135.79,world
381.10,2026-08-31 07:20:42,21.87,1.81,383.20,179.2,corridor,23.20,clear,22.900,7.092,280.74,134.23,world
381.60,2026-08-31 07:20:43,21.90,1.58,380.63,179.2,corridor,23.22,clear,22.900,7.092,283.31,132.70,world
382.10,2026-08-31 07:20:43,21.94,1.45,378.08,179.2,corridor,23.24,clear,23.691,7.147,285.86,131.23,world
382.60,2026-08-31 07:20:44,21.96,1.52,375.61,179.2,corridor,23.26,clear,23.691,7.147,288.33,129.82,world
383.10,2026-08-31 07:20:44,21.99,1.83,373.29,179.2,corridor,23.28,clear,26.530,17.428,290.65,128.52,world
383.60,2026-08-31 07:20:45,21.65,2.29,371.11,179.1,corridor,23.30,clear,26.530,17.428,292.92,127.03,world
384.10,2026-08-31 07:20:45,21.67,2.89,369.07,179.1,corridor,23.32,clear,24.857,38.592,294.96,125.94,world
384.60,2026-08-31 07:20:46,21.66,3.17,368.12,-170.4,corridor,23.34,clear,24.857,38.592,295.93,125.42,world
385.10,2026-08-31 07:20:46,20.00,3.18,367.26,178.9,corridor,23.36,clear,25.566,9.048,298.08,123.55,world
385.60,2026-08-31 07:20:47,20.50,3.68,365.80,178.9,corridor,23.38,clear,25.566,9.048,299.72,123.21,world
386.10,2026-08-31 07:20:47,20.60,4.24,363.39,179.0,corridor,23.40,clear,23.070,7.981,302.13,122.05,world
386.60,2026-08-31 07:20:48,20.64,4.58,361.10,179.0,corridor,23.42,clear,23.070,7.981,304.43,120.93,world
387.10,2026-08-31 07:20:48,20.68,4.81,358.72,179.0,corridor,23.44,clear,22.161,7.653,306.81,119.81,world
387.60,2026-08-31 07:20:49,20.73,5.01,356.32,179.0,corridor,23.46,clear,22.161,7.653,309.21,118.72,world
388.10,2026-08-31 07:20:49,20.77,5.23,353.93,179.0,corridor,23.48,clear,21.014,6.452,311.60,117.67,world
388.60,2026-08-31 07:20:50,20.82,5.44,351.53,179.0,corridor,23.50,clear,21.014,6.452,314.00,116.66,world
389.10,2026-08-31 07:20:50,20.87,5.62,349.12,179.0,corridor,23.52,clear,24.136,7.366,316.41,115.69,world
389.60,2026-08-31 07:20:51,20.91,5.84,346.73,179.0,corridor,23.54,clear,24.136,7.366,318.80,114.76,world
390.10,2026-08-31 07:20:51,20.95,6.07,344.35,179.0,corridor,23.56,clear,22.015,6.362,321.18,113.88,world
390.60,2026-08-31 07:20:52,21.00,6.22,341.92,179.0,corridor,23.58,clear,22.015,6.362,323.61,113.02,world
391.10,2026-08-31 07:20:52,21.60,6.28,339.85,179.1,corridor,23.60,clear,22.143,6.777,325.89,112.86,world
391.60,2026-08-31 07:20:53,21.64,6.30,337.36,179.1,corridor,23.62,clear,22.143,6.777,328.38,112.07,world
392.10,2026-08-31 07:20:53,21.68,6.29,335.47,179.1,corridor,23.64,clear,23.667,8.780,330.27,111.51,world
392.60,2026-08-31 07:20:54,20.97,6.35,335.46,-90.9,corridor,23.66,clear,23.667,8.780,330.97,110.84,world
393.10,2026-08-31 07:20:54,18.60,6.58,335.42,-90.9,corridor,23.68,clear,23.442,7.718,333.35,108.57,world
393.60,2026-08-31 07:20:55,17.98,6.78,333.70,178.4,corridor,23.70,clear,23.442,7.718,335.58,107.45,world
394.10,2026-08-31 07:20:55,18.05,6.89,331.25,178.4,corridor,23.72,clear,28.329,9.785,338.03,106.81,world
394.60,2026-08-31 07:20:56,18.13,7.03,328.80,178.4,corridor,23.74,clear,28.329,9.785,340.48,106.22,world
395.10,2026-08-31 07:20:56,18.20,7.25,326.41,178.4,corridor,23.76,clear,26.421,9.979,342.88,105.70,world
395.60,2026-08-31 07:20:57,18.28,7.52,324.04,178.4,corridor,23.78,clear,26.421,9.979,345.24,105.23,world
396.10,2026-08-31 07:20:57,18.54,7.72,321.47,178.5,corridor,23.80,clear,27.185,9.931,347.85,104.96,world
396.60,2026-08-31 07:20:58,18.61,7.79,319.00,178.5,corridor,23.82,clear,27.185,9.931,350.32,104.59,world
397.10,2026-08-31 07:20:58,18.69,7.62,316.45,178.5,corridor,23.84,clear,26.338,8.871,352.87,104.26,world
397.60,2026-08-31 07:20:59,18.76,7.31,313.87,178.5,corridor,23.86,clear,26.338,8.871,355.46,103.99,world
398.10,2026-08-31 07:20:59,18.84,7.10,311.31,178.5,corridor,23.88,clear,28.963,10.060,358.02,103.79,world
398.60,2026-08-31 07:21:00,18.91,6.90,308.74,178.5,corridor,23.90,clear,28.963,10.060,360.59,103.65,world
399.10,2026-08-31 07:21:00,18.99,6.47,306.16,178.5,corridor,23.92,clear,25.493,9.320,363.18,103.57,world
399.60,2026-08-31 07:21:01,19.07,5.80,303.57,178.5,corridor,23.94,clear,25.493,9.320,365.76,103.56,world
400.10,2026-08-31 07:21:01,19.14,5.24,300.98,178.5,corridor,23.96,clear,32.590,13.079,368.35,103.61,world
400.60,2026-08-31 07:21:02,19.22,4.96,298.41,178.5,corridor,23.98,clear,32.590,13.079,370.93,103.72,world
401.10,2026-08-31 07:21:02,19.29,4.75,295.84,178.5,corridor,0.00,clear,28.400,12.269,373.49,103.89,world
401.60,2026-08-31 07:21:03,19.35,4.56,293.29,178.5,corridor,0.02,clear,28.400,12.269,376.05,104.12,world
402.10,2026-08-31 07:21:03,19.19,4.44,290.89,178.4,corridor,0.04,clear,33.030,42.595,378.50,104.18,world
402.60,2026-08-31 07:21:04,19.27,4.31,288.35,178.4,corridor,0.06,clear,33.030,42.595,381.04,104.53,world
403.10,2026-08-31 07:21:04,19.34,4.13,285.79,178.5,corridor,0.08,clear,26.999,11.578,383.59,104.95,world
403.60,2026-08-31 07:21:05,19.42,3.92,283.22,178.5,corridor,0.10,clear,26.999,11.578,386.16,104.69,world
404.10,2026-08-31 07:21:05,19.50,3.75,280.67,178.5,corridor,0.12,clear,32.381,11.702,388.72,102.64,world
404.60,2026-08-31 07:21:06,19.58,3.71,278.15,178.5,corridor,0.14,clear,32.381,11.702,391.24,100.63,world
405.10,2026-08-31 07:21:06,19.65,3.85,275.71,178.5,corridor,0.16,clear,26.363,13.828,393.68,98.72,world
405.60,2026-08-31 07:21:07,19.72,4.03,273.29,178.5,corridor,0.18,clear,26.363,13.828,396.10,96.84,world
406.10,2026-08-31 07:21:07,19.80,4.09,270.81,178.5,corridor,0.20,clear,34.769,13.556,398.58,94.94,world
406.60,2026-08-31 07:21:08,19.88,3.99,268.27,178.5,corridor,0.22,clear,34.769,13.556,401.12,93.03,world
407.10,2026-08-31 07:21:08,19.96,3.86,265.72,178.5,corridor,0.24,clear,25.289,7.963,403.67,91.14,world
407.60,2026-08-31 07:21:09,20.04,3.70,263.17,178.5,corridor,0.26,clear,25.289,7.963,406.22,89.28,world
408.10,2026-08-31 07:21:09,20.11,3.33,260.59,178.5,corridor,0.28,clear,23.417,8.819,408.81,87.29,world
408.60,2026-08-31 07:21:10,19.96,2.77,258.16,178.4,corridor,0.30,clear,23.417,8.819,411.28,85.16,world
409.10,2026-08-31 07:21:10,20.03,2.08,255.58,178.4,corridor,0.32,clear,26.985,10.184,413.86,83.05,world
409.60,2026-08-31 07:21:11,19.63,1.85,254.53,178.3,corridor,0.34,clear,26.985,10.184,415.08,81.95,world
410.10,2026-08-31 07:21:11,19.17,1.62,253.44,-156.4,corridor,0.36,clear,30.910,13.497,416.26,80.80,world
410.60,2026-08-31 07:21:12,19.10,1.05,250.88,178.2,corridor,0.38,clear,30.910,13.497,418.85,78.66,world
411.10,2026-08-31 07:21:12,19.19,0.50,248.29,178.2,corridor,0.40,clear,41.241,43.791,421.44,76.61,world
411.60,2026-08-31 07:21:13,19.27,0.01,245.69,178.2,corridor,0.42,clear,41.241,43.791,424.04,74.60,world
412.10,2026-08-31 07:21:13,19.36,-0.38,243.10,178.2,corridor,0.44,clear,31.680,13.447,426.63,72.62,world
412.60,2026-08-31 07:21:14,19.44,-0.65,240.52,178.2,corridor,0.46,clear,31.680,13.447,429.21,70.70,world
413.10,2026-08-31 07:21:14,19.53,-0.86,237.96,178.2,corridor,0.48,clear,29.400,11.788,431.77,68.83,world
413.60,2026-08-31 07:21:15,19.61,-1.18,235.38,178.2,corridor,0.50,clear,29.400,11.788,434.36,66.99,world
414.10,2026-08-31 07:21:15,19.70,-1.52,232.79,178.2,corridor,0.52,clear,28.241,14.295,436.95,65.20,world
414.60,2026-08-31 07:21:16,19.78,-1.67,230.25,178.2,corridor,0.54,clear,28.241,14.295,439.49,63.49,world
415.10,2026-08-31 07:21:16,19.85,-1.59,227.78,178.2,corridor,0.56,clear,42.848,33.549,441.96,61.89,world
415.60,2026-08-31 07:21:17,19.93,-1.53,225.31,178.2,corridor,0.58,clear,42.848,33.549,444.43,60.34,world
416.10,2026-08-31 07:21:17,20.02,-1.56,222.80,178.2,corridor,0.60,clear,32.033,15.029,446.94,58.84,world
416.60,2026-08-31 07:21:18,20.10,-1.67,220.26,178.2,corridor,0.62,clear,32.033,15.029,449.48,57.39,world
417.10,2026-08-31 07:21:18,20.19,-1.86,217.70,178.2,corridor,0.64,clear,26.692,45.361,452.05,56.01,world
417.60,2026-08-31 07:21:19,20.49,-2.13,215.31,178.3,corridor,0.66,clear,26.692,45.361,454.50,54.98,world
418.10,2026-08-31 07:21:19,20.58,-2.41,212.73,178.3,corridor,0.68,clear,27.400,14.529,457.08,53.77,world
418.60,2026-08-31 07:21:20,20.67,-2.75,210.25,178.3,corridor,0.70,clear,27.400,14.529,459.56,52.70,world
419.10,2026-08-31 07:21:20,21.94,-3.20,210.01,100.3,corridor,0.72,clear,28.328,10.773,460.85,53.74,world
419.60,2026-08-31 07:21:21,22.43,-3.59,207.78,178.7,corridor,0.74,clear,28.328,10.773,463.33,53.26,world
420.10,2026-08-31 07:21:21,22.45,-3.76,205.29,178.7,corridor,0.76,clear,37.714,12.841,465.84,52.35,world
420.60,2026-08-31 07:21:22,22.04,-3.77,203.01,178.6,corridor,0.78,clear,37.714,12.841,468.26,50.51,world
421.10,2026-08-31 07:21:22,21.64,-3.69,200.73,178.5,corridor,0.80,clear,27.968,10.591,470.68,48.54,world
421.60,2026-08-31 07:21:23,21.72,-3.57,198.28,178.5,corridor,0.82,clear,27.968,10.591,473.13,46.44,world
422.10,2026-08-31 07:21:23,21.77,-2.89,196.47,178.5,corridor,0.84,clear,24.800,9.555,474.95,44.87,world
422.60,2026-08-31 07:21:24,21.79,-1.96,194.88,178.4,corridor,0.86,clear,24.800,9.555,476.53,43.36,world
423.10,2026-08-31 07:21:24,21.81,-1.01,193.22,178.4,corridor,0.88,clear,37.613,16.808,478.19,41.78,world
423.60,2026-08-31 07:21:25,21.84,-0.21,191.30,178.4,corridor,0.90,clear,37.613,16.808,480.12,39.95,world
424.10,2026-08-31 07:21:25,21.68,0.58,189.16,178.4,corridor,0.92,clear,21.844,7.713,482.29,37.86,world
424.60,2026-08-31 07:21:26,21.24,1.11,187.67,178.3,corridor,0.94,clear,21.844,7.713,483.98,35.86,world
425.10,2026-08-31 07:21:26,20.01,1.03,186.41,177.9,corridor,0.96,clear,23.922,8.392,485.77,33.78,world
425.60,2026-08-31 07:21:27,19.67,1.64,184.32,177.8,corridor,0.98,clear,23.922,8.392,487.99,31.20,world
426.10,2026-08-31 07:21:27,19.73,2.44,182.35,177.8,corridor,1.00,clear,21.369,7.871,0.00,28.90,world
426.60,2026-08-31 07:21:28,19.80,2.86,180.06,177.8,corridor,1.02,clear,21.369,7.871,0.00,26.37,world
427.10,2026-08-31 07:21:28,19.87,3.06,177.63,177.7,corridor,1.04,clear,25.670,9.905,0.00,23.80,world
427.60,2026-08-31 07:21:29,19.96,2.66,175.05,177.7,corridor,1.06,clear,25.670,9.905,0.00,21.24,world
428.10,2026-08-31 07:21:29,20.07,2.17,172.47,177.7,corridor,1.08,clear,33.432,10.102,0.00,18.88,world
428.60,2026-08-31 07:21:30,20.18,1.68,169.88,177.7,corridor,1.10,clear,33.432,10.102,0.00,16.82,world
429.10,2026-08-31 07:21:30,20.32,1.21,167.28,177.8,corridor,1.12,clear,23.222,9.420,0.00,15.18,world
429.60,2026-08-31 07:21:31,20.42,1.08,164.85,177.8,corridor,1.14,clear,23.222,9.420,0.00,14.18,world
430.10,2026-08-31 07:21:31,20.51,0.83,162.37,177.8,corridor,1.16,clear,27.789,12.094,0.00,13.51,world
430.60,2026-08-31 07:21:32,20.59,0.11,159.84,177.7,corridor,1.18,clear,27.789,12.094,0.00,12.05,world
431.10,2026-08-31 07:21:32,20.67,-0.98,157.32,177.7,corridor,1.20,clear,25.186,9.373,0.00,10.56,world
431.60,2026-08-31 07:21:33,20.76,-1.73,154.78,177.7,corridor,1.22,clear,25.186,9.373,0.00,9.09,world
432.10,2026-08-31 07:21:33,20.86,-2.60,152.25,177.7,corridor,1.24,clear,24.109,8.682,0.00,7.92,world
432.60,2026-08-31 07:21:34,20.96,-2.96,149.69,177.7,corridor,1.26,clear,24.109,8.682,0.00,7.46,world
433.10,2026-08-31 07:21:34,21.06,-3.21,147.12,177.7,corridor,1.28,clear,25.178,10.078,0.00,7.87,world
433.60,2026-08-31 07:21:35,21.17,-3.55,144.54,177.7,corridor,1.30,clear,25.178,10.078,0.00,9.03,world
434.10,2026-08-31 07:21:35,21.27,-4.03,141.95,177.7,corridor,1.32,clear,22.690,7.427,0.00,10.70,world
434.60,2026-08-31 07:21:36,21.37,-4.62,139.36,177.7,corridor,1.34,clear,22.690,7.427,0.00,12.69,world
435.10,2026-08-31 07:21:36,21.48,-5.16,136.76,177.7,corridor,1.36,clear,22.287,8.001,0.00,14.87,world
435.60,2026-08-31 07:21:37,21.58,-5.61,134.17,177.7,corridor,1.38,clear,22.287,8.001,0.00,17.39,world
436.10,2026-08-31 07:21:37,21.68,-5.91,131.59,177.7,corridor,1.40,clear,21.936,8.566,0.00,15.02,world
436.60,2026-08-31 07:21:38,21.78,-5.91,129.10,177.7,corridor,1.42,clear,21.936,8.566,0.00,12.57,world
437.10,2026-08-31 07:21:38,21.88,-5.75,126.67,177.7,corridor,1.44,clear,23.028,32.708,0.00,10.21,world
437.60,2026-08-31 07:21:39,21.97,-5.63,124.23,177.7,corridor,1.46,clear,23.028,32.708,0.00,7.87,world
438.10,2026-08-31 07:21:39,22.07,-5.58,121.76,177.7,corridor,1.48,clear,21.179,8.259,0.00,5.59,world
438.60,2026-08-31 07:21:40,22.17,-5.38,119.36,177.7,corridor,1.50,clear,21.179,8.259,0.00,3.64,world
439.10,2026-08-31 07:21:40,22.26,-5.03,117.07,177.7,corridor,1.52,clear,22.199,8.512,0.00,2.61,world
439.60,2026-08-31 07:21:41,22.35,-4.67,114.79,177.7,corridor,1.54,clear,22.199,8.512,0.00,3.29,world
440.10,2026-08-31 07:21:41,22.44,-4.45,112.41,177.7,corridor,1.56,clear,20.670,8.484,0.00,5.12,world
440.60,2026-08-31 07:21:42,22.54,-4.40,109.93,177.7,corridor,1.58,clear,20.670,8.484,0.00,7.36,world
441.10,2026-08-31 07:21:42,22.64,-4.33,107.46,177.7,corridor,1.60,clear,24.456,13.748,0.00,8.01,world
441.60,2026-08-31 07:21:43,22.74,-4.24,105.00,177.7,corridor,1.62,clear,24.456,13.748,0.00,8.54,world
442.10,2026-08-31 07:21:43,22.84,-4.24,102.51,177.7,corridor,1.64,clear,26.500,9.934,0.00,9.11,world
442.60,2026-08-31 07:21:44,22.94,-4.39,99.96,177.7,corridor,1.66,clear,26.500,9.934,0.00,7.47,world
443.10,2026-08-31 07:21:44,23.04,-4.60,97.40,177.7,corridor,1.68,clear,33.716,10.270,0.00,6.52,world
443.60,2026-08-31 07:21:45,23.15,-4.76,94.85,177.8,corridor,1.70,clear,33.716,10.270,0.00,6.50,world
444.10,2026-08-31 07:21:45,23.25,-4.80,92.33,177.8,corridor,1.72,clear,22.859,8.969,0.00,4.72,world
444.60,2026-08-31 07:21:46,23.35,-4.61,89.93,177.8,corridor,1.74,clear,22.859,8.969,0.00,3.81,world
445.10,2026-08-31 07:21:46,23.44,-4.23,87.66,177.8,corridor,1.76,clear,22.748,10.206,0.00,4.22,world
445.60,2026-08-31 07:21:47,23.53,-3.82,85.42,177.8,corridor,1.78,clear,22.748,10.206,0.00,5.59,world
446.10,2026-08-31 07:21:47,23.62,-3.47,83.13,177.8,corridor,1.80,clear,33.433,13.494,0.00,5.58,world
446.60,2026-08-31 07:21:48,23.71,-3.16,80.80,177.8,corridor,1.82,clear,33.433,13.494,0.00,3.32,world
447.10,2026-08-31 07:21:48,23.81,-2.88,78.46,177.8,corridor,1.84,clear,33.386,11.230,0.00,1.31,world
447.60,2026-08-31 07:21:49,23.90,-2.70,76.05,177.8,corridor,1.86,clear,33.386,11.230,0.00,1.90,world
448.10,2026-08-31 07:21:49,24.00,-2.62,73.59,177.8,corridor,1.88,clear,22.058,14.260,0.00,4.19,world
448.60,2026-08-31 07:21:50,24.10,-2.55,71.12,177.8,corridor,1.90,clear,22.058,14.260,0.00,6.61,world
449.10,2026-08-31 07:21:50,24.20,-2.57,68.62,177.8,corridor,1.92,clear,35.144,9.886,0.00,9.11,world
449.60,2026-08-31 07:21:51,24.30,-2.82,66.05,177.8,corridor,1.94,clear,35.144,9.886,0.00,11.94,world
450.10,2026-08-31 07:21:51,24.41,-3.17,63.47,177.8,corridor,1.96,clear,26.204,10.005,0.00,14.85,world
450.60,2026-08-31 07:21:52,24.51,-3.29,60.93,177.8,corridor,1.98,clear,26.204,10.005,0.00,17.74,world
451.10,2026-08-31 07:21:52,24.62,-3.15,58.50,177.8,corridor,2.00,clear,23.050,12.049,0.00,20.29,world
451.60,2026-08-31 07:21:53,24.72,-2.93,56.10,177.8,corridor,2.02,clear,23.050,12.049,0.00,22.68,world
452.10,2026-08-31 07:21:53,24.82,-2.79,53.66,177.8,corridor,2.04,clear,22.189,9.706,0.00,25.12,world
452.60,2026-08-31 07:21:54,24.92,-2.67,51.21,177.8,corridor,2.06,clear,22.189,9.706,0.00,27.57,world
453.10,2026-08-31 07:21:54,25.03,-2.53,48.77,177.8,corridor,2.08,clear,33.474,8.670,0.08,30.01,world
453.60,2026-08-31 07:21:55,25.12,-2.43,46.32,177.8,corridor,2.10,clear,33.474,8.670,2.54,32.41,world
454.10,2026-08-31 07:21:55,25.22,-2.51,43.79,177.8,corridor,2.12,clear,21.920,8.044,5.06,34.39,world
454.60,2026-08-31 07:21:56,25.32,-2.65,41.25,177.8,corridor,2.14,clear,21.920,8.044,7.61,34.53,world
455.10,2026-08-31 07:21:56,25.42,-2.62,38.77,177.8,corridor,2.16,clear,36.316,8.447,10.09,32.26,world
455.60,2026-08-31 07:21:57,25.52,-2.40,36.38,177.8,corridor,2.18,clear,36.316,8.447,12.49,30.10,world
456.10,2026-08-31 07:21:58,25.62,-2.14,34.00,177.8,grandpas_village,2.20,clear,22.749,7.932,0.00,28.01,world
456.60,2026-08-31 07:21:58,25.73,-2.00,31.56,177.9,grandpas_village,2.22,clear,22.396,467.175,0.00,25.90,world
457.10,2026-08-31 07:21:59,25.83,-2.06,29.03,177.9,grandpas_village,2.24,clear,22.396,467.175,0.00,23.79,world
457.60,2026-08-31 07:21:59,25.94,-2.30,26.46,177.9,grandpas_village,2.26,clear,26.483,8.196,0.00,21.73,world
458.10,2026-08-31 07:22:00,26.04,-2.57,23.88,177.9,grandpas_village,2.28,clear,26.483,8.196,0.00,19.79,world
458.60,2026-08-31 07:22:00,26.14,-2.65,21.36,177.9,grandpas_village,2.30,clear,20.525,6.922,0.00,18.04,world
459.10,2026-08-31 07:22:01,26.24,-2.45,18.96,177.9,grandpas_village,2.32,clear,20.525,6.922,0.00,16.57,world
459.60,2026-08-31 07:22:01,26.33,-2.03,16.71,177.9,grandpas_village,2.34,clear,20.014,6.978,0.00,15.40,world
460.10,2026-08-31 07:22:02,26.57,-1.59,14.71,178.1,grandpas_village,2.36,clear,20.014,6.978,0.00,14.72,world
460.60,2026-08-31 07:22:02,27.80,-1.57,13.68,-179.5,grandpas_village,2.38,clear,20.768,7.091,0.00,15.52,world
461.10,2026-08-31 07:22:03,28.98,-1.57,12.70,-177.1,grandpas_village,2.40,clear,20.768,7.091,0.00,16.40,world
461.60,2026-08-31 07:22:03,30.11,-1.61,11.76,-174.7,grandpas_village,2.42,clear,21.226,6.414,0.00,17.33,world
462.10,2026-08-31 07:22:04,31.11,-1.81,11.41,105.4,grandpas_village,2.44,clear,21.226,6.414,0.00,18.27,world
462.60,2026-08-31 07:22:04,31.73,-1.65,9.74,-170.7,grandpas_village,2.46,clear,20.881,6.899,0.00,17.82,world
463.10,2026-08-31 07:22:05,32.37,-1.50,7.98,-168.6,grandpas_village,2.48,clear,20.881,6.899,0.00,16.15,world
463.60,2026-08-31 07:22:05,33.23,-1.44,6.37,-165.7,grandpas_village,2.50,clear,21.400,7.699,0.00,14.73,world
464.10,2026-08-31 07:22:06,34.06,-1.39,4.84,-162.6,grandpas_village,2.52,clear,21.400,7.699,0.00,13.47,world
464.60,2026-08-31 07:22:06,34.85,-1.37,3.37,-159.4,grandpas_village,2.54,clear,22.522,8.885,0.00,12.36,world
465.10,2026-08-31 07:22:07,35.60,-1.38,1.98,-155.9,grandpas_village,2.56,clear,22.522,8.885,0.00,11.44,world
465.60,2026-08-31 07:22:07,36.30,-1.44,0.67,-152.3,grandpas_village,2.58,clear,25.011,7.021,0.00,10.72,world
466.10,2026-08-31 07:22:08,36.94,-1.54,-0.52,-148.7,grandpas_village,2.60,clear,25.011,7.021,0.00,10.21,world
466.60,2026-08-31 07:22:08,37.47,-1.65,-1.49,-145.5,grandpas_village,2.62,clear,25.045,9.390,0.00,9.91,world
467.10,2026-08-31 07:22:09,38.64,-2.02,-2.40,126.8,grandpas_village,2.64,clear,25.045,9.390,0.00,10.30,world
467.60,2026-08-31 07:22:09,40.72,-2.70,-3.94,126.8,grandpas_village,2.66,clear,31.639,27.019,0.00,11.46,world
468.10,2026-08-31 07:22:10,40.58,-2.58,-5.36,-129.1,grandpas_village,2.68,clear,31.639,27.019,0.00,10.91,world
468.60,2026-08-31 07:22:10,39.02,-1.95,-6.64,-129.1,grandpas_village,2.70,clear,25.948,11.755,0.00,9.12,world
469.10,2026-08-31 07:22:11,38.90,-1.89,-7.75,-126.0,grandpas_village,2.72,clear,25.948,11.755,0.00,8.74,world
469.60,2026-08-31 07:22:11,39.10,-1.97,-8.70,-122.3,grandpas_village,2.74,clear,24.059,10.055,0.00,7.93,world
470.10,2026-08-31 07:22:12,39.27,-2.05,-9.51,-119.0,grandpas_village,2.76,clear,24.059,10.055,0.00,7.27,world
470.60,2026-08-31 07:22:12,39.42,-2.12,-10.18,-116.1,grandpas_village,2.78,clear,20.870,8.429,0.00,6.75,world
471.10,2026-08-31 07:22:13,39.54,-2.19,-10.74,-113.7,grandpas_village,2.80,clear,20.870,8.429,0.00,6.34,world
471.60,2026-08-31 07:22:13,39.67,-2.27,-11.29,-143.3,grandpas_village,2.82,clear,21.381,7.181,0.00,5.98,world
472.10,2026-08-31 07:22:14,40.64,-2.72,-13.67,158.3,grandpas_village,2.84,clear,21.381,7.181,0.00,5.19,world
472.60,2026-08-31 07:22:14,41.61,-3.18,-16.08,158.3,grandpas_village,2.86,clear,20.786,9.676,0.00,5.61,world
473.10,2026-08-31 07:22:15,40.93,-3.04,-17.06,-85.5,grandpas_village,2.88,clear,20.786,9.676,0.00,5.04,world
473.60,2026-08-31 07:22:15,40.28,-3.01,-18.90,-175.5,grandpas_village,2.90,clear,23.159,9.513,0.00,5.17,world
474.10,2026-08-31 07:22:16,40.09,-3.25,-21.47,-175.5,grandpas_village,2.92,clear,23.159,9.513,0.00,4.66,world
474.60,2026-08-31 07:22:16,40.52,-3.55,-23.25,-175.5,grandpas_village,2.94,clear,23.149,9.493,0.00,3.56,world
475.10,2026-08-31 07:22:17,40.92,-3.69,-23.58,-60.5,grandpas_village,2.96,clear,23.149,9.493,0.00,3.11,world
475.60,2026-08-31 07:22:17,41.89,-3.77,-21.89,29.5,grandpas_village,2.98,clear,23.711,9.227,0.00,2.99,world
476.10,2026-08-31 07:22:18,42.58,-3.74,-19.97,-75.2,grandpas_village,3.00,clear,23.711,9.227,0.00,4.28,world
476.60,2026-08-31 07:22:18,40.59,-3.16,-19.44,-75.3,grandpas_village,3.02,clear,21.215,8.171,0.00,5.69,world
477.10,2026-08-31 07:22:19,38.75,-2.48,-18.96,-75.3,grandpas_village,3.04,clear,21.215,8.171,0.00,4.04,world
477.60,2026-08-31 07:22:19,37.00,-1.76,-18.50,-75.2,grandpas_village,3.06,clear,25.707,9.236,0.00,2.70,world
478.10,2026-08-31 07:22:20,35.25,-1.03,-18.04,-75.2,grandpas_village,3.08,clear,25.707,9.236,0.00,2.18,world
478.60,2026-08-31 07:22:20,33.41,-0.35,-17.56,-75.2,grandpas_village,3.10,clear,21.763,8.745,0.00,2.51,world
479.10,2026-08-31 07:22:21,31.46,0.25,-17.05,-75.2,grandpas_village,3.12,clear,21.763,8.745,0.00,3.89,world
479.60,2026-08-31 07:22:21,29.28,0.69,-16.91,-87.6,grandpas_village,3.14,clear,22.875,8.656,0.00,5.64,world
480.10,2026-08-31 07:22:22,26.90,0.90,-16.81,-87.6,grandpas_village,3.16,clear,22.875,8.656,0.00,6.95,world
480.60,2026-08-31 07:22:22,24.41,0.90,-16.70,-87.6,grandpas_village,3.18,clear,25.104,8.626,0.00,4.46,world
481.10,2026-08-31 07:22:23,22.74,0.90,-16.89,-86.6,grandpas_village,3.20,clear,25.104,8.626,0.00,2.88,world
481.60,2026-08-31 07:22:23,21.17,0.90,-17.15,-85.0,grandpas_village,3.22,clear,24.582,9.633,0.00,1.64,world
482.10,2026-08-31 07:22:24,18.68,0.90,-16.94,-85.0,grandpas_village,3.24,clear,24.582,9.633,0.00,1.62,world
482.60,2026-08-31 07:22:24,17.33,0.90,-16.31,-87.6,grandpas_village,3.26,clear,24.390,9.659,0.00,2.69,world
483.10,2026-08-31 07:22:25,14.87,0.90,-16.18,-88.5,grandpas_village,3.28,clear,24.390,9.659,0.00,5.13,world
483.60,2026-08-31 07:22:25,12.37,0.90,-16.11,-88.5,grandpas_village,3.30,clear,26.384,8.863,0.00,5.90,world
484.28,2026-08-31 07:22:26,10.17,0.90,-16.06,-88.5,grandpas_village,3.33,clear,26.384,8.863,0.00,6.22,narrative_modal
484.87,2026-08-31 07:22:26,10.17,0.90,-16.06,-88.5,grandpas_village,3.35,clear,26.150,13.632,0.00,6.22,narrative_modal
485.38,2026-08-31 07:22:27,10.17,0.90,-16.06,-88.5,grandpas_village,3.37,clear,26.150,13.632,0.00,6.22,world
485.98,2026-08-31 07:22:28,10.17,0.90,-16.06,-88.5,grandpas_village,3.40,clear,22.599,9.496,0.00,6.22,narrative_modal
486.55,2026-08-31 07:22:28,10.17,0.90,-16.06,-88.5,grandpas_village,3.42,clear,21.124,9.283,0.00,6.22,narrative_modal
487.10,2026-08-31 07:22:29,10.17,0.90,-16.06,-88.5,grandpas_village,3.44,clear,21.124,9.283,0.00,6.22,narrative_modal
487.65,2026-08-31 07:22:29,10.17,0.90,-16.06,-88.5,grandpas_village,3.46,clear,21.883,9.137,0.00,6.22,world
488.25,2026-08-31 07:22:30,10.17,0.90,-16.06,-88.5,grandpas_village,3.49,clear,21.883,9.137,0.00,6.22,narrative_modal
488.87,2026-08-31 07:22:30,10.17,0.90,-16.06,-88.5,grandpas_village,3.51,clear,22.309,15.884,0.00,6.22,narrative_modal
489.43,2026-08-31 07:22:31,10.17,0.90,-16.06,-88.5,grandpas_village,3.53,clear,22.309,15.884,0.00,6.22,narrative_modal
489.97,2026-08-31 07:22:32,10.17,0.90,-16.06,-88.5,grandpas_village,3.55,clear,24.188,9.285,0.00,6.22,narrative_modal
490.47,2026-08-31 07:22:32,10.17,0.90,-16.06,-88.5,grandpas_village,3.58,clear,24.188,9.285,0.00,6.22,narrative_modal
490.97,2026-08-31 07:22:33,9.43,0.90,-16.03,-87.9,grandpas_village,3.59,clear,24.565,13.689,0.00,6.50,world
491.47,2026-08-31 07:22:33,8.76,0.90,-15.51,0.4,grandpas_village,3.61,clear,24.565,13.689,0.00,7.25,world
491.97,2026-08-31 07:22:34,8.76,0.90,-16.24,-179.3,grandpas_village,3.63,clear,31.837,10.526,0.00,6.61,world
492.47,2026-08-31 07:22:34,8.31,0.90,-18.26,-84.0,grandpas_village,3.66,clear,31.837,10.526,0.00,5.26,world
492.97,2026-08-31 07:22:35,5.82,0.90,-18.00,-84.0,grandpas_village,3.67,clear,25.311,13.064,0.00,7.37,world
493.47,2026-08-31 07:22:35,3.53,0.90,-17.75,-84.0,grandpas_village,3.69,clear,25.311,13.064,0.00,5.97,world
493.97,2026-08-31 07:22:36,3.30,0.90,-19.06,-170.0,grandpas_village,3.71,clear,23.962,8.298,0.00,5.38,world
494.47,2026-08-31 07:22:36,3.05,0.90,-20.48,-170.1,grandpas_village,3.73,clear,23.962,8.298,0.00,5.08,world
494.97,2026-08-31 07:22:37,2.62,0.90,-22.95,-170.1,grandpas_village,3.76,clear,21.663,7.652,0.00,5.48,world
495.47,2026-08-31 07:22:37,2.18,0.90,-25.38,-149.1,grandpas_village,3.77,clear,21.663,7.652,0.00,4.62,world
495.97,2026-08-31 07:22:38,0.09,0.94,-24.82,-67.8,grandpas_village,3.79,clear,22.618,11.134,0.00,5.25,world
496.47,2026-08-31 07:22:38,-2.19,1.02,-23.88,-67.8,grandpas_village,3.81,clear,22.618,11.134,0.00,3.89,world
496.97,2026-08-31 07:22:39,-4.49,1.03,-22.94,-67.8,grandpas_village,3.83,clear,21.988,11.917,0.00,3.86,world
497.47,2026-08-31 07:22:39,-6.80,1.05,-22.00,-67.8,grandpas_village,3.85,clear,21.988,11.917,0.00,5.20,world
497.97,2026-08-31 07:22:40,-9.08,1.13,-21.06,-67.8,grandpas_village,3.87,clear,21.219,38.161,0.00,7.12,world
498.47,2026-08-31 07:22:40,-11.36,1.20,-20.13,-67.8,grandpas_village,3.90,clear,21.219,38.161,0.00,6.28,world
498.97,2026-08-31 07:22:41,-13.68,1.20,-19.18,-67.8,grandpas_village,3.91,clear,22.720,7.803,0.00,6.36,world
499.47,2026-08-31 07:22:41,-15.99,1.20,-18.24,-67.8,grandpas_village,3.94,clear,22.720,7.803,0.00,7.34,world
499.97,2026-08-31 07:22:42,-16.48,1.20,-17.33,-71.9,grandpas_village,3.95,clear,24.103,7.798,0.00,7.29,world
500.47,2026-08-31 07:22:42,-16.55,1.20,-16.58,-76.9,grandpas_village,3.98,clear,24.103,7.798,0.00,7.04,world
500.97,2026-08-31 07:22:43,-18.98,1.32,-15.87,-78.8,grandpas_village,3.99,clear,26.631,8.129,0.00,9.17,world
501.47,2026-08-31 07:22:43,-21.43,1.32,-15.39,-78.8,grandpas_village,4.01,clear,26.631,8.129,0.00,10.48,world
501.97,2026-08-31 07:22:44,-22.78,1.32,-15.12,-78.8,grandpas_village,4.04,clear,22.943,7.438,0.00,11.30,narrative_modal
502.53,2026-08-31 07:22:44,-22.78,1.32,-15.12,-78.8,grandpas_village,4.06,clear,25.826,8.884,0.00,11.30,narrative_modal
503.12,2026-08-31 07:22:45,-22.78,1.32,-15.12,-78.8,grandpas_village,4.08,clear,25.826,8.884,0.00,11.30,world
503.68,2026-08-31 07:22:45,-22.78,1.32,-15.12,-78.8,grandpas_village,4.10,clear,30.177,9.662,0.00,11.30,narrative_modal
504.20,2026-08-31 07:22:46,-22.78,1.32,-15.12,-78.8,grandpas_village,4.12,clear,30.177,9.662,0.00,11.30,narrative_modal
504.70,2026-08-31 07:22:46,-22.78,1.32,-15.12,-78.8,grandpas_village,4.14,clear,22.965,11.272,0.00,11.30,narrative_modal
505.20,2026-08-31 07:22:47,-22.78,1.32,-15.12,-78.8,grandpas_village,4.16,clear,22.965,11.272,0.00,11.30,world
505.75,2026-08-31 07:22:47,-22.78,1.32,-15.12,-78.8,grandpas_village,4.19,clear,20.486,8.316,0.00,11.30,narrative_modal
506.30,2026-08-31 07:22:48,-22.78,1.32,-15.12,-78.8,grandpas_village,4.21,clear,20.486,8.316,0.00,11.30,narrative_modal
506.82,2026-08-31 07:22:48,-22.78,1.32,-15.12,-78.8,grandpas_village,4.23,clear,22.900,8.390,0.00,11.30,narrative_modal
507.32,2026-08-31 07:22:49,-22.78,1.32,-15.12,-78.8,grandpas_village,4.25,clear,22.900,8.390,0.00,11.30,world
507.82,2026-08-31 07:22:49,-22.78,1.32,-15.12,-78.8,grandpas_village,4.27,clear,21.674,9.009,0.00,11.30,narrative_modal
508.32,2026-08-31 07:22:50,-22.78,1.32,-15.12,-78.8,grandpas_village,4.29,clear,21.674,9.009,0.00,11.30,narrative_modal
508.85,2026-08-31 07:22:50,-22.78,1.32,-15.12,-78.8,grandpas_village,4.31,clear,22.745,8.347,0.00,11.30,narrative_modal
509.35,2026-08-31 07:22:51,-22.78,1.32,-15.12,-78.8,grandpas_village,4.33,clear,22.745,8.347,0.00,11.30,narrative_modal
510.28,2026-08-31 07:22:52,-22.78,1.32,-15.12,-78.8,grandpas_village,4.37,clear,25.831,7.248,0.00,11.30,narrative_modal
510.95,2026-08-31 07:22:53,-22.78,1.32,-15.12,-78.8,grandpas_village,4.39,clear,19.845,8.364,0.00,11.30,narrative_modal
511.52,2026-08-31 07:22:53,-22.78,1.32,-15.12,-78.8,grandpas_village,4.42,clear,19.845,8.364,0.00,11.30,narrative_modal
512.02,2026-08-31 07:22:54,-22.78,1.32,-15.12,-78.8,grandpas_village,4.44,clear,21.327,10.872,0.00,11.30,narrative_modal
512.52,2026-08-31 07:22:54,-22.78,1.32,-15.12,-78.8,grandpas_village,4.46,clear,21.327,10.872,0.00,11.30,narrative_modal
513.02,2026-08-31 07:22:55,-22.78,1.32,-15.12,-78.8,grandpas_village,4.48,clear,20.989,7.871,0.00,11.30,narrative_modal
513.52,2026-08-31 07:22:55,-22.78,1.32,-15.12,-78.8,grandpas_village,4.50,clear,20.989,7.871,0.00,11.30,narrative_modal
