2026-10-07T09:03:33.6801013Z Current runner version: '2.337.0'
2026-10-07T09:03:33.6820867Z ##[group]Runner Image Provisioner
2026-10-07T09:03:33.6821754Z Hosted Compute Agent
2026-10-07T09:03:33.6822414Z Version: 20261002.596
2026-10-07T09:03:33.6822931Z Commit: c3d12f3313a95f25162a1503be624f3b0617f8c0
2026-10-07T09:03:33.6823782Z Build Date: 2026-10-02T22:28:27Z
2026-10-07T09:03:33.6824409Z Worker ID: {fda87d70-19d9-4fb6-ad30-0b75e39d3874}
2026-10-07T09:03:33.6824988Z Region: westus3
2026-10-07T09:03:33.6825541Z Cloud: Azure
2026-10-07T09:03:33.6826097Z ##[endgroup]
2026-10-07T09:03:33.6827344Z ##[group]Operating System
2026-10-07T09:03:33.6827927Z Ubuntu
2026-10-07T09:03:33.6828361Z 24.04.5
2026-10-07T09:03:33.6828842Z LTS
2026-10-07T09:03:33.6829283Z ##[endgroup]
2026-10-07T09:03:33.6829738Z ##[group]Runner Image
2026-10-07T09:03:33.6830266Z Image: ubuntu-24.04
2026-10-07T09:03:33.6830727Z Version: 20261004.327.1
2026-10-07T09:03:33.6831801Z Included Software: https://github.com/actions/runner-images/blob/ubuntu24/20261004.327/images/ubuntu/Ubuntu2404-Readme.md
2026-10-07T09:03:33.6833020Z Image Release: https://github.com/actions/runner-images/releases/tag/ubuntu24%2F20261004.327
2026-10-07T09:03:33.6833823Z ##[endgroup]
2026-10-07T09:03:33.6834794Z ##[group]GITHUB_TOKEN Permissions
2026-10-07T09:03:33.6836514Z Actions: read
2026-10-07T09:03:33.6837048Z Contents: read
2026-10-07T09:03:33.6837572Z Metadata: read
2026-10-07T09:03:33.6838043Z ##[endgroup]
2026-10-07T09:03:33.6839720Z Secret source: Actions
2026-10-07T09:03:33.6840528Z Cache mode: write
2026-10-07T09:03:33.6841215Z Prepare workflow directory
2026-10-07T09:03:33.7168993Z Prepare all required actions
2026-10-07T09:03:33.7207806Z Getting action download info
2026-10-07T09:03:34.0274063Z Download action repository 'actions/checkout@v4' (SHA:11d5960a326750d5838078e36cf38b85af677262)
2026-10-07T09:03:34.2123218Z Download action repository 'actions/download-artifact@v4' (SHA:d3f86a106a0bac45b974a628896c90dbdf5c8093)
2026-10-07T09:03:35.1338996Z Download action repository 'actions/upload-artifact@v4' (SHA:ea165f8d65b6e75b540449e92b4886f43607fa02)
2026-10-07T09:03:35.3585581Z Complete job name: render
2026-10-07T09:03:35.4201271Z ##[group]Run set -euo pipefail
2026-10-07T09:03:35.4202248Z [36;1mset -euo pipefail[0m
2026-10-07T09:03:35.4203162Z [36;1mfail() { echo "::error::$1"; exit 1; }[0m
2026-10-07T09:03:35.4204598Z [36;1m[[ "$CHECKOUT_REF" =~ ^[A-Za-z0-9._/-]{1,200}$ ]] || fail "checkout_ref has disallowed characters"[0m
2026-10-07T09:03:35.4206390Z [36;1m[[ "$CHECKOUT_REF" != *..* ]] || fail "checkout_ref may not contain .."[0m
2026-10-07T09:03:35.4207825Z [36;1m[[ "$CHECKOUT_REF" != -* ]] || fail "checkout_ref may not start with -"[0m
2026-10-07T09:03:35.4209496Z [36;1m[[ "$SCRIPT" =~ ^(tests|tools)/[A-Za-z0-9_/.-]+\.gd$ ]] || fail "script must be tests/*.gd or tools/*.gd"[0m
2026-10-07T09:03:35.4211086Z [36;1m[[ "$SCRIPT" != *..* ]] || fail "script may not contain .."[0m
2026-10-07T09:03:35.4212464Z [36;1m[[ "$ARGS" =~ ^[A-Za-z0-9_=,./:@+\ -]*$ ]] || fail "args has disallowed characters"[0m
2026-10-07T09:03:35.4214017Z [36;1m[[ "$RES" =~ ^[0-9]{3,4}x[0-9]{3,4}$ ]] || fail "resolution must look like 1280x720"[0m
2026-10-07T09:03:35.4215595Z [36;1m[[ "$TMIN" =~ ^[0-9]{1,3}$ ]] && (( TMIN >= 1 && TMIN <= 150 )) || fail "timeout_minutes must be 1-150"[0m
2026-10-07T09:03:35.4217307Z [36;1m[[ "$LABEL" =~ ^[A-Za-z0-9_.-]{1,60}$ ]] || fail "label must be 1-60 of [A-Za-z0-9_.-]"[0m
2026-10-07T09:03:35.4218783Z [36;1mif [[ -n "$SOURCE_RUN_ID" || -n "$SOURCE_ARTIFACT_NAME" ]]; then[0m
2026-10-07T09:03:35.4220628Z [36;1m  [[ "$SOURCE_RUN_ID" =~ ^[1-9][0-9]{0,19}$ ]] || fail "source_run_id must be a positive decimal run ID; supply both source inputs"[0m
2026-10-07T09:03:35.4223441Z [36;1m  [[ "$SOURCE_ARTIFACT_NAME" =~ ^[A-Za-z0-9][A-Za-z0-9_.-]{0,199}$ ]] || fail "source_artifact_name must be 1-200 of [A-Za-z0-9_.-], beginning with a letter or digit; supply both source inputs"[0m
2026-10-07T09:03:35.4225516Z [36;1mfi[0m
2026-10-07T09:03:35.4227155Z [36;1m[[ "$RENDERING_METHOD" = gl_compatibility || "$RENDERING_METHOD" = forward_plus ]] || fail "unknown rendering method"[0m
2026-10-07T09:03:35.4449259Z shell: /usr/bin/bash -e {0}
2026-10-07T09:03:35.4450296Z env:
2026-10-07T09:03:35.4450966Z   GODOT_VERSION: 4.7-stable
2026-10-07T09:03:35.4451915Z   CHECKOUT_REF: 68faf78654770ba0d65f4591fd2dd1433882660e
2026-10-07T09:03:35.4453036Z   SCRIPT: tests/smoke_net_shared_wild_fight.gd
2026-10-07T09:03:35.4454000Z   ARGS: 
2026-10-07T09:03:35.4454647Z   RES: 1280x720
2026-10-07T09:03:35.4455322Z   TMIN: 30
2026-10-07T09:03:35.4456278Z   LABEL: coord-probe-shared-wild-b8head-1
2026-10-07T09:03:35.4457212Z   SOURCE_RUN_ID: 
2026-10-07T09:03:35.4457953Z   SOURCE_ARTIFACT_NAME: 
2026-10-07T09:03:35.4458772Z   RENDERING_METHOD: gl_compatibility
2026-10-07T09:03:35.4459646Z ##[endgroup]
2026-10-07T09:03:35.4833011Z ##[group]Run actions/checkout@v4
2026-10-07T09:03:35.4833873Z with:
2026-10-07T09:03:35.4834602Z   ref: 68faf78654770ba0d65f4591fd2dd1433882660e
2026-10-07T09:03:35.4835550Z   filter: blob:none
2026-10-07T09:03:35.4836487Z   sparse-checkout-cone-mode: false
2026-10-07T09:03:35.4837588Z   sparse-checkout: /*
!/ralph/
!/docs/
!/shots/
!/assets_raw/
!/archive/

2026-10-07T09:03:35.4838753Z   repository: MJohnsonWellabe/Tetherbound
2026-10-07T09:03:35.4844821Z   token: ***
2026-10-07T09:03:35.4845493Z   ssh-strict: true
2026-10-07T09:03:35.4846396Z   ssh-user: git
2026-10-07T09:03:35.4847096Z   persist-credentials: true
2026-10-07T09:03:35.4847861Z   clean: true
2026-10-07T09:03:35.4848522Z   fetch-depth: 1
2026-10-07T09:03:35.4849203Z   fetch-tags: false
2026-10-07T09:03:35.4849912Z   show-progress: true
2026-10-07T09:03:35.4850624Z   lfs: false
2026-10-07T09:03:35.4851286Z   submodules: false
2026-10-07T09:03:35.4851998Z   set-safe-directory: true
2026-10-07T09:03:35.4852838Z   allow-unsafe-pr-checkout: false
2026-10-07T09:03:35.4853653Z env:
2026-10-07T09:03:35.4854291Z   GODOT_VERSION: 4.7-stable
2026-10-07T09:03:35.4855051Z ##[endgroup]
2026-10-07T09:03:35.5650007Z Syncing repository: MJohnsonWellabe/Tetherbound
2026-10-07T09:03:35.5653054Z ##[group]Getting Git version info
2026-10-07T09:03:35.5654694Z Working directory is '/home/runner/work/Tetherbound/Tetherbound'
2026-10-07T09:03:35.5657291Z [command]/usr/bin/git version
2026-10-07T09:03:35.5933468Z git version 2.55.0
2026-10-07T09:03:35.5952812Z ##[endgroup]
2026-10-07T09:03:35.5965730Z Temporarily overriding HOME='/home/runner/work/_temp/f19604fc-4e5c-4b81-b38f-34710f1ae921' before making global git config changes
2026-10-07T09:03:35.5969233Z Adding repository directory to the temporary git global config as a safe directory
2026-10-07T09:03:35.5972087Z [command]/usr/bin/git config --global --add safe.directory /home/runner/work/Tetherbound/Tetherbound
2026-10-07T09:03:35.6998857Z Deleting the contents of '/home/runner/work/Tetherbound/Tetherbound'
2026-10-07T09:03:35.7002298Z ##[group]Initializing the repository
2026-10-07T09:03:35.7006198Z [command]/usr/bin/git init /home/runner/work/Tetherbound/Tetherbound
2026-10-07T09:03:35.7100695Z hint: Using 'master' as the name for the initial branch. This default branch name
2026-10-07T09:03:35.7102400Z hint: will change to "main" in Git 3.0. To configure the initial branch name
2026-10-07T09:03:35.7104248Z hint: to use in all of your new repositories, which will suppress this warning,
2026-10-07T09:03:35.7105582Z hint: call:
2026-10-07T09:03:35.7106573Z hint:
2026-10-07T09:03:35.7107395Z hint: 	git config --global init.defaultBranch <name>
2026-10-07T09:03:35.7108528Z hint:
2026-10-07T09:03:35.7109442Z hint: Names commonly chosen instead of 'master' are 'main', 'trunk' and
2026-10-07T09:03:35.7110879Z hint: 'development'. The just-created branch can be renamed via this command:
2026-10-07T09:03:35.7112580Z hint:
2026-10-07T09:03:35.7113351Z hint: 	git branch -m <name>
2026-10-07T09:03:35.7114121Z hint:
2026-10-07T09:03:35.7115113Z hint: Disable this message with "git config set advice.defaultBranchName false"
2026-10-07T09:03:35.7116924Z Initialized empty Git repository in /home/runner/work/Tetherbound/Tetherbound/.git/
2026-10-07T09:03:35.7119913Z [command]/usr/bin/git remote add origin https://github.com/MJohnsonWellabe/Tetherbound
2026-10-07T09:03:35.7156581Z ##[endgroup]
2026-10-07T09:03:35.7157919Z ##[group]Disabling automatic garbage collection
2026-10-07T09:03:35.7159291Z [command]/usr/bin/git config --local gc.auto 0
2026-10-07T09:03:35.7188190Z ##[endgroup]
2026-10-07T09:03:35.7189339Z ##[group]Setting up auth
2026-10-07T09:03:35.7192490Z [command]/usr/bin/git config --local --name-only --get-regexp core\.sshCommand
2026-10-07T09:03:35.7220961Z [command]/usr/bin/git submodule foreach --recursive sh -c "git config --local --name-only --get-regexp 'core\.sshCommand' && git config --local --unset-all 'core.sshCommand' || :"
2026-10-07T09:03:35.8502721Z [command]/usr/bin/git config --local --name-only --get-regexp http\.https\:\/\/github\.com\/\.extraheader
2026-10-07T09:03:35.8533058Z [command]/usr/bin/git submodule foreach --recursive sh -c "git config --local --name-only --get-regexp 'http\.https\:\/\/github\.com\/\.extraheader' && git config --local --unset-all 'http.https://github.com/.extraheader' || :"
2026-10-07T09:03:35.8718363Z [command]/usr/bin/git config --local --name-only --get-regexp ^includeIf\.gitdir:
2026-10-07T09:03:35.8747251Z [command]/usr/bin/git submodule foreach --recursive git config --local --show-origin --name-only --get-regexp remote.origin.url
2026-10-07T09:03:35.8935658Z [command]/usr/bin/git config --local http.https://github.com/.extraheader AUTHORIZATION: basic ***
2026-10-07T09:03:35.8970473Z ##[endgroup]
2026-10-07T09:03:35.9032488Z ##[group]Fetching the repository
2026-10-07T09:03:35.9035551Z [command]/usr/bin/git -c protocol.version=2 fetch --no-tags --prune --no-recurse-submodules --filter=blob:none --depth=1 origin 68faf78654770ba0d65f4591fd2dd1433882660e
2026-10-07T09:03:37.2274357Z From https://github.com/MJohnsonWellabe/Tetherbound
2026-10-07T09:03:37.2276393Z  * branch            68faf78654770ba0d65f4591fd2dd1433882660e -> FETCH_HEAD
2026-10-07T09:03:37.2279456Z ##[endgroup]
2026-10-07T09:03:37.2280045Z ##[group]Determining the checkout info
2026-10-07T09:03:37.2280983Z ##[endgroup]
2026-10-07T09:03:37.2281714Z ##[group]Setting up sparse checkout
2026-10-07T09:03:37.2287643Z [command]/usr/bin/git config core.sparseCheckout true
2026-10-07T09:03:37.2321667Z [command]/usr/bin/git rev-parse --git-path info/sparse-checkout
2026-10-07T09:03:37.2343158Z .git/info/sparse-checkout
2026-10-07T09:03:37.2349867Z ##[endgroup]
2026-10-07T09:03:37.2350491Z ##[group]Checking out the ref
2026-10-07T09:03:37.2360904Z [command]/usr/bin/git checkout --progress --force 68faf78654770ba0d65f4591fd2dd1433882660e
2026-10-07T09:04:41.0093394Z Updating files:   0% (1/11516)
2026-10-07T09:04:41.0698520Z Updating files:   1% (116/11516)
2026-10-07T09:04:41.0911117Z Updating files:   2% (231/11516)
2026-10-07T09:04:41.1105076Z Updating files:   3% (346/11516)
2026-10-07T09:04:41.1172962Z Updating files:   4% (461/11516)
2026-10-07T09:04:41.1708696Z Updating files:   5% (576/11516)
2026-10-07T09:04:41.4736693Z Updating files:   6% (691/11516)
2026-10-07T09:04:41.5870655Z Updating files:   6% (779/11516)
2026-10-07T09:04:41.8591113Z Updating files:   7% (807/11516)
2026-10-07T09:04:42.1152286Z Updating files:   8% (922/11516)
2026-10-07T09:04:42.2557419Z Updating files:   9% (1037/11516)
2026-10-07T09:04:42.4707086Z Updating files:  10% (1152/11516)
2026-10-07T09:04:42.4877844Z Updating files:  11% (1267/11516)
2026-10-07T09:04:42.6064984Z Updating files:  11% (1270/11516)
2026-10-07T09:04:42.8216887Z Updating files:  12% (1382/11516)
2026-10-07T09:04:42.9819812Z Updating files:  13% (1498/11516)
2026-10-07T09:04:43.1698867Z Updating files:  14% (1613/11516)
2026-10-07T09:04:43.4782277Z Updating files:  15% (1728/11516)
2026-10-07T09:04:43.4783548Z Updating files:  15% (1842/11516)
2026-10-07T09:04:43.6992567Z Updating files:  16% (1843/11516)
2026-10-07T09:04:43.8739030Z Updating files:  17% (1958/11516)
2026-10-07T09:04:44.0133331Z Updating files:  18% (2073/11516)
2026-10-07T09:04:44.0853990Z Updating files:  19% (2189/11516)
2026-10-07T09:04:44.1052233Z Updating files:  20% (2304/11516)
2026-10-07T09:04:44.2007324Z Updating files:  21% (2419/11516)
2026-10-07T09:04:44.4732126Z Updating files:  22% (2534/11516)
2026-10-07T09:04:44.4734604Z Updating files:  22% (2639/11516)
2026-10-07T09:04:44.4949055Z Updating files:  23% (2649/11516)
2026-10-07T09:04:44.5666740Z Updating files:  24% (2764/11516)
2026-10-07T09:04:44.6712455Z Updating files:  25% (2879/11516)
2026-10-07T09:04:44.6806924Z Updating files:  26% (2995/11516)
2026-10-07T09:04:44.6840753Z Updating files:  27% (3110/11516)
2026-10-07T09:04:44.7772150Z Updating files:  28% (3225/11516)
2026-10-07T09:04:44.7976611Z Updating files:  29% (3340/11516)
2026-10-07T09:04:44.8050380Z Updating files:  30% (3455/11516)
2026-10-07T09:04:44.8127590Z Updating files:  31% (3570/11516)
2026-10-07T09:04:44.8197500Z Updating files:  32% (3686/11516)
2026-10-07T09:04:44.8313860Z Updating files:  33% (3801/11516)
2026-10-07T09:04:44.8401571Z Updating files:  34% (3916/11516)
2026-10-07T09:04:44.8646784Z Updating files:  35% (4031/11516)
2026-10-07T09:04:44.9062158Z Updating files:  36% (4146/11516)
2026-10-07T09:04:44.9588677Z Updating files:  37% (4261/11516)
2026-10-07T09:04:44.9686859Z Updating files:  38% (4377/11516)
2026-10-07T09:04:45.0281880Z Updating files:  39% (4492/11516)
2026-10-07T09:04:45.1153807Z Updating files:  40% (4607/11516)
2026-10-07T09:04:45.1444469Z Updating files:  41% (4722/11516)
2026-10-07T09:04:45.1525571Z Updating files:  42% (4837/11516)
2026-10-07T09:04:45.1586204Z Updating files:  43% (4952/11516)
2026-10-07T09:04:45.1657835Z Updating files:  44% (5068/11516)
2026-10-07T09:04:45.1719934Z Updating files:  45% (5183/11516)
2026-10-07T09:04:45.1803372Z Updating files:  46% (5298/11516)
2026-10-07T09:04:45.1873990Z Updating files:  47% (5413/11516)
2026-10-07T09:04:45.1944939Z Updating files:  48% (5528/11516)
2026-10-07T09:04:45.2022267Z Updating files:  49% (5643/11516)
2026-10-07T09:04:45.2093943Z Updating files:  50% (5758/11516)
2026-10-07T09:04:45.2160493Z Updating files:  51% (5874/11516)
2026-10-07T09:04:45.2212466Z Updating files:  52% (5989/11516)
2026-10-07T09:04:45.2502256Z Updating files:  53% (6104/11516)
2026-10-07T09:04:45.2569532Z Updating files:  54% (6219/11516)
2026-10-07T09:04:45.2642898Z Updating files:  55% (6334/11516)
2026-10-07T09:04:45.2695566Z Updating files:  56% (6449/11516)
2026-10-07T09:04:45.2751647Z Updating files:  57% (6565/11516)
2026-10-07T09:04:45.2806335Z Updating files:  58% (6680/11516)
2026-10-07T09:04:45.2862668Z Updating files:  59% (6795/11516)
2026-10-07T09:04:45.2925782Z Updating files:  60% (6910/11516)
2026-10-07T09:04:45.2995050Z Updating files:  61% (7025/11516)
2026-10-07T09:04:45.3056546Z Updating files:  62% (7140/11516)
2026-10-07T09:04:45.3117840Z Updating files:  63% (7256/11516)
2026-10-07T09:04:45.3177837Z Updating files:  64% (7371/11516)
2026-10-07T09:04:45.3232783Z Updating files:  65% (7486/11516)
2026-10-07T09:04:45.3282933Z Updating files:  66% (7601/11516)
2026-10-07T09:04:45.3339132Z Updating files:  67% (7716/11516)
2026-10-07T09:04:45.3388554Z Updating files:  68% (7831/11516)
2026-10-07T09:04:45.3437832Z Updating files:  69% (7947/11516)
2026-10-07T09:04:45.3489153Z Updating files:  70% (8062/11516)
2026-10-07T09:04:45.3539125Z Updating files:  71% (8177/11516)
2026-10-07T09:04:45.3589059Z Updating files:  72% (8292/11516)
2026-10-07T09:04:45.3636274Z Updating files:  73% (8407/11516)
2026-10-07T09:04:45.3689028Z Updating files:  74% (8522/11516)
2026-10-07T09:04:45.3733425Z Updating files:  75% (8637/11516)
2026-10-07T09:04:45.3780301Z Updating files:  76% (8753/11516)
2026-10-07T09:04:45.3833229Z Updating files:  77% (8868/11516)
2026-10-07T09:04:45.3881893Z Updating files:  78% (8983/11516)
2026-10-07T09:04:45.3928305Z Updating files:  79% (9098/11516)
2026-10-07T09:04:45.3994089Z Updating files:  80% (9213/11516)
2026-10-07T09:04:45.4045783Z Updating files:  81% (9328/11516)
2026-10-07T09:04:45.4089878Z Updating files:  82% (9444/11516)
2026-10-07T09:04:45.4143401Z Updating files:  83% (9559/11516)
2026-10-07T09:04:45.4201904Z Updating files:  84% (9674/11516)
2026-10-07T09:04:45.4247349Z Updating files:  85% (9789/11516)
2026-10-07T09:04:45.4289877Z Updating files:  86% (9904/11516)
2026-10-07T09:04:45.4335635Z Updating files:  87% (10019/11516)
2026-10-07T09:04:45.4408952Z Updating files:  88% (10135/11516)
2026-10-07T09:04:45.4463240Z Updating files:  89% (10250/11516)
2026-10-07T09:04:45.4512856Z Updating files:  90% (10365/11516)
2026-10-07T09:04:45.4566193Z Updating files:  91% (10480/11516)
2026-10-07T09:04:45.4618119Z Updating files:  92% (10595/11516)
2026-10-07T09:04:45.4677118Z Updating files:  93% (10710/11516)
2026-10-07T09:04:45.4728615Z Updating files:  94% (10826/11516)
2026-10-07T09:04:45.4761618Z Updating files:  94% (10918/11516)
2026-10-07T09:04:45.4858762Z Updating files:  95% (10941/11516)
2026-10-07T09:04:45.4937046Z Updating files:  96% (11056/11516)
2026-10-07T09:04:45.4986524Z Updating files:  97% (11171/11516)
2026-10-07T09:04:45.5039327Z Updating files:  98% (11286/11516)
2026-10-07T09:04:45.5097688Z Updating files:  99% (11401/11516)
2026-10-07T09:04:45.5098180Z Updating files: 100% (11516/11516)
2026-10-07T09:04:45.5098504Z Updating files: 100% (11516/11516), done.
2026-10-07T09:04:45.8107224Z Note: switching to '68faf78654770ba0d65f4591fd2dd1433882660e'.
2026-10-07T09:04:45.8107604Z 
2026-10-07T09:04:45.8107879Z You are in 'detached HEAD' state. You can look around, make experimental
2026-10-07T09:04:45.8108477Z changes and commit them, and you can discard any commits you make in this
2026-10-07T09:04:45.8109058Z state without impacting any branches by switching back to a branch.
2026-10-07T09:04:45.8109401Z 
2026-10-07T09:04:45.8109622Z If you want to create a new branch to retain commits you create, you may
2026-10-07T09:04:45.8110190Z do so (now or later) by using -c with the switch command. Example:
2026-10-07T09:04:45.8110500Z 
2026-10-07T09:04:45.8110624Z   git switch -c <new-branch-name>
2026-10-07T09:04:45.8110835Z 
2026-10-07T09:04:45.8110973Z Or undo this operation with:
2026-10-07T09:04:45.8111164Z 
2026-10-07T09:04:45.8111269Z   git switch -
2026-10-07T09:04:45.8111412Z 
2026-10-07T09:04:45.8111670Z Turn off this advice by setting config variable advice.detachedHead to false
2026-10-07T09:04:45.8112038Z 
2026-10-07T09:04:45.8112248Z HEAD is now at 68faf786 Batch 8: R1 first-rejoin repair (4315d7244d)
2026-10-07T09:04:45.8342432Z ##[endgroup]
2026-10-07T09:04:45.8383252Z [command]/usr/bin/git log -1 --format=%H
2026-10-07T09:04:45.8408854Z 68faf78654770ba0d65f4591fd2dd1433882660e
2026-10-07T09:04:45.9294003Z ##[group]Run test -f "$SCRIPT" || { echo "::error::$SCRIPT not found on $CHECKOUT_REF"; exit 1; }
2026-10-07T09:04:45.9294734Z [36;1mtest -f "$SCRIPT" || { echo "::error::$SCRIPT not found on $CHECKOUT_REF"; exit 1; }[0m
2026-10-07T09:04:45.9354534Z shell: /usr/bin/bash -e {0}
2026-10-07T09:04:45.9354737Z env:
2026-10-07T09:04:45.9354903Z   GODOT_VERSION: 4.7-stable
2026-10-07T09:04:45.9355122Z   SCRIPT: tests/smoke_net_shared_wild_fight.gd
2026-10-07T09:04:45.9355413Z   CHECKOUT_REF: 68faf78654770ba0d65f4591fd2dd1433882660e
2026-10-07T09:04:45.9355655Z ##[endgroup]
2026-10-07T09:04:46.0644784Z Prepare all required actions
2026-10-07T09:04:46.0645241Z Getting action download info
2026-10-07T09:04:46.1807468Z Download action repository 'actions/cache@v4' (SHA:0057852bfaa89a56745cba8c7296529d2fc39830)
2026-10-07T09:04:47.6906267Z ##[group]Run ./.github/actions/setup-godot
2026-10-07T09:04:47.6906504Z env:
2026-10-07T09:04:47.6906671Z   GODOT_VERSION: 4.7-stable
2026-10-07T09:04:47.6906856Z ##[endgroup]
2026-10-07T09:04:47.6954006Z ##[start-action display=Run actions/cache@v4;id=__self.cache-godot]
2026-10-07T09:04:47.9325621Z ##[group]Run actions/cache@v4
2026-10-07T09:04:47.9325987Z with:
2026-10-07T09:04:47.9326210Z   path: ~/godot-bin
2026-10-07T09:04:47.9326387Z   key: godot-editor-4.7-stable
2026-10-07T09:04:47.9326590Z   enableCrossOsArchive: false
2026-10-07T09:04:47.9326784Z   fail-on-cache-miss: false
2026-10-07T09:04:47.9327166Z   lookup-only: false
2026-10-07T09:04:47.9327335Z   save-always: false
2026-10-07T09:04:47.9327504Z env:
2026-10-07T09:04:47.9327711Z   GODOT_VERSION: 4.7-stable
2026-10-07T09:04:47.9327891Z ##[endgroup]
2026-10-07T09:04:48.0147995Z (node:2110) [DEP0040] DeprecationWarning: The `punycode` module is deprecated. Please use a userland alternative instead.
2026-10-07T09:04:48.0148550Z (Use `node --trace-deprecation ...` to show where the warning was created)
2026-10-07T09:04:48.2370316Z Cache hit for: godot-editor-4.7-stable
2026-10-07T09:04:48.2443702Z (node:2110) [DEP0169] DeprecationWarning: `url.parse()` behavior is not standardized and prone to errors that have security implications. Use the WHATWG URL API instead. CVEs are not issued for `url.parse()` vulnerabilities.
2026-10-07T09:04:49.4421370Z Received 41943040 of 73776973 (56.9%), 40.0 MBs/sec
2026-10-07T09:04:49.6598084Z Received 73776973 of 73776973 (100.0%), 57.8 MBs/sec
2026-10-07T09:04:49.6599600Z Cache Size: ~70 MB (73776973 B)
2026-10-07T09:04:49.6649943Z [command]/usr/bin/tar -xf /home/runner/work/_temp/a3e491af-20c8-40a9-b95f-617a984885e1/cache.tzst -P -C /home/runner/work/Tetherbound/Tetherbound --use-compress-program unzstd
2026-10-07T09:04:49.8354466Z Cache restored successfully
2026-10-07T09:04:49.8447422Z Cache restored from key: godot-editor-4.7-stable
2026-10-07T09:04:49.8586145Z ##[end-action id=__self.cache-godot;outcome=success;conclusion=success;duration_ms=2163]
2026-10-07T09:04:49.8590764Z ##[start-action display=Run set -euo pipefail;id=__self.__run]
2026-10-07T09:04:49.8596484Z ##[end-action id=__self.__run;outcome=skipped;conclusion=skipped;duration_ms=0]
2026-10-07T09:04:49.8598219Z ##[start-action display=Run echo "$HOME/godot-bin" >> "$GITHUB_PATH";id=__self.__run_2]
2026-10-07T09:04:49.9230628Z ##[group]Run echo "$HOME/godot-bin" >> "$GITHUB_PATH"
2026-10-07T09:04:49.9231078Z [36;1mecho "$HOME/godot-bin" >> "$GITHUB_PATH"[0m
2026-10-07T09:04:49.9291631Z shell: /usr/bin/bash --noprofile --norc -e -o pipefail {0}
2026-10-07T09:04:49.9291930Z env:
2026-10-07T09:04:49.9292100Z   GODOT_VERSION: 4.7-stable
2026-10-07T09:04:49.9292303Z ##[endgroup]
2026-10-07T09:04:50.0339616Z ##[end-action id=__self.__run_2;outcome=success;conclusion=success;duration_ms=174]
2026-10-07T09:04:50.0341751Z ##[start-action display=Run actions/cache@v4;id=__self.__actions_cache]
2026-10-07T09:04:51.0963344Z ##[group]Run actions/cache@v4
2026-10-07T09:04:51.0963555Z with:
2026-10-07T09:04:51.0963713Z   path: .godot
2026-10-07T09:04:51.0964025Z   key: import-4.7-stable-de0c944e157463687959d085d027731cdddfe5bc8c33adf8c370eca59e231f29
2026-10-07T09:04:51.0964397Z   restore-keys: import-4.7-stable-
2026-10-07T09:04:51.0964618Z   enableCrossOsArchive: false
2026-10-07T09:04:51.0964825Z   fail-on-cache-miss: false
2026-10-07T09:04:51.0965015Z   lookup-only: false
2026-10-07T09:04:51.0965194Z   save-always: false
2026-10-07T09:04:51.0965358Z env:
2026-10-07T09:04:51.0965516Z   GODOT_VERSION: 4.7-stable
2026-10-07T09:04:51.0965701Z ##[endgroup]
2026-10-07T09:04:51.1838872Z (node:2141) [DEP0040] DeprecationWarning: The `punycode` module is deprecated. Please use a userland alternative instead.
2026-10-07T09:04:51.1839855Z (Use `node --trace-deprecation ...` to show where the warning was created)
2026-10-07T09:04:51.3836500Z Cache hit for: import-4.7-stable-de0c944e157463687959d085d027731cdddfe5bc8c33adf8c370eca59e231f29
2026-10-07T09:04:51.3938370Z (node:2141) [DEP0169] DeprecationWarning: `url.parse()` behavior is not standardized and prone to errors that have security implications. Use the WHATWG URL API instead. CVEs are not issued for `url.parse()` vulnerabilities.
2026-10-07T09:04:52.5923533Z Received 33554432 of 1695760333 (2.0%), 32.0 MBs/sec
2026-10-07T09:04:53.5947253Z Received 205520896 of 1695760333 (12.1%), 98.0 MBs/sec
2026-10-07T09:04:54.5947464Z Received 390070272 of 1695760333 (23.0%), 124.0 MBs/sec
2026-10-07T09:04:55.5933093Z Received 574619648 of 1695760333 (33.9%), 137.0 MBs/sec
2026-10-07T09:04:56.5930793Z Received 742391808 of 1695760333 (43.8%), 141.6 MBs/sec
2026-10-07T09:04:57.5934927Z Received 939524096 of 1695760333 (55.4%), 149.3 MBs/sec
2026-10-07T09:04:58.5941235Z Received 1136656384 of 1695760333 (67.0%), 154.8 MBs/sec
2026-10-07T09:04:59.5951633Z Received 1333788672 of 1695760333 (78.7%), 159.0 MBs/sec
2026-10-07T09:05:00.5956287Z Received 1476395008 of 1695760333 (87.1%), 156.4 MBs/sec
2026-10-07T09:05:01.6003883Z Received 1652555776 of 1695760333 (97.5%), 157.6 MBs/sec
2026-10-07T09:05:01.7693924Z Received 1695760333 of 1695760333 (100.0%), 158.9 MBs/sec
2026-10-07T09:05:01.7695313Z Cache Size: ~1617 MB (1695760333 B)
2026-10-07T09:05:01.7783170Z [command]/usr/bin/tar -xf /home/runner/work/_temp/3a146303-b42d-4f13-b9f5-e475e64b66c1/cache.tzst -P -C /home/runner/work/Tetherbound/Tetherbound --use-compress-program unzstd
2026-10-07T09:05:08.5750616Z Cache restored successfully
2026-10-07T09:05:08.6531840Z Cache restored from key: import-4.7-stable-de0c944e157463687959d085d027731cdddfe5bc8c33adf8c370eca59e231f29
2026-10-07T09:05:08.6643315Z ##[end-action id=__self.__actions_cache;outcome=success;conclusion=success;duration_ms=18630]
2026-10-07T09:05:08.6646329Z ##[start-action display=Run godot --headless --path . --import || true;id=__self.__run_3]
2026-10-07T09:05:08.7248392Z ##[group]Run godot --headless --path . --import || true
2026-10-07T09:05:08.7248893Z [36;1mgodot --headless --path . --import || true[0m
2026-10-07T09:05:08.7312829Z shell: /usr/bin/bash --noprofile --norc -e -o pipefail {0}
2026-10-07T09:05:08.7313105Z env:
2026-10-07T09:05:08.7313274Z   GODOT_VERSION: 4.7-stable
2026-10-07T09:05:08.7313481Z ##[endgroup]
2026-10-07T09:05:08.9035373Z Godot Engine v4.7.stable.official.5b4e0cb0f - https://godotengine.org
2026-10-07T09:05:09.2943474Z 
2026-10-07T09:05:14.8154233Z [   0% ] [90m[1mfirst_scan_filesystem[22m | Started Project initialization (5 steps)[39m[0m
2026-10-07T09:05:14.8156271Z [   0% ] [90m[1mfirst_scan_filesystem[22m | Scanning file structure...[39m[0m
2026-10-07T09:05:14.8740489Z [  16% ] [90m[1mfirst_scan_filesystem[22m | Loading global class names...[39m[0m
2026-10-07T09:05:15.2655402Z [  33% ] [90m[1mfirst_scan_filesystem[22m | Verifying GDExtensions...[39m[0m
2026-10-07T09:05:15.2656684Z [  50% ] [90m[1mfirst_scan_filesystem[22m | Creating autoload scripts...[39m[0m
2026-10-07T09:05:18.7068367Z [  66% ] [90m[1mfirst_scan_filesystem[22m | Initializing plugins...[39m[0m
2026-10-07T09:05:18.7076208Z [  83% ] [90m[1mfirst_scan_filesystem[22m | Starting file scan...[39m[0m
2026-10-07T09:05:18.7076745Z [92m[ DONE ][39m [1mfirst_scan_filesystem[22m
2026-10-07T09:05:18.7077124Z [0m
2026-10-07T09:05:23.4100672Z [   0% ] [90m[1mupdate_scripts_classes[22m | Started Registering global classes... (3099 steps)[39m[0m
2026-10-07T09:05:23.4101420Z [   0% ] [90m[1mupdate_scripts_classes[22m | [39m[0m
2026-10-07T09:05:23.4101933Z [   0% ] [90m[1mupdate_scripts_classes[22m | [39m[0m
2026-10-07T09:05:23.4102393Z [   0% ] [90m[1mupdate_scripts_classes[22m | [39m[0m
2026-10-07T09:05:23.4102869Z [   0% ] [90m[1mupdate_scripts_classes[22m | [39m[0m
2026-10-07T09:05:23.4103719Z [   0% ] [90m[1mupdate_scripts_classes[22m | [39m[0m
2026-10-07T09:05:23.4104160Z [   0% ] [90m[1mupdate_scripts_classes[22m | [39m[0m
2026-10-07T09:05:23.4104646Z [   0% ] [90m[1mupdate_scripts_classes[22m | [39m[0m
2026-10-07T09:05:23.4105114Z [   0% ] [90m[1mupdate_scripts_classes[22m | [39m[0m
2026-10-07T09:05:23.4105623Z [   0% ] [90m[1mupdate_scripts_classes[22m | DoubleSlider[39m[0m
2026-10-07T09:05:23.4106245Z [   0% ] [90m[1mupdate_scripts_classes[22m | [39m[0m
2026-10-07T09:05:23.4106711Z [   0% ] [90m[1mupdate_scripts_classes[22m | [39m[0m
2026-10-07T09:05:23.4107172Z [   0% ] [90m[1mupdate_scripts_classes[22m | [39m[0m
2026-10-07T09:05:23.4107622Z [   0% ] [90m[1mupdate_scripts_classes[22m | [39m[0m
2026-10-07T09:05:23.4108075Z [   0% ] [90m[1mupdate_scripts_classes[22m | [39m[0m
2026-10-07T09:05:23.4108531Z [   0% ] [90m[1mupdate_scripts_classes[22m | [39m[0m
2026-10-07T09:05:23.4109143Z [   0% ] [90m[1mupdate_scripts_classes[22m | [39m[0m
2026-10-07T09:05:23.4109602Z [   0% ] [90m[1mupdate_scripts_classes[22m | [39m[0m
2026-10-07T09:05:23.4110043Z [   0% ] [90m[1mupdate_scripts_classes[22m | [39m[0m
2026-10-07T09:05:23.4110494Z [   0% ] [90m[1mupdate_scripts_classes[22m | [39m[0m
2026-10-07T09:05:23.4111024Z [   0% ] [90m[1mupdate_scripts_classes[22m | Terrain3DObjects[39m[0m
2026-10-07T09:05:23.4111506Z [   0% ] [90m[1mupdate_scripts_classes[22m | [39m[0m
2026-10-07T09:05:23.4111956Z [   0% ] [90m[1mupdate_scripts_classes[22m | [39m[0m
2026-10-07T09:05:23.4112407Z [   0% ] [90m[1mupdate_scripts_classes[22m | [39m[0m
2026-10-07T09:05:23.4112853Z [   0% ] [90m[1mupdate_scripts_classes[22m | [39m[0m
2026-10-07T09:05:23.4113317Z [   0% ] [90m[1mupdate_scripts_classes[22m | [39m[0m
2026-10-07T09:05:23.4113761Z [   0% ] [90m[1mupdate_scripts_classes[22m | [39m[0m
2026-10-07T09:05:23.4114211Z [   0% ] [90m[1mupdate_scripts_classes[22m | [39m[0m
2026-10-07T09:05:23.4114670Z [   0% ] [90m[1mupdate_scripts_classes[22m | [39m[0m
2026-10-07T09:05:23.4115113Z [   0% ] [90m[1mupdate_scripts_classes[22m | [39m[0m
2026-10-07T09:05:23.4115571Z [   0% ] [90m[1mupdate_scripts_classes[22m | [39m[0m
2026-10-07T09:05:23.4116135Z [   0% ] [90m[1mupdate_scripts_classes[22m | [39m[0m
2026-10-07T09:05:23.4116640Z [   1% ] [90m[1mupdate_scripts_classes[22m | AudioManager[39m[0m
2026-10-07T09:05:23.4117132Z [   1% ] [90m[1mupdate_scripts_classes[22m | [39m[0m
2026-10-07T09:05:23.4117592Z [   1% ] [90m[1mupdate_scripts_classes[22m | [39m[0m
2026-10-07T09:05:23.4118044Z [   1% ] [90m[1mupdate_scripts_classes[22m | [39m[0m
2026-10-07T09:05:23.4118488Z [   1% ] [90m[1mupdate_scripts_classes[22m | [39m[0m
2026-10-07T09:05:23.4118944Z [   1% ] [90m[1mupdate_scripts_classes[22m | [39m[0m
2026-10-07T09:05:23.4119386Z [   1% ] [90m[1mupdate_scripts_classes[22m | [39m[0m
2026-10-07T09:05:23.4119845Z [   1% ] [90m[1mupdate_scripts_classes[22m | [39m[0m
2026-10-07T09:05:23.4120303Z [   1% ] [90m[1mupdate_scripts_classes[22m | [39m[0m
2026-10-07T09:05:23.4120758Z [   1% ] [90m[1mupdate_scripts_classes[22m | [39m[0m
2026-10-07T09:05:23.4121218Z [   1% ] [90m[1mupdate_scripts_classes[22m | [39m[0m
2026-10-07T09:05:23.4121668Z [   1% ] [90m[1mupdate_scripts_classes[22m | [39m[0m
2026-10-07T09:05:23.4122124Z [   1% ] [90m[1mupdate_scripts_classes[22m | [39m[0m
2026-10-07T09:05:23.4122568Z [   1% ] [90m[1mupdate_scripts_classes[22m | [39m[0m
2026-10-07T09:05:23.4123021Z [   1% ] [90m[1mupdate_scripts_classes[22m | [39m[0m
2026-10-07T09:05:23.4123482Z [   1% ] [90m[1mupdate_scripts_classes[22m | [39m[0m
2026-10-07T09:05:23.4123930Z [   1% ] [90m[1mupdate_scripts_classes[22m | [39m[0m
2026-10-07T09:05:23.4124378Z [   1% ] [90m[1mupdate_scripts_classes[22m | [39m[0m
2026-10-07T09:05:23.4124826Z [   1% ] [90m[1mupdate_scripts_classes[22m | [39m[0m
2026-10-07T09:05:23.4125279Z [   1% ] [90m[1mupdate_scripts_classes[22m | [39m[0m
2026-10-07T09:05:23.4126266Z [   1% ] [90m[1mupdate_scripts_classes[22m | [39m[0m
2026-10-07T09:05:23.4126764Z [   1% ] [90m[1mupdate_scripts_classes[22m | [39m[0m
2026-10-07T09:05:23.4127081Z [   1% ] [90m[1mupdate_scripts_classes[22m | [39m[0m
2026-10-07T09:05:23.4127369Z [   1% ] [90m[1mupdate_scripts_classes[22m | [39m[0m
2026-10-07T09:05:23.4127648Z [   1% ] [90m[1mupdate_scripts_classes[22m | [39m[0m
2026-10-07T09:05:23.4127931Z [   1% ] [90m[1mupdate_scripts_classes[22m | [39m[0m
2026-10-07T09:05:23.4128208Z [   1% ] [90m[1mupdate_scripts_classes[22m | [39m[0m
2026-10-07T09:05:23.4128488Z [   1% ] [90m[1mupdate_scripts_classes[22m | [39m[0m
2026-10-07T09:05:23.4128773Z [   1% ] [90m[1mupdate_scripts_classes[22m | [39m[0m
2026-10-07T09:05:23.4129066Z [   1% ] [90m[1mupdate_scripts_classes[22m | [39m[0m
2026-10-07T09:05:23.4129355Z [   1% ] [90m[1mupdate_scripts_classes[22m | [39m[0m
2026-10-07T09:05:23.4129757Z [   2% ] [90m[1mupdate_scripts_classes[22m | [39m[0m
2026-10-07T09:05:23.4130042Z [   2% ] [90m[1mupdate_scripts_classes[22m | [39m[0m
2026-10-07T09:05:23.4130371Z [   2% ] [90m[1mupdate_scripts_classes[22m | [39m[0m
2026-10-07T09:05:23.4130688Z [   2% ] [90m[1mupdate_scripts_classes[22m | [39m[0m
2026-10-07T09:05:23.4130973Z [   2% ] [90m[1mupdate_scripts_classes[22m | [39m[0m
2026-10-07T09:05:23.4131251Z [   2% ] [90m[1mupdate_scripts_classes[22m | [39m[0m
2026-10-07T09:05:23.4131562Z [   2% ] [90m[1mupdate_scripts_classes[22m | [39m[0m
2026-10-07T09:05:23.4131851Z [   2% ] [90m[1mupdate_scripts_classes[22m | [39m[0m
2026-10-07T09:05:23.4132131Z [   2% ] [90m[1mupdate_scripts_classes[22m | [39m[0m
2026-10-07T09:05:23.4132412Z [   2% ] [90m[1mupdate_scripts_classes[22m | [39m[0m
2026-10-07T09:05:23.4132693Z [   2% ] [90m[1mupdate_scripts_classes[22m | [39m[0m
2026-10-07T09:05:23.4132981Z [   2% ] [90m[1mupdate_scripts_classes[22m | [39m[0m
2026-10-07T09:05:23.4133271Z [   2% ] [90m[1mupdate_scripts_classes[22m | [39m[0m
2026-10-07T09:05:23.4133578Z [   2% ] [90m[1mupdate_scripts_classes[22m | [39m[0m
2026-10-07T09:05:23.4133865Z [   2% ] [90m[1mupdate_scripts_classes[22m | [39m[0m
2026-10-07T09:05:23.4134149Z [   2% ] [90m[1mupdate_scripts_classes[22m | [39m[0m
2026-10-07T09:05:23.4134429Z [   2% ] [90m[1mupdate_scripts_classes[22m | [39m[0m
2026-10-07T09:05:23.4137148Z [   2% ] [90m[1mupdate_scripts_classes[22m | [39m[0m
2026-10-07T09:05:23.4137550Z [   2% ] [90m[1mupdate_scripts_classes[22m | [39m[0m
2026-10-07T09:05:23.4137950Z [   2% ] [90m[1mupdate_scripts_classes[22m | [39m[0m
2026-10-07T09:05:23.4138352Z [   2% ] [90m[1mupdate_scripts_classes[22m | [39m[0m
2026-10-07T09:05:23.4138744Z [   2% ] [90m[1mupdate_scripts_classes[22m | [39m[0m
2026-10-07T09:05:23.4139150Z [   2% ] [90m[1mupdate_scripts_classes[22m | [39m[0m
2026-10-07T09:05:23.4139565Z [   2% ] [90m[1mupdate_scripts_classes[22m | [39m[0m
2026-10-07T09:05:23.4139967Z [   2% ] [90m[1mupdate_scripts_classes[22m | [39m[0m
2026-10-07T09:05:23.4140353Z [   2% ] [90m[1mupdate_scripts_classes[22m | [39m[0m
2026-10-07T09:05:23.4140750Z [   2% ] [90m[1mupdate_scripts_classes[22m | [39m[0m
2026-10-07T09:05:23.4141178Z [   2% ] [90m[1mupdate_scripts_classes[22m | [39m[0m
2026-10-07T09:05:23.4141599Z [   2% ] [90m[1mupdate_scripts_classes[22m | [39m[0m
2026-10-07T09:05:23.4142019Z [   2% ] [90m[1mupdate_scripts_classes[22m | [39m[0m
2026-10-07T09:05:23.4142380Z [   2% ] [90m[1mupdate_scripts_classes[22m | [39m[0m
2026-10-07T09:05:23.4142854Z [   3% ] [90m[1mupdate_scripts_classes[22m | [39m[0m
2026-10-07T09:05:23.4143172Z [   3% ] [90m[1mupdate_scripts_classes[22m | [39m[0m
2026-10-07T09:05:23.4143471Z [   3% ] [90m[1mupdate_scripts_classes[22m | [39m[0m
2026-10-07T09:05:23.4143753Z [   3% ] [90m[1mupdate_scripts_classes[22m | [39m[0m
2026-10-07T09:05:23.4144049Z [   3% ] [90m[1mupdate_scripts_classes[22m | [39m[0m
2026-10-07T09:05:23.4144495Z [   3% ] [90m[1mupdate_scripts_classes[22m | [39m[0m
2026-10-07T09:05:23.4144789Z [   3% ] [90m[1mupdate_scripts_classes[22m | [39m[0m
2026-10-07T09:05:23.4145065Z [   3% ] [90m[1mupdate_scripts_classes[22m | [39m[0m
2026-10-07T09:05:23.4145342Z [   3% ] [90m[1mupdate_scripts_classes[22m | [39m[0m
2026-10-07T09:05:23.4145623Z [   3% ] [90m[1mupdate_scripts_classes[22m | [39m[0m
2026-10-07T09:05:23.4146166Z [   3% ] [90m[1mupdate_scripts_classes[22m | [39m[0m
2026-10-07T09:05:23.4146612Z [   3% ] [90m[1mupdate_scripts_classes[22m | [39m[0m
2026-10-07T09:05:23.4147056Z [   3% ] [90m[1mupdate_scripts_classes[22m | [39m[0m
2026-10-07T09:05:23.4147492Z [   3% ] [90m[1mupdate_scripts_classes[22m | [39m[0m
2026-10-07T09:05:23.4147937Z [   3% ] [90m[1mupdate_scripts_classes[22m | [39m[0m
2026-10-07T09:05:23.4148384Z [   3% ] [90m[1mupdate_scripts_classes[22m | [39m[0m
2026-10-07T09:05:23.4149205Z [   3% ] [90m[1mupdate_scripts_classes[22m | [39m[0m
2026-10-07T09:05:23.4149676Z [   3% ] [90m[1mupdate_scripts_classes[22m | [39m[0m
2026-10-07T09:05:23.4150128Z [   3% ] [90m[1mupdate_scripts_classes[22m | [39m[0m
2026-10-07T09:05:23.4150583Z [   3% ] [90m[1mupdate_scripts_classes[22m | [39m[0m
2026-10-07T09:05:23.4151022Z [   3% ] [90m[1mupdate_scripts_classes[22m | [39m[0m
2026-10-07T09:05:23.4151470Z [   3% ] [90m[1mupdate_scripts_classes[22m | [39m[0m
2026-10-07T09:05:23.4151982Z [   3% ] [90m[1mupdate_scripts_classes[22m | [39m[0m
2026-10-07T09:05:23.4152431Z [   3% ] [90m[1mupdate_scripts_classes[22m | [39m[0m
2026-10-07T09:05:23.4152883Z [   3% ] [90m[1mupdate_scripts_classes[22m | [39m[0m
2026-10-07T09:05:23.4153328Z [   3% ] [90m[1mupdate_scripts_classes[22m | [39m[0m
2026-10-07T09:05:23.4153775Z [   3% ] [90m[1mupdate_scripts_classes[22m | [39m[0m
2026-10-07T09:05:23.4154236Z [   3% ] [90m[1mupdate_scripts_classes[22m | [39m[0m
2026-10-07T09:05:23.4154689Z [   3% ] [90m[1mupdate_scripts_classes[22m | [39m[0m
2026-10-07T09:05:23.4155141Z [   3% ] [90m[1mupdate_scripts_classes[22m | [39m[0m
2026-10-07T09:05:23.4155584Z [   3% ] [90m[1mupdate_scripts_classes[22m | [39m[0m
2026-10-07T09:05:23.4156241Z [   4% ] [90m[1mupdate_scripts_classes[22m | [39m[0m
2026-10-07T09:05:23.4156702Z [   4% ] [90m[1mupdate_scripts_classes[22m | [39m[0m
2026-10-07T09:05:23.4157147Z [   4% ] [90m[1mupdate_scripts_classes[22m | [39m[0m
2026-10-07T09:05:23.4157614Z [   4% ] [90m[1mupdate_scripts_classes[22m | [39m[0m
2026-10-07T09:05:23.4158077Z [   4% ] [90m[1mupdate_scripts_classes[22m | [39m[0m
2026-10-07T09:05:23.4158565Z [   4% ] [90m[1mupdate_scripts_classes[22m | [39m[0m
2026-10-07T09:05:23.4159013Z [   4% ] [90m[1mupdate_scripts_classes[22m | [39m[0m
2026-10-07T09:05:23.4159385Z [   4% ] [90m[1mupdate_scripts_classes[22m | [39m[0m
2026-10-07T09:05:23.4159688Z [   4% ] [90m[1mupdate_scripts_classes[22m | [39m[0m
2026-10-07T09:05:23.4159974Z [   4% ] [90m[1mupdate_scripts_classes[22m | [39m[0m
2026-10-07T09:05:23.4160259Z [   4% ] [90m[1mupdate_scripts_classes[22m | [39m[0m
2026-10-07T09:05:23.4160536Z [   4% ] [90m[1mupdate_scripts_classes[22m | [39m[0m
2026-10-07T09:05:23.4160812Z [   4% ] [90m[1mupdate_scripts_classes[22m | [39m[0m
2026-10-07T09:05:23.4161092Z [   4% ] [90m[1mupdate_scripts_classes[22m | [39m[0m
2026-10-07T09:05:23.4161368Z [   4% ] [90m[1mupdate_scripts_classes[22m | [39m[0m
2026-10-07T09:05:23.4161649Z [   4% ] [90m[1mupdate_scripts_classes[22m | [39m[0m
2026-10-07T09:05:23.4161925Z [   4% ] [90m[1mupdate_scripts_classes[22m | [39m[0m
2026-10-07T09:05:23.4162206Z [   4% ] [90m[1mupdate_scripts_classes[22m | [39m[0m
2026-10-07T09:05:23.4162489Z [   4% ] [90m[1mupdate_scripts_classes[22m | [39m[0m
2026-10-07T09:05:23.4162764Z [   4% ] [90m[1mupdate_scripts_classes[22m | [39m[0m
2026-10-07T09:05:23.4163047Z [   4% ] [90m[1mupdate_scripts_classes[22m | [39m[0m
2026-10-07T09:05:23.4163479Z [   4% ] [90m[1mupdate_scripts_classes[22m | [39m[0m
2026-10-07T09:05:23.4163760Z [   4% ] [90m[1mupdate_scripts_classes[22m | [39m[0m
2026-10-07T09:05:23.4164040Z [   4% ] [90m[1mupdate_scripts_classes[22m | [39m[0m
2026-10-07T09:05:23.4164334Z [   4% ] [90m[1mupdate_scripts_classes[22m | [39m[0m
2026-10-07T09:05:23.4164621Z [   4% ] [90m[1mupdate_scripts_classes[22m | [39m[0m
2026-10-07T09:05:23.4164905Z [   4% ] [90m[1mupdate_scripts_classes[22m | [39m[0m
2026-10-07T09:05:23.4165182Z [   4% ] [90m[1mupdate_scripts_classes[22m | [39m[0m
2026-10-07T09:05:23.4165469Z [   4% ] [90m[1mupdate_scripts_classes[22m | [39m[0m
2026-10-07T09:05:23.4165749Z [   4% ] [90m[1mupdate_scripts_classes[22m | [39m[0m
2026-10-07T09:05:23.4166284Z [   4% ] [90m[1mupdate_scripts_classes[22m | [39m[0m
2026-10-07T09:05:23.4166738Z [   5% ] [90m[1mupdate_scripts_classes[22m | [39m[0m
2026-10-07T09:05:23.4167473Z [   5% ] [90m[1mupdate_scripts_classes[22m | [39m[0m
2026-10-07T09:05:23.4167932Z [   5% ] [90m[1mupdate_scripts_classes[22m | [39m[0m
2026-10-07T09:05:23.4168379Z [   5% ] [90m[1mupdate_scripts_classes[22m | [39m[0m
2026-10-07T09:05:23.4168827Z [   5% ] [90m[1mupdate_scripts_classes[22m | [39m[0m
2026-10-07T09:05:23.4169279Z [   5% ] [90m[1mupdate_scripts_classes[22m | [39m[0m
2026-10-07T09:05:23.4169646Z [   5% ] [90m[1mupdate_scripts_classes[22m | [39m[0m
2026-10-07T09:05:23.4169933Z [   5% ] [90m[1mupdate_scripts_classes[22m | [39m[0m
2026-10-07T09:05:23.4170212Z [   5% ] [90m[1mupdate_scripts_classes[22m | [39m[0m
2026-10-07T09:05:23.4170494Z [   5% ] [90m[1mupdate_scripts_classes[22m | [39m[0m
2026-10-07T09:05:23.4170778Z [   5% ] [90m[1mupdate_scripts_classes[22m | [39m[0m
2026-10-07T09:05:23.4171065Z [   5% ] [90m[1mupdate_scripts_classes[22m | [39m[0m
2026-10-07T09:05:23.4171367Z [   5% ] [90m[1mupdate_scripts_classes[22m | [39m[0m
2026-10-07T09:05:23.4171645Z [   5% ] [90m[1mupdate_scripts_classes[22m | [39m[0m
2026-10-07T09:05:23.4171928Z [   5% ] [90m[1mupdate_scripts_classes[22m | [39m[0m
2026-10-07T09:05:23.4172212Z [   5% ] [90m[1mupdate_scripts_classes[22m | [39m[0m
2026-10-07T09:05:23.4172490Z [   5% ] [90m[1mupdate_scripts_classes[22m | [39m[0m
2026-10-07T09:05:23.4172773Z [   5% ] [90m[1mupdate_scripts_classes[22m | [39m[0m
2026-10-07T09:05:23.4173049Z [   5% ] [90m[1mupdate_scripts_classes[22m | [39m[0m
2026-10-07T09:05:23.4173326Z [   5% ] [90m[1mupdate_scripts_classes[22m | [39m[0m
2026-10-07T09:05:23.4173609Z [   5% ] [90m[1mupdate_scripts_classes[22m | [39m[0m
2026-10-07T09:05:23.4173889Z [   5% ] [90m[1mupdate_scripts_classes[22m | [39m[0m
2026-10-07T09:05:23.4174169Z [   5% ] [90m[1mupdate_scripts_classes[22m | [39m[0m
2026-10-07T09:05:23.4174461Z [   5% ] [90m[1mupdate_scripts_classes[22m | [39m[0m
2026-10-07T09:05:23.4174755Z [   5% ] [90m[1mupdate_scripts_classes[22m | [39m[0m
2026-10-07T09:05:23.4175045Z [   5% ] [90m[1mupdate_scripts_classes[22m | [39m[0m
2026-10-07T09:05:23.4175326Z [   5% ] [90m[1mupdate_scripts_classes[22m | [39m[0m
2026-10-07T09:05:23.4175605Z [   5% ] [90m[1mupdate_scripts_classes[22m | [39m[0m
2026-10-07T09:05:23.4176105Z [   5% ] [90m[1mupdate_scripts_classes[22m | [39m[0m
2026-10-07T09:05:23.4176398Z [   5% ] [90m[1mupdate_scripts_classes[22m | [39m[0m
2026-10-07T09:05:23.4176682Z [   5% ] [90m[1mupdate_scripts_classes[22m | [39m[0m
2026-10-07T09:05:23.4176962Z [   6% ] [90m[1mupdate_scripts_classes[22m | [39m[0m
2026-10-07T09:05:23.4177242Z [   6% ] [90m[1mupdate_scripts_classes[22m | [39m[0m
2026-10-07T09:05:23.4177524Z [   6% ] [90m[1mupdate_scripts_classes[22m | [39m[0m
2026-10-07T09:05:23.4177805Z [   6% ] [90m[1mupdate_scripts_classes[22m | [39m[0m
2026-10-07T09:05:23.4178091Z [   6% ] [90m[1mupdate_scripts_classes[22m | [39m[0m
2026-10-07T09:05:23.4178379Z [   6% ] [90m[1mupdate_scripts_classes[22m | [39m[0m
2026-10-07T09:05:23.4178792Z [   6% ] [90m[1mupdate_scripts_classes[22m | [39m[0m
2026-10-07T09:05:23.4179079Z [   6% ] [90m[1mupdate_scripts_classes[22m | [39m[0m
2026-10-07T09:05:23.4179361Z [   6% ] [90m[1mupdate_scripts_classes[22m | [39m[0m
2026-10-07T09:05:23.4179639Z [   6% ] [90m[1mupdate_scripts_classes[22m | [39m[0m
2026-10-07T09:05:23.4179917Z [   6% ] [90m[1mupdate_scripts_classes[22m | [39m[0m
2026-10-07T09:05:23.4180195Z [   6% ] [90m[1mupdate_scripts_classes[22m | [39m[0m
2026-10-07T09:05:23.4180470Z [   6% ] [90m[1mupdate_scripts_classes[22m | [39m[0m
2026-10-07T09:05:23.4180756Z [   6% ] [90m[1mupdate_scripts_classes[22m | [39m[0m
2026-10-07T09:05:23.4181074Z [   6% ] [90m[1mupdate_scripts_classes[22m | [39m[0m
2026-10-07T09:05:23.4181374Z [   6% ] [90m[1mupdate_scripts_classes[22m | [39m[0m
2026-10-07T09:05:23.4181667Z [   6% ] [90m[1mupdate_scripts_classes[22m | [39m[0m
2026-10-07T09:05:23.4182067Z [   6% ] [90m[1mupdate_scripts_classes[22m | [39m[0m
2026-10-07T09:05:23.4182358Z [   6% ] [90m[1mupdate_scripts_classes[22m | [39m[0m
2026-10-07T09:05:23.4182637Z [   6% ] [90m[1mupdate_scripts_classes[22m | [39m[0m
2026-10-07T09:05:23.4182915Z [   6% ] [90m[1mupdate_scripts_classes[22m | [39m[0m
2026-10-07T09:05:23.4183198Z [   6% ] [90m[1mupdate_scripts_classes[22m | [39m[0m
2026-10-07T09:05:23.4183477Z [   6% ] [90m[1mupdate_scripts_classes[22m | [39m[0m
2026-10-07T09:05:23.4183758Z [   6% ] [90m[1mupdate_scripts_classes[22m | [39m[0m
2026-10-07T09:05:23.4184041Z [   6% ] [90m[1mupdate_scripts_classes[22m | [39m[0m
2026-10-07T09:05:23.4184341Z [   6% ] [90m[1mupdate_scripts_classes[22m | [39m[0m
2026-10-07T09:05:23.4184640Z [   6% ] [90m[1mupdate_scripts_classes[22m | [39m[0m
2026-10-07T09:05:23.4187642Z [   6% ] [90m[1mupdate_scripts_classes[22m | [39m[0m
2026-10-07T09:05:23.4187987Z [   6% ] [90m[1mupdate_scripts_classes[22m | [39m[0m
2026-10-07T09:05:23.4188302Z [   6% ] [90m[1mupdate_scripts_classes[22m | [39m[0m
2026-10-07T09:05:23.4188612Z [   6% ] [90m[1mupdate_scripts_classes[22m | [39m[0m
2026-10-07T09:05:23.4188898Z [   7% ] [90m[1mupdate_scripts_classes[22m | [39m[0m
2026-10-07T09:05:23.4189192Z [   7% ] [90m[1mupdate_scripts_classes[22m | [39m[0m
2026-10-07T09:05:23.4189499Z [   7% ] [90m[1mupdate_scripts_classes[22m | [39m[0m
2026-10-07T09:05:23.4189835Z [   7% ] [90m[1mupdate_scripts_classes[22m | SnapshotTransfer[39m[0m
2026-10-07T09:05:23.4190179Z [   7% ] [90m[1mupdate_scripts_classes[22m | [39m[0m
2026-10-07T09:05:23.4190473Z [   7% ] [90m[1mupdate_scripts_classes[22m | [39m[0m
2026-10-07T09:05:23.4190827Z [   7% ] [90m[1mupdate_scripts_classes[22m | [39m[0m
2026-10-07T09:05:23.4191263Z [   7% ] [90m[1mupdate_scripts_classes[22m | [39m[0m
2026-10-07T09:05:23.4191764Z [   7% ] [90m[1mupdate_scripts_classes[22m | [39m[0m
2026-10-07T09:05:23.4192195Z [   7% ] [90m[1mupdate_scripts_classes[22m | [39m[0m
2026-10-07T09:05:23.4192577Z [   7% ] [90m[1mupdate_scripts_classes[22m | [39m[0m
2026-10-07T09:05:23.4193076Z [   7% ] [90m[1mupdate_scripts_classes[22m | [39m[0m
2026-10-07T09:05:23.4193469Z [   7% ] [90m[1mupdate_scripts_classes[22m | [39m[0m
2026-10-07T09:05:23.4193961Z [   7% ] [90m[1mupdate_scripts_classes[22m | [39m[0m
2026-10-07T09:05:23.4194355Z [   7% ] [90m[1mupdate_scripts_classes[22m | [39m[0m
2026-10-07T09:05:23.4194757Z [   7% ] [90m[1mupdate_scripts_classes[22m | [39m[0m
2026-10-07T09:05:23.4195201Z [   7% ] [90m[1mupdate_scripts_classes[22m | [39m[0m
2026-10-07T09:05:23.4195570Z [   7% ] [90m[1mupdate_scripts_classes[22m | [39m[0m
2026-10-07T09:05:23.4196338Z [   7% ] [90m[1mupdate_scripts_classes[22m | [39m[0m
2026-10-07T09:05:23.4196732Z [   7% ] [90m[1mupdate_scripts_classes[22m | [39m[0m
2026-10-07T09:05:23.4197165Z [   7% ] [90m[1mupdate_scripts_classes[22m | [39m[0m
2026-10-07T09:05:23.4209616Z [   7% ] [90m[1mupdate_scripts_classes[22m | [39m[0m
2026-10-07T09:05:23.4210787Z [   7% ] [90m[1mupdate_scripts_classes[22m | [39m[0m
2026-10-07T09:05:23.4211236Z [   7% ] [90m[1mupdate_scripts_classes[22m | [39m[0m
2026-10-07T09:05:23.4211650Z [   7% ] [90m[1mupdate_scripts_classes[22m | [39m[0m
2026-10-07T09:05:23.4212059Z [   7% ] [90m[1mupdate_scripts_classes[22m | [39m[0m
2026-10-07T09:05:23.4212532Z [   7% ] [90m[1mupdate_scripts_classes[22m | [39m[0m
2026-10-07T09:05:23.4212952Z [   7% ] [90m[1mupdate_scripts_classes[22m | [39m[0m
2026-10-07T09:05:23.4213422Z [   7% ] [90m[1mupdate_scripts_classes[22m | [39m[0m
2026-10-07T09:05:23.4213901Z [   7% ] [90m[1mupdate_scripts_classes[22m | [39m[0m
2026-10-07T09:05:23.4214379Z [   7% ] [90m[1mupdate_scripts_classes[22m | [39m[0m
2026-10-07T09:05:23.4214826Z [   8% ] [90m[1mupdate_scripts_classes[22m | [39m[0m
2026-10-07T09:05:23.4215295Z [   8% ] [90m[1mupdate_scripts_classes[22m | [39m[0m
2026-10-07T09:05:23.4216092Z [   8% ] [90m[1mupdate_scripts_classes[22m | [39m[0m
2026-10-07T09:05:23.4216563Z [   8% ] [90m[1mupdate_scripts_classes[22m | [39m[0m
2026-10-07T09:05:23.4217018Z [   8% ] [90m[1mupdate_scripts_classes[22m | [39m[0m
2026-10-07T09:05:23.4217468Z [   8% ] [90m[1mupdate_scripts_classes[22m | [39m[0m
2026-10-07T09:05:23.4217914Z [   8% ] [90m[1mupdate_scripts_classes[22m | [39m[0m
2026-10-07T09:05:23.4218369Z [   8% ] [90m[1mupdate_scripts_classes[22m | [39m[0m
2026-10-07T09:05:23.4218815Z [   8% ] [90m[1mupdate_scripts_classes[22m | [39m[0m
2026-10-07T09:05:23.4219266Z [   8% ] [90m[1mupdate_scripts_classes[22m | [39m[0m
2026-10-07T09:05:23.4219713Z [   8% ] [90m[1mupdate_scripts_classes[22m | [39m[0m
2026-10-07T09:05:23.4220159Z [   8% ] [90m[1mupdate_scripts_classes[22m | [39m[0m
2026-10-07T09:05:23.4220621Z [   8% ] [90m[1mupdate_scripts_classes[22m | [39m[0m
2026-10-07T09:05:23.4221074Z [   8% ] [90m[1mupdate_scripts_classes[22m | [39m[0m
2026-10-07T09:05:23.4221528Z [   8% ] [90m[1mupdate_scripts_classes[22m | [39m[0m
2026-10-07T09:05:23.4221978Z [   8% ] [90m[1mupdate_scripts_classes[22m | [39m[0m
2026-10-07T09:05:23.4222421Z [   8% ] [90m[1mupdate_scripts_classes[22m | [39m[0m
2026-10-07T09:05:23.4222873Z [   8% ] [90m[1mupdate_scripts_classes[22m | [39m[0m
2026-10-07T09:05:23.4223320Z [   8% ] [90m[1mupdate_scripts_classes[22m | [39m[0m
2026-10-07T09:05:23.4223779Z [   8% ] [90m[1mupdate_scripts_classes[22m | [39m[0m
2026-10-07T09:05:23.4224302Z [   8% ] [90m[1mupdate_scripts_classes[22m | [39m[0m
2026-10-07T09:05:23.4224747Z [   8% ] [90m[1mupdate_scripts_classes[22m | [39m[0m
2026-10-07T09:05:23.4225203Z [   8% ] [90m[1mupdate_scripts_classes[22m | [39m[0m
2026-10-07T09:05:23.4225647Z [   8% ] [90m[1mupdate_scripts_classes[22m | [39m[0m
2026-10-07T09:05:23.4226205Z [   8% ] [90m[1mupdate_scripts_classes[22m | [39m[0m
2026-10-07T09:05:23.4226656Z [   8% ] [90m[1mupdate_scripts_classes[22m | [39m[0m
2026-10-07T09:05:23.4227107Z [   8% ] [90m[1mupdate_scripts_classes[22m | [39m[0m
2026-10-07T09:05:23.4227555Z [   8% ] [90m[1mupdate_scripts_classes[22m | [39m[0m
2026-10-07T09:05:23.4228008Z [   8% ] [90m[1mupdate_scripts_classes[22m | [39m[0m
2026-10-07T09:05:23.4228460Z [   8% ] [90m[1mupdate_scripts_classes[22m | [39m[0m
2026-10-07T09:05:23.4228905Z [   8% ] [90m[1mupdate_scripts_classes[22m | [39m[0m
2026-10-07T09:05:23.4229351Z [   9% ] [90m[1mupdate_scripts_classes[22m | [39m[0m
2026-10-07T09:05:23.4229803Z [   9% ] [90m[1mupdate_scripts_classes[22m | [39m[0m
2026-10-07T09:05:23.4230247Z [   9% ] [90m[1mupdate_scripts_classes[22m | [39m[0m
2026-10-07T09:05:23.4230690Z [   9% ] [90m[1mupdate_scripts_classes[22m | [39m[0m
2026-10-07T09:05:23.4231144Z [   9% ] [90m[1mupdate_scripts_classes[22m | [39m[0m
2026-10-07T09:05:23.4231589Z [   9% ] [90m[1mupdate_scripts_classes[22m | [39m[0m
2026-10-07T09:05:23.4232095Z [   9% ] [90m[1mupdate_scripts_classes[22m | AudioCues[39m[0m
2026-10-07T09:05:23.4232774Z [   9% ] [90m[1mupdate_scripts_classes[22m | [39m[0m
2026-10-07T09:05:23.4233234Z [   9% ] [90m[1mupdate_scripts_classes[22m | [39m[0m
2026-10-07T09:05:23.4233683Z [   9% ] [90m[1mupdate_scripts_classes[22m | [39m[0m
2026-10-07T09:05:23.4234136Z [   9% ] [90m[1mupdate_scripts_classes[22m | [39m[0m
2026-10-07T09:05:23.4234576Z [   9% ] [90m[1mupdate_scripts_classes[22m | [39m[0m
2026-10-07T09:05:23.4235022Z [   9% ] [90m[1mupdate_scripts_classes[22m | [39m[0m
2026-10-07T09:05:23.4235461Z [   9% ] [90m[1mupdate_scripts_classes[22m | [39m[0m
2026-10-07T09:05:23.4236115Z [   9% ] [90m[1mupdate_scripts_classes[22m | [39m[0m
2026-10-07T09:05:23.4236569Z [   9% ] [90m[1mupdate_scripts_classes[22m | [39m[0m
2026-10-07T09:05:23.4237009Z [   9% ] [90m[1mupdate_scripts_classes[22m | [39m[0m
2026-10-07T09:05:23.4237469Z [   9% ] [90m[1mupdate_scripts_classes[22m | [39m[0m
2026-10-07T09:05:23.4238049Z [   9% ] [90m[1mupdate_scripts_classes[22m | [39m[0m
2026-10-07T09:05:23.4238499Z [   9% ] [90m[1mupdate_scripts_classes[22m | [39m[0m
2026-10-07T09:05:23.4238951Z [   9% ] [90m[1mupdate_scripts_classes[22m | [39m[0m
2026-10-07T09:05:23.4239395Z [   9% ] [90m[1mupdate_scripts_classes[22m | [39m[0m
2026-10-07T09:05:23.4239836Z [   9% ] [90m[1mupdate_scripts_classes[22m | [39m[0m
2026-10-07T09:05:23.4240279Z [   9% ] [90m[1mupdate_scripts_classes[22m | [39m[0m
2026-10-07T09:05:23.4240723Z [   9% ] [90m[1mupdate_scripts_classes[22m | [39m[0m
2026-10-07T09:05:23.4241171Z [   9% ] [90m[1mupdate_scripts_classes[22m | [39m[0m
2026-10-07T09:05:23.4241616Z [   9% ] [90m[1mupdate_scripts_classes[22m | [39m[0m
2026-10-07T09:05:23.4242056Z [   9% ] [90m[1mupdate_scripts_classes[22m | [39m[0m
2026-10-07T09:05:23.4242510Z [   9% ] [90m[1mupdate_scripts_classes[22m | [39m[0m
2026-10-07T09:05:23.4242961Z [   9% ] [90m[1mupdate_scripts_classes[22m | [39m[0m
2026-10-07T09:05:23.4243496Z [   9% ] [90m[1mupdate_scripts_classes[22m | [39m[0m
2026-10-07T09:05:23.4243950Z [  10% ] [90m[1mupdate_scripts_classes[22m | [39m[0m
2026-10-07T09:05:23.4244399Z [  10% ] [90m[1mupdate_scripts_classes[22m | [39m[0m
2026-10-07T09:05:23.4244860Z [  10% ] [90m[1mupdate_scripts_classes[22m | [39m[0m
2026-10-07T09:05:23.4245307Z [  10% ] [90m[1mupdate_scripts_classes[22m | [39m[0m
2026-10-07T09:05:23.4245758Z [  10% ] [90m[1mupdate_scripts_classes[22m | [39m[0m
2026-10-07T09:05:23.4246314Z [  10% ] [90m[1mupdate_scripts_classes[22m | [39m[0m
2026-10-07T09:05:23.4246758Z [  10% ] [90m[1mupdate_scripts_classes[22m | [39m[0m
2026-10-07T09:05:23.4247215Z [  10% ] [90m[1mupdate_scripts_classes[22m | [39m[0m
2026-10-07T09:05:23.4247660Z [  10% ] [90m[1mupdate_scripts_classes[22m | [39m[0m
2026-10-07T09:05:23.4248109Z [  10% ] [90m[1mupdate_scripts_classes[22m | [39m[0m
2026-10-07T09:05:23.4248562Z [  10% ] [90m[1mupdate_scripts_classes[22m | [39m[0m
2026-10-07T09:05:23.4249006Z [  10% ] [90m[1mupdate_scripts_classes[22m | [39m[0m
2026-10-07T09:05:23.4249459Z [  10% ] [90m[1mupdate_scripts_classes[22m | [39m[0m
2026-10-07T09:05:23.4249903Z [  10% ] [90m[1mupdate_scripts_classes[22m | [39m[0m
2026-10-07T09:05:23.4250351Z [  10% ] [90m[1mupdate_scripts_classes[22m | [39m[0m
2026-10-07T09:05:23.4250801Z [  10% ] [90m[1mupdate_scripts_classes[22m | [39m[0m
2026-10-07T09:05:23.4251252Z [  10% ] [90m[1mupdate_scripts_classes[22m | [39m[0m
2026-10-07T09:05:23.4251708Z [  10% ] [90m[1mupdate_scripts_classes[22m | [39m[0m
2026-10-07T09:05:23.4252214Z [  10% ] [90m[1mupdate_scripts_classes[22m | [39m[0m
2026-10-07T09:05:23.4252661Z [  10% ] [90m[1mupdate_scripts_classes[22m | [39m[0m
2026-10-07T09:05:23.4253105Z [  10% ] [90m[1mupdate_scripts_classes[22m | [39m[0m
2026-10-07T09:05:23.4253552Z [  10% ] [90m[1mupdate_scripts_classes[22m | [39m[0m
2026-10-07T09:05:23.4254009Z [  10% ] [90m[1mupdate_scripts_classes[22m | [39m[0m
2026-10-07T09:05:23.4254599Z [  10% ] [90m[1mupdate_scripts_classes[22m | [39m[0m
2026-10-07T09:05:23.4255064Z [  10% ] [90m[1mupdate_scripts_classes[22m | [39m[0m
2026-10-07T09:05:23.4255523Z [  10% ] [90m[1mupdate_scripts_classes[22m | [39m[0m
2026-10-07T09:05:23.4256129Z [  10% ] [90m[1mupdate_scripts_classes[22m | [39m[0m
2026-10-07T09:05:23.4256587Z [  10% ] [90m[1mupdate_scripts_classes[22m | [39m[0m
2026-10-07T09:05:23.4257049Z [  10% ] [90m[1mupdate_scripts_classes[22m | [39m[0m
2026-10-07T09:05:23.4257491Z [  10% ] [90m[1mupdate_scripts_classes[22m | [39m[0m
2026-10-07T09:05:23.4257943Z [  10% ] [90m[1mupdate_scripts_classes[22m | [39m[0m
2026-10-07T09:05:23.4258387Z [  11% ] [90m[1mupdate_scripts_classes[22m | [39m[0m
2026-10-07T09:05:23.4258840Z [  11% ] [90m[1mupdate_scripts_classes[22m | [39m[0m
2026-10-07T09:05:23.4259285Z [  11% ] [90m[1mupdate_scripts_classes[22m | [39m[0m
2026-10-07T09:05:23.4259869Z [  11% ] [90m[1mupdate_scripts_classes[22m | [39m[0m
2026-10-07T09:05:23.4260327Z [  11% ] [90m[1mupdate_scripts_classes[22m | [39m[0m
2026-10-07T09:05:23.4260772Z [  11% ] [90m[1mupdate_scripts_classes[22m | [39m[0m
2026-10-07T09:05:23.4261225Z [  11% ] [90m[1mupdate_scripts_classes[22m | [39m[0m
2026-10-07T09:05:23.4261670Z [  11% ] [90m[1mupdate_scripts_classes[22m | [39m[0m
2026-10-07T09:05:23.4262157Z [  11% ] [90m[1mupdate_scripts_classes[22m | UITokens[39m[0m
2026-10-07T09:05:23.4262647Z [  11% ] [90m[1mupdate_scripts_classes[22m | [39m[0m
2026-10-07T09:05:23.4263097Z [  11% ] [90m[1mupdate_scripts_classes[22m | [39m[0m
2026-10-07T09:05:23.4263561Z [  11% ] [90m[1mupdate_scripts_classes[22m | [39m[0m
2026-10-07T09:05:23.4264010Z [  11% ] [90m[1mupdate_scripts_classes[22m | [39m[0m
2026-10-07T09:05:23.4264447Z [  11% ] [90m[1mupdate_scripts_classes[22m | [39m[0m
2026-10-07T09:05:23.4264901Z [  11% ] [90m[1mupdate_scripts_classes[22m | [39m[0m
2026-10-07T09:05:23.4265340Z [  11% ] [90m[1mupdate_scripts_classes[22m | [39m[0m
2026-10-07T09:05:23.4265789Z [  11% ] [90m[1mupdate_scripts_classes[22m | [39m[0m
2026-10-07T09:05:23.4266711Z [  11% ] [90m[1mupdate_scripts_classes[22m | [39m[0m
2026-10-07T09:05:23.4267159Z [  11% ] [90m[1mupdate_scripts_classes[22m | [39m[0m
2026-10-07T09:05:23.4267608Z [  11% ] [90m[1mupdate_scripts_classes[22m | [39m[0m
2026-10-07T09:05:23.4268061Z [  11% ] [90m[1mupdate_scripts_classes[22m | [39m[0m
2026-10-07T09:05:23.4268517Z [  11% ] [90m[1mupdate_scripts_classes[22m | [39m[0m
2026-10-07T09:05:23.4268981Z [  11% ] [90m[1mupdate_scripts_classes[22m | [39m[0m
2026-10-07T09:05:23.4269424Z [  11% ] [90m[1mupdate_scripts_classes[22m | [39m[0m
2026-10-07T09:05:23.4269873Z [  11% ] [90m[1mupdate_scripts_classes[22m | [39m[0m
2026-10-07T09:05:23.4270246Z [  11% ] [90m[1mupdate_scripts_classes[22m | [39m[0m
2026-10-07T09:05:23.4270545Z [  11% ] [90m[1mupdate_scripts_classes[22m | [39m[0m
2026-10-07T09:05:23.4270846Z [  11% ] [90m[1mupdate_scripts_classes[22m | [39m[0m
2026-10-07T09:05:23.4271145Z [  11% ] [90m[1mupdate_scripts_classes[22m | [39m[0m
2026-10-07T09:05:23.4271436Z [  11% ] [90m[1mupdate_scripts_classes[22m | [39m[0m
2026-10-07T09:05:23.4271717Z [  11% ] [90m[1mupdate_scripts_classes[22m | [39m[0m
2026-10-07T09:05:23.4271999Z [  12% ] [90m[1mupdate_scripts_classes[22m | [39m[0m
2026-10-07T09:05:23.4272286Z [  12% ] [90m[1mupdate_scripts_classes[22m | [39m[0m
2026-10-07T09:05:23.4272565Z [  12% ] [90m[1mupdate_scripts_classes[22m | [39m[0m
2026-10-07T09:05:23.4272850Z [  12% ] [90m[1mupdate_scripts_classes[22m | [39m[0m
2026-10-07T09:05:23.4273126Z [  12% ] [90m[1mupdate_scripts_classes[22m | [39m[0m
2026-10-07T09:05:23.4273406Z [  12% ] [90m[1mupdate_scripts_classes[22m | [39m[0m
2026-10-07T09:05:23.4273692Z [  12% ] [90m[1mupdate_scripts_classes[22m | [39m[0m
2026-10-07T09:05:23.4273991Z [  12% ] [90m[1mupdate_scripts_classes[22m | [39m[0m
2026-10-07T09:05:23.4274426Z [  12% ] [90m[1mupdate_scripts_classes[22m | [39m[0m
2026-10-07T09:05:23.4274717Z [  12% ] [90m[1mupdate_scripts_classes[22m | [39m[0m
2026-10-07T09:05:23.4275014Z [  12% ] [90m[1mupdate_scripts_classes[22m | [39m[0m
2026-10-07T09:05:23.4275307Z [  12% ] [90m[1mupdate_scripts_classes[22m | [39m[0m
2026-10-07T09:05:23.4275587Z [  12% ] [90m[1mupdate_scripts_classes[22m | [39m[0m
2026-10-07T09:05:23.4275968Z [  12% ] [90m[1mupdate_scripts_classes[22m | [39m[0m
2026-10-07T09:05:23.4276259Z [  12% ] [90m[1mupdate_scripts_classes[22m | [39m[0m
2026-10-07T09:05:23.4276536Z [  12% ] [90m[1mupdate_scripts_classes[22m | [39m[0m
2026-10-07T09:05:23.4276823Z [  12% ] [90m[1mupdate_scripts_classes[22m | [39m[0m
2026-10-07T09:05:23.4277103Z [  12% ] [90m[1mupdate_scripts_classes[22m | [39m[0m
2026-10-07T09:05:23.4277383Z [  12% ] [90m[1mupdate_scripts_classes[22m | [39m[0m
2026-10-07T09:05:23.4277788Z [  12% ] [90m[1mupdate_scripts_classes[22m | [39m[0m
2026-10-07T09:05:23.4278077Z [  12% ] [90m[1mupdate_scripts_classes[22m | [39m[0m
2026-10-07T09:05:23.4278364Z [  12% ] [90m[1mupdate_scripts_classes[22m | [39m[0m
2026-10-07T09:05:23.4278642Z [  12% ] [90m[1mupdate_scripts_classes[22m | [39m[0m
2026-10-07T09:05:23.4278921Z [  12% ] [90m[1mupdate_scripts_classes[22m | [39m[0m
2026-10-07T09:05:23.4279205Z [  12% ] [90m[1mupdate_scripts_classes[22m | [39m[0m
2026-10-07T09:05:23.4279484Z [  12% ] [90m[1mupdate_scripts_classes[22m | [39m[0m
2026-10-07T09:05:23.4279769Z [  12% ] [90m[1mupdate_scripts_classes[22m | [39m[0m
2026-10-07T09:05:23.4280049Z [  12% ] [90m[1mupdate_scripts_classes[22m | [39m[0m
2026-10-07T09:05:23.4280326Z [  12% ] [90m[1mupdate_scripts_classes[22m | [39m[0m
2026-10-07T09:05:23.4280608Z [  12% ] [90m[1mupdate_scripts_classes[22m | [39m[0m
2026-10-07T09:05:23.4280886Z [  12% ] [90m[1mupdate_scripts_classes[22m | [39m[0m
2026-10-07T09:05:23.4281242Z [  13% ] [90m[1mupdate_scripts_classes[22m | CloudreachGrassRoles[39m[0m
2026-10-07T09:05:23.4281597Z [  13% ] [90m[1mupdate_scripts_classes[22m | [39m[0m
2026-10-07T09:05:23.4281889Z [  13% ] [90m[1mupdate_scripts_classes[22m | [39m[0m
2026-10-07T09:05:23.4282176Z [  13% ] [90m[1mupdate_scripts_classes[22m | [39m[0m
2026-10-07T09:05:23.4282456Z [  13% ] [90m[1mupdate_scripts_classes[22m | [39m[0m
2026-10-07T09:05:23.4282740Z [  13% ] [90m[1mupdate_scripts_classes[22m | [39m[0m
2026-10-07T09:05:23.4283017Z [  13% ] [90m[1mupdate_scripts_classes[22m | [39m[0m
2026-10-07T09:05:23.4283296Z [  13% ] [90m[1mupdate_scripts_classes[22m | [39m[0m
2026-10-07T09:05:23.4283577Z [  13% ] [90m[1mupdate_scripts_classes[22m | [39m[0m
2026-10-07T09:05:23.4283856Z [  13% ] [90m[1mupdate_scripts_classes[22m | [39m[0m
2026-10-07T09:05:23.4284135Z [  13% ] [90m[1mupdate_scripts_classes[22m | [39m[0m
2026-10-07T09:05:23.4284419Z [  13% ] [90m[1mupdate_scripts_classes[22m | [39m[0m
2026-10-07T09:05:23.4284700Z [  13% ] [90m[1mupdate_scripts_classes[22m | [39m[0m
2026-10-07T09:05:23.4284983Z [  13% ] [90m[1mupdate_scripts_classes[22m | [39m[0m
2026-10-07T09:05:23.4285261Z [  13% ] [90m[1mupdate_scripts_classes[22m | [39m[0m
2026-10-07T09:05:23.4285542Z [  13% ] [90m[1mupdate_scripts_classes[22m | [39m[0m
2026-10-07T09:05:23.4285825Z [  13% ] [90m[1mupdate_scripts_classes[22m | [39m[0m
2026-10-07T09:05:23.4286364Z [  13% ] [90m[1mupdate_scripts_classes[22m | [39m[0m
2026-10-07T09:05:23.4286827Z [  13% ] [90m[1mupdate_scripts_classes[22m | [39m[0m
2026-10-07T09:05:23.4287277Z [  13% ] [90m[1mupdate_scripts_classes[22m | [39m[0m
2026-10-07T09:05:23.4287724Z [  13% ] [90m[1mupdate_scripts_classes[22m | [39m[0m
2026-10-07T09:05:23.4288176Z [  13% ] [90m[1mupdate_scripts_classes[22m | [39m[0m
2026-10-07T09:05:23.4288622Z [  13% ] [90m[1mupdate_scripts_classes[22m | [39m[0m
2026-10-07T09:05:23.4289077Z [  13% ] [90m[1mupdate_scripts_classes[22m | [39m[0m
2026-10-07T09:05:23.4289666Z [  13% ] [90m[1mupdate_scripts_classes[22m | [39m[0m
2026-10-07T09:05:23.4290123Z [  13% ] [90m[1mupdate_scripts_classes[22m | [39m[0m
2026-10-07T09:05:23.4290578Z [  13% ] [90m[1mupdate_scripts_classes[22m | [39m[0m
2026-10-07T09:05:23.4291023Z [  13% ] [90m[1mupdate_scripts_classes[22m | [39m[0m
2026-10-07T09:05:23.4291472Z [  13% ] [90m[1mupdate_scripts_classes[22m | [39m[0m
2026-10-07T09:05:23.4291935Z [  13% ] [90m[1mupdate_scripts_classes[22m | [39m[0m
2026-10-07T09:05:23.4292384Z [  13% ] [90m[1mupdate_scripts_classes[22m | [39m[0m
2026-10-07T09:05:23.4292836Z [  14% ] [90m[1mupdate_scripts_classes[22m | [39m[0m
2026-10-07T09:05:23.4293279Z [  14% ] [90m[1mupdate_scripts_classes[22m | [39m[0m
2026-10-07T09:05:23.4293722Z [  14% ] [90m[1mupdate_scripts_classes[22m | [39m[0m
2026-10-07T09:05:23.4294171Z [  14% ] [90m[1mupdate_scripts_classes[22m | [39m[0m
2026-10-07T09:05:23.4294777Z [  14% ] [90m[1mupdate_scripts_classes[22m | [39m[0m
2026-10-07T09:05:23.4295235Z [  14% ] [90m[1mupdate_scripts_classes[22m | [39m[0m
2026-10-07T09:05:23.4295680Z [  14% ] [90m[1mupdate_scripts_classes[22m | [39m[0m
2026-10-07T09:05:23.4296237Z [  14% ] [90m[1mupdate_scripts_classes[22m | [39m[0m
2026-10-07T09:05:23.4296689Z [  14% ] [90m[1mupdate_scripts_classes[22m | [39m[0m
2026-10-07T09:05:23.4297137Z [  14% ] [90m[1mupdate_scripts_classes[22m | [39m[0m
2026-10-07T09:05:23.4297587Z [  14% ] [90m[1mupdate_scripts_classes[22m | [39m[0m
2026-10-07T09:05:23.4298034Z [  14% ] [90m[1mupdate_scripts_classes[22m | [39m[0m
2026-10-07T09:05:23.4298479Z [  14% ] [90m[1mupdate_scripts_classes[22m | [39m[0m
2026-10-07T09:05:23.4298931Z [  14% ] [90m[1mupdate_scripts_classes[22m | [39m[0m
2026-10-07T09:05:23.4299416Z [  14% ] [90m[1mupdate_scripts_classes[22m | [39m[0m
2026-10-07T09:05:23.4299878Z [  14% ] [90m[1mupdate_scripts_classes[22m | [39m[0m
2026-10-07T09:05:23.4300328Z [  14% ] [90m[1mupdate_scripts_classes[22m | [39m[0m
2026-10-07T09:05:23.4300775Z [  14% ] [90m[1mupdate_scripts_classes[22m | [39m[0m
2026-10-07T09:05:23.4301226Z [  14% ] [90m[1mupdate_scripts_classes[22m | [39m[0m
2026-10-07T09:05:23.4301669Z [  14% ] [90m[1mupdate_scripts_classes[22m | [39m[0m
2026-10-07T09:05:23.4302117Z [  14% ] [90m[1mupdate_scripts_classes[22m | [39m[0m
2026-10-07T09:05:23.4302562Z [  14% ] [90m[1mupdate_scripts_classes[22m | [39m[0m
2026-10-07T09:05:23.4303006Z [  14% ] [90m[1mupdate_scripts_classes[22m | [39m[0m
2026-10-07T09:05:23.4303457Z [  14% ] [90m[1mupdate_scripts_classes[22m | [39m[0m
2026-10-07T09:05:23.4303897Z [  14% ] [90m[1mupdate_scripts_classes[22m | [39m[0m
2026-10-07T09:05:23.4304341Z [  14% ] [90m[1mupdate_scripts_classes[22m | [39m[0m
2026-10-07T09:05:23.4304791Z [  14% ] [90m[1mupdate_scripts_classes[22m | [39m[0m
2026-10-07T09:05:23.4305247Z [  14% ] [90m[1mupdate_scripts_classes[22m | [39m[0m
2026-10-07T09:05:23.4305705Z [  14% ] [90m[1mupdate_scripts_classes[22m | [39m[0m
2026-10-07T09:05:23.4306247Z [  14% ] [90m[1mupdate_scripts_classes[22m | [39m[0m
2026-10-07T09:05:23.4306691Z [  14% ] [90m[1mupdate_scripts_classes[22m | [39m[0m
2026-10-07T09:05:23.4307143Z [  15% ] [90m[1mupdate_scripts_classes[22m | [39m[0m
2026-10-07T09:05:23.4307591Z [  15% ] [90m[1mupdate_scripts_classes[22m | [39m[0m
2026-10-07T09:05:23.4308047Z [  15% ] [90m[1mupdate_scripts_classes[22m | [39m[0m
2026-10-07T09:05:23.4308491Z [  15% ] [90m[1mupdate_scripts_classes[22m | [39m[0m
2026-10-07T09:05:23.4308934Z [  15% ] [90m[1mupdate_scripts_classes[22m | [39m[0m
2026-10-07T09:05:23.4309386Z [  15% ] [90m[1mupdate_scripts_classes[22m | [39m[0m
2026-10-07T09:05:23.4309827Z [  15% ] [90m[1mupdate_scripts_classes[22m | [39m[0m
2026-10-07T09:05:23.4310272Z [  15% ] [90m[1mupdate_scripts_classes[22m | [39m[0m
2026-10-07T09:05:23.4310722Z [  15% ] [90m[1mupdate_scripts_classes[22m | [39m[0m
2026-10-07T09:05:23.4311300Z [  15% ] [90m[1mupdate_scripts_classes[22m | [39m[0m
2026-10-07T09:05:23.4311764Z [  15% ] [90m[1mupdate_scripts_classes[22m | [39m[0m
2026-10-07T09:05:23.4312223Z [  15% ] [90m[1mupdate_scripts_classes[22m | [39m[0m
2026-10-07T09:05:23.4312680Z [  15% ] [90m[1mupdate_scripts_classes[22m | [39m[0m
2026-10-07T09:05:23.4313137Z [  15% ] [90m[1mupdate_scripts_classes[22m | [39m[0m
2026-10-07T09:05:23.4313590Z [  15% ] [90m[1mupdate_scripts_classes[22m | [39m[0m
2026-10-07T09:05:23.4314044Z [  15% ] [90m[1mupdate_scripts_classes[22m | [39m[0m
2026-10-07T09:05:23.4314487Z [  15% ] [90m[1mupdate_scripts_classes[22m | [39m[0m
2026-10-07T09:05:23.4314934Z [  15% ] [90m[1mupdate_scripts_classes[22m | [39m[0m
2026-10-07T09:05:23.4315381Z [  15% ] [90m[1mupdate_scripts_classes[22m | [39m[0m
2026-10-07T09:05:23.4315825Z [  15% ] [90m[1mupdate_scripts_classes[22m | [39m[0m
2026-10-07T09:05:23.4316526Z [  15% ] [90m[1mupdate_scripts_classes[22m | [39m[0m
2026-10-07T09:05:23.4316978Z [  15% ] [90m[1mupdate_scripts_classes[22m | [39m[0m
2026-10-07T09:05:23.4317422Z [  15% ] [90m[1mupdate_scripts_classes[22m | [39m[0m
2026-10-07T09:05:23.4317885Z [  15% ] [90m[1mupdate_scripts_classes[22m | [39m[0m
2026-10-07T09:05:23.4318332Z [  15% ] [90m[1mupdate_scripts_classes[22m | [39m[0m
2026-10-07T09:05:23.4318777Z [  15% ] [90m[1mupdate_scripts_classes[22m | [39m[0m
2026-10-07T09:05:23.4319219Z [  15% ] [90m[1mupdate_scripts_classes[22m | [39m[0m
2026-10-07T09:05:23.4319661Z [  15% ] [90m[1mupdate_scripts_classes[22m | [39m[0m
2026-10-07T09:05:23.4320117Z [  15% ] [90m[1mupdate_scripts_classes[22m | [39m[0m
2026-10-07T09:05:23.4320562Z [  15% ] [90m[1mupdate_scripts_classes[22m | [39m[0m
2026-10-07T09:05:23.4321016Z [  15% ] [90m[1mupdate_scripts_classes[22m | [39m[0m
2026-10-07T09:05:23.4321467Z [  16% ] [90m[1mupdate_scripts_classes[22m | [39m[0m
2026-10-07T09:05:23.4321910Z [  16% ] [90m[1mupdate_scripts_classes[22m | [39m[0m
2026-10-07T09:05:23.4322364Z [  16% ] [90m[1mupdate_scripts_classes[22m | [39m[0m
2026-10-07T09:05:23.4322809Z [  16% ] [90m[1mupdate_scripts_classes[22m | [39m[0m
2026-10-07T09:05:23.4323263Z [  16% ] [90m[1mupdate_scripts_classes[22m | [39m[0m
2026-10-07T09:05:23.4323724Z [  16% ] [90m[1mupdate_scripts_classes[22m | [39m[0m
2026-10-07T09:05:23.4324176Z [  16% ] [90m[1mupdate_scripts_classes[22m | [39m[0m
2026-10-07T09:05:23.4324629Z [  16% ] [90m[1mupdate_scripts_classes[22m | [39m[0m
2026-10-07T09:05:23.4325076Z [  16% ] [90m[1mupdate_scripts_classes[22m | [39m[0m
2026-10-07T09:05:23.4325537Z [  16% ] [90m[1mupdate_scripts_classes[22m | [39m[0m
2026-10-07T09:05:23.4326094Z [  16% ] [90m[1mupdate_scripts_classes[22m | [39m[0m
2026-10-07T09:05:23.4326549Z [  16% ] [90m[1mupdate_scripts_classes[22m | [39m[0m
2026-10-07T09:05:23.4327004Z [  16% ] [90m[1mupdate_scripts_classes[22m | [39m[0m
2026-10-07T09:05:23.4327453Z [  16% ] [90m[1mupdate_scripts_classes[22m | [39m[0m
2026-10-07T09:05:23.4327893Z [  16% ] [90m[1mupdate_scripts_classes[22m | [39m[0m
2026-10-07T09:05:23.4328341Z [  16% ] [90m[1mupdate_scripts_classes[22m | [39m[0m
2026-10-07T09:05:23.4328784Z [  16% ] [90m[1mupdate_scripts_classes[22m | [39m[0m
2026-10-07T09:05:23.4329248Z [  16% ] [90m[1mupdate_scripts_classes[22m | [39m[0m
2026-10-07T09:05:23.4329695Z [  16% ] [90m[1mupdate_scripts_classes[22m | [39m[0m
2026-10-07T09:05:23.4330136Z [  16% ] [90m[1mupdate_scripts_classes[22m | [39m[0m
2026-10-07T09:05:23.4330587Z [  16% ] [90m[1mupdate_scripts_classes[22m | [39m[0m
2026-10-07T09:05:23.4331024Z [  16% ] [90m[1mupdate_scripts_classes[22m | [39m[0m
2026-10-07T09:05:23.4331472Z [  16% ] [90m[1mupdate_scripts_classes[22m | [39m[0m
2026-10-07T09:05:23.4331919Z [  16% ] [90m[1mupdate_scripts_classes[22m | [39m[0m
2026-10-07T09:05:23.4332370Z [  16% ] [90m[1mupdate_scripts_classes[22m | [39m[0m
2026-10-07T09:05:23.4332958Z [  16% ] [90m[1mupdate_scripts_classes[22m | [39m[0m
2026-10-07T09:05:23.4333407Z [  16% ] [90m[1mupdate_scripts_classes[22m | [39m[0m
2026-10-07T09:05:23.4333855Z [  16% ] [90m[1mupdate_scripts_classes[22m | [39m[0m
2026-10-07T09:05:23.4334304Z [  16% ] [90m[1mupdate_scripts_classes[22m | [39m[0m
2026-10-07T09:05:23.4334748Z [  16% ] [90m[1mupdate_scripts_classes[22m | [39m[0m
2026-10-07T09:05:23.4335203Z [  16% ] [90m[1mupdate_scripts_classes[22m | [39m[0m
2026-10-07T09:05:23.4335655Z [  17% ] [90m[1mupdate_scripts_classes[22m | [39m[0m
2026-10-07T09:05:23.4336202Z [  17% ] [90m[1mupdate_scripts_classes[22m | [39m[0m
2026-10-07T09:05:23.4336648Z [  17% ] [90m[1mupdate_scripts_classes[22m | [39m[0m
2026-10-07T09:05:23.4337094Z [  17% ] [90m[1mupdate_scripts_classes[22m | [39m[0m
2026-10-07T09:05:23.4337541Z [  17% ] [90m[1mupdate_scripts_classes[22m | [39m[0m
2026-10-07T09:05:23.4338115Z [  17% ] [90m[1mupdate_scripts_classes[22m | [39m[0m
2026-10-07T09:05:23.4338565Z [  17% ] [90m[1mupdate_scripts_classes[22m | [39m[0m
2026-10-07T09:05:23.4339016Z [  17% ] [90m[1mupdate_scripts_classes[22m | [39m[0m
2026-10-07T09:05:23.4339461Z [  17% ] [90m[1mupdate_scripts_classes[22m | [39m[0m
2026-10-07T09:05:23.4339915Z [  17% ] [90m[1mupdate_scripts_classes[22m | [39m[0m
2026-10-07T09:05:23.4340365Z [  17% ] [90m[1mupdate_scripts_classes[22m | [39m[0m
2026-10-07T09:05:23.4340819Z [  17% ] [90m[1mupdate_scripts_classes[22m | [39m[0m
2026-10-07T09:05:23.4341278Z [  17% ] [90m[1mupdate_scripts_classes[22m | [39m[0m
2026-10-07T09:05:23.4341723Z [  17% ] [90m[1mupdate_scripts_classes[22m | [39m[0m
2026-10-07T09:05:23.4342169Z [  17% ] [90m[1mupdate_scripts_classes[22m | [39m[0m
2026-10-07T09:05:23.4342612Z [  17% ] [90m[1mupdate_scripts_classes[22m | [39m[0m
2026-10-07T09:05:23.4343052Z [  17% ] [90m[1mupdate_scripts_classes[22m | [39m[0m
2026-10-07T09:05:23.4343511Z [  17% ] [90m[1mupdate_scripts_classes[22m | [39m[0m
2026-10-07T09:05:23.4343955Z [  17% ] [90m[1mupdate_scripts_classes[22m | [39m[0m
2026-10-07T09:05:23.4344401Z [  17% ] [90m[1mupdate_scripts_classes[22m | [39m[0m
2026-10-07T09:05:23.4344844Z [  17% ] [90m[1mupdate_scripts_classes[22m | [39m[0m
2026-10-07T09:05:23.4345288Z [  17% ] [90m[1mupdate_scripts_classes[22m | [39m[0m
2026-10-07T09:05:23.4345742Z [  17% ] [90m[1mupdate_scripts_classes[22m | [39m[0m
2026-10-07T09:05:23.4346288Z [  17% ] [90m[1mupdate_scripts_classes[22m | [39m[0m
2026-10-07T09:05:23.4346738Z [  17% ] [90m[1mupdate_scripts_classes[22m | [39m[0m
2026-10-07T09:05:23.4347184Z [  17% ] [90m[1mupdate_scripts_classes[22m | [39m[0m
2026-10-07T09:05:23.4347631Z [  17% ] [90m[1mupdate_scripts_classes[22m | [39m[0m
2026-10-07T09:05:23.4348078Z [  17% ] [90m[1mupdate_scripts_classes[22m | [39m[0m
2026-10-07T09:05:23.4348529Z [  17% ] [90m[1mupdate_scripts_classes[22m | [39m[0m
2026-10-07T09:05:23.4348977Z [  17% ] [90m[1mupdate_scripts_classes[22m | [39m[0m
2026-10-07T09:05:23.4349423Z [  17% ] [90m[1mupdate_scripts_classes[22m | [39m[0m
2026-10-07T09:05:23.4349868Z [  18% ] [90m[1mupdate_scripts_classes[22m | [39m[0m
2026-10-07T09:05:23.4350317Z [  18% ] [90m[1mupdate_scripts_classes[22m | [39m[0m
2026-10-07T09:05:23.4350762Z [  18% ] [90m[1mupdate_scripts_classes[22m | [39m[0m
2026-10-07T09:05:23.4351207Z [  18% ] [90m[1mupdate_scripts_classes[22m | [39m[0m
2026-10-07T09:05:23.4351656Z [  18% ] [90m[1mupdate_scripts_classes[22m | [39m[0m
2026-10-07T09:05:23.4352153Z [  18% ] [90m[1mupdate_scripts_classes[22m | [39m[0m
2026-10-07T09:05:23.4352607Z [  18% ] [90m[1mupdate_scripts_classes[22m | [39m[0m
2026-10-07T09:05:23.4353052Z [  18% ] [90m[1mupdate_scripts_classes[22m | [39m[0m
2026-10-07T09:05:23.4353497Z [  18% ] [90m[1mupdate_scripts_classes[22m | [39m[0m
2026-10-07T09:05:23.4353952Z [  18% ] [90m[1mupdate_scripts_classes[22m | [39m[0m
2026-10-07T09:05:23.4354545Z [  18% ] [90m[1mupdate_scripts_classes[22m | [39m[0m
2026-10-07T09:05:23.4355008Z [  18% ] [90m[1mupdate_scripts_classes[22m | [39m[0m
2026-10-07T09:05:23.4355460Z [  18% ] [90m[1mupdate_scripts_classes[22m | [39m[0m
2026-10-07T09:05:23.4355999Z [  18% ] [90m[1mupdate_scripts_classes[22m | [39m[0m
2026-10-07T09:05:23.4356450Z [  18% ] [90m[1mupdate_scripts_classes[22m | [39m[0m
2026-10-07T09:05:23.4356898Z [  18% ] [90m[1mupdate_scripts_classes[22m | [39m[0m
2026-10-07T09:05:23.4357347Z [  18% ] [90m[1mupdate_scripts_classes[22m | [39m[0m
2026-10-07T09:05:23.4357789Z [  18% ] [90m[1mupdate_scripts_classes[22m | [39m[0m
2026-10-07T09:05:23.4358233Z [  18% ] [90m[1mupdate_scripts_classes[22m | [39m[0m
2026-10-07T09:05:23.4358681Z [  18% ] [90m[1mupdate_scripts_classes[22m | [39m[0m
2026-10-07T09:05:23.4359127Z [  18% ] [90m[1mupdate_scripts_classes[22m | [39m[0m
2026-10-07T09:05:23.4359711Z [  18% ] [90m[1mupdate_scripts_classes[22m | [39m[0m
2026-10-07T09:05:23.4360168Z [  18% ] [90m[1mupdate_scripts_classes[22m | [39m[0m
2026-10-07T09:05:23.4360614Z [  18% ] [90m[1mupdate_scripts_classes[22m | [39m[0m
2026-10-07T09:05:23.4361066Z [  18% ] [90m[1mupdate_scripts_classes[22m | [39m[0m
2026-10-07T09:05:23.4361507Z [  18% ] [90m[1mupdate_scripts_classes[22m | [39m[0m
2026-10-07T09:05:23.4361951Z [  18% ] [90m[1mupdate_scripts_classes[22m | [39m[0m
2026-10-07T09:05:23.4362402Z [  18% ] [90m[1mupdate_scripts_classes[22m | [39m[0m
2026-10-07T09:05:23.4362843Z [  18% ] [90m[1mupdate_scripts_classes[22m | [39m[0m
2026-10-07T09:05:23.4363292Z [  18% ] [90m[1mupdate_scripts_classes[22m | [39m[0m
2026-10-07T09:05:23.4363734Z [  18% ] [90m[1mupdate_scripts_classes[22m | [39m[0m
2026-10-07T09:05:23.4364182Z [  19% ] [90m[1mupdate_scripts_classes[22m | [39m[0m
2026-10-07T09:05:23.4364633Z [  19% ] [90m[1mupdate_scripts_classes[22m | [39m[0m
2026-10-07T09:05:23.4365090Z [  19% ] [90m[1mupdate_scripts_classes[22m | [39m[0m
2026-10-07T09:05:23.4365544Z [  19% ] [90m[1mupdate_scripts_classes[22m | [39m[0m
2026-10-07T09:05:23.4366091Z [  19% ] [90m[1mupdate_scripts_classes[22m | [39m[0m
2026-10-07T09:05:23.4366539Z [  19% ] [90m[1mupdate_scripts_classes[22m | [39m[0m
2026-10-07T09:05:23.4367133Z [  19% ] [90m[1mupdate_scripts_classes[22m | [39m[0m
2026-10-07T09:05:23.4367578Z [  19% ] [90m[1mupdate_scripts_classes[22m | [39m[0m
2026-10-07T09:05:23.4368035Z [  19% ] [90m[1mupdate_scripts_classes[22m | [39m[0m
2026-10-07T09:05:23.4368481Z [  19% ] [90m[1mupdate_scripts_classes[22m | [39m[0m
2026-10-07T09:05:23.4368926Z [  19% ] [90m[1mupdate_scripts_classes[22m | [39m[0m
2026-10-07T09:05:23.4369377Z [  19% ] [90m[1mupdate_scripts_classes[22m | [39m[0m
2026-10-07T09:05:23.4369820Z [  19% ] [90m[1mupdate_scripts_classes[22m | [39m[0m
2026-10-07T09:05:23.4370274Z [  19% ] [90m[1mupdate_scripts_classes[22m | [39m[0m
2026-10-07T09:05:23.4370722Z [  19% ] [90m[1mupdate_scripts_classes[22m | [39m[0m
2026-10-07T09:05:23.4371169Z [  19% ] [90m[1mupdate_scripts_classes[22m | [39m[0m
2026-10-07T09:05:23.4371621Z [  19% ] [90m[1mupdate_scripts_classes[22m | [39m[0m
2026-10-07T09:05:23.4372065Z [  19% ] [90m[1mupdate_scripts_classes[22m | [39m[0m
2026-10-07T09:05:23.4372509Z [  19% ] [90m[1mupdate_scripts_classes[22m | [39m[0m
2026-10-07T09:05:23.4372959Z [  19% ] [90m[1mupdate_scripts_classes[22m | [39m[0m
2026-10-07T09:05:23.4373402Z [  19% ] [90m[1mupdate_scripts_classes[22m | [39m[0m
2026-10-07T09:05:23.4373853Z [  19% ] [90m[1mupdate_scripts_classes[22m | [39m[0m
2026-10-07T09:05:23.4374301Z [  19% ] [90m[1mupdate_scripts_classes[22m | [39m[0m
2026-10-07T09:05:23.4374745Z [  19% ] [90m[1mupdate_scripts_classes[22m | [39m[0m
2026-10-07T09:05:23.4375196Z [  19% ] [90m[1mupdate_scripts_classes[22m | [39m[0m
2026-10-07T09:05:23.4375649Z [  19% ] [90m[1mupdate_scripts_classes[22m | [39m[0m
2026-10-07T09:05:23.4376324Z [  19% ] [90m[1mupdate_scripts_classes[22m | [39m[0m
2026-10-07T09:05:23.4376778Z [  19% ] [90m[1mupdate_scripts_classes[22m | [39m[0m
2026-10-07T09:05:23.4377221Z [  19% ] [90m[1mupdate_scripts_classes[22m | [39m[0m
2026-10-07T09:05:23.4377664Z [  19% ] [90m[1mupdate_scripts_classes[22m | [39m[0m
2026-10-07T09:05:23.4378104Z [  19% ] [90m[1mupdate_scripts_classes[22m | [39m[0m
2026-10-07T09:05:23.4378546Z [  20% ] [90m[1mupdate_scripts_classes[22m | [39m[0m
2026-10-07T09:05:23.4378990Z [  20% ] [90m[1mupdate_scripts_classes[22m | [39m[0m
2026-10-07T09:05:23.4379431Z [  20% ] [90m[1mupdate_scripts_classes[22m | [39m[0m
2026-10-07T09:05:23.4379882Z [  20% ] [90m[1mupdate_scripts_classes[22m | [39m[0m
2026-10-07T09:05:23.4380328Z [  20% ] [90m[1mupdate_scripts_classes[22m | [39m[0m
2026-10-07T09:05:23.4380796Z [  20% ] [90m[1mupdate_scripts_classes[22m | [39m[0m
2026-10-07T09:05:23.4381369Z [  20% ] [90m[1mupdate_scripts_classes[22m | [39m[0m
2026-10-07T09:05:23.4381821Z [  20% ] [90m[1mupdate_scripts_classes[22m | [39m[0m
2026-10-07T09:05:23.4382267Z [  20% ] [90m[1mupdate_scripts_classes[22m | [39m[0m
2026-10-07T09:05:23.4382710Z [  20% ] [90m[1mupdate_scripts_classes[22m | [39m[0m
2026-10-07T09:05:23.4383156Z [  20% ] [90m[1mupdate_scripts_classes[22m | [39m[0m
2026-10-07T09:05:23.4383600Z [  20% ] [90m[1mupdate_scripts_classes[22m | [39m[0m
2026-10-07T09:05:23.4384041Z [  20% ] [90m[1mupdate_scripts_classes[22m | [39m[0m
2026-10-07T09:05:23.4384491Z [  20% ] [90m[1mupdate_scripts_classes[22m | [39m[0m
2026-10-07T09:05:23.4384936Z [  20% ] [90m[1mupdate_scripts_classes[22m | [39m[0m
2026-10-07T09:05:23.4385377Z [  20% ] [90m[1mupdate_scripts_classes[22m | [39m[0m
2026-10-07T09:05:23.4385826Z [  20% ] [90m[1mupdate_scripts_classes[22m | [39m[0m
2026-10-07T09:05:23.4386372Z [  20% ] [90m[1mupdate_scripts_classes[22m | [39m[0m
2026-10-07T09:05:23.4386825Z [  20% ] [90m[1mupdate_scripts_classes[22m | [39m[0m
2026-10-07T09:05:23.4387272Z [  20% ] [90m[1mupdate_scripts_classes[22m | [39m[0m
2026-10-07T09:05:23.4387717Z [  20% ] [90m[1mupdate_scripts_classes[22m | [39m[0m
2026-10-07T09:05:23.4388167Z [  20% ] [90m[1mupdate_scripts_classes[22m | [39m[0m
2026-10-07T09:05:23.4388613Z [  20% ] [90m[1mupdate_scripts_classes[22m | [39m[0m
2026-10-07T09:05:23.4389064Z [  20% ] [90m[1mupdate_scripts_classes[22m | [39m[0m
2026-10-07T09:05:23.4389512Z [  20% ] [90m[1mupdate_scripts_classes[22m | [39m[0m
2026-10-07T09:05:23.4389956Z [  20% ] [90m[1mupdate_scripts_classes[22m | [39m[0m
2026-10-07T09:05:23.4390405Z [  20% ] [90m[1mupdate_scripts_classes[22m | [39m[0m
2026-10-07T09:05:23.4390845Z [  20% ] [90m[1mupdate_scripts_classes[22m | [39m[0m
2026-10-07T09:05:23.4391298Z [  20% ] [90m[1mupdate_scripts_classes[22m | [39m[0m
2026-10-07T09:05:23.4391753Z [  20% ] [90m[1mupdate_scripts_classes[22m | [39m[0m
2026-10-07T09:05:23.4392196Z [  20% ] [90m[1mupdate_scripts_classes[22m | [39m[0m
2026-10-07T09:05:23.4392657Z [  21% ] [90m[1mupdate_scripts_classes[22m | [39m[0m
2026-10-07T09:05:23.4393105Z [  21% ] [90m[1mupdate_scripts_classes[22m | [39m[0m
2026-10-07T09:05:23.4393553Z [  21% ] [90m[1mupdate_scripts_classes[22m | [39m[0m
2026-10-07T09:05:23.4393996Z [  21% ] [90m[1mupdate_scripts_classes[22m | [39m[0m
2026-10-07T09:05:23.4394436Z [  21% ] [90m[1mupdate_scripts_classes[22m | [39m[0m
2026-10-07T09:05:23.4394887Z [  21% ] [90m[1mupdate_scripts_classes[22m | [39m[0m
2026-10-07T09:05:23.4395333Z [  21% ] [90m[1mupdate_scripts_classes[22m | [39m[0m
2026-10-07T09:05:23.4395780Z [  21% ] [90m[1mupdate_scripts_classes[22m | [39m[0m
2026-10-07T09:05:23.4396319Z [  21% ] [90m[1mupdate_scripts_classes[22m | [39m[0m
2026-10-07T09:05:23.4396763Z [  21% ] [90m[1mupdate_scripts_classes[22m | [39m[0m
2026-10-07T09:05:23.4397225Z [  21% ] [90m[1mupdate_scripts_classes[22m | [39m[0m
2026-10-07T09:05:23.4397870Z [  21% ] [90m[1mupdate_scripts_classes[22m | [39m[0m
2026-10-07T09:05:23.4398322Z [  21% ] [90m[1mupdate_scripts_classes[22m | [39m[0m
2026-10-07T09:05:23.4398767Z [  21% ] [90m[1mupdate_scripts_classes[22m | [39m[0m
2026-10-07T09:05:23.4399206Z [  21% ] [90m[1mupdate_scripts_classes[22m | [39m[0m
2026-10-07T09:05:23.4399656Z [  21% ] [90m[1mupdate_scripts_classes[22m | [39m[0m
2026-10-07T09:05:23.4400101Z [  21% ] [90m[1mupdate_scripts_classes[22m | [39m[0m
2026-10-07T09:05:23.4400548Z [  21% ] [90m[1mupdate_scripts_classes[22m | [39m[0m
2026-10-07T09:05:23.4401007Z [  21% ] [90m[1mupdate_scripts_classes[22m | [39m[0m
2026-10-07T09:05:23.4401463Z [  21% ] [90m[1mupdate_scripts_classes[22m | [39m[0m
2026-10-07T09:05:23.4401913Z [  21% ] [90m[1mupdate_scripts_classes[22m | [39m[0m
2026-10-07T09:05:23.4402355Z [  21% ] [90m[1mupdate_scripts_classes[22m | [39m[0m
2026-10-07T09:05:23.4402968Z [  21% ] [90m[1mupdate_scripts_classes[22m | [39m[0m
2026-10-07T09:05:23.4403437Z [  21% ] [90m[1mupdate_scripts_classes[22m | [39m[0m
2026-10-07T09:05:23.4403881Z [  21% ] [90m[1mupdate_scripts_classes[22m | [39m[0m
2026-10-07T09:05:23.4404332Z [  21% ] [90m[1mupdate_scripts_classes[22m | [39m[0m
2026-10-07T09:05:23.4404781Z [  21% ] [90m[1mupdate_scripts_classes[22m | [39m[0m
2026-10-07T09:05:23.4405227Z [  21% ] [90m[1mupdate_scripts_classes[22m | [39m[0m
2026-10-07T09:05:23.4405675Z [  21% ] [90m[1mupdate_scripts_classes[22m | [39m[0m
2026-10-07T09:05:23.4406229Z [  21% ] [90m[1mupdate_scripts_classes[22m | [39m[0m
2026-10-07T09:05:23.4406673Z [  21% ] [90m[1mupdate_scripts_classes[22m | [39m[0m
2026-10-07T09:05:23.4407116Z [  22% ] [90m[1mupdate_scripts_classes[22m | [39m[0m
2026-10-07T09:05:23.4407560Z [  22% ] [90m[1mupdate_scripts_classes[22m | [39m[0m
2026-10-07T09:05:23.4408011Z [  22% ] [90m[1mupdate_scripts_classes[22m | [39m[0m
2026-10-07T09:05:23.4408466Z [  22% ] [90m[1mupdate_scripts_classes[22m | [39m[0m
2026-10-07T09:05:23.4408920Z [  22% ] [90m[1mupdate_scripts_classes[22m | [39m[0m
2026-10-07T09:05:23.4409373Z [  22% ] [90m[1mupdate_scripts_classes[22m | [39m[0m
2026-10-07T09:05:23.4409817Z [  22% ] [90m[1mupdate_scripts_classes[22m | [39m[0m
2026-10-07T09:05:23.4410265Z [  22% ] [90m[1mupdate_scripts_classes[22m | [39m[0m
2026-10-07T09:05:23.4410708Z [  22% ] [90m[1mupdate_scripts_classes[22m | [39m[0m
2026-10-07T09:05:23.4411153Z [  22% ] [90m[1mupdate_scripts_classes[22m | [39m[0m
2026-10-07T09:05:23.4411606Z [  22% ] [90m[1mupdate_scripts_classes[22m | [39m[0m
2026-10-07T09:05:23.4412049Z [  22% ] [90m[1mupdate_scripts_classes[22m | [39m[0m
2026-10-07T09:05:23.4412500Z [  22% ] [90m[1mupdate_scripts_classes[22m | [39m[0m
2026-10-07T09:05:23.4412946Z [  22% ] [90m[1mupdate_scripts_classes[22m | [39m[0m
2026-10-07T09:05:23.4413389Z [  22% ] [90m[1mupdate_scripts_classes[22m | [39m[0m
2026-10-07T09:05:23.4413847Z [  22% ] [90m[1mupdate_scripts_classes[22m | [39m[0m
2026-10-07T09:05:23.4414295Z [  22% ] [90m[1mupdate_scripts_classes[22m | [39m[0m
2026-10-07T09:05:23.4414744Z [  22% ] [90m[1mupdate_scripts_classes[22m | [39m[0m
2026-10-07T09:05:23.4415188Z [  22% ] [90m[1mupdate_scripts_classes[22m | [39m[0m
2026-10-07T09:05:23.4415631Z [  22% ] [90m[1mupdate_scripts_classes[22m | [39m[0m
2026-10-07T09:05:23.4416181Z [  22% ] [90m[1mupdate_scripts_classes[22m | [39m[0m
2026-10-07T09:05:23.4416625Z [  22% ] [90m[1mupdate_scripts_classes[22m | [39m[0m
2026-10-07T09:05:23.4417078Z [  22% ] [90m[1mupdate_scripts_classes[22m | [39m[0m
2026-10-07T09:05:23.4417521Z [  22% ] [90m[1mupdate_scripts_classes[22m | [39m[0m
2026-10-07T09:05:23.4417961Z [  22% ] [90m[1mupdate_scripts_classes[22m | [39m[0m
2026-10-07T09:05:23.4418409Z [  22% ] [90m[1mupdate_scripts_classes[22m | [39m[0m
2026-10-07T09:05:23.4418858Z [  22% ] [90m[1mupdate_scripts_classes[22m | [39m[0m
2026-10-07T09:05:23.4419446Z [  22% ] [90m[1mupdate_scripts_classes[22m | [39m[0m
2026-10-07T09:05:23.4419901Z [  22% ] [90m[1mupdate_scripts_classes[22m | [39m[0m
2026-10-07T09:05:23.4420352Z [  22% ] [90m[1mupdate_scripts_classes[22m | [39m[0m
2026-10-07T09:05:23.4420805Z [  22% ] [90m[1mupdate_scripts_classes[22m | [39m[0m
2026-10-07T09:05:23.4421247Z [  23% ] [90m[1mupdate_scripts_classes[22m | [39m[0m
2026-10-07T09:05:23.4421691Z [  23% ] [90m[1mupdate_scripts_classes[22m | [39m[0m
2026-10-07T09:05:23.4422143Z [  23% ] [90m[1mupdate_scripts_classes[22m | [39m[0m
2026-10-07T09:05:23.4422587Z [  23% ] [90m[1mupdate_scripts_classes[22m | [39m[0m
2026-10-07T09:05:23.4423039Z [  23% ] [90m[1mupdate_scripts_classes[22m | [39m[0m
2026-10-07T09:05:23.4423481Z [  23% ] [90m[1mupdate_scripts_classes[22m | [39m[0m
2026-10-07T09:05:23.4423924Z [  23% ] [90m[1mupdate_scripts_classes[22m | [39m[0m
2026-10-07T09:05:23.4424501Z [  23% ] [90m[1mupdate_scripts_classes[22m | [39m[0m
2026-10-07T09:05:23.4425075Z [  23% ] [90m[1mupdate_scripts_classes[22m | [39m[0m
2026-10-07T09:05:23.4425526Z [  23% ] [90m[1mupdate_scripts_classes[22m | [39m[0m
2026-10-07T09:05:23.4426076Z [  23% ] [90m[1mupdate_scripts_classes[22m | [39m[0m
2026-10-07T09:05:23.4426522Z [  23% ] [90m[1mupdate_scripts_classes[22m | [39m[0m
2026-10-07T09:05:23.4426971Z [  23% ] [90m[1mupdate_scripts_classes[22m | [39m[0m
2026-10-07T09:05:23.4427413Z [  23% ] [90m[1mupdate_scripts_classes[22m | [39m[0m
2026-10-07T09:05:23.4427859Z [  23% ] [90m[1mupdate_scripts_classes[22m | [39m[0m
2026-10-07T09:05:23.4428304Z [  23% ] [90m[1mupdate_scripts_classes[22m | [39m[0m
2026-10-07T09:05:23.4428745Z [  23% ] [90m[1mupdate_scripts_classes[22m | [39m[0m
2026-10-07T09:05:23.4429194Z [  23% ] [90m[1mupdate_scripts_classes[22m | [39m[0m
2026-10-07T09:05:23.4429639Z [  23% ] [90m[1mupdate_scripts_classes[22m | [39m[0m
2026-10-07T09:05:23.4430108Z [  23% ] [90m[1mupdate_scripts_classes[22m | [39m[0m
2026-10-07T09:05:23.4430558Z [  23% ] [90m[1mupdate_scripts_classes[22m | [39m[0m
2026-10-07T09:05:23.4431003Z [  23% ] [90m[1mupdate_scripts_classes[22m | [39m[0m
2026-10-07T09:05:23.4431452Z [  23% ] [90m[1mupdate_scripts_classes[22m | [39m[0m
2026-10-07T09:05:23.4431895Z [  23% ] [90m[1mupdate_scripts_classes[22m | [39m[0m
2026-10-07T09:05:23.4432349Z [  23% ] [90m[1mupdate_scripts_classes[22m | [39m[0m
2026-10-07T09:05:23.4432794Z [  23% ] [90m[1mupdate_scripts_classes[22m | [39m[0m
2026-10-07T09:05:23.4433237Z [  23% ] [90m[1mupdate_scripts_classes[22m | [39m[0m
2026-10-07T09:05:23.4433687Z [  23% ] [90m[1mupdate_scripts_classes[22m | [39m[0m
2026-10-07T09:05:23.4434133Z [  23% ] [90m[1mupdate_scripts_classes[22m | [39m[0m
2026-10-07T09:05:23.4434581Z [  23% ] [90m[1mupdate_scripts_classes[22m | [39m[0m
2026-10-07T09:05:23.4435025Z [  23% ] [90m[1mupdate_scripts_classes[22m | [39m[0m
2026-10-07T09:05:23.4435473Z [  24% ] [90m[1mupdate_scripts_classes[22m | [39m[0m
2026-10-07T09:05:23.4436021Z [  24% ] [90m[1mupdate_scripts_classes[22m | [39m[0m
2026-10-07T09:05:23.4436467Z [  24% ] [90m[1mupdate_scripts_classes[22m | [39m[0m
2026-10-07T09:05:23.4436910Z [  24% ] [90m[1mupdate_scripts_classes[22m | [39m[0m
2026-10-07T09:05:23.4437365Z [  24% ] [90m[1mupdate_scripts_classes[22m | [39m[0m
2026-10-07T09:05:23.4437811Z [  24% ] [90m[1mupdate_scripts_classes[22m | [39m[0m
2026-10-07T09:05:23.4438261Z [  24% ] [90m[1mupdate_scripts_classes[22m | [39m[0m
2026-10-07T09:05:23.4438706Z [  24% ] [90m[1mupdate_scripts_classes[22m | [39m[0m
2026-10-07T09:05:23.4439148Z [  24% ] [90m[1mupdate_scripts_classes[22m | [39m[0m
2026-10-07T09:05:23.4439599Z [  24% ] [90m[1mupdate_scripts_classes[22m | [39m[0m
2026-10-07T09:05:23.4440047Z [  24% ] [90m[1mupdate_scripts_classes[22m | [39m[0m
2026-10-07T09:05:23.4440505Z [  24% ] [90m[1mupdate_scripts_classes[22m | [39m[0m
2026-10-07T09:05:23.4441086Z [  24% ] [90m[1mupdate_scripts_classes[22m | [39m[0m
2026-10-07T09:05:23.4441532Z [  24% ] [90m[1mupdate_scripts_classes[22m | [39m[0m
2026-10-07T09:05:23.4441981Z [  24% ] [90m[1mupdate_scripts_classes[22m | [39m[0m
2026-10-07T09:05:23.4442421Z [  24% ] [90m[1mupdate_scripts_classes[22m | [39m[0m
2026-10-07T09:05:23.4442871Z [  24% ] [90m[1mupdate_scripts_classes[22m | [39m[0m
2026-10-07T09:05:23.4443311Z [  24% ] [90m[1mupdate_scripts_classes[22m | [39m[0m
2026-10-07T09:05:23.4443754Z [  24% ] [90m[1mupdate_scripts_classes[22m | [39m[0m
2026-10-07T09:05:23.4444205Z [  24% ] [90m[1mupdate_scripts_classes[22m | [39m[0m
2026-10-07T09:05:23.4444651Z [  24% ] [90m[1mupdate_scripts_classes[22m | [39m[0m
2026-10-07T09:05:23.4445113Z [  24% ] [90m[1mupdate_scripts_classes[22m | [39m[0m
2026-10-07T09:05:23.4445566Z [  24% ] [90m[1mupdate_scripts_classes[22m | [39m[0m
2026-10-07T09:05:23.4446292Z [  24% ] [90m[1mupdate_scripts_classes[22m | [39m[0m
2026-10-07T09:05:23.4446745Z [  24% ] [90m[1mupdate_scripts_classes[22m | [39m[0m
2026-10-07T09:05:23.4447187Z [  24% ] [90m[1mupdate_scripts_classes[22m | [39m[0m
2026-10-07T09:05:23.4447634Z [  24% ] [90m[1mupdate_scripts_classes[22m | [39m[0m
2026-10-07T09:05:23.4448079Z [  24% ] [90m[1mupdate_scripts_classes[22m | [39m[0m
2026-10-07T09:05:23.4448526Z [  24% ] [90m[1mupdate_scripts_classes[22m | [39m[0m
2026-10-07T09:05:23.4448975Z [  24% ] [90m[1mupdate_scripts_classes[22m | [39m[0m
2026-10-07T09:05:23.4449421Z [  24% ] [90m[1mupdate_scripts_classes[22m | [39m[0m
2026-10-07T09:05:23.4449867Z [  25% ] [90m[1mupdate_scripts_classes[22m | [39m[0m
2026-10-07T09:05:23.4450313Z [  25% ] [90m[1mupdate_scripts_classes[22m | [39m[0m
2026-10-07T09:05:23.4450754Z [  25% ] [90m[1mupdate_scripts_classes[22m | [39m[0m
2026-10-07T09:05:23.4451204Z [  25% ] [90m[1mupdate_scripts_classes[22m | [39m[0m
2026-10-07T09:05:23.4451675Z [  25% ] [90m[1mupdate_scripts_classes[22m | [39m[0m
2026-10-07T09:05:23.4452168Z [  25% ] [90m[1mupdate_scripts_classes[22m | [39m[0m
2026-10-07T09:05:23.4452617Z [  25% ] [90m[1mupdate_scripts_classes[22m | [39m[0m
2026-10-07T09:05:23.4453064Z [  25% ] [90m[1mupdate_scripts_classes[22m | [39m[0m
2026-10-07T09:05:23.4453524Z [  25% ] [90m[1mupdate_scripts_classes[22m | [39m[0m
2026-10-07T09:05:23.4453980Z [  25% ] [90m[1mupdate_scripts_classes[22m | [39m[0m
2026-10-07T09:05:23.4454426Z [  25% ] [90m[1mupdate_scripts_classes[22m | [39m[0m
2026-10-07T09:05:23.4454878Z [  25% ] [90m[1mupdate_scripts_classes[22m | [39m[0m
2026-10-07T09:05:23.4455326Z [  25% ] [90m[1mupdate_scripts_classes[22m | [39m[0m
2026-10-07T09:05:23.4455777Z [  25% ] [90m[1mupdate_scripts_classes[22m | [39m[0m
2026-10-07T09:05:23.4456321Z [  25% ] [90m[1mupdate_scripts_classes[22m | [39m[0m
2026-10-07T09:05:23.4456771Z [  25% ] [90m[1mupdate_scripts_classes[22m | [39m[0m
2026-10-07T09:05:23.4457232Z [  25% ] [90m[1mupdate_scripts_classes[22m | [39m[0m
2026-10-07T09:05:23.4457679Z [  25% ] [90m[1mupdate_scripts_classes[22m | [39m[0m
2026-10-07T09:05:23.4458126Z [  25% ] [90m[1mupdate_scripts_classes[22m | [39m[0m
2026-10-07T09:05:23.4458572Z [  25% ] [90m[1mupdate_scripts_classes[22m | [39m[0m
2026-10-07T09:05:23.4459015Z [  25% ] [90m[1mupdate_scripts_classes[22m | [39m[0m
2026-10-07T09:05:23.4459462Z [  25% ] [90m[1mupdate_scripts_classes[22m | [39m[0m
2026-10-07T09:05:23.4459905Z [  25% ] [90m[1mupdate_scripts_classes[22m | [39m[0m
2026-10-07T09:05:23.4460353Z [  25% ] [90m[1mupdate_scripts_classes[22m | [39m[0m
2026-10-07T09:05:23.4460803Z [  25% ] [90m[1mupdate_scripts_classes[22m | [39m[0m
2026-10-07T09:05:23.4461248Z [  25% ] [90m[1mupdate_scripts_classes[22m | [39m[0m
2026-10-07T09:05:23.4461696Z [  25% ] [90m[1mupdate_scripts_classes[22m | [39m[0m
2026-10-07T09:05:23.4462144Z [  25% ] [90m[1mupdate_scripts_classes[22m | [39m[0m
2026-10-07T09:05:23.4462588Z [  25% ] [90m[1mupdate_scripts_classes[22m | [39m[0m
2026-10-07T09:05:23.4463176Z [  25% ] [90m[1mupdate_scripts_classes[22m | [39m[0m
2026-10-07T09:05:23.4463628Z [  25% ] [90m[1mupdate_scripts_classes[22m | [39m[0m
2026-10-07T09:05:23.4464079Z [  26% ] [90m[1mupdate_scripts_classes[22m | [39m[0m
2026-10-07T09:05:23.4464523Z [  26% ] [90m[1mupdate_scripts_classes[22m | [39m[0m
2026-10-07T09:05:23.4464981Z [  26% ] [90m[1mupdate_scripts_classes[22m | [39m[0m
2026-10-07T09:05:23.4465447Z [  26% ] [90m[1mupdate_scripts_classes[22m | [39m[0m
2026-10-07T09:05:23.4466006Z [  26% ] [90m[1mupdate_scripts_classes[22m | [39m[0m
2026-10-07T09:05:23.4466468Z [  26% ] [90m[1mupdate_scripts_classes[22m | [39m[0m
2026-10-07T09:05:23.4466921Z [  26% ] [90m[1mupdate_scripts_classes[22m | [39m[0m
2026-10-07T09:05:23.4467587Z [  26% ] [90m[1mupdate_scripts_classes[22m | [39m[0m
2026-10-07T09:05:23.4468182Z [  26% ] [90m[1mupdate_scripts_classes[22m | [39m[0m
2026-10-07T09:05:23.4468641Z [  26% ] [90m[1mupdate_scripts_classes[22m | [39m[0m
2026-10-07T09:05:23.4469103Z [  26% ] [90m[1mupdate_scripts_classes[22m | [39m[0m
2026-10-07T09:05:23.4469558Z [  26% ] [90m[1mupdate_scripts_classes[22m | [39m[0m
2026-10-07T09:05:23.4470008Z [  26% ] [90m[1mupdate_scripts_classes[22m | [39m[0m
2026-10-07T09:05:23.4470467Z [  26% ] [90m[1mupdate_scripts_classes[22m | [39m[0m
2026-10-07T09:05:23.4470910Z [  26% ] [90m[1mupdate_scripts_classes[22m | [39m[0m
2026-10-07T09:05:23.4471208Z [  26% ] [90m[1mupdate_scripts_classes[22m | [39m[0m
2026-10-07T09:05:23.4471489Z [  26% ] [90m[1mupdate_scripts_classes[22m | [39m[0m
2026-10-07T09:05:23.4471904Z [  26% ] [90m[1mupdate_scripts_classes[22m | [39m[0m
2026-10-07T09:05:23.4472414Z [  26% ] [90m[1mupdate_scripts_classes[22m | [39m[0m
2026-10-07T09:05:23.4484150Z [  26% ] [90m[1mupdate_scripts_classes[22m | [39m[0m
2026-10-07T09:05:23.4484675Z [  26% ] [90m[1mupdate_scripts_classes[22m | [39m[0m
2026-10-07T09:05:23.4485155Z [  26% ] [90m[1mupdate_scripts_classes[22m | [39m[0m
2026-10-07T09:05:23.4485605Z [  26% ] [90m[1mupdate_scripts_classes[22m | [39m[0m
2026-10-07T09:05:23.4486182Z [  26% ] [90m[1mupdate_scripts_classes[22m | [39m[0m
2026-10-07T09:05:23.4486632Z [  26% ] [90m[1mupdate_scripts_classes[22m | [39m[0m
2026-10-07T09:05:23.4487072Z [  26% ] [90m[1mupdate_scripts_classes[22m | [39m[0m
2026-10-07T09:05:23.4487517Z [  26% ] [90m[1mupdate_scripts_classes[22m | [39m[0m
2026-10-07T09:05:23.4487955Z [  26% ] [90m[1mupdate_scripts_classes[22m | [39m[0m
2026-10-07T09:05:23.4488398Z [  26% ] [90m[1mupdate_scripts_classes[22m | [39m[0m
2026-10-07T09:05:23.4488839Z [  26% ] [90m[1mupdate_scripts_classes[22m | [39m[0m
2026-10-07T09:05:23.4489275Z [  26% ] [90m[1mupdate_scripts_classes[22m | [39m[0m
2026-10-07T09:05:23.4489724Z [  27% ] [90m[1mupdate_scripts_classes[22m | [39m[0m
2026-10-07T09:05:23.4490178Z [  27% ] [90m[1mupdate_scripts_classes[22m | [39m[0m
2026-10-07T09:05:23.4490637Z [  27% ] [90m[1mupdate_scripts_classes[22m | [39m[0m
2026-10-07T09:05:23.4491084Z [  27% ] [90m[1mupdate_scripts_classes[22m | [39m[0m
2026-10-07T09:05:23.4491532Z [  27% ] [90m[1mupdate_scripts_classes[22m | [39m[0m
2026-10-07T09:05:23.4491987Z [  27% ] [90m[1mupdate_scripts_classes[22m | [39m[0m
2026-10-07T09:05:23.4492433Z [  27% ] [90m[1mupdate_scripts_classes[22m | [39m[0m
2026-10-07T09:05:23.4492874Z [  27% ] [90m[1mupdate_scripts_classes[22m | [39m[0m
2026-10-07T09:05:23.4493327Z [  27% ] [90m[1mupdate_scripts_classes[22m | [39m[0m
2026-10-07T09:05:23.4493769Z [  27% ] [90m[1mupdate_scripts_classes[22m | [39m[0m
2026-10-07T09:05:23.4494223Z [  27% ] [90m[1mupdate_scripts_classes[22m | [39m[0m
2026-10-07T09:05:23.4494672Z [  27% ] [90m[1mupdate_scripts_classes[22m | [39m[0m
2026-10-07T09:05:23.4495115Z [  27% ] [90m[1mupdate_scripts_classes[22m | [39m[0m
2026-10-07T09:05:23.4495576Z [  27% ] [90m[1mupdate_scripts_classes[22m | [39m[0m
2026-10-07T09:05:23.4496605Z [  27% ] [90m[1mupdate_scripts_classes[22m | [39m[0m
2026-10-07T09:05:23.4497077Z [  27% ] [90m[1mupdate_scripts_classes[22m | [39m[0m
2026-10-07T09:05:23.4497529Z [  27% ] [90m[1mupdate_scripts_classes[22m | [39m[0m
2026-10-07T09:05:23.4497978Z [  27% ] [90m[1mupdate_scripts_classes[22m | [39m[0m
2026-10-07T09:05:23.4498429Z [  27% ] [90m[1mupdate_scripts_classes[22m | [39m[0m
2026-10-07T09:05:23.4498871Z [  27% ] [90m[1mupdate_scripts_classes[22m | [39m[0m
2026-10-07T09:05:23.4499332Z [  27% ] [90m[1mupdate_scripts_classes[22m | [39m[0m
2026-10-07T09:05:23.4499779Z [  27% ] [90m[1mupdate_scripts_classes[22m | [39m[0m
2026-10-07T09:05:23.4500224Z [  27% ] [90m[1mupdate_scripts_classes[22m | [39m[0m
2026-10-07T09:05:23.4500673Z [  27% ] [90m[1mupdate_scripts_classes[22m | [39m[0m
2026-10-07T09:05:23.4501303Z [  27% ] [90m[1mupdate_scripts_classes[22m | [39m[0m
2026-10-07T09:05:23.4501768Z [  27% ] [90m[1mupdate_scripts_classes[22m | [39m[0m
2026-10-07T09:05:23.4502218Z [  27% ] [90m[1mupdate_scripts_classes[22m | [39m[0m
2026-10-07T09:05:23.4502665Z [  27% ] [90m[1mupdate_scripts_classes[22m | [39m[0m
2026-10-07T09:05:23.4503118Z [  27% ] [90m[1mupdate_scripts_classes[22m | [39m[0m
2026-10-07T09:05:23.4503560Z [  27% ] [90m[1mupdate_scripts_classes[22m | [39m[0m
2026-10-07T09:05:23.4504010Z [  27% ] [90m[1mupdate_scripts_classes[22m | [39m[0m
2026-10-07T09:05:23.4504454Z [  28% ] [90m[1mupdate_scripts_classes[22m | [39m[0m
2026-10-07T09:05:23.4504899Z [  28% ] [90m[1mupdate_scripts_classes[22m | [39m[0m
2026-10-07T09:05:23.4505354Z [  28% ] [90m[1mupdate_scripts_classes[22m | [39m[0m
2026-10-07T09:05:23.4505797Z [  28% ] [90m[1mupdate_scripts_classes[22m | [39m[0m
2026-10-07T09:05:23.4506348Z [  28% ] [90m[1mupdate_scripts_classes[22m | [39m[0m
2026-10-07T09:05:23.4506808Z [  28% ] [90m[1mupdate_scripts_classes[22m | [39m[0m
2026-10-07T09:05:23.4507258Z [  28% ] [90m[1mupdate_scripts_classes[22m | [39m[0m
2026-10-07T09:05:23.4507710Z [  28% ] [90m[1mupdate_scripts_classes[22m | [39m[0m
2026-10-07T09:05:23.4508154Z [  28% ] [90m[1mupdate_scripts_classes[22m | [39m[0m
2026-10-07T09:05:23.4508592Z [  28% ] [90m[1mupdate_scripts_classes[22m | [39m[0m
2026-10-07T09:05:23.4509037Z [  28% ] [90m[1mupdate_scripts_classes[22m | [39m[0m
2026-10-07T09:05:23.4509482Z [  28% ] [90m[1mupdate_scripts_classes[22m | [39m[0m
2026-10-07T09:05:23.4509921Z [  28% ] [90m[1mupdate_scripts_classes[22m | [39m[0m
2026-10-07T09:05:23.4510375Z [  28% ] [90m[1mupdate_scripts_classes[22m | [39m[0m
2026-10-07T09:05:23.4510817Z [  28% ] [90m[1mupdate_scripts_classes[22m | [39m[0m
2026-10-07T09:05:23.4511259Z [  28% ] [90m[1mupdate_scripts_classes[22m | [39m[0m
2026-10-07T09:05:23.4511709Z [  28% ] [90m[1mupdate_scripts_classes[22m | [39m[0m
2026-10-07T09:05:23.4512156Z [  28% ] [90m[1mupdate_scripts_classes[22m | [39m[0m
2026-10-07T09:05:23.4512603Z [  28% ] [90m[1mupdate_scripts_classes[22m | [39m[0m
2026-10-07T09:05:23.4513043Z [  28% ] [90m[1mupdate_scripts_classes[22m | [39m[0m
2026-10-07T09:05:23.4513484Z [  28% ] [90m[1mupdate_scripts_classes[22m | [39m[0m
2026-10-07T09:05:23.4513932Z [  28% ] [90m[1mupdate_scripts_classes[22m | [39m[0m
2026-10-07T09:05:23.4514377Z [  28% ] [90m[1mupdate_scripts_classes[22m | [39m[0m
2026-10-07T09:05:23.4514824Z [  28% ] [90m[1mupdate_scripts_classes[22m | [39m[0m
2026-10-07T09:05:23.4515268Z [  28% ] [90m[1mupdate_scripts_classes[22m | [39m[0m
2026-10-07T09:05:23.4515709Z [  28% ] [90m[1mupdate_scripts_classes[22m | [39m[0m
2026-10-07T09:05:23.4516274Z [  28% ] [90m[1mupdate_scripts_classes[22m | [39m[0m
2026-10-07T09:05:23.4516717Z [  28% ] [90m[1mupdate_scripts_classes[22m | [39m[0m
2026-10-07T09:05:23.4517161Z [  28% ] [90m[1mupdate_scripts_classes[22m | [39m[0m
2026-10-07T09:05:23.4517617Z [  28% ] [90m[1mupdate_scripts_classes[22m | [39m[0m
2026-10-07T09:05:23.4518200Z [  28% ] [90m[1mupdate_scripts_classes[22m | [39m[0m
2026-10-07T09:05:23.4518649Z [  29% ] [90m[1mupdate_scripts_classes[22m | [39m[0m
2026-10-07T09:05:23.4519089Z [  29% ] [90m[1mupdate_scripts_classes[22m | [39m[0m
2026-10-07T09:05:23.4519531Z [  29% ] [90m[1mupdate_scripts_classes[22m | [39m[0m
2026-10-07T09:05:23.4519995Z [  29% ] [90m[1mupdate_scripts_classes[22m | [39m[0m
2026-10-07T09:05:23.4520453Z [  29% ] [90m[1mupdate_scripts_classes[22m | [39m[0m
2026-10-07T09:05:23.4520900Z [  29% ] [90m[1mupdate_scripts_classes[22m | [39m[0m
2026-10-07T09:05:23.4521342Z [  29% ] [90m[1mupdate_scripts_classes[22m | [39m[0m
2026-10-07T09:05:23.4521782Z [  29% ] [90m[1mupdate_scripts_classes[22m | [39m[0m
2026-10-07T09:05:23.4522228Z [  29% ] [90m[1mupdate_scripts_classes[22m | [39m[0m
2026-10-07T09:05:23.4522827Z [  29% ] [90m[1mupdate_scripts_classes[22m | [39m[0m
2026-10-07T09:05:23.4523282Z [  29% ] [90m[1mupdate_scripts_classes[22m | [39m[0m
2026-10-07T09:05:23.4523725Z [  29% ] [90m[1mupdate_scripts_classes[22m | [39m[0m
2026-10-07T09:05:23.4524164Z [  29% ] [90m[1mupdate_scripts_classes[22m | [39m[0m
2026-10-07T09:05:23.4524614Z [  29% ] [90m[1mupdate_scripts_classes[22m | [39m[0m
2026-10-07T09:05:23.4525057Z [  29% ] [90m[1mupdate_scripts_classes[22m | [39m[0m
2026-10-07T09:05:23.4525511Z [  29% ] [90m[1mupdate_scripts_classes[22m | [39m[0m
2026-10-07T09:05:23.4526074Z [  29% ] [90m[1mupdate_scripts_classes[22m | [39m[0m
2026-10-07T09:05:23.4526522Z [  29% ] [90m[1mupdate_scripts_classes[22m | [39m[0m
2026-10-07T09:05:23.4526973Z [  29% ] [90m[1mupdate_scripts_classes[22m | [39m[0m
2026-10-07T09:05:23.4527438Z [  29% ] [90m[1mupdate_scripts_classes[22m | [39m[0m
2026-10-07T09:05:23.4527899Z [  29% ] [90m[1mupdate_scripts_classes[22m | [39m[0m
2026-10-07T09:05:23.4528363Z [  29% ] [90m[1mupdate_scripts_classes[22m | [39m[0m
2026-10-07T09:05:23.4528812Z [  29% ] [90m[1mupdate_scripts_classes[22m | [39m[0m
2026-10-07T09:05:23.4529261Z [  29% ] [90m[1mupdate_scripts_classes[22m | [39m[0m
2026-10-07T09:05:23.4529702Z [  29% ] [90m[1mupdate_scripts_classes[22m | [39m[0m
2026-10-07T09:05:23.4530144Z [  29% ] [90m[1mupdate_scripts_classes[22m | [39m[0m
2026-10-07T09:05:23.4530594Z [  29% ] [90m[1mupdate_scripts_classes[22m | [39m[0m
2026-10-07T09:05:23.4531041Z [  29% ] [90m[1mupdate_scripts_classes[22m | [39m[0m
2026-10-07T09:05:23.4531489Z [  29% ] [90m[1mupdate_scripts_classes[22m | [39m[0m
2026-10-07T09:05:23.4531930Z [  29% ] [90m[1mupdate_scripts_classes[22m | [39m[0m
2026-10-07T09:05:23.4532371Z [  29% ] [90m[1mupdate_scripts_classes[22m | [39m[0m
2026-10-07T09:05:23.4532815Z [  30% ] [90m[1mupdate_scripts_classes[22m | [39m[0m
2026-10-07T09:05:23.4533255Z [  30% ] [90m[1mupdate_scripts_classes[22m | [39m[0m
2026-10-07T09:05:23.4533708Z [  30% ] [90m[1mupdate_scripts_classes[22m | [39m[0m
2026-10-07T09:05:23.4534153Z [  30% ] [90m[1mupdate_scripts_classes[22m | [39m[0m
2026-10-07T09:05:23.4534590Z [  30% ] [90m[1mupdate_scripts_classes[22m | [39m[0m
2026-10-07T09:05:23.4535042Z [  30% ] [90m[1mupdate_scripts_classes[22m | [39m[0m
2026-10-07T09:05:23.4535483Z [  30% ] [90m[1mupdate_scripts_classes[22m | [39m[0m
2026-10-07T09:05:23.4536039Z [  30% ] [90m[1mupdate_scripts_classes[22m | [39m[0m
2026-10-07T09:05:23.4536481Z [  30% ] [90m[1mupdate_scripts_classes[22m | [39m[0m
2026-10-07T09:05:23.4536925Z [  30% ] [90m[1mupdate_scripts_classes[22m | [39m[0m
2026-10-07T09:05:23.4537377Z [  30% ] [90m[1mupdate_scripts_classes[22m | [39m[0m
2026-10-07T09:05:23.4537822Z [  30% ] [90m[1mupdate_scripts_classes[22m | [39m[0m
2026-10-07T09:05:23.4538273Z [  30% ] [90m[1mupdate_scripts_classes[22m | [39m[0m
2026-10-07T09:05:23.4538714Z [  30% ] [90m[1mupdate_scripts_classes[22m | [39m[0m
2026-10-07T09:05:23.4539159Z [  30% ] [90m[1mupdate_scripts_classes[22m | [39m[0m
2026-10-07T09:05:23.4539754Z [  30% ] [90m[1mupdate_scripts_classes[22m | [39m[0m
2026-10-07T09:05:23.4540203Z [  30% ] [90m[1mupdate_scripts_classes[22m | [39m[0m
2026-10-07T09:05:23.4540643Z [  30% ] [90m[1mupdate_scripts_classes[22m | [39m[0m
2026-10-07T09:05:23.4541092Z [  30% ] [90m[1mupdate_scripts_classes[22m | [39m[0m
2026-10-07T09:05:23.4541531Z [  30% ] [90m[1mupdate_scripts_classes[22m | [39m[0m
2026-10-07T09:05:23.4541980Z [  30% ] [90m[1mupdate_scripts_classes[22m | [39m[0m
2026-10-07T09:05:23.4542424Z [  30% ] [90m[1mupdate_scripts_classes[22m | [39m[0m
2026-10-07T09:05:23.4542863Z [  30% ] [90m[1mupdate_scripts_classes[22m | [39m[0m
2026-10-07T09:05:23.4543310Z [  30% ] [90m[1mupdate_scripts_classes[22m | [39m[0m
2026-10-07T09:05:23.4543753Z [  30% ] [90m[1mupdate_scripts_classes[22m | [39m[0m
2026-10-07T09:05:23.4544331Z [  30% ] [90m[1mupdate_scripts_classes[22m | [39m[0m
2026-10-07T09:05:23.4544777Z [  30% ] [90m[1mupdate_scripts_classes[22m | [39m[0m
2026-10-07T09:05:23.4545225Z [  30% ] [90m[1mupdate_scripts_classes[22m | [39m[0m
2026-10-07T09:05:23.4545673Z [  30% ] [90m[1mupdate_scripts_classes[22m | [39m[0m
2026-10-07T09:05:23.4546228Z [  30% ] [90m[1mupdate_scripts_classes[22m | [39m[0m
2026-10-07T09:05:23.4546737Z [  30% ] [90m[1mupdate_scripts_classes[22m | [39m[0m
2026-10-07T09:05:23.4547181Z [  31% ] [90m[1mupdate_scripts_classes[22m | [39m[0m
2026-10-07T09:05:23.4547627Z [  31% ] [90m[1mupdate_scripts_classes[22m | [39m[0m
2026-10-07T09:05:23.4548076Z [  31% ] [90m[1mupdate_scripts_classes[22m | [39m[0m
2026-10-07T09:05:23.4548513Z [  31% ] [90m[1mupdate_scripts_classes[22m | [39m[0m
2026-10-07T09:05:23.4548962Z [  31% ] [90m[1mupdate_scripts_classes[22m | [39m[0m
2026-10-07T09:05:23.4549403Z [  31% ] [90m[1mupdate_scripts_classes[22m | [39m[0m
2026-10-07T09:05:23.4549851Z [  31% ] [90m[1mupdate_scripts_classes[22m | [39m[0m
2026-10-07T09:05:23.4550299Z [  31% ] [90m[1mupdate_scripts_classes[22m | [39m[0m
2026-10-07T09:05:23.4550740Z [  31% ] [90m[1mupdate_scripts_classes[22m | [39m[0m
2026-10-07T09:05:23.4551187Z [  31% ] [90m[1mupdate_scripts_classes[22m | [39m[0m
2026-10-07T09:05:23.4551633Z [  31% ] [90m[1mupdate_scripts_classes[22m | [39m[0m
2026-10-07T09:05:23.4552153Z [  31% ] [90m[1mupdate_scripts_classes[22m | [39m[0m
2026-10-07T09:05:23.4552609Z [  31% ] [90m[1mupdate_scripts_classes[22m | [39m[0m
2026-10-07T09:05:23.4553053Z [  31% ] [90m[1mupdate_scripts_classes[22m | [39m[0m
2026-10-07T09:05:23.4553511Z [  31% ] [90m[1mupdate_scripts_classes[22m | [39m[0m
2026-10-07T09:05:23.4553972Z [  31% ] [90m[1mupdate_scripts_classes[22m | [39m[0m
2026-10-07T09:05:23.4554419Z [  31% ] [90m[1mupdate_scripts_classes[22m | [39m[0m
2026-10-07T09:05:23.4554867Z [  31% ] [90m[1mupdate_scripts_classes[22m | [39m[0m
2026-10-07T09:05:23.4555317Z [  31% ] [90m[1mupdate_scripts_classes[22m | [39m[0m
2026-10-07T09:05:23.4555769Z [  31% ] [90m[1mupdate_scripts_classes[22m | [39m[0m
2026-10-07T09:05:23.4556332Z [  31% ] [90m[1mupdate_scripts_classes[22m | [39m[0m
2026-10-07T09:05:23.4556782Z [  31% ] [90m[1mupdate_scripts_classes[22m | [39m[0m
2026-10-07T09:05:23.4557234Z [  31% ] [90m[1mupdate_scripts_classes[22m | [39m[0m
2026-10-07T09:05:23.4557685Z [  31% ] [90m[1mupdate_scripts_classes[22m | [39m[0m
2026-10-07T09:05:23.4558128Z [  31% ] [90m[1mupdate_scripts_classes[22m | [39m[0m
2026-10-07T09:05:23.4558574Z [  31% ] [90m[1mupdate_scripts_classes[22m | [39m[0m
2026-10-07T09:05:23.4559017Z [  31% ] [90m[1mupdate_scripts_classes[22m | [39m[0m
2026-10-07T09:05:23.4559468Z [  31% ] [90m[1mupdate_scripts_classes[22m | [39m[0m
2026-10-07T09:05:23.4559924Z [  31% ] [90m[1mupdate_scripts_classes[22m | [39m[0m
2026-10-07T09:05:23.4560368Z [  31% ] [90m[1mupdate_scripts_classes[22m | [39m[0m
2026-10-07T09:05:23.4560827Z [  31% ] [90m[1mupdate_scripts_classes[22m | [39m[0m
2026-10-07T09:05:23.4561409Z [  32% ] [90m[1mupdate_scripts_classes[22m | [39m[0m
2026-10-07T09:05:23.4561861Z [  32% ] [90m[1mupdate_scripts_classes[22m | [39m[0m
2026-10-07T09:05:23.4562305Z [  32% ] [90m[1mupdate_scripts_classes[22m | [39m[0m
2026-10-07T09:05:23.4562747Z [  32% ] [90m[1mupdate_scripts_classes[22m | [39m[0m
2026-10-07T09:05:23.4563208Z [  32% ] [90m[1mupdate_scripts_classes[22m | [39m[0m
2026-10-07T09:05:23.4563650Z [  32% ] [90m[1mupdate_scripts_classes[22m | [39m[0m
2026-10-07T09:05:23.4564097Z [  32% ] [90m[1mupdate_scripts_classes[22m | [39m[0m
2026-10-07T09:05:23.4564539Z [  32% ] [90m[1mupdate_scripts_classes[22m | [39m[0m
2026-10-07T09:05:23.4564986Z [  32% ] [90m[1mupdate_scripts_classes[22m | [39m[0m
2026-10-07T09:05:23.4565428Z [  32% ] [90m[1mupdate_scripts_classes[22m | [39m[0m
2026-10-07T09:05:23.4565973Z [  32% ] [90m[1mupdate_scripts_classes[22m | [39m[0m
2026-10-07T09:05:23.4566565Z [  32% ] [90m[1mupdate_scripts_classes[22m | [39m[0m
2026-10-07T09:05:23.4567020Z [  32% ] [90m[1mupdate_scripts_classes[22m | [39m[0m
2026-10-07T09:05:23.4567478Z [  32% ] [90m[1mupdate_scripts_classes[22m | [39m[0m
2026-10-07T09:05:23.4568086Z [  32% ] [90m[1mupdate_scripts_classes[22m | [39m[0m
2026-10-07T09:05:23.4568538Z [  32% ] [90m[1mupdate_scripts_classes[22m | [39m[0m
2026-10-07T09:05:23.4568988Z [  32% ] [90m[1mupdate_scripts_classes[22m | [39m[0m
2026-10-07T09:05:23.4569436Z [  32% ] [90m[1mupdate_scripts_classes[22m | [39m[0m
2026-10-07T09:05:23.4569886Z [  32% ] [90m[1mupdate_scripts_classes[22m | [39m[0m
2026-10-07T09:05:23.4570327Z [  32% ] [90m[1mupdate_scripts_classes[22m | [39m[0m
2026-10-07T09:05:23.4570767Z [  32% ] [90m[1mupdate_scripts_classes[22m | [39m[0m
2026-10-07T09:05:23.4571215Z [  32% ] [90m[1mupdate_scripts_classes[22m | [39m[0m
2026-10-07T09:05:23.4571662Z [  32% ] [90m[1mupdate_scripts_classes[22m | [39m[0m
2026-10-07T09:05:23.4572125Z [  32% ] [90m[1mupdate_scripts_classes[22m | [39m[0m
2026-10-07T09:05:23.4572568Z [  32% ] [90m[1mupdate_scripts_classes[22m | [39m[0m
2026-10-07T09:05:23.4573010Z [  32% ] [90m[1mupdate_scripts_classes[22m | [39m[0m
2026-10-07T09:05:23.4573460Z [  32% ] [90m[1mupdate_scripts_classes[22m | [39m[0m
2026-10-07T09:05:23.4573903Z [  32% ] [90m[1mupdate_scripts_classes[22m | [39m[0m
2026-10-07T09:05:23.4574346Z [  32% ] [90m[1mupdate_scripts_classes[22m | [39m[0m
2026-10-07T09:05:23.4574794Z [  32% ] [90m[1mupdate_scripts_classes[22m | [39m[0m
2026-10-07T09:05:23.4575243Z [  32% ] [90m[1mupdate_scripts_classes[22m | [39m[0m
2026-10-07T09:05:23.4575694Z [  33% ] [90m[1mupdate_scripts_classes[22m | [39m[0m
2026-10-07T09:05:23.4575987Z [  33% ] [90m[1mupdate_scripts_classes[22m | [39m[0m
2026-10-07T09:05:23.4576189Z [  33% ] [90m[1mupdate_scripts_classes[22m | [39m[0m
2026-10-07T09:05:23.4576400Z [  33% ] [90m[1mupdate_scripts_classes[22m | [39m[0m
2026-10-07T09:05:23.4576605Z [  33% ] [90m[1mupdate_scripts_classes[22m | [39m[0m
2026-10-07T09:05:23.4576803Z [  33% ] [90m[1mupdate_scripts_classes[22m | [39m[0m
2026-10-07T09:05:23.4577003Z [  33% ] [90m[1mupdate_scripts_classes[22m | [39m[0m
2026-10-07T09:05:23.4577202Z [  33% ] [90m[1mupdate_scripts_classes[22m | [39m[0m
2026-10-07T09:05:23.4577398Z [  33% ] [90m[1mupdate_scripts_classes[22m | [39m[0m
2026-10-07T09:05:23.4577598Z [  33% ] [90m[1mupdate_scripts_classes[22m | [39m[0m
2026-10-07T09:05:23.4577799Z [  33% ] [90m[1mupdate_scripts_classes[22m | [39m[0m
2026-10-07T09:05:23.4578004Z [  33% ] [90m[1mupdate_scripts_classes[22m | [39m[0m
2026-10-07T09:05:23.4578202Z [  33% ] [90m[1mupdate_scripts_classes[22m | [39m[0m
2026-10-07T09:05:23.4578403Z [  33% ] [90m[1mupdate_scripts_classes[22m | [39m[0m
2026-10-07T09:05:23.4578607Z [  33% ] [90m[1mupdate_scripts_classes[22m | [39m[0m
2026-10-07T09:05:23.4578808Z [  33% ] [90m[1mupdate_scripts_classes[22m | [39m[0m
2026-10-07T09:05:23.4579160Z [  33% ] [90m[1mupdate_scripts_classes[22m | [39m[0m
2026-10-07T09:05:23.4579363Z [  33% ] [90m[1mupdate_scripts_classes[22m | [39m[0m
2026-10-07T09:05:23.4579566Z [  33% ] [90m[1mupdate_scripts_classes[22m | [39m[0m
2026-10-07T09:05:23.4579761Z [  33% ] [90m[1mupdate_scripts_classes[22m | [39m[0m
2026-10-07T09:05:23.4579962Z [  33% ] [90m[1mupdate_scripts_classes[22m | [39m[0m
2026-10-07T09:05:23.4580164Z [  33% ] [90m[1mupdate_scripts_classes[22m | [39m[0m
2026-10-07T09:05:23.4580360Z [  33% ] [90m[1mupdate_scripts_classes[22m | [39m[0m
2026-10-07T09:05:23.4580562Z [  33% ] [90m[1mupdate_scripts_classes[22m | [39m[0m
2026-10-07T09:05:23.4580761Z [  33% ] [90m[1mupdate_scripts_classes[22m | [39m[0m
2026-10-07T09:05:23.4580960Z [  33% ] [90m[1mupdate_scripts_classes[22m | [39m[0m
2026-10-07T09:05:23.4581157Z [  33% ] [90m[1mupdate_scripts_classes[22m | [39m[0m
2026-10-07T09:05:23.4581476Z [  33% ] [90m[1mupdate_scripts_classes[22m | [39m[0m
2026-10-07T09:05:23.4581681Z [  33% ] [90m[1mupdate_scripts_classes[22m | [39m[0m
2026-10-07T09:05:23.4581877Z [  33% ] [90m[1mupdate_scripts_classes[22m | [39m[0m
2026-10-07T09:05:23.4582080Z [  33% ] [90m[1mupdate_scripts_classes[22m | [39m[0m
2026-10-07T09:05:23.4582282Z [  34% ] [90m[1mupdate_scripts_classes[22m | [39m[0m
2026-10-07T09:05:23.4582484Z [  34% ] [90m[1mupdate_scripts_classes[22m | [39m[0m
2026-10-07T09:05:23.4582680Z [  34% ] [90m[1mupdate_scripts_classes[22m | [39m[0m
2026-10-07T09:05:23.4582881Z [  34% ] [90m[1mupdate_scripts_classes[22m | [39m[0m
2026-10-07T09:05:23.4583083Z [  34% ] [90m[1mupdate_scripts_classes[22m | [39m[0m
2026-10-07T09:05:23.4583278Z [  34% ] [90m[1mupdate_scripts_classes[22m | [39m[0m
2026-10-07T09:05:23.4583478Z [  34% ] [90m[1mupdate_scripts_classes[22m | [39m[0m
2026-10-07T09:05:23.4583684Z [  34% ] [90m[1mupdate_scripts_classes[22m | [39m[0m
2026-10-07T09:05:23.4583884Z [  34% ] [90m[1mupdate_scripts_classes[22m | [39m[0m
2026-10-07T09:05:23.4584086Z [  34% ] [90m[1mupdate_scripts_classes[22m | [39m[0m
2026-10-07T09:05:23.4584288Z [  34% ] [90m[1mupdate_scripts_classes[22m | [39m[0m
2026-10-07T09:05:23.4584490Z [  34% ] [90m[1mupdate_scripts_classes[22m | [39m[0m
2026-10-07T09:05:23.4584684Z [  34% ] [90m[1mupdate_scripts_classes[22m | [39m[0m
2026-10-07T09:05:23.4584886Z [  34% ] [90m[1mupdate_scripts_classes[22m | [39m[0m
2026-10-07T09:05:23.4585090Z [  34% ] [90m[1mupdate_scripts_classes[22m | [39m[0m
2026-10-07T09:05:23.4585282Z [  34% ] [90m[1mupdate_scripts_classes[22m | [39m[0m
2026-10-07T09:05:23.4585483Z [  34% ] [90m[1mupdate_scripts_classes[22m | [39m[0m
2026-10-07T09:05:23.4585682Z [  34% ] [90m[1mupdate_scripts_classes[22m | [39m[0m
2026-10-07T09:05:23.4585990Z [  34% ] [90m[1mupdate_scripts_classes[22m | [39m[0m
2026-10-07T09:05:23.4586191Z [  34% ] [90m[1mupdate_scripts_classes[22m | [39m[0m
2026-10-07T09:05:23.4586395Z [  34% ] [90m[1mupdate_scripts_classes[22m | [39m[0m
2026-10-07T09:05:23.4586594Z [  34% ] [90m[1mupdate_scripts_classes[22m | [39m[0m
2026-10-07T09:05:23.4586788Z [  34% ] [90m[1mupdate_scripts_classes[22m | [39m[0m
2026-10-07T09:05:23.4586988Z [  34% ] [90m[1mupdate_scripts_classes[22m | [39m[0m
2026-10-07T09:05:23.4587189Z [  34% ] [90m[1mupdate_scripts_classes[22m | [39m[0m
2026-10-07T09:05:23.4587391Z [  34% ] [90m[1mupdate_scripts_classes[22m | [39m[0m
2026-10-07T09:05:23.4587585Z [  34% ] [90m[1mupdate_scripts_classes[22m | [39m[0m
2026-10-07T09:05:23.4587787Z [  34% ] [90m[1mupdate_scripts_classes[22m | [39m[0m
2026-10-07T09:05:23.4587985Z [  34% ] [90m[1mupdate_scripts_classes[22m | [39m[0m
2026-10-07T09:05:23.4588178Z [  34% ] [90m[1mupdate_scripts_classes[22m | [39m[0m
2026-10-07T09:05:23.4588382Z [  34% ] [90m[1mupdate_scripts_classes[22m | [39m[0m
2026-10-07T09:05:23.4588590Z [  35% ] [90m[1mupdate_scripts_classes[22m | [39m[0m
2026-10-07T09:05:23.4588931Z [  35% ] [90m[1mupdate_scripts_classes[22m | [39m[0m
2026-10-07T09:05:23.4589126Z [  35% ] [90m[1mupdate_scripts_classes[22m | [39m[0m
2026-10-07T09:05:23.4589327Z [  35% ] [90m[1mupdate_scripts_classes[22m | [39m[0m
2026-10-07T09:05:23.4589528Z [  35% ] [90m[1mupdate_scripts_classes[22m | [39m[0m
2026-10-07T09:05:23.4589725Z [  35% ] [90m[1mupdate_scripts_classes[22m | [39m[0m
2026-10-07T09:05:23.4589927Z [  35% ] [90m[1mupdate_scripts_classes[22m | [39m[0m
2026-10-07T09:05:23.4590127Z [  35% ] [90m[1mupdate_scripts_classes[22m | [39m[0m
2026-10-07T09:05:23.4590327Z [  35% ] [90m[1mupdate_scripts_classes[22m | [39m[0m
2026-10-07T09:05:23.4590524Z [  35% ] [90m[1mupdate_scripts_classes[22m | [39m[0m
2026-10-07T09:05:23.4590723Z [  35% ] [90m[1mupdate_scripts_classes[22m | [39m[0m
2026-10-07T09:05:23.4590925Z [  35% ] [90m[1mupdate_scripts_classes[22m | [39m[0m
2026-10-07T09:05:23.4591247Z [  35% ] [90m[1mupdate_scripts_classes[22m | [39m[0m
2026-10-07T09:05:23.4591455Z [  35% ] [90m[1mupdate_scripts_classes[22m | [39m[0m
2026-10-07T09:05:23.4591659Z [  35% ] [90m[1mupdate_scripts_classes[22m | [39m[0m
2026-10-07T09:05:23.4591857Z [  35% ] [90m[1mupdate_scripts_classes[22m | [39m[0m
2026-10-07T09:05:23.4592053Z [  35% ] [90m[1mupdate_scripts_classes[22m | [39m[0m
2026-10-07T09:05:23.4592253Z [  35% ] [90m[1mupdate_scripts_classes[22m | [39m[0m
2026-10-07T09:05:23.4592454Z [  35% ] [90m[1mupdate_scripts_classes[22m | [39m[0m
2026-10-07T09:05:23.4592651Z [  35% ] [90m[1mupdate_scripts_classes[22m | [39m[0m
2026-10-07T09:05:23.4592853Z [  35% ] [90m[1mupdate_scripts_classes[22m | [39m[0m
2026-10-07T09:05:23.4593055Z [  35% ] [90m[1mupdate_scripts_classes[22m | [39m[0m
2026-10-07T09:05:23.4593258Z [  35% ] [90m[1mupdate_scripts_classes[22m | [39m[0m
2026-10-07T09:05:23.4593459Z [  35% ] [90m[1mupdate_scripts_classes[22m | [39m[0m
2026-10-07T09:05:23.4593660Z [  35% ] [90m[1mupdate_scripts_classes[22m | [39m[0m
2026-10-07T09:05:23.4593866Z [  35% ] [90m[1mupdate_scripts_classes[22m | [39m[0m
2026-10-07T09:05:23.4594061Z [  35% ] [90m[1mupdate_scripts_classes[22m | [39m[0m
2026-10-07T09:05:23.4594264Z [  35% ] [90m[1mupdate_scripts_classes[22m | [39m[0m
2026-10-07T09:05:23.4594464Z [  35% ] [90m[1mupdate_scripts_classes[22m | [39m[0m
2026-10-07T09:05:23.4594663Z [  35% ] [90m[1mupdate_scripts_classes[22m | [39m[0m
2026-10-07T09:05:23.4594859Z [  35% ] [90m[1mupdate_scripts_classes[22m | [39m[0m
2026-10-07T09:05:23.4595061Z [  36% ] [90m[1mupdate_scripts_classes[22m | [39m[0m
2026-10-07T09:05:23.4595262Z [  36% ] [90m[1mupdate_scripts_classes[22m | [39m[0m
2026-10-07T09:05:23.4595454Z [  36% ] [90m[1mupdate_scripts_classes[22m | [39m[0m
2026-10-07T09:05:23.4595654Z [  36% ] [90m[1mupdate_scripts_classes[22m | [39m[0m
2026-10-07T09:05:23.4595978Z [  36% ] [90m[1mupdate_scripts_classes[22m | [39m[0m
2026-10-07T09:05:23.4596184Z [  36% ] [90m[1mupdate_scripts_classes[22m | [39m[0m
2026-10-07T09:05:23.4596381Z [  36% ] [90m[1mupdate_scripts_classes[22m | [39m[0m
2026-10-07T09:05:23.4596583Z [  36% ] [90m[1mupdate_scripts_classes[22m | [39m[0m
2026-10-07T09:05:23.4596785Z [  36% ] [90m[1mupdate_scripts_classes[22m | [39m[0m
2026-10-07T09:05:23.4596979Z [  36% ] [90m[1mupdate_scripts_classes[22m | [39m[0m
2026-10-07T09:05:23.4597181Z [  36% ] [90m[1mupdate_scripts_classes[22m | [39m[0m
2026-10-07T09:05:23.4597381Z [  36% ] [90m[1mupdate_scripts_classes[22m | [39m[0m
2026-10-07T09:05:23.4597580Z [  36% ] [90m[1mupdate_scripts_classes[22m | [39m[0m
2026-10-07T09:05:23.4597777Z [  36% ] [90m[1mupdate_scripts_classes[22m | [39m[0m
2026-10-07T09:05:23.4597977Z [  36% ] [90m[1mupdate_scripts_classes[22m | [39m[0m
2026-10-07T09:05:23.4598178Z [  36% ] [90m[1mupdate_scripts_classes[22m | [39m[0m
2026-10-07T09:05:23.4598380Z [  36% ] [90m[1mupdate_scripts_classes[22m | [39m[0m
2026-10-07T09:05:23.4598728Z [  36% ] [90m[1mupdate_scripts_classes[22m | [39m[0m
2026-10-07T09:05:23.4598929Z [  36% ] [90m[1mupdate_scripts_classes[22m | [39m[0m
2026-10-07T09:05:23.4599131Z [  36% ] [90m[1mupdate_scripts_classes[22m | [39m[0m
2026-10-07T09:05:23.4599324Z [  36% ] [90m[1mupdate_scripts_classes[22m | [39m[0m
2026-10-07T09:05:23.4599525Z [  36% ] [90m[1mupdate_scripts_classes[22m | [39m[0m
2026-10-07T09:05:23.4599726Z [  36% ] [90m[1mupdate_scripts_classes[22m | [39m[0m
2026-10-07T09:05:23.4599919Z [  36% ] [90m[1mupdate_scripts_classes[22m | [39m[0m
2026-10-07T09:05:23.4600120Z [  36% ] [90m[1mupdate_scripts_classes[22m | [39m[0m
2026-10-07T09:05:23.4600319Z [  36% ] [90m[1mupdate_scripts_classes[22m | [39m[0m
2026-10-07T09:05:23.4600518Z [  36% ] [90m[1mupdate_scripts_classes[22m | [39m[0m
2026-10-07T09:05:23.4600713Z [  36% ] [90m[1mupdate_scripts_classes[22m | [39m[0m
2026-10-07T09:05:23.4601037Z [  36% ] [90m[1mupdate_scripts_classes[22m | [39m[0m
2026-10-07T09:05:23.4601243Z [  36% ] [90m[1mupdate_scripts_classes[22m | [39m[0m
2026-10-07T09:05:23.4601440Z [  36% ] [90m[1mupdate_scripts_classes[22m | [39m[0m
2026-10-07T09:05:23.4601641Z [  37% ] [90m[1mupdate_scripts_classes[22m | [39m[0m
2026-10-07T09:05:23.4601841Z [  37% ] [90m[1mupdate_scripts_classes[22m | [39m[0m
2026-10-07T09:05:23.4602039Z [  37% ] [90m[1mupdate_scripts_classes[22m | [39m[0m
2026-10-07T09:05:23.4602234Z [  37% ] [90m[1mupdate_scripts_classes[22m | [39m[0m
2026-10-07T09:05:23.4602436Z [  37% ] [90m[1mupdate_scripts_classes[22m | [39m[0m
2026-10-07T09:05:23.4602638Z [  37% ] [90m[1mupdate_scripts_classes[22m | [39m[0m
2026-10-07T09:05:23.4602834Z [  37% ] [90m[1mupdate_scripts_classes[22m | [39m[0m
2026-10-07T09:05:23.4603037Z [  37% ] [90m[1mupdate_scripts_classes[22m | [39m[0m
2026-10-07T09:05:23.4603236Z [  37% ] [90m[1mupdate_scripts_classes[22m | [39m[0m
2026-10-07T09:05:23.4603441Z [  37% ] [90m[1mupdate_scripts_classes[22m | [39m[0m
2026-10-07T09:05:23.4603641Z [  37% ] [90m[1mupdate_scripts_classes[22m | [39m[0m
2026-10-07T09:05:23.4603841Z [  37% ] [90m[1mupdate_scripts_classes[22m | [39m[0m
2026-10-07T09:05:23.4604039Z [  37% ] [90m[1mupdate_scripts_classes[22m | [39m[0m
2026-10-07T09:05:23.4604242Z [  37% ] [90m[1mupdate_scripts_classes[22m | [39m[0m
2026-10-07T09:05:23.4604447Z [  37% ] [90m[1mupdate_scripts_classes[22m | [39m[0m
2026-10-07T09:05:23.4604648Z [  37% ] [90m[1mupdate_scripts_classes[22m | [39m[0m
2026-10-07T09:05:23.4604849Z [  37% ] [90m[1mupdate_scripts_classes[22m | [39m[0m
2026-10-07T09:05:23.4605043Z [  37% ] [90m[1mupdate_scripts_classes[22m | [39m[0m
2026-10-07T09:05:23.4605245Z [  37% ] [90m[1mupdate_scripts_classes[22m | [39m[0m
2026-10-07T09:05:23.4605445Z [  37% ] [90m[1mupdate_scripts_classes[22m | [39m[0m
2026-10-07T09:05:23.4605644Z [  37% ] [90m[1mupdate_scripts_classes[22m | [39m[0m
2026-10-07T09:05:23.4605945Z [  37% ] [90m[1mupdate_scripts_classes[22m | [39m[0m
2026-10-07T09:05:23.4606135Z [  37% ] [90m[1mupdate_scripts_classes[22m | [39m[0m
2026-10-07T09:05:23.4606333Z [  37% ] [90m[1mupdate_scripts_classes[22m | [39m[0m
2026-10-07T09:05:23.4606528Z [  37% ] [90m[1mupdate_scripts_classes[22m | [39m[0m
2026-10-07T09:05:23.4606728Z [  37% ] [90m[1mupdate_scripts_classes[22m | [39m[0m
2026-10-07T09:05:23.4606929Z [  37% ] [90m[1mupdate_scripts_classes[22m | [39m[0m
2026-10-07T09:05:23.4607127Z [  37% ] [90m[1mupdate_scripts_classes[22m | [39m[0m
2026-10-07T09:05:23.4607327Z [  37% ] [90m[1mupdate_scripts_classes[22m | [39m[0m
2026-10-07T09:05:23.4607527Z [  37% ] [90m[1mupdate_scripts_classes[22m | [39m[0m
2026-10-07T09:05:23.4607729Z [  37% ] [90m[1mupdate_scripts_classes[22m | [39m[0m
2026-10-07T09:05:23.4607924Z [  38% ] [90m[1mupdate_scripts_classes[22m | [39m[0m
2026-10-07T09:05:23.4608128Z [  38% ] [90m[1mupdate_scripts_classes[22m | [39m[0m
2026-10-07T09:05:23.4608460Z [  38% ] [90m[1mupdate_scripts_classes[22m | [39m[0m
2026-10-07T09:05:23.4608655Z [  38% ] [90m[1mupdate_scripts_classes[22m | [39m[0m
2026-10-07T09:05:23.4608856Z [  38% ] [90m[1mupdate_scripts_classes[22m | [39m[0m
2026-10-07T09:05:23.4609057Z [  38% ] [90m[1mupdate_scripts_classes[22m | [39m[0m
2026-10-07T09:05:23.4609260Z [  38% ] [90m[1mupdate_scripts_classes[22m | [39m[0m
2026-10-07T09:05:23.4609455Z [  38% ] [90m[1mupdate_scripts_classes[22m | [39m[0m
2026-10-07T09:05:23.4609655Z [  38% ] [90m[1mupdate_scripts_classes[22m | [39m[0m
2026-10-07T09:05:23.4609854Z [  38% ] [90m[1mupdate_scripts_classes[22m | [39m[0m
2026-10-07T09:05:23.4610051Z [  38% ] [90m[1mupdate_scripts_classes[22m | [39m[0m
2026-10-07T09:05:23.4610251Z [  38% ] [90m[1mupdate_scripts_classes[22m | [39m[0m
2026-10-07T09:05:23.4610450Z [  38% ] [90m[1mupdate_scripts_classes[22m | [39m[0m
2026-10-07T09:05:23.4610772Z [  38% ] [90m[1mupdate_scripts_classes[22m | [39m[0m
2026-10-07T09:05:23.4610970Z [  38% ] [90m[1mupdate_scripts_classes[22m | [39m[0m
2026-10-07T09:05:23.4611171Z [  38% ] [90m[1mupdate_scripts_classes[22m | [39m[0m
2026-10-07T09:05:23.4611371Z [  38% ] [90m[1mupdate_scripts_classes[22m | [39m[0m
2026-10-07T09:05:23.4611565Z [  38% ] [90m[1mupdate_scripts_classes[22m | [39m[0m
2026-10-07T09:05:23.4611764Z [  38% ] [90m[1mupdate_scripts_classes[22m | [39m[0m
2026-10-07T09:05:23.4611964Z [  38% ] [90m[1mupdate_scripts_classes[22m | [39m[0m
2026-10-07T09:05:23.4612161Z [  38% ] [90m[1mupdate_scripts_classes[22m | [39m[0m
2026-10-07T09:05:23.4612354Z [  38% ] [90m[1mupdate_scripts_classes[22m | [39m[0m
2026-10-07T09:05:23.4612554Z [  38% ] [90m[1mupdate_scripts_classes[22m | [39m[0m
2026-10-07T09:05:23.4612750Z [  38% ] [90m[1mupdate_scripts_classes[22m | [39m[0m
2026-10-07T09:05:23.4612945Z [  38% ] [90m[1mupdate_scripts_classes[22m | [39m[0m
2026-10-07T09:05:23.4613151Z [  38% ] [90m[1mupdate_scripts_classes[22m | [39m[0m
2026-10-07T09:05:23.4613355Z [  38% ] [90m[1mupdate_scripts_classes[22m | [39m[0m
2026-10-07T09:05:23.4613557Z [  38% ] [90m[1mupdate_scripts_classes[22m | [39m[0m
2026-10-07T09:05:23.4613749Z [  38% ] [90m[1mupdate_scripts_classes[22m | [39m[0m
2026-10-07T09:05:23.4613948Z [  38% ] [90m[1mupdate_scripts_classes[22m | [39m[0m
2026-10-07T09:05:23.4614149Z [  38% ] [90m[1mupdate_scripts_classes[22m | [39m[0m
2026-10-07T09:05:23.4614344Z [  39% ] [90m[1mupdate_scripts_classes[22m | [39m[0m
2026-10-07T09:05:23.4614543Z [  39% ] [90m[1mupdate_scripts_classes[22m | [39m[0m
2026-10-07T09:05:23.4614742Z [  39% ] [90m[1mupdate_scripts_classes[22m | [39m[0m
2026-10-07T09:05:23.4614940Z [  39% ] [90m[1mupdate_scripts_classes[22m | [39m[0m
2026-10-07T09:05:23.4615135Z [  39% ] [90m[1mupdate_scripts_classes[22m | [39m[0m
2026-10-07T09:05:23.4615340Z [  39% ] [90m[1mupdate_scripts_classes[22m | [39m[0m
2026-10-07T09:05:23.4615540Z [  39% ] [90m[1mupdate_scripts_classes[22m | [39m[0m
2026-10-07T09:05:23.4615739Z [  39% ] [90m[1mupdate_scripts_classes[22m | [39m[0m
2026-10-07T09:05:23.4616041Z [  39% ] [90m[1mupdate_scripts_classes[22m | [39m[0m
2026-10-07T09:05:23.4616242Z [  39% ] [90m[1mupdate_scripts_classes[22m | [39m[0m
2026-10-07T09:05:23.4616441Z [  39% ] [90m[1mupdate_scripts_classes[22m | [39m[0m
2026-10-07T09:05:23.4616639Z [  39% ] [90m[1mupdate_scripts_classes[22m | [39m[0m
2026-10-07T09:05:23.4616839Z [  39% ] [90m[1mupdate_scripts_classes[22m | [39m[0m
2026-10-07T09:05:23.4617038Z [  39% ] [90m[1mupdate_scripts_classes[22m | [39m[0m
2026-10-07T09:05:23.4617232Z [  39% ] [90m[1mupdate_scripts_classes[22m | [39m[0m
2026-10-07T09:05:23.4617431Z [  39% ] [90m[1mupdate_scripts_classes[22m | [39m[0m
2026-10-07T09:05:23.4617630Z [  39% ] [90m[1mupdate_scripts_classes[22m | [39m[0m
2026-10-07T09:05:23.4617835Z [  39% ] [90m[1mupdate_scripts_classes[22m | [39m[0m
2026-10-07T09:05:23.4618205Z [  39% ] [90m[1mupdate_scripts_classes[22m | [39m[0m
2026-10-07T09:05:23.4618410Z [  39% ] [90m[1mupdate_scripts_classes[22m | [39m[0m
2026-10-07T09:05:23.4618610Z [  39% ] [90m[1mupdate_scripts_classes[22m | [39m[0m
2026-10-07T09:05:23.4618803Z [  39% ] [90m[1mupdate_scripts_classes[22m | [39m[0m
2026-10-07T09:05:23.4619003Z [  39% ] [90m[1mupdate_scripts_classes[22m | [39m[0m
2026-10-07T09:05:23.4619202Z [  39% ] [90m[1mupdate_scripts_classes[22m | [39m[0m
2026-10-07T09:05:23.4619402Z [  39% ] [90m[1mupdate_scripts_classes[22m | [39m[0m
2026-10-07T09:05:23.4619595Z [  39% ] [90m[1mupdate_scripts_classes[22m | [39m[0m
2026-10-07T09:05:23.4619794Z [  39% ] [90m[1mupdate_scripts_classes[22m | [39m[0m
2026-10-07T09:05:23.4619994Z [  39% ] [90m[1mupdate_scripts_classes[22m | [39m[0m
2026-10-07T09:05:23.4620190Z [  39% ] [90m[1mupdate_scripts_classes[22m | [39m[0m
2026-10-07T09:05:23.4620508Z [  39% ] [90m[1mupdate_scripts_classes[22m | [39m[0m
2026-10-07T09:05:23.4620712Z [  39% ] [90m[1mupdate_scripts_classes[22m | [39m[0m
2026-10-07T09:05:23.4620911Z [  40% ] [90m[1mupdate_scripts_classes[22m | [39m[0m
2026-10-07T09:05:23.4621106Z [  40% ] [90m[1mupdate_scripts_classes[22m | [39m[0m
2026-10-07T09:05:23.4621302Z [  40% ] [90m[1mupdate_scripts_classes[22m | [39m[0m
2026-10-07T09:05:23.4621502Z [  40% ] [90m[1mupdate_scripts_classes[22m | [39m[0m
2026-10-07T09:05:23.4621696Z [  40% ] [90m[1mupdate_scripts_classes[22m | [39m[0m
2026-10-07T09:05:23.4621897Z [  40% ] [90m[1mupdate_scripts_classes[22m | [39m[0m
2026-10-07T09:05:23.4622098Z [  40% ] [90m[1mupdate_scripts_classes[22m | [39m[0m
2026-10-07T09:05:23.4622299Z [  40% ] [90m[1mupdate_scripts_classes[22m | [39m[0m
2026-10-07T09:05:23.4622494Z [  40% ] [90m[1mupdate_scripts_classes[22m | [39m[0m
2026-10-07T09:05:23.4622693Z [  40% ] [90m[1mupdate_scripts_classes[22m | [39m[0m
2026-10-07T09:05:23.4622898Z [  40% ] [90m[1mupdate_scripts_classes[22m | [39m[0m
2026-10-07T09:05:23.4623096Z [  40% ] [90m[1mupdate_scripts_classes[22m | [39m[0m
2026-10-07T09:05:23.4623298Z [  40% ] [90m[1mupdate_scripts_classes[22m | [39m[0m
2026-10-07T09:05:23.4623498Z [  40% ] [90m[1mupdate_scripts_classes[22m | [39m[0m
2026-10-07T09:05:23.4623697Z [  40% ] [90m[1mupdate_scripts_classes[22m | [39m[0m
2026-10-07T09:05:23.4623889Z [  40% ] [90m[1mupdate_scripts_classes[22m | [39m[0m
2026-10-07T09:05:23.4624089Z [  40% ] [90m[1mupdate_scripts_classes[22m | [39m[0m
2026-10-07T09:05:23.4624288Z [  40% ] [90m[1mupdate_scripts_classes[22m | [39m[0m
2026-10-07T09:05:23.4624484Z [  40% ] [90m[1mupdate_scripts_classes[22m | [39m[0m
2026-10-07T09:05:23.4624682Z [  40% ] [90m[1mupdate_scripts_classes[22m | [39m[0m
2026-10-07T09:05:23.4624881Z [  40% ] [90m[1mupdate_scripts_classes[22m | [39m[0m
2026-10-07T09:05:23.4625081Z [  40% ] [90m[1mupdate_scripts_classes[22m | [39m[0m
2026-10-07T09:05:23.4625281Z [  40% ] [90m[1mupdate_scripts_classes[22m | [39m[0m
2026-10-07T09:05:23.4625484Z [  40% ] [90m[1mupdate_scripts_classes[22m | [39m[0m
2026-10-07T09:05:23.4625681Z [  40% ] [90m[1mupdate_scripts_classes[22m | [39m[0m
2026-10-07T09:05:23.4625977Z [  40% ] [90m[1mupdate_scripts_classes[22m | [39m[0m
2026-10-07T09:05:23.4626180Z [  40% ] [90m[1mupdate_scripts_classes[22m | [39m[0m
2026-10-07T09:05:23.4626383Z [  40% ] [90m[1mupdate_scripts_classes[22m | [39m[0m
2026-10-07T09:05:23.4626583Z [  40% ] [90m[1mupdate_scripts_classes[22m | [39m[0m
2026-10-07T09:05:23.4626779Z [  40% ] [90m[1mupdate_scripts_classes[22m | [39m[0m
2026-10-07T09:05:23.4626980Z [  40% ] [90m[1mupdate_scripts_classes[22m | [39m[0m
2026-10-07T09:05:23.4627181Z [  41% ] [90m[1mupdate_scripts_classes[22m | [39m[0m
2026-10-07T09:05:23.4627376Z [  41% ] [90m[1mupdate_scripts_classes[22m | [39m[0m
2026-10-07T09:05:23.4627583Z [  41% ] [90m[1mupdate_scripts_classes[22m | [39m[0m
2026-10-07T09:05:23.4627918Z [  41% ] [90m[1mupdate_scripts_classes[22m | [39m[0m
2026-10-07T09:05:23.4628119Z [  41% ] [90m[1mupdate_scripts_classes[22m | [39m[0m
2026-10-07T09:05:23.4628314Z [  41% ] [90m[1mupdate_scripts_classes[22m | [39m[0m
2026-10-07T09:05:23.4628514Z [  41% ] [90m[1mupdate_scripts_classes[22m | [39m[0m
2026-10-07T09:05:23.4628713Z [  41% ] [90m[1mupdate_scripts_classes[22m | [39m[0m
2026-10-07T09:05:23.4628907Z [  41% ] [90m[1mupdate_scripts_classes[22m | [39m[0m
2026-10-07T09:05:23.4629107Z [  41% ] [90m[1mupdate_scripts_classes[22m | [39m[0m
2026-10-07T09:05:23.4629304Z [  41% ] [90m[1mupdate_scripts_classes[22m | [39m[0m
2026-10-07T09:05:23.4629504Z [  41% ] [90m[1mupdate_scripts_classes[22m | [39m[0m
2026-10-07T09:05:23.4629700Z [  41% ] [90m[1mupdate_scripts_classes[22m | [39m[0m
2026-10-07T09:05:23.4629901Z [  41% ] [90m[1mupdate_scripts_classes[22m | [39m[0m
2026-10-07T09:05:23.4630226Z [  41% ] [90m[1mupdate_scripts_classes[22m | [39m[0m
2026-10-07T09:05:23.4630424Z [  41% ] [90m[1mupdate_scripts_classes[22m | [39m[0m
2026-10-07T09:05:23.4630626Z [  41% ] [90m[1mupdate_scripts_classes[22m | [39m[0m
2026-10-07T09:05:23.4630828Z [  41% ] [90m[1mupdate_scripts_classes[22m | [39m[0m
2026-10-07T09:05:23.4631027Z [  41% ] [90m[1mupdate_scripts_classes[22m | [39m[0m
2026-10-07T09:05:23.4631221Z [  41% ] [90m[1mupdate_scripts_classes[22m | [39m[0m
2026-10-07T09:05:23.4631430Z [  41% ] [90m[1mupdate_scripts_classes[22m | [39m[0m
2026-10-07T09:05:23.4631633Z [  41% ] [90m[1mupdate_scripts_classes[22m | [39m[0m
2026-10-07T09:05:23.4631828Z [  41% ] [90m[1mupdate_scripts_classes[22m | [39m[0m
2026-10-07T09:05:23.4632029Z [  41% ] [90m[1mupdate_scripts_classes[22m | [39m[0m
2026-10-07T09:05:23.4632225Z [  41% ] [90m[1mupdate_scripts_classes[22m | [39m[0m
2026-10-07T09:05:23.4632426Z [  41% ] [90m[1mupdate_scripts_classes[22m | [39m[0m
2026-10-07T09:05:23.4632624Z [  41% ] [90m[1mupdate_scripts_classes[22m | [39m[0m
2026-10-07T09:05:23.4632828Z [  41% ] [90m[1mupdate_scripts_classes[22m | [39m[0m
2026-10-07T09:05:23.4633026Z [  41% ] [90m[1mupdate_scripts_classes[22m | [39m[0m
2026-10-07T09:05:23.4633219Z [  41% ] [90m[1mupdate_scripts_classes[22m | [39m[0m
2026-10-07T09:05:23.4633418Z [  41% ] [90m[1mupdate_scripts_classes[22m | [39m[0m
2026-10-07T09:05:23.4633617Z [  42% ] [90m[1mupdate_scripts_classes[22m | [39m[0m
2026-10-07T09:05:23.4633816Z [  42% ] [90m[1mupdate_scripts_classes[22m | [39m[0m
2026-10-07T09:05:23.4634012Z [  42% ] [90m[1mupdate_scripts_classes[22m | [39m[0m
2026-10-07T09:05:23.4634212Z [  42% ] [90m[1mupdate_scripts_classes[22m | [39m[0m
2026-10-07T09:05:23.4634415Z [  42% ] [90m[1mupdate_scripts_classes[22m | [39m[0m
2026-10-07T09:05:23.4634613Z [  42% ] [90m[1mupdate_scripts_classes[22m | [39m[0m
2026-10-07T09:05:23.4634813Z [  42% ] [90m[1mupdate_scripts_classes[22m | [39m[0m
2026-10-07T09:05:23.4635016Z [  42% ] [90m[1mupdate_scripts_classes[22m | [39m[0m
2026-10-07T09:05:23.4635220Z [  42% ] [90m[1mupdate_scripts_classes[22m | [39m[0m
2026-10-07T09:05:23.4635413Z [  42% ] [90m[1mupdate_scripts_classes[22m | [39m[0m
2026-10-07T09:05:23.4635614Z [  42% ] [90m[1mupdate_scripts_classes[22m | [39m[0m
2026-10-07T09:05:23.4635813Z [  42% ] [90m[1mupdate_scripts_classes[22m | [39m[0m
2026-10-07T09:05:23.4636114Z [  42% ] [90m[1mupdate_scripts_classes[22m | [39m[0m
2026-10-07T09:05:23.4636364Z [  42% ] [90m[1mupdate_scripts_classes[22m | TestCase[39m[0m
2026-10-07T09:05:23.4636567Z [  42% ] [90m[1mupdate_scripts_classes[22m | [39m[0m
2026-10-07T09:05:23.4636766Z [  42% ] [90m[1mupdate_scripts_classes[22m | [39m[0m
2026-10-07T09:05:23.4636963Z [  42% ] [90m[1mupdate_scripts_classes[22m | [39m[0m
2026-10-07T09:05:23.4637163Z [  42% ] [90m[1mupdate_scripts_classes[22m | [39m[0m
2026-10-07T09:05:23.4637368Z [  42% ] [90m[1mupdate_scripts_classes[22m | [39m[0m
2026-10-07T09:05:23.4637721Z [  42% ] [90m[1mupdate_scripts_classes[22m | [39m[0m
2026-10-07T09:05:23.4637922Z [  42% ] [90m[1mupdate_scripts_classes[22m | [39m[0m
2026-10-07T09:05:23.4638123Z [  42% ] [90m[1mupdate_scripts_classes[22m | [39m[0m
2026-10-07T09:05:23.4638325Z [  42% ] [90m[1mupdate_scripts_classes[22m | [39m[0m
2026-10-07T09:05:23.4638520Z [  42% ] [90m[1mupdate_scripts_classes[22m | [39m[0m
2026-10-07T09:05:23.4638719Z [  42% ] [90m[1mupdate_scripts_classes[22m | [39m[0m
2026-10-07T09:05:23.4638923Z [  42% ] [90m[1mupdate_scripts_classes[22m | [39m[0m
2026-10-07T09:05:23.4639117Z [  42% ] [90m[1mupdate_scripts_classes[22m | [39m[0m
2026-10-07T09:05:23.4639317Z [  42% ] [90m[1mupdate_scripts_classes[22m | [39m[0m
2026-10-07T09:05:23.4639518Z [  42% ] [90m[1mupdate_scripts_classes[22m | [39m[0m
2026-10-07T09:05:23.4639719Z [  42% ] [90m[1mupdate_scripts_classes[22m | [39m[0m
2026-10-07T09:05:23.4640029Z [  42% ] [90m[1mupdate_scripts_classes[22m | [39m[0m
2026-10-07T09:05:23.4640235Z [  43% ] [90m[1mupdate_scripts_classes[22m | [39m[0m
2026-10-07T09:05:23.4640435Z [  43% ] [90m[1mupdate_scripts_classes[22m | [39m[0m
2026-10-07T09:05:23.4640629Z [  43% ] [90m[1mupdate_scripts_classes[22m | [39m[0m
2026-10-07T09:05:23.4640831Z [  43% ] [90m[1mupdate_scripts_classes[22m | [39m[0m
2026-10-07T09:05:23.4641032Z [  43% ] [90m[1mupdate_scripts_classes[22m | [39m[0m
2026-10-07T09:05:23.4641232Z [  43% ] [90m[1mupdate_scripts_classes[22m | [39m[0m
2026-10-07T09:05:23.4641430Z [  43% ] [90m[1mupdate_scripts_classes[22m | [39m[0m
2026-10-07T09:05:23.4641631Z [  43% ] [90m[1mupdate_scripts_classes[22m | [39m[0m
2026-10-07T09:05:23.4641833Z [  43% ] [90m[1mupdate_scripts_classes[22m | [39m[0m
2026-10-07T09:05:23.4642026Z [  43% ] [90m[1mupdate_scripts_classes[22m | [39m[0m
2026-10-07T09:05:23.4642226Z [  43% ] [90m[1mupdate_scripts_classes[22m | [39m[0m
2026-10-07T09:05:23.4642433Z [  43% ] [90m[1mupdate_scripts_classes[22m | [39m[0m
2026-10-07T09:05:23.4642639Z [  43% ] [90m[1mupdate_scripts_classes[22m | [39m[0m
2026-10-07T09:05:23.4642836Z [  43% ] [90m[1mupdate_scripts_classes[22m | [39m[0m
2026-10-07T09:05:23.4643036Z [  43% ] [90m[1mupdate_scripts_classes[22m | [39m[0m
2026-10-07T09:05:23.4643234Z [  43% ] [90m[1mupdate_scripts_classes[22m | [39m[0m
2026-10-07T09:05:23.4643428Z [  43% ] [90m[1mupdate_scripts_classes[22m | [39m[0m
2026-10-07T09:05:23.4643628Z [  43% ] [90m[1mupdate_scripts_classes[22m | [39m[0m
2026-10-07T09:05:23.4643834Z [  43% ] [90m[1mupdate_scripts_classes[22m | [39m[0m
2026-10-07T09:05:23.4644033Z [  43% ] [90m[1mupdate_scripts_classes[22m | [39m[0m
2026-10-07T09:05:23.4644228Z [  43% ] [90m[1mupdate_scripts_classes[22m | [39m[0m
2026-10-07T09:05:23.4644426Z [  43% ] [90m[1mupdate_scripts_classes[22m | [39m[0m
2026-10-07T09:05:23.4644637Z [  43% ] [90m[1mupdate_scripts_classes[22m | [39m[0m
2026-10-07T09:05:23.4644842Z [  43% ] [90m[1mupdate_scripts_classes[22m | [39m[0m
2026-10-07T09:05:23.4645045Z [  43% ] [90m[1mupdate_scripts_classes[22m | [39m[0m
2026-10-07T09:05:23.4645246Z [  43% ] [90m[1mupdate_scripts_classes[22m | [39m[0m
2026-10-07T09:05:23.4645447Z [  43% ] [90m[1mupdate_scripts_classes[22m | [39m[0m
2026-10-07T09:05:23.4645640Z [  43% ] [90m[1mupdate_scripts_classes[22m | [39m[0m
2026-10-07T09:05:23.4645943Z [  43% ] [90m[1mupdate_scripts_classes[22m | [39m[0m
2026-10-07T09:05:23.4646145Z [  43% ] [90m[1mupdate_scripts_classes[22m | [39m[0m
2026-10-07T09:05:23.4646338Z [  43% ] [90m[1mupdate_scripts_classes[22m | [39m[0m
2026-10-07T09:05:23.4646540Z [  44% ] [90m[1mupdate_scripts_classes[22m | [39m[0m
2026-10-07T09:05:23.4646741Z [  44% ] [90m[1mupdate_scripts_classes[22m | [39m[0m
2026-10-07T09:05:23.4646940Z [  44% ] [90m[1mupdate_scripts_classes[22m | [39m[0m
2026-10-07T09:05:23.4647136Z [  44% ] [90m[1mupdate_scripts_classes[22m | [39m[0m
2026-10-07T09:05:23.4647492Z [  44% ] [90m[1mupdate_scripts_classes[22m | [39m[0m
2026-10-07T09:05:23.4647691Z [  44% ] [90m[1mupdate_scripts_classes[22m | [39m[0m
2026-10-07T09:05:23.4647886Z [  44% ] [90m[1mupdate_scripts_classes[22m | [39m[0m
2026-10-07T09:05:23.4648086Z [  44% ] [90m[1mupdate_scripts_classes[22m | [39m[0m
2026-10-07T09:05:23.4648285Z [  44% ] [90m[1mupdate_scripts_classes[22m | [39m[0m
2026-10-07T09:05:23.4648484Z [  44% ] [90m[1mupdate_scripts_classes[22m | [39m[0m
2026-10-07T09:05:23.4648678Z [  44% ] [90m[1mupdate_scripts_classes[22m | [39m[0m
2026-10-07T09:05:23.4648876Z [  44% ] [90m[1mupdate_scripts_classes[22m | [39m[0m
2026-10-07T09:05:23.4649073Z [  44% ] [90m[1mupdate_scripts_classes[22m | [39m[0m
2026-10-07T09:05:23.4649269Z [  44% ] [90m[1mupdate_scripts_classes[22m | [39m[0m
2026-10-07T09:05:23.4649469Z [  44% ] [90m[1mupdate_scripts_classes[22m | [39m[0m
2026-10-07T09:05:23.4649785Z [  44% ] [90m[1mupdate_scripts_classes[22m | [39m[0m
2026-10-07T09:05:23.4649990Z [  44% ] [90m[1mupdate_scripts_classes[22m | [39m[0m
2026-10-07T09:05:23.4650186Z [  44% ] [90m[1mupdate_scripts_classes[22m | [39m[0m
2026-10-07T09:05:23.4650389Z [  44% ] [90m[1mupdate_scripts_classes[22m | [39m[0m
2026-10-07T09:05:23.4650586Z [  44% ] [90m[1mupdate_scripts_classes[22m | [39m[0m
2026-10-07T09:05:23.4650782Z [  44% ] [90m[1mupdate_scripts_classes[22m | [39m[0m
2026-10-07T09:05:23.4650982Z [  44% ] [90m[1mupdate_scripts_classes[22m | [39m[0m
2026-10-07T09:05:23.4651183Z [  44% ] [90m[1mupdate_scripts_classes[22m | [39m[0m
2026-10-07T09:05:23.4651381Z [  44% ] [90m[1mupdate_scripts_classes[22m | [39m[0m
2026-10-07T09:05:23.4651576Z [  44% ] [90m[1mupdate_scripts_classes[22m | [39m[0m
2026-10-07T09:05:23.4651780Z [  44% ] [90m[1mupdate_scripts_classes[22m | [39m[0m
2026-10-07T09:05:23.4652028Z [  44% ] [90m[1mupdate_scripts_classes[22m | [39m[0m
2026-10-07T09:05:23.4652228Z [  44% ] [90m[1mupdate_scripts_classes[22m | [39m[0m
2026-10-07T09:05:23.4652430Z [  44% ] [90m[1mupdate_scripts_classes[22m | [39m[0m
2026-10-07T09:05:23.4652631Z [  44% ] [90m[1mupdate_scripts_classes[22m | [39m[0m
2026-10-07T09:05:23.4652832Z [  44% ] [90m[1mupdate_scripts_classes[22m | [39m[0m
2026-10-07T09:05:23.4653031Z [  45% ] [90m[1mupdate_scripts_classes[22m | [39m[0m
2026-10-07T09:05:23.4653230Z [  45% ] [90m[1mupdate_scripts_classes[22m | [39m[0m
2026-10-07T09:05:23.4653430Z [  45% ] [90m[1mupdate_scripts_classes[22m | [39m[0m
2026-10-07T09:05:23.4653624Z [  45% ] [90m[1mupdate_scripts_classes[22m | [39m[0m
2026-10-07T09:05:23.4653824Z [  45% ] [90m[1mupdate_scripts_classes[22m | [39m[0m
2026-10-07T09:05:23.4654023Z [  45% ] [90m[1mupdate_scripts_classes[22m | [39m[0m
2026-10-07T09:05:23.4654221Z [  45% ] [90m[1mupdate_scripts_classes[22m | [39m[0m
2026-10-07T09:05:23.4654416Z [  45% ] [90m[1mupdate_scripts_classes[22m | [39m[0m
2026-10-07T09:05:23.4654619Z [  45% ] [90m[1mupdate_scripts_classes[22m | [39m[0m
2026-10-07T09:05:23.4654825Z [  45% ] [90m[1mupdate_scripts_classes[22m | [39m[0m
2026-10-07T09:05:23.4655018Z [  45% ] [90m[1mupdate_scripts_classes[22m | [39m[0m
2026-10-07T09:05:23.4655217Z [  45% ] [90m[1mupdate_scripts_classes[22m | [39m[0m
2026-10-07T09:05:23.4655419Z [  45% ] [90m[1mupdate_scripts_classes[22m | [39m[0m
2026-10-07T09:05:23.4655619Z [  45% ] [90m[1mupdate_scripts_classes[22m | [39m[0m
2026-10-07T09:05:23.4655811Z [  45% ] [90m[1mupdate_scripts_classes[22m | [39m[0m
2026-10-07T09:05:23.4656112Z [  45% ] [90m[1mupdate_scripts_classes[22m | [39m[0m
2026-10-07T09:05:23.4656313Z [  45% ] [90m[1mupdate_scripts_classes[22m | [39m[0m
2026-10-07T09:05:23.4656508Z [  45% ] [90m[1mupdate_scripts_classes[22m | [39m[0m
2026-10-07T09:05:23.4656709Z [  45% ] [90m[1mupdate_scripts_classes[22m | [39m[0m
2026-10-07T09:05:23.4656913Z [  45% ] [90m[1mupdate_scripts_classes[22m | [39m[0m
2026-10-07T09:05:23.4657111Z [  45% ] [90m[1mupdate_scripts_classes[22m | [39m[0m
2026-10-07T09:05:23.4657435Z [  45% ] [90m[1mupdate_scripts_classes[22m | [39m[0m
2026-10-07T09:05:23.4657637Z [  45% ] [90m[1mupdate_scripts_classes[22m | [39m[0m
2026-10-07T09:05:23.4657838Z [  45% ] [90m[1mupdate_scripts_classes[22m | [39m[0m
2026-10-07T09:05:23.4658030Z [  45% ] [90m[1mupdate_scripts_classes[22m | [39m[0m
2026-10-07T09:05:23.4658228Z [  45% ] [90m[1mupdate_scripts_classes[22m | [39m[0m
2026-10-07T09:05:23.4658428Z [  45% ] [90m[1mupdate_scripts_classes[22m | [39m[0m
2026-10-07T09:05:23.4658629Z [  45% ] [90m[1mupdate_scripts_classes[22m | [39m[0m
2026-10-07T09:05:23.4658824Z [  45% ] [90m[1mupdate_scripts_classes[22m | [39m[0m
2026-10-07T09:05:23.4659022Z [  45% ] [90m[1mupdate_scripts_classes[22m | [39m[0m
2026-10-07T09:05:23.4659224Z [  45% ] [90m[1mupdate_scripts_classes[22m | [39m[0m
2026-10-07T09:05:23.4659539Z [  46% ] [90m[1mupdate_scripts_classes[22m | [39m[0m
2026-10-07T09:05:23.4659743Z [  46% ] [90m[1mupdate_scripts_classes[22m | [39m[0m
2026-10-07T09:05:23.4659941Z [  46% ] [90m[1mupdate_scripts_classes[22m | [39m[0m
2026-10-07T09:05:23.4660140Z [  46% ] [90m[1mupdate_scripts_classes[22m | [39m[0m
2026-10-07T09:05:23.4660335Z [  46% ] [90m[1mupdate_scripts_classes[22m | [39m[0m
2026-10-07T09:05:23.4660533Z [  46% ] [90m[1mupdate_scripts_classes[22m | [39m[0m
2026-10-07T09:05:23.4660732Z [  46% ] [90m[1mupdate_scripts_classes[22m | [39m[0m
2026-10-07T09:05:23.4660925Z [  46% ] [90m[1mupdate_scripts_classes[22m | [39m[0m
2026-10-07T09:05:23.4661126Z [  46% ] [90m[1mupdate_scripts_classes[22m | [39m[0m
2026-10-07T09:05:23.4661327Z [  46% ] [90m[1mupdate_scripts_classes[22m | [39m[0m
2026-10-07T09:05:23.4661529Z [  46% ] [90m[1mupdate_scripts_classes[22m | [39m[0m
2026-10-07T09:05:23.4661722Z [  46% ] [90m[1mupdate_scripts_classes[22m | [39m[0m
2026-10-07T09:05:23.4661925Z [  46% ] [90m[1mupdate_scripts_classes[22m | [39m[0m
2026-10-07T09:05:23.4662128Z [  46% ] [90m[1mupdate_scripts_classes[22m | [39m[0m
2026-10-07T09:05:23.4662323Z [  46% ] [90m[1mupdate_scripts_classes[22m | [39m[0m
2026-10-07T09:05:23.4662530Z [  46% ] [90m[1mupdate_scripts_classes[22m | [39m[0m
2026-10-07T09:05:23.4662730Z [  46% ] [90m[1mupdate_scripts_classes[22m | [39m[0m
2026-10-07T09:05:23.4662929Z [  46% ] [90m[1mupdate_scripts_classes[22m | [39m[0m
2026-10-07T09:05:23.4663123Z [  46% ] [90m[1mupdate_scripts_classes[22m | [39m[0m
2026-10-07T09:05:23.4663324Z [  46% ] [90m[1mupdate_scripts_classes[22m | [39m[0m
2026-10-07T09:05:23.4663521Z [  46% ] [90m[1mupdate_scripts_classes[22m | [39m[0m
2026-10-07T09:05:23.4663716Z [  46% ] [90m[1mupdate_scripts_classes[22m | [39m[0m
2026-10-07T09:05:23.4663912Z [  46% ] [90m[1mupdate_scripts_classes[22m | [39m[0m
2026-10-07T09:05:23.4664112Z [  46% ] [90m[1mupdate_scripts_classes[22m | [39m[0m
2026-10-07T09:05:23.4664325Z [  46% ] [90m[1mupdate_scripts_classes[22m | [39m[0m
2026-10-07T09:05:23.4664525Z [  46% ] [90m[1mupdate_scripts_classes[22m | [39m[0m
2026-10-07T09:05:23.4664724Z [  46% ] [90m[1mupdate_scripts_classes[22m | [39m[0m
2026-10-07T09:05:23.4664924Z [  46% ] [90m[1mupdate_scripts_classes[22m | [39m[0m
2026-10-07T09:05:23.4665120Z [  46% ] [90m[1mupdate_scripts_classes[22m | [39m[0m
2026-10-07T09:05:23.4665322Z [  46% ] [90m[1mupdate_scripts_classes[22m | [39m[0m
2026-10-07T09:05:23.4665521Z [  46% ] [90m[1mupdate_scripts_classes[22m | [39m[0m
2026-10-07T09:05:23.4665725Z [  47% ] [90m[1mupdate_scripts_classes[22m | [39m[0m
2026-10-07T09:05:23.4666022Z [  47% ] [90m[1mupdate_scripts_classes[22m | [39m[0m
2026-10-07T09:05:23.4666223Z [  47% ] [90m[1mupdate_scripts_classes[22m | [39m[0m
2026-10-07T09:05:23.4666430Z [  47% ] [90m[1mupdate_scripts_classes[22m | [39m[0m
2026-10-07T09:05:23.4666625Z [  47% ] [90m[1mupdate_scripts_classes[22m | [39m[0m
2026-10-07T09:05:23.4666832Z [  47% ] [90m[1mupdate_scripts_classes[22m | [39m[0m
2026-10-07T09:05:23.4667169Z [  47% ] [90m[1mupdate_scripts_classes[22m | [39m[0m
2026-10-07T09:05:23.4667367Z [  47% ] [90m[1mupdate_scripts_classes[22m | [39m[0m
2026-10-07T09:05:23.4667561Z [  47% ] [90m[1mupdate_scripts_classes[22m | [39m[0m
2026-10-07T09:05:23.4667761Z [  47% ] [90m[1mupdate_scripts_classes[22m | [39m[0m
2026-10-07T09:05:23.4667960Z [  47% ] [90m[1mupdate_scripts_classes[22m | [39m[0m
2026-10-07T09:05:23.4668155Z [  47% ] [90m[1mupdate_scripts_classes[22m | [39m[0m
2026-10-07T09:05:23.4668358Z [  47% ] [90m[1mupdate_scripts_classes[22m | [39m[0m
2026-10-07T09:05:23.4668782Z [  47% ] [90m[1mupdate_scripts_classes[22m | [39m[0m
2026-10-07T09:05:23.4668989Z [  47% ] [90m[1mupdate_scripts_classes[22m | [39m[0m
2026-10-07T09:05:23.4669196Z [  47% ] [90m[1mupdate_scripts_classes[22m | [39m[0m
2026-10-07T09:05:23.4669516Z [  47% ] [90m[1mupdate_scripts_classes[22m | [39m[0m
2026-10-07T09:05:23.4669725Z [  47% ] [90m[1mupdate_scripts_classes[22m | [39m[0m
2026-10-07T09:05:23.4669922Z [  47% ] [90m[1mupdate_scripts_classes[22m | [39m[0m
2026-10-07T09:05:23.4670122Z [  47% ] [90m[1mupdate_scripts_classes[22m | [39m[0m
2026-10-07T09:05:23.4670323Z [  47% ] [90m[1mupdate_scripts_classes[22m | [39m[0m
2026-10-07T09:05:23.4670523Z [  47% ] [90m[1mupdate_scripts_classes[22m | [39m[0m
2026-10-07T09:05:23.4670717Z [  47% ] [90m[1mupdate_scripts_classes[22m | [39m[0m
2026-10-07T09:05:23.4670918Z [  47% ] [90m[1mupdate_scripts_classes[22m | [39m[0m
2026-10-07T09:05:23.4671135Z [  47% ] [90m[1mupdate_scripts_classes[22m | [39m[0m
2026-10-07T09:05:23.4671331Z [  47% ] [90m[1mupdate_scripts_classes[22m | [39m[0m
2026-10-07T09:05:23.4671531Z [  47% ] [90m[1mupdate_scripts_classes[22m | [39m[0m
2026-10-07T09:05:23.4671732Z [  47% ] [90m[1mupdate_scripts_classes[22m | [39m[0m
2026-10-07T09:05:23.4671938Z [  47% ] [90m[1mupdate_scripts_classes[22m | [39m[0m
2026-10-07T09:05:23.4672137Z [  47% ] [90m[1mupdate_scripts_classes[22m | [39m[0m
2026-10-07T09:05:23.4672337Z [  47% ] [90m[1mupdate_scripts_classes[22m | [39m[0m
2026-10-07T09:05:23.4672538Z [  48% ] [90m[1mupdate_scripts_classes[22m | [39m[0m
2026-10-07T09:05:23.4672735Z [  48% ] [90m[1mupdate_scripts_classes[22m | [39m[0m
2026-10-07T09:05:23.4672935Z [  48% ] [90m[1mupdate_scripts_classes[22m | [39m[0m
2026-10-07T09:05:23.4673136Z [  48% ] [90m[1mupdate_scripts_classes[22m | [39m[0m
2026-10-07T09:05:23.4673334Z [  48% ] [90m[1mupdate_scripts_classes[22m | [39m[0m
2026-10-07T09:05:23.4673528Z [  48% ] [90m[1mupdate_scripts_classes[22m | [39m[0m
2026-10-07T09:05:23.4673729Z [  48% ] [90m[1mupdate_scripts_classes[22m | [39m[0m
2026-10-07T09:05:23.4673928Z [  48% ] [90m[1mupdate_scripts_classes[22m | [39m[0m
2026-10-07T09:05:23.4674123Z [  48% ] [90m[1mupdate_scripts_classes[22m | [39m[0m
2026-10-07T09:05:23.4674326Z [  48% ] [90m[1mupdate_scripts_classes[22m | [39m[0m
2026-10-07T09:05:23.4674529Z [  48% ] [90m[1mupdate_scripts_classes[22m | [39m[0m
2026-10-07T09:05:23.4674727Z [  48% ] [90m[1mupdate_scripts_classes[22m | [39m[0m
2026-10-07T09:05:23.4674921Z [  48% ] [90m[1mupdate_scripts_classes[22m | [39m[0m
2026-10-07T09:05:23.4675121Z [  48% ] [90m[1mupdate_scripts_classes[22m | [39m[0m
2026-10-07T09:05:23.4675319Z [  48% ] [90m[1mupdate_scripts_classes[22m | [39m[0m
2026-10-07T09:05:23.4675514Z [  48% ] [90m[1mupdate_scripts_classes[22m | [39m[0m
2026-10-07T09:05:23.4675715Z [  48% ] [90m[1mupdate_scripts_classes[22m | [39m[0m
2026-10-07T09:05:23.4676013Z [  48% ] [90m[1mupdate_scripts_classes[22m | [39m[0m
2026-10-07T09:05:23.4676214Z [  48% ] [90m[1mupdate_scripts_classes[22m | [39m[0m
2026-10-07T09:05:23.4676410Z [  48% ] [90m[1mupdate_scripts_classes[22m | [39m[0m
2026-10-07T09:05:23.4676610Z [  48% ] [90m[1mupdate_scripts_classes[22m | [39m[0m
2026-10-07T09:05:23.4676815Z [  48% ] [90m[1mupdate_scripts_classes[22m | [39m[0m
2026-10-07T09:05:23.4677148Z [  48% ] [90m[1mupdate_scripts_classes[22m | [39m[0m
2026-10-07T09:05:23.4677351Z [  48% ] [90m[1mupdate_scripts_classes[22m | [39m[0m
2026-10-07T09:05:23.4677553Z [  48% ] [90m[1mupdate_scripts_classes[22m | [39m[0m
2026-10-07T09:05:23.4677753Z [  48% ] [90m[1mupdate_scripts_classes[22m | [39m[0m
2026-10-07T09:05:23.4677947Z [  48% ] [90m[1mupdate_scripts_classes[22m | [39m[0m
2026-10-07T09:05:23.4678147Z [  48% ] [90m[1mupdate_scripts_classes[22m | [39m[0m
2026-10-07T09:05:23.4678354Z [  48% ] [90m[1mupdate_scripts_classes[22m | [39m[0m
2026-10-07T09:05:23.4678551Z [  48% ] [90m[1mupdate_scripts_classes[22m | [39m[0m
2026-10-07T09:05:23.4678940Z [  48% ] [90m[1mupdate_scripts_classes[22m | [39m[0m
2026-10-07T09:05:23.4679141Z [  49% ] [90m[1mupdate_scripts_classes[22m | [39m[0m
2026-10-07T09:05:23.4679457Z [  49% ] [90m[1mupdate_scripts_classes[22m | [39m[0m
2026-10-07T09:05:23.4679672Z [  49% ] [90m[1mupdate_scripts_classes[22m | [39m[0m
2026-10-07T09:05:23.4679871Z [  49% ] [90m[1mupdate_scripts_classes[22m | [39m[0m
2026-10-07T09:05:23.4680072Z [  49% ] [90m[1mupdate_scripts_classes[22m | [39m[0m
2026-10-07T09:05:23.4680266Z [  49% ] [90m[1mupdate_scripts_classes[22m | [39m[0m
2026-10-07T09:05:23.4680466Z [  49% ] [90m[1mupdate_scripts_classes[22m | [39m[0m
2026-10-07T09:05:23.4680668Z [  49% ] [90m[1mupdate_scripts_classes[22m | [39m[0m
2026-10-07T09:05:23.4680867Z [  49% ] [90m[1mupdate_scripts_classes[22m | [39m[0m
2026-10-07T09:05:23.4681062Z [  49% ] [90m[1mupdate_scripts_classes[22m | [39m[0m
2026-10-07T09:05:23.4681263Z [  49% ] [90m[1mupdate_scripts_classes[22m | [39m[0m
2026-10-07T09:05:23.4681466Z [  49% ] [90m[1mupdate_scripts_classes[22m | [39m[0m
2026-10-07T09:05:23.4681660Z [  49% ] [90m[1mupdate_scripts_classes[22m | [39m[0m
2026-10-07T09:05:23.4681867Z [  49% ] [90m[1mupdate_scripts_classes[22m | [39m[0m
2026-10-07T09:05:23.4682073Z [  49% ] [90m[1mupdate_scripts_classes[22m | [39m[0m
2026-10-07T09:05:23.4682273Z [  49% ] [90m[1mupdate_scripts_classes[22m | [39m[0m
2026-10-07T09:05:23.4682470Z [  49% ] [90m[1mupdate_scripts_classes[22m | [39m[0m
2026-10-07T09:05:23.4682670Z [  49% ] [90m[1mupdate_scripts_classes[22m | [39m[0m
2026-10-07T09:05:23.4682870Z [  49% ] [90m[1mupdate_scripts_classes[22m | [39m[0m
2026-10-07T09:05:23.4683065Z [  49% ] [90m[1mupdate_scripts_classes[22m | [39m[0m
2026-10-07T09:05:23.4683266Z [  49% ] [90m[1mupdate_scripts_classes[22m | [39m[0m
2026-10-07T09:05:23.4683468Z [  49% ] [90m[1mupdate_scripts_classes[22m | [39m[0m
2026-10-07T09:05:23.4683670Z [  49% ] [90m[1mupdate_scripts_classes[22m | [39m[0m
2026-10-07T09:05:23.4683864Z [  49% ] [90m[1mupdate_scripts_classes[22m | [39m[0m
2026-10-07T09:05:23.4684062Z [  49% ] [90m[1mupdate_scripts_classes[22m | [39m[0m
2026-10-07T09:05:23.4684265Z [  49% ] [90m[1mupdate_scripts_classes[22m | [39m[0m
2026-10-07T09:05:23.4684464Z [  49% ] [90m[1mupdate_scripts_classes[22m | [39m[0m
2026-10-07T09:05:23.4684669Z [  49% ] [90m[1mupdate_scripts_classes[22m | [39m[0m
2026-10-07T09:05:23.4684872Z [  49% ] [90m[1mupdate_scripts_classes[22m | [39m[0m
2026-10-07T09:05:23.4685073Z [  49% ] [90m[1mupdate_scripts_classes[22m | [39m[0m
2026-10-07T09:05:23.4685270Z [  49% ] [90m[1mupdate_scripts_classes[22m | [39m[0m
2026-10-07T09:05:23.4685472Z [  50% ] [90m[1mupdate_scripts_classes[22m | [39m[0m
2026-10-07T09:05:23.4685675Z [  50% ] [90m[1mupdate_scripts_classes[22m | [39m[0m
2026-10-07T09:05:23.4685990Z [  50% ] [90m[1mupdate_scripts_classes[22m | [39m[0m
2026-10-07T09:05:23.4686196Z [  50% ] [90m[1mupdate_scripts_classes[22m | [39m[0m
2026-10-07T09:05:23.4686408Z [  50% ] [90m[1mupdate_scripts_classes[22m | [39m[0m
2026-10-07T09:05:23.4686615Z [  50% ] [90m[1mupdate_scripts_classes[22m | [39m[0m
2026-10-07T09:05:23.4686825Z [  50% ] [90m[1mupdate_scripts_classes[22m | [39m[0m
2026-10-07T09:05:23.4687177Z [  50% ] [90m[1mupdate_scripts_classes[22m | [39m[0m
2026-10-07T09:05:23.4687379Z [  50% ] [90m[1mupdate_scripts_classes[22m | [39m[0m
2026-10-07T09:05:23.4687575Z [  50% ] [90m[1mupdate_scripts_classes[22m | [39m[0m
2026-10-07T09:05:23.4687775Z [  50% ] [90m[1mupdate_scripts_classes[22m | [39m[0m
2026-10-07T09:05:23.4687976Z [  50% ] [90m[1mupdate_scripts_classes[22m | [39m[0m
2026-10-07T09:05:23.4688176Z [  50% ] [90m[1mupdate_scripts_classes[22m | [39m[0m
2026-10-07T09:05:23.4688372Z [  50% ] [90m[1mupdate_scripts_classes[22m | [39m[0m
2026-10-07T09:05:23.4688575Z [  50% ] [90m[1mupdate_scripts_classes[22m | [39m[0m
2026-10-07T09:05:23.4688777Z [  50% ] [90m[1mupdate_scripts_classes[22m | [39m[0m
2026-10-07T09:05:23.4688973Z [  50% ] [90m[1mupdate_scripts_classes[22m | [39m[0m
2026-10-07T09:05:23.4689308Z [  50% ] [90m[1mupdate_scripts_classes[22m | [39m[0m
2026-10-07T09:05:23.4689505Z [  50% ] [90m[1mupdate_scripts_classes[22m | [39m[0m
2026-10-07T09:05:23.4689711Z [  50% ] [90m[1mupdate_scripts_classes[22m | [39m[0m
2026-10-07T09:05:23.4689905Z [  50% ] [90m[1mupdate_scripts_classes[22m | [39m[0m
2026-10-07T09:05:23.4690105Z [  50% ] [90m[1mupdate_scripts_classes[22m | [39m[0m
2026-10-07T09:05:23.4690307Z [  50% ] [90m[1mupdate_scripts_classes[22m | [39m[0m
2026-10-07T09:05:23.4690500Z [  50% ] [90m[1mupdate_scripts_classes[22m | [39m[0m
2026-10-07T09:05:23.4690701Z [  50% ] [90m[1mupdate_scripts_classes[22m | [39m[0m
2026-10-07T09:05:23.4690904Z [  50% ] [90m[1mupdate_scripts_classes[22m | [39m[0m
2026-10-07T09:05:23.4691103Z [  50% ] [90m[1mupdate_scripts_classes[22m | [39m[0m
2026-10-07T09:05:23.4691296Z [  50% ] [90m[1mupdate_scripts_classes[22m | [39m[0m
2026-10-07T09:05:23.4691497Z [  50% ] [90m[1mupdate_scripts_classes[22m | [39m[0m
2026-10-07T09:05:23.4691700Z [  50% ] [90m[1mupdate_scripts_classes[22m | [39m[0m
2026-10-07T09:05:23.4691897Z [  50% ] [90m[1mupdate_scripts_classes[22m | [39m[0m
2026-10-07T09:05:23.4692099Z [  51% ] [90m[1mupdate_scripts_classes[22m | [39m[0m
2026-10-07T09:05:23.4692301Z [  51% ] [90m[1mupdate_scripts_classes[22m | [39m[0m
2026-10-07T09:05:23.4692503Z [  51% ] [90m[1mupdate_scripts_classes[22m | [39m[0m
2026-10-07T09:05:23.4692698Z [  51% ] [90m[1mupdate_scripts_classes[22m | [39m[0m
2026-10-07T09:05:23.4692898Z [  51% ] [90m[1mupdate_scripts_classes[22m | [39m[0m
2026-10-07T09:05:23.4693100Z [  51% ] [90m[1mupdate_scripts_classes[22m | [39m[0m
2026-10-07T09:05:23.4693294Z [  51% ] [90m[1mupdate_scripts_classes[22m | [39m[0m
2026-10-07T09:05:23.4693492Z [  51% ] [90m[1mupdate_scripts_classes[22m | [39m[0m
2026-10-07T09:05:23.4693692Z [  51% ] [90m[1mupdate_scripts_classes[22m | [39m[0m
2026-10-07T09:05:23.4693892Z [  51% ] [90m[1mupdate_scripts_classes[22m | [39m[0m
2026-10-07T09:05:23.4694090Z [  51% ] [90m[1mupdate_scripts_classes[22m | [39m[0m
2026-10-07T09:05:23.4694294Z [  51% ] [90m[1mupdate_scripts_classes[22m | [39m[0m
2026-10-07T09:05:23.4694493Z [  51% ] [90m[1mupdate_scripts_classes[22m | [39m[0m
2026-10-07T09:05:23.4694689Z [  51% ] [90m[1mupdate_scripts_classes[22m | [39m[0m
2026-10-07T09:05:23.4694892Z [  51% ] [90m[1mupdate_scripts_classes[22m | [39m[0m
2026-10-07T09:05:23.4695099Z [  51% ] [90m[1mupdate_scripts_classes[22m | [39m[0m
2026-10-07T09:05:23.4695301Z [  51% ] [90m[1mupdate_scripts_classes[22m | [39m[0m
2026-10-07T09:05:23.4695496Z [  51% ] [90m[1mupdate_scripts_classes[22m | [39m[0m
2026-10-07T09:05:23.4695696Z [  51% ] [90m[1mupdate_scripts_classes[22m | [39m[0m
2026-10-07T09:05:23.4696011Z [  51% ] [90m[1mupdate_scripts_classes[22m | [39m[0m
2026-10-07T09:05:23.4696207Z [  51% ] [90m[1mupdate_scripts_classes[22m | [39m[0m
2026-10-07T09:05:23.4696410Z [  51% ] [90m[1mupdate_scripts_classes[22m | [39m[0m
2026-10-07T09:05:23.4696617Z [  51% ] [90m[1mupdate_scripts_classes[22m | [39m[0m
2026-10-07T09:05:23.4697002Z [  51% ] [90m[1mupdate_scripts_classes[22m | [39m[0m
2026-10-07T09:05:23.4697199Z [  51% ] [90m[1mupdate_scripts_classes[22m | [39m[0m
2026-10-07T09:05:23.4697399Z [  51% ] [90m[1mupdate_scripts_classes[22m | [39m[0m
2026-10-07T09:05:23.4697599Z [  51% ] [90m[1mupdate_scripts_classes[22m | [39m[0m
2026-10-07T09:05:23.4697794Z [  51% ] [90m[1mupdate_scripts_classes[22m | [39m[0m
2026-10-07T09:05:23.4697994Z [  51% ] [90m[1mupdate_scripts_classes[22m | [39m[0m
2026-10-07T09:05:23.4698192Z [  51% ] [90m[1mupdate_scripts_classes[22m | [39m[0m
2026-10-07T09:05:23.4698391Z [  51% ] [90m[1mupdate_scripts_classes[22m | [39m[0m
2026-10-07T09:05:23.4698583Z [  52% ] [90m[1mupdate_scripts_classes[22m | [39m[0m
2026-10-07T09:05:23.4698782Z [  52% ] [90m[1mupdate_scripts_classes[22m | [39m[0m
2026-10-07T09:05:23.4698981Z [  52% ] [90m[1mupdate_scripts_classes[22m | [39m[0m
2026-10-07T09:05:23.4699300Z [  52% ] [90m[1mupdate_scripts_classes[22m | [39m[0m
2026-10-07T09:05:23.4699507Z [  52% ] [90m[1mupdate_scripts_classes[22m | [39m[0m
2026-10-07T09:05:23.4699707Z [  52% ] [90m[1mupdate_scripts_classes[22m | [39m[0m
2026-10-07T09:05:23.4699906Z [  52% ] [90m[1mupdate_scripts_classes[22m | [39m[0m
2026-10-07T09:05:23.4700102Z [  52% ] [90m[1mupdate_scripts_classes[22m | [39m[0m
2026-10-07T09:05:23.4700303Z [  52% ] [90m[1mupdate_scripts_classes[22m | [39m[0m
2026-10-07T09:05:23.4700503Z [  52% ] [90m[1mupdate_scripts_classes[22m | [39m[0m
2026-10-07T09:05:23.4700697Z [  52% ] [90m[1mupdate_scripts_classes[22m | [39m[0m
2026-10-07T09:05:23.4700899Z [  52% ] [90m[1mupdate_scripts_classes[22m | [39m[0m
2026-10-07T09:05:23.4701100Z [  52% ] [90m[1mupdate_scripts_classes[22m | [39m[0m
2026-10-07T09:05:23.4701299Z [  52% ] [90m[1mupdate_scripts_classes[22m | [39m[0m
2026-10-07T09:05:23.4701500Z [  52% ] [90m[1mupdate_scripts_classes[22m | [39m[0m
2026-10-07T09:05:23.4701705Z [  52% ] [90m[1mupdate_scripts_classes[22m | [39m[0m
2026-10-07T09:05:23.4701907Z [  52% ] [90m[1mupdate_scripts_classes[22m | [39m[0m
2026-10-07T09:05:23.4702101Z [  52% ] [90m[1mupdate_scripts_classes[22m | [39m[0m
2026-10-07T09:05:23.4702303Z [  52% ] [90m[1mupdate_scripts_classes[22m | [39m[0m
2026-10-07T09:05:23.4702504Z [  52% ] [90m[1mupdate_scripts_classes[22m | [39m[0m
2026-10-07T09:05:23.4702704Z [  52% ] [90m[1mupdate_scripts_classes[22m | [39m[0m
2026-10-07T09:05:23.4702899Z [  52% ] [90m[1mupdate_scripts_classes[22m | [39m[0m
2026-10-07T09:05:23.4703101Z [  52% ] [90m[1mupdate_scripts_classes[22m | [39m[0m
2026-10-07T09:05:23.4703299Z [  52% ] [90m[1mupdate_scripts_classes[22m | [39m[0m
2026-10-07T09:05:23.4703493Z [  52% ] [90m[1mupdate_scripts_classes[22m | [39m[0m
2026-10-07T09:05:23.4703689Z [  52% ] [90m[1mupdate_scripts_classes[22m | [39m[0m
2026-10-07T09:05:23.4703892Z [  52% ] [90m[1mupdate_scripts_classes[22m | [39m[0m
2026-10-07T09:05:23.4704097Z [  52% ] [90m[1mupdate_scripts_classes[22m | [39m[0m
2026-10-07T09:05:23.4704292Z [  52% ] [90m[1mupdate_scripts_classes[22m | [39m[0m
2026-10-07T09:05:23.4704492Z [  52% ] [90m[1mupdate_scripts_classes[22m | [39m[0m
2026-10-07T09:05:23.4704692Z [  52% ] [90m[1mupdate_scripts_classes[22m | [39m[0m
2026-10-07T09:05:23.4704889Z [  52% ] [90m[1mupdate_scripts_classes[22m | [39m[0m
2026-10-07T09:05:23.4705092Z [  53% ] [90m[1mupdate_scripts_classes[22m | [39m[0m
2026-10-07T09:05:23.4705289Z [  53% ] [90m[1mupdate_scripts_classes[22m | [39m[0m
2026-10-07T09:05:23.4705490Z [  53% ] [90m[1mupdate_scripts_classes[22m | [39m[0m
2026-10-07T09:05:23.4705683Z [  53% ] [90m[1mupdate_scripts_classes[22m | [39m[0m
2026-10-07T09:05:23.4705982Z [  53% ] [90m[1mupdate_scripts_classes[22m | [39m[0m
2026-10-07T09:05:23.4706184Z [  53% ] [90m[1mupdate_scripts_classes[22m | [39m[0m
2026-10-07T09:05:23.4706383Z [  53% ] [90m[1mupdate_scripts_classes[22m | [39m[0m
2026-10-07T09:05:23.4706714Z [  53% ] [90m[1mupdate_scripts_classes[22m | [39m[0m
2026-10-07T09:05:23.4706915Z [  53% ] [90m[1mupdate_scripts_classes[22m | [39m[0m
2026-10-07T09:05:23.4707114Z [  53% ] [90m[1mupdate_scripts_classes[22m | [39m[0m
2026-10-07T09:05:23.4707310Z [  53% ] [90m[1mupdate_scripts_classes[22m | [39m[0m
2026-10-07T09:05:23.4707510Z [  53% ] [90m[1mupdate_scripts_classes[22m | [39m[0m
2026-10-07T09:05:23.4707708Z [  53% ] [90m[1mupdate_scripts_classes[22m | [39m[0m
2026-10-07T09:05:23.4707903Z [  53% ] [90m[1mupdate_scripts_classes[22m | [39m[0m
2026-10-07T09:05:23.4708106Z [  53% ] [90m[1mupdate_scripts_classes[22m | [39m[0m
2026-10-07T09:05:23.4708303Z [  53% ] [90m[1mupdate_scripts_classes[22m | [39m[0m
2026-10-07T09:05:23.4708499Z [  53% ] [90m[1mupdate_scripts_classes[22m | [39m[0m
2026-10-07T09:05:23.4708693Z [  53% ] [90m[1mupdate_scripts_classes[22m | [39m[0m
2026-10-07T09:05:23.4709012Z [  53% ] [90m[1mupdate_scripts_classes[22m | [39m[0m
2026-10-07T09:05:23.4709220Z [  53% ] [90m[1mupdate_scripts_classes[22m | [39m[0m
2026-10-07T09:05:23.4709415Z [  53% ] [90m[1mupdate_scripts_classes[22m | [39m[0m
2026-10-07T09:05:23.4709617Z [  53% ] [90m[1mupdate_scripts_classes[22m | [39m[0m
2026-10-07T09:05:23.4709817Z [  53% ] [90m[1mupdate_scripts_classes[22m | [39m[0m
2026-10-07T09:05:23.4710018Z [  53% ] [90m[1mupdate_scripts_classes[22m | [39m[0m
2026-10-07T09:05:23.4710212Z [  53% ] [90m[1mupdate_scripts_classes[22m | [39m[0m
2026-10-07T09:05:23.4710414Z [  53% ] [90m[1mupdate_scripts_classes[22m | [39m[0m
2026-10-07T09:05:23.4710614Z [  53% ] [90m[1mupdate_scripts_classes[22m | [39m[0m
2026-10-07T09:05:23.4710808Z [  53% ] [90m[1mupdate_scripts_classes[22m | [39m[0m
2026-10-07T09:05:23.4711006Z [  53% ] [90m[1mupdate_scripts_classes[22m | [39m[0m
2026-10-07T09:05:23.4711212Z [  53% ] [90m[1mupdate_scripts_classes[22m | [39m[0m
2026-10-07T09:05:23.4711417Z [  54% ] [90m[1mupdate_scripts_classes[22m | [39m[0m
2026-10-07T09:05:23.4711613Z [  54% ] [90m[1mupdate_scripts_classes[22m | [39m[0m
2026-10-07T09:05:23.4711813Z [  54% ] [90m[1mupdate_scripts_classes[22m | [39m[0m
2026-10-07T09:05:23.4712016Z [  54% ] [90m[1mupdate_scripts_classes[22m | [39m[0m
2026-10-07T09:05:23.4712210Z [  54% ] [90m[1mupdate_scripts_classes[22m | [39m[0m
2026-10-07T09:05:23.4712411Z [  54% ] [90m[1mupdate_scripts_classes[22m | [39m[0m
2026-10-07T09:05:23.4712613Z [  54% ] [90m[1mupdate_scripts_classes[22m | [39m[0m
2026-10-07T09:05:23.4712815Z [  54% ] [90m[1mupdate_scripts_classes[22m | [39m[0m
2026-10-07T09:05:23.4713010Z [  54% ] [90m[1mupdate_scripts_classes[22m | [39m[0m
2026-10-07T09:05:23.4713210Z [  54% ] [90m[1mupdate_scripts_classes[22m | [39m[0m
2026-10-07T09:05:23.4713410Z [  54% ] [90m[1mupdate_scripts_classes[22m | [39m[0m
2026-10-07T09:05:23.4713617Z [  54% ] [90m[1mupdate_scripts_classes[22m | [39m[0m
2026-10-07T09:05:23.4713823Z [  54% ] [90m[1mupdate_scripts_classes[22m | [39m[0m
2026-10-07T09:05:23.4714024Z [  54% ] [90m[1mupdate_scripts_classes[22m | [39m[0m
2026-10-07T09:05:23.4714224Z [  54% ] [90m[1mupdate_scripts_classes[22m | [39m[0m
2026-10-07T09:05:23.4714417Z [  54% ] [90m[1mupdate_scripts_classes[22m | [39m[0m
2026-10-07T09:05:23.4714616Z [  54% ] [90m[1mupdate_scripts_classes[22m | [39m[0m
2026-10-07T09:05:23.4714817Z [  54% ] [90m[1mupdate_scripts_classes[22m | [39m[0m
2026-10-07T09:05:23.4715011Z [  54% ] [90m[1mupdate_scripts_classes[22m | [39m[0m
2026-10-07T09:05:23.4715211Z [  54% ] [90m[1mupdate_scripts_classes[22m | [39m[0m
2026-10-07T09:05:23.4715410Z [  54% ] [90m[1mupdate_scripts_classes[22m | [39m[0m
2026-10-07T09:05:23.4715612Z [  54% ] [90m[1mupdate_scripts_classes[22m | [39m[0m
2026-10-07T09:05:23.4715810Z [  54% ] [90m[1mupdate_scripts_classes[22m | [39m[0m
2026-10-07T09:05:23.4716126Z [  54% ] [90m[1mupdate_scripts_classes[22m | [39m[0m
2026-10-07T09:05:23.4716469Z [  54% ] [90m[1mupdate_scripts_classes[22m | [39m[0m
2026-10-07T09:05:23.4716664Z [  54% ] [90m[1mupdate_scripts_classes[22m | [39m[0m
2026-10-07T09:05:23.4716863Z [  54% ] [90m[1mupdate_scripts_classes[22m | [39m[0m
2026-10-07T09:05:23.4717064Z [  54% ] [90m[1mupdate_scripts_classes[22m | [39m[0m
2026-10-07T09:05:23.4717265Z [  54% ] [90m[1mupdate_scripts_classes[22m | [39m[0m
2026-10-07T09:05:23.4717460Z [  54% ] [90m[1mupdate_scripts_classes[22m | [39m[0m
2026-10-07T09:05:23.4717662Z [  54% ] [90m[1mupdate_scripts_classes[22m | [39m[0m
2026-10-07T09:05:23.4717868Z [  55% ] [90m[1mupdate_scripts_classes[22m | [39m[0m
2026-10-07T09:05:23.4718063Z [  55% ] [90m[1mupdate_scripts_classes[22m | [39m[0m
2026-10-07T09:05:23.4718261Z [  55% ] [90m[1mupdate_scripts_classes[22m | [39m[0m
2026-10-07T09:05:23.4718461Z [  55% ] [90m[1mupdate_scripts_classes[22m | [39m[0m
2026-10-07T09:05:23.4718785Z [  55% ] [90m[1mupdate_scripts_classes[22m | [39m[0m
2026-10-07T09:05:23.4718985Z [  55% ] [90m[1mupdate_scripts_classes[22m | [39m[0m
2026-10-07T09:05:23.4719185Z [  55% ] [90m[1mupdate_scripts_classes[22m | [39m[0m
2026-10-07T09:05:23.4719384Z [  55% ] [90m[1mupdate_scripts_classes[22m | [39m[0m
2026-10-07T09:05:23.4719577Z [  55% ] [90m[1mupdate_scripts_classes[22m | [39m[0m
2026-10-07T09:05:23.4719781Z [  55% ] [90m[1mupdate_scripts_classes[22m | [39m[0m
2026-10-07T09:05:23.4719981Z [  55% ] [90m[1mupdate_scripts_classes[22m | [39m[0m
2026-10-07T09:05:23.4720180Z [  55% ] [90m[1mupdate_scripts_classes[22m | [39m[0m
2026-10-07T09:05:23.4720375Z [  55% ] [90m[1mupdate_scripts_classes[22m | [39m[0m
2026-10-07T09:05:23.4720575Z [  55% ] [90m[1mupdate_scripts_classes[22m | [39m[0m
2026-10-07T09:05:23.4720775Z [  55% ] [90m[1mupdate_scripts_classes[22m | [39m[0m
2026-10-07T09:05:23.4720974Z [  55% ] [90m[1mupdate_scripts_classes[22m | [39m[0m
2026-10-07T09:05:23.4721173Z [  55% ] [90m[1mupdate_scripts_classes[22m | [39m[0m
2026-10-07T09:05:23.4721378Z [  55% ] [90m[1mupdate_scripts_classes[22m | [39m[0m
2026-10-07T09:05:23.4721589Z [  55% ] [90m[1mupdate_scripts_classes[22m | [39m[0m
2026-10-07T09:05:23.4721787Z [  55% ] [90m[1mupdate_scripts_classes[22m | [39m[0m
2026-10-07T09:05:23.4721988Z [  55% ] [90m[1mupdate_scripts_classes[22m | [39m[0m
2026-10-07T09:05:23.4722188Z [  55% ] [90m[1mupdate_scripts_classes[22m | [39m[0m
2026-10-07T09:05:23.4722383Z [  55% ] [90m[1mupdate_scripts_classes[22m | [39m[0m
2026-10-07T09:05:23.4722583Z [  55% ] [90m[1mupdate_scripts_classes[22m | [39m[0m
2026-10-07T09:05:23.4722783Z [  55% ] [90m[1mupdate_scripts_classes[22m | [39m[0m
2026-10-07T09:05:23.4722980Z [  55% ] [90m[1mupdate_scripts_classes[22m | [39m[0m
2026-10-07T09:05:23.4723175Z [  55% ] [90m[1mupdate_scripts_classes[22m | [39m[0m
2026-10-07T09:05:23.4723382Z [  55% ] [90m[1mupdate_scripts_classes[22m | [39m[0m
2026-10-07T09:05:23.4723586Z [  55% ] [90m[1mupdate_scripts_classes[22m | [39m[0m
2026-10-07T09:05:23.4723783Z [  55% ] [90m[1mupdate_scripts_classes[22m | [39m[0m
2026-10-07T09:05:23.4723984Z [  55% ] [90m[1mupdate_scripts_classes[22m | [39m[0m
2026-10-07T09:05:23.4724184Z [  56% ] [90m[1mupdate_scripts_classes[22m | [39m[0m
2026-10-07T09:05:23.4724384Z [  56% ] [90m[1mupdate_scripts_classes[22m | [39m[0m
2026-10-07T09:05:23.4724580Z [  56% ] [90m[1mupdate_scripts_classes[22m | [39m[0m
2026-10-07T09:05:23.4724779Z [  56% ] [90m[1mupdate_scripts_classes[22m | [39m[0m
2026-10-07T09:05:23.4724978Z [  56% ] [90m[1mupdate_scripts_classes[22m | [39m[0m
2026-10-07T09:05:23.4725172Z [  56% ] [90m[1mupdate_scripts_classes[22m | [39m[0m
2026-10-07T09:05:23.4725388Z [  56% ] [90m[1mupdate_scripts_classes[22m | [39m[0m
2026-10-07T09:05:23.4725596Z [  56% ] [90m[1mupdate_scripts_classes[22m | [39m[0m
2026-10-07T09:05:23.4725814Z [  56% ] [90m[1mupdate_scripts_classes[22m | [39m[0m
2026-10-07T09:05:23.4726247Z [  56% ] [90m[1mupdate_scripts_classes[22m | [39m[0m
2026-10-07T09:05:23.4726453Z [  56% ] [90m[1mupdate_scripts_classes[22m | [39m[0m
2026-10-07T09:05:23.4726660Z [  56% ] [90m[1mupdate_scripts_classes[22m | [39m[0m
2026-10-07T09:05:23.4726857Z [  56% ] [90m[1mupdate_scripts_classes[22m | [39m[0m
2026-10-07T09:05:23.4727062Z [  56% ] [90m[1mupdate_scripts_classes[22m | [39m[0m
2026-10-07T09:05:23.4727267Z [  56% ] [90m[1mupdate_scripts_classes[22m | [39m[0m
2026-10-07T09:05:23.4727475Z [  56% ] [90m[1mupdate_scripts_classes[22m | [39m[0m
2026-10-07T09:05:23.4727683Z [  56% ] [90m[1mupdate_scripts_classes[22m | [39m[0m
2026-10-07T09:05:23.4727893Z [  56% ] [90m[1mupdate_scripts_classes[22m | [39m[0m
2026-10-07T09:05:23.4728099Z [  56% ] [90m[1mupdate_scripts_classes[22m | [39m[0m
2026-10-07T09:05:23.4728295Z [  56% ] [90m[1mupdate_scripts_classes[22m | [39m[0m
2026-10-07T09:05:23.4728626Z [  56% ] [90m[1mupdate_scripts_classes[22m | [39m[0m
2026-10-07T09:05:23.4728837Z [  56% ] [90m[1mupdate_scripts_classes[22m | [39m[0m
2026-10-07T09:05:23.4729043Z [  56% ] [90m[1mupdate_scripts_classes[22m | [39m[0m
2026-10-07T09:05:23.4729238Z [  56% ] [90m[1mupdate_scripts_classes[22m | [39m[0m
2026-10-07T09:05:23.4729443Z [  56% ] [90m[1mupdate_scripts_classes[22m | [39m[0m
2026-10-07T09:05:23.4729645Z [  56% ] [90m[1mupdate_scripts_classes[22m | [39m[0m
2026-10-07T09:05:23.4729843Z [  56% ] [90m[1mupdate_scripts_classes[22m | [39m[0m
2026-10-07T09:05:23.4730048Z [  56% ] [90m[1mupdate_scripts_classes[22m | [39m[0m
2026-10-07T09:05:23.4730250Z [  56% ] [90m[1mupdate_scripts_classes[22m | [39m[0m
2026-10-07T09:05:23.4730455Z [  56% ] [90m[1mupdate_scripts_classes[22m | [39m[0m
2026-10-07T09:05:23.4730650Z [  56% ] [90m[1mupdate_scripts_classes[22m | [39m[0m
2026-10-07T09:05:23.4730853Z [  57% ] [90m[1mupdate_scripts_classes[22m | [39m[0m
2026-10-07T09:05:23.4731059Z [  57% ] [90m[1mupdate_scripts_classes[22m | [39m[0m
2026-10-07T09:05:23.4731259Z [  57% ] [90m[1mupdate_scripts_classes[22m | [39m[0m
2026-10-07T09:05:23.4731460Z [  57% ] [90m[1mupdate_scripts_classes[22m | [39m[0m
2026-10-07T09:05:23.4731666Z [  57% ] [90m[1mupdate_scripts_classes[22m | [39m[0m
2026-10-07T09:05:23.4731873Z [  57% ] [90m[1mupdate_scripts_classes[22m | [39m[0m
2026-10-07T09:05:23.4732071Z [  57% ] [90m[1mupdate_scripts_classes[22m | [39m[0m
2026-10-07T09:05:23.4732342Z [  57% ] [90m[1mupdate_scripts_classes[22m | [39m[0m
2026-10-07T09:05:23.4732633Z [  57% ] [90m[1mupdate_scripts_classes[22m | [39m[0m
2026-10-07T09:05:23.4732875Z [  57% ] [90m[1mupdate_scripts_classes[22m | [39m[0m
2026-10-07T09:05:23.4733165Z [  57% ] [90m[1mupdate_scripts_classes[22m | [39m[0m
2026-10-07T09:05:23.4733613Z [  57% ] [90m[1mupdate_scripts_classes[22m | [39m[0m
2026-10-07T09:05:23.4733917Z [  57% ] [90m[1mupdate_scripts_classes[22m | [39m[0m
2026-10-07T09:05:23.4734215Z [  57% ] [90m[1mupdate_scripts_classes[22m | [39m[0m
2026-10-07T09:05:23.4734534Z [  57% ] [90m[1mupdate_scripts_classes[22m | [39m[0m
2026-10-07T09:05:23.4734857Z [  57% ] [90m[1mupdate_scripts_classes[22m | [39m[0m
2026-10-07T09:05:23.4735121Z [  57% ] [90m[1mupdate_scripts_classes[22m | [39m[0m
2026-10-07T09:05:23.4735432Z [  57% ] [90m[1mupdate_scripts_classes[22m | [39m[0m
2026-10-07T09:05:23.4735734Z [  57% ] [90m[1mupdate_scripts_classes[22m | [39m[0m
2026-10-07T09:05:23.4736133Z [  57% ] [90m[1mupdate_scripts_classes[22m | [39m[0m
2026-10-07T09:05:23.4736454Z [  57% ] [90m[1mupdate_scripts_classes[22m | [39m[0m
2026-10-07T09:05:23.4736799Z [  57% ] [90m[1mupdate_scripts_classes[22m | [39m[0m
2026-10-07T09:05:23.4737088Z [  57% ] [90m[1mupdate_scripts_classes[22m | [39m[0m
2026-10-07T09:05:23.4737330Z [  57% ] [90m[1mupdate_scripts_classes[22m | [39m[0m
2026-10-07T09:05:23.4737605Z [  57% ] [90m[1mupdate_scripts_classes[22m | [39m[0m
2026-10-07T09:05:23.4738093Z [  57% ] [90m[1mupdate_scripts_classes[22m | [39m[0m
2026-10-07T09:05:23.4749438Z [  57% ] [90m[1mupdate_scripts_classes[22m | [39m[0m
2026-10-07T09:05:23.4749739Z [  57% ] [90m[1mupdate_scripts_classes[22m | [39m[0m
2026-10-07T09:05:23.4749889Z [  57% ] [90m[1mupdate_scripts_classes[22m | [39m[0m
2026-10-07T09:05:23.4750026Z [  57% ] [90m[1mupdate_scripts_classes[22m | [39m[0m
2026-10-07T09:05:23.4750161Z [  57% ] [90m[1mupdate_scripts_classes[22m | [39m[0m
2026-10-07T09:05:23.4750286Z [  58% ] [90m[1mupdate_scripts_classes[22m | [39m[0m
2026-10-07T09:05:23.4750412Z [  58% ] [90m[1mupdate_scripts_classes[22m | [39m[0m
2026-10-07T09:05:23.4750544Z [  58% ] [90m[1mupdate_scripts_classes[22m | [39m[0m
2026-10-07T09:05:23.4750669Z [  58% ] [90m[1mupdate_scripts_classes[22m | [39m[0m
2026-10-07T09:05:23.4750811Z [  58% ] [90m[1mupdate_scripts_classes[22m | [39m[0m
2026-10-07T09:05:23.4751127Z [  58% ] [90m[1mupdate_scripts_classes[22m | [39m[0m
2026-10-07T09:05:23.4751266Z [  58% ] [90m[1mupdate_scripts_classes[22m | [39m[0m
2026-10-07T09:05:23.4751391Z [  58% ] [90m[1mupdate_scripts_classes[22m | [39m[0m
2026-10-07T09:05:23.4751523Z [  58% ] [90m[1mupdate_scripts_classes[22m | [39m[0m
2026-10-07T09:05:23.4751656Z [  58% ] [90m[1mupdate_scripts_classes[22m | [39m[0m
2026-10-07T09:05:23.4751782Z [  58% ] [90m[1mupdate_scripts_classes[22m | [39m[0m
2026-10-07T09:05:23.4751911Z [  58% ] [90m[1mupdate_scripts_classes[22m | [39m[0m
2026-10-07T09:05:23.4752074Z [  58% ] [90m[1mupdate_scripts_classes[22m | [39m[0m
2026-10-07T09:05:23.4752202Z [  58% ] [90m[1mupdate_scripts_classes[22m | [39m[0m
2026-10-07T09:05:23.4752327Z [  58% ] [90m[1mupdate_scripts_classes[22m | [39m[0m
2026-10-07T09:05:23.4752457Z [  58% ] [90m[1mupdate_scripts_classes[22m | [39m[0m
2026-10-07T09:05:23.4752586Z [  58% ] [90m[1mupdate_scripts_classes[22m | [39m[0m
2026-10-07T09:05:23.4752717Z [  58% ] [90m[1mupdate_scripts_classes[22m | [39m[0m
2026-10-07T09:05:23.4752853Z [  58% ] [90m[1mupdate_scripts_classes[22m | [39m[0m
2026-10-07T09:05:23.4752981Z [  58% ] [90m[1mupdate_scripts_classes[22m | [39m[0m
2026-10-07T09:05:23.4753110Z [  58% ] [90m[1mupdate_scripts_classes[22m | [39m[0m
2026-10-07T09:05:23.4753234Z [  58% ] [90m[1mupdate_scripts_classes[22m | [39m[0m
2026-10-07T09:05:23.4753364Z [  58% ] [90m[1mupdate_scripts_classes[22m | [39m[0m
2026-10-07T09:05:23.4753492Z [  58% ] [90m[1mupdate_scripts_classes[22m | [39m[0m
2026-10-07T09:05:23.4753616Z [  58% ] [90m[1mupdate_scripts_classes[22m | [39m[0m
2026-10-07T09:05:23.4753746Z [  58% ] [90m[1mupdate_scripts_classes[22m | [39m[0m
2026-10-07T09:05:23.4753885Z [  58% ] [90m[1mupdate_scripts_classes[22m | [39m[0m
2026-10-07T09:05:23.4754018Z [  58% ] [90m[1mupdate_scripts_classes[22m | [39m[0m
2026-10-07T09:05:23.4754149Z [  58% ] [90m[1mupdate_scripts_classes[22m | [39m[0m
2026-10-07T09:05:23.4754282Z [  58% ] [90m[1mupdate_scripts_classes[22m | [39m[0m
2026-10-07T09:05:23.4754413Z [  58% ] [90m[1mupdate_scripts_classes[22m | [39m[0m
2026-10-07T09:05:23.4754538Z [  58% ] [90m[1mupdate_scripts_classes[22m | [39m[0m
2026-10-07T09:05:23.4754670Z [  59% ] [90m[1mupdate_scripts_classes[22m | [39m[0m
2026-10-07T09:05:23.4754801Z [  59% ] [90m[1mupdate_scripts_classes[22m | [39m[0m
2026-10-07T09:05:23.4754931Z [  59% ] [90m[1mupdate_scripts_classes[22m | [39m[0m
2026-10-07T09:05:23.4755060Z [  59% ] [90m[1mupdate_scripts_classes[22m | [39m[0m
2026-10-07T09:05:23.4755190Z [  59% ] [90m[1mupdate_scripts_classes[22m | [39m[0m
2026-10-07T09:05:23.4755320Z [  59% ] [90m[1mupdate_scripts_classes[22m | [39m[0m
2026-10-07T09:05:23.4755442Z [  59% ] [90m[1mupdate_scripts_classes[22m | [39m[0m
2026-10-07T09:05:23.4755569Z [  59% ] [90m[1mupdate_scripts_classes[22m | [39m[0m
2026-10-07T09:05:23.4755705Z [  59% ] [90m[1mupdate_scripts_classes[22m | [39m[0m
2026-10-07T09:05:23.4756061Z [  59% ] [90m[1mupdate_scripts_classes[22m | [39m[0m
2026-10-07T09:05:23.4756216Z [  59% ] [90m[1mupdate_scripts_classes[22m | [39m[0m
2026-10-07T09:05:23.4756355Z [  59% ] [90m[1mupdate_scripts_classes[22m | [39m[0m
2026-10-07T09:05:23.4756486Z [  59% ] [90m[1mupdate_scripts_classes[22m | [39m[0m
2026-10-07T09:05:23.4756617Z [  59% ] [90m[1mupdate_scripts_classes[22m | [39m[0m
2026-10-07T09:05:23.4756747Z [  59% ] [90m[1mupdate_scripts_classes[22m | [39m[0m
2026-10-07T09:05:23.4756879Z [  59% ] [90m[1mupdate_scripts_classes[22m | [39m[0m
2026-10-07T09:05:23.4757010Z [  59% ] [90m[1mupdate_scripts_classes[22m | [39m[0m
2026-10-07T09:05:23.4757133Z [  59% ] [90m[1mupdate_scripts_classes[22m | [39m[0m
2026-10-07T09:05:23.4757262Z [  59% ] [90m[1mupdate_scripts_classes[22m | [39m[0m
2026-10-07T09:05:23.4757392Z [  59% ] [90m[1mupdate_scripts_classes[22m | [39m[0m
2026-10-07T09:05:23.4757625Z [  59% ] [90m[1mupdate_scripts_classes[22m | [39m[0m
2026-10-07T09:05:23.4757762Z [  59% ] [90m[1mupdate_scripts_classes[22m | [39m[0m
2026-10-07T09:05:23.4757894Z [  59% ] [90m[1mupdate_scripts_classes[22m | [39m[0m
2026-10-07T09:05:23.4758025Z [  59% ] [90m[1mupdate_scripts_classes[22m | [39m[0m
2026-10-07T09:05:23.4758149Z [  59% ] [90m[1mupdate_scripts_classes[22m | [39m[0m
2026-10-07T09:05:23.4758511Z [  59% ] [90m[1mupdate_scripts_classes[22m | [39m[0m
2026-10-07T09:05:23.4758727Z [  59% ] [90m[1mupdate_scripts_classes[22m | [39m[0m
2026-10-07T09:05:23.4758920Z [  59% ] [90m[1mupdate_scripts_classes[22m | [39m[0m
2026-10-07T09:05:23.4759120Z [  59% ] [90m[1mupdate_scripts_classes[22m | [39m[0m
2026-10-07T09:05:23.4759320Z [  59% ] [90m[1mupdate_scripts_classes[22m | [39m[0m
2026-10-07T09:05:23.4759551Z [  60% ] [90m[1mupdate_scripts_classes[22m | [39m[0m
2026-10-07T09:05:23.4759750Z [  60% ] [90m[1mupdate_scripts_classes[22m | [39m[0m
2026-10-07T09:05:23.4759893Z [  60% ] [90m[1mupdate_scripts_classes[22m | [39m[0m
2026-10-07T09:05:23.4760027Z [  60% ] [90m[1mupdate_scripts_classes[22m | [39m[0m
2026-10-07T09:05:23.4760151Z [  60% ] [90m[1mupdate_scripts_classes[22m | [39m[0m
2026-10-07T09:05:23.4760282Z [  60% ] [90m[1mupdate_scripts_classes[22m | [39m[0m
2026-10-07T09:05:23.4760415Z [  60% ] [90m[1mupdate_scripts_classes[22m | [39m[0m
2026-10-07T09:05:23.4760546Z [  60% ] [90m[1mupdate_scripts_classes[22m | [39m[0m
2026-10-07T09:05:23.4760718Z [  60% ] [90m[1mupdate_scripts_classes[22m | [39m[0m
2026-10-07T09:05:23.4760923Z [  60% ] [90m[1mupdate_scripts_classes[22m | [39m[0m
2026-10-07T09:05:23.4761119Z [  60% ] [90m[1mupdate_scripts_classes[22m | [39m[0m
2026-10-07T09:05:23.4761315Z [  60% ] [90m[1mupdate_scripts_classes[22m | [39m[0m
2026-10-07T09:05:23.4761518Z [  60% ] [90m[1mupdate_scripts_classes[22m | [39m[0m
2026-10-07T09:05:23.4761724Z [  60% ] [90m[1mupdate_scripts_classes[22m | [39m[0m
2026-10-07T09:05:23.4761855Z [  60% ] [90m[1mupdate_scripts_classes[22m | [39m[0m
2026-10-07T09:05:23.4761986Z [  60% ] [90m[1mupdate_scripts_classes[22m | [39m[0m
2026-10-07T09:05:23.4762118Z [  60% ] [90m[1mupdate_scripts_classes[22m | [39m[0m
2026-10-07T09:05:23.4762246Z [  60% ] [90m[1mupdate_scripts_classes[22m | [39m[0m
2026-10-07T09:05:23.4762372Z [  60% ] [90m[1mupdate_scripts_classes[22m | [39m[0m
2026-10-07T09:05:23.4762503Z [  60% ] [90m[1mupdate_scripts_classes[22m | [39m[0m
2026-10-07T09:05:23.4762630Z [  60% ] [90m[1mupdate_scripts_classes[22m | [39m[0m
2026-10-07T09:05:23.4762760Z [  60% ] [90m[1mupdate_scripts_classes[22m | [39m[0m
2026-10-07T09:05:23.4762886Z [  60% ] [90m[1mupdate_scripts_classes[22m | [39m[0m
2026-10-07T09:05:23.4763016Z [  60% ] [90m[1mupdate_scripts_classes[22m | [39m[0m
2026-10-07T09:05:23.4763144Z [  60% ] [90m[1mupdate_scripts_classes[22m | [39m[0m
2026-10-07T09:05:23.4763275Z [  60% ] [90m[1mupdate_scripts_classes[22m | [39m[0m
2026-10-07T09:05:23.4763501Z [  60% ] [90m[1mupdate_scripts_classes[22m | [39m[0m
2026-10-07T09:05:23.4763633Z [  60% ] [90m[1mupdate_scripts_classes[22m | [39m[0m
2026-10-07T09:05:23.4763763Z [  60% ] [90m[1mupdate_scripts_classes[22m | [39m[0m
2026-10-07T09:05:23.4763887Z [  60% ] [90m[1mupdate_scripts_classes[22m | [39m[0m
2026-10-07T09:05:23.4764018Z [  60% ] [90m[1mupdate_scripts_classes[22m | [39m[0m
2026-10-07T09:05:23.4764146Z [  61% ] [90m[1mupdate_scripts_classes[22m | [39m[0m
2026-10-07T09:05:23.4764269Z [  61% ] [90m[1mupdate_scripts_classes[22m | [39m[0m
2026-10-07T09:05:23.4764397Z [  61% ] [90m[1mupdate_scripts_classes[22m | [39m[0m
2026-10-07T09:05:23.4764531Z [  61% ] [90m[1mupdate_scripts_classes[22m | [39m[0m
2026-10-07T09:05:23.4764663Z [  61% ] [90m[1mupdate_scripts_classes[22m | [39m[0m
2026-10-07T09:05:23.4764794Z [  61% ] [90m[1mupdate_scripts_classes[22m | [39m[0m
2026-10-07T09:05:23.4765019Z [  61% ] [90m[1mupdate_scripts_classes[22m | [39m[0m
2026-10-07T09:05:23.4765157Z [  61% ] [90m[1mupdate_scripts_classes[22m | [39m[0m
2026-10-07T09:05:23.4765283Z [  61% ] [90m[1mupdate_scripts_classes[22m | [39m[0m
2026-10-07T09:05:23.4765506Z [  61% ] [90m[1mupdate_scripts_classes[22m | [39m[0m
2026-10-07T09:05:23.4765706Z [  61% ] [90m[1mupdate_scripts_classes[22m | [39m[0m
2026-10-07T09:05:23.4766018Z [  61% ] [90m[1mupdate_scripts_classes[22m | [39m[0m
2026-10-07T09:05:23.4766216Z [  61% ] [90m[1mupdate_scripts_classes[22m | [39m[0m
2026-10-07T09:05:23.4766420Z [  61% ] [90m[1mupdate_scripts_classes[22m | [39m[0m
2026-10-07T09:05:23.4766564Z [  61% ] [90m[1mupdate_scripts_classes[22m | [39m[0m
2026-10-07T09:05:23.4766692Z [  61% ] [90m[1mupdate_scripts_classes[22m | [39m[0m
2026-10-07T09:05:23.4766821Z [  61% ] [90m[1mupdate_scripts_classes[22m | [39m[0m
2026-10-07T09:05:23.4766945Z [  61% ] [90m[1mupdate_scripts_classes[22m | [39m[0m
2026-10-07T09:05:23.4767090Z [  61% ] [90m[1mupdate_scripts_classes[22m | [39m[0m
2026-10-07T09:05:23.4767230Z [  61% ] [90m[1mupdate_scripts_classes[22m | [39m[0m
2026-10-07T09:05:23.4767361Z [  61% ] [90m[1mupdate_scripts_classes[22m | [39m[0m
2026-10-07T09:05:23.4767485Z [  61% ] [90m[1mupdate_scripts_classes[22m | [39m[0m
2026-10-07T09:05:23.4767613Z [  61% ] [90m[1mupdate_scripts_classes[22m | [39m[0m
2026-10-07T09:05:23.4767739Z [  61% ] [90m[1mupdate_scripts_classes[22m | [39m[0m
2026-10-07T09:05:23.4767862Z [  61% ] [90m[1mupdate_scripts_classes[22m | [39m[0m
2026-10-07T09:05:23.4767990Z [  61% ] [90m[1mupdate_scripts_classes[22m | [39m[0m
2026-10-07T09:05:23.4768119Z [  61% ] [90m[1mupdate_scripts_classes[22m | [39m[0m
2026-10-07T09:05:23.4768248Z [  61% ] [90m[1mupdate_scripts_classes[22m | [39m[0m
2026-10-07T09:05:23.4768370Z [  61% ] [90m[1mupdate_scripts_classes[22m | [39m[0m
2026-10-07T09:05:23.4768497Z [  61% ] [90m[1mupdate_scripts_classes[22m | [39m[0m
2026-10-07T09:05:23.4768632Z [  61% ] [90m[1mupdate_scripts_classes[22m | [39m[0m
2026-10-07T09:05:23.4768760Z [  62% ] [90m[1mupdate_scripts_classes[22m | [39m[0m
2026-10-07T09:05:23.4768889Z [  62% ] [90m[1mupdate_scripts_classes[22m | [39m[0m
2026-10-07T09:05:23.4769018Z [  62% ] [90m[1mupdate_scripts_classes[22m | [39m[0m
2026-10-07T09:05:23.4769180Z [  62% ] [90m[1mupdate_scripts_classes[22m | [39m[0m
2026-10-07T09:05:23.4769529Z [  62% ] [90m[1mupdate_scripts_classes[22m | [39m[0m
2026-10-07T09:05:23.4769730Z [  62% ] [90m[1mupdate_scripts_classes[22m | [39m[0m
2026-10-07T09:05:23.4769930Z [  62% ] [90m[1mupdate_scripts_classes[22m | [39m[0m
2026-10-07T09:05:23.4770126Z [  62% ] [90m[1mupdate_scripts_classes[22m | [39m[0m
2026-10-07T09:05:23.4770276Z [  62% ] [90m[1mupdate_scripts_classes[22m | [39m[0m
2026-10-07T09:05:23.4770403Z [  62% ] [90m[1mupdate_scripts_classes[22m | [39m[0m
2026-10-07T09:05:23.4770540Z [  62% ] [90m[1mupdate_scripts_classes[22m | [39m[0m
2026-10-07T09:05:23.4770822Z [  62% ] [90m[1mupdate_scripts_classes[22m | [39m[0m
2026-10-07T09:05:23.4770954Z [  62% ] [90m[1mupdate_scripts_classes[22m | [39m[0m
2026-10-07T09:05:23.4771083Z [  62% ] [90m[1mupdate_scripts_classes[22m | [39m[0m
2026-10-07T09:05:23.4771208Z [  62% ] [90m[1mupdate_scripts_classes[22m | [39m[0m
2026-10-07T09:05:23.4771336Z [  62% ] [90m[1mupdate_scripts_classes[22m | [39m[0m
2026-10-07T09:05:23.4771462Z [  62% ] [90m[1mupdate_scripts_classes[22m | [39m[0m
2026-10-07T09:05:23.4771589Z [  62% ] [90m[1mupdate_scripts_classes[22m | [39m[0m
2026-10-07T09:05:23.4771713Z [  62% ] [90m[1mupdate_scripts_classes[22m | [39m[0m
2026-10-07T09:05:23.4771843Z [  62% ] [90m[1mupdate_scripts_classes[22m | [39m[0m
2026-10-07T09:05:23.4771972Z [  62% ] [90m[1mupdate_scripts_classes[22m | [39m[0m
2026-10-07T09:05:23.4772094Z [  62% ] [90m[1mupdate_scripts_classes[22m | [39m[0m
2026-10-07T09:05:23.4772325Z [  62% ] [90m[1mupdate_scripts_classes[22m | [39m[0m
2026-10-07T09:05:23.4772460Z [  62% ] [90m[1mupdate_scripts_classes[22m | [39m[0m
2026-10-07T09:05:23.4772588Z [  62% ] [90m[1mupdate_scripts_classes[22m | [39m[0m
2026-10-07T09:05:23.4772715Z [  62% ] [90m[1mupdate_scripts_classes[22m | [39m[0m
2026-10-07T09:05:23.4772945Z [  62% ] [90m[1mupdate_scripts_classes[22m | [39m[0m
2026-10-07T09:05:23.4773145Z [  62% ] [90m[1mupdate_scripts_classes[22m | [39m[0m
2026-10-07T09:05:23.4773338Z [  62% ] [90m[1mupdate_scripts_classes[22m | [39m[0m
2026-10-07T09:05:23.4773537Z [  62% ] [90m[1mupdate_scripts_classes[22m | [39m[0m
2026-10-07T09:05:23.4773743Z [  62% ] [90m[1mupdate_scripts_classes[22m | [39m[0m
2026-10-07T09:05:23.4773874Z [  63% ] [90m[1mupdate_scripts_classes[22m | [39m[0m
2026-10-07T09:05:23.4774000Z [  63% ] [90m[1mupdate_scripts_classes[22m | [39m[0m
2026-10-07T09:05:23.4774128Z [  63% ] [90m[1mupdate_scripts_classes[22m | [39m[0m
2026-10-07T09:05:23.4774263Z [  63% ] [90m[1mupdate_scripts_classes[22m | [39m[0m
2026-10-07T09:05:23.4774392Z [  63% ] [90m[1mupdate_scripts_classes[22m | [39m[0m
2026-10-07T09:05:23.4774520Z [  63% ] [90m[1mupdate_scripts_classes[22m | [39m[0m
2026-10-07T09:05:23.4774652Z [  63% ] [90m[1mupdate_scripts_classes[22m | [39m[0m
2026-10-07T09:05:23.4774780Z [  63% ] [90m[1mupdate_scripts_classes[22m | [39m[0m
2026-10-07T09:05:23.4774903Z [  63% ] [90m[1mupdate_scripts_classes[22m | [39m[0m
2026-10-07T09:05:23.4775030Z [  63% ] [90m[1mupdate_scripts_classes[22m | [39m[0m
2026-10-07T09:05:23.4775158Z [  63% ] [90m[1mupdate_scripts_classes[22m | [39m[0m
2026-10-07T09:05:23.4775283Z [  63% ] [90m[1mupdate_scripts_classes[22m | [39m[0m
2026-10-07T09:05:23.4775411Z [  63% ] [90m[1mupdate_scripts_classes[22m | [39m[0m
2026-10-07T09:05:23.4775540Z [  63% ] [90m[1mupdate_scripts_classes[22m | [39m[0m
2026-10-07T09:05:23.4775665Z [  63% ] [90m[1mupdate_scripts_classes[22m | [39m[0m
2026-10-07T09:05:23.4775795Z [  63% ] [90m[1mupdate_scripts_classes[22m | [39m[0m
2026-10-07T09:05:23.4776153Z [  63% ] [90m[1mupdate_scripts_classes[22m | [39m[0m
2026-10-07T09:05:23.4776292Z [  63% ] [90m[1mupdate_scripts_classes[22m | [39m[0m
2026-10-07T09:05:23.4776445Z [  63% ] [90m[1mupdate_scripts_classes[22m | [39m[0m
2026-10-07T09:05:23.4776651Z [  63% ] [90m[1mupdate_scripts_classes[22m | [39m[0m
2026-10-07T09:05:23.4776855Z [  63% ] [90m[1mupdate_scripts_classes[22m | [39m[0m
2026-10-07T09:05:23.4777053Z [  63% ] [90m[1mupdate_scripts_classes[22m | [39m[0m
2026-10-07T09:05:23.4777252Z [  63% ] [90m[1mupdate_scripts_classes[22m | [39m[0m
2026-10-07T09:05:23.4777449Z [  63% ] [90m[1mupdate_scripts_classes[22m | [39m[0m
2026-10-07T09:05:23.4777583Z [  63% ] [90m[1mupdate_scripts_classes[22m | [39m[0m
2026-10-07T09:05:23.4777709Z [  63% ] [90m[1mupdate_scripts_classes[22m | [39m[0m
2026-10-07T09:05:23.4777845Z [  63% ] [90m[1mupdate_scripts_classes[22m | [39m[0m
2026-10-07T09:05:23.4778100Z [  63% ] [90m[1mupdate_scripts_classes[22m | [39m[0m
2026-10-07T09:05:23.4778234Z [  63% ] [90m[1mupdate_scripts_classes[22m | [39m[0m
2026-10-07T09:05:23.4778362Z [  63% ] [90m[1mupdate_scripts_classes[22m | [39m[0m
2026-10-07T09:05:23.4778491Z [  63% ] [90m[1mupdate_scripts_classes[22m | [39m[0m
2026-10-07T09:05:23.4778622Z [  64% ] [90m[1mupdate_scripts_classes[22m | [39m[0m
2026-10-07T09:05:23.4778747Z [  64% ] [90m[1mupdate_scripts_classes[22m | [39m[0m
2026-10-07T09:05:23.4778877Z [  64% ] [90m[1mupdate_scripts_classes[22m | [39m[0m
2026-10-07T09:05:23.4779007Z [  64% ] [90m[1mupdate_scripts_classes[22m | [39m[0m
2026-10-07T09:05:23.4779135Z [  64% ] [90m[1mupdate_scripts_classes[22m | [39m[0m
2026-10-07T09:05:23.4779261Z [  64% ] [90m[1mupdate_scripts_classes[22m | [39m[0m
2026-10-07T09:05:23.4779391Z [  64% ] [90m[1mupdate_scripts_classes[22m | [39m[0m
2026-10-07T09:05:23.4779620Z [  64% ] [90m[1mupdate_scripts_classes[22m | [39m[0m
2026-10-07T09:05:23.4779749Z [  64% ] [90m[1mupdate_scripts_classes[22m | [39m[0m
2026-10-07T09:05:23.4779880Z [  64% ] [90m[1mupdate_scripts_classes[22m | [39m[0m
2026-10-07T09:05:23.4780054Z [  64% ] [90m[1mupdate_scripts_classes[22m | [39m[0m
2026-10-07T09:05:23.4780269Z [  64% ] [90m[1mupdate_scripts_classes[22m | [39m[0m
2026-10-07T09:05:23.4780467Z [  64% ] [90m[1mupdate_scripts_classes[22m | [39m[0m
2026-10-07T09:05:23.4780671Z [  64% ] [90m[1mupdate_scripts_classes[22m | [39m[0m
2026-10-07T09:05:23.4780873Z [  64% ] [90m[1mupdate_scripts_classes[22m | [39m[0m
2026-10-07T09:05:23.4781054Z [  64% ] [90m[1mupdate_scripts_classes[22m | [39m[0m
2026-10-07T09:05:23.4781185Z [  64% ] [90m[1mupdate_scripts_classes[22m | [39m[0m
2026-10-07T09:05:23.4781318Z [  64% ] [90m[1mupdate_scripts_classes[22m | [39m[0m
2026-10-07T09:05:23.4781447Z [  64% ] [90m[1mupdate_scripts_classes[22m | [39m[0m
2026-10-07T09:05:23.4781581Z [  64% ] [90m[1mupdate_scripts_classes[22m | [39m[0m
2026-10-07T09:05:23.4781714Z [  64% ] [90m[1mupdate_scripts_classes[22m | [39m[0m
2026-10-07T09:05:23.4781843Z [  64% ] [90m[1mupdate_scripts_classes[22m | [39m[0m
2026-10-07T09:05:23.4781969Z [  64% ] [90m[1mupdate_scripts_classes[22m | [39m[0m
2026-10-07T09:05:23.4782097Z [  64% ] [90m[1mupdate_scripts_classes[22m | [39m[0m
2026-10-07T09:05:23.4782227Z [  64% ] [90m[1mupdate_scripts_classes[22m | [39m[0m
2026-10-07T09:05:23.4782357Z [  64% ] [90m[1mupdate_scripts_classes[22m | [39m[0m
2026-10-07T09:05:23.4782481Z [  64% ] [90m[1mupdate_scripts_classes[22m | [39m[0m
2026-10-07T09:05:23.4782631Z [  64% ] [90m[1mupdate_scripts_classes[22m | [39m[0m
2026-10-07T09:05:23.4782771Z [  64% ] [90m[1mupdate_scripts_classes[22m | [39m[0m
2026-10-07T09:05:23.4782895Z [  64% ] [90m[1mupdate_scripts_classes[22m | [39m[0m
2026-10-07T09:05:23.4783028Z [  64% ] [90m[1mupdate_scripts_classes[22m | [39m[0m
2026-10-07T09:05:23.4783163Z [  65% ] [90m[1mupdate_scripts_classes[22m | [39m[0m
2026-10-07T09:05:23.4783294Z [  65% ] [90m[1mupdate_scripts_classes[22m | [39m[0m
2026-10-07T09:05:23.4783419Z [  65% ] [90m[1mupdate_scripts_classes[22m | [39m[0m
2026-10-07T09:05:23.4783549Z [  65% ] [90m[1mupdate_scripts_classes[22m | [39m[0m
2026-10-07T09:05:23.4783742Z [  65% ] [90m[1mupdate_scripts_classes[22m | [39m[0m
2026-10-07T09:05:23.4783939Z [  65% ] [90m[1mupdate_scripts_classes[22m | [39m[0m
2026-10-07T09:05:23.4784139Z [  65% ] [90m[1mupdate_scripts_classes[22m | [39m[0m
2026-10-07T09:05:23.4784342Z [  65% ] [90m[1mupdate_scripts_classes[22m | [39m[0m
2026-10-07T09:05:23.4784543Z [  65% ] [90m[1mupdate_scripts_classes[22m | [39m[0m
2026-10-07T09:05:23.4784703Z [  65% ] [90m[1mupdate_scripts_classes[22m | [39m[0m
2026-10-07T09:05:23.4784834Z [  65% ] [90m[1mupdate_scripts_classes[22m | [39m[0m
2026-10-07T09:05:23.4784974Z [  65% ] [90m[1mupdate_scripts_classes[22m | [39m[0m
2026-10-07T09:05:23.4785099Z [  65% ] [90m[1mupdate_scripts_classes[22m | [39m[0m
2026-10-07T09:05:23.4785317Z [  65% ] [90m[1mupdate_scripts_classes[22m | [39m[0m
2026-10-07T09:05:23.4785448Z [  65% ] [90m[1mupdate_scripts_classes[22m | [39m[0m
2026-10-07T09:05:23.4785577Z [  65% ] [90m[1mupdate_scripts_classes[22m | [39m[0m
2026-10-07T09:05:23.4785702Z [  65% ] [90m[1mupdate_scripts_classes[22m | [39m[0m
2026-10-07T09:05:23.4786070Z [  65% ] [90m[1mupdate_scripts_classes[22m | [39m[0m
2026-10-07T09:05:23.4786332Z [  65% ] [90m[1mupdate_scripts_classes[22m | [39m[0m
2026-10-07T09:05:23.4786530Z [  65% ] [90m[1mupdate_scripts_classes[22m | [39m[0m
2026-10-07T09:05:23.4786731Z [  65% ] [90m[1mupdate_scripts_classes[22m | [39m[0m
2026-10-07T09:05:23.4786920Z [  65% ] [90m[1mupdate_scripts_classes[22m | [39m[0m
2026-10-07T09:05:23.4787053Z [  65% ] [90m[1mupdate_scripts_classes[22m | [39m[0m
2026-10-07T09:05:23.4787314Z [  65% ] [90m[1mupdate_scripts_classes[22m | [39m[0m
2026-10-07T09:05:23.4787541Z [  65% ] [90m[1mupdate_scripts_classes[22m | [39m[0m
2026-10-07T09:05:23.4787744Z [  65% ] [90m[1mupdate_scripts_classes[22m | [39m[0m
2026-10-07T09:05:23.4787941Z [  65% ] [90m[1mupdate_scripts_classes[22m | [39m[0m
2026-10-07T09:05:23.4788142Z [  65% ] [90m[1mupdate_scripts_classes[22m | [39m[0m
2026-10-07T09:05:23.4788344Z [  65% ] [90m[1mupdate_scripts_classes[22m | [39m[0m
2026-10-07T09:05:23.4788544Z [  65% ] [90m[1mupdate_scripts_classes[22m | [39m[0m
2026-10-07T09:05:23.4788741Z [  65% ] [90m[1mupdate_scripts_classes[22m | [39m[0m
2026-10-07T09:05:23.4788942Z [  66% ] [90m[1mupdate_scripts_classes[22m | [39m[0m
2026-10-07T09:05:23.4789142Z [  66% ] [90m[1mupdate_scripts_classes[22m | [39m[0m
2026-10-07T09:05:23.4789348Z [  66% ] [90m[1mupdate_scripts_classes[22m | [39m[0m
2026-10-07T09:05:23.4789552Z [  66% ] [90m[1mupdate_scripts_classes[22m | [39m[0m
2026-10-07T09:05:23.4789759Z [  66% ] [90m[1mupdate_scripts_classes[22m | [39m[0m
2026-10-07T09:05:23.4789965Z [  66% ] [90m[1mupdate_scripts_classes[22m | [39m[0m
2026-10-07T09:05:23.4790163Z [  66% ] [90m[1mupdate_scripts_classes[22m | [39m[0m
2026-10-07T09:05:23.4790366Z [  66% ] [90m[1mupdate_scripts_classes[22m | [39m[0m
2026-10-07T09:05:23.4790561Z [  66% ] [90m[1mupdate_scripts_classes[22m | [39m[0m
2026-10-07T09:05:23.4790746Z [  66% ] [90m[1mupdate_scripts_classes[22m | [39m[0m
2026-10-07T09:05:23.4790909Z [  66% ] [90m[1mupdate_scripts_classes[22m | [39m[0m
2026-10-07T09:05:23.4791117Z [  66% ] [90m[1mupdate_scripts_classes[22m | [39m[0m
2026-10-07T09:05:23.4791318Z [  66% ] [90m[1mupdate_scripts_classes[22m | [39m[0m
2026-10-07T09:05:23.4791514Z [  66% ] [90m[1mupdate_scripts_classes[22m | [39m[0m
2026-10-07T09:05:23.4791712Z [  66% ] [90m[1mupdate_scripts_classes[22m | [39m[0m
2026-10-07T09:05:23.4791914Z [  66% ] [90m[1mupdate_scripts_classes[22m | [39m[0m
2026-10-07T09:05:23.4792119Z [  66% ] [90m[1mupdate_scripts_classes[22m | [39m[0m
2026-10-07T09:05:23.4792326Z [  66% ] [90m[1mupdate_scripts_classes[22m | [39m[0m
2026-10-07T09:05:23.4792529Z [  66% ] [90m[1mupdate_scripts_classes[22m | [39m[0m
2026-10-07T09:05:23.4792728Z [  66% ] [90m[1mupdate_scripts_classes[22m | [39m[0m
2026-10-07T09:05:23.4792924Z [  66% ] [90m[1mupdate_scripts_classes[22m | [39m[0m
2026-10-07T09:05:23.4793124Z [  66% ] [90m[1mupdate_scripts_classes[22m | [39m[0m
2026-10-07T09:05:23.4793324Z [  66% ] [90m[1mupdate_scripts_classes[22m | [39m[0m
2026-10-07T09:05:23.4793521Z [  66% ] [90m[1mupdate_scripts_classes[22m | [39m[0m
2026-10-07T09:05:23.4793724Z [  66% ] [90m[1mupdate_scripts_classes[22m | [39m[0m
2026-10-07T09:05:23.4793923Z [  66% ] [90m[1mupdate_scripts_classes[22m | [39m[0m
2026-10-07T09:05:23.4794124Z [  66% ] [90m[1mupdate_scripts_classes[22m | [39m[0m
2026-10-07T09:05:23.4794317Z [  66% ] [90m[1mupdate_scripts_classes[22m | [39m[0m
2026-10-07T09:05:23.4794503Z [  66% ] [90m[1mupdate_scripts_classes[22m | [39m[0m
2026-10-07T09:05:23.4794844Z [  66% ] [90m[1mupdate_scripts_classes[22m | [39m[0m
2026-10-07T09:05:23.4795041Z [  66% ] [90m[1mupdate_scripts_classes[22m | [39m[0m
2026-10-07T09:05:23.4795240Z [  67% ] [90m[1mupdate_scripts_classes[22m | [39m[0m
2026-10-07T09:05:23.4795440Z [  67% ] [90m[1mupdate_scripts_classes[22m | [39m[0m
2026-10-07T09:05:23.4795643Z [  67% ] [90m[1mupdate_scripts_classes[22m | [39m[0m
2026-10-07T09:05:23.4795968Z [  67% ] [90m[1mupdate_scripts_classes[22m | [39m[0m
2026-10-07T09:05:23.4796200Z [  67% ] [90m[1mupdate_scripts_classes[22m | [39m[0m
2026-10-07T09:05:23.4796399Z [  67% ] [90m[1mupdate_scripts_classes[22m | [39m[0m
2026-10-07T09:05:23.4796596Z [  67% ] [90m[1mupdate_scripts_classes[22m | [39m[0m
2026-10-07T09:05:23.4796798Z [  67% ] [90m[1mupdate_scripts_classes[22m | [39m[0m
2026-10-07T09:05:23.4797122Z [  67% ] [90m[1mupdate_scripts_classes[22m | [39m[0m
2026-10-07T09:05:23.4797333Z [  67% ] [90m[1mupdate_scripts_classes[22m | [39m[0m
2026-10-07T09:05:23.4797532Z [  67% ] [90m[1mupdate_scripts_classes[22m | [39m[0m
2026-10-07T09:05:23.4797735Z [  67% ] [90m[1mupdate_scripts_classes[22m | [39m[0m
2026-10-07T09:05:23.4797936Z [  67% ] [90m[1mupdate_scripts_classes[22m | [39m[0m
2026-10-07T09:05:23.4798083Z [  67% ] [90m[1mupdate_scripts_classes[22m | [39m[0m
2026-10-07T09:05:23.4798317Z [  67% ] [90m[1mupdate_scripts_classes[22m | [39m[0m
2026-10-07T09:05:23.4798517Z [  67% ] [90m[1mupdate_scripts_classes[22m | [39m[0m
2026-10-07T09:05:23.4798717Z [  67% ] [90m[1mupdate_scripts_classes[22m | [39m[0m
2026-10-07T09:05:23.4798912Z [  67% ] [90m[1mupdate_scripts_classes[22m | [39m[0m
2026-10-07T09:05:23.4799112Z [  67% ] [90m[1mupdate_scripts_classes[22m | [39m[0m
2026-10-07T09:05:23.4799313Z [  67% ] [90m[1mupdate_scripts_classes[22m | [39m[0m
2026-10-07T09:05:23.4799517Z [  67% ] [90m[1mupdate_scripts_classes[22m | [39m[0m
2026-10-07T09:05:23.4799723Z [  67% ] [90m[1mupdate_scripts_classes[22m | [39m[0m
2026-10-07T09:05:23.4799923Z [  67% ] [90m[1mupdate_scripts_classes[22m | [39m[0m
2026-10-07T09:05:23.4800124Z [  67% ] [90m[1mupdate_scripts_classes[22m | [39m[0m
2026-10-07T09:05:23.4800317Z [  67% ] [90m[1mupdate_scripts_classes[22m | [39m[0m
2026-10-07T09:05:23.4800520Z [  67% ] [90m[1mupdate_scripts_classes[22m | [39m[0m
2026-10-07T09:05:23.4800721Z [  67% ] [90m[1mupdate_scripts_classes[22m | [39m[0m
2026-10-07T09:05:23.4800915Z [  67% ] [90m[1mupdate_scripts_classes[22m | [39m[0m
2026-10-07T09:05:23.4801116Z [  67% ] [90m[1mupdate_scripts_classes[22m | [39m[0m
2026-10-07T09:05:23.4801315Z [  67% ] [90m[1mupdate_scripts_classes[22m | [39m[0m
2026-10-07T09:05:23.4801519Z [  67% ] [90m[1mupdate_scripts_classes[22m | [39m[0m
2026-10-07T09:05:23.4801644Z [  68% ] [90m[1mupdate_scripts_classes[22m | [39m[0m
2026-10-07T09:05:23.4801815Z [  68% ] [90m[1mupdate_scripts_classes[22m | [39m[0m
2026-10-07T09:05:23.4802022Z [  68% ] [90m[1mupdate_scripts_classes[22m | [39m[0m
2026-10-07T09:05:23.4802219Z [  68% ] [90m[1mupdate_scripts_classes[22m | [39m[0m
2026-10-07T09:05:23.4802423Z [  68% ] [90m[1mupdate_scripts_classes[22m | [39m[0m
2026-10-07T09:05:23.4802621Z [  68% ] [90m[1mupdate_scripts_classes[22m | [39m[0m
2026-10-07T09:05:23.4802821Z [  68% ] [90m[1mupdate_scripts_classes[22m | [39m[0m
2026-10-07T09:05:23.4803018Z [  68% ] [90m[1mupdate_scripts_classes[22m | [39m[0m
2026-10-07T09:05:23.4803219Z [  68% ] [90m[1mupdate_scripts_classes[22m | [39m[0m
2026-10-07T09:05:23.4803418Z [  68% ] [90m[1mupdate_scripts_classes[22m | [39m[0m
2026-10-07T09:05:23.4803614Z [  68% ] [90m[1mupdate_scripts_classes[22m | [39m[0m
2026-10-07T09:05:23.4803816Z [  68% ] [90m[1mupdate_scripts_classes[22m | [39m[0m
2026-10-07T09:05:23.4804021Z [  68% ] [90m[1mupdate_scripts_classes[22m | [39m[0m
2026-10-07T09:05:23.4804227Z [  68% ] [90m[1mupdate_scripts_classes[22m | [39m[0m
2026-10-07T09:05:23.4804560Z [  68% ] [90m[1mupdate_scripts_classes[22m | [39m[0m
2026-10-07T09:05:23.4804765Z [  68% ] [90m[1mupdate_scripts_classes[22m | [39m[0m
2026-10-07T09:05:23.4804966Z [  68% ] [90m[1mupdate_scripts_classes[22m | [39m[0m
2026-10-07T09:05:23.4805148Z [  68% ] [90m[1mupdate_scripts_classes[22m | [39m[0m
2026-10-07T09:05:23.4805313Z [  68% ] [90m[1mupdate_scripts_classes[22m | [39m[0m
2026-10-07T09:05:23.4805514Z [  68% ] [90m[1mupdate_scripts_classes[22m | [39m[0m
2026-10-07T09:05:23.4805715Z [  68% ] [90m[1mupdate_scripts_classes[22m | [39m[0m
2026-10-07T09:05:23.4806012Z [  68% ] [90m[1mupdate_scripts_classes[22m | [39m[0m
2026-10-07T09:05:23.4806213Z [  68% ] [90m[1mupdate_scripts_classes[22m | [39m[0m
2026-10-07T09:05:23.4806417Z [  68% ] [90m[1mupdate_scripts_classes[22m | [39m[0m
2026-10-07T09:05:23.4806740Z [  68% ] [90m[1mupdate_scripts_classes[22m | [39m[0m
2026-10-07T09:05:23.4806953Z [  68% ] [90m[1mupdate_scripts_classes[22m | [39m[0m
2026-10-07T09:05:23.4807151Z [  68% ] [90m[1mupdate_scripts_classes[22m | [39m[0m
2026-10-07T09:05:23.4807350Z [  68% ] [90m[1mupdate_scripts_classes[22m | [39m[0m
2026-10-07T09:05:23.4807552Z [  68% ] [90m[1mupdate_scripts_classes[22m | [39m[0m
2026-10-07T09:05:23.4807754Z [  68% ] [90m[1mupdate_scripts_classes[22m | [39m[0m
2026-10-07T09:05:23.4807952Z [  68% ] [90m[1mupdate_scripts_classes[22m | [39m[0m
2026-10-07T09:05:23.4808154Z [  69% ] [90m[1mupdate_scripts_classes[22m | [39m[0m
2026-10-07T09:05:23.4808355Z [  69% ] [90m[1mupdate_scripts_classes[22m | [39m[0m
2026-10-07T09:05:23.4808558Z [  69% ] [90m[1mupdate_scripts_classes[22m | [39m[0m
2026-10-07T09:05:23.4808755Z [  69% ] [90m[1mupdate_scripts_classes[22m | [39m[0m
2026-10-07T09:05:23.4808885Z [  69% ] [90m[1mupdate_scripts_classes[22m | [39m[0m
2026-10-07T09:05:23.4809070Z [  69% ] [90m[1mupdate_scripts_classes[22m | [39m[0m
2026-10-07T09:05:23.4809271Z [  69% ] [90m[1mupdate_scripts_classes[22m | [39m[0m
2026-10-07T09:05:23.4809472Z [  69% ] [90m[1mupdate_scripts_classes[22m | [39m[0m
2026-10-07T09:05:23.4809671Z [  69% ] [90m[1mupdate_scripts_classes[22m | [39m[0m
2026-10-07T09:05:23.4809867Z [  69% ] [90m[1mupdate_scripts_classes[22m | [39m[0m
2026-10-07T09:05:23.4810063Z [  69% ] [90m[1mupdate_scripts_classes[22m | [39m[0m
2026-10-07T09:05:23.4810264Z [  69% ] [90m[1mupdate_scripts_classes[22m | [39m[0m
2026-10-07T09:05:23.4810464Z [  69% ] [90m[1mupdate_scripts_classes[22m | [39m[0m
2026-10-07T09:05:23.4810662Z [  69% ] [90m[1mupdate_scripts_classes[22m | [39m[0m
2026-10-07T09:05:23.4810862Z [  69% ] [90m[1mupdate_scripts_classes[22m | [39m[0m
2026-10-07T09:05:23.4811060Z [  69% ] [90m[1mupdate_scripts_classes[22m | [39m[0m
2026-10-07T09:05:23.4811255Z [  69% ] [90m[1mupdate_scripts_classes[22m | [39m[0m
2026-10-07T09:05:23.4811463Z [  69% ] [90m[1mupdate_scripts_classes[22m | [39m[0m
2026-10-07T09:05:23.4811670Z [  69% ] [90m[1mupdate_scripts_classes[22m | [39m[0m
2026-10-07T09:05:23.4811872Z [  69% ] [90m[1mupdate_scripts_classes[22m | [39m[0m
2026-10-07T09:05:23.4812069Z [  69% ] [90m[1mupdate_scripts_classes[22m | [39m[0m
2026-10-07T09:05:23.4812270Z [  69% ] [90m[1mupdate_scripts_classes[22m | [39m[0m
2026-10-07T09:05:23.4812439Z [  69% ] [90m[1mupdate_scripts_classes[22m | [39m[0m
2026-10-07T09:05:23.4812653Z [  69% ] [90m[1mupdate_scripts_classes[22m | [39m[0m
2026-10-07T09:05:23.4812855Z [  69% ] [90m[1mupdate_scripts_classes[22m | [39m[0m
2026-10-07T09:05:23.4813059Z [  69% ] [90m[1mupdate_scripts_classes[22m | [39m[0m
2026-10-07T09:05:23.4813263Z [  69% ] [90m[1mupdate_scripts_classes[22m | [39m[0m
2026-10-07T09:05:23.4813460Z [  69% ] [90m[1mupdate_scripts_classes[22m | [39m[0m
2026-10-07T09:05:23.4813662Z [  69% ] [90m[1mupdate_scripts_classes[22m | [39m[0m
2026-10-07T09:05:23.4813872Z [  69% ] [90m[1mupdate_scripts_classes[22m | [39m[0m
2026-10-07T09:05:23.4814204Z [  69% ] [90m[1mupdate_scripts_classes[22m | [39m[0m
2026-10-07T09:05:23.4814405Z [  70% ] [90m[1mupdate_scripts_classes[22m | [39m[0m
2026-10-07T09:05:23.4814604Z [  70% ] [90m[1mupdate_scripts_classes[22m | [39m[0m
2026-10-07T09:05:23.4814806Z [  70% ] [90m[1mupdate_scripts_classes[22m | [39m[0m
2026-10-07T09:05:23.4815002Z [  70% ] [90m[1mupdate_scripts_classes[22m | [39m[0m
2026-10-07T09:05:23.4815204Z [  70% ] [90m[1mupdate_scripts_classes[22m | [39m[0m
2026-10-07T09:05:23.4815405Z [  70% ] [90m[1mupdate_scripts_classes[22m | [39m[0m
2026-10-07T09:05:23.4815600Z [  70% ] [90m[1mupdate_scripts_classes[22m | [39m[0m
2026-10-07T09:05:23.4815802Z [  70% ] [90m[1mupdate_scripts_classes[22m | [39m[0m
2026-10-07T09:05:23.4816095Z [  70% ] [90m[1mupdate_scripts_classes[22m | [39m[0m
2026-10-07T09:05:23.4816444Z [  70% ] [90m[1mupdate_scripts_classes[22m | [39m[0m
2026-10-07T09:05:23.4816640Z [  70% ] [90m[1mupdate_scripts_classes[22m | [39m[0m
2026-10-07T09:05:23.4816847Z [  70% ] [90m[1mupdate_scripts_classes[22m | [39m[0m
2026-10-07T09:05:23.4817050Z [  70% ] [90m[1mupdate_scripts_classes[22m | [39m[0m
2026-10-07T09:05:23.4817246Z [  70% ] [90m[1mupdate_scripts_classes[22m | [39m[0m
2026-10-07T09:05:23.4817450Z [  70% ] [90m[1mupdate_scripts_classes[22m | [39m[0m
2026-10-07T09:05:23.4817649Z [  70% ] [90m[1mupdate_scripts_classes[22m | [39m[0m
2026-10-07T09:05:23.4817851Z [  70% ] [90m[1mupdate_scripts_classes[22m | [39m[0m
2026-10-07T09:05:23.4818196Z [  70% ] [90m[1mupdate_scripts_classes[22m | RoadCreatureVisibilityModel[39m[0m
2026-10-07T09:05:23.4818407Z [  70% ] [90m[1mupdate_scripts_classes[22m | [39m[0m
2026-10-07T09:05:23.4818610Z [  70% ] [90m[1mupdate_scripts_classes[22m | [39m[0m
2026-10-07T09:05:23.4818806Z [  70% ] [90m[1mupdate_scripts_classes[22m | [39m[0m
2026-10-07T09:05:23.4819012Z [  70% ] [90m[1mupdate_scripts_classes[22m | [39m[0m
2026-10-07T09:05:23.4819221Z [  70% ] [90m[1mupdate_scripts_classes[22m | [39m[0m
2026-10-07T09:05:23.4819425Z [  70% ] [90m[1mupdate_scripts_classes[22m | [39m[0m
2026-10-07T09:05:23.4819597Z [  70% ] [90m[1mupdate_scripts_classes[22m | [39m[0m
2026-10-07T09:05:23.4819766Z [  70% ] [90m[1mupdate_scripts_classes[22m | [39m[0m
2026-10-07T09:05:23.4819969Z [  70% ] [90m[1mupdate_scripts_classes[22m | [39m[0m
2026-10-07T09:05:23.4820165Z [  70% ] [90m[1mupdate_scripts_classes[22m | [39m[0m
2026-10-07T09:05:23.4820368Z [  70% ] [90m[1mupdate_scripts_classes[22m | [39m[0m
2026-10-07T09:05:23.4820570Z [  70% ] [90m[1mupdate_scripts_classes[22m | [39m[0m
2026-10-07T09:05:23.4820774Z [  70% ] [90m[1mupdate_scripts_classes[22m | [39m[0m
2026-10-07T09:05:23.4820970Z [  71% ] [90m[1mupdate_scripts_classes[22m | [39m[0m
2026-10-07T09:05:23.4821172Z [  71% ] [90m[1mupdate_scripts_classes[22m | [39m[0m
2026-10-07T09:05:23.4821381Z [  71% ] [90m[1mupdate_scripts_classes[22m | [39m[0m
2026-10-07T09:05:23.4821581Z [  71% ] [90m[1mupdate_scripts_classes[22m | [39m[0m
2026-10-07T09:05:23.4821782Z [  71% ] [90m[1mupdate_scripts_classes[22m | [39m[0m
2026-10-07T09:05:23.4821984Z [  71% ] [90m[1mupdate_scripts_classes[22m | [39m[0m
2026-10-07T09:05:23.4822184Z [  71% ] [90m[1mupdate_scripts_classes[22m | [39m[0m
2026-10-07T09:05:23.4822381Z [  71% ] [90m[1mupdate_scripts_classes[22m | [39m[0m
2026-10-07T09:05:23.4822583Z [  71% ] [90m[1mupdate_scripts_classes[22m | [39m[0m
2026-10-07T09:05:23.4822788Z [  71% ] [90m[1mupdate_scripts_classes[22m | [39m[0m
2026-10-07T09:05:23.4822982Z [  71% ] [90m[1mupdate_scripts_classes[22m | [39m[0m
2026-10-07T09:05:23.4823157Z [  71% ] [90m[1mupdate_scripts_classes[22m | [39m[0m
2026-10-07T09:05:23.4823331Z [  71% ] [90m[1mupdate_scripts_classes[22m | [39m[0m
2026-10-07T09:05:23.4823541Z [  71% ] [90m[1mupdate_scripts_classes[22m | [39m[0m
2026-10-07T09:05:23.4823739Z [  71% ] [90m[1mupdate_scripts_classes[22m | [39m[0m
2026-10-07T09:05:23.4824078Z [  71% ] [90m[1mupdate_scripts_classes[22m | [39m[0m
2026-10-07T09:05:23.4824282Z [  71% ] [90m[1mupdate_scripts_classes[22m | [39m[0m
2026-10-07T09:05:23.4824480Z [  71% ] [90m[1mupdate_scripts_classes[22m | [39m[0m
2026-10-07T09:05:23.4824683Z [  71% ] [90m[1mupdate_scripts_classes[22m | [39m[0m
2026-10-07T09:05:23.4824884Z [  71% ] [90m[1mupdate_scripts_classes[22m | [39m[0m
2026-10-07T09:05:23.4825084Z [  71% ] [90m[1mupdate_scripts_classes[22m | [39m[0m
2026-10-07T09:05:23.4825279Z [  71% ] [90m[1mupdate_scripts_classes[22m | [39m[0m
2026-10-07T09:05:23.4825482Z [  71% ] [90m[1mupdate_scripts_classes[22m | [39m[0m
2026-10-07T09:05:23.4825680Z [  71% ] [90m[1mupdate_scripts_classes[22m | [39m[0m
2026-10-07T09:05:23.4825999Z [  71% ] [90m[1mupdate_scripts_classes[22m | [39m[0m
2026-10-07T09:05:23.4826324Z [  71% ] [90m[1mupdate_scripts_classes[22m | [39m[0m
2026-10-07T09:05:23.4826527Z [  71% ] [90m[1mupdate_scripts_classes[22m | [39m[0m
2026-10-07T09:05:23.4826731Z [  71% ] [90m[1mupdate_scripts_classes[22m | [39m[0m
2026-10-07T09:05:23.4826874Z [  71% ] [90m[1mupdate_scripts_classes[22m | [39m[0m
2026-10-07T09:05:23.4827050Z [  71% ] [90m[1mupdate_scripts_classes[22m | [39m[0m
2026-10-07T09:05:23.4827254Z [  71% ] [90m[1mupdate_scripts_classes[22m | [39m[0m
2026-10-07T09:05:23.4827450Z [  72% ] [90m[1mupdate_scripts_classes[22m | [39m[0m
2026-10-07T09:05:23.4827651Z [  72% ] [90m[1mupdate_scripts_classes[22m | [39m[0m
2026-10-07T09:05:23.4827852Z [  72% ] [90m[1mupdate_scripts_classes[22m | [39m[0m
2026-10-07T09:05:23.4828054Z [  72% ] [90m[1mupdate_scripts_classes[22m | [39m[0m
2026-10-07T09:05:23.4828250Z [  72% ] [90m[1mupdate_scripts_classes[22m | [39m[0m
2026-10-07T09:05:23.4828452Z [  72% ] [90m[1mupdate_scripts_classes[22m | [39m[0m
2026-10-07T09:05:23.4828661Z [  72% ] [90m[1mupdate_scripts_classes[22m | [39m[0m
2026-10-07T09:05:23.4828861Z [  72% ] [90m[1mupdate_scripts_classes[22m | [39m[0m
2026-10-07T09:05:23.4829064Z [  72% ] [90m[1mupdate_scripts_classes[22m | [39m[0m
2026-10-07T09:05:23.4829267Z [  72% ] [90m[1mupdate_scripts_classes[22m | [39m[0m
2026-10-07T09:05:23.4829468Z [  72% ] [90m[1mupdate_scripts_classes[22m | [39m[0m
2026-10-07T09:05:23.4829665Z [  72% ] [90m[1mupdate_scripts_classes[22m | [39m[0m
2026-10-07T09:05:23.4829868Z [  72% ] [90m[1mupdate_scripts_classes[22m | [39m[0m
2026-10-07T09:05:23.4830070Z [  72% ] [90m[1mupdate_scripts_classes[22m | [39m[0m
2026-10-07T09:05:23.4830266Z [  72% ] [90m[1mupdate_scripts_classes[22m | [39m[0m
2026-10-07T09:05:23.4830442Z [  72% ] [90m[1mupdate_scripts_classes[22m | [39m[0m
2026-10-07T09:05:23.4830604Z [  72% ] [90m[1mupdate_scripts_classes[22m | [39m[0m
2026-10-07T09:05:23.4830806Z [  72% ] [90m[1mupdate_scripts_classes[22m | [39m[0m
2026-10-07T09:05:23.4831012Z [  72% ] [90m[1mupdate_scripts_classes[22m | [39m[0m
2026-10-07T09:05:23.4831217Z [  72% ] [90m[1mupdate_scripts_classes[22m | [39m[0m
2026-10-07T09:05:23.4831418Z [  72% ] [90m[1mupdate_scripts_classes[22m | [39m[0m
2026-10-07T09:05:23.4831614Z [  72% ] [90m[1mupdate_scripts_classes[22m | [39m[0m
2026-10-07T09:05:23.4831816Z [  72% ] [90m[1mupdate_scripts_classes[22m | [39m[0m
2026-10-07T09:05:23.4832017Z [  72% ] [90m[1mupdate_scripts_classes[22m | [39m[0m
2026-10-07T09:05:23.4832218Z [  72% ] [90m[1mupdate_scripts_classes[22m | [39m[0m
2026-10-07T09:05:23.4832415Z [  72% ] [90m[1mupdate_scripts_classes[22m | [39m[0m
2026-10-07T09:05:23.4832616Z [  72% ] [90m[1mupdate_scripts_classes[22m | [39m[0m
2026-10-07T09:05:23.4832817Z [  72% ] [90m[1mupdate_scripts_classes[22m | [39m[0m
2026-10-07T09:05:23.4833013Z [  72% ] [90m[1mupdate_scripts_classes[22m | [39m[0m
2026-10-07T09:05:23.4833213Z [  72% ] [90m[1mupdate_scripts_classes[22m | [39m[0m
2026-10-07T09:05:23.4833419Z [  72% ] [90m[1mupdate_scripts_classes[22m | [39m[0m
2026-10-07T09:05:23.4833756Z [  73% ] [90m[1mupdate_scripts_classes[22m | [39m[0m
2026-10-07T09:05:23.4833952Z [  73% ] [90m[1mupdate_scripts_classes[22m | [39m[0m
2026-10-07T09:05:23.4834119Z [  73% ] [90m[1mupdate_scripts_classes[22m | [39m[0m
2026-10-07T09:05:23.4834321Z [  73% ] [90m[1mupdate_scripts_classes[22m | [39m[0m
2026-10-07T09:05:23.4834517Z [  73% ] [90m[1mupdate_scripts_classes[22m | [39m[0m
2026-10-07T09:05:23.4834723Z [  73% ] [90m[1mupdate_scripts_classes[22m | [39m[0m
2026-10-07T09:05:23.4834924Z [  73% ] [90m[1mupdate_scripts_classes[22m | [39m[0m
2026-10-07T09:05:23.4835124Z [  73% ] [90m[1mupdate_scripts_classes[22m | [39m[0m
2026-10-07T09:05:23.4835323Z [  73% ] [90m[1mupdate_scripts_classes[22m | [39m[0m
2026-10-07T09:05:23.4835525Z [  73% ] [90m[1mupdate_scripts_classes[22m | [39m[0m
2026-10-07T09:05:23.4835827Z [  73% ] [90m[1mupdate_scripts_classes[22m | [39m[0m
2026-10-07T09:05:23.4836124Z [  73% ] [90m[1mupdate_scripts_classes[22m | [39m[0m
2026-10-07T09:05:23.4836325Z [  73% ] [90m[1mupdate_scripts_classes[22m | [39m[0m
2026-10-07T09:05:23.4836529Z [  73% ] [90m[1mupdate_scripts_classes[22m | [39m[0m
2026-10-07T09:05:23.4836731Z [  73% ] [90m[1mupdate_scripts_classes[22m | [39m[0m
2026-10-07T09:05:23.4836927Z [  73% ] [90m[1mupdate_scripts_classes[22m | [39m[0m
2026-10-07T09:05:23.4837130Z [  73% ] [90m[1mupdate_scripts_classes[22m | [39m[0m
2026-10-07T09:05:23.4837331Z [  73% ] [90m[1mupdate_scripts_classes[22m | [39m[0m
2026-10-07T09:05:23.4837527Z [  73% ] [90m[1mupdate_scripts_classes[22m | [39m[0m
2026-10-07T09:05:23.4837697Z [  73% ] [90m[1mupdate_scripts_classes[22m | [39m[0m
2026-10-07T09:05:23.4837826Z [  73% ] [90m[1mupdate_scripts_classes[22m | [39m[0m
2026-10-07T09:05:23.4837953Z [  73% ] [90m[1mupdate_scripts_classes[22m | [39m[0m
2026-10-07T09:05:23.4838084Z [  73% ] [90m[1mupdate_scripts_classes[22m | [39m[0m
2026-10-07T09:05:23.4838213Z [  73% ] [90m[1mupdate_scripts_classes[22m | [39m[0m
2026-10-07T09:05:23.4838338Z [  73% ] [90m[1mupdate_scripts_classes[22m | [39m[0m
2026-10-07T09:05:23.4838461Z [  73% ] [90m[1mupdate_scripts_classes[22m | [39m[0m
2026-10-07T09:05:23.4838588Z [  73% ] [90m[1mupdate_scripts_classes[22m | [39m[0m
2026-10-07T09:05:23.4838715Z [  73% ] [90m[1mupdate_scripts_classes[22m | [39m[0m
2026-10-07T09:05:23.4838841Z [  73% ] [90m[1mupdate_scripts_classes[22m | [39m[0m
2026-10-07T09:05:23.4838965Z [  73% ] [90m[1mupdate_scripts_classes[22m | [39m[0m
2026-10-07T09:05:23.4839094Z [  73% ] [90m[1mupdate_scripts_classes[22m | [39m[0m
2026-10-07T09:05:23.4839218Z [  74% ] [90m[1mupdate_scripts_classes[22m | [39m[0m
2026-10-07T09:05:23.4839340Z [  74% ] [90m[1mupdate_scripts_classes[22m | [39m[0m
2026-10-07T09:05:23.4839467Z [  74% ] [90m[1mupdate_scripts_classes[22m | [39m[0m
2026-10-07T09:05:23.4839599Z [  74% ] [90m[1mupdate_scripts_classes[22m | [39m[0m
2026-10-07T09:05:23.4839727Z [  74% ] [90m[1mupdate_scripts_classes[22m | [39m[0m
2026-10-07T09:05:23.4839848Z [  74% ] [90m[1mupdate_scripts_classes[22m | [39m[0m
2026-10-07T09:05:23.4839975Z [  74% ] [90m[1mupdate_scripts_classes[22m | [39m[0m
2026-10-07T09:05:23.4840102Z [  74% ] [90m[1mupdate_scripts_classes[22m | [39m[0m
2026-10-07T09:05:23.4840224Z [  74% ] [90m[1mupdate_scripts_classes[22m | [39m[0m
2026-10-07T09:05:23.4840349Z [  74% ] [90m[1mupdate_scripts_classes[22m | [39m[0m
2026-10-07T09:05:23.4840473Z [  74% ] [90m[1mupdate_scripts_classes[22m | [39m[0m
2026-10-07T09:05:23.4840600Z [  74% ] [90m[1mupdate_scripts_classes[22m | [39m[0m
2026-10-07T09:05:23.4840727Z [  74% ] [90m[1mupdate_scripts_classes[22m | [39m[0m
2026-10-07T09:05:23.4840862Z [  74% ] [90m[1mupdate_scripts_classes[22m | [39m[0m
2026-10-07T09:05:23.4840991Z [  74% ] [90m[1mupdate_scripts_classes[22m | [39m[0m
2026-10-07T09:05:23.4841119Z [  74% ] [90m[1mupdate_scripts_classes[22m | [39m[0m
2026-10-07T09:05:23.4841363Z [  74% ] [90m[1mupdate_scripts_classes[22m | [39m[0m
2026-10-07T09:05:23.4841494Z [  74% ] [90m[1mupdate_scripts_classes[22m | [39m[0m
2026-10-07T09:05:23.4841625Z [  74% ] [90m[1mupdate_scripts_classes[22m | [39m[0m
2026-10-07T09:05:23.4841748Z [  74% ] [90m[1mupdate_scripts_classes[22m | [39m[0m
2026-10-07T09:05:23.4841876Z [  74% ] [90m[1mupdate_scripts_classes[22m | [39m[0m
2026-10-07T09:05:23.4842002Z [  74% ] [90m[1mupdate_scripts_classes[22m | [39m[0m
2026-10-07T09:05:23.4842124Z [  74% ] [90m[1mupdate_scripts_classes[22m | [39m[0m
2026-10-07T09:05:23.4842251Z [  74% ] [90m[1mupdate_scripts_classes[22m | [39m[0m
2026-10-07T09:05:23.4842379Z [  74% ] [90m[1mupdate_scripts_classes[22m | [39m[0m
2026-10-07T09:05:23.4842506Z [  74% ] [90m[1mupdate_scripts_classes[22m | [39m[0m
2026-10-07T09:05:23.4842755Z [  74% ] [90m[1mupdate_scripts_classes[22m | [39m[0m
2026-10-07T09:05:23.4842896Z [  74% ] [90m[1mupdate_scripts_classes[22m | [39m[0m
2026-10-07T09:05:23.4843034Z [  74% ] [90m[1mupdate_scripts_classes[22m | [39m[0m
2026-10-07T09:05:23.4843161Z [  74% ] [90m[1mupdate_scripts_classes[22m | [39m[0m
2026-10-07T09:05:23.4843289Z [  74% ] [90m[1mupdate_scripts_classes[22m | [39m[0m
2026-10-07T09:05:23.4843418Z [  75% ] [90m[1mupdate_scripts_classes[22m | [39m[0m
2026-10-07T09:05:23.4843540Z [  75% ] [90m[1mupdate_scripts_classes[22m | [39m[0m
2026-10-07T09:05:23.4843673Z [  75% ] [90m[1mupdate_scripts_classes[22m | [39m[0m
2026-10-07T09:05:23.4843801Z [  75% ] [90m[1mupdate_scripts_classes[22m | [39m[0m
2026-10-07T09:05:23.4843929Z [  75% ] [90m[1mupdate_scripts_classes[22m | [39m[0m
2026-10-07T09:05:23.4844052Z [  75% ] [90m[1mupdate_scripts_classes[22m | [39m[0m
2026-10-07T09:05:23.4844178Z [  75% ] [90m[1mupdate_scripts_classes[22m | [39m[0m
2026-10-07T09:05:23.4844308Z [  75% ] [90m[1mupdate_scripts_classes[22m | [39m[0m
2026-10-07T09:05:23.4844435Z [  75% ] [90m[1mupdate_scripts_classes[22m | [39m[0m
2026-10-07T09:05:23.4844564Z [  75% ] [90m[1mupdate_scripts_classes[22m | [39m[0m
2026-10-07T09:05:23.4844692Z [  75% ] [90m[1mupdate_scripts_classes[22m | [39m[0m
2026-10-07T09:05:23.4844817Z [  75% ] [90m[1mupdate_scripts_classes[22m | [39m[0m
2026-10-07T09:05:23.4844940Z [  75% ] [90m[1mupdate_scripts_classes[22m | [39m[0m
2026-10-07T09:05:23.4845068Z [  75% ] [90m[1mupdate_scripts_classes[22m | [39m[0m
2026-10-07T09:05:23.4845196Z [  75% ] [90m[1mupdate_scripts_classes[22m | [39m[0m
2026-10-07T09:05:23.4845318Z [  75% ] [90m[1mupdate_scripts_classes[22m | [39m[0m
2026-10-07T09:05:23.4845444Z [  75% ] [90m[1mupdate_scripts_classes[22m | [39m[0m
2026-10-07T09:05:23.4845571Z [  75% ] [90m[1mupdate_scripts_classes[22m | [39m[0m
2026-10-07T09:05:23.4845698Z [  75% ] [90m[1mupdate_scripts_classes[22m | [39m[0m
2026-10-07T09:05:23.4845826Z [  75% ] [90m[1mupdate_scripts_classes[22m | [39m[0m
2026-10-07T09:05:23.4846128Z [  75% ] [90m[1mupdate_scripts_classes[22m | [39m[0m
2026-10-07T09:05:23.4846260Z [  75% ] [90m[1mupdate_scripts_classes[22m | [39m[0m
2026-10-07T09:05:23.4846384Z [  75% ] [90m[1mupdate_scripts_classes[22m | [39m[0m
2026-10-07T09:05:23.4846512Z [  75% ] [90m[1mupdate_scripts_classes[22m | [39m[0m
2026-10-07T09:05:23.4846640Z [  75% ] [90m[1mupdate_scripts_classes[22m | [39m[0m
2026-10-07T09:05:23.4846767Z [  75% ] [90m[1mupdate_scripts_classes[22m | [39m[0m
2026-10-07T09:05:23.4846892Z [  75% ] [90m[1mupdate_scripts_classes[22m | [39m[0m
2026-10-07T09:05:23.4847018Z [  75% ] [90m[1mupdate_scripts_classes[22m | [39m[0m
2026-10-07T09:05:23.4847147Z [  75% ] [90m[1mupdate_scripts_classes[22m | [39m[0m
2026-10-07T09:05:23.4847269Z [  75% ] [90m[1mupdate_scripts_classes[22m | [39m[0m
2026-10-07T09:05:23.4847396Z [  75% ] [90m[1mupdate_scripts_classes[22m | [39m[0m
2026-10-07T09:05:23.4847527Z [  76% ] [90m[1mupdate_scripts_classes[22m | [39m[0m
2026-10-07T09:05:23.4847765Z [  76% ] [90m[1mupdate_scripts_classes[22m | [39m[0m
2026-10-07T09:05:23.4847890Z [  76% ] [90m[1mupdate_scripts_classes[22m | [39m[0m
2026-10-07T09:05:23.4848020Z [  76% ] [90m[1mupdate_scripts_classes[22m | [39m[0m
2026-10-07T09:05:23.4848154Z [  76% ] [90m[1mupdate_scripts_classes[22m | [39m[0m
2026-10-07T09:05:23.4848278Z [  76% ] [90m[1mupdate_scripts_classes[22m | [39m[0m
2026-10-07T09:05:23.4848409Z [  76% ] [90m[1mupdate_scripts_classes[22m | [39m[0m
2026-10-07T09:05:23.4848537Z [  76% ] [90m[1mupdate_scripts_classes[22m | [39m[0m
2026-10-07T09:05:23.4848664Z [  76% ] [90m[1mupdate_scripts_classes[22m | [39m[0m
2026-10-07T09:05:23.4848789Z [  76% ] [90m[1mupdate_scripts_classes[22m | [39m[0m
2026-10-07T09:05:23.4848917Z [  76% ] [90m[1mupdate_scripts_classes[22m | [39m[0m
2026-10-07T09:05:23.4849144Z [  76% ] [90m[1mupdate_scripts_classes[22m | [39m[0m
2026-10-07T09:05:23.4849268Z [  76% ] [90m[1mupdate_scripts_classes[22m | [39m[0m
2026-10-07T09:05:23.4849404Z [  76% ] [90m[1mupdate_scripts_classes[22m | [39m[0m
2026-10-07T09:05:23.4849535Z [  76% ] [90m[1mupdate_scripts_classes[22m | [39m[0m
2026-10-07T09:05:23.4849666Z [  76% ] [90m[1mupdate_scripts_classes[22m | [39m[0m
2026-10-07T09:05:23.4849789Z [  76% ] [90m[1mupdate_scripts_classes[22m | [39m[0m
2026-10-07T09:05:23.4849914Z [  76% ] [90m[1mupdate_scripts_classes[22m | [39m[0m
2026-10-07T09:05:23.4850041Z [  76% ] [90m[1mupdate_scripts_classes[22m | [39m[0m
2026-10-07T09:05:23.4850164Z [  76% ] [90m[1mupdate_scripts_classes[22m | [39m[0m
2026-10-07T09:05:23.4850292Z [  76% ] [90m[1mupdate_scripts_classes[22m | [39m[0m
2026-10-07T09:05:23.4850419Z [  76% ] [90m[1mupdate_scripts_classes[22m | [39m[0m
2026-10-07T09:05:23.4850545Z [  76% ] [90m[1mupdate_scripts_classes[22m | [39m[0m
2026-10-07T09:05:23.4850672Z [  76% ] [90m[1mupdate_scripts_classes[22m | [39m[0m
2026-10-07T09:05:23.4850805Z [  76% ] [90m[1mupdate_scripts_classes[22m | [39m[0m
2026-10-07T09:05:23.4850933Z [  76% ] [90m[1mupdate_scripts_classes[22m | [39m[0m
2026-10-07T09:05:23.4851056Z [  76% ] [90m[1mupdate_scripts_classes[22m | [39m[0m
2026-10-07T09:05:23.4851185Z [  76% ] [90m[1mupdate_scripts_classes[22m | [39m[0m
2026-10-07T09:05:23.4851314Z [  76% ] [90m[1mupdate_scripts_classes[22m | [39m[0m
2026-10-07T09:05:23.4851438Z [  76% ] [90m[1mupdate_scripts_classes[22m | [39m[0m
2026-10-07T09:05:23.4851562Z [  76% ] [90m[1mupdate_scripts_classes[22m | [39m[0m
2026-10-07T09:05:23.4851686Z [  77% ] [90m[1mupdate_scripts_classes[22m | [39m[0m
2026-10-07T09:05:23.4851823Z [  77% ] [90m[1mupdate_scripts_classes[22m | [39m[0m
2026-10-07T09:05:23.4851950Z [  77% ] [90m[1mupdate_scripts_classes[22m | [39m[0m
2026-10-07T09:05:23.4852107Z [  77% ] [90m[1mupdate_scripts_classes[22m | [39m[0m
2026-10-07T09:05:23.4852243Z [  77% ] [90m[1mupdate_scripts_classes[22m | [39m[0m
2026-10-07T09:05:23.4852472Z [  77% ] [90m[1mupdate_scripts_classes[22m | [39m[0m
2026-10-07T09:05:23.4852667Z [  77% ] [90m[1mupdate_scripts_classes[22m | [39m[0m
2026-10-07T09:05:23.4852870Z [  77% ] [90m[1mupdate_scripts_classes[22m | [39m[0m
2026-10-07T09:05:23.4853073Z [  77% ] [90m[1mupdate_scripts_classes[22m | [39m[0m
2026-10-07T09:05:23.4853272Z [  77% ] [90m[1mupdate_scripts_classes[22m | [39m[0m
2026-10-07T09:05:23.4853473Z [  77% ] [90m[1mupdate_scripts_classes[22m | [39m[0m
2026-10-07T09:05:23.4853675Z [  77% ] [90m[1mupdate_scripts_classes[22m | [39m[0m
2026-10-07T09:05:23.4853875Z [  77% ] [90m[1mupdate_scripts_classes[22m | [39m[0m
2026-10-07T09:05:23.4854071Z [  77% ] [90m[1mupdate_scripts_classes[22m | [39m[0m
2026-10-07T09:05:23.4854276Z [  77% ] [90m[1mupdate_scripts_classes[22m | [39m[0m
2026-10-07T09:05:23.4854478Z [  77% ] [90m[1mupdate_scripts_classes[22m | [39m[0m
2026-10-07T09:05:23.4854681Z [  77% ] [90m[1mupdate_scripts_classes[22m | [39m[0m
2026-10-07T09:05:23.4854980Z [  77% ] [90m[1mupdate_scripts_classes[22m | [39m[0m
2026-10-07T09:05:23.4855183Z [  77% ] [90m[1mupdate_scripts_classes[22m | [39m[0m
2026-10-07T09:05:23.4855383Z [  77% ] [90m[1mupdate_scripts_classes[22m | [39m[0m
2026-10-07T09:05:23.4855579Z [  77% ] [90m[1mupdate_scripts_classes[22m | [39m[0m
2026-10-07T09:05:23.4855780Z [  77% ] [90m[1mupdate_scripts_classes[22m | [39m[0m
2026-10-07T09:05:23.4856047Z [  77% ] [90m[1mupdate_scripts_classes[22m | [39m[0m
2026-10-07T09:05:23.4856176Z [  77% ] [90m[1mupdate_scripts_classes[22m | [39m[0m
2026-10-07T09:05:23.4856304Z [  77% ] [90m[1mupdate_scripts_classes[22m | [39m[0m
2026-10-07T09:05:23.4856429Z [  77% ] [90m[1mupdate_scripts_classes[22m | [39m[0m
2026-10-07T09:05:23.4856556Z [  77% ] [90m[1mupdate_scripts_classes[22m | [39m[0m
2026-10-07T09:05:23.4856681Z [  77% ] [90m[1mupdate_scripts_classes[22m | [39m[0m
2026-10-07T09:05:23.4856922Z [  77% ] [90m[1mupdate_scripts_classes[22m | [39m[0m
2026-10-07T09:05:23.4857058Z [  77% ] [90m[1mupdate_scripts_classes[22m | [39m[0m
2026-10-07T09:05:23.4857184Z [  77% ] [90m[1mupdate_scripts_classes[22m | [39m[0m
2026-10-07T09:05:23.4857314Z [  78% ] [90m[1mupdate_scripts_classes[22m | [39m[0m
2026-10-07T09:05:23.4857440Z [  78% ] [90m[1mupdate_scripts_classes[22m | [39m[0m
2026-10-07T09:05:23.4857567Z [  78% ] [90m[1mupdate_scripts_classes[22m | [39m[0m
2026-10-07T09:05:23.4857690Z [  78% ] [90m[1mupdate_scripts_classes[22m | [39m[0m
2026-10-07T09:05:23.4857816Z [  78% ] [90m[1mupdate_scripts_classes[22m | [39m[0m
2026-10-07T09:05:23.4857943Z [  78% ] [90m[1mupdate_scripts_classes[22m | [39m[0m
2026-10-07T09:05:23.4858065Z [  78% ] [90m[1mupdate_scripts_classes[22m | [39m[0m
2026-10-07T09:05:23.4858192Z [  78% ] [90m[1mupdate_scripts_classes[22m | [39m[0m
2026-10-07T09:05:23.4858330Z [  78% ] [90m[1mupdate_scripts_classes[22m | [39m[0m
2026-10-07T09:05:23.4858464Z [  78% ] [90m[1mupdate_scripts_classes[22m | [39m[0m
2026-10-07T09:05:23.4858589Z [  78% ] [90m[1mupdate_scripts_classes[22m | [39m[0m
2026-10-07T09:05:23.4858714Z [  78% ] [90m[1mupdate_scripts_classes[22m | [39m[0m
2026-10-07T09:05:23.4858842Z [  78% ] [90m[1mupdate_scripts_classes[22m | [39m[0m
2026-10-07T09:05:23.4858966Z [  78% ] [90m[1mupdate_scripts_classes[22m | [39m[0m
2026-10-07T09:05:23.4859091Z [  78% ] [90m[1mupdate_scripts_classes[22m | [39m[0m
2026-10-07T09:05:23.4859215Z [  78% ] [90m[1mupdate_scripts_classes[22m | [39m[0m
2026-10-07T09:05:23.4859342Z [  78% ] [90m[1mupdate_scripts_classes[22m | [39m[0m
2026-10-07T09:05:23.4859465Z [  78% ] [90m[1mupdate_scripts_classes[22m | [39m[0m
2026-10-07T09:05:23.4859592Z [  78% ] [90m[1mupdate_scripts_classes[22m | [39m[0m
2026-10-07T09:05:23.4859719Z [  78% ] [90m[1mupdate_scripts_classes[22m | [39m[0m
2026-10-07T09:05:23.4859845Z [  78% ] [90m[1mupdate_scripts_classes[22m | [39m[0m
2026-10-07T09:05:23.4859974Z [  78% ] [90m[1mupdate_scripts_classes[22m | [39m[0m
2026-10-07T09:05:23.4860101Z [  78% ] [90m[1mupdate_scripts_classes[22m | [39m[0m
2026-10-07T09:05:23.4860229Z [  78% ] [90m[1mupdate_scripts_classes[22m | [39m[0m
2026-10-07T09:05:23.4860353Z [  78% ] [90m[1mupdate_scripts_classes[22m | [39m[0m
2026-10-07T09:05:23.4860479Z [  78% ] [90m[1mupdate_scripts_classes[22m | [39m[0m
2026-10-07T09:05:23.4860606Z [  78% ] [90m[1mupdate_scripts_classes[22m | [39m[0m
2026-10-07T09:05:23.4860728Z [  78% ] [90m[1mupdate_scripts_classes[22m | [39m[0m
2026-10-07T09:05:23.4860855Z [  78% ] [90m[1mupdate_scripts_classes[22m | [39m[0m
2026-10-07T09:05:23.4860982Z [  78% ] [90m[1mupdate_scripts_classes[22m | [39m[0m
2026-10-07T09:05:23.4861107Z [  78% ] [90m[1mupdate_scripts_classes[22m | [39m[0m
2026-10-07T09:05:23.4861230Z [  79% ] [90m[1mupdate_scripts_classes[22m | [39m[0m
2026-10-07T09:05:23.4861361Z [  79% ] [90m[1mupdate_scripts_classes[22m | [39m[0m
2026-10-07T09:05:23.4861589Z [  79% ] [90m[1mupdate_scripts_classes[22m | [39m[0m
2026-10-07T09:05:23.4861716Z [  79% ] [90m[1mupdate_scripts_classes[22m | [39m[0m
2026-10-07T09:05:23.4861845Z [  79% ] [90m[1mupdate_scripts_classes[22m | [39m[0m
2026-10-07T09:05:23.4861974Z [  79% ] [90m[1mupdate_scripts_classes[22m | [39m[0m
2026-10-07T09:05:23.4862100Z [  79% ] [90m[1mupdate_scripts_classes[22m | [39m[0m
2026-10-07T09:05:23.4862223Z [  79% ] [90m[1mupdate_scripts_classes[22m | [39m[0m
2026-10-07T09:05:23.4862350Z [  79% ] [90m[1mupdate_scripts_classes[22m | [39m[0m
2026-10-07T09:05:23.4862483Z [  79% ] [90m[1mupdate_scripts_classes[22m | [39m[0m
2026-10-07T09:05:23.4862609Z [  79% ] [90m[1mupdate_scripts_classes[22m | [39m[0m
2026-10-07T09:05:23.4862736Z [  79% ] [90m[1mupdate_scripts_classes[22m | [39m[0m
2026-10-07T09:05:23.4862862Z [  79% ] [90m[1mupdate_scripts_classes[22m | [39m[0m
2026-10-07T09:05:23.4863064Z [  79% ] [90m[1mupdate_scripts_classes[22m | [39m[0m
2026-10-07T09:05:23.4863192Z [  79% ] [90m[1mupdate_scripts_classes[22m | [39m[0m
2026-10-07T09:05:23.4863320Z [  79% ] [90m[1mupdate_scripts_classes[22m | [39m[0m
2026-10-07T09:05:23.4863446Z [  79% ] [90m[1mupdate_scripts_classes[22m | [39m[0m
2026-10-07T09:05:23.4863570Z [  79% ] [90m[1mupdate_scripts_classes[22m | [39m[0m
2026-10-07T09:05:23.4863698Z [  79% ] [90m[1mupdate_scripts_classes[22m | [39m[0m
2026-10-07T09:05:23.4863826Z [  79% ] [90m[1mupdate_scripts_classes[22m | [39m[0m
2026-10-07T09:05:23.4863955Z [  79% ] [90m[1mupdate_scripts_classes[22m | [39m[0m
2026-10-07T09:05:23.4864080Z [  79% ] [90m[1mupdate_scripts_classes[22m | [39m[0m
2026-10-07T09:05:23.4864208Z [  79% ] [90m[1mupdate_scripts_classes[22m | [39m[0m
2026-10-07T09:05:23.4864333Z [  79% ] [90m[1mupdate_scripts_classes[22m | [39m[0m
2026-10-07T09:05:23.4864458Z [  79% ] [90m[1mupdate_scripts_classes[22m | [39m[0m
2026-10-07T09:05:23.4864588Z [  79% ] [90m[1mupdate_scripts_classes[22m | [39m[0m
2026-10-07T09:05:23.4864717Z [  79% ] [90m[1mupdate_scripts_classes[22m | [39m[0m
2026-10-07T09:05:23.4864846Z [  79% ] [90m[1mupdate_scripts_classes[22m | [39m[0m
2026-10-07T09:05:23.4864970Z [  79% ] [90m[1mupdate_scripts_classes[22m | [39m[0m
2026-10-07T09:05:23.4865098Z [  79% ] [90m[1mupdate_scripts_classes[22m | [39m[0m
2026-10-07T09:05:23.4865228Z [  79% ] [90m[1mupdate_scripts_classes[22m | [39m[0m
2026-10-07T09:05:23.4865351Z [  80% ] [90m[1mupdate_scripts_classes[22m | [39m[0m
2026-10-07T09:05:23.4865480Z [  80% ] [90m[1mupdate_scripts_classes[22m | [39m[0m
2026-10-07T09:05:23.4865609Z [  80% ] [90m[1mupdate_scripts_classes[22m | [39m[0m
2026-10-07T09:05:23.4865734Z [  80% ] [90m[1mupdate_scripts_classes[22m | [39m[0m
2026-10-07T09:05:23.4865941Z [  80% ] [90m[1mupdate_scripts_classes[22m | [39m[0m
2026-10-07T09:05:23.4866157Z [  80% ] [90m[1mupdate_scripts_classes[22m | [39m[0m
2026-10-07T09:05:23.4866291Z [  80% ] [90m[1mupdate_scripts_classes[22m | [39m[0m
2026-10-07T09:05:23.4866417Z [  80% ] [90m[1mupdate_scripts_classes[22m | [39m[0m
2026-10-07T09:05:23.4866544Z [  80% ] [90m[1mupdate_scripts_classes[22m | [39m[0m
2026-10-07T09:05:23.4866672Z [  80% ] [90m[1mupdate_scripts_classes[22m | [39m[0m
2026-10-07T09:05:23.4866799Z [  80% ] [90m[1mupdate_scripts_classes[22m | [39m[0m
2026-10-07T09:05:23.4866923Z [  80% ] [90m[1mupdate_scripts_classes[22m | [39m[0m
2026-10-07T09:05:23.4867050Z [  80% ] [90m[1mupdate_scripts_classes[22m | [39m[0m
2026-10-07T09:05:23.4867178Z [  80% ] [90m[1mupdate_scripts_classes[22m | [39m[0m
2026-10-07T09:05:23.4867301Z [  80% ] [90m[1mupdate_scripts_classes[22m | [39m[0m
2026-10-07T09:05:23.4867428Z [  80% ] [90m[1mupdate_scripts_classes[22m | [39m[0m
2026-10-07T09:05:23.4867556Z [  80% ] [90m[1mupdate_scripts_classes[22m | [39m[0m
2026-10-07T09:05:23.4867689Z [  80% ] [90m[1mupdate_scripts_classes[22m | [39m[0m
2026-10-07T09:05:23.4867919Z [  80% ] [90m[1mupdate_scripts_classes[22m | [39m[0m
2026-10-07T09:05:23.4868050Z [  80% ] [90m[1mupdate_scripts_classes[22m | [39m[0m
2026-10-07T09:05:23.4868176Z [  80% ] [90m[1mupdate_scripts_classes[22m | [39m[0m
2026-10-07T09:05:23.4868298Z [  80% ] [90m[1mupdate_scripts_classes[22m | [39m[0m
2026-10-07T09:05:23.4868425Z [  80% ] [90m[1mupdate_scripts_classes[22m | [39m[0m
2026-10-07T09:05:23.4868551Z [  80% ] [90m[1mupdate_scripts_classes[22m | [39m[0m
2026-10-07T09:05:23.4868679Z [  80% ] [90m[1mupdate_scripts_classes[22m | [39m[0m
2026-10-07T09:05:23.4868801Z [  80% ] [90m[1mupdate_scripts_classes[22m | [39m[0m
2026-10-07T09:05:23.4868928Z [  80% ] [90m[1mupdate_scripts_classes[22m | [39m[0m
2026-10-07T09:05:23.4869056Z [  80% ] [90m[1mupdate_scripts_classes[22m | [39m[0m
2026-10-07T09:05:23.4869179Z [  80% ] [90m[1mupdate_scripts_classes[22m | [39m[0m
2026-10-07T09:05:23.4869407Z [  80% ] [90m[1mupdate_scripts_classes[22m | [39m[0m
2026-10-07T09:05:23.4869538Z [  80% ] [90m[1mupdate_scripts_classes[22m | [39m[0m
2026-10-07T09:05:23.4869672Z [  81% ] [90m[1mupdate_scripts_classes[22m | [39m[0m
2026-10-07T09:05:23.4869798Z [  81% ] [90m[1mupdate_scripts_classes[22m | [39m[0m
2026-10-07T09:05:23.4870015Z [  81% ] [90m[1mupdate_scripts_classes[22m | [39m[0m
2026-10-07T09:05:23.4870242Z [  81% ] [90m[1mupdate_scripts_classes[22m | [39m[0m
2026-10-07T09:05:23.4870432Z [  81% ] [90m[1mupdate_scripts_classes[22m | [39m[0m
2026-10-07T09:05:23.4870563Z [  81% ] [90m[1mupdate_scripts_classes[22m | [39m[0m
2026-10-07T09:05:23.4870692Z [  81% ] [90m[1mupdate_scripts_classes[22m | [39m[0m
2026-10-07T09:05:23.4870821Z [  81% ] [90m[1mupdate_scripts_classes[22m | [39m[0m
2026-10-07T09:05:23.4870947Z [  81% ] [90m[1mupdate_scripts_classes[22m | [39m[0m
2026-10-07T09:05:23.4871089Z [  81% ] [90m[1mupdate_scripts_classes[22m | [39m[0m
2026-10-07T09:05:23.4871224Z [  81% ] [90m[1mupdate_scripts_classes[22m | [39m[0m
2026-10-07T09:05:23.4871410Z [  81% ] [90m[1mupdate_scripts_classes[22m | [39m[0m
2026-10-07T09:05:23.4871614Z [  81% ] [90m[1mupdate_scripts_classes[22m | [39m[0m
2026-10-07T09:05:23.4871817Z [  81% ] [90m[1mupdate_scripts_classes[22m | [39m[0m
2026-10-07T09:05:23.4872022Z [  81% ] [90m[1mupdate_scripts_classes[22m | [39m[0m
2026-10-07T09:05:23.4872218Z [  81% ] [90m[1mupdate_scripts_classes[22m | [39m[0m
2026-10-07T09:05:23.4872421Z [  81% ] [90m[1mupdate_scripts_classes[22m | [39m[0m
2026-10-07T09:05:23.4872622Z [  81% ] [90m[1mupdate_scripts_classes[22m | [39m[0m
2026-10-07T09:05:23.4872818Z [  81% ] [90m[1mupdate_scripts_classes[22m | [39m[0m
2026-10-07T09:05:23.4873020Z [  81% ] [90m[1mupdate_scripts_classes[22m | [39m[0m
2026-10-07T09:05:23.4873221Z [  81% ] [90m[1mupdate_scripts_classes[22m | [39m[0m
2026-10-07T09:05:23.4873428Z [  81% ] [90m[1mupdate_scripts_classes[22m | [39m[0m
2026-10-07T09:05:23.4873628Z [  81% ] [90m[1mupdate_scripts_classes[22m | [39m[0m
2026-10-07T09:05:23.4873830Z [  81% ] [90m[1mupdate_scripts_classes[22m | [39m[0m
2026-10-07T09:05:23.4874030Z [  81% ] [90m[1mupdate_scripts_classes[22m | [39m[0m
2026-10-07T09:05:23.4874227Z [  81% ] [90m[1mupdate_scripts_classes[22m | [39m[0m
2026-10-07T09:05:23.4874427Z [  81% ] [90m[1mupdate_scripts_classes[22m | [39m[0m
2026-10-07T09:05:23.4874633Z [  81% ] [90m[1mupdate_scripts_classes[22m | [39m[0m
2026-10-07T09:05:23.4874826Z [  81% ] [90m[1mupdate_scripts_classes[22m | [39m[0m
2026-10-07T09:05:23.4874954Z [  81% ] [90m[1mupdate_scripts_classes[22m | [39m[0m
2026-10-07T09:05:23.4875081Z [  81% ] [90m[1mupdate_scripts_classes[22m | [39m[0m
2026-10-07T09:05:23.4875208Z [  82% ] [90m[1mupdate_scripts_classes[22m | [39m[0m
2026-10-07T09:05:23.4875330Z [  82% ] [90m[1mupdate_scripts_classes[22m | [39m[0m
2026-10-07T09:05:23.4875464Z [  82% ] [90m[1mupdate_scripts_classes[22m | [39m[0m
2026-10-07T09:05:23.4875697Z [  82% ] [90m[1mupdate_scripts_classes[22m | [39m[0m
2026-10-07T09:05:23.4875827Z [  82% ] [90m[1mupdate_scripts_classes[22m | [39m[0m
2026-10-07T09:05:23.4876038Z [  82% ] [90m[1mupdate_scripts_classes[22m | [39m[0m
2026-10-07T09:05:23.4876168Z [  82% ] [90m[1mupdate_scripts_classes[22m | [39m[0m
2026-10-07T09:05:23.4876296Z [  82% ] [90m[1mupdate_scripts_classes[22m | [39m[0m
2026-10-07T09:05:23.4876420Z [  82% ] [90m[1mupdate_scripts_classes[22m | [39m[0m
2026-10-07T09:05:23.4876548Z [  82% ] [90m[1mupdate_scripts_classes[22m | [39m[0m
2026-10-07T09:05:23.4876675Z [  82% ] [90m[1mupdate_scripts_classes[22m | [39m[0m
2026-10-07T09:05:23.4876800Z [  82% ] [90m[1mupdate_scripts_classes[22m | [39m[0m
2026-10-07T09:05:23.4876924Z [  82% ] [90m[1mupdate_scripts_classes[22m | [39m[0m
2026-10-07T09:05:23.4877050Z [  82% ] [90m[1mupdate_scripts_classes[22m | [39m[0m
2026-10-07T09:05:23.4877284Z [  82% ] [90m[1mupdate_scripts_classes[22m | [39m[0m
2026-10-07T09:05:23.4877414Z [  82% ] [90m[1mupdate_scripts_classes[22m | [39m[0m
2026-10-07T09:05:23.4877544Z [  82% ] [90m[1mupdate_scripts_classes[22m | [39m[0m
2026-10-07T09:05:23.4877671Z [  82% ] [90m[1mupdate_scripts_classes[22m | [39m[0m
2026-10-07T09:05:23.4877797Z [  82% ] [90m[1mupdate_scripts_classes[22m | [39m[0m
2026-10-07T09:05:23.4877920Z [  82% ] [90m[1mupdate_scripts_classes[22m | [39m[0m
2026-10-07T09:05:23.4878047Z [  82% ] [90m[1mupdate_scripts_classes[22m | [39m[0m
2026-10-07T09:05:23.4878182Z [  82% ] [90m[1mupdate_scripts_classes[22m | [39m[0m
2026-10-07T09:05:23.4878307Z [  82% ] [90m[1mupdate_scripts_classes[22m | [39m[0m
2026-10-07T09:05:23.4878437Z [  82% ] [90m[1mupdate_scripts_classes[22m | [39m[0m
2026-10-07T09:05:23.4878564Z [  82% ] [90m[1mupdate_scripts_classes[22m | [39m[0m
2026-10-07T09:05:23.4878692Z [  82% ] [90m[1mupdate_scripts_classes[22m | [39m[0m
2026-10-07T09:05:23.4878817Z [  82% ] [90m[1mupdate_scripts_classes[22m | [39m[0m
2026-10-07T09:05:23.4878948Z [  82% ] [90m[1mupdate_scripts_classes[22m | [39m[0m
2026-10-07T09:05:23.4879076Z [  82% ] [90m[1mupdate_scripts_classes[22m | [39m[0m
2026-10-07T09:05:23.4879199Z [  82% ] [90m[1mupdate_scripts_classes[22m | [39m[0m
2026-10-07T09:05:23.4879326Z [  82% ] [90m[1mupdate_scripts_classes[22m | [39m[0m
2026-10-07T09:05:23.4879454Z [  83% ] [90m[1mupdate_scripts_classes[22m | [39m[0m
2026-10-07T09:05:23.4879581Z [  83% ] [90m[1mupdate_scripts_classes[22m | [39m[0m
2026-10-07T09:05:23.4879705Z [  83% ] [90m[1mupdate_scripts_classes[22m | [39m[0m
2026-10-07T09:05:23.4879832Z [  83% ] [90m[1mupdate_scripts_classes[22m | [39m[0m
2026-10-07T09:05:23.4879958Z [  83% ] [90m[1mupdate_scripts_classes[22m | [39m[0m
2026-10-07T09:05:23.4880079Z [  83% ] [90m[1mupdate_scripts_classes[22m | [39m[0m
2026-10-07T09:05:23.4880212Z [  83% ] [90m[1mupdate_scripts_classes[22m | [39m[0m
2026-10-07T09:05:23.4880342Z [  83% ] [90m[1mupdate_scripts_classes[22m | [39m[0m
2026-10-07T09:05:23.4880471Z [  83% ] [90m[1mupdate_scripts_classes[22m | [39m[0m
2026-10-07T09:05:23.4880592Z [  83% ] [90m[1mupdate_scripts_classes[22m | [39m[0m
2026-10-07T09:05:23.4880718Z [  83% ] [90m[1mupdate_scripts_classes[22m | [39m[0m
2026-10-07T09:05:23.4880849Z [  83% ] [90m[1mupdate_scripts_classes[22m | [39m[0m
2026-10-07T09:05:23.4880975Z [  83% ] [90m[1mupdate_scripts_classes[22m | [39m[0m
2026-10-07T09:05:23.4881100Z [  83% ] [90m[1mupdate_scripts_classes[22m | [39m[0m
2026-10-07T09:05:23.4881227Z [  83% ] [90m[1mupdate_scripts_classes[22m | [39m[0m
2026-10-07T09:05:23.4881354Z [  83% ] [90m[1mupdate_scripts_classes[22m | [39m[0m
2026-10-07T09:05:23.4881476Z [  83% ] [90m[1mupdate_scripts_classes[22m | [39m[0m
2026-10-07T09:05:23.4881602Z [  83% ] [90m[1mupdate_scripts_classes[22m | [39m[0m
2026-10-07T09:05:23.4881743Z [  83% ] [90m[1mupdate_scripts_classes[22m | [39m[0m
2026-10-07T09:05:23.4881972Z [  83% ] [90m[1mupdate_scripts_classes[22m | [39m[0m
2026-10-07T09:05:23.4882101Z [  83% ] [90m[1mupdate_scripts_classes[22m | [39m[0m
2026-10-07T09:05:23.4882228Z [  83% ] [90m[1mupdate_scripts_classes[22m | [39m[0m
2026-10-07T09:05:23.4882355Z [  83% ] [90m[1mupdate_scripts_classes[22m | [39m[0m
2026-10-07T09:05:23.4882477Z [  83% ] [90m[1mupdate_scripts_classes[22m | [39m[0m
2026-10-07T09:05:23.4882605Z [  83% ] [90m[1mupdate_scripts_classes[22m | [39m[0m
2026-10-07T09:05:23.4882731Z [  83% ] [90m[1mupdate_scripts_classes[22m | [39m[0m
2026-10-07T09:05:23.4882855Z [  83% ] [90m[1mupdate_scripts_classes[22m | [39m[0m
2026-10-07T09:05:23.4882983Z [  83% ] [90m[1mupdate_scripts_classes[22m | [39m[0m
2026-10-07T09:05:23.4883111Z [  83% ] [90m[1mupdate_scripts_classes[22m | [39m[0m
2026-10-07T09:05:23.4883238Z [  83% ] [90m[1mupdate_scripts_classes[22m | [39m[0m
2026-10-07T09:05:23.4883438Z [  83% ] [90m[1mupdate_scripts_classes[22m | [39m[0m
2026-10-07T09:05:23.4883572Z [  84% ] [90m[1mupdate_scripts_classes[22m | [39m[0m
2026-10-07T09:05:23.4883699Z [  84% ] [90m[1mupdate_scripts_classes[22m | [39m[0m
2026-10-07T09:05:23.4883821Z [  84% ] [90m[1mupdate_scripts_classes[22m | [39m[0m
2026-10-07T09:05:23.4883950Z [  84% ] [90m[1mupdate_scripts_classes[22m | [39m[0m
2026-10-07T09:05:23.4884077Z [  84% ] [90m[1mupdate_scripts_classes[22m | [39m[0m
2026-10-07T09:05:23.4884203Z [  84% ] [90m[1mupdate_scripts_classes[22m | [39m[0m
2026-10-07T09:05:23.4884324Z [  84% ] [90m[1mupdate_scripts_classes[22m | [39m[0m
2026-10-07T09:05:23.4884451Z [  84% ] [90m[1mupdate_scripts_classes[22m | [39m[0m
2026-10-07T09:05:23.4884576Z [  84% ] [90m[1mupdate_scripts_classes[22m | [39m[0m
2026-10-07T09:05:23.4884698Z [  84% ] [90m[1mupdate_scripts_classes[22m | [39m[0m
2026-10-07T09:05:23.4884834Z [  84% ] [90m[1mupdate_scripts_classes[22m | [39m[0m
2026-10-07T09:05:23.4884964Z [  84% ] [90m[1mupdate_scripts_classes[22m | [39m[0m
2026-10-07T09:05:23.4885097Z [  84% ] [90m[1mupdate_scripts_classes[22m | [39m[0m
2026-10-07T09:05:23.4885220Z [  84% ] [90m[1mupdate_scripts_classes[22m | [39m[0m
2026-10-07T09:05:23.4885348Z [  84% ] [90m[1mupdate_scripts_classes[22m | [39m[0m
2026-10-07T09:05:23.4885481Z [  84% ] [90m[1mupdate_scripts_classes[22m | [39m[0m
2026-10-07T09:05:23.4885605Z [  84% ] [90m[1mupdate_scripts_classes[22m | [39m[0m
2026-10-07T09:05:23.4885733Z [  84% ] [90m[1mupdate_scripts_classes[22m | [39m[0m
2026-10-07T09:05:23.4885945Z [  84% ] [90m[1mupdate_scripts_classes[22m | [39m[0m
2026-10-07T09:05:23.4886075Z [  84% ] [90m[1mupdate_scripts_classes[22m | [39m[0m
2026-10-07T09:05:23.4886199Z [  84% ] [90m[1mupdate_scripts_classes[22m | [39m[0m
2026-10-07T09:05:23.4886327Z [  84% ] [90m[1mupdate_scripts_classes[22m | [39m[0m
2026-10-07T09:05:23.4886459Z [  84% ] [90m[1mupdate_scripts_classes[22m | [39m[0m
2026-10-07T09:05:23.4886583Z [  84% ] [90m[1mupdate_scripts_classes[22m | [39m[0m
2026-10-07T09:05:23.4886713Z [  84% ] [90m[1mupdate_scripts_classes[22m | [39m[0m
2026-10-07T09:05:23.4886841Z [  84% ] [90m[1mupdate_scripts_classes[22m | [39m[0m
2026-10-07T09:05:23.4886968Z [  84% ] [90m[1mupdate_scripts_classes[22m | [39m[0m
2026-10-07T09:05:23.4887092Z [  84% ] [90m[1mupdate_scripts_classes[22m | [39m[0m
2026-10-07T09:05:23.4887220Z [  84% ] [90m[1mupdate_scripts_classes[22m | [39m[0m
2026-10-07T09:05:23.4887348Z [  84% ] [90m[1mupdate_scripts_classes[22m | [39m[0m
2026-10-07T09:05:23.4887473Z [  84% ] [90m[1mupdate_scripts_classes[22m | [39m[0m
2026-10-07T09:05:23.4887600Z [  85% ] [90m[1mupdate_scripts_classes[22m | [39m[0m
2026-10-07T09:05:23.4887726Z [  85% ] [90m[1mupdate_scripts_classes[22m | [39m[0m
2026-10-07T09:05:23.4887854Z [  85% ] [90m[1mupdate_scripts_classes[22m | [39m[0m
2026-10-07T09:05:23.4887983Z [  85% ] [90m[1mupdate_scripts_classes[22m | [39m[0m
2026-10-07T09:05:23.4888215Z [  85% ] [90m[1mupdate_scripts_classes[22m | [39m[0m
2026-10-07T09:05:23.4888346Z [  85% ] [90m[1mupdate_scripts_classes[22m | [39m[0m
2026-10-07T09:05:23.4888472Z [  85% ] [90m[1mupdate_scripts_classes[22m | [39m[0m
2026-10-07T09:05:23.4888602Z [  85% ] [90m[1mupdate_scripts_classes[22m | [39m[0m
2026-10-07T09:05:23.4888730Z [  85% ] [90m[1mupdate_scripts_classes[22m | [39m[0m
2026-10-07T09:05:23.4888855Z [  85% ] [90m[1mupdate_scripts_classes[22m | [39m[0m
2026-10-07T09:05:23.4888977Z [  85% ] [90m[1mupdate_scripts_classes[22m | [39m[0m
2026-10-07T09:05:23.4889105Z [  85% ] [90m[1mupdate_scripts_classes[22m | [39m[0m
2026-10-07T09:05:23.4889232Z [  85% ] [90m[1mupdate_scripts_classes[22m | [39m[0m
2026-10-07T09:05:23.4889354Z [  85% ] [90m[1mupdate_scripts_classes[22m | [39m[0m
2026-10-07T09:05:23.4889575Z [  85% ] [90m[1mupdate_scripts_classes[22m | [39m[0m
2026-10-07T09:05:23.4889898Z [  85% ] [90m[1mupdate_scripts_classes[22m | [39m[0m
2026-10-07T09:05:23.4890106Z [  85% ] [90m[1mupdate_scripts_classes[22m | [39m[0m
2026-10-07T09:05:23.4890302Z [  85% ] [90m[1mupdate_scripts_classes[22m | [39m[0m
2026-10-07T09:05:23.4890505Z [  85% ] [90m[1mupdate_scripts_classes[22m | [39m[0m
2026-10-07T09:05:23.4890707Z [  85% ] [90m[1mupdate_scripts_classes[22m | [39m[0m
2026-10-07T09:05:23.4890902Z [  85% ] [90m[1mupdate_scripts_classes[22m | [39m[0m
2026-10-07T09:05:23.4891104Z [  85% ] [90m[1mupdate_scripts_classes[22m | [39m[0m
2026-10-07T09:05:23.4891305Z [  85% ] [90m[1mupdate_scripts_classes[22m | [39m[0m
2026-10-07T09:05:23.4891507Z [  85% ] [90m[1mupdate_scripts_classes[22m | [39m[0m
2026-10-07T09:05:23.4891705Z [  85% ] [90m[1mupdate_scripts_classes[22m | [39m[0m
2026-10-07T09:05:23.4891905Z [  85% ] [90m[1mupdate_scripts_classes[22m | [39m[0m
2026-10-07T09:05:23.4892106Z [  85% ] [90m[1mupdate_scripts_classes[22m | [39m[0m
2026-10-07T09:05:23.4892306Z [  85% ] [90m[1mupdate_scripts_classes[22m | [39m[0m
2026-10-07T09:05:23.4892513Z [  85% ] [90m[1mupdate_scripts_classes[22m | [39m[0m
2026-10-07T09:05:23.4892713Z [  85% ] [90m[1mupdate_scripts_classes[22m | [39m[0m
2026-10-07T09:05:23.4892914Z [  85% ] [90m[1mupdate_scripts_classes[22m | [39m[0m
2026-10-07T09:05:23.4893044Z [  86% ] [90m[1mupdate_scripts_classes[22m | [39m[0m
2026-10-07T09:05:23.4893175Z [  86% ] [90m[1mupdate_scripts_classes[22m | [39m[0m
2026-10-07T09:05:23.4893303Z [  86% ] [90m[1mupdate_scripts_classes[22m | [39m[0m
2026-10-07T09:05:23.4893425Z [  86% ] [90m[1mupdate_scripts_classes[22m | [39m[0m
2026-10-07T09:05:23.4893551Z [  86% ] [90m[1mupdate_scripts_classes[22m | [39m[0m
2026-10-07T09:05:23.4893679Z [  86% ] [90m[1mupdate_scripts_classes[22m | [39m[0m
2026-10-07T09:05:23.4893806Z [  86% ] [90m[1mupdate_scripts_classes[22m | [39m[0m
2026-10-07T09:05:23.4893930Z [  86% ] [90m[1mupdate_scripts_classes[22m | [39m[0m
2026-10-07T09:05:23.4894063Z [  86% ] [90m[1mupdate_scripts_classes[22m | [39m[0m
2026-10-07T09:05:23.4894193Z [  86% ] [90m[1mupdate_scripts_classes[22m | [39m[0m
2026-10-07T09:05:23.4894315Z [  86% ] [90m[1mupdate_scripts_classes[22m | [39m[0m
2026-10-07T09:05:23.4894442Z [  86% ] [90m[1mupdate_scripts_classes[22m | [39m[0m
2026-10-07T09:05:23.4894570Z [  86% ] [90m[1mupdate_scripts_classes[22m | [39m[0m
2026-10-07T09:05:23.4894696Z [  86% ] [90m[1mupdate_scripts_classes[22m | [39m[0m
2026-10-07T09:05:23.4894819Z [  86% ] [90m[1mupdate_scripts_classes[22m | [39m[0m
2026-10-07T09:05:23.4894947Z [  86% ] [90m[1mupdate_scripts_classes[22m | [39m[0m
2026-10-07T09:05:23.4895073Z [  86% ] [90m[1mupdate_scripts_classes[22m | [39m[0m
2026-10-07T09:05:23.4895196Z [  86% ] [90m[1mupdate_scripts_classes[22m | [39m[0m
2026-10-07T09:05:23.4895326Z [  86% ] [90m[1mupdate_scripts_classes[22m | [39m[0m
2026-10-07T09:05:23.4895457Z [  86% ] [90m[1mupdate_scripts_classes[22m | [39m[0m
2026-10-07T09:05:23.4895664Z [  86% ] [90m[1mupdate_scripts_classes[22m | [39m[0m
2026-10-07T09:05:23.4895788Z [  86% ] [90m[1mupdate_scripts_classes[22m | [39m[0m
2026-10-07T09:05:23.4896100Z [  86% ] [90m[1mupdate_scripts_classes[22m | [39m[0m
2026-10-07T09:05:23.4896233Z [  86% ] [90m[1mupdate_scripts_classes[22m | [39m[0m
2026-10-07T09:05:23.4896359Z [  86% ] [90m[1mupdate_scripts_classes[22m | [39m[0m
2026-10-07T09:05:23.4896485Z [  86% ] [90m[1mupdate_scripts_classes[22m | [39m[0m
2026-10-07T09:05:23.4896611Z [  86% ] [90m[1mupdate_scripts_classes[22m | [39m[0m
2026-10-07T09:05:23.4896740Z [  86% ] [90m[1mupdate_scripts_classes[22m | [39m[0m
2026-10-07T09:05:23.4896864Z [  86% ] [90m[1mupdate_scripts_classes[22m | [39m[0m
2026-10-07T09:05:23.4896993Z [  86% ] [90m[1mupdate_scripts_classes[22m | [39m[0m
2026-10-07T09:05:23.4897120Z [  86% ] [90m[1mupdate_scripts_classes[22m | [39m[0m
2026-10-07T09:05:23.4897384Z [  87% ] [90m[1mupdate_scripts_classes[22m | [39m[0m
2026-10-07T09:05:23.4897518Z [  87% ] [90m[1mupdate_scripts_classes[22m | [39m[0m
2026-10-07T09:05:23.4897647Z [  87% ] [90m[1mupdate_scripts_classes[22m | [39m[0m
2026-10-07T09:05:23.4897776Z [  87% ] [90m[1mupdate_scripts_classes[22m | [39m[0m
2026-10-07T09:05:23.4897901Z [  87% ] [90m[1mupdate_scripts_classes[22m | [39m[0m
2026-10-07T09:05:23.4898032Z [  87% ] [90m[1mupdate_scripts_classes[22m | [39m[0m
2026-10-07T09:05:23.4898161Z [  87% ] [90m[1mupdate_scripts_classes[22m | [39m[0m
2026-10-07T09:05:23.4898286Z [  87% ] [90m[1mupdate_scripts_classes[22m | [39m[0m
2026-10-07T09:05:23.4898416Z [  87% ] [90m[1mupdate_scripts_classes[22m | [39m[0m
2026-10-07T09:05:23.4898546Z [  87% ] [90m[1mupdate_scripts_classes[22m | [39m[0m
2026-10-07T09:05:23.4898677Z [  87% ] [90m[1mupdate_scripts_classes[22m | [39m[0m
2026-10-07T09:05:23.4898801Z [  87% ] [90m[1mupdate_scripts_classes[22m | [39m[0m
2026-10-07T09:05:23.4898936Z [  87% ] [90m[1mupdate_scripts_classes[22m | [39m[0m
2026-10-07T09:05:23.4899069Z [  87% ] [90m[1mupdate_scripts_classes[22m | [39m[0m
2026-10-07T09:05:23.4899194Z [  87% ] [90m[1mupdate_scripts_classes[22m | [39m[0m
2026-10-07T09:05:23.4899324Z [  87% ] [90m[1mupdate_scripts_classes[22m | [39m[0m
2026-10-07T09:05:23.4899453Z [  87% ] [90m[1mupdate_scripts_classes[22m | [39m[0m
2026-10-07T09:05:23.4899584Z [  87% ] [90m[1mupdate_scripts_classes[22m | [39m[0m
2026-10-07T09:05:23.4899708Z [  87% ] [90m[1mupdate_scripts_classes[22m | [39m[0m
2026-10-07T09:05:23.4899838Z [  87% ] [90m[1mupdate_scripts_classes[22m | [39m[0m
2026-10-07T09:05:23.4899968Z [  87% ] [90m[1mupdate_scripts_classes[22m | [39m[0m
2026-10-07T09:05:23.4900092Z [  87% ] [90m[1mupdate_scripts_classes[22m | [39m[0m
2026-10-07T09:05:23.4900220Z [  87% ] [90m[1mupdate_scripts_classes[22m | [39m[0m
2026-10-07T09:05:23.4900349Z [  87% ] [90m[1mupdate_scripts_classes[22m | [39m[0m
2026-10-07T09:05:23.4900482Z [  87% ] [90m[1mupdate_scripts_classes[22m | [39m[0m
2026-10-07T09:05:23.4900611Z [  87% ] [90m[1mupdate_scripts_classes[22m | [39m[0m
2026-10-07T09:05:23.4900740Z [  87% ] [90m[1mupdate_scripts_classes[22m | [39m[0m
2026-10-07T09:05:23.4900868Z [  87% ] [90m[1mupdate_scripts_classes[22m | [39m[0m
2026-10-07T09:05:23.4900992Z [  87% ] [90m[1mupdate_scripts_classes[22m | [39m[0m
2026-10-07T09:05:23.4901120Z [  87% ] [90m[1mupdate_scripts_classes[22m | [39m[0m
2026-10-07T09:05:23.4901249Z [  87% ] [90m[1mupdate_scripts_classes[22m | [39m[0m
2026-10-07T09:05:23.4901380Z [  88% ] [90m[1mupdate_scripts_classes[22m | [39m[0m
2026-10-07T09:05:23.4901505Z [  88% ] [90m[1mupdate_scripts_classes[22m | [39m[0m
2026-10-07T09:05:23.4901632Z [  88% ] [90m[1mupdate_scripts_classes[22m | [39m[0m
2026-10-07T09:05:23.4901763Z [  88% ] [90m[1mupdate_scripts_classes[22m | [39m[0m
2026-10-07T09:05:23.4901894Z [  88% ] [90m[1mupdate_scripts_classes[22m | [39m[0m
2026-10-07T09:05:23.4902125Z [  88% ] [90m[1mupdate_scripts_classes[22m | [39m[0m
2026-10-07T09:05:23.4902259Z [  88% ] [90m[1mupdate_scripts_classes[22m | [39m[0m
2026-10-07T09:05:23.4902387Z [  88% ] [90m[1mupdate_scripts_classes[22m | [39m[0m
2026-10-07T09:05:23.4902510Z [  88% ] [90m[1mupdate_scripts_classes[22m | [39m[0m
2026-10-07T09:05:23.4902637Z [  88% ] [90m[1mupdate_scripts_classes[22m | [39m[0m
2026-10-07T09:05:23.4902766Z [  88% ] [90m[1mupdate_scripts_classes[22m | [39m[0m
2026-10-07T09:05:23.4902889Z [  88% ] [90m[1mupdate_scripts_classes[22m | [39m[0m
2026-10-07T09:05:23.4903017Z [  88% ] [90m[1mupdate_scripts_classes[22m | [39m[0m
2026-10-07T09:05:23.4903144Z [  88% ] [90m[1mupdate_scripts_classes[22m | [39m[0m
2026-10-07T09:05:23.4903271Z [  88% ] [90m[1mupdate_scripts_classes[22m | [39m[0m
2026-10-07T09:05:23.4903456Z [  88% ] [90m[1mupdate_scripts_classes[22m | [39m[0m
2026-10-07T09:05:23.4903680Z [  88% ] [90m[1mupdate_scripts_classes[22m | [39m[0m
2026-10-07T09:05:23.4903815Z [  88% ] [90m[1mupdate_scripts_classes[22m | [39m[0m
2026-10-07T09:05:23.4903940Z [  88% ] [90m[1mupdate_scripts_classes[22m | [39m[0m
2026-10-07T09:05:23.4904073Z [  88% ] [90m[1mupdate_scripts_classes[22m | [39m[0m
2026-10-07T09:05:23.4904203Z [  88% ] [90m[1mupdate_scripts_classes[22m | [39m[0m
2026-10-07T09:05:23.4904330Z [  88% ] [90m[1mupdate_scripts_classes[22m | [39m[0m
2026-10-07T09:05:23.4904453Z [  88% ] [90m[1mupdate_scripts_classes[22m | [39m[0m
2026-10-07T09:05:23.4904579Z [  88% ] [90m[1mupdate_scripts_classes[22m | [39m[0m
2026-10-07T09:05:23.4904706Z [  88% ] [90m[1mupdate_scripts_classes[22m | [39m[0m
2026-10-07T09:05:23.4904829Z [  88% ] [90m[1mupdate_scripts_classes[22m | [39m[0m
2026-10-07T09:05:23.4904956Z [  88% ] [90m[1mupdate_scripts_classes[22m | [39m[0m
2026-10-07T09:05:23.4905083Z [  88% ] [90m[1mupdate_scripts_classes[22m | [39m[0m
2026-10-07T09:05:23.4905215Z [  88% ] [90m[1mupdate_scripts_classes[22m | [39m[0m
2026-10-07T09:05:23.4905341Z [  88% ] [90m[1mupdate_scripts_classes[22m | [39m[0m
2026-10-07T09:05:23.4905468Z [  88% ] [90m[1mupdate_scripts_classes[22m | [39m[0m
2026-10-07T09:05:23.4905598Z [  89% ] [90m[1mupdate_scripts_classes[22m | [39m[0m
2026-10-07T09:05:23.4905721Z [  89% ] [90m[1mupdate_scripts_classes[22m | [39m[0m
2026-10-07T09:05:23.4905983Z [  89% ] [90m[1mupdate_scripts_classes[22m | [39m[0m
2026-10-07T09:05:23.4906163Z [  89% ] [90m[1mupdate_scripts_classes[22m | [39m[0m
2026-10-07T09:05:23.4906295Z [  89% ] [90m[1mupdate_scripts_classes[22m | [39m[0m
2026-10-07T09:05:23.4906418Z [  89% ] [90m[1mupdate_scripts_classes[22m | [39m[0m
2026-10-07T09:05:23.4906546Z [  89% ] [90m[1mupdate_scripts_classes[22m | [39m[0m
2026-10-07T09:05:23.4906672Z [  89% ] [90m[1mupdate_scripts_classes[22m | [39m[0m
2026-10-07T09:05:23.4906796Z [  89% ] [90m[1mupdate_scripts_classes[22m | [39m[0m
2026-10-07T09:05:23.4906932Z [  89% ] [90m[1mupdate_scripts_classes[22m | [39m[0m
2026-10-07T09:05:23.4907064Z [  89% ] [90m[1mupdate_scripts_classes[22m | [39m[0m
2026-10-07T09:05:23.4907191Z [  89% ] [90m[1mupdate_scripts_classes[22m | [39m[0m
2026-10-07T09:05:23.4907313Z [  89% ] [90m[1mupdate_scripts_classes[22m | [39m[0m
2026-10-07T09:05:23.4907442Z [  89% ] [90m[1mupdate_scripts_classes[22m | [39m[0m
2026-10-07T09:05:23.4907655Z [  89% ] [90m[1mupdate_scripts_classes[22m | [39m[0m
2026-10-07T09:05:23.4907850Z [  89% ] [90m[1mupdate_scripts_classes[22m | [39m[0m
2026-10-07T09:05:23.4908058Z [  89% ] [90m[1mupdate_scripts_classes[22m | [39m[0m
2026-10-07T09:05:23.4908256Z [  89% ] [90m[1mupdate_scripts_classes[22m | [39m[0m
2026-10-07T09:05:23.4908456Z [  89% ] [90m[1mupdate_scripts_classes[22m | [39m[0m
2026-10-07T09:05:23.4908649Z [  89% ] [90m[1mupdate_scripts_classes[22m | [39m[0m
2026-10-07T09:05:23.4908856Z [  89% ] [90m[1mupdate_scripts_classes[22m | [39m[0m
2026-10-07T09:05:23.4909058Z [  89% ] [90m[1mupdate_scripts_classes[22m | [39m[0m
2026-10-07T09:05:23.4909391Z [  89% ] [90m[1mupdate_scripts_classes[22m | [39m[0m
2026-10-07T09:05:23.4909596Z [  89% ] [90m[1mupdate_scripts_classes[22m | [39m[0m
2026-10-07T09:05:23.4909800Z [  89% ] [90m[1mupdate_scripts_classes[22m | [39m[0m
2026-10-07T09:05:23.4910002Z [  89% ] [90m[1mupdate_scripts_classes[22m | [39m[0m
2026-10-07T09:05:23.4910197Z [  89% ] [90m[1mupdate_scripts_classes[22m | [39m[0m
2026-10-07T09:05:23.4910399Z [  89% ] [90m[1mupdate_scripts_classes[22m | [39m[0m
2026-10-07T09:05:23.4910604Z [  89% ] [90m[1mupdate_scripts_classes[22m | [39m[0m
2026-10-07T09:05:23.4910799Z [  89% ] [90m[1mupdate_scripts_classes[22m | [39m[0m
2026-10-07T09:05:23.4910999Z [  89% ] [90m[1mupdate_scripts_classes[22m | [39m[0m
2026-10-07T09:05:23.4911134Z [  90% ] [90m[1mupdate_scripts_classes[22m | [39m[0m
2026-10-07T09:05:23.4911359Z [  90% ] [90m[1mupdate_scripts_classes[22m | [39m[0m
2026-10-07T09:05:23.4911492Z [  90% ] [90m[1mupdate_scripts_classes[22m | [39m[0m
2026-10-07T09:05:23.4911622Z [  90% ] [90m[1mupdate_scripts_classes[22m | [39m[0m
2026-10-07T09:05:23.4911749Z [  90% ] [90m[1mupdate_scripts_classes[22m | [39m[0m
2026-10-07T09:05:23.4911874Z [  90% ] [90m[1mupdate_scripts_classes[22m | [39m[0m
2026-10-07T09:05:23.4912003Z [  90% ] [90m[1mupdate_scripts_classes[22m | [39m[0m
2026-10-07T09:05:23.4912130Z [  90% ] [90m[1mupdate_scripts_classes[22m | [39m[0m
2026-10-07T09:05:23.4912257Z [  90% ] [90m[1mupdate_scripts_classes[22m | [39m[0m
2026-10-07T09:05:23.4912381Z [  90% ] [90m[1mupdate_scripts_classes[22m | [39m[0m
2026-10-07T09:05:23.4912509Z [  90% ] [90m[1mupdate_scripts_classes[22m | [39m[0m
2026-10-07T09:05:23.4912635Z [  90% ] [90m[1mupdate_scripts_classes[22m | [39m[0m
2026-10-07T09:05:23.4912757Z [  90% ] [90m[1mupdate_scripts_classes[22m | [39m[0m
2026-10-07T09:05:23.4912888Z [  90% ] [90m[1mupdate_scripts_classes[22m | [39m[0m
2026-10-07T09:05:23.4913020Z [  90% ] [90m[1mupdate_scripts_classes[22m | [39m[0m
2026-10-07T09:05:23.4913149Z [  90% ] [90m[1mupdate_scripts_classes[22m | [39m[0m
2026-10-07T09:05:23.4913272Z [  90% ] [90m[1mupdate_scripts_classes[22m | [39m[0m
2026-10-07T09:05:23.4913399Z [  90% ] [90m[1mupdate_scripts_classes[22m | [39m[0m
2026-10-07T09:05:23.4913526Z [  90% ] [90m[1mupdate_scripts_classes[22m | [39m[0m
2026-10-07T09:05:23.4913650Z [  90% ] [90m[1mupdate_scripts_classes[22m | [39m[0m
2026-10-07T09:05:23.4913779Z [  90% ] [90m[1mupdate_scripts_classes[22m | [39m[0m
2026-10-07T09:05:23.4913909Z [  90% ] [90m[1mupdate_scripts_classes[22m | [39m[0m
2026-10-07T09:05:23.4914035Z [  90% ] [90m[1mupdate_scripts_classes[22m | [39m[0m
2026-10-07T09:05:23.4914157Z [  90% ] [90m[1mupdate_scripts_classes[22m | [39m[0m
2026-10-07T09:05:23.4914284Z [  90% ] [90m[1mupdate_scripts_classes[22m | [39m[0m
2026-10-07T09:05:23.4914414Z [  90% ] [90m[1mupdate_scripts_classes[22m | [39m[0m
2026-10-07T09:05:23.4914542Z [  90% ] [90m[1mupdate_scripts_classes[22m | [39m[0m
2026-10-07T09:05:23.4914669Z [  90% ] [90m[1mupdate_scripts_classes[22m | [39m[0m
2026-10-07T09:05:23.4914797Z [  90% ] [90m[1mupdate_scripts_classes[22m | [39m[0m
2026-10-07T09:05:23.4914924Z [  90% ] [90m[1mupdate_scripts_classes[22m | [39m[0m
2026-10-07T09:05:23.4915050Z [  90% ] [90m[1mupdate_scripts_classes[22m | [39m[0m
2026-10-07T09:05:23.4915179Z [  91% ] [90m[1mupdate_scripts_classes[22m | [39m[0m
2026-10-07T09:05:23.4915305Z [  91% ] [90m[1mupdate_scripts_classes[22m | [39m[0m
2026-10-07T09:05:23.4915427Z [  91% ] [90m[1mupdate_scripts_classes[22m | [39m[0m
2026-10-07T09:05:23.4915554Z [  91% ] [90m[1mupdate_scripts_classes[22m | [39m[0m
2026-10-07T09:05:23.4915681Z [  91% ] [90m[1mupdate_scripts_classes[22m | [39m[0m
2026-10-07T09:05:23.4915808Z [  91% ] [90m[1mupdate_scripts_classes[22m | [39m[0m
2026-10-07T09:05:23.4916035Z [  91% ] [90m[1mupdate_scripts_classes[22m | [39m[0m
2026-10-07T09:05:23.4916281Z [  91% ] [90m[1mupdate_scripts_classes[22m | [39m[0m
2026-10-07T09:05:23.4916412Z [  91% ] [90m[1mupdate_scripts_classes[22m | [39m[0m
2026-10-07T09:05:23.4916536Z [  91% ] [90m[1mupdate_scripts_classes[22m | [39m[0m
2026-10-07T09:05:23.4916666Z [  91% ] [90m[1mupdate_scripts_classes[22m | [39m[0m
2026-10-07T09:05:23.4916793Z [  91% ] [90m[1mupdate_scripts_classes[22m | [39m[0m
2026-10-07T09:05:23.4916920Z [  91% ] [90m[1mupdate_scripts_classes[22m | [39m[0m
2026-10-07T09:05:23.4917043Z [  91% ] [90m[1mupdate_scripts_classes[22m | [39m[0m
2026-10-07T09:05:23.4917170Z [  91% ] [90m[1mupdate_scripts_classes[22m | [39m[0m
2026-10-07T09:05:23.4917298Z [  91% ] [90m[1mupdate_scripts_classes[22m | [39m[0m
2026-10-07T09:05:23.4917423Z [  91% ] [90m[1mupdate_scripts_classes[22m | [39m[0m
2026-10-07T09:05:23.4917651Z [  91% ] [90m[1mupdate_scripts_classes[22m | [39m[0m
2026-10-07T09:05:23.4917786Z [  91% ] [90m[1mupdate_scripts_classes[22m | [39m[0m
2026-10-07T09:05:23.4917919Z [  91% ] [90m[1mupdate_scripts_classes[22m | [39m[0m
2026-10-07T09:05:23.4918044Z [  91% ] [90m[1mupdate_scripts_classes[22m | [39m[0m
2026-10-07T09:05:23.4918174Z [  91% ] [90m[1mupdate_scripts_classes[22m | [39m[0m
2026-10-07T09:05:23.4918302Z [  91% ] [90m[1mupdate_scripts_classes[22m | [39m[0m
2026-10-07T09:05:23.4918423Z [  91% ] [90m[1mupdate_scripts_classes[22m | [39m[0m
2026-10-07T09:05:23.4918552Z [  91% ] [90m[1mupdate_scripts_classes[22m | [39m[0m
2026-10-07T09:05:23.4918682Z [  91% ] [90m[1mupdate_scripts_classes[22m | [39m[0m
2026-10-07T09:05:23.4918810Z [  91% ] [90m[1mupdate_scripts_classes[22m | [39m[0m
2026-10-07T09:05:23.4918936Z [  91% ] [90m[1mupdate_scripts_classes[22m | [39m[0m
2026-10-07T09:05:23.4919063Z [  91% ] [90m[1mupdate_scripts_classes[22m | [39m[0m
2026-10-07T09:05:23.4919195Z [  91% ] [90m[1mupdate_scripts_classes[22m | [39m[0m
2026-10-07T09:05:23.4919323Z [  91% ] [90m[1mupdate_scripts_classes[22m | [39m[0m
2026-10-07T09:05:23.4919451Z [  92% ] [90m[1mupdate_scripts_classes[22m | [39m[0m
2026-10-07T09:05:23.4919581Z [  92% ] [90m[1mupdate_scripts_classes[22m | [39m[0m
2026-10-07T09:05:23.4919710Z [  92% ] [90m[1mupdate_scripts_classes[22m | [39m[0m
2026-10-07T09:05:23.4919832Z [  92% ] [90m[1mupdate_scripts_classes[22m | [39m[0m
2026-10-07T09:05:23.4919959Z [  92% ] [90m[1mupdate_scripts_classes[22m | [39m[0m
2026-10-07T09:05:23.4920087Z [  92% ] [90m[1mupdate_scripts_classes[22m | [39m[0m
2026-10-07T09:05:23.4920212Z [  92% ] [90m[1mupdate_scripts_classes[22m | [39m[0m
2026-10-07T09:05:23.4920337Z [  92% ] [90m[1mupdate_scripts_classes[22m | [39m[0m
2026-10-07T09:05:23.4920464Z [  92% ] [90m[1mupdate_scripts_classes[22m | [39m[0m
2026-10-07T09:05:23.4920591Z [  92% ] [90m[1mupdate_scripts_classes[22m | [39m[0m
2026-10-07T09:05:23.4920718Z [  92% ] [90m[1mupdate_scripts_classes[22m | [39m[0m
2026-10-07T09:05:23.4920847Z [  92% ] [90m[1mupdate_scripts_classes[22m | [39m[0m
2026-10-07T09:05:23.4920974Z [  92% ] [90m[1mupdate_scripts_classes[22m | [39m[0m
2026-10-07T09:05:23.4921096Z [  92% ] [90m[1mupdate_scripts_classes[22m | [39m[0m
2026-10-07T09:05:23.4921224Z [  92% ] [90m[1mupdate_scripts_classes[22m | [39m[0m
2026-10-07T09:05:23.4921350Z [  92% ] [90m[1mupdate_scripts_classes[22m | [39m[0m
2026-10-07T09:05:23.4921477Z [  92% ] [90m[1mupdate_scripts_classes[22m | [39m[0m
2026-10-07T09:05:23.4921599Z [  92% ] [90m[1mupdate_scripts_classes[22m | [39m[0m
2026-10-07T09:05:23.4921725Z [  92% ] [90m[1mupdate_scripts_classes[22m | [39m[0m
2026-10-07T09:05:23.4921851Z [  92% ] [90m[1mupdate_scripts_classes[22m | [39m[0m
2026-10-07T09:05:23.4921974Z [  92% ] [90m[1mupdate_scripts_classes[22m | [39m[0m
2026-10-07T09:05:23.4922103Z [  92% ] [90m[1mupdate_scripts_classes[22m | [39m[0m
2026-10-07T09:05:23.4922233Z [  92% ] [90m[1mupdate_scripts_classes[22m | [39m[0m
2026-10-07T09:05:23.4922439Z [  92% ] [90m[1mupdate_scripts_classes[22m | [39m[0m
2026-10-07T09:05:23.4922567Z [  92% ] [90m[1mupdate_scripts_classes[22m | [39m[0m
2026-10-07T09:05:23.4922699Z [  92% ] [90m[1mupdate_scripts_classes[22m | [39m[0m
2026-10-07T09:05:23.4922826Z [  92% ] [90m[1mupdate_scripts_classes[22m | [39m[0m
2026-10-07T09:05:23.4922948Z [  92% ] [90m[1mupdate_scripts_classes[22m | [39m[0m
2026-10-07T09:05:23.4923074Z [  92% ] [90m[1mupdate_scripts_classes[22m | [39m[0m
2026-10-07T09:05:23.4923201Z [  92% ] [90m[1mupdate_scripts_classes[22m | [39m[0m
2026-10-07T09:05:23.4923343Z [  92% ] [90m[1mupdate_scripts_classes[22m | [39m[0m
2026-10-07T09:05:23.4923468Z [  93% ] [90m[1mupdate_scripts_classes[22m | [39m[0m
2026-10-07T09:05:23.4923603Z [  93% ] [90m[1mupdate_scripts_classes[22m | [39m[0m
2026-10-07T09:05:23.4923804Z [  93% ] [90m[1mupdate_scripts_classes[22m | [39m[0m
2026-10-07T09:05:23.4923933Z [  93% ] [90m[1mupdate_scripts_classes[22m | [39m[0m
2026-10-07T09:05:23.4924062Z [  93% ] [90m[1mupdate_scripts_classes[22m | [39m[0m
2026-10-07T09:05:23.4924194Z [  93% ] [90m[1mupdate_scripts_classes[22m | [39m[0m
2026-10-07T09:05:23.4924322Z [  93% ] [90m[1mupdate_scripts_classes[22m | [39m[0m
2026-10-07T09:05:23.4924444Z [  93% ] [90m[1mupdate_scripts_classes[22m | [39m[0m
2026-10-07T09:05:23.4924572Z [  93% ] [90m[1mupdate_scripts_classes[22m | [39m[0m
2026-10-07T09:05:23.4924699Z [  93% ] [90m[1mupdate_scripts_classes[22m | [39m[0m
2026-10-07T09:05:23.4924823Z [  93% ] [90m[1mupdate_scripts_classes[22m | [39m[0m
2026-10-07T09:05:23.4924950Z [  93% ] [90m[1mupdate_scripts_classes[22m | [39m[0m
2026-10-07T09:05:23.4925077Z [  93% ] [90m[1mupdate_scripts_classes[22m | [39m[0m
2026-10-07T09:05:23.4925205Z [  93% ] [90m[1mupdate_scripts_classes[22m | [39m[0m
2026-10-07T09:05:23.4925337Z [  93% ] [90m[1mupdate_scripts_classes[22m | [39m[0m
2026-10-07T09:05:23.4925471Z [  93% ] [90m[1mupdate_scripts_classes[22m | [39m[0m
2026-10-07T09:05:23.4925599Z [  93% ] [90m[1mupdate_scripts_classes[22m | [39m[0m
2026-10-07T09:05:23.4925719Z [  93% ] [90m[1mupdate_scripts_classes[22m | [39m[0m
2026-10-07T09:05:23.4925931Z [  93% ] [90m[1mupdate_scripts_classes[22m | [39m[0m
2026-10-07T09:05:23.4926062Z [  93% ] [90m[1mupdate_scripts_classes[22m | [39m[0m
2026-10-07T09:05:23.4926191Z [  93% ] [90m[1mupdate_scripts_classes[22m | [39m[0m
2026-10-07T09:05:23.4926313Z [  93% ] [90m[1mupdate_scripts_classes[22m | [39m[0m
2026-10-07T09:05:23.4926440Z [  93% ] [90m[1mupdate_scripts_classes[22m | [39m[0m
2026-10-07T09:05:23.4926568Z [  93% ] [90m[1mupdate_scripts_classes[22m | [39m[0m
2026-10-07T09:05:23.4926691Z [  93% ] [90m[1mupdate_scripts_classes[22m | [39m[0m
2026-10-07T09:05:23.4926816Z [  93% ] [90m[1mupdate_scripts_classes[22m | [39m[0m
2026-10-07T09:05:23.4926948Z [  93% ] [90m[1mupdate_scripts_classes[22m | [39m[0m
2026-10-07T09:05:23.4927078Z [  93% ] [90m[1mupdate_scripts_classes[22m | [39m[0m
2026-10-07T09:05:23.4927201Z [  93% ] [90m[1mupdate_scripts_classes[22m | [39m[0m
2026-10-07T09:05:23.4927328Z [  93% ] [90m[1mupdate_scripts_classes[22m | [39m[0m
2026-10-07T09:05:23.4927456Z [  93% ] [90m[1mupdate_scripts_classes[22m | [39m[0m
2026-10-07T09:05:23.4927577Z [  94% ] [90m[1mupdate_scripts_classes[22m | [39m[0m
2026-10-07T09:05:23.4927702Z [  94% ] [90m[1mupdate_scripts_classes[22m | [39m[0m
2026-10-07T09:05:23.4927836Z [  94% ] [90m[1mupdate_scripts_classes[22m | [39m[0m
2026-10-07T09:05:23.4927966Z [  94% ] [90m[1mupdate_scripts_classes[22m | [39m[0m
2026-10-07T09:05:23.4928089Z [  94% ] [90m[1mupdate_scripts_classes[22m | [39m[0m
2026-10-07T09:05:23.4928218Z [  94% ] [90m[1mupdate_scripts_classes[22m | [39m[0m
2026-10-07T09:05:23.4928346Z [  94% ] [90m[1mupdate_scripts_classes[22m | [39m[0m
2026-10-07T09:05:23.4928474Z [  94% ] [90m[1mupdate_scripts_classes[22m | [39m[0m
2026-10-07T09:05:23.4928716Z [  94% ] [90m[1mupdate_scripts_classes[22m | [39m[0m
2026-10-07T09:05:23.4928849Z [  94% ] [90m[1mupdate_scripts_classes[22m | [39m[0m
2026-10-07T09:05:23.4928980Z [  94% ] [90m[1mupdate_scripts_classes[22m | [39m[0m
2026-10-07T09:05:23.4929104Z [  94% ] [90m[1mupdate_scripts_classes[22m | [39m[0m
2026-10-07T09:05:23.4929233Z [  94% ] [90m[1mupdate_scripts_classes[22m | [39m[0m
2026-10-07T09:05:23.4929364Z [  94% ] [90m[1mupdate_scripts_classes[22m | [39m[0m
2026-10-07T09:05:23.4929488Z [  94% ] [90m[1mupdate_scripts_classes[22m | [39m[0m
2026-10-07T09:05:23.4929619Z [  94% ] [90m[1mupdate_scripts_classes[22m | [39m[0m
2026-10-07T09:05:23.4929752Z [  94% ] [90m[1mupdate_scripts_classes[22m | [39m[0m
2026-10-07T09:05:23.4929881Z [  94% ] [90m[1mupdate_scripts_classes[22m | [39m[0m
2026-10-07T09:05:23.4930102Z [  94% ] [90m[1mupdate_scripts_classes[22m | [39m[0m
2026-10-07T09:05:23.4930234Z [  94% ] [90m[1mupdate_scripts_classes[22m | [39m[0m
2026-10-07T09:05:23.4930368Z [  94% ] [90m[1mupdate_scripts_classes[22m | [39m[0m
2026-10-07T09:05:23.4930494Z [  94% ] [90m[1mupdate_scripts_classes[22m | [39m[0m
2026-10-07T09:05:23.4930627Z [  94% ] [90m[1mupdate_scripts_classes[22m | [39m[0m
2026-10-07T09:05:23.4930753Z [  94% ] [90m[1mupdate_scripts_classes[22m | [39m[0m
2026-10-07T09:05:23.4930883Z [  94% ] [90m[1mupdate_scripts_classes[22m | [39m[0m
2026-10-07T09:05:23.4931006Z [  94% ] [90m[1mupdate_scripts_classes[22m | [39m[0m
2026-10-07T09:05:23.4931136Z [  94% ] [90m[1mupdate_scripts_classes[22m | [39m[0m
2026-10-07T09:05:23.4931267Z [  94% ] [90m[1mupdate_scripts_classes[22m | [39m[0m
2026-10-07T09:05:23.4931391Z [  94% ] [90m[1mupdate_scripts_classes[22m | [39m[0m
2026-10-07T09:05:23.4931520Z [  94% ] [90m[1mupdate_scripts_classes[22m | [39m[0m
2026-10-07T09:05:23.4931656Z [  94% ] [90m[1mupdate_scripts_classes[22m | [39m[0m
2026-10-07T09:05:23.4931789Z [  95% ] [90m[1mupdate_scripts_classes[22m | [39m[0m
2026-10-07T09:05:23.4931915Z [  95% ] [90m[1mupdate_scripts_classes[22m | [39m[0m
2026-10-07T09:05:23.4932045Z [  95% ] [90m[1mupdate_scripts_classes[22m | [39m[0m
2026-10-07T09:05:23.4932173Z [  95% ] [90m[1mupdate_scripts_classes[22m | [39m[0m
2026-10-07T09:05:23.4932298Z [  95% ] [90m[1mupdate_scripts_classes[22m | [39m[0m
2026-10-07T09:05:23.4932427Z [  95% ] [90m[1mupdate_scripts_classes[22m | [39m[0m
2026-10-07T09:05:23.4932556Z [  95% ] [90m[1mupdate_scripts_classes[22m | [39m[0m
2026-10-07T09:05:23.4932685Z [  95% ] [90m[1mupdate_scripts_classes[22m | [39m[0m
2026-10-07T09:05:23.4932808Z [  95% ] [90m[1mupdate_scripts_classes[22m | [39m[0m
2026-10-07T09:05:23.4932941Z [  95% ] [90m[1mupdate_scripts_classes[22m | [39m[0m
2026-10-07T09:05:23.4933071Z [  95% ] [90m[1mupdate_scripts_classes[22m | [39m[0m
2026-10-07T09:05:23.4933196Z [  95% ] [90m[1mupdate_scripts_classes[22m | [39m[0m
2026-10-07T09:05:23.4933335Z [  95% ] [90m[1mupdate_scripts_classes[22m | [39m[0m
2026-10-07T09:05:23.4933463Z [  95% ] [90m[1mupdate_scripts_classes[22m | [39m[0m
2026-10-07T09:05:23.4933592Z [  95% ] [90m[1mupdate_scripts_classes[22m | [39m[0m
2026-10-07T09:05:23.4933718Z [  95% ] [90m[1mupdate_scripts_classes[22m | [39m[0m
2026-10-07T09:05:23.4933850Z [  95% ] [90m[1mupdate_scripts_classes[22m | [39m[0m
2026-10-07T09:05:23.4933980Z [  95% ] [90m[1mupdate_scripts_classes[22m | [39m[0m
2026-10-07T09:05:23.4934105Z [  95% ] [90m[1mupdate_scripts_classes[22m | [39m[0m
2026-10-07T09:05:23.4934237Z [  95% ] [90m[1mupdate_scripts_classes[22m | [39m[0m
2026-10-07T09:05:23.4934369Z [  95% ] [90m[1mupdate_scripts_classes[22m | [39m[0m
2026-10-07T09:05:23.4934498Z [  95% ] [90m[1mupdate_scripts_classes[22m | [39m[0m
2026-10-07T09:05:23.4934620Z [  95% ] [90m[1mupdate_scripts_classes[22m | [39m[0m
2026-10-07T09:05:23.4934808Z [  95% ] [90m[1mupdate_scripts_classes[22m | [39m[0m
2026-10-07T09:05:23.4935098Z [  95% ] [90m[1mupdate_scripts_classes[22m | [39m[0m
2026-10-07T09:05:23.4935255Z [  95% ] [90m[1mupdate_scripts_classes[22m | [39m[0m
2026-10-07T09:05:23.4935479Z [  95% ] [90m[1mupdate_scripts_classes[22m | [39m[0m
2026-10-07T09:05:23.4935804Z [  95% ] [90m[1mupdate_scripts_classes[22m | [39m[0m
2026-10-07T09:05:23.4936218Z [  95% ] [90m[1mupdate_scripts_classes[22m | [39m[0m
2026-10-07T09:05:23.4936508Z [  95% ] [90m[1mupdate_scripts_classes[22m | [39m[0m
2026-10-07T09:05:23.4936789Z [  95% ] [90m[1mupdate_scripts_classes[22m | [39m[0m
2026-10-07T09:05:23.4937128Z [  96% ] [90m[1mupdate_scripts_classes[22m | [39m[0m
2026-10-07T09:05:23.4937384Z [  96% ] [90m[1mupdate_scripts_classes[22m | [39m[0m
2026-10-07T09:05:23.4937663Z [  96% ] [90m[1mupdate_scripts_classes[22m | [39m[0m
2026-10-07T09:05:23.4937982Z [  96% ] [90m[1mupdate_scripts_classes[22m | [39m[0m
2026-10-07T09:05:23.4947818Z [  96% ] [90m[1mupdate_scripts_classes[22m | [39m[0m
2026-10-07T09:05:23.4948127Z [  96% ] [90m[1mupdate_scripts_classes[22m | [39m[0m
2026-10-07T09:05:23.4948351Z [  96% ] [90m[1mupdate_scripts_classes[22m | [39m[0m
2026-10-07T09:05:23.4948555Z [  96% ] [90m[1mupdate_scripts_classes[22m | [39m[0m
2026-10-07T09:05:23.4948760Z [  96% ] [90m[1mupdate_scripts_classes[22m | [39m[0m
2026-10-07T09:05:23.4948961Z [  96% ] [90m[1mupdate_scripts_classes[22m | [39m[0m
2026-10-07T09:05:23.4949159Z [  96% ] [90m[1mupdate_scripts_classes[22m | [39m[0m
2026-10-07T09:05:23.4949365Z [  96% ] [90m[1mupdate_scripts_classes[22m | [39m[0m
2026-10-07T09:05:23.4949569Z [  96% ] [90m[1mupdate_scripts_classes[22m | [39m[0m
2026-10-07T09:05:23.4949774Z [  96% ] [90m[1mupdate_scripts_classes[22m | [39m[0m
2026-10-07T09:05:23.4949970Z [  96% ] [90m[1mupdate_scripts_classes[22m | [39m[0m
2026-10-07T09:05:23.4950183Z [  96% ] [90m[1mupdate_scripts_classes[22m | [39m[0m
2026-10-07T09:05:23.4950392Z [  96% ] [90m[1mupdate_scripts_classes[22m | [39m[0m
2026-10-07T09:05:23.4950590Z [  96% ] [90m[1mupdate_scripts_classes[22m | [39m[0m
2026-10-07T09:05:23.4950793Z [  96% ] [90m[1mupdate_scripts_classes[22m | [39m[0m
2026-10-07T09:05:23.4950999Z [  96% ] [90m[1mupdate_scripts_classes[22m | [39m[0m
2026-10-07T09:05:23.4951185Z [  96% ] [90m[1mupdate_scripts_classes[22m | [39m[0m
2026-10-07T09:05:23.4951316Z [  96% ] [90m[1mupdate_scripts_classes[22m | [39m[0m
2026-10-07T09:05:23.4951449Z [  96% ] [90m[1mupdate_scripts_classes[22m | [39m[0m
2026-10-07T09:05:23.4951579Z [  96% ] [90m[1mupdate_scripts_classes[22m | [39m[0m
2026-10-07T09:05:23.4951702Z [  96% ] [90m[1mupdate_scripts_classes[22m | [39m[0m
2026-10-07T09:05:23.4951833Z [  96% ] [90m[1mupdate_scripts_classes[22m | [39m[0m
2026-10-07T09:05:23.4951961Z [  96% ] [90m[1mupdate_scripts_classes[22m | [39m[0m
2026-10-07T09:05:23.4952123Z [  96% ] [90m[1mupdate_scripts_classes[22m | [39m[0m
2026-10-07T09:05:23.4952252Z [  96% ] [90m[1mupdate_scripts_classes[22m | [39m[0m
2026-10-07T09:05:23.4952383Z [  96% ] [90m[1mupdate_scripts_classes[22m | [39m[0m
2026-10-07T09:05:23.4952517Z [  96% ] [90m[1mupdate_scripts_classes[22m | [39m[0m
2026-10-07T09:05:23.4952642Z [  97% ] [90m[1mupdate_scripts_classes[22m | [39m[0m
2026-10-07T09:05:23.4952771Z [  97% ] [90m[1mupdate_scripts_classes[22m | [39m[0m
2026-10-07T09:05:23.4952899Z [  97% ] [90m[1mupdate_scripts_classes[22m | [39m[0m
2026-10-07T09:05:23.4953028Z [  97% ] [90m[1mupdate_scripts_classes[22m | [39m[0m
2026-10-07T09:05:23.4953157Z [  97% ] [90m[1mupdate_scripts_classes[22m | [39m[0m
2026-10-07T09:05:23.4953295Z [  97% ] [90m[1mupdate_scripts_classes[22m | [39m[0m
2026-10-07T09:05:23.4953425Z [  97% ] [90m[1mupdate_scripts_classes[22m | [39m[0m
2026-10-07T09:05:23.4953548Z [  97% ] [90m[1mupdate_scripts_classes[22m | [39m[0m
2026-10-07T09:05:23.4953689Z [  97% ] [90m[1mupdate_scripts_classes[22m | [39m[0m
2026-10-07T09:05:23.4953997Z [  97% ] [90m[1mupdate_scripts_classes[22m | [39m[0m
2026-10-07T09:05:23.4954131Z [  97% ] [90m[1mupdate_scripts_classes[22m | [39m[0m
2026-10-07T09:05:23.4954257Z [  97% ] [90m[1mupdate_scripts_classes[22m | [39m[0m
2026-10-07T09:05:23.4954389Z [  97% ] [90m[1mupdate_scripts_classes[22m | [39m[0m
2026-10-07T09:05:23.4954514Z [  97% ] [90m[1mupdate_scripts_classes[22m | [39m[0m
2026-10-07T09:05:23.4954637Z [  97% ] [90m[1mupdate_scripts_classes[22m | [39m[0m
2026-10-07T09:05:23.4954764Z [  97% ] [90m[1mupdate_scripts_classes[22m | [39m[0m
2026-10-07T09:05:23.4954891Z [  97% ] [90m[1mupdate_scripts_classes[22m | [39m[0m
2026-10-07T09:05:23.4955017Z [  97% ] [90m[1mupdate_scripts_classes[22m | [39m[0m
2026-10-07T09:05:23.4955139Z [  97% ] [90m[1mupdate_scripts_classes[22m | [39m[0m
2026-10-07T09:05:23.4955267Z [  97% ] [90m[1mupdate_scripts_classes[22m | [39m[0m
2026-10-07T09:05:23.4955494Z [  97% ] [90m[1mupdate_scripts_classes[22m | [39m[0m
2026-10-07T09:05:23.4955622Z [  97% ] [90m[1mupdate_scripts_classes[22m | [39m[0m
2026-10-07T09:05:23.4955750Z [  97% ] [90m[1mupdate_scripts_classes[22m | [39m[0m
2026-10-07T09:05:23.4956000Z [  97% ] [90m[1mupdate_scripts_classes[22m | [39m[0m
2026-10-07T09:05:23.4956131Z [  97% ] [90m[1mupdate_scripts_classes[22m | [39m[0m
2026-10-07T09:05:23.4956255Z [  97% ] [90m[1mupdate_scripts_classes[22m | [39m[0m
2026-10-07T09:05:23.4956387Z [  97% ] [90m[1mupdate_scripts_classes[22m | [39m[0m
2026-10-07T09:05:23.4956515Z [  97% ] [90m[1mupdate_scripts_classes[22m | [39m[0m
2026-10-07T09:05:23.4956636Z [  97% ] [90m[1mupdate_scripts_classes[22m | [39m[0m
2026-10-07T09:05:23.4956766Z [  97% ] [90m[1mupdate_scripts_classes[22m | [39m[0m
2026-10-07T09:05:23.4956893Z [  97% ] [90m[1mupdate_scripts_classes[22m | [39m[0m
2026-10-07T09:05:23.4957026Z [  98% ] [90m[1mupdate_scripts_classes[22m | [39m[0m
2026-10-07T09:05:23.4957152Z [  98% ] [90m[1mupdate_scripts_classes[22m | [39m[0m
2026-10-07T09:05:23.4957281Z [  98% ] [90m[1mupdate_scripts_classes[22m | [39m[0m
2026-10-07T09:05:23.4957408Z [  98% ] [90m[1mupdate_scripts_classes[22m | [39m[0m
2026-10-07T09:05:23.4957529Z [  98% ] [90m[1mupdate_scripts_classes[22m | [39m[0m
2026-10-07T09:05:23.4957653Z [  98% ] [90m[1mupdate_scripts_classes[22m | [39m[0m
2026-10-07T09:05:23.4957779Z [  98% ] [90m[1mupdate_scripts_classes[22m | [39m[0m
2026-10-07T09:05:23.4957905Z [  98% ] [90m[1mupdate_scripts_classes[22m | [39m[0m
2026-10-07T09:05:23.4958028Z [  98% ] [90m[1mupdate_scripts_classes[22m | [39m[0m
2026-10-07T09:05:23.4958154Z [  98% ] [90m[1mupdate_scripts_classes[22m | [39m[0m
2026-10-07T09:05:23.4958283Z [  98% ] [90m[1mupdate_scripts_classes[22m | [39m[0m
2026-10-07T09:05:23.4958406Z [  98% ] [90m[1mupdate_scripts_classes[22m | [39m[0m
2026-10-07T09:05:23.4958538Z [  98% ] [90m[1mupdate_scripts_classes[22m | [39m[0m
2026-10-07T09:05:23.4958670Z [  98% ] [90m[1mupdate_scripts_classes[22m | [39m[0m
2026-10-07T09:05:23.4958809Z [  98% ] [90m[1mupdate_scripts_classes[22m | [39m[0m
2026-10-07T09:05:23.4958930Z [  98% ] [90m[1mupdate_scripts_classes[22m | [39m[0m
2026-10-07T09:05:23.4959059Z [  98% ] [90m[1mupdate_scripts_classes[22m | [39m[0m
2026-10-07T09:05:23.4959186Z [  98% ] [90m[1mupdate_scripts_classes[22m | [39m[0m
2026-10-07T09:05:23.4959310Z [  98% ] [90m[1mupdate_scripts_classes[22m | [39m[0m
2026-10-07T09:05:23.4959439Z [  98% ] [90m[1mupdate_scripts_classes[22m | [39m[0m
2026-10-07T09:05:23.4959566Z [  98% ] [90m[1mupdate_scripts_classes[22m | [39m[0m
2026-10-07T09:05:23.4959693Z [  98% ] [90m[1mupdate_scripts_classes[22m | [39m[0m
2026-10-07T09:05:23.4959814Z [  98% ] [90m[1mupdate_scripts_classes[22m | [39m[0m
2026-10-07T09:05:23.4959944Z [  98% ] [90m[1mupdate_scripts_classes[22m | [39m[0m
2026-10-07T09:05:23.4960074Z [  98% ] [90m[1mupdate_scripts_classes[22m | [39m[0m
2026-10-07T09:05:23.4960311Z [  98% ] [90m[1mupdate_scripts_classes[22m | [39m[0m
2026-10-07T09:05:23.4960445Z [  98% ] [90m[1mupdate_scripts_classes[22m | [39m[0m
2026-10-07T09:05:23.4960575Z [  98% ] [90m[1mupdate_scripts_classes[22m | [39m[0m
2026-10-07T09:05:23.4960704Z [  98% ] [90m[1mupdate_scripts_classes[22m | [39m[0m
2026-10-07T09:05:23.4960827Z [  98% ] [90m[1mupdate_scripts_classes[22m | [39m[0m
2026-10-07T09:05:23.4960956Z [  98% ] [90m[1mupdate_scripts_classes[22m | [39m[0m
2026-10-07T09:05:23.4961089Z [  99% ] [90m[1mupdate_scripts_classes[22m | [39m[0m
2026-10-07T09:05:23.4961217Z [  99% ] [90m[1mupdate_scripts_classes[22m | [39m[0m
2026-10-07T09:05:23.4961347Z [  99% ] [90m[1mupdate_scripts_classes[22m | [39m[0m
2026-10-07T09:05:23.4961474Z [  99% ] [90m[1mupdate_scripts_classes[22m | [39m[0m
2026-10-07T09:05:23.4961602Z [  99% ] [90m[1mupdate_scripts_classes[22m | [39m[0m
2026-10-07T09:05:23.4961821Z [  99% ] [90m[1mupdate_scripts_classes[22m | [39m[0m
2026-10-07T09:05:23.4961995Z [  99% ] [90m[1mupdate_scripts_classes[22m | [39m[0m
2026-10-07T09:05:23.4962201Z [  99% ] [90m[1mupdate_scripts_classes[22m | [39m[0m
2026-10-07T09:05:23.4962397Z [  99% ] [90m[1mupdate_scripts_classes[22m | [39m[0m
2026-10-07T09:05:23.4962599Z [  99% ] [90m[1mupdate_scripts_classes[22m | [39m[0m
2026-10-07T09:05:23.4962799Z [  99% ] [90m[1mupdate_scripts_classes[22m | [39m[0m
2026-10-07T09:05:23.4963004Z [  99% ] [90m[1mupdate_scripts_classes[22m | [39m[0m
2026-10-07T09:05:23.4963200Z [  99% ] [90m[1mupdate_scripts_classes[22m | [39m[0m
2026-10-07T09:05:23.4963403Z [  99% ] [90m[1mupdate_scripts_classes[22m | [39m[0m
2026-10-07T09:05:23.4963607Z [  99% ] [90m[1mupdate_scripts_classes[22m | [39m[0m
2026-10-07T09:05:23.4963804Z [  99% ] [90m[1mupdate_scripts_classes[22m | [39m[0m
2026-10-07T09:05:23.4964014Z [  99% ] [90m[1mupdate_scripts_classes[22m | [39m[0m
2026-10-07T09:05:23.4964213Z [  99% ] [90m[1mupdate_scripts_classes[22m | [39m[0m
2026-10-07T09:05:23.4964421Z [  99% ] [90m[1mupdate_scripts_classes[22m | [39m[0m
2026-10-07T09:05:23.4964618Z [  99% ] [90m[1mupdate_scripts_classes[22m | [39m[0m
2026-10-07T09:05:23.4964821Z [  99% ] [90m[1mupdate_scripts_classes[22m | [39m[0m
2026-10-07T09:05:23.4965017Z [  99% ] [90m[1mupdate_scripts_classes[22m | [39m[0m
2026-10-07T09:05:23.4965216Z [  99% ] [90m[1mupdate_scripts_classes[22m | [39m[0m
2026-10-07T09:05:23.4965424Z [  99% ] [90m[1mupdate_scripts_classes[22m | [39m[0m
2026-10-07T09:05:23.4965558Z [  99% ] [90m[1mupdate_scripts_classes[22m | [39m[0m
2026-10-07T09:05:23.4965683Z [  99% ] [90m[1mupdate_scripts_classes[22m | [39m[0m
2026-10-07T09:05:23.4965806Z [  99% ] [90m[1mupdate_scripts_classes[22m | [39m[0m
2026-10-07T09:05:23.4966010Z [  99% ] [90m[1mupdate_scripts_classes[22m | [39m[0m
2026-10-07T09:05:23.4966136Z [  99% ] [90m[1mupdate_scripts_classes[22m | [39m[0m
2026-10-07T09:05:23.4966264Z [  99% ] [90m[1mupdate_scripts_classes[22m | [39m[0m
2026-10-07T09:05:23.4966397Z [92m[ DONE ][39m [1mupdate_scripts_classes[22m
2026-10-07T09:05:23.4966472Z [0m
2026-10-07T09:05:23.4966720Z [   0% ] [90m[1m_update_scan_actions[22m | Started Scanning actions... (1389 steps)[39m[0m
2026-10-07T09:05:23.4966891Z [   0% ] [90m[1m_update_scan_actions[22m | autoshader.svg[39m[0m
2026-10-07T09:05:23.4967055Z [   0% ] [90m[1m_update_scan_actions[22m | color_paint.svg[39m[0m
2026-10-07T09:05:23.4967212Z [   0% ] [90m[1m_update_scan_actions[22m | height_add.svg[39m[0m
2026-10-07T09:05:23.4967367Z [   0% ] [90m[1m_update_scan_actions[22m | height_div.svg[39m[0m
2026-10-07T09:05:23.4967522Z [   0% ] [90m[1m_update_scan_actions[22m | height_flat.svg[39m[0m
2026-10-07T09:05:23.4967667Z [   0% ] [90m[1m_update_scan_actions[22m | height_mul.svg[39m[0m
2026-10-07T09:05:23.4967840Z [   0% ] [90m[1m_update_scan_actions[22m | height_slope.svg[39m[0m
2026-10-07T09:05:23.4968123Z [   0% ] [90m[1m_update_scan_actions[22m | height_smooth.svg[39m[0m
2026-10-07T09:05:23.4968278Z [   0% ] [90m[1m_update_scan_actions[22m | height_sub.svg[39m[0m
2026-10-07T09:05:23.4968429Z [   0% ] [90m[1m_update_scan_actions[22m | holes.svg[39m[0m
2026-10-07T09:05:23.4968583Z [   0% ] [90m[1m_update_scan_actions[22m | layers.svg[39m[0m
2026-10-07T09:05:23.4968741Z [   0% ] [90m[1m_update_scan_actions[22m | multimesh.svg[39m[0m
2026-10-07T09:05:23.4968891Z [   0% ] [90m[1m_update_scan_actions[22m | navigation.svg[39m[0m
2026-10-07T09:05:23.4969069Z [   0% ] [90m[1m_update_scan_actions[22m | picker_checked.svg[39m[0m
2026-10-07T09:05:23.4969220Z [   1% ] [90m[1m_update_scan_actions[22m | region_add.svg[39m[0m
2026-10-07T09:05:23.4969386Z [   1% ] [90m[1m_update_scan_actions[22m | region_remove.svg[39m[0m
2026-10-07T09:05:23.4969537Z [   1% ] [90m[1m_update_scan_actions[22m | terrain3d.svg[39m[0m
2026-10-07T09:05:23.4969794Z [   1% ] [90m[1m_update_scan_actions[22m | texture_paint.svg[39m[0m
2026-10-07T09:05:23.4969958Z [   1% ] [90m[1m_update_scan_actions[22m | texture_spray.svg[39m[0m
2026-10-07T09:05:23.4970109Z [   1% ] [90m[1m_update_scan_actions[22m | wetness.svg[39m[0m
2026-10-07T09:05:23.4970287Z [   1% ] [90m[1m_update_scan_actions[22m | ironwood_canopy.wav[39m[0m
2026-10-07T09:05:23.4970449Z [   1% ] [90m[1m_update_scan_actions[22m | meadow_birds.wav[39m[0m
2026-10-07T09:05:23.4970654Z [   1% ] [90m[1m_update_scan_actions[22m | night_insects.wav[39m[0m
2026-10-07T09:05:23.4970890Z [   1% ] [90m[1m_update_scan_actions[22m | quarry_stone.wav[39m[0m
2026-10-07T09:05:23.4971049Z [   1% ] [90m[1m_update_scan_actions[22m | river_water.wav[39m[0m
2026-10-07T09:05:23.4971201Z [   1% ] [90m[1m_update_scan_actions[22m | tether_drone.wav[39m[0m
2026-10-07T09:05:23.4971352Z [   1% ] [90m[1m_update_scan_actions[22m | wind_high.wav[39m[0m
2026-10-07T09:05:23.4980628Z [   1% ] [90m[1m_update_scan_actions[22m | wind_low.wav[39m[0m
2026-10-07T09:05:23.4996478Z [   2% ] [90m[1m_update_scan_actions[22m | chirp_alert.wav[39m[0m
2026-10-07T09:05:23.5016491Z [   2% ] [90m[1m_update_scan_actions[22m | chirp_idle.wav[39m[0m
2026-10-07T09:05:23.5017022Z [   2% ] [90m[1m_update_scan_actions[22m | growl_alert.wav[39m[0m
2026-10-07T09:05:23.5017273Z [   2% ] [90m[1m_update_scan_actions[22m | growl_idle.wav[39m[0m
2026-10-07T09:05:23.5017534Z [   2% ] [90m[1m_update_scan_actions[22m | rumble_alert.wav[39m[0m
2026-10-07T09:05:23.5017698Z [   2% ] [90m[1m_update_scan_actions[22m | rumble_idle.wav[39m[0m
2026-10-07T09:05:23.5017860Z [   2% ] [90m[1m_update_scan_actions[22m | trill_alert.wav[39m[0m
2026-10-07T09:05:23.5018019Z [   2% ] [90m[1m_update_scan_actions[22m | trill_idle.wav[39m[0m
2026-10-07T09:05:23.5039710Z [   2% ] [90m[1m_update_scan_actions[22m | music_combat.wav[39m[0m
2026-10-07T09:05:23.5075512Z [   2% ] [90m[1m_update_scan_actions[22m | music_exploration.wav[39m[0m
2026-10-07T09:05:23.5111376Z [   2% ] [90m[1m_update_scan_actions[22m | music_release.wav[39m[0m
2026-10-07T09:05:23.5146926Z [   2% ] [90m[1m_update_scan_actions[22m | music_village.wav[39m[0m
2026-10-07T09:05:23.5181879Z [   2% ] [90m[1m_update_scan_actions[22m | music_warden.wav[39m[0m
2026-10-07T09:05:23.5184453Z [   2% ] [90m[1m_update_scan_actions[22m | ability_cue_1.wav[39m[0m
2026-10-07T09:05:23.5187815Z [   3% ] [90m[1m_update_scan_actions[22m | ability_cue_2.wav[39m[0m
2026-10-07T09:05:23.5190607Z [   3% ] [90m[1m_update_scan_actions[22m | attack_miss_1.wav[39m[0m
2026-10-07T09:05:23.5193679Z [   3% ] [90m[1m_update_scan_actions[22m | attack_miss_2.wav[39m[0m
2026-10-07T09:05:23.5196669Z [   3% ] [90m[1m_update_scan_actions[22m | attack_miss_3.wav[39m[0m
2026-10-07T09:05:23.5201968Z [   3% ] [90m[1m_update_scan_actions[22m | bond_milestone.wav[39m[0m
2026-10-07T09:05:23.5205022Z [   3% ] [90m[1m_update_scan_actions[22m | build_place_thud_1.wav[39m[0m
2026-10-07T09:05:23.5208726Z [   3% ] [90m[1m_update_scan_actions[22m | build_place_thud_2.wav[39m[0m
2026-10-07T09:05:23.5211787Z [   3% ] [90m[1m_update_scan_actions[22m | catch_fail.wav[39m[0m
2026-10-07T09:05:23.5215263Z [   3% ] [90m[1m_update_scan_actions[22m | chop_wood_1.wav[39m[0m
2026-10-07T09:05:23.5218608Z [   3% ] [90m[1m_update_scan_actions[22m | chop_wood_2.wav[39m[0m
2026-10-07T09:05:23.5221878Z [   3% ] [90m[1m_update_scan_actions[22m | chop_wood_3.wav[39m[0m
2026-10-07T09:05:23.5226130Z [   3% ] [90m[1m_update_scan_actions[22m | combat_start.wav[39m[0m
2026-10-07T09:05:23.5230051Z [   3% ] [90m[1m_update_scan_actions[22m | combat_win.wav[39m[0m
2026-10-07T09:05:23.5233572Z [   3% ] [90m[1m_update_scan_actions[22m | craft_done.wav[39m[0m
2026-10-07T09:05:23.5236820Z [   4% ] [90m[1m_update_scan_actions[22m | damage_taken_1.wav[39m[0m
2026-10-07T09:05:23.5240053Z [   4% ] [90m[1m_update_scan_actions[22m | damage_taken_2.wav[39m[0m
2026-10-07T09:05:23.5243130Z [   4% ] [90m[1m_update_scan_actions[22m | damage_taken_3.wav[39m[0m
2026-10-07T09:05:23.5247496Z [   4% ] [90m[1m_update_scan_actions[22m | faint.wav[39m[0m
2026-10-07T09:05:23.5250695Z [   4% ] [90m[1m_update_scan_actions[22m | gather_plant_1.wav[39m[0m
2026-10-07T09:05:23.5253570Z [   4% ] [90m[1m_update_scan_actions[22m | gather_plant_2.wav[39m[0m
2026-10-07T09:05:23.5256953Z [   4% ] [90m[1m_update_scan_actions[22m | gather_plant_3.wav[39m[0m
2026-10-07T09:05:23.5259804Z [   4% ] [90m[1m_update_scan_actions[22m | impact_normal_1.wav[39m[0m
2026-10-07T09:05:23.5262999Z [   4% ] [90m[1m_update_scan_actions[22m | impact_normal_2.wav[39m[0m
2026-10-07T09:05:23.5265993Z [   4% ] [90m[1m_update_scan_actions[22m | impact_normal_3.wav[39m[0m
2026-10-07T09:05:23.5269561Z [   4% ] [90m[1m_update_scan_actions[22m | impact_super_1.wav[39m[0m
2026-10-07T09:05:23.5272760Z [   4% ] [90m[1m_update_scan_actions[22m | impact_super_2.wav[39m[0m
2026-10-07T09:05:23.5276439Z [   4% ] [90m[1m_update_scan_actions[22m | impact_super_3.wav[39m[0m
2026-10-07T09:05:23.5279191Z [   4% ] [90m[1m_update_scan_actions[22m | impact_weak_1.wav[39m[0m
2026-10-07T09:05:23.5282301Z [   5% ] [90m[1m_update_scan_actions[22m | impact_weak_2.wav[39m[0m
2026-10-07T09:05:23.5284853Z [   5% ] [90m[1m_update_scan_actions[22m | impact_weak_3.wav[39m[0m
2026-10-07T09:05:23.5289912Z [   5% ] [90m[1m_update_scan_actions[22m | level_up.wav[39m[0m
2026-10-07T09:05:23.5293542Z [   5% ] [90m[1m_update_scan_actions[22m | mine_stone_1.wav[39m[0m
2026-10-07T09:05:23.5297015Z [   5% ] [90m[1m_update_scan_actions[22m | mine_stone_2.wav[39m[0m
2026-10-07T09:05:23.5300419Z [   5% ] [90m[1m_update_scan_actions[22m | mine_stone_3.wav[39m[0m
2026-10-07T09:05:23.5302952Z [   5% ] [90m[1m_update_scan_actions[22m | orb_shake_1.wav[39m[0m
2026-10-07T09:05:23.5306126Z [   5% ] [90m[1m_update_scan_actions[22m | orb_shake_2.wav[39m[0m
2026-10-07T09:05:23.5309286Z [   5% ] [90m[1m_update_scan_actions[22m | orb_throw_1.wav[39m[0m
2026-10-07T09:05:23.5312405Z [   5% ] [90m[1m_update_scan_actions[22m | orb_throw_2.wav[39m[0m
2026-10-07T09:05:23.5315455Z [   5% ] [90m[1m_update_scan_actions[22m | pickup_item.wav[39m[0m
2026-10-07T09:05:23.5318280Z [   5% ] [90m[1m_update_scan_actions[22m | step_grass_1.wav[39m[0m
2026-10-07T09:05:23.5321052Z [   5% ] [90m[1m_update_scan_actions[22m | step_grass_2.wav[39m[0m
2026-10-07T09:05:23.5324041Z [   5% ] [90m[1m_update_scan_actions[22m | step_grass_3.wav[39m[0m
2026-10-07T09:05:23.5326643Z [   6% ] [90m[1m_update_scan_actions[22m | step_grass_4.wav[39m[0m
2026-10-07T09:05:23.5329861Z [   6% ] [90m[1m_update_scan_actions[22m | step_stone_1.wav[39m[0m
2026-10-07T09:05:23.5332319Z [   6% ] [90m[1m_update_scan_actions[22m | step_stone_2.wav[39m[0m
2026-10-07T09:05:23.5335245Z [   6% ] [90m[1m_update_scan_actions[22m | step_stone_3.wav[39m[0m
2026-10-07T09:05:23.5338363Z [   6% ] [90m[1m_update_scan_actions[22m | step_stone_4.wav[39m[0m
2026-10-07T09:05:23.5341541Z [   6% ] [90m[1m_update_scan_actions[22m | step_water_1.wav[39m[0m
2026-10-07T09:05:23.5346878Z [   6% ] [90m[1m_update_scan_actions[22m | step_water_2.wav[39m[0m
2026-10-07T09:05:23.5350145Z [   6% ] [90m[1m_update_scan_actions[22m | step_water_3.wav[39m[0m
2026-10-07T09:05:23.5353051Z [   6% ] [90m[1m_update_scan_actions[22m | step_wood_1.wav[39m[0m
2026-10-07T09:05:23.5355800Z [   6% ] [90m[1m_update_scan_actions[22m | step_wood_2.wav[39m[0m
2026-10-07T09:05:23.5358819Z [   6% ] [90m[1m_update_scan_actions[22m | step_wood_3.wav[39m[0m
2026-10-07T09:05:23.5382351Z [   6% ] [90m[1m_update_scan_actions[22m | release_forest_sky_bed.wav[39m[0m
2026-10-07T09:05:23.5387943Z [   6% ] [90m[1m_update_scan_actions[22m | strike_body.wav[39m[0m
2026-10-07T09:05:23.5391768Z [   6% ] [90m[1m_update_scan_actions[22m | strike_crack.wav[39m[0m
2026-10-07T09:05:23.5403017Z [   7% ] [90m[1m_update_scan_actions[22m | strike_decay.wav[39m[0m
2026-10-07T09:05:23.5407633Z [   7% ] [90m[1m_update_scan_actions[22m | strike_warning.wav[39m[0m
2026-10-07T09:05:23.5430887Z [   7% ] [90m[1m_update_scan_actions[22m | surge_break_bed.wav[39m[0m
2026-10-07T09:05:23.5453633Z [   7% ] [90m[1m_update_scan_actions[22m | surge_building_bed.wav[39m[0m
2026-10-07T09:05:23.5476937Z [   7% ] [90m[1m_update_scan_actions[22m | surge_calm_bed.wav[39m[0m
2026-10-07T09:05:23.5500165Z [   7% ] [90m[1m_update_scan_actions[22m | surge_fading_decay.wav[39m[0m
2026-10-07T09:05:23.5503531Z [   7% ] [90m[1m_update_scan_actions[22m | Banner.obj[39m[0m
2026-10-07T09:05:23.5507582Z [   7% ] [90m[1m_update_scan_actions[22m | LargeSimpleTower.obj[39m[0m
2026-10-07T09:05:23.5512026Z [   7% ] [90m[1m_update_scan_actions[22m | LargeSquareTower.obj[39m[0m
2026-10-07T09:05:23.5516976Z [   7% ] [90m[1m_update_scan_actions[22m | LargeSquareTowerBricks.obj[39m[0m
2026-10-07T09:05:23.5521336Z [   7% ] [90m[1m_update_scan_actions[22m | LargeTower.obj[39m[0m
2026-10-07T09:05:23.5525913Z [   7% ] [90m[1m_update_scan_actions[22m | PointyTower.obj[39m[0m
2026-10-07T09:05:23.5529588Z [   7% ] [90m[1m_update_scan_actions[22m | Simpletower.obj[39m[0m
2026-10-07T09:05:23.5533337Z [   7% ] [90m[1m_update_scan_actions[22m | SimpleTowerBricks.obj[39m[0m
2026-10-07T09:05:23.5537525Z [   8% ] [90m[1m_update_scan_actions[22m | SmallSquareTower.obj[39m[0m
2026-10-07T09:05:23.5542004Z [   8% ] [90m[1m_update_scan_actions[22m | SmallSquareTowerBricks.obj[39m[0m
2026-10-07T09:05:23.5546043Z [   8% ] [90m[1m_update_scan_actions[22m | SmallTower.obj[39m[0m
2026-10-07T09:05:23.5549463Z [   8% ] [90m[1m_update_scan_actions[22m | TallWall.obj[39m[0m
2026-10-07T09:05:23.5552938Z [   8% ] [90m[1m_update_scan_actions[22m | TallWallBricks.obj[39m[0m
2026-10-07T09:05:23.5556717Z [   8% ] [90m[1m_update_scan_actions[22m | TallWallEntrance.obj[39m[0m
2026-10-07T09:05:23.5561329Z [   8% ] [90m[1m_update_scan_actions[22m | Tower.obj[39m[0m
2026-10-07T09:05:23.5564650Z [   8% ] [90m[1m_update_scan_actions[22m | Wall.obj[39m[0m
2026-10-07T09:05:23.5568415Z [   8% ] [90m[1m_update_scan_actions[22m | WallBricks.obj[39m[0m
2026-10-07T09:05:23.5571855Z [   8% ] [90m[1m_update_scan_actions[22m | WallEntrance.obj[39m[0m
2026-10-07T09:05:23.5575437Z [   8% ] [90m[1m_update_scan_actions[22m | WallEntranceBricks.obj[39m[0m
2026-10-07T09:05:23.5579508Z [   8% ] [90m[1m_update_scan_actions[22m | Watchtower.obj[39m[0m
2026-10-07T09:05:23.5583541Z [   8% ] [90m[1m_update_scan_actions[22m | WatchTowerWRoof.obj[39m[0m
2026-10-07T09:05:23.5586449Z [   8% ] [90m[1m_update_scan_actions[22m | Balcony_Cross_Corner.gltf[39m[0m
2026-10-07T09:05:23.5589198Z [   9% ] [90m[1m_update_scan_actions[22m | Balcony_Cross_Straight.gltf[39m[0m
2026-10-07T09:05:23.5592469Z [   9% ] [90m[1m_update_scan_actions[22m | Balcony_Simple_Corner.gltf[39m[0m
2026-10-07T09:05:23.5595688Z [   9% ] [90m[1m_update_scan_actions[22m | Balcony_Simple_Straight.gltf[39m[0m
2026-10-07T09:05:23.5598367Z [   9% ] [90m[1m_update_scan_actions[22m | Corner_ExteriorWide_Wood.gltf[39m[0m
2026-10-07T09:05:23.5602443Z [   9% ] [90m[1m_update_scan_actions[22m | Corner_Exterior_Brick.gltf[39m[0m
2026-10-07T09:05:23.5605083Z [   9% ] [90m[1m_update_scan_actions[22m | Corner_Exterior_Wood.gltf[39m[0m
2026-10-07T09:05:23.5607886Z [   9% ] [90m[1m_update_scan_actions[22m | DoorFrame_Flat_WoodDark.gltf[39m[0m
2026-10-07T09:05:23.5610685Z [   9% ] [90m[1m_update_scan_actions[22m | Door_1_Flat.gltf[39m[0m
2026-10-07T09:05:23.5615551Z [   9% ] [90m[1m_update_scan_actions[22m | Door_2_Flat.gltf[39m[0m
2026-10-07T09:05:23.5618786Z [   9% ] [90m[1m_update_scan_actions[22m | Door_8_Flat.gltf[39m[0m
2026-10-07T09:05:23.5621485Z [   9% ] [90m[1m_update_scan_actions[22m | Floor_UnevenBrick.gltf[39m[0m
2026-10-07T09:05:23.5624176Z [   9% ] [90m[1m_update_scan_actions[22m | Floor_WoodDark.gltf[39m[0m
2026-10-07T09:05:23.5627296Z [   9% ] [90m[1m_update_scan_actions[22m | Overhang_Plaster_Corner.gltf[39m[0m
2026-10-07T09:05:23.5630106Z [  10% ] [90m[1m_update_scan_actions[22m | Overhang_Plaster_Corner_Front.gltf[39m[0m
2026-10-07T09:05:23.5632823Z [  10% ] [90m[1m_update_scan_actions[22m | Overhang_Plaster_Long.gltf[39m[0m
2026-10-07T09:05:23.5635579Z [  10% ] [90m[1m_update_scan_actions[22m | Overhang_Plaster_Short.gltf[39m[0m
2026-10-07T09:05:23.5638469Z [  10% ] [90m[1m_update_scan_actions[22m | Overhang_RoofIncline_Plaster.gltf[39m[0m
2026-10-07T09:05:23.5641090Z [  10% ] [90m[1m_update_scan_actions[22m | Overhang_Roof_Plaster.gltf[39m[0m
2026-10-07T09:05:23.5643721Z [  10% ] [90m[1m_update_scan_actions[22m | Prop_Brick1.gltf[39m[0m
2026-10-07T09:05:23.5646455Z [  10% ] [90m[1m_update_scan_actions[22m | Prop_Brick2.gltf[39m[0m
2026-10-07T09:05:23.5649167Z [  10% ] [90m[1m_update_scan_actions[22m | Prop_Brick3.gltf[39m[0m
2026-10-07T09:05:23.5651832Z [  10% ] [90m[1m_update_scan_actions[22m | Prop_Brick4.gltf[39m[0m
2026-10-07T09:05:23.5654560Z [  10% ] [90m[1m_update_scan_actions[22m | Prop_Chimney2.gltf[39m[0m
2026-10-07T09:05:23.5657602Z [  10% ] [90m[1m_update_scan_actions[22m | Prop_Chimney.gltf[39m[0m
2026-10-07T09:05:23.5660383Z [  10% ] [90m[1m_update_scan_actions[22m | Prop_Crate.gltf[39m[0m
2026-10-07T09:05:23.5663092Z [  10% ] [90m[1m_update_scan_actions[22m | Prop_ExteriorBorder_Corner.gltf[39m[0m
2026-10-07T09:05:23.5665951Z [  10% ] [90m[1m_update_scan_actions[22m | Prop_ExteriorBorder_Straight1.gltf[39m[0m
2026-10-07T09:05:23.5668664Z [  11% ] [90m[1m_update_scan_actions[22m | Prop_ExteriorBorder_Straight2.gltf[39m[0m
2026-10-07T09:05:23.5672959Z [  11% ] [90m[1m_update_scan_actions[22m | Prop_MetalFence_Ornament.gltf[39m[0m
2026-10-07T09:05:23.5676839Z [  11% ] [90m[1m_update_scan_actions[22m | Prop_MetalFence_Simple.gltf[39m[0m
2026-10-07T09:05:23.5679463Z [  11% ] [90m[1m_update_scan_actions[22m | Prop_Support.gltf[39m[0m
2026-10-07T09:05:23.5682151Z [  11% ] [90m[1m_update_scan_actions[22m | Prop_Vine1.gltf[39m[0m
2026-10-07T09:05:23.5684826Z [  11% ] [90m[1m_update_scan_actions[22m | Prop_Vine2.gltf[39m[0m
2026-10-07T09:05:23.5687564Z [  11% ] [90m[1m_update_scan_actions[22m | Prop_Vine4.gltf[39m[0m
2026-10-07T09:05:23.5690278Z [  11% ] [90m[1m_update_scan_actions[22m | Prop_Vine5.gltf[39m[0m
2026-10-07T09:05:23.5692973Z [  11% ] [90m[1m_update_scan_actions[22m | Prop_Vine6.gltf[39m[0m
2026-10-07T09:05:23.5695577Z [  11% ] [90m[1m_update_scan_actions[22m | Prop_Vine9.gltf[39m[0m
2026-10-07T09:05:23.5699215Z [  11% ] [90m[1m_update_scan_actions[22m | Prop_Wagon.gltf[39m[0m
2026-10-07T09:05:23.5701993Z [  11% ] [90m[1m_update_scan_actions[22m | Prop_WoodenFence_Extension1.gltf[39m[0m
2026-10-07T09:05:23.5704753Z [  11% ] [90m[1m_update_scan_actions[22m | Prop_WoodenFence_Extension2.gltf[39m[0m
2026-10-07T09:05:23.5707700Z [  11% ] [90m[1m_update_scan_actions[22m | Prop_WoodenFence_Single.gltf[39m[0m
2026-10-07T09:05:23.5710748Z [  12% ] [90m[1m_update_scan_actions[22m | Roof_Dormer_RoundTile.gltf[39m[0m
2026-10-07T09:05:23.5713399Z [  12% ] [90m[1m_update_scan_actions[22m | Roof_FrontSupports.gltf[39m[0m
2026-10-07T09:05:23.5716280Z [  12% ] [90m[1m_update_scan_actions[22m | Roof_Front_Brick4.gltf[39m[0m
2026-10-07T09:05:23.5719116Z [  12% ] [90m[1m_update_scan_actions[22m | Roof_Front_Brick6.gltf[39m[0m
2026-10-07T09:05:23.5721971Z [  12% ] [90m[1m_update_scan_actions[22m | Roof_Front_Brick8.gltf[39m[0m
2026-10-07T09:05:23.5724666Z [  12% ] [90m[1m_update_scan_actions[22m | Roof_Log.gltf[39m[0m
2026-10-07T09:05:23.5728528Z [  12% ] [90m[1m_update_scan_actions[22m | Roof_RoundTiles_4x4.gltf[39m[0m
2026-10-07T09:05:23.5732450Z [  12% ] [90m[1m_update_scan_actions[22m | Roof_RoundTiles_4x6.gltf[39m[0m
2026-10-07T09:05:23.5736827Z [  12% ] [90m[1m_update_scan_actions[22m | Roof_RoundTiles_4x8.gltf[39m[0m
2026-10-07T09:05:23.5740522Z [  12% ] [90m[1m_update_scan_actions[22m | Roof_RoundTiles_6x4.gltf[39m[0m
2026-10-07T09:05:23.5744767Z [  12% ] [90m[1m_update_scan_actions[22m | Roof_RoundTiles_6x6.gltf[39m[0m
2026-10-07T09:05:23.5749401Z [  12% ] [90m[1m_update_scan_actions[22m | Roof_RoundTiles_6x8.gltf[39m[0m
2026-10-07T09:05:23.5754303Z [  12% ] [90m[1m_update_scan_actions[22m | Roof_RoundTiles_6x10.gltf[39m[0m
2026-10-07T09:05:23.5757469Z [  12% ] [90m[1m_update_scan_actions[22m | Roof_RoundTile_2x1.gltf[39m[0m
2026-10-07T09:05:23.5760555Z [  13% ] [90m[1m_update_scan_actions[22m | Roof_RoundTile_2x1_Long.gltf[39m[0m
2026-10-07T09:05:23.5763153Z [  13% ] [90m[1m_update_scan_actions[22m | Roof_Support2.gltf[39m[0m
2026-10-07T09:05:23.5766025Z [  13% ] [90m[1m_update_scan_actions[22m | Stairs_Exterior_Platform.gltf[39m[0m
2026-10-07T09:05:23.5768760Z [  13% ] [90m[1m_update_scan_actions[22m | Stairs_Exterior_Straight.gltf[39m[0m
2026-10-07T09:05:23.5845240Z [  13% ] [90m[1m_update_scan_actions[22m | T_Brick_BaseColor.png[39m[0m
2026-10-07T09:05:23.5953945Z [  13% ] [90m[1m_update_scan_actions[22m | T_Brick_Normal.png[39m[0m
2026-10-07T09:05:23.6001849Z [  13% ] [90m[1m_update_scan_actions[22m | T_Brick_Roughness.png[39m[0m
2026-10-07T09:05:23.6024540Z [  13% ] [90m[1m_update_scan_actions[22m | T_MetalOrnaments_BaseColor.png[39m[0m
2026-10-07T09:05:23.6030785Z [  13% ] [90m[1m_update_scan_actions[22m | T_MetalOrnaments_Roughness.png[39m[0m
2026-10-07T09:05:23.6118613Z [  13% ] [90m[1m_update_scan_actions[22m | T_Plaster_BaseColor.png[39m[0m
2026-10-07T09:05:23.6234257Z [  13% ] [90m[1m_update_scan_actions[22m | T_Plaster_Normal.png[39m[0m
2026-10-07T09:05:23.6308228Z [  13% ] [90m[1m_update_scan_actions[22m | T_Plaster_ORM.png[39m[0m
2026-10-07T09:05:23.6383416Z [  13% ] [90m[1m_update_scan_actions[22m | T_RedBrick_BaseColor.png[39m[0m
2026-10-07T09:05:23.6449014Z [  13% ] [90m[1m_update_scan_actions[22m | T_RockTrim_BaseColor.png[39m[0m
2026-10-07T09:05:23.6546313Z [  14% ] [90m[1m_update_scan_actions[22m | T_RockTrim_Normal.png[39m[0m
2026-10-07T09:05:23.6607172Z [  14% ] [90m[1m_update_scan_actions[22m | T_RockTrim_ORM.png[39m[0m
2026-10-07T09:05:23.6711530Z [  14% ] [90m[1m_update_scan_actions[22m | T_RoundTiles_BaseColor.png[39m[0m
2026-10-07T09:05:23.6806374Z [  14% ] [90m[1m_update_scan_actions[22m | T_RoundTiles_Normal.png[39m[0m
2026-10-07T09:05:23.6867676Z [  14% ] [90m[1m_update_scan_actions[22m | T_RoundTiles_Roughness.png[39m[0m
2026-10-07T09:05:23.6963576Z [  14% ] [90m[1m_update_scan_actions[22m | T_UnevenBrick_BaseColor.png[39m[0m
2026-10-07T09:05:23.7070538Z [  14% ] [90m[1m_update_scan_actions[22m | T_UnevenBrick_Normal.png[39m[0m
2026-10-07T09:05:23.7137130Z [  14% ] [90m[1m_update_scan_actions[22m | T_UnevenBrick_Roughness.png[39m[0m
2026-10-07T09:05:23.7146446Z [  14% ] [90m[1m_update_scan_actions[22m | T_VineLeaf_png.png[39m[0m
2026-10-07T09:05:23.7226332Z [  14% ] [90m[1m_update_scan_actions[22m | T_WoodTrim_BaseColor.png[39m[0m
2026-10-07T09:05:23.7332141Z [  14% ] [90m[1m_update_scan_actions[22m | T_WoodTrim_Normal.png[39m[0m
2026-10-07T09:05:23.7405404Z [  14% ] [90m[1m_update_scan_actions[22m | T_WoodTrim_Roughness.png[39m[0m
2026-10-07T09:05:23.7408200Z [  14% ] [90m[1m_update_scan_actions[22m | Wall_Arch.gltf[39m[0m
2026-10-07T09:05:23.7410849Z [  14% ] [90m[1m_update_scan_actions[22m | Wall_BottomCover.gltf[39m[0m
2026-10-07T09:05:23.7413523Z [  15% ] [90m[1m_update_scan_actions[22m | Wall_Plaster_Door_Flat.gltf[39m[0m
2026-10-07T09:05:23.7416309Z [  15% ] [90m[1m_update_scan_actions[22m | Wall_Plaster_Straight.gltf[39m[0m
2026-10-07T09:05:23.7419171Z [  15% ] [90m[1m_update_scan_actions[22m | Wall_Plaster_Straight_Base.gltf[39m[0m
2026-10-07T09:05:23.7421634Z [  15% ] [90m[1m_update_scan_actions[22m | Wall_Plaster_Straight_L.gltf[39m[0m
2026-10-07T09:05:23.7424136Z [  15% ] [90m[1m_update_scan_actions[22m | Wall_Plaster_Straight_R.gltf[39m[0m
2026-10-07T09:05:23.7426794Z [  15% ] [90m[1m_update_scan_actions[22m | Wall_Plaster_Window_Thin_Round.gltf[39m[0m
2026-10-07T09:05:23.7429281Z [  15% ] [90m[1m_update_scan_actions[22m | Wall_Plaster_Window_Wide_Flat2.gltf[39m[0m
2026-10-07T09:05:23.7431770Z [  15% ] [90m[1m_update_scan_actions[22m | Wall_Plaster_Window_Wide_Flat.gltf[39m[0m
2026-10-07T09:05:23.7434232Z [  15% ] [90m[1m_update_scan_actions[22m | Wall_Plaster_WoodGrid.gltf[39m[0m
2026-10-07T09:05:23.7436824Z [  15% ] [90m[1m_update_scan_actions[22m | Wall_UnevenBrick_Door_Flat.gltf[39m[0m
2026-10-07T09:05:23.7439278Z [  15% ] [90m[1m_update_scan_actions[22m | Wall_UnevenBrick_Straight.gltf[39m[0m
2026-10-07T09:05:23.7441846Z [  15% ] [90m[1m_update_scan_actions[22m | Wall_UnevenBrick_Window_Wide_Flat.gltf[39m[0m
2026-10-07T09:05:23.7444291Z [  15% ] [90m[1m_update_scan_actions[22m | WindowShutters_Thin_Flat_Open.gltf[39m[0m
2026-10-07T09:05:23.7446875Z [  15% ] [90m[1m_update_scan_actions[22m | WindowShutters_Wide_Flat_Open.gltf[39m[0m
2026-10-07T09:05:23.7449255Z [  16% ] [90m[1m_update_scan_actions[22m | Window_Thin_Flat1.gltf[39m[0m
2026-10-07T09:05:23.7451707Z [  16% ] [90m[1m_update_scan_actions[22m | Window_Wide_Flat1.gltf[39m[0m
2026-10-07T09:05:23.7616518Z [  16% ] [90m[1m_update_scan_actions[22m | alpha_tracker_lod0.glb[39m[0m
2026-10-07T09:05:23.7737733Z [  16% ] [90m[1m_update_scan_actions[22m | alpha_tracker_lod0_texture_0.png[39m[0m
2026-10-07T09:05:23.7879161Z [  16% ] [90m[1m_update_scan_actions[22m | captain_a_lod0.glb[39m[0m
2026-10-07T09:05:23.7981545Z [  16% ] [90m[1m_update_scan_actions[22m | captain_a_lod0_texture_0.png[39m[0m
2026-10-07T09:05:23.8122683Z [  16% ] [90m[1m_update_scan_actions[22m | captain_b_lod0.glb[39m[0m
2026-10-07T09:05:23.8227977Z [  16% ] [90m[1m_update_scan_actions[22m | captain_b_lod0_texture_0.png[39m[0m
2026-10-07T09:05:23.8385109Z [  16% ] [90m[1m_update_scan_actions[22m | courier_lod0.glb[39m[0m
2026-10-07T09:05:23.8516771Z [  16% ] [90m[1m_update_scan_actions[22m | courier_lod0_texture_0.png[39m[0m
2026-10-07T09:05:23.8625692Z [  16% ] [90m[1m_update_scan_actions[22m | craftsperson_cloth_clean.png[39m[0m
2026-10-07T09:05:23.8783568Z [  16% ] [90m[1m_update_scan_actions[22m | craftsperson_lod0.glb[39m[0m
2026-10-07T09:05:23.8915257Z [  16% ] [90m[1m_update_scan_actions[22m | craftsperson_lod0_texture_0.png[39m[0m
2026-10-07T09:05:23.9059128Z [  16% ] [90m[1m_update_scan_actions[22m | creature_caretaker_lod0.glb[39m[0m
2026-10-07T09:05:23.9180880Z [  17% ] [90m[1m_update_scan_actions[22m | creature_caretaker_lod0_texture_0.png[39m[0m
2026-10-07T09:05:23.9319291Z [  17% ] [90m[1m_update_scan_actions[22m | farmer_lod0.glb[39m[0m
2026-10-07T09:05:23.9441158Z [  17% ] [90m[1m_update_scan_actions[22m | farmer_lod0_texture_0.png[39m[0m
2026-10-07T09:05:23.9593155Z [  17% ] [90m[1m_update_scan_actions[22m | field_researcher_lod0.glb[39m[0m
2026-10-07T09:05:23.9721103Z [  17% ] [90m[1m_update_scan_actions[22m | field_researcher_lod0_texture_0.png[39m[0m
2026-10-07T09:05:23.9856645Z [  17% ] [90m[1m_update_scan_actions[22m | former_tether_member_lod0.glb[39m[0m
2026-10-07T09:05:23.9972002Z [  17% ] [90m[1m_update_scan_actions[22m | former_tether_member_lod0_texture_0.png[39m[0m
2026-10-07T09:05:24.0138182Z [  17% ] [90m[1m_update_scan_actions[22m | grandpa_lod0.glb[39m[0m
2026-10-07T09:05:24.0313692Z [  17% ] [90m[1m_update_scan_actions[22m | grandpa_lod0_texture_0.png[39m[0m
2026-10-07T09:05:24.0449417Z [  17% ] [90m[1m_update_scan_actions[22m | grunt_lod0.glb[39m[0m
2026-10-07T09:05:24.0587173Z [  17% ] [90m[1m_update_scan_actions[22m | grunt_lod0_texture_0.png[39m[0m
2026-10-07T09:05:24.0716002Z [  17% ] [90m[1m_update_scan_actions[22m | grunt_a_lod0.glb[39m[0m
2026-10-07T09:05:24.0812794Z [  17% ] [90m[1m_update_scan_actions[22m | grunt_a_lod0_texture_0.png[39m[0m
2026-10-07T09:05:24.0948944Z [  17% ] [90m[1m_update_scan_actions[22m | grunt_b_lod0.glb[39m[0m
2026-10-07T09:05:24.1046523Z [  18% ] [90m[1m_update_scan_actions[22m | grunt_b_lod0_texture_0.png[39m[0m
2026-10-07T09:05:24.1180722Z [  18% ] [90m[1m_update_scan_actions[22m | grunt_c_lod0.glb[39m[0m
2026-10-07T09:05:24.1282576Z [  18% ] [90m[1m_update_scan_actions[22m | grunt_c_lod0_texture_0.png[39m[0m
2026-10-07T09:05:24.1431564Z [  18% ] [90m[1m_update_scan_actions[22m | innkeeper_lod0.glb[39m[0m
2026-10-07T09:05:24.1557904Z [  18% ] [90m[1m_update_scan_actions[22m | innkeeper_lod0_texture_0.png[39m[0m
2026-10-07T09:05:24.1697996Z [  18% ] [90m[1m_update_scan_actions[22m | inn_helper_lod0.glb[39m[0m
2026-10-07T09:05:24.1816213Z [  18% ] [90m[1m_update_scan_actions[22m | inn_helper_lod0_texture_0.png[39m[0m
2026-10-07T09:05:24.1999903Z [  18% ] [90m[1m_update_scan_actions[22m | kael_lod0.glb[39m[0m
2026-10-07T09:05:24.2140148Z [  18% ] [90m[1m_update_scan_actions[22m | kael_lod0_texture_0.png[39m[0m
2026-10-07T09:05:24.2283286Z [  18% ] [90m[1m_update_scan_actions[22m | local_historian_lod0.glb[39m[0m
2026-10-07T09:05:24.2403028Z [  18% ] [90m[1m_update_scan_actions[22m | local_historian_lod0_texture_0.png[39m[0m
2026-10-07T09:05:24.2539992Z [  18% ] [90m[1m_update_scan_actions[22m | lost_traveler_lod0.glb[39m[0m
2026-10-07T09:05:24.2656924Z [  18% ] [90m[1m_update_scan_actions[22m | lost_traveler_lod0_texture_0.png[39m[0m
2026-10-07T09:05:24.2850591Z [  18% ] [90m[1m_update_scan_actions[22m | lyra_lod0.glb[39m[0m
2026-10-07T09:05:24.2995283Z [  19% ] [90m[1m_update_scan_actions[22m | lyra_lod0_texture_0.png[39m[0m
2026-10-07T09:05:24.3133266Z [  19% ] [90m[1m_update_scan_actions[22m | officer_a_lod0.glb[39m[0m
2026-10-07T09:05:24.3234433Z [  19% ] [90m[1m_update_scan_actions[22m | officer_a_lod0_texture_0.png[39m[0m
2026-10-07T09:05:24.3369389Z [  19% ] [90m[1m_update_scan_actions[22m | officer_b_lod0.glb[39m[0m
2026-10-07T09:05:24.3466265Z [  19% ] [90m[1m_update_scan_actions[22m | officer_b_lod0_texture_0.png[39m[0m
2026-10-07T09:05:24.3617514Z [  19% ] [90m[1m_update_scan_actions[22m | rival_trainer_lod0.glb[39m[0m
2026-10-07T09:05:24.3747051Z [  19% ] [90m[1m_update_scan_actions[22m | rival_trainer_lod0_texture_0.png[39m[0m
2026-10-07T09:05:24.3924991Z [  19% ] [90m[1m_update_scan_actions[22m | sera_lod0.glb[39m[0m
2026-10-07T09:05:24.4060426Z [  19% ] [90m[1m_update_scan_actions[22m | sera_lod0_texture_0.png[39m[0m
2026-10-07T09:05:24.4201905Z [  19% ] [90m[1m_update_scan_actions[22m | trader_lod0.glb[39m[0m
2026-10-07T09:05:24.4319153Z [  19% ] [90m[1m_update_scan_actions[22m | trader_lod0_texture_0.png[39m[0m
2026-10-07T09:05:24.4483264Z [  19% ] [90m[1m_update_scan_actions[22m | trainer_lod0.glb[39m[0m
2026-10-07T09:05:24.4663742Z [  19% ] [90m[1m_update_scan_actions[22m | trainer_lod0_texture_0.png[39m[0m
2026-10-07T09:05:24.4818875Z [  20% ] [90m[1m_update_scan_actions[22m | trainer_teal_accent.png[39m[0m
2026-10-07T09:05:24.4970498Z [  20% ] [90m[1m_update_scan_actions[22m | villager_female_lod0.glb[39m[0m
2026-10-07T09:05:24.5011853Z [  20% ] [90m[1m_update_scan_actions[22m | villager_female_lod0_hair_mask.png[39m[0m
2026-10-07T09:05:24.5064206Z [  20% ] [90m[1m_update_scan_actions[22m | villager_female_lod0_shins_tex.png[39m[0m
2026-10-07T09:05:24.5220040Z [  20% ] [90m[1m_update_scan_actions[22m | villager_female_lod0_texture_0.png[39m[0m
2026-10-07T09:05:24.5388722Z [  20% ] [90m[1m_update_scan_actions[22m | villager_male_lod0.glb[39m[0m
2026-10-07T09:05:24.5428218Z [  20% ] [90m[1m_update_scan_actions[22m | villager_male_lod0_hair_mask.png[39m[0m
2026-10-07T09:05:24.5584425Z [  20% ] [90m[1m_update_scan_actions[22m | villager_male_lod0_texture_0.png[39m[0m
2026-10-07T09:05:24.5655025Z [  20% ] [90m[1m_update_scan_actions[22m | villager_male_lod0_trousers_tex.png[39m[0m
2026-10-07T09:05:24.5807347Z [  20% ] [90m[1m_update_scan_actions[22m | wandering_trainer_lod0.glb[39m[0m
2026-10-07T09:05:24.5969337Z [  20% ] [90m[1m_update_scan_actions[22m | wandering_trainer_lod0_texture_0.png[39m[0m
2026-10-07T09:05:24.6127065Z [  20% ] [90m[1m_update_scan_actions[22m | warden_lod0.glb[39m[0m
2026-10-07T09:05:24.6289685Z [  20% ] [90m[1m_update_scan_actions[22m | warden_lod0_texture_0.png[39m[0m
2026-10-07T09:05:24.6441580Z [  20% ] [90m[1m_update_scan_actions[22m | young_trainer_lod0.glb[39m[0m
2026-10-07T09:05:24.6570923Z [  21% ] [90m[1m_update_scan_actions[22m | young_trainer_lod0_texture_0.png[39m[0m
2026-10-07T09:05:24.6584606Z [  21% ] [90m[1m_update_scan_actions[22m | Ranger.glb[39m[0m
2026-10-07T09:05:24.6598496Z [  21% ] [90m[1m_update_scan_actions[22m | Ranger_ranger_texture.png[39m[0m
2026-10-07T09:05:24.6618994Z [  21% ] [90m[1m_update_scan_actions[22m | Rig_Medium_General.glb[39m[0m
2026-10-07T09:05:24.6636520Z [  21% ] [90m[1m_update_scan_actions[22m | Rig_Medium_MovementBasic.glb[39m[0m
2026-10-07T09:05:24.6687991Z [  21% ] [90m[1m_update_scan_actions[22m | bruno-the-bear.glb[39m[0m
2026-10-07T09:05:24.6717091Z [  21% ] [90m[1m_update_scan_actions[22m | bruno-the-bear_0.png[39m[0m
2026-10-07T09:05:24.6727093Z [  21% ] [90m[1m_update_scan_actions[22m | bruno-the-bear_1.png[39m[0m
2026-10-07T09:05:24.6731437Z [  21% ] [90m[1m_update_scan_actions[22m | bruno-the-bear_2.png[39m[0m
2026-10-07T09:05:24.6735386Z [  21% ] [90m[1m_update_scan_actions[22m | bruno-the-bear_3.png[39m[0m
2026-10-07T09:05:24.6739846Z [  21% ] [90m[1m_update_scan_actions[22m | bruno-the-bear_4.png[39m[0m
2026-10-07T09:05:24.6789028Z [  21% ] [90m[1m_update_scan_actions[22m | ernie-the-duck.glb[39m[0m
2026-10-07T09:05:24.6819149Z [  21% ] [90m[1m_update_scan_actions[22m | ernie-the-duck_0.png[39m[0m
2026-10-07T09:05:24.6828958Z [  21% ] [90m[1m_update_scan_actions[22m | ernie-the-duck_1.png[39m[0m
2026-10-07T09:05:24.6833154Z [  22% ] [90m[1m_update_scan_actions[22m | ernie-the-duck_2.png[39m[0m
2026-10-07T09:05:24.6837684Z [  22% ] [90m[1m_update_scan_actions[22m | ernie-the-duck_3.png[39m[0m
2026-10-07T09:05:24.6842403Z [  22% ] [90m[1m_update_scan_actions[22m | ernie-the-duck_4.png[39m[0m
2026-10-07T09:05:24.6894811Z [  22% ] [90m[1m_update_scan_actions[22m | ollie-the-songbird.glb[39m[0m
2026-10-07T09:05:24.6926909Z [  22% ] [90m[1m_update_scan_actions[22m | ollie-the-songbird_0.png[39m[0m
2026-10-07T09:05:24.6937374Z [  22% ] [90m[1m_update_scan_actions[22m | ollie-the-songbird_1.png[39m[0m
2026-10-07T09:05:24.6941844Z [  22% ] [90m[1m_update_scan_actions[22m | ollie-the-songbird_2.png[39m[0m
2026-10-07T09:05:24.6946277Z [  22% ] [90m[1m_update_scan_actions[22m | ollie-the-songbird_3.png[39m[0m
2026-10-07T09:05:24.6951027Z [  22% ] [90m[1m_update_scan_actions[22m | ollie-the-songbird_4.png[39m[0m
2026-10-07T09:05:24.7155219Z [  22% ] [90m[1m_update_scan_actions[22m | abyssal_guardian_extracted_base_color.png[39m[0m
2026-10-07T09:05:24.7189345Z [  22% ] [90m[1m_update_scan_actions[22m | abyssal_guardian_extracted_base_color_vivid.png[39m[0m
2026-10-07T09:05:24.7362062Z [  22% ] [90m[1m_update_scan_actions[22m | creature_abyssal_guardian_lod0.glb[39m[0m
2026-10-07T09:05:24.7478108Z [  22% ] [90m[1m_update_scan_actions[22m | creature_abyssal_guardian_lod0_Image_0.jpg[39m[0m
2026-10-07T09:05:24.7553425Z [  22% ] [90m[1m_update_scan_actions[22m | creature_abyssal_guardian_lod0_Image_1.jpg[39m[0m
2026-10-07T09:05:24.7646712Z [  23% ] [90m[1m_update_scan_actions[22m | creature_abyssal_guardian_lod0_Image_2.jpg[39m[0m
2026-10-07T09:05:24.7676501Z [  23% ] [90m[1m_update_scan_actions[22m | aeriex_extracted_base_color_vivid.png[39m[0m
2026-10-07T09:05:24.7805489Z [  23% ] [90m[1m_update_scan_actions[22m | creature_aeriex_lod0.glb[39m[0m
2026-10-07T09:05:24.7891144Z [  23% ] [90m[1m_update_scan_actions[22m | creature_aeriex_lod0_Image_0.jpg[39m[0m
2026-10-07T09:05:24.7925530Z [  23% ] [90m[1m_update_scan_actions[22m | aquaryn_extracted_base_color_shiny.png[39m[0m
2026-10-07T09:05:24.7958833Z [  23% ] [90m[1m_update_scan_actions[22m | aquaryn_extracted_base_color_vivid.png[39m[0m
2026-10-07T09:05:24.8086234Z [  23% ] [90m[1m_update_scan_actions[22m | creature_aquaryn_lod0.glb[39m[0m
2026-10-07T09:05:24.8178430Z [  23% ] [90m[1m_update_scan_actions[22m | creature_aquaryn_lod0_Image_0.jpg[39m[0m
2026-10-07T09:05:24.8179712Z [  23% ] [90m[1m_update_scan_actions[22m | bramblebun_extracted_base_color.png[39m[0m
2026-10-07T09:05:24.8215036Z [  23% ] [90m[1m_update_scan_actions[22m | bramblebun_extracted_base_color_shiny.png[39m[0m
2026-10-07T09:05:24.8249945Z [  23% ] [90m[1m_update_scan_actions[22m | bramblebun_extracted_base_color_vivid.png[39m[0m
2026-10-07T09:05:24.8251266Z [  23% ] [90m[1m_update_scan_actions[22m | bramblebun_extracted_emissive.png[39m[0m
2026-10-07T09:05:24.8266506Z [  23% ] [90m[1m_update_scan_actions[22m | bramblebun_extracted_emissive_shiny.png[39m[0m
2026-10-07T09:05:24.8280922Z [  23% ] [90m[1m_update_scan_actions[22m | bramblebun_extracted_emissive_vivid.png[39m[0m
2026-10-07T09:05:24.8419424Z [  24% ] [90m[1m_update_scan_actions[22m | creature_bramblebun_lod0.glb[39m[0m
2026-10-07T09:05:24.8516350Z [  24% ] [90m[1m_update_scan_actions[22m | creature_bramblebun_lod0_base_color.jpg[39m[0m
2026-10-07T09:05:24.8564420Z [  24% ] [90m[1m_update_scan_actions[22m | creature_bramblebun_lod0_emissive.jpg[39m[0m
2026-10-07T09:05:24.8631090Z [  24% ] [90m[1m_update_scan_actions[22m | creature_bramblebun_lod0_metallic_roughness.jpg[39m[0m
2026-10-07T09:05:24.8755208Z [  24% ] [90m[1m_update_scan_actions[22m | creature_bramblebun_lod0_normal.jpg[39m[0m
2026-10-07T09:05:24.8930296Z [  24% ] [90m[1m_update_scan_actions[22m | bramblebun_redesign_extracted_base_color.png[39m[0m
2026-10-07T09:05:24.8957806Z [  24% ] [90m[1m_update_scan_actions[22m | bramblebun_redesign_extracted_base_color_vivid.png[39m[0m
2026-10-07T09:05:24.9142409Z [  24% ] [90m[1m_update_scan_actions[22m | creature_bramblebun_redesign_lod0.glb[39m[0m
2026-10-07T09:05:24.9245647Z [  24% ] [90m[1m_update_scan_actions[22m | creature_bramblebun_redesign_lod0_base_color.jpg[39m[0m
2026-10-07T09:05:24.9318034Z [  24% ] [90m[1m_update_scan_actions[22m | creature_bramblebun_redesign_lod0_metallic_roughness.jpg[39m[0m
2026-10-07T09:05:24.9402936Z [  24% ] [90m[1m_update_scan_actions[22m | creature_bramblebun_redesign_lod0_normal.jpg[39m[0m
2026-10-07T09:05:24.9441272Z [  24% ] [90m[1m_update_scan_actions[22m | breezetail_extracted_base_color_shiny.png[39m[0m
2026-10-07T09:05:24.9475806Z [  24% ] [90m[1m_update_scan_actions[22m | breezetail_extracted_base_color_vivid.png[39m[0m
2026-10-07T09:05:24.9583084Z [  24% ] [90m[1m_update_scan_actions[22m | creature_breezetail_lod0.glb[39m[0m
2026-10-07T09:05:24.9670513Z [  25% ] [90m[1m_update_scan_actions[22m | creature_breezetail_lod0_Image_0.jpg[39m[0m
2026-10-07T09:05:24.9866253Z [  25% ] [90m[1m_update_scan_actions[22m | creature_brooktail_lod0.glb[39m[0m
2026-10-07T09:05:25.0008508Z [  25% ] [90m[1m_update_scan_actions[22m | creature_brooktail_lod0_base_color.png[39m[0m
2026-10-07T09:05:25.0041755Z [  25% ] [90m[1m_update_scan_actions[22m | creature_brooktail_lod0_base_color_shiny.png[39m[0m
2026-10-07T09:05:25.0073288Z [  25% ] [90m[1m_update_scan_actions[22m | creature_brooktail_lod0_base_color_vivid.png[39m[0m
2026-10-07T09:05:25.0076518Z [  25% ] [90m[1m_update_scan_actions[22m | creature_brooktail_lod0_emissive.png[39m[0m
2026-10-07T09:05:25.0079600Z [  25% ] [90m[1m_update_scan_actions[22m | creature_brooktail_lod0_emissive_shiny.png[39m[0m
2026-10-07T09:05:25.0082565Z [  25% ] [90m[1m_update_scan_actions[22m | creature_brooktail_lod0_emissive_vivid.png[39m[0m
2026-10-07T09:05:25.0159871Z [  25% ] [90m[1m_update_scan_actions[22m | creature_brooktail_lod0_metallic_roughness.png[39m[0m
2026-10-07T09:05:25.0240008Z [  25% ] [90m[1m_update_scan_actions[22m | creature_brooktail_lod0_normal.jpg[39m[0m
2026-10-07T09:05:25.0433394Z [  25% ] [90m[1m_update_scan_actions[22m | creature_burrowback_lod0.glb[39m[0m
2026-10-07T09:05:25.0558399Z [  25% ] [90m[1m_update_scan_actions[22m | creature_burrowback_lod0_base_color.png[39m[0m
2026-10-07T09:05:25.0587911Z [  25% ] [90m[1m_update_scan_actions[22m | creature_burrowback_lod0_base_color_alpha.png[39m[0m
2026-10-07T09:05:25.0618037Z [  25% ] [90m[1m_update_scan_actions[22m | creature_burrowback_lod0_base_color_nightburrow.png[39m[0m
2026-10-07T09:05:25.0645237Z [  26% ] [90m[1m_update_scan_actions[22m | creature_burrowback_lod0_base_color_shiny.png[39m[0m
2026-10-07T09:05:25.0675449Z [  26% ] [90m[1m_update_scan_actions[22m | creature_burrowback_lod0_base_color_vivid.png[39m[0m
2026-10-07T09:05:25.0678300Z [  26% ] [90m[1m_update_scan_actions[22m | creature_burrowback_lod0_emissive.png[39m[0m
2026-10-07T09:05:25.0681173Z [  26% ] [90m[1m_update_scan_actions[22m | creature_burrowback_lod0_emissive_alpha.png[39m[0m
2026-10-07T09:05:25.0695160Z [  26% ] [90m[1m_update_scan_actions[22m | creature_burrowback_lod0_emissive_nightburrow.png[39m[0m
2026-10-07T09:05:25.0698056Z [  26% ] [90m[1m_update_scan_actions[22m | creature_burrowback_lod0_emissive_shiny.png[39m[0m
2026-10-07T09:05:25.0700837Z [  26% ] [90m[1m_update_scan_actions[22m | creature_burrowback_lod0_emissive_vivid.png[39m[0m
2026-10-07T09:05:25.0782417Z [  26% ] [90m[1m_update_scan_actions[22m | creature_burrowback_lod0_metallic_roughness.png[39m[0m
2026-10-07T09:05:25.0861107Z [  26% ] [90m[1m_update_scan_actions[22m | creature_burrowback_lod0_normal.jpg[39m[0m
2026-10-07T09:05:25.0900227Z [  26% ] [90m[1m_update_scan_actions[22m | cannonback_extracted_base_color_shiny.png[39m[0m
2026-10-07T09:05:25.0935801Z [  26% ] [90m[1m_update_scan_actions[22m | cannonback_extracted_base_color_vivid.png[39m[0m
2026-10-07T09:05:25.1052913Z [  26% ] [90m[1m_update_scan_actions[22m | creature_cannonback_lod0.glb[39m[0m
2026-10-07T09:05:25.1144359Z [  26% ] [90m[1m_update_scan_actions[22m | creature_cannonback_lod0_Image_0.jpg[39m[0m
2026-10-07T09:05:25.1289273Z [  26% ] [90m[1m_update_scan_actions[22m | creature_cindercub_lod0.glb[39m[0m
2026-10-07T09:05:25.1377009Z [  27% ] [90m[1m_update_scan_actions[22m | creature_cindercub_lod0_base_color.jpg[39m[0m
2026-10-07T09:05:25.1440833Z [  27% ] [90m[1m_update_scan_actions[22m | creature_cindercub_lod0_metallic_roughness.jpg[39m[0m
2026-10-07T09:05:25.1513963Z [  27% ] [90m[1m_update_scan_actions[22m | creature_cindercub_lod0_normal.jpg[39m[0m
2026-10-07T09:05:25.1561080Z [  27% ] [90m[1m_update_scan_actions[22m | cliffspike_extracted_base_color_shiny.png[39m[0m
2026-10-07T09:05:25.1602179Z [  27% ] [90m[1m_update_scan_actions[22m | cliffspike_extracted_base_color_vivid.png[39m[0m
2026-10-07T09:05:25.1753940Z [  27% ] [90m[1m_update_scan_actions[22m | creature_cliffspike_lod0.glb[39m[0m
2026-10-07T09:05:25.1857969Z [  27% ] [90m[1m_update_scan_actions[22m | creature_cliffspike_lod0_Image_0.jpg[39m[0m
2026-10-07T09:05:25.1883368Z [  27% ] [90m[1m_update_scan_actions[22m | cloudfang_extracted_base_color_shiny.png[39m[0m
2026-10-07T09:05:25.1912719Z [  27% ] [90m[1m_update_scan_actions[22m | cloudfang_extracted_base_color_vivid.png[39m[0m
2026-10-07T09:05:25.2034277Z [  27% ] [90m[1m_update_scan_actions[22m | creature_cloudfang_lod0.glb[39m[0m
2026-10-07T09:05:25.2117024Z [  27% ] [90m[1m_update_scan_actions[22m | creature_cloudfang_lod0_Image_0.jpg[39m[0m
2026-10-07T09:05:25.2118011Z [  27% ] [90m[1m_update_scan_actions[22m | cragclaw_extracted_base_color.png[39m[0m
2026-10-07T09:05:25.2152238Z [  27% ] [90m[1m_update_scan_actions[22m | cragclaw_extracted_base_color_vivid.png[39m[0m
2026-10-07T09:05:25.2270450Z [  27% ] [90m[1m_update_scan_actions[22m | creature_cragclaw_lod0.glb[39m[0m
2026-10-07T09:05:25.2360328Z [  28% ] [90m[1m_update_scan_actions[22m | creature_cragclaw_lod0_Image_0.jpg[39m[0m
2026-10-07T09:05:25.2391363Z [  28% ] [90m[1m_update_scan_actions[22m | craghorn_extracted_base_color_vivid.png[39m[0m
2026-10-07T09:05:25.2493765Z [  28% ] [90m[1m_update_scan_actions[22m | creature_craghorn_lod0.glb[39m[0m
2026-10-07T09:05:25.2573521Z [  28% ] [90m[1m_update_scan_actions[22m | creature_craghorn_lod0_Image_0.jpg[39m[0m
2026-10-07T09:05:25.2786983Z [  28% ] [90m[1m_update_scan_actions[22m | creature_duskhush_lod0.glb[39m[0m
2026-10-07T09:05:25.2937628Z [  28% ] [90m[1m_update_scan_actions[22m | creature_duskhush_lod0_base_color.png[39m[0m
2026-10-07T09:05:25.2975349Z [  28% ] [90m[1m_update_scan_actions[22m | creature_duskhush_lod0_base_color_shiny.png[39m[0m
2026-10-07T09:05:25.3009773Z [  28% ] [90m[1m_update_scan_actions[22m | creature_duskhush_lod0_base_color_vivid.png[39m[0m
2026-10-07T09:05:25.3012430Z [  28% ] [90m[1m_update_scan_actions[22m | creature_duskhush_lod0_emissive.png[39m[0m
2026-10-07T09:05:25.3015330Z [  28% ] [90m[1m_update_scan_actions[22m | creature_duskhush_lod0_emissive_shiny.png[39m[0m
2026-10-07T09:05:25.3018290Z [  28% ] [90m[1m_update_scan_actions[22m | creature_duskhush_lod0_emissive_vivid.png[39m[0m
2026-10-07T09:05:25.3103192Z [  28% ] [90m[1m_update_scan_actions[22m | creature_duskhush_lod0_metallic_roughness.png[39m[0m
2026-10-07T09:05:25.3186947Z [  28% ] [90m[1m_update_scan_actions[22m | creature_duskhush_lod0_normal.jpg[39m[0m
2026-10-07T09:05:25.3350727Z [  28% ] [90m[1m_update_scan_actions[22m | creature_frostclaw_lod0.glb[39m[0m
2026-10-07T09:05:25.3448312Z [  29% ] [90m[1m_update_scan_actions[22m | creature_frostclaw_lod0_base_color.jpg[39m[0m
2026-10-07T09:05:25.3512919Z [  29% ] [90m[1m_update_scan_actions[22m | creature_frostclaw_lod0_metallic_roughness.jpg[39m[0m
2026-10-07T09:05:25.3596689Z [  29% ] [90m[1m_update_scan_actions[22m | creature_frostclaw_lod0_normal.jpg[39m[0m
2026-10-07T09:05:25.3705100Z [  29% ] [90m[1m_update_scan_actions[22m | creature_fulgocobra_lod0.glb[39m[0m
2026-10-07T09:05:25.3793315Z [  29% ] [90m[1m_update_scan_actions[22m | creature_fulgocobra_lod0_Image_0.jpg[39m[0m
2026-10-07T09:05:25.3828443Z [  29% ] [90m[1m_update_scan_actions[22m | fulgocobra_extracted_base_color_shiny.png[39m[0m
2026-10-07T09:05:25.3861242Z [  29% ] [90m[1m_update_scan_actions[22m | fulgocobra_extracted_base_color_vivid.png[39m[0m
2026-10-07T09:05:25.3987785Z [  29% ] [90m[1m_update_scan_actions[22m | creature_galecrest_lod0.glb[39m[0m
2026-10-07T09:05:25.4092594Z [  29% ] [90m[1m_update_scan_actions[22m | creature_galecrest_lod0_Image_0.jpg[39m[0m
2026-10-07T09:05:25.4216301Z [  29% ] [90m[1m_update_scan_actions[22m | galecrest_extracted_base_color_alpha.png[39m[0m
2026-10-07T09:05:25.4336933Z [  29% ] [90m[1m_update_scan_actions[22m | galecrest_extracted_base_color_shiny.png[39m[0m
2026-10-07T09:05:25.4473254Z [  29% ] [90m[1m_update_scan_actions[22m | galecrest_extracted_base_color_vivid.png[39m[0m
2026-10-07T09:05:25.4653110Z [  29% ] [90m[1m_update_scan_actions[22m | creature_galewisp_lod0.glb[39m[0m
2026-10-07T09:05:25.4751035Z [  30% ] [90m[1m_update_scan_actions[22m | creature_galewisp_lod0_base_color.jpg[39m[0m
2026-10-07T09:05:25.4892706Z [  30% ] [90m[1m_update_scan_actions[22m | creature_galewisp_lod0_base_color.png[39m[0m
2026-10-07T09:05:25.4926119Z [  30% ] [90m[1m_update_scan_actions[22m | creature_galewisp_lod0_base_color_shiny.png[39m[0m
2026-10-07T09:05:25.5000995Z [  30% ] [90m[1m_update_scan_actions[22m | creature_galewisp_lod0_base_color_vivid.png[39m[0m
2026-10-07T09:05:25.5048832Z [  30% ] [90m[1m_update_scan_actions[22m | creature_galewisp_lod0_emissive.jpg[39m[0m
2026-10-07T09:05:25.5051797Z [  30% ] [90m[1m_update_scan_actions[22m | creature_galewisp_lod0_emissive.png[39m[0m
2026-10-07T09:05:25.5054426Z [  30% ] [90m[1m_update_scan_actions[22m | creature_galewisp_lod0_emissive_shiny.png[39m[0m
2026-10-07T09:05:25.5057428Z [  30% ] [90m[1m_update_scan_actions[22m | creature_galewisp_lod0_emissive_vivid.png[39m[0m
2026-10-07T09:05:25.5118505Z [  30% ] [90m[1m_update_scan_actions[22m | creature_galewisp_lod0_metallic_roughness.png[39m[0m
2026-10-07T09:05:25.5198325Z [  30% ] [90m[1m_update_scan_actions[22m | creature_galewisp_lod0_normal.jpg[39m[0m
2026-10-07T09:05:25.5318180Z [  30% ] [90m[1m_update_scan_actions[22m | creature_glimmermoth_lod0.glb[39m[0m
2026-10-07T09:05:25.5413098Z [  30% ] [90m[1m_update_scan_actions[22m | creature_glimmermoth_lod0_Image_0.jpg[39m[0m
2026-10-07T09:05:25.5447771Z [  30% ] [90m[1m_update_scan_actions[22m | glimmermoth_extracted_base_color_vivid.png[39m[0m
2026-10-07T09:05:25.5552028Z [  30% ] [90m[1m_update_scan_actions[22m | creature_mangrove_monitor_lod0.glb[39m[0m
2026-10-07T09:05:25.5636548Z [  31% ] [90m[1m_update_scan_actions[22m | creature_mangrove_monitor_lod0_Image_0.jpg[39m[0m
2026-10-07T09:05:25.5637555Z [  31% ] [90m[1m_update_scan_actions[22m | mangrove_monitor_extracted_base_color.png[39m[0m
2026-10-07T09:05:25.5669581Z [  31% ] [90m[1m_update_scan_actions[22m | mangrove_monitor_extracted_base_color_vivid.png[39m[0m
2026-10-07T09:05:25.5851990Z [  31% ] [90m[1m_update_scan_actions[22m | creature_meadowhart_lod0.glb[39m[0m
2026-10-07T09:05:25.5987423Z [  31% ] [90m[1m_update_scan_actions[22m | creature_meadowhart_lod0_base_color.png[39m[0m
2026-10-07T09:05:25.6018243Z [  31% ] [90m[1m_update_scan_actions[22m | creature_meadowhart_lod0_base_color_shiny.png[39m[0m
2026-10-07T09:05:25.6050185Z [  31% ] [90m[1m_update_scan_actions[22m | creature_meadowhart_lod0_base_color_vivid.png[39m[0m
2026-10-07T09:05:25.6052583Z [  31% ] [90m[1m_update_scan_actions[22m | creature_meadowhart_lod0_emissive.png[39m[0m
2026-10-07T09:05:25.6055189Z [  31% ] [90m[1m_update_scan_actions[22m | creature_meadowhart_lod0_emissive_shiny.png[39m[0m
2026-10-07T09:05:25.6057885Z [  31% ] [90m[1m_update_scan_actions[22m | creature_meadowhart_lod0_emissive_vivid.png[39m[0m
2026-10-07T09:05:25.6135581Z [  31% ] [90m[1m_update_scan_actions[22m | creature_meadowhart_lod0_metallic_roughness.png[39m[0m
2026-10-07T09:05:25.6213927Z [  31% ] [90m[1m_update_scan_actions[22m | creature_meadowhart_lod0_normal.jpg[39m[0m
2026-10-07T09:05:25.6360318Z [  31% ] [90m[1m_update_scan_actions[22m | creature_meadowhart_bare_lod0.glb[39m[0m
2026-10-07T09:05:25.6450778Z [  31% ] [90m[1m_update_scan_actions[22m | creature_meadowhart_bare_lod0_Image_0.jpg[39m[0m
2026-10-07T09:05:25.6560895Z [  32% ] [90m[1m_update_scan_actions[22m | creature_meadowhart_bare_lod0_normal.png[39m[0m
2026-10-07T09:05:25.6664926Z [  32% ] [90m[1m_update_scan_actions[22m | meadowhart_bare_extracted_base_color_shiny.png[39m[0m
2026-10-07T09:05:25.6786172Z [  32% ] [90m[1m_update_scan_actions[22m | creature_mirejaw_lod0.glb[39m[0m
2026-10-07T09:05:25.6869635Z [  32% ] [90m[1m_update_scan_actions[22m | creature_mirejaw_lod0_Image_0.jpg[39m[0m
2026-10-07T09:05:25.6871126Z [  32% ] [90m[1m_update_scan_actions[22m | mirejaw_extracted_base_color.png[39m[0m
2026-10-07T09:05:25.6902807Z [  32% ] [90m[1m_update_scan_actions[22m | mirejaw_extracted_base_color_shiny.png[39m[0m
2026-10-07T09:05:25.6935449Z [  32% ] [90m[1m_update_scan_actions[22m | mirejaw_extracted_base_color_vivid.png[39m[0m
2026-10-07T09:05:25.7175340Z [  32% ] [90m[1m_update_scan_actions[22m | creature_mosshell_lod0.glb[39m[0m
2026-10-07T09:05:25.7342260Z [  32% ] [90m[1m_update_scan_actions[22m | creature_mosshell_lod0_base_color.png[39m[0m
2026-10-07T09:05:25.7376995Z [  32% ] [90m[1m_update_scan_actions[22m | creature_mosshell_lod0_base_color_shiny.png[39m[0m
2026-10-07T09:05:25.7416105Z [  32% ] [90m[1m_update_scan_actions[22m | creature_mosshell_lod0_base_color_vivid.png[39m[0m
2026-10-07T09:05:25.7418957Z [  32% ] [90m[1m_update_scan_actions[22m | creature_mosshell_lod0_emissive.png[39m[0m
2026-10-07T09:05:25.7421689Z [  32% ] [90m[1m_update_scan_actions[22m | creature_mosshell_lod0_emissive_shiny.png[39m[0m
2026-10-07T09:05:25.7424543Z [  32% ] [90m[1m_update_scan_actions[22m | creature_mosshell_lod0_emissive_vivid.png[39m[0m
2026-10-07T09:05:25.7515238Z [  33% ] [90m[1m_update_scan_actions[22m | creature_mosshell_lod0_metallic_roughness.png[39m[0m
2026-10-07T09:05:25.7603723Z [  33% ] [90m[1m_update_scan_actions[22m | creature_mosshell_lod0_normal.jpg[39m[0m
2026-10-07T09:05:25.7721841Z [  33% ] [90m[1m_update_scan_actions[22m | creature_mosshock_lod0.glb[39m[0m
2026-10-07T09:05:25.7814793Z [  33% ] [90m[1m_update_scan_actions[22m | creature_mosshock_lod0_Image_0.jpg[39m[0m
2026-10-07T09:05:25.7846455Z [  33% ] [90m[1m_update_scan_actions[22m | mosshock_extracted_base_color_vivid.png[39m[0m
2026-10-07T09:05:25.7984474Z [  33% ] [90m[1m_update_scan_actions[22m | creature_mudsnout_lod0.glb[39m[0m
2026-10-07T09:05:25.8081177Z [  33% ] [90m[1m_update_scan_actions[22m | creature_mudsnout_lod0_base_color.jpg[39m[0m
2026-10-07T09:05:25.8129585Z [  33% ] [90m[1m_update_scan_actions[22m | creature_mudsnout_lod0_emissive.jpg[39m[0m
2026-10-07T09:05:25.8196577Z [  33% ] [90m[1m_update_scan_actions[22m | creature_mudsnout_lod0_metallic_roughness.jpg[39m[0m
2026-10-07T09:05:25.8320754Z [  33% ] [90m[1m_update_scan_actions[22m | creature_mudsnout_lod0_normal.jpg[39m[0m
2026-10-07T09:05:25.8321634Z [  33% ] [90m[1m_update_scan_actions[22m | mudsnout_extracted_base_color.png[39m[0m
2026-10-07T09:05:25.8354483Z [  33% ] [90m[1m_update_scan_actions[22m | mudsnout_extracted_base_color_shiny.png[39m[0m
2026-10-07T09:05:25.8381320Z [  33% ] [90m[1m_update_scan_actions[22m | mudsnout_extracted_base_color_vivid.png[39m[0m
2026-10-07T09:05:25.8382264Z [  33% ] [90m[1m_update_scan_actions[22m | mudsnout_extracted_emissive.png[39m[0m
2026-10-07T09:05:25.8396124Z [  34% ] [90m[1m_update_scan_actions[22m | mudsnout_extracted_emissive_shiny.png[39m[0m
2026-10-07T09:05:25.8408800Z [  34% ] [90m[1m_update_scan_actions[22m | mudsnout_extracted_emissive_vivid.png[39m[0m
2026-10-07T09:05:25.8616574Z [  34% ] [90m[1m_update_scan_actions[22m | creature_paddlenewt_lod0.glb[39m[0m
2026-10-07T09:05:25.8765588Z [  34% ] [90m[1m_update_scan_actions[22m | creature_paddlenewt_lod0_base_color.png[39m[0m
2026-10-07T09:05:25.8800646Z [  34% ] [90m[1m_update_scan_actions[22m | creature_paddlenewt_lod0_base_color_riftfrill.png[39m[0m
2026-10-07T09:05:25.8838257Z [  34% ] [90m[1m_update_scan_actions[22m | creature_paddlenewt_lod0_base_color_shiny.png[39m[0m
2026-10-07T09:05:25.8872713Z [  34% ] [90m[1m_update_scan_actions[22m | creature_paddlenewt_lod0_base_color_vivid.png[39m[0m
2026-10-07T09:05:25.8875704Z [  34% ] [90m[1m_update_scan_actions[22m | creature_paddlenewt_lod0_emissive.png[39m[0m
2026-10-07T09:05:25.8891586Z [  34% ] [90m[1m_update_scan_actions[22m | creature_paddlenewt_lod0_emissive_riftfrill.png[39m[0m
2026-10-07T09:05:25.8894850Z [  34% ] [90m[1m_update_scan_actions[22m | creature_paddlenewt_lod0_emissive_shiny.png[39m[0m
2026-10-07T09:05:25.8898246Z [  34% ] [90m[1m_update_scan_actions[22m | creature_paddlenewt_lod0_emissive_vivid.png[39m[0m
2026-10-07T09:05:25.8982007Z [  34% ] [90m[1m_update_scan_actions[22m | creature_paddlenewt_lod0_metallic_roughness.png[39m[0m
2026-10-07T09:05:25.9062082Z [  34% ] [90m[1m_update_scan_actions[22m | creature_paddlenewt_lod0_normal.jpg[39m[0m
2026-10-07T09:05:25.9178875Z [  34% ] [90m[1m_update_scan_actions[22m | creature_pebbik_lod0.glb[39m[0m
2026-10-07T09:05:25.9266981Z [  35% ] [90m[1m_update_scan_actions[22m | creature_pebbik_lod0_Image_0.jpg[39m[0m
2026-10-07T09:05:25.9303834Z [  35% ] [90m[1m_update_scan_actions[22m | pebbik_extracted_base_color_shiny.png[39m[0m
2026-10-07T09:05:25.9338455Z [  35% ] [90m[1m_update_scan_actions[22m | pebbik_extracted_base_color_vivid.png[39m[0m
2026-10-07T09:05:25.9528896Z [  35% ] [90m[1m_update_scan_actions[22m | creature_pipwing_lod0.glb[39m[0m
2026-10-07T09:05:25.9669916Z [  35% ] [90m[1m_update_scan_actions[22m | creature_pipwing_lod0_base_color.png[39m[0m
2026-10-07T09:05:25.9703989Z [  35% ] [90m[1m_update_scan_actions[22m | creature_pipwing_lod0_base_color_shiny.png[39m[0m
2026-10-07T09:05:25.9734579Z [  35% ] [90m[1m_update_scan_actions[22m | creature_pipwing_lod0_base_color_vivid.png[39m[0m
2026-10-07T09:05:25.9737600Z [  35% ] [90m[1m_update_scan_actions[22m | creature_pipwing_lod0_emissive.png[39m[0m
2026-10-07T09:05:25.9740321Z [  35% ] [90m[1m_update_scan_actions[22m | creature_pipwing_lod0_emissive_shiny.png[39m[0m
2026-10-07T09:05:25.9743234Z [  35% ] [90m[1m_update_scan_actions[22m | creature_pipwing_lod0_emissive_vivid.png[39m[0m
2026-10-07T09:05:25.9820098Z [  35% ] [90m[1m_update_scan_actions[22m | creature_pipwing_lod0_metallic_roughness.png[39m[0m
2026-10-07T09:05:25.9897718Z [  35% ] [90m[1m_update_scan_actions[22m | creature_pipwing_lod0_normal.jpg[39m[0m
2026-10-07T09:05:26.0104833Z [  35% ] [90m[1m_update_scan_actions[22m | creature_reedwing_lod0.glb[39m[0m
2026-10-07T09:05:26.0253709Z [  35% ] [90m[1m_update_scan_actions[22m | creature_reedwing_lod0_base_color.png[39m[0m
2026-10-07T09:05:26.0285183Z [  36% ] [90m[1m_update_scan_actions[22m | creature_reedwing_lod0_base_color_shiny.png[39m[0m
2026-10-07T09:05:26.0319057Z [  36% ] [90m[1m_update_scan_actions[22m | creature_reedwing_lod0_base_color_vivid.png[39m[0m
2026-10-07T09:05:26.0321698Z [  36% ] [90m[1m_update_scan_actions[22m | creature_reedwing_lod0_emissive.png[39m[0m
2026-10-07T09:05:26.0324643Z [  36% ] [90m[1m_update_scan_actions[22m | creature_reedwing_lod0_emissive_shiny.png[39m[0m
2026-10-07T09:05:26.0327714Z [  36% ] [90m[1m_update_scan_actions[22m | creature_reedwing_lod0_emissive_vivid.png[39m[0m
2026-10-07T09:05:26.0409494Z [  36% ] [90m[1m_update_scan_actions[22m | creature_reedwing_lod0_metallic_roughness.png[39m[0m
2026-10-07T09:05:26.0490160Z [  36% ] [90m[1m_update_scan_actions[22m | creature_reedwing_lod0_normal.jpg[39m[0m
2026-10-07T09:05:26.0595012Z [  36% ] [90m[1m_update_scan_actions[22m | creature_ribbonray_lod0.glb[39m[0m
2026-10-07T09:05:26.0675439Z [  36% ] [90m[1m_update_scan_actions[22m | creature_ribbonray_lod0_Image_0.jpg[39m[0m
2026-10-07T09:05:26.0703470Z [  36% ] [90m[1m_update_scan_actions[22m | ribbonray_extracted_base_color_vivid.png[39m[0m
2026-10-07T09:05:26.0899484Z [  36% ] [90m[1m_update_scan_actions[22m | creature_ripplet_lod0.glb[39m[0m
2026-10-07T09:05:26.0989211Z [  36% ] [90m[1m_update_scan_actions[22m | creature_ripplet_lod0_base_color.jpg[39m[0m
2026-10-07T09:05:26.1116569Z [  36% ] [90m[1m_update_scan_actions[22m | creature_ripplet_lod0_base_color.png[39m[0m
2026-10-07T09:05:26.1147078Z [  36% ] [90m[1m_update_scan_actions[22m | creature_ripplet_lod0_base_color_shiny.png[39m[0m
2026-10-07T09:05:26.1207315Z [  37% ] [90m[1m_update_scan_actions[22m | creature_ripplet_lod0_base_color_vivid.png[39m[0m
2026-10-07T09:05:26.1273234Z [  37% ] [90m[1m_update_scan_actions[22m | creature_ripplet_lod0_emissive.jpg[39m[0m
2026-10-07T09:05:26.1275665Z [  37% ] [90m[1m_update_scan_actions[22m | creature_ripplet_lod0_emissive.png[39m[0m
2026-10-07T09:05:26.1278541Z [  37% ] [90m[1m_update_scan_actions[22m | creature_ripplet_lod0_emissive_shiny.png[39m[0m
2026-10-07T09:05:26.1281398Z [  37% ] [90m[1m_update_scan_actions[22m | creature_ripplet_lod0_emissive_vivid.png[39m[0m
2026-10-07T09:05:26.1343853Z [  37% ] [90m[1m_update_scan_actions[22m | creature_ripplet_lod0_metallic_roughness.png[39m[0m
2026-10-07T09:05:26.1416898Z [  37% ] [90m[1m_update_scan_actions[22m | creature_ripplet_lod0_normal.jpg[39m[0m
2026-10-07T09:05:26.1540978Z [  37% ] [90m[1m_update_scan_actions[22m | creature_riptusk_lod0.glb[39m[0m
2026-10-07T09:05:26.1630717Z [  37% ] [90m[1m_update_scan_actions[22m | creature_riptusk_lod0_Image_0.jpg[39m[0m
2026-10-07T09:05:26.1631802Z [  37% ] [90m[1m_update_scan_actions[22m | riptusk_extracted_base_color.png[39m[0m
2026-10-07T09:05:26.1669645Z [  37% ] [90m[1m_update_scan_actions[22m | riptusk_extracted_base_color_shiny.png[39m[0m
2026-10-07T09:05:26.1704399Z [  37% ] [90m[1m_update_scan_actions[22m | riptusk_extracted_base_color_vivid.png[39m[0m
2026-10-07T09:05:26.1811157Z [  37% ] [90m[1m_update_scan_actions[22m | creature_riverdrake_lod0.glb[39m[0m
2026-10-07T09:05:26.1895626Z [  37% ] [90m[1m_update_scan_actions[22m | creature_riverdrake_lod0_Image_0.jpg[39m[0m
2026-10-07T09:05:26.1926247Z [  38% ] [90m[1m_update_scan_actions[22m | riverdrake_extracted_base_color_vivid.png[39m[0m
2026-10-07T09:05:26.2077627Z [  38% ] [90m[1m_update_scan_actions[22m | creature_shadelet_lod0.glb[39m[0m
2026-10-07T09:05:26.2165236Z [  38% ] [90m[1m_update_scan_actions[22m | creature_shadelet_lod0_base_color.jpg[39m[0m
2026-10-07T09:05:26.2230881Z [  38% ] [90m[1m_update_scan_actions[22m | creature_shadelet_lod0_metallic_roughness.jpg[39m[0m
2026-10-07T09:05:26.2305159Z [  38% ] [90m[1m_update_scan_actions[22m | creature_shadelet_lod0_normal.jpg[39m[0m
2026-10-07T09:05:26.2423688Z [  38% ] [90m[1m_update_scan_actions[22m | creature_sirenseal_lod0.glb[39m[0m
2026-10-07T09:05:26.2508674Z [  38% ] [90m[1m_update_scan_actions[22m | creature_sirenseal_lod0_Image_0.jpg[39m[0m
2026-10-07T09:05:26.2511176Z [  38% ] [90m[1m_update_scan_actions[22m | sirenseal_extracted_base_color.png[39m[0m
2026-10-07T09:05:26.2540302Z [  38% ] [90m[1m_update_scan_actions[22m | sirenseal_extracted_base_color_vivid.png[39m[0m
2026-10-07T09:05:26.2710013Z [  38% ] [90m[1m_update_scan_actions[22m | creature_skyrill_lod0.glb[39m[0m
2026-10-07T09:05:26.2822310Z [  38% ] [90m[1m_update_scan_actions[22m | creature_skyrill_lod0_Image_0.jpg[39m[0m
2026-10-07T09:05:26.2893719Z [  38% ] [90m[1m_update_scan_actions[22m | creature_skyrill_lod0_Image_1.jpg[39m[0m
2026-10-07T09:05:26.2984699Z [  38% ] [90m[1m_update_scan_actions[22m | creature_skyrill_lod0_Image_2.jpg[39m[0m
2026-10-07T09:05:26.3186563Z [  38% ] [90m[1m_update_scan_actions[22m | skyrill_extracted_base_color.png[39m[0m
2026-10-07T09:05:26.3223516Z [  39% ] [90m[1m_update_scan_actions[22m | skyrill_extracted_base_color_vivid.png[39m[0m
2026-10-07T09:05:26.3329963Z [  39% ] [90m[1m_update_scan_actions[22m | creature_solmane_lod0.glb[39m[0m
2026-10-07T09:05:26.3416096Z [  39% ] [90m[1m_update_scan_actions[22m | creature_solmane_lod0_Image_0.jpg[39m[0m
2026-10-07T09:05:26.3454534Z [  39% ] [90m[1m_update_scan_actions[22m | solmane_extracted_base_color_shiny.png[39m[0m
2026-10-07T09:05:26.3489073Z [  39% ] [90m[1m_update_scan_actions[22m | solmane_extracted_base_color_vivid.png[39m[0m
2026-10-07T09:05:26.3655649Z [  39% ] [90m[1m_update_scan_actions[22m | creature_sparkit_lod0.glb[39m[0m
2026-10-07T09:05:26.3754957Z [  39% ] [90m[1m_update_scan_actions[22m | creature_sparkit_lod0_base_color.jpg[39m[0m
2026-10-07T09:05:26.3819657Z [  39% ] [90m[1m_update_scan_actions[22m | creature_sparkit_lod0_metallic_roughness.jpg[39m[0m
2026-10-07T09:05:26.3900783Z [  39% ] [90m[1m_update_scan_actions[22m | creature_sparkit_lod0_normal.jpg[39m[0m
2026-10-07T09:05:26.4010386Z [  39% ] [90m[1m_update_scan_actions[22m | creature_staticub_lod0.glb[39m[0m
2026-10-07T09:05:26.4097866Z [  39% ] [90m[1m_update_scan_actions[22m | creature_staticub_lod0_Image_0.jpg[39m[0m
2026-10-07T09:05:26.4131282Z [  39% ] [90m[1m_update_scan_actions[22m | staticub_extracted_base_color_shiny.png[39m[0m
2026-10-07T09:05:26.4162526Z [  39% ] [90m[1m_update_scan_actions[22m | staticub_extracted_base_color_vivid.png[39m[0m
2026-10-07T09:05:26.4315692Z [  40% ] [90m[1m_update_scan_actions[22m | creature_stormbrush_lod0.glb[39m[0m
2026-10-07T09:05:26.4413145Z [  40% ] [90m[1m_update_scan_actions[22m | creature_stormbrush_lod0_Image_0.jpg[39m[0m
2026-10-07T09:05:26.4448805Z [  40% ] [90m[1m_update_scan_actions[22m | stormbrush_extracted_base_color_vivid.png[39m[0m
2026-10-07T09:05:26.4564762Z [  40% ] [90m[1m_update_scan_actions[22m | creature_stormcapra_lod0.glb[39m[0m
2026-10-07T09:05:26.4649454Z [  40% ] [90m[1m_update_scan_actions[22m | creature_stormcapra_lod0_Image_0.jpg[39m[0m
2026-10-07T09:05:26.4682203Z [  40% ] [90m[1m_update_scan_actions[22m | stormcapra_extracted_base_color_shiny.png[39m[0m
2026-10-07T09:05:26.4711779Z [  40% ] [90m[1m_update_scan_actions[22m | stormcapra_extracted_base_color_vivid.png[39m[0m
2026-10-07T09:05:26.4841353Z [  40% ] [90m[1m_update_scan_actions[22m | creature_stormraven_lod0.glb[39m[0m
2026-10-07T09:05:26.4926550Z [  40% ] [90m[1m_update_scan_actions[22m | creature_stormraven_lod0_Image_0.jpg[39m[0m
2026-10-07T09:05:26.4956561Z [  40% ] [90m[1m_update_scan_actions[22m | stormraven_extracted_base_color_vivid.png[39m[0m
2026-10-07T09:05:26.5076498Z [  40% ] [90m[1m_update_scan_actions[22m | creature_tanglevolt_lod0.glb[39m[0m
2026-10-07T09:05:26.5161787Z [  40% ] [90m[1m_update_scan_actions[22m | creature_tanglevolt_lod0_Image_0.jpg[39m[0m
2026-10-07T09:05:26.5194203Z [  40% ] [90m[1m_update_scan_actions[22m | tanglevolt_extracted_base_color_vivid.png[39m[0m
2026-10-07T09:05:26.5305182Z [  40% ] [90m[1m_update_scan_actions[22m | creature_tempestwing_lod0.glb[39m[0m
2026-10-07T09:05:26.5390353Z [  41% ] [90m[1m_update_scan_actions[22m | creature_tempestwing_lod0_Image_0.jpg[39m[0m
2026-10-07T09:05:26.5424092Z [  41% ] [90m[1m_update_scan_actions[22m | tempestwing_extracted_base_color_vivid.png[39m[0m
2026-10-07T09:05:26.5594819Z [  41% ] [90m[1m_update_scan_actions[22m | creature_terrapup_lod0.glb[39m[0m
2026-10-07T09:05:26.5688606Z [  41% ] [90m[1m_update_scan_actions[22m | creature_terrapup_lod0_base_color.jpg[39m[0m
2026-10-07T09:05:26.5826211Z [  41% ] [90m[1m_update_scan_actions[22m | creature_terrapup_lod0_base_color.png[39m[0m
2026-10-07T09:05:26.5854558Z [  41% ] [90m[1m_update_scan_actions[22m | creature_terrapup_lod0_base_color_shiny.png[39m[0m
2026-10-07T09:05:26.5883209Z [  41% ] [90m[1m_update_scan_actions[22m | creature_terrapup_lod0_base_color_vivid.png[39m[0m
2026-10-07T09:05:26.5931792Z [  41% ] [90m[1m_update_scan_actions[22m | creature_terrapup_lod0_emissive.jpg[39m[0m
2026-10-07T09:05:26.5979870Z [  41% ] [90m[1m_update_scan_actions[22m | creature_terrapup_lod0_emissive.png[39m[0m
2026-10-07T09:05:26.5993596Z [  41% ] [90m[1m_update_scan_actions[22m | creature_terrapup_lod0_emissive_shiny.png[39m[0m
2026-10-07T09:05:26.6006811Z [  41% ] [90m[1m_update_scan_actions[22m | creature_terrapup_lod0_emissive_vivid.png[39m[0m
2026-10-07T09:05:26.6074813Z [  41% ] [90m[1m_update_scan_actions[22m | creature_terrapup_lod0_metallic_roughness.jpg[39m[0m
2026-10-07T09:05:26.6136466Z [  41% ] [90m[1m_update_scan_actions[22m | creature_terrapup_lod0_metallic_roughness.png[39m[0m
2026-10-07T09:05:26.6215539Z [  41% ] [90m[1m_update_scan_actions[22m | creature_terrapup_lod0_normal.jpg[39m[0m
2026-10-07T09:05:26.6297307Z [  42% ] [90m[1m_update_scan_actions[22m | creature_terrapup_lod0_normal.png[39m[0m
2026-10-07T09:05:26.6423485Z [  42% ] [90m[1m_update_scan_actions[22m | creature_thundertunnel_lod0.glb[39m[0m
2026-10-07T09:05:26.6509715Z [  42% ] [90m[1m_update_scan_actions[22m | creature_thundertunnel_lod0_Image_0.jpg[39m[0m
2026-10-07T09:05:26.6539279Z [  42% ] [90m[1m_update_scan_actions[22m | thundertunnel_extracted_base_color_vivid.png[39m[0m
2026-10-07T09:05:26.6653119Z [  42% ] [90m[1m_update_scan_actions[22m | creature_tidecoil_lod0.glb[39m[0m
2026-10-07T09:05:26.6740171Z [  42% ] [90m[1m_update_scan_actions[22m | creature_tidecoil_lod0_Image_0.jpg[39m[0m
2026-10-07T09:05:26.6771880Z [  42% ] [90m[1m_update_scan_actions[22m | tidecoil_extracted_base_color_shiny.png[39m[0m
2026-10-07T09:05:26.6802466Z [  42% ] [90m[1m_update_scan_actions[22m | tidecoil_extracted_base_color_vivid.png[39m[0m
2026-10-07T09:05:26.6960351Z [  42% ] [90m[1m_update_scan_actions[22m | creature_torrentoad_lod0.glb[39m[0m
2026-10-07T09:05:26.7066133Z [  42% ] [90m[1m_update_scan_actions[22m | creature_torrentoad_lod0_Image_0.jpg[39m[0m
2026-10-07T09:05:26.7140195Z [  42% ] [90m[1m_update_scan_actions[22m | creature_torrentoad_lod0_Image_1.jpg[39m[0m
2026-10-07T09:05:26.7225185Z [  42% ] [90m[1m_update_scan_actions[22m | creature_torrentoad_lod0_Image_2.jpg[39m[0m
2026-10-07T09:05:26.7411962Z [  42% ] [90m[1m_update_scan_actions[22m | torrentoad_extracted_base_color.png[39m[0m
2026-10-07T09:05:26.7445671Z [  42% ] [90m[1m_update_scan_actions[22m | torrentoad_extracted_base_color_vivid.png[39m[0m
2026-10-07T09:05:26.7586918Z [  43% ] [90m[1m_update_scan_actions[22m | creature_trailpup_lod0.glb[39m[0m
2026-10-07T09:05:26.7687256Z [  43% ] [90m[1m_update_scan_actions[22m | creature_trailpup_lod0_base_color.jpg[39m[0m
2026-10-07T09:05:26.7735184Z [  43% ] [90m[1m_update_scan_actions[22m | creature_trailpup_lod0_emissive.jpg[39m[0m
2026-10-07T09:05:26.7799434Z [  43% ] [90m[1m_update_scan_actions[22m | creature_trailpup_lod0_metallic_roughness.jpg[39m[0m
2026-10-07T09:05:26.7925475Z [  43% ] [90m[1m_update_scan_actions[22m | creature_trailpup_lod0_normal.jpg[39m[0m
2026-10-07T09:05:26.7926408Z [  43% ] [90m[1m_update_scan_actions[22m | trailpup_extracted_base_color.png[39m[0m
2026-10-07T09:05:26.7955075Z [  43% ] [90m[1m_update_scan_actions[22m | trailpup_extracted_base_color_shiny.png[39m[0m
2026-10-07T09:05:26.7983636Z [  43% ] [90m[1m_update_scan_actions[22m | trailpup_extracted_base_color_stormtrail.png[39m[0m
2026-10-07T09:05:26.8011493Z [  43% ] [90m[1m_update_scan_actions[22m | trailpup_extracted_base_color_vivid.png[39m[0m
2026-10-07T09:05:26.8012417Z [  43% ] [90m[1m_update_scan_actions[22m | trailpup_extracted_emissive.png[39m[0m
2026-10-07T09:05:26.8028680Z [  43% ] [90m[1m_update_scan_actions[22m | trailpup_extracted_emissive_shiny.png[39m[0m
2026-10-07T09:05:26.8046782Z [  43% ] [90m[1m_update_scan_actions[22m | trailpup_extracted_emissive_stormtrail.png[39m[0m
2026-10-07T09:05:26.8060756Z [  43% ] [90m[1m_update_scan_actions[22m | trailpup_extracted_emissive_vivid.png[39m[0m
2026-10-07T09:05:26.8252154Z [  43% ] [90m[1m_update_scan_actions[22m | creature_tuskroot_lod0.glb[39m[0m
2026-10-07T09:05:26.8393669Z [  44% ] [90m[1m_update_scan_actions[22m | creature_tuskroot_lod0_base_color.png[39m[0m
2026-10-07T09:05:26.8424457Z [  44% ] [90m[1m_update_scan_actions[22m | creature_tuskroot_lod0_base_color_ashtusk.png[39m[0m
2026-10-07T09:05:26.8457445Z [  44% ] [90m[1m_update_scan_actions[22m | creature_tuskroot_lod0_base_color_shiny.png[39m[0m
2026-10-07T09:05:26.8487876Z [  44% ] [90m[1m_update_scan_actions[22m | creature_tuskroot_lod0_base_color_vivid.png[39m[0m
2026-10-07T09:05:26.8490809Z [  44% ] [90m[1m_update_scan_actions[22m | creature_tuskroot_lod0_emissive.png[39m[0m
2026-10-07T09:05:26.8504568Z [  44% ] [90m[1m_update_scan_actions[22m | creature_tuskroot_lod0_emissive_ashtusk.png[39m[0m
2026-10-07T09:05:26.8507701Z [  44% ] [90m[1m_update_scan_actions[22m | creature_tuskroot_lod0_emissive_shiny.png[39m[0m
2026-10-07T09:05:26.8510354Z [  44% ] [90m[1m_update_scan_actions[22m | creature_tuskroot_lod0_emissive_vivid.png[39m[0m
2026-10-07T09:05:26.8588115Z [  44% ] [90m[1m_update_scan_actions[22m | creature_tuskroot_lod0_metallic_roughness.png[39m[0m
2026-10-07T09:05:26.8665617Z [  44% ] [90m[1m_update_scan_actions[22m | creature_tuskroot_lod0_normal.jpg[39m[0m
2026-10-07T09:05:26.8814468Z [  44% ] [90m[1m_update_scan_actions[22m | creature_veridian_lod0.glb[39m[0m
2026-10-07T09:05:26.8914248Z [  44% ] [90m[1m_update_scan_actions[22m | creature_veridian_lod0_base_color.jpg[39m[0m
2026-10-07T09:05:26.8965158Z [  44% ] [90m[1m_update_scan_actions[22m | creature_veridian_lod0_emissive.jpg[39m[0m
2026-10-07T09:05:26.9035127Z [  44% ] [90m[1m_update_scan_actions[22m | creature_veridian_lod0_metallic_roughness.jpg[39m[0m
2026-10-07T09:05:26.9160520Z [  45% ] [90m[1m_update_scan_actions[22m | creature_veridian_lod0_normal.jpg[39m[0m
2026-10-07T09:05:26.9161421Z [  45% ] [90m[1m_update_scan_actions[22m | veridian_extracted_base_color.png[39m[0m
2026-10-07T09:05:26.9198957Z [  45% ] [90m[1m_update_scan_actions[22m | veridian_extracted_base_color_shiny.png[39m[0m
2026-10-07T09:05:26.9233116Z [  45% ] [90m[1m_update_scan_actions[22m | veridian_extracted_base_color_vivid.png[39m[0m
2026-10-07T09:05:26.9233994Z [  45% ] [90m[1m_update_scan_actions[22m | veridian_extracted_emissive.png[39m[0m
2026-10-07T09:05:26.9249334Z [  45% ] [90m[1m_update_scan_actions[22m | veridian_extracted_emissive_shiny.png[39m[0m
2026-10-07T09:05:26.9263823Z [  45% ] [90m[1m_update_scan_actions[22m | veridian_extracted_emissive_vivid.png[39m[0m
2026-10-07T09:05:26.9371458Z [  45% ] [90m[1m_update_scan_actions[22m | creature_voltarach_lod0.glb[39m[0m
2026-10-07T09:05:26.9457548Z [  45% ] [90m[1m_update_scan_actions[22m | creature_voltarach_lod0_Image_0.jpg[39m[0m
2026-10-07T09:05:26.9485744Z [  45% ] [90m[1m_update_scan_actions[22m | voltarach_extracted_base_color_alpha.png[39m[0m
2026-10-07T09:05:26.9519695Z [  45% ] [90m[1m_update_scan_actions[22m | voltarach_extracted_base_color_shiny.png[39m[0m
2026-10-07T09:05:26.9550700Z [  45% ] [90m[1m_update_scan_actions[22m | voltarach_extracted_base_color_vivid.png[39m[0m
2026-10-07T09:05:26.9660548Z [  45% ] [90m[1m_update_scan_actions[22m | creature_voltwig_lod0.glb[39m[0m
2026-10-07T09:05:26.9747712Z [  45% ] [90m[1m_update_scan_actions[22m | creature_voltwig_lod0_Image_0.jpg[39m[0m
2026-10-07T09:05:26.9780294Z [  46% ] [90m[1m_update_scan_actions[22m | voltwig_extracted_base_color_shiny.png[39m[0m
2026-10-07T09:05:26.9810271Z [  46% ] [90m[1m_update_scan_actions[22m | voltwig_extracted_base_color_vivid.png[39m[0m
2026-10-07T09:05:26.9831967Z [  46% ] [90m[1m_update_scan_actions[22m | bramblit.fbx[39m[0m
2026-10-07T09:05:26.9850351Z [  46% ] [90m[1m_update_scan_actions[22m | meadow_hopper.fbx[39m[0m
2026-10-07T09:05:26.9873641Z [  46% ] [90m[1m_update_scan_actions[22m | thornback.fbx[39m[0m
2026-10-07T09:05:26.9936819Z [  46% ] [90m[1m_update_scan_actions[22m | limestone_buttress.glb[39m[0m
2026-10-07T09:05:27.0029842Z [  46% ] [90m[1m_update_scan_actions[22m | limestone_buttress_CloudreachLimestoneColour.png[39m[0m
2026-10-07T09:05:27.0074627Z [  46% ] [90m[1m_update_scan_actions[22m | cloud_bank_v1.png[39m[0m
2026-10-07T09:05:27.0085305Z [  46% ] [90m[1m_update_scan_actions[22m | limestone_spire_1.obj[39m[0m
2026-10-07T09:05:27.0095645Z [  46% ] [90m[1m_update_scan_actions[22m | limestone_spire_2.obj[39m[0m
2026-10-07T09:05:27.0106417Z [  46% ] [90m[1m_update_scan_actions[22m | limestone_spire_3.obj[39m[0m
2026-10-07T09:05:27.0221292Z [  46% ] [90m[1m_update_scan_actions[22m | ironwood_ancient_tree.glb[39m[0m
2026-10-07T09:05:27.0327477Z [  46% ] [90m[1m_update_scan_actions[22m | ironwood_ancient_tree_0.jpg[39m[0m
2026-10-07T09:05:27.0330561Z [  46% ] [90m[1m_update_scan_actions[22m | flower_purpleA.glb[39m[0m
2026-10-07T09:05:27.0332792Z [  47% ] [90m[1m_update_scan_actions[22m | flower_redA.glb[39m[0m
2026-10-07T09:05:27.0335560Z [  47% ] [90m[1m_update_scan_actions[22m | flower_yellowA.glb[39m[0m
2026-10-07T09:05:27.0338554Z [  47% ] [90m[1m_update_scan_actions[22m | flower_yellowB.glb[39m[0m
2026-10-07T09:05:27.0341272Z [  47% ] [90m[1m_update_scan_actions[22m | grass.glb[39m[0m
2026-10-07T09:05:27.0344287Z [  47% ] [90m[1m_update_scan_actions[22m | grass_large.glb[39m[0m
2026-10-07T09:05:27.0347059Z [  47% ] [90m[1m_update_scan_actions[22m | grass_leafs.glb[39m[0m
2026-10-07T09:05:27.0349967Z [  47% ] [90m[1m_update_scan_actions[22m | grass_leafsLarge.glb[39m[0m
2026-10-07T09:05:27.0352737Z [  47% ] [90m[1m_update_scan_actions[22m | log.glb[39m[0m
2026-10-07T09:05:27.0355557Z [  47% ] [90m[1m_update_scan_actions[22m | log_large.glb[39m[0m
2026-10-07T09:05:27.0358464Z [  47% ] [90m[1m_update_scan_actions[22m | mushroom_red.glb[39m[0m
2026-10-07T09:05:27.0361089Z [  47% ] [90m[1m_update_scan_actions[22m | plant_bush.glb[39m[0m
2026-10-07T09:05:27.0363887Z [  47% ] [90m[1m_update_scan_actions[22m | plant_bushDetailed.glb[39m[0m
2026-10-07T09:05:27.0366697Z [  47% ] [90m[1m_update_scan_actions[22m | plant_bushLarge.glb[39m[0m
2026-10-07T09:05:27.0369350Z [  47% ] [90m[1m_update_scan_actions[22m | plant_bushSmall.glb[39m[0m
2026-10-07T09:05:27.0372031Z [  48% ] [90m[1m_update_scan_actions[22m | rock_largeA.glb[39m[0m
2026-10-07T09:05:27.0374741Z [  48% ] [90m[1m_update_scan_actions[22m | rock_largeC.glb[39m[0m
2026-10-07T09:05:27.0377469Z [  48% ] [90m[1m_update_scan_actions[22m | rock_smallA.glb[39m[0m
2026-10-07T09:05:27.0380096Z [  48% ] [90m[1m_update_scan_actions[22m | rock_smallD.glb[39m[0m
2026-10-07T09:05:27.0382902Z [  48% ] [90m[1m_update_scan_actions[22m | rock_tallA.glb[39m[0m
2026-10-07T09:05:27.0385604Z [  48% ] [90m[1m_update_scan_actions[22m | stump_round.glb[39m[0m
2026-10-07T09:05:27.0388403Z [  48% ] [90m[1m_update_scan_actions[22m | stump_square.glb[39m[0m
2026-10-07T09:05:27.0391116Z [  48% ] [90m[1m_update_scan_actions[22m | tree_blocks.glb[39m[0m
2026-10-07T09:05:27.0393887Z [  48% ] [90m[1m_update_scan_actions[22m | tree_default.glb[39m[0m
2026-10-07T09:05:27.0397288Z [  48% ] [90m[1m_update_scan_actions[22m | tree_detailed.glb[39m[0m
2026-10-07T09:05:27.0399828Z [  48% ] [90m[1m_update_scan_actions[22m | tree_fat.glb[39m[0m
2026-10-07T09:05:27.0402715Z [  48% ] [90m[1m_update_scan_actions[22m | tree_oak.glb[39m[0m
2026-10-07T09:05:27.0511982Z [  48% ] [90m[1m_update_scan_actions[22m | day.hdr[39m[0m
2026-10-07T09:05:27.0629739Z [  48% ] [90m[1m_update_scan_actions[22m | golden.hdr[39m[0m
2026-10-07T09:05:27.0635560Z [  49% ] [90m[1m_update_scan_actions[22m | Grass_C_dune_sage_straw.png[39m[0m
2026-10-07T09:05:27.0643764Z [  49% ] [90m[1m_update_scan_actions[22m | Leaves_NormalTree_C_desat55.png[39m[0m
2026-10-07T09:05:27.0652166Z [  49% ] [90m[1m_update_scan_actions[22m | Leaves_NormalTree_C_desat55_b100.png[39m[0m
2026-10-07T09:05:27.0661321Z [  49% ] [90m[1m_update_scan_actions[22m | Bark_DeadTree.png[39m[0m
2026-10-07T09:05:27.0671937Z [  49% ] [90m[1m_update_scan_actions[22m | Bark_DeadTree_Normal.png[39m[0m
2026-10-07T09:05:27.0680943Z [  49% ] [90m[1m_update_scan_actions[22m | Bark_NormalTree.png[39m[0m
2026-10-07T09:05:27.0690444Z [  49% ] [90m[1m_update_scan_actions[22m | Bark_NormalTree_Normal.png[39m[0m
2026-10-07T09:05:27.0700021Z [  49% ] [90m[1m_update_scan_actions[22m | Bark_TwistedTree.png[39m[0m
2026-10-07T09:05:27.0710552Z [  49% ] [90m[1m_update_scan_actions[22m | Bark_TwistedTree_Normal.png[39m[0m
2026-10-07T09:05:27.0713923Z [  49% ] [90m[1m_update_scan_actions[22m | Bush_Common.gltf[39m[0m
2026-10-07T09:05:27.0717828Z [  49% ] [90m[1m_update_scan_actions[22m | Bush_Common_Flowers.gltf[39m[0m
2026-10-07T09:05:27.0732487Z [  49% ] [90m[1m_update_scan_actions[22m | CherryBlossom_3.gltf[39m[0m
2026-10-07T09:05:27.0735025Z [  49% ] [90m[1m_update_scan_actions[22m | Clover_1.gltf[39m[0m
2026-10-07T09:05:27.0738100Z [  50% ] [90m[1m_update_scan_actions[22m | Clover_2.gltf[39m[0m
2026-10-07T09:05:27.0744905Z [  50% ] [90m[1m_update_scan_actions[22m | CommonTree_1.gltf[39m[0m
2026-10-07T09:05:27.0751380Z [  50% ] [90m[1m_update_scan_actions[22m | CommonTree_2.gltf[39m[0m
2026-10-07T09:05:27.0756383Z [  50% ] [90m[1m_update_scan_actions[22m | CommonTree_3.gltf[39m[0m
2026-10-07T09:05:27.0761758Z [  50% ] [90m[1m_update_scan_actions[22m | CommonTree_4.gltf[39m[0m
2026-10-07T09:05:27.0766505Z [  50% ] [90m[1m_update_scan_actions[22m | CommonTree_5.gltf[39m[0m
2026-10-07T09:05:27.0772885Z [  50% ] [90m[1m_update_scan_actions[22m | DeadTree_1.gltf[39m[0m
2026-10-07T09:05:27.0779621Z [  50% ] [90m[1m_update_scan_actions[22m | DeadTree_2.gltf[39m[0m
2026-10-07T09:05:27.0785773Z [  50% ] [90m[1m_update_scan_actions[22m | DeadTree_3.gltf[39m[0m
2026-10-07T09:05:27.0788613Z [  50% ] [90m[1m_update_scan_actions[22m | Fern_1.gltf[39m[0m
2026-10-07T09:05:27.0799797Z [  50% ] [90m[1m_update_scan_actions[22m | Flowers.png[39m[0m
2026-10-07T09:05:27.0802756Z [  50% ] [90m[1m_update_scan_actions[22m | Flower_3_Group.gltf[39m[0m
2026-10-07T09:05:27.0805477Z [  50% ] [90m[1m_update_scan_actions[22m | Flower_3_Single.gltf[39m[0m
2026-10-07T09:05:27.0809007Z [  50% ] [90m[1m_update_scan_actions[22m | Flower_4_Group.gltf[39m[0m
2026-10-07T09:05:27.0811924Z [  51% ] [90m[1m_update_scan_actions[22m | Flower_4_Single.gltf[39m[0m
2026-10-07T09:05:27.0817927Z [  51% ] [90m[1m_update_scan_actions[22m | Grass.png[39m[0m
2026-10-07T09:05:27.0820655Z [  51% ] [90m[1m_update_scan_actions[22m | Grass_Common_Short.gltf[39m[0m
2026-10-07T09:05:27.0823454Z [  51% ] [90m[1m_update_scan_actions[22m | Grass_Common_Tall.gltf[39m[0m
2026-10-07T09:05:27.0826855Z [  51% ] [90m[1m_update_scan_actions[22m | Grass_Wheat.gltf[39m[0m
2026-10-07T09:05:27.0829649Z [  51% ] [90m[1m_update_scan_actions[22m | Grass_Wide_Short.gltf[39m[0m
2026-10-07T09:05:27.0832539Z [  51% ] [90m[1m_update_scan_actions[22m | Grass_Wide_Tall.gltf[39m[0m
2026-10-07T09:05:27.0835466Z [  51% ] [90m[1m_update_scan_actions[22m | Grass_Wispy_Short.gltf[39m[0m
2026-10-07T09:05:27.0838556Z [  51% ] [90m[1m_update_scan_actions[22m | Grass_Wispy_Tall.gltf[39m[0m
2026-10-07T09:05:27.0850290Z [  51% ] [90m[1m_update_scan_actions[22m | Leaves.png[39m[0m
2026-10-07T09:05:27.0870653Z [  51% ] [90m[1m_update_scan_actions[22m | Leaves_CherryBlossom_C.png[39m[0m
2026-10-07T09:05:27.0879848Z [  51% ] [90m[1m_update_scan_actions[22m | Leaves_NormalTree_C.png[39m[0m
2026-10-07T09:05:27.0889006Z [  51% ] [90m[1m_update_scan_actions[22m | Leaves_TwistedTree_C.png[39m[0m
2026-10-07T09:05:27.0899827Z [  51% ] [90m[1m_update_scan_actions[22m | Mushrooms.png[39m[0m
2026-10-07T09:05:27.0902779Z [  52% ] [90m[1m_update_scan_actions[22m | Mushroom_Common.gltf[39m[0m
2026-10-07T09:05:27.0906989Z [  52% ] [90m[1m_update_scan_actions[22m | Mushroom_Laetiporus.gltf[39m[0m
2026-10-07T09:05:27.0910245Z [  52% ] [90m[1m_update_scan_actions[22m | Mushroom_Oyster.gltf[39m[0m
2026-10-07T09:05:27.0913106Z [  52% ] [90m[1m_update_scan_actions[22m | Mushroom_RedCap.gltf[39m[0m
2026-10-07T09:05:27.0923035Z [  52% ] [90m[1m_update_scan_actions[22m | PathRocks_Diffuse.png[39m[0m
2026-10-07T09:05:27.0925660Z [  52% ] [90m[1m_update_scan_actions[22m | Pebble_Round_1.gltf[39m[0m
2026-10-07T09:05:27.0928445Z [  52% ] [90m[1m_update_scan_actions[22m | Pebble_Round_2.gltf[39m[0m
2026-10-07T09:05:27.0931090Z [  52% ] [90m[1m_update_scan_actions[22m | Pebble_Round_3.gltf[39m[0m
2026-10-07T09:05:27.0933687Z [  52% ] [90m[1m_update_scan_actions[22m | Plant_1.gltf[39m[0m
2026-10-07T09:05:27.0936487Z [  52% ] [90m[1m_update_scan_actions[22m | Plant_1_Big.gltf[39m[0m
2026-10-07T09:05:27.0939357Z [  52% ] [90m[1m_update_scan_actions[22m | Plant_7.gltf[39m[0m
2026-10-07T09:05:27.0941858Z [  52% ] [90m[1m_update_scan_actions[22m | Plant_7_Big.gltf[39m[0m
2026-10-07T09:05:27.0945206Z [  52% ] [90m[1m_update_scan_actions[22m | RockPath_Round_Small_1.gltf[39m[0m
2026-10-07T09:05:27.0948734Z [  52% ] [90m[1m_update_scan_actions[22m | RockPath_Round_Small_2.gltf[39m[0m
2026-10-07T09:05:27.0952751Z [  53% ] [90m[1m_update_scan_actions[22m | RockPath_Round_Thin.gltf[39m[0m
2026-10-07T09:05:27.0957679Z [  53% ] [90m[1m_update_scan_actions[22m | RockPath_Round_Wide.gltf[39m[0m
2026-10-07T09:05:27.0968251Z [  53% ] [90m[1m_update_scan_actions[22m | Rocks_Diffuse.png[39m[0m
2026-10-07T09:05:27.0979455Z [  53% ] [90m[1m_update_scan_actions[22m | Rocks_Diffuse_meadows.png[39m[0m
2026-10-07T09:05:27.0982171Z [  53% ] [90m[1m_update_scan_actions[22m | Rock_Medium_1.gltf[39m[0m
2026-10-07T09:05:27.0984952Z [  53% ] [90m[1m_update_scan_actions[22m | Rock_Medium_2.gltf[39m[0m
2026-10-07T09:05:27.0987957Z [  53% ] [90m[1m_update_scan_actions[22m | Rock_Medium_3.gltf[39m[0m
2026-10-07T09:05:27.0997004Z [  53% ] [90m[1m_update_scan_actions[22m | TwistedTree_1.gltf[39m[0m
2026-10-07T09:05:27.1005649Z [  53% ] [90m[1m_update_scan_actions[22m | TwistedTree_2.gltf[39m[0m
2026-10-07T09:05:27.1015038Z [  53% ] [90m[1m_update_scan_actions[22m | TwistedTree_3.gltf[39m[0m
2026-10-07T09:05:27.1024213Z [  53% ] [90m[1m_update_scan_actions[22m | TwistedTree_4.gltf[39m[0m
2026-10-07T09:05:27.1033756Z [  53% ] [90m[1m_update_scan_actions[22m | TwistedTree_5.gltf[39m[0m
2026-10-07T09:05:27.1039926Z [  53% ] [90m[1m_update_scan_actions[22m | rift_siphon_wall_machine.glb[39m[0m
2026-10-07T09:05:27.1044972Z [  53% ] [90m[1m_update_scan_actions[22m | team_tether_banner_rig.glb[39m[0m
2026-10-07T09:05:27.1050932Z [  54% ] [90m[1m_update_scan_actions[22m | team_tether_boiler_chimney.glb[39m[0m
2026-10-07T09:05:27.1055439Z [  54% ] [90m[1m_update_scan_actions[22m | team_tether_scaffold_tower.glb[39m[0m
2026-10-07T09:05:27.1058420Z [  54% ] [90m[1m_update_scan_actions[22m | tt_pipe_bracket.glb[39m[0m
2026-10-07T09:05:27.1061708Z [  54% ] [90m[1m_update_scan_actions[22m | tt_pipe_elbow.glb[39m[0m
2026-10-07T09:05:27.1064820Z [  54% ] [90m[1m_update_scan_actions[22m | tt_pipe_straight.glb[39m[0m
2026-10-07T09:05:27.1068389Z [  54% ] [90m[1m_update_scan_actions[22m | tt_pipe_tee.glb[39m[0m
2026-10-07T09:05:27.1071977Z [  54% ] [90m[1m_update_scan_actions[22m | tt_pipe_valve.glb[39m[0m
2026-10-07T09:05:27.1084383Z [  54% ] [90m[1m_update_scan_actions[22m | machine_hardware.glb[39m[0m
2026-10-07T09:05:27.1117895Z [  54% ] [90m[1m_update_scan_actions[22m | relay_apparatus.glb[39m[0m
2026-10-07T09:05:27.1189876Z [  54% ] [90m[1m_update_scan_actions[22m | relay_apparatus_0.jpg[39m[0m
2026-10-07T09:05:27.1260237Z [  54% ] [90m[1m_update_scan_actions[22m | south_bridge_gate.glb[39m[0m
2026-10-07T09:05:27.1365438Z [  54% ] [90m[1m_update_scan_actions[22m | south_bridge_gate_0.jpg[39m[0m
2026-10-07T09:05:27.1404784Z [  54% ] [90m[1m_update_scan_actions[22m | tether_machine.glb[39m[0m
2026-10-07T09:05:27.1474718Z [  54% ] [90m[1m_update_scan_actions[22m | tether_machine_0.jpg[39m[0m
2026-10-07T09:05:27.1480784Z [  55% ] [90m[1m_update_scan_actions[22m | tether_pylon.glb[39m[0m
2026-10-07T09:05:27.1521008Z [  55% ] [90m[1m_update_scan_actions[22m | tether_pylon_albedo.png[39m[0m
2026-10-07T09:05:27.1561093Z [  55% ] [90m[1m_update_scan_actions[22m | tether_pylon_albedo_dead.png[39m[0m
2026-10-07T09:05:27.1590296Z [  55% ] [90m[1m_update_scan_actions[22m | dirt_path_Color.png[39m[0m
2026-10-07T09:05:27.1621309Z [  55% ] [90m[1m_update_scan_actions[22m | dirt_path_NormalGL.png[39m[0m
2026-10-07T09:05:27.1646193Z [  55% ] [90m[1m_update_scan_actions[22m | forest_floor_Color.png[39m[0m
2026-10-07T09:05:27.1672302Z [  55% ] [90m[1m_update_scan_actions[22m | forest_floor_NormalGL.png[39m[0m
2026-10-07T09:05:27.1698186Z [  55% ] [90m[1m_update_scan_actions[22m | meadow_grass_Color.png[39m[0m
2026-10-07T09:05:27.1726395Z [  55% ] [90m[1m_update_scan_actions[22m | meadow_grass_NormalGL.png[39m[0m
2026-10-07T09:05:27.1758206Z [  55% ] [90m[1m_update_scan_actions[22m | rock_scree_Color.png[39m[0m
2026-10-07T09:05:27.1803829Z [  55% ] [90m[1m_update_scan_actions[22m | rock_scree_NormalGL.png[39m[0m
2026-10-07T09:05:27.1830725Z [  55% ] [90m[1m_update_scan_actions[22m | verge_grass_Color.png[39m[0m
2026-10-07T09:05:27.1856381Z [  55% ] [90m[1m_update_scan_actions[22m | verge_grass_NormalGL.png[39m[0m
2026-10-07T09:05:27.1878512Z [  55% ] [90m[1m_update_scan_actions[22m | wet_earth_Color.png[39m[0m
2026-10-07T09:05:27.1898954Z [  56% ] [90m[1m_update_scan_actions[22m | wet_earth_NormalGL.png[39m[0m
2026-10-07T09:05:27.1943558Z [  56% ] [90m[1m_update_scan_actions[22m | Grass004_Color.jpg[39m[0m
2026-10-07T09:05:27.1993714Z [  56% ] [90m[1m_update_scan_actions[22m | Grass004_NormalGL.jpg[39m[0m
2026-10-07T09:05:27.2020984Z [  56% ] [90m[1m_update_scan_actions[22m | Grass004_Roughness.jpg[39m[0m
2026-10-07T09:05:27.2042583Z [  56% ] [90m[1m_update_scan_actions[22m | Grass005_Color.jpg[39m[0m
2026-10-07T09:05:27.2064990Z [  56% ] [90m[1m_update_scan_actions[22m | Grass005_NormalGL.jpg[39m[0m
2026-10-07T09:05:27.2087048Z [  56% ] [90m[1m_update_scan_actions[22m | Grass005_Roughness.jpg[39m[0m
2026-10-07T09:05:27.2107355Z [  56% ] [90m[1m_update_scan_actions[22m | Grass008_Color.jpg[39m[0m
2026-10-07T09:05:27.2127896Z [  56% ] [90m[1m_update_scan_actions[22m | Grass008_NormalGL.jpg[39m[0m
2026-10-07T09:05:27.2149408Z [  56% ] [90m[1m_update_scan_actions[22m | Grass008_Roughness.jpg[39m[0m
2026-10-07T09:05:27.2173733Z [  56% ] [90m[1m_update_scan_actions[22m | Ground003_Color.jpg[39m[0m
2026-10-07T09:05:27.2226097Z [  56% ] [90m[1m_update_scan_actions[22m | Ground003_NormalGL.jpg[39m[0m
2026-10-07T09:05:27.2251480Z [  56% ] [90m[1m_update_scan_actions[22m | Ground003_Roughness.jpg[39m[0m
2026-10-07T09:05:27.2271126Z [  56% ] [90m[1m_update_scan_actions[22m | Ground030_Color.jpg[39m[0m
2026-10-07T09:05:27.2321583Z [  57% ] [90m[1m_update_scan_actions[22m | Ground030_NormalGL.jpg[39m[0m
2026-10-07T09:05:27.2369327Z [  57% ] [90m[1m_update_scan_actions[22m | Ground037_Color.jpg[39m[0m
2026-10-07T09:05:27.2421501Z [  57% ] [90m[1m_update_scan_actions[22m | Ground037_NormalGL.jpg[39m[0m
2026-10-07T09:05:27.2447604Z [  57% ] [90m[1m_update_scan_actions[22m | Rock030_Color.jpg[39m[0m
2026-10-07T09:05:27.2500610Z [  57% ] [90m[1m_update_scan_actions[22m | Rock030_NormalGL.jpg[39m[0m
2026-10-07T09:05:27.2524620Z [  57% ] [90m[1m_update_scan_actions[22m | Rock030_Roughness.jpg[39m[0m
2026-10-07T09:05:27.2596739Z [  57% ] [90m[1m_update_scan_actions[22m | tidewake_dune_sand_v1.png[39m[0m
2026-10-07T09:05:27.2616222Z [  57% ] [90m[1m_update_scan_actions[22m | heart_banner.glb[39m[0m
2026-10-07T09:05:27.2640256Z [  57% ] [90m[1m_update_scan_actions[22m | heart_banner_albedo.png[39m[0m
2026-10-07T09:05:27.2670013Z [  57% ] [90m[1m_update_scan_actions[22m | heart_banner_heart_banner_albedo.png[39m[0m
2026-10-07T09:05:27.2673111Z [  57% ] [90m[1m_update_scan_actions[22m | heart_crystal.glb[39m[0m
2026-10-07T09:05:27.2759106Z [  57% ] [90m[1m_update_scan_actions[22m | fall_ribbons.obj[39m[0m
2026-10-07T09:05:27.2768155Z [  57% ] [90m[1m_update_scan_actions[22m | fall_threads.obj[39m[0m
2026-10-07T09:05:27.2799666Z [  57% ] [90m[1m_update_scan_actions[22m | plunge_crowns.obj[39m[0m
2026-10-07T09:05:27.2807368Z [  58% ] [90m[1m_update_scan_actions[22m | plunge_mist.obj[39m[0m
2026-10-07T09:05:27.2817868Z [  58% ] [90m[1m_update_scan_actions[22m | receiving_water.obj[39m[0m
2026-10-07T09:05:27.2826449Z [  58% ] [90m[1m_update_scan_actions[22m | source_and_basin_stone.obj[39m[0m
2026-10-07T09:05:27.2834220Z [  58% ] [90m[1m_update_scan_actions[22m | splash_arcs.obj[39m[0m
2026-10-07T09:05:27.2939601Z [  58% ] [90m[1m_update_scan_actions[22m | pump_station.glb[39m[0m
2026-10-07T09:05:27.3033561Z [  58% ] [90m[1m_update_scan_actions[22m | pump_station_Image_0.jpg[39m[0m
2026-10-07T09:05:27.3098957Z [  58% ] [90m[1m_update_scan_actions[22m | sluice_frame_18.glb[39m[0m
2026-10-07T09:05:27.3180849Z [  58% ] [90m[1m_update_scan_actions[22m | sluice_frame_18_T_WoodTrim_BaseColor.png[39m[0m
2026-10-07T09:05:27.3247127Z [  58% ] [90m[1m_update_scan_actions[22m | sluice_frame_30.glb[39m[0m
2026-10-07T09:05:27.3326896Z [  58% ] [90m[1m_update_scan_actions[22m | sluice_frame_30_T_WoodTrim_BaseColor.png[39m[0m
2026-10-07T09:05:27.3422248Z [  58% ] [90m[1m_update_scan_actions[22m | sluice_leaf_18.glb[39m[0m
2026-10-07T09:05:27.3501451Z [  58% ] [90m[1m_update_scan_actions[22m | sluice_leaf_18_T_WoodTrim_BaseColor.png[39m[0m
2026-10-07T09:05:27.3632432Z [  58% ] [90m[1m_update_scan_actions[22m | sluice_leaf_30.glb[39m[0m
2026-10-07T09:05:27.3711888Z [  58% ] [90m[1m_update_scan_actions[22m | sluice_leaf_30_T_WoodTrim_BaseColor.png[39m[0m
2026-10-07T09:05:27.3765229Z [  59% ] [90m[1m_update_scan_actions[22m | candy_pickup.glb[39m[0m
2026-10-07T09:05:27.3857443Z [  59% ] [90m[1m_update_scan_actions[22m | candy_pickup_0.png[39m[0m
2026-10-07T09:05:27.4011044Z [  59% ] [90m[1m_update_scan_actions[22m | campfire_stone_ring.glb[39m[0m
2026-10-07T09:05:27.4105360Z [  59% ] [90m[1m_update_scan_actions[22m | campfire_stone_ring_base_color.jpg[39m[0m
2026-10-07T09:05:27.4175712Z [  59% ] [90m[1m_update_scan_actions[22m | campfire_stone_ring_metallic_roughness.jpg[39m[0m
2026-10-07T09:05:27.4258277Z [  59% ] [90m[1m_update_scan_actions[22m | campfire_stone_ring_normal.jpg[39m[0m
2026-10-07T09:05:27.4352606Z [  59% ] [90m[1m_update_scan_actions[22m | camp_bed.glb[39m[0m
2026-10-07T09:05:27.4446418Z [  59% ] [90m[1m_update_scan_actions[22m | camp_bed_0.jpg[39m[0m
2026-10-07T09:05:27.4609189Z [  59% ] [90m[1m_update_scan_actions[22m | camp_firewood.glb[39m[0m
2026-10-07T09:05:27.4700405Z [  59% ] [90m[1m_update_scan_actions[22m | camp_firewood_base_color.jpg[39m[0m
2026-10-07T09:05:27.4767627Z [  59% ] [90m[1m_update_scan_actions[22m | camp_firewood_metallic_roughness.jpg[39m[0m
2026-10-07T09:05:27.4847222Z [  59% ] [90m[1m_update_scan_actions[22m | camp_firewood_normal.jpg[39m[0m
2026-10-07T09:05:27.5000618Z [  59% ] [90m[1m_update_scan_actions[22m | camp_flame.glb[39m[0m
2026-10-07T09:05:27.5091482Z [  60% ] [90m[1m_update_scan_actions[22m | camp_flame_base_color.jpg[39m[0m
2026-10-07T09:05:27.5152837Z [  60% ] [90m[1m_update_scan_actions[22m | camp_flame_metallic_roughness.jpg[39m[0m
2026-10-07T09:05:27.5228830Z [  60% ] [90m[1m_update_scan_actions[22m | camp_flame_normal.jpg[39m[0m
2026-10-07T09:05:27.5325036Z [  60% ] [90m[1m_update_scan_actions[22m | camp_tent.glb[39m[0m
2026-10-07T09:05:27.5415774Z [  60% ] [90m[1m_update_scan_actions[22m | camp_tent_0.jpg[39m[0m
2026-10-07T09:05:27.5507726Z [  60% ] [90m[1m_update_scan_actions[22m | camp_tent_base_color.jpg[39m[0m
2026-10-07T09:05:27.5572246Z [  60% ] [90m[1m_update_scan_actions[22m | camp_tent_metallic_roughness.jpg[39m[0m
2026-10-07T09:05:27.5650818Z [  60% ] [90m[1m_update_scan_actions[22m | camp_tent_normal.jpg[39m[0m
2026-10-07T09:05:27.5655471Z [  60% ] [90m[1m_update_scan_actions[22m | colormap.png[39m[0m
2026-10-07T09:05:27.5657739Z [  60% ] [90m[1m_update_scan_actions[22m | bedroll-frame.glb[39m[0m
2026-10-07T09:05:27.5660341Z [  60% ] [90m[1m_update_scan_actions[22m | bedroll-packed.glb[39m[0m
2026-10-07T09:05:27.5662936Z [  60% ] [90m[1m_update_scan_actions[22m | bedroll.glb[39m[0m
2026-10-07T09:05:27.5666384Z [  60% ] [90m[1m_update_scan_actions[22m | bedroll.obj[39m[0m
2026-10-07T09:05:27.5669363Z [  60% ] [90m[1m_update_scan_actions[22m | campfire-pit.glb[39m[0m
2026-10-07T09:05:27.5672257Z [  61% ] [90m[1m_update_scan_actions[22m | tent-canvas.glb[39m[0m
2026-10-07T09:05:27.5674554Z [  61% ] [90m[1m_update_scan_actions[22m | tent.glb[39m[0m
2026-10-07T09:05:27.5677134Z [  61% ] [90m[1m_update_scan_actions[22m | tree-log-small.glb[39m[0m
2026-10-07T09:05:27.5679623Z [  61% ] [90m[1m_update_scan_actions[22m | tree-log.glb[39m[0m
2026-10-07T09:05:27.5690496Z [  61% ] [90m[1m_update_scan_actions[22m | mushroom_pickup.glb[39m[0m
2026-10-07T09:05:27.5709581Z [  61% ] [90m[1m_update_scan_actions[22m | mushroom_pickup_0.png[39m[0m
2026-10-07T09:05:27.5793894Z [  61% ] [90m[1m_update_scan_actions[22m | potion_plant.glb[39m[0m
2026-10-07T09:05:27.5914801Z [  61% ] [90m[1m_update_scan_actions[22m | potion_plant_0.png[39m[0m
2026-10-07T09:05:27.5962006Z [  61% ] [90m[1m_update_scan_actions[22m | potion_plant_1.png[39m[0m
2026-10-07T09:05:27.5964769Z [  61% ] [90m[1m_update_scan_actions[22m | Anvil.gltf[39m[0m
2026-10-07T09:05:27.5968894Z [  61% ] [90m[1m_update_scan_actions[22m | Anvil_Log.gltf[39m[0m
2026-10-07T09:05:27.5971536Z [  61% ] [90m[1m_update_scan_actions[22m | Axe_Bronze.gltf[39m[0m
2026-10-07T09:05:27.5974304Z [  61% ] [90m[1m_update_scan_actions[22m | Bag.gltf[39m[0m
2026-10-07T09:05:27.5977020Z [  61% ] [90m[1m_update_scan_actions[22m | Banner_1.gltf[39m[0m
2026-10-07T09:05:27.5979575Z [  62% ] [90m[1m_update_scan_actions[22m | Banner_1_Cloth.gltf[39m[0m
2026-10-07T09:05:27.5982114Z [  62% ] [90m[1m_update_scan_actions[22m | Banner_2.gltf[39m[0m
2026-10-07T09:05:27.5984577Z [  62% ] [90m[1m_update_scan_actions[22m | Banner_2_Cloth.gltf[39m[0m
2026-10-07T09:05:27.5987411Z [  62% ] [90m[1m_update_scan_actions[22m | Barrel.gltf[39m[0m
2026-10-07T09:05:27.5991025Z [  62% ] [90m[1m_update_scan_actions[22m | Barrel_Apples.gltf[39m[0m
2026-10-07T09:05:27.5994649Z [  62% ] [90m[1m_update_scan_actions[22m | Barrel_Holder.gltf[39m[0m
2026-10-07T09:05:27.5997901Z [  62% ] [90m[1m_update_scan_actions[22m | Bed_Twin1.gltf[39m[0m
2026-10-07T09:05:27.6000490Z [  62% ] [90m[1m_update_scan_actions[22m | Bench.gltf[39m[0m
2026-10-07T09:05:27.6003783Z [  62% ] [90m[1m_update_scan_actions[22m | Bookcase_2.gltf[39m[0m
2026-10-07T09:05:27.6006431Z [  62% ] [90m[1m_update_scan_actions[22m | BookGroup_Medium_1.gltf[39m[0m
2026-10-07T09:05:27.6009343Z [  62% ] [90m[1m_update_scan_actions[22m | BookStand.gltf[39m[0m
2026-10-07T09:05:27.6011950Z [  62% ] [90m[1m_update_scan_actions[22m | Bucket_Metal.gltf[39m[0m
2026-10-07T09:05:27.6014860Z [  62% ] [90m[1m_update_scan_actions[22m | Bucket_Wooden_1.gltf[39m[0m
2026-10-07T09:05:27.6018287Z [  62% ] [90m[1m_update_scan_actions[22m | Cabinet.gltf[39m[0m
2026-10-07T09:05:27.6022278Z [  63% ] [90m[1m_update_scan_actions[22m | Cage_Small.gltf[39m[0m
2026-10-07T09:05:27.6027444Z [  63% ] [90m[1m_update_scan_actions[22m | CandleStick_Stand.gltf[39m[0m
2026-10-07T09:05:27.6030648Z [  63% ] [90m[1m_update_scan_actions[22m | Cauldron.gltf[39m[0m
2026-10-07T09:05:27.6034543Z [  63% ] [90m[1m_update_scan_actions[22m | Chain_Coil.gltf[39m[0m
2026-10-07T09:05:27.6038254Z [  63% ] [90m[1m_update_scan_actions[22m | Chest_Wood.gltf[39m[0m
2026-10-07T09:05:27.6041771Z [  63% ] [90m[1m_update_scan_actions[22m | Crate_Metal.gltf[39m[0m
2026-10-07T09:05:27.6044770Z [  63% ] [90m[1m_update_scan_actions[22m | Crate_Wooden.gltf[39m[0m
2026-10-07T09:05:27.6048565Z [  63% ] [90m[1m_update_scan_actions[22m | Dummy.gltf[39m[0m
2026-10-07T09:05:27.6052775Z [  63% ] [90m[1m_update_scan_actions[22m | FarmCrate_Apple.gltf[39m[0m
2026-10-07T09:05:27.6056128Z [  63% ] [90m[1m_update_scan_actions[22m | FarmCrate_Empty.gltf[39m[0m
2026-10-07T09:05:27.6059664Z [  63% ] [90m[1m_update_scan_actions[22m | Lantern_Wall.gltf[39m[0m
2026-10-07T09:05:27.6062278Z [  63% ] [90m[1m_update_scan_actions[22m | Peg_Rack.gltf[39m[0m
2026-10-07T09:05:27.6065004Z [  63% ] [90m[1m_update_scan_actions[22m | Pickaxe_Bronze.gltf[39m[0m
2026-10-07T09:05:27.6068101Z [  63% ] [90m[1m_update_scan_actions[22m | Pot_1.gltf[39m[0m
2026-10-07T09:05:27.6070720Z [  64% ] [90m[1m_update_scan_actions[22m | Pouch_Large.gltf[39m[0m
2026-10-07T09:05:27.6073751Z [  64% ] [90m[1m_update_scan_actions[22m | Rope_1.gltf[39m[0m
2026-10-07T09:05:27.6076801Z [  64% ] [90m[1m_update_scan_actions[22m | Rope_2.gltf[39m[0m
2026-10-07T09:05:27.6079896Z [  64% ] [90m[1m_update_scan_actions[22m | Rope_3.gltf[39m[0m
2026-10-07T09:05:27.6082458Z [  64% ] [90m[1m_update_scan_actions[22m | Shelf_Simple.gltf[39m[0m
2026-10-07T09:05:27.6085525Z [  64% ] [90m[1m_update_scan_actions[22m | Shield_Wooden.gltf[39m[0m
2026-10-07T09:05:27.6089739Z [  64% ] [90m[1m_update_scan_actions[22m | Stall_Cart_Empty.gltf[39m[0m
2026-10-07T09:05:27.6092790Z [  64% ] [90m[1m_update_scan_actions[22m | Stall_Empty.gltf[39m[0m
2026-10-07T09:05:27.6095185Z [  64% ] [90m[1m_update_scan_actions[22m | Stool.gltf[39m[0m
2026-10-07T09:05:27.6098533Z [  64% ] [90m[1m_update_scan_actions[22m | Sword_Bronze.gltf[39m[0m
2026-10-07T09:05:27.6101339Z [  64% ] [90m[1m_update_scan_actions[22m | Table_Large.gltf[39m[0m
2026-10-07T09:05:27.6110107Z [  64% ] [90m[1m_update_scan_actions[22m | tidewake_chart.svg[39m[0m
2026-10-07T09:05:27.6112928Z [  64% ] [90m[1m_update_scan_actions[22m | Torch_Metal.gltf[39m[0m
2026-10-07T09:05:27.6364659Z [  64% ] [90m[1m_update_scan_actions[22m | T_Page_Noise.png[39m[0m
2026-10-07T09:05:27.6430045Z [  65% ] [90m[1m_update_scan_actions[22m | T_Trim_Cloth_BaseColor.png[39m[0m
2026-10-07T09:05:27.6526773Z [  65% ] [90m[1m_update_scan_actions[22m | T_Trim_Cloth_Normal.png[39m[0m
2026-10-07T09:05:27.6572028Z [  65% ] [90m[1m_update_scan_actions[22m | T_Trim_Cloth_ORM.png[39m[0m
2026-10-07T09:05:27.6642435Z [  65% ] [90m[1m_update_scan_actions[22m | T_Trim_Furniture_BaseColor.png[39m[0m
2026-10-07T09:05:27.6732326Z [  65% ] [90m[1m_update_scan_actions[22m | T_Trim_Furniture_Normal.png[39m[0m
2026-10-07T09:05:27.6800060Z [  65% ] [90m[1m_update_scan_actions[22m | T_Trim_Furniture_ORM.png[39m[0m
2026-10-07T09:05:27.6856736Z [  65% ] [90m[1m_update_scan_actions[22m | T_Trim_Metal_BaseColor.png[39m[0m
2026-10-07T09:05:27.6948713Z [  65% ] [90m[1m_update_scan_actions[22m | T_Trim_Metal_Normal.png[39m[0m
2026-10-07T09:05:27.7013444Z [  65% ] [90m[1m_update_scan_actions[22m | T_Trim_Metal_ORM.png[39m[0m
2026-10-07T09:05:27.7085310Z [  65% ] [90m[1m_update_scan_actions[22m | T_Trim_Props_BaseColor.png[39m[0m
2026-10-07T09:05:27.7190223Z [  65% ] [90m[1m_update_scan_actions[22m | T_Trim_Props_Normal.png[39m[0m
2026-10-07T09:05:27.7272657Z [  65% ] [90m[1m_update_scan_actions[22m | T_Trim_Props_ORM.png[39m[0m
2026-10-07T09:05:27.7275759Z [  65% ] [90m[1m_update_scan_actions[22m | Vase_Rubble_Medium.gltf[39m[0m
2026-10-07T09:05:27.7278738Z [  65% ] [90m[1m_update_scan_actions[22m | WeaponStand.gltf[39m[0m
2026-10-07T09:05:27.7281673Z [  66% ] [90m[1m_update_scan_actions[22m | Whetstone.gltf[39m[0m
2026-10-07T09:05:27.7284681Z [  66% ] [90m[1m_update_scan_actions[22m | Workbench.gltf[39m[0m
2026-10-07T09:05:27.7298311Z [  66% ] [90m[1m_update_scan_actions[22m | BedDouble.obj[39m[0m
2026-10-07T09:05:27.7309288Z [  66% ] [90m[1m_update_scan_actions[22m | BedTwin.obj[39m[0m
2026-10-07T09:05:27.7317561Z [  66% ] [90m[1m_update_scan_actions[22m | Bookcase.obj[39m[0m
2026-10-07T09:05:27.7341203Z [  66% ] [90m[1m_update_scan_actions[22m | Bookcase_Books.obj[39m[0m
2026-10-07T09:05:27.7345617Z [  66% ] [90m[1m_update_scan_actions[22m | Chair.obj[39m[0m
2026-10-07T09:05:27.7355229Z [  66% ] [90m[1m_update_scan_actions[22m | Closet.obj[39m[0m
2026-10-07T09:05:27.7363332Z [  66% ] [90m[1m_update_scan_actions[22m | Desk.obj[39m[0m
2026-10-07T09:05:27.7370148Z [  66% ] [90m[1m_update_scan_actions[22m | Door1.obj[39m[0m
2026-10-07T09:05:27.7377094Z [  66% ] [90m[1m_update_scan_actions[22m | NightStand.obj[39m[0m
2026-10-07T09:05:27.7389291Z [  66% ] [90m[1m_update_scan_actions[22m | ShortCloset.obj[39m[0m
2026-10-07T09:05:27.7392993Z [  66% ] [90m[1m_update_scan_actions[22m | Stool.obj[39m[0m
2026-10-07T09:05:27.7398671Z [  66% ] [90m[1m_update_scan_actions[22m | Table2.obj[39m[0m
2026-10-07T09:05:27.7403483Z [  67% ] [90m[1m_update_scan_actions[22m | Table.obj[39m[0m
2026-10-07T09:05:27.7406936Z [  67% ] [90m[1m_update_scan_actions[22m | Axe.obj[39m[0m
2026-10-07T09:05:27.7413761Z [  67% ] [90m[1m_update_scan_actions[22m | Backpack.obj[39m[0m
2026-10-07T09:05:27.7418497Z [  67% ] [90m[1m_update_scan_actions[22m | Bonfire.obj[39m[0m
2026-10-07T09:05:27.7422952Z [  67% ] [90m[1m_update_scan_actions[22m | Bonfire_Fire.obj[39m[0m
2026-10-07T09:05:27.7426740Z [  67% ] [90m[1m_update_scan_actions[22m | Knife.obj[39m[0m
2026-10-07T09:05:27.7628630Z [  67% ] [90m[1m_update_scan_actions[22m | realm_gate_frame.glb[39m[0m
2026-10-07T09:05:27.7740205Z [  67% ] [90m[1m_update_scan_actions[22m | realm_gate_frame_Image_0.jpg[39m[0m
2026-10-07T09:05:27.7820572Z [  67% ] [90m[1m_update_scan_actions[22m | realm_gate_frame_Image_1.png[39m[0m
2026-10-07T09:05:27.7953140Z [  67% ] [90m[1m_update_scan_actions[22m | realm_gate_frame_normal.png[39m[0m
2026-10-07T09:05:27.8024977Z [  67% ] [90m[1m_update_scan_actions[22m | revive_flower.glb[39m[0m
2026-10-07T09:05:27.8135074Z [  67% ] [90m[1m_update_scan_actions[22m | revive_flower_0.png[39m[0m
2026-10-07T09:05:27.8185616Z [  67% ] [90m[1m_update_scan_actions[22m | riding_saddle.glb[39m[0m
2026-10-07T09:05:27.8273529Z [  67% ] [90m[1m_update_scan_actions[22m | riding_saddle_0.jpg[39m[0m
2026-10-07T09:05:27.8276332Z [  68% ] [90m[1m_update_scan_actions[22m | attack_tonic_badge.glb[39m[0m
2026-10-07T09:05:27.8335963Z [  68% ] [90m[1m_update_scan_actions[22m | bottle_base.glb[39m[0m
2026-10-07T09:05:27.8426506Z [  68% ] [90m[1m_update_scan_actions[22m | bottle_base_Image_0.jpg[39m[0m
2026-10-07T09:05:27.8429440Z [  68% ] [90m[1m_update_scan_actions[22m | elixir_guard_badge.glb[39m[0m
2026-10-07T09:05:27.8432091Z [  68% ] [90m[1m_update_scan_actions[22m | elixir_might_badge.glb[39m[0m
2026-10-07T09:05:27.8435089Z [  68% ] [90m[1m_update_scan_actions[22m | elixir_vigour_badge.glb[39m[0m
2026-10-07T09:05:27.8438116Z [  68% ] [90m[1m_update_scan_actions[22m | stoneguard_brew_badge.glb[39m[0m
2026-10-07T09:05:27.8440857Z [  68% ] [90m[1m_update_scan_actions[22m | swift_tonic_badge.glb[39m[0m
2026-10-07T09:05:27.8515799Z [  68% ] [90m[1m_update_scan_actions[22m | tideglass_shrine.glb[39m[0m
2026-10-07T09:05:27.8614406Z [  68% ] [90m[1m_update_scan_actions[22m | tideglass_shrine_0.jpg[39m[0m
2026-10-07T09:05:27.8704018Z [  68% ] [90m[1m_update_scan_actions[22m | tm_orb.glb[39m[0m
2026-10-07T09:05:27.8796488Z [  68% ] [90m[1m_update_scan_actions[22m | tm_orb_0.jpg[39m[0m
2026-10-07T09:05:27.8832523Z [  68% ] [90m[1m_update_scan_actions[22m | tm_orb_emissive_mask.png[39m[0m
2026-10-07T09:05:27.8946445Z [  68% ] [90m[1m_update_scan_actions[22m | tm_orb_shell.png[39m[0m
2026-10-07T09:05:27.8949175Z [  69% ] [90m[1m_update_scan_actions[22m | aim_enter.wav[39m[0m
2026-10-07T09:05:27.8951650Z [  69% ] [90m[1m_update_scan_actions[22m | build_place.wav[39m[0m
2026-10-07T09:05:27.8954167Z [  69% ] [90m[1m_update_scan_actions[22m | build_snap.wav[39m[0m
2026-10-07T09:05:27.8957206Z [  69% ] [90m[1m_update_scan_actions[22m | capture_success.wav[39m[0m
2026-10-07T09:05:27.8959753Z [  69% ] [90m[1m_update_scan_actions[22m | ui_accept.wav[39m[0m
2026-10-07T09:05:27.8962320Z [  69% ] [90m[1m_update_scan_actions[22m | ui_cancel.wav[39m[0m
2026-10-07T09:05:27.8964897Z [  69% ] [90m[1m_update_scan_actions[22m | ui_error.wav[39m[0m
2026-10-07T09:05:27.8967559Z [  69% ] [90m[1m_update_scan_actions[22m | ui_focus.wav[39m[0m
2026-10-07T09:05:27.8970093Z [  69% ] [90m[1m_update_scan_actions[22m | ui_tab.wav[39m[0m
2026-10-07T09:05:27.8973629Z [  69% ] [90m[1m_update_scan_actions[22m | kenney_future.ttf[39m[0m
2026-10-07T09:05:27.8977487Z [  69% ] [90m[1m_update_scan_actions[22m | kenney_future_narrow.ttf[39m[0m
2026-10-07T09:05:27.8979814Z [  69% ] [90m[1m_update_scan_actions[22m | bedroll.png[39m[0m
2026-10-07T09:05:27.8982586Z [  69% ] [90m[1m_update_scan_actions[22m | campfire.png[39m[0m
2026-10-07T09:05:27.8985468Z [  70% ] [90m[1m_update_scan_actions[22m | creature_bed.png[39m[0m
2026-10-07T09:05:27.8988424Z [  70% ] [90m[1m_update_scan_actions[22m | door.png[39m[0m
2026-10-07T09:05:27.8991189Z [  70% ] [90m[1m_update_scan_actions[22m | fence.png[39m[0m
2026-10-07T09:05:27.8993978Z [  70% ] [90m[1m_update_scan_actions[22m | floor.png[39m[0m
2026-10-07T09:05:27.8996941Z [  70% ] [90m[1m_update_scan_actions[22m | roof.png[39m[0m
2026-10-07T09:05:27.8999946Z [  70% ] [90m[1m_update_scan_actions[22m | storage.png[39m[0m
2026-10-07T09:05:27.9002767Z [  70% ] [90m[1m_update_scan_actions[22m | tent.png[39m[0m
2026-10-07T09:05:27.9005449Z [  70% ] [90m[1m_update_scan_actions[22m | torch.png[39m[0m
2026-10-07T09:05:27.9008424Z [  70% ] [90m[1m_update_scan_actions[22m | wall.png[39m[0m
2026-10-07T09:05:27.9011265Z [  70% ] [90m[1m_update_scan_actions[22m | workbench.png[39m[0m
2026-10-07T09:05:27.9033013Z [  70% ] [90m[1m_update_scan_actions[22m | creatures_paw.png[39m[0m
2026-10-07T09:05:27.9053580Z [  70% ] [90m[1m_update_scan_actions[22m | hp_heart.png[39m[0m
2026-10-07T09:05:27.9087129Z [  70% ] [90m[1m_update_scan_actions[22m | orb_capture.png[39m[0m
2026-10-07T09:05:27.9102152Z [  70% ] [90m[1m_update_scan_actions[22m | stamina_bolt.png[39m[0m
2026-10-07T09:05:27.9106899Z [  71% ] [90m[1m_update_scan_actions[22m | armor_backpack.png[39m[0m
2026-10-07T09:05:27.9108920Z [  71% ] [90m[1m_update_scan_actions[22m | armor_boots.png[39m[0m
2026-10-07T09:05:27.9112240Z [  71% ] [90m[1m_update_scan_actions[22m | armor_helmet.png[39m[0m
2026-10-07T09:05:27.9114999Z [  71% ] [90m[1m_update_scan_actions[22m | armor_leggings.png[39m[0m
2026-10-07T09:05:27.9118252Z [  71% ] [90m[1m_update_scan_actions[22m | armor_vest.png[39m[0m
2026-10-07T09:05:27.9120930Z [  71% ] [90m[1m_update_scan_actions[22m | attack_tonic.png[39m[0m
2026-10-07T09:05:27.9123665Z [  71% ] [90m[1m_update_scan_actions[22m | axe.png[39m[0m
2026-10-07T09:05:27.9129199Z [  71% ] [90m[1m_update_scan_actions[22m | berries.png[39m[0m
2026-10-07T09:05:27.9131863Z [  71% ] [90m[1m_update_scan_actions[22m | castle_gate_key.png[39m[0m
2026-10-07T09:05:27.9132640Z [  71% ] [90m[1m_update_scan_actions[22m | coin.png[39m[0m
2026-10-07T09:05:27.9136302Z [  71% ] [90m[1m_update_scan_actions[22m | elixir_guard.png[39m[0m
2026-10-07T09:05:27.9139708Z [  71% ] [90m[1m_update_scan_actions[22m | elixir_might.png[39m[0m
2026-10-07T09:05:27.9142712Z [  71% ] [90m[1m_update_scan_actions[22m | elixir_vigour.png[39m[0m
2026-10-07T09:05:27.9145738Z [  71% ] [90m[1m_update_scan_actions[22m | fiber.png[39m[0m
2026-10-07T09:05:27.9149411Z [  72% ] [90m[1m_update_scan_actions[22m | field_sigil.png[39m[0m
2026-10-07T09:05:27.9152330Z [  72% ] [90m[1m_update_scan_actions[22m | fishing_rod.png[39m[0m
2026-10-07T09:05:27.9156308Z [  72% ] [90m[1m_update_scan_actions[22m | good_candy.png[39m[0m
2026-10-07T09:05:27.9160125Z [  72% ] [90m[1m_update_scan_actions[22m | great_candy.png[39m[0m
2026-10-07T09:05:27.9164306Z [  72% ] [90m[1m_update_scan_actions[22m | hammer.png[39m[0m
2026-10-07T09:05:27.9165968Z [  72% ] [90m[1m_update_scan_actions[22m | ironwood.png[39m[0m
2026-10-07T09:05:27.9169349Z [  72% ] [90m[1m_update_scan_actions[22m | knife.png[39m[0m
2026-10-07T09:05:27.9172107Z [  72% ] [90m[1m_update_scan_actions[22m | mill_bridge_gear.png[39m[0m
2026-10-07T09:05:27.9175355Z [  72% ] [90m[1m_update_scan_actions[22m | orb_basic.png[39m[0m
2026-10-07T09:05:27.9178584Z [  72% ] [90m[1m_update_scan_actions[22m | orb_greater.png[39m[0m
2026-10-07T09:05:27.9180184Z [  72% ] [90m[1m_update_scan_actions[22m | orb_prime.png[39m[0m
2026-10-07T09:05:27.9183515Z [  72% ] [90m[1m_update_scan_actions[22m | pickaxe.png[39m[0m
2026-10-07T09:05:27.9188836Z [  72% ] [90m[1m_update_scan_actions[22m | potion_large.png[39m[0m
2026-10-07T09:05:27.9192531Z [  72% ] [90m[1m_update_scan_actions[22m | potion_small.png[39m[0m
2026-10-07T09:05:27.9196471Z [  73% ] [90m[1m_update_scan_actions[22m | rare_candy.png[39m[0m
2026-10-07T09:05:27.9199586Z [  73% ] [90m[1m_update_scan_actions[22m | revive.png[39m[0m
2026-10-07T09:05:27.9202882Z [  73% ] [90m[1m_update_scan_actions[22m | ridge_sigil.png[39m[0m
2026-10-07T09:05:27.9207089Z [  73% ] [90m[1m_update_scan_actions[22m | river_sigil.png[39m[0m
2026-10-07T09:05:27.9210840Z [  73% ] [90m[1m_update_scan_actions[22m | rootstone.png[39m[0m
2026-10-07T09:05:27.9212647Z [  73% ] [90m[1m_update_scan_actions[22m | saddle_frame.png[39m[0m
2026-10-07T09:05:27.9218504Z [  73% ] [90m[1m_update_scan_actions[22m | south_bridge_key.png[39m[0m
2026-10-07T09:05:27.9219202Z [  73% ] [90m[1m_update_scan_actions[22m | speed_mushroom.png[39m[0m
2026-10-07T09:05:27.9221838Z [  73% ] [90m[1m_update_scan_actions[22m | stamina_mushroom.png[39m[0m
2026-10-07T09:05:27.9225314Z [  73% ] [90m[1m_update_scan_actions[22m | stone.png[39m[0m
2026-10-07T09:05:27.9227387Z [  73% ] [90m[1m_update_scan_actions[22m | stoneguard_brew.png[39m[0m
2026-10-07T09:05:27.9230415Z [  73% ] [90m[1m_update_scan_actions[22m | swift_tonic.png[39m[0m
2026-10-07T09:05:27.9234167Z [  73% ] [90m[1m_update_scan_actions[22m | tm_burrow_strike.png[39m[0m
2026-10-07T09:05:27.9237113Z [  73% ] [90m[1m_update_scan_actions[22m | tm_charged.png[39m[0m
2026-10-07T09:05:27.9240136Z [  74% ] [90m[1m_update_scan_actions[22m | tm_quick.png[39m[0m
2026-10-07T09:05:27.9243400Z [  74% ] [90m[1m_update_scan_actions[22m | tm_stone_rush.png[39m[0m
2026-10-07T09:05:27.9246659Z [  74% ] [90m[1m_update_scan_actions[22m | wild_mushroom.png[39m[0m
2026-10-07T09:05:27.9250480Z [  74% ] [90m[1m_update_scan_actions[22m | wood.png[39m[0m
2026-10-07T09:05:27.9254493Z [  74% ] [90m[1m_update_scan_actions[22m | alpha.png[39m[0m
2026-10-07T09:05:27.9256936Z [  74% ] [90m[1m_update_scan_actions[22m | bridge.png[39m[0m
2026-10-07T09:05:27.9261161Z [  74% ] [90m[1m_update_scan_actions[22m | camp.png[39m[0m
2026-10-07T09:05:27.9263906Z [  74% ] [90m[1m_update_scan_actions[22m | cave.png[39m[0m
2026-10-07T09:05:27.9266774Z [  74% ] [90m[1m_update_scan_actions[22m | death_satchel.png[39m[0m
2026-10-07T09:05:27.9270772Z [  74% ] [90m[1m_update_scan_actions[22m | gate.png[39m[0m
2026-10-07T09:05:27.9273817Z [  74% ] [90m[1m_update_scan_actions[22m | home.png[39m[0m
2026-10-07T09:05:27.9277286Z [  74% ] [90m[1m_update_scan_actions[22m | objective.png[39m[0m
2026-10-07T09:05:27.9279737Z [  74% ] [90m[1m_update_scan_actions[22m | question.png[39m[0m
2026-10-07T09:05:27.9281712Z [  74% ] [90m[1m_update_scan_actions[22m | relay.png[39m[0m
2026-10-07T09:05:27.9285321Z [  75% ] [90m[1m_update_scan_actions[22m | rift.png[39m[0m
2026-10-07T09:05:27.9287853Z [  75% ] [90m[1m_update_scan_actions[22m | stronghold.png[39m[0m
2026-10-07T09:05:27.9291591Z [  75% ] [90m[1m_update_scan_actions[22m | village.png[39m[0m
2026-10-07T09:05:27.9294440Z [  75% ] [90m[1m_update_scan_actions[22m | bond.png[39m[0m
2026-10-07T09:05:27.9297032Z [  75% ] [90m[1m_update_scan_actions[22m | cat_crafting.png[39m[0m
2026-10-07T09:05:27.9301713Z [  75% ] [90m[1m_update_scan_actions[22m | cat_furniture.png[39m[0m
2026-10-07T09:05:27.9304726Z [  75% ] [90m[1m_update_scan_actions[22m | cat_structures.png[39m[0m
2026-10-07T09:05:27.9306932Z [  75% ] [90m[1m_update_scan_actions[22m | cat_survival.png[39m[0m
2026-10-07T09:05:27.9310407Z [  75% ] [90m[1m_update_scan_actions[22m | move_charged.png[39m[0m
2026-10-07T09:05:27.9312749Z [  75% ] [90m[1m_update_scan_actions[22m | move_quick.png[39m[0m
2026-10-07T09:05:27.9317010Z [  75% ] [90m[1m_update_scan_actions[22m | orb_tier_basic.png[39m[0m
2026-10-07T09:05:27.9320991Z [  75% ] [90m[1m_update_scan_actions[22m | type_air.png[39m[0m
2026-10-07T09:05:27.9321757Z [  75% ] [90m[1m_update_scan_actions[22m | type_ground.png[39m[0m
2026-10-07T09:05:27.9324234Z [  75% ] [90m[1m_update_scan_actions[22m | type_water.png[39m[0m
2026-10-07T09:05:27.9326615Z [  76% ] [90m[1m_update_scan_actions[22m | keyboard_1.png[39m[0m
2026-10-07T09:05:27.9328893Z [  76% ] [90m[1m_update_scan_actions[22m | keyboard_2.png[39m[0m
2026-10-07T09:05:27.9331170Z [  76% ] [90m[1m_update_scan_actions[22m | keyboard_3.png[39m[0m
2026-10-07T09:05:27.9333390Z [  76% ] [90m[1m_update_scan_actions[22m | keyboard_4.png[39m[0m
2026-10-07T09:05:27.9337524Z [  76% ] [90m[1m_update_scan_actions[22m | keyboard_5.png[39m[0m
2026-10-07T09:05:27.9340259Z [  76% ] [90m[1m_update_scan_actions[22m | keyboard_arrow_left.png[39m[0m
2026-10-07T09:05:27.9345216Z [  76% ] [90m[1m_update_scan_actions[22m | keyboard_arrow_right.png[39m[0m
2026-10-07T09:05:27.9346515Z [  76% ] [90m[1m_update_scan_actions[22m | keyboard_b.png[39m[0m
2026-10-07T09:05:27.9350194Z [  76% ] [90m[1m_update_scan_actions[22m | keyboard_c.png[39m[0m
2026-10-07T09:05:27.9351594Z [  76% ] [90m[1m_update_scan_actions[22m | keyboard_e.png[39m[0m
2026-10-07T09:05:27.9353923Z [  76% ] [90m[1m_update_scan_actions[22m | keyboard_escape.png[39m[0m
2026-10-07T09:05:27.9356312Z [  76% ] [90m[1m_update_scan_actions[22m | keyboard_f.png[39m[0m
2026-10-07T09:05:27.9358586Z [  76% ] [90m[1m_update_scan_actions[22m | keyboard_h.png[39m[0m
2026-10-07T09:05:27.9360828Z [  76% ] [90m[1m_update_scan_actions[22m | keyboard_i.png[39m[0m
2026-10-07T09:05:27.9363096Z [  77% ] [90m[1m_update_scan_actions[22m | keyboard_l.png[39m[0m
2026-10-07T09:05:27.9365374Z [  77% ] [90m[1m_update_scan_actions[22m | keyboard_m.png[39m[0m
2026-10-07T09:05:27.9367803Z [  77% ] [90m[1m_update_scan_actions[22m | keyboard_p.png[39m[0m
2026-10-07T09:05:27.9370102Z [  77% ] [90m[1m_update_scan_actions[22m | keyboard_q.png[39m[0m
2026-10-07T09:05:27.9372367Z [  77% ] [90m[1m_update_scan_actions[22m | keyboard_r.png[39m[0m
2026-10-07T09:05:27.9374695Z [  77% ] [90m[1m_update_scan_actions[22m | keyboard_return.png[39m[0m
2026-10-07T09:05:27.9377106Z [  77% ] [90m[1m_update_scan_actions[22m | mouse_left.png[39m[0m
2026-10-07T09:05:27.9379393Z [  77% ] [90m[1m_update_scan_actions[22m | mouse_right.png[39m[0m
2026-10-07T09:05:27.9381658Z [  77% ] [90m[1m_update_scan_actions[22m | xbox_button_a.png[39m[0m
2026-10-07T09:05:27.9383923Z [  77% ] [90m[1m_update_scan_actions[22m | xbox_button_b.png[39m[0m
2026-10-07T09:05:27.9386339Z [  77% ] [90m[1m_update_scan_actions[22m | xbox_button_start.png[39m[0m
2026-10-07T09:05:27.9388637Z [  77% ] [90m[1m_update_scan_actions[22m | xbox_button_view.png[39m[0m
2026-10-07T09:05:27.9390947Z [  77% ] [90m[1m_update_scan_actions[22m | xbox_button_x.png[39m[0m
2026-10-07T09:05:27.9393238Z [  77% ] [90m[1m_update_scan_actions[22m | xbox_button_y.png[39m[0m
2026-10-07T09:05:27.9395523Z [  78% ] [90m[1m_update_scan_actions[22m | xbox_dpad_down.png[39m[0m
2026-10-07T09:05:27.9397907Z [  78% ] [90m[1m_update_scan_actions[22m | xbox_dpad_left.png[39m[0m
2026-10-07T09:05:27.9400198Z [  78% ] [90m[1m_update_scan_actions[22m | xbox_dpad_right.png[39m[0m
2026-10-07T09:05:27.9402442Z [  78% ] [90m[1m_update_scan_actions[22m | xbox_dpad_up.png[39m[0m
2026-10-07T09:05:27.9404669Z [  78% ] [90m[1m_update_scan_actions[22m | xbox_lb.png[39m[0m
2026-10-07T09:05:27.9407057Z [  78% ] [90m[1m_update_scan_actions[22m | xbox_lt.png[39m[0m
2026-10-07T09:05:27.9409322Z [  78% ] [90m[1m_update_scan_actions[22m | xbox_rb.png[39m[0m
2026-10-07T09:05:27.9411575Z [  78% ] [90m[1m_update_scan_actions[22m | xbox_rt.png[39m[0m
2026-10-07T09:05:27.9414025Z [  78% ] [90m[1m_update_scan_actions[22m | xbox_stick_r_press.png[39m[0m
2026-10-07T09:05:27.9438067Z [  78% ] [90m[1m_update_scan_actions[22m | abyssal_guardian.png[39m[0m
2026-10-07T09:05:27.9464088Z [  78% ] [90m[1m_update_scan_actions[22m | aeriex.png[39m[0m
2026-10-07T09:05:27.9495343Z [  78% ] [90m[1m_update_scan_actions[22m | aquaryn.png[39m[0m
2026-10-07T09:05:27.9510730Z [  78% ] [90m[1m_update_scan_actions[22m | bramblebun.png[39m[0m
2026-10-07T09:05:27.9550864Z [  78% ] [90m[1m_update_scan_actions[22m | breezetail.png[39m[0m
2026-10-07T09:05:27.9572457Z [  79% ] [90m[1m_update_scan_actions[22m | brooktail.png[39m[0m
2026-10-07T09:05:27.9594448Z [  79% ] [90m[1m_update_scan_actions[22m | burrowback.png[39m[0m
2026-10-07T09:05:27.9635389Z [  79% ] [90m[1m_update_scan_actions[22m | cannonback.png[39m[0m
2026-10-07T09:05:27.9651544Z [  79% ] [90m[1m_update_scan_actions[22m | cindercub.png[39m[0m
2026-10-07T09:05:27.9691868Z [  79% ] [90m[1m_update_scan_actions[22m | cliffspike.png[39m[0m
2026-10-07T09:05:27.9720210Z [  79% ] [90m[1m_update_scan_actions[22m | cloudfang.png[39m[0m
2026-10-07T09:05:27.9754871Z [  79% ] [90m[1m_update_scan_actions[22m | cragclaw.png[39m[0m
2026-10-07T09:05:27.9785213Z [  79% ] [90m[1m_update_scan_actions[22m | craghorn.png[39m[0m
2026-10-07T09:05:27.9807333Z [  79% ] [90m[1m_update_scan_actions[22m | duskhush.png[39m[0m
2026-10-07T09:05:27.9816647Z [  79% ] [90m[1m_update_scan_actions[22m | frostclaw.png[39m[0m
2026-10-07T09:05:27.9843354Z [  79% ] [90m[1m_update_scan_actions[22m | fulgocobra.png[39m[0m
2026-10-07T09:05:27.9856638Z [  79% ] [90m[1m_update_scan_actions[22m | galecrest.png[39m[0m
2026-10-07T09:05:27.9871950Z [  79% ] [90m[1m_update_scan_actions[22m | galewisp.png[39m[0m
2026-10-07T09:05:27.9900248Z [  80% ] [90m[1m_update_scan_actions[22m | glimmermoth.png[39m[0m
2026-10-07T09:05:27.9925538Z [  80% ] [90m[1m_update_scan_actions[22m | mangrove_monitor.png[39m[0m
2026-10-07T09:05:27.9939825Z [  80% ] [90m[1m_update_scan_actions[22m | meadowhart.png[39m[0m
2026-10-07T09:05:27.9965537Z [  80% ] [90m[1m_update_scan_actions[22m | mirejaw.png[39m[0m
2026-10-07T09:05:27.9981674Z [  80% ] [90m[1m_update_scan_actions[22m | mosshell.png[39m[0m
2026-10-07T09:05:28.0010645Z [  80% ] [90m[1m_update_scan_actions[22m | mosshock.png[39m[0m
2026-10-07T09:05:28.0026800Z [  80% ] [90m[1m_update_scan_actions[22m | mudsnout.png[39m[0m
2026-10-07T09:05:28.0041199Z [  80% ] [90m[1m_update_scan_actions[22m | paddlenewt.png[39m[0m
2026-10-07T09:05:28.0069500Z [  80% ] [90m[1m_update_scan_actions[22m | pebbik.png[39m[0m
2026-10-07T09:05:28.0086413Z [  80% ] [90m[1m_update_scan_actions[22m | pipwing.png[39m[0m
2026-10-07T09:05:28.0097721Z [  80% ] [90m[1m_update_scan_actions[22m | reedwing.png[39m[0m
2026-10-07T09:05:28.0123735Z [  80% ] [90m[1m_update_scan_actions[22m | ribbonray.png[39m[0m
2026-10-07T09:05:28.0140279Z [  80% ] [90m[1m_update_scan_actions[22m | ripplet.png[39m[0m
2026-10-07T09:05:28.0167931Z [  80% ] [90m[1m_update_scan_actions[22m | riptusk.png[39m[0m
2026-10-07T09:05:28.0194217Z [  81% ] [90m[1m_update_scan_actions[22m | riverdrake.png[39m[0m
2026-10-07T09:05:28.0202601Z [  81% ] [90m[1m_update_scan_actions[22m | shadelet.png[39m[0m
2026-10-07T09:05:28.0227855Z [  81% ] [90m[1m_update_scan_actions[22m | sirenseal.png[39m[0m
2026-10-07T09:05:28.0252719Z [  81% ] [90m[1m_update_scan_actions[22m | skyrill.png[39m[0m
2026-10-07T09:05:28.0280207Z [  81% ] [90m[1m_update_scan_actions[22m | solmane.png[39m[0m
2026-10-07T09:05:28.0289127Z [  81% ] [90m[1m_update_scan_actions[22m | sparkit.png[39m[0m
2026-10-07T09:05:28.0320194Z [  81% ] [90m[1m_update_scan_actions[22m | staticub.png[39m[0m
2026-10-07T09:05:28.0349263Z [  81% ] [90m[1m_update_scan_actions[22m | stormbrush.png[39m[0m
2026-10-07T09:05:28.0378594Z [  81% ] [90m[1m_update_scan_actions[22m | stormcapra.png[39m[0m
2026-10-07T09:05:28.0404592Z [  81% ] [90m[1m_update_scan_actions[22m | stormraven.png[39m[0m
2026-10-07T09:05:28.0430618Z [  81% ] [90m[1m_update_scan_actions[22m | tanglevolt.png[39m[0m
2026-10-07T09:05:28.0456533Z [  81% ] [90m[1m_update_scan_actions[22m | tempestwing.png[39m[0m
2026-10-07T09:05:28.0472575Z [  81% ] [90m[1m_update_scan_actions[22m | terrapup.png[39m[0m
2026-10-07T09:05:28.0502094Z [  81% ] [90m[1m_update_scan_actions[22m | thundertunnel.png[39m[0m
2026-10-07T09:05:28.0529875Z [  82% ] [90m[1m_update_scan_actions[22m | tidecoil.png[39m[0m
2026-10-07T09:05:28.0561622Z [  82% ] [90m[1m_update_scan_actions[22m | torrentoad.png[39m[0m
2026-10-07T09:05:28.0575564Z [  82% ] [90m[1m_update_scan_actions[22m | trailpup.png[39m[0m
2026-10-07T09:05:28.0591766Z [  82% ] [90m[1m_update_scan_actions[22m | tuskroot.png[39m[0m
2026-10-07T09:05:28.0606437Z [  82% ] [90m[1m_update_scan_actions[22m | veridian.png[39m[0m
2026-10-07T09:05:28.0636795Z [  82% ] [90m[1m_update_scan_actions[22m | voltarach.png[39m[0m
2026-10-07T09:05:28.0664887Z [  82% ] [90m[1m_update_scan_actions[22m | voltwig.png[39m[0m
2026-10-07T09:05:28.0669805Z [  82% ] [90m[1m_update_scan_actions[22m | ada.png[39m[0m
2026-10-07T09:05:28.0673703Z [  82% ] [90m[1m_update_scan_actions[22m | bram.png[39m[0m
2026-10-07T09:05:28.0677738Z [  82% ] [90m[1m_update_scan_actions[22m | bryn.png[39m[0m
2026-10-07T09:05:28.0681800Z [  82% ] [90m[1m_update_scan_actions[22m | captain.png[39m[0m
2026-10-07T09:05:28.0686192Z [  82% ] [90m[1m_update_scan_actions[22m | captain_a.png[39m[0m
2026-10-07T09:05:28.0690446Z [  82% ] [90m[1m_update_scan_actions[22m | captain_b.png[39m[0m
2026-10-07T09:05:28.0742789Z [  82% ] [90m[1m_update_scan_actions[22m | cloudreach_aila_clean.png[39m[0m
2026-10-07T09:05:28.0747121Z [  83% ] [90m[1m_update_scan_actions[22m | corin.png[39m[0m
2026-10-07T09:05:28.0751014Z [  83% ] [90m[1m_update_scan_actions[22m | doss.png[39m[0m
2026-10-07T09:05:28.0755033Z [  83% ] [90m[1m_update_scan_actions[22m | fenn.png[39m[0m
2026-10-07T09:05:28.0759256Z [  83% ] [90m[1m_update_scan_actions[22m | garrick.png[39m[0m
2026-10-07T09:05:28.0763306Z [  83% ] [90m[1m_update_scan_actions[22m | grandpa.png[39m[0m
2026-10-07T09:05:28.0767319Z [  83% ] [90m[1m_update_scan_actions[22m | grunt.png[39m[0m
2026-10-07T09:05:28.0770980Z [  83% ] [90m[1m_update_scan_actions[22m | grunt_a.png[39m[0m
2026-10-07T09:05:28.0774514Z [  83% ] [90m[1m_update_scan_actions[22m | grunt_b.png[39m[0m
2026-10-07T09:05:28.0778240Z [  83% ] [90m[1m_update_scan_actions[22m | grunt_c.png[39m[0m
2026-10-07T09:05:28.0782189Z [  83% ] [90m[1m_update_scan_actions[22m | halda.png[39m[0m
2026-10-07T09:05:28.0786343Z [  83% ] [90m[1m_update_scan_actions[22m | juno.png[39m[0m
2026-10-07T09:05:28.0789880Z [  83% ] [90m[1m_update_scan_actions[22m | kael.png[39m[0m
2026-10-07T09:05:28.0802390Z [  83% ] [90m[1m_update_scan_actions[22m | kell.png[39m[0m
2026-10-07T09:05:28.0802942Z [  83% ] [90m[1m_update_scan_actions[22m | lark.png[39m[0m
2026-10-07T09:05:28.0803453Z [  84% ] [90m[1m_update_scan_actions[22m | lyra.png[39m[0m
2026-10-07T09:05:28.0805157Z [  84% ] [90m[1m_update_scan_actions[22m | maren.png[39m[0m
2026-10-07T09:05:28.0809122Z [  84% ] [90m[1m_update_scan_actions[22m | mira.png[39m[0m
2026-10-07T09:05:28.0812997Z [  84% ] [90m[1m_update_scan_actions[22m | nessa.png[39m[0m
2026-10-07T09:05:28.0817153Z [  84% ] [90m[1m_update_scan_actions[22m | officer.png[39m[0m
2026-10-07T09:05:28.0821439Z [  84% ] [90m[1m_update_scan_actions[22m | officer_a.png[39m[0m
2026-10-07T09:05:28.0825144Z [  84% ] [90m[1m_update_scan_actions[22m | officer_b.png[39m[0m
2026-10-07T09:05:28.0829347Z [  84% ] [90m[1m_update_scan_actions[22m | old_perrin.png[39m[0m
2026-10-07T09:05:28.0833225Z [  84% ] [90m[1m_update_scan_actions[22m | oskar.png[39m[0m
2026-10-07T09:05:28.0837293Z [  84% ] [90m[1m_update_scan_actions[22m | quarry_foreman.png[39m[0m
2026-10-07T09:05:28.0841447Z [  84% ] [90m[1m_update_scan_actions[22m | rae.png[39m[0m
2026-10-07T09:05:28.0845378Z [  84% ] [90m[1m_update_scan_actions[22m | ren.png[39m[0m
2026-10-07T09:05:28.0848893Z [  84% ] [90m[1m_update_scan_actions[22m | sera.png[39m[0m
2026-10-07T09:05:28.0853521Z [  84% ] [90m[1m_update_scan_actions[22m | sorrel.png[39m[0m
2026-10-07T09:05:28.0857752Z [  85% ] [90m[1m_update_scan_actions[22m | tam.png[39m[0m
2026-10-07T09:05:28.0861958Z [  85% ] [90m[1m_update_scan_actions[22m | tobin.png[39m[0m
2026-10-07T09:05:28.0866417Z [  85% ] [90m[1m_update_scan_actions[22m | trainer.png[39m[0m
2026-10-07T09:05:28.0870352Z [  85% ] [90m[1m_update_scan_actions[22m | villager_female.png[39m[0m
2026-10-07T09:05:28.0874187Z [  85% ] [90m[1m_update_scan_actions[22m | villager_male.png[39m[0m
2026-10-07T09:05:28.0878221Z [  85% ] [90m[1m_update_scan_actions[22m | villager_ranger.png[39m[0m
2026-10-07T09:05:28.0883102Z [  85% ] [90m[1m_update_scan_actions[22m | wandering_trainer.png[39m[0m
2026-10-07T09:05:28.0887549Z [  85% ] [90m[1m_update_scan_actions[22m | warden.png[39m[0m
2026-10-07T09:05:28.0892275Z [  85% ] [90m[1m_update_scan_actions[22m | wilhelm.png[39m[0m
2026-10-07T09:05:28.0895007Z [  85% ] [90m[1m_update_scan_actions[22m | bubble_volley_impact.wav[39m[0m
2026-10-07T09:05:28.0897781Z [  85% ] [90m[1m_update_scan_actions[22m | bubble_volley_impact_mastery.wav[39m[0m
2026-10-07T09:05:28.0900122Z [  85% ] [90m[1m_update_scan_actions[22m | bubble_volley_launch.wav[39m[0m
2026-10-07T09:05:28.0902506Z [  85% ] [90m[1m_update_scan_actions[22m | bubble_volley_launch_mastery.wav[39m[0m
2026-10-07T09:05:28.0905189Z [  85% ] [90m[1m_update_scan_actions[22m | bubble_volley_launch_travel.wav[39m[0m
2026-10-07T09:05:28.0908108Z [  86% ] [90m[1m_update_scan_actions[22m | bubble_volley_launch_travel_mastery.wav[39m[0m
2026-10-07T09:05:28.0910659Z [  86% ] [90m[1m_update_scan_actions[22m | bubble_volley_travel.wav[39m[0m
2026-10-07T09:05:28.0913209Z [  86% ] [90m[1m_update_scan_actions[22m | buff_aura_impact.wav[39m[0m
2026-10-07T09:05:28.0915780Z [  86% ] [90m[1m_update_scan_actions[22m | buff_aura_impact_mastery.wav[39m[0m
2026-10-07T09:05:28.0918279Z [  86% ] [90m[1m_update_scan_actions[22m | buff_aura_launch.wav[39m[0m
2026-10-07T09:05:28.0920605Z [  86% ] [90m[1m_update_scan_actions[22m | buff_aura_launch_mastery.wav[39m[0m
2026-10-07T09:05:28.0923340Z [  86% ] [90m[1m_update_scan_actions[22m | buff_aura_launch_travel.wav[39m[0m
2026-10-07T09:05:28.0926159Z [  86% ] [90m[1m_update_scan_actions[22m | buff_aura_launch_travel_mastery.wav[39m[0m
2026-10-07T09:05:28.0928772Z [  86% ] [90m[1m_update_scan_actions[22m | buff_aura_travel.wav[39m[0m
2026-10-07T09:05:28.0931290Z [  86% ] [90m[1m_update_scan_actions[22m | catch_tether_beam_impact.wav[39m[0m
2026-10-07T09:05:28.0933897Z [  86% ] [90m[1m_update_scan_actions[22m | catch_tether_beam_impact_mastery.wav[39m[0m
2026-10-07T09:05:28.0936285Z [  86% ] [90m[1m_update_scan_actions[22m | catch_tether_beam_launch.wav[39m[0m
2026-10-07T09:05:28.0938655Z [  86% ] [90m[1m_update_scan_actions[22m | catch_tether_beam_launch_mastery.wav[39m[0m
2026-10-07T09:05:28.0941313Z [  86% ] [90m[1m_update_scan_actions[22m | catch_tether_beam_launch_travel.wav[39m[0m
2026-10-07T09:05:28.0944056Z [  87% ] [90m[1m_update_scan_actions[22m | catch_tether_beam_launch_travel_mastery.wav[39m[0m
2026-10-07T09:05:28.0946754Z [  87% ] [90m[1m_update_scan_actions[22m | catch_tether_beam_travel.wav[39m[0m
2026-10-07T09:05:28.0949317Z [  87% ] [90m[1m_update_scan_actions[22m | chain_lightning_impact.wav[39m[0m
2026-10-07T09:05:28.0951848Z [  87% ] [90m[1m_update_scan_actions[22m | chain_lightning_impact_mastery.wav[39m[0m
2026-10-07T09:05:28.0954103Z [  87% ] [90m[1m_update_scan_actions[22m | chain_lightning_launch.wav[39m[0m
2026-10-07T09:05:28.0956624Z [  87% ] [90m[1m_update_scan_actions[22m | chain_lightning_launch_mastery.wav[39m[0m
2026-10-07T09:05:28.0959253Z [  87% ] [90m[1m_update_scan_actions[22m | chain_lightning_launch_travel.wav[39m[0m
2026-10-07T09:05:28.0961942Z [  87% ] [90m[1m_update_scan_actions[22m | chain_lightning_launch_travel_mastery.wav[39m[0m
2026-10-07T09:05:28.0964522Z [  87% ] [90m[1m_update_scan_actions[22m | chain_lightning_travel.wav[39m[0m
2026-10-07T09:05:28.0967229Z [  87% ] [90m[1m_update_scan_actions[22m | charge_dash_impact.wav[39m[0m
2026-10-07T09:05:28.0969805Z [  87% ] [90m[1m_update_scan_actions[22m | charge_dash_impact_mastery.wav[39m[0m
2026-10-07T09:05:28.0972053Z [  87% ] [90m[1m_update_scan_actions[22m | charge_dash_launch.wav[39m[0m
2026-10-07T09:05:28.0974372Z [  87% ] [90m[1m_update_scan_actions[22m | charge_dash_launch_mastery.wav[39m[0m
2026-10-07T09:05:28.0977134Z [  87% ] [90m[1m_update_scan_actions[22m | charge_dash_launch_travel.wav[39m[0m
2026-10-07T09:05:28.0979895Z [  88% ] [90m[1m_update_scan_actions[22m | charge_dash_launch_travel_mastery.wav[39m[0m
2026-10-07T09:05:28.0982438Z [  88% ] [90m[1m_update_scan_actions[22m | charge_dash_travel.wav[39m[0m
2026-10-07T09:05:28.0984894Z [  88% ] [90m[1m_update_scan_actions[22m | debuff_hex_impact.wav[39m[0m
2026-10-07T09:05:28.0987529Z [  88% ] [90m[1m_update_scan_actions[22m | debuff_hex_impact_mastery.wav[39m[0m
2026-10-07T09:05:28.0989799Z [  88% ] [90m[1m_update_scan_actions[22m | debuff_hex_launch.wav[39m[0m
2026-10-07T09:05:28.0992097Z [  88% ] [90m[1m_update_scan_actions[22m | debuff_hex_launch_mastery.wav[39m[0m
2026-10-07T09:05:28.0994702Z [  88% ] [90m[1m_update_scan_actions[22m | debuff_hex_launch_travel.wav[39m[0m
2026-10-07T09:05:28.0997573Z [  88% ] [90m[1m_update_scan_actions[22m | debuff_hex_launch_travel_mastery.wav[39m[0m
2026-10-07T09:05:28.1000144Z [  88% ] [90m[1m_update_scan_actions[22m | debuff_hex_travel.wav[39m[0m
2026-10-07T09:05:28.1002586Z [  88% ] [90m[1m_update_scan_actions[22m | ember_burst_impact.wav[39m[0m
2026-10-07T09:05:28.1005106Z [  88% ] [90m[1m_update_scan_actions[22m | ember_burst_impact_mastery.wav[39m[0m
2026-10-07T09:05:28.1007466Z [  88% ] [90m[1m_update_scan_actions[22m | ember_burst_launch.wav[39m[0m
2026-10-07T09:05:28.1009764Z [  88% ] [90m[1m_update_scan_actions[22m | ember_burst_launch_mastery.wav[39m[0m
2026-10-07T09:05:28.1012422Z [  88% ] [90m[1m_update_scan_actions[22m | ember_burst_launch_travel.wav[39m[0m
2026-10-07T09:05:28.1015138Z [  89% ] [90m[1m_update_scan_actions[22m | ember_burst_launch_travel_mastery.wav[39m[0m
2026-10-07T09:05:28.1017807Z [  89% ] [90m[1m_update_scan_actions[22m | ember_burst_travel.wav[39m[0m
2026-10-07T09:05:28.1020235Z [  89% ] [90m[1m_update_scan_actions[22m | fireball_impact.wav[39m[0m
2026-10-07T09:05:28.1022792Z [  89% ] [90m[1m_update_scan_actions[22m | fireball_impact_mastery.wav[39m[0m
2026-10-07T09:05:28.1024999Z [  89% ] [90m[1m_update_scan_actions[22m | fireball_launch.wav[39m[0m
2026-10-07T09:05:28.1027473Z [  89% ] [90m[1m_update_scan_actions[22m | fireball_launch_mastery.wav[39m[0m
2026-10-07T09:05:28.1030085Z [  89% ] [90m[1m_update_scan_actions[22m | fireball_launch_travel.wav[39m[0m
2026-10-07T09:05:28.1032779Z [  89% ] [90m[1m_update_scan_actions[22m | fireball_launch_travel_mastery.wav[39m[0m
2026-10-07T09:05:28.1035346Z [  89% ] [90m[1m_update_scan_actions[22m | fireball_travel.wav[39m[0m
2026-10-07T09:05:28.1037985Z [  89% ] [90m[1m_update_scan_actions[22m | flame_cone_impact.wav[39m[0m
2026-10-07T09:05:28.1040473Z [  89% ] [90m[1m_update_scan_actions[22m | flame_cone_impact_mastery.wav[39m[0m
2026-10-07T09:05:28.1042737Z [  89% ] [90m[1m_update_scan_actions[22m | flame_cone_launch.wav[39m[0m
2026-10-07T09:05:28.1045061Z [  89% ] [90m[1m_update_scan_actions[22m | flame_cone_launch_mastery.wav[39m[0m
2026-10-07T09:05:28.1047859Z [  90% ] [90m[1m_update_scan_actions[22m | flame_cone_launch_travel.wav[39m[0m
2026-10-07T09:05:28.1050708Z [  90% ] [90m[1m_update_scan_actions[22m | flame_cone_launch_travel_mastery.wav[39m[0m
2026-10-07T09:05:28.1053098Z [  90% ] [90m[1m_update_scan_actions[22m | flame_cone_travel.wav[39m[0m
2026-10-07T09:05:28.1055504Z [  90% ] [90m[1m_update_scan_actions[22m | frost_breath_impact.wav[39m[0m
2026-10-07T09:05:28.1058167Z [  90% ] [90m[1m_update_scan_actions[22m | frost_breath_impact_mastery.wav[39m[0m
2026-10-07T09:05:28.1060376Z [  90% ] [90m[1m_update_scan_actions[22m | frost_breath_launch.wav[39m[0m
2026-10-07T09:05:28.1062758Z [  90% ] [90m[1m_update_scan_actions[22m | frost_breath_launch_mastery.wav[39m[0m
2026-10-07T09:05:28.1065368Z [  90% ] [90m[1m_update_scan_actions[22m | frost_breath_launch_travel.wav[39m[0m
2026-10-07T09:05:28.1068260Z [  90% ] [90m[1m_update_scan_actions[22m | frost_breath_launch_travel_mastery.wav[39m[0m
2026-10-07T09:05:28.1070790Z [  90% ] [90m[1m_update_scan_actions[22m | frost_breath_travel.wav[39m[0m
2026-10-07T09:05:28.1073198Z [  90% ] [90m[1m_update_scan_actions[22m | guard_flash_impact.wav[39m[0m
2026-10-07T09:05:28.1075744Z [  90% ] [90m[1m_update_scan_actions[22m | guard_flash_impact_mastery.wav[39m[0m
2026-10-07T09:05:28.1078114Z [  90% ] [90m[1m_update_scan_actions[22m | guard_flash_launch.wav[39m[0m
2026-10-07T09:05:28.1080434Z [  90% ] [90m[1m_update_scan_actions[22m | guard_flash_launch_mastery.wav[39m[0m
2026-10-07T09:05:28.1083006Z [  91% ] [90m[1m_update_scan_actions[22m | guard_flash_launch_travel.wav[39m[0m
2026-10-07T09:05:28.1085753Z [  91% ] [90m[1m_update_scan_actions[22m | guard_flash_launch_travel_mastery.wav[39m[0m
2026-10-07T09:05:28.1088431Z [  91% ] [90m[1m_update_scan_actions[22m | guard_flash_travel.wav[39m[0m
2026-10-07T09:05:28.1090886Z [  91% ] [90m[1m_update_scan_actions[22m | heal_pulse_impact.wav[39m[0m
2026-10-07T09:05:28.1093374Z [  91% ] [90m[1m_update_scan_actions[22m | heal_pulse_impact_mastery.wav[39m[0m
2026-10-07T09:05:28.1095636Z [  91% ] [90m[1m_update_scan_actions[22m | heal_pulse_launch.wav[39m[0m
2026-10-07T09:05:28.1098039Z [  91% ] [90m[1m_update_scan_actions[22m | heal_pulse_launch_mastery.wav[39m[0m
2026-10-07T09:05:28.1100657Z [  91% ] [90m[1m_update_scan_actions[22m | heal_pulse_launch_travel.wav[39m[0m
2026-10-07T09:05:28.1103371Z [  91% ] [90m[1m_update_scan_actions[22m | heal_pulse_launch_travel_mastery.wav[39m[0m
2026-10-07T09:05:28.1105994Z [  91% ] [90m[1m_update_scan_actions[22m | heal_pulse_travel.wav[39m[0m
2026-10-07T09:05:28.1108620Z [  91% ] [90m[1m_update_scan_actions[22m | ice_shard_volley_impact.wav[39m[0m
2026-10-07T09:05:28.1111176Z [  91% ] [90m[1m_update_scan_actions[22m | ice_shard_volley_impact_mastery.wav[39m[0m
2026-10-07T09:05:28.1113434Z [  91% ] [90m[1m_update_scan_actions[22m | ice_shard_volley_launch.wav[39m[0m
2026-10-07T09:05:28.1115804Z [  91% ] [90m[1m_update_scan_actions[22m | ice_shard_volley_launch_mastery.wav[39m[0m
2026-10-07T09:05:28.1118606Z [  92% ] [90m[1m_update_scan_actions[22m | ice_shard_volley_launch_travel.wav[39m[0m
2026-10-07T09:05:28.1121306Z [  92% ] [90m[1m_update_scan_actions[22m | ice_shard_volley_launch_travel_mastery.wav[39m[0m
2026-10-07T09:05:28.1123871Z [  92% ] [90m[1m_update_scan_actions[22m | ice_shard_volley_travel.wav[39m[0m
2026-10-07T09:05:28.1126473Z [  92% ] [90m[1m_update_scan_actions[22m | psychic_pulse_impact.wav[39m[0m
2026-10-07T09:05:28.1128978Z [  92% ] [90m[1m_update_scan_actions[22m | psychic_pulse_impact_mastery.wav[39m[0m
2026-10-07T09:05:28.1131208Z [  92% ] [90m[1m_update_scan_actions[22m | psychic_pulse_launch.wav[39m[0m
2026-10-07T09:05:28.1133541Z [  92% ] [90m[1m_update_scan_actions[22m | psychic_pulse_launch_mastery.wav[39m[0m
2026-10-07T09:05:28.1136315Z [  92% ] [90m[1m_update_scan_actions[22m | psychic_pulse_launch_travel.wav[39m[0m
2026-10-07T09:05:28.1139064Z [  92% ] [90m[1m_update_scan_actions[22m | psychic_pulse_launch_travel_mastery.wav[39m[0m
2026-10-07T09:05:28.1141800Z [  92% ] [90m[1m_update_scan_actions[22m | psychic_pulse_travel.wav[39m[0m
2026-10-07T09:05:28.1144082Z [  92% ] [90m[1m_update_scan_actions[22m | quake_ring_impact.wav[39m[0m
2026-10-07T09:05:28.1146668Z [  92% ] [90m[1m_update_scan_actions[22m | quake_ring_impact_mastery.wav[39m[0m
2026-10-07T09:05:28.1148914Z [  92% ] [90m[1m_update_scan_actions[22m | quake_ring_launch.wav[39m[0m
2026-10-07T09:05:28.1151229Z [  92% ] [90m[1m_update_scan_actions[22m | quake_ring_launch_mastery.wav[39m[0m
2026-10-07T09:05:28.1153891Z [  93% ] [90m[1m_update_scan_actions[22m | quake_ring_launch_travel.wav[39m[0m
2026-10-07T09:05:28.1156645Z [  93% ] [90m[1m_update_scan_actions[22m | quake_ring_launch_travel_mastery.wav[39m[0m
2026-10-07T09:05:28.1159206Z [  93% ] [90m[1m_update_scan_actions[22m | quake_ring_travel.wav[39m[0m
2026-10-07T09:05:28.1161727Z [  93% ] [90m[1m_update_scan_actions[22m | root_stone_spikes_impact.wav[39m[0m
2026-10-07T09:05:28.1164248Z [  93% ] [90m[1m_update_scan_actions[22m | root_stone_spikes_impact_mastery.wav[39m[0m
2026-10-07T09:05:28.1166585Z [  93% ] [90m[1m_update_scan_actions[22m | root_stone_spikes_launch.wav[39m[0m
2026-10-07T09:05:28.1168919Z [  93% ] [90m[1m_update_scan_actions[22m | root_stone_spikes_launch_mastery.wav[39m[0m
2026-10-07T09:05:28.1171638Z [  93% ] [90m[1m_update_scan_actions[22m | root_stone_spikes_launch_travel.wav[39m[0m
2026-10-07T09:05:28.1174323Z [  93% ] [90m[1m_update_scan_actions[22m | root_stone_spikes_launch_travel_mastery.wav[39m[0m
2026-10-07T09:05:28.1176983Z [  93% ] [90m[1m_update_scan_actions[22m | root_stone_spikes_travel.wav[39m[0m
2026-10-07T09:05:28.1179396Z [  93% ] [90m[1m_update_scan_actions[22m | shadow_bolt_impact.wav[39m[0m
2026-10-07T09:05:28.1181907Z [  93% ] [90m[1m_update_scan_actions[22m | shadow_bolt_impact_mastery.wav[39m[0m
2026-10-07T09:05:28.1184141Z [  93% ] [90m[1m_update_scan_actions[22m | shadow_bolt_launch.wav[39m[0m
2026-10-07T09:05:28.1186454Z [  93% ] [90m[1m_update_scan_actions[22m | shadow_bolt_launch_mastery.wav[39m[0m
2026-10-07T09:05:28.1189183Z [  94% ] [90m[1m_update_scan_actions[22m | shadow_bolt_launch_travel.wav[39m[0m
2026-10-07T09:05:28.1191866Z [  94% ] [90m[1m_update_scan_actions[22m | shadow_bolt_launch_travel_mastery.wav[39m[0m
2026-10-07T09:05:28.1194392Z [  94% ] [90m[1m_update_scan_actions[22m | shadow_bolt_travel.wav[39m[0m
2026-10-07T09:05:28.1197020Z [  94% ] [90m[1m_update_scan_actions[22m | sky_lightning_impact.wav[39m[0m
2026-10-07T09:05:28.1199522Z [  94% ] [90m[1m_update_scan_actions[22m | sky_lightning_impact_mastery.wav[39m[0m
2026-10-07T09:05:28.1201741Z [  94% ] [90m[1m_update_scan_actions[22m | sky_lightning_launch.wav[39m[0m
2026-10-07T09:05:28.1204055Z [  94% ] [90m[1m_update_scan_actions[22m | sky_lightning_launch_mastery.wav[39m[0m
2026-10-07T09:05:28.1206831Z [  94% ] [90m[1m_update_scan_actions[22m | sky_lightning_launch_travel.wav[39m[0m
2026-10-07T09:05:28.1209682Z [  94% ] [90m[1m_update_scan_actions[22m | sky_lightning_launch_travel_mastery.wav[39m[0m
2026-10-07T09:05:28.1212235Z [  94% ] [90m[1m_update_scan_actions[22m | sky_lightning_travel.wav[39m[0m
2026-10-07T09:05:28.1214720Z [  94% ] [90m[1m_update_scan_actions[22m | slash_trail_impact.wav[39m[0m
2026-10-07T09:05:28.1217317Z [  94% ] [90m[1m_update_scan_actions[22m | slash_trail_impact_mastery.wav[39m[0m
2026-10-07T09:05:28.1219529Z [  94% ] [90m[1m_update_scan_actions[22m | slash_trail_launch.wav[39m[0m
2026-10-07T09:05:28.1221865Z [  94% ] [90m[1m_update_scan_actions[22m | slash_trail_launch_mastery.wav[39m[0m
2026-10-07T09:05:28.1224503Z [  95% ] [90m[1m_update_scan_actions[22m | slash_trail_launch_travel.wav[39m[0m
2026-10-07T09:05:28.1227298Z [  95% ] [90m[1m_update_scan_actions[22m | slash_trail_launch_travel_mastery.wav[39m[0m
2026-10-07T09:05:28.1229848Z [  95% ] [90m[1m_update_scan_actions[22m | slash_trail_travel.wav[39m[0m
2026-10-07T09:05:28.1232457Z [  95% ] [90m[1m_update_scan_actions[22m | stone_boulder_impact.wav[39m[0m
2026-10-07T09:05:28.1234815Z [  95% ] [90m[1m_update_scan_actions[22m | stone_boulder_impact_mastery.wav[39m[0m
2026-10-07T09:05:28.1237189Z [  95% ] [90m[1m_update_scan_actions[22m | stone_boulder_launch.wav[39m[0m
2026-10-07T09:05:28.1239547Z [  95% ] [90m[1m_update_scan_actions[22m | stone_boulder_launch_mastery.wav[39m[0m
2026-10-07T09:05:28.1242145Z [  95% ] [90m[1m_update_scan_actions[22m | stone_boulder_launch_travel.wav[39m[0m
2026-10-07T09:05:28.1244888Z [  95% ] [90m[1m_update_scan_actions[22m | stone_boulder_launch_travel_mastery.wav[39m[0m
2026-10-07T09:05:28.1247545Z [  95% ] [90m[1m_update_scan_actions[22m | stone_boulder_travel.wav[39m[0m
2026-10-07T09:05:28.1249953Z [  95% ] [90m[1m_update_scan_actions[22m | stone_throw_impact.wav[39m[0m
2026-10-07T09:05:28.1252482Z [  95% ] [90m[1m_update_scan_actions[22m | stone_throw_impact_mastery.wav[39m[0m
2026-10-07T09:05:28.1254737Z [  95% ] [90m[1m_update_scan_actions[22m | stone_throw_launch.wav[39m[0m
2026-10-07T09:05:28.1257147Z [  95% ] [90m[1m_update_scan_actions[22m | stone_throw_launch_mastery.wav[39m[0m
2026-10-07T09:05:28.1259813Z [  96% ] [90m[1m_update_scan_actions[22m | stone_throw_launch_travel.wav[39m[0m
2026-10-07T09:05:28.1262509Z [  96% ] [90m[1m_update_scan_actions[22m | stone_throw_launch_travel_mastery.wav[39m[0m
2026-10-07T09:05:28.1265043Z [  96% ] [90m[1m_update_scan_actions[22m | stone_throw_travel.wav[39m[0m
2026-10-07T09:05:28.1267614Z [  96% ] [90m[1m_update_scan_actions[22m | tidal_wave_impact.wav[39m[0m
2026-10-07T09:05:28.1270070Z [  96% ] [90m[1m_update_scan_actions[22m | tidal_wave_impact_mastery.wav[39m[0m
2026-10-07T09:05:28.1272270Z [  96% ] [90m[1m_update_scan_actions[22m | tidal_wave_launch.wav[39m[0m
2026-10-07T09:05:28.1274575Z [  96% ] [90m[1m_update_scan_actions[22m | tidal_wave_launch_mastery.wav[39m[0m
2026-10-07T09:05:28.1277295Z [  96% ] [90m[1m_update_scan_actions[22m | tidal_wave_launch_travel.wav[39m[0m
2026-10-07T09:05:28.1279966Z [  96% ] [90m[1m_update_scan_actions[22m | tidal_wave_launch_travel_mastery.wav[39m[0m
2026-10-07T09:05:28.1282491Z [  96% ] [90m[1m_update_scan_actions[22m | tidal_wave_travel.wav[39m[0m
2026-10-07T09:05:28.1284909Z [  96% ] [90m[1m_update_scan_actions[22m | tornado_impact.wav[39m[0m
2026-10-07T09:05:28.1287502Z [  96% ] [90m[1m_update_scan_actions[22m | tornado_impact_mastery.wav[39m[0m
2026-10-07T09:05:28.1289694Z [  96% ] [90m[1m_update_scan_actions[22m | tornado_launch.wav[39m[0m
2026-10-07T09:05:28.1291941Z [  96% ] [90m[1m_update_scan_actions[22m | tornado_launch_mastery.wav[39m[0m
2026-10-07T09:05:28.1294518Z [  97% ] [90m[1m_update_scan_actions[22m | tornado_launch_travel.wav[39m[0m
2026-10-07T09:05:28.1297360Z [  97% ] [90m[1m_update_scan_actions[22m | tornado_launch_travel_mastery.wav[39m[0m
2026-10-07T09:05:28.1299906Z [  97% ] [90m[1m_update_scan_actions[22m | tornado_travel.wav[39m[0m
2026-10-07T09:05:28.1302306Z [  97% ] [90m[1m_update_scan_actions[22m | water_jet_impact.wav[39m[0m
2026-10-07T09:05:28.1304743Z [  97% ] [90m[1m_update_scan_actions[22m | water_jet_impact_mastery.wav[39m[0m
2026-10-07T09:05:28.1307048Z [  97% ] [90m[1m_update_scan_actions[22m | water_jet_launch.wav[39m[0m
2026-10-07T09:05:28.1309409Z [  97% ] [90m[1m_update_scan_actions[22m | water_jet_launch_mastery.wav[39m[0m
2026-10-07T09:05:28.1312021Z [  97% ] [90m[1m_update_scan_actions[22m | water_jet_launch_travel.wav[39m[0m
2026-10-07T09:05:28.1314727Z [  97% ] [90m[1m_update_scan_actions[22m | water_jet_launch_travel_mastery.wav[39m[0m
2026-10-07T09:05:28.1317360Z [  97% ] [90m[1m_update_scan_actions[22m | water_jet_travel.wav[39m[0m
2026-10-07T09:05:28.1319830Z [  97% ] [90m[1m_update_scan_actions[22m | wind_blade_impact.wav[39m[0m
2026-10-07T09:05:28.1322312Z [  97% ] [90m[1m_update_scan_actions[22m | wind_blade_impact_mastery.wav[39m[0m
2026-10-07T09:05:28.1324660Z [  97% ] [90m[1m_update_scan_actions[22m | wind_blade_launch.wav[39m[0m
2026-10-07T09:05:28.1326930Z [  97% ] [90m[1m_update_scan_actions[22m | wind_blade_launch_mastery.wav[39m[0m
2026-10-07T09:05:28.1329558Z [  98% ] [90m[1m_update_scan_actions[22m | wind_blade_launch_travel.wav[39m[0m
2026-10-07T09:05:28.1332254Z [  98% ] [90m[1m_update_scan_actions[22m | wind_blade_launch_travel_mastery.wav[39m[0m
2026-10-07T09:05:28.1334820Z [  98% ] [90m[1m_update_scan_actions[22m | wind_blade_travel.wav[39m[0m
2026-10-07T09:05:28.1368624Z [  98% ] [90m[1m_update_scan_actions[22m | flame_tongue_v2.png[39m[0m
2026-10-07T09:05:28.1371402Z [  98% ] [90m[1m_update_scan_actions[22m | procedural_provenance.csv[39m[0m
2026-10-07T09:05:28.1372257Z [  98% ] [90m[1m_update_scan_actions[22m | 01-spawn-outward.jpg[39m[0m
2026-10-07T09:05:28.1373095Z [  98% ] [90m[1m_update_scan_actions[22m | 02-arena-opens.jpg[39m[0m
2026-10-07T09:05:28.1373715Z [  98% ] [90m[1m_update_scan_actions[22m | 03-rise-overlook.jpg[39m[0m
2026-10-07T09:05:28.1374422Z [  98% ] [90m[1m_update_scan_actions[22m | 06-charged-attack-lands.jpg[39m[0m
2026-10-07T09:05:28.1375111Z [  98% ] [90m[1m_update_scan_actions[22m | aim-arc.jpg[39m[0m
2026-10-07T09:05:28.1375778Z [  98% ] [90m[1m_update_scan_actions[22m | camp-dusk.jpg[39m[0m
2026-10-07T09:05:28.1376591Z [  98% ] [90m[1m_update_scan_actions[22m | hero-meadow.jpg[39m[0m
2026-10-07T09:05:28.1377300Z [  98% ] [90m[1m_update_scan_actions[22m | mill-crossing.jpg[39m[0m
2026-10-07T09:05:28.1377985Z [  98% ] [90m[1m_update_scan_actions[22m | opening-bedroom.jpg[39m[0m
2026-10-07T09:05:28.1378640Z [  99% ] [90m[1m_update_scan_actions[22m | page-board.jpg[39m[0m
2026-10-07T09:05:28.1379316Z [  99% ] [90m[1m_update_scan_actions[22m | relay-approach.jpg[39m[0m
2026-10-07T09:05:28.1380007Z [  99% ] [90m[1m_update_scan_actions[22m | relay-machines.jpg[39m[0m
2026-10-07T09:05:28.1380642Z [  99% ] [90m[1m_update_scan_actions[22m | roster.jpg[39m[0m
2026-10-07T09:05:28.1381299Z [  99% ] [90m[1m_update_scan_actions[22m | severed-road.jpg[39m[0m
2026-10-07T09:05:28.1381957Z [  99% ] [90m[1m_update_scan_actions[22m | starter-orbs.jpg[39m[0m
2026-10-07T09:05:28.1382636Z [  99% ] [90m[1m_update_scan_actions[22m | tether-site.jpg[39m[0m
2026-10-07T09:05:28.1383329Z [  99% ] [90m[1m_update_scan_actions[22m | village-square.jpg[39m[0m
2026-10-07T09:05:28.1383958Z [  99% ] [90m[1m_update_scan_actions[22m | village-talk.jpg[39m[0m
2026-10-07T09:05:28.1384604Z [  99% ] [90m[1m_update_scan_actions[22m | warden.jpg[39m[0m
2026-10-07T09:05:28.1385239Z [  99% ] [90m[1m_update_scan_actions[22m | weather-rain.jpg[39m[0m
2026-10-07T09:05:28.1387875Z [  99% ] [90m[1m_update_scan_actions[22m | icon.svg[39m[0m
2026-10-07T09:05:28.1388359Z [92m[ DONE ][39m [1m_update_scan_actions[22m
2026-10-07T09:05:28.1388741Z [0m
2026-10-07T09:05:28.1394252Z [   0% ] [90m[1mreimport[22m | Started (Re)Importing Assets (21 steps)[39m[0m
2026-10-07T09:05:28.1394881Z [   0% ] [90m[1mreimport[22m | Preparing files to reimport...[39m[0m
2026-10-07T09:05:28.1395437Z [   4% ] [90m[1mreimport[22m | Preparing files to reimport...[39m[0m
2026-10-07T09:05:28.1396487Z [   9% ] [90m[1mreimport[22m | Preparing files to reimport...[39m[0m
2026-10-07T09:05:28.1397123Z [  13% ] [90m[1mreimport[22m | Preparing files to reimport...[39m[0m
2026-10-07T09:05:28.1397776Z [  18% ] [90m[1mreimport[22m | Preparing files to reimport...[39m[0m
2026-10-07T09:05:28.1398423Z [  22% ] [90m[1mreimport[22m | Preparing files to reimport...[39m[0m
2026-10-07T09:05:28.1399080Z [  27% ] [90m[1mreimport[22m | Preparing files to reimport...[39m[0m
2026-10-07T09:05:28.1399721Z [  31% ] [90m[1mreimport[22m | Preparing files to reimport...[39m[0m
2026-10-07T09:05:28.1400353Z [  36% ] [90m[1mreimport[22m | Preparing files to reimport...[39m[0m
2026-10-07T09:05:28.1401157Z [  40% ] [90m[1mreimport[22m | Preparing files to reimport...[39m[0m
2026-10-07T09:05:28.1401720Z [  45% ] [90m[1mreimport[22m | Preparing files to reimport...[39m[0m
2026-10-07T09:05:28.1402339Z [  50% ] [90m[1mreimport[22m | Preparing files to reimport...[39m[0m
2026-10-07T09:05:28.1402970Z [  54% ] [90m[1mreimport[22m | Preparing files to reimport...[39m[0m
2026-10-07T09:05:28.1403616Z [  59% ] [90m[1mreimport[22m | Preparing files to reimport...[39m[0m
2026-10-07T09:05:28.1404226Z [  63% ] [90m[1mreimport[22m | Preparing files to reimport...[39m[0m
2026-10-07T09:05:28.1404861Z [  68% ] [90m[1mreimport[22m | Preparing files to reimport...[39m[0m
2026-10-07T09:05:28.1405480Z [  72% ] [90m[1mreimport[22m | Preparing files to reimport...[39m[0m
2026-10-07T09:05:28.1406202Z [  77% ] [90m[1mreimport[22m | Preparing files to reimport...[39m[0m
2026-10-07T09:05:28.1406896Z [  81% ] [90m[1mreimport[22m | Preparing files to reimport...[39m[0m
2026-10-07T09:05:28.1407523Z [  86% ] [90m[1mreimport[22m | Preparing files to reimport...[39m[0m
2026-10-07T09:05:28.1408162Z [  90% ] [90m[1mreimport[22m | Preparing files to reimport...[39m[0m
2026-10-07T09:05:28.1408867Z [   0% ] [90m[1mreimport[22m | Executing pre-reimport operations...[39m[0m
2026-10-07T09:05:28.1410929Z [   0% ] [90m[1mreimport[22m | procedural_provenance.csv[39m[0m
2026-10-07T09:05:28.1543895Z [   4% ] [90m[1mreimport[22m | weather-rain.jpg[39m[0m
2026-10-07T09:05:28.2420571Z [   9% ] [90m[1mreimport[22m | warden.jpg[39m[0m
2026-10-07T09:05:28.3332719Z [  13% ] [90m[1mreimport[22m | village-talk.jpg[39m[0m
2026-10-07T09:05:28.4433864Z [  18% ] [90m[1mreimport[22m | village-square.jpg[39m[0m
2026-10-07T09:05:28.5463423Z [  22% ] [90m[1mreimport[22m | tether-site.jpg[39m[0m
2026-10-07T09:05:28.7220356Z [  27% ] [90m[1mreimport[22m | starter-orbs.jpg[39m[0m
2026-10-07T09:05:28.7781027Z [  31% ] [90m[1mreimport[22m | severed-road.jpg[39m[0m
2026-10-07T09:05:28.9396270Z [  36% ] [90m[1mreimport[22m | roster.jpg[39m[0m
2026-10-07T09:05:29.0469436Z [  40% ] [90m[1mreimport[22m | relay-machines.jpg[39m[0m
2026-10-07T09:05:29.1464758Z [  45% ] [90m[1mreimport[22m | relay-approach.jpg[39m[0m
2026-10-07T09:05:29.2447418Z [  50% ] [90m[1mreimport[22m | page-board.jpg[39m[0m
2026-10-07T09:05:29.4361572Z [  54% ] [90m[1mreimport[22m | opening-bedroom.jpg[39m[0m
2026-10-07T09:05:29.5313108Z [  59% ] [90m[1mreimport[22m | mill-crossing.jpg[39m[0m
2026-10-07T09:05:29.6408853Z [  63% ] [90m[1mreimport[22m | hero-meadow.jpg[39m[0m
2026-10-07T09:05:29.8100375Z [  68% ] [90m[1mreimport[22m | camp-dusk.jpg[39m[0m
2026-10-07T09:05:29.9072572Z [  72% ] [90m[1mreimport[22m | aim-arc.jpg[39m[0m
2026-10-07T09:05:30.0194167Z [  77% ] [90m[1mreimport[22m | 06-charged-attack-lands.jpg[39m[0m
2026-10-07T09:05:30.2153941Z [  81% ] [90m[1mreimport[22m | 03-rise-overlook.jpg[39m[0m
2026-10-07T09:05:30.3794438Z [  86% ] [90m[1mreimport[22m | 02-arena-opens.jpg[39m[0m
2026-10-07T09:05:30.5539979Z [  90% ] [90m[1mreimport[22m | 01-spawn-outward.jpg[39m[0m
2026-10-07T09:05:30.7268288Z [  95% ] [90m[1mreimport[22m | Finalizing Asset Import...[39m[0m
2026-10-07T09:05:30.7364454Z [92m[ DONE ][39m [1mreimport[22m
2026-10-07T09:05:30.7364823Z [0m
2026-10-07T09:05:30.7365285Z [   0% ] [90m[1mreimport[22m | Started (Re)Importing Assets (21 steps)[39m[0m
2026-10-07T09:05:30.7366126Z [   0% ] [90m[1mreimport[22m | Executing post-reimport operations...[39m[0m
2026-10-07T09:05:30.7366660Z [92m[ DONE ][39m [1mreimport[22m
2026-10-07T09:05:30.7366989Z [0m
2026-10-07T09:05:30.8050033Z [   0% ] [90m[1mloading_editor_layout[22m | Started Loading editor (5 steps)[39m[0m
2026-10-07T09:05:30.8050565Z [   0% ] [90m[1mloading_editor_layout[22m | Loading editor layout...[39m[0m
2026-10-07T09:05:30.8050971Z [  16% ] [90m[1mloading_editor_layout[22m | Loading docks...[39m[0m
2026-10-07T09:05:30.8051354Z [92m[ DONE ][39m [1mloading_editor_layout[22m
2026-10-07T09:05:30.8051875Z [0m
2026-10-07T09:05:32.5865730Z ##[end-action id=__self.__run_3;outcome=success;conclusion=success;duration_ms=23921]
2026-10-07T09:05:32.5868151Z ##[start-action display=Run set -euo pipefail;id=__self.__run_4]
2026-10-07T09:05:32.5884593Z ##[group]Run set -euo pipefail
2026-10-07T09:05:32.5884855Z [36;1mset -euo pipefail[0m
2026-10-07T09:05:32.5885142Z [36;1mgodot --headless --path . --import 2>&1 | tee /tmp/import.log[0m
2026-10-07T09:05:32.5885588Z [36;1mif grep -qiE 'SCRIPT ERROR|Parse Error|Failed to load|ERROR: Cannot open' /tmp/import.log; then[0m
2026-10-07T09:05:32.5886191Z [36;1m  echo '::error::import produced script or resource errors'[0m
2026-10-07T09:05:32.5886477Z [36;1m  exit 1[0m
2026-10-07T09:05:32.5886653Z [36;1mfi[0m
2026-10-07T09:05:32.5943403Z shell: /usr/bin/bash --noprofile --norc -e -o pipefail {0}
2026-10-07T09:05:32.5943845Z env:
2026-10-07T09:05:32.5944031Z   GODOT_VERSION: 4.7-stable
2026-10-07T09:05:32.5944240Z ##[endgroup]
2026-10-07T09:05:32.6202184Z Godot Engine v4.7.stable.official.5b4e0cb0f - https://godotengine.org
2026-10-07T09:05:32.6435701Z 
2026-10-07T09:05:34.2601816Z [   0% ] [90m[1mfirst_scan_filesystem[22m | Started Project initialization (5 steps)[39m[0m
2026-10-07T09:05:34.2602606Z [   0% ] [90m[1mfirst_scan_filesystem[22m | Scanning file structure...[39m[0m
2026-10-07T09:05:34.3161269Z [  16% ] [90m[1mfirst_scan_filesystem[22m | Loading global class names...[39m[0m
2026-10-07T09:05:34.6895657Z [  33% ] [90m[1mfirst_scan_filesystem[22m | Verifying GDExtensions...[39m[0m
2026-10-07T09:05:34.6897946Z [  50% ] [90m[1mfirst_scan_filesystem[22m | Creating autoload scripts...[39m[0m
2026-10-07T09:05:38.1005680Z [  66% ] [90m[1mfirst_scan_filesystem[22m | Initializing plugins...[39m[0m
2026-10-07T09:05:38.1009333Z [  83% ] [90m[1mfirst_scan_filesystem[22m | Starting file scan...[39m[0m
2026-10-07T09:05:38.1009845Z [92m[ DONE ][39m [1mfirst_scan_filesystem[22m
2026-10-07T09:05:38.1010103Z [0m
2026-10-07T09:05:38.5668967Z [   0% ] [90m[1m_update_scan_actions[22m | Started Scanning actions... (13 steps)[39m[0m
2026-10-07T09:05:38.5670131Z [   0% ] [90m[1m_update_scan_actions[22m | bramblebun_extracted_base_color.png[39m[0m
2026-10-07T09:05:38.5671789Z [   7% ] [90m[1m_update_scan_actions[22m | bramblebun_extracted_emissive.png[39m[0m
2026-10-07T09:05:38.5673316Z [  14% ] [90m[1m_update_scan_actions[22m | cragclaw_extracted_base_color.png[39m[0m
2026-10-07T09:05:38.5674970Z [  21% ] [90m[1m_update_scan_actions[22m | mangrove_monitor_extracted_base_color.png[39m[0m
2026-10-07T09:05:38.5676571Z [  28% ] [90m[1m_update_scan_actions[22m | mirejaw_extracted_base_color.png[39m[0m
2026-10-07T09:05:38.5678110Z [  35% ] [90m[1m_update_scan_actions[22m | mudsnout_extracted_base_color.png[39m[0m
2026-10-07T09:05:38.5679758Z [  42% ] [90m[1m_update_scan_actions[22m | mudsnout_extracted_emissive.png[39m[0m
2026-10-07T09:05:38.5681277Z [  50% ] [90m[1m_update_scan_actions[22m | riptusk_extracted_base_color.png[39m[0m
2026-10-07T09:05:38.5682831Z [  57% ] [90m[1m_update_scan_actions[22m | sirenseal_extracted_base_color.png[39m[0m
2026-10-07T09:05:38.5684367Z [  64% ] [90m[1m_update_scan_actions[22m | trailpup_extracted_base_color.png[39m[0m
2026-10-07T09:05:38.5686003Z [  71% ] [90m[1m_update_scan_actions[22m | trailpup_extracted_emissive.png[39m[0m
2026-10-07T09:05:38.5687551Z [  78% ] [90m[1m_update_scan_actions[22m | veridian_extracted_base_color.png[39m[0m
2026-10-07T09:05:38.5689146Z [  85% ] [90m[1m_update_scan_actions[22m | veridian_extracted_emissive.png[39m[0m
2026-10-07T09:05:38.5689601Z [92m[ DONE ][39m [1m_update_scan_actions[22m
2026-10-07T09:05:38.5689839Z [0m
2026-10-07T09:05:38.6466764Z [   0% ] [90m[1mloading_editor_layout[22m | Started Loading editor (5 steps)[39m[0m
2026-10-07T09:05:38.6467596Z [   0% ] [90m[1mloading_editor_layout[22m | Loading editor layout...[39m[0m
2026-10-07T09:05:38.6468333Z [  16% ] [90m[1mloading_editor_layout[22m | Loading docks...[39m[0m
2026-10-07T09:05:38.6468683Z [92m[ DONE ][39m [1mloading_editor_layout[22m
2026-10-07T09:05:38.6468928Z [0m
2026-10-07T09:05:39.4994420Z ##[end-action id=__self.__run_4;outcome=success;conclusion=success;duration_ms=6912]
2026-10-07T09:05:39.5037975Z ##[group]Run set -uo pipefail
2026-10-07T09:05:39.5038263Z [36;1mset -uo pipefail[0m
2026-10-07T09:05:39.5038510Z [36;1mexport XDG_DATA_HOME="$RUNNER_TEMP/userdata"[0m
2026-10-07T09:05:39.5038803Z [36;1mmkdir -p "$XDG_DATA_HOME" "$RUNNER_TEMP/out"[0m
2026-10-07T09:05:39.5039058Z [36;1mread -r -a user_args <<< "$ARGS"[0m
2026-10-07T09:05:39.5039290Z [36;1mextra=()[0m
2026-10-07T09:05:39.5039531Z [36;1m[ ${#user_args[@]} -gt 0 ] && extra=(-- "${user_args[@]}")[0m
2026-10-07T09:05:39.5039823Z [36;1mtouch "$RUNNER_TEMP/start_marker"[0m
2026-10-07T09:05:39.5040202Z [36;1mt0=$SECONDS[0m
2026-10-07T09:05:39.5040396Z [36;1mif [ "$MODE" = render ]; then[0m
2026-10-07T09:05:39.5040620Z [36;1m  driver=opengl3[0m
2026-10-07T09:05:39.5040892Z [36;1m  if [ "$RENDERING_METHOD" = forward_plus ]; then driver=vulkan; fi[0m
2026-10-07T09:05:39.5041254Z [36;1m  timeout "$((TMIN * 60))" xvfb-run -a -s "-screen 0 ${RES}x24" \[0m
2026-10-07T09:05:39.5041813Z [36;1m    godot --path . --rendering-method "$RENDERING_METHOD" --rendering-driver "$driver" --audio-driver Dummy --resolution "$RES" \[0m
2026-10-07T09:05:39.5042340Z [36;1m    --script "$SCRIPT" "${extra[@]}" > "$RUNNER_TEMP/out/run.log" 2>&1[0m
2026-10-07T09:05:39.5042629Z [36;1melse[0m
2026-10-07T09:05:39.5042852Z [36;1m  timeout "$((TMIN * 60))" godot --headless --path . \[0m
2026-10-07T09:05:39.5043181Z [36;1m    --script "$SCRIPT" "${extra[@]}" > "$RUNNER_TEMP/out/run.log" 2>&1[0m
2026-10-07T09:05:39.5043460Z [36;1mfi[0m
2026-10-07T09:05:39.5043620Z [36;1mrc=$?[0m
2026-10-07T09:05:39.5043888Z [36;1mecho "exit=$rc took=$((SECONDS - t0))s" | tee -a "$RUNNER_TEMP/out/run.log"[0m
2026-10-07T09:05:39.5044219Z [36;1mtail -60 "$RUNNER_TEMP/out/run.log"[0m
2026-10-07T09:05:39.5044480Z [36;1mecho "$rc" > "$RUNNER_TEMP/out/exit_code"[0m
2026-10-07T09:05:39.5101755Z shell: /usr/bin/bash -e {0}
2026-10-07T09:05:39.5101963Z env:
2026-10-07T09:05:39.5102139Z   GODOT_VERSION: 4.7-stable
2026-10-07T09:05:39.5102379Z   SCRIPT: tests/smoke_net_shared_wild_fight.gd
2026-10-07T09:05:39.5102621Z   ARGS: 
2026-10-07T09:05:39.5102781Z   RES: 1280x720
2026-10-07T09:05:39.5102945Z   TMIN: 30
2026-10-07T09:05:39.5103105Z   MODE: headless
2026-10-07T09:05:39.5103290Z   RENDERING_METHOD: gl_compatibility
2026-10-07T09:05:39.5103508Z ##[endgroup]
2026-10-07T09:07:35.8044234Z ##[error]Process completed with exit code 1.
2026-10-07T09:07:35.8097317Z ##[group]Run set -uo pipefail
2026-10-07T09:07:35.8097637Z [36;1mset -uo pipefail[0m
2026-10-07T09:07:35.8097842Z [36;1mout="$RUNNER_TEMP/out"[0m
2026-10-07T09:07:35.8098072Z [36;1mmkdir -p "$out/tree" "$out/user"[0m
2026-10-07T09:07:35.8098396Z [36;1m# Every file the run created or modified in the working tree,[0m
2026-10-07T09:07:35.8098765Z [36;1m# ignored paths (shots/ etc.) included, by mtime against a marker[0m
2026-10-07T09:07:35.8099138Z [36;1m# touched just before the run. NUL-separated, so any path is safe.[0m
2026-10-07T09:07:35.8099464Z [36;1mif [ -f "$RUNNER_TEMP/start_marker" ]; then[0m
2026-10-07T09:07:35.8099769Z [36;1m  find . \( -path ./.git -o -path ./.godot \) -prune -o \[0m
2026-10-07T09:07:35.8100096Z [36;1m    -type f -newer "$RUNNER_TEMP/start_marker" -print0 \[0m
2026-10-07T09:07:35.8100409Z [36;1m    | xargs -0 -r cp --parents -t "$out/tree/"[0m
2026-10-07T09:07:35.8100647Z [36;1mfi[0m
2026-10-07T09:07:35.8100918Z [36;1m# Bare native net smokes use /tmp/net-run-<unique invocation>.[0m
2026-10-07T09:07:35.8101294Z [36;1m# Retain this run's peer logs/saves without changing their runtime paths.[0m
2026-10-07T09:07:35.8101636Z [36;1mif [ -f "$RUNNER_TEMP/start_marker" ]; then[0m
2026-10-07T09:07:35.8101888Z [36;1m  mkdir -p "$out/net-runs"[0m
2026-10-07T09:07:35.8102230Z [36;1m  find /tmp -maxdepth 1 -type d -name 'net-run-*' -newer "$RUNNER_TEMP/start_marker" \[0m
2026-10-07T09:07:35.8102593Z [36;1m    -exec cp -a -- {} "$out/net-runs/" \;[0m
2026-10-07T09:07:35.8102827Z [36;1mfi[0m
2026-10-07T09:07:35.8103071Z [36;1m# user:// minus Godot's shader cache (tens of MB nobody reads).[0m
2026-10-07T09:07:35.8103507Z [36;1m(cd "$RUNNER_TEMP/userdata" 2>/dev/null && find . -path '*/shader_cache' -prune -o -type f -print0 \[0m
2026-10-07T09:07:35.8103931Z [36;1m  | xargs -0 -r cp --parents -t "$out/user/") || true[0m
2026-10-07T09:07:35.8104292Z [36;1m# A log-spamming script can write gigabytes (a capture tool once wrote[0m
2026-10-07T09:07:35.8104672Z [36;1m# ~12 GB of run.log and godot.log). Keep the first 5 MB and last 20 MB[0m
2026-10-07T09:07:35.8105020Z [36;1m# of any log over 25 MB so the artifact stays downloadable.[0m
2026-10-07T09:07:35.8105556Z [36;1mfind "$out" -type f -name '*.log' -size +25M -print0 | while IFS= read -r -d '' f; do[0m
2026-10-07T09:07:35.8106292Z [36;1m  { head -c 5000000 "$f"; printf '\n\n[... truncated by render.yml: %s bytes total ...]\n\n' "$(stat -c%s "$f")"; tail -c 20000000 "$f"; } > "$f.cut" && mv "$f.cut" "$f"[0m
2026-10-07T09:07:35.8106764Z [36;1mdone[0m
2026-10-07T09:07:35.8107029Z [36;1mfind "$out" -type f | sed "s|$out/||" | sort > "$out/MANIFEST.txt"[0m
2026-10-07T09:07:35.8107349Z [36;1mecho "files=$(wc -l < "$out/MANIFEST.txt")"[0m
2026-10-07T09:07:35.8162901Z shell: /usr/bin/bash -e {0}
2026-10-07T09:07:35.8163115Z env:
2026-10-07T09:07:35.8163284Z   GODOT_VERSION: 4.7-stable
2026-10-07T09:07:35.8163480Z ##[endgroup]
2026-10-07T09:07:35.8798185Z files=17
2026-10-07T09:07:35.8840385Z ##[group]Run actions/upload-artifact@v4
2026-10-07T09:07:35.8840631Z with:
2026-10-07T09:07:35.8840868Z   name: render-coord-probe-shared-wild-b8head-1-37597959402
2026-10-07T09:07:35.8841163Z   path: /home/runner/work/_temp/out/
2026-10-07T09:07:35.8841395Z   retention-days: 7
2026-10-07T09:07:35.8841576Z   if-no-files-found: warn
2026-10-07T09:07:35.8841773Z   compression-level: 6
2026-10-07T09:07:35.8841954Z   overwrite: false
2026-10-07T09:07:35.8842138Z   include-hidden-files: false
2026-10-07T09:07:35.8842338Z env:
2026-10-07T09:07:35.8842499Z   GODOT_VERSION: 4.7-stable
2026-10-07T09:07:35.8842692Z ##[endgroup]
2026-10-07T09:07:36.0200961Z (node:2342) [DEP0040] DeprecationWarning: The `punycode` module is deprecated. Please use a userland alternative instead.
2026-10-07T09:07:36.0201836Z (Use `node --trace-deprecation ...` to show where the warning was created)
2026-10-07T09:07:36.0330849Z With the provided path, there will be 17 files uploaded
2026-10-07T09:07:36.0335201Z Artifact name is valid!
2026-10-07T09:07:36.0335696Z Root directory input is valid!
2026-10-07T09:07:36.3544860Z Beginning upload of artifact content to blob storage
2026-10-07T09:07:36.4388827Z (node:2342) [DEP0169] DeprecationWarning: `url.parse()` behavior is not standardized and prone to errors that have security implications. Use the WHATWG URL API instead. CVEs are not issued for `url.parse()` vulnerabilities.
2026-10-07T09:07:37.0620680Z Uploaded bytes 1877742
2026-10-07T09:07:37.1278992Z Finished uploading artifact content to blob storage!
2026-10-07T09:07:37.1279513Z SHA256 digest of uploaded artifact zip is 0e4c42dc00a4b2f872877125aedf9e50389ae2cef47a956c29a057f9992a642a
2026-10-07T09:07:37.1281045Z Finalizing artifact upload
2026-10-07T09:07:37.3957899Z Artifact render-coord-probe-shared-wild-b8head-1-37597959402.zip successfully finalized. Artifact ID 11471137527
2026-10-07T09:07:37.3958896Z Artifact render-coord-probe-shared-wild-b8head-1-37597959402 has been successfully uploaded! Final size is 1877742 bytes. Artifact ID is 11471137527
2026-10-07T09:07:37.3965414Z Artifact download URL: https://github.com/MJohnsonWellabe/Tetherbound/actions/runs/37597959402/artifacts/11471137527
2026-10-07T09:07:37.4123869Z Post job cleanup.
2026-10-07T09:07:37.4127418Z ##[start-action display=Run actions/cache@v4;id=__4f209e2a-1bbf-41fa-bf38-d0a06c600fdc.__actions_cache]
2026-10-07T09:07:37.4129285Z ##[end-action id=__4f209e2a-1bbf-41fa-bf38-d0a06c600fdc.__actions_cache;outcome=skipped;conclusion=skipped;duration_ms=0]
2026-10-07T09:07:37.4130835Z ##[start-action display=Run actions/cache@v4;id=__4f209e2a-1bbf-41fa-bf38-d0a06c600fdc.cache-godot]
2026-10-07T09:07:37.4132387Z ##[end-action id=__4f209e2a-1bbf-41fa-bf38-d0a06c600fdc.cache-godot;outcome=skipped;conclusion=skipped;duration_ms=0]
2026-10-07T09:07:37.4181692Z Post job cleanup.
2026-10-07T09:07:37.4907335Z [command]/usr/bin/git version
2026-10-07T09:07:37.4943720Z git version 2.55.0
2026-10-07T09:07:37.4976061Z Temporarily overriding HOME='/home/runner/work/_temp/23a481be-deda-45d9-a641-f2b145d283bd' before making global git config changes
2026-10-07T09:07:37.4976838Z Adding repository directory to the temporary git global config as a safe directory
2026-10-07T09:07:37.4980830Z [command]/usr/bin/git config --global --add safe.directory /home/runner/work/Tetherbound/Tetherbound
2026-10-07T09:07:37.5013775Z [command]/usr/bin/git config --local --name-only --get-regexp core\.sshCommand
2026-10-07T09:07:37.5043179Z [command]/usr/bin/git submodule foreach --recursive sh -c "git config --local --name-only --get-regexp 'core\.sshCommand' && git config --local --unset-all 'core.sshCommand' || :"
2026-10-07T09:07:37.5286381Z [command]/usr/bin/git config --local --name-only --get-regexp http\.https\:\/\/github\.com\/\.extraheader
2026-10-07T09:07:37.5309605Z http.https://github.com/.extraheader
2026-10-07T09:07:37.5326045Z [command]/usr/bin/git config --local --unset-all http.https://github.com/.extraheader
2026-10-07T09:07:37.5361404Z [command]/usr/bin/git submodule foreach --recursive sh -c "git config --local --name-only --get-regexp 'http\.https\:\/\/github\.com\/\.extraheader' && git config --local --unset-all 'http.https://github.com/.extraheader' || :"
2026-10-07T09:07:37.5610477Z [command]/usr/bin/git config --local --name-only --get-regexp ^includeIf\.gitdir:
2026-10-07T09:07:37.5644266Z [command]/usr/bin/git submodule foreach --recursive git config --local --show-origin --name-only --get-regexp remote.origin.url
2026-10-07T09:07:37.6012102Z Cleaning up orphan processes
2026-10-07T09:07:37.6276701Z ##[warning]Node.js 20 is deprecated. The following actions target Node.js 20 but are being forced to run on Node.js 24: actions/cache@v4, actions/checkout@v4, actions/upload-artifact@v4. For more information see: https://github.blog/changelog/2025-09-19-deprecation-of-node-20-on-github-actions-runners/
