2026-10-01T11:21:04.2737739Z Current runner version: '2.337.0'
2026-10-01T11:21:04.2762409Z ##[group]Runner Image Provisioner
2026-10-01T11:21:04.2763393Z Hosted Compute Agent
2026-10-01T11:21:04.2763990Z Version: 20260901.588
2026-10-01T11:21:04.2764699Z Commit: f88ec8081b781fac6c440065ac7ff9e710ce3d0b
2026-10-01T11:21:04.2765481Z Build Date: 2026-09-01T19:56:44Z
2026-10-01T11:21:04.2766166Z Worker ID: {5a17cdfc-eed7-4c6f-b121-fc6aa934de67}
2026-10-01T11:21:04.2766933Z Azure Region: westus
2026-10-01T11:21:04.2767500Z ##[endgroup]
2026-10-01T11:21:04.2769303Z ##[group]Operating System
2026-10-01T11:21:04.2770132Z Ubuntu
2026-10-01T11:21:04.2770659Z 24.04.5
2026-10-01T11:21:04.2771219Z LTS
2026-10-01T11:21:04.2772144Z ##[endgroup]
2026-10-01T11:21:04.2772692Z ##[group]Runner Image
2026-10-01T11:21:04.2773425Z Image: ubuntu-24.04
2026-10-01T11:21:04.2773986Z Version: 20260927.320.1
2026-10-01T11:21:04.2775286Z Included Software: https://github.com/actions/runner-images/blob/ubuntu24/20260927.320/images/ubuntu/Ubuntu2404-Readme.md
2026-10-01T11:21:04.2776829Z Image Release: https://github.com/actions/runner-images/releases/tag/ubuntu24%2F20260927.320
2026-10-01T11:21:04.2777888Z ##[endgroup]
2026-10-01T11:21:04.2780931Z ##[group]GITHUB_TOKEN Permissions
2026-10-01T11:21:04.2783342Z Actions: write
2026-10-01T11:21:04.2783978Z ArtifactMetadata: write
2026-10-01T11:21:04.2784712Z Attestations: write
2026-10-01T11:21:04.2785286Z Checks: write
2026-10-01T11:21:04.2785823Z CodeQuality: write
2026-10-01T11:21:04.2786443Z Contents: write
2026-10-01T11:21:04.2786990Z CopilotRequests: write
2026-10-01T11:21:04.2787599Z Deployments: write
2026-10-01T11:21:04.2788196Z Discussions: write
2026-10-01T11:21:04.2788760Z Drives: write
2026-10-01T11:21:04.2789343Z Issues: write
2026-10-01T11:21:04.2789875Z Metadata: read
2026-10-01T11:21:04.2790574Z Models: read
2026-10-01T11:21:04.2791445Z Packages: write
2026-10-01T11:21:04.2792063Z Pages: write
2026-10-01T11:21:04.2792671Z PullRequests: write
2026-10-01T11:21:04.2793285Z RepositoryProjects: write
2026-10-01T11:21:04.2794001Z SecurityEvents: write
2026-10-01T11:21:04.2794605Z Statuses: write
2026-10-01T11:21:04.2795157Z VulnerabilityAlerts: read
2026-10-01T11:21:04.2795787Z ##[endgroup]
2026-10-01T11:21:04.2797882Z Secret source: Actions
2026-10-01T11:21:04.2798958Z Cache mode: write
2026-10-01T11:21:04.2799669Z Prepare workflow directory
2026-10-01T11:21:04.3216633Z Prepare all required actions
2026-10-01T11:21:04.3265029Z Getting action download info
2026-10-01T11:21:04.7045858Z Download action repository 'actions/checkout@v4' (SHA:11d5960a326750d5838078e36cf38b85af677262)
2026-10-01T11:21:04.9068817Z Complete job name: verify-gate-evidence-shard
2026-10-01T11:21:04.9880452Z ##[group]Run actions/checkout@v4
2026-10-01T11:21:04.9881611Z with:
2026-10-01T11:21:04.9882114Z   filter: blob:none
2026-10-01T11:21:04.9882602Z   sparse-checkout-cone-mode: false
2026-10-01T11:21:04.9883346Z   sparse-checkout: /*
!/ralph/
!/docs/
!/shots/
!/assets_raw/
!/archive/

2026-10-01T11:21:04.9884126Z   repository: MJohnsonWellabe/Tetherbound
2026-10-01T11:21:04.9887821Z   token: ***
2026-10-01T11:21:04.9888246Z   ssh-strict: true
2026-10-01T11:21:04.9888709Z   ssh-user: git
2026-10-01T11:21:04.9889152Z   persist-credentials: true
2026-10-01T11:21:04.9889667Z   clean: true
2026-10-01T11:21:04.9890087Z   fetch-depth: 1
2026-10-01T11:21:04.9890566Z   fetch-tags: false
2026-10-01T11:21:04.9891008Z   show-progress: true
2026-10-01T11:21:04.9891641Z   lfs: false
2026-10-01T11:21:04.9892061Z   submodules: false
2026-10-01T11:21:04.9892504Z   set-safe-directory: true
2026-10-01T11:21:04.9893010Z   allow-unsafe-pr-checkout: false
2026-10-01T11:21:04.9893801Z env:
2026-10-01T11:21:04.9894264Z   GODOT_VERSION: 4.7-stable
2026-10-01T11:21:04.9894744Z ##[endgroup]
2026-10-01T11:21:05.0896435Z Syncing repository: MJohnsonWellabe/Tetherbound
2026-10-01T11:21:05.0899463Z ##[group]Getting Git version info
2026-10-01T11:21:05.0900751Z Working directory is '/home/runner/work/Tetherbound/Tetherbound'
2026-10-01T11:21:05.0902849Z [command]/usr/bin/git version
2026-10-01T11:21:05.1002971Z git version 2.55.0
2026-10-01T11:21:05.1028227Z ##[endgroup]
2026-10-01T11:21:05.1044935Z Temporarily overriding HOME='/home/runner/work/_temp/df223051-e6b8-4986-8191-f263d4646c4c' before making global git config changes
2026-10-01T11:21:05.1047673Z Adding repository directory to the temporary git global config as a safe directory
2026-10-01T11:21:05.1058799Z [command]/usr/bin/git config --global --add safe.directory /home/runner/work/Tetherbound/Tetherbound
2026-10-01T11:21:05.1107892Z Deleting the contents of '/home/runner/work/Tetherbound/Tetherbound'
2026-10-01T11:21:05.1112109Z ##[group]Initializing the repository
2026-10-01T11:21:05.1116231Z [command]/usr/bin/git init /home/runner/work/Tetherbound/Tetherbound
2026-10-01T11:21:05.1243253Z hint: Using 'master' as the name for the initial branch. This default branch name
2026-10-01T11:21:05.1245020Z hint: will change to "main" in Git 3.0. To configure the initial branch name
2026-10-01T11:21:05.1246838Z hint: to use in all of your new repositories, which will suppress this warning,
2026-10-01T11:21:05.1248562Z hint: call:
2026-10-01T11:21:05.1249312Z hint:
2026-10-01T11:21:05.1250155Z hint: 	git config --global init.defaultBranch <name>
2026-10-01T11:21:05.1251139Z hint:
2026-10-01T11:21:05.1252319Z hint: Names commonly chosen instead of 'master' are 'main', 'trunk' and
2026-10-01T11:21:05.1253856Z hint: 'development'. The just-created branch can be renamed via this command:
2026-10-01T11:21:05.1255105Z hint:
2026-10-01T11:21:05.1255747Z hint: 	git branch -m <name>
2026-10-01T11:21:05.1256489Z hint:
2026-10-01T11:21:05.1257564Z hint: Disable this message with "git config set advice.defaultBranchName false"
2026-10-01T11:21:05.1259317Z Initialized empty Git repository in /home/runner/work/Tetherbound/Tetherbound/.git/
2026-10-01T11:21:05.1262518Z [command]/usr/bin/git remote add origin https://github.com/MJohnsonWellabe/Tetherbound
2026-10-01T11:21:05.1318028Z ##[endgroup]
2026-10-01T11:21:05.1319241Z ##[group]Disabling automatic garbage collection
2026-10-01T11:21:05.1321130Z [command]/usr/bin/git config --local gc.auto 0
2026-10-01T11:21:05.1355302Z ##[endgroup]
2026-10-01T11:21:05.1356500Z ##[group]Setting up auth
2026-10-01T11:21:05.1363239Z [command]/usr/bin/git config --local --name-only --get-regexp core\.sshCommand
2026-10-01T11:21:05.1398343Z [command]/usr/bin/git submodule foreach --recursive sh -c "git config --local --name-only --get-regexp 'core\.sshCommand' && git config --local --unset-all 'core.sshCommand' || :"
2026-10-01T11:21:05.1803233Z [command]/usr/bin/git config --local --name-only --get-regexp http\.https\:\/\/github\.com\/\.extraheader
2026-10-01T11:21:05.1847548Z [command]/usr/bin/git submodule foreach --recursive sh -c "git config --local --name-only --get-regexp 'http\.https\:\/\/github\.com\/\.extraheader' && git config --local --unset-all 'http.https://github.com/.extraheader' || :"
2026-10-01T11:21:05.2088516Z [command]/usr/bin/git config --local --name-only --get-regexp ^includeIf\.gitdir:
2026-10-01T11:21:05.2129022Z [command]/usr/bin/git submodule foreach --recursive git config --local --show-origin --name-only --get-regexp remote.origin.url
2026-10-01T11:21:05.2367389Z [command]/usr/bin/git config --local http.https://github.com/.extraheader AUTHORIZATION: basic ***
2026-10-01T11:21:05.2419933Z ##[endgroup]
2026-10-01T11:21:05.2422359Z ##[group]Fetching the repository
2026-10-01T11:21:05.2429336Z [command]/usr/bin/git -c protocol.version=2 fetch --no-tags --prune --no-recurse-submodules --filter=blob:none --depth=1 origin +d87a50cd15f13b00ca19dcbad4a69e5c39814184:refs/remotes/pull/519/merge
2026-10-01T11:21:06.5813958Z From https://github.com/MJohnsonWellabe/Tetherbound
2026-10-01T11:21:06.5823563Z  * [new ref]         d87a50cd15f13b00ca19dcbad4a69e5c39814184 -> pull/519/merge
2026-10-01T11:21:06.5828469Z ##[endgroup]
2026-10-01T11:21:06.5830590Z ##[group]Determining the checkout info
2026-10-01T11:21:06.5832912Z ##[endgroup]
2026-10-01T11:21:06.5834477Z ##[group]Setting up sparse checkout
2026-10-01T11:21:06.5836491Z [command]/usr/bin/git config core.sparseCheckout true
2026-10-01T11:21:06.5883797Z [command]/usr/bin/git rev-parse --git-path info/sparse-checkout
2026-10-01T11:21:06.5911928Z .git/info/sparse-checkout
2026-10-01T11:21:06.5921837Z ##[endgroup]
2026-10-01T11:21:06.5923287Z ##[group]Checking out the ref
2026-10-01T11:21:06.5928287Z [command]/usr/bin/git checkout --progress --force refs/remotes/pull/519/merge
2026-10-01T11:22:39.3173046Z Updating files:   0% (1/9822)
2026-10-01T11:22:39.3475287Z Updating files:   1% (99/9822)
2026-10-01T11:22:39.3965522Z Updating files:   2% (197/9822)
2026-10-01T11:22:39.4030981Z Updating files:   3% (295/9822)
2026-10-01T11:22:39.4100244Z Updating files:   4% (393/9822)
2026-10-01T11:22:39.4349559Z Updating files:   5% (492/9822)
2026-10-01T11:22:39.5075950Z Updating files:   6% (590/9822)
2026-10-01T11:22:39.8148692Z Updating files:   7% (688/9822)
2026-10-01T11:22:39.9722349Z Updating files:   7% (754/9822)
2026-10-01T11:22:40.2658217Z Updating files:   8% (786/9822)
2026-10-01T11:22:40.5443022Z Updating files:   9% (884/9822)
2026-10-01T11:22:40.6633366Z Updating files:  10% (983/9822)
2026-10-01T11:22:40.8161790Z Updating files:  11% (1081/9822)
2026-10-01T11:22:40.8393183Z Updating files:  11% (1158/9822)
2026-10-01T11:22:41.0632575Z Updating files:  12% (1179/9822)
2026-10-01T11:22:41.1747857Z Updating files:  13% (1277/9822)
2026-10-01T11:22:41.4136121Z Updating files:  14% (1376/9822)
2026-10-01T11:22:41.5825697Z Updating files:  15% (1474/9822)
2026-10-01T11:22:41.7478390Z Updating files:  16% (1572/9822)
2026-10-01T11:22:41.8162076Z Updating files:  17% (1670/9822)
2026-10-01T11:22:42.0449830Z Updating files:  17% (1698/9822)
2026-10-01T11:22:42.2599017Z Updating files:  18% (1768/9822)
2026-10-01T11:22:42.4856834Z Updating files:  19% (1867/9822)
2026-10-01T11:22:42.6721968Z Updating files:  20% (1965/9822)
2026-10-01T11:22:42.7576243Z Updating files:  21% (2063/9822)
2026-10-01T11:22:42.8379438Z Updating files:  22% (2161/9822)
2026-10-01T11:22:42.8853050Z Updating files:  22% (2180/9822)
2026-10-01T11:22:42.8993271Z Updating files:  23% (2260/9822)
2026-10-01T11:22:42.9891539Z Updating files:  24% (2358/9822)
2026-10-01T11:22:43.0816293Z Updating files:  25% (2456/9822)
2026-10-01T11:22:43.3610257Z Updating files:  26% (2554/9822)
2026-10-01T11:22:43.3730882Z Updating files:  27% (2652/9822)
2026-10-01T11:22:43.4552562Z Updating files:  28% (2751/9822)
2026-10-01T11:22:43.5759988Z Updating files:  29% (2849/9822)
2026-10-01T11:22:43.5876835Z Updating files:  30% (2947/9822)
2026-10-01T11:22:43.5915162Z Updating files:  31% (3045/9822)
2026-10-01T11:22:43.6196367Z Updating files:  32% (3144/9822)
2026-10-01T11:22:43.7172541Z Updating files:  33% (3242/9822)
2026-10-01T11:22:43.7263098Z Updating files:  34% (3340/9822)
2026-10-01T11:22:43.7342875Z Updating files:  35% (3438/9822)
2026-10-01T11:22:43.7427116Z Updating files:  36% (3536/9822)
2026-10-01T11:22:43.7506403Z Updating files:  37% (3635/9822)
2026-10-01T11:22:43.7656547Z Updating files:  38% (3733/9822)
2026-10-01T11:22:43.7748763Z Updating files:  39% (3831/9822)
2026-10-01T11:22:43.7900101Z Updating files:  40% (3929/9822)
2026-10-01T11:22:43.8104387Z Updating files:  41% (4028/9822)
2026-10-01T11:22:43.8419098Z Updating files:  41% (4079/9822)
2026-10-01T11:22:43.8894310Z Updating files:  42% (4126/9822)
2026-10-01T11:22:43.9294025Z Updating files:  43% (4224/9822)
2026-10-01T11:22:43.9395203Z Updating files:  44% (4322/9822)
2026-10-01T11:22:43.9897937Z Updating files:  45% (4420/9822)
2026-10-01T11:22:44.0523022Z Updating files:  46% (4519/9822)
2026-10-01T11:22:44.1415643Z Updating files:  47% (4617/9822)
2026-10-01T11:22:44.1497599Z Updating files:  48% (4715/9822)
2026-10-01T11:22:44.1571621Z Updating files:  49% (4813/9822)
2026-10-01T11:22:44.1647647Z Updating files:  50% (4911/9822)
2026-10-01T11:22:44.1727530Z Updating files:  51% (5010/9822)
2026-10-01T11:22:44.1818887Z Updating files:  52% (5108/9822)
2026-10-01T11:22:44.1895230Z Updating files:  53% (5206/9822)
2026-10-01T11:22:44.1984972Z Updating files:  54% (5304/9822)
2026-10-01T11:22:44.2069780Z Updating files:  55% (5403/9822)
2026-10-01T11:22:44.2148046Z Updating files:  56% (5501/9822)
2026-10-01T11:22:44.2209780Z Updating files:  57% (5599/9822)
2026-10-01T11:22:44.2559548Z Updating files:  58% (5697/9822)
2026-10-01T11:22:44.2636462Z Updating files:  59% (5795/9822)
2026-10-01T11:22:44.2702035Z Updating files:  60% (5894/9822)
2026-10-01T11:22:44.2764708Z Updating files:  61% (5992/9822)
2026-10-01T11:22:44.2832239Z Updating files:  62% (6090/9822)
2026-10-01T11:22:44.2905556Z Updating files:  63% (6188/9822)
2026-10-01T11:22:44.2967738Z Updating files:  64% (6287/9822)
2026-10-01T11:22:44.3035834Z Updating files:  65% (6385/9822)
2026-10-01T11:22:44.3107582Z Updating files:  66% (6483/9822)
2026-10-01T11:22:44.3175771Z Updating files:  67% (6581/9822)
2026-10-01T11:22:44.3238281Z Updating files:  68% (6679/9822)
2026-10-01T11:22:44.3297637Z Updating files:  69% (6778/9822)
2026-10-01T11:22:44.3353479Z Updating files:  70% (6876/9822)
2026-10-01T11:22:44.3414249Z Updating files:  71% (6974/9822)
2026-10-01T11:22:44.3472490Z Updating files:  72% (7072/9822)
2026-10-01T11:22:44.3526505Z Updating files:  73% (7171/9822)
2026-10-01T11:22:44.3590662Z Updating files:  74% (7269/9822)
2026-10-01T11:22:44.3640207Z Updating files:  75% (7367/9822)
2026-10-01T11:22:44.3699403Z Updating files:  76% (7465/9822)
2026-10-01T11:22:44.3759266Z Updating files:  77% (7563/9822)
2026-10-01T11:22:44.3815810Z Updating files:  78% (7662/9822)
2026-10-01T11:22:44.3872089Z Updating files:  79% (7760/9822)
2026-10-01T11:22:44.3937800Z Updating files:  80% (7858/9822)
2026-10-01T11:22:44.3987148Z Updating files:  81% (7956/9822)
2026-10-01T11:22:44.4035530Z Updating files:  82% (8055/9822)
2026-10-01T11:22:44.4085627Z Updating files:  83% (8153/9822)
2026-10-01T11:22:44.4133236Z Updating files:  84% (8251/9822)
2026-10-01T11:22:44.4183066Z Updating files:  85% (8349/9822)
2026-10-01T11:22:44.4231431Z Updating files:  86% (8447/9822)
2026-10-01T11:22:44.4278675Z Updating files:  87% (8546/9822)
2026-10-01T11:22:44.4327279Z Updating files:  88% (8644/9822)
2026-10-01T11:22:44.4410574Z Updating files:  89% (8742/9822)
2026-10-01T11:22:44.4477599Z Updating files:  90% (8840/9822)
2026-10-01T11:22:44.4536337Z Updating files:  91% (8939/9822)
2026-10-01T11:22:44.4600108Z Updating files:  92% (9037/9822)
2026-10-01T11:22:44.4664473Z Updating files:  93% (9135/9822)
2026-10-01T11:22:44.4734724Z Updating files:  94% (9233/9822)
2026-10-01T11:22:44.4892302Z Updating files:  95% (9331/9822)
2026-10-01T11:22:44.4979370Z Updating files:  96% (9430/9822)
2026-10-01T11:22:44.5039113Z Updating files:  97% (9528/9822)
2026-10-01T11:22:44.5105497Z Updating files:  98% (9626/9822)
2026-10-01T11:22:44.5173862Z Updating files:  99% (9724/9822)
2026-10-01T11:22:44.5174507Z Updating files: 100% (9822/9822)
2026-10-01T11:22:44.5174911Z Updating files: 100% (9822/9822), done.
2026-10-01T11:22:44.6401502Z Note: switching to 'refs/remotes/pull/519/merge'.
2026-10-01T11:22:44.6402349Z 
2026-10-01T11:22:44.6402924Z You are in 'detached HEAD' state. You can look around, make experimental
2026-10-01T11:22:44.6404159Z changes and commit them, and you can discard any commits you make in this
2026-10-01T11:22:44.6405517Z state without impacting any branches by switching back to a branch.
2026-10-01T11:22:44.6406331Z 
2026-10-01T11:22:44.6406772Z If you want to create a new branch to retain commits you create, you may
2026-10-01T11:22:44.6407875Z do so (now or later) by using -c with the switch command. Example:
2026-10-01T11:22:44.6408658Z 
2026-10-01T11:22:44.6408944Z   git switch -c <new-branch-name>
2026-10-01T11:22:44.6409460Z 
2026-10-01T11:22:44.6409759Z Or undo this operation with:
2026-10-01T11:22:44.6410223Z 
2026-10-01T11:22:44.6410464Z   git switch -
2026-10-01T11:22:44.6410781Z 
2026-10-01T11:22:44.6411603Z Turn off this advice by setting config variable advice.detachedHead to false
2026-10-01T11:22:44.6412224Z 
2026-10-01T11:22:44.6412896Z HEAD is now at d87a50c Merge a795173a3c82058e0bef9558a5ab83487dbe0e1a into 30fcc38fc591d5df3a7cfb122b9da58445467021
2026-10-01T11:22:44.6706629Z ##[endgroup]
2026-10-01T11:22:44.6750364Z [command]/usr/bin/git log -1 --format=%H
2026-10-01T11:22:44.6778887Z d87a50cd15f13b00ca19dcbad4a69e5c39814184
2026-10-01T11:22:44.7086359Z Prepare all required actions
2026-10-01T11:22:44.7086959Z Getting action download info
2026-10-01T11:22:45.0241933Z Download action repository 'actions/cache@v4' (SHA:0057852bfaa89a56745cba8c7296529d2fc39830)
2026-10-01T11:22:45.2057350Z ##[group]Run ./.github/actions/setup-godot
2026-10-01T11:22:45.2057655Z env:
2026-10-01T11:22:45.2057857Z   GODOT_VERSION: 4.7-stable
2026-10-01T11:22:45.2058095Z ##[endgroup]
2026-10-01T11:22:45.2115609Z ##[start-action display=Run actions/cache@v4;id=__self.cache-godot]
2026-10-01T11:22:45.2195963Z ##[group]Run actions/cache@v4
2026-10-01T11:22:45.2196222Z with:
2026-10-01T11:22:45.2196485Z   path: ~/godot-bin
~/.local/share/godot/export_templates

2026-10-01T11:22:45.2196816Z   key: godot-4.7-stable
2026-10-01T11:22:45.2197068Z   enableCrossOsArchive: false
2026-10-01T11:22:45.2197316Z   fail-on-cache-miss: false
2026-10-01T11:22:45.2197547Z   lookup-only: false
2026-10-01T11:22:45.2197758Z   save-always: false
2026-10-01T11:22:45.2197995Z env:
2026-10-01T11:22:45.2198184Z   GODOT_VERSION: 4.7-stable
2026-10-01T11:22:45.2198404Z ##[endgroup]
2026-10-01T11:22:45.3265208Z (node:2339) [DEP0040] DeprecationWarning: The `punycode` module is deprecated. Please use a userland alternative instead.
2026-10-01T11:22:45.3266198Z (Use `node --trace-deprecation ...` to show where the warning was created)
2026-10-01T11:22:45.5806736Z Cache hit for: godot-4.7-stable
2026-10-01T11:22:45.5935590Z (node:2339) [DEP0169] DeprecationWarning: `url.parse()` behavior is not standardized and prone to errors that have security implications. Use the WHATWG URL API instead. CVEs are not issued for `url.parse()` vulnerabilities.
2026-10-01T11:22:46.8486175Z Received 4194304 of 1334936170 (0.3%), 4.0 MBs/sec
2026-10-01T11:22:47.8493691Z Received 134217728 of 1334936170 (10.1%), 64.0 MBs/sec
2026-10-01T11:22:48.8513614Z Received 268435456 of 1334936170 (20.1%), 85.2 MBs/sec
2026-10-01T11:22:49.8522009Z Received 398458880 of 1334936170 (29.8%), 94.9 MBs/sec
2026-10-01T11:22:50.8524759Z Received 494927872 of 1334936170 (37.1%), 94.3 MBs/sec
2026-10-01T11:22:51.8579245Z Received 662700032 of 1334936170 (49.6%), 105.2 MBs/sec
2026-10-01T11:22:52.8552626Z Received 796917760 of 1334936170 (59.7%), 108.5 MBs/sec
2026-10-01T11:22:53.8572281Z Received 931135488 of 1334936170 (69.8%), 110.9 MBs/sec
2026-10-01T11:22:54.8542478Z Received 1069547520 of 1334936170 (80.1%), 113.3 MBs/sec
2026-10-01T11:22:55.8557121Z Received 1203765248 of 1334936170 (90.2%), 114.7 MBs/sec
2026-10-01T11:22:56.8682474Z Received 1334936170 of 1334936170 (100.0%), 115.5 MBs/sec
2026-10-01T11:22:56.8685320Z Cache Size: ~1273 MB (1334936170 B)
2026-10-01T11:22:56.8831814Z [command]/usr/bin/tar -xf /home/runner/work/_temp/d2fd1202-002d-4cde-bd52-6457b66335e6/cache.tzst -P -C /home/runner/work/Tetherbound/Tetherbound --use-compress-program unzstd
2026-10-01T11:23:00.4870767Z Cache restored successfully
2026-10-01T11:23:00.7494715Z Cache restored from key: godot-4.7-stable
2026-10-01T11:23:00.7633970Z ##[end-action id=__self.cache-godot;outcome=success;conclusion=success;duration_ms=15551]
2026-10-01T11:23:00.7639529Z ##[start-action display=Run set -euo pipefail;id=__self.__run]
2026-10-01T11:23:00.7659531Z ##[end-action id=__self.__run;outcome=skipped;conclusion=skipped;duration_ms=0]
2026-10-01T11:23:00.7662170Z ##[start-action display=Run echo "$HOME/godot-bin" >> "$GITHUB_PATH";id=__self.__run_2]
2026-10-01T11:23:00.7697584Z ##[group]Run echo "$HOME/godot-bin" >> "$GITHUB_PATH"
2026-10-01T11:23:00.7698003Z [36;1mecho "$HOME/godot-bin" >> "$GITHUB_PATH"[0m
2026-10-01T11:23:01.9809751Z shell: /usr/bin/bash --noprofile --norc -e -o pipefail {0}
2026-10-01T11:23:01.9810287Z env:
2026-10-01T11:23:01.9810574Z   GODOT_VERSION: 4.7-stable
2026-10-01T11:23:01.9810921Z ##[endgroup]
2026-10-01T11:23:02.0984498Z ##[end-action id=__self.__run_2;outcome=success;conclusion=success;duration_ms=1332]
2026-10-01T11:23:02.0987080Z ##[start-action display=Run actions/cache@v4;id=__self.__actions_cache]
2026-10-01T11:23:03.5086556Z ##[group]Run actions/cache@v4
2026-10-01T11:23:03.5086829Z with:
2026-10-01T11:23:03.5087031Z   path: .godot
2026-10-01T11:23:03.5087449Z   key: import-4.7-stable-899650733855cc8c1e09d43c24b8f7e8bf86c6f032a796c0e659538fd1bf2df8
2026-10-01T11:23:03.5087964Z   restore-keys: import-4.7-stable-
2026-10-01T11:23:03.5088252Z   enableCrossOsArchive: false
2026-10-01T11:23:03.5088517Z   fail-on-cache-miss: false
2026-10-01T11:23:03.5088764Z   lookup-only: false
2026-10-01T11:23:03.5088993Z   save-always: false
2026-10-01T11:23:03.5089204Z env:
2026-10-01T11:23:03.5089399Z   GODOT_VERSION: 4.7-stable
2026-10-01T11:23:03.5089631Z ##[endgroup]
2026-10-01T11:23:03.6179247Z (node:2370) [DEP0040] DeprecationWarning: The `punycode` module is deprecated. Please use a userland alternative instead.
2026-10-01T11:23:03.6180190Z (Use `node --trace-deprecation ...` to show where the warning was created)
2026-10-01T11:23:03.8642961Z Cache hit for restore-key: import-4.7-stable-69244f4b8db07740bf049a593af836d1b2a39972a0e2d96c9348da42af1870eb
2026-10-01T11:23:03.8753764Z (node:2370) [DEP0169] DeprecationWarning: `url.parse()` behavior is not standardized and prone to errors that have security implications. Use the WHATWG URL API instead. CVEs are not issued for `url.parse()` vulnerabilities.
2026-10-01T11:23:05.1460012Z Received 4194304 of 1697997129 (0.2%), 4.0 MBs/sec
2026-10-01T11:23:06.1512433Z Received 109051904 of 1697997129 (6.4%), 51.9 MBs/sec
2026-10-01T11:23:07.1487597Z Received 230686720 of 1697997129 (13.6%), 73.3 MBs/sec
2026-10-01T11:23:08.1490130Z Received 339738624 of 1697997129 (20.0%), 80.9 MBs/sec
2026-10-01T11:23:09.1511123Z Received 473956352 of 1697997129 (27.9%), 90.3 MBs/sec
2026-10-01T11:23:10.1505211Z Received 599785472 of 1697997129 (35.3%), 95.3 MBs/sec
2026-10-01T11:23:11.1501728Z Received 721420288 of 1697997129 (42.5%), 98.2 MBs/sec
2026-10-01T11:23:12.1513867Z Received 847249408 of 1697997129 (49.9%), 100.9 MBs/sec
2026-10-01T11:23:13.1524010Z Received 973078528 of 1697997129 (57.3%), 103.0 MBs/sec
2026-10-01T11:23:14.1527375Z Received 1073741824 of 1697997129 (63.2%), 102.3 MBs/sec
2026-10-01T11:23:15.1550281Z Received 1207959552 of 1697997129 (71.1%), 104.7 MBs/sec
2026-10-01T11:23:16.1542508Z Received 1312817152 of 1697997129 (77.3%), 104.3 MBs/sec
2026-10-01T11:23:17.1548384Z Received 1421869056 of 1697997129 (83.7%), 104.2 MBs/sec
2026-10-01T11:23:18.1556316Z Received 1505755136 of 1697997129 (88.7%), 102.5 MBs/sec
2026-10-01T11:23:19.1565012Z Received 1610612736 of 1697997129 (94.9%), 102.3 MBs/sec
2026-10-01T11:23:20.0556725Z Received 1697997129 of 1697997129 (100.0%), 101.8 MBs/sec
2026-10-01T11:23:20.0562193Z Cache Size: ~1619 MB (1697997129 B)
2026-10-01T11:23:20.0689828Z [command]/usr/bin/tar -xf /home/runner/work/_temp/559009e4-8f6e-4806-8668-a7b13106a8c3/cache.tzst -P -C /home/runner/work/Tetherbound/Tetherbound --use-compress-program unzstd
2026-10-01T11:23:23.6825871Z Cache restored successfully
2026-10-01T11:23:24.0504109Z Cache restored from key: import-4.7-stable-69244f4b8db07740bf049a593af836d1b2a39972a0e2d96c9348da42af1870eb
2026-10-01T11:23:24.0618330Z ##[end-action id=__self.__actions_cache;outcome=success;conclusion=success;duration_ms=21963]
2026-10-01T11:23:24.0622564Z ##[start-action display=Run godot --headless --path . --import || true;id=__self.__run_3]
2026-10-01T11:23:24.0643179Z ##[group]Run godot --headless --path . --import || true
2026-10-01T11:23:24.0643618Z [36;1mgodot --headless --path . --import || true[0m
2026-10-01T11:23:24.0707031Z shell: /usr/bin/bash --noprofile --norc -e -o pipefail {0}
2026-10-01T11:23:24.0707454Z env:
2026-10-01T11:23:24.0707695Z   GODOT_VERSION: 4.7-stable
2026-10-01T11:23:24.0707983Z ##[endgroup]
2026-10-01T11:23:25.1155089Z Godot Engine v4.7.stable.official.5b4e0cb0f - https://godotengine.org
2026-10-01T11:23:25.1723303Z 
2026-10-01T11:23:31.0414319Z [   0% ] [90m[1mfirst_scan_filesystem[22m | Started Project initialization (5 steps)[39m[0m
2026-10-01T11:23:31.0415998Z [   0% ] [90m[1mfirst_scan_filesystem[22m | Scanning file structure...[39m[0m
2026-10-01T11:23:31.0943396Z [  16% ] [90m[1mfirst_scan_filesystem[22m | Loading global class names...[39m[0m
2026-10-01T11:23:31.4862615Z [  33% ] [90m[1mfirst_scan_filesystem[22m | Verifying GDExtensions...[39m[0m
2026-10-01T11:23:31.4863891Z [  50% ] [90m[1mfirst_scan_filesystem[22m | Creating autoload scripts...[39m[0m
2026-10-01T11:23:33.1237680Z [  66% ] [90m[1mfirst_scan_filesystem[22m | Initializing plugins...[39m[0m
2026-10-01T11:23:33.1251522Z [  83% ] [90m[1mfirst_scan_filesystem[22m | Starting file scan...[39m[0m
2026-10-01T11:23:33.1252670Z [92m[ DONE ][39m [1mfirst_scan_filesystem[22m
2026-10-01T11:23:33.1253120Z [0m
2026-10-01T11:23:38.7065502Z [   0% ] [90m[1mupdate_scripts_classes[22m | Started Registering global classes... (2712 steps)[39m[0m
2026-10-01T11:23:38.7066991Z [   0% ] [90m[1mupdate_scripts_classes[22m | [39m[0m
2026-10-01T11:23:38.7067853Z [   0% ] [90m[1mupdate_scripts_classes[22m | [39m[0m
2026-10-01T11:23:38.7068788Z [   0% ] [90m[1mupdate_scripts_classes[22m | [39m[0m
2026-10-01T11:23:38.7069662Z [   0% ] [90m[1mupdate_scripts_classes[22m | [39m[0m
2026-10-01T11:23:38.7070560Z [   0% ] [90m[1mupdate_scripts_classes[22m | [39m[0m
2026-10-01T11:23:38.7071698Z [   0% ] [90m[1mupdate_scripts_classes[22m | [39m[0m
2026-10-01T11:23:38.7072617Z [   0% ] [90m[1mupdate_scripts_classes[22m | [39m[0m
2026-10-01T11:23:38.7092371Z [   0% ] [90m[1mupdate_scripts_classes[22m | [39m[0m
2026-10-01T11:23:38.7093175Z [   0% ] [90m[1mupdate_scripts_classes[22m | DoubleSlider[39m[0m
2026-10-01T11:23:38.7093921Z [   0% ] [90m[1mupdate_scripts_classes[22m | [39m[0m
2026-10-01T11:23:38.7094586Z [   0% ] [90m[1mupdate_scripts_classes[22m | [39m[0m
2026-10-01T11:23:38.7095276Z [   0% ] [90m[1mupdate_scripts_classes[22m | [39m[0m
2026-10-01T11:23:38.7095931Z [   0% ] [90m[1mupdate_scripts_classes[22m | [39m[0m
2026-10-01T11:23:38.7096592Z [   0% ] [90m[1mupdate_scripts_classes[22m | [39m[0m
2026-10-01T11:23:38.7097252Z [   0% ] [90m[1mupdate_scripts_classes[22m | [39m[0m
2026-10-01T11:23:38.7097909Z [   0% ] [90m[1mupdate_scripts_classes[22m | [39m[0m
2026-10-01T11:23:38.7098564Z [   0% ] [90m[1mupdate_scripts_classes[22m | [39m[0m
2026-10-01T11:23:38.7099214Z [   0% ] [90m[1mupdate_scripts_classes[22m | [39m[0m
2026-10-01T11:23:38.7099873Z [   0% ] [90m[1mupdate_scripts_classes[22m | [39m[0m
2026-10-01T11:23:38.7100700Z [   0% ] [90m[1mupdate_scripts_classes[22m | Terrain3DObjects[39m[0m
2026-10-01T11:23:38.7101666Z [   0% ] [90m[1mupdate_scripts_classes[22m | [39m[0m
2026-10-01T11:23:38.7102325Z [   0% ] [90m[1mupdate_scripts_classes[22m | [39m[0m
2026-10-01T11:23:38.7102987Z [   0% ] [90m[1mupdate_scripts_classes[22m | [39m[0m
2026-10-01T11:23:38.7103651Z [   0% ] [90m[1mupdate_scripts_classes[22m | [39m[0m
2026-10-01T11:23:38.7104311Z [   0% ] [90m[1mupdate_scripts_classes[22m | [39m[0m
2026-10-01T11:23:38.7104970Z [   0% ] [90m[1mupdate_scripts_classes[22m | [39m[0m
2026-10-01T11:23:38.7105621Z [   0% ] [90m[1mupdate_scripts_classes[22m | [39m[0m
2026-10-01T11:23:38.7106281Z [   0% ] [90m[1mupdate_scripts_classes[22m | [39m[0m
2026-10-01T11:23:38.7106929Z [   1% ] [90m[1mupdate_scripts_classes[22m | [39m[0m
2026-10-01T11:23:38.7107601Z [   1% ] [90m[1mupdate_scripts_classes[22m | [39m[0m
2026-10-01T11:23:38.7108270Z [   1% ] [90m[1mupdate_scripts_classes[22m | [39m[0m
2026-10-01T11:23:38.7109002Z [   1% ] [90m[1mupdate_scripts_classes[22m | AudioManager[39m[0m
2026-10-01T11:23:38.7109742Z [   1% ] [90m[1mupdate_scripts_classes[22m | [39m[0m
2026-10-01T11:23:38.7110392Z [   1% ] [90m[1mupdate_scripts_classes[22m | [39m[0m
2026-10-01T11:23:38.7111051Z [   1% ] [90m[1mupdate_scripts_classes[22m | [39m[0m
2026-10-01T11:23:38.7112306Z [   1% ] [90m[1mupdate_scripts_classes[22m | [39m[0m
2026-10-01T11:23:38.7112961Z [   1% ] [90m[1mupdate_scripts_classes[22m | [39m[0m
2026-10-01T11:23:38.7113817Z [   1% ] [90m[1mupdate_scripts_classes[22m | [39m[0m
2026-10-01T11:23:38.7114487Z [   1% ] [90m[1mupdate_scripts_classes[22m | [39m[0m
2026-10-01T11:23:38.7115137Z [   1% ] [90m[1mupdate_scripts_classes[22m | [39m[0m
2026-10-01T11:23:38.7115797Z [   1% ] [90m[1mupdate_scripts_classes[22m | [39m[0m
2026-10-01T11:23:38.7116448Z [   1% ] [90m[1mupdate_scripts_classes[22m | [39m[0m
2026-10-01T11:23:38.7117103Z [   1% ] [90m[1mupdate_scripts_classes[22m | [39m[0m
2026-10-01T11:23:38.7117755Z [   1% ] [90m[1mupdate_scripts_classes[22m | [39m[0m
2026-10-01T11:23:38.7118405Z [   1% ] [90m[1mupdate_scripts_classes[22m | [39m[0m
2026-10-01T11:23:38.7119060Z [   1% ] [90m[1mupdate_scripts_classes[22m | [39m[0m
2026-10-01T11:23:38.7119716Z [   1% ] [90m[1mupdate_scripts_classes[22m | [39m[0m
2026-10-01T11:23:38.7120380Z [   1% ] [90m[1mupdate_scripts_classes[22m | [39m[0m
2026-10-01T11:23:38.7121031Z [   1% ] [90m[1mupdate_scripts_classes[22m | [39m[0m
2026-10-01T11:23:38.7121893Z [   1% ] [90m[1mupdate_scripts_classes[22m | [39m[0m
2026-10-01T11:23:38.7122560Z [   1% ] [90m[1mupdate_scripts_classes[22m | [39m[0m
2026-10-01T11:23:38.7123213Z [   1% ] [90m[1mupdate_scripts_classes[22m | [39m[0m
2026-10-01T11:23:38.7123870Z [   1% ] [90m[1mupdate_scripts_classes[22m | [39m[0m
2026-10-01T11:23:38.7124520Z [   1% ] [90m[1mupdate_scripts_classes[22m | [39m[0m
2026-10-01T11:23:38.7125169Z [   1% ] [90m[1mupdate_scripts_classes[22m | [39m[0m
2026-10-01T11:23:38.7125832Z [   2% ] [90m[1mupdate_scripts_classes[22m | [39m[0m
2026-10-01T11:23:38.7126478Z [   2% ] [90m[1mupdate_scripts_classes[22m | [39m[0m
2026-10-01T11:23:38.7127138Z [   2% ] [90m[1mupdate_scripts_classes[22m | [39m[0m
2026-10-01T11:23:38.7127793Z [   2% ] [90m[1mupdate_scripts_classes[22m | [39m[0m
2026-10-01T11:23:38.7128438Z [   2% ] [90m[1mupdate_scripts_classes[22m | [39m[0m
2026-10-01T11:23:38.7129101Z [   2% ] [90m[1mupdate_scripts_classes[22m | [39m[0m
2026-10-01T11:23:38.7129753Z [   2% ] [90m[1mupdate_scripts_classes[22m | [39m[0m
2026-10-01T11:23:38.7130412Z [   2% ] [90m[1mupdate_scripts_classes[22m | [39m[0m
2026-10-01T11:23:38.7131066Z [   2% ] [90m[1mupdate_scripts_classes[22m | [39m[0m
2026-10-01T11:23:38.7131949Z [   2% ] [90m[1mupdate_scripts_classes[22m | [39m[0m
2026-10-01T11:23:38.7132717Z [   2% ] [90m[1mupdate_scripts_classes[22m | [39m[0m
2026-10-01T11:23:38.7133374Z [   2% ] [90m[1mupdate_scripts_classes[22m | [39m[0m
2026-10-01T11:23:38.7134033Z [   2% ] [90m[1mupdate_scripts_classes[22m | [39m[0m
2026-10-01T11:23:38.7134685Z [   2% ] [90m[1mupdate_scripts_classes[22m | [39m[0m
2026-10-01T11:23:38.7135345Z [   2% ] [90m[1mupdate_scripts_classes[22m | [39m[0m
2026-10-01T11:23:38.7136015Z [   2% ] [90m[1mupdate_scripts_classes[22m | [39m[0m
2026-10-01T11:23:38.7136671Z [   2% ] [90m[1mupdate_scripts_classes[22m | [39m[0m
2026-10-01T11:23:38.7137331Z [   2% ] [90m[1mupdate_scripts_classes[22m | [39m[0m
2026-10-01T11:23:38.7137993Z [   2% ] [90m[1mupdate_scripts_classes[22m | [39m[0m
2026-10-01T11:23:38.7138642Z [   2% ] [90m[1mupdate_scripts_classes[22m | [39m[0m
2026-10-01T11:23:38.7139302Z [   2% ] [90m[1mupdate_scripts_classes[22m | [39m[0m
2026-10-01T11:23:38.7139956Z [   2% ] [90m[1mupdate_scripts_classes[22m | [39m[0m
2026-10-01T11:23:38.7140610Z [   2% ] [90m[1mupdate_scripts_classes[22m | [39m[0m
2026-10-01T11:23:38.7141440Z [   2% ] [90m[1mupdate_scripts_classes[22m | [39m[0m
2026-10-01T11:23:38.7142137Z [   2% ] [90m[1mupdate_scripts_classes[22m | [39m[0m
2026-10-01T11:23:38.7142797Z [   2% ] [90m[1mupdate_scripts_classes[22m | [39m[0m
2026-10-01T11:23:38.7143445Z [   2% ] [90m[1mupdate_scripts_classes[22m | [39m[0m
2026-10-01T11:23:38.7144307Z [   3% ] [90m[1mupdate_scripts_classes[22m | [39m[0m
2026-10-01T11:23:38.7144961Z [   3% ] [90m[1mupdate_scripts_classes[22m | [39m[0m
2026-10-01T11:23:38.7145770Z [   3% ] [90m[1mupdate_scripts_classes[22m | [39m[0m
2026-10-01T11:23:38.7146435Z [   3% ] [90m[1mupdate_scripts_classes[22m | [39m[0m
2026-10-01T11:23:38.7147089Z [   3% ] [90m[1mupdate_scripts_classes[22m | [39m[0m
2026-10-01T11:23:38.7147743Z [   3% ] [90m[1mupdate_scripts_classes[22m | [39m[0m
2026-10-01T11:23:38.7148391Z [   3% ] [90m[1mupdate_scripts_classes[22m | [39m[0m
2026-10-01T11:23:38.7149041Z [   3% ] [90m[1mupdate_scripts_classes[22m | [39m[0m
2026-10-01T11:23:38.7149698Z [   3% ] [90m[1mupdate_scripts_classes[22m | [39m[0m
2026-10-01T11:23:38.7150348Z [   3% ] [90m[1mupdate_scripts_classes[22m | [39m[0m
2026-10-01T11:23:38.7151000Z [   3% ] [90m[1mupdate_scripts_classes[22m | [39m[0m
2026-10-01T11:23:38.7151858Z [   3% ] [90m[1mupdate_scripts_classes[22m | [39m[0m
2026-10-01T11:23:38.7152512Z [   3% ] [90m[1mupdate_scripts_classes[22m | [39m[0m
2026-10-01T11:23:38.7153242Z [   3% ] [90m[1mupdate_scripts_classes[22m | [39m[0m
2026-10-01T11:23:38.7153900Z [   3% ] [90m[1mupdate_scripts_classes[22m | [39m[0m
2026-10-01T11:23:38.7154565Z [   3% ] [90m[1mupdate_scripts_classes[22m | [39m[0m
2026-10-01T11:23:38.7155217Z [   3% ] [90m[1mupdate_scripts_classes[22m | [39m[0m
2026-10-01T11:23:38.7155869Z [   3% ] [90m[1mupdate_scripts_classes[22m | [39m[0m
2026-10-01T11:23:38.7156529Z [   3% ] [90m[1mupdate_scripts_classes[22m | [39m[0m
2026-10-01T11:23:38.7157182Z [   3% ] [90m[1mupdate_scripts_classes[22m | [39m[0m
2026-10-01T11:23:38.7157834Z [   3% ] [90m[1mupdate_scripts_classes[22m | [39m[0m
2026-10-01T11:23:38.7158488Z [   3% ] [90m[1mupdate_scripts_classes[22m | [39m[0m
2026-10-01T11:23:38.7159139Z [   3% ] [90m[1mupdate_scripts_classes[22m | [39m[0m
2026-10-01T11:23:38.7159812Z [   3% ] [90m[1mupdate_scripts_classes[22m | [39m[0m
2026-10-01T11:23:38.7160471Z [   3% ] [90m[1mupdate_scripts_classes[22m | [39m[0m
2026-10-01T11:23:38.7161128Z [   3% ] [90m[1mupdate_scripts_classes[22m | [39m[0m
2026-10-01T11:23:38.7161981Z [   3% ] [90m[1mupdate_scripts_classes[22m | [39m[0m
2026-10-01T11:23:38.7162639Z [   4% ] [90m[1mupdate_scripts_classes[22m | [39m[0m
2026-10-01T11:23:38.7163293Z [   4% ] [90m[1mupdate_scripts_classes[22m | [39m[0m
2026-10-01T11:23:38.7163944Z [   4% ] [90m[1mupdate_scripts_classes[22m | [39m[0m
2026-10-01T11:23:38.7164595Z [   4% ] [90m[1mupdate_scripts_classes[22m | [39m[0m
2026-10-01T11:23:38.7165257Z [   4% ] [90m[1mupdate_scripts_classes[22m | [39m[0m
2026-10-01T11:23:38.7165907Z [   4% ] [90m[1mupdate_scripts_classes[22m | [39m[0m
2026-10-01T11:23:38.7166562Z [   4% ] [90m[1mupdate_scripts_classes[22m | [39m[0m
2026-10-01T11:23:38.7167213Z [   4% ] [90m[1mupdate_scripts_classes[22m | [39m[0m
2026-10-01T11:23:38.7167870Z [   4% ] [90m[1mupdate_scripts_classes[22m | [39m[0m
2026-10-01T11:23:38.7168523Z [   4% ] [90m[1mupdate_scripts_classes[22m | [39m[0m
2026-10-01T11:23:38.7169177Z [   4% ] [90m[1mupdate_scripts_classes[22m | [39m[0m
2026-10-01T11:23:38.7169836Z [   4% ] [90m[1mupdate_scripts_classes[22m | [39m[0m
2026-10-01T11:23:38.7170488Z [   4% ] [90m[1mupdate_scripts_classes[22m | [39m[0m
2026-10-01T11:23:38.7171139Z [   4% ] [90m[1mupdate_scripts_classes[22m | [39m[0m
2026-10-01T11:23:38.7171984Z [   4% ] [90m[1mupdate_scripts_classes[22m | [39m[0m
2026-10-01T11:23:38.7172640Z [   4% ] [90m[1mupdate_scripts_classes[22m | [39m[0m
2026-10-01T11:23:38.7173299Z [   4% ] [90m[1mupdate_scripts_classes[22m | [39m[0m
2026-10-01T11:23:38.7173949Z [   4% ] [90m[1mupdate_scripts_classes[22m | [39m[0m
2026-10-01T11:23:38.7174601Z [   4% ] [90m[1mupdate_scripts_classes[22m | [39m[0m
2026-10-01T11:23:38.7175253Z [   4% ] [90m[1mupdate_scripts_classes[22m | [39m[0m
2026-10-01T11:23:38.7176125Z [   4% ] [90m[1mupdate_scripts_classes[22m | [39m[0m
2026-10-01T11:23:38.7176778Z [   4% ] [90m[1mupdate_scripts_classes[22m | [39m[0m
2026-10-01T11:23:38.7177668Z [   4% ] [90m[1mupdate_scripts_classes[22m | [39m[0m
2026-10-01T11:23:38.7178336Z [   4% ] [90m[1mupdate_scripts_classes[22m | [39m[0m
2026-10-01T11:23:38.7178993Z [   4% ] [90m[1mupdate_scripts_classes[22m | [39m[0m
2026-10-01T11:23:38.7179646Z [   4% ] [90m[1mupdate_scripts_classes[22m | [39m[0m
2026-10-01T11:23:38.7180293Z [   4% ] [90m[1mupdate_scripts_classes[22m | [39m[0m
2026-10-01T11:23:38.7180950Z [   5% ] [90m[1mupdate_scripts_classes[22m | [39m[0m
2026-10-01T11:23:38.7181793Z [   5% ] [90m[1mupdate_scripts_classes[22m | [39m[0m
2026-10-01T11:23:38.7182456Z [   5% ] [90m[1mupdate_scripts_classes[22m | [39m[0m
2026-10-01T11:23:38.7183112Z [   5% ] [90m[1mupdate_scripts_classes[22m | [39m[0m
2026-10-01T11:23:38.7183763Z [   5% ] [90m[1mupdate_scripts_classes[22m | [39m[0m
2026-10-01T11:23:38.7184429Z [   5% ] [90m[1mupdate_scripts_classes[22m | [39m[0m
2026-10-01T11:23:38.7185078Z [   5% ] [90m[1mupdate_scripts_classes[22m | [39m[0m
2026-10-01T11:23:38.7185741Z [   5% ] [90m[1mupdate_scripts_classes[22m | [39m[0m
2026-10-01T11:23:38.7186389Z [   5% ] [90m[1mupdate_scripts_classes[22m | [39m[0m
2026-10-01T11:23:38.7187035Z [   5% ] [90m[1mupdate_scripts_classes[22m | [39m[0m
2026-10-01T11:23:38.7187693Z [   5% ] [90m[1mupdate_scripts_classes[22m | [39m[0m
2026-10-01T11:23:38.7188344Z [   5% ] [90m[1mupdate_scripts_classes[22m | [39m[0m
2026-10-01T11:23:38.7189003Z [   5% ] [90m[1mupdate_scripts_classes[22m | [39m[0m
2026-10-01T11:23:38.7189656Z [   5% ] [90m[1mupdate_scripts_classes[22m | [39m[0m
2026-10-01T11:23:38.7190300Z [   5% ] [90m[1mupdate_scripts_classes[22m | [39m[0m
2026-10-01T11:23:38.7190955Z [   5% ] [90m[1mupdate_scripts_classes[22m | [39m[0m
2026-10-01T11:23:38.7191791Z [   5% ] [90m[1mupdate_scripts_classes[22m | [39m[0m
2026-10-01T11:23:38.7192449Z [   5% ] [90m[1mupdate_scripts_classes[22m | [39m[0m
2026-10-01T11:23:38.7193107Z [   5% ] [90m[1mupdate_scripts_classes[22m | [39m[0m
2026-10-01T11:23:38.7193762Z [   5% ] [90m[1mupdate_scripts_classes[22m | [39m[0m
2026-10-01T11:23:38.7194419Z [   5% ] [90m[1mupdate_scripts_classes[22m | [39m[0m
2026-10-01T11:23:38.7195080Z [   5% ] [90m[1mupdate_scripts_classes[22m | [39m[0m
2026-10-01T11:23:38.7195728Z [   5% ] [90m[1mupdate_scripts_classes[22m | [39m[0m
2026-10-01T11:23:38.7196388Z [   5% ] [90m[1mupdate_scripts_classes[22m | [39m[0m
2026-10-01T11:23:38.7197041Z [   5% ] [90m[1mupdate_scripts_classes[22m | [39m[0m
2026-10-01T11:23:38.7197694Z [   5% ] [90m[1mupdate_scripts_classes[22m | [39m[0m
2026-10-01T11:23:38.7198345Z [   5% ] [90m[1mupdate_scripts_classes[22m | [39m[0m
2026-10-01T11:23:38.7198989Z [   6% ] [90m[1mupdate_scripts_classes[22m | [39m[0m
2026-10-01T11:23:38.7199657Z [   6% ] [90m[1mupdate_scripts_classes[22m | [39m[0m
2026-10-01T11:23:38.7200307Z [   6% ] [90m[1mupdate_scripts_classes[22m | [39m[0m
2026-10-01T11:23:38.7200962Z [   6% ] [90m[1mupdate_scripts_classes[22m | [39m[0m
2026-10-01T11:23:38.7201788Z [   6% ] [90m[1mupdate_scripts_classes[22m | [39m[0m
2026-10-01T11:23:38.7202443Z [   6% ] [90m[1mupdate_scripts_classes[22m | [39m[0m
2026-10-01T11:23:38.7203102Z [   6% ] [90m[1mupdate_scripts_classes[22m | [39m[0m
2026-10-01T11:23:38.7203754Z [   6% ] [90m[1mupdate_scripts_classes[22m | [39m[0m
2026-10-01T11:23:38.7204412Z [   6% ] [90m[1mupdate_scripts_classes[22m | [39m[0m
2026-10-01T11:23:38.7205062Z [   6% ] [90m[1mupdate_scripts_classes[22m | [39m[0m
2026-10-01T11:23:38.7205711Z [   6% ] [90m[1mupdate_scripts_classes[22m | [39m[0m
2026-10-01T11:23:38.7206365Z [   6% ] [90m[1mupdate_scripts_classes[22m | [39m[0m
2026-10-01T11:23:38.7207015Z [   6% ] [90m[1mupdate_scripts_classes[22m | [39m[0m
2026-10-01T11:23:38.7207903Z [   6% ] [90m[1mupdate_scripts_classes[22m | [39m[0m
2026-10-01T11:23:38.7208564Z [   6% ] [90m[1mupdate_scripts_classes[22m | [39m[0m
2026-10-01T11:23:38.7209496Z [   6% ] [90m[1mupdate_scripts_classes[22m | SnapshotTransfer[39m[0m
2026-10-01T11:23:38.7210280Z [   6% ] [90m[1mupdate_scripts_classes[22m | [39m[0m
2026-10-01T11:23:38.7210937Z [   6% ] [90m[1mupdate_scripts_classes[22m | [39m[0m
2026-10-01T11:23:38.7211801Z [   6% ] [90m[1mupdate_scripts_classes[22m | [39m[0m
2026-10-01T11:23:38.7212461Z [   6% ] [90m[1mupdate_scripts_classes[22m | [39m[0m
2026-10-01T11:23:38.7213115Z [   6% ] [90m[1mupdate_scripts_classes[22m | [39m[0m
2026-10-01T11:23:38.7213775Z [   6% ] [90m[1mupdate_scripts_classes[22m | [39m[0m
2026-10-01T11:23:38.7214429Z [   6% ] [90m[1mupdate_scripts_classes[22m | [39m[0m
2026-10-01T11:23:38.7215075Z [   6% ] [90m[1mupdate_scripts_classes[22m | [39m[0m
2026-10-01T11:23:38.7215766Z [   6% ] [90m[1mupdate_scripts_classes[22m | [39m[0m
2026-10-01T11:23:38.7216420Z [   6% ] [90m[1mupdate_scripts_classes[22m | [39m[0m
2026-10-01T11:23:38.7217077Z [   6% ] [90m[1mupdate_scripts_classes[22m | [39m[0m
2026-10-01T11:23:38.7217736Z [   7% ] [90m[1mupdate_scripts_classes[22m | [39m[0m
2026-10-01T11:23:38.7218392Z [   7% ] [90m[1mupdate_scripts_classes[22m | [39m[0m
2026-10-01T11:23:38.7219063Z [   7% ] [90m[1mupdate_scripts_classes[22m | [39m[0m
2026-10-01T11:23:38.7219722Z [   7% ] [90m[1mupdate_scripts_classes[22m | [39m[0m
2026-10-01T11:23:38.7220376Z [   7% ] [90m[1mupdate_scripts_classes[22m | [39m[0m
2026-10-01T11:23:38.7221042Z [   7% ] [90m[1mupdate_scripts_classes[22m | [39m[0m
2026-10-01T11:23:38.7221871Z [   7% ] [90m[1mupdate_scripts_classes[22m | [39m[0m
2026-10-01T11:23:38.7222524Z [   7% ] [90m[1mupdate_scripts_classes[22m | [39m[0m
2026-10-01T11:23:38.7223187Z [   7% ] [90m[1mupdate_scripts_classes[22m | [39m[0m
2026-10-01T11:23:38.7223846Z [   7% ] [90m[1mupdate_scripts_classes[22m | [39m[0m
2026-10-01T11:23:38.7224499Z [   7% ] [90m[1mupdate_scripts_classes[22m | [39m[0m
2026-10-01T11:23:38.7225169Z [   7% ] [90m[1mupdate_scripts_classes[22m | [39m[0m
2026-10-01T11:23:38.7225824Z [   7% ] [90m[1mupdate_scripts_classes[22m | [39m[0m
2026-10-01T11:23:38.7226485Z [   7% ] [90m[1mupdate_scripts_classes[22m | [39m[0m
2026-10-01T11:23:38.7227138Z [   7% ] [90m[1mupdate_scripts_classes[22m | [39m[0m
2026-10-01T11:23:38.7227792Z [   7% ] [90m[1mupdate_scripts_classes[22m | [39m[0m
2026-10-01T11:23:38.7228454Z [   7% ] [90m[1mupdate_scripts_classes[22m | [39m[0m
2026-10-01T11:23:38.7229106Z [   7% ] [90m[1mupdate_scripts_classes[22m | [39m[0m
2026-10-01T11:23:38.7229763Z [   7% ] [90m[1mupdate_scripts_classes[22m | [39m[0m
2026-10-01T11:23:38.7230414Z [   7% ] [90m[1mupdate_scripts_classes[22m | [39m[0m
2026-10-01T11:23:38.7231067Z [   7% ] [90m[1mupdate_scripts_classes[22m | [39m[0m
2026-10-01T11:23:38.7231914Z [   7% ] [90m[1mupdate_scripts_classes[22m | [39m[0m
2026-10-01T11:23:38.7232572Z [   7% ] [90m[1mupdate_scripts_classes[22m | [39m[0m
2026-10-01T11:23:38.7233237Z [   7% ] [90m[1mupdate_scripts_classes[22m | [39m[0m
2026-10-01T11:23:38.7233892Z [   7% ] [90m[1mupdate_scripts_classes[22m | [39m[0m
2026-10-01T11:23:38.7234546Z [   7% ] [90m[1mupdate_scripts_classes[22m | [39m[0m
2026-10-01T11:23:38.7235205Z [   7% ] [90m[1mupdate_scripts_classes[22m | [39m[0m
2026-10-01T11:23:38.7235857Z [   7% ] [90m[1mupdate_scripts_classes[22m | [39m[0m
2026-10-01T11:23:38.7236513Z [   8% ] [90m[1mupdate_scripts_classes[22m | [39m[0m
2026-10-01T11:23:38.7237263Z [   8% ] [90m[1mupdate_scripts_classes[22m | [39m[0m
2026-10-01T11:23:38.7237914Z [   8% ] [90m[1mupdate_scripts_classes[22m | [39m[0m
2026-10-01T11:23:38.7238573Z [   8% ] [90m[1mupdate_scripts_classes[22m | [39m[0m
2026-10-01T11:23:38.7239226Z [   8% ] [90m[1mupdate_scripts_classes[22m | [39m[0m
2026-10-01T11:23:38.7240072Z [   8% ] [90m[1mupdate_scripts_classes[22m | [39m[0m
2026-10-01T11:23:38.7240727Z [   8% ] [90m[1mupdate_scripts_classes[22m | [39m[0m
2026-10-01T11:23:38.7241731Z [   8% ] [90m[1mupdate_scripts_classes[22m | [39m[0m
2026-10-01T11:23:38.7242420Z [   8% ] [90m[1mupdate_scripts_classes[22m | [39m[0m
2026-10-01T11:23:38.7243075Z [   8% ] [90m[1mupdate_scripts_classes[22m | [39m[0m
2026-10-01T11:23:38.7243798Z [   8% ] [90m[1mupdate_scripts_classes[22m | AudioCues[39m[0m
2026-10-01T11:23:38.7244512Z [   8% ] [90m[1mupdate_scripts_classes[22m | [39m[0m
2026-10-01T11:23:38.7245176Z [   8% ] [90m[1mupdate_scripts_classes[22m | [39m[0m
2026-10-01T11:23:38.7245840Z [   8% ] [90m[1mupdate_scripts_classes[22m | [39m[0m
2026-10-01T11:23:38.7246492Z [   8% ] [90m[1mupdate_scripts_classes[22m | [39m[0m
2026-10-01T11:23:38.7247147Z [   8% ] [90m[1mupdate_scripts_classes[22m | [39m[0m
2026-10-01T11:23:38.7247812Z [   8% ] [90m[1mupdate_scripts_classes[22m | [39m[0m
2026-10-01T11:23:38.7248464Z [   8% ] [90m[1mupdate_scripts_classes[22m | [39m[0m
2026-10-01T11:23:38.7249124Z [   8% ] [90m[1mupdate_scripts_classes[22m | [39m[0m
2026-10-01T11:23:38.7249781Z [   8% ] [90m[1mupdate_scripts_classes[22m | [39m[0m
2026-10-01T11:23:38.7250436Z [   8% ] [90m[1mupdate_scripts_classes[22m | [39m[0m
2026-10-01T11:23:38.7251096Z [   8% ] [90m[1mupdate_scripts_classes[22m | [39m[0m
2026-10-01T11:23:38.7251930Z [   8% ] [90m[1mupdate_scripts_classes[22m | [39m[0m
2026-10-01T11:23:38.7252594Z [   8% ] [90m[1mupdate_scripts_classes[22m | [39m[0m
2026-10-01T11:23:38.7253319Z [   8% ] [90m[1mupdate_scripts_classes[22m | [39m[0m
2026-10-01T11:23:38.7253973Z [   8% ] [90m[1mupdate_scripts_classes[22m | [39m[0m
2026-10-01T11:23:38.7254630Z [   8% ] [90m[1mupdate_scripts_classes[22m | [39m[0m
2026-10-01T11:23:38.7255284Z [   9% ] [90m[1mupdate_scripts_classes[22m | [39m[0m
2026-10-01T11:23:38.7255947Z [   9% ] [90m[1mupdate_scripts_classes[22m | [39m[0m
2026-10-01T11:23:38.7256599Z [   9% ] [90m[1mupdate_scripts_classes[22m | [39m[0m
2026-10-01T11:23:38.7257254Z [   9% ] [90m[1mupdate_scripts_classes[22m | [39m[0m
2026-10-01T11:23:38.7257914Z [   9% ] [90m[1mupdate_scripts_classes[22m | [39m[0m
2026-10-01T11:23:38.7258563Z [   9% ] [90m[1mupdate_scripts_classes[22m | [39m[0m
2026-10-01T11:23:38.7259223Z [   9% ] [90m[1mupdate_scripts_classes[22m | [39m[0m
2026-10-01T11:23:38.7259874Z [   9% ] [90m[1mupdate_scripts_classes[22m | [39m[0m
2026-10-01T11:23:38.7260523Z [   9% ] [90m[1mupdate_scripts_classes[22m | [39m[0m
2026-10-01T11:23:38.7261183Z [   9% ] [90m[1mupdate_scripts_classes[22m | [39m[0m
2026-10-01T11:23:38.7262009Z [   9% ] [90m[1mupdate_scripts_classes[22m | [39m[0m
2026-10-01T11:23:38.7262669Z [   9% ] [90m[1mupdate_scripts_classes[22m | [39m[0m
2026-10-01T11:23:38.7263320Z [   9% ] [90m[1mupdate_scripts_classes[22m | [39m[0m
2026-10-01T11:23:38.7263978Z [   9% ] [90m[1mupdate_scripts_classes[22m | [39m[0m
2026-10-01T11:23:38.7264639Z [   9% ] [90m[1mupdate_scripts_classes[22m | [39m[0m
2026-10-01T11:23:38.7265300Z [   9% ] [90m[1mupdate_scripts_classes[22m | [39m[0m
2026-10-01T11:23:38.7265947Z [   9% ] [90m[1mupdate_scripts_classes[22m | [39m[0m
2026-10-01T11:23:38.7266606Z [   9% ] [90m[1mupdate_scripts_classes[22m | [39m[0m
2026-10-01T11:23:38.7267259Z [   9% ] [90m[1mupdate_scripts_classes[22m | [39m[0m
2026-10-01T11:23:38.7267915Z [   9% ] [90m[1mupdate_scripts_classes[22m | [39m[0m
2026-10-01T11:23:38.7268569Z [   9% ] [90m[1mupdate_scripts_classes[22m | [39m[0m
2026-10-01T11:23:38.7269223Z [   9% ] [90m[1mupdate_scripts_classes[22m | [39m[0m
2026-10-01T11:23:38.7269884Z [   9% ] [90m[1mupdate_scripts_classes[22m | [39m[0m
2026-10-01T11:23:38.7270546Z [   9% ] [90m[1mupdate_scripts_classes[22m | [39m[0m
2026-10-01T11:23:38.7271372Z [   9% ] [90m[1mupdate_scripts_classes[22m | [39m[0m
2026-10-01T11:23:38.7272242Z [   9% ] [90m[1mupdate_scripts_classes[22m | [39m[0m
2026-10-01T11:23:38.7272903Z [   9% ] [90m[1mupdate_scripts_classes[22m | [39m[0m
2026-10-01T11:23:38.7273764Z [  10% ] [90m[1mupdate_scripts_classes[22m | [39m[0m
2026-10-01T11:23:38.7274450Z [  10% ] [90m[1mupdate_scripts_classes[22m | [39m[0m
2026-10-01T11:23:38.7275122Z [  10% ] [90m[1mupdate_scripts_classes[22m | [39m[0m
2026-10-01T11:23:38.7275782Z [  10% ] [90m[1mupdate_scripts_classes[22m | [39m[0m
2026-10-01T11:23:38.7276439Z [  10% ] [90m[1mupdate_scripts_classes[22m | [39m[0m
2026-10-01T11:23:38.7277104Z [  10% ] [90m[1mupdate_scripts_classes[22m | [39m[0m
2026-10-01T11:23:38.7277762Z [  10% ] [90m[1mupdate_scripts_classes[22m | [39m[0m
2026-10-01T11:23:38.7278424Z [  10% ] [90m[1mupdate_scripts_classes[22m | [39m[0m
2026-10-01T11:23:38.7279081Z [  10% ] [90m[1mupdate_scripts_classes[22m | [39m[0m
2026-10-01T11:23:38.7279733Z [  10% ] [90m[1mupdate_scripts_classes[22m | [39m[0m
2026-10-01T11:23:38.7280402Z [  10% ] [90m[1mupdate_scripts_classes[22m | [39m[0m
2026-10-01T11:23:38.7281057Z [  10% ] [90m[1mupdate_scripts_classes[22m | [39m[0m
2026-10-01T11:23:38.7281956Z [  10% ] [90m[1mupdate_scripts_classes[22m | UITokens[39m[0m
2026-10-01T11:23:38.7282678Z [  10% ] [90m[1mupdate_scripts_classes[22m | [39m[0m
2026-10-01T11:23:38.7283336Z [  10% ] [90m[1mupdate_scripts_classes[22m | [39m[0m
2026-10-01T11:23:38.7283999Z [  10% ] [90m[1mupdate_scripts_classes[22m | [39m[0m
2026-10-01T11:23:38.7284654Z [  10% ] [90m[1mupdate_scripts_classes[22m | [39m[0m
2026-10-01T11:23:38.7285312Z [  10% ] [90m[1mupdate_scripts_classes[22m | [39m[0m
2026-10-01T11:23:38.7285976Z [  10% ] [90m[1mupdate_scripts_classes[22m | [39m[0m
2026-10-01T11:23:38.7286632Z [  10% ] [90m[1mupdate_scripts_classes[22m | [39m[0m
2026-10-01T11:23:38.7287293Z [  10% ] [90m[1mupdate_scripts_classes[22m | [39m[0m
2026-10-01T11:23:38.7287950Z [  10% ] [90m[1mupdate_scripts_classes[22m | [39m[0m
2026-10-01T11:23:38.7288606Z [  10% ] [90m[1mupdate_scripts_classes[22m | [39m[0m
2026-10-01T11:23:38.7289277Z [  10% ] [90m[1mupdate_scripts_classes[22m | [39m[0m
2026-10-01T11:23:38.7289932Z [  10% ] [90m[1mupdate_scripts_classes[22m | [39m[0m
2026-10-01T11:23:38.7290593Z [  10% ] [90m[1mupdate_scripts_classes[22m | [39m[0m
2026-10-01T11:23:38.7291421Z [  10% ] [90m[1mupdate_scripts_classes[22m | [39m[0m
2026-10-01T11:23:38.7292092Z [  11% ] [90m[1mupdate_scripts_classes[22m | [39m[0m
2026-10-01T11:23:38.7292759Z [  11% ] [90m[1mupdate_scripts_classes[22m | [39m[0m
2026-10-01T11:23:38.7293418Z [  11% ] [90m[1mupdate_scripts_classes[22m | [39m[0m
2026-10-01T11:23:38.7294078Z [  11% ] [90m[1mupdate_scripts_classes[22m | [39m[0m
2026-10-01T11:23:38.7294747Z [  11% ] [90m[1mupdate_scripts_classes[22m | [39m[0m
2026-10-01T11:23:38.7295553Z [  11% ] [90m[1mupdate_scripts_classes[22m | [39m[0m
2026-10-01T11:23:38.7296407Z [  11% ] [90m[1mupdate_scripts_classes[22m | [39m[0m
2026-10-01T11:23:38.7297428Z [  11% ] [90m[1mupdate_scripts_classes[22m | [39m[0m
2026-10-01T11:23:38.7298224Z [  11% ] [90m[1mupdate_scripts_classes[22m | [39m[0m
2026-10-01T11:23:38.7299069Z [  11% ] [90m[1mupdate_scripts_classes[22m | [39m[0m
2026-10-01T11:23:38.7299943Z [  11% ] [90m[1mupdate_scripts_classes[22m | [39m[0m
2026-10-01T11:23:38.7300716Z [  11% ] [90m[1mupdate_scripts_classes[22m | [39m[0m
2026-10-01T11:23:38.7301998Z [  11% ] [90m[1mupdate_scripts_classes[22m | [39m[0m
2026-10-01T11:23:38.7302809Z [  11% ] [90m[1mupdate_scripts_classes[22m | [39m[0m
2026-10-01T11:23:38.7303781Z [  11% ] [90m[1mupdate_scripts_classes[22m | [39m[0m
2026-10-01T11:23:38.7304583Z [  11% ] [90m[1mupdate_scripts_classes[22m | [39m[0m
2026-10-01T11:23:38.7305493Z [  11% ] [90m[1mupdate_scripts_classes[22m | [39m[0m
2026-10-01T11:23:38.7306341Z [  11% ] [90m[1mupdate_scripts_classes[22m | [39m[0m
2026-10-01T11:23:38.7307390Z [  11% ] [90m[1mupdate_scripts_classes[22m | [39m[0m
2026-10-01T11:23:38.7308265Z [  11% ] [90m[1mupdate_scripts_classes[22m | [39m[0m
2026-10-01T11:23:38.7309238Z [  11% ] [90m[1mupdate_scripts_classes[22m | [39m[0m
2026-10-01T11:23:38.7310151Z [  11% ] [90m[1mupdate_scripts_classes[22m | [39m[0m
2026-10-01T11:23:38.7310989Z [  11% ] [90m[1mupdate_scripts_classes[22m | [39m[0m
2026-10-01T11:23:38.7312097Z [  11% ] [90m[1mupdate_scripts_classes[22m | [39m[0m
2026-10-01T11:23:38.7370690Z [  11% ] [90m[1mupdate_scripts_classes[22m | [39m[0m
2026-10-01T11:23:38.7371648Z [  11% ] [90m[1mupdate_scripts_classes[22m | [39m[0m
2026-10-01T11:23:38.7372396Z [  11% ] [90m[1mupdate_scripts_classes[22m | [39m[0m
2026-10-01T11:23:38.7373182Z [  12% ] [90m[1mupdate_scripts_classes[22m | [39m[0m
2026-10-01T11:23:38.7373952Z [  12% ] [90m[1mupdate_scripts_classes[22m | [39m[0m
2026-10-01T11:23:38.7374678Z [  12% ] [90m[1mupdate_scripts_classes[22m | [39m[0m
2026-10-01T11:23:38.7375388Z [  12% ] [90m[1mupdate_scripts_classes[22m | [39m[0m
2026-10-01T11:23:38.7376064Z [  12% ] [90m[1mupdate_scripts_classes[22m | [39m[0m
2026-10-01T11:23:38.7376525Z [  12% ] [90m[1mupdate_scripts_classes[22m | [39m[0m
2026-10-01T11:23:38.7376901Z [  12% ] [90m[1mupdate_scripts_classes[22m | [39m[0m
2026-10-01T11:23:38.7377299Z [  12% ] [90m[1mupdate_scripts_classes[22m | [39m[0m
2026-10-01T11:23:38.7377758Z [  12% ] [90m[1mupdate_scripts_classes[22m | CloudreachGrassRoles[39m[0m
2026-10-01T11:23:38.7378217Z [  12% ] [90m[1mupdate_scripts_classes[22m | [39m[0m
2026-10-01T11:23:38.7378597Z [  12% ] [90m[1mupdate_scripts_classes[22m | [39m[0m
2026-10-01T11:23:38.7378963Z [  12% ] [90m[1mupdate_scripts_classes[22m | [39m[0m
2026-10-01T11:23:38.7379333Z [  12% ] [90m[1mupdate_scripts_classes[22m | [39m[0m
2026-10-01T11:23:38.7379697Z [  12% ] [90m[1mupdate_scripts_classes[22m | [39m[0m
2026-10-01T11:23:38.7380069Z [  12% ] [90m[1mupdate_scripts_classes[22m | [39m[0m
2026-10-01T11:23:38.7380439Z [  12% ] [90m[1mupdate_scripts_classes[22m | [39m[0m
2026-10-01T11:23:38.7380813Z [  12% ] [90m[1mupdate_scripts_classes[22m | [39m[0m
2026-10-01T11:23:38.7381178Z [  12% ] [90m[1mupdate_scripts_classes[22m | [39m[0m
2026-10-01T11:23:38.7382854Z [  12% ] [90m[1mupdate_scripts_classes[22m | [39m[0m
2026-10-01T11:23:38.7383588Z [  12% ] [90m[1mupdate_scripts_classes[22m | [39m[0m
2026-10-01T11:23:38.7384317Z [  12% ] [90m[1mupdate_scripts_classes[22m | [39m[0m
2026-10-01T11:23:38.7385005Z [  12% ] [90m[1mupdate_scripts_classes[22m | [39m[0m
2026-10-01T11:23:38.7385689Z [  12% ] [90m[1mupdate_scripts_classes[22m | [39m[0m
2026-10-01T11:23:38.7386372Z [  12% ] [90m[1mupdate_scripts_classes[22m | [39m[0m
2026-10-01T11:23:38.7387049Z [  12% ] [90m[1mupdate_scripts_classes[22m | [39m[0m
2026-10-01T11:23:38.7387729Z [  12% ] [90m[1mupdate_scripts_classes[22m | [39m[0m
2026-10-01T11:23:38.7388406Z [  12% ] [90m[1mupdate_scripts_classes[22m | [39m[0m
2026-10-01T11:23:38.7389070Z [  13% ] [90m[1mupdate_scripts_classes[22m | [39m[0m
2026-10-01T11:23:38.7389743Z [  13% ] [90m[1mupdate_scripts_classes[22m | [39m[0m
2026-10-01T11:23:38.7390406Z [  13% ] [90m[1mupdate_scripts_classes[22m | [39m[0m
2026-10-01T11:23:38.7391085Z [  13% ] [90m[1mupdate_scripts_classes[22m | [39m[0m
2026-10-01T11:23:38.7391857Z [  13% ] [90m[1mupdate_scripts_classes[22m | [39m[0m
2026-10-01T11:23:38.7392253Z [  13% ] [90m[1mupdate_scripts_classes[22m | [39m[0m
2026-10-01T11:23:38.7392645Z [  13% ] [90m[1mupdate_scripts_classes[22m | [39m[0m
2026-10-01T11:23:38.7393014Z [  13% ] [90m[1mupdate_scripts_classes[22m | [39m[0m
2026-10-01T11:23:38.7393398Z [  13% ] [90m[1mupdate_scripts_classes[22m | [39m[0m
2026-10-01T11:23:38.7393771Z [  13% ] [90m[1mupdate_scripts_classes[22m | [39m[0m
2026-10-01T11:23:38.7394136Z [  13% ] [90m[1mupdate_scripts_classes[22m | [39m[0m
2026-10-01T11:23:38.7394743Z [  13% ] [90m[1mupdate_scripts_classes[22m | [39m[0m
2026-10-01T11:23:38.7395135Z [  13% ] [90m[1mupdate_scripts_classes[22m | [39m[0m
2026-10-01T11:23:38.7395662Z [  13% ] [90m[1mupdate_scripts_classes[22m | [39m[0m
2026-10-01T11:23:38.7396051Z [  13% ] [90m[1mupdate_scripts_classes[22m | [39m[0m
2026-10-01T11:23:38.7396422Z [  13% ] [90m[1mupdate_scripts_classes[22m | [39m[0m
2026-10-01T11:23:38.7396805Z [  13% ] [90m[1mupdate_scripts_classes[22m | [39m[0m
2026-10-01T11:23:38.7397172Z [  13% ] [90m[1mupdate_scripts_classes[22m | [39m[0m
2026-10-01T11:23:38.7397543Z [  13% ] [90m[1mupdate_scripts_classes[22m | [39m[0m
2026-10-01T11:23:38.7397917Z [  13% ] [90m[1mupdate_scripts_classes[22m | [39m[0m
2026-10-01T11:23:38.7398280Z [  13% ] [90m[1mupdate_scripts_classes[22m | [39m[0m
2026-10-01T11:23:38.7398660Z [  13% ] [90m[1mupdate_scripts_classes[22m | [39m[0m
2026-10-01T11:23:38.7399033Z [  13% ] [90m[1mupdate_scripts_classes[22m | [39m[0m
2026-10-01T11:23:38.7399398Z [  13% ] [90m[1mupdate_scripts_classes[22m | [39m[0m
2026-10-01T11:23:38.7399774Z [  13% ] [90m[1mupdate_scripts_classes[22m | [39m[0m
2026-10-01T11:23:38.7400164Z [  13% ] [90m[1mupdate_scripts_classes[22m | [39m[0m
2026-10-01T11:23:38.7400550Z [  13% ] [90m[1mupdate_scripts_classes[22m | [39m[0m
2026-10-01T11:23:38.7400933Z [  14% ] [90m[1mupdate_scripts_classes[22m | [39m[0m
2026-10-01T11:23:38.7401577Z [  14% ] [90m[1mupdate_scripts_classes[22m | [39m[0m
2026-10-01T11:23:38.7402271Z [  14% ] [90m[1mupdate_scripts_classes[22m | [39m[0m
2026-10-01T11:23:38.7402937Z [  14% ] [90m[1mupdate_scripts_classes[22m | [39m[0m
2026-10-01T11:23:38.7403603Z [  14% ] [90m[1mupdate_scripts_classes[22m | [39m[0m
2026-10-01T11:23:38.7404259Z [  14% ] [90m[1mupdate_scripts_classes[22m | [39m[0m
2026-10-01T11:23:38.7404920Z [  14% ] [90m[1mupdate_scripts_classes[22m | [39m[0m
2026-10-01T11:23:38.7405383Z [  14% ] [90m[1mupdate_scripts_classes[22m | [39m[0m
2026-10-01T11:23:38.7405753Z [  14% ] [90m[1mupdate_scripts_classes[22m | [39m[0m
2026-10-01T11:23:38.7406130Z [  14% ] [90m[1mupdate_scripts_classes[22m | [39m[0m
2026-10-01T11:23:38.7406500Z [  14% ] [90m[1mupdate_scripts_classes[22m | [39m[0m
2026-10-01T11:23:38.7406889Z [  14% ] [90m[1mupdate_scripts_classes[22m | [39m[0m
2026-10-01T11:23:38.7407269Z [  14% ] [90m[1mupdate_scripts_classes[22m | [39m[0m
2026-10-01T11:23:38.7407634Z [  14% ] [90m[1mupdate_scripts_classes[22m | [39m[0m
2026-10-01T11:23:38.7408000Z [  14% ] [90m[1mupdate_scripts_classes[22m | [39m[0m
2026-10-01T11:23:38.7408370Z [  14% ] [90m[1mupdate_scripts_classes[22m | [39m[0m
2026-10-01T11:23:38.7408736Z [  14% ] [90m[1mupdate_scripts_classes[22m | [39m[0m
2026-10-01T11:23:38.7409108Z [  14% ] [90m[1mupdate_scripts_classes[22m | [39m[0m
2026-10-01T11:23:38.7409477Z [  14% ] [90m[1mupdate_scripts_classes[22m | [39m[0m
2026-10-01T11:23:38.7409850Z [  14% ] [90m[1mupdate_scripts_classes[22m | [39m[0m
2026-10-01T11:23:38.7410219Z [  14% ] [90m[1mupdate_scripts_classes[22m | [39m[0m
2026-10-01T11:23:38.7410587Z [  14% ] [90m[1mupdate_scripts_classes[22m | [39m[0m
2026-10-01T11:23:38.7410960Z [  14% ] [90m[1mupdate_scripts_classes[22m | [39m[0m
2026-10-01T11:23:38.7411655Z [  14% ] [90m[1mupdate_scripts_classes[22m | [39m[0m
2026-10-01T11:23:38.7412048Z [  14% ] [90m[1mupdate_scripts_classes[22m | [39m[0m
2026-10-01T11:23:38.7412424Z [  14% ] [90m[1mupdate_scripts_classes[22m | [39m[0m
2026-10-01T11:23:38.7412791Z [  14% ] [90m[1mupdate_scripts_classes[22m | [39m[0m
2026-10-01T11:23:38.7413164Z [  15% ] [90m[1mupdate_scripts_classes[22m | [39m[0m
2026-10-01T11:23:38.7413532Z [  15% ] [90m[1mupdate_scripts_classes[22m | [39m[0m
2026-10-01T11:23:38.7413899Z [  15% ] [90m[1mupdate_scripts_classes[22m | [39m[0m
2026-10-01T11:23:38.7414268Z [  15% ] [90m[1mupdate_scripts_classes[22m | [39m[0m
2026-10-01T11:23:38.7414813Z [  15% ] [90m[1mupdate_scripts_classes[22m | [39m[0m
2026-10-01T11:23:38.7415189Z [  15% ] [90m[1mupdate_scripts_classes[22m | [39m[0m
2026-10-01T11:23:38.7415669Z [  15% ] [90m[1mupdate_scripts_classes[22m | [39m[0m
2026-10-01T11:23:38.7416043Z [  15% ] [90m[1mupdate_scripts_classes[22m | [39m[0m
2026-10-01T11:23:38.7416422Z [  15% ] [90m[1mupdate_scripts_classes[22m | [39m[0m
2026-10-01T11:23:38.7416788Z [  15% ] [90m[1mupdate_scripts_classes[22m | [39m[0m
2026-10-01T11:23:38.7417159Z [  15% ] [90m[1mupdate_scripts_classes[22m | [39m[0m
2026-10-01T11:23:38.7417524Z [  15% ] [90m[1mupdate_scripts_classes[22m | [39m[0m
2026-10-01T11:23:38.7417891Z [  15% ] [90m[1mupdate_scripts_classes[22m | [39m[0m
2026-10-01T11:23:38.7418260Z [  15% ] [90m[1mupdate_scripts_classes[22m | [39m[0m
2026-10-01T11:23:38.7418632Z [  15% ] [90m[1mupdate_scripts_classes[22m | [39m[0m
2026-10-01T11:23:38.7419001Z [  15% ] [90m[1mupdate_scripts_classes[22m | [39m[0m
2026-10-01T11:23:38.7419376Z [  15% ] [90m[1mupdate_scripts_classes[22m | [39m[0m
2026-10-01T11:23:38.7419740Z [  15% ] [90m[1mupdate_scripts_classes[22m | [39m[0m
2026-10-01T11:23:38.7420119Z [  15% ] [90m[1mupdate_scripts_classes[22m | [39m[0m
2026-10-01T11:23:38.7420487Z [  15% ] [90m[1mupdate_scripts_classes[22m | [39m[0m
2026-10-01T11:23:38.7420852Z [  15% ] [90m[1mupdate_scripts_classes[22m | [39m[0m
2026-10-01T11:23:38.7421475Z [  15% ] [90m[1mupdate_scripts_classes[22m | [39m[0m
2026-10-01T11:23:38.7421868Z [  15% ] [90m[1mupdate_scripts_classes[22m | [39m[0m
2026-10-01T11:23:38.7422252Z [  15% ] [90m[1mupdate_scripts_classes[22m | [39m[0m
2026-10-01T11:23:38.7422623Z [  15% ] [90m[1mupdate_scripts_classes[22m | [39m[0m
2026-10-01T11:23:38.7422991Z [  15% ] [90m[1mupdate_scripts_classes[22m | [39m[0m
2026-10-01T11:23:38.7423351Z [  15% ] [90m[1mupdate_scripts_classes[22m | [39m[0m
2026-10-01T11:23:38.7423731Z [  15% ] [90m[1mupdate_scripts_classes[22m | [39m[0m
2026-10-01T11:23:38.7424112Z [  16% ] [90m[1mupdate_scripts_classes[22m | [39m[0m
2026-10-01T11:23:38.7424482Z [  16% ] [90m[1mupdate_scripts_classes[22m | [39m[0m
2026-10-01T11:23:38.7424861Z [  16% ] [90m[1mupdate_scripts_classes[22m | [39m[0m
2026-10-01T11:23:38.7425242Z [  16% ] [90m[1mupdate_scripts_classes[22m | [39m[0m
2026-10-01T11:23:38.7425618Z [  16% ] [90m[1mupdate_scripts_classes[22m | [39m[0m
2026-10-01T11:23:38.7425989Z [  16% ] [90m[1mupdate_scripts_classes[22m | [39m[0m
2026-10-01T11:23:38.7426354Z [  16% ] [90m[1mupdate_scripts_classes[22m | [39m[0m
2026-10-01T11:23:38.7426720Z [  16% ] [90m[1mupdate_scripts_classes[22m | [39m[0m
2026-10-01T11:23:38.7427081Z [  16% ] [90m[1mupdate_scripts_classes[22m | [39m[0m
2026-10-01T11:23:38.7427442Z [  16% ] [90m[1mupdate_scripts_classes[22m | [39m[0m
2026-10-01T11:23:38.7427812Z [  16% ] [90m[1mupdate_scripts_classes[22m | [39m[0m
2026-10-01T11:23:38.7428185Z [  16% ] [90m[1mupdate_scripts_classes[22m | [39m[0m
2026-10-01T11:23:38.7428562Z [  16% ] [90m[1mupdate_scripts_classes[22m | [39m[0m
2026-10-01T11:23:38.7428950Z [  16% ] [90m[1mupdate_scripts_classes[22m | [39m[0m
2026-10-01T11:23:38.7429319Z [  16% ] [90m[1mupdate_scripts_classes[22m | [39m[0m
2026-10-01T11:23:38.7429689Z [  16% ] [90m[1mupdate_scripts_classes[22m | [39m[0m
2026-10-01T11:23:38.7430068Z [  16% ] [90m[1mupdate_scripts_classes[22m | [39m[0m
2026-10-01T11:23:38.7430441Z [  16% ] [90m[1mupdate_scripts_classes[22m | [39m[0m
2026-10-01T11:23:38.7430809Z [  16% ] [90m[1mupdate_scripts_classes[22m | [39m[0m
2026-10-01T11:23:38.7431175Z [  16% ] [90m[1mupdate_scripts_classes[22m | [39m[0m
2026-10-01T11:23:38.7431861Z [  16% ] [90m[1mupdate_scripts_classes[22m | [39m[0m
2026-10-01T11:23:38.7432232Z [  16% ] [90m[1mupdate_scripts_classes[22m | [39m[0m
2026-10-01T11:23:38.7432596Z [  16% ] [90m[1mupdate_scripts_classes[22m | [39m[0m
2026-10-01T11:23:38.7433136Z [  16% ] [90m[1mupdate_scripts_classes[22m | [39m[0m
2026-10-01T11:23:38.7433502Z [  16% ] [90m[1mupdate_scripts_classes[22m | [39m[0m
2026-10-01T11:23:38.7434013Z [  16% ] [90m[1mupdate_scripts_classes[22m | [39m[0m
2026-10-01T11:23:38.7434386Z [  16% ] [90m[1mupdate_scripts_classes[22m | [39m[0m
2026-10-01T11:23:38.7434751Z [  17% ] [90m[1mupdate_scripts_classes[22m | [39m[0m
2026-10-01T11:23:38.7435118Z [  17% ] [90m[1mupdate_scripts_classes[22m | [39m[0m
2026-10-01T11:23:38.7435482Z [  17% ] [90m[1mupdate_scripts_classes[22m | [39m[0m
2026-10-01T11:23:38.7435849Z [  17% ] [90m[1mupdate_scripts_classes[22m | [39m[0m
2026-10-01T11:23:38.7436214Z [  17% ] [90m[1mupdate_scripts_classes[22m | [39m[0m
2026-10-01T11:23:38.7436576Z [  17% ] [90m[1mupdate_scripts_classes[22m | [39m[0m
2026-10-01T11:23:38.7436942Z [  17% ] [90m[1mupdate_scripts_classes[22m | [39m[0m
2026-10-01T11:23:38.7437306Z [  17% ] [90m[1mupdate_scripts_classes[22m | [39m[0m
2026-10-01T11:23:38.7437679Z [  17% ] [90m[1mupdate_scripts_classes[22m | [39m[0m
2026-10-01T11:23:38.7438043Z [  17% ] [90m[1mupdate_scripts_classes[22m | [39m[0m
2026-10-01T11:23:38.7438412Z [  17% ] [90m[1mupdate_scripts_classes[22m | [39m[0m
2026-10-01T11:23:38.7438783Z [  17% ] [90m[1mupdate_scripts_classes[22m | [39m[0m
2026-10-01T11:23:38.7439147Z [  17% ] [90m[1mupdate_scripts_classes[22m | [39m[0m
2026-10-01T11:23:38.7439519Z [  17% ] [90m[1mupdate_scripts_classes[22m | [39m[0m
2026-10-01T11:23:38.7439882Z [  17% ] [90m[1mupdate_scripts_classes[22m | [39m[0m
2026-10-01T11:23:38.7440243Z [  17% ] [90m[1mupdate_scripts_classes[22m | [39m[0m
2026-10-01T11:23:38.7440612Z [  17% ] [90m[1mupdate_scripts_classes[22m | [39m[0m
2026-10-01T11:23:38.7440974Z [  17% ] [90m[1mupdate_scripts_classes[22m | [39m[0m
2026-10-01T11:23:38.7441642Z [  17% ] [90m[1mupdate_scripts_classes[22m | [39m[0m
2026-10-01T11:23:38.7442032Z [  17% ] [90m[1mupdate_scripts_classes[22m | [39m[0m
2026-10-01T11:23:38.7442398Z [  17% ] [90m[1mupdate_scripts_classes[22m | [39m[0m
2026-10-01T11:23:38.7442772Z [  17% ] [90m[1mupdate_scripts_classes[22m | [39m[0m
2026-10-01T11:23:38.7443359Z [  17% ] [90m[1mupdate_scripts_classes[22m | [39m[0m
2026-10-01T11:23:38.7443740Z [  17% ] [90m[1mupdate_scripts_classes[22m | [39m[0m
2026-10-01T11:23:38.7444112Z [  17% ] [90m[1mupdate_scripts_classes[22m | [39m[0m
2026-10-01T11:23:38.7444475Z [  17% ] [90m[1mupdate_scripts_classes[22m | [39m[0m
2026-10-01T11:23:38.7444845Z [  17% ] [90m[1mupdate_scripts_classes[22m | [39m[0m
2026-10-01T11:23:38.7445209Z [  18% ] [90m[1mupdate_scripts_classes[22m | [39m[0m
2026-10-01T11:23:38.7445571Z [  18% ] [90m[1mupdate_scripts_classes[22m | [39m[0m
2026-10-01T11:23:38.7445938Z [  18% ] [90m[1mupdate_scripts_classes[22m | [39m[0m
2026-10-01T11:23:38.7446306Z [  18% ] [90m[1mupdate_scripts_classes[22m | [39m[0m
2026-10-01T11:23:38.7446681Z [  18% ] [90m[1mupdate_scripts_classes[22m | [39m[0m
2026-10-01T11:23:38.7447046Z [  18% ] [90m[1mupdate_scripts_classes[22m | [39m[0m
2026-10-01T11:23:38.7447418Z [  18% ] [90m[1mupdate_scripts_classes[22m | [39m[0m
2026-10-01T11:23:38.7447788Z [  18% ] [90m[1mupdate_scripts_classes[22m | [39m[0m
2026-10-01T11:23:38.7448153Z [  18% ] [90m[1mupdate_scripts_classes[22m | [39m[0m
2026-10-01T11:23:38.7448525Z [  18% ] [90m[1mupdate_scripts_classes[22m | [39m[0m
2026-10-01T11:23:38.7448890Z [  18% ] [90m[1mupdate_scripts_classes[22m | [39m[0m
2026-10-01T11:23:38.7449252Z [  18% ] [90m[1mupdate_scripts_classes[22m | [39m[0m
2026-10-01T11:23:38.7449622Z [  18% ] [90m[1mupdate_scripts_classes[22m | [39m[0m
2026-10-01T11:23:38.7449988Z [  18% ] [90m[1mupdate_scripts_classes[22m | [39m[0m
2026-10-01T11:23:38.7450362Z [  18% ] [90m[1mupdate_scripts_classes[22m | [39m[0m
2026-10-01T11:23:38.7450727Z [  18% ] [90m[1mupdate_scripts_classes[22m | [39m[0m
2026-10-01T11:23:38.7451588Z [  18% ] [90m[1mupdate_scripts_classes[22m | [39m[0m
2026-10-01T11:23:38.7452090Z [  18% ] [90m[1mupdate_scripts_classes[22m | [39m[0m
2026-10-01T11:23:38.7452623Z [  18% ] [90m[1mupdate_scripts_classes[22m | [39m[0m
2026-10-01T11:23:38.7453049Z [  18% ] [90m[1mupdate_scripts_classes[22m | [39m[0m
2026-10-01T11:23:38.7453424Z [  18% ] [90m[1mupdate_scripts_classes[22m | [39m[0m
2026-10-01T11:23:38.7453789Z [  18% ] [90m[1mupdate_scripts_classes[22m | [39m[0m
2026-10-01T11:23:38.7454178Z [  18% ] [90m[1mupdate_scripts_classes[22m | [39m[0m
2026-10-01T11:23:38.7454552Z [  18% ] [90m[1mupdate_scripts_classes[22m | [39m[0m
2026-10-01T11:23:38.7454919Z [  18% ] [90m[1mupdate_scripts_classes[22m | [39m[0m
2026-10-01T11:23:38.7455292Z [  18% ] [90m[1mupdate_scripts_classes[22m | [39m[0m
2026-10-01T11:23:38.7455659Z [  18% ] [90m[1mupdate_scripts_classes[22m | [39m[0m
2026-10-01T11:23:38.7456031Z [  19% ] [90m[1mupdate_scripts_classes[22m | [39m[0m
2026-10-01T11:23:38.7456400Z [  19% ] [90m[1mupdate_scripts_classes[22m | [39m[0m
2026-10-01T11:23:38.7456763Z [  19% ] [90m[1mupdate_scripts_classes[22m | [39m[0m
2026-10-01T11:23:38.7457137Z [  19% ] [90m[1mupdate_scripts_classes[22m | [39m[0m
2026-10-01T11:23:38.7457504Z [  19% ] [90m[1mupdate_scripts_classes[22m | [39m[0m
2026-10-01T11:23:38.7457874Z [  19% ] [90m[1mupdate_scripts_classes[22m | [39m[0m
2026-10-01T11:23:38.7458237Z [  19% ] [90m[1mupdate_scripts_classes[22m | [39m[0m
2026-10-01T11:23:38.7458602Z [  19% ] [90m[1mupdate_scripts_classes[22m | [39m[0m
2026-10-01T11:23:38.7458971Z [  19% ] [90m[1mupdate_scripts_classes[22m | [39m[0m
2026-10-01T11:23:38.7459336Z [  19% ] [90m[1mupdate_scripts_classes[22m | [39m[0m
2026-10-01T11:23:38.7459704Z [  19% ] [90m[1mupdate_scripts_classes[22m | [39m[0m
2026-10-01T11:23:38.7460066Z [  19% ] [90m[1mupdate_scripts_classes[22m | [39m[0m
2026-10-01T11:23:38.7460435Z [  19% ] [90m[1mupdate_scripts_classes[22m | [39m[0m
2026-10-01T11:23:38.7460806Z [  19% ] [90m[1mupdate_scripts_classes[22m | [39m[0m
2026-10-01T11:23:38.7461169Z [  19% ] [90m[1mupdate_scripts_classes[22m | [39m[0m
2026-10-01T11:23:38.7461691Z [  19% ] [90m[1mupdate_scripts_classes[22m | [39m[0m
2026-10-01T11:23:38.7462060Z [  19% ] [90m[1mupdate_scripts_classes[22m | [39m[0m
2026-10-01T11:23:38.7462424Z [  19% ] [90m[1mupdate_scripts_classes[22m | [39m[0m
2026-10-01T11:23:38.7462796Z [  19% ] [90m[1mupdate_scripts_classes[22m | [39m[0m
2026-10-01T11:23:38.7463161Z [  19% ] [90m[1mupdate_scripts_classes[22m | [39m[0m
2026-10-01T11:23:38.7463524Z [  19% ] [90m[1mupdate_scripts_classes[22m | [39m[0m
2026-10-01T11:23:38.7463894Z [  19% ] [90m[1mupdate_scripts_classes[22m | [39m[0m
2026-10-01T11:23:38.7464260Z [  19% ] [90m[1mupdate_scripts_classes[22m | [39m[0m
2026-10-01T11:23:38.7464631Z [  19% ] [90m[1mupdate_scripts_classes[22m | [39m[0m
2026-10-01T11:23:38.7465003Z [  19% ] [90m[1mupdate_scripts_classes[22m | [39m[0m
2026-10-01T11:23:38.7465371Z [  19% ] [90m[1mupdate_scripts_classes[22m | [39m[0m
2026-10-01T11:23:38.7465746Z [  19% ] [90m[1mupdate_scripts_classes[22m | [39m[0m
2026-10-01T11:23:38.7466113Z [  20% ] [90m[1mupdate_scripts_classes[22m | [39m[0m
2026-10-01T11:23:38.7466519Z [  20% ] [90m[1mupdate_scripts_classes[22m | [39m[0m
2026-10-01T11:23:38.7466898Z [  20% ] [90m[1mupdate_scripts_classes[22m | [39m[0m
2026-10-01T11:23:38.7467267Z [  20% ] [90m[1mupdate_scripts_classes[22m | [39m[0m
2026-10-01T11:23:38.7467889Z [  20% ] [90m[1mupdate_scripts_classes[22m | [39m[0m
2026-10-01T11:23:38.7468273Z [  20% ] [90m[1mupdate_scripts_classes[22m | [39m[0m
2026-10-01T11:23:38.7468646Z [  20% ] [90m[1mupdate_scripts_classes[22m | [39m[0m
2026-10-01T11:23:38.7469012Z [  20% ] [90m[1mupdate_scripts_classes[22m | [39m[0m
2026-10-01T11:23:38.7469376Z [  20% ] [90m[1mupdate_scripts_classes[22m | [39m[0m
2026-10-01T11:23:38.7469895Z [  20% ] [90m[1mupdate_scripts_classes[22m | [39m[0m
2026-10-01T11:23:38.7470269Z [  20% ] [90m[1mupdate_scripts_classes[22m | [39m[0m
2026-10-01T11:23:38.7470750Z [  20% ] [90m[1mupdate_scripts_classes[22m | [39m[0m
2026-10-01T11:23:38.7471123Z [  20% ] [90m[1mupdate_scripts_classes[22m | [39m[0m
2026-10-01T11:23:38.7471635Z [  20% ] [90m[1mupdate_scripts_classes[22m | [39m[0m
2026-10-01T11:23:38.7472016Z [  20% ] [90m[1mupdate_scripts_classes[22m | [39m[0m
2026-10-01T11:23:38.7472385Z [  20% ] [90m[1mupdate_scripts_classes[22m | [39m[0m
2026-10-01T11:23:38.7472754Z [  20% ] [90m[1mupdate_scripts_classes[22m | [39m[0m
2026-10-01T11:23:38.7473123Z [  20% ] [90m[1mupdate_scripts_classes[22m | [39m[0m
2026-10-01T11:23:38.7473488Z [  20% ] [90m[1mupdate_scripts_classes[22m | [39m[0m
2026-10-01T11:23:38.7473859Z [  20% ] [90m[1mupdate_scripts_classes[22m | [39m[0m
2026-10-01T11:23:38.7474228Z [  20% ] [90m[1mupdate_scripts_classes[22m | [39m[0m
2026-10-01T11:23:38.7474598Z [  20% ] [90m[1mupdate_scripts_classes[22m | [39m[0m
2026-10-01T11:23:38.7474969Z [  20% ] [90m[1mupdate_scripts_classes[22m | [39m[0m
2026-10-01T11:23:38.7475340Z [  20% ] [90m[1mupdate_scripts_classes[22m | [39m[0m
2026-10-01T11:23:38.7475712Z [  20% ] [90m[1mupdate_scripts_classes[22m | [39m[0m
2026-10-01T11:23:38.7476076Z [  20% ] [90m[1mupdate_scripts_classes[22m | [39m[0m
2026-10-01T11:23:38.7476450Z [  20% ] [90m[1mupdate_scripts_classes[22m | [39m[0m
2026-10-01T11:23:38.7476827Z [  21% ] [90m[1mupdate_scripts_classes[22m | [39m[0m
2026-10-01T11:23:38.7477195Z [  21% ] [90m[1mupdate_scripts_classes[22m | [39m[0m
2026-10-01T11:23:38.7477568Z [  21% ] [90m[1mupdate_scripts_classes[22m | [39m[0m
2026-10-01T11:23:38.7477935Z [  21% ] [90m[1mupdate_scripts_classes[22m | [39m[0m
2026-10-01T11:23:38.7478303Z [  21% ] [90m[1mupdate_scripts_classes[22m | [39m[0m
2026-10-01T11:23:38.7478678Z [  21% ] [90m[1mupdate_scripts_classes[22m | [39m[0m
2026-10-01T11:23:38.7479043Z [  21% ] [90m[1mupdate_scripts_classes[22m | [39m[0m
2026-10-01T11:23:38.7479417Z [  21% ] [90m[1mupdate_scripts_classes[22m | [39m[0m
2026-10-01T11:23:38.7479784Z [  21% ] [90m[1mupdate_scripts_classes[22m | [39m[0m
2026-10-01T11:23:38.7480149Z [  21% ] [90m[1mupdate_scripts_classes[22m | [39m[0m
2026-10-01T11:23:38.7480519Z [  21% ] [90m[1mupdate_scripts_classes[22m | [39m[0m
2026-10-01T11:23:38.7480886Z [  21% ] [90m[1mupdate_scripts_classes[22m | [39m[0m
2026-10-01T11:23:38.7481406Z [  21% ] [90m[1mupdate_scripts_classes[22m | [39m[0m
2026-10-01T11:23:38.7481853Z [  21% ] [90m[1mupdate_scripts_classes[22m | [39m[0m
2026-10-01T11:23:38.7482224Z [  21% ] [90m[1mupdate_scripts_classes[22m | [39m[0m
2026-10-01T11:23:38.7482598Z [  21% ] [90m[1mupdate_scripts_classes[22m | [39m[0m
2026-10-01T11:23:38.7482963Z [  21% ] [90m[1mupdate_scripts_classes[22m | [39m[0m
2026-10-01T11:23:38.7483353Z [  21% ] [90m[1mupdate_scripts_classes[22m | [39m[0m
2026-10-01T11:23:38.7483728Z [  21% ] [90m[1mupdate_scripts_classes[22m | [39m[0m
2026-10-01T11:23:38.7484098Z [  21% ] [90m[1mupdate_scripts_classes[22m | [39m[0m
2026-10-01T11:23:38.7484485Z [  21% ] [90m[1mupdate_scripts_classes[22m | [39m[0m
2026-10-01T11:23:38.7484857Z [  21% ] [90m[1mupdate_scripts_classes[22m | [39m[0m
2026-10-01T11:23:38.7485230Z [  21% ] [90m[1mupdate_scripts_classes[22m | [39m[0m
2026-10-01T11:23:38.7485592Z [  21% ] [90m[1mupdate_scripts_classes[22m | [39m[0m
2026-10-01T11:23:38.7485958Z [  21% ] [90m[1mupdate_scripts_classes[22m | [39m[0m
2026-10-01T11:23:38.7486329Z [  21% ] [90m[1mupdate_scripts_classes[22m | [39m[0m
2026-10-01T11:23:38.7486694Z [  21% ] [90m[1mupdate_scripts_classes[22m | [39m[0m
2026-10-01T11:23:38.7487058Z [  22% ] [90m[1mupdate_scripts_classes[22m | [39m[0m
2026-10-01T11:23:38.7487427Z [  22% ] [90m[1mupdate_scripts_classes[22m | [39m[0m
2026-10-01T11:23:38.7487932Z [  22% ] [90m[1mupdate_scripts_classes[22m | [39m[0m
2026-10-01T11:23:38.7488305Z [  22% ] [90m[1mupdate_scripts_classes[22m | [39m[0m
2026-10-01T11:23:38.7488775Z [  22% ] [90m[1mupdate_scripts_classes[22m | [39m[0m
2026-10-01T11:23:38.7489149Z [  22% ] [90m[1mupdate_scripts_classes[22m | [39m[0m
2026-10-01T11:23:38.7489523Z [  22% ] [90m[1mupdate_scripts_classes[22m | [39m[0m
2026-10-01T11:23:38.7489892Z [  22% ] [90m[1mupdate_scripts_classes[22m | [39m[0m
2026-10-01T11:23:38.7490263Z [  22% ] [90m[1mupdate_scripts_classes[22m | [39m[0m
2026-10-01T11:23:38.7490624Z [  22% ] [90m[1mupdate_scripts_classes[22m | [39m[0m
2026-10-01T11:23:38.7490992Z [  22% ] [90m[1mupdate_scripts_classes[22m | [39m[0m
2026-10-01T11:23:38.7491512Z [  22% ] [90m[1mupdate_scripts_classes[22m | [39m[0m
2026-10-01T11:23:38.7491874Z [  22% ] [90m[1mupdate_scripts_classes[22m | [39m[0m
2026-10-01T11:23:38.7492247Z [  22% ] [90m[1mupdate_scripts_classes[22m | [39m[0m
2026-10-01T11:23:38.7492622Z [  22% ] [90m[1mupdate_scripts_classes[22m | [39m[0m
2026-10-01T11:23:38.7492986Z [  22% ] [90m[1mupdate_scripts_classes[22m | [39m[0m
2026-10-01T11:23:38.7493358Z [  22% ] [90m[1mupdate_scripts_classes[22m | [39m[0m
2026-10-01T11:23:38.7493724Z [  22% ] [90m[1mupdate_scripts_classes[22m | [39m[0m
2026-10-01T11:23:38.7494087Z [  22% ] [90m[1mupdate_scripts_classes[22m | [39m[0m
2026-10-01T11:23:38.7494457Z [  22% ] [90m[1mupdate_scripts_classes[22m | [39m[0m
2026-10-01T11:23:38.7494824Z [  22% ] [90m[1mupdate_scripts_classes[22m | [39m[0m
2026-10-01T11:23:38.7495193Z [  22% ] [90m[1mupdate_scripts_classes[22m | [39m[0m
2026-10-01T11:23:38.7495556Z [  22% ] [90m[1mupdate_scripts_classes[22m | [39m[0m
2026-10-01T11:23:38.7495919Z [  22% ] [90m[1mupdate_scripts_classes[22m | [39m[0m
2026-10-01T11:23:38.7496290Z [  22% ] [90m[1mupdate_scripts_classes[22m | [39m[0m
2026-10-01T11:23:38.7496655Z [  22% ] [90m[1mupdate_scripts_classes[22m | [39m[0m
2026-10-01T11:23:38.7497026Z [  22% ] [90m[1mupdate_scripts_classes[22m | [39m[0m
2026-10-01T11:23:38.7497396Z [  23% ] [90m[1mupdate_scripts_classes[22m | [39m[0m
2026-10-01T11:23:38.7497762Z [  23% ] [90m[1mupdate_scripts_classes[22m | [39m[0m
2026-10-01T11:23:38.7498134Z [  23% ] [90m[1mupdate_scripts_classes[22m | [39m[0m
2026-10-01T11:23:38.7498498Z [  23% ] [90m[1mupdate_scripts_classes[22m | [39m[0m
2026-10-01T11:23:38.7498862Z [  23% ] [90m[1mupdate_scripts_classes[22m | [39m[0m
2026-10-01T11:23:38.7499232Z [  23% ] [90m[1mupdate_scripts_classes[22m | [39m[0m
2026-10-01T11:23:38.7499596Z [  23% ] [90m[1mupdate_scripts_classes[22m | [39m[0m
2026-10-01T11:23:38.7499966Z [  23% ] [90m[1mupdate_scripts_classes[22m | [39m[0m
2026-10-01T11:23:38.7500329Z [  23% ] [90m[1mupdate_scripts_classes[22m | [39m[0m
2026-10-01T11:23:38.7500694Z [  23% ] [90m[1mupdate_scripts_classes[22m | [39m[0m
2026-10-01T11:23:38.7501071Z [  23% ] [90m[1mupdate_scripts_classes[22m | [39m[0m
2026-10-01T11:23:38.7501557Z [  23% ] [90m[1mupdate_scripts_classes[22m | [39m[0m
2026-10-01T11:23:38.7501932Z [  23% ] [90m[1mupdate_scripts_classes[22m | [39m[0m
2026-10-01T11:23:38.7502297Z [  23% ] [90m[1mupdate_scripts_classes[22m | [39m[0m
2026-10-01T11:23:38.7502661Z [  23% ] [90m[1mupdate_scripts_classes[22m | [39m[0m
2026-10-01T11:23:38.7503030Z [  23% ] [90m[1mupdate_scripts_classes[22m | [39m[0m
2026-10-01T11:23:38.7503398Z [  23% ] [90m[1mupdate_scripts_classes[22m | [39m[0m
2026-10-01T11:23:38.7503771Z [  23% ] [90m[1mupdate_scripts_classes[22m | [39m[0m
2026-10-01T11:23:38.7504137Z [  23% ] [90m[1mupdate_scripts_classes[22m | [39m[0m
2026-10-01T11:23:38.7504501Z [  23% ] [90m[1mupdate_scripts_classes[22m | [39m[0m
2026-10-01T11:23:38.7504872Z [  23% ] [90m[1mupdate_scripts_classes[22m | [39m[0m
2026-10-01T11:23:38.7505236Z [  23% ] [90m[1mupdate_scripts_classes[22m | [39m[0m
2026-10-01T11:23:38.7505734Z [  23% ] [90m[1mupdate_scripts_classes[22m | [39m[0m
2026-10-01T11:23:38.7506105Z [  23% ] [90m[1mupdate_scripts_classes[22m | [39m[0m
2026-10-01T11:23:38.7506571Z [  23% ] [90m[1mupdate_scripts_classes[22m | [39m[0m
2026-10-01T11:23:38.7506950Z [  23% ] [90m[1mupdate_scripts_classes[22m | [39m[0m
2026-10-01T11:23:38.7507314Z [  23% ] [90m[1mupdate_scripts_classes[22m | [39m[0m
2026-10-01T11:23:38.7507679Z [  23% ] [90m[1mupdate_scripts_classes[22m | [39m[0m
2026-10-01T11:23:38.7508046Z [  24% ] [90m[1mupdate_scripts_classes[22m | [39m[0m
2026-10-01T11:23:38.7508413Z [  24% ] [90m[1mupdate_scripts_classes[22m | [39m[0m
2026-10-01T11:23:38.7508777Z [  24% ] [90m[1mupdate_scripts_classes[22m | [39m[0m
2026-10-01T11:23:38.7509140Z [  24% ] [90m[1mupdate_scripts_classes[22m | [39m[0m
2026-10-01T11:23:38.7509504Z [  24% ] [90m[1mupdate_scripts_classes[22m | [39m[0m
2026-10-01T11:23:38.7509874Z [  24% ] [90m[1mupdate_scripts_classes[22m | [39m[0m
2026-10-01T11:23:38.7510244Z [  24% ] [90m[1mupdate_scripts_classes[22m | [39m[0m
2026-10-01T11:23:38.7510616Z [  24% ] [90m[1mupdate_scripts_classes[22m | [39m[0m
2026-10-01T11:23:38.7510981Z [  24% ] [90m[1mupdate_scripts_classes[22m | [39m[0m
2026-10-01T11:23:38.7511465Z [  24% ] [90m[1mupdate_scripts_classes[22m | [39m[0m
2026-10-01T11:23:38.7511836Z [  24% ] [90m[1mupdate_scripts_classes[22m | [39m[0m
2026-10-01T11:23:38.7512200Z [  24% ] [90m[1mupdate_scripts_classes[22m | [39m[0m
2026-10-01T11:23:38.7512579Z [  24% ] [90m[1mupdate_scripts_classes[22m | [39m[0m
2026-10-01T11:23:38.7512943Z [  24% ] [90m[1mupdate_scripts_classes[22m | [39m[0m
2026-10-01T11:23:38.7513310Z [  24% ] [90m[1mupdate_scripts_classes[22m | [39m[0m
2026-10-01T11:23:38.7513680Z [  24% ] [90m[1mupdate_scripts_classes[22m | [39m[0m
2026-10-01T11:23:38.7514047Z [  24% ] [90m[1mupdate_scripts_classes[22m | [39m[0m
2026-10-01T11:23:38.7514418Z [  24% ] [90m[1mupdate_scripts_classes[22m | [39m[0m
2026-10-01T11:23:38.7514787Z [  24% ] [90m[1mupdate_scripts_classes[22m | [39m[0m
2026-10-01T11:23:38.7515147Z [  24% ] [90m[1mupdate_scripts_classes[22m | [39m[0m
2026-10-01T11:23:38.7515519Z [  24% ] [90m[1mupdate_scripts_classes[22m | [39m[0m
2026-10-01T11:23:38.7515883Z [  24% ] [90m[1mupdate_scripts_classes[22m | [39m[0m
2026-10-01T11:23:38.7516245Z [  24% ] [90m[1mupdate_scripts_classes[22m | [39m[0m
2026-10-01T11:23:38.7516616Z [  24% ] [90m[1mupdate_scripts_classes[22m | [39m[0m
2026-10-01T11:23:38.7516983Z [  24% ] [90m[1mupdate_scripts_classes[22m | [39m[0m
2026-10-01T11:23:38.7517356Z [  24% ] [90m[1mupdate_scripts_classes[22m | [39m[0m
2026-10-01T11:23:38.7517728Z [  24% ] [90m[1mupdate_scripts_classes[22m | [39m[0m
2026-10-01T11:23:38.7518093Z [  25% ] [90m[1mupdate_scripts_classes[22m | [39m[0m
2026-10-01T11:23:38.7518462Z [  25% ] [90m[1mupdate_scripts_classes[22m | [39m[0m
2026-10-01T11:23:38.7518834Z [  25% ] [90m[1mupdate_scripts_classes[22m | [39m[0m
2026-10-01T11:23:38.7519203Z [  25% ] [90m[1mupdate_scripts_classes[22m | [39m[0m
2026-10-01T11:23:38.7519568Z [  25% ] [90m[1mupdate_scripts_classes[22m | [39m[0m
2026-10-01T11:23:38.7519936Z [  25% ] [90m[1mupdate_scripts_classes[22m | [39m[0m
2026-10-01T11:23:38.7520304Z [  25% ] [90m[1mupdate_scripts_classes[22m | [39m[0m
2026-10-01T11:23:38.7520674Z [  25% ] [90m[1mupdate_scripts_classes[22m | [39m[0m
2026-10-01T11:23:38.7521044Z [  25% ] [90m[1mupdate_scripts_classes[22m | [39m[0m
2026-10-01T11:23:38.7521794Z [  25% ] [90m[1mupdate_scripts_classes[22m | [39m[0m
2026-10-01T11:23:38.7522165Z [  25% ] [90m[1mupdate_scripts_classes[22m | [39m[0m
2026-10-01T11:23:38.7522537Z [  25% ] [90m[1mupdate_scripts_classes[22m | [39m[0m
2026-10-01T11:23:38.7522902Z [  25% ] [90m[1mupdate_scripts_classes[22m | [39m[0m
2026-10-01T11:23:38.7523269Z [  25% ] [90m[1mupdate_scripts_classes[22m | [39m[0m
2026-10-01T11:23:38.7523786Z [  25% ] [90m[1mupdate_scripts_classes[22m | [39m[0m
2026-10-01T11:23:38.7524153Z [  25% ] [90m[1mupdate_scripts_classes[22m | [39m[0m
2026-10-01T11:23:38.7524637Z [  25% ] [90m[1mupdate_scripts_classes[22m | [39m[0m
2026-10-01T11:23:38.7525013Z [  25% ] [90m[1mupdate_scripts_classes[22m | [39m[0m
2026-10-01T11:23:38.7525421Z [  25% ] [90m[1mupdate_scripts_classes[22m | [39m[0m
2026-10-01T11:23:38.7525791Z [  25% ] [90m[1mupdate_scripts_classes[22m | [39m[0m
2026-10-01T11:23:38.7526158Z [  25% ] [90m[1mupdate_scripts_classes[22m | [39m[0m
2026-10-01T11:23:38.7526526Z [  25% ] [90m[1mupdate_scripts_classes[22m | [39m[0m
2026-10-01T11:23:38.7526889Z [  25% ] [90m[1mupdate_scripts_classes[22m | [39m[0m
2026-10-01T11:23:38.7527254Z [  25% ] [90m[1mupdate_scripts_classes[22m | [39m[0m
2026-10-01T11:23:38.7527631Z [  25% ] [90m[1mupdate_scripts_classes[22m | [39m[0m
2026-10-01T11:23:38.7527995Z [  25% ] [90m[1mupdate_scripts_classes[22m | [39m[0m
2026-10-01T11:23:38.7528382Z [  25% ] [90m[1mupdate_scripts_classes[22m | [39m[0m
2026-10-01T11:23:38.7528750Z [  26% ] [90m[1mupdate_scripts_classes[22m | [39m[0m
2026-10-01T11:23:38.7529116Z [  26% ] [90m[1mupdate_scripts_classes[22m | [39m[0m
2026-10-01T11:23:38.7529485Z [  26% ] [90m[1mupdate_scripts_classes[22m | [39m[0m
2026-10-01T11:23:38.7529847Z [  26% ] [90m[1mupdate_scripts_classes[22m | [39m[0m
2026-10-01T11:23:38.7530215Z [  26% ] [90m[1mupdate_scripts_classes[22m | [39m[0m
2026-10-01T11:23:38.7530577Z [  26% ] [90m[1mupdate_scripts_classes[22m | [39m[0m
2026-10-01T11:23:38.7530942Z [  26% ] [90m[1mupdate_scripts_classes[22m | [39m[0m
2026-10-01T11:23:38.7531461Z [  26% ] [90m[1mupdate_scripts_classes[22m | [39m[0m
2026-10-01T11:23:38.7531834Z [  26% ] [90m[1mupdate_scripts_classes[22m | [39m[0m
2026-10-01T11:23:38.7532204Z [  26% ] [90m[1mupdate_scripts_classes[22m | [39m[0m
2026-10-01T11:23:38.7532570Z [  26% ] [90m[1mupdate_scripts_classes[22m | [39m[0m
2026-10-01T11:23:38.7532936Z [  26% ] [90m[1mupdate_scripts_classes[22m | [39m[0m
2026-10-01T11:23:38.7533305Z [  26% ] [90m[1mupdate_scripts_classes[22m | [39m[0m
2026-10-01T11:23:38.7533670Z [  26% ] [90m[1mupdate_scripts_classes[22m | [39m[0m
2026-10-01T11:23:38.7534042Z [  26% ] [90m[1mupdate_scripts_classes[22m | [39m[0m
2026-10-01T11:23:38.7534405Z [  26% ] [90m[1mupdate_scripts_classes[22m | [39m[0m
2026-10-01T11:23:38.7534769Z [  26% ] [90m[1mupdate_scripts_classes[22m | [39m[0m
2026-10-01T11:23:38.7535136Z [  26% ] [90m[1mupdate_scripts_classes[22m | [39m[0m
2026-10-01T11:23:38.7535499Z [  26% ] [90m[1mupdate_scripts_classes[22m | [39m[0m
2026-10-01T11:23:38.7535865Z [  26% ] [90m[1mupdate_scripts_classes[22m | [39m[0m
2026-10-01T11:23:38.7536230Z [  26% ] [90m[1mupdate_scripts_classes[22m | [39m[0m
2026-10-01T11:23:38.7536594Z [  26% ] [90m[1mupdate_scripts_classes[22m | [39m[0m
2026-10-01T11:23:38.7536967Z [  26% ] [90m[1mupdate_scripts_classes[22m | [39m[0m
2026-10-01T11:23:38.7537335Z [  26% ] [90m[1mupdate_scripts_classes[22m | [39m[0m
2026-10-01T11:23:38.7537699Z [  26% ] [90m[1mupdate_scripts_classes[22m | [39m[0m
2026-10-01T11:23:38.7538073Z [  26% ] [90m[1mupdate_scripts_classes[22m | [39m[0m
2026-10-01T11:23:38.7538439Z [  26% ] [90m[1mupdate_scripts_classes[22m | [39m[0m
2026-10-01T11:23:38.7538806Z [  27% ] [90m[1mupdate_scripts_classes[22m | [39m[0m
2026-10-01T11:23:38.7539170Z [  27% ] [90m[1mupdate_scripts_classes[22m | [39m[0m
2026-10-01T11:23:38.7539530Z [  27% ] [90m[1mupdate_scripts_classes[22m | [39m[0m
2026-10-01T11:23:38.7539899Z [  27% ] [90m[1mupdate_scripts_classes[22m | [39m[0m
2026-10-01T11:23:38.7540266Z [  27% ] [90m[1mupdate_scripts_classes[22m | [39m[0m
2026-10-01T11:23:38.7540634Z [  27% ] [90m[1mupdate_scripts_classes[22m | [39m[0m
2026-10-01T11:23:38.7540999Z [  27% ] [90m[1mupdate_scripts_classes[22m | [39m[0m
2026-10-01T11:23:38.7541663Z [  27% ] [90m[1mupdate_scripts_classes[22m | [39m[0m
2026-10-01T11:23:38.7542039Z [  27% ] [90m[1mupdate_scripts_classes[22m | [39m[0m
2026-10-01T11:23:38.7542517Z [  27% ] [90m[1mupdate_scripts_classes[22m | [39m[0m
2026-10-01T11:23:38.7542895Z [  27% ] [90m[1mupdate_scripts_classes[22m | [39m[0m
2026-10-01T11:23:38.7543261Z [  27% ] [90m[1mupdate_scripts_classes[22m | [39m[0m
2026-10-01T11:23:38.7543620Z [  27% ] [90m[1mupdate_scripts_classes[22m | [39m[0m
2026-10-01T11:23:38.7543992Z [  27% ] [90m[1mupdate_scripts_classes[22m | [39m[0m
2026-10-01T11:23:38.7544359Z [  27% ] [90m[1mupdate_scripts_classes[22m | [39m[0m
2026-10-01T11:23:38.7544726Z [  27% ] [90m[1mupdate_scripts_classes[22m | [39m[0m
2026-10-01T11:23:38.7545090Z [  27% ] [90m[1mupdate_scripts_classes[22m | [39m[0m
2026-10-01T11:23:38.7545455Z [  27% ] [90m[1mupdate_scripts_classes[22m | [39m[0m
2026-10-01T11:23:38.7545818Z [  27% ] [90m[1mupdate_scripts_classes[22m | [39m[0m
2026-10-01T11:23:38.7546186Z [  27% ] [90m[1mupdate_scripts_classes[22m | [39m[0m
2026-10-01T11:23:38.7546553Z [  27% ] [90m[1mupdate_scripts_classes[22m | [39m[0m
2026-10-01T11:23:38.7546921Z [  27% ] [90m[1mupdate_scripts_classes[22m | [39m[0m
2026-10-01T11:23:38.7547281Z [  27% ] [90m[1mupdate_scripts_classes[22m | [39m[0m
2026-10-01T11:23:38.7547652Z [  27% ] [90m[1mupdate_scripts_classes[22m | [39m[0m
2026-10-01T11:23:38.7548017Z [  27% ] [90m[1mupdate_scripts_classes[22m | [39m[0m
2026-10-01T11:23:38.7548384Z [  27% ] [90m[1mupdate_scripts_classes[22m | [39m[0m
2026-10-01T11:23:38.7548751Z [  27% ] [90m[1mupdate_scripts_classes[22m | [39m[0m
2026-10-01T11:23:38.7549120Z [  28% ] [90m[1mupdate_scripts_classes[22m | [39m[0m
2026-10-01T11:23:38.7549491Z [  28% ] [90m[1mupdate_scripts_classes[22m | [39m[0m
2026-10-01T11:23:38.7549855Z [  28% ] [90m[1mupdate_scripts_classes[22m | [39m[0m
2026-10-01T11:23:38.7550218Z [  28% ] [90m[1mupdate_scripts_classes[22m | [39m[0m
2026-10-01T11:23:38.7550591Z [  28% ] [90m[1mupdate_scripts_classes[22m | [39m[0m
2026-10-01T11:23:38.7550955Z [  28% ] [90m[1mupdate_scripts_classes[22m | [39m[0m
2026-10-01T11:23:38.7551451Z [  28% ] [90m[1mupdate_scripts_classes[22m | [39m[0m
2026-10-01T11:23:38.7551819Z [  28% ] [90m[1mupdate_scripts_classes[22m | [39m[0m
2026-10-01T11:23:38.7552193Z [  28% ] [90m[1mupdate_scripts_classes[22m | [39m[0m
2026-10-01T11:23:38.7552563Z [  28% ] [90m[1mupdate_scripts_classes[22m | [39m[0m
2026-10-01T11:23:38.7552963Z [  28% ] [90m[1mupdate_scripts_classes[22m | [39m[0m
2026-10-01T11:23:38.7553335Z [  28% ] [90m[1mupdate_scripts_classes[22m | [39m[0m
2026-10-01T11:23:38.7553700Z [  28% ] [90m[1mupdate_scripts_classes[22m | [39m[0m
2026-10-01T11:23:38.7554061Z [  28% ] [90m[1mupdate_scripts_classes[22m | [39m[0m
2026-10-01T11:23:38.7554431Z [  28% ] [90m[1mupdate_scripts_classes[22m | [39m[0m
2026-10-01T11:23:38.7554795Z [  28% ] [90m[1mupdate_scripts_classes[22m | [39m[0m
2026-10-01T11:23:38.7555169Z [  28% ] [90m[1mupdate_scripts_classes[22m | [39m[0m
2026-10-01T11:23:38.7555534Z [  28% ] [90m[1mupdate_scripts_classes[22m | [39m[0m
2026-10-01T11:23:38.7555902Z [  28% ] [90m[1mupdate_scripts_classes[22m | [39m[0m
2026-10-01T11:23:38.7556270Z [  28% ] [90m[1mupdate_scripts_classes[22m | [39m[0m
2026-10-01T11:23:38.7556630Z [  28% ] [90m[1mupdate_scripts_classes[22m | [39m[0m
2026-10-01T11:23:38.7556997Z [  28% ] [90m[1mupdate_scripts_classes[22m | [39m[0m
2026-10-01T11:23:38.7557364Z [  28% ] [90m[1mupdate_scripts_classes[22m | [39m[0m
2026-10-01T11:23:38.7557727Z [  28% ] [90m[1mupdate_scripts_classes[22m | [39m[0m
2026-10-01T11:23:38.7558096Z [  28% ] [90m[1mupdate_scripts_classes[22m | [39m[0m
2026-10-01T11:23:38.7558471Z [  28% ] [90m[1mupdate_scripts_classes[22m | [39m[0m
2026-10-01T11:23:38.7558837Z [  28% ] [90m[1mupdate_scripts_classes[22m | [39m[0m
2026-10-01T11:23:38.7559340Z [  29% ] [90m[1mupdate_scripts_classes[22m | [39m[0m
2026-10-01T11:23:38.7559706Z [  29% ] [90m[1mupdate_scripts_classes[22m | [39m[0m
2026-10-01T11:23:38.7560076Z [  29% ] [90m[1mupdate_scripts_classes[22m | [39m[0m
2026-10-01T11:23:38.7560544Z [  29% ] [90m[1mupdate_scripts_classes[22m | [39m[0m
2026-10-01T11:23:38.7560920Z [  29% ] [90m[1mupdate_scripts_classes[22m | [39m[0m
2026-10-01T11:23:38.7561500Z [  29% ] [90m[1mupdate_scripts_classes[22m | [39m[0m
2026-10-01T11:23:38.7561904Z [  29% ] [90m[1mupdate_scripts_classes[22m | [39m[0m
2026-10-01T11:23:38.7562291Z [  29% ] [90m[1mupdate_scripts_classes[22m | [39m[0m
2026-10-01T11:23:38.7562670Z [  29% ] [90m[1mupdate_scripts_classes[22m | [39m[0m
2026-10-01T11:23:38.7563046Z [  29% ] [90m[1mupdate_scripts_classes[22m | [39m[0m
2026-10-01T11:23:38.7563418Z [  29% ] [90m[1mupdate_scripts_classes[22m | [39m[0m
2026-10-01T11:23:38.7563783Z [  29% ] [90m[1mupdate_scripts_classes[22m | [39m[0m
2026-10-01T11:23:38.7564162Z [  29% ] [90m[1mupdate_scripts_classes[22m | [39m[0m
2026-10-01T11:23:38.7564548Z [  29% ] [90m[1mupdate_scripts_classes[22m | [39m[0m
2026-10-01T11:23:38.7564922Z [  29% ] [90m[1mupdate_scripts_classes[22m | [39m[0m
2026-10-01T11:23:38.7565292Z [  29% ] [90m[1mupdate_scripts_classes[22m | [39m[0m
2026-10-01T11:23:38.7565668Z [  29% ] [90m[1mupdate_scripts_classes[22m | [39m[0m
2026-10-01T11:23:38.7566042Z [  29% ] [90m[1mupdate_scripts_classes[22m | [39m[0m
2026-10-01T11:23:38.7566407Z [  29% ] [90m[1mupdate_scripts_classes[22m | [39m[0m
2026-10-01T11:23:38.7566770Z [  29% ] [90m[1mupdate_scripts_classes[22m | [39m[0m
2026-10-01T11:23:38.7567139Z [  29% ] [90m[1mupdate_scripts_classes[22m | [39m[0m
2026-10-01T11:23:38.7567504Z [  29% ] [90m[1mupdate_scripts_classes[22m | [39m[0m
2026-10-01T11:23:38.7567871Z [  29% ] [90m[1mupdate_scripts_classes[22m | [39m[0m
2026-10-01T11:23:38.7568240Z [  29% ] [90m[1mupdate_scripts_classes[22m | [39m[0m
2026-10-01T11:23:38.7568611Z [  29% ] [90m[1mupdate_scripts_classes[22m | [39m[0m
2026-10-01T11:23:38.7568988Z [  29% ] [90m[1mupdate_scripts_classes[22m | [39m[0m
2026-10-01T11:23:38.7569363Z [  29% ] [90m[1mupdate_scripts_classes[22m | [39m[0m
2026-10-01T11:23:38.7569732Z [  30% ] [90m[1mupdate_scripts_classes[22m | [39m[0m
2026-10-01T11:23:38.7570107Z [  30% ] [90m[1mupdate_scripts_classes[22m | [39m[0m
2026-10-01T11:23:38.7570470Z [  30% ] [90m[1mupdate_scripts_classes[22m | [39m[0m
2026-10-01T11:23:38.7570840Z [  30% ] [90m[1mupdate_scripts_classes[22m | [39m[0m
2026-10-01T11:23:38.7571331Z [  30% ] [90m[1mupdate_scripts_classes[22m | [39m[0m
2026-10-01T11:23:38.7571720Z [  30% ] [90m[1mupdate_scripts_classes[22m | [39m[0m
2026-10-01T11:23:38.7572095Z [  30% ] [90m[1mupdate_scripts_classes[22m | [39m[0m
2026-10-01T11:23:38.7572462Z [  30% ] [90m[1mupdate_scripts_classes[22m | [39m[0m
2026-10-01T11:23:38.7572836Z [  30% ] [90m[1mupdate_scripts_classes[22m | [39m[0m
2026-10-01T11:23:38.7573207Z [  30% ] [90m[1mupdate_scripts_classes[22m | [39m[0m
2026-10-01T11:23:38.7573574Z [  30% ] [90m[1mupdate_scripts_classes[22m | [39m[0m
2026-10-01T11:23:38.7573947Z [  30% ] [90m[1mupdate_scripts_classes[22m | [39m[0m
2026-10-01T11:23:38.7574314Z [  30% ] [90m[1mupdate_scripts_classes[22m | [39m[0m
2026-10-01T11:23:38.7574687Z [  30% ] [90m[1mupdate_scripts_classes[22m | [39m[0m
2026-10-01T11:23:38.7575055Z [  30% ] [90m[1mupdate_scripts_classes[22m | [39m[0m
2026-10-01T11:23:38.7575419Z [  30% ] [90m[1mupdate_scripts_classes[22m | [39m[0m
2026-10-01T11:23:38.7575789Z [  30% ] [90m[1mupdate_scripts_classes[22m | [39m[0m
2026-10-01T11:23:38.7576155Z [  30% ] [90m[1mupdate_scripts_classes[22m | [39m[0m
2026-10-01T11:23:38.7576524Z [  30% ] [90m[1mupdate_scripts_classes[22m | [39m[0m
2026-10-01T11:23:38.7576892Z [  30% ] [90m[1mupdate_scripts_classes[22m | [39m[0m
2026-10-01T11:23:38.7577398Z [  30% ] [90m[1mupdate_scripts_classes[22m | [39m[0m
2026-10-01T11:23:38.7577769Z [  30% ] [90m[1mupdate_scripts_classes[22m | [39m[0m
2026-10-01T11:23:38.7578135Z [  30% ] [90m[1mupdate_scripts_classes[22m | [39m[0m
2026-10-01T11:23:38.7578606Z [  30% ] [90m[1mupdate_scripts_classes[22m | [39m[0m
2026-10-01T11:23:38.7578988Z [  30% ] [90m[1mupdate_scripts_classes[22m | [39m[0m
2026-10-01T11:23:38.7579356Z [  30% ] [90m[1mupdate_scripts_classes[22m | [39m[0m
2026-10-01T11:23:38.7579728Z [  30% ] [90m[1mupdate_scripts_classes[22m | [39m[0m
2026-10-01T11:23:38.7580095Z [  30% ] [90m[1mupdate_scripts_classes[22m | [39m[0m
2026-10-01T11:23:38.7580460Z [  31% ] [90m[1mupdate_scripts_classes[22m | [39m[0m
2026-10-01T11:23:38.7580831Z [  31% ] [90m[1mupdate_scripts_classes[22m | [39m[0m
2026-10-01T11:23:38.7581312Z [  31% ] [90m[1mupdate_scripts_classes[22m | [39m[0m
2026-10-01T11:23:38.7581691Z [  31% ] [90m[1mupdate_scripts_classes[22m | [39m[0m
2026-10-01T11:23:38.7582061Z [  31% ] [90m[1mupdate_scripts_classes[22m | [39m[0m
2026-10-01T11:23:38.7582427Z [  31% ] [90m[1mupdate_scripts_classes[22m | [39m[0m
2026-10-01T11:23:38.7582804Z [  31% ] [90m[1mupdate_scripts_classes[22m | [39m[0m
2026-10-01T11:23:38.7583171Z [  31% ] [90m[1mupdate_scripts_classes[22m | [39m[0m
2026-10-01T11:23:38.7583546Z [  31% ] [90m[1mupdate_scripts_classes[22m | [39m[0m
2026-10-01T11:23:38.7583915Z [  31% ] [90m[1mupdate_scripts_classes[22m | [39m[0m
2026-10-01T11:23:38.7584278Z [  31% ] [90m[1mupdate_scripts_classes[22m | [39m[0m
2026-10-01T11:23:38.7584650Z [  31% ] [90m[1mupdate_scripts_classes[22m | [39m[0m
2026-10-01T11:23:38.7585014Z [  31% ] [90m[1mupdate_scripts_classes[22m | [39m[0m
2026-10-01T11:23:38.7585386Z [  31% ] [90m[1mupdate_scripts_classes[22m | [39m[0m
2026-10-01T11:23:38.7585751Z [  31% ] [90m[1mupdate_scripts_classes[22m | [39m[0m
2026-10-01T11:23:38.7586116Z [  31% ] [90m[1mupdate_scripts_classes[22m | [39m[0m
2026-10-01T11:23:38.7586508Z [  31% ] [90m[1mupdate_scripts_classes[22m | [39m[0m
2026-10-01T11:23:38.7586872Z [  31% ] [90m[1mupdate_scripts_classes[22m | [39m[0m
2026-10-01T11:23:38.7587243Z [  31% ] [90m[1mupdate_scripts_classes[22m | [39m[0m
2026-10-01T11:23:38.7587618Z [  31% ] [90m[1mupdate_scripts_classes[22m | [39m[0m
2026-10-01T11:23:38.7587984Z [  31% ] [90m[1mupdate_scripts_classes[22m | [39m[0m
2026-10-01T11:23:38.7588355Z [  31% ] [90m[1mupdate_scripts_classes[22m | [39m[0m
2026-10-01T11:23:38.7588720Z [  31% ] [90m[1mupdate_scripts_classes[22m | [39m[0m
2026-10-01T11:23:38.7589084Z [  31% ] [90m[1mupdate_scripts_classes[22m | [39m[0m
2026-10-01T11:23:38.7589454Z [  31% ] [90m[1mupdate_scripts_classes[22m | [39m[0m
2026-10-01T11:23:38.7589823Z [  31% ] [90m[1mupdate_scripts_classes[22m | [39m[0m
2026-10-01T11:23:38.7590194Z [  31% ] [90m[1mupdate_scripts_classes[22m | [39m[0m
2026-10-01T11:23:38.7590562Z [  32% ] [90m[1mupdate_scripts_classes[22m | [39m[0m
2026-10-01T11:23:38.7590938Z [  32% ] [90m[1mupdate_scripts_classes[22m | [39m[0m
2026-10-01T11:23:38.7591420Z [  32% ] [90m[1mupdate_scripts_classes[22m | [39m[0m
2026-10-01T11:23:38.7591795Z [  32% ] [90m[1mupdate_scripts_classes[22m | [39m[0m
2026-10-01T11:23:38.7592167Z [  32% ] [90m[1mupdate_scripts_classes[22m | [39m[0m
2026-10-01T11:23:38.7592533Z [  32% ] [90m[1mupdate_scripts_classes[22m | [39m[0m
2026-10-01T11:23:38.7592896Z [  32% ] [90m[1mupdate_scripts_classes[22m | [39m[0m
2026-10-01T11:23:38.7593265Z [  32% ] [90m[1mupdate_scripts_classes[22m | [39m[0m
2026-10-01T11:23:38.7593631Z [  32% ] [90m[1mupdate_scripts_classes[22m | [39m[0m
2026-10-01T11:23:38.7594001Z [  32% ] [90m[1mupdate_scripts_classes[22m | [39m[0m
2026-10-01T11:23:38.7594367Z [  32% ] [90m[1mupdate_scripts_classes[22m | [39m[0m
2026-10-01T11:23:38.7594730Z [  32% ] [90m[1mupdate_scripts_classes[22m | [39m[0m
2026-10-01T11:23:38.7595229Z [  32% ] [90m[1mupdate_scripts_classes[22m | [39m[0m
2026-10-01T11:23:38.7595593Z [  32% ] [90m[1mupdate_scripts_classes[22m | [39m[0m
2026-10-01T11:23:38.7595963Z [  32% ] [90m[1mupdate_scripts_classes[22m | [39m[0m
2026-10-01T11:23:38.7596433Z [  32% ] [90m[1mupdate_scripts_classes[22m | [39m[0m
2026-10-01T11:23:38.7596808Z [  32% ] [90m[1mupdate_scripts_classes[22m | [39m[0m
2026-10-01T11:23:38.7597182Z [  32% ] [90m[1mupdate_scripts_classes[22m | [39m[0m
2026-10-01T11:23:38.7597547Z [  32% ] [90m[1mupdate_scripts_classes[22m | [39m[0m
2026-10-01T11:23:38.7597913Z [  32% ] [90m[1mupdate_scripts_classes[22m | [39m[0m
2026-10-01T11:23:38.7598286Z [  32% ] [90m[1mupdate_scripts_classes[22m | [39m[0m
2026-10-01T11:23:38.7598650Z [  32% ] [90m[1mupdate_scripts_classes[22m | [39m[0m
2026-10-01T11:23:38.7599020Z [  32% ] [90m[1mupdate_scripts_classes[22m | [39m[0m
2026-10-01T11:23:38.7599387Z [  32% ] [90m[1mupdate_scripts_classes[22m | [39m[0m
2026-10-01T11:23:38.7599758Z [  32% ] [90m[1mupdate_scripts_classes[22m | [39m[0m
2026-10-01T11:23:38.7600129Z [  32% ] [90m[1mupdate_scripts_classes[22m | [39m[0m
2026-10-01T11:23:38.7600498Z [  32% ] [90m[1mupdate_scripts_classes[22m | [39m[0m
2026-10-01T11:23:38.7600868Z [  33% ] [90m[1mupdate_scripts_classes[22m | [39m[0m
2026-10-01T11:23:38.7601435Z [  33% ] [90m[1mupdate_scripts_classes[22m | [39m[0m
2026-10-01T11:23:38.7602064Z [  33% ] [90m[1mupdate_scripts_classes[22m | [39m[0m
2026-10-01T11:23:38.7602455Z [  33% ] [90m[1mupdate_scripts_classes[22m | [39m[0m
2026-10-01T11:23:38.7602838Z [  33% ] [90m[1mupdate_scripts_classes[22m | [39m[0m
2026-10-01T11:23:38.7603209Z [  33% ] [90m[1mupdate_scripts_classes[22m | [39m[0m
2026-10-01T11:23:38.7603573Z [  33% ] [90m[1mupdate_scripts_classes[22m | [39m[0m
2026-10-01T11:23:38.7603936Z [  33% ] [90m[1mupdate_scripts_classes[22m | [39m[0m
2026-10-01T11:23:38.7604307Z [  33% ] [90m[1mupdate_scripts_classes[22m | [39m[0m
2026-10-01T11:23:38.7604692Z [  33% ] [90m[1mupdate_scripts_classes[22m | [39m[0m
2026-10-01T11:23:38.7605073Z [  33% ] [90m[1mupdate_scripts_classes[22m | [39m[0m
2026-10-01T11:23:38.7617414Z [  33% ] [90m[1mupdate_scripts_classes[22m | [39m[0m
2026-10-01T11:23:38.7618056Z [  33% ] [90m[1mupdate_scripts_classes[22m | [39m[0m
2026-10-01T11:23:38.7618461Z [  33% ] [90m[1mupdate_scripts_classes[22m | [39m[0m
2026-10-01T11:23:38.7618832Z [  33% ] [90m[1mupdate_scripts_classes[22m | [39m[0m
2026-10-01T11:23:38.7619195Z [  33% ] [90m[1mupdate_scripts_classes[22m | [39m[0m
2026-10-01T11:23:38.7619560Z [  33% ] [90m[1mupdate_scripts_classes[22m | [39m[0m
2026-10-01T11:23:38.7619928Z [  33% ] [90m[1mupdate_scripts_classes[22m | [39m[0m
2026-10-01T11:23:38.7620298Z [  33% ] [90m[1mupdate_scripts_classes[22m | [39m[0m
2026-10-01T11:23:38.7620659Z [  33% ] [90m[1mupdate_scripts_classes[22m | [39m[0m
2026-10-01T11:23:38.7621020Z [  33% ] [90m[1mupdate_scripts_classes[22m | [39m[0m
2026-10-01T11:23:38.7621632Z [  33% ] [90m[1mupdate_scripts_classes[22m | [39m[0m
2026-10-01T11:23:38.7622017Z [  33% ] [90m[1mupdate_scripts_classes[22m | [39m[0m
2026-10-01T11:23:38.7622397Z [  33% ] [90m[1mupdate_scripts_classes[22m | [39m[0m
2026-10-01T11:23:38.7622764Z [  33% ] [90m[1mupdate_scripts_classes[22m | [39m[0m
2026-10-01T11:23:38.7623128Z [  33% ] [90m[1mupdate_scripts_classes[22m | [39m[0m
2026-10-01T11:23:38.7623495Z [  33% ] [90m[1mupdate_scripts_classes[22m | [39m[0m
2026-10-01T11:23:38.7623857Z [  34% ] [90m[1mupdate_scripts_classes[22m | [39m[0m
2026-10-01T11:23:38.7624226Z [  34% ] [90m[1mupdate_scripts_classes[22m | [39m[0m
2026-10-01T11:23:38.7624588Z [  34% ] [90m[1mupdate_scripts_classes[22m | [39m[0m
2026-10-01T11:23:38.7624952Z [  34% ] [90m[1mupdate_scripts_classes[22m | [39m[0m
2026-10-01T11:23:38.7625318Z [  34% ] [90m[1mupdate_scripts_classes[22m | [39m[0m
2026-10-01T11:23:38.7625678Z [  34% ] [90m[1mupdate_scripts_classes[22m | [39m[0m
2026-10-01T11:23:38.7626241Z [  34% ] [90m[1mupdate_scripts_classes[22m | [39m[0m
2026-10-01T11:23:38.7626609Z [  34% ] [90m[1mupdate_scripts_classes[22m | [39m[0m
2026-10-01T11:23:38.7627113Z [  34% ] [90m[1mupdate_scripts_classes[22m | [39m[0m
2026-10-01T11:23:38.7627498Z [  34% ] [90m[1mupdate_scripts_classes[22m | [39m[0m
2026-10-01T11:23:38.7627860Z [  34% ] [90m[1mupdate_scripts_classes[22m | [39m[0m
2026-10-01T11:23:38.7628229Z [  34% ] [90m[1mupdate_scripts_classes[22m | [39m[0m
2026-10-01T11:23:38.7628597Z [  34% ] [90m[1mupdate_scripts_classes[22m | [39m[0m
2026-10-01T11:23:38.7628964Z [  34% ] [90m[1mupdate_scripts_classes[22m | [39m[0m
2026-10-01T11:23:38.7629343Z [  34% ] [90m[1mupdate_scripts_classes[22m | [39m[0m
2026-10-01T11:23:38.7629698Z [  34% ] [90m[1mupdate_scripts_classes[22m | [39m[0m
2026-10-01T11:23:38.7630058Z [  34% ] [90m[1mupdate_scripts_classes[22m | [39m[0m
2026-10-01T11:23:38.7630429Z [  34% ] [90m[1mupdate_scripts_classes[22m | [39m[0m
2026-10-01T11:23:38.7630791Z [  34% ] [90m[1mupdate_scripts_classes[22m | [39m[0m
2026-10-01T11:23:38.7631161Z [  34% ] [90m[1mupdate_scripts_classes[22m | [39m[0m
2026-10-01T11:23:38.7631688Z [  34% ] [90m[1mupdate_scripts_classes[22m | [39m[0m
2026-10-01T11:23:38.7632055Z [  34% ] [90m[1mupdate_scripts_classes[22m | [39m[0m
2026-10-01T11:23:38.7632426Z [  34% ] [90m[1mupdate_scripts_classes[22m | [39m[0m
2026-10-01T11:23:38.7632786Z [  34% ] [90m[1mupdate_scripts_classes[22m | [39m[0m
2026-10-01T11:23:38.7633156Z [  34% ] [90m[1mupdate_scripts_classes[22m | [39m[0m
2026-10-01T11:23:38.7633518Z [  34% ] [90m[1mupdate_scripts_classes[22m | [39m[0m
2026-10-01T11:23:38.7633883Z [  34% ] [90m[1mupdate_scripts_classes[22m | [39m[0m
2026-10-01T11:23:38.7634255Z [  35% ] [90m[1mupdate_scripts_classes[22m | [39m[0m
2026-10-01T11:23:38.7634622Z [  35% ] [90m[1mupdate_scripts_classes[22m | [39m[0m
2026-10-01T11:23:38.7634997Z [  35% ] [90m[1mupdate_scripts_classes[22m | [39m[0m
2026-10-01T11:23:38.7635369Z [  35% ] [90m[1mupdate_scripts_classes[22m | [39m[0m
2026-10-01T11:23:38.7635735Z [  35% ] [90m[1mupdate_scripts_classes[22m | [39m[0m
2026-10-01T11:23:38.7636115Z [  35% ] [90m[1mupdate_scripts_classes[22m | [39m[0m
2026-10-01T11:23:38.7636478Z [  35% ] [90m[1mupdate_scripts_classes[22m | [39m[0m
2026-10-01T11:23:38.7636848Z [  35% ] [90m[1mupdate_scripts_classes[22m | [39m[0m
2026-10-01T11:23:38.7637212Z [  35% ] [90m[1mupdate_scripts_classes[22m | [39m[0m
2026-10-01T11:23:38.7637571Z [  35% ] [90m[1mupdate_scripts_classes[22m | [39m[0m
2026-10-01T11:23:38.7637967Z [  35% ] [90m[1mupdate_scripts_classes[22m | [39m[0m
2026-10-01T11:23:38.7638336Z [  35% ] [90m[1mupdate_scripts_classes[22m | [39m[0m
2026-10-01T11:23:38.7638722Z [  35% ] [90m[1mupdate_scripts_classes[22m | [39m[0m
2026-10-01T11:23:38.7639107Z [  35% ] [90m[1mupdate_scripts_classes[22m | [39m[0m
2026-10-01T11:23:38.7639478Z [  35% ] [90m[1mupdate_scripts_classes[22m | [39m[0m
2026-10-01T11:23:38.7639845Z [  35% ] [90m[1mupdate_scripts_classes[22m | [39m[0m
2026-10-01T11:23:38.7640217Z [  35% ] [90m[1mupdate_scripts_classes[22m | [39m[0m
2026-10-01T11:23:38.7640582Z [  35% ] [90m[1mupdate_scripts_classes[22m | [39m[0m
2026-10-01T11:23:38.7640953Z [  35% ] [90m[1mupdate_scripts_classes[22m | [39m[0m
2026-10-01T11:23:38.7641534Z [  35% ] [90m[1mupdate_scripts_classes[22m | [39m[0m
2026-10-01T11:23:38.7641925Z [  35% ] [90m[1mupdate_scripts_classes[22m | [39m[0m
2026-10-01T11:23:38.7642296Z [  35% ] [90m[1mupdate_scripts_classes[22m | [39m[0m
2026-10-01T11:23:38.7642662Z [  35% ] [90m[1mupdate_scripts_classes[22m | [39m[0m
2026-10-01T11:23:38.7643030Z [  35% ] [90m[1mupdate_scripts_classes[22m | [39m[0m
2026-10-01T11:23:38.7643395Z [  35% ] [90m[1mupdate_scripts_classes[22m | [39m[0m
2026-10-01T11:23:38.7643765Z [  35% ] [90m[1mupdate_scripts_classes[22m | [39m[0m
2026-10-01T11:23:38.7644271Z [  35% ] [90m[1mupdate_scripts_classes[22m | [39m[0m
2026-10-01T11:23:38.7644635Z [  36% ] [90m[1mupdate_scripts_classes[22m | [39m[0m
2026-10-01T11:23:38.7645110Z [  36% ] [90m[1mupdate_scripts_classes[22m | [39m[0m
2026-10-01T11:23:38.7645485Z [  36% ] [90m[1mupdate_scripts_classes[22m | [39m[0m
2026-10-01T11:23:38.7645860Z [  36% ] [90m[1mupdate_scripts_classes[22m | [39m[0m
2026-10-01T11:23:38.7646224Z [  36% ] [90m[1mupdate_scripts_classes[22m | [39m[0m
2026-10-01T11:23:38.7646585Z [  36% ] [90m[1mupdate_scripts_classes[22m | [39m[0m
2026-10-01T11:23:38.7646957Z [  36% ] [90m[1mupdate_scripts_classes[22m | [39m[0m
2026-10-01T11:23:38.7647320Z [  36% ] [90m[1mupdate_scripts_classes[22m | [39m[0m
2026-10-01T11:23:38.7647692Z [  36% ] [90m[1mupdate_scripts_classes[22m | [39m[0m
2026-10-01T11:23:38.7648055Z [  36% ] [90m[1mupdate_scripts_classes[22m | [39m[0m
2026-10-01T11:23:38.7648423Z [  36% ] [90m[1mupdate_scripts_classes[22m | [39m[0m
2026-10-01T11:23:38.7648791Z [  36% ] [90m[1mupdate_scripts_classes[22m | [39m[0m
2026-10-01T11:23:38.7649153Z [  36% ] [90m[1mupdate_scripts_classes[22m | [39m[0m
2026-10-01T11:23:38.7649520Z [  36% ] [90m[1mupdate_scripts_classes[22m | [39m[0m
2026-10-01T11:23:38.7649892Z [  36% ] [90m[1mupdate_scripts_classes[22m | [39m[0m
2026-10-01T11:23:38.7650258Z [  36% ] [90m[1mupdate_scripts_classes[22m | [39m[0m
2026-10-01T11:23:38.7650625Z [  36% ] [90m[1mupdate_scripts_classes[22m | [39m[0m
2026-10-01T11:23:38.7650981Z [  36% ] [90m[1mupdate_scripts_classes[22m | [39m[0m
2026-10-01T11:23:38.7651722Z [  36% ] [90m[1mupdate_scripts_classes[22m | [39m[0m
2026-10-01T11:23:38.7652403Z [  36% ] [90m[1mupdate_scripts_classes[22m | [39m[0m
2026-10-01T11:23:38.7653118Z [  36% ] [90m[1mupdate_scripts_classes[22m | [39m[0m
2026-10-01T11:23:38.7653784Z [  36% ] [90m[1mupdate_scripts_classes[22m | [39m[0m
2026-10-01T11:23:38.7654444Z [  36% ] [90m[1mupdate_scripts_classes[22m | [39m[0m
2026-10-01T11:23:38.7655089Z [  36% ] [90m[1mupdate_scripts_classes[22m | [39m[0m
2026-10-01T11:23:38.7655748Z [  36% ] [90m[1mupdate_scripts_classes[22m | [39m[0m
2026-10-01T11:23:38.7656392Z [  36% ] [90m[1mupdate_scripts_classes[22m | [39m[0m
2026-10-01T11:23:38.7657044Z [  36% ] [90m[1mupdate_scripts_classes[22m | [39m[0m
2026-10-01T11:23:38.7657684Z [  37% ] [90m[1mupdate_scripts_classes[22m | [39m[0m
2026-10-01T11:23:38.7658326Z [  37% ] [90m[1mupdate_scripts_classes[22m | [39m[0m
2026-10-01T11:23:38.7658977Z [  37% ] [90m[1mupdate_scripts_classes[22m | [39m[0m
2026-10-01T11:23:38.7659626Z [  37% ] [90m[1mupdate_scripts_classes[22m | [39m[0m
2026-10-01T11:23:38.7660276Z [  37% ] [90m[1mupdate_scripts_classes[22m | [39m[0m
2026-10-01T11:23:38.7660919Z [  37% ] [90m[1mupdate_scripts_classes[22m | [39m[0m
2026-10-01T11:23:38.7661725Z [  37% ] [90m[1mupdate_scripts_classes[22m | [39m[0m
2026-10-01T11:23:38.7662383Z [  37% ] [90m[1mupdate_scripts_classes[22m | [39m[0m
2026-10-01T11:23:38.7663045Z [  37% ] [90m[1mupdate_scripts_classes[22m | [39m[0m
2026-10-01T11:23:38.7663616Z [  37% ] [90m[1mupdate_scripts_classes[22m | [39m[0m
2026-10-01T11:23:38.7663994Z [  37% ] [90m[1mupdate_scripts_classes[22m | [39m[0m
2026-10-01T11:23:38.7664362Z [  37% ] [90m[1mupdate_scripts_classes[22m | [39m[0m
2026-10-01T11:23:38.7664732Z [  37% ] [90m[1mupdate_scripts_classes[22m | [39m[0m
2026-10-01T11:23:38.7665098Z [  37% ] [90m[1mupdate_scripts_classes[22m | [39m[0m
2026-10-01T11:23:38.7665462Z [  37% ] [90m[1mupdate_scripts_classes[22m | [39m[0m
2026-10-01T11:23:38.7665941Z [  37% ] [90m[1mupdate_scripts_classes[22m | [39m[0m
2026-10-01T11:23:38.7666448Z [  37% ] [90m[1mupdate_scripts_classes[22m | [39m[0m
2026-10-01T11:23:38.7666826Z [  37% ] [90m[1mupdate_scripts_classes[22m | [39m[0m
2026-10-01T11:23:38.7667191Z [  37% ] [90m[1mupdate_scripts_classes[22m | [39m[0m
2026-10-01T11:23:38.7667735Z [  37% ] [90m[1mupdate_scripts_classes[22m | [39m[0m
2026-10-01T11:23:38.7667895Z [  37% ] [90m[1mupdate_scripts_classes[22m | [39m[0m
2026-10-01T11:23:38.7668162Z [  37% ] [90m[1mupdate_scripts_classes[22m | [39m[0m
2026-10-01T11:23:38.7668341Z [  37% ] [90m[1mupdate_scripts_classes[22m | [39m[0m
2026-10-01T11:23:38.7668511Z [  37% ] [90m[1mupdate_scripts_classes[22m | [39m[0m
2026-10-01T11:23:38.7668671Z [  37% ] [90m[1mupdate_scripts_classes[22m | [39m[0m
2026-10-01T11:23:38.7668835Z [  37% ] [90m[1mupdate_scripts_classes[22m | [39m[0m
2026-10-01T11:23:38.7669000Z [  37% ] [90m[1mupdate_scripts_classes[22m | [39m[0m
2026-10-01T11:23:38.7669158Z [  38% ] [90m[1mupdate_scripts_classes[22m | [39m[0m
2026-10-01T11:23:38.7669323Z [  38% ] [90m[1mupdate_scripts_classes[22m | [39m[0m
2026-10-01T11:23:38.7669482Z [  38% ] [90m[1mupdate_scripts_classes[22m | [39m[0m
2026-10-01T11:23:38.7669650Z [  38% ] [90m[1mupdate_scripts_classes[22m | [39m[0m
2026-10-01T11:23:38.7669808Z [  38% ] [90m[1mupdate_scripts_classes[22m | [39m[0m
2026-10-01T11:23:38.7669974Z [  38% ] [90m[1mupdate_scripts_classes[22m | [39m[0m
2026-10-01T11:23:38.7670142Z [  38% ] [90m[1mupdate_scripts_classes[22m | [39m[0m
2026-10-01T11:23:38.7670301Z [  38% ] [90m[1mupdate_scripts_classes[22m | [39m[0m
2026-10-01T11:23:38.7670464Z [  38% ] [90m[1mupdate_scripts_classes[22m | [39m[0m
2026-10-01T11:23:38.7670637Z [  38% ] [90m[1mupdate_scripts_classes[22m | [39m[0m
2026-10-01T11:23:38.7670812Z [  38% ] [90m[1mupdate_scripts_classes[22m | [39m[0m
2026-10-01T11:23:38.7670973Z [  38% ] [90m[1mupdate_scripts_classes[22m | [39m[0m
2026-10-01T11:23:38.7671138Z [  38% ] [90m[1mupdate_scripts_classes[22m | [39m[0m
2026-10-01T11:23:38.7671533Z [  38% ] [90m[1mupdate_scripts_classes[22m | [39m[0m
2026-10-01T11:23:38.7671705Z [  38% ] [90m[1mupdate_scripts_classes[22m | [39m[0m
2026-10-01T11:23:38.7671894Z [  38% ] [90m[1mupdate_scripts_classes[22m | [39m[0m
2026-10-01T11:23:38.7672062Z [  38% ] [90m[1mupdate_scripts_classes[22m | [39m[0m
2026-10-01T11:23:38.7672229Z [  38% ] [90m[1mupdate_scripts_classes[22m | [39m[0m
2026-10-01T11:23:38.7672398Z [  38% ] [90m[1mupdate_scripts_classes[22m | [39m[0m
2026-10-01T11:23:38.7672565Z [  38% ] [90m[1mupdate_scripts_classes[22m | [39m[0m
2026-10-01T11:23:38.7672730Z [  38% ] [90m[1mupdate_scripts_classes[22m | [39m[0m
2026-10-01T11:23:38.7672889Z [  38% ] [90m[1mupdate_scripts_classes[22m | [39m[0m
2026-10-01T11:23:38.7673055Z [  38% ] [90m[1mupdate_scripts_classes[22m | [39m[0m
2026-10-01T11:23:38.7673219Z [  38% ] [90m[1mupdate_scripts_classes[22m | [39m[0m
2026-10-01T11:23:38.7673777Z [  38% ] [90m[1mupdate_scripts_classes[22m | [39m[0m
2026-10-01T11:23:38.7673952Z [  38% ] [90m[1mupdate_scripts_classes[22m | [39m[0m
2026-10-01T11:23:38.7674121Z [  38% ] [90m[1mupdate_scripts_classes[22m | [39m[0m
2026-10-01T11:23:38.7674292Z [  38% ] [90m[1mupdate_scripts_classes[22m | [39m[0m
2026-10-01T11:23:38.7674452Z [  39% ] [90m[1mupdate_scripts_classes[22m | [39m[0m
2026-10-01T11:23:38.7674620Z [  39% ] [90m[1mupdate_scripts_classes[22m | [39m[0m
2026-10-01T11:23:38.7674942Z [  39% ] [90m[1mupdate_scripts_classes[22m | [39m[0m
2026-10-01T11:23:38.7675246Z [  39% ] [90m[1mupdate_scripts_classes[22m | [39m[0m
2026-10-01T11:23:38.7675533Z [  39% ] [90m[1mupdate_scripts_classes[22m | [39m[0m
2026-10-01T11:23:38.7675829Z [  39% ] [90m[1mupdate_scripts_classes[22m | [39m[0m
2026-10-01T11:23:38.7676001Z [  39% ] [90m[1mupdate_scripts_classes[22m | [39m[0m
2026-10-01T11:23:38.7676162Z [  39% ] [90m[1mupdate_scripts_classes[22m | [39m[0m
2026-10-01T11:23:38.7676326Z [  39% ] [90m[1mupdate_scripts_classes[22m | [39m[0m
2026-10-01T11:23:38.7676493Z [  39% ] [90m[1mupdate_scripts_classes[22m | [39m[0m
2026-10-01T11:23:38.7676741Z [  39% ] [90m[1mupdate_scripts_classes[22m | [39m[0m
2026-10-01T11:23:38.7677349Z [  39% ] [90m[1mupdate_scripts_classes[22m | [39m[0m
2026-10-01T11:23:38.7677540Z [  39% ] [90m[1mupdate_scripts_classes[22m | [39m[0m
2026-10-01T11:23:38.7677853Z [  39% ] [90m[1mupdate_scripts_classes[22m | [39m[0m
2026-10-01T11:23:38.7678026Z [  39% ] [90m[1mupdate_scripts_classes[22m | [39m[0m
2026-10-01T11:23:38.7678193Z [  39% ] [90m[1mupdate_scripts_classes[22m | [39m[0m
2026-10-01T11:23:38.7678356Z [  39% ] [90m[1mupdate_scripts_classes[22m | [39m[0m
2026-10-01T11:23:38.7678520Z [  39% ] [90m[1mupdate_scripts_classes[22m | [39m[0m
2026-10-01T11:23:38.7678679Z [  39% ] [90m[1mupdate_scripts_classes[22m | [39m[0m
2026-10-01T11:23:38.7678920Z [  39% ] [90m[1mupdate_scripts_classes[22m | [39m[0m
2026-10-01T11:23:38.7679244Z [  39% ] [90m[1mupdate_scripts_classes[22m | [39m[0m
2026-10-01T11:23:38.7679539Z [  39% ] [90m[1mupdate_scripts_classes[22m | [39m[0m
2026-10-01T11:23:38.7679832Z [  39% ] [90m[1mupdate_scripts_classes[22m | [39m[0m
2026-10-01T11:23:38.7680122Z [  39% ] [90m[1mupdate_scripts_classes[22m | [39m[0m
2026-10-01T11:23:38.7680294Z [  39% ] [90m[1mupdate_scripts_classes[22m | [39m[0m
2026-10-01T11:23:38.7680460Z [  39% ] [90m[1mupdate_scripts_classes[22m | [39m[0m
2026-10-01T11:23:38.7680625Z [  39% ] [90m[1mupdate_scripts_classes[22m | [39m[0m
2026-10-01T11:23:38.7680790Z [  40% ] [90m[1mupdate_scripts_classes[22m | [39m[0m
2026-10-01T11:23:38.7680950Z [  40% ] [90m[1mupdate_scripts_classes[22m | [39m[0m
2026-10-01T11:23:38.7681114Z [  40% ] [90m[1mupdate_scripts_classes[22m | [39m[0m
2026-10-01T11:23:38.7681776Z [  40% ] [90m[1mupdate_scripts_classes[22m | [39m[0m
2026-10-01T11:23:38.7682221Z [  40% ] [90m[1mupdate_scripts_classes[22m | [39m[0m
2026-10-01T11:23:38.7682432Z [  40% ] [90m[1mupdate_scripts_classes[22m | [39m[0m
2026-10-01T11:23:38.7682597Z [  40% ] [90m[1mupdate_scripts_classes[22m | [39m[0m
2026-10-01T11:23:38.7682772Z [  40% ] [90m[1mupdate_scripts_classes[22m | [39m[0m
2026-10-01T11:23:38.7682930Z [  40% ] [90m[1mupdate_scripts_classes[22m | [39m[0m
2026-10-01T11:23:38.7683094Z [  40% ] [90m[1mupdate_scripts_classes[22m | [39m[0m
2026-10-01T11:23:38.7683262Z [  40% ] [90m[1mupdate_scripts_classes[22m | [39m[0m
2026-10-01T11:23:38.7683427Z [  40% ] [90m[1mupdate_scripts_classes[22m | [39m[0m
2026-10-01T11:23:38.7683586Z [  40% ] [90m[1mupdate_scripts_classes[22m | [39m[0m
2026-10-01T11:23:38.7683743Z [  40% ] [90m[1mupdate_scripts_classes[22m | [39m[0m
2026-10-01T11:23:38.7683905Z [  40% ] [90m[1mupdate_scripts_classes[22m | [39m[0m
2026-10-01T11:23:38.7684061Z [  40% ] [90m[1mupdate_scripts_classes[22m | [39m[0m
2026-10-01T11:23:38.7684222Z [  40% ] [90m[1mupdate_scripts_classes[22m | [39m[0m
2026-10-01T11:23:38.7684382Z [  40% ] [90m[1mupdate_scripts_classes[22m | [39m[0m
2026-10-01T11:23:38.7684583Z [  40% ] [90m[1mupdate_scripts_classes[22m | TestCase[39m[0m
2026-10-01T11:23:38.7684747Z [  40% ] [90m[1mupdate_scripts_classes[22m | [39m[0m
2026-10-01T11:23:38.7684911Z [  40% ] [90m[1mupdate_scripts_classes[22m | [39m[0m
2026-10-01T11:23:38.7685077Z [  40% ] [90m[1mupdate_scripts_classes[22m | [39m[0m
2026-10-01T11:23:38.7685235Z [  40% ] [90m[1mupdate_scripts_classes[22m | [39m[0m
2026-10-01T11:23:38.7685398Z [  40% ] [90m[1mupdate_scripts_classes[22m | [39m[0m
2026-10-01T11:23:38.7685562Z [  40% ] [90m[1mupdate_scripts_classes[22m | [39m[0m
2026-10-01T11:23:38.7685727Z [  40% ] [90m[1mupdate_scripts_classes[22m | [39m[0m
2026-10-01T11:23:38.7685884Z [  40% ] [90m[1mupdate_scripts_classes[22m | [39m[0m
2026-10-01T11:23:38.7686046Z [  41% ] [90m[1mupdate_scripts_classes[22m | [39m[0m
2026-10-01T11:23:38.7686208Z [  41% ] [90m[1mupdate_scripts_classes[22m | [39m[0m
2026-10-01T11:23:38.7686366Z [  41% ] [90m[1mupdate_scripts_classes[22m | [39m[0m
2026-10-01T11:23:38.7686529Z [  41% ] [90m[1mupdate_scripts_classes[22m | [39m[0m
2026-10-01T11:23:38.7686885Z [  41% ] [90m[1mupdate_scripts_classes[22m | [39m[0m
2026-10-01T11:23:38.7687049Z [  41% ] [90m[1mupdate_scripts_classes[22m | [39m[0m
2026-10-01T11:23:38.7687315Z [  41% ] [90m[1mupdate_scripts_classes[22m | [39m[0m
2026-10-01T11:23:38.7687486Z [  41% ] [90m[1mupdate_scripts_classes[22m | [39m[0m
2026-10-01T11:23:38.7687650Z [  41% ] [90m[1mupdate_scripts_classes[22m | [39m[0m
2026-10-01T11:23:38.7687808Z [  41% ] [90m[1mupdate_scripts_classes[22m | [39m[0m
2026-10-01T11:23:38.7687982Z [  41% ] [90m[1mupdate_scripts_classes[22m | [39m[0m
2026-10-01T11:23:38.7688161Z [  41% ] [90m[1mupdate_scripts_classes[22m | [39m[0m
2026-10-01T11:23:38.7688326Z [  41% ] [90m[1mupdate_scripts_classes[22m | [39m[0m
2026-10-01T11:23:38.7688484Z [  41% ] [90m[1mupdate_scripts_classes[22m | [39m[0m
2026-10-01T11:23:38.7688645Z [  41% ] [90m[1mupdate_scripts_classes[22m | [39m[0m
2026-10-01T11:23:38.7688808Z [  41% ] [90m[1mupdate_scripts_classes[22m | [39m[0m
2026-10-01T11:23:38.7688976Z [  41% ] [90m[1mupdate_scripts_classes[22m | [39m[0m
2026-10-01T11:23:38.7689145Z [  41% ] [90m[1mupdate_scripts_classes[22m | [39m[0m
2026-10-01T11:23:38.7689313Z [  41% ] [90m[1mupdate_scripts_classes[22m | [39m[0m
2026-10-01T11:23:38.7689480Z [  41% ] [90m[1mupdate_scripts_classes[22m | [39m[0m
2026-10-01T11:23:38.7689639Z [  41% ] [90m[1mupdate_scripts_classes[22m | [39m[0m
2026-10-01T11:23:38.7689803Z [  41% ] [90m[1mupdate_scripts_classes[22m | [39m[0m
2026-10-01T11:23:38.7689967Z [  41% ] [90m[1mupdate_scripts_classes[22m | [39m[0m
2026-10-01T11:23:38.7690126Z [  41% ] [90m[1mupdate_scripts_classes[22m | [39m[0m
2026-10-01T11:23:38.7690288Z [  41% ] [90m[1mupdate_scripts_classes[22m | [39m[0m
2026-10-01T11:23:38.7690450Z [  41% ] [90m[1mupdate_scripts_classes[22m | [39m[0m
2026-10-01T11:23:38.7690613Z [  41% ] [90m[1mupdate_scripts_classes[22m | [39m[0m
2026-10-01T11:23:38.7690776Z [  42% ] [90m[1mupdate_scripts_classes[22m | [39m[0m
2026-10-01T11:23:38.7690939Z [  42% ] [90m[1mupdate_scripts_classes[22m | [39m[0m
2026-10-01T11:23:38.7691103Z [  42% ] [90m[1mupdate_scripts_classes[22m | [39m[0m
2026-10-01T11:23:38.7691563Z [  42% ] [90m[1mupdate_scripts_classes[22m | [39m[0m
2026-10-01T11:23:38.7691759Z [  42% ] [90m[1mupdate_scripts_classes[22m | [39m[0m
2026-10-01T11:23:38.7691927Z [  42% ] [90m[1mupdate_scripts_classes[22m | [39m[0m
2026-10-01T11:23:38.7692092Z [  42% ] [90m[1mupdate_scripts_classes[22m | [39m[0m
2026-10-01T11:23:38.7692249Z [  42% ] [90m[1mupdate_scripts_classes[22m | [39m[0m
2026-10-01T11:23:38.7692413Z [  42% ] [90m[1mupdate_scripts_classes[22m | [39m[0m
2026-10-01T11:23:38.7692590Z [  42% ] [90m[1mupdate_scripts_classes[22m | [39m[0m
2026-10-01T11:23:38.7692933Z [  42% ] [90m[1mupdate_scripts_classes[22m | [39m[0m
2026-10-01T11:23:38.7693179Z [  42% ] [90m[1mupdate_scripts_classes[22m | [39m[0m
2026-10-01T11:23:38.7693358Z [  42% ] [90m[1mupdate_scripts_classes[22m | [39m[0m
2026-10-01T11:23:38.7693524Z [  42% ] [90m[1mupdate_scripts_classes[22m | [39m[0m
2026-10-01T11:23:38.7693690Z [  42% ] [90m[1mupdate_scripts_classes[22m | [39m[0m
2026-10-01T11:23:38.7693855Z [  42% ] [90m[1mupdate_scripts_classes[22m | [39m[0m
2026-10-01T11:23:38.7694018Z [  42% ] [90m[1mupdate_scripts_classes[22m | [39m[0m
2026-10-01T11:23:38.7694178Z [  42% ] [90m[1mupdate_scripts_classes[22m | [39m[0m
2026-10-01T11:23:38.7694341Z [  42% ] [90m[1mupdate_scripts_classes[22m | [39m[0m
2026-10-01T11:23:38.7694505Z [  42% ] [90m[1mupdate_scripts_classes[22m | [39m[0m
2026-10-01T11:23:38.7694668Z [  42% ] [90m[1mupdate_scripts_classes[22m | [39m[0m
2026-10-01T11:23:38.7694827Z [  42% ] [90m[1mupdate_scripts_classes[22m | [39m[0m
2026-10-01T11:23:38.7694990Z [  42% ] [90m[1mupdate_scripts_classes[22m | [39m[0m
2026-10-01T11:23:38.7695152Z [  42% ] [90m[1mupdate_scripts_classes[22m | [39m[0m
2026-10-01T11:23:38.7695463Z [  42% ] [90m[1mupdate_scripts_classes[22m | [39m[0m
2026-10-01T11:23:38.7695632Z [  42% ] [90m[1mupdate_scripts_classes[22m | [39m[0m
2026-10-01T11:23:38.7695899Z [  42% ] [90m[1mupdate_scripts_classes[22m | [39m[0m
2026-10-01T11:23:38.7696067Z [  43% ] [90m[1mupdate_scripts_classes[22m | [39m[0m
2026-10-01T11:23:38.7696226Z [  43% ] [90m[1mupdate_scripts_classes[22m | [39m[0m
2026-10-01T11:23:38.7696392Z [  43% ] [90m[1mupdate_scripts_classes[22m | [39m[0m
2026-10-01T11:23:38.7696555Z [  43% ] [90m[1mupdate_scripts_classes[22m | [39m[0m
2026-10-01T11:23:38.7696713Z [  43% ] [90m[1mupdate_scripts_classes[22m | [39m[0m
2026-10-01T11:23:38.7696875Z [  43% ] [90m[1mupdate_scripts_classes[22m | [39m[0m
2026-10-01T11:23:38.7697098Z [  43% ] [90m[1mupdate_scripts_classes[22m | [39m[0m
2026-10-01T11:23:38.7697427Z [  43% ] [90m[1mupdate_scripts_classes[22m | [39m[0m
2026-10-01T11:23:38.7697611Z [  43% ] [90m[1mupdate_scripts_classes[22m | [39m[0m
2026-10-01T11:23:38.7697784Z [  43% ] [90m[1mupdate_scripts_classes[22m | [39m[0m
2026-10-01T11:23:38.7697958Z [  43% ] [90m[1mupdate_scripts_classes[22m | [39m[0m
2026-10-01T11:23:38.7698129Z [  43% ] [90m[1mupdate_scripts_classes[22m | [39m[0m
2026-10-01T11:23:38.7698293Z [  43% ] [90m[1mupdate_scripts_classes[22m | [39m[0m
2026-10-01T11:23:38.7698458Z [  43% ] [90m[1mupdate_scripts_classes[22m | [39m[0m
2026-10-01T11:23:38.7698622Z [  43% ] [90m[1mupdate_scripts_classes[22m | [39m[0m
2026-10-01T11:23:38.7698793Z [  43% ] [90m[1mupdate_scripts_classes[22m | [39m[0m
2026-10-01T11:23:38.7698968Z [  43% ] [90m[1mupdate_scripts_classes[22m | [39m[0m
2026-10-01T11:23:38.7699133Z [  43% ] [90m[1mupdate_scripts_classes[22m | [39m[0m
2026-10-01T11:23:38.7699293Z [  43% ] [90m[1mupdate_scripts_classes[22m | [39m[0m
2026-10-01T11:23:38.7699460Z [  43% ] [90m[1mupdate_scripts_classes[22m | [39m[0m
2026-10-01T11:23:38.7699629Z [  43% ] [90m[1mupdate_scripts_classes[22m | [39m[0m
2026-10-01T11:23:38.7699793Z [  43% ] [90m[1mupdate_scripts_classes[22m | [39m[0m
2026-10-01T11:23:38.7699956Z [  43% ] [90m[1mupdate_scripts_classes[22m | [39m[0m
2026-10-01T11:23:38.7700123Z [  43% ] [90m[1mupdate_scripts_classes[22m | [39m[0m
2026-10-01T11:23:38.7700301Z [  43% ] [90m[1mupdate_scripts_classes[22m | [39m[0m
2026-10-01T11:23:38.7700462Z [  43% ] [90m[1mupdate_scripts_classes[22m | [39m[0m
2026-10-01T11:23:38.7700626Z [  43% ] [90m[1mupdate_scripts_classes[22m | [39m[0m
2026-10-01T11:23:38.7700789Z [  44% ] [90m[1mupdate_scripts_classes[22m | [39m[0m
2026-10-01T11:23:38.7700952Z [  44% ] [90m[1mupdate_scripts_classes[22m | [39m[0m
2026-10-01T11:23:38.7701110Z [  44% ] [90m[1mupdate_scripts_classes[22m | [39m[0m
2026-10-01T11:23:38.7701524Z [  44% ] [90m[1mupdate_scripts_classes[22m | [39m[0m
2026-10-01T11:23:38.7701706Z [  44% ] [90m[1mupdate_scripts_classes[22m | [39m[0m
2026-10-01T11:23:38.7702001Z [  44% ] [90m[1mupdate_scripts_classes[22m | [39m[0m
2026-10-01T11:23:38.7702254Z [  44% ] [90m[1mupdate_scripts_classes[22m | [39m[0m
2026-10-01T11:23:38.7702433Z [  44% ] [90m[1mupdate_scripts_classes[22m | [39m[0m
2026-10-01T11:23:38.7702599Z [  44% ] [90m[1mupdate_scripts_classes[22m | [39m[0m
2026-10-01T11:23:38.7702759Z [  44% ] [90m[1mupdate_scripts_classes[22m | [39m[0m
2026-10-01T11:23:38.7702924Z [  44% ] [90m[1mupdate_scripts_classes[22m | [39m[0m
2026-10-01T11:23:38.7703089Z [  44% ] [90m[1mupdate_scripts_classes[22m | [39m[0m
2026-10-01T11:23:38.7703247Z [  44% ] [90m[1mupdate_scripts_classes[22m | [39m[0m
2026-10-01T11:23:38.7703410Z [  44% ] [90m[1mupdate_scripts_classes[22m | [39m[0m
2026-10-01T11:23:38.7703574Z [  44% ] [90m[1mupdate_scripts_classes[22m | [39m[0m
2026-10-01T11:23:38.7703738Z [  44% ] [90m[1mupdate_scripts_classes[22m | [39m[0m
2026-10-01T11:23:38.7703897Z [  44% ] [90m[1mupdate_scripts_classes[22m | [39m[0m
2026-10-01T11:23:38.7704210Z [  44% ] [90m[1mupdate_scripts_classes[22m | [39m[0m
2026-10-01T11:23:38.7704375Z [  44% ] [90m[1mupdate_scripts_classes[22m | [39m[0m
2026-10-01T11:23:38.7704638Z [  44% ] [90m[1mupdate_scripts_classes[22m | [39m[0m
2026-10-01T11:23:38.7704808Z [  44% ] [90m[1mupdate_scripts_classes[22m | [39m[0m
2026-10-01T11:23:38.7704973Z [  44% ] [90m[1mupdate_scripts_classes[22m | [39m[0m
2026-10-01T11:23:38.7705137Z [  44% ] [90m[1mupdate_scripts_classes[22m | [39m[0m
2026-10-01T11:23:38.7705296Z [  44% ] [90m[1mupdate_scripts_classes[22m | [39m[0m
2026-10-01T11:23:38.7705461Z [  44% ] [90m[1mupdate_scripts_classes[22m | [39m[0m
2026-10-01T11:23:38.7705625Z [  44% ] [90m[1mupdate_scripts_classes[22m | [39m[0m
2026-10-01T11:23:38.7705782Z [  44% ] [90m[1mupdate_scripts_classes[22m | [39m[0m
2026-10-01T11:23:38.7705948Z [  45% ] [90m[1mupdate_scripts_classes[22m | [39m[0m
2026-10-01T11:23:38.7706109Z [  45% ] [90m[1mupdate_scripts_classes[22m | [39m[0m
2026-10-01T11:23:38.7706377Z [  45% ] [90m[1mupdate_scripts_classes[22m | [39m[0m
2026-10-01T11:23:38.7706669Z [  45% ] [90m[1mupdate_scripts_classes[22m | [39m[0m
2026-10-01T11:23:38.7706856Z [  45% ] [90m[1mupdate_scripts_classes[22m | [39m[0m
2026-10-01T11:23:38.7707026Z [  45% ] [90m[1mupdate_scripts_classes[22m | [39m[0m
2026-10-01T11:23:38.7707186Z [  45% ] [90m[1mupdate_scripts_classes[22m | [39m[0m
2026-10-01T11:23:38.7707355Z [  45% ] [90m[1mupdate_scripts_classes[22m | [39m[0m
2026-10-01T11:23:38.7707518Z [  45% ] [90m[1mupdate_scripts_classes[22m | [39m[0m
2026-10-01T11:23:38.7707681Z [  45% ] [90m[1mupdate_scripts_classes[22m | [39m[0m
2026-10-01T11:23:38.7707841Z [  45% ] [90m[1mupdate_scripts_classes[22m | [39m[0m
2026-10-01T11:23:38.7708004Z [  45% ] [90m[1mupdate_scripts_classes[22m | [39m[0m
2026-10-01T11:23:38.7708178Z [  45% ] [90m[1mupdate_scripts_classes[22m | [39m[0m
2026-10-01T11:23:38.7708349Z [  45% ] [90m[1mupdate_scripts_classes[22m | [39m[0m
2026-10-01T11:23:38.7708515Z [  45% ] [90m[1mupdate_scripts_classes[22m | [39m[0m
2026-10-01T11:23:38.7708679Z [  45% ] [90m[1mupdate_scripts_classes[22m | [39m[0m
2026-10-01T11:23:38.7708847Z [  45% ] [90m[1mupdate_scripts_classes[22m | [39m[0m
2026-10-01T11:23:38.7709007Z [  45% ] [90m[1mupdate_scripts_classes[22m | [39m[0m
2026-10-01T11:23:38.7709171Z [  45% ] [90m[1mupdate_scripts_classes[22m | [39m[0m
2026-10-01T11:23:38.7709336Z [  45% ] [90m[1mupdate_scripts_classes[22m | [39m[0m
2026-10-01T11:23:38.7709494Z [  45% ] [90m[1mupdate_scripts_classes[22m | [39m[0m
2026-10-01T11:23:38.7709657Z [  45% ] [90m[1mupdate_scripts_classes[22m | [39m[0m
2026-10-01T11:23:38.7709821Z [  45% ] [90m[1mupdate_scripts_classes[22m | [39m[0m
2026-10-01T11:23:38.7709988Z [  45% ] [90m[1mupdate_scripts_classes[22m | [39m[0m
2026-10-01T11:23:38.7710148Z [  45% ] [90m[1mupdate_scripts_classes[22m | [39m[0m
2026-10-01T11:23:38.7710320Z [  45% ] [90m[1mupdate_scripts_classes[22m | [39m[0m
2026-10-01T11:23:38.7710493Z [  45% ] [90m[1mupdate_scripts_classes[22m | [39m[0m
2026-10-01T11:23:38.7710741Z [  46% ] [90m[1mupdate_scripts_classes[22m | [39m[0m
2026-10-01T11:23:38.7711037Z [  46% ] [90m[1mupdate_scripts_classes[22m | [39m[0m
2026-10-01T11:23:38.7711405Z [  46% ] [90m[1mupdate_scripts_classes[22m | [39m[0m
2026-10-01T11:23:38.7711615Z [  46% ] [90m[1mupdate_scripts_classes[22m | [39m[0m
2026-10-01T11:23:38.7711779Z [  46% ] [90m[1mupdate_scripts_classes[22m | [39m[0m
2026-10-01T11:23:38.7711942Z [  46% ] [90m[1mupdate_scripts_classes[22m | [39m[0m
2026-10-01T11:23:38.7712105Z [  46% ] [90m[1mupdate_scripts_classes[22m | [39m[0m
2026-10-01T11:23:38.7712266Z [  46% ] [90m[1mupdate_scripts_classes[22m | [39m[0m
2026-10-01T11:23:38.7712429Z [  46% ] [90m[1mupdate_scripts_classes[22m | [39m[0m
2026-10-01T11:23:38.7712593Z [  46% ] [90m[1mupdate_scripts_classes[22m | [39m[0m
2026-10-01T11:23:38.7712910Z [  46% ] [90m[1mupdate_scripts_classes[22m | [39m[0m
2026-10-01T11:23:38.7713072Z [  46% ] [90m[1mupdate_scripts_classes[22m | [39m[0m
2026-10-01T11:23:38.7713340Z [  46% ] [90m[1mupdate_scripts_classes[22m | [39m[0m
2026-10-01T11:23:38.7713512Z [  46% ] [90m[1mupdate_scripts_classes[22m | [39m[0m
2026-10-01T11:23:38.7713670Z [  46% ] [90m[1mupdate_scripts_classes[22m | [39m[0m
2026-10-01T11:23:38.7713833Z [  46% ] [90m[1mupdate_scripts_classes[22m | [39m[0m
2026-10-01T11:23:38.7713997Z [  46% ] [90m[1mupdate_scripts_classes[22m | [39m[0m
2026-10-01T11:23:38.7714160Z [  46% ] [90m[1mupdate_scripts_classes[22m | [39m[0m
2026-10-01T11:23:38.7714318Z [  46% ] [90m[1mupdate_scripts_classes[22m | [39m[0m
2026-10-01T11:23:38.7714481Z [  46% ] [90m[1mupdate_scripts_classes[22m | [39m[0m
2026-10-01T11:23:38.7714643Z [  46% ] [90m[1mupdate_scripts_classes[22m | [39m[0m
2026-10-01T11:23:38.7714802Z [  46% ] [90m[1mupdate_scripts_classes[22m | [39m[0m
2026-10-01T11:23:38.7714969Z [  46% ] [90m[1mupdate_scripts_classes[22m | [39m[0m
2026-10-01T11:23:38.7715132Z [  46% ] [90m[1mupdate_scripts_classes[22m | [39m[0m
2026-10-01T11:23:38.7715300Z [  46% ] [90m[1mupdate_scripts_classes[22m | [39m[0m
2026-10-01T11:23:38.7715627Z [  46% ] [90m[1mupdate_scripts_classes[22m | [39m[0m
2026-10-01T11:23:38.7715871Z [  46% ] [90m[1mupdate_scripts_classes[22m | [39m[0m
2026-10-01T11:23:38.7716040Z [  46% ] [90m[1mupdate_scripts_classes[22m | [39m[0m
2026-10-01T11:23:38.7716198Z [  47% ] [90m[1mupdate_scripts_classes[22m | [39m[0m
2026-10-01T11:23:38.7716361Z [  47% ] [90m[1mupdate_scripts_classes[22m | [39m[0m
2026-10-01T11:23:38.7716526Z [  47% ] [90m[1mupdate_scripts_classes[22m | [39m[0m
2026-10-01T11:23:38.7716688Z [  47% ] [90m[1mupdate_scripts_classes[22m | [39m[0m
2026-10-01T11:23:38.7716856Z [  47% ] [90m[1mupdate_scripts_classes[22m | [39m[0m
2026-10-01T11:23:38.7717022Z [  47% ] [90m[1mupdate_scripts_classes[22m | [39m[0m
2026-10-01T11:23:38.7717191Z [  47% ] [90m[1mupdate_scripts_classes[22m | [39m[0m
2026-10-01T11:23:38.7717350Z [  47% ] [90m[1mupdate_scripts_classes[22m | [39m[0m
2026-10-01T11:23:38.7717518Z [  47% ] [90m[1mupdate_scripts_classes[22m | [39m[0m
2026-10-01T11:23:38.7717681Z [  47% ] [90m[1mupdate_scripts_classes[22m | [39m[0m
2026-10-01T11:23:38.7717844Z [  47% ] [90m[1mupdate_scripts_classes[22m | [39m[0m
2026-10-01T11:23:38.7718004Z [  47% ] [90m[1mupdate_scripts_classes[22m | [39m[0m
2026-10-01T11:23:38.7718167Z [  47% ] [90m[1mupdate_scripts_classes[22m | [39m[0m
2026-10-01T11:23:38.7718331Z [  47% ] [90m[1mupdate_scripts_classes[22m | [39m[0m
2026-10-01T11:23:38.7718490Z [  47% ] [90m[1mupdate_scripts_classes[22m | [39m[0m
2026-10-01T11:23:38.7718656Z [  47% ] [90m[1mupdate_scripts_classes[22m | [39m[0m
2026-10-01T11:23:38.7718820Z [  47% ] [90m[1mupdate_scripts_classes[22m | [39m[0m
2026-10-01T11:23:38.7718991Z [  47% ] [90m[1mupdate_scripts_classes[22m | [39m[0m
2026-10-01T11:23:38.7719160Z [  47% ] [90m[1mupdate_scripts_classes[22m | [39m[0m
2026-10-01T11:23:38.7719325Z [  47% ] [90m[1mupdate_scripts_classes[22m | [39m[0m
2026-10-01T11:23:38.7719494Z [  47% ] [90m[1mupdate_scripts_classes[22m | [39m[0m
2026-10-01T11:23:38.7719655Z [  47% ] [90m[1mupdate_scripts_classes[22m | [39m[0m
2026-10-01T11:23:38.7719962Z [  47% ] [90m[1mupdate_scripts_classes[22m | [39m[0m
2026-10-01T11:23:38.7720201Z [  47% ] [90m[1mupdate_scripts_classes[22m | [39m[0m
2026-10-01T11:23:38.7720370Z [  47% ] [90m[1mupdate_scripts_classes[22m | [39m[0m
2026-10-01T11:23:38.7720531Z [  47% ] [90m[1mupdate_scripts_classes[22m | [39m[0m
2026-10-01T11:23:38.7720694Z [  47% ] [90m[1mupdate_scripts_classes[22m | [39m[0m
2026-10-01T11:23:38.7720860Z [  48% ] [90m[1mupdate_scripts_classes[22m | [39m[0m
2026-10-01T11:23:38.7721018Z [  48% ] [90m[1mupdate_scripts_classes[22m | [39m[0m
2026-10-01T11:23:38.7721523Z [  48% ] [90m[1mupdate_scripts_classes[22m | [39m[0m
2026-10-01T11:23:38.7721703Z [  48% ] [90m[1mupdate_scripts_classes[22m | [39m[0m
2026-10-01T11:23:38.7721997Z [  48% ] [90m[1mupdate_scripts_classes[22m | [39m[0m
2026-10-01T11:23:38.7722164Z [  48% ] [90m[1mupdate_scripts_classes[22m | [39m[0m
2026-10-01T11:23:38.7722329Z [  48% ] [90m[1mupdate_scripts_classes[22m | [39m[0m
2026-10-01T11:23:38.7722495Z [  48% ] [90m[1mupdate_scripts_classes[22m | [39m[0m
2026-10-01T11:23:38.7722655Z [  48% ] [90m[1mupdate_scripts_classes[22m | [39m[0m
2026-10-01T11:23:38.7722818Z [  48% ] [90m[1mupdate_scripts_classes[22m | [39m[0m
2026-10-01T11:23:38.7722982Z [  48% ] [90m[1mupdate_scripts_classes[22m | [39m[0m
2026-10-01T11:23:38.7723147Z [  48% ] [90m[1mupdate_scripts_classes[22m | [39m[0m
2026-10-01T11:23:38.7723306Z [  48% ] [90m[1mupdate_scripts_classes[22m | [39m[0m
2026-10-01T11:23:38.7723468Z [  48% ] [90m[1mupdate_scripts_classes[22m | [39m[0m
2026-10-01T11:23:38.7723638Z [  48% ] [90m[1mupdate_scripts_classes[22m | [39m[0m
2026-10-01T11:23:38.7723796Z [  48% ] [90m[1mupdate_scripts_classes[22m | [39m[0m
2026-10-01T11:23:38.7723965Z [  48% ] [90m[1mupdate_scripts_classes[22m | [39m[0m
2026-10-01T11:23:38.7724127Z [  48% ] [90m[1mupdate_scripts_classes[22m | [39m[0m
2026-10-01T11:23:38.7724293Z [  48% ] [90m[1mupdate_scripts_classes[22m | [39m[0m
2026-10-01T11:23:38.7724519Z [  48% ] [90m[1mupdate_scripts_classes[22m | [39m[0m
2026-10-01T11:23:38.7724835Z [  48% ] [90m[1mupdate_scripts_classes[22m | [39m[0m
2026-10-01T11:23:38.7725014Z [  48% ] [90m[1mupdate_scripts_classes[22m | [39m[0m
2026-10-01T11:23:38.7725175Z [  48% ] [90m[1mupdate_scripts_classes[22m | [39m[0m
2026-10-01T11:23:38.7725340Z [  48% ] [90m[1mupdate_scripts_classes[22m | [39m[0m
2026-10-01T11:23:38.7725502Z [  48% ] [90m[1mupdate_scripts_classes[22m | [39m[0m
2026-10-01T11:23:38.7725670Z [  48% ] [90m[1mupdate_scripts_classes[22m | [39m[0m
2026-10-01T11:23:38.7725835Z [  48% ] [90m[1mupdate_scripts_classes[22m | [39m[0m
2026-10-01T11:23:38.7725998Z [  49% ] [90m[1mupdate_scripts_classes[22m | [39m[0m
2026-10-01T11:23:38.7726166Z [  49% ] [90m[1mupdate_scripts_classes[22m | [39m[0m
2026-10-01T11:23:38.7726323Z [  49% ] [90m[1mupdate_scripts_classes[22m | [39m[0m
2026-10-01T11:23:38.7726490Z [  49% ] [90m[1mupdate_scripts_classes[22m | [39m[0m
2026-10-01T11:23:38.7726662Z [  49% ] [90m[1mupdate_scripts_classes[22m | [39m[0m
2026-10-01T11:23:38.7726831Z [  49% ] [90m[1mupdate_scripts_classes[22m | [39m[0m
2026-10-01T11:23:38.7726989Z [  49% ] [90m[1mupdate_scripts_classes[22m | [39m[0m
2026-10-01T11:23:38.7727150Z [  49% ] [90m[1mupdate_scripts_classes[22m | [39m[0m
2026-10-01T11:23:38.7727315Z [  49% ] [90m[1mupdate_scripts_classes[22m | [39m[0m
2026-10-01T11:23:38.7727475Z [  49% ] [90m[1mupdate_scripts_classes[22m | [39m[0m
2026-10-01T11:23:38.7727643Z [  49% ] [90m[1mupdate_scripts_classes[22m | [39m[0m
2026-10-01T11:23:38.7727808Z [  49% ] [90m[1mupdate_scripts_classes[22m | [39m[0m
2026-10-01T11:23:38.7727973Z [  49% ] [90m[1mupdate_scripts_classes[22m | [39m[0m
2026-10-01T11:23:38.7728136Z [  49% ] [90m[1mupdate_scripts_classes[22m | [39m[0m
2026-10-01T11:23:38.7728301Z [  49% ] [90m[1mupdate_scripts_classes[22m | [39m[0m
2026-10-01T11:23:38.7728466Z [  49% ] [90m[1mupdate_scripts_classes[22m | [39m[0m
2026-10-01T11:23:38.7728624Z [  49% ] [90m[1mupdate_scripts_classes[22m | [39m[0m
2026-10-01T11:23:38.7728787Z [  49% ] [90m[1mupdate_scripts_classes[22m | [39m[0m
2026-10-01T11:23:38.7728950Z [  49% ] [90m[1mupdate_scripts_classes[22m | [39m[0m
2026-10-01T11:23:38.7729113Z [  49% ] [90m[1mupdate_scripts_classes[22m | [39m[0m
2026-10-01T11:23:38.7729272Z [  49% ] [90m[1mupdate_scripts_classes[22m | [39m[0m
2026-10-01T11:23:38.7729438Z [  49% ] [90m[1mupdate_scripts_classes[22m | [39m[0m
2026-10-01T11:23:38.7729776Z [  49% ] [90m[1mupdate_scripts_classes[22m | [39m[0m
2026-10-01T11:23:38.7729938Z [  49% ] [90m[1mupdate_scripts_classes[22m | [39m[0m
2026-10-01T11:23:38.7730176Z [  49% ] [90m[1mupdate_scripts_classes[22m | [39m[0m
2026-10-01T11:23:38.7730342Z [  49% ] [90m[1mupdate_scripts_classes[22m | [39m[0m
2026-10-01T11:23:38.7730508Z [  49% ] [90m[1mupdate_scripts_classes[22m | [39m[0m
2026-10-01T11:23:38.7730667Z [  50% ] [90m[1mupdate_scripts_classes[22m | [39m[0m
2026-10-01T11:23:38.7730828Z [  50% ] [90m[1mupdate_scripts_classes[22m | [39m[0m
2026-10-01T11:23:38.7730990Z [  50% ] [90m[1mupdate_scripts_classes[22m | [39m[0m
2026-10-01T11:23:38.7731146Z [  50% ] [90m[1mupdate_scripts_classes[22m | [39m[0m
2026-10-01T11:23:38.7731714Z [  50% ] [90m[1mupdate_scripts_classes[22m | [39m[0m
2026-10-01T11:23:38.7731912Z [  50% ] [90m[1mupdate_scripts_classes[22m | [39m[0m
2026-10-01T11:23:38.7732078Z [  50% ] [90m[1mupdate_scripts_classes[22m | [39m[0m
2026-10-01T11:23:38.7732258Z [  50% ] [90m[1mupdate_scripts_classes[22m | [39m[0m
2026-10-01T11:23:38.7732424Z [  50% ] [90m[1mupdate_scripts_classes[22m | [39m[0m
2026-10-01T11:23:38.7732590Z [  50% ] [90m[1mupdate_scripts_classes[22m | [39m[0m
2026-10-01T11:23:38.7732754Z [  50% ] [90m[1mupdate_scripts_classes[22m | [39m[0m
2026-10-01T11:23:38.7732921Z [  50% ] [90m[1mupdate_scripts_classes[22m | [39m[0m
2026-10-01T11:23:38.7733086Z [  50% ] [90m[1mupdate_scripts_classes[22m | [39m[0m
2026-10-01T11:23:38.7733243Z [  50% ] [90m[1mupdate_scripts_classes[22m | [39m[0m
2026-10-01T11:23:38.7733405Z [  50% ] [90m[1mupdate_scripts_classes[22m | [39m[0m
2026-10-01T11:23:38.7733568Z [  50% ] [90m[1mupdate_scripts_classes[22m | [39m[0m
2026-10-01T11:23:38.7733725Z [  50% ] [90m[1mupdate_scripts_classes[22m | [39m[0m
2026-10-01T11:23:38.7733889Z [  50% ] [90m[1mupdate_scripts_classes[22m | [39m[0m
2026-10-01T11:23:38.7734052Z [  50% ] [90m[1mupdate_scripts_classes[22m | [39m[0m
2026-10-01T11:23:38.7734220Z [  50% ] [90m[1mupdate_scripts_classes[22m | [39m[0m
2026-10-01T11:23:38.7734379Z [  50% ] [90m[1mupdate_scripts_classes[22m | [39m[0m
2026-10-01T11:23:38.7734557Z [  50% ] [90m[1mupdate_scripts_classes[22m | [39m[0m
2026-10-01T11:23:38.7734725Z [  50% ] [90m[1mupdate_scripts_classes[22m | [39m[0m
2026-10-01T11:23:38.7734884Z [  50% ] [90m[1mupdate_scripts_classes[22m | [39m[0m
2026-10-01T11:23:38.7735047Z [  50% ] [90m[1mupdate_scripts_classes[22m | [39m[0m
2026-10-01T11:23:38.7735209Z [  50% ] [90m[1mupdate_scripts_classes[22m | [39m[0m
2026-10-01T11:23:38.7735384Z [  50% ] [90m[1mupdate_scripts_classes[22m | [39m[0m
2026-10-01T11:23:38.7735545Z [  51% ] [90m[1mupdate_scripts_classes[22m | [39m[0m
2026-10-01T11:23:38.7735708Z [  51% ] [90m[1mupdate_scripts_classes[22m | [39m[0m
2026-10-01T11:23:38.7735870Z [  51% ] [90m[1mupdate_scripts_classes[22m | [39m[0m
2026-10-01T11:23:38.7736206Z [  51% ] [90m[1mupdate_scripts_classes[22m | [39m[0m
2026-10-01T11:23:38.7736444Z [  51% ] [90m[1mupdate_scripts_classes[22m | [39m[0m
2026-10-01T11:23:38.7736623Z [  51% ] [90m[1mupdate_scripts_classes[22m | [39m[0m
2026-10-01T11:23:38.7736797Z [  51% ] [90m[1mupdate_scripts_classes[22m | [39m[0m
2026-10-01T11:23:38.7736957Z [  51% ] [90m[1mupdate_scripts_classes[22m | [39m[0m
2026-10-01T11:23:38.7737121Z [  51% ] [90m[1mupdate_scripts_classes[22m | [39m[0m
2026-10-01T11:23:38.7737285Z [  51% ] [90m[1mupdate_scripts_classes[22m | [39m[0m
2026-10-01T11:23:38.7737444Z [  51% ] [90m[1mupdate_scripts_classes[22m | [39m[0m
2026-10-01T11:23:38.7737609Z [  51% ] [90m[1mupdate_scripts_classes[22m | [39m[0m
2026-10-01T11:23:38.7737771Z [  51% ] [90m[1mupdate_scripts_classes[22m | [39m[0m
2026-10-01T11:23:38.7737935Z [  51% ] [90m[1mupdate_scripts_classes[22m | [39m[0m
2026-10-01T11:23:38.7738096Z [  51% ] [90m[1mupdate_scripts_classes[22m | [39m[0m
2026-10-01T11:23:38.7738410Z [  51% ] [90m[1mupdate_scripts_classes[22m | [39m[0m
2026-10-01T11:23:38.7738574Z [  51% ] [90m[1mupdate_scripts_classes[22m | [39m[0m
2026-10-01T11:23:38.7738870Z [  51% ] [90m[1mupdate_scripts_classes[22m | [39m[0m
2026-10-01T11:23:38.7739041Z [  51% ] [90m[1mupdate_scripts_classes[22m | [39m[0m
2026-10-01T11:23:38.7739204Z [  51% ] [90m[1mupdate_scripts_classes[22m | [39m[0m
2026-10-01T11:23:38.7739367Z [  51% ] [90m[1mupdate_scripts_classes[22m | [39m[0m
2026-10-01T11:23:38.7739527Z [  51% ] [90m[1mupdate_scripts_classes[22m | [39m[0m
2026-10-01T11:23:38.7739689Z [  51% ] [90m[1mupdate_scripts_classes[22m | [39m[0m
2026-10-01T11:23:38.7739851Z [  51% ] [90m[1mupdate_scripts_classes[22m | [39m[0m
2026-10-01T11:23:38.7740010Z [  51% ] [90m[1mupdate_scripts_classes[22m | [39m[0m
2026-10-01T11:23:38.7740174Z [  51% ] [90m[1mupdate_scripts_classes[22m | [39m[0m
2026-10-01T11:23:38.7740344Z [  51% ] [90m[1mupdate_scripts_classes[22m | [39m[0m
2026-10-01T11:23:38.7740717Z [  52% ] [90m[1mupdate_scripts_classes[22m | [39m[0m
2026-10-01T11:23:38.7740924Z [  52% ] [90m[1mupdate_scripts_classes[22m | [39m[0m
2026-10-01T11:23:38.7741108Z [  52% ] [90m[1mupdate_scripts_classes[22m | [39m[0m
2026-10-01T11:23:38.7741493Z [  52% ] [90m[1mupdate_scripts_classes[22m | [39m[0m
2026-10-01T11:23:38.7741670Z [  52% ] [90m[1mupdate_scripts_classes[22m | [39m[0m
2026-10-01T11:23:38.7741918Z [  52% ] [90m[1mupdate_scripts_classes[22m | [39m[0m
2026-10-01T11:23:38.7742082Z [  52% ] [90m[1mupdate_scripts_classes[22m | [39m[0m
2026-10-01T11:23:38.7742244Z [  52% ] [90m[1mupdate_scripts_classes[22m | [39m[0m
2026-10-01T11:23:38.7742403Z [  52% ] [90m[1mupdate_scripts_classes[22m | [39m[0m
2026-10-01T11:23:38.7742568Z [  52% ] [90m[1mupdate_scripts_classes[22m | [39m[0m
2026-10-01T11:23:38.7742731Z [  52% ] [90m[1mupdate_scripts_classes[22m | [39m[0m
2026-10-01T11:23:38.7742891Z [  52% ] [90m[1mupdate_scripts_classes[22m | [39m[0m
2026-10-01T11:23:38.7743062Z [  52% ] [90m[1mupdate_scripts_classes[22m | [39m[0m
2026-10-01T11:23:38.7743228Z [  52% ] [90m[1mupdate_scripts_classes[22m | [39m[0m
2026-10-01T11:23:38.7743396Z [  52% ] [90m[1mupdate_scripts_classes[22m | [39m[0m
2026-10-01T11:23:38.7743555Z [  52% ] [90m[1mupdate_scripts_classes[22m | [39m[0m
2026-10-01T11:23:38.7743722Z [  52% ] [90m[1mupdate_scripts_classes[22m | [39m[0m
2026-10-01T11:23:38.7743887Z [  52% ] [90m[1mupdate_scripts_classes[22m | [39m[0m
2026-10-01T11:23:38.7744047Z [  52% ] [90m[1mupdate_scripts_classes[22m | [39m[0m
2026-10-01T11:23:38.7744212Z [  52% ] [90m[1mupdate_scripts_classes[22m | [39m[0m
2026-10-01T11:23:38.7744375Z [  52% ] [90m[1mupdate_scripts_classes[22m | [39m[0m
2026-10-01T11:23:38.7744539Z [  52% ] [90m[1mupdate_scripts_classes[22m | [39m[0m
2026-10-01T11:23:38.7744697Z [  52% ] [90m[1mupdate_scripts_classes[22m | [39m[0m
2026-10-01T11:23:38.7744861Z [  52% ] [90m[1mupdate_scripts_classes[22m | [39m[0m
2026-10-01T11:23:38.7745030Z [  52% ] [90m[1mupdate_scripts_classes[22m | [39m[0m
2026-10-01T11:23:38.7745265Z [  52% ] [90m[1mupdate_scripts_classes[22m | [39m[0m
2026-10-01T11:23:38.7745565Z [  52% ] [90m[1mupdate_scripts_classes[22m | [39m[0m
2026-10-01T11:23:38.7745747Z [  53% ] [90m[1mupdate_scripts_classes[22m | [39m[0m
2026-10-01T11:23:38.7745915Z [  53% ] [90m[1mupdate_scripts_classes[22m | [39m[0m
2026-10-01T11:23:38.7746076Z [  53% ] [90m[1mupdate_scripts_classes[22m | [39m[0m
2026-10-01T11:23:38.7746241Z [  53% ] [90m[1mupdate_scripts_classes[22m | [39m[0m
2026-10-01T11:23:38.7746405Z [  53% ] [90m[1mupdate_scripts_classes[22m | [39m[0m
2026-10-01T11:23:38.7746571Z [  53% ] [90m[1mupdate_scripts_classes[22m | [39m[0m
2026-10-01T11:23:38.7746748Z [  53% ] [90m[1mupdate_scripts_classes[22m | [39m[0m
2026-10-01T11:23:38.7746911Z [  53% ] [90m[1mupdate_scripts_classes[22m | [39m[0m
2026-10-01T11:23:38.7747243Z [  53% ] [90m[1mupdate_scripts_classes[22m | [39m[0m
2026-10-01T11:23:38.7747405Z [  53% ] [90m[1mupdate_scripts_classes[22m | [39m[0m
2026-10-01T11:23:38.7747571Z [  53% ] [90m[1mupdate_scripts_classes[22m | [39m[0m
2026-10-01T11:23:38.7747838Z [  53% ] [90m[1mupdate_scripts_classes[22m | [39m[0m
2026-10-01T11:23:38.7748002Z [  53% ] [90m[1mupdate_scripts_classes[22m | [39m[0m
2026-10-01T11:23:38.7748169Z [  53% ] [90m[1mupdate_scripts_classes[22m | [39m[0m
2026-10-01T11:23:38.7748332Z [  53% ] [90m[1mupdate_scripts_classes[22m | [39m[0m
2026-10-01T11:23:38.7748497Z [  53% ] [90m[1mupdate_scripts_classes[22m | [39m[0m
2026-10-01T11:23:38.7748656Z [  53% ] [90m[1mupdate_scripts_classes[22m | [39m[0m
2026-10-01T11:23:38.7748820Z [  53% ] [90m[1mupdate_scripts_classes[22m | [39m[0m
2026-10-01T11:23:38.7748982Z [  53% ] [90m[1mupdate_scripts_classes[22m | [39m[0m
2026-10-01T11:23:38.7749140Z [  53% ] [90m[1mupdate_scripts_classes[22m | [39m[0m
2026-10-01T11:23:38.7749309Z [  53% ] [90m[1mupdate_scripts_classes[22m | [39m[0m
2026-10-01T11:23:38.7749474Z [  53% ] [90m[1mupdate_scripts_classes[22m | [39m[0m
2026-10-01T11:23:38.7749746Z [  53% ] [90m[1mupdate_scripts_classes[22m | [39m[0m
2026-10-01T11:23:38.7750037Z [  53% ] [90m[1mupdate_scripts_classes[22m | [39m[0m
2026-10-01T11:23:38.7750216Z [  53% ] [90m[1mupdate_scripts_classes[22m | [39m[0m
2026-10-01T11:23:38.7750386Z [  53% ] [90m[1mupdate_scripts_classes[22m | [39m[0m
2026-10-01T11:23:38.7750547Z [  53% ] [90m[1mupdate_scripts_classes[22m | [39m[0m
2026-10-01T11:23:38.7750711Z [  53% ] [90m[1mupdate_scripts_classes[22m | [39m[0m
2026-10-01T11:23:38.7750878Z [  54% ] [90m[1mupdate_scripts_classes[22m | [39m[0m
2026-10-01T11:23:38.7751042Z [  54% ] [90m[1mupdate_scripts_classes[22m | [39m[0m
2026-10-01T11:23:38.7751205Z [  54% ] [90m[1mupdate_scripts_classes[22m | [39m[0m
2026-10-01T11:23:38.7751610Z [  54% ] [90m[1mupdate_scripts_classes[22m | [39m[0m
2026-10-01T11:23:38.7751787Z [  54% ] [90m[1mupdate_scripts_classes[22m | [39m[0m
2026-10-01T11:23:38.7751946Z [  54% ] [90m[1mupdate_scripts_classes[22m | [39m[0m
2026-10-01T11:23:38.7752115Z [  54% ] [90m[1mupdate_scripts_classes[22m | [39m[0m
2026-10-01T11:23:38.7752284Z [  54% ] [90m[1mupdate_scripts_classes[22m | [39m[0m
2026-10-01T11:23:38.7752449Z [  54% ] [90m[1mupdate_scripts_classes[22m | [39m[0m
2026-10-01T11:23:38.7752610Z [  54% ] [90m[1mupdate_scripts_classes[22m | [39m[0m
2026-10-01T11:23:38.7752802Z [  54% ] [90m[1mupdate_scripts_classes[22m | [39m[0m
2026-10-01T11:23:38.7752968Z [  54% ] [90m[1mupdate_scripts_classes[22m | [39m[0m
2026-10-01T11:23:38.7753126Z [  54% ] [90m[1mupdate_scripts_classes[22m | [39m[0m
2026-10-01T11:23:38.7753290Z [  54% ] [90m[1mupdate_scripts_classes[22m | [39m[0m
2026-10-01T11:23:38.7753454Z [  54% ] [90m[1mupdate_scripts_classes[22m | [39m[0m
2026-10-01T11:23:38.7753617Z [  54% ] [90m[1mupdate_scripts_classes[22m | [39m[0m
2026-10-01T11:23:38.7753783Z [  54% ] [90m[1mupdate_scripts_classes[22m | [39m[0m
2026-10-01T11:23:38.7753948Z [  54% ] [90m[1mupdate_scripts_classes[22m | [39m[0m
2026-10-01T11:23:38.7754114Z [  54% ] [90m[1mupdate_scripts_classes[22m | [39m[0m
2026-10-01T11:23:38.7754274Z [  54% ] [90m[1mupdate_scripts_classes[22m | [39m[0m
2026-10-01T11:23:38.7754589Z [  54% ] [90m[1mupdate_scripts_classes[22m | [39m[0m
2026-10-01T11:23:38.7754825Z [  54% ] [90m[1mupdate_scripts_classes[22m | [39m[0m
2026-10-01T11:23:38.7754994Z [  54% ] [90m[1mupdate_scripts_classes[22m | [39m[0m
2026-10-01T11:23:38.7755153Z [  54% ] [90m[1mupdate_scripts_classes[22m | [39m[0m
2026-10-01T11:23:38.7755317Z [  54% ] [90m[1mupdate_scripts_classes[22m | [39m[0m
2026-10-01T11:23:38.7755482Z [  54% ] [90m[1mupdate_scripts_classes[22m | [39m[0m
2026-10-01T11:23:38.7755640Z [  54% ] [90m[1mupdate_scripts_classes[22m | [39m[0m
2026-10-01T11:23:38.7755968Z [  55% ] [90m[1mupdate_scripts_classes[22m | [39m[0m
2026-10-01T11:23:38.7756135Z [  55% ] [90m[1mupdate_scripts_classes[22m | [39m[0m
2026-10-01T11:23:38.7756301Z [  55% ] [90m[1mupdate_scripts_classes[22m | [39m[0m
2026-10-01T11:23:38.7756562Z [  55% ] [90m[1mupdate_scripts_classes[22m | [39m[0m
2026-10-01T11:23:38.7756728Z [  55% ] [90m[1mupdate_scripts_classes[22m | [39m[0m
2026-10-01T11:23:38.7756894Z [  55% ] [90m[1mupdate_scripts_classes[22m | [39m[0m
2026-10-01T11:23:38.7757051Z [  55% ] [90m[1mupdate_scripts_classes[22m | [39m[0m
2026-10-01T11:23:38.7757220Z [  55% ] [90m[1mupdate_scripts_classes[22m | [39m[0m
2026-10-01T11:23:38.7757382Z [  55% ] [90m[1mupdate_scripts_classes[22m | [39m[0m
2026-10-01T11:23:38.7757546Z [  55% ] [90m[1mupdate_scripts_classes[22m | [39m[0m
2026-10-01T11:23:38.7757704Z [  55% ] [90m[1mupdate_scripts_classes[22m | [39m[0m
2026-10-01T11:23:38.7757866Z [  55% ] [90m[1mupdate_scripts_classes[22m | [39m[0m
2026-10-01T11:23:38.7758034Z [  55% ] [90m[1mupdate_scripts_classes[22m | [39m[0m
2026-10-01T11:23:38.7758194Z [  55% ] [90m[1mupdate_scripts_classes[22m | [39m[0m
2026-10-01T11:23:38.7758363Z [  55% ] [90m[1mupdate_scripts_classes[22m | [39m[0m
2026-10-01T11:23:38.7758527Z [  55% ] [90m[1mupdate_scripts_classes[22m | [39m[0m
2026-10-01T11:23:38.7758691Z [  55% ] [90m[1mupdate_scripts_classes[22m | [39m[0m
2026-10-01T11:23:38.7758973Z [  55% ] [90m[1mupdate_scripts_classes[22m | [39m[0m
2026-10-01T11:23:38.7759257Z [  55% ] [90m[1mupdate_scripts_classes[22m | [39m[0m
2026-10-01T11:23:38.7759432Z [  55% ] [90m[1mupdate_scripts_classes[22m | [39m[0m
2026-10-01T11:23:38.7759594Z [  55% ] [90m[1mupdate_scripts_classes[22m | [39m[0m
2026-10-01T11:23:38.7759760Z [  55% ] [90m[1mupdate_scripts_classes[22m | [39m[0m
2026-10-01T11:23:38.7759924Z [  55% ] [90m[1mupdate_scripts_classes[22m | [39m[0m
2026-10-01T11:23:38.7760096Z [  55% ] [90m[1mupdate_scripts_classes[22m | [39m[0m
2026-10-01T11:23:38.7760268Z [  55% ] [90m[1mupdate_scripts_classes[22m | [39m[0m
2026-10-01T11:23:38.7760434Z [  55% ] [90m[1mupdate_scripts_classes[22m | [39m[0m
2026-10-01T11:23:38.7760603Z [  55% ] [90m[1mupdate_scripts_classes[22m | [39m[0m
2026-10-01T11:23:38.7760763Z [  56% ] [90m[1mupdate_scripts_classes[22m | [39m[0m
2026-10-01T11:23:38.7760940Z [  56% ] [90m[1mupdate_scripts_classes[22m | [39m[0m
2026-10-01T11:23:38.7761106Z [  56% ] [90m[1mupdate_scripts_classes[22m | [39m[0m
2026-10-01T11:23:38.7761504Z [  56% ] [90m[1mupdate_scripts_classes[22m | [39m[0m
2026-10-01T11:23:38.7761683Z [  56% ] [90m[1mupdate_scripts_classes[22m | [39m[0m
2026-10-01T11:23:38.7761851Z [  56% ] [90m[1mupdate_scripts_classes[22m | [39m[0m
2026-10-01T11:23:38.7762016Z [  56% ] [90m[1mupdate_scripts_classes[22m | [39m[0m
2026-10-01T11:23:38.7762174Z [  56% ] [90m[1mupdate_scripts_classes[22m | [39m[0m
2026-10-01T11:23:38.7762339Z [  56% ] [90m[1mupdate_scripts_classes[22m | [39m[0m
2026-10-01T11:23:38.7762507Z [  56% ] [90m[1mupdate_scripts_classes[22m | [39m[0m
2026-10-01T11:23:38.7762670Z [  56% ] [90m[1mupdate_scripts_classes[22m | [39m[0m
2026-10-01T11:23:38.7762831Z [  56% ] [90m[1mupdate_scripts_classes[22m | [39m[0m
2026-10-01T11:23:38.7762996Z [  56% ] [90m[1mupdate_scripts_classes[22m | [39m[0m
2026-10-01T11:23:38.7763159Z [  56% ] [90m[1mupdate_scripts_classes[22m | [39m[0m
2026-10-01T11:23:38.7763318Z [  56% ] [90m[1mupdate_scripts_classes[22m | [39m[0m
2026-10-01T11:23:38.7763524Z [  56% ] [90m[1mupdate_scripts_classes[22m | [39m[0m
2026-10-01T11:23:38.7763840Z [  56% ] [90m[1mupdate_scripts_classes[22m | [39m[0m
2026-10-01T11:23:38.7764020Z [  56% ] [90m[1mupdate_scripts_classes[22m | [39m[0m
2026-10-01T11:23:38.7764181Z [  56% ] [90m[1mupdate_scripts_classes[22m | [39m[0m
2026-10-01T11:23:38.7764345Z [  56% ] [90m[1mupdate_scripts_classes[22m | [39m[0m
2026-10-01T11:23:38.7764511Z [  56% ] [90m[1mupdate_scripts_classes[22m | [39m[0m
2026-10-01T11:23:38.7764816Z [  56% ] [90m[1mupdate_scripts_classes[22m | [39m[0m
2026-10-01T11:23:38.7764981Z [  56% ] [90m[1mupdate_scripts_classes[22m | [39m[0m
2026-10-01T11:23:38.7765253Z [  56% ] [90m[1mupdate_scripts_classes[22m | [39m[0m
2026-10-01T11:23:38.7765422Z [  56% ] [90m[1mupdate_scripts_classes[22m | [39m[0m
2026-10-01T11:23:38.7765585Z [  56% ] [90m[1mupdate_scripts_classes[22m | [39m[0m
2026-10-01T11:23:38.7765749Z [  56% ] [90m[1mupdate_scripts_classes[22m | [39m[0m
2026-10-01T11:23:38.7765913Z [  57% ] [90m[1mupdate_scripts_classes[22m | [39m[0m
2026-10-01T11:23:38.7766073Z [  57% ] [90m[1mupdate_scripts_classes[22m | [39m[0m
2026-10-01T11:23:38.7766236Z [  57% ] [90m[1mupdate_scripts_classes[22m | [39m[0m
2026-10-01T11:23:38.7766400Z [  57% ] [90m[1mupdate_scripts_classes[22m | [39m[0m
2026-10-01T11:23:38.7766564Z [  57% ] [90m[1mupdate_scripts_classes[22m | [39m[0m
2026-10-01T11:23:38.7766728Z [  57% ] [90m[1mupdate_scripts_classes[22m | [39m[0m
2026-10-01T11:23:38.7766893Z [  57% ] [90m[1mupdate_scripts_classes[22m | [39m[0m
2026-10-01T11:23:38.7767060Z [  57% ] [90m[1mupdate_scripts_classes[22m | [39m[0m
2026-10-01T11:23:38.7767218Z [  57% ] [90m[1mupdate_scripts_classes[22m | [39m[0m
2026-10-01T11:23:38.7767381Z [  57% ] [90m[1mupdate_scripts_classes[22m | [39m[0m
2026-10-01T11:23:38.7767544Z [  57% ] [90m[1mupdate_scripts_classes[22m | [39m[0m
2026-10-01T11:23:38.7767707Z [  57% ] [90m[1mupdate_scripts_classes[22m | [39m[0m
2026-10-01T11:23:38.7767865Z [  57% ] [90m[1mupdate_scripts_classes[22m | [39m[0m
2026-10-01T11:23:38.7768162Z [  57% ] [90m[1mupdate_scripts_classes[22m | [39m[0m
2026-10-01T11:23:38.7768357Z [  57% ] [90m[1mupdate_scripts_classes[22m | [39m[0m
2026-10-01T11:23:38.7768518Z [  57% ] [90m[1mupdate_scripts_classes[22m | [39m[0m
2026-10-01T11:23:38.7768682Z [  57% ] [90m[1mupdate_scripts_classes[22m | [39m[0m
2026-10-01T11:23:38.7768851Z [  57% ] [90m[1mupdate_scripts_classes[22m | [39m[0m
2026-10-01T11:23:38.7769012Z [  57% ] [90m[1mupdate_scripts_classes[22m | [39m[0m
2026-10-01T11:23:38.7769177Z [  57% ] [90m[1mupdate_scripts_classes[22m | [39m[0m
2026-10-01T11:23:38.7769340Z [  57% ] [90m[1mupdate_scripts_classes[22m | [39m[0m
2026-10-01T11:23:38.7769505Z [  57% ] [90m[1mupdate_scripts_classes[22m | [39m[0m
2026-10-01T11:23:38.7769662Z [  57% ] [90m[1mupdate_scripts_classes[22m | [39m[0m
2026-10-01T11:23:38.7769824Z [  57% ] [90m[1mupdate_scripts_classes[22m | [39m[0m
2026-10-01T11:23:38.7769990Z [  57% ] [90m[1mupdate_scripts_classes[22m | [39m[0m
2026-10-01T11:23:38.7770154Z [  57% ] [90m[1mupdate_scripts_classes[22m | [39m[0m
2026-10-01T11:23:38.7770311Z [  57% ] [90m[1mupdate_scripts_classes[22m | [39m[0m
2026-10-01T11:23:38.7770474Z [  58% ] [90m[1mupdate_scripts_classes[22m | [39m[0m
2026-10-01T11:23:38.7770641Z [  58% ] [90m[1mupdate_scripts_classes[22m | [39m[0m
2026-10-01T11:23:38.7770805Z [  58% ] [90m[1mupdate_scripts_classes[22m | [39m[0m
2026-10-01T11:23:38.7770972Z [  58% ] [90m[1mupdate_scripts_classes[22m | [39m[0m
2026-10-01T11:23:38.7771138Z [  58% ] [90m[1mupdate_scripts_classes[22m | [39m[0m
2026-10-01T11:23:38.7771601Z [  58% ] [90m[1mupdate_scripts_classes[22m | [39m[0m
2026-10-01T11:23:38.7771839Z [  58% ] [90m[1mupdate_scripts_classes[22m | [39m[0m
2026-10-01T11:23:38.7772008Z [  58% ] [90m[1mupdate_scripts_classes[22m | [39m[0m
2026-10-01T11:23:38.7772173Z [  58% ] [90m[1mupdate_scripts_classes[22m | [39m[0m
2026-10-01T11:23:38.7772334Z [  58% ] [90m[1mupdate_scripts_classes[22m | [39m[0m
2026-10-01T11:23:38.7772499Z [  58% ] [90m[1mupdate_scripts_classes[22m | [39m[0m
2026-10-01T11:23:38.7772763Z [  58% ] [90m[1mupdate_scripts_classes[22m | [39m[0m
2026-10-01T11:23:38.7773035Z [  58% ] [90m[1mupdate_scripts_classes[22m | [39m[0m
2026-10-01T11:23:38.7773212Z [  58% ] [90m[1mupdate_scripts_classes[22m | [39m[0m
2026-10-01T11:23:38.7773554Z [  58% ] [90m[1mupdate_scripts_classes[22m | [39m[0m
2026-10-01T11:23:38.7773731Z [  58% ] [90m[1mupdate_scripts_classes[22m | [39m[0m
2026-10-01T11:23:38.7774005Z [  58% ] [90m[1mupdate_scripts_classes[22m | [39m[0m
2026-10-01T11:23:38.7774179Z [  58% ] [90m[1mupdate_scripts_classes[22m | [39m[0m
2026-10-01T11:23:38.7774345Z [  58% ] [90m[1mupdate_scripts_classes[22m | [39m[0m
2026-10-01T11:23:38.7774508Z [  58% ] [90m[1mupdate_scripts_classes[22m | [39m[0m
2026-10-01T11:23:38.7774670Z [  58% ] [90m[1mupdate_scripts_classes[22m | [39m[0m
2026-10-01T11:23:38.7774835Z [  58% ] [90m[1mupdate_scripts_classes[22m | [39m[0m
2026-10-01T11:23:38.7774998Z [  58% ] [90m[1mupdate_scripts_classes[22m | [39m[0m
2026-10-01T11:23:38.7775158Z [  58% ] [90m[1mupdate_scripts_classes[22m | [39m[0m
2026-10-01T11:23:38.7775325Z [  58% ] [90m[1mupdate_scripts_classes[22m | [39m[0m
2026-10-01T11:23:38.7775496Z [  58% ] [90m[1mupdate_scripts_classes[22m | [39m[0m
2026-10-01T11:23:38.7775661Z [  58% ] [90m[1mupdate_scripts_classes[22m | [39m[0m
2026-10-01T11:23:38.7775819Z [  59% ] [90m[1mupdate_scripts_classes[22m | [39m[0m
2026-10-01T11:23:38.7775986Z [  59% ] [90m[1mupdate_scripts_classes[22m | [39m[0m
2026-10-01T11:23:38.7776149Z [  59% ] [90m[1mupdate_scripts_classes[22m | [39m[0m
2026-10-01T11:23:38.7776308Z [  59% ] [90m[1mupdate_scripts_classes[22m | [39m[0m
2026-10-01T11:23:38.7776472Z [  59% ] [90m[1mupdate_scripts_classes[22m | [39m[0m
2026-10-01T11:23:38.7776636Z [  59% ] [90m[1mupdate_scripts_classes[22m | [39m[0m
2026-10-01T11:23:38.7776801Z [  59% ] [90m[1mupdate_scripts_classes[22m | [39m[0m
2026-10-01T11:23:38.7776969Z [  59% ] [90m[1mupdate_scripts_classes[22m | [39m[0m
2026-10-01T11:23:38.7777138Z [  59% ] [90m[1mupdate_scripts_classes[22m | [39m[0m
2026-10-01T11:23:38.7777305Z [  59% ] [90m[1mupdate_scripts_classes[22m | [39m[0m
2026-10-01T11:23:38.7777468Z [  59% ] [90m[1mupdate_scripts_classes[22m | [39m[0m
2026-10-01T11:23:38.7777635Z [  59% ] [90m[1mupdate_scripts_classes[22m | [39m[0m
2026-10-01T11:23:38.7777812Z [  59% ] [90m[1mupdate_scripts_classes[22m | [39m[0m
2026-10-01T11:23:38.7777980Z [  59% ] [90m[1mupdate_scripts_classes[22m | [39m[0m
2026-10-01T11:23:38.7778141Z [  59% ] [90m[1mupdate_scripts_classes[22m | [39m[0m
2026-10-01T11:23:38.7778304Z [  59% ] [90m[1mupdate_scripts_classes[22m | [39m[0m
2026-10-01T11:23:38.7778467Z [  59% ] [90m[1mupdate_scripts_classes[22m | [39m[0m
2026-10-01T11:23:38.7778626Z [  59% ] [90m[1mupdate_scripts_classes[22m | [39m[0m
2026-10-01T11:23:38.7778792Z [  59% ] [90m[1mupdate_scripts_classes[22m | [39m[0m
2026-10-01T11:23:38.7778957Z [  59% ] [90m[1mupdate_scripts_classes[22m | [39m[0m
2026-10-01T11:23:38.7779120Z [  59% ] [90m[1mupdate_scripts_classes[22m | [39m[0m
2026-10-01T11:23:38.7779281Z [  59% ] [90m[1mupdate_scripts_classes[22m | [39m[0m
2026-10-01T11:23:38.7779448Z [  59% ] [90m[1mupdate_scripts_classes[22m | [39m[0m
2026-10-01T11:23:38.7779614Z [  59% ] [90m[1mupdate_scripts_classes[22m | [39m[0m
2026-10-01T11:23:38.7779773Z [  59% ] [90m[1mupdate_scripts_classes[22m | [39m[0m
2026-10-01T11:23:38.7779938Z [  59% ] [90m[1mupdate_scripts_classes[22m | [39m[0m
2026-10-01T11:23:38.7780103Z [  59% ] [90m[1mupdate_scripts_classes[22m | [39m[0m
2026-10-01T11:23:38.7780267Z [  60% ] [90m[1mupdate_scripts_classes[22m | [39m[0m
2026-10-01T11:23:38.7780425Z [  60% ] [90m[1mupdate_scripts_classes[22m | [39m[0m
2026-10-01T11:23:38.7780588Z [  60% ] [90m[1mupdate_scripts_classes[22m | [39m[0m
2026-10-01T11:23:38.7780752Z [  60% ] [90m[1mupdate_scripts_classes[22m | [39m[0m
2026-10-01T11:23:38.7780911Z [  60% ] [90m[1mupdate_scripts_classes[22m | [39m[0m
2026-10-01T11:23:38.7781077Z [  60% ] [90m[1mupdate_scripts_classes[22m | [39m[0m
2026-10-01T11:23:38.7781447Z [  60% ] [90m[1mupdate_scripts_classes[22m | [39m[0m
2026-10-01T11:23:38.7781775Z [  60% ] [90m[1mupdate_scripts_classes[22m | [39m[0m
2026-10-01T11:23:38.7781940Z [  60% ] [90m[1mupdate_scripts_classes[22m | [39m[0m
2026-10-01T11:23:38.7782205Z [  60% ] [90m[1mupdate_scripts_classes[22m | [39m[0m
2026-10-01T11:23:38.7782373Z [  60% ] [90m[1mupdate_scripts_classes[22m | [39m[0m
2026-10-01T11:23:38.7782531Z [  60% ] [90m[1mupdate_scripts_classes[22m | [39m[0m
2026-10-01T11:23:38.7782693Z [  60% ] [90m[1mupdate_scripts_classes[22m | [39m[0m
2026-10-01T11:23:38.7782859Z [  60% ] [90m[1mupdate_scripts_classes[22m | [39m[0m
2026-10-01T11:23:38.7783021Z [  60% ] [90m[1mupdate_scripts_classes[22m | [39m[0m
2026-10-01T11:23:38.7783180Z [  60% ] [90m[1mupdate_scripts_classes[22m | [39m[0m
2026-10-01T11:23:38.7783342Z [  60% ] [90m[1mupdate_scripts_classes[22m | [39m[0m
2026-10-01T11:23:38.7783507Z [  60% ] [90m[1mupdate_scripts_classes[22m | [39m[0m
2026-10-01T11:23:38.7783673Z [  60% ] [90m[1mupdate_scripts_classes[22m | [39m[0m
2026-10-01T11:23:38.7783836Z [  60% ] [90m[1mupdate_scripts_classes[22m | [39m[0m
2026-10-01T11:23:38.7784001Z [  60% ] [90m[1mupdate_scripts_classes[22m | [39m[0m
2026-10-01T11:23:38.7784172Z [  60% ] [90m[1mupdate_scripts_classes[22m | [39m[0m
2026-10-01T11:23:38.7784330Z [  60% ] [90m[1mupdate_scripts_classes[22m | [39m[0m
2026-10-01T11:23:38.7784493Z [  60% ] [90m[1mupdate_scripts_classes[22m | [39m[0m
2026-10-01T11:23:38.7784658Z [  60% ] [90m[1mupdate_scripts_classes[22m | [39m[0m
2026-10-01T11:23:38.7784816Z [  60% ] [90m[1mupdate_scripts_classes[22m | [39m[0m
2026-10-01T11:23:38.7784984Z [  60% ] [90m[1mupdate_scripts_classes[22m | [39m[0m
2026-10-01T11:23:38.7785146Z [  61% ] [90m[1mupdate_scripts_classes[22m | [39m[0m
2026-10-01T11:23:38.7785309Z [  61% ] [90m[1mupdate_scripts_classes[22m | [39m[0m
2026-10-01T11:23:38.7785469Z [  61% ] [90m[1mupdate_scripts_classes[22m | [39m[0m
2026-10-01T11:23:38.7785647Z [  61% ] [90m[1mupdate_scripts_classes[22m | [39m[0m
2026-10-01T11:23:38.7785809Z [  61% ] [90m[1mupdate_scripts_classes[22m | [39m[0m
2026-10-01T11:23:38.7785971Z [  61% ] [90m[1mupdate_scripts_classes[22m | [39m[0m
2026-10-01T11:23:38.7786135Z [  61% ] [90m[1mupdate_scripts_classes[22m | [39m[0m
2026-10-01T11:23:38.7786299Z [  61% ] [90m[1mupdate_scripts_classes[22m | [39m[0m
2026-10-01T11:23:38.7786462Z [  61% ] [90m[1mupdate_scripts_classes[22m | [39m[0m
2026-10-01T11:23:38.7786620Z [  61% ] [90m[1mupdate_scripts_classes[22m | [39m[0m
2026-10-01T11:23:38.7786784Z [  61% ] [90m[1mupdate_scripts_classes[22m | [39m[0m
2026-10-01T11:23:38.7786947Z [  61% ] [90m[1mupdate_scripts_classes[22m | [39m[0m
2026-10-01T11:23:38.7787105Z [  61% ] [90m[1mupdate_scripts_classes[22m | [39m[0m
2026-10-01T11:23:38.7787268Z [  61% ] [90m[1mupdate_scripts_classes[22m | [39m[0m
2026-10-01T11:23:38.7787435Z [  61% ] [90m[1mupdate_scripts_classes[22m | [39m[0m
2026-10-01T11:23:38.7787601Z [  61% ] [90m[1mupdate_scripts_classes[22m | [39m[0m
2026-10-01T11:23:38.7787759Z [  61% ] [90m[1mupdate_scripts_classes[22m | [39m[0m
2026-10-01T11:23:38.7787926Z [  61% ] [90m[1mupdate_scripts_classes[22m | [39m[0m
2026-10-01T11:23:38.7788090Z [  61% ] [90m[1mupdate_scripts_classes[22m | [39m[0m
2026-10-01T11:23:38.7788249Z [  61% ] [90m[1mupdate_scripts_classes[22m | [39m[0m
2026-10-01T11:23:38.7788413Z [  61% ] [90m[1mupdate_scripts_classes[22m | [39m[0m
2026-10-01T11:23:38.7788576Z [  61% ] [90m[1mupdate_scripts_classes[22m | [39m[0m
2026-10-01T11:23:38.7788741Z [  61% ] [90m[1mupdate_scripts_classes[22m | [39m[0m
2026-10-01T11:23:38.7788899Z [  61% ] [90m[1mupdate_scripts_classes[22m | [39m[0m
2026-10-01T11:23:38.7789064Z [  61% ] [90m[1mupdate_scripts_classes[22m | [39m[0m
2026-10-01T11:23:38.7789229Z [  61% ] [90m[1mupdate_scripts_classes[22m | [39m[0m
2026-10-01T11:23:38.7789387Z [  61% ] [90m[1mupdate_scripts_classes[22m | [39m[0m
2026-10-01T11:23:38.7789646Z [  61% ] [90m[1mupdate_scripts_classes[22m | [39m[0m
2026-10-01T11:23:38.7789812Z [  62% ] [90m[1mupdate_scripts_classes[22m | [39m[0m
2026-10-01T11:23:38.7790052Z [  62% ] [90m[1mupdate_scripts_classes[22m | [39m[0m
2026-10-01T11:23:38.7790215Z [  62% ] [90m[1mupdate_scripts_classes[22m | [39m[0m
2026-10-01T11:23:38.7790380Z [  62% ] [90m[1mupdate_scripts_classes[22m | [39m[0m
2026-10-01T11:23:38.7790542Z [  62% ] [90m[1mupdate_scripts_classes[22m | [39m[0m
2026-10-01T11:23:38.7790701Z [  62% ] [90m[1mupdate_scripts_classes[22m | [39m[0m
2026-10-01T11:23:38.7790864Z [  62% ] [90m[1mupdate_scripts_classes[22m | [39m[0m
2026-10-01T11:23:38.7791030Z [  62% ] [90m[1mupdate_scripts_classes[22m | [39m[0m
2026-10-01T11:23:38.7791192Z [  62% ] [90m[1mupdate_scripts_classes[22m | [39m[0m
2026-10-01T11:23:38.7791592Z [  62% ] [90m[1mupdate_scripts_classes[22m | [39m[0m
2026-10-01T11:23:38.7791762Z [  62% ] [90m[1mupdate_scripts_classes[22m | [39m[0m
2026-10-01T11:23:38.7791933Z [  62% ] [90m[1mupdate_scripts_classes[22m | [39m[0m
2026-10-01T11:23:38.7792092Z [  62% ] [90m[1mupdate_scripts_classes[22m | [39m[0m
2026-10-01T11:23:38.7792259Z [  62% ] [90m[1mupdate_scripts_classes[22m | [39m[0m
2026-10-01T11:23:38.7792427Z [  62% ] [90m[1mupdate_scripts_classes[22m | [39m[0m
2026-10-01T11:23:38.7792590Z [  62% ] [90m[1mupdate_scripts_classes[22m | [39m[0m
2026-10-01T11:23:38.7792747Z [  62% ] [90m[1mupdate_scripts_classes[22m | [39m[0m
2026-10-01T11:23:38.7793018Z [  62% ] [90m[1mupdate_scripts_classes[22m | [39m[0m
2026-10-01T11:23:38.7793305Z [  62% ] [90m[1mupdate_scripts_classes[22m | [39m[0m
2026-10-01T11:23:38.7793476Z [  62% ] [90m[1mupdate_scripts_classes[22m | [39m[0m
2026-10-01T11:23:38.7793641Z [  62% ] [90m[1mupdate_scripts_classes[22m | [39m[0m
2026-10-01T11:23:38.7793805Z [  62% ] [90m[1mupdate_scripts_classes[22m | [39m[0m
2026-10-01T11:23:38.7793982Z [  62% ] [90m[1mupdate_scripts_classes[22m | [39m[0m
2026-10-01T11:23:38.7794147Z [  62% ] [90m[1mupdate_scripts_classes[22m | [39m[0m
2026-10-01T11:23:38.7794314Z [  62% ] [90m[1mupdate_scripts_classes[22m | [39m[0m
2026-10-01T11:23:38.7794487Z [  62% ] [90m[1mupdate_scripts_classes[22m | [39m[0m
2026-10-01T11:23:38.7794648Z [  62% ] [90m[1mupdate_scripts_classes[22m | [39m[0m
2026-10-01T11:23:38.7794810Z [  63% ] [90m[1mupdate_scripts_classes[22m | [39m[0m
2026-10-01T11:23:38.7794973Z [  63% ] [90m[1mupdate_scripts_classes[22m | [39m[0m
2026-10-01T11:23:38.7795136Z [  63% ] [90m[1mupdate_scripts_classes[22m | [39m[0m
2026-10-01T11:23:38.7795294Z [  63% ] [90m[1mupdate_scripts_classes[22m | [39m[0m
2026-10-01T11:23:38.7795457Z [  63% ] [90m[1mupdate_scripts_classes[22m | [39m[0m
2026-10-01T11:23:38.7795620Z [  63% ] [90m[1mupdate_scripts_classes[22m | [39m[0m
2026-10-01T11:23:38.7795778Z [  63% ] [90m[1mupdate_scripts_classes[22m | [39m[0m
2026-10-01T11:23:38.7795944Z [  63% ] [90m[1mupdate_scripts_classes[22m | [39m[0m
2026-10-01T11:23:38.7796111Z [  63% ] [90m[1mupdate_scripts_classes[22m | [39m[0m
2026-10-01T11:23:38.7796278Z [  63% ] [90m[1mupdate_scripts_classes[22m | [39m[0m
2026-10-01T11:23:38.7796437Z [  63% ] [90m[1mupdate_scripts_classes[22m | [39m[0m
2026-10-01T11:23:38.7796602Z [  63% ] [90m[1mupdate_scripts_classes[22m | [39m[0m
2026-10-01T11:23:38.7796765Z [  63% ] [90m[1mupdate_scripts_classes[22m | [39m[0m
2026-10-01T11:23:38.7796924Z [  63% ] [90m[1mupdate_scripts_classes[22m | [39m[0m
2026-10-01T11:23:38.7797088Z [  63% ] [90m[1mupdate_scripts_classes[22m | [39m[0m
2026-10-01T11:23:38.7797251Z [  63% ] [90m[1mupdate_scripts_classes[22m | [39m[0m
2026-10-01T11:23:38.7797414Z [  63% ] [90m[1mupdate_scripts_classes[22m | [39m[0m
2026-10-01T11:23:38.7797572Z [  63% ] [90m[1mupdate_scripts_classes[22m | [39m[0m
2026-10-01T11:23:38.7797735Z [  63% ] [90m[1mupdate_scripts_classes[22m | [39m[0m
2026-10-01T11:23:38.7798044Z [  63% ] [90m[1mupdate_scripts_classes[22m | [39m[0m
2026-10-01T11:23:38.7798204Z [  63% ] [90m[1mupdate_scripts_classes[22m | [39m[0m
2026-10-01T11:23:38.7798468Z [  63% ] [90m[1mupdate_scripts_classes[22m | [39m[0m
2026-10-01T11:23:38.7798638Z [  63% ] [90m[1mupdate_scripts_classes[22m | [39m[0m
2026-10-01T11:23:38.7798802Z [  63% ] [90m[1mupdate_scripts_classes[22m | [39m[0m
2026-10-01T11:23:38.7798962Z [  63% ] [90m[1mupdate_scripts_classes[22m | [39m[0m
2026-10-01T11:23:38.7799126Z [  63% ] [90m[1mupdate_scripts_classes[22m | [39m[0m
2026-10-01T11:23:38.7799291Z [  63% ] [90m[1mupdate_scripts_classes[22m | [39m[0m
2026-10-01T11:23:38.7799451Z [  64% ] [90m[1mupdate_scripts_classes[22m | [39m[0m
2026-10-01T11:23:38.7799616Z [  64% ] [90m[1mupdate_scripts_classes[22m | [39m[0m
2026-10-01T11:23:38.7799778Z [  64% ] [90m[1mupdate_scripts_classes[22m | [39m[0m
2026-10-01T11:23:38.7799945Z [  64% ] [90m[1mupdate_scripts_classes[22m | [39m[0m
2026-10-01T11:23:38.7800109Z [  64% ] [90m[1mupdate_scripts_classes[22m | [39m[0m
2026-10-01T11:23:38.7800274Z [  64% ] [90m[1mupdate_scripts_classes[22m | [39m[0m
2026-10-01T11:23:38.7800442Z [  64% ] [90m[1mupdate_scripts_classes[22m | [39m[0m
2026-10-01T11:23:38.7800602Z [  64% ] [90m[1mupdate_scripts_classes[22m | [39m[0m
2026-10-01T11:23:38.7800764Z [  64% ] [90m[1mupdate_scripts_classes[22m | [39m[0m
2026-10-01T11:23:38.7800924Z [  64% ] [90m[1mupdate_scripts_classes[22m | [39m[0m
2026-10-01T11:23:38.7801087Z [  64% ] [90m[1mupdate_scripts_classes[22m | [39m[0m
2026-10-01T11:23:38.7801375Z [  64% ] [90m[1mupdate_scripts_classes[22m | [39m[0m
2026-10-01T11:23:38.7801544Z [  64% ] [90m[1mupdate_scripts_classes[22m | [39m[0m
2026-10-01T11:23:38.7801707Z [  64% ] [90m[1mupdate_scripts_classes[22m | [39m[0m
2026-10-01T11:23:38.7801866Z [  64% ] [90m[1mupdate_scripts_classes[22m | [39m[0m
2026-10-01T11:23:38.7802036Z [  64% ] [90m[1mupdate_scripts_classes[22m | [39m[0m
2026-10-01T11:23:38.7802201Z [  64% ] [90m[1mupdate_scripts_classes[22m | [39m[0m
2026-10-01T11:23:38.7802368Z [  64% ] [90m[1mupdate_scripts_classes[22m | [39m[0m
2026-10-01T11:23:38.7802530Z [  64% ] [90m[1mupdate_scripts_classes[22m | [39m[0m
2026-10-01T11:23:38.7802698Z [  64% ] [90m[1mupdate_scripts_classes[22m | [39m[0m
2026-10-01T11:23:38.7802861Z [  64% ] [90m[1mupdate_scripts_classes[22m | [39m[0m
2026-10-01T11:23:38.7803023Z [  64% ] [90m[1mupdate_scripts_classes[22m | [39m[0m
2026-10-01T11:23:38.7803185Z [  64% ] [90m[1mupdate_scripts_classes[22m | [39m[0m
2026-10-01T11:23:38.7803347Z [  64% ] [90m[1mupdate_scripts_classes[22m | [39m[0m
2026-10-01T11:23:38.7803511Z [  64% ] [90m[1mupdate_scripts_classes[22m | [39m[0m
2026-10-01T11:23:38.7803669Z [  64% ] [90m[1mupdate_scripts_classes[22m | [39m[0m
2026-10-01T11:23:38.7803836Z [  64% ] [90m[1mupdate_scripts_classes[22m | [39m[0m
2026-10-01T11:23:38.7804002Z [  65% ] [90m[1mupdate_scripts_classes[22m | [39m[0m
2026-10-01T11:23:38.7804160Z [  65% ] [90m[1mupdate_scripts_classes[22m | [39m[0m
2026-10-01T11:23:38.7804326Z [  65% ] [90m[1mupdate_scripts_classes[22m | [39m[0m
2026-10-01T11:23:38.7804491Z [  65% ] [90m[1mupdate_scripts_classes[22m | [39m[0m
2026-10-01T11:23:38.7804654Z [  65% ] [90m[1mupdate_scripts_classes[22m | [39m[0m
2026-10-01T11:23:38.7804818Z [  65% ] [90m[1mupdate_scripts_classes[22m | [39m[0m
2026-10-01T11:23:38.7804983Z [  65% ] [90m[1mupdate_scripts_classes[22m | [39m[0m
2026-10-01T11:23:38.7805150Z [  65% ] [90m[1mupdate_scripts_classes[22m | [39m[0m
2026-10-01T11:23:38.7805310Z [  65% ] [90m[1mupdate_scripts_classes[22m | [39m[0m
2026-10-01T11:23:38.7805474Z [  65% ] [90m[1mupdate_scripts_classes[22m | [39m[0m
2026-10-01T11:23:38.7805638Z [  65% ] [90m[1mupdate_scripts_classes[22m | [39m[0m
2026-10-01T11:23:38.7805805Z [  65% ] [90m[1mupdate_scripts_classes[22m | [39m[0m
2026-10-01T11:23:38.7806087Z [  65% ] [90m[1mupdate_scripts_classes[22m | [39m[0m
2026-10-01T11:23:38.7806250Z [  65% ] [90m[1mupdate_scripts_classes[22m | [39m[0m
2026-10-01T11:23:38.7806573Z [  65% ] [90m[1mupdate_scripts_classes[22m | [39m[0m
2026-10-01T11:23:38.7806739Z [  65% ] [90m[1mupdate_scripts_classes[22m | [39m[0m
2026-10-01T11:23:38.7806901Z [  65% ] [90m[1mupdate_scripts_classes[22m | [39m[0m
2026-10-01T11:23:38.7807066Z [  65% ] [90m[1mupdate_scripts_classes[22m | [39m[0m
2026-10-01T11:23:38.7807230Z [  65% ] [90m[1mupdate_scripts_classes[22m | [39m[0m
2026-10-01T11:23:38.7807387Z [  65% ] [90m[1mupdate_scripts_classes[22m | [39m[0m
2026-10-01T11:23:38.7807552Z [  65% ] [90m[1mupdate_scripts_classes[22m | [39m[0m
2026-10-01T11:23:38.7807714Z [  65% ] [90m[1mupdate_scripts_classes[22m | [39m[0m
2026-10-01T11:23:38.7807872Z [  65% ] [90m[1mupdate_scripts_classes[22m | [39m[0m
2026-10-01T11:23:38.7808035Z [  65% ] [90m[1mupdate_scripts_classes[22m | [39m[0m
2026-10-01T11:23:38.7808206Z [  65% ] [90m[1mupdate_scripts_classes[22m | [39m[0m
2026-10-01T11:23:38.7808370Z [  65% ] [90m[1mupdate_scripts_classes[22m | [39m[0m
2026-10-01T11:23:38.7808535Z [  65% ] [90m[1mupdate_scripts_classes[22m | [39m[0m
2026-10-01T11:23:38.7808698Z [  66% ] [90m[1mupdate_scripts_classes[22m | [39m[0m
2026-10-01T11:23:38.7808861Z [  66% ] [90m[1mupdate_scripts_classes[22m | [39m[0m
2026-10-01T11:23:38.7809021Z [  66% ] [90m[1mupdate_scripts_classes[22m | [39m[0m
2026-10-01T11:23:38.7809189Z [  66% ] [90m[1mupdate_scripts_classes[22m | [39m[0m
2026-10-01T11:23:38.7809353Z [  66% ] [90m[1mupdate_scripts_classes[22m | [39m[0m
2026-10-01T11:23:38.7809515Z [  66% ] [90m[1mupdate_scripts_classes[22m | [39m[0m
2026-10-01T11:23:38.7809673Z [  66% ] [90m[1mupdate_scripts_classes[22m | [39m[0m
2026-10-01T11:23:38.7809836Z [  66% ] [90m[1mupdate_scripts_classes[22m | [39m[0m
2026-10-01T11:23:38.7810006Z [  66% ] [90m[1mupdate_scripts_classes[22m | [39m[0m
2026-10-01T11:23:38.7810165Z [  66% ] [90m[1mupdate_scripts_classes[22m | [39m[0m
2026-10-01T11:23:38.7810328Z [  66% ] [90m[1mupdate_scripts_classes[22m | [39m[0m
2026-10-01T11:23:38.7810494Z [  66% ] [90m[1mupdate_scripts_classes[22m | [39m[0m
2026-10-01T11:23:38.7810659Z [  66% ] [90m[1mupdate_scripts_classes[22m | [39m[0m
2026-10-01T11:23:38.7810817Z [  66% ] [90m[1mupdate_scripts_classes[22m | [39m[0m
2026-10-01T11:23:38.7810981Z [  66% ] [90m[1mupdate_scripts_classes[22m | [39m[0m
2026-10-01T11:23:38.7811141Z [  66% ] [90m[1mupdate_scripts_classes[22m | [39m[0m
2026-10-01T11:23:38.7811425Z [  66% ] [90m[1mupdate_scripts_classes[22m | [39m[0m
2026-10-01T11:23:38.7811594Z [  66% ] [90m[1mupdate_scripts_classes[22m | [39m[0m
2026-10-01T11:23:38.7811758Z [  66% ] [90m[1mupdate_scripts_classes[22m | [39m[0m
2026-10-01T11:23:38.7811921Z [  66% ] [90m[1mupdate_scripts_classes[22m | [39m[0m
2026-10-01T11:23:38.7812087Z [  66% ] [90m[1mupdate_scripts_classes[22m | [39m[0m
2026-10-01T11:23:38.7812250Z [  66% ] [90m[1mupdate_scripts_classes[22m | [39m[0m
2026-10-01T11:23:38.7812417Z [  66% ] [90m[1mupdate_scripts_classes[22m | [39m[0m
2026-10-01T11:23:38.7812575Z [  66% ] [90m[1mupdate_scripts_classes[22m | [39m[0m
2026-10-01T11:23:38.7812735Z [  66% ] [90m[1mupdate_scripts_classes[22m | [39m[0m
2026-10-01T11:23:38.7812899Z [  66% ] [90m[1mupdate_scripts_classes[22m | [39m[0m
2026-10-01T11:23:38.7813060Z [  66% ] [90m[1mupdate_scripts_classes[22m | [39m[0m
2026-10-01T11:23:38.7813219Z [  67% ] [90m[1mupdate_scripts_classes[22m | [39m[0m
2026-10-01T11:23:38.7813382Z [  67% ] [90m[1mupdate_scripts_classes[22m | [39m[0m
2026-10-01T11:23:38.7813548Z [  67% ] [90m[1mupdate_scripts_classes[22m | [39m[0m
2026-10-01T11:23:38.7813706Z [  67% ] [90m[1mupdate_scripts_classes[22m | [39m[0m
2026-10-01T11:23:38.7813959Z [  67% ] [90m[1mupdate_scripts_classes[22m | [39m[0m
2026-10-01T11:23:38.7814404Z [  67% ] [90m[1mupdate_scripts_classes[22m | [39m[0m
2026-10-01T11:23:38.7814581Z [  67% ] [90m[1mupdate_scripts_classes[22m | [39m[0m
2026-10-01T11:23:38.7814853Z [  67% ] [90m[1mupdate_scripts_classes[22m | [39m[0m
2026-10-01T11:23:38.7815033Z [  67% ] [90m[1mupdate_scripts_classes[22m | [39m[0m
2026-10-01T11:23:38.7815202Z [  67% ] [90m[1mupdate_scripts_classes[22m | [39m[0m
2026-10-01T11:23:38.7815361Z [  67% ] [90m[1mupdate_scripts_classes[22m | [39m[0m
2026-10-01T11:23:38.7815524Z [  67% ] [90m[1mupdate_scripts_classes[22m | [39m[0m
2026-10-01T11:23:38.7815687Z [  67% ] [90m[1mupdate_scripts_classes[22m | [39m[0m
2026-10-01T11:23:38.7815860Z [  67% ] [90m[1mupdate_scripts_classes[22m | [39m[0m
2026-10-01T11:23:38.7816021Z [  67% ] [90m[1mupdate_scripts_classes[22m | [39m[0m
2026-10-01T11:23:38.7816186Z [  67% ] [90m[1mupdate_scripts_classes[22m | [39m[0m
2026-10-01T11:23:38.7816350Z [  67% ] [90m[1mupdate_scripts_classes[22m | [39m[0m
2026-10-01T11:23:38.7816514Z [  67% ] [90m[1mupdate_scripts_classes[22m | [39m[0m
2026-10-01T11:23:38.7816677Z [  67% ] [90m[1mupdate_scripts_classes[22m | [39m[0m
2026-10-01T11:23:38.7816845Z [  67% ] [90m[1mupdate_scripts_classes[22m | [39m[0m
2026-10-01T11:23:38.7817012Z [  67% ] [90m[1mupdate_scripts_classes[22m | [39m[0m
2026-10-01T11:23:38.7817172Z [  67% ] [90m[1mupdate_scripts_classes[22m | [39m[0m
2026-10-01T11:23:38.7817336Z [  67% ] [90m[1mupdate_scripts_classes[22m | [39m[0m
2026-10-01T11:23:38.7817497Z [  67% ] [90m[1mupdate_scripts_classes[22m | [39m[0m
2026-10-01T11:23:38.7817777Z [  67% ] [90m[1mupdate_scripts_classes[22m | RoadCreatureVisibilityModel[39m[0m
2026-10-01T11:23:38.7817948Z [  67% ] [90m[1mupdate_scripts_classes[22m | [39m[0m
2026-10-01T11:23:38.7818113Z [  67% ] [90m[1mupdate_scripts_classes[22m | [39m[0m
2026-10-01T11:23:38.7818285Z [  68% ] [90m[1mupdate_scripts_classes[22m | [39m[0m
2026-10-01T11:23:38.7818453Z [  68% ] [90m[1mupdate_scripts_classes[22m | [39m[0m
2026-10-01T11:23:38.7818619Z [  68% ] [90m[1mupdate_scripts_classes[22m | [39m[0m
2026-10-01T11:23:38.7818789Z [  68% ] [90m[1mupdate_scripts_classes[22m | [39m[0m
2026-10-01T11:23:38.7818948Z [  68% ] [90m[1mupdate_scripts_classes[22m | [39m[0m
2026-10-01T11:23:38.7819116Z [  68% ] [90m[1mupdate_scripts_classes[22m | [39m[0m
2026-10-01T11:23:38.7819282Z [  68% ] [90m[1mupdate_scripts_classes[22m | [39m[0m
2026-10-01T11:23:38.7819449Z [  68% ] [90m[1mupdate_scripts_classes[22m | [39m[0m
2026-10-01T11:23:38.7819607Z [  68% ] [90m[1mupdate_scripts_classes[22m | [39m[0m
2026-10-01T11:23:38.7819780Z [  68% ] [90m[1mupdate_scripts_classes[22m | [39m[0m
2026-10-01T11:23:38.7819949Z [  68% ] [90m[1mupdate_scripts_classes[22m | [39m[0m
2026-10-01T11:23:38.7820108Z [  68% ] [90m[1mupdate_scripts_classes[22m | [39m[0m
2026-10-01T11:23:38.7820271Z [  68% ] [90m[1mupdate_scripts_classes[22m | [39m[0m
2026-10-01T11:23:38.7820440Z [  68% ] [90m[1mupdate_scripts_classes[22m | [39m[0m
2026-10-01T11:23:38.7820613Z [  68% ] [90m[1mupdate_scripts_classes[22m | [39m[0m
2026-10-01T11:23:38.7820779Z [  68% ] [90m[1mupdate_scripts_classes[22m | [39m[0m
2026-10-01T11:23:38.7820943Z [  68% ] [90m[1mupdate_scripts_classes[22m | [39m[0m
2026-10-01T11:23:38.7821105Z [  68% ] [90m[1mupdate_scripts_classes[22m | [39m[0m
2026-10-01T11:23:38.7821509Z [  68% ] [90m[1mupdate_scripts_classes[22m | [39m[0m
2026-10-01T11:23:38.7821700Z [  68% ] [90m[1mupdate_scripts_classes[22m | [39m[0m
2026-10-01T11:23:38.7821869Z [  68% ] [90m[1mupdate_scripts_classes[22m | [39m[0m
2026-10-01T11:23:38.7822033Z [  68% ] [90m[1mupdate_scripts_classes[22m | [39m[0m
2026-10-01T11:23:38.7822192Z [  68% ] [90m[1mupdate_scripts_classes[22m | [39m[0m
2026-10-01T11:23:38.7822356Z [  68% ] [90m[1mupdate_scripts_classes[22m | [39m[0m
2026-10-01T11:23:38.7822521Z [  68% ] [90m[1mupdate_scripts_classes[22m | [39m[0m
2026-10-01T11:23:38.7822816Z [  68% ] [90m[1mupdate_scripts_classes[22m | [39m[0m
2026-10-01T11:23:38.7822982Z [  68% ] [90m[1mupdate_scripts_classes[22m | [39m[0m
2026-10-01T11:23:38.7823248Z [  69% ] [90m[1mupdate_scripts_classes[22m | [39m[0m
2026-10-01T11:23:38.7823418Z [  69% ] [90m[1mupdate_scripts_classes[22m | [39m[0m
2026-10-01T11:23:38.7823578Z [  69% ] [90m[1mupdate_scripts_classes[22m | [39m[0m
2026-10-01T11:23:38.7823741Z [  69% ] [90m[1mupdate_scripts_classes[22m | [39m[0m
2026-10-01T11:23:38.7823908Z [  69% ] [90m[1mupdate_scripts_classes[22m | [39m[0m
2026-10-01T11:23:38.7824067Z [  69% ] [90m[1mupdate_scripts_classes[22m | [39m[0m
2026-10-01T11:23:38.7824232Z [  69% ] [90m[1mupdate_scripts_classes[22m | [39m[0m
2026-10-01T11:23:38.7824396Z [  69% ] [90m[1mupdate_scripts_classes[22m | [39m[0m
2026-10-01T11:23:38.7824561Z [  69% ] [90m[1mupdate_scripts_classes[22m | [39m[0m
2026-10-01T11:23:38.7824719Z [  69% ] [90m[1mupdate_scripts_classes[22m | [39m[0m
2026-10-01T11:23:38.7824888Z [  69% ] [90m[1mupdate_scripts_classes[22m | [39m[0m
2026-10-01T11:23:38.7825055Z [  69% ] [90m[1mupdate_scripts_classes[22m | [39m[0m
2026-10-01T11:23:38.7825218Z [  69% ] [90m[1mupdate_scripts_classes[22m | [39m[0m
2026-10-01T11:23:38.7825387Z [  69% ] [90m[1mupdate_scripts_classes[22m | [39m[0m
2026-10-01T11:23:38.7825550Z [  69% ] [90m[1mupdate_scripts_classes[22m | [39m[0m
2026-10-01T11:23:38.7825712Z [  69% ] [90m[1mupdate_scripts_classes[22m | [39m[0m
2026-10-01T11:23:38.7825871Z [  69% ] [90m[1mupdate_scripts_classes[22m | [39m[0m
2026-10-01T11:23:38.7826035Z [  69% ] [90m[1mupdate_scripts_classes[22m | [39m[0m
2026-10-01T11:23:38.7826199Z [  69% ] [90m[1mupdate_scripts_classes[22m | [39m[0m
2026-10-01T11:23:38.7826357Z [  69% ] [90m[1mupdate_scripts_classes[22m | [39m[0m
2026-10-01T11:23:38.7826521Z [  69% ] [90m[1mupdate_scripts_classes[22m | [39m[0m
2026-10-01T11:23:38.7826689Z [  69% ] [90m[1mupdate_scripts_classes[22m | [39m[0m
2026-10-01T11:23:38.7826852Z [  69% ] [90m[1mupdate_scripts_classes[22m | [39m[0m
2026-10-01T11:23:38.7827015Z [  69% ] [90m[1mupdate_scripts_classes[22m | [39m[0m
2026-10-01T11:23:38.7827179Z [  69% ] [90m[1mupdate_scripts_classes[22m | [39m[0m
2026-10-01T11:23:38.7827343Z [  69% ] [90m[1mupdate_scripts_classes[22m | [39m[0m
2026-10-01T11:23:38.7827503Z [  69% ] [90m[1mupdate_scripts_classes[22m | [39m[0m
2026-10-01T11:23:38.7827667Z [  69% ] [90m[1mupdate_scripts_classes[22m | [39m[0m
2026-10-01T11:23:38.7827832Z [  70% ] [90m[1mupdate_scripts_classes[22m | [39m[0m
2026-10-01T11:23:38.7827995Z [  70% ] [90m[1mupdate_scripts_classes[22m | [39m[0m
2026-10-01T11:23:38.7828153Z [  70% ] [90m[1mupdate_scripts_classes[22m | [39m[0m
2026-10-01T11:23:38.7828317Z [  70% ] [90m[1mupdate_scripts_classes[22m | [39m[0m
2026-10-01T11:23:38.7828481Z [  70% ] [90m[1mupdate_scripts_classes[22m | [39m[0m
2026-10-01T11:23:38.7828646Z [  70% ] [90m[1mupdate_scripts_classes[22m | [39m[0m
2026-10-01T11:23:38.7828810Z [  70% ] [90m[1mupdate_scripts_classes[22m | [39m[0m
2026-10-01T11:23:38.7828977Z [  70% ] [90m[1mupdate_scripts_classes[22m | [39m[0m
2026-10-01T11:23:38.7829141Z [  70% ] [90m[1mupdate_scripts_classes[22m | [39m[0m
2026-10-01T11:23:38.7829301Z [  70% ] [90m[1mupdate_scripts_classes[22m | [39m[0m
2026-10-01T11:23:38.7829465Z [  70% ] [90m[1mupdate_scripts_classes[22m | [39m[0m
2026-10-01T11:23:38.7829629Z [  70% ] [90m[1mupdate_scripts_classes[22m | [39m[0m
2026-10-01T11:23:38.7829788Z [  70% ] [90m[1mupdate_scripts_classes[22m | [39m[0m
2026-10-01T11:23:38.7829952Z [  70% ] [90m[1mupdate_scripts_classes[22m | [39m[0m
2026-10-01T11:23:38.7830115Z [  70% ] [90m[1mupdate_scripts_classes[22m | [39m[0m
2026-10-01T11:23:38.7830281Z [  70% ] [90m[1mupdate_scripts_classes[22m | [39m[0m
2026-10-01T11:23:38.7830440Z [  70% ] [90m[1mupdate_scripts_classes[22m | [39m[0m
2026-10-01T11:23:38.7830693Z [  70% ] [90m[1mupdate_scripts_classes[22m | [39m[0m
2026-10-01T11:23:38.7830859Z [  70% ] [90m[1mupdate_scripts_classes[22m | [39m[0m
2026-10-01T11:23:38.7831088Z [  70% ] [90m[1mupdate_scripts_classes[22m | [39m[0m
2026-10-01T11:23:38.7831463Z [  70% ] [90m[1mupdate_scripts_classes[22m | [39m[0m
2026-10-01T11:23:38.7831647Z [  70% ] [90m[1mupdate_scripts_classes[22m | [39m[0m
2026-10-01T11:23:38.7831813Z [  70% ] [90m[1mupdate_scripts_classes[22m | [39m[0m
2026-10-01T11:23:38.7831974Z [  70% ] [90m[1mupdate_scripts_classes[22m | [39m[0m
2026-10-01T11:23:38.7832140Z [  70% ] [90m[1mupdate_scripts_classes[22m | [39m[0m
2026-10-01T11:23:38.7832304Z [  70% ] [90m[1mupdate_scripts_classes[22m | [39m[0m
2026-10-01T11:23:38.7832461Z [  70% ] [90m[1mupdate_scripts_classes[22m | [39m[0m
2026-10-01T11:23:38.7832630Z [  71% ] [90m[1mupdate_scripts_classes[22m | [39m[0m
2026-10-01T11:23:38.7832797Z [  71% ] [90m[1mupdate_scripts_classes[22m | [39m[0m
2026-10-01T11:23:38.7832966Z [  71% ] [90m[1mupdate_scripts_classes[22m | [39m[0m
2026-10-01T11:23:38.7833129Z [  71% ] [90m[1mupdate_scripts_classes[22m | [39m[0m
2026-10-01T11:23:38.7833297Z [  71% ] [90m[1mupdate_scripts_classes[22m | [39m[0m
2026-10-01T11:23:38.7833462Z [  71% ] [90m[1mupdate_scripts_classes[22m | [39m[0m
2026-10-01T11:23:38.7833620Z [  71% ] [90m[1mupdate_scripts_classes[22m | [39m[0m
2026-10-01T11:23:38.7833783Z [  71% ] [90m[1mupdate_scripts_classes[22m | [39m[0m
2026-10-01T11:23:38.7834067Z [  71% ] [90m[1mupdate_scripts_classes[22m | [39m[0m
2026-10-01T11:23:38.7834335Z [  71% ] [90m[1mupdate_scripts_classes[22m | [39m[0m
2026-10-01T11:23:38.7834503Z [  71% ] [90m[1mupdate_scripts_classes[22m | [39m[0m
2026-10-01T11:23:38.7834670Z [  71% ] [90m[1mupdate_scripts_classes[22m | [39m[0m
2026-10-01T11:23:38.7834835Z [  71% ] [90m[1mupdate_scripts_classes[22m | [39m[0m
2026-10-01T11:23:38.7835003Z [  71% ] [90m[1mupdate_scripts_classes[22m | [39m[0m
2026-10-01T11:23:38.7835167Z [  71% ] [90m[1mupdate_scripts_classes[22m | [39m[0m
2026-10-01T11:23:38.7835331Z [  71% ] [90m[1mupdate_scripts_classes[22m | [39m[0m
2026-10-01T11:23:38.7835497Z [  71% ] [90m[1mupdate_scripts_classes[22m | [39m[0m
2026-10-01T11:23:38.7835657Z [  71% ] [90m[1mupdate_scripts_classes[22m | [39m[0m
2026-10-01T11:23:38.7835820Z [  71% ] [90m[1mupdate_scripts_classes[22m | [39m[0m
2026-10-01T11:23:38.7835982Z [  71% ] [90m[1mupdate_scripts_classes[22m | [39m[0m
2026-10-01T11:23:38.7836150Z [  71% ] [90m[1mupdate_scripts_classes[22m | [39m[0m
2026-10-01T11:23:38.7836317Z [  71% ] [90m[1mupdate_scripts_classes[22m | [39m[0m
2026-10-01T11:23:38.7836481Z [  71% ] [90m[1mupdate_scripts_classes[22m | [39m[0m
2026-10-01T11:23:38.7836644Z [  71% ] [90m[1mupdate_scripts_classes[22m | [39m[0m
2026-10-01T11:23:38.7836805Z [  71% ] [90m[1mupdate_scripts_classes[22m | [39m[0m
2026-10-01T11:23:38.7836980Z [  71% ] [90m[1mupdate_scripts_classes[22m | [39m[0m
2026-10-01T11:23:38.7837147Z [  71% ] [90m[1mupdate_scripts_classes[22m | [39m[0m
2026-10-01T11:23:38.7837308Z [  72% ] [90m[1mupdate_scripts_classes[22m | [39m[0m
2026-10-01T11:23:38.7837492Z [  72% ] [90m[1mupdate_scripts_classes[22m | [39m[0m
2026-10-01T11:23:38.7837661Z [  72% ] [90m[1mupdate_scripts_classes[22m | [39m[0m
2026-10-01T11:23:38.7837832Z [  72% ] [90m[1mupdate_scripts_classes[22m | [39m[0m
2026-10-01T11:23:38.7837993Z [  72% ] [90m[1mupdate_scripts_classes[22m | [39m[0m
2026-10-01T11:23:38.7838161Z [  72% ] [90m[1mupdate_scripts_classes[22m | [39m[0m
2026-10-01T11:23:38.7838325Z [  72% ] [90m[1mupdate_scripts_classes[22m | [39m[0m
2026-10-01T11:23:38.7838484Z [  72% ] [90m[1mupdate_scripts_classes[22m | [39m[0m
2026-10-01T11:23:38.7838648Z [  72% ] [90m[1mupdate_scripts_classes[22m | [39m[0m
2026-10-01T11:23:38.7838815Z [  72% ] [90m[1mupdate_scripts_classes[22m | [39m[0m
2026-10-01T11:23:38.7839199Z [  72% ] [90m[1mupdate_scripts_classes[22m | [39m[0m
2026-10-01T11:23:38.7839363Z [  72% ] [90m[1mupdate_scripts_classes[22m | [39m[0m
2026-10-01T11:23:38.7839669Z [  72% ] [90m[1mupdate_scripts_classes[22m | [39m[0m
2026-10-01T11:23:38.7839890Z [  72% ] [90m[1mupdate_scripts_classes[22m | [39m[0m
2026-10-01T11:23:38.7840054Z [  72% ] [90m[1mupdate_scripts_classes[22m | [39m[0m
2026-10-01T11:23:38.7840224Z [  72% ] [90m[1mupdate_scripts_classes[22m | [39m[0m
2026-10-01T11:23:38.7840396Z [  72% ] [90m[1mupdate_scripts_classes[22m | [39m[0m
2026-10-01T11:23:38.7840564Z [  72% ] [90m[1mupdate_scripts_classes[22m | [39m[0m
2026-10-01T11:23:38.7840725Z [  72% ] [90m[1mupdate_scripts_classes[22m | [39m[0m
2026-10-01T11:23:38.7840890Z [  72% ] [90m[1mupdate_scripts_classes[22m | [39m[0m
2026-10-01T11:23:38.7841056Z [  72% ] [90m[1mupdate_scripts_classes[22m | [39m[0m
2026-10-01T11:23:38.7841344Z [  72% ] [90m[1mupdate_scripts_classes[22m | [39m[0m
2026-10-01T11:23:38.7841525Z [  72% ] [90m[1mupdate_scripts_classes[22m | [39m[0m
2026-10-01T11:23:38.7847604Z [  72% ] [90m[1mupdate_scripts_classes[22m | [39m[0m
2026-10-01T11:23:38.7847858Z [  72% ] [90m[1mupdate_scripts_classes[22m | [39m[0m
2026-10-01T11:23:38.7848042Z [  72% ] [90m[1mupdate_scripts_classes[22m | [39m[0m
2026-10-01T11:23:38.7848212Z [  72% ] [90m[1mupdate_scripts_classes[22m | [39m[0m
2026-10-01T11:23:38.7848377Z [  73% ] [90m[1mupdate_scripts_classes[22m | [39m[0m
2026-10-01T11:23:38.7848535Z [  73% ] [90m[1mupdate_scripts_classes[22m | [39m[0m
2026-10-01T11:23:38.7848699Z [  73% ] [90m[1mupdate_scripts_classes[22m | [39m[0m
2026-10-01T11:23:38.7848861Z [  73% ] [90m[1mupdate_scripts_classes[22m | [39m[0m
2026-10-01T11:23:38.7849019Z [  73% ] [90m[1mupdate_scripts_classes[22m | [39m[0m
2026-10-01T11:23:38.7849183Z [  73% ] [90m[1mupdate_scripts_classes[22m | [39m[0m
2026-10-01T11:23:38.7849351Z [  73% ] [90m[1mupdate_scripts_classes[22m | [39m[0m
2026-10-01T11:23:38.7849514Z [  73% ] [90m[1mupdate_scripts_classes[22m | [39m[0m
2026-10-01T11:23:38.7849671Z [  73% ] [90m[1mupdate_scripts_classes[22m | [39m[0m
2026-10-01T11:23:38.7849839Z [  73% ] [90m[1mupdate_scripts_classes[22m | [39m[0m
2026-10-01T11:23:38.7850003Z [  73% ] [90m[1mupdate_scripts_classes[22m | [39m[0m
2026-10-01T11:23:38.7850162Z [  73% ] [90m[1mupdate_scripts_classes[22m | [39m[0m
2026-10-01T11:23:38.7850325Z [  73% ] [90m[1mupdate_scripts_classes[22m | [39m[0m
2026-10-01T11:23:38.7850490Z [  73% ] [90m[1mupdate_scripts_classes[22m | [39m[0m
2026-10-01T11:23:38.7850653Z [  73% ] [90m[1mupdate_scripts_classes[22m | [39m[0m
2026-10-01T11:23:38.7850811Z [  73% ] [90m[1mupdate_scripts_classes[22m | [39m[0m
2026-10-01T11:23:38.7850975Z [  73% ] [90m[1mupdate_scripts_classes[22m | [39m[0m
2026-10-01T11:23:38.7851141Z [  73% ] [90m[1mupdate_scripts_classes[22m | [39m[0m
2026-10-01T11:23:38.7851606Z [  73% ] [90m[1mupdate_scripts_classes[22m | [39m[0m
2026-10-01T11:23:38.7851796Z [  73% ] [90m[1mupdate_scripts_classes[22m | [39m[0m
2026-10-01T11:23:38.7851981Z [  73% ] [90m[1mupdate_scripts_classes[22m | [39m[0m
2026-10-01T11:23:38.7852152Z [  73% ] [90m[1mupdate_scripts_classes[22m | [39m[0m
2026-10-01T11:23:38.7852311Z [  73% ] [90m[1mupdate_scripts_classes[22m | [39m[0m
2026-10-01T11:23:38.7852478Z [  73% ] [90m[1mupdate_scripts_classes[22m | [39m[0m
2026-10-01T11:23:38.7852642Z [  73% ] [90m[1mupdate_scripts_classes[22m | [39m[0m
2026-10-01T11:23:38.7852830Z [  73% ] [90m[1mupdate_scripts_classes[22m | [39m[0m
2026-10-01T11:23:38.7852997Z [  73% ] [90m[1mupdate_scripts_classes[22m | [39m[0m
2026-10-01T11:23:38.7853160Z [  74% ] [90m[1mupdate_scripts_classes[22m | [39m[0m
2026-10-01T11:23:38.7853325Z [  74% ] [90m[1mupdate_scripts_classes[22m | [39m[0m
2026-10-01T11:23:38.7853483Z [  74% ] [90m[1mupdate_scripts_classes[22m | [39m[0m
2026-10-01T11:23:38.7853841Z [  74% ] [90m[1mupdate_scripts_classes[22m | [39m[0m
2026-10-01T11:23:38.7854141Z [  74% ] [90m[1mupdate_scripts_classes[22m | [39m[0m
2026-10-01T11:23:38.7854586Z [  74% ] [90m[1mupdate_scripts_classes[22m | [39m[0m
2026-10-01T11:23:38.7854780Z [  74% ] [90m[1mupdate_scripts_classes[22m | [39m[0m
2026-10-01T11:23:38.7854950Z [  74% ] [90m[1mupdate_scripts_classes[22m | [39m[0m
2026-10-01T11:23:38.7855113Z [  74% ] [90m[1mupdate_scripts_classes[22m | [39m[0m
2026-10-01T11:23:38.7855271Z [  74% ] [90m[1mupdate_scripts_classes[22m | [39m[0m
2026-10-01T11:23:38.7855434Z [  74% ] [90m[1mupdate_scripts_classes[22m | [39m[0m
2026-10-01T11:23:38.7855600Z [  74% ] [90m[1mupdate_scripts_classes[22m | [39m[0m
2026-10-01T11:23:38.7855759Z [  74% ] [90m[1mupdate_scripts_classes[22m | [39m[0m
2026-10-01T11:23:38.7855924Z [  74% ] [90m[1mupdate_scripts_classes[22m | [39m[0m
2026-10-01T11:23:38.7856087Z [  74% ] [90m[1mupdate_scripts_classes[22m | [39m[0m
2026-10-01T11:23:38.7856262Z [  74% ] [90m[1mupdate_scripts_classes[22m | [39m[0m
2026-10-01T11:23:38.7856423Z [  74% ] [90m[1mupdate_scripts_classes[22m | [39m[0m
2026-10-01T11:23:38.7856595Z [  74% ] [90m[1mupdate_scripts_classes[22m | [39m[0m
2026-10-01T11:23:38.7856760Z [  74% ] [90m[1mupdate_scripts_classes[22m | [39m[0m
2026-10-01T11:23:38.7856918Z [  74% ] [90m[1mupdate_scripts_classes[22m | [39m[0m
2026-10-01T11:23:38.7857083Z [  74% ] [90m[1mupdate_scripts_classes[22m | [39m[0m
2026-10-01T11:23:38.7857246Z [  74% ] [90m[1mupdate_scripts_classes[22m | [39m[0m
2026-10-01T11:23:38.7857408Z [  74% ] [90m[1mupdate_scripts_classes[22m | [39m[0m
2026-10-01T11:23:38.7857565Z [  74% ] [90m[1mupdate_scripts_classes[22m | [39m[0m
2026-10-01T11:23:38.7857727Z [  74% ] [90m[1mupdate_scripts_classes[22m | [39m[0m
2026-10-01T11:23:38.7857890Z [  74% ] [90m[1mupdate_scripts_classes[22m | [39m[0m
2026-10-01T11:23:38.7858049Z [  74% ] [90m[1mupdate_scripts_classes[22m | [39m[0m
2026-10-01T11:23:38.7858217Z [  75% ] [90m[1mupdate_scripts_classes[22m | [39m[0m
2026-10-01T11:23:38.7858379Z [  75% ] [90m[1mupdate_scripts_classes[22m | [39m[0m
2026-10-01T11:23:38.7858546Z [  75% ] [90m[1mupdate_scripts_classes[22m | [39m[0m
2026-10-01T11:23:38.7858703Z [  75% ] [90m[1mupdate_scripts_classes[22m | [39m[0m
2026-10-01T11:23:38.7858867Z [  75% ] [90m[1mupdate_scripts_classes[22m | [39m[0m
2026-10-01T11:23:38.7859026Z [  75% ] [90m[1mupdate_scripts_classes[22m | [39m[0m
2026-10-01T11:23:38.7859183Z [  75% ] [90m[1mupdate_scripts_classes[22m | [39m[0m
2026-10-01T11:23:38.7859346Z [  75% ] [90m[1mupdate_scripts_classes[22m | [39m[0m
2026-10-01T11:23:38.7859510Z [  75% ] [90m[1mupdate_scripts_classes[22m | [39m[0m
2026-10-01T11:23:38.7859674Z [  75% ] [90m[1mupdate_scripts_classes[22m | [39m[0m
2026-10-01T11:23:38.7859831Z [  75% ] [90m[1mupdate_scripts_classes[22m | [39m[0m
2026-10-01T11:23:38.7860001Z [  75% ] [90m[1mupdate_scripts_classes[22m | [39m[0m
2026-10-01T11:23:38.7860165Z [  75% ] [90m[1mupdate_scripts_classes[22m | [39m[0m
2026-10-01T11:23:38.7860323Z [  75% ] [90m[1mupdate_scripts_classes[22m | [39m[0m
2026-10-01T11:23:38.7860491Z [  75% ] [90m[1mupdate_scripts_classes[22m | [39m[0m
2026-10-01T11:23:38.7860656Z [  75% ] [90m[1mupdate_scripts_classes[22m | [39m[0m
2026-10-01T11:23:38.7860821Z [  75% ] [90m[1mupdate_scripts_classes[22m | [39m[0m
2026-10-01T11:23:38.7860979Z [  75% ] [90m[1mupdate_scripts_classes[22m | [39m[0m
2026-10-01T11:23:38.7861145Z [  75% ] [90m[1mupdate_scripts_classes[22m | [39m[0m
2026-10-01T11:23:38.7861541Z [  75% ] [90m[1mupdate_scripts_classes[22m | [39m[0m
2026-10-01T11:23:38.7861717Z [  75% ] [90m[1mupdate_scripts_classes[22m | [39m[0m
2026-10-01T11:23:38.7861886Z [  75% ] [90m[1mupdate_scripts_classes[22m | [39m[0m
2026-10-01T11:23:38.7862058Z [  75% ] [90m[1mupdate_scripts_classes[22m | [39m[0m
2026-10-01T11:23:38.7862378Z [  75% ] [90m[1mupdate_scripts_classes[22m | [39m[0m
2026-10-01T11:23:38.7862540Z [  75% ] [90m[1mupdate_scripts_classes[22m | [39m[0m
2026-10-01T11:23:38.7862807Z [  75% ] [90m[1mupdate_scripts_classes[22m | [39m[0m
2026-10-01T11:23:38.7862977Z [  75% ] [90m[1mupdate_scripts_classes[22m | [39m[0m
2026-10-01T11:23:38.7863137Z [  76% ] [90m[1mupdate_scripts_classes[22m | [39m[0m
2026-10-01T11:23:38.7863302Z [  76% ] [90m[1mupdate_scripts_classes[22m | [39m[0m
2026-10-01T11:23:38.7863463Z [  76% ] [90m[1mupdate_scripts_classes[22m | [39m[0m
2026-10-01T11:23:38.7863629Z [  76% ] [90m[1mupdate_scripts_classes[22m | [39m[0m
2026-10-01T11:23:38.7863786Z [  76% ] [90m[1mupdate_scripts_classes[22m | [39m[0m
2026-10-01T11:23:38.7863950Z [  76% ] [90m[1mupdate_scripts_classes[22m | [39m[0m
2026-10-01T11:23:38.7864113Z [  76% ] [90m[1mupdate_scripts_classes[22m | [39m[0m
2026-10-01T11:23:38.7864270Z [  76% ] [90m[1mupdate_scripts_classes[22m | [39m[0m
2026-10-01T11:23:38.7864440Z [  76% ] [90m[1mupdate_scripts_classes[22m | [39m[0m
2026-10-01T11:23:38.7864606Z [  76% ] [90m[1mupdate_scripts_classes[22m | [39m[0m
2026-10-01T11:23:38.7864775Z [  76% ] [90m[1mupdate_scripts_classes[22m | [39m[0m
2026-10-01T11:23:38.7864939Z [  76% ] [90m[1mupdate_scripts_classes[22m | [39m[0m
2026-10-01T11:23:38.7865102Z [  76% ] [90m[1mupdate_scripts_classes[22m | [39m[0m
2026-10-01T11:23:38.7865266Z [  76% ] [90m[1mupdate_scripts_classes[22m | [39m[0m
2026-10-01T11:23:38.7865426Z [  76% ] [90m[1mupdate_scripts_classes[22m | [39m[0m
2026-10-01T11:23:38.7865591Z [  76% ] [90m[1mupdate_scripts_classes[22m | [39m[0m
2026-10-01T11:23:38.7865753Z [  76% ] [90m[1mupdate_scripts_classes[22m | [39m[0m
2026-10-01T11:23:38.7865917Z [  76% ] [90m[1mupdate_scripts_classes[22m | [39m[0m
2026-10-01T11:23:38.7866077Z [  76% ] [90m[1mupdate_scripts_classes[22m | [39m[0m
2026-10-01T11:23:38.7866242Z [  76% ] [90m[1mupdate_scripts_classes[22m | [39m[0m
2026-10-01T11:23:38.7866412Z [  76% ] [90m[1mupdate_scripts_classes[22m | [39m[0m
2026-10-01T11:23:38.7866571Z [  76% ] [90m[1mupdate_scripts_classes[22m | [39m[0m
2026-10-01T11:23:38.7866736Z [  76% ] [90m[1mupdate_scripts_classes[22m | [39m[0m
2026-10-01T11:23:38.7866895Z [  76% ] [90m[1mupdate_scripts_classes[22m | [39m[0m
2026-10-01T11:23:38.7867059Z [  76% ] [90m[1mupdate_scripts_classes[22m | [39m[0m
2026-10-01T11:23:38.7867218Z [  76% ] [90m[1mupdate_scripts_classes[22m | [39m[0m
2026-10-01T11:23:38.7867383Z [  76% ] [90m[1mupdate_scripts_classes[22m | [39m[0m
2026-10-01T11:23:38.7867548Z [  76% ] [90m[1mupdate_scripts_classes[22m | [39m[0m
2026-10-01T11:23:38.7867706Z [  77% ] [90m[1mupdate_scripts_classes[22m | [39m[0m
2026-10-01T11:23:38.7867869Z [  77% ] [90m[1mupdate_scripts_classes[22m | [39m[0m
2026-10-01T11:23:38.7868032Z [  77% ] [90m[1mupdate_scripts_classes[22m | [39m[0m
2026-10-01T11:23:38.7868200Z [  77% ] [90m[1mupdate_scripts_classes[22m | [39m[0m
2026-10-01T11:23:38.7868359Z [  77% ] [90m[1mupdate_scripts_classes[22m | [39m[0m
2026-10-01T11:23:38.7868522Z [  77% ] [90m[1mupdate_scripts_classes[22m | [39m[0m
2026-10-01T11:23:38.7868691Z [  77% ] [90m[1mupdate_scripts_classes[22m | [39m[0m
2026-10-01T11:23:38.7868852Z [  77% ] [90m[1mupdate_scripts_classes[22m | [39m[0m
2026-10-01T11:23:38.7869015Z [  77% ] [90m[1mupdate_scripts_classes[22m | [39m[0m
2026-10-01T11:23:38.7869179Z [  77% ] [90m[1mupdate_scripts_classes[22m | [39m[0m
2026-10-01T11:23:38.7869343Z [  77% ] [90m[1mupdate_scripts_classes[22m | [39m[0m
2026-10-01T11:23:38.7869503Z [  77% ] [90m[1mupdate_scripts_classes[22m | [39m[0m
2026-10-01T11:23:38.7869666Z [  77% ] [90m[1mupdate_scripts_classes[22m | [39m[0m
2026-10-01T11:23:38.7869828Z [  77% ] [90m[1mupdate_scripts_classes[22m | [39m[0m
2026-10-01T11:23:38.7869987Z [  77% ] [90m[1mupdate_scripts_classes[22m | [39m[0m
2026-10-01T11:23:38.7870244Z [  77% ] [90m[1mupdate_scripts_classes[22m | [39m[0m
2026-10-01T11:23:38.7870408Z [  77% ] [90m[1mupdate_scripts_classes[22m | [39m[0m
2026-10-01T11:23:38.7870642Z [  77% ] [90m[1mupdate_scripts_classes[22m | [39m[0m
2026-10-01T11:23:38.7870807Z [  77% ] [90m[1mupdate_scripts_classes[22m | [39m[0m
2026-10-01T11:23:38.7870972Z [  77% ] [90m[1mupdate_scripts_classes[22m | [39m[0m
2026-10-01T11:23:38.7871136Z [  77% ] [90m[1mupdate_scripts_classes[22m | [39m[0m
2026-10-01T11:23:38.7871500Z [  77% ] [90m[1mupdate_scripts_classes[22m | [39m[0m
2026-10-01T11:23:38.7871679Z [  77% ] [90m[1mupdate_scripts_classes[22m | [39m[0m
2026-10-01T11:23:38.7871845Z [  77% ] [90m[1mupdate_scripts_classes[22m | [39m[0m
2026-10-01T11:23:38.7872009Z [  77% ] [90m[1mupdate_scripts_classes[22m | [39m[0m
2026-10-01T11:23:38.7872167Z [  77% ] [90m[1mupdate_scripts_classes[22m | [39m[0m
2026-10-01T11:23:38.7872331Z [  77% ] [90m[1mupdate_scripts_classes[22m | [39m[0m
2026-10-01T11:23:38.7872503Z [  78% ] [90m[1mupdate_scripts_classes[22m | [39m[0m
2026-10-01T11:23:38.7872662Z [  78% ] [90m[1mupdate_scripts_classes[22m | [39m[0m
2026-10-01T11:23:38.7872833Z [  78% ] [90m[1mupdate_scripts_classes[22m | [39m[0m
2026-10-01T11:23:38.7872997Z [  78% ] [90m[1mupdate_scripts_classes[22m | [39m[0m
2026-10-01T11:23:38.7873160Z [  78% ] [90m[1mupdate_scripts_classes[22m | [39m[0m
2026-10-01T11:23:38.7873320Z [  78% ] [90m[1mupdate_scripts_classes[22m | [39m[0m
2026-10-01T11:23:38.7873483Z [  78% ] [90m[1mupdate_scripts_classes[22m | [39m[0m
2026-10-01T11:23:38.7873647Z [  78% ] [90m[1mupdate_scripts_classes[22m | [39m[0m
2026-10-01T11:23:38.7873807Z [  78% ] [90m[1mupdate_scripts_classes[22m | [39m[0m
2026-10-01T11:23:38.7874036Z [  78% ] [90m[1mupdate_scripts_classes[22m | [39m[0m
2026-10-01T11:23:38.7874358Z [  78% ] [90m[1mupdate_scripts_classes[22m | [39m[0m
2026-10-01T11:23:38.7874550Z [  78% ] [90m[1mupdate_scripts_classes[22m | [39m[0m
2026-10-01T11:23:38.7874732Z [  78% ] [90m[1mupdate_scripts_classes[22m | [39m[0m
2026-10-01T11:23:38.7874911Z [  78% ] [90m[1mupdate_scripts_classes[22m | [39m[0m
2026-10-01T11:23:38.7875084Z [  78% ] [90m[1mupdate_scripts_classes[22m | [39m[0m
2026-10-01T11:23:38.7875241Z [  78% ] [90m[1mupdate_scripts_classes[22m | [39m[0m
2026-10-01T11:23:38.7875411Z [  78% ] [90m[1mupdate_scripts_classes[22m | [39m[0m
2026-10-01T11:23:38.7875575Z [  78% ] [90m[1mupdate_scripts_classes[22m | [39m[0m
2026-10-01T11:23:38.7875750Z [  78% ] [90m[1mupdate_scripts_classes[22m | [39m[0m
2026-10-01T11:23:38.7875909Z [  78% ] [90m[1mupdate_scripts_classes[22m | [39m[0m
2026-10-01T11:23:38.7876073Z [  78% ] [90m[1mupdate_scripts_classes[22m | [39m[0m
2026-10-01T11:23:38.7876238Z [  78% ] [90m[1mupdate_scripts_classes[22m | [39m[0m
2026-10-01T11:23:38.7876397Z [  78% ] [90m[1mupdate_scripts_classes[22m | [39m[0m
2026-10-01T11:23:38.7876566Z [  78% ] [90m[1mupdate_scripts_classes[22m | [39m[0m
2026-10-01T11:23:38.7876730Z [  78% ] [90m[1mupdate_scripts_classes[22m | [39m[0m
2026-10-01T11:23:38.7876895Z [  78% ] [90m[1mupdate_scripts_classes[22m | [39m[0m
2026-10-01T11:23:38.7877060Z [  78% ] [90m[1mupdate_scripts_classes[22m | [39m[0m
2026-10-01T11:23:38.7877226Z [  79% ] [90m[1mupdate_scripts_classes[22m | [39m[0m
2026-10-01T11:23:38.7877390Z [  79% ] [90m[1mupdate_scripts_classes[22m | [39m[0m
2026-10-01T11:23:38.7877548Z [  79% ] [90m[1mupdate_scripts_classes[22m | [39m[0m
2026-10-01T11:23:38.7877713Z [  79% ] [90m[1mupdate_scripts_classes[22m | [39m[0m
2026-10-01T11:23:38.7877878Z [  79% ] [90m[1mupdate_scripts_classes[22m | [39m[0m
2026-10-01T11:23:38.7878043Z [  79% ] [90m[1mupdate_scripts_classes[22m | [39m[0m
2026-10-01T11:23:38.7878203Z [  79% ] [90m[1mupdate_scripts_classes[22m | [39m[0m
2026-10-01T11:23:38.7878368Z [  79% ] [90m[1mupdate_scripts_classes[22m | [39m[0m
2026-10-01T11:23:38.7878717Z [  79% ] [90m[1mupdate_scripts_classes[22m | [39m[0m
2026-10-01T11:23:38.7878877Z [  79% ] [90m[1mupdate_scripts_classes[22m | [39m[0m
2026-10-01T11:23:38.7879141Z [  79% ] [90m[1mupdate_scripts_classes[22m | [39m[0m
2026-10-01T11:23:38.7879307Z [  79% ] [90m[1mupdate_scripts_classes[22m | [39m[0m
2026-10-01T11:23:38.7879472Z [  79% ] [90m[1mupdate_scripts_classes[22m | [39m[0m
2026-10-01T11:23:38.7879631Z [  79% ] [90m[1mupdate_scripts_classes[22m | [39m[0m
2026-10-01T11:23:38.7879796Z [  79% ] [90m[1mupdate_scripts_classes[22m | [39m[0m
2026-10-01T11:23:38.7879962Z [  79% ] [90m[1mupdate_scripts_classes[22m | [39m[0m
2026-10-01T11:23:38.7880121Z [  79% ] [90m[1mupdate_scripts_classes[22m | [39m[0m
2026-10-01T11:23:38.7880284Z [  79% ] [90m[1mupdate_scripts_classes[22m | [39m[0m
2026-10-01T11:23:38.7880448Z [  79% ] [90m[1mupdate_scripts_classes[22m | [39m[0m
2026-10-01T11:23:38.7880612Z [  79% ] [90m[1mupdate_scripts_classes[22m | [39m[0m
2026-10-01T11:23:38.7880778Z [  79% ] [90m[1mupdate_scripts_classes[22m | [39m[0m
2026-10-01T11:23:38.7880946Z [  79% ] [90m[1mupdate_scripts_classes[22m | [39m[0m
2026-10-01T11:23:38.7881113Z [  79% ] [90m[1mupdate_scripts_classes[22m | [39m[0m
2026-10-01T11:23:38.7881405Z [  79% ] [90m[1mupdate_scripts_classes[22m | [39m[0m
2026-10-01T11:23:38.7881587Z [  79% ] [90m[1mupdate_scripts_classes[22m | [39m[0m
2026-10-01T11:23:38.7881754Z [  79% ] [90m[1mupdate_scripts_classes[22m | [39m[0m
2026-10-01T11:23:38.7882008Z [  79% ] [90m[1mupdate_scripts_classes[22m | [39m[0m
2026-10-01T11:23:38.7882167Z [  80% ] [90m[1mupdate_scripts_classes[22m | [39m[0m
2026-10-01T11:23:38.7882332Z [  80% ] [90m[1mupdate_scripts_classes[22m | [39m[0m
2026-10-01T11:23:38.7882494Z [  80% ] [90m[1mupdate_scripts_classes[22m | [39m[0m
2026-10-01T11:23:38.7882654Z [  80% ] [90m[1mupdate_scripts_classes[22m | [39m[0m
2026-10-01T11:23:38.7882821Z [  80% ] [90m[1mupdate_scripts_classes[22m | [39m[0m
2026-10-01T11:23:38.7882991Z [  80% ] [90m[1mupdate_scripts_classes[22m | [39m[0m
2026-10-01T11:23:38.7883158Z [  80% ] [90m[1mupdate_scripts_classes[22m | [39m[0m
2026-10-01T11:23:38.7883321Z [  80% ] [90m[1mupdate_scripts_classes[22m | [39m[0m
2026-10-01T11:23:38.7883487Z [  80% ] [90m[1mupdate_scripts_classes[22m | [39m[0m
2026-10-01T11:23:38.7883652Z [  80% ] [90m[1mupdate_scripts_classes[22m | [39m[0m
2026-10-01T11:23:38.7883812Z [  80% ] [90m[1mupdate_scripts_classes[22m | [39m[0m
2026-10-01T11:23:38.7883977Z [  80% ] [90m[1mupdate_scripts_classes[22m | [39m[0m
2026-10-01T11:23:38.7884141Z [  80% ] [90m[1mupdate_scripts_classes[22m | [39m[0m
2026-10-01T11:23:38.7884305Z [  80% ] [90m[1mupdate_scripts_classes[22m | [39m[0m
2026-10-01T11:23:38.7884463Z [  80% ] [90m[1mupdate_scripts_classes[22m | [39m[0m
2026-10-01T11:23:38.7884628Z [  80% ] [90m[1mupdate_scripts_classes[22m | [39m[0m
2026-10-01T11:23:38.7884791Z [  80% ] [90m[1mupdate_scripts_classes[22m | [39m[0m
2026-10-01T11:23:38.7884954Z [  80% ] [90m[1mupdate_scripts_classes[22m | [39m[0m
2026-10-01T11:23:38.7885117Z [  80% ] [90m[1mupdate_scripts_classes[22m | [39m[0m
2026-10-01T11:23:38.7885283Z [  80% ] [90m[1mupdate_scripts_classes[22m | [39m[0m
2026-10-01T11:23:38.7885447Z [  80% ] [90m[1mupdate_scripts_classes[22m | [39m[0m
2026-10-01T11:23:38.7885607Z [  80% ] [90m[1mupdate_scripts_classes[22m | [39m[0m
2026-10-01T11:23:38.7885769Z [  80% ] [90m[1mupdate_scripts_classes[22m | [39m[0m
2026-10-01T11:23:38.7885939Z [  80% ] [90m[1mupdate_scripts_classes[22m | [39m[0m
2026-10-01T11:23:38.7886098Z [  80% ] [90m[1mupdate_scripts_classes[22m | [39m[0m
2026-10-01T11:23:38.7886260Z [  80% ] [90m[1mupdate_scripts_classes[22m | [39m[0m
2026-10-01T11:23:38.7886424Z [  80% ] [90m[1mupdate_scripts_classes[22m | [39m[0m
2026-10-01T11:23:38.7886588Z [  81% ] [90m[1mupdate_scripts_classes[22m | [39m[0m
2026-10-01T11:23:38.7886874Z [  81% ] [90m[1mupdate_scripts_classes[22m | [39m[0m
2026-10-01T11:23:38.7887038Z [  81% ] [90m[1mupdate_scripts_classes[22m | [39m[0m
2026-10-01T11:23:38.7887205Z [  81% ] [90m[1mupdate_scripts_classes[22m | [39m[0m
2026-10-01T11:23:38.7887464Z [  81% ] [90m[1mupdate_scripts_classes[22m | [39m[0m
2026-10-01T11:23:38.7887633Z [  81% ] [90m[1mupdate_scripts_classes[22m | [39m[0m
2026-10-01T11:23:38.7887800Z [  81% ] [90m[1mupdate_scripts_classes[22m | [39m[0m
2026-10-01T11:23:38.7887962Z [  81% ] [90m[1mupdate_scripts_classes[22m | [39m[0m
2026-10-01T11:23:38.7888130Z [  81% ] [90m[1mupdate_scripts_classes[22m | [39m[0m
2026-10-01T11:23:38.7888288Z [  81% ] [90m[1mupdate_scripts_classes[22m | [39m[0m
2026-10-01T11:23:38.7888451Z [  81% ] [90m[1mupdate_scripts_classes[22m | [39m[0m
2026-10-01T11:23:38.7888614Z [  81% ] [90m[1mupdate_scripts_classes[22m | [39m[0m
2026-10-01T11:23:38.7888773Z [  81% ] [90m[1mupdate_scripts_classes[22m | [39m[0m
2026-10-01T11:23:38.7888942Z [  81% ] [90m[1mupdate_scripts_classes[22m | [39m[0m
2026-10-01T11:23:38.7889107Z [  81% ] [90m[1mupdate_scripts_classes[22m | [39m[0m
2026-10-01T11:23:38.7889273Z [  81% ] [90m[1mupdate_scripts_classes[22m | [39m[0m
2026-10-01T11:23:38.7889433Z [  81% ] [90m[1mupdate_scripts_classes[22m | [39m[0m
2026-10-01T11:23:38.7889596Z [  81% ] [90m[1mupdate_scripts_classes[22m | [39m[0m
2026-10-01T11:23:38.7889759Z [  81% ] [90m[1mupdate_scripts_classes[22m | [39m[0m
2026-10-01T11:23:38.7889916Z [  81% ] [90m[1mupdate_scripts_classes[22m | [39m[0m
2026-10-01T11:23:38.7890079Z [  81% ] [90m[1mupdate_scripts_classes[22m | [39m[0m
2026-10-01T11:23:38.7890243Z [  81% ] [90m[1mupdate_scripts_classes[22m | [39m[0m
2026-10-01T11:23:38.7890408Z [  81% ] [90m[1mupdate_scripts_classes[22m | [39m[0m
2026-10-01T11:23:38.7890566Z [  81% ] [90m[1mupdate_scripts_classes[22m | [39m[0m
2026-10-01T11:23:38.7890730Z [  81% ] [90m[1mupdate_scripts_classes[22m | [39m[0m
2026-10-01T11:23:38.7890898Z [  81% ] [90m[1mupdate_scripts_classes[22m | [39m[0m
2026-10-01T11:23:38.7891057Z [  81% ] [90m[1mupdate_scripts_classes[22m | [39m[0m
2026-10-01T11:23:38.7891349Z [  82% ] [90m[1mupdate_scripts_classes[22m | [39m[0m
2026-10-01T11:23:38.7891520Z [  82% ] [90m[1mupdate_scripts_classes[22m | [39m[0m
2026-10-01T11:23:38.7891685Z [  82% ] [90m[1mupdate_scripts_classes[22m | [39m[0m
2026-10-01T11:23:38.7891844Z [  82% ] [90m[1mupdate_scripts_classes[22m | [39m[0m
2026-10-01T11:23:38.7892007Z [  82% ] [90m[1mupdate_scripts_classes[22m | [39m[0m
2026-10-01T11:23:38.7892170Z [  82% ] [90m[1mupdate_scripts_classes[22m | [39m[0m
2026-10-01T11:23:38.7892327Z [  82% ] [90m[1mupdate_scripts_classes[22m | [39m[0m
2026-10-01T11:23:38.7892491Z [  82% ] [90m[1mupdate_scripts_classes[22m | [39m[0m
2026-10-01T11:23:38.7892653Z [  82% ] [90m[1mupdate_scripts_classes[22m | [39m[0m
2026-10-01T11:23:38.7892818Z [  82% ] [90m[1mupdate_scripts_classes[22m | [39m[0m
2026-10-01T11:23:38.7892982Z [  82% ] [90m[1mupdate_scripts_classes[22m | [39m[0m
2026-10-01T11:23:38.7893144Z [  82% ] [90m[1mupdate_scripts_classes[22m | [39m[0m
2026-10-01T11:23:38.7893311Z [  82% ] [90m[1mupdate_scripts_classes[22m | [39m[0m
2026-10-01T11:23:38.7893470Z [  82% ] [90m[1mupdate_scripts_classes[22m | [39m[0m
2026-10-01T11:23:38.7893634Z [  82% ] [90m[1mupdate_scripts_classes[22m | [39m[0m
2026-10-01T11:23:38.7893795Z [  82% ] [90m[1mupdate_scripts_classes[22m | [39m[0m
2026-10-01T11:23:38.7894054Z [  82% ] [90m[1mupdate_scripts_classes[22m | [39m[0m
2026-10-01T11:23:38.7894359Z [  82% ] [90m[1mupdate_scripts_classes[22m | [39m[0m
2026-10-01T11:23:38.7894642Z [  82% ] [90m[1mupdate_scripts_classes[22m | [39m[0m
2026-10-01T11:23:38.7894976Z [  82% ] [90m[1mupdate_scripts_classes[22m | [39m[0m
2026-10-01T11:23:38.7895163Z [  82% ] [90m[1mupdate_scripts_classes[22m | [39m[0m
2026-10-01T11:23:38.7895483Z [  82% ] [90m[1mupdate_scripts_classes[22m | [39m[0m
2026-10-01T11:23:38.7895650Z [  82% ] [90m[1mupdate_scripts_classes[22m | [39m[0m
2026-10-01T11:23:38.7895814Z [  82% ] [90m[1mupdate_scripts_classes[22m | [39m[0m
2026-10-01T11:23:38.7896099Z [  82% ] [90m[1mupdate_scripts_classes[22m | [39m[0m
2026-10-01T11:23:38.7896273Z [  82% ] [90m[1mupdate_scripts_classes[22m | [39m[0m
2026-10-01T11:23:38.7896441Z [  82% ] [90m[1mupdate_scripts_classes[22m | [39m[0m
2026-10-01T11:23:38.7896602Z [  83% ] [90m[1mupdate_scripts_classes[22m | [39m[0m
2026-10-01T11:23:38.7896764Z [  83% ] [90m[1mupdate_scripts_classes[22m | [39m[0m
2026-10-01T11:23:38.7896929Z [  83% ] [90m[1mupdate_scripts_classes[22m | [39m[0m
2026-10-01T11:23:38.7897092Z [  83% ] [90m[1mupdate_scripts_classes[22m | [39m[0m
2026-10-01T11:23:38.7897250Z [  83% ] [90m[1mupdate_scripts_classes[22m | [39m[0m
2026-10-01T11:23:38.7897414Z [  83% ] [90m[1mupdate_scripts_classes[22m | [39m[0m
2026-10-01T11:23:38.7897583Z [  83% ] [90m[1mupdate_scripts_classes[22m | [39m[0m
2026-10-01T11:23:38.7897744Z [  83% ] [90m[1mupdate_scripts_classes[22m | [39m[0m
2026-10-01T11:23:38.7897912Z [  83% ] [90m[1mupdate_scripts_classes[22m | [39m[0m
2026-10-01T11:23:38.7898074Z [  83% ] [90m[1mupdate_scripts_classes[22m | [39m[0m
2026-10-01T11:23:38.7898237Z [  83% ] [90m[1mupdate_scripts_classes[22m | [39m[0m
2026-10-01T11:23:38.7898396Z [  83% ] [90m[1mupdate_scripts_classes[22m | [39m[0m
2026-10-01T11:23:38.7898559Z [  83% ] [90m[1mupdate_scripts_classes[22m | [39m[0m
2026-10-01T11:23:38.7898721Z [  83% ] [90m[1mupdate_scripts_classes[22m | [39m[0m
2026-10-01T11:23:38.7898879Z [  83% ] [90m[1mupdate_scripts_classes[22m | [39m[0m
2026-10-01T11:23:38.7899043Z [  83% ] [90m[1mupdate_scripts_classes[22m | [39m[0m
2026-10-01T11:23:38.7899208Z [  83% ] [90m[1mupdate_scripts_classes[22m | [39m[0m
2026-10-01T11:23:38.7899374Z [  83% ] [90m[1mupdate_scripts_classes[22m | [39m[0m
2026-10-01T11:23:38.7899541Z [  83% ] [90m[1mupdate_scripts_classes[22m | [39m[0m
2026-10-01T11:23:38.7899703Z [  83% ] [90m[1mupdate_scripts_classes[22m | [39m[0m
2026-10-01T11:23:38.7899869Z [  83% ] [90m[1mupdate_scripts_classes[22m | [39m[0m
2026-10-01T11:23:38.7900028Z [  83% ] [90m[1mupdate_scripts_classes[22m | [39m[0m
2026-10-01T11:23:38.7900192Z [  83% ] [90m[1mupdate_scripts_classes[22m | [39m[0m
2026-10-01T11:23:38.7900355Z [  83% ] [90m[1mupdate_scripts_classes[22m | [39m[0m
2026-10-01T11:23:38.7900519Z [  83% ] [90m[1mupdate_scripts_classes[22m | [39m[0m
2026-10-01T11:23:38.7900679Z [  83% ] [90m[1mupdate_scripts_classes[22m | [39m[0m
2026-10-01T11:23:38.7900844Z [  83% ] [90m[1mupdate_scripts_classes[22m | [39m[0m
2026-10-01T11:23:38.7901007Z [  84% ] [90m[1mupdate_scripts_classes[22m | [39m[0m
2026-10-01T11:23:38.7901166Z [  84% ] [90m[1mupdate_scripts_classes[22m | [39m[0m
2026-10-01T11:23:38.7901603Z [  84% ] [90m[1mupdate_scripts_classes[22m | [39m[0m
2026-10-01T11:23:38.7901775Z [  84% ] [90m[1mupdate_scripts_classes[22m | [39m[0m
2026-10-01T11:23:38.7901937Z [  84% ] [90m[1mupdate_scripts_classes[22m | [39m[0m
2026-10-01T11:23:38.7902099Z [  84% ] [90m[1mupdate_scripts_classes[22m | [39m[0m
2026-10-01T11:23:38.7902261Z [  84% ] [90m[1mupdate_scripts_classes[22m | [39m[0m
2026-10-01T11:23:38.7902423Z [  84% ] [90m[1mupdate_scripts_classes[22m | [39m[0m
2026-10-01T11:23:38.7902582Z [  84% ] [90m[1mupdate_scripts_classes[22m | [39m[0m
2026-10-01T11:23:38.7902744Z [  84% ] [90m[1mupdate_scripts_classes[22m | [39m[0m
2026-10-01T11:23:38.7902916Z [  84% ] [90m[1mupdate_scripts_classes[22m | [39m[0m
2026-10-01T11:23:38.7903081Z [  84% ] [90m[1mupdate_scripts_classes[22m | [39m[0m
2026-10-01T11:23:38.7903239Z [  84% ] [90m[1mupdate_scripts_classes[22m | [39m[0m
2026-10-01T11:23:38.7903402Z [  84% ] [90m[1mupdate_scripts_classes[22m | [39m[0m
2026-10-01T11:23:38.7903720Z [  84% ] [90m[1mupdate_scripts_classes[22m | [39m[0m
2026-10-01T11:23:38.7903884Z [  84% ] [90m[1mupdate_scripts_classes[22m | [39m[0m
2026-10-01T11:23:38.7904048Z [  84% ] [90m[1mupdate_scripts_classes[22m | [39m[0m
2026-10-01T11:23:38.7904320Z [  84% ] [90m[1mupdate_scripts_classes[22m | [39m[0m
2026-10-01T11:23:38.7904492Z [  84% ] [90m[1mupdate_scripts_classes[22m | [39m[0m
2026-10-01T11:23:38.7904659Z [  84% ] [90m[1mupdate_scripts_classes[22m | [39m[0m
2026-10-01T11:23:38.7904833Z [  84% ] [90m[1mupdate_scripts_classes[22m | [39m[0m
2026-10-01T11:23:38.7904999Z [  84% ] [90m[1mupdate_scripts_classes[22m | [39m[0m
2026-10-01T11:23:38.7905158Z [  84% ] [90m[1mupdate_scripts_classes[22m | [39m[0m
2026-10-01T11:23:38.7905322Z [  84% ] [90m[1mupdate_scripts_classes[22m | [39m[0m
2026-10-01T11:23:38.7905496Z [  84% ] [90m[1mupdate_scripts_classes[22m | [39m[0m
2026-10-01T11:23:38.7905671Z [  84% ] [90m[1mupdate_scripts_classes[22m | [39m[0m
2026-10-01T11:23:38.7905843Z [  84% ] [90m[1mupdate_scripts_classes[22m | [39m[0m
2026-10-01T11:23:38.7906008Z [  84% ] [90m[1mupdate_scripts_classes[22m | [39m[0m
2026-10-01T11:23:38.7906176Z [  85% ] [90m[1mupdate_scripts_classes[22m | [39m[0m
2026-10-01T11:23:38.7906334Z [  85% ] [90m[1mupdate_scripts_classes[22m | [39m[0m
2026-10-01T11:23:38.7906498Z [  85% ] [90m[1mupdate_scripts_classes[22m | [39m[0m
2026-10-01T11:23:38.7906662Z [  85% ] [90m[1mupdate_scripts_classes[22m | [39m[0m
2026-10-01T11:23:38.7906825Z [  85% ] [90m[1mupdate_scripts_classes[22m | [39m[0m
2026-10-01T11:23:38.7906983Z [  85% ] [90m[1mupdate_scripts_classes[22m | [39m[0m
2026-10-01T11:23:38.7907146Z [  85% ] [90m[1mupdate_scripts_classes[22m | [39m[0m
2026-10-01T11:23:38.7907310Z [  85% ] [90m[1mupdate_scripts_classes[22m | [39m[0m
2026-10-01T11:23:38.7907469Z [  85% ] [90m[1mupdate_scripts_classes[22m | [39m[0m
2026-10-01T11:23:38.7907635Z [  85% ] [90m[1mupdate_scripts_classes[22m | [39m[0m
2026-10-01T11:23:38.7907806Z [  85% ] [90m[1mupdate_scripts_classes[22m | [39m[0m
2026-10-01T11:23:38.7907970Z [  85% ] [90m[1mupdate_scripts_classes[22m | [39m[0m
2026-10-01T11:23:38.7908132Z [  85% ] [90m[1mupdate_scripts_classes[22m | [39m[0m
2026-10-01T11:23:38.7908295Z [  85% ] [90m[1mupdate_scripts_classes[22m | [39m[0m
2026-10-01T11:23:38.7908458Z [  85% ] [90m[1mupdate_scripts_classes[22m | [39m[0m
2026-10-01T11:23:38.7908617Z [  85% ] [90m[1mupdate_scripts_classes[22m | [39m[0m
2026-10-01T11:23:38.7908781Z [  85% ] [90m[1mupdate_scripts_classes[22m | [39m[0m
2026-10-01T11:23:38.7908944Z [  85% ] [90m[1mupdate_scripts_classes[22m | [39m[0m
2026-10-01T11:23:38.7909107Z [  85% ] [90m[1mupdate_scripts_classes[22m | [39m[0m
2026-10-01T11:23:38.7909264Z [  85% ] [90m[1mupdate_scripts_classes[22m | [39m[0m
2026-10-01T11:23:38.7909428Z [  85% ] [90m[1mupdate_scripts_classes[22m | [39m[0m
2026-10-01T11:23:38.7909590Z [  85% ] [90m[1mupdate_scripts_classes[22m | [39m[0m
2026-10-01T11:23:38.7909752Z [  85% ] [90m[1mupdate_scripts_classes[22m | [39m[0m
2026-10-01T11:23:38.7909916Z [  85% ] [90m[1mupdate_scripts_classes[22m | [39m[0m
2026-10-01T11:23:38.7910085Z [  85% ] [90m[1mupdate_scripts_classes[22m | [39m[0m
2026-10-01T11:23:38.7910248Z [  85% ] [90m[1mupdate_scripts_classes[22m | [39m[0m
2026-10-01T11:23:38.7910407Z [  85% ] [90m[1mupdate_scripts_classes[22m | [39m[0m
2026-10-01T11:23:38.7910571Z [  86% ] [90m[1mupdate_scripts_classes[22m | [39m[0m
2026-10-01T11:23:38.7910733Z [  86% ] [90m[1mupdate_scripts_classes[22m | [39m[0m
2026-10-01T11:23:38.7910894Z [  86% ] [90m[1mupdate_scripts_classes[22m | [39m[0m
2026-10-01T11:23:38.7911059Z [  86% ] [90m[1mupdate_scripts_classes[22m | [39m[0m
2026-10-01T11:23:38.7911409Z [  86% ] [90m[1mupdate_scripts_classes[22m | [39m[0m
2026-10-01T11:23:38.7911617Z [  86% ] [90m[1mupdate_scripts_classes[22m | [39m[0m
2026-10-01T11:23:38.7911780Z [  86% ] [90m[1mupdate_scripts_classes[22m | [39m[0m
2026-10-01T11:23:38.7912077Z [  86% ] [90m[1mupdate_scripts_classes[22m | [39m[0m
2026-10-01T11:23:38.7912243Z [  86% ] [90m[1mupdate_scripts_classes[22m | [39m[0m
2026-10-01T11:23:38.7912506Z [  86% ] [90m[1mupdate_scripts_classes[22m | [39m[0m
2026-10-01T11:23:38.7912677Z [  86% ] [90m[1mupdate_scripts_classes[22m | [39m[0m
2026-10-01T11:23:38.7912842Z [  86% ] [90m[1mupdate_scripts_classes[22m | [39m[0m
2026-10-01T11:23:38.7913005Z [  86% ] [90m[1mupdate_scripts_classes[22m | [39m[0m
2026-10-01T11:23:38.7913166Z [  86% ] [90m[1mupdate_scripts_classes[22m | [39m[0m
2026-10-01T11:23:38.7913330Z [  86% ] [90m[1mupdate_scripts_classes[22m | [39m[0m
2026-10-01T11:23:38.7913495Z [  86% ] [90m[1mupdate_scripts_classes[22m | [39m[0m
2026-10-01T11:23:38.7913653Z [  86% ] [90m[1mupdate_scripts_classes[22m | [39m[0m
2026-10-01T11:23:38.7913817Z [  86% ] [90m[1mupdate_scripts_classes[22m | [39m[0m
2026-10-01T11:23:38.7914110Z [  86% ] [90m[1mupdate_scripts_classes[22m | [39m[0m
2026-10-01T11:23:38.7914400Z [  86% ] [90m[1mupdate_scripts_classes[22m | [39m[0m
2026-10-01T11:23:38.7914573Z [  86% ] [90m[1mupdate_scripts_classes[22m | [39m[0m
2026-10-01T11:23:38.7914743Z [  86% ] [90m[1mupdate_scripts_classes[22m | [39m[0m
2026-10-01T11:23:38.7914907Z [  86% ] [90m[1mupdate_scripts_classes[22m | [39m[0m
2026-10-01T11:23:38.7915066Z [  86% ] [90m[1mupdate_scripts_classes[22m | [39m[0m
2026-10-01T11:23:38.7915230Z [  86% ] [90m[1mupdate_scripts_classes[22m | [39m[0m
2026-10-01T11:23:38.7915394Z [  86% ] [90m[1mupdate_scripts_classes[22m | [39m[0m
2026-10-01T11:23:38.7915557Z [  86% ] [90m[1mupdate_scripts_classes[22m | [39m[0m
2026-10-01T11:23:38.7915716Z [  87% ] [90m[1mupdate_scripts_classes[22m | [39m[0m
2026-10-01T11:23:38.7915883Z [  87% ] [90m[1mupdate_scripts_classes[22m | [39m[0m
2026-10-01T11:23:38.7916046Z [  87% ] [90m[1mupdate_scripts_classes[22m | [39m[0m
2026-10-01T11:23:38.7916210Z [  87% ] [90m[1mupdate_scripts_classes[22m | [39m[0m
2026-10-01T11:23:38.7916374Z [  87% ] [90m[1mupdate_scripts_classes[22m | [39m[0m
2026-10-01T11:23:38.7916542Z [  87% ] [90m[1mupdate_scripts_classes[22m | [39m[0m
2026-10-01T11:23:38.7916706Z [  87% ] [90m[1mupdate_scripts_classes[22m | [39m[0m
2026-10-01T11:23:38.7916879Z [  87% ] [90m[1mupdate_scripts_classes[22m | [39m[0m
2026-10-01T11:23:38.7917044Z [  87% ] [90m[1mupdate_scripts_classes[22m | [39m[0m
2026-10-01T11:23:38.7917213Z [  87% ] [90m[1mupdate_scripts_classes[22m | [39m[0m
2026-10-01T11:23:38.7917390Z [  87% ] [90m[1mupdate_scripts_classes[22m | [39m[0m
2026-10-01T11:23:38.7917559Z [  87% ] [90m[1mupdate_scripts_classes[22m | [39m[0m
2026-10-01T11:23:38.7917725Z [  87% ] [90m[1mupdate_scripts_classes[22m | [39m[0m
2026-10-01T11:23:38.7917889Z [  87% ] [90m[1mupdate_scripts_classes[22m | [39m[0m
2026-10-01T11:23:38.7918056Z [  87% ] [90m[1mupdate_scripts_classes[22m | [39m[0m
2026-10-01T11:23:38.7918229Z [  87% ] [90m[1mupdate_scripts_classes[22m | [39m[0m
2026-10-01T11:23:38.7918394Z [  87% ] [90m[1mupdate_scripts_classes[22m | [39m[0m
2026-10-01T11:23:38.7918559Z [  87% ] [90m[1mupdate_scripts_classes[22m | [39m[0m
2026-10-01T11:23:38.7918733Z [  87% ] [90m[1mupdate_scripts_classes[22m | [39m[0m
2026-10-01T11:23:38.7918898Z [  87% ] [90m[1mupdate_scripts_classes[22m | [39m[0m
2026-10-01T11:23:38.7919072Z [  87% ] [90m[1mupdate_scripts_classes[22m | [39m[0m
2026-10-01T11:23:38.7919231Z [  87% ] [90m[1mupdate_scripts_classes[22m | [39m[0m
2026-10-01T11:23:38.7919397Z [  87% ] [90m[1mupdate_scripts_classes[22m | [39m[0m
2026-10-01T11:23:38.7919561Z [  87% ] [90m[1mupdate_scripts_classes[22m | [39m[0m
2026-10-01T11:23:38.7919720Z [  87% ] [90m[1mupdate_scripts_classes[22m | [39m[0m
2026-10-01T11:23:38.7919883Z [  87% ] [90m[1mupdate_scripts_classes[22m | [39m[0m
2026-10-01T11:23:38.7920047Z [  87% ] [90m[1mupdate_scripts_classes[22m | [39m[0m
2026-10-01T11:23:38.7920318Z [  88% ] [90m[1mupdate_scripts_classes[22m | [39m[0m
2026-10-01T11:23:38.7920477Z [  88% ] [90m[1mupdate_scripts_classes[22m | [39m[0m
2026-10-01T11:23:38.7920714Z [  88% ] [90m[1mupdate_scripts_classes[22m | [39m[0m
2026-10-01T11:23:38.7920884Z [  88% ] [90m[1mupdate_scripts_classes[22m | [39m[0m
2026-10-01T11:23:38.7921044Z [  88% ] [90m[1mupdate_scripts_classes[22m | [39m[0m
2026-10-01T11:23:38.7921207Z [  88% ] [90m[1mupdate_scripts_classes[22m | [39m[0m
2026-10-01T11:23:38.7921508Z [  88% ] [90m[1mupdate_scripts_classes[22m | [39m[0m
2026-10-01T11:23:38.7921673Z [  88% ] [90m[1mupdate_scripts_classes[22m | [39m[0m
2026-10-01T11:23:38.7921833Z [  88% ] [90m[1mupdate_scripts_classes[22m | [39m[0m
2026-10-01T11:23:38.7921998Z [  88% ] [90m[1mupdate_scripts_classes[22m | [39m[0m
2026-10-01T11:23:38.7922168Z [  88% ] [90m[1mupdate_scripts_classes[22m | [39m[0m
2026-10-01T11:23:38.7922332Z [  88% ] [90m[1mupdate_scripts_classes[22m | [39m[0m
2026-10-01T11:23:38.7922495Z [  88% ] [90m[1mupdate_scripts_classes[22m | [39m[0m
2026-10-01T11:23:38.7922660Z [  88% ] [90m[1mupdate_scripts_classes[22m | [39m[0m
2026-10-01T11:23:38.7922829Z [  88% ] [90m[1mupdate_scripts_classes[22m | [39m[0m
2026-10-01T11:23:38.7922988Z [  88% ] [90m[1mupdate_scripts_classes[22m | [39m[0m
2026-10-01T11:23:38.7923153Z [  88% ] [90m[1mupdate_scripts_classes[22m | [39m[0m
2026-10-01T11:23:38.7923317Z [  88% ] [90m[1mupdate_scripts_classes[22m | [39m[0m
2026-10-01T11:23:38.7923475Z [  88% ] [90m[1mupdate_scripts_classes[22m | [39m[0m
2026-10-01T11:23:38.7923639Z [  88% ] [90m[1mupdate_scripts_classes[22m | [39m[0m
2026-10-01T11:23:38.7923802Z [  88% ] [90m[1mupdate_scripts_classes[22m | [39m[0m
2026-10-01T11:23:38.7923965Z [  88% ] [90m[1mupdate_scripts_classes[22m | [39m[0m
2026-10-01T11:23:38.7924126Z [  88% ] [90m[1mupdate_scripts_classes[22m | [39m[0m
2026-10-01T11:23:38.7924294Z [  88% ] [90m[1mupdate_scripts_classes[22m | [39m[0m
2026-10-01T11:23:38.7924457Z [  88% ] [90m[1mupdate_scripts_classes[22m | [39m[0m
2026-10-01T11:23:38.7924621Z [  88% ] [90m[1mupdate_scripts_classes[22m | [39m[0m
2026-10-01T11:23:38.7924786Z [  88% ] [90m[1mupdate_scripts_classes[22m | [39m[0m
2026-10-01T11:23:38.7924950Z [  89% ] [90m[1mupdate_scripts_classes[22m | [39m[0m
2026-10-01T11:23:38.7925113Z [  89% ] [90m[1mupdate_scripts_classes[22m | [39m[0m
2026-10-01T11:23:38.7925272Z [  89% ] [90m[1mupdate_scripts_classes[22m | [39m[0m
2026-10-01T11:23:38.7925438Z [  89% ] [90m[1mupdate_scripts_classes[22m | [39m[0m
2026-10-01T11:23:38.7925602Z [  89% ] [90m[1mupdate_scripts_classes[22m | [39m[0m
2026-10-01T11:23:38.7925759Z [  89% ] [90m[1mupdate_scripts_classes[22m | [39m[0m
2026-10-01T11:23:38.7925923Z [  89% ] [90m[1mupdate_scripts_classes[22m | [39m[0m
2026-10-01T11:23:38.7926085Z [  89% ] [90m[1mupdate_scripts_classes[22m | [39m[0m
2026-10-01T11:23:38.7926255Z [  89% ] [90m[1mupdate_scripts_classes[22m | [39m[0m
2026-10-01T11:23:38.7926414Z [  89% ] [90m[1mupdate_scripts_classes[22m | [39m[0m
2026-10-01T11:23:38.7926579Z [  89% ] [90m[1mupdate_scripts_classes[22m | [39m[0m
2026-10-01T11:23:38.7926743Z [  89% ] [90m[1mupdate_scripts_classes[22m | [39m[0m
2026-10-01T11:23:38.7926903Z [  89% ] [90m[1mupdate_scripts_classes[22m | [39m[0m
2026-10-01T11:23:38.7927067Z [  89% ] [90m[1mupdate_scripts_classes[22m | [39m[0m
2026-10-01T11:23:38.7927233Z [  89% ] [90m[1mupdate_scripts_classes[22m | [39m[0m
2026-10-01T11:23:38.7927398Z [  89% ] [90m[1mupdate_scripts_classes[22m | [39m[0m
2026-10-01T11:23:38.7927556Z [  89% ] [90m[1mupdate_scripts_classes[22m | [39m[0m
2026-10-01T11:23:38.7927717Z [  89% ] [90m[1mupdate_scripts_classes[22m | [39m[0m
2026-10-01T11:23:38.7927882Z [  89% ] [90m[1mupdate_scripts_classes[22m | [39m[0m
2026-10-01T11:23:38.7928040Z [  89% ] [90m[1mupdate_scripts_classes[22m | [39m[0m
2026-10-01T11:23:38.7928333Z [  89% ] [90m[1mupdate_scripts_classes[22m | [39m[0m
2026-10-01T11:23:38.7928498Z [  89% ] [90m[1mupdate_scripts_classes[22m | [39m[0m
2026-10-01T11:23:38.7928766Z [  89% ] [90m[1mupdate_scripts_classes[22m | [39m[0m
2026-10-01T11:23:38.7928929Z [  89% ] [90m[1mupdate_scripts_classes[22m | [39m[0m
2026-10-01T11:23:38.7929093Z [  89% ] [90m[1mupdate_scripts_classes[22m | [39m[0m
2026-10-01T11:23:38.7929259Z [  89% ] [90m[1mupdate_scripts_classes[22m | [39m[0m
2026-10-01T11:23:38.7929416Z [  89% ] [90m[1mupdate_scripts_classes[22m | [39m[0m
2026-10-01T11:23:38.7929579Z [  90% ] [90m[1mupdate_scripts_classes[22m | [39m[0m
2026-10-01T11:23:38.7929742Z [  90% ] [90m[1mupdate_scripts_classes[22m | [39m[0m
2026-10-01T11:23:38.7929910Z [  90% ] [90m[1mupdate_scripts_classes[22m | [39m[0m
2026-10-01T11:23:38.7930070Z [  90% ] [90m[1mupdate_scripts_classes[22m | [39m[0m
2026-10-01T11:23:38.7930242Z [  90% ] [90m[1mupdate_scripts_classes[22m | [39m[0m
2026-10-01T11:23:38.7930408Z [  90% ] [90m[1mupdate_scripts_classes[22m | [39m[0m
2026-10-01T11:23:38.7930568Z [  90% ] [90m[1mupdate_scripts_classes[22m | [39m[0m
2026-10-01T11:23:38.7930737Z [  90% ] [90m[1mupdate_scripts_classes[22m | [39m[0m
2026-10-01T11:23:38.7930903Z [  90% ] [90m[1mupdate_scripts_classes[22m | [39m[0m
2026-10-01T11:23:38.7931067Z [  90% ] [90m[1mupdate_scripts_classes[22m | [39m[0m
2026-10-01T11:23:38.7931472Z [  90% ] [90m[1mupdate_scripts_classes[22m | [39m[0m
2026-10-01T11:23:38.7931657Z [  90% ] [90m[1mupdate_scripts_classes[22m | [39m[0m
2026-10-01T11:23:38.7931822Z [  90% ] [90m[1mupdate_scripts_classes[22m | [39m[0m
2026-10-01T11:23:38.7931981Z [  90% ] [90m[1mupdate_scripts_classes[22m | [39m[0m
2026-10-01T11:23:38.7932144Z [  90% ] [90m[1mupdate_scripts_classes[22m | [39m[0m
2026-10-01T11:23:38.7932312Z [  90% ] [90m[1mupdate_scripts_classes[22m | [39m[0m
2026-10-01T11:23:38.7932482Z [  90% ] [90m[1mupdate_scripts_classes[22m | [39m[0m
2026-10-01T11:23:38.7932641Z [  90% ] [90m[1mupdate_scripts_classes[22m | [39m[0m
2026-10-01T11:23:38.7932810Z [  90% ] [90m[1mupdate_scripts_classes[22m | [39m[0m
2026-10-01T11:23:38.7932974Z [  90% ] [90m[1mupdate_scripts_classes[22m | [39m[0m
2026-10-01T11:23:38.7933132Z [  90% ] [90m[1mupdate_scripts_classes[22m | [39m[0m
2026-10-01T11:23:38.7933297Z [  90% ] [90m[1mupdate_scripts_classes[22m | [39m[0m
2026-10-01T11:23:38.7933459Z [  90% ] [90m[1mupdate_scripts_classes[22m | [39m[0m
2026-10-01T11:23:38.7933626Z [  90% ] [90m[1mupdate_scripts_classes[22m | [39m[0m
2026-10-01T11:23:38.7933784Z [  90% ] [90m[1mupdate_scripts_classes[22m | [39m[0m
2026-10-01T11:23:38.7934030Z [  90% ] [90m[1mupdate_scripts_classes[22m | [39m[0m
2026-10-01T11:23:38.7934326Z [  90% ] [90m[1mupdate_scripts_classes[22m | [39m[0m
2026-10-01T11:23:38.7934496Z [  91% ] [90m[1mupdate_scripts_classes[22m | [39m[0m
2026-10-01T11:23:38.7934668Z [  91% ] [90m[1mupdate_scripts_classes[22m | [39m[0m
2026-10-01T11:23:38.7934833Z [  91% ] [90m[1mupdate_scripts_classes[22m | [39m[0m
2026-10-01T11:23:38.7935009Z [  91% ] [90m[1mupdate_scripts_classes[22m | [39m[0m
2026-10-01T11:23:38.7935175Z [  91% ] [90m[1mupdate_scripts_classes[22m | [39m[0m
2026-10-01T11:23:38.7935340Z [  91% ] [90m[1mupdate_scripts_classes[22m | [39m[0m
2026-10-01T11:23:38.7935504Z [  91% ] [90m[1mupdate_scripts_classes[22m | [39m[0m
2026-10-01T11:23:38.7935674Z [  91% ] [90m[1mupdate_scripts_classes[22m | [39m[0m
2026-10-01T11:23:38.7935838Z [  91% ] [90m[1mupdate_scripts_classes[22m | [39m[0m
2026-10-01T11:23:38.7935999Z [  91% ] [90m[1mupdate_scripts_classes[22m | [39m[0m
2026-10-01T11:23:38.7936165Z [  91% ] [90m[1mupdate_scripts_classes[22m | [39m[0m
2026-10-01T11:23:38.7936326Z [  91% ] [90m[1mupdate_scripts_classes[22m | [39m[0m
2026-10-01T11:23:38.7936492Z [  91% ] [90m[1mupdate_scripts_classes[22m | [39m[0m
2026-10-01T11:23:38.7936798Z [  91% ] [90m[1mupdate_scripts_classes[22m | [39m[0m
2026-10-01T11:23:38.7936966Z [  91% ] [90m[1mupdate_scripts_classes[22m | [39m[0m
2026-10-01T11:23:38.7937231Z [  91% ] [90m[1mupdate_scripts_classes[22m | [39m[0m
2026-10-01T11:23:38.7937397Z [  91% ] [90m[1mupdate_scripts_classes[22m | [39m[0m
2026-10-01T11:23:38.7937563Z [  91% ] [90m[1mupdate_scripts_classes[22m | [39m[0m
2026-10-01T11:23:38.7937920Z [  91% ] [90m[1mupdate_scripts_classes[22m | [39m[0m
2026-10-01T11:23:38.7938098Z [  91% ] [90m[1mupdate_scripts_classes[22m | [39m[0m
2026-10-01T11:23:38.7938258Z [  91% ] [90m[1mupdate_scripts_classes[22m | [39m[0m
2026-10-01T11:23:38.7938434Z [  91% ] [90m[1mupdate_scripts_classes[22m | [39m[0m
2026-10-01T11:23:38.7938603Z [  91% ] [90m[1mupdate_scripts_classes[22m | [39m[0m
2026-10-01T11:23:38.7938762Z [  91% ] [90m[1mupdate_scripts_classes[22m | [39m[0m
2026-10-01T11:23:38.7938925Z [  91% ] [90m[1mupdate_scripts_classes[22m | [39m[0m
2026-10-01T11:23:38.7939097Z [  91% ] [90m[1mupdate_scripts_classes[22m | [39m[0m
2026-10-01T11:23:38.7939263Z [  91% ] [90m[1mupdate_scripts_classes[22m | [39m[0m
2026-10-01T11:23:38.7939427Z [  92% ] [90m[1mupdate_scripts_classes[22m | [39m[0m
2026-10-01T11:23:38.7939602Z [  92% ] [90m[1mupdate_scripts_classes[22m | [39m[0m
2026-10-01T11:23:38.7939769Z [  92% ] [90m[1mupdate_scripts_classes[22m | [39m[0m
2026-10-01T11:23:38.7939927Z [  92% ] [90m[1mupdate_scripts_classes[22m | [39m[0m
2026-10-01T11:23:38.7940092Z [  92% ] [90m[1mupdate_scripts_classes[22m | [39m[0m
2026-10-01T11:23:38.7940256Z [  92% ] [90m[1mupdate_scripts_classes[22m | [39m[0m
2026-10-01T11:23:38.7940421Z [  92% ] [90m[1mupdate_scripts_classes[22m | [39m[0m
2026-10-01T11:23:38.7940581Z [  92% ] [90m[1mupdate_scripts_classes[22m | [39m[0m
2026-10-01T11:23:38.7940744Z [  92% ] [90m[1mupdate_scripts_classes[22m | [39m[0m
2026-10-01T11:23:38.7940914Z [  92% ] [90m[1mupdate_scripts_classes[22m | [39m[0m
2026-10-01T11:23:38.7941138Z [  92% ] [90m[1mupdate_scripts_classes[22m | [39m[0m
2026-10-01T11:23:38.7941577Z [  92% ] [90m[1mupdate_scripts_classes[22m | [39m[0m
2026-10-01T11:23:38.7941765Z [  92% ] [90m[1mupdate_scripts_classes[22m | [39m[0m
2026-10-01T11:23:38.7941935Z [  92% ] [90m[1mupdate_scripts_classes[22m | [39m[0m
2026-10-01T11:23:38.7942096Z [  92% ] [90m[1mupdate_scripts_classes[22m | [39m[0m
2026-10-01T11:23:38.7942288Z [  92% ] [90m[1mupdate_scripts_classes[22m | [39m[0m
2026-10-01T11:23:38.7942457Z [  92% ] [90m[1mupdate_scripts_classes[22m | [39m[0m
2026-10-01T11:23:38.7942616Z [  92% ] [90m[1mupdate_scripts_classes[22m | [39m[0m
2026-10-01T11:23:38.7942781Z [  92% ] [90m[1mupdate_scripts_classes[22m | [39m[0m
2026-10-01T11:23:38.7942946Z [  92% ] [90m[1mupdate_scripts_classes[22m | [39m[0m
2026-10-01T11:23:38.7943110Z [  92% ] [90m[1mupdate_scripts_classes[22m | [39m[0m
2026-10-01T11:23:38.7943277Z [  92% ] [90m[1mupdate_scripts_classes[22m | [39m[0m
2026-10-01T11:23:38.7943442Z [  92% ] [90m[1mupdate_scripts_classes[22m | [39m[0m
2026-10-01T11:23:38.7943608Z [  92% ] [90m[1mupdate_scripts_classes[22m | [39m[0m
2026-10-01T11:23:38.7943765Z [  92% ] [90m[1mupdate_scripts_classes[22m | [39m[0m
2026-10-01T11:23:38.7943928Z [  92% ] [90m[1mupdate_scripts_classes[22m | [39m[0m
2026-10-01T11:23:38.7944092Z [  92% ] [90m[1mupdate_scripts_classes[22m | [39m[0m
2026-10-01T11:23:38.7944258Z [  92% ] [90m[1mupdate_scripts_classes[22m | [39m[0m
2026-10-01T11:23:38.7944417Z [  93% ] [90m[1mupdate_scripts_classes[22m | [39m[0m
2026-10-01T11:23:38.7944582Z [  93% ] [90m[1mupdate_scripts_classes[22m | [39m[0m
2026-10-01T11:23:38.7944806Z [  93% ] [90m[1mupdate_scripts_classes[22m | [39m[0m
2026-10-01T11:23:38.7945086Z [  93% ] [90m[1mupdate_scripts_classes[22m | [39m[0m
2026-10-01T11:23:38.7945261Z [  93% ] [90m[1mupdate_scripts_classes[22m | [39m[0m
2026-10-01T11:23:38.7945627Z [  93% ] [90m[1mupdate_scripts_classes[22m | [39m[0m
2026-10-01T11:23:38.7945796Z [  93% ] [90m[1mupdate_scripts_classes[22m | [39m[0m
2026-10-01T11:23:38.7946065Z [  93% ] [90m[1mupdate_scripts_classes[22m | [39m[0m
2026-10-01T11:23:38.7946256Z [  93% ] [90m[1mupdate_scripts_classes[22m | [39m[0m
2026-10-01T11:23:38.7946424Z [  93% ] [90m[1mupdate_scripts_classes[22m | [39m[0m
2026-10-01T11:23:38.7946583Z [  93% ] [90m[1mupdate_scripts_classes[22m | [39m[0m
2026-10-01T11:23:38.7946746Z [  93% ] [90m[1mupdate_scripts_classes[22m | [39m[0m
2026-10-01T11:23:38.7946910Z [  93% ] [90m[1mupdate_scripts_classes[22m | [39m[0m
2026-10-01T11:23:38.7947073Z [  93% ] [90m[1mupdate_scripts_classes[22m | [39m[0m
2026-10-01T11:23:38.7947230Z [  93% ] [90m[1mupdate_scripts_classes[22m | [39m[0m
2026-10-01T11:23:38.7947394Z [  93% ] [90m[1mupdate_scripts_classes[22m | [39m[0m
2026-10-01T11:23:38.7947557Z [  93% ] [90m[1mupdate_scripts_classes[22m | [39m[0m
2026-10-01T11:23:38.7947720Z [  93% ] [90m[1mupdate_scripts_classes[22m | [39m[0m
2026-10-01T11:23:38.7947883Z [  93% ] [90m[1mupdate_scripts_classes[22m | [39m[0m
2026-10-01T11:23:38.7948048Z [  93% ] [90m[1mupdate_scripts_classes[22m | [39m[0m
2026-10-01T11:23:38.7948214Z [  93% ] [90m[1mupdate_scripts_classes[22m | [39m[0m
2026-10-01T11:23:38.7948382Z [  93% ] [90m[1mupdate_scripts_classes[22m | [39m[0m
2026-10-01T11:23:38.7948642Z [  93% ] [90m[1mupdate_scripts_classes[22m | [39m[0m
2026-10-01T11:23:38.7948946Z [  93% ] [90m[1mupdate_scripts_classes[22m | [39m[0m
2026-10-01T11:23:38.7949118Z [  93% ] [90m[1mupdate_scripts_classes[22m | [39m[0m
2026-10-01T11:23:38.7949285Z [  93% ] [90m[1mupdate_scripts_classes[22m | [39m[0m
2026-10-01T11:23:38.7949449Z [  93% ] [90m[1mupdate_scripts_classes[22m | [39m[0m
2026-10-01T11:23:38.7949608Z [  94% ] [90m[1mupdate_scripts_classes[22m | [39m[0m
2026-10-01T11:23:38.7949781Z [  94% ] [90m[1mupdate_scripts_classes[22m | [39m[0m
2026-10-01T11:23:38.7949947Z [  94% ] [90m[1mupdate_scripts_classes[22m | [39m[0m
2026-10-01T11:23:38.7950115Z [  94% ] [90m[1mupdate_scripts_classes[22m | [39m[0m
2026-10-01T11:23:38.7950289Z [  94% ] [90m[1mupdate_scripts_classes[22m | [39m[0m
2026-10-01T11:23:38.7950453Z [  94% ] [90m[1mupdate_scripts_classes[22m | [39m[0m
2026-10-01T11:23:38.7950617Z [  94% ] [90m[1mupdate_scripts_classes[22m | [39m[0m
2026-10-01T11:23:38.7950775Z [  94% ] [90m[1mupdate_scripts_classes[22m | [39m[0m
2026-10-01T11:23:38.7950948Z [  94% ] [90m[1mupdate_scripts_classes[22m | [39m[0m
2026-10-01T11:23:38.7951114Z [  94% ] [90m[1mupdate_scripts_classes[22m | [39m[0m
2026-10-01T11:23:38.7951546Z [  94% ] [90m[1mupdate_scripts_classes[22m | [39m[0m
2026-10-01T11:23:38.7951724Z [  94% ] [90m[1mupdate_scripts_classes[22m | [39m[0m
2026-10-01T11:23:38.7951889Z [  94% ] [90m[1mupdate_scripts_classes[22m | [39m[0m
2026-10-01T11:23:38.7952058Z [  94% ] [90m[1mupdate_scripts_classes[22m | [39m[0m
2026-10-01T11:23:38.7952217Z [  94% ] [90m[1mupdate_scripts_classes[22m | [39m[0m
2026-10-01T11:23:38.7952385Z [  94% ] [90m[1mupdate_scripts_classes[22m | [39m[0m
2026-10-01T11:23:38.7952548Z [  94% ] [90m[1mupdate_scripts_classes[22m | [39m[0m
2026-10-01T11:23:38.7952714Z [  94% ] [90m[1mupdate_scripts_classes[22m | [39m[0m
2026-10-01T11:23:38.7952996Z [  94% ] [90m[1mupdate_scripts_classes[22m | [39m[0m
2026-10-01T11:23:38.7953260Z [  94% ] [90m[1mupdate_scripts_classes[22m | [39m[0m
2026-10-01T11:23:38.7953434Z [  94% ] [90m[1mupdate_scripts_classes[22m | [39m[0m
2026-10-01T11:23:38.7953594Z [  94% ] [90m[1mupdate_scripts_classes[22m | [39m[0m
2026-10-01T11:23:38.7953758Z [  94% ] [90m[1mupdate_scripts_classes[22m | [39m[0m
2026-10-01T11:23:38.7953921Z [  94% ] [90m[1mupdate_scripts_classes[22m | [39m[0m
2026-10-01T11:23:38.7954085Z [  94% ] [90m[1mupdate_scripts_classes[22m | [39m[0m
2026-10-01T11:23:38.7954419Z [  94% ] [90m[1mupdate_scripts_classes[22m | [39m[0m
2026-10-01T11:23:38.7954587Z [  94% ] [90m[1mupdate_scripts_classes[22m | [39m[0m
2026-10-01T11:23:38.7954854Z [  95% ] [90m[1mupdate_scripts_classes[22m | [39m[0m
2026-10-01T11:23:38.7955018Z [  95% ] [90m[1mupdate_scripts_classes[22m | [39m[0m
2026-10-01T11:23:38.7955183Z [  95% ] [90m[1mupdate_scripts_classes[22m | [39m[0m
2026-10-01T11:23:38.7955347Z [  95% ] [90m[1mupdate_scripts_classes[22m | [39m[0m
2026-10-01T11:23:38.7955512Z [  95% ] [90m[1mupdate_scripts_classes[22m | [39m[0m
2026-10-01T11:23:38.7955673Z [  95% ] [90m[1mupdate_scripts_classes[22m | [39m[0m
2026-10-01T11:23:38.7955837Z [  95% ] [90m[1mupdate_scripts_classes[22m | [39m[0m
2026-10-01T11:23:38.7956003Z [  95% ] [90m[1mupdate_scripts_classes[22m | [39m[0m
2026-10-01T11:23:38.7956161Z [  95% ] [90m[1mupdate_scripts_classes[22m | [39m[0m
2026-10-01T11:23:38.7956324Z [  95% ] [90m[1mupdate_scripts_classes[22m | [39m[0m
2026-10-01T11:23:38.7956492Z [  95% ] [90m[1mupdate_scripts_classes[22m | [39m[0m
2026-10-01T11:23:38.7956657Z [  95% ] [90m[1mupdate_scripts_classes[22m | [39m[0m
2026-10-01T11:23:38.7956822Z [  95% ] [90m[1mupdate_scripts_classes[22m | [39m[0m
2026-10-01T11:23:38.7956989Z [  95% ] [90m[1mupdate_scripts_classes[22m | [39m[0m
2026-10-01T11:23:38.7957200Z [  95% ] [90m[1mupdate_scripts_classes[22m | [39m[0m
2026-10-01T11:23:38.7957517Z [  95% ] [90m[1mupdate_scripts_classes[22m | [39m[0m
2026-10-01T11:23:38.7957720Z [  95% ] [90m[1mupdate_scripts_classes[22m | [39m[0m
2026-10-01T11:23:38.7957894Z [  95% ] [90m[1mupdate_scripts_classes[22m | [39m[0m
2026-10-01T11:23:38.7958063Z [  95% ] [90m[1mupdate_scripts_classes[22m | [39m[0m
2026-10-01T11:23:38.7958223Z [  95% ] [90m[1mupdate_scripts_classes[22m | [39m[0m
2026-10-01T11:23:38.7958386Z [  95% ] [90m[1mupdate_scripts_classes[22m | [39m[0m
2026-10-01T11:23:38.7958548Z [  95% ] [90m[1mupdate_scripts_classes[22m | [39m[0m
2026-10-01T11:23:38.7958714Z [  95% ] [90m[1mupdate_scripts_classes[22m | [39m[0m
2026-10-01T11:23:38.7958878Z [  95% ] [90m[1mupdate_scripts_classes[22m | [39m[0m
2026-10-01T11:23:38.7959046Z [  95% ] [90m[1mupdate_scripts_classes[22m | [39m[0m
2026-10-01T11:23:38.7959210Z [  95% ] [90m[1mupdate_scripts_classes[22m | [39m[0m
2026-10-01T11:23:38.7959368Z [  95% ] [90m[1mupdate_scripts_classes[22m | [39m[0m
2026-10-01T11:23:38.7959533Z [  96% ] [90m[1mupdate_scripts_classes[22m | [39m[0m
2026-10-01T11:23:38.7959705Z [  96% ] [90m[1mupdate_scripts_classes[22m | [39m[0m
2026-10-01T11:23:38.7959868Z [  96% ] [90m[1mupdate_scripts_classes[22m | [39m[0m
2026-10-01T11:23:38.7960031Z [  96% ] [90m[1mupdate_scripts_classes[22m | [39m[0m
2026-10-01T11:23:38.7960194Z [  96% ] [90m[1mupdate_scripts_classes[22m | [39m[0m
2026-10-01T11:23:38.7960356Z [  96% ] [90m[1mupdate_scripts_classes[22m | [39m[0m
2026-10-01T11:23:38.7960519Z [  96% ] [90m[1mupdate_scripts_classes[22m | [39m[0m
2026-10-01T11:23:38.7960682Z [  96% ] [90m[1mupdate_scripts_classes[22m | [39m[0m
2026-10-01T11:23:38.7960977Z [  96% ] [90m[1mupdate_scripts_classes[22m | [39m[0m
2026-10-01T11:23:38.7961198Z [  96% ] [90m[1mupdate_scripts_classes[22m | [39m[0m
2026-10-01T11:23:38.7961581Z [  96% ] [90m[1mupdate_scripts_classes[22m | [39m[0m
2026-10-01T11:23:38.7961751Z [  96% ] [90m[1mupdate_scripts_classes[22m | [39m[0m
2026-10-01T11:23:38.7961914Z [  96% ] [90m[1mupdate_scripts_classes[22m | [39m[0m
2026-10-01T11:23:38.7962073Z [  96% ] [90m[1mupdate_scripts_classes[22m | [39m[0m
2026-10-01T11:23:38.7962240Z [  96% ] [90m[1mupdate_scripts_classes[22m | [39m[0m
2026-10-01T11:23:38.7962406Z [  96% ] [90m[1mupdate_scripts_classes[22m | [39m[0m
2026-10-01T11:23:38.7962565Z [  96% ] [90m[1mupdate_scripts_classes[22m | [39m[0m
2026-10-01T11:23:38.7962730Z [  96% ] [90m[1mupdate_scripts_classes[22m | [39m[0m
2026-10-01T11:23:38.7963043Z [  96% ] [90m[1mupdate_scripts_classes[22m | [39m[0m
2026-10-01T11:23:38.7963209Z [  96% ] [90m[1mupdate_scripts_classes[22m | [39m[0m
2026-10-01T11:23:38.7963467Z [  96% ] [90m[1mupdate_scripts_classes[22m | [39m[0m
2026-10-01T11:23:38.7963637Z [  96% ] [90m[1mupdate_scripts_classes[22m | [39m[0m
2026-10-01T11:23:38.7963802Z [  96% ] [90m[1mupdate_scripts_classes[22m | [39m[0m
2026-10-01T11:23:38.7963962Z [  96% ] [90m[1mupdate_scripts_classes[22m | [39m[0m
2026-10-01T11:23:38.7964125Z [  96% ] [90m[1mupdate_scripts_classes[22m | [39m[0m
2026-10-01T11:23:38.7964288Z [  96% ] [90m[1mupdate_scripts_classes[22m | [39m[0m
2026-10-01T11:23:38.7964454Z [  96% ] [90m[1mupdate_scripts_classes[22m | [39m[0m
2026-10-01T11:23:38.7964613Z [  97% ] [90m[1mupdate_scripts_classes[22m | [39m[0m
2026-10-01T11:23:38.7964884Z [  97% ] [90m[1mupdate_scripts_classes[22m | [39m[0m
2026-10-01T11:23:38.7965170Z [  97% ] [90m[1mupdate_scripts_classes[22m | [39m[0m
2026-10-01T11:23:38.7965344Z [  97% ] [90m[1mupdate_scripts_classes[22m | [39m[0m
2026-10-01T11:23:38.7965512Z [  97% ] [90m[1mupdate_scripts_classes[22m | [39m[0m
2026-10-01T11:23:38.7965682Z [  97% ] [90m[1mupdate_scripts_classes[22m | [39m[0m
2026-10-01T11:23:38.7965848Z [  97% ] [90m[1mupdate_scripts_classes[22m | [39m[0m
2026-10-01T11:23:38.7966007Z [  97% ] [90m[1mupdate_scripts_classes[22m | [39m[0m
2026-10-01T11:23:38.7966169Z [  97% ] [90m[1mupdate_scripts_classes[22m | [39m[0m
2026-10-01T11:23:38.7966336Z [  97% ] [90m[1mupdate_scripts_classes[22m | [39m[0m
2026-10-01T11:23:38.7966494Z [  97% ] [90m[1mupdate_scripts_classes[22m | [39m[0m
2026-10-01T11:23:38.7966658Z [  97% ] [90m[1mupdate_scripts_classes[22m | [39m[0m
2026-10-01T11:23:38.7966821Z [  97% ] [90m[1mupdate_scripts_classes[22m | [39m[0m
2026-10-01T11:23:38.7966983Z [  97% ] [90m[1mupdate_scripts_classes[22m | [39m[0m
2026-10-01T11:23:38.7967141Z [  97% ] [90m[1mupdate_scripts_classes[22m | [39m[0m
2026-10-01T11:23:38.7967318Z [  97% ] [90m[1mupdate_scripts_classes[22m | [39m[0m
2026-10-01T11:23:38.7967484Z [  97% ] [90m[1mupdate_scripts_classes[22m | [39m[0m
2026-10-01T11:23:38.7967649Z [  97% ] [90m[1mupdate_scripts_classes[22m | [39m[0m
2026-10-01T11:23:38.7967818Z [  97% ] [90m[1mupdate_scripts_classes[22m | [39m[0m
2026-10-01T11:23:38.7967983Z [  97% ] [90m[1mupdate_scripts_classes[22m | [39m[0m
2026-10-01T11:23:38.7968148Z [  97% ] [90m[1mupdate_scripts_classes[22m | [39m[0m
2026-10-01T11:23:38.7968308Z [  97% ] [90m[1mupdate_scripts_classes[22m | [39m[0m
2026-10-01T11:23:38.7968471Z [  97% ] [90m[1mupdate_scripts_classes[22m | [39m[0m
2026-10-01T11:23:38.7968635Z [  97% ] [90m[1mupdate_scripts_classes[22m | [39m[0m
2026-10-01T11:23:38.7968807Z [  97% ] [90m[1mupdate_scripts_classes[22m | [39m[0m
2026-10-01T11:23:38.7968985Z [  97% ] [90m[1mupdate_scripts_classes[22m | [39m[0m
2026-10-01T11:23:38.7969159Z [  97% ] [90m[1mupdate_scripts_classes[22m | [39m[0m
2026-10-01T11:23:38.7969323Z [  98% ] [90m[1mupdate_scripts_classes[22m | [39m[0m
2026-10-01T11:23:38.7969486Z [  98% ] [90m[1mupdate_scripts_classes[22m | [39m[0m
2026-10-01T11:23:38.7969652Z [  98% ] [90m[1mupdate_scripts_classes[22m | [39m[0m
2026-10-01T11:23:38.7969816Z [  98% ] [90m[1mupdate_scripts_classes[22m | [39m[0m
2026-10-01T11:23:38.7969977Z [  98% ] [90m[1mupdate_scripts_classes[22m | [39m[0m
2026-10-01T11:23:38.7970139Z [  98% ] [90m[1mupdate_scripts_classes[22m | [39m[0m
2026-10-01T11:23:38.7970303Z [  98% ] [90m[1mupdate_scripts_classes[22m | [39m[0m
2026-10-01T11:23:38.7970466Z [  98% ] [90m[1mupdate_scripts_classes[22m | [39m[0m
2026-10-01T11:23:38.7970626Z [  98% ] [90m[1mupdate_scripts_classes[22m | [39m[0m
2026-10-01T11:23:38.7970791Z [  98% ] [90m[1mupdate_scripts_classes[22m | [39m[0m
2026-10-01T11:23:38.7970953Z [  98% ] [90m[1mupdate_scripts_classes[22m | [39m[0m
2026-10-01T11:23:38.7971214Z [  98% ] [90m[1mupdate_scripts_classes[22m | [39m[0m
2026-10-01T11:23:38.7971651Z [  98% ] [90m[1mupdate_scripts_classes[22m | [39m[0m
2026-10-01T11:23:38.7971950Z [  98% ] [90m[1mupdate_scripts_classes[22m | [39m[0m
2026-10-01T11:23:38.7972124Z [  98% ] [90m[1mupdate_scripts_classes[22m | [39m[0m
2026-10-01T11:23:38.7972284Z [  98% ] [90m[1mupdate_scripts_classes[22m | [39m[0m
2026-10-01T11:23:38.7972448Z [  98% ] [90m[1mupdate_scripts_classes[22m | [39m[0m
2026-10-01T11:23:38.7972613Z [  98% ] [90m[1mupdate_scripts_classes[22m | [39m[0m
2026-10-01T11:23:38.7972773Z [  98% ] [90m[1mupdate_scripts_classes[22m | [39m[0m
2026-10-01T11:23:38.7972936Z [  98% ] [90m[1mupdate_scripts_classes[22m | [39m[0m
2026-10-01T11:23:38.7973100Z [  98% ] [90m[1mupdate_scripts_classes[22m | [39m[0m
2026-10-01T11:23:38.7973264Z [  98% ] [90m[1mupdate_scripts_classes[22m | [39m[0m
2026-10-01T11:23:38.7973423Z [  98% ] [90m[1mupdate_scripts_classes[22m | [39m[0m
2026-10-01T11:23:38.7973593Z [  98% ] [90m[1mupdate_scripts_classes[22m | [39m[0m
2026-10-01T11:23:38.7973759Z [  98% ] [90m[1mupdate_scripts_classes[22m | [39m[0m
2026-10-01T11:23:38.7973924Z [  98% ] [90m[1mupdate_scripts_classes[22m | [39m[0m
2026-10-01T11:23:38.7974091Z [  98% ] [90m[1mupdate_scripts_classes[22m | [39m[0m
2026-10-01T11:23:38.7974256Z [  99% ] [90m[1mupdate_scripts_classes[22m | [39m[0m
2026-10-01T11:23:38.7974424Z [  99% ] [90m[1mupdate_scripts_classes[22m | [39m[0m
2026-10-01T11:23:38.7974582Z [  99% ] [90m[1mupdate_scripts_classes[22m | [39m[0m
2026-10-01T11:23:38.7974744Z [  99% ] [90m[1mupdate_scripts_classes[22m | [39m[0m
2026-10-01T11:23:38.7974906Z [  99% ] [90m[1mupdate_scripts_classes[22m | [39m[0m
2026-10-01T11:23:38.7975065Z [  99% ] [90m[1mupdate_scripts_classes[22m | [39m[0m
2026-10-01T11:23:38.7975226Z [  99% ] [90m[1mupdate_scripts_classes[22m | [39m[0m
2026-10-01T11:23:38.7975389Z [  99% ] [90m[1mupdate_scripts_classes[22m | [39m[0m
2026-10-01T11:23:38.7975559Z [  99% ] [90m[1mupdate_scripts_classes[22m | [39m[0m
2026-10-01T11:23:38.7975718Z [  99% ] [90m[1mupdate_scripts_classes[22m | [39m[0m
2026-10-01T11:23:38.7975886Z [  99% ] [90m[1mupdate_scripts_classes[22m | [39m[0m
2026-10-01T11:23:38.7976051Z [  99% ] [90m[1mupdate_scripts_classes[22m | [39m[0m
2026-10-01T11:23:38.7976216Z [  99% ] [90m[1mupdate_scripts_classes[22m | [39m[0m
2026-10-01T11:23:38.7976379Z [  99% ] [90m[1mupdate_scripts_classes[22m | [39m[0m
2026-10-01T11:23:38.7976546Z [  99% ] [90m[1mupdate_scripts_classes[22m | [39m[0m
2026-10-01T11:23:38.7976708Z [  99% ] [90m[1mupdate_scripts_classes[22m | [39m[0m
2026-10-01T11:23:38.7976866Z [  99% ] [90m[1mupdate_scripts_classes[22m | [39m[0m
2026-10-01T11:23:38.7977029Z [  99% ] [90m[1mupdate_scripts_classes[22m | [39m[0m
2026-10-01T11:23:38.7977195Z [  99% ] [90m[1mupdate_scripts_classes[22m | [39m[0m
2026-10-01T11:23:38.7977358Z [  99% ] [90m[1mupdate_scripts_classes[22m | [39m[0m
2026-10-01T11:23:38.7977522Z [  99% ] [90m[1mupdate_scripts_classes[22m | [39m[0m
2026-10-01T11:23:38.7977686Z [  99% ] [90m[1mupdate_scripts_classes[22m | [39m[0m
2026-10-01T11:23:38.7977853Z [  99% ] [90m[1mupdate_scripts_classes[22m | [39m[0m
2026-10-01T11:23:38.7978011Z [  99% ] [90m[1mupdate_scripts_classes[22m | [39m[0m
2026-10-01T11:23:38.7978175Z [  99% ] [90m[1mupdate_scripts_classes[22m | [39m[0m
2026-10-01T11:23:38.7978339Z [  99% ] [90m[1mupdate_scripts_classes[22m | [39m[0m
2026-10-01T11:23:38.7978504Z [92m[ DONE ][39m [1mupdate_scripts_classes[22m
2026-10-01T11:23:38.7978604Z [0m
2026-10-01T11:23:38.7978921Z [   0% ] [90m[1m_update_scan_actions[22m | Started Scanning actions... (1379 steps)[39m[0m
2026-10-01T11:23:38.7979136Z [   0% ] [90m[1m_update_scan_actions[22m | autoshader.svg[39m[0m
2026-10-01T11:23:38.7979339Z [   0% ] [90m[1m_update_scan_actions[22m | color_paint.svg[39m[0m
2026-10-01T11:23:38.7979698Z [   0% ] [90m[1m_update_scan_actions[22m | height_add.svg[39m[0m
2026-10-01T11:23:38.7979911Z [   0% ] [90m[1m_update_scan_actions[22m | height_div.svg[39m[0m
2026-10-01T11:23:38.7980188Z [   0% ] [90m[1m_update_scan_actions[22m | height_flat.svg[39m[0m
2026-10-01T11:23:38.7980389Z [   0% ] [90m[1m_update_scan_actions[22m | height_mul.svg[39m[0m
2026-10-01T11:23:38.7980604Z [   0% ] [90m[1m_update_scan_actions[22m | height_slope.svg[39m[0m
2026-10-01T11:23:38.7980819Z [   0% ] [90m[1m_update_scan_actions[22m | height_smooth.svg[39m[0m
2026-10-01T11:23:38.7981013Z [   0% ] [90m[1m_update_scan_actions[22m | height_sub.svg[39m[0m
2026-10-01T11:23:38.7981206Z [   0% ] [90m[1m_update_scan_actions[22m | holes.svg[39m[0m
2026-10-01T11:23:38.7981538Z [   0% ] [90m[1m_update_scan_actions[22m | layers.svg[39m[0m
2026-10-01T11:23:38.7981737Z [   0% ] [90m[1m_update_scan_actions[22m | multimesh.svg[39m[0m
2026-10-01T11:23:38.7981937Z [   0% ] [90m[1m_update_scan_actions[22m | navigation.svg[39m[0m
2026-10-01T11:23:38.7982166Z [   0% ] [90m[1m_update_scan_actions[22m | picker_checked.svg[39m[0m
2026-10-01T11:23:38.7982372Z [   1% ] [90m[1m_update_scan_actions[22m | region_add.svg[39m[0m
2026-10-01T11:23:38.7982581Z [   1% ] [90m[1m_update_scan_actions[22m | region_remove.svg[39m[0m
2026-10-01T11:23:38.7982779Z [   1% ] [90m[1m_update_scan_actions[22m | terrain3d.svg[39m[0m
2026-10-01T11:23:38.7982992Z [   1% ] [90m[1m_update_scan_actions[22m | texture_paint.svg[39m[0m
2026-10-01T11:23:38.7983195Z [   1% ] [90m[1m_update_scan_actions[22m | texture_spray.svg[39m[0m
2026-10-01T11:23:38.7983395Z [   1% ] [90m[1m_update_scan_actions[22m | wetness.svg[39m[0m
2026-10-01T11:23:38.7983619Z [   1% ] [90m[1m_update_scan_actions[22m | ironwood_canopy.wav[39m[0m
2026-10-01T11:23:38.7983828Z [   1% ] [90m[1m_update_scan_actions[22m | meadow_birds.wav[39m[0m
2026-10-01T11:23:38.7984033Z [   1% ] [90m[1m_update_scan_actions[22m | night_insects.wav[39m[0m
2026-10-01T11:23:38.7984244Z [   1% ] [90m[1m_update_scan_actions[22m | quarry_stone.wav[39m[0m
2026-10-01T11:23:38.7984449Z [   1% ] [90m[1m_update_scan_actions[22m | river_water.wav[39m[0m
2026-10-01T11:23:38.7984673Z [   1% ] [90m[1m_update_scan_actions[22m | tether_drone.wav[39m[0m
2026-10-01T11:23:38.7984865Z [   1% ] [90m[1m_update_scan_actions[22m | wind_high.wav[39m[0m
2026-10-01T11:23:38.7985063Z [   1% ] [90m[1m_update_scan_actions[22m | wind_low.wav[39m[0m
2026-10-01T11:23:38.7985266Z [   2% ] [90m[1m_update_scan_actions[22m | chirp_alert.wav[39m[0m
2026-10-01T11:23:38.7985459Z [   2% ] [90m[1m_update_scan_actions[22m | chirp_idle.wav[39m[0m
2026-10-01T11:23:38.7985660Z [   2% ] [90m[1m_update_scan_actions[22m | growl_alert.wav[39m[0m
2026-10-01T11:23:38.7985856Z [   2% ] [90m[1m_update_scan_actions[22m | growl_idle.wav[39m[0m
2026-10-01T11:23:38.7986060Z [   2% ] [90m[1m_update_scan_actions[22m | rumble_alert.wav[39m[0m
2026-10-01T11:23:38.7986256Z [   2% ] [90m[1m_update_scan_actions[22m | rumble_idle.wav[39m[0m
2026-10-01T11:23:38.7986451Z [   2% ] [90m[1m_update_scan_actions[22m | trill_alert.wav[39m[0m
2026-10-01T11:23:38.7986654Z [   2% ] [90m[1m_update_scan_actions[22m | trill_idle.wav[39m[0m
2026-10-01T11:23:38.8004363Z [   2% ] [90m[1m_update_scan_actions[22m | music_combat.wav[39m[0m
2026-10-01T11:23:38.8043683Z [   2% ] [90m[1m_update_scan_actions[22m | music_exploration.wav[39m[0m
2026-10-01T11:23:38.8082962Z [   2% ] [90m[1m_update_scan_actions[22m | music_release.wav[39m[0m
2026-10-01T11:23:38.8121932Z [   2% ] [90m[1m_update_scan_actions[22m | music_village.wav[39m[0m
2026-10-01T11:23:38.8160510Z [   2% ] [90m[1m_update_scan_actions[22m | music_warden.wav[39m[0m
2026-10-01T11:23:38.8163769Z [   2% ] [90m[1m_update_scan_actions[22m | ability_cue_1.wav[39m[0m
2026-10-01T11:23:38.8166861Z [   3% ] [90m[1m_update_scan_actions[22m | ability_cue_2.wav[39m[0m
2026-10-01T11:23:38.8170149Z [   3% ] [90m[1m_update_scan_actions[22m | attack_miss_1.wav[39m[0m
2026-10-01T11:23:38.8173453Z [   3% ] [90m[1m_update_scan_actions[22m | attack_miss_2.wav[39m[0m
2026-10-01T11:23:38.8177302Z [   3% ] [90m[1m_update_scan_actions[22m | attack_miss_3.wav[39m[0m
2026-10-01T11:23:38.8182979Z [   3% ] [90m[1m_update_scan_actions[22m | bond_milestone.wav[39m[0m
2026-10-01T11:23:38.8186814Z [   3% ] [90m[1m_update_scan_actions[22m | build_place_thud_1.wav[39m[0m
2026-10-01T11:23:38.8190517Z [   3% ] [90m[1m_update_scan_actions[22m | build_place_thud_2.wav[39m[0m
2026-10-01T11:23:38.8194649Z [   3% ] [90m[1m_update_scan_actions[22m | catch_fail.wav[39m[0m
2026-10-01T11:23:38.8198462Z [   3% ] [90m[1m_update_scan_actions[22m | chop_wood_1.wav[39m[0m
2026-10-01T11:23:38.8202466Z [   3% ] [90m[1m_update_scan_actions[22m | chop_wood_2.wav[39m[0m
2026-10-01T11:23:38.8206338Z [   3% ] [90m[1m_update_scan_actions[22m | chop_wood_3.wav[39m[0m
2026-10-01T11:23:38.8210824Z [   3% ] [90m[1m_update_scan_actions[22m | combat_start.wav[39m[0m
2026-10-01T11:23:38.8215697Z [   3% ] [90m[1m_update_scan_actions[22m | combat_win.wav[39m[0m
2026-10-01T11:23:38.8219497Z [   3% ] [90m[1m_update_scan_actions[22m | craft_done.wav[39m[0m
2026-10-01T11:23:38.8223366Z [   4% ] [90m[1m_update_scan_actions[22m | damage_taken_1.wav[39m[0m
2026-10-01T11:23:38.8227017Z [   4% ] [90m[1m_update_scan_actions[22m | damage_taken_2.wav[39m[0m
2026-10-01T11:23:38.8230641Z [   4% ] [90m[1m_update_scan_actions[22m | damage_taken_3.wav[39m[0m
2026-10-01T11:23:38.8235984Z [   4% ] [90m[1m_update_scan_actions[22m | faint.wav[39m[0m
2026-10-01T11:23:38.8239627Z [   4% ] [90m[1m_update_scan_actions[22m | gather_plant_1.wav[39m[0m
2026-10-01T11:23:38.8243922Z [   4% ] [90m[1m_update_scan_actions[22m | gather_plant_2.wav[39m[0m
2026-10-01T11:23:38.8246839Z [   4% ] [90m[1m_update_scan_actions[22m | gather_plant_3.wav[39m[0m
2026-10-01T11:23:38.8249687Z [   4% ] [90m[1m_update_scan_actions[22m | impact_normal_1.wav[39m[0m
2026-10-01T11:23:38.8254651Z [   4% ] [90m[1m_update_scan_actions[22m | impact_normal_2.wav[39m[0m
2026-10-01T11:23:38.8257980Z [   4% ] [90m[1m_update_scan_actions[22m | impact_normal_3.wav[39m[0m
2026-10-01T11:23:38.8261653Z [   4% ] [90m[1m_update_scan_actions[22m | impact_super_1.wav[39m[0m
2026-10-01T11:23:38.8265395Z [   4% ] [90m[1m_update_scan_actions[22m | impact_super_2.wav[39m[0m
2026-10-01T11:23:38.8269426Z [   4% ] [90m[1m_update_scan_actions[22m | impact_super_3.wav[39m[0m
2026-10-01T11:23:38.8272999Z [   5% ] [90m[1m_update_scan_actions[22m | impact_weak_1.wav[39m[0m
2026-10-01T11:23:38.8276404Z [   5% ] [90m[1m_update_scan_actions[22m | impact_weak_2.wav[39m[0m
2026-10-01T11:23:38.8279846Z [   5% ] [90m[1m_update_scan_actions[22m | impact_weak_3.wav[39m[0m
2026-10-01T11:23:38.8285530Z [   5% ] [90m[1m_update_scan_actions[22m | level_up.wav[39m[0m
2026-10-01T11:23:38.8289495Z [   5% ] [90m[1m_update_scan_actions[22m | mine_stone_1.wav[39m[0m
2026-10-01T11:23:38.8296462Z [   5% ] [90m[1m_update_scan_actions[22m | mine_stone_2.wav[39m[0m
2026-10-01T11:23:38.8300403Z [   5% ] [90m[1m_update_scan_actions[22m | mine_stone_3.wav[39m[0m
2026-10-01T11:23:38.8303985Z [   5% ] [90m[1m_update_scan_actions[22m | orb_shake_1.wav[39m[0m
2026-10-01T11:23:38.8307355Z [   5% ] [90m[1m_update_scan_actions[22m | orb_shake_2.wav[39m[0m
2026-10-01T11:23:38.8311198Z [   5% ] [90m[1m_update_scan_actions[22m | orb_throw_1.wav[39m[0m
2026-10-01T11:23:38.8315135Z [   5% ] [90m[1m_update_scan_actions[22m | orb_throw_2.wav[39m[0m
2026-10-01T11:23:38.8318658Z [   5% ] [90m[1m_update_scan_actions[22m | pickup_item.wav[39m[0m
2026-10-01T11:23:38.8322041Z [   5% ] [90m[1m_update_scan_actions[22m | step_grass_1.wav[39m[0m
2026-10-01T11:23:38.8325481Z [   5% ] [90m[1m_update_scan_actions[22m | step_grass_2.wav[39m[0m
2026-10-01T11:23:38.8329046Z [   6% ] [90m[1m_update_scan_actions[22m | step_grass_3.wav[39m[0m
2026-10-01T11:23:38.8332615Z [   6% ] [90m[1m_update_scan_actions[22m | step_grass_4.wav[39m[0m
2026-10-01T11:23:38.8336424Z [   6% ] [90m[1m_update_scan_actions[22m | step_stone_1.wav[39m[0m
2026-10-01T11:23:38.8339509Z [   6% ] [90m[1m_update_scan_actions[22m | step_stone_2.wav[39m[0m
2026-10-01T11:23:38.8342951Z [   6% ] [90m[1m_update_scan_actions[22m | step_stone_3.wav[39m[0m
2026-10-01T11:23:38.8346237Z [   6% ] [90m[1m_update_scan_actions[22m | step_stone_4.wav[39m[0m
2026-10-01T11:23:38.8349775Z [   6% ] [90m[1m_update_scan_actions[22m | step_water_1.wav[39m[0m
2026-10-01T11:23:38.8353535Z [   6% ] [90m[1m_update_scan_actions[22m | step_water_2.wav[39m[0m
2026-10-01T11:23:38.8357067Z [   6% ] [90m[1m_update_scan_actions[22m | step_water_3.wav[39m[0m
2026-10-01T11:23:38.8360481Z [   6% ] [90m[1m_update_scan_actions[22m | step_wood_1.wav[39m[0m
2026-10-01T11:23:38.8364091Z [   6% ] [90m[1m_update_scan_actions[22m | step_wood_2.wav[39m[0m
2026-10-01T11:23:38.8367461Z [   6% ] [90m[1m_update_scan_actions[22m | step_wood_3.wav[39m[0m
2026-10-01T11:23:38.8371346Z [   6% ] [90m[1m_update_scan_actions[22m | Banner.obj[39m[0m
2026-10-01T11:23:38.8376374Z [   6% ] [90m[1m_update_scan_actions[22m | LargeSimpleTower.obj[39m[0m
2026-10-01T11:23:38.8381295Z [   7% ] [90m[1m_update_scan_actions[22m | LargeSquareTower.obj[39m[0m
2026-10-01T11:23:38.8387406Z [   7% ] [90m[1m_update_scan_actions[22m | LargeSquareTowerBricks.obj[39m[0m
2026-10-01T11:23:38.8392232Z [   7% ] [90m[1m_update_scan_actions[22m | LargeTower.obj[39m[0m
2026-10-01T11:23:38.8397606Z [   7% ] [90m[1m_update_scan_actions[22m | PointyTower.obj[39m[0m
2026-10-01T11:23:38.8402111Z [   7% ] [90m[1m_update_scan_actions[22m | Simpletower.obj[39m[0m
2026-10-01T11:23:38.8406464Z [   7% ] [90m[1m_update_scan_actions[22m | SimpleTowerBricks.obj[39m[0m
2026-10-01T11:23:38.8411075Z [   7% ] [90m[1m_update_scan_actions[22m | SmallSquareTower.obj[39m[0m
2026-10-01T11:23:38.8416689Z [   7% ] [90m[1m_update_scan_actions[22m | SmallSquareTowerBricks.obj[39m[0m
2026-10-01T11:23:38.8420719Z [   7% ] [90m[1m_update_scan_actions[22m | SmallTower.obj[39m[0m
2026-10-01T11:23:38.8424439Z [   7% ] [90m[1m_update_scan_actions[22m | TallWall.obj[39m[0m
2026-10-01T11:23:38.8428098Z [   7% ] [90m[1m_update_scan_actions[22m | TallWallBricks.obj[39m[0m
2026-10-01T11:23:38.8431874Z [   7% ] [90m[1m_update_scan_actions[22m | TallWallEntrance.obj[39m[0m
2026-10-01T11:23:38.8436655Z [   7% ] [90m[1m_update_scan_actions[22m | Tower.obj[39m[0m
2026-10-01T11:23:38.8439913Z [   7% ] [90m[1m_update_scan_actions[22m | Wall.obj[39m[0m
2026-10-01T11:23:38.8443785Z [   8% ] [90m[1m_update_scan_actions[22m | WallBricks.obj[39m[0m
2026-10-01T11:23:38.8447250Z [   8% ] [90m[1m_update_scan_actions[22m | WallEntrance.obj[39m[0m
2026-10-01T11:23:38.8450894Z [   8% ] [90m[1m_update_scan_actions[22m | WallEntranceBricks.obj[39m[0m
2026-10-01T11:23:38.8454979Z [   8% ] [90m[1m_update_scan_actions[22m | Watchtower.obj[39m[0m
2026-10-01T11:23:38.8458975Z [   8% ] [90m[1m_update_scan_actions[22m | WatchTowerWRoof.obj[39m[0m
2026-10-01T11:23:38.8461832Z [   8% ] [90m[1m_update_scan_actions[22m | Balcony_Cross_Corner.gltf[39m[0m
2026-10-01T11:23:38.8464787Z [   8% ] [90m[1m_update_scan_actions[22m | Balcony_Cross_Straight.gltf[39m[0m
2026-10-01T11:23:38.8468203Z [   8% ] [90m[1m_update_scan_actions[22m | Balcony_Simple_Corner.gltf[39m[0m
2026-10-01T11:23:38.8471217Z [   8% ] [90m[1m_update_scan_actions[22m | Balcony_Simple_Straight.gltf[39m[0m
2026-10-01T11:23:38.8474208Z [   8% ] [90m[1m_update_scan_actions[22m | Corner_ExteriorWide_Wood.gltf[39m[0m
2026-10-01T11:23:38.8478518Z [   8% ] [90m[1m_update_scan_actions[22m | Corner_Exterior_Brick.gltf[39m[0m
2026-10-01T11:23:38.8481209Z [   8% ] [90m[1m_update_scan_actions[22m | Corner_Exterior_Wood.gltf[39m[0m
2026-10-01T11:23:38.8484245Z [   8% ] [90m[1m_update_scan_actions[22m | DoorFrame_Flat_WoodDark.gltf[39m[0m
2026-10-01T11:23:38.8487011Z [   8% ] [90m[1m_update_scan_actions[22m | Door_1_Flat.gltf[39m[0m
2026-10-01T11:23:38.8492272Z [   9% ] [90m[1m_update_scan_actions[22m | Door_2_Flat.gltf[39m[0m
2026-10-01T11:23:38.8495419Z [   9% ] [90m[1m_update_scan_actions[22m | Door_8_Flat.gltf[39m[0m
2026-10-01T11:23:38.8498155Z [   9% ] [90m[1m_update_scan_actions[22m | Floor_UnevenBrick.gltf[39m[0m
2026-10-01T11:23:38.8500793Z [   9% ] [90m[1m_update_scan_actions[22m | Floor_WoodDark.gltf[39m[0m
2026-10-01T11:23:38.8504090Z [   9% ] [90m[1m_update_scan_actions[22m | Overhang_Plaster_Corner.gltf[39m[0m
2026-10-01T11:23:38.8507028Z [   9% ] [90m[1m_update_scan_actions[22m | Overhang_Plaster_Corner_Front.gltf[39m[0m
2026-10-01T11:23:38.8509775Z [   9% ] [90m[1m_update_scan_actions[22m | Overhang_Plaster_Long.gltf[39m[0m
2026-10-01T11:23:38.8512952Z [   9% ] [90m[1m_update_scan_actions[22m | Overhang_Plaster_Short.gltf[39m[0m
2026-10-01T11:23:38.8515768Z [   9% ] [90m[1m_update_scan_actions[22m | Overhang_RoofIncline_Plaster.gltf[39m[0m
2026-10-01T11:23:38.8518390Z [   9% ] [90m[1m_update_scan_actions[22m | Overhang_Roof_Plaster.gltf[39m[0m
2026-10-01T11:23:38.8521028Z [   9% ] [90m[1m_update_scan_actions[22m | Prop_Brick1.gltf[39m[0m
2026-10-01T11:23:38.8524018Z [   9% ] [90m[1m_update_scan_actions[22m | Prop_Brick2.gltf[39m[0m
2026-10-01T11:23:38.8526759Z [   9% ] [90m[1m_update_scan_actions[22m | Prop_Brick3.gltf[39m[0m
2026-10-01T11:23:38.8529485Z [  10% ] [90m[1m_update_scan_actions[22m | Prop_Brick4.gltf[39m[0m
2026-10-01T11:23:38.8532548Z [  10% ] [90m[1m_update_scan_actions[22m | Prop_Chimney2.gltf[39m[0m
2026-10-01T11:23:38.8535615Z [  10% ] [90m[1m_update_scan_actions[22m | Prop_Chimney.gltf[39m[0m
2026-10-01T11:23:38.8538365Z [  10% ] [90m[1m_update_scan_actions[22m | Prop_Crate.gltf[39m[0m
2026-10-01T11:23:38.8541238Z [  10% ] [90m[1m_update_scan_actions[22m | Prop_ExteriorBorder_Corner.gltf[39m[0m
2026-10-01T11:23:38.8544380Z [  10% ] [90m[1m_update_scan_actions[22m | Prop_ExteriorBorder_Straight1.gltf[39m[0m
2026-10-01T11:23:38.8547058Z [  10% ] [90m[1m_update_scan_actions[22m | Prop_ExteriorBorder_Straight2.gltf[39m[0m
2026-10-01T11:23:38.8551527Z [  10% ] [90m[1m_update_scan_actions[22m | Prop_MetalFence_Ornament.gltf[39m[0m
2026-10-01T11:23:38.8555653Z [  10% ] [90m[1m_update_scan_actions[22m | Prop_MetalFence_Simple.gltf[39m[0m
2026-10-01T11:23:38.8558198Z [  10% ] [90m[1m_update_scan_actions[22m | Prop_Support.gltf[39m[0m
2026-10-01T11:23:38.8560886Z [  10% ] [90m[1m_update_scan_actions[22m | Prop_Vine1.gltf[39m[0m
2026-10-01T11:23:38.8563820Z [  10% ] [90m[1m_update_scan_actions[22m | Prop_Vine2.gltf[39m[0m
2026-10-01T11:23:38.8566515Z [  10% ] [90m[1m_update_scan_actions[22m | Prop_Vine4.gltf[39m[0m
2026-10-01T11:23:38.8569212Z [  10% ] [90m[1m_update_scan_actions[22m | Prop_Vine5.gltf[39m[0m
2026-10-01T11:23:38.8571850Z [  11% ] [90m[1m_update_scan_actions[22m | Prop_Vine6.gltf[39m[0m
2026-10-01T11:23:38.8574669Z [  11% ] [90m[1m_update_scan_actions[22m | Prop_Vine9.gltf[39m[0m
2026-10-01T11:23:38.8578253Z [  11% ] [90m[1m_update_scan_actions[22m | Prop_Wagon.gltf[39m[0m
2026-10-01T11:23:38.8581105Z [  11% ] [90m[1m_update_scan_actions[22m | Prop_WoodenFence_Extension1.gltf[39m[0m
2026-10-01T11:23:38.8584190Z [  11% ] [90m[1m_update_scan_actions[22m | Prop_WoodenFence_Extension2.gltf[39m[0m
2026-10-01T11:23:38.8586806Z [  11% ] [90m[1m_update_scan_actions[22m | Prop_WoodenFence_Single.gltf[39m[0m
2026-10-01T11:23:38.8590052Z [  11% ] [90m[1m_update_scan_actions[22m | Roof_Dormer_RoundTile.gltf[39m[0m
2026-10-01T11:23:38.8593025Z [  11% ] [90m[1m_update_scan_actions[22m | Roof_FrontSupports.gltf[39m[0m
2026-10-01T11:23:38.8595815Z [  11% ] [90m[1m_update_scan_actions[22m | Roof_Front_Brick4.gltf[39m[0m
2026-10-01T11:23:38.8598712Z [  11% ] [90m[1m_update_scan_actions[22m | Roof_Front_Brick6.gltf[39m[0m
2026-10-01T11:23:38.8601575Z [  11% ] [90m[1m_update_scan_actions[22m | Roof_Front_Brick8.gltf[39m[0m
2026-10-01T11:23:38.8604673Z [  11% ] [90m[1m_update_scan_actions[22m | Roof_Log.gltf[39m[0m
2026-10-01T11:23:38.8608401Z [  11% ] [90m[1m_update_scan_actions[22m | Roof_RoundTiles_4x4.gltf[39m[0m
2026-10-01T11:23:38.8612658Z [  11% ] [90m[1m_update_scan_actions[22m | Roof_RoundTiles_4x6.gltf[39m[0m
2026-10-01T11:23:38.8617051Z [  12% ] [90m[1m_update_scan_actions[22m | Roof_RoundTiles_4x8.gltf[39m[0m
2026-10-01T11:23:38.8620992Z [  12% ] [90m[1m_update_scan_actions[22m | Roof_RoundTiles_6x4.gltf[39m[0m
2026-10-01T11:23:38.8625725Z [  12% ] [90m[1m_update_scan_actions[22m | Roof_RoundTiles_6x6.gltf[39m[0m
2026-10-01T11:23:38.8630486Z [  12% ] [90m[1m_update_scan_actions[22m | Roof_RoundTiles_6x8.gltf[39m[0m
2026-10-01T11:23:38.8635869Z [  12% ] [90m[1m_update_scan_actions[22m | Roof_RoundTiles_6x10.gltf[39m[0m
2026-10-01T11:23:38.8638927Z [  12% ] [90m[1m_update_scan_actions[22m | Roof_RoundTile_2x1.gltf[39m[0m
2026-10-01T11:23:38.8642062Z [  12% ] [90m[1m_update_scan_actions[22m | Roof_RoundTile_2x1_Long.gltf[39m[0m
2026-10-01T11:23:38.8645118Z [  12% ] [90m[1m_update_scan_actions[22m | Roof_Support2.gltf[39m[0m
2026-10-01T11:23:38.8647993Z [  12% ] [90m[1m_update_scan_actions[22m | Stairs_Exterior_Platform.gltf[39m[0m
2026-10-01T11:23:38.8650826Z [  12% ] [90m[1m_update_scan_actions[22m | Stairs_Exterior_Straight.gltf[39m[0m
2026-10-01T11:23:38.8734592Z [  12% ] [90m[1m_update_scan_actions[22m | T_Brick_BaseColor.png[39m[0m
2026-10-01T11:23:38.8853915Z [  12% ] [90m[1m_update_scan_actions[22m | T_Brick_Normal.png[39m[0m
2026-10-01T11:23:38.8907141Z [  12% ] [90m[1m_update_scan_actions[22m | T_Brick_Roughness.png[39m[0m
2026-10-01T11:23:38.8932906Z [  12% ] [90m[1m_update_scan_actions[22m | T_MetalOrnaments_BaseColor.png[39m[0m
2026-10-01T11:23:38.8940157Z [  13% ] [90m[1m_update_scan_actions[22m | T_MetalOrnaments_Roughness.png[39m[0m
2026-10-01T11:23:38.9039044Z [  13% ] [90m[1m_update_scan_actions[22m | T_Plaster_BaseColor.png[39m[0m
2026-10-01T11:23:38.9165201Z [  13% ] [90m[1m_update_scan_actions[22m | T_Plaster_Normal.png[39m[0m
2026-10-01T11:23:38.9248209Z [  13% ] [90m[1m_update_scan_actions[22m | T_Plaster_ORM.png[39m[0m
2026-10-01T11:23:38.9333406Z [  13% ] [90m[1m_update_scan_actions[22m | T_RedBrick_BaseColor.png[39m[0m
2026-10-01T11:23:38.9408067Z [  13% ] [90m[1m_update_scan_actions[22m | T_RockTrim_BaseColor.png[39m[0m
2026-10-01T11:23:38.9518378Z [  13% ] [90m[1m_update_scan_actions[22m | T_RockTrim_Normal.png[39m[0m
2026-10-01T11:23:38.9587812Z [  13% ] [90m[1m_update_scan_actions[22m | T_RockTrim_ORM.png[39m[0m
2026-10-01T11:23:38.9705169Z [  13% ] [90m[1m_update_scan_actions[22m | T_RoundTiles_BaseColor.png[39m[0m
2026-10-01T11:23:38.9812640Z [  13% ] [90m[1m_update_scan_actions[22m | T_RoundTiles_Normal.png[39m[0m
2026-10-01T11:23:38.9882276Z [  13% ] [90m[1m_update_scan_actions[22m | T_RoundTiles_Roughness.png[39m[0m
2026-10-01T11:23:38.9987435Z [  13% ] [90m[1m_update_scan_actions[22m | T_UnevenBrick_BaseColor.png[39m[0m
2026-10-01T11:23:39.0109228Z [  13% ] [90m[1m_update_scan_actions[22m | T_UnevenBrick_Normal.png[39m[0m
2026-10-01T11:23:39.0185505Z [  13% ] [90m[1m_update_scan_actions[22m | T_UnevenBrick_Roughness.png[39m[0m
2026-10-01T11:23:39.0196239Z [  14% ] [90m[1m_update_scan_actions[22m | T_VineLeaf_png.png[39m[0m
2026-10-01T11:23:39.0285977Z [  14% ] [90m[1m_update_scan_actions[22m | T_WoodTrim_BaseColor.png[39m[0m
2026-10-01T11:23:39.0402285Z [  14% ] [90m[1m_update_scan_actions[22m | T_WoodTrim_Normal.png[39m[0m
2026-10-01T11:23:39.0485497Z [  14% ] [90m[1m_update_scan_actions[22m | T_WoodTrim_Roughness.png[39m[0m
2026-10-01T11:23:39.0488737Z [  14% ] [90m[1m_update_scan_actions[22m | Wall_Arch.gltf[39m[0m
2026-10-01T11:23:39.0492215Z [  14% ] [90m[1m_update_scan_actions[22m | Wall_BottomCover.gltf[39m[0m
2026-10-01T11:23:39.0495783Z [  14% ] [90m[1m_update_scan_actions[22m | Wall_Plaster_Door_Flat.gltf[39m[0m
2026-10-01T11:23:39.0499357Z [  14% ] [90m[1m_update_scan_actions[22m | Wall_Plaster_Straight.gltf[39m[0m
2026-10-01T11:23:39.0502881Z [  14% ] [90m[1m_update_scan_actions[22m | Wall_Plaster_Straight_Base.gltf[39m[0m
2026-10-01T11:23:39.0506206Z [  14% ] [90m[1m_update_scan_actions[22m | Wall_Plaster_Straight_L.gltf[39m[0m
2026-10-01T11:23:39.0509509Z [  14% ] [90m[1m_update_scan_actions[22m | Wall_Plaster_Straight_R.gltf[39m[0m
2026-10-01T11:23:39.0513161Z [  14% ] [90m[1m_update_scan_actions[22m | Wall_Plaster_Window_Thin_Round.gltf[39m[0m
2026-10-01T11:23:39.0516480Z [  14% ] [90m[1m_update_scan_actions[22m | Wall_Plaster_Window_Wide_Flat2.gltf[39m[0m
2026-10-01T11:23:39.0519961Z [  15% ] [90m[1m_update_scan_actions[22m | Wall_Plaster_Window_Wide_Flat.gltf[39m[0m
2026-10-01T11:23:39.0523447Z [  15% ] [90m[1m_update_scan_actions[22m | Wall_Plaster_WoodGrid.gltf[39m[0m
2026-10-01T11:23:39.0526790Z [  15% ] [90m[1m_update_scan_actions[22m | Wall_UnevenBrick_Door_Flat.gltf[39m[0m
2026-10-01T11:23:39.0530031Z [  15% ] [90m[1m_update_scan_actions[22m | Wall_UnevenBrick_Straight.gltf[39m[0m
2026-10-01T11:23:39.0533656Z [  15% ] [90m[1m_update_scan_actions[22m | Wall_UnevenBrick_Window_Wide_Flat.gltf[39m[0m
2026-10-01T11:23:39.0536864Z [  15% ] [90m[1m_update_scan_actions[22m | WindowShutters_Thin_Flat_Open.gltf[39m[0m
2026-10-01T11:23:39.0540098Z [  15% ] [90m[1m_update_scan_actions[22m | WindowShutters_Wide_Flat_Open.gltf[39m[0m
2026-10-01T11:23:39.0543453Z [  15% ] [90m[1m_update_scan_actions[22m | Window_Thin_Flat1.gltf[39m[0m
2026-10-01T11:23:39.0546618Z [  15% ] [90m[1m_update_scan_actions[22m | Window_Wide_Flat1.gltf[39m[0m
2026-10-01T11:23:39.0723026Z [  15% ] [90m[1m_update_scan_actions[22m | alpha_tracker_lod0.glb[39m[0m
2026-10-01T11:23:39.0870889Z [  15% ] [90m[1m_update_scan_actions[22m | alpha_tracker_lod0_texture_0.png[39m[0m
2026-10-01T11:23:39.1031366Z [  15% ] [90m[1m_update_scan_actions[22m | captain_a_lod0.glb[39m[0m
2026-10-01T11:23:39.1147373Z [  15% ] [90m[1m_update_scan_actions[22m | captain_a_lod0_texture_0.png[39m[0m
2026-10-01T11:23:39.1306845Z [  15% ] [90m[1m_update_scan_actions[22m | captain_b_lod0.glb[39m[0m
2026-10-01T11:23:39.1425149Z [  16% ] [90m[1m_update_scan_actions[22m | captain_b_lod0_texture_0.png[39m[0m
2026-10-01T11:23:39.1601939Z [  16% ] [90m[1m_update_scan_actions[22m | courier_lod0.glb[39m[0m
2026-10-01T11:23:39.1750591Z [  16% ] [90m[1m_update_scan_actions[22m | courier_lod0_texture_0.png[39m[0m
2026-10-01T11:23:39.1874717Z [  16% ] [90m[1m_update_scan_actions[22m | craftsperson_cloth_clean.png[39m[0m
2026-10-01T11:23:39.2054422Z [  16% ] [90m[1m_update_scan_actions[22m | craftsperson_lod0.glb[39m[0m
2026-10-01T11:23:39.2203308Z [  16% ] [90m[1m_update_scan_actions[22m | craftsperson_lod0_texture_0.png[39m[0m
2026-10-01T11:23:39.2367211Z [  16% ] [90m[1m_update_scan_actions[22m | creature_caretaker_lod0.glb[39m[0m
2026-10-01T11:23:39.2506121Z [  16% ] [90m[1m_update_scan_actions[22m | creature_caretaker_lod0_texture_0.png[39m[0m
2026-10-01T11:23:39.2663548Z [  16% ] [90m[1m_update_scan_actions[22m | farmer_lod0.glb[39m[0m
2026-10-01T11:23:39.2801655Z [  16% ] [90m[1m_update_scan_actions[22m | farmer_lod0_texture_0.png[39m[0m
2026-10-01T11:23:39.2974163Z [  16% ] [90m[1m_update_scan_actions[22m | field_researcher_lod0.glb[39m[0m
2026-10-01T11:23:39.3120237Z [  16% ] [90m[1m_update_scan_actions[22m | field_researcher_lod0_texture_0.png[39m[0m
2026-10-01T11:23:39.3274733Z [  16% ] [90m[1m_update_scan_actions[22m | former_tether_member_lod0.glb[39m[0m
2026-10-01T11:23:39.3405723Z [  16% ] [90m[1m_update_scan_actions[22m | former_tether_member_lod0_texture_0.png[39m[0m
2026-10-01T11:23:39.3594177Z [  17% ] [90m[1m_update_scan_actions[22m | grandpa_lod0.glb[39m[0m
2026-10-01T11:23:39.3794125Z [  17% ] [90m[1m_update_scan_actions[22m | grandpa_lod0_texture_0.png[39m[0m
2026-10-01T11:23:39.3948668Z [  17% ] [90m[1m_update_scan_actions[22m | grunt_lod0.glb[39m[0m
2026-10-01T11:23:39.4105340Z [  17% ] [90m[1m_update_scan_actions[22m | grunt_lod0_texture_0.png[39m[0m
2026-10-01T11:23:39.4251362Z [  17% ] [90m[1m_update_scan_actions[22m | grunt_a_lod0.glb[39m[0m
2026-10-01T11:23:39.4361076Z [  17% ] [90m[1m_update_scan_actions[22m | grunt_a_lod0_texture_0.png[39m[0m
2026-10-01T11:23:39.4515692Z [  17% ] [90m[1m_update_scan_actions[22m | grunt_b_lod0.glb[39m[0m
2026-10-01T11:23:39.4626642Z [  17% ] [90m[1m_update_scan_actions[22m | grunt_b_lod0_texture_0.png[39m[0m
2026-10-01T11:23:39.4778245Z [  17% ] [90m[1m_update_scan_actions[22m | grunt_c_lod0.glb[39m[0m
2026-10-01T11:23:39.4894451Z [  17% ] [90m[1m_update_scan_actions[22m | grunt_c_lod0_texture_0.png[39m[0m
2026-10-01T11:23:39.5060906Z [  17% ] [90m[1m_update_scan_actions[22m | innkeeper_lod0.glb[39m[0m
2026-10-01T11:23:39.5204255Z [  17% ] [90m[1m_update_scan_actions[22m | innkeeper_lod0_texture_0.png[39m[0m
2026-10-01T11:23:39.5363201Z [  17% ] [90m[1m_update_scan_actions[22m | inn_helper_lod0.glb[39m[0m
2026-10-01T11:23:39.5498027Z [  17% ] [90m[1m_update_scan_actions[22m | inn_helper_lod0_texture_0.png[39m[0m
2026-10-01T11:23:39.5705068Z [  18% ] [90m[1m_update_scan_actions[22m | kael_lod0.glb[39m[0m
2026-10-01T11:23:39.5863445Z [  18% ] [90m[1m_update_scan_actions[22m | kael_lod0_texture_0.png[39m[0m
2026-10-01T11:23:39.6025969Z [  18% ] [90m[1m_update_scan_actions[22m | local_historian_lod0.glb[39m[0m
2026-10-01T11:23:39.6161693Z [  18% ] [90m[1m_update_scan_actions[22m | local_historian_lod0_texture_0.png[39m[0m
2026-10-01T11:23:39.6317299Z [  18% ] [90m[1m_update_scan_actions[22m | lost_traveler_lod0.glb[39m[0m
2026-10-01T11:23:39.6449466Z [  18% ] [90m[1m_update_scan_actions[22m | lost_traveler_lod0_texture_0.png[39m[0m
2026-10-01T11:23:39.6668176Z [  18% ] [90m[1m_update_scan_actions[22m | lyra_lod0.glb[39m[0m
2026-10-01T11:23:39.6833612Z [  18% ] [90m[1m_update_scan_actions[22m | lyra_lod0_texture_0.png[39m[0m
2026-10-01T11:23:39.6989508Z [  18% ] [90m[1m_update_scan_actions[22m | officer_a_lod0.glb[39m[0m
2026-10-01T11:23:39.7103640Z [  18% ] [90m[1m_update_scan_actions[22m | officer_a_lod0_texture_0.png[39m[0m
2026-10-01T11:23:39.7256357Z [  18% ] [90m[1m_update_scan_actions[22m | officer_b_lod0.glb[39m[0m
2026-10-01T11:23:39.7364972Z [  18% ] [90m[1m_update_scan_actions[22m | officer_b_lod0_texture_0.png[39m[0m
2026-10-01T11:23:39.7537856Z [  18% ] [90m[1m_update_scan_actions[22m | rival_trainer_lod0.glb[39m[0m
2026-10-01T11:23:39.7685277Z [  18% ] [90m[1m_update_scan_actions[22m | rival_trainer_lod0_texture_0.png[39m[0m
2026-10-01T11:23:39.7887052Z [  19% ] [90m[1m_update_scan_actions[22m | sera_lod0.glb[39m[0m
2026-10-01T11:23:39.8041279Z [  19% ] [90m[1m_update_scan_actions[22m | sera_lod0_texture_0.png[39m[0m
2026-10-01T11:23:39.8202777Z [  19% ] [90m[1m_update_scan_actions[22m | trader_lod0.glb[39m[0m
2026-10-01T11:23:39.8335400Z [  19% ] [90m[1m_update_scan_actions[22m | trader_lod0_texture_0.png[39m[0m
2026-10-01T11:23:39.8523328Z [  19% ] [90m[1m_update_scan_actions[22m | trainer_lod0.glb[39m[0m
2026-10-01T11:23:39.8721997Z [  19% ] [90m[1m_update_scan_actions[22m | trainer_lod0_texture_0.png[39m[0m
2026-10-01T11:23:39.8898390Z [  19% ] [90m[1m_update_scan_actions[22m | trainer_teal_accent.png[39m[0m
2026-10-01T11:23:39.9070540Z [  19% ] [90m[1m_update_scan_actions[22m | villager_female_lod0.glb[39m[0m
2026-10-01T11:23:39.9117656Z [  19% ] [90m[1m_update_scan_actions[22m | villager_female_lod0_hair_mask.png[39m[0m
2026-10-01T11:23:39.9177127Z [  19% ] [90m[1m_update_scan_actions[22m | villager_female_lod0_shins_tex.png[39m[0m
2026-10-01T11:23:39.9352733Z [  19% ] [90m[1m_update_scan_actions[22m | villager_female_lod0_texture_0.png[39m[0m
2026-10-01T11:23:39.9544947Z [  19% ] [90m[1m_update_scan_actions[22m | villager_male_lod0.glb[39m[0m
2026-10-01T11:23:39.9589608Z [  19% ] [90m[1m_update_scan_actions[22m | villager_male_lod0_hair_mask.png[39m[0m
2026-10-01T11:23:39.9765543Z [  20% ] [90m[1m_update_scan_actions[22m | villager_male_lod0_texture_0.png[39m[0m
2026-10-01T11:23:39.9845110Z [  20% ] [90m[1m_update_scan_actions[22m | villager_male_lod0_trousers_tex.png[39m[0m
2026-10-01T11:23:40.0017299Z [  20% ] [90m[1m_update_scan_actions[22m | wandering_trainer_lod0.glb[39m[0m
2026-10-01T11:23:40.0201514Z [  20% ] [90m[1m_update_scan_actions[22m | wandering_trainer_lod0_texture_0.png[39m[0m
2026-10-01T11:23:40.0380051Z [  20% ] [90m[1m_update_scan_actions[22m | warden_lod0.glb[39m[0m
2026-10-01T11:23:40.0563880Z [  20% ] [90m[1m_update_scan_actions[22m | warden_lod0_texture_0.png[39m[0m
2026-10-01T11:23:40.0736180Z [  20% ] [90m[1m_update_scan_actions[22m | young_trainer_lod0.glb[39m[0m
2026-10-01T11:23:40.0882488Z [  20% ] [90m[1m_update_scan_actions[22m | young_trainer_lod0_texture_0.png[39m[0m
2026-10-01T11:23:40.0898140Z [  20% ] [90m[1m_update_scan_actions[22m | Ranger.glb[39m[0m
2026-10-01T11:23:40.0913889Z [  20% ] [90m[1m_update_scan_actions[22m | Ranger_ranger_texture.png[39m[0m
2026-10-01T11:23:40.0937411Z [  20% ] [90m[1m_update_scan_actions[22m | Rig_Medium_General.glb[39m[0m
2026-10-01T11:23:40.0957482Z [  20% ] [90m[1m_update_scan_actions[22m | Rig_Medium_MovementBasic.glb[39m[0m
2026-10-01T11:23:40.1015761Z [  20% ] [90m[1m_update_scan_actions[22m | bruno-the-bear.glb[39m[0m
2026-10-01T11:23:40.1048057Z [  20% ] [90m[1m_update_scan_actions[22m | bruno-the-bear_0.png[39m[0m
2026-10-01T11:23:40.1059527Z [  21% ] [90m[1m_update_scan_actions[22m | bruno-the-bear_1.png[39m[0m
2026-10-01T11:23:40.1064790Z [  21% ] [90m[1m_update_scan_actions[22m | bruno-the-bear_2.png[39m[0m
2026-10-01T11:23:40.1069035Z [  21% ] [90m[1m_update_scan_actions[22m | bruno-the-bear_3.png[39m[0m
2026-10-01T11:23:40.1074160Z [  21% ] [90m[1m_update_scan_actions[22m | bruno-the-bear_4.png[39m[0m
2026-10-01T11:23:40.1130000Z [  21% ] [90m[1m_update_scan_actions[22m | ernie-the-duck.glb[39m[0m
2026-10-01T11:23:40.1164339Z [  21% ] [90m[1m_update_scan_actions[22m | ernie-the-duck_0.png[39m[0m
2026-10-01T11:23:40.1175556Z [  21% ] [90m[1m_update_scan_actions[22m | ernie-the-duck_1.png[39m[0m
2026-10-01T11:23:40.1180507Z [  21% ] [90m[1m_update_scan_actions[22m | ernie-the-duck_2.png[39m[0m
2026-10-01T11:23:40.1185927Z [  21% ] [90m[1m_update_scan_actions[22m | ernie-the-duck_3.png[39m[0m
2026-10-01T11:23:40.1191420Z [  21% ] [90m[1m_update_scan_actions[22m | ernie-the-duck_4.png[39m[0m
2026-10-01T11:23:40.1250698Z [  21% ] [90m[1m_update_scan_actions[22m | ollie-the-songbird.glb[39m[0m
2026-10-01T11:23:40.1287545Z [  21% ] [90m[1m_update_scan_actions[22m | ollie-the-songbird_0.png[39m[0m
2026-10-01T11:23:40.1299506Z [  21% ] [90m[1m_update_scan_actions[22m | ollie-the-songbird_1.png[39m[0m
2026-10-01T11:23:40.1304958Z [  21% ] [90m[1m_update_scan_actions[22m | ollie-the-songbird_2.png[39m[0m
2026-10-01T11:23:40.1314207Z [  22% ] [90m[1m_update_scan_actions[22m | ollie-the-songbird_3.png[39m[0m
2026-10-01T11:23:40.1315848Z [  22% ] [90m[1m_update_scan_actions[22m | ollie-the-songbird_4.png[39m[0m
2026-10-01T11:23:40.1548572Z [  22% ] [90m[1m_update_scan_actions[22m | abyssal_guardian_extracted_base_color.png[39m[0m
2026-10-01T11:23:40.1587082Z [  22% ] [90m[1m_update_scan_actions[22m | abyssal_guardian_extracted_base_color_vivid.png[39m[0m
2026-10-01T11:23:40.1785872Z [  22% ] [90m[1m_update_scan_actions[22m | creature_abyssal_guardian_lod0.glb[39m[0m
2026-10-01T11:23:40.1913697Z [  22% ] [90m[1m_update_scan_actions[22m | creature_abyssal_guardian_lod0_Image_0.jpg[39m[0m
2026-10-01T11:23:40.1996246Z [  22% ] [90m[1m_update_scan_actions[22m | creature_abyssal_guardian_lod0_Image_1.jpg[39m[0m
2026-10-01T11:23:40.2100570Z [  22% ] [90m[1m_update_scan_actions[22m | creature_abyssal_guardian_lod0_Image_2.jpg[39m[0m
2026-10-01T11:23:40.2134767Z [  22% ] [90m[1m_update_scan_actions[22m | aeriex_extracted_base_color_vivid.png[39m[0m
2026-10-01T11:23:40.2280598Z [  22% ] [90m[1m_update_scan_actions[22m | creature_aeriex_lod0.glb[39m[0m
2026-10-01T11:23:40.2377136Z [  22% ] [90m[1m_update_scan_actions[22m | creature_aeriex_lod0_Image_0.jpg[39m[0m
2026-10-01T11:23:40.2417195Z [  22% ] [90m[1m_update_scan_actions[22m | aquaryn_extracted_base_color_shiny.png[39m[0m
2026-10-01T11:23:40.2454573Z [  22% ] [90m[1m_update_scan_actions[22m | aquaryn_extracted_base_color_vivid.png[39m[0m
2026-10-01T11:23:40.2598200Z [  22% ] [90m[1m_update_scan_actions[22m | creature_aquaryn_lod0.glb[39m[0m
2026-10-01T11:23:40.2702228Z [  23% ] [90m[1m_update_scan_actions[22m | creature_aquaryn_lod0_Image_0.jpg[39m[0m
2026-10-01T11:23:40.2704073Z [  23% ] [90m[1m_update_scan_actions[22m | bramblebun_extracted_base_color.png[39m[0m
2026-10-01T11:23:40.2742945Z [  23% ] [90m[1m_update_scan_actions[22m | bramblebun_extracted_base_color_shiny.png[39m[0m
2026-10-01T11:23:40.2782587Z [  23% ] [90m[1m_update_scan_actions[22m | bramblebun_extracted_base_color_vivid.png[39m[0m
2026-10-01T11:23:40.2784126Z [  23% ] [90m[1m_update_scan_actions[22m | bramblebun_extracted_emissive.png[39m[0m
2026-10-01T11:23:40.2801135Z [  23% ] [90m[1m_update_scan_actions[22m | bramblebun_extracted_emissive_shiny.png[39m[0m
2026-10-01T11:23:40.2817436Z [  23% ] [90m[1m_update_scan_actions[22m | bramblebun_extracted_emissive_vivid.png[39m[0m
2026-10-01T11:23:40.2979316Z [  23% ] [90m[1m_update_scan_actions[22m | creature_bramblebun_lod0.glb[39m[0m
2026-10-01T11:23:40.3107544Z [  23% ] [90m[1m_update_scan_actions[22m | creature_bramblebun_lod0_base_color.jpg[39m[0m
2026-10-01T11:23:40.3162647Z [  23% ] [90m[1m_update_scan_actions[22m | creature_bramblebun_lod0_emissive.jpg[39m[0m
2026-10-01T11:23:40.3237752Z [  23% ] [90m[1m_update_scan_actions[22m | creature_bramblebun_lod0_metallic_roughness.jpg[39m[0m
2026-10-01T11:23:40.3377582Z [  23% ] [90m[1m_update_scan_actions[22m | creature_bramblebun_lod0_normal.jpg[39m[0m
2026-10-01T11:23:40.3575480Z [  23% ] [90m[1m_update_scan_actions[22m | bramblebun_redesign_extracted_base_color.png[39m[0m
2026-10-01T11:23:40.3608541Z [  23% ] [90m[1m_update_scan_actions[22m | bramblebun_redesign_extracted_base_color_vivid.png[39m[0m
2026-10-01T11:23:40.3816433Z [  24% ] [90m[1m_update_scan_actions[22m | creature_bramblebun_redesign_lod0.glb[39m[0m
2026-10-01T11:23:40.3930508Z [  24% ] [90m[1m_update_scan_actions[22m | creature_bramblebun_redesign_lod0_base_color.jpg[39m[0m
2026-10-01T11:23:40.4011149Z [  24% ] [90m[1m_update_scan_actions[22m | creature_bramblebun_redesign_lod0_metallic_roughness.jpg[39m[0m
2026-10-01T11:23:40.4106451Z [  24% ] [90m[1m_update_scan_actions[22m | creature_bramblebun_redesign_lod0_normal.jpg[39m[0m
2026-10-01T11:23:40.4149466Z [  24% ] [90m[1m_update_scan_actions[22m | breezetail_extracted_base_color_shiny.png[39m[0m
2026-10-01T11:23:40.4188619Z [  24% ] [90m[1m_update_scan_actions[22m | breezetail_extracted_base_color_vivid.png[39m[0m
2026-10-01T11:23:40.4308454Z [  24% ] [90m[1m_update_scan_actions[22m | creature_breezetail_lod0.glb[39m[0m
2026-10-01T11:23:40.4405336Z [  24% ] [90m[1m_update_scan_actions[22m | creature_breezetail_lod0_Image_0.jpg[39m[0m
2026-10-01T11:23:40.4623231Z [  24% ] [90m[1m_update_scan_actions[22m | creature_brooktail_lod0.glb[39m[0m
2026-10-01T11:23:40.4785647Z [  24% ] [90m[1m_update_scan_actions[22m | creature_brooktail_lod0_base_color.png[39m[0m
2026-10-01T11:23:40.4823038Z [  24% ] [90m[1m_update_scan_actions[22m | creature_brooktail_lod0_base_color_shiny.png[39m[0m
2026-10-01T11:23:40.4858863Z [  24% ] [90m[1m_update_scan_actions[22m | creature_brooktail_lod0_base_color_vivid.png[39m[0m
2026-10-01T11:23:40.4861867Z [  24% ] [90m[1m_update_scan_actions[22m | creature_brooktail_lod0_emissive.png[39m[0m
2026-10-01T11:23:40.4865981Z [  25% ] [90m[1m_update_scan_actions[22m | creature_brooktail_lod0_emissive_shiny.png[39m[0m
2026-10-01T11:23:40.4868519Z [  25% ] [90m[1m_update_scan_actions[22m | creature_brooktail_lod0_emissive_vivid.png[39m[0m
2026-10-01T11:23:40.4956261Z [  25% ] [90m[1m_update_scan_actions[22m | creature_brooktail_lod0_metallic_roughness.png[39m[0m
2026-10-01T11:23:40.5046399Z [  25% ] [90m[1m_update_scan_actions[22m | creature_brooktail_lod0_normal.jpg[39m[0m
2026-10-01T11:23:40.5265227Z [  25% ] [90m[1m_update_scan_actions[22m | creature_burrowback_lod0.glb[39m[0m
2026-10-01T11:23:40.5406360Z [  25% ] [90m[1m_update_scan_actions[22m | creature_burrowback_lod0_base_color.png[39m[0m
2026-10-01T11:23:40.5439740Z [  25% ] [90m[1m_update_scan_actions[22m | creature_burrowback_lod0_base_color_alpha.png[39m[0m
2026-10-01T11:23:40.5473788Z [  25% ] [90m[1m_update_scan_actions[22m | creature_burrowback_lod0_base_color_nightburrow.png[39m[0m
2026-10-01T11:23:40.5504550Z [  25% ] [90m[1m_update_scan_actions[22m | creature_burrowback_lod0_base_color_shiny.png[39m[0m
2026-10-01T11:23:40.5538437Z [  25% ] [90m[1m_update_scan_actions[22m | creature_burrowback_lod0_base_color_vivid.png[39m[0m
2026-10-01T11:23:40.5541377Z [  25% ] [90m[1m_update_scan_actions[22m | creature_burrowback_lod0_emissive.png[39m[0m
2026-10-01T11:23:40.5544691Z [  25% ] [90m[1m_update_scan_actions[22m | creature_burrowback_lod0_emissive_alpha.png[39m[0m
2026-10-01T11:23:40.5560372Z [  25% ] [90m[1m_update_scan_actions[22m | creature_burrowback_lod0_emissive_nightburrow.png[39m[0m
2026-10-01T11:23:40.5563734Z [  25% ] [90m[1m_update_scan_actions[22m | creature_burrowback_lod0_emissive_shiny.png[39m[0m
2026-10-01T11:23:40.5566805Z [  26% ] [90m[1m_update_scan_actions[22m | creature_burrowback_lod0_emissive_vivid.png[39m[0m
2026-10-01T11:23:40.5658761Z [  26% ] [90m[1m_update_scan_actions[22m | creature_burrowback_lod0_metallic_roughness.png[39m[0m
2026-10-01T11:23:40.5747389Z [  26% ] [90m[1m_update_scan_actions[22m | creature_burrowback_lod0_normal.jpg[39m[0m
2026-10-01T11:23:40.5790821Z [  26% ] [90m[1m_update_scan_actions[22m | cannonback_extracted_base_color_shiny.png[39m[0m
2026-10-01T11:23:40.5831723Z [  26% ] [90m[1m_update_scan_actions[22m | cannonback_extracted_base_color_vivid.png[39m[0m
2026-10-01T11:23:40.5965240Z [  26% ] [90m[1m_update_scan_actions[22m | creature_cannonback_lod0.glb[39m[0m
2026-10-01T11:23:40.6068616Z [  26% ] [90m[1m_update_scan_actions[22m | creature_cannonback_lod0_Image_0.jpg[39m[0m
2026-10-01T11:23:40.6232829Z [  26% ] [90m[1m_update_scan_actions[22m | creature_cindercub_lod0.glb[39m[0m
2026-10-01T11:23:40.6332638Z [  26% ] [90m[1m_update_scan_actions[22m | creature_cindercub_lod0_base_color.jpg[39m[0m
2026-10-01T11:23:40.6405278Z [  26% ] [90m[1m_update_scan_actions[22m | creature_cindercub_lod0_metallic_roughness.jpg[39m[0m
2026-10-01T11:23:40.6487525Z [  26% ] [90m[1m_update_scan_actions[22m | creature_cindercub_lod0_normal.jpg[39m[0m
2026-10-01T11:23:40.6538755Z [  26% ] [90m[1m_update_scan_actions[22m | cliffspike_extracted_base_color_shiny.png[39m[0m
2026-10-01T11:23:40.6585177Z [  26% ] [90m[1m_update_scan_actions[22m | cliffspike_extracted_base_color_vivid.png[39m[0m
2026-10-01T11:23:40.6757170Z [  26% ] [90m[1m_update_scan_actions[22m | creature_cliffspike_lod0.glb[39m[0m
2026-10-01T11:23:40.6872826Z [  27% ] [90m[1m_update_scan_actions[22m | creature_cliffspike_lod0_Image_0.jpg[39m[0m
2026-10-01T11:23:40.6903704Z [  27% ] [90m[1m_update_scan_actions[22m | cloudfang_extracted_base_color_shiny.png[39m[0m
2026-10-01T11:23:40.6936908Z [  27% ] [90m[1m_update_scan_actions[22m | cloudfang_extracted_base_color_vivid.png[39m[0m
2026-10-01T11:23:40.7074371Z [  27% ] [90m[1m_update_scan_actions[22m | creature_cloudfang_lod0.glb[39m[0m
2026-10-01T11:23:40.7167983Z [  27% ] [90m[1m_update_scan_actions[22m | creature_cloudfang_lod0_Image_0.jpg[39m[0m
2026-10-01T11:23:40.7170045Z [  27% ] [90m[1m_update_scan_actions[22m | cragclaw_extracted_base_color.png[39m[0m
2026-10-01T11:23:40.7207618Z [  27% ] [90m[1m_update_scan_actions[22m | cragclaw_extracted_base_color_vivid.png[39m[0m
2026-10-01T11:23:40.7340611Z [  27% ] [90m[1m_update_scan_actions[22m | creature_cragclaw_lod0.glb[39m[0m
2026-10-01T11:23:40.7442354Z [  27% ] [90m[1m_update_scan_actions[22m | creature_cragclaw_lod0_Image_0.jpg[39m[0m
2026-10-01T11:23:40.7477469Z [  27% ] [90m[1m_update_scan_actions[22m | craghorn_extracted_base_color_vivid.png[39m[0m
2026-10-01T11:23:40.7593270Z [  27% ] [90m[1m_update_scan_actions[22m | creature_craghorn_lod0.glb[39m[0m
2026-10-01T11:23:40.7683768Z [  27% ] [90m[1m_update_scan_actions[22m | creature_craghorn_lod0_Image_0.jpg[39m[0m
2026-10-01T11:23:40.7926225Z [  27% ] [90m[1m_update_scan_actions[22m | creature_duskhush_lod0.glb[39m[0m
2026-10-01T11:23:40.8097769Z [  27% ] [90m[1m_update_scan_actions[22m | creature_duskhush_lod0_base_color.png[39m[0m
2026-10-01T11:23:40.8140557Z [  28% ] [90m[1m_update_scan_actions[22m | creature_duskhush_lod0_base_color_shiny.png[39m[0m
2026-10-01T11:23:40.8179664Z [  28% ] [90m[1m_update_scan_actions[22m | creature_duskhush_lod0_base_color_vivid.png[39m[0m
2026-10-01T11:23:40.8182586Z [  28% ] [90m[1m_update_scan_actions[22m | creature_duskhush_lod0_emissive.png[39m[0m
2026-10-01T11:23:40.8186488Z [  28% ] [90m[1m_update_scan_actions[22m | creature_duskhush_lod0_emissive_shiny.png[39m[0m
2026-10-01T11:23:40.8189041Z [  28% ] [90m[1m_update_scan_actions[22m | creature_duskhush_lod0_emissive_vivid.png[39m[0m
2026-10-01T11:23:40.8284926Z [  28% ] [90m[1m_update_scan_actions[22m | creature_duskhush_lod0_metallic_roughness.png[39m[0m
2026-10-01T11:23:40.8378991Z [  28% ] [90m[1m_update_scan_actions[22m | creature_duskhush_lod0_normal.jpg[39m[0m
2026-10-01T11:23:40.8565015Z [  28% ] [90m[1m_update_scan_actions[22m | creature_frostclaw_lod0.glb[39m[0m
2026-10-01T11:23:40.8674619Z [  28% ] [90m[1m_update_scan_actions[22m | creature_frostclaw_lod0_base_color.jpg[39m[0m
2026-10-01T11:23:40.8747728Z [  28% ] [90m[1m_update_scan_actions[22m | creature_frostclaw_lod0_metallic_roughness.jpg[39m[0m
2026-10-01T11:23:40.8842648Z [  28% ] [90m[1m_update_scan_actions[22m | creature_frostclaw_lod0_normal.jpg[39m[0m
2026-10-01T11:23:40.8965322Z [  28% ] [90m[1m_update_scan_actions[22m | creature_fulgocobra_lod0.glb[39m[0m
2026-10-01T11:23:40.9064819Z [  28% ] [90m[1m_update_scan_actions[22m | creature_fulgocobra_lod0_Image_0.jpg[39m[0m
2026-10-01T11:23:40.9104414Z [  28% ] [90m[1m_update_scan_actions[22m | fulgocobra_extracted_base_color_shiny.png[39m[0m
2026-10-01T11:23:40.9141162Z [  29% ] [90m[1m_update_scan_actions[22m | fulgocobra_extracted_base_color_vivid.png[39m[0m
2026-10-01T11:23:40.9284820Z [  29% ] [90m[1m_update_scan_actions[22m | creature_galecrest_lod0.glb[39m[0m
2026-10-01T11:23:40.9403343Z [  29% ] [90m[1m_update_scan_actions[22m | creature_galecrest_lod0_Image_0.jpg[39m[0m
2026-10-01T11:23:40.9543625Z [  29% ] [90m[1m_update_scan_actions[22m | galecrest_extracted_base_color_alpha.png[39m[0m
2026-10-01T11:23:40.9679450Z [  29% ] [90m[1m_update_scan_actions[22m | galecrest_extracted_base_color_shiny.png[39m[0m
2026-10-01T11:23:40.9834055Z [  29% ] [90m[1m_update_scan_actions[22m | galecrest_extracted_base_color_vivid.png[39m[0m
2026-10-01T11:23:41.0038071Z [  29% ] [90m[1m_update_scan_actions[22m | creature_galewisp_lod0.glb[39m[0m
2026-10-01T11:23:41.0148561Z [  29% ] [90m[1m_update_scan_actions[22m | creature_galewisp_lod0_base_color.jpg[39m[0m
2026-10-01T11:23:41.0307648Z [  29% ] [90m[1m_update_scan_actions[22m | creature_galewisp_lod0_base_color.png[39m[0m
2026-10-01T11:23:41.0345116Z [  29% ] [90m[1m_update_scan_actions[22m | creature_galewisp_lod0_base_color_shiny.png[39m[0m
2026-10-01T11:23:41.0429647Z [  29% ] [90m[1m_update_scan_actions[22m | creature_galewisp_lod0_base_color_vivid.png[39m[0m
2026-10-01T11:23:41.0484247Z [  29% ] [90m[1m_update_scan_actions[22m | creature_galewisp_lod0_emissive.jpg[39m[0m
2026-10-01T11:23:41.0486806Z [  29% ] [90m[1m_update_scan_actions[22m | creature_galewisp_lod0_emissive.png[39m[0m
2026-10-01T11:23:41.0490574Z [  30% ] [90m[1m_update_scan_actions[22m | creature_galewisp_lod0_emissive_shiny.png[39m[0m
2026-10-01T11:23:41.0493336Z [  30% ] [90m[1m_update_scan_actions[22m | creature_galewisp_lod0_emissive_vivid.png[39m[0m
2026-10-01T11:23:41.0562695Z [  30% ] [90m[1m_update_scan_actions[22m | creature_galewisp_lod0_metallic_roughness.png[39m[0m
2026-10-01T11:23:41.0653313Z [  30% ] [90m[1m_update_scan_actions[22m | creature_galewisp_lod0_normal.jpg[39m[0m
2026-10-01T11:23:41.0788837Z [  30% ] [90m[1m_update_scan_actions[22m | creature_glimmermoth_lod0.glb[39m[0m
2026-10-01T11:23:41.0896149Z [  30% ] [90m[1m_update_scan_actions[22m | creature_glimmermoth_lod0_Image_0.jpg[39m[0m
2026-10-01T11:23:41.0935296Z [  30% ] [90m[1m_update_scan_actions[22m | glimmermoth_extracted_base_color_vivid.png[39m[0m
2026-10-01T11:23:41.1052714Z [  30% ] [90m[1m_update_scan_actions[22m | creature_mangrove_monitor_lod0.glb[39m[0m
2026-10-01T11:23:41.1147991Z [  30% ] [90m[1m_update_scan_actions[22m | creature_mangrove_monitor_lod0_Image_0.jpg[39m[0m
2026-10-01T11:23:41.1149649Z [  30% ] [90m[1m_update_scan_actions[22m | mangrove_monitor_extracted_base_color.png[39m[0m
2026-10-01T11:23:41.1188855Z [  30% ] [90m[1m_update_scan_actions[22m | mangrove_monitor_extracted_base_color_vivid.png[39m[0m
2026-10-01T11:23:41.1395176Z [  30% ] [90m[1m_update_scan_actions[22m | creature_meadowhart_lod0.glb[39m[0m
2026-10-01T11:23:41.1549333Z [  30% ] [90m[1m_update_scan_actions[22m | creature_meadowhart_lod0_base_color.png[39m[0m
2026-10-01T11:23:41.1584557Z [  30% ] [90m[1m_update_scan_actions[22m | creature_meadowhart_lod0_base_color_shiny.png[39m[0m
2026-10-01T11:23:41.1620861Z [  31% ] [90m[1m_update_scan_actions[22m | creature_meadowhart_lod0_base_color_vivid.png[39m[0m
2026-10-01T11:23:41.1623882Z [  31% ] [90m[1m_update_scan_actions[22m | creature_meadowhart_lod0_emissive.png[39m[0m
2026-10-01T11:23:41.1627388Z [  31% ] [90m[1m_update_scan_actions[22m | creature_meadowhart_lod0_emissive_shiny.png[39m[0m
2026-10-01T11:23:41.1630001Z [  31% ] [90m[1m_update_scan_actions[22m | creature_meadowhart_lod0_emissive_vivid.png[39m[0m
2026-10-01T11:23:41.1718332Z [  31% ] [90m[1m_update_scan_actions[22m | creature_meadowhart_lod0_metallic_roughness.png[39m[0m
2026-10-01T11:23:41.1803172Z [  31% ] [90m[1m_update_scan_actions[22m | creature_meadowhart_lod0_normal.jpg[39m[0m
2026-10-01T11:23:41.1969995Z [  31% ] [90m[1m_update_scan_actions[22m | creature_meadowhart_bare_lod0.glb[39m[0m
2026-10-01T11:23:41.2072850Z [  31% ] [90m[1m_update_scan_actions[22m | creature_meadowhart_bare_lod0_Image_0.jpg[39m[0m
2026-10-01T11:23:41.2197251Z [  31% ] [90m[1m_update_scan_actions[22m | creature_meadowhart_bare_lod0_normal.png[39m[0m
2026-10-01T11:23:41.2314985Z [  31% ] [90m[1m_update_scan_actions[22m | meadowhart_bare_extracted_base_color_shiny.png[39m[0m
2026-10-01T11:23:41.2452383Z [  31% ] [90m[1m_update_scan_actions[22m | creature_mirejaw_lod0.glb[39m[0m
2026-10-01T11:23:41.2546500Z [  31% ] [90m[1m_update_scan_actions[22m | creature_mirejaw_lod0_Image_0.jpg[39m[0m
2026-10-01T11:23:41.2548068Z [  31% ] [90m[1m_update_scan_actions[22m | mirejaw_extracted_base_color.png[39m[0m
2026-10-01T11:23:41.2583836Z [  31% ] [90m[1m_update_scan_actions[22m | mirejaw_extracted_base_color_shiny.png[39m[0m
2026-10-01T11:23:41.2619505Z [  32% ] [90m[1m_update_scan_actions[22m | mirejaw_extracted_base_color_vivid.png[39m[0m
2026-10-01T11:23:41.2891523Z [  32% ] [90m[1m_update_scan_actions[22m | creature_mosshell_lod0.glb[39m[0m
2026-10-01T11:23:41.3081193Z [  32% ] [90m[1m_update_scan_actions[22m | creature_mosshell_lod0_base_color.png[39m[0m
2026-10-01T11:23:41.3121060Z [  32% ] [90m[1m_update_scan_actions[22m | creature_mosshell_lod0_base_color_shiny.png[39m[0m
2026-10-01T11:23:41.3164942Z [  32% ] [90m[1m_update_scan_actions[22m | creature_mosshell_lod0_base_color_vivid.png[39m[0m
2026-10-01T11:23:41.3167688Z [  32% ] [90m[1m_update_scan_actions[22m | creature_mosshell_lod0_emissive.png[39m[0m
2026-10-01T11:23:41.3170796Z [  32% ] [90m[1m_update_scan_actions[22m | creature_mosshell_lod0_emissive_shiny.png[39m[0m
2026-10-01T11:23:41.3174198Z [  32% ] [90m[1m_update_scan_actions[22m | creature_mosshell_lod0_emissive_vivid.png[39m[0m
2026-10-01T11:23:41.3276310Z [  32% ] [90m[1m_update_scan_actions[22m | creature_mosshell_lod0_metallic_roughness.png[39m[0m
2026-10-01T11:23:41.3375939Z [  32% ] [90m[1m_update_scan_actions[22m | creature_mosshell_lod0_normal.jpg[39m[0m
2026-10-01T11:23:41.3508992Z [  32% ] [90m[1m_update_scan_actions[22m | creature_mosshock_lod0.glb[39m[0m
2026-10-01T11:23:41.3614486Z [  32% ] [90m[1m_update_scan_actions[22m | creature_mosshock_lod0_Image_0.jpg[39m[0m
2026-10-01T11:23:41.3650211Z [  32% ] [90m[1m_update_scan_actions[22m | mosshock_extracted_base_color_vivid.png[39m[0m
2026-10-01T11:23:41.3806582Z [  32% ] [90m[1m_update_scan_actions[22m | creature_mudsnout_lod0.glb[39m[0m
2026-10-01T11:23:41.3915875Z [  33% ] [90m[1m_update_scan_actions[22m | creature_mudsnout_lod0_base_color.jpg[39m[0m
2026-10-01T11:23:41.3969800Z [  33% ] [90m[1m_update_scan_actions[22m | creature_mudsnout_lod0_emissive.jpg[39m[0m
2026-10-01T11:23:41.4045596Z [  33% ] [90m[1m_update_scan_actions[22m | creature_mudsnout_lod0_metallic_roughness.jpg[39m[0m
2026-10-01T11:23:41.4185734Z [  33% ] [90m[1m_update_scan_actions[22m | creature_mudsnout_lod0_normal.jpg[39m[0m
2026-10-01T11:23:41.4187530Z [  33% ] [90m[1m_update_scan_actions[22m | mudsnout_extracted_base_color.png[39m[0m
2026-10-01T11:23:41.4223593Z [  33% ] [90m[1m_update_scan_actions[22m | mudsnout_extracted_base_color_shiny.png[39m[0m
2026-10-01T11:23:41.4253887Z [  33% ] [90m[1m_update_scan_actions[22m | mudsnout_extracted_base_color_vivid.png[39m[0m
2026-10-01T11:23:41.4255305Z [  33% ] [90m[1m_update_scan_actions[22m | mudsnout_extracted_emissive.png[39m[0m
2026-10-01T11:23:41.4270124Z [  33% ] [90m[1m_update_scan_actions[22m | mudsnout_extracted_emissive_shiny.png[39m[0m
2026-10-01T11:23:41.4285011Z [  33% ] [90m[1m_update_scan_actions[22m | mudsnout_extracted_emissive_vivid.png[39m[0m
2026-10-01T11:23:41.4519355Z [  33% ] [90m[1m_update_scan_actions[22m | creature_paddlenewt_lod0.glb[39m[0m
2026-10-01T11:23:41.4688063Z [  33% ] [90m[1m_update_scan_actions[22m | creature_paddlenewt_lod0_base_color.png[39m[0m
2026-10-01T11:23:41.4727452Z [  33% ] [90m[1m_update_scan_actions[22m | creature_paddlenewt_lod0_base_color_riftfrill.png[39m[0m
2026-10-01T11:23:41.4769575Z [  33% ] [90m[1m_update_scan_actions[22m | creature_paddlenewt_lod0_base_color_shiny.png[39m[0m
2026-10-01T11:23:41.4806856Z [  34% ] [90m[1m_update_scan_actions[22m | creature_paddlenewt_lod0_base_color_vivid.png[39m[0m
2026-10-01T11:23:41.4809526Z [  34% ] [90m[1m_update_scan_actions[22m | creature_paddlenewt_lod0_emissive.png[39m[0m
2026-10-01T11:23:41.4827899Z [  34% ] [90m[1m_update_scan_actions[22m | creature_paddlenewt_lod0_emissive_riftfrill.png[39m[0m
2026-10-01T11:23:41.4830789Z [  34% ] [90m[1m_update_scan_actions[22m | creature_paddlenewt_lod0_emissive_shiny.png[39m[0m
2026-10-01T11:23:41.4834026Z [  34% ] [90m[1m_update_scan_actions[22m | creature_paddlenewt_lod0_emissive_vivid.png[39m[0m
2026-10-01T11:23:41.4928766Z [  34% ] [90m[1m_update_scan_actions[22m | creature_paddlenewt_lod0_metallic_roughness.png[39m[0m
2026-10-01T11:23:41.5019240Z [  34% ] [90m[1m_update_scan_actions[22m | creature_paddlenewt_lod0_normal.jpg[39m[0m
2026-10-01T11:23:41.5151552Z [  34% ] [90m[1m_update_scan_actions[22m | creature_pebbik_lod0.glb[39m[0m
2026-10-01T11:23:41.5252047Z [  34% ] [90m[1m_update_scan_actions[22m | creature_pebbik_lod0_Image_0.jpg[39m[0m
2026-10-01T11:23:41.5294072Z [  34% ] [90m[1m_update_scan_actions[22m | pebbik_extracted_base_color_shiny.png[39m[0m
2026-10-01T11:23:41.5333850Z [  34% ] [90m[1m_update_scan_actions[22m | pebbik_extracted_base_color_vivid.png[39m[0m
2026-10-01T11:23:41.5548832Z [  34% ] [90m[1m_update_scan_actions[22m | creature_pipwing_lod0.glb[39m[0m
2026-10-01T11:23:41.5708520Z [  34% ] [90m[1m_update_scan_actions[22m | creature_pipwing_lod0_base_color.png[39m[0m
2026-10-01T11:23:41.5747194Z [  35% ] [90m[1m_update_scan_actions[22m | creature_pipwing_lod0_base_color_shiny.png[39m[0m
2026-10-01T11:23:41.5782438Z [  35% ] [90m[1m_update_scan_actions[22m | creature_pipwing_lod0_base_color_vivid.png[39m[0m
2026-10-01T11:23:41.5785133Z [  35% ] [90m[1m_update_scan_actions[22m | creature_pipwing_lod0_emissive.png[39m[0m
2026-10-01T11:23:41.5788194Z [  35% ] [90m[1m_update_scan_actions[22m | creature_pipwing_lod0_emissive_shiny.png[39m[0m
2026-10-01T11:23:41.5791266Z [  35% ] [90m[1m_update_scan_actions[22m | creature_pipwing_lod0_emissive_vivid.png[39m[0m
2026-10-01T11:23:41.5878420Z [  35% ] [90m[1m_update_scan_actions[22m | creature_pipwing_lod0_metallic_roughness.png[39m[0m
2026-10-01T11:23:41.5965973Z [  35% ] [90m[1m_update_scan_actions[22m | creature_pipwing_lod0_normal.jpg[39m[0m
2026-10-01T11:23:41.6200196Z [  35% ] [90m[1m_update_scan_actions[22m | creature_reedwing_lod0.glb[39m[0m
2026-10-01T11:23:41.6368235Z [  35% ] [90m[1m_update_scan_actions[22m | creature_reedwing_lod0_base_color.png[39m[0m
2026-10-01T11:23:41.6403881Z [  35% ] [90m[1m_update_scan_actions[22m | creature_reedwing_lod0_base_color_shiny.png[39m[0m
2026-10-01T11:23:41.6442310Z [  35% ] [90m[1m_update_scan_actions[22m | creature_reedwing_lod0_base_color_vivid.png[39m[0m
2026-10-01T11:23:41.6444772Z [  35% ] [90m[1m_update_scan_actions[22m | creature_reedwing_lod0_emissive.png[39m[0m
2026-10-01T11:23:41.6448088Z [  35% ] [90m[1m_update_scan_actions[22m | creature_reedwing_lod0_emissive_shiny.png[39m[0m
2026-10-01T11:23:41.6451142Z [  35% ] [90m[1m_update_scan_actions[22m | creature_reedwing_lod0_emissive_vivid.png[39m[0m
2026-10-01T11:23:41.6544049Z [  36% ] [90m[1m_update_scan_actions[22m | creature_reedwing_lod0_metallic_roughness.png[39m[0m
2026-10-01T11:23:41.6635169Z [  36% ] [90m[1m_update_scan_actions[22m | creature_reedwing_lod0_normal.jpg[39m[0m
2026-10-01T11:23:41.6753189Z [  36% ] [90m[1m_update_scan_actions[22m | creature_ribbonray_lod0.glb[39m[0m
2026-10-01T11:23:41.6844473Z [  36% ] [90m[1m_update_scan_actions[22m | creature_ribbonray_lod0_Image_0.jpg[39m[0m
2026-10-01T11:23:41.6876518Z [  36% ] [90m[1m_update_scan_actions[22m | ribbonray_extracted_base_color_vivid.png[39m[0m
2026-10-01T11:23:41.7098487Z [  36% ] [90m[1m_update_scan_actions[22m | creature_ripplet_lod0.glb[39m[0m
2026-10-01T11:23:41.7200859Z [  36% ] [90m[1m_update_scan_actions[22m | creature_ripplet_lod0_base_color.jpg[39m[0m
2026-10-01T11:23:41.7344572Z [  36% ] [90m[1m_update_scan_actions[22m | creature_ripplet_lod0_base_color.png[39m[0m
2026-10-01T11:23:41.7376273Z [  36% ] [90m[1m_update_scan_actions[22m | creature_ripplet_lod0_base_color_shiny.png[39m[0m
2026-10-01T11:23:41.7444260Z [  36% ] [90m[1m_update_scan_actions[22m | creature_ripplet_lod0_base_color_vivid.png[39m[0m
2026-10-01T11:23:41.7518086Z [  36% ] [90m[1m_update_scan_actions[22m | creature_ripplet_lod0_emissive.jpg[39m[0m
2026-10-01T11:23:41.7520659Z [  36% ] [90m[1m_update_scan_actions[22m | creature_ripplet_lod0_emissive.png[39m[0m
2026-10-01T11:23:41.7524309Z [  36% ] [90m[1m_update_scan_actions[22m | creature_ripplet_lod0_emissive_shiny.png[39m[0m
2026-10-01T11:23:41.7527086Z [  36% ] [90m[1m_update_scan_actions[22m | creature_ripplet_lod0_emissive_vivid.png[39m[0m
2026-10-01T11:23:41.7598038Z [  37% ] [90m[1m_update_scan_actions[22m | creature_ripplet_lod0_metallic_roughness.png[39m[0m
2026-10-01T11:23:41.7681102Z [  37% ] [90m[1m_update_scan_actions[22m | creature_ripplet_lod0_normal.jpg[39m[0m
2026-10-01T11:23:41.7821690Z [  37% ] [90m[1m_update_scan_actions[22m | creature_riptusk_lod0.glb[39m[0m
2026-10-01T11:23:41.7923098Z [  37% ] [90m[1m_update_scan_actions[22m | creature_riptusk_lod0_Image_0.jpg[39m[0m
2026-10-01T11:23:41.7924852Z [  37% ] [90m[1m_update_scan_actions[22m | riptusk_extracted_base_color.png[39m[0m
2026-10-01T11:23:41.7967114Z [  37% ] [90m[1m_update_scan_actions[22m | riptusk_extracted_base_color_shiny.png[39m[0m
2026-10-01T11:23:41.8006776Z [  37% ] [90m[1m_update_scan_actions[22m | riptusk_extracted_base_color_vivid.png[39m[0m
2026-10-01T11:23:41.8127313Z [  37% ] [90m[1m_update_scan_actions[22m | creature_riverdrake_lod0.glb[39m[0m
2026-10-01T11:23:41.8222983Z [  37% ] [90m[1m_update_scan_actions[22m | creature_riverdrake_lod0_Image_0.jpg[39m[0m
2026-10-01T11:23:41.8257783Z [  37% ] [90m[1m_update_scan_actions[22m | riverdrake_extracted_base_color_vivid.png[39m[0m
2026-10-01T11:23:41.8432410Z [  37% ] [90m[1m_update_scan_actions[22m | creature_shadelet_lod0.glb[39m[0m
2026-10-01T11:23:41.8531630Z [  37% ] [90m[1m_update_scan_actions[22m | creature_shadelet_lod0_base_color.jpg[39m[0m
2026-10-01T11:23:41.8605948Z [  37% ] [90m[1m_update_scan_actions[22m | creature_shadelet_lod0_metallic_roughness.jpg[39m[0m
2026-10-01T11:23:41.8689310Z [  37% ] [90m[1m_update_scan_actions[22m | creature_shadelet_lod0_normal.jpg[39m[0m
2026-10-01T11:23:41.8822914Z [  38% ] [90m[1m_update_scan_actions[22m | creature_sirenseal_lod0.glb[39m[0m
2026-10-01T11:23:41.8919405Z [  38% ] [90m[1m_update_scan_actions[22m | creature_sirenseal_lod0_Image_0.jpg[39m[0m
2026-10-01T11:23:41.8920990Z [  38% ] [90m[1m_update_scan_actions[22m | sirenseal_extracted_base_color.png[39m[0m
2026-10-01T11:23:41.8955370Z [  38% ] [90m[1m_update_scan_actions[22m | sirenseal_extracted_base_color_vivid.png[39m[0m
2026-10-01T11:23:41.9146902Z [  38% ] [90m[1m_update_scan_actions[22m | creature_skyrill_lod0.glb[39m[0m
2026-10-01T11:23:41.9273702Z [  38% ] [90m[1m_update_scan_actions[22m | creature_skyrill_lod0_Image_0.jpg[39m[0m
2026-10-01T11:23:41.9354377Z [  38% ] [90m[1m_update_scan_actions[22m | creature_skyrill_lod0_Image_1.jpg[39m[0m
2026-10-01T11:23:41.9457531Z [  38% ] [90m[1m_update_scan_actions[22m | creature_skyrill_lod0_Image_2.jpg[39m[0m
2026-10-01T11:23:41.9685336Z [  38% ] [90m[1m_update_scan_actions[22m | skyrill_extracted_base_color.png[39m[0m
2026-10-01T11:23:41.9727073Z [  38% ] [90m[1m_update_scan_actions[22m | skyrill_extracted_base_color_vivid.png[39m[0m
2026-10-01T11:23:41.9847304Z [  38% ] [90m[1m_update_scan_actions[22m | creature_solmane_lod0.glb[39m[0m
2026-10-01T11:23:41.9945299Z [  38% ] [90m[1m_update_scan_actions[22m | creature_solmane_lod0_Image_0.jpg[39m[0m
2026-10-01T11:23:41.9988836Z [  38% ] [90m[1m_update_scan_actions[22m | solmane_extracted_base_color_shiny.png[39m[0m
2026-10-01T11:23:42.0027363Z [  38% ] [90m[1m_update_scan_actions[22m | solmane_extracted_base_color_vivid.png[39m[0m
2026-10-01T11:23:42.0216429Z [  39% ] [90m[1m_update_scan_actions[22m | creature_sparkit_lod0.glb[39m[0m
2026-10-01T11:23:42.0328364Z [  39% ] [90m[1m_update_scan_actions[22m | creature_sparkit_lod0_base_color.jpg[39m[0m
2026-10-01T11:23:42.0400664Z [  39% ] [90m[1m_update_scan_actions[22m | creature_sparkit_lod0_metallic_roughness.jpg[39m[0m
2026-10-01T11:23:42.0492684Z [  39% ] [90m[1m_update_scan_actions[22m | creature_sparkit_lod0_normal.jpg[39m[0m
2026-10-01T11:23:42.0616734Z [  39% ] [90m[1m_update_scan_actions[22m | creature_staticub_lod0.glb[39m[0m
2026-10-01T11:23:42.0718420Z [  39% ] [90m[1m_update_scan_actions[22m | creature_staticub_lod0_Image_0.jpg[39m[0m
2026-10-01T11:23:42.0756257Z [  39% ] [90m[1m_update_scan_actions[22m | staticub_extracted_base_color_shiny.png[39m[0m
2026-10-01T11:23:42.0791203Z [  39% ] [90m[1m_update_scan_actions[22m | staticub_extracted_base_color_vivid.png[39m[0m
2026-10-01T11:23:42.0964692Z [  39% ] [90m[1m_update_scan_actions[22m | creature_stormbrush_lod0.glb[39m[0m
2026-10-01T11:23:42.1074602Z [  39% ] [90m[1m_update_scan_actions[22m | creature_stormbrush_lod0_Image_0.jpg[39m[0m
2026-10-01T11:23:42.1114681Z [  39% ] [90m[1m_update_scan_actions[22m | stormbrush_extracted_base_color_vivid.png[39m[0m
2026-10-01T11:23:42.1245689Z [  39% ] [90m[1m_update_scan_actions[22m | creature_stormcapra_lod0.glb[39m[0m
2026-10-01T11:23:42.1340903Z [  39% ] [90m[1m_update_scan_actions[22m | creature_stormcapra_lod0_Image_0.jpg[39m[0m
2026-10-01T11:23:42.1378220Z [  40% ] [90m[1m_update_scan_actions[22m | stormcapra_extracted_base_color_shiny.png[39m[0m
2026-10-01T11:23:42.1411761Z [  40% ] [90m[1m_update_scan_actions[22m | stormcapra_extracted_base_color_vivid.png[39m[0m
2026-10-01T11:23:42.1557706Z [  40% ] [90m[1m_update_scan_actions[22m | creature_stormraven_lod0.glb[39m[0m
2026-10-01T11:23:42.1653957Z [  40% ] [90m[1m_update_scan_actions[22m | creature_stormraven_lod0_Image_0.jpg[39m[0m
2026-10-01T11:23:42.1687435Z [  40% ] [90m[1m_update_scan_actions[22m | stormraven_extracted_base_color_vivid.png[39m[0m
2026-10-01T11:23:42.1827390Z [  40% ] [90m[1m_update_scan_actions[22m | creature_tanglevolt_lod0.glb[39m[0m
2026-10-01T11:23:42.1919433Z [  40% ] [90m[1m_update_scan_actions[22m | creature_tanglevolt_lod0_Image_0.jpg[39m[0m
2026-10-01T11:23:42.1955870Z [  40% ] [90m[1m_update_scan_actions[22m | tanglevolt_extracted_base_color_vivid.png[39m[0m
2026-10-01T11:23:42.2081030Z [  40% ] [90m[1m_update_scan_actions[22m | creature_tempestwing_lod0.glb[39m[0m
2026-10-01T11:23:42.2177330Z [  40% ] [90m[1m_update_scan_actions[22m | creature_tempestwing_lod0_Image_0.jpg[39m[0m
2026-10-01T11:23:42.2215296Z [  40% ] [90m[1m_update_scan_actions[22m | tempestwing_extracted_base_color_vivid.png[39m[0m
2026-10-01T11:23:42.2407916Z [  40% ] [90m[1m_update_scan_actions[22m | creature_terrapup_lod0.glb[39m[0m
2026-10-01T11:23:42.2513898Z [  40% ] [90m[1m_update_scan_actions[22m | creature_terrapup_lod0_base_color.jpg[39m[0m
2026-10-01T11:23:42.2669066Z [  40% ] [90m[1m_update_scan_actions[22m | creature_terrapup_lod0_base_color.png[39m[0m
2026-10-01T11:23:42.2701361Z [  41% ] [90m[1m_update_scan_actions[22m | creature_terrapup_lod0_base_color_shiny.png[39m[0m
2026-10-01T11:23:42.2733752Z [  41% ] [90m[1m_update_scan_actions[22m | creature_terrapup_lod0_base_color_vivid.png[39m[0m
2026-10-01T11:23:42.2788019Z [  41% ] [90m[1m_update_scan_actions[22m | creature_terrapup_lod0_emissive.jpg[39m[0m
2026-10-01T11:23:42.2841952Z [  41% ] [90m[1m_update_scan_actions[22m | creature_terrapup_lod0_emissive.png[39m[0m
2026-10-01T11:23:42.2857319Z [  41% ] [90m[1m_update_scan_actions[22m | creature_terrapup_lod0_emissive_shiny.png[39m[0m
2026-10-01T11:23:42.2871031Z [  41% ] [90m[1m_update_scan_actions[22m | creature_terrapup_lod0_emissive_vivid.png[39m[0m
2026-10-01T11:23:42.2947456Z [  41% ] [90m[1m_update_scan_actions[22m | creature_terrapup_lod0_metallic_roughness.jpg[39m[0m
2026-10-01T11:23:42.3016783Z [  41% ] [90m[1m_update_scan_actions[22m | creature_terrapup_lod0_metallic_roughness.png[39m[0m
2026-10-01T11:23:42.3106180Z [  41% ] [90m[1m_update_scan_actions[22m | creature_terrapup_lod0_normal.jpg[39m[0m
2026-10-01T11:23:42.3197572Z [  41% ] [90m[1m_update_scan_actions[22m | creature_terrapup_lod0_normal.png[39m[0m
2026-10-01T11:23:42.3340032Z [  41% ] [90m[1m_update_scan_actions[22m | creature_thundertunnel_lod0.glb[39m[0m
2026-10-01T11:23:42.3437847Z [  41% ] [90m[1m_update_scan_actions[22m | creature_thundertunnel_lod0_Image_0.jpg[39m[0m
2026-10-01T11:23:42.3471412Z [  41% ] [90m[1m_update_scan_actions[22m | thundertunnel_extracted_base_color_vivid.png[39m[0m
2026-10-01T11:23:42.3600104Z [  41% ] [90m[1m_update_scan_actions[22m | creature_tidecoil_lod0.glb[39m[0m
2026-10-01T11:23:42.3698314Z [  42% ] [90m[1m_update_scan_actions[22m | creature_tidecoil_lod0_Image_0.jpg[39m[0m
2026-10-01T11:23:42.3734348Z [  42% ] [90m[1m_update_scan_actions[22m | tidecoil_extracted_base_color_shiny.png[39m[0m
2026-10-01T11:23:42.3768719Z [  42% ] [90m[1m_update_scan_actions[22m | tidecoil_extracted_base_color_vivid.png[39m[0m
2026-10-01T11:23:42.3946979Z [  42% ] [90m[1m_update_scan_actions[22m | creature_torrentoad_lod0.glb[39m[0m
2026-10-01T11:23:42.4066232Z [  42% ] [90m[1m_update_scan_actions[22m | creature_torrentoad_lod0_Image_0.jpg[39m[0m
2026-10-01T11:23:42.4149130Z [  42% ] [90m[1m_update_scan_actions[22m | creature_torrentoad_lod0_Image_1.jpg[39m[0m
2026-10-01T11:23:42.4245087Z [  42% ] [90m[1m_update_scan_actions[22m | creature_torrentoad_lod0_Image_2.jpg[39m[0m
2026-10-01T11:23:42.4456153Z [  42% ] [90m[1m_update_scan_actions[22m | torrentoad_extracted_base_color.png[39m[0m
2026-10-01T11:23:42.4494331Z [  42% ] [90m[1m_update_scan_actions[22m | torrentoad_extracted_base_color_vivid.png[39m[0m
2026-10-01T11:23:42.4654469Z [  42% ] [90m[1m_update_scan_actions[22m | creature_trailpup_lod0.glb[39m[0m
2026-10-01T11:23:42.4768236Z [  42% ] [90m[1m_update_scan_actions[22m | creature_trailpup_lod0_base_color.jpg[39m[0m
2026-10-01T11:23:42.4822601Z [  42% ] [90m[1m_update_scan_actions[22m | creature_trailpup_lod0_emissive.jpg[39m[0m
2026-10-01T11:23:42.4897550Z [  42% ] [90m[1m_update_scan_actions[22m | creature_trailpup_lod0_metallic_roughness.jpg[39m[0m
2026-10-01T11:23:42.5040303Z [  42% ] [90m[1m_update_scan_actions[22m | creature_trailpup_lod0_normal.jpg[39m[0m
2026-10-01T11:23:42.5041818Z [  43% ] [90m[1m_update_scan_actions[22m | trailpup_extracted_base_color.png[39m[0m
2026-10-01T11:23:42.5074701Z [  43% ] [90m[1m_update_scan_actions[22m | trailpup_extracted_base_color_shiny.png[39m[0m
2026-10-01T11:23:42.5107114Z [  43% ] [90m[1m_update_scan_actions[22m | trailpup_extracted_base_color_stormtrail.png[39m[0m
2026-10-01T11:23:42.5138611Z [  43% ] [90m[1m_update_scan_actions[22m | trailpup_extracted_base_color_vivid.png[39m[0m
2026-10-01T11:23:42.5139900Z [  43% ] [90m[1m_update_scan_actions[22m | trailpup_extracted_emissive.png[39m[0m
2026-10-01T11:23:42.5158338Z [  43% ] [90m[1m_update_scan_actions[22m | trailpup_extracted_emissive_shiny.png[39m[0m
2026-10-01T11:23:42.5179181Z [  43% ] [90m[1m_update_scan_actions[22m | trailpup_extracted_emissive_stormtrail.png[39m[0m
2026-10-01T11:23:42.5195476Z [  43% ] [90m[1m_update_scan_actions[22m | trailpup_extracted_emissive_vivid.png[39m[0m
2026-10-01T11:23:42.5412133Z [  43% ] [90m[1m_update_scan_actions[22m | creature_tuskroot_lod0.glb[39m[0m
2026-10-01T11:23:42.5572438Z [  43% ] [90m[1m_update_scan_actions[22m | creature_tuskroot_lod0_base_color.png[39m[0m
2026-10-01T11:23:42.5607694Z [  43% ] [90m[1m_update_scan_actions[22m | creature_tuskroot_lod0_base_color_ashtusk.png[39m[0m
2026-10-01T11:23:42.5645322Z [  43% ] [90m[1m_update_scan_actions[22m | creature_tuskroot_lod0_base_color_shiny.png[39m[0m
2026-10-01T11:23:42.5679821Z [  43% ] [90m[1m_update_scan_actions[22m | creature_tuskroot_lod0_base_color_vivid.png[39m[0m
2026-10-01T11:23:42.5683321Z [  43% ] [90m[1m_update_scan_actions[22m | creature_tuskroot_lod0_emissive.png[39m[0m
2026-10-01T11:23:42.5699179Z [  44% ] [90m[1m_update_scan_actions[22m | creature_tuskroot_lod0_emissive_ashtusk.png[39m[0m
2026-10-01T11:23:42.5702884Z [  44% ] [90m[1m_update_scan_actions[22m | creature_tuskroot_lod0_emissive_shiny.png[39m[0m
2026-10-01T11:23:42.5706442Z [  44% ] [90m[1m_update_scan_actions[22m | creature_tuskroot_lod0_emissive_vivid.png[39m[0m
2026-10-01T11:23:42.5793953Z [  44% ] [90m[1m_update_scan_actions[22m | creature_tuskroot_lod0_metallic_roughness.png[39m[0m
2026-10-01T11:23:42.5881838Z [  44% ] [90m[1m_update_scan_actions[22m | creature_tuskroot_lod0_normal.jpg[39m[0m
2026-10-01T11:23:42.6050425Z [  44% ] [90m[1m_update_scan_actions[22m | creature_veridian_lod0.glb[39m[0m
2026-10-01T11:23:42.6164526Z [  44% ] [90m[1m_update_scan_actions[22m | creature_veridian_lod0_base_color.jpg[39m[0m
2026-10-01T11:23:42.6220678Z [  44% ] [90m[1m_update_scan_actions[22m | creature_veridian_lod0_emissive.jpg[39m[0m
2026-10-01T11:23:42.6299552Z [  44% ] [90m[1m_update_scan_actions[22m | creature_veridian_lod0_metallic_roughness.jpg[39m[0m
2026-10-01T11:23:42.6440565Z [  44% ] [90m[1m_update_scan_actions[22m | creature_veridian_lod0_normal.jpg[39m[0m
2026-10-01T11:23:42.6442301Z [  44% ] [90m[1m_update_scan_actions[22m | veridian_extracted_base_color.png[39m[0m
2026-10-01T11:23:42.6484554Z [  44% ] [90m[1m_update_scan_actions[22m | veridian_extracted_base_color_shiny.png[39m[0m
2026-10-01T11:23:42.6523264Z [  44% ] [90m[1m_update_scan_actions[22m | veridian_extracted_base_color_vivid.png[39m[0m
2026-10-01T11:23:42.6524724Z [  45% ] [90m[1m_update_scan_actions[22m | veridian_extracted_emissive.png[39m[0m
2026-10-01T11:23:42.6542301Z [  45% ] [90m[1m_update_scan_actions[22m | veridian_extracted_emissive_shiny.png[39m[0m
2026-10-01T11:23:42.6559110Z [  45% ] [90m[1m_update_scan_actions[22m | veridian_extracted_emissive_vivid.png[39m[0m
2026-10-01T11:23:42.6681463Z [  45% ] [90m[1m_update_scan_actions[22m | creature_voltarach_lod0.glb[39m[0m
2026-10-01T11:23:42.6778502Z [  45% ] [90m[1m_update_scan_actions[22m | creature_voltarach_lod0_Image_0.jpg[39m[0m
2026-10-01T11:23:42.6810565Z [  45% ] [90m[1m_update_scan_actions[22m | voltarach_extracted_base_color_alpha.png[39m[0m
2026-10-01T11:23:42.6849932Z [  45% ] [90m[1m_update_scan_actions[22m | voltarach_extracted_base_color_shiny.png[39m[0m
2026-10-01T11:23:42.6885542Z [  45% ] [90m[1m_update_scan_actions[22m | voltarach_extracted_base_color_vivid.png[39m[0m
2026-10-01T11:23:42.7010075Z [  45% ] [90m[1m_update_scan_actions[22m | creature_voltwig_lod0.glb[39m[0m
2026-10-01T11:23:42.7109252Z [  45% ] [90m[1m_update_scan_actions[22m | creature_voltwig_lod0_Image_0.jpg[39m[0m
2026-10-01T11:23:42.7146664Z [  45% ] [90m[1m_update_scan_actions[22m | voltwig_extracted_base_color_shiny.png[39m[0m
2026-10-01T11:23:42.7180768Z [  45% ] [90m[1m_update_scan_actions[22m | voltwig_extracted_base_color_vivid.png[39m[0m
2026-10-01T11:23:42.7205651Z [  45% ] [90m[1m_update_scan_actions[22m | bramblit.fbx[39m[0m
2026-10-01T11:23:42.7226453Z [  45% ] [90m[1m_update_scan_actions[22m | meadow_hopper.fbx[39m[0m
2026-10-01T11:23:42.7252611Z [  46% ] [90m[1m_update_scan_actions[22m | thornback.fbx[39m[0m
2026-10-01T11:23:42.7324081Z [  46% ] [90m[1m_update_scan_actions[22m | limestone_buttress.glb[39m[0m
2026-10-01T11:23:42.7429041Z [  46% ] [90m[1m_update_scan_actions[22m | limestone_buttress_CloudreachLimestoneColour.png[39m[0m
2026-10-01T11:23:42.7479164Z [  46% ] [90m[1m_update_scan_actions[22m | cloud_bank_v1.png[39m[0m
2026-10-01T11:23:42.7490986Z [  46% ] [90m[1m_update_scan_actions[22m | limestone_spire_1.obj[39m[0m
2026-10-01T11:23:42.7503118Z [  46% ] [90m[1m_update_scan_actions[22m | limestone_spire_2.obj[39m[0m
2026-10-01T11:23:42.7514935Z [  46% ] [90m[1m_update_scan_actions[22m | limestone_spire_3.obj[39m[0m
2026-10-01T11:23:42.7644974Z [  46% ] [90m[1m_update_scan_actions[22m | ironwood_ancient_tree.glb[39m[0m
2026-10-01T11:23:42.7764705Z [  46% ] [90m[1m_update_scan_actions[22m | ironwood_ancient_tree_0.jpg[39m[0m
2026-10-01T11:23:42.7767143Z [  46% ] [90m[1m_update_scan_actions[22m | flower_purpleA.glb[39m[0m
2026-10-01T11:23:42.7770661Z [  46% ] [90m[1m_update_scan_actions[22m | flower_redA.glb[39m[0m
2026-10-01T11:23:42.7773386Z [  46% ] [90m[1m_update_scan_actions[22m | flower_yellowA.glb[39m[0m
2026-10-01T11:23:42.7776217Z [  46% ] [90m[1m_update_scan_actions[22m | flower_yellowB.glb[39m[0m
2026-10-01T11:23:42.7779291Z [  46% ] [90m[1m_update_scan_actions[22m | grass.glb[39m[0m
2026-10-01T11:23:42.7782774Z [  47% ] [90m[1m_update_scan_actions[22m | grass_large.glb[39m[0m
2026-10-01T11:23:42.7785942Z [  47% ] [90m[1m_update_scan_actions[22m | grass_leafs.glb[39m[0m
2026-10-01T11:23:42.7788949Z [  47% ] [90m[1m_update_scan_actions[22m | grass_leafsLarge.glb[39m[0m
2026-10-01T11:23:42.7791953Z [  47% ] [90m[1m_update_scan_actions[22m | log.glb[39m[0m
2026-10-01T11:23:42.7795082Z [  47% ] [90m[1m_update_scan_actions[22m | log_large.glb[39m[0m
2026-10-01T11:23:42.7798018Z [  47% ] [90m[1m_update_scan_actions[22m | mushroom_red.glb[39m[0m
2026-10-01T11:23:42.7800861Z [  47% ] [90m[1m_update_scan_actions[22m | plant_bush.glb[39m[0m
2026-10-01T11:23:42.7804073Z [  47% ] [90m[1m_update_scan_actions[22m | plant_bushDetailed.glb[39m[0m
2026-10-01T11:23:42.7806964Z [  47% ] [90m[1m_update_scan_actions[22m | plant_bushLarge.glb[39m[0m
2026-10-01T11:23:42.7809859Z [  47% ] [90m[1m_update_scan_actions[22m | plant_bushSmall.glb[39m[0m
2026-10-01T11:23:42.7813051Z [  47% ] [90m[1m_update_scan_actions[22m | rock_largeA.glb[39m[0m
2026-10-01T11:23:42.7815985Z [  47% ] [90m[1m_update_scan_actions[22m | rock_largeC.glb[39m[0m
2026-10-01T11:23:42.7818785Z [  47% ] [90m[1m_update_scan_actions[22m | rock_smallA.glb[39m[0m
2026-10-01T11:23:42.7821620Z [  47% ] [90m[1m_update_scan_actions[22m | rock_smallD.glb[39m[0m
2026-10-01T11:23:42.7824905Z [  48% ] [90m[1m_update_scan_actions[22m | rock_tallA.glb[39m[0m
2026-10-01T11:23:42.7827800Z [  48% ] [90m[1m_update_scan_actions[22m | stump_round.glb[39m[0m
2026-10-01T11:23:42.7830661Z [  48% ] [90m[1m_update_scan_actions[22m | stump_square.glb[39m[0m
2026-10-01T11:23:42.7833800Z [  48% ] [90m[1m_update_scan_actions[22m | tree_blocks.glb[39m[0m
2026-10-01T11:23:42.7836809Z [  48% ] [90m[1m_update_scan_actions[22m | tree_default.glb[39m[0m
2026-10-01T11:23:42.7840376Z [  48% ] [90m[1m_update_scan_actions[22m | tree_detailed.glb[39m[0m
2026-10-01T11:23:42.7843490Z [  48% ] [90m[1m_update_scan_actions[22m | tree_fat.glb[39m[0m
2026-10-01T11:23:42.7846611Z [  48% ] [90m[1m_update_scan_actions[22m | tree_oak.glb[39m[0m
2026-10-01T11:23:42.7970314Z [  48% ] [90m[1m_update_scan_actions[22m | day.hdr[39m[0m
2026-10-01T11:23:42.8103282Z [  48% ] [90m[1m_update_scan_actions[22m | golden.hdr[39m[0m
2026-10-01T11:23:42.8109932Z [  48% ] [90m[1m_update_scan_actions[22m | Grass_C_dune_sage_straw.png[39m[0m
2026-10-01T11:23:42.8118411Z [  48% ] [90m[1m_update_scan_actions[22m | Leaves_NormalTree_C_desat55.png[39m[0m
2026-10-01T11:23:42.8127679Z [  48% ] [90m[1m_update_scan_actions[22m | Leaves_NormalTree_C_desat55_b100.png[39m[0m
2026-10-01T11:23:42.8137941Z [  48% ] [90m[1m_update_scan_actions[22m | Bark_DeadTree.png[39m[0m
2026-10-01T11:23:42.8149826Z [  49% ] [90m[1m_update_scan_actions[22m | Bark_DeadTree_Normal.png[39m[0m
2026-10-01T11:23:42.8160231Z [  49% ] [90m[1m_update_scan_actions[22m | Bark_NormalTree.png[39m[0m
2026-10-01T11:23:42.8171105Z [  49% ] [90m[1m_update_scan_actions[22m | Bark_NormalTree_Normal.png[39m[0m
2026-10-01T11:23:42.8181825Z [  49% ] [90m[1m_update_scan_actions[22m | Bark_TwistedTree.png[39m[0m
2026-10-01T11:23:42.8194012Z [  49% ] [90m[1m_update_scan_actions[22m | Bark_TwistedTree_Normal.png[39m[0m
2026-10-01T11:23:42.8197650Z [  49% ] [90m[1m_update_scan_actions[22m | Bush_Common.gltf[39m[0m
2026-10-01T11:23:42.8201738Z [  49% ] [90m[1m_update_scan_actions[22m | Bush_Common_Flowers.gltf[39m[0m
2026-10-01T11:23:42.8218062Z [  49% ] [90m[1m_update_scan_actions[22m | CherryBlossom_3.gltf[39m[0m
2026-10-01T11:23:42.8221032Z [  49% ] [90m[1m_update_scan_actions[22m | Clover_1.gltf[39m[0m
2026-10-01T11:23:42.8224314Z [  49% ] [90m[1m_update_scan_actions[22m | Clover_2.gltf[39m[0m
2026-10-01T11:23:42.8231756Z [  49% ] [90m[1m_update_scan_actions[22m | CommonTree_1.gltf[39m[0m
2026-10-01T11:23:42.8238917Z [  49% ] [90m[1m_update_scan_actions[22m | CommonTree_2.gltf[39m[0m
2026-10-01T11:23:42.8244750Z [  49% ] [90m[1m_update_scan_actions[22m | CommonTree_3.gltf[39m[0m
2026-10-01T11:23:42.8250656Z [  50% ] [90m[1m_update_scan_actions[22m | CommonTree_4.gltf[39m[0m
2026-10-01T11:23:42.8256415Z [  50% ] [90m[1m_update_scan_actions[22m | CommonTree_5.gltf[39m[0m
2026-10-01T11:23:42.8263686Z [  50% ] [90m[1m_update_scan_actions[22m | DeadTree_1.gltf[39m[0m
2026-10-01T11:23:42.8271029Z [  50% ] [90m[1m_update_scan_actions[22m | DeadTree_2.gltf[39m[0m
2026-10-01T11:23:42.8278043Z [  50% ] [90m[1m_update_scan_actions[22m | DeadTree_3.gltf[39m[0m
2026-10-01T11:23:42.8281016Z [  50% ] [90m[1m_update_scan_actions[22m | Fern_1.gltf[39m[0m
2026-10-01T11:23:42.8293861Z [  50% ] [90m[1m_update_scan_actions[22m | Flowers.png[39m[0m
2026-10-01T11:23:42.8297182Z [  50% ] [90m[1m_update_scan_actions[22m | Flower_3_Group.gltf[39m[0m
2026-10-01T11:23:42.8300218Z [  50% ] [90m[1m_update_scan_actions[22m | Flower_3_Single.gltf[39m[0m
2026-10-01T11:23:42.8304216Z [  50% ] [90m[1m_update_scan_actions[22m | Flower_4_Group.gltf[39m[0m
2026-10-01T11:23:42.8307446Z [  50% ] [90m[1m_update_scan_actions[22m | Flower_4_Single.gltf[39m[0m
2026-10-01T11:23:42.8314226Z [  50% ] [90m[1m_update_scan_actions[22m | Grass.png[39m[0m
2026-10-01T11:23:42.8317231Z [  50% ] [90m[1m_update_scan_actions[22m | Grass_Common_Short.gltf[39m[0m
2026-10-01T11:23:42.8320280Z [  50% ] [90m[1m_update_scan_actions[22m | Grass_Common_Tall.gltf[39m[0m
2026-10-01T11:23:42.8324102Z [  51% ] [90m[1m_update_scan_actions[22m | Grass_Wheat.gltf[39m[0m
2026-10-01T11:23:42.8327162Z [  51% ] [90m[1m_update_scan_actions[22m | Grass_Wide_Short.gltf[39m[0m
2026-10-01T11:23:42.8330268Z [  51% ] [90m[1m_update_scan_actions[22m | Grass_Wide_Tall.gltf[39m[0m
2026-10-01T11:23:42.8333805Z [  51% ] [90m[1m_update_scan_actions[22m | Grass_Wispy_Short.gltf[39m[0m
2026-10-01T11:23:42.8337053Z [  51% ] [90m[1m_update_scan_actions[22m | Grass_Wispy_Tall.gltf[39m[0m
2026-10-01T11:23:42.8350183Z [  51% ] [90m[1m_update_scan_actions[22m | Leaves.png[39m[0m
2026-10-01T11:23:42.8373076Z [  51% ] [90m[1m_update_scan_actions[22m | Leaves_CherryBlossom_C.png[39m[0m
2026-10-01T11:23:42.8383551Z [  51% ] [90m[1m_update_scan_actions[22m | Leaves_NormalTree_C.png[39m[0m
2026-10-01T11:23:42.8393677Z [  51% ] [90m[1m_update_scan_actions[22m | Leaves_TwistedTree_C.png[39m[0m
2026-10-01T11:23:42.8405769Z [  51% ] [90m[1m_update_scan_actions[22m | Mushrooms.png[39m[0m
2026-10-01T11:23:42.8409058Z [  51% ] [90m[1m_update_scan_actions[22m | Mushroom_Common.gltf[39m[0m
2026-10-01T11:23:42.8413801Z [  51% ] [90m[1m_update_scan_actions[22m | Mushroom_Laetiporus.gltf[39m[0m
2026-10-01T11:23:42.8417429Z [  51% ] [90m[1m_update_scan_actions[22m | Mushroom_Oyster.gltf[39m[0m
2026-10-01T11:23:42.8420574Z [  51% ] [90m[1m_update_scan_actions[22m | Mushroom_RedCap.gltf[39m[0m
2026-10-01T11:23:42.8431712Z [  52% ] [90m[1m_update_scan_actions[22m | PathRocks_Diffuse.png[39m[0m
2026-10-01T11:23:42.8434770Z [  52% ] [90m[1m_update_scan_actions[22m | Pebble_Round_1.gltf[39m[0m
2026-10-01T11:23:42.8437699Z [  52% ] [90m[1m_update_scan_actions[22m | Pebble_Round_2.gltf[39m[0m
2026-10-01T11:23:42.8440614Z [  52% ] [90m[1m_update_scan_actions[22m | Pebble_Round_3.gltf[39m[0m
2026-10-01T11:23:42.8443684Z [  52% ] [90m[1m_update_scan_actions[22m | Plant_1.gltf[39m[0m
2026-10-01T11:23:42.8446739Z [  52% ] [90m[1m_update_scan_actions[22m | Plant_1_Big.gltf[39m[0m
2026-10-01T11:23:42.8449542Z [  52% ] [90m[1m_update_scan_actions[22m | Plant_7.gltf[39m[0m
2026-10-01T11:23:42.8452820Z [  52% ] [90m[1m_update_scan_actions[22m | Plant_7_Big.gltf[39m[0m
2026-10-01T11:23:42.8456458Z [  52% ] [90m[1m_update_scan_actions[22m | RockPath_Round_Small_1.gltf[39m[0m
2026-10-01T11:23:42.8460098Z [  52% ] [90m[1m_update_scan_actions[22m | RockPath_Round_Small_2.gltf[39m[0m
2026-10-01T11:23:42.8464830Z [  52% ] [90m[1m_update_scan_actions[22m | RockPath_Round_Thin.gltf[39m[0m
2026-10-01T11:23:42.8470245Z [  52% ] [90m[1m_update_scan_actions[22m | RockPath_Round_Wide.gltf[39m[0m
2026-10-01T11:23:42.8482203Z [  52% ] [90m[1m_update_scan_actions[22m | Rocks_Diffuse.png[39m[0m
2026-10-01T11:23:42.8494882Z [  52% ] [90m[1m_update_scan_actions[22m | Rocks_Diffuse_meadows.png[39m[0m
2026-10-01T11:23:42.8497864Z [  53% ] [90m[1m_update_scan_actions[22m | Rock_Medium_1.gltf[39m[0m
2026-10-01T11:23:42.8500823Z [  53% ] [90m[1m_update_scan_actions[22m | Rock_Medium_2.gltf[39m[0m
2026-10-01T11:23:42.8504146Z [  53% ] [90m[1m_update_scan_actions[22m | Rock_Medium_3.gltf[39m[0m
2026-10-01T11:23:42.8514377Z [  53% ] [90m[1m_update_scan_actions[22m | TwistedTree_1.gltf[39m[0m
2026-10-01T11:23:42.8524163Z [  53% ] [90m[1m_update_scan_actions[22m | TwistedTree_2.gltf[39m[0m
2026-10-01T11:23:42.8534748Z [  53% ] [90m[1m_update_scan_actions[22m | TwistedTree_3.gltf[39m[0m
2026-10-01T11:23:42.8544935Z [  53% ] [90m[1m_update_scan_actions[22m | TwistedTree_4.gltf[39m[0m
2026-10-01T11:23:42.8555662Z [  53% ] [90m[1m_update_scan_actions[22m | TwistedTree_5.gltf[39m[0m
2026-10-01T11:23:42.8562483Z [  53% ] [90m[1m_update_scan_actions[22m | rift_siphon_wall_machine.glb[39m[0m
2026-10-01T11:23:42.8568082Z [  53% ] [90m[1m_update_scan_actions[22m | team_tether_banner_rig.glb[39m[0m
2026-10-01T11:23:42.8574816Z [  53% ] [90m[1m_update_scan_actions[22m | team_tether_boiler_chimney.glb[39m[0m
2026-10-01T11:23:42.8579833Z [  53% ] [90m[1m_update_scan_actions[22m | team_tether_scaffold_tower.glb[39m[0m
2026-10-01T11:23:42.8583254Z [  53% ] [90m[1m_update_scan_actions[22m | tt_pipe_bracket.glb[39m[0m
2026-10-01T11:23:42.8586900Z [  53% ] [90m[1m_update_scan_actions[22m | tt_pipe_elbow.glb[39m[0m
2026-10-01T11:23:42.8590304Z [  54% ] [90m[1m_update_scan_actions[22m | tt_pipe_straight.glb[39m[0m
2026-10-01T11:23:42.8594391Z [  54% ] [90m[1m_update_scan_actions[22m | tt_pipe_tee.glb[39m[0m
2026-10-01T11:23:42.8598328Z [  54% ] [90m[1m_update_scan_actions[22m | tt_pipe_valve.glb[39m[0m
2026-10-01T11:23:42.8612402Z [  54% ] [90m[1m_update_scan_actions[22m | machine_hardware.glb[39m[0m
2026-10-01T11:23:42.8650094Z [  54% ] [90m[1m_update_scan_actions[22m | relay_apparatus.glb[39m[0m
2026-10-01T11:23:42.8731601Z [  54% ] [90m[1m_update_scan_actions[22m | relay_apparatus_0.jpg[39m[0m
2026-10-01T11:23:42.8811032Z [  54% ] [90m[1m_update_scan_actions[22m | south_bridge_gate.glb[39m[0m
2026-10-01T11:23:42.8929911Z [  54% ] [90m[1m_update_scan_actions[22m | south_bridge_gate_0.jpg[39m[0m
2026-10-01T11:23:42.8970915Z [  54% ] [90m[1m_update_scan_actions[22m | tether_machine.glb[39m[0m
2026-10-01T11:23:42.9049534Z [  54% ] [90m[1m_update_scan_actions[22m | tether_machine_0.jpg[39m[0m
2026-10-01T11:23:42.9056611Z [  54% ] [90m[1m_update_scan_actions[22m | tether_pylon.glb[39m[0m
2026-10-01T11:23:42.9101734Z [  54% ] [90m[1m_update_scan_actions[22m | tether_pylon_albedo.png[39m[0m
2026-10-01T11:23:42.9146892Z [  54% ] [90m[1m_update_scan_actions[22m | tether_pylon_albedo_dead.png[39m[0m
2026-10-01T11:23:42.9179613Z [  55% ] [90m[1m_update_scan_actions[22m | dirt_path_Color.png[39m[0m
2026-10-01T11:23:42.9215020Z [  55% ] [90m[1m_update_scan_actions[22m | dirt_path_NormalGL.png[39m[0m
2026-10-01T11:23:42.9242938Z [  55% ] [90m[1m_update_scan_actions[22m | forest_floor_Color.png[39m[0m
2026-10-01T11:23:42.9271780Z [  55% ] [90m[1m_update_scan_actions[22m | forest_floor_NormalGL.png[39m[0m
2026-10-01T11:23:42.9301559Z [  55% ] [90m[1m_update_scan_actions[22m | meadow_grass_Color.png[39m[0m
2026-10-01T11:23:42.9333836Z [  55% ] [90m[1m_update_scan_actions[22m | meadow_grass_NormalGL.png[39m[0m
2026-10-01T11:23:42.9370349Z [  55% ] [90m[1m_update_scan_actions[22m | rock_scree_Color.png[39m[0m
2026-10-01T11:23:42.9422623Z [  55% ] [90m[1m_update_scan_actions[22m | rock_scree_NormalGL.png[39m[0m
2026-10-01T11:23:42.9453459Z [  55% ] [90m[1m_update_scan_actions[22m | verge_grass_Color.png[39m[0m
2026-10-01T11:23:42.9482660Z [  55% ] [90m[1m_update_scan_actions[22m | verge_grass_NormalGL.png[39m[0m
2026-10-01T11:23:42.9507687Z [  55% ] [90m[1m_update_scan_actions[22m | wet_earth_Color.png[39m[0m
2026-10-01T11:23:42.9530989Z [  55% ] [90m[1m_update_scan_actions[22m | wet_earth_NormalGL.png[39m[0m
2026-10-01T11:23:42.9581542Z [  55% ] [90m[1m_update_scan_actions[22m | Grass004_Color.jpg[39m[0m
2026-10-01T11:23:42.9638305Z [  55% ] [90m[1m_update_scan_actions[22m | Grass004_NormalGL.jpg[39m[0m
2026-10-01T11:23:42.9668680Z [  56% ] [90m[1m_update_scan_actions[22m | Grass004_Roughness.jpg[39m[0m
2026-10-01T11:23:42.9693366Z [  56% ] [90m[1m_update_scan_actions[22m | Grass005_Color.jpg[39m[0m
2026-10-01T11:23:42.9718676Z [  56% ] [90m[1m_update_scan_actions[22m | Grass005_NormalGL.jpg[39m[0m
2026-10-01T11:23:42.9743747Z [  56% ] [90m[1m_update_scan_actions[22m | Grass005_Roughness.jpg[39m[0m
2026-10-01T11:23:42.9766677Z [  56% ] [90m[1m_update_scan_actions[22m | Grass008_Color.jpg[39m[0m
2026-10-01T11:23:42.9790107Z [  56% ] [90m[1m_update_scan_actions[22m | Grass008_NormalGL.jpg[39m[0m
2026-10-01T11:23:42.9814843Z [  56% ] [90m[1m_update_scan_actions[22m | Grass008_Roughness.jpg[39m[0m
2026-10-01T11:23:42.9842575Z [  56% ] [90m[1m_update_scan_actions[22m | Ground003_Color.jpg[39m[0m
2026-10-01T11:23:42.9902051Z [  56% ] [90m[1m_update_scan_actions[22m | Ground003_NormalGL.jpg[39m[0m
2026-10-01T11:23:42.9931224Z [  56% ] [90m[1m_update_scan_actions[22m | Ground003_Roughness.jpg[39m[0m
2026-10-01T11:23:42.9953961Z [  56% ] [90m[1m_update_scan_actions[22m | Ground030_Color.jpg[39m[0m
2026-10-01T11:23:43.0010586Z [  56% ] [90m[1m_update_scan_actions[22m | Ground030_NormalGL.jpg[39m[0m
2026-10-01T11:23:43.0064885Z [  56% ] [90m[1m_update_scan_actions[22m | Ground037_Color.jpg[39m[0m
2026-10-01T11:23:43.0123953Z [  56% ] [90m[1m_update_scan_actions[22m | Ground037_NormalGL.jpg[39m[0m
2026-10-01T11:23:43.0153782Z [  57% ] [90m[1m_update_scan_actions[22m | Rock030_Color.jpg[39m[0m
2026-10-01T11:23:43.0213833Z [  57% ] [90m[1m_update_scan_actions[22m | Rock030_NormalGL.jpg[39m[0m
2026-10-01T11:23:43.0241267Z [  57% ] [90m[1m_update_scan_actions[22m | Rock030_Roughness.jpg[39m[0m
2026-10-01T11:23:43.0322782Z [  57% ] [90m[1m_update_scan_actions[22m | tidewake_dune_sand_v1.png[39m[0m
2026-10-01T11:23:43.0344905Z [  57% ] [90m[1m_update_scan_actions[22m | heart_banner.glb[39m[0m
2026-10-01T11:23:43.0372661Z [  57% ] [90m[1m_update_scan_actions[22m | heart_banner_albedo.png[39m[0m
2026-10-01T11:23:43.0406270Z [  57% ] [90m[1m_update_scan_actions[22m | heart_banner_heart_banner_albedo.png[39m[0m
2026-10-01T11:23:43.0409851Z [  57% ] [90m[1m_update_scan_actions[22m | heart_crystal.glb[39m[0m
2026-10-01T11:23:43.0507650Z [  57% ] [90m[1m_update_scan_actions[22m | fall_ribbons.obj[39m[0m
2026-10-01T11:23:43.0518048Z [  57% ] [90m[1m_update_scan_actions[22m | fall_threads.obj[39m[0m
2026-10-01T11:23:43.0553709Z [  57% ] [90m[1m_update_scan_actions[22m | plunge_crowns.obj[39m[0m
2026-10-01T11:23:43.0562404Z [  57% ] [90m[1m_update_scan_actions[22m | plunge_mist.obj[39m[0m
2026-10-01T11:23:43.0574308Z [  57% ] [90m[1m_update_scan_actions[22m | receiving_water.obj[39m[0m
2026-10-01T11:23:43.0584681Z [  57% ] [90m[1m_update_scan_actions[22m | source_and_basin_stone.obj[39m[0m
2026-10-01T11:23:43.0593279Z [  58% ] [90m[1m_update_scan_actions[22m | splash_arcs.obj[39m[0m
2026-10-01T11:23:43.0711992Z [  58% ] [90m[1m_update_scan_actions[22m | pump_station.glb[39m[0m
2026-10-01T11:23:43.0818629Z [  58% ] [90m[1m_update_scan_actions[22m | pump_station_Image_0.jpg[39m[0m
2026-10-01T11:23:43.0892757Z [  58% ] [90m[1m_update_scan_actions[22m | sluice_frame_18.glb[39m[0m
2026-10-01T11:23:43.0982789Z [  58% ] [90m[1m_update_scan_actions[22m | sluice_frame_18_T_WoodTrim_BaseColor.png[39m[0m
2026-10-01T11:23:43.1057207Z [  58% ] [90m[1m_update_scan_actions[22m | sluice_frame_30.glb[39m[0m
2026-10-01T11:23:43.1147635Z [  58% ] [90m[1m_update_scan_actions[22m | sluice_frame_30_T_WoodTrim_BaseColor.png[39m[0m
2026-10-01T11:23:43.1254748Z [  58% ] [90m[1m_update_scan_actions[22m | sluice_leaf_18.glb[39m[0m
2026-10-01T11:23:43.1344426Z [  58% ] [90m[1m_update_scan_actions[22m | sluice_leaf_18_T_WoodTrim_BaseColor.png[39m[0m
2026-10-01T11:23:43.1492531Z [  58% ] [90m[1m_update_scan_actions[22m | sluice_leaf_30.glb[39m[0m
2026-10-01T11:23:43.1582768Z [  58% ] [90m[1m_update_scan_actions[22m | sluice_leaf_30_T_WoodTrim_BaseColor.png[39m[0m
2026-10-01T11:23:43.1643124Z [  58% ] [90m[1m_update_scan_actions[22m | candy_pickup.glb[39m[0m
2026-10-01T11:23:43.1747521Z [  58% ] [90m[1m_update_scan_actions[22m | candy_pickup_0.png[39m[0m
2026-10-01T11:23:43.1922171Z [  58% ] [90m[1m_update_scan_actions[22m | campfire_stone_ring.glb[39m[0m
2026-10-01T11:23:43.2029244Z [  59% ] [90m[1m_update_scan_actions[22m | campfire_stone_ring_base_color.jpg[39m[0m
2026-10-01T11:23:43.2108604Z [  59% ] [90m[1m_update_scan_actions[22m | campfire_stone_ring_metallic_roughness.jpg[39m[0m
2026-10-01T11:23:43.2202038Z [  59% ] [90m[1m_update_scan_actions[22m | campfire_stone_ring_normal.jpg[39m[0m
2026-10-01T11:23:43.2308649Z [  59% ] [90m[1m_update_scan_actions[22m | camp_bed.glb[39m[0m
2026-10-01T11:23:43.2414954Z [  59% ] [90m[1m_update_scan_actions[22m | camp_bed_0.jpg[39m[0m
2026-10-01T11:23:43.2600114Z [  59% ] [90m[1m_update_scan_actions[22m | camp_firewood.glb[39m[0m
2026-10-01T11:23:43.2703769Z [  59% ] [90m[1m_update_scan_actions[22m | camp_firewood_base_color.jpg[39m[0m
2026-10-01T11:23:43.2779899Z [  59% ] [90m[1m_update_scan_actions[22m | camp_firewood_metallic_roughness.jpg[39m[0m
2026-10-01T11:23:43.2869413Z [  59% ] [90m[1m_update_scan_actions[22m | camp_firewood_normal.jpg[39m[0m
2026-10-01T11:23:43.3041891Z [  59% ] [90m[1m_update_scan_actions[22m | camp_flame.glb[39m[0m
2026-10-01T11:23:43.3145499Z [  59% ] [90m[1m_update_scan_actions[22m | camp_flame_base_color.jpg[39m[0m
2026-10-01T11:23:43.3215033Z [  59% ] [90m[1m_update_scan_actions[22m | camp_flame_metallic_roughness.jpg[39m[0m
2026-10-01T11:23:43.3301041Z [  59% ] [90m[1m_update_scan_actions[22m | camp_flame_normal.jpg[39m[0m
2026-10-01T11:23:43.3410915Z [  60% ] [90m[1m_update_scan_actions[22m | camp_tent.glb[39m[0m
2026-10-01T11:23:43.3514268Z [  60% ] [90m[1m_update_scan_actions[22m | camp_tent_0.jpg[39m[0m
2026-10-01T11:23:43.3618639Z [  60% ] [90m[1m_update_scan_actions[22m | camp_tent_base_color.jpg[39m[0m
2026-10-01T11:23:43.3692644Z [  60% ] [90m[1m_update_scan_actions[22m | camp_tent_metallic_roughness.jpg[39m[0m
2026-10-01T11:23:43.3782635Z [  60% ] [90m[1m_update_scan_actions[22m | camp_tent_normal.jpg[39m[0m
2026-10-01T11:23:43.3788006Z [  60% ] [90m[1m_update_scan_actions[22m | colormap.png[39m[0m
2026-10-01T11:23:43.3791348Z [  60% ] [90m[1m_update_scan_actions[22m | bedroll-frame.glb[39m[0m
2026-10-01T11:23:43.3794569Z [  60% ] [90m[1m_update_scan_actions[22m | bedroll-packed.glb[39m[0m
2026-10-01T11:23:43.3797499Z [  60% ] [90m[1m_update_scan_actions[22m | bedroll.glb[39m[0m
2026-10-01T11:23:43.3801296Z [  60% ] [90m[1m_update_scan_actions[22m | bedroll.obj[39m[0m
2026-10-01T11:23:43.3804908Z [  60% ] [90m[1m_update_scan_actions[22m | campfire-pit.glb[39m[0m
2026-10-01T11:23:43.3807855Z [  60% ] [90m[1m_update_scan_actions[22m | tent-canvas.glb[39m[0m
2026-10-01T11:23:43.3810759Z [  60% ] [90m[1m_update_scan_actions[22m | tent.glb[39m[0m
2026-10-01T11:23:43.3814003Z [  60% ] [90m[1m_update_scan_actions[22m | tree-log-small.glb[39m[0m
2026-10-01T11:23:43.3816790Z [  61% ] [90m[1m_update_scan_actions[22m | tree-log.glb[39m[0m
2026-10-01T11:23:43.3829278Z [  61% ] [90m[1m_update_scan_actions[22m | mushroom_pickup.glb[39m[0m
2026-10-01T11:23:43.3851478Z [  61% ] [90m[1m_update_scan_actions[22m | mushroom_pickup_0.png[39m[0m
2026-10-01T11:23:43.3947692Z [  61% ] [90m[1m_update_scan_actions[22m | potion_plant.glb[39m[0m
2026-10-01T11:23:43.4084171Z [  61% ] [90m[1m_update_scan_actions[22m | potion_plant_0.png[39m[0m
2026-10-01T11:23:43.4137717Z [  61% ] [90m[1m_update_scan_actions[22m | potion_plant_1.png[39m[0m
2026-10-01T11:23:43.4140524Z [  61% ] [90m[1m_update_scan_actions[22m | Anvil.gltf[39m[0m
2026-10-01T11:23:43.4145939Z [  61% ] [90m[1m_update_scan_actions[22m | Anvil_Log.gltf[39m[0m
2026-10-01T11:23:43.4149062Z [  61% ] [90m[1m_update_scan_actions[22m | Axe_Bronze.gltf[39m[0m
2026-10-01T11:23:43.4152176Z [  61% ] [90m[1m_update_scan_actions[22m | Bag.gltf[39m[0m
2026-10-01T11:23:43.4155411Z [  61% ] [90m[1m_update_scan_actions[22m | Banner_1.gltf[39m[0m
2026-10-01T11:23:43.4158309Z [  61% ] [90m[1m_update_scan_actions[22m | Banner_1_Cloth.gltf[39m[0m
2026-10-01T11:23:43.4161284Z [  61% ] [90m[1m_update_scan_actions[22m | Banner_2.gltf[39m[0m
2026-10-01T11:23:43.4164446Z [  61% ] [90m[1m_update_scan_actions[22m | Banner_2_Cloth.gltf[39m[0m
2026-10-01T11:23:43.4167503Z [  62% ] [90m[1m_update_scan_actions[22m | Barrel.gltf[39m[0m
2026-10-01T11:23:43.4171578Z [  62% ] [90m[1m_update_scan_actions[22m | Barrel_Apples.gltf[39m[0m
2026-10-01T11:23:43.4175949Z [  62% ] [90m[1m_update_scan_actions[22m | Barrel_Holder.gltf[39m[0m
2026-10-01T11:23:43.4179553Z [  62% ] [90m[1m_update_scan_actions[22m | Bed_Twin1.gltf[39m[0m
2026-10-01T11:23:43.4182748Z [  62% ] [90m[1m_update_scan_actions[22m | Bench.gltf[39m[0m
2026-10-01T11:23:43.4186669Z [  62% ] [90m[1m_update_scan_actions[22m | Bookcase_2.gltf[39m[0m
2026-10-01T11:23:43.4189657Z [  62% ] [90m[1m_update_scan_actions[22m | BookGroup_Medium_1.gltf[39m[0m
2026-10-01T11:23:43.4193114Z [  62% ] [90m[1m_update_scan_actions[22m | BookStand.gltf[39m[0m
2026-10-01T11:23:43.4203959Z [  62% ] [90m[1m_update_scan_actions[22m | Bucket_Metal.gltf[39m[0m
2026-10-01T11:23:43.4205285Z [  62% ] [90m[1m_update_scan_actions[22m | Bucket_Wooden_1.gltf[39m[0m
2026-10-01T11:23:43.4206349Z [  62% ] [90m[1m_update_scan_actions[22m | Cabinet.gltf[39m[0m
2026-10-01T11:23:43.4207861Z [  62% ] [90m[1m_update_scan_actions[22m | Cage_Small.gltf[39m[0m
2026-10-01T11:23:43.4214233Z [  62% ] [90m[1m_update_scan_actions[22m | CandleStick_Stand.gltf[39m[0m
2026-10-01T11:23:43.4220829Z [  62% ] [90m[1m_update_scan_actions[22m | Cauldron.gltf[39m[0m
2026-10-01T11:23:43.4225656Z [  63% ] [90m[1m_update_scan_actions[22m | Chain_Coil.gltf[39m[0m
2026-10-01T11:23:43.4229782Z [  63% ] [90m[1m_update_scan_actions[22m | Chest_Wood.gltf[39m[0m
2026-10-01T11:23:43.4234099Z [  63% ] [90m[1m_update_scan_actions[22m | Crate_Metal.gltf[39m[0m
2026-10-01T11:23:43.4237621Z [  63% ] [90m[1m_update_scan_actions[22m | Crate_Wooden.gltf[39m[0m
2026-10-01T11:23:43.4241757Z [  63% ] [90m[1m_update_scan_actions[22m | Dummy.gltf[39m[0m
2026-10-01T11:23:43.4246812Z [  63% ] [90m[1m_update_scan_actions[22m | FarmCrate_Apple.gltf[39m[0m
2026-10-01T11:23:43.4250410Z [  63% ] [90m[1m_update_scan_actions[22m | FarmCrate_Empty.gltf[39m[0m
2026-10-01T11:23:43.4254757Z [  63% ] [90m[1m_update_scan_actions[22m | Lantern_Wall.gltf[39m[0m
2026-10-01T11:23:43.4257790Z [  63% ] [90m[1m_update_scan_actions[22m | Peg_Rack.gltf[39m[0m
2026-10-01T11:23:43.4260942Z [  63% ] [90m[1m_update_scan_actions[22m | Pickaxe_Bronze.gltf[39m[0m
2026-10-01T11:23:43.4264427Z [  63% ] [90m[1m_update_scan_actions[22m | Pot_1.gltf[39m[0m
2026-10-01T11:23:43.4267475Z [  63% ] [90m[1m_update_scan_actions[22m | Pouch_Large.gltf[39m[0m
2026-10-01T11:23:43.4270987Z [  63% ] [90m[1m_update_scan_actions[22m | Rope_1.gltf[39m[0m
2026-10-01T11:23:43.4274685Z [  63% ] [90m[1m_update_scan_actions[22m | Rope_2.gltf[39m[0m
2026-10-01T11:23:43.4278162Z [  64% ] [90m[1m_update_scan_actions[22m | Rope_3.gltf[39m[0m
2026-10-01T11:23:43.4281077Z [  64% ] [90m[1m_update_scan_actions[22m | Shelf_Simple.gltf[39m[0m
2026-10-01T11:23:43.4285243Z [  64% ] [90m[1m_update_scan_actions[22m | Shield_Wooden.gltf[39m[0m
2026-10-01T11:23:43.4289694Z [  64% ] [90m[1m_update_scan_actions[22m | Stall_Cart_Empty.gltf[39m[0m
2026-10-01T11:23:43.4293367Z [  64% ] [90m[1m_update_scan_actions[22m | Stall_Empty.gltf[39m[0m
2026-10-01T11:23:43.4296154Z [  64% ] [90m[1m_update_scan_actions[22m | Stool.gltf[39m[0m
2026-10-01T11:23:43.4299935Z [  64% ] [90m[1m_update_scan_actions[22m | Sword_Bronze.gltf[39m[0m
2026-10-01T11:23:43.4303406Z [  64% ] [90m[1m_update_scan_actions[22m | Table_Large.gltf[39m[0m
2026-10-01T11:23:43.4313674Z [  64% ] [90m[1m_update_scan_actions[22m | tidewake_chart.svg[39m[0m
2026-10-01T11:23:43.4317239Z [  64% ] [90m[1m_update_scan_actions[22m | Torch_Metal.gltf[39m[0m
2026-10-01T11:23:43.4600815Z [  64% ] [90m[1m_update_scan_actions[22m | T_Page_Noise.png[39m[0m
2026-10-01T11:23:43.4675881Z [  64% ] [90m[1m_update_scan_actions[22m | T_Trim_Cloth_BaseColor.png[39m[0m
2026-10-01T11:23:43.4785032Z [  64% ] [90m[1m_update_scan_actions[22m | T_Trim_Cloth_Normal.png[39m[0m
2026-10-01T11:23:43.4836433Z [  65% ] [90m[1m_update_scan_actions[22m | T_Trim_Cloth_ORM.png[39m[0m
2026-10-01T11:23:43.4916404Z [  65% ] [90m[1m_update_scan_actions[22m | T_Trim_Furniture_BaseColor.png[39m[0m
2026-10-01T11:23:43.5018086Z [  65% ] [90m[1m_update_scan_actions[22m | T_Trim_Furniture_Normal.png[39m[0m
2026-10-01T11:23:43.5094818Z [  65% ] [90m[1m_update_scan_actions[22m | T_Trim_Furniture_ORM.png[39m[0m
2026-10-01T11:23:43.5159695Z [  65% ] [90m[1m_update_scan_actions[22m | T_Trim_Metal_BaseColor.png[39m[0m
2026-10-01T11:23:43.5263897Z [  65% ] [90m[1m_update_scan_actions[22m | T_Trim_Metal_Normal.png[39m[0m
2026-10-01T11:23:43.5337184Z [  65% ] [90m[1m_update_scan_actions[22m | T_Trim_Metal_ORM.png[39m[0m
2026-10-01T11:23:43.5417404Z [  65% ] [90m[1m_update_scan_actions[22m | T_Trim_Props_BaseColor.png[39m[0m
2026-10-01T11:23:43.5536481Z [  65% ] [90m[1m_update_scan_actions[22m | T_Trim_Props_Normal.png[39m[0m
2026-10-01T11:23:43.5630193Z [  65% ] [90m[1m_update_scan_actions[22m | T_Trim_Props_ORM.png[39m[0m
2026-10-01T11:23:43.5634314Z [  65% ] [90m[1m_update_scan_actions[22m | Vase_Rubble_Medium.gltf[39m[0m
2026-10-01T11:23:43.5637710Z [  65% ] [90m[1m_update_scan_actions[22m | WeaponStand.gltf[39m[0m
2026-10-01T11:23:43.5641037Z [  65% ] [90m[1m_update_scan_actions[22m | Whetstone.gltf[39m[0m
2026-10-01T11:23:43.5644811Z [  65% ] [90m[1m_update_scan_actions[22m | Workbench.gltf[39m[0m
2026-10-01T11:23:43.5660513Z [  66% ] [90m[1m_update_scan_actions[22m | BedDouble.obj[39m[0m
2026-10-01T11:23:43.5673344Z [  66% ] [90m[1m_update_scan_actions[22m | BedTwin.obj[39m[0m
2026-10-01T11:23:43.5682807Z [  66% ] [90m[1m_update_scan_actions[22m | Bookcase.obj[39m[0m
2026-10-01T11:23:43.5709813Z [  66% ] [90m[1m_update_scan_actions[22m | Bookcase_Books.obj[39m[0m
2026-10-01T11:23:43.5715104Z [  66% ] [90m[1m_update_scan_actions[22m | Chair.obj[39m[0m
2026-10-01T11:23:43.5725949Z [  66% ] [90m[1m_update_scan_actions[22m | Closet.obj[39m[0m
2026-10-01T11:23:43.5735308Z [  66% ] [90m[1m_update_scan_actions[22m | Desk.obj[39m[0m
2026-10-01T11:23:43.5743163Z [  66% ] [90m[1m_update_scan_actions[22m | Door1.obj[39m[0m
2026-10-01T11:23:43.5750962Z [  66% ] [90m[1m_update_scan_actions[22m | NightStand.obj[39m[0m
2026-10-01T11:23:43.5764969Z [  66% ] [90m[1m_update_scan_actions[22m | ShortCloset.obj[39m[0m
2026-10-01T11:23:43.5769488Z [  66% ] [90m[1m_update_scan_actions[22m | Stool.obj[39m[0m
2026-10-01T11:23:43.5776107Z [  66% ] [90m[1m_update_scan_actions[22m | Table2.obj[39m[0m
2026-10-01T11:23:43.5781775Z [  66% ] [90m[1m_update_scan_actions[22m | Table.obj[39m[0m
2026-10-01T11:23:43.5785893Z [  66% ] [90m[1m_update_scan_actions[22m | Axe.obj[39m[0m
2026-10-01T11:23:43.5793927Z [  67% ] [90m[1m_update_scan_actions[22m | Backpack.obj[39m[0m
2026-10-01T11:23:43.5798634Z [  67% ] [90m[1m_update_scan_actions[22m | Bonfire.obj[39m[0m
2026-10-01T11:23:43.5804096Z [  67% ] [90m[1m_update_scan_actions[22m | Bonfire_Fire.obj[39m[0m
2026-10-01T11:23:43.5808209Z [  67% ] [90m[1m_update_scan_actions[22m | Knife.obj[39m[0m
2026-10-01T11:23:43.6038646Z [  67% ] [90m[1m_update_scan_actions[22m | realm_gate_frame.glb[39m[0m
2026-10-01T11:23:43.6164732Z [  67% ] [90m[1m_update_scan_actions[22m | realm_gate_frame_Image_0.jpg[39m[0m
2026-10-01T11:23:43.6254120Z [  67% ] [90m[1m_update_scan_actions[22m | realm_gate_frame_Image_1.png[39m[0m
2026-10-01T11:23:43.6404154Z [  67% ] [90m[1m_update_scan_actions[22m | realm_gate_frame_normal.png[39m[0m
2026-10-01T11:23:43.6486116Z [  67% ] [90m[1m_update_scan_actions[22m | revive_flower.glb[39m[0m
2026-10-01T11:23:43.6610254Z [  67% ] [90m[1m_update_scan_actions[22m | revive_flower_0.png[39m[0m
2026-10-01T11:23:43.6667452Z [  67% ] [90m[1m_update_scan_actions[22m | riding_saddle.glb[39m[0m
2026-10-01T11:23:43.6766081Z [  67% ] [90m[1m_update_scan_actions[22m | riding_saddle_0.jpg[39m[0m
2026-10-01T11:23:43.6769469Z [  67% ] [90m[1m_update_scan_actions[22m | attack_tonic_badge.glb[39m[0m
2026-10-01T11:23:43.6835925Z [  67% ] [90m[1m_update_scan_actions[22m | bottle_base.glb[39m[0m
2026-10-01T11:23:43.6837393Z [  68% ] [90m[1m_update_scan_actions[22m | bottle_base_Image_0.jpg[39m[0m
2026-10-01T11:23:43.6840667Z [  68% ] [90m[1m_update_scan_actions[22m | elixir_guard_badge.glb[39m[0m
2026-10-01T11:23:43.6844111Z [  68% ] [90m[1m_update_scan_actions[22m | elixir_might_badge.glb[39m[0m
2026-10-01T11:23:43.6847415Z [  68% ] [90m[1m_update_scan_actions[22m | elixir_vigour_badge.glb[39m[0m
2026-10-01T11:23:43.6850711Z [  68% ] [90m[1m_update_scan_actions[22m | stoneguard_brew_badge.glb[39m[0m
2026-10-01T11:23:43.6853920Z [  68% ] [90m[1m_update_scan_actions[22m | swift_tonic_badge.glb[39m[0m
2026-10-01T11:23:43.6934907Z [  68% ] [90m[1m_update_scan_actions[22m | tideglass_shrine.glb[39m[0m
2026-10-01T11:23:43.7046781Z [  68% ] [90m[1m_update_scan_actions[22m | tideglass_shrine_0.jpg[39m[0m
2026-10-01T11:23:43.7147442Z [  68% ] [90m[1m_update_scan_actions[22m | tm_orb.glb[39m[0m
2026-10-01T11:23:43.7251808Z [  68% ] [90m[1m_update_scan_actions[22m | tm_orb_0.jpg[39m[0m
2026-10-01T11:23:43.7292311Z [  68% ] [90m[1m_update_scan_actions[22m | tm_orb_emissive_mask.png[39m[0m
2026-10-01T11:23:43.7421566Z [  68% ] [90m[1m_update_scan_actions[22m | tm_orb_shell.png[39m[0m
2026-10-01T11:23:43.7424285Z [  68% ] [90m[1m_update_scan_actions[22m | aim_enter.wav[39m[0m
2026-10-01T11:23:43.7427249Z [  68% ] [90m[1m_update_scan_actions[22m | build_place.wav[39m[0m
2026-10-01T11:23:43.7430031Z [  69% ] [90m[1m_update_scan_actions[22m | build_snap.wav[39m[0m
2026-10-01T11:23:43.7433477Z [  69% ] [90m[1m_update_scan_actions[22m | capture_success.wav[39m[0m
2026-10-01T11:23:43.7436376Z [  69% ] [90m[1m_update_scan_actions[22m | ui_accept.wav[39m[0m
2026-10-01T11:23:43.7439327Z [  69% ] [90m[1m_update_scan_actions[22m | ui_cancel.wav[39m[0m
2026-10-01T11:23:43.7442594Z [  69% ] [90m[1m_update_scan_actions[22m | ui_error.wav[39m[0m
2026-10-01T11:23:43.7445381Z [  69% ] [90m[1m_update_scan_actions[22m | ui_focus.wav[39m[0m
2026-10-01T11:23:43.7448240Z [  69% ] [90m[1m_update_scan_actions[22m | ui_tab.wav[39m[0m
2026-10-01T11:23:43.7451811Z [  69% ] [90m[1m_update_scan_actions[22m | kenney_future.ttf[39m[0m
2026-10-01T11:23:43.7456023Z [  69% ] [90m[1m_update_scan_actions[22m | kenney_future_narrow.ttf[39m[0m
2026-10-01T11:23:43.7459721Z [  69% ] [90m[1m_update_scan_actions[22m | bedroll.png[39m[0m
2026-10-01T11:23:43.7463267Z [  69% ] [90m[1m_update_scan_actions[22m | campfire.png[39m[0m
2026-10-01T11:23:43.7466796Z [  69% ] [90m[1m_update_scan_actions[22m | creature_bed.png[39m[0m
2026-10-01T11:23:43.7470903Z [  69% ] [90m[1m_update_scan_actions[22m | door.png[39m[0m
2026-10-01T11:23:43.7474617Z [  70% ] [90m[1m_update_scan_actions[22m | fence.png[39m[0m
2026-10-01T11:23:43.7478468Z [  70% ] [90m[1m_update_scan_actions[22m | floor.png[39m[0m
2026-10-01T11:23:43.7481217Z [  70% ] [90m[1m_update_scan_actions[22m | roof.png[39m[0m
2026-10-01T11:23:43.7484816Z [  70% ] [90m[1m_update_scan_actions[22m | storage.png[39m[0m
2026-10-01T11:23:43.7487707Z [  70% ] [90m[1m_update_scan_actions[22m | tent.png[39m[0m
2026-10-01T11:23:43.7490444Z [  70% ] [90m[1m_update_scan_actions[22m | torch.png[39m[0m
2026-10-01T11:23:43.7493651Z [  70% ] [90m[1m_update_scan_actions[22m | wall.png[39m[0m
2026-10-01T11:23:43.7496665Z [  70% ] [90m[1m_update_scan_actions[22m | workbench.png[39m[0m
2026-10-01T11:23:43.7521116Z [  70% ] [90m[1m_update_scan_actions[22m | creatures_paw.png[39m[0m
2026-10-01T11:23:43.7544419Z [  70% ] [90m[1m_update_scan_actions[22m | hp_heart.png[39m[0m
2026-10-01T11:23:43.7581341Z [  70% ] [90m[1m_update_scan_actions[22m | orb_capture.png[39m[0m
2026-10-01T11:23:43.7597277Z [  70% ] [90m[1m_update_scan_actions[22m | stamina_bolt.png[39m[0m
2026-10-01T11:23:43.7600025Z [  70% ] [90m[1m_update_scan_actions[22m | armor_backpack.png[39m[0m
2026-10-01T11:23:43.7603010Z [  70% ] [90m[1m_update_scan_actions[22m | armor_boots.png[39m[0m
2026-10-01T11:23:43.7605701Z [  71% ] [90m[1m_update_scan_actions[22m | armor_helmet.png[39m[0m
2026-10-01T11:23:43.7608421Z [  71% ] [90m[1m_update_scan_actions[22m | armor_leggings.png[39m[0m
2026-10-01T11:23:43.7611164Z [  71% ] [90m[1m_update_scan_actions[22m | armor_vest.png[39m[0m
2026-10-01T11:23:43.7614173Z [  71% ] [90m[1m_update_scan_actions[22m | attack_tonic.png[39m[0m
2026-10-01T11:23:43.7616805Z [  71% ] [90m[1m_update_scan_actions[22m | axe.png[39m[0m
2026-10-01T11:23:43.7619559Z [  71% ] [90m[1m_update_scan_actions[22m | berries.png[39m[0m
2026-10-01T11:23:43.7622578Z [  71% ] [90m[1m_update_scan_actions[22m | castle_gate_key.png[39m[0m
2026-10-01T11:23:43.7625364Z [  71% ] [90m[1m_update_scan_actions[22m | coin.png[39m[0m
2026-10-01T11:23:43.7628189Z [  71% ] [90m[1m_update_scan_actions[22m | elixir_guard.png[39m[0m
2026-10-01T11:23:43.7630970Z [  71% ] [90m[1m_update_scan_actions[22m | elixir_might.png[39m[0m
2026-10-01T11:23:43.7634086Z [  71% ] [90m[1m_update_scan_actions[22m | elixir_vigour.png[39m[0m
2026-10-01T11:23:43.7636809Z [  71% ] [90m[1m_update_scan_actions[22m | fiber.png[39m[0m
2026-10-01T11:23:43.7639740Z [  71% ] [90m[1m_update_scan_actions[22m | field_sigil.png[39m[0m
2026-10-01T11:23:43.7642846Z [  71% ] [90m[1m_update_scan_actions[22m | fishing_rod.png[39m[0m
2026-10-01T11:23:43.7645609Z [  72% ] [90m[1m_update_scan_actions[22m | good_candy.png[39m[0m
2026-10-01T11:23:43.7648397Z [  72% ] [90m[1m_update_scan_actions[22m | great_candy.png[39m[0m
2026-10-01T11:23:43.7651120Z [  72% ] [90m[1m_update_scan_actions[22m | hammer.png[39m[0m
2026-10-01T11:23:43.7654313Z [  72% ] [90m[1m_update_scan_actions[22m | ironwood.png[39m[0m
2026-10-01T11:23:43.7657041Z [  72% ] [90m[1m_update_scan_actions[22m | knife.png[39m[0m
2026-10-01T11:23:43.7659983Z [  72% ] [90m[1m_update_scan_actions[22m | mill_bridge_gear.png[39m[0m
2026-10-01T11:23:43.7663043Z [  72% ] [90m[1m_update_scan_actions[22m | orb_basic.png[39m[0m
2026-10-01T11:23:43.7665957Z [  72% ] [90m[1m_update_scan_actions[22m | orb_greater.png[39m[0m
2026-10-01T11:23:43.7668777Z [  72% ] [90m[1m_update_scan_actions[22m | orb_prime.png[39m[0m
2026-10-01T11:23:43.7671447Z [  72% ] [90m[1m_update_scan_actions[22m | pickaxe.png[39m[0m
2026-10-01T11:23:43.7674538Z [  72% ] [90m[1m_update_scan_actions[22m | potion_large.png[39m[0m
2026-10-01T11:23:43.7677275Z [  72% ] [90m[1m_update_scan_actions[22m | potion_small.png[39m[0m
2026-10-01T11:23:43.7680087Z [  72% ] [90m[1m_update_scan_actions[22m | rare_candy.png[39m[0m
2026-10-01T11:23:43.7683154Z [  72% ] [90m[1m_update_scan_actions[22m | revive.png[39m[0m
2026-10-01T11:23:43.7686263Z [  73% ] [90m[1m_update_scan_actions[22m | ridge_sigil.png[39m[0m
2026-10-01T11:23:43.7688927Z [  73% ] [90m[1m_update_scan_actions[22m | river_sigil.png[39m[0m
2026-10-01T11:23:43.7691700Z [  73% ] [90m[1m_update_scan_actions[22m | rootstone.png[39m[0m
2026-10-01T11:23:43.7694692Z [  73% ] [90m[1m_update_scan_actions[22m | saddle_frame.png[39m[0m
2026-10-01T11:23:43.7697497Z [  73% ] [90m[1m_update_scan_actions[22m | south_bridge_key.png[39m[0m
2026-10-01T11:23:43.7700317Z [  73% ] [90m[1m_update_scan_actions[22m | speed_mushroom.png[39m[0m
2026-10-01T11:23:43.7703550Z [  73% ] [90m[1m_update_scan_actions[22m | stamina_mushroom.png[39m[0m
2026-10-01T11:23:43.7706344Z [  73% ] [90m[1m_update_scan_actions[22m | stone.png[39m[0m
2026-10-01T11:23:43.7709176Z [  73% ] [90m[1m_update_scan_actions[22m | stoneguard_brew.png[39m[0m
2026-10-01T11:23:43.7711860Z [  73% ] [90m[1m_update_scan_actions[22m | swift_tonic.png[39m[0m
2026-10-01T11:23:43.7714991Z [  73% ] [90m[1m_update_scan_actions[22m | tm_burrow_strike.png[39m[0m
2026-10-01T11:23:43.7717822Z [  73% ] [90m[1m_update_scan_actions[22m | tm_charged.png[39m[0m
2026-10-01T11:23:43.7720699Z [  73% ] [90m[1m_update_scan_actions[22m | tm_quick.png[39m[0m
2026-10-01T11:23:43.7723842Z [  73% ] [90m[1m_update_scan_actions[22m | tm_stone_rush.png[39m[0m
2026-10-01T11:23:43.7726656Z [  74% ] [90m[1m_update_scan_actions[22m | wild_mushroom.png[39m[0m
2026-10-01T11:23:43.7729442Z [  74% ] [90m[1m_update_scan_actions[22m | wood.png[39m[0m
2026-10-01T11:23:43.7732537Z [  74% ] [90m[1m_update_scan_actions[22m | alpha.png[39m[0m
2026-10-01T11:23:43.7735483Z [  74% ] [90m[1m_update_scan_actions[22m | bridge.png[39m[0m
2026-10-01T11:23:43.7738463Z [  74% ] [90m[1m_update_scan_actions[22m | camp.png[39m[0m
2026-10-01T11:23:43.7741378Z [  74% ] [90m[1m_update_scan_actions[22m | cave.png[39m[0m
2026-10-01T11:23:43.7744695Z [  74% ] [90m[1m_update_scan_actions[22m | death_satchel.png[39m[0m
2026-10-01T11:23:43.7747582Z [  74% ] [90m[1m_update_scan_actions[22m | gate.png[39m[0m
2026-10-01T11:23:43.7750440Z [  74% ] [90m[1m_update_scan_actions[22m | home.png[39m[0m
2026-10-01T11:23:43.7753831Z [  74% ] [90m[1m_update_scan_actions[22m | objective.png[39m[0m
2026-10-01T11:23:43.7756762Z [  74% ] [90m[1m_update_scan_actions[22m | question.png[39m[0m
2026-10-01T11:23:43.7759691Z [  74% ] [90m[1m_update_scan_actions[22m | relay.png[39m[0m
2026-10-01T11:23:43.7763006Z [  74% ] [90m[1m_update_scan_actions[22m | rift.png[39m[0m
2026-10-01T11:23:43.7766025Z [  75% ] [90m[1m_update_scan_actions[22m | stronghold.png[39m[0m
2026-10-01T11:23:43.7768987Z [  75% ] [90m[1m_update_scan_actions[22m | village.png[39m[0m
2026-10-01T11:23:43.7771724Z [  75% ] [90m[1m_update_scan_actions[22m | bond.png[39m[0m
2026-10-01T11:23:43.7774727Z [  75% ] [90m[1m_update_scan_actions[22m | cat_crafting.png[39m[0m
2026-10-01T11:23:43.7777391Z [  75% ] [90m[1m_update_scan_actions[22m | cat_furniture.png[39m[0m
2026-10-01T11:23:43.7780068Z [  75% ] [90m[1m_update_scan_actions[22m | cat_structures.png[39m[0m
2026-10-01T11:23:43.7783076Z [  75% ] [90m[1m_update_scan_actions[22m | cat_survival.png[39m[0m
2026-10-01T11:23:43.7785829Z [  75% ] [90m[1m_update_scan_actions[22m | move_charged.png[39m[0m
2026-10-01T11:23:43.7788657Z [  75% ] [90m[1m_update_scan_actions[22m | move_quick.png[39m[0m
2026-10-01T11:23:43.7791527Z [  75% ] [90m[1m_update_scan_actions[22m | orb_tier_basic.png[39m[0m
2026-10-01T11:23:43.7794540Z [  75% ] [90m[1m_update_scan_actions[22m | type_air.png[39m[0m
2026-10-01T11:23:43.7797374Z [  75% ] [90m[1m_update_scan_actions[22m | type_ground.png[39m[0m
2026-10-01T11:23:43.7800169Z [  75% ] [90m[1m_update_scan_actions[22m | type_water.png[39m[0m
2026-10-01T11:23:43.7803138Z [  75% ] [90m[1m_update_scan_actions[22m | keyboard_1.png[39m[0m
2026-10-01T11:23:43.7805689Z [  76% ] [90m[1m_update_scan_actions[22m | keyboard_2.png[39m[0m
2026-10-01T11:23:43.7808500Z [  76% ] [90m[1m_update_scan_actions[22m | keyboard_3.png[39m[0m
2026-10-01T11:23:43.7810963Z [  76% ] [90m[1m_update_scan_actions[22m | keyboard_4.png[39m[0m
2026-10-01T11:23:43.7813862Z [  76% ] [90m[1m_update_scan_actions[22m | keyboard_5.png[39m[0m
2026-10-01T11:23:43.7816534Z [  76% ] [90m[1m_update_scan_actions[22m | keyboard_arrow_left.png[39m[0m
2026-10-01T11:23:43.7819270Z [  76% ] [90m[1m_update_scan_actions[22m | keyboard_arrow_right.png[39m[0m
2026-10-01T11:23:43.7821791Z [  76% ] [90m[1m_update_scan_actions[22m | keyboard_b.png[39m[0m
2026-10-01T11:23:43.7824477Z [  76% ] [90m[1m_update_scan_actions[22m | keyboard_c.png[39m[0m
2026-10-01T11:23:43.7827038Z [  76% ] [90m[1m_update_scan_actions[22m | keyboard_e.png[39m[0m
2026-10-01T11:23:43.7829704Z [  76% ] [90m[1m_update_scan_actions[22m | keyboard_escape.png[39m[0m
2026-10-01T11:23:43.7832451Z [  76% ] [90m[1m_update_scan_actions[22m | keyboard_f.png[39m[0m
2026-10-01T11:23:43.7835080Z [  76% ] [90m[1m_update_scan_actions[22m | keyboard_h.png[39m[0m
2026-10-01T11:23:43.7837613Z [  76% ] [90m[1m_update_scan_actions[22m | keyboard_i.png[39m[0m
2026-10-01T11:23:43.7840180Z [  76% ] [90m[1m_update_scan_actions[22m | keyboard_l.png[39m[0m
2026-10-01T11:23:43.7843120Z [  77% ] [90m[1m_update_scan_actions[22m | keyboard_m.png[39m[0m
2026-10-01T11:23:43.7845687Z [  77% ] [90m[1m_update_scan_actions[22m | keyboard_p.png[39m[0m
2026-10-01T11:23:43.7848272Z [  77% ] [90m[1m_update_scan_actions[22m | keyboard_r.png[39m[0m
2026-10-01T11:23:43.7850912Z [  77% ] [90m[1m_update_scan_actions[22m | keyboard_return.png[39m[0m
2026-10-01T11:23:43.7853813Z [  77% ] [90m[1m_update_scan_actions[22m | mouse_left.png[39m[0m
2026-10-01T11:23:43.7856414Z [  77% ] [90m[1m_update_scan_actions[22m | mouse_right.png[39m[0m
2026-10-01T11:23:43.7859034Z [  77% ] [90m[1m_update_scan_actions[22m | xbox_button_a.png[39m[0m
2026-10-01T11:23:43.7861657Z [  77% ] [90m[1m_update_scan_actions[22m | xbox_button_b.png[39m[0m
2026-10-01T11:23:43.7864440Z [  77% ] [90m[1m_update_scan_actions[22m | xbox_button_start.png[39m[0m
2026-10-01T11:23:43.7867625Z [  77% ] [90m[1m_update_scan_actions[22m | xbox_button_view.png[39m[0m
2026-10-01T11:23:43.7871099Z [  77% ] [90m[1m_update_scan_actions[22m | xbox_button_x.png[39m[0m
2026-10-01T11:23:43.7874796Z [  77% ] [90m[1m_update_scan_actions[22m | xbox_button_y.png[39m[0m
2026-10-01T11:23:43.7878771Z [  77% ] [90m[1m_update_scan_actions[22m | xbox_dpad_down.png[39m[0m
2026-10-01T11:23:43.7882934Z [  77% ] [90m[1m_update_scan_actions[22m | xbox_dpad_left.png[39m[0m
2026-10-01T11:23:43.7886461Z [  78% ] [90m[1m_update_scan_actions[22m | xbox_dpad_right.png[39m[0m
2026-10-01T11:23:43.7889892Z [  78% ] [90m[1m_update_scan_actions[22m | xbox_dpad_up.png[39m[0m
2026-10-01T11:23:43.7893220Z [  78% ] [90m[1m_update_scan_actions[22m | xbox_lb.png[39m[0m
2026-10-01T11:23:43.7895948Z [  78% ] [90m[1m_update_scan_actions[22m | xbox_lt.png[39m[0m
2026-10-01T11:23:43.7898684Z [  78% ] [90m[1m_update_scan_actions[22m | xbox_rb.png[39m[0m
2026-10-01T11:23:43.7901487Z [  78% ] [90m[1m_update_scan_actions[22m | xbox_rt.png[39m[0m
2026-10-01T11:23:43.7904420Z [  78% ] [90m[1m_update_scan_actions[22m | xbox_stick_r_press.png[39m[0m
2026-10-01T11:23:43.7932331Z [  78% ] [90m[1m_update_scan_actions[22m | abyssal_guardian.png[39m[0m
2026-10-01T11:23:43.7962099Z [  78% ] [90m[1m_update_scan_actions[22m | aeriex.png[39m[0m
2026-10-01T11:23:43.7997870Z [  78% ] [90m[1m_update_scan_actions[22m | aquaryn.png[39m[0m
2026-10-01T11:23:43.8015278Z [  78% ] [90m[1m_update_scan_actions[22m | bramblebun.png[39m[0m
2026-10-01T11:23:43.8048896Z [  78% ] [90m[1m_update_scan_actions[22m | breezetail.png[39m[0m
2026-10-01T11:23:43.8065406Z [  78% ] [90m[1m_update_scan_actions[22m | brooktail.png[39m[0m
2026-10-01T11:23:43.8082413Z [  78% ] [90m[1m_update_scan_actions[22m | burrowback.png[39m[0m
2026-10-01T11:23:43.8118395Z [  79% ] [90m[1m_update_scan_actions[22m | cannonback.png[39m[0m
2026-10-01T11:23:43.8132604Z [  79% ] [90m[1m_update_scan_actions[22m | cindercub.png[39m[0m
2026-10-01T11:23:43.8169506Z [  79% ] [90m[1m_update_scan_actions[22m | cliffspike.png[39m[0m
2026-10-01T11:23:43.8199616Z [  79% ] [90m[1m_update_scan_actions[22m | cloudfang.png[39m[0m
2026-10-01T11:23:43.8235591Z [  79% ] [90m[1m_update_scan_actions[22m | cragclaw.png[39m[0m
2026-10-01T11:23:43.8267915Z [  79% ] [90m[1m_update_scan_actions[22m | craghorn.png[39m[0m
2026-10-01T11:23:43.8290197Z [  79% ] [90m[1m_update_scan_actions[22m | duskhush.png[39m[0m
2026-10-01T11:23:43.8300366Z [  79% ] [90m[1m_update_scan_actions[22m | frostclaw.png[39m[0m
2026-10-01T11:23:43.8329116Z [  79% ] [90m[1m_update_scan_actions[22m | fulgocobra.png[39m[0m
2026-10-01T11:23:43.8340762Z [  79% ] [90m[1m_update_scan_actions[22m | galecrest.png[39m[0m
2026-10-01T11:23:43.8358016Z [  79% ] [90m[1m_update_scan_actions[22m | galewisp.png[39m[0m
2026-10-01T11:23:43.8390083Z [  79% ] [90m[1m_update_scan_actions[22m | glimmermoth.png[39m[0m
2026-10-01T11:23:43.8418837Z [  79% ] [90m[1m_update_scan_actions[22m | mangrove_monitor.png[39m[0m
2026-10-01T11:23:43.8435200Z [  80% ] [90m[1m_update_scan_actions[22m | meadowhart.png[39m[0m
2026-10-01T11:23:43.8464350Z [  80% ] [90m[1m_update_scan_actions[22m | mirejaw.png[39m[0m
2026-10-01T11:23:43.8482599Z [  80% ] [90m[1m_update_scan_actions[22m | mosshell.png[39m[0m
2026-10-01T11:23:43.8515314Z [  80% ] [90m[1m_update_scan_actions[22m | mosshock.png[39m[0m
2026-10-01T11:23:43.8533707Z [  80% ] [90m[1m_update_scan_actions[22m | mudsnout.png[39m[0m
2026-10-01T11:23:43.8550144Z [  80% ] [90m[1m_update_scan_actions[22m | paddlenewt.png[39m[0m
2026-10-01T11:23:43.8582839Z [  80% ] [90m[1m_update_scan_actions[22m | pebbik.png[39m[0m
2026-10-01T11:23:43.8601753Z [  80% ] [90m[1m_update_scan_actions[22m | pipwing.png[39m[0m
2026-10-01T11:23:43.8615048Z [  80% ] [90m[1m_update_scan_actions[22m | reedwing.png[39m[0m
2026-10-01T11:23:43.8644812Z [  80% ] [90m[1m_update_scan_actions[22m | ribbonray.png[39m[0m
2026-10-01T11:23:43.8663620Z [  80% ] [90m[1m_update_scan_actions[22m | ripplet.png[39m[0m
2026-10-01T11:23:43.8695717Z [  80% ] [90m[1m_update_scan_actions[22m | riptusk.png[39m[0m
2026-10-01T11:23:43.8725948Z [  80% ] [90m[1m_update_scan_actions[22m | riverdrake.png[39m[0m
2026-10-01T11:23:43.8736113Z [  80% ] [90m[1m_update_scan_actions[22m | shadelet.png[39m[0m
2026-10-01T11:23:43.8765096Z [  81% ] [90m[1m_update_scan_actions[22m | sirenseal.png[39m[0m
2026-10-01T11:23:43.8793458Z [  81% ] [90m[1m_update_scan_actions[22m | skyrill.png[39m[0m
2026-10-01T11:23:43.8825062Z [  81% ] [90m[1m_update_scan_actions[22m | solmane.png[39m[0m
2026-10-01T11:23:43.8835612Z [  81% ] [90m[1m_update_scan_actions[22m | sparkit.png[39m[0m
2026-10-01T11:23:43.8870845Z [  81% ] [90m[1m_update_scan_actions[22m | staticub.png[39m[0m
2026-10-01T11:23:43.8904340Z [  81% ] [90m[1m_update_scan_actions[22m | stormbrush.png[39m[0m
2026-10-01T11:23:43.8937746Z [  81% ] [90m[1m_update_scan_actions[22m | stormcapra.png[39m[0m
2026-10-01T11:23:43.8967359Z [  81% ] [90m[1m_update_scan_actions[22m | stormraven.png[39m[0m
2026-10-01T11:23:43.8997296Z [  81% ] [90m[1m_update_scan_actions[22m | tanglevolt.png[39m[0m
2026-10-01T11:23:43.9026959Z [  81% ] [90m[1m_update_scan_actions[22m | tempestwing.png[39m[0m
2026-10-01T11:23:43.9045469Z [  81% ] [90m[1m_update_scan_actions[22m | terrapup.png[39m[0m
2026-10-01T11:23:43.9079397Z [  81% ] [90m[1m_update_scan_actions[22m | thundertunnel.png[39m[0m
2026-10-01T11:23:43.9111027Z [  81% ] [90m[1m_update_scan_actions[22m | tidecoil.png[39m[0m
2026-10-01T11:23:43.9147793Z [  81% ] [90m[1m_update_scan_actions[22m | torrentoad.png[39m[0m
2026-10-01T11:23:43.9164491Z [  82% ] [90m[1m_update_scan_actions[22m | trailpup.png[39m[0m
2026-10-01T11:23:43.9182981Z [  82% ] [90m[1m_update_scan_actions[22m | tuskroot.png[39m[0m
2026-10-01T11:23:43.9200884Z [  82% ] [90m[1m_update_scan_actions[22m | veridian.png[39m[0m
2026-10-01T11:23:43.9235893Z [  82% ] [90m[1m_update_scan_actions[22m | voltarach.png[39m[0m
2026-10-01T11:23:43.9268196Z [  82% ] [90m[1m_update_scan_actions[22m | voltwig.png[39m[0m
2026-10-01T11:23:43.9274229Z [  82% ] [90m[1m_update_scan_actions[22m | ada.png[39m[0m
2026-10-01T11:23:43.9279206Z [  82% ] [90m[1m_update_scan_actions[22m | bram.png[39m[0m
2026-10-01T11:23:43.9284388Z [  82% ] [90m[1m_update_scan_actions[22m | bryn.png[39m[0m
2026-10-01T11:23:43.9289491Z [  82% ] [90m[1m_update_scan_actions[22m | captain.png[39m[0m
2026-10-01T11:23:43.9294941Z [  82% ] [90m[1m_update_scan_actions[22m | captain_a.png[39m[0m
2026-10-01T11:23:43.9300277Z [  82% ] [90m[1m_update_scan_actions[22m | captain_b.png[39m[0m
2026-10-01T11:23:43.9360053Z [  82% ] [90m[1m_update_scan_actions[22m | cloudreach_aila_clean.png[39m[0m
2026-10-01T11:23:43.9365700Z [  82% ] [90m[1m_update_scan_actions[22m | corin.png[39m[0m
2026-10-01T11:23:43.9370093Z [  82% ] [90m[1m_update_scan_actions[22m | doss.png[39m[0m
2026-10-01T11:23:43.9375175Z [  83% ] [90m[1m_update_scan_actions[22m | fenn.png[39m[0m
2026-10-01T11:23:43.9380014Z [  83% ] [90m[1m_update_scan_actions[22m | garrick.png[39m[0m
2026-10-01T11:23:43.9385045Z [  83% ] [90m[1m_update_scan_actions[22m | grandpa.png[39m[0m
2026-10-01T11:23:43.9389743Z [  83% ] [90m[1m_update_scan_actions[22m | grunt.png[39m[0m
2026-10-01T11:23:43.9394253Z [  83% ] [90m[1m_update_scan_actions[22m | grunt_a.png[39m[0m
2026-10-01T11:23:43.9398580Z [  83% ] [90m[1m_update_scan_actions[22m | grunt_b.png[39m[0m
2026-10-01T11:23:43.9403069Z [  83% ] [90m[1m_update_scan_actions[22m | grunt_c.png[39m[0m
2026-10-01T11:23:43.9407698Z [  83% ] [90m[1m_update_scan_actions[22m | halda.png[39m[0m
2026-10-01T11:23:43.9412676Z [  83% ] [90m[1m_update_scan_actions[22m | juno.png[39m[0m
2026-10-01T11:23:43.9416871Z [  83% ] [90m[1m_update_scan_actions[22m | kael.png[39m[0m
2026-10-01T11:23:43.9421562Z [  83% ] [90m[1m_update_scan_actions[22m | kell.png[39m[0m
2026-10-01T11:23:43.9426515Z [  83% ] [90m[1m_update_scan_actions[22m | lark.png[39m[0m
2026-10-01T11:23:43.9430433Z [  83% ] [90m[1m_update_scan_actions[22m | lyra.png[39m[0m
2026-10-01T11:23:43.9435727Z [  83% ] [90m[1m_update_scan_actions[22m | maren.png[39m[0m
2026-10-01T11:23:43.9440255Z [  84% ] [90m[1m_update_scan_actions[22m | mira.png[39m[0m
2026-10-01T11:23:43.9445160Z [  84% ] [90m[1m_update_scan_actions[22m | nessa.png[39m[0m
2026-10-01T11:23:43.9449882Z [  84% ] [90m[1m_update_scan_actions[22m | officer.png[39m[0m
2026-10-01T11:23:43.9455281Z [  84% ] [90m[1m_update_scan_actions[22m | officer_a.png[39m[0m
2026-10-01T11:23:43.9459842Z [  84% ] [90m[1m_update_scan_actions[22m | officer_b.png[39m[0m
2026-10-01T11:23:43.9464924Z [  84% ] [90m[1m_update_scan_actions[22m | old_perrin.png[39m[0m
2026-10-01T11:23:43.9469553Z [  84% ] [90m[1m_update_scan_actions[22m | oskar.png[39m[0m
2026-10-01T11:23:43.9474515Z [  84% ] [90m[1m_update_scan_actions[22m | quarry_foreman.png[39m[0m
2026-10-01T11:23:43.9479154Z [  84% ] [90m[1m_update_scan_actions[22m | rae.png[39m[0m
2026-10-01T11:23:43.9484291Z [  84% ] [90m[1m_update_scan_actions[22m | ren.png[39m[0m
2026-10-01T11:23:43.9488351Z [  84% ] [90m[1m_update_scan_actions[22m | sera.png[39m[0m
2026-10-01T11:23:43.9494033Z [  84% ] [90m[1m_update_scan_actions[22m | sorrel.png[39m[0m
2026-10-01T11:23:43.9498672Z [  84% ] [90m[1m_update_scan_actions[22m | tam.png[39m[0m
2026-10-01T11:23:43.9503851Z [  85% ] [90m[1m_update_scan_actions[22m | tobin.png[39m[0m
2026-10-01T11:23:43.9508885Z [  85% ] [90m[1m_update_scan_actions[22m | trainer.png[39m[0m
2026-10-01T11:23:43.9513962Z [  85% ] [90m[1m_update_scan_actions[22m | villager_female.png[39m[0m
2026-10-01T11:23:43.9518481Z [  85% ] [90m[1m_update_scan_actions[22m | villager_male.png[39m[0m
2026-10-01T11:23:43.9523290Z [  85% ] [90m[1m_update_scan_actions[22m | villager_ranger.png[39m[0m
2026-10-01T11:23:43.9528719Z [  85% ] [90m[1m_update_scan_actions[22m | wandering_trainer.png[39m[0m
2026-10-01T11:23:43.9533961Z [  85% ] [90m[1m_update_scan_actions[22m | warden.png[39m[0m
2026-10-01T11:23:43.9539432Z [  85% ] [90m[1m_update_scan_actions[22m | wilhelm.png[39m[0m
2026-10-01T11:23:43.9542811Z [  85% ] [90m[1m_update_scan_actions[22m | bubble_volley_impact.wav[39m[0m
2026-10-01T11:23:43.9545979Z [  85% ] [90m[1m_update_scan_actions[22m | bubble_volley_impact_mastery.wav[39m[0m
2026-10-01T11:23:43.9548840Z [  85% ] [90m[1m_update_scan_actions[22m | bubble_volley_launch.wav[39m[0m
2026-10-01T11:23:43.9551821Z [  85% ] [90m[1m_update_scan_actions[22m | bubble_volley_launch_mastery.wav[39m[0m
2026-10-01T11:23:43.9555248Z [  85% ] [90m[1m_update_scan_actions[22m | bubble_volley_launch_travel.wav[39m[0m
2026-10-01T11:23:43.9558521Z [  85% ] [90m[1m_update_scan_actions[22m | bubble_volley_launch_travel_mastery.wav[39m[0m
2026-10-01T11:23:43.9561745Z [  86% ] [90m[1m_update_scan_actions[22m | bubble_volley_travel.wav[39m[0m
2026-10-01T11:23:43.9564910Z [  86% ] [90m[1m_update_scan_actions[22m | buff_aura_impact.wav[39m[0m
2026-10-01T11:23:43.9568109Z [  86% ] [90m[1m_update_scan_actions[22m | buff_aura_impact_mastery.wav[39m[0m
2026-10-01T11:23:43.9570942Z [  86% ] [90m[1m_update_scan_actions[22m | buff_aura_launch.wav[39m[0m
2026-10-01T11:23:43.9574032Z [  86% ] [90m[1m_update_scan_actions[22m | buff_aura_launch_mastery.wav[39m[0m
2026-10-01T11:23:43.9577269Z [  86% ] [90m[1m_update_scan_actions[22m | buff_aura_launch_travel.wav[39m[0m
2026-10-01T11:23:43.9580702Z [  86% ] [90m[1m_update_scan_actions[22m | buff_aura_launch_travel_mastery.wav[39m[0m
2026-10-01T11:23:43.9584121Z [  86% ] [90m[1m_update_scan_actions[22m | buff_aura_travel.wav[39m[0m
2026-10-01T11:23:43.9587299Z [  86% ] [90m[1m_update_scan_actions[22m | catch_tether_beam_impact.wav[39m[0m
2026-10-01T11:23:43.9590427Z [  86% ] [90m[1m_update_scan_actions[22m | catch_tether_beam_impact_mastery.wav[39m[0m
2026-10-01T11:23:43.9593540Z [  86% ] [90m[1m_update_scan_actions[22m | catch_tether_beam_launch.wav[39m[0m
2026-10-01T11:23:43.9596519Z [  86% ] [90m[1m_update_scan_actions[22m | catch_tether_beam_launch_mastery.wav[39m[0m
2026-10-01T11:23:43.9599801Z [  86% ] [90m[1m_update_scan_actions[22m | catch_tether_beam_launch_travel.wav[39m[0m
2026-10-01T11:23:43.9603448Z [  86% ] [90m[1m_update_scan_actions[22m | catch_tether_beam_launch_travel_mastery.wav[39m[0m
2026-10-01T11:23:43.9606633Z [  87% ] [90m[1m_update_scan_actions[22m | catch_tether_beam_travel.wav[39m[0m
2026-10-01T11:23:43.9609711Z [  87% ] [90m[1m_update_scan_actions[22m | chain_lightning_impact.wav[39m[0m
2026-10-01T11:23:43.9613063Z [  87% ] [90m[1m_update_scan_actions[22m | chain_lightning_impact_mastery.wav[39m[0m
2026-10-01T11:23:43.9615901Z [  87% ] [90m[1m_update_scan_actions[22m | chain_lightning_launch.wav[39m[0m
2026-10-01T11:23:43.9618849Z [  87% ] [90m[1m_update_scan_actions[22m | chain_lightning_launch_mastery.wav[39m[0m
2026-10-01T11:23:43.9622295Z [  87% ] [90m[1m_update_scan_actions[22m | chain_lightning_launch_travel.wav[39m[0m
2026-10-01T11:23:43.9625692Z [  87% ] [90m[1m_update_scan_actions[22m | chain_lightning_launch_travel_mastery.wav[39m[0m
2026-10-01T11:23:43.9628922Z [  87% ] [90m[1m_update_scan_actions[22m | chain_lightning_travel.wav[39m[0m
2026-10-01T11:23:43.9632159Z [  87% ] [90m[1m_update_scan_actions[22m | charge_dash_impact.wav[39m[0m
2026-10-01T11:23:43.9635409Z [  87% ] [90m[1m_update_scan_actions[22m | charge_dash_impact_mastery.wav[39m[0m
2026-10-01T11:23:43.9638217Z [  87% ] [90m[1m_update_scan_actions[22m | charge_dash_launch.wav[39m[0m
2026-10-01T11:23:43.9641357Z [  87% ] [90m[1m_update_scan_actions[22m | charge_dash_launch_mastery.wav[39m[0m
2026-10-01T11:23:43.9644696Z [  87% ] [90m[1m_update_scan_actions[22m | charge_dash_launch_travel.wav[39m[0m
2026-10-01T11:23:43.9648030Z [  87% ] [90m[1m_update_scan_actions[22m | charge_dash_launch_travel_mastery.wav[39m[0m
2026-10-01T11:23:43.9651283Z [  88% ] [90m[1m_update_scan_actions[22m | charge_dash_travel.wav[39m[0m
2026-10-01T11:23:43.9654592Z [  88% ] [90m[1m_update_scan_actions[22m | debuff_hex_impact.wav[39m[0m
2026-10-01T11:23:43.9657803Z [  88% ] [90m[1m_update_scan_actions[22m | debuff_hex_impact_mastery.wav[39m[0m
2026-10-01T11:23:43.9660678Z [  88% ] [90m[1m_update_scan_actions[22m | debuff_hex_launch.wav[39m[0m
2026-10-01T11:23:43.9663831Z [  88% ] [90m[1m_update_scan_actions[22m | debuff_hex_launch_mastery.wav[39m[0m
2026-10-01T11:23:43.9667256Z [  88% ] [90m[1m_update_scan_actions[22m | debuff_hex_launch_travel.wav[39m[0m
2026-10-01T11:23:43.9670706Z [  88% ] [90m[1m_update_scan_actions[22m | debuff_hex_launch_travel_mastery.wav[39m[0m
2026-10-01T11:23:43.9674047Z [  88% ] [90m[1m_update_scan_actions[22m | debuff_hex_travel.wav[39m[0m
2026-10-01T11:23:43.9677113Z [  88% ] [90m[1m_update_scan_actions[22m | ember_burst_impact.wav[39m[0m
2026-10-01T11:23:43.9680271Z [  88% ] [90m[1m_update_scan_actions[22m | ember_burst_impact_mastery.wav[39m[0m
2026-10-01T11:23:43.9683431Z [  88% ] [90m[1m_update_scan_actions[22m | ember_burst_launch.wav[39m[0m
2026-10-01T11:23:43.9686384Z [  88% ] [90m[1m_update_scan_actions[22m | ember_burst_launch_mastery.wav[39m[0m
2026-10-01T11:23:43.9689639Z [  88% ] [90m[1m_update_scan_actions[22m | ember_burst_launch_travel.wav[39m[0m
2026-10-01T11:23:43.9693333Z [  88% ] [90m[1m_update_scan_actions[22m | ember_burst_launch_travel_mastery.wav[39m[0m
2026-10-01T11:23:43.9696529Z [  89% ] [90m[1m_update_scan_actions[22m | ember_burst_travel.wav[39m[0m
2026-10-01T11:23:43.9699590Z [  89% ] [90m[1m_update_scan_actions[22m | fireball_impact.wav[39m[0m
2026-10-01T11:23:43.9702890Z [  89% ] [90m[1m_update_scan_actions[22m | fireball_impact_mastery.wav[39m[0m
2026-10-01T11:23:43.9705704Z [  89% ] [90m[1m_update_scan_actions[22m | fireball_launch.wav[39m[0m
2026-10-01T11:23:43.9708616Z [  89% ] [90m[1m_update_scan_actions[22m | fireball_launch_mastery.wav[39m[0m
2026-10-01T11:23:43.9711847Z [  89% ] [90m[1m_update_scan_actions[22m | fireball_launch_travel.wav[39m[0m
2026-10-01T11:23:43.9715287Z [  89% ] [90m[1m_update_scan_actions[22m | fireball_launch_travel_mastery.wav[39m[0m
2026-10-01T11:23:43.9718374Z [  89% ] [90m[1m_update_scan_actions[22m | fireball_travel.wav[39m[0m
2026-10-01T11:23:43.9721455Z [  89% ] [90m[1m_update_scan_actions[22m | flame_cone_impact.wav[39m[0m
2026-10-01T11:23:43.9724897Z [  89% ] [90m[1m_update_scan_actions[22m | flame_cone_impact_mastery.wav[39m[0m
2026-10-01T11:23:43.9727756Z [  89% ] [90m[1m_update_scan_actions[22m | flame_cone_launch.wav[39m[0m
2026-10-01T11:23:43.9730722Z [  89% ] [90m[1m_update_scan_actions[22m | flame_cone_launch_mastery.wav[39m[0m
2026-10-01T11:23:43.9734173Z [  89% ] [90m[1m_update_scan_actions[22m | flame_cone_launch_travel.wav[39m[0m
2026-10-01T11:23:43.9737537Z [  90% ] [90m[1m_update_scan_actions[22m | flame_cone_launch_travel_mastery.wav[39m[0m
2026-10-01T11:23:43.9740695Z [  90% ] [90m[1m_update_scan_actions[22m | flame_cone_travel.wav[39m[0m
2026-10-01T11:23:43.9744014Z [  90% ] [90m[1m_update_scan_actions[22m | frost_breath_impact.wav[39m[0m
2026-10-01T11:23:43.9747198Z [  90% ] [90m[1m_update_scan_actions[22m | frost_breath_impact_mastery.wav[39m[0m
2026-10-01T11:23:43.9750125Z [  90% ] [90m[1m_update_scan_actions[22m | frost_breath_launch.wav[39m[0m
2026-10-01T11:23:43.9753452Z [  90% ] [90m[1m_update_scan_actions[22m | frost_breath_launch_mastery.wav[39m[0m
2026-10-01T11:23:43.9756891Z [  90% ] [90m[1m_update_scan_actions[22m | frost_breath_launch_travel.wav[39m[0m
2026-10-01T11:23:43.9760092Z [  90% ] [90m[1m_update_scan_actions[22m | frost_breath_launch_travel_mastery.wav[39m[0m
2026-10-01T11:23:43.9763605Z [  90% ] [90m[1m_update_scan_actions[22m | frost_breath_travel.wav[39m[0m
2026-10-01T11:23:43.9766678Z [  90% ] [90m[1m_update_scan_actions[22m | guard_flash_impact.wav[39m[0m
2026-10-01T11:23:43.9769845Z [  90% ] [90m[1m_update_scan_actions[22m | guard_flash_impact_mastery.wav[39m[0m
2026-10-01T11:23:43.9772866Z [  90% ] [90m[1m_update_scan_actions[22m | guard_flash_launch.wav[39m[0m
2026-10-01T11:23:43.9775875Z [  90% ] [90m[1m_update_scan_actions[22m | guard_flash_launch_mastery.wav[39m[0m
2026-10-01T11:23:43.9779092Z [  90% ] [90m[1m_update_scan_actions[22m | guard_flash_launch_travel.wav[39m[0m
2026-10-01T11:23:43.9782619Z [  91% ] [90m[1m_update_scan_actions[22m | guard_flash_launch_travel_mastery.wav[39m[0m
2026-10-01T11:23:43.9785832Z [  91% ] [90m[1m_update_scan_actions[22m | guard_flash_travel.wav[39m[0m
2026-10-01T11:23:43.9788928Z [  91% ] [90m[1m_update_scan_actions[22m | heal_pulse_impact.wav[39m[0m
2026-10-01T11:23:43.9792259Z [  91% ] [90m[1m_update_scan_actions[22m | heal_pulse_impact_mastery.wav[39m[0m
2026-10-01T11:23:43.9795078Z [  91% ] [90m[1m_update_scan_actions[22m | heal_pulse_launch.wav[39m[0m
2026-10-01T11:23:43.9797996Z [  91% ] [90m[1m_update_scan_actions[22m | heal_pulse_launch_mastery.wav[39m[0m
2026-10-01T11:23:43.9801276Z [  91% ] [90m[1m_update_scan_actions[22m | heal_pulse_launch_travel.wav[39m[0m
2026-10-01T11:23:43.9804765Z [  91% ] [90m[1m_update_scan_actions[22m | heal_pulse_launch_travel_mastery.wav[39m[0m
2026-10-01T11:23:43.9807883Z [  91% ] [90m[1m_update_scan_actions[22m | heal_pulse_travel.wav[39m[0m
2026-10-01T11:23:43.9810991Z [  91% ] [90m[1m_update_scan_actions[22m | ice_shard_volley_impact.wav[39m[0m
2026-10-01T11:23:43.9814350Z [  91% ] [90m[1m_update_scan_actions[22m | ice_shard_volley_impact_mastery.wav[39m[0m
2026-10-01T11:23:43.9817139Z [  91% ] [90m[1m_update_scan_actions[22m | ice_shard_volley_launch.wav[39m[0m
2026-10-01T11:23:43.9820065Z [  91% ] [90m[1m_update_scan_actions[22m | ice_shard_volley_launch_mastery.wav[39m[0m
2026-10-01T11:23:43.9823785Z [  91% ] [90m[1m_update_scan_actions[22m | ice_shard_volley_launch_travel.wav[39m[0m
2026-10-01T11:23:43.9827216Z [  92% ] [90m[1m_update_scan_actions[22m | ice_shard_volley_launch_travel_mastery.wav[39m[0m
2026-10-01T11:23:43.9830429Z [  92% ] [90m[1m_update_scan_actions[22m | ice_shard_volley_travel.wav[39m[0m
2026-10-01T11:23:43.9833853Z [  92% ] [90m[1m_update_scan_actions[22m | psychic_pulse_impact.wav[39m[0m
2026-10-01T11:23:43.9836928Z [  92% ] [90m[1m_update_scan_actions[22m | psychic_pulse_impact_mastery.wav[39m[0m
2026-10-01T11:23:43.9839851Z [  92% ] [90m[1m_update_scan_actions[22m | psychic_pulse_launch.wav[39m[0m
2026-10-01T11:23:43.9843144Z [  92% ] [90m[1m_update_scan_actions[22m | psychic_pulse_launch_mastery.wav[39m[0m
2026-10-01T11:23:43.9846398Z [  92% ] [90m[1m_update_scan_actions[22m | psychic_pulse_launch_travel.wav[39m[0m
2026-10-01T11:23:43.9849759Z [  92% ] [90m[1m_update_scan_actions[22m | psychic_pulse_launch_travel_mastery.wav[39m[0m
2026-10-01T11:23:43.9853123Z [  92% ] [90m[1m_update_scan_actions[22m | psychic_pulse_travel.wav[39m[0m
2026-10-01T11:23:43.9856203Z [  92% ] [90m[1m_update_scan_actions[22m | quake_ring_impact.wav[39m[0m
2026-10-01T11:23:43.9859389Z [  92% ] [90m[1m_update_scan_actions[22m | quake_ring_impact_mastery.wav[39m[0m
2026-10-01T11:23:43.9862393Z [  92% ] [90m[1m_update_scan_actions[22m | quake_ring_launch.wav[39m[0m
2026-10-01T11:23:43.9865341Z [  92% ] [90m[1m_update_scan_actions[22m | quake_ring_launch_mastery.wav[39m[0m
2026-10-01T11:23:43.9868674Z [  92% ] [90m[1m_update_scan_actions[22m | quake_ring_launch_travel.wav[39m[0m
2026-10-01T11:23:43.9872798Z [  93% ] [90m[1m_update_scan_actions[22m | quake_ring_launch_travel_mastery.wav[39m[0m
2026-10-01T11:23:43.9875790Z [  93% ] [90m[1m_update_scan_actions[22m | quake_ring_travel.wav[39m[0m
2026-10-01T11:23:43.9878829Z [  93% ] [90m[1m_update_scan_actions[22m | root_stone_spikes_impact.wav[39m[0m
2026-10-01T11:23:43.9882014Z [  93% ] [90m[1m_update_scan_actions[22m | root_stone_spikes_impact_mastery.wav[39m[0m
2026-10-01T11:23:43.9884971Z [  93% ] [90m[1m_update_scan_actions[22m | root_stone_spikes_launch.wav[39m[0m
2026-10-01T11:23:43.9887877Z [  93% ] [90m[1m_update_scan_actions[22m | root_stone_spikes_launch_mastery.wav[39m[0m
2026-10-01T11:23:43.9891164Z [  93% ] [90m[1m_update_scan_actions[22m | root_stone_spikes_launch_travel.wav[39m[0m
2026-10-01T11:23:43.9894671Z [  93% ] [90m[1m_update_scan_actions[22m | root_stone_spikes_launch_travel_mastery.wav[39m[0m
2026-10-01T11:23:43.9897875Z [  93% ] [90m[1m_update_scan_actions[22m | root_stone_spikes_travel.wav[39m[0m
2026-10-01T11:23:43.9900923Z [  93% ] [90m[1m_update_scan_actions[22m | shadow_bolt_impact.wav[39m[0m
2026-10-01T11:23:43.9904208Z [  93% ] [90m[1m_update_scan_actions[22m | shadow_bolt_impact_mastery.wav[39m[0m
2026-10-01T11:23:43.9907007Z [  93% ] [90m[1m_update_scan_actions[22m | shadow_bolt_launch.wav[39m[0m
2026-10-01T11:23:43.9909968Z [  93% ] [90m[1m_update_scan_actions[22m | shadow_bolt_launch_mastery.wav[39m[0m
2026-10-01T11:23:43.9913516Z [  93% ] [90m[1m_update_scan_actions[22m | shadow_bolt_launch_travel.wav[39m[0m
2026-10-01T11:23:43.9916859Z [  94% ] [90m[1m_update_scan_actions[22m | shadow_bolt_launch_travel_mastery.wav[39m[0m
2026-10-01T11:23:43.9919986Z [  94% ] [90m[1m_update_scan_actions[22m | shadow_bolt_travel.wav[39m[0m
2026-10-01T11:23:43.9923348Z [  94% ] [90m[1m_update_scan_actions[22m | sky_lightning_impact.wav[39m[0m
2026-10-01T11:23:43.9926563Z [  94% ] [90m[1m_update_scan_actions[22m | sky_lightning_impact_mastery.wav[39m[0m
2026-10-01T11:23:43.9929421Z [  94% ] [90m[1m_update_scan_actions[22m | sky_lightning_launch.wav[39m[0m
2026-10-01T11:23:43.9932489Z [  94% ] [90m[1m_update_scan_actions[22m | sky_lightning_launch_mastery.wav[39m[0m
2026-10-01T11:23:43.9935762Z [  94% ] [90m[1m_update_scan_actions[22m | sky_lightning_launch_travel.wav[39m[0m
2026-10-01T11:23:43.9939094Z [  94% ] [90m[1m_update_scan_actions[22m | sky_lightning_launch_travel_mastery.wav[39m[0m
2026-10-01T11:23:43.9942428Z [  94% ] [90m[1m_update_scan_actions[22m | sky_lightning_travel.wav[39m[0m
2026-10-01T11:23:43.9945500Z [  94% ] [90m[1m_update_scan_actions[22m | slash_trail_impact.wav[39m[0m
2026-10-01T11:23:43.9948673Z [  94% ] [90m[1m_update_scan_actions[22m | slash_trail_impact_mastery.wav[39m[0m
2026-10-01T11:23:43.9951465Z [  94% ] [90m[1m_update_scan_actions[22m | slash_trail_launch.wav[39m[0m
2026-10-01T11:23:43.9954542Z [  94% ] [90m[1m_update_scan_actions[22m | slash_trail_launch_mastery.wav[39m[0m
2026-10-01T11:23:43.9957769Z [  95% ] [90m[1m_update_scan_actions[22m | slash_trail_launch_travel.wav[39m[0m
2026-10-01T11:23:43.9961050Z [  95% ] [90m[1m_update_scan_actions[22m | slash_trail_launch_travel_mastery.wav[39m[0m
2026-10-01T11:23:43.9964377Z [  95% ] [90m[1m_update_scan_actions[22m | slash_trail_travel.wav[39m[0m
2026-10-01T11:23:43.9967455Z [  95% ] [90m[1m_update_scan_actions[22m | stone_boulder_impact.wav[39m[0m
2026-10-01T11:23:43.9970578Z [  95% ] [90m[1m_update_scan_actions[22m | stone_boulder_impact_mastery.wav[39m[0m
2026-10-01T11:23:43.9973640Z [  95% ] [90m[1m_update_scan_actions[22m | stone_boulder_launch.wav[39m[0m
2026-10-01T11:23:43.9976680Z [  95% ] [90m[1m_update_scan_actions[22m | stone_boulder_launch_mastery.wav[39m[0m
2026-10-01T11:23:43.9979881Z [  95% ] [90m[1m_update_scan_actions[22m | stone_boulder_launch_travel.wav[39m[0m
2026-10-01T11:23:43.9983585Z [  95% ] [90m[1m_update_scan_actions[22m | stone_boulder_launch_travel_mastery.wav[39m[0m
2026-10-01T11:23:43.9986833Z [  95% ] [90m[1m_update_scan_actions[22m | stone_boulder_travel.wav[39m[0m
2026-10-01T11:23:43.9989786Z [  95% ] [90m[1m_update_scan_actions[22m | stone_throw_impact.wav[39m[0m
2026-10-01T11:23:43.9993165Z [  95% ] [90m[1m_update_scan_actions[22m | stone_throw_impact_mastery.wav[39m[0m
2026-10-01T11:23:43.9995991Z [  95% ] [90m[1m_update_scan_actions[22m | stone_throw_launch.wav[39m[0m
2026-10-01T11:23:43.9998937Z [  95% ] [90m[1m_update_scan_actions[22m | stone_throw_launch_mastery.wav[39m[0m
2026-10-01T11:23:44.0002397Z [  96% ] [90m[1m_update_scan_actions[22m | stone_throw_launch_travel.wav[39m[0m
2026-10-01T11:23:44.0005789Z [  96% ] [90m[1m_update_scan_actions[22m | stone_throw_launch_travel_mastery.wav[39m[0m
2026-10-01T11:23:44.0009049Z [  96% ] [90m[1m_update_scan_actions[22m | stone_throw_travel.wav[39m[0m
2026-10-01T11:23:44.0012381Z [  96% ] [90m[1m_update_scan_actions[22m | tidal_wave_impact.wav[39m[0m
2026-10-01T11:23:44.0015544Z [  96% ] [90m[1m_update_scan_actions[22m | tidal_wave_impact_mastery.wav[39m[0m
2026-10-01T11:23:44.0018409Z [  96% ] [90m[1m_update_scan_actions[22m | tidal_wave_launch.wav[39m[0m
2026-10-01T11:23:44.0021389Z [  96% ] [90m[1m_update_scan_actions[22m | tidal_wave_launch_mastery.wav[39m[0m
2026-10-01T11:23:44.0024936Z [  96% ] [90m[1m_update_scan_actions[22m | tidal_wave_launch_travel.wav[39m[0m
2026-10-01T11:23:44.0028393Z [  96% ] [90m[1m_update_scan_actions[22m | tidal_wave_launch_travel_mastery.wav[39m[0m
2026-10-01T11:23:44.0031731Z [  96% ] [90m[1m_update_scan_actions[22m | tidal_wave_travel.wav[39m[0m
2026-10-01T11:23:44.0035015Z [  96% ] [90m[1m_update_scan_actions[22m | tornado_impact.wav[39m[0m
2026-10-01T11:23:44.0038157Z [  96% ] [90m[1m_update_scan_actions[22m | tornado_impact_mastery.wav[39m[0m
2026-10-01T11:23:44.0041041Z [  96% ] [90m[1m_update_scan_actions[22m | tornado_launch.wav[39m[0m
2026-10-01T11:23:44.0044169Z [  96% ] [90m[1m_update_scan_actions[22m | tornado_launch_mastery.wav[39m[0m
2026-10-01T11:23:44.0047459Z [  97% ] [90m[1m_update_scan_actions[22m | tornado_launch_travel.wav[39m[0m
2026-10-01T11:23:44.0050898Z [  97% ] [90m[1m_update_scan_actions[22m | tornado_launch_travel_mastery.wav[39m[0m
2026-10-01T11:23:44.0054338Z [  97% ] [90m[1m_update_scan_actions[22m | tornado_travel.wav[39m[0m
2026-10-01T11:23:44.0057459Z [  97% ] [90m[1m_update_scan_actions[22m | water_jet_impact.wav[39m[0m
2026-10-01T11:23:44.0060674Z [  97% ] [90m[1m_update_scan_actions[22m | water_jet_impact_mastery.wav[39m[0m
2026-10-01T11:23:44.0063854Z [  97% ] [90m[1m_update_scan_actions[22m | water_jet_launch.wav[39m[0m
2026-10-01T11:23:44.0066826Z [  97% ] [90m[1m_update_scan_actions[22m | water_jet_launch_mastery.wav[39m[0m
2026-10-01T11:23:44.0070195Z [  97% ] [90m[1m_update_scan_actions[22m | water_jet_launch_travel.wav[39m[0m
2026-10-01T11:23:44.0073940Z [  97% ] [90m[1m_update_scan_actions[22m | water_jet_launch_travel_mastery.wav[39m[0m
2026-10-01T11:23:44.0077124Z [  97% ] [90m[1m_update_scan_actions[22m | water_jet_travel.wav[39m[0m
2026-10-01T11:23:44.0080248Z [  97% ] [90m[1m_update_scan_actions[22m | wind_blade_impact.wav[39m[0m
2026-10-01T11:23:44.0083831Z [  97% ] [90m[1m_update_scan_actions[22m | wind_blade_impact_mastery.wav[39m[0m
2026-10-01T11:23:44.0086618Z [  97% ] [90m[1m_update_scan_actions[22m | wind_blade_launch.wav[39m[0m
2026-10-01T11:23:44.0089609Z [  97% ] [90m[1m_update_scan_actions[22m | wind_blade_launch_mastery.wav[39m[0m
2026-10-01T11:23:44.0093251Z [  98% ] [90m[1m_update_scan_actions[22m | wind_blade_launch_travel.wav[39m[0m
2026-10-01T11:23:44.0096659Z [  98% ] [90m[1m_update_scan_actions[22m | wind_blade_launch_travel_mastery.wav[39m[0m
2026-10-01T11:23:44.0099863Z [  98% ] [90m[1m_update_scan_actions[22m | wind_blade_travel.wav[39m[0m
2026-10-01T11:23:44.0101632Z [  98% ] [90m[1m_update_scan_actions[22m | flame_tongue_v2.png[39m[0m
2026-10-01T11:23:44.0103136Z [  98% ] [90m[1m_update_scan_actions[22m | procedural_provenance.csv[39m[0m
2026-10-01T11:23:44.0104198Z [  98% ] [90m[1m_update_scan_actions[22m | 01-spawn-outward.jpg[39m[0m
2026-10-01T11:23:44.0105249Z [  98% ] [90m[1m_update_scan_actions[22m | 02-arena-opens.jpg[39m[0m
2026-10-01T11:23:44.0106360Z [  98% ] [90m[1m_update_scan_actions[22m | 03-rise-overlook.jpg[39m[0m
2026-10-01T11:23:44.0107502Z [  98% ] [90m[1m_update_scan_actions[22m | 06-charged-attack-lands.jpg[39m[0m
2026-10-01T11:23:44.0108548Z [  98% ] [90m[1m_update_scan_actions[22m | aim-arc.jpg[39m[0m
2026-10-01T11:23:44.0109719Z [  98% ] [90m[1m_update_scan_actions[22m | camp-dusk.jpg[39m[0m
2026-10-01T11:23:44.0110848Z [  98% ] [90m[1m_update_scan_actions[22m | hero-meadow.jpg[39m[0m
2026-10-01T11:23:44.0112141Z [  98% ] [90m[1m_update_scan_actions[22m | mill-crossing.jpg[39m[0m
2026-10-01T11:23:44.0113141Z [  98% ] [90m[1m_update_scan_actions[22m | opening-bedroom.jpg[39m[0m
2026-10-01T11:23:44.0114186Z [  99% ] [90m[1m_update_scan_actions[22m | page-board.jpg[39m[0m
2026-10-01T11:23:44.0115195Z [  99% ] [90m[1m_update_scan_actions[22m | relay-approach.jpg[39m[0m
2026-10-01T11:23:44.0116233Z [  99% ] [90m[1m_update_scan_actions[22m | relay-machines.jpg[39m[0m
2026-10-01T11:23:44.0117282Z [  99% ] [90m[1m_update_scan_actions[22m | roster.jpg[39m[0m
2026-10-01T11:23:44.0118582Z [  99% ] [90m[1m_update_scan_actions[22m | severed-road.jpg[39m[0m
2026-10-01T11:23:44.0119503Z [  99% ] [90m[1m_update_scan_actions[22m | starter-orbs.jpg[39m[0m
2026-10-01T11:23:44.0120393Z [  99% ] [90m[1m_update_scan_actions[22m | tether-site.jpg[39m[0m
2026-10-01T11:23:44.0121532Z [  99% ] [90m[1m_update_scan_actions[22m | village-square.jpg[39m[0m
2026-10-01T11:23:44.0122590Z [  99% ] [90m[1m_update_scan_actions[22m | village-talk.jpg[39m[0m
2026-10-01T11:23:44.0123757Z [  99% ] [90m[1m_update_scan_actions[22m | warden.jpg[39m[0m
2026-10-01T11:23:44.0124838Z [  99% ] [90m[1m_update_scan_actions[22m | weather-rain.jpg[39m[0m
2026-10-01T11:23:44.0127976Z [  99% ] [90m[1m_update_scan_actions[22m | icon.svg[39m[0m
2026-10-01T11:23:44.0128561Z [92m[ DONE ][39m [1m_update_scan_actions[22m
2026-10-01T11:23:44.0128870Z [0m
2026-10-01T11:23:44.0134335Z [   0% ] [90m[1mreimport[22m | Started (Re)Importing Assets (23 steps)[39m[0m
2026-10-01T11:23:44.0135477Z [   0% ] [90m[1mreimport[22m | Preparing files to reimport...[39m[0m
2026-10-01T11:23:44.0137967Z [   4% ] [90m[1mreimport[22m | Preparing files to reimport...[39m[0m
2026-10-01T11:23:44.0138848Z [   8% ] [90m[1mreimport[22m | Preparing files to reimport...[39m[0m
2026-10-01T11:23:44.0139432Z [  12% ] [90m[1mreimport[22m | Preparing files to reimport...[39m[0m
2026-10-01T11:23:44.0140301Z [  16% ] [90m[1mreimport[22m | Preparing files to reimport...[39m[0m
2026-10-01T11:23:44.0141456Z [  20% ] [90m[1mreimport[22m | Preparing files to reimport...[39m[0m
2026-10-01T11:23:44.0142753Z [  25% ] [90m[1mreimport[22m | Preparing files to reimport...[39m[0m
2026-10-01T11:23:44.0143642Z [  29% ] [90m[1mreimport[22m | Preparing files to reimport...[39m[0m
2026-10-01T11:23:44.0144575Z [  33% ] [90m[1mreimport[22m | Preparing files to reimport...[39m[0m
2026-10-01T11:23:44.0145463Z [  37% ] [90m[1mreimport[22m | Preparing files to reimport...[39m[0m
2026-10-01T11:23:44.0146342Z [  41% ] [90m[1mreimport[22m | Preparing files to reimport...[39m[0m
2026-10-01T11:23:44.0147232Z [  45% ] [90m[1mreimport[22m | Preparing files to reimport...[39m[0m
2026-10-01T11:23:44.0148080Z [  50% ] [90m[1mreimport[22m | Preparing files to reimport...[39m[0m
2026-10-01T11:23:44.0148939Z [  54% ] [90m[1mreimport[22m | Preparing files to reimport...[39m[0m
2026-10-01T11:23:44.0149855Z [  58% ] [90m[1mreimport[22m | Preparing files to reimport...[39m[0m
2026-10-01T11:23:44.0150991Z [  62% ] [90m[1mreimport[22m | Preparing files to reimport...[39m[0m
2026-10-01T11:23:44.0153907Z [  66% ] [90m[1mreimport[22m | Preparing files to reimport...[39m[0m
2026-10-01T11:23:44.0154813Z [  70% ] [90m[1mreimport[22m | Preparing files to reimport...[39m[0m
2026-10-01T11:23:44.0155682Z [  75% ] [90m[1mreimport[22m | Preparing files to reimport...[39m[0m
2026-10-01T11:23:44.0156545Z [  79% ] [90m[1mreimport[22m | Preparing files to reimport...[39m[0m
2026-10-01T11:23:44.0157465Z [  83% ] [90m[1mreimport[22m | Preparing files to reimport...[39m[0m
2026-10-01T11:23:44.0158337Z [  87% ] [90m[1mreimport[22m | Preparing files to reimport...[39m[0m
2026-10-01T11:23:44.0159183Z [  91% ] [90m[1mreimport[22m | Preparing files to reimport...[39m[0m
2026-10-01T11:23:44.0160057Z [   0% ] [90m[1mreimport[22m | Executing pre-reimport operations...[39m[0m
2026-10-01T11:23:44.0162550Z [   0% ] [90m[1mreimport[22m | procedural_provenance.csv[39m[0m
2026-10-01T11:23:44.0286166Z [   4% ] [90m[1mreimport[22m | weather-rain.jpg[39m[0m
2026-10-01T11:23:44.1318446Z [   8% ] [90m[1mreimport[22m | warden.jpg[39m[0m
2026-10-01T11:23:44.2402278Z [  12% ] [90m[1mreimport[22m | village-talk.jpg[39m[0m
2026-10-01T11:23:44.3716576Z [  16% ] [90m[1mreimport[22m | village-square.jpg[39m[0m
2026-10-01T11:23:44.4948400Z [  20% ] [90m[1mreimport[22m | tether-site.jpg[39m[0m
2026-10-01T11:23:44.7068954Z [  25% ] [90m[1mreimport[22m | starter-orbs.jpg[39m[0m
2026-10-01T11:23:44.7742666Z [  29% ] [90m[1mreimport[22m | severed-road.jpg[39m[0m
2026-10-01T11:23:44.9694860Z [  33% ] [90m[1mreimport[22m | roster.jpg[39m[0m
2026-10-01T11:23:45.1090824Z [  37% ] [90m[1mreimport[22m | relay-machines.jpg[39m[0m
2026-10-01T11:23:45.2270292Z [  41% ] [90m[1mreimport[22m | relay-approach.jpg[39m[0m
2026-10-01T11:23:45.3437606Z [  45% ] [90m[1mreimport[22m | page-board.jpg[39m[0m
2026-10-01T11:23:45.5750993Z [  50% ] [90m[1mreimport[22m | opening-bedroom.jpg[39m[0m
2026-10-01T11:23:45.6934781Z [  54% ] [90m[1mreimport[22m | mill-crossing.jpg[39m[0m
2026-10-01T11:23:45.8245998Z [  58% ] [90m[1mreimport[22m | hero-meadow.jpg[39m[0m
2026-10-01T11:23:46.0362392Z [  62% ] [90m[1mreimport[22m | camp-dusk.jpg[39m[0m
2026-10-01T11:23:46.1584665Z [  66% ] [90m[1mreimport[22m | aim-arc.jpg[39m[0m
2026-10-01T11:23:46.2922905Z [  70% ] [90m[1mreimport[22m | 06-charged-attack-lands.jpg[39m[0m
2026-10-01T11:23:46.5339236Z [  75% ] [90m[1mreimport[22m | 03-rise-overlook.jpg[39m[0m
2026-10-01T11:23:46.7384477Z [  79% ] [90m[1mreimport[22m | 02-arena-opens.jpg[39m[0m
2026-10-01T11:23:46.9506675Z [  83% ] [90m[1mreimport[22m | 01-spawn-outward.jpg[39m[0m
2026-10-01T11:23:47.1680360Z [  87% ] [90m[1mreimport[22m | flame_tongue_v2.png[39m[0m
2026-10-01T11:23:47.3315185Z [  91% ] [90m[1mreimport[22m | bottle_base_Image_0.jpg[39m[0m
2026-10-01T11:23:47.4297109Z [  95% ] [90m[1mreimport[22m | Finalizing Asset Import...[39m[0m
2026-10-01T11:23:47.4388230Z [92m[ DONE ][39m [1mreimport[22m
2026-10-01T11:23:47.4388756Z [0m
2026-10-01T11:23:47.4389472Z [   0% ] [90m[1mreimport[22m | Started (Re)Importing Assets (23 steps)[39m[0m
2026-10-01T11:23:47.4390505Z [   0% ] [90m[1mreimport[22m | Executing post-reimport operations...[39m[0m
2026-10-01T11:23:47.4391554Z [92m[ DONE ][39m [1mreimport[22m
2026-10-01T11:23:47.4392060Z [0m
2026-10-01T11:23:47.5054948Z [   0% ] [90m[1mloading_editor_layout[22m | Started Loading editor (5 steps)[39m[0m
2026-10-01T11:23:47.5056099Z [   0% ] [90m[1mloading_editor_layout[22m | Loading editor layout...[39m[0m
2026-10-01T11:23:47.5056980Z [  16% ] [90m[1mloading_editor_layout[22m | Loading docks...[39m[0m
2026-10-01T11:23:47.5057749Z [92m[ DONE ][39m [1mloading_editor_layout[22m
2026-10-01T11:23:47.5058354Z [0m
2026-10-01T11:23:49.3633388Z ##[end-action id=__self.__run_3;outcome=success;conclusion=success;duration_ms=25300]
2026-10-01T11:23:49.3636867Z ##[start-action display=Run set -euo pipefail;id=__self.__run_4]
2026-10-01T11:23:49.3657578Z ##[group]Run set -euo pipefail
2026-10-01T11:23:49.3658069Z [36;1mset -euo pipefail[0m
2026-10-01T11:23:49.3658471Z [36;1mgodot --headless --path . --import 2>&1 | tee /tmp/import.log[0m
2026-10-01T11:23:49.3659088Z [36;1mif grep -qiE 'SCRIPT ERROR|Parse Error|Failed to load|ERROR: Cannot open' /tmp/import.log; then[0m
2026-10-01T11:23:49.3659681Z [36;1m  echo '::error::import produced script or resource errors'[0m
2026-10-01T11:23:49.3660054Z [36;1m  exit 1[0m
2026-10-01T11:23:49.3660266Z [36;1mfi[0m
2026-10-01T11:23:49.3721828Z shell: /usr/bin/bash --noprofile --norc -e -o pipefail {0}
2026-10-01T11:23:49.3722209Z env:
2026-10-01T11:23:49.3722434Z   GODOT_VERSION: 4.7-stable
2026-10-01T11:23:49.3722710Z ##[endgroup]
2026-10-01T11:23:49.4018945Z Godot Engine v4.7.stable.official.5b4e0cb0f - https://godotengine.org
2026-10-01T11:23:49.4289635Z 
2026-10-01T11:23:51.4850196Z [   0% ] [90m[1mfirst_scan_filesystem[22m | Started Project initialization (5 steps)[39m[0m
2026-10-01T11:23:51.4852120Z [   0% ] [90m[1mfirst_scan_filesystem[22m | Scanning file structure...[39m[0m
2026-10-01T11:23:51.5416293Z [  16% ] [90m[1mfirst_scan_filesystem[22m | Loading global class names...[39m[0m
2026-10-01T11:23:51.9156542Z [  33% ] [90m[1mfirst_scan_filesystem[22m | Verifying GDExtensions...[39m[0m
2026-10-01T11:23:51.9157563Z [  50% ] [90m[1mfirst_scan_filesystem[22m | Creating autoload scripts...[39m[0m
2026-10-01T11:23:53.5264260Z [  66% ] [90m[1mfirst_scan_filesystem[22m | Initializing plugins...[39m[0m
2026-10-01T11:23:53.5272418Z [  83% ] [90m[1mfirst_scan_filesystem[22m | Starting file scan...[39m[0m
2026-10-01T11:23:53.5273577Z [92m[ DONE ][39m [1mfirst_scan_filesystem[22m
2026-10-01T11:23:53.5274132Z [0m
2026-10-01T11:23:53.9884869Z [   0% ] [90m[1m_update_scan_actions[22m | Started Scanning actions... (13 steps)[39m[0m
2026-10-01T11:23:53.9886989Z [   0% ] [90m[1m_update_scan_actions[22m | bramblebun_extracted_base_color.png[39m[0m
2026-10-01T11:23:53.9889014Z [   7% ] [90m[1m_update_scan_actions[22m | bramblebun_extracted_emissive.png[39m[0m
2026-10-01T11:23:53.9891020Z [  14% ] [90m[1m_update_scan_actions[22m | cragclaw_extracted_base_color.png[39m[0m
2026-10-01T11:23:53.9893293Z [  21% ] [90m[1m_update_scan_actions[22m | mangrove_monitor_extracted_base_color.png[39m[0m
2026-10-01T11:23:53.9895175Z [  28% ] [90m[1m_update_scan_actions[22m | mirejaw_extracted_base_color.png[39m[0m
2026-10-01T11:23:53.9897005Z [  35% ] [90m[1m_update_scan_actions[22m | mudsnout_extracted_base_color.png[39m[0m
2026-10-01T11:23:53.9899004Z [  42% ] [90m[1m_update_scan_actions[22m | mudsnout_extracted_emissive.png[39m[0m
2026-10-01T11:23:53.9900761Z [  50% ] [90m[1m_update_scan_actions[22m | riptusk_extracted_base_color.png[39m[0m
2026-10-01T11:23:53.9903016Z [  57% ] [90m[1m_update_scan_actions[22m | sirenseal_extracted_base_color.png[39m[0m
2026-10-01T11:23:53.9904963Z [  64% ] [90m[1m_update_scan_actions[22m | trailpup_extracted_base_color.png[39m[0m
2026-10-01T11:23:53.9906897Z [  71% ] [90m[1m_update_scan_actions[22m | trailpup_extracted_emissive.png[39m[0m
2026-10-01T11:23:53.9908859Z [  78% ] [90m[1m_update_scan_actions[22m | veridian_extracted_base_color.png[39m[0m
2026-10-01T11:23:53.9910946Z [  85% ] [90m[1m_update_scan_actions[22m | veridian_extracted_emissive.png[39m[0m
2026-10-01T11:23:53.9911825Z [92m[ DONE ][39m [1m_update_scan_actions[22m
2026-10-01T11:23:53.9912137Z [0m
2026-10-01T11:23:54.0682704Z [   0% ] [90m[1mloading_editor_layout[22m | Started Loading editor (5 steps)[39m[0m
2026-10-01T11:23:54.0684343Z [   0% ] [90m[1mloading_editor_layout[22m | Loading editor layout...[39m[0m
2026-10-01T11:23:54.0688655Z [  16% ] [90m[1mloading_editor_layout[22m | Loading docks...[39m[0m
2026-10-01T11:23:54.0689518Z [92m[ DONE ][39m [1mloading_editor_layout[22m
2026-10-01T11:23:54.0690632Z [0m
2026-10-01T11:23:54.9841762Z ##[end-action id=__self.__run_4;outcome=success;conclusion=success;duration_ms=5620]
2026-10-01T11:23:54.9880309Z ##[group]Run set -o pipefail
2026-10-01T11:23:54.9880636Z [36;1mset -o pipefail[0m
2026-10-01T11:23:54.9881123Z [36;1mgodot --headless --path . --script tools/probe_gate_a_aim_wander.gd 2>&1 | tee /tmp/aim-wander.log[0m
2026-10-01T11:23:54.9882069Z [36;1mif grep -E 'SCRIPT ERROR|Parse Error|^ERROR:' /tmp/aim-wander.log; then[0m
2026-10-01T11:23:54.9882471Z [36;1m  exit 1[0m
2026-10-01T11:23:54.9882676Z [36;1mfi[0m
2026-10-01T11:23:54.9944911Z shell: /usr/bin/bash -e {0}
2026-10-01T11:23:54.9945183Z env:
2026-10-01T11:23:54.9945396Z   GODOT_VERSION: 4.7-stable
2026-10-01T11:23:54.9945647Z ##[endgroup]
2026-10-01T11:23:55.0250390Z Godot Engine v4.7.stable.official.5b4e0cb0f - https://godotengine.org
2026-10-01T11:23:55.0522435Z 
2026-10-01T11:23:57.8315021Z AIM WANDER PROBE aiming=false movement_calls=1 aim_calls=0 expected_aim_calls=0 passed=true
2026-10-01T11:23:58.0036452Z AIM WANDER PROBE aiming=true movement_calls=1 aim_calls=1 expected_aim_calls=1 passed=true
2026-10-01T11:23:58.1556417Z ##[group]Run set -o pipefail
2026-10-01T11:23:58.1556746Z [36;1mset -o pipefail[0m
2026-10-01T11:23:58.1557286Z [36;1mgodot --headless --path . --script tests/smoke_stick_navigator_low_geometry.gd 2>&1 | tee /tmp/stick-navigator.log[0m
2026-10-01T11:23:58.1557978Z [36;1mif grep -E 'SCRIPT ERROR|Parse Error|^ERROR:' /tmp/stick-navigator.log; then[0m
2026-10-01T11:23:58.1558393Z [36;1m  exit 1[0m
2026-10-01T11:23:58.1558601Z [36;1mfi[0m
2026-10-01T11:23:58.1620813Z shell: /usr/bin/bash -e {0}
2026-10-01T11:23:58.1621089Z env:
2026-10-01T11:23:58.1621569Z   GODOT_VERSION: 4.7-stable
2026-10-01T11:23:58.1621823Z ##[endgroup]
2026-10-01T11:23:58.1925328Z Godot Engine v4.7.stable.official.5b4e0cb0f - https://godotengine.org
2026-10-01T11:23:58.2200088Z 
2026-10-01T11:24:01.2092727Z a 0.40m root flare 1.2m west reads as 0.70m of free space (wall is 0.30m away)
2026-10-01T11:24:01.7060933Z a 0.30m kerb reads as the full 3.0m of free space, the way a steppable lip must
2026-10-01T11:24:02.2580867Z collision-mask controls completed: ignored/matching wall and ground; actual Player test_move
2026-10-01T11:24:02.7552231Z Ramp9 clearance 3.00m (expected_clear=true)
2026-10-01T11:24:03.2589923Z Ramp40 clearance 3.00m (expected_clear=true)
2026-10-01T11:24:07.0747937Z Ramp9Wall clearance 2.60m (expected_clear=false)
2026-10-01T11:24:07.5784267Z Ramp9Crate clearance 2.60m (expected_clear=false)
2026-10-01T11:24:08.0751910Z Ramp9Rail clearance 2.60m (expected_clear=false)
2026-10-01T11:24:08.5785694Z Ramp55 clearance 0.48m (expected_clear=false)
2026-10-01T11:24:49.0817070Z confined for 40.0s with 52m of dead travel: the leg abandoned its own state 2 time(s)
2026-10-01T11:24:49.0817683Z 
2026-10-01T11:24:49.0817910Z stick navigator low-geometry smoke test passed
2026-10-01T11:24:49.2164605Z ##[group]Run set -uo pipefail
2026-10-01T11:24:49.2164989Z [36;1mset -uo pipefail[0m
2026-10-01T11:24:49.2165233Z [36;1mn=0[0m
2026-10-01T11:24:49.2165466Z [36;1muntil [ "$n" -ge "$RETRIES" ]; do[0m
2026-10-01T11:24:49.2165762Z [36;1m  n=$((n + 1))[0m
2026-10-01T11:24:49.2166075Z [36;1m  echo "::group::smoke_${SMOKE}.gd attempt ${n}/${RETRIES}"[0m
2026-10-01T11:24:49.2166551Z [36;1m  if godot --headless --path . --script "tests/smoke_${SMOKE}.gd"; then[0m
2026-10-01T11:24:49.2166955Z [36;1m    echo "::endgroup::"[0m
2026-10-01T11:24:49.2167211Z [36;1m    exit 0[0m
2026-10-01T11:24:49.2167423Z [36;1m  fi[0m
2026-10-01T11:24:49.2167636Z [36;1m  echo "::endgroup::"[0m
2026-10-01T11:24:49.2167979Z [36;1m  echo "smoke_${SMOKE}.gd failed on attempt ${n}/${RETRIES}"[0m
2026-10-01T11:24:49.2168323Z [36;1mdone[0m
2026-10-01T11:24:49.2168523Z [36;1mexit 1[0m
2026-10-01T11:24:49.2230771Z shell: /usr/bin/bash -e {0}
2026-10-01T11:24:49.2231038Z env:
2026-10-01T11:24:49.2231597Z   GODOT_VERSION: 4.7-stable
2026-10-01T11:24:49.2232160Z   SMOKE: gate_a_opening_segment
2026-10-01T11:24:49.2232468Z   RETRIES: 1
2026-10-01T11:24:49.2232816Z ##[endgroup]
2026-10-01T11:24:49.2311826Z ##[group]smoke_gate_a_opening_segment.gd attempt 1/1
2026-10-01T11:24:49.2538925Z Godot Engine v4.7.stable.official.5b4e0cb0f - https://godotengine.org
2026-10-01T11:24:49.2813573Z 
2026-10-01T11:24:52.8192043Z GATE A OPENING +1.18s — title interactive
2026-10-01T11:24:52.9265946Z GATE A OPENING +1.29s — answered the character-choice step
2026-10-01T11:24:54.6136519Z [session] hosting via enet (cap 4); local peer id 1
2026-10-01T11:24:54.6137295Z [session] hosting on udp/27015 (cap 4, channels 2); local peer id 1
2026-10-01T11:24:54.6141118Z [lan] advertising udp/27016 for a session on udp/27015
2026-10-01T11:24:57.7302620Z [trainers] spawning a body for peer 1 at (0.0, 0.0)
2026-10-01T11:24:57.7306931Z [trainers] built Trainer_1 for peer 1, authority 1 (this peer is 1)
2026-10-01T11:24:57.7346296Z [trainers] Trainer_1 stands up: authority 1, this peer is 1 (our own proxy)
2026-10-01T11:24:57.9190454Z WARNING: instance_reset_physics_interpolation() is deprecated.
2026-10-01T11:24:57.9191845Z      at: _instance_reset_physics_interpolation_bind_compat_104269 (servers/rendering/rendering_server.compat.inc:62)
2026-10-01T11:24:57.9192793Z      GDScript backtrace (most recent call first):
2026-10-01T11:24:57.9193471Z          [0] _build_terrain (res://scripts/world/playground_world.gd:1172)
2026-10-01T11:24:57.9194199Z          [1] _ready (res://scripts/world/playground_world.gd:798)
2026-10-01T11:24:58.3678022Z GATE A OPENING +6.73s — confirmed the configured trainer-name prefill
2026-10-01T11:24:58.3678832Z GATE A OPENING +6.73s — new game world entered
2026-10-01T11:25:38.1617147Z [playground] spawned at 0.0, 2.9, 0.0
2026-10-01T11:25:41.9301131Z [scatter bake] load phases (ms): read[256 regions, 387893 placements, 431212 skipped]=1087 reorder[16 layers]=2637
2026-10-01T11:25:42.1214056Z [vegetation] grass field is on; 431212 placements across 2 layers left unbuilt (grass, flowers)
2026-10-01T11:25:47.6534885Z [vegetation] boot phases (ms): placements=3941 mark_harvestable=113 group_by_model=279 register_mesh_assets=34 build_batches_total=4795 (of which harvest_points[56283 nodes]=2951, initial_collision_stream[51210 solid]=132) update_mmis=311
2026-10-01T11:25:48.0820258Z [grass_field] grass ring: 62140 instances over 13 lattice layers (tuft_count asked for 75000), 24m cull tiles
2026-10-01T11:25:48.0928275Z [grass_field] stone ring: 6084 instances over 8 lattice layers (count 25000)
2026-10-01T11:25:48.1050048Z [grass_field] cover tier bushes   4876 instances over 4 lattice layers (count 6000)
2026-10-01T11:25:48.1139904Z [grass_field] cover tier flowers  9432 instances over 6 lattice layers (count 12000)
2026-10-01T11:25:48.1203358Z [grass_field] cover tier flowers_gold 5740 instances over 4 lattice layers (count 7000)
2026-10-01T11:25:48.1265392Z [grass_field] cover tier litter   6008 instances over 3 lattice layers (count 15000)
2026-10-01T11:25:48.1266148Z [grass_field] 4 cover tier(s) up
2026-10-01T11:25:48.1575499Z [grass_field] far cover: 1 sheet, 71200 tris, 46225 verts, 6m cell, 40-640m reach
2026-10-01T11:25:48.1579522Z [grass_field] bound: 62140 tufts, radius 72m, region_size 256, vertex_spacing 2.0, 1024 region slots
2026-10-01T11:25:48.1580488Z [grass_field] stone tier: rid_valid=true height_map=<null> region_map=-1 entries
2026-10-01T11:25:48.1813756Z [playground] scattered 386505 props in 36 batches (56283 harvestable, 0 already chopped, 266/51210 collision resident)
2026-10-01T11:25:50.1776745Z [water] pond quads 2538, stream points 46, reeds 152, marginals 32, bank flowers 72, rocks 40, driftwood 5, lilypads 49, jetty 18, level -17.0
2026-10-01T11:25:50.1778547Z [water] stream bank reeds 77, bank scrub 12
2026-10-01T11:25:50.1779670Z [water] river quads 390, bank reeds 134, bank scrub 57
2026-10-01T11:25:50.6237128Z [village] placed 29 structures
2026-10-01T11:25:50.7043752Z WARNING: prop 'Torch_Metal' has glow:"campfire" but no `Fire` surface to light
2026-10-01T11:25:50.7045079Z      at: push_warning (core/variant/variant_utility.cpp:1033)
2026-10-01T11:25:50.7045774Z      GDScript backtrace (most recent call first):
2026-10-01T11:25:50.7046432Z          [0] place (res://scripts/world/props.gd:281)
2026-10-01T11:25:50.7047073Z          [1] build (res://scripts/world/props.gd:64)
2026-10-01T11:25:50.7047854Z          [2] _build_settlement (res://scripts/world/playground_world.gd:1533)
2026-10-01T11:25:50.7048663Z          [3] _ready (res://scripts/world/playground_world.gd:855)
2026-10-01T11:25:50.7049515Z WARNING: prop 'Torch_Metal' has glow:"campfire" but no `Fire` surface to light
2026-10-01T11:25:50.7050344Z      at: push_warning (core/variant/variant_utility.cpp:1033)
2026-10-01T11:25:50.7051014Z      GDScript backtrace (most recent call first):
2026-10-01T11:25:50.7051921Z          [0] place (res://scripts/world/props.gd:281)
2026-10-01T11:25:50.7052592Z          [1] build (res://scripts/world/props.gd:64)
2026-10-01T11:25:50.7053354Z          [2] _build_settlement (res://scripts/world/playground_world.gd:1533)
2026-10-01T11:25:50.7054170Z          [3] _ready (res://scripts/world/playground_world.gd:855)
2026-10-01T11:25:50.7070278Z WARNING: prop 'Torch_Metal' has glow:"campfire" but no `Fire` surface to light
2026-10-01T11:25:50.7071154Z      at: push_warning (core/variant/variant_utility.cpp:1033)
2026-10-01T11:25:50.7072082Z      GDScript backtrace (most recent call first):
2026-10-01T11:25:50.7072704Z          [0] place (res://scripts/world/props.gd:281)
2026-10-01T11:25:50.7073315Z          [1] build (res://scripts/world/props.gd:64)
2026-10-01T11:25:50.7074076Z          [2] _build_settlement (res://scripts/world/playground_world.gd:1533)
2026-10-01T11:25:50.7074887Z          [3] _ready (res://scripts/world/playground_world.gd:855)
2026-10-01T11:25:50.7264685Z WARNING: prop 'Torch_Metal' has glow:"campfire" but no `Fire` surface to light
2026-10-01T11:25:50.7265603Z      at: push_warning (core/variant/variant_utility.cpp:1033)
2026-10-01T11:25:50.7266296Z      GDScript backtrace (most recent call first):
2026-10-01T11:25:50.7266933Z          [0] place (res://scripts/world/props.gd:281)
2026-10-01T11:25:50.7267539Z          [1] build (res://scripts/world/props.gd:64)
2026-10-01T11:25:50.7268279Z          [2] _build_settlement (res://scripts/world/playground_world.gd:1533)
2026-10-01T11:25:50.7268939Z          [3] _ready (res://scripts/world/playground_world.gd:855)
2026-10-01T11:25:50.8038807Z WARNING: prop 'Torch_Metal' has glow:"campfire" but no `Fire` surface to light
2026-10-01T11:25:50.8039738Z      at: push_warning (core/variant/variant_utility.cpp:1033)
2026-10-01T11:25:50.8040429Z      GDScript backtrace (most recent call first):
2026-10-01T11:25:50.8041087Z          [0] place (res://scripts/world/props.gd:281)
2026-10-01T11:25:50.8042191Z          [1] build (res://scripts/world/props.gd:64)
2026-10-01T11:25:50.8043354Z          [2] _build_settlement (res://scripts/world/playground_world.gd:1533)
2026-10-01T11:25:50.8044210Z          [3] _ready (res://scripts/world/playground_world.gd:855)
2026-10-01T11:25:50.8045073Z WARNING: prop 'Torch_Metal' has glow:"campfire" but no `Fire` surface to light
2026-10-01T11:25:50.8045897Z      at: push_warning (core/variant/variant_utility.cpp:1033)
2026-10-01T11:25:50.8046572Z      GDScript backtrace (most recent call first):
2026-10-01T11:25:50.8047205Z          [0] place (res://scripts/world/props.gd:281)
2026-10-01T11:25:50.8047831Z          [1] build (res://scripts/world/props.gd:64)
2026-10-01T11:25:50.8048559Z          [2] _build_settlement (res://scripts/world/playground_world.gd:1533)
2026-10-01T11:25:50.8049347Z          [3] _ready (res://scripts/world/playground_world.gd:855)
2026-10-01T11:25:50.8085205Z WARNING: prop 'Torch_Metal' has glow:"campfire" but no `Fire` surface to light
2026-10-01T11:25:50.8086097Z      at: push_warning (core/variant/variant_utility.cpp:1033)
2026-10-01T11:25:50.8086793Z      GDScript backtrace (most recent call first):
2026-10-01T11:25:50.8087423Z          [0] place (res://scripts/world/props.gd:281)
2026-10-01T11:25:50.8088358Z          [1] build (res://scripts/world/props.gd:64)
2026-10-01T11:25:50.8089125Z          [2] _build_settlement (res://scripts/world/playground_world.gd:1533)
2026-10-01T11:25:50.8089961Z          [3] _ready (res://scripts/world/playground_world.gd:855)
2026-10-01T11:25:50.8090820Z WARNING: prop 'Torch_Metal' has glow:"campfire" but no `Fire` surface to light
2026-10-01T11:25:50.8091968Z      at: push_warning (core/variant/variant_utility.cpp:1033)
2026-10-01T11:25:50.8092637Z      GDScript backtrace (most recent call first):
2026-10-01T11:25:50.8093259Z          [0] place (res://scripts/world/props.gd:281)
2026-10-01T11:25:50.8093870Z          [1] build (res://scripts/world/props.gd:64)
2026-10-01T11:25:50.8094609Z          [2] _build_settlement (res://scripts/world/playground_world.gd:1533)
2026-10-01T11:25:50.8095374Z          [3] _ready (res://scripts/world/playground_world.gd:855)
2026-10-01T11:25:50.8095998Z [props] placed 434 props in 54 clusters (6 usable rest points)
2026-10-01T11:26:00.9272012Z [village_npcs] placed 18 of 20
2026-10-01T11:26:00.9511075Z [relay_site] placed 3 of 3
2026-10-01T11:26:00.9546697Z [pond_npc] placed 1 of 1
2026-10-01T11:26:01.1016808Z [trainers] placed 21 trainer(s)
2026-10-01T11:26:02.8885149Z [south_bridge_dressing] placed 1 of 1
2026-10-01T11:26:05.1290604Z [quarry] 2 foundations, 4 pylons, 1 finish treatment standing
2026-10-01T11:26:05.8149951Z [relay] cleared 152 scattered pieces inside the 27m station radius
2026-10-01T11:26:05.9079449Z [relay] station at 350, 3760: 4 wall runs, 2 decks, 1 ramps, 10 pylons
2026-10-01T11:26:05.9122094Z [river] 18 course segments, 18 recovery volumes
2026-10-01T11:26:07.7750077Z [playground] severed spokes standing: river_gorge, storm_road, mountain_trail, stone_gate, high_pass, cliff_road, blighted_road
2026-10-01T11:26:08.4627642Z [playground] placed 198 harvest nodes
2026-10-01T11:26:08.4786563Z [playground] placed 6 farm plots
2026-10-01T11:26:08.7122684Z [playground] placed 147 band pickups (0 already taken, 34 nudged off scatter, 0 unclear, 0 without ground)
2026-10-01T11:26:11.8581805Z [warrens] cleared 821 scattered trees/rocks inside the 30m site radius and the chambers
2026-10-01T11:26:13.1118128Z [warrens] hero clearing: removed 803 more scattered pieces out to 55m (was 30m) so no background tree competes with the mound
2026-10-01T11:26:16.5026347Z [warrens] bank cap closes the dome over the throat (297 quads)
2026-10-01T11:26:16.5051805Z [warrens] planted 20 pieces of ground cover around the site
2026-10-01T11:26:16.5056162Z [warrens] earth bank 65x90m, crest 17.0m above the mouth (9.5x the 1.8m trainer); chamber clearance past the required 1.5m: mouth +4.8m, hall +3.8m, warren +4.1m, den +2.5m, vault +4.1m (worst 2.5m)
2026-10-01T11:26:16.5418476Z [warrens] 4 flora pieces beside the mouth
2026-10-01T11:26:16.5581336Z [warrens] 7 claw scrapes beside the mouth
2026-10-01T11:26:16.5594825Z [warrens] 5 crest trees standing on the bank
2026-10-01T11:26:16.5626912Z [warrens] scattered 78 rubble pieces across the face foot, spoil fans and threshold
2026-10-01T11:26:16.6721480Z [warrens] 220 pieces of growth on the bank
2026-10-01T11:26:16.6898102Z [warrens] 182 pieces of interior rock across 5 chambers
2026-10-01T11:26:16.7355882Z [warrens] 8 connected excavated terrain masses preserve the original collision route
2026-10-01T11:26:16.7371292Z [warrens] 12 root masses
2026-10-01T11:26:16.7394877Z [warrens] 8 fungus clusters, 3 species
2026-10-01T11:26:16.7408252Z [warrens] 40 litter pieces
2026-10-01T11:26:16.7416926Z [warrens] 4 haze cards
2026-10-01T11:26:16.7528686Z [warrens] guardian carries an alert bearing (neck -30, head -12, spine -7 deg)
2026-10-01T11:26:16.7529628Z [warrens] guardian idle faces the den's entrance passage (yaw -169.0 deg)
2026-10-01T11:26:16.8976835Z [approach-drain] 690 drained quads over the approach corridor
2026-10-01T11:26:16.9032184Z [stronghold] approach ramp: 11.3m of rise over 40m (16 degrees)
2026-10-01T11:26:16.9169369Z [stronghold] 407 structural members across 5 spaces
2026-10-01T11:26:16.9450440Z [stronghold] hall massing exterior lift: 1.30x height on 17/18 module(s)
2026-10-01T11:26:16.9463459Z [stronghold] massing grounded: 17 of 35 module foot shaft(s) to skirt y=-18.0
2026-10-01T11:26:16.9473898Z [stronghold] waist: 3 inter-chamber gap(s) wrapped on both flanks
2026-10-01T11:26:16.9504084Z [stronghold] tower pier in warden_arena: 2.6 x 3.1 m at local (-10.8, 78.7), enclosing LargeTower
2026-10-01T11:26:16.9505293Z [stronghold] tower pier in warden_arena: 2.6 x 3.1 m at local (10.8, 78.7), enclosing _MeshInstance3D_66453
2026-10-01T11:26:16.9506660Z [stronghold] tower pier in warden_arena: 2.6 x 3.1 m at local (-10.8, 101.7), enclosing _MeshInstance3D_66454
2026-10-01T11:26:16.9532420Z [stronghold] tower pier in warden_arena: 2.6 x 3.1 m at local (10.8, 101.7), enclosing _MeshInstance3D_66455
2026-10-01T11:26:16.9533727Z [stronghold] tower pier in legendary_chamber: 5.0 x 5.1 m at local (-43.5, 78.7), enclosing PointyTower
2026-10-01T11:26:16.9534999Z [stronghold] tower pier in legendary_chamber: 4.0 x 4.1 m at local (-20.0, 102.2), enclosing _MeshInstance3D_66456
2026-10-01T11:26:16.9536304Z [stronghold] tower pier in legendary_chamber: 4.0 x 4.1 m at local (-44.0, 102.2), enclosing _MeshInstance3D_66457
2026-10-01T11:26:16.9537592Z [stronghold] tower pier in legendary_chamber: 3.5 x 3.6 m at local (-19.7, 77.9), enclosing _MeshInstance3D_66458
2026-10-01T11:26:16.9538733Z [stronghold] 8 tower pier(s) enclosing massing that reached inside a roofed chamber
2026-10-01T11:26:17.0742758Z [stronghold] 87 interior dressing prop(s) in the roofed rooms
2026-10-01T11:26:17.0976930Z [trainers] placed 3 trainer(s) for group 'stronghold'
2026-10-01T11:26:19.7865520Z [stronghold] cleared 90 scattered prop(s) standing inside the five spaces
2026-10-01T11:26:19.7869586Z [stronghold] 21 exterior omni light(s) at the Hall (budget 22), 11 of them flickering fires
2026-10-01T11:26:19.7871175Z [stronghold] 5 spaces on the route (outer_works -> courtyard -> tether_approach -> warden_arena -> legendary_chamber), floor y=6.17, 3 gauntlet trainer(s), 15 approach pylon(s)
2026-10-01T11:26:19.7969604Z [trainers] placed 1 trainer(s) for group 'stronghold_climax'
2026-10-01T11:26:19.8007181Z [climax] the freed stand is 6.00 m from the machine's axis, inside its 8.05 m plinth on that bearing; moved out to 10.55 m
2026-10-01T11:26:19.8094190Z [climax] the legendary stands inside the machine: dais 4.06 m up, void 7.67 m tall, body 7.08 m, headroom 0.59 m
2026-10-01T11:26:23.2790505Z [meadow] the land lies drained: 15161 quads over 8 groups, grass field thinned
2026-10-01T11:26:28.8774591Z GATE A OPENING +97.24s — wake/Get Up complete
2026-10-01T11:26:32.9221797Z GATE A OPENING +101.28s — Grandpa briefing and pack complete
2026-10-01T11:26:32.9223144Z GATE A OPENING +101.28s — starter picker order ["terrapup", "ripplet", "galewisp"]; 0 ui_right press(es) to 'terrapup'
2026-10-01T11:26:36.9239707Z GATE A OPENING +105.28s — starter selected and named (terrapup, uid creature-71b4a2dfb9b5cea2392509c69c7fe65f)
2026-10-01T11:26:38.5313087Z GATE A OPENING +106.89s — Grandpa's first-catch supplies received (50 Basic Orbs)
2026-10-01T11:26:40.1617359Z GATE A OPENING +108.52s — usable house/front doorway exited
2026-10-01T11:27:39.6070087Z ERROR: natural travel did not reach and engage the tutorial Bramblebun
2026-10-01T11:27:39.6071120Z    at: push_error (core/variant/variant_utility.cpp:1023)
2026-10-01T11:27:39.6072954Z    GDScript backtrace (most recent call first):
2026-10-01T11:27:39.6073960Z        [0] _fail (res://tests/helpers/gate_a_opening_drive.gd:1365)
2026-10-01T11:27:39.6075010Z        [1] run (res://tests/helpers/gate_a_opening_drive.gd:329)
2026-10-01T11:27:39.6075796Z        [2] _walk_to_and_engage_wild (res://tests/helpers/gate_a_opening_drive.gd:1202)
2026-10-01T11:27:39.6076636Z        [3] _drive_body_toward (res://tests/helpers/gate_a_opening_drive.gd:1230)
2026-10-01T11:27:39.6078248Z wild approach: exhausted after closest 56.25m; final 56.25m; visible=true alive=true prompt='[img=36x36]res://assets/ui/input_prompts/xbox_rb.png[/img]   Put Bud away' winner=EncounterDirector:<Node#352002771605>
2026-10-01T11:27:39.6080030Z GATE A OPENING — title interactive
2026-10-01T11:27:39.6080931Z GATE A OPENING — answered the character-choice step
2026-10-01T11:27:39.6082265Z GATE A OPENING — confirmed the configured trainer-name prefill
2026-10-01T11:27:39.6083147Z GATE A OPENING — new game world entered
2026-10-01T11:27:39.6083796Z GATE A OPENING — wake/Get Up complete
2026-10-01T11:27:39.6084556Z GATE A OPENING — Grandpa briefing and pack complete
2026-10-01T11:27:39.6085662Z GATE A OPENING — starter picker order ["terrapup", "ripplet", "galewisp"]; 0 ui_right press(es) to 'terrapup'
2026-10-01T11:27:39.6086686Z GATE A OPENING — starter selected and named (terrapup, uid creature-71b4a2dfb9b5cea2392509c69c7fe65f)
2026-10-01T11:27:39.6087533Z GATE A OPENING — Grandpa's first-catch supplies received (50 Basic Orbs)
2026-10-01T11:27:39.6088145Z GATE A OPENING — usable house/front doorway exited
2026-10-01T11:27:39.6088452Z 
2026-10-01T11:27:39.6088796Z gate A opening segment FAIL: natural travel did not reach and engage the tutorial Bramblebun
2026-10-01T11:27:41.5329990Z ##[endgroup]
2026-10-01T11:27:41.5330510Z smoke_gate_a_opening_segment.gd failed on attempt 1/1
2026-10-01T11:27:41.5344010Z ##[error]Process completed with exit code 1.
2026-10-01T11:27:41.5394499Z ##[group]Run set -uo pipefail
2026-10-01T11:27:41.5394855Z [36;1mset -uo pipefail[0m
2026-10-01T11:27:41.5395097Z [36;1mn=0[0m
2026-10-01T11:27:41.5395330Z [36;1muntil [ "$n" -ge "$RETRIES" ]; do[0m
2026-10-01T11:27:41.5395622Z [36;1m  n=$((n + 1))[0m
2026-10-01T11:27:41.5395938Z [36;1m  echo "::group::smoke_${SMOKE}.gd attempt ${n}/${RETRIES}"[0m
2026-10-01T11:27:41.5396423Z [36;1m  if godot --headless --path . --script "tests/smoke_${SMOKE}.gd"; then[0m
2026-10-01T11:27:41.5396835Z [36;1m    echo "::endgroup::"[0m
2026-10-01T11:27:41.5397093Z [36;1m    exit 0[0m
2026-10-01T11:27:41.5397310Z [36;1m  fi[0m
2026-10-01T11:27:41.5397544Z [36;1m  echo "::endgroup::"[0m
2026-10-01T11:27:41.5397885Z [36;1m  echo "smoke_${SMOKE}.gd failed on attempt ${n}/${RETRIES}"[0m
2026-10-01T11:27:41.5398229Z [36;1mdone[0m
2026-10-01T11:27:41.5398424Z [36;1mexit 1[0m
2026-10-01T11:27:41.5459756Z shell: /usr/bin/bash -e {0}
2026-10-01T11:27:41.5460018Z env:
2026-10-01T11:27:41.5460266Z   GODOT_VERSION: 4.7-stable
2026-10-01T11:27:41.5460522Z   SMOKE: gate_a_build_house
2026-10-01T11:27:41.5460762Z   RETRIES: 1
2026-10-01T11:27:41.5460965Z ##[endgroup]
2026-10-01T11:27:41.5540510Z ##[group]smoke_gate_a_build_house.gd attempt 1/1
2026-10-01T11:27:41.5768723Z Godot Engine v4.7.stable.official.5b4e0cb0f - https://godotengine.org
2026-10-01T11:27:41.6040423Z 
2026-10-01T11:27:45.1085647Z ERROR: Parameter "material" is null.
2026-10-01T11:27:45.1086687Z    at: material_get_instance_shader_parameters (servers/rendering/dummy/storage/material_storage.cpp:264)
2026-10-01T11:27:45.3328167Z ERROR: Parameter "material" is null.
2026-10-01T11:27:45.3329188Z    at: material_get_instance_shader_parameters (servers/rendering/dummy/storage/material_storage.cpp:264)
2026-10-01T11:27:45.3330167Z ERROR: Parameter "material" is null.
2026-10-01T11:27:45.3330687Z    at: material_get_instance_shader_parameters (servers/rendering/dummy/storage/material_storage.cpp:264)
2026-10-01T11:27:45.3331222Z ERROR: Parameter "material" is null.
2026-10-01T11:27:45.3332258Z    at: material_get_instance_shader_parameters (servers/rendering/dummy/storage/material_storage.cpp:264)
2026-10-01T11:27:45.3332773Z ERROR: Parameter "material" is null.
2026-10-01T11:27:45.3333274Z    at: material_get_instance_shader_parameters (servers/rendering/dummy/storage/material_storage.cpp:264)
2026-10-01T11:27:45.3333769Z ERROR: Parameter "material" is null.
2026-10-01T11:27:45.3334237Z    at: material_get_instance_shader_parameters (servers/rendering/dummy/storage/material_storage.cpp:264)
2026-10-01T11:27:46.0016515Z ERROR: Parameter "material" is null.
2026-10-01T11:27:46.0018008Z    at: material_get_instance_shader_parameters (servers/rendering/dummy/storage/material_storage.cpp:264)
2026-10-01T11:27:46.0018975Z ERROR: Parameter "material" is null.
2026-10-01T11:27:46.0019743Z    at: material_get_instance_shader_parameters (servers/rendering/dummy/storage/material_storage.cpp:264)
2026-10-01T11:27:46.8754748Z paid controller build: 2x2 floor + shared door/walls + four wall-top roofs
2026-10-01T11:27:46.9457799Z ERROR: Parameter "material" is null.
2026-10-01T11:27:46.9458839Z    at: material_get_instance_shader_parameters (servers/rendering/dummy/storage/material_storage.cpp:264)
2026-10-01T11:27:47.1445308Z controller dismantle: exact middle piece removed; neighbours survive; full refund
2026-10-01T11:27:47.4038411Z controller dismantle: creature bed removed and fully refunded
2026-10-01T11:27:47.6453344Z build Cancel: ghost cleared and unpaused world control returned
2026-10-01T11:27:47.6454277Z GATE A BUILD HOUSE SMOKE: PASS
2026-10-01T11:27:47.7765171Z ##[endgroup]
2026-10-01T11:27:47.7803892Z ##[group]Run set -uo pipefail
2026-10-01T11:27:47.7804239Z [36;1mset -uo pipefail[0m
2026-10-01T11:27:47.7804481Z [36;1mn=0[0m
2026-10-01T11:27:47.7804717Z [36;1muntil [ "$n" -ge "$RETRIES" ]; do[0m
2026-10-01T11:27:47.7805022Z [36;1m  n=$((n + 1))[0m
2026-10-01T11:27:47.7805345Z [36;1m  echo "::group::smoke_${SMOKE}.gd attempt ${n}/${RETRIES}"[0m
2026-10-01T11:27:47.7805832Z [36;1m  if godot --headless --path . --script "tests/smoke_${SMOKE}.gd"; then[0m
2026-10-01T11:27:47.7806244Z [36;1m    echo "::endgroup::"[0m
2026-10-01T11:27:47.7806510Z [36;1m    exit 0[0m
2026-10-01T11:27:47.7806723Z [36;1m  fi[0m
2026-10-01T11:27:47.7806938Z [36;1m  echo "::endgroup::"[0m
2026-10-01T11:27:47.7807283Z [36;1m  echo "smoke_${SMOKE}.gd failed on attempt ${n}/${RETRIES}"[0m
2026-10-01T11:27:47.7807633Z [36;1mdone[0m
2026-10-01T11:27:47.7807833Z [36;1mexit 1[0m
2026-10-01T11:27:47.7869418Z shell: /usr/bin/bash -e {0}
2026-10-01T11:27:47.7869694Z env:
2026-10-01T11:27:47.7869949Z   GODOT_VERSION: 4.7-stable
2026-10-01T11:27:47.7870221Z   SMOKE: build_two_creature_beds
2026-10-01T11:27:47.7870490Z   RETRIES: 1
2026-10-01T11:27:47.7870703Z ##[endgroup]
2026-10-01T11:27:47.7951455Z ##[group]smoke_build_two_creature_beds.gd attempt 1/1
2026-10-01T11:27:47.8180588Z Godot Engine v4.7.stable.official.5b4e0cb0f - https://godotengine.org
2026-10-01T11:27:47.8453116Z 
2026-10-01T11:27:54.4950107Z WARNING: instance_reset_physics_interpolation() is deprecated.
2026-10-01T11:27:54.4951526Z      at: _instance_reset_physics_interpolation_bind_compat_104269 (servers/rendering/rendering_server.compat.inc:62)
2026-10-01T11:27:54.4952483Z      GDScript backtrace (most recent call first):
2026-10-01T11:27:54.4953156Z          [0] _build_terrain (res://scripts/world/playground_world.gd:1172)
2026-10-01T11:27:54.4953873Z          [1] _ready (res://scripts/world/playground_world.gd:798)
2026-10-01T11:27:54.4954513Z          [2] _run (res://tests/smoke_build_two_creature_beds.gd:53)
2026-10-01T11:27:57.4023121Z [playground] spawned at 0.0, 2.9, 0.0
2026-10-01T11:28:01.1821021Z [scatter bake] load phases (ms): read[256 regions, 387893 placements, 431212 skipped]=1100 reorder[16 layers]=2636
2026-10-01T11:28:01.3703123Z [vegetation] grass field is on; 431212 placements across 2 layers left unbuilt (grass, flowers)
2026-10-01T11:28:06.9149242Z [vegetation] boot phases (ms): placements=3950 mark_harvestable=114 group_by_model=277 register_mesh_assets=35 build_batches_total=4797 (of which harvest_points[56283 nodes]=2939, initial_collision_stream[51210 solid]=132) update_mmis=321
2026-10-01T11:28:07.3604437Z [grass_field] grass ring: 62140 instances over 13 lattice layers (tuft_count asked for 75000), 24m cull tiles
2026-10-01T11:28:07.3715204Z [grass_field] stone ring: 6084 instances over 8 lattice layers (count 25000)
2026-10-01T11:28:07.3837800Z [grass_field] cover tier bushes   4876 instances over 4 lattice layers (count 6000)
2026-10-01T11:28:07.3928558Z [grass_field] cover tier flowers  9432 instances over 6 lattice layers (count 12000)
2026-10-01T11:28:07.3993287Z [grass_field] cover tier flowers_gold 5740 instances over 4 lattice layers (count 7000)
2026-10-01T11:28:07.4056910Z [grass_field] cover tier litter   6008 instances over 3 lattice layers (count 15000)
2026-10-01T11:28:07.4057718Z [grass_field] 4 cover tier(s) up
2026-10-01T11:28:07.4357676Z [grass_field] far cover: 1 sheet, 71200 tris, 46225 verts, 6m cell, 40-640m reach
2026-10-01T11:28:07.4360920Z [grass_field] bound: 62140 tufts, radius 72m, region_size 256, vertex_spacing 2.0, 1024 region slots
2026-10-01T11:28:07.4362245Z [grass_field] stone tier: rid_valid=true height_map=<null> region_map=-1 entries
2026-10-01T11:28:07.4596553Z [playground] scattered 386505 props in 36 batches (56283 harvestable, 0 already chopped, 266/51210 collision resident)
2026-10-01T11:28:09.4465704Z [water] pond quads 2538, stream points 46, reeds 152, marginals 32, bank flowers 72, rocks 40, driftwood 5, lilypads 49, jetty 18, level -17.0
2026-10-01T11:28:09.4467244Z [water] stream bank reeds 77, bank scrub 12
2026-10-01T11:28:09.4467906Z [water] river quads 390, bank reeds 134, bank scrub 57
2026-10-01T11:28:09.8937585Z [village] placed 29 structures
2026-10-01T11:28:09.9712602Z WARNING: prop 'Torch_Metal' has glow:"campfire" but no `Fire` surface to light
2026-10-01T11:28:09.9713552Z      at: push_warning (core/variant/variant_utility.cpp:1033)
2026-10-01T11:28:09.9714229Z      GDScript backtrace (most recent call first):
2026-10-01T11:28:09.9714888Z          [0] place (res://scripts/world/props.gd:281)
2026-10-01T11:28:09.9715537Z          [1] build (res://scripts/world/props.gd:64)
2026-10-01T11:28:09.9716310Z          [2] _build_settlement (res://scripts/world/playground_world.gd:1533)
2026-10-01T11:28:09.9717134Z          [3] _ready (res://scripts/world/playground_world.gd:855)
2026-10-01T11:28:09.9718005Z WARNING: prop 'Torch_Metal' has glow:"campfire" but no `Fire` surface to light
2026-10-01T11:28:09.9718857Z      at: push_warning (core/variant/variant_utility.cpp:1033)
2026-10-01T11:28:09.9719529Z      GDScript backtrace (most recent call first):
2026-10-01T11:28:09.9720154Z          [0] place (res://scripts/world/props.gd:281)
2026-10-01T11:28:09.9720769Z          [1] build (res://scripts/world/props.gd:64)
2026-10-01T11:28:09.9721764Z          [2] _build_settlement (res://scripts/world/playground_world.gd:1533)
2026-10-01T11:28:09.9722563Z          [3] _ready (res://scripts/world/playground_world.gd:855)
2026-10-01T11:28:09.9739229Z WARNING: prop 'Torch_Metal' has glow:"campfire" but no `Fire` surface to light
2026-10-01T11:28:09.9740105Z      at: push_warning (core/variant/variant_utility.cpp:1033)
2026-10-01T11:28:09.9740797Z      GDScript backtrace (most recent call first):
2026-10-01T11:28:09.9741667Z          [0] place (res://scripts/world/props.gd:281)
2026-10-01T11:28:09.9742326Z          [1] build (res://scripts/world/props.gd:64)
2026-10-01T11:28:09.9743073Z          [2] _build_settlement (res://scripts/world/playground_world.gd:1533)
2026-10-01T11:28:09.9743881Z          [3] _ready (res://scripts/world/playground_world.gd:855)
2026-10-01T11:28:09.9935301Z WARNING: prop 'Torch_Metal' has glow:"campfire" but no `Fire` surface to light
2026-10-01T11:28:09.9936202Z      at: push_warning (core/variant/variant_utility.cpp:1033)
2026-10-01T11:28:09.9936953Z      GDScript backtrace (most recent call first):
2026-10-01T11:28:09.9937572Z          [0] place (res://scripts/world/props.gd:281)
2026-10-01T11:28:09.9938186Z          [1] build (res://scripts/world/props.gd:64)
2026-10-01T11:28:09.9938858Z          [2] _build_settlement (res://scripts/world/playground_world.gd:1533)
2026-10-01T11:28:09.9939558Z          [3] _ready (res://scripts/world/playground_world.gd:855)
2026-10-01T11:28:10.0715677Z WARNING: prop 'Torch_Metal' has glow:"campfire" but no `Fire` surface to light
2026-10-01T11:28:10.0716596Z      at: push_warning (core/variant/variant_utility.cpp:1033)
2026-10-01T11:28:10.0717287Z      GDScript backtrace (most recent call first):
2026-10-01T11:28:10.0718342Z          [0] place (res://scripts/world/props.gd:281)
2026-10-01T11:28:10.0718983Z          [1] build (res://scripts/world/props.gd:64)
2026-10-01T11:28:10.0719745Z          [2] _build_settlement (res://scripts/world/playground_world.gd:1533)
2026-10-01T11:28:10.0720555Z          [3] _ready (res://scripts/world/playground_world.gd:855)
2026-10-01T11:28:10.0721699Z WARNING: prop 'Torch_Metal' has glow:"campfire" but no `Fire` surface to light
2026-10-01T11:28:10.0722571Z      at: push_warning (core/variant/variant_utility.cpp:1033)
2026-10-01T11:28:10.0723224Z      GDScript backtrace (most recent call first):
2026-10-01T11:28:10.0723846Z          [0] place (res://scripts/world/props.gd:281)
2026-10-01T11:28:10.0724459Z          [1] build (res://scripts/world/props.gd:64)
2026-10-01T11:28:10.0725168Z          [2] _build_settlement (res://scripts/world/playground_world.gd:1533)
2026-10-01T11:28:10.0725950Z          [3] _ready (res://scripts/world/playground_world.gd:855)
2026-10-01T11:28:10.0761613Z WARNING: prop 'Torch_Metal' has glow:"campfire" but no `Fire` surface to light
2026-10-01T11:28:10.0762557Z      at: push_warning (core/variant/variant_utility.cpp:1033)
2026-10-01T11:28:10.0763232Z      GDScript backtrace (most recent call first):
2026-10-01T11:28:10.0763854Z          [0] place (res://scripts/world/props.gd:281)
2026-10-01T11:28:10.0764474Z          [1] build (res://scripts/world/props.gd:64)
2026-10-01T11:28:10.0765232Z          [2] _build_settlement (res://scripts/world/playground_world.gd:1533)
2026-10-01T11:28:10.0766074Z          [3] _ready (res://scripts/world/playground_world.gd:855)
2026-10-01T11:28:10.0766926Z WARNING: prop 'Torch_Metal' has glow:"campfire" but no `Fire` surface to light
2026-10-01T11:28:10.0767776Z      at: push_warning (core/variant/variant_utility.cpp:1033)
2026-10-01T11:28:10.0768443Z      GDScript backtrace (most recent call first):
2026-10-01T11:28:10.0769050Z          [0] place (res://scripts/world/props.gd:281)
2026-10-01T11:28:10.0769668Z          [1] build (res://scripts/world/props.gd:64)
2026-10-01T11:28:10.0770411Z          [2] _build_settlement (res://scripts/world/playground_world.gd:1533)
2026-10-01T11:28:10.0771159Z          [3] _ready (res://scripts/world/playground_world.gd:855)
2026-10-01T11:28:10.0772033Z [props] placed 434 props in 54 clusters (6 usable rest points)
2026-10-01T11:28:20.2898108Z [village_npcs] placed 18 of 20
2026-10-01T11:28:20.3140005Z [relay_site] placed 3 of 3
2026-10-01T11:28:20.3177291Z [pond_npc] placed 1 of 1
2026-10-01T11:28:20.4649782Z [trainers] placed 21 trainer(s)
2026-10-01T11:28:22.2186035Z [south_bridge_dressing] placed 1 of 1
2026-10-01T11:28:24.4832027Z [quarry] 2 foundations, 4 pylons, 1 finish treatment standing
2026-10-01T11:28:25.1714889Z [relay] cleared 152 scattered pieces inside the 27m station radius
2026-10-01T11:28:25.2642397Z [relay] station at 350, 3760: 4 wall runs, 2 decks, 1 ramps, 10 pylons
2026-10-01T11:28:25.2684158Z [river] 18 course segments, 18 recovery volumes
2026-10-01T11:28:27.1240533Z [playground] severed spokes standing: river_gorge, storm_road, mountain_trail, stone_gate, high_pass, cliff_road, blighted_road
2026-10-01T11:28:27.8009807Z [playground] placed 198 harvest nodes
2026-10-01T11:28:27.8164887Z [playground] placed 6 farm plots
2026-10-01T11:28:28.0527215Z [playground] placed 147 band pickups (0 already taken, 34 nudged off scatter, 0 unclear, 0 without ground)
2026-10-01T11:28:31.1778934Z [warrens] cleared 821 scattered trees/rocks inside the 30m site radius and the chambers
2026-10-01T11:28:32.4329758Z [warrens] hero clearing: removed 803 more scattered pieces out to 55m (was 30m) so no background tree competes with the mound
2026-10-01T11:28:35.8096375Z [warrens] bank cap closes the dome over the throat (297 quads)
2026-10-01T11:28:35.8123796Z [warrens] planted 20 pieces of ground cover around the site
2026-10-01T11:28:35.8127920Z [warrens] earth bank 65x90m, crest 17.0m above the mouth (9.5x the 1.8m trainer); chamber clearance past the required 1.5m: mouth +4.8m, hall +3.8m, warren +4.1m, den +2.5m, vault +4.1m (worst 2.5m)
2026-10-01T11:28:35.8499055Z [warrens] 4 flora pieces beside the mouth
2026-10-01T11:28:35.8665535Z [warrens] 7 claw scrapes beside the mouth
2026-10-01T11:28:35.8678445Z [warrens] 5 crest trees standing on the bank
2026-10-01T11:28:35.8711157Z [warrens] scattered 78 rubble pieces across the face foot, spoil fans and threshold
2026-10-01T11:28:35.9786290Z [warrens] 220 pieces of growth on the bank
2026-10-01T11:28:35.9967242Z [warrens] 182 pieces of interior rock across 5 chambers
2026-10-01T11:28:36.0430045Z [warrens] 8 connected excavated terrain masses preserve the original collision route
2026-10-01T11:28:36.0446786Z [warrens] 12 root masses
2026-10-01T11:28:36.0470115Z [warrens] 8 fungus clusters, 3 species
2026-10-01T11:28:36.0484556Z [warrens] 40 litter pieces
2026-10-01T11:28:36.0493078Z [warrens] 4 haze cards
2026-10-01T11:28:36.0605532Z [warrens] guardian carries an alert bearing (neck -30, head -12, spine -7 deg)
2026-10-01T11:28:36.0606914Z [warrens] guardian idle faces the den's entrance passage (yaw -169.0 deg)
2026-10-01T11:28:36.2070137Z [approach-drain] 690 drained quads over the approach corridor
2026-10-01T11:28:36.2124546Z [stronghold] approach ramp: 11.3m of rise over 40m (16 degrees)
2026-10-01T11:28:36.2259364Z [stronghold] 407 structural members across 5 spaces
2026-10-01T11:28:36.2546777Z [stronghold] hall massing exterior lift: 1.30x height on 17/18 module(s)
2026-10-01T11:28:36.2559195Z [stronghold] massing grounded: 17 of 35 module foot shaft(s) to skirt y=-18.0
2026-10-01T11:28:36.2569196Z [stronghold] waist: 3 inter-chamber gap(s) wrapped on both flanks
2026-10-01T11:28:36.2601089Z [stronghold] tower pier in warden_arena: 2.6 x 3.1 m at local (-10.8, 78.7), enclosing LargeTower
2026-10-01T11:28:36.2602465Z [stronghold] tower pier in warden_arena: 2.6 x 3.1 m at local (10.8, 78.7), enclosing _MeshInstance3D_66268
2026-10-01T11:28:36.2603701Z [stronghold] tower pier in warden_arena: 2.6 x 3.1 m at local (-10.8, 101.7), enclosing _MeshInstance3D_66269
2026-10-01T11:28:36.2605036Z [stronghold] tower pier in warden_arena: 2.6 x 3.1 m at local (10.8, 101.7), enclosing _MeshInstance3D_66270
2026-10-01T11:28:36.2607326Z [stronghold] tower pier in legendary_chamber: 5.0 x 5.1 m at local (-43.5, 78.7), enclosing PointyTower
2026-10-01T11:28:36.2608766Z [stronghold] tower pier in legendary_chamber: 4.0 x 4.1 m at local (-20.0, 102.2), enclosing _MeshInstance3D_66271
2026-10-01T11:28:36.2610257Z [stronghold] tower pier in legendary_chamber: 4.0 x 4.1 m at local (-44.0, 102.2), enclosing _MeshInstance3D_66272
2026-10-01T11:28:36.2611954Z [stronghold] tower pier in legendary_chamber: 3.5 x 3.6 m at local (-19.7, 77.9), enclosing _MeshInstance3D_66273
2026-10-01T11:28:36.2613253Z [stronghold] 8 tower pier(s) enclosing massing that reached inside a roofed chamber
2026-10-01T11:28:36.3841687Z [stronghold] 87 interior dressing prop(s) in the roofed rooms
2026-10-01T11:28:36.4072509Z [trainers] placed 3 trainer(s) for group 'stronghold'
2026-10-01T11:28:39.1642890Z [stronghold] cleared 90 scattered prop(s) standing inside the five spaces
2026-10-01T11:28:39.1646133Z [stronghold] 21 exterior omni light(s) at the Hall (budget 22), 11 of them flickering fires
2026-10-01T11:28:39.1648749Z [stronghold] 5 spaces on the route (outer_works -> courtyard -> tether_approach -> warden_arena -> legendary_chamber), floor y=6.17, 3 gauntlet trainer(s), 15 approach pylon(s)
2026-10-01T11:28:39.1745198Z [trainers] placed 1 trainer(s) for group 'stronghold_climax'
2026-10-01T11:28:39.1782407Z [climax] the freed stand is 6.00 m from the machine's axis, inside its 8.05 m plinth on that bearing; moved out to 10.55 m
2026-10-01T11:28:39.1866505Z [climax] the legendary stands inside the machine: dais 4.06 m up, void 7.67 m tall, body 7.08 m, headroom 0.59 m
2026-10-01T11:28:42.6370370Z [meadow] the land lies drained: 15161 quads over 8 groups, grass field thinned
2026-10-01T11:28:50.2228574Z Creature Bed 1 settled from controller input with 2 ledger delta(s)
2026-10-01T11:28:51.9607796Z Creature Bed 2 settled from controller input with 2 ledger delta(s)
2026-10-01T11:28:51.9609071Z two-bed run 1/10 settled with 4 total deltas
2026-10-01T11:28:54.1760172Z Creature Bed 1 settled from controller input with 2 ledger delta(s)
2026-10-01T11:28:55.9312299Z Creature Bed 2 settled from controller input with 2 ledger delta(s)
2026-10-01T11:28:55.9313052Z two-bed run 2/10 settled with 4 total deltas
2026-10-01T11:28:58.1672398Z Creature Bed 1 settled from controller input with 2 ledger delta(s)
2026-10-01T11:28:59.9773814Z Creature Bed 2 settled from controller input with 2 ledger delta(s)
2026-10-01T11:28:59.9774396Z two-bed run 3/10 settled with 4 total deltas
2026-10-01T11:29:02.2613532Z Creature Bed 1 settled from controller input with 2 ledger delta(s)
2026-10-01T11:29:04.0938908Z Creature Bed 2 settled from controller input with 2 ledger delta(s)
2026-10-01T11:29:04.0939670Z two-bed run 4/10 settled with 4 total deltas
2026-10-01T11:29:06.3563702Z Creature Bed 1 settled from controller input with 2 ledger delta(s)
2026-10-01T11:29:08.3276053Z Creature Bed 2 settled from controller input with 2 ledger delta(s)
2026-10-01T11:29:08.3276810Z two-bed run 5/10 settled with 4 total deltas
2026-10-01T11:29:10.5652167Z Creature Bed 1 settled from controller input with 2 ledger delta(s)
2026-10-01T11:29:12.4126387Z Creature Bed 2 settled from controller input with 2 ledger delta(s)
2026-10-01T11:29:12.4127056Z two-bed run 6/10 settled with 4 total deltas
2026-10-01T11:29:14.7787929Z Creature Bed 1 settled from controller input with 2 ledger delta(s)
2026-10-01T11:29:16.6869146Z Creature Bed 2 settled from controller input with 2 ledger delta(s)
2026-10-01T11:29:16.6869893Z two-bed run 7/10 settled with 4 total deltas
2026-10-01T11:29:18.9326392Z Creature Bed 1 settled from controller input with 2 ledger delta(s)
2026-10-01T11:29:20.8442463Z Creature Bed 2 settled from controller input with 2 ledger delta(s)
2026-10-01T11:29:20.8443387Z two-bed run 8/10 settled with 4 total deltas
2026-10-01T11:29:23.2090510Z Creature Bed 1 settled from controller input with 2 ledger delta(s)
2026-10-01T11:29:25.1128427Z Creature Bed 2 settled from controller input with 2 ledger delta(s)
2026-10-01T11:29:25.1129292Z two-bed run 9/10 settled with 4 total deltas
2026-10-01T11:29:27.3607212Z Creature Bed 1 settled from controller input with 2 ledger delta(s)
2026-10-01T11:29:29.2757262Z Creature Bed 2 settled from controller input with 2 ledger delta(s)
2026-10-01T11:29:29.2758341Z two-bed run 10/10 settled with 4 total deltas
2026-10-01T11:29:31.2790458Z two-bed warmup watchdog: max 33.5 ms during first 2.0 s (soak 2.0s, autosave 6.1s -> 6.1s)
2026-10-01T11:29:31.2791851Z two-bed post-warmup watchdog: not requested (soak 2.0 s)
2026-10-01T11:29:31.2794069Z two-bed fallback: requests 0, completed 0, trigger-frame max 0.0 ms
2026-10-01T11:29:31.2795206Z TWO CREATURE BED FREEZE SMOKE: PASS
2026-10-01T11:29:33.1983507Z ##[endgroup]
2026-10-01T11:29:33.2024838Z ##[group]Run set -uo pipefail
2026-10-01T11:29:33.2025368Z [36;1mset -uo pipefail[0m
2026-10-01T11:29:33.2025788Z [36;1mn=0[0m
2026-10-01T11:29:33.2026191Z [36;1muntil [ "$n" -ge "$RETRIES" ]; do[0m
2026-10-01T11:29:33.2026503Z [36;1m  n=$((n + 1))[0m
2026-10-01T11:29:33.2026830Z [36;1m  echo "::group::smoke_${SMOKE}.gd attempt ${n}/${RETRIES}"[0m
2026-10-01T11:29:33.2027319Z [36;1m  if godot --headless --path . --script "tests/smoke_${SMOKE}.gd"; then[0m
2026-10-01T11:29:33.2027735Z [36;1m    echo "::endgroup::"[0m
2026-10-01T11:29:33.2027996Z [36;1m    exit 0[0m
2026-10-01T11:29:33.2028212Z [36;1m  fi[0m
2026-10-01T11:29:33.2028430Z [36;1m  echo "::endgroup::"[0m
2026-10-01T11:29:33.2028771Z [36;1m  echo "smoke_${SMOKE}.gd failed on attempt ${n}/${RETRIES}"[0m
2026-10-01T11:29:33.2029124Z [36;1mdone[0m
2026-10-01T11:29:33.2029335Z [36;1mexit 1[0m
2026-10-01T11:29:33.2091731Z shell: /usr/bin/bash -e {0}
2026-10-01T11:29:33.2092007Z env:
2026-10-01T11:29:33.2092255Z   GODOT_VERSION: 4.7-stable
2026-10-01T11:29:33.2092517Z   SMOKE: gate_a_rest_torch
2026-10-01T11:29:33.2092942Z   RETRIES: 1
2026-10-01T11:29:33.2093155Z ##[endgroup]
2026-10-01T11:29:33.2174961Z ##[group]smoke_gate_a_rest_torch.gd attempt 1/1
2026-10-01T11:29:33.2409183Z Godot Engine v4.7.stable.official.5b4e0cb0f - https://godotengine.org
2026-10-01T11:29:33.2683863Z 
2026-10-01T11:29:39.2567892Z WARNING: instance_reset_physics_interpolation() is deprecated.
2026-10-01T11:29:39.2569100Z      at: _instance_reset_physics_interpolation_bind_compat_104269 (servers/rendering/rendering_server.compat.inc:62)
2026-10-01T11:29:39.2570136Z      GDScript backtrace (most recent call first):
2026-10-01T11:29:39.2570744Z          [0] _build_terrain (res://scripts/world/playground_world.gd:1172)
2026-10-01T11:29:39.2571554Z          [1] _ready (res://scripts/world/playground_world.gd:798)
2026-10-01T11:29:42.5664234Z [playground] spawned at 0.0, 2.9, 0.0
2026-10-01T11:29:46.2802117Z [scatter bake] load phases (ms): read[256 regions, 387893 placements, 431212 skipped]=1092 reorder[16 layers]=2577
2026-10-01T11:29:46.4742116Z [vegetation] grass field is on; 431212 placements across 2 layers left unbuilt (grass, flowers)
2026-10-01T11:29:52.0056734Z [vegetation] boot phases (ms): placements=3889 mark_harvestable=111 group_by_model=272 register_mesh_assets=34 build_batches_total=4798 (of which harvest_points[56283 nodes]=2963, initial_collision_stream[51210 solid]=130) update_mmis=317
2026-10-01T11:29:52.4384386Z [grass_field] grass ring: 62140 instances over 13 lattice layers (tuft_count asked for 75000), 24m cull tiles
2026-10-01T11:29:52.4494820Z [grass_field] stone ring: 6084 instances over 8 lattice layers (count 25000)
2026-10-01T11:29:52.4617556Z [grass_field] cover tier bushes   4876 instances over 4 lattice layers (count 6000)
2026-10-01T11:29:52.4712664Z [grass_field] cover tier flowers  9432 instances over 6 lattice layers (count 12000)
2026-10-01T11:29:52.4777761Z [grass_field] cover tier flowers_gold 5740 instances over 4 lattice layers (count 7000)
2026-10-01T11:29:52.4840058Z [grass_field] cover tier litter   6008 instances over 3 lattice layers (count 15000)
2026-10-01T11:29:52.4840894Z [grass_field] 4 cover tier(s) up
2026-10-01T11:29:52.5143250Z [grass_field] far cover: 1 sheet, 71200 tris, 46225 verts, 6m cell, 40-640m reach
2026-10-01T11:29:52.5147052Z [grass_field] bound: 62140 tufts, radius 72m, region_size 256, vertex_spacing 2.0, 1024 region slots
2026-10-01T11:29:52.5148116Z [grass_field] stone tier: rid_valid=true height_map=<null> region_map=-1 entries
2026-10-01T11:29:52.5402939Z [playground] scattered 386505 props in 36 batches (56283 harvestable, 0 already chopped, 266/51210 collision resident)
2026-10-01T11:29:54.5305650Z [water] pond quads 2538, stream points 46, reeds 152, marginals 32, bank flowers 72, rocks 40, driftwood 5, lilypads 49, jetty 18, level -17.0
2026-10-01T11:29:54.5306784Z [water] stream bank reeds 77, bank scrub 12
2026-10-01T11:29:54.5307799Z [water] river quads 390, bank reeds 134, bank scrub 57
2026-10-01T11:29:54.9765555Z [village] placed 29 structures
2026-10-01T11:29:55.0552964Z WARNING: prop 'Torch_Metal' has glow:"campfire" but no `Fire` surface to light
2026-10-01T11:29:55.0554143Z      at: push_warning (core/variant/variant_utility.cpp:1033)
2026-10-01T11:29:55.0554998Z      GDScript backtrace (most recent call first):
2026-10-01T11:29:55.0555808Z          [0] place (res://scripts/world/props.gd:281)
2026-10-01T11:29:55.0556518Z          [1] build (res://scripts/world/props.gd:64)
2026-10-01T11:29:55.0557458Z          [2] _build_settlement (res://scripts/world/playground_world.gd:1533)
2026-10-01T11:29:55.0558325Z          [3] _ready (res://scripts/world/playground_world.gd:855)
2026-10-01T11:29:55.0559204Z WARNING: prop 'Torch_Metal' has glow:"campfire" but no `Fire` surface to light
2026-10-01T11:29:55.0560298Z      at: push_warning (core/variant/variant_utility.cpp:1033)
2026-10-01T11:29:55.0561142Z      GDScript backtrace (most recent call first):
2026-10-01T11:29:55.0562120Z          [0] place (res://scripts/world/props.gd:281)
2026-10-01T11:29:55.0562911Z          [1] build (res://scripts/world/props.gd:64)
2026-10-01T11:29:55.0564075Z          [2] _build_settlement (res://scripts/world/playground_world.gd:1533)
2026-10-01T11:29:55.0564710Z          [3] _ready (res://scripts/world/playground_world.gd:855)
2026-10-01T11:29:55.0578642Z WARNING: prop 'Torch_Metal' has glow:"campfire" but no `Fire` surface to light
2026-10-01T11:29:55.0579329Z      at: push_warning (core/variant/variant_utility.cpp:1033)
2026-10-01T11:29:55.0579730Z      GDScript backtrace (most recent call first):
2026-10-01T11:29:55.0580096Z          [0] place (res://scripts/world/props.gd:281)
2026-10-01T11:29:55.0580471Z          [1] build (res://scripts/world/props.gd:64)
2026-10-01T11:29:55.0580890Z          [2] _build_settlement (res://scripts/world/playground_world.gd:1533)
2026-10-01T11:29:55.0581609Z          [3] _ready (res://scripts/world/playground_world.gd:855)
2026-10-01T11:29:55.0774542Z WARNING: prop 'Torch_Metal' has glow:"campfire" but no `Fire` surface to light
2026-10-01T11:29:55.0775475Z      at: push_warning (core/variant/variant_utility.cpp:1033)
2026-10-01T11:29:55.0776151Z      GDScript backtrace (most recent call first):
2026-10-01T11:29:55.0776787Z          [0] place (res://scripts/world/props.gd:281)
2026-10-01T11:29:55.0777332Z          [1] build (res://scripts/world/props.gd:64)
2026-10-01T11:29:55.0777938Z          [2] _build_settlement (res://scripts/world/playground_world.gd:1533)
2026-10-01T11:29:55.0778672Z          [3] _ready (res://scripts/world/playground_world.gd:855)
2026-10-01T11:29:55.1539374Z WARNING: prop 'Torch_Metal' has glow:"campfire" but no `Fire` surface to light
2026-10-01T11:29:55.1540301Z      at: push_warning (core/variant/variant_utility.cpp:1033)
2026-10-01T11:29:55.1541070Z      GDScript backtrace (most recent call first):
2026-10-01T11:29:55.1542037Z          [0] place (res://scripts/world/props.gd:281)
2026-10-01T11:29:55.1542703Z          [1] build (res://scripts/world/props.gd:64)
2026-10-01T11:29:55.1543470Z          [2] _build_settlement (res://scripts/world/playground_world.gd:1533)
2026-10-01T11:29:55.1544317Z          [3] _ready (res://scripts/world/playground_world.gd:855)
2026-10-01T11:29:55.1545163Z WARNING: prop 'Torch_Metal' has glow:"campfire" but no `Fire` surface to light
2026-10-01T11:29:55.1545978Z      at: push_warning (core/variant/variant_utility.cpp:1033)
2026-10-01T11:29:55.1546633Z      GDScript backtrace (most recent call first):
2026-10-01T11:29:55.1547230Z          [0] place (res://scripts/world/props.gd:281)
2026-10-01T11:29:55.1547852Z          [1] build (res://scripts/world/props.gd:64)
2026-10-01T11:29:55.1548572Z          [2] _build_settlement (res://scripts/world/playground_world.gd:1533)
2026-10-01T11:29:55.1549369Z          [3] _ready (res://scripts/world/playground_world.gd:855)
2026-10-01T11:29:55.1585330Z WARNING: prop 'Torch_Metal' has glow:"campfire" but no `Fire` surface to light
2026-10-01T11:29:55.1586515Z      at: push_warning (core/variant/variant_utility.cpp:1033)
2026-10-01T11:29:55.1587230Z      GDScript backtrace (most recent call first):
2026-10-01T11:29:55.1587857Z          [0] place (res://scripts/world/props.gd:281)
2026-10-01T11:29:55.1588491Z          [1] build (res://scripts/world/props.gd:64)
2026-10-01T11:29:55.1589238Z          [2] _build_settlement (res://scripts/world/playground_world.gd:1533)
2026-10-01T11:29:55.1590059Z          [3] _ready (res://scripts/world/playground_world.gd:855)
2026-10-01T11:29:55.1590910Z WARNING: prop 'Torch_Metal' has glow:"campfire" but no `Fire` surface to light
2026-10-01T11:29:55.1591995Z      at: push_warning (core/variant/variant_utility.cpp:1033)
2026-10-01T11:29:55.1592678Z      GDScript backtrace (most recent call first):
2026-10-01T11:29:55.1593290Z          [0] place (res://scripts/world/props.gd:281)
2026-10-01T11:29:55.1593888Z          [1] build (res://scripts/world/props.gd:64)
2026-10-01T11:29:55.1594647Z          [2] _build_settlement (res://scripts/world/playground_world.gd:1533)
2026-10-01T11:29:55.1595399Z          [3] _ready (res://scripts/world/playground_world.gd:855)
2026-10-01T11:29:55.1596279Z [props] placed 434 props in 54 clusters (6 usable rest points)
2026-10-01T11:30:05.4504886Z [village_npcs] placed 18 of 20
2026-10-01T11:30:05.4742523Z [relay_site] placed 3 of 3
2026-10-01T11:30:05.4777852Z [pond_npc] placed 1 of 1
2026-10-01T11:30:05.6250799Z [trainers] placed 21 trainer(s)
2026-10-01T11:30:07.4099053Z [south_bridge_dressing] placed 1 of 1
2026-10-01T11:30:09.6910556Z [quarry] 2 foundations, 4 pylons, 1 finish treatment standing
2026-10-01T11:30:10.3891719Z [relay] cleared 152 scattered pieces inside the 27m station radius
2026-10-01T11:30:10.4815395Z [relay] station at 350, 3760: 4 wall runs, 2 decks, 1 ramps, 10 pylons
2026-10-01T11:30:10.4859211Z [river] 18 course segments, 18 recovery volumes
2026-10-01T11:30:12.3462784Z [playground] severed spokes standing: river_gorge, storm_road, mountain_trail, stone_gate, high_pass, cliff_road, blighted_road
2026-10-01T11:30:13.0268759Z [playground] placed 198 harvest nodes
2026-10-01T11:30:13.0421485Z [playground] placed 6 farm plots
2026-10-01T11:30:13.2708951Z [playground] placed 147 band pickups (0 already taken, 34 nudged off scatter, 0 unclear, 0 without ground)
2026-10-01T11:30:16.4018041Z [warrens] cleared 821 scattered trees/rocks inside the 30m site radius and the chambers
2026-10-01T11:30:17.6508747Z [warrens] hero clearing: removed 803 more scattered pieces out to 55m (was 30m) so no background tree competes with the mound
2026-10-01T11:30:21.0331573Z [warrens] bank cap closes the dome over the throat (297 quads)
2026-10-01T11:30:21.0357987Z [warrens] planted 20 pieces of ground cover around the site
2026-10-01T11:30:21.0362470Z [warrens] earth bank 65x90m, crest 17.0m above the mouth (9.5x the 1.8m trainer); chamber clearance past the required 1.5m: mouth +4.8m, hall +3.8m, warren +4.1m, den +2.5m, vault +4.1m (worst 2.5m)
2026-10-01T11:30:21.0732887Z [warrens] 4 flora pieces beside the mouth
2026-10-01T11:30:21.0896492Z [warrens] 7 claw scrapes beside the mouth
2026-10-01T11:30:21.0909115Z [warrens] 5 crest trees standing on the bank
2026-10-01T11:30:21.0941991Z [warrens] scattered 78 rubble pieces across the face foot, spoil fans and threshold
2026-10-01T11:30:21.2032470Z [warrens] 220 pieces of growth on the bank
2026-10-01T11:30:21.2212639Z [warrens] 182 pieces of interior rock across 5 chambers
2026-10-01T11:30:21.2670317Z [warrens] 8 connected excavated terrain masses preserve the original collision route
2026-10-01T11:30:21.2686608Z [warrens] 12 root masses
2026-10-01T11:30:21.2709828Z [warrens] 8 fungus clusters, 3 species
2026-10-01T11:30:21.2723436Z [warrens] 40 litter pieces
2026-10-01T11:30:21.2731798Z [warrens] 4 haze cards
2026-10-01T11:30:21.2847063Z [warrens] guardian carries an alert bearing (neck -30, head -12, spine -7 deg)
2026-10-01T11:30:21.2848009Z [warrens] guardian idle faces the den's entrance passage (yaw -169.0 deg)
2026-10-01T11:30:21.4317394Z [approach-drain] 690 drained quads over the approach corridor
2026-10-01T11:30:21.4371657Z [stronghold] approach ramp: 11.3m of rise over 40m (16 degrees)
2026-10-01T11:30:21.4509097Z [stronghold] 407 structural members across 5 spaces
2026-10-01T11:30:21.4789924Z [stronghold] hall massing exterior lift: 1.30x height on 17/18 module(s)
2026-10-01T11:30:21.4802166Z [stronghold] massing grounded: 17 of 35 module foot shaft(s) to skirt y=-18.0
2026-10-01T11:30:21.4812337Z [stronghold] waist: 3 inter-chamber gap(s) wrapped on both flanks
2026-10-01T11:30:21.4843387Z [stronghold] tower pier in warden_arena: 2.6 x 3.1 m at local (-10.8, 78.7), enclosing LargeTower
2026-10-01T11:30:21.4844620Z [stronghold] tower pier in warden_arena: 2.6 x 3.1 m at local (10.8, 78.7), enclosing _MeshInstance3D_66269
2026-10-01T11:30:21.4845843Z [stronghold] tower pier in warden_arena: 2.6 x 3.1 m at local (-10.8, 101.7), enclosing _MeshInstance3D_66270
2026-10-01T11:30:21.4847108Z [stronghold] tower pier in warden_arena: 2.6 x 3.1 m at local (10.8, 101.7), enclosing _MeshInstance3D_66271
2026-10-01T11:30:21.4849365Z [stronghold] tower pier in legendary_chamber: 5.0 x 5.1 m at local (-43.5, 78.7), enclosing PointyTower
2026-10-01T11:30:21.4851757Z [stronghold] tower pier in legendary_chamber: 4.0 x 4.1 m at local (-20.0, 102.2), enclosing _MeshInstance3D_66272
2026-10-01T11:30:21.4853232Z [stronghold] tower pier in legendary_chamber: 4.0 x 4.1 m at local (-44.0, 102.2), enclosing _MeshInstance3D_66273
2026-10-01T11:30:21.4854701Z [stronghold] tower pier in legendary_chamber: 3.5 x 3.6 m at local (-19.7, 77.9), enclosing _MeshInstance3D_66274
2026-10-01T11:30:21.4855977Z [stronghold] 8 tower pier(s) enclosing massing that reached inside a roofed chamber
2026-10-01T11:30:21.6065704Z [stronghold] 87 interior dressing prop(s) in the roofed rooms
2026-10-01T11:30:21.6291524Z [trainers] placed 3 trainer(s) for group 'stronghold'
2026-10-01T11:30:24.3392102Z [stronghold] cleared 90 scattered prop(s) standing inside the five spaces
2026-10-01T11:30:24.3395823Z [stronghold] 21 exterior omni light(s) at the Hall (budget 22), 11 of them flickering fires
2026-10-01T11:30:24.3397160Z [stronghold] 5 spaces on the route (outer_works -> courtyard -> tether_approach -> warden_arena -> legendary_chamber), floor y=6.17, 3 gauntlet trainer(s), 15 approach pylon(s)
2026-10-01T11:30:24.3495027Z [trainers] placed 1 trainer(s) for group 'stronghold_climax'
2026-10-01T11:30:24.3531878Z [climax] the freed stand is 6.00 m from the machine's axis, inside its 8.05 m plinth on that bearing; moved out to 10.55 m
2026-10-01T11:30:24.3615887Z [climax] the legendary stands inside the machine: dais 4.06 m up, void 7.67 m tall, body 7.08 m, headroom 0.59 m
2026-10-01T11:30:27.8523229Z [meadow] the land lies drained: 15161 quads over 8 groups, grass field thinned
2026-10-01T11:30:33.1860914Z FAIL: controller placement produced no 'creature_bed' fixture
2026-10-01T11:30:34.4506799Z fixture placed through controller: tent
2026-10-01T11:30:35.6841181Z fixture placed through controller: bedroll
2026-10-01T11:30:35.6842193Z 
2026-10-01T11:30:35.6842689Z   FAIL: controller placement produced no 'creature_bed' fixture
2026-10-01T11:30:37.4515975Z WARNING: 6 ObjectDB instances were leaked at exit (run with `--verbose` for details).
2026-10-01T11:30:37.4516986Z    at: cleanup (core/object/object.cpp:2535)
2026-10-01T11:30:37.4518039Z ERROR: 3 resources still in use at exit (run with --verbose for details).
2026-10-01T11:30:37.4518876Z    at: clear (core/io/resource.cpp:822)
2026-10-01T11:30:37.5858221Z ##[endgroup]
2026-10-01T11:30:37.5858854Z smoke_gate_a_rest_torch.gd failed on attempt 1/1
2026-10-01T11:30:37.5862506Z ##[error]Process completed with exit code 1.
2026-10-01T11:30:37.5895927Z ##[group]Run set -uo pipefail
2026-10-01T11:30:37.5896284Z [36;1mset -uo pipefail[0m
2026-10-01T11:30:37.5896531Z [36;1mn=0[0m
2026-10-01T11:30:37.5896776Z [36;1muntil [ "$n" -ge "$RETRIES" ]; do[0m
2026-10-01T11:30:37.5897071Z [36;1m  n=$((n + 1))[0m
2026-10-01T11:30:37.5897407Z [36;1m  echo "::group::smoke_${SMOKE}.gd attempt ${n}/${RETRIES}"[0m
2026-10-01T11:30:37.5897908Z [36;1m  if godot --headless --path . --script "tests/smoke_${SMOKE}.gd"; then[0m
2026-10-01T11:30:37.5898334Z [36;1m    echo "::endgroup::"[0m
2026-10-01T11:30:37.5898598Z [36;1m    exit 0[0m
2026-10-01T11:30:37.5898810Z [36;1m  fi[0m
2026-10-01T11:30:37.5899024Z [36;1m  echo "::endgroup::"[0m
2026-10-01T11:30:37.5899372Z [36;1m  echo "smoke_${SMOKE}.gd failed on attempt ${n}/${RETRIES}"[0m
2026-10-01T11:30:37.5899723Z [36;1mdone[0m
2026-10-01T11:30:37.5899921Z [36;1mexit 1[0m
2026-10-01T11:30:37.5963016Z shell: /usr/bin/bash -e {0}
2026-10-01T11:30:37.5963294Z env:
2026-10-01T11:30:37.5963541Z   GODOT_VERSION: 4.7-stable
2026-10-01T11:30:37.5963802Z   SMOKE: authored_camps
2026-10-01T11:30:37.5964034Z   RETRIES: 1
2026-10-01T11:30:37.5964244Z ##[endgroup]
2026-10-01T11:30:37.6045148Z ##[group]smoke_authored_camps.gd attempt 1/1
2026-10-01T11:30:37.6279282Z Godot Engine v4.7.stable.official.5b4e0cb0f - https://godotengine.org
2026-10-01T11:30:37.6556465Z 
2026-10-01T11:30:43.6291030Z WARNING: instance_reset_physics_interpolation() is deprecated.
2026-10-01T11:30:43.6292974Z      at: _instance_reset_physics_interpolation_bind_compat_104269 (servers/rendering/rendering_server.compat.inc:62)
2026-10-01T11:30:43.6294096Z      GDScript backtrace (most recent call first):
2026-10-01T11:30:43.6294921Z          [0] _build_terrain (res://scripts/world/playground_world.gd:1172)
2026-10-01T11:30:43.6295820Z          [1] _ready (res://scripts/world/playground_world.gd:798)
2026-10-01T11:30:46.9908603Z [playground] spawned at 0.0, 2.9, 0.0
2026-10-01T11:30:50.7239535Z [scatter bake] load phases (ms): read[256 regions, 387893 placements, 431212 skipped]=1101 reorder[16 layers]=2588
2026-10-01T11:30:50.9109957Z [vegetation] grass field is on; 431212 placements across 2 layers left unbuilt (grass, flowers)
2026-10-01T11:30:56.4843256Z [vegetation] boot phases (ms): placements=3901 mark_harvestable=117 group_by_model=278 register_mesh_assets=33 build_batches_total=4834 (of which harvest_points[56283 nodes]=3023, initial_collision_stream[51210 solid]=129) update_mmis=312
2026-10-01T11:30:56.9299439Z [grass_field] grass ring: 62140 instances over 13 lattice layers (tuft_count asked for 75000), 24m cull tiles
2026-10-01T11:30:56.9403807Z [grass_field] stone ring: 6084 instances over 8 lattice layers (count 25000)
2026-10-01T11:30:56.9527999Z [grass_field] cover tier bushes   4876 instances over 4 lattice layers (count 6000)
2026-10-01T11:30:56.9616266Z [grass_field] cover tier flowers  9432 instances over 6 lattice layers (count 12000)
2026-10-01T11:30:56.9678000Z [grass_field] cover tier flowers_gold 5740 instances over 4 lattice layers (count 7000)
2026-10-01T11:30:56.9738268Z [grass_field] cover tier litter   6008 instances over 3 lattice layers (count 15000)
2026-10-01T11:30:56.9739042Z [grass_field] 4 cover tier(s) up
2026-10-01T11:30:57.0042420Z [grass_field] far cover: 1 sheet, 71200 tris, 46225 verts, 6m cell, 40-640m reach
2026-10-01T11:30:57.0046425Z [grass_field] bound: 62140 tufts, radius 72m, region_size 256, vertex_spacing 2.0, 1024 region slots
2026-10-01T11:30:57.0047552Z [grass_field] stone tier: rid_valid=true height_map=<null> region_map=-1 entries
2026-10-01T11:30:57.0295014Z [playground] scattered 386505 props in 36 batches (56283 harvestable, 0 already chopped, 266/51210 collision resident)
2026-10-01T11:30:59.0130890Z [water] pond quads 2538, stream points 46, reeds 152, marginals 32, bank flowers 72, rocks 40, driftwood 5, lilypads 49, jetty 18, level -17.0
2026-10-01T11:30:59.0132448Z [water] stream bank reeds 77, bank scrub 12
2026-10-01T11:30:59.0133444Z [water] river quads 390, bank reeds 134, bank scrub 57
2026-10-01T11:30:59.4591532Z [village] placed 29 structures
2026-10-01T11:30:59.5365439Z WARNING: prop 'Torch_Metal' has glow:"campfire" but no `Fire` surface to light
2026-10-01T11:30:59.5366348Z      at: push_warning (core/variant/variant_utility.cpp:1033)
2026-10-01T11:30:59.5367021Z      GDScript backtrace (most recent call first):
2026-10-01T11:30:59.5367658Z          [0] place (res://scripts/world/props.gd:281)
2026-10-01T11:30:59.5368284Z          [1] build (res://scripts/world/props.gd:64)
2026-10-01T11:30:59.5368998Z          [2] _build_settlement (res://scripts/world/playground_world.gd:1533)
2026-10-01T11:30:59.5370250Z          [3] _ready (res://scripts/world/playground_world.gd:855)
2026-10-01T11:30:59.5371454Z WARNING: prop 'Torch_Metal' has glow:"campfire" but no `Fire` surface to light
2026-10-01T11:30:59.5372152Z      at: push_warning (core/variant/variant_utility.cpp:1033)
2026-10-01T11:30:59.5372677Z      GDScript backtrace (most recent call first):
2026-10-01T11:30:59.5373175Z          [0] place (res://scripts/world/props.gd:281)
2026-10-01T11:30:59.5373655Z          [1] build (res://scripts/world/props.gd:64)
2026-10-01T11:30:59.5374223Z          [2] _build_settlement (res://scripts/world/playground_world.gd:1533)
2026-10-01T11:30:59.5374842Z          [3] _ready (res://scripts/world/playground_world.gd:855)
2026-10-01T11:30:59.5389819Z WARNING: prop 'Torch_Metal' has glow:"campfire" but no `Fire` surface to light
2026-10-01T11:30:59.5390974Z      at: push_warning (core/variant/variant_utility.cpp:1033)
2026-10-01T11:30:59.5391520Z      GDScript backtrace (most recent call first):
2026-10-01T11:30:59.5391894Z          [0] place (res://scripts/world/props.gd:281)
2026-10-01T11:30:59.5392273Z          [1] build (res://scripts/world/props.gd:64)
2026-10-01T11:30:59.5392712Z          [2] _build_settlement (res://scripts/world/playground_world.gd:1533)
2026-10-01T11:30:59.5393170Z          [3] _ready (res://scripts/world/playground_world.gd:855)
2026-10-01T11:30:59.5582813Z WARNING: prop 'Torch_Metal' has glow:"campfire" but no `Fire` surface to light
2026-10-01T11:30:59.5584209Z      at: push_warning (core/variant/variant_utility.cpp:1033)
2026-10-01T11:30:59.5585288Z      GDScript backtrace (most recent call first):
2026-10-01T11:30:59.5586276Z          [0] place (res://scripts/world/props.gd:281)
2026-10-01T11:30:59.5587247Z          [1] build (res://scripts/world/props.gd:64)
2026-10-01T11:30:59.5588141Z          [2] _build_settlement (res://scripts/world/playground_world.gd:1533)
2026-10-01T11:30:59.5588933Z          [3] _ready (res://scripts/world/playground_world.gd:855)
2026-10-01T11:30:59.6347603Z WARNING: prop 'Torch_Metal' has glow:"campfire" but no `Fire` surface to light
2026-10-01T11:30:59.6348860Z      at: push_warning (core/variant/variant_utility.cpp:1033)
2026-10-01T11:30:59.6349798Z      GDScript backtrace (most recent call first):
2026-10-01T11:30:59.6350687Z          [0] place (res://scripts/world/props.gd:281)
2026-10-01T11:30:59.6351834Z          [1] build (res://scripts/world/props.gd:64)
2026-10-01T11:30:59.6352671Z          [2] _build_settlement (res://scripts/world/playground_world.gd:1533)
2026-10-01T11:30:59.6353561Z          [3] _ready (res://scripts/world/playground_world.gd:855)
2026-10-01T11:30:59.6354496Z WARNING: prop 'Torch_Metal' has glow:"campfire" but no `Fire` surface to light
2026-10-01T11:30:59.6355370Z      at: push_warning (core/variant/variant_utility.cpp:1033)
2026-10-01T11:30:59.6355850Z      GDScript backtrace (most recent call first):
2026-10-01T11:30:59.6356303Z          [0] place (res://scripts/world/props.gd:281)
2026-10-01T11:30:59.6356736Z          [1] build (res://scripts/world/props.gd:64)
2026-10-01T11:30:59.6357252Z          [2] _build_settlement (res://scripts/world/playground_world.gd:1533)
2026-10-01T11:30:59.6357817Z          [3] _ready (res://scripts/world/playground_world.gd:855)
2026-10-01T11:30:59.6390768Z WARNING: prop 'Torch_Metal' has glow:"campfire" but no `Fire` surface to light
2026-10-01T11:30:59.6392433Z      at: push_warning (core/variant/variant_utility.cpp:1033)
2026-10-01T11:30:59.6393237Z      GDScript backtrace (most recent call first):
2026-10-01T11:30:59.6393982Z          [0] place (res://scripts/world/props.gd:281)
2026-10-01T11:30:59.6394720Z          [1] build (res://scripts/world/props.gd:64)
2026-10-01T11:30:59.6395586Z          [2] _build_settlement (res://scripts/world/playground_world.gd:1533)
2026-10-01T11:30:59.6396519Z          [3] _ready (res://scripts/world/playground_world.gd:855)
2026-10-01T11:30:59.6397496Z WARNING: prop 'Torch_Metal' has glow:"campfire" but no `Fire` surface to light
2026-10-01T11:30:59.6398473Z      at: push_warning (core/variant/variant_utility.cpp:1033)
2026-10-01T11:30:59.6399240Z      GDScript backtrace (most recent call first):
2026-10-01T11:30:59.6399952Z          [0] place (res://scripts/world/props.gd:281)
2026-10-01T11:30:59.6400660Z          [1] build (res://scripts/world/props.gd:64)
2026-10-01T11:30:59.6401713Z          [2] _build_settlement (res://scripts/world/playground_world.gd:1533)
2026-10-01T11:30:59.6402462Z          [3] _ready (res://scripts/world/playground_world.gd:855)
2026-10-01T11:30:59.6403126Z [props] placed 434 props in 54 clusters (6 usable rest points)
2026-10-01T11:31:09.8901788Z [village_npcs] placed 18 of 20
2026-10-01T11:31:09.9141410Z [relay_site] placed 3 of 3
2026-10-01T11:31:09.9177060Z [pond_npc] placed 1 of 1
2026-10-01T11:31:10.0662998Z [trainers] placed 21 trainer(s)
2026-10-01T11:31:11.8332487Z [south_bridge_dressing] placed 1 of 1
2026-10-01T11:31:14.0997588Z [quarry] 2 foundations, 4 pylons, 1 finish treatment standing
2026-10-01T11:31:14.7912608Z [relay] cleared 152 scattered pieces inside the 27m station radius
2026-10-01T11:31:14.8836640Z [relay] station at 350, 3760: 4 wall runs, 2 decks, 1 ramps, 10 pylons
2026-10-01T11:31:14.8878437Z [river] 18 course segments, 18 recovery volumes
2026-10-01T11:31:16.7401202Z [playground] severed spokes standing: river_gorge, storm_road, mountain_trail, stone_gate, high_pass, cliff_road, blighted_road
2026-10-01T11:31:17.4296236Z [playground] placed 198 harvest nodes
2026-10-01T11:31:17.4447491Z [playground] placed 6 farm plots
2026-10-01T11:31:17.6723372Z [playground] placed 147 band pickups (0 already taken, 34 nudged off scatter, 0 unclear, 0 without ground)
2026-10-01T11:31:20.8020017Z [warrens] cleared 821 scattered trees/rocks inside the 30m site radius and the chambers
2026-10-01T11:31:22.0535248Z [warrens] hero clearing: removed 803 more scattered pieces out to 55m (was 30m) so no background tree competes with the mound
2026-10-01T11:31:25.4442391Z [warrens] bank cap closes the dome over the throat (297 quads)
2026-10-01T11:31:25.4467937Z [warrens] planted 20 pieces of ground cover around the site
2026-10-01T11:31:25.4472490Z [warrens] earth bank 65x90m, crest 17.0m above the mouth (9.5x the 1.8m trainer); chamber clearance past the required 1.5m: mouth +4.8m, hall +3.8m, warren +4.1m, den +2.5m, vault +4.1m (worst 2.5m)
2026-10-01T11:31:25.4841778Z [warrens] 4 flora pieces beside the mouth
2026-10-01T11:31:25.5004569Z [warrens] 7 claw scrapes beside the mouth
2026-10-01T11:31:25.5017627Z [warrens] 5 crest trees standing on the bank
2026-10-01T11:31:25.5050500Z [warrens] scattered 78 rubble pieces across the face foot, spoil fans and threshold
2026-10-01T11:31:25.6141511Z [warrens] 220 pieces of growth on the bank
2026-10-01T11:31:25.6313078Z [warrens] 182 pieces of interior rock across 5 chambers
2026-10-01T11:31:25.6772133Z [warrens] 8 connected excavated terrain masses preserve the original collision route
2026-10-01T11:31:25.6788544Z [warrens] 12 root masses
2026-10-01T11:31:25.6811749Z [warrens] 8 fungus clusters, 3 species
2026-10-01T11:31:25.6825501Z [warrens] 40 litter pieces
2026-10-01T11:31:25.6833986Z [warrens] 4 haze cards
2026-10-01T11:31:25.6946301Z [warrens] guardian carries an alert bearing (neck -30, head -12, spine -7 deg)
2026-10-01T11:31:25.6956986Z [warrens] guardian idle faces the den's entrance passage (yaw -169.0 deg)
2026-10-01T11:31:25.8398009Z [approach-drain] 690 drained quads over the approach corridor
2026-10-01T11:31:25.8450523Z [stronghold] approach ramp: 11.3m of rise over 40m (16 degrees)
2026-10-01T11:31:25.8584671Z [stronghold] 407 structural members across 5 spaces
2026-10-01T11:31:25.8865356Z [stronghold] hall massing exterior lift: 1.30x height on 17/18 module(s)
2026-10-01T11:31:25.8877294Z [stronghold] massing grounded: 17 of 35 module foot shaft(s) to skirt y=-18.0
2026-10-01T11:31:25.8887604Z [stronghold] waist: 3 inter-chamber gap(s) wrapped on both flanks
2026-10-01T11:31:25.8918901Z [stronghold] tower pier in warden_arena: 2.6 x 3.1 m at local (-10.8, 78.7), enclosing LargeTower
2026-10-01T11:31:25.8920426Z [stronghold] tower pier in warden_arena: 2.6 x 3.1 m at local (10.8, 78.7), enclosing _MeshInstance3D_66268
2026-10-01T11:31:25.8922292Z [stronghold] tower pier in warden_arena: 2.6 x 3.1 m at local (-10.8, 101.7), enclosing _MeshInstance3D_66269
2026-10-01T11:31:25.8923858Z [stronghold] tower pier in warden_arena: 2.6 x 3.1 m at local (10.8, 101.7), enclosing _MeshInstance3D_66270
2026-10-01T11:31:25.8925239Z [stronghold] tower pier in legendary_chamber: 5.0 x 5.1 m at local (-43.5, 78.7), enclosing PointyTower
2026-10-01T11:31:25.8926902Z [stronghold] tower pier in legendary_chamber: 4.0 x 4.1 m at local (-20.0, 102.2), enclosing _MeshInstance3D_66271
2026-10-01T11:31:25.8928611Z [stronghold] tower pier in legendary_chamber: 4.0 x 4.1 m at local (-44.0, 102.2), enclosing _MeshInstance3D_66272
2026-10-01T11:31:25.8930606Z [stronghold] tower pier in legendary_chamber: 3.5 x 3.6 m at local (-19.7, 77.9), enclosing _MeshInstance3D_66273
2026-10-01T11:31:25.8931760Z [stronghold] 8 tower pier(s) enclosing massing that reached inside a roofed chamber
2026-10-01T11:31:26.0151801Z [stronghold] 87 interior dressing prop(s) in the roofed rooms
2026-10-01T11:31:26.0381041Z [trainers] placed 3 trainer(s) for group 'stronghold'
2026-10-01T11:31:28.7522588Z [stronghold] cleared 90 scattered prop(s) standing inside the five spaces
2026-10-01T11:31:28.7525685Z [stronghold] 21 exterior omni light(s) at the Hall (budget 22), 11 of them flickering fires
2026-10-01T11:31:28.7527690Z [stronghold] 5 spaces on the route (outer_works -> courtyard -> tether_approach -> warden_arena -> legendary_chamber), floor y=6.17, 3 gauntlet trainer(s), 15 approach pylon(s)
2026-10-01T11:31:28.7624815Z [trainers] placed 1 trainer(s) for group 'stronghold_climax'
2026-10-01T11:31:28.7662234Z [climax] the freed stand is 6.00 m from the machine's axis, inside its 8.05 m plinth on that bearing; moved out to 10.55 m
2026-10-01T11:31:28.7743769Z [climax] the legendary stands inside the machine: dais 4.06 m up, void 7.67 m tall, body 7.08 m, headroom 0.59 m
2026-10-01T11:31:32.2536274Z [meadow] the land lies drained: 15161 quads over 8 groups, grass field thinned
2026-10-01T11:31:36.3409814Z authored camps carrying a rest block: 6
2026-10-01T11:31:36.3414301Z   trail_camp             rest + craft + bed at 344, 937
2026-10-01T11:31:36.3415193Z   ranger_camp            rest + craft + bed at -256, 2260
2026-10-01T11:31:36.3416042Z   riverwatch_rest        rest + craft + bed at 211, 3700
2026-10-01T11:31:36.3416572Z   ridge_patrol_camp      rest + craft + bed at -239, 6472
2026-10-01T11:31:36.3417101Z   highfield_stockcamp    rest + craft + bed at 277, 5652
2026-10-01T11:31:36.3417624Z   the_waystop            rest + craft + bed at -24, 7457
2026-10-01T11:31:36.6697853Z   trail_camp             offers '[img=36x36]res://assets/ui/input_prompts/keyboard_e.png[/img]   Rest until morning'
2026-10-01T11:31:37.0024293Z   ranger_camp            offers '[img=36x36]res://assets/ui/input_prompts/keyboard_e.png[/img]   Rest until morning'
2026-10-01T11:31:37.3307514Z   riverwatch_rest        offers '[img=36x36]res://assets/ui/input_prompts/keyboard_e.png[/img]   Rest until morning'
2026-10-01T11:31:37.6891195Z   ridge_patrol_camp      offers '[img=36x36]res://assets/ui/input_prompts/keyboard_e.png[/img]   Rest until morning'
2026-10-01T11:31:38.0024094Z   highfield_stockcamp    offers '[img=36x36]res://assets/ui/input_prompts/keyboard_e.png[/img]   Rest until morning'
2026-10-01T11:31:38.3252090Z   the_waystop            offers '[img=36x36]res://assets/ui/input_prompts/keyboard_e.png[/img]   Rest until morning'
2026-10-01T11:31:39.4192160Z [rest] rested; day 2
2026-10-01T11:31:41.2143004Z   rested at trail_camp: day 1 -> 2
2026-10-01T11:31:41.2143675Z   the bedded creature woke at full HP
2026-10-01T11:31:41.2148290Z 
2026-10-01T11:31:41.2148693Z authored camps smoke test passed
2026-10-01T11:31:43.0515050Z WARNING: 6 ObjectDB instances were leaked at exit (run with `--verbose` for details).
2026-10-01T11:31:43.0515984Z    at: cleanup (core/object/object.cpp:2535)
2026-10-01T11:31:43.0518235Z ERROR: 3 resources still in use at exit (run with --verbose for details).
2026-10-01T11:31:43.0518904Z    at: clear (core/io/resource.cpp:822)
2026-10-01T11:31:43.1802557Z ##[endgroup]
2026-10-01T11:31:43.1836675Z ##[group]Run set -uo pipefail
2026-10-01T11:31:43.1837040Z [36;1mset -uo pipefail[0m
2026-10-01T11:31:43.1837306Z [36;1mn=0[0m
2026-10-01T11:31:43.1837554Z [36;1muntil [ "$n" -ge "$RETRIES" ]; do[0m
2026-10-01T11:31:43.1837868Z [36;1m  n=$((n + 1))[0m
2026-10-01T11:31:43.1838199Z [36;1m  echo "::group::smoke_${SMOKE}.gd attempt ${n}/${RETRIES}"[0m
2026-10-01T11:31:43.1838708Z [36;1m  if godot --headless --path . --script "tests/smoke_${SMOKE}.gd"; then[0m
2026-10-01T11:31:43.1839137Z [36;1m    echo "::endgroup::"[0m
2026-10-01T11:31:43.1839406Z [36;1m    exit 0[0m
2026-10-01T11:31:43.1839827Z [36;1m  fi[0m
2026-10-01T11:31:43.1840054Z [36;1m  echo "::endgroup::"[0m
2026-10-01T11:31:43.1840416Z [36;1m  echo "smoke_${SMOKE}.gd failed on attempt ${n}/${RETRIES}"[0m
2026-10-01T11:31:43.1840819Z [36;1mdone[0m
2026-10-01T11:31:43.1841027Z [36;1mexit 1[0m
2026-10-01T11:31:43.1906158Z shell: /usr/bin/bash -e {0}
2026-10-01T11:31:43.1906467Z env:
2026-10-01T11:31:43.1906746Z   GODOT_VERSION: 4.7-stable
2026-10-01T11:31:43.1907053Z   SMOKE: trainer_no_usable_ally
2026-10-01T11:31:43.1907346Z   RETRIES: 1
2026-10-01T11:31:43.1907591Z ##[endgroup]
2026-10-01T11:31:43.1988555Z ##[group]smoke_trainer_no_usable_ally.gd attempt 1/1
2026-10-01T11:31:43.2254139Z Godot Engine v4.7.stable.official.5b4e0cb0f - https://godotengine.org
2026-10-01T11:31:43.2532756Z 
2026-10-01T11:31:49.3474255Z WARNING: instance_reset_physics_interpolation() is deprecated.
2026-10-01T11:31:49.3475830Z      at: _instance_reset_physics_interpolation_bind_compat_104269 (servers/rendering/rendering_server.compat.inc:62)
2026-10-01T11:31:49.3476922Z      GDScript backtrace (most recent call first):
2026-10-01T11:31:49.3477576Z          [0] _build_terrain (res://scripts/world/playground_world.gd:1172)
2026-10-01T11:31:49.3478268Z          [1] _ready (res://scripts/world/playground_world.gd:798)
2026-10-01T11:31:52.7506818Z [playground] spawned at 0.0, 2.9, 0.0
2026-10-01T11:31:56.4809452Z [scatter bake] load phases (ms): read[256 regions, 387893 placements, 431212 skipped]=1083 reorder[16 layers]=2603
2026-10-01T11:31:56.6775426Z [vegetation] grass field is on; 431212 placements across 2 layers left unbuilt (grass, flowers)
2026-10-01T11:32:02.2967147Z [vegetation] boot phases (ms): placements=3908 mark_harvestable=114 group_by_model=278 register_mesh_assets=34 build_batches_total=4866 (of which harvest_points[56283 nodes]=3021, initial_collision_stream[51210 solid]=136) update_mmis=327
2026-10-01T11:32:02.7538509Z [grass_field] grass ring: 62140 instances over 13 lattice layers (tuft_count asked for 75000), 24m cull tiles
2026-10-01T11:32:02.7650559Z [grass_field] stone ring: 6084 instances over 8 lattice layers (count 25000)
2026-10-01T11:32:02.7776182Z [grass_field] cover tier bushes   4876 instances over 4 lattice layers (count 6000)
2026-10-01T11:32:02.7867843Z [grass_field] cover tier flowers  9432 instances over 6 lattice layers (count 12000)
2026-10-01T11:32:02.7931770Z [grass_field] cover tier flowers_gold 5740 instances over 4 lattice layers (count 7000)
2026-10-01T11:32:02.7994787Z [grass_field] cover tier litter   6008 instances over 3 lattice layers (count 15000)
2026-10-01T11:32:02.7995550Z [grass_field] 4 cover tier(s) up
2026-10-01T11:32:02.8295386Z [grass_field] far cover: 1 sheet, 71200 tris, 46225 verts, 6m cell, 40-640m reach
2026-10-01T11:32:02.8299331Z [grass_field] bound: 62140 tufts, radius 72m, region_size 256, vertex_spacing 2.0, 1024 region slots
2026-10-01T11:32:02.8300410Z [grass_field] stone tier: rid_valid=true height_map=<null> region_map=-1 entries
2026-10-01T11:32:02.8534616Z [playground] scattered 386505 props in 36 batches (56283 harvestable, 0 already chopped, 266/51210 collision resident)
2026-10-01T11:32:04.8388314Z [water] pond quads 2538, stream points 46, reeds 152, marginals 32, bank flowers 72, rocks 40, driftwood 5, lilypads 49, jetty 18, level -17.0
2026-10-01T11:32:04.8389449Z [water] stream bank reeds 77, bank scrub 12
2026-10-01T11:32:04.8390474Z [water] river quads 390, bank reeds 134, bank scrub 57
2026-10-01T11:32:05.2842735Z [village] placed 29 structures
2026-10-01T11:32:05.3618118Z WARNING: prop 'Torch_Metal' has glow:"campfire" but no `Fire` surface to light
2026-10-01T11:32:05.3619122Z      at: push_warning (core/variant/variant_utility.cpp:1033)
2026-10-01T11:32:05.3619872Z      GDScript backtrace (most recent call first):
2026-10-01T11:32:05.3620581Z          [0] place (res://scripts/world/props.gd:281)
2026-10-01T11:32:05.3621963Z          [1] build (res://scripts/world/props.gd:64)
2026-10-01T11:32:05.3622808Z          [2] _build_settlement (res://scripts/world/playground_world.gd:1533)
2026-10-01T11:32:05.3624058Z          [3] _ready (res://scripts/world/playground_world.gd:855)
2026-10-01T11:32:05.3624989Z WARNING: prop 'Torch_Metal' has glow:"campfire" but no `Fire` surface to light
2026-10-01T11:32:05.3625910Z      at: push_warning (core/variant/variant_utility.cpp:1033)
2026-10-01T11:32:05.3626635Z      GDScript backtrace (most recent call first):
2026-10-01T11:32:05.3627318Z          [0] place (res://scripts/world/props.gd:281)
2026-10-01T11:32:05.3627957Z          [1] build (res://scripts/world/props.gd:64)
2026-10-01T11:32:05.3628595Z          [2] _build_settlement (res://scripts/world/playground_world.gd:1533)
2026-10-01T11:32:05.3629229Z          [3] _ready (res://scripts/world/playground_world.gd:855)
2026-10-01T11:32:05.3642254Z WARNING: prop 'Torch_Metal' has glow:"campfire" but no `Fire` surface to light
2026-10-01T11:32:05.3643077Z      at: push_warning (core/variant/variant_utility.cpp:1033)
2026-10-01T11:32:05.3643618Z      GDScript backtrace (most recent call first):
2026-10-01T11:32:05.3644134Z          [0] place (res://scripts/world/props.gd:281)
2026-10-01T11:32:05.3644628Z          [1] build (res://scripts/world/props.gd:64)
2026-10-01T11:32:05.3645201Z          [2] _build_settlement (res://scripts/world/playground_world.gd:1533)
2026-10-01T11:32:05.3645828Z          [3] _ready (res://scripts/world/playground_world.gd:855)
2026-10-01T11:32:05.3838658Z WARNING: prop 'Torch_Metal' has glow:"campfire" but no `Fire` surface to light
2026-10-01T11:32:05.3839450Z      at: push_warning (core/variant/variant_utility.cpp:1033)
2026-10-01T11:32:05.3840056Z      GDScript backtrace (most recent call first):
2026-10-01T11:32:05.3840619Z          [0] place (res://scripts/world/props.gd:281)
2026-10-01T11:32:05.3841170Z          [1] build (res://scripts/world/props.gd:64)
2026-10-01T11:32:05.3842096Z          [2] _build_settlement (res://scripts/world/playground_world.gd:1533)
2026-10-01T11:32:05.3842793Z          [3] _ready (res://scripts/world/playground_world.gd:855)
2026-10-01T11:32:05.4610633Z WARNING: prop 'Torch_Metal' has glow:"campfire" but no `Fire` surface to light
2026-10-01T11:32:05.4612074Z      at: push_warning (core/variant/variant_utility.cpp:1033)
2026-10-01T11:32:05.4613047Z      GDScript backtrace (most recent call first):
2026-10-01T11:32:05.4613971Z          [0] place (res://scripts/world/props.gd:281)
2026-10-01T11:32:05.4614998Z          [1] build (res://scripts/world/props.gd:64)
2026-10-01T11:32:05.4616176Z          [2] _build_settlement (res://scripts/world/playground_world.gd:1533)
2026-10-01T11:32:05.4616998Z          [3] _ready (res://scripts/world/playground_world.gd:855)
2026-10-01T11:32:05.4617822Z WARNING: prop 'Torch_Metal' has glow:"campfire" but no `Fire` surface to light
2026-10-01T11:32:05.4618646Z      at: push_warning (core/variant/variant_utility.cpp:1033)
2026-10-01T11:32:05.4619298Z      GDScript backtrace (most recent call first):
2026-10-01T11:32:05.4619859Z          [0] place (res://scripts/world/props.gd:281)
2026-10-01T11:32:05.4620344Z          [1] build (res://scripts/world/props.gd:64)
2026-10-01T11:32:05.4620916Z          [2] _build_settlement (res://scripts/world/playground_world.gd:1533)
2026-10-01T11:32:05.4621834Z          [3] _ready (res://scripts/world/playground_world.gd:855)
2026-10-01T11:32:05.4656177Z WARNING: prop 'Torch_Metal' has glow:"campfire" but no `Fire` surface to light
2026-10-01T11:32:05.4657582Z      at: push_warning (core/variant/variant_utility.cpp:1033)
2026-10-01T11:32:05.4658460Z      GDScript backtrace (most recent call first):
2026-10-01T11:32:05.4659246Z          [0] place (res://scripts/world/props.gd:281)
2026-10-01T11:32:05.4660030Z          [1] build (res://scripts/world/props.gd:64)
2026-10-01T11:32:05.4660783Z          [2] _build_settlement (res://scripts/world/playground_world.gd:1533)
2026-10-01T11:32:05.4661759Z          [3] _ready (res://scripts/world/playground_world.gd:855)
2026-10-01T11:32:05.4662578Z WARNING: prop 'Torch_Metal' has glow:"campfire" but no `Fire` surface to light
2026-10-01T11:32:05.4663792Z      at: push_warning (core/variant/variant_utility.cpp:1033)
2026-10-01T11:32:05.4664461Z      GDScript backtrace (most recent call first):
2026-10-01T11:32:05.4665081Z          [0] place (res://scripts/world/props.gd:281)
2026-10-01T11:32:05.4665685Z          [1] build (res://scripts/world/props.gd:64)
2026-10-01T11:32:05.4666514Z          [2] _build_settlement (res://scripts/world/playground_world.gd:1533)
2026-10-01T11:32:05.4667340Z          [3] _ready (res://scripts/world/playground_world.gd:855)
2026-10-01T11:32:05.4668216Z [props] placed 434 props in 54 clusters (6 usable rest points)
2026-10-01T11:32:16.0412418Z [village_npcs] placed 18 of 20
2026-10-01T11:32:16.0667409Z [relay_site] placed 3 of 3
2026-10-01T11:32:16.0703834Z [pond_npc] placed 1 of 1
2026-10-01T11:32:16.2220581Z [trainers] placed 21 trainer(s)
2026-10-01T11:32:18.0672308Z [south_bridge_dressing] placed 1 of 1
2026-10-01T11:32:20.4493349Z [quarry] 2 foundations, 4 pylons, 1 finish treatment standing
2026-10-01T11:32:21.1717694Z [relay] cleared 152 scattered pieces inside the 27m station radius
2026-10-01T11:32:21.2712480Z [relay] station at 350, 3760: 4 wall runs, 2 decks, 1 ramps, 10 pylons
2026-10-01T11:32:21.2780994Z [river] 18 course segments, 18 recovery volumes
2026-10-01T11:32:23.2258090Z [playground] severed spokes standing: river_gorge, storm_road, mountain_trail, stone_gate, high_pass, cliff_road, blighted_road
2026-10-01T11:32:23.9306130Z [playground] placed 198 harvest nodes
2026-10-01T11:32:23.9471220Z [playground] placed 6 farm plots
2026-10-01T11:32:24.2033375Z [playground] placed 147 band pickups (0 already taken, 34 nudged off scatter, 0 unclear, 0 without ground)
2026-10-01T11:32:27.4750270Z [warrens] cleared 821 scattered trees/rocks inside the 30m site radius and the chambers
2026-10-01T11:32:28.7854278Z [warrens] hero clearing: removed 803 more scattered pieces out to 55m (was 30m) so no background tree competes with the mound
2026-10-01T11:32:32.1767489Z [warrens] bank cap closes the dome over the throat (297 quads)
2026-10-01T11:32:32.1796749Z [warrens] planted 20 pieces of ground cover around the site
2026-10-01T11:32:32.1801503Z [warrens] earth bank 65x90m, crest 17.0m above the mouth (9.5x the 1.8m trainer); chamber clearance past the required 1.5m: mouth +4.8m, hall +3.8m, warren +4.1m, den +2.5m, vault +4.1m (worst 2.5m)
2026-10-01T11:32:32.2179496Z [warrens] 4 flora pieces beside the mouth
2026-10-01T11:32:32.2349824Z [warrens] 7 claw scrapes beside the mouth
2026-10-01T11:32:32.2363650Z [warrens] 5 crest trees standing on the bank
2026-10-01T11:32:32.2397834Z [warrens] scattered 78 rubble pieces across the face foot, spoil fans and threshold
2026-10-01T11:32:32.3492331Z [warrens] 220 pieces of growth on the bank
2026-10-01T11:32:32.3679268Z [warrens] 182 pieces of interior rock across 5 chambers
2026-10-01T11:32:32.4149126Z [warrens] 8 connected excavated terrain masses preserve the original collision route
2026-10-01T11:32:32.4166323Z [warrens] 12 root masses
2026-10-01T11:32:32.4190647Z [warrens] 8 fungus clusters, 3 species
2026-10-01T11:32:32.4204148Z [warrens] 40 litter pieces
2026-10-01T11:32:32.4213428Z [warrens] 4 haze cards
2026-10-01T11:32:32.4334301Z [warrens] guardian carries an alert bearing (neck -30, head -12, spine -7 deg)
2026-10-01T11:32:32.4335429Z [warrens] guardian idle faces the den's entrance passage (yaw -169.0 deg)
2026-10-01T11:32:32.5824704Z [approach-drain] 690 drained quads over the approach corridor
2026-10-01T11:32:32.5880607Z [stronghold] approach ramp: 11.3m of rise over 40m (16 degrees)
2026-10-01T11:32:32.6026758Z [stronghold] 407 structural members across 5 spaces
2026-10-01T11:32:32.6327569Z [stronghold] hall massing exterior lift: 1.30x height on 17/18 module(s)
2026-10-01T11:32:32.6340432Z [stronghold] massing grounded: 17 of 35 module foot shaft(s) to skirt y=-18.0
2026-10-01T11:32:32.6351817Z [stronghold] waist: 3 inter-chamber gap(s) wrapped on both flanks
2026-10-01T11:32:32.6386258Z [stronghold] tower pier in warden_arena: 2.6 x 3.1 m at local (-10.8, 78.7), enclosing LargeTower
2026-10-01T11:32:32.6387976Z [stronghold] tower pier in warden_arena: 2.6 x 3.1 m at local (10.8, 78.7), enclosing _MeshInstance3D_66268
2026-10-01T11:32:32.6389227Z [stronghold] tower pier in warden_arena: 2.6 x 3.1 m at local (-10.8, 101.7), enclosing _MeshInstance3D_66269
2026-10-01T11:32:32.6390516Z [stronghold] tower pier in warden_arena: 2.6 x 3.1 m at local (10.8, 101.7), enclosing _MeshInstance3D_66270
2026-10-01T11:32:32.6393668Z [stronghold] tower pier in legendary_chamber: 5.0 x 5.1 m at local (-43.5, 78.7), enclosing PointyTower
2026-10-01T11:32:32.6395014Z [stronghold] tower pier in legendary_chamber: 4.0 x 4.1 m at local (-20.0, 102.2), enclosing _MeshInstance3D_66271
2026-10-01T11:32:32.6396311Z [stronghold] tower pier in legendary_chamber: 4.0 x 4.1 m at local (-44.0, 102.2), enclosing _MeshInstance3D_66272
2026-10-01T11:32:32.6397595Z [stronghold] tower pier in legendary_chamber: 3.5 x 3.6 m at local (-19.7, 77.9), enclosing _MeshInstance3D_66273
2026-10-01T11:32:32.6398760Z [stronghold] 8 tower pier(s) enclosing massing that reached inside a roofed chamber
2026-10-01T11:32:32.7650453Z [stronghold] 87 interior dressing prop(s) in the roofed rooms
2026-10-01T11:32:32.7892552Z [trainers] placed 3 trainer(s) for group 'stronghold'
2026-10-01T11:32:35.6443391Z [stronghold] cleared 90 scattered prop(s) standing inside the five spaces
2026-10-01T11:32:35.6448005Z [stronghold] 21 exterior omni light(s) at the Hall (budget 22), 11 of them flickering fires
2026-10-01T11:32:35.6449862Z [stronghold] 5 spaces on the route (outer_works -> courtyard -> tether_approach -> warden_arena -> legendary_chamber), floor y=6.17, 3 gauntlet trainer(s), 15 approach pylon(s)
2026-10-01T11:32:35.6555321Z [trainers] placed 1 trainer(s) for group 'stronghold_climax'
2026-10-01T11:32:35.6592404Z [climax] the freed stand is 6.00 m from the machine's axis, inside its 8.05 m plinth on that bearing; moved out to 10.55 m
2026-10-01T11:32:35.6682792Z [climax] the legendary stands inside the machine: dais 4.06 m up, void 7.67 m tall, body 7.08 m, headroom 0.59 m
2026-10-01T11:32:39.1873437Z [meadow] the land lies drained: 15161 quads over 8 groups, grass field thinned
2026-10-01T11:32:45.8209895Z fainted ally correctly opened 'trainer_no_usable_creature', not the defeated line
2026-10-01T11:32:47.3498480Z healed ally correctly reopened the ordinary challenge conversation
2026-10-01T11:32:47.3499084Z 
2026-10-01T11:32:49.3521872Z trainer no-usable-ally dialogue: OK — a fainted ally gets the honest line, not a false 'defeated', and healing restores the ordinary challenge.
2026-10-01T11:32:49.3523501Z ##[endgroup]
2026-10-01T11:32:49.3553377Z ##[group]Run set -uo pipefail
2026-10-01T11:32:49.3553721Z [36;1mset -uo pipefail[0m
2026-10-01T11:32:49.3553962Z [36;1mn=0[0m
2026-10-01T11:32:49.3554195Z [36;1muntil [ "$n" -ge "$RETRIES" ]; do[0m
2026-10-01T11:32:49.3554482Z [36;1m  n=$((n + 1))[0m
2026-10-01T11:32:49.3554797Z [36;1m  echo "::group::smoke_${SMOKE}.gd attempt ${n}/${RETRIES}"[0m
2026-10-01T11:32:49.3555308Z [36;1m  if godot --headless --path . --script "tests/smoke_${SMOKE}.gd"; then[0m
2026-10-01T11:32:49.3555711Z [36;1m    echo "::endgroup::"[0m
2026-10-01T11:32:49.3555968Z [36;1m    exit 0[0m
2026-10-01T11:32:49.3556179Z [36;1m  fi[0m
2026-10-01T11:32:49.3556391Z [36;1m  echo "::endgroup::"[0m
2026-10-01T11:32:49.3556733Z [36;1m  echo "smoke_${SMOKE}.gd failed on attempt ${n}/${RETRIES}"[0m
2026-10-01T11:32:49.3557079Z [36;1mdone[0m
2026-10-01T11:32:49.3557275Z [36;1mexit 1[0m
2026-10-01T11:32:49.3619146Z shell: /usr/bin/bash -e {0}
2026-10-01T11:32:49.3619417Z env:
2026-10-01T11:32:49.3619674Z   GODOT_VERSION: 4.7-stable
2026-10-01T11:32:49.3619926Z   SMOKE: night_ecology
2026-10-01T11:32:49.3620163Z   RETRIES: 1
2026-10-01T11:32:49.3620376Z ##[endgroup]
2026-10-01T11:32:49.3709557Z ##[group]smoke_night_ecology.gd attempt 1/1
2026-10-01T11:32:49.3945518Z Godot Engine v4.7.stable.official.5b4e0cb0f - https://godotengine.org
2026-10-01T11:32:49.4225643Z 
2026-10-01T11:32:55.7863222Z WARNING: instance_reset_physics_interpolation() is deprecated.
2026-10-01T11:32:55.7864438Z      at: _instance_reset_physics_interpolation_bind_compat_104269 (servers/rendering/rendering_server.compat.inc:62)
2026-10-01T11:32:55.7865464Z      GDScript backtrace (most recent call first):
2026-10-01T11:32:55.7866195Z          [0] _build_terrain (res://scripts/world/playground_world.gd:1172)
2026-10-01T11:32:55.7866913Z          [1] _ready (res://scripts/world/playground_world.gd:798)
2026-10-01T11:32:59.2098084Z [playground] spawned at 0.0, 2.9, 0.0
2026-10-01T11:33:03.1364110Z [scatter bake] load phases (ms): read[256 regions, 387893 placements, 431212 skipped]=1116 reorder[16 layers]=2765
2026-10-01T11:33:03.3322170Z [vegetation] grass field is on; 431212 placements across 2 layers left unbuilt (grass, flowers)
2026-10-01T11:33:08.9659204Z [vegetation] boot phases (ms): placements=4103 mark_harvestable=116 group_by_model=275 register_mesh_assets=34 build_batches_total=4883 (of which harvest_points[56283 nodes]=3016, initial_collision_stream[51210 solid]=136) update_mmis=326
2026-10-01T11:33:09.4172718Z [grass_field] grass ring: 62140 instances over 13 lattice layers (tuft_count asked for 75000), 24m cull tiles
2026-10-01T11:33:09.4284810Z [grass_field] stone ring: 6084 instances over 8 lattice layers (count 25000)
2026-10-01T11:33:09.4408719Z [grass_field] cover tier bushes   4876 instances over 4 lattice layers (count 6000)
2026-10-01T11:33:09.4503487Z [grass_field] cover tier flowers  9432 instances over 6 lattice layers (count 12000)
2026-10-01T11:33:09.4569150Z [grass_field] cover tier flowers_gold 5740 instances over 4 lattice layers (count 7000)
2026-10-01T11:33:09.4633153Z [grass_field] cover tier litter   6008 instances over 3 lattice layers (count 15000)
2026-10-01T11:33:09.4633973Z [grass_field] 4 cover tier(s) up
2026-10-01T11:33:09.4934460Z [grass_field] far cover: 1 sheet, 71200 tris, 46225 verts, 6m cell, 40-640m reach
2026-10-01T11:33:09.4938113Z [grass_field] bound: 62140 tufts, radius 72m, region_size 256, vertex_spacing 2.0, 1024 region slots
2026-10-01T11:33:09.4939258Z [grass_field] stone tier: rid_valid=true height_map=<null> region_map=-1 entries
2026-10-01T11:33:09.5175521Z [playground] scattered 386505 props in 36 batches (56283 harvestable, 0 already chopped, 266/51210 collision resident)
2026-10-01T11:33:11.5243685Z [water] pond quads 2538, stream points 46, reeds 152, marginals 32, bank flowers 72, rocks 40, driftwood 5, lilypads 49, jetty 18, level -17.0
2026-10-01T11:33:11.5244821Z [water] stream bank reeds 77, bank scrub 12
2026-10-01T11:33:11.5245909Z [water] river quads 390, bank reeds 134, bank scrub 57
2026-10-01T11:33:11.9794271Z [village] placed 29 structures
2026-10-01T11:33:12.0600948Z WARNING: prop 'Torch_Metal' has glow:"campfire" but no `Fire` surface to light
2026-10-01T11:33:12.0602279Z      at: push_warning (core/variant/variant_utility.cpp:1033)
2026-10-01T11:33:12.0602971Z      GDScript backtrace (most recent call first):
2026-10-01T11:33:12.0603677Z          [0] place (res://scripts/world/props.gd:281)
2026-10-01T11:33:12.0604341Z          [1] build (res://scripts/world/props.gd:64)
2026-10-01T11:33:12.0605100Z          [2] _build_settlement (res://scripts/world/playground_world.gd:1533)
2026-10-01T11:33:12.0605920Z          [3] _ready (res://scripts/world/playground_world.gd:855)
2026-10-01T11:33:12.0606768Z WARNING: prop 'Torch_Metal' has glow:"campfire" but no `Fire` surface to light
2026-10-01T11:33:12.0607614Z      at: push_warning (core/variant/variant_utility.cpp:1033)
2026-10-01T11:33:12.0608265Z      GDScript backtrace (most recent call first):
2026-10-01T11:33:12.0608890Z          [0] place (res://scripts/world/props.gd:281)
2026-10-01T11:33:12.0609491Z          [1] build (res://scripts/world/props.gd:64)
2026-10-01T11:33:12.0610242Z          [2] _build_settlement (res://scripts/world/playground_world.gd:1533)
2026-10-01T11:33:12.0611054Z          [3] _ready (res://scripts/world/playground_world.gd:855)
2026-10-01T11:33:12.0628940Z WARNING: prop 'Torch_Metal' has glow:"campfire" but no `Fire` surface to light
2026-10-01T11:33:12.0630684Z      at: push_warning (core/variant/variant_utility.cpp:1033)
2026-10-01T11:33:12.0631910Z      GDScript backtrace (most recent call first):
2026-10-01T11:33:12.0632798Z          [0] place (res://scripts/world/props.gd:281)
2026-10-01T11:33:12.0633332Z          [1] build (res://scripts/world/props.gd:64)
2026-10-01T11:33:12.0633919Z          [2] _build_settlement (res://scripts/world/playground_world.gd:1533)
2026-10-01T11:33:12.0634553Z          [3] _ready (res://scripts/world/playground_world.gd:855)
2026-10-01T11:33:12.0831034Z WARNING: prop 'Torch_Metal' has glow:"campfire" but no `Fire` surface to light
2026-10-01T11:33:12.0832252Z      at: push_warning (core/variant/variant_utility.cpp:1033)
2026-10-01T11:33:12.0832921Z      GDScript backtrace (most recent call first):
2026-10-01T11:33:12.0833490Z          [0] place (res://scripts/world/props.gd:281)
2026-10-01T11:33:12.0833984Z          [1] build (res://scripts/world/props.gd:64)
2026-10-01T11:33:12.0834577Z          [2] _build_settlement (res://scripts/world/playground_world.gd:1533)
2026-10-01T11:33:12.0835240Z          [3] _ready (res://scripts/world/playground_world.gd:855)
2026-10-01T11:33:12.1624259Z WARNING: prop 'Torch_Metal' has glow:"campfire" but no `Fire` surface to light
2026-10-01T11:33:12.1625189Z      at: push_warning (core/variant/variant_utility.cpp:1033)
2026-10-01T11:33:12.1625859Z      GDScript backtrace (most recent call first):
2026-10-01T11:33:12.1626495Z          [0] place (res://scripts/world/props.gd:281)
2026-10-01T11:33:12.1627139Z          [1] build (res://scripts/world/props.gd:64)
2026-10-01T11:33:12.1628003Z          [2] _build_settlement (res://scripts/world/playground_world.gd:1533)
2026-10-01T11:33:12.1629317Z          [3] _ready (res://scripts/world/playground_world.gd:855)
2026-10-01T11:33:12.1630323Z WARNING: prop 'Torch_Metal' has glow:"campfire" but no `Fire` surface to light
2026-10-01T11:33:12.1631150Z      at: push_warning (core/variant/variant_utility.cpp:1033)
2026-10-01T11:33:12.1632246Z      GDScript backtrace (most recent call first):
2026-10-01T11:33:12.1632857Z          [0] place (res://scripts/world/props.gd:281)
2026-10-01T11:33:12.1633456Z          [1] build (res://scripts/world/props.gd:64)
2026-10-01T11:33:12.1634165Z          [2] _build_settlement (res://scripts/world/playground_world.gd:1533)
2026-10-01T11:33:12.1634884Z          [3] _ready (res://scripts/world/playground_world.gd:855)
2026-10-01T11:33:12.1668613Z WARNING: prop 'Torch_Metal' has glow:"campfire" but no `Fire` surface to light
2026-10-01T11:33:12.1669774Z      at: push_warning (core/variant/variant_utility.cpp:1033)
2026-10-01T11:33:12.1670321Z      GDScript backtrace (most recent call first):
2026-10-01T11:33:12.1670814Z          [0] place (res://scripts/world/props.gd:281)
2026-10-01T11:33:12.1671584Z          [1] build (res://scripts/world/props.gd:64)
2026-10-01T11:33:12.1672198Z          [2] _build_settlement (res://scripts/world/playground_world.gd:1533)
2026-10-01T11:33:12.1672872Z          [3] _ready (res://scripts/world/playground_world.gd:855)
2026-10-01T11:33:12.1685606Z WARNING: prop 'Torch_Metal' has glow:"campfire" but no `Fire` surface to light
2026-10-01T11:33:12.1686550Z      at: push_warning (core/variant/variant_utility.cpp:1033)
2026-10-01T11:33:12.1687169Z      GDScript backtrace (most recent call first):
2026-10-01T11:33:12.1687760Z          [0] place (res://scripts/world/props.gd:281)
2026-10-01T11:33:12.1688686Z          [1] build (res://scripts/world/props.gd:64)
2026-10-01T11:33:12.1689556Z          [2] _build_settlement (res://scripts/world/playground_world.gd:1533)
2026-10-01T11:33:12.1690473Z          [3] _ready (res://scripts/world/playground_world.gd:855)
2026-10-01T11:33:12.1691475Z [props] placed 434 props in 54 clusters (6 usable rest points)
2026-10-01T11:33:22.7663022Z [village_npcs] placed 18 of 20
2026-10-01T11:33:22.7912929Z [relay_site] placed 3 of 3
2026-10-01T11:33:22.7952490Z [pond_npc] placed 1 of 1
2026-10-01T11:33:22.9486065Z [trainers] placed 21 trainer(s)
2026-10-01T11:33:24.7655608Z [south_bridge_dressing] placed 1 of 1
2026-10-01T11:33:27.0670291Z [quarry] 2 foundations, 4 pylons, 1 finish treatment standing
2026-10-01T11:33:27.7773896Z [relay] cleared 152 scattered pieces inside the 27m station radius
2026-10-01T11:33:27.8717092Z [relay] station at 350, 3760: 4 wall runs, 2 decks, 1 ramps, 10 pylons
2026-10-01T11:33:27.8759311Z [river] 18 course segments, 18 recovery volumes
2026-10-01T11:33:29.7917879Z [playground] severed spokes standing: river_gorge, storm_road, mountain_trail, stone_gate, high_pass, cliff_road, blighted_road
2026-10-01T11:33:30.4874120Z [playground] placed 198 harvest nodes
2026-10-01T11:33:30.5029452Z [playground] placed 6 farm plots
2026-10-01T11:33:30.7421987Z [playground] placed 147 band pickups (0 already taken, 34 nudged off scatter, 0 unclear, 0 without ground)
2026-10-01T11:33:33.9800651Z [warrens] cleared 821 scattered trees/rocks inside the 30m site radius and the chambers
2026-10-01T11:33:35.2643071Z [warrens] hero clearing: removed 803 more scattered pieces out to 55m (was 30m) so no background tree competes with the mound
2026-10-01T11:33:38.6717026Z [warrens] bank cap closes the dome over the throat (297 quads)
2026-10-01T11:33:38.6743689Z [warrens] planted 20 pieces of ground cover around the site
2026-10-01T11:33:38.6747973Z [warrens] earth bank 65x90m, crest 17.0m above the mouth (9.5x the 1.8m trainer); chamber clearance past the required 1.5m: mouth +4.8m, hall +3.8m, warren +4.1m, den +2.5m, vault +4.1m (worst 2.5m)
2026-10-01T11:33:38.7123031Z [warrens] 4 flora pieces beside the mouth
2026-10-01T11:33:38.7291530Z [warrens] 7 claw scrapes beside the mouth
2026-10-01T11:33:38.7304458Z [warrens] 5 crest trees standing on the bank
2026-10-01T11:33:38.7337886Z [warrens] scattered 78 rubble pieces across the face foot, spoil fans and threshold
2026-10-01T11:33:38.8437221Z [warrens] 220 pieces of growth on the bank
2026-10-01T11:33:38.8623885Z [warrens] 182 pieces of interior rock across 5 chambers
2026-10-01T11:33:38.9085138Z [warrens] 8 connected excavated terrain masses preserve the original collision route
2026-10-01T11:33:38.9100729Z [warrens] 12 root masses
2026-10-01T11:33:38.9124495Z [warrens] 8 fungus clusters, 3 species
2026-10-01T11:33:38.9137813Z [warrens] 40 litter pieces
2026-10-01T11:33:38.9146429Z [warrens] 4 haze cards
2026-10-01T11:33:38.9262505Z [warrens] guardian carries an alert bearing (neck -30, head -12, spine -7 deg)
2026-10-01T11:33:38.9263895Z [warrens] guardian idle faces the den's entrance passage (yaw -169.0 deg)
2026-10-01T11:33:39.0759038Z [approach-drain] 690 drained quads over the approach corridor
2026-10-01T11:33:39.0813933Z [stronghold] approach ramp: 11.3m of rise over 40m (16 degrees)
2026-10-01T11:33:39.0953608Z [stronghold] 407 structural members across 5 spaces
2026-10-01T11:33:39.1244921Z [stronghold] hall massing exterior lift: 1.30x height on 17/18 module(s)
2026-10-01T11:33:39.1256526Z [stronghold] massing grounded: 17 of 35 module foot shaft(s) to skirt y=-18.0
2026-10-01T11:33:39.1266166Z [stronghold] waist: 3 inter-chamber gap(s) wrapped on both flanks
2026-10-01T11:33:39.1296934Z [stronghold] tower pier in warden_arena: 2.6 x 3.1 m at local (-10.8, 78.7), enclosing LargeTower
2026-10-01T11:33:39.1298367Z [stronghold] tower pier in warden_arena: 2.6 x 3.1 m at local (10.8, 78.7), enclosing _MeshInstance3D_66268
2026-10-01T11:33:39.1299861Z [stronghold] tower pier in warden_arena: 2.6 x 3.1 m at local (-10.8, 101.7), enclosing _MeshInstance3D_66269
2026-10-01T11:33:39.1301805Z [stronghold] tower pier in warden_arena: 2.6 x 3.1 m at local (10.8, 101.7), enclosing _MeshInstance3D_66270
2026-10-01T11:33:39.1303636Z [stronghold] tower pier in legendary_chamber: 5.0 x 5.1 m at local (-43.5, 78.7), enclosing PointyTower
2026-10-01T11:33:39.1305160Z [stronghold] tower pier in legendary_chamber: 4.0 x 4.1 m at local (-20.0, 102.2), enclosing _MeshInstance3D_66271
2026-10-01T11:33:39.1306286Z [stronghold] tower pier in legendary_chamber: 4.0 x 4.1 m at local (-44.0, 102.2), enclosing _MeshInstance3D_66272
2026-10-01T11:33:39.1307539Z [stronghold] tower pier in legendary_chamber: 3.5 x 3.6 m at local (-19.7, 77.9), enclosing _MeshInstance3D_66273
2026-10-01T11:33:39.1308707Z [stronghold] 8 tower pier(s) enclosing massing that reached inside a roofed chamber
2026-10-01T11:33:39.2548127Z [stronghold] 87 interior dressing prop(s) in the roofed rooms
2026-10-01T11:33:39.2780169Z [trainers] placed 3 trainer(s) for group 'stronghold'
2026-10-01T11:33:42.0918549Z [stronghold] cleared 90 scattered prop(s) standing inside the five spaces
2026-10-01T11:33:42.0922851Z [stronghold] 21 exterior omni light(s) at the Hall (budget 22), 11 of them flickering fires
2026-10-01T11:33:42.0924613Z [stronghold] 5 spaces on the route (outer_works -> courtyard -> tether_approach -> warden_arena -> legendary_chamber), floor y=6.17, 3 gauntlet trainer(s), 15 approach pylon(s)
2026-10-01T11:33:42.1025044Z [trainers] placed 1 trainer(s) for group 'stronghold_climax'
2026-10-01T11:33:42.1063543Z [climax] the freed stand is 6.00 m from the machine's axis, inside its 8.05 m plinth on that bearing; moved out to 10.55 m
2026-10-01T11:33:42.1150264Z [climax] the legendary stands inside the machine: dais 4.06 m up, void 7.67 m tall, body 7.08 m, headroom 0.59 m
2026-10-01T11:33:45.6158615Z [meadow] the land lies drained: 15161 quads over 8 groups, grass field thinned
2026-10-01T11:33:49.7148544Z night-gated clusters in bands 0/1: 5 (12 individuals)
2026-10-01T11:33:49.7149157Z   band 0 (home meadow)     2 cluster(s)
2026-10-01T11:33:49.7149606Z   band 1 (oak grove ring)  3 cluster(s)
2026-10-01T11:33:49.7178564Z night bodies standing in the world: 12
2026-10-01T11:33:49.7179272Z every night body is on the ground (worst offset 0.25m, Wild_duskhush_1050_1)
2026-10-01T11:33:50.2090112Z by day:   12/12 night bodies hidden
2026-10-01T11:33:50.7186566Z at night: 12/12 night bodies present
2026-10-01T11:33:51.7123303Z standing at Wild_duskhush_1053_1 (345, 969) after dark, the game offers: Engage Duskhush
2026-10-01T11:33:51.7123971Z 
2026-10-01T11:33:51.7124146Z night ecology smoke test passed
2026-10-01T11:33:53.5119255Z WARNING: 10 ObjectDB instances were leaked at exit (run with `--verbose` for details).
2026-10-01T11:33:53.5119907Z    at: cleanup (core/object/object.cpp:2535)
2026-10-01T11:33:53.5122439Z ERROR: 5 resources still in use at exit (run with --verbose for details).
2026-10-01T11:33:53.5122988Z    at: clear (core/io/resource.cpp:822)
2026-10-01T11:33:53.6472997Z ##[endgroup]
2026-10-01T11:33:53.6509160Z ##[group]Run set -uo pipefail
2026-10-01T11:33:53.6509514Z [36;1mset -uo pipefail[0m
2026-10-01T11:33:53.6509755Z [36;1mn=0[0m
2026-10-01T11:33:53.6510020Z [36;1muntil [ "$n" -ge "$RETRIES" ]; do[0m
2026-10-01T11:33:53.6510305Z [36;1m  n=$((n + 1))[0m
2026-10-01T11:33:53.6510618Z [36;1m  echo "::group::smoke_${SMOKE}.gd attempt ${n}/${RETRIES}"[0m
2026-10-01T11:33:53.6511099Z [36;1m  if godot --headless --path . --script "tests/smoke_${SMOKE}.gd"; then[0m
2026-10-01T11:33:53.6511722Z [36;1m    echo "::endgroup::"[0m
2026-10-01T11:33:53.6511982Z [36;1m    exit 0[0m
2026-10-01T11:33:53.6512194Z [36;1m  fi[0m
2026-10-01T11:33:53.6512406Z [36;1m  echo "::endgroup::"[0m
2026-10-01T11:33:53.6512751Z [36;1m  echo "smoke_${SMOKE}.gd failed on attempt ${n}/${RETRIES}"[0m
2026-10-01T11:33:53.6513100Z [36;1mdone[0m
2026-10-01T11:33:53.6513300Z [36;1mexit 1[0m
2026-10-01T11:33:53.6574932Z shell: /usr/bin/bash -e {0}
2026-10-01T11:33:53.6575210Z env:
2026-10-01T11:33:53.6575473Z   GODOT_VERSION: 4.7-stable
2026-10-01T11:33:53.6575745Z   SMOKE: post_modal_control
2026-10-01T11:33:53.6575980Z   RETRIES: 1
2026-10-01T11:33:53.6576194Z ##[endgroup]
2026-10-01T11:33:53.6660948Z ##[group]smoke_post_modal_control.gd attempt 1/1
2026-10-01T11:33:53.6914195Z Godot Engine v4.7.stable.official.5b4e0cb0f - https://godotengine.org
2026-10-01T11:33:53.7191730Z 
2026-10-01T11:34:00.0544837Z WARNING: instance_reset_physics_interpolation() is deprecated.
2026-10-01T11:34:00.0545889Z      at: _instance_reset_physics_interpolation_bind_compat_104269 (servers/rendering/rendering_server.compat.inc:62)
2026-10-01T11:34:00.0547353Z      GDScript backtrace (most recent call first):
2026-10-01T11:34:00.0547988Z          [0] _build_terrain (res://scripts/world/playground_world.gd:1172)
2026-10-01T11:34:00.0548630Z          [1] _ready (res://scripts/world/playground_world.gd:798)
2026-10-01T11:34:03.5326215Z [playground] spawned at 0.0, 2.9, 0.0
2026-10-01T11:34:07.3885381Z [scatter bake] load phases (ms): read[256 regions, 387893 placements, 431212 skipped]=1093 reorder[16 layers]=2718
2026-10-01T11:34:07.5808505Z [vegetation] grass field is on; 431212 placements across 2 layers left unbuilt (grass, flowers)
2026-10-01T11:34:13.1474649Z [vegetation] boot phases (ms): placements=4029 mark_harvestable=114 group_by_model=279 register_mesh_assets=35 build_batches_total=4817 (of which harvest_points[56283 nodes]=2945, initial_collision_stream[51210 solid]=134) update_mmis=322
2026-10-01T11:34:13.5948244Z [grass_field] grass ring: 62140 instances over 13 lattice layers (tuft_count asked for 75000), 24m cull tiles
2026-10-01T11:34:13.6058462Z [grass_field] stone ring: 6084 instances over 8 lattice layers (count 25000)
2026-10-01T11:34:13.6182203Z [grass_field] cover tier bushes   4876 instances over 4 lattice layers (count 6000)
2026-10-01T11:34:13.6274165Z [grass_field] cover tier flowers  9432 instances over 6 lattice layers (count 12000)
2026-10-01T11:34:13.6337938Z [grass_field] cover tier flowers_gold 5740 instances over 4 lattice layers (count 7000)
2026-10-01T11:34:13.6400064Z [grass_field] cover tier litter   6008 instances over 3 lattice layers (count 15000)
2026-10-01T11:34:13.6400878Z [grass_field] 4 cover tier(s) up
2026-10-01T11:34:13.6704068Z [grass_field] far cover: 1 sheet, 71200 tris, 46225 verts, 6m cell, 40-640m reach
2026-10-01T11:34:13.6707923Z [grass_field] bound: 62140 tufts, radius 72m, region_size 256, vertex_spacing 2.0, 1024 region slots
2026-10-01T11:34:13.6708998Z [grass_field] stone tier: rid_valid=true height_map=<null> region_map=-1 entries
2026-10-01T11:34:13.6944271Z [playground] scattered 386505 props in 36 batches (56283 harvestable, 0 already chopped, 266/51210 collision resident)
2026-10-01T11:34:15.6750761Z [water] pond quads 2538, stream points 46, reeds 152, marginals 32, bank flowers 72, rocks 40, driftwood 5, lilypads 49, jetty 18, level -17.0
2026-10-01T11:34:15.6752171Z [water] stream bank reeds 77, bank scrub 12
2026-10-01T11:34:15.6753227Z [water] river quads 390, bank reeds 134, bank scrub 57
2026-10-01T11:34:16.1263674Z [village] placed 29 structures
2026-10-01T11:34:16.2036047Z WARNING: prop 'Torch_Metal' has glow:"campfire" but no `Fire` surface to light
2026-10-01T11:34:16.2036996Z      at: push_warning (core/variant/variant_utility.cpp:1033)
2026-10-01T11:34:16.2037671Z      GDScript backtrace (most recent call first):
2026-10-01T11:34:16.2038311Z          [0] place (res://scripts/world/props.gd:281)
2026-10-01T11:34:16.2038945Z          [1] build (res://scripts/world/props.gd:64)
2026-10-01T11:34:16.2039745Z          [2] _build_settlement (res://scripts/world/playground_world.gd:1533)
2026-10-01T11:34:16.2040560Z          [3] _ready (res://scripts/world/playground_world.gd:855)
2026-10-01T11:34:16.2042116Z WARNING: prop 'Torch_Metal' has glow:"campfire" but no `Fire` surface to light
2026-10-01T11:34:16.2042973Z      at: push_warning (core/variant/variant_utility.cpp:1033)
2026-10-01T11:34:16.2043625Z      GDScript backtrace (most recent call first):
2026-10-01T11:34:16.2044274Z          [0] place (res://scripts/world/props.gd:281)
2026-10-01T11:34:16.2044914Z          [1] build (res://scripts/world/props.gd:64)
2026-10-01T11:34:16.2045677Z          [2] _build_settlement (res://scripts/world/playground_world.gd:1533)
2026-10-01T11:34:16.2046487Z          [3] _ready (res://scripts/world/playground_world.gd:855)
2026-10-01T11:34:16.2062021Z WARNING: prop 'Torch_Metal' has glow:"campfire" but no `Fire` surface to light
2026-10-01T11:34:16.2063198Z      at: push_warning (core/variant/variant_utility.cpp:1033)
2026-10-01T11:34:16.2064270Z      GDScript backtrace (most recent call first):
2026-10-01T11:34:16.2064911Z          [0] place (res://scripts/world/props.gd:281)
2026-10-01T11:34:16.2065533Z          [1] build (res://scripts/world/props.gd:64)
2026-10-01T11:34:16.2066292Z          [2] _build_settlement (res://scripts/world/playground_world.gd:1533)
2026-10-01T11:34:16.2067075Z          [3] _ready (res://scripts/world/playground_world.gd:855)
2026-10-01T11:34:16.2261087Z WARNING: prop 'Torch_Metal' has glow:"campfire" but no `Fire` surface to light
2026-10-01T11:34:16.2262339Z      at: push_warning (core/variant/variant_utility.cpp:1033)
2026-10-01T11:34:16.2263014Z      GDScript backtrace (most recent call first):
2026-10-01T11:34:16.2263653Z          [0] place (res://scripts/world/props.gd:281)
2026-10-01T11:34:16.2264265Z          [1] build (res://scripts/world/props.gd:64)
2026-10-01T11:34:16.2264906Z          [2] _build_settlement (res://scripts/world/playground_world.gd:1533)
2026-10-01T11:34:16.2265588Z          [3] _ready (res://scripts/world/playground_world.gd:855)
2026-10-01T11:34:16.3037831Z WARNING: prop 'Torch_Metal' has glow:"campfire" but no `Fire` surface to light
2026-10-01T11:34:16.3038763Z      at: push_warning (core/variant/variant_utility.cpp:1033)
2026-10-01T11:34:16.3039436Z      GDScript backtrace (most recent call first):
2026-10-01T11:34:16.3040112Z          [0] place (res://scripts/world/props.gd:281)
2026-10-01T11:34:16.3040775Z          [1] build (res://scripts/world/props.gd:64)
2026-10-01T11:34:16.3041845Z          [2] _build_settlement (res://scripts/world/playground_world.gd:1533)
2026-10-01T11:34:16.3042677Z          [3] _ready (res://scripts/world/playground_world.gd:855)
2026-10-01T11:34:16.3043537Z WARNING: prop 'Torch_Metal' has glow:"campfire" but no `Fire` surface to light
2026-10-01T11:34:16.3044406Z      at: push_warning (core/variant/variant_utility.cpp:1033)
2026-10-01T11:34:16.3045061Z      GDScript backtrace (most recent call first):
2026-10-01T11:34:16.3045688Z          [0] place (res://scripts/world/props.gd:281)
2026-10-01T11:34:16.3046300Z          [1] build (res://scripts/world/props.gd:64)
2026-10-01T11:34:16.3047043Z          [2] _build_settlement (res://scripts/world/playground_world.gd:1533)
2026-10-01T11:34:16.3047835Z          [3] _ready (res://scripts/world/playground_world.gd:855)
2026-10-01T11:34:16.3083887Z WARNING: prop 'Torch_Metal' has glow:"campfire" but no `Fire` surface to light
2026-10-01T11:34:16.3085096Z      at: push_warning (core/variant/variant_utility.cpp:1033)
2026-10-01T11:34:16.3085803Z      GDScript backtrace (most recent call first):
2026-10-01T11:34:16.3086445Z          [0] place (res://scripts/world/props.gd:281)
2026-10-01T11:34:16.3087080Z          [1] build (res://scripts/world/props.gd:64)
2026-10-01T11:34:16.3087832Z          [2] _build_settlement (res://scripts/world/playground_world.gd:1533)
2026-10-01T11:34:16.3088680Z          [3] _ready (res://scripts/world/playground_world.gd:855)
2026-10-01T11:34:16.3089628Z WARNING: prop 'Torch_Metal' has glow:"campfire" but no `Fire` surface to light
2026-10-01T11:34:16.3090480Z      at: push_warning (core/variant/variant_utility.cpp:1033)
2026-10-01T11:34:16.3091161Z      GDScript backtrace (most recent call first):
2026-10-01T11:34:16.3092190Z          [0] place (res://scripts/world/props.gd:281)
2026-10-01T11:34:16.3092784Z          [1] build (res://scripts/world/props.gd:64)
2026-10-01T11:34:16.3093527Z          [2] _build_settlement (res://scripts/world/playground_world.gd:1533)
2026-10-01T11:34:16.3094328Z          [3] _ready (res://scripts/world/playground_world.gd:855)
2026-10-01T11:34:16.3094999Z [props] placed 434 props in 54 clusters (6 usable rest points)
2026-10-01T11:34:26.5147931Z [village_npcs] placed 18 of 20
2026-10-01T11:34:26.5397187Z [relay_site] placed 3 of 3
2026-10-01T11:34:26.5433702Z [pond_npc] placed 1 of 1
2026-10-01T11:34:26.6942322Z [trainers] placed 21 trainer(s)
2026-10-01T11:34:28.4836515Z [south_bridge_dressing] placed 1 of 1
2026-10-01T11:34:30.7635181Z [quarry] 2 foundations, 4 pylons, 1 finish treatment standing
2026-10-01T11:34:31.4645877Z [relay] cleared 152 scattered pieces inside the 27m station radius
2026-10-01T11:34:31.5583621Z [relay] station at 350, 3760: 4 wall runs, 2 decks, 1 ramps, 10 pylons
2026-10-01T11:34:31.5626800Z [river] 18 course segments, 18 recovery volumes
2026-10-01T11:34:33.4363760Z [playground] severed spokes standing: river_gorge, storm_road, mountain_trail, stone_gate, high_pass, cliff_road, blighted_road
2026-10-01T11:34:34.1236269Z [playground] placed 198 harvest nodes
2026-10-01T11:34:34.1390858Z [playground] placed 6 farm plots
2026-10-01T11:34:34.3749860Z [playground] placed 147 band pickups (0 already taken, 34 nudged off scatter, 0 unclear, 0 without ground)
2026-10-01T11:34:37.5393813Z [warrens] cleared 821 scattered trees/rocks inside the 30m site radius and the chambers
2026-10-01T11:34:38.8223861Z [warrens] hero clearing: removed 803 more scattered pieces out to 55m (was 30m) so no background tree competes with the mound
2026-10-01T11:34:42.2058660Z [warrens] bank cap closes the dome over the throat (297 quads)
2026-10-01T11:34:42.2085059Z [warrens] planted 20 pieces of ground cover around the site
2026-10-01T11:34:42.2089133Z [warrens] earth bank 65x90m, crest 17.0m above the mouth (9.5x the 1.8m trainer); chamber clearance past the required 1.5m: mouth +4.8m, hall +3.8m, warren +4.1m, den +2.5m, vault +4.1m (worst 2.5m)
2026-10-01T11:34:42.2457062Z [warrens] 4 flora pieces beside the mouth
2026-10-01T11:34:42.2620070Z [warrens] 7 claw scrapes beside the mouth
2026-10-01T11:34:42.2632849Z [warrens] 5 crest trees standing on the bank
2026-10-01T11:34:42.2665702Z [warrens] scattered 78 rubble pieces across the face foot, spoil fans and threshold
2026-10-01T11:34:42.3744344Z [warrens] 220 pieces of growth on the bank
2026-10-01T11:34:42.3917039Z [warrens] 182 pieces of interior rock across 5 chambers
2026-10-01T11:34:42.4375569Z [warrens] 8 connected excavated terrain masses preserve the original collision route
2026-10-01T11:34:42.4391530Z [warrens] 12 root masses
2026-10-01T11:34:42.4414687Z [warrens] 8 fungus clusters, 3 species
2026-10-01T11:34:42.4428097Z [warrens] 40 litter pieces
2026-10-01T11:34:42.4436251Z [warrens] 4 haze cards
2026-10-01T11:34:42.4549696Z [warrens] guardian carries an alert bearing (neck -30, head -12, spine -7 deg)
2026-10-01T11:34:42.4550668Z [warrens] guardian idle faces the den's entrance passage (yaw -169.0 deg)
2026-10-01T11:34:42.6079241Z [approach-drain] 690 drained quads over the approach corridor
2026-10-01T11:34:42.6131748Z [stronghold] approach ramp: 11.3m of rise over 40m (16 degrees)
2026-10-01T11:34:42.6269326Z [stronghold] 407 structural members across 5 spaces
2026-10-01T11:34:42.6555899Z [stronghold] hall massing exterior lift: 1.30x height on 17/18 module(s)
2026-10-01T11:34:42.6568708Z [stronghold] massing grounded: 17 of 35 module foot shaft(s) to skirt y=-18.0
2026-10-01T11:34:42.6579469Z [stronghold] waist: 3 inter-chamber gap(s) wrapped on both flanks
2026-10-01T11:34:42.6611385Z [stronghold] tower pier in warden_arena: 2.6 x 3.1 m at local (-10.8, 78.7), enclosing LargeTower
2026-10-01T11:34:42.6612842Z [stronghold] tower pier in warden_arena: 2.6 x 3.1 m at local (10.8, 78.7), enclosing _MeshInstance3D_66269
2026-10-01T11:34:42.6614067Z [stronghold] tower pier in warden_arena: 2.6 x 3.1 m at local (-10.8, 101.7), enclosing _MeshInstance3D_66270
2026-10-01T11:34:42.6615313Z [stronghold] tower pier in warden_arena: 2.6 x 3.1 m at local (10.8, 101.7), enclosing _MeshInstance3D_66271
2026-10-01T11:34:42.6617786Z [stronghold] tower pier in legendary_chamber: 5.0 x 5.1 m at local (-43.5, 78.7), enclosing PointyTower
2026-10-01T11:34:42.6619018Z [stronghold] tower pier in legendary_chamber: 4.0 x 4.1 m at local (-20.0, 102.2), enclosing _MeshInstance3D_66272
2026-10-01T11:34:42.6620545Z [stronghold] tower pier in legendary_chamber: 4.0 x 4.1 m at local (-44.0, 102.2), enclosing _MeshInstance3D_66273
2026-10-01T11:34:42.6622020Z [stronghold] tower pier in legendary_chamber: 3.5 x 3.6 m at local (-19.7, 77.9), enclosing _MeshInstance3D_66274
2026-10-01T11:34:42.6623573Z [stronghold] 8 tower pier(s) enclosing massing that reached inside a roofed chamber
2026-10-01T11:34:42.7851189Z [stronghold] 87 interior dressing prop(s) in the roofed rooms
2026-10-01T11:34:42.8080637Z [trainers] placed 3 trainer(s) for group 'stronghold'
2026-10-01T11:34:45.5412773Z [stronghold] cleared 90 scattered prop(s) standing inside the five spaces
2026-10-01T11:34:45.5415903Z [stronghold] 21 exterior omni light(s) at the Hall (budget 22), 11 of them flickering fires
2026-10-01T11:34:45.5417414Z [stronghold] 5 spaces on the route (outer_works -> courtyard -> tether_approach -> warden_arena -> legendary_chamber), floor y=6.17, 3 gauntlet trainer(s), 15 approach pylon(s)
2026-10-01T11:34:45.5517915Z [trainers] placed 1 trainer(s) for group 'stronghold_climax'
2026-10-01T11:34:45.5555020Z [climax] the freed stand is 6.00 m from the machine's axis, inside its 8.05 m plinth on that bearing; moved out to 10.55 m
2026-10-01T11:34:45.5641782Z [climax] the legendary stands inside the machine: dais 4.06 m up, void 7.67 m tall, body 7.08 m, headroom 0.59 m
2026-10-01T11:34:49.0777311Z [meadow] the land lies drained: 15161 quads over 8 groups, grass field thinned
2026-10-01T11:34:54.4152239Z FAIL: fixture: BuildPlacer did not place a creature bed
2026-10-01T11:34:54.4152766Z 
2026-10-01T11:34:54.4153053Z   FAIL: fixture: BuildPlacer did not place a creature bed
2026-10-01T11:34:56.3560008Z ##[endgroup]
2026-10-01T11:34:56.3560346Z smoke_post_modal_control.gd failed on attempt 1/1
2026-10-01T11:34:56.3563931Z ##[error]Process completed with exit code 1.
2026-10-01T11:34:56.3660370Z Post job cleanup.
2026-10-01T11:34:56.3664538Z ##[start-action display=Run actions/cache@v4;id=__b8fd4be3-e7f3-4cf6-b3d4-f491baec5eed.__actions_cache]
2026-10-01T11:34:56.3666815Z ##[end-action id=__b8fd4be3-e7f3-4cf6-b3d4-f491baec5eed.__actions_cache;outcome=skipped;conclusion=skipped;duration_ms=0]
2026-10-01T11:34:56.3668824Z ##[start-action display=Run actions/cache@v4;id=__b8fd4be3-e7f3-4cf6-b3d4-f491baec5eed.cache-godot]
2026-10-01T11:34:56.3670852Z ##[end-action id=__b8fd4be3-e7f3-4cf6-b3d4-f491baec5eed.cache-godot;outcome=skipped;conclusion=skipped;duration_ms=0]
2026-10-01T11:34:56.3734236Z Post job cleanup.
2026-10-01T11:34:56.4650189Z [command]/usr/bin/git version
2026-10-01T11:34:56.4698824Z git version 2.55.0
2026-10-01T11:34:56.4744582Z Temporarily overriding HOME='/home/runner/work/_temp/054fdde4-0f69-48f5-8db9-9e80ddc24bec' before making global git config changes
2026-10-01T11:34:56.4745692Z Adding repository directory to the temporary git global config as a safe directory
2026-10-01T11:34:56.4751112Z [command]/usr/bin/git config --global --add safe.directory /home/runner/work/Tetherbound/Tetherbound
2026-10-01T11:34:56.4792694Z [command]/usr/bin/git config --local --name-only --get-regexp core\.sshCommand
2026-10-01T11:34:56.4829967Z [command]/usr/bin/git submodule foreach --recursive sh -c "git config --local --name-only --get-regexp 'core\.sshCommand' && git config --local --unset-all 'core.sshCommand' || :"
2026-10-01T11:34:56.5118468Z [command]/usr/bin/git config --local --name-only --get-regexp http\.https\:\/\/github\.com\/\.extraheader
2026-10-01T11:34:56.5153453Z http.https://github.com/.extraheader
2026-10-01T11:34:56.5165659Z [command]/usr/bin/git config --local --unset-all http.https://github.com/.extraheader
2026-10-01T11:34:56.5210831Z [command]/usr/bin/git submodule foreach --recursive sh -c "git config --local --name-only --get-regexp 'http\.https\:\/\/github\.com\/\.extraheader' && git config --local --unset-all 'http.https://github.com/.extraheader' || :"
2026-10-01T11:34:56.5532302Z [command]/usr/bin/git config --local --name-only --get-regexp ^includeIf\.gitdir:
2026-10-01T11:34:56.5570684Z [command]/usr/bin/git submodule foreach --recursive git config --local --show-origin --name-only --get-regexp remote.origin.url
2026-10-01T11:34:56.6048140Z Cleaning up orphan processes
2026-10-01T11:34:56.6325343Z ##[warning]Node.js 20 is deprecated. The following actions target Node.js 20 but are being forced to run on Node.js 24: actions/cache@v4, actions/checkout@v4. For more information see: https://github.blog/changelog/2025-09-19-deprecation-of-node-20-on-github-actions-runners/

