t,wall,x,y,z,heading,region,clock_hour,weather,frame_ms,physics_ms,dead_travel_m,nearest_poi_dist_m,input_context
0.75,2026-08-30 02:05:16,0.00,0.00,0.00,0.0,grandpas_village,0.00,,0.331,15.231,0.00,,title
0.90,2026-08-30 02:05:16,0.00,0.00,0.00,0.0,grandpas_village,0.00,,0.331,15.231,0.00,,title
1.63,2026-08-30 02:05:56,11.06,0.90,-7.90,-153.1,grandpas_village,8.02,clear,8.258,15.862,0.00,12.06,world
2.13,2026-08-30 02:05:56,11.06,0.90,-7.90,-153.1,grandpas_village,8.04,clear,7.800,451.664,0.00,12.06,world
2.63,2026-08-30 02:05:57,11.06,0.90,-7.90,-153.1,grandpas_village,8.06,clear,7.299,32.428,0.00,12.06,world
3.13,2026-08-30 02:05:57,11.06,0.90,-7.90,-153.1,grandpas_village,8.08,clear,7.299,32.428,0.00,12.06,world
3.63,2026-08-30 02:05:58,11.06,0.90,-7.90,-153.1,grandpas_village,8.10,clear,7.480,8.436,0.00,12.06,world
4.13,2026-08-30 02:05:58,11.06,0.90,-7.90,-153.1,grandpas_village,8.12,clear,7.480,8.436,0.00,12.06,world
4.63,2026-08-30 02:05:59,11.06,0.90,-7.90,-153.1,grandpas_village,8.14,clear,7.019,8.403,0.00,12.06,world
5.13,2026-08-30 02:05:59,11.06,0.90,-7.90,-153.1,grandpas_village,8.16,clear,7.019,8.403,0.00,12.06,world
5.63,2026-08-30 02:06:00,11.06,0.90,-7.90,-153.1,grandpas_village,8.18,clear,7.020,8.224,0.00,12.06,world
6.13,2026-08-30 02:06:00,11.06,0.90,-7.90,-153.1,grandpas_village,8.20,clear,7.020,8.224,0.00,12.06,world
6.63,2026-08-30 02:06:01,11.06,0.90,-7.90,-153.1,grandpas_village,8.22,clear,7.912,9.758,0.00,12.06,world
7.13,2026-08-30 02:06:01,11.06,0.90,-7.90,-153.1,grandpas_village,8.24,clear,7.912,9.758,0.00,12.06,world
7.63,2026-08-30 02:06:02,11.06,0.90,-7.90,-153.1,grandpas_village,8.26,clear,6.855,8.934,0.00,12.06,world
8.13,2026-08-30 02:06:02,11.06,0.90,-7.90,-153.1,grandpas_village,8.28,clear,6.855,8.934,0.00,12.06,world
8.63,2026-08-30 02:06:03,11.06,0.90,-7.90,-153.1,grandpas_village,8.30,clear,8.576,11.245,0.00,12.06,world
9.13,2026-08-30 02:06:03,11.06,0.90,-7.90,-153.1,grandpas_village,8.32,clear,8.576,11.245,0.00,12.06,world
9.63,2026-08-30 02:06:04,11.06,0.90,-7.90,-153.1,grandpas_village,8.34,clear,7.543,9.159,0.00,12.06,world
10.13,2026-08-30 02:06:04,11.06,0.90,-7.90,-153.1,grandpas_village,8.36,clear,7.543,9.159,0.00,12.06,world
10.63,2026-08-30 02:06:05,11.06,0.90,-7.90,-153.1,grandpas_village,8.38,clear,6.488,9.330,0.00,12.06,world
11.13,2026-08-30 02:06:05,11.06,0.90,-7.90,-153.1,grandpas_village,8.40,clear,6.488,9.330,0.00,12.06,world
11.63,2026-08-30 02:06:06,11.06,0.90,-7.90,-153.1,grandpas_village,8.42,clear,7.490,9.300,0.00,12.06,world
12.13,2026-08-30 02:06:06,11.06,0.90,-7.90,-153.1,grandpas_village,8.44,clear,7.490,9.300,0.00,12.06,world
12.63,2026-08-30 02:06:07,11.06,0.90,-7.90,-153.1,grandpas_village,8.46,clear,7.562,8.887,0.00,12.06,world
13.13,2026-08-30 02:06:07,11.06,0.90,-7.90,-153.1,grandpas_village,8.48,clear,7.562,8.887,0.00,12.06,world
13.63,2026-08-30 02:06:08,11.06,0.90,-7.90,-153.1,grandpas_village,8.50,clear,9.105,9.014,0.00,12.06,world
14.13,2026-08-30 02:06:08,11.06,0.90,-7.90,-153.1,grandpas_village,8.52,clear,9.105,9.014,0.00,12.06,world
14.63,2026-08-30 02:06:09,11.06,0.90,-7.90,-153.1,grandpas_village,8.54,clear,7.989,9.983,0.00,12.06,world
15.13,2026-08-30 02:06:09,11.06,0.90,-7.90,-153.1,grandpas_village,8.56,clear,7.989,9.983,0.00,12.06,world
15.63,2026-08-30 02:06:10,11.06,0.90,-7.90,-153.1,grandpas_village,8.58,clear,8.376,9.902,0.00,12.06,world
16.13,2026-08-30 02:06:10,11.06,0.90,-7.90,-153.1,grandpas_village,8.60,clear,8.376,9.902,0.00,12.06,world
16.63,2026-08-30 02:06:11,11.06,0.90,-7.90,-153.1,grandpas_village,8.62,clear,10.157,11.049,0.00,12.06,world
17.13,2026-08-30 02:06:11,11.06,0.90,-7.90,-153.1,grandpas_village,8.64,clear,10.157,11.049,0.00,12.06,world
17.63,2026-08-30 02:06:12,11.06,0.90,-7.90,-153.1,grandpas_village,8.66,clear,9.738,9.811,0.00,12.06,world
18.13,2026-08-30 02:06:12,11.06,0.90,-7.90,-153.1,grandpas_village,8.68,clear,9.738,9.811,0.00,12.06,world
18.63,2026-08-30 02:06:13,11.06,0.90,-7.90,-153.1,grandpas_village,8.70,clear,8.583,9.848,0.00,12.06,world
19.13,2026-08-30 02:06:13,11.06,0.90,-7.90,-153.1,grandpas_village,8.72,clear,8.583,9.848,0.00,12.06,world
19.63,2026-08-30 02:06:14,11.06,0.90,-7.90,-153.1,grandpas_village,8.74,clear,10.564,10.450,0.00,12.06,world
20.13,2026-08-30 02:06:14,11.06,0.90,-7.90,-153.1,grandpas_village,8.76,clear,10.564,10.450,0.00,12.06,world
20.63,2026-08-30 02:06:15,11.06,0.90,-7.90,-153.1,grandpas_village,8.78,clear,8.780,9.972,0.00,12.06,world
21.13,2026-08-30 02:06:15,11.06,0.90,-7.90,-153.1,grandpas_village,8.80,clear,8.780,9.972,0.00,12.06,world
21.63,2026-08-30 02:06:16,11.06,0.90,-7.90,-153.1,grandpas_village,8.82,clear,8.078,9.218,0.00,12.06,world
22.13,2026-08-30 02:06:16,11.06,0.90,-7.90,-153.1,grandpas_village,8.84,clear,8.078,9.218,0.00,12.06,world
22.63,2026-08-30 02:06:17,11.06,0.90,-7.90,-153.1,grandpas_village,8.86,clear,8.267,9.605,0.00,12.06,world
23.13,2026-08-30 02:06:17,11.06,0.90,-7.90,-153.1,grandpas_village,8.88,clear,8.267,9.605,0.00,12.06,world
23.63,2026-08-30 02:06:18,11.06,0.90,-7.90,-153.1,grandpas_village,8.90,clear,7.997,10.018,0.00,12.06,world
24.13,2026-08-30 02:06:18,11.06,0.90,-7.90,-153.1,grandpas_village,8.92,clear,7.997,10.018,0.00,12.06,world
24.63,2026-08-30 02:06:19,11.06,0.90,-7.90,-153.1,grandpas_village,8.94,clear,8.002,9.309,0.00,12.06,world
25.13,2026-08-30 02:06:19,11.06,0.90,-7.90,-153.1,grandpas_village,8.96,clear,8.002,9.309,0.00,12.06,world
25.63,2026-08-30 02:06:20,11.06,0.90,-7.90,-153.1,grandpas_village,8.98,clear,7.783,9.235,0.00,12.06,world
26.13,2026-08-30 02:06:20,11.06,0.90,-7.90,-153.1,grandpas_village,9.00,clear,7.783,9.235,0.00,12.06,world
26.63,2026-08-30 02:06:21,11.06,0.90,-7.90,-153.1,grandpas_village,9.02,clear,7.086,8.440,0.00,12.06,world
27.13,2026-08-30 02:06:21,11.06,0.90,-7.90,-153.1,grandpas_village,9.04,clear,7.086,8.440,0.00,12.06,world
27.63,2026-08-30 02:06:22,11.06,0.90,-7.90,-153.1,grandpas_village,9.06,clear,8.384,8.644,0.00,12.06,world
28.13,2026-08-30 02:06:22,11.06,0.90,-7.90,-153.1,grandpas_village,9.08,clear,8.384,8.644,0.00,12.06,world
28.63,2026-08-30 02:06:23,11.06,0.90,-7.90,-153.1,grandpas_village,9.10,clear,11.719,10.590,0.00,12.06,world
29.13,2026-08-30 02:06:23,11.06,0.90,-7.90,-153.1,grandpas_village,9.12,clear,11.719,10.590,0.00,12.06,world
29.63,2026-08-30 02:06:24,11.06,0.90,-7.90,-153.1,grandpas_village,9.14,clear,7.756,8.836,0.00,12.06,world
30.13,2026-08-30 02:06:24,11.06,0.90,-7.90,-153.1,grandpas_village,9.16,clear,7.756,8.836,0.00,12.06,world
30.63,2026-08-30 02:06:25,11.06,0.90,-7.90,-153.1,grandpas_village,9.18,clear,7.874,9.123,0.00,12.06,world
31.13,2026-08-30 02:06:25,11.06,0.90,-7.90,-153.1,grandpas_village,9.20,clear,7.874,9.123,0.00,12.06,world
31.63,2026-08-30 02:06:26,11.06,0.90,-7.90,-153.1,grandpas_village,9.22,clear,8.071,8.483,0.00,12.06,world
32.13,2026-08-30 02:06:26,11.06,0.90,-7.90,-153.1,grandpas_village,9.24,clear,8.071,8.483,0.00,12.06,world
32.63,2026-08-30 02:06:27,11.06,0.90,-7.90,-153.1,grandpas_village,9.26,clear,8.234,11.355,0.00,12.06,world
33.13,2026-08-30 02:06:27,11.06,0.90,-7.90,-153.1,grandpas_village,9.28,clear,8.234,11.355,0.00,12.06,world
33.63,2026-08-30 02:06:28,11.06,0.90,-7.90,-153.1,grandpas_village,9.30,clear,8.556,8.474,0.00,12.06,world
34.13,2026-08-30 02:06:28,11.06,0.90,-7.90,-153.1,grandpas_village,9.32,clear,8.556,8.474,0.00,12.06,world
34.63,2026-08-30 02:06:29,11.06,0.90,-7.90,-153.1,grandpas_village,9.34,clear,6.991,8.869,0.00,12.06,world
35.13,2026-08-30 02:06:29,11.06,0.90,-7.90,-153.1,grandpas_village,9.36,clear,6.991,8.869,0.00,12.06,world
35.63,2026-08-30 02:06:30,11.06,0.90,-7.90,-153.1,grandpas_village,9.38,clear,8.742,9.351,0.00,12.06,world
36.13,2026-08-30 02:06:30,11.06,0.90,-7.90,-153.1,grandpas_village,9.40,clear,8.742,9.351,0.00,12.06,world
36.63,2026-08-30 02:06:31,11.06,0.90,-7.90,-153.1,grandpas_village,9.42,clear,7.368,8.785,0.00,12.06,world
37.13,2026-08-30 02:06:31,11.06,0.90,-7.90,-153.1,grandpas_village,9.44,clear,7.368,8.785,0.00,12.06,world
37.63,2026-08-30 02:06:32,11.06,0.90,-7.90,-153.1,grandpas_village,9.46,clear,7.884,10.272,0.00,12.06,world
38.13,2026-08-30 02:06:32,11.06,0.90,-7.90,-153.1,grandpas_village,9.48,clear,7.884,10.272,0.00,12.06,world
38.63,2026-08-30 02:06:33,11.06,0.90,-7.90,-153.1,grandpas_village,9.50,clear,8.562,9.175,0.00,12.06,world
39.13,2026-08-30 02:06:33,11.06,0.90,-7.90,-153.1,grandpas_village,9.52,clear,8.562,9.175,0.00,12.06,world
39.63,2026-08-30 02:06:34,11.06,0.90,-7.90,-153.1,grandpas_village,9.54,clear,8.458,9.323,0.00,12.06,world
40.13,2026-08-30 02:06:34,11.06,0.90,-7.90,-153.1,grandpas_village,9.56,clear,8.458,9.323,0.00,12.06,world
40.63,2026-08-30 02:06:35,11.06,0.90,-7.90,-153.1,grandpas_village,9.58,clear,8.632,9.001,0.00,12.06,world
41.13,2026-08-30 02:06:35,11.06,0.90,-7.90,-153.1,grandpas_village,9.60,clear,8.632,9.001,0.00,12.06,world
41.63,2026-08-30 02:06:36,11.06,0.90,-7.90,-153.1,grandpas_village,9.62,clear,9.253,9.669,0.00,12.06,world
42.13,2026-08-30 02:06:36,11.06,0.90,-7.90,-153.1,grandpas_village,9.64,clear,9.253,9.669,0.00,12.06,world
42.63,2026-08-30 02:06:37,11.06,0.90,-7.90,-153.1,grandpas_village,9.66,clear,8.533,8.557,0.00,12.06,world
43.13,2026-08-30 02:06:37,11.06,0.90,-7.90,-153.1,grandpas_village,9.68,clear,8.533,8.557,0.00,12.06,world
43.63,2026-08-30 02:06:38,11.06,0.90,-7.90,-153.1,grandpas_village,9.70,clear,8.472,9.724,0.00,12.06,world
44.13,2026-08-30 02:06:38,11.06,0.90,-7.90,-153.1,grandpas_village,9.72,clear,8.472,9.724,0.00,12.06,world
44.63,2026-08-30 02:06:39,11.06,0.90,-7.90,-153.1,grandpas_village,9.74,clear,9.087,9.719,0.00,12.06,world
45.13,2026-08-30 02:06:39,11.06,0.90,-7.90,-153.1,grandpas_village,9.76,clear,9.087,9.719,0.00,12.06,world
45.63,2026-08-30 02:06:40,11.06,0.90,-7.90,-153.1,grandpas_village,9.78,clear,8.808,8.695,0.00,12.06,world
46.13,2026-08-30 02:06:40,11.06,0.90,-7.90,-153.1,grandpas_village,9.80,clear,8.808,8.695,0.00,12.06,world
46.63,2026-08-30 02:06:41,11.06,0.90,-7.90,-153.1,grandpas_village,9.82,clear,6.846,8.949,0.00,12.06,world
47.13,2026-08-30 02:06:41,11.06,0.90,-7.90,-153.1,grandpas_village,9.84,clear,6.846,8.949,0.00,12.06,world
47.63,2026-08-30 02:06:42,11.06,0.90,-7.90,-153.1,grandpas_village,9.86,clear,6.038,8.055,0.00,12.06,world
48.13,2026-08-30 02:06:42,11.06,0.90,-7.90,-153.1,grandpas_village,9.88,clear,6.038,8.055,0.00,12.06,world
48.63,2026-08-30 02:06:43,11.06,0.90,-7.90,-153.1,grandpas_village,9.90,clear,7.211,8.259,0.00,12.06,world
49.13,2026-08-30 02:06:43,11.06,0.90,-7.90,-153.1,grandpas_village,9.92,clear,7.211,8.259,0.00,12.06,world
49.63,2026-08-30 02:06:44,11.06,0.90,-7.90,-153.1,grandpas_village,9.94,clear,6.838,8.938,0.00,12.06,world
50.13,2026-08-30 02:06:44,11.06,0.90,-7.90,-153.1,grandpas_village,9.96,clear,6.838,8.938,0.00,12.06,world
50.63,2026-08-30 02:06:45,11.06,0.90,-7.90,-153.1,grandpas_village,9.98,clear,6.542,8.248,0.00,12.06,world
51.13,2026-08-30 02:06:45,11.06,0.90,-7.90,-153.1,grandpas_village,10.00,clear,6.542,8.248,0.00,12.06,world
51.63,2026-08-30 02:06:46,11.06,0.90,-7.90,-153.1,grandpas_village,10.02,clear,7.565,8.427,0.00,12.06,world
52.13,2026-08-30 02:06:46,11.06,0.90,-7.90,-153.1,grandpas_village,10.04,clear,7.565,8.427,0.00,12.06,world
52.63,2026-08-30 02:06:47,11.06,0.90,-7.90,-153.1,grandpas_village,10.06,clear,6.571,8.832,0.00,12.06,world
53.13,2026-08-30 02:06:47,11.06,0.90,-7.90,-153.1,grandpas_village,10.08,clear,6.571,8.832,0.00,12.06,world
53.63,2026-08-30 02:06:48,11.06,0.90,-7.90,-153.1,grandpas_village,10.10,clear,6.232,8.883,0.00,12.06,world
54.13,2026-08-30 02:06:48,11.06,0.90,-7.90,-153.1,grandpas_village,10.12,clear,6.232,8.883,0.00,12.06,world
54.63,2026-08-30 02:06:49,11.06,0.90,-7.90,-153.1,grandpas_village,10.14,clear,7.209,8.984,0.00,12.06,world
55.13,2026-08-30 02:06:49,11.06,0.90,-7.90,-153.1,grandpas_village,10.16,clear,7.209,8.984,0.00,12.06,world
55.63,2026-08-30 02:06:50,11.06,0.90,-7.90,-153.1,grandpas_village,10.18,clear,5.837,8.289,0.00,12.06,world
56.13,2026-08-30 02:06:50,11.06,0.90,-7.90,-153.1,grandpas_village,10.20,clear,5.837,8.289,0.00,12.06,world
56.63,2026-08-30 02:06:51,11.06,0.90,-7.90,-153.1,grandpas_village,10.22,clear,7.042,8.906,0.00,12.06,world
57.13,2026-08-30 02:06:51,11.06,0.90,-7.90,-153.1,grandpas_village,10.24,clear,7.042,8.906,0.00,12.06,world
57.63,2026-08-30 02:06:52,11.06,0.90,-7.90,-153.1,grandpas_village,10.26,clear,8.318,9.744,0.00,12.06,world
58.13,2026-08-30 02:06:52,11.06,0.90,-7.90,-153.1,grandpas_village,10.28,clear,8.318,9.744,0.00,12.06,world
58.63,2026-08-30 02:06:53,11.06,0.90,-7.90,-153.1,grandpas_village,10.30,clear,8.259,11.580,0.00,12.06,world
59.13,2026-08-30 02:06:53,11.06,0.90,-7.90,-153.1,grandpas_village,10.32,clear,8.259,11.580,0.00,12.06,world
59.63,2026-08-30 02:06:54,11.06,0.90,-7.90,-153.1,grandpas_village,10.34,clear,12.438,9.398,0.00,12.06,world
60.13,2026-08-30 02:06:54,11.06,0.90,-7.90,-153.1,grandpas_village,10.36,clear,12.438,9.398,0.00,12.06,world
60.63,2026-08-30 02:06:55,11.06,0.90,-7.90,-153.1,grandpas_village,10.38,clear,6.538,10.024,0.00,12.06,world
61.13,2026-08-30 02:06:55,11.06,0.90,-7.90,-153.1,grandpas_village,10.40,clear,6.538,10.024,0.00,12.06,world
61.63,2026-08-30 02:06:56,11.06,0.90,-7.90,-153.1,grandpas_village,10.42,clear,9.501,9.713,0.00,12.06,world
62.13,2026-08-30 02:06:56,11.06,0.90,-7.90,-153.1,grandpas_village,10.44,clear,9.501,9.713,0.00,12.06,world
62.63,2026-08-30 02:06:57,11.06,0.90,-7.90,-153.1,grandpas_village,10.46,clear,6.758,8.181,0.00,12.06,world
63.13,2026-08-30 02:06:57,11.06,0.90,-7.90,-153.1,grandpas_village,10.48,clear,6.758,8.181,0.00,12.06,world
63.63,2026-08-30 02:06:58,11.06,0.90,-7.90,-153.1,grandpas_village,10.50,clear,8.389,8.871,0.00,12.06,world
64.13,2026-08-30 02:06:58,11.06,0.90,-7.90,-153.1,grandpas_village,10.52,clear,8.389,8.871,0.00,12.06,world
64.63,2026-08-30 02:06:59,11.06,0.90,-7.90,-153.1,grandpas_village,10.54,clear,6.237,8.822,0.00,12.06,world
65.13,2026-08-30 02:06:59,11.06,0.90,-7.90,-153.1,grandpas_village,10.56,clear,6.237,8.822,0.00,12.06,world
65.63,2026-08-30 02:07:00,11.06,0.90,-7.90,-153.1,grandpas_village,10.58,clear,5.136,7.971,0.00,12.06,world
66.13,2026-08-30 02:07:00,11.06,0.90,-7.90,-153.1,grandpas_village,10.60,clear,5.136,7.971,0.00,12.06,world
66.63,2026-08-30 02:07:01,11.06,0.90,-7.90,-153.1,grandpas_village,10.62,clear,6.134,7.833,0.00,12.06,world
67.13,2026-08-30 02:07:01,11.06,0.90,-7.90,-153.1,grandpas_village,10.64,clear,6.134,7.833,0.00,12.06,world
67.63,2026-08-30 02:07:02,11.06,0.90,-7.90,-153.1,grandpas_village,10.66,clear,7.465,8.455,0.00,12.06,world
68.13,2026-08-30 02:07:02,11.06,0.90,-7.90,-153.1,grandpas_village,10.68,clear,7.465,8.455,0.00,12.06,world
68.63,2026-08-30 02:07:03,11.06,0.90,-7.90,-153.1,grandpas_village,10.70,clear,7.457,8.391,0.00,12.06,world
69.13,2026-08-30 02:07:03,11.06,0.90,-7.90,-153.1,grandpas_village,10.72,clear,7.457,8.391,0.00,12.06,world
69.63,2026-08-30 02:07:04,11.06,0.90,-7.90,-153.1,grandpas_village,10.74,clear,8.846,9.765,0.00,12.06,world
70.13,2026-08-30 02:07:04,11.06,0.90,-7.90,-153.1,grandpas_village,10.76,clear,8.846,9.765,0.00,12.06,world
70.63,2026-08-30 02:07:05,11.06,0.90,-7.90,-153.1,grandpas_village,10.78,clear,6.357,7.942,0.00,12.06,world
71.13,2026-08-30 02:07:05,11.06,0.90,-7.90,-153.1,grandpas_village,10.80,clear,6.357,7.942,0.00,12.06,world
71.63,2026-08-30 02:07:06,11.06,0.90,-7.90,-153.1,grandpas_village,10.82,clear,8.187,9.613,0.00,12.06,world
72.13,2026-08-30 02:07:06,11.06,0.90,-7.90,-153.1,grandpas_village,10.84,clear,8.187,9.613,0.00,12.06,world
72.63,2026-08-30 02:07:07,11.06,0.90,-7.90,-153.1,grandpas_village,10.86,clear,8.090,9.206,0.00,12.06,world
73.13,2026-08-30 02:07:07,11.06,0.90,-7.90,-153.1,grandpas_village,10.88,clear,8.090,9.206,0.00,12.06,world
73.63,2026-08-30 02:07:08,11.06,0.90,-7.90,-153.1,grandpas_village,10.90,clear,7.201,8.901,0.00,12.06,world
74.13,2026-08-30 02:07:08,11.06,0.90,-7.90,-153.1,grandpas_village,10.92,clear,7.201,8.901,0.00,12.06,world
74.63,2026-08-30 02:07:09,11.06,0.90,-7.90,-153.1,grandpas_village,10.94,clear,6.364,8.350,0.00,12.06,world
75.13,2026-08-30 02:07:09,11.06,0.90,-7.90,-153.1,grandpas_village,10.96,clear,6.364,8.350,0.00,12.06,world
75.63,2026-08-30 02:07:10,11.06,0.90,-7.90,-153.1,grandpas_village,10.98,clear,8.199,11.309,0.00,12.06,world
76.13,2026-08-30 02:07:10,11.06,0.90,-7.90,-153.1,grandpas_village,11.00,clear,8.199,11.309,0.00,12.06,world
76.63,2026-08-30 02:07:11,11.06,0.90,-7.90,-153.1,grandpas_village,11.02,clear,7.626,9.660,0.00,12.06,world
77.13,2026-08-30 02:07:11,11.06,0.90,-7.90,-153.1,grandpas_village,11.04,clear,7.626,9.660,0.00,12.06,world
77.63,2026-08-30 02:07:12,11.06,0.90,-7.90,-153.1,grandpas_village,11.06,clear,8.223,8.387,0.00,12.06,world
78.13,2026-08-30 02:07:12,11.06,0.90,-7.90,-153.1,grandpas_village,11.08,clear,8.223,8.387,0.00,12.06,world
78.63,2026-08-30 02:07:13,11.06,0.90,-7.90,-153.1,grandpas_village,11.10,clear,8.157,9.139,0.00,12.06,world
79.13,2026-08-30 02:07:13,11.06,0.90,-7.90,-153.1,grandpas_village,11.12,clear,8.157,9.139,0.00,12.06,world
79.63,2026-08-30 02:07:14,11.06,0.90,-7.90,-153.1,grandpas_village,11.14,clear,7.218,9.153,0.00,12.06,world
80.13,2026-08-30 02:07:14,11.06,0.90,-7.90,-153.1,grandpas_village,11.16,clear,7.218,9.153,0.00,12.06,world
80.63,2026-08-30 02:07:15,11.06,0.90,-7.90,-153.1,grandpas_village,11.18,clear,7.630,9.465,0.00,12.06,world
81.13,2026-08-30 02:07:15,11.06,0.90,-7.90,-153.1,grandpas_village,11.20,clear,7.630,9.465,0.00,12.06,world
81.63,2026-08-30 02:07:16,11.06,0.90,-7.90,-153.1,grandpas_village,11.22,clear,7.664,9.095,0.00,12.06,world
82.13,2026-08-30 02:07:16,11.06,0.90,-7.90,-153.1,grandpas_village,11.24,clear,7.664,9.095,0.00,12.06,world
82.63,2026-08-30 02:07:17,11.06,0.90,-7.90,-153.1,grandpas_village,11.26,clear,9.893,9.469,0.00,12.06,world
83.13,2026-08-30 02:07:17,11.06,0.90,-7.90,-153.1,grandpas_village,11.28,clear,9.893,9.469,0.00,12.06,world
83.63,2026-08-30 02:07:18,11.06,0.90,-7.90,-153.1,grandpas_village,11.30,clear,6.839,8.996,0.00,12.06,world
84.13,2026-08-30 02:07:18,11.06,0.90,-7.90,-153.1,grandpas_village,11.32,clear,6.839,8.996,0.00,12.06,world
84.63,2026-08-30 02:07:19,11.06,0.90,-7.90,-153.1,grandpas_village,11.34,clear,8.229,9.608,0.00,12.06,world
85.13,2026-08-30 02:07:19,11.06,0.90,-7.90,-153.1,grandpas_village,11.36,clear,8.229,9.608,0.00,12.06,world
85.63,2026-08-30 02:07:20,11.06,0.90,-7.90,-153.1,grandpas_village,11.38,clear,6.912,9.056,0.00,12.06,world
86.13,2026-08-30 02:07:20,11.06,0.90,-7.90,-153.1,grandpas_village,11.40,clear,6.912,9.056,0.00,12.06,world
86.63,2026-08-30 02:07:21,11.06,0.90,-7.90,-153.1,grandpas_village,11.42,clear,6.739,8.566,0.00,12.06,world
87.13,2026-08-30 02:07:21,11.06,0.90,-7.90,-153.1,grandpas_village,11.44,clear,6.739,8.566,0.00,12.06,world
87.63,2026-08-30 02:07:22,11.06,0.90,-7.90,-153.1,grandpas_village,11.46,clear,8.203,9.035,0.00,12.06,world
88.13,2026-08-30 02:07:22,11.06,0.90,-7.90,-153.1,grandpas_village,11.48,clear,8.203,9.035,0.00,12.06,world
88.63,2026-08-30 02:07:23,11.06,0.90,-7.90,-153.1,grandpas_village,11.50,clear,7.597,8.694,0.00,12.06,world
89.13,2026-08-30 02:07:23,11.06,0.90,-7.90,-153.1,grandpas_village,11.52,clear,7.597,8.694,0.00,12.06,world
89.63,2026-08-30 02:07:24,11.06,0.90,-7.90,-153.1,grandpas_village,11.54,clear,8.235,9.150,0.00,12.06,world
90.13,2026-08-30 02:07:24,11.06,0.90,-7.90,-153.1,grandpas_village,11.56,clear,8.235,9.150,0.00,12.06,world
90.63,2026-08-30 02:07:25,11.06,0.90,-7.90,-153.1,grandpas_village,11.58,clear,6.993,8.550,0.00,12.06,world
91.13,2026-08-30 02:07:25,11.06,0.90,-7.90,-153.1,grandpas_village,11.60,clear,6.993,8.550,0.00,12.06,world
91.63,2026-08-30 02:07:26,11.06,0.90,-7.90,-153.1,grandpas_village,11.62,clear,7.838,8.834,0.00,12.06,world
92.13,2026-08-30 02:07:26,11.06,0.90,-7.90,-153.1,grandpas_village,11.64,clear,7.838,8.834,0.00,12.06,world
92.63,2026-08-30 02:07:27,11.06,0.90,-7.90,-153.1,grandpas_village,11.66,clear,6.985,8.469,0.00,12.06,world
93.13,2026-08-30 02:07:27,11.06,0.90,-7.90,-153.1,grandpas_village,11.68,clear,6.985,8.469,0.00,12.06,world
93.63,2026-08-30 02:07:28,11.06,0.90,-7.90,-153.1,grandpas_village,11.70,clear,7.429,8.730,0.00,12.06,world
94.13,2026-08-30 02:07:28,11.06,0.90,-7.90,-153.1,grandpas_village,11.72,clear,7.429,8.730,0.00,12.06,world
94.63,2026-08-30 02:07:29,11.06,0.90,-7.90,-153.1,grandpas_village,11.74,clear,7.057,9.559,0.00,12.06,world
95.13,2026-08-30 02:07:29,11.06,0.90,-7.90,-153.1,grandpas_village,11.76,clear,7.057,9.559,0.00,12.06,world
95.63,2026-08-30 02:07:30,11.06,0.90,-7.90,-153.1,grandpas_village,11.78,clear,8.472,8.485,0.00,12.06,world
96.13,2026-08-30 02:07:30,11.06,0.90,-7.90,-153.1,grandpas_village,11.80,clear,8.472,8.485,0.00,12.06,world
96.63,2026-08-30 02:07:31,11.06,0.90,-7.90,-153.1,grandpas_village,11.82,clear,7.355,8.782,0.00,12.06,world
97.13,2026-08-30 02:07:31,11.06,0.90,-7.90,-153.1,grandpas_village,11.84,clear,7.355,8.782,0.00,12.06,world
97.63,2026-08-30 02:07:32,11.06,0.90,-7.90,-153.1,grandpas_village,11.86,clear,8.642,10.050,0.00,12.06,world
98.13,2026-08-30 02:07:32,11.06,0.90,-7.90,-153.1,grandpas_village,11.88,clear,8.642,10.050,0.00,12.06,world
98.63,2026-08-30 02:07:33,11.06,0.90,-7.90,-153.1,grandpas_village,11.90,clear,8.407,10.234,0.00,12.06,world
99.13,2026-08-30 02:07:33,11.06,0.90,-7.90,-153.1,grandpas_village,11.92,clear,8.407,10.234,0.00,12.06,world
99.63,2026-08-30 02:07:34,11.06,0.90,-7.90,-153.1,grandpas_village,11.94,clear,8.220,9.137,0.00,12.06,world
100.13,2026-08-30 02:07:34,11.06,0.90,-7.90,-153.1,grandpas_village,11.96,clear,8.220,9.137,0.00,12.06,world
100.63,2026-08-30 02:07:35,11.06,0.90,-7.90,-153.1,grandpas_village,11.98,clear,8.018,8.526,0.00,12.06,world
101.13,2026-08-30 02:07:35,11.06,0.90,-7.90,-153.1,grandpas_village,12.00,clear,8.018,8.526,0.00,12.06,world
101.63,2026-08-30 02:07:36,11.06,0.90,-7.90,-153.1,grandpas_village,12.02,clear,8.333,9.984,0.00,12.06,world
102.13,2026-08-30 02:07:36,11.06,0.90,-7.90,-153.1,grandpas_village,12.04,clear,8.333,9.984,0.00,12.06,world
102.63,2026-08-30 02:07:37,11.06,0.90,-7.90,-153.1,grandpas_village,12.06,clear,7.349,11.602,0.00,12.06,world
103.13,2026-08-30 02:07:37,11.06,0.90,-7.90,-153.1,grandpas_village,12.08,clear,7.349,11.602,0.00,12.06,world
103.63,2026-08-30 02:07:38,11.06,0.90,-7.90,-153.1,grandpas_village,12.10,clear,9.184,9.395,0.00,12.06,world
104.13,2026-08-30 02:07:38,11.06,0.90,-7.90,-153.1,grandpas_village,12.12,clear,9.184,9.395,0.00,12.06,world
104.63,2026-08-30 02:07:39,11.06,0.90,-7.90,-153.1,grandpas_village,12.14,clear,11.146,14.924,0.00,12.06,world
105.13,2026-08-30 02:07:39,11.06,0.90,-7.90,-153.1,grandpas_village,12.16,clear,11.146,14.924,0.00,12.06,world
105.63,2026-08-30 02:07:40,11.06,0.90,-7.90,-153.1,grandpas_village,12.18,clear,7.524,9.090,0.00,12.06,world
106.13,2026-08-30 02:07:40,11.06,0.90,-7.90,-153.1,grandpas_village,12.20,clear,7.524,9.090,0.00,12.06,world
106.63,2026-08-30 02:07:41,11.06,0.90,-7.90,-153.1,grandpas_village,12.22,clear,6.470,8.906,0.00,12.06,world
107.13,2026-08-30 02:07:41,11.06,0.90,-7.90,-153.1,grandpas_village,12.24,clear,6.470,8.906,0.00,12.06,world
107.63,2026-08-30 02:07:42,11.06,0.90,-7.90,-153.1,grandpas_village,12.26,clear,8.034,8.784,0.00,12.06,world
108.13,2026-08-30 02:07:42,11.06,0.90,-7.90,-153.1,grandpas_village,12.28,clear,8.034,8.784,0.00,12.06,world
108.63,2026-08-30 02:07:43,11.06,0.90,-7.90,-153.1,grandpas_village,12.30,clear,6.752,8.985,0.00,12.06,world
109.13,2026-08-30 02:07:43,11.06,0.90,-7.90,-153.1,grandpas_village,12.32,clear,6.752,8.985,0.00,12.06,world
109.63,2026-08-30 02:07:44,11.06,0.90,-7.90,-153.1,grandpas_village,12.34,clear,7.744,8.561,0.00,12.06,world
110.13,2026-08-30 02:07:44,11.06,0.90,-7.90,-153.1,grandpas_village,12.36,clear,7.744,8.561,0.00,12.06,world
110.63,2026-08-30 02:07:45,11.06,0.90,-7.90,-153.1,grandpas_village,12.38,clear,7.311,8.808,0.00,12.06,world
111.13,2026-08-30 02:07:45,11.06,0.90,-7.90,-153.1,grandpas_village,12.40,clear,7.311,8.808,0.00,12.06,world
111.63,2026-08-30 02:07:46,11.06,0.90,-7.90,-153.1,grandpas_village,12.42,clear,8.157,8.512,0.00,12.06,world
112.13,2026-08-30 02:07:46,11.06,0.90,-7.90,-153.1,grandpas_village,12.44,clear,8.157,8.512,0.00,12.06,world
112.63,2026-08-30 02:07:47,11.06,0.90,-7.90,-153.1,grandpas_village,12.46,clear,7.745,9.049,0.00,12.06,world
113.13,2026-08-30 02:07:47,11.06,0.90,-7.90,-153.1,grandpas_village,12.48,clear,7.745,9.049,0.00,12.06,world
113.63,2026-08-30 02:07:48,11.06,0.90,-7.90,-153.1,grandpas_village,12.50,clear,7.057,8.008,0.00,12.06,world
114.13,2026-08-30 02:07:48,11.06,0.90,-7.90,-153.1,grandpas_village,12.52,clear,7.057,8.008,0.00,12.06,world
114.63,2026-08-30 02:07:49,11.06,0.90,-7.90,-153.1,grandpas_village,12.54,clear,8.490,8.596,0.00,12.06,world
115.13,2026-08-30 02:07:49,11.06,0.90,-7.90,-153.1,grandpas_village,12.56,clear,8.490,8.596,0.00,12.06,world
115.63,2026-08-30 02:07:50,11.06,0.90,-7.90,-153.1,grandpas_village,12.58,clear,7.277,8.329,0.00,12.06,world
116.13,2026-08-30 02:07:50,11.06,0.90,-7.90,-153.1,grandpas_village,12.60,clear,7.277,8.329,0.00,12.06,world
116.63,2026-08-30 02:07:51,11.06,0.90,-7.90,-153.1,grandpas_village,12.62,clear,8.447,10.419,0.00,12.06,world
117.13,2026-08-30 02:07:51,11.06,0.90,-7.90,-153.1,grandpas_village,12.64,clear,8.447,10.419,0.00,12.06,world
117.63,2026-08-30 02:07:52,11.06,0.90,-7.90,-153.1,grandpas_village,12.66,clear,6.920,8.330,0.00,12.06,world
118.13,2026-08-30 02:07:52,11.06,0.90,-7.90,-153.1,grandpas_village,12.68,clear,6.920,8.330,0.00,12.06,world
118.63,2026-08-30 02:07:53,11.06,0.90,-7.90,-153.1,grandpas_village,12.70,clear,9.070,12.675,0.00,12.06,world
119.13,2026-08-30 02:07:53,11.06,0.90,-7.90,-153.1,grandpas_village,12.72,clear,9.070,12.675,0.00,12.06,world
119.63,2026-08-30 02:07:54,11.06,0.90,-7.90,-153.1,grandpas_village,12.74,clear,9.622,8.955,0.00,12.06,world
120.13,2026-08-30 02:07:54,11.06,0.90,-7.90,-153.1,grandpas_village,12.76,clear,9.622,8.955,0.00,12.06,world
120.63,2026-08-30 02:07:55,11.06,0.90,-7.90,-153.1,grandpas_village,12.78,clear,8.079,9.190,0.00,12.06,world
121.13,2026-08-30 02:07:55,11.06,0.90,-7.90,-153.1,grandpas_village,12.80,clear,8.079,9.190,0.00,12.06,world
121.63,2026-08-30 02:07:56,11.06,0.90,-7.90,-153.1,grandpas_village,12.82,clear,7.587,9.897,0.00,12.06,world
122.13,2026-08-30 02:07:56,11.06,0.90,-7.90,-153.1,grandpas_village,12.84,clear,7.587,9.897,0.00,12.06,world
122.63,2026-08-30 02:07:57,11.06,0.90,-7.90,-153.1,grandpas_village,12.86,clear,6.751,8.424,0.00,12.06,world
123.13,2026-08-30 02:07:57,11.06,0.90,-7.90,-153.1,grandpas_village,12.88,clear,6.751,8.424,0.00,12.06,world
123.63,2026-08-30 02:07:58,11.06,0.90,-7.90,-153.1,grandpas_village,12.90,clear,9.197,8.430,0.00,12.06,world
124.13,2026-08-30 02:07:58,11.06,0.90,-7.90,-153.1,grandpas_village,12.92,clear,9.197,8.430,0.00,12.06,world
124.63,2026-08-30 02:07:59,11.06,0.90,-7.90,-153.1,grandpas_village,12.94,clear,6.384,8.628,0.00,12.06,world
125.13,2026-08-30 02:07:59,11.06,0.90,-7.90,-153.1,grandpas_village,12.96,clear,6.384,8.628,0.00,12.06,world
125.63,2026-08-30 02:08:00,11.06,0.90,-7.90,-153.1,grandpas_village,12.98,clear,8.237,8.689,0.00,12.06,world
126.13,2026-08-30 02:08:00,11.06,0.90,-7.90,-153.1,grandpas_village,13.00,clear,8.237,8.689,0.00,12.06,world
126.63,2026-08-30 02:08:01,11.06,0.90,-7.90,-153.1,grandpas_village,13.02,clear,8.419,9.470,0.00,12.06,world
127.13,2026-08-30 02:08:01,11.06,0.90,-7.90,-153.1,grandpas_village,13.04,clear,8.419,9.470,0.00,12.06,world
127.63,2026-08-30 02:08:02,11.06,0.90,-7.90,-153.1,grandpas_village,13.06,clear,6.911,8.352,0.00,12.06,world
128.13,2026-08-30 02:08:02,11.06,0.90,-7.90,-153.1,grandpas_village,13.08,clear,6.911,8.352,0.00,12.06,world
128.63,2026-08-30 02:08:03,11.06,0.90,-7.90,-153.1,grandpas_village,13.10,clear,9.214,8.860,0.00,12.06,world
129.13,2026-08-30 02:08:03,11.06,0.90,-7.90,-153.1,grandpas_village,13.12,clear,9.214,8.860,0.00,12.06,world
129.63,2026-08-30 02:08:04,11.06,0.90,-7.90,-153.1,grandpas_village,13.14,clear,7.467,10.436,0.00,12.06,world
130.13,2026-08-30 02:08:04,11.06,0.90,-7.90,-153.1,grandpas_village,13.16,clear,7.467,10.436,0.00,12.06,world
130.63,2026-08-30 02:08:05,11.06,0.90,-7.90,-153.1,grandpas_village,13.18,clear,7.347,8.704,0.00,12.06,world
131.13,2026-08-30 02:08:05,11.06,0.90,-7.90,-153.1,grandpas_village,13.20,clear,7.347,8.704,0.00,12.06,world
131.63,2026-08-30 02:08:06,11.06,0.90,-7.90,-153.1,grandpas_village,13.22,clear,6.851,7.953,0.00,12.06,world
132.13,2026-08-30 02:08:06,11.06,0.90,-7.90,-153.1,grandpas_village,13.24,clear,6.851,7.953,0.00,12.06,world
132.63,2026-08-30 02:08:07,11.06,0.90,-7.90,-153.1,grandpas_village,13.26,clear,6.931,8.674,0.00,12.06,world
133.13,2026-08-30 02:08:07,11.06,0.90,-7.90,-153.1,grandpas_village,13.28,clear,6.931,8.674,0.00,12.06,world
133.63,2026-08-30 02:08:08,11.06,0.90,-7.90,-153.1,grandpas_village,13.30,clear,7.740,9.013,0.00,12.06,world
134.13,2026-08-30 02:08:08,11.06,0.90,-7.90,-153.1,grandpas_village,13.32,clear,7.740,9.013,0.00,12.06,world
134.63,2026-08-30 02:08:09,11.06,0.90,-7.90,-153.1,grandpas_village,13.34,clear,7.028,8.417,0.00,12.06,world
135.13,2026-08-30 02:08:09,11.06,0.90,-7.90,-153.1,grandpas_village,13.36,clear,7.028,8.417,0.00,12.06,world
135.63,2026-08-30 02:08:10,11.06,0.90,-7.90,-153.1,grandpas_village,13.38,clear,6.023,8.219,0.00,12.06,world
136.13,2026-08-30 02:08:10,11.06,0.90,-7.90,-153.1,grandpas_village,13.40,clear,6.023,8.219,0.00,12.06,world
136.63,2026-08-30 02:08:11,11.06,0.90,-7.90,-153.1,grandpas_village,13.42,clear,6.311,8.835,0.00,12.06,world
137.13,2026-08-30 02:08:11,11.06,0.90,-7.90,-153.1,grandpas_village,13.44,clear,6.311,8.835,0.00,12.06,world
137.63,2026-08-30 02:08:12,11.06,0.90,-7.90,-153.1,grandpas_village,13.46,clear,7.177,8.742,0.00,12.06,world
138.13,2026-08-30 02:08:12,11.06,0.90,-7.90,-153.1,grandpas_village,13.48,clear,7.177,8.742,0.00,12.06,world
138.63,2026-08-30 02:08:13,11.06,0.90,-7.90,-153.1,grandpas_village,13.50,clear,6.473,8.667,0.00,12.06,world
139.13,2026-08-30 02:08:13,11.06,0.90,-7.90,-153.1,grandpas_village,13.52,clear,6.473,8.667,0.00,12.06,world
139.63,2026-08-30 02:08:14,11.06,0.90,-7.90,-153.1,grandpas_village,13.54,clear,5.717,7.916,0.00,12.06,world
140.13,2026-08-30 02:08:14,11.06,0.90,-7.90,-153.1,grandpas_village,13.56,clear,5.717,7.916,0.00,12.06,world
140.63,2026-08-30 02:08:15,11.06,0.90,-7.90,-153.1,grandpas_village,13.58,clear,6.494,8.376,0.00,12.06,world
141.13,2026-08-30 02:08:15,11.06,0.90,-7.90,-153.1,grandpas_village,13.60,clear,6.494,8.376,0.00,12.06,world
141.63,2026-08-30 02:08:16,11.06,0.90,-7.90,-153.1,grandpas_village,13.62,clear,7.074,8.491,0.00,12.06,world
142.13,2026-08-30 02:08:16,11.06,0.90,-7.90,-153.1,grandpas_village,13.64,clear,7.074,8.491,0.00,12.06,world
142.63,2026-08-30 02:08:17,11.06,0.90,-7.90,-153.1,grandpas_village,13.66,clear,8.144,9.300,0.00,12.06,world
143.13,2026-08-30 02:08:17,11.06,0.90,-7.90,-153.1,grandpas_village,13.68,clear,8.144,9.300,0.00,12.06,world
143.63,2026-08-30 02:08:18,11.06,0.90,-7.90,-153.1,grandpas_village,13.70,clear,6.020,10.540,0.00,12.06,world
144.13,2026-08-30 02:08:18,11.06,0.90,-7.90,-153.1,grandpas_village,13.72,clear,6.020,10.540,0.00,12.06,world
144.63,2026-08-30 02:08:19,11.06,0.90,-7.90,-153.1,grandpas_village,13.74,clear,6.866,8.789,0.00,12.06,world
145.13,2026-08-30 02:08:19,11.06,0.90,-7.90,-153.1,grandpas_village,13.76,clear,6.866,8.789,0.00,12.06,world
145.63,2026-08-30 02:08:20,11.06,0.90,-7.90,-153.1,grandpas_village,13.78,clear,6.516,8.568,0.00,12.06,world
146.13,2026-08-30 02:08:20,11.06,0.90,-7.90,-153.1,grandpas_village,13.80,clear,6.516,8.568,0.00,12.06,world
146.63,2026-08-30 02:08:21,11.06,0.90,-7.90,-153.1,grandpas_village,13.82,clear,6.978,8.593,0.00,12.06,world
147.13,2026-08-30 02:08:21,11.06,0.90,-7.90,-153.1,grandpas_village,13.84,clear,6.978,8.593,0.00,12.06,world
147.63,2026-08-30 02:08:22,11.06,0.90,-7.90,-153.1,grandpas_village,13.86,clear,6.596,8.097,0.00,12.06,world
148.13,2026-08-30 02:08:22,11.06,0.90,-7.90,-153.1,grandpas_village,13.88,clear,6.596,8.097,0.00,12.06,world
148.63,2026-08-30 02:08:23,11.06,0.90,-7.90,-153.1,grandpas_village,13.90,clear,7.595,8.337,0.00,12.06,world
149.13,2026-08-30 02:08:23,11.06,0.90,-7.90,-153.1,grandpas_village,13.92,clear,7.595,8.337,0.00,12.06,world
149.63,2026-08-30 02:08:24,11.06,0.90,-7.90,-153.1,grandpas_village,13.94,clear,6.740,8.412,0.00,12.06,world
150.13,2026-08-30 02:08:24,11.06,0.90,-7.90,-153.1,grandpas_village,13.96,clear,6.740,8.412,0.00,12.06,world
150.63,2026-08-30 02:08:25,11.06,0.90,-7.90,-153.1,grandpas_village,13.98,clear,6.812,8.792,0.00,12.06,world
151.13,2026-08-30 02:08:25,11.06,0.90,-7.90,-153.1,grandpas_village,14.00,clear,6.812,8.792,0.00,12.06,world
151.63,2026-08-30 02:08:26,11.06,0.90,-7.90,-153.1,grandpas_village,14.02,clear,6.153,8.114,0.00,12.06,world
152.13,2026-08-30 02:08:26,11.06,0.90,-7.90,-153.1,grandpas_village,14.04,clear,6.153,8.114,0.00,12.06,world
152.63,2026-08-30 02:08:27,11.06,0.90,-7.90,-153.1,grandpas_village,14.06,clear,6.119,9.057,0.00,12.06,world
153.13,2026-08-30 02:08:27,11.06,0.90,-7.90,-153.1,grandpas_village,14.08,clear,6.119,9.057,0.00,12.06,world
153.63,2026-08-30 02:08:28,11.06,0.90,-7.90,-153.1,grandpas_village,14.10,clear,8.601,8.364,0.00,12.06,world
154.13,2026-08-30 02:08:28,11.06,0.90,-7.90,-153.1,grandpas_village,14.12,clear,8.601,8.364,0.00,12.06,world
154.63,2026-08-30 02:08:29,11.06,0.90,-7.90,-153.1,grandpas_village,14.14,clear,6.758,8.348,0.00,12.06,world
155.13,2026-08-30 02:08:29,11.06,0.90,-7.90,-153.1,grandpas_village,14.16,clear,6.758,8.348,0.00,12.06,world
155.63,2026-08-30 02:08:30,11.06,0.90,-7.90,-153.1,grandpas_village,14.18,clear,7.896,8.590,0.00,12.06,world
156.13,2026-08-30 02:08:30,11.06,0.90,-7.90,-153.1,grandpas_village,14.20,clear,7.896,8.590,0.00,12.06,world
156.63,2026-08-30 02:08:31,11.06,0.90,-7.90,-153.1,grandpas_village,14.22,clear,6.147,8.255,0.00,12.06,world
157.13,2026-08-30 02:08:31,11.06,0.90,-7.90,-153.1,grandpas_village,14.24,clear,6.147,8.255,0.00,12.06,world
157.63,2026-08-30 02:08:32,11.06,0.90,-7.90,-153.1,grandpas_village,14.26,clear,5.916,8.003,0.00,12.06,world
158.13,2026-08-30 02:08:32,11.06,0.90,-7.90,-153.1,grandpas_village,14.28,clear,5.916,8.003,0.00,12.06,world
158.63,2026-08-30 02:08:33,11.06,0.90,-7.90,-153.1,grandpas_village,14.30,clear,6.752,8.465,0.00,12.06,world
159.13,2026-08-30 02:08:33,11.06,0.90,-7.90,-153.1,grandpas_village,14.32,clear,6.752,8.465,0.00,12.06,world
159.63,2026-08-30 02:08:34,11.06,0.90,-7.90,-153.1,grandpas_village,14.34,clear,6.574,8.315,0.00,12.06,world
160.13,2026-08-30 02:08:34,11.06,0.90,-7.90,-153.1,grandpas_village,14.36,clear,6.574,8.315,0.00,12.06,world
160.63,2026-08-30 02:08:35,11.06,0.90,-7.90,-153.1,grandpas_village,14.38,clear,7.636,9.182,0.00,12.06,world
161.13,2026-08-30 02:08:35,11.06,0.90,-7.90,-153.1,grandpas_village,14.40,clear,7.636,9.182,0.00,12.06,world
161.63,2026-08-30 02:08:36,11.06,0.90,-7.90,-153.1,grandpas_village,14.42,clear,7.641,8.841,0.00,12.06,world
162.13,2026-08-30 02:08:36,11.06,0.90,-7.90,-153.1,grandpas_village,14.44,clear,7.641,8.841,0.00,12.06,world
162.63,2026-08-30 02:08:37,11.06,0.90,-7.90,-153.1,grandpas_village,14.46,clear,9.193,9.895,0.00,12.06,world
163.13,2026-08-30 02:08:37,11.06,0.90,-7.90,-153.1,grandpas_village,14.48,clear,9.193,9.895,0.00,12.06,world
163.63,2026-08-30 02:08:38,11.06,0.90,-7.90,-153.1,grandpas_village,14.50,clear,11.378,9.473,0.00,12.06,world
164.13,2026-08-30 02:08:38,11.06,0.90,-7.90,-153.1,grandpas_village,14.52,clear,11.378,9.473,0.00,12.06,world
164.63,2026-08-30 02:08:39,11.06,0.90,-7.90,-153.1,grandpas_village,14.54,clear,8.049,9.561,0.00,12.06,world
165.13,2026-08-30 02:08:39,11.06,0.90,-7.90,-153.1,grandpas_village,14.56,clear,8.049,9.561,0.00,12.06,world
165.63,2026-08-30 02:08:40,11.06,0.90,-7.90,-153.1,grandpas_village,14.58,clear,9.236,9.830,0.00,12.06,world
166.13,2026-08-30 02:08:40,11.06,0.90,-7.90,-153.1,grandpas_village,14.60,clear,9.236,9.830,0.00,12.06,world
166.63,2026-08-30 02:08:41,11.06,0.90,-7.90,-153.1,grandpas_village,14.62,clear,7.827,8.323,0.00,12.06,world
167.13,2026-08-30 02:08:41,11.06,0.90,-7.90,-153.1,grandpas_village,14.64,clear,7.827,8.323,0.00,12.06,world
167.63,2026-08-30 02:08:42,11.06,0.90,-7.90,-153.1,grandpas_village,14.66,clear,10.892,10.051,0.00,12.06,world
168.13,2026-08-30 02:08:42,11.06,0.90,-7.90,-153.1,grandpas_village,14.68,clear,10.892,10.051,0.00,12.06,world
168.63,2026-08-30 02:08:43,11.06,0.90,-7.90,-153.1,grandpas_village,14.70,clear,6.361,10.829,0.00,12.06,world
169.13,2026-08-30 02:08:43,11.06,0.90,-7.90,-153.1,grandpas_village,14.72,clear,6.361,10.829,0.00,12.06,world
169.63,2026-08-30 02:08:44,11.06,0.90,-7.90,-153.1,grandpas_village,14.74,clear,5.832,10.226,0.00,12.06,world
170.13,2026-08-30 02:08:44,11.06,0.90,-7.90,-153.1,grandpas_village,14.76,clear,5.832,10.226,0.00,12.06,world
170.63,2026-08-30 02:08:45,11.06,0.90,-7.90,-153.1,grandpas_village,14.78,clear,5.519,8.324,0.00,12.06,world
171.13,2026-08-30 02:08:45,11.06,0.90,-7.90,-153.1,grandpas_village,14.80,clear,5.519,8.324,0.00,12.06,world
171.63,2026-08-30 02:08:46,11.06,0.90,-7.90,-153.1,grandpas_village,14.82,clear,6.056,8.351,0.00,12.06,world
172.13,2026-08-30 02:08:46,11.06,0.90,-7.90,-153.1,grandpas_village,14.84,clear,6.056,8.351,0.00,12.06,world
172.63,2026-08-30 02:08:47,11.06,0.90,-7.90,-153.1,grandpas_village,14.86,clear,6.075,7.957,0.00,12.06,world
173.13,2026-08-30 02:08:47,11.06,0.90,-7.90,-153.1,grandpas_village,14.88,clear,6.075,7.957,0.00,12.06,world
173.63,2026-08-30 02:08:48,11.06,0.90,-7.90,-153.1,grandpas_village,14.90,clear,5.698,8.006,0.00,12.06,world
174.13,2026-08-30 02:08:48,11.06,0.90,-7.90,-153.1,grandpas_village,14.92,clear,5.698,8.006,0.00,12.06,world
174.63,2026-08-30 02:08:49,11.06,0.90,-7.90,-153.1,grandpas_village,14.94,clear,6.720,7.794,0.00,12.06,world
175.13,2026-08-30 02:08:49,11.06,0.90,-7.90,-153.1,grandpas_village,14.96,clear,6.720,7.794,0.00,12.06,world
175.63,2026-08-30 02:08:50,11.06,0.90,-7.90,-153.1,grandpas_village,14.98,clear,5.983,7.860,0.00,12.06,world
176.13,2026-08-30 02:08:50,11.06,0.90,-7.90,-153.1,grandpas_village,15.00,clear,5.983,7.860,0.00,12.06,world
176.63,2026-08-30 02:08:51,11.06,0.90,-7.90,-153.1,grandpas_village,15.02,clear,5.615,9.209,0.00,12.06,world
177.13,2026-08-30 02:08:51,11.06,0.90,-7.90,-153.1,grandpas_village,15.04,clear,5.615,9.209,0.00,12.06,world
177.63,2026-08-30 02:08:52,11.06,0.90,-7.90,-153.1,grandpas_village,15.06,clear,6.747,8.181,0.00,12.06,world
178.13,2026-08-30 02:08:52,11.06,0.90,-7.90,-153.1,grandpas_village,15.08,clear,6.747,8.181,0.00,12.06,world
178.63,2026-08-30 02:08:53,11.06,0.90,-7.90,-153.1,grandpas_village,15.10,clear,6.729,9.868,0.00,12.06,world
179.13,2026-08-30 02:08:53,11.06,0.90,-7.90,-153.1,grandpas_village,15.12,clear,6.729,9.868,0.00,12.06,world
179.63,2026-08-30 02:08:54,11.06,0.90,-7.90,-153.1,grandpas_village,15.14,clear,7.688,9.500,0.00,12.06,world
180.13,2026-08-30 02:08:54,11.06,0.90,-7.90,-153.1,grandpas_village,15.16,clear,7.688,9.500,0.00,12.06,world
180.63,2026-08-30 02:08:55,11.06,0.90,-7.90,-153.1,grandpas_village,15.18,clear,33.024,8.100,0.00,12.06,world
181.13,2026-08-30 02:08:55,11.06,0.90,-7.90,-153.1,grandpas_village,15.20,clear,33.024,8.100,0.00,12.06,world
181.63,2026-08-30 02:08:56,11.06,0.90,-7.90,-153.1,grandpas_village,15.22,clear,7.860,8.711,0.00,12.06,world
182.13,2026-08-30 02:08:56,11.06,0.90,-7.90,-153.1,grandpas_village,15.23,clear,7.860,8.711,0.00,12.06,menu_map
182.72,2026-08-30 02:08:57,11.06,0.90,-7.90,-153.1,grandpas_village,15.23,clear,262.170,59.493,0.00,12.06,world
183.22,2026-08-30 02:08:57,11.04,0.90,-7.97,-159.3,grandpas_village,15.24,clear,262.170,59.493,0.00,12.04,world
183.72,2026-08-30 02:08:58,10.64,0.90,-8.72,-96.3,grandpas_village,15.26,clear,249.972,9.648,0.00,11.86,world
184.22,2026-08-30 02:08:58,10.29,0.90,-8.62,110.6,grandpas_village,15.28,clear,249.972,9.648,0.00,12.20,world
184.72,2026-08-30 02:08:59,12.71,0.90,-9.25,104.6,grandpas_village,15.30,clear,8.658,8.498,0.00,9.94,world
185.22,2026-08-30 02:08:59,12.89,0.90,-10.56,-138.0,grandpas_village,15.32,clear,8.658,8.498,0.00,8.95,world
185.72,2026-08-30 02:09:00,11.22,0.90,-12.42,-138.0,grandpas_village,15.34,clear,10.458,9.505,0.00,9.48,world
186.23,2026-08-30 02:09:00,9.80,0.90,-14.00,-138.0,grandpas_village,15.36,clear,10.458,9.505,0.00,8.30,narrative_modal
186.78,2026-08-30 02:09:01,9.80,0.90,-14.00,-138.0,grandpas_village,15.39,clear,10.477,17.129,0.00,8.30,narrative_modal
187.35,2026-08-30 02:09:02,9.80,0.90,-14.00,-138.0,grandpas_village,15.41,clear,10.314,9.993,0.00,8.30,narrative_modal
187.90,2026-08-30 02:09:02,9.80,0.90,-14.00,-138.0,grandpas_village,15.43,clear,10.314,9.993,0.00,8.30,world
188.42,2026-08-30 02:09:03,9.80,0.90,-14.00,-138.0,grandpas_village,15.45,clear,9.958,10.073,0.00,8.30,narrative_modal
189.00,2026-08-30 02:09:03,9.80,0.90,-14.00,-138.0,grandpas_village,15.48,clear,9.958,10.073,0.00,8.30,narrative_modal
189.50,2026-08-30 02:09:04,9.80,0.90,-14.00,-138.0,grandpas_village,15.50,clear,9.899,10.633,0.00,8.30,narrative_modal
190.00,2026-08-30 02:09:04,9.80,0.90,-14.00,-138.0,grandpas_village,15.52,clear,9.899,10.633,0.00,8.30,narrative_modal
190.50,2026-08-30 02:09:05,9.80,0.90,-14.00,-138.0,grandpas_village,15.54,clear,7.449,9.055,0.00,8.30,narrative_modal
191.00,2026-08-30 02:09:05,9.80,0.90,-14.00,-138.0,grandpas_village,15.56,clear,7.449,9.055,0.00,8.30,narrative_modal
191.50,2026-08-30 02:09:06,10.16,0.90,-14.45,142.2,grandpas_village,15.58,clear,6.290,8.396,0.00,7.77,world
192.00,2026-08-30 02:09:06,11.69,0.90,-16.43,142.2,grandpas_village,15.60,clear,6.290,8.396,0.00,5.58,world
192.50,2026-08-30 02:09:07,13.09,0.90,-17.79,142.7,grandpas_village,15.62,clear,11.406,9.639,0.00,4.35,world
193.00,2026-08-30 02:09:07,14.60,0.90,-19.78,142.7,grandpas_village,15.64,clear,11.406,9.639,0.00,3.42,world
193.50,2026-08-30 02:09:08,16.12,0.90,-21.77,142.7,grandpas_village,15.66,clear,11.521,49.089,0.00,4.12,world
194.00,2026-08-30 02:09:08,17.63,0.90,-23.76,142.7,grandpas_village,15.68,clear,11.521,49.089,0.00,4.55,world
194.50,2026-08-30 02:09:09,19.10,0.90,-25.77,142.6,grandpas_village,15.70,clear,11.740,8.679,0.00,3.82,world
195.00,2026-08-30 02:09:09,20.54,0.84,-27.82,142.2,grandpas_village,15.72,clear,11.740,8.679,0.00,4.54,world
195.50,2026-08-30 02:09:10,22.07,0.72,-29.83,142.0,grandpas_village,15.74,clear,9.846,9.254,0.00,4.17,world
196.00,2026-08-30 02:09:10,23.64,0.58,-31.84,142.1,grandpas_village,15.76,clear,9.846,9.254,0.00,2.71,world
196.50,2026-08-30 02:09:11,25.20,0.47,-33.84,142.1,grandpas_village,15.78,clear,8.997,8.201,0.00,3.21,world
197.00,2026-08-30 02:09:11,26.76,0.40,-35.83,142.1,grandpas_village,15.80,clear,8.997,8.201,0.00,5.10,world
197.50,2026-08-30 02:09:13,28.60,0.24,-37.47,116.7,grandpas_village,15.81,clear,8.787,1021.777,0.00,6.74,world
198.00,2026-08-30 02:09:13,36.99,-1.71,-34.92,-164.4,grandpas_village,15.84,clear,8.787,1021.777,0.00,1.48,combat
198.50,2026-08-30 02:09:14,36.99,-1.71,-34.92,-164.4,grandpas_village,15.86,clear,13.891,12.896,0.00,1.48,combat
199.00,2026-08-30 02:09:14,36.99,-1.71,-34.92,-164.4,grandpas_village,15.88,clear,13.891,12.896,0.00,1.48,combat
199.50,2026-08-30 02:09:15,36.99,-1.71,-34.92,-164.4,grandpas_village,15.90,clear,9.534,8.952,0.00,1.48,combat
200.00,2026-08-30 02:09:15,36.99,-1.71,-34.92,-164.4,grandpas_village,15.92,clear,9.534,8.952,0.00,1.48,combat
200.50,2026-08-30 02:09:16,36.99,-1.71,-34.92,-164.4,grandpas_village,15.94,clear,9.757,10.509,0.00,1.48,combat
201.00,2026-08-30 02:09:16,36.99,-1.71,-34.92,-164.4,grandpas_village,15.96,clear,9.757,10.509,0.00,1.48,combat
201.65,2026-08-30 02:09:17,36.99,-1.71,-34.92,-164.4,grandpas_village,15.98,clear,10.680,10.410,0.00,1.48,combat
202.40,2026-08-30 02:09:17,36.99,-1.71,-34.92,-164.4,grandpas_village,16.01,clear,9.436,10.376,0.00,1.48,combat
203.27,2026-08-30 02:09:18,36.99,-1.71,-34.92,-164.4,grandpas_village,16.05,clear,9.436,10.376,0.00,1.48,combat
203.97,2026-08-30 02:09:19,36.99,-1.71,-34.92,-164.4,grandpas_village,16.07,clear,12.253,10.090,0.00,1.48,combat
204.62,2026-08-30 02:09:20,36.99,-1.71,-34.92,-164.4,grandpas_village,16.10,clear,9.790,10.965,0.00,1.48,combat
205.25,2026-08-30 02:09:20,36.99,-1.71,-34.92,-164.4,grandpas_village,16.13,clear,9.790,10.965,0.00,1.48,combat
205.90,2026-08-30 02:09:21,36.99,-1.71,-34.92,-164.4,grandpas_village,16.15,clear,10.932,10.818,0.00,1.48,combat
206.45,2026-08-30 02:09:22,36.99,-1.71,-34.92,-164.4,grandpas_village,16.17,clear,10.024,8.404,0.00,1.48,world
207.22,2026-08-30 02:09:23,36.99,-1.71,-34.92,-164.4,grandpas_village,16.20,clear,10.698,510.736,0.00,1.48,world
207.88,2026-08-30 02:09:23,36.99,-1.71,-34.92,-164.4,grandpas_village,16.23,clear,10.698,510.736,0.00,1.48,world
208.38,2026-08-30 02:09:24,36.99,-1.71,-34.92,-164.4,grandpas_village,16.25,clear,10.098,9.389,0.00,1.48,world
208.88,2026-08-30 02:09:24,36.99,-1.71,-34.92,-164.4,grandpas_village,16.27,clear,10.098,9.389,0.00,1.48,world
209.38,2026-08-30 02:09:25,36.99,-1.71,-34.92,-164.4,grandpas_village,16.29,clear,12.644,10.418,0.00,1.48,world
209.88,2026-08-30 02:09:25,36.99,-1.71,-34.92,-164.4,grandpas_village,16.31,clear,12.644,10.418,0.00,1.48,world
210.38,2026-08-30 02:09:26,36.99,-1.71,-34.92,-164.4,grandpas_village,16.33,clear,11.710,12.547,0.00,1.48,world
210.88,2026-08-30 02:09:26,36.99,-1.71,-34.92,-164.4,grandpas_village,16.35,clear,11.710,12.547,0.00,1.48,world
211.38,2026-08-30 02:09:27,36.99,-1.71,-34.92,-164.4,grandpas_village,16.37,clear,12.904,9.715,0.00,1.48,world
211.88,2026-08-30 02:09:27,36.99,-1.71,-34.92,-164.4,grandpas_village,16.39,clear,12.904,9.715,0.00,1.48,world
212.38,2026-08-30 02:09:28,36.99,-1.71,-34.92,-164.4,grandpas_village,16.41,clear,9.998,9.057,0.00,1.48,world
212.88,2026-08-30 02:09:28,36.99,-1.71,-34.92,-164.4,grandpas_village,16.43,clear,9.998,9.057,0.00,1.48,world
213.38,2026-08-30 02:09:29,36.99,-1.71,-34.92,-164.4,grandpas_village,16.45,clear,8.942,8.712,0.00,1.48,world
213.88,2026-08-30 02:09:29,36.99,-1.71,-34.92,-164.4,grandpas_village,16.47,clear,8.942,8.712,0.00,1.48,world
214.38,2026-08-30 02:09:30,36.99,-1.71,-34.92,-164.4,grandpas_village,16.49,clear,10.535,9.116,0.00,1.48,world
214.88,2026-08-30 02:09:31,35.68,-1.31,-35.68,-120.0,grandpas_village,16.51,clear,9.305,619.095,0.00,2.34,world
215.38,2026-08-30 02:09:31,35.62,-1.29,-35.71,-120.0,grandpas_village,16.53,clear,9.305,619.095,0.00,2.39,world
215.88,2026-08-30 02:09:32,35.62,-1.29,-35.71,-120.0,grandpas_village,16.55,clear,10.036,9.084,0.00,2.39,world
216.38,2026-08-30 02:09:32,35.62,-1.29,-35.71,-120.0,grandpas_village,16.57,clear,10.036,9.084,0.00,2.39,world
216.88,2026-08-30 02:09:33,35.62,-1.29,-35.71,-120.0,grandpas_village,16.59,clear,9.561,9.080,0.00,2.39,world
217.38,2026-08-30 02:09:33,35.62,-1.29,-35.71,-120.0,grandpas_village,16.61,clear,9.561,9.080,0.00,2.39,world
217.88,2026-08-30 02:09:34,35.62,-1.29,-35.71,-120.0,grandpas_village,16.63,clear,9.558,8.876,0.00,2.39,world
218.58,2026-08-30 02:09:35,35.62,-1.29,-35.71,-120.0,grandpas_village,16.66,clear,7.875,7.373,0.00,2.39,world
219.15,2026-08-30 02:09:35,35.62,-1.29,-35.71,-120.0,grandpas_village,16.68,clear,7.875,7.373,0.00,2.39,world
219.67,2026-08-30 02:09:36,35.62,-1.29,-35.71,-120.0,grandpas_village,16.70,clear,8.970,7.989,0.00,2.39,world
220.17,2026-08-30 02:09:36,35.62,-1.29,-35.71,-120.0,grandpas_village,16.72,clear,8.970,7.989,0.00,2.39,world
220.68,2026-08-30 02:09:37,35.62,-1.29,-35.71,-120.0,grandpas_village,16.74,clear,8.488,8.705,0.00,2.39,world
221.25,2026-08-30 02:09:37,35.62,-1.29,-35.71,-120.0,grandpas_village,16.77,clear,8.488,8.705,0.00,2.39,world
221.83,2026-08-30 02:09:38,35.62,-1.29,-35.71,-120.0,grandpas_village,16.79,clear,8.775,8.080,0.00,2.39,world
222.37,2026-08-30 02:09:38,35.62,-1.29,-35.71,-120.0,grandpas_village,16.81,clear,8.775,8.080,0.00,2.39,world
222.87,2026-08-30 02:09:39,35.62,-1.29,-35.71,-120.0,grandpas_village,16.83,clear,9.726,8.679,0.00,2.39,world
223.37,2026-08-30 02:09:39,35.62,-1.29,-35.71,-120.0,grandpas_village,16.85,clear,9.726,8.679,0.00,2.39,world
223.87,2026-08-30 02:09:40,35.62,-1.29,-35.71,-120.0,grandpas_village,16.87,clear,7.839,7.844,0.00,2.39,world
224.37,2026-08-30 02:09:40,35.62,-1.29,-35.71,-120.0,grandpas_village,16.89,clear,7.839,7.844,0.00,2.39,world
224.87,2026-08-30 02:09:41,35.62,-1.29,-35.71,-120.0,grandpas_village,16.91,clear,10.288,8.733,0.00,2.39,world
225.37,2026-08-30 02:09:41,35.62,-1.29,-35.71,-120.0,grandpas_village,16.93,clear,10.288,8.733,0.00,2.39,world
225.87,2026-08-30 02:09:42,35.62,-1.29,-35.71,-120.0,grandpas_village,16.95,clear,11.158,9.721,0.00,2.39,world
226.37,2026-08-30 02:09:42,35.62,-1.29,-35.71,-120.0,grandpas_village,16.97,clear,11.158,9.721,0.00,2.39,world
226.87,2026-08-30 02:09:43,35.62,-1.29,-35.71,-120.0,grandpas_village,16.99,clear,9.940,8.916,0.00,2.39,world
227.37,2026-08-30 02:09:43,35.62,-1.29,-35.71,-120.0,grandpas_village,17.01,clear,9.940,8.916,0.00,2.39,world
227.87,2026-08-30 02:09:44,35.62,-1.29,-35.71,-120.0,grandpas_village,17.03,clear,10.214,8.884,0.00,2.39,world
228.37,2026-08-30 02:09:44,35.62,-1.29,-35.71,-120.0,grandpas_village,17.05,clear,10.214,8.884,0.00,2.39,world
228.87,2026-08-30 02:09:45,35.62,-1.29,-35.71,-120.0,grandpas_village,17.07,clear,9.717,8.883,0.00,2.39,world
229.37,2026-08-30 02:09:46,35.62,-1.29,-35.71,-120.0,grandpas_village,17.09,clear,9.717,8.883,0.00,2.39,world
229.87,2026-08-30 02:09:46,35.62,-1.29,-35.71,-120.0,grandpas_village,17.11,clear,10.473,629.130,0.00,2.39,world
230.37,2026-08-30 02:09:47,35.62,-1.29,-35.71,-120.0,grandpas_village,17.13,clear,8.993,8.565,0.00,2.39,world
230.87,2026-08-30 02:09:47,35.62,-1.29,-35.71,-120.0,grandpas_village,17.15,clear,8.993,8.565,0.00,2.39,world
231.37,2026-08-30 02:09:48,35.62,-1.29,-35.71,-120.0,grandpas_village,17.17,clear,9.130,8.670,0.00,2.39,world
231.87,2026-08-30 02:09:48,35.62,-1.29,-35.71,-120.0,grandpas_village,17.19,clear,9.130,8.670,0.00,2.39,world
232.62,2026-08-30 02:09:49,35.62,-1.29,-35.71,-120.0,grandpas_village,17.22,clear,12.665,8.892,0.00,2.39,world
233.28,2026-08-30 02:09:50,35.62,-1.29,-35.71,-120.0,grandpas_village,17.25,clear,11.052,8.291,0.00,2.39,world
233.80,2026-08-30 02:09:50,35.62,-1.29,-35.71,-120.0,grandpas_village,17.27,clear,11.052,8.291,0.00,2.39,world
234.37,2026-08-30 02:09:51,35.62,-1.29,-35.71,-120.0,grandpas_village,17.29,clear,10.232,8.819,0.00,2.39,world
235.05,2026-08-30 02:09:52,35.62,-1.29,-35.71,-120.0,grandpas_village,17.32,clear,10.137,8.158,0.00,2.39,world
235.70,2026-08-30 02:09:52,35.62,-1.29,-35.71,-120.0,grandpas_village,17.34,clear,10.137,8.158,0.00,2.39,world
236.40,2026-08-30 02:09:53,35.62,-1.29,-35.71,-120.0,grandpas_village,17.37,clear,11.974,8.516,0.00,2.39,world
237.07,2026-08-30 02:09:54,35.62,-1.29,-35.71,-120.0,grandpas_village,17.40,clear,10.556,9.869,0.00,2.39,world
237.67,2026-08-30 02:09:54,35.62,-1.29,-35.71,-120.0,grandpas_village,17.42,clear,10.556,9.869,0.00,2.39,world
238.27,2026-08-30 02:09:55,35.62,-1.29,-35.71,-120.0,grandpas_village,17.45,clear,11.228,8.528,0.00,2.39,world
238.78,2026-08-30 02:09:55,35.62,-1.29,-35.71,-120.0,grandpas_village,17.47,clear,11.228,8.528,0.00,2.39,world
239.28,2026-08-30 02:09:56,35.62,-1.29,-35.71,-120.0,grandpas_village,17.49,clear,10.591,9.736,0.00,2.39,world
239.78,2026-08-30 02:09:56,35.62,-1.29,-35.71,-120.0,grandpas_village,17.51,clear,10.591,9.736,0.00,2.39,world
240.28,2026-08-30 02:09:57,35.62,-1.29,-35.71,-120.0,grandpas_village,17.53,clear,8.565,8.031,0.00,2.39,world
240.78,2026-08-30 02:09:57,35.62,-1.29,-35.71,-120.0,grandpas_village,17.55,clear,8.565,8.031,0.00,2.39,world
241.28,2026-08-30 02:09:58,35.62,-1.29,-35.71,-120.0,grandpas_village,17.57,clear,7.869,8.121,0.00,2.39,world
241.78,2026-08-30 02:09:58,35.62,-1.29,-35.71,-120.0,grandpas_village,17.59,clear,7.869,8.121,0.00,2.39,world
242.28,2026-08-30 02:09:59,35.62,-1.29,-35.71,-120.0,grandpas_village,17.61,clear,8.467,8.468,0.00,2.39,world
242.78,2026-08-30 02:09:59,35.62,-1.29,-35.71,-120.0,grandpas_village,17.63,clear,8.467,8.468,0.00,2.39,world
243.28,2026-08-30 02:10:00,35.62,-1.29,-35.71,-120.0,grandpas_village,17.65,clear,9.170,8.125,0.00,2.39,world
243.78,2026-08-30 02:10:00,35.62,-1.29,-35.71,-120.0,grandpas_village,17.67,clear,9.170,8.125,0.00,2.39,world
244.28,2026-08-30 02:10:01,35.62,-1.29,-35.71,-120.0,grandpas_village,17.69,clear,9.419,7.926,0.00,2.39,world
244.80,2026-08-30 02:10:02,35.62,-1.29,-35.71,-120.0,grandpas_village,17.71,clear,9.419,7.926,0.00,2.39,world
245.30,2026-08-30 02:10:02,35.62,-1.29,-35.71,-120.0,grandpas_village,17.73,clear,9.606,646.446,0.00,2.39,world
245.80,2026-08-30 02:10:03,35.62,-1.29,-35.71,-120.0,grandpas_village,17.75,clear,9.480,11.006,0.00,2.39,world
246.30,2026-08-30 02:10:03,35.62,-1.29,-35.71,-120.0,grandpas_village,17.77,clear,9.480,11.006,0.00,2.39,world
246.80,2026-08-30 02:10:04,35.62,-1.29,-35.71,-120.0,grandpas_village,17.79,clear,9.467,8.063,0.00,2.39,world
247.30,2026-08-30 02:10:04,35.62,-1.29,-35.71,-120.0,grandpas_village,17.81,clear,9.467,8.063,0.00,2.39,world
247.80,2026-08-30 02:10:05,35.62,-1.29,-35.71,-120.0,grandpas_village,17.83,clear,9.976,8.244,0.00,2.39,world
248.38,2026-08-30 02:10:05,35.62,-1.29,-35.71,-120.0,grandpas_village,17.85,clear,9.976,8.244,0.00,2.39,world
248.92,2026-08-30 02:10:06,35.62,-1.29,-35.71,-120.0,grandpas_village,17.87,clear,8.734,8.355,0.00,2.39,world
249.43,2026-08-30 02:10:06,35.62,-1.29,-35.71,-120.0,grandpas_village,17.89,clear,8.734,8.355,0.00,2.39,world
250.07,2026-08-30 02:10:07,35.62,-1.29,-35.71,-120.0,grandpas_village,17.92,clear,8.692,8.383,0.00,2.39,world
250.65,2026-08-30 02:10:08,35.62,-1.29,-35.71,-120.0,grandpas_village,17.94,clear,10.097,9.057,0.00,2.39,world
251.15,2026-08-30 02:10:08,35.62,-1.29,-35.71,-120.0,grandpas_village,17.96,clear,10.097,9.057,0.00,2.39,world
251.65,2026-08-30 02:10:09,35.62,-1.29,-35.71,-120.0,grandpas_village,17.98,clear,8.019,8.600,0.00,2.39,world
252.40,2026-08-30 02:10:09,35.62,-1.29,-35.71,-120.0,grandpas_village,18.01,clear,8.019,8.600,0.00,2.39,world
252.90,2026-08-30 02:10:10,35.62,-1.29,-35.71,-120.0,grandpas_village,18.03,clear,8.070,8.570,0.00,2.39,world
253.45,2026-08-30 02:10:10,39.40,-1.54,-41.84,-75.7,grandpas_village,18.05,clear,8.070,8.570,0.00,6.01,combat
253.95,2026-08-30 02:10:11,39.40,-1.54,-41.84,-75.7,grandpas_village,18.07,clear,12.662,11.486,0.00,6.01,combat
254.45,2026-08-30 02:10:11,39.40,-1.54,-41.84,-75.7,grandpas_village,18.09,clear,12.662,11.486,0.00,6.01,combat
254.95,2026-08-30 02:10:12,39.40,-1.54,-41.84,-75.7,grandpas_village,18.11,clear,10.131,9.478,0.00,6.01,combat
255.45,2026-08-30 02:10:12,39.40,-1.54,-41.84,-75.7,grandpas_village,18.13,clear,10.131,9.478,0.00,6.01,combat
255.95,2026-08-30 02:10:13,39.40,-1.54,-41.84,-75.7,grandpas_village,18.15,clear,11.006,12.256,0.00,6.01,combat
256.45,2026-08-30 02:10:13,39.40,-1.54,-41.84,-75.7,grandpas_village,18.17,clear,11.006,12.256,0.00,6.01,combat
256.95,2026-08-30 02:10:14,39.40,-1.54,-41.84,-75.7,grandpas_village,18.19,clear,13.090,9.224,0.00,6.01,combat
257.45,2026-08-30 02:10:14,39.40,-1.54,-41.84,-75.7,grandpas_village,18.21,clear,13.090,9.224,0.00,6.01,combat
257.95,2026-08-30 02:10:15,39.40,-1.54,-41.84,-75.7,grandpas_village,18.23,clear,10.213,9.618,0.00,6.01,combat
258.45,2026-08-30 02:10:15,39.40,-1.54,-41.84,-75.7,grandpas_village,18.25,clear,10.213,9.618,0.00,6.01,combat
258.95,2026-08-30 02:10:16,39.40,-1.54,-41.84,-75.7,grandpas_village,18.27,clear,11.440,10.277,0.00,6.01,combat
259.45,2026-08-30 02:10:17,39.40,-1.54,-41.84,-75.7,grandpas_village,18.29,clear,11.440,10.277,0.00,6.01,combat
259.95,2026-08-30 02:10:17,39.40,-1.54,-41.84,-75.7,grandpas_village,18.31,clear,10.771,622.443,0.00,6.01,combat
260.45,2026-08-30 02:10:18,39.40,-1.54,-41.84,-75.7,grandpas_village,18.33,clear,9.313,8.081,0.00,6.01,combat
260.95,2026-08-30 02:10:18,39.40,-1.54,-41.84,-75.7,grandpas_village,18.35,clear,9.313,8.081,0.00,6.01,combat
261.45,2026-08-30 02:10:19,39.40,-1.54,-41.84,-75.7,grandpas_village,18.37,clear,13.454,10.025,0.00,6.01,combat
261.95,2026-08-30 02:10:19,39.40,-1.54,-41.84,-75.7,grandpas_village,18.39,clear,13.454,10.025,0.00,5.46,combat
262.45,2026-08-30 02:10:20,39.40,-1.54,-41.84,-75.7,grandpas_village,18.41,clear,9.678,8.917,0.00,5.26,combat
262.95,2026-08-30 02:10:20,39.40,-1.54,-41.84,-75.7,grandpas_village,18.43,clear,9.678,8.917,0.00,5.30,combat
263.45,2026-08-30 02:10:21,39.40,-1.54,-41.84,-75.7,grandpas_village,18.45,clear,11.575,10.459,0.00,5.32,combat
263.95,2026-08-30 02:10:21,39.40,-1.54,-41.84,-75.7,grandpas_village,18.47,clear,11.575,10.459,0.00,6.01,combat
264.45,2026-08-30 02:10:22,39.40,-1.54,-41.84,-75.7,grandpas_village,18.49,clear,12.250,8.399,0.00,6.01,combat
264.95,2026-08-30 02:10:22,39.40,-1.54,-41.84,-75.7,grandpas_village,18.51,clear,12.250,8.399,0.00,6.01,combat
265.45,2026-08-30 02:10:23,39.40,-1.54,-41.84,-75.7,grandpas_village,18.53,clear,10.118,9.311,0.00,6.01,combat
265.95,2026-08-30 02:10:23,39.40,-1.54,-41.84,-75.7,grandpas_village,18.55,clear,10.118,9.311,0.00,6.01,combat
266.45,2026-08-30 02:10:24,39.40,-1.54,-41.84,-75.7,grandpas_village,18.57,clear,12.296,11.444,0.00,5.70,combat
266.95,2026-08-30 02:10:24,39.40,-1.54,-41.84,-75.7,grandpas_village,18.59,clear,12.296,11.444,0.00,4.82,combat
267.45,2026-08-30 02:10:25,39.40,-1.54,-41.84,-75.7,grandpas_village,18.61,clear,11.115,12.924,0.00,4.60,combat
267.95,2026-08-30 02:10:25,39.40,-1.54,-41.84,-75.7,grandpas_village,18.63,clear,11.115,12.924,0.00,4.86,combat
268.45,2026-08-30 02:10:26,39.40,-1.54,-41.84,-75.7,grandpas_village,18.65,clear,11.079,9.825,0.00,4.90,combat
268.95,2026-08-30 02:10:26,39.40,-1.54,-41.84,-75.7,grandpas_village,18.67,clear,11.079,9.825,0.00,6.01,combat
269.45,2026-08-30 02:10:27,39.40,-1.54,-41.84,-75.7,grandpas_village,18.69,clear,11.909,9.229,0.00,6.01,combat
269.95,2026-08-30 02:10:27,39.40,-1.54,-41.84,-75.7,grandpas_village,18.71,clear,11.909,9.229,0.00,6.01,combat
270.45,2026-08-30 02:10:28,39.40,-1.54,-41.84,-75.7,grandpas_village,18.73,clear,8.546,8.055,0.00,5.89,combat
270.95,2026-08-30 02:10:28,39.40,-1.54,-41.84,-75.7,grandpas_village,18.75,clear,8.546,8.055,0.00,5.75,combat
271.45,2026-08-30 02:10:29,39.40,-1.54,-41.84,-75.7,grandpas_village,18.77,clear,11.533,10.549,0.00,6.01,combat
271.95,2026-08-30 02:10:29,39.40,-1.54,-41.84,-75.7,grandpas_village,18.79,clear,11.533,10.549,0.00,6.01,combat
272.45,2026-08-30 02:10:30,39.40,-1.54,-41.84,-75.7,grandpas_village,18.81,clear,10.378,8.911,0.00,6.01,combat
272.95,2026-08-30 02:10:30,39.40,-1.54,-41.84,-75.7,grandpas_village,18.83,clear,10.378,8.911,0.00,5.55,combat
273.45,2026-08-30 02:10:31,39.40,-1.54,-41.84,-75.7,grandpas_village,18.85,clear,11.125,11.247,0.00,5.75,combat
273.95,2026-08-30 02:10:31,39.40,-1.54,-41.84,-75.7,grandpas_village,18.87,clear,11.125,11.247,0.00,6.01,combat
274.45,2026-08-30 02:10:32,39.40,-1.54,-41.84,-75.7,grandpas_village,18.89,clear,11.298,9.341,0.00,6.01,combat
274.95,2026-08-30 02:10:32,39.40,-1.54,-41.84,-75.7,grandpas_village,18.91,clear,11.298,9.341,0.00,6.01,combat
275.45,2026-08-30 02:10:33,39.40,-1.54,-41.84,-75.7,grandpas_village,18.93,clear,10.093,8.769,0.00,4.82,combat
275.95,2026-08-30 02:10:33,39.40,-1.54,-41.84,-75.7,grandpas_village,18.95,clear,10.093,8.769,0.00,4.99,combat
276.45,2026-08-30 02:10:34,39.40,-1.54,-41.84,-75.7,grandpas_village,18.97,clear,11.773,9.395,0.00,6.01,combat
276.95,2026-08-30 02:10:34,39.40,-1.54,-41.84,-75.7,grandpas_village,18.99,clear,11.773,9.395,0.00,6.01,combat
277.45,2026-08-30 02:10:35,39.40,-1.54,-41.84,-75.7,grandpas_village,19.01,clear,11.055,9.181,0.00,6.01,combat
277.95,2026-08-30 02:10:35,39.40,-1.54,-41.84,-75.7,grandpas_village,19.03,clear,11.055,9.181,0.00,4.84,combat
278.45,2026-08-30 02:10:36,39.40,-1.54,-41.84,-75.7,grandpas_village,19.05,clear,11.876,9.807,0.00,5.19,combat
278.95,2026-08-30 02:10:36,39.40,-1.54,-41.84,-75.7,grandpas_village,19.07,clear,11.876,9.807,0.00,5.67,combat
279.45,2026-08-30 02:10:37,39.40,-1.54,-41.84,-75.7,grandpas_village,19.09,clear,12.573,11.436,0.00,5.78,combat
279.95,2026-08-30 02:10:37,39.40,-1.54,-41.84,-75.7,grandpas_village,19.11,clear,12.573,11.436,0.00,4.59,combat
280.45,2026-08-30 02:10:38,39.40,-1.54,-41.84,-75.7,grandpas_village,19.13,clear,11.864,10.246,0.00,4.05,combat
280.95,2026-08-30 02:10:38,39.40,-1.54,-41.84,-75.7,grandpas_village,19.15,clear,11.864,10.246,0.00,5.10,combat
281.45,2026-08-30 02:10:39,39.40,-1.54,-41.84,-75.7,grandpas_village,19.17,clear,12.227,11.100,0.00,6.01,combat
281.95,2026-08-30 02:10:39,39.40,-1.54,-41.84,-75.7,grandpas_village,19.19,clear,12.227,11.100,0.00,6.01,combat
282.45,2026-08-30 02:10:40,39.40,-1.54,-41.84,-75.7,grandpas_village,19.21,clear,10.415,9.768,0.00,4.24,combat
282.95,2026-08-30 02:10:40,39.40,-1.54,-41.84,-75.7,grandpas_village,19.23,clear,10.415,9.768,0.00,4.11,combat
283.45,2026-08-30 02:10:41,39.40,-1.54,-41.84,-75.7,grandpas_village,19.25,clear,11.685,10.784,0.00,4.74,combat
283.95,2026-08-30 02:10:41,39.40,-1.54,-41.84,-75.7,grandpas_village,19.27,clear,11.685,10.784,0.00,5.02,combat
284.45,2026-08-30 02:10:42,39.40,-1.54,-41.84,-75.7,grandpas_village,19.29,clear,10.400,8.631,0.00,4.38,combat
284.95,2026-08-30 02:10:42,39.40,-1.54,-41.84,-75.7,grandpas_village,19.31,clear,10.400,8.631,0.00,3.44,combat
285.45,2026-08-30 02:10:43,39.40,-1.54,-41.84,-75.7,grandpas_village,19.33,clear,11.733,10.590,0.00,3.25,combat
285.95,2026-08-30 02:10:43,39.40,-1.54,-41.84,-75.7,grandpas_village,19.35,clear,11.733,10.590,0.00,4.40,combat
286.45,2026-08-30 02:10:44,39.40,-1.54,-41.84,-75.7,grandpas_village,19.37,clear,11.590,9.331,0.00,5.59,combat
286.95,2026-08-30 02:10:44,39.40,-1.54,-41.84,-75.7,grandpas_village,19.39,clear,11.590,9.331,0.00,5.80,combat
287.45,2026-08-30 02:10:45,39.40,-1.54,-41.84,-75.7,grandpas_village,19.41,clear,10.020,9.690,0.00,3.54,combat
287.95,2026-08-30 02:10:45,39.40,-1.54,-41.84,-75.7,grandpas_village,19.43,clear,10.020,9.690,0.00,3.64,combat
288.45,2026-08-30 02:10:46,39.40,-1.54,-41.84,-75.7,grandpas_village,19.45,clear,11.009,10.927,0.00,4.50,combat
288.95,2026-08-30 02:10:46,39.40,-1.54,-41.84,-75.7,grandpas_village,19.47,clear,11.009,10.927,0.00,5.04,combat
289.45,2026-08-30 02:10:47,39.40,-1.54,-41.84,-75.7,grandpas_village,19.49,clear,9.251,9.531,0.00,4.99,combat
289.95,2026-08-30 02:10:47,39.40,-1.54,-41.84,-75.7,grandpas_village,19.51,clear,9.251,9.531,0.00,2.93,combat
290.45,2026-08-30 02:10:48,39.40,-1.54,-41.84,-75.7,grandpas_village,19.53,clear,12.214,10.300,0.00,2.94,combat
290.95,2026-08-30 02:10:48,39.40,-1.54,-41.84,-75.7,grandpas_village,19.55,clear,12.214,10.300,0.00,2.76,combat
291.45,2026-08-30 02:10:49,39.40,-1.54,-41.84,-75.7,grandpas_village,19.57,clear,12.583,9.472,0.00,2.25,combat
291.95,2026-08-30 02:10:49,39.40,-1.54,-41.84,-75.7,grandpas_village,19.59,clear,12.583,9.472,0.00,2.20,combat
292.45,2026-08-30 02:10:50,39.40,-1.54,-41.84,-75.7,grandpas_village,19.61,clear,11.249,11.382,0.00,1.85,combat
292.95,2026-08-30 02:10:50,39.40,-1.54,-41.84,-75.7,grandpas_village,19.63,clear,11.249,11.382,0.00,1.85,combat
293.45,2026-08-30 02:10:51,39.40,-1.54,-41.84,-75.7,grandpas_village,19.65,clear,11.722,9.190,0.00,1.85,combat
293.95,2026-08-30 02:10:52,39.45,-1.48,-43.46,178.5,grandpas_village,19.67,clear,10.591,519.784,0.00,2.87,world
294.45,2026-08-30 02:10:52,39.51,-1.36,-45.81,178.6,grandpas_village,19.69,clear,10.591,519.784,0.00,4.26,world
294.95,2026-08-30 02:10:53,39.52,-1.36,-45.86,178.6,grandpas_village,19.71,clear,6.894,8.204,0.00,4.21,world
295.45,2026-08-30 02:10:53,39.52,-1.36,-45.86,178.6,grandpas_village,19.73,clear,6.894,8.204,0.00,4.21,world
295.95,2026-08-30 02:10:54,39.52,-1.36,-45.86,178.6,grandpas_village,19.75,clear,10.117,9.537,0.00,4.21,world
296.45,2026-08-30 02:10:54,39.52,-1.36,-45.86,178.6,grandpas_village,19.77,clear,10.117,9.537,0.00,4.21,world
296.95,2026-08-30 02:10:55,39.52,-1.36,-45.86,178.6,grandpas_village,19.79,clear,7.516,7.641,0.00,4.21,world
297.65,2026-08-30 02:10:55,39.52,-1.36,-45.86,178.6,grandpas_village,19.82,clear,5.411,8.128,0.00,4.21,world
298.35,2026-08-30 02:10:56,39.52,-1.36,-45.86,178.6,grandpas_village,19.85,clear,5.411,8.128,0.00,4.21,world
299.05,2026-08-30 02:10:57,39.52,-1.36,-45.86,178.6,grandpas_village,19.88,clear,5.720,7.922,0.00,4.21,world
299.75,2026-08-30 02:10:58,39.52,-1.36,-45.86,178.6,grandpas_village,19.91,clear,5.438,8.334,0.00,4.21,world
300.45,2026-08-30 02:10:58,39.52,-1.36,-45.86,178.6,grandpas_village,19.93,clear,5.438,8.334,0.00,4.21,world
301.15,2026-08-30 02:10:59,39.52,-1.36,-45.86,178.6,grandpas_village,19.96,clear,7.203,9.821,0.00,4.21,world
301.65,2026-08-30 02:10:59,39.52,-1.36,-45.86,178.6,grandpas_village,19.98,clear,8.160,8.608,0.00,4.21,world
302.22,2026-08-30 02:11:00,39.52,-1.36,-45.86,178.6,grandpas_village,20.00,clear,8.160,8.608,0.00,4.21,world
302.72,2026-08-30 02:11:01,39.52,-1.36,-45.86,178.6,grandpas_village,20.02,clear,10.663,10.023,0.00,4.21,world
303.22,2026-08-30 02:11:01,39.52,-1.36,-45.86,178.6,grandpas_village,20.04,clear,10.663,10.023,0.00,4.21,world
303.72,2026-08-30 02:11:02,39.52,-1.36,-45.86,178.6,grandpas_village,20.06,clear,9.204,10.301,0.00,4.21,world
304.22,2026-08-30 02:11:02,39.52,-1.36,-45.86,178.6,grandpas_village,20.08,clear,9.204,10.301,0.00,4.21,world
304.72,2026-08-30 02:11:03,39.52,-1.36,-45.86,178.6,grandpas_village,20.10,clear,10.252,10.091,0.00,4.21,world
305.22,2026-08-30 02:11:03,39.52,-1.36,-45.86,178.6,grandpas_village,20.12,clear,10.252,10.091,0.00,4.21,world
305.72,2026-08-30 02:11:04,39.52,-1.36,-45.86,178.6,grandpas_village,20.14,clear,11.423,10.669,0.00,4.21,world
306.22,2026-08-30 02:11:04,39.52,-1.36,-45.86,178.6,grandpas_village,20.16,clear,11.423,10.669,0.00,4.21,world
306.72,2026-08-30 02:11:05,39.52,-1.36,-45.86,178.6,grandpas_village,20.18,clear,11.197,10.784,0.00,4.21,world
307.22,2026-08-30 02:11:05,39.52,-1.36,-45.86,178.6,grandpas_village,20.20,clear,11.197,10.784,0.00,4.21,world
307.72,2026-08-30 02:11:06,39.52,-1.36,-45.86,178.6,grandpas_village,20.22,clear,12.594,10.911,0.00,4.21,world
308.22,2026-08-30 02:11:06,39.52,-1.36,-45.86,178.6,grandpas_village,20.24,clear,12.594,10.911,0.00,4.21,world
308.72,2026-08-30 02:11:07,39.52,-1.36,-45.86,178.6,grandpas_village,20.26,clear,13.552,631.356,0.00,4.21,world
309.22,2026-08-30 02:11:08,39.52,-1.36,-45.86,178.6,grandpas_village,20.28,clear,13.175,12.715,0.00,4.21,world
309.72,2026-08-30 02:11:08,39.52,-1.36,-45.86,178.6,grandpas_village,20.30,clear,13.175,12.715,0.00,4.21,world
310.22,2026-08-30 02:11:09,39.52,-1.36,-45.86,178.6,grandpas_village,20.32,clear,9.628,9.807,0.00,4.21,world
310.72,2026-08-30 02:11:09,39.52,-1.36,-45.86,178.6,grandpas_village,20.34,clear,9.628,9.807,0.00,4.21,world
311.22,2026-08-30 02:11:10,39.52,-1.36,-45.86,178.6,grandpas_village,20.36,clear,10.686,10.732,0.00,4.21,world
311.93,2026-08-30 02:11:10,39.52,-1.36,-45.86,178.6,grandpas_village,20.39,clear,10.686,10.732,0.00,4.21,world
312.58,2026-08-30 02:11:11,39.52,-1.36,-45.86,178.6,grandpas_village,20.42,clear,8.904,10.426,0.00,4.21,world
313.18,2026-08-30 02:11:12,39.52,-1.36,-45.86,178.6,grandpas_village,20.44,clear,10.807,9.907,0.00,4.21,world
313.87,2026-08-30 02:11:12,39.52,-1.36,-45.86,178.6,grandpas_village,20.47,clear,10.807,9.907,0.00,4.21,world
314.45,2026-08-30 02:11:13,39.52,-1.36,-45.86,178.6,grandpas_village,20.49,clear,10.399,10.191,0.00,4.21,world
315.00,2026-08-30 02:11:13,39.52,-1.36,-45.86,178.6,grandpas_village,20.52,clear,10.399,10.191,0.00,4.21,world
315.60,2026-08-30 02:11:14,39.52,-1.36,-45.86,178.6,grandpas_village,20.54,clear,8.812,9.810,0.00,4.21,world
316.10,2026-08-30 02:11:14,39.52,-1.36,-45.86,178.6,grandpas_village,20.56,clear,9.240,9.285,0.00,4.21,world
316.70,2026-08-30 02:11:15,39.52,-1.36,-45.86,178.6,grandpas_village,20.58,clear,9.240,9.285,0.00,4.21,world
317.30,2026-08-30 02:11:16,39.52,-1.36,-45.86,178.6,grandpas_village,20.61,clear,9.425,9.952,0.00,4.21,world
317.80,2026-08-30 02:11:16,39.52,-1.36,-45.86,178.6,grandpas_village,20.63,clear,9.425,9.952,0.00,4.21,world
318.30,2026-08-30 02:11:17,39.52,-1.36,-45.86,178.6,grandpas_village,20.65,clear,10.273,9.658,0.00,4.21,world
318.80,2026-08-30 02:11:17,39.52,-1.36,-45.86,178.6,grandpas_village,20.67,clear,10.273,9.658,0.00,4.21,world
319.30,2026-08-30 02:11:18,39.52,-1.36,-45.86,178.6,grandpas_village,20.69,clear,9.566,10.869,0.00,4.21,world
319.80,2026-08-30 02:11:18,39.52,-1.36,-45.86,178.6,grandpas_village,20.71,clear,9.566,10.869,0.00,4.21,world
320.30,2026-08-30 02:11:19,39.52,-1.36,-45.86,178.6,grandpas_village,20.73,clear,8.944,10.145,0.00,4.21,world
320.80,2026-08-30 02:11:19,39.52,-1.36,-45.86,178.6,grandpas_village,20.75,clear,8.944,10.145,0.00,4.21,world
321.30,2026-08-30 02:11:20,39.52,-1.36,-45.86,178.6,grandpas_village,20.77,clear,9.913,10.411,0.00,4.21,world
321.80,2026-08-30 02:11:20,39.52,-1.36,-45.86,178.6,grandpas_village,20.79,clear,9.913,10.411,0.00,4.21,world
322.30,2026-08-30 02:11:21,39.52,-1.36,-45.86,178.6,grandpas_village,20.81,clear,8.735,9.485,0.00,4.21,world
322.80,2026-08-30 02:11:21,39.52,-1.36,-45.86,178.6,grandpas_village,20.83,clear,8.735,9.485,0.00,4.21,world
323.30,2026-08-30 02:11:22,39.52,-1.36,-45.86,178.6,grandpas_village,20.85,clear,9.339,9.308,0.00,4.21,world
323.80,2026-08-30 02:11:23,39.52,-1.36,-45.86,178.6,grandpas_village,20.87,clear,11.588,638.878,0.00,4.21,world
324.30,2026-08-30 02:11:23,39.52,-1.36,-45.86,178.6,grandpas_village,20.89,clear,11.588,638.878,0.00,4.21,world
324.80,2026-08-30 02:11:24,39.52,-1.36,-45.86,178.6,grandpas_village,20.91,clear,10.823,9.820,0.00,4.21,world
325.30,2026-08-30 02:11:24,39.52,-1.36,-45.86,178.6,grandpas_village,20.93,clear,10.823,9.820,0.00,4.21,world
325.80,2026-08-30 02:11:25,39.52,-1.36,-45.86,178.6,grandpas_village,20.95,clear,9.228,9.440,0.00,4.21,world
326.30,2026-08-30 02:11:25,39.52,-1.36,-45.86,178.6,grandpas_village,20.97,clear,9.228,9.440,0.00,4.21,world
326.95,2026-08-30 02:11:26,39.52,-1.36,-45.86,178.6,grandpas_village,20.99,clear,11.449,9.631,0.00,4.21,world
327.50,2026-08-30 02:11:26,39.52,-1.36,-45.86,178.6,grandpas_village,21.02,clear,11.449,9.631,0.00,4.21,world
328.10,2026-08-30 02:11:27,39.52,-1.36,-45.86,178.6,grandpas_village,21.04,clear,10.652,10.036,0.00,4.21,world
328.67,2026-08-30 02:11:28,39.52,-1.36,-45.86,178.6,grandpas_village,21.06,clear,8.851,9.894,0.00,4.21,world
329.25,2026-08-30 02:11:28,39.52,-1.36,-45.86,178.6,grandpas_village,21.09,clear,8.851,9.894,0.00,4.21,world
329.75,2026-08-30 02:11:29,39.52,-1.36,-45.86,178.6,grandpas_village,21.11,clear,9.788,10.081,0.00,4.21,world
330.47,2026-08-30 02:11:29,39.52,-1.36,-45.86,178.6,grandpas_village,21.13,clear,9.788,10.081,0.00,4.21,world
331.15,2026-08-30 02:11:30,39.52,-1.36,-45.86,178.6,grandpas_village,21.16,clear,10.971,10.404,0.00,4.21,world
331.83,2026-08-30 02:11:31,39.52,-1.36,-45.86,178.6,grandpas_village,21.19,clear,10.635,11.692,0.00,4.21,world
332.65,2026-08-30 02:11:32,39.52,-1.36,-45.86,178.6,grandpas_village,21.22,clear,37.203,18.774,0.00,4.21,world
333.20,2026-08-30 02:11:32,39.52,-1.36,-45.86,178.6,grandpas_village,21.24,clear,37.203,18.774,0.00,4.21,world
333.70,2026-08-30 02:11:33,39.52,-1.36,-45.86,178.6,grandpas_village,21.26,clear,11.303,14.703,0.00,4.21,world
334.20,2026-08-30 02:11:33,39.52,-1.36,-45.86,178.6,grandpas_village,21.28,clear,11.303,14.703,0.00,4.21,world
334.70,2026-08-30 02:11:34,39.52,-1.36,-45.86,178.6,grandpas_village,21.30,clear,40.529,52.805,0.00,4.21,world
335.20,2026-08-30 02:11:34,39.52,-1.36,-45.86,178.6,grandpas_village,21.32,clear,40.529,52.805,0.00,4.21,world
335.70,2026-08-30 02:11:35,39.52,-1.36,-45.86,178.6,grandpas_village,21.34,clear,10.461,10.401,0.00,4.21,world
336.20,2026-08-30 02:11:35,39.52,-1.36,-45.86,178.6,grandpas_village,21.36,clear,10.461,10.401,0.00,4.21,world
336.70,2026-08-30 02:11:36,39.52,-1.36,-45.86,178.6,grandpas_village,21.38,clear,45.662,26.378,0.00,4.21,world
337.20,2026-08-30 02:11:36,39.52,-1.36,-45.86,178.6,grandpas_village,21.40,clear,45.662,26.378,0.00,4.21,world
337.70,2026-08-30 02:11:37,39.52,-1.36,-45.86,178.6,grandpas_village,21.42,clear,12.926,12.833,0.00,4.21,world
338.20,2026-08-30 02:11:37,39.52,-1.36,-45.86,178.6,grandpas_village,21.44,clear,12.926,12.833,0.00,4.21,world
338.70,2026-08-30 02:11:38,39.52,-1.36,-45.86,178.6,grandpas_village,21.46,clear,11.173,11.211,0.00,4.21,world
339.22,2026-08-30 02:11:39,39.52,-1.36,-45.86,178.6,grandpas_village,21.48,clear,11.173,11.211,0.00,4.21,world
339.72,2026-08-30 02:11:40,39.52,-1.36,-45.86,178.6,grandpas_village,21.50,clear,9.238,7.509,0.00,4.21,world
340.22,2026-08-30 02:11:40,39.52,-1.36,-45.86,178.6,grandpas_village,21.52,clear,9.238,7.509,0.00,4.21,world
340.72,2026-08-30 02:11:41,39.52,-1.36,-45.86,178.6,grandpas_village,21.54,clear,9.783,10.277,0.00,4.21,world
341.22,2026-08-30 02:11:41,39.52,-1.36,-45.86,178.6,grandpas_village,21.56,clear,9.783,10.277,0.00,4.21,world
341.72,2026-08-30 02:11:42,39.52,-1.36,-45.86,178.6,grandpas_village,21.58,clear,9.662,10.806,0.00,4.21,world
342.22,2026-08-30 02:11:42,39.52,-1.36,-45.86,178.6,grandpas_village,21.60,clear,9.662,10.806,0.00,4.21,world
342.80,2026-08-30 02:11:43,39.52,-1.36,-45.86,178.6,grandpas_village,21.63,clear,10.333,9.706,0.00,4.21,world
343.35,2026-08-30 02:11:43,39.52,-1.36,-45.86,178.6,grandpas_village,21.65,clear,10.333,9.706,0.00,4.21,world
343.93,2026-08-30 02:11:44,39.52,-1.36,-45.86,178.6,grandpas_village,21.67,clear,10.472,9.836,0.00,4.21,world
344.50,2026-08-30 02:11:44,39.52,-1.36,-45.86,178.6,grandpas_village,21.70,clear,10.472,9.836,0.00,4.21,world
345.18,2026-08-30 02:11:45,39.52,-1.36,-45.86,178.6,grandpas_village,21.72,clear,9.718,10.603,0.00,4.21,world
345.78,2026-08-30 02:11:46,39.52,-1.36,-45.86,178.6,grandpas_village,21.75,clear,11.908,10.382,0.00,4.21,world
346.40,2026-08-30 02:11:46,39.52,-1.36,-45.86,178.6,grandpas_village,21.77,clear,11.908,10.382,0.00,4.21,world
347.08,2026-08-30 02:11:47,39.52,-1.36,-45.86,178.6,grandpas_village,21.80,clear,10.188,11.743,0.00,4.21,world
347.72,2026-08-30 02:11:48,39.52,-1.36,-45.86,178.6,grandpas_village,21.82,clear,10.816,10.656,0.00,4.21,world
348.30,2026-08-30 02:11:48,39.52,-1.36,-45.86,178.6,grandpas_village,21.85,clear,10.816,10.656,0.00,4.21,world
348.80,2026-08-30 02:11:49,39.52,-1.36,-45.86,178.6,grandpas_village,21.87,clear,10.546,10.256,0.00,4.21,world
349.30,2026-08-30 02:11:49,39.52,-1.36,-45.86,178.6,grandpas_village,21.89,clear,10.546,10.256,0.00,4.21,world
349.80,2026-08-30 02:11:50,39.52,-1.36,-45.86,178.6,grandpas_village,21.91,clear,9.900,9.713,0.00,4.21,world
350.30,2026-08-30 02:11:50,39.52,-1.36,-45.86,178.6,grandpas_village,21.93,clear,9.900,9.713,0.00,4.21,world
350.80,2026-08-30 02:11:51,39.52,-1.36,-45.86,178.6,grandpas_village,21.95,clear,10.781,10.589,0.00,4.21,world
351.30,2026-08-30 02:11:51,39.52,-1.36,-45.86,178.6,grandpas_village,21.97,clear,10.781,10.589,0.00,4.21,world
351.80,2026-08-30 02:11:52,39.52,-1.36,-45.86,178.6,grandpas_village,21.99,clear,9.877,10.560,0.00,4.21,world
352.30,2026-08-30 02:11:52,39.52,-1.36,-45.86,178.6,grandpas_village,22.01,clear,9.877,10.560,0.00,4.21,world
352.80,2026-08-30 02:11:53,39.52,-1.36,-45.86,178.6,grandpas_village,22.03,clear,11.081,9.790,0.00,4.21,world
353.30,2026-08-30 02:11:53,39.52,-1.36,-45.86,178.6,grandpas_village,22.05,clear,11.081,9.790,0.00,4.21,world
353.80,2026-08-30 02:11:54,39.52,-1.36,-45.86,178.6,grandpas_village,22.07,clear,11.513,11.297,0.00,4.21,world
354.30,2026-08-30 02:11:54,39.52,-1.36,-45.86,178.6,grandpas_village,22.09,clear,11.513,11.297,0.00,4.21,world
354.80,2026-08-30 02:11:55,39.52,-1.36,-45.86,178.6,grandpas_village,22.11,clear,10.487,647.658,0.00,4.21,world
355.30,2026-08-30 02:11:56,39.52,-1.36,-45.86,178.6,grandpas_village,22.13,clear,9.534,8.703,0.00,4.21,world
355.80,2026-08-30 02:11:56,39.52,-1.36,-45.86,178.6,grandpas_village,22.15,clear,9.534,8.703,0.00,4.21,world
356.30,2026-08-30 02:11:57,39.52,-1.36,-45.86,178.6,grandpas_village,22.17,clear,12.888,11.615,0.00,4.21,world
356.80,2026-08-30 02:11:57,39.52,-1.36,-45.86,178.6,grandpas_village,22.19,clear,12.888,11.615,0.00,4.21,world
357.30,2026-08-30 02:11:58,39.52,-1.36,-45.86,178.6,grandpas_village,22.21,clear,12.167,12.306,0.00,4.21,world
357.88,2026-08-30 02:11:58,39.52,-1.36,-45.86,178.6,grandpas_village,22.23,clear,12.167,12.306,0.00,4.21,world
358.55,2026-08-30 02:11:59,39.52,-1.36,-45.86,178.6,grandpas_village,22.26,clear,11.361,10.164,0.00,4.21,world
359.25,2026-08-30 02:12:00,39.52,-1.36,-45.86,178.6,grandpas_village,22.29,clear,10.252,9.728,0.00,4.21,world
359.87,2026-08-30 02:12:00,39.52,-1.36,-45.86,178.6,grandpas_village,22.31,clear,10.252,9.728,0.00,4.21,world
360.45,2026-08-30 02:12:01,39.52,-1.36,-45.86,178.6,grandpas_village,22.33,clear,10.666,10.058,0.00,4.21,world
361.08,2026-08-30 02:12:01,39.52,-1.36,-45.86,178.6,grandpas_village,22.36,clear,44.605,10.948,0.00,4.21,world
361.65,2026-08-30 02:12:02,39.52,-1.36,-45.86,178.6,grandpas_village,22.38,clear,44.605,10.948,0.00,4.21,world
362.27,2026-08-30 02:12:03,39.52,-1.36,-45.86,178.6,grandpas_village,22.41,clear,9.786,10.651,0.00,4.21,world
362.85,2026-08-30 02:12:03,39.52,-1.36,-45.86,178.6,grandpas_village,22.43,clear,9.786,10.651,0.00,4.21,world
363.45,2026-08-30 02:12:04,39.52,-1.36,-45.86,178.6,grandpas_village,22.45,clear,8.841,11.122,0.00,4.21,world
363.98,2026-08-30 02:12:04,39.52,-1.36,-45.86,178.6,grandpas_village,22.47,clear,8.841,11.122,0.00,4.21,world
364.48,2026-08-30 02:12:05,39.52,-1.36,-45.86,178.6,grandpas_village,22.49,clear,9.549,9.775,0.00,4.21,world
364.98,2026-08-30 02:12:05,39.52,-1.36,-45.86,178.6,grandpas_village,22.51,clear,9.549,9.775,0.00,4.21,world
365.48,2026-08-30 02:12:06,39.52,-1.36,-45.86,178.6,grandpas_village,22.53,clear,9.574,10.441,0.00,4.21,world
365.98,2026-08-30 02:12:06,39.52,-1.36,-45.86,178.6,grandpas_village,22.55,clear,9.574,10.441,0.00,4.21,world
366.48,2026-08-30 02:12:07,39.52,-1.36,-45.86,178.6,grandpas_village,22.57,clear,10.471,9.961,0.00,4.21,world
366.98,2026-08-30 02:12:07,39.52,-1.36,-45.86,178.6,grandpas_village,22.59,clear,10.471,9.961,0.00,4.21,world
367.48,2026-08-30 02:12:08,39.52,-1.36,-45.86,178.6,grandpas_village,22.61,clear,9.071,11.600,0.00,4.21,world
367.98,2026-08-30 02:12:08,39.52,-1.36,-45.86,178.6,grandpas_village,22.63,clear,9.071,11.600,0.00,4.21,world
368.48,2026-08-30 02:12:09,39.52,-1.36,-45.86,178.6,grandpas_village,22.65,clear,10.117,10.586,0.00,4.21,world
368.98,2026-08-30 02:12:09,39.52,-1.36,-45.86,178.6,grandpas_village,22.67,clear,10.117,10.586,0.00,4.21,world
369.48,2026-08-30 02:12:10,39.52,-1.36,-45.86,178.6,grandpas_village,22.69,clear,10.081,9.877,0.00,4.21,world
370.00,2026-08-30 02:12:11,39.52,-1.36,-45.86,178.6,grandpas_village,22.71,clear,10.081,9.877,0.00,4.21,world
370.50,2026-08-30 02:12:11,39.52,-1.36,-45.86,178.6,grandpas_village,22.74,clear,11.392,622.666,0.00,4.21,world
371.00,2026-08-30 02:12:12,39.52,-1.36,-45.86,178.6,grandpas_village,22.75,clear,11.984,9.660,0.00,4.21,world
371.50,2026-08-30 02:12:12,39.52,-1.36,-45.86,178.6,grandpas_village,22.78,clear,11.984,9.660,0.00,4.21,world
372.00,2026-08-30 02:12:13,39.52,-1.36,-45.86,178.6,grandpas_village,22.80,clear,10.967,10.729,0.00,4.21,world
372.50,2026-08-30 02:12:13,39.52,-1.36,-45.86,178.6,grandpas_village,22.82,clear,10.967,10.729,0.00,4.21,world
373.00,2026-08-30 02:12:14,39.52,-1.36,-45.86,178.6,grandpas_village,22.84,clear,10.901,9.759,0.00,4.21,world
373.57,2026-08-30 02:12:14,39.52,-1.36,-45.86,178.6,grandpas_village,22.86,clear,9.570,8.995,0.00,4.21,world
374.10,2026-08-30 02:12:15,39.52,-1.36,-45.86,178.6,grandpas_village,22.88,clear,9.570,8.995,0.00,4.21,world
374.62,2026-08-30 02:12:15,39.52,-1.36,-45.86,178.6,grandpas_village,22.90,clear,8.468,10.197,0.00,4.21,world
375.13,2026-08-30 02:12:16,39.52,-1.36,-45.86,178.6,grandpas_village,22.92,clear,8.468,10.197,0.00,4.21,world
375.67,2026-08-30 02:12:17,39.52,-1.36,-45.86,178.6,grandpas_village,22.94,clear,7.994,10.419,0.00,4.21,world
376.25,2026-08-30 02:12:17,39.52,-1.36,-45.86,178.6,grandpas_village,22.97,clear,7.994,10.419,0.00,4.21,world
376.82,2026-08-30 02:12:18,39.52,-1.36,-45.86,178.6,grandpas_village,22.99,clear,10.315,10.055,0.00,4.21,world
377.43,2026-08-30 02:12:18,39.52,-1.36,-45.86,178.6,grandpas_village,23.01,clear,10.315,10.055,0.00,4.21,world
378.00,2026-08-30 02:12:19,39.52,-1.36,-45.86,178.6,grandpas_village,23.04,clear,9.049,10.126,0.00,4.21,world
378.52,2026-08-30 02:12:19,39.52,-1.36,-45.86,178.6,grandpas_village,23.06,clear,9.049,10.126,0.00,4.21,world
379.02,2026-08-30 02:12:20,39.52,-1.36,-45.86,178.6,grandpas_village,23.08,clear,8.658,10.001,0.00,4.21,world
379.52,2026-08-30 02:12:20,39.52,-1.36,-45.86,178.6,grandpas_village,23.10,clear,8.658,10.001,0.00,4.21,world
380.02,2026-08-30 02:12:21,39.52,-1.36,-45.86,178.6,grandpas_village,23.12,clear,9.646,9.472,0.00,4.21,world
380.52,2026-08-30 02:12:21,39.52,-1.36,-45.86,178.6,grandpas_village,23.14,clear,9.646,9.472,0.00,4.21,world
381.02,2026-08-30 02:12:22,39.52,-1.36,-45.86,178.6,grandpas_village,23.16,clear,9.781,9.945,0.00,4.21,world
381.52,2026-08-30 02:12:22,39.52,-1.36,-45.86,178.6,grandpas_village,23.18,clear,9.781,9.945,0.00,4.21,world
382.02,2026-08-30 02:12:23,39.52,-1.36,-45.86,178.6,grandpas_village,23.20,clear,9.641,10.412,0.00,4.21,world
382.52,2026-08-30 02:12:23,39.52,-1.36,-45.86,178.6,grandpas_village,23.22,clear,9.641,10.412,0.00,4.21,world
383.02,2026-08-30 02:12:24,39.52,-1.36,-45.86,178.6,grandpas_village,23.24,clear,12.187,11.800,0.00,4.21,world
383.52,2026-08-30 02:12:24,39.52,-1.36,-45.86,178.6,grandpas_village,23.26,clear,12.187,11.800,0.00,4.21,world
384.02,2026-08-30 02:12:25,39.52,-1.36,-45.86,178.6,grandpas_village,23.28,clear,10.362,9.593,0.00,4.21,world
384.52,2026-08-30 02:12:25,39.52,-1.36,-45.86,178.6,grandpas_village,23.30,clear,10.362,9.593,0.00,4.21,world
385.02,2026-08-30 02:12:26,39.52,-1.36,-45.86,178.6,grandpas_village,23.32,clear,9.564,9.976,0.00,4.21,world
385.52,2026-08-30 02:12:26,39.52,-1.36,-45.86,178.6,grandpas_village,23.34,clear,9.564,9.976,0.00,4.21,world
386.03,2026-08-30 02:12:27,39.52,-1.36,-45.86,178.6,grandpas_village,23.35,clear,9.400,9.725,0.00,4.21,menu_backpack
386.63,2026-08-30 02:12:28,39.52,-1.36,-45.86,178.6,grandpas_village,23.36,clear,203.951,9.233,0.00,4.21,world
387.13,2026-08-30 02:12:28,38.83,-1.37,-44.43,-25.8,grandpas_village,23.38,clear,203.951,9.233,0.00,3.43,world
387.63,2026-08-30 02:12:29,37.75,-1.37,-42.18,-25.8,grandpas_village,23.40,clear,11.745,9.967,0.00,0.97,world
388.13,2026-08-30 02:12:29,36.44,-1.23,-40.35,-25.4,grandpas_village,23.42,clear,11.745,9.967,0.00,1.50,world
388.63,2026-08-30 02:12:30,35.40,-1.08,-38.14,-25.4,grandpas_village,23.44,clear,12.108,14.742,0.00,3.37,world
389.13,2026-08-30 02:12:30,34.35,-0.97,-35.92,-25.4,grandpas_village,23.46,clear,12.108,14.742,0.00,3.65,world
389.63,2026-08-30 02:12:31,33.28,-0.97,-33.65,-25.4,grandpas_village,23.48,clear,13.663,11.106,0.00,5.27,world
390.13,2026-08-30 02:12:31,32.23,-0.91,-31.39,-25.5,grandpas_village,23.50,clear,13.663,11.106,0.00,7.39,world
390.63,2026-08-30 02:12:32,31.21,-0.69,-29.22,-25.5,grandpas_village,23.52,clear,13.612,9.678,0.00,8.90,world
391.13,2026-08-30 02:12:32,30.23,-0.32,-27.14,-25.5,grandpas_village,23.54,clear,13.612,9.678,0.00,6.98,world
391.63,2026-08-30 02:12:33,29.26,0.06,-25.08,-25.5,grandpas_village,23.56,clear,14.338,12.941,0.00,5.37,world
392.13,2026-08-30 02:12:33,28.28,0.44,-23.02,-25.5,grandpas_village,23.58,clear,14.338,12.941,0.00,4.39,world
392.63,2026-08-30 02:12:34,27.28,0.73,-20.91,-25.5,grandpas_village,23.60,clear,13.533,9.350,0.00,4.50,world
393.13,2026-08-30 02:12:34,26.23,0.88,-18.72,-25.5,grandpas_village,23.62,clear,13.533,9.350,0.00,5.73,world
393.63,2026-08-30 02:12:35,25.16,0.90,-16.47,-25.5,grandpas_village,23.64,clear,11.672,9.947,0.00,5.18,world
394.13,2026-08-30 02:12:35,24.08,0.90,-14.21,-25.5,grandpas_village,23.66,clear,11.672,9.947,0.00,4.46,world
394.63,2026-08-30 02:12:36,24.15,0.90,-12.39,-27.5,grandpas_village,23.68,clear,12.506,10.020,0.00,5.50,world
395.13,2026-08-30 02:12:36,22.99,0.90,-10.18,-27.5,grandpas_village,23.70,clear,12.506,10.020,0.00,6.55,world
395.63,2026-08-30 02:12:37,21.84,0.90,-7.96,-27.5,grandpas_village,23.72,clear,16.191,12.133,0.00,8.16,world
396.13,2026-08-30 02:12:37,20.68,0.90,-5.74,-27.5,grandpas_village,23.74,clear,16.191,12.133,0.00,9.59,world
396.63,2026-08-30 02:12:38,19.86,0.90,-3.86,-28.0,grandpas_village,23.76,clear,15.654,11.608,0.00,10.95,world
397.13,2026-08-30 02:12:38,20.35,0.90,-3.37,-30.6,grandpas_village,23.78,clear,15.654,11.608,0.00,10.71,world
397.63,2026-08-30 02:12:39,20.76,0.90,-2.95,-32.9,grandpas_village,23.80,clear,14.308,11.230,0.00,10.53,world
398.13,2026-08-30 02:12:39,21.11,0.90,-2.60,-34.9,grandpas_village,23.82,clear,14.308,11.230,0.00,10.40,world
398.63,2026-08-30 02:12:40,22.55,0.90,-1.55,54.6,grandpas_village,23.84,clear,13.229,10.850,0.00,9.86,world
399.13,2026-08-30 02:12:40,24.34,0.90,-0.09,-8.5,grandpas_village,23.86,clear,13.229,10.850,0.00,9.73,world
399.63,2026-08-30 02:12:41,22.53,0.90,1.46,-51.6,grandpas_village,23.88,clear,14.493,9.509,0.00,12.06,world
400.13,2026-08-30 02:12:41,20.56,0.90,3.01,-51.6,grandpas_village,23.90,clear,14.493,9.509,0.00,9.65,world
400.63,2026-08-30 02:12:42,18.60,0.90,4.56,-51.6,grandpas_village,23.92,clear,12.986,9.531,0.00,7.15,world
401.13,2026-08-30 02:12:42,16.64,0.90,6.12,-51.6,grandpas_village,23.94,clear,12.986,9.531,0.00,4.65,world
401.80,2026-08-30 02:12:43,8.69,0.90,4.70,27.1,grandpas_village,23.97,clear,14.628,10.575,0.00,6.09,combat
402.62,2026-08-30 02:12:44,8.69,0.90,4.70,27.1,grandpas_village,0.00,clear,16.785,14.880,0.00,6.09,combat
403.27,2026-08-30 02:12:44,8.69,0.90,4.70,27.1,grandpas_village,0.03,clear,16.785,14.880,0.00,6.09,combat
403.97,2026-08-30 02:12:45,8.69,0.90,4.70,27.1,grandpas_village,0.05,clear,13.710,11.697,0.00,6.09,combat
404.72,2026-08-30 02:12:46,8.69,0.90,4.70,27.1,grandpas_village,0.08,clear,13.834,11.309,0.00,6.09,combat
405.22,2026-08-30 02:12:46,8.69,0.90,4.70,27.1,grandpas_village,0.10,clear,13.834,11.309,0.00,6.09,combat
405.72,2026-08-30 02:12:47,8.69,0.90,4.70,27.1,grandpas_village,0.13,clear,13.784,11.121,0.00,6.09,combat
406.22,2026-08-30 02:12:47,8.69,0.90,4.70,27.1,grandpas_village,0.15,clear,13.784,11.121,0.00,6.09,combat
406.72,2026-08-30 02:12:48,8.69,0.90,4.70,27.1,grandpas_village,0.16,clear,12.654,9.471,0.00,6.09,combat
407.22,2026-08-30 02:12:48,8.69,0.90,4.70,27.1,grandpas_village,0.18,clear,12.654,9.471,0.00,6.09,combat
407.72,2026-08-30 02:12:49,8.69,0.90,4.70,27.1,grandpas_village,0.20,clear,14.497,12.527,0.00,6.09,combat
408.62,2026-08-30 02:12:50,8.69,0.90,4.70,27.1,grandpas_village,0.24,clear,12.141,10.132,0.00,6.09,combat
409.15,2026-08-30 02:12:50,8.69,0.90,4.70,27.1,grandpas_village,0.26,clear,12.141,10.132,0.00,6.09,combat
409.78,2026-08-30 02:12:51,8.69,0.90,4.70,27.1,grandpas_village,0.29,clear,14.103,11.888,0.00,6.09,combat
410.32,2026-08-30 02:12:51,8.69,0.90,4.70,27.1,grandpas_village,0.31,clear,14.103,11.888,0.00,6.09,combat
410.88,2026-08-30 02:12:52,8.69,0.90,4.70,27.1,grandpas_village,0.33,clear,13.720,11.608,0.00,6.09,combat
411.40,2026-08-30 02:12:52,8.69,0.90,4.70,27.1,grandpas_village,0.35,clear,13.720,11.608,0.00,6.09,combat
411.97,2026-08-30 02:12:53,8.69,0.90,4.70,27.1,grandpas_village,0.38,clear,14.495,10.912,0.00,6.09,combat
412.48,2026-08-30 02:12:53,8.69,0.90,4.70,27.1,grandpas_village,0.40,clear,14.954,10.377,0.00,6.09,combat
413.40,2026-08-30 02:12:54,8.69,0.90,4.70,27.1,grandpas_village,0.43,clear,14.954,10.377,0.00,6.09,combat
414.27,2026-08-30 02:12:56,8.69,0.90,4.70,27.1,grandpas_village,0.47,clear,11.624,493.763,0.00,6.09,locked
414.80,2026-08-30 02:12:56,8.69,0.90,4.70,27.1,grandpas_village,0.49,clear,11.624,493.763,0.00,6.09,locked
415.47,2026-08-30 02:12:57,7.17,0.81,11.73,123.8,grandpas_village,0.52,clear,9.139,9.749,0.00,6.43,combat
415.97,2026-08-30 02:12:57,7.17,0.81,11.73,123.8,grandpas_village,0.54,clear,9.139,9.749,0.00,6.43,combat
416.47,2026-08-30 02:12:58,7.17,0.81,11.73,123.8,grandpas_village,0.55,clear,18.788,10.414,0.00,6.43,combat
416.97,2026-08-30 02:12:58,7.17,0.81,11.73,123.8,grandpas_village,0.57,clear,18.788,10.414,0.00,6.43,combat
417.53,2026-08-30 02:12:59,7.17,0.81,11.73,123.8,grandpas_village,0.60,clear,12.500,13.197,0.00,6.43,combat
418.07,2026-08-30 02:12:59,7.17,0.81,11.73,123.8,grandpas_village,0.62,clear,12.500,13.197,0.00,6.43,combat
418.93,2026-08-30 02:13:00,7.17,0.81,11.73,123.8,grandpas_village,0.65,clear,15.574,11.678,0.00,6.43,combat
419.52,2026-08-30 02:13:01,7.17,0.81,11.73,123.8,grandpas_village,0.68,clear,12.420,9.552,0.00,6.43,world
420.08,2026-08-30 02:13:02,7.17,0.81,11.73,123.8,grandpas_village,0.70,clear,10.176,423.527,0.00,6.43,world
420.73,2026-08-30 02:13:02,7.17,0.81,11.73,123.8,grandpas_village,0.73,clear,10.176,423.527,0.00,6.43,world
421.40,2026-08-30 02:13:03,7.17,0.81,11.73,123.8,grandpas_village,0.75,clear,9.731,9.796,0.00,6.43,world
421.97,2026-08-30 02:13:04,7.17,0.81,11.73,123.8,grandpas_village,0.78,clear,9.043,9.178,0.00,6.43,world
422.60,2026-08-30 02:13:04,7.17,0.81,11.73,123.8,grandpas_village,0.80,clear,9.043,9.178,0.00,6.43,world
423.20,2026-08-30 02:13:05,7.17,0.81,11.73,123.8,grandpas_village,0.82,clear,9.155,9.722,0.00,6.43,world
423.73,2026-08-30 02:13:05,7.17,0.81,11.73,123.8,grandpas_village,0.85,clear,9.155,9.722,0.00,6.43,world
424.32,2026-08-30 02:13:06,7.17,0.81,11.73,123.8,grandpas_village,0.87,clear,8.572,9.224,0.00,6.43,world
424.92,2026-08-30 02:13:07,7.17,0.81,11.73,123.8,grandpas_village,0.89,clear,8.995,10.741,0.00,6.43,world
425.60,2026-08-30 02:13:07,7.17,0.81,11.73,123.8,grandpas_village,0.92,clear,8.995,10.741,0.00,6.43,world
426.10,2026-08-30 02:13:08,7.17,0.81,11.73,123.8,grandpas_village,0.94,clear,12.266,10.630,0.00,6.43,world
426.60,2026-08-30 02:13:08,7.17,0.81,11.73,123.8,grandpas_village,0.96,clear,12.266,10.630,0.00,6.43,world
427.10,2026-08-30 02:13:09,7.17,0.81,11.73,123.8,grandpas_village,0.98,clear,9.524,9.410,0.00,6.43,world
427.60,2026-08-30 02:13:09,7.17,0.81,11.73,123.8,grandpas_village,1.00,clear,9.524,9.410,0.00,6.43,world
428.10,2026-08-30 02:13:10,7.17,0.81,11.73,123.8,grandpas_village,1.02,clear,11.836,9.958,0.00,6.43,world
428.60,2026-08-30 02:13:10,7.17,0.81,11.73,123.8,grandpas_village,1.04,clear,11.836,9.958,0.00,6.43,world
429.10,2026-08-30 02:13:11,7.17,0.81,11.73,123.8,grandpas_village,1.06,clear,10.425,10.655,0.00,6.43,world
429.60,2026-08-30 02:13:11,7.17,0.81,11.73,123.8,grandpas_village,1.08,clear,10.425,10.655,0.00,6.43,world
430.10,2026-08-30 02:13:12,7.17,0.81,11.73,123.8,grandpas_village,1.10,clear,10.243,9.443,0.00,6.43,world
430.60,2026-08-30 02:13:12,7.17,0.81,11.73,123.8,grandpas_village,1.12,clear,10.243,9.443,0.00,6.43,world
431.10,2026-08-30 02:13:13,7.17,0.81,11.73,123.8,grandpas_village,1.14,clear,8.943,9.662,0.00,6.43,world
431.60,2026-08-30 02:13:13,7.17,0.81,11.73,123.8,grandpas_village,1.16,clear,8.943,9.662,0.00,6.43,world
432.10,2026-08-30 02:13:14,7.17,0.81,11.73,123.8,grandpas_village,1.18,clear,9.544,9.384,0.00,6.43,world
432.60,2026-08-30 02:13:14,7.17,0.81,11.73,123.8,grandpas_village,1.20,clear,9.544,9.384,0.00,6.43,world
433.10,2026-08-30 02:13:15,7.17,0.81,11.73,123.8,grandpas_village,1.20,clear,187.702,10.442,0.00,6.43,menu_backpack
433.60,2026-08-30 02:13:15,7.18,0.81,11.72,134.3,grandpas_village,1.22,clear,187.702,10.442,0.00,6.43,world
434.10,2026-08-30 02:13:16,8.13,0.88,9.65,155.3,grandpas_village,1.24,clear,121.950,9.986,0.00,4.91,world
434.60,2026-08-30 02:13:16,9.17,0.90,7.39,155.3,grandpas_village,1.26,clear,121.950,9.986,0.00,4.15,world
435.10,2026-08-30 02:13:17,10.22,0.90,5.12,155.3,grandpas_village,1.28,clear,14.003,9.386,0.00,4.78,world
435.60,2026-08-30 02:13:17,11.26,0.90,2.85,155.3,grandpas_village,1.30,clear,14.003,9.386,0.00,6.40,world
436.10,2026-08-30 02:13:18,12.31,0.90,0.57,155.3,grandpas_village,1.32,clear,12.676,11.484,0.00,8.45,world
436.60,2026-08-30 02:13:18,13.35,0.90,-1.70,155.3,grandpas_village,1.34,clear,12.676,11.484,0.00,10.70,world
437.10,2026-08-30 02:13:19,14.12,0.90,-3.50,151.1,grandpas_village,1.36,clear,13.524,9.313,0.00,12.55,world
437.60,2026-08-30 02:13:19,14.12,0.90,-3.50,151.1,grandpas_village,1.38,clear,13.524,9.313,0.00,12.55,world
438.10,2026-08-30 02:13:20,14.12,0.90,-3.50,151.1,grandpas_village,1.40,clear,14.079,10.083,0.00,12.55,world
438.60,2026-08-30 02:13:21,15.00,0.90,-3.20,61.3,grandpas_village,1.42,rain,13.316,572.528,0.00,12.36,world
439.10,2026-08-30 02:13:21,17.05,0.90,-2.07,61.3,grandpas_village,1.44,rain,13.316,572.528,0.00,11.79,world
439.60,2026-08-30 02:13:22,17.08,0.90,-2.06,61.3,grandpas_village,1.46,rain,13.948,10.262,0.00,11.79,world
440.18,2026-08-30 02:13:23,17.08,0.90,-2.06,61.3,grandpas_village,1.48,rain,12.251,494.839,0.00,11.79,narrative_modal
440.70,2026-08-30 02:13:23,17.08,0.90,-2.06,61.3,grandpas_village,1.50,rain,12.251,494.839,0.00,11.79,panel:ShopPanel
441.20,2026-08-30 02:13:24,17.08,0.90,-2.06,61.3,grandpas_village,1.50,rain,118.869,9.056,0.00,11.79,panel:ShopPanel
441.70,2026-08-30 02:13:24,17.08,0.90,-2.06,61.3,grandpas_village,1.50,rain,118.869,9.056,0.00,11.79,panel:ShopPanel
442.20,2026-08-30 02:13:25,17.08,0.90,-2.06,61.3,grandpas_village,1.50,rain,0.170,4.431,0.00,11.79,panel:ShopPanel
442.70,2026-08-30 02:13:25,17.08,0.90,-2.06,61.3,grandpas_village,1.50,rain,0.170,4.431,0.00,11.79,panel:ShopPanel
443.20,2026-08-30 02:13:26,17.08,0.90,-2.06,61.3,grandpas_village,1.50,rain,0.123,5.035,0.00,11.79,panel:ShopPanel
443.70,2026-08-30 02:13:26,17.08,0.90,-2.06,61.3,grandpas_village,1.51,rain,0.123,5.035,0.00,11.79,menu_backpack
444.22,2026-08-30 02:13:28,17.08,0.90,-2.06,61.3,grandpas_village,1.51,rain,382.922,3.103,0.00,11.79,menu_backpack
444.77,2026-08-30 02:13:29,17.08,0.90,-2.06,61.3,grandpas_village,1.51,rain,385.322,5.528,0.00,11.79,menu_backpack
445.27,2026-08-30 02:13:30,17.08,0.90,-2.06,61.3,grandpas_village,1.51,rain,575.515,5.696,0.00,11.79,menu_backpack
445.83,2026-08-30 02:13:31,17.08,0.90,-2.06,61.3,grandpas_village,1.51,rain,576.327,4.844,0.00,11.79,menu_backpack
446.33,2026-08-30 02:13:32,17.08,0.90,-2.06,61.3,grandpas_village,1.52,rain,389.042,5.037,0.00,11.79,world
446.83,2026-08-30 02:13:32,15.51,0.90,-3.29,-128.3,grandpas_village,1.54,rain,389.042,5.037,0.00,12.55,world
447.33,2026-08-30 02:13:33,15.18,0.90,-4.09,105.6,grandpas_village,1.56,rain,86.177,8.743,0.00,12.85,world
447.83,2026-08-30 02:13:33,15.27,0.90,-5.80,102.6,grandpas_village,1.58,rain,86.177,8.743,0.00,11.24,world
448.33,2026-08-30 02:13:34,17.37,0.90,-6.24,87.0,grandpas_village,1.60,rain,14.268,12.526,0.00,10.11,world
449.00,2026-08-30 02:13:35,18.83,0.90,-6.17,87.0,grandpas_village,1.63,rain,12.851,10.244,0.00,9.90,narrative_modal
449.50,2026-08-30 02:13:35,18.83,0.90,-6.17,87.0,grandpas_village,1.64,rain,12.851,10.244,0.00,9.90,panel:SwapPanel
450.00,2026-08-30 02:13:36,18.83,0.90,-6.17,87.0,grandpas_village,1.64,rain,86.183,10.572,0.00,9.90,panel:SwapPanel
450.50,2026-08-30 02:13:36,18.83,0.90,-6.17,87.0,grandpas_village,1.64,rain,86.183,10.572,0.00,9.90,panel:SwapPanel
451.00,2026-08-30 02:13:36,18.81,0.90,-6.28,129.0,grandpas_village,1.65,rain,75.466,9.260,0.00,9.79,world
451.50,2026-08-30 02:13:37,18.50,0.90,-8.72,-172.6,grandpas_village,1.67,rain,75.466,9.260,0.00,7.43,world
452.00,2026-08-30 02:13:38,18.17,0.90,-11.20,-172.6,grandpas_village,1.69,rain,12.498,11.800,0.00,5.14,world
452.50,2026-08-30 02:13:38,17.85,0.90,-13.68,-172.6,grandpas_village,1.71,rain,12.498,11.800,0.00,3.16,world
453.00,2026-08-30 02:13:39,17.53,0.90,-16.16,-172.6,grandpas_village,1.73,rain,14.507,11.397,0.00,2.47,world
453.50,2026-08-30 02:13:39,17.21,0.90,-18.64,-172.6,grandpas_village,1.75,rain,14.507,11.397,0.00,3.84,world
454.00,2026-08-30 02:13:40,16.89,0.90,-21.12,-172.6,grandpas_village,1.77,rain,13.961,11.391,0.00,4.97,world
454.50,2026-08-30 02:13:40,16.57,0.90,-23.60,-172.6,grandpas_village,1.79,rain,13.961,11.391,0.00,4.44,world
455.00,2026-08-30 02:13:41,16.26,0.90,-26.01,-172.6,grandpas_village,1.81,rain,13.629,11.339,0.00,2.00,world
456.38,2026-08-30 02:13:42,16.24,0.90,-26.11,-172.6,grandpas_village,1.86,rain,13.247,10.147,0.00,1.90,world
457.87,2026-08-30 02:13:43,16.24,0.90,-26.11,-172.6,grandpas_village,1.92,rain,12.930,11.362,0.00,1.90,world
458.37,2026-08-30 02:13:44,15.11,0.90,-25.02,-45.9,grandpas_village,1.94,rain,13.340,10.409,0.00,3.11,world
460.12,2026-08-30 02:13:46,13.35,0.90,-23.31,-45.9,grandpas_village,2.01,rain,12.041,6.895,0.00,1.88,world
461.55,2026-08-30 02:13:47,13.35,0.90,-23.31,-45.9,grandpas_village,2.07,rain,13.361,10.185,0.00,1.88,world
462.05,2026-08-30 02:13:48,14.69,0.90,-21.83,42.3,grandpas_village,2.09,rain,12.749,11.006,0.00,2.70,world
462.55,2026-08-30 02:13:48,13.89,0.90,-20.68,-24.5,grandpas_village,2.11,rain,12.749,11.006,0.00,2.30,world
463.05,2026-08-30 02:13:49,13.83,0.90,-20.61,140.3,grandpas_village,2.13,rain,13.613,12.428,0.00,2.30,world
463.55,2026-08-30 02:13:49,15.21,0.90,-22.69,146.3,grandpas_village,2.15,rain,13.613,12.428,0.00,3.29,world
464.05,2026-08-30 02:13:50,16.50,0.90,-22.43,28.5,grandpas_village,2.17,rain,13.302,12.131,0.00,4.52,world
464.55,2026-08-30 02:13:50,17.70,0.90,-20.24,28.5,grandpas_village,2.19,rain,13.302,12.131,0.00,4.82,world
465.05,2026-08-30 02:13:51,18.89,0.90,-18.04,28.5,grandpas_village,2.21,rain,13.685,12.063,0.00,2.32,world
466.42,2026-08-30 02:13:52,19.11,0.90,-17.64,28.5,grandpas_village,2.27,rain,12.225,10.369,0.00,1.87,world
467.92,2026-08-30 02:13:53,19.11,0.90,-17.64,28.5,grandpas_village,2.33,rain,13.283,10.459,0.00,1.87,world
468.42,2026-08-30 02:13:54,19.38,0.90,-19.19,170.0,grandpas_village,2.35,rain,17.277,11.369,0.00,3.25,world
468.92,2026-08-30 02:13:54,19.82,0.90,-21.66,170.0,grandpas_village,2.37,rain,17.277,11.369,0.00,4.79,world
469.42,2026-08-30 02:13:55,20.25,0.90,-24.12,170.0,grandpas_village,2.39,rain,11.681,11.324,0.00,3.75,world
469.92,2026-08-30 02:13:55,20.80,0.86,-26.52,170.6,grandpas_village,2.41,rain,11.681,11.324,0.00,4.07,world
470.42,2026-08-30 02:13:56,21.77,0.77,-28.50,177.6,grandpas_village,2.43,rain,13.093,11.668,0.00,5.02,world
470.92,2026-08-30 02:13:56,21.88,0.72,-31.02,177.7,grandpas_village,2.45,rain,13.093,11.668,0.00,2.98,world
472.60,2026-08-30 02:13:58,21.93,0.72,-32.14,177.7,grandpas_village,2.51,rain,13.807,9.671,0.00,1.87,world
473.93,2026-08-30 02:13:59,21.93,0.72,-32.14,177.7,grandpas_village,2.57,rain,13.167,10.882,0.00,1.87,world
474.43,2026-08-30 02:14:00,22.32,0.69,-30.59,14.3,grandpas_village,2.59,rain,15.963,9.192,0.00,3.42,world
474.93,2026-08-30 02:14:00,22.94,0.70,-28.17,14.2,grandpas_village,2.61,rain,15.963,9.192,0.00,4.31,world
476.52,2026-08-30 02:14:02,23.54,0.77,-25.83,14.2,grandpas_village,2.67,rain,11.999,9.591,0.00,1.88,world
477.80,2026-08-30 02:14:03,23.54,0.77,-25.83,14.2,grandpas_village,2.72,rain,15.728,11.407,0.00,1.88,world
478.30,2026-08-30 02:14:04,24.79,0.74,-24.84,51.7,grandpas_village,2.74,rain,11.766,10.298,0.00,1.16,world
478.80,2026-08-30 02:14:04,26.78,0.64,-23.28,51.7,grandpas_village,2.76,rain,11.766,10.298,0.00,2.88,world
479.30,2026-08-30 02:14:05,28.80,0.45,-21.70,51.7,grandpas_village,2.78,rain,12.770,10.443,0.00,5.32,world
479.80,2026-08-30 02:14:05,28.91,0.44,-21.54,30.9,grandpas_village,2.80,rain,12.770,10.443,0.00,5.32,world
480.30,2026-08-30 02:14:06,27.57,0.76,-19.82,-38.1,grandpas_village,2.82,rain,12.383,12.830,0.00,5.50,world
480.80,2026-08-30 02:14:06,27.46,0.83,-18.34,74.6,grandpas_village,2.84,rain,12.383,12.830,0.00,6.63,world
481.30,2026-08-30 02:14:07,27.84,0.80,-18.40,161.0,grandpas_village,2.86,rain,14.305,11.726,0.00,6.36,world
481.80,2026-08-30 02:14:07,27.82,0.81,-18.36,105.4,grandpas_village,2.88,rain,14.305,11.726,0.00,6.39,world
482.30,2026-08-30 02:14:08,27.82,0.81,-18.36,108.5,grandpas_village,2.90,rain,14.125,12.545,0.00,6.39,world
482.80,2026-08-30 02:14:08,27.80,0.81,-18.30,45.5,grandpas_village,2.92,rain,14.125,12.545,0.00,6.42,world
483.30,2026-08-30 02:14:09,27.80,0.81,-18.28,161.0,grandpas_village,2.94,rain,12.737,12.233,0.00,6.44,world
483.80,2026-08-30 02:14:09,27.80,0.81,-18.28,116.5,grandpas_village,2.96,rain,12.737,12.233,0.00,6.44,world
484.30,2026-08-30 02:14:10,28.19,0.70,-19.68,164.5,grandpas_village,2.98,rain,12.850,11.567,0.00,5.82,world
484.80,2026-08-30 02:14:10,28.93,0.39,-22.05,122.5,grandpas_village,3.00,rain,12.850,11.567,0.00,5.30,world
485.30,2026-08-30 02:14:11,28.83,0.43,-21.76,-41.4,grandpas_village,3.02,rain,13.298,11.524,0.00,5.32,world
485.80,2026-08-30 02:14:11,27.31,0.77,-20.03,-41.4,grandpas_village,3.04,rain,13.298,11.524,0.00,5.17,world
486.30,2026-08-30 02:14:12,27.98,0.77,-18.82,70.6,grandpas_village,3.06,rain,13.487,11.706,0.00,6.13,world
486.80,2026-08-30 02:14:12,27.93,0.78,-18.66,18.1,grandpas_village,3.08,rain,13.487,11.706,0.00,6.22,world
487.30,2026-08-30 02:14:13,27.12,0.90,-16.37,-19.4,grandpas_village,3.10,rain,14.365,13.526,0.00,7.13,world
487.80,2026-08-30 02:14:13,26.30,0.90,-14.01,-19.4,grandpas_village,3.12,rain,14.365,13.526,0.00,6.60,world
488.30,2026-08-30 02:14:14,26.21,0.90,-13.68,103.8,grandpas_village,3.14,rain,14.691,13.978,0.00,6.63,world
488.80,2026-08-30 02:14:14,25.73,0.90,-16.00,-166.8,grandpas_village,3.16,rain,14.691,13.978,0.00,5.73,world
489.30,2026-08-30 02:14:15,25.93,0.90,-17.72,80.3,grandpas_village,3.18,rain,13.538,11.170,0.00,6.18,world
489.80,2026-08-30 02:14:15,27.51,0.86,-17.45,80.3,grandpas_village,3.20,rain,13.538,11.170,0.00,6.97,world
490.30,2026-08-30 02:14:16,27.78,0.82,-18.22,74.9,grandpas_village,3.22,rain,14.227,12.160,0.00,6.47,world
490.80,2026-08-30 02:14:16,28.18,0.70,-19.70,164.9,grandpas_village,3.24,rain,14.227,12.160,0.00,5.82,world
491.30,2026-08-30 02:14:17,28.86,0.39,-22.20,164.9,grandpas_village,3.26,rain,13.277,11.518,0.00,5.19,world
491.80,2026-08-30 02:14:17,29.71,0.05,-24.05,59.8,grandpas_village,3.28,rain,13.277,11.518,0.00,5.71,world
492.30,2026-08-30 02:14:18,29.07,0.25,-23.38,-51.6,grandpas_village,3.30,rain,13.318,10.989,0.00,5.11,world
492.80,2026-08-30 02:14:18,27.32,0.65,-21.98,-51.6,grandpas_village,3.32,rain,13.318,10.989,0.00,3.89,world
493.30,2026-08-30 02:14:19,28.61,0.56,-20.62,58.0,grandpas_village,3.34,rain,12.090,12.190,0.00,5.43,world
493.80,2026-08-30 02:14:19,28.53,0.59,-20.50,5.5,grandpas_village,3.36,rain,12.090,12.190,0.00,5.50,world
494.30,2026-08-30 02:14:20,27.29,0.84,-18.51,-32.0,grandpas_village,3.38,rain,13.874,11.012,0.00,6.40,world
494.80,2026-08-30 02:14:20,25.98,0.90,-16.41,-32.0,grandpas_village,3.40,rain,13.874,11.012,0.00,5.99,world
495.30,2026-08-30 02:14:21,26.89,0.90,-15.66,92.3,grandpas_village,3.42,rain,12.853,12.485,0.00,6.90,world
495.80,2026-08-30 02:14:21,26.85,0.86,-18.01,-178.0,grandpas_village,3.44,rain,12.853,12.485,0.00,6.63,world
496.30,2026-08-30 02:14:22,27.38,0.78,-19.66,67.0,grandpas_village,3.46,rain,14.378,11.720,0.00,5.50,world
496.80,2026-08-30 02:14:22,28.16,0.72,-19.33,67.0,grandpas_village,3.48,rain,14.378,11.720,0.00,5.88,world
497.30,2026-08-30 02:14:23,27.51,0.84,-17.79,-23.0,grandpas_village,3.50,rain,13.462,10.966,0.00,6.86,world
497.80,2026-08-30 02:14:23,26.89,0.90,-15.75,61.0,grandpas_village,3.52,rain,13.462,10.966,0.00,6.89,world
498.30,2026-08-30 02:14:24,26.90,0.90,-16.56,-178.3,grandpas_village,3.54,rain,12.622,11.985,0.00,6.92,world
498.80,2026-08-30 02:14:24,26.83,0.85,-19.08,-178.3,grandpas_village,3.56,rain,12.622,11.985,0.00,5.67,world
499.30,2026-08-30 02:14:25,28.14,0.73,-19.27,67.4,grandpas_village,3.58,rain,14.506,11.309,0.00,5.91,world
499.80,2026-08-30 02:14:25,27.96,0.77,-18.84,-22.6,grandpas_village,3.60,rain,14.506,11.309,0.00,6.15,world
500.30,2026-08-30 02:14:26,27.03,0.90,-16.59,-22.6,grandpas_village,3.62,rain,15.390,13.979,0.00,7.05,world
500.80,2026-08-30 02:14:26,26.98,0.90,-15.91,90.9,grandpas_village,3.64,rain,15.390,13.979,0.00,6.98,world
501.30,2026-08-30 02:14:27,27.01,0.85,-18.19,-179.8,grandpas_village,3.66,rain,18.127,12.152,0.00,6.54,world
501.80,2026-08-30 02:14:27,27.52,0.75,-19.96,65.0,grandpas_village,3.68,rain,18.127,12.152,0.00,5.36,world
502.30,2026-08-30 02:14:28,28.26,0.69,-19.61,65.0,grandpas_village,3.70,rain,13.591,11.461,0.00,5.76,world
502.80,2026-08-30 02:14:28,27.52,0.83,-18.03,-25.0,grandpas_village,3.72,rain,13.591,11.461,0.00,6.77,world
503.30,2026-08-30 02:14:29,26.92,0.90,-16.07,69.5,grandpas_village,3.74,rain,13.554,11.159,0.00,6.93,world
503.80,2026-08-30 02:14:29,27.12,0.89,-17.16,178.4,grandpas_village,3.76,rain,13.554,11.159,0.00,7.22,world
504.30,2026-08-30 02:14:30,27.19,0.80,-19.69,178.4,grandpas_village,3.78,rain,14.330,12.558,0.00,5.37,world
504.80,2026-08-30 02:14:30,28.32,0.67,-19.80,63.7,grandpas_village,3.80,rain,14.330,12.558,0.00,5.68,world
505.30,2026-08-30 02:14:31,27.98,0.76,-19.11,-26.3,grandpas_village,3.82,rain,12.751,11.488,0.00,6.09,world
505.80,2026-08-30 02:14:31,26.90,0.90,-16.92,-26.3,grandpas_village,3.84,rain,12.751,11.488,0.00,6.97,world
506.30,2026-08-30 02:14:32,27.20,0.90,-16.57,107.6,grandpas_village,3.86,rain,14.314,11.880,0.00,7.22,world
506.80,2026-08-30 02:14:32,27.35,0.82,-18.98,176.6,grandpas_village,3.88,rain,14.314,11.880,0.00,6.03,world
507.30,2026-08-30 02:14:33,28.25,0.66,-20.22,61.4,grandpas_village,3.90,rain,14.256,11.493,0.00,5.69,world
507.80,2026-08-30 02:14:33,28.42,0.63,-20.10,40.4,grandpas_village,3.92,rain,14.256,11.493,0.00,5.58,world
508.30,2026-08-30 02:14:34,27.34,0.84,-18.11,-28.6,grandpas_village,3.94,rain,12.695,11.660,0.00,6.77,world
508.80,2026-08-30 02:14:34,27.24,0.90,-16.65,85.7,grandpas_village,3.96,rain,12.695,11.660,0.00,7.27,world
509.30,2026-08-30 02:14:35,27.35,0.84,-18.17,175.7,grandpas_village,3.98,rain,12.683,11.159,0.00,6.73,world
509.80,2026-08-30 02:14:35,27.64,0.72,-20.55,123.2,grandpas_village,4.00,rain,12.683,11.159,0.00,5.01,world
510.30,2026-08-30 02:14:36,28.47,0.61,-20.24,60.6,grandpas_village,4.02,rain,12.366,11.733,0.00,5.53,world
510.80,2026-08-30 02:14:36,27.76,0.78,-18.96,-29.4,grandpas_village,4.04,rain,12.366,11.733,0.00,6.28,world
511.30,2026-08-30 02:14:37,26.77,0.90,-16.94,33.6,grandpas_village,4.06,rain,12.871,13.257,0.00,6.84,world
511.80,2026-08-30 02:14:37,27.35,0.86,-17.47,174.8,grandpas_village,4.08,rain,12.871,13.257,0.00,7.11,world
512.30,2026-08-30 02:14:38,27.59,0.75,-20.00,174.8,grandpas_village,4.10,rain,15.363,11.801,0.00,5.37,world
512.80,2026-08-30 02:14:38,28.53,0.59,-20.41,59.4,grandpas_village,4.12,rain,15.363,11.801,0.00,5.48,world
513.30,2026-08-30 02:14:39,27.47,0.83,-18.60,-30.6,grandpas_village,4.14,rain,13.464,10.789,0.00,6.42,world
513.80,2026-08-30 02:14:39,27.28,0.88,-17.00,83.5,grandpas_village,4.16,rain,13.464,10.789,0.00,7.35,world
514.30,2026-08-30 02:14:40,27.51,0.83,-18.33,173.5,grandpas_village,4.18,rain,13.564,10.304,0.00,6.67,world
514.80,2026-08-30 02:14:40,27.84,0.68,-20.80,142.0,grandpas_village,4.20,rain,13.564,10.304,0.00,4.99,world
515.30,2026-08-30 02:14:41,28.41,0.62,-20.31,-26.0,grandpas_village,4.22,rain,11.726,10.765,0.00,5.60,world
515.80,2026-08-30 02:14:41,27.15,0.85,-18.29,-32.0,grandpas_village,4.24,rain,11.726,10.765,0.00,6.52,world
516.30,2026-08-30 02:14:42,27.44,0.87,-17.23,81.8,grandpas_village,4.26,rain,12.661,12.056,0.00,7.12,world
516.80,2026-08-30 02:14:42,27.73,0.77,-19.24,171.8,grandpas_village,4.28,rain,12.661,12.056,0.00,6.05,world
517.30,2026-08-30 02:14:43,28.44,0.56,-21.06,56.3,grandpas_village,4.30,rain,12.853,10.824,0.00,5.33,world
517.80,2026-08-30 02:14:43,28.16,0.68,-20.08,-33.8,grandpas_village,4.32,rain,12.853,10.824,0.00,5.71,world
518.30,2026-08-30 02:14:44,26.82,0.86,-18.08,-33.8,grandpas_village,4.34,rain,13.492,12.401,0.00,6.56,world
518.80,2026-08-30 02:14:44,27.54,0.85,-17.53,79.8,grandpas_village,4.36,rain,13.492,12.401,0.00,6.92,world
519.30,2026-08-30 02:14:45,28.14,0.73,-19.26,67.6,grandpas_village,4.38,rain,12.015,10.651,0.00,5.91,world
519.80,2026-08-30 02:14:45,27.51,0.84,-17.79,-22.9,grandpas_village,4.40,rain,12.015,10.651,0.00,6.85,world
520.30,2026-08-30 02:14:46,26.55,0.90,-15.52,-22.9,grandpas_village,4.42,rain,12.740,12.315,0.00,6.57,world
520.80,2026-08-30 02:14:46,26.29,0.90,-13.92,102.4,grandpas_village,4.44,rain,12.740,12.315,0.00,6.63,world
521.30,2026-08-30 02:14:47,26.25,0.90,-15.78,-170.3,grandpas_village,4.46,rain,12.377,10.436,0.00,6.25,world
521.80,2026-08-30 02:14:47,25.85,0.90,-18.22,168.7,grandpas_village,4.48,rain,12.377,10.436,0.00,6.07,world
522.30,2026-08-30 02:14:48,27.72,0.82,-18.06,76.0,grandpas_village,4.50,rain,12.584,10.237,0.00,6.57,world
522.80,2026-08-30 02:14:48,27.85,0.80,-18.50,165.2,grandpas_village,4.52,rain,12.584,10.237,0.00,6.33,world
523.30,2026-08-30 02:14:49,28.51,0.56,-20.98,165.2,grandpas_village,4.54,rain,10.816,10.492,0.00,5.43,world
523.80,2026-08-30 02:14:49,29.18,0.22,-23.48,165.2,grandpas_village,4.56,rain,10.816,10.492,0.00,5.20,world
524.30,2026-08-30 02:14:50,29.73,0.06,-23.90,27.9,grandpas_village,4.58,rain,11.405,11.559,0.00,5.73,world
524.80,2026-08-30 02:14:50,28.16,0.49,-22.65,-51.6,grandpas_village,4.60,rain,11.405,11.559,0.00,4.37,world
525.30,2026-08-30 02:14:51,27.62,0.67,-21.25,58.0,grandpas_village,4.62,rain,14.241,9.905,0.00,4.55,world
525.80,2026-08-30 02:14:51,28.61,0.56,-20.63,57.9,grandpas_village,4.64,rain,14.241,9.905,0.00,5.43,world
526.30,2026-08-30 02:14:52,27.88,0.75,-19.46,-32.1,grandpas_village,4.66,rain,11.629,10.954,0.00,5.97,world
526.80,2026-08-30 02:14:52,26.59,0.90,-17.40,-32.1,grandpas_village,4.68,rain,11.629,10.954,0.00,6.74,world
527.30,2026-08-30 02:14:53,25.83,0.90,-15.60,73.0,grandpas_village,4.70,rain,13.383,10.317,0.00,5.84,world
527.80,2026-08-30 02:14:53,26.89,0.90,-16.84,-178.1,grandpas_village,4.72,rain,13.383,10.317,0.00,6.94,world
528.82,2026-08-30 02:14:54,26.86,0.87,-17.72,-178.1,grandpas_village,4.76,rain,14.727,15.202,0.00,6.90,world
530.12,2026-08-30 02:14:56,26.86,0.87,-17.72,-178.1,grandpas_village,4.81,rain,13.341,6.530,0.00,6.90,world
530.62,2026-08-30 02:14:56,27.12,0.90,-16.31,18.9,grandpas_village,4.83,rain,13.341,6.530,0.00,7.13,world
531.12,2026-08-30 02:14:57,26.51,0.90,-14.53,27.8,grandpas_village,4.85,rain,11.936,10.367,0.00,6.67,world
531.62,2026-08-30 02:14:57,25.99,0.90,-13.03,38.2,grandpas_village,4.87,rain,11.936,10.367,0.00,6.44,world
532.12,2026-08-30 02:14:58,25.59,0.90,-11.88,48.3,grandpas_village,4.89,rain,18.583,11.520,0.00,5.87,world
532.62,2026-08-30 02:14:58,25.32,0.90,-11.08,56.5,grandpas_village,4.91,rain,18.583,11.520,0.00,5.60,world
533.12,2026-08-30 02:14:59,24.84,0.90,-10.23,-31.9,grandpas_village,4.93,rain,16.146,14.207,0.00,5.62,world
533.62,2026-08-30 02:14:59,23.52,0.90,-8.11,-31.9,grandpas_village,4.95,rain,16.146,14.207,0.00,6.48,world
534.12,2026-08-30 02:15:00,24.14,0.90,-7.65,94.0,grandpas_village,4.97,rain,15.210,12.702,0.00,5.87,world
534.62,2026-08-30 02:15:00,24.02,0.90,-10.05,-176.6,grandpas_village,4.99,rain,15.210,12.702,0.00,6.32,world
535.12,2026-08-30 02:15:01,24.49,0.90,-11.51,57.5,grandpas_village,5.01,rain,13.993,11.309,0.00,6.35,world
535.62,2026-08-30 02:15:01,25.20,0.90,-10.73,5.0,grandpas_village,5.03,rain,13.993,11.309,0.00,5.52,world
536.12,2026-08-30 02:15:02,24.97,0.90,-10.07,67.6,grandpas_village,5.05,rain,10.716,9.709,0.00,5.44,world
536.62,2026-08-30 02:15:02,24.05,0.90,-10.45,-89.9,grandpas_village,5.07,rain,10.716,9.709,0.00,6.43,world
537.12,2026-08-30 02:15:03,22.87,0.90,-10.93,34.7,grandpas_village,5.09,rain,11.380,10.000,0.00,5.83,world
537.62,2026-08-30 02:15:03,23.61,0.90,-9.33,-22.4,grandpas_village,5.11,rain,11.380,10.000,0.00,6.52,world
538.12,2026-08-30 02:15:04,22.72,0.90,-7.06,9.2,grandpas_village,5.13,rain,11.197,8.650,0.00,7.34,world
538.62,2026-08-30 02:15:04,24.06,0.90,-7.41,96.3,grandpas_village,5.15,rain,11.197,8.650,0.00,5.97,world
539.12,2026-08-30 02:15:05,24.36,0.90,-8.30,87.2,grandpas_village,5.17,rain,10.358,8.923,0.00,5.65,world
539.62,2026-08-30 02:15:05,24.64,0.90,-9.10,161.0,grandpas_village,5.19,rain,10.358,8.923,0.00,5.48,world
540.12,2026-08-30 02:15:06,24.62,0.90,-9.27,108.2,grandpas_village,5.21,rain,12.592,9.443,0.00,5.53,world
540.62,2026-08-30 02:15:06,22.30,0.90,-9.82,-124.3,grandpas_village,5.23,rain,12.592,9.443,0.00,6.59,world
541.12,2026-08-30 02:15:07,23.67,0.90,-9.26,3.1,grandpas_village,5.25,rain,11.529,10.285,0.00,6.46,world
541.62,2026-08-30 02:15:07,23.12,0.90,-6.85,-13.3,grandpas_village,5.27,rain,11.529,10.285,0.00,6.97,world
542.12,2026-08-30 02:15:08,23.63,0.90,-6.19,106.6,grandpas_village,5.29,rain,12.901,9.917,0.00,6.62,world
542.62,2026-08-30 02:15:08,24.06,0.90,-7.43,96.1,grandpas_village,5.31,rain,12.901,9.917,0.00,5.97,world
543.12,2026-08-30 02:15:09,24.37,0.90,-8.32,87.0,grandpas_village,5.33,rain,11.661,9.646,0.00,5.64,world
543.62,2026-08-30 02:15:09,24.57,0.90,-8.91,161.0,grandpas_village,5.35,rain,11.661,9.646,0.00,5.50,world
544.12,2026-08-30 02:15:10,24.69,0.90,-9.26,76.7,grandpas_village,5.37,rain,9.852,9.081,0.00,5.46,world
544.62,2026-08-30 02:15:10,22.99,0.90,-9.66,-103.3,grandpas_village,5.39,rain,9.852,9.081,0.00,7.01,world
545.12,2026-08-30 02:15:11,23.21,0.90,-9.61,76.7,grandpas_village,5.41,rain,12.174,10.318,0.00,6.97,world
545.62,2026-08-30 02:15:11,23.29,0.90,-7.58,-13.3,grandpas_village,5.43,rain,12.174,10.318,0.00,6.72,world
546.12,2026-08-30 02:15:12,23.34,0.90,-5.81,108.2,grandpas_village,5.45,rain,11.009,8.464,0.00,7.01,world
546.62,2026-08-30 02:15:12,23.95,0.90,-7.09,99.2,grandpas_village,5.47,rain,11.009,8.464,0.00,6.12,world
547.12,2026-08-30 02:15:13,24.29,0.90,-8.09,89.4,grandpas_village,5.49,rain,10.018,8.255,0.00,5.71,world
547.62,2026-08-30 02:15:13,24.41,0.90,-8.45,85.4,grandpas_village,5.51,rain,10.018,8.255,0.00,5.60,world
548.12,2026-08-30 02:15:14,24.64,0.90,-10.25,173.6,grandpas_village,5.53,rain,10.733,8.526,0.00,5.81,world
548.62,2026-08-30 02:15:14,24.96,0.90,-12.63,131.6,grandpas_village,5.55,rain,10.733,8.526,0.00,6.00,world
549.12,2026-08-30 02:15:15,25.20,0.90,-11.45,-42.1,grandpas_village,5.57,rain,35.363,10.245,0.00,5.91,world
549.62,2026-08-30 02:15:15,23.52,0.90,-9.60,-42.1,grandpas_village,5.59,rain,35.363,10.245,0.00,6.67,world
550.12,2026-08-30 02:15:16,24.23,0.90,-8.63,83.7,grandpas_village,5.61,rain,12.077,8.723,0.00,5.81,world
550.62,2026-08-30 02:15:16,24.47,0.90,-8.64,104.7,grandpas_village,5.63,rain,12.077,8.723,0.00,5.57,world
551.12,2026-08-30 02:15:17,24.73,0.90,-11.00,173.7,grandpas_village,5.65,rain,9.828,9.067,0.00,6.07,world
551.62,2026-08-30 02:15:17,25.54,0.90,-12.08,47.5,grandpas_village,5.67,rain,9.828,9.067,0.00,6.05,world
552.12,2026-08-30 02:15:18,24.50,0.90,-10.49,-40.3,grandpas_village,5.69,rain,10.662,8.772,0.00,6.03,world
552.62,2026-08-30 02:15:18,23.05,0.90,-8.65,12.2,grandpas_village,5.71,rain,10.662,8.772,0.00,6.98,world
553.12,2026-08-30 02:15:19,24.40,0.90,-8.41,85.8,grandpas_village,5.73,rain,11.021,9.540,0.00,5.62,world
553.62,2026-08-30 02:15:19,24.69,0.90,-9.26,77.0,grandpas_village,5.75,rain,11.021,9.540,0.00,5.46,world
554.12,2026-08-30 02:15:20,23.32,0.90,-9.58,-103.3,grandpas_village,5.77,rain,10.824,10.242,0.00,6.87,world
554.62,2026-08-30 02:15:20,22.89,0.90,-9.68,76.7,grandpas_village,5.79,rain,10.824,10.242,0.00,6.95,world
555.12,2026-08-30 02:15:21,23.37,0.90,-7.90,-13.3,grandpas_village,5.81,rain,9.683,8.618,0.00,6.63,world
555.62,2026-08-30 02:15:21,23.08,0.90,-5.78,70.7,grandpas_village,5.83,rain,9.683,8.618,0.00,7.26,world
556.12,2026-08-30 02:15:22,23.89,0.90,-6.94,100.6,grandpas_village,5.85,rain,12.084,8.896,0.00,6.20,world
556.62,2026-08-30 02:15:22,24.25,0.90,-7.98,90.8,grandpas_village,5.87,rain,12.084,8.896,0.00,5.75,world
557.12,2026-08-30 02:15:23,24.44,0.90,-8.53,84.8,grandpas_village,5.89,rain,10.823,9.268,0.00,5.59,world
557.62,2026-08-30 02:15:23,24.61,0.90,-9.01,79.5,grandpas_village,5.91,rain,10.823,9.268,0.00,5.49,world
558.12,2026-08-30 02:15:24,22.56,0.90,-9.39,-100.6,grandpas_village,5.93,rain,10.110,9.057,0.00,7.09,world
558.62,2026-08-30 02:15:24,23.41,0.90,-9.21,58.4,grandpas_village,5.95,rain,10.110,9.057,0.00,6.70,world
559.12,2026-08-30 02:15:25,23.23,0.90,-6.94,-10.6,grandpas_village,5.97,rain,12.807,9.868,0.00,6.85,world
559.62,2026-08-30 02:15:25,23.47,0.90,-5.70,110.0,grandpas_village,5.99,rain,12.807,9.868,0.00,6.93,world
560.12,2026-08-30 02:15:26,23.93,0.90,-7.05,99.6,grandpas_village,6.01,rain,11.785,11.370,0.00,6.14,world
560.62,2026-08-30 02:15:26,24.28,0.90,-8.06,89.7,grandpas_village,6.03,rain,11.785,11.370,0.00,5.72,world
561.12,2026-08-30 02:15:27,24.39,0.90,-8.41,96.5,grandpas_village,6.05,rain,11.150,9.157,0.00,5.62,world
561.62,2026-08-30 02:15:27,24.56,0.90,-10.72,176.0,grandpas_village,6.07,rain,11.150,9.157,0.00,6.08,world
562.12,2026-08-30 02:15:28,25.27,0.90,-11.97,50.0,grandpas_village,6.09,rain,10.246,8.550,0.00,6.17,world
562.62,2026-08-30 02:15:28,24.53,0.90,-10.35,-38.4,grandpas_village,6.11,rain,10.246,8.550,0.00,5.95,world
563.12,2026-08-30 02:15:29,23.09,0.90,-8.43,3.6,grandpas_village,6.13,rain,11.941,9.382,0.00,6.93,world
563.62,2026-08-30 02:15:29,24.41,0.90,-8.44,85.7,grandpas_village,6.15,rain,11.941,9.382,0.00,5.61,world
564.12,2026-08-30 02:15:30,24.59,0.90,-8.96,80.0,grandpas_village,6.17,rain,11.871,9.974,0.00,5.50,world
564.62,2026-08-30 02:15:30,24.42,0.90,-9.21,140.8,grandpas_village,6.19,rain,11.871,9.974,0.00,5.71,world
565.12,2026-08-30 02:15:31,22.15,0.90,-9.70,-49.7,grandpas_village,6.21,rain,12.806,9.775,0.00,6.66,world
565.62,2026-08-30 02:15:31,23.61,0.90,-8.92,-12.2,grandpas_village,6.23,rain,12.806,9.775,0.00,6.46,world
566.12,2026-08-30 02:15:32,23.08,0.90,-6.47,-12.2,grandpas_village,6.25,rain,11.731,9.466,0.00,7.08,world
566.62,2026-08-30 02:15:32,23.65,0.90,-6.24,106.2,grandpas_village,6.27,rain,11.731,9.466,0.00,6.59,world
567.12,2026-08-30 02:15:33,24.08,0.90,-7.47,95.8,grandpas_village,6.29,rain,12.834,11.522,0.00,5.95,world
567.62,2026-08-30 02:15:33,24.38,0.90,-8.34,86.8,grandpas_village,6.31,rain,12.834,11.522,0.00,5.63,world
568.12,2026-08-30 02:15:34,24.57,0.90,-8.90,80.7,grandpas_village,6.33,rain,15.451,12.960,0.00,5.51,world
568.62,2026-08-30 02:15:34,24.69,0.90,-9.25,76.9,grandpas_village,6.35,rain,15.451,12.960,0.00,5.46,world
569.12,2026-08-30 02:15:35,22.52,0.90,-9.79,-103.2,grandpas_village,6.37,rain,15.910,12.077,0.00,6.70,world
569.62,2026-08-30 02:15:35,23.61,0.90,-9.44,34.5,grandpas_village,6.39,rain,15.910,12.077,0.00,6.55,world
570.12,2026-08-30 02:15:36,23.19,0.90,-7.11,-13.4,grandpas_village,6.41,rain,16.828,10.748,0.00,6.87,world
570.62,2026-08-30 02:15:36,23.59,0.90,-6.06,107.5,grandpas_village,6.43,rain,16.828,10.748,0.00,6.70,world
571.12,2026-08-30 02:15:37,24.03,0.90,-7.33,97.1,grandpas_village,6.45,rain,12.008,9.910,0.00,6.01,world
571.62,2026-08-30 02:15:37,24.34,0.90,-8.25,87.7,grandpas_village,6.47,rain,12.008,9.910,0.00,5.66,world
572.12,2026-08-30 02:15:38,24.53,0.90,-8.79,161.0,grandpas_village,6.49,rain,15.257,12.662,0.00,5.53,world
572.62,2026-08-30 02:15:38,24.69,0.90,-9.26,76.7,grandpas_village,6.51,rain,15.257,12.662,0.00,5.46,world
573.12,2026-08-30 02:15:39,22.91,0.90,-9.68,-103.3,grandpas_village,6.53,rain,12.572,10.521,0.00,6.96,world
573.62,2026-08-30 02:15:39,23.29,0.90,-9.59,76.7,grandpas_village,6.55,rain,12.572,10.521,0.00,6.89,world
574.12,2026-08-30 02:15:40,23.28,0.90,-7.50,-13.3,grandpas_village,6.57,rain,13.898,10.914,0.00,6.74,world
574.62,2026-08-30 02:15:40,23.42,0.90,-5.84,108.2,grandpas_village,6.59,rain,13.898,10.914,0.00,6.93,world
575.12,2026-08-30 02:15:41,23.96,0.90,-7.13,98.8,grandpas_village,6.61,rain,13.375,9.477,0.00,6.10,world
575.62,2026-08-30 02:15:41,24.30,0.90,-8.12,89.1,grandpas_village,6.63,rain,13.375,9.477,0.00,5.70,world
576.12,2026-08-30 02:15:42,24.52,0.90,-8.76,82.3,grandpas_village,6.65,rain,11.960,8.821,0.00,5.53,world
576.62,2026-08-30 02:15:42,24.16,0.90,-9.19,173.5,grandpas_village,6.67,rain,11.960,8.821,0.00,5.96,world
577.12,2026-08-30 02:15:43,22.12,0.90,-9.60,-17.1,grandpas_village,6.69,rain,12.900,9.901,0.00,6.75,world
577.62,2026-08-30 02:15:43,23.55,0.90,-8.59,-11.4,grandpas_village,6.71,rain,12.900,9.901,0.00,6.47,world
578.12,2026-08-30 02:15:44,23.06,0.90,-6.14,-11.4,grandpas_village,6.73,rain,12.701,9.397,0.00,7.19,world
578.62,2026-08-30 02:15:44,23.68,0.90,-6.32,105.6,grandpas_village,6.75,rain,12.701,9.397,0.00,6.54,world
579.12,2026-08-30 02:15:45,24.10,0.90,-7.53,95.2,grandpas_village,6.77,rain,12.299,9.404,0.00,5.92,world
579.62,2026-08-30 02:15:45,24.33,0.90,-8.22,87.8,grandpas_village,6.79,rain,12.299,9.404,0.00,5.67,world
580.12,2026-08-30 02:15:46,24.48,0.90,-8.65,83.5,grandpas_village,6.81,rain,13.919,10.147,0.00,5.56,world
581.42,2026-08-30 02:15:47,24.53,0.90,-8.78,82.2,grandpas_village,6.87,rain,11.870,9.627,0.00,5.53,world
582.40,2026-08-30 02:15:48,24.53,0.90,-8.78,82.2,grandpas_village,6.91,rain,14.610,8.831,0.00,5.53,world
582.90,2026-08-30 02:15:48,24.69,0.90,-9.26,127.4,grandpas_village,6.93,rain,14.610,8.831,0.00,5.46,world
583.40,2026-08-30 02:15:49,24.07,0.90,-10.06,-142.6,grandpas_village,6.95,rain,11.608,9.281,0.00,6.28,world
583.90,2026-08-30 02:15:49,22.64,0.90,-11.80,-142.6,grandpas_village,6.97,rain,11.608,9.281,0.00,4.96,world
584.40,2026-08-30 02:15:50,24.43,0.90,-12.55,120.3,grandpas_village,6.99,rain,9.820,8.951,0.00,5.62,world
584.90,2026-08-30 02:15:50,26.29,0.90,-13.91,119.9,grandpas_village,7.01,rain,9.820,8.951,0.00,6.63,world
585.40,2026-08-30 02:15:51,26.89,0.90,-15.65,116.2,grandpas_village,7.03,rain,9.324,8.796,0.00,6.90,world
585.90,2026-08-30 02:15:51,27.46,0.87,-17.29,112.3,grandpas_village,7.05,rain,9.324,8.796,0.00,7.08,world
586.40,2026-08-30 02:15:52,27.98,0.78,-18.80,108.2,grandpas_village,7.07,rain,10.212,8.612,0.00,6.14,world
586.90,2026-08-30 02:15:52,28.45,0.63,-20.18,104.1,grandpas_village,7.09,rain,10.212,8.612,0.00,5.55,world
587.40,2026-08-30 02:15:53,28.88,0.46,-21.43,99.9,grandpas_village,7.11,rain,13.408,9.443,0.00,5.31,world
587.90,2026-08-30 02:15:53,29.26,0.29,-22.52,96.0,grandpas_village,7.13,rain,13.408,9.443,0.00,5.37,world
588.40,2026-08-30 02:15:54,29.59,0.13,-23.48,92.3,grandpas_village,7.15,rain,10.923,9.479,0.00,5.61,world
588.90,2026-08-30 02:15:54,29.87,0.00,-24.29,88.9,grandpas_village,7.17,rain,10.923,9.479,0.00,5.88,world
589.40,2026-08-30 02:15:55,30.11,-0.11,-24.99,86.0,grandpas_village,7.19,rain,15.978,12.287,0.00,6.19,world
589.90,2026-08-30 02:15:55,30.31,-0.22,-25.57,83.5,grandpas_village,7.21,rain,15.978,12.287,0.00,6.50,world
590.40,2026-08-30 02:15:56,30.48,-0.31,-26.06,81.4,grandpas_village,7.23,rain,10.809,9.357,0.00,6.80,world
590.90,2026-08-30 02:15:56,30.80,-0.53,-27.81,170.8,grandpas_village,7.25,rain,10.809,9.357,0.00,7.80,world
591.40,2026-08-30 02:15:57,31.22,-0.71,-30.34,170.8,grandpas_village,7.27,rain,12.297,10.962,0.00,8.83,world
591.90,2026-08-30 02:15:57,31.92,-0.79,-32.23,65.7,grandpas_village,7.29,rain,12.297,10.962,0.00,7.15,world
592.40,2026-08-30 02:15:58,34.05,-1.45,-30.79,55.7,grandpas_village,7.31,rain,10.065,8.864,0.00,6.54,world
592.90,2026-08-30 02:15:58,36.18,-2.22,-29.34,55.7,grandpas_village,7.33,rain,10.065,8.864,0.00,6.90,world
593.40,2026-08-30 02:15:59,38.30,-3.01,-27.90,55.6,grandpas_village,7.35,rain,9.795,8.368,0.00,6.91,world
593.90,2026-08-30 02:15:59,40.44,-3.67,-26.44,55.6,grandpas_village,7.37,rain,9.795,8.368,0.00,4.32,world
595.42,2026-08-30 02:16:01,42.48,-4.12,-25.05,55.5,grandpas_village,7.43,rain,10.685,8.068,0.00,1.84,world
596.52,2026-08-30 02:16:02,42.48,-4.12,-25.05,55.5,grandpas_village,7.47,rain,12.029,8.923,0.00,1.84,world
597.02,2026-08-30 02:16:03,44.03,-4.41,-25.85,117.5,grandpas_village,7.49,rain,12.705,9.303,0.00,1.85,world
597.52,2026-08-30 02:16:03,46.30,-4.58,-27.02,117.5,grandpas_village,7.51,rain,12.705,9.303,0.00,3.80,world
598.02,2026-08-30 02:16:04,48.46,-4.46,-28.15,117.6,the_rise,7.53,rain,11.502,9.344,0.00,3.99,world
599.50,2026-08-30 02:16:05,50.33,-4.17,-29.12,117.7,the_rise,7.59,rain,10.913,447.696,0.00,1.89,world
600.50,2026-08-30 02:16:06,50.33,-4.17,-29.12,117.7,the_rise,7.63,rain,10.980,9.449,0.00,1.89,world
601.00,2026-08-30 02:16:07,48.39,-4.09,-30.20,-119.2,the_rise,7.65,rain,10.049,9.253,0.00,3.62,world
601.50,2026-08-30 02:16:08,46.32,-3.81,-31.34,-119.2,grandpas_village,7.67,rain,12.356,431.271,0.00,5.83,world
602.00,2026-08-30 02:16:08,44.34,-3.41,-32.44,-119.3,grandpas_village,7.69,rain,12.356,431.271,0.00,7.27,world
602.50,2026-08-30 02:16:09,42.43,-2.93,-33.51,-119.4,grandpas_village,7.71,rain,11.490,10.201,0.00,5.08,world
603.00,2026-08-30 02:16:09,40.54,-2.43,-34.57,-119.4,grandpas_village,7.73,rain,11.490,10.201,0.00,2.92,world
604.15,2026-08-30 02:16:10,39.71,-2.22,-35.03,-119.5,grandpas_village,7.78,rain,10.741,9.863,0.00,1.97,world
605.07,2026-08-30 02:16:11,39.71,-2.22,-35.03,-119.5,grandpas_village,7.81,rain,11.211,8.641,0.00,1.97,world
605.57,2026-08-30 02:16:12,41.15,-2.21,-36.16,128.4,grandpas_village,7.83,rain,11.448,8.295,0.00,3.16,world
606.07,2026-08-30 02:16:12,43.06,-2.05,-37.66,128.5,grandpas_village,7.85,rain,11.448,8.295,0.00,3.76,world
607.32,2026-08-30 02:16:13,44.52,-1.88,-38.82,128.5,grandpas_village,7.90,rain,10.127,6.600,0.00,1.89,world
608.20,2026-08-30 02:16:14,44.52,-1.88,-38.82,128.5,grandpas_village,7.94,rain,10.127,6.600,0.00,1.89,world
608.70,2026-08-30 02:16:15,43.03,-1.82,-39.23,-105.6,grandpas_village,7.96,rain,11.868,11.956,0.00,3.07,world
609.20,2026-08-30 02:16:15,40.66,-1.72,-39.89,-105.7,grandpas_village,7.98,rain,11.868,11.956,0.00,4.71,world
609.70,2026-08-30 02:16:16,38.34,-1.53,-40.54,-105.7,grandpas_village,8.00,rain,10.810,8.519,0.00,4.55,world
610.20,2026-08-30 02:16:16,36.16,-1.15,-41.15,-105.7,grandpas_village,8.02,rain,10.810,8.519,0.00,5.31,world
610.70,2026-08-30 02:16:17,34.06,-0.68,-41.74,-105.7,grandpas_village,8.04,rain,10.504,9.036,0.00,4.26,world
611.20,2026-08-30 02:16:17,31.96,-0.21,-42.33,-105.6,grandpas_village,8.06,rain,10.504,9.036,0.00,4.01,world
611.70,2026-08-30 02:16:18,29.84,0.25,-42.92,-105.7,grandpas_village,8.08,rain,11.280,8.581,0.00,2.61,world
613.23,2026-08-30 02:16:19,27.84,0.66,-43.48,-105.7,grandpas_village,8.14,rain,11.920,9.386,0.00,1.91,world
614.35,2026-08-30 02:16:20,22.42,0.96,-38.74,87.2,grandpas_village,8.18,rain,14.699,5.218,0.00,4.76,combat
614.85,2026-08-30 02:16:21,22.42,0.96,-38.74,87.2,grandpas_village,8.20,rain,14.699,5.218,0.00,4.76,combat
615.35,2026-08-30 02:16:22,22.99,0.94,-39.10,122.1,grandpas_village,8.22,rain,11.060,10.540,0.00,5.20,combat_aim
615.85,2026-08-30 02:16:22,25.15,0.81,-40.45,122.1,grandpas_village,8.24,rain,11.060,10.540,0.00,3.65,combat_aim
616.35,2026-08-30 02:16:22,27.32,0.61,-41.81,122.1,grandpas_village,8.26,rain,18.851,14.271,0.00,2.56,combat_aim
616.85,2026-08-30 02:16:23,29.51,0.33,-43.17,122.2,grandpas_village,8.28,rain,18.851,14.271,0.00,3.61,combat_aim
617.35,2026-08-30 02:16:23,31.70,-0.02,-44.55,122.3,grandpas_village,8.30,rain,14.804,11.831,0.00,2.72,combat_aim
618.75,2026-08-30 02:16:25,32.41,-0.14,-44.99,122.4,grandpas_village,8.36,rain,12.611,10.342,0.00,1.88,combat
619.87,2026-08-30 02:16:26,32.41,-0.14,-44.99,122.4,grandpas_village,8.40,rain,11.662,10.215,0.00,1.88,combat
620.37,2026-08-30 02:16:27,32.41,-0.14,-44.99,122.4,grandpas_village,8.42,rain,10.016,9.361,0.00,1.88,combat
620.87,2026-08-30 02:16:27,31.94,-0.05,-44.79,-132.6,grandpas_village,8.44,rain,10.016,9.361,0.00,2.39,combat_aim
621.37,2026-08-30 02:16:28,29.83,0.32,-43.90,-67.4,grandpas_village,8.46,rain,11.005,9.629,0.00,3.83,combat_aim
621.87,2026-08-30 02:16:28,27.69,0.65,-43.01,-67.4,grandpas_village,8.48,rain,11.005,9.629,0.00,1.96,combat_aim
622.37,2026-08-30 02:16:29,25.49,0.87,-42.09,-67.5,grandpas_village,8.50,rain,13.230,9.443,0.00,1.98,combat_aim
622.87,2026-08-30 02:16:29,23.25,1.03,-41.15,-67.5,grandpas_village,8.52,rain,13.230,9.443,0.00,3.96,combat_aim
623.37,2026-08-30 02:16:30,20.99,1.15,-40.21,-67.5,grandpas_village,8.54,rain,12.122,9.055,0.00,6.28,combat_aim
623.87,2026-08-30 02:16:30,18.72,1.24,-39.27,-67.5,grandpas_village,8.56,rain,12.122,9.055,0.00,6.20,combat_aim
624.37,2026-08-30 02:16:31,16.42,1.25,-38.31,-67.5,grandpas_village,8.58,rain,12.294,10.266,0.00,7.05,combat_aim
624.87,2026-08-30 02:16:31,14.08,1.18,-37.34,-67.6,grandpas_village,8.60,rain,12.294,10.266,0.00,8.59,combat_aim
625.37,2026-08-30 02:16:32,11.74,1.06,-36.36,-67.6,grandpas_village,8.62,rain,11.973,9.571,0.00,6.20,combat_aim
625.87,2026-08-30 02:16:32,9.41,1.01,-35.40,-67.6,grandpas_village,8.64,rain,11.973,9.571,0.00,3.68,combat_aim
627.37,2026-08-30 02:16:34,7.75,1.00,-34.72,-67.7,grandpas_village,8.70,rain,11.648,7.724,0.00,1.89,combat
628.53,2026-08-30 02:16:35,7.75,1.00,-34.72,-67.7,grandpas_village,8.75,rain,12.269,11.756,0.00,1.89,combat
629.03,2026-08-30 02:16:35,6.58,0.97,-33.76,-50.6,grandpas_village,8.77,rain,12.209,424.882,0.00,0.63,world
629.53,2026-08-30 02:16:36,4.64,0.94,-32.16,-50.7,grandpas_village,8.79,rain,12.209,424.882,0.00,2.28,world
630.52,2026-08-30 02:16:37,3.45,0.94,-31.19,-50.7,grandpas_village,8.83,rain,10.805,9.590,0.00,1.88,world
631.27,2026-08-30 02:16:38,3.45,0.94,-31.19,-50.7,grandpas_village,8.86,rain,8.374,9.854,0.00,1.88,world
631.77,2026-08-30 02:16:38,2.47,0.94,-29.17,-26.0,grandpas_village,8.88,rain,8.374,9.854,0.00,0.95,world
632.27,2026-08-30 02:16:39,1.37,0.93,-26.92,-26.0,grandpas_village,8.90,rain,8.506,9.335,0.00,3.14,world
632.77,2026-08-30 02:16:39,0.28,0.93,-24.68,-26.0,grandpas_village,8.92,rain,8.506,9.335,0.00,5.21,world
633.27,2026-08-30 02:16:40,-0.81,0.93,-22.43,-26.0,grandpas_village,8.94,rain,9.373,9.375,0.00,2.71,world
634.08,2026-08-30 02:16:41,-1.16,0.90,-21.72,-26.0,grandpas_village,8.97,rain,8.601,9.262,0.00,1.91,world
634.78,2026-08-30 02:16:41,-1.16,0.90,-21.72,-26.0,grandpas_village,9.00,rain,8.601,9.262,0.00,1.91,world
635.28,2026-08-30 02:16:42,-2.40,0.93,-20.39,-43.1,grandpas_village,9.02,rain,8.264,8.574,0.00,0.56,world
635.78,2026-08-30 02:16:42,-4.11,0.91,-18.56,-43.1,grandpas_village,9.04,rain,8.264,8.574,0.00,2.56,world
636.28,2026-08-30 02:16:43,-5.82,0.90,-16.73,-43.1,grandpas_village,9.06,rain,9.851,9.292,0.00,4.99,world
636.78,2026-08-30 02:16:43,-7.46,1.09,-14.98,-43.1,grandpas_village,9.08,rain,9.851,9.292,0.00,2.72,world
637.28,2026-08-30 02:16:44,-9.15,1.14,-13.17,-43.2,grandpas_village,9.10,rain,8.968,8.817,0.00,1.19,world
637.78,2026-08-30 02:16:44,-10.84,1.20,-11.37,-43.2,grandpas_village,9.12,rain,8.968,8.817,0.00,2.76,world
638.28,2026-08-30 02:16:45,-12.55,1.20,-9.54,-43.2,grandpas_village,9.14,rain,8.926,8.573,0.00,2.12,world
639.00,2026-08-30 02:16:45,-12.75,1.20,-9.33,-43.2,grandpas_village,9.17,rain,8.926,8.573,0.00,1.83,world
639.70,2026-08-30 02:16:46,-12.75,1.20,-9.33,-43.2,grandpas_village,9.20,rain,10.194,8.948,0.00,1.83,world
640.20,2026-08-30 02:16:47,-11.82,1.20,-10.91,149.5,grandpas_village,9.22,rain,8.314,8.546,0.00,3.59,world
641.22,2026-08-30 02:16:48,-10.96,1.20,-12.38,149.5,grandpas_village,9.26,rain,9.530,8.437,0.00,1.88,world
642.00,2026-08-30 02:16:48,-10.96,1.20,-12.38,149.5,grandpas_village,9.29,rain,9.530,8.437,0.00,1.88,world
642.50,2026-08-30 02:16:49,-11.61,1.20,-10.67,-21.0,grandpas_village,9.31,rain,9.459,8.236,0.00,3.58,world
643.00,2026-08-30 02:16:49,-12.50,1.20,-8.34,-21.0,grandpas_village,9.33,rain,9.459,8.236,0.00,1.53,world
643.50,2026-08-30 02:16:50,-13.40,1.16,-5.99,-21.0,grandpas_village,9.35,rain,8.548,8.443,0.00,2.10,world
644.00,2026-08-30 02:16:50,-14.30,1.09,-3.64,-21.0,grandpas_village,9.37,rain,8.548,8.443,0.00,4.37,world
644.50,2026-08-30 02:16:51,-15.19,1.10,-1.31,-21.0,grandpas_village,9.39,rain,8.958,10.005,0.00,6.80,world
645.00,2026-08-30 02:16:51,-16.08,1.18,0.99,-21.0,grandpas_village,9.41,rain,8.958,10.005,0.00,5.37,world
645.50,2026-08-30 02:16:52,-16.94,1.36,3.24,-21.0,grandpas_village,9.43,rain,10.026,8.822,0.00,2.96,world
646.53,2026-08-30 02:16:53,-17.31,1.49,4.20,-21.0,grandpas_village,9.47,rain,10.981,9.064,0.00,1.93,world
647.43,2026-08-30 02:16:54,-17.31,1.49,4.20,-21.0,grandpas_village,9.51,rain,12.003,8.419,0.00,1.93,world
647.93,2026-08-30 02:16:54,-15.68,1.46,4.86,67.8,grandpas_village,9.53,rain,12.003,8.419,0.00,2.58,world
648.43,2026-08-30 02:16:55,-13.32,1.33,5.82,67.7,grandpas_village,9.55,rain,9.262,9.170,0.00,4.68,world
648.93,2026-08-30 02:16:55,-10.95,1.13,6.79,67.7,grandpas_village,9.57,rain,9.262,9.170,0.00,3.19,world
650.07,2026-08-30 02:16:56,-9.73,1.06,7.29,67.6,grandpas_village,9.61,rain,12.642,10.525,0.00,1.87,world
650.87,2026-08-30 02:16:57,-9.73,1.06,7.29,67.6,grandpas_village,9.64,rain,12.642,10.525,0.00,1.87,world
651.37,2026-08-30 02:16:58,-9.55,1.02,5.03,175.5,grandpas_village,9.66,rain,9.860,9.460,0.00,3.35,world
651.87,2026-08-30 02:16:58,-9.35,1.01,2.53,175.5,grandpas_village,9.68,rain,9.860,9.460,0.00,5.63,world
652.37,2026-08-30 02:16:59,-9.15,1.02,0.05,175.5,grandpas_village,9.70,rain,10.705,8.994,0.00,8.04,world
652.87,2026-08-30 02:16:59,-8.96,1.03,-2.44,175.5,grandpas_village,9.72,rain,10.705,8.994,0.00,7.51,world
653.37,2026-08-30 02:17:00,-8.76,1.04,-4.93,175.5,grandpas_village,9.74,rain,10.699,9.352,0.00,6.07,world
653.87,2026-08-30 02:17:00,-8.57,1.05,-7.42,175.5,grandpas_village,9.76,rain,10.699,9.352,0.00,5.46,world
654.37,2026-08-30 02:17:01,-8.37,0.97,-9.93,175.5,grandpas_village,9.78,rain,10.939,9.418,0.00,4.39,world
654.87,2026-08-30 02:17:01,-8.17,1.06,-12.37,175.5,grandpas_village,9.80,rain,10.939,9.418,0.00,2.45,world
655.37,2026-08-30 02:17:02,-7.97,1.11,-14.84,175.5,grandpas_village,9.82,rain,10.983,9.065,0.00,2.20,world
655.87,2026-08-30 02:17:02,-7.77,1.07,-17.33,175.5,grandpas_village,9.84,rain,10.983,9.065,0.00,4.01,world
656.37,2026-08-30 02:17:03,-7.57,1.04,-19.83,175.5,grandpas_village,9.86,rain,12.628,10.167,0.00,5.57,world
656.87,2026-08-30 02:17:03,-7.38,1.05,-22.32,175.5,grandpas_village,9.88,rain,12.628,10.167,0.00,5.86,world
657.37,2026-08-30 02:17:04,-7.18,1.05,-24.81,175.5,grandpas_village,9.90,rain,12.614,11.224,0.00,7.07,world
657.87,2026-08-30 02:17:04,-6.99,1.04,-27.31,175.6,grandpas_village,9.92,rain,12.614,11.224,0.00,8.85,world
658.37,2026-08-30 02:17:05,-6.79,1.07,-29.79,175.6,grandpas_village,9.94,rain,12.205,11.198,0.00,8.80,world
658.87,2026-08-30 02:17:05,-6.60,1.11,-32.26,175.6,grandpas_village,9.96,rain,12.205,11.198,0.00,8.89,world
659.37,2026-08-30 02:17:06,-6.41,1.13,-34.75,175.5,grandpas_village,9.98,rain,10.738,10.504,0.00,9.66,world
659.87,2026-08-30 02:17:06,-6.22,1.11,-37.25,175.5,grandpas_village,10.00,rain,10.738,10.504,0.00,10.96,world
660.37,2026-08-30 02:17:07,-6.14,1.11,-38.21,175.5,grandpas_village,10.01,rain,11.021,10.193,0.00,11.57,menu_build
660.87,2026-08-30 02:17:07,-6.13,1.11,-38.36,175.5,grandpas_village,10.03,rain,11.021,10.193,0.00,11.66,build_catalogue
661.37,2026-08-30 02:17:08,-6.13,1.11,-38.36,175.5,grandpas_village,10.05,rain,238.736,20.019,0.00,11.66,build_catalogue
661.87,2026-08-30 02:17:08,-6.13,1.11,-38.36,175.5,grandpas_village,10.07,rain,238.736,20.019,0.00,11.66,build_catalogue
662.37,2026-08-30 02:17:09,-6.13,1.11,-38.36,175.5,grandpas_village,10.09,rain,9.965,9.504,0.00,11.66,build_catalogue
662.87,2026-08-30 02:17:09,-6.13,1.11,-38.36,175.5,grandpas_village,10.11,rain,9.965,9.504,0.00,11.66,build_placement
663.37,2026-08-30 02:17:10,-6.13,1.11,-38.36,175.5,grandpas_village,10.13,rain,10.853,12.561,0.00,11.66,build_placement
663.87,2026-08-30 02:17:10,-6.13,1.11,-38.36,175.5,grandpas_village,10.15,rain,10.853,12.561,0.00,11.66,build_placement
664.37,2026-08-30 02:17:11,-6.13,1.11,-38.36,175.5,grandpas_village,10.17,rain,8.978,9.080,0.00,11.66,build_placement
664.92,2026-08-30 02:17:11,-6.13,1.11,-38.36,175.5,grandpas_village,10.19,rain,9.566,10.822,0.00,11.66,build_placement
665.42,2026-08-30 02:17:12,-6.13,1.11,-38.36,175.5,grandpas_village,10.21,rain,9.566,10.822,0.00,11.66,build_placement
665.92,2026-08-30 02:17:12,-6.13,1.11,-38.36,175.5,grandpas_village,10.23,rain,7.593,9.993,0.00,11.66,build_placement
666.42,2026-08-30 02:17:13,-6.13,1.11,-38.36,175.5,grandpas_village,10.25,rain,7.593,9.993,0.00,11.66,build_placement
666.92,2026-08-30 02:17:13,-6.14,1.11,-38.36,-174.0,grandpas_village,10.27,rain,10.460,11.780,0.00,11.67,build_placement
667.42,2026-08-30 02:17:14,-7.00,1.11,-36.32,-25.5,grandpas_village,10.29,rain,10.460,11.780,0.00,10.99,build_placement
668.00,2026-08-30 02:17:15,-7.15,1.09,-34.78,-25.5,grandpas_village,10.31,rain,8.191,10.154,0.00,10.32,build_placement
668.50,2026-08-30 02:17:15,-7.15,2.46,-34.78,-25.5,grandpas_village,10.33,rain,8.191,10.154,0.00,10.32,build_placement
669.00,2026-08-30 02:17:16,-7.15,1.09,-34.78,-25.5,grandpas_village,10.35,rain,8.490,10.262,0.00,10.32,build_placement
669.50,2026-08-30 02:17:16,-7.15,1.09,-34.78,-25.5,grandpas_village,10.37,rain,8.490,10.262,0.00,10.32,build_placement
670.00,2026-08-30 02:17:17,-7.15,1.09,-34.78,-25.5,grandpas_village,10.39,rain,8.137,9.469,0.00,10.32,build_placement
670.57,2026-08-30 02:17:17,-7.15,1.09,-34.78,-25.5,grandpas_village,10.42,rain,8.137,9.469,0.00,10.32,build_placement
671.07,2026-08-30 02:17:18,-7.15,2.03,-34.78,-25.5,grandpas_village,10.44,rain,6.852,9.444,0.00,10.32,build_placement
671.57,2026-08-30 02:17:18,-7.15,1.09,-34.78,-25.5,grandpas_village,10.46,rain,6.852,9.444,0.00,10.32,build_placement
672.07,2026-08-30 02:17:19,-7.15,1.09,-34.78,-25.5,grandpas_village,10.47,rain,8.014,9.561,0.00,10.32,build_placement
672.57,2026-08-30 02:17:19,-7.15,1.09,-34.78,-25.5,grandpas_village,10.50,rain,8.014,9.561,0.00,10.32,build_placement
673.07,2026-08-30 02:17:20,-7.15,1.09,-34.78,-25.5,grandpas_village,10.52,rain,7.571,9.323,0.00,10.32,build_placement
673.57,2026-08-30 02:17:20,-7.15,1.09,-34.78,-25.5,grandpas_village,10.53,rain,7.571,9.323,0.00,10.32,build_placement
674.07,2026-08-30 02:17:21,-7.15,1.09,-34.78,-25.5,grandpas_village,10.55,rain,9.397,10.076,0.00,10.32,build_placement
674.57,2026-08-30 02:17:21,-7.15,1.09,-34.78,-25.5,grandpas_village,10.57,rain,9.397,10.076,0.00,10.32,build_placement
675.07,2026-08-30 02:17:22,-7.81,1.08,-33.46,-25.5,grandpas_village,10.60,rain,7.640,9.291,0.00,10.41,build_placement
675.80,2026-08-30 02:17:22,-8.80,1.07,-31.39,-25.5,grandpas_village,10.62,rain,7.640,9.291,0.00,10.89,build_placement
676.30,2026-08-30 02:17:23,-8.80,2.44,-31.39,-25.5,grandpas_village,10.64,rain,9.163,9.414,0.00,10.89,build_placement
676.80,2026-08-30 02:17:23,-8.80,1.07,-31.39,-25.5,grandpas_village,10.66,rain,9.163,9.414,0.00,10.89,build_placement
677.30,2026-08-30 02:17:24,-8.80,1.07,-31.39,-25.5,grandpas_village,10.68,rain,9.091,10.494,0.00,10.89,build_placement
677.80,2026-08-30 02:17:24,-8.80,1.07,-31.39,-25.5,grandpas_village,10.70,rain,9.091,10.494,0.00,10.89,build_placement
678.30,2026-08-30 02:17:25,-8.80,2.07,-31.39,-25.5,grandpas_village,10.72,rain,7.553,8.839,0.00,10.89,build_placement
678.80,2026-08-30 02:17:25,-8.80,1.07,-31.39,-25.5,grandpas_village,10.74,rain,7.553,8.839,0.00,10.89,build_placement
679.30,2026-08-30 02:17:26,-8.80,1.07,-31.39,-25.5,grandpas_village,10.76,rain,9.833,9.254,0.00,10.89,build_placement
679.80,2026-08-30 02:17:26,-8.80,1.07,-31.39,-25.5,grandpas_village,10.78,rain,9.833,9.254,0.00,10.89,build_placement
680.30,2026-08-30 02:17:27,-8.80,1.07,-31.39,-25.5,grandpas_village,10.80,rain,8.646,8.384,0.00,10.89,build_placement
680.80,2026-08-30 02:17:27,-8.80,1.07,-31.39,-25.5,grandpas_village,10.82,rain,8.646,8.384,0.00,10.89,build_placement
681.30,2026-08-30 02:17:28,-8.80,1.07,-31.39,-25.5,grandpas_village,10.84,rain,7.486,8.558,0.00,10.89,build_placement
681.80,2026-08-30 02:17:28,-8.80,1.07,-31.39,-25.5,grandpas_village,10.86,rain,7.486,8.558,0.00,10.89,build_placement
682.30,2026-08-30 02:17:29,-8.80,1.07,-31.39,-25.5,grandpas_village,10.88,rain,7.082,8.463,0.00,10.89,build_placement
682.80,2026-08-30 02:17:29,-9.60,1.08,-29.78,-25.5,grandpas_village,10.90,rain,7.082,8.463,0.00,11.61,build_placement
683.50,2026-08-30 02:17:30,-10.44,1.08,-28.02,-25.5,grandpas_village,10.93,rain,9.387,8.446,0.00,11.65,build_placement
684.00,2026-08-30 02:17:31,-10.44,2.47,-28.02,-25.5,grandpas_village,10.95,rain,7.737,9.286,0.00,11.65,build_placement
684.50,2026-08-30 02:17:31,-10.44,1.08,-28.02,-25.5,grandpas_village,10.97,rain,7.737,9.286,0.00,11.65,build_placement
685.00,2026-08-30 02:17:32,-10.44,1.08,-28.02,-25.5,grandpas_village,10.99,rain,7.524,8.318,0.00,11.65,build_placement
685.50,2026-08-30 02:17:32,-10.44,1.08,-28.02,-25.5,grandpas_village,11.01,rain,7.524,8.318,0.00,11.65,build_placement
686.00,2026-08-30 02:17:33,-10.44,2.00,-28.02,-25.5,grandpas_village,11.03,rain,7.538,8.902,0.00,11.65,build_placement
686.50,2026-08-30 02:17:33,-10.44,1.08,-28.02,-25.5,grandpas_village,11.05,rain,7.538,8.902,0.00,11.65,build_placement
687.00,2026-08-30 02:17:34,-10.44,1.08,-28.02,-25.5,grandpas_village,11.07,rain,8.103,8.233,0.00,11.65,build_placement
687.50,2026-08-30 02:17:34,-10.44,1.08,-28.02,-25.5,grandpas_village,11.09,rain,8.103,8.233,0.00,11.65,build_placement
688.05,2026-08-30 02:17:35,-10.44,1.08,-28.02,-25.5,grandpas_village,11.11,rain,7.479,8.661,0.00,11.65,build_placement
688.55,2026-08-30 02:17:35,-10.44,1.08,-28.02,-25.5,grandpas_village,11.13,rain,7.479,8.661,0.00,11.65,build_placement
689.05,2026-08-30 02:17:36,-10.44,1.08,-28.02,-25.5,grandpas_village,11.15,rain,8.949,9.293,0.00,11.65,build_placement
689.55,2026-08-30 02:17:36,-10.44,1.08,-28.02,-25.5,grandpas_village,11.17,rain,8.949,9.293,0.00,11.65,build_placement
690.05,2026-08-30 02:17:37,-10.45,1.08,-28.02,-36.0,grandpas_village,11.19,rain,8.694,8.486,0.00,11.65,build_placement
690.55,2026-08-30 02:17:37,-11.46,1.08,-25.96,-25.5,grandpas_village,11.21,rain,8.694,8.486,0.00,11.18,build_placement
691.20,2026-08-30 02:17:38,-12.06,1.16,-24.69,-25.5,grandpas_village,11.24,rain,8.736,8.598,0.00,10.89,build_placement
691.70,2026-08-30 02:17:38,-12.06,2.46,-24.69,-25.5,grandpas_village,11.26,rain,8.736,8.598,0.00,10.89,build_placement
692.20,2026-08-30 02:17:39,-12.06,1.16,-24.69,-25.5,grandpas_village,11.28,rain,8.982,9.330,0.00,10.89,build_placement
692.70,2026-08-30 02:17:39,-12.06,1.16,-24.69,-25.5,grandpas_village,11.30,rain,8.982,9.330,0.00,10.89,build_placement
693.20,2026-08-30 02:17:40,-12.06,1.16,-24.69,-25.5,grandpas_village,11.32,rain,9.125,9.134,0.00,10.89,build_placement
693.70,2026-08-30 02:17:40,-12.06,1.89,-24.69,-25.5,grandpas_village,11.34,rain,9.125,9.134,0.00,10.89,build_placement
694.20,2026-08-30 02:17:41,-12.06,1.34,-24.69,-25.5,grandpas_village,11.36,rain,8.786,8.540,0.00,10.89,build_placement
694.70,2026-08-30 02:17:41,-12.06,1.16,-24.69,-25.5,grandpas_village,11.38,rain,8.786,8.540,0.00,10.89,build_placement
695.20,2026-08-30 02:17:42,-12.06,1.16,-24.69,-25.5,grandpas_village,11.40,rain,9.684,8.788,0.00,10.89,build_placement
695.70,2026-08-30 02:17:42,-12.06,1.16,-24.69,-25.5,grandpas_village,11.42,rain,9.684,8.788,0.00,10.89,build_placement
696.20,2026-08-30 02:17:43,-12.06,1.16,-24.69,-25.5,grandpas_village,11.44,rain,8.260,8.596,0.00,10.89,build_placement
696.70,2026-08-30 02:17:43,-12.06,1.16,-24.69,-25.5,grandpas_village,11.46,rain,8.260,8.596,0.00,10.89,build_placement
697.20,2026-08-30 02:17:44,-12.06,1.16,-24.69,-25.5,grandpas_village,11.48,rain,9.438,10.646,0.00,10.89,build_placement
697.70,2026-08-30 02:17:44,-12.06,1.16,-24.69,-25.5,grandpas_village,11.50,rain,9.438,10.646,0.00,10.89,build_placement
698.20,2026-08-30 02:17:45,-12.85,1.20,-23.10,-25.5,grandpas_village,11.52,rain,10.391,12.225,0.00,9.53,build_placement
698.87,2026-08-30 02:17:45,-13.69,1.20,-21.33,-25.5,grandpas_village,11.55,rain,10.391,12.225,0.00,8.21,build_placement
699.37,2026-08-30 02:17:46,-13.69,2.54,-21.33,-25.5,grandpas_village,11.57,rain,7.579,8.501,0.00,8.21,build_placement
699.87,2026-08-30 02:17:46,-13.69,1.20,-21.33,-25.5,grandpas_village,11.59,rain,7.579,8.501,0.00,8.21,build_placement
700.37,2026-08-30 02:17:47,-13.69,1.20,-21.33,-25.5,grandpas_village,11.61,rain,7.671,8.096,0.00,8.21,build_placement
700.87,2026-08-30 02:17:47,-13.69,1.20,-21.33,-25.5,grandpas_village,11.63,rain,7.671,8.096,0.00,8.21,build_placement
701.37,2026-08-30 02:17:48,-13.69,1.20,-21.33,-25.5,grandpas_village,11.65,rain,6.769,8.498,0.00,8.21,build_placement
701.87,2026-08-30 02:17:48,-13.69,2.31,-21.33,-25.5,grandpas_village,11.67,rain,6.769,8.498,0.00,8.21,build_placement
702.37,2026-08-30 02:17:49,-13.69,1.20,-21.33,-25.5,grandpas_village,11.69,rain,8.744,8.578,0.00,8.21,build_placement
702.87,2026-08-30 02:17:49,-13.69,1.20,-21.33,-25.5,grandpas_village,11.71,rain,8.744,8.578,0.00,8.21,build_placement
703.37,2026-08-30 02:17:50,-13.69,1.20,-21.33,-25.5,grandpas_village,11.73,rain,9.134,8.822,0.00,8.21,build_placement
703.87,2026-08-30 02:17:50,-13.69,1.20,-21.33,-25.5,grandpas_village,11.75,rain,9.134,8.822,0.00,8.21,build_placement
704.37,2026-08-30 02:17:51,-13.69,1.20,-21.33,-25.5,grandpas_village,11.77,rain,8.296,8.401,0.00,8.21,build_placement
704.87,2026-08-30 02:17:51,-13.69,1.20,-21.33,-25.5,grandpas_village,11.79,rain,8.296,8.401,0.00,8.21,build_placement
705.37,2026-08-30 02:17:52,-13.69,1.20,-21.33,-25.5,grandpas_village,11.81,rain,9.491,9.606,0.00,8.21,build_placement
705.87,2026-08-30 02:17:52,-13.70,1.20,-21.34,-36.0,grandpas_village,11.83,rain,9.491,9.606,0.00,8.22,build_placement
706.37,2026-08-30 02:17:53,-13.70,1.20,-21.34,-36.0,grandpas_village,11.85,rain,9.568,11.057,0.00,8.22,build_placement
706.92,2026-08-30 02:17:53,-13.70,1.34,-21.34,-36.0,grandpas_village,11.87,rain,8.398,8.152,0.00,8.22,build_placement
707.42,2026-08-30 02:17:54,-13.70,2.03,-21.34,-36.0,grandpas_village,11.89,rain,8.398,8.152,0.00,8.22,build_placement
707.92,2026-08-30 02:17:54,-13.70,1.20,-21.34,-36.0,grandpas_village,11.91,rain,7.922,8.913,0.00,8.22,build_placement
708.42,2026-08-30 02:17:55,-13.70,1.20,-21.34,-36.0,grandpas_village,11.93,rain,7.922,8.913,0.00,8.22,build_placement
708.92,2026-08-30 02:17:55,-13.70,1.20,-21.34,-36.0,grandpas_village,11.95,rain,9.748,9.416,0.00,8.22,build_placement
709.42,2026-08-30 02:17:56,-13.70,2.50,-21.34,-36.0,grandpas_village,11.97,rain,9.748,9.416,0.00,8.22,build_placement
709.92,2026-08-30 02:17:56,-13.70,1.20,-21.34,-36.0,grandpas_village,11.99,rain,8.731,8.475,0.00,8.22,build_placement
710.42,2026-08-30 02:17:57,-13.70,1.20,-21.34,-36.0,grandpas_village,12.01,rain,8.731,8.475,0.00,8.22,build_placement
710.92,2026-08-30 02:17:57,-13.70,1.20,-21.34,-36.0,grandpas_village,12.03,rain,7.882,8.662,0.00,8.22,build_placement
711.42,2026-08-30 02:17:58,-13.70,1.20,-21.34,-36.0,grandpas_village,12.05,rain,7.882,8.662,0.00,8.22,build_placement
711.92,2026-08-30 02:17:58,-13.70,1.20,-21.34,-36.0,grandpas_village,12.07,rain,10.257,8.475,0.00,8.22,build_placement
712.42,2026-08-30 02:17:59,-13.70,1.20,-21.34,-36.0,grandpas_village,12.09,rain,10.257,8.475,0.00,8.22,build_placement
712.92,2026-08-30 02:17:59,-13.70,1.20,-21.34,-36.0,grandpas_village,12.11,rain,8.601,8.497,0.00,8.22,build_placement
713.42,2026-08-30 02:18:00,-13.71,1.20,-21.34,-46.5,grandpas_village,12.13,rain,8.601,8.497,0.00,8.23,build_placement
713.92,2026-08-30 02:18:00,-13.71,1.20,-21.34,-46.5,grandpas_village,12.15,rain,8.470,8.466,0.00,8.23,build_placement
714.42,2026-08-30 02:18:01,-13.71,1.20,-21.34,-46.5,grandpas_village,12.17,rain,8.470,8.466,0.00,8.23,build_placement
714.92,2026-08-30 02:18:01,-13.71,2.58,-21.34,-46.5,grandpas_village,12.19,rain,8.979,9.124,0.00,8.23,build_placement
715.42,2026-08-30 02:18:02,-13.71,1.20,-21.34,-46.5,grandpas_village,12.21,rain,8.979,9.124,0.00,8.23,build_placement
715.92,2026-08-30 02:18:02,-13.71,1.20,-21.34,-46.5,grandpas_village,12.23,rain,8.069,8.829,0.00,8.23,build_placement
716.42,2026-08-30 02:18:03,-13.71,1.20,-21.34,-46.5,grandpas_village,12.25,rain,8.069,8.829,0.00,8.23,build_placement
716.92,2026-08-30 02:18:03,-13.71,2.57,-21.34,-46.5,grandpas_village,12.27,rain,10.578,10.159,0.00,8.23,build_placement
717.42,2026-08-30 02:18:04,-13.71,1.20,-21.34,-46.5,grandpas_village,12.29,rain,10.578,10.159,0.00,8.23,build_placement
717.92,2026-08-30 02:18:04,-13.71,1.20,-21.34,-46.5,grandpas_village,12.31,rain,10.573,8.975,0.00,8.23,build_placement
718.42,2026-08-30 02:18:05,-13.71,1.20,-21.34,-46.5,grandpas_village,12.33,rain,10.573,8.975,0.00,8.23,build_placement
718.92,2026-08-30 02:18:05,-13.71,1.20,-21.34,-46.5,grandpas_village,12.35,rain,10.641,9.093,0.00,8.23,build_placement
719.42,2026-08-30 02:18:06,-13.71,1.20,-21.34,-46.5,grandpas_village,12.37,rain,10.641,9.093,0.00,8.23,build_placement
719.92,2026-08-30 02:18:06,-13.71,1.20,-21.34,-46.5,grandpas_village,12.39,rain,9.546,9.254,0.00,8.23,build_placement
720.42,2026-08-30 02:18:07,-13.71,1.20,-21.34,-46.5,grandpas_village,12.41,rain,9.546,9.254,0.00,8.23,build_placement
720.92,2026-08-30 02:18:07,-13.73,1.20,-21.35,-57.0,grandpas_village,12.43,rain,10.602,9.160,0.00,8.24,build_placement
721.42,2026-08-30 02:18:08,-13.73,1.20,-21.35,-57.0,grandpas_village,12.45,rain,10.602,9.160,0.00,8.24,build_placement
721.92,2026-08-30 02:18:09,-13.72,1.20,-19.94,0.1,grandpas_village,12.47,rain,9.715,472.422,0.00,7.01,build_placement
722.42,2026-08-30 02:18:09,-13.72,1.20,-17.44,0.1,grandpas_village,12.49,rain,9.715,472.422,0.00,5.06,build_placement
722.92,2026-08-30 02:18:10,-13.71,1.20,-14.94,0.1,grandpas_village,12.51,rain,9.561,9.335,0.00,3.83,build_placement
723.42,2026-08-30 02:18:10,-13.71,1.20,-12.44,0.1,grandpas_village,12.53,rain,9.561,9.335,0.00,4.02,build_placement
723.92,2026-08-30 02:18:11,-13.70,1.20,-9.94,0.1,grandpas_village,12.55,rain,10.479,12.740,0.00,1.96,build_placement
724.42,2026-08-30 02:18:11,-13.69,1.18,-7.43,0.1,grandpas_village,12.57,rain,10.479,12.740,0.00,0.64,build_placement
724.92,2026-08-30 02:18:12,-13.69,1.13,-4.92,0.1,grandpas_village,12.59,rain,11.056,9.888,0.00,3.10,build_placement
725.42,2026-08-30 02:18:12,-13.68,1.07,-2.40,0.1,grandpas_village,12.61,rain,11.056,9.888,0.00,5.61,build_placement
725.92,2026-08-30 02:18:13,-13.67,1.10,0.09,0.1,grandpas_village,12.63,rain,10.106,9.907,0.00,7.33,build_placement
726.42,2026-08-30 02:18:13,-13.67,1.17,2.56,0.1,grandpas_village,12.65,rain,10.106,9.907,0.00,5.53,build_placement
726.92,2026-08-30 02:18:14,-13.66,1.31,5.00,0.1,grandpas_village,12.67,rain,10.610,8.895,0.00,4.46,build_placement
727.42,2026-08-30 02:18:14,-13.65,1.49,7.41,0.1,grandpas_village,12.69,rain,10.610,8.895,0.00,4.58,build_placement
727.92,2026-08-30 02:18:15,-13.63,1.69,9.82,0.1,grandpas_village,12.71,rain,9.435,9.219,0.00,5.80,build_placement
728.42,2026-08-30 02:18:15,-13.62,1.86,12.25,0.1,grandpas_village,12.73,rain,9.435,9.219,0.00,7.04,build_placement
728.92,2026-08-30 02:18:16,-13.60,1.94,14.72,0.1,grandpas_village,12.75,rain,9.450,9.817,0.00,8.75,build_placement
729.42,2026-08-30 02:18:16,-13.59,1.92,17.23,0.1,grandpas_village,12.77,rain,9.450,9.817,0.00,10.79,build_placement
729.92,2026-08-30 02:18:17,-13.58,1.77,19.78,0.1,grandpas_village,12.79,rain,31.235,10.527,0.00,13.03,build_placement
730.42,2026-08-30 02:18:17,-13.57,1.46,22.36,0.1,grandpas_village,12.81,rain,31.235,10.527,0.00,15.40,build_placement
730.92,2026-08-30 02:18:18,-13.56,0.97,24.96,0.1,grandpas_village,12.83,rain,10.915,9.370,0.00,17.84,build_placement
731.42,2026-08-30 02:18:18,-13.56,0.39,27.55,0.1,grandpas_village,12.85,rain,10.915,9.370,0.00,20.32,build_placement
731.92,2026-08-30 02:18:19,-13.55,-0.30,30.13,0.1,grandpas_village,12.87,rain,11.114,10.465,0.00,22.82,build_placement
732.42,2026-08-30 02:18:19,-13.55,-1.02,32.71,0.1,grandpas_village,12.89,rain,11.114,10.465,0.00,25.32,build_placement
732.92,2026-08-30 02:18:20,-13.55,-1.61,35.30,0.1,corridor,12.91,rain,9.580,8.940,0.00,2.74,build_placement
733.42,2026-08-30 02:18:21,-13.54,-1.92,37.88,0.1,corridor,12.93,rain,9.533,501.331,0.00,2.17,build_placement
733.92,2026-08-30 02:18:21,-13.54,-1.95,40.39,0.1,corridor,12.95,rain,9.533,501.331,0.00,3.64,build_placement
734.42,2026-08-30 02:18:22,-13.53,-1.84,42.84,0.1,corridor,12.97,rain,8.106,9.505,0.00,3.20,build_placement
734.92,2026-08-30 02:18:22,-13.53,-1.72,45.28,0.1,corridor,12.99,rain,8.106,9.505,0.00,2.76,build_placement
735.42,2026-08-30 02:18:23,-13.52,-1.65,47.75,0.1,corridor,13.01,rain,9.260,10.615,0.00,2.30,build_placement
735.92,2026-08-30 02:18:23,-13.51,-1.60,50.23,0.1,corridor,13.03,rain,9.260,10.615,0.00,1.83,build_placement
736.42,2026-08-30 02:18:24,-13.51,-1.48,52.68,0.1,corridor,13.05,rain,9.312,9.812,0.00,3.36,build_placement
736.92,2026-08-30 02:18:24,-13.50,-1.30,55.09,0.1,corridor,13.07,rain,9.312,9.812,0.00,2.96,build_placement
737.42,2026-08-30 02:18:25,-13.49,-1.13,57.51,0.1,corridor,13.09,rain,9.081,11.396,0.00,2.54,build_placement
737.92,2026-08-30 02:18:25,-13.48,-1.05,59.97,0.1,corridor,13.11,rain,9.081,11.396,0.00,2.10,build_placement
738.42,2026-08-30 02:18:26,-13.47,-0.98,62.44,0.1,corridor,13.13,rain,9.460,10.508,0.00,3.60,build_placement
738.92,2026-08-30 02:18:26,-13.47,-0.99,64.94,0.1,corridor,13.15,rain,9.460,10.508,0.00,3.10,build_placement
739.42,2026-08-30 02:18:27,-13.47,-1.20,67.50,0.1,corridor,13.17,rain,10.104,11.377,0.00,2.55,build_placement
739.92,2026-08-30 02:18:27,-13.46,-1.66,70.10,0.1,corridor,13.19,rain,10.104,11.377,0.00,1.98,build_placement
740.42,2026-08-30 02:18:28,-13.46,-2.23,72.69,0.1,corridor,13.21,rain,9.054,14.725,0.00,3.35,build_placement
740.92,2026-08-30 02:18:28,-13.45,-2.74,75.29,0.1,corridor,13.23,rain,9.054,14.725,0.00,2.77,build_placement
741.42,2026-08-30 02:18:29,-13.45,-3.21,77.88,0.1,corridor,13.25,rain,10.060,11.319,0.00,2.19,build_placement
741.92,2026-08-30 02:18:29,-13.44,-3.62,80.48,0.1,corridor,13.27,rain,10.060,11.319,0.00,3.57,build_placement
742.42,2026-08-30 02:18:30,-13.43,-3.90,83.05,0.1,corridor,13.29,rain,10.488,12.935,0.00,3.00,build_placement
742.92,2026-08-30 02:18:30,-13.42,-4.08,85.61,0.1,corridor,13.31,rain,10.488,12.935,0.00,2.46,build_placement
743.42,2026-08-30 02:18:31,-13.41,-4.25,88.17,0.1,corridor,13.33,rain,8.850,10.664,0.00,1.93,build_placement
743.92,2026-08-30 02:18:31,-13.40,-4.50,90.74,0.1,corridor,13.35,rain,8.850,10.664,0.00,3.32,build_placement
744.42,2026-08-30 02:18:32,-13.40,-4.82,93.32,0.1,corridor,13.37,rain,9.347,11.445,0.00,2.74,build_placement
744.92,2026-08-30 02:18:32,-13.39,-5.08,95.90,0.1,corridor,13.39,rain,9.347,11.445,0.00,2.19,build_placement
745.42,2026-08-30 02:18:33,-13.39,-5.14,98.42,0.1,corridor,13.41,rain,9.841,12.213,0.00,3.63,build_placement
745.92,2026-08-30 02:18:33,-13.39,-5.00,100.85,0.1,corridor,13.43,rain,9.841,12.213,0.00,3.21,build_placement
746.42,2026-08-30 02:18:34,-13.39,-4.72,103.19,0.1,corridor,13.45,rain,9.352,10.473,0.00,2.87,build_placement
746.92,2026-08-30 02:18:34,-13.39,-4.41,105.53,0.1,corridor,13.47,rain,9.352,10.473,0.00,2.55,build_placement
747.42,2026-08-30 02:18:35,-13.39,-4.15,107.89,0.1,corridor,13.49,rain,9.951,15.557,0.00,2.20,build_placement
747.92,2026-08-30 02:18:35,-13.39,-3.90,110.26,0.1,corridor,13.51,rain,9.951,15.557,0.00,1.84,build_placement
748.42,2026-08-30 02:18:36,-13.39,-3.54,112.54,0.1,corridor,13.53,rain,9.724,10.629,0.00,3.51,build_placement
748.92,2026-08-30 02:18:36,-13.39,-3.09,114.75,0.1,corridor,13.55,rain,9.724,10.629,0.00,3.30,build_placement
749.42,2026-08-30 02:18:37,-13.39,-2.69,117.00,0.1,corridor,13.57,rain,10.566,10.800,0.00,3.06,build_placement
749.92,2026-08-30 02:18:37,-13.39,-2.47,119.39,0.1,corridor,13.59,rain,10.566,10.800,0.00,2.69,build_placement
750.42,2026-08-30 02:18:38,-13.38,-2.41,121.86,0.1,corridor,13.61,rain,9.988,10.233,0.00,2.23,build_placement
750.92,2026-08-30 02:18:38,-13.38,-2.36,124.34,0.1,corridor,13.63,rain,9.988,10.233,0.00,3.71,build_placement
751.42,2026-08-30 02:18:39,-13.38,-2.37,126.84,0.1,corridor,13.65,rain,9.417,10.341,0.00,3.22,build_placement
751.92,2026-08-30 02:18:39,-13.38,-1.00,128.76,0.1,corridor,13.67,rain,9.417,10.341,0.00,14.84,world
752.42,2026-08-30 02:18:40,-13.38,-2.65,129.97,0.1,corridor,13.69,rain,9.933,9.650,0.00,13.85,world
752.92,2026-08-30 02:18:40,-13.38,-2.65,129.97,0.1,corridor,13.71,rain,9.933,9.650,0.00,13.85,world
753.42,2026-08-30 02:18:41,-13.38,-2.65,129.97,0.1,corridor,13.73,rain,8.303,10.304,0.00,13.85,world
753.92,2026-08-30 02:18:41,-13.38,-2.65,129.97,0.1,corridor,13.75,rain,8.303,10.304,0.00,13.85,world
754.42,2026-08-30 02:18:42,-13.38,-2.65,129.97,0.1,corridor,13.77,rain,7.970,9.610,0.00,13.85,world
754.92,2026-08-30 02:18:42,-13.38,-2.65,129.97,0.1,corridor,13.79,rain,7.970,9.610,0.00,13.85,world
755.42,2026-08-30 02:18:43,-13.38,-2.65,129.97,0.1,corridor,13.81,rain,8.404,10.079,0.00,13.85,world
755.92,2026-08-30 02:18:43,-13.38,-2.65,129.97,0.1,corridor,13.83,rain,8.404,10.079,0.00,13.85,world
756.42,2026-08-30 02:18:44,-13.38,-2.65,129.97,0.1,corridor,13.85,rain,9.553,10.049,0.00,13.85,world
756.92,2026-08-30 02:18:44,-13.38,-2.65,129.97,0.1,corridor,13.87,rain,9.553,10.049,0.00,13.85,world
757.42,2026-08-30 02:18:45,-13.38,-2.65,129.97,0.1,corridor,13.89,rain,9.847,9.952,0.00,13.85,world
757.92,2026-08-30 02:18:45,-13.38,-2.65,129.97,0.1,corridor,13.91,rain,9.847,9.952,0.00,13.85,world
758.42,2026-08-30 02:18:46,-13.38,-2.65,129.97,0.1,corridor,13.93,rain,9.598,10.357,0.00,13.85,world
758.92,2026-08-30 02:18:46,-13.38,-2.65,129.97,0.1,corridor,13.95,rain,9.598,10.357,0.00,13.85,world
759.42,2026-08-30 02:18:47,-13.38,-2.65,129.97,0.1,corridor,13.97,rain,8.834,9.660,0.00,13.85,world
759.92,2026-08-30 02:18:47,-13.38,-2.65,129.97,0.1,corridor,13.99,rain,8.834,9.660,0.00,13.85,world
760.42,2026-08-30 02:18:48,-13.38,-2.65,129.97,0.1,corridor,14.01,rain,9.129,10.353,0.00,13.85,world
760.92,2026-08-30 02:18:48,-13.38,-2.65,129.97,0.1,corridor,14.03,rain,9.129,10.353,0.00,13.85,world
761.42,2026-08-30 02:18:49,-13.38,-2.65,129.97,0.1,corridor,14.05,rain,8.470,9.831,0.00,13.85,world
761.92,2026-08-30 02:18:49,-13.38,-2.65,129.97,0.1,corridor,14.07,rain,8.470,9.831,0.00,13.85,world
762.42,2026-08-30 02:18:50,-13.38,-2.65,129.97,0.1,corridor,14.09,rain,7.904,10.840,0.00,13.85,world
762.92,2026-08-30 02:18:50,-13.38,-2.65,129.97,0.1,corridor,14.11,rain,7.904,10.840,0.00,13.85,world
763.42,2026-08-30 02:18:51,-13.38,-2.65,129.97,0.1,corridor,14.13,rain,8.540,10.376,0.00,13.85,world
763.92,2026-08-30 02:18:51,-13.38,-2.65,129.97,0.1,corridor,14.15,rain,8.540,10.376,0.00,13.85,world
764.42,2026-08-30 02:18:52,-13.38,-2.65,129.97,0.1,corridor,14.17,rain,9.336,9.842,0.00,13.85,world
764.92,2026-08-30 02:18:52,-13.38,-2.65,129.97,0.1,corridor,14.19,rain,9.336,9.842,0.00,13.85,world
765.42,2026-08-30 02:18:53,-13.38,-2.65,129.97,0.1,corridor,14.21,rain,8.874,10.391,0.00,13.85,world
765.92,2026-08-30 02:18:53,-13.38,-2.65,129.97,0.1,corridor,14.23,rain,8.874,10.391,0.00,13.85,world
766.42,2026-08-30 02:18:54,-13.38,-2.65,129.97,0.1,corridor,14.25,rain,9.690,12.857,0.00,13.85,world
766.92,2026-08-30 02:18:54,-13.38,-2.65,129.97,0.1,corridor,14.27,rain,9.690,12.857,0.00,13.85,world
767.42,2026-08-30 02:18:55,-13.38,-2.65,129.97,0.1,corridor,14.29,rain,11.597,11.392,0.00,13.85,world
767.92,2026-08-30 02:18:55,-13.38,-2.65,129.97,0.1,corridor,14.31,rain,11.597,11.392,0.00,13.85,world
768.42,2026-08-30 02:18:56,-13.38,-2.65,129.97,0.1,corridor,14.33,rain,8.942,10.245,0.00,13.85,world
768.92,2026-08-30 02:18:56,-13.38,-2.65,129.97,0.1,corridor,14.35,rain,8.942,10.245,0.00,13.85,world
769.42,2026-08-30 02:18:57,-13.38,-2.65,129.97,0.1,corridor,14.37,rain,9.393,10.035,0.00,13.85,world
769.92,2026-08-30 02:18:57,-13.38,-2.65,129.97,0.1,corridor,14.39,rain,9.393,10.035,0.00,13.85,world
770.42,2026-08-30 02:18:58,-13.38,-2.65,129.97,0.1,corridor,14.41,rain,8.246,9.859,0.00,13.85,world
770.92,2026-08-30 02:18:58,-13.38,-2.65,129.97,0.1,corridor,14.43,rain,8.246,9.859,0.00,13.85,world
771.42,2026-08-30 02:18:59,-13.38,-2.65,129.97,0.1,corridor,14.45,rain,9.561,9.979,0.00,13.85,world
771.92,2026-08-30 02:18:59,-13.38,-2.65,129.97,0.1,corridor,14.47,rain,9.561,9.979,0.00,13.85,world
772.42,2026-08-30 02:19:00,-13.38,-2.65,129.97,0.1,corridor,14.49,rain,8.305,10.129,0.00,13.85,world
772.92,2026-08-30 02:19:00,-13.38,-2.65,129.97,0.1,corridor,14.51,rain,8.305,10.129,0.00,13.85,world
773.42,2026-08-30 02:19:01,-13.38,-2.65,129.97,0.1,corridor,14.53,rain,9.284,9.796,0.00,13.85,world
773.92,2026-08-30 02:19:01,-13.38,-2.65,129.97,0.1,corridor,14.55,rain,9.284,9.796,0.00,13.85,world
774.42,2026-08-30 02:19:02,-13.38,-2.65,129.97,0.1,corridor,14.57,rain,9.897,9.907,0.00,13.85,world
774.92,2026-08-30 02:19:02,-13.38,-2.65,129.97,0.1,corridor,14.59,rain,9.897,9.907,0.00,13.85,world
775.42,2026-08-30 02:19:03,-13.38,-2.65,129.97,0.1,corridor,14.61,rain,8.078,9.288,0.00,13.85,world
775.92,2026-08-30 02:19:03,-13.38,-2.65,129.97,0.1,corridor,14.63,rain,8.078,9.288,0.00,13.85,world
776.42,2026-08-30 02:19:04,-13.38,-2.65,129.97,0.1,corridor,14.65,rain,8.824,9.609,0.00,13.85,world
776.92,2026-08-30 02:19:04,-13.38,-2.65,129.97,0.1,corridor,14.67,rain,8.824,9.609,0.00,13.85,world
777.42,2026-08-30 02:19:05,-13.38,-2.65,129.97,0.1,corridor,14.69,rain,9.246,9.265,0.00,13.85,world
777.92,2026-08-30 02:19:05,-13.38,-2.65,129.97,0.1,corridor,14.71,rain,9.246,9.265,0.00,13.85,world
778.42,2026-08-30 02:19:06,-13.38,-2.65,129.97,0.1,corridor,14.73,rain,8.934,9.714,0.00,13.85,world
778.92,2026-08-30 02:19:06,-13.38,-2.65,129.97,0.1,corridor,14.75,rain,8.934,9.714,0.00,13.85,world
779.42,2026-08-30 02:19:07,-13.38,-2.65,129.97,0.1,corridor,14.77,rain,8.519,9.497,0.00,13.85,world
779.92,2026-08-30 02:19:07,-13.38,-2.65,129.97,0.1,corridor,14.79,rain,8.519,9.497,0.00,13.85,world
780.42,2026-08-30 02:19:08,-13.38,-2.65,129.97,0.1,corridor,14.81,rain,9.520,12.634,0.00,13.85,world
780.92,2026-08-30 02:19:08,-13.38,-2.65,129.97,0.1,corridor,14.83,rain,9.520,12.634,0.00,13.85,world
781.42,2026-08-30 02:19:09,-13.38,-2.65,129.97,0.1,corridor,14.85,rain,9.040,9.523,0.00,13.85,world
781.92,2026-08-30 02:19:09,-13.38,-2.65,129.97,0.1,corridor,14.87,rain,9.040,9.523,0.00,13.85,world
782.42,2026-08-30 02:19:10,-13.38,-2.65,129.97,0.1,corridor,14.89,rain,8.887,9.603,0.00,13.85,world
782.92,2026-08-30 02:19:10,-13.38,-2.65,129.97,0.1,corridor,14.91,rain,8.887,9.603,0.00,13.85,world
783.42,2026-08-30 02:19:11,-13.38,-2.65,129.97,0.1,corridor,14.93,rain,9.087,9.923,0.00,13.85,world
783.92,2026-08-30 02:19:11,-13.38,-2.65,129.97,0.1,corridor,14.95,rain,9.087,9.923,0.00,13.85,world
784.42,2026-08-30 02:19:12,-13.38,-2.65,129.97,0.1,corridor,14.97,rain,10.301,10.836,0.00,13.85,world
784.92,2026-08-30 02:19:12,-13.38,-2.65,129.97,0.1,corridor,14.99,rain,10.301,10.836,0.00,13.85,world
785.42,2026-08-30 02:19:13,-13.38,-2.65,129.97,0.1,corridor,15.01,rain,9.547,9.977,0.00,13.85,world
785.92,2026-08-30 02:19:13,-13.38,-2.65,129.97,0.1,corridor,15.03,rain,9.547,9.977,0.00,13.85,world
786.42,2026-08-30 02:19:14,-13.38,-2.65,129.97,0.1,corridor,15.05,rain,8.466,9.227,0.00,13.85,world
786.92,2026-08-30 02:19:14,-13.38,-2.65,129.97,0.1,corridor,15.07,rain,8.466,9.227,0.00,13.85,world
787.42,2026-08-30 02:19:15,-13.38,-2.65,129.97,0.1,corridor,15.09,rain,8.075,9.432,0.00,13.85,world
787.92,2026-08-30 02:19:15,-13.38,-2.65,129.97,0.1,corridor,15.11,rain,8.075,9.432,0.00,13.85,world
788.42,2026-08-30 02:19:16,-13.38,-2.65,129.97,0.1,corridor,15.13,rain,9.211,10.075,0.00,13.85,world
788.92,2026-08-30 02:19:16,-13.38,-2.65,129.97,0.1,corridor,15.15,rain,9.211,10.075,0.00,13.85,world
789.42,2026-08-30 02:19:17,-13.38,-2.65,129.97,0.1,corridor,15.17,rain,8.969,9.585,0.00,13.85,world
789.92,2026-08-30 02:19:17,-13.38,-2.65,129.97,0.1,corridor,15.19,rain,8.969,9.585,0.00,13.85,world
790.42,2026-08-30 02:19:18,-13.38,-2.65,129.97,0.1,corridor,15.21,rain,8.985,9.773,0.00,13.85,world
790.92,2026-08-30 02:19:18,-13.38,-2.65,129.97,0.1,corridor,15.23,rain,8.985,9.773,0.00,13.85,world
791.42,2026-08-30 02:19:19,-13.38,-2.65,129.97,0.1,corridor,15.25,rain,11.228,12.564,0.00,13.85,world
791.92,2026-08-30 02:19:19,-13.38,-2.65,129.97,0.1,corridor,15.27,rain,11.228,12.564,0.00,13.85,world
792.42,2026-08-30 02:19:20,-13.38,-2.65,129.97,0.1,corridor,15.29,rain,9.955,10.461,0.00,13.85,world
792.92,2026-08-30 02:19:20,-13.38,-2.65,129.97,0.1,corridor,15.31,rain,9.955,10.461,0.00,13.85,world
793.42,2026-08-30 02:19:21,-13.38,-2.65,129.97,0.1,corridor,15.33,rain,10.817,10.128,0.00,13.85,world
793.92,2026-08-30 02:19:21,-13.38,-2.65,129.97,0.1,corridor,15.35,rain,10.817,10.128,0.00,13.85,world
794.42,2026-08-30 02:19:22,-13.38,-2.65,129.97,0.1,corridor,15.37,rain,12.636,13.915,0.00,13.85,world
794.92,2026-08-30 02:19:22,-13.38,-2.65,129.97,0.1,corridor,15.39,rain,12.636,13.915,0.00,13.85,world
795.42,2026-08-30 02:19:23,-13.38,-2.65,129.97,0.1,corridor,15.41,rain,9.956,10.573,0.00,13.85,world
795.92,2026-08-30 02:19:23,-13.38,-2.65,129.97,0.1,corridor,15.43,rain,9.956,10.573,0.00,13.85,world
796.42,2026-08-30 02:19:24,-13.38,-2.65,129.97,0.1,corridor,15.45,rain,10.207,11.018,0.00,13.85,world
796.92,2026-08-30 02:19:24,-13.38,-2.65,129.97,0.1,corridor,15.47,rain,10.207,11.018,0.00,13.85,world
797.42,2026-08-30 02:19:25,-13.38,-2.65,129.97,0.1,corridor,15.49,rain,9.586,10.855,0.00,13.85,world
797.92,2026-08-30 02:19:25,-13.38,-2.65,129.97,0.1,corridor,15.51,rain,9.586,10.855,0.00,13.85,world
798.42,2026-08-30 02:19:26,-13.38,-2.65,129.97,0.1,corridor,15.53,rain,11.742,12.332,0.00,13.85,world
798.92,2026-08-30 02:19:26,-13.38,-2.65,129.97,0.1,corridor,15.55,rain,11.742,12.332,0.00,13.85,world
799.42,2026-08-30 02:19:27,-13.38,-2.65,129.97,0.1,corridor,15.57,rain,10.329,10.181,0.00,13.85,world
799.92,2026-08-30 02:19:27,-13.38,-2.65,129.97,0.1,corridor,15.59,rain,10.329,10.181,0.00,13.85,world
800.42,2026-08-30 02:19:28,-13.38,-2.65,129.97,0.1,corridor,15.61,rain,9.537,10.497,0.00,13.85,world
800.92,2026-08-30 02:19:28,-13.38,-2.65,129.97,0.1,corridor,15.63,rain,9.537,10.497,0.00,13.85,world
801.42,2026-08-30 02:19:29,-13.38,-2.65,129.97,0.1,corridor,15.65,rain,10.033,11.430,0.00,13.85,world
801.92,2026-08-30 02:19:29,-13.38,-2.65,129.97,0.1,corridor,15.67,rain,10.033,11.430,0.00,13.85,world
802.42,2026-08-30 02:19:30,-13.38,-2.65,129.97,0.1,corridor,15.69,rain,9.844,10.408,0.00,13.85,world
802.92,2026-08-30 02:19:30,-13.38,-2.65,129.97,0.1,corridor,15.71,rain,9.844,10.408,0.00,13.85,world
803.42,2026-08-30 02:19:31,-13.38,-2.65,129.97,0.1,corridor,15.73,rain,9.684,10.230,0.00,13.85,world
803.92,2026-08-30 02:19:31,-13.38,-2.65,129.97,0.1,corridor,15.75,rain,9.684,10.230,0.00,13.85,world
804.42,2026-08-30 02:19:32,-13.38,-2.65,129.97,0.1,corridor,15.77,rain,10.351,9.556,0.00,13.85,world
804.92,2026-08-30 02:19:32,-13.38,-2.65,129.97,0.1,corridor,15.79,rain,10.351,9.556,0.00,13.85,world
805.42,2026-08-30 02:19:33,-13.38,-2.65,129.97,0.1,corridor,15.81,rain,10.085,10.065,0.00,13.85,world
805.92,2026-08-30 02:19:33,-13.38,-2.65,129.97,0.1,corridor,15.83,rain,10.085,10.065,0.00,13.85,world
806.42,2026-08-30 02:19:34,-13.38,-2.65,129.97,0.1,corridor,15.85,rain,10.203,10.564,0.00,13.85,world
806.92,2026-08-30 02:19:34,-13.38,-2.65,129.97,0.1,corridor,15.87,rain,10.203,10.564,0.00,13.85,world
807.42,2026-08-30 02:19:35,-13.38,-2.65,129.97,0.1,corridor,15.89,rain,10.084,10.612,0.00,13.85,world
807.92,2026-08-30 02:19:35,-13.38,-2.65,129.97,0.1,corridor,15.91,rain,10.084,10.612,0.00,13.85,world
808.42,2026-08-30 02:19:36,-13.38,-2.65,129.97,0.1,corridor,15.93,rain,9.963,10.487,0.00,13.85,world
808.92,2026-08-30 02:19:36,-13.38,-2.65,129.97,0.1,corridor,15.95,rain,9.963,10.487,0.00,13.85,world
809.42,2026-08-30 02:19:37,-13.38,-2.65,129.97,0.1,corridor,15.97,rain,9.551,12.629,0.00,13.85,world
809.92,2026-08-30 02:19:37,-13.38,-2.65,129.97,0.1,corridor,15.99,rain,9.551,12.629,0.00,13.85,world
810.42,2026-08-30 02:19:38,-13.38,-2.65,129.97,0.1,corridor,16.01,rain,9.963,11.671,0.00,13.85,world
810.92,2026-08-30 02:19:38,-13.38,-2.65,129.97,0.1,corridor,16.03,rain,9.963,11.671,0.00,13.85,world
811.42,2026-08-30 02:19:39,-13.38,-2.65,129.97,0.1,corridor,16.05,rain,9.978,10.455,0.00,13.85,world
811.92,2026-08-30 02:19:39,-13.38,-2.65,129.97,0.1,corridor,16.07,rain,9.978,10.455,0.00,13.85,world
812.42,2026-08-30 02:19:40,-13.38,-2.65,129.97,0.1,corridor,16.09,rain,9.975,10.764,0.00,13.85,world
812.92,2026-08-30 02:19:40,-13.38,-2.65,129.97,0.1,corridor,16.11,rain,9.975,10.764,0.00,13.85,world
813.42,2026-08-30 02:19:41,-13.38,-2.65,129.97,0.1,corridor,16.13,rain,9.536,10.471,0.00,13.85,world
813.92,2026-08-30 02:19:41,-13.38,-2.65,129.97,0.1,corridor,16.15,rain,9.536,10.471,0.00,13.85,world
814.42,2026-08-30 02:19:42,-13.38,-2.65,129.97,0.1,corridor,16.17,rain,9.533,10.393,0.00,13.85,world
814.92,2026-08-30 02:19:42,-13.38,-2.65,129.97,0.1,corridor,16.19,rain,9.533,10.393,0.00,13.85,world
815.42,2026-08-30 02:19:43,-13.38,-2.65,129.97,0.1,corridor,16.21,rain,11.063,12.884,0.00,13.85,world
815.92,2026-08-30 02:19:43,-13.38,-2.65,129.97,0.1,corridor,16.23,rain,11.063,12.884,0.00,13.85,world
816.42,2026-08-30 02:19:44,-13.38,-2.65,129.97,0.1,corridor,16.25,rain,14.851,12.886,0.00,13.85,world
816.92,2026-08-30 02:19:44,-13.38,-2.65,129.97,0.1,corridor,16.27,rain,14.851,12.886,0.00,13.85,world
817.42,2026-08-30 02:19:45,-13.38,-2.65,129.97,0.1,corridor,16.29,rain,10.799,10.378,0.00,13.85,world
817.92,2026-08-30 02:19:45,-13.38,-2.65,129.97,0.1,corridor,16.31,rain,10.799,10.378,0.00,13.85,world
818.42,2026-08-30 02:19:46,-13.38,-2.65,129.97,0.1,corridor,16.33,rain,10.466,10.352,0.00,13.85,world
818.92,2026-08-30 02:19:46,-13.38,-2.65,129.97,0.1,corridor,16.35,rain,10.466,10.352,0.00,13.85,world
819.42,2026-08-30 02:19:47,-13.38,-2.65,129.97,0.1,corridor,16.37,rain,9.142,9.865,0.00,13.85,world
819.92,2026-08-30 02:19:47,-13.38,-2.65,129.97,0.1,corridor,16.39,rain,9.142,9.865,0.00,13.85,world
820.42,2026-08-30 02:19:48,-13.38,-2.65,129.97,0.1,corridor,16.41,rain,11.549,11.872,0.00,13.85,world
820.92,2026-08-30 02:19:48,-13.38,-2.65,129.97,0.1,corridor,16.43,rain,11.549,11.872,0.00,13.85,world
821.42,2026-08-30 02:19:49,-13.38,-2.65,129.97,0.1,corridor,16.45,rain,9.466,11.133,0.00,13.85,world
821.92,2026-08-30 02:19:49,-13.38,-2.65,129.97,0.1,corridor,16.47,rain,9.466,11.133,0.00,13.85,world
822.42,2026-08-30 02:19:50,-13.38,-2.65,129.97,0.1,corridor,16.49,rain,9.310,9.870,0.00,13.85,world
822.92,2026-08-30 02:19:50,-13.38,-2.65,129.97,0.1,corridor,16.51,rain,9.310,9.870,0.00,13.85,world
823.42,2026-08-30 02:19:51,-13.38,-2.65,129.97,0.1,corridor,16.53,rain,9.176,10.337,0.00,13.85,world
823.92,2026-08-30 02:19:51,-13.38,-2.65,129.97,0.1,corridor,16.55,rain,9.176,10.337,0.00,13.85,world
824.42,2026-08-30 02:19:52,-13.38,-2.65,129.97,0.1,corridor,16.57,rain,9.777,9.888,0.00,13.85,world
824.92,2026-08-30 02:19:52,-13.38,-2.65,129.97,0.1,corridor,16.59,rain,9.777,9.888,0.00,13.85,world
825.42,2026-08-30 02:19:53,-13.38,-2.65,129.97,0.1,corridor,16.61,rain,9.928,11.003,0.00,13.85,world
825.92,2026-08-30 02:19:53,-13.38,-2.65,129.97,0.1,corridor,16.63,rain,9.928,11.003,0.00,13.85,world
826.42,2026-08-30 02:19:54,-13.38,-2.65,129.97,0.1,corridor,16.65,rain,9.705,9.964,0.00,13.85,world
826.92,2026-08-30 02:19:54,-13.38,-2.65,129.97,0.1,corridor,16.67,rain,9.705,9.964,0.00,13.85,world
827.42,2026-08-30 02:19:55,-13.38,-2.65,129.97,0.1,corridor,16.69,rain,10.489,9.653,0.00,13.85,world
827.92,2026-08-30 02:19:55,-13.38,-2.65,129.97,0.1,corridor,16.71,rain,10.489,9.653,0.00,13.85,world
828.42,2026-08-30 02:19:56,-13.38,-2.65,129.97,0.1,corridor,16.73,rain,9.995,11.269,0.00,13.85,world
828.92,2026-08-30 02:19:56,-13.38,-2.65,129.97,0.1,corridor,16.75,rain,9.995,11.269,0.00,13.85,world
829.42,2026-08-30 02:19:57,-13.38,-2.65,129.97,0.1,corridor,16.77,rain,10.099,19.749,0.00,13.85,world
829.92,2026-08-30 02:19:57,-13.38,-2.65,129.97,0.1,corridor,16.79,rain,10.099,19.749,0.00,13.85,world
830.42,2026-08-30 02:19:58,-13.38,-2.65,129.97,0.1,corridor,16.81,rain,9.563,10.484,0.00,13.85,world
830.92,2026-08-30 02:19:58,-13.38,-2.65,129.97,0.1,corridor,16.83,rain,9.563,10.484,0.00,13.85,world
831.42,2026-08-30 02:19:59,-13.38,-2.65,129.97,0.1,corridor,16.85,rain,10.156,10.408,0.00,13.85,world
831.92,2026-08-30 02:19:59,-13.38,-2.65,129.97,0.1,corridor,16.87,rain,10.156,10.408,0.00,13.85,world
832.42,2026-08-30 02:20:00,-13.38,-2.65,129.97,0.1,corridor,16.89,rain,10.836,10.583,0.00,13.85,world
832.92,2026-08-30 02:20:00,-13.38,-2.65,129.97,0.1,corridor,16.91,rain,10.836,10.583,0.00,13.85,world
833.42,2026-08-30 02:20:01,-13.38,-2.65,129.97,0.1,corridor,16.93,rain,9.339,10.581,0.00,13.85,world
833.92,2026-08-30 02:20:01,-13.38,-2.65,129.97,0.1,corridor,16.95,rain,9.339,10.581,0.00,13.85,world
834.42,2026-08-30 02:20:02,-13.38,-2.65,129.97,0.1,corridor,16.97,rain,9.463,10.653,0.00,13.85,world
834.92,2026-08-30 02:20:02,-13.38,-2.65,129.97,0.1,corridor,16.99,rain,9.463,10.653,0.00,13.85,world
835.42,2026-08-30 02:20:03,-13.38,-2.65,129.97,0.1,corridor,17.01,rain,9.765,10.930,0.00,13.85,world
835.92,2026-08-30 02:20:03,-13.38,-2.65,129.97,0.1,corridor,17.03,rain,9.765,10.930,0.00,13.85,world
836.42,2026-08-30 02:20:04,-13.38,-2.65,129.97,0.1,corridor,17.05,rain,9.632,9.899,0.00,13.85,world
836.92,2026-08-30 02:20:04,-13.38,-2.65,129.97,0.1,corridor,17.07,rain,9.632,9.899,0.00,13.85,world
837.42,2026-08-30 02:20:05,-13.38,-2.65,129.97,0.1,corridor,17.09,rain,10.647,10.303,0.00,13.85,world
837.92,2026-08-30 02:20:05,-13.38,-2.65,129.97,0.1,corridor,17.11,rain,10.647,10.303,0.00,13.85,world
838.42,2026-08-30 02:20:06,-13.38,-2.65,129.97,0.1,corridor,17.13,rain,10.816,11.958,0.00,13.85,world
838.92,2026-08-30 02:20:06,-13.38,-2.65,129.97,0.1,corridor,17.15,rain,10.816,11.958,0.00,13.85,world
839.42,2026-08-30 02:20:07,-13.38,-2.65,129.97,0.1,corridor,17.17,rain,10.448,9.953,0.00,13.85,world
839.92,2026-08-30 02:20:07,-13.38,-2.65,129.97,0.1,corridor,17.19,rain,10.448,9.953,0.00,13.85,world
840.42,2026-08-30 02:20:08,-13.38,-2.65,129.97,0.1,corridor,17.21,rain,14.873,13.265,0.00,13.85,world
840.92,2026-08-30 02:20:08,-13.38,-2.65,129.97,0.1,corridor,17.23,rain,14.873,13.265,0.00,13.85,world
841.42,2026-08-30 02:20:09,-13.38,-2.65,129.97,0.1,corridor,17.25,rain,10.504,10.377,0.00,13.85,world
841.92,2026-08-30 02:20:09,-13.38,-2.65,129.97,0.1,corridor,17.27,rain,10.504,10.377,0.00,13.85,world
842.42,2026-08-30 02:20:10,-13.38,-2.65,129.97,0.1,corridor,17.29,rain,10.011,10.566,0.00,13.85,world
842.92,2026-08-30 02:20:10,-13.38,-2.65,129.97,0.1,corridor,17.31,rain,10.011,10.566,0.00,13.85,world
843.42,2026-08-30 02:20:11,-13.38,-2.65,129.97,0.1,corridor,17.33,rain,11.178,9.922,0.00,13.85,world
843.92,2026-08-30 02:20:11,-13.38,-2.65,129.97,0.1,corridor,17.35,rain,11.178,9.922,0.00,13.85,world
844.42,2026-08-30 02:20:12,-13.38,-2.65,129.97,0.1,corridor,17.37,rain,9.866,9.858,0.00,13.85,world
844.92,2026-08-30 02:20:12,-13.38,-2.65,129.97,0.1,corridor,17.39,rain,9.866,9.858,0.00,13.85,world
845.42,2026-08-30 02:20:13,-13.38,-2.65,129.97,0.1,corridor,17.41,rain,9.247,10.800,0.00,13.85,world
845.92,2026-08-30 02:20:13,-13.38,-2.65,129.97,0.1,corridor,17.43,rain,9.247,10.800,0.00,13.85,world
846.42,2026-08-30 02:20:14,-13.38,-2.65,129.97,0.1,corridor,17.45,rain,9.256,9.751,0.00,13.85,world
846.92,2026-08-30 02:20:14,-13.38,-2.65,129.97,0.1,corridor,17.47,rain,9.256,9.751,0.00,13.85,world
847.42,2026-08-30 02:20:15,-13.38,-2.65,129.97,0.1,corridor,17.49,rain,8.848,9.796,0.00,13.85,world
847.92,2026-08-30 02:20:15,-13.38,-2.65,129.97,0.1,corridor,17.51,rain,8.848,9.796,0.00,13.85,world
848.42,2026-08-30 02:20:16,-13.38,-2.65,129.97,0.1,corridor,17.53,rain,10.080,9.802,0.00,13.85,world
848.92,2026-08-30 02:20:16,-13.38,-2.65,129.97,0.1,corridor,17.55,rain,10.080,9.802,0.00,13.85,world
849.42,2026-08-30 02:20:17,-13.38,-2.65,129.97,0.1,corridor,17.57,rain,8.579,9.264,0.00,13.85,world
849.92,2026-08-30 02:20:17,-13.38,-2.65,129.97,0.1,corridor,17.59,rain,8.579,9.264,0.00,13.85,world
850.42,2026-08-30 02:20:18,-13.38,-2.65,129.97,0.1,corridor,17.61,rain,11.392,11.565,0.00,13.85,world
850.92,2026-08-30 02:20:18,-13.38,-2.65,129.97,0.1,corridor,17.63,rain,11.392,11.565,0.00,13.85,world
851.42,2026-08-30 02:20:19,-13.38,-2.65,129.97,0.1,corridor,17.65,rain,10.913,10.790,0.00,13.85,world
851.92,2026-08-30 02:20:19,-13.38,-2.65,129.97,0.1,corridor,17.67,rain,10.913,10.790,0.00,13.85,world
852.42,2026-08-30 02:20:20,-13.38,-2.65,129.97,0.1,corridor,17.69,rain,10.174,10.839,0.00,13.85,world
852.92,2026-08-30 02:20:20,-13.38,-2.65,129.97,0.1,corridor,17.71,rain,10.174,10.839,0.00,13.85,world
853.42,2026-08-30 02:20:21,-13.38,-2.65,129.97,0.1,corridor,17.73,rain,11.016,10.732,0.00,13.85,world
853.92,2026-08-30 02:20:21,-13.38,-2.65,129.97,0.1,corridor,17.75,rain,11.016,10.732,0.00,13.85,world
854.42,2026-08-30 02:20:22,-13.38,-2.65,129.97,0.1,corridor,17.77,rain,10.981,10.944,0.00,13.85,world
854.92,2026-08-30 02:20:22,-13.38,-2.65,129.97,0.1,corridor,17.79,rain,10.981,10.944,0.00,13.85,world
855.42,2026-08-30 02:20:23,-13.38,-2.65,129.97,0.1,corridor,17.81,rain,10.534,11.137,0.00,13.85,world
855.92,2026-08-30 02:20:23,-13.38,-2.65,129.97,0.1,corridor,17.83,rain,10.534,11.137,0.00,13.85,world
856.42,2026-08-30 02:20:24,-13.38,-2.65,129.97,0.1,corridor,17.85,rain,11.094,11.446,0.00,13.85,world
856.92,2026-08-30 02:20:24,-13.38,-2.65,129.97,0.1,corridor,17.87,rain,11.094,11.446,0.00,13.85,world
857.42,2026-08-30 02:20:25,-13.38,-2.65,129.97,0.1,corridor,17.89,rain,9.638,9.729,0.00,13.85,world
857.92,2026-08-30 02:20:25,-13.38,-2.65,129.97,0.1,corridor,17.91,rain,9.638,9.729,0.00,13.85,world
858.42,2026-08-30 02:20:26,-13.38,-2.65,129.97,0.1,corridor,17.93,rain,10.145,9.756,0.00,13.85,world
858.92,2026-08-30 02:20:26,-13.38,-2.65,129.97,0.1,corridor,17.95,rain,10.145,9.756,0.00,13.85,world
859.42,2026-08-30 02:20:27,-13.38,-2.65,129.97,0.1,corridor,17.97,rain,10.198,10.152,0.00,13.85,world
859.92,2026-08-30 02:20:27,-13.38,-2.65,129.97,0.1,corridor,17.99,rain,10.198,10.152,0.00,13.85,world
860.42,2026-08-30 02:20:28,-13.38,-2.65,129.97,0.1,corridor,18.01,rain,10.014,12.063,0.00,13.85,world
860.92,2026-08-30 02:20:28,-13.38,-2.65,129.97,0.1,corridor,18.03,rain,10.014,12.063,0.00,13.85,world
861.42,2026-08-30 02:20:29,-13.38,-2.65,129.97,0.1,corridor,18.05,rain,9.743,10.465,0.00,13.85,world
861.92,2026-08-30 02:20:29,-13.38,-2.65,129.97,0.1,corridor,18.07,rain,9.743,10.465,0.00,13.85,world
862.42,2026-08-30 02:20:30,-13.38,-2.65,129.97,0.1,corridor,18.09,rain,10.067,10.049,0.00,13.85,world
862.92,2026-08-30 02:20:30,-13.38,-2.65,129.97,0.1,corridor,18.11,rain,10.067,10.049,0.00,13.85,world
863.42,2026-08-30 02:20:31,-13.38,-2.65,129.97,0.1,corridor,18.13,rain,12.611,10.731,0.00,13.85,world
863.92,2026-08-30 02:20:31,-13.38,-2.65,129.97,0.1,corridor,18.15,rain,12.611,10.731,0.00,13.85,world
864.42,2026-08-30 02:20:32,-13.38,-2.65,129.97,0.1,corridor,18.17,rain,8.700,9.353,0.00,13.85,world
864.92,2026-08-30 02:20:32,-13.38,-2.65,129.97,0.1,corridor,18.19,rain,8.700,9.353,0.00,13.85,world
865.42,2026-08-30 02:20:33,-13.38,-2.65,129.97,0.1,corridor,18.21,rain,10.817,11.277,0.00,13.85,world
865.92,2026-08-30 02:20:33,-13.38,-2.65,129.97,0.1,corridor,18.23,rain,10.817,11.277,0.00,13.85,world
866.42,2026-08-30 02:20:34,-13.38,-2.65,129.97,0.1,corridor,18.25,rain,10.537,10.123,0.00,13.85,world
866.92,2026-08-30 02:20:34,-13.38,-2.65,129.97,0.1,corridor,18.27,rain,10.537,10.123,0.00,13.85,world
867.42,2026-08-30 02:20:35,-13.38,-2.65,129.97,0.1,corridor,18.29,rain,9.360,10.204,0.00,13.85,world
867.92,2026-08-30 02:20:35,-13.38,-2.65,129.97,0.1,corridor,18.31,rain,9.360,10.204,0.00,13.85,world
868.42,2026-08-30 02:20:36,-13.38,-2.65,129.97,0.1,corridor,18.33,rain,9.046,10.206,0.00,13.85,world
868.92,2026-08-30 02:20:36,-13.38,-2.65,129.97,0.1,corridor,18.35,rain,9.046,10.206,0.00,13.85,world
869.42,2026-08-30 02:20:37,-13.38,-2.65,129.97,0.1,corridor,18.37,rain,10.195,10.025,0.00,13.85,world
869.92,2026-08-30 02:20:37,-13.38,-2.65,129.97,0.1,corridor,18.39,rain,10.195,10.025,0.00,13.85,world
870.42,2026-08-30 02:20:38,-13.38,-2.65,129.97,0.1,corridor,18.41,rain,9.593,10.866,0.00,13.85,world
870.92,2026-08-30 02:20:38,-13.38,-2.65,129.97,0.1,corridor,18.43,rain,9.593,10.866,0.00,13.85,world
871.42,2026-08-30 02:20:39,-13.38,-2.65,129.97,0.1,corridor,18.45,rain,10.785,10.942,0.00,13.85,world
871.95,2026-08-30 02:20:39,-13.38,-2.65,129.97,0.1,corridor,18.47,rain,10.785,10.942,0.00,13.85,world
872.45,2026-08-30 02:20:40,-13.38,-2.65,129.97,0.1,corridor,18.49,rain,11.632,10.079,0.00,13.85,world
872.95,2026-08-30 02:20:40,-13.38,-2.65,129.97,0.1,corridor,18.51,rain,11.632,10.079,0.00,13.85,world
873.45,2026-08-30 02:20:41,-13.38,-2.65,129.97,0.1,corridor,18.53,rain,25.036,9.931,0.00,13.85,world
873.95,2026-08-30 02:20:41,-13.38,-2.65,129.97,0.1,corridor,18.55,rain,25.036,9.931,0.00,13.85,world
874.45,2026-08-30 02:20:42,-13.38,-2.65,129.97,0.1,corridor,18.57,rain,11.939,14.409,0.00,13.85,world
874.97,2026-08-30 02:20:42,-13.38,-2.65,129.97,0.1,corridor,18.59,rain,11.939,14.409,0.00,13.85,world
875.47,2026-08-30 02:20:43,-13.17,-2.53,129.17,147.2,corridor,18.61,rain,10.506,11.562,0.00,14.38,world
875.97,2026-08-30 02:20:43,-12.59,-2.31,126.86,165.7,corridor,18.63,rain,10.506,11.562,0.00,16.05,world
876.47,2026-08-30 02:20:44,-11.98,-2.25,124.46,165.7,corridor,18.65,rain,13.545,12.493,0.00,17.95,world
876.97,2026-08-30 02:20:44,-11.37,-2.20,122.06,165.7,corridor,18.67,rain,13.545,12.493,0.00,19.98,world
877.47,2026-08-30 02:20:45,-10.76,-2.17,119.64,165.7,corridor,18.69,rain,11.080,12.552,0.00,22.12,world
877.97,2026-08-30 02:20:45,-10.13,-2.39,117.16,165.7,corridor,18.71,rain,11.080,12.552,0.00,24.38,world
878.47,2026-08-30 02:20:46,-9.49,-2.88,114.65,165.7,corridor,18.73,rain,10.151,9.935,0.00,26.73,world
878.97,2026-08-30 02:20:46,-8.85,-3.34,112.13,165.7,corridor,18.75,rain,10.151,9.935,0.00,29.12,world
879.47,2026-08-30 02:20:47,-8.23,-3.51,109.65,165.7,corridor,18.77,rain,9.768,9.675,0.00,29.09,world
879.97,2026-08-30 02:20:47,-8.33,-3.53,109.56,-152.3,corridor,18.79,rain,9.768,9.675,0.00,29.12,world
880.47,2026-08-30 02:20:48,-10.80,-3.83,108.94,-104.3,corridor,18.81,rain,9.845,9.845,0.00,29.66,world
880.97,2026-08-30 02:20:48,-11.87,-4.03,107.48,164.1,corridor,18.83,rain,9.845,9.845,0.00,29.01,world
881.47,2026-08-30 02:20:49,-10.88,-4.15,105.12,164.3,corridor,18.85,rain,9.782,10.006,0.00,27.88,world
881.97,2026-08-30 02:20:49,-9.88,-4.36,102.66,164.4,corridor,18.87,rain,9.782,10.006,0.00,25.40,world
882.47,2026-08-30 02:20:50,-9.20,-4.60,100.18,164.4,corridor,18.89,rain,9.180,9.763,0.00,23.69,world
882.97,2026-08-30 02:20:50,-8.52,-4.66,97.74,164.4,corridor,18.91,rain,9.180,9.763,0.00,22.22,world
883.47,2026-08-30 02:20:51,-7.88,-4.51,95.40,164.4,corridor,18.93,rain,9.028,10.640,0.00,21.00,world
883.97,2026-08-30 02:20:51,-7.25,-4.22,93.14,164.4,corridor,18.95,rain,9.028,10.640,0.00,20.03,world
884.47,2026-08-30 02:20:52,-6.62,-3.94,90.88,164.4,corridor,18.97,rain,9.305,10.815,0.00,19.38,world
884.97,2026-08-30 02:20:52,-5.97,-3.78,88.54,164.4,corridor,18.99,rain,9.305,10.815,0.00,19.55,world
885.47,2026-08-30 02:20:53,-5.30,-3.80,86.12,164.4,corridor,19.01,rain,11.351,11.574,0.00,17.21,world
885.97,2026-08-30 02:20:53,-4.65,-3.67,83.77,164.4,corridor,19.03,rain,11.351,11.574,0.00,14.98,world
886.47,2026-08-30 02:20:54,-4.04,-3.28,81.59,164.4,corridor,19.05,rain,11.777,14.015,0.00,12.98,world
886.97,2026-08-30 02:20:54,-3.46,-2.79,79.51,164.4,corridor,19.07,rain,11.777,14.015,0.00,11.17,world
887.47,2026-08-30 02:20:55,-2.88,-2.30,77.41,164.4,corridor,19.09,rain,11.890,12.368,0.00,9.02,world
887.97,2026-08-30 02:20:55,-2.27,-1.91,75.24,164.4,corridor,19.11,rain,11.890,12.368,0.00,7.22,world
888.47,2026-08-30 02:20:56,-1.66,-1.53,73.06,164.4,corridor,19.13,rain,15.395,12.453,0.00,5.75,world
888.97,2026-08-30 02:20:56,-1.07,-1.09,70.93,164.4,corridor,19.15,rain,15.395,12.453,0.00,4.93,world
889.47,2026-08-30 02:20:57,-0.47,-0.65,68.79,164.4,corridor,19.17,rain,10.800,10.787,0.00,5.04,world
889.97,2026-08-30 02:20:57,0.15,-0.34,66.56,164.4,corridor,19.19,rain,10.800,10.787,0.00,6.09,world
890.47,2026-08-30 02:20:58,0.80,-0.22,64.20,164.3,corridor,19.21,rain,12.585,11.934,0.00,7.81,world
890.97,2026-08-30 02:20:58,1.48,-0.28,61.78,164.3,corridor,19.23,rain,12.585,11.934,0.00,8.96,world
891.47,2026-08-30 02:20:59,2.16,-0.41,59.33,164.3,corridor,19.25,rain,11.023,11.423,0.00,11.24,world
891.97,2026-08-30 02:20:59,2.85,-0.64,56.85,164.3,corridor,19.27,rain,11.023,11.423,0.00,13.78,world
892.47,2026-08-30 02:21:00,3.55,-0.95,54.37,164.3,corridor,19.29,rain,11.287,11.249,0.00,16.44,world
892.97,2026-08-30 02:21:00,4.25,-1.25,51.88,164.3,corridor,19.31,rain,11.287,11.249,0.00,18.37,world
893.47,2026-08-30 02:21:01,4.94,-1.42,49.42,164.3,corridor,19.33,rain,10.810,11.583,0.00,20.22,world
893.97,2026-08-30 02:21:01,5.63,-1.53,46.98,164.3,corridor,19.35,rain,10.810,11.583,0.00,22.05,world
894.47,2026-08-30 02:21:02,6.31,-1.58,44.55,164.3,corridor,19.37,rain,10.126,10.348,0.00,23.90,world
894.97,2026-08-30 02:21:02,6.99,-1.58,42.15,164.3,corridor,19.39,rain,10.126,10.348,0.00,25.75,world
895.47,2026-08-30 02:21:03,7.66,-1.53,39.76,164.4,corridor,19.41,rain,10.578,10.962,0.00,27.48,world
895.97,2026-08-30 02:21:04,8.33,-1.45,37.38,164.4,grandpas_village,19.43,rain,10.578,10.962,0.00,28.77,world
896.47,2026-08-30 02:21:04,8.98,-1.30,35.05,164.4,grandpas_village,19.45,rain,10.066,452.329,0.00,26.36,world
896.97,2026-08-30 02:21:05,9.41,-1.11,33.54,164.4,grandpas_village,19.47,rain,10.615,10.267,0.00,24.80,world
897.47,2026-08-30 02:21:05,11.17,-1.16,33.54,164.5,grandpas_village,19.49,rain,10.615,10.267,0.00,24.61,world
897.97,2026-08-30 02:21:06,11.98,-0.88,31.43,165.8,grandpas_village,19.51,rain,10.858,9.828,0.00,22.45,world
898.47,2026-08-30 02:21:06,12.57,-0.75,29.07,165.8,grandpas_village,19.53,rain,10.858,9.828,0.00,20.07,world
898.97,2026-08-30 02:21:07,13.19,-0.85,26.61,165.8,grandpas_village,19.55,rain,10.666,8.868,0.00,17.61,world
899.47,2026-08-30 02:21:07,13.82,-0.93,24.16,165.8,grandpas_village,19.57,rain,10.666,8.868,0.00,15.18,world
899.97,2026-08-30 02:21:08,14.42,-0.78,21.81,165.8,grandpas_village,19.59,rain,11.005,10.493,0.00,12.88,world
900.47,2026-08-30 02:21:08,15.00,-0.52,19.51,165.9,grandpas_village,19.61,rain,11.005,10.493,0.00,10.70,world
900.97,2026-08-30 02:21:09,15.58,-0.24,17.23,165.9,grandpas_village,19.63,rain,9.962,9.028,0.00,8.63,world
901.47,2026-08-30 02:21:09,16.16,0.07,14.97,165.9,grandpas_village,19.65,rain,9.962,9.028,0.00,6.76,world
901.97,2026-08-30 02:21:10,16.74,0.37,12.71,165.9,grandpas_village,19.67,rain,9.435,9.018,0.00,5.26,world
902.47,2026-08-30 02:21:10,17.32,0.65,10.43,165.9,grandpas_village,19.69,rain,9.435,9.018,0.00,4.55,world
902.97,2026-08-30 02:21:11,17.91,0.84,8.10,165.9,grandpas_village,19.71,rain,10.150,9.523,0.00,4.99,world
903.47,2026-08-30 02:21:11,18.51,0.90,5.70,165.9,grandpas_village,19.73,rain,10.150,9.523,0.00,6.42,world
903.97,2026-08-30 02:21:12,19.12,0.90,3.28,165.9,grandpas_village,19.75,rain,9.434,10.014,0.00,8.38,world
904.47,2026-08-30 02:21:12,20.00,0.90,1.12,166.3,grandpas_village,19.77,rain,9.434,10.014,0.00,10.54,world
904.97,2026-08-30 02:21:13,21.50,0.90,-0.38,167.8,grandpas_village,19.79,rain,10.359,9.475,0.00,11.42,world
905.47,2026-08-30 02:21:13,22.47,0.90,-2.36,168.7,grandpas_village,19.81,rain,10.359,9.475,0.00,9.41,world
905.97,2026-08-30 02:21:14,22.83,0.90,-4.72,168.5,grandpas_village,19.83,rain,11.380,11.205,0.00,7.89,world
906.47,2026-08-30 02:21:14,23.32,0.90,-7.17,168.5,grandpas_village,19.85,rain,11.380,11.205,0.00,6.73,world
906.97,2026-08-30 02:21:15,23.82,0.90,-9.62,168.5,grandpas_village,19.87,rain,12.168,9.940,0.00,6.39,world
907.47,2026-08-30 02:21:15,24.32,0.90,-12.07,168.5,grandpas_village,19.89,rain,12.168,9.940,0.00,5.84,world
907.97,2026-08-30 02:21:16,24.82,0.90,-14.52,168.5,grandpas_village,19.91,rain,10.356,10.195,0.00,5.04,world
908.47,2026-08-30 02:21:16,25.32,0.90,-16.97,168.5,grandpas_village,19.93,rain,10.356,10.195,0.00,5.40,world
908.97,2026-08-30 02:21:17,25.82,0.89,-19.42,168.5,grandpas_village,19.95,rain,12.736,12.359,0.00,4.92,world
909.47,2026-08-30 02:21:17,26.32,0.78,-21.91,168.5,grandpas_village,19.97,rain,12.736,12.359,0.00,3.13,world
909.97,2026-08-30 02:21:18,26.84,0.54,-24.43,168.5,grandpas_village,19.99,rain,33.032,10.275,0.00,2.87,world
910.47,2026-08-30 02:21:18,27.36,0.28,-26.95,168.6,grandpas_village,20.01,rain,33.032,10.275,0.00,4.47,world
910.97,2026-08-30 02:21:19,27.87,0.05,-29.47,168.6,grandpas_village,20.03,rain,14.722,12.162,0.00,6.70,world
911.47,2026-08-30 02:21:19,28.39,-0.06,-31.96,168.6,grandpas_village,20.05,rain,14.722,12.162,0.00,6.70,world
911.97,2026-08-30 02:21:20,28.88,-0.00,-34.39,168.7,grandpas_village,20.07,rain,11.616,11.930,0.00,6.89,world
912.55,2026-08-30 02:21:20,29.28,0.08,-36.36,168.8,grandpas_village,20.09,rain,11.616,11.930,0.00,7.66,world
913.05,2026-08-30 02:21:21,29.28,0.08,-36.36,168.8,grandpas_village,20.11,rain,12.859,15.056,0.00,7.66,world
913.55,2026-08-30 02:21:21,29.28,0.08,-36.36,168.8,grandpas_village,20.13,rain,12.859,15.056,0.00,7.66,world
914.05,2026-08-30 02:21:22,29.28,0.08,-36.36,168.8,grandpas_village,20.15,rain,12.409,11.753,0.00,7.66,world
914.55,2026-08-30 02:21:22,29.28,0.08,-36.36,168.8,grandpas_village,20.17,rain,12.409,11.753,0.00,7.66,world
915.05,2026-08-30 02:21:23,29.28,0.08,-36.36,168.8,grandpas_village,20.19,rain,11.930,13.348,0.00,7.66,world
915.55,2026-08-30 02:21:23,29.28,0.08,-36.36,168.8,grandpas_village,20.21,rain,11.930,13.348,0.00,7.66,world
916.48,2026-08-30 02:21:24,29.28,0.08,-36.36,168.8,grandpas_village,20.25,rain,11.701,11.386,0.00,7.66,world
917.40,2026-08-30 02:21:25,29.28,0.08,-36.36,168.8,grandpas_village,20.29,rain,14.266,13.055,0.00,7.66,world
917.92,2026-08-30 02:21:25,29.28,0.08,-36.36,168.8,grandpas_village,20.31,rain,12.406,12.331,0.00,7.66,world
918.75,2026-08-30 02:21:26,29.28,0.08,-36.36,168.8,grandpas_village,20.34,rain,12.406,12.331,0.00,7.66,world
919.57,2026-08-30 02:21:27,29.28,0.08,-36.36,168.8,grandpas_village,20.38,rain,10.738,11.719,0.00,7.66,world
920.40,2026-08-30 02:21:28,29.28,0.08,-36.36,168.8,grandpas_village,20.41,rain,10.919,12.017,0.00,7.66,world
921.07,2026-08-30 02:21:29,29.28,0.08,-36.36,168.8,grandpas_village,20.43,rain,10.336,12.925,0.00,7.66,world
921.70,2026-08-30 02:21:29,29.28,0.08,-36.36,168.8,grandpas_village,20.46,rain,10.336,12.925,0.00,7.66,world
922.40,2026-08-30 02:21:30,29.28,0.08,-36.36,168.8,grandpas_village,20.49,rain,9.689,11.001,0.00,7.66,world
923.02,2026-08-30 02:21:31,29.28,0.08,-36.36,168.8,grandpas_village,20.51,rain,11.414,11.825,0.00,7.66,world
923.68,2026-08-30 02:21:31,29.28,0.08,-36.36,168.8,grandpas_village,20.54,rain,11.414,11.825,0.00,7.66,world
924.18,2026-08-30 02:21:32,29.28,0.08,-36.36,168.8,grandpas_village,20.56,rain,9.980,12.033,0.00,7.66,world
924.68,2026-08-30 02:21:32,29.28,0.08,-36.36,168.8,grandpas_village,20.58,rain,9.980,12.033,0.00,7.66,world
925.18,2026-08-30 02:21:33,29.28,0.08,-36.36,168.8,grandpas_village,20.60,rain,10.735,11.917,0.00,7.66,world
925.68,2026-08-30 02:21:33,29.28,0.08,-36.36,168.8,grandpas_village,20.62,rain,10.735,11.917,0.00,7.66,world
926.18,2026-08-30 02:21:34,29.28,0.08,-36.36,168.8,grandpas_village,20.64,rain,10.025,10.163,0.00,7.66,world
926.68,2026-08-30 02:21:34,29.28,0.08,-36.36,168.8,grandpas_village,20.66,rain,10.025,10.163,0.00,7.66,world
927.18,2026-08-30 02:21:35,29.28,0.08,-36.36,168.8,grandpas_village,20.68,rain,11.064,11.822,0.00,7.66,world
927.68,2026-08-30 02:21:35,29.28,0.08,-36.36,168.8,grandpas_village,20.70,rain,11.064,11.822,0.00,7.66,world
928.18,2026-08-30 02:21:36,29.28,0.08,-36.36,168.8,grandpas_village,20.72,rain,9.305,10.671,0.00,7.66,world
928.68,2026-08-30 02:21:36,29.28,0.08,-36.36,168.8,grandpas_village,20.74,rain,9.305,10.671,0.00,7.66,world
929.18,2026-08-30 02:21:37,29.28,0.08,-36.36,168.8,grandpas_village,20.76,rain,11.447,12.300,0.00,7.66,world
929.68,2026-08-30 02:21:37,29.28,0.08,-36.36,168.8,grandpas_village,20.78,rain,11.447,12.300,0.00,7.66,world
930.18,2026-08-30 02:21:38,29.28,0.08,-36.36,168.8,grandpas_village,20.80,rain,10.537,10.862,0.00,7.66,world
930.68,2026-08-30 02:21:38,29.28,0.08,-36.36,168.8,grandpas_village,20.82,rain,10.537,10.862,0.00,7.66,world
931.18,2026-08-30 02:21:39,29.28,0.08,-36.36,168.8,grandpas_village,20.84,rain,9.618,11.886,0.00,7.66,world
931.68,2026-08-30 02:21:39,29.28,0.08,-36.36,168.8,grandpas_village,20.86,rain,9.618,11.886,0.00,7.66,world
932.18,2026-08-30 02:21:40,28.70,0.17,-36.42,-95.9,grandpas_village,20.88,rain,10.230,11.224,0.00,7.13,world
932.68,2026-08-30 02:21:40,26.40,0.49,-36.66,-95.9,grandpas_village,20.90,rain,10.230,11.224,0.00,5.14,world
933.18,2026-08-30 02:21:41,24.04,0.74,-36.90,-95.9,grandpas_village,20.92,rain,12.175,12.712,0.00,3.54,world
933.68,2026-08-30 02:21:41,21.65,0.93,-37.14,-95.9,grandpas_village,20.94,rain,12.175,12.712,0.00,2.61,world
934.18,2026-08-30 02:21:42,19.23,1.09,-37.39,-95.9,grandpas_village,20.96,rain,11.345,11.790,0.00,2.89,world
934.68,2026-08-30 02:21:42,16.79,1.19,-37.64,-95.9,grandpas_village,20.98,rain,11.345,11.790,0.00,4.69,world
935.18,2026-08-30 02:21:43,14.32,1.23,-37.89,-95.9,grandpas_village,21.00,rain,12.086,10.844,0.00,6.93,world
935.68,2026-08-30 02:21:43,11.85,1.27,-38.14,-95.9,grandpas_village,21.02,rain,12.086,10.844,0.00,7.17,world
936.18,2026-08-30 02:21:44,9.39,1.35,-38.39,-96.0,grandpas_village,21.04,rain,11.746,11.185,0.00,5.55,world
936.68,2026-08-30 02:21:44,6.92,1.41,-38.64,-96.0,grandpas_village,21.06,rain,11.746,11.185,0.00,4.73,world
937.18,2026-08-30 02:21:45,4.44,1.43,-38.90,-96.0,grandpas_village,21.08,rain,11.626,11.931,0.00,5.14,world
937.68,2026-08-30 02:21:45,1.96,1.43,-39.15,-96.1,grandpas_village,21.10,rain,11.626,11.931,0.00,6.55,world
938.18,2026-08-30 02:21:46,-0.54,1.41,-39.42,-96.1,grandpas_village,21.12,rain,11.747,12.996,0.00,8.20,world
938.68,2026-08-30 02:21:46,-3.06,1.32,-39.68,-96.2,grandpas_village,21.14,rain,11.747,12.996,0.00,6.16,world
939.18,2026-08-30 02:21:47,-4.37,1.25,-39.82,-96.2,grandpas_village,21.16,rain,12.740,12.993,0.00,5.27,world
939.68,2026-08-30 02:21:47,-4.37,1.25,-39.82,-96.2,grandpas_village,21.18,rain,12.740,12.993,0.00,5.27,world
940.18,2026-08-30 02:21:48,-4.37,1.25,-39.82,-96.2,grandpas_village,21.20,rain,12.619,11.774,0.00,5.27,world
940.68,2026-08-30 02:21:48,-4.37,1.25,-39.82,-96.2,grandpas_village,21.22,rain,12.619,11.774,0.00,5.27,world
941.20,2026-08-30 02:21:49,-4.37,2.25,-39.82,-96.2,grandpas_village,21.24,rain,11.211,11.980,0.00,5.27,world
941.70,2026-08-30 02:21:49,-4.37,1.25,-39.82,-96.2,grandpas_village,21.26,rain,11.211,11.980,0.00,5.27,world
942.20,2026-08-30 02:21:50,-4.37,1.25,-39.82,-96.2,grandpas_village,21.28,rain,11.654,10.631,0.00,5.27,world
942.70,2026-08-30 02:21:50,-4.37,1.25,-39.82,-96.2,grandpas_village,21.30,rain,11.654,10.631,0.00,5.27,world
943.20,2026-08-30 02:21:51,-4.37,1.25,-39.82,-96.2,grandpas_village,21.32,rain,10.910,11.064,0.00,5.27,world
943.70,2026-08-30 02:21:51,-4.37,1.25,-39.82,-96.2,grandpas_village,21.34,rain,10.910,11.064,0.00,5.27,world
944.20,2026-08-30 02:21:52,-4.37,1.25,-39.82,-96.2,grandpas_village,21.36,rain,10.524,10.784,0.00,5.27,world
944.70,2026-08-30 02:21:52,-4.37,1.25,-39.82,-96.2,grandpas_village,21.38,rain,10.524,10.784,0.00,5.27,world
945.20,2026-08-30 02:21:53,-4.37,1.25,-39.82,-96.2,grandpas_village,21.40,rain,12.744,11.456,0.00,5.27,world
945.70,2026-08-30 02:21:53,-4.37,1.25,-39.82,-96.2,grandpas_village,21.42,rain,12.744,11.456,0.00,5.27,world
946.20,2026-08-30 02:21:54,-4.37,1.25,-39.82,-96.2,grandpas_village,21.44,rain,11.932,11.883,0.00,5.27,world
946.70,2026-08-30 02:21:54,-4.37,1.25,-39.82,-96.2,grandpas_village,21.46,rain,11.932,11.883,0.00,5.27,world
947.20,2026-08-30 02:21:55,-4.37,1.25,-39.82,-96.2,grandpas_village,21.48,rain,11.175,10.885,0.00,5.27,world
947.70,2026-08-30 02:21:55,-4.37,1.25,-39.82,-96.2,grandpas_village,21.50,rain,11.175,10.885,0.00,5.27,world
948.20,2026-08-30 02:21:56,-4.37,1.25,-39.82,-96.2,grandpas_village,21.52,rain,11.887,18.611,0.00,5.27,world
948.70,2026-08-30 02:21:56,-4.37,1.25,-39.82,-96.2,grandpas_village,21.54,rain,11.887,18.611,0.00,5.27,world
949.20,2026-08-30 02:21:57,-4.37,1.25,-39.82,-96.2,grandpas_village,21.56,rain,13.165,12.284,0.00,5.27,menu_backpack
949.70,2026-08-30 02:21:57,-4.37,1.25,-39.82,-96.2,grandpas_village,21.56,rain,13.165,12.284,0.00,5.27,menu_backpack
950.22,2026-08-30 02:21:58,-4.37,1.25,-39.82,-96.2,grandpas_village,21.56,rain,221.421,12.636,0.00,5.27,menu_backpack
950.73,2026-08-30 02:21:58,-4.37,1.25,-39.82,-96.2,grandpas_village,21.56,rain,221.421,12.636,0.00,5.27,world
951.25,2026-08-30 02:21:59,-4.37,1.25,-39.82,-96.2,grandpas_village,21.57,rain,121.619,13.451,0.00,5.27,menu_backpack
951.77,2026-08-30 02:22:00,-4.37,1.25,-39.82,-96.2,grandpas_village,21.57,rain,184.574,8.893,0.00,5.27,world
952.43,2026-08-30 02:22:00,-4.37,1.25,-39.82,-96.2,grandpas_village,21.58,rain,184.574,8.893,0.00,5.27,menu_save
952.98,2026-08-30 02:22:01,-4.37,1.25,-39.82,-96.2,grandpas_village,21.58,rain,211.608,11.243,0.00,5.27,menu_save
953.57,2026-08-30 02:22:01,-4.37,1.25,-39.82,-96.2,grandpas_village,21.58,rain,211.608,11.243,0.00,5.27,menu_save
954.18,2026-08-30 02:22:02,-4.37,1.25,-39.82,-96.2,grandpas_village,21.58,rain,41.707,6.160,0.00,5.27,menu_save
954.68,2026-08-30 02:22:02,-4.37,1.25,-39.82,-96.2,grandpas_village,21.58,rain,40.895,6.260,0.00,5.27,menu_save
955.18,2026-08-30 02:22:03,-4.37,1.25,-39.82,-96.2,grandpas_village,21.58,rain,40.895,6.260,0.00,5.27,menu_save
955.68,2026-08-30 02:22:03,-4.37,1.25,-39.82,-96.2,grandpas_village,21.58,rain,40.895,6.260,0.00,5.27,menu_save
956.18,2026-08-30 02:22:04,-4.37,1.25,-39.82,-96.2,grandpas_village,21.58,rain,40.589,4.425,0.00,5.27,world
