t,wall,x,y,z,heading,region,clock_hour,weather,frame_ms,physics_ms,dead_travel_m,nearest_poi_dist_m,input_context
0.75,2026-08-30 22:04:59,0.00,0.00,0.00,0.0,grandpas_village,0.00,,0.260,10.772,0.00,,title
0.90,2026-08-30 22:04:59,0.00,0.00,0.00,0.0,grandpas_village,0.00,,0.260,10.772,0.00,,title
1.67,2026-08-30 22:05:44,12.29,0.90,-10.18,-85.5,grandpas_village,8.02,clear,19.176,13.863,0.00,9.66,world
2.18,2026-08-30 22:05:45,12.29,0.90,-10.18,-85.5,grandpas_village,8.04,clear,19.450,416.954,0.00,9.66,world
2.68,2026-08-30 22:05:45,12.29,0.90,-10.18,-85.5,grandpas_village,8.06,clear,19.450,416.954,0.00,9.66,world
3.18,2026-08-30 22:05:46,12.29,0.90,-10.18,-85.5,grandpas_village,8.08,clear,18.629,4.886,0.00,9.66,world
3.68,2026-08-30 22:05:46,12.29,0.90,-10.18,-85.5,grandpas_village,8.10,clear,18.629,4.886,0.00,9.66,world
4.18,2026-08-30 22:05:47,12.29,0.90,-10.18,-85.5,grandpas_village,8.12,clear,18.315,6.066,0.00,9.66,world
4.68,2026-08-30 22:05:47,12.29,0.90,-10.18,-85.5,grandpas_village,8.14,clear,18.315,6.066,0.00,9.66,world
5.18,2026-08-30 22:05:48,12.29,0.90,-10.18,-85.5,grandpas_village,8.16,clear,18.430,5.780,0.00,9.66,world
5.68,2026-08-30 22:05:48,12.29,0.90,-10.18,-85.5,grandpas_village,8.18,clear,18.430,5.780,0.00,9.66,world
6.18,2026-08-30 22:05:49,12.29,0.90,-10.18,-85.5,grandpas_village,8.20,clear,18.170,6.528,0.00,9.66,world
6.68,2026-08-30 22:05:49,12.29,0.90,-10.18,-85.5,grandpas_village,8.22,clear,18.170,6.528,0.00,9.66,world
7.18,2026-08-30 22:05:50,12.29,0.90,-10.18,-85.5,grandpas_village,8.24,clear,17.692,5.893,0.00,9.66,world
7.68,2026-08-30 22:05:50,12.29,0.90,-10.18,-85.5,grandpas_village,8.26,clear,17.692,5.893,0.00,9.66,world
8.18,2026-08-30 22:05:51,12.29,0.90,-10.18,-85.5,grandpas_village,8.28,clear,17.828,5.842,0.00,9.66,world
8.68,2026-08-30 22:05:51,12.29,0.90,-10.18,-85.5,grandpas_village,8.30,clear,17.828,5.842,0.00,9.66,world
9.18,2026-08-30 22:05:52,12.29,0.90,-10.18,-85.5,grandpas_village,8.32,clear,17.701,5.703,0.00,9.66,world
9.68,2026-08-30 22:05:52,12.29,0.90,-10.18,-85.5,grandpas_village,8.34,clear,17.701,5.703,0.00,9.66,world
10.18,2026-08-30 22:05:53,12.29,0.90,-10.18,-85.5,grandpas_village,8.36,clear,17.911,6.074,0.00,9.66,world
10.68,2026-08-30 22:05:53,12.29,0.90,-10.18,-85.5,grandpas_village,8.38,clear,17.911,6.074,0.00,9.66,world
11.18,2026-08-30 22:05:54,12.29,0.90,-10.18,-85.5,grandpas_village,8.40,clear,18.251,6.299,0.00,9.66,world
11.68,2026-08-30 22:05:54,12.29,0.90,-10.18,-85.5,grandpas_village,8.42,clear,18.251,6.299,0.00,9.66,world
12.18,2026-08-30 22:05:55,12.29,0.90,-10.18,-85.5,grandpas_village,8.44,clear,24.173,7.611,0.00,9.66,world
12.68,2026-08-30 22:05:55,12.29,0.90,-10.18,-85.5,grandpas_village,8.46,clear,24.173,7.611,0.00,9.66,world
13.18,2026-08-30 22:05:56,12.29,0.90,-10.18,-85.5,grandpas_village,8.48,clear,23.620,6.842,0.00,9.66,world
13.68,2026-08-30 22:05:56,12.29,0.90,-10.18,-85.5,grandpas_village,8.50,clear,23.620,6.842,0.00,9.66,world
14.18,2026-08-30 22:05:57,12.29,0.90,-10.18,-85.5,grandpas_village,8.52,clear,22.191,7.707,0.00,9.66,world
14.68,2026-08-30 22:05:57,12.29,0.90,-10.18,-85.5,grandpas_village,8.54,clear,22.191,7.707,0.00,9.66,world
15.18,2026-08-30 22:05:58,12.29,0.90,-10.18,-85.5,grandpas_village,8.56,clear,23.054,7.452,0.00,9.66,world
15.68,2026-08-30 22:05:58,12.29,0.90,-10.18,-85.5,grandpas_village,8.58,clear,23.054,7.452,0.00,9.66,world
16.18,2026-08-30 22:05:59,12.29,0.90,-10.18,-85.5,grandpas_village,8.60,clear,23.232,6.037,0.00,9.66,world
16.68,2026-08-30 22:05:59,12.29,0.90,-10.18,-85.5,grandpas_village,8.62,clear,23.232,6.037,0.00,9.66,world
17.18,2026-08-30 22:06:00,12.29,0.90,-10.18,-85.5,grandpas_village,8.64,clear,17.320,8.279,0.00,9.66,world
17.68,2026-08-30 22:06:00,12.29,0.90,-10.18,-85.5,grandpas_village,8.66,clear,17.320,8.279,0.00,9.66,world
18.18,2026-08-30 22:06:01,12.29,0.90,-10.18,-85.5,grandpas_village,8.68,clear,22.313,7.362,0.00,9.66,world
18.68,2026-08-30 22:06:01,12.29,0.90,-10.18,-85.5,grandpas_village,8.70,clear,22.313,7.362,0.00,9.66,world
19.18,2026-08-30 22:06:02,12.29,0.90,-10.18,-85.5,grandpas_village,8.72,clear,17.760,6.460,0.00,9.66,world
19.68,2026-08-30 22:06:02,12.29,0.90,-10.18,-85.5,grandpas_village,8.74,clear,17.760,6.460,0.00,9.66,world
20.18,2026-08-30 22:06:03,12.29,0.90,-10.18,-85.5,grandpas_village,8.76,clear,18.049,6.713,0.00,9.66,world
20.68,2026-08-30 22:06:03,12.29,0.90,-10.18,-85.5,grandpas_village,8.78,clear,18.049,6.713,0.00,9.66,world
21.18,2026-08-30 22:06:04,12.29,0.90,-10.18,-85.5,grandpas_village,8.80,clear,17.981,5.432,0.00,9.66,world
21.68,2026-08-30 22:06:04,12.29,0.90,-10.18,-85.5,grandpas_village,8.82,clear,17.981,5.432,0.00,9.66,world
22.18,2026-08-30 22:06:05,12.29,0.90,-10.18,-85.5,grandpas_village,8.84,clear,17.592,6.146,0.00,9.66,world
22.68,2026-08-30 22:06:05,12.29,0.90,-10.18,-85.5,grandpas_village,8.86,clear,17.592,6.146,0.00,9.66,world
23.18,2026-08-30 22:06:06,12.29,0.90,-10.18,-85.5,grandpas_village,8.88,clear,17.114,5.853,0.00,9.66,world
23.68,2026-08-30 22:06:06,12.29,0.90,-10.18,-85.5,grandpas_village,8.90,clear,17.114,5.853,0.00,9.66,world
24.18,2026-08-30 22:06:07,12.29,0.90,-10.18,-85.5,grandpas_village,8.92,clear,18.005,6.335,0.00,9.66,world
24.68,2026-08-30 22:06:07,12.29,0.90,-10.18,-85.5,grandpas_village,8.94,clear,18.005,6.335,0.00,9.66,world
25.18,2026-08-30 22:06:08,12.29,0.90,-10.18,-85.5,grandpas_village,8.96,clear,18.611,6.843,0.00,9.66,world
25.68,2026-08-30 22:06:08,12.29,0.90,-10.18,-85.5,grandpas_village,8.98,clear,18.611,6.843,0.00,9.66,world
26.18,2026-08-30 22:06:09,12.29,0.90,-10.18,-85.5,grandpas_village,9.00,clear,17.911,5.706,0.00,9.66,world
26.68,2026-08-30 22:06:09,12.29,0.90,-10.18,-85.5,grandpas_village,9.02,clear,17.911,5.706,0.00,9.66,world
27.18,2026-08-30 22:06:10,12.29,0.90,-10.18,-85.5,grandpas_village,9.04,clear,17.371,5.456,0.00,9.66,world
27.68,2026-08-30 22:06:10,12.29,0.90,-10.18,-85.5,grandpas_village,9.06,clear,17.371,5.456,0.00,9.66,world
28.18,2026-08-30 22:06:11,12.29,0.90,-10.18,-85.5,grandpas_village,9.08,clear,17.708,5.882,0.00,9.66,world
28.68,2026-08-30 22:06:11,12.29,0.90,-10.18,-85.5,grandpas_village,9.10,clear,17.708,5.882,0.00,9.66,world
29.18,2026-08-30 22:06:12,12.29,0.90,-10.18,-85.5,grandpas_village,9.12,clear,17.674,5.735,0.00,9.66,world
29.68,2026-08-30 22:06:12,12.29,0.90,-10.18,-85.5,grandpas_village,9.14,clear,17.674,5.735,0.00,9.66,world
30.18,2026-08-30 22:06:13,12.29,0.90,-10.18,-85.5,grandpas_village,9.16,clear,17.475,6.223,0.00,9.66,world
30.68,2026-08-30 22:06:13,12.29,0.90,-10.18,-85.5,grandpas_village,9.18,clear,17.475,6.223,0.00,9.66,world
31.18,2026-08-30 22:06:14,12.29,0.90,-10.18,-85.5,grandpas_village,9.20,clear,18.334,6.043,0.00,9.66,world
31.68,2026-08-30 22:06:14,12.29,0.90,-10.18,-85.5,grandpas_village,9.22,clear,18.334,6.043,0.00,9.66,world
32.20,2026-08-30 22:06:15,12.29,0.90,-10.18,-85.5,grandpas_village,9.24,clear,17.527,6.170,0.00,9.66,world
32.70,2026-08-30 22:06:15,12.29,0.90,-10.18,-85.5,grandpas_village,9.26,clear,17.527,6.170,0.00,9.66,world
33.20,2026-08-30 22:06:16,12.29,0.90,-10.18,-85.5,grandpas_village,9.28,clear,18.009,6.077,0.00,9.66,world
33.70,2026-08-30 22:06:16,12.29,0.90,-10.18,-85.5,grandpas_village,9.30,clear,18.009,6.077,0.00,9.66,world
34.20,2026-08-30 22:06:17,12.29,0.90,-10.18,-85.5,grandpas_village,9.32,clear,17.533,5.943,0.00,9.66,world
34.70,2026-08-30 22:06:17,12.29,0.90,-10.18,-85.5,grandpas_village,9.34,clear,17.533,5.943,0.00,9.66,world
35.20,2026-08-30 22:06:18,12.29,0.90,-10.18,-85.5,grandpas_village,9.36,clear,17.303,6.175,0.00,9.66,world
35.70,2026-08-30 22:06:18,12.29,0.90,-10.18,-85.5,grandpas_village,9.38,clear,17.303,6.175,0.00,9.66,world
36.20,2026-08-30 22:06:19,12.29,0.90,-10.18,-85.5,grandpas_village,9.40,clear,18.788,6.759,0.00,9.66,world
36.70,2026-08-30 22:06:19,12.29,0.90,-10.18,-85.5,grandpas_village,9.42,clear,18.788,6.759,0.00,9.66,world
37.20,2026-08-30 22:06:20,12.29,0.90,-10.18,-85.5,grandpas_village,9.44,clear,17.587,6.407,0.00,9.66,world
37.70,2026-08-30 22:06:20,12.29,0.90,-10.18,-85.5,grandpas_village,9.46,clear,17.587,6.407,0.00,9.66,world
38.20,2026-08-30 22:06:21,12.29,0.90,-10.18,-85.5,grandpas_village,9.48,clear,25.040,9.744,0.00,9.66,world
38.70,2026-08-30 22:06:21,12.29,0.90,-10.18,-85.5,grandpas_village,9.50,clear,25.040,9.744,0.00,9.66,world
39.20,2026-08-30 22:06:22,12.29,0.90,-10.18,-85.5,grandpas_village,9.52,clear,21.912,8.637,0.00,9.66,world
39.70,2026-08-30 22:06:22,12.29,0.90,-10.18,-85.5,grandpas_village,9.54,clear,21.912,8.637,0.00,9.66,world
40.20,2026-08-30 22:06:23,12.29,0.90,-10.18,-85.5,grandpas_village,9.56,clear,23.093,8.360,0.00,9.66,world
40.70,2026-08-30 22:06:23,12.29,0.90,-10.18,-85.5,grandpas_village,9.58,clear,23.093,8.360,0.00,9.66,world
41.20,2026-08-30 22:06:24,12.29,0.90,-10.18,-85.5,grandpas_village,9.60,clear,22.391,6.717,0.00,9.66,world
41.70,2026-08-30 22:06:24,12.29,0.90,-10.18,-85.5,grandpas_village,9.62,clear,22.391,6.717,0.00,9.66,world
42.20,2026-08-30 22:06:25,12.29,0.90,-10.18,-85.5,grandpas_village,9.64,clear,18.697,6.241,0.00,9.66,world
42.70,2026-08-30 22:06:25,12.29,0.90,-10.18,-85.5,grandpas_village,9.66,clear,18.697,6.241,0.00,9.66,world
43.20,2026-08-30 22:06:26,12.29,0.90,-10.18,-85.5,grandpas_village,9.68,clear,19.310,7.023,0.00,9.66,world
43.70,2026-08-30 22:06:26,12.29,0.90,-10.18,-85.5,grandpas_village,9.70,clear,19.310,7.023,0.00,9.66,world
44.20,2026-08-30 22:06:27,12.29,0.90,-10.18,-85.5,grandpas_village,9.72,clear,17.485,6.000,0.00,9.66,world
44.70,2026-08-30 22:06:27,12.29,0.90,-10.18,-85.5,grandpas_village,9.74,clear,17.485,6.000,0.00,9.66,world
45.20,2026-08-30 22:06:28,12.29,0.90,-10.18,-85.5,grandpas_village,9.76,clear,17.024,5.467,0.00,9.66,world
45.70,2026-08-30 22:06:28,12.29,0.90,-10.18,-85.5,grandpas_village,9.78,clear,17.024,5.467,0.00,9.66,world
46.20,2026-08-30 22:06:29,12.29,0.90,-10.18,-85.5,grandpas_village,9.80,clear,22.815,6.893,0.00,9.66,world
46.70,2026-08-30 22:06:29,12.29,0.90,-10.18,-85.5,grandpas_village,9.82,clear,22.815,6.893,0.00,9.66,world
47.20,2026-08-30 22:06:30,12.29,0.90,-10.18,-85.5,grandpas_village,9.84,clear,22.893,8.310,0.00,9.66,world
47.70,2026-08-30 22:06:30,12.29,0.90,-10.18,-85.5,grandpas_village,9.86,clear,22.893,8.310,0.00,9.66,world
48.20,2026-08-30 22:06:31,12.29,0.90,-10.18,-85.5,grandpas_village,9.88,clear,17.691,6.097,0.00,9.66,world
48.70,2026-08-30 22:06:31,12.29,0.90,-10.18,-85.5,grandpas_village,9.90,clear,17.691,6.097,0.00,9.66,world
49.20,2026-08-30 22:06:32,12.29,0.90,-10.18,-85.5,grandpas_village,9.92,clear,17.497,6.054,0.00,9.66,world
49.70,2026-08-30 22:06:32,12.29,0.90,-10.18,-85.5,grandpas_village,9.94,clear,17.497,6.054,0.00,9.66,world
50.20,2026-08-30 22:06:33,12.29,0.90,-10.18,-85.5,grandpas_village,9.96,clear,17.498,6.342,0.00,9.66,world
50.70,2026-08-30 22:06:33,12.29,0.90,-10.18,-85.5,grandpas_village,9.98,clear,17.498,6.342,0.00,9.66,world
51.20,2026-08-30 22:06:34,12.29,0.90,-10.18,-85.5,grandpas_village,10.00,clear,18.156,5.790,0.00,9.66,world
51.70,2026-08-30 22:06:34,12.29,0.90,-10.18,-85.5,grandpas_village,10.02,clear,18.156,5.790,0.00,9.66,world
52.20,2026-08-30 22:06:35,12.29,0.90,-10.18,-85.5,grandpas_village,10.04,clear,19.854,6.331,0.00,9.66,world
52.70,2026-08-30 22:06:35,12.29,0.90,-10.18,-85.5,grandpas_village,10.06,clear,19.854,6.331,0.00,9.66,world
53.20,2026-08-30 22:06:36,12.29,0.90,-10.18,-85.5,grandpas_village,10.08,clear,18.205,6.064,0.00,9.66,world
53.70,2026-08-30 22:06:36,12.29,0.90,-10.18,-85.5,grandpas_village,10.10,clear,18.205,6.064,0.00,9.66,world
54.20,2026-08-30 22:06:37,12.29,0.90,-10.18,-85.5,grandpas_village,10.12,clear,19.901,5.795,0.00,9.66,world
54.70,2026-08-30 22:06:37,12.29,0.90,-10.18,-85.5,grandpas_village,10.14,clear,19.901,5.795,0.00,9.66,world
55.20,2026-08-30 22:06:38,12.29,0.90,-10.18,-85.5,grandpas_village,10.16,clear,17.398,5.862,0.00,9.66,world
55.70,2026-08-30 22:06:38,12.29,0.90,-10.18,-85.5,grandpas_village,10.18,clear,17.398,5.862,0.00,9.66,world
56.20,2026-08-30 22:06:39,12.29,0.90,-10.18,-85.5,grandpas_village,10.20,clear,17.803,6.024,0.00,9.66,world
56.70,2026-08-30 22:06:39,12.29,0.90,-10.18,-85.5,grandpas_village,10.22,clear,17.803,6.024,0.00,9.66,world
57.20,2026-08-30 22:06:40,12.29,0.90,-10.18,-85.5,grandpas_village,10.24,clear,18.000,6.258,0.00,9.66,world
57.70,2026-08-30 22:06:40,12.29,0.90,-10.18,-85.5,grandpas_village,10.26,clear,18.000,6.258,0.00,9.66,world
58.20,2026-08-30 22:06:41,12.29,0.90,-10.18,-85.5,grandpas_village,10.28,clear,21.104,6.955,0.00,9.66,world
58.70,2026-08-30 22:06:41,12.29,0.90,-10.18,-85.5,grandpas_village,10.30,clear,21.104,6.955,0.00,9.66,world
59.20,2026-08-30 22:06:42,12.29,0.90,-10.18,-85.5,grandpas_village,10.32,clear,18.323,7.110,0.00,9.66,world
59.70,2026-08-30 22:06:42,12.29,0.90,-10.18,-85.5,grandpas_village,10.34,clear,18.323,7.110,0.00,9.66,world
60.20,2026-08-30 22:06:43,12.29,0.90,-10.18,-85.5,grandpas_village,10.36,clear,23.397,8.453,0.00,9.66,world
60.70,2026-08-30 22:06:43,12.29,0.90,-10.18,-85.5,grandpas_village,10.38,clear,23.397,8.453,0.00,9.66,world
61.20,2026-08-30 22:06:44,12.29,0.90,-10.18,-85.5,grandpas_village,10.40,clear,17.937,6.067,0.00,9.66,world
61.70,2026-08-30 22:06:44,12.29,0.90,-10.18,-85.5,grandpas_village,10.42,clear,17.937,6.067,0.00,9.66,world
62.20,2026-08-30 22:06:45,12.29,0.90,-10.18,-85.5,grandpas_village,10.44,clear,19.473,6.878,0.00,9.66,world
62.70,2026-08-30 22:06:45,12.29,0.90,-10.18,-85.5,grandpas_village,10.46,clear,19.473,6.878,0.00,9.66,world
63.20,2026-08-30 22:06:46,12.29,0.90,-10.18,-85.5,grandpas_village,10.48,clear,19.703,6.612,0.00,9.66,world
63.70,2026-08-30 22:06:46,12.29,0.90,-10.18,-85.5,grandpas_village,10.50,clear,19.703,6.612,0.00,9.66,world
64.20,2026-08-30 22:06:47,12.29,0.90,-10.18,-85.5,grandpas_village,10.52,clear,17.751,6.039,0.00,9.66,world
64.70,2026-08-30 22:06:47,12.29,0.90,-10.18,-85.5,grandpas_village,10.54,clear,17.751,6.039,0.00,9.66,world
65.20,2026-08-30 22:06:48,12.29,0.90,-10.18,-85.5,grandpas_village,10.56,clear,17.656,6.435,0.00,9.66,world
65.70,2026-08-30 22:06:48,12.29,0.90,-10.18,-85.5,grandpas_village,10.58,clear,17.656,6.435,0.00,9.66,world
66.20,2026-08-30 22:06:49,12.29,0.90,-10.18,-85.5,grandpas_village,10.60,clear,17.999,6.156,0.00,9.66,world
66.70,2026-08-30 22:06:49,12.29,0.90,-10.18,-85.5,grandpas_village,10.62,clear,17.999,6.156,0.00,9.66,world
67.20,2026-08-30 22:06:50,12.29,0.90,-10.18,-85.5,grandpas_village,10.64,clear,17.380,6.011,0.00,9.66,world
67.70,2026-08-30 22:06:50,12.29,0.90,-10.18,-85.5,grandpas_village,10.66,clear,17.380,6.011,0.00,9.66,world
68.20,2026-08-30 22:06:51,12.29,0.90,-10.18,-85.5,grandpas_village,10.68,clear,22.892,8.730,0.00,9.66,world
68.70,2026-08-30 22:06:51,12.29,0.90,-10.18,-85.5,grandpas_village,10.70,clear,22.892,8.730,0.00,9.66,world
69.20,2026-08-30 22:06:52,12.29,0.90,-10.18,-85.5,grandpas_village,10.72,clear,17.840,6.058,0.00,9.66,world
69.70,2026-08-30 22:06:52,12.29,0.90,-10.18,-85.5,grandpas_village,10.74,clear,17.840,6.058,0.00,9.66,world
70.20,2026-08-30 22:06:53,12.29,0.90,-10.18,-85.5,grandpas_village,10.76,clear,23.251,7.023,0.00,9.66,world
70.70,2026-08-30 22:06:53,12.29,0.90,-10.18,-85.5,grandpas_village,10.78,clear,23.251,7.023,0.00,9.66,world
71.20,2026-08-30 22:06:54,12.29,0.90,-10.18,-85.5,grandpas_village,10.80,clear,17.879,6.370,0.00,9.66,world
71.70,2026-08-30 22:06:54,12.29,0.90,-10.18,-85.5,grandpas_village,10.82,clear,17.879,6.370,0.00,9.66,world
72.20,2026-08-30 22:06:55,12.29,0.90,-10.18,-85.5,grandpas_village,10.84,clear,16.555,6.043,0.00,9.66,world
72.70,2026-08-30 22:06:55,12.29,0.90,-10.18,-85.5,grandpas_village,10.86,clear,16.555,6.043,0.00,9.66,world
73.20,2026-08-30 22:06:56,12.29,0.90,-10.18,-85.5,grandpas_village,10.88,clear,16.786,6.137,0.00,9.66,world
73.70,2026-08-30 22:06:56,12.29,0.90,-10.18,-85.5,grandpas_village,10.90,clear,16.786,6.137,0.00,9.66,world
74.20,2026-08-30 22:06:57,12.29,0.90,-10.18,-85.5,grandpas_village,10.92,clear,20.475,8.138,0.00,9.66,world
74.70,2026-08-30 22:06:57,12.29,0.90,-10.18,-85.5,grandpas_village,10.94,clear,20.475,8.138,0.00,9.66,world
75.20,2026-08-30 22:06:58,12.29,0.90,-10.18,-85.5,grandpas_village,10.96,clear,17.413,6.179,0.00,9.66,world
75.70,2026-08-30 22:06:58,12.29,0.90,-10.18,-85.5,grandpas_village,10.98,clear,17.413,6.179,0.00,9.66,world
76.20,2026-08-30 22:06:59,12.29,0.90,-10.18,-85.5,grandpas_village,11.00,clear,21.566,6.234,0.00,9.66,world
76.70,2026-08-30 22:06:59,12.29,0.90,-10.18,-85.5,grandpas_village,11.02,clear,21.566,6.234,0.00,9.66,world
77.20,2026-08-30 22:07:00,12.29,0.90,-10.18,-85.5,grandpas_village,11.04,clear,18.492,6.531,0.00,9.66,world
77.70,2026-08-30 22:07:00,12.29,0.90,-10.18,-85.5,grandpas_village,11.06,clear,18.492,6.531,0.00,9.66,world
78.20,2026-08-30 22:07:01,12.29,0.90,-10.18,-85.5,grandpas_village,11.08,clear,20.721,7.173,0.00,9.66,world
78.70,2026-08-30 22:07:01,12.29,0.90,-10.18,-85.5,grandpas_village,11.10,clear,20.721,7.173,0.00,9.66,world
79.20,2026-08-30 22:07:02,12.29,0.90,-10.18,-85.5,grandpas_village,11.12,clear,17.758,5.722,0.00,9.66,world
79.70,2026-08-30 22:07:02,12.29,0.90,-10.18,-85.5,grandpas_village,11.14,clear,17.758,5.722,0.00,9.66,world
80.20,2026-08-30 22:07:03,12.29,0.90,-10.18,-85.5,grandpas_village,11.16,clear,17.888,6.029,0.00,9.66,world
80.70,2026-08-30 22:07:03,12.29,0.90,-10.18,-85.5,grandpas_village,11.18,clear,17.888,6.029,0.00,9.66,world
81.20,2026-08-30 22:07:04,12.29,0.90,-10.18,-85.5,grandpas_village,11.20,clear,18.221,5.875,0.00,9.66,world
81.70,2026-08-30 22:07:04,12.29,0.90,-10.18,-85.5,grandpas_village,11.22,clear,18.221,5.875,0.00,9.66,world
82.20,2026-08-30 22:07:05,12.29,0.90,-10.18,-85.5,grandpas_village,11.24,clear,24.363,8.159,0.00,9.66,world
82.70,2026-08-30 22:07:05,12.29,0.90,-10.18,-85.5,grandpas_village,11.26,clear,24.363,8.159,0.00,9.66,world
83.20,2026-08-30 22:07:06,12.29,0.90,-10.18,-85.5,grandpas_village,11.28,clear,25.063,8.565,0.00,9.66,world
83.70,2026-08-30 22:07:06,12.29,0.90,-10.18,-85.5,grandpas_village,11.30,clear,25.063,8.565,0.00,9.66,world
84.20,2026-08-30 22:07:07,12.29,0.90,-10.18,-85.5,grandpas_village,11.32,clear,18.505,6.829,0.00,9.66,world
84.70,2026-08-30 22:07:07,12.29,0.90,-10.18,-85.5,grandpas_village,11.34,clear,18.505,6.829,0.00,9.66,world
85.20,2026-08-30 22:07:08,12.29,0.90,-10.18,-85.5,grandpas_village,11.36,clear,18.193,5.832,0.00,9.66,world
85.70,2026-08-30 22:07:08,12.29,0.90,-10.18,-85.5,grandpas_village,11.38,clear,18.193,5.832,0.00,9.66,world
86.20,2026-08-30 22:07:09,12.29,0.90,-10.18,-85.5,grandpas_village,11.40,clear,21.967,7.038,0.00,9.66,world
86.70,2026-08-30 22:07:09,12.29,0.90,-10.18,-85.5,grandpas_village,11.42,clear,21.967,7.038,0.00,9.66,world
87.20,2026-08-30 22:07:10,12.29,0.90,-10.18,-85.5,grandpas_village,11.44,clear,21.157,6.024,0.00,9.66,world
87.70,2026-08-30 22:07:10,12.29,0.90,-10.18,-85.5,grandpas_village,11.46,clear,21.157,6.024,0.00,9.66,world
88.20,2026-08-30 22:07:11,12.29,0.90,-10.18,-85.5,grandpas_village,11.48,clear,18.297,6.244,0.00,9.66,world
88.70,2026-08-30 22:07:11,12.29,0.90,-10.18,-85.5,grandpas_village,11.50,clear,18.297,6.244,0.00,9.66,world
89.20,2026-08-30 22:07:12,12.29,0.90,-10.18,-85.5,grandpas_village,11.52,clear,19.867,6.049,0.00,9.66,world
89.70,2026-08-30 22:07:12,12.29,0.90,-10.18,-85.5,grandpas_village,11.54,clear,19.867,6.049,0.00,9.66,world
90.20,2026-08-30 22:07:13,12.29,0.90,-10.18,-85.5,grandpas_village,11.56,clear,21.050,7.321,0.00,9.66,world
90.70,2026-08-30 22:07:13,12.29,0.90,-10.18,-85.5,grandpas_village,11.58,clear,21.050,7.321,0.00,9.66,world
91.20,2026-08-30 22:07:14,12.29,0.90,-10.18,-85.5,grandpas_village,11.60,clear,19.784,6.688,0.00,9.66,world
91.70,2026-08-30 22:07:14,12.29,0.90,-10.18,-85.5,grandpas_village,11.62,clear,19.784,6.688,0.00,9.66,world
92.20,2026-08-30 22:07:15,12.29,0.90,-10.18,-85.5,grandpas_village,11.64,clear,18.014,6.279,0.00,9.66,world
92.70,2026-08-30 22:07:15,12.29,0.90,-10.18,-85.5,grandpas_village,11.66,clear,18.014,6.279,0.00,9.66,world
93.20,2026-08-30 22:07:16,12.29,0.90,-10.18,-85.5,grandpas_village,11.68,clear,17.504,5.922,0.00,9.66,world
93.70,2026-08-30 22:07:16,12.29,0.90,-10.18,-85.5,grandpas_village,11.70,clear,17.504,5.922,0.00,9.66,world
94.20,2026-08-30 22:07:17,12.29,0.90,-10.18,-85.5,grandpas_village,11.72,clear,17.484,5.943,0.00,9.66,world
94.70,2026-08-30 22:07:17,12.29,0.90,-10.18,-85.5,grandpas_village,11.74,clear,17.484,5.943,0.00,9.66,world
95.20,2026-08-30 22:07:18,12.29,0.90,-10.18,-85.5,grandpas_village,11.76,clear,16.973,5.845,0.00,9.66,world
95.70,2026-08-30 22:07:18,12.29,0.90,-10.18,-85.5,grandpas_village,11.78,clear,16.973,5.845,0.00,9.66,world
96.20,2026-08-30 22:07:19,12.29,0.90,-10.18,-85.5,grandpas_village,11.80,clear,17.231,5.837,0.00,9.66,world
96.70,2026-08-30 22:07:19,12.29,0.90,-10.18,-85.5,grandpas_village,11.82,clear,17.231,5.837,0.00,9.66,world
97.20,2026-08-30 22:07:20,12.29,0.90,-10.18,-85.5,grandpas_village,11.84,clear,17.541,5.842,0.00,9.66,world
97.70,2026-08-30 22:07:20,12.29,0.90,-10.18,-85.5,grandpas_village,11.86,clear,17.541,5.842,0.00,9.66,world
98.20,2026-08-30 22:07:21,12.29,0.90,-10.18,-85.5,grandpas_village,11.88,clear,22.756,7.314,0.00,9.66,world
98.70,2026-08-30 22:07:21,12.29,0.90,-10.18,-85.5,grandpas_village,11.90,clear,22.756,7.314,0.00,9.66,world
99.20,2026-08-30 22:07:22,12.29,0.90,-10.18,-85.5,grandpas_village,11.92,clear,22.952,7.087,0.00,9.66,world
99.70,2026-08-30 22:07:22,12.29,0.90,-10.18,-85.5,grandpas_village,11.94,clear,22.952,7.087,0.00,9.66,world
100.20,2026-08-30 22:07:23,12.29,0.90,-10.18,-85.5,grandpas_village,11.96,clear,25.550,7.444,0.00,9.66,world
100.70,2026-08-30 22:07:23,12.29,0.90,-10.18,-85.5,grandpas_village,11.98,clear,25.550,7.444,0.00,9.66,world
101.20,2026-08-30 22:07:24,12.29,0.90,-10.18,-85.5,grandpas_village,12.00,clear,22.783,6.792,0.00,9.66,world
101.70,2026-08-30 22:07:24,12.29,0.90,-10.18,-85.5,grandpas_village,12.02,clear,22.783,6.792,0.00,9.66,world
102.20,2026-08-30 22:07:25,12.29,0.90,-10.18,-85.5,grandpas_village,12.04,clear,20.112,6.531,0.00,9.66,world
102.70,2026-08-30 22:07:25,12.29,0.90,-10.18,-85.5,grandpas_village,12.06,clear,20.112,6.531,0.00,9.66,world
103.20,2026-08-30 22:07:26,12.29,0.90,-10.18,-85.5,grandpas_village,12.08,clear,17.786,6.154,0.00,9.66,world
103.70,2026-08-30 22:07:26,12.29,0.90,-10.18,-85.5,grandpas_village,12.10,clear,17.786,6.154,0.00,9.66,world
104.20,2026-08-30 22:07:27,12.29,0.90,-10.18,-85.5,grandpas_village,12.12,clear,24.379,6.777,0.00,9.66,world
104.70,2026-08-30 22:07:27,12.29,0.90,-10.18,-85.5,grandpas_village,12.14,clear,24.379,6.777,0.00,9.66,world
105.20,2026-08-30 22:07:28,12.29,0.90,-10.18,-85.5,grandpas_village,12.16,clear,17.577,5.869,0.00,9.66,world
105.70,2026-08-30 22:07:28,12.29,0.90,-10.18,-85.5,grandpas_village,12.18,clear,17.577,5.869,0.00,9.66,world
106.20,2026-08-30 22:07:29,12.29,0.90,-10.18,-85.5,grandpas_village,12.20,clear,18.610,6.576,0.00,9.66,world
106.70,2026-08-30 22:07:29,12.29,0.90,-10.18,-85.5,grandpas_village,12.22,clear,18.610,6.576,0.00,9.66,world
107.20,2026-08-30 22:07:30,12.29,0.90,-10.18,-85.5,grandpas_village,12.24,clear,17.967,6.286,0.00,9.66,world
107.70,2026-08-30 22:07:30,12.29,0.90,-10.18,-85.5,grandpas_village,12.26,clear,17.967,6.286,0.00,9.66,world
108.20,2026-08-30 22:07:31,12.29,0.90,-10.18,-85.5,grandpas_village,12.28,clear,18.175,5.867,0.00,9.66,world
108.70,2026-08-30 22:07:31,12.29,0.90,-10.18,-85.5,grandpas_village,12.30,clear,18.175,5.867,0.00,9.66,world
109.20,2026-08-30 22:07:32,12.29,0.90,-10.18,-85.5,grandpas_village,12.32,clear,17.483,5.890,0.00,9.66,world
109.70,2026-08-30 22:07:32,12.29,0.90,-10.18,-85.5,grandpas_village,12.34,clear,17.483,5.890,0.00,9.66,world
110.20,2026-08-30 22:07:33,12.29,0.90,-10.18,-85.5,grandpas_village,12.36,clear,22.764,6.831,0.00,9.66,world
110.70,2026-08-30 22:07:33,12.29,0.90,-10.18,-85.5,grandpas_village,12.38,clear,22.764,6.831,0.00,9.66,world
111.20,2026-08-30 22:07:34,12.29,0.90,-10.18,-85.5,grandpas_village,12.40,clear,21.062,8.674,0.00,9.66,world
111.70,2026-08-30 22:07:34,12.29,0.90,-10.18,-85.5,grandpas_village,12.42,clear,21.062,8.674,0.00,9.66,world
112.20,2026-08-30 22:07:35,12.29,0.90,-10.18,-85.5,grandpas_village,12.44,clear,17.262,5.913,0.00,9.66,world
112.70,2026-08-30 22:07:35,12.29,0.90,-10.18,-85.5,grandpas_village,12.46,clear,17.262,5.913,0.00,9.66,world
113.20,2026-08-30 22:07:36,12.29,0.90,-10.18,-85.5,grandpas_village,12.48,clear,22.618,8.679,0.00,9.66,world
113.70,2026-08-30 22:07:36,12.29,0.90,-10.18,-85.5,grandpas_village,12.50,clear,22.618,8.679,0.00,9.66,world
114.20,2026-08-30 22:07:37,12.29,0.90,-10.18,-85.5,grandpas_village,12.52,clear,22.636,7.050,0.00,9.66,world
114.70,2026-08-30 22:07:37,12.29,0.90,-10.18,-85.5,grandpas_village,12.54,clear,22.636,7.050,0.00,9.66,world
115.20,2026-08-30 22:07:38,12.29,0.90,-10.18,-85.5,grandpas_village,12.56,clear,17.573,6.102,0.00,9.66,world
115.70,2026-08-30 22:07:38,12.29,0.90,-10.18,-85.5,grandpas_village,12.58,clear,17.573,6.102,0.00,9.66,world
116.20,2026-08-30 22:07:39,12.29,0.90,-10.18,-85.5,grandpas_village,12.60,clear,20.604,6.136,0.00,9.66,world
116.70,2026-08-30 22:07:39,12.29,0.90,-10.18,-85.5,grandpas_village,12.62,clear,20.604,6.136,0.00,9.66,world
117.20,2026-08-30 22:07:40,12.29,0.90,-10.18,-85.5,grandpas_village,12.64,clear,17.905,6.563,0.00,9.66,world
117.70,2026-08-30 22:07:40,12.29,0.90,-10.18,-85.5,grandpas_village,12.66,clear,17.905,6.563,0.00,9.66,world
118.20,2026-08-30 22:07:41,12.29,0.90,-10.18,-85.5,grandpas_village,12.68,clear,18.310,6.145,0.00,9.66,world
118.70,2026-08-30 22:07:41,12.29,0.90,-10.18,-85.5,grandpas_village,12.70,clear,18.310,6.145,0.00,9.66,world
119.20,2026-08-30 22:07:42,12.29,0.90,-10.18,-85.5,grandpas_village,12.72,clear,19.801,9.095,0.00,9.66,world
119.70,2026-08-30 22:07:42,12.29,0.90,-10.18,-85.5,grandpas_village,12.74,clear,19.801,9.095,0.00,9.66,world
120.20,2026-08-30 22:07:43,12.29,0.90,-10.18,-85.5,grandpas_village,12.76,clear,16.973,5.967,0.00,9.66,world
120.70,2026-08-30 22:07:43,12.29,0.90,-10.18,-85.5,grandpas_village,12.78,clear,16.973,5.967,0.00,9.66,world
121.20,2026-08-30 22:07:44,12.29,0.90,-10.18,-85.5,grandpas_village,12.80,clear,24.431,7.530,0.00,9.66,world
121.70,2026-08-30 22:07:44,12.29,0.90,-10.18,-85.5,grandpas_village,12.82,clear,24.431,7.530,0.00,9.66,world
122.20,2026-08-30 22:07:45,12.29,0.90,-10.18,-85.5,grandpas_village,12.84,clear,17.811,6.374,0.00,9.66,world
122.70,2026-08-30 22:07:45,12.29,0.90,-10.18,-85.5,grandpas_village,12.86,clear,17.811,6.374,0.00,9.66,world
123.20,2026-08-30 22:07:46,12.29,0.90,-10.18,-85.5,grandpas_village,12.88,clear,17.466,5.847,0.00,9.66,world
123.70,2026-08-30 22:07:46,12.29,0.90,-10.18,-85.5,grandpas_village,12.90,clear,17.466,5.847,0.00,9.66,world
124.20,2026-08-30 22:07:47,12.29,0.90,-10.18,-85.5,grandpas_village,12.92,clear,18.076,7.564,0.00,9.66,world
124.70,2026-08-30 22:07:47,12.29,0.90,-10.18,-85.5,grandpas_village,12.94,clear,18.076,7.564,0.00,9.66,world
125.20,2026-08-30 22:07:48,12.29,0.90,-10.18,-85.5,grandpas_village,12.96,clear,17.451,5.998,0.00,9.66,world
125.70,2026-08-30 22:07:48,12.29,0.90,-10.18,-85.5,grandpas_village,12.98,clear,17.451,5.998,0.00,9.66,world
126.20,2026-08-30 22:07:49,12.29,0.90,-10.18,-85.5,grandpas_village,13.00,clear,17.270,5.837,0.00,9.66,world
126.70,2026-08-30 22:07:49,12.29,0.90,-10.18,-85.5,grandpas_village,13.02,clear,17.270,5.837,0.00,9.66,world
127.20,2026-08-30 22:07:50,12.29,0.90,-10.18,-85.5,grandpas_village,13.04,clear,17.083,5.814,0.00,9.66,world
127.70,2026-08-30 22:07:50,12.29,0.90,-10.18,-85.5,grandpas_village,13.06,clear,17.083,5.814,0.00,9.66,world
128.20,2026-08-30 22:07:51,12.29,0.90,-10.18,-85.5,grandpas_village,13.08,clear,17.510,6.002,0.00,9.66,world
128.70,2026-08-30 22:07:51,12.29,0.90,-10.18,-85.5,grandpas_village,13.10,clear,17.510,6.002,0.00,9.66,world
129.20,2026-08-30 22:07:52,12.29,0.90,-10.18,-85.5,grandpas_village,13.12,clear,19.119,6.793,0.00,9.66,world
129.70,2026-08-30 22:07:52,12.29,0.90,-10.18,-85.5,grandpas_village,13.14,clear,19.119,6.793,0.00,9.66,world
130.20,2026-08-30 22:07:53,12.29,0.90,-10.18,-85.5,grandpas_village,13.16,clear,17.704,5.638,0.00,9.66,world
130.70,2026-08-30 22:07:53,12.29,0.90,-10.18,-85.5,grandpas_village,13.18,clear,17.704,5.638,0.00,9.66,world
131.20,2026-08-30 22:07:54,12.29,0.90,-10.18,-85.5,grandpas_village,13.20,clear,18.319,6.268,0.00,9.66,world
131.70,2026-08-30 22:07:54,12.29,0.90,-10.18,-85.5,grandpas_village,13.22,clear,18.319,6.268,0.00,9.66,world
132.20,2026-08-30 22:07:55,12.29,0.90,-10.18,-85.5,grandpas_village,13.24,clear,18.512,6.401,0.00,9.66,world
132.70,2026-08-30 22:07:55,12.29,0.90,-10.18,-85.5,grandpas_village,13.26,clear,18.512,6.401,0.00,9.66,world
133.20,2026-08-30 22:07:56,12.29,0.90,-10.18,-85.5,grandpas_village,13.28,clear,19.114,6.462,0.00,9.66,world
133.70,2026-08-30 22:07:56,12.29,0.90,-10.18,-85.5,grandpas_village,13.30,clear,19.114,6.462,0.00,9.66,world
134.20,2026-08-30 22:07:57,12.29,0.90,-10.18,-85.5,grandpas_village,13.32,clear,18.287,6.451,0.00,9.66,world
134.70,2026-08-30 22:07:57,12.29,0.90,-10.18,-85.5,grandpas_village,13.34,clear,18.287,6.451,0.00,9.66,world
135.20,2026-08-30 22:07:58,12.29,0.90,-10.18,-85.5,grandpas_village,13.36,clear,18.366,6.216,0.00,9.66,world
135.70,2026-08-30 22:07:58,12.29,0.90,-10.18,-85.5,grandpas_village,13.38,clear,18.366,6.216,0.00,9.66,world
136.20,2026-08-30 22:07:59,12.29,0.90,-10.18,-85.5,grandpas_village,13.40,clear,20.656,8.405,0.00,9.66,world
136.70,2026-08-30 22:07:59,12.29,0.90,-10.18,-85.5,grandpas_village,13.42,clear,20.656,8.405,0.00,9.66,world
137.20,2026-08-30 22:08:00,12.29,0.90,-10.18,-85.5,grandpas_village,13.44,clear,18.819,6.108,0.00,9.66,world
137.70,2026-08-30 22:08:00,12.29,0.90,-10.18,-85.5,grandpas_village,13.46,clear,18.819,6.108,0.00,9.66,world
138.20,2026-08-30 22:08:01,12.29,0.90,-10.18,-85.5,grandpas_village,13.48,clear,23.097,6.617,0.00,9.66,world
138.70,2026-08-30 22:08:01,12.29,0.90,-10.18,-85.5,grandpas_village,13.50,clear,23.097,6.617,0.00,9.66,world
139.20,2026-08-30 22:08:02,12.29,0.90,-10.18,-85.5,grandpas_village,13.52,clear,21.667,7.124,0.00,9.66,world
139.70,2026-08-30 22:08:02,12.29,0.90,-10.18,-85.5,grandpas_village,13.54,clear,21.667,7.124,0.00,9.66,world
140.20,2026-08-30 22:08:03,12.29,0.90,-10.18,-85.5,grandpas_village,13.56,clear,21.162,6.450,0.00,9.66,world
140.70,2026-08-30 22:08:03,12.29,0.90,-10.18,-85.5,grandpas_village,13.58,clear,21.162,6.450,0.00,9.66,world
141.20,2026-08-30 22:08:04,12.29,0.90,-10.18,-85.5,grandpas_village,13.60,clear,17.052,5.653,0.00,9.66,world
141.70,2026-08-30 22:08:04,12.29,0.90,-10.18,-85.5,grandpas_village,13.62,clear,17.052,5.653,0.00,9.66,world
142.20,2026-08-30 22:08:05,12.29,0.90,-10.18,-85.5,grandpas_village,13.64,clear,17.023,5.649,0.00,9.66,world
142.70,2026-08-30 22:08:05,12.29,0.90,-10.18,-85.5,grandpas_village,13.66,clear,17.023,5.649,0.00,9.66,world
143.20,2026-08-30 22:08:06,12.29,0.90,-10.18,-85.5,grandpas_village,13.68,clear,16.238,5.480,0.00,9.66,world
143.70,2026-08-30 22:08:06,12.29,0.90,-10.18,-85.5,grandpas_village,13.70,clear,16.238,5.480,0.00,9.66,world
144.20,2026-08-30 22:08:07,12.29,0.90,-10.18,-85.5,grandpas_village,13.72,clear,22.522,7.154,0.00,9.66,world
144.70,2026-08-30 22:08:07,12.29,0.90,-10.18,-85.5,grandpas_village,13.74,clear,22.522,7.154,0.00,9.66,world
145.20,2026-08-30 22:08:08,12.29,0.90,-10.18,-85.5,grandpas_village,13.76,clear,17.773,6.298,0.00,9.66,world
145.70,2026-08-30 22:08:08,12.29,0.90,-10.18,-85.5,grandpas_village,13.78,clear,17.773,6.298,0.00,9.66,world
146.20,2026-08-30 22:08:09,12.29,0.90,-10.18,-85.5,grandpas_village,13.80,clear,21.930,7.096,0.00,9.66,world
146.70,2026-08-30 22:08:09,12.29,0.90,-10.18,-85.5,grandpas_village,13.82,clear,21.930,7.096,0.00,9.66,world
147.20,2026-08-30 22:08:10,12.29,0.90,-10.18,-85.5,grandpas_village,13.84,clear,21.639,6.885,0.00,9.66,world
147.70,2026-08-30 22:08:10,12.29,0.90,-10.18,-85.5,grandpas_village,13.86,clear,21.639,6.885,0.00,9.66,world
148.20,2026-08-30 22:08:11,12.29,0.90,-10.18,-85.5,grandpas_village,13.88,clear,18.566,6.064,0.00,9.66,world
148.70,2026-08-30 22:08:11,12.29,0.90,-10.18,-85.5,grandpas_village,13.90,clear,18.566,6.064,0.00,9.66,world
149.20,2026-08-30 22:08:12,12.29,0.90,-10.18,-85.5,grandpas_village,13.92,clear,18.005,6.237,0.00,9.66,world
149.70,2026-08-30 22:08:12,12.29,0.90,-10.18,-85.5,grandpas_village,13.94,clear,18.005,6.237,0.00,9.66,world
150.20,2026-08-30 22:08:13,12.29,0.90,-10.18,-85.5,grandpas_village,13.96,clear,18.277,6.047,0.00,9.66,world
150.70,2026-08-30 22:08:13,12.29,0.90,-10.18,-85.5,grandpas_village,13.98,clear,18.277,6.047,0.00,9.66,world
151.20,2026-08-30 22:08:14,12.29,0.90,-10.18,-85.5,grandpas_village,14.00,clear,21.901,7.454,0.00,9.66,world
151.70,2026-08-30 22:08:14,12.29,0.90,-10.18,-85.5,grandpas_village,14.02,clear,21.901,7.454,0.00,9.66,world
152.20,2026-08-30 22:08:15,12.29,0.90,-10.18,-85.5,grandpas_village,14.04,clear,17.050,6.294,0.00,9.66,world
152.70,2026-08-30 22:08:15,12.29,0.90,-10.18,-85.5,grandpas_village,14.06,clear,17.050,6.294,0.00,9.66,world
153.20,2026-08-30 22:08:16,12.29,0.90,-10.18,-85.5,grandpas_village,14.08,clear,16.992,5.664,0.00,9.66,world
153.70,2026-08-30 22:08:16,12.29,0.90,-10.18,-85.5,grandpas_village,14.10,clear,16.992,5.664,0.00,9.66,world
154.20,2026-08-30 22:08:17,12.29,0.90,-10.18,-85.5,grandpas_village,14.12,clear,20.338,6.395,0.00,9.66,world
154.70,2026-08-30 22:08:17,12.29,0.90,-10.18,-85.5,grandpas_village,14.14,clear,20.338,6.395,0.00,9.66,world
155.20,2026-08-30 22:08:18,12.29,0.90,-10.18,-85.5,grandpas_village,14.16,clear,17.510,6.383,0.00,9.66,world
155.70,2026-08-30 22:08:18,12.29,0.90,-10.18,-85.5,grandpas_village,14.18,clear,17.510,6.383,0.00,9.66,world
156.20,2026-08-30 22:08:19,12.29,0.90,-10.18,-85.5,grandpas_village,14.20,clear,18.591,5.997,0.00,9.66,world
156.70,2026-08-30 22:08:19,12.29,0.90,-10.18,-85.5,grandpas_village,14.22,clear,18.591,5.997,0.00,9.66,world
157.20,2026-08-30 22:08:20,12.29,0.90,-10.18,-85.5,grandpas_village,14.24,clear,20.335,6.700,0.00,9.66,world
157.70,2026-08-30 22:08:20,12.29,0.90,-10.18,-85.5,grandpas_village,14.26,clear,20.335,6.700,0.00,9.66,world
158.20,2026-08-30 22:08:21,12.29,0.90,-10.18,-85.5,grandpas_village,14.28,clear,17.445,8.035,0.00,9.66,world
158.70,2026-08-30 22:08:21,12.29,0.90,-10.18,-85.5,grandpas_village,14.30,clear,17.445,8.035,0.00,9.66,world
159.20,2026-08-30 22:08:22,12.29,0.90,-10.18,-85.5,grandpas_village,14.32,clear,18.535,6.637,0.00,9.66,world
159.70,2026-08-30 22:08:22,12.29,0.90,-10.18,-85.5,grandpas_village,14.34,clear,18.535,6.637,0.00,9.66,world
160.20,2026-08-30 22:08:23,12.29,0.90,-10.18,-85.5,grandpas_village,14.36,clear,17.319,7.318,0.00,9.66,world
160.70,2026-08-30 22:08:23,12.29,0.90,-10.18,-85.5,grandpas_village,14.38,clear,17.319,7.318,0.00,9.66,world
161.20,2026-08-30 22:08:24,12.29,0.90,-10.18,-85.5,grandpas_village,14.40,clear,18.520,6.217,0.00,9.66,world
161.70,2026-08-30 22:08:24,12.29,0.90,-10.18,-85.5,grandpas_village,14.42,clear,18.520,6.217,0.00,9.66,world
162.20,2026-08-30 22:08:25,12.29,0.90,-10.18,-85.5,grandpas_village,14.44,clear,18.699,7.000,0.00,9.66,world
162.70,2026-08-30 22:08:25,12.29,0.90,-10.18,-85.5,grandpas_village,14.46,clear,18.699,7.000,0.00,9.66,world
163.20,2026-08-30 22:08:26,12.29,0.90,-10.18,-85.5,grandpas_village,14.48,clear,18.786,6.268,0.00,9.66,world
163.70,2026-08-30 22:08:26,12.29,0.90,-10.18,-85.5,grandpas_village,14.50,clear,18.786,6.268,0.00,9.66,world
164.20,2026-08-30 22:08:27,12.29,0.90,-10.18,-85.5,grandpas_village,14.52,clear,18.292,5.829,0.00,9.66,world
164.70,2026-08-30 22:08:27,12.29,0.90,-10.18,-85.5,grandpas_village,14.54,clear,18.292,5.829,0.00,9.66,world
165.20,2026-08-30 22:08:28,12.29,0.90,-10.18,-85.5,grandpas_village,14.56,clear,21.588,6.581,0.00,9.66,world
165.70,2026-08-30 22:08:28,12.29,0.90,-10.18,-85.5,grandpas_village,14.58,clear,21.588,6.581,0.00,9.66,world
166.20,2026-08-30 22:08:29,12.29,0.90,-10.18,-85.5,grandpas_village,14.60,clear,17.159,5.896,0.00,9.66,world
166.70,2026-08-30 22:08:29,12.29,0.90,-10.18,-85.5,grandpas_village,14.62,clear,17.159,5.896,0.00,9.66,world
167.20,2026-08-30 22:08:30,12.29,0.90,-10.18,-85.5,grandpas_village,14.64,clear,16.527,5.743,0.00,9.66,world
167.70,2026-08-30 22:08:30,12.29,0.90,-10.18,-85.5,grandpas_village,14.66,clear,16.527,5.743,0.00,9.66,world
168.20,2026-08-30 22:08:31,12.29,0.90,-10.18,-85.5,grandpas_village,14.68,clear,17.348,5.891,0.00,9.66,world
168.70,2026-08-30 22:08:31,12.29,0.90,-10.18,-85.5,grandpas_village,14.70,clear,17.348,5.891,0.00,9.66,world
169.20,2026-08-30 22:08:32,12.29,0.90,-10.18,-85.5,grandpas_village,14.72,clear,21.080,5.620,0.00,9.66,world
169.70,2026-08-30 22:08:32,12.29,0.90,-10.18,-85.5,grandpas_village,14.74,clear,21.080,5.620,0.00,9.66,world
170.20,2026-08-30 22:08:33,12.29,0.90,-10.18,-85.5,grandpas_village,14.76,clear,17.607,6.100,0.00,9.66,world
170.70,2026-08-30 22:08:33,12.29,0.90,-10.18,-85.5,grandpas_village,14.78,clear,17.607,6.100,0.00,9.66,world
171.20,2026-08-30 22:08:34,12.29,0.90,-10.18,-85.5,grandpas_village,14.80,clear,17.973,5.898,0.00,9.66,world
171.70,2026-08-30 22:08:34,12.29,0.90,-10.18,-85.5,grandpas_village,14.82,clear,17.973,5.898,0.00,9.66,world
172.20,2026-08-30 22:08:35,12.29,0.90,-10.18,-85.5,grandpas_village,14.84,clear,17.902,6.013,0.00,9.66,world
172.70,2026-08-30 22:08:35,12.29,0.90,-10.18,-85.5,grandpas_village,14.86,clear,17.902,6.013,0.00,9.66,world
173.20,2026-08-30 22:08:36,12.29,0.90,-10.18,-85.5,grandpas_village,14.88,clear,17.193,6.614,0.00,9.66,world
173.70,2026-08-30 22:08:36,12.29,0.90,-10.18,-85.5,grandpas_village,14.90,clear,17.193,6.614,0.00,9.66,world
174.20,2026-08-30 22:08:37,12.29,0.90,-10.18,-85.5,grandpas_village,14.92,clear,19.258,7.072,0.00,9.66,world
174.70,2026-08-30 22:08:37,12.29,0.90,-10.18,-85.5,grandpas_village,14.94,clear,19.258,7.072,0.00,9.66,world
175.20,2026-08-30 22:08:38,12.29,0.90,-10.18,-85.5,grandpas_village,14.96,clear,19.833,6.809,0.00,9.66,world
175.70,2026-08-30 22:08:38,12.29,0.90,-10.18,-85.5,grandpas_village,14.98,clear,19.833,6.809,0.00,9.66,world
176.20,2026-08-30 22:08:39,12.29,0.90,-10.18,-85.5,grandpas_village,15.00,clear,17.824,6.775,0.00,9.66,world
176.70,2026-08-30 22:08:39,12.29,0.90,-10.18,-85.5,grandpas_village,15.02,clear,17.824,6.775,0.00,9.66,world
177.20,2026-08-30 22:08:40,12.29,0.90,-10.18,-85.5,grandpas_village,15.04,clear,17.417,5.939,0.00,9.66,world
177.70,2026-08-30 22:08:40,12.29,0.90,-10.18,-85.5,grandpas_village,15.06,clear,17.417,5.939,0.00,9.66,world
178.20,2026-08-30 22:08:41,12.29,0.90,-10.18,-85.5,grandpas_village,15.08,clear,20.555,6.466,0.00,9.66,world
178.70,2026-08-30 22:08:41,12.29,0.90,-10.18,-85.5,grandpas_village,15.10,clear,20.555,6.466,0.00,9.66,world
179.20,2026-08-30 22:08:42,12.29,0.90,-10.18,-85.5,grandpas_village,15.12,clear,18.559,5.933,0.00,9.66,world
179.70,2026-08-30 22:08:42,12.29,0.90,-10.18,-85.5,grandpas_village,15.14,clear,18.559,5.933,0.00,9.66,world
180.20,2026-08-30 22:08:43,12.29,0.90,-10.18,-85.5,grandpas_village,15.16,clear,17.505,5.638,0.00,9.66,world
180.70,2026-08-30 22:08:43,12.29,0.90,-10.18,-85.5,grandpas_village,15.18,clear,17.505,5.638,0.00,9.66,world
181.20,2026-08-30 22:08:44,12.29,0.90,-10.18,-85.5,grandpas_village,15.20,clear,39.266,6.083,0.00,9.66,world
182.07,2026-08-30 22:08:45,12.29,0.90,-10.18,-85.5,grandpas_village,15.23,clear,281.992,42.141,0.00,9.66,menu_map
182.62,2026-08-30 22:08:45,12.29,0.90,-10.18,-85.5,grandpas_village,15.23,clear,281.992,42.141,0.00,9.66,menu_map
183.17,2026-08-30 22:08:46,12.29,0.90,-10.18,-85.5,grandpas_village,15.24,clear,90.584,6.456,0.00,9.66,world
183.67,2026-08-30 22:08:46,11.35,0.90,-11.45,-143.6,grandpas_village,15.26,clear,90.584,6.456,0.00,9.77,world
184.17,2026-08-30 22:08:47,9.87,0.90,-13.46,-143.6,grandpas_village,15.28,clear,162.416,7.809,0.00,8.80,world
184.93,2026-08-30 22:08:48,9.60,0.90,-13.83,-143.6,grandpas_village,15.31,clear,20.256,10.482,0.00,8.52,narrative_modal
185.83,2026-08-30 22:08:48,9.60,0.90,-13.83,-143.6,grandpas_village,15.35,clear,18.691,8.108,0.00,8.52,world
186.38,2026-08-30 22:08:49,9.60,0.90,-13.83,-143.6,grandpas_village,15.37,clear,18.691,8.108,0.00,8.52,narrative_modal
187.28,2026-08-30 22:08:50,9.60,0.90,-13.83,-143.6,grandpas_village,15.41,clear,22.603,8.115,0.00,8.52,narrative_modal
188.17,2026-08-30 22:08:51,9.60,0.90,-13.83,-143.6,grandpas_village,15.44,clear,17.814,7.107,0.00,8.52,world
188.67,2026-08-30 22:08:51,9.60,0.90,-13.83,-143.6,grandpas_village,15.46,clear,17.814,7.107,0.00,8.52,narrative_modal
189.57,2026-08-30 22:08:52,9.60,0.90,-13.83,-143.6,grandpas_village,15.50,clear,19.574,9.199,0.00,8.52,narrative_modal
190.45,2026-08-30 22:08:53,9.60,0.90,-13.83,-143.6,grandpas_village,15.53,clear,21.689,7.708,0.00,8.52,world
190.98,2026-08-30 22:08:54,9.60,0.90,-13.83,-143.6,grandpas_village,15.55,clear,19.557,7.982,0.00,8.52,narrative_modal
191.48,2026-08-30 22:08:54,9.60,0.90,-13.83,-143.6,grandpas_village,15.57,clear,19.557,7.982,0.00,8.52,narrative_modal
191.98,2026-08-30 22:08:55,9.60,0.90,-13.83,-143.6,grandpas_village,15.59,clear,23.756,8.055,0.00,8.52,narrative_modal
192.48,2026-08-30 22:08:55,9.60,0.90,-13.83,-143.6,grandpas_village,15.61,clear,23.756,8.055,0.00,8.52,narrative_modal
192.98,2026-08-30 22:08:56,9.60,0.90,-13.83,-143.6,grandpas_village,15.63,clear,18.307,8.498,0.00,8.52,narrative_modal
193.48,2026-08-30 22:08:56,9.60,0.90,-13.83,-143.6,grandpas_village,15.65,clear,18.307,8.498,0.00,8.52,narrative_modal
193.98,2026-08-30 22:08:57,9.60,0.90,-13.83,-143.6,grandpas_village,15.67,clear,17.217,6.045,0.00,8.52,narrative_modal
194.48,2026-08-30 22:08:57,10.57,0.90,-15.07,142.1,grandpas_village,15.69,clear,17.217,6.045,0.00,7.08,world
194.98,2026-08-30 22:08:58,12.11,0.90,-17.04,142.1,grandpas_village,15.71,clear,19.611,5.840,0.00,4.96,world
195.48,2026-08-30 22:08:58,13.11,0.90,-16.62,64.9,grandpas_village,15.73,clear,19.611,5.840,0.00,5.50,world
195.98,2026-08-30 22:08:59,14.73,0.90,-17.93,145.3,grandpas_village,15.75,clear,18.712,6.693,0.00,4.90,world
196.48,2026-08-30 22:08:59,16.15,0.90,-19.99,145.3,grandpas_village,15.77,clear,18.712,6.693,0.00,4.61,world
196.98,2026-08-30 22:09:00,17.58,0.90,-22.04,145.3,grandpas_village,15.79,clear,21.763,6.576,0.00,5.58,world
197.48,2026-08-30 22:09:00,19.03,0.90,-24.00,145.6,grandpas_village,15.81,clear,21.763,6.576,0.00,4.97,world
197.98,2026-08-30 22:09:01,20.47,0.88,-26.04,145.7,grandpas_village,15.83,clear,19.198,6.518,0.00,4.08,world
198.48,2026-08-30 22:09:01,21.90,0.77,-28.10,145.8,grandpas_village,15.85,clear,19.198,6.518,0.00,4.61,world
198.98,2026-08-30 22:09:02,23.34,0.61,-30.21,145.8,grandpas_village,15.87,clear,20.899,7.551,0.00,4.02,world
199.48,2026-08-30 22:09:02,24.78,0.47,-32.32,145.8,grandpas_village,15.89,clear,20.899,7.551,0.00,3.25,world
199.98,2026-08-30 22:09:03,26.20,0.39,-34.41,145.8,grandpas_village,15.91,clear,19.526,6.444,0.00,4.22,world
200.48,2026-08-30 22:09:03,27.63,0.33,-36.49,145.9,grandpas_village,15.93,clear,19.526,6.444,0.00,6.15,world
200.98,2026-08-30 22:09:04,26.64,0.53,-38.09,-129.2,grandpas_village,15.95,clear,20.040,850.090,0.00,4.75,world
201.48,2026-08-30 22:09:05,27.07,1.01,-45.55,-50.4,grandpas_village,15.97,clear,20.061,7.146,0.00,1.88,combat
201.98,2026-08-30 22:09:05,27.07,1.01,-45.55,-50.4,grandpas_village,15.99,clear,20.061,7.146,0.00,1.88,combat
202.48,2026-08-30 22:09:06,27.07,1.01,-45.55,-50.4,grandpas_village,16.01,clear,26.303,12.875,0.00,1.88,combat
202.98,2026-08-30 22:09:06,27.07,1.01,-45.55,-50.4,grandpas_village,16.03,clear,26.303,12.875,0.00,1.88,combat
203.48,2026-08-30 22:09:07,27.07,1.01,-45.55,-50.4,grandpas_village,16.05,clear,19.807,6.839,0.00,1.88,combat
203.98,2026-08-30 22:09:07,27.07,1.01,-45.55,-50.4,grandpas_village,16.07,clear,19.807,6.839,0.00,1.88,combat
204.48,2026-08-30 22:09:08,27.07,1.01,-45.55,-50.4,grandpas_village,16.09,clear,22.283,10.660,0.00,1.88,combat
205.43,2026-08-30 22:09:09,27.07,1.01,-45.55,-50.4,grandpas_village,16.13,clear,19.504,7.980,0.00,1.88,combat
206.18,2026-08-30 22:09:10,27.07,1.01,-45.55,-50.4,grandpas_village,16.16,clear,20.701,9.124,0.00,1.88,combat
206.97,2026-08-30 22:09:10,27.07,1.01,-45.55,-50.4,grandpas_village,16.19,clear,20.701,9.124,0.00,1.88,combat
207.75,2026-08-30 22:09:11,27.07,1.01,-45.55,-50.4,grandpas_village,16.22,clear,23.957,8.701,0.00,1.88,combat
208.52,2026-08-30 22:09:12,27.07,1.01,-45.55,-50.4,grandpas_village,16.26,clear,21.691,8.231,0.00,1.88,combat
209.32,2026-08-30 22:09:13,27.07,1.01,-45.55,-50.4,grandpas_village,16.29,clear,26.683,10.271,0.00,1.88,combat
210.08,2026-08-30 22:09:13,27.07,1.01,-45.55,-50.4,grandpas_village,16.32,clear,20.025,8.051,0.00,1.88,combat
210.92,2026-08-30 22:09:14,27.07,1.01,-45.55,-50.4,grandpas_village,16.35,clear,20.025,8.051,0.00,1.88,combat
211.77,2026-08-30 22:09:15,27.07,1.01,-45.55,-50.4,grandpas_village,16.39,clear,22.105,9.173,0.00,1.88,combat
212.52,2026-08-30 22:09:16,27.07,1.01,-45.55,-50.4,grandpas_village,16.42,clear,26.502,9.403,0.00,1.88,combat
213.25,2026-08-30 22:09:17,27.07,1.01,-45.55,-50.4,grandpas_village,16.45,clear,19.711,8.676,0.00,1.88,combat
213.95,2026-08-30 22:09:18,27.07,1.01,-45.55,-50.4,grandpas_village,16.47,clear,19.711,8.676,0.00,1.88,world
214.83,2026-08-30 22:09:18,27.07,1.01,-45.55,-50.4,grandpas_village,16.51,clear,20.017,3.271,0.00,1.88,world
215.55,2026-08-30 22:09:19,27.07,1.01,-45.55,-50.4,grandpas_village,16.54,clear,20.017,3.271,0.00,1.88,world
216.23,2026-08-30 22:09:20,27.07,1.01,-45.55,-50.4,grandpas_village,16.56,clear,23.827,7.007,0.00,1.88,world
216.88,2026-08-30 22:09:21,27.07,1.01,-45.55,-50.4,grandpas_village,16.59,clear,19.619,6.230,0.00,1.88,world
217.57,2026-08-30 22:09:21,27.07,1.01,-45.55,-50.4,grandpas_village,16.62,clear,19.619,6.230,0.00,1.88,world
218.27,2026-08-30 22:09:22,27.07,1.01,-45.55,-50.4,grandpas_village,16.65,clear,21.103,6.465,0.00,1.88,world
218.95,2026-08-30 22:09:23,27.07,1.01,-45.55,-50.4,grandpas_village,16.67,clear,23.520,6.152,0.00,1.88,world
219.70,2026-08-30 22:09:23,27.07,1.01,-45.55,-50.4,grandpas_village,16.70,clear,23.520,6.152,0.00,1.88,world
220.20,2026-08-30 22:09:24,27.07,1.01,-45.55,-50.4,grandpas_village,16.72,clear,24.206,7.550,0.00,1.88,world
220.70,2026-08-30 22:09:24,27.07,1.01,-45.55,-50.4,grandpas_village,16.74,clear,24.206,7.550,0.00,1.88,world
221.20,2026-08-30 22:09:25,27.07,1.01,-45.55,-50.4,grandpas_village,16.76,clear,23.187,7.396,0.00,1.88,world
221.70,2026-08-30 22:09:25,27.07,1.01,-45.55,-50.4,grandpas_village,16.78,clear,23.187,7.396,0.00,1.88,world
222.20,2026-08-30 22:09:26,27.07,1.01,-45.55,-50.4,grandpas_village,16.80,clear,23.671,6.323,0.00,1.88,world
222.70,2026-08-30 22:09:26,27.07,1.01,-45.55,-50.4,grandpas_village,16.82,clear,23.671,6.323,0.00,1.88,world
223.20,2026-08-30 22:09:27,27.07,1.01,-45.55,-50.4,grandpas_village,16.84,clear,18.848,5.497,0.00,1.88,world
223.70,2026-08-30 22:09:27,27.07,1.01,-45.55,-50.4,grandpas_village,16.86,clear,18.848,5.497,0.00,1.88,world
224.20,2026-08-30 22:09:28,27.07,1.01,-45.55,-50.4,grandpas_village,16.88,clear,25.593,6.642,0.00,1.88,world
224.70,2026-08-30 22:09:28,27.07,1.01,-45.55,-50.4,grandpas_village,16.90,clear,25.593,6.642,0.00,1.88,world
225.20,2026-08-30 22:09:29,27.07,1.01,-45.55,-50.4,grandpas_village,16.92,clear,24.292,7.305,0.00,1.88,world
225.70,2026-08-30 22:09:29,27.07,1.01,-45.55,-50.4,grandpas_village,16.94,clear,24.292,7.305,0.00,1.88,world
226.20,2026-08-30 22:09:30,27.15,0.96,-45.29,12.6,grandpas_village,16.96,clear,19.887,6.396,0.00,1.73,world
226.70,2026-08-30 22:09:31,27.34,0.86,-44.66,17.1,grandpas_village,16.98,clear,21.526,469.018,0.00,1.50,world
227.20,2026-08-30 22:09:31,27.34,0.86,-44.66,17.1,grandpas_village,17.00,clear,21.526,469.018,0.00,1.50,world
227.70,2026-08-30 22:09:32,27.34,0.86,-44.66,17.1,grandpas_village,17.02,clear,19.103,6.034,0.00,1.50,world
228.20,2026-08-30 22:09:32,27.34,0.86,-44.66,17.1,grandpas_village,17.04,clear,19.103,6.034,0.00,1.50,world
228.70,2026-08-30 22:09:33,27.34,0.86,-44.66,17.1,grandpas_village,17.06,clear,18.537,5.626,0.00,1.50,world
229.20,2026-08-30 22:09:33,27.34,0.86,-44.66,17.1,grandpas_village,17.08,clear,18.537,5.626,0.00,1.50,world
229.95,2026-08-30 22:09:34,27.34,0.86,-44.66,17.1,grandpas_village,17.11,clear,19.342,5.877,0.00,1.50,world
230.58,2026-08-30 22:09:35,27.34,0.86,-44.66,17.1,grandpas_village,17.14,clear,17.438,6.207,0.00,1.50,world
231.30,2026-08-30 22:09:35,27.34,0.86,-44.66,17.1,grandpas_village,17.17,clear,17.438,6.207,0.00,1.50,world
231.98,2026-08-30 22:09:36,27.34,0.86,-44.66,17.1,grandpas_village,17.19,clear,20.857,6.953,0.00,1.50,world
232.70,2026-08-30 22:09:37,27.34,0.86,-44.66,17.1,grandpas_village,17.22,clear,19.540,7.656,0.00,1.50,world
233.42,2026-08-30 22:09:37,27.34,0.86,-44.66,17.1,grandpas_village,17.25,clear,19.796,7.041,0.00,1.50,world
234.17,2026-08-30 22:09:38,27.34,0.86,-44.66,17.1,grandpas_village,17.28,clear,19.796,7.041,0.00,1.50,world
234.83,2026-08-30 22:09:39,27.34,0.86,-44.66,17.1,grandpas_village,17.31,clear,24.701,6.907,0.00,1.50,world
235.50,2026-08-30 22:09:40,27.34,0.86,-44.66,17.1,grandpas_village,17.34,clear,18.388,6.563,0.00,1.50,world
236.25,2026-08-30 22:09:40,27.34,0.86,-44.66,17.1,grandpas_village,17.37,clear,18.388,6.563,0.00,1.50,world
236.95,2026-08-30 22:09:41,27.34,0.86,-44.66,17.1,grandpas_village,17.39,clear,23.406,8.557,0.00,1.50,world
237.65,2026-08-30 22:09:42,27.34,0.86,-44.66,17.1,grandpas_village,17.42,clear,19.883,6.995,0.00,1.50,world
238.35,2026-08-30 22:09:42,27.34,0.86,-44.66,17.1,grandpas_village,17.45,clear,19.883,6.995,0.00,1.50,world
239.02,2026-08-30 22:09:43,27.34,0.86,-44.66,17.1,grandpas_village,17.48,clear,21.782,7.351,0.00,1.50,world
239.68,2026-08-30 22:09:44,27.34,0.86,-44.66,17.1,grandpas_village,17.50,clear,19.910,6.494,0.00,1.50,world
240.32,2026-08-30 22:09:44,27.34,0.86,-44.66,17.1,grandpas_village,17.53,clear,19.910,6.494,0.00,1.50,world
240.98,2026-08-30 22:09:45,27.34,0.86,-44.66,17.1,grandpas_village,17.55,clear,21.099,7.082,0.00,1.50,world
241.65,2026-08-30 22:09:46,27.34,0.86,-44.66,17.1,grandpas_village,17.58,clear,18.840,6.174,0.00,1.50,world
242.30,2026-08-30 22:09:46,27.34,0.86,-44.66,17.1,grandpas_village,17.61,clear,18.840,6.174,0.00,1.50,world
242.98,2026-08-30 22:09:47,27.34,0.86,-44.66,17.1,grandpas_village,17.63,clear,19.253,6.580,0.00,1.50,world
243.48,2026-08-30 22:09:47,27.34,0.86,-44.66,17.1,grandpas_village,17.65,clear,21.207,6.564,0.00,1.50,world
243.98,2026-08-30 22:09:48,27.34,0.86,-44.66,17.1,grandpas_village,17.67,clear,21.207,6.564,0.00,1.50,world
244.48,2026-08-30 22:09:48,27.34,0.86,-44.66,17.1,grandpas_village,17.69,clear,20.292,6.568,0.00,1.50,world
244.98,2026-08-30 22:09:49,27.34,0.86,-44.66,17.1,grandpas_village,17.71,clear,20.292,6.568,0.00,1.50,world
245.48,2026-08-30 22:09:49,27.34,0.86,-44.66,17.1,grandpas_village,17.73,clear,18.106,5.749,0.00,1.50,world
245.98,2026-08-30 22:09:50,27.34,0.86,-44.66,17.1,grandpas_village,17.75,clear,18.106,5.749,0.00,1.50,world
246.48,2026-08-30 22:09:50,27.34,0.86,-44.66,17.1,grandpas_village,17.77,clear,19.427,6.128,0.00,1.50,world
246.98,2026-08-30 22:09:51,27.34,0.86,-44.66,17.1,grandpas_village,17.79,clear,19.427,6.128,0.00,1.50,world
247.48,2026-08-30 22:09:51,27.34,0.86,-44.66,17.1,grandpas_village,17.81,clear,23.507,8.020,0.00,1.50,world
247.98,2026-08-30 22:09:52,27.34,0.86,-44.66,17.1,grandpas_village,17.83,clear,23.507,8.020,0.00,1.50,world
248.48,2026-08-30 22:09:52,27.34,0.86,-44.66,17.1,grandpas_village,17.85,clear,19.340,6.514,0.00,1.50,world
248.98,2026-08-30 22:09:53,27.34,0.86,-44.66,17.1,grandpas_village,17.87,clear,19.340,6.514,0.00,1.50,world
249.48,2026-08-30 22:09:54,27.34,0.86,-44.66,17.1,grandpas_village,17.89,clear,19.127,6.160,0.00,1.50,world
249.98,2026-08-30 22:09:54,27.34,0.86,-44.66,17.1,grandpas_village,17.91,clear,19.127,6.160,0.00,1.50,world
250.48,2026-08-30 22:09:55,27.34,0.86,-44.66,17.1,grandpas_village,17.93,clear,19.855,458.963,0.00,1.50,world
250.98,2026-08-30 22:09:55,27.34,0.86,-44.66,17.1,grandpas_village,17.95,clear,19.855,458.963,0.00,1.50,world
251.48,2026-08-30 22:09:56,27.34,0.86,-44.66,17.1,grandpas_village,17.97,clear,24.384,6.786,0.00,1.50,world
251.98,2026-08-30 22:09:56,27.34,0.86,-44.66,17.1,grandpas_village,17.99,clear,24.384,6.786,0.00,1.50,world
253.15,2026-08-30 22:09:57,27.34,0.86,-44.66,17.1,grandpas_village,18.04,clear,19.279,5.989,0.00,1.50,world
253.87,2026-08-30 22:09:58,27.34,0.86,-44.66,17.1,grandpas_village,18.07,clear,19.279,5.989,0.00,1.50,world
254.60,2026-08-30 22:09:59,27.34,0.86,-44.66,17.1,grandpas_village,18.10,clear,19.413,6.929,0.00,1.50,world
255.32,2026-08-30 22:10:00,27.34,0.86,-44.66,17.1,grandpas_village,18.13,clear,19.578,7.036,0.00,1.50,world
256.13,2026-08-30 22:10:00,27.34,0.86,-44.66,17.1,grandpas_village,18.16,clear,25.919,9.422,0.00,1.50,world
256.88,2026-08-30 22:10:01,27.34,0.86,-44.66,17.1,grandpas_village,18.19,clear,25.919,9.422,0.00,1.50,world
257.58,2026-08-30 22:10:02,27.34,0.86,-44.66,17.1,grandpas_village,18.22,clear,22.007,7.585,0.00,1.50,world
258.27,2026-08-30 22:10:03,27.34,0.86,-44.66,17.1,grandpas_village,18.25,clear,19.760,6.824,0.00,1.50,world
259.05,2026-08-30 22:10:03,27.34,0.86,-44.66,17.1,grandpas_village,18.28,clear,19.760,6.824,0.00,1.50,world
259.75,2026-08-30 22:10:04,27.34,0.86,-44.66,17.1,grandpas_village,18.31,clear,27.258,7.120,0.00,1.50,world
260.45,2026-08-30 22:10:05,27.34,0.86,-44.66,17.1,grandpas_village,18.33,clear,20.507,6.861,0.00,1.50,world
261.22,2026-08-30 22:10:06,27.34,0.86,-44.66,17.1,grandpas_village,18.36,clear,24.736,7.135,0.00,1.50,world
261.98,2026-08-30 22:10:06,27.34,0.86,-44.66,17.1,grandpas_village,18.39,clear,24.736,7.135,0.00,1.50,world
262.70,2026-08-30 22:10:07,27.34,0.86,-44.66,17.1,grandpas_village,18.42,clear,26.085,7.773,0.00,1.50,world
263.43,2026-08-30 22:10:08,27.34,0.86,-44.66,17.1,grandpas_village,18.45,clear,19.599,7.082,0.00,1.50,world
264.15,2026-08-30 22:10:08,27.34,0.86,-44.66,17.1,grandpas_village,18.48,clear,22.363,6.968,0.00,1.50,world
264.85,2026-08-30 22:10:09,27.34,0.86,-44.66,17.1,grandpas_village,18.51,clear,22.363,6.968,0.00,1.50,world
265.57,2026-08-30 22:10:10,27.34,0.86,-44.66,17.1,grandpas_village,18.54,clear,19.287,7.049,0.00,1.50,world
266.27,2026-08-30 22:10:11,27.34,0.86,-44.66,17.1,grandpas_village,18.57,clear,19.687,6.823,0.00,1.50,world
267.02,2026-08-30 22:10:11,27.34,0.86,-44.66,17.1,grandpas_village,18.60,clear,19.687,6.823,0.00,1.50,world
267.52,2026-08-30 22:10:12,27.34,0.86,-44.66,17.1,grandpas_village,18.62,clear,24.110,6.699,0.00,1.50,world
268.02,2026-08-30 22:10:12,27.34,0.86,-44.66,17.1,grandpas_village,18.64,clear,24.110,6.699,0.00,1.50,world
268.52,2026-08-30 22:10:13,27.34,0.86,-44.66,17.1,grandpas_village,18.66,clear,22.767,6.294,0.00,1.50,world
269.02,2026-08-30 22:10:13,27.34,0.86,-44.66,17.1,grandpas_village,18.68,clear,22.767,6.294,0.00,1.50,world
269.52,2026-08-30 22:10:14,27.34,0.86,-44.66,17.1,grandpas_village,18.70,clear,18.771,6.073,0.00,1.50,world
270.02,2026-08-30 22:10:14,27.34,0.86,-44.66,17.1,grandpas_village,18.72,clear,18.771,6.073,0.00,1.50,world
270.52,2026-08-30 22:10:15,27.34,0.86,-44.66,17.1,grandpas_village,18.73,clear,19.349,6.625,0.00,1.50,world
271.02,2026-08-30 22:10:15,27.34,0.86,-44.66,17.1,grandpas_village,18.76,clear,19.349,6.625,0.00,1.50,world
271.52,2026-08-30 22:10:16,27.34,0.86,-44.66,17.1,grandpas_village,18.78,clear,24.971,8.848,0.00,1.50,world
272.02,2026-08-30 22:10:16,27.34,0.86,-44.66,17.1,grandpas_village,18.80,clear,24.971,8.848,0.00,1.50,world
272.52,2026-08-30 22:10:17,27.34,0.86,-44.66,17.1,grandpas_village,18.82,clear,19.160,5.820,0.00,1.50,world
273.02,2026-08-30 22:10:17,27.34,0.86,-44.66,17.1,grandpas_village,18.84,clear,19.160,5.820,0.00,1.50,world
273.52,2026-08-30 22:10:18,27.14,0.88,-44.55,-46.0,grandpas_village,18.85,clear,18.776,5.870,0.00,1.27,world
274.02,2026-08-30 22:10:19,26.03,0.99,-44.01,-64.2,grandpas_village,18.88,clear,19.989,483.174,0.00,0.04,world
274.52,2026-08-30 22:10:19,26.03,0.99,-44.01,-64.2,grandpas_village,18.90,clear,19.989,483.174,0.00,0.04,world
275.02,2026-08-30 22:10:20,26.03,0.99,-44.01,-64.2,grandpas_village,18.92,clear,26.069,8.153,0.00,0.04,world
275.52,2026-08-30 22:10:20,26.03,0.99,-44.01,-64.2,grandpas_village,18.94,clear,26.069,8.153,0.00,0.04,world
276.02,2026-08-30 22:10:21,26.03,0.99,-44.01,-64.2,grandpas_village,18.96,clear,18.435,5.854,0.00,0.04,world
276.52,2026-08-30 22:10:21,26.03,0.99,-44.01,-64.2,grandpas_village,18.98,clear,18.435,5.854,0.00,0.04,world
277.48,2026-08-30 22:10:22,26.03,0.99,-44.01,-64.2,grandpas_village,19.01,clear,25.534,7.445,0.00,0.04,world
278.18,2026-08-30 22:10:23,26.03,0.99,-44.01,-64.2,grandpas_village,19.04,clear,20.886,7.009,0.00,0.04,world
278.90,2026-08-30 22:10:24,26.03,0.99,-44.01,-64.2,grandpas_village,19.07,clear,19.802,7.253,0.00,0.04,world
279.63,2026-08-30 22:10:24,26.03,0.99,-44.01,-64.2,grandpas_village,19.10,clear,19.802,7.253,0.00,0.04,world
280.42,2026-08-30 22:10:25,26.03,0.99,-44.01,-64.2,grandpas_village,19.13,clear,23.911,7.310,0.00,0.04,world
281.12,2026-08-30 22:10:26,26.03,0.99,-44.01,-64.2,grandpas_village,19.16,clear,26.538,6.963,0.00,0.04,world
281.80,2026-08-30 22:10:27,26.03,0.99,-44.01,-64.2,grandpas_village,19.19,clear,19.305,6.824,0.00,0.04,world
282.50,2026-08-30 22:10:27,26.03,0.99,-44.01,-64.2,grandpas_village,19.22,clear,19.305,6.824,0.00,0.04,world
283.20,2026-08-30 22:10:28,26.03,0.99,-44.01,-64.2,grandpas_village,19.24,clear,20.340,7.224,0.00,0.04,world
283.88,2026-08-30 22:10:29,26.03,0.99,-44.01,-64.2,grandpas_village,19.27,clear,18.755,7.079,0.00,0.04,world
284.57,2026-08-30 22:10:29,26.03,0.99,-44.01,-64.2,grandpas_village,19.30,clear,18.755,7.079,0.00,0.04,world
285.23,2026-08-30 22:10:30,26.03,0.99,-44.01,-64.2,grandpas_village,19.32,clear,18.912,6.965,0.00,0.04,world
285.97,2026-08-30 22:10:31,26.03,0.99,-44.01,-64.2,grandpas_village,19.35,clear,20.882,6.600,0.00,0.04,world
286.65,2026-08-30 22:10:31,26.03,0.99,-44.01,-64.2,grandpas_village,19.38,clear,20.882,6.600,0.00,0.04,world
287.45,2026-08-30 22:10:32,26.03,0.99,-44.01,-64.2,grandpas_village,19.41,clear,18.881,6.891,0.00,0.04,world
288.15,2026-08-30 22:10:33,26.03,0.99,-44.01,-64.2,grandpas_village,19.44,clear,24.580,6.940,0.00,0.04,world
288.85,2026-08-30 22:10:34,26.03,0.99,-44.01,-64.2,grandpas_village,19.47,clear,19.906,8.132,0.00,0.04,world
289.50,2026-08-30 22:10:34,26.03,0.99,-44.01,-64.2,grandpas_village,19.50,clear,19.906,8.132,0.00,0.04,world
290.18,2026-08-30 22:10:35,26.03,0.99,-44.01,-64.2,grandpas_village,19.52,clear,18.452,6.841,0.00,0.04,world
290.87,2026-08-30 22:10:36,26.03,0.99,-44.01,-64.2,grandpas_village,19.55,clear,18.774,6.644,0.00,0.04,world
291.37,2026-08-30 22:10:36,26.03,0.99,-44.01,-64.2,grandpas_village,19.57,clear,18.774,6.644,0.00,0.04,world
291.87,2026-08-30 22:10:37,26.03,0.99,-44.01,-64.2,grandpas_village,19.59,clear,19.298,6.597,0.00,0.04,world
292.37,2026-08-30 22:10:37,26.03,0.99,-44.01,-64.2,grandpas_village,19.61,clear,19.298,6.597,0.00,0.04,world
292.87,2026-08-30 22:10:38,26.03,0.99,-44.01,-64.2,grandpas_village,19.63,clear,19.446,6.146,0.00,0.04,world
293.37,2026-08-30 22:10:38,26.03,0.99,-44.01,-64.2,grandpas_village,19.65,clear,19.446,6.146,0.00,0.04,world
293.87,2026-08-30 22:10:39,26.03,0.99,-44.01,-64.2,grandpas_village,19.67,clear,18.022,6.196,0.00,0.04,world
294.37,2026-08-30 22:10:39,26.03,0.99,-44.01,-64.2,grandpas_village,19.69,clear,18.022,6.196,0.00,0.04,world
294.87,2026-08-30 22:10:40,26.03,0.99,-44.01,-64.2,grandpas_village,19.71,clear,18.461,6.172,0.00,0.04,world
295.37,2026-08-30 22:10:40,26.03,0.99,-44.01,-64.2,grandpas_village,19.73,clear,18.461,6.172,0.00,0.04,world
295.87,2026-08-30 22:10:41,26.03,0.99,-44.01,-64.2,grandpas_village,19.75,clear,19.341,6.192,0.00,0.04,world
296.37,2026-08-30 22:10:41,26.03,0.99,-44.01,-64.2,grandpas_village,19.77,clear,19.341,6.192,0.00,0.04,world
296.87,2026-08-30 22:10:42,26.03,0.99,-44.01,-64.2,grandpas_village,19.79,clear,20.156,6.295,0.00,0.04,world
297.37,2026-08-30 22:10:42,26.03,0.99,-44.01,-64.2,grandpas_village,19.81,clear,20.156,6.295,0.00,0.04,world
297.87,2026-08-30 22:10:43,26.03,0.99,-44.01,-64.2,grandpas_village,19.83,clear,20.927,461.612,0.00,0.04,world
298.37,2026-08-30 22:10:43,26.03,0.99,-44.01,-64.2,grandpas_village,19.85,clear,18.845,6.396,0.00,0.04,world
298.87,2026-08-30 22:10:44,26.03,0.99,-44.01,-64.2,grandpas_village,19.87,clear,18.845,6.396,0.00,0.04,world
299.37,2026-08-30 22:10:44,26.03,0.99,-44.01,-64.2,grandpas_village,19.89,clear,18.845,6.396,0.00,0.04,world
299.87,2026-08-30 22:10:45,26.03,0.99,-44.01,-64.2,grandpas_village,19.91,clear,20.662,6.186,0.00,0.04,world
301.00,2026-08-30 22:10:46,26.03,0.99,-44.01,-64.2,grandpas_village,19.96,clear,19.711,7.291,0.00,0.04,world
301.68,2026-08-30 22:10:47,26.03,0.99,-44.01,-64.2,grandpas_village,19.98,clear,18.990,6.665,0.00,0.04,world
302.38,2026-08-30 22:10:47,26.03,0.99,-44.01,-64.2,grandpas_village,20.01,clear,21.471,6.819,0.00,0.04,world
303.22,2026-08-30 22:10:48,26.03,0.99,-44.01,-64.2,grandpas_village,20.04,clear,21.471,6.819,0.00,0.04,world
304.03,2026-08-30 22:10:49,26.03,0.99,-44.01,-64.2,grandpas_village,20.08,clear,19.936,8.231,0.00,0.04,world
304.95,2026-08-30 22:10:50,26.03,0.99,-44.01,-64.2,grandpas_village,20.11,clear,21.352,8.514,0.00,0.04,world
305.92,2026-08-30 22:10:51,26.03,0.99,-44.01,-64.2,grandpas_village,20.15,clear,23.048,8.959,0.00,0.04,world
306.88,2026-08-30 22:10:52,26.03,0.99,-44.01,-64.2,grandpas_village,20.19,clear,30.274,10.187,0.00,0.04,world
307.77,2026-08-30 22:10:53,26.03,0.99,-44.01,-64.2,grandpas_village,20.23,clear,21.414,8.469,0.00,0.04,world
308.72,2026-08-30 22:10:54,26.03,0.99,-44.01,-64.2,grandpas_village,20.26,clear,21.692,8.386,0.00,0.04,world
309.60,2026-08-30 22:10:55,26.03,0.99,-44.01,-64.2,grandpas_village,20.30,clear,22.100,8.991,0.00,0.04,world
310.53,2026-08-30 22:10:56,26.03,0.99,-44.01,-64.2,grandpas_village,20.34,clear,25.507,8.448,0.00,0.04,world
311.50,2026-08-30 22:10:57,26.03,0.99,-44.01,-64.2,grandpas_village,20.38,clear,22.319,10.050,0.00,0.04,world
312.45,2026-08-30 22:10:57,26.03,0.99,-44.01,-64.2,grandpas_village,20.41,clear,22.260,9.356,0.00,0.04,world
313.33,2026-08-30 22:10:58,26.03,0.99,-44.01,-64.2,grandpas_village,20.45,clear,22.260,9.356,0.00,0.04,world
314.30,2026-08-30 22:10:59,26.03,0.99,-44.01,-64.2,grandpas_village,20.49,clear,21.439,9.084,0.00,0.04,world
315.25,2026-08-30 22:11:00,26.03,0.99,-44.01,-64.2,grandpas_village,20.52,clear,28.400,9.596,0.00,0.04,world
316.17,2026-08-30 22:11:01,26.03,0.99,-44.01,-64.2,grandpas_village,20.56,clear,23.261,8.909,0.00,0.04,world
317.10,2026-08-30 22:11:02,26.03,0.99,-44.01,-64.2,grandpas_village,20.60,clear,21.774,8.608,0.00,0.04,world
317.98,2026-08-30 22:11:03,26.03,0.99,-44.01,-64.2,grandpas_village,20.63,clear,22.241,8.975,0.00,0.04,world
318.58,2026-08-30 22:11:04,26.03,0.99,-44.01,-64.2,grandpas_village,20.66,clear,22.485,9.305,0.00,0.04,world
319.08,2026-08-30 22:11:04,26.03,0.99,-44.01,-64.2,grandpas_village,20.68,clear,22.485,9.305,0.00,0.04,world
319.58,2026-08-30 22:11:05,26.03,0.99,-44.01,-64.2,grandpas_village,20.70,clear,22.020,8.849,0.00,0.04,world
320.08,2026-08-30 22:11:05,26.03,0.99,-44.01,-64.2,grandpas_village,20.72,clear,22.020,8.849,0.00,0.04,world
320.58,2026-08-30 22:11:06,26.03,0.99,-44.01,-64.2,grandpas_village,20.74,clear,21.861,7.892,0.00,0.04,world
321.08,2026-08-30 22:11:06,26.03,0.99,-44.01,-64.2,grandpas_village,20.76,clear,21.861,7.892,0.00,0.04,world
321.58,2026-08-30 22:11:07,26.03,0.99,-44.01,-64.2,grandpas_village,20.78,clear,22.082,7.887,0.00,0.04,world
322.08,2026-08-30 22:11:07,26.03,0.99,-44.01,-64.2,grandpas_village,20.80,clear,22.082,7.887,0.00,0.04,world
322.58,2026-08-30 22:11:08,26.03,0.99,-44.01,-64.2,grandpas_village,20.82,clear,22.340,8.473,0.00,0.04,world
323.08,2026-08-30 22:11:08,26.03,0.99,-44.01,-64.2,grandpas_village,20.84,clear,22.340,8.473,0.00,0.04,world
323.58,2026-08-30 22:11:09,26.03,0.99,-44.01,-64.2,grandpas_village,20.86,clear,23.943,9.028,0.00,0.04,world
324.08,2026-08-30 22:11:09,26.03,0.99,-44.01,-64.2,grandpas_village,20.88,clear,23.943,9.028,0.00,0.04,world
324.60,2026-08-30 22:11:10,26.03,0.99,-44.01,-64.2,grandpas_village,20.90,clear,22.898,10.072,0.00,0.04,world
325.10,2026-08-30 22:11:11,26.03,0.99,-44.01,-64.2,grandpas_village,20.92,clear,23.423,477.495,0.00,0.04,world
325.60,2026-08-30 22:11:11,26.03,0.99,-44.01,-64.2,grandpas_village,20.94,clear,23.423,477.495,0.00,0.04,world
326.10,2026-08-30 22:11:12,26.03,0.99,-44.01,-64.2,grandpas_village,20.96,clear,25.005,7.460,0.00,0.04,world
326.60,2026-08-30 22:11:12,26.03,0.99,-44.01,-64.2,grandpas_village,20.98,clear,25.005,7.460,0.00,0.04,world
327.10,2026-08-30 22:11:13,26.03,0.99,-44.01,-64.2,grandpas_village,21.00,clear,21.774,8.050,0.00,0.04,world
327.60,2026-08-30 22:11:13,26.03,0.99,-44.01,-64.2,grandpas_village,21.02,clear,21.774,8.050,0.00,0.04,world
328.50,2026-08-30 22:11:14,26.03,0.99,-44.01,-64.2,grandpas_village,21.05,clear,21.583,7.912,0.00,0.04,world
329.38,2026-08-30 22:11:15,26.03,0.99,-44.01,-64.2,grandpas_village,21.09,clear,22.369,8.544,0.00,0.04,world
330.28,2026-08-30 22:11:16,26.03,0.99,-44.01,-64.2,grandpas_village,21.13,clear,22.465,9.388,0.00,0.04,world
331.18,2026-08-30 22:11:17,26.03,0.99,-44.01,-64.2,grandpas_village,21.16,clear,22.232,8.761,0.00,0.04,world
332.08,2026-08-30 22:11:18,26.03,0.99,-44.01,-64.2,grandpas_village,21.20,clear,23.001,9.333,0.00,0.04,world
332.98,2026-08-30 22:11:18,26.03,0.99,-44.01,-64.2,grandpas_village,21.23,clear,20.990,8.403,0.00,0.04,world
333.85,2026-08-30 22:11:19,26.03,0.99,-44.01,-64.2,grandpas_village,21.27,clear,20.990,8.403,0.00,0.04,world
334.85,2026-08-30 22:11:20,26.03,0.99,-44.01,-64.2,grandpas_village,21.31,clear,21.350,9.084,0.00,0.04,world
335.87,2026-08-30 22:11:21,26.03,0.99,-44.01,-64.2,grandpas_village,21.35,clear,29.509,9.220,0.00,0.04,world
336.85,2026-08-30 22:11:22,26.03,0.99,-44.01,-64.2,grandpas_village,21.39,clear,31.465,9.116,0.00,0.04,world
337.77,2026-08-30 22:11:23,26.03,0.99,-44.01,-64.2,grandpas_village,21.43,clear,23.147,8.524,0.00,0.04,world
338.68,2026-08-30 22:11:24,26.03,0.99,-44.01,-64.2,grandpas_village,21.46,clear,22.282,9.015,0.00,0.04,world
339.62,2026-08-30 22:11:25,26.03,0.99,-44.01,-64.2,grandpas_village,21.50,clear,20.947,8.620,0.00,0.04,world
340.55,2026-08-30 22:11:26,26.03,0.99,-44.01,-64.2,grandpas_village,21.54,clear,26.729,8.697,0.00,0.04,world
341.45,2026-08-30 22:11:27,26.03,0.99,-44.01,-64.2,grandpas_village,21.57,clear,29.063,8.819,0.00,0.04,world
342.33,2026-08-30 22:11:28,26.03,0.99,-44.01,-64.2,grandpas_village,21.61,clear,21.416,8.749,0.00,0.04,world
343.20,2026-08-30 22:11:29,26.03,0.99,-44.01,-64.2,grandpas_village,21.64,clear,21.037,8.015,0.00,0.04,world
344.12,2026-08-30 22:11:30,26.03,0.99,-44.01,-64.2,grandpas_village,21.68,clear,22.245,8.851,0.00,0.04,world
345.17,2026-08-30 22:11:31,26.03,0.99,-44.01,-64.2,grandpas_village,21.72,clear,26.626,9.094,0.00,0.04,world
346.18,2026-08-30 22:11:32,26.03,0.99,-44.01,-64.2,grandpas_village,21.76,clear,23.442,9.555,0.00,0.04,world
346.73,2026-08-30 22:11:32,26.03,0.99,-44.01,-64.2,grandpas_village,21.78,clear,23.442,9.555,0.00,0.04,world
347.23,2026-08-30 22:11:33,26.03,0.99,-44.01,-64.2,grandpas_village,21.80,clear,22.061,9.063,0.00,0.04,world
347.73,2026-08-30 22:11:33,26.03,0.99,-44.01,-64.2,grandpas_village,21.82,clear,22.061,9.063,0.00,0.04,world
348.23,2026-08-30 22:11:34,26.03,0.99,-44.01,-64.2,grandpas_village,21.84,clear,22.245,7.989,0.00,0.04,world
348.73,2026-08-30 22:11:34,26.03,0.99,-44.01,-64.2,grandpas_village,21.86,clear,22.245,7.989,0.00,0.04,world
349.23,2026-08-30 22:11:35,26.03,0.99,-44.01,-64.2,grandpas_village,21.88,clear,22.169,8.046,0.00,0.04,world
349.73,2026-08-30 22:11:35,26.03,0.99,-44.01,-64.2,grandpas_village,21.90,clear,22.169,8.046,0.00,0.04,world
350.23,2026-08-30 22:11:36,26.03,0.99,-44.01,-64.2,grandpas_village,21.92,clear,22.278,7.397,0.00,0.04,world
350.73,2026-08-30 22:11:36,26.03,0.99,-44.01,-64.2,grandpas_village,21.94,clear,22.278,7.397,0.00,0.04,world
351.23,2026-08-30 22:11:37,26.03,0.99,-44.01,-64.2,grandpas_village,21.96,clear,21.452,7.846,0.00,0.04,world
351.73,2026-08-30 22:11:37,26.03,0.99,-44.01,-64.2,grandpas_village,21.98,clear,21.452,7.846,0.00,0.04,world
352.23,2026-08-30 22:11:38,26.03,0.99,-44.01,-64.2,grandpas_village,22.00,clear,29.385,10.410,0.00,0.04,world
352.75,2026-08-30 22:11:39,26.03,0.99,-44.01,-64.2,grandpas_village,22.02,clear,29.385,10.410,0.00,0.04,world
353.25,2026-08-30 22:11:39,26.03,0.99,-44.01,-64.2,grandpas_village,22.04,clear,23.710,465.049,0.00,0.04,world
353.75,2026-08-30 22:11:40,26.03,0.99,-44.01,-64.2,grandpas_village,22.06,clear,26.602,9.441,0.00,0.04,world
354.25,2026-08-30 22:11:40,26.03,0.99,-44.01,-64.2,grandpas_village,22.08,clear,26.602,9.441,0.00,0.04,world
354.75,2026-08-30 22:11:41,26.03,0.99,-44.01,-64.2,grandpas_village,22.10,clear,23.626,7.974,0.00,0.04,world
355.25,2026-08-30 22:11:41,26.03,0.99,-44.01,-64.2,grandpas_village,22.12,clear,23.626,7.974,0.00,0.04,world
355.77,2026-08-30 22:11:42,26.03,0.99,-44.01,-64.2,grandpas_village,22.15,clear,23.058,8.884,0.00,0.04,world
356.67,2026-08-30 22:11:42,26.03,0.99,-44.01,-64.2,grandpas_village,22.18,clear,21.441,7.612,0.00,0.04,world
357.53,2026-08-30 22:11:43,26.03,0.99,-44.01,-64.2,grandpas_village,22.22,clear,21.441,7.612,0.00,0.04,world
358.42,2026-08-30 22:11:44,26.03,0.99,-44.01,-64.2,grandpas_village,22.25,clear,21.154,9.278,0.00,0.04,world
359.30,2026-08-30 22:11:45,26.03,0.99,-44.01,-64.2,grandpas_village,22.29,clear,25.332,8.359,0.00,0.04,world
360.20,2026-08-30 22:11:46,26.03,0.99,-44.01,-64.2,grandpas_village,22.32,clear,21.381,8.730,0.00,0.04,world
361.10,2026-08-30 22:11:47,26.03,0.99,-44.01,-64.2,grandpas_village,22.36,clear,22.300,8.729,0.00,0.04,world
362.05,2026-08-30 22:11:48,26.03,0.99,-44.01,-64.2,grandpas_village,22.40,clear,45.568,9.313,0.00,0.04,world
362.92,2026-08-30 22:11:49,26.03,0.99,-44.01,-64.2,grandpas_village,22.43,clear,22.999,8.531,0.00,0.04,world
363.77,2026-08-30 22:11:50,26.03,0.99,-44.01,-64.2,grandpas_village,22.47,clear,21.263,8.339,0.00,0.04,world
364.63,2026-08-30 22:11:50,26.03,0.99,-44.01,-64.2,grandpas_village,22.50,clear,21.471,8.357,0.00,0.04,world
365.53,2026-08-30 22:11:51,26.03,0.99,-44.01,-64.2,grandpas_village,22.54,clear,21.471,8.357,0.00,0.04,world
366.45,2026-08-30 22:11:52,26.03,0.99,-44.01,-64.2,grandpas_village,22.57,clear,21.012,8.446,0.00,0.04,world
367.38,2026-08-30 22:11:53,26.03,0.99,-44.01,-64.2,grandpas_village,22.61,clear,24.809,8.476,0.00,0.04,world
368.32,2026-08-30 22:11:54,26.03,0.99,-44.01,-64.2,grandpas_village,22.65,clear,22.140,9.438,0.00,0.04,world
369.27,2026-08-30 22:11:55,26.03,0.99,-44.01,-64.2,grandpas_village,22.69,clear,23.717,8.812,0.00,0.04,world
370.20,2026-08-30 22:11:56,26.03,0.99,-44.01,-64.2,grandpas_village,22.72,clear,22.546,8.741,0.00,0.04,world
371.10,2026-08-30 22:11:57,26.03,0.99,-44.01,-64.2,grandpas_village,22.76,clear,23.339,8.427,0.00,0.04,world
372.00,2026-08-30 22:11:58,26.03,0.99,-44.01,-64.2,grandpas_village,22.80,clear,22.031,9.114,0.00,0.04,world
372.88,2026-08-30 22:11:59,26.03,0.99,-44.01,-64.2,grandpas_village,22.83,clear,21.873,8.483,0.00,0.04,world
373.73,2026-08-30 22:12:00,26.03,0.99,-44.01,-64.2,grandpas_village,22.86,clear,21.369,8.284,0.00,0.04,world
374.32,2026-08-30 22:12:00,26.03,0.99,-44.01,-64.2,grandpas_village,22.89,clear,21.369,8.284,0.00,0.04,world
374.82,2026-08-30 22:12:01,26.03,0.99,-44.01,-64.2,grandpas_village,22.91,clear,22.787,9.236,0.00,0.04,world
375.32,2026-08-30 22:12:01,26.03,0.99,-44.01,-64.2,grandpas_village,22.93,clear,22.787,9.236,0.00,0.04,world
375.82,2026-08-30 22:12:02,26.03,0.99,-44.01,-64.2,grandpas_village,22.95,clear,22.141,8.841,0.00,0.04,world
376.32,2026-08-30 22:12:02,26.03,0.99,-44.01,-64.2,grandpas_village,22.97,clear,22.141,8.841,0.00,0.04,world
376.82,2026-08-30 22:12:03,26.03,0.99,-44.01,-64.2,grandpas_village,22.99,clear,22.988,8.237,0.00,0.04,world
377.32,2026-08-30 22:12:03,26.03,0.99,-44.01,-64.2,grandpas_village,23.01,clear,22.988,8.237,0.00,0.04,world
377.82,2026-08-30 22:12:04,26.03,0.99,-44.01,-64.2,grandpas_village,23.03,clear,21.277,7.822,0.00,0.04,world
378.32,2026-08-30 22:12:04,26.03,0.99,-44.01,-64.2,grandpas_village,23.05,clear,21.277,7.822,0.00,0.04,world
378.82,2026-08-30 22:12:05,26.03,0.99,-44.01,-64.2,grandpas_village,23.07,clear,29.622,10.729,0.00,0.04,world
379.32,2026-08-30 22:12:05,26.03,0.99,-44.01,-64.2,grandpas_village,23.09,clear,29.622,10.729,0.00,0.04,world
379.82,2026-08-30 22:12:06,26.03,0.99,-44.01,-64.2,grandpas_village,23.11,clear,21.644,7.427,0.00,0.04,world
380.33,2026-08-30 22:12:07,26.03,0.99,-44.01,-64.2,grandpas_village,23.13,clear,21.644,7.427,0.00,0.04,world
380.83,2026-08-30 22:12:07,26.03,0.99,-44.01,-64.2,grandpas_village,23.15,clear,24.318,467.194,0.00,0.04,world
381.33,2026-08-30 22:12:07,26.03,0.99,-44.01,-64.2,grandpas_village,23.17,clear,22.414,7.840,0.00,0.04,world
381.83,2026-08-30 22:12:08,26.03,0.99,-44.01,-64.2,grandpas_village,23.19,clear,22.414,7.840,0.00,0.04,world
382.33,2026-08-30 22:12:09,26.03,0.99,-44.01,-64.2,grandpas_village,23.21,clear,25.000,8.396,0.00,0.04,world
382.83,2026-08-30 22:12:09,26.03,0.99,-44.01,-64.2,grandpas_village,23.23,clear,25.000,8.396,0.00,0.04,world
383.33,2026-08-30 22:12:09,26.03,0.99,-44.01,-64.2,grandpas_village,23.25,clear,27.350,9.139,0.00,0.04,world
384.22,2026-08-30 22:12:10,26.03,0.99,-44.01,-64.2,grandpas_village,23.28,clear,27.350,9.139,0.00,0.04,world
385.15,2026-08-30 22:12:11,26.03,0.99,-44.01,-64.2,grandpas_village,23.32,clear,23.598,8.722,0.00,0.04,world
386.10,2026-08-30 22:12:12,26.03,0.99,-44.01,-64.2,grandpas_village,23.36,clear,22.916,8.699,0.00,0.04,world
387.10,2026-08-30 22:12:13,26.03,0.99,-44.01,-64.2,grandpas_village,23.40,clear,22.736,8.761,0.00,0.04,world
387.98,2026-08-30 22:12:14,26.03,0.99,-44.01,-64.2,grandpas_village,23.43,clear,29.877,9.266,0.00,0.04,world
388.92,2026-08-30 22:12:15,26.03,0.99,-44.01,-64.2,grandpas_village,23.47,clear,22.971,8.872,0.00,0.04,world
389.88,2026-08-30 22:12:16,26.03,0.99,-44.01,-64.2,grandpas_village,23.51,clear,23.280,8.843,0.00,0.04,world
390.78,2026-08-30 22:12:17,26.03,0.99,-44.01,-64.2,grandpas_village,23.55,clear,22.312,9.316,0.00,0.04,world
391.65,2026-08-30 22:12:18,26.03,0.99,-44.01,-64.2,grandpas_village,23.58,clear,22.079,8.761,0.00,0.04,world
392.47,2026-08-30 22:12:19,26.03,0.99,-44.01,-64.2,grandpas_village,23.61,clear,20.473,8.347,0.00,0.04,world
393.35,2026-08-30 22:12:20,26.03,0.99,-44.01,-64.2,grandpas_village,23.65,clear,22.090,8.194,0.00,0.04,world
394.25,2026-08-30 22:12:20,26.03,0.99,-44.01,-64.2,grandpas_village,23.69,clear,22.090,8.194,0.00,0.04,world
395.18,2026-08-30 22:12:21,26.03,0.99,-44.01,-64.2,grandpas_village,23.72,clear,21.836,9.225,0.00,0.04,world
396.15,2026-08-30 22:12:22,26.03,0.99,-44.01,-64.2,grandpas_village,23.76,clear,22.798,9.269,0.00,0.04,world
397.08,2026-08-30 22:12:23,26.03,0.99,-44.01,-64.2,grandpas_village,23.80,clear,23.070,10.764,0.00,0.04,world
398.00,2026-08-30 22:12:24,26.03,0.99,-44.01,-64.2,grandpas_village,23.84,clear,26.094,9.042,0.00,0.04,world
398.90,2026-08-30 22:12:25,26.03,0.99,-44.01,-64.2,grandpas_village,23.87,clear,27.084,8.443,0.00,0.04,world
399.73,2026-08-30 22:12:26,26.03,0.99,-44.01,-64.2,grandpas_village,23.90,clear,22.587,7.832,0.00,0.04,world
400.65,2026-08-30 22:12:27,26.03,0.99,-44.01,-64.2,grandpas_village,23.94,clear,22.149,8.603,0.00,0.04,world
401.60,2026-08-30 22:12:28,26.03,0.99,-44.01,-64.2,grandpas_village,23.98,clear,27.856,8.951,0.00,0.04,world
402.27,2026-08-30 22:12:28,26.03,0.99,-44.01,-64.2,grandpas_village,0.01,clear,27.856,8.951,0.00,0.04,world
402.77,2026-08-30 22:12:29,26.03,0.99,-44.01,-64.2,grandpas_village,0.03,clear,29.446,8.988,0.00,0.04,world
403.27,2026-08-30 22:12:29,26.03,0.99,-44.01,-64.2,grandpas_village,0.04,clear,29.446,8.988,0.00,0.04,world
403.77,2026-08-30 22:12:30,26.03,0.99,-44.01,-64.2,grandpas_village,0.07,clear,26.879,9.753,0.00,0.04,world
404.27,2026-08-30 22:12:30,26.03,0.99,-44.01,-64.2,grandpas_village,0.09,clear,22.698,8.373,0.00,0.04,world
404.77,2026-08-30 22:12:31,26.03,0.99,-44.01,-64.2,grandpas_village,0.11,clear,22.698,8.373,0.00,0.04,world
405.27,2026-08-30 22:12:31,26.03,0.99,-44.01,-64.2,grandpas_village,0.13,clear,22.698,8.373,0.00,0.04,world
405.77,2026-08-30 22:12:32,26.03,0.99,-44.01,-64.2,grandpas_village,0.15,clear,22.129,8.526,0.00,0.04,world
406.27,2026-08-30 22:12:32,26.03,0.99,-44.01,-64.2,grandpas_village,0.17,clear,22.355,7.409,0.00,0.04,world
406.77,2026-08-30 22:12:33,26.03,0.99,-44.01,-64.2,grandpas_village,0.19,clear,22.355,7.409,0.00,0.04,world
407.27,2026-08-30 22:12:33,26.03,0.99,-44.01,-64.2,grandpas_village,0.21,clear,22.355,7.409,0.00,0.04,world
407.77,2026-08-30 22:12:34,26.03,0.99,-44.01,-64.2,grandpas_village,0.23,clear,22.265,7.783,0.00,0.04,world
408.28,2026-08-30 22:12:35,26.03,0.99,-44.01,-64.2,grandpas_village,0.25,clear,22.957,471.676,0.00,0.04,world
408.78,2026-08-30 22:12:35,26.03,0.99,-44.01,-64.2,grandpas_village,0.27,clear,22.957,471.676,0.00,0.04,world
409.28,2026-08-30 22:12:36,26.03,0.99,-44.01,-64.2,grandpas_village,0.29,clear,23.059,9.116,0.00,0.04,world
409.78,2026-08-30 22:12:36,26.03,0.99,-44.01,-64.2,grandpas_village,0.31,clear,23.059,9.116,0.00,0.04,world
410.28,2026-08-30 22:12:37,26.03,0.99,-44.01,-64.2,grandpas_village,0.33,clear,21.866,8.087,0.00,0.04,world
410.78,2026-08-30 22:12:37,26.03,0.99,-44.01,-64.2,grandpas_village,0.35,clear,21.866,8.087,0.00,0.04,world
411.28,2026-08-30 22:12:38,26.03,0.99,-44.01,-64.2,grandpas_village,0.37,clear,29.041,7.568,0.00,0.04,world
412.37,2026-08-30 22:12:39,26.03,0.99,-44.01,-64.2,grandpas_village,0.41,clear,29.933,14.282,0.00,0.04,world
413.55,2026-08-30 22:12:40,26.03,0.99,-44.01,-64.2,grandpas_village,0.46,clear,29.254,8.862,0.00,0.04,world
414.48,2026-08-30 22:12:41,26.03,0.99,-44.01,-64.2,grandpas_village,0.49,clear,32.198,9.084,0.00,0.04,world
415.40,2026-08-30 22:12:42,26.03,0.99,-44.01,-64.2,grandpas_village,0.53,clear,27.184,8.486,0.00,0.04,world
416.35,2026-08-30 22:12:43,26.03,0.99,-44.01,-64.2,grandpas_village,0.57,clear,23.299,9.156,0.00,0.04,world
417.33,2026-08-30 22:12:44,26.03,0.99,-44.01,-64.2,grandpas_village,0.61,clear,22.453,9.065,0.00,0.04,world
418.27,2026-08-30 22:12:45,26.03,0.99,-44.01,-64.2,grandpas_village,0.65,clear,22.690,8.684,0.00,0.04,world
419.22,2026-08-30 22:12:46,26.03,0.99,-44.01,-64.2,grandpas_village,0.68,clear,22.794,9.688,0.00,0.04,world
420.13,2026-08-30 22:12:47,26.03,0.99,-44.01,-64.2,grandpas_village,0.72,clear,21.574,8.810,0.00,0.04,world
421.10,2026-08-30 22:12:48,26.03,0.99,-44.01,-64.2,grandpas_village,0.76,clear,28.182,8.912,0.00,0.04,world
422.02,2026-08-30 22:12:49,26.03,0.99,-44.01,-64.2,grandpas_village,0.80,clear,26.408,8.624,0.00,0.04,world
422.97,2026-08-30 22:12:49,26.03,0.99,-44.01,-64.2,grandpas_village,0.83,clear,21.934,9.814,0.00,0.04,world
423.97,2026-08-30 22:12:50,26.03,0.99,-44.01,-64.2,grandpas_village,0.87,clear,29.355,8.712,0.00,0.04,world
424.87,2026-08-30 22:12:51,26.03,0.99,-44.01,-64.2,grandpas_village,0.91,clear,29.355,8.712,0.00,0.04,world
425.83,2026-08-30 22:12:52,26.03,0.99,-44.01,-64.2,grandpas_village,0.95,clear,24.095,8.846,0.00,0.04,world
426.75,2026-08-30 22:12:53,26.03,0.99,-44.01,-64.2,grandpas_village,0.99,clear,27.291,9.828,0.00,0.04,world
427.63,2026-08-30 22:12:54,26.03,0.99,-44.01,-64.2,grandpas_village,1.02,clear,24.931,8.478,0.00,0.04,world
428.57,2026-08-30 22:12:55,26.03,0.99,-44.01,-64.2,grandpas_village,1.06,clear,21.765,8.727,0.00,0.04,world
429.47,2026-08-30 22:12:56,26.03,0.99,-44.01,-64.2,grandpas_village,1.09,clear,22.145,8.342,0.00,0.04,world
430.37,2026-08-30 22:12:57,26.03,0.99,-44.01,-64.2,grandpas_village,1.13,clear,21.955,8.996,0.00,0.04,world
430.97,2026-08-30 22:12:57,26.03,0.99,-44.01,-64.2,grandpas_village,1.15,clear,22.281,9.266,0.00,0.04,world
431.47,2026-08-30 22:12:58,26.03,0.99,-44.01,-64.2,grandpas_village,1.17,clear,22.281,9.266,0.00,0.04,world
431.97,2026-08-30 22:12:58,26.03,0.99,-44.01,-64.2,grandpas_village,1.19,clear,21.913,9.559,0.00,0.04,world
432.47,2026-08-30 22:12:59,26.03,0.99,-44.01,-64.2,grandpas_village,1.21,clear,21.913,9.559,0.00,0.04,world
432.97,2026-08-30 22:12:59,26.03,0.99,-44.01,-64.2,grandpas_village,1.23,clear,23.001,8.474,0.00,0.04,world
433.47,2026-08-30 22:13:00,26.03,0.99,-44.01,-64.2,grandpas_village,1.25,clear,23.001,8.474,0.00,0.04,world
433.97,2026-08-30 22:13:00,26.03,0.99,-44.01,-64.2,grandpas_village,1.27,clear,26.884,9.266,0.00,0.04,world
434.47,2026-08-30 22:13:01,26.03,0.99,-44.01,-64.2,grandpas_village,1.29,clear,26.884,9.266,0.00,0.04,world
434.97,2026-08-30 22:13:01,26.03,0.99,-44.01,-64.2,grandpas_village,1.31,clear,23.015,7.834,0.00,0.04,world
435.47,2026-08-30 22:13:02,26.03,0.99,-44.01,-64.2,grandpas_village,1.33,clear,23.015,7.834,0.00,0.04,world
435.97,2026-08-30 22:13:02,26.03,0.99,-44.01,-64.2,grandpas_village,1.35,clear,22.207,7.758,0.00,0.04,world
436.47,2026-08-30 22:13:03,26.03,0.99,-44.01,-64.2,grandpas_village,1.37,clear,22.207,7.758,0.00,0.04,world
436.98,2026-08-30 22:13:04,26.03,0.99,-44.01,-64.2,grandpas_village,1.39,clear,22.475,8.269,0.00,0.04,world
437.48,2026-08-30 22:13:04,26.03,0.99,-44.01,-64.2,grandpas_village,1.41,clear,22.475,8.269,0.00,0.04,world
437.98,2026-08-30 22:13:05,26.03,0.99,-44.01,-64.2,grandpas_village,1.43,clear,22.405,468.860,0.00,0.04,world
438.48,2026-08-30 22:13:05,26.03,0.99,-44.01,-64.2,grandpas_village,1.45,clear,22.405,468.860,0.00,0.04,world
438.98,2026-08-30 22:13:06,26.03,0.99,-44.01,-64.2,grandpas_village,1.47,clear,30.661,10.352,0.00,0.04,world
439.48,2026-08-30 22:13:06,26.03,0.99,-44.01,-64.2,grandpas_village,1.49,clear,30.661,10.352,0.00,0.04,world
439.98,2026-08-30 22:13:07,26.03,0.99,-44.01,-64.2,grandpas_village,1.51,clear,27.511,8.834,0.00,0.04,world
440.90,2026-08-30 22:13:08,26.03,0.99,-44.01,-64.2,grandpas_village,1.55,clear,23.780,8.972,0.00,0.04,world
441.85,2026-08-30 22:13:09,26.03,0.99,-44.01,-64.2,grandpas_village,1.59,clear,22.200,9.527,0.00,0.04,world
442.73,2026-08-30 22:13:10,26.03,0.99,-44.01,-64.2,grandpas_village,1.62,clear,21.452,8.856,0.00,0.04,world
443.58,2026-08-30 22:13:10,26.03,0.99,-44.01,-64.2,grandpas_village,1.66,clear,21.899,8.115,0.00,0.04,world
444.50,2026-08-30 22:13:11,26.03,0.99,-44.01,-64.2,grandpas_village,1.69,clear,21.899,8.115,0.00,0.04,world
445.40,2026-08-30 22:13:12,26.03,0.99,-44.01,-64.2,grandpas_village,1.73,clear,26.521,8.573,0.00,0.04,world
446.32,2026-08-30 22:13:13,26.03,0.99,-44.01,-64.2,grandpas_village,1.77,clear,22.242,8.957,0.00,0.04,world
447.18,2026-08-30 22:13:14,26.03,0.99,-44.01,-64.2,grandpas_village,1.80,clear,22.004,8.510,0.00,0.04,world
448.10,2026-08-30 22:13:15,26.03,0.99,-44.01,-64.2,grandpas_village,1.84,clear,22.505,9.314,0.00,0.04,world
449.02,2026-08-30 22:13:16,26.03,0.99,-44.01,-64.2,grandpas_village,1.88,clear,22.992,9.240,0.00,0.04,world
449.95,2026-08-30 22:13:17,26.03,0.99,-44.01,-64.2,grandpas_village,1.91,clear,21.784,9.854,0.00,0.04,world
450.93,2026-08-30 22:13:18,26.03,0.99,-44.01,-64.2,grandpas_village,1.95,clear,24.026,8.776,0.00,0.04,world
451.87,2026-08-30 22:13:19,26.03,0.99,-44.01,-64.2,grandpas_village,1.99,clear,23.565,8.957,0.00,0.04,world
452.85,2026-08-30 22:13:20,26.03,0.99,-44.01,-64.2,grandpas_village,2.03,clear,23.463,8.853,0.00,0.04,world
453.82,2026-08-30 22:13:21,26.03,0.99,-44.01,-64.2,grandpas_village,2.07,clear,21.836,9.607,0.00,0.04,world
454.72,2026-08-30 22:13:22,26.03,0.99,-44.01,-64.2,grandpas_village,2.10,clear,22.139,8.841,0.00,0.04,world
455.63,2026-08-30 22:13:22,26.03,0.99,-44.01,-64.2,grandpas_village,2.14,clear,23.901,8.435,0.00,0.04,world
456.52,2026-08-30 22:13:23,26.03,0.99,-44.01,-64.2,grandpas_village,2.18,clear,23.901,8.435,0.00,0.04,world
457.42,2026-08-30 22:13:24,26.03,0.99,-44.01,-64.2,grandpas_village,2.21,clear,21.161,9.189,0.00,0.04,world
458.47,2026-08-30 22:13:25,26.03,0.99,-44.01,-64.2,grandpas_village,2.25,clear,27.469,9.014,0.00,0.04,world
459.05,2026-08-30 22:13:26,26.03,0.99,-44.01,-64.2,grandpas_village,2.28,clear,26.234,9.541,0.00,0.04,world
459.55,2026-08-30 22:13:26,26.03,0.99,-44.01,-64.2,grandpas_village,2.30,clear,23.082,8.960,0.00,0.04,world
460.05,2026-08-30 22:13:27,26.03,0.99,-44.01,-64.2,grandpas_village,2.32,clear,23.082,8.960,0.00,0.04,world
460.55,2026-08-30 22:13:27,26.03,0.99,-44.01,-64.2,grandpas_village,2.34,clear,22.080,8.078,0.00,0.04,world
461.05,2026-08-30 22:13:28,26.03,0.99,-44.01,-64.2,grandpas_village,2.36,clear,22.080,8.078,0.00,0.04,world
461.55,2026-08-30 22:13:28,26.03,0.99,-44.01,-64.2,grandpas_village,2.38,clear,28.947,11.880,0.00,0.04,world
462.05,2026-08-30 22:13:29,26.03,0.99,-44.01,-64.2,grandpas_village,2.40,clear,28.947,11.880,0.00,0.04,world
462.55,2026-08-30 22:13:29,26.03,0.99,-44.01,-64.2,grandpas_village,2.42,clear,26.070,9.503,0.00,0.04,world
463.05,2026-08-30 22:13:30,26.03,0.99,-44.01,-64.2,grandpas_village,2.44,clear,26.070,9.503,0.00,0.04,world
463.55,2026-08-30 22:13:30,26.03,0.99,-44.01,-64.2,grandpas_village,2.46,clear,22.418,8.877,0.00,0.04,world
464.05,2026-08-30 22:13:31,26.03,0.99,-44.01,-64.2,grandpas_village,2.48,clear,22.418,8.877,0.00,0.04,world
464.55,2026-08-30 22:13:31,26.03,0.99,-44.01,-64.2,grandpas_village,2.50,clear,22.418,8.877,0.00,0.04,world
465.07,2026-08-30 22:13:32,26.03,0.99,-44.01,-64.2,grandpas_village,2.52,clear,25.515,8.180,0.00,0.04,world
465.58,2026-08-30 22:13:33,26.03,0.99,-44.01,-64.2,grandpas_village,2.54,clear,42.993,203.083,0.00,0.04,world
466.08,2026-08-30 22:13:33,26.03,0.99,-44.01,-64.2,grandpas_village,2.56,clear,42.993,203.083,0.00,0.04,world
466.60,2026-08-30 22:13:34,26.03,0.99,-44.01,-64.2,grandpas_village,2.58,clear,25.187,9.818,0.00,0.04,menu_backpack
467.17,2026-08-30 22:13:34,26.03,0.99,-44.01,-64.2,grandpas_village,2.58,clear,25.187,9.818,0.00,0.04,world
467.83,2026-08-30 22:13:35,26.03,0.99,-44.01,-64.2,grandpas_village,2.61,clear,149.906,10.581,0.00,0.04,world
468.33,2026-08-30 22:13:35,25.49,0.85,-41.78,-13.8,grandpas_village,2.63,clear,149.906,10.581,0.00,2.28,world
468.83,2026-08-30 22:13:36,24.89,0.78,-39.32,-13.8,grandpas_village,2.65,clear,27.458,9.202,0.00,3.89,world
469.33,2026-08-30 22:13:36,24.29,0.71,-36.87,-13.8,grandpas_village,2.67,clear,27.458,9.202,0.00,3.67,world
469.83,2026-08-30 22:13:37,23.69,0.65,-34.41,-13.8,grandpas_village,2.69,clear,24.191,8.775,0.00,1.74,world
470.33,2026-08-30 22:13:37,23.10,0.62,-31.98,-13.8,grandpas_village,2.71,clear,24.191,8.775,0.00,2.30,world
470.83,2026-08-30 22:13:38,22.51,0.69,-29.58,-13.8,grandpas_village,2.73,clear,32.254,10.763,0.00,4.45,world
471.33,2026-08-30 22:13:38,21.93,0.80,-27.20,-13.9,grandpas_village,2.75,clear,32.254,10.763,0.00,3.81,world
471.83,2026-08-30 22:13:39,21.34,0.89,-24.81,-13.9,grandpas_village,2.77,clear,26.272,10.775,0.00,2.78,world
472.33,2026-08-30 22:13:39,20.74,0.90,-22.38,-13.9,grandpas_village,2.79,clear,26.272,10.775,0.00,3.64,world
472.83,2026-08-30 22:13:40,20.14,0.90,-19.96,-13.9,grandpas_village,2.81,clear,23.007,8.776,0.00,3.96,world
473.33,2026-08-30 22:13:40,19.54,0.90,-17.53,-13.9,grandpas_village,2.83,clear,23.007,8.776,0.00,1.60,world
473.83,2026-08-30 22:13:41,18.64,0.90,-15.94,-12.8,grandpas_village,2.85,clear,22.820,8.725,0.00,1.36,world
474.33,2026-08-30 22:13:41,17.64,0.90,-14.77,-11.0,grandpas_village,2.87,clear,22.820,8.725,0.00,2.66,world
474.83,2026-08-30 22:13:42,17.16,0.90,-12.31,-11.0,grandpas_village,2.89,clear,27.908,8.964,0.00,4.65,world
475.33,2026-08-30 22:13:42,16.68,0.90,-9.86,-11.0,grandpas_village,2.91,clear,27.908,8.964,0.00,6.98,world
475.83,2026-08-30 22:13:43,16.20,0.90,-7.41,-11.0,grandpas_village,2.93,clear,23.596,8.109,0.00,9.40,world
476.33,2026-08-30 22:13:43,15.72,0.90,-4.95,-11.0,grandpas_village,2.95,clear,23.596,8.109,0.00,11.85,world
476.83,2026-08-30 22:13:44,14.34,0.90,-3.47,-6.3,grandpas_village,2.97,clear,22.866,8.434,0.00,12.54,world
477.33,2026-08-30 22:13:44,13.66,0.90,-1.46,-3.6,grandpas_village,2.99,clear,22.866,8.434,0.00,10.48,world
477.83,2026-08-30 22:13:45,13.50,0.90,1.04,-3.6,grandpas_village,3.01,clear,29.580,9.981,0.00,7.98,world
478.33,2026-08-30 22:13:45,13.35,0.90,3.53,-3.6,grandpas_village,3.03,clear,29.580,9.981,0.00,5.48,world
479.05,2026-08-30 22:13:46,13.20,0.90,5.82,-3.6,grandpas_village,3.06,clear,22.789,8.374,0.00,3.19,narrative_modal
479.60,2026-08-30 22:13:47,6.92,0.88,9.33,75.2,grandpas_village,3.08,clear,21.644,9.856,0.00,6.09,combat
480.28,2026-08-30 22:13:47,6.92,0.88,9.33,75.2,grandpas_village,3.11,clear,21.644,9.856,0.00,6.09,combat
480.90,2026-08-30 22:13:48,6.92,0.88,9.33,75.2,grandpas_village,3.13,fog,26.445,12.548,0.00,6.09,combat
481.53,2026-08-30 22:13:49,6.92,0.88,9.33,75.2,grandpas_village,3.16,fog,21.629,9.630,0.00,6.09,combat
482.48,2026-08-30 22:13:49,6.92,0.88,9.33,75.2,grandpas_village,3.19,fog,83.827,23.199,0.00,6.09,combat
483.18,2026-08-30 22:13:50,6.92,0.88,9.33,75.2,grandpas_village,3.22,fog,83.827,23.199,0.00,6.09,combat
483.80,2026-08-30 22:13:51,6.92,0.88,9.33,75.2,grandpas_village,3.25,fog,28.660,11.194,0.00,6.09,combat
484.35,2026-08-30 22:13:51,6.92,0.88,9.33,75.2,grandpas_village,3.27,fog,28.660,11.194,0.00,6.09,combat
485.00,2026-08-30 22:13:52,6.92,0.88,9.33,75.2,grandpas_village,3.30,fog,20.754,9.627,0.00,6.09,combat
485.62,2026-08-30 22:13:53,6.92,0.88,9.33,75.2,grandpas_village,3.32,fog,23.660,9.664,0.00,6.09,combat
486.12,2026-08-30 22:13:53,6.92,0.88,9.33,75.2,grandpas_village,3.34,fog,23.660,9.664,0.00,6.09,combat
486.62,2026-08-30 22:13:54,6.92,0.88,9.33,75.2,grandpas_village,3.36,fog,24.320,11.068,0.00,6.09,combat
487.12,2026-08-30 22:13:54,6.92,0.88,9.33,75.2,grandpas_village,3.38,fog,24.320,11.068,0.00,6.09,combat
487.62,2026-08-30 22:13:55,6.92,0.88,9.33,75.2,grandpas_village,3.40,fog,24.835,8.112,0.00,6.09,combat
488.12,2026-08-30 22:13:55,6.92,0.88,9.33,75.2,grandpas_village,3.42,fog,24.835,8.112,0.00,6.09,combat
488.62,2026-08-30 22:13:56,6.92,0.88,9.33,75.2,grandpas_village,3.44,fog,22.632,7.503,0.00,6.09,combat
489.47,2026-08-30 22:13:56,6.92,0.88,9.33,75.2,grandpas_village,3.47,fog,21.923,7.848,0.00,6.09,combat
490.35,2026-08-30 22:13:57,6.92,0.88,9.33,75.2,grandpas_village,3.51,fog,21.923,7.848,0.00,6.09,combat
491.20,2026-08-30 22:13:58,6.92,0.88,9.33,75.2,grandpas_village,3.54,fog,22.861,9.477,0.00,6.09,combat
492.12,2026-08-30 22:13:59,6.92,0.88,9.33,75.2,grandpas_village,3.58,fog,26.938,10.095,0.00,6.09,combat
492.95,2026-08-30 22:14:00,6.92,0.88,9.33,75.2,grandpas_village,3.61,fog,28.736,9.284,0.00,6.09,combat
493.78,2026-08-30 22:14:01,6.92,0.88,9.33,75.2,grandpas_village,3.65,fog,21.505,9.919,0.00,6.09,combat
494.65,2026-08-30 22:14:02,6.92,0.88,9.33,75.2,grandpas_village,3.68,fog,22.585,9.330,0.00,6.09,combat
495.50,2026-08-30 22:14:02,6.92,0.88,9.33,75.2,grandpas_village,3.72,fog,21.180,9.571,0.00,6.09,combat
496.60,2026-08-30 22:14:04,6.92,0.88,9.33,75.2,grandpas_village,3.76,fog,32.188,10.739,0.00,6.09,combat
497.97,2026-08-30 22:14:05,6.92,0.88,9.33,75.2,grandpas_village,3.81,fog,30.860,15.862,0.00,6.09,combat
499.35,2026-08-30 22:14:07,6.92,0.88,9.33,75.2,grandpas_village,3.87,fog,29.388,15.042,0.00,6.09,locked
501.18,2026-08-30 22:14:09,6.92,0.88,9.33,75.2,grandpas_village,3.94,fog,45.405,11.410,0.00,6.09,combat
502.92,2026-08-30 22:14:10,6.92,0.88,9.33,75.2,grandpas_village,4.01,fog,35.705,11.348,0.00,6.09,combat
504.63,2026-08-30 22:14:12,6.92,0.88,9.33,75.2,grandpas_village,4.08,fog,40.599,14.973,0.00,6.09,combat
506.45,2026-08-30 22:14:14,6.92,0.88,9.33,75.2,grandpas_village,4.15,fog,38.246,9.155,0.00,6.09,combat
508.22,2026-08-30 22:14:16,6.92,0.88,9.33,75.2,grandpas_village,4.22,fog,41.130,13.012,0.00,6.09,combat
509.90,2026-08-30 22:14:17,6.92,0.88,9.33,75.2,grandpas_village,4.29,fog,33.804,10.939,0.00,6.09,combat
511.48,2026-08-30 22:14:20,6.92,0.88,9.33,75.2,grandpas_village,4.35,fog,33.728,15.805,0.00,6.09,world
513.03,2026-08-30 22:14:21,6.92,0.88,9.33,75.2,grandpas_village,4.42,fog,35.034,8.255,0.00,6.09,world
514.67,2026-08-30 22:14:23,6.92,0.88,9.33,75.2,grandpas_village,4.48,fog,37.074,11.676,0.00,6.09,world
516.13,2026-08-30 22:14:24,6.92,0.88,9.33,75.2,grandpas_village,4.54,fog,30.944,13.138,0.00,6.09,world
517.63,2026-08-30 22:14:26,6.92,0.88,9.33,75.2,grandpas_village,4.60,fog,30.557,14.401,0.00,6.09,world
519.08,2026-08-30 22:14:27,6.92,0.88,9.33,75.2,grandpas_village,4.66,fog,38.391,14.175,0.00,6.09,world
520.55,2026-08-30 22:14:29,6.92,0.88,9.33,75.2,grandpas_village,4.72,fog,31.939,10.591,0.00,6.09,world
521.18,2026-08-30 22:14:29,6.92,0.88,9.33,75.2,grandpas_village,4.74,fog,31.939,10.591,0.00,6.09,world
522.90,2026-08-30 22:14:31,6.92,0.88,9.33,75.2,grandpas_village,4.81,fog,33.733,12.310,0.00,6.09,world
524.68,2026-08-30 22:14:33,6.92,0.88,9.33,75.2,grandpas_village,4.88,fog,37.123,10.413,0.00,6.09,world
526.35,2026-08-30 22:14:35,6.92,0.88,9.33,75.2,grandpas_village,4.95,fog,41.698,14.258,0.00,6.09,world
527.98,2026-08-30 22:14:36,6.92,0.88,9.33,75.2,grandpas_village,5.01,fog,35.632,13.390,0.00,6.09,world
529.17,2026-08-30 22:14:37,6.92,0.88,9.33,75.2,grandpas_village,5.06,fog,35.638,11.944,0.00,6.09,world
530.37,2026-08-30 22:14:39,6.92,0.88,9.33,75.2,grandpas_village,5.11,fog,42.135,6.907,0.00,6.09,world
531.58,2026-08-30 22:14:40,6.92,0.88,9.33,75.2,grandpas_village,5.16,fog,31.873,15.227,0.00,6.09,world
532.87,2026-08-30 22:14:41,6.92,0.88,9.33,75.2,grandpas_village,5.21,fog,38.415,9.772,0.00,6.09,world
534.03,2026-08-30 22:14:42,6.92,0.88,9.33,75.2,grandpas_village,5.26,fog,38.128,9.848,0.00,6.09,world
535.20,2026-08-30 22:14:43,6.92,0.88,9.33,75.2,grandpas_village,5.30,fog,35.960,9.978,0.00,6.09,world
536.43,2026-08-30 22:14:45,6.92,0.88,9.33,75.2,grandpas_village,5.35,fog,32.572,8.832,0.00,6.09,world
537.67,2026-08-30 22:14:46,6.92,0.88,9.33,75.2,grandpas_village,5.40,fog,40.223,11.203,0.00,6.09,world
538.92,2026-08-30 22:14:47,6.92,0.88,9.33,75.2,grandpas_village,5.45,fog,35.044,11.405,0.00,6.09,world
540.17,2026-08-30 22:14:48,6.92,0.88,9.33,75.2,grandpas_village,5.50,fog,34.770,11.418,0.00,6.09,world
541.35,2026-08-30 22:14:50,6.92,0.88,9.33,75.2,grandpas_village,5.55,fog,33.327,6.011,0.00,6.09,world
542.65,2026-08-30 22:14:51,6.92,0.88,9.33,75.2,grandpas_village,5.60,fog,60.657,9.825,0.00,6.09,world
543.97,2026-08-30 22:14:52,6.92,0.88,9.33,75.2,grandpas_village,5.65,fog,44.705,10.813,0.00,6.09,world
545.27,2026-08-30 22:14:53,6.92,0.88,9.33,75.2,grandpas_village,5.71,fog,39.815,11.064,0.00,6.09,world
546.45,2026-08-30 22:14:55,6.92,0.88,9.33,75.2,grandpas_village,5.75,fog,32.021,10.444,0.00,6.09,world
547.63,2026-08-30 22:14:56,6.92,0.88,9.33,75.2,grandpas_village,5.80,fog,36.412,11.847,0.00,6.09,world
548.13,2026-08-30 22:14:56,6.92,0.88,9.33,75.2,grandpas_village,5.82,fog,36.412,11.847,0.00,6.09,world
548.63,2026-08-30 22:14:57,6.92,0.88,9.33,75.2,grandpas_village,5.84,fog,32.823,13.144,0.00,6.09,world
549.13,2026-08-30 22:14:57,6.92,0.88,9.33,75.2,grandpas_village,5.86,fog,32.823,13.144,0.00,6.09,world
549.63,2026-08-30 22:14:58,6.92,0.88,9.33,75.2,grandpas_village,5.88,fog,32.972,14.960,0.00,6.09,world
550.13,2026-08-30 22:14:58,6.92,0.88,9.33,75.2,grandpas_village,5.90,fog,32.972,14.960,0.00,6.09,world
550.63,2026-08-30 22:14:59,6.92,0.88,9.33,75.2,grandpas_village,5.92,fog,33.684,11.889,0.00,6.09,world
551.13,2026-08-30 22:14:59,6.92,0.88,9.33,75.2,grandpas_village,5.94,fog,33.684,11.889,0.00,6.09,world
551.63,2026-08-30 22:15:00,6.92,0.88,9.33,75.2,grandpas_village,5.96,fog,34.148,8.240,0.00,6.09,world
552.13,2026-08-30 22:15:00,6.92,0.88,9.33,75.2,grandpas_village,5.98,fog,34.148,8.240,0.00,6.09,world
552.63,2026-08-30 22:15:01,6.92,0.88,9.33,75.2,grandpas_village,6.00,fog,31.842,16.868,0.00,6.09,world
553.13,2026-08-30 22:15:01,6.92,0.88,9.33,75.2,grandpas_village,6.02,fog,31.842,16.868,0.00,6.09,world
553.67,2026-08-30 22:15:02,6.92,0.88,9.33,75.2,grandpas_village,6.04,fog,35.417,12.384,0.00,6.09,world
554.17,2026-08-30 22:15:02,6.92,0.88,9.33,75.2,grandpas_village,6.06,fog,35.417,12.384,0.00,6.09,world
554.67,2026-08-30 22:15:03,6.92,0.88,9.33,75.2,grandpas_village,6.08,fog,31.762,9.767,0.00,6.09,world
555.20,2026-08-30 22:15:04,6.92,0.88,9.33,75.2,grandpas_village,6.10,fog,787.328,9.216,0.00,6.09,menu_backpack
555.77,2026-08-30 22:15:05,6.92,0.88,9.33,75.2,grandpas_village,6.10,fog,7.253,8.589,0.00,6.09,world
556.50,2026-08-30 22:15:05,6.92,0.88,9.33,75.2,grandpas_village,6.13,fog,7.253,8.589,0.00,6.09,world
557.00,2026-08-30 22:15:06,8.01,0.90,7.38,150.7,grandpas_village,6.15,fog,131.141,10.295,0.00,5.25,world
557.50,2026-08-30 22:15:06,9.23,0.90,5.20,150.7,grandpas_village,6.17,fog,131.141,10.295,0.00,5.35,world
558.00,2026-08-30 22:15:07,10.46,0.90,3.02,150.7,grandpas_village,6.19,fog,34.866,12.320,0.00,6.50,world
558.50,2026-08-30 22:15:07,11.68,0.90,0.84,150.7,grandpas_village,6.21,fog,34.866,12.320,0.00,8.27,world
559.00,2026-08-30 22:15:08,12.90,0.90,-1.34,150.7,grandpas_village,6.23,fog,37.380,10.533,0.00,10.34,world
559.53,2026-08-30 22:15:08,14.13,0.90,-3.53,150.7,grandpas_village,6.26,fog,37.380,10.533,0.00,12.58,world
560.05,2026-08-30 22:15:09,14.15,0.90,-3.55,150.7,grandpas_village,6.28,fog,32.259,13.857,0.00,12.61,world
560.55,2026-08-30 22:15:09,14.15,0.90,-3.55,150.7,grandpas_village,6.30,fog,32.259,13.857,0.00,12.61,world
561.05,2026-08-30 22:15:10,14.15,0.90,-3.55,150.7,grandpas_village,6.32,fog,31.542,10.989,0.00,12.61,world
561.55,2026-08-30 22:15:11,14.43,0.90,-3.41,77.2,grandpas_village,6.33,fog,31.542,10.989,0.00,12.49,world
562.05,2026-08-30 22:15:12,16.62,0.90,-2.31,61.3,grandpas_village,6.36,fog,29.395,11.217,0.00,11.87,world
562.55,2026-08-30 22:15:12,17.09,0.90,-2.05,61.3,grandpas_village,6.38,fog,29.395,11.217,0.00,11.78,world
563.05,2026-08-30 22:15:13,17.09,0.90,-2.05,61.3,grandpas_village,6.40,fog,32.790,10.818,0.00,11.78,world
563.55,2026-08-30 22:15:14,17.09,0.90,-2.05,61.3,grandpas_village,6.42,fog,26.334,477.021,0.00,11.78,narrative_modal
564.13,2026-08-30 22:15:14,17.09,0.90,-2.05,61.3,grandpas_village,6.44,fog,26.334,477.021,0.00,11.78,panel:ShopPanel
564.63,2026-08-30 22:15:15,17.09,0.90,-2.05,61.3,grandpas_village,6.44,fog,104.453,6.865,0.00,11.78,panel:ShopPanel
565.13,2026-08-30 22:15:15,17.09,0.90,-2.05,61.3,grandpas_village,6.44,fog,104.453,6.865,0.00,11.78,panel:ShopPanel
565.63,2026-08-30 22:15:16,17.09,0.90,-2.05,61.3,grandpas_village,6.44,fog,0.110,3.606,0.00,11.78,panel:ShopPanel
566.13,2026-08-30 22:15:16,17.09,0.90,-2.05,61.3,grandpas_village,6.44,fog,0.110,3.606,0.00,11.78,panel:ShopPanel
566.63,2026-08-30 22:15:17,17.09,0.90,-2.05,61.3,grandpas_village,6.44,fog,0.104,3.716,0.00,11.78,panel:ShopPanel
567.27,2026-08-30 22:15:18,17.09,0.90,-2.05,61.3,grandpas_village,6.45,fog,526.896,7.152,0.00,11.78,menu_backpack
567.77,2026-08-30 22:15:18,17.09,0.90,-2.05,61.3,grandpas_village,6.45,fog,526.896,7.152,0.00,11.78,menu_backpack
568.35,2026-08-30 22:15:20,17.09,0.90,-2.05,61.3,grandpas_village,6.45,fog,533.024,5.487,0.00,11.78,menu_backpack
568.93,2026-08-30 22:15:21,17.09,0.90,-2.05,61.3,grandpas_village,6.45,fog,529.444,5.152,0.00,11.78,menu_backpack
569.52,2026-08-30 22:15:22,17.09,0.90,-2.05,61.3,grandpas_village,6.46,fog,357.204,4.959,0.00,11.78,world
570.02,2026-08-30 22:15:22,15.33,0.90,-3.44,-128.2,grandpas_village,6.48,fog,357.204,4.959,0.00,12.65,world
570.52,2026-08-30 22:15:23,15.18,0.90,-4.08,105.8,grandpas_village,6.50,fog,94.711,7.702,0.00,12.86,world
571.02,2026-08-30 22:15:23,15.43,0.90,-5.81,91.7,grandpas_village,6.52,fog,94.711,7.702,0.00,11.17,world
571.52,2026-08-30 22:15:24,17.53,0.90,-6.24,87.0,grandpas_village,6.54,fog,22.040,7.191,0.00,10.07,world
572.47,2026-08-30 22:15:25,18.82,0.90,-6.17,87.0,grandpas_village,6.57,fog,20.522,7.325,0.00,9.90,narrative_modal
573.03,2026-08-30 22:15:25,18.82,0.90,-6.17,87.0,grandpas_village,6.59,fog,20.522,7.325,0.00,9.90,panel:SwapPanel
573.53,2026-08-30 22:15:26,18.82,0.90,-6.17,87.0,grandpas_village,6.59,fog,88.921,7.835,0.00,9.90,panel:SwapPanel
574.03,2026-08-30 22:15:26,18.82,0.90,-6.17,87.0,grandpas_village,6.59,fog,88.921,7.835,0.00,9.90,panel:SwapPanel
574.68,2026-08-30 22:15:27,18.82,0.90,-6.17,87.0,grandpas_village,6.61,fog,0.183,5.302,0.00,9.90,world
575.18,2026-08-30 22:15:27,18.53,0.90,-8.39,-172.6,grandpas_village,6.63,fog,0.183,5.302,0.00,7.75,world
575.68,2026-08-30 22:15:28,18.21,0.90,-10.87,-172.6,grandpas_village,6.65,fog,70.893,7.780,0.00,5.43,world
576.18,2026-08-30 22:15:28,17.89,0.90,-13.35,-172.6,grandpas_village,6.67,fog,70.893,7.780,0.00,3.39,world
576.68,2026-08-30 22:15:29,17.57,0.90,-15.83,-172.6,grandpas_village,6.69,fog,20.318,7.645,0.00,2.44,world
577.18,2026-08-30 22:15:29,17.62,0.90,-17.94,-170.8,grandpas_village,6.71,fog,20.318,7.645,0.00,3.07,world
577.68,2026-08-30 22:15:30,17.22,0.90,-20.40,-170.8,grandpas_village,6.73,fog,21.153,6.977,0.00,5.21,world
578.18,2026-08-30 22:15:30,16.83,0.90,-22.87,-170.8,grandpas_village,6.75,fog,21.153,6.977,0.00,4.90,world
578.68,2026-08-30 22:15:31,16.43,0.90,-25.34,-170.8,grandpas_village,6.77,fog,21.167,6.740,0.00,2.69,world
581.02,2026-08-30 22:15:33,16.30,0.90,-26.12,-170.8,grandpas_village,6.86,fog,20.403,4.170,0.00,1.91,world
583.18,2026-08-30 22:15:35,16.30,0.90,-26.12,-170.8,grandpas_village,6.95,fog,21.954,4.779,0.00,1.91,world
583.68,2026-08-30 22:15:36,15.47,0.90,-25.32,-46.3,grandpas_village,6.97,fog,24.920,7.394,0.00,2.74,world
584.18,2026-08-30 22:15:36,13.66,0.90,-23.59,-46.3,grandpas_village,6.99,fog,24.920,7.394,0.00,2.30,world
586.37,2026-08-30 22:15:39,13.33,0.90,-23.27,-46.3,grandpas_village,7.07,fog,19.706,3.883,0.00,1.84,world
588.38,2026-08-30 22:15:41,13.33,0.90,-23.27,-46.3,grandpas_village,7.16,fog,20.465,4.078,0.00,1.84,world
588.88,2026-08-30 22:15:41,14.68,0.90,-21.81,42.5,grandpas_village,7.18,fog,20.465,4.078,0.00,2.68,world
589.38,2026-08-30 22:15:42,14.13,0.90,-21.02,-24.5,grandpas_village,7.19,fog,20.453,7.872,0.00,2.34,world
589.88,2026-08-30 22:15:42,13.90,0.90,-20.70,52.3,grandpas_village,7.21,fog,20.453,7.872,0.00,2.30,world
590.38,2026-08-30 22:15:43,12.72,0.90,-19.15,-37.5,grandpas_village,7.24,fog,19.988,6.774,0.00,2.94,world
590.88,2026-08-30 22:15:43,11.79,0.90,-17.39,67.5,grandpas_village,7.26,fog,19.988,6.774,0.00,4.62,world
591.38,2026-08-30 22:15:44,13.86,0.90,-16.81,82.5,grandpas_village,7.27,fog,21.551,7.241,0.00,5.52,world
591.88,2026-08-30 22:15:44,16.34,0.90,-16.48,82.5,grandpas_village,7.29,fog,21.551,7.241,0.00,3.70,world
594.22,2026-08-30 22:15:46,18.15,0.90,-16.15,85.5,grandpas_village,7.39,fog,18.454,4.248,0.00,1.86,narrative_modal
596.17,2026-08-30 22:15:48,18.15,0.90,-16.15,85.5,grandpas_village,7.47,fog,17.997,7.600,0.00,1.86,narrative_modal
596.67,2026-08-30 22:15:49,18.15,0.90,-16.15,85.5,grandpas_village,7.49,fog,23.465,8.125,0.00,1.86,narrative_modal
597.17,2026-08-30 22:15:49,18.17,0.90,-16.26,127.5,grandpas_village,7.51,fog,23.465,8.125,0.00,1.85,world
597.67,2026-08-30 22:15:50,18.69,0.90,-18.66,167.8,grandpas_village,7.53,fog,21.233,6.489,0.00,2.97,world
598.17,2026-08-30 22:15:50,19.22,0.90,-21.11,167.8,grandpas_village,7.55,fog,21.233,6.489,0.00,5.17,world
598.67,2026-08-30 22:15:51,19.74,0.90,-23.55,167.8,grandpas_village,7.57,fog,20.924,6.991,0.00,4.28,world
599.17,2026-08-30 22:15:51,20.38,0.89,-25.92,168.3,grandpas_village,7.59,fog,20.924,6.991,0.00,4.10,world
599.67,2026-08-30 22:15:52,21.67,0.80,-27.75,176.3,grandpas_village,7.61,fog,20.844,7.646,0.00,4.42,world
600.17,2026-08-30 22:15:52,21.85,0.73,-30.23,177.7,grandpas_village,7.63,fog,20.844,7.646,0.00,3.78,world
602.62,2026-08-30 22:15:55,21.93,0.72,-32.10,177.7,grandpas_village,7.72,fog,20.660,5.415,0.00,1.91,world
604.78,2026-08-30 22:15:57,21.93,0.72,-32.10,177.7,grandpas_village,7.81,fog,20.321,3.471,0.00,1.91,world
605.28,2026-08-30 22:15:57,22.22,0.70,-30.96,14.4,grandpas_village,7.83,fog,20.699,7.296,0.00,3.05,world
605.78,2026-08-30 22:15:58,22.84,0.70,-28.54,14.3,grandpas_village,7.85,fog,20.699,7.296,0.00,4.68,world
606.28,2026-08-30 22:15:58,23.46,0.76,-26.14,14.3,grandpas_village,7.87,fog,27.332,8.709,0.00,2.21,world
608.45,2026-08-30 22:16:01,23.55,0.77,-25.79,14.3,grandpas_village,7.96,fog,19.326,4.001,0.00,1.85,world
610.60,2026-08-30 22:16:03,23.55,0.77,-25.79,14.3,grandpas_village,8.04,fog,24.751,4.715,0.00,1.85,world
611.10,2026-08-30 22:16:03,24.47,0.75,-25.07,51.8,grandpas_village,8.06,fog,24.751,4.715,0.00,1.17,world
611.60,2026-08-30 22:16:04,26.46,0.66,-23.51,51.8,grandpas_village,8.08,fog,19.611,7.134,0.00,2.51,world
612.10,2026-08-30 22:16:04,28.47,0.49,-21.93,51.8,grandpas_village,8.10,fog,19.611,7.134,0.00,4.93,world
612.60,2026-08-30 22:16:05,30.51,0.20,-20.34,51.7,grandpas_village,8.12,fog,20.147,6.621,0.00,3.51,world
613.10,2026-08-30 22:16:05,32.55,-0.20,-18.74,51.6,grandpas_village,8.14,fog,20.147,6.621,0.00,1.92,world
613.60,2026-08-30 22:16:06,34.51,-0.68,-17.19,51.4,grandpas_village,8.16,fog,21.117,7.268,0.00,1.91,world
615.75,2026-08-30 22:16:08,34.58,-0.70,-17.14,51.4,grandpas_village,8.25,fog,22.777,5.465,0.00,1.83,world
617.88,2026-08-30 22:16:10,34.58,-0.70,-17.14,51.4,grandpas_village,8.34,fog,23.164,5.037,0.00,1.83,world
618.38,2026-08-30 22:16:11,34.11,-0.44,-16.19,-26.6,grandpas_village,8.36,fog,19.961,7.344,0.00,1.90,world
618.88,2026-08-30 22:16:11,33.11,-0.02,-14.17,-26.7,grandpas_village,8.38,fog,19.961,7.344,0.00,3.42,world
619.38,2026-08-30 22:16:12,32.08,0.36,-12.12,-26.8,grandpas_village,8.39,fog,21.480,10.841,0.00,4.61,world
619.88,2026-08-30 22:16:12,31.01,0.59,-9.99,-27.0,grandpas_village,8.41,fog,21.480,10.841,0.00,2.23,world
622.12,2026-08-30 22:16:14,30.85,0.62,-9.67,-27.0,grandpas_village,8.50,fog,23.904,4.931,0.00,1.88,world
624.28,2026-08-30 22:16:16,30.85,0.62,-9.67,-27.0,grandpas_village,8.59,fog,19.914,3.960,0.00,1.88,world
624.78,2026-08-30 22:16:17,31.74,0.45,-10.63,137.5,grandpas_village,8.61,fog,19.914,3.960,0.00,3.15,world
625.28,2026-08-30 22:16:18,33.49,-0.06,-12.53,137.5,grandpas_village,8.63,fog,19.709,7.536,0.00,4.28,world
625.78,2026-08-30 22:16:18,35.25,-0.73,-14.43,137.5,grandpas_village,8.65,fog,19.709,7.536,0.00,1.74,world
626.28,2026-08-30 22:16:19,36.99,-1.51,-16.32,137.6,grandpas_village,8.67,fog,20.682,6.417,0.00,1.04,world
626.78,2026-08-30 22:16:19,38.71,-2.36,-18.20,137.7,grandpas_village,8.69,fog,20.682,6.417,0.00,3.49,world
627.28,2026-08-30 22:16:19,40.44,-3.18,-20.08,137.7,grandpas_village,8.71,fog,23.928,8.014,0.00,5.29,world
627.78,2026-08-30 22:16:20,42.18,-3.86,-21.99,137.8,grandpas_village,8.73,fog,23.928,8.014,0.00,2.71,world
630.15,2026-08-30 22:16:22,42.75,-4.02,-22.61,137.8,grandpas_village,8.83,fog,22.536,4.401,0.00,1.87,world
632.27,2026-08-30 22:16:24,42.75,-4.02,-22.61,137.8,grandpas_village,8.91,fog,19.048,4.064,0.00,1.87,world
632.77,2026-08-30 22:16:25,43.57,-4.23,-23.27,128.6,grandpas_village,8.93,fog,19.048,4.064,0.00,0.85,world
633.27,2026-08-30 22:16:25,45.59,-4.59,-24.88,128.6,grandpas_village,8.95,fog,25.487,8.102,0.00,1.82,world
633.77,2026-08-30 22:16:26,47.56,-4.66,-26.45,128.6,grandpas_village,8.97,fog,25.487,8.102,0.00,4.33,world
634.27,2026-08-30 22:16:27,49.42,-4.42,-27.94,128.7,the_rise,8.99,fog,27.668,407.435,0.00,3.30,world
636.68,2026-08-30 22:16:29,50.50,-4.19,-28.80,128.7,the_rise,9.09,fog,20.313,4.412,0.00,1.93,world
638.83,2026-08-30 22:16:31,50.50,-4.19,-28.80,128.7,the_rise,9.17,fog,26.339,5.449,0.00,1.93,world
639.33,2026-08-30 22:16:32,48.56,-4.15,-29.91,-120.0,the_rise,9.19,fog,23.989,7.586,0.00,3.44,world
639.83,2026-08-30 22:16:33,47.66,-4.21,-29.73,-45.0,grandpas_village,9.21,fog,23.989,7.586,0.00,4.35,world
640.33,2026-08-30 22:16:33,46.61,-4.38,-28.69,-130.3,grandpas_village,9.23,fog,26.101,382.734,0.00,5.37,world
640.83,2026-08-30 22:16:34,45.38,-4.48,-27.25,-40.6,grandpas_village,9.25,fog,20.691,6.324,0.00,3.53,world
641.33,2026-08-30 22:16:34,43.84,-4.38,-25.79,-124.7,grandpas_village,9.27,fog,20.691,6.324,0.00,1.80,world
641.83,2026-08-30 22:16:35,44.48,-4.45,-26.35,119.6,grandpas_village,9.29,fog,21.289,6.164,0.00,2.40,world
642.33,2026-08-30 22:16:35,46.69,-4.54,-27.60,119.6,grandpas_village,9.31,fog,21.289,6.164,0.00,4.49,world
642.83,2026-08-30 22:16:36,46.51,-4.40,-28.59,-131.0,grandpas_village,9.33,fog,19.797,6.596,0.00,5.23,world
643.33,2026-08-30 22:16:36,45.95,-4.48,-28.02,91.6,grandpas_village,9.35,fog,19.797,6.596,0.00,4.47,world
643.83,2026-08-30 22:16:37,47.62,-4.22,-29.68,135.0,grandpas_village,9.37,fog,24.862,7.374,0.00,4.39,world
644.33,2026-08-30 22:16:37,49.19,-3.81,-31.26,156.0,the_rise,9.39,fog,24.862,7.374,0.00,3.08,world
644.83,2026-08-30 22:16:38,48.88,-3.94,-30.73,-39.8,the_rise,9.41,fog,26.513,382.223,0.00,3.20,world
645.33,2026-08-30 22:16:39,47.85,-4.45,-28.35,-23.5,grandpas_village,9.43,fog,26.513,382.223,0.00,4.47,world
645.83,2026-08-30 22:16:39,46.43,-4.48,-28.09,-133.2,grandpas_village,9.45,fog,22.196,370.791,0.00,4.76,world
646.33,2026-08-30 22:16:40,45.62,-4.48,-27.69,-45.0,grandpas_village,9.47,fog,29.596,6.399,0.00,4.03,world
646.83,2026-08-30 22:16:40,43.70,-4.36,-25.80,-47.5,grandpas_village,9.49,fog,29.596,6.399,0.00,1.83,world
647.33,2026-08-30 22:16:41,42.01,-4.00,-24.25,-47.5,grandpas_village,9.51,fog,26.657,8.406,0.00,2.01,world
647.83,2026-08-30 22:16:41,41.21,-3.78,-23.83,-165.5,grandpas_village,9.53,fog,26.657,8.406,0.00,2.79,world
648.33,2026-08-30 22:16:42,43.25,-4.25,-24.50,105.6,grandpas_village,9.55,fog,21.897,7.482,0.00,0.90,world
648.83,2026-08-30 22:16:42,45.34,-4.56,-25.34,-170.4,grandpas_village,9.57,fog,21.897,7.482,0.00,1.90,world
649.33,2026-08-30 22:16:43,44.52,-4.44,-26.59,-145.3,grandpas_village,9.59,fog,20.140,6.885,0.00,2.64,world
649.83,2026-08-30 22:16:43,46.04,-4.51,-27.81,128.5,grandpas_village,9.61,fog,20.140,6.885,0.00,4.32,world
650.33,2026-08-30 22:16:44,47.91,-4.29,-29.29,128.5,the_rise,9.63,fog,20.674,6.437,0.00,4.15,world
650.83,2026-08-30 22:16:44,49.64,-3.93,-30.70,160.1,the_rise,9.65,fog,20.674,6.437,0.00,2.47,world
651.33,2026-08-30 22:16:45,48.63,-4.02,-30.45,-30.6,the_rise,9.67,fog,24.969,377.992,0.00,3.40,world
651.83,2026-08-30 22:16:46,47.55,-4.50,-28.09,-24.8,grandpas_village,9.69,fog,21.116,373.053,0.00,4.85,world
652.33,2026-08-30 22:16:46,46.11,-4.49,-28.00,-134.6,grandpas_village,9.71,fog,21.116,373.053,0.00,4.52,world
652.83,2026-08-30 22:16:47,45.96,-4.48,-28.03,-103.1,grandpas_village,9.73,fog,21.680,7.365,0.00,4.49,world
653.33,2026-08-30 22:16:47,44.28,-4.43,-26.32,-44.6,grandpas_village,9.75,fog,21.680,7.365,0.00,2.33,world
653.83,2026-08-30 22:16:48,42.64,-4.14,-24.65,-44.6,grandpas_village,9.77,fog,19.459,6.192,0.00,1.51,world
654.33,2026-08-30 22:16:48,42.05,-4.02,-24.53,-160.7,grandpas_village,9.79,fog,19.459,6.192,0.00,2.02,world
654.83,2026-08-30 22:16:49,44.21,-4.43,-25.36,109.9,grandpas_village,9.81,fog,26.100,8.004,0.00,1.38,world
655.33,2026-08-30 22:16:49,45.89,-4.60,-26.42,-140.6,grandpas_village,9.83,fog,26.100,8.004,0.00,3.07,world
655.83,2026-08-30 22:16:50,45.24,-4.47,-27.32,-172.0,grandpas_village,9.85,fog,20.812,6.405,0.00,3.55,world
656.33,2026-08-30 22:16:50,46.93,-4.34,-28.97,134.1,grandpas_village,9.87,fog,20.812,6.405,0.00,5.17,world
656.83,2026-08-30 22:16:51,48.59,-3.99,-30.57,134.1,the_rise,9.89,fog,22.379,377.932,0.00,3.46,world
657.33,2026-08-30 22:16:51,49.89,-3.64,-31.97,-141.8,the_rise,9.91,fog,22.379,377.932,0.00,2.88,world
657.83,2026-08-30 22:16:52,49.23,-3.93,-30.74,-20.4,the_rise,9.93,fog,20.651,7.063,0.00,2.86,world
658.33,2026-08-30 22:16:52,48.33,-4.44,-28.30,-20.4,the_rise,9.95,fog,20.651,7.063,0.00,4.04,world
658.83,2026-08-30 22:16:53,46.74,-4.38,-28.73,-129.7,grandpas_village,9.97,fog,26.441,7.574,0.00,5.41,world
659.33,2026-08-30 22:16:54,45.91,-4.48,-27.97,-44.1,grandpas_village,9.99,fog,20.942,373.367,0.00,4.40,world
659.83,2026-08-30 22:16:54,44.18,-4.42,-26.19,-44.1,grandpas_village,10.01,fog,20.942,373.367,0.00,2.19,world
660.33,2026-08-30 22:16:55,42.56,-4.12,-24.51,-44.1,grandpas_village,10.03,fog,24.088,6.595,0.00,1.52,world
660.83,2026-08-30 22:16:55,41.95,-3.99,-24.45,-161.2,grandpas_village,10.05,fog,24.088,6.595,0.00,2.09,world
661.33,2026-08-30 22:16:56,44.13,-4.42,-25.26,109.3,grandpas_village,10.07,fog,27.572,8.457,0.00,1.27,world
661.83,2026-08-30 22:16:56,45.81,-4.60,-26.31,-141.1,grandpas_village,10.09,fog,27.572,8.457,0.00,2.94,world
662.33,2026-08-30 22:16:57,45.13,-4.46,-27.21,-162.1,grandpas_village,10.11,fog,20.963,7.881,0.00,3.41,world
662.83,2026-08-30 22:16:57,46.82,-4.36,-28.82,133.1,grandpas_village,10.13,fog,20.963,7.881,0.00,5.31,world
663.33,2026-08-30 22:16:58,48.52,-4.04,-30.40,133.1,the_rise,10.15,fog,21.322,385.531,0.00,3.51,world
663.83,2026-08-30 22:16:58,49.79,-3.68,-31.84,-142.8,the_rise,10.17,fog,21.322,385.531,0.00,2.87,world
664.33,2026-08-30 22:16:59,49.11,-3.96,-30.63,-21.0,the_rise,10.19,fog,21.702,6.826,0.00,2.96,world
664.83,2026-08-30 22:16:59,48.18,-4.47,-28.21,-21.0,the_rise,10.21,fog,21.702,6.826,0.00,4.22,world
665.33,2026-08-30 22:17:00,46.60,-4.39,-28.66,-130.5,grandpas_village,10.23,fog,21.771,377.009,0.00,5.33,world
665.83,2026-08-30 22:17:01,45.99,-4.48,-28.05,-43.6,grandpas_village,10.25,fog,27.074,7.597,0.00,4.51,world
666.33,2026-08-30 22:17:01,44.28,-4.43,-26.24,-43.6,grandpas_village,10.27,fog,27.074,7.597,0.00,2.26,world
666.83,2026-08-30 22:17:02,42.67,-4.14,-24.54,-43.6,grandpas_village,10.29,fog,20.691,6.584,0.00,1.44,world
667.33,2026-08-30 22:17:02,42.02,-4.01,-24.50,-160.9,grandpas_village,10.31,fog,20.691,6.584,0.00,2.04,world
667.83,2026-08-30 22:17:03,44.18,-4.42,-25.33,109.7,grandpas_village,10.33,fog,20.454,6.887,0.00,1.34,world
668.33,2026-08-30 22:17:03,45.86,-4.60,-26.38,-140.8,grandpas_village,10.35,fog,20.454,6.887,0.00,3.02,world
668.83,2026-08-30 22:17:04,45.17,-4.46,-27.25,-151.2,grandpas_village,10.37,fog,20.480,7.465,0.00,3.45,world
669.33,2026-08-30 22:17:04,46.81,-4.36,-28.81,133.1,grandpas_village,10.39,fog,20.480,7.465,0.00,5.32,world
669.83,2026-08-30 22:17:05,48.51,-4.04,-30.39,133.1,the_rise,10.41,fog,24.357,424.174,0.00,3.51,world
670.33,2026-08-30 22:17:05,49.79,-3.68,-31.84,-142.9,the_rise,10.43,fog,24.357,424.174,0.00,2.87,world
670.83,2026-08-30 22:17:06,49.10,-3.96,-30.63,-21.1,the_rise,10.45,fog,20.083,6.618,0.00,2.96,world
671.33,2026-08-30 22:17:06,48.17,-4.47,-28.21,-21.1,the_rise,10.47,fog,20.669,6.860,0.00,4.23,world
671.83,2026-08-30 22:17:07,46.60,-4.39,-28.65,-130.5,grandpas_village,10.49,fog,20.669,6.860,0.00,5.33,world
672.33,2026-08-30 22:17:08,45.86,-4.48,-27.93,-44.5,grandpas_village,10.51,fog,21.663,388.805,0.00,4.34,world
672.83,2026-08-30 22:17:08,44.13,-4.42,-26.16,-44.5,grandpas_village,10.53,fog,21.663,388.805,0.00,2.16,world
673.33,2026-08-30 22:17:09,42.50,-4.11,-24.49,-44.5,grandpas_village,10.55,fog,20.733,6.671,0.00,1.58,world
673.83,2026-08-30 22:17:09,41.91,-3.98,-24.41,-161.5,grandpas_village,10.57,fog,20.733,6.671,0.00,2.13,world
674.33,2026-08-30 22:17:10,44.08,-4.41,-25.21,109.0,grandpas_village,10.59,fog,19.992,6.457,0.00,1.22,world
674.83,2026-08-30 22:17:10,45.78,-4.60,-26.26,-141.4,grandpas_village,10.61,fog,19.992,6.457,0.00,2.87,world
675.33,2026-08-30 22:17:11,45.10,-4.46,-27.17,-162.4,grandpas_village,10.63,fog,20.499,7.430,0.00,3.35,world
675.83,2026-08-30 22:17:11,46.79,-4.37,-28.77,132.8,grandpas_village,10.65,fog,20.499,7.430,0.00,5.36,world
676.33,2026-08-30 22:17:12,48.49,-4.05,-30.34,132.8,the_rise,10.67,fog,25.376,9.450,0.00,3.52,world
676.83,2026-08-30 22:17:12,49.78,-3.69,-31.78,-143.1,the_rise,10.69,fog,22.176,403.120,0.00,2.85,world
677.33,2026-08-30 22:17:13,49.09,-3.96,-30.62,-21.1,the_rise,10.71,fog,22.176,403.120,0.00,2.97,world
677.83,2026-08-30 22:17:14,48.16,-4.47,-28.20,-21.1,the_rise,10.73,fog,20.518,7.323,0.00,4.24,world
678.33,2026-08-30 22:17:14,46.58,-4.39,-28.65,-130.6,grandpas_village,10.75,fog,20.518,7.323,0.00,5.32,world
678.83,2026-08-30 22:17:15,45.73,-4.48,-27.80,-45.4,grandpas_village,10.77,fog,25.408,385.475,0.00,4.18,world
679.33,2026-08-30 22:17:15,44.25,-4.42,-26.31,-45.4,grandpas_village,10.79,fog,25.408,385.475,0.00,2.33,world
679.83,2026-08-30 22:17:16,42.59,-4.13,-24.67,-45.4,grandpas_village,10.81,fog,28.573,9.331,0.00,1.56,world
680.33,2026-08-30 22:17:16,42.02,-4.01,-24.50,-160.8,grandpas_village,10.83,fog,28.573,9.331,0.00,2.04,world
680.83,2026-08-30 22:17:17,44.18,-4.42,-25.33,109.7,grandpas_village,10.85,fog,20.565,6.771,0.00,1.34,world
681.33,2026-08-30 22:17:17,45.86,-4.60,-26.38,-140.8,grandpas_village,10.87,fog,20.565,6.771,0.00,3.02,world
681.83,2026-08-30 22:17:18,45.17,-4.46,-27.25,-151.3,grandpas_village,10.89,fog,27.240,7.619,0.00,3.45,world
682.33,2026-08-30 22:17:18,46.81,-4.36,-28.81,133.1,grandpas_village,10.91,fog,27.240,7.619,0.00,5.32,world
682.83,2026-08-30 22:17:19,48.51,-4.04,-30.39,133.1,the_rise,10.93,fog,20.698,6.835,0.00,3.51,world
683.33,2026-08-30 22:17:20,49.79,-3.68,-31.83,-142.9,the_rise,10.95,fog,27.191,384.409,0.00,2.87,world
683.83,2026-08-30 22:17:20,49.10,-3.96,-30.62,-21.1,the_rise,10.97,fog,27.191,384.409,0.00,2.97,world
684.33,2026-08-30 22:17:21,48.17,-4.47,-28.20,-21.1,the_rise,10.99,fog,20.755,7.012,0.00,4.23,world
684.83,2026-08-30 22:17:21,46.59,-4.39,-28.65,-130.5,grandpas_village,11.01,fog,20.755,7.012,0.00,5.33,world
685.33,2026-08-30 22:17:22,45.85,-4.48,-27.92,-44.5,grandpas_village,11.03,fog,21.859,373.961,0.00,4.34,world
685.83,2026-08-30 22:17:22,44.12,-4.42,-26.15,-44.5,grandpas_village,11.05,fog,21.859,373.961,0.00,2.16,world
686.33,2026-08-30 22:17:23,42.50,-4.11,-24.49,-44.5,grandpas_village,11.07,fog,20.278,6.751,0.00,1.58,world
686.83,2026-08-30 22:17:23,41.90,-3.98,-24.41,-161.5,grandpas_village,11.09,fog,20.278,6.751,0.00,2.13,world
687.33,2026-08-30 22:17:24,44.08,-4.41,-25.21,109.0,grandpas_village,11.11,fog,20.075,6.614,0.00,1.21,world
687.83,2026-08-30 22:17:24,45.77,-4.60,-26.26,-141.4,grandpas_village,11.13,fog,20.075,6.614,0.00,2.87,world
688.33,2026-08-30 22:17:25,45.09,-4.46,-27.17,-162.4,grandpas_village,11.15,fog,21.723,7.230,0.00,3.35,world
688.87,2026-08-30 22:17:25,46.86,-4.36,-28.83,132.8,grandpas_village,11.17,fog,21.723,7.230,0.00,5.27,world
690.92,2026-08-30 22:17:27,46.92,-4.35,-28.89,132.8,grandpas_village,11.26,fog,19.993,3.506,0.00,5.20,world
692.95,2026-08-30 22:17:29,46.92,-4.35,-28.89,132.8,grandpas_village,11.34,fog,19.587,4.412,0.00,5.20,world
693.45,2026-08-30 22:17:30,47.29,-4.27,-29.37,-173.4,grandpas_village,11.36,fog,19.587,4.412,0.00,4.75,world
693.95,2026-08-30 22:17:31,48.19,-4.08,-30.27,-167.8,the_rise,11.38,fog,22.013,384.652,0.00,3.81,world
694.45,2026-08-30 22:17:31,48.91,-3.88,-30.98,-162.6,the_rise,11.40,fog,22.013,384.652,0.00,3.24,world
694.95,2026-08-30 22:17:32,49.51,-3.74,-31.59,-157.5,the_rise,11.42,fog,20.803,6.905,0.00,2.95,world
695.45,2026-08-30 22:17:32,49.98,-3.62,-32.05,-153.5,the_rise,11.44,fog,20.803,6.905,0.00,2.88,world
695.95,2026-08-30 22:17:33,50.31,-3.51,-32.39,-150.6,the_rise,11.46,fog,20.801,7.508,0.00,2.93,world
696.45,2026-08-30 22:17:33,51.79,-3.25,-33.20,119.5,the_rise,11.48,fog,20.801,7.508,0.00,3.21,world
696.95,2026-08-30 22:17:34,53.60,-2.97,-34.35,-177.5,the_rise,11.50,fog,21.228,7.738,0.00,4.63,world
697.45,2026-08-30 22:17:34,51.90,-2.66,-35.68,-126.2,the_rise,11.52,fog,21.228,7.738,0.00,5.68,world
697.95,2026-08-30 22:17:35,51.99,-2.63,-35.79,-178.7,the_rise,11.54,fog,21.087,8.011,0.00,5.79,world
698.45,2026-08-30 22:17:35,53.38,-2.36,-37.68,143.8,the_rise,11.56,fog,21.087,8.011,0.00,7.73,world
698.95,2026-08-30 22:17:36,54.79,-2.13,-39.60,143.8,the_rise,11.58,fog,20.630,6.866,0.00,8.80,world
699.45,2026-08-30 22:17:36,53.93,-2.01,-40.24,-88.0,the_rise,11.60,fog,20.630,6.866,0.00,7.94,world
699.95,2026-08-30 22:17:37,53.95,-2.37,-37.80,1.5,the_rise,11.62,fog,20.509,6.679,0.00,8.04,world
700.45,2026-08-30 22:17:37,53.46,-2.62,-36.11,-117.5,the_rise,11.64,fog,20.509,6.679,0.00,6.28,world
700.95,2026-08-30 22:17:38,52.35,-2.48,-36.69,-117.6,the_rise,11.66,fog,20.433,6.772,0.00,6.69,world
701.45,2026-08-30 22:17:38,52.89,-2.34,-37.70,152.4,the_rise,11.68,fog,20.433,6.772,0.00,7.26,world
701.95,2026-08-30 22:17:39,53.96,-2.09,-39.78,173.4,the_rise,11.70,fog,21.285,6.897,0.00,7.96,world
702.45,2026-08-30 22:17:39,53.64,-2.17,-39.19,-18.6,the_rise,11.72,fog,21.285,6.897,0.00,7.69,world
702.95,2026-08-30 22:17:40,53.54,-2.54,-36.60,-2.3,the_rise,11.74,fog,21.118,7.194,0.00,6.78,world
703.45,2026-08-30 22:17:40,52.45,-2.61,-35.97,-122.0,the_rise,11.76,fog,21.118,7.194,0.00,5.99,world
703.95,2026-08-30 22:17:41,52.12,-2.56,-36.17,-122.0,the_rise,11.78,fog,21.256,6.826,0.00,6.17,world
704.45,2026-08-30 22:17:41,53.24,-2.32,-37.95,148.0,the_rise,11.80,fog,21.256,6.826,0.00,7.52,world
704.95,2026-08-30 22:17:42,53.56,-2.13,-39.41,-94.3,the_rise,11.82,fog,20.323,6.977,0.00,7.58,world
705.45,2026-08-30 22:17:42,53.25,-2.37,-37.62,-6.6,the_rise,11.84,fog,20.323,6.977,0.00,7.63,world
705.95,2026-08-30 22:17:43,52.92,-2.79,-35.11,-38.2,the_rise,11.86,fog,22.763,7.716,0.00,5.19,world
706.45,2026-08-30 22:17:43,51.86,-2.68,-35.59,-127.0,the_rise,11.88,fog,22.763,7.716,0.00,5.59,world
706.95,2026-08-30 22:17:44,52.41,-2.55,-36.31,143.0,the_rise,11.90,fog,20.672,8.744,0.00,6.32,world
707.45,2026-08-30 22:17:44,53.84,-2.31,-38.21,143.0,the_rise,11.92,fog,20.672,8.744,0.00,8.05,world
707.95,2026-08-30 22:17:45,53.25,-2.23,-38.63,-57.6,the_rise,11.94,fog,24.860,120.749,0.00,7.38,world
708.45,2026-08-30 22:17:45,52.83,-2.60,-36.12,-9.6,the_rise,11.96,fog,24.860,120.749,0.00,6.18,world
708.95,2026-08-30 22:17:46,51.80,-2.77,-35.22,-129.5,the_rise,11.98,fog,20.754,7.072,0.00,5.23,world
709.45,2026-08-30 22:17:46,52.79,-2.51,-36.65,141.2,the_rise,12.00,fog,20.754,7.072,0.00,6.70,world
709.95,2026-08-30 22:17:47,54.00,-2.29,-38.39,-145.3,the_rise,12.02,fog,20.705,8.309,0.00,8.16,world
710.45,2026-08-30 22:17:47,53.06,-2.32,-37.84,-11.0,the_rise,12.04,fog,20.705,8.309,0.00,7.38,world
710.95,2026-08-30 22:17:48,52.57,-2.75,-35.29,-11.0,the_rise,12.06,fog,26.319,7.708,0.00,5.32,world
711.45,2026-08-30 22:17:48,51.71,-2.76,-35.23,-140.7,the_rise,12.08,fog,26.319,7.708,0.00,5.24,world
711.95,2026-08-30 22:17:49,53.16,-2.47,-36.96,140.0,the_rise,12.10,fog,21.246,6.868,0.00,7.06,world
712.45,2026-08-30 22:17:49,53.49,-2.28,-38.36,-102.3,the_rise,12.12,fog,21.246,6.868,0.00,7.66,world
712.95,2026-08-30 22:17:50,52.82,-2.33,-37.73,-24.0,the_rise,12.14,fog,21.282,7.229,0.00,7.18,world
713.45,2026-08-30 22:17:50,52.36,-2.48,-36.71,-138.6,the_rise,12.16,fog,21.282,7.229,0.00,6.72,world
713.95,2026-08-30 22:17:51,53.40,-2.23,-38.69,152.4,the_rise,12.18,fog,21.035,6.553,0.00,7.52,world
714.45,2026-08-30 22:17:51,54.49,-1.93,-40.76,152.4,the_rise,12.20,fog,21.035,6.553,0.00,8.52,world
714.95,2026-08-30 22:17:52,54.38,-1.84,-41.26,-81.2,the_rise,12.22,fog,20.580,6.903,0.00,8.48,world
715.45,2026-08-30 22:17:52,54.55,-2.23,-38.93,7.5,the_rise,12.24,fog,20.580,6.903,0.00,8.62,world
715.95,2026-08-30 22:17:53,54.48,-2.54,-36.87,-97.5,the_rise,12.26,fog,22.771,7.250,0.00,7.30,world
716.45,2026-08-30 22:17:53,52.72,-2.36,-37.51,-110.3,the_rise,12.28,fog,22.771,7.250,0.00,7.16,world
716.95,2026-08-30 22:17:54,52.02,-2.60,-35.94,-27.3,the_rise,12.30,fog,22.926,6.754,0.00,5.94,world
717.45,2026-08-30 22:17:54,51.23,-3.03,-34.17,-27.3,the_rise,12.32,fog,22.926,6.754,0.00,4.24,world
717.95,2026-08-30 22:17:55,50.63,-3.41,-32.71,-27.3,the_rise,12.34,fog,20.108,6.804,0.00,3.04,world
718.45,2026-08-30 22:17:55,50.62,-3.45,-32.55,167.5,the_rise,12.36,fog,20.108,6.804,0.00,2.89,world
718.95,2026-08-30 22:17:56,52.61,-3.12,-33.66,119.6,the_rise,12.38,fog,20.226,8.428,0.00,3.71,world
719.45,2026-08-30 22:17:56,53.03,-2.85,-34.87,-126.1,the_rise,12.40,fog,20.226,8.428,0.00,4.98,world
719.95,2026-08-30 22:17:57,51.91,-2.66,-35.69,-126.1,the_rise,12.42,fog,20.496,6.685,0.00,5.69,world
720.45,2026-08-30 22:17:57,52.54,-2.52,-36.54,143.9,the_rise,12.44,fog,20.496,6.685,0.00,6.56,world
720.95,2026-08-30 22:17:58,53.94,-2.28,-38.46,143.9,the_rise,12.46,fog,20.026,11.526,0.00,8.09,world
721.45,2026-08-30 22:17:58,55.13,-2.03,-40.24,-153.1,the_rise,12.48,fog,20.026,11.526,0.00,9.14,world
721.95,2026-08-30 22:17:59,53.91,-2.15,-39.36,1.6,the_rise,12.50,fog,26.433,9.157,0.00,7.94,world
722.45,2026-08-30 22:17:59,53.99,-2.54,-36.77,1.6,the_rise,12.52,fog,26.433,9.157,0.00,7.05,world
722.95,2026-08-30 22:18:00,52.63,-2.52,-36.55,-117.5,the_rise,12.54,fog,24.305,8.829,0.00,6.58,world
723.45,2026-08-30 22:18:00,52.35,-2.48,-36.69,-117.5,the_rise,12.56,fog,24.305,8.829,0.00,6.70,world
723.95,2026-08-30 22:18:01,53.33,-2.25,-38.56,152.5,the_rise,12.58,fog,26.498,9.117,0.00,7.47,world
724.45,2026-08-30 22:18:01,53.81,-2.06,-39.96,-90.1,the_rise,12.60,fog,26.498,9.117,0.00,7.81,world
724.95,2026-08-30 22:18:02,53.61,-2.31,-38.16,-2.3,the_rise,12.62,fog,20.640,7.299,0.00,7.82,world
725.45,2026-08-30 22:18:02,53.47,-2.71,-35.63,-33.8,the_rise,12.64,fog,20.640,7.299,0.00,5.82,world
725.95,2026-08-30 22:18:03,52.13,-2.56,-36.18,-121.9,the_rise,12.66,fog,21.363,6.902,0.00,6.18,world
726.45,2026-08-30 22:18:03,52.49,-2.48,-36.76,148.1,the_rise,12.68,fog,21.363,6.902,0.00,6.78,world
726.95,2026-08-30 22:18:04,53.75,-2.23,-38.77,148.1,the_rise,12.70,fog,20.766,6.847,0.00,7.85,world
727.45,2026-08-30 22:18:04,53.43,-2.17,-39.10,-85.9,the_rise,12.72,fog,20.766,6.847,0.00,7.48,world
727.95,2026-08-30 22:18:05,53.13,-2.53,-36.60,-6.6,the_rise,12.74,fog,20.789,6.577,0.00,6.69,world
728.45,2026-08-30 22:18:05,52.32,-2.76,-35.26,-126.9,the_rise,12.76,fog,20.789,6.577,0.00,5.27,world
728.95,2026-08-30 22:18:06,51.87,-2.68,-35.59,-126.9,the_rise,12.78,fog,41.520,8.296,0.00,5.60,world
729.45,2026-08-30 22:18:06,52.98,-2.44,-37.07,143.1,the_rise,12.80,fog,41.520,8.296,0.00,7.14,world
729.95,2026-08-30 22:18:07,53.73,-2.24,-38.69,-101.4,the_rise,12.82,fog,25.660,7.638,0.00,7.84,world
730.45,2026-08-30 22:18:07,53.09,-2.35,-37.66,-9.6,the_rise,12.84,fog,25.660,7.638,0.00,7.47,world
730.95,2026-08-30 22:18:08,52.66,-2.79,-35.10,-9.6,the_rise,12.86,fog,28.911,10.830,0.00,5.14,world
731.45,2026-08-30 22:18:08,51.91,-2.69,-35.56,178.6,the_rise,12.88,fog,28.911,10.830,0.00,5.56,world
731.95,2026-08-30 22:18:09,53.39,-2.41,-37.39,141.2,the_rise,12.90,fog,20.554,6.830,0.00,7.52,world
732.45,2026-08-30 22:18:09,53.20,-2.24,-38.61,-100.9,the_rise,12.92,fog,20.554,6.830,0.00,7.34,world
732.95,2026-08-30 22:18:10,52.86,-2.48,-36.82,-10.9,the_rise,12.94,fog,28.075,7.961,0.00,6.88,world
733.45,2026-08-30 22:18:10,52.22,-2.90,-34.68,-95.0,the_rise,12.96,fog,28.075,7.961,0.00,4.68,world
733.95,2026-08-30 22:18:11,52.24,-2.62,-35.88,140.0,the_rise,12.98,fog,20.309,6.596,0.00,5.88,world
734.45,2026-08-30 22:18:11,53.78,-2.38,-37.69,140.0,the_rise,13.00,fog,20.309,6.596,0.00,7.90,world
734.95,2026-08-30 22:18:12,53.13,-2.25,-38.44,-102.3,the_rise,13.02,fog,19.881,6.933,0.00,7.30,world
735.45,2026-08-30 22:18:12,52.45,-2.44,-36.90,-76.5,the_rise,13.04,fog,19.881,6.933,0.00,6.92,world
735.95,2026-08-30 22:18:13,52.74,-2.37,-37.43,152.5,the_rise,13.06,fog,25.546,9.973,0.00,7.21,world
736.45,2026-08-30 22:18:13,53.84,-2.12,-39.53,152.5,the_rise,13.08,fog,25.546,9.973,0.00,7.85,world
736.95,2026-08-30 22:18:14,54.86,-1.79,-41.53,-176.0,the_rise,13.10,fog,21.536,6.826,0.00,8.99,world
737.45,2026-08-30 22:18:14,54.37,-1.97,-40.52,2.0,the_rise,13.12,fog,21.536,6.826,0.00,8.39,world
737.95,2026-08-30 22:18:15,54.72,-2.37,-37.95,7.7,the_rise,13.14,fog,20.670,6.734,0.00,8.40,world
738.45,2026-08-30 22:18:15,53.62,-2.45,-37.23,-110.0,the_rise,13.16,fog,20.670,6.734,0.00,7.40,world
738.95,2026-08-30 22:18:16,52.66,-2.38,-37.37,-57.5,the_rise,13.18,fog,22.722,7.229,0.00,7.16,world
739.45,2026-08-30 22:18:16,51.62,-2.81,-35.05,-27.0,the_rise,13.20,fog,22.722,7.229,0.00,5.06,world
739.95,2026-08-30 22:18:17,50.91,-3.21,-33.45,-27.0,the_rise,13.22,fog,20.692,6.828,0.00,3.62,world
740.45,2026-08-30 22:18:17,49.93,-3.63,-32.01,-142.5,the_rise,13.24,fog,20.692,6.828,0.00,2.89,world
740.95,2026-08-30 22:18:18,50.81,-3.47,-32.44,116.2,the_rise,13.26,fog,20.331,7.135,0.00,2.71,world
741.45,2026-08-30 22:18:18,52.91,-3.16,-33.46,116.2,the_rise,13.28,fog,20.331,7.135,0.00,3.58,world
741.95,2026-08-30 22:18:19,51.86,-2.85,-34.87,-131.2,the_rise,13.30,fog,20.466,6.899,0.00,4.87,world
742.45,2026-08-30 22:18:19,51.80,-2.72,-35.44,-128.3,the_rise,13.32,fog,20.466,6.899,0.00,5.44,world
742.95,2026-08-30 22:18:20,51.94,-2.64,-35.76,-125.6,the_rise,13.34,fog,26.532,8.264,0.00,5.76,world
745.43,2026-08-30 22:18:22,51.99,-2.62,-35.87,-124.7,the_rise,13.44,fog,20.308,4.173,0.00,5.87,world
747.68,2026-08-30 22:18:24,51.99,-2.62,-35.87,-124.7,the_rise,13.53,fog,20.037,3.623,0.00,5.87,world
748.18,2026-08-30 22:18:25,51.91,-2.66,-35.69,-54.9,the_rise,13.55,fog,20.037,3.623,0.00,5.69,world
748.68,2026-08-30 22:18:25,51.02,-3.25,-33.27,-19.0,the_rise,13.57,fog,20.524,7.905,0.00,3.41,world
749.18,2026-08-30 22:18:26,50.05,-3.82,-31.13,-92.6,the_rise,13.59,fog,20.524,7.905,0.00,2.25,world
749.68,2026-08-30 22:18:26,49.03,-3.85,-31.10,-119.2,the_rise,13.61,fog,20.981,6.846,0.00,3.17,world
750.18,2026-08-30 22:18:27,48.53,-3.98,-30.61,-120.7,the_rise,13.63,fog,20.981,6.846,0.00,3.52,world
750.68,2026-08-30 22:18:27,48.08,-4.11,-30.15,-122.1,the_rise,13.65,fog,26.573,8.073,0.00,3.93,world
751.18,2026-08-30 22:18:28,47.68,-4.20,-29.76,-123.3,grandpas_village,13.67,fog,26.573,8.073,0.00,4.32,world
751.68,2026-08-30 22:18:29,47.32,-4.26,-29.40,-124.4,grandpas_village,13.69,fog,20.749,405.620,0.00,4.72,world
752.18,2026-08-30 22:18:29,46.89,-4.35,-28.91,-72.7,grandpas_village,13.71,fog,20.749,405.620,0.00,5.22,world
752.68,2026-08-30 22:18:30,45.42,-4.52,-26.83,-35.2,grandpas_village,13.73,fog,23.332,7.390,0.00,3.17,world
753.18,2026-08-30 22:18:30,44.02,-4.39,-24.83,-35.2,grandpas_village,13.75,fog,23.332,7.390,0.00,0.83,world
753.68,2026-08-30 22:18:31,42.71,-4.16,-25.07,-138.6,grandpas_village,13.77,fog,23.048,7.166,0.00,1.68,world
754.18,2026-08-30 22:18:31,42.55,-4.13,-24.94,-75.5,grandpas_village,13.79,fog,23.048,7.166,0.00,1.72,world
754.68,2026-08-30 22:18:32,40.90,-3.68,-23.48,-48.6,grandpas_village,13.81,fog,27.934,10.785,0.00,3.14,world
755.18,2026-08-30 22:18:32,39.37,-3.09,-22.11,-48.6,grandpas_village,13.83,fog,27.934,10.785,0.00,5.01,world
755.68,2026-08-30 22:18:33,37.91,-2.43,-20.82,-48.6,grandpas_village,13.85,fog,27.226,9.899,0.00,4.00,world
756.18,2026-08-30 22:18:33,36.80,-2.22,-22.40,-153.4,grandpas_village,13.87,fog,27.226,9.899,0.00,3.69,world
756.68,2026-08-30 22:18:34,35.72,-2.04,-24.59,-153.4,grandpas_village,13.89,fog,20.342,6.991,0.00,4.90,world
757.18,2026-08-30 22:18:34,34.67,-1.74,-26.72,-153.3,grandpas_village,13.91,fog,20.342,6.991,0.00,6.76,world
757.68,2026-08-30 22:18:35,33.63,-1.41,-28.82,-153.3,grandpas_village,13.93,fog,20.203,7.452,0.00,8.40,world
758.18,2026-08-30 22:18:35,32.61,-1.05,-30.89,-153.3,grandpas_village,13.95,fog,20.203,7.452,0.00,7.43,world
758.68,2026-08-30 22:18:36,31.59,-0.65,-32.92,-153.2,grandpas_village,13.97,fog,27.108,8.099,0.00,5.76,world
759.18,2026-08-30 22:18:36,30.58,-0.26,-34.95,-153.2,grandpas_village,13.99,fog,27.108,8.099,0.00,3.62,world
759.68,2026-08-30 22:18:37,29.54,0.07,-37.02,-153.1,grandpas_village,14.01,fog,24.287,6.628,0.00,1.77,world
760.18,2026-08-30 22:18:37,28.47,0.32,-39.13,-153.1,grandpas_village,14.03,fog,24.287,6.628,0.00,2.00,world
760.68,2026-08-30 22:18:38,27.40,0.57,-41.25,-153.0,grandpas_village,14.05,fog,23.249,6.693,0.00,3.09,world
763.03,2026-08-30 22:18:40,21.61,0.95,-37.39,89.1,grandpas_village,14.14,fog,21.809,4.936,0.00,3.42,combat
765.15,2026-08-30 22:18:42,21.61,0.95,-37.39,89.1,grandpas_village,14.23,fog,20.296,3.531,0.00,3.42,combat
765.65,2026-08-30 22:18:43,21.61,0.95,-37.39,89.1,grandpas_village,14.25,fog,19.334,8.707,0.00,3.42,combat
766.15,2026-08-30 22:18:43,21.61,0.95,-37.39,89.1,grandpas_village,14.27,fog,19.334,8.707,0.00,3.42,combat
766.65,2026-08-30 22:18:44,21.61,0.95,-37.39,89.1,grandpas_village,14.29,fog,21.451,6.249,0.00,3.42,combat
767.15,2026-08-30 22:18:44,23.27,0.88,-38.54,124.8,grandpas_village,14.31,fog,21.094,380.441,0.00,4.23,world
767.65,2026-08-30 22:18:45,25.36,0.76,-39.99,124.8,grandpas_village,14.33,fog,21.094,380.441,0.00,2.31,world
768.15,2026-08-30 22:18:45,27.47,0.57,-41.45,124.9,grandpas_village,14.35,fog,18.575,6.275,0.00,2.40,world
768.65,2026-08-30 22:18:46,29.58,0.30,-42.92,124.9,grandpas_village,14.37,fog,18.575,6.275,0.00,3.74,world
769.15,2026-08-30 22:18:46,31.71,-0.03,-44.39,125.1,grandpas_village,14.39,fog,19.151,6.363,0.00,2.80,world
771.12,2026-08-30 22:18:48,32.47,-0.16,-44.92,125.1,grandpas_village,14.46,fog,17.886,3.073,0.00,1.88,world
772.93,2026-08-30 22:18:50,32.47,-0.16,-44.92,125.1,grandpas_village,14.54,fog,21.750,7.392,0.00,1.88,world
773.43,2026-08-30 22:18:51,31.37,0.05,-44.46,-67.6,grandpas_village,14.56,fog,17.506,7.160,0.00,3.05,world
773.93,2026-08-30 22:18:51,29.25,0.41,-43.58,-67.6,grandpas_village,14.58,fog,17.506,7.160,0.00,3.27,world
774.43,2026-08-30 22:18:52,27.09,0.71,-42.68,-67.6,grandpas_village,14.60,fog,18.986,6.486,0.00,1.71,world
774.93,2026-08-30 22:18:52,24.87,0.92,-41.76,-67.6,grandpas_village,14.62,fog,18.986,6.486,0.00,2.51,world
775.43,2026-08-30 22:18:53,22.62,1.06,-40.83,-67.7,grandpas_village,14.64,fog,18.906,6.299,0.00,2.92,world
775.93,2026-08-30 22:18:53,20.36,1.17,-39.90,-67.7,grandpas_village,14.66,fog,18.906,6.299,0.00,3.54,world
776.43,2026-08-30 22:18:54,18.08,1.25,-38.96,-67.7,grandpas_village,14.68,fog,20.245,6.484,0.00,5.36,world
776.93,2026-08-30 22:18:54,15.76,1.24,-38.00,-67.7,grandpas_village,14.70,fog,20.245,6.484,0.00,7.41,world
777.43,2026-08-30 22:18:55,13.42,1.14,-37.04,-67.7,grandpas_village,14.72,fog,17.990,6.270,0.00,8.02,world
777.93,2026-08-30 22:18:55,11.07,1.04,-36.07,-67.8,grandpas_village,14.74,fog,17.990,6.270,0.00,5.48,world
778.43,2026-08-30 22:18:56,8.75,1.01,-35.12,-67.8,grandpas_village,14.76,fog,24.177,9.587,0.00,2.97,world
780.45,2026-08-30 22:18:58,7.70,1.00,-34.69,-67.9,grandpas_village,14.84,fog,18.272,4.073,0.00,1.84,world
782.33,2026-08-30 22:19:00,7.70,1.00,-34.69,-67.9,grandpas_village,14.91,fog,18.198,3.422,0.00,1.84,world
782.83,2026-08-30 22:19:00,6.67,0.97,-33.84,-50.6,grandpas_village,14.93,fog,18.198,3.422,0.00,0.69,world
783.33,2026-08-30 22:19:01,4.73,0.94,-32.24,-50.6,grandpas_village,14.95,fog,20.180,7.559,0.00,2.17,world
785.60,2026-08-30 22:19:03,3.48,0.94,-31.21,-50.6,grandpas_village,15.04,fog,22.805,4.824,0.00,1.91,world
787.70,2026-08-30 22:19:05,3.48,0.94,-31.21,-50.6,grandpas_village,15.13,fog,23.130,4.251,0.00,1.91,world
788.20,2026-08-30 22:19:06,2.49,0.94,-29.20,-26.0,grandpas_village,15.15,fog,22.838,7.895,0.00,0.94,world
788.70,2026-08-30 22:19:06,1.40,0.93,-26.95,-26.0,grandpas_village,15.17,fog,22.838,7.895,0.00,3.11,world
789.20,2026-08-30 22:19:07,0.30,0.93,-24.71,-26.1,grandpas_village,15.19,fog,19.731,7.118,0.00,5.24,world
789.70,2026-08-30 22:19:07,-0.79,0.93,-22.46,-26.1,grandpas_village,15.21,fog,19.731,7.118,0.00,2.74,world
791.95,2026-08-30 22:19:09,-1.18,0.90,-21.67,-26.1,grandpas_village,15.30,fog,22.730,12.199,0.00,1.86,world
793.93,2026-08-30 22:19:11,-1.18,0.90,-21.67,-26.1,grandpas_village,15.38,fog,23.502,4.220,0.00,1.86,world
794.43,2026-08-30 22:19:12,-2.09,0.91,-20.71,-43.2,grandpas_village,15.40,fog,18.669,7.373,0.00,0.71,world
794.93,2026-08-30 22:19:12,-3.79,0.90,-18.88,-43.2,grandpas_village,15.42,fog,18.669,7.373,0.00,2.11,world
795.43,2026-08-30 22:19:13,-5.50,0.90,-17.06,-43.2,grandpas_village,15.44,fog,25.176,9.032,0.00,4.57,world
795.93,2026-08-30 22:19:13,-7.15,1.08,-15.30,-43.2,grandpas_village,15.46,fog,25.176,9.032,0.00,3.14,world
796.43,2026-08-30 22:19:14,-8.84,1.11,-13.49,-43.2,grandpas_village,15.48,fog,20.384,5.758,0.00,1.27,world
796.93,2026-08-30 22:19:14,-10.52,1.20,-11.70,-43.2,grandpas_village,15.50,fog,20.384,5.758,0.00,2.36,world
797.43,2026-08-30 22:19:15,-12.24,1.20,-9.88,-43.2,grandpas_village,15.52,fog,19.069,5.938,0.00,2.57,world
799.33,2026-08-30 22:19:17,-12.72,1.20,-9.36,-43.2,grandpas_village,15.59,fog,18.515,2.620,0.00,1.87,world
801.07,2026-08-30 22:19:18,-12.72,1.20,-9.36,-43.2,grandpas_village,15.66,fog,17.635,7.804,0.00,1.87,world
801.57,2026-08-30 22:19:19,-12.05,1.20,-10.51,149.6,grandpas_village,15.68,fog,18.064,6.787,0.00,3.18,world
803.80,2026-08-30 22:19:21,-10.93,1.20,-12.41,149.6,grandpas_village,15.77,fog,18.504,2.916,0.00,1.84,world
805.60,2026-08-30 22:19:23,-10.93,1.20,-12.41,149.6,grandpas_village,15.84,fog,18.435,2.861,0.00,1.84,world
806.10,2026-08-30 22:19:23,-11.41,1.20,-11.17,-21.0,grandpas_village,15.86,fog,18.435,2.861,0.00,3.16,world
806.60,2026-08-30 22:19:24,-12.30,1.20,-8.84,-21.0,grandpas_village,15.88,fog,28.160,7.249,0.00,1.89,world
807.10,2026-08-30 22:19:24,-13.20,1.14,-6.49,-21.0,grandpas_village,15.90,fog,20.272,6.384,0.00,1.71,world
807.60,2026-08-30 22:19:25,-14.11,1.08,-4.13,-21.0,grandpas_village,15.92,fog,20.272,6.384,0.00,3.87,world
808.10,2026-08-30 22:19:25,-15.00,1.09,-1.80,-21.0,grandpas_village,15.94,fog,19.547,5.906,0.00,6.28,world
808.60,2026-08-30 22:19:26,-15.89,1.16,0.50,-21.0,grandpas_village,15.96,fog,19.547,5.906,0.00,5.89,world
809.10,2026-08-30 22:19:26,-16.76,1.31,2.76,-21.0,grandpas_village,15.98,fog,19.547,5.906,0.00,3.47,world
811.27,2026-08-30 22:19:29,-17.33,1.50,4.25,-21.0,grandpas_village,16.07,fog,18.441,2.976,0.00,1.88,world
813.08,2026-08-30 22:19:30,-17.33,1.50,4.25,-21.0,grandpas_village,16.14,fog,18.191,6.596,0.00,1.88,world
813.58,2026-08-30 22:19:31,-16.08,1.49,4.74,68.0,grandpas_village,16.16,fog,20.126,6.964,0.00,2.29,world
814.08,2026-08-30 22:19:31,-13.72,1.37,5.69,68.0,grandpas_village,16.18,fog,20.126,6.964,0.00,4.29,world
814.58,2026-08-30 22:19:32,-11.34,1.16,6.64,67.9,grandpas_village,16.20,fog,20.914,6.090,0.00,3.61,world
816.75,2026-08-30 22:19:34,-9.73,1.07,7.30,67.9,grandpas_village,16.29,fog,21.959,4.042,0.00,1.87,world
818.50,2026-08-30 22:19:36,-9.73,1.07,7.30,67.9,grandpas_village,16.36,fog,18.797,3.061,0.00,1.87,world
819.00,2026-08-30 22:19:36,-9.55,1.02,5.04,175.5,grandpas_village,16.38,fog,18.797,3.061,0.00,3.34,world
819.50,2026-08-30 22:19:37,-9.35,1.01,2.54,175.5,grandpas_village,16.40,fog,18.554,6.895,0.00,5.62,world
820.00,2026-08-30 22:19:37,-9.15,1.02,0.06,175.5,grandpas_village,16.42,fog,18.554,6.895,0.00,8.03,world
820.50,2026-08-30 22:19:38,-8.96,1.03,-2.43,175.5,grandpas_village,16.44,fog,20.489,6.036,0.00,7.51,world
821.00,2026-08-30 22:19:38,-8.76,1.04,-4.92,175.5,grandpas_village,16.46,fog,20.489,6.036,0.00,6.08,world
821.50,2026-08-30 22:19:39,-8.57,1.05,-7.41,175.5,grandpas_village,16.48,fog,23.150,6.540,0.00,5.47,world
822.00,2026-08-30 22:19:39,-8.37,0.97,-9.92,175.5,grandpas_village,16.50,fog,23.150,6.540,0.00,4.40,world
822.50,2026-08-30 22:19:40,-8.17,1.06,-12.36,175.5,grandpas_village,16.52,fog,18.526,5.800,0.00,2.46,world
823.00,2026-08-30 22:19:40,-7.97,1.11,-14.83,175.5,grandpas_village,16.54,fog,18.526,5.800,0.00,2.19,world
823.50,2026-08-30 22:19:41,-7.77,1.07,-17.32,175.5,grandpas_village,16.56,fog,23.170,6.148,0.00,4.00,world
824.00,2026-08-30 22:19:41,-7.57,1.04,-19.83,175.5,grandpas_village,16.58,fog,23.170,6.148,0.00,5.57,world
824.50,2026-08-30 22:19:42,-7.38,1.05,-22.32,175.5,grandpas_village,16.60,fog,20.637,5.522,0.00,5.85,world
825.00,2026-08-30 22:19:42,-7.18,1.05,-24.81,175.5,grandpas_village,16.62,fog,20.637,5.522,0.00,7.07,world
825.50,2026-08-30 22:19:43,-6.99,1.04,-27.30,175.6,grandpas_village,16.64,fog,18.872,5.955,0.00,8.84,world
826.00,2026-08-30 22:19:43,-6.79,1.07,-29.79,175.6,grandpas_village,16.66,fog,18.872,5.955,0.00,8.80,world
826.50,2026-08-30 22:19:44,-6.60,1.11,-32.26,175.6,grandpas_village,16.68,fog,18.918,5.962,0.00,8.89,world
827.00,2026-08-30 22:19:44,-6.41,1.13,-34.75,175.5,grandpas_village,16.70,fog,18.918,5.962,0.00,9.66,world
827.50,2026-08-30 22:19:45,-6.22,1.11,-37.25,175.5,grandpas_village,16.72,fog,17.516,6.295,0.00,10.96,world
828.05,2026-08-30 22:19:45,-6.14,1.11,-38.21,175.5,grandpas_village,16.73,fog,222.941,7.822,0.00,11.56,menu_build
828.55,2026-08-30 22:19:46,-6.13,1.11,-38.36,175.5,grandpas_village,16.74,fog,222.941,7.822,0.00,11.66,build_catalogue
829.05,2026-08-30 22:19:46,-6.13,1.11,-38.36,175.5,grandpas_village,16.76,fog,22.901,17.797,0.00,11.66,build_catalogue
829.55,2026-08-30 22:19:47,-6.13,1.11,-38.36,175.5,grandpas_village,16.78,fog,22.901,17.797,0.00,11.66,build_catalogue
830.05,2026-08-30 22:19:47,-6.13,1.11,-38.36,175.5,grandpas_village,16.80,fog,19.635,5.842,0.00,11.66,build_catalogue
830.67,2026-08-30 22:19:48,-6.13,1.11,-38.36,175.5,grandpas_village,16.83,fog,19.635,5.842,0.00,11.66,build_catalogue
831.17,2026-08-30 22:19:49,-6.13,1.11,-38.36,175.5,grandpas_village,16.85,fog,24.584,7.547,0.00,11.66,build_catalogue
831.67,2026-08-30 22:19:49,-6.13,1.11,-38.36,175.5,grandpas_village,16.87,fog,24.584,7.547,0.00,11.66,build_catalogue
832.17,2026-08-30 22:19:50,-6.13,1.11,-38.36,175.5,grandpas_village,16.89,fog,23.696,7.186,0.00,11.66,build_catalogue
832.67,2026-08-30 22:19:50,-6.13,1.11,-38.36,175.5,grandpas_village,16.91,fog,23.696,7.186,0.00,11.66,build_catalogue
833.17,2026-08-30 22:19:51,-6.13,1.11,-38.36,175.5,grandpas_village,16.93,fog,18.622,6.522,0.00,11.66,world
833.67,2026-08-30 22:19:51,-6.13,1.11,-38.36,175.5,grandpas_village,16.95,fog,18.622,6.522,0.00,11.66,world
834.17,2026-08-30 22:19:52,-6.13,1.11,-38.36,175.5,grandpas_village,16.97,fog,17.691,6.429,0.00,11.66,world
834.67,2026-08-30 22:19:52,-6.13,1.11,-38.36,175.5,grandpas_village,16.99,fog,17.691,6.429,0.00,11.66,world
835.17,2026-08-30 22:19:53,-6.11,1.11,-38.20,144.0,grandpas_village,17.01,fog,18.459,5.784,0.00,11.53,world
835.67,2026-08-30 22:19:53,-5.34,1.16,-35.87,18.4,grandpas_village,17.03,fog,18.459,5.784,0.00,9.39,world
836.23,2026-08-30 22:19:54,-5.03,1.16,-34.95,18.4,grandpas_village,17.03,fog,162.411,6.619,0.00,8.60,menu_build
836.73,2026-08-30 22:19:54,-4.99,1.16,-34.81,18.4,grandpas_village,17.05,fog,162.411,6.619,0.00,8.48,build_catalogue
837.23,2026-08-30 22:19:55,-4.99,1.16,-34.81,18.4,grandpas_village,17.07,fog,107.556,13.719,0.00,8.48,build_catalogue
837.73,2026-08-30 22:19:55,-4.99,1.16,-34.81,18.4,grandpas_village,17.09,fog,107.556,13.719,0.00,8.48,build_catalogue
838.23,2026-08-30 22:19:56,-4.99,1.16,-34.81,18.4,grandpas_village,17.11,fog,20.324,6.260,0.00,8.48,build_catalogue
838.97,2026-08-30 22:19:56,-4.99,1.16,-34.81,18.4,grandpas_village,17.14,fog,20.324,6.260,0.00,8.48,build_catalogue
839.47,2026-08-30 22:19:57,-4.99,1.16,-34.81,18.4,grandpas_village,17.16,fog,21.590,7.475,0.00,8.48,build_placement
839.97,2026-08-30 22:19:57,-4.99,1.16,-34.81,18.4,grandpas_village,17.18,fog,21.590,7.475,0.00,8.48,build_placement
840.47,2026-08-30 22:19:58,-4.99,1.16,-34.81,18.4,grandpas_village,17.20,fog,17.995,9.549,0.00,8.48,build_placement
840.97,2026-08-30 22:19:58,-4.99,1.16,-34.81,18.4,grandpas_village,17.22,fog,17.995,9.549,0.00,8.48,build_placement
841.47,2026-08-30 22:19:59,-4.99,1.16,-34.81,18.4,grandpas_village,17.24,fog,18.453,6.776,0.00,8.48,build_placement
841.97,2026-08-30 22:19:59,-4.99,1.16,-34.81,18.4,grandpas_village,17.26,fog,18.453,6.776,0.00,8.48,world
842.47,2026-08-30 22:20:00,-4.99,1.16,-34.81,18.4,grandpas_village,17.28,fog,17.885,7.485,0.00,8.48,world
842.97,2026-08-30 22:20:00,-4.99,1.16,-34.81,18.4,grandpas_village,17.30,fog,17.885,7.485,0.00,8.48,world
843.47,2026-08-30 22:20:01,-4.99,1.16,-34.81,18.4,grandpas_village,17.32,fog,19.882,6.297,0.00,8.48,world
843.97,2026-08-30 22:20:01,-4.98,1.17,-34.59,18.4,grandpas_village,17.34,fog,18.715,6.406,0.00,8.36,world
844.47,2026-08-30 22:20:02,-4.20,1.12,-32.21,18.4,grandpas_village,17.36,fog,18.715,6.406,0.00,6.58,world
845.03,2026-08-30 22:20:02,-3.92,1.12,-31.37,18.4,grandpas_village,17.36,fog,163.487,6.569,0.00,6.08,menu_build
845.53,2026-08-30 22:20:03,-3.87,1.12,-31.23,18.4,grandpas_village,17.38,fog,163.487,6.569,0.00,6.00,build_catalogue
846.03,2026-08-30 22:20:03,-3.87,1.12,-31.23,18.4,grandpas_village,17.40,fog,26.971,18.074,0.00,6.00,build_catalogue
846.53,2026-08-30 22:20:04,-3.87,1.12,-31.23,18.4,grandpas_village,17.42,fog,26.971,18.074,0.00,6.00,build_catalogue
847.03,2026-08-30 22:20:04,-3.87,1.12,-31.23,18.4,grandpas_village,17.44,fog,22.134,6.677,0.00,6.00,build_catalogue
847.58,2026-08-30 22:20:05,-3.87,1.12,-31.23,18.4,grandpas_village,17.46,fog,22.134,6.677,0.00,6.00,build_catalogue
848.08,2026-08-30 22:20:06,-3.87,1.12,-31.23,18.4,grandpas_village,17.48,fog,18.833,8.436,0.00,6.00,build_placement
848.58,2026-08-30 22:20:06,-3.87,1.12,-31.23,18.4,grandpas_village,17.50,fog,18.833,8.436,0.00,6.00,build_placement
849.08,2026-08-30 22:20:07,-3.87,1.12,-31.23,18.4,grandpas_village,17.52,fog,18.020,6.499,0.00,6.00,build_placement
849.58,2026-08-30 22:20:07,-3.87,1.12,-31.23,18.4,grandpas_village,17.54,fog,18.020,6.499,0.00,6.00,build_placement
850.22,2026-08-30 22:20:08,-3.87,1.12,-31.23,18.4,grandpas_village,17.57,fog,18.551,6.382,0.00,6.00,world
850.72,2026-08-30 22:20:08,-3.87,1.12,-31.23,18.4,grandpas_village,17.59,fog,18.551,6.382,0.00,6.00,world
851.22,2026-08-30 22:20:09,-3.87,1.12,-31.23,18.4,grandpas_village,17.61,fog,23.944,7.230,0.00,6.00,world
851.72,2026-08-30 22:20:09,-3.87,1.12,-31.23,18.4,grandpas_village,17.63,fog,23.944,7.230,0.00,6.00,world
852.22,2026-08-30 22:20:10,-3.87,1.12,-31.22,7.9,grandpas_village,17.65,fog,18.727,6.128,0.00,6.00,world
852.72,2026-08-30 22:20:10,-3.17,1.00,-29.02,18.4,grandpas_village,17.67,fog,18.727,6.128,0.00,5.26,world
853.25,2026-08-30 22:20:11,-3.06,1.00,-28.71,18.4,grandpas_village,17.68,fog,19.132,6.610,0.00,5.23,menu_quest_log
853.77,2026-08-30 22:20:11,-3.06,1.00,-28.71,18.4,grandpas_village,17.69,fog,19.132,6.610,0.00,5.23,build_catalogue
854.27,2026-08-30 22:20:12,-3.06,1.00,-28.71,18.4,grandpas_village,17.71,fog,166.093,14.575,0.00,5.23,build_catalogue
854.77,2026-08-30 22:20:12,-3.06,1.00,-28.71,18.4,grandpas_village,17.73,fog,166.093,14.575,0.00,5.23,build_catalogue
855.27,2026-08-30 22:20:13,-3.06,1.00,-28.71,18.4,grandpas_village,17.75,fog,20.542,6.979,0.00,5.23,build_catalogue
855.77,2026-08-30 22:20:13,-3.06,1.00,-28.71,18.4,grandpas_village,17.77,fog,20.542,6.979,0.00,5.23,build_catalogue
856.27,2026-08-30 22:20:14,-3.06,1.00,-28.71,18.4,grandpas_village,17.79,fog,21.078,6.754,0.00,5.23,build_placement
856.77,2026-08-30 22:20:14,-3.06,1.00,-28.71,18.4,grandpas_village,17.81,fog,21.078,6.754,0.00,5.23,build_placement
857.27,2026-08-30 22:20:15,-3.06,1.00,-28.71,18.4,grandpas_village,17.83,fog,18.212,9.602,0.00,5.23,build_placement
857.77,2026-08-30 22:20:15,-3.06,1.00,-28.71,18.4,grandpas_village,17.85,fog,18.212,9.602,0.00,5.23,build_placement
858.35,2026-08-30 22:20:16,-3.06,1.00,-28.71,18.4,grandpas_village,17.87,fog,20.239,6.525,0.00,5.23,world
858.85,2026-08-30 22:20:16,-3.06,1.00,-28.71,18.4,grandpas_village,17.89,fog,20.239,6.525,0.00,5.23,world
859.35,2026-08-30 22:20:17,-3.06,1.00,-28.71,18.4,grandpas_village,17.91,fog,18.673,8.469,0.00,5.23,world
859.85,2026-08-30 22:20:17,-3.06,1.00,-28.71,18.4,grandpas_village,17.93,fog,18.673,8.469,0.00,5.23,world
860.35,2026-08-30 22:20:18,-3.06,1.00,-28.71,18.4,grandpas_village,17.95,fog,18.631,6.607,0.00,5.23,world
860.85,2026-08-30 22:20:18,-2.74,1.00,-28.76,91.9,grandpas_village,17.97,fog,18.631,6.607,0.00,4.90,world
861.43,2026-08-30 22:20:19,-1.12,0.98,-28.71,18.4,grandpas_village,17.99,fog,18.639,6.714,0.00,3.38,menu_map
862.08,2026-08-30 22:20:20,-1.12,0.98,-28.71,18.4,grandpas_village,18.00,fog,172.555,13.779,0.00,3.38,build_catalogue
862.58,2026-08-30 22:20:20,-1.12,0.98,-28.71,18.4,grandpas_village,18.02,fog,172.555,13.779,0.00,3.38,build_catalogue
863.08,2026-08-30 22:20:21,-1.12,0.98,-28.71,18.4,grandpas_village,18.04,fog,19.957,8.426,0.00,3.38,build_catalogue
863.58,2026-08-30 22:20:21,-1.12,0.98,-28.71,18.4,grandpas_village,18.06,fog,19.957,8.426,0.00,3.38,build_catalogue
864.08,2026-08-30 22:20:22,-1.12,0.98,-28.71,18.4,grandpas_village,18.08,fog,20.575,7.043,0.00,3.38,build_catalogue
864.58,2026-08-30 22:20:22,-1.12,0.98,-28.71,18.4,grandpas_village,18.10,fog,20.575,7.043,0.00,3.38,build_catalogue
865.08,2026-08-30 22:20:23,-1.12,0.98,-28.71,18.4,grandpas_village,18.12,fog,19.390,6.835,0.00,3.38,build_catalogue
865.58,2026-08-30 22:20:23,-1.12,0.98,-28.71,18.4,grandpas_village,18.14,fog,19.390,6.835,0.00,3.38,build_catalogue
866.08,2026-08-30 22:20:24,-1.12,0.98,-28.71,18.4,grandpas_village,18.16,fog,19.891,6.554,0.00,3.38,build_catalogue
866.70,2026-08-30 22:20:24,-1.12,0.98,-28.71,18.4,grandpas_village,18.18,fog,19.891,6.554,0.00,3.38,world
867.20,2026-08-30 22:20:25,-1.12,0.98,-28.71,18.4,grandpas_village,18.20,fog,19.821,8.348,0.00,3.38,world
867.70,2026-08-30 22:20:25,-1.12,0.98,-28.71,18.4,grandpas_village,18.22,fog,19.821,8.348,0.00,3.38,world
868.20,2026-08-30 22:20:26,-1.12,0.98,-28.71,18.4,grandpas_village,18.24,fog,17.971,6.422,0.00,3.38,world
868.70,2026-08-30 22:20:26,-1.12,0.98,-28.71,18.4,grandpas_village,18.26,fog,17.971,6.422,0.00,3.38,world
869.20,2026-08-30 22:20:27,-0.88,0.98,-28.70,18.4,grandpas_village,18.28,fog,18.995,6.338,0.00,3.16,world
869.80,2026-08-30 22:20:27,-0.09,0.98,-26.86,18.4,grandpas_village,18.30,fog,18.995,6.338,0.00,3.77,menu_map
870.42,2026-08-30 22:20:28,-0.04,0.98,-26.72,18.4,grandpas_village,18.31,fog,165.345,6.399,0.00,3.86,build_catalogue
870.92,2026-08-30 22:20:28,-0.04,0.98,-26.72,18.4,grandpas_village,18.33,fog,20.884,13.870,0.00,3.86,build_catalogue
871.42,2026-08-30 22:20:29,-0.04,0.98,-26.72,18.4,grandpas_village,18.35,fog,20.884,13.870,0.00,3.86,build_catalogue
871.92,2026-08-30 22:20:29,-0.04,0.98,-26.72,18.4,grandpas_village,18.37,fog,19.406,6.484,0.00,3.86,build_catalogue
872.42,2026-08-30 22:20:30,-0.04,0.98,-26.72,18.4,grandpas_village,18.39,fog,19.406,6.484,0.00,3.86,build_catalogue
873.08,2026-08-30 22:20:31,-0.04,0.98,-26.72,18.4,grandpas_village,18.42,fog,22.569,6.538,0.00,3.86,build_catalogue
873.58,2026-08-30 22:20:31,-0.04,0.98,-26.72,18.4,grandpas_village,18.44,fog,22.569,6.538,0.00,3.86,build_catalogue
874.08,2026-08-30 22:20:32,-0.04,0.98,-26.72,18.4,grandpas_village,18.46,fog,23.899,7.614,0.00,3.86,build_catalogue
874.58,2026-08-30 22:20:32,-0.04,0.98,-26.72,18.4,grandpas_village,18.48,fog,23.899,7.614,0.00,3.86,build_catalogue
875.10,2026-08-30 22:20:33,-0.04,0.98,-26.72,18.4,grandpas_village,18.50,fog,21.094,6.755,0.00,3.86,build_catalogue
875.60,2026-08-30 22:20:33,-0.04,0.98,-26.72,18.4,grandpas_village,18.52,fog,21.094,6.755,0.00,3.86,world
876.10,2026-08-30 22:20:34,-0.04,0.98,-26.72,18.4,grandpas_village,18.54,fog,18.331,6.137,0.00,3.86,world
876.60,2026-08-30 22:20:34,-0.04,0.98,-26.72,18.4,grandpas_village,18.56,fog,18.331,6.137,0.00,3.86,world
877.10,2026-08-30 22:20:35,-0.04,0.98,-26.72,18.4,grandpas_village,18.58,fog,20.197,6.918,0.00,3.86,world
877.60,2026-08-30 22:20:35,-0.05,0.98,-26.72,7.9,grandpas_village,18.60,fog,20.197,6.918,0.00,3.87,world
878.10,2026-08-30 22:20:36,-0.05,0.98,-26.72,7.9,grandpas_village,18.62,fog,19.888,7.373,0.00,3.87,world
878.67,2026-08-30 22:20:36,-0.05,0.98,-26.72,7.9,grandpas_village,18.62,fog,19.888,7.373,0.00,3.87,menu_build
879.17,2026-08-30 22:20:37,-0.05,0.98,-26.72,7.9,grandpas_village,18.64,fog,170.191,13.591,0.00,3.87,build_catalogue
879.67,2026-08-30 22:20:37,-0.05,0.98,-26.72,7.9,grandpas_village,18.66,fog,170.191,13.591,0.00,3.87,build_catalogue
880.17,2026-08-30 22:20:38,-0.05,0.98,-26.72,7.9,grandpas_village,18.68,fog,20.366,6.401,0.00,3.87,build_catalogue
880.67,2026-08-30 22:20:38,-0.05,0.98,-26.72,7.9,grandpas_village,18.70,fog,20.366,6.401,0.00,3.87,build_catalogue
881.27,2026-08-30 22:20:39,-0.05,0.98,-26.72,7.9,grandpas_village,18.72,fog,22.378,6.666,0.00,3.87,build_catalogue
881.77,2026-08-30 22:20:39,-0.05,0.98,-26.72,7.9,grandpas_village,18.74,fog,22.378,6.666,0.00,3.87,build_catalogue
882.27,2026-08-30 22:20:40,-0.05,0.98,-26.72,7.9,grandpas_village,18.76,fog,21.160,7.348,0.00,3.87,build_catalogue
882.77,2026-08-30 22:20:40,-0.05,0.98,-26.72,7.9,grandpas_village,18.78,fog,21.160,7.348,0.00,3.87,build_catalogue
883.27,2026-08-30 22:20:41,-0.05,0.98,-26.72,7.9,grandpas_village,18.80,fog,21.298,6.272,0.00,3.87,build_catalogue
883.77,2026-08-30 22:20:41,-0.05,0.98,-26.72,7.9,grandpas_village,18.82,fog,21.298,6.272,0.00,3.87,world
884.27,2026-08-30 22:20:42,-0.05,0.98,-26.72,7.9,grandpas_village,18.84,fog,19.052,7.212,0.00,3.87,world
884.77,2026-08-30 22:20:42,-0.05,0.98,-26.72,7.9,grandpas_village,18.86,fog,19.052,7.212,0.00,3.87,world
885.27,2026-08-30 22:20:43,-0.05,0.98,-26.72,7.9,grandpas_village,18.88,fog,19.388,6.464,0.00,3.87,world
885.77,2026-08-30 22:20:43,-0.10,0.99,-26.70,-13.1,grandpas_village,18.90,fog,19.388,6.464,0.00,3.91,world
886.27,2026-08-30 22:20:44,-0.10,0.99,-26.70,-13.1,grandpas_village,18.92,fog,18.319,6.344,0.00,3.91,world
886.83,2026-08-30 22:20:44,-0.10,0.99,-26.70,-13.1,grandpas_village,18.93,fog,171.355,6.841,0.00,3.91,menu_build
887.33,2026-08-30 22:20:45,-0.10,0.99,-26.70,-13.1,grandpas_village,18.95,fog,171.355,6.841,0.00,3.91,build_catalogue
887.83,2026-08-30 22:20:45,-0.10,0.99,-26.70,-13.1,grandpas_village,18.97,fog,20.035,13.495,0.00,3.91,build_catalogue
888.33,2026-08-30 22:20:46,-0.10,0.99,-26.70,-13.1,grandpas_village,18.99,fog,20.035,13.495,0.00,3.91,build_catalogue
888.83,2026-08-30 22:20:46,-0.10,0.99,-26.70,-13.1,grandpas_village,19.01,fog,27.323,8.093,0.00,3.91,build_catalogue
889.43,2026-08-30 22:20:47,-0.10,0.99,-26.70,-13.1,grandpas_village,19.03,fog,27.323,8.093,0.00,3.91,build_catalogue
889.93,2026-08-30 22:20:48,-0.10,0.99,-26.70,-13.1,grandpas_village,19.05,fog,19.037,6.998,0.00,3.91,build_catalogue
890.43,2026-08-30 22:20:48,-0.10,0.99,-26.70,-13.1,grandpas_village,19.07,fog,19.037,6.998,0.00,3.91,build_catalogue
890.93,2026-08-30 22:20:49,-0.10,0.99,-26.70,-13.1,grandpas_village,19.09,fog,19.044,6.063,0.00,3.91,build_catalogue
891.45,2026-08-30 22:20:49,-0.10,0.99,-26.70,-13.1,grandpas_village,19.11,fog,19.044,6.063,0.00,3.91,build_catalogue
891.95,2026-08-30 22:20:50,-0.10,0.99,-26.70,-13.1,grandpas_village,19.13,fog,18.815,5.930,0.00,3.91,world
892.45,2026-08-30 22:20:50,-0.10,0.99,-26.70,-13.1,grandpas_village,19.15,fog,18.815,5.930,0.00,3.91,world
892.95,2026-08-30 22:20:51,-0.10,0.99,-26.70,-13.1,grandpas_village,19.17,fog,23.369,9.832,0.00,3.91,world
893.45,2026-08-30 22:20:51,-0.10,0.99,-26.70,-13.1,grandpas_village,19.19,fog,23.369,9.832,0.00,3.91,world
893.95,2026-08-30 22:20:52,-0.15,0.99,-26.69,-34.2,grandpas_village,19.21,fog,19.399,7.289,0.00,3.95,world
894.45,2026-08-30 22:20:52,-0.15,0.99,-26.69,-34.2,grandpas_village,19.23,fog,19.399,7.289,0.00,3.95,world
894.95,2026-08-30 22:20:53,0.34,0.97,-25.36,20.1,grandpas_village,19.25,fog,19.679,373.522,0.00,4.93,world
895.45,2026-08-30 22:20:53,1.21,0.90,-22.99,20.1,grandpas_village,19.27,fog,19.679,373.522,0.00,4.38,world
895.95,2026-08-30 22:20:54,2.05,0.90,-20.64,20.1,grandpas_village,19.29,fog,19.654,6.162,0.00,4.10,world
896.45,2026-08-30 22:20:54,2.47,0.90,-18.21,20.1,grandpas_village,19.31,fog,19.654,6.162,0.00,4.82,world
896.95,2026-08-30 22:20:55,2.90,0.90,-15.79,20.1,grandpas_village,19.33,fog,19.044,6.578,0.00,6.46,world
897.45,2026-08-30 22:20:55,3.59,0.90,-13.41,20.1,grandpas_village,19.35,fog,19.044,6.578,0.00,8.64,world
897.95,2026-08-30 22:20:56,4.53,0.90,-11.21,20.1,grandpas_village,19.37,fog,26.204,10.112,0.00,10.95,world
898.45,2026-08-30 22:20:56,5.39,0.90,-8.86,20.1,grandpas_village,19.39,fog,26.204,10.112,0.00,13.37,world
898.95,2026-08-30 22:20:57,6.25,0.90,-6.51,20.1,grandpas_village,19.41,fog,19.150,6.322,0.00,15.81,world
899.45,2026-08-30 22:20:57,7.11,0.90,-4.16,20.1,grandpas_village,19.43,fog,19.150,6.322,0.00,14.42,world
899.95,2026-08-30 22:20:58,7.97,0.90,-1.81,20.1,grandpas_village,19.45,fog,24.344,6.151,0.00,11.93,world
900.45,2026-08-30 22:20:58,9.04,0.90,0.41,20.1,grandpas_village,19.47,fog,24.344,6.151,0.00,9.46,world
900.95,2026-08-30 22:20:59,9.89,0.90,2.76,20.1,grandpas_village,19.49,fog,24.197,6.236,0.00,6.97,world
901.45,2026-08-30 22:20:59,10.75,0.90,5.11,20.1,grandpas_village,19.51,fog,24.197,6.236,0.00,4.49,world
901.95,2026-08-30 22:21:00,11.61,0.90,7.46,20.1,grandpas_village,19.53,fog,20.667,5.896,0.00,2.08,world
902.45,2026-08-30 22:21:00,12.48,0.85,9.82,20.1,grandpas_village,19.55,fog,20.667,5.896,0.00,0.97,world
902.95,2026-08-30 22:21:01,13.36,0.66,12.22,20.1,grandpas_village,19.57,fog,25.367,6.821,0.00,3.24,world
903.45,2026-08-30 22:21:01,14.24,0.29,14.65,20.1,grandpas_village,19.59,fog,25.367,6.821,0.00,5.79,world
903.95,2026-08-30 22:21:02,15.14,-0.17,17.09,20.1,grandpas_village,19.61,fog,20.593,6.466,0.00,8.37,world
904.45,2026-08-30 22:21:02,16.03,-0.64,19.53,20.1,grandpas_village,19.63,fog,20.593,6.466,0.00,10.96,world
904.95,2026-08-30 22:21:03,16.50,-0.88,20.81,30.6,grandpas_village,19.65,fog,18.866,6.313,0.00,12.32,world
905.45,2026-08-30 22:21:03,16.50,-0.88,20.81,-7.1,grandpas_village,19.67,fog,18.866,6.313,0.00,12.32,world
905.95,2026-08-30 22:21:04,16.51,-0.88,20.81,108.4,grandpas_village,19.69,fog,19.098,5.997,0.00,12.32,world
906.45,2026-08-30 22:21:04,16.52,-0.88,20.81,108.4,grandpas_village,19.71,fog,19.098,5.997,0.00,12.32,world
906.95,2026-08-30 22:21:05,15.34,-0.79,21.20,-69.9,grandpas_village,19.73,fog,20.505,6.064,0.00,12.42,world
907.45,2026-08-30 22:21:05,13.71,-0.70,21.74,20.2,grandpas_village,19.75,fog,20.505,6.064,0.00,12.76,world
907.95,2026-08-30 22:21:06,13.71,-0.70,21.74,-32.3,grandpas_village,19.77,fog,22.446,6.200,0.00,12.76,world
908.45,2026-08-30 22:21:06,14.12,-0.72,21.60,108.4,grandpas_village,19.79,fog,22.446,6.200,0.00,12.65,world
908.95,2026-08-30 22:21:07,16.52,-0.87,20.72,110.2,grandpas_village,19.81,fog,19.374,6.015,0.00,12.24,world
909.45,2026-08-30 22:21:07,17.67,-0.99,20.42,20.1,grandpas_village,19.83,fog,19.374,6.015,0.00,12.34,world
909.95,2026-08-30 22:21:08,17.67,-0.99,20.42,3.6,grandpas_village,19.85,fog,22.727,6.300,0.00,12.34,world
910.45,2026-08-30 22:21:08,17.67,-0.99,20.42,-69.9,grandpas_village,19.87,fog,22.727,6.300,0.00,12.34,world
910.95,2026-08-30 22:21:09,17.67,-0.99,20.42,-1.0,grandpas_village,19.89,fog,18.291,5.939,0.00,12.34,world
911.45,2026-08-30 22:21:09,17.66,-0.99,20.43,20.1,grandpas_village,19.91,fog,18.291,5.939,0.00,12.34,world
911.95,2026-08-30 22:21:10,17.66,-0.99,20.43,3.6,grandpas_village,19.93,fog,20.350,5.821,0.00,12.34,world
912.45,2026-08-30 22:21:10,17.66,-0.99,20.43,-69.9,grandpas_village,19.95,fog,20.350,5.821,0.00,12.34,world
912.95,2026-08-30 22:21:11,17.65,-0.99,20.43,-1.0,grandpas_village,19.97,fog,39.234,5.730,0.00,12.34,world
913.45,2026-08-30 22:21:11,17.65,-0.99,20.43,20.1,grandpas_village,19.99,fog,39.234,5.730,0.00,12.34,world
913.95,2026-08-30 22:21:12,17.65,-0.99,20.43,3.6,grandpas_village,20.01,fog,20.537,6.015,0.00,12.34,world
914.45,2026-08-30 22:21:12,17.65,-0.99,20.43,-69.9,grandpas_village,20.03,fog,20.537,6.015,0.00,12.34,world
914.95,2026-08-30 22:21:13,17.65,-0.99,20.43,-1.0,grandpas_village,20.05,fog,27.239,9.286,0.00,12.34,world
915.45,2026-08-30 22:21:13,17.64,-0.99,20.43,20.1,grandpas_village,20.07,fog,27.239,9.286,0.00,12.34,world
915.95,2026-08-30 22:21:14,17.64,-0.99,20.43,3.6,grandpas_village,20.09,fog,20.831,8.093,0.00,12.34,world
916.45,2026-08-30 22:21:14,17.64,-0.99,20.43,-69.9,grandpas_village,20.11,fog,20.831,8.093,0.00,12.34,world
916.95,2026-08-30 22:21:15,17.64,-0.99,20.44,-1.0,grandpas_village,20.13,fog,22.945,9.141,0.00,12.34,world
917.45,2026-08-30 22:21:15,17.63,-0.99,20.44,20.1,grandpas_village,20.15,fog,22.945,9.141,0.00,12.34,world
917.95,2026-08-30 22:21:16,17.63,-0.99,20.44,3.6,grandpas_village,20.17,fog,22.049,7.670,0.00,12.34,world
918.45,2026-08-30 22:21:16,17.63,-0.99,20.44,-69.9,grandpas_village,20.19,fog,22.049,7.670,0.00,12.34,world
918.95,2026-08-30 22:21:17,17.63,-0.99,20.44,-1.0,grandpas_village,20.21,fog,21.652,8.897,0.00,12.34,world
919.45,2026-08-30 22:21:17,17.63,-0.99,20.44,20.1,grandpas_village,20.23,fog,21.652,8.897,0.00,12.34,world
919.95,2026-08-30 22:21:18,17.63,-0.99,20.44,3.6,grandpas_village,20.25,fog,26.830,11.240,0.00,12.34,world
920.45,2026-08-30 22:21:18,17.63,-0.99,20.44,-69.9,grandpas_village,20.27,fog,26.830,11.240,0.00,12.34,world
920.95,2026-08-30 22:21:19,17.63,-0.99,20.44,-1.0,grandpas_village,20.29,fog,24.853,10.611,0.00,12.34,world
921.45,2026-08-30 22:21:19,17.63,-0.99,20.44,20.1,grandpas_village,20.31,fog,24.853,10.611,0.00,12.34,world
921.95,2026-08-30 22:21:20,17.63,-0.99,20.44,3.6,grandpas_village,20.33,fog,32.618,15.582,0.00,12.34,world
922.45,2026-08-30 22:21:20,17.63,-0.99,20.44,-69.9,grandpas_village,20.35,fog,32.618,15.582,0.00,12.34,world
922.95,2026-08-30 22:21:21,17.63,-0.99,20.44,-1.0,grandpas_village,20.37,fog,33.473,20.526,0.00,12.34,world
923.45,2026-08-30 22:21:21,17.63,-0.99,20.44,20.1,grandpas_village,20.39,fog,33.473,20.526,0.00,12.34,world
923.95,2026-08-30 22:21:22,17.63,-0.99,20.44,3.6,grandpas_village,20.41,fog,25.920,11.092,0.00,12.34,world
924.45,2026-08-30 22:21:22,17.63,-0.99,20.44,-69.9,grandpas_village,20.43,fog,25.920,11.092,0.00,12.34,world
924.95,2026-08-30 22:21:23,17.63,0.42,20.44,3.6,grandpas_village,20.45,fog,21.571,10.661,0.00,12.34,world
925.45,2026-08-30 22:21:23,17.63,-0.99,20.44,3.6,grandpas_village,20.47,fog,21.571,10.661,0.00,12.34,world
925.95,2026-08-30 22:21:24,17.63,-0.99,20.44,3.6,grandpas_village,20.49,fog,20.996,8.197,0.00,12.34,world
926.45,2026-08-30 22:21:24,17.63,-0.99,20.44,3.6,grandpas_village,20.51,fog,20.996,8.197,0.00,12.34,world
926.95,2026-08-30 22:21:25,17.63,-0.99,20.44,3.6,grandpas_village,20.53,fog,22.369,9.286,0.00,12.34,world
927.45,2026-08-30 22:21:25,17.63,-0.99,20.44,3.6,grandpas_village,20.55,fog,22.369,9.286,0.00,12.34,world
927.95,2026-08-30 22:21:26,17.63,-0.99,20.44,3.6,grandpas_village,20.57,fog,24.528,8.542,0.00,12.34,world
928.45,2026-08-30 22:21:26,17.63,-0.99,20.44,3.6,grandpas_village,20.59,fog,24.528,8.542,0.00,12.34,world
928.95,2026-08-30 22:21:27,17.63,-0.99,20.44,3.6,grandpas_village,20.61,fog,24.062,11.236,0.00,12.34,world
929.45,2026-08-30 22:21:27,17.63,-0.99,20.44,3.6,grandpas_village,20.63,fog,24.062,11.236,0.00,12.34,world
929.95,2026-08-30 22:21:28,17.63,-0.99,20.44,3.6,grandpas_village,20.65,fog,21.765,9.040,0.00,12.34,world
930.45,2026-08-30 22:21:28,17.63,-0.99,20.44,3.6,grandpas_village,20.67,fog,21.765,9.040,0.00,12.34,world
930.95,2026-08-30 22:21:29,17.63,-0.99,20.44,3.6,grandpas_village,20.69,fog,20.285,7.639,0.00,12.34,world
931.45,2026-08-30 22:21:29,17.63,-0.99,20.44,3.6,grandpas_village,20.71,fog,20.285,7.639,0.00,12.34,world
931.95,2026-08-30 22:21:30,17.63,-0.99,20.44,3.6,grandpas_village,20.73,fog,20.030,6.705,0.00,12.34,world
932.45,2026-08-30 22:21:30,17.63,-0.99,20.44,3.6,grandpas_village,20.75,fog,20.030,6.705,0.00,12.34,world
932.95,2026-08-30 22:21:31,17.63,-0.99,20.44,3.6,grandpas_village,20.77,fog,26.322,8.462,0.00,12.34,world
933.45,2026-08-30 22:21:31,17.63,-0.99,20.44,3.6,grandpas_village,20.79,fog,26.322,8.462,0.00,12.34,world
933.95,2026-08-30 22:21:32,17.63,-0.99,20.44,3.6,grandpas_village,20.81,fog,21.161,8.103,0.00,12.34,world
934.45,2026-08-30 22:21:32,17.63,-0.99,20.44,3.6,grandpas_village,20.83,fog,21.161,8.103,0.00,12.34,world
934.95,2026-08-30 22:21:33,17.63,-0.99,20.44,3.6,grandpas_village,20.85,fog,19.842,7.655,0.00,12.34,world
935.45,2026-08-30 22:21:33,17.63,-0.99,20.44,3.6,grandpas_village,20.87,fog,19.842,7.655,0.00,12.34,world
935.95,2026-08-30 22:21:34,17.63,-0.99,20.44,3.6,grandpas_village,20.89,fog,20.429,7.814,0.00,12.34,world
936.45,2026-08-30 22:21:34,17.63,-0.99,20.44,3.6,grandpas_village,20.91,fog,20.429,7.814,0.00,12.34,world
936.95,2026-08-30 22:21:35,17.63,-0.99,20.44,3.6,grandpas_village,20.93,fog,21.201,7.264,0.00,12.34,world
937.45,2026-08-30 22:21:35,17.63,-0.99,20.44,3.6,grandpas_village,20.95,fog,21.201,7.264,0.00,12.34,world
937.95,2026-08-30 22:21:36,17.63,-0.99,20.44,3.6,grandpas_village,20.97,fog,24.962,8.667,0.00,12.34,world
938.45,2026-08-30 22:21:36,17.63,-0.99,20.44,3.6,grandpas_village,20.99,fog,24.962,8.667,0.00,12.34,world
938.95,2026-08-30 22:21:37,17.63,-0.99,20.44,3.6,grandpas_village,21.01,fog,23.175,8.485,0.00,12.34,world
939.45,2026-08-30 22:21:37,17.63,-0.99,20.44,3.6,grandpas_village,21.03,fog,23.175,8.485,0.00,12.34,world
939.95,2026-08-30 22:21:38,17.63,-0.99,20.44,3.6,grandpas_village,21.05,fog,20.430,7.310,0.00,12.34,world
940.45,2026-08-30 22:21:38,17.63,-0.99,20.44,3.6,grandpas_village,21.07,fog,20.430,7.310,0.00,12.34,world
940.95,2026-08-30 22:21:39,17.63,-0.99,20.44,3.6,grandpas_village,21.09,fog,27.911,10.809,0.00,12.34,world
941.45,2026-08-30 22:21:39,17.63,-0.99,20.44,3.6,grandpas_village,21.11,fog,27.911,10.809,0.00,12.34,world
941.95,2026-08-30 22:21:40,17.63,-0.99,20.44,3.6,grandpas_village,21.13,fog,20.927,7.442,0.00,12.34,world
942.45,2026-08-30 22:21:40,17.63,-0.99,20.44,3.6,grandpas_village,21.15,fog,20.927,7.442,0.00,12.34,world
942.95,2026-08-30 22:21:41,17.63,-0.99,20.44,3.6,grandpas_village,21.17,fog,19.829,6.952,0.00,12.34,world
943.45,2026-08-30 22:21:41,17.63,-0.99,20.44,3.6,grandpas_village,21.19,fog,19.829,6.952,0.00,12.34,world
943.95,2026-08-30 22:21:42,17.63,-0.99,20.44,3.6,grandpas_village,21.21,fog,20.168,7.623,0.00,12.34,world
944.45,2026-08-30 22:21:42,17.63,-0.99,20.44,3.6,grandpas_village,21.23,fog,20.168,7.623,0.00,12.34,world
944.95,2026-08-30 22:21:43,17.63,-0.99,20.44,3.6,grandpas_village,21.25,fog,20.421,8.111,0.00,12.34,world
945.45,2026-08-30 22:21:43,17.63,-0.99,20.44,3.6,grandpas_village,21.27,fog,20.421,8.111,0.00,12.34,world
945.95,2026-08-30 22:21:44,17.63,-0.99,20.44,3.6,grandpas_village,21.29,fog,19.907,7.143,0.00,12.34,world
946.45,2026-08-30 22:21:44,17.63,-0.99,20.44,3.6,grandpas_village,21.31,fog,19.907,7.143,0.00,12.34,world
946.95,2026-08-30 22:21:45,17.63,-0.99,20.44,3.6,grandpas_village,21.33,fog,21.363,8.234,0.00,12.34,world
947.45,2026-08-30 22:21:45,17.63,-0.99,20.44,3.6,grandpas_village,21.35,fog,21.363,8.234,0.00,12.34,world
947.95,2026-08-30 22:21:46,17.63,-0.99,20.44,3.6,grandpas_village,21.37,fog,20.431,7.933,0.00,12.34,world
948.45,2026-08-30 22:21:46,17.63,-0.99,20.44,3.6,grandpas_village,21.39,fog,20.431,7.933,0.00,12.34,world
948.95,2026-08-30 22:21:47,17.63,-0.99,20.44,3.6,grandpas_village,21.41,fog,18.755,6.973,0.00,12.34,world
949.45,2026-08-30 22:21:47,17.63,-0.99,20.44,3.6,grandpas_village,21.43,fog,18.755,6.973,0.00,12.34,world
949.95,2026-08-30 22:21:48,17.63,-0.99,20.44,3.6,grandpas_village,21.45,fog,26.412,8.851,0.00,12.34,world
950.45,2026-08-30 22:21:48,17.63,-0.99,20.44,3.6,grandpas_village,21.47,fog,26.412,8.851,0.00,12.34,world
950.95,2026-08-30 22:21:49,17.63,-0.99,20.44,3.6,grandpas_village,21.49,fog,21.332,7.516,0.00,12.34,world
951.45,2026-08-30 22:21:49,17.63,-0.99,20.44,3.6,grandpas_village,21.51,fog,21.332,7.516,0.00,12.34,world
951.95,2026-08-30 22:21:50,17.63,-0.99,20.44,3.6,grandpas_village,21.53,fog,19.875,7.560,0.00,12.34,world
952.45,2026-08-30 22:21:50,17.63,-0.99,20.44,3.6,grandpas_village,21.55,fog,19.875,7.560,0.00,12.34,world
952.95,2026-08-30 22:21:51,17.63,-0.99,20.44,3.6,grandpas_village,21.57,fog,19.045,7.220,0.00,12.34,world
953.45,2026-08-30 22:21:51,17.63,-0.99,20.44,3.6,grandpas_village,21.59,fog,19.045,7.220,0.00,12.34,world
953.95,2026-08-30 22:21:52,17.63,-0.99,20.44,3.6,grandpas_village,21.61,fog,19.743,7.180,0.00,12.34,world
954.45,2026-08-30 22:21:52,17.63,-0.99,20.44,3.6,grandpas_village,21.63,fog,19.743,7.180,0.00,12.34,world
954.95,2026-08-30 22:21:53,17.63,-0.99,20.44,3.6,grandpas_village,21.65,fog,20.736,7.209,0.00,12.34,world
955.45,2026-08-30 22:21:53,17.63,-0.99,20.44,3.6,grandpas_village,21.67,fog,20.736,7.209,0.00,12.34,world
955.95,2026-08-30 22:21:54,17.63,-0.99,20.44,3.6,grandpas_village,21.69,fog,21.325,7.504,0.00,12.34,world
956.45,2026-08-30 22:21:54,17.63,-0.99,20.44,3.6,grandpas_village,21.71,fog,21.325,7.504,0.00,12.34,world
956.95,2026-08-30 22:21:55,17.63,-0.99,20.44,3.6,grandpas_village,21.73,fog,26.871,9.673,0.00,12.34,world
957.45,2026-08-30 22:21:55,17.63,-0.99,20.44,3.6,grandpas_village,21.75,fog,26.871,9.673,0.00,12.34,world
957.95,2026-08-30 22:21:56,17.63,-0.99,20.44,3.6,grandpas_village,21.77,fog,20.983,8.064,0.00,12.34,world
958.45,2026-08-30 22:21:56,17.63,-0.99,20.44,3.6,grandpas_village,21.79,fog,20.983,8.064,0.00,12.34,world
958.95,2026-08-30 22:21:57,17.63,-0.99,20.44,3.6,grandpas_village,21.81,clear,20.027,7.071,0.00,12.34,world
959.45,2026-08-30 22:21:57,17.63,-0.99,20.44,3.6,grandpas_village,21.83,clear,20.027,7.071,0.00,12.34,world
959.95,2026-08-30 22:21:58,17.63,-0.99,20.44,3.6,grandpas_village,21.85,clear,23.381,7.990,0.00,12.34,world
960.45,2026-08-30 22:21:58,17.63,-0.99,20.44,3.6,grandpas_village,21.87,clear,23.381,7.990,0.00,12.34,world
960.95,2026-08-30 22:21:59,17.63,-0.99,20.44,3.6,grandpas_village,21.89,clear,20.410,7.379,0.00,12.34,world
961.45,2026-08-30 22:21:59,17.63,-0.99,20.44,3.6,grandpas_village,21.91,clear,20.410,7.379,0.00,12.34,world
961.95,2026-08-30 22:22:00,17.63,-0.99,20.44,3.6,grandpas_village,21.93,clear,20.505,7.526,0.00,12.34,world
962.45,2026-08-30 22:22:00,17.63,-0.99,20.44,3.6,grandpas_village,21.95,clear,20.505,7.526,0.00,12.34,world
962.95,2026-08-30 22:22:01,17.63,-0.99,20.44,3.6,grandpas_village,21.97,clear,19.762,9.292,0.00,12.34,world
963.45,2026-08-30 22:22:01,17.63,-0.99,20.44,3.6,grandpas_village,21.99,clear,19.762,9.292,0.00,12.34,world
963.95,2026-08-30 22:22:02,17.63,-0.99,20.44,3.6,grandpas_village,22.01,clear,20.220,8.045,0.00,12.34,world
964.45,2026-08-30 22:22:02,17.63,-0.99,20.44,3.6,grandpas_village,22.03,clear,20.220,8.045,0.00,12.34,world
964.95,2026-08-30 22:22:03,17.63,-0.99,20.44,3.6,grandpas_village,22.05,clear,20.195,8.077,0.00,12.34,world
965.45,2026-08-30 22:22:03,17.63,-0.99,20.44,3.6,grandpas_village,22.07,clear,20.195,8.077,0.00,12.34,world
965.95,2026-08-30 22:22:04,17.63,-0.99,20.44,3.6,grandpas_village,22.09,clear,18.779,7.863,0.00,12.34,world
966.45,2026-08-30 22:22:04,17.63,-0.99,20.44,3.6,grandpas_village,22.11,clear,18.779,7.863,0.00,12.34,world
966.95,2026-08-30 22:22:05,17.63,-0.99,20.44,3.6,grandpas_village,22.13,clear,19.886,7.679,0.00,12.34,world
967.45,2026-08-30 22:22:05,17.63,-0.99,20.44,3.6,grandpas_village,22.15,clear,19.886,7.679,0.00,12.34,world
967.95,2026-08-30 22:22:06,17.63,-0.99,20.44,3.6,grandpas_village,22.17,clear,25.324,8.747,0.00,12.34,world
968.45,2026-08-30 22:22:06,17.63,-0.99,20.44,3.6,grandpas_village,22.19,clear,25.324,8.747,0.00,12.34,world
968.95,2026-08-30 22:22:07,17.63,-0.99,20.44,3.6,grandpas_village,22.21,clear,27.435,10.311,0.00,12.34,world
969.45,2026-08-30 22:22:07,17.63,-0.99,20.44,3.6,grandpas_village,22.23,clear,27.435,10.311,0.00,12.34,world
969.95,2026-08-30 22:22:08,17.63,-0.99,20.44,3.6,grandpas_village,22.25,clear,20.769,7.740,0.00,12.34,world
970.45,2026-08-30 22:22:08,17.63,-0.99,20.44,3.6,grandpas_village,22.27,clear,20.769,7.740,0.00,12.34,world
970.95,2026-08-30 22:22:09,17.63,-0.99,20.44,3.6,grandpas_village,22.29,clear,19.973,8.244,0.00,12.34,world
971.45,2026-08-30 22:22:09,17.63,-0.99,20.44,3.6,grandpas_village,22.31,clear,19.973,8.244,0.00,12.34,world
971.95,2026-08-30 22:22:10,17.63,-0.99,20.44,3.6,grandpas_village,22.33,clear,19.685,7.746,0.00,12.34,world
972.45,2026-08-30 22:22:10,17.63,-0.99,20.44,3.6,grandpas_village,22.35,clear,19.685,7.746,0.00,12.34,world
972.95,2026-08-30 22:22:11,17.63,-0.99,20.44,3.6,grandpas_village,22.37,clear,19.500,7.502,0.00,12.34,world
973.45,2026-08-30 22:22:11,17.63,-0.99,20.44,3.6,grandpas_village,22.39,clear,19.500,7.502,0.00,12.34,world
973.95,2026-08-30 22:22:12,17.63,-0.99,20.44,3.6,grandpas_village,22.41,clear,22.381,8.639,0.00,12.34,world
974.45,2026-08-30 22:22:12,17.63,-0.99,20.44,3.6,grandpas_village,22.43,clear,22.381,8.639,0.00,12.34,world
974.95,2026-08-30 22:22:13,17.63,-0.99,20.44,3.6,grandpas_village,22.45,clear,22.642,7.840,0.00,12.34,world
975.45,2026-08-30 22:22:13,17.63,-0.99,20.44,3.6,grandpas_village,22.47,clear,22.642,7.840,0.00,12.34,world
975.95,2026-08-30 22:22:14,17.63,-0.99,20.44,3.6,grandpas_village,22.49,clear,22.465,7.334,0.00,12.34,world
976.45,2026-08-30 22:22:14,17.63,-0.99,20.44,3.6,grandpas_village,22.51,clear,22.465,7.334,0.00,12.34,world
976.95,2026-08-30 22:22:15,17.63,-0.99,20.44,3.6,grandpas_village,22.53,clear,21.169,7.270,0.00,12.34,world
977.45,2026-08-30 22:22:15,17.63,-0.99,20.44,3.6,grandpas_village,22.55,clear,21.169,7.270,0.00,12.34,world
977.95,2026-08-30 22:22:16,17.63,-0.99,20.44,3.6,grandpas_village,22.57,clear,20.253,8.100,0.00,12.34,world
978.45,2026-08-30 22:22:16,17.63,-0.99,20.44,3.6,grandpas_village,22.59,clear,20.253,8.100,0.00,12.34,world
978.95,2026-08-30 22:22:17,17.63,-0.99,20.44,3.6,grandpas_village,22.61,clear,19.395,6.874,0.00,12.34,world
979.45,2026-08-30 22:22:17,17.63,-0.99,20.44,3.6,grandpas_village,22.63,clear,19.395,6.874,0.00,12.34,world
979.95,2026-08-30 22:22:18,17.63,-0.99,20.44,3.6,grandpas_village,22.65,clear,19.627,7.335,0.00,12.34,world
980.45,2026-08-30 22:22:18,17.63,-0.99,20.44,3.6,grandpas_village,22.67,clear,19.627,7.335,0.00,12.34,world
980.95,2026-08-30 22:22:19,17.63,-0.99,20.44,3.6,grandpas_village,22.69,clear,18.842,6.718,0.00,12.34,world
981.45,2026-08-30 22:22:19,17.63,-0.99,20.44,3.6,grandpas_village,22.71,clear,18.842,6.718,0.00,12.34,world
981.95,2026-08-30 22:22:20,17.63,-0.99,20.44,3.6,grandpas_village,22.73,clear,19.167,6.781,0.00,12.34,world
982.45,2026-08-30 22:22:20,17.63,-0.99,20.44,3.6,grandpas_village,22.75,clear,19.167,6.781,0.00,12.34,world
982.95,2026-08-30 22:22:21,17.63,-0.99,20.44,3.6,grandpas_village,22.77,clear,19.984,6.945,0.00,12.34,world
983.45,2026-08-30 22:22:21,17.63,-0.99,20.44,3.6,grandpas_village,22.79,clear,19.984,6.945,0.00,12.34,world
983.95,2026-08-30 22:22:22,17.63,-0.99,20.44,3.6,grandpas_village,22.81,clear,19.946,7.539,0.00,12.34,world
984.45,2026-08-30 22:22:22,17.63,-0.99,20.44,3.6,grandpas_village,22.83,clear,19.946,7.539,0.00,12.34,world
984.95,2026-08-30 22:22:23,17.63,-0.99,20.44,3.6,grandpas_village,22.85,clear,19.720,7.398,0.00,12.34,world
985.45,2026-08-30 22:22:23,17.63,-0.99,20.44,3.6,grandpas_village,22.87,clear,19.720,7.398,0.00,12.34,world
985.95,2026-08-30 22:22:24,17.63,-0.99,20.44,3.6,grandpas_village,22.89,clear,24.995,11.280,0.00,12.34,world
986.45,2026-08-30 22:22:24,17.63,-0.99,20.44,3.6,grandpas_village,22.91,clear,24.995,11.280,0.00,12.34,world
986.95,2026-08-30 22:22:25,17.63,-0.99,20.44,3.6,grandpas_village,22.93,clear,21.587,7.102,0.00,12.34,world
987.45,2026-08-30 22:22:25,17.63,-0.99,20.44,3.6,grandpas_village,22.95,clear,21.587,7.102,0.00,12.34,world
987.95,2026-08-30 22:22:26,17.63,-0.99,20.44,3.6,grandpas_village,22.97,clear,24.422,9.741,0.00,12.34,world
988.45,2026-08-30 22:22:26,17.63,-0.99,20.44,3.6,grandpas_village,22.99,clear,24.422,9.741,0.00,12.34,world
988.95,2026-08-30 22:22:27,17.63,-0.99,20.44,3.6,grandpas_village,23.01,clear,19.847,7.072,0.00,12.34,world
989.45,2026-08-30 22:22:27,17.63,-0.99,20.44,3.6,grandpas_village,23.03,clear,19.847,7.072,0.00,12.34,world
989.95,2026-08-30 22:22:28,17.63,-0.99,20.44,3.6,grandpas_village,23.05,clear,19.306,7.386,0.00,12.34,world
990.45,2026-08-30 22:22:28,17.63,-0.99,20.44,3.6,grandpas_village,23.07,clear,19.306,7.386,0.00,12.34,world
990.95,2026-08-30 22:22:29,17.63,-0.99,20.44,3.6,grandpas_village,23.09,clear,19.705,7.410,0.00,12.34,world
991.45,2026-08-30 22:22:29,17.63,-0.99,20.44,3.6,grandpas_village,23.11,clear,19.705,7.410,0.00,12.34,world
991.95,2026-08-30 22:22:30,17.63,-0.99,20.44,3.6,grandpas_village,23.13,clear,19.255,7.153,0.00,12.34,world
992.45,2026-08-30 22:22:30,17.63,-0.99,20.44,3.6,grandpas_village,23.15,clear,19.255,7.153,0.00,12.34,world
992.95,2026-08-30 22:22:31,17.63,-0.99,20.44,3.6,grandpas_village,23.17,clear,19.553,7.372,0.00,12.34,world
993.45,2026-08-30 22:22:31,17.63,-0.99,20.44,3.6,grandpas_village,23.19,clear,19.553,7.372,0.00,12.34,world
993.95,2026-08-30 22:22:32,17.63,-0.99,20.44,3.6,grandpas_village,23.21,clear,20.785,7.087,0.00,12.34,world
994.45,2026-08-30 22:22:32,17.63,-0.99,20.44,3.6,grandpas_village,23.23,clear,20.785,7.087,0.00,12.34,world
994.95,2026-08-30 22:22:33,17.63,-0.99,20.44,3.6,grandpas_village,23.25,clear,19.638,7.972,0.00,12.34,world
995.45,2026-08-30 22:22:33,17.63,-0.99,20.44,3.6,grandpas_village,23.27,clear,19.638,7.972,0.00,12.34,world
995.95,2026-08-30 22:22:34,17.63,-0.99,20.44,3.6,grandpas_village,23.29,clear,19.074,7.677,0.00,12.34,world
996.45,2026-08-30 22:22:34,17.63,-0.99,20.44,3.6,grandpas_village,23.31,clear,19.074,7.677,0.00,12.34,world
996.95,2026-08-30 22:22:35,17.63,-0.99,20.44,3.6,grandpas_village,23.33,clear,20.470,8.055,0.00,12.34,world
997.45,2026-08-30 22:22:35,17.63,-0.99,20.44,3.6,grandpas_village,23.35,clear,20.470,8.055,0.00,12.34,world
997.95,2026-08-30 22:22:36,17.63,-0.99,20.44,3.6,grandpas_village,23.37,clear,19.110,7.440,0.00,12.34,world
998.45,2026-08-30 22:22:36,17.63,-0.99,20.44,3.6,grandpas_village,23.39,clear,19.110,7.440,0.00,12.34,world
998.95,2026-08-30 22:22:37,17.63,-0.99,20.44,3.6,grandpas_village,23.41,clear,20.923,7.802,0.00,12.34,world
999.45,2026-08-30 22:22:37,17.63,-0.99,20.44,3.6,grandpas_village,23.43,clear,20.923,7.802,0.00,12.34,world
999.95,2026-08-30 22:22:38,17.63,-0.99,20.44,3.6,grandpas_village,23.45,clear,20.877,8.242,0.00,12.34,world
1000.45,2026-08-30 22:22:38,17.63,-0.99,20.44,3.6,grandpas_village,23.47,clear,20.877,8.242,0.00,12.34,world
1000.95,2026-08-30 22:22:39,17.63,-0.99,20.44,3.6,grandpas_village,23.49,clear,20.273,7.139,0.00,12.34,world
1001.45,2026-08-30 22:22:39,17.63,-0.99,20.44,3.6,grandpas_village,23.51,clear,20.273,7.139,0.00,12.34,world
1001.95,2026-08-30 22:22:40,17.63,-0.99,20.44,3.6,grandpas_village,23.53,clear,21.546,8.643,0.00,12.34,world
1002.45,2026-08-30 22:22:40,17.63,-0.99,20.44,3.6,grandpas_village,23.55,clear,21.546,8.643,0.00,12.34,world
1002.95,2026-08-30 22:22:41,17.63,-0.99,20.44,3.6,grandpas_village,23.57,clear,21.758,8.683,0.00,12.34,world
1003.45,2026-08-30 22:22:41,17.63,-0.99,20.44,3.6,grandpas_village,23.59,clear,21.758,8.683,0.00,12.34,world
1003.95,2026-08-30 22:22:42,17.63,-0.99,20.44,3.6,grandpas_village,23.61,clear,19.977,7.439,0.00,12.34,world
1004.45,2026-08-30 22:22:42,17.63,-0.99,20.44,3.6,grandpas_village,23.63,clear,19.977,7.439,0.00,12.34,world
1004.95,2026-08-30 22:22:43,17.63,-0.99,20.44,3.6,grandpas_village,23.65,clear,19.694,7.561,0.00,12.34,world
1005.45,2026-08-30 22:22:43,17.63,-0.99,20.44,3.6,grandpas_village,23.67,clear,19.694,7.561,0.00,12.34,world
1005.95,2026-08-30 22:22:44,17.63,-0.99,20.44,3.6,grandpas_village,23.69,clear,19.371,6.729,0.00,12.34,world
1006.45,2026-08-30 22:22:44,17.63,-0.99,20.44,3.6,grandpas_village,23.71,clear,19.371,6.729,0.00,12.34,world
1006.95,2026-08-30 22:22:45,17.63,-0.99,20.44,3.6,grandpas_village,23.73,clear,25.872,9.414,0.00,12.34,world
1007.45,2026-08-30 22:22:45,17.63,-0.99,20.44,3.6,grandpas_village,23.75,clear,25.872,9.414,0.00,12.34,world
1007.95,2026-08-30 22:22:46,17.63,-0.99,20.44,3.6,grandpas_village,23.77,clear,20.904,7.812,0.00,12.34,world
1008.45,2026-08-30 22:22:46,17.63,-0.99,20.44,3.6,grandpas_village,23.79,clear,20.904,7.812,0.00,12.34,world
1008.95,2026-08-30 22:22:47,17.63,-0.99,20.44,3.6,grandpas_village,23.81,clear,19.518,7.244,0.00,12.34,world
1009.45,2026-08-30 22:22:47,17.63,-0.99,20.44,3.6,grandpas_village,23.83,clear,19.518,7.244,0.00,12.34,world
1009.95,2026-08-30 22:22:48,17.63,-0.99,20.44,3.6,grandpas_village,23.85,clear,19.499,7.061,0.00,12.34,world
1010.45,2026-08-30 22:22:48,17.63,-0.99,20.44,3.6,grandpas_village,23.87,clear,19.499,7.061,0.00,12.34,world
1010.95,2026-08-30 22:22:49,17.63,-0.99,20.44,3.6,grandpas_village,23.89,clear,18.724,6.834,0.00,12.34,world
1011.45,2026-08-30 22:22:49,17.63,-0.99,20.44,3.6,grandpas_village,23.91,clear,18.724,6.834,0.00,12.34,world
1011.95,2026-08-30 22:22:50,17.63,-0.99,20.44,3.6,grandpas_village,23.93,clear,21.030,7.330,0.00,12.34,world
1012.45,2026-08-30 22:22:50,17.63,-0.99,20.44,3.6,grandpas_village,23.95,clear,21.030,7.330,0.00,12.34,world
1012.95,2026-08-30 22:22:51,17.63,-0.99,20.44,3.6,grandpas_village,23.97,clear,19.727,7.128,0.00,12.34,world
1013.45,2026-08-30 22:22:51,17.63,-0.99,20.44,3.6,grandpas_village,23.99,clear,19.727,7.128,0.00,12.34,world
1013.95,2026-08-30 22:22:52,17.63,-0.99,20.44,3.6,grandpas_village,0.01,clear,21.267,7.078,0.00,12.34,world
1014.45,2026-08-30 22:22:52,17.63,-0.99,20.44,3.6,grandpas_village,0.03,clear,21.267,7.078,0.00,12.34,world
1014.95,2026-08-30 22:22:53,17.63,-0.99,20.44,3.6,grandpas_village,0.05,clear,20.709,8.089,0.00,12.34,world
1015.45,2026-08-30 22:22:53,17.63,-0.99,20.44,3.6,grandpas_village,0.07,clear,20.709,8.089,0.00,12.34,world
1015.95,2026-08-30 22:22:54,17.63,-0.99,20.44,3.6,grandpas_village,0.09,clear,25.264,8.505,0.00,12.34,world
1016.45,2026-08-30 22:22:54,17.63,-0.99,20.44,3.6,grandpas_village,0.11,clear,25.264,8.505,0.00,12.34,world
1016.95,2026-08-30 22:22:55,17.63,-0.99,20.44,3.6,grandpas_village,0.13,clear,20.033,7.532,0.00,12.34,world
1017.45,2026-08-30 22:22:55,17.63,-0.99,20.44,3.6,grandpas_village,0.15,clear,20.033,7.532,0.00,12.34,world
1017.95,2026-08-30 22:22:56,17.63,-0.99,20.44,3.6,grandpas_village,0.17,clear,23.004,8.778,0.00,12.34,world
1018.45,2026-08-30 22:22:56,17.63,-0.99,20.44,3.6,grandpas_village,0.19,clear,23.004,8.778,0.00,12.34,world
1018.95,2026-08-30 22:22:57,17.63,-0.99,20.44,3.6,grandpas_village,0.21,clear,20.169,7.925,0.00,12.34,world
1019.45,2026-08-30 22:22:57,17.63,-0.99,20.44,3.6,grandpas_village,0.23,clear,20.169,7.925,0.00,12.34,world
1019.95,2026-08-30 22:22:58,17.63,-0.99,20.44,3.6,grandpas_village,0.25,clear,20.228,7.732,0.00,12.34,world
1020.45,2026-08-30 22:22:58,17.63,-0.99,20.44,3.6,grandpas_village,0.27,clear,20.228,7.732,0.00,12.34,world
1020.95,2026-08-30 22:22:59,17.63,-0.99,20.44,3.6,grandpas_village,0.29,clear,20.521,7.030,0.00,12.34,world
1021.45,2026-08-30 22:22:59,17.63,-0.99,20.44,3.6,grandpas_village,0.31,clear,20.521,7.030,0.00,12.34,world
1021.95,2026-08-30 22:23:00,17.63,-0.99,20.44,3.6,grandpas_village,0.33,clear,21.020,7.121,0.00,12.34,world
1022.45,2026-08-30 22:23:00,17.63,-0.99,20.44,3.6,grandpas_village,0.35,clear,21.020,7.121,0.00,12.34,world
1022.95,2026-08-30 22:23:01,17.63,-0.99,20.44,3.6,grandpas_village,0.37,clear,22.926,7.662,0.00,12.34,world
1023.45,2026-08-30 22:23:01,17.63,-0.99,20.44,3.6,grandpas_village,0.39,clear,22.926,7.662,0.00,12.34,world
1023.95,2026-08-30 22:23:02,17.63,-0.99,20.44,3.6,grandpas_village,0.41,clear,20.329,8.757,0.00,12.34,world
1024.45,2026-08-30 22:23:02,17.63,-0.99,20.44,3.6,grandpas_village,0.43,clear,20.329,8.757,0.00,12.34,world
1024.95,2026-08-30 22:23:03,17.63,-0.99,20.44,3.6,grandpas_village,0.45,clear,25.290,8.215,0.00,12.34,world
1025.45,2026-08-30 22:23:03,17.63,-0.99,20.44,3.6,grandpas_village,0.47,clear,25.290,8.215,0.00,12.34,world
1025.95,2026-08-30 22:23:04,17.63,-0.99,20.44,3.6,grandpas_village,0.49,clear,20.749,7.221,0.00,12.34,world
1026.45,2026-08-30 22:23:04,17.63,-0.99,20.44,3.6,grandpas_village,0.51,clear,20.749,7.221,0.00,12.34,world
1026.95,2026-08-30 22:23:05,17.63,-0.99,20.44,3.6,grandpas_village,0.53,clear,19.132,7.634,0.00,12.34,world
1027.45,2026-08-30 22:23:05,17.63,-0.99,20.44,3.6,grandpas_village,0.55,clear,19.132,7.634,0.00,12.34,world
1027.95,2026-08-30 22:23:06,17.63,-0.99,20.44,3.6,grandpas_village,0.57,clear,26.910,11.254,0.00,12.34,world
1028.45,2026-08-30 22:23:06,17.63,-0.99,20.44,3.6,grandpas_village,0.59,clear,26.910,11.254,0.00,12.34,world
1028.95,2026-08-30 22:23:07,17.63,-0.99,20.44,3.6,grandpas_village,0.61,clear,19.849,6.858,0.00,12.34,world
1029.45,2026-08-30 22:23:07,17.63,-0.99,20.44,3.6,grandpas_village,0.63,clear,19.849,6.858,0.00,12.34,world
1029.95,2026-08-30 22:23:08,17.63,-0.99,20.44,3.6,grandpas_village,0.65,clear,21.568,7.298,0.00,12.34,world
1030.45,2026-08-30 22:23:08,17.63,-0.99,20.44,3.6,grandpas_village,0.67,clear,21.568,7.298,0.00,12.34,world
1030.95,2026-08-30 22:23:09,17.63,-0.99,20.44,3.6,grandpas_village,0.69,clear,22.576,8.341,0.00,12.34,world
1031.45,2026-08-30 22:23:09,17.63,-0.99,20.44,3.6,grandpas_village,0.71,clear,22.576,8.341,0.00,12.34,world
1031.95,2026-08-30 22:23:10,17.63,-0.99,20.44,3.6,grandpas_village,0.73,clear,21.643,7.032,0.00,12.34,world
1032.45,2026-08-30 22:23:10,17.63,-0.99,20.44,3.6,grandpas_village,0.75,clear,21.643,7.032,0.00,12.34,world
1032.95,2026-08-30 22:23:11,17.63,-0.99,20.44,3.6,grandpas_village,0.77,clear,22.547,8.994,0.00,12.34,world
1033.45,2026-08-30 22:23:11,17.63,-0.99,20.44,3.6,grandpas_village,0.79,clear,22.547,8.994,0.00,12.34,world
1033.95,2026-08-30 22:23:12,17.63,-0.99,20.44,3.6,grandpas_village,0.81,clear,19.547,7.061,0.00,12.34,world
1034.45,2026-08-30 22:23:12,17.63,-0.99,20.44,3.6,grandpas_village,0.83,clear,19.547,7.061,0.00,12.34,world
1034.95,2026-08-30 22:23:13,17.63,-0.99,20.44,3.6,grandpas_village,0.85,clear,24.873,8.489,0.00,12.34,world
1035.45,2026-08-30 22:23:13,17.63,-0.99,20.44,3.6,grandpas_village,0.87,clear,24.873,8.489,0.00,12.34,world
1035.95,2026-08-30 22:23:14,17.63,-0.99,20.44,3.6,grandpas_village,0.89,clear,20.246,7.296,0.00,12.34,world
1036.45,2026-08-30 22:23:14,17.63,-0.99,20.44,3.6,grandpas_village,0.91,clear,20.246,7.296,0.00,12.34,world
1036.95,2026-08-30 22:23:15,17.63,-0.99,20.44,3.6,grandpas_village,0.93,clear,20.451,7.105,0.00,12.34,world
1037.45,2026-08-30 22:23:15,17.63,-0.99,20.44,3.6,grandpas_village,0.95,clear,20.451,7.105,0.00,12.34,world
1037.95,2026-08-30 22:23:16,17.63,-0.99,20.44,3.6,grandpas_village,0.97,clear,20.544,8.633,0.00,12.34,world
1038.45,2026-08-30 22:23:16,17.63,-0.99,20.44,3.6,grandpas_village,0.99,clear,20.544,8.633,0.00,12.34,world
1038.95,2026-08-30 22:23:17,17.63,-0.99,20.44,3.6,grandpas_village,1.01,clear,18.891,7.620,0.00,12.34,world
1039.45,2026-08-30 22:23:17,17.63,-0.99,20.44,3.6,grandpas_village,1.03,clear,18.891,7.620,0.00,12.34,world
1039.95,2026-08-30 22:23:18,17.63,-0.99,20.44,3.6,grandpas_village,1.05,clear,23.940,8.633,0.00,12.34,world
1040.45,2026-08-30 22:23:18,17.63,-0.99,20.44,3.6,grandpas_village,1.07,clear,23.940,8.633,0.00,12.34,world
1040.95,2026-08-30 22:23:19,17.63,-0.99,20.44,3.6,grandpas_village,1.09,clear,19.076,7.632,0.00,12.34,world
1041.45,2026-08-30 22:23:19,17.63,-0.99,20.44,3.6,grandpas_village,1.11,clear,19.076,7.632,0.00,12.34,world
1041.95,2026-08-30 22:23:20,17.63,-0.99,20.44,3.6,grandpas_village,1.13,clear,18.450,7.159,0.00,12.34,world
1042.45,2026-08-30 22:23:20,17.63,-0.99,20.44,3.6,grandpas_village,1.15,clear,18.450,7.159,0.00,12.34,world
1042.95,2026-08-30 22:23:21,17.63,-0.99,20.44,3.6,grandpas_village,1.17,clear,25.653,9.260,0.00,12.34,world
1043.45,2026-08-30 22:23:21,17.63,-0.99,20.44,3.6,grandpas_village,1.19,clear,25.653,9.260,0.00,12.34,world
1043.95,2026-08-30 22:23:22,17.63,-0.99,20.44,3.6,grandpas_village,1.21,clear,21.218,8.918,0.00,12.34,world
1044.45,2026-08-30 22:23:22,17.63,-0.99,20.44,3.6,grandpas_village,1.23,clear,21.218,8.918,0.00,12.34,world
1044.95,2026-08-30 22:23:23,17.63,-0.99,20.44,3.6,grandpas_village,1.25,clear,20.870,7.340,0.00,12.34,world
1045.45,2026-08-30 22:23:23,17.63,-0.99,20.44,3.6,grandpas_village,1.27,clear,20.870,7.340,0.00,12.34,world
1045.95,2026-08-30 22:23:24,17.63,-0.99,20.44,3.6,grandpas_village,1.29,clear,21.250,8.421,0.00,12.34,world
1046.45,2026-08-30 22:23:24,17.63,-0.99,20.44,3.6,grandpas_village,1.31,clear,21.250,8.421,0.00,12.34,world
1046.95,2026-08-30 22:23:25,17.63,-0.99,20.44,3.6,grandpas_village,1.33,clear,21.627,8.400,0.00,12.34,world
1047.45,2026-08-30 22:23:25,17.63,-0.99,20.44,3.6,grandpas_village,1.35,clear,21.627,8.400,0.00,12.34,world
1047.95,2026-08-30 22:23:26,17.63,-0.99,20.44,3.6,grandpas_village,1.37,clear,20.745,7.565,0.00,12.34,world
1048.68,2026-08-30 22:23:27,17.63,-0.99,20.44,3.6,grandpas_village,1.40,clear,19.700,7.418,0.00,12.34,world
1049.18,2026-08-30 22:23:27,17.86,-0.87,19.36,168.4,grandpas_village,1.42,clear,19.700,7.418,0.00,11.45,world
1049.68,2026-08-30 22:23:28,18.33,-0.57,17.07,168.4,grandpas_village,1.44,clear,26.204,8.803,0.00,9.67,world
1050.18,2026-08-30 22:23:28,18.53,-0.17,14.76,168.2,grandpas_village,1.46,clear,26.204,8.803,0.00,7.99,world
1050.68,2026-08-30 22:23:29,19.01,0.19,12.52,168.2,grandpas_village,1.48,clear,19.959,7.857,0.00,6.96,world
1051.18,2026-08-30 22:23:29,19.49,0.52,10.25,168.2,grandpas_village,1.50,clear,19.959,7.857,0.00,6.61,world
1051.68,2026-08-30 22:23:30,19.98,0.76,7.93,168.2,grandpas_village,1.52,clear,20.068,7.012,0.00,7.06,world
1052.18,2026-08-30 22:23:30,20.48,0.87,5.54,168.2,grandpas_village,1.54,clear,20.068,7.012,0.00,8.25,world
1052.68,2026-08-30 22:23:31,20.99,0.90,3.10,168.2,grandpas_village,1.56,clear,19.942,9.222,0.00,9.93,world
1053.18,2026-08-30 22:23:31,21.50,0.90,0.66,168.2,grandpas_village,1.58,clear,19.942,9.222,0.00,11.91,world
1053.68,2026-08-30 22:23:32,22.32,0.90,-1.49,168.7,grandpas_village,1.60,clear,19.388,7.648,0.00,10.07,world
1054.18,2026-08-30 22:23:32,22.81,0.90,-3.94,168.7,grandpas_village,1.62,clear,19.388,7.648,0.00,8.26,world
1054.68,2026-08-30 22:23:33,23.30,0.90,-6.39,168.7,grandpas_village,1.64,clear,21.401,8.068,0.00,6.89,world
1055.18,2026-08-30 22:23:33,23.79,0.90,-8.84,168.7,grandpas_village,1.66,clear,21.401,8.068,0.00,6.27,world
1055.68,2026-08-30 22:23:34,24.27,0.90,-11.29,168.7,grandpas_village,1.68,clear,20.025,8.024,0.00,6.36,world
1056.18,2026-08-30 22:23:34,24.76,0.90,-13.74,168.7,grandpas_village,1.70,clear,20.025,8.024,0.00,5.27,world
1056.68,2026-08-30 22:23:35,25.25,0.90,-16.20,168.7,grandpas_village,1.72,clear,21.486,9.178,0.00,5.26,world
1057.18,2026-08-30 22:23:35,25.67,0.90,-18.31,168.7,grandpas_village,1.74,clear,21.486,9.178,0.00,5.93,world
1057.68,2026-08-30 22:23:36,24.36,0.90,-18.97,-136.4,grandpas_village,1.76,clear,20.867,9.404,0.00,5.04,world
1058.18,2026-08-30 22:23:36,24.79,0.89,-21.27,164.5,grandpas_village,1.78,clear,20.867,9.404,0.00,2.84,world
1058.68,2026-08-30 22:23:37,25.48,0.74,-23.73,164.5,grandpas_village,1.80,clear,22.089,8.358,0.00,1.50,world
1059.18,2026-08-30 22:23:37,26.17,0.51,-26.20,164.5,grandpas_village,1.82,clear,22.089,8.358,0.00,3.09,world
1059.68,2026-08-30 22:23:38,26.46,0.40,-27.25,122.5,grandpas_village,1.84,clear,21.341,8.674,0.00,4.07,world
1060.18,2026-08-30 22:23:38,28.05,0.18,-26.81,74.5,grandpas_village,1.86,clear,21.341,8.674,0.00,4.93,world
1060.68,2026-08-30 22:23:39,30.43,-0.32,-26.34,137.5,grandpas_village,1.88,clear,21.754,10.487,0.00,6.84,world
1061.18,2026-08-30 22:23:39,30.45,-0.47,-28.78,-177.7,grandpas_village,1.90,clear,21.754,10.487,0.00,7.85,world
1061.68,2026-08-30 22:23:40,30.36,-0.47,-31.29,-177.6,grandpas_village,1.92,clear,23.469,9.238,0.00,5.57,world
1062.18,2026-08-30 22:23:40,30.27,-0.30,-33.72,-177.6,grandpas_village,1.94,clear,23.469,9.238,0.00,3.67,world
1062.72,2026-08-30 22:23:41,30.17,-0.08,-36.22,-177.4,grandpas_village,1.96,clear,20.832,7.918,0.00,2.77,world
1063.22,2026-08-30 22:23:41,30.17,-0.07,-36.31,-177.4,grandpas_village,1.98,clear,20.832,7.918,0.00,2.78,world
1063.72,2026-08-30 22:23:42,30.17,-0.07,-36.31,-177.4,grandpas_village,2.00,clear,22.471,10.582,0.00,2.78,world
1064.22,2026-08-30 22:23:42,30.17,-0.07,-36.31,-177.4,grandpas_village,2.02,clear,22.471,10.582,0.00,2.78,world
1064.72,2026-08-30 22:23:43,30.17,-0.07,-36.31,-177.4,grandpas_village,2.04,clear,20.227,8.976,0.00,2.78,world
1065.22,2026-08-30 22:23:43,30.17,-0.07,-36.31,-177.4,grandpas_village,2.06,clear,20.227,8.976,0.00,2.78,world
1065.72,2026-08-30 22:23:44,30.17,-0.07,-36.31,-177.4,grandpas_village,2.08,clear,19.620,8.406,0.00,2.78,world
1066.78,2026-08-30 22:23:45,30.17,-0.07,-36.31,-177.4,grandpas_village,2.12,clear,20.372,7.799,0.00,2.78,world
1067.58,2026-08-30 22:23:45,30.17,-0.07,-36.31,-177.4,grandpas_village,2.16,clear,20.179,8.990,0.00,2.78,world
1068.33,2026-08-30 22:23:46,30.17,-0.07,-36.31,-177.4,grandpas_village,2.19,clear,20.179,8.990,0.00,2.78,world
1069.12,2026-08-30 22:23:47,30.17,-0.07,-36.31,-177.4,grandpas_village,2.22,clear,18.767,8.924,0.00,2.78,world
1069.93,2026-08-30 22:23:48,30.17,-0.07,-36.31,-177.4,grandpas_village,2.25,clear,19.508,10.593,0.00,2.78,world
1070.68,2026-08-30 22:23:49,30.17,-0.07,-36.31,-177.4,grandpas_village,2.28,clear,19.634,9.501,0.00,2.78,world
1071.38,2026-08-30 22:23:49,30.17,-0.07,-36.31,-177.4,grandpas_village,2.31,clear,19.634,9.501,0.00,2.78,world
1072.20,2026-08-30 22:23:50,30.17,-0.07,-36.31,-177.4,grandpas_village,2.34,clear,19.146,9.244,0.00,2.78,world
1072.98,2026-08-30 22:23:51,30.17,-0.07,-36.31,-177.4,grandpas_village,2.37,clear,19.161,8.927,0.00,2.78,world
1073.78,2026-08-30 22:23:52,30.17,-0.07,-36.31,-177.4,grandpas_village,2.40,clear,19.257,9.586,0.00,2.78,world
1074.58,2026-08-30 22:23:52,30.17,-0.07,-36.31,-177.4,grandpas_village,2.44,clear,25.518,9.097,0.00,2.78,world
1075.40,2026-08-30 22:23:53,30.17,-0.07,-36.31,-177.4,grandpas_village,2.47,clear,25.518,9.097,0.00,2.78,world
1076.20,2026-08-30 22:23:54,30.17,-0.07,-36.31,-177.4,grandpas_village,2.50,clear,20.293,9.956,0.00,2.78,world
1077.00,2026-08-30 22:23:55,30.17,-0.07,-36.31,-177.4,grandpas_village,2.53,clear,19.981,8.701,0.00,2.78,world
1077.82,2026-08-30 22:23:56,30.17,-0.07,-36.31,-177.4,grandpas_village,2.57,clear,21.431,9.688,0.00,2.78,world
1078.63,2026-08-30 22:23:57,30.17,-0.07,-36.31,-177.4,grandpas_village,2.60,clear,20.564,8.976,0.00,2.78,world
1079.45,2026-08-30 22:23:57,30.17,-0.07,-36.31,-177.4,grandpas_village,2.63,clear,20.564,8.976,0.00,2.78,world
1080.22,2026-08-30 22:23:58,30.17,-0.07,-36.31,-177.4,grandpas_village,2.66,clear,19.454,9.261,0.00,2.78,world
1080.98,2026-08-30 22:23:59,30.17,-0.07,-36.31,-177.4,grandpas_village,2.69,clear,19.774,9.069,0.00,2.78,world
1081.75,2026-08-30 22:24:00,30.17,-0.07,-36.31,-177.4,grandpas_village,2.72,clear,18.550,8.627,0.00,2.78,world
1082.52,2026-08-30 22:24:00,30.17,-0.07,-36.31,-177.4,grandpas_village,2.75,clear,19.833,8.888,0.00,2.78,world
1083.32,2026-08-30 22:24:01,30.17,-0.07,-36.31,-177.4,grandpas_village,2.78,clear,19.833,8.888,0.00,2.78,world
1083.82,2026-08-30 22:24:02,30.17,-0.07,-36.31,-177.4,grandpas_village,2.81,clear,19.239,9.879,0.00,2.78,world
1084.32,2026-08-30 22:24:02,30.17,-0.07,-36.31,-177.4,grandpas_village,2.83,clear,19.239,9.879,0.00,2.78,world
1084.82,2026-08-30 22:24:03,30.17,-0.07,-36.31,-177.4,grandpas_village,2.84,clear,20.057,7.880,0.00,2.78,world
1085.32,2026-08-30 22:24:03,30.17,-0.07,-36.31,-177.4,grandpas_village,2.86,clear,20.057,7.880,0.00,2.78,world
1085.82,2026-08-30 22:24:04,30.17,-0.07,-36.31,-177.4,grandpas_village,2.89,clear,20.554,7.696,0.00,2.78,world
1086.32,2026-08-30 22:24:04,30.17,-0.07,-36.31,-177.4,grandpas_village,2.90,clear,20.554,7.696,0.00,2.78,world
1086.82,2026-08-30 22:24:05,30.17,-0.07,-36.31,-177.4,grandpas_village,2.93,clear,18.986,8.082,0.00,2.78,world
1087.32,2026-08-30 22:24:05,30.17,-0.07,-36.31,-177.4,grandpas_village,2.94,clear,18.986,8.082,0.00,2.78,world
1087.82,2026-08-30 22:24:06,30.17,-0.07,-36.31,-177.4,grandpas_village,2.96,clear,20.293,7.964,0.00,2.78,world
1088.32,2026-08-30 22:24:06,30.17,-0.07,-36.31,-177.4,grandpas_village,2.99,clear,20.293,7.964,0.00,2.78,world
1088.82,2026-08-30 22:24:07,30.17,-0.07,-36.31,-177.4,grandpas_village,3.00,clear,19.469,8.072,0.00,2.78,world
1089.32,2026-08-30 22:24:07,30.17,-0.07,-36.31,-177.4,grandpas_village,3.03,clear,19.469,8.072,0.00,2.78,world
1089.82,2026-08-30 22:24:08,30.17,-0.07,-36.31,-177.4,grandpas_village,3.05,clear,21.816,7.805,0.00,2.78,world
1090.32,2026-08-30 22:24:08,30.17,-0.07,-36.31,-177.4,grandpas_village,3.06,clear,21.816,7.805,0.00,2.78,world
1090.82,2026-08-30 22:24:09,30.17,-0.07,-36.31,-177.4,grandpas_village,3.09,clear,20.054,8.641,0.00,2.78,world
1091.32,2026-08-30 22:24:09,30.16,-0.07,-36.31,-166.9,grandpas_village,3.11,clear,20.054,8.641,0.00,2.78,world
1091.82,2026-08-30 22:24:10,28.09,0.28,-36.52,-95.8,grandpas_village,3.12,clear,20.079,8.360,0.00,3.33,world
1092.32,2026-08-30 22:24:10,25.76,0.57,-36.76,-95.8,grandpas_village,3.15,clear,20.079,8.360,0.00,1.74,world
1092.82,2026-08-30 22:24:11,23.39,0.79,-37.00,-95.8,grandpas_village,3.16,clear,40.470,10.545,0.00,2.46,world
1093.32,2026-08-30 22:24:11,20.99,0.98,-37.24,-95.8,grandpas_village,3.18,clear,40.470,10.545,0.00,3.39,world
1093.82,2026-08-30 22:24:12,18.57,1.13,-37.49,-95.8,grandpas_village,3.20,clear,23.091,8.306,0.00,4.89,world
1094.32,2026-08-30 22:24:12,16.12,1.21,-37.73,-95.8,grandpas_village,3.22,clear,23.091,8.306,0.00,6.96,world
1094.82,2026-08-30 22:24:13,13.65,1.24,-37.98,-95.9,grandpas_village,3.24,clear,21.928,7.798,0.00,8.62,world
1095.32,2026-08-30 22:24:13,11.18,1.30,-38.23,-95.9,grandpas_village,3.26,clear,21.928,7.798,0.00,6.69,world
1095.82,2026-08-30 22:24:14,8.72,1.37,-38.48,-95.9,grandpas_village,3.29,clear,21.329,8.253,0.00,5.24,world
1096.32,2026-08-30 22:24:14,6.25,1.42,-38.72,-95.9,grandpas_village,3.30,clear,21.329,8.253,0.00,4.73,world
1096.82,2026-08-30 22:24:15,3.77,1.44,-38.98,-96.0,grandpas_village,3.32,clear,24.321,8.550,0.00,5.46,world
1097.32,2026-08-30 22:24:15,1.27,1.43,-39.23,-96.0,grandpas_village,3.35,clear,24.321,8.550,0.00,7.05,world
1097.82,2026-08-30 22:24:16,-1.23,1.39,-39.49,-96.1,grandpas_village,3.36,clear,20.900,8.046,0.00,9.08,world
1098.32,2026-08-30 22:24:16,-3.75,1.29,-39.76,-96.1,grandpas_village,3.38,clear,20.900,8.046,0.00,11.32,world
1098.82,2026-08-30 22:24:17,-4.39,1.25,-39.83,-96.1,grandpas_village,3.41,clear,20.129,8.114,0.00,11.72,world
1099.32,2026-08-30 22:24:17,-4.39,1.25,-39.83,-96.1,grandpas_village,3.42,clear,20.129,8.114,0.00,11.72,world
1099.82,2026-08-30 22:24:18,-4.39,1.25,-39.83,-96.1,grandpas_village,3.44,clear,20.113,8.089,0.00,11.72,world
1100.32,2026-08-30 22:24:18,-4.39,1.25,-39.83,-96.1,grandpas_village,3.46,clear,20.113,8.089,0.00,11.72,world
1100.93,2026-08-30 22:24:19,-4.39,2.62,-39.83,-96.1,grandpas_village,3.49,clear,20.327,7.746,0.00,11.72,world
1101.43,2026-08-30 22:24:19,-4.39,1.25,-39.83,-96.1,grandpas_village,3.51,clear,20.327,7.746,0.00,11.72,world
1101.93,2026-08-30 22:24:20,-4.39,1.25,-39.83,-96.1,grandpas_village,3.53,clear,20.454,10.033,0.00,11.72,world
1102.43,2026-08-30 22:24:20,-4.39,1.25,-39.83,-96.1,grandpas_village,3.55,clear,20.454,10.033,0.00,11.72,world
1102.93,2026-08-30 22:24:21,-4.39,1.25,-39.83,-96.1,grandpas_village,3.57,clear,19.246,8.501,0.00,11.72,world
1103.43,2026-08-30 22:24:21,-4.39,1.25,-39.83,-96.1,grandpas_village,3.59,clear,19.246,8.501,0.00,11.72,world
1103.93,2026-08-30 22:24:22,-4.39,1.25,-39.83,-96.1,grandpas_village,3.61,clear,20.900,8.900,0.00,11.72,world
1104.43,2026-08-30 22:24:22,-4.39,1.25,-39.83,-96.1,grandpas_village,3.63,clear,20.900,8.900,0.00,11.72,world
1104.93,2026-08-30 22:24:23,-4.39,1.25,-39.83,-96.1,grandpas_village,3.65,clear,20.571,7.608,0.00,11.72,world
1105.43,2026-08-30 22:24:23,-4.39,1.25,-39.83,-96.1,grandpas_village,3.67,clear,20.571,7.608,0.00,11.72,world
1105.93,2026-08-30 22:24:24,-4.39,1.25,-39.83,-96.1,grandpas_village,3.69,clear,20.766,8.159,0.00,11.72,world
1106.43,2026-08-30 22:24:24,-4.39,1.25,-39.83,-96.1,grandpas_village,3.71,clear,20.766,8.159,0.00,11.72,world
1106.93,2026-08-30 22:24:25,-4.39,1.25,-39.83,-96.1,grandpas_village,3.73,clear,20.371,8.106,0.00,11.72,world
1107.43,2026-08-30 22:24:25,-4.39,1.25,-39.83,-96.1,grandpas_village,3.75,clear,20.371,8.106,0.00,11.72,world
1107.93,2026-08-30 22:24:26,-4.39,1.25,-39.83,-96.1,grandpas_village,3.77,clear,19.701,8.567,0.00,11.72,world
1108.43,2026-08-30 22:24:26,-4.39,1.25,-39.83,-96.1,grandpas_village,3.79,clear,19.701,8.567,0.00,11.72,world
1108.95,2026-08-30 22:24:27,-4.39,1.25,-39.83,-96.1,grandpas_village,3.81,clear,19.669,8.283,0.00,11.72,menu_backpack
1109.45,2026-08-30 22:24:27,-4.39,1.25,-39.83,-96.1,grandpas_village,3.81,clear,217.963,9.210,0.00,11.72,menu_backpack
1109.97,2026-08-30 22:24:28,-4.39,1.25,-39.83,-96.1,grandpas_village,3.81,clear,217.963,9.210,0.00,11.72,menu_backpack
1110.52,2026-08-30 22:24:29,-4.39,1.25,-39.83,-96.1,grandpas_village,3.82,clear,88.701,5.483,0.00,11.72,world
1111.07,2026-08-30 22:24:29,-4.39,1.25,-39.83,-96.1,grandpas_village,3.82,clear,88.701,5.483,0.00,11.72,menu_backpack
1111.77,2026-08-30 22:24:30,-4.39,1.25,-39.83,-96.1,grandpas_village,3.83,clear,125.282,9.870,0.00,11.72,menu_map
1112.52,2026-08-30 22:24:31,-4.39,1.25,-39.83,-96.1,grandpas_village,3.83,clear,168.350,9.483,0.00,11.72,menu_save
1113.02,2026-08-30 22:24:31,-4.39,1.25,-39.83,-96.1,grandpas_village,3.83,clear,168.350,9.483,0.00,11.72,menu_save
1113.52,2026-08-30 22:24:32,-4.39,1.25,-39.83,-96.1,grandpas_village,3.83,clear,25.031,5.386,0.00,11.72,menu_save
1114.02,2026-08-30 22:24:32,-4.39,1.25,-39.83,-96.1,grandpas_village,3.83,clear,25.031,5.386,0.00,11.72,menu_save
1114.52,2026-08-30 22:24:33,-4.39,1.25,-39.83,-96.1,grandpas_village,3.83,clear,25.288,3.311,0.00,11.72,menu_save
1115.02,2026-08-30 22:24:33,-4.39,1.25,-39.83,-96.1,grandpas_village,3.83,clear,25.288,3.311,0.00,11.72,menu_save
