Godot Engine v4.7.stable.official.5b4e0cb0f - https://godotengine.org

veridian offer cases: ["space-accept", "space-refuse", "capacity-refuse-at-prompt", "capacity-accept-then-let-newcomer-go", "capacity-accept-release-one", "save-while-choice-open"]
WARNING: instance_reset_physics_interpolation() is deprecated.
     at: _instance_reset_physics_interpolation_bind_compat_104269 (servers/rendering/rendering_server.compat.inc:62)
     GDScript backtrace (most recent call first):
         [0] _build_terrain (res://scripts/world/playground_world.gd:1172)
         [1] _ready (res://scripts/world/playground_world.gd:798)
         [2] _boot_world (res://tests/smoke_veridian_offer_choice.gd:558)
[playground] spawned at 0.0, 2.9, 0.0
[scatter bake] load phases (ms): read[256 regions, 387893 placements, 431212 skipped]=944 reorder[16 layers]=2081
[vegetation] grass field is on; 431212 placements across 2 layers left unbuilt (grass, flowers)
[vegetation] boot phases (ms): placements=3224 mark_harvestable=101 group_by_model=370 register_mesh_assets=27 build_batches_total=3324 (of which harvest_points[56283 nodes]=1941, initial_collision_stream[51210 solid]=108) update_mmis=253
[grass_field] grass ring: 62140 instances over 13 lattice layers (tuft_count asked for 75000), 24m cull tiles
[grass_field] stone ring: 6084 instances over 8 lattice layers (count 25000)
[grass_field] cover tier bushes   4876 instances over 4 lattice layers (count 6000)
[grass_field] cover tier flowers  9432 instances over 6 lattice layers (count 12000)
[grass_field] cover tier flowers_gold 5740 instances over 4 lattice layers (count 7000)
[grass_field] cover tier litter   6008 instances over 3 lattice layers (count 15000)
[grass_field] 4 cover tier(s) up
[grass_field] far cover: 1 sheet, 71200 tris, 46225 verts, 6m cell, 40-640m reach
[grass_field] bound: 62140 tufts, radius 72m, region_size 256, vertex_spacing 2.0, 1024 region slots
[grass_field] stone tier: rid_valid=true height_map=<null> region_map=-1 entries
[playground] scattered 386505 props in 36 batches (56283 harvestable, 0 already chopped, 266/51210 collision resident)
[water] pond quads 2538, stream points 46, reeds 152, marginals 32, bank flowers 72, rocks 40, driftwood 5, lilypads 49, jetty 18, level -17.0
[water] stream bank reeds 77, bank scrub 12
[water] river quads 390, bank reeds 134, bank scrub 57
[village] placed 29 structures
WARNING: prop 'Torch_Metal' has glow:"campfire" but no `Fire` surface to light
     at: push_warning (core/variant/variant_utility.cpp:1033)
     GDScript backtrace (most recent call first):
         [0] place (res://scripts/world/props.gd:286)
         [1] build (res://scripts/world/props.gd:65)
         [2] _build_settlement (res://scripts/world/playground_world.gd:1533)
         [3] _ready (res://scripts/world/playground_world.gd:855)
WARNING: prop 'Torch_Metal' has glow:"campfire" but no `Fire` surface to light
     at: push_warning (core/variant/variant_utility.cpp:1033)
     GDScript backtrace (most recent call first):
         [0] place (res://scripts/world/props.gd:286)
         [1] build (res://scripts/world/props.gd:65)
         [2] _build_settlement (res://scripts/world/playground_world.gd:1533)
         [3] _ready (res://scripts/world/playground_world.gd:855)
WARNING: prop 'Torch_Metal' has glow:"campfire" but no `Fire` surface to light
     at: push_warning (core/variant/variant_utility.cpp:1033)
     GDScript backtrace (most recent call first):
         [0] place (res://scripts/world/props.gd:286)
         [1] build (res://scripts/world/props.gd:65)
         [2] _build_settlement (res://scripts/world/playground_world.gd:1533)
         [3] _ready (res://scripts/world/playground_world.gd:855)
WARNING: prop 'Torch_Metal' has glow:"campfire" but no `Fire` surface to light
     at: push_warning (core/variant/variant_utility.cpp:1033)
     GDScript backtrace (most recent call first):
         [0] place (res://scripts/world/props.gd:286)
         [1] build (res://scripts/world/props.gd:65)
         [2] _build_settlement (res://scripts/world/playground_world.gd:1533)
         [3] _ready (res://scripts/world/playground_world.gd:855)
WARNING: prop 'Torch_Metal' has glow:"campfire" but no `Fire` surface to light
     at: push_warning (core/variant/variant_utility.cpp:1033)
     GDScript backtrace (most recent call first):
         [0] place (res://scripts/world/props.gd:286)
         [1] build (res://scripts/world/props.gd:65)
         [2] _build_settlement (res://scripts/world/playground_world.gd:1533)
         [3] _ready (res://scripts/world/playground_world.gd:855)
WARNING: prop 'Torch_Metal' has glow:"campfire" but no `Fire` surface to light
     at: push_warning (core/variant/variant_utility.cpp:1033)
     GDScript backtrace (most recent call first):
         [0] place (res://scripts/world/props.gd:286)
         [1] build (res://scripts/world/props.gd:65)
         [2] _build_settlement (res://scripts/world/playground_world.gd:1533)
         [3] _ready (res://scripts/world/playground_world.gd:855)
WARNING: prop 'Torch_Metal' has glow:"campfire" but no `Fire` surface to light
     at: push_warning (core/variant/variant_utility.cpp:1033)
     GDScript backtrace (most recent call first):
         [0] place (res://scripts/world/props.gd:286)
         [1] build (res://scripts/world/props.gd:65)
         [2] _build_settlement (res://scripts/world/playground_world.gd:1533)
         [3] _ready (res://scripts/world/playground_world.gd:855)
WARNING: prop 'Torch_Metal' has glow:"campfire" but no `Fire` surface to light
     at: push_warning (core/variant/variant_utility.cpp:1033)
     GDScript backtrace (most recent call first):
         [0] place (res://scripts/world/props.gd:286)
         [1] build (res://scripts/world/props.gd:65)
         [2] _build_settlement (res://scripts/world/playground_world.gd:1533)
         [3] _ready (res://scripts/world/playground_world.gd:855)
[props] placed 434 props in 54 clusters (6 usable rest points)
[village_npcs] placed 18 of 20
[relay_site] placed 3 of 3
[pond_npc] placed 1 of 1
[trainers] placed 21 trainer(s)
[south_bridge_dressing] placed 1 of 1
[quarry] 2 foundations, 4 pylons, 1 finish treatment standing
[relay] cleared 152 scattered pieces inside the 27m station radius
[relay] station at 350, 3760: 4 wall runs, 2 decks, 1 ramps, 10 pylons
[river] 18 course segments, 18 recovery volumes
[playground] severed spokes standing: river_gorge, storm_road, mountain_trail, stone_gate, high_pass, cliff_road, blighted_road
[playground] placed 198 harvest nodes
[playground] placed 6 farm plots
[playground] placed 147 band pickups (0 already taken, 34 nudged off scatter, 0 unclear, 0 without ground)
[warrens] cleared 821 scattered trees/rocks inside the 30m site radius and the chambers
[warrens] hero clearing: removed 803 more scattered pieces out to 55m (was 30m) so no background tree competes with the mound
[warrens] bank cap closes the dome over the throat (297 quads)
[warrens] planted 20 pieces of ground cover around the site
[warrens] earth bank 65x90m, crest 17.0m above the mouth (9.5x the 1.8m trainer); chamber clearance past the required 1.5m: mouth +4.8m, hall +3.8m, warren +4.1m, den +2.5m, vault +4.1m (worst 2.5m)
[warrens] 4 flora pieces beside the mouth
[warrens] 7 claw scrapes beside the mouth
[warrens] 5 crest trees standing on the bank
[warrens] scattered 78 rubble pieces across the face foot, spoil fans and threshold
[warrens] 220 pieces of growth on the bank
[warrens] 182 pieces of interior rock across 5 chambers
[warrens] 8 connected excavated terrain masses preserve the original collision route
[warrens] 12 root masses
[warrens] 8 fungus clusters, 3 species
[warrens] 40 litter pieces
[warrens] 4 haze cards
[warrens] guardian carries an alert bearing (neck -30, head -12, spine -7 deg)
[warrens] guardian idle faces the den's entrance passage (yaw -169.0 deg)
[approach-drain] 690 drained quads over the approach corridor
[stronghold] approach ramp: 11.3m of rise over 40m (16 degrees)
[stronghold] 407 structural members across 5 spaces
[stronghold] hall massing exterior lift: 1.30x height on 17/18 module(s)
[stronghold] massing grounded: 17 of 35 module foot shaft(s) to skirt y=-18.0
[stronghold] waist: 3 inter-chamber gap(s) wrapped on both flanks
[stronghold] tower pier in warden_arena: 2.6 x 3.1 m at local (-10.8, 78.7), enclosing LargeTower
[stronghold] tower pier in warden_arena: 2.6 x 3.1 m at local (10.8, 78.7), enclosing _MeshInstance3D_66232
[stronghold] tower pier in warden_arena: 2.6 x 3.1 m at local (-10.8, 101.7), enclosing _MeshInstance3D_66233
[stronghold] tower pier in warden_arena: 2.6 x 3.1 m at local (10.8, 101.7), enclosing _MeshInstance3D_66234
[stronghold] tower pier in legendary_chamber: 5.0 x 5.1 m at local (-43.5, 78.7), enclosing PointyTower
[stronghold] tower pier in legendary_chamber: 4.0 x 4.1 m at local (-20.0, 102.2), enclosing _MeshInstance3D_66235
[stronghold] tower pier in legendary_chamber: 4.0 x 4.1 m at local (-44.0, 102.2), enclosing _MeshInstance3D_66236
[stronghold] tower pier in legendary_chamber: 3.5 x 3.6 m at local (-19.7, 77.9), enclosing _MeshInstance3D_66237
[stronghold] 8 tower pier(s) enclosing massing that reached inside a roofed chamber
[stronghold] 87 interior dressing prop(s) in the roofed rooms
[trainers] placed 3 trainer(s) for group 'stronghold'
[stronghold] cleared 90 scattered prop(s) standing inside the five spaces
[stronghold] 21 exterior omni light(s) at the Hall (budget 22), 11 of them flickering fires
[stronghold] 5 spaces on the route (outer_works -> courtyard -> tether_approach -> warden_arena -> legendary_chamber), floor y=6.17, 3 gauntlet trainer(s), 15 approach pylon(s)
[trainers] placed 1 trainer(s) for group 'stronghold_climax'
[climax] the freed stand is 6.00 m from the machine's axis, inside its 8.05 m plinth on that bearing; moved out to 10.55 m
[climax] the legendary stands inside the machine: dais 4.06 m up, void 7.67 m tall, body 7.08 m, headroom 0.59 m
[meadow] the land lies drained: 15161 quads over 8 groups, grass field thinned
--- space-accept
[playground] spawned at 0.0, 2.9, 0.0
[scatter bake] load phases (ms): read[256 regions, 387893 placements, 431212 skipped]=675 reorder[16 layers]=2063
[vegetation] grass field is on; 431212 placements across 2 layers left unbuilt (grass, flowers)
[vegetation] boot phases (ms): placements=2956 mark_harvestable=106 group_by_model=375 register_mesh_assets=26 build_batches_total=3237 (of which harvest_points[56283 nodes]=1808, initial_collision_stream[51210 solid]=105) update_mmis=229
[grass_field] grass ring: 62140 instances over 13 lattice layers (tuft_count asked for 75000), 24m cull tiles
[grass_field] stone ring: 6084 instances over 8 lattice layers (count 25000)
[grass_field] cover tier bushes   4876 instances over 4 lattice layers (count 6000)
[grass_field] cover tier flowers  9432 instances over 6 lattice layers (count 12000)
[grass_field] cover tier flowers_gold 5740 instances over 4 lattice layers (count 7000)
[grass_field] cover tier litter   6008 instances over 3 lattice layers (count 15000)
[grass_field] 4 cover tier(s) up
[grass_field] far cover: 1 sheet, 71200 tris, 46225 verts, 6m cell, 40-640m reach
[grass_field] bound: 62140 tufts, radius 72m, region_size 256, vertex_spacing 2.0, 1024 region slots
[grass_field] stone tier: rid_valid=true height_map=<null> region_map=-1 entries
[playground] scattered 386505 props in 36 batches (56283 harvestable, 0 already chopped, 266/51210 collision resident)
[water] pond quads 2538, stream points 46, reeds 152, marginals 32, bank flowers 72, rocks 40, driftwood 5, lilypads 49, jetty 18, level -17.0
[water] stream bank reeds 77, bank scrub 12
[water] river quads 390, bank reeds 134, bank scrub 57
[village] placed 29 structures
WARNING: prop 'Torch_Metal' has glow:"campfire" but no `Fire` surface to light
     at: push_warning (core/variant/variant_utility.cpp:1033)
     GDScript backtrace (most recent call first):
         [0] place (res://scripts/world/props.gd:286)
         [1] build (res://scripts/world/props.gd:65)
         [2] _build_settlement (res://scripts/world/playground_world.gd:1533)
         [3] _ready (res://scripts/world/playground_world.gd:855)
WARNING: prop 'Torch_Metal' has glow:"campfire" but no `Fire` surface to light
     at: push_warning (core/variant/variant_utility.cpp:1033)
     GDScript backtrace (most recent call first):
         [0] place (res://scripts/world/props.gd:286)
         [1] build (res://scripts/world/props.gd:65)
         [2] _build_settlement (res://scripts/world/playground_world.gd:1533)
         [3] _ready (res://scripts/world/playground_world.gd:855)
WARNING: prop 'Torch_Metal' has glow:"campfire" but no `Fire` surface to light
     at: push_warning (core/variant/variant_utility.cpp:1033)
     GDScript backtrace (most recent call first):
         [0] place (res://scripts/world/props.gd:286)
         [1] build (res://scripts/world/props.gd:65)
         [2] _build_settlement (res://scripts/world/playground_world.gd:1533)
         [3] _ready (res://scripts/world/playground_world.gd:855)
WARNING: prop 'Torch_Metal' has glow:"campfire" but no `Fire` surface to light
     at: push_warning (core/variant/variant_utility.cpp:1033)
     GDScript backtrace (most recent call first):
         [0] place (res://scripts/world/props.gd:286)
         [1] build (res://scripts/world/props.gd:65)
         [2] _build_settlement (res://scripts/world/playground_world.gd:1533)
         [3] _ready (res://scripts/world/playground_world.gd:855)
WARNING: prop 'Torch_Metal' has glow:"campfire" but no `Fire` surface to light
     at: push_warning (core/variant/variant_utility.cpp:1033)
     GDScript backtrace (most recent call first):
         [0] place (res://scripts/world/props.gd:286)
         [1] build (res://scripts/world/props.gd:65)
         [2] _build_settlement (res://scripts/world/playground_world.gd:1533)
         [3] _ready (res://scripts/world/playground_world.gd:855)
WARNING: prop 'Torch_Metal' has glow:"campfire" but no `Fire` surface to light
     at: push_warning (core/variant/variant_utility.cpp:1033)
     GDScript backtrace (most recent call first):
         [0] place (res://scripts/world/props.gd:286)
         [1] build (res://scripts/world/props.gd:65)
         [2] _build_settlement (res://scripts/world/playground_world.gd:1533)
         [3] _ready (res://scripts/world/playground_world.gd:855)
WARNING: prop 'Torch_Metal' has glow:"campfire" but no `Fire` surface to light
     at: push_warning (core/variant/variant_utility.cpp:1033)
     GDScript backtrace (most recent call first):
         [0] place (res://scripts/world/props.gd:286)
         [1] build (res://scripts/world/props.gd:65)
         [2] _build_settlement (res://scripts/world/playground_world.gd:1533)
         [3] _ready (res://scripts/world/playground_world.gd:855)
WARNING: prop 'Torch_Metal' has glow:"campfire" but no `Fire` surface to light
     at: push_warning (core/variant/variant_utility.cpp:1033)
     GDScript backtrace (most recent call first):
         [0] place (res://scripts/world/props.gd:286)
         [1] build (res://scripts/world/props.gd:65)
         [2] _build_settlement (res://scripts/world/playground_world.gd:1533)
         [3] _ready (res://scripts/world/playground_world.gd:855)
[props] placed 434 props in 54 clusters (6 usable rest points)
[village_npcs] placed 18 of 20
[relay_site] placed 3 of 3
[pond_npc] placed 1 of 1
[trainers] placed 21 trainer(s)
[south_bridge_dressing] placed 1 of 1
[quarry] 2 foundations, 4 pylons, 1 finish treatment standing
[relay] cleared 152 scattered pieces inside the 27m station radius
[relay] station at 350, 3760: 4 wall runs, 2 decks, 1 ramps, 10 pylons
[river] 18 course segments, 18 recovery volumes
[playground] severed spokes standing: river_gorge, storm_road, mountain_trail, stone_gate, high_pass, cliff_road, blighted_road
[playground] placed 198 harvest nodes
[playground] placed 6 farm plots
[playground] placed 147 band pickups (0 already taken, 34 nudged off scatter, 0 unclear, 0 without ground)
[warrens] cleared 821 scattered trees/rocks inside the 30m site radius and the chambers
[warrens] hero clearing: removed 803 more scattered pieces out to 55m (was 30m) so no background tree competes with the mound
[warrens] bank cap closes the dome over the throat (297 quads)
[warrens] planted 20 pieces of ground cover around the site
[warrens] earth bank 65x90m, crest 17.0m above the mouth (9.5x the 1.8m trainer); chamber clearance past the required 1.5m: mouth +4.8m, hall +3.8m, warren +4.1m, den +2.5m, vault +4.1m (worst 2.5m)
[warrens] 4 flora pieces beside the mouth
[warrens] 7 claw scrapes beside the mouth
[warrens] 5 crest trees standing on the bank
[warrens] scattered 78 rubble pieces across the face foot, spoil fans and threshold
[warrens] 220 pieces of growth on the bank
[warrens] 182 pieces of interior rock across 5 chambers
[warrens] 8 connected excavated terrain masses preserve the original collision route
[warrens] 12 root masses
[warrens] 8 fungus clusters, 3 species
[warrens] 40 litter pieces
[warrens] 4 haze cards
[warrens] guardian carries an alert bearing (neck -30, head -12, spine -7 deg)
[warrens] guardian idle faces the den's entrance passage (yaw -169.0 deg)
[approach-drain] 690 drained quads over the approach corridor
[stronghold] approach ramp: 11.3m of rise over 40m (16 degrees)
[stronghold] 407 structural members across 5 spaces
[stronghold] hall massing exterior lift: 1.30x height on 17/18 module(s)
[stronghold] massing grounded: 17 of 35 module foot shaft(s) to skirt y=-18.0
[stronghold] waist: 3 inter-chamber gap(s) wrapped on both flanks
[stronghold] tower pier in warden_arena: 2.6 x 3.1 m at local (-10.8, 78.7), enclosing LargeTower
[stronghold] tower pier in warden_arena: 2.6 x 3.1 m at local (10.8, 78.7), enclosing _MeshInstance3D_133450
[stronghold] tower pier in warden_arena: 2.6 x 3.1 m at local (-10.8, 101.7), enclosing _MeshInstance3D_133451
[stronghold] tower pier in warden_arena: 2.6 x 3.1 m at local (10.8, 101.7), enclosing _MeshInstance3D_133452
[stronghold] tower pier in legendary_chamber: 5.0 x 5.1 m at local (-43.5, 78.7), enclosing PointyTower
[stronghold] tower pier in legendary_chamber: 4.0 x 4.1 m at local (-20.0, 102.2), enclosing _MeshInstance3D_133453
[stronghold] tower pier in legendary_chamber: 4.0 x 4.1 m at local (-44.0, 102.2), enclosing _MeshInstance3D_133454
[stronghold] tower pier in legendary_chamber: 3.5 x 3.6 m at local (-19.7, 77.9), enclosing _MeshInstance3D_133455
[stronghold] 8 tower pier(s) enclosing massing that reached inside a roofed chamber
[stronghold] 87 interior dressing prop(s) in the roofed rooms
[trainers] placed 3 trainer(s) for group 'stronghold'
[stronghold] cleared 90 scattered prop(s) standing inside the five spaces
[stronghold] 21 exterior omni light(s) at the Hall (budget 22), 11 of them flickering fires
[stronghold] 5 spaces on the route (outer_works -> courtyard -> tether_approach -> warden_arena -> legendary_chamber), floor y=6.17, 3 gauntlet trainer(s), 15 approach pylon(s)
[trainers] placed 1 trainer(s) for group 'stronghold_climax'
[climax] the freed stand is 6.00 m from the machine's axis, inside its 8.05 m plinth on that bearing; moved out to 10.55 m
[climax] the legendary stands inside the machine: dais 4.06 m up, void 7.67 m tall, body 7.08 m, headroom 0.59 m
[meadow] the land lies drained: 15161 quads over 8 groups, grass field thinned
[occupation] the garrison withdrew: 2 groups gone, 6 dark (37 lights out, 105 flames out, 32 surfaces unlit)
[meadow] the tether let go: 1388 plants back, 37304 regreen quads, 143 tether lights out, 29 pylons down (0 left standing, 168 cable pieces gone), 7 of the herd back, 2 barriers open, 0 beaten patrols withdrawn
[climax] the legendary stands 10.55 m from the machine's axis, 0.00 m up
[climax] choice prompts: accept 2.56 m, refuse 2.56 m from the player (reach 1.60 m)
(space-accept) read 'veridian_choice': Step to its shoulder to take it with you, or step back to leave it free. Both are final.
(space-accept) walked 2.40 m to the accept prompt; offered 'Walk out with the Veridian Stag (final)'
[climax] the legendary joined a belt with room on it
[climax] the legendary stands 10.55 m from the machine's axis, 0.00 m up
[climax] every participant has answered; the creature leaves the chamber
(space-accept) answered: party 5, veridian 1, receipt legendary_resolution:accepted:character-8fb764739268737c1482ac898ffe5696
ERROR: Parameter "material" is null.
   at: material_get_instance_shader_parameters (servers/rendering/dummy/storage/material_storage.cpp:264)
ERROR: Parameter "material" is null.
   at: material_get_instance_shader_parameters (servers/rendering/dummy/storage/material_storage.cpp:264)
[playground] spawned at -17.0, 3.5, 7652.3
[scatter bake] load phases (ms): read[256 regions, 387893 placements, 431212 skipped]=670 reorder[16 layers]=2072
[vegetation] grass field is on; 431212 placements across 2 layers left unbuilt (grass, flowers)
[vegetation] boot phases (ms): placements=2961 mark_harvestable=109 group_by_model=374 register_mesh_assets=25 build_batches_total=3247 (of which harvest_points[56283 nodes]=1787, initial_collision_stream[51210 solid]=107) update_mmis=236
[grass_field] grass ring: 62140 instances over 13 lattice layers (tuft_count asked for 75000), 24m cull tiles
[grass_field] stone ring: 6084 instances over 8 lattice layers (count 25000)
[grass_field] cover tier bushes   4876 instances over 4 lattice layers (count 6000)
[grass_field] cover tier flowers  9432 instances over 6 lattice layers (count 12000)
[grass_field] cover tier flowers_gold 5740 instances over 4 lattice layers (count 7000)
[grass_field] cover tier litter   6008 instances over 3 lattice layers (count 15000)
[grass_field] 4 cover tier(s) up
[grass_field] far cover: 1 sheet, 71200 tris, 46225 verts, 6m cell, 40-640m reach
[grass_field] bound: 62140 tufts, radius 72m, region_size 256, vertex_spacing 2.0, 1024 region slots
[grass_field] stone tier: rid_valid=true height_map=<null> region_map=-1 entries
[playground] scattered 386505 props in 36 batches (56283 harvestable, 0 already chopped, 141/51210 collision resident)
[water] pond quads 2538, stream points 46, reeds 152, marginals 32, bank flowers 72, rocks 40, driftwood 5, lilypads 49, jetty 18, level -17.0
[water] stream bank reeds 77, bank scrub 12
[water] river quads 390, bank reeds 134, bank scrub 57
[village] placed 29 structures
WARNING: prop 'Torch_Metal' has glow:"campfire" but no `Fire` surface to light
     at: push_warning (core/variant/variant_utility.cpp:1033)
     GDScript backtrace (most recent call first):
         [0] place (res://scripts/world/props.gd:286)
         [1] build (res://scripts/world/props.gd:65)
         [2] _build_settlement (res://scripts/world/playground_world.gd:1533)
         [3] _ready (res://scripts/world/playground_world.gd:855)
WARNING: prop 'Torch_Metal' has glow:"campfire" but no `Fire` surface to light
     at: push_warning (core/variant/variant_utility.cpp:1033)
     GDScript backtrace (most recent call first):
         [0] place (res://scripts/world/props.gd:286)
         [1] build (res://scripts/world/props.gd:65)
         [2] _build_settlement (res://scripts/world/playground_world.gd:1533)
         [3] _ready (res://scripts/world/playground_world.gd:855)
WARNING: prop 'Torch_Metal' has glow:"campfire" but no `Fire` surface to light
     at: push_warning (core/variant/variant_utility.cpp:1033)
     GDScript backtrace (most recent call first):
         [0] place (res://scripts/world/props.gd:286)
         [1] build (res://scripts/world/props.gd:65)
         [2] _build_settlement (res://scripts/world/playground_world.gd:1533)
         [3] _ready (res://scripts/world/playground_world.gd:855)
WARNING: prop 'Torch_Metal' has glow:"campfire" but no `Fire` surface to light
     at: push_warning (core/variant/variant_utility.cpp:1033)
     GDScript backtrace (most recent call first):
         [0] place (res://scripts/world/props.gd:286)
         [1] build (res://scripts/world/props.gd:65)
         [2] _build_settlement (res://scripts/world/playground_world.gd:1533)
         [3] _ready (res://scripts/world/playground_world.gd:855)
WARNING: prop 'Torch_Metal' has glow:"campfire" but no `Fire` surface to light
     at: push_warning (core/variant/variant_utility.cpp:1033)
     GDScript backtrace (most recent call first):
         [0] place (res://scripts/world/props.gd:286)
         [1] build (res://scripts/world/props.gd:65)
         [2] _build_settlement (res://scripts/world/playground_world.gd:1533)
         [3] _ready (res://scripts/world/playground_world.gd:855)
WARNING: prop 'Torch_Metal' has glow:"campfire" but no `Fire` surface to light
     at: push_warning (core/variant/variant_utility.cpp:1033)
     GDScript backtrace (most recent call first):
         [0] place (res://scripts/world/props.gd:286)
         [1] build (res://scripts/world/props.gd:65)
         [2] _build_settlement (res://scripts/world/playground_world.gd:1533)
         [3] _ready (res://scripts/world/playground_world.gd:855)
WARNING: prop 'Torch_Metal' has glow:"campfire" but no `Fire` surface to light
     at: push_warning (core/variant/variant_utility.cpp:1033)
     GDScript backtrace (most recent call first):
         [0] place (res://scripts/world/props.gd:286)
         [1] build (res://scripts/world/props.gd:65)
         [2] _build_settlement (res://scripts/world/playground_world.gd:1533)
         [3] _ready (res://scripts/world/playground_world.gd:855)
WARNING: prop 'Torch_Metal' has glow:"campfire" but no `Fire` surface to light
     at: push_warning (core/variant/variant_utility.cpp:1033)
     GDScript backtrace (most recent call first):
         [0] place (res://scripts/world/props.gd:286)
         [1] build (res://scripts/world/props.gd:65)
         [2] _build_settlement (res://scripts/world/playground_world.gd:1533)
         [3] _ready (res://scripts/world/playground_world.gd:855)
[props] placed 434 props in 54 clusters (6 usable rest points)
[village_npcs] placed 18 of 20
[relay_site] placed 3 of 3
[pond_npc] placed 1 of 1
[trainers] placed 21 trainer(s)
[south_bridge_dressing] placed 1 of 1
[quarry] 2 foundations, 4 pylons, 1 finish treatment standing
[relay] cleared 152 scattered pieces inside the 27m station radius
[relay] station at 350, 3760: 4 wall runs, 2 decks, 1 ramps, 10 pylons
[river] 18 course segments, 18 recovery volumes
[playground] severed spokes standing: river_gorge, storm_road, mountain_trail, stone_gate, high_pass, cliff_road, blighted_road
[playground] placed 198 harvest nodes
[playground] placed 6 farm plots
[playground] placed 147 band pickups (0 already taken, 34 nudged off scatter, 0 unclear, 0 without ground)
[warrens] cleared 821 scattered trees/rocks inside the 30m site radius and the chambers
[warrens] hero clearing: removed 803 more scattered pieces out to 55m (was 30m) so no background tree competes with the mound
[warrens] bank cap closes the dome over the throat (297 quads)
[warrens] planted 20 pieces of ground cover around the site
[warrens] earth bank 65x90m, crest 17.0m above the mouth (9.5x the 1.8m trainer); chamber clearance past the required 1.5m: mouth +4.8m, hall +3.8m, warren +4.1m, den +2.5m, vault +4.1m (worst 2.5m)
[warrens] 4 flora pieces beside the mouth
[warrens] 7 claw scrapes beside the mouth
[warrens] 5 crest trees standing on the bank
[warrens] scattered 78 rubble pieces across the face foot, spoil fans and threshold
[warrens] 220 pieces of growth on the bank
[warrens] 182 pieces of interior rock across 5 chambers
[warrens] 8 connected excavated terrain masses preserve the original collision route
[warrens] 12 root masses
[warrens] 8 fungus clusters, 3 species
[warrens] 40 litter pieces
[warrens] 4 haze cards
[warrens] guardian carries an alert bearing (neck -30, head -12, spine -7 deg)
[warrens] guardian idle faces the den's entrance passage (yaw -169.0 deg)
[approach-drain] 690 drained quads over the approach corridor
[stronghold] approach ramp: 11.3m of rise over 40m (16 degrees)
[stronghold] 407 structural members across 5 spaces
[stronghold] hall massing exterior lift: 1.30x height on 17/18 module(s)
[stronghold] massing grounded: 17 of 35 module foot shaft(s) to skirt y=-18.0
[stronghold] waist: 3 inter-chamber gap(s) wrapped on both flanks
[stronghold] tower pier in warden_arena: 2.6 x 3.1 m at local (-10.8, 78.7), enclosing LargeTower
[stronghold] tower pier in warden_arena: 2.6 x 3.1 m at local (10.8, 78.7), enclosing _MeshInstance3D_201025
[stronghold] tower pier in warden_arena: 2.6 x 3.1 m at local (-10.8, 101.7), enclosing _MeshInstance3D_201026
[stronghold] tower pier in warden_arena: 2.6 x 3.1 m at local (10.8, 101.7), enclosing _MeshInstance3D_201027
[stronghold] tower pier in legendary_chamber: 5.0 x 5.1 m at local (-43.5, 78.7), enclosing PointyTower
[stronghold] tower pier in legendary_chamber: 4.0 x 4.1 m at local (-20.0, 102.2), enclosing _MeshInstance3D_201028
[stronghold] tower pier in legendary_chamber: 4.0 x 4.1 m at local (-44.0, 102.2), enclosing _MeshInstance3D_201029
[stronghold] tower pier in legendary_chamber: 3.5 x 3.6 m at local (-19.7, 77.9), enclosing _MeshInstance3D_201030
[stronghold] 8 tower pier(s) enclosing massing that reached inside a roofed chamber
[stronghold] 87 interior dressing prop(s) in the roofed rooms
[trainers] placed 3 trainer(s) for group 'stronghold'
[stronghold] cleared 90 scattered prop(s) standing inside the five spaces
[stronghold] 21 exterior omni light(s) at the Hall (budget 22), 11 of them flickering fires
[stronghold] 5 spaces on the route (outer_works -> courtyard -> tether_approach -> warden_arena -> legendary_chamber), floor y=6.17, 3 gauntlet trainer(s), 15 approach pylon(s)
[trainers] placed 1 trainer(s) for group 'stronghold_climax'
[climax] the freed stand is 6.00 m from the machine's axis, inside its 8.05 m plinth on that bearing; moved out to 10.55 m
[climax] the legendary stands inside the machine: dais 4.06 m up, void 7.67 m tall, body 7.08 m, headroom 0.59 m
[meadow] the land lies drained: 15161 quads over 8 groups, grass field thinned
[climax] the freeing was already settled here; the caged creature is gone
[occupation] the garrison withdrew: 2 groups gone, 6 dark (37 lights out, 105 flames out, 32 surfaces unlit)
[meadow] the tether let go: 1388 plants back, 37304 regreen quads, 143 tether lights out, 29 pylons down (0 left standing, 168 cable pieces gone), 7 of the herd back, 0 barriers open, 0 beaten patrols withdrawn
(space-accept) reload: no re-offer, same party, receipts kept
ERROR: Parameter "material" is null.
   at: material_get_instance_shader_parameters (servers/rendering/dummy/storage/material_storage.cpp:264)
ERROR: Parameter "material" is null.
   at: material_get_instance_shader_parameters (servers/rendering/dummy/storage/material_storage.cpp:264)
[playground] spawned at -17.0, 3.5, 7652.3
[scatter bake] load phases (ms): read[256 regions, 387893 placements, 431212 skipped]=667 reorder[16 layers]=2058
[vegetation] grass field is on; 431212 placements across 2 layers left unbuilt (grass, flowers)
[vegetation] boot phases (ms): placements=2933 mark_harvestable=109 group_by_model=368 register_mesh_assets=25 build_batches_total=3263 (of which harvest_points[56283 nodes]=1803, initial_collision_stream[51210 solid]=104) update_mmis=243
[grass_field] grass ring: 62140 instances over 13 lattice layers (tuft_count asked for 75000), 24m cull tiles
[grass_field] stone ring: 6084 instances over 8 lattice layers (count 25000)
[grass_field] cover tier bushes   4876 instances over 4 lattice layers (count 6000)
[grass_field] cover tier flowers  9432 instances over 6 lattice layers (count 12000)
[grass_field] cover tier flowers_gold 5740 instances over 4 lattice layers (count 7000)
[grass_field] cover tier litter   6008 instances over 3 lattice layers (count 15000)
[grass_field] 4 cover tier(s) up
[grass_field] far cover: 1 sheet, 71200 tris, 46225 verts, 6m cell, 40-640m reach
[grass_field] bound: 62140 tufts, radius 72m, region_size 256, vertex_spacing 2.0, 1024 region slots
[grass_field] stone tier: rid_valid=true height_map=<null> region_map=-1 entries
[playground] scattered 386505 props in 36 batches (56283 harvestable, 0 already chopped, 141/51210 collision resident)
[water] pond quads 2538, stream points 46, reeds 152, marginals 32, bank flowers 72, rocks 40, driftwood 5, lilypads 49, jetty 18, level -17.0
[water] stream bank reeds 77, bank scrub 12
[water] river quads 390, bank reeds 134, bank scrub 57
[village] placed 29 structures
WARNING: prop 'Torch_Metal' has glow:"campfire" but no `Fire` surface to light
     at: push_warning (core/variant/variant_utility.cpp:1033)
     GDScript backtrace (most recent call first):
         [0] place (res://scripts/world/props.gd:286)
         [1] build (res://scripts/world/props.gd:65)
         [2] _build_settlement (res://scripts/world/playground_world.gd:1533)
         [3] _ready (res://scripts/world/playground_world.gd:855)
WARNING: prop 'Torch_Metal' has glow:"campfire" but no `Fire` surface to light
     at: push_warning (core/variant/variant_utility.cpp:1033)
     GDScript backtrace (most recent call first):
         [0] place (res://scripts/world/props.gd:286)
         [1] build (res://scripts/world/props.gd:65)
         [2] _build_settlement (res://scripts/world/playground_world.gd:1533)
         [3] _ready (res://scripts/world/playground_world.gd:855)
WARNING: prop 'Torch_Metal' has glow:"campfire" but no `Fire` surface to light
     at: push_warning (core/variant/variant_utility.cpp:1033)
     GDScript backtrace (most recent call first):
         [0] place (res://scripts/world/props.gd:286)
         [1] build (res://scripts/world/props.gd:65)
         [2] _build_settlement (res://scripts/world/playground_world.gd:1533)
         [3] _ready (res://scripts/world/playground_world.gd:855)
WARNING: prop 'Torch_Metal' has glow:"campfire" but no `Fire` surface to light
     at: push_warning (core/variant/variant_utility.cpp:1033)
     GDScript backtrace (most recent call first):
         [0] place (res://scripts/world/props.gd:286)
         [1] build (res://scripts/world/props.gd:65)
         [2] _build_settlement (res://scripts/world/playground_world.gd:1533)
         [3] _ready (res://scripts/world/playground_world.gd:855)
WARNING: prop 'Torch_Metal' has glow:"campfire" but no `Fire` surface to light
     at: push_warning (core/variant/variant_utility.cpp:1033)
     GDScript backtrace (most recent call first):
         [0] place (res://scripts/world/props.gd:286)
         [1] build (res://scripts/world/props.gd:65)
         [2] _build_settlement (res://scripts/world/playground_world.gd:1533)
         [3] _ready (res://scripts/world/playground_world.gd:855)
WARNING: prop 'Torch_Metal' has glow:"campfire" but no `Fire` surface to light
     at: push_warning (core/variant/variant_utility.cpp:1033)
     GDScript backtrace (most recent call first):
         [0] place (res://scripts/world/props.gd:286)
         [1] build (res://scripts/world/props.gd:65)
         [2] _build_settlement (res://scripts/world/playground_world.gd:1533)
         [3] _ready (res://scripts/world/playground_world.gd:855)
WARNING: prop 'Torch_Metal' has glow:"campfire" but no `Fire` surface to light
     at: push_warning (core/variant/variant_utility.cpp:1033)
     GDScript backtrace (most recent call first):
         [0] place (res://scripts/world/props.gd:286)
         [1] build (res://scripts/world/props.gd:65)
         [2] _build_settlement (res://scripts/world/playground_world.gd:1533)
         [3] _ready (res://scripts/world/playground_world.gd:855)
WARNING: prop 'Torch_Metal' has glow:"campfire" but no `Fire` surface to light
     at: push_warning (core/variant/variant_utility.cpp:1033)
     GDScript backtrace (most recent call first):
         [0] place (res://scripts/world/props.gd:286)
         [1] build (res://scripts/world/props.gd:65)
         [2] _build_settlement (res://scripts/world/playground_world.gd:1533)
         [3] _ready (res://scripts/world/playground_world.gd:855)
[props] placed 434 props in 54 clusters (6 usable rest points)
[village_npcs] placed 19 of 20
[relay_site] placed 3 of 3
[pond_npc] placed 1 of 1
[trainers] placed 21 trainer(s)
[south_bridge_dressing] placed 1 of 1
[quarry] 2 foundations, 4 pylons, 1 finish treatment standing
[relay] cleared 152 scattered pieces inside the 27m station radius
[relay] station at 350, 3760: 4 wall runs, 2 decks, 1 ramps, 10 pylons
[river] 18 course segments, 18 recovery volumes
[playground] severed spokes standing: river_gorge, storm_road, mountain_trail, stone_gate, high_pass, cliff_road, blighted_road
[playground] placed 198 harvest nodes
[playground] placed 6 farm plots
[playground] placed 147 band pickups (0 already taken, 34 nudged off scatter, 0 unclear, 0 without ground)
[warrens] cleared 821 scattered trees/rocks inside the 30m site radius and the chambers
[warrens] hero clearing: removed 803 more scattered pieces out to 55m (was 30m) so no background tree competes with the mound
[warrens] bank cap closes the dome over the throat (297 quads)
[warrens] planted 20 pieces of ground cover around the site
[warrens] earth bank 65x90m, crest 17.0m above the mouth (9.5x the 1.8m trainer); chamber clearance past the required 1.5m: mouth +4.8m, hall +3.8m, warren +4.1m, den +2.5m, vault +4.1m (worst 2.5m)
[warrens] 4 flora pieces beside the mouth
[warrens] 7 claw scrapes beside the mouth
[warrens] 5 crest trees standing on the bank
[warrens] scattered 78 rubble pieces across the face foot, spoil fans and threshold
[warrens] 220 pieces of growth on the bank
[warrens] 182 pieces of interior rock across 5 chambers
[warrens] 8 connected excavated terrain masses preserve the original collision route
[warrens] 12 root masses
[warrens] 8 fungus clusters, 3 species
[warrens] 40 litter pieces
[warrens] 4 haze cards
[warrens] guardian carries an alert bearing (neck -30, head -12, spine -7 deg)
[warrens] guardian idle faces the den's entrance passage (yaw -169.0 deg)
[approach-drain] 690 drained quads over the approach corridor
[stronghold] approach ramp: 11.3m of rise over 40m (16 degrees)
[stronghold] 407 structural members across 5 spaces
[stronghold] hall massing exterior lift: 1.30x height on 17/18 module(s)
[stronghold] massing grounded: 17 of 35 module foot shaft(s) to skirt y=-18.0
[stronghold] waist: 3 inter-chamber gap(s) wrapped on both flanks
[stronghold] tower pier in warden_arena: 2.6 x 3.1 m at local (-10.8, 78.7), enclosing LargeTower
[stronghold] tower pier in warden_arena: 2.6 x 3.1 m at local (10.8, 78.7), enclosing _MeshInstance3D_268872
[stronghold] tower pier in warden_arena: 2.6 x 3.1 m at local (-10.8, 101.7), enclosing _MeshInstance3D_268873
[stronghold] tower pier in warden_arena: 2.6 x 3.1 m at local (10.8, 101.7), enclosing _MeshInstance3D_268874
[stronghold] tower pier in legendary_chamber: 5.0 x 5.1 m at local (-43.5, 78.7), enclosing PointyTower
[stronghold] tower pier in legendary_chamber: 4.0 x 4.1 m at local (-20.0, 102.2), enclosing _MeshInstance3D_268875
[stronghold] tower pier in legendary_chamber: 4.0 x 4.1 m at local (-44.0, 102.2), enclosing _MeshInstance3D_268876
[stronghold] tower pier in legendary_chamber: 3.5 x 3.6 m at local (-19.7, 77.9), enclosing _MeshInstance3D_268877
[stronghold] 8 tower pier(s) enclosing massing that reached inside a roofed chamber
[stronghold] 87 interior dressing prop(s) in the roofed rooms
[trainers] placed 3 trainer(s) for group 'stronghold'
[stronghold] cleared 90 scattered prop(s) standing inside the five spaces
[stronghold] 21 exterior omni light(s) at the Hall (budget 22), 11 of them flickering fires
[stronghold] 5 spaces on the route (outer_works -> courtyard -> tether_approach -> warden_arena -> legendary_chamber), floor y=6.17, 3 gauntlet trainer(s), 15 approach pylon(s)
[trainers] placed 1 trainer(s) for group 'stronghold_climax'
[climax] the freed stand is 6.00 m from the machine's axis, inside its 8.05 m plinth on that bearing; moved out to 10.55 m
[climax] the legendary stands inside the machine: dais 4.06 m up, void 7.67 m tall, body 7.08 m, headroom 0.59 m
[climax] the legendary stands 10.55 m from the machine's axis, 0.00 m up
[occupation] the garrison withdrew: 2 groups gone, 6 dark (37 lights out, 105 flames out, 32 surfaces unlit)
[meadow] the tether let go: 1388 plants back, 37304 regreen quads, 139 tether lights out, 29 pylons down (0 left standing, 168 cable pieces gone), 7 of the herd back, 0 barriers open, 0 beaten patrols withdrawn
[climax] the legendary stands 10.55 m from the machine's axis, 0.00 m up
[climax] every participant has answered; the creature leaves the chamber
[climax] the tether machinery has failed; 'legendary_freed' is set for SG44
(space-accept) the personal receipt alone prevents a second offer
--- space-refuse
ERROR: Parameter "material" is null.
   at: material_get_instance_shader_parameters (servers/rendering/dummy/storage/material_storage.cpp:264)
ERROR: Parameter "material" is null.
   at: material_get_instance_shader_parameters (servers/rendering/dummy/storage/material_storage.cpp:264)
[playground] spawned at -17.0, 3.5, 7652.3
[scatter bake] load phases (ms): read[256 regions, 387893 placements, 431212 skipped]=666 reorder[16 layers]=2069
[vegetation] grass field is on; 431212 placements across 2 layers left unbuilt (grass, flowers)
[vegetation] boot phases (ms): placements=2950 mark_harvestable=109 group_by_model=367 register_mesh_assets=24 build_batches_total=3271 (of which harvest_points[56283 nodes]=1796, initial_collision_stream[51210 solid]=101) update_mmis=247
[grass_field] grass ring: 62140 instances over 13 lattice layers (tuft_count asked for 75000), 24m cull tiles
[grass_field] stone ring: 6084 instances over 8 lattice layers (count 25000)
[grass_field] cover tier bushes   4876 instances over 4 lattice layers (count 6000)
[grass_field] cover tier flowers  9432 instances over 6 lattice layers (count 12000)
[grass_field] cover tier flowers_gold 5740 instances over 4 lattice layers (count 7000)
[grass_field] cover tier litter   6008 instances over 3 lattice layers (count 15000)
[grass_field] 4 cover tier(s) up
[grass_field] far cover: 1 sheet, 71200 tris, 46225 verts, 6m cell, 40-640m reach
[grass_field] bound: 62140 tufts, radius 72m, region_size 256, vertex_spacing 2.0, 1024 region slots
[grass_field] stone tier: rid_valid=true height_map=<null> region_map=-1 entries
[playground] scattered 386505 props in 36 batches (56283 harvestable, 0 already chopped, 141/51210 collision resident)
[water] pond quads 2538, stream points 46, reeds 152, marginals 32, bank flowers 72, rocks 40, driftwood 5, lilypads 49, jetty 18, level -17.0
[water] stream bank reeds 77, bank scrub 12
[water] river quads 390, bank reeds 134, bank scrub 57
[village] placed 29 structures
WARNING: prop 'Torch_Metal' has glow:"campfire" but no `Fire` surface to light
     at: push_warning (core/variant/variant_utility.cpp:1033)
     GDScript backtrace (most recent call first):
         [0] place (res://scripts/world/props.gd:286)
         [1] build (res://scripts/world/props.gd:65)
         [2] _build_settlement (res://scripts/world/playground_world.gd:1533)
         [3] _ready (res://scripts/world/playground_world.gd:855)
WARNING: prop 'Torch_Metal' has glow:"campfire" but no `Fire` surface to light
     at: push_warning (core/variant/variant_utility.cpp:1033)
     GDScript backtrace (most recent call first):
         [0] place (res://scripts/world/props.gd:286)
         [1] build (res://scripts/world/props.gd:65)
         [2] _build_settlement (res://scripts/world/playground_world.gd:1533)
         [3] _ready (res://scripts/world/playground_world.gd:855)
WARNING: prop 'Torch_Metal' has glow:"campfire" but no `Fire` surface to light
     at: push_warning (core/variant/variant_utility.cpp:1033)
     GDScript backtrace (most recent call first):
         [0] place (res://scripts/world/props.gd:286)
         [1] build (res://scripts/world/props.gd:65)
         [2] _build_settlement (res://scripts/world/playground_world.gd:1533)
         [3] _ready (res://scripts/world/playground_world.gd:855)
WARNING: prop 'Torch_Metal' has glow:"campfire" but no `Fire` surface to light
     at: push_warning (core/variant/variant_utility.cpp:1033)
     GDScript backtrace (most recent call first):
         [0] place (res://scripts/world/props.gd:286)
         [1] build (res://scripts/world/props.gd:65)
         [2] _build_settlement (res://scripts/world/playground_world.gd:1533)
         [3] _ready (res://scripts/world/playground_world.gd:855)
WARNING: prop 'Torch_Metal' has glow:"campfire" but no `Fire` surface to light
     at: push_warning (core/variant/variant_utility.cpp:1033)
     GDScript backtrace (most recent call first):
         [0] place (res://scripts/world/props.gd:286)
         [1] build (res://scripts/world/props.gd:65)
         [2] _build_settlement (res://scripts/world/playground_world.gd:1533)
         [3] _ready (res://scripts/world/playground_world.gd:855)
WARNING: prop 'Torch_Metal' has glow:"campfire" but no `Fire` surface to light
     at: push_warning (core/variant/variant_utility.cpp:1033)
     GDScript backtrace (most recent call first):
         [0] place (res://scripts/world/props.gd:286)
         [1] build (res://scripts/world/props.gd:65)
         [2] _build_settlement (res://scripts/world/playground_world.gd:1533)
         [3] _ready (res://scripts/world/playground_world.gd:855)
WARNING: prop 'Torch_Metal' has glow:"campfire" but no `Fire` surface to light
     at: push_warning (core/variant/variant_utility.cpp:1033)
     GDScript backtrace (most recent call first):
         [0] place (res://scripts/world/props.gd:286)
         [1] build (res://scripts/world/props.gd:65)
         [2] _build_settlement (res://scripts/world/playground_world.gd:1533)
         [3] _ready (res://scripts/world/playground_world.gd:855)
WARNING: prop 'Torch_Metal' has glow:"campfire" but no `Fire` surface to light
     at: push_warning (core/variant/variant_utility.cpp:1033)
     GDScript backtrace (most recent call first):
         [0] place (res://scripts/world/props.gd:286)
         [1] build (res://scripts/world/props.gd:65)
         [2] _build_settlement (res://scripts/world/playground_world.gd:1533)
         [3] _ready (res://scripts/world/playground_world.gd:855)
[props] placed 434 props in 54 clusters (6 usable rest points)
[village_npcs] placed 18 of 20
[relay_site] placed 3 of 3
[pond_npc] placed 1 of 1
[trainers] placed 21 trainer(s)
[south_bridge_dressing] placed 1 of 1
[quarry] 2 foundations, 4 pylons, 1 finish treatment standing
[relay] cleared 152 scattered pieces inside the 27m station radius
[relay] station at 350, 3760: 4 wall runs, 2 decks, 1 ramps, 10 pylons
[river] 18 course segments, 18 recovery volumes
[playground] severed spokes standing: river_gorge, storm_road, mountain_trail, stone_gate, high_pass, cliff_road, blighted_road
[playground] placed 198 harvest nodes
[playground] placed 6 farm plots
[playground] placed 147 band pickups (0 already taken, 34 nudged off scatter, 0 unclear, 0 without ground)
[warrens] cleared 821 scattered trees/rocks inside the 30m site radius and the chambers
[warrens] hero clearing: removed 803 more scattered pieces out to 55m (was 30m) so no background tree competes with the mound
[warrens] bank cap closes the dome over the throat (297 quads)
[warrens] planted 20 pieces of ground cover around the site
[warrens] earth bank 65x90m, crest 17.0m above the mouth (9.5x the 1.8m trainer); chamber clearance past the required 1.5m: mouth +4.8m, hall +3.8m, warren +4.1m, den +2.5m, vault +4.1m (worst 2.5m)
[warrens] 4 flora pieces beside the mouth
[warrens] 7 claw scrapes beside the mouth
[warrens] 5 crest trees standing on the bank
[warrens] scattered 78 rubble pieces across the face foot, spoil fans and threshold
[warrens] 220 pieces of growth on the bank
[warrens] 182 pieces of interior rock across 5 chambers
[warrens] 8 connected excavated terrain masses preserve the original collision route
[warrens] 12 root masses
[warrens] 8 fungus clusters, 3 species
[warrens] 40 litter pieces
[warrens] 4 haze cards
[warrens] guardian carries an alert bearing (neck -30, head -12, spine -7 deg)
[warrens] guardian idle faces the den's entrance passage (yaw -169.0 deg)
[approach-drain] 690 drained quads over the approach corridor
[stronghold] approach ramp: 11.3m of rise over 40m (16 degrees)
[stronghold] 407 structural members across 5 spaces
[stronghold] hall massing exterior lift: 1.30x height on 17/18 module(s)
[stronghold] massing grounded: 17 of 35 module foot shaft(s) to skirt y=-18.0
[stronghold] waist: 3 inter-chamber gap(s) wrapped on both flanks
[stronghold] tower pier in warden_arena: 2.6 x 3.1 m at local (-10.8, 78.7), enclosing LargeTower
[stronghold] tower pier in warden_arena: 2.6 x 3.1 m at local (10.8, 78.7), enclosing _MeshInstance3D_336289
[stronghold] tower pier in warden_arena: 2.6 x 3.1 m at local (-10.8, 101.7), enclosing _MeshInstance3D_336290
[stronghold] tower pier in warden_arena: 2.6 x 3.1 m at local (10.8, 101.7), enclosing _MeshInstance3D_336291
[stronghold] tower pier in legendary_chamber: 5.0 x 5.1 m at local (-43.5, 78.7), enclosing PointyTower
[stronghold] tower pier in legendary_chamber: 4.0 x 4.1 m at local (-20.0, 102.2), enclosing _MeshInstance3D_336292
[stronghold] tower pier in legendary_chamber: 4.0 x 4.1 m at local (-44.0, 102.2), enclosing _MeshInstance3D_336293
[stronghold] tower pier in legendary_chamber: 3.5 x 3.6 m at local (-19.7, 77.9), enclosing _MeshInstance3D_336294
[stronghold] 8 tower pier(s) enclosing massing that reached inside a roofed chamber
[stronghold] 87 interior dressing prop(s) in the roofed rooms
[trainers] placed 3 trainer(s) for group 'stronghold'
[stronghold] cleared 90 scattered prop(s) standing inside the five spaces
[stronghold] 21 exterior omni light(s) at the Hall (budget 22), 11 of them flickering fires
[stronghold] 5 spaces on the route (outer_works -> courtyard -> tether_approach -> warden_arena -> legendary_chamber), floor y=6.17, 3 gauntlet trainer(s), 15 approach pylon(s)
[trainers] placed 1 trainer(s) for group 'stronghold_climax'
[climax] the freed stand is 6.00 m from the machine's axis, inside its 8.05 m plinth on that bearing; moved out to 10.55 m
[climax] the legendary stands inside the machine: dais 4.06 m up, void 7.67 m tall, body 7.08 m, headroom 0.59 m
[meadow] the land lies drained: 15161 quads over 8 groups, grass field thinned
[occupation] the garrison withdrew: 2 groups gone, 6 dark (37 lights out, 105 flames out, 32 surfaces unlit)
[meadow] the tether let go: 1388 plants back, 37304 regreen quads, 143 tether lights out, 29 pylons down (0 left standing, 168 cable pieces gone), 7 of the herd back, 2 barriers open, 0 beaten patrols withdrawn
[climax] the legendary stands 10.55 m from the machine's axis, 0.00 m up
[climax] choice prompts: accept 2.56 m, refuse 2.56 m from the player (reach 1.60 m)
(space-refuse) read 'veridian_choice': Step to its shoulder to take it with you, or step back to leave it free. Both are final.
(space-refuse) walked 2.40 m to the refuse prompt; offered 'Leave the Veridian Stag free (final)'
[climax] this character refused the legendary; it stays free
[meadow] every participant refused: the freed stag stands with the Highfield herd at (398.0, -6.098061, 5869.0)
(space-refuse) herd display stands at (398.0, -6.098061, 5869.0) after the answer
(space-refuse) answered: party 4, veridian 0, receipt legendary_resolution:refused:character-8fb764739268737c1482ac898ffe5696
ERROR: Parameter "material" is null.
   at: material_get_instance_shader_parameters (servers/rendering/dummy/storage/material_storage.cpp:264)
ERROR: Parameter "material" is null.
   at: material_get_instance_shader_parameters (servers/rendering/dummy/storage/material_storage.cpp:264)
[playground] spawned at -17.0, 3.9, 7648.1
[scatter bake] load phases (ms): read[256 regions, 387893 placements, 431212 skipped]=674 reorder[16 layers]=2055
[vegetation] grass field is on; 431212 placements across 2 layers left unbuilt (grass, flowers)
[vegetation] boot phases (ms): placements=2947 mark_harvestable=107 group_by_model=367 register_mesh_assets=25 build_batches_total=3295 (of which harvest_points[56283 nodes]=1792, initial_collision_stream[51210 solid]=106) update_mmis=250
[grass_field] grass ring: 62140 instances over 13 lattice layers (tuft_count asked for 75000), 24m cull tiles
[grass_field] stone ring: 6084 instances over 8 lattice layers (count 25000)
[grass_field] cover tier bushes   4876 instances over 4 lattice layers (count 6000)
[grass_field] cover tier flowers  9432 instances over 6 lattice layers (count 12000)
[grass_field] cover tier flowers_gold 5740 instances over 4 lattice layers (count 7000)
[grass_field] cover tier litter   6008 instances over 3 lattice layers (count 15000)
[grass_field] 4 cover tier(s) up
[grass_field] far cover: 1 sheet, 71200 tris, 46225 verts, 6m cell, 40-640m reach
[grass_field] bound: 62140 tufts, radius 72m, region_size 256, vertex_spacing 2.0, 1024 region slots
[grass_field] stone tier: rid_valid=true height_map=<null> region_map=-1 entries
[playground] scattered 386505 props in 36 batches (56283 harvestable, 0 already chopped, 147/51210 collision resident)
[water] pond quads 2538, stream points 46, reeds 152, marginals 32, bank flowers 72, rocks 40, driftwood 5, lilypads 49, jetty 18, level -17.0
[water] stream bank reeds 77, bank scrub 12
[water] river quads 390, bank reeds 134, bank scrub 57
[village] placed 29 structures
WARNING: prop 'Torch_Metal' has glow:"campfire" but no `Fire` surface to light
     at: push_warning (core/variant/variant_utility.cpp:1033)
     GDScript backtrace (most recent call first):
         [0] place (res://scripts/world/props.gd:286)
         [1] build (res://scripts/world/props.gd:65)
         [2] _build_settlement (res://scripts/world/playground_world.gd:1533)
         [3] _ready (res://scripts/world/playground_world.gd:855)
WARNING: prop 'Torch_Metal' has glow:"campfire" but no `Fire` surface to light
     at: push_warning (core/variant/variant_utility.cpp:1033)
     GDScript backtrace (most recent call first):
         [0] place (res://scripts/world/props.gd:286)
         [1] build (res://scripts/world/props.gd:65)
         [2] _build_settlement (res://scripts/world/playground_world.gd:1533)
         [3] _ready (res://scripts/world/playground_world.gd:855)
WARNING: prop 'Torch_Metal' has glow:"campfire" but no `Fire` surface to light
     at: push_warning (core/variant/variant_utility.cpp:1033)
     GDScript backtrace (most recent call first):
         [0] place (res://scripts/world/props.gd:286)
         [1] build (res://scripts/world/props.gd:65)
         [2] _build_settlement (res://scripts/world/playground_world.gd:1533)
         [3] _ready (res://scripts/world/playground_world.gd:855)
WARNING: prop 'Torch_Metal' has glow:"campfire" but no `Fire` surface to light
     at: push_warning (core/variant/variant_utility.cpp:1033)
     GDScript backtrace (most recent call first):
         [0] place (res://scripts/world/props.gd:286)
         [1] build (res://scripts/world/props.gd:65)
         [2] _build_settlement (res://scripts/world/playground_world.gd:1533)
         [3] _ready (res://scripts/world/playground_world.gd:855)
WARNING: prop 'Torch_Metal' has glow:"campfire" but no `Fire` surface to light
     at: push_warning (core/variant/variant_utility.cpp:1033)
     GDScript backtrace (most recent call first):
         [0] place (res://scripts/world/props.gd:286)
         [1] build (res://scripts/world/props.gd:65)
         [2] _build_settlement (res://scripts/world/playground_world.gd:1533)
         [3] _ready (res://scripts/world/playground_world.gd:855)
WARNING: prop 'Torch_Metal' has glow:"campfire" but no `Fire` surface to light
     at: push_warning (core/variant/variant_utility.cpp:1033)
     GDScript backtrace (most recent call first):
         [0] place (res://scripts/world/props.gd:286)
         [1] build (res://scripts/world/props.gd:65)
         [2] _build_settlement (res://scripts/world/playground_world.gd:1533)
         [3] _ready (res://scripts/world/playground_world.gd:855)
WARNING: prop 'Torch_Metal' has glow:"campfire" but no `Fire` surface to light
     at: push_warning (core/variant/variant_utility.cpp:1033)
     GDScript backtrace (most recent call first):
         [0] place (res://scripts/world/props.gd:286)
         [1] build (res://scripts/world/props.gd:65)
         [2] _build_settlement (res://scripts/world/playground_world.gd:1533)
         [3] _ready (res://scripts/world/playground_world.gd:855)
WARNING: prop 'Torch_Metal' has glow:"campfire" but no `Fire` surface to light
     at: push_warning (core/variant/variant_utility.cpp:1033)
     GDScript backtrace (most recent call first):
         [0] place (res://scripts/world/props.gd:286)
         [1] build (res://scripts/world/props.gd:65)
         [2] _build_settlement (res://scripts/world/playground_world.gd:1533)
         [3] _ready (res://scripts/world/playground_world.gd:855)
[props] placed 434 props in 54 clusters (6 usable rest points)
[village_npcs] placed 18 of 20
[relay_site] placed 3 of 3
[pond_npc] placed 1 of 1
[trainers] placed 21 trainer(s)
[south_bridge_dressing] placed 1 of 1
[quarry] 2 foundations, 4 pylons, 1 finish treatment standing
[relay] cleared 152 scattered pieces inside the 27m station radius
[relay] station at 350, 3760: 4 wall runs, 2 decks, 1 ramps, 10 pylons
[river] 18 course segments, 18 recovery volumes
[playground] severed spokes standing: river_gorge, storm_road, mountain_trail, stone_gate, high_pass, cliff_road, blighted_road
[playground] placed 198 harvest nodes
[playground] placed 6 farm plots
[playground] placed 147 band pickups (0 already taken, 34 nudged off scatter, 0 unclear, 0 without ground)
[warrens] cleared 821 scattered trees/rocks inside the 30m site radius and the chambers
[warrens] hero clearing: removed 803 more scattered pieces out to 55m (was 30m) so no background tree competes with the mound
[warrens] bank cap closes the dome over the throat (297 quads)
[warrens] planted 20 pieces of ground cover around the site
[warrens] earth bank 65x90m, crest 17.0m above the mouth (9.5x the 1.8m trainer); chamber clearance past the required 1.5m: mouth +4.8m, hall +3.8m, warren +4.1m, den +2.5m, vault +4.1m (worst 2.5m)
[warrens] 4 flora pieces beside the mouth
[warrens] 7 claw scrapes beside the mouth
[warrens] 5 crest trees standing on the bank
[warrens] scattered 78 rubble pieces across the face foot, spoil fans and threshold
[warrens] 220 pieces of growth on the bank
[warrens] 182 pieces of interior rock across 5 chambers
[warrens] 8 connected excavated terrain masses preserve the original collision route
[warrens] 12 root masses
[warrens] 8 fungus clusters, 3 species
[warrens] 40 litter pieces
[warrens] 4 haze cards
[warrens] guardian carries an alert bearing (neck -30, head -12, spine -7 deg)
[warrens] guardian idle faces the den's entrance passage (yaw -169.0 deg)
[approach-drain] 690 drained quads over the approach corridor
[stronghold] approach ramp: 11.3m of rise over 40m (16 degrees)
[stronghold] 407 structural members across 5 spaces
[stronghold] hall massing exterior lift: 1.30x height on 17/18 module(s)
[stronghold] massing grounded: 17 of 35 module foot shaft(s) to skirt y=-18.0
[stronghold] waist: 3 inter-chamber gap(s) wrapped on both flanks
[stronghold] tower pier in warden_arena: 2.6 x 3.1 m at local (-10.8, 78.7), enclosing LargeTower
[stronghold] tower pier in warden_arena: 2.6 x 3.1 m at local (10.8, 78.7), enclosing _MeshInstance3D_403724
[stronghold] tower pier in warden_arena: 2.6 x 3.1 m at local (-10.8, 101.7), enclosing _MeshInstance3D_403725
[stronghold] tower pier in warden_arena: 2.6 x 3.1 m at local (10.8, 101.7), enclosing _MeshInstance3D_403726
[stronghold] tower pier in legendary_chamber: 5.0 x 5.1 m at local (-43.5, 78.7), enclosing PointyTower
[stronghold] tower pier in legendary_chamber: 4.0 x 4.1 m at local (-20.0, 102.2), enclosing _MeshInstance3D_403727
[stronghold] tower pier in legendary_chamber: 4.0 x 4.1 m at local (-44.0, 102.2), enclosing _MeshInstance3D_403728
[stronghold] tower pier in legendary_chamber: 3.5 x 3.6 m at local (-19.7, 77.9), enclosing _MeshInstance3D_403729
[stronghold] 8 tower pier(s) enclosing massing that reached inside a roofed chamber
[stronghold] 87 interior dressing prop(s) in the roofed rooms
[trainers] placed 3 trainer(s) for group 'stronghold'
[stronghold] cleared 90 scattered prop(s) standing inside the five spaces
[stronghold] 21 exterior omni light(s) at the Hall (budget 22), 11 of them flickering fires
[stronghold] 5 spaces on the route (outer_works -> courtyard -> tether_approach -> warden_arena -> legendary_chamber), floor y=6.17, 3 gauntlet trainer(s), 15 approach pylon(s)
[trainers] placed 1 trainer(s) for group 'stronghold_climax'
[climax] the freed stand is 6.00 m from the machine's axis, inside its 8.05 m plinth on that bearing; moved out to 10.55 m
[climax] the legendary stands inside the machine: dais 4.06 m up, void 7.67 m tall, body 7.08 m, headroom 0.59 m
[meadow] the land lies drained: 15161 quads over 8 groups, grass field thinned
[climax] the freeing was already settled here; the caged creature is gone
[occupation] the garrison withdrew: 2 groups gone, 6 dark (37 lights out, 105 flames out, 32 surfaces unlit)
[meadow] the tether let go: 1388 plants back, 37304 regreen quads, 143 tether lights out, 29 pylons down (0 left standing, 168 cable pieces gone), 7 of the herd back, 0 barriers open, 0 beaten patrols withdrawn
[meadow] every participant refused: the freed stag stands with the Highfield herd at (398.0, -6.098061, 5869.0)
(space-refuse) herd display stands at (398.0, -6.098061, 5869.0) after reload
(space-refuse) reload: no re-offer, same party, receipts kept
ERROR: Parameter "material" is null.
   at: material_get_instance_shader_parameters (servers/rendering/dummy/storage/material_storage.cpp:264)
ERROR: Parameter "material" is null.
   at: material_get_instance_shader_parameters (servers/rendering/dummy/storage/material_storage.cpp:264)
[playground] spawned at -17.0, 3.9, 7648.1
[scatter bake] load phases (ms): read[256 regions, 387893 placements, 431212 skipped]=667 reorder[16 layers]=2086
[vegetation] grass field is on; 431212 placements across 2 layers left unbuilt (grass, flowers)
[vegetation] boot phases (ms): placements=2966 mark_harvestable=108 group_by_model=368 register_mesh_assets=24 build_batches_total=3285 (of which harvest_points[56283 nodes]=1802, initial_collision_stream[51210 solid]=106) update_mmis=252
[grass_field] grass ring: 62140 instances over 13 lattice layers (tuft_count asked for 75000), 24m cull tiles
[grass_field] stone ring: 6084 instances over 8 lattice layers (count 25000)
[grass_field] cover tier bushes   4876 instances over 4 lattice layers (count 6000)
[grass_field] cover tier flowers  9432 instances over 6 lattice layers (count 12000)
[grass_field] cover tier flowers_gold 5740 instances over 4 lattice layers (count 7000)
[grass_field] cover tier litter   6008 instances over 3 lattice layers (count 15000)
[grass_field] 4 cover tier(s) up
[grass_field] far cover: 1 sheet, 71200 tris, 46225 verts, 6m cell, 40-640m reach
[grass_field] bound: 62140 tufts, radius 72m, region_size 256, vertex_spacing 2.0, 1024 region slots
[grass_field] stone tier: rid_valid=true height_map=<null> region_map=-1 entries
[playground] scattered 386505 props in 36 batches (56283 harvestable, 0 already chopped, 147/51210 collision resident)
[water] pond quads 2538, stream points 46, reeds 152, marginals 32, bank flowers 72, rocks 40, driftwood 5, lilypads 49, jetty 18, level -17.0
[water] stream bank reeds 77, bank scrub 12
[water] river quads 390, bank reeds 134, bank scrub 57
[village] placed 29 structures
WARNING: prop 'Torch_Metal' has glow:"campfire" but no `Fire` surface to light
     at: push_warning (core/variant/variant_utility.cpp:1033)
     GDScript backtrace (most recent call first):
         [0] place (res://scripts/world/props.gd:286)
         [1] build (res://scripts/world/props.gd:65)
         [2] _build_settlement (res://scripts/world/playground_world.gd:1533)
         [3] _ready (res://scripts/world/playground_world.gd:855)
WARNING: prop 'Torch_Metal' has glow:"campfire" but no `Fire` surface to light
     at: push_warning (core/variant/variant_utility.cpp:1033)
     GDScript backtrace (most recent call first):
         [0] place (res://scripts/world/props.gd:286)
         [1] build (res://scripts/world/props.gd:65)
         [2] _build_settlement (res://scripts/world/playground_world.gd:1533)
         [3] _ready (res://scripts/world/playground_world.gd:855)
WARNING: prop 'Torch_Metal' has glow:"campfire" but no `Fire` surface to light
     at: push_warning (core/variant/variant_utility.cpp:1033)
     GDScript backtrace (most recent call first):
         [0] place (res://scripts/world/props.gd:286)
         [1] build (res://scripts/world/props.gd:65)
         [2] _build_settlement (res://scripts/world/playground_world.gd:1533)
         [3] _ready (res://scripts/world/playground_world.gd:855)
WARNING: prop 'Torch_Metal' has glow:"campfire" but no `Fire` surface to light
     at: push_warning (core/variant/variant_utility.cpp:1033)
     GDScript backtrace (most recent call first):
         [0] place (res://scripts/world/props.gd:286)
         [1] build (res://scripts/world/props.gd:65)
         [2] _build_settlement (res://scripts/world/playground_world.gd:1533)
         [3] _ready (res://scripts/world/playground_world.gd:855)
WARNING: prop 'Torch_Metal' has glow:"campfire" but no `Fire` surface to light
     at: push_warning (core/variant/variant_utility.cpp:1033)
     GDScript backtrace (most recent call first):
         [0] place (res://scripts/world/props.gd:286)
         [1] build (res://scripts/world/props.gd:65)
         [2] _build_settlement (res://scripts/world/playground_world.gd:1533)
         [3] _ready (res://scripts/world/playground_world.gd:855)
WARNING: prop 'Torch_Metal' has glow:"campfire" but no `Fire` surface to light
     at: push_warning (core/variant/variant_utility.cpp:1033)
     GDScript backtrace (most recent call first):
         [0] place (res://scripts/world/props.gd:286)
         [1] build (res://scripts/world/props.gd:65)
         [2] _build_settlement (res://scripts/world/playground_world.gd:1533)
         [3] _ready (res://scripts/world/playground_world.gd:855)
WARNING: prop 'Torch_Metal' has glow:"campfire" but no `Fire` surface to light
     at: push_warning (core/variant/variant_utility.cpp:1033)
     GDScript backtrace (most recent call first):
         [0] place (res://scripts/world/props.gd:286)
         [1] build (res://scripts/world/props.gd:65)
         [2] _build_settlement (res://scripts/world/playground_world.gd:1533)
         [3] _ready (res://scripts/world/playground_world.gd:855)
WARNING: prop 'Torch_Metal' has glow:"campfire" but no `Fire` surface to light
     at: push_warning (core/variant/variant_utility.cpp:1033)
     GDScript backtrace (most recent call first):
         [0] place (res://scripts/world/props.gd:286)
         [1] build (res://scripts/world/props.gd:65)
         [2] _build_settlement (res://scripts/world/playground_world.gd:1533)
         [3] _ready (res://scripts/world/playground_world.gd:855)
[props] placed 434 props in 54 clusters (6 usable rest points)
[village_npcs] placed 19 of 20
[relay_site] placed 3 of 3
[pond_npc] placed 1 of 1
[trainers] placed 21 trainer(s)
[south_bridge_dressing] placed 1 of 1
[quarry] 2 foundations, 4 pylons, 1 finish treatment standing
[relay] cleared 152 scattered pieces inside the 27m station radius
[relay] station at 350, 3760: 4 wall runs, 2 decks, 1 ramps, 10 pylons
[river] 18 course segments, 18 recovery volumes
[playground] severed spokes standing: river_gorge, storm_road, mountain_trail, stone_gate, high_pass, cliff_road, blighted_road
[playground] placed 198 harvest nodes
[playground] placed 6 farm plots
[playground] placed 147 band pickups (0 already taken, 34 nudged off scatter, 0 unclear, 0 without ground)
[warrens] cleared 821 scattered trees/rocks inside the 30m site radius and the chambers
[warrens] hero clearing: removed 803 more scattered pieces out to 55m (was 30m) so no background tree competes with the mound
[warrens] bank cap closes the dome over the throat (297 quads)
[warrens] planted 20 pieces of ground cover around the site
[warrens] earth bank 65x90m, crest 17.0m above the mouth (9.5x the 1.8m trainer); chamber clearance past the required 1.5m: mouth +4.8m, hall +3.8m, warren +4.1m, den +2.5m, vault +4.1m (worst 2.5m)
[warrens] 4 flora pieces beside the mouth
[warrens] 7 claw scrapes beside the mouth
[warrens] 5 crest trees standing on the bank
[warrens] scattered 78 rubble pieces across the face foot, spoil fans and threshold
[warrens] 220 pieces of growth on the bank
[warrens] 182 pieces of interior rock across 5 chambers
[warrens] 8 connected excavated terrain masses preserve the original collision route
[warrens] 12 root masses
[warrens] 8 fungus clusters, 3 species
[warrens] 40 litter pieces
[warrens] 4 haze cards
[warrens] guardian carries an alert bearing (neck -30, head -12, spine -7 deg)
[warrens] guardian idle faces the den's entrance passage (yaw -169.0 deg)
[approach-drain] 690 drained quads over the approach corridor
[stronghold] approach ramp: 11.3m of rise over 40m (16 degrees)
[stronghold] 407 structural members across 5 spaces
[stronghold] hall massing exterior lift: 1.30x height on 17/18 module(s)
[stronghold] massing grounded: 17 of 35 module foot shaft(s) to skirt y=-18.0
[stronghold] waist: 3 inter-chamber gap(s) wrapped on both flanks
[stronghold] tower pier in warden_arena: 2.6 x 3.1 m at local (-10.8, 78.7), enclosing LargeTower
[stronghold] tower pier in warden_arena: 2.6 x 3.1 m at local (10.8, 78.7), enclosing _MeshInstance3D_471579
[stronghold] tower pier in warden_arena: 2.6 x 3.1 m at local (-10.8, 101.7), enclosing _MeshInstance3D_471580
[stronghold] tower pier in warden_arena: 2.6 x 3.1 m at local (10.8, 101.7), enclosing _MeshInstance3D_471581
[stronghold] tower pier in legendary_chamber: 5.0 x 5.1 m at local (-43.5, 78.7), enclosing PointyTower
[stronghold] tower pier in legendary_chamber: 4.0 x 4.1 m at local (-20.0, 102.2), enclosing _MeshInstance3D_471582
[stronghold] tower pier in legendary_chamber: 4.0 x 4.1 m at local (-44.0, 102.2), enclosing _MeshInstance3D_471583
[stronghold] tower pier in legendary_chamber: 3.5 x 3.6 m at local (-19.7, 77.9), enclosing _MeshInstance3D_471584
[stronghold] 8 tower pier(s) enclosing massing that reached inside a roofed chamber
[stronghold] 87 interior dressing prop(s) in the roofed rooms
[trainers] placed 3 trainer(s) for group 'stronghold'
[stronghold] cleared 90 scattered prop(s) standing inside the five spaces
[stronghold] 21 exterior omni light(s) at the Hall (budget 22), 11 of them flickering fires
[stronghold] 5 spaces on the route (outer_works -> courtyard -> tether_approach -> warden_arena -> legendary_chamber), floor y=6.17, 3 gauntlet trainer(s), 15 approach pylon(s)
[trainers] placed 1 trainer(s) for group 'stronghold_climax'
[climax] the freed stand is 6.00 m from the machine's axis, inside its 8.05 m plinth on that bearing; moved out to 10.55 m
[climax] the legendary stands inside the machine: dais 4.06 m up, void 7.67 m tall, body 7.08 m, headroom 0.59 m
[climax] the legendary stands 10.55 m from the machine's axis, 0.00 m up
[occupation] the garrison withdrew: 2 groups gone, 6 dark (37 lights out, 105 flames out, 32 surfaces unlit)
[meadow] the tether let go: 1388 plants back, 37304 regreen quads, 139 tether lights out, 29 pylons down (0 left standing, 168 cable pieces gone), 7 of the herd back, 0 barriers open, 0 beaten patrols withdrawn
[meadow] every participant refused: the freed stag stands with the Highfield herd at (398.0, -6.098061, 5869.0)
[climax] the legendary stands 10.55 m from the machine's axis, 0.00 m up
[climax] every participant has answered; the creature leaves the chamber
[climax] the tether machinery has failed; 'legendary_freed' is set for SG44
(space-refuse) the personal receipt alone prevents a second offer
--- capacity-refuse-at-prompt
ERROR: Parameter "material" is null.
   at: material_get_instance_shader_parameters (servers/rendering/dummy/storage/material_storage.cpp:264)
ERROR: Parameter "material" is null.
   at: material_get_instance_shader_parameters (servers/rendering/dummy/storage/material_storage.cpp:264)
[playground] spawned at -17.0, 3.9, 7648.1
[scatter bake] load phases (ms): read[256 regions, 387893 placements, 431212 skipped]=663 reorder[16 layers]=2048
[vegetation] grass field is on; 431212 placements across 2 layers left unbuilt (grass, flowers)
[vegetation] boot phases (ms): placements=2927 mark_harvestable=107 group_by_model=367 register_mesh_assets=26 build_batches_total=3302 (of which harvest_points[56283 nodes]=1779, initial_collision_stream[51210 solid]=104) update_mmis=255
[grass_field] grass ring: 62140 instances over 13 lattice layers (tuft_count asked for 75000), 24m cull tiles
[grass_field] stone ring: 6084 instances over 8 lattice layers (count 25000)
[grass_field] cover tier bushes   4876 instances over 4 lattice layers (count 6000)
[grass_field] cover tier flowers  9432 instances over 6 lattice layers (count 12000)
[grass_field] cover tier flowers_gold 5740 instances over 4 lattice layers (count 7000)
[grass_field] cover tier litter   6008 instances over 3 lattice layers (count 15000)
[grass_field] 4 cover tier(s) up
[grass_field] far cover: 1 sheet, 71200 tris, 46225 verts, 6m cell, 40-640m reach
[grass_field] bound: 62140 tufts, radius 72m, region_size 256, vertex_spacing 2.0, 1024 region slots
[grass_field] stone tier: rid_valid=true height_map=<null> region_map=-1 entries
[playground] scattered 386505 props in 36 batches (56283 harvestable, 0 already chopped, 147/51210 collision resident)
[water] pond quads 2538, stream points 46, reeds 152, marginals 32, bank flowers 72, rocks 40, driftwood 5, lilypads 49, jetty 18, level -17.0
[water] stream bank reeds 77, bank scrub 12
[water] river quads 390, bank reeds 134, bank scrub 57
[village] placed 29 structures
WARNING: prop 'Torch_Metal' has glow:"campfire" but no `Fire` surface to light
     at: push_warning (core/variant/variant_utility.cpp:1033)
     GDScript backtrace (most recent call first):
         [0] place (res://scripts/world/props.gd:286)
         [1] build (res://scripts/world/props.gd:65)
         [2] _build_settlement (res://scripts/world/playground_world.gd:1533)
         [3] _ready (res://scripts/world/playground_world.gd:855)
WARNING: prop 'Torch_Metal' has glow:"campfire" but no `Fire` surface to light
     at: push_warning (core/variant/variant_utility.cpp:1033)
     GDScript backtrace (most recent call first):
         [0] place (res://scripts/world/props.gd:286)
         [1] build (res://scripts/world/props.gd:65)
         [2] _build_settlement (res://scripts/world/playground_world.gd:1533)
         [3] _ready (res://scripts/world/playground_world.gd:855)
WARNING: prop 'Torch_Metal' has glow:"campfire" but no `Fire` surface to light
     at: push_warning (core/variant/variant_utility.cpp:1033)
     GDScript backtrace (most recent call first):
         [0] place (res://scripts/world/props.gd:286)
         [1] build (res://scripts/world/props.gd:65)
         [2] _build_settlement (res://scripts/world/playground_world.gd:1533)
         [3] _ready (res://scripts/world/playground_world.gd:855)
WARNING: prop 'Torch_Metal' has glow:"campfire" but no `Fire` surface to light
     at: push_warning (core/variant/variant_utility.cpp:1033)
     GDScript backtrace (most recent call first):
         [0] place (res://scripts/world/props.gd:286)
         [1] build (res://scripts/world/props.gd:65)
         [2] _build_settlement (res://scripts/world/playground_world.gd:1533)
         [3] _ready (res://scripts/world/playground_world.gd:855)
WARNING: prop 'Torch_Metal' has glow:"campfire" but no `Fire` surface to light
     at: push_warning (core/variant/variant_utility.cpp:1033)
     GDScript backtrace (most recent call first):
         [0] place (res://scripts/world/props.gd:286)
         [1] build (res://scripts/world/props.gd:65)
         [2] _build_settlement (res://scripts/world/playground_world.gd:1533)
         [3] _ready (res://scripts/world/playground_world.gd:855)
WARNING: prop 'Torch_Metal' has glow:"campfire" but no `Fire` surface to light
     at: push_warning (core/variant/variant_utility.cpp:1033)
     GDScript backtrace (most recent call first):
         [0] place (res://scripts/world/props.gd:286)
         [1] build (res://scripts/world/props.gd:65)
         [2] _build_settlement (res://scripts/world/playground_world.gd:1533)
         [3] _ready (res://scripts/world/playground_world.gd:855)
WARNING: prop 'Torch_Metal' has glow:"campfire" but no `Fire` surface to light
     at: push_warning (core/variant/variant_utility.cpp:1033)
     GDScript backtrace (most recent call first):
         [0] place (res://scripts/world/props.gd:286)
         [1] build (res://scripts/world/props.gd:65)
         [2] _build_settlement (res://scripts/world/playground_world.gd:1533)
         [3] _ready (res://scripts/world/playground_world.gd:855)
WARNING: prop 'Torch_Metal' has glow:"campfire" but no `Fire` surface to light
     at: push_warning (core/variant/variant_utility.cpp:1033)
     GDScript backtrace (most recent call first):
         [0] place (res://scripts/world/props.gd:286)
         [1] build (res://scripts/world/props.gd:65)
         [2] _build_settlement (res://scripts/world/playground_world.gd:1533)
         [3] _ready (res://scripts/world/playground_world.gd:855)
[props] placed 434 props in 54 clusters (6 usable rest points)
[village_npcs] placed 18 of 20
[relay_site] placed 3 of 3
[pond_npc] placed 1 of 1
[trainers] placed 21 trainer(s)
[south_bridge_dressing] placed 1 of 1
[quarry] 2 foundations, 4 pylons, 1 finish treatment standing
[relay] cleared 152 scattered pieces inside the 27m station radius
[relay] station at 350, 3760: 4 wall runs, 2 decks, 1 ramps, 10 pylons
[river] 18 course segments, 18 recovery volumes
[playground] severed spokes standing: river_gorge, storm_road, mountain_trail, stone_gate, high_pass, cliff_road, blighted_road
[playground] placed 198 harvest nodes
[playground] placed 6 farm plots
[playground] placed 147 band pickups (0 already taken, 34 nudged off scatter, 0 unclear, 0 without ground)
[warrens] cleared 821 scattered trees/rocks inside the 30m site radius and the chambers
[warrens] hero clearing: removed 803 more scattered pieces out to 55m (was 30m) so no background tree competes with the mound
[warrens] bank cap closes the dome over the throat (297 quads)
[warrens] planted 20 pieces of ground cover around the site
[warrens] earth bank 65x90m, crest 17.0m above the mouth (9.5x the 1.8m trainer); chamber clearance past the required 1.5m: mouth +4.8m, hall +3.8m, warren +4.1m, den +2.5m, vault +4.1m (worst 2.5m)
[warrens] 4 flora pieces beside the mouth
[warrens] 7 claw scrapes beside the mouth
[warrens] 5 crest trees standing on the bank
[warrens] scattered 78 rubble pieces across the face foot, spoil fans and threshold
[warrens] 220 pieces of growth on the bank
[warrens] 182 pieces of interior rock across 5 chambers
[warrens] 8 connected excavated terrain masses preserve the original collision route
[warrens] 12 root masses
[warrens] 8 fungus clusters, 3 species
[warrens] 40 litter pieces
[warrens] 4 haze cards
[warrens] guardian carries an alert bearing (neck -30, head -12, spine -7 deg)
[warrens] guardian idle faces the den's entrance passage (yaw -169.0 deg)
[approach-drain] 690 drained quads over the approach corridor
[stronghold] approach ramp: 11.3m of rise over 40m (16 degrees)
[stronghold] 407 structural members across 5 spaces
[stronghold] hall massing exterior lift: 1.30x height on 17/18 module(s)
[stronghold] massing grounded: 17 of 35 module foot shaft(s) to skirt y=-18.0
[stronghold] waist: 3 inter-chamber gap(s) wrapped on both flanks
[stronghold] tower pier in warden_arena: 2.6 x 3.1 m at local (-10.8, 78.7), enclosing LargeTower
[stronghold] tower pier in warden_arena: 2.6 x 3.1 m at local (10.8, 78.7), enclosing _MeshInstance3D_539004
[stronghold] tower pier in warden_arena: 2.6 x 3.1 m at local (-10.8, 101.7), enclosing _MeshInstance3D_539005
[stronghold] tower pier in warden_arena: 2.6 x 3.1 m at local (10.8, 101.7), enclosing _MeshInstance3D_539006
[stronghold] tower pier in legendary_chamber: 5.0 x 5.1 m at local (-43.5, 78.7), enclosing PointyTower
[stronghold] tower pier in legendary_chamber: 4.0 x 4.1 m at local (-20.0, 102.2), enclosing _MeshInstance3D_539007
[stronghold] tower pier in legendary_chamber: 4.0 x 4.1 m at local (-44.0, 102.2), enclosing _MeshInstance3D_539008
[stronghold] tower pier in legendary_chamber: 3.5 x 3.6 m at local (-19.7, 77.9), enclosing _MeshInstance3D_539009
[stronghold] 8 tower pier(s) enclosing massing that reached inside a roofed chamber
[stronghold] 87 interior dressing prop(s) in the roofed rooms
[trainers] placed 3 trainer(s) for group 'stronghold'
[stronghold] cleared 90 scattered prop(s) standing inside the five spaces
[stronghold] 21 exterior omni light(s) at the Hall (budget 22), 11 of them flickering fires
[stronghold] 5 spaces on the route (outer_works -> courtyard -> tether_approach -> warden_arena -> legendary_chamber), floor y=6.17, 3 gauntlet trainer(s), 15 approach pylon(s)
[trainers] placed 1 trainer(s) for group 'stronghold_climax'
[climax] the freed stand is 6.00 m from the machine's axis, inside its 8.05 m plinth on that bearing; moved out to 10.55 m
[climax] the legendary stands inside the machine: dais 4.06 m up, void 7.67 m tall, body 7.08 m, headroom 0.59 m
[meadow] the land lies drained: 15161 quads over 8 groups, grass field thinned
[occupation] the garrison withdrew: 2 groups gone, 6 dark (37 lights out, 105 flames out, 32 surfaces unlit)
[meadow] the tether let go: 1388 plants back, 37304 regreen quads, 143 tether lights out, 29 pylons down (0 left standing, 168 cable pieces gone), 7 of the herd back, 2 barriers open, 0 beaten patrols withdrawn
[climax] the legendary stands 10.55 m from the machine's axis, 0.00 m up
[climax] choice prompts: accept 2.56 m, refuse 2.56 m from the player (reach 1.60 m)
(capacity-refuse-at-prompt) read 'veridian_choice': Step to its shoulder to take it with you, or step back to leave it free. Both are final.
(capacity-refuse-at-prompt) walked 2.40 m to the refuse prompt; offered 'Leave the Veridian Stag free (final)'
[climax] this character refused the legendary; it stays free
[meadow] every participant refused: the freed stag stands with the Highfield herd at (398.0, -6.098061, 5869.0)
(capacity-refuse-at-prompt) herd display stands at (398.0, -6.098061, 5869.0) after the answer
(capacity-refuse-at-prompt) answered: party 5, veridian 0, receipt legendary_resolution:refused:character-8fb764739268737c1482ac898ffe5696
ERROR: Parameter "material" is null.
   at: material_get_instance_shader_parameters (servers/rendering/dummy/storage/material_storage.cpp:264)
ERROR: Parameter "material" is null.
   at: material_get_instance_shader_parameters (servers/rendering/dummy/storage/material_storage.cpp:264)
[playground] spawned at -17.0, 3.9, 7648.1
[scatter bake] load phases (ms): read[256 regions, 387893 placements, 431212 skipped]=669 reorder[16 layers]=2050
[vegetation] grass field is on; 431212 placements across 2 layers left unbuilt (grass, flowers)
[vegetation] boot phases (ms): placements=2936 mark_harvestable=106 group_by_model=367 register_mesh_assets=25 build_batches_total=3303 (of which harvest_points[56283 nodes]=1779, initial_collision_stream[51210 solid]=101) update_mmis=256
[grass_field] grass ring: 62140 instances over 13 lattice layers (tuft_count asked for 75000), 24m cull tiles
[grass_field] stone ring: 6084 instances over 8 lattice layers (count 25000)
[grass_field] cover tier bushes   4876 instances over 4 lattice layers (count 6000)
[grass_field] cover tier flowers  9432 instances over 6 lattice layers (count 12000)
[grass_field] cover tier flowers_gold 5740 instances over 4 lattice layers (count 7000)
[grass_field] cover tier litter   6008 instances over 3 lattice layers (count 15000)
[grass_field] 4 cover tier(s) up
[grass_field] far cover: 1 sheet, 71200 tris, 46225 verts, 6m cell, 40-640m reach
[grass_field] bound: 62140 tufts, radius 72m, region_size 256, vertex_spacing 2.0, 1024 region slots
[grass_field] stone tier: rid_valid=true height_map=<null> region_map=-1 entries
[playground] scattered 386505 props in 36 batches (56283 harvestable, 0 already chopped, 147/51210 collision resident)
[water] pond quads 2538, stream points 46, reeds 152, marginals 32, bank flowers 72, rocks 40, driftwood 5, lilypads 49, jetty 18, level -17.0
[water] stream bank reeds 77, bank scrub 12
[water] river quads 390, bank reeds 134, bank scrub 57
[village] placed 29 structures
WARNING: prop 'Torch_Metal' has glow:"campfire" but no `Fire` surface to light
     at: push_warning (core/variant/variant_utility.cpp:1033)
     GDScript backtrace (most recent call first):
         [0] place (res://scripts/world/props.gd:286)
         [1] build (res://scripts/world/props.gd:65)
         [2] _build_settlement (res://scripts/world/playground_world.gd:1533)
         [3] _ready (res://scripts/world/playground_world.gd:855)
WARNING: prop 'Torch_Metal' has glow:"campfire" but no `Fire` surface to light
     at: push_warning (core/variant/variant_utility.cpp:1033)
     GDScript backtrace (most recent call first):
         [0] place (res://scripts/world/props.gd:286)
         [1] build (res://scripts/world/props.gd:65)
         [2] _build_settlement (res://scripts/world/playground_world.gd:1533)
         [3] _ready (res://scripts/world/playground_world.gd:855)
WARNING: prop 'Torch_Metal' has glow:"campfire" but no `Fire` surface to light
     at: push_warning (core/variant/variant_utility.cpp:1033)
     GDScript backtrace (most recent call first):
         [0] place (res://scripts/world/props.gd:286)
         [1] build (res://scripts/world/props.gd:65)
         [2] _build_settlement (res://scripts/world/playground_world.gd:1533)
         [3] _ready (res://scripts/world/playground_world.gd:855)
WARNING: prop 'Torch_Metal' has glow:"campfire" but no `Fire` surface to light
     at: push_warning (core/variant/variant_utility.cpp:1033)
     GDScript backtrace (most recent call first):
         [0] place (res://scripts/world/props.gd:286)
         [1] build (res://scripts/world/props.gd:65)
         [2] _build_settlement (res://scripts/world/playground_world.gd:1533)
         [3] _ready (res://scripts/world/playground_world.gd:855)
WARNING: prop 'Torch_Metal' has glow:"campfire" but no `Fire` surface to light
     at: push_warning (core/variant/variant_utility.cpp:1033)
     GDScript backtrace (most recent call first):
         [0] place (res://scripts/world/props.gd:286)
         [1] build (res://scripts/world/props.gd:65)
         [2] _build_settlement (res://scripts/world/playground_world.gd:1533)
         [3] _ready (res://scripts/world/playground_world.gd:855)
WARNING: prop 'Torch_Metal' has glow:"campfire" but no `Fire` surface to light
     at: push_warning (core/variant/variant_utility.cpp:1033)
     GDScript backtrace (most recent call first):
         [0] place (res://scripts/world/props.gd:286)
         [1] build (res://scripts/world/props.gd:65)
         [2] _build_settlement (res://scripts/world/playground_world.gd:1533)
         [3] _ready (res://scripts/world/playground_world.gd:855)
WARNING: prop 'Torch_Metal' has glow:"campfire" but no `Fire` surface to light
     at: push_warning (core/variant/variant_utility.cpp:1033)
     GDScript backtrace (most recent call first):
         [0] place (res://scripts/world/props.gd:286)
         [1] build (res://scripts/world/props.gd:65)
         [2] _build_settlement (res://scripts/world/playground_world.gd:1533)
         [3] _ready (res://scripts/world/playground_world.gd:855)
WARNING: prop 'Torch_Metal' has glow:"campfire" but no `Fire` surface to light
     at: push_warning (core/variant/variant_utility.cpp:1033)
     GDScript backtrace (most recent call first):
         [0] place (res://scripts/world/props.gd:286)
         [1] build (res://scripts/world/props.gd:65)
         [2] _build_settlement (res://scripts/world/playground_world.gd:1533)
         [3] _ready (res://scripts/world/playground_world.gd:855)
[props] placed 434 props in 54 clusters (6 usable rest points)
[village_npcs] placed 18 of 20
[relay_site] placed 3 of 3
[pond_npc] placed 1 of 1
[trainers] placed 21 trainer(s)
[south_bridge_dressing] placed 1 of 1
[quarry] 2 foundations, 4 pylons, 1 finish treatment standing
[relay] cleared 152 scattered pieces inside the 27m station radius
[relay] station at 350, 3760: 4 wall runs, 2 decks, 1 ramps, 10 pylons
[river] 18 course segments, 18 recovery volumes
[playground] severed spokes standing: river_gorge, storm_road, mountain_trail, stone_gate, high_pass, cliff_road, blighted_road
[playground] placed 198 harvest nodes
[playground] placed 6 farm plots
[playground] placed 147 band pickups (0 already taken, 34 nudged off scatter, 0 unclear, 0 without ground)
[warrens] cleared 821 scattered trees/rocks inside the 30m site radius and the chambers
[warrens] hero clearing: removed 803 more scattered pieces out to 55m (was 30m) so no background tree competes with the mound
[warrens] bank cap closes the dome over the throat (297 quads)
[warrens] planted 20 pieces of ground cover around the site
[warrens] earth bank 65x90m, crest 17.0m above the mouth (9.5x the 1.8m trainer); chamber clearance past the required 1.5m: mouth +4.8m, hall +3.8m, warren +4.1m, den +2.5m, vault +4.1m (worst 2.5m)
[warrens] 4 flora pieces beside the mouth
[warrens] 7 claw scrapes beside the mouth
[warrens] 5 crest trees standing on the bank
[warrens] scattered 78 rubble pieces across the face foot, spoil fans and threshold
[warrens] 220 pieces of growth on the bank
[warrens] 182 pieces of interior rock across 5 chambers
[warrens] 8 connected excavated terrain masses preserve the original collision route
[warrens] 12 root masses
[warrens] 8 fungus clusters, 3 species
[warrens] 40 litter pieces
[warrens] 4 haze cards
[warrens] guardian carries an alert bearing (neck -30, head -12, spine -7 deg)
[warrens] guardian idle faces the den's entrance passage (yaw -169.0 deg)
[approach-drain] 690 drained quads over the approach corridor
[stronghold] approach ramp: 11.3m of rise over 40m (16 degrees)
[stronghold] 407 structural members across 5 spaces
[stronghold] hall massing exterior lift: 1.30x height on 17/18 module(s)
[stronghold] massing grounded: 17 of 35 module foot shaft(s) to skirt y=-18.0
[stronghold] waist: 3 inter-chamber gap(s) wrapped on both flanks
[stronghold] tower pier in warden_arena: 2.6 x 3.1 m at local (-10.8, 78.7), enclosing LargeTower
[stronghold] tower pier in warden_arena: 2.6 x 3.1 m at local (10.8, 78.7), enclosing _MeshInstance3D_606442
[stronghold] tower pier in warden_arena: 2.6 x 3.1 m at local (-10.8, 101.7), enclosing _MeshInstance3D_606443
[stronghold] tower pier in warden_arena: 2.6 x 3.1 m at local (10.8, 101.7), enclosing _MeshInstance3D_606444
[stronghold] tower pier in legendary_chamber: 5.0 x 5.1 m at local (-43.5, 78.7), enclosing PointyTower
[stronghold] tower pier in legendary_chamber: 4.0 x 4.1 m at local (-20.0, 102.2), enclosing _MeshInstance3D_606445
[stronghold] tower pier in legendary_chamber: 4.0 x 4.1 m at local (-44.0, 102.2), enclosing _MeshInstance3D_606446
[stronghold] tower pier in legendary_chamber: 3.5 x 3.6 m at local (-19.7, 77.9), enclosing _MeshInstance3D_606447
[stronghold] 8 tower pier(s) enclosing massing that reached inside a roofed chamber
[stronghold] 87 interior dressing prop(s) in the roofed rooms
[trainers] placed 3 trainer(s) for group 'stronghold'
[stronghold] cleared 90 scattered prop(s) standing inside the five spaces
[stronghold] 21 exterior omni light(s) at the Hall (budget 22), 11 of them flickering fires
[stronghold] 5 spaces on the route (outer_works -> courtyard -> tether_approach -> warden_arena -> legendary_chamber), floor y=6.17, 3 gauntlet trainer(s), 15 approach pylon(s)
[trainers] placed 1 trainer(s) for group 'stronghold_climax'
[climax] the freed stand is 6.00 m from the machine's axis, inside its 8.05 m plinth on that bearing; moved out to 10.55 m
[climax] the legendary stands inside the machine: dais 4.06 m up, void 7.67 m tall, body 7.08 m, headroom 0.59 m
[meadow] the land lies drained: 15161 quads over 8 groups, grass field thinned
[climax] the freeing was already settled here; the caged creature is gone
[occupation] the garrison withdrew: 2 groups gone, 6 dark (37 lights out, 105 flames out, 32 surfaces unlit)
[meadow] the tether let go: 1388 plants back, 37304 regreen quads, 143 tether lights out, 29 pylons down (0 left standing, 168 cable pieces gone), 7 of the herd back, 0 barriers open, 0 beaten patrols withdrawn
[meadow] every participant refused: the freed stag stands with the Highfield herd at (398.0, -6.098061, 5869.0)
(capacity-refuse-at-prompt) herd display stands at (398.0, -6.098061, 5869.0) after reload
(capacity-refuse-at-prompt) reload: no re-offer, same party, receipts kept
ERROR: Parameter "material" is null.
   at: material_get_instance_shader_parameters (servers/rendering/dummy/storage/material_storage.cpp:264)
ERROR: Parameter "material" is null.
   at: material_get_instance_shader_parameters (servers/rendering/dummy/storage/material_storage.cpp:264)
[playground] spawned at -17.0, 3.9, 7648.1
[scatter bake] load phases (ms): read[256 regions, 387893 placements, 431212 skipped]=660 reorder[16 layers]=2045
[vegetation] grass field is on; 431212 placements across 2 layers left unbuilt (grass, flowers)
[vegetation] boot phases (ms): placements=2921 mark_harvestable=107 group_by_model=368 register_mesh_assets=24 build_batches_total=3280 (of which harvest_points[56283 nodes]=1756, initial_collision_stream[51210 solid]=105) update_mmis=254
[grass_field] grass ring: 62140 instances over 13 lattice layers (tuft_count asked for 75000), 24m cull tiles
[grass_field] stone ring: 6084 instances over 8 lattice layers (count 25000)
[grass_field] cover tier bushes   4876 instances over 4 lattice layers (count 6000)
[grass_field] cover tier flowers  9432 instances over 6 lattice layers (count 12000)
[grass_field] cover tier flowers_gold 5740 instances over 4 lattice layers (count 7000)
[grass_field] cover tier litter   6008 instances over 3 lattice layers (count 15000)
[grass_field] 4 cover tier(s) up
[grass_field] far cover: 1 sheet, 71200 tris, 46225 verts, 6m cell, 40-640m reach
[grass_field] bound: 62140 tufts, radius 72m, region_size 256, vertex_spacing 2.0, 1024 region slots
[grass_field] stone tier: rid_valid=true height_map=<null> region_map=-1 entries
[playground] scattered 386505 props in 36 batches (56283 harvestable, 0 already chopped, 147/51210 collision resident)
[water] pond quads 2538, stream points 46, reeds 152, marginals 32, bank flowers 72, rocks 40, driftwood 5, lilypads 49, jetty 18, level -17.0
[water] stream bank reeds 77, bank scrub 12
[water] river quads 390, bank reeds 134, bank scrub 57
[village] placed 29 structures
WARNING: prop 'Torch_Metal' has glow:"campfire" but no `Fire` surface to light
     at: push_warning (core/variant/variant_utility.cpp:1033)
     GDScript backtrace (most recent call first):
         [0] place (res://scripts/world/props.gd:286)
         [1] build (res://scripts/world/props.gd:65)
         [2] _build_settlement (res://scripts/world/playground_world.gd:1533)
         [3] _ready (res://scripts/world/playground_world.gd:855)
WARNING: prop 'Torch_Metal' has glow:"campfire" but no `Fire` surface to light
     at: push_warning (core/variant/variant_utility.cpp:1033)
     GDScript backtrace (most recent call first):
         [0] place (res://scripts/world/props.gd:286)
         [1] build (res://scripts/world/props.gd:65)
         [2] _build_settlement (res://scripts/world/playground_world.gd:1533)
         [3] _ready (res://scripts/world/playground_world.gd:855)
WARNING: prop 'Torch_Metal' has glow:"campfire" but no `Fire` surface to light
     at: push_warning (core/variant/variant_utility.cpp:1033)
     GDScript backtrace (most recent call first):
         [0] place (res://scripts/world/props.gd:286)
         [1] build (res://scripts/world/props.gd:65)
         [2] _build_settlement (res://scripts/world/playground_world.gd:1533)
         [3] _ready (res://scripts/world/playground_world.gd:855)
WARNING: prop 'Torch_Metal' has glow:"campfire" but no `Fire` surface to light
     at: push_warning (core/variant/variant_utility.cpp:1033)
     GDScript backtrace (most recent call first):
         [0] place (res://scripts/world/props.gd:286)
         [1] build (res://scripts/world/props.gd:65)
         [2] _build_settlement (res://scripts/world/playground_world.gd:1533)
         [3] _ready (res://scripts/world/playground_world.gd:855)
WARNING: prop 'Torch_Metal' has glow:"campfire" but no `Fire` surface to light
     at: push_warning (core/variant/variant_utility.cpp:1033)
     GDScript backtrace (most recent call first):
         [0] place (res://scripts/world/props.gd:286)
         [1] build (res://scripts/world/props.gd:65)
         [2] _build_settlement (res://scripts/world/playground_world.gd:1533)
         [3] _ready (res://scripts/world/playground_world.gd:855)
WARNING: prop 'Torch_Metal' has glow:"campfire" but no `Fire` surface to light
     at: push_warning (core/variant/variant_utility.cpp:1033)
     GDScript backtrace (most recent call first):
         [0] place (res://scripts/world/props.gd:286)
         [1] build (res://scripts/world/props.gd:65)
         [2] _build_settlement (res://scripts/world/playground_world.gd:1533)
         [3] _ready (res://scripts/world/playground_world.gd:855)
WARNING: prop 'Torch_Metal' has glow:"campfire" but no `Fire` surface to light
     at: push_warning (core/variant/variant_utility.cpp:1033)
     GDScript backtrace (most recent call first):
         [0] place (res://scripts/world/props.gd:286)
         [1] build (res://scripts/world/props.gd:65)
         [2] _build_settlement (res://scripts/world/playground_world.gd:1533)
         [3] _ready (res://scripts/world/playground_world.gd:855)
WARNING: prop 'Torch_Metal' has glow:"campfire" but no `Fire` surface to light
     at: push_warning (core/variant/variant_utility.cpp:1033)
     GDScript backtrace (most recent call first):
         [0] place (res://scripts/world/props.gd:286)
         [1] build (res://scripts/world/props.gd:65)
         [2] _build_settlement (res://scripts/world/playground_world.gd:1533)
         [3] _ready (res://scripts/world/playground_world.gd:855)
[props] placed 434 props in 54 clusters (6 usable rest points)
[village_npcs] placed 19 of 20
[relay_site] placed 3 of 3
[pond_npc] placed 1 of 1
[trainers] placed 21 trainer(s)
[south_bridge_dressing] placed 1 of 1
[quarry] 2 foundations, 4 pylons, 1 finish treatment standing
[relay] cleared 152 scattered pieces inside the 27m station radius
[relay] station at 350, 3760: 4 wall runs, 2 decks, 1 ramps, 10 pylons
[river] 18 course segments, 18 recovery volumes
[playground] severed spokes standing: river_gorge, storm_road, mountain_trail, stone_gate, high_pass, cliff_road, blighted_road
[playground] placed 198 harvest nodes
[playground] placed 6 farm plots
[playground] placed 147 band pickups (0 already taken, 34 nudged off scatter, 0 unclear, 0 without ground)
[warrens] cleared 821 scattered trees/rocks inside the 30m site radius and the chambers
[warrens] hero clearing: removed 803 more scattered pieces out to 55m (was 30m) so no background tree competes with the mound
[warrens] bank cap closes the dome over the throat (297 quads)
[warrens] planted 20 pieces of ground cover around the site
[warrens] earth bank 65x90m, crest 17.0m above the mouth (9.5x the 1.8m trainer); chamber clearance past the required 1.5m: mouth +4.8m, hall +3.8m, warren +4.1m, den +2.5m, vault +4.1m (worst 2.5m)
[warrens] 4 flora pieces beside the mouth
[warrens] 7 claw scrapes beside the mouth
[warrens] 5 crest trees standing on the bank
[warrens] scattered 78 rubble pieces across the face foot, spoil fans and threshold
[warrens] 220 pieces of growth on the bank
[warrens] 182 pieces of interior rock across 5 chambers
[warrens] 8 connected excavated terrain masses preserve the original collision route
[warrens] 12 root masses
[warrens] 8 fungus clusters, 3 species
[warrens] 40 litter pieces
[warrens] 4 haze cards
[warrens] guardian carries an alert bearing (neck -30, head -12, spine -7 deg)
[warrens] guardian idle faces the den's entrance passage (yaw -169.0 deg)
[approach-drain] 690 drained quads over the approach corridor
[stronghold] approach ramp: 11.3m of rise over 40m (16 degrees)
[stronghold] 407 structural members across 5 spaces
[stronghold] hall massing exterior lift: 1.30x height on 17/18 module(s)
[stronghold] massing grounded: 17 of 35 module foot shaft(s) to skirt y=-18.0
[stronghold] waist: 3 inter-chamber gap(s) wrapped on both flanks
[stronghold] tower pier in warden_arena: 2.6 x 3.1 m at local (-10.8, 78.7), enclosing LargeTower
[stronghold] tower pier in warden_arena: 2.6 x 3.1 m at local (10.8, 78.7), enclosing _MeshInstance3D_674297
[stronghold] tower pier in warden_arena: 2.6 x 3.1 m at local (-10.8, 101.7), enclosing _MeshInstance3D_674298
[stronghold] tower pier in warden_arena: 2.6 x 3.1 m at local (10.8, 101.7), enclosing _MeshInstance3D_674299
[stronghold] tower pier in legendary_chamber: 5.0 x 5.1 m at local (-43.5, 78.7), enclosing PointyTower
[stronghold] tower pier in legendary_chamber: 4.0 x 4.1 m at local (-20.0, 102.2), enclosing _MeshInstance3D_674300
[stronghold] tower pier in legendary_chamber: 4.0 x 4.1 m at local (-44.0, 102.2), enclosing _MeshInstance3D_674301
[stronghold] tower pier in legendary_chamber: 3.5 x 3.6 m at local (-19.7, 77.9), enclosing _MeshInstance3D_674302
[stronghold] 8 tower pier(s) enclosing massing that reached inside a roofed chamber
[stronghold] 87 interior dressing prop(s) in the roofed rooms
[trainers] placed 3 trainer(s) for group 'stronghold'
[stronghold] cleared 90 scattered prop(s) standing inside the five spaces
[stronghold] 21 exterior omni light(s) at the Hall (budget 22), 11 of them flickering fires
[stronghold] 5 spaces on the route (outer_works -> courtyard -> tether_approach -> warden_arena -> legendary_chamber), floor y=6.17, 3 gauntlet trainer(s), 15 approach pylon(s)
[trainers] placed 1 trainer(s) for group 'stronghold_climax'
[climax] the freed stand is 6.00 m from the machine's axis, inside its 8.05 m plinth on that bearing; moved out to 10.55 m
[climax] the legendary stands inside the machine: dais 4.06 m up, void 7.67 m tall, body 7.08 m, headroom 0.59 m
[climax] the legendary stands 10.55 m from the machine's axis, 0.00 m up
[occupation] the garrison withdrew: 2 groups gone, 6 dark (37 lights out, 105 flames out, 32 surfaces unlit)
[meadow] the tether let go: 1388 plants back, 37304 regreen quads, 139 tether lights out, 29 pylons down (0 left standing, 168 cable pieces gone), 7 of the herd back, 0 barriers open, 0 beaten patrols withdrawn
[meadow] every participant refused: the freed stag stands with the Highfield herd at (398.0, -6.098061, 5869.0)
[climax] the legendary stands 10.55 m from the machine's axis, 0.00 m up
[climax] every participant has answered; the creature leaves the chamber
[climax] the tether machinery has failed; 'legendary_freed' is set for SG44
(capacity-refuse-at-prompt) the personal receipt alone prevents a second offer
--- capacity-accept-then-let-newcomer-go
ERROR: Parameter "material" is null.
   at: material_get_instance_shader_parameters (servers/rendering/dummy/storage/material_storage.cpp:264)
ERROR: Parameter "material" is null.
   at: material_get_instance_shader_parameters (servers/rendering/dummy/storage/material_storage.cpp:264)
[playground] spawned at -17.0, 3.9, 7648.1
[scatter bake] load phases (ms): read[256 regions, 387893 placements, 431212 skipped]=674 reorder[16 layers]=2049
[vegetation] grass field is on; 431212 placements across 2 layers left unbuilt (grass, flowers)
[vegetation] boot phases (ms): placements=2938 mark_harvestable=107 group_by_model=367 register_mesh_assets=25 build_batches_total=3278 (of which harvest_points[56283 nodes]=1789, initial_collision_stream[51210 solid]=103) update_mmis=257
[grass_field] grass ring: 62140 instances over 13 lattice layers (tuft_count asked for 75000), 24m cull tiles
[grass_field] stone ring: 6084 instances over 8 lattice layers (count 25000)
[grass_field] cover tier bushes   4876 instances over 4 lattice layers (count 6000)
[grass_field] cover tier flowers  9432 instances over 6 lattice layers (count 12000)
[grass_field] cover tier flowers_gold 5740 instances over 4 lattice layers (count 7000)
[grass_field] cover tier litter   6008 instances over 3 lattice layers (count 15000)
[grass_field] 4 cover tier(s) up
[grass_field] far cover: 1 sheet, 71200 tris, 46225 verts, 6m cell, 40-640m reach
[grass_field] bound: 62140 tufts, radius 72m, region_size 256, vertex_spacing 2.0, 1024 region slots
[grass_field] stone tier: rid_valid=true height_map=<null> region_map=-1 entries
[playground] scattered 386505 props in 36 batches (56283 harvestable, 0 already chopped, 147/51210 collision resident)
[water] pond quads 2538, stream points 46, reeds 152, marginals 32, bank flowers 72, rocks 40, driftwood 5, lilypads 49, jetty 18, level -17.0
[water] stream bank reeds 77, bank scrub 12
[water] river quads 390, bank reeds 134, bank scrub 57
[village] placed 29 structures
WARNING: prop 'Torch_Metal' has glow:"campfire" but no `Fire` surface to light
     at: push_warning (core/variant/variant_utility.cpp:1033)
     GDScript backtrace (most recent call first):
         [0] place (res://scripts/world/props.gd:286)
         [1] build (res://scripts/world/props.gd:65)
         [2] _build_settlement (res://scripts/world/playground_world.gd:1533)
         [3] _ready (res://scripts/world/playground_world.gd:855)
WARNING: prop 'Torch_Metal' has glow:"campfire" but no `Fire` surface to light
     at: push_warning (core/variant/variant_utility.cpp:1033)
     GDScript backtrace (most recent call first):
         [0] place (res://scripts/world/props.gd:286)
         [1] build (res://scripts/world/props.gd:65)
         [2] _build_settlement (res://scripts/world/playground_world.gd:1533)
         [3] _ready (res://scripts/world/playground_world.gd:855)
WARNING: prop 'Torch_Metal' has glow:"campfire" but no `Fire` surface to light
     at: push_warning (core/variant/variant_utility.cpp:1033)
     GDScript backtrace (most recent call first):
         [0] place (res://scripts/world/props.gd:286)
         [1] build (res://scripts/world/props.gd:65)
         [2] _build_settlement (res://scripts/world/playground_world.gd:1533)
         [3] _ready (res://scripts/world/playground_world.gd:855)
WARNING: prop 'Torch_Metal' has glow:"campfire" but no `Fire` surface to light
     at: push_warning (core/variant/variant_utility.cpp:1033)
     GDScript backtrace (most recent call first):
         [0] place (res://scripts/world/props.gd:286)
         [1] build (res://scripts/world/props.gd:65)
         [2] _build_settlement (res://scripts/world/playground_world.gd:1533)
         [3] _ready (res://scripts/world/playground_world.gd:855)
WARNING: prop 'Torch_Metal' has glow:"campfire" but no `Fire` surface to light
     at: push_warning (core/variant/variant_utility.cpp:1033)
     GDScript backtrace (most recent call first):
         [0] place (res://scripts/world/props.gd:286)
         [1] build (res://scripts/world/props.gd:65)
         [2] _build_settlement (res://scripts/world/playground_world.gd:1533)
         [3] _ready (res://scripts/world/playground_world.gd:855)
WARNING: prop 'Torch_Metal' has glow:"campfire" but no `Fire` surface to light
     at: push_warning (core/variant/variant_utility.cpp:1033)
     GDScript backtrace (most recent call first):
         [0] place (res://scripts/world/props.gd:286)
         [1] build (res://scripts/world/props.gd:65)
         [2] _build_settlement (res://scripts/world/playground_world.gd:1533)
         [3] _ready (res://scripts/world/playground_world.gd:855)
WARNING: prop 'Torch_Metal' has glow:"campfire" but no `Fire` surface to light
     at: push_warning (core/variant/variant_utility.cpp:1033)
     GDScript backtrace (most recent call first):
         [0] place (res://scripts/world/props.gd:286)
         [1] build (res://scripts/world/props.gd:65)
         [2] _build_settlement (res://scripts/world/playground_world.gd:1533)
         [3] _ready (res://scripts/world/playground_world.gd:855)
WARNING: prop 'Torch_Metal' has glow:"campfire" but no `Fire` surface to light
     at: push_warning (core/variant/variant_utility.cpp:1033)
     GDScript backtrace (most recent call first):
         [0] place (res://scripts/world/props.gd:286)
         [1] build (res://scripts/world/props.gd:65)
         [2] _build_settlement (res://scripts/world/playground_world.gd:1533)
         [3] _ready (res://scripts/world/playground_world.gd:855)
[props] placed 434 props in 54 clusters (6 usable rest points)
[village_npcs] placed 18 of 20
[relay_site] placed 3 of 3
[pond_npc] placed 1 of 1
[trainers] placed 21 trainer(s)
[south_bridge_dressing] placed 1 of 1
[quarry] 2 foundations, 4 pylons, 1 finish treatment standing
[relay] cleared 152 scattered pieces inside the 27m station radius
[relay] station at 350, 3760: 4 wall runs, 2 decks, 1 ramps, 10 pylons
[river] 18 course segments, 18 recovery volumes
[playground] severed spokes standing: river_gorge, storm_road, mountain_trail, stone_gate, high_pass, cliff_road, blighted_road
[playground] placed 198 harvest nodes
[playground] placed 6 farm plots
[playground] placed 147 band pickups (0 already taken, 34 nudged off scatter, 0 unclear, 0 without ground)
[warrens] cleared 821 scattered trees/rocks inside the 30m site radius and the chambers
[warrens] hero clearing: removed 803 more scattered pieces out to 55m (was 30m) so no background tree competes with the mound
[warrens] bank cap closes the dome over the throat (297 quads)
[warrens] planted 20 pieces of ground cover around the site
[warrens] earth bank 65x90m, crest 17.0m above the mouth (9.5x the 1.8m trainer); chamber clearance past the required 1.5m: mouth +4.8m, hall +3.8m, warren +4.1m, den +2.5m, vault +4.1m (worst 2.5m)
[warrens] 4 flora pieces beside the mouth
[warrens] 7 claw scrapes beside the mouth
[warrens] 5 crest trees standing on the bank
[warrens] scattered 78 rubble pieces across the face foot, spoil fans and threshold
[warrens] 220 pieces of growth on the bank
[warrens] 182 pieces of interior rock across 5 chambers
[warrens] 8 connected excavated terrain masses preserve the original collision route
[warrens] 12 root masses
[warrens] 8 fungus clusters, 3 species
[warrens] 40 litter pieces
[warrens] 4 haze cards
[warrens] guardian carries an alert bearing (neck -30, head -12, spine -7 deg)
[warrens] guardian idle faces the den's entrance passage (yaw -169.0 deg)
[approach-drain] 690 drained quads over the approach corridor
[stronghold] approach ramp: 11.3m of rise over 40m (16 degrees)
[stronghold] 407 structural members across 5 spaces
[stronghold] hall massing exterior lift: 1.30x height on 17/18 module(s)
[stronghold] massing grounded: 17 of 35 module foot shaft(s) to skirt y=-18.0
[stronghold] waist: 3 inter-chamber gap(s) wrapped on both flanks
[stronghold] tower pier in warden_arena: 2.6 x 3.1 m at local (-10.8, 78.7), enclosing LargeTower
[stronghold] tower pier in warden_arena: 2.6 x 3.1 m at local (10.8, 78.7), enclosing _MeshInstance3D_741722
[stronghold] tower pier in warden_arena: 2.6 x 3.1 m at local (-10.8, 101.7), enclosing _MeshInstance3D_741723
[stronghold] tower pier in warden_arena: 2.6 x 3.1 m at local (10.8, 101.7), enclosing _MeshInstance3D_741724
[stronghold] tower pier in legendary_chamber: 5.0 x 5.1 m at local (-43.5, 78.7), enclosing PointyTower
[stronghold] tower pier in legendary_chamber: 4.0 x 4.1 m at local (-20.0, 102.2), enclosing _MeshInstance3D_741725
[stronghold] tower pier in legendary_chamber: 4.0 x 4.1 m at local (-44.0, 102.2), enclosing _MeshInstance3D_741726
[stronghold] tower pier in legendary_chamber: 3.5 x 3.6 m at local (-19.7, 77.9), enclosing _MeshInstance3D_741727
[stronghold] 8 tower pier(s) enclosing massing that reached inside a roofed chamber
[stronghold] 87 interior dressing prop(s) in the roofed rooms
[trainers] placed 3 trainer(s) for group 'stronghold'
[stronghold] cleared 90 scattered prop(s) standing inside the five spaces
[stronghold] 21 exterior omni light(s) at the Hall (budget 22), 11 of them flickering fires
[stronghold] 5 spaces on the route (outer_works -> courtyard -> tether_approach -> warden_arena -> legendary_chamber), floor y=6.17, 3 gauntlet trainer(s), 15 approach pylon(s)
[trainers] placed 1 trainer(s) for group 'stronghold_climax'
[climax] the freed stand is 6.00 m from the machine's axis, inside its 8.05 m plinth on that bearing; moved out to 10.55 m
[climax] the legendary stands inside the machine: dais 4.06 m up, void 7.67 m tall, body 7.08 m, headroom 0.59 m
[meadow] the land lies drained: 15161 quads over 8 groups, grass field thinned
[occupation] the garrison withdrew: 2 groups gone, 6 dark (37 lights out, 105 flames out, 32 surfaces unlit)
[meadow] the tether let go: 1388 plants back, 37304 regreen quads, 143 tether lights out, 29 pylons down (0 left standing, 168 cable pieces gone), 7 of the herd back, 2 barriers open, 0 beaten patrols withdrawn
[climax] the legendary stands 10.55 m from the machine's axis, 0.00 m up
[climax] choice prompts: accept 2.56 m, refuse 2.56 m from the player (reach 1.60 m)
(capacity-accept-then-let-newcomer-go) read 'veridian_choice': Step to its shoulder to take it with you, or step back to leave it free. Both are final.
(capacity-accept-then-let-newcomer-go) walked 2.40 m to the accept prompt; offered 'Walk out with the Veridian Stag (final)'
[climax] the belt is full; R4.10's release ceremony has the decision
[climax] the legendary stands 10.55 m from the machine's axis, 0.00 m up
[climax] every participant has answered; the creature leaves the chamber
[meadow] every participant refused: the freed stag stands with the Highfield herd at (398.0, -6.098061, 5869.0)
(capacity-accept-then-let-newcomer-go) herd display stands at (398.0, -6.098061, 5869.0) after the answer
(capacity-accept-then-let-newcomer-go) answered: party 5, veridian 0, receipt legendary_resolution:refused:character-8fb764739268737c1482ac898ffe5696
ERROR: Parameter "material" is null.
   at: material_get_instance_shader_parameters (servers/rendering/dummy/storage/material_storage.cpp:264)
ERROR: Parameter "material" is null.
   at: material_get_instance_shader_parameters (servers/rendering/dummy/storage/material_storage.cpp:264)
[playground] spawned at -17.0, 3.5, 7652.3
[scatter bake] load phases (ms): read[256 regions, 387893 placements, 431212 skipped]=669 reorder[16 layers]=2037
[vegetation] grass field is on; 431212 placements across 2 layers left unbuilt (grass, flowers)
[vegetation] boot phases (ms): placements=2923 mark_harvestable=107 group_by_model=366 register_mesh_assets=25 build_batches_total=3284 (of which harvest_points[56283 nodes]=1790, initial_collision_stream[51210 solid]=103) update_mmis=257
[grass_field] grass ring: 62140 instances over 13 lattice layers (tuft_count asked for 75000), 24m cull tiles
[grass_field] stone ring: 6084 instances over 8 lattice layers (count 25000)
[grass_field] cover tier bushes   4876 instances over 4 lattice layers (count 6000)
[grass_field] cover tier flowers  9432 instances over 6 lattice layers (count 12000)
[grass_field] cover tier flowers_gold 5740 instances over 4 lattice layers (count 7000)
[grass_field] cover tier litter   6008 instances over 3 lattice layers (count 15000)
[grass_field] 4 cover tier(s) up
[grass_field] far cover: 1 sheet, 71200 tris, 46225 verts, 6m cell, 40-640m reach
[grass_field] bound: 62140 tufts, radius 72m, region_size 256, vertex_spacing 2.0, 1024 region slots
[grass_field] stone tier: rid_valid=true height_map=<null> region_map=-1 entries
[playground] scattered 386505 props in 36 batches (56283 harvestable, 0 already chopped, 141/51210 collision resident)
[water] pond quads 2538, stream points 46, reeds 152, marginals 32, bank flowers 72, rocks 40, driftwood 5, lilypads 49, jetty 18, level -17.0
[water] stream bank reeds 77, bank scrub 12
[water] river quads 390, bank reeds 134, bank scrub 57
[village] placed 29 structures
WARNING: prop 'Torch_Metal' has glow:"campfire" but no `Fire` surface to light
     at: push_warning (core/variant/variant_utility.cpp:1033)
     GDScript backtrace (most recent call first):
         [0] place (res://scripts/world/props.gd:286)
         [1] build (res://scripts/world/props.gd:65)
         [2] _build_settlement (res://scripts/world/playground_world.gd:1533)
         [3] _ready (res://scripts/world/playground_world.gd:855)
WARNING: prop 'Torch_Metal' has glow:"campfire" but no `Fire` surface to light
     at: push_warning (core/variant/variant_utility.cpp:1033)
     GDScript backtrace (most recent call first):
         [0] place (res://scripts/world/props.gd:286)
         [1] build (res://scripts/world/props.gd:65)
         [2] _build_settlement (res://scripts/world/playground_world.gd:1533)
         [3] _ready (res://scripts/world/playground_world.gd:855)
WARNING: prop 'Torch_Metal' has glow:"campfire" but no `Fire` surface to light
     at: push_warning (core/variant/variant_utility.cpp:1033)
     GDScript backtrace (most recent call first):
         [0] place (res://scripts/world/props.gd:286)
         [1] build (res://scripts/world/props.gd:65)
         [2] _build_settlement (res://scripts/world/playground_world.gd:1533)
         [3] _ready (res://scripts/world/playground_world.gd:855)
WARNING: prop 'Torch_Metal' has glow:"campfire" but no `Fire` surface to light
     at: push_warning (core/variant/variant_utility.cpp:1033)
     GDScript backtrace (most recent call first):
         [0] place (res://scripts/world/props.gd:286)
         [1] build (res://scripts/world/props.gd:65)
         [2] _build_settlement (res://scripts/world/playground_world.gd:1533)
         [3] _ready (res://scripts/world/playground_world.gd:855)
WARNING: prop 'Torch_Metal' has glow:"campfire" but no `Fire` surface to light
     at: push_warning (core/variant/variant_utility.cpp:1033)
     GDScript backtrace (most recent call first):
         [0] place (res://scripts/world/props.gd:286)
         [1] build (res://scripts/world/props.gd:65)
         [2] _build_settlement (res://scripts/world/playground_world.gd:1533)
         [3] _ready (res://scripts/world/playground_world.gd:855)
WARNING: prop 'Torch_Metal' has glow:"campfire" but no `Fire` surface to light
     at: push_warning (core/variant/variant_utility.cpp:1033)
     GDScript backtrace (most recent call first):
         [0] place (res://scripts/world/props.gd:286)
         [1] build (res://scripts/world/props.gd:65)
         [2] _build_settlement (res://scripts/world/playground_world.gd:1533)
         [3] _ready (res://scripts/world/playground_world.gd:855)
WARNING: prop 'Torch_Metal' has glow:"campfire" but no `Fire` surface to light
     at: push_warning (core/variant/variant_utility.cpp:1033)
     GDScript backtrace (most recent call first):
         [0] place (res://scripts/world/props.gd:286)
         [1] build (res://scripts/world/props.gd:65)
         [2] _build_settlement (res://scripts/world/playground_world.gd:1533)
         [3] _ready (res://scripts/world/playground_world.gd:855)
WARNING: prop 'Torch_Metal' has glow:"campfire" but no `Fire` surface to light
     at: push_warning (core/variant/variant_utility.cpp:1033)
     GDScript backtrace (most recent call first):
         [0] place (res://scripts/world/props.gd:286)
         [1] build (res://scripts/world/props.gd:65)
         [2] _build_settlement (res://scripts/world/playground_world.gd:1533)
         [3] _ready (res://scripts/world/playground_world.gd:855)
[props] placed 434 props in 54 clusters (6 usable rest points)
[village_npcs] placed 18 of 20
[relay_site] placed 3 of 3
[pond_npc] placed 1 of 1
[trainers] placed 21 trainer(s)
[south_bridge_dressing] placed 1 of 1
[quarry] 2 foundations, 4 pylons, 1 finish treatment standing
[relay] cleared 152 scattered pieces inside the 27m station radius
[relay] station at 350, 3760: 4 wall runs, 2 decks, 1 ramps, 10 pylons
[river] 18 course segments, 18 recovery volumes
[playground] severed spokes standing: river_gorge, storm_road, mountain_trail, stone_gate, high_pass, cliff_road, blighted_road
[playground] placed 198 harvest nodes
[playground] placed 6 farm plots
[playground] placed 147 band pickups (0 already taken, 34 nudged off scatter, 0 unclear, 0 without ground)
[warrens] cleared 821 scattered trees/rocks inside the 30m site radius and the chambers
[warrens] hero clearing: removed 803 more scattered pieces out to 55m (was 30m) so no background tree competes with the mound
[warrens] bank cap closes the dome over the throat (297 quads)
[warrens] planted 20 pieces of ground cover around the site
[warrens] earth bank 65x90m, crest 17.0m above the mouth (9.5x the 1.8m trainer); chamber clearance past the required 1.5m: mouth +4.8m, hall +3.8m, warren +4.1m, den +2.5m, vault +4.1m (worst 2.5m)
[warrens] 4 flora pieces beside the mouth
[warrens] 7 claw scrapes beside the mouth
[warrens] 5 crest trees standing on the bank
[warrens] scattered 78 rubble pieces across the face foot, spoil fans and threshold
[warrens] 220 pieces of growth on the bank
[warrens] 182 pieces of interior rock across 5 chambers
[warrens] 8 connected excavated terrain masses preserve the original collision route
[warrens] 12 root masses
[warrens] 8 fungus clusters, 3 species
[warrens] 40 litter pieces
[warrens] 4 haze cards
[warrens] guardian carries an alert bearing (neck -30, head -12, spine -7 deg)
[warrens] guardian idle faces the den's entrance passage (yaw -169.0 deg)
[approach-drain] 690 drained quads over the approach corridor
[stronghold] approach ramp: 11.3m of rise over 40m (16 degrees)
[stronghold] 407 structural members across 5 spaces
[stronghold] hall massing exterior lift: 1.30x height on 17/18 module(s)
[stronghold] massing grounded: 17 of 35 module foot shaft(s) to skirt y=-18.0
[stronghold] waist: 3 inter-chamber gap(s) wrapped on both flanks
[stronghold] tower pier in warden_arena: 2.6 x 3.1 m at local (-10.8, 78.7), enclosing LargeTower
[stronghold] tower pier in warden_arena: 2.6 x 3.1 m at local (10.8, 78.7), enclosing _MeshInstance3D_809317
[stronghold] tower pier in warden_arena: 2.6 x 3.1 m at local (-10.8, 101.7), enclosing _MeshInstance3D_809318
[stronghold] tower pier in warden_arena: 2.6 x 3.1 m at local (10.8, 101.7), enclosing _MeshInstance3D_809319
[stronghold] tower pier in legendary_chamber: 5.0 x 5.1 m at local (-43.5, 78.7), enclosing PointyTower
[stronghold] tower pier in legendary_chamber: 4.0 x 4.1 m at local (-20.0, 102.2), enclosing _MeshInstance3D_809320
[stronghold] tower pier in legendary_chamber: 4.0 x 4.1 m at local (-44.0, 102.2), enclosing _MeshInstance3D_809321
[stronghold] tower pier in legendary_chamber: 3.5 x 3.6 m at local (-19.7, 77.9), enclosing _MeshInstance3D_809322
[stronghold] 8 tower pier(s) enclosing massing that reached inside a roofed chamber
[stronghold] 87 interior dressing prop(s) in the roofed rooms
[trainers] placed 3 trainer(s) for group 'stronghold'
[stronghold] cleared 90 scattered prop(s) standing inside the five spaces
[stronghold] 21 exterior omni light(s) at the Hall (budget 22), 11 of them flickering fires
[stronghold] 5 spaces on the route (outer_works -> courtyard -> tether_approach -> warden_arena -> legendary_chamber), floor y=6.17, 3 gauntlet trainer(s), 15 approach pylon(s)
[trainers] placed 1 trainer(s) for group 'stronghold_climax'
[climax] the freed stand is 6.00 m from the machine's axis, inside its 8.05 m plinth on that bearing; moved out to 10.55 m
[climax] the legendary stands inside the machine: dais 4.06 m up, void 7.67 m tall, body 7.08 m, headroom 0.59 m
[meadow] the land lies drained: 15161 quads over 8 groups, grass field thinned
[climax] the freeing was already settled here; the caged creature is gone
[occupation] the garrison withdrew: 2 groups gone, 6 dark (37 lights out, 105 flames out, 32 surfaces unlit)
[meadow] the tether let go: 1388 plants back, 37304 regreen quads, 143 tether lights out, 29 pylons down (0 left standing, 168 cable pieces gone), 7 of the herd back, 0 barriers open, 0 beaten patrols withdrawn
[meadow] every participant refused: the freed stag stands with the Highfield herd at (398.0, -6.098061, 5869.0)
(capacity-accept-then-let-newcomer-go) herd display stands at (398.0, -6.098061, 5869.0) after reload
(capacity-accept-then-let-newcomer-go) reload: no re-offer, same party, receipts kept
ERROR: Parameter "material" is null.
   at: material_get_instance_shader_parameters (servers/rendering/dummy/storage/material_storage.cpp:264)
ERROR: Parameter "material" is null.
   at: material_get_instance_shader_parameters (servers/rendering/dummy/storage/material_storage.cpp:264)
[playground] spawned at -17.0, 3.5, 7652.3
[scatter bake] load phases (ms): read[256 regions, 387893 placements, 431212 skipped]=669 reorder[16 layers]=2045
[vegetation] grass field is on; 431212 placements across 2 layers left unbuilt (grass, flowers)
[vegetation] boot phases (ms): placements=2927 mark_harvestable=106 group_by_model=366 register_mesh_assets=24 build_batches_total=3270 (of which harvest_points[56283 nodes]=1779, initial_collision_stream[51210 solid]=104) update_mmis=254
[grass_field] grass ring: 62140 instances over 13 lattice layers (tuft_count asked for 75000), 24m cull tiles
[grass_field] stone ring: 6084 instances over 8 lattice layers (count 25000)
[grass_field] cover tier bushes   4876 instances over 4 lattice layers (count 6000)
[grass_field] cover tier flowers  9432 instances over 6 lattice layers (count 12000)
[grass_field] cover tier flowers_gold 5740 instances over 4 lattice layers (count 7000)
[grass_field] cover tier litter   6008 instances over 3 lattice layers (count 15000)
[grass_field] 4 cover tier(s) up
[grass_field] far cover: 1 sheet, 71200 tris, 46225 verts, 6m cell, 40-640m reach
[grass_field] bound: 62140 tufts, radius 72m, region_size 256, vertex_spacing 2.0, 1024 region slots
[grass_field] stone tier: rid_valid=true height_map=<null> region_map=-1 entries
[playground] scattered 386505 props in 36 batches (56283 harvestable, 0 already chopped, 141/51210 collision resident)
[water] pond quads 2538, stream points 46, reeds 152, marginals 32, bank flowers 72, rocks 40, driftwood 5, lilypads 49, jetty 18, level -17.0
[water] stream bank reeds 77, bank scrub 12
[water] river quads 390, bank reeds 134, bank scrub 57
[village] placed 29 structures
WARNING: prop 'Torch_Metal' has glow:"campfire" but no `Fire` surface to light
     at: push_warning (core/variant/variant_utility.cpp:1033)
     GDScript backtrace (most recent call first):
         [0] place (res://scripts/world/props.gd:286)
         [1] build (res://scripts/world/props.gd:65)
         [2] _build_settlement (res://scripts/world/playground_world.gd:1533)
         [3] _ready (res://scripts/world/playground_world.gd:855)
WARNING: prop 'Torch_Metal' has glow:"campfire" but no `Fire` surface to light
     at: push_warning (core/variant/variant_utility.cpp:1033)
     GDScript backtrace (most recent call first):
         [0] place (res://scripts/world/props.gd:286)
         [1] build (res://scripts/world/props.gd:65)
         [2] _build_settlement (res://scripts/world/playground_world.gd:1533)
         [3] _ready (res://scripts/world/playground_world.gd:855)
WARNING: prop 'Torch_Metal' has glow:"campfire" but no `Fire` surface to light
     at: push_warning (core/variant/variant_utility.cpp:1033)
     GDScript backtrace (most recent call first):
         [0] place (res://scripts/world/props.gd:286)
         [1] build (res://scripts/world/props.gd:65)
         [2] _build_settlement (res://scripts/world/playground_world.gd:1533)
         [3] _ready (res://scripts/world/playground_world.gd:855)
WARNING: prop 'Torch_Metal' has glow:"campfire" but no `Fire` surface to light
     at: push_warning (core/variant/variant_utility.cpp:1033)
     GDScript backtrace (most recent call first):
         [0] place (res://scripts/world/props.gd:286)
         [1] build (res://scripts/world/props.gd:65)
         [2] _build_settlement (res://scripts/world/playground_world.gd:1533)
         [3] _ready (res://scripts/world/playground_world.gd:855)
WARNING: prop 'Torch_Metal' has glow:"campfire" but no `Fire` surface to light
     at: push_warning (core/variant/variant_utility.cpp:1033)
     GDScript backtrace (most recent call first):
         [0] place (res://scripts/world/props.gd:286)
         [1] build (res://scripts/world/props.gd:65)
         [2] _build_settlement (res://scripts/world/playground_world.gd:1533)
         [3] _ready (res://scripts/world/playground_world.gd:855)
WARNING: prop 'Torch_Metal' has glow:"campfire" but no `Fire` surface to light
     at: push_warning (core/variant/variant_utility.cpp:1033)
     GDScript backtrace (most recent call first):
         [0] place (res://scripts/world/props.gd:286)
         [1] build (res://scripts/world/props.gd:65)
         [2] _build_settlement (res://scripts/world/playground_world.gd:1533)
         [3] _ready (res://scripts/world/playground_world.gd:855)
WARNING: prop 'Torch_Metal' has glow:"campfire" but no `Fire` surface to light
     at: push_warning (core/variant/variant_utility.cpp:1033)
     GDScript backtrace (most recent call first):
         [0] place (res://scripts/world/props.gd:286)
         [1] build (res://scripts/world/props.gd:65)
         [2] _build_settlement (res://scripts/world/playground_world.gd:1533)
         [3] _ready (res://scripts/world/playground_world.gd:855)
WARNING: prop 'Torch_Metal' has glow:"campfire" but no `Fire` surface to light
     at: push_warning (core/variant/variant_utility.cpp:1033)
     GDScript backtrace (most recent call first):
         [0] place (res://scripts/world/props.gd:286)
         [1] build (res://scripts/world/props.gd:65)
         [2] _build_settlement (res://scripts/world/playground_world.gd:1533)
         [3] _ready (res://scripts/world/playground_world.gd:855)
[props] placed 434 props in 54 clusters (6 usable rest points)
[village_npcs] placed 19 of 20
[relay_site] placed 3 of 3
[pond_npc] placed 1 of 1
[trainers] placed 21 trainer(s)
[south_bridge_dressing] placed 1 of 1
[quarry] 2 foundations, 4 pylons, 1 finish treatment standing
[relay] cleared 152 scattered pieces inside the 27m station radius
[relay] station at 350, 3760: 4 wall runs, 2 decks, 1 ramps, 10 pylons
[river] 18 course segments, 18 recovery volumes
[playground] severed spokes standing: river_gorge, storm_road, mountain_trail, stone_gate, high_pass, cliff_road, blighted_road
[playground] placed 198 harvest nodes
[playground] placed 6 farm plots
[playground] placed 147 band pickups (0 already taken, 34 nudged off scatter, 0 unclear, 0 without ground)
[warrens] cleared 821 scattered trees/rocks inside the 30m site radius and the chambers
[warrens] hero clearing: removed 803 more scattered pieces out to 55m (was 30m) so no background tree competes with the mound
[warrens] bank cap closes the dome over the throat (297 quads)
[warrens] planted 20 pieces of ground cover around the site
[warrens] earth bank 65x90m, crest 17.0m above the mouth (9.5x the 1.8m trainer); chamber clearance past the required 1.5m: mouth +4.8m, hall +3.8m, warren +4.1m, den +2.5m, vault +4.1m (worst 2.5m)
[warrens] 4 flora pieces beside the mouth
[warrens] 7 claw scrapes beside the mouth
[warrens] 5 crest trees standing on the bank
[warrens] scattered 78 rubble pieces across the face foot, spoil fans and threshold
[warrens] 220 pieces of growth on the bank
[warrens] 182 pieces of interior rock across 5 chambers
[warrens] 8 connected excavated terrain masses preserve the original collision route
[warrens] 12 root masses
[warrens] 8 fungus clusters, 3 species
[warrens] 40 litter pieces
[warrens] 4 haze cards
[warrens] guardian carries an alert bearing (neck -30, head -12, spine -7 deg)
[warrens] guardian idle faces the den's entrance passage (yaw -169.0 deg)
[approach-drain] 690 drained quads over the approach corridor
[stronghold] approach ramp: 11.3m of rise over 40m (16 degrees)
[stronghold] 407 structural members across 5 spaces
[stronghold] hall massing exterior lift: 1.30x height on 17/18 module(s)
[stronghold] massing grounded: 17 of 35 module foot shaft(s) to skirt y=-18.0
[stronghold] waist: 3 inter-chamber gap(s) wrapped on both flanks
[stronghold] tower pier in warden_arena: 2.6 x 3.1 m at local (-10.8, 78.7), enclosing LargeTower
[stronghold] tower pier in warden_arena: 2.6 x 3.1 m at local (10.8, 78.7), enclosing _MeshInstance3D_877165
[stronghold] tower pier in warden_arena: 2.6 x 3.1 m at local (-10.8, 101.7), enclosing _MeshInstance3D_877166
[stronghold] tower pier in warden_arena: 2.6 x 3.1 m at local (10.8, 101.7), enclosing _MeshInstance3D_877167
[stronghold] tower pier in legendary_chamber: 5.0 x 5.1 m at local (-43.5, 78.7), enclosing PointyTower
[stronghold] tower pier in legendary_chamber: 4.0 x 4.1 m at local (-20.0, 102.2), enclosing _MeshInstance3D_877168
[stronghold] tower pier in legendary_chamber: 4.0 x 4.1 m at local (-44.0, 102.2), enclosing _MeshInstance3D_877169
[stronghold] tower pier in legendary_chamber: 3.5 x 3.6 m at local (-19.7, 77.9), enclosing _MeshInstance3D_877170
[stronghold] 8 tower pier(s) enclosing massing that reached inside a roofed chamber
[stronghold] 87 interior dressing prop(s) in the roofed rooms
[trainers] placed 3 trainer(s) for group 'stronghold'
[stronghold] cleared 90 scattered prop(s) standing inside the five spaces
[stronghold] 21 exterior omni light(s) at the Hall (budget 22), 11 of them flickering fires
[stronghold] 5 spaces on the route (outer_works -> courtyard -> tether_approach -> warden_arena -> legendary_chamber), floor y=6.17, 3 gauntlet trainer(s), 15 approach pylon(s)
[trainers] placed 1 trainer(s) for group 'stronghold_climax'
[climax] the freed stand is 6.00 m from the machine's axis, inside its 8.05 m plinth on that bearing; moved out to 10.55 m
[climax] the legendary stands inside the machine: dais 4.06 m up, void 7.67 m tall, body 7.08 m, headroom 0.59 m
[climax] the legendary stands 10.55 m from the machine's axis, 0.00 m up
[occupation] the garrison withdrew: 2 groups gone, 6 dark (37 lights out, 105 flames out, 32 surfaces unlit)
[meadow] the tether let go: 1388 plants back, 37304 regreen quads, 139 tether lights out, 29 pylons down (0 left standing, 168 cable pieces gone), 7 of the herd back, 0 barriers open, 0 beaten patrols withdrawn
[meadow] every participant refused: the freed stag stands with the Highfield herd at (398.0, -6.098061, 5869.0)
[climax] the legendary stands 10.55 m from the machine's axis, 0.00 m up
[climax] every participant has answered; the creature leaves the chamber
[climax] the tether machinery has failed; 'legendary_freed' is set for SG44
(capacity-accept-then-let-newcomer-go) the personal receipt alone prevents a second offer
--- capacity-accept-release-one
ERROR: Parameter "material" is null.
   at: material_get_instance_shader_parameters (servers/rendering/dummy/storage/material_storage.cpp:264)
ERROR: Parameter "material" is null.
   at: material_get_instance_shader_parameters (servers/rendering/dummy/storage/material_storage.cpp:264)
[playground] spawned at -17.0, 3.5, 7652.3
[scatter bake] load phases (ms): read[256 regions, 387893 placements, 431212 skipped]=666 reorder[16 layers]=2041
[vegetation] grass field is on; 431212 placements across 2 layers left unbuilt (grass, flowers)
[vegetation] boot phases (ms): placements=2925 mark_harvestable=108 group_by_model=365 register_mesh_assets=24 build_batches_total=3270 (of which harvest_points[56283 nodes]=1776, initial_collision_stream[51210 solid]=101) update_mmis=256
[grass_field] grass ring: 62140 instances over 13 lattice layers (tuft_count asked for 75000), 24m cull tiles
[grass_field] stone ring: 6084 instances over 8 lattice layers (count 25000)
[grass_field] cover tier bushes   4876 instances over 4 lattice layers (count 6000)
[grass_field] cover tier flowers  9432 instances over 6 lattice layers (count 12000)
[grass_field] cover tier flowers_gold 5740 instances over 4 lattice layers (count 7000)
[grass_field] cover tier litter   6008 instances over 3 lattice layers (count 15000)
[grass_field] 4 cover tier(s) up
[grass_field] far cover: 1 sheet, 71200 tris, 46225 verts, 6m cell, 40-640m reach
[grass_field] bound: 62140 tufts, radius 72m, region_size 256, vertex_spacing 2.0, 1024 region slots
[grass_field] stone tier: rid_valid=true height_map=<null> region_map=-1 entries
[playground] scattered 386505 props in 36 batches (56283 harvestable, 0 already chopped, 141/51210 collision resident)
[water] pond quads 2538, stream points 46, reeds 152, marginals 32, bank flowers 72, rocks 40, driftwood 5, lilypads 49, jetty 18, level -17.0
[water] stream bank reeds 77, bank scrub 12
[water] river quads 390, bank reeds 134, bank scrub 57
[village] placed 29 structures
WARNING: prop 'Torch_Metal' has glow:"campfire" but no `Fire` surface to light
     at: push_warning (core/variant/variant_utility.cpp:1033)
     GDScript backtrace (most recent call first):
         [0] place (res://scripts/world/props.gd:286)
         [1] build (res://scripts/world/props.gd:65)
         [2] _build_settlement (res://scripts/world/playground_world.gd:1533)
         [3] _ready (res://scripts/world/playground_world.gd:855)
WARNING: prop 'Torch_Metal' has glow:"campfire" but no `Fire` surface to light
     at: push_warning (core/variant/variant_utility.cpp:1033)
     GDScript backtrace (most recent call first):
         [0] place (res://scripts/world/props.gd:286)
         [1] build (res://scripts/world/props.gd:65)
         [2] _build_settlement (res://scripts/world/playground_world.gd:1533)
         [3] _ready (res://scripts/world/playground_world.gd:855)
WARNING: prop 'Torch_Metal' has glow:"campfire" but no `Fire` surface to light
     at: push_warning (core/variant/variant_utility.cpp:1033)
     GDScript backtrace (most recent call first):
         [0] place (res://scripts/world/props.gd:286)
         [1] build (res://scripts/world/props.gd:65)
         [2] _build_settlement (res://scripts/world/playground_world.gd:1533)
         [3] _ready (res://scripts/world/playground_world.gd:855)
WARNING: prop 'Torch_Metal' has glow:"campfire" but no `Fire` surface to light
     at: push_warning (core/variant/variant_utility.cpp:1033)
     GDScript backtrace (most recent call first):
         [0] place (res://scripts/world/props.gd:286)
         [1] build (res://scripts/world/props.gd:65)
         [2] _build_settlement (res://scripts/world/playground_world.gd:1533)
         [3] _ready (res://scripts/world/playground_world.gd:855)
WARNING: prop 'Torch_Metal' has glow:"campfire" but no `Fire` surface to light
     at: push_warning (core/variant/variant_utility.cpp:1033)
     GDScript backtrace (most recent call first):
         [0] place (res://scripts/world/props.gd:286)
         [1] build (res://scripts/world/props.gd:65)
         [2] _build_settlement (res://scripts/world/playground_world.gd:1533)
         [3] _ready (res://scripts/world/playground_world.gd:855)
WARNING: prop 'Torch_Metal' has glow:"campfire" but no `Fire` surface to light
     at: push_warning (core/variant/variant_utility.cpp:1033)
     GDScript backtrace (most recent call first):
         [0] place (res://scripts/world/props.gd:286)
         [1] build (res://scripts/world/props.gd:65)
         [2] _build_settlement (res://scripts/world/playground_world.gd:1533)
         [3] _ready (res://scripts/world/playground_world.gd:855)
WARNING: prop 'Torch_Metal' has glow:"campfire" but no `Fire` surface to light
     at: push_warning (core/variant/variant_utility.cpp:1033)
     GDScript backtrace (most recent call first):
         [0] place (res://scripts/world/props.gd:286)
         [1] build (res://scripts/world/props.gd:65)
         [2] _build_settlement (res://scripts/world/playground_world.gd:1533)
         [3] _ready (res://scripts/world/playground_world.gd:855)
WARNING: prop 'Torch_Metal' has glow:"campfire" but no `Fire` surface to light
     at: push_warning (core/variant/variant_utility.cpp:1033)
     GDScript backtrace (most recent call first):
         [0] place (res://scripts/world/props.gd:286)
         [1] build (res://scripts/world/props.gd:65)
         [2] _build_settlement (res://scripts/world/playground_world.gd:1533)
         [3] _ready (res://scripts/world/playground_world.gd:855)
[props] placed 434 props in 54 clusters (6 usable rest points)
[village_npcs] placed 18 of 20
[relay_site] placed 3 of 3
[pond_npc] placed 1 of 1
[trainers] placed 21 trainer(s)
[south_bridge_dressing] placed 1 of 1
[quarry] 2 foundations, 4 pylons, 1 finish treatment standing
[relay] cleared 152 scattered pieces inside the 27m station radius
[relay] station at 350, 3760: 4 wall runs, 2 decks, 1 ramps, 10 pylons
[river] 18 course segments, 18 recovery volumes
[playground] severed spokes standing: river_gorge, storm_road, mountain_trail, stone_gate, high_pass, cliff_road, blighted_road
[playground] placed 198 harvest nodes
[playground] placed 6 farm plots
[playground] placed 147 band pickups (0 already taken, 34 nudged off scatter, 0 unclear, 0 without ground)
[warrens] cleared 821 scattered trees/rocks inside the 30m site radius and the chambers
[warrens] hero clearing: removed 803 more scattered pieces out to 55m (was 30m) so no background tree competes with the mound
[warrens] bank cap closes the dome over the throat (297 quads)
[warrens] planted 20 pieces of ground cover around the site
[warrens] earth bank 65x90m, crest 17.0m above the mouth (9.5x the 1.8m trainer); chamber clearance past the required 1.5m: mouth +4.8m, hall +3.8m, warren +4.1m, den +2.5m, vault +4.1m (worst 2.5m)
[warrens] 4 flora pieces beside the mouth
[warrens] 7 claw scrapes beside the mouth
[warrens] 5 crest trees standing on the bank
[warrens] scattered 78 rubble pieces across the face foot, spoil fans and threshold
[warrens] 220 pieces of growth on the bank
[warrens] 182 pieces of interior rock across 5 chambers
[warrens] 8 connected excavated terrain masses preserve the original collision route
[warrens] 12 root masses
[warrens] 8 fungus clusters, 3 species
[warrens] 40 litter pieces
[warrens] 4 haze cards
[warrens] guardian carries an alert bearing (neck -30, head -12, spine -7 deg)
[warrens] guardian idle faces the den's entrance passage (yaw -169.0 deg)
[approach-drain] 690 drained quads over the approach corridor
[stronghold] approach ramp: 11.3m of rise over 40m (16 degrees)
[stronghold] 407 structural members across 5 spaces
[stronghold] hall massing exterior lift: 1.30x height on 17/18 module(s)
[stronghold] massing grounded: 17 of 35 module foot shaft(s) to skirt y=-18.0
[stronghold] waist: 3 inter-chamber gap(s) wrapped on both flanks
[stronghold] tower pier in warden_arena: 2.6 x 3.1 m at local (-10.8, 78.7), enclosing LargeTower
[stronghold] tower pier in warden_arena: 2.6 x 3.1 m at local (10.8, 78.7), enclosing _MeshInstance3D_944583
[stronghold] tower pier in warden_arena: 2.6 x 3.1 m at local (-10.8, 101.7), enclosing _MeshInstance3D_944584
[stronghold] tower pier in warden_arena: 2.6 x 3.1 m at local (10.8, 101.7), enclosing _MeshInstance3D_944585
[stronghold] tower pier in legendary_chamber: 5.0 x 5.1 m at local (-43.5, 78.7), enclosing PointyTower
[stronghold] tower pier in legendary_chamber: 4.0 x 4.1 m at local (-20.0, 102.2), enclosing _MeshInstance3D_944586
[stronghold] tower pier in legendary_chamber: 4.0 x 4.1 m at local (-44.0, 102.2), enclosing _MeshInstance3D_944587
[stronghold] tower pier in legendary_chamber: 3.5 x 3.6 m at local (-19.7, 77.9), enclosing _MeshInstance3D_944588
[stronghold] 8 tower pier(s) enclosing massing that reached inside a roofed chamber
[stronghold] 87 interior dressing prop(s) in the roofed rooms
[trainers] placed 3 trainer(s) for group 'stronghold'
[stronghold] cleared 90 scattered prop(s) standing inside the five spaces
[stronghold] 21 exterior omni light(s) at the Hall (budget 22), 11 of them flickering fires
[stronghold] 5 spaces on the route (outer_works -> courtyard -> tether_approach -> warden_arena -> legendary_chamber), floor y=6.17, 3 gauntlet trainer(s), 15 approach pylon(s)
[trainers] placed 1 trainer(s) for group 'stronghold_climax'
[climax] the freed stand is 6.00 m from the machine's axis, inside its 8.05 m plinth on that bearing; moved out to 10.55 m
[climax] the legendary stands inside the machine: dais 4.06 m up, void 7.67 m tall, body 7.08 m, headroom 0.59 m
[meadow] the land lies drained: 15161 quads over 8 groups, grass field thinned
[occupation] the garrison withdrew: 2 groups gone, 6 dark (37 lights out, 105 flames out, 32 surfaces unlit)
[meadow] the tether let go: 1388 plants back, 37304 regreen quads, 143 tether lights out, 29 pylons down (0 left standing, 168 cable pieces gone), 7 of the herd back, 2 barriers open, 0 beaten patrols withdrawn
[climax] the legendary stands 10.55 m from the machine's axis, 0.00 m up
[climax] choice prompts: accept 2.56 m, refuse 2.56 m from the player (reach 1.60 m)
(capacity-accept-release-one) read 'veridian_choice': Step to its shoulder to take it with you, or step back to leave it free. Both are final.
(capacity-accept-release-one) walked 2.40 m to the accept prompt; offered 'Walk out with the Veridian Stag (final)'
[climax] the belt is full; R4.10's release ceremony has the decision
[climax] the legendary stands 10.55 m from the machine's axis, 0.00 m up
[climax] every participant has answered; the creature leaves the chamber
(capacity-accept-release-one) answered: party 5, veridian 1, receipt legendary_resolution:accepted:character-8fb764739268737c1482ac898ffe5696
ERROR: Parameter "material" is null.
   at: material_get_instance_shader_parameters (servers/rendering/dummy/storage/material_storage.cpp:264)
ERROR: Parameter "material" is null.
   at: material_get_instance_shader_parameters (servers/rendering/dummy/storage/material_storage.cpp:264)
[playground] spawned at -17.0, 3.5, 7652.3
[scatter bake] load phases (ms): read[256 regions, 387893 placements, 431212 skipped]=663 reorder[16 layers]=2059
[vegetation] grass field is on; 431212 placements across 2 layers left unbuilt (grass, flowers)
[vegetation] boot phases (ms): placements=2939 mark_harvestable=110 group_by_model=366 register_mesh_assets=24 build_batches_total=3250 (of which harvest_points[56283 nodes]=1785, initial_collision_stream[51210 solid]=102) update_mmis=251
[grass_field] grass ring: 62140 instances over 13 lattice layers (tuft_count asked for 75000), 24m cull tiles
[grass_field] stone ring: 6084 instances over 8 lattice layers (count 25000)
[grass_field] cover tier bushes   4876 instances over 4 lattice layers (count 6000)
[grass_field] cover tier flowers  9432 instances over 6 lattice layers (count 12000)
[grass_field] cover tier flowers_gold 5740 instances over 4 lattice layers (count 7000)
[grass_field] cover tier litter   6008 instances over 3 lattice layers (count 15000)
[grass_field] 4 cover tier(s) up
[grass_field] far cover: 1 sheet, 71200 tris, 46225 verts, 6m cell, 40-640m reach
[grass_field] bound: 62140 tufts, radius 72m, region_size 256, vertex_spacing 2.0, 1024 region slots
[grass_field] stone tier: rid_valid=true height_map=<null> region_map=-1 entries
[playground] scattered 386505 props in 36 batches (56283 harvestable, 0 already chopped, 141/51210 collision resident)
[water] pond quads 2538, stream points 46, reeds 152, marginals 32, bank flowers 72, rocks 40, driftwood 5, lilypads 49, jetty 18, level -17.0
[water] stream bank reeds 77, bank scrub 12
[water] river quads 390, bank reeds 134, bank scrub 57
[village] placed 29 structures
WARNING: prop 'Torch_Metal' has glow:"campfire" but no `Fire` surface to light
     at: push_warning (core/variant/variant_utility.cpp:1033)
     GDScript backtrace (most recent call first):
         [0] place (res://scripts/world/props.gd:286)
         [1] build (res://scripts/world/props.gd:65)
         [2] _build_settlement (res://scripts/world/playground_world.gd:1533)
         [3] _ready (res://scripts/world/playground_world.gd:855)
WARNING: prop 'Torch_Metal' has glow:"campfire" but no `Fire` surface to light
     at: push_warning (core/variant/variant_utility.cpp:1033)
     GDScript backtrace (most recent call first):
         [0] place (res://scripts/world/props.gd:286)
         [1] build (res://scripts/world/props.gd:65)
         [2] _build_settlement (res://scripts/world/playground_world.gd:1533)
         [3] _ready (res://scripts/world/playground_world.gd:855)
WARNING: prop 'Torch_Metal' has glow:"campfire" but no `Fire` surface to light
     at: push_warning (core/variant/variant_utility.cpp:1033)
     GDScript backtrace (most recent call first):
         [0] place (res://scripts/world/props.gd:286)
         [1] build (res://scripts/world/props.gd:65)
         [2] _build_settlement (res://scripts/world/playground_world.gd:1533)
         [3] _ready (res://scripts/world/playground_world.gd:855)
WARNING: prop 'Torch_Metal' has glow:"campfire" but no `Fire` surface to light
     at: push_warning (core/variant/variant_utility.cpp:1033)
     GDScript backtrace (most recent call first):
         [0] place (res://scripts/world/props.gd:286)
         [1] build (res://scripts/world/props.gd:65)
         [2] _build_settlement (res://scripts/world/playground_world.gd:1533)
         [3] _ready (res://scripts/world/playground_world.gd:855)
WARNING: prop 'Torch_Metal' has glow:"campfire" but no `Fire` surface to light
     at: push_warning (core/variant/variant_utility.cpp:1033)
     GDScript backtrace (most recent call first):
         [0] place (res://scripts/world/props.gd:286)
         [1] build (res://scripts/world/props.gd:65)
         [2] _build_settlement (res://scripts/world/playground_world.gd:1533)
         [3] _ready (res://scripts/world/playground_world.gd:855)
WARNING: prop 'Torch_Metal' has glow:"campfire" but no `Fire` surface to light
     at: push_warning (core/variant/variant_utility.cpp:1033)
     GDScript backtrace (most recent call first):
         [0] place (res://scripts/world/props.gd:286)
         [1] build (res://scripts/world/props.gd:65)
         [2] _build_settlement (res://scripts/world/playground_world.gd:1533)
         [3] _ready (res://scripts/world/playground_world.gd:855)
WARNING: prop 'Torch_Metal' has glow:"campfire" but no `Fire` surface to light
     at: push_warning (core/variant/variant_utility.cpp:1033)
     GDScript backtrace (most recent call first):
         [0] place (res://scripts/world/props.gd:286)
         [1] build (res://scripts/world/props.gd:65)
         [2] _build_settlement (res://scripts/world/playground_world.gd:1533)
         [3] _ready (res://scripts/world/playground_world.gd:855)
WARNING: prop 'Torch_Metal' has glow:"campfire" but no `Fire` surface to light
     at: push_warning (core/variant/variant_utility.cpp:1033)
     GDScript backtrace (most recent call first):
         [0] place (res://scripts/world/props.gd:286)
         [1] build (res://scripts/world/props.gd:65)
         [2] _build_settlement (res://scripts/world/playground_world.gd:1533)
         [3] _ready (res://scripts/world/playground_world.gd:855)
[props] placed 434 props in 54 clusters (6 usable rest points)
[village_npcs] placed 18 of 20
[relay_site] placed 3 of 3
[pond_npc] placed 1 of 1
[trainers] placed 21 trainer(s)
[south_bridge_dressing] placed 1 of 1
[quarry] 2 foundations, 4 pylons, 1 finish treatment standing
[relay] cleared 152 scattered pieces inside the 27m station radius
[relay] station at 350, 3760: 4 wall runs, 2 decks, 1 ramps, 10 pylons
[river] 18 course segments, 18 recovery volumes
[playground] severed spokes standing: river_gorge, storm_road, mountain_trail, stone_gate, high_pass, cliff_road, blighted_road
[playground] placed 198 harvest nodes
[playground] placed 6 farm plots
[playground] placed 147 band pickups (0 already taken, 34 nudged off scatter, 0 unclear, 0 without ground)
[warrens] cleared 821 scattered trees/rocks inside the 30m site radius and the chambers
[warrens] hero clearing: removed 803 more scattered pieces out to 55m (was 30m) so no background tree competes with the mound
[warrens] bank cap closes the dome over the throat (297 quads)
[warrens] planted 20 pieces of ground cover around the site
[warrens] earth bank 65x90m, crest 17.0m above the mouth (9.5x the 1.8m trainer); chamber clearance past the required 1.5m: mouth +4.8m, hall +3.8m, warren +4.1m, den +2.5m, vault +4.1m (worst 2.5m)
[warrens] 4 flora pieces beside the mouth
[warrens] 7 claw scrapes beside the mouth
[warrens] 5 crest trees standing on the bank
[warrens] scattered 78 rubble pieces across the face foot, spoil fans and threshold
[warrens] 220 pieces of growth on the bank
[warrens] 182 pieces of interior rock across 5 chambers
[warrens] 8 connected excavated terrain masses preserve the original collision route
[warrens] 12 root masses
[warrens] 8 fungus clusters, 3 species
[warrens] 40 litter pieces
[warrens] 4 haze cards
[warrens] guardian carries an alert bearing (neck -30, head -12, spine -7 deg)
[warrens] guardian idle faces the den's entrance passage (yaw -169.0 deg)
[approach-drain] 690 drained quads over the approach corridor
[stronghold] approach ramp: 11.3m of rise over 40m (16 degrees)
[stronghold] 407 structural members across 5 spaces
[stronghold] hall massing exterior lift: 1.30x height on 17/18 module(s)
[stronghold] massing grounded: 17 of 35 module foot shaft(s) to skirt y=-18.0
[stronghold] waist: 3 inter-chamber gap(s) wrapped on both flanks
[stronghold] tower pier in warden_arena: 2.6 x 3.1 m at local (-10.8, 78.7), enclosing LargeTower
[stronghold] tower pier in warden_arena: 2.6 x 3.1 m at local (10.8, 78.7), enclosing _MeshInstance3D_1012180
[stronghold] tower pier in warden_arena: 2.6 x 3.1 m at local (-10.8, 101.7), enclosing _MeshInstance3D_1012181
[stronghold] tower pier in warden_arena: 2.6 x 3.1 m at local (10.8, 101.7), enclosing _MeshInstance3D_1012182
[stronghold] tower pier in legendary_chamber: 5.0 x 5.1 m at local (-43.5, 78.7), enclosing PointyTower
[stronghold] tower pier in legendary_chamber: 4.0 x 4.1 m at local (-20.0, 102.2), enclosing _MeshInstance3D_1012183
[stronghold] tower pier in legendary_chamber: 4.0 x 4.1 m at local (-44.0, 102.2), enclosing _MeshInstance3D_1012184
[stronghold] tower pier in legendary_chamber: 3.5 x 3.6 m at local (-19.7, 77.9), enclosing _MeshInstance3D_1012185
[stronghold] 8 tower pier(s) enclosing massing that reached inside a roofed chamber
[stronghold] 87 interior dressing prop(s) in the roofed rooms
[trainers] placed 3 trainer(s) for group 'stronghold'
[stronghold] cleared 90 scattered prop(s) standing inside the five spaces
[stronghold] 21 exterior omni light(s) at the Hall (budget 22), 11 of them flickering fires
[stronghold] 5 spaces on the route (outer_works -> courtyard -> tether_approach -> warden_arena -> legendary_chamber), floor y=6.17, 3 gauntlet trainer(s), 15 approach pylon(s)
[trainers] placed 1 trainer(s) for group 'stronghold_climax'
[climax] the freed stand is 6.00 m from the machine's axis, inside its 8.05 m plinth on that bearing; moved out to 10.55 m
[climax] the legendary stands inside the machine: dais 4.06 m up, void 7.67 m tall, body 7.08 m, headroom 0.59 m
[meadow] the land lies drained: 15161 quads over 8 groups, grass field thinned
[climax] the freeing was already settled here; the caged creature is gone
[occupation] the garrison withdrew: 2 groups gone, 6 dark (37 lights out, 105 flames out, 32 surfaces unlit)
[meadow] the tether let go: 1388 plants back, 37304 regreen quads, 143 tether lights out, 29 pylons down (0 left standing, 168 cable pieces gone), 7 of the herd back, 0 barriers open, 0 beaten patrols withdrawn
(capacity-accept-release-one) reload: no re-offer, same party, receipts kept
ERROR: Parameter "material" is null.
   at: material_get_instance_shader_parameters (servers/rendering/dummy/storage/material_storage.cpp:264)
ERROR: Parameter "material" is null.
   at: material_get_instance_shader_parameters (servers/rendering/dummy/storage/material_storage.cpp:264)
[playground] spawned at -17.0, 3.5, 7652.3
[scatter bake] load phases (ms): read[256 regions, 387893 placements, 431212 skipped]=660 reorder[16 layers]=2038
[vegetation] grass field is on; 431212 placements across 2 layers left unbuilt (grass, flowers)
[vegetation] boot phases (ms): placements=2915 mark_harvestable=107 group_by_model=365 register_mesh_assets=24 build_batches_total=3263 (of which harvest_points[56283 nodes]=1774, initial_collision_stream[51210 solid]=103) update_mmis=249
[grass_field] grass ring: 62140 instances over 13 lattice layers (tuft_count asked for 75000), 24m cull tiles
[grass_field] stone ring: 6084 instances over 8 lattice layers (count 25000)
[grass_field] cover tier bushes   4876 instances over 4 lattice layers (count 6000)
[grass_field] cover tier flowers  9432 instances over 6 lattice layers (count 12000)
[grass_field] cover tier flowers_gold 5740 instances over 4 lattice layers (count 7000)
[grass_field] cover tier litter   6008 instances over 3 lattice layers (count 15000)
[grass_field] 4 cover tier(s) up
[grass_field] far cover: 1 sheet, 71200 tris, 46225 verts, 6m cell, 40-640m reach
[grass_field] bound: 62140 tufts, radius 72m, region_size 256, vertex_spacing 2.0, 1024 region slots
[grass_field] stone tier: rid_valid=true height_map=<null> region_map=-1 entries
[playground] scattered 386505 props in 36 batches (56283 harvestable, 0 already chopped, 141/51210 collision resident)
[water] pond quads 2538, stream points 46, reeds 152, marginals 32, bank flowers 72, rocks 40, driftwood 5, lilypads 49, jetty 18, level -17.0
[water] stream bank reeds 77, bank scrub 12
[water] river quads 390, bank reeds 134, bank scrub 57
[village] placed 29 structures
WARNING: prop 'Torch_Metal' has glow:"campfire" but no `Fire` surface to light
     at: push_warning (core/variant/variant_utility.cpp:1033)
     GDScript backtrace (most recent call first):
         [0] place (res://scripts/world/props.gd:286)
         [1] build (res://scripts/world/props.gd:65)
         [2] _build_settlement (res://scripts/world/playground_world.gd:1533)
         [3] _ready (res://scripts/world/playground_world.gd:855)
WARNING: prop 'Torch_Metal' has glow:"campfire" but no `Fire` surface to light
     at: push_warning (core/variant/variant_utility.cpp:1033)
     GDScript backtrace (most recent call first):
         [0] place (res://scripts/world/props.gd:286)
         [1] build (res://scripts/world/props.gd:65)
         [2] _build_settlement (res://scripts/world/playground_world.gd:1533)
         [3] _ready (res://scripts/world/playground_world.gd:855)
WARNING: prop 'Torch_Metal' has glow:"campfire" but no `Fire` surface to light
     at: push_warning (core/variant/variant_utility.cpp:1033)
     GDScript backtrace (most recent call first):
         [0] place (res://scripts/world/props.gd:286)
         [1] build (res://scripts/world/props.gd:65)
         [2] _build_settlement (res://scripts/world/playground_world.gd:1533)
         [3] _ready (res://scripts/world/playground_world.gd:855)
WARNING: prop 'Torch_Metal' has glow:"campfire" but no `Fire` surface to light
     at: push_warning (core/variant/variant_utility.cpp:1033)
     GDScript backtrace (most recent call first):
         [0] place (res://scripts/world/props.gd:286)
         [1] build (res://scripts/world/props.gd:65)
         [2] _build_settlement (res://scripts/world/playground_world.gd:1533)
         [3] _ready (res://scripts/world/playground_world.gd:855)
WARNING: prop 'Torch_Metal' has glow:"campfire" but no `Fire` surface to light
     at: push_warning (core/variant/variant_utility.cpp:1033)
     GDScript backtrace (most recent call first):
         [0] place (res://scripts/world/props.gd:286)
         [1] build (res://scripts/world/props.gd:65)
         [2] _build_settlement (res://scripts/world/playground_world.gd:1533)
         [3] _ready (res://scripts/world/playground_world.gd:855)
WARNING: prop 'Torch_Metal' has glow:"campfire" but no `Fire` surface to light
     at: push_warning (core/variant/variant_utility.cpp:1033)
     GDScript backtrace (most recent call first):
         [0] place (res://scripts/world/props.gd:286)
         [1] build (res://scripts/world/props.gd:65)
         [2] _build_settlement (res://scripts/world/playground_world.gd:1533)
         [3] _ready (res://scripts/world/playground_world.gd:855)
WARNING: prop 'Torch_Metal' has glow:"campfire" but no `Fire` surface to light
     at: push_warning (core/variant/variant_utility.cpp:1033)
     GDScript backtrace (most recent call first):
         [0] place (res://scripts/world/props.gd:286)
         [1] build (res://scripts/world/props.gd:65)
         [2] _build_settlement (res://scripts/world/playground_world.gd:1533)
         [3] _ready (res://scripts/world/playground_world.gd:855)
WARNING: prop 'Torch_Metal' has glow:"campfire" but no `Fire` surface to light
     at: push_warning (core/variant/variant_utility.cpp:1033)
     GDScript backtrace (most recent call first):
         [0] place (res://scripts/world/props.gd:286)
         [1] build (res://scripts/world/props.gd:65)
         [2] _build_settlement (res://scripts/world/playground_world.gd:1533)
         [3] _ready (res://scripts/world/playground_world.gd:855)
[props] placed 434 props in 54 clusters (6 usable rest points)
[village_npcs] placed 19 of 20
[relay_site] placed 3 of 3
[pond_npc] placed 1 of 1
[trainers] placed 21 trainer(s)
[south_bridge_dressing] placed 1 of 1
[quarry] 2 foundations, 4 pylons, 1 finish treatment standing
[relay] cleared 152 scattered pieces inside the 27m station radius
[relay] station at 350, 3760: 4 wall runs, 2 decks, 1 ramps, 10 pylons
[river] 18 course segments, 18 recovery volumes
[playground] severed spokes standing: river_gorge, storm_road, mountain_trail, stone_gate, high_pass, cliff_road, blighted_road
[playground] placed 198 harvest nodes
[playground] placed 6 farm plots
[playground] placed 147 band pickups (0 already taken, 34 nudged off scatter, 0 unclear, 0 without ground)
[warrens] cleared 821 scattered trees/rocks inside the 30m site radius and the chambers
[warrens] hero clearing: removed 803 more scattered pieces out to 55m (was 30m) so no background tree competes with the mound
[warrens] bank cap closes the dome over the throat (297 quads)
[warrens] planted 20 pieces of ground cover around the site
[warrens] earth bank 65x90m, crest 17.0m above the mouth (9.5x the 1.8m trainer); chamber clearance past the required 1.5m: mouth +4.8m, hall +3.8m, warren +4.1m, den +2.5m, vault +4.1m (worst 2.5m)
[warrens] 4 flora pieces beside the mouth
[warrens] 7 claw scrapes beside the mouth
[warrens] 5 crest trees standing on the bank
[warrens] scattered 78 rubble pieces across the face foot, spoil fans and threshold
[warrens] 220 pieces of growth on the bank
[warrens] 182 pieces of interior rock across 5 chambers
[warrens] 8 connected excavated terrain masses preserve the original collision route
[warrens] 12 root masses
[warrens] 8 fungus clusters, 3 species
[warrens] 40 litter pieces
[warrens] 4 haze cards
[warrens] guardian carries an alert bearing (neck -30, head -12, spine -7 deg)
[warrens] guardian idle faces the den's entrance passage (yaw -169.0 deg)
[approach-drain] 690 drained quads over the approach corridor
[stronghold] approach ramp: 11.3m of rise over 40m (16 degrees)
[stronghold] 407 structural members across 5 spaces
[stronghold] hall massing exterior lift: 1.30x height on 17/18 module(s)
[stronghold] massing grounded: 17 of 35 module foot shaft(s) to skirt y=-18.0
[stronghold] waist: 3 inter-chamber gap(s) wrapped on both flanks
[stronghold] tower pier in warden_arena: 2.6 x 3.1 m at local (-10.8, 78.7), enclosing LargeTower
[stronghold] tower pier in warden_arena: 2.6 x 3.1 m at local (10.8, 78.7), enclosing _MeshInstance3D_1080027
[stronghold] tower pier in warden_arena: 2.6 x 3.1 m at local (-10.8, 101.7), enclosing _MeshInstance3D_1080028
[stronghold] tower pier in warden_arena: 2.6 x 3.1 m at local (10.8, 101.7), enclosing _MeshInstance3D_1080029
[stronghold] tower pier in legendary_chamber: 5.0 x 5.1 m at local (-43.5, 78.7), enclosing PointyTower
[stronghold] tower pier in legendary_chamber: 4.0 x 4.1 m at local (-20.0, 102.2), enclosing _MeshInstance3D_1080030
[stronghold] tower pier in legendary_chamber: 4.0 x 4.1 m at local (-44.0, 102.2), enclosing _MeshInstance3D_1080031
[stronghold] tower pier in legendary_chamber: 3.5 x 3.6 m at local (-19.7, 77.9), enclosing _MeshInstance3D_1080032
[stronghold] 8 tower pier(s) enclosing massing that reached inside a roofed chamber
[stronghold] 87 interior dressing prop(s) in the roofed rooms
[trainers] placed 3 trainer(s) for group 'stronghold'
[stronghold] cleared 90 scattered prop(s) standing inside the five spaces
[stronghold] 21 exterior omni light(s) at the Hall (budget 22), 11 of them flickering fires
[stronghold] 5 spaces on the route (outer_works -> courtyard -> tether_approach -> warden_arena -> legendary_chamber), floor y=6.17, 3 gauntlet trainer(s), 15 approach pylon(s)
[trainers] placed 1 trainer(s) for group 'stronghold_climax'
[climax] the freed stand is 6.00 m from the machine's axis, inside its 8.05 m plinth on that bearing; moved out to 10.55 m
[climax] the legendary stands inside the machine: dais 4.06 m up, void 7.67 m tall, body 7.08 m, headroom 0.59 m
[climax] the legendary stands 10.55 m from the machine's axis, 0.00 m up
[occupation] the garrison withdrew: 2 groups gone, 6 dark (37 lights out, 105 flames out, 32 surfaces unlit)
[meadow] the tether let go: 1388 plants back, 37304 regreen quads, 139 tether lights out, 29 pylons down (0 left standing, 168 cable pieces gone), 7 of the herd back, 0 barriers open, 0 beaten patrols withdrawn
[climax] the legendary stands 10.55 m from the machine's axis, 0.00 m up
[climax] every participant has answered; the creature leaves the chamber
[climax] the tether machinery has failed; 'legendary_freed' is set for SG44
(capacity-accept-release-one) the personal receipt alone prevents a second offer
--- save-while-choice-open
ERROR: Parameter "material" is null.
   at: material_get_instance_shader_parameters (servers/rendering/dummy/storage/material_storage.cpp:264)
ERROR: Parameter "material" is null.
   at: material_get_instance_shader_parameters (servers/rendering/dummy/storage/material_storage.cpp:264)
[playground] spawned at -17.0, 3.5, 7652.3
[scatter bake] load phases (ms): read[256 regions, 387893 placements, 431212 skipped]=669 reorder[16 layers]=2037
[vegetation] grass field is on; 431212 placements across 2 layers left unbuilt (grass, flowers)
[vegetation] boot phases (ms): placements=2925 mark_harvestable=106 group_by_model=364 register_mesh_assets=24 build_batches_total=3245 (of which harvest_points[56283 nodes]=1771, initial_collision_stream[51210 solid]=99) update_mmis=250
[grass_field] grass ring: 62140 instances over 13 lattice layers (tuft_count asked for 75000), 24m cull tiles
[grass_field] stone ring: 6084 instances over 8 lattice layers (count 25000)
[grass_field] cover tier bushes   4876 instances over 4 lattice layers (count 6000)
[grass_field] cover tier flowers  9432 instances over 6 lattice layers (count 12000)
[grass_field] cover tier flowers_gold 5740 instances over 4 lattice layers (count 7000)
[grass_field] cover tier litter   6008 instances over 3 lattice layers (count 15000)
[grass_field] 4 cover tier(s) up
[grass_field] far cover: 1 sheet, 71200 tris, 46225 verts, 6m cell, 40-640m reach
[grass_field] bound: 62140 tufts, radius 72m, region_size 256, vertex_spacing 2.0, 1024 region slots
[grass_field] stone tier: rid_valid=true height_map=<null> region_map=-1 entries
[playground] scattered 386505 props in 36 batches (56283 harvestable, 0 already chopped, 141/51210 collision resident)
[water] pond quads 2538, stream points 46, reeds 152, marginals 32, bank flowers 72, rocks 40, driftwood 5, lilypads 49, jetty 18, level -17.0
[water] stream bank reeds 77, bank scrub 12
[water] river quads 390, bank reeds 134, bank scrub 57
[village] placed 29 structures
WARNING: prop 'Torch_Metal' has glow:"campfire" but no `Fire` surface to light
     at: push_warning (core/variant/variant_utility.cpp:1033)
     GDScript backtrace (most recent call first):
         [0] place (res://scripts/world/props.gd:286)
         [1] build (res://scripts/world/props.gd:65)
         [2] _build_settlement (res://scripts/world/playground_world.gd:1533)
         [3] _ready (res://scripts/world/playground_world.gd:855)
WARNING: prop 'Torch_Metal' has glow:"campfire" but no `Fire` surface to light
     at: push_warning (core/variant/variant_utility.cpp:1033)
     GDScript backtrace (most recent call first):
         [0] place (res://scripts/world/props.gd:286)
         [1] build (res://scripts/world/props.gd:65)
         [2] _build_settlement (res://scripts/world/playground_world.gd:1533)
         [3] _ready (res://scripts/world/playground_world.gd:855)
WARNING: prop 'Torch_Metal' has glow:"campfire" but no `Fire` surface to light
     at: push_warning (core/variant/variant_utility.cpp:1033)
     GDScript backtrace (most recent call first):
         [0] place (res://scripts/world/props.gd:286)
         [1] build (res://scripts/world/props.gd:65)
         [2] _build_settlement (res://scripts/world/playground_world.gd:1533)
         [3] _ready (res://scripts/world/playground_world.gd:855)
WARNING: prop 'Torch_Metal' has glow:"campfire" but no `Fire` surface to light
     at: push_warning (core/variant/variant_utility.cpp:1033)
     GDScript backtrace (most recent call first):
         [0] place (res://scripts/world/props.gd:286)
         [1] build (res://scripts/world/props.gd:65)
         [2] _build_settlement (res://scripts/world/playground_world.gd:1533)
         [3] _ready (res://scripts/world/playground_world.gd:855)
WARNING: prop 'Torch_Metal' has glow:"campfire" but no `Fire` surface to light
     at: push_warning (core/variant/variant_utility.cpp:1033)
     GDScript backtrace (most recent call first):
         [0] place (res://scripts/world/props.gd:286)
         [1] build (res://scripts/world/props.gd:65)
         [2] _build_settlement (res://scripts/world/playground_world.gd:1533)
         [3] _ready (res://scripts/world/playground_world.gd:855)
WARNING: prop 'Torch_Metal' has glow:"campfire" but no `Fire` surface to light
     at: push_warning (core/variant/variant_utility.cpp:1033)
     GDScript backtrace (most recent call first):
         [0] place (res://scripts/world/props.gd:286)
         [1] build (res://scripts/world/props.gd:65)
         [2] _build_settlement (res://scripts/world/playground_world.gd:1533)
         [3] _ready (res://scripts/world/playground_world.gd:855)
WARNING: prop 'Torch_Metal' has glow:"campfire" but no `Fire` surface to light
     at: push_warning (core/variant/variant_utility.cpp:1033)
     GDScript backtrace (most recent call first):
         [0] place (res://scripts/world/props.gd:286)
         [1] build (res://scripts/world/props.gd:65)
         [2] _build_settlement (res://scripts/world/playground_world.gd:1533)
         [3] _ready (res://scripts/world/playground_world.gd:855)
WARNING: prop 'Torch_Metal' has glow:"campfire" but no `Fire` surface to light
     at: push_warning (core/variant/variant_utility.cpp:1033)
     GDScript backtrace (most recent call first):
         [0] place (res://scripts/world/props.gd:286)
         [1] build (res://scripts/world/props.gd:65)
         [2] _build_settlement (res://scripts/world/playground_world.gd:1533)
         [3] _ready (res://scripts/world/playground_world.gd:855)
[props] placed 434 props in 54 clusters (6 usable rest points)
[village_npcs] placed 18 of 20
[relay_site] placed 3 of 3
[pond_npc] placed 1 of 1
[trainers] placed 21 trainer(s)
[south_bridge_dressing] placed 1 of 1
[quarry] 2 foundations, 4 pylons, 1 finish treatment standing
[relay] cleared 152 scattered pieces inside the 27m station radius
[relay] station at 350, 3760: 4 wall runs, 2 decks, 1 ramps, 10 pylons
[river] 18 course segments, 18 recovery volumes
[playground] severed spokes standing: river_gorge, storm_road, mountain_trail, stone_gate, high_pass, cliff_road, blighted_road
[playground] placed 198 harvest nodes
[playground] placed 6 farm plots
[playground] placed 147 band pickups (0 already taken, 34 nudged off scatter, 0 unclear, 0 without ground)
[warrens] cleared 821 scattered trees/rocks inside the 30m site radius and the chambers
[warrens] hero clearing: removed 803 more scattered pieces out to 55m (was 30m) so no background tree competes with the mound
[warrens] bank cap closes the dome over the throat (297 quads)
[warrens] planted 20 pieces of ground cover around the site
[warrens] earth bank 65x90m, crest 17.0m above the mouth (9.5x the 1.8m trainer); chamber clearance past the required 1.5m: mouth +4.8m, hall +3.8m, warren +4.1m, den +2.5m, vault +4.1m (worst 2.5m)
[warrens] 4 flora pieces beside the mouth
[warrens] 7 claw scrapes beside the mouth
[warrens] 5 crest trees standing on the bank
[warrens] scattered 78 rubble pieces across the face foot, spoil fans and threshold
[warrens] 220 pieces of growth on the bank
[warrens] 182 pieces of interior rock across 5 chambers
[warrens] 8 connected excavated terrain masses preserve the original collision route
[warrens] 12 root masses
[warrens] 8 fungus clusters, 3 species
[warrens] 40 litter pieces
[warrens] 4 haze cards
[warrens] guardian carries an alert bearing (neck -30, head -12, spine -7 deg)
[warrens] guardian idle faces the den's entrance passage (yaw -169.0 deg)
[approach-drain] 690 drained quads over the approach corridor
[stronghold] approach ramp: 11.3m of rise over 40m (16 degrees)
[stronghold] 407 structural members across 5 spaces
[stronghold] hall massing exterior lift: 1.30x height on 17/18 module(s)
[stronghold] massing grounded: 17 of 35 module foot shaft(s) to skirt y=-18.0
[stronghold] waist: 3 inter-chamber gap(s) wrapped on both flanks
[stronghold] tower pier in warden_arena: 2.6 x 3.1 m at local (-10.8, 78.7), enclosing LargeTower
[stronghold] tower pier in warden_arena: 2.6 x 3.1 m at local (10.8, 78.7), enclosing _MeshInstance3D_1147444
[stronghold] tower pier in warden_arena: 2.6 x 3.1 m at local (-10.8, 101.7), enclosing _MeshInstance3D_1147445
[stronghold] tower pier in warden_arena: 2.6 x 3.1 m at local (10.8, 101.7), enclosing _MeshInstance3D_1147446
[stronghold] tower pier in legendary_chamber: 5.0 x 5.1 m at local (-43.5, 78.7), enclosing PointyTower
[stronghold] tower pier in legendary_chamber: 4.0 x 4.1 m at local (-20.0, 102.2), enclosing _MeshInstance3D_1147447
[stronghold] tower pier in legendary_chamber: 4.0 x 4.1 m at local (-44.0, 102.2), enclosing _MeshInstance3D_1147448
[stronghold] tower pier in legendary_chamber: 3.5 x 3.6 m at local (-19.7, 77.9), enclosing _MeshInstance3D_1147449
[stronghold] 8 tower pier(s) enclosing massing that reached inside a roofed chamber
[stronghold] 87 interior dressing prop(s) in the roofed rooms
[trainers] placed 3 trainer(s) for group 'stronghold'
[stronghold] cleared 90 scattered prop(s) standing inside the five spaces
[stronghold] 21 exterior omni light(s) at the Hall (budget 22), 11 of them flickering fires
[stronghold] 5 spaces on the route (outer_works -> courtyard -> tether_approach -> warden_arena -> legendary_chamber), floor y=6.17, 3 gauntlet trainer(s), 15 approach pylon(s)
[trainers] placed 1 trainer(s) for group 'stronghold_climax'
[climax] the freed stand is 6.00 m from the machine's axis, inside its 8.05 m plinth on that bearing; moved out to 10.55 m
[climax] the legendary stands inside the machine: dais 4.06 m up, void 7.67 m tall, body 7.08 m, headroom 0.59 m
[meadow] the land lies drained: 15161 quads over 8 groups, grass field thinned
[occupation] the garrison withdrew: 2 groups gone, 6 dark (37 lights out, 105 flames out, 32 surfaces unlit)
[meadow] the tether let go: 1388 plants back, 37304 regreen quads, 143 tether lights out, 29 pylons down (0 left standing, 168 cable pieces gone), 7 of the herd back, 2 barriers open, 0 beaten patrols withdrawn
[climax] the legendary stands 10.55 m from the machine's axis, 0.00 m up
[climax] choice prompts: accept 2.56 m, refuse 2.56 m from the player (reach 1.60 m)
ERROR: Parameter "material" is null.
   at: material_get_instance_shader_parameters (servers/rendering/dummy/storage/material_storage.cpp:264)
ERROR: Parameter "material" is null.
   at: material_get_instance_shader_parameters (servers/rendering/dummy/storage/material_storage.cpp:264)
[playground] spawned at -17.0, 3.7, 7650.2
[scatter bake] load phases (ms): read[256 regions, 387893 placements, 431212 skipped]=667 reorder[16 layers]=2043
[vegetation] grass field is on; 431212 placements across 2 layers left unbuilt (grass, flowers)
[vegetation] boot phases (ms): placements=2924 mark_harvestable=107 group_by_model=365 register_mesh_assets=25 build_batches_total=3246 (of which harvest_points[56283 nodes]=1783, initial_collision_stream[51210 solid]=103) update_mmis=247
[grass_field] grass ring: 62140 instances over 13 lattice layers (tuft_count asked for 75000), 24m cull tiles
[grass_field] stone ring: 6084 instances over 8 lattice layers (count 25000)
[grass_field] cover tier bushes   4876 instances over 4 lattice layers (count 6000)
[grass_field] cover tier flowers  9432 instances over 6 lattice layers (count 12000)
[grass_field] cover tier flowers_gold 5740 instances over 4 lattice layers (count 7000)
[grass_field] cover tier litter   6008 instances over 3 lattice layers (count 15000)
[grass_field] 4 cover tier(s) up
[grass_field] far cover: 1 sheet, 71200 tris, 46225 verts, 6m cell, 40-640m reach
[grass_field] bound: 62140 tufts, radius 72m, region_size 256, vertex_spacing 2.0, 1024 region slots
[grass_field] stone tier: rid_valid=true height_map=<null> region_map=-1 entries
[playground] scattered 386505 props in 36 batches (56283 harvestable, 0 already chopped, 142/51210 collision resident)
[water] pond quads 2538, stream points 46, reeds 152, marginals 32, bank flowers 72, rocks 40, driftwood 5, lilypads 49, jetty 18, level -17.0
[water] stream bank reeds 77, bank scrub 12
[water] river quads 390, bank reeds 134, bank scrub 57
[village] placed 29 structures
WARNING: prop 'Torch_Metal' has glow:"campfire" but no `Fire` surface to light
     at: push_warning (core/variant/variant_utility.cpp:1033)
     GDScript backtrace (most recent call first):
         [0] place (res://scripts/world/props.gd:286)
         [1] build (res://scripts/world/props.gd:65)
         [2] _build_settlement (res://scripts/world/playground_world.gd:1533)
         [3] _ready (res://scripts/world/playground_world.gd:855)
WARNING: prop 'Torch_Metal' has glow:"campfire" but no `Fire` surface to light
     at: push_warning (core/variant/variant_utility.cpp:1033)
     GDScript backtrace (most recent call first):
         [0] place (res://scripts/world/props.gd:286)
         [1] build (res://scripts/world/props.gd:65)
         [2] _build_settlement (res://scripts/world/playground_world.gd:1533)
         [3] _ready (res://scripts/world/playground_world.gd:855)
WARNING: prop 'Torch_Metal' has glow:"campfire" but no `Fire` surface to light
     at: push_warning (core/variant/variant_utility.cpp:1033)
     GDScript backtrace (most recent call first):
         [0] place (res://scripts/world/props.gd:286)
         [1] build (res://scripts/world/props.gd:65)
         [2] _build_settlement (res://scripts/world/playground_world.gd:1533)
         [3] _ready (res://scripts/world/playground_world.gd:855)
WARNING: prop 'Torch_Metal' has glow:"campfire" but no `Fire` surface to light
     at: push_warning (core/variant/variant_utility.cpp:1033)
     GDScript backtrace (most recent call first):
         [0] place (res://scripts/world/props.gd:286)
         [1] build (res://scripts/world/props.gd:65)
         [2] _build_settlement (res://scripts/world/playground_world.gd:1533)
         [3] _ready (res://scripts/world/playground_world.gd:855)
WARNING: prop 'Torch_Metal' has glow:"campfire" but no `Fire` surface to light
     at: push_warning (core/variant/variant_utility.cpp:1033)
     GDScript backtrace (most recent call first):
         [0] place (res://scripts/world/props.gd:286)
         [1] build (res://scripts/world/props.gd:65)
         [2] _build_settlement (res://scripts/world/playground_world.gd:1533)
         [3] _ready (res://scripts/world/playground_world.gd:855)
WARNING: prop 'Torch_Metal' has glow:"campfire" but no `Fire` surface to light
     at: push_warning (core/variant/variant_utility.cpp:1033)
     GDScript backtrace (most recent call first):
         [0] place (res://scripts/world/props.gd:286)
         [1] build (res://scripts/world/props.gd:65)
         [2] _build_settlement (res://scripts/world/playground_world.gd:1533)
         [3] _ready (res://scripts/world/playground_world.gd:855)
WARNING: prop 'Torch_Metal' has glow:"campfire" but no `Fire` surface to light
     at: push_warning (core/variant/variant_utility.cpp:1033)
     GDScript backtrace (most recent call first):
         [0] place (res://scripts/world/props.gd:286)
         [1] build (res://scripts/world/props.gd:65)
         [2] _build_settlement (res://scripts/world/playground_world.gd:1533)
         [3] _ready (res://scripts/world/playground_world.gd:855)
WARNING: prop 'Torch_Metal' has glow:"campfire" but no `Fire` surface to light
     at: push_warning (core/variant/variant_utility.cpp:1033)
     GDScript backtrace (most recent call first):
         [0] place (res://scripts/world/props.gd:286)
         [1] build (res://scripts/world/props.gd:65)
         [2] _build_settlement (res://scripts/world/playground_world.gd:1533)
         [3] _ready (res://scripts/world/playground_world.gd:855)
[props] placed 434 props in 54 clusters (6 usable rest points)
[village_npcs] placed 18 of 20
[relay_site] placed 3 of 3
[pond_npc] placed 1 of 1
[trainers] placed 21 trainer(s)
[south_bridge_dressing] placed 1 of 1
[quarry] 2 foundations, 4 pylons, 1 finish treatment standing
[relay] cleared 152 scattered pieces inside the 27m station radius
[relay] station at 350, 3760: 4 wall runs, 2 decks, 1 ramps, 10 pylons
[river] 18 course segments, 18 recovery volumes
[playground] severed spokes standing: river_gorge, storm_road, mountain_trail, stone_gate, high_pass, cliff_road, blighted_road
[playground] placed 198 harvest nodes
[playground] placed 6 farm plots
[playground] placed 147 band pickups (0 already taken, 34 nudged off scatter, 0 unclear, 0 without ground)
[warrens] cleared 821 scattered trees/rocks inside the 30m site radius and the chambers
[warrens] hero clearing: removed 803 more scattered pieces out to 55m (was 30m) so no background tree competes with the mound
[warrens] bank cap closes the dome over the throat (297 quads)
[warrens] planted 20 pieces of ground cover around the site
[warrens] earth bank 65x90m, crest 17.0m above the mouth (9.5x the 1.8m trainer); chamber clearance past the required 1.5m: mouth +4.8m, hall +3.8m, warren +4.1m, den +2.5m, vault +4.1m (worst 2.5m)
[warrens] 4 flora pieces beside the mouth
[warrens] 7 claw scrapes beside the mouth
[warrens] 5 crest trees standing on the bank
[warrens] scattered 78 rubble pieces across the face foot, spoil fans and threshold
[warrens] 220 pieces of growth on the bank
[warrens] 182 pieces of interior rock across 5 chambers
[warrens] 8 connected excavated terrain masses preserve the original collision route
[warrens] 12 root masses
[warrens] 8 fungus clusters, 3 species
[warrens] 40 litter pieces
[warrens] 4 haze cards
[warrens] guardian carries an alert bearing (neck -30, head -12, spine -7 deg)
[warrens] guardian idle faces the den's entrance passage (yaw -169.0 deg)
[approach-drain] 690 drained quads over the approach corridor
[stronghold] approach ramp: 11.3m of rise over 40m (16 degrees)
[stronghold] 407 structural members across 5 spaces
[stronghold] hall massing exterior lift: 1.30x height on 17/18 module(s)
[stronghold] massing grounded: 17 of 35 module foot shaft(s) to skirt y=-18.0
[stronghold] waist: 3 inter-chamber gap(s) wrapped on both flanks
[stronghold] tower pier in warden_arena: 2.6 x 3.1 m at local (-10.8, 78.7), enclosing LargeTower
[stronghold] tower pier in warden_arena: 2.6 x 3.1 m at local (10.8, 78.7), enclosing _MeshInstance3D_1214861
[stronghold] tower pier in warden_arena: 2.6 x 3.1 m at local (-10.8, 101.7), enclosing _MeshInstance3D_1214862
[stronghold] tower pier in warden_arena: 2.6 x 3.1 m at local (10.8, 101.7), enclosing _MeshInstance3D_1214863
[stronghold] tower pier in legendary_chamber: 5.0 x 5.1 m at local (-43.5, 78.7), enclosing PointyTower
[stronghold] tower pier in legendary_chamber: 4.0 x 4.1 m at local (-20.0, 102.2), enclosing _MeshInstance3D_1214864
[stronghold] tower pier in legendary_chamber: 4.0 x 4.1 m at local (-44.0, 102.2), enclosing _MeshInstance3D_1214865
[stronghold] tower pier in legendary_chamber: 3.5 x 3.6 m at local (-19.7, 77.9), enclosing _MeshInstance3D_1214866
[stronghold] 8 tower pier(s) enclosing massing that reached inside a roofed chamber
[stronghold] 87 interior dressing prop(s) in the roofed rooms
[trainers] placed 3 trainer(s) for group 'stronghold'
[stronghold] cleared 90 scattered prop(s) standing inside the five spaces
[stronghold] 21 exterior omni light(s) at the Hall (budget 22), 11 of them flickering fires
[stronghold] 5 spaces on the route (outer_works -> courtyard -> tether_approach -> warden_arena -> legendary_chamber), floor y=6.17, 3 gauntlet trainer(s), 15 approach pylon(s)
[trainers] placed 1 trainer(s) for group 'stronghold_climax'
[climax] the freed stand is 6.00 m from the machine's axis, inside its 8.05 m plinth on that bearing; moved out to 10.55 m
[climax] the legendary stands inside the machine: dais 4.06 m up, void 7.67 m tall, body 7.08 m, headroom 0.59 m
[meadow] the land lies drained: 15161 quads over 8 groups, grass field thinned
[climax] the legendary stands 10.55 m from the machine's axis, 0.00 m up
[occupation] the garrison withdrew: 2 groups gone, 6 dark (37 lights out, 105 flames out, 32 surfaces unlit)
[meadow] the tether let go: 1388 plants back, 37304 regreen quads, 143 tether lights out, 29 pylons down (0 left standing, 168 cable pieces gone), 7 of the herd back, 0 barriers open, 0 beaten patrols withdrawn
[climax] the legendary stands 10.55 m from the machine's axis, 0.00 m up
[climax] choice prompts: accept 2.56 m, refuse 2.56 m from the player (reach 1.60 m)
(save-while-choice-open) reload brought the same unanswered choice back

veridian offer choice smoke test passed
ERROR: Parameter "material" is null.
   at: material_get_instance_shader_parameters (servers/rendering/dummy/storage/material_storage.cpp:264)
ERROR: Parameter "material" is null.
   at: material_get_instance_shader_parameters (servers/rendering/dummy/storage/material_storage.cpp:264)
exit=0 took=1230s
