2026-10-09T11:37:47.3425306Z Current runner version: '2.337.0'
2026-10-09T11:37:47.3442998Z ##[group]Runner Image Provisioner
2026-10-09T11:37:47.3443610Z Hosted Compute Agent
2026-10-09T11:37:47.3444093Z Version: 20261002.596
2026-10-09T11:37:47.3444493Z Commit: c3d12f3313a95f25162a1503be624f3b0617f8c0
2026-10-09T11:37:47.3445199Z Build Date: 2026-10-02T22:28:27Z
2026-10-09T11:37:47.3445720Z Worker ID: {df76eeff-5c47-4ecc-9463-89b6961a702f}
2026-10-09T11:37:47.3446219Z Region: southcentralus
2026-10-09T11:37:47.3446741Z Cloud: Azure
2026-10-09T11:37:47.3447130Z ##[endgroup]
2026-10-09T11:37:47.3448092Z ##[group]Operating System
2026-10-09T11:37:47.3448557Z Ubuntu
2026-10-09T11:37:47.3448899Z 24.04.5
2026-10-09T11:37:47.3449273Z LTS
2026-10-09T11:37:47.3449618Z ##[endgroup]
2026-10-09T11:37:47.3450019Z ##[group]Runner Image
2026-10-09T11:37:47.3450449Z Image: ubuntu-24.04
2026-10-09T11:37:47.3450883Z Version: 20261004.327.1
2026-10-09T11:37:47.3451712Z Included Software: https://github.com/actions/runner-images/blob/ubuntu24/20261004.327/images/ubuntu/Ubuntu2404-Readme.md
2026-10-09T11:37:47.3452711Z Image Release: https://github.com/actions/runner-images/releases/tag/ubuntu24%2F20261004.327
2026-10-09T11:37:47.3453387Z ##[endgroup]
2026-10-09T11:37:47.3454075Z ##[group]GITHUB_TOKEN Permissions
2026-10-09T11:37:47.3455474Z Actions: read
2026-10-09T11:37:47.3455860Z Contents: read
2026-10-09T11:37:47.3456243Z Metadata: read
2026-10-09T11:37:47.3456598Z ##[endgroup]
2026-10-09T11:37:47.3458182Z Secret source: Actions
2026-10-09T11:37:47.3458911Z Cache mode: write
2026-10-09T11:37:47.3459497Z Prepare workflow directory
2026-10-09T11:37:47.3697367Z Prepare all required actions
2026-10-09T11:37:47.3728659Z Getting action download info
2026-10-09T11:37:47.6375856Z Download action repository 'actions/checkout@v4' (SHA:11d5960a326750d5838078e36cf38b85af677262)
2026-10-09T11:37:47.7089752Z Download action repository 'actions/download-artifact@v4' (SHA:d3f86a106a0bac45b974a628896c90dbdf5c8093)
2026-10-09T11:37:48.2394232Z Download action repository 'actions/upload-artifact@v4' (SHA:ea165f8d65b6e75b540449e92b4886f43607fa02)
2026-10-09T11:37:48.4576562Z Complete job name: render
2026-10-09T11:37:48.5008249Z ##[group]Run set -euo pipefail
2026-10-09T11:37:48.5008662Z [36;1mset -euo pipefail[0m
2026-10-09T11:37:48.5008990Z [36;1mfail() { echo "::error::$1"; exit 1; }[0m
2026-10-09T11:37:48.5009493Z [36;1m[[ "$CHECKOUT_REF" =~ ^[A-Za-z0-9._/-]{1,200}$ ]] || fail "checkout_ref has disallowed characters"[0m
2026-10-09T11:37:48.5010054Z [36;1m[[ "$CHECKOUT_REF" != *..* ]] || fail "checkout_ref may not contain .."[0m
2026-10-09T11:37:48.5010541Z [36;1m[[ "$CHECKOUT_REF" != -* ]] || fail "checkout_ref may not start with -"[0m
2026-10-09T11:37:48.5011112Z [36;1m[[ "$SCRIPT" =~ ^(tests|tools)/[A-Za-z0-9_/.-]+\.gd$ ]] || fail "script must be tests/*.gd or tools/*.gd"[0m
2026-10-09T11:37:48.5011644Z [36;1m[[ "$SCRIPT" != *..* ]] || fail "script may not contain .."[0m
2026-10-09T11:37:48.5012120Z [36;1m[[ "$ARGS" =~ ^[A-Za-z0-9_=,./:@+\ -]*$ ]] || fail "args has disallowed characters"[0m
2026-10-09T11:37:48.5012666Z [36;1m[[ "$RES" =~ ^[0-9]{3,4}x[0-9]{3,4}$ ]] || fail "resolution must look like 1280x720"[0m
2026-10-09T11:37:48.5013207Z [36;1m[[ "$TMIN" =~ ^[0-9]{1,3}$ ]] && (( TMIN >= 1 && TMIN <= 150 )) || fail "timeout_minutes must be 1-150"[0m
2026-10-09T11:37:48.5013764Z [36;1m[[ "$LABEL" =~ ^[A-Za-z0-9_.-]{1,60}$ ]] || fail "label must be 1-60 of [A-Za-z0-9_.-]"[0m
2026-10-09T11:37:48.5014274Z [36;1mif [[ -n "$SOURCE_RUN_ID" || -n "$SOURCE_ARTIFACT_NAME" ]]; then[0m
2026-10-09T11:37:48.5014905Z [36;1m  [[ "$SOURCE_RUN_ID" =~ ^[1-9][0-9]{0,19}$ ]] || fail "source_run_id must be a positive decimal run ID; supply both source inputs"[0m
2026-10-09T11:37:48.5015867Z [36;1m  [[ "$SOURCE_ARTIFACT_NAME" =~ ^[A-Za-z0-9][A-Za-z0-9_.-]{0,199}$ ]] || fail "source_artifact_name must be 1-200 of [A-Za-z0-9_.-], beginning with a letter or digit; supply both source inputs"[0m
2026-10-09T11:37:48.5016583Z [36;1mfi[0m
2026-10-09T11:37:48.5017158Z [36;1m[[ "$RENDERING_METHOD" = gl_compatibility || "$RENDERING_METHOD" = forward_plus ]] || fail "unknown rendering method"[0m
2026-10-09T11:37:48.5227709Z shell: /usr/bin/bash -e {0}
2026-10-09T11:37:48.5228220Z env:
2026-10-09T11:37:48.5228468Z   GODOT_VERSION: 4.7-stable
2026-10-09T11:37:48.5228797Z   CHECKOUT_REF: cb107eb59172f52c0964d2b2d3470cf1f59a9b7a
2026-10-09T11:37:48.5229160Z   SCRIPT: tests/smoke_settings.gd
2026-10-09T11:37:48.5229440Z   ARGS: 
2026-10-09T11:37:48.5229659Z   RES: 1280x720
2026-10-09T11:37:48.5229892Z   TMIN: 10
2026-10-09T11:37:48.5230128Z   LABEL: e-cb107-settings-entry
2026-10-09T11:37:48.5230406Z   SOURCE_RUN_ID: 
2026-10-09T11:37:48.5230652Z   SOURCE_ARTIFACT_NAME: 
2026-10-09T11:37:48.5230929Z   RENDERING_METHOD: gl_compatibility
2026-10-09T11:37:48.5231224Z ##[endgroup]
2026-10-09T11:37:48.5493441Z ##[group]Run actions/checkout@v4
2026-10-09T11:37:48.5493781Z with:
2026-10-09T11:37:48.5494145Z   ref: cb107eb59172f52c0964d2b2d3470cf1f59a9b7a
2026-10-09T11:37:48.5494479Z   filter: blob:none
2026-10-09T11:37:48.5494769Z   sparse-checkout-cone-mode: false
2026-10-09T11:37:48.5495172Z   sparse-checkout: /*
!/ralph/
!/docs/
!/shots/
!/assets_raw/
!/archive/

2026-10-09T11:37:48.5495717Z   repository: MJohnsonWellabe/Tetherbound
2026-10-09T11:37:48.5498321Z   token: ***
2026-10-09T11:37:48.5498562Z   ssh-strict: true
2026-10-09T11:37:48.5498812Z   ssh-user: git
2026-10-09T11:37:48.5499066Z   persist-credentials: true
2026-10-09T11:37:48.5499343Z   clean: true
2026-10-09T11:37:48.5499581Z   fetch-depth: 1
2026-10-09T11:37:48.5499822Z   fetch-tags: false
2026-10-09T11:37:48.5500074Z   show-progress: true
2026-10-09T11:37:48.5500330Z   lfs: false
2026-10-09T11:37:48.5500563Z   submodules: false
2026-10-09T11:37:48.5500817Z   set-safe-directory: true
2026-10-09T11:37:48.5501131Z   allow-unsafe-pr-checkout: false
2026-10-09T11:37:48.5501417Z env:
2026-10-09T11:37:48.5501648Z   GODOT_VERSION: 4.7-stable
2026-10-09T11:37:48.5501918Z ##[endgroup]
2026-10-09T11:37:48.6213399Z Syncing repository: MJohnsonWellabe/Tetherbound
2026-10-09T11:37:48.6214682Z ##[group]Getting Git version info
2026-10-09T11:37:48.6215109Z Working directory is '/home/runner/work/Tetherbound/Tetherbound'
2026-10-09T11:37:48.6215682Z [command]/usr/bin/git version
2026-10-09T11:37:48.6306922Z git version 2.55.0
2026-10-09T11:37:48.6326051Z ##[endgroup]
2026-10-09T11:37:48.6333295Z Temporarily overriding HOME='/home/runner/work/_temp/ceb7d990-9452-44ce-a9be-253e170bdbad' before making global git config changes
2026-10-09T11:37:48.6334622Z Adding repository directory to the temporary git global config as a safe directory
2026-10-09T11:37:48.6335861Z [command]/usr/bin/git config --global --add safe.directory /home/runner/work/Tetherbound/Tetherbound
2026-10-09T11:37:48.6380258Z Deleting the contents of '/home/runner/work/Tetherbound/Tetherbound'
2026-10-09T11:37:48.6383778Z ##[group]Initializing the repository
2026-10-09T11:37:48.6386926Z [command]/usr/bin/git init /home/runner/work/Tetherbound/Tetherbound
2026-10-09T11:37:48.6467852Z hint: Using 'master' as the name for the initial branch. This default branch name
2026-10-09T11:37:48.6468786Z hint: will change to "main" in Git 3.0. To configure the initial branch name
2026-10-09T11:37:48.6473576Z hint: to use in all of your new repositories, which will suppress this warning,
2026-10-09T11:37:48.6474540Z hint: call:
2026-10-09T11:37:48.6475108Z hint:
2026-10-09T11:37:48.6475737Z hint: 	git config --global init.defaultBranch <name>
2026-10-09T11:37:48.6476461Z hint:
2026-10-09T11:37:48.6477308Z hint: Names commonly chosen instead of 'master' are 'main', 'trunk' and
2026-10-09T11:37:48.6478321Z hint: 'development'. The just-created branch can be renamed via this command:
2026-10-09T11:37:48.6479143Z hint:
2026-10-09T11:37:48.6479652Z hint: 	git branch -m <name>
2026-10-09T11:37:48.6480242Z hint:
2026-10-09T11:37:48.6480962Z hint: Disable this message with "git config set advice.defaultBranchName false"
2026-10-09T11:37:48.6482104Z Initialized empty Git repository in /home/runner/work/Tetherbound/Tetherbound/.git/
2026-10-09T11:37:48.6484447Z [command]/usr/bin/git remote add origin https://github.com/MJohnsonWellabe/Tetherbound
2026-10-09T11:37:48.6533769Z ##[endgroup]
2026-10-09T11:37:48.6534497Z ##[group]Disabling automatic garbage collection
2026-10-09T11:37:48.6537768Z [command]/usr/bin/git config --local gc.auto 0
2026-10-09T11:37:48.6566568Z ##[endgroup]
2026-10-09T11:37:48.6567346Z ##[group]Setting up auth
2026-10-09T11:37:48.6572362Z [command]/usr/bin/git config --local --name-only --get-regexp core\.sshCommand
2026-10-09T11:37:48.6603783Z [command]/usr/bin/git submodule foreach --recursive sh -c "git config --local --name-only --get-regexp 'core\.sshCommand' && git config --local --unset-all 'core.sshCommand' || :"
2026-10-09T11:37:48.6888509Z [command]/usr/bin/git config --local --name-only --get-regexp http\.https\:\/\/github\.com\/\.extraheader
2026-10-09T11:37:48.6918636Z [command]/usr/bin/git submodule foreach --recursive sh -c "git config --local --name-only --get-regexp 'http\.https\:\/\/github\.com\/\.extraheader' && git config --local --unset-all 'http.https://github.com/.extraheader' || :"
2026-10-09T11:37:48.7098066Z [command]/usr/bin/git config --local --name-only --get-regexp ^includeIf\.gitdir:
2026-10-09T11:37:48.7127991Z [command]/usr/bin/git submodule foreach --recursive git config --local --show-origin --name-only --get-regexp remote.origin.url
2026-10-09T11:37:48.7304252Z [command]/usr/bin/git config --local http.https://github.com/.extraheader AUTHORIZATION: basic ***
2026-10-09T11:37:48.7337638Z ##[endgroup]
2026-10-09T11:37:48.7338142Z ##[group]Fetching the repository
2026-10-09T11:37:48.7343628Z [command]/usr/bin/git -c protocol.version=2 fetch --no-tags --prune --no-recurse-submodules --filter=blob:none --depth=1 origin cb107eb59172f52c0964d2b2d3470cf1f59a9b7a
2026-10-09T11:37:49.5405144Z From https://github.com/MJohnsonWellabe/Tetherbound
2026-10-09T11:37:49.5406778Z  * branch            cb107eb59172f52c0964d2b2d3470cf1f59a9b7a -> FETCH_HEAD
2026-10-09T11:37:49.5409955Z ##[endgroup]
2026-10-09T11:37:49.5411167Z ##[group]Determining the checkout info
2026-10-09T11:37:49.5412557Z ##[endgroup]
2026-10-09T11:37:49.5413867Z ##[group]Setting up sparse checkout
2026-10-09T11:37:49.5417565Z [command]/usr/bin/git config core.sparseCheckout true
2026-10-09T11:37:49.5451503Z [command]/usr/bin/git rev-parse --git-path info/sparse-checkout
2026-10-09T11:37:49.5474385Z .git/info/sparse-checkout
2026-10-09T11:37:49.5480272Z ##[endgroup]
2026-10-09T11:37:49.5481265Z ##[group]Checking out the ref
2026-10-09T11:37:49.5492740Z [command]/usr/bin/git checkout --progress --force cb107eb59172f52c0964d2b2d3470cf1f59a9b7a
2026-10-09T11:38:46.8765304Z Updating files:   0% (1/11585)
2026-10-09T11:38:46.9314217Z Updating files:   1% (116/11585)
2026-10-09T11:38:46.9548691Z Updating files:   2% (232/11585)
2026-10-09T11:38:46.9686199Z Updating files:   3% (348/11585)
2026-10-09T11:38:46.9752899Z Updating files:   4% (464/11585)
2026-10-09T11:38:47.0237811Z Updating files:   5% (580/11585)
2026-10-09T11:38:47.4133448Z Updating files:   6% (696/11585)
2026-10-09T11:38:47.6457449Z Updating files:   7% (811/11585)
2026-10-09T11:38:47.7660034Z Updating files:   8% (927/11585)
2026-10-09T11:38:47.8757116Z Updating files:   8% (968/11585)
2026-10-09T11:38:48.0399532Z Updating files:   9% (1043/11585)
2026-10-09T11:38:48.2433900Z Updating files:  10% (1159/11585)
2026-10-09T11:38:48.3436506Z Updating files:  11% (1275/11585)
2026-10-09T11:38:48.5528506Z Updating files:  12% (1391/11585)
2026-10-09T11:38:48.6863076Z Updating files:  13% (1507/11585)
2026-10-09T11:38:48.7468698Z Updating files:  14% (1622/11585)
2026-10-09T11:38:48.8633261Z Updating files:  14% (1664/11585)
2026-10-09T11:38:49.1517741Z Updating files:  15% (1738/11585)
2026-10-09T11:38:49.3972813Z Updating files:  16% (1854/11585)
2026-10-09T11:38:49.5958786Z Updating files:  17% (1970/11585)
2026-10-09T11:38:49.7135579Z Updating files:  18% (2086/11585)
2026-10-09T11:38:49.7507073Z Updating files:  19% (2202/11585)
2026-10-09T11:38:49.8119802Z Updating files:  19% (2234/11585)
2026-10-09T11:38:49.8282276Z Updating files:  20% (2317/11585)
2026-10-09T11:38:49.9041317Z Updating files:  21% (2433/11585)
2026-10-09T11:38:50.0761203Z Updating files:  22% (2549/11585)
2026-10-09T11:38:50.1778890Z Updating files:  23% (2665/11585)
2026-10-09T11:38:50.2420375Z Updating files:  24% (2781/11585)
2026-10-09T11:38:50.3386218Z Updating files:  25% (2897/11585)
2026-10-09T11:38:50.3477410Z Updating files:  26% (3013/11585)
2026-10-09T11:38:50.3508358Z Updating files:  27% (3128/11585)
2026-10-09T11:38:50.4101874Z Updating files:  28% (3244/11585)
2026-10-09T11:38:50.4513014Z Updating files:  29% (3360/11585)
2026-10-09T11:38:50.4581621Z Updating files:  30% (3476/11585)
2026-10-09T11:38:50.4652345Z Updating files:  31% (3592/11585)
2026-10-09T11:38:50.4724145Z Updating files:  32% (3708/11585)
2026-10-09T11:38:50.4832678Z Updating files:  33% (3824/11585)
2026-10-09T11:38:50.4903278Z Updating files:  34% (3939/11585)
2026-10-09T11:38:50.5020930Z Updating files:  35% (4055/11585)
2026-10-09T11:38:50.5482405Z Updating files:  36% (4171/11585)
2026-10-09T11:38:50.5980660Z Updating files:  37% (4287/11585)
2026-10-09T11:38:50.6105797Z Updating files:  38% (4403/11585)
2026-10-09T11:38:50.6532438Z Updating files:  39% (4519/11585)
2026-10-09T11:38:50.7039817Z Updating files:  40% (4634/11585)
2026-10-09T11:38:50.7461668Z Updating files:  41% (4750/11585)
2026-10-09T11:38:50.7624698Z Updating files:  41% (4774/11585)
2026-10-09T11:38:50.7710661Z Updating files:  42% (4866/11585)
2026-10-09T11:38:50.7766233Z Updating files:  43% (4982/11585)
2026-10-09T11:38:50.7848235Z Updating files:  44% (5098/11585)
2026-10-09T11:38:50.7905209Z Updating files:  45% (5214/11585)
2026-10-09T11:38:50.7979224Z Updating files:  46% (5330/11585)
2026-10-09T11:38:50.8044880Z Updating files:  47% (5445/11585)
2026-10-09T11:38:50.8113029Z Updating files:  48% (5561/11585)
2026-10-09T11:38:50.8182601Z Updating files:  49% (5677/11585)
2026-10-09T11:38:50.8254597Z Updating files:  50% (5793/11585)
2026-10-09T11:38:50.8316455Z Updating files:  51% (5909/11585)
2026-10-09T11:38:50.8366095Z Updating files:  52% (6025/11585)
2026-10-09T11:38:50.8625958Z Updating files:  53% (6141/11585)
2026-10-09T11:38:50.8698600Z Updating files:  54% (6256/11585)
2026-10-09T11:38:50.8768980Z Updating files:  55% (6372/11585)
2026-10-09T11:38:50.8817025Z Updating files:  56% (6488/11585)
2026-10-09T11:38:50.8871037Z Updating files:  57% (6604/11585)
2026-10-09T11:38:50.8921113Z Updating files:  58% (6720/11585)
2026-10-09T11:38:50.8973779Z Updating files:  59% (6836/11585)
2026-10-09T11:38:50.9030355Z Updating files:  60% (6951/11585)
2026-10-09T11:38:50.9091651Z Updating files:  61% (7067/11585)
2026-10-09T11:38:50.9146071Z Updating files:  62% (7183/11585)
2026-10-09T11:38:50.9200883Z Updating files:  63% (7299/11585)
2026-10-09T11:38:50.9260700Z Updating files:  64% (7415/11585)
2026-10-09T11:38:50.9309260Z Updating files:  65% (7531/11585)
2026-10-09T11:38:50.9356381Z Updating files:  66% (7647/11585)
2026-10-09T11:38:50.9408399Z Updating files:  67% (7762/11585)
2026-10-09T11:38:50.9455816Z Updating files:  68% (7878/11585)
2026-10-09T11:38:50.9502720Z Updating files:  69% (7994/11585)
2026-10-09T11:38:50.9550376Z Updating files:  70% (8110/11585)
2026-10-09T11:38:50.9597291Z Updating files:  71% (8226/11585)
2026-10-09T11:38:50.9644553Z Updating files:  72% (8342/11585)
2026-10-09T11:38:50.9689024Z Updating files:  73% (8458/11585)
2026-10-09T11:38:50.9738620Z Updating files:  74% (8573/11585)
2026-10-09T11:38:50.9780398Z Updating files:  75% (8689/11585)
2026-10-09T11:38:50.9824867Z Updating files:  76% (8805/11585)
2026-10-09T11:38:50.9874961Z Updating files:  77% (8921/11585)
2026-10-09T11:38:50.9920833Z Updating files:  78% (9037/11585)
2026-10-09T11:38:50.9966012Z Updating files:  79% (9153/11585)
2026-10-09T11:38:51.0023027Z Updating files:  80% (9268/11585)
2026-10-09T11:38:51.0067501Z Updating files:  81% (9384/11585)
2026-10-09T11:38:51.0109567Z Updating files:  82% (9500/11585)
2026-10-09T11:38:51.0152018Z Updating files:  83% (9616/11585)
2026-10-09T11:38:51.0193835Z Updating files:  84% (9732/11585)
2026-10-09T11:38:51.0235016Z Updating files:  85% (9848/11585)
2026-10-09T11:38:51.0273295Z Updating files:  86% (9964/11585)
2026-10-09T11:38:51.0314932Z Updating files:  87% (10079/11585)
2026-10-09T11:38:51.0383587Z Updating files:  88% (10195/11585)
2026-10-09T11:38:51.0434087Z Updating files:  89% (10311/11585)
2026-10-09T11:38:51.0482766Z Updating files:  90% (10427/11585)
2026-10-09T11:38:51.0532340Z Updating files:  91% (10543/11585)
2026-10-09T11:38:51.0579012Z Updating files:  92% (10659/11585)
2026-10-09T11:38:51.0632077Z Updating files:  93% (10775/11585)
2026-10-09T11:38:51.0707191Z Updating files:  94% (10890/11585)
2026-10-09T11:38:51.0794574Z Updating files:  95% (11006/11585)
2026-10-09T11:38:51.0867046Z Updating files:  96% (11122/11585)
2026-10-09T11:38:51.0913304Z Updating files:  97% (11238/11585)
2026-10-09T11:38:51.0962473Z Updating files:  98% (11354/11585)
2026-10-09T11:38:51.1011073Z Updating files:  99% (11470/11585)
2026-10-09T11:38:51.1011377Z Updating files: 100% (11585/11585)
2026-10-09T11:38:51.1011630Z Updating files: 100% (11585/11585), done.
2026-10-09T11:38:51.1904852Z Note: switching to 'cb107eb59172f52c0964d2b2d3470cf1f59a9b7a'.
2026-10-09T11:38:51.1905215Z 
2026-10-09T11:38:51.1905486Z You are in 'detached HEAD' state. You can look around, make experimental
2026-10-09T11:38:51.1906187Z changes and commit them, and you can discard any commits you make in this
2026-10-09T11:38:51.1906587Z state without impacting any branches by switching back to a branch.
2026-10-09T11:38:51.1906952Z 
2026-10-09T11:38:51.1907101Z If you want to create a new branch to retain commits you create, you may
2026-10-09T11:38:51.1907487Z do so (now or later) by using -c with the switch command. Example:
2026-10-09T11:38:51.1907687Z 
2026-10-09T11:38:51.1907777Z   git switch -c <new-branch-name>
2026-10-09T11:38:51.1907918Z 
2026-10-09T11:38:51.1908003Z Or undo this operation with:
2026-10-09T11:38:51.1908167Z 
2026-10-09T11:38:51.1908241Z   git switch -
2026-10-09T11:38:51.1908337Z 
2026-10-09T11:38:51.1908506Z Turn off this advice by setting config variable advice.detachedHead to false
2026-10-09T11:38:51.1908741Z 
2026-10-09T11:38:51.1908906Z HEAD is now at cb107eb5 fix: open settings at first available settings section
2026-10-09T11:38:51.2177883Z ##[endgroup]
2026-10-09T11:38:51.2216182Z [command]/usr/bin/git log -1 --format=%H
2026-10-09T11:38:51.2238732Z cb107eb59172f52c0964d2b2d3470cf1f59a9b7a
2026-10-09T11:38:51.3106475Z ##[group]Run test -f "$SCRIPT" || { echo "::error::$SCRIPT not found on $CHECKOUT_REF"; exit 1; }
2026-10-09T11:38:51.3107337Z [36;1mtest -f "$SCRIPT" || { echo "::error::$SCRIPT not found on $CHECKOUT_REF"; exit 1; }[0m
2026-10-09T11:38:51.3161921Z shell: /usr/bin/bash -e {0}
2026-10-09T11:38:51.3162056Z env:
2026-10-09T11:38:51.3162176Z   GODOT_VERSION: 4.7-stable
2026-10-09T11:38:51.3162314Z   SCRIPT: tests/smoke_settings.gd
2026-10-09T11:38:51.3162487Z   CHECKOUT_REF: cb107eb59172f52c0964d2b2d3470cf1f59a9b7a
2026-10-09T11:38:51.3162696Z ##[endgroup]
2026-10-09T11:38:51.4418717Z Prepare all required actions
2026-10-09T11:38:51.4419049Z Getting action download info
2026-10-09T11:38:51.5580278Z Download action repository 'actions/cache@v4' (SHA:0057852bfaa89a56745cba8c7296529d2fc39830)
2026-10-09T11:38:52.5608551Z ##[group]Run ./.github/actions/setup-godot
2026-10-09T11:38:52.5608724Z env:
2026-10-09T11:38:52.5608844Z   GODOT_VERSION: 4.7-stable
2026-10-09T11:38:52.5608977Z ##[endgroup]
2026-10-09T11:38:52.5648703Z ##[start-action display=Run actions/cache@v4;id=__self.cache-godot]
2026-10-09T11:38:52.6634295Z ##[group]Run actions/cache@v4
2026-10-09T11:38:52.6634446Z with:
2026-10-09T11:38:52.6634559Z   path: ~/godot-bin
2026-10-09T11:38:52.6634683Z   key: godot-editor-4.7-stable
2026-10-09T11:38:52.6634826Z   enableCrossOsArchive: false
2026-10-09T11:38:52.6634963Z   fail-on-cache-miss: false
2026-10-09T11:38:52.6635092Z   lookup-only: false
2026-10-09T11:38:52.6635207Z   save-always: false
2026-10-09T11:38:52.6635481Z env:
2026-10-09T11:38:52.6635632Z   GODOT_VERSION: 4.7-stable
2026-10-09T11:38:52.6635762Z ##[endgroup]
2026-10-09T11:38:52.7299899Z (node:2114) [DEP0040] DeprecationWarning: The `punycode` module is deprecated. Please use a userland alternative instead.
2026-10-09T11:38:52.7300427Z (Use `node --trace-deprecation ...` to show where the warning was created)
2026-10-09T11:38:52.8926583Z Cache hit for: godot-editor-4.7-stable
2026-10-09T11:38:52.8993302Z (node:2114) [DEP0169] DeprecationWarning: `url.parse()` behavior is not standardized and prone to errors that have security implications. Use the WHATWG URL API instead. CVEs are not issued for `url.parse()` vulnerabilities.
2026-10-09T11:38:53.7990775Z Received 73776973 of 73776973 (100.0%), 92.2 MBs/sec
2026-10-09T11:38:53.7992894Z Cache Size: ~70 MB (73776973 B)
2026-10-09T11:38:53.8047596Z [command]/usr/bin/tar -xf /home/runner/work/_temp/dcc8f409-8022-4aad-b592-a1df2f39aae5/cache.tzst -P -C /home/runner/work/Tetherbound/Tetherbound --use-compress-program unzstd
2026-10-09T11:38:53.9524009Z Cache restored successfully
2026-10-09T11:38:53.9608509Z Cache restored from key: godot-editor-4.7-stable
2026-10-09T11:38:53.9720976Z ##[end-action id=__self.cache-godot;outcome=success;conclusion=success;duration_ms=1407]
2026-10-09T11:38:53.9724283Z ##[start-action display=Run set -euo pipefail;id=__self.__run]
2026-10-09T11:38:53.9749578Z ##[end-action id=__self.__run;outcome=skipped;conclusion=skipped;duration_ms=0]
2026-10-09T11:38:53.9750907Z ##[start-action display=Run echo "$HOME/godot-bin" >> "$GITHUB_PATH";id=__self.__run_2]
2026-10-09T11:38:54.0409963Z ##[group]Run echo "$HOME/godot-bin" >> "$GITHUB_PATH"
2026-10-09T11:38:54.0410288Z [36;1mecho "$HOME/godot-bin" >> "$GITHUB_PATH"[0m
2026-10-09T11:38:54.0467634Z shell: /usr/bin/bash --noprofile --norc -e -o pipefail {0}
2026-10-09T11:38:54.0467824Z env:
2026-10-09T11:38:54.0467945Z   GODOT_VERSION: 4.7-stable
2026-10-09T11:38:54.0468086Z ##[endgroup]
2026-10-09T11:38:54.1523927Z ##[end-action id=__self.__run_2;outcome=success;conclusion=success;duration_ms=177]
2026-10-09T11:38:54.1525628Z ##[start-action display=Run actions/cache@v4;id=__self.__actions_cache]
2026-10-09T11:38:55.1012060Z ##[group]Run actions/cache@v4
2026-10-09T11:38:55.1012216Z with:
2026-10-09T11:38:55.1012328Z   path: .godot
2026-10-09T11:38:55.1012571Z   key: import-4.7-stable-a982a555bc03b28f4143e90980edf3f1779c767c1551b7f01a4a866a2729c33a
2026-10-09T11:38:55.1012839Z   restore-keys: import-4.7-stable-
2026-10-09T11:38:55.1012996Z   enableCrossOsArchive: false
2026-10-09T11:38:55.1013138Z   fail-on-cache-miss: false
2026-10-09T11:38:55.1013275Z   lookup-only: false
2026-10-09T11:38:55.1013401Z   save-always: false
2026-10-09T11:38:55.1013516Z env:
2026-10-09T11:38:55.1013626Z   GODOT_VERSION: 4.7-stable
2026-10-09T11:38:55.1013754Z ##[endgroup]
2026-10-09T11:38:55.1727071Z (node:2144) [DEP0040] DeprecationWarning: The `punycode` module is deprecated. Please use a userland alternative instead.
2026-10-09T11:38:55.1727999Z (Use `node --trace-deprecation ...` to show where the warning was created)
2026-10-09T11:38:55.3294617Z Cache hit for: import-4.7-stable-a982a555bc03b28f4143e90980edf3f1779c767c1551b7f01a4a866a2729c33a
2026-10-09T11:38:55.3360246Z (node:2144) [DEP0169] DeprecationWarning: `url.parse()` behavior is not standardized and prone to errors that have security implications. Use the WHATWG URL API instead. CVEs are not issued for `url.parse()` vulnerabilities.
2026-10-09T11:38:56.5009143Z Received 117440512 of 1754238183 (6.7%), 111.9 MBs/sec
2026-10-09T11:38:57.5012815Z Received 318767104 of 1754238183 (18.2%), 151.8 MBs/sec
2026-10-09T11:38:58.5268098Z Received 536870912 of 1754238183 (30.6%), 169.2 MBs/sec
2026-10-09T11:38:59.5257669Z Received 713031680 of 1754238183 (40.6%), 168.9 MBs/sec
2026-10-09T11:39:00.5255293Z Received 905969664 of 1754238183 (51.6%), 171.9 MBs/sec
2026-10-09T11:39:01.5272272Z Received 1073741824 of 1754238183 (61.2%), 169.9 MBs/sec
2026-10-09T11:39:02.5281293Z Received 1245708288 of 1754238183 (71.0%), 169.0 MBs/sec
2026-10-09T11:39:03.5308279Z Received 1426063360 of 1754238183 (81.3%), 169.4 MBs/sec
2026-10-09T11:39:04.5327808Z Received 1598029824 of 1754238183 (91.1%), 168.8 MBs/sec
2026-10-09T11:39:05.5297408Z Received 1745849575 of 1754238183 (99.5%), 166.0 MBs/sec
2026-10-09T11:39:05.6564769Z Received 1754238183 of 1754238183 (100.0%), 164.7 MBs/sec
2026-10-09T11:39:05.6566367Z Cache Size: ~1673 MB (1754238183 B)
2026-10-09T11:39:05.6645557Z [command]/usr/bin/tar -xf /home/runner/work/_temp/b006b4f6-7746-4e81-9e77-b02c88045bfb/cache.tzst -P -C /home/runner/work/Tetherbound/Tetherbound --use-compress-program unzstd
2026-10-09T11:39:11.6210318Z Cache restored successfully
2026-10-09T11:39:11.6979528Z Cache restored from key: import-4.7-stable-a982a555bc03b28f4143e90980edf3f1779c767c1551b7f01a4a866a2729c33a
2026-10-09T11:39:11.7091963Z ##[end-action id=__self.__actions_cache;outcome=success;conclusion=success;duration_ms=17556]
2026-10-09T11:39:11.7094083Z ##[start-action display=Run godot --headless --path . --import || true;id=__self.__run_3]
2026-10-09T11:39:11.8028472Z ##[group]Run godot --headless --path . --import || true
2026-10-09T11:39:11.8028844Z [36;1mgodot --headless --path . --import || true[0m
2026-10-09T11:39:11.8087565Z shell: /usr/bin/bash --noprofile --norc -e -o pipefail {0}
2026-10-09T11:39:11.8087754Z env:
2026-10-09T11:39:11.8087874Z   GODOT_VERSION: 4.7-stable
2026-10-09T11:39:11.8088017Z ##[endgroup]
2026-10-09T11:39:11.9301388Z Godot Engine v4.7.stable.official.5b4e0cb0f - https://godotengine.org
2026-10-09T11:39:11.9692251Z 
2026-10-09T11:39:15.6834531Z [   0% ] [90m[1mfirst_scan_filesystem[22m | Started Project initialization (5 steps)[39m[0m
2026-10-09T11:39:15.6835284Z [   0% ] [90m[1mfirst_scan_filesystem[22m | Scanning file structure...[39m[0m
2026-10-09T11:39:15.7287273Z [  16% ] [90m[1mfirst_scan_filesystem[22m | Loading global class names...[39m[0m
2026-10-09T11:39:16.0523525Z [  33% ] [90m[1mfirst_scan_filesystem[22m | Verifying GDExtensions...[39m[0m
2026-10-09T11:39:16.0523944Z [  50% ] [90m[1mfirst_scan_filesystem[22m | Creating autoload scripts...[39m[0m
2026-10-09T11:39:19.0184754Z [  66% ] [90m[1mfirst_scan_filesystem[22m | Initializing plugins...[39m[0m
2026-10-09T11:39:19.0185914Z [  83% ] [90m[1mfirst_scan_filesystem[22m | Starting file scan...[39m[0m
2026-10-09T11:39:19.0186359Z [92m[ DONE ][39m [1mfirst_scan_filesystem[22m
2026-10-09T11:39:19.0186899Z [0m
2026-10-09T11:39:22.9057342Z [   0% ] [90m[1mupdate_scripts_classes[22m | Started Registering global classes... (3100 steps)[39m[0m
2026-10-09T11:39:22.9057922Z [   0% ] [90m[1mupdate_scripts_classes[22m | [39m[0m
2026-10-09T11:39:22.9058268Z [   0% ] [90m[1mupdate_scripts_classes[22m | [39m[0m
2026-10-09T11:39:22.9058602Z [   0% ] [90m[1mupdate_scripts_classes[22m | [39m[0m
2026-10-09T11:39:22.9058934Z [   0% ] [90m[1mupdate_scripts_classes[22m | [39m[0m
2026-10-09T11:39:22.9059267Z [   0% ] [90m[1mupdate_scripts_classes[22m | [39m[0m
2026-10-09T11:39:22.9060073Z [   0% ] [90m[1mupdate_scripts_classes[22m | [39m[0m
2026-10-09T11:39:22.9060405Z [   0% ] [90m[1mupdate_scripts_classes[22m | [39m[0m
2026-10-09T11:39:22.9060731Z [   0% ] [90m[1mupdate_scripts_classes[22m | [39m[0m
2026-10-09T11:39:22.9067390Z [   0% ] [90m[1mupdate_scripts_classes[22m | DoubleSlider[39m[0m
2026-10-09T11:39:22.9067750Z [   0% ] [90m[1mupdate_scripts_classes[22m | [39m[0m
2026-10-09T11:39:22.9068069Z [   0% ] [90m[1mupdate_scripts_classes[22m | [39m[0m
2026-10-09T11:39:22.9068402Z [   0% ] [90m[1mupdate_scripts_classes[22m | [39m[0m
2026-10-09T11:39:22.9068659Z [   0% ] [90m[1mupdate_scripts_classes[22m | [39m[0m
2026-10-09T11:39:22.9068900Z [   0% ] [90m[1mupdate_scripts_classes[22m | [39m[0m
2026-10-09T11:39:22.9069238Z [   0% ] [90m[1mupdate_scripts_classes[22m | [39m[0m
2026-10-09T11:39:22.9069572Z [   0% ] [90m[1mupdate_scripts_classes[22m | [39m[0m
2026-10-09T11:39:22.9069904Z [   0% ] [90m[1mupdate_scripts_classes[22m | [39m[0m
2026-10-09T11:39:22.9070469Z [   0% ] [90m[1mupdate_scripts_classes[22m | [39m[0m
2026-10-09T11:39:22.9070795Z [   0% ] [90m[1mupdate_scripts_classes[22m | [39m[0m
2026-10-09T11:39:22.9071182Z [   0% ] [90m[1mupdate_scripts_classes[22m | Terrain3DObjects[39m[0m
2026-10-09T11:39:22.9071560Z [   0% ] [90m[1mupdate_scripts_classes[22m | [39m[0m
2026-10-09T11:39:22.9071890Z [   0% ] [90m[1mupdate_scripts_classes[22m | [39m[0m
2026-10-09T11:39:22.9072216Z [   0% ] [90m[1mupdate_scripts_classes[22m | [39m[0m
2026-10-09T11:39:22.9072541Z [   0% ] [90m[1mupdate_scripts_classes[22m | [39m[0m
2026-10-09T11:39:22.9072870Z [   0% ] [90m[1mupdate_scripts_classes[22m | [39m[0m
2026-10-09T11:39:22.9073196Z [   0% ] [90m[1mupdate_scripts_classes[22m | [39m[0m
2026-10-09T11:39:22.9073523Z [   0% ] [90m[1mupdate_scripts_classes[22m | [39m[0m
2026-10-09T11:39:22.9073871Z [   0% ] [90m[1mupdate_scripts_classes[22m | [39m[0m
2026-10-09T11:39:22.9074207Z [   0% ] [90m[1mupdate_scripts_classes[22m | [39m[0m
2026-10-09T11:39:22.9074531Z [   0% ] [90m[1mupdate_scripts_classes[22m | [39m[0m
2026-10-09T11:39:22.9074856Z [   0% ] [90m[1mupdate_scripts_classes[22m | [39m[0m
2026-10-09T11:39:22.9075219Z [   0% ] [90m[1mupdate_scripts_classes[22m | AudioManager[39m[0m
2026-10-09T11:39:22.9075576Z [   1% ] [90m[1mupdate_scripts_classes[22m | [39m[0m
2026-10-09T11:39:22.9075903Z [   1% ] [90m[1mupdate_scripts_classes[22m | [39m[0m
2026-10-09T11:39:22.9076228Z [   1% ] [90m[1mupdate_scripts_classes[22m | [39m[0m
2026-10-09T11:39:22.9076551Z [   1% ] [90m[1mupdate_scripts_classes[22m | [39m[0m
2026-10-09T11:39:22.9076994Z [   1% ] [90m[1mupdate_scripts_classes[22m | [39m[0m
2026-10-09T11:39:22.9077318Z [   1% ] [90m[1mupdate_scripts_classes[22m | [39m[0m
2026-10-09T11:39:22.9077647Z [   1% ] [90m[1mupdate_scripts_classes[22m | [39m[0m
2026-10-09T11:39:22.9077973Z [   1% ] [90m[1mupdate_scripts_classes[22m | [39m[0m
2026-10-09T11:39:22.9078308Z [   1% ] [90m[1mupdate_scripts_classes[22m | [39m[0m
2026-10-09T11:39:22.9078592Z [   1% ] [90m[1mupdate_scripts_classes[22m | [39m[0m
2026-10-09T11:39:22.9078969Z [   1% ] [90m[1mupdate_scripts_classes[22m | [39m[0m
2026-10-09T11:39:22.9079346Z [   1% ] [90m[1mupdate_scripts_classes[22m | [39m[0m
2026-10-09T11:39:22.9079705Z [   1% ] [90m[1mupdate_scripts_classes[22m | [39m[0m
2026-10-09T11:39:22.9080079Z [   1% ] [90m[1mupdate_scripts_classes[22m | [39m[0m
2026-10-09T11:39:22.9080436Z [   1% ] [90m[1mupdate_scripts_classes[22m | [39m[0m
2026-10-09T11:39:22.9080790Z [   1% ] [90m[1mupdate_scripts_classes[22m | [39m[0m
2026-10-09T11:39:22.9081166Z [   1% ] [90m[1mupdate_scripts_classes[22m | [39m[0m
2026-10-09T11:39:22.9081530Z [   1% ] [90m[1mupdate_scripts_classes[22m | [39m[0m
2026-10-09T11:39:22.9081899Z [   1% ] [90m[1mupdate_scripts_classes[22m | [39m[0m
2026-10-09T11:39:22.9082255Z [   1% ] [90m[1mupdate_scripts_classes[22m | [39m[0m
2026-10-09T11:39:22.9082901Z [   1% ] [90m[1mupdate_scripts_classes[22m | [39m[0m
2026-10-09T11:39:22.9083259Z [   1% ] [90m[1mupdate_scripts_classes[22m | [39m[0m
2026-10-09T11:39:22.9083613Z [   1% ] [90m[1mupdate_scripts_classes[22m | [39m[0m
2026-10-09T11:39:22.9083959Z [   1% ] [90m[1mupdate_scripts_classes[22m | [39m[0m
2026-10-09T11:39:22.9084303Z [   1% ] [90m[1mupdate_scripts_classes[22m | [39m[0m
2026-10-09T11:39:22.9084651Z [   1% ] [90m[1mupdate_scripts_classes[22m | [39m[0m
2026-10-09T11:39:22.9084972Z [   1% ] [90m[1mupdate_scripts_classes[22m | [39m[0m
2026-10-09T11:39:22.9085325Z [   1% ] [90m[1mupdate_scripts_classes[22m | [39m[0m
2026-10-09T11:39:22.9085672Z [   1% ] [90m[1mupdate_scripts_classes[22m | [39m[0m
2026-10-09T11:39:22.9086030Z [   1% ] [90m[1mupdate_scripts_classes[22m | [39m[0m
2026-10-09T11:39:22.9086376Z [   1% ] [90m[1mupdate_scripts_classes[22m | [39m[0m
2026-10-09T11:39:22.9086938Z [   2% ] [90m[1mupdate_scripts_classes[22m | [39m[0m
2026-10-09T11:39:22.9087298Z [   2% ] [90m[1mupdate_scripts_classes[22m | [39m[0m
2026-10-09T11:39:22.9087649Z [   2% ] [90m[1mupdate_scripts_classes[22m | [39m[0m
2026-10-09T11:39:22.9088013Z [   2% ] [90m[1mupdate_scripts_classes[22m | [39m[0m
2026-10-09T11:39:22.9088363Z [   2% ] [90m[1mupdate_scripts_classes[22m | [39m[0m
2026-10-09T11:39:22.9088576Z [   2% ] [90m[1mupdate_scripts_classes[22m | [39m[0m
2026-10-09T11:39:22.9088789Z [   2% ] [90m[1mupdate_scripts_classes[22m | [39m[0m
2026-10-09T11:39:22.9089041Z [   2% ] [90m[1mupdate_scripts_classes[22m | [39m[0m
2026-10-09T11:39:22.9089379Z [   2% ] [90m[1mupdate_scripts_classes[22m | [39m[0m
2026-10-09T11:39:22.9089703Z [   2% ] [90m[1mupdate_scripts_classes[22m | [39m[0m
2026-10-09T11:39:22.9090025Z [   2% ] [90m[1mupdate_scripts_classes[22m | [39m[0m
2026-10-09T11:39:22.9090343Z [   2% ] [90m[1mupdate_scripts_classes[22m | [39m[0m
2026-10-09T11:39:22.9090687Z [   2% ] [90m[1mupdate_scripts_classes[22m | [39m[0m
2026-10-09T11:39:22.9091069Z [   2% ] [90m[1mupdate_scripts_classes[22m | [39m[0m
2026-10-09T11:39:22.9091439Z [   2% ] [90m[1mupdate_scripts_classes[22m | [39m[0m
2026-10-09T11:39:22.9091811Z [   2% ] [90m[1mupdate_scripts_classes[22m | [39m[0m
2026-10-09T11:39:22.9092166Z [   2% ] [90m[1mupdate_scripts_classes[22m | [39m[0m
2026-10-09T11:39:22.9092531Z [   2% ] [90m[1mupdate_scripts_classes[22m | [39m[0m
2026-10-09T11:39:22.9092910Z [   2% ] [90m[1mupdate_scripts_classes[22m | [39m[0m
2026-10-09T11:39:22.9093326Z [   2% ] [90m[1mupdate_scripts_classes[22m | [39m[0m
2026-10-09T11:39:22.9093690Z [   2% ] [90m[1mupdate_scripts_classes[22m | [39m[0m
2026-10-09T11:39:22.9094077Z [   2% ] [90m[1mupdate_scripts_classes[22m | [39m[0m
2026-10-09T11:39:22.9094427Z [   2% ] [90m[1mupdate_scripts_classes[22m | [39m[0m
2026-10-09T11:39:22.9094811Z [   2% ] [90m[1mupdate_scripts_classes[22m | [39m[0m
2026-10-09T11:39:22.9095213Z [   2% ] [90m[1mupdate_scripts_classes[22m | [39m[0m
2026-10-09T11:39:22.9095573Z [   2% ] [90m[1mupdate_scripts_classes[22m | [39m[0m
2026-10-09T11:39:22.9095948Z [   2% ] [90m[1mupdate_scripts_classes[22m | [39m[0m
2026-10-09T11:39:22.9096274Z [   2% ] [90m[1mupdate_scripts_classes[22m | [39m[0m
2026-10-09T11:39:22.9096733Z [   2% ] [90m[1mupdate_scripts_classes[22m | [39m[0m
2026-10-09T11:39:22.9097086Z [   2% ] [90m[1mupdate_scripts_classes[22m | [39m[0m
2026-10-09T11:39:22.9097436Z [   2% ] [90m[1mupdate_scripts_classes[22m | [39m[0m
2026-10-09T11:39:22.9097788Z [   3% ] [90m[1mupdate_scripts_classes[22m | [39m[0m
2026-10-09T11:39:22.9098139Z [   3% ] [90m[1mupdate_scripts_classes[22m | [39m[0m
2026-10-09T11:39:22.9098516Z [   3% ] [90m[1mupdate_scripts_classes[22m | [39m[0m
2026-10-09T11:39:22.9098878Z [   3% ] [90m[1mupdate_scripts_classes[22m | [39m[0m
2026-10-09T11:39:22.9099166Z [   3% ] [90m[1mupdate_scripts_classes[22m | [39m[0m
2026-10-09T11:39:22.9099582Z [   3% ] [90m[1mupdate_scripts_classes[22m | [39m[0m
2026-10-09T11:39:22.9099822Z [   3% ] [90m[1mupdate_scripts_classes[22m | [39m[0m
2026-10-09T11:39:22.9100232Z [   3% ] [90m[1mupdate_scripts_classes[22m | [39m[0m
2026-10-09T11:39:22.9100579Z [   3% ] [90m[1mupdate_scripts_classes[22m | [39m[0m
2026-10-09T11:39:22.9100911Z [   3% ] [90m[1mupdate_scripts_classes[22m | [39m[0m
2026-10-09T11:39:22.9101242Z [   3% ] [90m[1mupdate_scripts_classes[22m | [39m[0m
2026-10-09T11:39:22.9101572Z [   3% ] [90m[1mupdate_scripts_classes[22m | [39m[0m
2026-10-09T11:39:22.9101907Z [   3% ] [90m[1mupdate_scripts_classes[22m | [39m[0m
2026-10-09T11:39:22.9102276Z [   3% ] [90m[1mupdate_scripts_classes[22m | [39m[0m
2026-10-09T11:39:22.9102608Z [   3% ] [90m[1mupdate_scripts_classes[22m | [39m[0m
2026-10-09T11:39:22.9102944Z [   3% ] [90m[1mupdate_scripts_classes[22m | [39m[0m
2026-10-09T11:39:22.9103417Z [   3% ] [90m[1mupdate_scripts_classes[22m | [39m[0m
2026-10-09T11:39:22.9103753Z [   3% ] [90m[1mupdate_scripts_classes[22m | [39m[0m
2026-10-09T11:39:22.9104088Z [   3% ] [90m[1mupdate_scripts_classes[22m | [39m[0m
2026-10-09T11:39:22.9104420Z [   3% ] [90m[1mupdate_scripts_classes[22m | [39m[0m
2026-10-09T11:39:22.9104753Z [   3% ] [90m[1mupdate_scripts_classes[22m | [39m[0m
2026-10-09T11:39:22.9105083Z [   3% ] [90m[1mupdate_scripts_classes[22m | [39m[0m
2026-10-09T11:39:22.9105419Z [   3% ] [90m[1mupdate_scripts_classes[22m | [39m[0m
2026-10-09T11:39:22.9105648Z [   3% ] [90m[1mupdate_scripts_classes[22m | [39m[0m
2026-10-09T11:39:22.9105861Z [   3% ] [90m[1mupdate_scripts_classes[22m | [39m[0m
2026-10-09T11:39:22.9106075Z [   3% ] [90m[1mupdate_scripts_classes[22m | [39m[0m
2026-10-09T11:39:22.9106288Z [   3% ] [90m[1mupdate_scripts_classes[22m | [39m[0m
2026-10-09T11:39:22.9106500Z [   3% ] [90m[1mupdate_scripts_classes[22m | [39m[0m
2026-10-09T11:39:22.9106959Z [   3% ] [90m[1mupdate_scripts_classes[22m | [39m[0m
2026-10-09T11:39:22.9107287Z [   3% ] [90m[1mupdate_scripts_classes[22m | [39m[0m
2026-10-09T11:39:22.9107614Z [   3% ] [90m[1mupdate_scripts_classes[22m | [39m[0m
2026-10-09T11:39:22.9107830Z [   4% ] [90m[1mupdate_scripts_classes[22m | [39m[0m
2026-10-09T11:39:22.9108042Z [   4% ] [90m[1mupdate_scripts_classes[22m | [39m[0m
2026-10-09T11:39:22.9108257Z [   4% ] [90m[1mupdate_scripts_classes[22m | [39m[0m
2026-10-09T11:39:22.9108469Z [   4% ] [90m[1mupdate_scripts_classes[22m | [39m[0m
2026-10-09T11:39:22.9108682Z [   4% ] [90m[1mupdate_scripts_classes[22m | [39m[0m
2026-10-09T11:39:22.9108899Z [   4% ] [90m[1mupdate_scripts_classes[22m | [39m[0m
2026-10-09T11:39:22.9109112Z [   4% ] [90m[1mupdate_scripts_classes[22m | [39m[0m
2026-10-09T11:39:22.9109325Z [   4% ] [90m[1mupdate_scripts_classes[22m | [39m[0m
2026-10-09T11:39:22.9109536Z [   4% ] [90m[1mupdate_scripts_classes[22m | [39m[0m
2026-10-09T11:39:22.9109755Z [   4% ] [90m[1mupdate_scripts_classes[22m | [39m[0m
2026-10-09T11:39:22.9109969Z [   4% ] [90m[1mupdate_scripts_classes[22m | [39m[0m
2026-10-09T11:39:22.9110182Z [   4% ] [90m[1mupdate_scripts_classes[22m | [39m[0m
2026-10-09T11:39:22.9110399Z [   4% ] [90m[1mupdate_scripts_classes[22m | [39m[0m
2026-10-09T11:39:22.9110612Z [   4% ] [90m[1mupdate_scripts_classes[22m | [39m[0m
2026-10-09T11:39:22.9110823Z [   4% ] [90m[1mupdate_scripts_classes[22m | [39m[0m
2026-10-09T11:39:22.9111036Z [   4% ] [90m[1mupdate_scripts_classes[22m | [39m[0m
2026-10-09T11:39:22.9111247Z [   4% ] [90m[1mupdate_scripts_classes[22m | [39m[0m
2026-10-09T11:39:22.9111460Z [   4% ] [90m[1mupdate_scripts_classes[22m | [39m[0m
2026-10-09T11:39:22.9111672Z [   4% ] [90m[1mupdate_scripts_classes[22m | [39m[0m
2026-10-09T11:39:22.9111883Z [   4% ] [90m[1mupdate_scripts_classes[22m | [39m[0m
2026-10-09T11:39:22.9112097Z [   4% ] [90m[1mupdate_scripts_classes[22m | [39m[0m
2026-10-09T11:39:22.9112425Z [   4% ] [90m[1mupdate_scripts_classes[22m | [39m[0m
2026-10-09T11:39:22.9112642Z [   4% ] [90m[1mupdate_scripts_classes[22m | [39m[0m
2026-10-09T11:39:22.9112855Z [   4% ] [90m[1mupdate_scripts_classes[22m | [39m[0m
2026-10-09T11:39:22.9113066Z [   4% ] [90m[1mupdate_scripts_classes[22m | [39m[0m
2026-10-09T11:39:22.9113282Z [   4% ] [90m[1mupdate_scripts_classes[22m | [39m[0m
2026-10-09T11:39:22.9113494Z [   4% ] [90m[1mupdate_scripts_classes[22m | [39m[0m
2026-10-09T11:39:22.9113710Z [   4% ] [90m[1mupdate_scripts_classes[22m | [39m[0m
2026-10-09T11:39:22.9113924Z [   4% ] [90m[1mupdate_scripts_classes[22m | [39m[0m
2026-10-09T11:39:22.9114138Z [   4% ] [90m[1mupdate_scripts_classes[22m | [39m[0m
2026-10-09T11:39:22.9114354Z [   4% ] [90m[1mupdate_scripts_classes[22m | [39m[0m
2026-10-09T11:39:22.9114567Z [   5% ] [90m[1mupdate_scripts_classes[22m | [39m[0m
2026-10-09T11:39:22.9114780Z [   5% ] [90m[1mupdate_scripts_classes[22m | [39m[0m
2026-10-09T11:39:22.9115120Z [   5% ] [90m[1mupdate_scripts_classes[22m | [39m[0m
2026-10-09T11:39:22.9115334Z [   5% ] [90m[1mupdate_scripts_classes[22m | [39m[0m
2026-10-09T11:39:22.9115553Z [   5% ] [90m[1mupdate_scripts_classes[22m | [39m[0m
2026-10-09T11:39:22.9115767Z [   5% ] [90m[1mupdate_scripts_classes[22m | [39m[0m
2026-10-09T11:39:22.9115979Z [   5% ] [90m[1mupdate_scripts_classes[22m | [39m[0m
2026-10-09T11:39:22.9116195Z [   5% ] [90m[1mupdate_scripts_classes[22m | [39m[0m
2026-10-09T11:39:22.9116408Z [   5% ] [90m[1mupdate_scripts_classes[22m | [39m[0m
2026-10-09T11:39:22.9116742Z [   5% ] [90m[1mupdate_scripts_classes[22m | [39m[0m
2026-10-09T11:39:22.9116981Z [   5% ] [90m[1mupdate_scripts_classes[22m | [39m[0m
2026-10-09T11:39:22.9117194Z [   5% ] [90m[1mupdate_scripts_classes[22m | [39m[0m
2026-10-09T11:39:22.9117410Z [   5% ] [90m[1mupdate_scripts_classes[22m | [39m[0m
2026-10-09T11:39:22.9117632Z [   5% ] [90m[1mupdate_scripts_classes[22m | [39m[0m
2026-10-09T11:39:22.9117848Z [   5% ] [90m[1mupdate_scripts_classes[22m | [39m[0m
2026-10-09T11:39:22.9118060Z [   5% ] [90m[1mupdate_scripts_classes[22m | [39m[0m
2026-10-09T11:39:22.9118273Z [   5% ] [90m[1mupdate_scripts_classes[22m | [39m[0m
2026-10-09T11:39:22.9118489Z [   5% ] [90m[1mupdate_scripts_classes[22m | [39m[0m
2026-10-09T11:39:22.9118700Z [   5% ] [90m[1mupdate_scripts_classes[22m | [39m[0m
2026-10-09T11:39:22.9118912Z [   5% ] [90m[1mupdate_scripts_classes[22m | [39m[0m
2026-10-09T11:39:22.9119126Z [   5% ] [90m[1mupdate_scripts_classes[22m | [39m[0m
2026-10-09T11:39:22.9119338Z [   5% ] [90m[1mupdate_scripts_classes[22m | [39m[0m
2026-10-09T11:39:22.9119553Z [   5% ] [90m[1mupdate_scripts_classes[22m | [39m[0m
2026-10-09T11:39:22.9119764Z [   5% ] [90m[1mupdate_scripts_classes[22m | [39m[0m
2026-10-09T11:39:22.9119977Z [   5% ] [90m[1mupdate_scripts_classes[22m | [39m[0m
2026-10-09T11:39:22.9120199Z [   5% ] [90m[1mupdate_scripts_classes[22m | [39m[0m
2026-10-09T11:39:22.9120411Z [   5% ] [90m[1mupdate_scripts_classes[22m | [39m[0m
2026-10-09T11:39:22.9120624Z [   5% ] [90m[1mupdate_scripts_classes[22m | [39m[0m
2026-10-09T11:39:22.9120835Z [   5% ] [90m[1mupdate_scripts_classes[22m | [39m[0m
2026-10-09T11:39:22.9121048Z [   5% ] [90m[1mupdate_scripts_classes[22m | [39m[0m
2026-10-09T11:39:22.9121261Z [   5% ] [90m[1mupdate_scripts_classes[22m | [39m[0m
2026-10-09T11:39:22.9121471Z [   6% ] [90m[1mupdate_scripts_classes[22m | [39m[0m
2026-10-09T11:39:22.9121686Z [   6% ] [90m[1mupdate_scripts_classes[22m | [39m[0m
2026-10-09T11:39:22.9121897Z [   6% ] [90m[1mupdate_scripts_classes[22m | [39m[0m
2026-10-09T11:39:22.9122112Z [   6% ] [90m[1mupdate_scripts_classes[22m | [39m[0m
2026-10-09T11:39:22.9122326Z [   6% ] [90m[1mupdate_scripts_classes[22m | [39m[0m
2026-10-09T11:39:22.9122537Z [   6% ] [90m[1mupdate_scripts_classes[22m | [39m[0m
2026-10-09T11:39:22.9122865Z [   6% ] [90m[1mupdate_scripts_classes[22m | [39m[0m
2026-10-09T11:39:22.9123081Z [   6% ] [90m[1mupdate_scripts_classes[22m | [39m[0m
2026-10-09T11:39:22.9123295Z [   6% ] [90m[1mupdate_scripts_classes[22m | [39m[0m
2026-10-09T11:39:22.9123512Z [   6% ] [90m[1mupdate_scripts_classes[22m | [39m[0m
2026-10-09T11:39:22.9123726Z [   6% ] [90m[1mupdate_scripts_classes[22m | [39m[0m
2026-10-09T11:39:22.9123942Z [   6% ] [90m[1mupdate_scripts_classes[22m | [39m[0m
2026-10-09T11:39:22.9124159Z [   6% ] [90m[1mupdate_scripts_classes[22m | [39m[0m
2026-10-09T11:39:22.9124372Z [   6% ] [90m[1mupdate_scripts_classes[22m | [39m[0m
2026-10-09T11:39:22.9124588Z [   6% ] [90m[1mupdate_scripts_classes[22m | [39m[0m
2026-10-09T11:39:22.9124800Z [   6% ] [90m[1mupdate_scripts_classes[22m | [39m[0m
2026-10-09T11:39:22.9125013Z [   6% ] [90m[1mupdate_scripts_classes[22m | [39m[0m
2026-10-09T11:39:22.9125229Z [   6% ] [90m[1mupdate_scripts_classes[22m | [39m[0m
2026-10-09T11:39:22.9125544Z [   6% ] [90m[1mupdate_scripts_classes[22m | [39m[0m
2026-10-09T11:39:22.9125762Z [   6% ] [90m[1mupdate_scripts_classes[22m | [39m[0m
2026-10-09T11:39:22.9125973Z [   6% ] [90m[1mupdate_scripts_classes[22m | [39m[0m
2026-10-09T11:39:22.9126187Z [   6% ] [90m[1mupdate_scripts_classes[22m | [39m[0m
2026-10-09T11:39:22.9126403Z [   6% ] [90m[1mupdate_scripts_classes[22m | [39m[0m
2026-10-09T11:39:22.9126763Z [   6% ] [90m[1mupdate_scripts_classes[22m | [39m[0m
2026-10-09T11:39:22.9126983Z [   6% ] [90m[1mupdate_scripts_classes[22m | [39m[0m
2026-10-09T11:39:22.9127196Z [   6% ] [90m[1mupdate_scripts_classes[22m | [39m[0m
2026-10-09T11:39:22.9127408Z [   6% ] [90m[1mupdate_scripts_classes[22m | [39m[0m
2026-10-09T11:39:22.9127622Z [   6% ] [90m[1mupdate_scripts_classes[22m | [39m[0m
2026-10-09T11:39:22.9127833Z [   6% ] [90m[1mupdate_scripts_classes[22m | [39m[0m
2026-10-09T11:39:22.9128053Z [   6% ] [90m[1mupdate_scripts_classes[22m | [39m[0m
2026-10-09T11:39:22.9128383Z [   6% ] [90m[1mupdate_scripts_classes[22m | [39m[0m
2026-10-09T11:39:22.9128745Z [   7% ] [90m[1mupdate_scripts_classes[22m | [39m[0m
2026-10-09T11:39:22.9129113Z [   7% ] [90m[1mupdate_scripts_classes[22m | [39m[0m
2026-10-09T11:39:22.9129520Z [   7% ] [90m[1mupdate_scripts_classes[22m | SnapshotTransfer[39m[0m
2026-10-09T11:39:22.9129924Z [   7% ] [90m[1mupdate_scripts_classes[22m | [39m[0m
2026-10-09T11:39:22.9130282Z [   7% ] [90m[1mupdate_scripts_classes[22m | [39m[0m
2026-10-09T11:39:22.9130613Z [   7% ] [90m[1mupdate_scripts_classes[22m | [39m[0m
2026-10-09T11:39:22.9130942Z [   7% ] [90m[1mupdate_scripts_classes[22m | [39m[0m
2026-10-09T11:39:22.9131327Z [   7% ] [90m[1mupdate_scripts_classes[22m | [39m[0m
2026-10-09T11:39:22.9131788Z [   7% ] [90m[1mupdate_scripts_classes[22m | [39m[0m
2026-10-09T11:39:22.9132196Z [   7% ] [90m[1mupdate_scripts_classes[22m | [39m[0m
2026-10-09T11:39:22.9132838Z [   7% ] [90m[1mupdate_scripts_classes[22m | [39m[0m
2026-10-09T11:39:22.9133309Z [   7% ] [90m[1mupdate_scripts_classes[22m | [39m[0m
2026-10-09T11:39:22.9133761Z [   7% ] [90m[1mupdate_scripts_classes[22m | [39m[0m
2026-10-09T11:39:22.9134228Z [   7% ] [90m[1mupdate_scripts_classes[22m | [39m[0m
2026-10-09T11:39:22.9134634Z [   7% ] [90m[1mupdate_scripts_classes[22m | [39m[0m
2026-10-09T11:39:22.9135178Z [   7% ] [90m[1mupdate_scripts_classes[22m | [39m[0m
2026-10-09T11:39:22.9135621Z [   7% ] [90m[1mupdate_scripts_classes[22m | [39m[0m
2026-10-09T11:39:22.9136120Z [   7% ] [90m[1mupdate_scripts_classes[22m | [39m[0m
2026-10-09T11:39:22.9136587Z [   7% ] [90m[1mupdate_scripts_classes[22m | [39m[0m
2026-10-09T11:39:22.9137110Z [   7% ] [90m[1mupdate_scripts_classes[22m | [39m[0m
2026-10-09T11:39:22.9137402Z [   7% ] [90m[1mupdate_scripts_classes[22m | [39m[0m
2026-10-09T11:39:22.9137744Z [   7% ] [90m[1mupdate_scripts_classes[22m | [39m[0m
2026-10-09T11:39:22.9138153Z [   7% ] [90m[1mupdate_scripts_classes[22m | [39m[0m
2026-10-09T11:39:22.9151531Z [   7% ] [90m[1mupdate_scripts_classes[22m | [39m[0m
2026-10-09T11:39:22.9153976Z [   7% ] [90m[1mupdate_scripts_classes[22m | [39m[0m
2026-10-09T11:39:22.9154316Z [   7% ] [90m[1mupdate_scripts_classes[22m | [39m[0m
2026-10-09T11:39:22.9154650Z [   7% ] [90m[1mupdate_scripts_classes[22m | [39m[0m
2026-10-09T11:39:22.9154987Z [   7% ] [90m[1mupdate_scripts_classes[22m | [39m[0m
2026-10-09T11:39:22.9155320Z [   7% ] [90m[1mupdate_scripts_classes[22m | [39m[0m
2026-10-09T11:39:22.9155653Z [   7% ] [90m[1mupdate_scripts_classes[22m | [39m[0m
2026-10-09T11:39:22.9155993Z [   7% ] [90m[1mupdate_scripts_classes[22m | [39m[0m
2026-10-09T11:39:22.9156328Z [   8% ] [90m[1mupdate_scripts_classes[22m | [39m[0m
2026-10-09T11:39:22.9156784Z [   8% ] [90m[1mupdate_scripts_classes[22m | [39m[0m
2026-10-09T11:39:22.9157116Z [   8% ] [90m[1mupdate_scripts_classes[22m | [39m[0m
2026-10-09T11:39:22.9157624Z [   8% ] [90m[1mupdate_scripts_classes[22m | [39m[0m
2026-10-09T11:39:22.9157960Z [   8% ] [90m[1mupdate_scripts_classes[22m | [39m[0m
2026-10-09T11:39:22.9158292Z [   8% ] [90m[1mupdate_scripts_classes[22m | [39m[0m
2026-10-09T11:39:22.9158631Z [   8% ] [90m[1mupdate_scripts_classes[22m | [39m[0m
2026-10-09T11:39:22.9158962Z [   8% ] [90m[1mupdate_scripts_classes[22m | [39m[0m
2026-10-09T11:39:22.9159293Z [   8% ] [90m[1mupdate_scripts_classes[22m | [39m[0m
2026-10-09T11:39:22.9159628Z [   8% ] [90m[1mupdate_scripts_classes[22m | [39m[0m
2026-10-09T11:39:22.9159959Z [   8% ] [90m[1mupdate_scripts_classes[22m | [39m[0m
2026-10-09T11:39:22.9160295Z [   8% ] [90m[1mupdate_scripts_classes[22m | [39m[0m
2026-10-09T11:39:22.9160626Z [   8% ] [90m[1mupdate_scripts_classes[22m | [39m[0m
2026-10-09T11:39:22.9160958Z [   8% ] [90m[1mupdate_scripts_classes[22m | [39m[0m
2026-10-09T11:39:22.9161301Z [   8% ] [90m[1mupdate_scripts_classes[22m | [39m[0m
2026-10-09T11:39:22.9161634Z [   8% ] [90m[1mupdate_scripts_classes[22m | [39m[0m
2026-10-09T11:39:22.9161971Z [   8% ] [90m[1mupdate_scripts_classes[22m | [39m[0m
2026-10-09T11:39:22.9162305Z [   8% ] [90m[1mupdate_scripts_classes[22m | [39m[0m
2026-10-09T11:39:22.9162635Z [   8% ] [90m[1mupdate_scripts_classes[22m | [39m[0m
2026-10-09T11:39:22.9162972Z [   8% ] [90m[1mupdate_scripts_classes[22m | [39m[0m
2026-10-09T11:39:22.9163303Z [   8% ] [90m[1mupdate_scripts_classes[22m | [39m[0m
2026-10-09T11:39:22.9163634Z [   8% ] [90m[1mupdate_scripts_classes[22m | [39m[0m
2026-10-09T11:39:22.9163968Z [   8% ] [90m[1mupdate_scripts_classes[22m | [39m[0m
2026-10-09T11:39:22.9164298Z [   8% ] [90m[1mupdate_scripts_classes[22m | [39m[0m
2026-10-09T11:39:22.9164633Z [   8% ] [90m[1mupdate_scripts_classes[22m | [39m[0m
2026-10-09T11:39:22.9164964Z [   8% ] [90m[1mupdate_scripts_classes[22m | [39m[0m
2026-10-09T11:39:22.9165261Z [   8% ] [90m[1mupdate_scripts_classes[22m | [39m[0m
2026-10-09T11:39:22.9165479Z [   8% ] [90m[1mupdate_scripts_classes[22m | [39m[0m
2026-10-09T11:39:22.9165693Z [   8% ] [90m[1mupdate_scripts_classes[22m | [39m[0m
2026-10-09T11:39:22.9166042Z [   8% ] [90m[1mupdate_scripts_classes[22m | [39m[0m
2026-10-09T11:39:22.9166374Z [   8% ] [90m[1mupdate_scripts_classes[22m | [39m[0m
2026-10-09T11:39:22.9166819Z [   9% ] [90m[1mupdate_scripts_classes[22m | [39m[0m
2026-10-09T11:39:22.9167063Z [   9% ] [90m[1mupdate_scripts_classes[22m | [39m[0m
2026-10-09T11:39:22.9167276Z [   9% ] [90m[1mupdate_scripts_classes[22m | [39m[0m
2026-10-09T11:39:22.9167493Z [   9% ] [90m[1mupdate_scripts_classes[22m | [39m[0m
2026-10-09T11:39:22.9167704Z [   9% ] [90m[1mupdate_scripts_classes[22m | [39m[0m
2026-10-09T11:39:22.9167947Z [   9% ] [90m[1mupdate_scripts_classes[22m | AudioCues[39m[0m
2026-10-09T11:39:22.9168250Z [   9% ] [90m[1mupdate_scripts_classes[22m | [39m[0m
2026-10-09T11:39:22.9168573Z [   9% ] [90m[1mupdate_scripts_classes[22m | [39m[0m
2026-10-09T11:39:22.9168789Z [   9% ] [90m[1mupdate_scripts_classes[22m | [39m[0m
2026-10-09T11:39:22.9169005Z [   9% ] [90m[1mupdate_scripts_classes[22m | [39m[0m
2026-10-09T11:39:22.9169220Z [   9% ] [90m[1mupdate_scripts_classes[22m | [39m[0m
2026-10-09T11:39:22.9169435Z [   9% ] [90m[1mupdate_scripts_classes[22m | [39m[0m
2026-10-09T11:39:22.9169648Z [   9% ] [90m[1mupdate_scripts_classes[22m | [39m[0m
2026-10-09T11:39:22.9169861Z [   9% ] [90m[1mupdate_scripts_classes[22m | [39m[0m
2026-10-09T11:39:22.9170077Z [   9% ] [90m[1mupdate_scripts_classes[22m | [39m[0m
2026-10-09T11:39:22.9170289Z [   9% ] [90m[1mupdate_scripts_classes[22m | [39m[0m
2026-10-09T11:39:22.9170506Z [   9% ] [90m[1mupdate_scripts_classes[22m | [39m[0m
2026-10-09T11:39:22.9170718Z [   9% ] [90m[1mupdate_scripts_classes[22m | [39m[0m
2026-10-09T11:39:22.9170929Z [   9% ] [90m[1mupdate_scripts_classes[22m | [39m[0m
2026-10-09T11:39:22.9171236Z [   9% ] [90m[1mupdate_scripts_classes[22m | [39m[0m
2026-10-09T11:39:22.9171449Z [   9% ] [90m[1mupdate_scripts_classes[22m | [39m[0m
2026-10-09T11:39:22.9171661Z [   9% ] [90m[1mupdate_scripts_classes[22m | [39m[0m
2026-10-09T11:39:22.9171877Z [   9% ] [90m[1mupdate_scripts_classes[22m | [39m[0m
2026-10-09T11:39:22.9172088Z [   9% ] [90m[1mupdate_scripts_classes[22m | [39m[0m
2026-10-09T11:39:22.9172302Z [   9% ] [90m[1mupdate_scripts_classes[22m | [39m[0m
2026-10-09T11:39:22.9172515Z [   9% ] [90m[1mupdate_scripts_classes[22m | [39m[0m
2026-10-09T11:39:22.9172728Z [   9% ] [90m[1mupdate_scripts_classes[22m | [39m[0m
2026-10-09T11:39:22.9172943Z [   9% ] [90m[1mupdate_scripts_classes[22m | [39m[0m
2026-10-09T11:39:22.9173153Z [   9% ] [90m[1mupdate_scripts_classes[22m | [39m[0m
2026-10-09T11:39:22.9173367Z [   9% ] [90m[1mupdate_scripts_classes[22m | [39m[0m
2026-10-09T11:39:22.9173588Z [   9% ] [90m[1mupdate_scripts_classes[22m | [39m[0m
2026-10-09T11:39:22.9173803Z [  10% ] [90m[1mupdate_scripts_classes[22m | [39m[0m
2026-10-09T11:39:22.9174022Z [  10% ] [90m[1mupdate_scripts_classes[22m | [39m[0m
2026-10-09T11:39:22.9174237Z [  10% ] [90m[1mupdate_scripts_classes[22m | [39m[0m
2026-10-09T11:39:22.9174451Z [  10% ] [90m[1mupdate_scripts_classes[22m | [39m[0m
2026-10-09T11:39:22.9174663Z [  10% ] [90m[1mupdate_scripts_classes[22m | [39m[0m
2026-10-09T11:39:22.9174876Z [  10% ] [90m[1mupdate_scripts_classes[22m | [39m[0m
2026-10-09T11:39:22.9175090Z [  10% ] [90m[1mupdate_scripts_classes[22m | [39m[0m
2026-10-09T11:39:22.9175303Z [  10% ] [90m[1mupdate_scripts_classes[22m | [39m[0m
2026-10-09T11:39:22.9175518Z [  10% ] [90m[1mupdate_scripts_classes[22m | [39m[0m
2026-10-09T11:39:22.9175731Z [  10% ] [90m[1mupdate_scripts_classes[22m | [39m[0m
2026-10-09T11:39:22.9175944Z [  10% ] [90m[1mupdate_scripts_classes[22m | [39m[0m
2026-10-09T11:39:22.9176169Z [  10% ] [90m[1mupdate_scripts_classes[22m | [39m[0m
2026-10-09T11:39:22.9176382Z [  10% ] [90m[1mupdate_scripts_classes[22m | [39m[0m
2026-10-09T11:39:22.9176597Z [  10% ] [90m[1mupdate_scripts_classes[22m | [39m[0m
2026-10-09T11:39:22.9177234Z [  10% ] [90m[1mupdate_scripts_classes[22m | [39m[0m
2026-10-09T11:39:22.9177566Z [  10% ] [90m[1mupdate_scripts_classes[22m | [39m[0m
2026-10-09T11:39:22.9177918Z [  10% ] [90m[1mupdate_scripts_classes[22m | [39m[0m
2026-10-09T11:39:22.9178256Z [  10% ] [90m[1mupdate_scripts_classes[22m | [39m[0m
2026-10-09T11:39:22.9178586Z [  10% ] [90m[1mupdate_scripts_classes[22m | [39m[0m
2026-10-09T11:39:22.9178926Z [  10% ] [90m[1mupdate_scripts_classes[22m | [39m[0m
2026-10-09T11:39:22.9179310Z [  10% ] [90m[1mupdate_scripts_classes[22m | [39m[0m
2026-10-09T11:39:22.9179652Z [  10% ] [90m[1mupdate_scripts_classes[22m | [39m[0m
2026-10-09T11:39:22.9179986Z [  10% ] [90m[1mupdate_scripts_classes[22m | [39m[0m
2026-10-09T11:39:22.9180468Z [  10% ] [90m[1mupdate_scripts_classes[22m | [39m[0m
2026-10-09T11:39:22.9180808Z [  10% ] [90m[1mupdate_scripts_classes[22m | [39m[0m
2026-10-09T11:39:22.9181138Z [  10% ] [90m[1mupdate_scripts_classes[22m | [39m[0m
2026-10-09T11:39:22.9181476Z [  10% ] [90m[1mupdate_scripts_classes[22m | [39m[0m
2026-10-09T11:39:22.9181814Z [  10% ] [90m[1mupdate_scripts_classes[22m | [39m[0m
2026-10-09T11:39:22.9182148Z [  10% ] [90m[1mupdate_scripts_classes[22m | [39m[0m
2026-10-09T11:39:22.9182489Z [  10% ] [90m[1mupdate_scripts_classes[22m | [39m[0m
2026-10-09T11:39:22.9182825Z [  10% ] [90m[1mupdate_scripts_classes[22m | [39m[0m
2026-10-09T11:39:22.9183162Z [  11% ] [90m[1mupdate_scripts_classes[22m | [39m[0m
2026-10-09T11:39:22.9183496Z [  11% ] [90m[1mupdate_scripts_classes[22m | [39m[0m
2026-10-09T11:39:22.9183831Z [  11% ] [90m[1mupdate_scripts_classes[22m | [39m[0m
2026-10-09T11:39:22.9184168Z [  11% ] [90m[1mupdate_scripts_classes[22m | [39m[0m
2026-10-09T11:39:22.9184625Z [  11% ] [90m[1mupdate_scripts_classes[22m | [39m[0m
2026-10-09T11:39:22.9184963Z [  11% ] [90m[1mupdate_scripts_classes[22m | [39m[0m
2026-10-09T11:39:22.9185300Z [  11% ] [90m[1mupdate_scripts_classes[22m | [39m[0m
2026-10-09T11:39:22.9185661Z [  11% ] [90m[1mupdate_scripts_classes[22m | UITokens[39m[0m
2026-10-09T11:39:22.9186025Z [  11% ] [90m[1mupdate_scripts_classes[22m | [39m[0m
2026-10-09T11:39:22.9186263Z [  11% ] [90m[1mupdate_scripts_classes[22m | [39m[0m
2026-10-09T11:39:22.9186478Z [  11% ] [90m[1mupdate_scripts_classes[22m | [39m[0m
2026-10-09T11:39:22.9186852Z [  11% ] [90m[1mupdate_scripts_classes[22m | [39m[0m
2026-10-09T11:39:22.9187065Z [  11% ] [90m[1mupdate_scripts_classes[22m | [39m[0m
2026-10-09T11:39:22.9187280Z [  11% ] [90m[1mupdate_scripts_classes[22m | [39m[0m
2026-10-09T11:39:22.9187492Z [  11% ] [90m[1mupdate_scripts_classes[22m | [39m[0m
2026-10-09T11:39:22.9187717Z [  11% ] [90m[1mupdate_scripts_classes[22m | [39m[0m
2026-10-09T11:39:22.9187933Z [  11% ] [90m[1mupdate_scripts_classes[22m | [39m[0m
2026-10-09T11:39:22.9188146Z [  11% ] [90m[1mupdate_scripts_classes[22m | [39m[0m
2026-10-09T11:39:22.9188362Z [  11% ] [90m[1mupdate_scripts_classes[22m | [39m[0m
2026-10-09T11:39:22.9188573Z [  11% ] [90m[1mupdate_scripts_classes[22m | [39m[0m
2026-10-09T11:39:22.9188785Z [  11% ] [90m[1mupdate_scripts_classes[22m | [39m[0m
2026-10-09T11:39:22.9189000Z [  11% ] [90m[1mupdate_scripts_classes[22m | [39m[0m
2026-10-09T11:39:22.9189213Z [  11% ] [90m[1mupdate_scripts_classes[22m | [39m[0m
2026-10-09T11:39:22.9189427Z [  11% ] [90m[1mupdate_scripts_classes[22m | [39m[0m
2026-10-09T11:39:22.9189638Z [  11% ] [90m[1mupdate_scripts_classes[22m | [39m[0m
2026-10-09T11:39:22.9189850Z [  11% ] [90m[1mupdate_scripts_classes[22m | [39m[0m
2026-10-09T11:39:22.9190068Z [  11% ] [90m[1mupdate_scripts_classes[22m | [39m[0m
2026-10-09T11:39:22.9190290Z [  11% ] [90m[1mupdate_scripts_classes[22m | [39m[0m
2026-10-09T11:39:22.9190503Z [  11% ] [90m[1mupdate_scripts_classes[22m | [39m[0m
2026-10-09T11:39:22.9190716Z [  11% ] [90m[1mupdate_scripts_classes[22m | [39m[0m
2026-10-09T11:39:22.9190927Z [  11% ] [90m[1mupdate_scripts_classes[22m | [39m[0m
2026-10-09T11:39:22.9191143Z [  12% ] [90m[1mupdate_scripts_classes[22m | [39m[0m
2026-10-09T11:39:22.9191356Z [  12% ] [90m[1mupdate_scripts_classes[22m | [39m[0m
2026-10-09T11:39:22.9191571Z [  12% ] [90m[1mupdate_scripts_classes[22m | [39m[0m
2026-10-09T11:39:22.9191785Z [  12% ] [90m[1mupdate_scripts_classes[22m | [39m[0m
2026-10-09T11:39:22.9192000Z [  12% ] [90m[1mupdate_scripts_classes[22m | [39m[0m
2026-10-09T11:39:22.9192214Z [  12% ] [90m[1mupdate_scripts_classes[22m | [39m[0m
2026-10-09T11:39:22.9192427Z [  12% ] [90m[1mupdate_scripts_classes[22m | [39m[0m
2026-10-09T11:39:22.9192639Z [  12% ] [90m[1mupdate_scripts_classes[22m | [39m[0m
2026-10-09T11:39:22.9192964Z [  12% ] [90m[1mupdate_scripts_classes[22m | [39m[0m
2026-10-09T11:39:22.9193180Z [  12% ] [90m[1mupdate_scripts_classes[22m | [39m[0m
2026-10-09T11:39:22.9193397Z [  12% ] [90m[1mupdate_scripts_classes[22m | [39m[0m
2026-10-09T11:39:22.9193610Z [  12% ] [90m[1mupdate_scripts_classes[22m | [39m[0m
2026-10-09T11:39:22.9193822Z [  12% ] [90m[1mupdate_scripts_classes[22m | [39m[0m
2026-10-09T11:39:22.9194039Z [  12% ] [90m[1mupdate_scripts_classes[22m | [39m[0m
2026-10-09T11:39:22.9194253Z [  12% ] [90m[1mupdate_scripts_classes[22m | [39m[0m
2026-10-09T11:39:22.9194468Z [  12% ] [90m[1mupdate_scripts_classes[22m | [39m[0m
2026-10-09T11:39:22.9194682Z [  12% ] [90m[1mupdate_scripts_classes[22m | [39m[0m
2026-10-09T11:39:22.9194895Z [  12% ] [90m[1mupdate_scripts_classes[22m | [39m[0m
2026-10-09T11:39:22.9195111Z [  12% ] [90m[1mupdate_scripts_classes[22m | [39m[0m
2026-10-09T11:39:22.9195323Z [  12% ] [90m[1mupdate_scripts_classes[22m | [39m[0m
2026-10-09T11:39:22.9195629Z [  12% ] [90m[1mupdate_scripts_classes[22m | [39m[0m
2026-10-09T11:39:22.9195842Z [  12% ] [90m[1mupdate_scripts_classes[22m | [39m[0m
2026-10-09T11:39:22.9196058Z [  12% ] [90m[1mupdate_scripts_classes[22m | [39m[0m
2026-10-09T11:39:22.9196275Z [  12% ] [90m[1mupdate_scripts_classes[22m | [39m[0m
2026-10-09T11:39:22.9196488Z [  12% ] [90m[1mupdate_scripts_classes[22m | [39m[0m
2026-10-09T11:39:22.9196864Z [  12% ] [90m[1mupdate_scripts_classes[22m | [39m[0m
2026-10-09T11:39:22.9197079Z [  12% ] [90m[1mupdate_scripts_classes[22m | [39m[0m
2026-10-09T11:39:22.9197291Z [  12% ] [90m[1mupdate_scripts_classes[22m | [39m[0m
2026-10-09T11:39:22.9197508Z [  12% ] [90m[1mupdate_scripts_classes[22m | [39m[0m
2026-10-09T11:39:22.9197722Z [  12% ] [90m[1mupdate_scripts_classes[22m | [39m[0m
2026-10-09T11:39:22.9197980Z [  12% ] [90m[1mupdate_scripts_classes[22m | CloudreachGrassRoles[39m[0m
2026-10-09T11:39:22.9198245Z [  13% ] [90m[1mupdate_scripts_classes[22m | [39m[0m
2026-10-09T11:39:22.9198459Z [  13% ] [90m[1mupdate_scripts_classes[22m | [39m[0m
2026-10-09T11:39:22.9198673Z [  13% ] [90m[1mupdate_scripts_classes[22m | [39m[0m
2026-10-09T11:39:22.9198886Z [  13% ] [90m[1mupdate_scripts_classes[22m | [39m[0m
2026-10-09T11:39:22.9199098Z [  13% ] [90m[1mupdate_scripts_classes[22m | [39m[0m
2026-10-09T11:39:22.9199313Z [  13% ] [90m[1mupdate_scripts_classes[22m | [39m[0m
2026-10-09T11:39:22.9199526Z [  13% ] [90m[1mupdate_scripts_classes[22m | [39m[0m
2026-10-09T11:39:22.9199746Z [  13% ] [90m[1mupdate_scripts_classes[22m | [39m[0m
2026-10-09T11:39:22.9199958Z [  13% ] [90m[1mupdate_scripts_classes[22m | [39m[0m
2026-10-09T11:39:22.9200173Z [  13% ] [90m[1mupdate_scripts_classes[22m | [39m[0m
2026-10-09T11:39:22.9200385Z [  13% ] [90m[1mupdate_scripts_classes[22m | [39m[0m
2026-10-09T11:39:22.9200596Z [  13% ] [90m[1mupdate_scripts_classes[22m | [39m[0m
2026-10-09T11:39:22.9200818Z [  13% ] [90m[1mupdate_scripts_classes[22m | [39m[0m
2026-10-09T11:39:22.9201030Z [  13% ] [90m[1mupdate_scripts_classes[22m | [39m[0m
2026-10-09T11:39:22.9201246Z [  13% ] [90m[1mupdate_scripts_classes[22m | [39m[0m
2026-10-09T11:39:22.9201457Z [  13% ] [90m[1mupdate_scripts_classes[22m | [39m[0m
2026-10-09T11:39:22.9201668Z [  13% ] [90m[1mupdate_scripts_classes[22m | [39m[0m
2026-10-09T11:39:22.9201882Z [  13% ] [90m[1mupdate_scripts_classes[22m | [39m[0m
2026-10-09T11:39:22.9202094Z [  13% ] [90m[1mupdate_scripts_classes[22m | [39m[0m
2026-10-09T11:39:22.9202308Z [  13% ] [90m[1mupdate_scripts_classes[22m | [39m[0m
2026-10-09T11:39:22.9202522Z [  13% ] [90m[1mupdate_scripts_classes[22m | [39m[0m
2026-10-09T11:39:22.9202736Z [  13% ] [90m[1mupdate_scripts_classes[22m | [39m[0m
2026-10-09T11:39:22.9202953Z [  13% ] [90m[1mupdate_scripts_classes[22m | [39m[0m
2026-10-09T11:39:22.9203167Z [  13% ] [90m[1mupdate_scripts_classes[22m | [39m[0m
2026-10-09T11:39:22.9203489Z [  13% ] [90m[1mupdate_scripts_classes[22m | [39m[0m
2026-10-09T11:39:22.9203704Z [  13% ] [90m[1mupdate_scripts_classes[22m | [39m[0m
2026-10-09T11:39:22.9203918Z [  13% ] [90m[1mupdate_scripts_classes[22m | [39m[0m
2026-10-09T11:39:22.9204135Z [  13% ] [90m[1mupdate_scripts_classes[22m | [39m[0m
2026-10-09T11:39:22.9204350Z [  13% ] [90m[1mupdate_scripts_classes[22m | [39m[0m
2026-10-09T11:39:22.9204566Z [  13% ] [90m[1mupdate_scripts_classes[22m | [39m[0m
2026-10-09T11:39:22.9204781Z [  13% ] [90m[1mupdate_scripts_classes[22m | [39m[0m
2026-10-09T11:39:22.9204995Z [  14% ] [90m[1mupdate_scripts_classes[22m | [39m[0m
2026-10-09T11:39:22.9205212Z [  14% ] [90m[1mupdate_scripts_classes[22m | [39m[0m
2026-10-09T11:39:22.9205427Z [  14% ] [90m[1mupdate_scripts_classes[22m | [39m[0m
2026-10-09T11:39:22.9205642Z [  14% ] [90m[1mupdate_scripts_classes[22m | [39m[0m
2026-10-09T11:39:22.9205943Z [  14% ] [90m[1mupdate_scripts_classes[22m | [39m[0m
2026-10-09T11:39:22.9206161Z [  14% ] [90m[1mupdate_scripts_classes[22m | [39m[0m
2026-10-09T11:39:22.9206376Z [  14% ] [90m[1mupdate_scripts_classes[22m | [39m[0m
2026-10-09T11:39:22.9206589Z [  14% ] [90m[1mupdate_scripts_classes[22m | [39m[0m
2026-10-09T11:39:22.9207049Z [  14% ] [90m[1mupdate_scripts_classes[22m | [39m[0m
2026-10-09T11:39:22.9207392Z [  14% ] [90m[1mupdate_scripts_classes[22m | [39m[0m
2026-10-09T11:39:22.9207726Z [  14% ] [90m[1mupdate_scripts_classes[22m | [39m[0m
2026-10-09T11:39:22.9208066Z [  14% ] [90m[1mupdate_scripts_classes[22m | [39m[0m
2026-10-09T11:39:22.9208400Z [  14% ] [90m[1mupdate_scripts_classes[22m | [39m[0m
2026-10-09T11:39:22.9208735Z [  14% ] [90m[1mupdate_scripts_classes[22m | [39m[0m
2026-10-09T11:39:22.9209073Z [  14% ] [90m[1mupdate_scripts_classes[22m | [39m[0m
2026-10-09T11:39:22.9209408Z [  14% ] [90m[1mupdate_scripts_classes[22m | [39m[0m
2026-10-09T11:39:22.9209757Z [  14% ] [90m[1mupdate_scripts_classes[22m | [39m[0m
2026-10-09T11:39:22.9210091Z [  14% ] [90m[1mupdate_scripts_classes[22m | [39m[0m
2026-10-09T11:39:22.9210372Z [  14% ] [90m[1mupdate_scripts_classes[22m | [39m[0m
2026-10-09T11:39:22.9210587Z [  14% ] [90m[1mupdate_scripts_classes[22m | [39m[0m
2026-10-09T11:39:22.9210798Z [  14% ] [90m[1mupdate_scripts_classes[22m | [39m[0m
2026-10-09T11:39:22.9211014Z [  14% ] [90m[1mupdate_scripts_classes[22m | [39m[0m
2026-10-09T11:39:22.9211226Z [  14% ] [90m[1mupdate_scripts_classes[22m | [39m[0m
2026-10-09T11:39:22.9211438Z [  14% ] [90m[1mupdate_scripts_classes[22m | [39m[0m
2026-10-09T11:39:22.9211651Z [  14% ] [90m[1mupdate_scripts_classes[22m | [39m[0m
2026-10-09T11:39:22.9211862Z [  14% ] [90m[1mupdate_scripts_classes[22m | [39m[0m
2026-10-09T11:39:22.9212076Z [  14% ] [90m[1mupdate_scripts_classes[22m | [39m[0m
2026-10-09T11:39:22.9212287Z [  14% ] [90m[1mupdate_scripts_classes[22m | [39m[0m
2026-10-09T11:39:22.9212508Z [  14% ] [90m[1mupdate_scripts_classes[22m | [39m[0m
2026-10-09T11:39:22.9212722Z [  14% ] [90m[1mupdate_scripts_classes[22m | [39m[0m
2026-10-09T11:39:22.9212934Z [  14% ] [90m[1mupdate_scripts_classes[22m | [39m[0m
2026-10-09T11:39:22.9213147Z [  15% ] [90m[1mupdate_scripts_classes[22m | [39m[0m
2026-10-09T11:39:22.9213361Z [  15% ] [90m[1mupdate_scripts_classes[22m | [39m[0m
2026-10-09T11:39:22.9213574Z [  15% ] [90m[1mupdate_scripts_classes[22m | [39m[0m
2026-10-09T11:39:22.9213790Z [  15% ] [90m[1mupdate_scripts_classes[22m | [39m[0m
2026-10-09T11:39:22.9214002Z [  15% ] [90m[1mupdate_scripts_classes[22m | [39m[0m
2026-10-09T11:39:22.9214214Z [  15% ] [90m[1mupdate_scripts_classes[22m | [39m[0m
2026-10-09T11:39:22.9214428Z [  15% ] [90m[1mupdate_scripts_classes[22m | [39m[0m
2026-10-09T11:39:22.9214639Z [  15% ] [90m[1mupdate_scripts_classes[22m | [39m[0m
2026-10-09T11:39:22.9214872Z [  15% ] [90m[1mupdate_scripts_classes[22m | [39m[0m
2026-10-09T11:39:22.9215198Z [  15% ] [90m[1mupdate_scripts_classes[22m | [39m[0m
2026-10-09T11:39:22.9215412Z [  15% ] [90m[1mupdate_scripts_classes[22m | [39m[0m
2026-10-09T11:39:22.9215628Z [  15% ] [90m[1mupdate_scripts_classes[22m | [39m[0m
2026-10-09T11:39:22.9215841Z [  15% ] [90m[1mupdate_scripts_classes[22m | [39m[0m
2026-10-09T11:39:22.9216058Z [  15% ] [90m[1mupdate_scripts_classes[22m | [39m[0m
2026-10-09T11:39:22.9216273Z [  15% ] [90m[1mupdate_scripts_classes[22m | [39m[0m
2026-10-09T11:39:22.9216487Z [  15% ] [90m[1mupdate_scripts_classes[22m | [39m[0m
2026-10-09T11:39:22.9216828Z [  15% ] [90m[1mupdate_scripts_classes[22m | [39m[0m
2026-10-09T11:39:22.9217040Z [  15% ] [90m[1mupdate_scripts_classes[22m | [39m[0m
2026-10-09T11:39:22.9217254Z [  15% ] [90m[1mupdate_scripts_classes[22m | [39m[0m
2026-10-09T11:39:22.9217468Z [  15% ] [90m[1mupdate_scripts_classes[22m | [39m[0m
2026-10-09T11:39:22.9217679Z [  15% ] [90m[1mupdate_scripts_classes[22m | [39m[0m
2026-10-09T11:39:22.9217990Z [  15% ] [90m[1mupdate_scripts_classes[22m | [39m[0m
2026-10-09T11:39:22.9218203Z [  15% ] [90m[1mupdate_scripts_classes[22m | [39m[0m
2026-10-09T11:39:22.9218420Z [  15% ] [90m[1mupdate_scripts_classes[22m | [39m[0m
2026-10-09T11:39:22.9218635Z [  15% ] [90m[1mupdate_scripts_classes[22m | [39m[0m
2026-10-09T11:39:22.9218851Z [  15% ] [90m[1mupdate_scripts_classes[22m | [39m[0m
2026-10-09T11:39:22.9219066Z [  15% ] [90m[1mupdate_scripts_classes[22m | [39m[0m
2026-10-09T11:39:22.9219279Z [  15% ] [90m[1mupdate_scripts_classes[22m | [39m[0m
2026-10-09T11:39:22.9219492Z [  15% ] [90m[1mupdate_scripts_classes[22m | [39m[0m
2026-10-09T11:39:22.9219707Z [  15% ] [90m[1mupdate_scripts_classes[22m | [39m[0m
2026-10-09T11:39:22.9219921Z [  15% ] [90m[1mupdate_scripts_classes[22m | [39m[0m
2026-10-09T11:39:22.9220138Z [  16% ] [90m[1mupdate_scripts_classes[22m | [39m[0m
2026-10-09T11:39:22.9220359Z [  16% ] [90m[1mupdate_scripts_classes[22m | [39m[0m
2026-10-09T11:39:22.9220572Z [  16% ] [90m[1mupdate_scripts_classes[22m | [39m[0m
2026-10-09T11:39:22.9220787Z [  16% ] [90m[1mupdate_scripts_classes[22m | [39m[0m
2026-10-09T11:39:22.9220999Z [  16% ] [90m[1mupdate_scripts_classes[22m | [39m[0m
2026-10-09T11:39:22.9221214Z [  16% ] [90m[1mupdate_scripts_classes[22m | [39m[0m
2026-10-09T11:39:22.9221426Z [  16% ] [90m[1mupdate_scripts_classes[22m | [39m[0m
2026-10-09T11:39:22.9221638Z [  16% ] [90m[1mupdate_scripts_classes[22m | [39m[0m
2026-10-09T11:39:22.9221854Z [  16% ] [90m[1mupdate_scripts_classes[22m | [39m[0m
2026-10-09T11:39:22.9222069Z [  16% ] [90m[1mupdate_scripts_classes[22m | [39m[0m
2026-10-09T11:39:22.9222282Z [  16% ] [90m[1mupdate_scripts_classes[22m | [39m[0m
2026-10-09T11:39:22.9222494Z [  16% ] [90m[1mupdate_scripts_classes[22m | [39m[0m
2026-10-09T11:39:22.9222707Z [  16% ] [90m[1mupdate_scripts_classes[22m | [39m[0m
2026-10-09T11:39:22.9222927Z [  16% ] [90m[1mupdate_scripts_classes[22m | [39m[0m
2026-10-09T11:39:22.9223143Z [  16% ] [90m[1mupdate_scripts_classes[22m | [39m[0m
2026-10-09T11:39:22.9223372Z [  16% ] [90m[1mupdate_scripts_classes[22m | [39m[0m
2026-10-09T11:39:22.9223586Z [  16% ] [90m[1mupdate_scripts_classes[22m | [39m[0m
2026-10-09T11:39:22.9223800Z [  16% ] [90m[1mupdate_scripts_classes[22m | [39m[0m
2026-10-09T11:39:22.9224011Z [  16% ] [90m[1mupdate_scripts_classes[22m | [39m[0m
2026-10-09T11:39:22.9224224Z [  16% ] [90m[1mupdate_scripts_classes[22m | [39m[0m
2026-10-09T11:39:22.9224437Z [  16% ] [90m[1mupdate_scripts_classes[22m | [39m[0m
2026-10-09T11:39:22.9224648Z [  16% ] [90m[1mupdate_scripts_classes[22m | [39m[0m
2026-10-09T11:39:22.9224862Z [  16% ] [90m[1mupdate_scripts_classes[22m | [39m[0m
2026-10-09T11:39:22.9225072Z [  16% ] [90m[1mupdate_scripts_classes[22m | [39m[0m
2026-10-09T11:39:22.9225286Z [  16% ] [90m[1mupdate_scripts_classes[22m | [39m[0m
2026-10-09T11:39:22.9225613Z [  16% ] [90m[1mupdate_scripts_classes[22m | [39m[0m
2026-10-09T11:39:22.9225829Z [  16% ] [90m[1mupdate_scripts_classes[22m | [39m[0m
2026-10-09T11:39:22.9226044Z [  16% ] [90m[1mupdate_scripts_classes[22m | [39m[0m
2026-10-09T11:39:22.9226257Z [  16% ] [90m[1mupdate_scripts_classes[22m | [39m[0m
2026-10-09T11:39:22.9226469Z [  16% ] [90m[1mupdate_scripts_classes[22m | [39m[0m
2026-10-09T11:39:22.9226816Z [  16% ] [90m[1mupdate_scripts_classes[22m | [39m[0m
2026-10-09T11:39:22.9227130Z [  17% ] [90m[1mupdate_scripts_classes[22m | [39m[0m
2026-10-09T11:39:22.9227475Z [  17% ] [90m[1mupdate_scripts_classes[22m | [39m[0m
2026-10-09T11:39:22.9227812Z [  17% ] [90m[1mupdate_scripts_classes[22m | [39m[0m
2026-10-09T11:39:22.9228144Z [  17% ] [90m[1mupdate_scripts_classes[22m | [39m[0m
2026-10-09T11:39:22.9228479Z [  17% ] [90m[1mupdate_scripts_classes[22m | [39m[0m
2026-10-09T11:39:22.9228811Z [  17% ] [90m[1mupdate_scripts_classes[22m | [39m[0m
2026-10-09T11:39:22.9229257Z [  17% ] [90m[1mupdate_scripts_classes[22m | [39m[0m
2026-10-09T11:39:22.9229594Z [  17% ] [90m[1mupdate_scripts_classes[22m | [39m[0m
2026-10-09T11:39:22.9229925Z [  17% ] [90m[1mupdate_scripts_classes[22m | [39m[0m
2026-10-09T11:39:22.9230259Z [  17% ] [90m[1mupdate_scripts_classes[22m | [39m[0m
2026-10-09T11:39:22.9230593Z [  17% ] [90m[1mupdate_scripts_classes[22m | [39m[0m
2026-10-09T11:39:22.9230925Z [  17% ] [90m[1mupdate_scripts_classes[22m | [39m[0m
2026-10-09T11:39:22.9231264Z [  17% ] [90m[1mupdate_scripts_classes[22m | [39m[0m
2026-10-09T11:39:22.9231595Z [  17% ] [90m[1mupdate_scripts_classes[22m | [39m[0m
2026-10-09T11:39:22.9231931Z [  17% ] [90m[1mupdate_scripts_classes[22m | [39m[0m
2026-10-09T11:39:22.9232263Z [  17% ] [90m[1mupdate_scripts_classes[22m | [39m[0m
2026-10-09T11:39:22.9232599Z [  17% ] [90m[1mupdate_scripts_classes[22m | [39m[0m
2026-10-09T11:39:22.9232948Z [  17% ] [90m[1mupdate_scripts_classes[22m | [39m[0m
2026-10-09T11:39:22.9233284Z [  17% ] [90m[1mupdate_scripts_classes[22m | [39m[0m
2026-10-09T11:39:22.9233618Z [  17% ] [90m[1mupdate_scripts_classes[22m | [39m[0m
2026-10-09T11:39:22.9233951Z [  17% ] [90m[1mupdate_scripts_classes[22m | [39m[0m
2026-10-09T11:39:22.9234284Z [  17% ] [90m[1mupdate_scripts_classes[22m | [39m[0m
2026-10-09T11:39:22.9234619Z [  17% ] [90m[1mupdate_scripts_classes[22m | [39m[0m
2026-10-09T11:39:22.9234953Z [  17% ] [90m[1mupdate_scripts_classes[22m | [39m[0m
2026-10-09T11:39:22.9235290Z [  17% ] [90m[1mupdate_scripts_classes[22m | [39m[0m
2026-10-09T11:39:22.9235621Z [  17% ] [90m[1mupdate_scripts_classes[22m | [39m[0m
2026-10-09T11:39:22.9235952Z [  17% ] [90m[1mupdate_scripts_classes[22m | [39m[0m
2026-10-09T11:39:22.9236289Z [  17% ] [90m[1mupdate_scripts_classes[22m | [39m[0m
2026-10-09T11:39:22.9236720Z [  17% ] [90m[1mupdate_scripts_classes[22m | [39m[0m
2026-10-09T11:39:22.9237062Z [  17% ] [90m[1mupdate_scripts_classes[22m | [39m[0m
2026-10-09T11:39:22.9237397Z [  17% ] [90m[1mupdate_scripts_classes[22m | [39m[0m
2026-10-09T11:39:22.9237731Z [  18% ] [90m[1mupdate_scripts_classes[22m | [39m[0m
2026-10-09T11:39:22.9238069Z [  18% ] [90m[1mupdate_scripts_classes[22m | [39m[0m
2026-10-09T11:39:22.9238404Z [  18% ] [90m[1mupdate_scripts_classes[22m | [39m[0m
2026-10-09T11:39:22.9238736Z [  18% ] [90m[1mupdate_scripts_classes[22m | [39m[0m
2026-10-09T11:39:22.9239071Z [  18% ] [90m[1mupdate_scripts_classes[22m | [39m[0m
2026-10-09T11:39:22.9239404Z [  18% ] [90m[1mupdate_scripts_classes[22m | [39m[0m
2026-10-09T11:39:22.9239744Z [  18% ] [90m[1mupdate_scripts_classes[22m | [39m[0m
2026-10-09T11:39:22.9240075Z [  18% ] [90m[1mupdate_scripts_classes[22m | [39m[0m
2026-10-09T11:39:22.9240407Z [  18% ] [90m[1mupdate_scripts_classes[22m | [39m[0m
2026-10-09T11:39:22.9240742Z [  18% ] [90m[1mupdate_scripts_classes[22m | [39m[0m
2026-10-09T11:39:22.9241231Z [  18% ] [90m[1mupdate_scripts_classes[22m | [39m[0m
2026-10-09T11:39:22.9241566Z [  18% ] [90m[1mupdate_scripts_classes[22m | [39m[0m
2026-10-09T11:39:22.9241900Z [  18% ] [90m[1mupdate_scripts_classes[22m | [39m[0m
2026-10-09T11:39:22.9242236Z [  18% ] [90m[1mupdate_scripts_classes[22m | [39m[0m
2026-10-09T11:39:22.9242571Z [  18% ] [90m[1mupdate_scripts_classes[22m | [39m[0m
2026-10-09T11:39:22.9242903Z [  18% ] [90m[1mupdate_scripts_classes[22m | [39m[0m
2026-10-09T11:39:22.9243239Z [  18% ] [90m[1mupdate_scripts_classes[22m | [39m[0m
2026-10-09T11:39:22.9243572Z [  18% ] [90m[1mupdate_scripts_classes[22m | [39m[0m
2026-10-09T11:39:22.9243905Z [  18% ] [90m[1mupdate_scripts_classes[22m | [39m[0m
2026-10-09T11:39:22.9244241Z [  18% ] [90m[1mupdate_scripts_classes[22m | [39m[0m
2026-10-09T11:39:22.9244575Z [  18% ] [90m[1mupdate_scripts_classes[22m | [39m[0m
2026-10-09T11:39:22.9244908Z [  18% ] [90m[1mupdate_scripts_classes[22m | [39m[0m
2026-10-09T11:39:22.9245348Z [  18% ] [90m[1mupdate_scripts_classes[22m | [39m[0m
2026-10-09T11:39:22.9245682Z [  18% ] [90m[1mupdate_scripts_classes[22m | [39m[0m
2026-10-09T11:39:22.9246017Z [  18% ] [90m[1mupdate_scripts_classes[22m | [39m[0m
2026-10-09T11:39:22.9246353Z [  18% ] [90m[1mupdate_scripts_classes[22m | [39m[0m
2026-10-09T11:39:22.9246785Z [  18% ] [90m[1mupdate_scripts_classes[22m | [39m[0m
2026-10-09T11:39:22.9247121Z [  18% ] [90m[1mupdate_scripts_classes[22m | [39m[0m
2026-10-09T11:39:22.9247454Z [  18% ] [90m[1mupdate_scripts_classes[22m | [39m[0m
2026-10-09T11:39:22.9247791Z [  18% ] [90m[1mupdate_scripts_classes[22m | [39m[0m
2026-10-09T11:39:22.9248124Z [  18% ] [90m[1mupdate_scripts_classes[22m | [39m[0m
2026-10-09T11:39:22.9248456Z [  19% ] [90m[1mupdate_scripts_classes[22m | [39m[0m
2026-10-09T11:39:22.9248791Z [  19% ] [90m[1mupdate_scripts_classes[22m | [39m[0m
2026-10-09T11:39:22.9249130Z [  19% ] [90m[1mupdate_scripts_classes[22m | [39m[0m
2026-10-09T11:39:22.9249469Z [  19% ] [90m[1mupdate_scripts_classes[22m | [39m[0m
2026-10-09T11:39:22.9249801Z [  19% ] [90m[1mupdate_scripts_classes[22m | [39m[0m
2026-10-09T11:39:22.9250132Z [  19% ] [90m[1mupdate_scripts_classes[22m | [39m[0m
2026-10-09T11:39:22.9250468Z [  19% ] [90m[1mupdate_scripts_classes[22m | [39m[0m
2026-10-09T11:39:22.9250800Z [  19% ] [90m[1mupdate_scripts_classes[22m | [39m[0m
2026-10-09T11:39:22.9251138Z [  19% ] [90m[1mupdate_scripts_classes[22m | [39m[0m
2026-10-09T11:39:22.9251470Z [  19% ] [90m[1mupdate_scripts_classes[22m | [39m[0m
2026-10-09T11:39:22.9251800Z [  19% ] [90m[1mupdate_scripts_classes[22m | [39m[0m
2026-10-09T11:39:22.9252134Z [  19% ] [90m[1mupdate_scripts_classes[22m | [39m[0m
2026-10-09T11:39:22.9252468Z [  19% ] [90m[1mupdate_scripts_classes[22m | [39m[0m
2026-10-09T11:39:22.9252802Z [  19% ] [90m[1mupdate_scripts_classes[22m | [39m[0m
2026-10-09T11:39:22.9253140Z [  19% ] [90m[1mupdate_scripts_classes[22m | [39m[0m
2026-10-09T11:39:22.9253472Z [  19% ] [90m[1mupdate_scripts_classes[22m | [39m[0m
2026-10-09T11:39:22.9253809Z [  19% ] [90m[1mupdate_scripts_classes[22m | [39m[0m
2026-10-09T11:39:22.9254142Z [  19% ] [90m[1mupdate_scripts_classes[22m | [39m[0m
2026-10-09T11:39:22.9254476Z [  19% ] [90m[1mupdate_scripts_classes[22m | [39m[0m
2026-10-09T11:39:22.9254811Z [  19% ] [90m[1mupdate_scripts_classes[22m | [39m[0m
2026-10-09T11:39:22.9255141Z [  19% ] [90m[1mupdate_scripts_classes[22m | [39m[0m
2026-10-09T11:39:22.9255478Z [  19% ] [90m[1mupdate_scripts_classes[22m | [39m[0m
2026-10-09T11:39:22.9255810Z [  19% ] [90m[1mupdate_scripts_classes[22m | [39m[0m
2026-10-09T11:39:22.9256142Z [  19% ] [90m[1mupdate_scripts_classes[22m | [39m[0m
2026-10-09T11:39:22.9256476Z [  19% ] [90m[1mupdate_scripts_classes[22m | [39m[0m
2026-10-09T11:39:22.9256903Z [  19% ] [90m[1mupdate_scripts_classes[22m | [39m[0m
2026-10-09T11:39:22.9257363Z [  19% ] [90m[1mupdate_scripts_classes[22m | [39m[0m
2026-10-09T11:39:22.9257699Z [  19% ] [90m[1mupdate_scripts_classes[22m | [39m[0m
2026-10-09T11:39:22.9258032Z [  19% ] [90m[1mupdate_scripts_classes[22m | [39m[0m
2026-10-09T11:39:22.9258368Z [  19% ] [90m[1mupdate_scripts_classes[22m | [39m[0m
2026-10-09T11:39:22.9258701Z [  19% ] [90m[1mupdate_scripts_classes[22m | [39m[0m
2026-10-09T11:39:22.9259036Z [  20% ] [90m[1mupdate_scripts_classes[22m | [39m[0m
2026-10-09T11:39:22.9259368Z [  20% ] [90m[1mupdate_scripts_classes[22m | [39m[0m
2026-10-09T11:39:22.9259698Z [  20% ] [90m[1mupdate_scripts_classes[22m | [39m[0m
2026-10-09T11:39:22.9260034Z [  20% ] [90m[1mupdate_scripts_classes[22m | [39m[0m
2026-10-09T11:39:22.9260366Z [  20% ] [90m[1mupdate_scripts_classes[22m | [39m[0m
2026-10-09T11:39:22.9260700Z [  20% ] [90m[1mupdate_scripts_classes[22m | [39m[0m
2026-10-09T11:39:22.9261031Z [  20% ] [90m[1mupdate_scripts_classes[22m | [39m[0m
2026-10-09T11:39:22.9261462Z [  20% ] [90m[1mupdate_scripts_classes[22m | [39m[0m
2026-10-09T11:39:22.9261796Z [  20% ] [90m[1mupdate_scripts_classes[22m | [39m[0m
2026-10-09T11:39:22.9262127Z [  20% ] [90m[1mupdate_scripts_classes[22m | [39m[0m
2026-10-09T11:39:22.9262461Z [  20% ] [90m[1mupdate_scripts_classes[22m | [39m[0m
2026-10-09T11:39:22.9262792Z [  20% ] [90m[1mupdate_scripts_classes[22m | [39m[0m
2026-10-09T11:39:22.9263128Z [  20% ] [90m[1mupdate_scripts_classes[22m | [39m[0m
2026-10-09T11:39:22.9263464Z [  20% ] [90m[1mupdate_scripts_classes[22m | [39m[0m
2026-10-09T11:39:22.9263797Z [  20% ] [90m[1mupdate_scripts_classes[22m | [39m[0m
2026-10-09T11:39:22.9264129Z [  20% ] [90m[1mupdate_scripts_classes[22m | [39m[0m
2026-10-09T11:39:22.9264464Z [  20% ] [90m[1mupdate_scripts_classes[22m | [39m[0m
2026-10-09T11:39:22.9264797Z [  20% ] [90m[1mupdate_scripts_classes[22m | [39m[0m
2026-10-09T11:39:22.9265132Z [  20% ] [90m[1mupdate_scripts_classes[22m | [39m[0m
2026-10-09T11:39:22.9265474Z [  20% ] [90m[1mupdate_scripts_classes[22m | [39m[0m
2026-10-09T11:39:22.9265805Z [  20% ] [90m[1mupdate_scripts_classes[22m | [39m[0m
2026-10-09T11:39:22.9266138Z [  20% ] [90m[1mupdate_scripts_classes[22m | [39m[0m
2026-10-09T11:39:22.9266468Z [  20% ] [90m[1mupdate_scripts_classes[22m | [39m[0m
2026-10-09T11:39:22.9266894Z [  20% ] [90m[1mupdate_scripts_classes[22m | [39m[0m
2026-10-09T11:39:22.9267226Z [  20% ] [90m[1mupdate_scripts_classes[22m | [39m[0m
2026-10-09T11:39:22.9267557Z [  20% ] [90m[1mupdate_scripts_classes[22m | [39m[0m
2026-10-09T11:39:22.9267891Z [  20% ] [90m[1mupdate_scripts_classes[22m | [39m[0m
2026-10-09T11:39:22.9268223Z [  20% ] [90m[1mupdate_scripts_classes[22m | [39m[0m
2026-10-09T11:39:22.9268561Z [  20% ] [90m[1mupdate_scripts_classes[22m | [39m[0m
2026-10-09T11:39:22.9268891Z [  20% ] [90m[1mupdate_scripts_classes[22m | [39m[0m
2026-10-09T11:39:22.9269231Z [  20% ] [90m[1mupdate_scripts_classes[22m | [39m[0m
2026-10-09T11:39:22.9269566Z [  21% ] [90m[1mupdate_scripts_classes[22m | [39m[0m
2026-10-09T11:39:22.9269896Z [  21% ] [90m[1mupdate_scripts_classes[22m | [39m[0m
2026-10-09T11:39:22.9270227Z [  21% ] [90m[1mupdate_scripts_classes[22m | [39m[0m
2026-10-09T11:39:22.9270559Z [  21% ] [90m[1mupdate_scripts_classes[22m | [39m[0m
2026-10-09T11:39:22.9270889Z [  21% ] [90m[1mupdate_scripts_classes[22m | [39m[0m
2026-10-09T11:39:22.9271222Z [  21% ] [90m[1mupdate_scripts_classes[22m | [39m[0m
2026-10-09T11:39:22.9271552Z [  21% ] [90m[1mupdate_scripts_classes[22m | [39m[0m
2026-10-09T11:39:22.9271891Z [  21% ] [90m[1mupdate_scripts_classes[22m | [39m[0m
2026-10-09T11:39:22.9272226Z [  21% ] [90m[1mupdate_scripts_classes[22m | [39m[0m
2026-10-09T11:39:22.9272558Z [  21% ] [90m[1mupdate_scripts_classes[22m | [39m[0m
2026-10-09T11:39:22.9272894Z [  21% ] [90m[1mupdate_scripts_classes[22m | [39m[0m
2026-10-09T11:39:22.9273337Z [  21% ] [90m[1mupdate_scripts_classes[22m | [39m[0m
2026-10-09T11:39:22.9273669Z [  21% ] [90m[1mupdate_scripts_classes[22m | [39m[0m
2026-10-09T11:39:22.9274006Z [  21% ] [90m[1mupdate_scripts_classes[22m | [39m[0m
2026-10-09T11:39:22.9274337Z [  21% ] [90m[1mupdate_scripts_classes[22m | [39m[0m
2026-10-09T11:39:22.9274672Z [  21% ] [90m[1mupdate_scripts_classes[22m | [39m[0m
2026-10-09T11:39:22.9275002Z [  21% ] [90m[1mupdate_scripts_classes[22m | [39m[0m
2026-10-09T11:39:22.9275333Z [  21% ] [90m[1mupdate_scripts_classes[22m | [39m[0m
2026-10-09T11:39:22.9275666Z [  21% ] [90m[1mupdate_scripts_classes[22m | [39m[0m
2026-10-09T11:39:22.9275996Z [  21% ] [90m[1mupdate_scripts_classes[22m | [39m[0m
2026-10-09T11:39:22.9276330Z [  21% ] [90m[1mupdate_scripts_classes[22m | [39m[0m
2026-10-09T11:39:22.9276753Z [  21% ] [90m[1mupdate_scripts_classes[22m | [39m[0m
2026-10-09T11:39:22.9277086Z [  21% ] [90m[1mupdate_scripts_classes[22m | [39m[0m
2026-10-09T11:39:22.9277523Z [  21% ] [90m[1mupdate_scripts_classes[22m | [39m[0m
2026-10-09T11:39:22.9277857Z [  21% ] [90m[1mupdate_scripts_classes[22m | [39m[0m
2026-10-09T11:39:22.9278189Z [  21% ] [90m[1mupdate_scripts_classes[22m | [39m[0m
2026-10-09T11:39:22.9278521Z [  21% ] [90m[1mupdate_scripts_classes[22m | [39m[0m
2026-10-09T11:39:22.9278854Z [  21% ] [90m[1mupdate_scripts_classes[22m | [39m[0m
2026-10-09T11:39:22.9279231Z [  21% ] [90m[1mupdate_scripts_classes[22m | [39m[0m
2026-10-09T11:39:22.9279564Z [  21% ] [90m[1mupdate_scripts_classes[22m | [39m[0m
2026-10-09T11:39:22.9279898Z [  21% ] [90m[1mupdate_scripts_classes[22m | [39m[0m
2026-10-09T11:39:22.9280232Z [  22% ] [90m[1mupdate_scripts_classes[22m | [39m[0m
2026-10-09T11:39:22.9280565Z [  22% ] [90m[1mupdate_scripts_classes[22m | [39m[0m
2026-10-09T11:39:22.9280901Z [  22% ] [90m[1mupdate_scripts_classes[22m | [39m[0m
2026-10-09T11:39:22.9281233Z [  22% ] [90m[1mupdate_scripts_classes[22m | [39m[0m
2026-10-09T11:39:22.9281575Z [  22% ] [90m[1mupdate_scripts_classes[22m | [39m[0m
2026-10-09T11:39:22.9281910Z [  22% ] [90m[1mupdate_scripts_classes[22m | [39m[0m
2026-10-09T11:39:22.9282242Z [  22% ] [90m[1mupdate_scripts_classes[22m | [39m[0m
2026-10-09T11:39:22.9282576Z [  22% ] [90m[1mupdate_scripts_classes[22m | [39m[0m
2026-10-09T11:39:22.9282909Z [  22% ] [90m[1mupdate_scripts_classes[22m | [39m[0m
2026-10-09T11:39:22.9283241Z [  22% ] [90m[1mupdate_scripts_classes[22m | [39m[0m
2026-10-09T11:39:22.9283577Z [  22% ] [90m[1mupdate_scripts_classes[22m | [39m[0m
2026-10-09T11:39:22.9283911Z [  22% ] [90m[1mupdate_scripts_classes[22m | [39m[0m
2026-10-09T11:39:22.9284248Z [  22% ] [90m[1mupdate_scripts_classes[22m | [39m[0m
2026-10-09T11:39:22.9284578Z [  22% ] [90m[1mupdate_scripts_classes[22m | [39m[0m
2026-10-09T11:39:22.9284911Z [  22% ] [90m[1mupdate_scripts_classes[22m | [39m[0m
2026-10-09T11:39:22.9285250Z [  22% ] [90m[1mupdate_scripts_classes[22m | [39m[0m
2026-10-09T11:39:22.9285588Z [  22% ] [90m[1mupdate_scripts_classes[22m | [39m[0m
2026-10-09T11:39:22.9285925Z [  22% ] [90m[1mupdate_scripts_classes[22m | [39m[0m
2026-10-09T11:39:22.9286380Z [  22% ] [90m[1mupdate_scripts_classes[22m | [39m[0m
2026-10-09T11:39:22.9286812Z [  22% ] [90m[1mupdate_scripts_classes[22m | [39m[0m
2026-10-09T11:39:22.9287148Z [  22% ] [90m[1mupdate_scripts_classes[22m | [39m[0m
2026-10-09T11:39:22.9287481Z [  22% ] [90m[1mupdate_scripts_classes[22m | [39m[0m
2026-10-09T11:39:22.9287816Z [  22% ] [90m[1mupdate_scripts_classes[22m | [39m[0m
2026-10-09T11:39:22.9288146Z [  22% ] [90m[1mupdate_scripts_classes[22m | [39m[0m
2026-10-09T11:39:22.9288477Z [  22% ] [90m[1mupdate_scripts_classes[22m | [39m[0m
2026-10-09T11:39:22.9288811Z [  22% ] [90m[1mupdate_scripts_classes[22m | [39m[0m
2026-10-09T11:39:22.9289143Z [  22% ] [90m[1mupdate_scripts_classes[22m | [39m[0m
2026-10-09T11:39:22.9289596Z [  22% ] [90m[1mupdate_scripts_classes[22m | [39m[0m
2026-10-09T11:39:22.9289928Z [  22% ] [90m[1mupdate_scripts_classes[22m | [39m[0m
2026-10-09T11:39:22.9290259Z [  22% ] [90m[1mupdate_scripts_classes[22m | [39m[0m
2026-10-09T11:39:22.9290593Z [  22% ] [90m[1mupdate_scripts_classes[22m | [39m[0m
2026-10-09T11:39:22.9290923Z [  23% ] [90m[1mupdate_scripts_classes[22m | [39m[0m
2026-10-09T11:39:22.9291257Z [  23% ] [90m[1mupdate_scripts_classes[22m | [39m[0m
2026-10-09T11:39:22.9291589Z [  23% ] [90m[1mupdate_scripts_classes[22m | [39m[0m
2026-10-09T11:39:22.9291919Z [  23% ] [90m[1mupdate_scripts_classes[22m | [39m[0m
2026-10-09T11:39:22.9292255Z [  23% ] [90m[1mupdate_scripts_classes[22m | [39m[0m
2026-10-09T11:39:22.9292586Z [  23% ] [90m[1mupdate_scripts_classes[22m | [39m[0m
2026-10-09T11:39:22.9292919Z [  23% ] [90m[1mupdate_scripts_classes[22m | [39m[0m
2026-10-09T11:39:22.9293251Z [  23% ] [90m[1mupdate_scripts_classes[22m | [39m[0m
2026-10-09T11:39:22.9293686Z [  23% ] [90m[1mupdate_scripts_classes[22m | [39m[0m
2026-10-09T11:39:22.9294019Z [  23% ] [90m[1mupdate_scripts_classes[22m | [39m[0m
2026-10-09T11:39:22.9294352Z [  23% ] [90m[1mupdate_scripts_classes[22m | [39m[0m
2026-10-09T11:39:22.9294684Z [  23% ] [90m[1mupdate_scripts_classes[22m | [39m[0m
2026-10-09T11:39:22.9295019Z [  23% ] [90m[1mupdate_scripts_classes[22m | [39m[0m
2026-10-09T11:39:22.9295350Z [  23% ] [90m[1mupdate_scripts_classes[22m | [39m[0m
2026-10-09T11:39:22.9295683Z [  23% ] [90m[1mupdate_scripts_classes[22m | [39m[0m
2026-10-09T11:39:22.9296015Z [  23% ] [90m[1mupdate_scripts_classes[22m | [39m[0m
2026-10-09T11:39:22.9296347Z [  23% ] [90m[1mupdate_scripts_classes[22m | [39m[0m
2026-10-09T11:39:22.9296778Z [  23% ] [90m[1mupdate_scripts_classes[22m | [39m[0m
2026-10-09T11:39:22.9297112Z [  23% ] [90m[1mupdate_scripts_classes[22m | [39m[0m
2026-10-09T11:39:22.9297447Z [  23% ] [90m[1mupdate_scripts_classes[22m | [39m[0m
2026-10-09T11:39:22.9297790Z [  23% ] [90m[1mupdate_scripts_classes[22m | [39m[0m
2026-10-09T11:39:22.9298124Z [  23% ] [90m[1mupdate_scripts_classes[22m | [39m[0m
2026-10-09T11:39:22.9298462Z [  23% ] [90m[1mupdate_scripts_classes[22m | [39m[0m
2026-10-09T11:39:22.9298794Z [  23% ] [90m[1mupdate_scripts_classes[22m | [39m[0m
2026-10-09T11:39:22.9299132Z [  23% ] [90m[1mupdate_scripts_classes[22m | [39m[0m
2026-10-09T11:39:22.9299462Z [  23% ] [90m[1mupdate_scripts_classes[22m | [39m[0m
2026-10-09T11:39:22.9299793Z [  23% ] [90m[1mupdate_scripts_classes[22m | [39m[0m
2026-10-09T11:39:22.9300126Z [  23% ] [90m[1mupdate_scripts_classes[22m | [39m[0m
2026-10-09T11:39:22.9300458Z [  23% ] [90m[1mupdate_scripts_classes[22m | [39m[0m
2026-10-09T11:39:22.9300789Z [  23% ] [90m[1mupdate_scripts_classes[22m | [39m[0m
2026-10-09T11:39:22.9301123Z [  23% ] [90m[1mupdate_scripts_classes[22m | [39m[0m
2026-10-09T11:39:22.9301458Z [  24% ] [90m[1mupdate_scripts_classes[22m | [39m[0m
2026-10-09T11:39:22.9301794Z [  24% ] [90m[1mupdate_scripts_classes[22m | [39m[0m
2026-10-09T11:39:22.9302126Z [  24% ] [90m[1mupdate_scripts_classes[22m | [39m[0m
2026-10-09T11:39:22.9302456Z [  24% ] [90m[1mupdate_scripts_classes[22m | [39m[0m
2026-10-09T11:39:22.9302790Z [  24% ] [90m[1mupdate_scripts_classes[22m | [39m[0m
2026-10-09T11:39:22.9303119Z [  24% ] [90m[1mupdate_scripts_classes[22m | [39m[0m
2026-10-09T11:39:22.9303453Z [  24% ] [90m[1mupdate_scripts_classes[22m | [39m[0m
2026-10-09T11:39:22.9303784Z [  24% ] [90m[1mupdate_scripts_classes[22m | [39m[0m
2026-10-09T11:39:22.9304116Z [  24% ] [90m[1mupdate_scripts_classes[22m | [39m[0m
2026-10-09T11:39:22.9304450Z [  24% ] [90m[1mupdate_scripts_classes[22m | [39m[0m
2026-10-09T11:39:22.9304782Z [  24% ] [90m[1mupdate_scripts_classes[22m | [39m[0m
2026-10-09T11:39:22.9305121Z [  24% ] [90m[1mupdate_scripts_classes[22m | [39m[0m
2026-10-09T11:39:22.9305567Z [  24% ] [90m[1mupdate_scripts_classes[22m | [39m[0m
2026-10-09T11:39:22.9305899Z [  24% ] [90m[1mupdate_scripts_classes[22m | [39m[0m
2026-10-09T11:39:22.9306233Z [  24% ] [90m[1mupdate_scripts_classes[22m | [39m[0m
2026-10-09T11:39:22.9306566Z [  24% ] [90m[1mupdate_scripts_classes[22m | [39m[0m
2026-10-09T11:39:22.9306998Z [  24% ] [90m[1mupdate_scripts_classes[22m | [39m[0m
2026-10-09T11:39:22.9307329Z [  24% ] [90m[1mupdate_scripts_classes[22m | [39m[0m
2026-10-09T11:39:22.9307661Z [  24% ] [90m[1mupdate_scripts_classes[22m | [39m[0m
2026-10-09T11:39:22.9307997Z [  24% ] [90m[1mupdate_scripts_classes[22m | [39m[0m
2026-10-09T11:39:22.9308330Z [  24% ] [90m[1mupdate_scripts_classes[22m | [39m[0m
2026-10-09T11:39:22.9308668Z [  24% ] [90m[1mupdate_scripts_classes[22m | [39m[0m
2026-10-09T11:39:22.9309000Z [  24% ] [90m[1mupdate_scripts_classes[22m | [39m[0m
2026-10-09T11:39:22.9309333Z [  24% ] [90m[1mupdate_scripts_classes[22m | [39m[0m
2026-10-09T11:39:22.9309771Z [  24% ] [90m[1mupdate_scripts_classes[22m | [39m[0m
2026-10-09T11:39:22.9310103Z [  24% ] [90m[1mupdate_scripts_classes[22m | [39m[0m
2026-10-09T11:39:22.9310437Z [  24% ] [90m[1mupdate_scripts_classes[22m | [39m[0m
2026-10-09T11:39:22.9310772Z [  24% ] [90m[1mupdate_scripts_classes[22m | [39m[0m
2026-10-09T11:39:22.9311103Z [  24% ] [90m[1mupdate_scripts_classes[22m | [39m[0m
2026-10-09T11:39:22.9311437Z [  24% ] [90m[1mupdate_scripts_classes[22m | [39m[0m
2026-10-09T11:39:22.9311765Z [  24% ] [90m[1mupdate_scripts_classes[22m | [39m[0m
2026-10-09T11:39:22.9312096Z [  25% ] [90m[1mupdate_scripts_classes[22m | [39m[0m
2026-10-09T11:39:22.9312430Z [  25% ] [90m[1mupdate_scripts_classes[22m | [39m[0m
2026-10-09T11:39:22.9312765Z [  25% ] [90m[1mupdate_scripts_classes[22m | [39m[0m
2026-10-09T11:39:22.9313100Z [  25% ] [90m[1mupdate_scripts_classes[22m | [39m[0m
2026-10-09T11:39:22.9313430Z [  25% ] [90m[1mupdate_scripts_classes[22m | [39m[0m
2026-10-09T11:39:22.9313767Z [  25% ] [90m[1mupdate_scripts_classes[22m | [39m[0m
2026-10-09T11:39:22.9314104Z [  25% ] [90m[1mupdate_scripts_classes[22m | [39m[0m
2026-10-09T11:39:22.9314434Z [  25% ] [90m[1mupdate_scripts_classes[22m | [39m[0m
2026-10-09T11:39:22.9314768Z [  25% ] [90m[1mupdate_scripts_classes[22m | [39m[0m
2026-10-09T11:39:22.9315102Z [  25% ] [90m[1mupdate_scripts_classes[22m | [39m[0m
2026-10-09T11:39:22.9315432Z [  25% ] [90m[1mupdate_scripts_classes[22m | [39m[0m
2026-10-09T11:39:22.9315767Z [  25% ] [90m[1mupdate_scripts_classes[22m | [39m[0m
2026-10-09T11:39:22.9316099Z [  25% ] [90m[1mupdate_scripts_classes[22m | [39m[0m
2026-10-09T11:39:22.9316435Z [  25% ] [90m[1mupdate_scripts_classes[22m | [39m[0m
2026-10-09T11:39:22.9316860Z [  25% ] [90m[1mupdate_scripts_classes[22m | [39m[0m
2026-10-09T11:39:22.9317191Z [  25% ] [90m[1mupdate_scripts_classes[22m | [39m[0m
2026-10-09T11:39:22.9317524Z [  25% ] [90m[1mupdate_scripts_classes[22m | [39m[0m
2026-10-09T11:39:22.9317860Z [  25% ] [90m[1mupdate_scripts_classes[22m | [39m[0m
2026-10-09T11:39:22.9318192Z [  25% ] [90m[1mupdate_scripts_classes[22m | [39m[0m
2026-10-09T11:39:22.9318528Z [  25% ] [90m[1mupdate_scripts_classes[22m | [39m[0m
2026-10-09T11:39:22.9318861Z [  25% ] [90m[1mupdate_scripts_classes[22m | [39m[0m
2026-10-09T11:39:22.9319195Z [  25% ] [90m[1mupdate_scripts_classes[22m | [39m[0m
2026-10-09T11:39:22.9319527Z [  25% ] [90m[1mupdate_scripts_classes[22m | [39m[0m
2026-10-09T11:39:22.9319857Z [  25% ] [90m[1mupdate_scripts_classes[22m | [39m[0m
2026-10-09T11:39:22.9320190Z [  25% ] [90m[1mupdate_scripts_classes[22m | [39m[0m
2026-10-09T11:39:22.9320522Z [  25% ] [90m[1mupdate_scripts_classes[22m | [39m[0m
2026-10-09T11:39:22.9320856Z [  25% ] [90m[1mupdate_scripts_classes[22m | [39m[0m
2026-10-09T11:39:22.9321188Z [  25% ] [90m[1mupdate_scripts_classes[22m | [39m[0m
2026-10-09T11:39:22.9321634Z [  25% ] [90m[1mupdate_scripts_classes[22m | [39m[0m
2026-10-09T11:39:22.9321970Z [  25% ] [90m[1mupdate_scripts_classes[22m | [39m[0m
2026-10-09T11:39:22.9322307Z [  25% ] [90m[1mupdate_scripts_classes[22m | [39m[0m
2026-10-09T11:39:22.9322643Z [  26% ] [90m[1mupdate_scripts_classes[22m | [39m[0m
2026-10-09T11:39:22.9322972Z [  26% ] [90m[1mupdate_scripts_classes[22m | [39m[0m
2026-10-09T11:39:22.9323304Z [  26% ] [90m[1mupdate_scripts_classes[22m | [39m[0m
2026-10-09T11:39:22.9323638Z [  26% ] [90m[1mupdate_scripts_classes[22m | [39m[0m
2026-10-09T11:39:22.9323969Z [  26% ] [90m[1mupdate_scripts_classes[22m | [39m[0m
2026-10-09T11:39:22.9324304Z [  26% ] [90m[1mupdate_scripts_classes[22m | [39m[0m
2026-10-09T11:39:22.9324636Z [  26% ] [90m[1mupdate_scripts_classes[22m | [39m[0m
2026-10-09T11:39:22.9324969Z [  26% ] [90m[1mupdate_scripts_classes[22m | [39m[0m
2026-10-09T11:39:22.9325301Z [  26% ] [90m[1mupdate_scripts_classes[22m | [39m[0m
2026-10-09T11:39:22.9325727Z [  26% ] [90m[1mupdate_scripts_classes[22m | [39m[0m
2026-10-09T11:39:22.9326062Z [  26% ] [90m[1mupdate_scripts_classes[22m | [39m[0m
2026-10-09T11:39:22.9326393Z [  26% ] [90m[1mupdate_scripts_classes[22m | [39m[0m
2026-10-09T11:39:22.9326811Z [  26% ] [90m[1mupdate_scripts_classes[22m | [39m[0m
2026-10-09T11:39:22.9327145Z [  26% ] [90m[1mupdate_scripts_classes[22m | [39m[0m
2026-10-09T11:39:22.9327475Z [  26% ] [90m[1mupdate_scripts_classes[22m | [39m[0m
2026-10-09T11:39:22.9327891Z [  26% ] [90m[1mupdate_scripts_classes[22m | [39m[0m
2026-10-09T11:39:22.9328517Z [  26% ] [90m[1mupdate_scripts_classes[22m | [39m[0m
2026-10-09T11:39:22.9328941Z [  26% ] [90m[1mupdate_scripts_classes[22m | [39m[0m
2026-10-09T11:39:22.9329415Z [  26% ] [90m[1mupdate_scripts_classes[22m | [39m[0m
2026-10-09T11:39:22.9329871Z [  26% ] [90m[1mupdate_scripts_classes[22m | [39m[0m
2026-10-09T11:39:22.9330372Z [  26% ] [90m[1mupdate_scripts_classes[22m | [39m[0m
2026-10-09T11:39:22.9342231Z [  26% ] [90m[1mupdate_scripts_classes[22m | [39m[0m
2026-10-09T11:39:22.9342589Z [  26% ] [90m[1mupdate_scripts_classes[22m | [39m[0m
2026-10-09T11:39:22.9342929Z [  26% ] [90m[1mupdate_scripts_classes[22m | [39m[0m
2026-10-09T11:39:22.9343269Z [  26% ] [90m[1mupdate_scripts_classes[22m | [39m[0m
2026-10-09T11:39:22.9343607Z [  26% ] [90m[1mupdate_scripts_classes[22m | [39m[0m
2026-10-09T11:39:22.9343947Z [  26% ] [90m[1mupdate_scripts_classes[22m | [39m[0m
2026-10-09T11:39:22.9344285Z [  26% ] [90m[1mupdate_scripts_classes[22m | [39m[0m
2026-10-09T11:39:22.9344621Z [  26% ] [90m[1mupdate_scripts_classes[22m | [39m[0m
2026-10-09T11:39:22.9344962Z [  26% ] [90m[1mupdate_scripts_classes[22m | [39m[0m
2026-10-09T11:39:22.9345280Z [  26% ] [90m[1mupdate_scripts_classes[22m | [39m[0m
2026-10-09T11:39:22.9345501Z [  27% ] [90m[1mupdate_scripts_classes[22m | [39m[0m
2026-10-09T11:39:22.9345723Z [  27% ] [90m[1mupdate_scripts_classes[22m | [39m[0m
2026-10-09T11:39:22.9345947Z [  27% ] [90m[1mupdate_scripts_classes[22m | [39m[0m
2026-10-09T11:39:22.9346167Z [  27% ] [90m[1mupdate_scripts_classes[22m | [39m[0m
2026-10-09T11:39:22.9346379Z [  27% ] [90m[1mupdate_scripts_classes[22m | [39m[0m
2026-10-09T11:39:22.9346590Z [  27% ] [90m[1mupdate_scripts_classes[22m | [39m[0m
2026-10-09T11:39:22.9347281Z [  27% ] [90m[1mupdate_scripts_classes[22m | [39m[0m
2026-10-09T11:39:22.9347615Z [  27% ] [90m[1mupdate_scripts_classes[22m | [39m[0m
2026-10-09T11:39:22.9347952Z [  27% ] [90m[1mupdate_scripts_classes[22m | [39m[0m
2026-10-09T11:39:22.9348285Z [  27% ] [90m[1mupdate_scripts_classes[22m | [39m[0m
2026-10-09T11:39:22.9348619Z [  27% ] [90m[1mupdate_scripts_classes[22m | [39m[0m
2026-10-09T11:39:22.9348958Z [  27% ] [90m[1mupdate_scripts_classes[22m | [39m[0m
2026-10-09T11:39:22.9349291Z [  27% ] [90m[1mupdate_scripts_classes[22m | [39m[0m
2026-10-09T11:39:22.9349632Z [  27% ] [90m[1mupdate_scripts_classes[22m | [39m[0m
2026-10-09T11:39:22.9350125Z [  27% ] [90m[1mupdate_scripts_classes[22m | [39m[0m
2026-10-09T11:39:22.9350458Z [  27% ] [90m[1mupdate_scripts_classes[22m | [39m[0m
2026-10-09T11:39:22.9350796Z [  27% ] [90m[1mupdate_scripts_classes[22m | [39m[0m
2026-10-09T11:39:22.9351131Z [  27% ] [90m[1mupdate_scripts_classes[22m | [39m[0m
2026-10-09T11:39:22.9351466Z [  27% ] [90m[1mupdate_scripts_classes[22m | [39m[0m
2026-10-09T11:39:22.9351799Z [  27% ] [90m[1mupdate_scripts_classes[22m | [39m[0m
2026-10-09T11:39:22.9352132Z [  27% ] [90m[1mupdate_scripts_classes[22m | [39m[0m
2026-10-09T11:39:22.9352472Z [  27% ] [90m[1mupdate_scripts_classes[22m | [39m[0m
2026-10-09T11:39:22.9352805Z [  27% ] [90m[1mupdate_scripts_classes[22m | [39m[0m
2026-10-09T11:39:22.9353137Z [  27% ] [90m[1mupdate_scripts_classes[22m | [39m[0m
2026-10-09T11:39:22.9353472Z [  27% ] [90m[1mupdate_scripts_classes[22m | [39m[0m
2026-10-09T11:39:22.9353905Z [  27% ] [90m[1mupdate_scripts_classes[22m | [39m[0m
2026-10-09T11:39:22.9354243Z [  27% ] [90m[1mupdate_scripts_classes[22m | [39m[0m
2026-10-09T11:39:22.9354576Z [  27% ] [90m[1mupdate_scripts_classes[22m | [39m[0m
2026-10-09T11:39:22.9354909Z [  27% ] [90m[1mupdate_scripts_classes[22m | [39m[0m
2026-10-09T11:39:22.9355246Z [  27% ] [90m[1mupdate_scripts_classes[22m | [39m[0m
2026-10-09T11:39:22.9355580Z [  27% ] [90m[1mupdate_scripts_classes[22m | [39m[0m
2026-10-09T11:39:22.9355919Z [  28% ] [90m[1mupdate_scripts_classes[22m | [39m[0m
2026-10-09T11:39:22.9356253Z [  28% ] [90m[1mupdate_scripts_classes[22m | [39m[0m
2026-10-09T11:39:22.9356583Z [  28% ] [90m[1mupdate_scripts_classes[22m | [39m[0m
2026-10-09T11:39:22.9357025Z [  28% ] [90m[1mupdate_scripts_classes[22m | [39m[0m
2026-10-09T11:39:22.9357354Z [  28% ] [90m[1mupdate_scripts_classes[22m | [39m[0m
2026-10-09T11:39:22.9357684Z [  28% ] [90m[1mupdate_scripts_classes[22m | [39m[0m
2026-10-09T11:39:22.9358023Z [  28% ] [90m[1mupdate_scripts_classes[22m | [39m[0m
2026-10-09T11:39:22.9358355Z [  28% ] [90m[1mupdate_scripts_classes[22m | [39m[0m
2026-10-09T11:39:22.9358689Z [  28% ] [90m[1mupdate_scripts_classes[22m | [39m[0m
2026-10-09T11:39:22.9359019Z [  28% ] [90m[1mupdate_scripts_classes[22m | [39m[0m
2026-10-09T11:39:22.9359349Z [  28% ] [90m[1mupdate_scripts_classes[22m | [39m[0m
2026-10-09T11:39:22.9359683Z [  28% ] [90m[1mupdate_scripts_classes[22m | [39m[0m
2026-10-09T11:39:22.9360012Z [  28% ] [90m[1mupdate_scripts_classes[22m | [39m[0m
2026-10-09T11:39:22.9360340Z [  28% ] [90m[1mupdate_scripts_classes[22m | [39m[0m
2026-10-09T11:39:22.9360671Z [  28% ] [90m[1mupdate_scripts_classes[22m | [39m[0m
2026-10-09T11:39:22.9361001Z [  28% ] [90m[1mupdate_scripts_classes[22m | [39m[0m
2026-10-09T11:39:22.9361334Z [  28% ] [90m[1mupdate_scripts_classes[22m | [39m[0m
2026-10-09T11:39:22.9361662Z [  28% ] [90m[1mupdate_scripts_classes[22m | [39m[0m
2026-10-09T11:39:22.9361995Z [  28% ] [90m[1mupdate_scripts_classes[22m | [39m[0m
2026-10-09T11:39:22.9362327Z [  28% ] [90m[1mupdate_scripts_classes[22m | [39m[0m
2026-10-09T11:39:22.9362656Z [  28% ] [90m[1mupdate_scripts_classes[22m | [39m[0m
2026-10-09T11:39:22.9362986Z [  28% ] [90m[1mupdate_scripts_classes[22m | [39m[0m
2026-10-09T11:39:22.9363318Z [  28% ] [90m[1mupdate_scripts_classes[22m | [39m[0m
2026-10-09T11:39:22.9363649Z [  28% ] [90m[1mupdate_scripts_classes[22m | [39m[0m
2026-10-09T11:39:22.9363984Z [  28% ] [90m[1mupdate_scripts_classes[22m | [39m[0m
2026-10-09T11:39:22.9364310Z [  28% ] [90m[1mupdate_scripts_classes[22m | [39m[0m
2026-10-09T11:39:22.9364642Z [  28% ] [90m[1mupdate_scripts_classes[22m | [39m[0m
2026-10-09T11:39:22.9364969Z [  28% ] [90m[1mupdate_scripts_classes[22m | [39m[0m
2026-10-09T11:39:22.9365298Z [  28% ] [90m[1mupdate_scripts_classes[22m | [39m[0m
2026-10-09T11:39:22.9365635Z [  28% ] [90m[1mupdate_scripts_classes[22m | [39m[0m
2026-10-09T11:39:22.9366083Z [  28% ] [90m[1mupdate_scripts_classes[22m | [39m[0m
2026-10-09T11:39:22.9366416Z [  29% ] [90m[1mupdate_scripts_classes[22m | [39m[0m
2026-10-09T11:39:22.9366847Z [  29% ] [90m[1mupdate_scripts_classes[22m | [39m[0m
2026-10-09T11:39:22.9367177Z [  29% ] [90m[1mupdate_scripts_classes[22m | [39m[0m
2026-10-09T11:39:22.9367510Z [  29% ] [90m[1mupdate_scripts_classes[22m | [39m[0m
2026-10-09T11:39:22.9367841Z [  29% ] [90m[1mupdate_scripts_classes[22m | [39m[0m
2026-10-09T11:39:22.9368173Z [  29% ] [90m[1mupdate_scripts_classes[22m | [39m[0m
2026-10-09T11:39:22.9368506Z [  29% ] [90m[1mupdate_scripts_classes[22m | [39m[0m
2026-10-09T11:39:22.9368837Z [  29% ] [90m[1mupdate_scripts_classes[22m | [39m[0m
2026-10-09T11:39:22.9369170Z [  29% ] [90m[1mupdate_scripts_classes[22m | [39m[0m
2026-10-09T11:39:22.9369502Z [  29% ] [90m[1mupdate_scripts_classes[22m | [39m[0m
2026-10-09T11:39:22.9369821Z [  29% ] [90m[1mupdate_scripts_classes[22m | [39m[0m
2026-10-09T11:39:22.9370037Z [  29% ] [90m[1mupdate_scripts_classes[22m | [39m[0m
2026-10-09T11:39:22.9370247Z [  29% ] [90m[1mupdate_scripts_classes[22m | [39m[0m
2026-10-09T11:39:22.9370460Z [  29% ] [90m[1mupdate_scripts_classes[22m | [39m[0m
2026-10-09T11:39:22.9370669Z [  29% ] [90m[1mupdate_scripts_classes[22m | [39m[0m
2026-10-09T11:39:22.9370878Z [  29% ] [90m[1mupdate_scripts_classes[22m | [39m[0m
2026-10-09T11:39:22.9371089Z [  29% ] [90m[1mupdate_scripts_classes[22m | [39m[0m
2026-10-09T11:39:22.9371299Z [  29% ] [90m[1mupdate_scripts_classes[22m | [39m[0m
2026-10-09T11:39:22.9371511Z [  29% ] [90m[1mupdate_scripts_classes[22m | [39m[0m
2026-10-09T11:39:22.9371721Z [  29% ] [90m[1mupdate_scripts_classes[22m | [39m[0m
2026-10-09T11:39:22.9371932Z [  29% ] [90m[1mupdate_scripts_classes[22m | [39m[0m
2026-10-09T11:39:22.9372145Z [  29% ] [90m[1mupdate_scripts_classes[22m | [39m[0m
2026-10-09T11:39:22.9372361Z [  29% ] [90m[1mupdate_scripts_classes[22m | [39m[0m
2026-10-09T11:39:22.9372574Z [  29% ] [90m[1mupdate_scripts_classes[22m | [39m[0m
2026-10-09T11:39:22.9372785Z [  29% ] [90m[1mupdate_scripts_classes[22m | [39m[0m
2026-10-09T11:39:22.9372995Z [  29% ] [90m[1mupdate_scripts_classes[22m | [39m[0m
2026-10-09T11:39:22.9373210Z [  29% ] [90m[1mupdate_scripts_classes[22m | [39m[0m
2026-10-09T11:39:22.9373420Z [  29% ] [90m[1mupdate_scripts_classes[22m | [39m[0m
2026-10-09T11:39:22.9373633Z [  29% ] [90m[1mupdate_scripts_classes[22m | [39m[0m
2026-10-09T11:39:22.9373843Z [  29% ] [90m[1mupdate_scripts_classes[22m | [39m[0m
2026-10-09T11:39:22.9374054Z [  29% ] [90m[1mupdate_scripts_classes[22m | [39m[0m
2026-10-09T11:39:22.9374269Z [  30% ] [90m[1mupdate_scripts_classes[22m | [39m[0m
2026-10-09T11:39:22.9374482Z [  30% ] [90m[1mupdate_scripts_classes[22m | [39m[0m
2026-10-09T11:39:22.9374695Z [  30% ] [90m[1mupdate_scripts_classes[22m | [39m[0m
2026-10-09T11:39:22.9374914Z [  30% ] [90m[1mupdate_scripts_classes[22m | [39m[0m
2026-10-09T11:39:22.9375126Z [  30% ] [90m[1mupdate_scripts_classes[22m | [39m[0m
2026-10-09T11:39:22.9375340Z [  30% ] [90m[1mupdate_scripts_classes[22m | [39m[0m
2026-10-09T11:39:22.9375550Z [  30% ] [90m[1mupdate_scripts_classes[22m | [39m[0m
2026-10-09T11:39:22.9375762Z [  30% ] [90m[1mupdate_scripts_classes[22m | [39m[0m
2026-10-09T11:39:22.9375976Z [  30% ] [90m[1mupdate_scripts_classes[22m | [39m[0m
2026-10-09T11:39:22.9376187Z [  30% ] [90m[1mupdate_scripts_classes[22m | [39m[0m
2026-10-09T11:39:22.9376399Z [  30% ] [90m[1mupdate_scripts_classes[22m | [39m[0m
2026-10-09T11:39:22.9376709Z [  30% ] [90m[1mupdate_scripts_classes[22m | [39m[0m
2026-10-09T11:39:22.9377032Z [  30% ] [90m[1mupdate_scripts_classes[22m | [39m[0m
2026-10-09T11:39:22.9377373Z [  30% ] [90m[1mupdate_scripts_classes[22m | [39m[0m
2026-10-09T11:39:22.9377705Z [  30% ] [90m[1mupdate_scripts_classes[22m | [39m[0m
2026-10-09T11:39:22.9378154Z [  30% ] [90m[1mupdate_scripts_classes[22m | [39m[0m
2026-10-09T11:39:22.9378484Z [  30% ] [90m[1mupdate_scripts_classes[22m | [39m[0m
2026-10-09T11:39:22.9378814Z [  30% ] [90m[1mupdate_scripts_classes[22m | [39m[0m
2026-10-09T11:39:22.9379148Z [  30% ] [90m[1mupdate_scripts_classes[22m | [39m[0m
2026-10-09T11:39:22.9379519Z [  30% ] [90m[1mupdate_scripts_classes[22m | [39m[0m
2026-10-09T11:39:22.9379851Z [  30% ] [90m[1mupdate_scripts_classes[22m | [39m[0m
2026-10-09T11:39:22.9380181Z [  30% ] [90m[1mupdate_scripts_classes[22m | [39m[0m
2026-10-09T11:39:22.9380511Z [  30% ] [90m[1mupdate_scripts_classes[22m | [39m[0m
2026-10-09T11:39:22.9380845Z [  30% ] [90m[1mupdate_scripts_classes[22m | [39m[0m
2026-10-09T11:39:22.9381174Z [  30% ] [90m[1mupdate_scripts_classes[22m | [39m[0m
2026-10-09T11:39:22.9381506Z [  30% ] [90m[1mupdate_scripts_classes[22m | [39m[0m
2026-10-09T11:39:22.9381932Z [  30% ] [90m[1mupdate_scripts_classes[22m | [39m[0m
2026-10-09T11:39:22.9382262Z [  30% ] [90m[1mupdate_scripts_classes[22m | [39m[0m
2026-10-09T11:39:22.9382593Z [  30% ] [90m[1mupdate_scripts_classes[22m | [39m[0m
2026-10-09T11:39:22.9382922Z [  30% ] [90m[1mupdate_scripts_classes[22m | [39m[0m
2026-10-09T11:39:22.9383251Z [  30% ] [90m[1mupdate_scripts_classes[22m | [39m[0m
2026-10-09T11:39:22.9383585Z [  31% ] [90m[1mupdate_scripts_classes[22m | [39m[0m
2026-10-09T11:39:22.9383915Z [  31% ] [90m[1mupdate_scripts_classes[22m | [39m[0m
2026-10-09T11:39:22.9384249Z [  31% ] [90m[1mupdate_scripts_classes[22m | [39m[0m
2026-10-09T11:39:22.9384831Z [  31% ] [90m[1mupdate_scripts_classes[22m | [39m[0m
2026-10-09T11:39:22.9385161Z [  31% ] [90m[1mupdate_scripts_classes[22m | [39m[0m
2026-10-09T11:39:22.9385493Z [  31% ] [90m[1mupdate_scripts_classes[22m | [39m[0m
2026-10-09T11:39:22.9385823Z [  31% ] [90m[1mupdate_scripts_classes[22m | [39m[0m
2026-10-09T11:39:22.9386161Z [  31% ] [90m[1mupdate_scripts_classes[22m | [39m[0m
2026-10-09T11:39:22.9386490Z [  31% ] [90m[1mupdate_scripts_classes[22m | [39m[0m
2026-10-09T11:39:22.9386908Z [  31% ] [90m[1mupdate_scripts_classes[22m | [39m[0m
2026-10-09T11:39:22.9387243Z [  31% ] [90m[1mupdate_scripts_classes[22m | [39m[0m
2026-10-09T11:39:22.9387573Z [  31% ] [90m[1mupdate_scripts_classes[22m | [39m[0m
2026-10-09T11:39:22.9387907Z [  31% ] [90m[1mupdate_scripts_classes[22m | [39m[0m
2026-10-09T11:39:22.9388236Z [  31% ] [90m[1mupdate_scripts_classes[22m | [39m[0m
2026-10-09T11:39:22.9388565Z [  31% ] [90m[1mupdate_scripts_classes[22m | [39m[0m
2026-10-09T11:39:22.9388898Z [  31% ] [90m[1mupdate_scripts_classes[22m | [39m[0m
2026-10-09T11:39:22.9389229Z [  31% ] [90m[1mupdate_scripts_classes[22m | [39m[0m
2026-10-09T11:39:22.9389561Z [  31% ] [90m[1mupdate_scripts_classes[22m | [39m[0m
2026-10-09T11:39:22.9389889Z [  31% ] [90m[1mupdate_scripts_classes[22m | [39m[0m
2026-10-09T11:39:22.9390224Z [  31% ] [90m[1mupdate_scripts_classes[22m | [39m[0m
2026-10-09T11:39:22.9390557Z [  31% ] [90m[1mupdate_scripts_classes[22m | [39m[0m
2026-10-09T11:39:22.9390888Z [  31% ] [90m[1mupdate_scripts_classes[22m | [39m[0m
2026-10-09T11:39:22.9391219Z [  31% ] [90m[1mupdate_scripts_classes[22m | [39m[0m
2026-10-09T11:39:22.9391549Z [  31% ] [90m[1mupdate_scripts_classes[22m | [39m[0m
2026-10-09T11:39:22.9391900Z [  31% ] [90m[1mupdate_scripts_classes[22m | [39m[0m
2026-10-09T11:39:22.9392233Z [  31% ] [90m[1mupdate_scripts_classes[22m | [39m[0m
2026-10-09T11:39:22.9392566Z [  31% ] [90m[1mupdate_scripts_classes[22m | [39m[0m
2026-10-09T11:39:22.9392895Z [  31% ] [90m[1mupdate_scripts_classes[22m | [39m[0m
2026-10-09T11:39:22.9393229Z [  31% ] [90m[1mupdate_scripts_classes[22m | [39m[0m
2026-10-09T11:39:22.9393558Z [  31% ] [90m[1mupdate_scripts_classes[22m | [39m[0m
2026-10-09T11:39:22.9393890Z [  31% ] [90m[1mupdate_scripts_classes[22m | [39m[0m
2026-10-09T11:39:22.9394334Z [  32% ] [90m[1mupdate_scripts_classes[22m | [39m[0m
2026-10-09T11:39:22.9394665Z [  32% ] [90m[1mupdate_scripts_classes[22m | [39m[0m
2026-10-09T11:39:22.9394998Z [  32% ] [90m[1mupdate_scripts_classes[22m | [39m[0m
2026-10-09T11:39:22.9395328Z [  32% ] [90m[1mupdate_scripts_classes[22m | [39m[0m
2026-10-09T11:39:22.9395660Z [  32% ] [90m[1mupdate_scripts_classes[22m | [39m[0m
2026-10-09T11:39:22.9395989Z [  32% ] [90m[1mupdate_scripts_classes[22m | [39m[0m
2026-10-09T11:39:22.9396320Z [  32% ] [90m[1mupdate_scripts_classes[22m | [39m[0m
2026-10-09T11:39:22.9396745Z [  32% ] [90m[1mupdate_scripts_classes[22m | [39m[0m
2026-10-09T11:39:22.9397077Z [  32% ] [90m[1mupdate_scripts_classes[22m | [39m[0m
2026-10-09T11:39:22.9397410Z [  32% ] [90m[1mupdate_scripts_classes[22m | [39m[0m
2026-10-09T11:39:22.9397742Z [  32% ] [90m[1mupdate_scripts_classes[22m | [39m[0m
2026-10-09T11:39:22.9398164Z [  32% ] [90m[1mupdate_scripts_classes[22m | [39m[0m
2026-10-09T11:39:22.9398501Z [  32% ] [90m[1mupdate_scripts_classes[22m | [39m[0m
2026-10-09T11:39:22.9398832Z [  32% ] [90m[1mupdate_scripts_classes[22m | [39m[0m
2026-10-09T11:39:22.9399163Z [  32% ] [90m[1mupdate_scripts_classes[22m | [39m[0m
2026-10-09T11:39:22.9399491Z [  32% ] [90m[1mupdate_scripts_classes[22m | [39m[0m
2026-10-09T11:39:22.9399821Z [  32% ] [90m[1mupdate_scripts_classes[22m | [39m[0m
2026-10-09T11:39:22.9400155Z [  32% ] [90m[1mupdate_scripts_classes[22m | [39m[0m
2026-10-09T11:39:22.9400485Z [  32% ] [90m[1mupdate_scripts_classes[22m | [39m[0m
2026-10-09T11:39:22.9400817Z [  32% ] [90m[1mupdate_scripts_classes[22m | [39m[0m
2026-10-09T11:39:22.9401149Z [  32% ] [90m[1mupdate_scripts_classes[22m | [39m[0m
2026-10-09T11:39:22.9401478Z [  32% ] [90m[1mupdate_scripts_classes[22m | [39m[0m
2026-10-09T11:39:22.9401809Z [  32% ] [90m[1mupdate_scripts_classes[22m | [39m[0m
2026-10-09T11:39:22.9402142Z [  32% ] [90m[1mupdate_scripts_classes[22m | [39m[0m
2026-10-09T11:39:22.9402470Z [  32% ] [90m[1mupdate_scripts_classes[22m | [39m[0m
2026-10-09T11:39:22.9402805Z [  32% ] [90m[1mupdate_scripts_classes[22m | [39m[0m
2026-10-09T11:39:22.9403134Z [  32% ] [90m[1mupdate_scripts_classes[22m | [39m[0m
2026-10-09T11:39:22.9403466Z [  32% ] [90m[1mupdate_scripts_classes[22m | [39m[0m
2026-10-09T11:39:22.9403794Z [  32% ] [90m[1mupdate_scripts_classes[22m | [39m[0m
2026-10-09T11:39:22.9404120Z [  32% ] [90m[1mupdate_scripts_classes[22m | [39m[0m
2026-10-09T11:39:22.9404451Z [  32% ] [90m[1mupdate_scripts_classes[22m | [39m[0m
2026-10-09T11:39:22.9404779Z [  33% ] [90m[1mupdate_scripts_classes[22m | [39m[0m
2026-10-09T11:39:22.9405111Z [  33% ] [90m[1mupdate_scripts_classes[22m | [39m[0m
2026-10-09T11:39:22.9405440Z [  33% ] [90m[1mupdate_scripts_classes[22m | [39m[0m
2026-10-09T11:39:22.9405769Z [  33% ] [90m[1mupdate_scripts_classes[22m | [39m[0m
2026-10-09T11:39:22.9406105Z [  33% ] [90m[1mupdate_scripts_classes[22m | [39m[0m
2026-10-09T11:39:22.9406434Z [  33% ] [90m[1mupdate_scripts_classes[22m | [39m[0m
2026-10-09T11:39:22.9406877Z [  33% ] [90m[1mupdate_scripts_classes[22m | [39m[0m
2026-10-09T11:39:22.9407208Z [  33% ] [90m[1mupdate_scripts_classes[22m | [39m[0m
2026-10-09T11:39:22.9407535Z [  33% ] [90m[1mupdate_scripts_classes[22m | [39m[0m
2026-10-09T11:39:22.9407865Z [  33% ] [90m[1mupdate_scripts_classes[22m | [39m[0m
2026-10-09T11:39:22.9408198Z [  33% ] [90m[1mupdate_scripts_classes[22m | [39m[0m
2026-10-09T11:39:22.9408529Z [  33% ] [90m[1mupdate_scripts_classes[22m | [39m[0m
2026-10-09T11:39:22.9408858Z [  33% ] [90m[1mupdate_scripts_classes[22m | [39m[0m
2026-10-09T11:39:22.9409189Z [  33% ] [90m[1mupdate_scripts_classes[22m | [39m[0m
2026-10-09T11:39:22.9409520Z [  33% ] [90m[1mupdate_scripts_classes[22m | [39m[0m
2026-10-09T11:39:22.9409849Z [  33% ] [90m[1mupdate_scripts_classes[22m | [39m[0m
2026-10-09T11:39:22.9410298Z [  33% ] [90m[1mupdate_scripts_classes[22m | [39m[0m
2026-10-09T11:39:22.9410629Z [  33% ] [90m[1mupdate_scripts_classes[22m | [39m[0m
2026-10-09T11:39:22.9410958Z [  33% ] [90m[1mupdate_scripts_classes[22m | [39m[0m
2026-10-09T11:39:22.9411292Z [  33% ] [90m[1mupdate_scripts_classes[22m | [39m[0m
2026-10-09T11:39:22.9411622Z [  33% ] [90m[1mupdate_scripts_classes[22m | [39m[0m
2026-10-09T11:39:22.9411953Z [  33% ] [90m[1mupdate_scripts_classes[22m | [39m[0m
2026-10-09T11:39:22.9412285Z [  33% ] [90m[1mupdate_scripts_classes[22m | [39m[0m
2026-10-09T11:39:22.9412617Z [  33% ] [90m[1mupdate_scripts_classes[22m | [39m[0m
2026-10-09T11:39:22.9412951Z [  33% ] [90m[1mupdate_scripts_classes[22m | [39m[0m
2026-10-09T11:39:22.9413283Z [  33% ] [90m[1mupdate_scripts_classes[22m | [39m[0m
2026-10-09T11:39:22.9413614Z [  33% ] [90m[1mupdate_scripts_classes[22m | [39m[0m
2026-10-09T11:39:22.9414038Z [  33% ] [90m[1mupdate_scripts_classes[22m | [39m[0m
2026-10-09T11:39:22.9414370Z [  33% ] [90m[1mupdate_scripts_classes[22m | [39m[0m
2026-10-09T11:39:22.9414703Z [  33% ] [90m[1mupdate_scripts_classes[22m | [39m[0m
2026-10-09T11:39:22.9415032Z [  33% ] [90m[1mupdate_scripts_classes[22m | [39m[0m
2026-10-09T11:39:22.9415362Z [  34% ] [90m[1mupdate_scripts_classes[22m | [39m[0m
2026-10-09T11:39:22.9415696Z [  34% ] [90m[1mupdate_scripts_classes[22m | [39m[0m
2026-10-09T11:39:22.9416025Z [  34% ] [90m[1mupdate_scripts_classes[22m | [39m[0m
2026-10-09T11:39:22.9416360Z [  34% ] [90m[1mupdate_scripts_classes[22m | [39m[0m
2026-10-09T11:39:22.9416845Z [  34% ] [90m[1mupdate_scripts_classes[22m | [39m[0m
2026-10-09T11:39:22.9417175Z [  34% ] [90m[1mupdate_scripts_classes[22m | [39m[0m
2026-10-09T11:39:22.9417507Z [  34% ] [90m[1mupdate_scripts_classes[22m | [39m[0m
2026-10-09T11:39:22.9417837Z [  34% ] [90m[1mupdate_scripts_classes[22m | [39m[0m
2026-10-09T11:39:22.9418175Z [  34% ] [90m[1mupdate_scripts_classes[22m | [39m[0m
2026-10-09T11:39:22.9418508Z [  34% ] [90m[1mupdate_scripts_classes[22m | [39m[0m
2026-10-09T11:39:22.9418839Z [  34% ] [90m[1mupdate_scripts_classes[22m | [39m[0m
2026-10-09T11:39:22.9419171Z [  34% ] [90m[1mupdate_scripts_classes[22m | [39m[0m
2026-10-09T11:39:22.9419501Z [  34% ] [90m[1mupdate_scripts_classes[22m | [39m[0m
2026-10-09T11:39:22.9419831Z [  34% ] [90m[1mupdate_scripts_classes[22m | [39m[0m
2026-10-09T11:39:22.9420163Z [  34% ] [90m[1mupdate_scripts_classes[22m | [39m[0m
2026-10-09T11:39:22.9420494Z [  34% ] [90m[1mupdate_scripts_classes[22m | [39m[0m
2026-10-09T11:39:22.9420827Z [  34% ] [90m[1mupdate_scripts_classes[22m | [39m[0m
2026-10-09T11:39:22.9421156Z [  34% ] [90m[1mupdate_scripts_classes[22m | [39m[0m
2026-10-09T11:39:22.9421487Z [  34% ] [90m[1mupdate_scripts_classes[22m | [39m[0m
2026-10-09T11:39:22.9421821Z [  34% ] [90m[1mupdate_scripts_classes[22m | [39m[0m
2026-10-09T11:39:22.9422153Z [  34% ] [90m[1mupdate_scripts_classes[22m | [39m[0m
2026-10-09T11:39:22.9422485Z [  34% ] [90m[1mupdate_scripts_classes[22m | [39m[0m
2026-10-09T11:39:22.9422814Z [  34% ] [90m[1mupdate_scripts_classes[22m | [39m[0m
2026-10-09T11:39:22.9423144Z [  34% ] [90m[1mupdate_scripts_classes[22m | [39m[0m
2026-10-09T11:39:22.9423475Z [  34% ] [90m[1mupdate_scripts_classes[22m | [39m[0m
2026-10-09T11:39:22.9423803Z [  34% ] [90m[1mupdate_scripts_classes[22m | [39m[0m
2026-10-09T11:39:22.9424133Z [  34% ] [90m[1mupdate_scripts_classes[22m | [39m[0m
2026-10-09T11:39:22.9424463Z [  34% ] [90m[1mupdate_scripts_classes[22m | [39m[0m
2026-10-09T11:39:22.9424792Z [  34% ] [90m[1mupdate_scripts_classes[22m | [39m[0m
2026-10-09T11:39:22.9425123Z [  34% ] [90m[1mupdate_scripts_classes[22m | [39m[0m
2026-10-09T11:39:22.9425451Z [  34% ] [90m[1mupdate_scripts_classes[22m | [39m[0m
2026-10-09T11:39:22.9425781Z [  35% ] [90m[1mupdate_scripts_classes[22m | [39m[0m
2026-10-09T11:39:22.9426231Z [  35% ] [90m[1mupdate_scripts_classes[22m | [39m[0m
2026-10-09T11:39:22.9426561Z [  35% ] [90m[1mupdate_scripts_classes[22m | [39m[0m
2026-10-09T11:39:22.9427613Z [  35% ] [90m[1mupdate_scripts_classes[22m | [39m[0m
2026-10-09T11:39:22.9427946Z [  35% ] [90m[1mupdate_scripts_classes[22m | [39m[0m
2026-10-09T11:39:22.9428278Z [  35% ] [90m[1mupdate_scripts_classes[22m | [39m[0m
2026-10-09T11:39:22.9428615Z [  35% ] [90m[1mupdate_scripts_classes[22m | [39m[0m
2026-10-09T11:39:22.9428946Z [  35% ] [90m[1mupdate_scripts_classes[22m | [39m[0m
2026-10-09T11:39:22.9429275Z [  35% ] [90m[1mupdate_scripts_classes[22m | [39m[0m
2026-10-09T11:39:22.9429604Z [  35% ] [90m[1mupdate_scripts_classes[22m | [39m[0m
2026-10-09T11:39:22.9429935Z [  35% ] [90m[1mupdate_scripts_classes[22m | [39m[0m
2026-10-09T11:39:22.9430263Z [  35% ] [90m[1mupdate_scripts_classes[22m | [39m[0m
2026-10-09T11:39:22.9430592Z [  35% ] [90m[1mupdate_scripts_classes[22m | [39m[0m
2026-10-09T11:39:22.9431028Z [  35% ] [90m[1mupdate_scripts_classes[22m | [39m[0m
2026-10-09T11:39:22.9431357Z [  35% ] [90m[1mupdate_scripts_classes[22m | [39m[0m
2026-10-09T11:39:22.9431691Z [  35% ] [90m[1mupdate_scripts_classes[22m | [39m[0m
2026-10-09T11:39:22.9432020Z [  35% ] [90m[1mupdate_scripts_classes[22m | [39m[0m
2026-10-09T11:39:22.9432349Z [  35% ] [90m[1mupdate_scripts_classes[22m | [39m[0m
2026-10-09T11:39:22.9432680Z [  35% ] [90m[1mupdate_scripts_classes[22m | [39m[0m
2026-10-09T11:39:22.9433009Z [  35% ] [90m[1mupdate_scripts_classes[22m | [39m[0m
2026-10-09T11:39:22.9433340Z [  35% ] [90m[1mupdate_scripts_classes[22m | [39m[0m
2026-10-09T11:39:22.9433666Z [  35% ] [90m[1mupdate_scripts_classes[22m | [39m[0m
2026-10-09T11:39:22.9433993Z [  35% ] [90m[1mupdate_scripts_classes[22m | [39m[0m
2026-10-09T11:39:22.9434327Z [  35% ] [90m[1mupdate_scripts_classes[22m | [39m[0m
2026-10-09T11:39:22.9434661Z [  35% ] [90m[1mupdate_scripts_classes[22m | [39m[0m
2026-10-09T11:39:22.9434991Z [  35% ] [90m[1mupdate_scripts_classes[22m | [39m[0m
2026-10-09T11:39:22.9435318Z [  35% ] [90m[1mupdate_scripts_classes[22m | [39m[0m
2026-10-09T11:39:22.9435648Z [  35% ] [90m[1mupdate_scripts_classes[22m | [39m[0m
2026-10-09T11:39:22.9435800Z [  35% ] [90m[1mupdate_scripts_classes[22m | [39m[0m
2026-10-09T11:39:22.9435952Z [  35% ] [90m[1mupdate_scripts_classes[22m | [39m[0m
2026-10-09T11:39:22.9436104Z [  35% ] [90m[1mupdate_scripts_classes[22m | [39m[0m
2026-10-09T11:39:22.9436254Z [  36% ] [90m[1mupdate_scripts_classes[22m | [39m[0m
2026-10-09T11:39:22.9436406Z [  36% ] [90m[1mupdate_scripts_classes[22m | [39m[0m
2026-10-09T11:39:22.9436559Z [  36% ] [90m[1mupdate_scripts_classes[22m | [39m[0m
2026-10-09T11:39:22.9436800Z [  36% ] [90m[1mupdate_scripts_classes[22m | [39m[0m
2026-10-09T11:39:22.9436953Z [  36% ] [90m[1mupdate_scripts_classes[22m | [39m[0m
2026-10-09T11:39:22.9437109Z [  36% ] [90m[1mupdate_scripts_classes[22m | [39m[0m
2026-10-09T11:39:22.9437260Z [  36% ] [90m[1mupdate_scripts_classes[22m | [39m[0m
2026-10-09T11:39:22.9437409Z [  36% ] [90m[1mupdate_scripts_classes[22m | [39m[0m
2026-10-09T11:39:22.9437559Z [  36% ] [90m[1mupdate_scripts_classes[22m | [39m[0m
2026-10-09T11:39:22.9437709Z [  36% ] [90m[1mupdate_scripts_classes[22m | [39m[0m
2026-10-09T11:39:22.9437858Z [  36% ] [90m[1mupdate_scripts_classes[22m | [39m[0m
2026-10-09T11:39:22.9438010Z [  36% ] [90m[1mupdate_scripts_classes[22m | [39m[0m
2026-10-09T11:39:22.9438161Z [  36% ] [90m[1mupdate_scripts_classes[22m | [39m[0m
2026-10-09T11:39:22.9438313Z [  36% ] [90m[1mupdate_scripts_classes[22m | [39m[0m
2026-10-09T11:39:22.9438462Z [  36% ] [90m[1mupdate_scripts_classes[22m | [39m[0m
2026-10-09T11:39:22.9438614Z [  36% ] [90m[1mupdate_scripts_classes[22m | [39m[0m
2026-10-09T11:39:22.9438766Z [  36% ] [90m[1mupdate_scripts_classes[22m | [39m[0m
2026-10-09T11:39:22.9439023Z [  36% ] [90m[1mupdate_scripts_classes[22m | [39m[0m
2026-10-09T11:39:22.9439175Z [  36% ] [90m[1mupdate_scripts_classes[22m | [39m[0m
2026-10-09T11:39:22.9439326Z [  36% ] [90m[1mupdate_scripts_classes[22m | [39m[0m
2026-10-09T11:39:22.9439476Z [  36% ] [90m[1mupdate_scripts_classes[22m | [39m[0m
2026-10-09T11:39:22.9439625Z [  36% ] [90m[1mupdate_scripts_classes[22m | [39m[0m
2026-10-09T11:39:22.9439777Z [  36% ] [90m[1mupdate_scripts_classes[22m | [39m[0m
2026-10-09T11:39:22.9439929Z [  36% ] [90m[1mupdate_scripts_classes[22m | [39m[0m
2026-10-09T11:39:22.9440077Z [  36% ] [90m[1mupdate_scripts_classes[22m | [39m[0m
2026-10-09T11:39:22.9440229Z [  36% ] [90m[1mupdate_scripts_classes[22m | [39m[0m
2026-10-09T11:39:22.9440381Z [  36% ] [90m[1mupdate_scripts_classes[22m | [39m[0m
2026-10-09T11:39:22.9440534Z [  36% ] [90m[1mupdate_scripts_classes[22m | [39m[0m
2026-10-09T11:39:22.9440682Z [  36% ] [90m[1mupdate_scripts_classes[22m | [39m[0m
2026-10-09T11:39:22.9440932Z [  36% ] [90m[1mupdate_scripts_classes[22m | [39m[0m
2026-10-09T11:39:22.9441083Z [  36% ] [90m[1mupdate_scripts_classes[22m | [39m[0m
2026-10-09T11:39:22.9441232Z [  37% ] [90m[1mupdate_scripts_classes[22m | [39m[0m
2026-10-09T11:39:22.9441384Z [  37% ] [90m[1mupdate_scripts_classes[22m | [39m[0m
2026-10-09T11:39:22.9441536Z [  37% ] [90m[1mupdate_scripts_classes[22m | [39m[0m
2026-10-09T11:39:22.9441687Z [  37% ] [90m[1mupdate_scripts_classes[22m | [39m[0m
2026-10-09T11:39:22.9441836Z [  37% ] [90m[1mupdate_scripts_classes[22m | [39m[0m
2026-10-09T11:39:22.9441991Z [  37% ] [90m[1mupdate_scripts_classes[22m | [39m[0m
2026-10-09T11:39:22.9442143Z [  37% ] [90m[1mupdate_scripts_classes[22m | [39m[0m
2026-10-09T11:39:22.9442294Z [  37% ] [90m[1mupdate_scripts_classes[22m | [39m[0m
2026-10-09T11:39:22.9442445Z [  37% ] [90m[1mupdate_scripts_classes[22m | [39m[0m
2026-10-09T11:39:22.9442600Z [  37% ] [90m[1mupdate_scripts_classes[22m | [39m[0m
2026-10-09T11:39:22.9442752Z [  37% ] [90m[1mupdate_scripts_classes[22m | [39m[0m
2026-10-09T11:39:22.9442902Z [  37% ] [90m[1mupdate_scripts_classes[22m | [39m[0m
2026-10-09T11:39:22.9443053Z [  37% ] [90m[1mupdate_scripts_classes[22m | [39m[0m
2026-10-09T11:39:22.9443206Z [  37% ] [90m[1mupdate_scripts_classes[22m | [39m[0m
2026-10-09T11:39:22.9443356Z [  37% ] [90m[1mupdate_scripts_classes[22m | [39m[0m
2026-10-09T11:39:22.9443509Z [  37% ] [90m[1mupdate_scripts_classes[22m | [39m[0m
2026-10-09T11:39:22.9443660Z [  37% ] [90m[1mupdate_scripts_classes[22m | [39m[0m
2026-10-09T11:39:22.9443813Z [  37% ] [90m[1mupdate_scripts_classes[22m | [39m[0m
2026-10-09T11:39:22.9443963Z [  37% ] [90m[1mupdate_scripts_classes[22m | [39m[0m
2026-10-09T11:39:22.9444117Z [  37% ] [90m[1mupdate_scripts_classes[22m | [39m[0m
2026-10-09T11:39:22.9444270Z [  37% ] [90m[1mupdate_scripts_classes[22m | [39m[0m
2026-10-09T11:39:22.9444423Z [  37% ] [90m[1mupdate_scripts_classes[22m | [39m[0m
2026-10-09T11:39:22.9444575Z [  37% ] [90m[1mupdate_scripts_classes[22m | [39m[0m
2026-10-09T11:39:22.9444728Z [  37% ] [90m[1mupdate_scripts_classes[22m | [39m[0m
2026-10-09T11:39:22.9444880Z [  37% ] [90m[1mupdate_scripts_classes[22m | [39m[0m
2026-10-09T11:39:22.9445029Z [  37% ] [90m[1mupdate_scripts_classes[22m | [39m[0m
2026-10-09T11:39:22.9445181Z [  37% ] [90m[1mupdate_scripts_classes[22m | [39m[0m
2026-10-09T11:39:22.9445332Z [  37% ] [90m[1mupdate_scripts_classes[22m | [39m[0m
2026-10-09T11:39:22.9445481Z [  37% ] [90m[1mupdate_scripts_classes[22m | [39m[0m
2026-10-09T11:39:22.9445633Z [  37% ] [90m[1mupdate_scripts_classes[22m | [39m[0m
2026-10-09T11:39:22.9445786Z [  37% ] [90m[1mupdate_scripts_classes[22m | [39m[0m
2026-10-09T11:39:22.9445937Z [  38% ] [90m[1mupdate_scripts_classes[22m | [39m[0m
2026-10-09T11:39:22.9446086Z [  38% ] [90m[1mupdate_scripts_classes[22m | [39m[0m
2026-10-09T11:39:22.9446352Z [  38% ] [90m[1mupdate_scripts_classes[22m | [39m[0m
2026-10-09T11:39:22.9446504Z [  38% ] [90m[1mupdate_scripts_classes[22m | [39m[0m
2026-10-09T11:39:22.9446745Z [  38% ] [90m[1mupdate_scripts_classes[22m | [39m[0m
2026-10-09T11:39:22.9446899Z [  38% ] [90m[1mupdate_scripts_classes[22m | [39m[0m
2026-10-09T11:39:22.9447051Z [  38% ] [90m[1mupdate_scripts_classes[22m | [39m[0m
2026-10-09T11:39:22.9447202Z [  38% ] [90m[1mupdate_scripts_classes[22m | [39m[0m
2026-10-09T11:39:22.9447350Z [  38% ] [90m[1mupdate_scripts_classes[22m | [39m[0m
2026-10-09T11:39:22.9447502Z [  38% ] [90m[1mupdate_scripts_classes[22m | [39m[0m
2026-10-09T11:39:22.9447656Z [  38% ] [90m[1mupdate_scripts_classes[22m | [39m[0m
2026-10-09T11:39:22.9447806Z [  38% ] [90m[1mupdate_scripts_classes[22m | [39m[0m
2026-10-09T11:39:22.9447957Z [  38% ] [90m[1mupdate_scripts_classes[22m | [39m[0m
2026-10-09T11:39:22.9448109Z [  38% ] [90m[1mupdate_scripts_classes[22m | [39m[0m
2026-10-09T11:39:22.9448362Z [  38% ] [90m[1mupdate_scripts_classes[22m | [39m[0m
2026-10-09T11:39:22.9448510Z [  38% ] [90m[1mupdate_scripts_classes[22m | [39m[0m
2026-10-09T11:39:22.9448663Z [  38% ] [90m[1mupdate_scripts_classes[22m | [39m[0m
2026-10-09T11:39:22.9448816Z [  38% ] [90m[1mupdate_scripts_classes[22m | [39m[0m
2026-10-09T11:39:22.9448965Z [  38% ] [90m[1mupdate_scripts_classes[22m | [39m[0m
2026-10-09T11:39:22.9449119Z [  38% ] [90m[1mupdate_scripts_classes[22m | [39m[0m
2026-10-09T11:39:22.9449270Z [  38% ] [90m[1mupdate_scripts_classes[22m | [39m[0m
2026-10-09T11:39:22.9449422Z [  38% ] [90m[1mupdate_scripts_classes[22m | [39m[0m
2026-10-09T11:39:22.9449571Z [  38% ] [90m[1mupdate_scripts_classes[22m | [39m[0m
2026-10-09T11:39:22.9449726Z [  38% ] [90m[1mupdate_scripts_classes[22m | [39m[0m
2026-10-09T11:39:22.9449878Z [  38% ] [90m[1mupdate_scripts_classes[22m | [39m[0m
2026-10-09T11:39:22.9450030Z [  38% ] [90m[1mupdate_scripts_classes[22m | [39m[0m
2026-10-09T11:39:22.9450186Z [  38% ] [90m[1mupdate_scripts_classes[22m | [39m[0m
2026-10-09T11:39:22.9450339Z [  38% ] [90m[1mupdate_scripts_classes[22m | [39m[0m
2026-10-09T11:39:22.9450492Z [  38% ] [90m[1mupdate_scripts_classes[22m | [39m[0m
2026-10-09T11:39:22.9450640Z [  38% ] [90m[1mupdate_scripts_classes[22m | [39m[0m
2026-10-09T11:39:22.9450791Z [  38% ] [90m[1mupdate_scripts_classes[22m | [39m[0m
2026-10-09T11:39:22.9450943Z [  39% ] [90m[1mupdate_scripts_classes[22m | [39m[0m
2026-10-09T11:39:22.9451092Z [  39% ] [90m[1mupdate_scripts_classes[22m | [39m[0m
2026-10-09T11:39:22.9451244Z [  39% ] [90m[1mupdate_scripts_classes[22m | [39m[0m
2026-10-09T11:39:22.9451397Z [  39% ] [90m[1mupdate_scripts_classes[22m | [39m[0m
2026-10-09T11:39:22.9451550Z [  39% ] [90m[1mupdate_scripts_classes[22m | [39m[0m
2026-10-09T11:39:22.9451700Z [  39% ] [90m[1mupdate_scripts_classes[22m | [39m[0m
2026-10-09T11:39:22.9451855Z [  39% ] [90m[1mupdate_scripts_classes[22m | [39m[0m
2026-10-09T11:39:22.9452007Z [  39% ] [90m[1mupdate_scripts_classes[22m | [39m[0m
2026-10-09T11:39:22.9452157Z [  39% ] [90m[1mupdate_scripts_classes[22m | [39m[0m
2026-10-09T11:39:22.9452309Z [  39% ] [90m[1mupdate_scripts_classes[22m | [39m[0m
2026-10-09T11:39:22.9452462Z [  39% ] [90m[1mupdate_scripts_classes[22m | [39m[0m
2026-10-09T11:39:22.9452615Z [  39% ] [90m[1mupdate_scripts_classes[22m | [39m[0m
2026-10-09T11:39:22.9452763Z [  39% ] [90m[1mupdate_scripts_classes[22m | [39m[0m
2026-10-09T11:39:22.9452916Z [  39% ] [90m[1mupdate_scripts_classes[22m | [39m[0m
2026-10-09T11:39:22.9453067Z [  39% ] [90m[1mupdate_scripts_classes[22m | [39m[0m
2026-10-09T11:39:22.9453215Z [  39% ] [90m[1mupdate_scripts_classes[22m | [39m[0m
2026-10-09T11:39:22.9453366Z [  39% ] [90m[1mupdate_scripts_classes[22m | [39m[0m
2026-10-09T11:39:22.9453518Z [  39% ] [90m[1mupdate_scripts_classes[22m | [39m[0m
2026-10-09T11:39:22.9453771Z [  39% ] [90m[1mupdate_scripts_classes[22m | [39m[0m
2026-10-09T11:39:22.9453919Z [  39% ] [90m[1mupdate_scripts_classes[22m | [39m[0m
2026-10-09T11:39:22.9454071Z [  39% ] [90m[1mupdate_scripts_classes[22m | [39m[0m
2026-10-09T11:39:22.9454226Z [  39% ] [90m[1mupdate_scripts_classes[22m | [39m[0m
2026-10-09T11:39:22.9454376Z [  39% ] [90m[1mupdate_scripts_classes[22m | [39m[0m
2026-10-09T11:39:22.9454529Z [  39% ] [90m[1mupdate_scripts_classes[22m | [39m[0m
2026-10-09T11:39:22.9454680Z [  39% ] [90m[1mupdate_scripts_classes[22m | [39m[0m
2026-10-09T11:39:22.9454833Z [  39% ] [90m[1mupdate_scripts_classes[22m | [39m[0m
2026-10-09T11:39:22.9454985Z [  39% ] [90m[1mupdate_scripts_classes[22m | [39m[0m
2026-10-09T11:39:22.9455137Z [  39% ] [90m[1mupdate_scripts_classes[22m | [39m[0m
2026-10-09T11:39:22.9455289Z [  39% ] [90m[1mupdate_scripts_classes[22m | [39m[0m
2026-10-09T11:39:22.9455440Z [  39% ] [90m[1mupdate_scripts_classes[22m | [39m[0m
2026-10-09T11:39:22.9455659Z [  39% ] [90m[1mupdate_scripts_classes[22m | [39m[0m
2026-10-09T11:39:22.9455810Z [  40% ] [90m[1mupdate_scripts_classes[22m | [39m[0m
2026-10-09T11:39:22.9455963Z [  40% ] [90m[1mupdate_scripts_classes[22m | [39m[0m
2026-10-09T11:39:22.9456112Z [  40% ] [90m[1mupdate_scripts_classes[22m | [39m[0m
2026-10-09T11:39:22.9456263Z [  40% ] [90m[1mupdate_scripts_classes[22m | [39m[0m
2026-10-09T11:39:22.9456415Z [  40% ] [90m[1mupdate_scripts_classes[22m | [39m[0m
2026-10-09T11:39:22.9456565Z [  40% ] [90m[1mupdate_scripts_classes[22m | [39m[0m
2026-10-09T11:39:22.9456813Z [  40% ] [90m[1mupdate_scripts_classes[22m | [39m[0m
2026-10-09T11:39:22.9456965Z [  40% ] [90m[1mupdate_scripts_classes[22m | [39m[0m
2026-10-09T11:39:22.9457117Z [  40% ] [90m[1mupdate_scripts_classes[22m | [39m[0m
2026-10-09T11:39:22.9457266Z [  40% ] [90m[1mupdate_scripts_classes[22m | [39m[0m
2026-10-09T11:39:22.9457420Z [  40% ] [90m[1mupdate_scripts_classes[22m | [39m[0m
2026-10-09T11:39:22.9457578Z [  40% ] [90m[1mupdate_scripts_classes[22m | [39m[0m
2026-10-09T11:39:22.9457727Z [  40% ] [90m[1mupdate_scripts_classes[22m | [39m[0m
2026-10-09T11:39:22.9457881Z [  40% ] [90m[1mupdate_scripts_classes[22m | [39m[0m
2026-10-09T11:39:22.9458031Z [  40% ] [90m[1mupdate_scripts_classes[22m | [39m[0m
2026-10-09T11:39:22.9458182Z [  40% ] [90m[1mupdate_scripts_classes[22m | [39m[0m
2026-10-09T11:39:22.9458331Z [  40% ] [90m[1mupdate_scripts_classes[22m | [39m[0m
2026-10-09T11:39:22.9458484Z [  40% ] [90m[1mupdate_scripts_classes[22m | [39m[0m
2026-10-09T11:39:22.9458636Z [  40% ] [90m[1mupdate_scripts_classes[22m | [39m[0m
2026-10-09T11:39:22.9458786Z [  40% ] [90m[1mupdate_scripts_classes[22m | [39m[0m
2026-10-09T11:39:22.9458939Z [  40% ] [90m[1mupdate_scripts_classes[22m | [39m[0m
2026-10-09T11:39:22.9459090Z [  40% ] [90m[1mupdate_scripts_classes[22m | [39m[0m
2026-10-09T11:39:22.9459245Z [  40% ] [90m[1mupdate_scripts_classes[22m | [39m[0m
2026-10-09T11:39:22.9459393Z [  40% ] [90m[1mupdate_scripts_classes[22m | [39m[0m
2026-10-09T11:39:22.9459545Z [  40% ] [90m[1mupdate_scripts_classes[22m | [39m[0m
2026-10-09T11:39:22.9459699Z [  40% ] [90m[1mupdate_scripts_classes[22m | [39m[0m
2026-10-09T11:39:22.9459848Z [  40% ] [90m[1mupdate_scripts_classes[22m | [39m[0m
2026-10-09T11:39:22.9459999Z [  40% ] [90m[1mupdate_scripts_classes[22m | [39m[0m
2026-10-09T11:39:22.9460151Z [  40% ] [90m[1mupdate_scripts_classes[22m | [39m[0m
2026-10-09T11:39:22.9460305Z [  40% ] [90m[1mupdate_scripts_classes[22m | [39m[0m
2026-10-09T11:39:22.9460452Z [  40% ] [90m[1mupdate_scripts_classes[22m | [39m[0m
2026-10-09T11:39:22.9460605Z [  41% ] [90m[1mupdate_scripts_classes[22m | [39m[0m
2026-10-09T11:39:22.9460756Z [  41% ] [90m[1mupdate_scripts_classes[22m | [39m[0m
2026-10-09T11:39:22.9460904Z [  41% ] [90m[1mupdate_scripts_classes[22m | [39m[0m
2026-10-09T11:39:22.9461160Z [  41% ] [90m[1mupdate_scripts_classes[22m | [39m[0m
2026-10-09T11:39:22.9461313Z [  41% ] [90m[1mupdate_scripts_classes[22m | [39m[0m
2026-10-09T11:39:22.9461463Z [  41% ] [90m[1mupdate_scripts_classes[22m | [39m[0m
2026-10-09T11:39:22.9461612Z [  41% ] [90m[1mupdate_scripts_classes[22m | [39m[0m
2026-10-09T11:39:22.9461762Z [  41% ] [90m[1mupdate_scripts_classes[22m | [39m[0m
2026-10-09T11:39:22.9461913Z [  41% ] [90m[1mupdate_scripts_classes[22m | [39m[0m
2026-10-09T11:39:22.9462060Z [  41% ] [90m[1mupdate_scripts_classes[22m | [39m[0m
2026-10-09T11:39:22.9462215Z [  41% ] [90m[1mupdate_scripts_classes[22m | [39m[0m
2026-10-09T11:39:22.9462367Z [  41% ] [90m[1mupdate_scripts_classes[22m | [39m[0m
2026-10-09T11:39:22.9462518Z [  41% ] [90m[1mupdate_scripts_classes[22m | [39m[0m
2026-10-09T11:39:22.9462666Z [  41% ] [90m[1mupdate_scripts_classes[22m | [39m[0m
2026-10-09T11:39:22.9462818Z [  41% ] [90m[1mupdate_scripts_classes[22m | [39m[0m
2026-10-09T11:39:22.9463062Z [  41% ] [90m[1mupdate_scripts_classes[22m | [39m[0m
2026-10-09T11:39:22.9463211Z [  41% ] [90m[1mupdate_scripts_classes[22m | [39m[0m
2026-10-09T11:39:22.9463362Z [  41% ] [90m[1mupdate_scripts_classes[22m | [39m[0m
2026-10-09T11:39:22.9463515Z [  41% ] [90m[1mupdate_scripts_classes[22m | [39m[0m
2026-10-09T11:39:22.9463667Z [  41% ] [90m[1mupdate_scripts_classes[22m | [39m[0m
2026-10-09T11:39:22.9463816Z [  41% ] [90m[1mupdate_scripts_classes[22m | [39m[0m
2026-10-09T11:39:22.9463967Z [  41% ] [90m[1mupdate_scripts_classes[22m | [39m[0m
2026-10-09T11:39:22.9464119Z [  41% ] [90m[1mupdate_scripts_classes[22m | [39m[0m
2026-10-09T11:39:22.9464269Z [  41% ] [90m[1mupdate_scripts_classes[22m | [39m[0m
2026-10-09T11:39:22.9464423Z [  41% ] [90m[1mupdate_scripts_classes[22m | [39m[0m
2026-10-09T11:39:22.9464576Z [  41% ] [90m[1mupdate_scripts_classes[22m | [39m[0m
2026-10-09T11:39:22.9464727Z [  41% ] [90m[1mupdate_scripts_classes[22m | [39m[0m
2026-10-09T11:39:22.9464880Z [  41% ] [90m[1mupdate_scripts_classes[22m | [39m[0m
2026-10-09T11:39:22.9465032Z [  41% ] [90m[1mupdate_scripts_classes[22m | [39m[0m
2026-10-09T11:39:22.9465187Z [  41% ] [90m[1mupdate_scripts_classes[22m | [39m[0m
2026-10-09T11:39:22.9465336Z [  41% ] [90m[1mupdate_scripts_classes[22m | [39m[0m
2026-10-09T11:39:22.9465489Z [  42% ] [90m[1mupdate_scripts_classes[22m | [39m[0m
2026-10-09T11:39:22.9465639Z [  42% ] [90m[1mupdate_scripts_classes[22m | [39m[0m
2026-10-09T11:39:22.9465789Z [  42% ] [90m[1mupdate_scripts_classes[22m | [39m[0m
2026-10-09T11:39:22.9465938Z [  42% ] [90m[1mupdate_scripts_classes[22m | [39m[0m
2026-10-09T11:39:22.9466087Z [  42% ] [90m[1mupdate_scripts_classes[22m | [39m[0m
2026-10-09T11:39:22.9466239Z [  42% ] [90m[1mupdate_scripts_classes[22m | [39m[0m
2026-10-09T11:39:22.9466388Z [  42% ] [90m[1mupdate_scripts_classes[22m | [39m[0m
2026-10-09T11:39:22.9466542Z [  42% ] [90m[1mupdate_scripts_classes[22m | [39m[0m
2026-10-09T11:39:22.9466788Z [  42% ] [90m[1mupdate_scripts_classes[22m | [39m[0m
2026-10-09T11:39:22.9466942Z [  42% ] [90m[1mupdate_scripts_classes[22m | [39m[0m
2026-10-09T11:39:22.9467089Z [  42% ] [90m[1mupdate_scripts_classes[22m | [39m[0m
2026-10-09T11:39:22.9467240Z [  42% ] [90m[1mupdate_scripts_classes[22m | [39m[0m
2026-10-09T11:39:22.9467392Z [  42% ] [90m[1mupdate_scripts_classes[22m | [39m[0m
2026-10-09T11:39:22.9467571Z [  42% ] [90m[1mupdate_scripts_classes[22m | TestCase[39m[0m
2026-10-09T11:39:22.9467724Z [  42% ] [90m[1mupdate_scripts_classes[22m | [39m[0m
2026-10-09T11:39:22.9467878Z [  42% ] [90m[1mupdate_scripts_classes[22m | [39m[0m
2026-10-09T11:39:22.9468030Z [  42% ] [90m[1mupdate_scripts_classes[22m | [39m[0m
2026-10-09T11:39:22.9468180Z [  42% ] [90m[1mupdate_scripts_classes[22m | [39m[0m
2026-10-09T11:39:22.9468329Z [  42% ] [90m[1mupdate_scripts_classes[22m | [39m[0m
2026-10-09T11:39:22.9468582Z [  42% ] [90m[1mupdate_scripts_classes[22m | [39m[0m
2026-10-09T11:39:22.9468731Z [  42% ] [90m[1mupdate_scripts_classes[22m | [39m[0m
2026-10-09T11:39:22.9468885Z [  42% ] [90m[1mupdate_scripts_classes[22m | [39m[0m
2026-10-09T11:39:22.9469037Z [  42% ] [90m[1mupdate_scripts_classes[22m | [39m[0m
2026-10-09T11:39:22.9469190Z [  42% ] [90m[1mupdate_scripts_classes[22m | [39m[0m
2026-10-09T11:39:22.9469339Z [  42% ] [90m[1mupdate_scripts_classes[22m | [39m[0m
2026-10-09T11:39:22.9469490Z [  42% ] [90m[1mupdate_scripts_classes[22m | [39m[0m
2026-10-09T11:39:22.9469643Z [  42% ] [90m[1mupdate_scripts_classes[22m | [39m[0m
2026-10-09T11:39:22.9469792Z [  42% ] [90m[1mupdate_scripts_classes[22m | [39m[0m
2026-10-09T11:39:22.9469946Z [  42% ] [90m[1mupdate_scripts_classes[22m | [39m[0m
2026-10-09T11:39:22.9470098Z [  42% ] [90m[1mupdate_scripts_classes[22m | [39m[0m
2026-10-09T11:39:22.9470249Z [  42% ] [90m[1mupdate_scripts_classes[22m | [39m[0m
2026-10-09T11:39:22.9470492Z [  43% ] [90m[1mupdate_scripts_classes[22m | [39m[0m
2026-10-09T11:39:22.9470644Z [  43% ] [90m[1mupdate_scripts_classes[22m | [39m[0m
2026-10-09T11:39:22.9470798Z [  43% ] [90m[1mupdate_scripts_classes[22m | [39m[0m
2026-10-09T11:39:22.9470947Z [  43% ] [90m[1mupdate_scripts_classes[22m | [39m[0m
2026-10-09T11:39:22.9471099Z [  43% ] [90m[1mupdate_scripts_classes[22m | [39m[0m
2026-10-09T11:39:22.9471250Z [  43% ] [90m[1mupdate_scripts_classes[22m | [39m[0m
2026-10-09T11:39:22.9471400Z [  43% ] [90m[1mupdate_scripts_classes[22m | [39m[0m
2026-10-09T11:39:22.9471549Z [  43% ] [90m[1mupdate_scripts_classes[22m | [39m[0m
2026-10-09T11:39:22.9471700Z [  43% ] [90m[1mupdate_scripts_classes[22m | [39m[0m
2026-10-09T11:39:22.9471851Z [  43% ] [90m[1mupdate_scripts_classes[22m | [39m[0m
2026-10-09T11:39:22.9472001Z [  43% ] [90m[1mupdate_scripts_classes[22m | [39m[0m
2026-10-09T11:39:22.9472154Z [  43% ] [90m[1mupdate_scripts_classes[22m | [39m[0m
2026-10-09T11:39:22.9472309Z [  43% ] [90m[1mupdate_scripts_classes[22m | [39m[0m
2026-10-09T11:39:22.9472461Z [  43% ] [90m[1mupdate_scripts_classes[22m | [39m[0m
2026-10-09T11:39:22.9472611Z [  43% ] [90m[1mupdate_scripts_classes[22m | [39m[0m
2026-10-09T11:39:22.9472761Z [  43% ] [90m[1mupdate_scripts_classes[22m | [39m[0m
2026-10-09T11:39:22.9472912Z [  43% ] [90m[1mupdate_scripts_classes[22m | [39m[0m
2026-10-09T11:39:22.9473061Z [  43% ] [90m[1mupdate_scripts_classes[22m | [39m[0m
2026-10-09T11:39:22.9473213Z [  43% ] [90m[1mupdate_scripts_classes[22m | [39m[0m
2026-10-09T11:39:22.9473362Z [  43% ] [90m[1mupdate_scripts_classes[22m | [39m[0m
2026-10-09T11:39:22.9473513Z [  43% ] [90m[1mupdate_scripts_classes[22m | [39m[0m
2026-10-09T11:39:22.9473663Z [  43% ] [90m[1mupdate_scripts_classes[22m | [39m[0m
2026-10-09T11:39:22.9473814Z [  43% ] [90m[1mupdate_scripts_classes[22m | [39m[0m
2026-10-09T11:39:22.9473967Z [  43% ] [90m[1mupdate_scripts_classes[22m | [39m[0m
2026-10-09T11:39:22.9474119Z [  43% ] [90m[1mupdate_scripts_classes[22m | [39m[0m
2026-10-09T11:39:22.9474270Z [  43% ] [90m[1mupdate_scripts_classes[22m | [39m[0m
2026-10-09T11:39:22.9474424Z [  43% ] [90m[1mupdate_scripts_classes[22m | [39m[0m
2026-10-09T11:39:22.9474578Z [  43% ] [90m[1mupdate_scripts_classes[22m | [39m[0m
2026-10-09T11:39:22.9474729Z [  43% ] [90m[1mupdate_scripts_classes[22m | [39m[0m
2026-10-09T11:39:22.9474880Z [  43% ] [90m[1mupdate_scripts_classes[22m | [39m[0m
2026-10-09T11:39:22.9475032Z [  43% ] [90m[1mupdate_scripts_classes[22m | [39m[0m
2026-10-09T11:39:22.9475179Z [  44% ] [90m[1mupdate_scripts_classes[22m | [39m[0m
2026-10-09T11:39:22.9475331Z [  44% ] [90m[1mupdate_scripts_classes[22m | [39m[0m
2026-10-09T11:39:22.9475482Z [  44% ] [90m[1mupdate_scripts_classes[22m | [39m[0m
2026-10-09T11:39:22.9475636Z [  44% ] [90m[1mupdate_scripts_classes[22m | [39m[0m
2026-10-09T11:39:22.9475854Z [  44% ] [90m[1mupdate_scripts_classes[22m | [39m[0m
2026-10-09T11:39:22.9476007Z [  44% ] [90m[1mupdate_scripts_classes[22m | [39m[0m
2026-10-09T11:39:22.9476159Z [  44% ] [90m[1mupdate_scripts_classes[22m | [39m[0m
2026-10-09T11:39:22.9476308Z [  44% ] [90m[1mupdate_scripts_classes[22m | [39m[0m
2026-10-09T11:39:22.9476462Z [  44% ] [90m[1mupdate_scripts_classes[22m | [39m[0m
2026-10-09T11:39:22.9476703Z [  44% ] [90m[1mupdate_scripts_classes[22m | [39m[0m
2026-10-09T11:39:22.9476855Z [  44% ] [90m[1mupdate_scripts_classes[22m | [39m[0m
2026-10-09T11:39:22.9477007Z [  44% ] [90m[1mupdate_scripts_classes[22m | [39m[0m
2026-10-09T11:39:22.9477159Z [  44% ] [90m[1mupdate_scripts_classes[22m | [39m[0m
2026-10-09T11:39:22.9477311Z [  44% ] [90m[1mupdate_scripts_classes[22m | [39m[0m
2026-10-09T11:39:22.9477460Z [  44% ] [90m[1mupdate_scripts_classes[22m | [39m[0m
2026-10-09T11:39:22.9477612Z [  44% ] [90m[1mupdate_scripts_classes[22m | [39m[0m
2026-10-09T11:39:22.9477860Z [  44% ] [90m[1mupdate_scripts_classes[22m | [39m[0m
2026-10-09T11:39:22.9478011Z [  44% ] [90m[1mupdate_scripts_classes[22m | [39m[0m
2026-10-09T11:39:22.9478161Z [  44% ] [90m[1mupdate_scripts_classes[22m | [39m[0m
2026-10-09T11:39:22.9478312Z [  44% ] [90m[1mupdate_scripts_classes[22m | [39m[0m
2026-10-09T11:39:22.9478463Z [  44% ] [90m[1mupdate_scripts_classes[22m | [39m[0m
2026-10-09T11:39:22.9478614Z [  44% ] [90m[1mupdate_scripts_classes[22m | [39m[0m
2026-10-09T11:39:22.9478769Z [  44% ] [90m[1mupdate_scripts_classes[22m | [39m[0m
2026-10-09T11:39:22.9478920Z [  44% ] [90m[1mupdate_scripts_classes[22m | [39m[0m
2026-10-09T11:39:22.9479071Z [  44% ] [90m[1mupdate_scripts_classes[22m | [39m[0m
2026-10-09T11:39:22.9479259Z [  44% ] [90m[1mupdate_scripts_classes[22m | [39m[0m
2026-10-09T11:39:22.9479411Z [  44% ] [90m[1mupdate_scripts_classes[22m | [39m[0m
2026-10-09T11:39:22.9479561Z [  44% ] [90m[1mupdate_scripts_classes[22m | [39m[0m
2026-10-09T11:39:22.9479715Z [  44% ] [90m[1mupdate_scripts_classes[22m | [39m[0m
2026-10-09T11:39:22.9479867Z [  44% ] [90m[1mupdate_scripts_classes[22m | [39m[0m
2026-10-09T11:39:22.9480016Z [  44% ] [90m[1mupdate_scripts_classes[22m | [39m[0m
2026-10-09T11:39:22.9480166Z [  45% ] [90m[1mupdate_scripts_classes[22m | [39m[0m
2026-10-09T11:39:22.9480316Z [  45% ] [90m[1mupdate_scripts_classes[22m | [39m[0m
2026-10-09T11:39:22.9480467Z [  45% ] [90m[1mupdate_scripts_classes[22m | [39m[0m
2026-10-09T11:39:22.9480619Z [  45% ] [90m[1mupdate_scripts_classes[22m | [39m[0m
2026-10-09T11:39:22.9480767Z [  45% ] [90m[1mupdate_scripts_classes[22m | [39m[0m
2026-10-09T11:39:22.9480919Z [  45% ] [90m[1mupdate_scripts_classes[22m | [39m[0m
2026-10-09T11:39:22.9481071Z [  45% ] [90m[1mupdate_scripts_classes[22m | [39m[0m
2026-10-09T11:39:22.9481222Z [  45% ] [90m[1mupdate_scripts_classes[22m | [39m[0m
2026-10-09T11:39:22.9481373Z [  45% ] [90m[1mupdate_scripts_classes[22m | [39m[0m
2026-10-09T11:39:22.9481526Z [  45% ] [90m[1mupdate_scripts_classes[22m | [39m[0m
2026-10-09T11:39:22.9481677Z [  45% ] [90m[1mupdate_scripts_classes[22m | [39m[0m
2026-10-09T11:39:22.9481826Z [  45% ] [90m[1mupdate_scripts_classes[22m | [39m[0m
2026-10-09T11:39:22.9481977Z [  45% ] [90m[1mupdate_scripts_classes[22m | [39m[0m
2026-10-09T11:39:22.9482129Z [  45% ] [90m[1mupdate_scripts_classes[22m | [39m[0m
2026-10-09T11:39:22.9482282Z [  45% ] [90m[1mupdate_scripts_classes[22m | [39m[0m
2026-10-09T11:39:22.9482431Z [  45% ] [90m[1mupdate_scripts_classes[22m | [39m[0m
2026-10-09T11:39:22.9482582Z [  45% ] [90m[1mupdate_scripts_classes[22m | [39m[0m
2026-10-09T11:39:22.9482733Z [  45% ] [90m[1mupdate_scripts_classes[22m | [39m[0m
2026-10-09T11:39:22.9482882Z [  45% ] [90m[1mupdate_scripts_classes[22m | [39m[0m
2026-10-09T11:39:22.9483033Z [  45% ] [90m[1mupdate_scripts_classes[22m | [39m[0m
2026-10-09T11:39:22.9483284Z [  45% ] [90m[1mupdate_scripts_classes[22m | [39m[0m
2026-10-09T11:39:22.9483435Z [  45% ] [90m[1mupdate_scripts_classes[22m | [39m[0m
2026-10-09T11:39:22.9483585Z [  45% ] [90m[1mupdate_scripts_classes[22m | [39m[0m
2026-10-09T11:39:22.9483735Z [  45% ] [90m[1mupdate_scripts_classes[22m | [39m[0m
2026-10-09T11:39:22.9483887Z [  45% ] [90m[1mupdate_scripts_classes[22m | [39m[0m
2026-10-09T11:39:22.9484035Z [  45% ] [90m[1mupdate_scripts_classes[22m | [39m[0m
2026-10-09T11:39:22.9484187Z [  45% ] [90m[1mupdate_scripts_classes[22m | [39m[0m
2026-10-09T11:39:22.9484338Z [  45% ] [90m[1mupdate_scripts_classes[22m | [39m[0m
2026-10-09T11:39:22.9484489Z [  45% ] [90m[1mupdate_scripts_classes[22m | [39m[0m
2026-10-09T11:39:22.9484637Z [  45% ] [90m[1mupdate_scripts_classes[22m | [39m[0m
2026-10-09T11:39:22.9484789Z [  45% ] [90m[1mupdate_scripts_classes[22m | [39m[0m
2026-10-09T11:39:22.9484940Z [  46% ] [90m[1mupdate_scripts_classes[22m | [39m[0m
2026-10-09T11:39:22.9485155Z [  46% ] [90m[1mupdate_scripts_classes[22m | [39m[0m
2026-10-09T11:39:22.9485307Z [  46% ] [90m[1mupdate_scripts_classes[22m | [39m[0m
2026-10-09T11:39:22.9485459Z [  46% ] [90m[1mupdate_scripts_classes[22m | [39m[0m
2026-10-09T11:39:22.9485613Z [  46% ] [90m[1mupdate_scripts_classes[22m | [39m[0m
2026-10-09T11:39:22.9485762Z [  46% ] [90m[1mupdate_scripts_classes[22m | [39m[0m
2026-10-09T11:39:22.9485914Z [  46% ] [90m[1mupdate_scripts_classes[22m | [39m[0m
2026-10-09T11:39:22.9486069Z [  46% ] [90m[1mupdate_scripts_classes[22m | [39m[0m
2026-10-09T11:39:22.9486219Z [  46% ] [90m[1mupdate_scripts_classes[22m | [39m[0m
2026-10-09T11:39:22.9486374Z [  46% ] [90m[1mupdate_scripts_classes[22m | [39m[0m
2026-10-09T11:39:22.9486526Z [  46% ] [90m[1mupdate_scripts_classes[22m | [39m[0m
2026-10-09T11:39:22.9486772Z [  46% ] [90m[1mupdate_scripts_classes[22m | [39m[0m
2026-10-09T11:39:22.9486923Z [  46% ] [90m[1mupdate_scripts_classes[22m | [39m[0m
2026-10-09T11:39:22.9487079Z [  46% ] [90m[1mupdate_scripts_classes[22m | [39m[0m
2026-10-09T11:39:22.9487231Z [  46% ] [90m[1mupdate_scripts_classes[22m | [39m[0m
2026-10-09T11:39:22.9487379Z [  46% ] [90m[1mupdate_scripts_classes[22m | [39m[0m
2026-10-09T11:39:22.9487532Z [  46% ] [90m[1mupdate_scripts_classes[22m | [39m[0m
2026-10-09T11:39:22.9487684Z [  46% ] [90m[1mupdate_scripts_classes[22m | [39m[0m
2026-10-09T11:39:22.9487836Z [  46% ] [90m[1mupdate_scripts_classes[22m | [39m[0m
2026-10-09T11:39:22.9487985Z [  46% ] [90m[1mupdate_scripts_classes[22m | [39m[0m
2026-10-09T11:39:22.9488136Z [  46% ] [90m[1mupdate_scripts_classes[22m | [39m[0m
2026-10-09T11:39:22.9488288Z [  46% ] [90m[1mupdate_scripts_classes[22m | [39m[0m
2026-10-09T11:39:22.9488437Z [  46% ] [90m[1mupdate_scripts_classes[22m | [39m[0m
2026-10-09T11:39:22.9488589Z [  46% ] [90m[1mupdate_scripts_classes[22m | [39m[0m
2026-10-09T11:39:22.9488742Z [  46% ] [90m[1mupdate_scripts_classes[22m | [39m[0m
2026-10-09T11:39:22.9488897Z [  46% ] [90m[1mupdate_scripts_classes[22m | [39m[0m
2026-10-09T11:39:22.9489045Z [  46% ] [90m[1mupdate_scripts_classes[22m | [39m[0m
2026-10-09T11:39:22.9489197Z [  46% ] [90m[1mupdate_scripts_classes[22m | [39m[0m
2026-10-09T11:39:22.9489348Z [  46% ] [90m[1mupdate_scripts_classes[22m | [39m[0m
2026-10-09T11:39:22.9489496Z [  46% ] [90m[1mupdate_scripts_classes[22m | [39m[0m
2026-10-09T11:39:22.9489647Z [  46% ] [90m[1mupdate_scripts_classes[22m | [39m[0m
2026-10-09T11:39:22.9489799Z [  47% ] [90m[1mupdate_scripts_classes[22m | [39m[0m
2026-10-09T11:39:22.9489951Z [  47% ] [90m[1mupdate_scripts_classes[22m | [39m[0m
2026-10-09T11:39:22.9490101Z [  47% ] [90m[1mupdate_scripts_classes[22m | [39m[0m
2026-10-09T11:39:22.9490253Z [  47% ] [90m[1mupdate_scripts_classes[22m | [39m[0m
2026-10-09T11:39:22.9490406Z [  47% ] [90m[1mupdate_scripts_classes[22m | [39m[0m
2026-10-09T11:39:22.9490659Z [  47% ] [90m[1mupdate_scripts_classes[22m | [39m[0m
2026-10-09T11:39:22.9490812Z [  47% ] [90m[1mupdate_scripts_classes[22m | [39m[0m
2026-10-09T11:39:22.9490964Z [  47% ] [90m[1mupdate_scripts_classes[22m | [39m[0m
2026-10-09T11:39:22.9491117Z [  47% ] [90m[1mupdate_scripts_classes[22m | [39m[0m
2026-10-09T11:39:22.9491266Z [  47% ] [90m[1mupdate_scripts_classes[22m | [39m[0m
2026-10-09T11:39:22.9491418Z [  47% ] [90m[1mupdate_scripts_classes[22m | [39m[0m
2026-10-09T11:39:22.9491569Z [  47% ] [90m[1mupdate_scripts_classes[22m | [39m[0m
2026-10-09T11:39:22.9491718Z [  47% ] [90m[1mupdate_scripts_classes[22m | [39m[0m
2026-10-09T11:39:22.9491869Z [  47% ] [90m[1mupdate_scripts_classes[22m | [39m[0m
2026-10-09T11:39:22.9492019Z [  47% ] [90m[1mupdate_scripts_classes[22m | [39m[0m
2026-10-09T11:39:22.9492169Z [  47% ] [90m[1mupdate_scripts_classes[22m | [39m[0m
2026-10-09T11:39:22.9492320Z [  47% ] [90m[1mupdate_scripts_classes[22m | [39m[0m
2026-10-09T11:39:22.9492574Z [  47% ] [90m[1mupdate_scripts_classes[22m | [39m[0m
2026-10-09T11:39:22.9492726Z [  47% ] [90m[1mupdate_scripts_classes[22m | [39m[0m
2026-10-09T11:39:22.9492874Z [  47% ] [90m[1mupdate_scripts_classes[22m | [39m[0m
2026-10-09T11:39:22.9493027Z [  47% ] [90m[1mupdate_scripts_classes[22m | [39m[0m
2026-10-09T11:39:22.9493179Z [  47% ] [90m[1mupdate_scripts_classes[22m | [39m[0m
2026-10-09T11:39:22.9493329Z [  47% ] [90m[1mupdate_scripts_classes[22m | [39m[0m
2026-10-09T11:39:22.9493477Z [  47% ] [90m[1mupdate_scripts_classes[22m | [39m[0m
2026-10-09T11:39:22.9493630Z [  47% ] [90m[1mupdate_scripts_classes[22m | [39m[0m
2026-10-09T11:39:22.9493781Z [  47% ] [90m[1mupdate_scripts_classes[22m | [39m[0m
2026-10-09T11:39:22.9493930Z [  47% ] [90m[1mupdate_scripts_classes[22m | [39m[0m
2026-10-09T11:39:22.9494082Z [  47% ] [90m[1mupdate_scripts_classes[22m | [39m[0m
2026-10-09T11:39:22.9494234Z [  47% ] [90m[1mupdate_scripts_classes[22m | [39m[0m
2026-10-09T11:39:22.9494390Z [  47% ] [90m[1mupdate_scripts_classes[22m | [39m[0m
2026-10-09T11:39:22.9494540Z [  47% ] [90m[1mupdate_scripts_classes[22m | [39m[0m
2026-10-09T11:39:22.9494690Z [  48% ] [90m[1mupdate_scripts_classes[22m | [39m[0m
2026-10-09T11:39:22.9494842Z [  48% ] [90m[1mupdate_scripts_classes[22m | [39m[0m
2026-10-09T11:39:22.9494991Z [  48% ] [90m[1mupdate_scripts_classes[22m | [39m[0m
2026-10-09T11:39:22.9495143Z [  48% ] [90m[1mupdate_scripts_classes[22m | [39m[0m
2026-10-09T11:39:22.9495294Z [  48% ] [90m[1mupdate_scripts_classes[22m | [39m[0m
2026-10-09T11:39:22.9495445Z [  48% ] [90m[1mupdate_scripts_classes[22m | [39m[0m
2026-10-09T11:39:22.9495595Z [  48% ] [90m[1mupdate_scripts_classes[22m | [39m[0m
2026-10-09T11:39:22.9495749Z [  48% ] [90m[1mupdate_scripts_classes[22m | [39m[0m
2026-10-09T11:39:22.9495902Z [  48% ] [90m[1mupdate_scripts_classes[22m | [39m[0m
2026-10-09T11:39:22.9496051Z [  48% ] [90m[1mupdate_scripts_classes[22m | [39m[0m
2026-10-09T11:39:22.9496205Z [  48% ] [90m[1mupdate_scripts_classes[22m | [39m[0m
2026-10-09T11:39:22.9496357Z [  48% ] [90m[1mupdate_scripts_classes[22m | [39m[0m
2026-10-09T11:39:22.9496509Z [  48% ] [90m[1mupdate_scripts_classes[22m | [39m[0m
2026-10-09T11:39:22.9496773Z [  48% ] [90m[1mupdate_scripts_classes[22m | [39m[0m
2026-10-09T11:39:22.9496925Z [  48% ] [90m[1mupdate_scripts_classes[22m | [39m[0m
2026-10-09T11:39:22.9497077Z [  48% ] [90m[1mupdate_scripts_classes[22m | [39m[0m
2026-10-09T11:39:22.9497226Z [  48% ] [90m[1mupdate_scripts_classes[22m | [39m[0m
2026-10-09T11:39:22.9497380Z [  48% ] [90m[1mupdate_scripts_classes[22m | [39m[0m
2026-10-09T11:39:22.9497532Z [  48% ] [90m[1mupdate_scripts_classes[22m | [39m[0m
2026-10-09T11:39:22.9497683Z [  48% ] [90m[1mupdate_scripts_classes[22m | [39m[0m
2026-10-09T11:39:22.9497831Z [  48% ] [90m[1mupdate_scripts_classes[22m | [39m[0m
2026-10-09T11:39:22.9497983Z [  48% ] [90m[1mupdate_scripts_classes[22m | [39m[0m
2026-10-09T11:39:22.9498236Z [  48% ] [90m[1mupdate_scripts_classes[22m | [39m[0m
2026-10-09T11:39:22.9498387Z [  48% ] [90m[1mupdate_scripts_classes[22m | [39m[0m
2026-10-09T11:39:22.9498539Z [  48% ] [90m[1mupdate_scripts_classes[22m | [39m[0m
2026-10-09T11:39:22.9498690Z [  48% ] [90m[1mupdate_scripts_classes[22m | [39m[0m
2026-10-09T11:39:22.9498840Z [  48% ] [90m[1mupdate_scripts_classes[22m | [39m[0m
2026-10-09T11:39:22.9498989Z [  48% ] [90m[1mupdate_scripts_classes[22m | [39m[0m
2026-10-09T11:39:22.9499141Z [  48% ] [90m[1mupdate_scripts_classes[22m | [39m[0m
2026-10-09T11:39:22.9499291Z [  48% ] [90m[1mupdate_scripts_classes[22m | [39m[0m
2026-10-09T11:39:22.9499439Z [  48% ] [90m[1mupdate_scripts_classes[22m | [39m[0m
2026-10-09T11:39:22.9499591Z [  49% ] [90m[1mupdate_scripts_classes[22m | [39m[0m
2026-10-09T11:39:22.9499742Z [  49% ] [90m[1mupdate_scripts_classes[22m | [39m[0m
2026-10-09T11:39:22.9500033Z [  49% ] [90m[1mupdate_scripts_classes[22m | [39m[0m
2026-10-09T11:39:22.9500182Z [  49% ] [90m[1mupdate_scripts_classes[22m | [39m[0m
2026-10-09T11:39:22.9500334Z [  49% ] [90m[1mupdate_scripts_classes[22m | [39m[0m
2026-10-09T11:39:22.9500489Z [  49% ] [90m[1mupdate_scripts_classes[22m | [39m[0m
2026-10-09T11:39:22.9500639Z [  49% ] [90m[1mupdate_scripts_classes[22m | [39m[0m
2026-10-09T11:39:22.9500791Z [  49% ] [90m[1mupdate_scripts_classes[22m | [39m[0m
2026-10-09T11:39:22.9500943Z [  49% ] [90m[1mupdate_scripts_classes[22m | [39m[0m
2026-10-09T11:39:22.9501095Z [  49% ] [90m[1mupdate_scripts_classes[22m | [39m[0m
2026-10-09T11:39:22.9501242Z [  49% ] [90m[1mupdate_scripts_classes[22m | [39m[0m
2026-10-09T11:39:22.9501393Z [  49% ] [90m[1mupdate_scripts_classes[22m | [39m[0m
2026-10-09T11:39:22.9501545Z [  49% ] [90m[1mupdate_scripts_classes[22m | [39m[0m
2026-10-09T11:39:22.9501694Z [  49% ] [90m[1mupdate_scripts_classes[22m | [39m[0m
2026-10-09T11:39:22.9501849Z [  49% ] [90m[1mupdate_scripts_classes[22m | [39m[0m
2026-10-09T11:39:22.9502001Z [  49% ] [90m[1mupdate_scripts_classes[22m | [39m[0m
2026-10-09T11:39:22.9502155Z [  49% ] [90m[1mupdate_scripts_classes[22m | [39m[0m
2026-10-09T11:39:22.9502304Z [  49% ] [90m[1mupdate_scripts_classes[22m | [39m[0m
2026-10-09T11:39:22.9502456Z [  49% ] [90m[1mupdate_scripts_classes[22m | [39m[0m
2026-10-09T11:39:22.9502608Z [  49% ] [90m[1mupdate_scripts_classes[22m | [39m[0m
2026-10-09T11:39:22.9502757Z [  49% ] [90m[1mupdate_scripts_classes[22m | [39m[0m
2026-10-09T11:39:22.9502909Z [  49% ] [90m[1mupdate_scripts_classes[22m | [39m[0m
2026-10-09T11:39:22.9503061Z [  49% ] [90m[1mupdate_scripts_classes[22m | [39m[0m
2026-10-09T11:39:22.9503211Z [  49% ] [90m[1mupdate_scripts_classes[22m | [39m[0m
2026-10-09T11:39:22.9503359Z [  49% ] [90m[1mupdate_scripts_classes[22m | [39m[0m
2026-10-09T11:39:22.9503511Z [  49% ] [90m[1mupdate_scripts_classes[22m | [39m[0m
2026-10-09T11:39:22.9503667Z [  49% ] [90m[1mupdate_scripts_classes[22m | [39m[0m
2026-10-09T11:39:22.9503817Z [  49% ] [90m[1mupdate_scripts_classes[22m | [39m[0m
2026-10-09T11:39:22.9503969Z [  49% ] [90m[1mupdate_scripts_classes[22m | [39m[0m
2026-10-09T11:39:22.9504121Z [  49% ] [90m[1mupdate_scripts_classes[22m | [39m[0m
2026-10-09T11:39:22.9504273Z [  49% ] [90m[1mupdate_scripts_classes[22m | [39m[0m
2026-10-09T11:39:22.9504423Z [  50% ] [90m[1mupdate_scripts_classes[22m | [39m[0m
2026-10-09T11:39:22.9504576Z [  50% ] [90m[1mupdate_scripts_classes[22m | [39m[0m
2026-10-09T11:39:22.9504728Z [  50% ] [90m[1mupdate_scripts_classes[22m | [39m[0m
2026-10-09T11:39:22.9504877Z [  50% ] [90m[1mupdate_scripts_classes[22m | [39m[0m
2026-10-09T11:39:22.9505028Z [  50% ] [90m[1mupdate_scripts_classes[22m | [39m[0m
2026-10-09T11:39:22.9505181Z [  50% ] [90m[1mupdate_scripts_classes[22m | [39m[0m
2026-10-09T11:39:22.9505332Z [  50% ] [90m[1mupdate_scripts_classes[22m | [39m[0m
2026-10-09T11:39:22.9505552Z [  50% ] [90m[1mupdate_scripts_classes[22m | [39m[0m
2026-10-09T11:39:22.9505705Z [  50% ] [90m[1mupdate_scripts_classes[22m | [39m[0m
2026-10-09T11:39:22.9505857Z [  50% ] [90m[1mupdate_scripts_classes[22m | [39m[0m
2026-10-09T11:39:22.9506004Z [  50% ] [90m[1mupdate_scripts_classes[22m | [39m[0m
2026-10-09T11:39:22.9506156Z [  50% ] [90m[1mupdate_scripts_classes[22m | [39m[0m
2026-10-09T11:39:22.9506307Z [  50% ] [90m[1mupdate_scripts_classes[22m | [39m[0m
2026-10-09T11:39:22.9506460Z [  50% ] [90m[1mupdate_scripts_classes[22m | [39m[0m
2026-10-09T11:39:22.9506694Z [  50% ] [90m[1mupdate_scripts_classes[22m | [39m[0m
2026-10-09T11:39:22.9506845Z [  50% ] [90m[1mupdate_scripts_classes[22m | [39m[0m
2026-10-09T11:39:22.9506998Z [  50% ] [90m[1mupdate_scripts_classes[22m | [39m[0m
2026-10-09T11:39:22.9507147Z [  50% ] [90m[1mupdate_scripts_classes[22m | [39m[0m
2026-10-09T11:39:22.9507397Z [  50% ] [90m[1mupdate_scripts_classes[22m | [39m[0m
2026-10-09T11:39:22.9507550Z [  50% ] [90m[1mupdate_scripts_classes[22m | [39m[0m
2026-10-09T11:39:22.9507703Z [  50% ] [90m[1mupdate_scripts_classes[22m | [39m[0m
2026-10-09T11:39:22.9507853Z [  50% ] [90m[1mupdate_scripts_classes[22m | [39m[0m
2026-10-09T11:39:22.9508005Z [  50% ] [90m[1mupdate_scripts_classes[22m | [39m[0m
2026-10-09T11:39:22.9508159Z [  50% ] [90m[1mupdate_scripts_classes[22m | [39m[0m
2026-10-09T11:39:22.9508311Z [  50% ] [90m[1mupdate_scripts_classes[22m | [39m[0m
2026-10-09T11:39:22.9508463Z [  50% ] [90m[1mupdate_scripts_classes[22m | [39m[0m
2026-10-09T11:39:22.9508616Z [  50% ] [90m[1mupdate_scripts_classes[22m | [39m[0m
2026-10-09T11:39:22.9508768Z [  50% ] [90m[1mupdate_scripts_classes[22m | [39m[0m
2026-10-09T11:39:22.9508917Z [  50% ] [90m[1mupdate_scripts_classes[22m | [39m[0m
2026-10-09T11:39:22.9509069Z [  50% ] [90m[1mupdate_scripts_classes[22m | [39m[0m
2026-10-09T11:39:22.9509226Z [  50% ] [90m[1mupdate_scripts_classes[22m | [39m[0m
2026-10-09T11:39:22.9509375Z [  51% ] [90m[1mupdate_scripts_classes[22m | [39m[0m
2026-10-09T11:39:22.9509527Z [  51% ] [90m[1mupdate_scripts_classes[22m | [39m[0m
2026-10-09T11:39:22.9509679Z [  51% ] [90m[1mupdate_scripts_classes[22m | [39m[0m
2026-10-09T11:39:22.9509831Z [  51% ] [90m[1mupdate_scripts_classes[22m | [39m[0m
2026-10-09T11:39:22.9509980Z [  51% ] [90m[1mupdate_scripts_classes[22m | [39m[0m
2026-10-09T11:39:22.9510133Z [  51% ] [90m[1mupdate_scripts_classes[22m | [39m[0m
2026-10-09T11:39:22.9510285Z [  51% ] [90m[1mupdate_scripts_classes[22m | [39m[0m
2026-10-09T11:39:22.9510433Z [  51% ] [90m[1mupdate_scripts_classes[22m | [39m[0m
2026-10-09T11:39:22.9510585Z [  51% ] [90m[1mupdate_scripts_classes[22m | [39m[0m
2026-10-09T11:39:22.9510737Z [  51% ] [90m[1mupdate_scripts_classes[22m | [39m[0m
2026-10-09T11:39:22.9510889Z [  51% ] [90m[1mupdate_scripts_classes[22m | [39m[0m
2026-10-09T11:39:22.9511042Z [  51% ] [90m[1mupdate_scripts_classes[22m | [39m[0m
2026-10-09T11:39:22.9511194Z [  51% ] [90m[1mupdate_scripts_classes[22m | [39m[0m
2026-10-09T11:39:22.9511345Z [  51% ] [90m[1mupdate_scripts_classes[22m | [39m[0m
2026-10-09T11:39:22.9511494Z [  51% ] [90m[1mupdate_scripts_classes[22m | [39m[0m
2026-10-09T11:39:22.9511646Z [  51% ] [90m[1mupdate_scripts_classes[22m | [39m[0m
2026-10-09T11:39:22.9511797Z [  51% ] [90m[1mupdate_scripts_classes[22m | [39m[0m
2026-10-09T11:39:22.9512127Z [  51% ] [90m[1mupdate_scripts_classes[22m | [39m[0m
2026-10-09T11:39:22.9512276Z [  51% ] [90m[1mupdate_scripts_classes[22m | [39m[0m
2026-10-09T11:39:22.9512430Z [  51% ] [90m[1mupdate_scripts_classes[22m | [39m[0m
2026-10-09T11:39:22.9512581Z [  51% ] [90m[1mupdate_scripts_classes[22m | [39m[0m
2026-10-09T11:39:22.9512731Z [  51% ] [90m[1mupdate_scripts_classes[22m | [39m[0m
2026-10-09T11:39:22.9512882Z [  51% ] [90m[1mupdate_scripts_classes[22m | [39m[0m
2026-10-09T11:39:22.9513134Z [  51% ] [90m[1mupdate_scripts_classes[22m | [39m[0m
2026-10-09T11:39:22.9513285Z [  51% ] [90m[1mupdate_scripts_classes[22m | [39m[0m
2026-10-09T11:39:22.9513433Z [  51% ] [90m[1mupdate_scripts_classes[22m | [39m[0m
2026-10-09T11:39:22.9513584Z [  51% ] [90m[1mupdate_scripts_classes[22m | [39m[0m
2026-10-09T11:39:22.9513735Z [  51% ] [90m[1mupdate_scripts_classes[22m | [39m[0m
2026-10-09T11:39:22.9513884Z [  51% ] [90m[1mupdate_scripts_classes[22m | [39m[0m
2026-10-09T11:39:22.9514037Z [  51% ] [90m[1mupdate_scripts_classes[22m | [39m[0m
2026-10-09T11:39:22.9514189Z [  51% ] [90m[1mupdate_scripts_classes[22m | [39m[0m
2026-10-09T11:39:22.9514342Z [  52% ] [90m[1mupdate_scripts_classes[22m | [39m[0m
2026-10-09T11:39:22.9514491Z [  52% ] [90m[1mupdate_scripts_classes[22m | [39m[0m
2026-10-09T11:39:22.9514643Z [  52% ] [90m[1mupdate_scripts_classes[22m | [39m[0m
2026-10-09T11:39:22.9514862Z [  52% ] [90m[1mupdate_scripts_classes[22m | [39m[0m
2026-10-09T11:39:22.9515011Z [  52% ] [90m[1mupdate_scripts_classes[22m | [39m[0m
2026-10-09T11:39:22.9515164Z [  52% ] [90m[1mupdate_scripts_classes[22m | [39m[0m
2026-10-09T11:39:22.9515315Z [  52% ] [90m[1mupdate_scripts_classes[22m | [39m[0m
2026-10-09T11:39:22.9515465Z [  52% ] [90m[1mupdate_scripts_classes[22m | [39m[0m
2026-10-09T11:39:22.9515613Z [  52% ] [90m[1mupdate_scripts_classes[22m | [39m[0m
2026-10-09T11:39:22.9515764Z [  52% ] [90m[1mupdate_scripts_classes[22m | [39m[0m
2026-10-09T11:39:22.9515915Z [  52% ] [90m[1mupdate_scripts_classes[22m | [39m[0m
2026-10-09T11:39:22.9516063Z [  52% ] [90m[1mupdate_scripts_classes[22m | [39m[0m
2026-10-09T11:39:22.9516214Z [  52% ] [90m[1mupdate_scripts_classes[22m | [39m[0m
2026-10-09T11:39:22.9516364Z [  52% ] [90m[1mupdate_scripts_classes[22m | [39m[0m
2026-10-09T11:39:22.9516516Z [  52% ] [90m[1mupdate_scripts_classes[22m | [39m[0m
2026-10-09T11:39:22.9516766Z [  52% ] [90m[1mupdate_scripts_classes[22m | [39m[0m
2026-10-09T11:39:22.9516918Z [  52% ] [90m[1mupdate_scripts_classes[22m | [39m[0m
2026-10-09T11:39:22.9517070Z [  52% ] [90m[1mupdate_scripts_classes[22m | [39m[0m
2026-10-09T11:39:22.9517219Z [  52% ] [90m[1mupdate_scripts_classes[22m | [39m[0m
2026-10-09T11:39:22.9517370Z [  52% ] [90m[1mupdate_scripts_classes[22m | [39m[0m
2026-10-09T11:39:22.9517524Z [  52% ] [90m[1mupdate_scripts_classes[22m | [39m[0m
2026-10-09T11:39:22.9517675Z [  52% ] [90m[1mupdate_scripts_classes[22m | [39m[0m
2026-10-09T11:39:22.9517823Z [  52% ] [90m[1mupdate_scripts_classes[22m | [39m[0m
2026-10-09T11:39:22.9517975Z [  52% ] [90m[1mupdate_scripts_classes[22m | [39m[0m
2026-10-09T11:39:22.9518126Z [  52% ] [90m[1mupdate_scripts_classes[22m | [39m[0m
2026-10-09T11:39:22.9518275Z [  52% ] [90m[1mupdate_scripts_classes[22m | [39m[0m
2026-10-09T11:39:22.9518427Z [  52% ] [90m[1mupdate_scripts_classes[22m | [39m[0m
2026-10-09T11:39:22.9518583Z [  52% ] [90m[1mupdate_scripts_classes[22m | [39m[0m
2026-10-09T11:39:22.9518735Z [  52% ] [90m[1mupdate_scripts_classes[22m | [39m[0m
2026-10-09T11:39:22.9518883Z [  52% ] [90m[1mupdate_scripts_classes[22m | [39m[0m
2026-10-09T11:39:22.9519034Z [  52% ] [90m[1mupdate_scripts_classes[22m | [39m[0m
2026-10-09T11:39:22.9519184Z [  53% ] [90m[1mupdate_scripts_classes[22m | [39m[0m
2026-10-09T11:39:22.9519333Z [  53% ] [90m[1mupdate_scripts_classes[22m | [39m[0m
2026-10-09T11:39:22.9519486Z [  53% ] [90m[1mupdate_scripts_classes[22m | [39m[0m
2026-10-09T11:39:22.9519638Z [  53% ] [90m[1mupdate_scripts_classes[22m | [39m[0m
2026-10-09T11:39:22.9519791Z [  53% ] [90m[1mupdate_scripts_classes[22m | [39m[0m
2026-10-09T11:39:22.9519941Z [  53% ] [90m[1mupdate_scripts_classes[22m | [39m[0m
2026-10-09T11:39:22.9520095Z [  53% ] [90m[1mupdate_scripts_classes[22m | [39m[0m
2026-10-09T11:39:22.9520249Z [  53% ] [90m[1mupdate_scripts_classes[22m | [39m[0m
2026-10-09T11:39:22.9520500Z [  53% ] [90m[1mupdate_scripts_classes[22m | [39m[0m
2026-10-09T11:39:22.9520658Z [  53% ] [90m[1mupdate_scripts_classes[22m | [39m[0m
2026-10-09T11:39:22.9520815Z [  53% ] [90m[1mupdate_scripts_classes[22m | [39m[0m
2026-10-09T11:39:22.9520967Z [  53% ] [90m[1mupdate_scripts_classes[22m | [39m[0m
2026-10-09T11:39:22.9521117Z [  53% ] [90m[1mupdate_scripts_classes[22m | [39m[0m
2026-10-09T11:39:22.9521269Z [  53% ] [90m[1mupdate_scripts_classes[22m | [39m[0m
2026-10-09T11:39:22.9521423Z [  53% ] [90m[1mupdate_scripts_classes[22m | [39m[0m
2026-10-09T11:39:22.9521573Z [  53% ] [90m[1mupdate_scripts_classes[22m | [39m[0m
2026-10-09T11:39:22.9521726Z [  53% ] [90m[1mupdate_scripts_classes[22m | [39m[0m
2026-10-09T11:39:22.9521881Z [  53% ] [90m[1mupdate_scripts_classes[22m | [39m[0m
2026-10-09T11:39:22.9522034Z [  53% ] [90m[1mupdate_scripts_classes[22m | [39m[0m
2026-10-09T11:39:22.9522273Z [  53% ] [90m[1mupdate_scripts_classes[22m | [39m[0m
2026-10-09T11:39:22.9522429Z [  53% ] [90m[1mupdate_scripts_classes[22m | [39m[0m
2026-10-09T11:39:22.9522581Z [  53% ] [90m[1mupdate_scripts_classes[22m | [39m[0m
2026-10-09T11:39:22.9522732Z [  53% ] [90m[1mupdate_scripts_classes[22m | [39m[0m
2026-10-09T11:39:22.9522856Z [  53% ] [90m[1mupdate_scripts_classes[22m | [39m[0m
2026-10-09T11:39:22.9522955Z [  53% ] [90m[1mupdate_scripts_classes[22m | [39m[0m
2026-10-09T11:39:22.9523053Z [  53% ] [90m[1mupdate_scripts_classes[22m | [39m[0m
2026-10-09T11:39:22.9523146Z [  53% ] [90m[1mupdate_scripts_classes[22m | [39m[0m
2026-10-09T11:39:22.9523245Z [  53% ] [90m[1mupdate_scripts_classes[22m | [39m[0m
2026-10-09T11:39:22.9523342Z [  53% ] [90m[1mupdate_scripts_classes[22m | [39m[0m
2026-10-09T11:39:22.9523436Z [  53% ] [90m[1mupdate_scripts_classes[22m | [39m[0m
2026-10-09T11:39:22.9523534Z [  53% ] [90m[1mupdate_scripts_classes[22m | [39m[0m
2026-10-09T11:39:22.9523634Z [  54% ] [90m[1mupdate_scripts_classes[22m | [39m[0m
2026-10-09T11:39:22.9523731Z [  54% ] [90m[1mupdate_scripts_classes[22m | [39m[0m
2026-10-09T11:39:22.9523825Z [  54% ] [90m[1mupdate_scripts_classes[22m | [39m[0m
2026-10-09T11:39:22.9523922Z [  54% ] [90m[1mupdate_scripts_classes[22m | [39m[0m
2026-10-09T11:39:22.9524019Z [  54% ] [90m[1mupdate_scripts_classes[22m | [39m[0m
2026-10-09T11:39:22.9524113Z [  54% ] [90m[1mupdate_scripts_classes[22m | [39m[0m
2026-10-09T11:39:22.9524210Z [  54% ] [90m[1mupdate_scripts_classes[22m | [39m[0m
2026-10-09T11:39:22.9524307Z [  54% ] [90m[1mupdate_scripts_classes[22m | [39m[0m
2026-10-09T11:39:22.9524405Z [  54% ] [90m[1mupdate_scripts_classes[22m | [39m[0m
2026-10-09T11:39:22.9524500Z [  54% ] [90m[1mupdate_scripts_classes[22m | [39m[0m
2026-10-09T11:39:22.9524598Z [  54% ] [90m[1mupdate_scripts_classes[22m | [39m[0m
2026-10-09T11:39:22.9524695Z [  54% ] [90m[1mupdate_scripts_classes[22m | [39m[0m
2026-10-09T11:39:22.9524793Z [  54% ] [90m[1mupdate_scripts_classes[22m | [39m[0m
2026-10-09T11:39:22.9524892Z [  54% ] [90m[1mupdate_scripts_classes[22m | [39m[0m
2026-10-09T11:39:22.9524989Z [  54% ] [90m[1mupdate_scripts_classes[22m | [39m[0m
2026-10-09T11:39:22.9525087Z [  54% ] [90m[1mupdate_scripts_classes[22m | [39m[0m
2026-10-09T11:39:22.9525181Z [  54% ] [90m[1mupdate_scripts_classes[22m | [39m[0m
2026-10-09T11:39:22.9525278Z [  54% ] [90m[1mupdate_scripts_classes[22m | [39m[0m
2026-10-09T11:39:22.9525375Z [  54% ] [90m[1mupdate_scripts_classes[22m | [39m[0m
2026-10-09T11:39:22.9525470Z [  54% ] [90m[1mupdate_scripts_classes[22m | [39m[0m
2026-10-09T11:39:22.9525568Z [  54% ] [90m[1mupdate_scripts_classes[22m | [39m[0m
2026-10-09T11:39:22.9525707Z [  54% ] [90m[1mupdate_scripts_classes[22m | [39m[0m
2026-10-09T11:39:22.9525860Z [  54% ] [90m[1mupdate_scripts_classes[22m | [39m[0m
2026-10-09T11:39:22.9525983Z [  54% ] [90m[1mupdate_scripts_classes[22m | [39m[0m
2026-10-09T11:39:22.9526341Z [  54% ] [90m[1mupdate_scripts_classes[22m | [39m[0m
2026-10-09T11:39:22.9526502Z [  54% ] [90m[1mupdate_scripts_classes[22m | [39m[0m
2026-10-09T11:39:22.9526754Z [  54% ] [90m[1mupdate_scripts_classes[22m | [39m[0m
2026-10-09T11:39:22.9526902Z [  54% ] [90m[1mupdate_scripts_classes[22m | [39m[0m
2026-10-09T11:39:22.9527041Z [  54% ] [90m[1mupdate_scripts_classes[22m | [39m[0m
2026-10-09T11:39:22.9527200Z [  54% ] [90m[1mupdate_scripts_classes[22m | [39m[0m
2026-10-09T11:39:22.9527363Z [  54% ] [90m[1mupdate_scripts_classes[22m | [39m[0m
2026-10-09T11:39:22.9527513Z [  55% ] [90m[1mupdate_scripts_classes[22m | [39m[0m
2026-10-09T11:39:22.9527665Z [  55% ] [90m[1mupdate_scripts_classes[22m | [39m[0m
2026-10-09T11:39:22.9527777Z [  55% ] [90m[1mupdate_scripts_classes[22m | [39m[0m
2026-10-09T11:39:22.9527976Z [  55% ] [90m[1mupdate_scripts_classes[22m | [39m[0m
2026-10-09T11:39:22.9528156Z [  55% ] [90m[1mupdate_scripts_classes[22m | [39m[0m
2026-10-09T11:39:22.9528363Z [  55% ] [90m[1mupdate_scripts_classes[22m | [39m[0m
2026-10-09T11:39:22.9528504Z [  55% ] [90m[1mupdate_scripts_classes[22m | [39m[0m
2026-10-09T11:39:22.9538973Z [  55% ] [90m[1mupdate_scripts_classes[22m | [39m[0m
2026-10-09T11:39:22.9539209Z [  55% ] [90m[1mupdate_scripts_classes[22m | [39m[0m
2026-10-09T11:39:22.9539365Z [  55% ] [90m[1mupdate_scripts_classes[22m | [39m[0m
2026-10-09T11:39:22.9539521Z [  55% ] [90m[1mupdate_scripts_classes[22m | [39m[0m
2026-10-09T11:39:22.9539676Z [  55% ] [90m[1mupdate_scripts_classes[22m | [39m[0m
2026-10-09T11:39:22.9539831Z [  55% ] [90m[1mupdate_scripts_classes[22m | [39m[0m
2026-10-09T11:39:22.9539983Z [  55% ] [90m[1mupdate_scripts_classes[22m | [39m[0m
2026-10-09T11:39:22.9540137Z [  55% ] [90m[1mupdate_scripts_classes[22m | [39m[0m
2026-10-09T11:39:22.9540290Z [  55% ] [90m[1mupdate_scripts_classes[22m | [39m[0m
2026-10-09T11:39:22.9540449Z [  55% ] [90m[1mupdate_scripts_classes[22m | [39m[0m
2026-10-09T11:39:22.9540604Z [  55% ] [90m[1mupdate_scripts_classes[22m | [39m[0m
2026-10-09T11:39:22.9540760Z [  55% ] [90m[1mupdate_scripts_classes[22m | [39m[0m
2026-10-09T11:39:22.9540914Z [  55% ] [90m[1mupdate_scripts_classes[22m | [39m[0m
2026-10-09T11:39:22.9541065Z [  55% ] [90m[1mupdate_scripts_classes[22m | [39m[0m
2026-10-09T11:39:22.9541219Z [  55% ] [90m[1mupdate_scripts_classes[22m | [39m[0m
2026-10-09T11:39:22.9541374Z [  55% ] [90m[1mupdate_scripts_classes[22m | [39m[0m
2026-10-09T11:39:22.9541525Z [  55% ] [90m[1mupdate_scripts_classes[22m | [39m[0m
2026-10-09T11:39:22.9541678Z [  55% ] [90m[1mupdate_scripts_classes[22m | [39m[0m
2026-10-09T11:39:22.9541832Z [  55% ] [90m[1mupdate_scripts_classes[22m | [39m[0m
2026-10-09T11:39:22.9541986Z [  55% ] [90m[1mupdate_scripts_classes[22m | [39m[0m
2026-10-09T11:39:22.9542137Z [  55% ] [90m[1mupdate_scripts_classes[22m | [39m[0m
2026-10-09T11:39:22.9542297Z [  55% ] [90m[1mupdate_scripts_classes[22m | [39m[0m
2026-10-09T11:39:22.9542451Z [  55% ] [90m[1mupdate_scripts_classes[22m | [39m[0m
2026-10-09T11:39:22.9542601Z [  55% ] [90m[1mupdate_scripts_classes[22m | [39m[0m
2026-10-09T11:39:22.9542756Z [  56% ] [90m[1mupdate_scripts_classes[22m | [39m[0m
2026-10-09T11:39:22.9542911Z [  56% ] [90m[1mupdate_scripts_classes[22m | [39m[0m
2026-10-09T11:39:22.9543065Z [  56% ] [90m[1mupdate_scripts_classes[22m | [39m[0m
2026-10-09T11:39:22.9543216Z [  56% ] [90m[1mupdate_scripts_classes[22m | [39m[0m
2026-10-09T11:39:22.9543371Z [  56% ] [90m[1mupdate_scripts_classes[22m | [39m[0m
2026-10-09T11:39:22.9543523Z [  56% ] [90m[1mupdate_scripts_classes[22m | [39m[0m
2026-10-09T11:39:22.9543673Z [  56% ] [90m[1mupdate_scripts_classes[22m | [39m[0m
2026-10-09T11:39:22.9543827Z [  56% ] [90m[1mupdate_scripts_classes[22m | [39m[0m
2026-10-09T11:39:22.9543978Z [  56% ] [90m[1mupdate_scripts_classes[22m | [39m[0m
2026-10-09T11:39:22.9544272Z [  56% ] [90m[1mupdate_scripts_classes[22m | [39m[0m
2026-10-09T11:39:22.9544425Z [  56% ] [90m[1mupdate_scripts_classes[22m | [39m[0m
2026-10-09T11:39:22.9544579Z [  56% ] [90m[1mupdate_scripts_classes[22m | [39m[0m
2026-10-09T11:39:22.9544735Z [  56% ] [90m[1mupdate_scripts_classes[22m | [39m[0m
2026-10-09T11:39:22.9544886Z [  56% ] [90m[1mupdate_scripts_classes[22m | [39m[0m
2026-10-09T11:39:22.9545038Z [  56% ] [90m[1mupdate_scripts_classes[22m | [39m[0m
2026-10-09T11:39:22.9545193Z [  56% ] [90m[1mupdate_scripts_classes[22m | [39m[0m
2026-10-09T11:39:22.9545348Z [  56% ] [90m[1mupdate_scripts_classes[22m | [39m[0m
2026-10-09T11:39:22.9545501Z [  56% ] [90m[1mupdate_scripts_classes[22m | [39m[0m
2026-10-09T11:39:22.9545656Z [  56% ] [90m[1mupdate_scripts_classes[22m | [39m[0m
2026-10-09T11:39:22.9545809Z [  56% ] [90m[1mupdate_scripts_classes[22m | [39m[0m
2026-10-09T11:39:22.9545961Z [  56% ] [90m[1mupdate_scripts_classes[22m | [39m[0m
2026-10-09T11:39:22.9546208Z [  56% ] [90m[1mupdate_scripts_classes[22m | [39m[0m
2026-10-09T11:39:22.9546363Z [  56% ] [90m[1mupdate_scripts_classes[22m | [39m[0m
2026-10-09T11:39:22.9546518Z [  56% ] [90m[1mupdate_scripts_classes[22m | [39m[0m
2026-10-09T11:39:22.9546777Z [  56% ] [90m[1mupdate_scripts_classes[22m | [39m[0m
2026-10-09T11:39:22.9546934Z [  56% ] [90m[1mupdate_scripts_classes[22m | [39m[0m
2026-10-09T11:39:22.9547089Z [  56% ] [90m[1mupdate_scripts_classes[22m | [39m[0m
2026-10-09T11:39:22.9547240Z [  56% ] [90m[1mupdate_scripts_classes[22m | [39m[0m
2026-10-09T11:39:22.9547395Z [  56% ] [90m[1mupdate_scripts_classes[22m | [39m[0m
2026-10-09T11:39:22.9547549Z [  56% ] [90m[1mupdate_scripts_classes[22m | [39m[0m
2026-10-09T11:39:22.9547705Z [  56% ] [90m[1mupdate_scripts_classes[22m | [39m[0m
2026-10-09T11:39:22.9547857Z [  57% ] [90m[1mupdate_scripts_classes[22m | [39m[0m
2026-10-09T11:39:22.9548013Z [  57% ] [90m[1mupdate_scripts_classes[22m | [39m[0m
2026-10-09T11:39:22.9548166Z [  57% ] [90m[1mupdate_scripts_classes[22m | [39m[0m
2026-10-09T11:39:22.9548316Z [  57% ] [90m[1mupdate_scripts_classes[22m | [39m[0m
2026-10-09T11:39:22.9548470Z [  57% ] [90m[1mupdate_scripts_classes[22m | [39m[0m
2026-10-09T11:39:22.9548625Z [  57% ] [90m[1mupdate_scripts_classes[22m | [39m[0m
2026-10-09T11:39:22.9548780Z [  57% ] [90m[1mupdate_scripts_classes[22m | [39m[0m
2026-10-09T11:39:22.9548931Z [  57% ] [90m[1mupdate_scripts_classes[22m | [39m[0m
2026-10-09T11:39:22.9549086Z [  57% ] [90m[1mupdate_scripts_classes[22m | [39m[0m
2026-10-09T11:39:22.9549241Z [  57% ] [90m[1mupdate_scripts_classes[22m | [39m[0m
2026-10-09T11:39:22.9549392Z [  57% ] [90m[1mupdate_scripts_classes[22m | [39m[0m
2026-10-09T11:39:22.9549546Z [  57% ] [90m[1mupdate_scripts_classes[22m | [39m[0m
2026-10-09T11:39:22.9549701Z [  57% ] [90m[1mupdate_scripts_classes[22m | [39m[0m
2026-10-09T11:39:22.9549863Z [  57% ] [90m[1mupdate_scripts_classes[22m | [39m[0m
2026-10-09T11:39:22.9550015Z [  57% ] [90m[1mupdate_scripts_classes[22m | [39m[0m
2026-10-09T11:39:22.9550170Z [  57% ] [90m[1mupdate_scripts_classes[22m | [39m[0m
2026-10-09T11:39:22.9550326Z [  57% ] [90m[1mupdate_scripts_classes[22m | [39m[0m
2026-10-09T11:39:22.9550477Z [  57% ] [90m[1mupdate_scripts_classes[22m | [39m[0m
2026-10-09T11:39:22.9550632Z [  57% ] [90m[1mupdate_scripts_classes[22m | [39m[0m
2026-10-09T11:39:22.9550788Z [  57% ] [90m[1mupdate_scripts_classes[22m | [39m[0m
2026-10-09T11:39:22.9550946Z [  57% ] [90m[1mupdate_scripts_classes[22m | [39m[0m
2026-10-09T11:39:22.9551097Z [  57% ] [90m[1mupdate_scripts_classes[22m | [39m[0m
2026-10-09T11:39:22.9551252Z [  57% ] [90m[1mupdate_scripts_classes[22m | [39m[0m
2026-10-09T11:39:22.9551410Z [  57% ] [90m[1mupdate_scripts_classes[22m | [39m[0m
2026-10-09T11:39:22.9551562Z [  57% ] [90m[1mupdate_scripts_classes[22m | [39m[0m
2026-10-09T11:39:22.9551821Z [  57% ] [90m[1mupdate_scripts_classes[22m | [39m[0m
2026-10-09T11:39:22.9551976Z [  57% ] [90m[1mupdate_scripts_classes[22m | [39m[0m
2026-10-09T11:39:22.9552132Z [  57% ] [90m[1mupdate_scripts_classes[22m | [39m[0m
2026-10-09T11:39:22.9552282Z [  57% ] [90m[1mupdate_scripts_classes[22m | [39m[0m
2026-10-09T11:39:22.9552436Z [  57% ] [90m[1mupdate_scripts_classes[22m | [39m[0m
2026-10-09T11:39:22.9552591Z [  57% ] [90m[1mupdate_scripts_classes[22m | [39m[0m
2026-10-09T11:39:22.9552740Z [  58% ] [90m[1mupdate_scripts_classes[22m | [39m[0m
2026-10-09T11:39:22.9552894Z [  58% ] [90m[1mupdate_scripts_classes[22m | [39m[0m
2026-10-09T11:39:22.9553049Z [  58% ] [90m[1mupdate_scripts_classes[22m | [39m[0m
2026-10-09T11:39:22.9553202Z [  58% ] [90m[1mupdate_scripts_classes[22m | [39m[0m
2026-10-09T11:39:22.9553360Z [  58% ] [90m[1mupdate_scripts_classes[22m | [39m[0m
2026-10-09T11:39:22.9553514Z [  58% ] [90m[1mupdate_scripts_classes[22m | [39m[0m
2026-10-09T11:39:22.9553758Z [  58% ] [90m[1mupdate_scripts_classes[22m | [39m[0m
2026-10-09T11:39:22.9553913Z [  58% ] [90m[1mupdate_scripts_classes[22m | [39m[0m
2026-10-09T11:39:22.9554066Z [  58% ] [90m[1mupdate_scripts_classes[22m | [39m[0m
2026-10-09T11:39:22.9554220Z [  58% ] [90m[1mupdate_scripts_classes[22m | [39m[0m
2026-10-09T11:39:22.9554370Z [  58% ] [90m[1mupdate_scripts_classes[22m | [39m[0m
2026-10-09T11:39:22.9554524Z [  58% ] [90m[1mupdate_scripts_classes[22m | [39m[0m
2026-10-09T11:39:22.9554676Z [  58% ] [90m[1mupdate_scripts_classes[22m | [39m[0m
2026-10-09T11:39:22.9554826Z [  58% ] [90m[1mupdate_scripts_classes[22m | [39m[0m
2026-10-09T11:39:22.9554979Z [  58% ] [90m[1mupdate_scripts_classes[22m | [39m[0m
2026-10-09T11:39:22.9555132Z [  58% ] [90m[1mupdate_scripts_classes[22m | [39m[0m
2026-10-09T11:39:22.9555285Z [  58% ] [90m[1mupdate_scripts_classes[22m | [39m[0m
2026-10-09T11:39:22.9555439Z [  58% ] [90m[1mupdate_scripts_classes[22m | [39m[0m
2026-10-09T11:39:22.9555596Z [  58% ] [90m[1mupdate_scripts_classes[22m | [39m[0m
2026-10-09T11:39:22.9555749Z [  58% ] [90m[1mupdate_scripts_classes[22m | [39m[0m
2026-10-09T11:39:22.9555899Z [  58% ] [90m[1mupdate_scripts_classes[22m | [39m[0m
2026-10-09T11:39:22.9556052Z [  58% ] [90m[1mupdate_scripts_classes[22m | [39m[0m
2026-10-09T11:39:22.9556205Z [  58% ] [90m[1mupdate_scripts_classes[22m | [39m[0m
2026-10-09T11:39:22.9556358Z [  58% ] [90m[1mupdate_scripts_classes[22m | [39m[0m
2026-10-09T11:39:22.9556508Z [  58% ] [90m[1mupdate_scripts_classes[22m | [39m[0m
2026-10-09T11:39:22.9556759Z [  58% ] [90m[1mupdate_scripts_classes[22m | [39m[0m
2026-10-09T11:39:22.9556913Z [  58% ] [90m[1mupdate_scripts_classes[22m | [39m[0m
2026-10-09T11:39:22.9557068Z [  58% ] [90m[1mupdate_scripts_classes[22m | [39m[0m
2026-10-09T11:39:22.9557179Z [  58% ] [90m[1mupdate_scripts_classes[22m | [39m[0m
2026-10-09T11:39:22.9557346Z [  58% ] [90m[1mupdate_scripts_classes[22m | [39m[0m
2026-10-09T11:39:22.9557501Z [  58% ] [90m[1mupdate_scripts_classes[22m | [39m[0m
2026-10-09T11:39:22.9557653Z [  59% ] [90m[1mupdate_scripts_classes[22m | [39m[0m
2026-10-09T11:39:22.9557807Z [  59% ] [90m[1mupdate_scripts_classes[22m | [39m[0m
2026-10-09T11:39:22.9557961Z [  59% ] [90m[1mupdate_scripts_classes[22m | [39m[0m
2026-10-09T11:39:22.9558112Z [  59% ] [90m[1mupdate_scripts_classes[22m | [39m[0m
2026-10-09T11:39:22.9558265Z [  59% ] [90m[1mupdate_scripts_classes[22m | [39m[0m
2026-10-09T11:39:22.9558419Z [  59% ] [90m[1mupdate_scripts_classes[22m | [39m[0m
2026-10-09T11:39:22.9558574Z [  59% ] [90m[1mupdate_scripts_classes[22m | [39m[0m
2026-10-09T11:39:22.9558724Z [  59% ] [90m[1mupdate_scripts_classes[22m | [39m[0m
2026-10-09T11:39:22.9558879Z [  59% ] [90m[1mupdate_scripts_classes[22m | [39m[0m
2026-10-09T11:39:22.9559033Z [  59% ] [90m[1mupdate_scripts_classes[22m | [39m[0m
2026-10-09T11:39:22.9559294Z [  59% ] [90m[1mupdate_scripts_classes[22m | [39m[0m
2026-10-09T11:39:22.9559448Z [  59% ] [90m[1mupdate_scripts_classes[22m | [39m[0m
2026-10-09T11:39:22.9559602Z [  59% ] [90m[1mupdate_scripts_classes[22m | [39m[0m
2026-10-09T11:39:22.9559754Z [  59% ] [90m[1mupdate_scripts_classes[22m | [39m[0m
2026-10-09T11:39:22.9559905Z [  59% ] [90m[1mupdate_scripts_classes[22m | [39m[0m
2026-10-09T11:39:22.9560060Z [  59% ] [90m[1mupdate_scripts_classes[22m | [39m[0m
2026-10-09T11:39:22.9560216Z [  59% ] [90m[1mupdate_scripts_classes[22m | [39m[0m
2026-10-09T11:39:22.9560367Z [  59% ] [90m[1mupdate_scripts_classes[22m | [39m[0m
2026-10-09T11:39:22.9560523Z [  59% ] [90m[1mupdate_scripts_classes[22m | [39m[0m
2026-10-09T11:39:22.9560677Z [  59% ] [90m[1mupdate_scripts_classes[22m | [39m[0m
2026-10-09T11:39:22.9560834Z [  59% ] [90m[1mupdate_scripts_classes[22m | [39m[0m
2026-10-09T11:39:22.9560985Z [  59% ] [90m[1mupdate_scripts_classes[22m | [39m[0m
2026-10-09T11:39:22.9561234Z [  59% ] [90m[1mupdate_scripts_classes[22m | [39m[0m
2026-10-09T11:39:22.9561386Z [  59% ] [90m[1mupdate_scripts_classes[22m | [39m[0m
2026-10-09T11:39:22.9561536Z [  59% ] [90m[1mupdate_scripts_classes[22m | [39m[0m
2026-10-09T11:39:22.9561690Z [  59% ] [90m[1mupdate_scripts_classes[22m | [39m[0m
2026-10-09T11:39:22.9561842Z [  59% ] [90m[1mupdate_scripts_classes[22m | [39m[0m
2026-10-09T11:39:22.9561995Z [  59% ] [90m[1mupdate_scripts_classes[22m | [39m[0m
2026-10-09T11:39:22.9562145Z [  59% ] [90m[1mupdate_scripts_classes[22m | [39m[0m
2026-10-09T11:39:22.9562298Z [  59% ] [90m[1mupdate_scripts_classes[22m | [39m[0m
2026-10-09T11:39:22.9562451Z [  59% ] [90m[1mupdate_scripts_classes[22m | [39m[0m
2026-10-09T11:39:22.9562601Z [  60% ] [90m[1mupdate_scripts_classes[22m | [39m[0m
2026-10-09T11:39:22.9562756Z [  60% ] [90m[1mupdate_scripts_classes[22m | [39m[0m
2026-10-09T11:39:22.9562910Z [  60% ] [90m[1mupdate_scripts_classes[22m | [39m[0m
2026-10-09T11:39:22.9563067Z [  60% ] [90m[1mupdate_scripts_classes[22m | [39m[0m
2026-10-09T11:39:22.9563217Z [  60% ] [90m[1mupdate_scripts_classes[22m | [39m[0m
2026-10-09T11:39:22.9563371Z [  60% ] [90m[1mupdate_scripts_classes[22m | [39m[0m
2026-10-09T11:39:22.9563524Z [  60% ] [90m[1mupdate_scripts_classes[22m | [39m[0m
2026-10-09T11:39:22.9563675Z [  60% ] [90m[1mupdate_scripts_classes[22m | [39m[0m
2026-10-09T11:39:22.9563828Z [  60% ] [90m[1mupdate_scripts_classes[22m | [39m[0m
2026-10-09T11:39:22.9563981Z [  60% ] [90m[1mupdate_scripts_classes[22m | [39m[0m
2026-10-09T11:39:22.9564134Z [  60% ] [90m[1mupdate_scripts_classes[22m | [39m[0m
2026-10-09T11:39:22.9564285Z [  60% ] [90m[1mupdate_scripts_classes[22m | [39m[0m
2026-10-09T11:39:22.9564437Z [  60% ] [90m[1mupdate_scripts_classes[22m | [39m[0m
2026-10-09T11:39:22.9564591Z [  60% ] [90m[1mupdate_scripts_classes[22m | [39m[0m
2026-10-09T11:39:22.9564746Z [  60% ] [90m[1mupdate_scripts_classes[22m | [39m[0m
2026-10-09T11:39:22.9564901Z [  60% ] [90m[1mupdate_scripts_classes[22m | [39m[0m
2026-10-09T11:39:22.9565054Z [  60% ] [90m[1mupdate_scripts_classes[22m | [39m[0m
2026-10-09T11:39:22.9565207Z [  60% ] [90m[1mupdate_scripts_classes[22m | [39m[0m
2026-10-09T11:39:22.9565360Z [  60% ] [90m[1mupdate_scripts_classes[22m | [39m[0m
2026-10-09T11:39:22.9565514Z [  60% ] [90m[1mupdate_scripts_classes[22m | [39m[0m
2026-10-09T11:39:22.9565668Z [  60% ] [90m[1mupdate_scripts_classes[22m | [39m[0m
2026-10-09T11:39:22.9565821Z [  60% ] [90m[1mupdate_scripts_classes[22m | [39m[0m
2026-10-09T11:39:22.9565975Z [  60% ] [90m[1mupdate_scripts_classes[22m | [39m[0m
2026-10-09T11:39:22.9566128Z [  60% ] [90m[1mupdate_scripts_classes[22m | [39m[0m
2026-10-09T11:39:22.9566283Z [  60% ] [90m[1mupdate_scripts_classes[22m | [39m[0m
2026-10-09T11:39:22.9566434Z [  60% ] [90m[1mupdate_scripts_classes[22m | [39m[0m
2026-10-09T11:39:22.9566779Z [  60% ] [90m[1mupdate_scripts_classes[22m | [39m[0m
2026-10-09T11:39:22.9566932Z [  60% ] [90m[1mupdate_scripts_classes[22m | [39m[0m
2026-10-09T11:39:22.9567082Z [  60% ] [90m[1mupdate_scripts_classes[22m | [39m[0m
2026-10-09T11:39:22.9567238Z [  60% ] [90m[1mupdate_scripts_classes[22m | [39m[0m
2026-10-09T11:39:22.9567391Z [  60% ] [90m[1mupdate_scripts_classes[22m | [39m[0m
2026-10-09T11:39:22.9567545Z [  61% ] [90m[1mupdate_scripts_classes[22m | [39m[0m
2026-10-09T11:39:22.9567696Z [  61% ] [90m[1mupdate_scripts_classes[22m | [39m[0m
2026-10-09T11:39:22.9567849Z [  61% ] [90m[1mupdate_scripts_classes[22m | [39m[0m
2026-10-09T11:39:22.9568003Z [  61% ] [90m[1mupdate_scripts_classes[22m | [39m[0m
2026-10-09T11:39:22.9568154Z [  61% ] [90m[1mupdate_scripts_classes[22m | [39m[0m
2026-10-09T11:39:22.9568307Z [  61% ] [90m[1mupdate_scripts_classes[22m | [39m[0m
2026-10-09T11:39:22.9568461Z [  61% ] [90m[1mupdate_scripts_classes[22m | [39m[0m
2026-10-09T11:39:22.9568711Z [  61% ] [90m[1mupdate_scripts_classes[22m | [39m[0m
2026-10-09T11:39:22.9568861Z [  61% ] [90m[1mupdate_scripts_classes[22m | [39m[0m
2026-10-09T11:39:22.9569017Z [  61% ] [90m[1mupdate_scripts_classes[22m | [39m[0m
2026-10-09T11:39:22.9569171Z [  61% ] [90m[1mupdate_scripts_classes[22m | [39m[0m
2026-10-09T11:39:22.9569320Z [  61% ] [90m[1mupdate_scripts_classes[22m | [39m[0m
2026-10-09T11:39:22.9569472Z [  61% ] [90m[1mupdate_scripts_classes[22m | [39m[0m
2026-10-09T11:39:22.9569626Z [  61% ] [90m[1mupdate_scripts_classes[22m | [39m[0m
2026-10-09T11:39:22.9569781Z [  61% ] [90m[1mupdate_scripts_classes[22m | [39m[0m
2026-10-09T11:39:22.9569931Z [  61% ] [90m[1mupdate_scripts_classes[22m | [39m[0m
2026-10-09T11:39:22.9570083Z [  61% ] [90m[1mupdate_scripts_classes[22m | [39m[0m
2026-10-09T11:39:22.9570239Z [  61% ] [90m[1mupdate_scripts_classes[22m | [39m[0m
2026-10-09T11:39:22.9570389Z [  61% ] [90m[1mupdate_scripts_classes[22m | [39m[0m
2026-10-09T11:39:22.9570547Z [  61% ] [90m[1mupdate_scripts_classes[22m | [39m[0m
2026-10-09T11:39:22.9570700Z [  61% ] [90m[1mupdate_scripts_classes[22m | [39m[0m
2026-10-09T11:39:22.9570853Z [  61% ] [90m[1mupdate_scripts_classes[22m | [39m[0m
2026-10-09T11:39:22.9571003Z [  61% ] [90m[1mupdate_scripts_classes[22m | [39m[0m
2026-10-09T11:39:22.9571156Z [  61% ] [90m[1mupdate_scripts_classes[22m | [39m[0m
2026-10-09T11:39:22.9571308Z [  61% ] [90m[1mupdate_scripts_classes[22m | [39m[0m
2026-10-09T11:39:22.9571458Z [  61% ] [90m[1mupdate_scripts_classes[22m | [39m[0m
2026-10-09T11:39:22.9571612Z [  61% ] [90m[1mupdate_scripts_classes[22m | [39m[0m
2026-10-09T11:39:22.9571763Z [  61% ] [90m[1mupdate_scripts_classes[22m | [39m[0m
2026-10-09T11:39:22.9571916Z [  61% ] [90m[1mupdate_scripts_classes[22m | [39m[0m
2026-10-09T11:39:22.9572066Z [  61% ] [90m[1mupdate_scripts_classes[22m | [39m[0m
2026-10-09T11:39:22.9572221Z [  61% ] [90m[1mupdate_scripts_classes[22m | [39m[0m
2026-10-09T11:39:22.9572377Z [  62% ] [90m[1mupdate_scripts_classes[22m | [39m[0m
2026-10-09T11:39:22.9572527Z [  62% ] [90m[1mupdate_scripts_classes[22m | [39m[0m
2026-10-09T11:39:22.9572681Z [  62% ] [90m[1mupdate_scripts_classes[22m | [39m[0m
2026-10-09T11:39:22.9572834Z [  62% ] [90m[1mupdate_scripts_classes[22m | [39m[0m
2026-10-09T11:39:22.9572986Z [  62% ] [90m[1mupdate_scripts_classes[22m | [39m[0m
2026-10-09T11:39:22.9573137Z [  62% ] [90m[1mupdate_scripts_classes[22m | [39m[0m
2026-10-09T11:39:22.9573290Z [  62% ] [90m[1mupdate_scripts_classes[22m | [39m[0m
2026-10-09T11:39:22.9573444Z [  62% ] [90m[1mupdate_scripts_classes[22m | [39m[0m
2026-10-09T11:39:22.9573594Z [  62% ] [90m[1mupdate_scripts_classes[22m | [39m[0m
2026-10-09T11:39:22.9573746Z [  62% ] [90m[1mupdate_scripts_classes[22m | [39m[0m
2026-10-09T11:39:22.9573899Z [  62% ] [90m[1mupdate_scripts_classes[22m | [39m[0m
2026-10-09T11:39:22.9574136Z [  62% ] [90m[1mupdate_scripts_classes[22m | [39m[0m
2026-10-09T11:39:22.9574288Z [  62% ] [90m[1mupdate_scripts_classes[22m | [39m[0m
2026-10-09T11:39:22.9574443Z [  62% ] [90m[1mupdate_scripts_classes[22m | [39m[0m
2026-10-09T11:39:22.9574595Z [  62% ] [90m[1mupdate_scripts_classes[22m | [39m[0m
2026-10-09T11:39:22.9574746Z [  62% ] [90m[1mupdate_scripts_classes[22m | [39m[0m
2026-10-09T11:39:22.9574899Z [  62% ] [90m[1mupdate_scripts_classes[22m | [39m[0m
2026-10-09T11:39:22.9575052Z [  62% ] [90m[1mupdate_scripts_classes[22m | [39m[0m
2026-10-09T11:39:22.9575205Z [  62% ] [90m[1mupdate_scripts_classes[22m | [39m[0m
2026-10-09T11:39:22.9575354Z [  62% ] [90m[1mupdate_scripts_classes[22m | [39m[0m
2026-10-09T11:39:22.9575509Z [  62% ] [90m[1mupdate_scripts_classes[22m | [39m[0m
2026-10-09T11:39:22.9575663Z [  62% ] [90m[1mupdate_scripts_classes[22m | [39m[0m
2026-10-09T11:39:22.9575813Z [  62% ] [90m[1mupdate_scripts_classes[22m | [39m[0m
2026-10-09T11:39:22.9576034Z [  62% ] [90m[1mupdate_scripts_classes[22m | [39m[0m
2026-10-09T11:39:22.9576188Z [  62% ] [90m[1mupdate_scripts_classes[22m | [39m[0m
2026-10-09T11:39:22.9576340Z [  62% ] [90m[1mupdate_scripts_classes[22m | [39m[0m
2026-10-09T11:39:22.9576491Z [  62% ] [90m[1mupdate_scripts_classes[22m | [39m[0m
2026-10-09T11:39:22.9576753Z [  62% ] [90m[1mupdate_scripts_classes[22m | [39m[0m
2026-10-09T11:39:22.9576906Z [  62% ] [90m[1mupdate_scripts_classes[22m | [39m[0m
2026-10-09T11:39:22.9577059Z [  62% ] [90m[1mupdate_scripts_classes[22m | [39m[0m
2026-10-09T11:39:22.9577211Z [  62% ] [90m[1mupdate_scripts_classes[22m | [39m[0m
2026-10-09T11:39:22.9577366Z [  63% ] [90m[1mupdate_scripts_classes[22m | [39m[0m
2026-10-09T11:39:22.9577519Z [  63% ] [90m[1mupdate_scripts_classes[22m | [39m[0m
2026-10-09T11:39:22.9577669Z [  63% ] [90m[1mupdate_scripts_classes[22m | [39m[0m
2026-10-09T11:39:22.9577822Z [  63% ] [90m[1mupdate_scripts_classes[22m | [39m[0m
2026-10-09T11:39:22.9577979Z [  63% ] [90m[1mupdate_scripts_classes[22m | [39m[0m
2026-10-09T11:39:22.9578129Z [  63% ] [90m[1mupdate_scripts_classes[22m | [39m[0m
2026-10-09T11:39:22.9578284Z [  63% ] [90m[1mupdate_scripts_classes[22m | [39m[0m
2026-10-09T11:39:22.9578438Z [  63% ] [90m[1mupdate_scripts_classes[22m | [39m[0m
2026-10-09T11:39:22.9578592Z [  63% ] [90m[1mupdate_scripts_classes[22m | [39m[0m
2026-10-09T11:39:22.9578742Z [  63% ] [90m[1mupdate_scripts_classes[22m | [39m[0m
2026-10-09T11:39:22.9578894Z [  63% ] [90m[1mupdate_scripts_classes[22m | [39m[0m
2026-10-09T11:39:22.9579045Z [  63% ] [90m[1mupdate_scripts_classes[22m | [39m[0m
2026-10-09T11:39:22.9579195Z [  63% ] [90m[1mupdate_scripts_classes[22m | [39m[0m
2026-10-09T11:39:22.9579389Z [  63% ] [90m[1mupdate_scripts_classes[22m | [39m[0m
2026-10-09T11:39:22.9579542Z [  63% ] [90m[1mupdate_scripts_classes[22m | [39m[0m
2026-10-09T11:39:22.9579697Z [  63% ] [90m[1mupdate_scripts_classes[22m | [39m[0m
2026-10-09T11:39:22.9579850Z [  63% ] [90m[1mupdate_scripts_classes[22m | [39m[0m
2026-10-09T11:39:22.9580002Z [  63% ] [90m[1mupdate_scripts_classes[22m | [39m[0m
2026-10-09T11:39:22.9580155Z [  63% ] [90m[1mupdate_scripts_classes[22m | [39m[0m
2026-10-09T11:39:22.9580306Z [  63% ] [90m[1mupdate_scripts_classes[22m | [39m[0m
2026-10-09T11:39:22.9580458Z [  63% ] [90m[1mupdate_scripts_classes[22m | [39m[0m
2026-10-09T11:39:22.9580611Z [  63% ] [90m[1mupdate_scripts_classes[22m | [39m[0m
2026-10-09T11:39:22.9580763Z [  63% ] [90m[1mupdate_scripts_classes[22m | [39m[0m
2026-10-09T11:39:22.9580913Z [  63% ] [90m[1mupdate_scripts_classes[22m | [39m[0m
2026-10-09T11:39:22.9581065Z [  63% ] [90m[1mupdate_scripts_classes[22m | [39m[0m
2026-10-09T11:39:22.9581219Z [  63% ] [90m[1mupdate_scripts_classes[22m | [39m[0m
2026-10-09T11:39:22.9581369Z [  63% ] [90m[1mupdate_scripts_classes[22m | [39m[0m
2026-10-09T11:39:22.9581672Z [  63% ] [90m[1mupdate_scripts_classes[22m | [39m[0m
2026-10-09T11:39:22.9581831Z [  63% ] [90m[1mupdate_scripts_classes[22m | [39m[0m
2026-10-09T11:39:22.9581940Z [  63% ] [90m[1mupdate_scripts_classes[22m | [39m[0m
2026-10-09T11:39:22.9582036Z [  63% ] [90m[1mupdate_scripts_classes[22m | [39m[0m
2026-10-09T11:39:22.9582133Z [  64% ] [90m[1mupdate_scripts_classes[22m | [39m[0m
2026-10-09T11:39:22.9582231Z [  64% ] [90m[1mupdate_scripts_classes[22m | [39m[0m
2026-10-09T11:39:22.9582327Z [  64% ] [90m[1mupdate_scripts_classes[22m | [39m[0m
2026-10-09T11:39:22.9582424Z [  64% ] [90m[1mupdate_scripts_classes[22m | [39m[0m
2026-10-09T11:39:22.9582521Z [  64% ] [90m[1mupdate_scripts_classes[22m | [39m[0m
2026-10-09T11:39:22.9582618Z [  64% ] [90m[1mupdate_scripts_classes[22m | [39m[0m
2026-10-09T11:39:22.9582712Z [  64% ] [90m[1mupdate_scripts_classes[22m | [39m[0m
2026-10-09T11:39:22.9582810Z [  64% ] [90m[1mupdate_scripts_classes[22m | [39m[0m
2026-10-09T11:39:22.9583000Z [  64% ] [90m[1mupdate_scripts_classes[22m | [39m[0m
2026-10-09T11:39:22.9583096Z [  64% ] [90m[1mupdate_scripts_classes[22m | [39m[0m
2026-10-09T11:39:22.9583197Z [  64% ] [90m[1mupdate_scripts_classes[22m | [39m[0m
2026-10-09T11:39:22.9583294Z [  64% ] [90m[1mupdate_scripts_classes[22m | [39m[0m
2026-10-09T11:39:22.9583393Z [  64% ] [90m[1mupdate_scripts_classes[22m | [39m[0m
2026-10-09T11:39:22.9583489Z [  64% ] [90m[1mupdate_scripts_classes[22m | [39m[0m
2026-10-09T11:39:22.9583589Z [  64% ] [90m[1mupdate_scripts_classes[22m | [39m[0m
2026-10-09T11:39:22.9583686Z [  64% ] [90m[1mupdate_scripts_classes[22m | [39m[0m
2026-10-09T11:39:22.9583782Z [  64% ] [90m[1mupdate_scripts_classes[22m | [39m[0m
2026-10-09T11:39:22.9583881Z [  64% ] [90m[1mupdate_scripts_classes[22m | [39m[0m
2026-10-09T11:39:22.9583979Z [  64% ] [90m[1mupdate_scripts_classes[22m | [39m[0m
2026-10-09T11:39:22.9584076Z [  64% ] [90m[1mupdate_scripts_classes[22m | [39m[0m
2026-10-09T11:39:22.9584175Z [  64% ] [90m[1mupdate_scripts_classes[22m | [39m[0m
2026-10-09T11:39:22.9584273Z [  64% ] [90m[1mupdate_scripts_classes[22m | [39m[0m
2026-10-09T11:39:22.9584371Z [  64% ] [90m[1mupdate_scripts_classes[22m | [39m[0m
2026-10-09T11:39:22.9584467Z [  64% ] [90m[1mupdate_scripts_classes[22m | [39m[0m
2026-10-09T11:39:22.9584566Z [  64% ] [90m[1mupdate_scripts_classes[22m | [39m[0m
2026-10-09T11:39:22.9584664Z [  64% ] [90m[1mupdate_scripts_classes[22m | [39m[0m
2026-10-09T11:39:22.9584764Z [  64% ] [90m[1mupdate_scripts_classes[22m | [39m[0m
2026-10-09T11:39:22.9584859Z [  64% ] [90m[1mupdate_scripts_classes[22m | [39m[0m
2026-10-09T11:39:22.9584957Z [  64% ] [90m[1mupdate_scripts_classes[22m | [39m[0m
2026-10-09T11:39:22.9585055Z [  64% ] [90m[1mupdate_scripts_classes[22m | [39m[0m
2026-10-09T11:39:22.9585151Z [  64% ] [90m[1mupdate_scripts_classes[22m | [39m[0m
2026-10-09T11:39:22.9585249Z [  65% ] [90m[1mupdate_scripts_classes[22m | [39m[0m
2026-10-09T11:39:22.9585351Z [  65% ] [90m[1mupdate_scripts_classes[22m | [39m[0m
2026-10-09T11:39:22.9585451Z [  65% ] [90m[1mupdate_scripts_classes[22m | [39m[0m
2026-10-09T11:39:22.9585547Z [  65% ] [90m[1mupdate_scripts_classes[22m | [39m[0m
2026-10-09T11:39:22.9585645Z [  65% ] [90m[1mupdate_scripts_classes[22m | [39m[0m
2026-10-09T11:39:22.9585739Z [  65% ] [90m[1mupdate_scripts_classes[22m | [39m[0m
2026-10-09T11:39:22.9585834Z [  65% ] [90m[1mupdate_scripts_classes[22m | [39m[0m
2026-10-09T11:39:22.9585932Z [  65% ] [90m[1mupdate_scripts_classes[22m | [39m[0m
2026-10-09T11:39:22.9586029Z [  65% ] [90m[1mupdate_scripts_classes[22m | [39m[0m
2026-10-09T11:39:22.9586128Z [  65% ] [90m[1mupdate_scripts_classes[22m | [39m[0m
2026-10-09T11:39:22.9586223Z [  65% ] [90m[1mupdate_scripts_classes[22m | [39m[0m
2026-10-09T11:39:22.9586321Z [  65% ] [90m[1mupdate_scripts_classes[22m | [39m[0m
2026-10-09T11:39:22.9586479Z [  65% ] [90m[1mupdate_scripts_classes[22m | [39m[0m
2026-10-09T11:39:22.9586579Z [  65% ] [90m[1mupdate_scripts_classes[22m | [39m[0m
2026-10-09T11:39:22.9586782Z [  65% ] [90m[1mupdate_scripts_classes[22m | [39m[0m
2026-10-09T11:39:22.9586881Z [  65% ] [90m[1mupdate_scripts_classes[22m | [39m[0m
2026-10-09T11:39:22.9586977Z [  65% ] [90m[1mupdate_scripts_classes[22m | [39m[0m
2026-10-09T11:39:22.9587076Z [  65% ] [90m[1mupdate_scripts_classes[22m | [39m[0m
2026-10-09T11:39:22.9587176Z [  65% ] [90m[1mupdate_scripts_classes[22m | [39m[0m
2026-10-09T11:39:22.9587274Z [  65% ] [90m[1mupdate_scripts_classes[22m | [39m[0m
2026-10-09T11:39:22.9587371Z [  65% ] [90m[1mupdate_scripts_classes[22m | [39m[0m
2026-10-09T11:39:22.9587468Z [  65% ] [90m[1mupdate_scripts_classes[22m | [39m[0m
2026-10-09T11:39:22.9587566Z [  65% ] [90m[1mupdate_scripts_classes[22m | [39m[0m
2026-10-09T11:39:22.9587662Z [  65% ] [90m[1mupdate_scripts_classes[22m | [39m[0m
2026-10-09T11:39:22.9587846Z [  65% ] [90m[1mupdate_scripts_classes[22m | [39m[0m
2026-10-09T11:39:22.9587945Z [  65% ] [90m[1mupdate_scripts_classes[22m | [39m[0m
2026-10-09T11:39:22.9588043Z [  65% ] [90m[1mupdate_scripts_classes[22m | [39m[0m
2026-10-09T11:39:22.9588139Z [  65% ] [90m[1mupdate_scripts_classes[22m | [39m[0m
2026-10-09T11:39:22.9588236Z [  65% ] [90m[1mupdate_scripts_classes[22m | [39m[0m
2026-10-09T11:39:22.9588334Z [  65% ] [90m[1mupdate_scripts_classes[22m | [39m[0m
2026-10-09T11:39:22.9588430Z [  65% ] [90m[1mupdate_scripts_classes[22m | [39m[0m
2026-10-09T11:39:22.9588529Z [  66% ] [90m[1mupdate_scripts_classes[22m | [39m[0m
2026-10-09T11:39:22.9588627Z [  66% ] [90m[1mupdate_scripts_classes[22m | [39m[0m
2026-10-09T11:39:22.9588724Z [  66% ] [90m[1mupdate_scripts_classes[22m | [39m[0m
2026-10-09T11:39:22.9588821Z [  66% ] [90m[1mupdate_scripts_classes[22m | [39m[0m
2026-10-09T11:39:22.9588918Z [  66% ] [90m[1mupdate_scripts_classes[22m | [39m[0m
2026-10-09T11:39:22.9589019Z [  66% ] [90m[1mupdate_scripts_classes[22m | [39m[0m
2026-10-09T11:39:22.9589114Z [  66% ] [90m[1mupdate_scripts_classes[22m | [39m[0m
2026-10-09T11:39:22.9589213Z [  66% ] [90m[1mupdate_scripts_classes[22m | [39m[0m
2026-10-09T11:39:22.9589310Z [  66% ] [90m[1mupdate_scripts_classes[22m | [39m[0m
2026-10-09T11:39:22.9589406Z [  66% ] [90m[1mupdate_scripts_classes[22m | [39m[0m
2026-10-09T11:39:22.9589502Z [  66% ] [90m[1mupdate_scripts_classes[22m | [39m[0m
2026-10-09T11:39:22.9589601Z [  66% ] [90m[1mupdate_scripts_classes[22m | [39m[0m
2026-10-09T11:39:22.9589698Z [  66% ] [90m[1mupdate_scripts_classes[22m | [39m[0m
2026-10-09T11:39:22.9589794Z [  66% ] [90m[1mupdate_scripts_classes[22m | [39m[0m
2026-10-09T11:39:22.9589892Z [  66% ] [90m[1mupdate_scripts_classes[22m | [39m[0m
2026-10-09T11:39:22.9589990Z [  66% ] [90m[1mupdate_scripts_classes[22m | [39m[0m
2026-10-09T11:39:22.9590088Z [  66% ] [90m[1mupdate_scripts_classes[22m | [39m[0m
2026-10-09T11:39:22.9590187Z [  66% ] [90m[1mupdate_scripts_classes[22m | [39m[0m
2026-10-09T11:39:22.9590285Z [  66% ] [90m[1mupdate_scripts_classes[22m | [39m[0m
2026-10-09T11:39:22.9590383Z [  66% ] [90m[1mupdate_scripts_classes[22m | [39m[0m
2026-10-09T11:39:22.9590478Z [  66% ] [90m[1mupdate_scripts_classes[22m | [39m[0m
2026-10-09T11:39:22.9590578Z [  66% ] [90m[1mupdate_scripts_classes[22m | [39m[0m
2026-10-09T11:39:22.9590676Z [  66% ] [90m[1mupdate_scripts_classes[22m | [39m[0m
2026-10-09T11:39:22.9590774Z [  66% ] [90m[1mupdate_scripts_classes[22m | [39m[0m
2026-10-09T11:39:22.9590869Z [  66% ] [90m[1mupdate_scripts_classes[22m | [39m[0m
2026-10-09T11:39:22.9590965Z [  66% ] [90m[1mupdate_scripts_classes[22m | [39m[0m
2026-10-09T11:39:22.9591065Z [  66% ] [90m[1mupdate_scripts_classes[22m | [39m[0m
2026-10-09T11:39:22.9591161Z [  66% ] [90m[1mupdate_scripts_classes[22m | [39m[0m
2026-10-09T11:39:22.9591260Z [  66% ] [90m[1mupdate_scripts_classes[22m | [39m[0m
2026-10-09T11:39:22.9591443Z [  66% ] [90m[1mupdate_scripts_classes[22m | [39m[0m
2026-10-09T11:39:22.9591544Z [  66% ] [90m[1mupdate_scripts_classes[22m | [39m[0m
2026-10-09T11:39:22.9591640Z [  67% ] [90m[1mupdate_scripts_classes[22m | [39m[0m
2026-10-09T11:39:22.9591738Z [  67% ] [90m[1mupdate_scripts_classes[22m | [39m[0m
2026-10-09T11:39:22.9591836Z [  67% ] [90m[1mupdate_scripts_classes[22m | [39m[0m
2026-10-09T11:39:22.9591932Z [  67% ] [90m[1mupdate_scripts_classes[22m | [39m[0m
2026-10-09T11:39:22.9592031Z [  67% ] [90m[1mupdate_scripts_classes[22m | [39m[0m
2026-10-09T11:39:22.9592129Z [  67% ] [90m[1mupdate_scripts_classes[22m | [39m[0m
2026-10-09T11:39:22.9592227Z [  67% ] [90m[1mupdate_scripts_classes[22m | [39m[0m
2026-10-09T11:39:22.9592323Z [  67% ] [90m[1mupdate_scripts_classes[22m | [39m[0m
2026-10-09T11:39:22.9592420Z [  67% ] [90m[1mupdate_scripts_classes[22m | [39m[0m
2026-10-09T11:39:22.9592581Z [  67% ] [90m[1mupdate_scripts_classes[22m | [39m[0m
2026-10-09T11:39:22.9592676Z [  67% ] [90m[1mupdate_scripts_classes[22m | [39m[0m
2026-10-09T11:39:22.9592774Z [  67% ] [90m[1mupdate_scripts_classes[22m | [39m[0m
2026-10-09T11:39:22.9592871Z [  67% ] [90m[1mupdate_scripts_classes[22m | [39m[0m
2026-10-09T11:39:22.9592967Z [  67% ] [90m[1mupdate_scripts_classes[22m | [39m[0m
2026-10-09T11:39:22.9593062Z [  67% ] [90m[1mupdate_scripts_classes[22m | [39m[0m
2026-10-09T11:39:22.9593159Z [  67% ] [90m[1mupdate_scripts_classes[22m | [39m[0m
2026-10-09T11:39:22.9593254Z [  67% ] [90m[1mupdate_scripts_classes[22m | [39m[0m
2026-10-09T11:39:22.9593348Z [  67% ] [90m[1mupdate_scripts_classes[22m | [39m[0m
2026-10-09T11:39:22.9593489Z [  67% ] [90m[1mupdate_scripts_classes[22m | [39m[0m
2026-10-09T11:39:22.9593644Z [  67% ] [90m[1mupdate_scripts_classes[22m | [39m[0m
2026-10-09T11:39:22.9593793Z [  67% ] [90m[1mupdate_scripts_classes[22m | [39m[0m
2026-10-09T11:39:22.9593948Z [  67% ] [90m[1mupdate_scripts_classes[22m | [39m[0m
2026-10-09T11:39:22.9594102Z [  67% ] [90m[1mupdate_scripts_classes[22m | [39m[0m
2026-10-09T11:39:22.9594255Z [  67% ] [90m[1mupdate_scripts_classes[22m | [39m[0m
2026-10-09T11:39:22.9594405Z [  67% ] [90m[1mupdate_scripts_classes[22m | [39m[0m
2026-10-09T11:39:22.9594560Z [  67% ] [90m[1mupdate_scripts_classes[22m | [39m[0m
2026-10-09T11:39:22.9594712Z [  67% ] [90m[1mupdate_scripts_classes[22m | [39m[0m
2026-10-09T11:39:22.9594866Z [  67% ] [90m[1mupdate_scripts_classes[22m | [39m[0m
2026-10-09T11:39:22.9595016Z [  67% ] [90m[1mupdate_scripts_classes[22m | [39m[0m
2026-10-09T11:39:22.9595168Z [  67% ] [90m[1mupdate_scripts_classes[22m | [39m[0m
2026-10-09T11:39:22.9595320Z [  67% ] [90m[1mupdate_scripts_classes[22m | [39m[0m
2026-10-09T11:39:22.9595470Z [  68% ] [90m[1mupdate_scripts_classes[22m | [39m[0m
2026-10-09T11:39:22.9595624Z [  68% ] [90m[1mupdate_scripts_classes[22m | [39m[0m
2026-10-09T11:39:22.9595781Z [  68% ] [90m[1mupdate_scripts_classes[22m | [39m[0m
2026-10-09T11:39:22.9595934Z [  68% ] [90m[1mupdate_scripts_classes[22m | [39m[0m
2026-10-09T11:39:22.9596085Z [  68% ] [90m[1mupdate_scripts_classes[22m | [39m[0m
2026-10-09T11:39:22.9596238Z [  68% ] [90m[1mupdate_scripts_classes[22m | [39m[0m
2026-10-09T11:39:22.9596393Z [  68% ] [90m[1mupdate_scripts_classes[22m | [39m[0m
2026-10-09T11:39:22.9596547Z [  68% ] [90m[1mupdate_scripts_classes[22m | [39m[0m
2026-10-09T11:39:22.9596719Z [  68% ] [90m[1mupdate_scripts_classes[22m | [39m[0m
2026-10-09T11:39:22.9596817Z [  68% ] [90m[1mupdate_scripts_classes[22m | [39m[0m
2026-10-09T11:39:22.9596913Z [  68% ] [90m[1mupdate_scripts_classes[22m | [39m[0m
2026-10-09T11:39:22.9597008Z [  68% ] [90m[1mupdate_scripts_classes[22m | [39m[0m
2026-10-09T11:39:22.9597105Z [  68% ] [90m[1mupdate_scripts_classes[22m | [39m[0m
2026-10-09T11:39:22.9597204Z [  68% ] [90m[1mupdate_scripts_classes[22m | [39m[0m
2026-10-09T11:39:22.9597393Z [  68% ] [90m[1mupdate_scripts_classes[22m | [39m[0m
2026-10-09T11:39:22.9597496Z [  68% ] [90m[1mupdate_scripts_classes[22m | [39m[0m
2026-10-09T11:39:22.9597595Z [  68% ] [90m[1mupdate_scripts_classes[22m | [39m[0m
2026-10-09T11:39:22.9597694Z [  68% ] [90m[1mupdate_scripts_classes[22m | [39m[0m
2026-10-09T11:39:22.9597790Z [  68% ] [90m[1mupdate_scripts_classes[22m | [39m[0m
2026-10-09T11:39:22.9597889Z [  68% ] [90m[1mupdate_scripts_classes[22m | [39m[0m
2026-10-09T11:39:22.9597991Z [  68% ] [90m[1mupdate_scripts_classes[22m | [39m[0m
2026-10-09T11:39:22.9598088Z [  68% ] [90m[1mupdate_scripts_classes[22m | [39m[0m
2026-10-09T11:39:22.9598187Z [  68% ] [90m[1mupdate_scripts_classes[22m | [39m[0m
2026-10-09T11:39:22.9598284Z [  68% ] [90m[1mupdate_scripts_classes[22m | [39m[0m
2026-10-09T11:39:22.9598382Z [  68% ] [90m[1mupdate_scripts_classes[22m | [39m[0m
2026-10-09T11:39:22.9598560Z [  68% ] [90m[1mupdate_scripts_classes[22m | [39m[0m
2026-10-09T11:39:22.9598659Z [  68% ] [90m[1mupdate_scripts_classes[22m | [39m[0m
2026-10-09T11:39:22.9598759Z [  68% ] [90m[1mupdate_scripts_classes[22m | [39m[0m
2026-10-09T11:39:22.9598856Z [  68% ] [90m[1mupdate_scripts_classes[22m | [39m[0m
2026-10-09T11:39:22.9598957Z [  68% ] [90m[1mupdate_scripts_classes[22m | [39m[0m
2026-10-09T11:39:22.9599056Z [  68% ] [90m[1mupdate_scripts_classes[22m | [39m[0m
2026-10-09T11:39:22.9599156Z [  69% ] [90m[1mupdate_scripts_classes[22m | [39m[0m
2026-10-09T11:39:22.9599253Z [  69% ] [90m[1mupdate_scripts_classes[22m | [39m[0m
2026-10-09T11:39:22.9599352Z [  69% ] [90m[1mupdate_scripts_classes[22m | [39m[0m
2026-10-09T11:39:22.9599451Z [  69% ] [90m[1mupdate_scripts_classes[22m | [39m[0m
2026-10-09T11:39:22.9599548Z [  69% ] [90m[1mupdate_scripts_classes[22m | [39m[0m
2026-10-09T11:39:22.9599647Z [  69% ] [90m[1mupdate_scripts_classes[22m | [39m[0m
2026-10-09T11:39:22.9599749Z [  69% ] [90m[1mupdate_scripts_classes[22m | [39m[0m
2026-10-09T11:39:22.9599848Z [  69% ] [90m[1mupdate_scripts_classes[22m | [39m[0m
2026-10-09T11:39:22.9599944Z [  69% ] [90m[1mupdate_scripts_classes[22m | [39m[0m
2026-10-09T11:39:22.9600041Z [  69% ] [90m[1mupdate_scripts_classes[22m | [39m[0m
2026-10-09T11:39:22.9600139Z [  69% ] [90m[1mupdate_scripts_classes[22m | [39m[0m
2026-10-09T11:39:22.9600234Z [  69% ] [90m[1mupdate_scripts_classes[22m | [39m[0m
2026-10-09T11:39:22.9600332Z [  69% ] [90m[1mupdate_scripts_classes[22m | [39m[0m
2026-10-09T11:39:22.9600430Z [  69% ] [90m[1mupdate_scripts_classes[22m | [39m[0m
2026-10-09T11:39:22.9600529Z [  69% ] [90m[1mupdate_scripts_classes[22m | [39m[0m
2026-10-09T11:39:22.9600626Z [  69% ] [90m[1mupdate_scripts_classes[22m | [39m[0m
2026-10-09T11:39:22.9600723Z [  69% ] [90m[1mupdate_scripts_classes[22m | [39m[0m
2026-10-09T11:39:22.9600822Z [  69% ] [90m[1mupdate_scripts_classes[22m | [39m[0m
2026-10-09T11:39:22.9600920Z [  69% ] [90m[1mupdate_scripts_classes[22m | [39m[0m
2026-10-09T11:39:22.9601017Z [  69% ] [90m[1mupdate_scripts_classes[22m | [39m[0m
2026-10-09T11:39:22.9601115Z [  69% ] [90m[1mupdate_scripts_classes[22m | [39m[0m
2026-10-09T11:39:22.9601212Z [  69% ] [90m[1mupdate_scripts_classes[22m | [39m[0m
2026-10-09T11:39:22.9601309Z [  69% ] [90m[1mupdate_scripts_classes[22m | [39m[0m
2026-10-09T11:39:22.9601407Z [  69% ] [90m[1mupdate_scripts_classes[22m | [39m[0m
2026-10-09T11:39:22.9601505Z [  69% ] [90m[1mupdate_scripts_classes[22m | [39m[0m
2026-10-09T11:39:22.9601600Z [  69% ] [90m[1mupdate_scripts_classes[22m | [39m[0m
2026-10-09T11:39:22.9601700Z [  69% ] [90m[1mupdate_scripts_classes[22m | [39m[0m
2026-10-09T11:39:22.9601798Z [  69% ] [90m[1mupdate_scripts_classes[22m | [39m[0m
2026-10-09T11:39:22.9601896Z [  69% ] [90m[1mupdate_scripts_classes[22m | [39m[0m
2026-10-09T11:39:22.9601992Z [  69% ] [90m[1mupdate_scripts_classes[22m | [39m[0m
2026-10-09T11:39:22.9602154Z [  69% ] [90m[1mupdate_scripts_classes[22m | [39m[0m
2026-10-09T11:39:22.9602253Z [  70% ] [90m[1mupdate_scripts_classes[22m | [39m[0m
2026-10-09T11:39:22.9602350Z [  70% ] [90m[1mupdate_scripts_classes[22m | [39m[0m
2026-10-09T11:39:22.9602449Z [  70% ] [90m[1mupdate_scripts_classes[22m | [39m[0m
2026-10-09T11:39:22.9602548Z [  70% ] [90m[1mupdate_scripts_classes[22m | [39m[0m
2026-10-09T11:39:22.9602646Z [  70% ] [90m[1mupdate_scripts_classes[22m | [39m[0m
2026-10-09T11:39:22.9602742Z [  70% ] [90m[1mupdate_scripts_classes[22m | [39m[0m
2026-10-09T11:39:22.9602842Z [  70% ] [90m[1mupdate_scripts_classes[22m | [39m[0m
2026-10-09T11:39:22.9602943Z [  70% ] [90m[1mupdate_scripts_classes[22m | [39m[0m
2026-10-09T11:39:22.9603039Z [  70% ] [90m[1mupdate_scripts_classes[22m | [39m[0m
2026-10-09T11:39:22.9603137Z [  70% ] [90m[1mupdate_scripts_classes[22m | [39m[0m
2026-10-09T11:39:22.9603295Z [  70% ] [90m[1mupdate_scripts_classes[22m | [39m[0m
2026-10-09T11:39:22.9603393Z [  70% ] [90m[1mupdate_scripts_classes[22m | [39m[0m
2026-10-09T11:39:22.9603489Z [  70% ] [90m[1mupdate_scripts_classes[22m | [39m[0m
2026-10-09T11:39:22.9603587Z [  70% ] [90m[1mupdate_scripts_classes[22m | [39m[0m
2026-10-09T11:39:22.9603686Z [  70% ] [90m[1mupdate_scripts_classes[22m | [39m[0m
2026-10-09T11:39:22.9603782Z [  70% ] [90m[1mupdate_scripts_classes[22m | [39m[0m
2026-10-09T11:39:22.9603883Z [  70% ] [90m[1mupdate_scripts_classes[22m | [39m[0m
2026-10-09T11:39:22.9604056Z [  70% ] [90m[1mupdate_scripts_classes[22m | RoadCreatureVisibilityModel[39m[0m
2026-10-09T11:39:22.9604157Z [  70% ] [90m[1mupdate_scripts_classes[22m | [39m[0m
2026-10-09T11:39:22.9604253Z [  70% ] [90m[1mupdate_scripts_classes[22m | [39m[0m
2026-10-09T11:39:22.9604352Z [  70% ] [90m[1mupdate_scripts_classes[22m | [39m[0m
2026-10-09T11:39:22.9604450Z [  70% ] [90m[1mupdate_scripts_classes[22m | [39m[0m
2026-10-09T11:39:22.9604548Z [  70% ] [90m[1mupdate_scripts_classes[22m | [39m[0m
2026-10-09T11:39:22.9604647Z [  70% ] [90m[1mupdate_scripts_classes[22m | [39m[0m
2026-10-09T11:39:22.9604747Z [  70% ] [90m[1mupdate_scripts_classes[22m | [39m[0m
2026-10-09T11:39:22.9604845Z [  70% ] [90m[1mupdate_scripts_classes[22m | [39m[0m
2026-10-09T11:39:22.9604940Z [  70% ] [90m[1mupdate_scripts_classes[22m | [39m[0m
2026-10-09T11:39:22.9605040Z [  70% ] [90m[1mupdate_scripts_classes[22m | [39m[0m
2026-10-09T11:39:22.9605139Z [  70% ] [90m[1mupdate_scripts_classes[22m | [39m[0m
2026-10-09T11:39:22.9605234Z [  70% ] [90m[1mupdate_scripts_classes[22m | [39m[0m
2026-10-09T11:39:22.9605334Z [  70% ] [90m[1mupdate_scripts_classes[22m | [39m[0m
2026-10-09T11:39:22.9605431Z [  71% ] [90m[1mupdate_scripts_classes[22m | [39m[0m
2026-10-09T11:39:22.9605529Z [  71% ] [90m[1mupdate_scripts_classes[22m | [39m[0m
2026-10-09T11:39:22.9605624Z [  71% ] [90m[1mupdate_scripts_classes[22m | [39m[0m
2026-10-09T11:39:22.9605726Z [  71% ] [90m[1mupdate_scripts_classes[22m | [39m[0m
2026-10-09T11:39:22.9605825Z [  71% ] [90m[1mupdate_scripts_classes[22m | [39m[0m
2026-10-09T11:39:22.9605921Z [  71% ] [90m[1mupdate_scripts_classes[22m | [39m[0m
2026-10-09T11:39:22.9606019Z [  71% ] [90m[1mupdate_scripts_classes[22m | [39m[0m
2026-10-09T11:39:22.9606118Z [  71% ] [90m[1mupdate_scripts_classes[22m | [39m[0m
2026-10-09T11:39:22.9606216Z [  71% ] [90m[1mupdate_scripts_classes[22m | [39m[0m
2026-10-09T11:39:22.9606312Z [  71% ] [90m[1mupdate_scripts_classes[22m | [39m[0m
2026-10-09T11:39:22.9606410Z [  71% ] [90m[1mupdate_scripts_classes[22m | [39m[0m
2026-10-09T11:39:22.9606508Z [  71% ] [90m[1mupdate_scripts_classes[22m | [39m[0m
2026-10-09T11:39:22.9606720Z [  71% ] [90m[1mupdate_scripts_classes[22m | [39m[0m
2026-10-09T11:39:22.9606823Z [  71% ] [90m[1mupdate_scripts_classes[22m | [39m[0m
2026-10-09T11:39:22.9607015Z [  71% ] [90m[1mupdate_scripts_classes[22m | [39m[0m
2026-10-09T11:39:22.9607116Z [  71% ] [90m[1mupdate_scripts_classes[22m | [39m[0m
2026-10-09T11:39:22.9607213Z [  71% ] [90m[1mupdate_scripts_classes[22m | [39m[0m
2026-10-09T11:39:22.9607311Z [  71% ] [90m[1mupdate_scripts_classes[22m | [39m[0m
2026-10-09T11:39:22.9607410Z [  71% ] [90m[1mupdate_scripts_classes[22m | [39m[0m
2026-10-09T11:39:22.9607507Z [  71% ] [90m[1mupdate_scripts_classes[22m | [39m[0m
2026-10-09T11:39:22.9607606Z [  71% ] [90m[1mupdate_scripts_classes[22m | [39m[0m
2026-10-09T11:39:22.9607704Z [  71% ] [90m[1mupdate_scripts_classes[22m | [39m[0m
2026-10-09T11:39:22.9607802Z [  71% ] [90m[1mupdate_scripts_classes[22m | [39m[0m
2026-10-09T11:39:22.9607897Z [  71% ] [90m[1mupdate_scripts_classes[22m | [39m[0m
2026-10-09T11:39:22.9607994Z [  71% ] [90m[1mupdate_scripts_classes[22m | [39m[0m
2026-10-09T11:39:22.9608092Z [  71% ] [90m[1mupdate_scripts_classes[22m | [39m[0m
2026-10-09T11:39:22.9608270Z [  71% ] [90m[1mupdate_scripts_classes[22m | [39m[0m
2026-10-09T11:39:22.9608368Z [  71% ] [90m[1mupdate_scripts_classes[22m | [39m[0m
2026-10-09T11:39:22.9608465Z [  71% ] [90m[1mupdate_scripts_classes[22m | [39m[0m
2026-10-09T11:39:22.9608562Z [  71% ] [90m[1mupdate_scripts_classes[22m | [39m[0m
2026-10-09T11:39:22.9608657Z [  71% ] [90m[1mupdate_scripts_classes[22m | [39m[0m
2026-10-09T11:39:22.9608821Z [  72% ] [90m[1mupdate_scripts_classes[22m | [39m[0m
2026-10-09T11:39:22.9608975Z [  72% ] [90m[1mupdate_scripts_classes[22m | [39m[0m
2026-10-09T11:39:22.9609135Z [  72% ] [90m[1mupdate_scripts_classes[22m | [39m[0m
2026-10-09T11:39:22.9609285Z [  72% ] [90m[1mupdate_scripts_classes[22m | [39m[0m
2026-10-09T11:39:22.9609439Z [  72% ] [90m[1mupdate_scripts_classes[22m | [39m[0m
2026-10-09T11:39:22.9609593Z [  72% ] [90m[1mupdate_scripts_classes[22m | [39m[0m
2026-10-09T11:39:22.9609742Z [  72% ] [90m[1mupdate_scripts_classes[22m | [39m[0m
2026-10-09T11:39:22.9609900Z [  72% ] [90m[1mupdate_scripts_classes[22m | [39m[0m
2026-10-09T11:39:22.9610053Z [  72% ] [90m[1mupdate_scripts_classes[22m | [39m[0m
2026-10-09T11:39:22.9610205Z [  72% ] [90m[1mupdate_scripts_classes[22m | [39m[0m
2026-10-09T11:39:22.9610355Z [  72% ] [90m[1mupdate_scripts_classes[22m | [39m[0m
2026-10-09T11:39:22.9610508Z [  72% ] [90m[1mupdate_scripts_classes[22m | [39m[0m
2026-10-09T11:39:22.9610661Z [  72% ] [90m[1mupdate_scripts_classes[22m | [39m[0m
2026-10-09T11:39:22.9610812Z [  72% ] [90m[1mupdate_scripts_classes[22m | [39m[0m
2026-10-09T11:39:22.9610964Z [  72% ] [90m[1mupdate_scripts_classes[22m | [39m[0m
2026-10-09T11:39:22.9611116Z [  72% ] [90m[1mupdate_scripts_classes[22m | [39m[0m
2026-10-09T11:39:22.9611271Z [  72% ] [90m[1mupdate_scripts_classes[22m | [39m[0m
2026-10-09T11:39:22.9611423Z [  72% ] [90m[1mupdate_scripts_classes[22m | [39m[0m
2026-10-09T11:39:22.9611576Z [  72% ] [90m[1mupdate_scripts_classes[22m | [39m[0m
2026-10-09T11:39:22.9611732Z [  72% ] [90m[1mupdate_scripts_classes[22m | [39m[0m
2026-10-09T11:39:22.9611862Z [  72% ] [90m[1mupdate_scripts_classes[22m | [39m[0m
2026-10-09T11:39:22.9611961Z [  72% ] [90m[1mupdate_scripts_classes[22m | [39m[0m
2026-10-09T11:39:22.9612058Z [  72% ] [90m[1mupdate_scripts_classes[22m | [39m[0m
2026-10-09T11:39:22.9612155Z [  72% ] [90m[1mupdate_scripts_classes[22m | [39m[0m
2026-10-09T11:39:22.9612250Z [  72% ] [90m[1mupdate_scripts_classes[22m | [39m[0m
2026-10-09T11:39:22.9612346Z [  72% ] [90m[1mupdate_scripts_classes[22m | [39m[0m
2026-10-09T11:39:22.9612445Z [  72% ] [90m[1mupdate_scripts_classes[22m | [39m[0m
2026-10-09T11:39:22.9612539Z [  72% ] [90m[1mupdate_scripts_classes[22m | [39m[0m
2026-10-09T11:39:22.9612636Z [  72% ] [90m[1mupdate_scripts_classes[22m | [39m[0m
2026-10-09T11:39:22.9612735Z [  72% ] [90m[1mupdate_scripts_classes[22m | [39m[0m
2026-10-09T11:39:22.9612835Z [  72% ] [90m[1mupdate_scripts_classes[22m | [39m[0m
2026-10-09T11:39:22.9612997Z [  73% ] [90m[1mupdate_scripts_classes[22m | [39m[0m
2026-10-09T11:39:22.9613096Z [  73% ] [90m[1mupdate_scripts_classes[22m | [39m[0m
2026-10-09T11:39:22.9613196Z [  73% ] [90m[1mupdate_scripts_classes[22m | [39m[0m
2026-10-09T11:39:22.9613292Z [  73% ] [90m[1mupdate_scripts_classes[22m | [39m[0m
2026-10-09T11:39:22.9613389Z [  73% ] [90m[1mupdate_scripts_classes[22m | [39m[0m
2026-10-09T11:39:22.9613486Z [  73% ] [90m[1mupdate_scripts_classes[22m | [39m[0m
2026-10-09T11:39:22.9613582Z [  73% ] [90m[1mupdate_scripts_classes[22m | [39m[0m
2026-10-09T11:39:22.9613678Z [  73% ] [90m[1mupdate_scripts_classes[22m | [39m[0m
2026-10-09T11:39:22.9613775Z [  73% ] [90m[1mupdate_scripts_classes[22m | [39m[0m
2026-10-09T11:39:22.9613873Z [  73% ] [90m[1mupdate_scripts_classes[22m | [39m[0m
2026-10-09T11:39:22.9613969Z [  73% ] [90m[1mupdate_scripts_classes[22m | [39m[0m
2026-10-09T11:39:22.9614128Z [  73% ] [90m[1mupdate_scripts_classes[22m | [39m[0m
2026-10-09T11:39:22.9614226Z [  73% ] [90m[1mupdate_scripts_classes[22m | [39m[0m
2026-10-09T11:39:22.9614324Z [  73% ] [90m[1mupdate_scripts_classes[22m | [39m[0m
2026-10-09T11:39:22.9614421Z [  73% ] [90m[1mupdate_scripts_classes[22m | [39m[0m
2026-10-09T11:39:22.9614520Z [  73% ] [90m[1mupdate_scripts_classes[22m | [39m[0m
2026-10-09T11:39:22.9614619Z [  73% ] [90m[1mupdate_scripts_classes[22m | [39m[0m
2026-10-09T11:39:22.9614716Z [  73% ] [90m[1mupdate_scripts_classes[22m | [39m[0m
2026-10-09T11:39:22.9614814Z [  73% ] [90m[1mupdate_scripts_classes[22m | [39m[0m
2026-10-09T11:39:22.9614912Z [  73% ] [90m[1mupdate_scripts_classes[22m | [39m[0m
2026-10-09T11:39:22.9615010Z [  73% ] [90m[1mupdate_scripts_classes[22m | [39m[0m
2026-10-09T11:39:22.9615105Z [  73% ] [90m[1mupdate_scripts_classes[22m | [39m[0m
2026-10-09T11:39:22.9615203Z [  73% ] [90m[1mupdate_scripts_classes[22m | [39m[0m
2026-10-09T11:39:22.9615305Z [  73% ] [90m[1mupdate_scripts_classes[22m | [39m[0m
2026-10-09T11:39:22.9615402Z [  73% ] [90m[1mupdate_scripts_classes[22m | [39m[0m
2026-10-09T11:39:22.9615502Z [  73% ] [90m[1mupdate_scripts_classes[22m | [39m[0m
2026-10-09T11:39:22.9615600Z [  73% ] [90m[1mupdate_scripts_classes[22m | [39m[0m
2026-10-09T11:39:22.9615697Z [  73% ] [90m[1mupdate_scripts_classes[22m | [39m[0m
2026-10-09T11:39:22.9615793Z [  73% ] [90m[1mupdate_scripts_classes[22m | [39m[0m
2026-10-09T11:39:22.9615890Z [  73% ] [90m[1mupdate_scripts_classes[22m | [39m[0m
2026-10-09T11:39:22.9615988Z [  73% ] [90m[1mupdate_scripts_classes[22m | [39m[0m
2026-10-09T11:39:22.9616083Z [  74% ] [90m[1mupdate_scripts_classes[22m | [39m[0m
2026-10-09T11:39:22.9616181Z [  74% ] [90m[1mupdate_scripts_classes[22m | [39m[0m
2026-10-09T11:39:22.9616278Z [  74% ] [90m[1mupdate_scripts_classes[22m | [39m[0m
2026-10-09T11:39:22.9616375Z [  74% ] [90m[1mupdate_scripts_classes[22m | [39m[0m
2026-10-09T11:39:22.9616474Z [  74% ] [90m[1mupdate_scripts_classes[22m | [39m[0m
2026-10-09T11:39:22.9616572Z [  74% ] [90m[1mupdate_scripts_classes[22m | [39m[0m
2026-10-09T11:39:22.9616762Z [  74% ] [90m[1mupdate_scripts_classes[22m | [39m[0m
2026-10-09T11:39:22.9616858Z [  74% ] [90m[1mupdate_scripts_classes[22m | [39m[0m
2026-10-09T11:39:22.9616956Z [  74% ] [90m[1mupdate_scripts_classes[22m | [39m[0m
2026-10-09T11:39:22.9617053Z [  74% ] [90m[1mupdate_scripts_classes[22m | [39m[0m
2026-10-09T11:39:22.9617150Z [  74% ] [90m[1mupdate_scripts_classes[22m | [39m[0m
2026-10-09T11:39:22.9617247Z [  74% ] [90m[1mupdate_scripts_classes[22m | [39m[0m
2026-10-09T11:39:22.9617346Z [  74% ] [90m[1mupdate_scripts_classes[22m | [39m[0m
2026-10-09T11:39:22.9617443Z [  74% ] [90m[1mupdate_scripts_classes[22m | [39m[0m
2026-10-09T11:39:22.9617540Z [  74% ] [90m[1mupdate_scripts_classes[22m | [39m[0m
2026-10-09T11:39:22.9617639Z [  74% ] [90m[1mupdate_scripts_classes[22m | [39m[0m
2026-10-09T11:39:22.9617829Z [  74% ] [90m[1mupdate_scripts_classes[22m | [39m[0m
2026-10-09T11:39:22.9617933Z [  74% ] [90m[1mupdate_scripts_classes[22m | [39m[0m
2026-10-09T11:39:22.9618028Z [  74% ] [90m[1mupdate_scripts_classes[22m | [39m[0m
2026-10-09T11:39:22.9618126Z [  74% ] [90m[1mupdate_scripts_classes[22m | [39m[0m
2026-10-09T11:39:22.9618224Z [  74% ] [90m[1mupdate_scripts_classes[22m | [39m[0m
2026-10-09T11:39:22.9618318Z [  74% ] [90m[1mupdate_scripts_classes[22m | [39m[0m
2026-10-09T11:39:22.9618416Z [  74% ] [90m[1mupdate_scripts_classes[22m | [39m[0m
2026-10-09T11:39:22.9618515Z [  74% ] [90m[1mupdate_scripts_classes[22m | [39m[0m
2026-10-09T11:39:22.9618613Z [  74% ] [90m[1mupdate_scripts_classes[22m | [39m[0m
2026-10-09T11:39:22.9618707Z [  74% ] [90m[1mupdate_scripts_classes[22m | [39m[0m
2026-10-09T11:39:22.9618804Z [  74% ] [90m[1mupdate_scripts_classes[22m | [39m[0m
2026-10-09T11:39:22.9618991Z [  74% ] [90m[1mupdate_scripts_classes[22m | [39m[0m
2026-10-09T11:39:22.9619089Z [  74% ] [90m[1mupdate_scripts_classes[22m | [39m[0m
2026-10-09T11:39:22.9619186Z [  74% ] [90m[1mupdate_scripts_classes[22m | [39m[0m
2026-10-09T11:39:22.9619285Z [  74% ] [90m[1mupdate_scripts_classes[22m | [39m[0m
2026-10-09T11:39:22.9619386Z [  75% ] [90m[1mupdate_scripts_classes[22m | [39m[0m
2026-10-09T11:39:22.9619483Z [  75% ] [90m[1mupdate_scripts_classes[22m | [39m[0m
2026-10-09T11:39:22.9619584Z [  75% ] [90m[1mupdate_scripts_classes[22m | [39m[0m
2026-10-09T11:39:22.9619684Z [  75% ] [90m[1mupdate_scripts_classes[22m | [39m[0m
2026-10-09T11:39:22.9619781Z [  75% ] [90m[1mupdate_scripts_classes[22m | [39m[0m
2026-10-09T11:39:22.9619879Z [  75% ] [90m[1mupdate_scripts_classes[22m | [39m[0m
2026-10-09T11:39:22.9619978Z [  75% ] [90m[1mupdate_scripts_classes[22m | [39m[0m
2026-10-09T11:39:22.9620079Z [  75% ] [90m[1mupdate_scripts_classes[22m | [39m[0m
2026-10-09T11:39:22.9620177Z [  75% ] [90m[1mupdate_scripts_classes[22m | [39m[0m
2026-10-09T11:39:22.9620277Z [  75% ] [90m[1mupdate_scripts_classes[22m | [39m[0m
2026-10-09T11:39:22.9620374Z [  75% ] [90m[1mupdate_scripts_classes[22m | [39m[0m
2026-10-09T11:39:22.9620470Z [  75% ] [90m[1mupdate_scripts_classes[22m | [39m[0m
2026-10-09T11:39:22.9620568Z [  75% ] [90m[1mupdate_scripts_classes[22m | [39m[0m
2026-10-09T11:39:22.9620666Z [  75% ] [90m[1mupdate_scripts_classes[22m | [39m[0m
2026-10-09T11:39:22.9620764Z [  75% ] [90m[1mupdate_scripts_classes[22m | [39m[0m
2026-10-09T11:39:22.9620858Z [  75% ] [90m[1mupdate_scripts_classes[22m | [39m[0m
2026-10-09T11:39:22.9620955Z [  75% ] [90m[1mupdate_scripts_classes[22m | [39m[0m
2026-10-09T11:39:22.9621052Z [  75% ] [90m[1mupdate_scripts_classes[22m | [39m[0m
2026-10-09T11:39:22.9621146Z [  75% ] [90m[1mupdate_scripts_classes[22m | [39m[0m
2026-10-09T11:39:22.9621244Z [  75% ] [90m[1mupdate_scripts_classes[22m | [39m[0m
2026-10-09T11:39:22.9621346Z [  75% ] [90m[1mupdate_scripts_classes[22m | [39m[0m
2026-10-09T11:39:22.9621445Z [  75% ] [90m[1mupdate_scripts_classes[22m | [39m[0m
2026-10-09T11:39:22.9621540Z [  75% ] [90m[1mupdate_scripts_classes[22m | [39m[0m
2026-10-09T11:39:22.9621637Z [  75% ] [90m[1mupdate_scripts_classes[22m | [39m[0m
2026-10-09T11:39:22.9621734Z [  75% ] [90m[1mupdate_scripts_classes[22m | [39m[0m
2026-10-09T11:39:22.9621830Z [  75% ] [90m[1mupdate_scripts_classes[22m | [39m[0m
2026-10-09T11:39:22.9621927Z [  75% ] [90m[1mupdate_scripts_classes[22m | [39m[0m
2026-10-09T11:39:22.9622023Z [  75% ] [90m[1mupdate_scripts_classes[22m | [39m[0m
2026-10-09T11:39:22.9622122Z [  75% ] [90m[1mupdate_scripts_classes[22m | [39m[0m
2026-10-09T11:39:22.9622217Z [  75% ] [90m[1mupdate_scripts_classes[22m | [39m[0m
2026-10-09T11:39:22.9622314Z [  75% ] [90m[1mupdate_scripts_classes[22m | [39m[0m
2026-10-09T11:39:22.9622411Z [  76% ] [90m[1mupdate_scripts_classes[22m | [39m[0m
2026-10-09T11:39:22.9622600Z [  76% ] [90m[1mupdate_scripts_classes[22m | [39m[0m
2026-10-09T11:39:22.9622701Z [  76% ] [90m[1mupdate_scripts_classes[22m | [39m[0m
2026-10-09T11:39:22.9622801Z [  76% ] [90m[1mupdate_scripts_classes[22m | [39m[0m
2026-10-09T11:39:22.9622900Z [  76% ] [90m[1mupdate_scripts_classes[22m | [39m[0m
2026-10-09T11:39:22.9622998Z [  76% ] [90m[1mupdate_scripts_classes[22m | [39m[0m
2026-10-09T11:39:22.9623098Z [  76% ] [90m[1mupdate_scripts_classes[22m | [39m[0m
2026-10-09T11:39:22.9623198Z [  76% ] [90m[1mupdate_scripts_classes[22m | [39m[0m
2026-10-09T11:39:22.9623369Z [  76% ] [90m[1mupdate_scripts_classes[22m | [39m[0m
2026-10-09T11:39:22.9623524Z [  76% ] [90m[1mupdate_scripts_classes[22m | [39m[0m
2026-10-09T11:39:22.9623678Z [  76% ] [90m[1mupdate_scripts_classes[22m | [39m[0m
2026-10-09T11:39:22.9623831Z [  76% ] [90m[1mupdate_scripts_classes[22m | [39m[0m
2026-10-09T11:39:22.9624051Z [  76% ] [90m[1mupdate_scripts_classes[22m | [39m[0m
2026-10-09T11:39:22.9624204Z [  76% ] [90m[1mupdate_scripts_classes[22m | [39m[0m
2026-10-09T11:39:22.9624358Z [  76% ] [90m[1mupdate_scripts_classes[22m | [39m[0m
2026-10-09T11:39:22.9624510Z [  76% ] [90m[1mupdate_scripts_classes[22m | [39m[0m
2026-10-09T11:39:22.9624663Z [  76% ] [90m[1mupdate_scripts_classes[22m | [39m[0m
2026-10-09T11:39:22.9624816Z [  76% ] [90m[1mupdate_scripts_classes[22m | [39m[0m
2026-10-09T11:39:22.9624969Z [  76% ] [90m[1mupdate_scripts_classes[22m | [39m[0m
2026-10-09T11:39:22.9625119Z [  76% ] [90m[1mupdate_scripts_classes[22m | [39m[0m
2026-10-09T11:39:22.9625273Z [  76% ] [90m[1mupdate_scripts_classes[22m | [39m[0m
2026-10-09T11:39:22.9625426Z [  76% ] [90m[1mupdate_scripts_classes[22m | [39m[0m
2026-10-09T11:39:22.9625577Z [  76% ] [90m[1mupdate_scripts_classes[22m | [39m[0m
2026-10-09T11:39:22.9625730Z [  76% ] [90m[1mupdate_scripts_classes[22m | [39m[0m
2026-10-09T11:39:22.9625887Z [  76% ] [90m[1mupdate_scripts_classes[22m | [39m[0m
2026-10-09T11:39:22.9626040Z [  76% ] [90m[1mupdate_scripts_classes[22m | [39m[0m
2026-10-09T11:39:22.9626190Z [  76% ] [90m[1mupdate_scripts_classes[22m | [39m[0m
2026-10-09T11:39:22.9626349Z [  76% ] [90m[1mupdate_scripts_classes[22m | [39m[0m
2026-10-09T11:39:22.9626447Z [  76% ] [90m[1mupdate_scripts_classes[22m | [39m[0m
2026-10-09T11:39:22.9626544Z [  76% ] [90m[1mupdate_scripts_classes[22m | [39m[0m
2026-10-09T11:39:22.9626716Z [  76% ] [90m[1mupdate_scripts_classes[22m | [39m[0m
2026-10-09T11:39:22.9626814Z [  77% ] [90m[1mupdate_scripts_classes[22m | [39m[0m
2026-10-09T11:39:22.9626913Z [  77% ] [90m[1mupdate_scripts_classes[22m | [39m[0m
2026-10-09T11:39:22.9627008Z [  77% ] [90m[1mupdate_scripts_classes[22m | [39m[0m
2026-10-09T11:39:22.9627106Z [  77% ] [90m[1mupdate_scripts_classes[22m | [39m[0m
2026-10-09T11:39:22.9627204Z [  77% ] [90m[1mupdate_scripts_classes[22m | [39m[0m
2026-10-09T11:39:22.9627303Z [  77% ] [90m[1mupdate_scripts_classes[22m | [39m[0m
2026-10-09T11:39:22.9627402Z [  77% ] [90m[1mupdate_scripts_classes[22m | [39m[0m
2026-10-09T11:39:22.9627499Z [  77% ] [90m[1mupdate_scripts_classes[22m | [39m[0m
2026-10-09T11:39:22.9627596Z [  77% ] [90m[1mupdate_scripts_classes[22m | [39m[0m
2026-10-09T11:39:22.9627691Z [  77% ] [90m[1mupdate_scripts_classes[22m | [39m[0m
2026-10-09T11:39:22.9627789Z [  77% ] [90m[1mupdate_scripts_classes[22m | [39m[0m
2026-10-09T11:39:22.9627888Z [  77% ] [90m[1mupdate_scripts_classes[22m | [39m[0m
2026-10-09T11:39:22.9627983Z [  77% ] [90m[1mupdate_scripts_classes[22m | [39m[0m
2026-10-09T11:39:22.9628080Z [  77% ] [90m[1mupdate_scripts_classes[22m | [39m[0m
2026-10-09T11:39:22.9628178Z [  77% ] [90m[1mupdate_scripts_classes[22m | [39m[0m
2026-10-09T11:39:22.9628277Z [  77% ] [90m[1mupdate_scripts_classes[22m | [39m[0m
2026-10-09T11:39:22.9628372Z [  77% ] [90m[1mupdate_scripts_classes[22m | [39m[0m
2026-10-09T11:39:22.9628567Z [  77% ] [90m[1mupdate_scripts_classes[22m | [39m[0m
2026-10-09T11:39:22.9628668Z [  77% ] [90m[1mupdate_scripts_classes[22m | [39m[0m
2026-10-09T11:39:22.9628765Z [  77% ] [90m[1mupdate_scripts_classes[22m | [39m[0m
2026-10-09T11:39:22.9628865Z [  77% ] [90m[1mupdate_scripts_classes[22m | [39m[0m
2026-10-09T11:39:22.9628965Z [  77% ] [90m[1mupdate_scripts_classes[22m | [39m[0m
2026-10-09T11:39:22.9629064Z [  77% ] [90m[1mupdate_scripts_classes[22m | [39m[0m
2026-10-09T11:39:22.9629159Z [  77% ] [90m[1mupdate_scripts_classes[22m | [39m[0m
2026-10-09T11:39:22.9629256Z [  77% ] [90m[1mupdate_scripts_classes[22m | [39m[0m
2026-10-09T11:39:22.9629355Z [  77% ] [90m[1mupdate_scripts_classes[22m | [39m[0m
2026-10-09T11:39:22.9629450Z [  77% ] [90m[1mupdate_scripts_classes[22m | [39m[0m
2026-10-09T11:39:22.9629549Z [  77% ] [90m[1mupdate_scripts_classes[22m | [39m[0m
2026-10-09T11:39:22.9629731Z [  77% ] [90m[1mupdate_scripts_classes[22m | [39m[0m
2026-10-09T11:39:22.9629831Z [  77% ] [90m[1mupdate_scripts_classes[22m | [39m[0m
2026-10-09T11:39:22.9629927Z [  77% ] [90m[1mupdate_scripts_classes[22m | [39m[0m
2026-10-09T11:39:22.9630026Z [  78% ] [90m[1mupdate_scripts_classes[22m | [39m[0m
2026-10-09T11:39:22.9630125Z [  78% ] [90m[1mupdate_scripts_classes[22m | [39m[0m
2026-10-09T11:39:22.9630220Z [  78% ] [90m[1mupdate_scripts_classes[22m | [39m[0m
2026-10-09T11:39:22.9630318Z [  78% ] [90m[1mupdate_scripts_classes[22m | [39m[0m
2026-10-09T11:39:22.9630417Z [  78% ] [90m[1mupdate_scripts_classes[22m | [39m[0m
2026-10-09T11:39:22.9630515Z [  78% ] [90m[1mupdate_scripts_classes[22m | [39m[0m
2026-10-09T11:39:22.9630611Z [  78% ] [90m[1mupdate_scripts_classes[22m | [39m[0m
2026-10-09T11:39:22.9630708Z [  78% ] [90m[1mupdate_scripts_classes[22m | [39m[0m
2026-10-09T11:39:22.9630805Z [  78% ] [90m[1mupdate_scripts_classes[22m | [39m[0m
2026-10-09T11:39:22.9630904Z [  78% ] [90m[1mupdate_scripts_classes[22m | [39m[0m
2026-10-09T11:39:22.9631001Z [  78% ] [90m[1mupdate_scripts_classes[22m | [39m[0m
2026-10-09T11:39:22.9631099Z [  78% ] [90m[1mupdate_scripts_classes[22m | [39m[0m
2026-10-09T11:39:22.9631196Z [  78% ] [90m[1mupdate_scripts_classes[22m | [39m[0m
2026-10-09T11:39:22.9631291Z [  78% ] [90m[1mupdate_scripts_classes[22m | [39m[0m
2026-10-09T11:39:22.9631391Z [  78% ] [90m[1mupdate_scripts_classes[22m | [39m[0m
2026-10-09T11:39:22.9631488Z [  78% ] [90m[1mupdate_scripts_classes[22m | [39m[0m
2026-10-09T11:39:22.9631583Z [  78% ] [90m[1mupdate_scripts_classes[22m | [39m[0m
2026-10-09T11:39:22.9631680Z [  78% ] [90m[1mupdate_scripts_classes[22m | [39m[0m
2026-10-09T11:39:22.9631776Z [  78% ] [90m[1mupdate_scripts_classes[22m | [39m[0m
2026-10-09T11:39:22.9631873Z [  78% ] [90m[1mupdate_scripts_classes[22m | [39m[0m
2026-10-09T11:39:22.9631969Z [  78% ] [90m[1mupdate_scripts_classes[22m | [39m[0m
2026-10-09T11:39:22.9632069Z [  78% ] [90m[1mupdate_scripts_classes[22m | [39m[0m
2026-10-09T11:39:22.9632166Z [  78% ] [90m[1mupdate_scripts_classes[22m | [39m[0m
2026-10-09T11:39:22.9632266Z [  78% ] [90m[1mupdate_scripts_classes[22m | [39m[0m
2026-10-09T11:39:22.9632363Z [  78% ] [90m[1mupdate_scripts_classes[22m | [39m[0m
2026-10-09T11:39:22.9632461Z [  78% ] [90m[1mupdate_scripts_classes[22m | [39m[0m
2026-10-09T11:39:22.9632558Z [  78% ] [90m[1mupdate_scripts_classes[22m | [39m[0m
2026-10-09T11:39:22.9632653Z [  78% ] [90m[1mupdate_scripts_classes[22m | [39m[0m
2026-10-09T11:39:22.9632750Z [  78% ] [90m[1mupdate_scripts_classes[22m | [39m[0m
2026-10-09T11:39:22.9632847Z [  78% ] [90m[1mupdate_scripts_classes[22m | [39m[0m
2026-10-09T11:39:22.9632942Z [  78% ] [90m[1mupdate_scripts_classes[22m | [39m[0m
2026-10-09T11:39:22.9633041Z [  79% ] [90m[1mupdate_scripts_classes[22m | [39m[0m
2026-10-09T11:39:22.9633138Z [  79% ] [90m[1mupdate_scripts_classes[22m | [39m[0m
2026-10-09T11:39:22.9633309Z [  79% ] [90m[1mupdate_scripts_classes[22m | [39m[0m
2026-10-09T11:39:22.9633409Z [  79% ] [90m[1mupdate_scripts_classes[22m | [39m[0m
2026-10-09T11:39:22.9633507Z [  79% ] [90m[1mupdate_scripts_classes[22m | [39m[0m
2026-10-09T11:39:22.9633605Z [  79% ] [90m[1mupdate_scripts_classes[22m | [39m[0m
2026-10-09T11:39:22.9633703Z [  79% ] [90m[1mupdate_scripts_classes[22m | [39m[0m
2026-10-09T11:39:22.9633801Z [  79% ] [90m[1mupdate_scripts_classes[22m | [39m[0m
2026-10-09T11:39:22.9633901Z [  79% ] [90m[1mupdate_scripts_classes[22m | [39m[0m
2026-10-09T11:39:22.9633999Z [  79% ] [90m[1mupdate_scripts_classes[22m | [39m[0m
2026-10-09T11:39:22.9634095Z [  79% ] [90m[1mupdate_scripts_classes[22m | [39m[0m
2026-10-09T11:39:22.9634192Z [  79% ] [90m[1mupdate_scripts_classes[22m | [39m[0m
2026-10-09T11:39:22.9634292Z [  79% ] [90m[1mupdate_scripts_classes[22m | [39m[0m
2026-10-09T11:39:22.9634451Z [  79% ] [90m[1mupdate_scripts_classes[22m | [39m[0m
2026-10-09T11:39:22.9634553Z [  79% ] [90m[1mupdate_scripts_classes[22m | [39m[0m
2026-10-09T11:39:22.9634652Z [  79% ] [90m[1mupdate_scripts_classes[22m | [39m[0m
2026-10-09T11:39:22.9634752Z [  79% ] [90m[1mupdate_scripts_classes[22m | [39m[0m
2026-10-09T11:39:22.9634848Z [  79% ] [90m[1mupdate_scripts_classes[22m | [39m[0m
2026-10-09T11:39:22.9634947Z [  79% ] [90m[1mupdate_scripts_classes[22m | [39m[0m
2026-10-09T11:39:22.9635044Z [  79% ] [90m[1mupdate_scripts_classes[22m | [39m[0m
2026-10-09T11:39:22.9635140Z [  79% ] [90m[1mupdate_scripts_classes[22m | [39m[0m
2026-10-09T11:39:22.9635240Z [  79% ] [90m[1mupdate_scripts_classes[22m | [39m[0m
2026-10-09T11:39:22.9635338Z [  79% ] [90m[1mupdate_scripts_classes[22m | [39m[0m
2026-10-09T11:39:22.9635438Z [  79% ] [90m[1mupdate_scripts_classes[22m | [39m[0m
2026-10-09T11:39:22.9635533Z [  79% ] [90m[1mupdate_scripts_classes[22m | [39m[0m
2026-10-09T11:39:22.9635634Z [  79% ] [90m[1mupdate_scripts_classes[22m | [39m[0m
2026-10-09T11:39:22.9635730Z [  79% ] [90m[1mupdate_scripts_classes[22m | [39m[0m
2026-10-09T11:39:22.9635824Z [  79% ] [90m[1mupdate_scripts_classes[22m | [39m[0m
2026-10-09T11:39:22.9635922Z [  79% ] [90m[1mupdate_scripts_classes[22m | [39m[0m
2026-10-09T11:39:22.9636018Z [  79% ] [90m[1mupdate_scripts_classes[22m | [39m[0m
2026-10-09T11:39:22.9636115Z [  79% ] [90m[1mupdate_scripts_classes[22m | [39m[0m
2026-10-09T11:39:22.9636210Z [  80% ] [90m[1mupdate_scripts_classes[22m | [39m[0m
2026-10-09T11:39:22.9636308Z [  80% ] [90m[1mupdate_scripts_classes[22m | [39m[0m
2026-10-09T11:39:22.9636404Z [  80% ] [90m[1mupdate_scripts_classes[22m | [39m[0m
2026-10-09T11:39:22.9636500Z [  80% ] [90m[1mupdate_scripts_classes[22m | [39m[0m
2026-10-09T11:39:22.9636599Z [  80% ] [90m[1mupdate_scripts_classes[22m | [39m[0m
2026-10-09T11:39:22.9636775Z [  80% ] [90m[1mupdate_scripts_classes[22m | [39m[0m
2026-10-09T11:39:22.9636879Z [  80% ] [90m[1mupdate_scripts_classes[22m | [39m[0m
2026-10-09T11:39:22.9636975Z [  80% ] [90m[1mupdate_scripts_classes[22m | [39m[0m
2026-10-09T11:39:22.9637074Z [  80% ] [90m[1mupdate_scripts_classes[22m | [39m[0m
2026-10-09T11:39:22.9637172Z [  80% ] [90m[1mupdate_scripts_classes[22m | [39m[0m
2026-10-09T11:39:22.9637267Z [  80% ] [90m[1mupdate_scripts_classes[22m | [39m[0m
2026-10-09T11:39:22.9637365Z [  80% ] [90m[1mupdate_scripts_classes[22m | [39m[0m
2026-10-09T11:39:22.9637464Z [  80% ] [90m[1mupdate_scripts_classes[22m | [39m[0m
2026-10-09T11:39:22.9637561Z [  80% ] [90m[1mupdate_scripts_classes[22m | [39m[0m
2026-10-09T11:39:22.9637657Z [  80% ] [90m[1mupdate_scripts_classes[22m | [39m[0m
2026-10-09T11:39:22.9637790Z [  80% ] [90m[1mupdate_scripts_classes[22m | [39m[0m
2026-10-09T11:39:22.9637951Z [  80% ] [90m[1mupdate_scripts_classes[22m | [39m[0m
2026-10-09T11:39:22.9638099Z [  80% ] [90m[1mupdate_scripts_classes[22m | [39m[0m
2026-10-09T11:39:22.9638358Z [  80% ] [90m[1mupdate_scripts_classes[22m | [39m[0m
2026-10-09T11:39:22.9638511Z [  80% ] [90m[1mupdate_scripts_classes[22m | [39m[0m
2026-10-09T11:39:22.9638665Z [  80% ] [90m[1mupdate_scripts_classes[22m | [39m[0m
2026-10-09T11:39:22.9638815Z [  80% ] [90m[1mupdate_scripts_classes[22m | [39m[0m
2026-10-09T11:39:22.9638968Z [  80% ] [90m[1mupdate_scripts_classes[22m | [39m[0m
2026-10-09T11:39:22.9639122Z [  80% ] [90m[1mupdate_scripts_classes[22m | [39m[0m
2026-10-09T11:39:22.9639273Z [  80% ] [90m[1mupdate_scripts_classes[22m | [39m[0m
2026-10-09T11:39:22.9639426Z [  80% ] [90m[1mupdate_scripts_classes[22m | [39m[0m
2026-10-09T11:39:22.9639579Z [  80% ] [90m[1mupdate_scripts_classes[22m | [39m[0m
2026-10-09T11:39:22.9639731Z [  80% ] [90m[1mupdate_scripts_classes[22m | [39m[0m
2026-10-09T11:39:22.9639882Z [  80% ] [90m[1mupdate_scripts_classes[22m | [39m[0m
2026-10-09T11:39:22.9640036Z [  80% ] [90m[1mupdate_scripts_classes[22m | [39m[0m
2026-10-09T11:39:22.9640282Z [  80% ] [90m[1mupdate_scripts_classes[22m | [39m[0m
2026-10-09T11:39:22.9640432Z [  81% ] [90m[1mupdate_scripts_classes[22m | [39m[0m
2026-10-09T11:39:22.9640585Z [  81% ] [90m[1mupdate_scripts_classes[22m | [39m[0m
2026-10-09T11:39:22.9640738Z [  81% ] [90m[1mupdate_scripts_classes[22m | [39m[0m
2026-10-09T11:39:22.9640883Z [  81% ] [90m[1mupdate_scripts_classes[22m | [39m[0m
2026-10-09T11:39:22.9640980Z [  81% ] [90m[1mupdate_scripts_classes[22m | [39m[0m
2026-10-09T11:39:22.9641078Z [  81% ] [90m[1mupdate_scripts_classes[22m | [39m[0m
2026-10-09T11:39:22.9641175Z [  81% ] [90m[1mupdate_scripts_classes[22m | [39m[0m
2026-10-09T11:39:22.9641270Z [  81% ] [90m[1mupdate_scripts_classes[22m | [39m[0m
2026-10-09T11:39:22.9641367Z [  81% ] [90m[1mupdate_scripts_classes[22m | [39m[0m
2026-10-09T11:39:22.9641465Z [  81% ] [90m[1mupdate_scripts_classes[22m | [39m[0m
2026-10-09T11:39:22.9641564Z [  81% ] [90m[1mupdate_scripts_classes[22m | [39m[0m
2026-10-09T11:39:22.9641659Z [  81% ] [90m[1mupdate_scripts_classes[22m | [39m[0m
2026-10-09T11:39:22.9641755Z [  81% ] [90m[1mupdate_scripts_classes[22m | [39m[0m
2026-10-09T11:39:22.9641852Z [  81% ] [90m[1mupdate_scripts_classes[22m | [39m[0m
2026-10-09T11:39:22.9641947Z [  81% ] [90m[1mupdate_scripts_classes[22m | [39m[0m
2026-10-09T11:39:22.9642045Z [  81% ] [90m[1mupdate_scripts_classes[22m | [39m[0m
2026-10-09T11:39:22.9642144Z [  81% ] [90m[1mupdate_scripts_classes[22m | [39m[0m
2026-10-09T11:39:22.9642241Z [  81% ] [90m[1mupdate_scripts_classes[22m | [39m[0m
2026-10-09T11:39:22.9642335Z [  81% ] [90m[1mupdate_scripts_classes[22m | [39m[0m
2026-10-09T11:39:22.9642433Z [  81% ] [90m[1mupdate_scripts_classes[22m | [39m[0m
2026-10-09T11:39:22.9642532Z [  81% ] [90m[1mupdate_scripts_classes[22m | [39m[0m
2026-10-09T11:39:22.9642628Z [  81% ] [90m[1mupdate_scripts_classes[22m | [39m[0m
2026-10-09T11:39:22.9642728Z [  81% ] [90m[1mupdate_scripts_classes[22m | [39m[0m
2026-10-09T11:39:22.9642824Z [  81% ] [90m[1mupdate_scripts_classes[22m | [39m[0m
2026-10-09T11:39:22.9642922Z [  81% ] [90m[1mupdate_scripts_classes[22m | [39m[0m
2026-10-09T11:39:22.9643017Z [  81% ] [90m[1mupdate_scripts_classes[22m | [39m[0m
2026-10-09T11:39:22.9643115Z [  81% ] [90m[1mupdate_scripts_classes[22m | [39m[0m
2026-10-09T11:39:22.9643212Z [  81% ] [90m[1mupdate_scripts_classes[22m | [39m[0m
2026-10-09T11:39:22.9643307Z [  81% ] [90m[1mupdate_scripts_classes[22m | [39m[0m
2026-10-09T11:39:22.9643406Z [  81% ] [90m[1mupdate_scripts_classes[22m | [39m[0m
2026-10-09T11:39:22.9643504Z [  81% ] [90m[1mupdate_scripts_classes[22m | [39m[0m
2026-10-09T11:39:22.9643601Z [  82% ] [90m[1mupdate_scripts_classes[22m | [39m[0m
2026-10-09T11:39:22.9643696Z [  82% ] [90m[1mupdate_scripts_classes[22m | [39m[0m
2026-10-09T11:39:22.9643795Z [  82% ] [90m[1mupdate_scripts_classes[22m | [39m[0m
2026-10-09T11:39:22.9643954Z [  82% ] [90m[1mupdate_scripts_classes[22m | [39m[0m
2026-10-09T11:39:22.9644054Z [  82% ] [90m[1mupdate_scripts_classes[22m | [39m[0m
2026-10-09T11:39:22.9644153Z [  82% ] [90m[1mupdate_scripts_classes[22m | [39m[0m
2026-10-09T11:39:22.9644252Z [  82% ] [90m[1mupdate_scripts_classes[22m | [39m[0m
2026-10-09T11:39:22.9644350Z [  82% ] [90m[1mupdate_scripts_classes[22m | [39m[0m
2026-10-09T11:39:22.9644446Z [  82% ] [90m[1mupdate_scripts_classes[22m | [39m[0m
2026-10-09T11:39:22.9644544Z [  82% ] [90m[1mupdate_scripts_classes[22m | [39m[0m
2026-10-09T11:39:22.9644642Z [  82% ] [90m[1mupdate_scripts_classes[22m | [39m[0m
2026-10-09T11:39:22.9644739Z [  82% ] [90m[1mupdate_scripts_classes[22m | [39m[0m
2026-10-09T11:39:22.9644837Z [  82% ] [90m[1mupdate_scripts_classes[22m | [39m[0m
2026-10-09T11:39:22.9644935Z [  82% ] [90m[1mupdate_scripts_classes[22m | [39m[0m
2026-10-09T11:39:22.9645032Z [  82% ] [90m[1mupdate_scripts_classes[22m | [39m[0m
2026-10-09T11:39:22.9645189Z [  82% ] [90m[1mupdate_scripts_classes[22m | [39m[0m
2026-10-09T11:39:22.9645287Z [  82% ] [90m[1mupdate_scripts_classes[22m | [39m[0m
2026-10-09T11:39:22.9645385Z [  82% ] [90m[1mupdate_scripts_classes[22m | [39m[0m
2026-10-09T11:39:22.9645481Z [  82% ] [90m[1mupdate_scripts_classes[22m | [39m[0m
2026-10-09T11:39:22.9645578Z [  82% ] [90m[1mupdate_scripts_classes[22m | [39m[0m
2026-10-09T11:39:22.9645677Z [  82% ] [90m[1mupdate_scripts_classes[22m | [39m[0m
2026-10-09T11:39:22.9645776Z [  82% ] [90m[1mupdate_scripts_classes[22m | [39m[0m
2026-10-09T11:39:22.9645871Z [  82% ] [90m[1mupdate_scripts_classes[22m | [39m[0m
2026-10-09T11:39:22.9645973Z [  82% ] [90m[1mupdate_scripts_classes[22m | [39m[0m
2026-10-09T11:39:22.9646071Z [  82% ] [90m[1mupdate_scripts_classes[22m | [39m[0m
2026-10-09T11:39:22.9646166Z [  82% ] [90m[1mupdate_scripts_classes[22m | [39m[0m
2026-10-09T11:39:22.9646265Z [  82% ] [90m[1mupdate_scripts_classes[22m | [39m[0m
2026-10-09T11:39:22.9646365Z [  82% ] [90m[1mupdate_scripts_classes[22m | [39m[0m
2026-10-09T11:39:22.9646464Z [  82% ] [90m[1mupdate_scripts_classes[22m | [39m[0m
2026-10-09T11:39:22.9646560Z [  82% ] [90m[1mupdate_scripts_classes[22m | [39m[0m
2026-10-09T11:39:22.9646735Z [  82% ] [90m[1mupdate_scripts_classes[22m | [39m[0m
2026-10-09T11:39:22.9646833Z [  83% ] [90m[1mupdate_scripts_classes[22m | [39m[0m
2026-10-09T11:39:22.9646928Z [  83% ] [90m[1mupdate_scripts_classes[22m | [39m[0m
2026-10-09T11:39:22.9647026Z [  83% ] [90m[1mupdate_scripts_classes[22m | [39m[0m
2026-10-09T11:39:22.9647123Z [  83% ] [90m[1mupdate_scripts_classes[22m | [39m[0m
2026-10-09T11:39:22.9647220Z [  83% ] [90m[1mupdate_scripts_classes[22m | [39m[0m
2026-10-09T11:39:22.9647315Z [  83% ] [90m[1mupdate_scripts_classes[22m | [39m[0m
2026-10-09T11:39:22.9647412Z [  83% ] [90m[1mupdate_scripts_classes[22m | [39m[0m
2026-10-09T11:39:22.9647512Z [  83% ] [90m[1mupdate_scripts_classes[22m | [39m[0m
2026-10-09T11:39:22.9647607Z [  83% ] [90m[1mupdate_scripts_classes[22m | [39m[0m
2026-10-09T11:39:22.9647704Z [  83% ] [90m[1mupdate_scripts_classes[22m | [39m[0m
2026-10-09T11:39:22.9647801Z [  83% ] [90m[1mupdate_scripts_classes[22m | [39m[0m
2026-10-09T11:39:22.9647898Z [  83% ] [90m[1mupdate_scripts_classes[22m | [39m[0m
2026-10-09T11:39:22.9647994Z [  83% ] [90m[1mupdate_scripts_classes[22m | [39m[0m
2026-10-09T11:39:22.9648091Z [  83% ] [90m[1mupdate_scripts_classes[22m | [39m[0m
2026-10-09T11:39:22.9648187Z [  83% ] [90m[1mupdate_scripts_classes[22m | [39m[0m
2026-10-09T11:39:22.9648284Z [  83% ] [90m[1mupdate_scripts_classes[22m | [39m[0m
2026-10-09T11:39:22.9648381Z [  83% ] [90m[1mupdate_scripts_classes[22m | [39m[0m
2026-10-09T11:39:22.9648478Z [  83% ] [90m[1mupdate_scripts_classes[22m | [39m[0m
2026-10-09T11:39:22.9648575Z [  83% ] [90m[1mupdate_scripts_classes[22m | [39m[0m
2026-10-09T11:39:22.9648760Z [  83% ] [90m[1mupdate_scripts_classes[22m | [39m[0m
2026-10-09T11:39:22.9648862Z [  83% ] [90m[1mupdate_scripts_classes[22m | [39m[0m
2026-10-09T11:39:22.9648963Z [  83% ] [90m[1mupdate_scripts_classes[22m | [39m[0m
2026-10-09T11:39:22.9649059Z [  83% ] [90m[1mupdate_scripts_classes[22m | [39m[0m
2026-10-09T11:39:22.9649158Z [  83% ] [90m[1mupdate_scripts_classes[22m | [39m[0m
2026-10-09T11:39:22.9649258Z [  83% ] [90m[1mupdate_scripts_classes[22m | [39m[0m
2026-10-09T11:39:22.9649357Z [  83% ] [90m[1mupdate_scripts_classes[22m | [39m[0m
2026-10-09T11:39:22.9649453Z [  83% ] [90m[1mupdate_scripts_classes[22m | [39m[0m
2026-10-09T11:39:22.9649551Z [  83% ] [90m[1mupdate_scripts_classes[22m | [39m[0m
2026-10-09T11:39:22.9649648Z [  83% ] [90m[1mupdate_scripts_classes[22m | [39m[0m
2026-10-09T11:39:22.9649744Z [  83% ] [90m[1mupdate_scripts_classes[22m | [39m[0m
2026-10-09T11:39:22.9649842Z [  83% ] [90m[1mupdate_scripts_classes[22m | [39m[0m
2026-10-09T11:39:22.9650025Z [  84% ] [90m[1mupdate_scripts_classes[22m | [39m[0m
2026-10-09T11:39:22.9650125Z [  84% ] [90m[1mupdate_scripts_classes[22m | [39m[0m
2026-10-09T11:39:22.9650222Z [  84% ] [90m[1mupdate_scripts_classes[22m | [39m[0m
2026-10-09T11:39:22.9650320Z [  84% ] [90m[1mupdate_scripts_classes[22m | [39m[0m
2026-10-09T11:39:22.9650419Z [  84% ] [90m[1mupdate_scripts_classes[22m | [39m[0m
2026-10-09T11:39:22.9650514Z [  84% ] [90m[1mupdate_scripts_classes[22m | [39m[0m
2026-10-09T11:39:22.9650613Z [  84% ] [90m[1mupdate_scripts_classes[22m | [39m[0m
2026-10-09T11:39:22.9650712Z [  84% ] [90m[1mupdate_scripts_classes[22m | [39m[0m
2026-10-09T11:39:22.9650810Z [  84% ] [90m[1mupdate_scripts_classes[22m | [39m[0m
2026-10-09T11:39:22.9650905Z [  84% ] [90m[1mupdate_scripts_classes[22m | [39m[0m
2026-10-09T11:39:22.9651003Z [  84% ] [90m[1mupdate_scripts_classes[22m | [39m[0m
2026-10-09T11:39:22.9651100Z [  84% ] [90m[1mupdate_scripts_classes[22m | [39m[0m
2026-10-09T11:39:22.9651199Z [  84% ] [90m[1mupdate_scripts_classes[22m | [39m[0m
2026-10-09T11:39:22.9651297Z [  84% ] [90m[1mupdate_scripts_classes[22m | [39m[0m
2026-10-09T11:39:22.9651395Z [  84% ] [90m[1mupdate_scripts_classes[22m | [39m[0m
2026-10-09T11:39:22.9651493Z [  84% ] [90m[1mupdate_scripts_classes[22m | [39m[0m
2026-10-09T11:39:22.9651588Z [  84% ] [90m[1mupdate_scripts_classes[22m | [39m[0m
2026-10-09T11:39:22.9651686Z [  84% ] [90m[1mupdate_scripts_classes[22m | [39m[0m
2026-10-09T11:39:22.9651784Z [  84% ] [90m[1mupdate_scripts_classes[22m | [39m[0m
2026-10-09T11:39:22.9651882Z [  84% ] [90m[1mupdate_scripts_classes[22m | [39m[0m
2026-10-09T11:39:22.9651980Z [  84% ] [90m[1mupdate_scripts_classes[22m | [39m[0m
2026-10-09T11:39:22.9652077Z [  84% ] [90m[1mupdate_scripts_classes[22m | [39m[0m
2026-10-09T11:39:22.9652175Z [  84% ] [90m[1mupdate_scripts_classes[22m | [39m[0m
2026-10-09T11:39:22.9652324Z [  84% ] [90m[1mupdate_scripts_classes[22m | [39m[0m
2026-10-09T11:39:22.9652480Z [  84% ] [90m[1mupdate_scripts_classes[22m | [39m[0m
2026-10-09T11:39:22.9652632Z [  84% ] [90m[1mupdate_scripts_classes[22m | [39m[0m
2026-10-09T11:39:22.9652783Z [  84% ] [90m[1mupdate_scripts_classes[22m | [39m[0m
2026-10-09T11:39:22.9652938Z [  84% ] [90m[1mupdate_scripts_classes[22m | [39m[0m
2026-10-09T11:39:22.9653092Z [  84% ] [90m[1mupdate_scripts_classes[22m | [39m[0m
2026-10-09T11:39:22.9653247Z [  84% ] [90m[1mupdate_scripts_classes[22m | [39m[0m
2026-10-09T11:39:22.9653397Z [  84% ] [90m[1mupdate_scripts_classes[22m | [39m[0m
2026-10-09T11:39:22.9653550Z [  85% ] [90m[1mupdate_scripts_classes[22m | [39m[0m
2026-10-09T11:39:22.9653704Z [  85% ] [90m[1mupdate_scripts_classes[22m | [39m[0m
2026-10-09T11:39:22.9653855Z [  85% ] [90m[1mupdate_scripts_classes[22m | [39m[0m
2026-10-09T11:39:22.9654008Z [  85% ] [90m[1mupdate_scripts_classes[22m | [39m[0m
2026-10-09T11:39:22.9654237Z [  85% ] [90m[1mupdate_scripts_classes[22m | [39m[0m
2026-10-09T11:39:22.9654392Z [  85% ] [90m[1mupdate_scripts_classes[22m | [39m[0m
2026-10-09T11:39:22.9654543Z [  85% ] [90m[1mupdate_scripts_classes[22m | [39m[0m
2026-10-09T11:39:22.9654697Z [  85% ] [90m[1mupdate_scripts_classes[22m | [39m[0m
2026-10-09T11:39:22.9654852Z [  85% ] [90m[1mupdate_scripts_classes[22m | [39m[0m
2026-10-09T11:39:22.9655002Z [  85% ] [90m[1mupdate_scripts_classes[22m | [39m[0m
2026-10-09T11:39:22.9655155Z [  85% ] [90m[1mupdate_scripts_classes[22m | [39m[0m
2026-10-09T11:39:22.9655309Z [  85% ] [90m[1mupdate_scripts_classes[22m | [39m[0m
2026-10-09T11:39:22.9655430Z [  85% ] [90m[1mupdate_scripts_classes[22m | [39m[0m
2026-10-09T11:39:22.9655526Z [  85% ] [90m[1mupdate_scripts_classes[22m | [39m[0m
2026-10-09T11:39:22.9655622Z [  85% ] [90m[1mupdate_scripts_classes[22m | [39m[0m
2026-10-09T11:39:22.9655720Z [  85% ] [90m[1mupdate_scripts_classes[22m | [39m[0m
2026-10-09T11:39:22.9655880Z [  85% ] [90m[1mupdate_scripts_classes[22m | [39m[0m
2026-10-09T11:39:22.9655979Z [  85% ] [90m[1mupdate_scripts_classes[22m | [39m[0m
2026-10-09T11:39:22.9656077Z [  85% ] [90m[1mupdate_scripts_classes[22m | [39m[0m
2026-10-09T11:39:22.9656176Z [  85% ] [90m[1mupdate_scripts_classes[22m | [39m[0m
2026-10-09T11:39:22.9656272Z [  85% ] [90m[1mupdate_scripts_classes[22m | [39m[0m
2026-10-09T11:39:22.9656372Z [  85% ] [90m[1mupdate_scripts_classes[22m | [39m[0m
2026-10-09T11:39:22.9656472Z [  85% ] [90m[1mupdate_scripts_classes[22m | [39m[0m
2026-10-09T11:39:22.9656568Z [  85% ] [90m[1mupdate_scripts_classes[22m | [39m[0m
2026-10-09T11:39:22.9656737Z [  85% ] [90m[1mupdate_scripts_classes[22m | [39m[0m
2026-10-09T11:39:22.9656835Z [  85% ] [90m[1mupdate_scripts_classes[22m | [39m[0m
2026-10-09T11:39:22.9656932Z [  85% ] [90m[1mupdate_scripts_classes[22m | [39m[0m
2026-10-09T11:39:22.9657027Z [  85% ] [90m[1mupdate_scripts_classes[22m | [39m[0m
2026-10-09T11:39:22.9657128Z [  85% ] [90m[1mupdate_scripts_classes[22m | [39m[0m
2026-10-09T11:39:22.9657225Z [  85% ] [90m[1mupdate_scripts_classes[22m | [39m[0m
2026-10-09T11:39:22.9657321Z [  85% ] [90m[1mupdate_scripts_classes[22m | [39m[0m
2026-10-09T11:39:22.9657418Z [  86% ] [90m[1mupdate_scripts_classes[22m | [39m[0m
2026-10-09T11:39:22.9657514Z [  86% ] [90m[1mupdate_scripts_classes[22m | [39m[0m
2026-10-09T11:39:22.9657612Z [  86% ] [90m[1mupdate_scripts_classes[22m | [39m[0m
2026-10-09T11:39:22.9657707Z [  86% ] [90m[1mupdate_scripts_classes[22m | [39m[0m
2026-10-09T11:39:22.9657805Z [  86% ] [90m[1mupdate_scripts_classes[22m | [39m[0m
2026-10-09T11:39:22.9657902Z [  86% ] [90m[1mupdate_scripts_classes[22m | [39m[0m
2026-10-09T11:39:22.9657997Z [  86% ] [90m[1mupdate_scripts_classes[22m | [39m[0m
2026-10-09T11:39:22.9658094Z [  86% ] [90m[1mupdate_scripts_classes[22m | [39m[0m
2026-10-09T11:39:22.9658195Z [  86% ] [90m[1mupdate_scripts_classes[22m | [39m[0m
2026-10-09T11:39:22.9658292Z [  86% ] [90m[1mupdate_scripts_classes[22m | [39m[0m
2026-10-09T11:39:22.9658387Z [  86% ] [90m[1mupdate_scripts_classes[22m | [39m[0m
2026-10-09T11:39:22.9658484Z [  86% ] [90m[1mupdate_scripts_classes[22m | [39m[0m
2026-10-09T11:39:22.9658580Z [  86% ] [90m[1mupdate_scripts_classes[22m | [39m[0m
2026-10-09T11:39:22.9658675Z [  86% ] [90m[1mupdate_scripts_classes[22m | [39m[0m
2026-10-09T11:39:22.9658772Z [  86% ] [90m[1mupdate_scripts_classes[22m | [39m[0m
2026-10-09T11:39:22.9658870Z [  86% ] [90m[1mupdate_scripts_classes[22m | [39m[0m
2026-10-09T11:39:22.9658968Z [  86% ] [90m[1mupdate_scripts_classes[22m | [39m[0m
2026-10-09T11:39:22.9659063Z [  86% ] [90m[1mupdate_scripts_classes[22m | [39m[0m
2026-10-09T11:39:22.9659162Z [  86% ] [90m[1mupdate_scripts_classes[22m | [39m[0m
2026-10-09T11:39:22.9659259Z [  86% ] [90m[1mupdate_scripts_classes[22m | [39m[0m
2026-10-09T11:39:22.9659445Z [  86% ] [90m[1mupdate_scripts_classes[22m | [39m[0m
2026-10-09T11:39:22.9659548Z [  86% ] [90m[1mupdate_scripts_classes[22m | [39m[0m
2026-10-09T11:39:22.9659647Z [  86% ] [90m[1mupdate_scripts_classes[22m | [39m[0m
2026-10-09T11:39:22.9659745Z [  86% ] [90m[1mupdate_scripts_classes[22m | [39m[0m
2026-10-09T11:39:22.9659840Z [  86% ] [90m[1mupdate_scripts_classes[22m | [39m[0m
2026-10-09T11:39:22.9659937Z [  86% ] [90m[1mupdate_scripts_classes[22m | [39m[0m
2026-10-09T11:39:22.9660035Z [  86% ] [90m[1mupdate_scripts_classes[22m | [39m[0m
2026-10-09T11:39:22.9660129Z [  86% ] [90m[1mupdate_scripts_classes[22m | [39m[0m
2026-10-09T11:39:22.9660228Z [  86% ] [90m[1mupdate_scripts_classes[22m | [39m[0m
2026-10-09T11:39:22.9660326Z [  86% ] [90m[1mupdate_scripts_classes[22m | [39m[0m
2026-10-09T11:39:22.9660423Z [  86% ] [90m[1mupdate_scripts_classes[22m | [39m[0m
2026-10-09T11:39:22.9660518Z [  87% ] [90m[1mupdate_scripts_classes[22m | [39m[0m
2026-10-09T11:39:22.9660731Z [  87% ] [90m[1mupdate_scripts_classes[22m | [39m[0m
2026-10-09T11:39:22.9660830Z [  87% ] [90m[1mupdate_scripts_classes[22m | [39m[0m
2026-10-09T11:39:22.9660926Z [  87% ] [90m[1mupdate_scripts_classes[22m | [39m[0m
2026-10-09T11:39:22.9661027Z [  87% ] [90m[1mupdate_scripts_classes[22m | [39m[0m
2026-10-09T11:39:22.9661125Z [  87% ] [90m[1mupdate_scripts_classes[22m | [39m[0m
2026-10-09T11:39:22.9661225Z [  87% ] [90m[1mupdate_scripts_classes[22m | [39m[0m
2026-10-09T11:39:22.9661322Z [  87% ] [90m[1mupdate_scripts_classes[22m | [39m[0m
2026-10-09T11:39:22.9661420Z [  87% ] [90m[1mupdate_scripts_classes[22m | [39m[0m
2026-10-09T11:39:22.9661520Z [  87% ] [90m[1mupdate_scripts_classes[22m | [39m[0m
2026-10-09T11:39:22.9661615Z [  87% ] [90m[1mupdate_scripts_classes[22m | [39m[0m
2026-10-09T11:39:22.9661713Z [  87% ] [90m[1mupdate_scripts_classes[22m | [39m[0m
2026-10-09T11:39:22.9661811Z [  87% ] [90m[1mupdate_scripts_classes[22m | [39m[0m
2026-10-09T11:39:22.9661911Z [  87% ] [90m[1mupdate_scripts_classes[22m | [39m[0m
2026-10-09T11:39:22.9662007Z [  87% ] [90m[1mupdate_scripts_classes[22m | [39m[0m
2026-10-09T11:39:22.9662105Z [  87% ] [90m[1mupdate_scripts_classes[22m | [39m[0m
2026-10-09T11:39:22.9662202Z [  87% ] [90m[1mupdate_scripts_classes[22m | [39m[0m
2026-10-09T11:39:22.9662297Z [  87% ] [90m[1mupdate_scripts_classes[22m | [39m[0m
2026-10-09T11:39:22.9662396Z [  87% ] [90m[1mupdate_scripts_classes[22m | [39m[0m
2026-10-09T11:39:22.9662493Z [  87% ] [90m[1mupdate_scripts_classes[22m | [39m[0m
2026-10-09T11:39:22.9662592Z [  87% ] [90m[1mupdate_scripts_classes[22m | [39m[0m
2026-10-09T11:39:22.9662687Z [  87% ] [90m[1mupdate_scripts_classes[22m | [39m[0m
2026-10-09T11:39:22.9662785Z [  87% ] [90m[1mupdate_scripts_classes[22m | [39m[0m
2026-10-09T11:39:22.9662883Z [  87% ] [90m[1mupdate_scripts_classes[22m | [39m[0m
2026-10-09T11:39:22.9662980Z [  87% ] [90m[1mupdate_scripts_classes[22m | [39m[0m
2026-10-09T11:39:22.9663079Z [  87% ] [90m[1mupdate_scripts_classes[22m | [39m[0m
2026-10-09T11:39:22.9663176Z [  87% ] [90m[1mupdate_scripts_classes[22m | [39m[0m
2026-10-09T11:39:22.9663274Z [  87% ] [90m[1mupdate_scripts_classes[22m | [39m[0m
2026-10-09T11:39:22.9663369Z [  87% ] [90m[1mupdate_scripts_classes[22m | [39m[0m
2026-10-09T11:39:22.9663467Z [  87% ] [90m[1mupdate_scripts_classes[22m | [39m[0m
2026-10-09T11:39:22.9663564Z [  87% ] [90m[1mupdate_scripts_classes[22m | [39m[0m
2026-10-09T11:39:22.9663661Z [  88% ] [90m[1mupdate_scripts_classes[22m | [39m[0m
2026-10-09T11:39:22.9663759Z [  88% ] [90m[1mupdate_scripts_classes[22m | [39m[0m
2026-10-09T11:39:22.9663859Z [  88% ] [90m[1mupdate_scripts_classes[22m | [39m[0m
2026-10-09T11:39:22.9663958Z [  88% ] [90m[1mupdate_scripts_classes[22m | [39m[0m
2026-10-09T11:39:22.9664053Z [  88% ] [90m[1mupdate_scripts_classes[22m | [39m[0m
2026-10-09T11:39:22.9664209Z [  88% ] [90m[1mupdate_scripts_classes[22m | [39m[0m
2026-10-09T11:39:22.9664313Z [  88% ] [90m[1mupdate_scripts_classes[22m | [39m[0m
2026-10-09T11:39:22.9664409Z [  88% ] [90m[1mupdate_scripts_classes[22m | [39m[0m
2026-10-09T11:39:22.9664508Z [  88% ] [90m[1mupdate_scripts_classes[22m | [39m[0m
2026-10-09T11:39:22.9664609Z [  88% ] [90m[1mupdate_scripts_classes[22m | [39m[0m
2026-10-09T11:39:22.9664707Z [  88% ] [90m[1mupdate_scripts_classes[22m | [39m[0m
2026-10-09T11:39:22.9664803Z [  88% ] [90m[1mupdate_scripts_classes[22m | [39m[0m
2026-10-09T11:39:22.9664904Z [  88% ] [90m[1mupdate_scripts_classes[22m | [39m[0m
2026-10-09T11:39:22.9665003Z [  88% ] [90m[1mupdate_scripts_classes[22m | [39m[0m
2026-10-09T11:39:22.9665100Z [  88% ] [90m[1mupdate_scripts_classes[22m | [39m[0m
2026-10-09T11:39:22.9665198Z [  88% ] [90m[1mupdate_scripts_classes[22m | [39m[0m
2026-10-09T11:39:22.9665295Z [  88% ] [90m[1mupdate_scripts_classes[22m | [39m[0m
2026-10-09T11:39:22.9665477Z [  88% ] [90m[1mupdate_scripts_classes[22m | [39m[0m
2026-10-09T11:39:22.9665574Z [  88% ] [90m[1mupdate_scripts_classes[22m | [39m[0m
2026-10-09T11:39:22.9665672Z [  88% ] [90m[1mupdate_scripts_classes[22m | [39m[0m
2026-10-09T11:39:22.9665770Z [  88% ] [90m[1mupdate_scripts_classes[22m | [39m[0m
2026-10-09T11:39:22.9665867Z [  88% ] [90m[1mupdate_scripts_classes[22m | [39m[0m
2026-10-09T11:39:22.9665964Z [  88% ] [90m[1mupdate_scripts_classes[22m | [39m[0m
2026-10-09T11:39:22.9666061Z [  88% ] [90m[1mupdate_scripts_classes[22m | [39m[0m
2026-10-09T11:39:22.9666158Z [  88% ] [90m[1mupdate_scripts_classes[22m | [39m[0m
2026-10-09T11:39:22.9666253Z [  88% ] [90m[1mupdate_scripts_classes[22m | [39m[0m
2026-10-09T11:39:22.9666351Z [  88% ] [90m[1mupdate_scripts_classes[22m | [39m[0m
2026-10-09T11:39:22.9666447Z [  88% ] [90m[1mupdate_scripts_classes[22m | [39m[0m
2026-10-09T11:39:22.9666543Z [  88% ] [90m[1mupdate_scripts_classes[22m | [39m[0m
2026-10-09T11:39:22.9666723Z [  88% ] [90m[1mupdate_scripts_classes[22m | [39m[0m
2026-10-09T11:39:22.9666902Z [  88% ] [90m[1mupdate_scripts_classes[22m | [39m[0m
2026-10-09T11:39:22.9667055Z [  89% ] [90m[1mupdate_scripts_classes[22m | [39m[0m
2026-10-09T11:39:22.9667204Z [  89% ] [90m[1mupdate_scripts_classes[22m | [39m[0m
2026-10-09T11:39:22.9667356Z [  89% ] [90m[1mupdate_scripts_classes[22m | [39m[0m
2026-10-09T11:39:22.9667508Z [  89% ] [90m[1mupdate_scripts_classes[22m | [39m[0m
2026-10-09T11:39:22.9667657Z [  89% ] [90m[1mupdate_scripts_classes[22m | [39m[0m
2026-10-09T11:39:22.9667811Z [  89% ] [90m[1mupdate_scripts_classes[22m | [39m[0m
2026-10-09T11:39:22.9667964Z [  89% ] [90m[1mupdate_scripts_classes[22m | [39m[0m
2026-10-09T11:39:22.9668116Z [  89% ] [90m[1mupdate_scripts_classes[22m | [39m[0m
2026-10-09T11:39:22.9668266Z [  89% ] [90m[1mupdate_scripts_classes[22m | [39m[0m
2026-10-09T11:39:22.9668420Z [  89% ] [90m[1mupdate_scripts_classes[22m | [39m[0m
2026-10-09T11:39:22.9668576Z [  89% ] [90m[1mupdate_scripts_classes[22m | [39m[0m
2026-10-09T11:39:22.9668726Z [  89% ] [90m[1mupdate_scripts_classes[22m | [39m[0m
2026-10-09T11:39:22.9668879Z [  89% ] [90m[1mupdate_scripts_classes[22m | [39m[0m
2026-10-09T11:39:22.9669031Z [  89% ] [90m[1mupdate_scripts_classes[22m | [39m[0m
2026-10-09T11:39:22.9669184Z [  89% ] [90m[1mupdate_scripts_classes[22m | [39m[0m
2026-10-09T11:39:22.9669334Z [  89% ] [90m[1mupdate_scripts_classes[22m | [39m[0m
2026-10-09T11:39:22.9669489Z [  89% ] [90m[1mupdate_scripts_classes[22m | [39m[0m
2026-10-09T11:39:22.9669642Z [  89% ] [90m[1mupdate_scripts_classes[22m | [39m[0m
2026-10-09T11:39:22.9669795Z [  89% ] [90m[1mupdate_scripts_classes[22m | [39m[0m
2026-10-09T11:39:22.9669914Z [  89% ] [90m[1mupdate_scripts_classes[22m | [39m[0m
2026-10-09T11:39:22.9670013Z [  89% ] [90m[1mupdate_scripts_classes[22m | [39m[0m
2026-10-09T11:39:22.9670208Z [  89% ] [90m[1mupdate_scripts_classes[22m | [39m[0m
2026-10-09T11:39:22.9670308Z [  89% ] [90m[1mupdate_scripts_classes[22m | [39m[0m
2026-10-09T11:39:22.9670406Z [  89% ] [90m[1mupdate_scripts_classes[22m | [39m[0m
2026-10-09T11:39:22.9670505Z [  89% ] [90m[1mupdate_scripts_classes[22m | [39m[0m
2026-10-09T11:39:22.9670602Z [  89% ] [90m[1mupdate_scripts_classes[22m | [39m[0m
2026-10-09T11:39:22.9670701Z [  89% ] [90m[1mupdate_scripts_classes[22m | [39m[0m
2026-10-09T11:39:22.9670799Z [  89% ] [90m[1mupdate_scripts_classes[22m | [39m[0m
2026-10-09T11:39:22.9670897Z [  89% ] [90m[1mupdate_scripts_classes[22m | [39m[0m
2026-10-09T11:39:22.9670993Z [  89% ] [90m[1mupdate_scripts_classes[22m | [39m[0m
2026-10-09T11:39:22.9671093Z [  89% ] [90m[1mupdate_scripts_classes[22m | [39m[0m
2026-10-09T11:39:22.9671193Z [  90% ] [90m[1mupdate_scripts_classes[22m | [39m[0m
2026-10-09T11:39:22.9671289Z [  90% ] [90m[1mupdate_scripts_classes[22m | [39m[0m
2026-10-09T11:39:22.9671474Z [  90% ] [90m[1mupdate_scripts_classes[22m | [39m[0m
2026-10-09T11:39:22.9671574Z [  90% ] [90m[1mupdate_scripts_classes[22m | [39m[0m
2026-10-09T11:39:22.9671672Z [  90% ] [90m[1mupdate_scripts_classes[22m | [39m[0m
2026-10-09T11:39:22.9671768Z [  90% ] [90m[1mupdate_scripts_classes[22m | [39m[0m
2026-10-09T11:39:22.9671867Z [  90% ] [90m[1mupdate_scripts_classes[22m | [39m[0m
2026-10-09T11:39:22.9671966Z [  90% ] [90m[1mupdate_scripts_classes[22m | [39m[0m
2026-10-09T11:39:22.9672063Z [  90% ] [90m[1mupdate_scripts_classes[22m | [39m[0m
2026-10-09T11:39:22.9672162Z [  90% ] [90m[1mupdate_scripts_classes[22m | [39m[0m
2026-10-09T11:39:22.9672259Z [  90% ] [90m[1mupdate_scripts_classes[22m | [39m[0m
2026-10-09T11:39:22.9672356Z [  90% ] [90m[1mupdate_scripts_classes[22m | [39m[0m
2026-10-09T11:39:22.9672450Z [  90% ] [90m[1mupdate_scripts_classes[22m | [39m[0m
2026-10-09T11:39:22.9672548Z [  90% ] [90m[1mupdate_scripts_classes[22m | [39m[0m
2026-10-09T11:39:22.9672649Z [  90% ] [90m[1mupdate_scripts_classes[22m | [39m[0m
2026-10-09T11:39:22.9672744Z [  90% ] [90m[1mupdate_scripts_classes[22m | [39m[0m
2026-10-09T11:39:22.9672842Z [  90% ] [90m[1mupdate_scripts_classes[22m | [39m[0m
2026-10-09T11:39:22.9672941Z [  90% ] [90m[1mupdate_scripts_classes[22m | [39m[0m
2026-10-09T11:39:22.9673038Z [  90% ] [90m[1mupdate_scripts_classes[22m | [39m[0m
2026-10-09T11:39:22.9673133Z [  90% ] [90m[1mupdate_scripts_classes[22m | [39m[0m
2026-10-09T11:39:22.9673230Z [  90% ] [90m[1mupdate_scripts_classes[22m | [39m[0m
2026-10-09T11:39:22.9673328Z [  90% ] [90m[1mupdate_scripts_classes[22m | [39m[0m
2026-10-09T11:39:22.9673424Z [  90% ] [90m[1mupdate_scripts_classes[22m | [39m[0m
2026-10-09T11:39:22.9673521Z [  90% ] [90m[1mupdate_scripts_classes[22m | [39m[0m
2026-10-09T11:39:22.9673620Z [  90% ] [90m[1mupdate_scripts_classes[22m | [39m[0m
2026-10-09T11:39:22.9673717Z [  90% ] [90m[1mupdate_scripts_classes[22m | [39m[0m
2026-10-09T11:39:22.9673815Z [  90% ] [90m[1mupdate_scripts_classes[22m | [39m[0m
2026-10-09T11:39:22.9673911Z [  90% ] [90m[1mupdate_scripts_classes[22m | [39m[0m
2026-10-09T11:39:22.9674008Z [  90% ] [90m[1mupdate_scripts_classes[22m | [39m[0m
2026-10-09T11:39:22.9674103Z [  90% ] [90m[1mupdate_scripts_classes[22m | [39m[0m
2026-10-09T11:39:22.9674200Z [  90% ] [90m[1mupdate_scripts_classes[22m | [39m[0m
2026-10-09T11:39:22.9674297Z [  91% ] [90m[1mupdate_scripts_classes[22m | [39m[0m
2026-10-09T11:39:22.9674394Z [  91% ] [90m[1mupdate_scripts_classes[22m | [39m[0m
2026-10-09T11:39:22.9674489Z [  91% ] [90m[1mupdate_scripts_classes[22m | [39m[0m
2026-10-09T11:39:22.9674588Z [  91% ] [90m[1mupdate_scripts_classes[22m | [39m[0m
2026-10-09T11:39:22.9674685Z [  91% ] [90m[1mupdate_scripts_classes[22m | [39m[0m
2026-10-09T11:39:22.9674780Z [  91% ] [90m[1mupdate_scripts_classes[22m | [39m[0m
2026-10-09T11:39:22.9674940Z [  91% ] [90m[1mupdate_scripts_classes[22m | [39m[0m
2026-10-09T11:39:22.9675045Z [  91% ] [90m[1mupdate_scripts_classes[22m | [39m[0m
2026-10-09T11:39:22.9675144Z [  91% ] [90m[1mupdate_scripts_classes[22m | [39m[0m
2026-10-09T11:39:22.9675241Z [  91% ] [90m[1mupdate_scripts_classes[22m | [39m[0m
2026-10-09T11:39:22.9675341Z [  91% ] [90m[1mupdate_scripts_classes[22m | [39m[0m
2026-10-09T11:39:22.9675440Z [  91% ] [90m[1mupdate_scripts_classes[22m | [39m[0m
2026-10-09T11:39:22.9675537Z [  91% ] [90m[1mupdate_scripts_classes[22m | [39m[0m
2026-10-09T11:39:22.9675636Z [  91% ] [90m[1mupdate_scripts_classes[22m | [39m[0m
2026-10-09T11:39:22.9675734Z [  91% ] [90m[1mupdate_scripts_classes[22m | [39m[0m
2026-10-09T11:39:22.9675832Z [  91% ] [90m[1mupdate_scripts_classes[22m | [39m[0m
2026-10-09T11:39:22.9675927Z [  91% ] [90m[1mupdate_scripts_classes[22m | [39m[0m
2026-10-09T11:39:22.9676025Z [  91% ] [90m[1mupdate_scripts_classes[22m | [39m[0m
2026-10-09T11:39:22.9676187Z [  91% ] [90m[1mupdate_scripts_classes[22m | [39m[0m
2026-10-09T11:39:22.9676283Z [  91% ] [90m[1mupdate_scripts_classes[22m | [39m[0m
2026-10-09T11:39:22.9676382Z [  91% ] [90m[1mupdate_scripts_classes[22m | [39m[0m
2026-10-09T11:39:22.9676482Z [  91% ] [90m[1mupdate_scripts_classes[22m | [39m[0m
2026-10-09T11:39:22.9676579Z [  91% ] [90m[1mupdate_scripts_classes[22m | [39m[0m
2026-10-09T11:39:22.9676753Z [  91% ] [90m[1mupdate_scripts_classes[22m | [39m[0m
2026-10-09T11:39:22.9676851Z [  91% ] [90m[1mupdate_scripts_classes[22m | [39m[0m
2026-10-09T11:39:22.9676949Z [  91% ] [90m[1mupdate_scripts_classes[22m | [39m[0m
2026-10-09T11:39:22.9677044Z [  91% ] [90m[1mupdate_scripts_classes[22m | [39m[0m
2026-10-09T11:39:22.9677141Z [  91% ] [90m[1mupdate_scripts_classes[22m | [39m[0m
2026-10-09T11:39:22.9677240Z [  91% ] [90m[1mupdate_scripts_classes[22m | [39m[0m
2026-10-09T11:39:22.9677336Z [  91% ] [90m[1mupdate_scripts_classes[22m | [39m[0m
2026-10-09T11:39:22.9677435Z [  91% ] [90m[1mupdate_scripts_classes[22m | [39m[0m
2026-10-09T11:39:22.9677532Z [  92% ] [90m[1mupdate_scripts_classes[22m | [39m[0m
2026-10-09T11:39:22.9677630Z [  92% ] [90m[1mupdate_scripts_classes[22m | [39m[0m
2026-10-09T11:39:22.9677725Z [  92% ] [90m[1mupdate_scripts_classes[22m | [39m[0m
2026-10-09T11:39:22.9677822Z [  92% ] [90m[1mupdate_scripts_classes[22m | [39m[0m
2026-10-09T11:39:22.9677918Z [  92% ] [90m[1mupdate_scripts_classes[22m | [39m[0m
2026-10-09T11:39:22.9678015Z [  92% ] [90m[1mupdate_scripts_classes[22m | [39m[0m
2026-10-09T11:39:22.9678109Z [  92% ] [90m[1mupdate_scripts_classes[22m | [39m[0m
2026-10-09T11:39:22.9678206Z [  92% ] [90m[1mupdate_scripts_classes[22m | [39m[0m
2026-10-09T11:39:22.9678303Z [  92% ] [90m[1mupdate_scripts_classes[22m | [39m[0m
2026-10-09T11:39:22.9678398Z [  92% ] [90m[1mupdate_scripts_classes[22m | [39m[0m
2026-10-09T11:39:22.9678501Z [  92% ] [90m[1mupdate_scripts_classes[22m | [39m[0m
2026-10-09T11:39:22.9678602Z [  92% ] [90m[1mupdate_scripts_classes[22m | [39m[0m
2026-10-09T11:39:22.9678699Z [  92% ] [90m[1mupdate_scripts_classes[22m | [39m[0m
2026-10-09T11:39:22.9678794Z [  92% ] [90m[1mupdate_scripts_classes[22m | [39m[0m
2026-10-09T11:39:22.9678891Z [  92% ] [90m[1mupdate_scripts_classes[22m | [39m[0m
2026-10-09T11:39:22.9678987Z [  92% ] [90m[1mupdate_scripts_classes[22m | [39m[0m
2026-10-09T11:39:22.9679083Z [  92% ] [90m[1mupdate_scripts_classes[22m | [39m[0m
2026-10-09T11:39:22.9679180Z [  92% ] [90m[1mupdate_scripts_classes[22m | [39m[0m
2026-10-09T11:39:22.9679296Z [  92% ] [90m[1mupdate_scripts_classes[22m | [39m[0m
2026-10-09T11:39:22.9679394Z [  92% ] [90m[1mupdate_scripts_classes[22m | [39m[0m
2026-10-09T11:39:22.9679490Z [  92% ] [90m[1mupdate_scripts_classes[22m | [39m[0m
2026-10-09T11:39:22.9679587Z [  92% ] [90m[1mupdate_scripts_classes[22m | [39m[0m
2026-10-09T11:39:22.9679686Z [  92% ] [90m[1mupdate_scripts_classes[22m | [39m[0m
2026-10-09T11:39:22.9679871Z [  92% ] [90m[1mupdate_scripts_classes[22m | [39m[0m
2026-10-09T11:39:22.9679972Z [  92% ] [90m[1mupdate_scripts_classes[22m | [39m[0m
2026-10-09T11:39:22.9680071Z [  92% ] [90m[1mupdate_scripts_classes[22m | [39m[0m
2026-10-09T11:39:22.9680171Z [  92% ] [90m[1mupdate_scripts_classes[22m | [39m[0m
2026-10-09T11:39:22.9680267Z [  92% ] [90m[1mupdate_scripts_classes[22m | [39m[0m
2026-10-09T11:39:22.9680365Z [  92% ] [90m[1mupdate_scripts_classes[22m | [39m[0m
2026-10-09T11:39:22.9680464Z [  92% ] [90m[1mupdate_scripts_classes[22m | [39m[0m
2026-10-09T11:39:22.9680562Z [  92% ] [90m[1mupdate_scripts_classes[22m | [39m[0m
2026-10-09T11:39:22.9680661Z [  93% ] [90m[1mupdate_scripts_classes[22m | [39m[0m
2026-10-09T11:39:22.9680759Z [  93% ] [90m[1mupdate_scripts_classes[22m | [39m[0m
2026-10-09T11:39:22.9680857Z [  93% ] [90m[1mupdate_scripts_classes[22m | [39m[0m
2026-10-09T11:39:22.9681048Z [  93% ] [90m[1mupdate_scripts_classes[22m | [39m[0m
2026-10-09T11:39:22.9681147Z [  93% ] [90m[1mupdate_scripts_classes[22m | [39m[0m
2026-10-09T11:39:22.9681308Z [  93% ] [90m[1mupdate_scripts_classes[22m | [39m[0m
2026-10-09T11:39:22.9681515Z [  93% ] [90m[1mupdate_scripts_classes[22m | [39m[0m
2026-10-09T11:39:22.9681868Z [  93% ] [90m[1mupdate_scripts_classes[22m | [39m[0m
2026-10-09T11:39:22.9682082Z [  93% ] [90m[1mupdate_scripts_classes[22m | [39m[0m
2026-10-09T11:39:22.9682264Z [  93% ] [90m[1mupdate_scripts_classes[22m | [39m[0m
2026-10-09T11:39:22.9682521Z [  93% ] [90m[1mupdate_scripts_classes[22m | [39m[0m
2026-10-09T11:39:22.9682762Z [  93% ] [90m[1mupdate_scripts_classes[22m | [39m[0m
2026-10-09T11:39:22.9682991Z [  93% ] [90m[1mupdate_scripts_classes[22m | [39m[0m
2026-10-09T11:39:22.9683176Z [  93% ] [90m[1mupdate_scripts_classes[22m | [39m[0m
2026-10-09T11:39:22.9683391Z [  93% ] [90m[1mupdate_scripts_classes[22m | [39m[0m
2026-10-09T11:39:22.9683596Z [  93% ] [90m[1mupdate_scripts_classes[22m | [39m[0m
2026-10-09T11:39:22.9683862Z [  93% ] [90m[1mupdate_scripts_classes[22m | [39m[0m
2026-10-09T11:39:22.9684030Z [  93% ] [90m[1mupdate_scripts_classes[22m | [39m[0m
2026-10-09T11:39:22.9693546Z [  93% ] [90m[1mupdate_scripts_classes[22m | [39m[0m
2026-10-09T11:39:22.9693718Z [  93% ] [90m[1mupdate_scripts_classes[22m | [39m[0m
2026-10-09T11:39:22.9693817Z [  93% ] [90m[1mupdate_scripts_classes[22m | [39m[0m
2026-10-09T11:39:22.9693914Z [  93% ] [90m[1mupdate_scripts_classes[22m | [39m[0m
2026-10-09T11:39:22.9694013Z [  93% ] [90m[1mupdate_scripts_classes[22m | [39m[0m
2026-10-09T11:39:22.9694111Z [  93% ] [90m[1mupdate_scripts_classes[22m | [39m[0m
2026-10-09T11:39:22.9694208Z [  93% ] [90m[1mupdate_scripts_classes[22m | [39m[0m
2026-10-09T11:39:22.9694307Z [  93% ] [90m[1mupdate_scripts_classes[22m | [39m[0m
2026-10-09T11:39:22.9694407Z [  93% ] [90m[1mupdate_scripts_classes[22m | [39m[0m
2026-10-09T11:39:22.9694515Z [  93% ] [90m[1mupdate_scripts_classes[22m | [39m[0m
2026-10-09T11:39:22.9694610Z [  93% ] [90m[1mupdate_scripts_classes[22m | [39m[0m
2026-10-09T11:39:22.9694710Z [  93% ] [90m[1mupdate_scripts_classes[22m | [39m[0m
2026-10-09T11:39:22.9694808Z [  93% ] [90m[1mupdate_scripts_classes[22m | [39m[0m
2026-10-09T11:39:22.9694904Z [  94% ] [90m[1mupdate_scripts_classes[22m | [39m[0m
2026-10-09T11:39:22.9695001Z [  94% ] [90m[1mupdate_scripts_classes[22m | [39m[0m
2026-10-09T11:39:22.9695100Z [  94% ] [90m[1mupdate_scripts_classes[22m | [39m[0m
2026-10-09T11:39:22.9695200Z [  94% ] [90m[1mupdate_scripts_classes[22m | [39m[0m
2026-10-09T11:39:22.9695297Z [  94% ] [90m[1mupdate_scripts_classes[22m | [39m[0m
2026-10-09T11:39:22.9695394Z [  94% ] [90m[1mupdate_scripts_classes[22m | [39m[0m
2026-10-09T11:39:22.9695494Z [  94% ] [90m[1mupdate_scripts_classes[22m | [39m[0m
2026-10-09T11:39:22.9695590Z [  94% ] [90m[1mupdate_scripts_classes[22m | [39m[0m
2026-10-09T11:39:22.9695868Z [  94% ] [90m[1mupdate_scripts_classes[22m | [39m[0m
2026-10-09T11:39:22.9696025Z [  94% ] [90m[1mupdate_scripts_classes[22m | [39m[0m
2026-10-09T11:39:22.9696181Z [  94% ] [90m[1mupdate_scripts_classes[22m | [39m[0m
2026-10-09T11:39:22.9696333Z [  94% ] [90m[1mupdate_scripts_classes[22m | [39m[0m
2026-10-09T11:39:22.9696486Z [  94% ] [90m[1mupdate_scripts_classes[22m | [39m[0m
2026-10-09T11:39:22.9696996Z [  94% ] [90m[1mupdate_scripts_classes[22m | [39m[0m
2026-10-09T11:39:22.9697149Z [  94% ] [90m[1mupdate_scripts_classes[22m | [39m[0m
2026-10-09T11:39:22.9697305Z [  94% ] [90m[1mupdate_scripts_classes[22m | [39m[0m
2026-10-09T11:39:22.9697457Z [  94% ] [90m[1mupdate_scripts_classes[22m | [39m[0m
2026-10-09T11:39:22.9697611Z [  94% ] [90m[1mupdate_scripts_classes[22m | [39m[0m
2026-10-09T11:39:22.9697763Z [  94% ] [90m[1mupdate_scripts_classes[22m | [39m[0m
2026-10-09T11:39:22.9698016Z [  94% ] [90m[1mupdate_scripts_classes[22m | [39m[0m
2026-10-09T11:39:22.9698171Z [  94% ] [90m[1mupdate_scripts_classes[22m | [39m[0m
2026-10-09T11:39:22.9698322Z [  94% ] [90m[1mupdate_scripts_classes[22m | [39m[0m
2026-10-09T11:39:22.9698478Z [  94% ] [90m[1mupdate_scripts_classes[22m | [39m[0m
2026-10-09T11:39:22.9698632Z [  94% ] [90m[1mupdate_scripts_classes[22m | [39m[0m
2026-10-09T11:39:22.9698785Z [  94% ] [90m[1mupdate_scripts_classes[22m | [39m[0m
2026-10-09T11:39:22.9698937Z [  94% ] [90m[1mupdate_scripts_classes[22m | [39m[0m
2026-10-09T11:39:22.9699090Z [  94% ] [90m[1mupdate_scripts_classes[22m | [39m[0m
2026-10-09T11:39:22.9699244Z [  94% ] [90m[1mupdate_scripts_classes[22m | [39m[0m
2026-10-09T11:39:22.9699395Z [  94% ] [90m[1mupdate_scripts_classes[22m | [39m[0m
2026-10-09T11:39:22.9699549Z [  94% ] [90m[1mupdate_scripts_classes[22m | [39m[0m
2026-10-09T11:39:22.9699702Z [  94% ] [90m[1mupdate_scripts_classes[22m | [39m[0m
2026-10-09T11:39:22.9699862Z [  95% ] [90m[1mupdate_scripts_classes[22m | [39m[0m
2026-10-09T11:39:22.9700012Z [  95% ] [90m[1mupdate_scripts_classes[22m | [39m[0m
2026-10-09T11:39:22.9700166Z [  95% ] [90m[1mupdate_scripts_classes[22m | [39m[0m
2026-10-09T11:39:22.9700320Z [  95% ] [90m[1mupdate_scripts_classes[22m | [39m[0m
2026-10-09T11:39:22.9700470Z [  95% ] [90m[1mupdate_scripts_classes[22m | [39m[0m
2026-10-09T11:39:22.9700626Z [  95% ] [90m[1mupdate_scripts_classes[22m | [39m[0m
2026-10-09T11:39:22.9700780Z [  95% ] [90m[1mupdate_scripts_classes[22m | [39m[0m
2026-10-09T11:39:22.9700937Z [  95% ] [90m[1mupdate_scripts_classes[22m | [39m[0m
2026-10-09T11:39:22.9701088Z [  95% ] [90m[1mupdate_scripts_classes[22m | [39m[0m
2026-10-09T11:39:22.9701241Z [  95% ] [90m[1mupdate_scripts_classes[22m | [39m[0m
2026-10-09T11:39:22.9701395Z [  95% ] [90m[1mupdate_scripts_classes[22m | [39m[0m
2026-10-09T11:39:22.9701544Z [  95% ] [90m[1mupdate_scripts_classes[22m | [39m[0m
2026-10-09T11:39:22.9701701Z [  95% ] [90m[1mupdate_scripts_classes[22m | [39m[0m
2026-10-09T11:39:22.9701851Z [  95% ] [90m[1mupdate_scripts_classes[22m | [39m[0m
2026-10-09T11:39:22.9702002Z [  95% ] [90m[1mupdate_scripts_classes[22m | [39m[0m
2026-10-09T11:39:22.9702151Z [  95% ] [90m[1mupdate_scripts_classes[22m | [39m[0m
2026-10-09T11:39:22.9702305Z [  95% ] [90m[1mupdate_scripts_classes[22m | [39m[0m
2026-10-09T11:39:22.9702460Z [  95% ] [90m[1mupdate_scripts_classes[22m | [39m[0m
2026-10-09T11:39:22.9702611Z [  95% ] [90m[1mupdate_scripts_classes[22m | [39m[0m
2026-10-09T11:39:22.9702764Z [  95% ] [90m[1mupdate_scripts_classes[22m | [39m[0m
2026-10-09T11:39:22.9702919Z [  95% ] [90m[1mupdate_scripts_classes[22m | [39m[0m
2026-10-09T11:39:22.9703071Z [  95% ] [90m[1mupdate_scripts_classes[22m | [39m[0m
2026-10-09T11:39:22.9703221Z [  95% ] [90m[1mupdate_scripts_classes[22m | [39m[0m
2026-10-09T11:39:22.9703374Z [  95% ] [90m[1mupdate_scripts_classes[22m | [39m[0m
2026-10-09T11:39:22.9703699Z [  95% ] [90m[1mupdate_scripts_classes[22m | [39m[0m
2026-10-09T11:39:22.9703850Z [  95% ] [90m[1mupdate_scripts_classes[22m | [39m[0m
2026-10-09T11:39:22.9704002Z [  95% ] [90m[1mupdate_scripts_classes[22m | [39m[0m
2026-10-09T11:39:22.9704157Z [  95% ] [90m[1mupdate_scripts_classes[22m | [39m[0m
2026-10-09T11:39:22.9704312Z [  95% ] [90m[1mupdate_scripts_classes[22m | [39m[0m
2026-10-09T11:39:22.9704463Z [  95% ] [90m[1mupdate_scripts_classes[22m | [39m[0m
2026-10-09T11:39:22.9704616Z [  95% ] [90m[1mupdate_scripts_classes[22m | [39m[0m
2026-10-09T11:39:22.9704771Z [  96% ] [90m[1mupdate_scripts_classes[22m | [39m[0m
2026-10-09T11:39:22.9704922Z [  96% ] [90m[1mupdate_scripts_classes[22m | [39m[0m
2026-10-09T11:39:22.9705078Z [  96% ] [90m[1mupdate_scripts_classes[22m | [39m[0m
2026-10-09T11:39:22.9705231Z [  96% ] [90m[1mupdate_scripts_classes[22m | [39m[0m
2026-10-09T11:39:22.9705452Z [  96% ] [90m[1mupdate_scripts_classes[22m | [39m[0m
2026-10-09T11:39:22.9705608Z [  96% ] [90m[1mupdate_scripts_classes[22m | [39m[0m
2026-10-09T11:39:22.9705762Z [  96% ] [90m[1mupdate_scripts_classes[22m | [39m[0m
2026-10-09T11:39:22.9705916Z [  96% ] [90m[1mupdate_scripts_classes[22m | [39m[0m
2026-10-09T11:39:22.9706067Z [  96% ] [90m[1mupdate_scripts_classes[22m | [39m[0m
2026-10-09T11:39:22.9706223Z [  96% ] [90m[1mupdate_scripts_classes[22m | [39m[0m
2026-10-09T11:39:22.9706377Z [  96% ] [90m[1mupdate_scripts_classes[22m | [39m[0m
2026-10-09T11:39:22.9706531Z [  96% ] [90m[1mupdate_scripts_classes[22m | [39m[0m
2026-10-09T11:39:22.9706788Z [  96% ] [90m[1mupdate_scripts_classes[22m | [39m[0m
2026-10-09T11:39:22.9706942Z [  96% ] [90m[1mupdate_scripts_classes[22m | [39m[0m
2026-10-09T11:39:22.9707095Z [  96% ] [90m[1mupdate_scripts_classes[22m | [39m[0m
2026-10-09T11:39:22.9707250Z [  96% ] [90m[1mupdate_scripts_classes[22m | [39m[0m
2026-10-09T11:39:22.9707411Z [  96% ] [90m[1mupdate_scripts_classes[22m | [39m[0m
2026-10-09T11:39:22.9707564Z [  96% ] [90m[1mupdate_scripts_classes[22m | [39m[0m
2026-10-09T11:39:22.9707715Z [  96% ] [90m[1mupdate_scripts_classes[22m | [39m[0m
2026-10-09T11:39:22.9707867Z [  96% ] [90m[1mupdate_scripts_classes[22m | [39m[0m
2026-10-09T11:39:22.9708019Z [  96% ] [90m[1mupdate_scripts_classes[22m | [39m[0m
2026-10-09T11:39:22.9708169Z [  96% ] [90m[1mupdate_scripts_classes[22m | [39m[0m
2026-10-09T11:39:22.9708323Z [  96% ] [90m[1mupdate_scripts_classes[22m | [39m[0m
2026-10-09T11:39:22.9708476Z [  96% ] [90m[1mupdate_scripts_classes[22m | [39m[0m
2026-10-09T11:39:22.9708631Z [  96% ] [90m[1mupdate_scripts_classes[22m | [39m[0m
2026-10-09T11:39:22.9708780Z [  96% ] [90m[1mupdate_scripts_classes[22m | [39m[0m
2026-10-09T11:39:22.9708933Z [  96% ] [90m[1mupdate_scripts_classes[22m | [39m[0m
2026-10-09T11:39:22.9709087Z [  96% ] [90m[1mupdate_scripts_classes[22m | [39m[0m
2026-10-09T11:39:22.9709243Z [  96% ] [90m[1mupdate_scripts_classes[22m | [39m[0m
2026-10-09T11:39:22.9709397Z [  96% ] [90m[1mupdate_scripts_classes[22m | [39m[0m
2026-10-09T11:39:22.9709550Z [  96% ] [90m[1mupdate_scripts_classes[22m | [39m[0m
2026-10-09T11:39:22.9709704Z [  97% ] [90m[1mupdate_scripts_classes[22m | [39m[0m
2026-10-09T11:39:22.9709855Z [  97% ] [90m[1mupdate_scripts_classes[22m | [39m[0m
2026-10-09T11:39:22.9710009Z [  97% ] [90m[1mupdate_scripts_classes[22m | [39m[0m
2026-10-09T11:39:22.9710164Z [  97% ] [90m[1mupdate_scripts_classes[22m | [39m[0m
2026-10-09T11:39:22.9710314Z [  97% ] [90m[1mupdate_scripts_classes[22m | [39m[0m
2026-10-09T11:39:22.9710467Z [  97% ] [90m[1mupdate_scripts_classes[22m | [39m[0m
2026-10-09T11:39:22.9710622Z [  97% ] [90m[1mupdate_scripts_classes[22m | [39m[0m
2026-10-09T11:39:22.9710775Z [  97% ] [90m[1mupdate_scripts_classes[22m | [39m[0m
2026-10-09T11:39:22.9710925Z [  97% ] [90m[1mupdate_scripts_classes[22m | [39m[0m
2026-10-09T11:39:22.9711187Z [  97% ] [90m[1mupdate_scripts_classes[22m | [39m[0m
2026-10-09T11:39:22.9711342Z [  97% ] [90m[1mupdate_scripts_classes[22m | [39m[0m
2026-10-09T11:39:22.9711492Z [  97% ] [90m[1mupdate_scripts_classes[22m | [39m[0m
2026-10-09T11:39:22.9711647Z [  97% ] [90m[1mupdate_scripts_classes[22m | [39m[0m
2026-10-09T11:39:22.9711800Z [  97% ] [90m[1mupdate_scripts_classes[22m | [39m[0m
2026-10-09T11:39:22.9711952Z [  97% ] [90m[1mupdate_scripts_classes[22m | [39m[0m
2026-10-09T11:39:22.9712101Z [  97% ] [90m[1mupdate_scripts_classes[22m | [39m[0m
2026-10-09T11:39:22.9712254Z [  97% ] [90m[1mupdate_scripts_classes[22m | [39m[0m
2026-10-09T11:39:22.9712406Z [  97% ] [90m[1mupdate_scripts_classes[22m | [39m[0m
2026-10-09T11:39:22.9712556Z [  97% ] [90m[1mupdate_scripts_classes[22m | [39m[0m
2026-10-09T11:39:22.9712710Z [  97% ] [90m[1mupdate_scripts_classes[22m | [39m[0m
2026-10-09T11:39:22.9712955Z [  97% ] [90m[1mupdate_scripts_classes[22m | [39m[0m
2026-10-09T11:39:22.9713112Z [  97% ] [90m[1mupdate_scripts_classes[22m | [39m[0m
2026-10-09T11:39:22.9713262Z [  97% ] [90m[1mupdate_scripts_classes[22m | [39m[0m
2026-10-09T11:39:22.9713415Z [  97% ] [90m[1mupdate_scripts_classes[22m | [39m[0m
2026-10-09T11:39:22.9713567Z [  97% ] [90m[1mupdate_scripts_classes[22m | [39m[0m
2026-10-09T11:39:22.9713717Z [  97% ] [90m[1mupdate_scripts_classes[22m | [39m[0m
2026-10-09T11:39:22.9713870Z [  97% ] [90m[1mupdate_scripts_classes[22m | [39m[0m
2026-10-09T11:39:22.9714022Z [  97% ] [90m[1mupdate_scripts_classes[22m | [39m[0m
2026-10-09T11:39:22.9714176Z [  97% ] [90m[1mupdate_scripts_classes[22m | [39m[0m
2026-10-09T11:39:22.9714325Z [  97% ] [90m[1mupdate_scripts_classes[22m | [39m[0m
2026-10-09T11:39:22.9714478Z [  97% ] [90m[1mupdate_scripts_classes[22m | [39m[0m
2026-10-09T11:39:22.9714629Z [  98% ] [90m[1mupdate_scripts_classes[22m | [39m[0m
2026-10-09T11:39:22.9714783Z [  98% ] [90m[1mupdate_scripts_classes[22m | [39m[0m
2026-10-09T11:39:22.9714935Z [  98% ] [90m[1mupdate_scripts_classes[22m | [39m[0m
2026-10-09T11:39:22.9715086Z [  98% ] [90m[1mupdate_scripts_classes[22m | [39m[0m
2026-10-09T11:39:22.9715237Z [  98% ] [90m[1mupdate_scripts_classes[22m | [39m[0m
2026-10-09T11:39:22.9715386Z [  98% ] [90m[1mupdate_scripts_classes[22m | [39m[0m
2026-10-09T11:39:22.9715539Z [  98% ] [90m[1mupdate_scripts_classes[22m | [39m[0m
2026-10-09T11:39:22.9715672Z [  98% ] [90m[1mupdate_scripts_classes[22m | [39m[0m
2026-10-09T11:39:22.9715766Z [  98% ] [90m[1mupdate_scripts_classes[22m | [39m[0m
2026-10-09T11:39:22.9715864Z [  98% ] [90m[1mupdate_scripts_classes[22m | [39m[0m
2026-10-09T11:39:22.9715962Z [  98% ] [90m[1mupdate_scripts_classes[22m | [39m[0m
2026-10-09T11:39:22.9716059Z [  98% ] [90m[1mupdate_scripts_classes[22m | [39m[0m
2026-10-09T11:39:22.9716153Z [  98% ] [90m[1mupdate_scripts_classes[22m | [39m[0m
2026-10-09T11:39:22.9716283Z [  98% ] [90m[1mupdate_scripts_classes[22m | [39m[0m
2026-10-09T11:39:22.9716380Z [  98% ] [90m[1mupdate_scripts_classes[22m | [39m[0m
2026-10-09T11:39:22.9716478Z [  98% ] [90m[1mupdate_scripts_classes[22m | [39m[0m
2026-10-09T11:39:22.9716573Z [  98% ] [90m[1mupdate_scripts_classes[22m | [39m[0m
2026-10-09T11:39:22.9716746Z [  98% ] [90m[1mupdate_scripts_classes[22m | [39m[0m
2026-10-09T11:39:22.9716846Z [  98% ] [90m[1mupdate_scripts_classes[22m | [39m[0m
2026-10-09T11:39:22.9716944Z [  98% ] [90m[1mupdate_scripts_classes[22m | [39m[0m
2026-10-09T11:39:22.9717038Z [  98% ] [90m[1mupdate_scripts_classes[22m | [39m[0m
2026-10-09T11:39:22.9717135Z [  98% ] [90m[1mupdate_scripts_classes[22m | [39m[0m
2026-10-09T11:39:22.9717232Z [  98% ] [90m[1mupdate_scripts_classes[22m | [39m[0m
2026-10-09T11:39:22.9717327Z [  98% ] [90m[1mupdate_scripts_classes[22m | [39m[0m
2026-10-09T11:39:22.9717424Z [  98% ] [90m[1mupdate_scripts_classes[22m | [39m[0m
2026-10-09T11:39:22.9717621Z [  98% ] [90m[1mupdate_scripts_classes[22m | [39m[0m
2026-10-09T11:39:22.9717722Z [  98% ] [90m[1mupdate_scripts_classes[22m | [39m[0m
2026-10-09T11:39:22.9717817Z [  98% ] [90m[1mupdate_scripts_classes[22m | [39m[0m
2026-10-09T11:39:22.9717914Z [  98% ] [90m[1mupdate_scripts_classes[22m | [39m[0m
2026-10-09T11:39:22.9718010Z [  98% ] [90m[1mupdate_scripts_classes[22m | [39m[0m
2026-10-09T11:39:22.9718105Z [  98% ] [90m[1mupdate_scripts_classes[22m | [39m[0m
2026-10-09T11:39:22.9718203Z [  99% ] [90m[1mupdate_scripts_classes[22m | [39m[0m
2026-10-09T11:39:22.9718300Z [  99% ] [90m[1mupdate_scripts_classes[22m | [39m[0m
2026-10-09T11:39:22.9718397Z [  99% ] [90m[1mupdate_scripts_classes[22m | [39m[0m
2026-10-09T11:39:22.9718492Z [  99% ] [90m[1mupdate_scripts_classes[22m | [39m[0m
2026-10-09T11:39:22.9718591Z [  99% ] [90m[1mupdate_scripts_classes[22m | [39m[0m
2026-10-09T11:39:22.9718690Z [  99% ] [90m[1mupdate_scripts_classes[22m | [39m[0m
2026-10-09T11:39:22.9718873Z [  99% ] [90m[1mupdate_scripts_classes[22m | [39m[0m
2026-10-09T11:39:22.9718972Z [  99% ] [90m[1mupdate_scripts_classes[22m | [39m[0m
2026-10-09T11:39:22.9719070Z [  99% ] [90m[1mupdate_scripts_classes[22m | [39m[0m
2026-10-09T11:39:22.9719169Z [  99% ] [90m[1mupdate_scripts_classes[22m | [39m[0m
2026-10-09T11:39:22.9719264Z [  99% ] [90m[1mupdate_scripts_classes[22m | [39m[0m
2026-10-09T11:39:22.9719363Z [  99% ] [90m[1mupdate_scripts_classes[22m | [39m[0m
2026-10-09T11:39:22.9719461Z [  99% ] [90m[1mupdate_scripts_classes[22m | [39m[0m
2026-10-09T11:39:22.9719556Z [  99% ] [90m[1mupdate_scripts_classes[22m | [39m[0m
2026-10-09T11:39:22.9719656Z [  99% ] [90m[1mupdate_scripts_classes[22m | [39m[0m
2026-10-09T11:39:22.9719753Z [  99% ] [90m[1mupdate_scripts_classes[22m | [39m[0m
2026-10-09T11:39:22.9719852Z [  99% ] [90m[1mupdate_scripts_classes[22m | [39m[0m
2026-10-09T11:39:22.9719954Z [  99% ] [90m[1mupdate_scripts_classes[22m | [39m[0m
2026-10-09T11:39:22.9720052Z [  99% ] [90m[1mupdate_scripts_classes[22m | [39m[0m
2026-10-09T11:39:22.9720151Z [  99% ] [90m[1mupdate_scripts_classes[22m | [39m[0m
2026-10-09T11:39:22.9720248Z [  99% ] [90m[1mupdate_scripts_classes[22m | [39m[0m
2026-10-09T11:39:22.9720346Z [  99% ] [90m[1mupdate_scripts_classes[22m | [39m[0m
2026-10-09T11:39:22.9720442Z [  99% ] [90m[1mupdate_scripts_classes[22m | [39m[0m
2026-10-09T11:39:22.9720538Z [  99% ] [90m[1mupdate_scripts_classes[22m | [39m[0m
2026-10-09T11:39:22.9720633Z [  99% ] [90m[1mupdate_scripts_classes[22m | [39m[0m
2026-10-09T11:39:22.9720731Z [  99% ] [90m[1mupdate_scripts_classes[22m | [39m[0m
2026-10-09T11:39:22.9720829Z [  99% ] [90m[1mupdate_scripts_classes[22m | [39m[0m
2026-10-09T11:39:22.9720924Z [  99% ] [90m[1mupdate_scripts_classes[22m | [39m[0m
2026-10-09T11:39:22.9721021Z [  99% ] [90m[1mupdate_scripts_classes[22m | [39m[0m
2026-10-09T11:39:22.9721124Z [  99% ] [90m[1mupdate_scripts_classes[22m | [39m[0m
2026-10-09T11:39:22.9721225Z [92m[ DONE ][39m [1mupdate_scripts_classes[22m
2026-10-09T11:39:22.9721280Z [0m
2026-10-09T11:39:22.9721469Z [   0% ] [90m[1m_update_scan_actions[22m | Started Scanning actions... (1407 steps)[39m[0m
2026-10-09T11:39:22.9721601Z [   0% ] [90m[1m_update_scan_actions[22m | autoshader.svg[39m[0m
2026-10-09T11:39:22.9721726Z [   0% ] [90m[1m_update_scan_actions[22m | color_paint.svg[39m[0m
2026-10-09T11:39:22.9721847Z [   0% ] [90m[1m_update_scan_actions[22m | height_add.svg[39m[0m
2026-10-09T11:39:22.9721964Z [   0% ] [90m[1m_update_scan_actions[22m | height_div.svg[39m[0m
2026-10-09T11:39:22.9722082Z [   0% ] [90m[1m_update_scan_actions[22m | height_flat.svg[39m[0m
2026-10-09T11:39:22.9722196Z [   0% ] [90m[1m_update_scan_actions[22m | height_mul.svg[39m[0m
2026-10-09T11:39:22.9722322Z [   0% ] [90m[1m_update_scan_actions[22m | height_slope.svg[39m[0m
2026-10-09T11:39:22.9722512Z [   0% ] [90m[1m_update_scan_actions[22m | height_smooth.svg[39m[0m
2026-10-09T11:39:22.9722629Z [   0% ] [90m[1m_update_scan_actions[22m | height_sub.svg[39m[0m
2026-10-09T11:39:22.9722746Z [   0% ] [90m[1m_update_scan_actions[22m | holes.svg[39m[0m
2026-10-09T11:39:22.9722864Z [   0% ] [90m[1m_update_scan_actions[22m | layers.svg[39m[0m
2026-10-09T11:39:22.9722985Z [   0% ] [90m[1m_update_scan_actions[22m | multimesh.svg[39m[0m
2026-10-09T11:39:22.9723101Z [   0% ] [90m[1m_update_scan_actions[22m | navigation.svg[39m[0m
2026-10-09T11:39:22.9723232Z [   0% ] [90m[1m_update_scan_actions[22m | picker_checked.svg[39m[0m
2026-10-09T11:39:22.9723347Z [   0% ] [90m[1m_update_scan_actions[22m | region_add.svg[39m[0m
2026-10-09T11:39:22.9723469Z [   1% ] [90m[1m_update_scan_actions[22m | region_remove.svg[39m[0m
2026-10-09T11:39:22.9723587Z [   1% ] [90m[1m_update_scan_actions[22m | terrain3d.svg[39m[0m
2026-10-09T11:39:22.9723772Z [   1% ] [90m[1m_update_scan_actions[22m | texture_paint.svg[39m[0m
2026-10-09T11:39:22.9723894Z [   1% ] [90m[1m_update_scan_actions[22m | texture_spray.svg[39m[0m
2026-10-09T11:39:22.9724011Z [   1% ] [90m[1m_update_scan_actions[22m | wetness.svg[39m[0m
2026-10-09T11:39:22.9724141Z [   1% ] [90m[1m_update_scan_actions[22m | ironwood_canopy.wav[39m[0m
2026-10-09T11:39:22.9724264Z [   1% ] [90m[1m_update_scan_actions[22m | meadow_birds.wav[39m[0m
2026-10-09T11:39:22.9724386Z [   1% ] [90m[1m_update_scan_actions[22m | night_insects.wav[39m[0m
2026-10-09T11:39:22.9724505Z [   1% ] [90m[1m_update_scan_actions[22m | quarry_stone.wav[39m[0m
2026-10-09T11:39:22.9724623Z [   1% ] [90m[1m_update_scan_actions[22m | river_water.wav[39m[0m
2026-10-09T11:39:22.9724742Z [   1% ] [90m[1m_update_scan_actions[22m | tether_drone.wav[39m[0m
2026-10-09T11:39:22.9724856Z [   1% ] [90m[1m_update_scan_actions[22m | wind_high.wav[39m[0m
2026-10-09T11:39:22.9724973Z [   1% ] [90m[1m_update_scan_actions[22m | wind_low.wav[39m[0m
2026-10-09T11:39:22.9725097Z [   1% ] [90m[1m_update_scan_actions[22m | chirp_alert.wav[39m[0m
2026-10-09T11:39:22.9725214Z [   2% ] [90m[1m_update_scan_actions[22m | chirp_idle.wav[39m[0m
2026-10-09T11:39:22.9725330Z [   2% ] [90m[1m_update_scan_actions[22m | growl_alert.wav[39m[0m
2026-10-09T11:39:22.9725448Z [   2% ] [90m[1m_update_scan_actions[22m | growl_idle.wav[39m[0m
2026-10-09T11:39:22.9725569Z [   2% ] [90m[1m_update_scan_actions[22m | rumble_alert.wav[39m[0m
2026-10-09T11:39:22.9725684Z [   2% ] [90m[1m_update_scan_actions[22m | rumble_idle.wav[39m[0m
2026-10-09T11:39:22.9725801Z [   2% ] [90m[1m_update_scan_actions[22m | trill_alert.wav[39m[0m
2026-10-09T11:39:22.9725918Z [   2% ] [90m[1m_update_scan_actions[22m | trill_idle.wav[39m[0m
2026-10-09T11:39:22.9741603Z [   2% ] [90m[1m_update_scan_actions[22m | music_combat.wav[39m[0m
2026-10-09T11:39:22.9771056Z [   2% ] [90m[1m_update_scan_actions[22m | music_exploration.wav[39m[0m
2026-10-09T11:39:22.9800183Z [   2% ] [90m[1m_update_scan_actions[22m | music_release.wav[39m[0m
2026-10-09T11:39:22.9829387Z [   2% ] [90m[1m_update_scan_actions[22m | music_village.wav[39m[0m
2026-10-09T11:39:22.9858048Z [   2% ] [90m[1m_update_scan_actions[22m | music_warden.wav[39m[0m
2026-10-09T11:39:22.9860098Z [   2% ] [90m[1m_update_scan_actions[22m | ability_cue_1.wav[39m[0m
2026-10-09T11:39:22.9862135Z [   2% ] [90m[1m_update_scan_actions[22m | ability_cue_2.wav[39m[0m
2026-10-09T11:39:22.9864269Z [   3% ] [90m[1m_update_scan_actions[22m | attack_miss_1.wav[39m[0m
2026-10-09T11:39:22.9866388Z [   3% ] [90m[1m_update_scan_actions[22m | attack_miss_2.wav[39m[0m
2026-10-09T11:39:22.9868953Z [   3% ] [90m[1m_update_scan_actions[22m | attack_miss_3.wav[39m[0m
2026-10-09T11:39:22.9872636Z [   3% ] [90m[1m_update_scan_actions[22m | bond_milestone.wav[39m[0m
2026-10-09T11:39:22.9874997Z [   3% ] [90m[1m_update_scan_actions[22m | build_place_thud_1.wav[39m[0m
2026-10-09T11:39:22.9877648Z [   3% ] [90m[1m_update_scan_actions[22m | build_place_thud_2.wav[39m[0m
2026-10-09T11:39:22.9879857Z [   3% ] [90m[1m_update_scan_actions[22m | catch_fail.wav[39m[0m
2026-10-09T11:39:22.9882271Z [   3% ] [90m[1m_update_scan_actions[22m | chop_wood_1.wav[39m[0m
2026-10-09T11:39:22.9884697Z [   3% ] [90m[1m_update_scan_actions[22m | chop_wood_2.wav[39m[0m
2026-10-09T11:39:22.9887172Z [   3% ] [90m[1m_update_scan_actions[22m | chop_wood_3.wav[39m[0m
2026-10-09T11:39:22.9890059Z [   3% ] [90m[1m_update_scan_actions[22m | combat_start.wav[39m[0m
2026-10-09T11:39:22.9893128Z [   3% ] [90m[1m_update_scan_actions[22m | combat_win.wav[39m[0m
2026-10-09T11:39:22.9895559Z [   3% ] [90m[1m_update_scan_actions[22m | craft_done.wav[39m[0m
2026-10-09T11:39:22.9897920Z [   3% ] [90m[1m_update_scan_actions[22m | damage_taken_1.wav[39m[0m
2026-10-09T11:39:22.9900220Z [   4% ] [90m[1m_update_scan_actions[22m | damage_taken_2.wav[39m[0m
2026-10-09T11:39:22.9902526Z [   4% ] [90m[1m_update_scan_actions[22m | damage_taken_3.wav[39m[0m
2026-10-09T11:39:22.9905910Z [   4% ] [90m[1m_update_scan_actions[22m | faint.wav[39m[0m
2026-10-09T11:39:22.9908237Z [   4% ] [90m[1m_update_scan_actions[22m | gather_plant_1.wav[39m[0m
2026-10-09T11:39:22.9910465Z [   4% ] [90m[1m_update_scan_actions[22m | gather_plant_2.wav[39m[0m
2026-10-09T11:39:22.9912659Z [   4% ] [90m[1m_update_scan_actions[22m | gather_plant_3.wav[39m[0m
2026-10-09T11:39:22.9914886Z [   4% ] [90m[1m_update_scan_actions[22m | impact_normal_1.wav[39m[0m
2026-10-09T11:39:22.9917174Z [   4% ] [90m[1m_update_scan_actions[22m | impact_normal_2.wav[39m[0m
2026-10-09T11:39:22.9919400Z [   4% ] [90m[1m_update_scan_actions[22m | impact_normal_3.wav[39m[0m
2026-10-09T11:39:22.9921802Z [   4% ] [90m[1m_update_scan_actions[22m | impact_super_1.wav[39m[0m
2026-10-09T11:39:22.9924223Z [   4% ] [90m[1m_update_scan_actions[22m | impact_super_2.wav[39m[0m
2026-10-09T11:39:22.9926745Z [   4% ] [90m[1m_update_scan_actions[22m | impact_super_3.wav[39m[0m
2026-10-09T11:39:22.9928848Z [   4% ] [90m[1m_update_scan_actions[22m | impact_weak_1.wav[39m[0m
2026-10-09T11:39:22.9930944Z [   4% ] [90m[1m_update_scan_actions[22m | impact_weak_2.wav[39m[0m
2026-10-09T11:39:22.9933024Z [   5% ] [90m[1m_update_scan_actions[22m | impact_weak_3.wav[39m[0m
2026-10-09T11:39:22.9936758Z [   5% ] [90m[1m_update_scan_actions[22m | level_up.wav[39m[0m
2026-10-09T11:39:22.9939245Z [   5% ] [90m[1m_update_scan_actions[22m | mine_stone_1.wav[39m[0m
2026-10-09T11:39:22.9941736Z [   5% ] [90m[1m_update_scan_actions[22m | mine_stone_2.wav[39m[0m
2026-10-09T11:39:22.9944218Z [   5% ] [90m[1m_update_scan_actions[22m | mine_stone_3.wav[39m[0m
2026-10-09T11:39:22.9946228Z [   5% ] [90m[1m_update_scan_actions[22m | orb_shake_1.wav[39m[0m
2026-10-09T11:39:22.9948337Z [   5% ] [90m[1m_update_scan_actions[22m | orb_shake_2.wav[39m[0m
2026-10-09T11:39:22.9950629Z [   5% ] [90m[1m_update_scan_actions[22m | orb_throw_1.wav[39m[0m
2026-10-09T11:39:22.9952965Z [   5% ] [90m[1m_update_scan_actions[22m | orb_throw_2.wav[39m[0m
2026-10-09T11:39:22.9955160Z [   5% ] [90m[1m_update_scan_actions[22m | pickup_item.wav[39m[0m
2026-10-09T11:39:22.9957249Z [   5% ] [90m[1m_update_scan_actions[22m | step_grass_1.wav[39m[0m
2026-10-09T11:39:22.9959243Z [   5% ] [90m[1m_update_scan_actions[22m | step_grass_2.wav[39m[0m
2026-10-09T11:39:22.9961232Z [   5% ] [90m[1m_update_scan_actions[22m | step_grass_3.wav[39m[0m
2026-10-09T11:39:22.9963174Z [   5% ] [90m[1m_update_scan_actions[22m | step_grass_4.wav[39m[0m
2026-10-09T11:39:22.9965160Z [   6% ] [90m[1m_update_scan_actions[22m | step_stone_1.wav[39m[0m
2026-10-09T11:39:22.9967215Z [   6% ] [90m[1m_update_scan_actions[22m | step_stone_2.wav[39m[0m
2026-10-09T11:39:22.9969175Z [   6% ] [90m[1m_update_scan_actions[22m | step_stone_3.wav[39m[0m
2026-10-09T11:39:22.9971254Z [   6% ] [90m[1m_update_scan_actions[22m | step_stone_4.wav[39m[0m
2026-10-09T11:39:22.9973331Z [   6% ] [90m[1m_update_scan_actions[22m | step_water_1.wav[39m[0m
2026-10-09T11:39:22.9975499Z [   6% ] [90m[1m_update_scan_actions[22m | step_water_2.wav[39m[0m
2026-10-09T11:39:22.9977752Z [   6% ] [90m[1m_update_scan_actions[22m | step_water_3.wav[39m[0m
2026-10-09T11:39:22.9979815Z [   6% ] [90m[1m_update_scan_actions[22m | step_wood_1.wav[39m[0m
2026-10-09T11:39:22.9981848Z [   6% ] [90m[1m_update_scan_actions[22m | step_wood_2.wav[39m[0m
2026-10-09T11:39:22.9983915Z [   6% ] [90m[1m_update_scan_actions[22m | step_wood_3.wav[39m[0m
2026-10-09T11:39:23.0002697Z [   6% ] [90m[1m_update_scan_actions[22m | release_forest_sky_bed.wav[39m[0m
2026-10-09T11:39:23.0007031Z [   6% ] [90m[1m_update_scan_actions[22m | strike_body.wav[39m[0m
2026-10-09T11:39:23.0009838Z [   6% ] [90m[1m_update_scan_actions[22m | strike_crack.wav[39m[0m
2026-10-09T11:39:23.0018697Z [   6% ] [90m[1m_update_scan_actions[22m | strike_decay.wav[39m[0m
2026-10-09T11:39:23.0022165Z [   7% ] [90m[1m_update_scan_actions[22m | strike_warning.wav[39m[0m
2026-10-09T11:39:23.0040916Z [   7% ] [90m[1m_update_scan_actions[22m | surge_break_bed.wav[39m[0m
2026-10-09T11:39:23.0059643Z [   7% ] [90m[1m_update_scan_actions[22m | surge_building_bed.wav[39m[0m
2026-10-09T11:39:23.0078590Z [   7% ] [90m[1m_update_scan_actions[22m | surge_calm_bed.wav[39m[0m
2026-10-09T11:39:23.0097211Z [   7% ] [90m[1m_update_scan_actions[22m | surge_fading_decay.wav[39m[0m
2026-10-09T11:39:23.0099736Z [   7% ] [90m[1m_update_scan_actions[22m | Banner.obj[39m[0m
2026-10-09T11:39:23.0102925Z [   7% ] [90m[1m_update_scan_actions[22m | LargeSimpleTower.obj[39m[0m
2026-10-09T11:39:23.0106272Z [   7% ] [90m[1m_update_scan_actions[22m | LargeSquareTower.obj[39m[0m
2026-10-09T11:39:23.0110102Z [   7% ] [90m[1m_update_scan_actions[22m | LargeSquareTowerBricks.obj[39m[0m
2026-10-09T11:39:23.0113461Z [   7% ] [90m[1m_update_scan_actions[22m | LargeTower.obj[39m[0m
2026-10-09T11:39:23.0116898Z [   7% ] [90m[1m_update_scan_actions[22m | PointyTower.obj[39m[0m
2026-10-09T11:39:23.0119636Z [   7% ] [90m[1m_update_scan_actions[22m | Simpletower.obj[39m[0m
2026-10-09T11:39:23.0122497Z [   7% ] [90m[1m_update_scan_actions[22m | SimpleTowerBricks.obj[39m[0m
2026-10-09T11:39:23.0125604Z [   7% ] [90m[1m_update_scan_actions[22m | SmallSquareTower.obj[39m[0m
2026-10-09T11:39:23.0129144Z [   8% ] [90m[1m_update_scan_actions[22m | SmallSquareTowerBricks.obj[39m[0m
2026-10-09T11:39:23.0132177Z [   8% ] [90m[1m_update_scan_actions[22m | SmallTower.obj[39m[0m
2026-10-09T11:39:23.0134670Z [   8% ] [90m[1m_update_scan_actions[22m | TallWall.obj[39m[0m
2026-10-09T11:39:23.0137506Z [   8% ] [90m[1m_update_scan_actions[22m | TallWallBricks.obj[39m[0m
2026-10-09T11:39:23.0140298Z [   8% ] [90m[1m_update_scan_actions[22m | TallWallEntrance.obj[39m[0m
2026-10-09T11:39:23.0143848Z [   8% ] [90m[1m_update_scan_actions[22m | Tower.obj[39m[0m
2026-10-09T11:39:23.0146434Z [   8% ] [90m[1m_update_scan_actions[22m | Wall.obj[39m[0m
2026-10-09T11:39:23.0149301Z [   8% ] [90m[1m_update_scan_actions[22m | WallBricks.obj[39m[0m
2026-10-09T11:39:23.0151909Z [   8% ] [90m[1m_update_scan_actions[22m | WallEntrance.obj[39m[0m
2026-10-09T11:39:23.0154765Z [   8% ] [90m[1m_update_scan_actions[22m | WallEntranceBricks.obj[39m[0m
2026-10-09T11:39:23.0157775Z [   8% ] [90m[1m_update_scan_actions[22m | Watchtower.obj[39m[0m
2026-10-09T11:39:23.0160817Z [   8% ] [90m[1m_update_scan_actions[22m | WatchTowerWRoof.obj[39m[0m
2026-10-09T11:39:23.0163058Z [   8% ] [90m[1m_update_scan_actions[22m | Balcony_Cross_Corner.gltf[39m[0m
2026-10-09T11:39:23.0165207Z [   8% ] [90m[1m_update_scan_actions[22m | Balcony_Cross_Straight.gltf[39m[0m
2026-10-09T11:39:23.0167789Z [   9% ] [90m[1m_update_scan_actions[22m | Balcony_Simple_Corner.gltf[39m[0m
2026-10-09T11:39:23.0170287Z [   9% ] [90m[1m_update_scan_actions[22m | Balcony_Simple_Straight.gltf[39m[0m
2026-10-09T11:39:23.0172197Z [   9% ] [90m[1m_update_scan_actions[22m | Corner_ExteriorWide_Wood.gltf[39m[0m
2026-10-09T11:39:23.0175472Z [   9% ] [90m[1m_update_scan_actions[22m | Corner_Exterior_Brick.gltf[39m[0m
2026-10-09T11:39:23.0177639Z [   9% ] [90m[1m_update_scan_actions[22m | Corner_Exterior_Wood.gltf[39m[0m
2026-10-09T11:39:23.0179683Z [   9% ] [90m[1m_update_scan_actions[22m | DoorFrame_Flat_WoodDark.gltf[39m[0m
2026-10-09T11:39:23.0181837Z [   9% ] [90m[1m_update_scan_actions[22m | Door_1_Flat.gltf[39m[0m
2026-10-09T11:39:23.0185630Z [   9% ] [90m[1m_update_scan_actions[22m | Door_2_Flat.gltf[39m[0m
2026-10-09T11:39:23.0188093Z [   9% ] [90m[1m_update_scan_actions[22m | Door_8_Flat.gltf[39m[0m
2026-10-09T11:39:23.0190171Z [   9% ] [90m[1m_update_scan_actions[22m | Floor_UnevenBrick.gltf[39m[0m
2026-10-09T11:39:23.0192181Z [   9% ] [90m[1m_update_scan_actions[22m | Floor_WoodDark.gltf[39m[0m
2026-10-09T11:39:23.0194514Z [   9% ] [90m[1m_update_scan_actions[22m | Overhang_Plaster_Corner.gltf[39m[0m
2026-10-09T11:39:23.0196798Z [   9% ] [90m[1m_update_scan_actions[22m | Overhang_Plaster_Corner_Front.gltf[39m[0m
2026-10-09T11:39:23.0198907Z [   9% ] [90m[1m_update_scan_actions[22m | Overhang_Plaster_Long.gltf[39m[0m
2026-10-09T11:39:23.0201044Z [  10% ] [90m[1m_update_scan_actions[22m | Overhang_Plaster_Short.gltf[39m[0m
2026-10-09T11:39:23.0203157Z [  10% ] [90m[1m_update_scan_actions[22m | Overhang_RoofIncline_Plaster.gltf[39m[0m
2026-10-09T11:39:23.0205211Z [  10% ] [90m[1m_update_scan_actions[22m | Overhang_Roof_Plaster.gltf[39m[0m
2026-10-09T11:39:23.0207400Z [  10% ] [90m[1m_update_scan_actions[22m | Prop_Brick1.gltf[39m[0m
2026-10-09T11:39:23.0209479Z [  10% ] [90m[1m_update_scan_actions[22m | Prop_Brick2.gltf[39m[0m
2026-10-09T11:39:23.0211562Z [  10% ] [90m[1m_update_scan_actions[22m | Prop_Brick3.gltf[39m[0m
2026-10-09T11:39:23.0213638Z [  10% ] [90m[1m_update_scan_actions[22m | Prop_Brick4.gltf[39m[0m
2026-10-09T11:39:23.0215722Z [  10% ] [90m[1m_update_scan_actions[22m | Prop_Chimney2.gltf[39m[0m
2026-10-09T11:39:23.0218097Z [  10% ] [90m[1m_update_scan_actions[22m | Prop_Chimney.gltf[39m[0m
2026-10-09T11:39:23.0220213Z [  10% ] [90m[1m_update_scan_actions[22m | Prop_Crate.gltf[39m[0m
2026-10-09T11:39:23.0222321Z [  10% ] [90m[1m_update_scan_actions[22m | Prop_ExteriorBorder_Corner.gltf[39m[0m
2026-10-09T11:39:23.0225312Z [  10% ] [90m[1m_update_scan_actions[22m | Prop_ExteriorBorder_Straight1.gltf[39m[0m
2026-10-09T11:39:23.0227455Z [  10% ] [90m[1m_update_scan_actions[22m | Prop_ExteriorBorder_Straight2.gltf[39m[0m
2026-10-09T11:39:23.0230908Z [  10% ] [90m[1m_update_scan_actions[22m | Prop_MetalFence_Ornament.gltf[39m[0m
2026-10-09T11:39:23.0233813Z [  11% ] [90m[1m_update_scan_actions[22m | Prop_MetalFence_Simple.gltf[39m[0m
2026-10-09T11:39:23.0235813Z [  11% ] [90m[1m_update_scan_actions[22m | Prop_Support.gltf[39m[0m
2026-10-09T11:39:23.0237969Z [  11% ] [90m[1m_update_scan_actions[22m | Prop_Vine1.gltf[39m[0m
2026-10-09T11:39:23.0239974Z [  11% ] [90m[1m_update_scan_actions[22m | Prop_Vine2.gltf[39m[0m
2026-10-09T11:39:23.0242000Z [  11% ] [90m[1m_update_scan_actions[22m | Prop_Vine4.gltf[39m[0m
2026-10-09T11:39:23.0244065Z [  11% ] [90m[1m_update_scan_actions[22m | Prop_Vine5.gltf[39m[0m
2026-10-09T11:39:23.0246121Z [  11% ] [90m[1m_update_scan_actions[22m | Prop_Vine6.gltf[39m[0m
2026-10-09T11:39:23.0248274Z [  11% ] [90m[1m_update_scan_actions[22m | Prop_Vine9.gltf[39m[0m
2026-10-09T11:39:23.0250999Z [  11% ] [90m[1m_update_scan_actions[22m | Prop_Wagon.gltf[39m[0m
2026-10-09T11:39:23.0253120Z [  11% ] [90m[1m_update_scan_actions[22m | Prop_WoodenFence_Extension1.gltf[39m[0m
2026-10-09T11:39:23.0255179Z [  11% ] [90m[1m_update_scan_actions[22m | Prop_WoodenFence_Extension2.gltf[39m[0m
2026-10-09T11:39:23.0257490Z [  11% ] [90m[1m_update_scan_actions[22m | Prop_WoodenFence_Single.gltf[39m[0m
2026-10-09T11:39:23.0259892Z [  11% ] [90m[1m_update_scan_actions[22m | Roof_Dormer_RoundTile.gltf[39m[0m
2026-10-09T11:39:23.0261943Z [  11% ] [90m[1m_update_scan_actions[22m | Roof_FrontSupports.gltf[39m[0m
2026-10-09T11:39:23.0264175Z [  12% ] [90m[1m_update_scan_actions[22m | Roof_Front_Brick4.gltf[39m[0m
2026-10-09T11:39:23.0266391Z [  12% ] [90m[1m_update_scan_actions[22m | Roof_Front_Brick6.gltf[39m[0m
2026-10-09T11:39:23.0268648Z [  12% ] [90m[1m_update_scan_actions[22m | Roof_Front_Brick8.gltf[39m[0m
2026-10-09T11:39:23.0270717Z [  12% ] [90m[1m_update_scan_actions[22m | Roof_Log.gltf[39m[0m
2026-10-09T11:39:23.0273605Z [  12% ] [90m[1m_update_scan_actions[22m | Roof_RoundTiles_4x4.gltf[39m[0m
2026-10-09T11:39:23.0276783Z [  12% ] [90m[1m_update_scan_actions[22m | Roof_RoundTiles_4x6.gltf[39m[0m
2026-10-09T11:39:23.0280084Z [  12% ] [90m[1m_update_scan_actions[22m | Roof_RoundTiles_4x8.gltf[39m[0m
2026-10-09T11:39:23.0282998Z [  12% ] [90m[1m_update_scan_actions[22m | Roof_RoundTiles_6x4.gltf[39m[0m
2026-10-09T11:39:23.0286332Z [  12% ] [90m[1m_update_scan_actions[22m | Roof_RoundTiles_6x6.gltf[39m[0m
2026-10-09T11:39:23.0290022Z [  12% ] [90m[1m_update_scan_actions[22m | Roof_RoundTiles_6x8.gltf[39m[0m
2026-10-09T11:39:23.0293897Z [  12% ] [90m[1m_update_scan_actions[22m | Roof_RoundTiles_6x10.gltf[39m[0m
2026-10-09T11:39:23.0296200Z [  12% ] [90m[1m_update_scan_actions[22m | Roof_RoundTile_2x1.gltf[39m[0m
2026-10-09T11:39:23.0298658Z [  12% ] [90m[1m_update_scan_actions[22m | Roof_RoundTile_2x1_Long.gltf[39m[0m
2026-10-09T11:39:23.0300662Z [  12% ] [90m[1m_update_scan_actions[22m | Roof_Support2.gltf[39m[0m
2026-10-09T11:39:23.0302763Z [  12% ] [90m[1m_update_scan_actions[22m | Stairs_Exterior_Platform.gltf[39m[0m
2026-10-09T11:39:23.0304956Z [  13% ] [90m[1m_update_scan_actions[22m | Stairs_Exterior_Straight.gltf[39m[0m
2026-10-09T11:39:23.0376379Z [  13% ] [90m[1m_update_scan_actions[22m | T_Brick_BaseColor.png[39m[0m
2026-10-09T11:39:23.0474548Z [  13% ] [90m[1m_update_scan_actions[22m | T_Brick_Normal.png[39m[0m
2026-10-09T11:39:23.0522582Z [  13% ] [90m[1m_update_scan_actions[22m | T_Brick_Roughness.png[39m[0m
2026-10-09T11:39:23.0541253Z [  13% ] [90m[1m_update_scan_actions[22m | T_MetalOrnaments_BaseColor.png[39m[0m
2026-10-09T11:39:23.0546246Z [  13% ] [90m[1m_update_scan_actions[22m | T_MetalOrnaments_Roughness.png[39m[0m
2026-10-09T11:39:23.0619861Z [  13% ] [90m[1m_update_scan_actions[22m | T_Plaster_BaseColor.png[39m[0m
2026-10-09T11:39:23.0710004Z [  13% ] [90m[1m_update_scan_actions[22m | T_Plaster_Normal.png[39m[0m
2026-10-09T11:39:23.0771065Z [  13% ] [90m[1m_update_scan_actions[22m | T_Plaster_ORM.png[39m[0m
2026-10-09T11:39:23.0834147Z [  13% ] [90m[1m_update_scan_actions[22m | T_RedBrick_BaseColor.png[39m[0m
2026-10-09T11:39:23.0888717Z [  13% ] [90m[1m_update_scan_actions[22m | T_RockTrim_BaseColor.png[39m[0m
2026-10-09T11:39:23.0969543Z [  13% ] [90m[1m_update_scan_actions[22m | T_RockTrim_Normal.png[39m[0m
2026-10-09T11:39:23.1020630Z [  13% ] [90m[1m_update_scan_actions[22m | T_RockTrim_ORM.png[39m[0m
2026-10-09T11:39:23.1113067Z [  13% ] [90m[1m_update_scan_actions[22m | T_RoundTiles_BaseColor.png[39m[0m
2026-10-09T11:39:23.1195569Z [  14% ] [90m[1m_update_scan_actions[22m | T_RoundTiles_Normal.png[39m[0m
2026-10-09T11:39:23.1254516Z [  14% ] [90m[1m_update_scan_actions[22m | T_RoundTiles_Roughness.png[39m[0m
2026-10-09T11:39:23.1333070Z [  14% ] [90m[1m_update_scan_actions[22m | T_UnevenBrick_BaseColor.png[39m[0m
2026-10-09T11:39:23.1422503Z [  14% ] [90m[1m_update_scan_actions[22m | T_UnevenBrick_Normal.png[39m[0m
2026-10-09T11:39:23.1477677Z [  14% ] [90m[1m_update_scan_actions[22m | T_UnevenBrick_Roughness.png[39m[0m
2026-10-09T11:39:23.1485296Z [  14% ] [90m[1m_update_scan_actions[22m | T_VineLeaf_png.png[39m[0m
2026-10-09T11:39:23.1552188Z [  14% ] [90m[1m_update_scan_actions[22m | T_WoodTrim_BaseColor.png[39m[0m
2026-10-09T11:39:23.1637498Z [  14% ] [90m[1m_update_scan_actions[22m | T_WoodTrim_Normal.png[39m[0m
2026-10-09T11:39:23.1698861Z [  14% ] [90m[1m_update_scan_actions[22m | T_WoodTrim_Roughness.png[39m[0m
2026-10-09T11:39:23.1701089Z [  14% ] [90m[1m_update_scan_actions[22m | Wall_Arch.gltf[39m[0m
2026-10-09T11:39:23.1703305Z [  14% ] [90m[1m_update_scan_actions[22m | Wall_BottomCover.gltf[39m[0m
2026-10-09T11:39:23.1705495Z [  14% ] [90m[1m_update_scan_actions[22m | Wall_Plaster_Door_Flat.gltf[39m[0m
2026-10-09T11:39:23.1707763Z [  14% ] [90m[1m_update_scan_actions[22m | Wall_Plaster_Straight.gltf[39m[0m
2026-10-09T11:39:23.1709948Z [  14% ] [90m[1m_update_scan_actions[22m | Wall_Plaster_Straight_Base.gltf[39m[0m
2026-10-09T11:39:23.1712124Z [  15% ] [90m[1m_update_scan_actions[22m | Wall_Plaster_Straight_L.gltf[39m[0m
2026-10-09T11:39:23.1714347Z [  15% ] [90m[1m_update_scan_actions[22m | Wall_Plaster_Straight_R.gltf[39m[0m
2026-10-09T11:39:23.1716571Z [  15% ] [90m[1m_update_scan_actions[22m | Wall_Plaster_Window_Thin_Round.gltf[39m[0m
2026-10-09T11:39:23.1718821Z [  15% ] [90m[1m_update_scan_actions[22m | Wall_Plaster_Window_Wide_Flat2.gltf[39m[0m
2026-10-09T11:39:23.1720962Z [  15% ] [90m[1m_update_scan_actions[22m | Wall_Plaster_Window_Wide_Flat.gltf[39m[0m
2026-10-09T11:39:23.1723073Z [  15% ] [90m[1m_update_scan_actions[22m | Wall_Plaster_WoodGrid.gltf[39m[0m
2026-10-09T11:39:23.1725210Z [  15% ] [90m[1m_update_scan_actions[22m | Wall_UnevenBrick_Door_Flat.gltf[39m[0m
2026-10-09T11:39:23.1727496Z [  15% ] [90m[1m_update_scan_actions[22m | Wall_UnevenBrick_Straight.gltf[39m[0m
2026-10-09T11:39:23.1729681Z [  15% ] [90m[1m_update_scan_actions[22m | Wall_UnevenBrick_Window_Wide_Flat.gltf[39m[0m
2026-10-09T11:39:23.1731799Z [  15% ] [90m[1m_update_scan_actions[22m | WindowShutters_Thin_Flat_Open.gltf[39m[0m
2026-10-09T11:39:23.1733922Z [  15% ] [90m[1m_update_scan_actions[22m | WindowShutters_Wide_Flat_Open.gltf[39m[0m
2026-10-09T11:39:23.1736022Z [  15% ] [90m[1m_update_scan_actions[22m | Window_Thin_Flat1.gltf[39m[0m
2026-10-09T11:39:23.1738276Z [  15% ] [90m[1m_update_scan_actions[22m | Window_Wide_Flat1.gltf[39m[0m
2026-10-09T11:39:23.1868157Z [  15% ] [90m[1m_update_scan_actions[22m | alpha_tracker_lod0.glb[39m[0m
2026-10-09T11:39:23.1977621Z [  16% ] [90m[1m_update_scan_actions[22m | alpha_tracker_lod0_texture_0.png[39m[0m
2026-10-09T11:39:23.2095963Z [  16% ] [90m[1m_update_scan_actions[22m | captain_a_lod0.glb[39m[0m
2026-10-09T11:39:23.2181920Z [  16% ] [90m[1m_update_scan_actions[22m | captain_a_lod0_texture_0.png[39m[0m
2026-10-09T11:39:23.2299949Z [  16% ] [90m[1m_update_scan_actions[22m | captain_b_lod0.glb[39m[0m
2026-10-09T11:39:23.2387122Z [  16% ] [90m[1m_update_scan_actions[22m | captain_b_lod0_texture_0.png[39m[0m
2026-10-09T11:39:23.2518446Z [  16% ] [90m[1m_update_scan_actions[22m | courier_lod0.glb[39m[0m
2026-10-09T11:39:23.2628564Z [  16% ] [90m[1m_update_scan_actions[22m | courier_lod0_texture_0.png[39m[0m
2026-10-09T11:39:23.2719735Z [  16% ] [90m[1m_update_scan_actions[22m | craftsperson_cloth_clean.png[39m[0m
2026-10-09T11:39:23.2852590Z [  16% ] [90m[1m_update_scan_actions[22m | craftsperson_lod0.glb[39m[0m
2026-10-09T11:39:23.2962600Z [  16% ] [90m[1m_update_scan_actions[22m | craftsperson_lod0_texture_0.png[39m[0m
2026-10-09T11:39:23.3082675Z [  16% ] [90m[1m_update_scan_actions[22m | creature_caretaker_lod0.glb[39m[0m
2026-10-09T11:39:23.3183058Z [  16% ] [90m[1m_update_scan_actions[22m | creature_caretaker_lod0_texture_0.png[39m[0m
2026-10-09T11:39:23.3298268Z [  16% ] [90m[1m_update_scan_actions[22m | farmer_lod0.glb[39m[0m
2026-10-09T11:39:23.3400439Z [  16% ] [90m[1m_update_scan_actions[22m | farmer_lod0_texture_0.png[39m[0m
2026-10-09T11:39:23.3527873Z [  17% ] [90m[1m_update_scan_actions[22m | field_researcher_lod0.glb[39m[0m
2026-10-09T11:39:23.3635433Z [  17% ] [90m[1m_update_scan_actions[22m | field_researcher_lod0_texture_0.png[39m[0m
2026-10-09T11:39:23.3749584Z [  17% ] [90m[1m_update_scan_actions[22m | former_tether_member_lod0.glb[39m[0m
2026-10-09T11:39:23.3846749Z [  17% ] [90m[1m_update_scan_actions[22m | former_tether_member_lod0_texture_0.png[39m[0m
2026-10-09T11:39:23.3985275Z [  17% ] [90m[1m_update_scan_actions[22m | grandpa_lod0.glb[39m[0m
2026-10-09T11:39:23.4133834Z [  17% ] [90m[1m_update_scan_actions[22m | grandpa_lod0_texture_0.png[39m[0m
2026-10-09T11:39:23.4247660Z [  17% ] [90m[1m_update_scan_actions[22m | grunt_lod0.glb[39m[0m
2026-10-09T11:39:23.4363325Z [  17% ] [90m[1m_update_scan_actions[22m | grunt_lod0_texture_0.png[39m[0m
2026-10-09T11:39:23.4471599Z [  17% ] [90m[1m_update_scan_actions[22m | grunt_a_lod0.glb[39m[0m
2026-10-09T11:39:23.4551582Z [  17% ] [90m[1m_update_scan_actions[22m | grunt_a_lod0_texture_0.png[39m[0m
2026-10-09T11:39:23.4664470Z [  17% ] [90m[1m_update_scan_actions[22m | grunt_b_lod0.glb[39m[0m
2026-10-09T11:39:23.4745482Z [  17% ] [90m[1m_update_scan_actions[22m | grunt_b_lod0_texture_0.png[39m[0m
2026-10-09T11:39:23.4857617Z [  17% ] [90m[1m_update_scan_actions[22m | grunt_c_lod0.glb[39m[0m
2026-10-09T11:39:23.4941824Z [  17% ] [90m[1m_update_scan_actions[22m | grunt_c_lod0_texture_0.png[39m[0m
2026-10-09T11:39:23.5064175Z [  18% ] [90m[1m_update_scan_actions[22m | innkeeper_lod0.glb[39m[0m
2026-10-09T11:39:23.5169394Z [  18% ] [90m[1m_update_scan_actions[22m | innkeeper_lod0_texture_0.png[39m[0m
2026-10-09T11:39:23.5285031Z [  18% ] [90m[1m_update_scan_actions[22m | inn_helper_lod0.glb[39m[0m
2026-10-09T11:39:23.5383077Z [  18% ] [90m[1m_update_scan_actions[22m | inn_helper_lod0_texture_0.png[39m[0m
2026-10-09T11:39:23.5535472Z [  18% ] [90m[1m_update_scan_actions[22m | kael_lod0.glb[39m[0m
2026-10-09T11:39:23.5651745Z [  18% ] [90m[1m_update_scan_actions[22m | kael_lod0_texture_0.png[39m[0m
2026-10-09T11:39:23.5769955Z [  18% ] [90m[1m_update_scan_actions[22m | local_historian_lod0.glb[39m[0m
2026-10-09T11:39:23.5869379Z [  18% ] [90m[1m_update_scan_actions[22m | local_historian_lod0_texture_0.png[39m[0m
2026-10-09T11:39:23.5983640Z [  18% ] [90m[1m_update_scan_actions[22m | lost_traveler_lod0.glb[39m[0m
2026-10-09T11:39:23.6080608Z [  18% ] [90m[1m_update_scan_actions[22m | lost_traveler_lod0_texture_0.png[39m[0m
2026-10-09T11:39:23.6241181Z [  18% ] [90m[1m_update_scan_actions[22m | lyra_lod0.glb[39m[0m
2026-10-09T11:39:23.6361092Z [  18% ] [90m[1m_update_scan_actions[22m | lyra_lod0_texture_0.png[39m[0m
2026-10-09T11:39:23.6475296Z [  18% ] [90m[1m_update_scan_actions[22m | officer_a_lod0.glb[39m[0m
2026-10-09T11:39:23.6558505Z [  18% ] [90m[1m_update_scan_actions[22m | officer_a_lod0_texture_0.png[39m[0m
2026-10-09T11:39:23.6672081Z [  19% ] [90m[1m_update_scan_actions[22m | officer_b_lod0.glb[39m[0m
2026-10-09T11:39:23.6751393Z [  19% ] [90m[1m_update_scan_actions[22m | officer_b_lod0_texture_0.png[39m[0m
2026-10-09T11:39:23.6877603Z [  19% ] [90m[1m_update_scan_actions[22m | rival_trainer_lod0.glb[39m[0m
2026-10-09T11:39:23.6985781Z [  19% ] [90m[1m_update_scan_actions[22m | rival_trainer_lod0_texture_0.png[39m[0m
2026-10-09T11:39:23.7134158Z [  19% ] [90m[1m_update_scan_actions[22m | sera_lod0.glb[39m[0m
2026-10-09T11:39:23.7246413Z [  19% ] [90m[1m_update_scan_actions[22m | sera_lod0_texture_0.png[39m[0m
2026-10-09T11:39:23.7364649Z [  19% ] [90m[1m_update_scan_actions[22m | trader_lod0.glb[39m[0m
2026-10-09T11:39:23.7462348Z [  19% ] [90m[1m_update_scan_actions[22m | trader_lod0_texture_0.png[39m[0m
2026-10-09T11:39:23.7599635Z [  19% ] [90m[1m_update_scan_actions[22m | trainer_lod0.glb[39m[0m
2026-10-09T11:39:23.7746351Z [  19% ] [90m[1m_update_scan_actions[22m | trainer_lod0_texture_0.png[39m[0m
2026-10-09T11:39:23.7875732Z [  19% ] [90m[1m_update_scan_actions[22m | trainer_teal_accent.png[39m[0m
2026-10-09T11:39:23.8002050Z [  19% ] [90m[1m_update_scan_actions[22m | villager_female_lod0.glb[39m[0m
2026-10-09T11:39:23.8036340Z [  19% ] [90m[1m_update_scan_actions[22m | villager_female_lod0_hair_mask.png[39m[0m
2026-10-09T11:39:23.8080049Z [  19% ] [90m[1m_update_scan_actions[22m | villager_female_lod0_shins_tex.png[39m[0m
2026-10-09T11:39:23.8208975Z [  20% ] [90m[1m_update_scan_actions[22m | villager_female_lod0_texture_0.png[39m[0m
2026-10-09T11:39:23.8349123Z [  20% ] [90m[1m_update_scan_actions[22m | villager_male_lod0.glb[39m[0m
2026-10-09T11:39:23.8381838Z [  20% ] [90m[1m_update_scan_actions[22m | villager_male_lod0_hair_mask.png[39m[0m
2026-10-09T11:39:23.8511509Z [  20% ] [90m[1m_update_scan_actions[22m | villager_male_lod0_texture_0.png[39m[0m
2026-10-09T11:39:23.8570024Z [  20% ] [90m[1m_update_scan_actions[22m | villager_male_lod0_trousers_tex.png[39m[0m
2026-10-09T11:39:23.8695958Z [  20% ] [90m[1m_update_scan_actions[22m | wandering_trainer_lod0.glb[39m[0m
2026-10-09T11:39:23.8829463Z [  20% ] [90m[1m_update_scan_actions[22m | wandering_trainer_lod0_texture_0.png[39m[0m
2026-10-09T11:39:23.8960622Z [  20% ] [90m[1m_update_scan_actions[22m | warden_lod0.glb[39m[0m
2026-10-09T11:39:23.9096037Z [  20% ] [90m[1m_update_scan_actions[22m | warden_lod0_texture_0.png[39m[0m
2026-10-09T11:39:23.9225520Z [  20% ] [90m[1m_update_scan_actions[22m | young_trainer_lod0.glb[39m[0m
2026-10-09T11:39:23.9333169Z [  20% ] [90m[1m_update_scan_actions[22m | young_trainer_lod0_texture_0.png[39m[0m
2026-10-09T11:39:23.9344515Z [  20% ] [90m[1m_update_scan_actions[22m | Ranger.glb[39m[0m
2026-10-09T11:39:23.9355782Z [  20% ] [90m[1m_update_scan_actions[22m | Ranger_ranger_texture.png[39m[0m
2026-10-09T11:39:23.9372747Z [  20% ] [90m[1m_update_scan_actions[22m | Rig_Medium_General.glb[39m[0m
2026-10-09T11:39:23.9387070Z [  21% ] [90m[1m_update_scan_actions[22m | Rig_Medium_MovementBasic.glb[39m[0m
2026-10-09T11:39:23.9429433Z [  21% ] [90m[1m_update_scan_actions[22m | bruno-the-bear.glb[39m[0m
2026-10-09T11:39:23.9454958Z [  21% ] [90m[1m_update_scan_actions[22m | bruno-the-bear_0.png[39m[0m
2026-10-09T11:39:23.9463033Z [  21% ] [90m[1m_update_scan_actions[22m | bruno-the-bear_1.png[39m[0m
2026-10-09T11:39:23.9466460Z [  21% ] [90m[1m_update_scan_actions[22m | bruno-the-bear_2.png[39m[0m
2026-10-09T11:39:23.9469754Z [  21% ] [90m[1m_update_scan_actions[22m | bruno-the-bear_3.png[39m[0m
2026-10-09T11:39:23.9473146Z [  21% ] [90m[1m_update_scan_actions[22m | bruno-the-bear_4.png[39m[0m
2026-10-09T11:39:23.9513667Z [  21% ] [90m[1m_update_scan_actions[22m | ernie-the-duck.glb[39m[0m
2026-10-09T11:39:23.9538441Z [  21% ] [90m[1m_update_scan_actions[22m | ernie-the-duck_0.png[39m[0m
2026-10-09T11:39:23.9546316Z [  21% ] [90m[1m_update_scan_actions[22m | ernie-the-duck_1.png[39m[0m
2026-10-09T11:39:23.9549725Z [  21% ] [90m[1m_update_scan_actions[22m | ernie-the-duck_2.png[39m[0m
2026-10-09T11:39:23.9553221Z [  21% ] [90m[1m_update_scan_actions[22m | ernie-the-duck_3.png[39m[0m
2026-10-09T11:39:23.9557019Z [  21% ] [90m[1m_update_scan_actions[22m | ernie-the-duck_4.png[39m[0m
2026-10-09T11:39:23.9600100Z [  21% ] [90m[1m_update_scan_actions[22m | ollie-the-songbird.glb[39m[0m
2026-10-09T11:39:23.9626515Z [  22% ] [90m[1m_update_scan_actions[22m | ollie-the-songbird_0.png[39m[0m
2026-10-09T11:39:23.9635084Z [  22% ] [90m[1m_update_scan_actions[22m | ollie-the-songbird_1.png[39m[0m
2026-10-09T11:39:23.9638766Z [  22% ] [90m[1m_update_scan_actions[22m | ollie-the-songbird_2.png[39m[0m
2026-10-09T11:39:23.9642259Z [  22% ] [90m[1m_update_scan_actions[22m | ollie-the-songbird_3.png[39m[0m
2026-10-09T11:39:23.9645986Z [  22% ] [90m[1m_update_scan_actions[22m | ollie-the-songbird_4.png[39m[0m
2026-10-09T11:39:23.9816397Z [  22% ] [90m[1m_update_scan_actions[22m | abyssal_guardian_extracted_base_color.png[39m[0m
2026-10-09T11:39:23.9845254Z [  22% ] [90m[1m_update_scan_actions[22m | abyssal_guardian_extracted_base_color_vivid.png[39m[0m
2026-10-09T11:39:23.9988681Z [  22% ] [90m[1m_update_scan_actions[22m | creature_abyssal_guardian_lod0.glb[39m[0m
2026-10-09T11:39:24.0083087Z [  22% ] [90m[1m_update_scan_actions[22m | creature_abyssal_guardian_lod0_Image_0.jpg[39m[0m
2026-10-09T11:39:24.0143444Z [  22% ] [90m[1m_update_scan_actions[22m | creature_abyssal_guardian_lod0_Image_1.jpg[39m[0m
2026-10-09T11:39:24.0220263Z [  22% ] [90m[1m_update_scan_actions[22m | creature_abyssal_guardian_lod0_Image_2.jpg[39m[0m
2026-10-09T11:39:24.0244848Z [  22% ] [90m[1m_update_scan_actions[22m | aeriex_extracted_base_color_vivid.png[39m[0m
2026-10-09T11:39:24.0352730Z [  22% ] [90m[1m_update_scan_actions[22m | creature_aeriex_lod0.glb[39m[0m
2026-10-09T11:39:24.0424128Z [  22% ] [90m[1m_update_scan_actions[22m | creature_aeriex_lod0_Image_0.jpg[39m[0m
2026-10-09T11:39:24.0452928Z [  23% ] [90m[1m_update_scan_actions[22m | aquaryn_extracted_base_color_shiny.png[39m[0m
2026-10-09T11:39:24.0480318Z [  23% ] [90m[1m_update_scan_actions[22m | aquaryn_extracted_base_color_vivid.png[39m[0m
2026-10-09T11:39:24.0586529Z [  23% ] [90m[1m_update_scan_actions[22m | creature_aquaryn_lod0.glb[39m[0m
2026-10-09T11:39:24.0662782Z [  23% ] [90m[1m_update_scan_actions[22m | creature_aquaryn_lod0_Image_0.jpg[39m[0m
2026-10-09T11:39:24.0663636Z [  23% ] [90m[1m_update_scan_actions[22m | bramblebun_extracted_base_color.png[39m[0m
2026-10-09T11:39:24.0692778Z [  23% ] [90m[1m_update_scan_actions[22m | bramblebun_extracted_base_color_shiny.png[39m[0m
2026-10-09T11:39:24.0721433Z [  23% ] [90m[1m_update_scan_actions[22m | bramblebun_extracted_base_color_vivid.png[39m[0m
2026-10-09T11:39:24.0722218Z [  23% ] [90m[1m_update_scan_actions[22m | bramblebun_extracted_emissive.png[39m[0m
2026-10-09T11:39:24.0734598Z [  23% ] [90m[1m_update_scan_actions[22m | bramblebun_extracted_emissive_shiny.png[39m[0m
2026-10-09T11:39:24.0746049Z [  23% ] [90m[1m_update_scan_actions[22m | bramblebun_extracted_emissive_vivid.png[39m[0m
2026-10-09T11:39:24.0860513Z [  23% ] [90m[1m_update_scan_actions[22m | creature_bramblebun_lod0.glb[39m[0m
2026-10-09T11:39:24.0940080Z [  23% ] [90m[1m_update_scan_actions[22m | creature_bramblebun_lod0_base_color.jpg[39m[0m
2026-10-09T11:39:24.0979617Z [  23% ] [90m[1m_update_scan_actions[22m | creature_bramblebun_lod0_emissive.jpg[39m[0m
2026-10-09T11:39:24.1034197Z [  23% ] [90m[1m_update_scan_actions[22m | creature_bramblebun_lod0_metallic_roughness.jpg[39m[0m
2026-10-09T11:39:24.1136779Z [  24% ] [90m[1m_update_scan_actions[22m | creature_bramblebun_lod0_normal.jpg[39m[0m
2026-10-09T11:39:24.1282869Z [  24% ] [90m[1m_update_scan_actions[22m | bramblebun_redesign_extracted_base_color.png[39m[0m
2026-10-09T11:39:24.1305513Z [  24% ] [90m[1m_update_scan_actions[22m | bramblebun_redesign_extracted_base_color_vivid.png[39m[0m
2026-10-09T11:39:24.1458614Z [  24% ] [90m[1m_update_scan_actions[22m | creature_bramblebun_redesign_lod0.glb[39m[0m
2026-10-09T11:39:24.1542774Z [  24% ] [90m[1m_update_scan_actions[22m | creature_bramblebun_redesign_lod0_base_color.jpg[39m[0m
2026-10-09T11:39:24.1602098Z [  24% ] [90m[1m_update_scan_actions[22m | creature_bramblebun_redesign_lod0_metallic_roughness.jpg[39m[0m
2026-10-09T11:39:24.1672183Z [  24% ] [90m[1m_update_scan_actions[22m | creature_bramblebun_redesign_lod0_normal.jpg[39m[0m
2026-10-09T11:39:24.1703890Z [  24% ] [90m[1m_update_scan_actions[22m | breezetail_extracted_base_color_shiny.png[39m[0m
2026-10-09T11:39:24.1732324Z [  24% ] [90m[1m_update_scan_actions[22m | breezetail_extracted_base_color_vivid.png[39m[0m
2026-10-09T11:39:24.1820037Z [  24% ] [90m[1m_update_scan_actions[22m | creature_breezetail_lod0.glb[39m[0m
2026-10-09T11:39:24.1890079Z [  24% ] [90m[1m_update_scan_actions[22m | creature_breezetail_lod0_Image_0.jpg[39m[0m
2026-10-09T11:39:24.2049701Z [  24% ] [90m[1m_update_scan_actions[22m | creature_brooktail_lod0.glb[39m[0m
2026-10-09T11:39:24.2167446Z [  24% ] [90m[1m_update_scan_actions[22m | creature_brooktail_lod0_base_color.png[39m[0m
2026-10-09T11:39:24.2194536Z [  24% ] [90m[1m_update_scan_actions[22m | creature_brooktail_lod0_base_color_shiny.png[39m[0m
2026-10-09T11:39:24.2220146Z [  25% ] [90m[1m_update_scan_actions[22m | creature_brooktail_lod0_base_color_vivid.png[39m[0m
2026-10-09T11:39:24.2222428Z [  25% ] [90m[1m_update_scan_actions[22m | creature_brooktail_lod0_emissive.png[39m[0m
2026-10-09T11:39:24.2224318Z [  25% ] [90m[1m_update_scan_actions[22m | creature_brooktail_lod0_emissive_shiny.png[39m[0m
2026-10-09T11:39:24.2226326Z [  25% ] [90m[1m_update_scan_actions[22m | creature_brooktail_lod0_emissive_vivid.png[39m[0m
2026-10-09T11:39:24.2289627Z [  25% ] [90m[1m_update_scan_actions[22m | creature_brooktail_lod0_metallic_roughness.png[39m[0m
2026-10-09T11:39:24.2356035Z [  25% ] [90m[1m_update_scan_actions[22m | creature_brooktail_lod0_normal.jpg[39m[0m
2026-10-09T11:39:24.2514933Z [  25% ] [90m[1m_update_scan_actions[22m | creature_burrowback_lod0.glb[39m[0m
2026-10-09T11:39:24.2617988Z [  25% ] [90m[1m_update_scan_actions[22m | creature_burrowback_lod0_base_color.png[39m[0m
2026-10-09T11:39:24.2642198Z [  25% ] [90m[1m_update_scan_actions[22m | creature_burrowback_lod0_base_color_alpha.png[39m[0m
2026-10-09T11:39:24.2666864Z [  25% ] [90m[1m_update_scan_actions[22m | creature_burrowback_lod0_base_color_nightburrow.png[39m[0m
2026-10-09T11:39:24.2689147Z [  25% ] [90m[1m_update_scan_actions[22m | creature_burrowback_lod0_base_color_shiny.png[39m[0m
2026-10-09T11:39:24.2713827Z [  25% ] [90m[1m_update_scan_actions[22m | creature_burrowback_lod0_base_color_vivid.png[39m[0m
2026-10-09T11:39:24.2715899Z [  25% ] [90m[1m_update_scan_actions[22m | creature_burrowback_lod0_emissive.png[39m[0m
2026-10-09T11:39:24.2717898Z [  25% ] [90m[1m_update_scan_actions[22m | creature_burrowback_lod0_emissive_alpha.png[39m[0m
2026-10-09T11:39:24.2729048Z [  25% ] [90m[1m_update_scan_actions[22m | creature_burrowback_lod0_emissive_nightburrow.png[39m[0m
2026-10-09T11:39:24.2731036Z [  26% ] [90m[1m_update_scan_actions[22m | creature_burrowback_lod0_emissive_shiny.png[39m[0m
2026-10-09T11:39:24.2733054Z [  26% ] [90m[1m_update_scan_actions[22m | creature_burrowback_lod0_emissive_vivid.png[39m[0m
2026-10-09T11:39:24.2800182Z [  26% ] [90m[1m_update_scan_actions[22m | creature_burrowback_lod0_metallic_roughness.png[39m[0m
2026-10-09T11:39:24.2864770Z [  26% ] [90m[1m_update_scan_actions[22m | creature_burrowback_lod0_normal.jpg[39m[0m
2026-10-09T11:39:24.2896810Z [  26% ] [90m[1m_update_scan_actions[22m | cannonback_extracted_base_color_shiny.png[39m[0m
2026-10-09T11:39:24.2926011Z [  26% ] [90m[1m_update_scan_actions[22m | cannonback_extracted_base_color_vivid.png[39m[0m
2026-10-09T11:39:24.3023036Z [  26% ] [90m[1m_update_scan_actions[22m | creature_cannonback_lod0.glb[39m[0m
2026-10-09T11:39:24.3098499Z [  26% ] [90m[1m_update_scan_actions[22m | creature_cannonback_lod0_Image_0.jpg[39m[0m
2026-10-09T11:39:24.3218039Z [  26% ] [90m[1m_update_scan_actions[22m | creature_cindercub_lod0.glb[39m[0m
2026-10-09T11:39:24.3290416Z [  26% ] [90m[1m_update_scan_actions[22m | creature_cindercub_lod0_base_color.jpg[39m[0m
2026-10-09T11:39:24.3342968Z [  26% ] [90m[1m_update_scan_actions[22m | creature_cindercub_lod0_metallic_roughness.jpg[39m[0m
2026-10-09T11:39:24.3402969Z [  26% ] [90m[1m_update_scan_actions[22m | creature_cindercub_lod0_normal.jpg[39m[0m
2026-10-09T11:39:24.3440030Z [  26% ] [90m[1m_update_scan_actions[22m | cliffspike_extracted_base_color_shiny.png[39m[0m
2026-10-09T11:39:24.3473682Z [  26% ] [90m[1m_update_scan_actions[22m | cliffspike_extracted_base_color_vivid.png[39m[0m
2026-10-09T11:39:24.3599142Z [  27% ] [90m[1m_update_scan_actions[22m | creature_cliffspike_lod0.glb[39m[0m
2026-10-09T11:39:24.3683006Z [  27% ] [90m[1m_update_scan_actions[22m | creature_cliffspike_lod0_Image_0.jpg[39m[0m
2026-10-09T11:39:24.3705184Z [  27% ] [90m[1m_update_scan_actions[22m | cloudfang_extracted_base_color_shiny.png[39m[0m
2026-10-09T11:39:24.3729201Z [  27% ] [90m[1m_update_scan_actions[22m | cloudfang_extracted_base_color_vivid.png[39m[0m
2026-10-09T11:39:24.3865075Z [  27% ] [90m[1m_update_scan_actions[22m | creature_cloudfang_f36_material_v1.glb[39m[0m
2026-10-09T11:39:24.4001112Z [  27% ] [90m[1m_update_scan_actions[22m | creature_cloudfang_f36_material_v1_Image_0.jpg[39m[0m
2026-10-09T11:39:24.4064792Z [  27% ] [90m[1m_update_scan_actions[22m | creature_cloudfang_f36_material_v1_Image_1.jpg[39m[0m
2026-10-09T11:39:24.4175717Z [  27% ] [90m[1m_update_scan_actions[22m | creature_cloudfang_f36_material_v1_Image_2.jpg[39m[0m
2026-10-09T11:39:24.4276089Z [  27% ] [90m[1m_update_scan_actions[22m | creature_cloudfang_lod0.glb[39m[0m
2026-10-09T11:39:24.4344243Z [  27% ] [90m[1m_update_scan_actions[22m | creature_cloudfang_lod0_Image_0.jpg[39m[0m
2026-10-09T11:39:24.4373176Z [  27% ] [90m[1m_update_scan_actions[22m | cloudfang_f36_material_v1_extracted_base_color_shiny.png[39m[0m
2026-10-09T11:39:24.4402601Z [  27% ] [90m[1m_update_scan_actions[22m | cloudfang_f36_material_v1_extracted_base_color_vivid.png[39m[0m
2026-10-09T11:39:24.4403367Z [  27% ] [90m[1m_update_scan_actions[22m | cragclaw_extracted_base_color.png[39m[0m
2026-10-09T11:39:24.4431131Z [  27% ] [90m[1m_update_scan_actions[22m | cragclaw_extracted_base_color_vivid.png[39m[0m
2026-10-09T11:39:24.4529021Z [  28% ] [90m[1m_update_scan_actions[22m | creature_cragclaw_lod0.glb[39m[0m
2026-10-09T11:39:24.4602929Z [  28% ] [90m[1m_update_scan_actions[22m | creature_cragclaw_lod0_Image_0.jpg[39m[0m
2026-10-09T11:39:24.4628289Z [  28% ] [90m[1m_update_scan_actions[22m | craghorn_extracted_base_color_vivid.png[39m[0m
2026-10-09T11:39:24.4712673Z [  28% ] [90m[1m_update_scan_actions[22m | creature_craghorn_lod0.glb[39m[0m
2026-10-09T11:39:24.4778905Z [  28% ] [90m[1m_update_scan_actions[22m | creature_craghorn_lod0_Image_0.jpg[39m[0m
2026-10-09T11:39:24.4955942Z [  28% ] [90m[1m_update_scan_actions[22m | creature_duskhush_lod0.glb[39m[0m
2026-10-09T11:39:24.5080122Z [  28% ] [90m[1m_update_scan_actions[22m | creature_duskhush_lod0_base_color.png[39m[0m
2026-10-09T11:39:24.5111222Z [  28% ] [90m[1m_update_scan_actions[22m | creature_duskhush_lod0_base_color_shiny.png[39m[0m
2026-10-09T11:39:24.5139545Z [  28% ] [90m[1m_update_scan_actions[22m | creature_duskhush_lod0_base_color_vivid.png[39m[0m
2026-10-09T11:39:24.5141759Z [  28% ] [90m[1m_update_scan_actions[22m | creature_duskhush_lod0_emissive.png[39m[0m
2026-10-09T11:39:24.5143761Z [  28% ] [90m[1m_update_scan_actions[22m | creature_duskhush_lod0_emissive_shiny.png[39m[0m
2026-10-09T11:39:24.5145752Z [  28% ] [90m[1m_update_scan_actions[22m | creature_duskhush_lod0_emissive_vivid.png[39m[0m
2026-10-09T11:39:24.5215692Z [  28% ] [90m[1m_update_scan_actions[22m | creature_duskhush_lod0_metallic_roughness.png[39m[0m
2026-10-09T11:39:24.5284808Z [  28% ] [90m[1m_update_scan_actions[22m | creature_duskhush_lod0_normal.jpg[39m[0m
2026-10-09T11:39:24.5420437Z [  29% ] [90m[1m_update_scan_actions[22m | creature_frostclaw_lod0.glb[39m[0m
2026-10-09T11:39:24.5500729Z [  29% ] [90m[1m_update_scan_actions[22m | creature_frostclaw_lod0_base_color.jpg[39m[0m
2026-10-09T11:39:24.5553866Z [  29% ] [90m[1m_update_scan_actions[22m | creature_frostclaw_lod0_metallic_roughness.jpg[39m[0m
2026-10-09T11:39:24.5623253Z [  29% ] [90m[1m_update_scan_actions[22m | creature_frostclaw_lod0_normal.jpg[39m[0m
2026-10-09T11:39:24.5712839Z [  29% ] [90m[1m_update_scan_actions[22m | creature_fulgocobra_lod0.glb[39m[0m
2026-10-09T11:39:24.5785399Z [  29% ] [90m[1m_update_scan_actions[22m | creature_fulgocobra_lod0_Image_0.jpg[39m[0m
2026-10-09T11:39:24.5814847Z [  29% ] [90m[1m_update_scan_actions[22m | fulgocobra_extracted_base_color_shiny.png[39m[0m
2026-10-09T11:39:24.5841377Z [  29% ] [90m[1m_update_scan_actions[22m | fulgocobra_extracted_base_color_vivid.png[39m[0m
2026-10-09T11:39:24.5946137Z [  29% ] [90m[1m_update_scan_actions[22m | fulgocobra_f36_source_finish_v1_extracted_base_color_vivid.png[39m[0m
2026-10-09T11:39:24.6050525Z [  29% ] [90m[1m_update_scan_actions[22m | creature_galecrest_lod0.glb[39m[0m
2026-10-09T11:39:24.6137187Z [  29% ] [90m[1m_update_scan_actions[22m | creature_galecrest_lod0_Image_0.jpg[39m[0m
2026-10-09T11:39:24.6239897Z [  29% ] [90m[1m_update_scan_actions[22m | galecrest_extracted_base_color_alpha.png[39m[0m
2026-10-09T11:39:24.6339679Z [  29% ] [90m[1m_update_scan_actions[22m | galecrest_extracted_base_color_shiny.png[39m[0m
2026-10-09T11:39:24.6453883Z [  29% ] [90m[1m_update_scan_actions[22m | galecrest_extracted_base_color_vivid.png[39m[0m
2026-10-09T11:39:24.6603064Z [  30% ] [90m[1m_update_scan_actions[22m | creature_galewisp_lod0.glb[39m[0m
2026-10-09T11:39:24.6683543Z [  30% ] [90m[1m_update_scan_actions[22m | creature_galewisp_lod0_base_color.jpg[39m[0m
2026-10-09T11:39:24.6800243Z [  30% ] [90m[1m_update_scan_actions[22m | creature_galewisp_lod0_base_color.png[39m[0m
2026-10-09T11:39:24.6827990Z [  30% ] [90m[1m_update_scan_actions[22m | creature_galewisp_lod0_base_color_shiny.png[39m[0m
2026-10-09T11:39:24.6890929Z [  30% ] [90m[1m_update_scan_actions[22m | creature_galewisp_lod0_base_color_vivid.png[39m[0m
2026-10-09T11:39:24.6930970Z [  30% ] [90m[1m_update_scan_actions[22m | creature_galewisp_lod0_emissive.jpg[39m[0m
2026-10-09T11:39:24.6933295Z [  30% ] [90m[1m_update_scan_actions[22m | creature_galewisp_lod0_emissive.png[39m[0m
2026-10-09T11:39:24.6935465Z [  30% ] [90m[1m_update_scan_actions[22m | creature_galewisp_lod0_emissive_shiny.png[39m[0m
2026-10-09T11:39:24.6937808Z [  30% ] [90m[1m_update_scan_actions[22m | creature_galewisp_lod0_emissive_vivid.png[39m[0m
2026-10-09T11:39:24.6988377Z [  30% ] [90m[1m_update_scan_actions[22m | creature_galewisp_lod0_metallic_roughness.png[39m[0m
2026-10-09T11:39:24.7054458Z [  30% ] [90m[1m_update_scan_actions[22m | creature_galewisp_lod0_normal.jpg[39m[0m
2026-10-09T11:39:24.7154054Z [  30% ] [90m[1m_update_scan_actions[22m | creature_glimmermoth_lod0.glb[39m[0m
2026-10-09T11:39:24.7232654Z [  30% ] [90m[1m_update_scan_actions[22m | creature_glimmermoth_lod0_Image_0.jpg[39m[0m
2026-10-09T11:39:24.7261183Z [  30% ] [90m[1m_update_scan_actions[22m | glimmermoth_extracted_base_color_vivid.png[39m[0m
2026-10-09T11:39:24.7346963Z [  31% ] [90m[1m_update_scan_actions[22m | creature_mangrove_monitor_lod0.glb[39m[0m
2026-10-09T11:39:24.7415956Z [  31% ] [90m[1m_update_scan_actions[22m | creature_mangrove_monitor_lod0_Image_0.jpg[39m[0m
2026-10-09T11:39:24.7417036Z [  31% ] [90m[1m_update_scan_actions[22m | mangrove_monitor_extracted_base_color.png[39m[0m
2026-10-09T11:39:24.7443438Z [  31% ] [90m[1m_update_scan_actions[22m | mangrove_monitor_extracted_base_color_vivid.png[39m[0m
2026-10-09T11:39:24.7593885Z [  31% ] [90m[1m_update_scan_actions[22m | creature_meadowhart_lod0.glb[39m[0m
2026-10-09T11:39:24.7706131Z [  31% ] [90m[1m_update_scan_actions[22m | creature_meadowhart_lod0_base_color.png[39m[0m
2026-10-09T11:39:24.7731903Z [  31% ] [90m[1m_update_scan_actions[22m | creature_meadowhart_lod0_base_color_shiny.png[39m[0m
2026-10-09T11:39:24.7758325Z [  31% ] [90m[1m_update_scan_actions[22m | creature_meadowhart_lod0_base_color_vivid.png[39m[0m
2026-10-09T11:39:24.7760619Z [  31% ] [90m[1m_update_scan_actions[22m | creature_meadowhart_lod0_emissive.png[39m[0m
2026-10-09T11:39:24.7762771Z [  31% ] [90m[1m_update_scan_actions[22m | creature_meadowhart_lod0_emissive_shiny.png[39m[0m
2026-10-09T11:39:24.7765070Z [  31% ] [90m[1m_update_scan_actions[22m | creature_meadowhart_lod0_emissive_vivid.png[39m[0m
2026-10-09T11:39:24.7829852Z [  31% ] [90m[1m_update_scan_actions[22m | creature_meadowhart_lod0_metallic_roughness.png[39m[0m
2026-10-09T11:39:24.7893628Z [  31% ] [90m[1m_update_scan_actions[22m | creature_meadowhart_lod0_normal.jpg[39m[0m
2026-10-09T11:39:24.8017174Z [  31% ] [90m[1m_update_scan_actions[22m | creature_meadowhart_bare_lod0.glb[39m[0m
2026-10-09T11:39:24.8093550Z [  32% ] [90m[1m_update_scan_actions[22m | creature_meadowhart_bare_lod0_Image_0.jpg[39m[0m
2026-10-09T11:39:24.8188152Z [  32% ] [90m[1m_update_scan_actions[22m | creature_meadowhart_bare_lod0_normal.png[39m[0m
2026-10-09T11:39:24.8278467Z [  32% ] [90m[1m_update_scan_actions[22m | meadowhart_bare_extracted_base_color_shiny.png[39m[0m
2026-10-09T11:39:24.8383885Z [  32% ] [90m[1m_update_scan_actions[22m | creature_mirejaw_lod0.glb[39m[0m
2026-10-09T11:39:24.8455751Z [  32% ] [90m[1m_update_scan_actions[22m | creature_mirejaw_lod0_Image_0.jpg[39m[0m
2026-10-09T11:39:24.8457006Z [  32% ] [90m[1m_update_scan_actions[22m | mirejaw_extracted_base_color.png[39m[0m
2026-10-09T11:39:24.8483943Z [  32% ] [90m[1m_update_scan_actions[22m | mirejaw_extracted_base_color_shiny.png[39m[0m
2026-10-09T11:39:24.8510981Z [  32% ] [90m[1m_update_scan_actions[22m | mirejaw_extracted_base_color_vivid.png[39m[0m
2026-10-09T11:39:24.8716450Z [  32% ] [90m[1m_update_scan_actions[22m | creature_mosshell_lod0.glb[39m[0m
2026-10-09T11:39:24.8857032Z [  32% ] [90m[1m_update_scan_actions[22m | creature_mosshell_lod0_base_color.png[39m[0m
2026-10-09T11:39:24.8885945Z [  32% ] [90m[1m_update_scan_actions[22m | creature_mosshell_lod0_base_color_shiny.png[39m[0m
2026-10-09T11:39:24.8918470Z [  32% ] [90m[1m_update_scan_actions[22m | creature_mosshell_lod0_base_color_vivid.png[39m[0m
2026-10-09T11:39:24.8920642Z [  32% ] [90m[1m_update_scan_actions[22m | creature_mosshell_lod0_emissive.png[39m[0m
2026-10-09T11:39:24.8922563Z [  32% ] [90m[1m_update_scan_actions[22m | creature_mosshell_lod0_emissive_shiny.png[39m[0m
2026-10-09T11:39:24.8924654Z [  33% ] [90m[1m_update_scan_actions[22m | creature_mosshell_lod0_emissive_vivid.png[39m[0m
2026-10-09T11:39:24.8999961Z [  33% ] [90m[1m_update_scan_actions[22m | creature_mosshell_lod0_metallic_roughness.png[39m[0m
2026-10-09T11:39:24.9073468Z [  33% ] [90m[1m_update_scan_actions[22m | creature_mosshell_lod0_normal.jpg[39m[0m
2026-10-09T11:39:24.9171840Z [  33% ] [90m[1m_update_scan_actions[22m | creature_mosshock_lod0.glb[39m[0m
2026-10-09T11:39:24.9248948Z [  33% ] [90m[1m_update_scan_actions[22m | creature_mosshock_lod0_Image_0.jpg[39m[0m
2026-10-09T11:39:24.9274847Z [  33% ] [90m[1m_update_scan_actions[22m | mosshock_extracted_base_color_vivid.png[39m[0m
2026-10-09T11:39:24.9389094Z [  33% ] [90m[1m_update_scan_actions[22m | creature_mudsnout_lod0.glb[39m[0m
2026-10-09T11:39:24.9469585Z [  33% ] [90m[1m_update_scan_actions[22m | creature_mudsnout_lod0_base_color.jpg[39m[0m
2026-10-09T11:39:24.9509141Z [  33% ] [90m[1m_update_scan_actions[22m | creature_mudsnout_lod0_emissive.jpg[39m[0m
2026-10-09T11:39:24.9564233Z [  33% ] [90m[1m_update_scan_actions[22m | creature_mudsnout_lod0_metallic_roughness.jpg[39m[0m
2026-10-09T11:39:24.9667516Z [  33% ] [90m[1m_update_scan_actions[22m | creature_mudsnout_lod0_normal.jpg[39m[0m
2026-10-09T11:39:24.9668216Z [  33% ] [90m[1m_update_scan_actions[22m | mudsnout_extracted_base_color.png[39m[0m
2026-10-09T11:39:24.9695244Z [  33% ] [90m[1m_update_scan_actions[22m | mudsnout_extracted_base_color_shiny.png[39m[0m
2026-10-09T11:39:24.9717340Z [  33% ] [90m[1m_update_scan_actions[22m | mudsnout_extracted_base_color_vivid.png[39m[0m
2026-10-09T11:39:24.9718342Z [  34% ] [90m[1m_update_scan_actions[22m | mudsnout_extracted_emissive.png[39m[0m
2026-10-09T11:39:24.9729174Z [  34% ] [90m[1m_update_scan_actions[22m | mudsnout_extracted_emissive_shiny.png[39m[0m
2026-10-09T11:39:24.9740213Z [  34% ] [90m[1m_update_scan_actions[22m | mudsnout_extracted_emissive_vivid.png[39m[0m
2026-10-09T11:39:24.9912294Z [  34% ] [90m[1m_update_scan_actions[22m | creature_paddlenewt_lod0.glb[39m[0m
2026-10-09T11:39:25.0034849Z [  34% ] [90m[1m_update_scan_actions[22m | creature_paddlenewt_lod0_base_color.png[39m[0m
2026-10-09T11:39:25.0063846Z [  34% ] [90m[1m_update_scan_actions[22m | creature_paddlenewt_lod0_base_color_riftfrill.png[39m[0m
2026-10-09T11:39:25.0094630Z [  34% ] [90m[1m_update_scan_actions[22m | creature_paddlenewt_lod0_base_color_shiny.png[39m[0m
2026-10-09T11:39:25.0121641Z [  34% ] [90m[1m_update_scan_actions[22m | creature_paddlenewt_lod0_base_color_vivid.png[39m[0m
2026-10-09T11:39:25.0123923Z [  34% ] [90m[1m_update_scan_actions[22m | creature_paddlenewt_lod0_emissive.png[39m[0m
2026-10-09T11:39:25.0136987Z [  34% ] [90m[1m_update_scan_actions[22m | creature_paddlenewt_lod0_emissive_riftfrill.png[39m[0m
2026-10-09T11:39:25.0139151Z [  34% ] [90m[1m_update_scan_actions[22m | creature_paddlenewt_lod0_emissive_shiny.png[39m[0m
2026-10-09T11:39:25.0141544Z [  34% ] [90m[1m_update_scan_actions[22m | creature_paddlenewt_lod0_emissive_vivid.png[39m[0m
2026-10-09T11:39:25.0210644Z [  34% ] [90m[1m_update_scan_actions[22m | creature_paddlenewt_lod0_metallic_roughness.png[39m[0m
2026-10-09T11:39:25.0276544Z [  34% ] [90m[1m_update_scan_actions[22m | creature_paddlenewt_lod0_normal.jpg[39m[0m
2026-10-09T11:39:25.0372623Z [  35% ] [90m[1m_update_scan_actions[22m | creature_pebbik_lod0.glb[39m[0m
2026-10-09T11:39:25.0444739Z [  35% ] [90m[1m_update_scan_actions[22m | creature_pebbik_lod0_Image_0.jpg[39m[0m
2026-10-09T11:39:25.0474647Z [  35% ] [90m[1m_update_scan_actions[22m | pebbik_extracted_base_color_shiny.png[39m[0m
2026-10-09T11:39:25.0502779Z [  35% ] [90m[1m_update_scan_actions[22m | pebbik_extracted_base_color_vivid.png[39m[0m
2026-10-09T11:39:25.0658275Z [  35% ] [90m[1m_update_scan_actions[22m | creature_pipwing_lod0.glb[39m[0m
2026-10-09T11:39:25.0774661Z [  35% ] [90m[1m_update_scan_actions[22m | creature_pipwing_lod0_base_color.png[39m[0m
2026-10-09T11:39:25.0802867Z [  35% ] [90m[1m_update_scan_actions[22m | creature_pipwing_lod0_base_color_shiny.png[39m[0m
2026-10-09T11:39:25.0828172Z [  35% ] [90m[1m_update_scan_actions[22m | creature_pipwing_lod0_base_color_vivid.png[39m[0m
2026-10-09T11:39:25.0830479Z [  35% ] [90m[1m_update_scan_actions[22m | creature_pipwing_lod0_emissive.png[39m[0m
2026-10-09T11:39:25.0832646Z [  35% ] [90m[1m_update_scan_actions[22m | creature_pipwing_lod0_emissive_shiny.png[39m[0m
2026-10-09T11:39:25.0834980Z [  35% ] [90m[1m_update_scan_actions[22m | creature_pipwing_lod0_emissive_vivid.png[39m[0m
2026-10-09T11:39:25.0898480Z [  35% ] [90m[1m_update_scan_actions[22m | creature_pipwing_lod0_metallic_roughness.png[39m[0m
2026-10-09T11:39:25.0962766Z [  35% ] [90m[1m_update_scan_actions[22m | creature_pipwing_lod0_normal.jpg[39m[0m
2026-10-09T11:39:25.1135087Z [  35% ] [90m[1m_update_scan_actions[22m | creature_reedwing_lod0.glb[39m[0m
2026-10-09T11:39:25.1257810Z [  36% ] [90m[1m_update_scan_actions[22m | creature_reedwing_lod0_base_color.png[39m[0m
2026-10-09T11:39:25.1283702Z [  36% ] [90m[1m_update_scan_actions[22m | creature_reedwing_lod0_base_color_shiny.png[39m[0m
2026-10-09T11:39:25.1311315Z [  36% ] [90m[1m_update_scan_actions[22m | creature_reedwing_lod0_base_color_vivid.png[39m[0m
2026-10-09T11:39:25.1313669Z [  36% ] [90m[1m_update_scan_actions[22m | creature_reedwing_lod0_emissive.png[39m[0m
2026-10-09T11:39:25.1315854Z [  36% ] [90m[1m_update_scan_actions[22m | creature_reedwing_lod0_emissive_shiny.png[39m[0m
2026-10-09T11:39:25.1318306Z [  36% ] [90m[1m_update_scan_actions[22m | creature_reedwing_lod0_emissive_vivid.png[39m[0m
2026-10-09T11:39:25.1385568Z [  36% ] [90m[1m_update_scan_actions[22m | creature_reedwing_lod0_metallic_roughness.png[39m[0m
2026-10-09T11:39:25.1451916Z [  36% ] [90m[1m_update_scan_actions[22m | creature_reedwing_lod0_normal.jpg[39m[0m
2026-10-09T11:39:25.1538962Z [  36% ] [90m[1m_update_scan_actions[22m | creature_ribbonray_lod0.glb[39m[0m
2026-10-09T11:39:25.1605294Z [  36% ] [90m[1m_update_scan_actions[22m | creature_ribbonray_lod0_Image_0.jpg[39m[0m
2026-10-09T11:39:25.1628481Z [  36% ] [90m[1m_update_scan_actions[22m | ribbonray_extracted_base_color_vivid.png[39m[0m
2026-10-09T11:39:25.1790923Z [  36% ] [90m[1m_update_scan_actions[22m | creature_ripplet_lod0.glb[39m[0m
2026-10-09T11:39:25.1864983Z [  36% ] [90m[1m_update_scan_actions[22m | creature_ripplet_lod0_base_color.jpg[39m[0m
2026-10-09T11:39:25.1969682Z [  36% ] [90m[1m_update_scan_actions[22m | creature_ripplet_lod0_base_color.png[39m[0m
2026-10-09T11:39:25.1992856Z [  37% ] [90m[1m_update_scan_actions[22m | creature_ripplet_lod0_base_color_shiny.png[39m[0m
2026-10-09T11:39:25.2042622Z [  37% ] [90m[1m_update_scan_actions[22m | creature_ripplet_lod0_base_color_vivid.png[39m[0m
2026-10-09T11:39:25.2096522Z [  37% ] [90m[1m_update_scan_actions[22m | creature_ripplet_lod0_emissive.jpg[39m[0m
2026-10-09T11:39:25.2099085Z [  37% ] [90m[1m_update_scan_actions[22m | creature_ripplet_lod0_emissive.png[39m[0m
2026-10-09T11:39:25.2101258Z [  37% ] [90m[1m_update_scan_actions[22m | creature_ripplet_lod0_emissive_shiny.png[39m[0m
2026-10-09T11:39:25.2103532Z [  37% ] [90m[1m_update_scan_actions[22m | creature_ripplet_lod0_emissive_vivid.png[39m[0m
2026-10-09T11:39:25.2154950Z [  37% ] [90m[1m_update_scan_actions[22m | creature_ripplet_lod0_metallic_roughness.png[39m[0m
2026-10-09T11:39:25.2215400Z [  37% ] [90m[1m_update_scan_actions[22m | creature_ripplet_lod0_normal.jpg[39m[0m
2026-10-09T11:39:25.2317985Z [  37% ] [90m[1m_update_scan_actions[22m | creature_riptusk_lod0.glb[39m[0m
2026-10-09T11:39:25.2392820Z [  37% ] [90m[1m_update_scan_actions[22m | creature_riptusk_lod0_Image_0.jpg[39m[0m
2026-10-09T11:39:25.2393770Z [  37% ] [90m[1m_update_scan_actions[22m | riptusk_extracted_base_color.png[39m[0m
2026-10-09T11:39:25.2425286Z [  37% ] [90m[1m_update_scan_actions[22m | riptusk_extracted_base_color_shiny.png[39m[0m
2026-10-09T11:39:25.2454384Z [  37% ] [90m[1m_update_scan_actions[22m | riptusk_extracted_base_color_vivid.png[39m[0m
2026-10-09T11:39:25.2543544Z [  37% ] [90m[1m_update_scan_actions[22m | creature_riverdrake_lod0.glb[39m[0m
2026-10-09T11:39:25.2613641Z [  37% ] [90m[1m_update_scan_actions[22m | creature_riverdrake_lod0_Image_0.jpg[39m[0m
2026-10-09T11:39:25.2638769Z [  38% ] [90m[1m_update_scan_actions[22m | riverdrake_extracted_base_color_vivid.png[39m[0m
2026-10-09T11:39:25.2764540Z [  38% ] [90m[1m_update_scan_actions[22m | creature_shadelet_lod0.glb[39m[0m
2026-10-09T11:39:25.2837470Z [  38% ] [90m[1m_update_scan_actions[22m | creature_shadelet_lod0_base_color.jpg[39m[0m
2026-10-09T11:39:25.2891447Z [  38% ] [90m[1m_update_scan_actions[22m | creature_shadelet_lod0_metallic_roughness.jpg[39m[0m
2026-10-09T11:39:25.2952977Z [  38% ] [90m[1m_update_scan_actions[22m | creature_shadelet_lod0_normal.jpg[39m[0m
2026-10-09T11:39:25.3050261Z [  38% ] [90m[1m_update_scan_actions[22m | creature_sirenseal_lod0.glb[39m[0m
2026-10-09T11:39:25.3121371Z [  38% ] [90m[1m_update_scan_actions[22m | creature_sirenseal_lod0_Image_0.jpg[39m[0m
2026-10-09T11:39:25.3122359Z [  38% ] [90m[1m_update_scan_actions[22m | sirenseal_extracted_base_color.png[39m[0m
2026-10-09T11:39:25.3147627Z [  38% ] [90m[1m_update_scan_actions[22m | sirenseal_extracted_base_color_vivid.png[39m[0m
2026-10-09T11:39:25.3287325Z [  38% ] [90m[1m_update_scan_actions[22m | creature_skyrill_lod0.glb[39m[0m
2026-10-09T11:39:25.3380017Z [  38% ] [90m[1m_update_scan_actions[22m | creature_skyrill_lod0_Image_0.jpg[39m[0m
2026-10-09T11:39:25.3438876Z [  38% ] [90m[1m_update_scan_actions[22m | creature_skyrill_lod0_Image_1.jpg[39m[0m
2026-10-09T11:39:25.3514140Z [  38% ] [90m[1m_update_scan_actions[22m | creature_skyrill_lod0_Image_2.jpg[39m[0m
2026-10-09T11:39:25.3685580Z [  38% ] [90m[1m_update_scan_actions[22m | skyrill_extracted_base_color.png[39m[0m
2026-10-09T11:39:25.3715684Z [  39% ] [90m[1m_update_scan_actions[22m | skyrill_extracted_base_color_vivid.png[39m[0m
2026-10-09T11:39:25.3804699Z [  39% ] [90m[1m_update_scan_actions[22m | creature_solmane_lod0.glb[39m[0m
2026-10-09T11:39:25.3875759Z [  39% ] [90m[1m_update_scan_actions[22m | creature_solmane_lod0_Image_0.jpg[39m[0m
2026-10-09T11:39:25.3907576Z [  39% ] [90m[1m_update_scan_actions[22m | solmane_extracted_base_color_shiny.png[39m[0m
2026-10-09T11:39:25.3935540Z [  39% ] [90m[1m_update_scan_actions[22m | solmane_extracted_base_color_vivid.png[39m[0m
2026-10-09T11:39:25.4073345Z [  39% ] [90m[1m_update_scan_actions[22m | creature_sparkit_lod0.glb[39m[0m
2026-10-09T11:39:25.4156552Z [  39% ] [90m[1m_update_scan_actions[22m | creature_sparkit_lod0_base_color.jpg[39m[0m
2026-10-09T11:39:25.4210046Z [  39% ] [90m[1m_update_scan_actions[22m | creature_sparkit_lod0_metallic_roughness.jpg[39m[0m
2026-10-09T11:39:25.4277729Z [  39% ] [90m[1m_update_scan_actions[22m | creature_sparkit_lod0_normal.jpg[39m[0m
2026-10-09T11:39:25.4368227Z [  39% ] [90m[1m_update_scan_actions[22m | creature_staticub_lod0.glb[39m[0m
2026-10-09T11:39:25.4441542Z [  39% ] [90m[1m_update_scan_actions[22m | creature_staticub_lod0_Image_0.jpg[39m[0m
2026-10-09T11:39:25.4470053Z [  39% ] [90m[1m_update_scan_actions[22m | staticub_extracted_base_color_shiny.png[39m[0m
2026-10-09T11:39:25.4496023Z [  39% ] [90m[1m_update_scan_actions[22m | staticub_extracted_base_color_vivid.png[39m[0m
2026-10-09T11:39:25.4603946Z [  39% ] [90m[1m_update_scan_actions[22m | staticub_f36_source_finish_v1_extracted_base_color_vivid.png[39m[0m
2026-10-09T11:39:25.4731549Z [  40% ] [90m[1m_update_scan_actions[22m | creature_stormbrush_lod0.glb[39m[0m
2026-10-09T11:39:25.4812513Z [  40% ] [90m[1m_update_scan_actions[22m | creature_stormbrush_lod0_Image_0.jpg[39m[0m
2026-10-09T11:39:25.4843286Z [  40% ] [90m[1m_update_scan_actions[22m | stormbrush_extracted_base_color_vivid.png[39m[0m
2026-10-09T11:39:25.4973817Z [  40% ] [90m[1m_update_scan_actions[22m | creature_stormcapra_f36_material_v1.glb[39m[0m
2026-10-09T11:39:25.5095032Z [  40% ] [90m[1m_update_scan_actions[22m | creature_stormcapra_f36_material_v1_Image_0.jpg[39m[0m
2026-10-09T11:39:25.5162509Z [  40% ] [90m[1m_update_scan_actions[22m | creature_stormcapra_f36_material_v1_Image_1.jpg[39m[0m
2026-10-09T11:39:25.5268255Z [  40% ] [90m[1m_update_scan_actions[22m | creature_stormcapra_f36_material_v1_Image_2.jpg[39m[0m
2026-10-09T11:39:25.5363922Z [  40% ] [90m[1m_update_scan_actions[22m | creature_stormcapra_lod0.glb[39m[0m
2026-10-09T11:39:25.5434959Z [  40% ] [90m[1m_update_scan_actions[22m | creature_stormcapra_lod0_Image_0.jpg[39m[0m
2026-10-09T11:39:25.5461913Z [  40% ] [90m[1m_update_scan_actions[22m | stormcapra_extracted_base_color_shiny.png[39m[0m
2026-10-09T11:39:25.5486048Z [  40% ] [90m[1m_update_scan_actions[22m | stormcapra_extracted_base_color_vivid.png[39m[0m
2026-10-09T11:39:25.5614203Z [  40% ] [90m[1m_update_scan_actions[22m | stormcapra_f36_material_v1_extracted_base_color_vivid.png[39m[0m
2026-10-09T11:39:25.5720570Z [  40% ] [90m[1m_update_scan_actions[22m | creature_stormraven_lod0.glb[39m[0m
2026-10-09T11:39:25.5790921Z [  40% ] [90m[1m_update_scan_actions[22m | creature_stormraven_lod0_Image_0.jpg[39m[0m
2026-10-09T11:39:25.5815179Z [  41% ] [90m[1m_update_scan_actions[22m | stormraven_extracted_base_color_vivid.png[39m[0m
2026-10-09T11:39:25.5959734Z [  41% ] [90m[1m_update_scan_actions[22m | creature_tanglevolt_f36_material_v1.glb[39m[0m
2026-10-09T11:39:25.6102591Z [  41% ] [90m[1m_update_scan_actions[22m | creature_tanglevolt_f36_material_v1_Image_0.jpg[39m[0m
2026-10-09T11:39:25.6167013Z [  41% ] [90m[1m_update_scan_actions[22m | creature_tanglevolt_f36_material_v1_Image_1.jpg[39m[0m
2026-10-09T11:39:25.6291661Z [  41% ] [90m[1m_update_scan_actions[22m | creature_tanglevolt_f36_material_v1_Image_2.jpg[39m[0m
2026-10-09T11:39:25.6396211Z [  41% ] [90m[1m_update_scan_actions[22m | creature_tanglevolt_lod0.glb[39m[0m
2026-10-09T11:39:25.6466377Z [  41% ] [90m[1m_update_scan_actions[22m | creature_tanglevolt_lod0_Image_0.jpg[39m[0m
2026-10-09T11:39:25.6492897Z [  41% ] [90m[1m_update_scan_actions[22m | tanglevolt_extracted_base_color_vivid.png[39m[0m
2026-10-09T11:39:25.6524938Z [  41% ] [90m[1m_update_scan_actions[22m | tanglevolt_f36_material_v1_extracted_base_color_vivid.png[39m[0m
2026-10-09T11:39:25.6616720Z [  41% ] [90m[1m_update_scan_actions[22m | creature_tempestwing_lod0.glb[39m[0m
2026-10-09T11:39:25.6686979Z [  41% ] [90m[1m_update_scan_actions[22m | creature_tempestwing_lod0_Image_0.jpg[39m[0m
2026-10-09T11:39:25.6714617Z [  41% ] [90m[1m_update_scan_actions[22m | tempestwing_extracted_base_color_vivid.png[39m[0m
2026-10-09T11:39:25.6855955Z [  41% ] [90m[1m_update_scan_actions[22m | creature_terrapup_lod0.glb[39m[0m
2026-10-09T11:39:25.6933714Z [  41% ] [90m[1m_update_scan_actions[22m | creature_terrapup_lod0_base_color.jpg[39m[0m
2026-10-09T11:39:25.7047609Z [  42% ] [90m[1m_update_scan_actions[22m | creature_terrapup_lod0_base_color.png[39m[0m
2026-10-09T11:39:25.7070972Z [  42% ] [90m[1m_update_scan_actions[22m | creature_terrapup_lod0_base_color_shiny.png[39m[0m
2026-10-09T11:39:25.7094582Z [  42% ] [90m[1m_update_scan_actions[22m | creature_terrapup_lod0_base_color_vivid.png[39m[0m
2026-10-09T11:39:25.7134366Z [  42% ] [90m[1m_update_scan_actions[22m | creature_terrapup_lod0_emissive.jpg[39m[0m
2026-10-09T11:39:25.7173979Z [  42% ] [90m[1m_update_scan_actions[22m | creature_terrapup_lod0_emissive.png[39m[0m
2026-10-09T11:39:25.7185029Z [  42% ] [90m[1m_update_scan_actions[22m | creature_terrapup_lod0_emissive_shiny.png[39m[0m
2026-10-09T11:39:25.7195205Z [  42% ] [90m[1m_update_scan_actions[22m | creature_terrapup_lod0_emissive_vivid.png[39m[0m
2026-10-09T11:39:25.7251039Z [  42% ] [90m[1m_update_scan_actions[22m | creature_terrapup_lod0_metallic_roughness.jpg[39m[0m
2026-10-09T11:39:25.7301616Z [  42% ] [90m[1m_update_scan_actions[22m | creature_terrapup_lod0_metallic_roughness.png[39m[0m
2026-10-09T11:39:25.7366966Z [  42% ] [90m[1m_update_scan_actions[22m | creature_terrapup_lod0_normal.jpg[39m[0m
2026-10-09T11:39:25.7433959Z [  42% ] [90m[1m_update_scan_actions[22m | creature_terrapup_lod0_normal.png[39m[0m
2026-10-09T11:39:25.7538573Z [  42% ] [90m[1m_update_scan_actions[22m | creature_thundertunnel_lod0.glb[39m[0m
2026-10-09T11:39:25.7609815Z [  42% ] [90m[1m_update_scan_actions[22m | creature_thundertunnel_lod0_Image_0.jpg[39m[0m
2026-10-09T11:39:25.7634056Z [  42% ] [90m[1m_update_scan_actions[22m | thundertunnel_extracted_base_color_vivid.png[39m[0m
2026-10-09T11:39:25.7728344Z [  43% ] [90m[1m_update_scan_actions[22m | creature_tidecoil_lod0.glb[39m[0m
2026-10-09T11:39:25.7800952Z [  43% ] [90m[1m_update_scan_actions[22m | creature_tidecoil_lod0_Image_0.jpg[39m[0m
2026-10-09T11:39:25.7827399Z [  43% ] [90m[1m_update_scan_actions[22m | tidecoil_extracted_base_color_shiny.png[39m[0m
2026-10-09T11:39:25.7852698Z [  43% ] [90m[1m_update_scan_actions[22m | tidecoil_extracted_base_color_vivid.png[39m[0m
2026-10-09T11:39:25.7984053Z [  43% ] [90m[1m_update_scan_actions[22m | creature_torrentoad_lod0.glb[39m[0m
2026-10-09T11:39:25.8072027Z [  43% ] [90m[1m_update_scan_actions[22m | creature_torrentoad_lod0_Image_0.jpg[39m[0m
2026-10-09T11:39:25.8133027Z [  43% ] [90m[1m_update_scan_actions[22m | creature_torrentoad_lod0_Image_1.jpg[39m[0m
2026-10-09T11:39:25.8203478Z [  43% ] [90m[1m_update_scan_actions[22m | creature_torrentoad_lod0_Image_2.jpg[39m[0m
2026-10-09T11:39:25.8358376Z [  43% ] [90m[1m_update_scan_actions[22m | torrentoad_extracted_base_color.png[39m[0m
2026-10-09T11:39:25.8385973Z [  43% ] [90m[1m_update_scan_actions[22m | torrentoad_extracted_base_color_vivid.png[39m[0m
2026-10-09T11:39:25.8502996Z [  43% ] [90m[1m_update_scan_actions[22m | creature_trailpup_lod0.glb[39m[0m
2026-10-09T11:39:25.8586201Z [  43% ] [90m[1m_update_scan_actions[22m | creature_trailpup_lod0_base_color.jpg[39m[0m
2026-10-09T11:39:25.8626109Z [  43% ] [90m[1m_update_scan_actions[22m | creature_trailpup_lod0_emissive.jpg[39m[0m
2026-10-09T11:39:25.8679084Z [  43% ] [90m[1m_update_scan_actions[22m | creature_trailpup_lod0_metallic_roughness.jpg[39m[0m
2026-10-09T11:39:25.8784309Z [  44% ] [90m[1m_update_scan_actions[22m | creature_trailpup_lod0_normal.jpg[39m[0m
2026-10-09T11:39:25.8785242Z [  44% ] [90m[1m_update_scan_actions[22m | trailpup_extracted_base_color.png[39m[0m
2026-10-09T11:39:25.8809043Z [  44% ] [90m[1m_update_scan_actions[22m | trailpup_extracted_base_color_shiny.png[39m[0m
2026-10-09T11:39:25.8832812Z [  44% ] [90m[1m_update_scan_actions[22m | trailpup_extracted_base_color_stormtrail.png[39m[0m
2026-10-09T11:39:25.8855707Z [  44% ] [90m[1m_update_scan_actions[22m | trailpup_extracted_base_color_vivid.png[39m[0m
2026-10-09T11:39:25.8856750Z [  44% ] [90m[1m_update_scan_actions[22m | trailpup_extracted_emissive.png[39m[0m
2026-10-09T11:39:25.8869950Z [  44% ] [90m[1m_update_scan_actions[22m | trailpup_extracted_emissive_shiny.png[39m[0m
2026-10-09T11:39:25.8884833Z [  44% ] [90m[1m_update_scan_actions[22m | trailpup_extracted_emissive_stormtrail.png[39m[0m
2026-10-09T11:39:25.8896441Z [  44% ] [90m[1m_update_scan_actions[22m | trailpup_extracted_emissive_vivid.png[39m[0m
2026-10-09T11:39:25.9055087Z [  44% ] [90m[1m_update_scan_actions[22m | creature_tuskroot_lod0.glb[39m[0m
2026-10-09T11:39:25.9173268Z [  44% ] [90m[1m_update_scan_actions[22m | creature_tuskroot_lod0_base_color.png[39m[0m
2026-10-09T11:39:25.9198656Z [  44% ] [90m[1m_update_scan_actions[22m | creature_tuskroot_lod0_base_color_ashtusk.png[39m[0m
2026-10-09T11:39:25.9225681Z [  44% ] [90m[1m_update_scan_actions[22m | creature_tuskroot_lod0_base_color_shiny.png[39m[0m
2026-10-09T11:39:25.9250678Z [  44% ] [90m[1m_update_scan_actions[22m | creature_tuskroot_lod0_base_color_vivid.png[39m[0m
2026-10-09T11:39:25.9252859Z [  45% ] [90m[1m_update_scan_actions[22m | creature_tuskroot_lod0_emissive.png[39m[0m
2026-10-09T11:39:25.9263739Z [  45% ] [90m[1m_update_scan_actions[22m | creature_tuskroot_lod0_emissive_ashtusk.png[39m[0m
2026-10-09T11:39:25.9265890Z [  45% ] [90m[1m_update_scan_actions[22m | creature_tuskroot_lod0_emissive_shiny.png[39m[0m
2026-10-09T11:39:25.9268154Z [  45% ] [90m[1m_update_scan_actions[22m | creature_tuskroot_lod0_emissive_vivid.png[39m[0m
2026-10-09T11:39:25.9331948Z [  45% ] [90m[1m_update_scan_actions[22m | creature_tuskroot_lod0_metallic_roughness.png[39m[0m
2026-10-09T11:39:25.9395993Z [  45% ] [90m[1m_update_scan_actions[22m | creature_tuskroot_lod0_normal.jpg[39m[0m
2026-10-09T11:39:25.9519556Z [  45% ] [90m[1m_update_scan_actions[22m | creature_veridian_lod0.glb[39m[0m
2026-10-09T11:39:25.9602200Z [  45% ] [90m[1m_update_scan_actions[22m | creature_veridian_lod0_base_color.jpg[39m[0m
2026-10-09T11:39:25.9643441Z [  45% ] [90m[1m_update_scan_actions[22m | creature_veridian_lod0_emissive.jpg[39m[0m
2026-10-09T11:39:25.9701005Z [  45% ] [90m[1m_update_scan_actions[22m | creature_veridian_lod0_metallic_roughness.jpg[39m[0m
2026-10-09T11:39:25.9804458Z [  45% ] [90m[1m_update_scan_actions[22m | creature_veridian_lod0_normal.jpg[39m[0m
2026-10-09T11:39:25.9805354Z [  45% ] [90m[1m_update_scan_actions[22m | veridian_extracted_base_color.png[39m[0m
2026-10-09T11:39:25.9836172Z [  45% ] [90m[1m_update_scan_actions[22m | veridian_extracted_base_color_shiny.png[39m[0m
2026-10-09T11:39:25.9864599Z [  45% ] [90m[1m_update_scan_actions[22m | veridian_extracted_base_color_vivid.png[39m[0m
2026-10-09T11:39:25.9865467Z [  46% ] [90m[1m_update_scan_actions[22m | veridian_extracted_emissive.png[39m[0m
2026-10-09T11:39:25.9877659Z [  46% ] [90m[1m_update_scan_actions[22m | veridian_extracted_emissive_shiny.png[39m[0m
2026-10-09T11:39:25.9889781Z [  46% ] [90m[1m_update_scan_actions[22m | veridian_extracted_emissive_vivid.png[39m[0m
2026-10-09T11:39:25.9978606Z [  46% ] [90m[1m_update_scan_actions[22m | creature_voltarach_lod0.glb[39m[0m
2026-10-09T11:39:26.0048663Z [  46% ] [90m[1m_update_scan_actions[22m | creature_voltarach_lod0_Image_0.jpg[39m[0m
2026-10-09T11:39:26.0071687Z [  46% ] [90m[1m_update_scan_actions[22m | voltarach_extracted_base_color_alpha.png[39m[0m
2026-10-09T11:39:26.0099403Z [  46% ] [90m[1m_update_scan_actions[22m | voltarach_extracted_base_color_shiny.png[39m[0m
2026-10-09T11:39:26.0124629Z [  46% ] [90m[1m_update_scan_actions[22m | voltarach_extracted_base_color_vivid.png[39m[0m
2026-10-09T11:39:26.0215097Z [  46% ] [90m[1m_update_scan_actions[22m | creature_voltwig_lod0.glb[39m[0m
2026-10-09T11:39:26.0287067Z [  46% ] [90m[1m_update_scan_actions[22m | creature_voltwig_lod0_Image_0.jpg[39m[0m
2026-10-09T11:39:26.0313746Z [  46% ] [90m[1m_update_scan_actions[22m | voltwig_extracted_base_color_shiny.png[39m[0m
2026-10-09T11:39:26.0338355Z [  46% ] [90m[1m_update_scan_actions[22m | voltwig_extracted_base_color_vivid.png[39m[0m
2026-10-09T11:39:26.0356084Z [  46% ] [90m[1m_update_scan_actions[22m | bramblit.fbx[39m[0m
2026-10-09T11:39:26.0371252Z [  46% ] [90m[1m_update_scan_actions[22m | meadow_hopper.fbx[39m[0m
2026-10-09T11:39:26.0390539Z [  47% ] [90m[1m_update_scan_actions[22m | thornback.fbx[39m[0m
2026-10-09T11:39:26.0442762Z [  47% ] [90m[1m_update_scan_actions[22m | limestone_buttress.glb[39m[0m
2026-10-09T11:39:26.0519285Z [  47% ] [90m[1m_update_scan_actions[22m | limestone_buttress_CloudreachLimestoneColour.png[39m[0m
2026-10-09T11:39:26.0556038Z [  47% ] [90m[1m_update_scan_actions[22m | cloud_bank_v1.png[39m[0m
2026-10-09T11:39:26.0564649Z [  47% ] [90m[1m_update_scan_actions[22m | limestone_spire_1.obj[39m[0m
2026-10-09T11:39:26.0573269Z [  47% ] [90m[1m_update_scan_actions[22m | limestone_spire_2.obj[39m[0m
2026-10-09T11:39:26.0581805Z [  47% ] [90m[1m_update_scan_actions[22m | limestone_spire_3.obj[39m[0m
2026-10-09T11:39:26.0677304Z [  47% ] [90m[1m_update_scan_actions[22m | ironwood_ancient_tree.glb[39m[0m
2026-10-09T11:39:26.0765277Z [  47% ] [90m[1m_update_scan_actions[22m | ironwood_ancient_tree_0.jpg[39m[0m
2026-10-09T11:39:26.0767446Z [  47% ] [90m[1m_update_scan_actions[22m | flower_purpleA.glb[39m[0m
2026-10-09T11:39:26.0769327Z [  47% ] [90m[1m_update_scan_actions[22m | flower_redA.glb[39m[0m
2026-10-09T11:39:26.0771381Z [  47% ] [90m[1m_update_scan_actions[22m | flower_yellowA.glb[39m[0m
2026-10-09T11:39:26.0773481Z [  47% ] [90m[1m_update_scan_actions[22m | flower_yellowB.glb[39m[0m
2026-10-09T11:39:26.0775595Z [  47% ] [90m[1m_update_scan_actions[22m | grass.glb[39m[0m
2026-10-09T11:39:26.0777918Z [  48% ] [90m[1m_update_scan_actions[22m | grass_large.glb[39m[0m
2026-10-09T11:39:26.0779941Z [  48% ] [90m[1m_update_scan_actions[22m | grass_leafs.glb[39m[0m
2026-10-09T11:39:26.0782140Z [  48% ] [90m[1m_update_scan_actions[22m | grass_leafsLarge.glb[39m[0m
2026-10-09T11:39:26.0784242Z [  48% ] [90m[1m_update_scan_actions[22m | log.glb[39m[0m
2026-10-09T11:39:26.0786242Z [  48% ] [90m[1m_update_scan_actions[22m | log_large.glb[39m[0m
2026-10-09T11:39:26.0788333Z [  48% ] [90m[1m_update_scan_actions[22m | mushroom_red.glb[39m[0m
2026-10-09T11:39:26.0790313Z [  48% ] [90m[1m_update_scan_actions[22m | plant_bush.glb[39m[0m
2026-10-09T11:39:26.0792383Z [  48% ] [90m[1m_update_scan_actions[22m | plant_bushDetailed.glb[39m[0m
2026-10-09T11:39:26.0794312Z [  48% ] [90m[1m_update_scan_actions[22m | plant_bushLarge.glb[39m[0m
2026-10-09T11:39:26.0796276Z [  48% ] [90m[1m_update_scan_actions[22m | plant_bushSmall.glb[39m[0m
2026-10-09T11:39:26.0798457Z [  48% ] [90m[1m_update_scan_actions[22m | rock_largeA.glb[39m[0m
2026-10-09T11:39:26.0800526Z [  48% ] [90m[1m_update_scan_actions[22m | rock_largeC.glb[39m[0m
2026-10-09T11:39:26.0802687Z [  48% ] [90m[1m_update_scan_actions[22m | rock_smallA.glb[39m[0m
2026-10-09T11:39:26.0804488Z [  48% ] [90m[1m_update_scan_actions[22m | rock_smallD.glb[39m[0m
2026-10-09T11:39:26.0806758Z [  49% ] [90m[1m_update_scan_actions[22m | rock_tallA.glb[39m[0m
2026-10-09T11:39:26.0808700Z [  49% ] [90m[1m_update_scan_actions[22m | stump_round.glb[39m[0m
2026-10-09T11:39:26.0810682Z [  49% ] [90m[1m_update_scan_actions[22m | stump_square.glb[39m[0m
2026-10-09T11:39:26.0812714Z [  49% ] [90m[1m_update_scan_actions[22m | tree_blocks.glb[39m[0m
2026-10-09T11:39:26.0814773Z [  49% ] [90m[1m_update_scan_actions[22m | tree_default.glb[39m[0m
2026-10-09T11:39:26.0817371Z [  49% ] [90m[1m_update_scan_actions[22m | tree_detailed.glb[39m[0m
2026-10-09T11:39:26.0819332Z [  49% ] [90m[1m_update_scan_actions[22m | tree_fat.glb[39m[0m
2026-10-09T11:39:26.0821465Z [  49% ] [90m[1m_update_scan_actions[22m | tree_oak.glb[39m[0m
2026-10-09T11:39:26.0910676Z [  49% ] [90m[1m_update_scan_actions[22m | day.hdr[39m[0m
2026-10-09T11:39:26.1008326Z [  49% ] [90m[1m_update_scan_actions[22m | golden.hdr[39m[0m
2026-10-09T11:39:26.1013050Z [  49% ] [90m[1m_update_scan_actions[22m | Grass_C_dune_sage_straw.png[39m[0m
2026-10-09T11:39:26.1019756Z [  49% ] [90m[1m_update_scan_actions[22m | Leaves_NormalTree_C_desat55.png[39m[0m
2026-10-09T11:39:26.1027812Z [  49% ] [90m[1m_update_scan_actions[22m | Leaves_NormalTree_C_desat55_b100.png[39m[0m
2026-10-09T11:39:26.1035115Z [  49% ] [90m[1m_update_scan_actions[22m | Bark_DeadTree.png[39m[0m
2026-10-09T11:39:26.1043937Z [  50% ] [90m[1m_update_scan_actions[22m | Bark_DeadTree_Normal.png[39m[0m
2026-10-09T11:39:26.1051180Z [  50% ] [90m[1m_update_scan_actions[22m | Bark_NormalTree.png[39m[0m
2026-10-09T11:39:26.1058992Z [  50% ] [90m[1m_update_scan_actions[22m | Bark_NormalTree_Normal.png[39m[0m
2026-10-09T11:39:26.1066801Z [  50% ] [90m[1m_update_scan_actions[22m | Bark_TwistedTree.png[39m[0m
2026-10-09T11:39:26.1075517Z [  50% ] [90m[1m_update_scan_actions[22m | Bark_TwistedTree_Normal.png[39m[0m
2026-10-09T11:39:26.1078233Z [  50% ] [90m[1m_update_scan_actions[22m | Bush_Common.gltf[39m[0m
2026-10-09T11:39:26.1081236Z [  50% ] [90m[1m_update_scan_actions[22m | Bush_Common_Flowers.gltf[39m[0m
2026-10-09T11:39:26.1092962Z [  50% ] [90m[1m_update_scan_actions[22m | CherryBlossom_3.gltf[39m[0m
2026-10-09T11:39:26.1095081Z [  50% ] [90m[1m_update_scan_actions[22m | Clover_1.gltf[39m[0m
2026-10-09T11:39:26.1097567Z [  50% ] [90m[1m_update_scan_actions[22m | Clover_2.gltf[39m[0m
2026-10-09T11:39:26.1103145Z [  50% ] [90m[1m_update_scan_actions[22m | CommonTree_1.gltf[39m[0m
2026-10-09T11:39:26.1108358Z [  50% ] [90m[1m_update_scan_actions[22m | CommonTree_2.gltf[39m[0m
2026-10-09T11:39:26.1112496Z [  50% ] [90m[1m_update_scan_actions[22m | CommonTree_3.gltf[39m[0m
2026-10-09T11:39:26.1116821Z [  50% ] [90m[1m_update_scan_actions[22m | CommonTree_4.gltf[39m[0m
2026-10-09T11:39:26.1120718Z [  50% ] [90m[1m_update_scan_actions[22m | CommonTree_5.gltf[39m[0m
2026-10-09T11:39:26.1125906Z [  51% ] [90m[1m_update_scan_actions[22m | DeadTree_1.gltf[39m[0m
2026-10-09T11:39:26.1131381Z [  51% ] [90m[1m_update_scan_actions[22m | DeadTree_2.gltf[39m[0m
2026-10-09T11:39:26.1136422Z [  51% ] [90m[1m_update_scan_actions[22m | DeadTree_3.gltf[39m[0m
2026-10-09T11:39:26.1138673Z [  51% ] [90m[1m_update_scan_actions[22m | Fern_1.gltf[39m[0m
2026-10-09T11:39:26.1147825Z [  51% ] [90m[1m_update_scan_actions[22m | Flowers.png[39m[0m
2026-10-09T11:39:26.1150216Z [  51% ] [90m[1m_update_scan_actions[22m | Flower_3_Group.gltf[39m[0m
2026-10-09T11:39:26.1152458Z [  51% ] [90m[1m_update_scan_actions[22m | Flower_3_Single.gltf[39m[0m
2026-10-09T11:39:26.1155152Z [  51% ] [90m[1m_update_scan_actions[22m | Flower_4_Group.gltf[39m[0m
2026-10-09T11:39:26.1157540Z [  51% ] [90m[1m_update_scan_actions[22m | Flower_4_Single.gltf[39m[0m
2026-10-09T11:39:26.1162541Z [  51% ] [90m[1m_update_scan_actions[22m | Grass.png[39m[0m
2026-10-09T11:39:26.1164594Z [  51% ] [90m[1m_update_scan_actions[22m | Grass_Common_Short.gltf[39m[0m
2026-10-09T11:39:26.1166910Z [  51% ] [90m[1m_update_scan_actions[22m | Grass_Common_Tall.gltf[39m[0m
2026-10-09T11:39:26.1169473Z [  51% ] [90m[1m_update_scan_actions[22m | Grass_Wheat.gltf[39m[0m
2026-10-09T11:39:26.1171692Z [  51% ] [90m[1m_update_scan_actions[22m | Grass_Wide_Short.gltf[39m[0m
2026-10-09T11:39:26.1173924Z [  52% ] [90m[1m_update_scan_actions[22m | Grass_Wide_Tall.gltf[39m[0m
2026-10-09T11:39:26.1176203Z [  52% ] [90m[1m_update_scan_actions[22m | Grass_Wispy_Short.gltf[39m[0m
2026-10-09T11:39:26.1178669Z [  52% ] [90m[1m_update_scan_actions[22m | Grass_Wispy_Tall.gltf[39m[0m
2026-10-09T11:39:26.1188180Z [  52% ] [90m[1m_update_scan_actions[22m | Leaves.png[39m[0m
2026-10-09T11:39:26.1204777Z [  52% ] [90m[1m_update_scan_actions[22m | Leaves_CherryBlossom_C.png[39m[0m
2026-10-09T11:39:26.1212293Z [  52% ] [90m[1m_update_scan_actions[22m | Leaves_NormalTree_C.png[39m[0m
2026-10-09T11:39:26.1219767Z [  52% ] [90m[1m_update_scan_actions[22m | Leaves_TwistedTree_C.png[39m[0m
2026-10-09T11:39:26.1228566Z [  52% ] [90m[1m_update_scan_actions[22m | Mushrooms.png[39m[0m
2026-10-09T11:39:26.1230931Z [  52% ] [90m[1m_update_scan_actions[22m | Mushroom_Common.gltf[39m[0m
2026-10-09T11:39:26.1234232Z [  52% ] [90m[1m_update_scan_actions[22m | Mushroom_Laetiporus.gltf[39m[0m
2026-10-09T11:39:26.1236964Z [  52% ] [90m[1m_update_scan_actions[22m | Mushroom_Oyster.gltf[39m[0m
2026-10-09T11:39:26.1239228Z [  52% ] [90m[1m_update_scan_actions[22m | Mushroom_RedCap.gltf[39m[0m
2026-10-09T11:39:26.1247309Z [  52% ] [90m[1m_update_scan_actions[22m | PathRocks_Diffuse.png[39m[0m
2026-10-09T11:39:26.1249411Z [  52% ] [90m[1m_update_scan_actions[22m | Pebble_Round_1.gltf[39m[0m
2026-10-09T11:39:26.1251504Z [  53% ] [90m[1m_update_scan_actions[22m | Pebble_Round_2.gltf[39m[0m
2026-10-09T11:39:26.1253562Z [  53% ] [90m[1m_update_scan_actions[22m | Pebble_Round_3.gltf[39m[0m
2026-10-09T11:39:26.1255595Z [  53% ] [90m[1m_update_scan_actions[22m | Plant_1.gltf[39m[0m
2026-10-09T11:39:26.1259153Z [  53% ] [90m[1m_update_scan_actions[22m | Plant_1_Big.gltf[39m[0m
2026-10-09T11:39:26.1260971Z [  53% ] [90m[1m_update_scan_actions[22m | Plant_7.gltf[39m[0m
2026-10-09T11:39:26.1262920Z [  53% ] [90m[1m_update_scan_actions[22m | Plant_7_Big.gltf[39m[0m
2026-10-09T11:39:26.1265399Z [  53% ] [90m[1m_update_scan_actions[22m | RockPath_Round_Small_1.gltf[39m[0m
2026-10-09T11:39:26.1267966Z [  53% ] [90m[1m_update_scan_actions[22m | RockPath_Round_Small_2.gltf[39m[0m
2026-10-09T11:39:26.1271013Z [  53% ] [90m[1m_update_scan_actions[22m | RockPath_Round_Thin.gltf[39m[0m
2026-10-09T11:39:26.1274742Z [  53% ] [90m[1m_update_scan_actions[22m | RockPath_Round_Wide.gltf[39m[0m
2026-10-09T11:39:26.1283148Z [  53% ] [90m[1m_update_scan_actions[22m | Rocks_Diffuse.png[39m[0m
2026-10-09T11:39:26.1292116Z [  53% ] [90m[1m_update_scan_actions[22m | Rocks_Diffuse_meadows.png[39m[0m
2026-10-09T11:39:26.1294113Z [  53% ] [90m[1m_update_scan_actions[22m | Rock_Medium_1.gltf[39m[0m
2026-10-09T11:39:26.1296086Z [  53% ] [90m[1m_update_scan_actions[22m | Rock_Medium_2.gltf[39m[0m
2026-10-09T11:39:26.1298289Z [  54% ] [90m[1m_update_scan_actions[22m | Rock_Medium_3.gltf[39m[0m
2026-10-09T11:39:26.1305429Z [  54% ] [90m[1m_update_scan_actions[22m | TwistedTree_1.gltf[39m[0m
2026-10-09T11:39:26.1312425Z [  54% ] [90m[1m_update_scan_actions[22m | TwistedTree_2.gltf[39m[0m
2026-10-09T11:39:26.1319893Z [  54% ] [90m[1m_update_scan_actions[22m | TwistedTree_3.gltf[39m[0m
2026-10-09T11:39:26.1327163Z [  54% ] [90m[1m_update_scan_actions[22m | TwistedTree_4.gltf[39m[0m
2026-10-09T11:39:26.1334851Z [  54% ] [90m[1m_update_scan_actions[22m | TwistedTree_5.gltf[39m[0m
2026-10-09T11:39:26.1339781Z [  54% ] [90m[1m_update_scan_actions[22m | rift_siphon_wall_machine.glb[39m[0m
2026-10-09T11:39:26.1343581Z [  54% ] [90m[1m_update_scan_actions[22m | team_tether_banner_rig.glb[39m[0m
2026-10-09T11:39:26.1348217Z [  54% ] [90m[1m_update_scan_actions[22m | team_tether_boiler_chimney.glb[39m[0m
2026-10-09T11:39:26.1351772Z [  54% ] [90m[1m_update_scan_actions[22m | team_tether_scaffold_tower.glb[39m[0m
2026-10-09T11:39:26.1354000Z [  54% ] [90m[1m_update_scan_actions[22m | tt_pipe_bracket.glb[39m[0m
2026-10-09T11:39:26.1356529Z [  54% ] [90m[1m_update_scan_actions[22m | tt_pipe_elbow.glb[39m[0m
2026-10-09T11:39:26.1359032Z [  54% ] [90m[1m_update_scan_actions[22m | tt_pipe_straight.glb[39m[0m
2026-10-09T11:39:26.1361712Z [  54% ] [90m[1m_update_scan_actions[22m | tt_pipe_tee.glb[39m[0m
2026-10-09T11:39:26.1364456Z [  55% ] [90m[1m_update_scan_actions[22m | tt_pipe_valve.glb[39m[0m
2026-10-09T11:39:26.1374453Z [  55% ] [90m[1m_update_scan_actions[22m | machine_hardware.glb[39m[0m
2026-10-09T11:39:26.1401844Z [  55% ] [90m[1m_update_scan_actions[22m | relay_apparatus.glb[39m[0m
2026-10-09T11:39:26.1461106Z [  55% ] [90m[1m_update_scan_actions[22m | relay_apparatus_0.jpg[39m[0m
2026-10-09T11:39:26.1518989Z [  55% ] [90m[1m_update_scan_actions[22m | south_bridge_gate.glb[39m[0m
2026-10-09T11:39:26.1605696Z [  55% ] [90m[1m_update_scan_actions[22m | south_bridge_gate_0.jpg[39m[0m
2026-10-09T11:39:26.1635532Z [  55% ] [90m[1m_update_scan_actions[22m | tether_machine.glb[39m[0m
2026-10-09T11:39:26.1693153Z [  55% ] [90m[1m_update_scan_actions[22m | tether_machine_0.jpg[39m[0m
2026-10-09T11:39:26.1698240Z [  55% ] [90m[1m_update_scan_actions[22m | tether_pylon.glb[39m[0m
2026-10-09T11:39:26.1731353Z [  55% ] [90m[1m_update_scan_actions[22m | tether_pylon_albedo.png[39m[0m
2026-10-09T11:39:26.1764146Z [  55% ] [90m[1m_update_scan_actions[22m | tether_pylon_albedo_dead.png[39m[0m
2026-10-09T11:39:26.1787976Z [  55% ] [90m[1m_update_scan_actions[22m | dirt_path_Color.png[39m[0m
2026-10-09T11:39:26.1813484Z [  55% ] [90m[1m_update_scan_actions[22m | dirt_path_NormalGL.png[39m[0m
2026-10-09T11:39:26.1833738Z [  55% ] [90m[1m_update_scan_actions[22m | forest_floor_Color.png[39m[0m
2026-10-09T11:39:26.1854746Z [  56% ] [90m[1m_update_scan_actions[22m | forest_floor_NormalGL.png[39m[0m
2026-10-09T11:39:26.1876300Z [  56% ] [90m[1m_update_scan_actions[22m | meadow_grass_Color.png[39m[0m
2026-10-09T11:39:26.1899596Z [  56% ] [90m[1m_update_scan_actions[22m | meadow_grass_NormalGL.png[39m[0m
2026-10-09T11:39:26.1926013Z [  56% ] [90m[1m_update_scan_actions[22m | rock_scree_Color.png[39m[0m
2026-10-09T11:39:26.1963850Z [  56% ] [90m[1m_update_scan_actions[22m | rock_scree_NormalGL.png[39m[0m
2026-10-09T11:39:26.1986146Z [  56% ] [90m[1m_update_scan_actions[22m | verge_grass_Color.png[39m[0m
2026-10-09T11:39:26.2007572Z [  56% ] [90m[1m_update_scan_actions[22m | verge_grass_NormalGL.png[39m[0m
2026-10-09T11:39:26.2026045Z [  56% ] [90m[1m_update_scan_actions[22m | wet_earth_Color.png[39m[0m
2026-10-09T11:39:26.2043330Z [  56% ] [90m[1m_update_scan_actions[22m | wet_earth_NormalGL.png[39m[0m
2026-10-09T11:39:26.2080972Z [  56% ] [90m[1m_update_scan_actions[22m | Grass004_Color.jpg[39m[0m
2026-10-09T11:39:26.2123135Z [  56% ] [90m[1m_update_scan_actions[22m | Grass004_NormalGL.jpg[39m[0m
2026-10-09T11:39:26.2145664Z [  56% ] [90m[1m_update_scan_actions[22m | Grass004_Roughness.jpg[39m[0m
2026-10-09T11:39:26.2163897Z [  56% ] [90m[1m_update_scan_actions[22m | Grass005_Color.jpg[39m[0m
2026-10-09T11:39:26.2182645Z [  56% ] [90m[1m_update_scan_actions[22m | Grass005_NormalGL.jpg[39m[0m
2026-10-09T11:39:26.2201111Z [  57% ] [90m[1m_update_scan_actions[22m | Grass005_Roughness.jpg[39m[0m
2026-10-09T11:39:26.2218130Z [  57% ] [90m[1m_update_scan_actions[22m | Grass008_Color.jpg[39m[0m
2026-10-09T11:39:26.2235493Z [  57% ] [90m[1m_update_scan_actions[22m | Grass008_NormalGL.jpg[39m[0m
2026-10-09T11:39:26.2253307Z [  57% ] [90m[1m_update_scan_actions[22m | Grass008_Roughness.jpg[39m[0m
2026-10-09T11:39:26.2273645Z [  57% ] [90m[1m_update_scan_actions[22m | Ground003_Color.jpg[39m[0m
2026-10-09T11:39:26.2317133Z [  57% ] [90m[1m_update_scan_actions[22m | Ground003_NormalGL.jpg[39m[0m
2026-10-09T11:39:26.2338496Z [  57% ] [90m[1m_update_scan_actions[22m | Ground003_Roughness.jpg[39m[0m
2026-10-09T11:39:26.2354959Z [  57% ] [90m[1m_update_scan_actions[22m | Ground030_Color.jpg[39m[0m
2026-10-09T11:39:26.2396915Z [  57% ] [90m[1m_update_scan_actions[22m | Ground030_NormalGL.jpg[39m[0m
2026-10-09T11:39:26.2436506Z [  57% ] [90m[1m_update_scan_actions[22m | Ground037_Color.jpg[39m[0m
2026-10-09T11:39:26.2479826Z [  57% ] [90m[1m_update_scan_actions[22m | Ground037_NormalGL.jpg[39m[0m
2026-10-09T11:39:26.2501486Z [  57% ] [90m[1m_update_scan_actions[22m | Rock030_Color.jpg[39m[0m
2026-10-09T11:39:26.2545315Z [  57% ] [90m[1m_update_scan_actions[22m | Rock030_NormalGL.jpg[39m[0m
2026-10-09T11:39:26.2565138Z [  57% ] [90m[1m_update_scan_actions[22m | Rock030_Roughness.jpg[39m[0m
2026-10-09T11:39:26.2624989Z [  58% ] [90m[1m_update_scan_actions[22m | tidewake_dune_sand_v1.png[39m[0m
2026-10-09T11:39:26.2641059Z [  58% ] [90m[1m_update_scan_actions[22m | heart_banner.glb[39m[0m
2026-10-09T11:39:26.2661015Z [  58% ] [90m[1m_update_scan_actions[22m | heart_banner_albedo.png[39m[0m
2026-10-09T11:39:26.2685530Z [  58% ] [90m[1m_update_scan_actions[22m | heart_banner_heart_banner_albedo.png[39m[0m
2026-10-09T11:39:26.2688221Z [  58% ] [90m[1m_update_scan_actions[22m | heart_crystal.glb[39m[0m
2026-10-09T11:39:26.2759638Z [  58% ] [90m[1m_update_scan_actions[22m | fall_ribbons.obj[39m[0m
2026-10-09T11:39:26.2767126Z [  58% ] [90m[1m_update_scan_actions[22m | fall_threads.obj[39m[0m
2026-10-09T11:39:26.2793060Z [  58% ] [90m[1m_update_scan_actions[22m | plunge_crowns.obj[39m[0m
2026-10-09T11:39:26.2799469Z [  58% ] [90m[1m_update_scan_actions[22m | plunge_mist.obj[39m[0m
2026-10-09T11:39:26.2808104Z [  58% ] [90m[1m_update_scan_actions[22m | receiving_water.obj[39m[0m
2026-10-09T11:39:26.2815547Z [  58% ] [90m[1m_update_scan_actions[22m | source_and_basin_stone.obj[39m[0m
2026-10-09T11:39:26.2821941Z [  58% ] [90m[1m_update_scan_actions[22m | splash_arcs.obj[39m[0m
2026-10-09T11:39:26.2909099Z [  58% ] [90m[1m_update_scan_actions[22m | pump_station.glb[39m[0m
2026-10-09T11:39:26.2986778Z [  58% ] [90m[1m_update_scan_actions[22m | pump_station_Image_0.jpg[39m[0m
2026-10-09T11:39:26.3040877Z [  59% ] [90m[1m_update_scan_actions[22m | sluice_frame_18.glb[39m[0m
2026-10-09T11:39:26.3106288Z [  59% ] [90m[1m_update_scan_actions[22m | sluice_frame_18_T_WoodTrim_BaseColor.png[39m[0m
2026-10-09T11:39:26.3160737Z [  59% ] [90m[1m_update_scan_actions[22m | sluice_frame_30.glb[39m[0m
2026-10-09T11:39:26.3226941Z [  59% ] [90m[1m_update_scan_actions[22m | sluice_frame_30_T_WoodTrim_BaseColor.png[39m[0m
2026-10-09T11:39:26.3306286Z [  59% ] [90m[1m_update_scan_actions[22m | sluice_leaf_18.glb[39m[0m
2026-10-09T11:39:26.3372612Z [  59% ] [90m[1m_update_scan_actions[22m | sluice_leaf_18_T_WoodTrim_BaseColor.png[39m[0m
2026-10-09T11:39:26.3481715Z [  59% ] [90m[1m_update_scan_actions[22m | sluice_leaf_30.glb[39m[0m
2026-10-09T11:39:26.3547407Z [  59% ] [90m[1m_update_scan_actions[22m | sluice_leaf_30_T_WoodTrim_BaseColor.png[39m[0m
2026-10-09T11:39:26.3591469Z [  59% ] [90m[1m_update_scan_actions[22m | candy_pickup.glb[39m[0m
2026-10-09T11:39:26.3667563Z [  59% ] [90m[1m_update_scan_actions[22m | candy_pickup_0.png[39m[0m
2026-10-09T11:39:26.3794355Z [  59% ] [90m[1m_update_scan_actions[22m | campfire_stone_ring.glb[39m[0m
2026-10-09T11:39:26.3872382Z [  59% ] [90m[1m_update_scan_actions[22m | campfire_stone_ring_base_color.jpg[39m[0m
2026-10-09T11:39:26.3930691Z [  59% ] [90m[1m_update_scan_actions[22m | campfire_stone_ring_metallic_roughness.jpg[39m[0m
2026-10-09T11:39:26.3998708Z [  59% ] [90m[1m_update_scan_actions[22m | campfire_stone_ring_normal.jpg[39m[0m
2026-10-09T11:39:26.4076405Z [  60% ] [90m[1m_update_scan_actions[22m | camp_bed.glb[39m[0m
2026-10-09T11:39:26.4154649Z [  60% ] [90m[1m_update_scan_actions[22m | camp_bed_0.jpg[39m[0m
2026-10-09T11:39:26.4289298Z [  60% ] [90m[1m_update_scan_actions[22m | camp_firewood.glb[39m[0m
2026-10-09T11:39:26.4364471Z [  60% ] [90m[1m_update_scan_actions[22m | camp_firewood_base_color.jpg[39m[0m
2026-10-09T11:39:26.4420039Z [  60% ] [90m[1m_update_scan_actions[22m | camp_firewood_metallic_roughness.jpg[39m[0m
2026-10-09T11:39:26.4487166Z [  60% ] [90m[1m_update_scan_actions[22m | camp_firewood_normal.jpg[39m[0m
2026-10-09T11:39:26.4612104Z [  60% ] [90m[1m_update_scan_actions[22m | camp_flame.glb[39m[0m
2026-10-09T11:39:26.4687530Z [  60% ] [90m[1m_update_scan_actions[22m | camp_flame_base_color.jpg[39m[0m
2026-10-09T11:39:26.4738461Z [  60% ] [90m[1m_update_scan_actions[22m | camp_flame_metallic_roughness.jpg[39m[0m
2026-10-09T11:39:26.4802318Z [  60% ] [90m[1m_update_scan_actions[22m | camp_flame_normal.jpg[39m[0m
2026-10-09T11:39:26.4882237Z [  60% ] [90m[1m_update_scan_actions[22m | camp_tent.glb[39m[0m
2026-10-09T11:39:26.4957153Z [  60% ] [90m[1m_update_scan_actions[22m | camp_tent_0.jpg[39m[0m
2026-10-09T11:39:26.5037779Z [  60% ] [90m[1m_update_scan_actions[22m | camp_tent_base_color.jpg[39m[0m
2026-10-09T11:39:26.5092456Z [  60% ] [90m[1m_update_scan_actions[22m | camp_tent_metallic_roughness.jpg[39m[0m
2026-10-09T11:39:26.5157659Z [  61% ] [90m[1m_update_scan_actions[22m | camp_tent_normal.jpg[39m[0m
2026-10-09T11:39:26.5161765Z [  61% ] [90m[1m_update_scan_actions[22m | colormap.png[39m[0m
2026-10-09T11:39:26.5163813Z [  61% ] [90m[1m_update_scan_actions[22m | bedroll-frame.glb[39m[0m
2026-10-09T11:39:26.5166167Z [  61% ] [90m[1m_update_scan_actions[22m | bedroll-packed.glb[39m[0m
2026-10-09T11:39:26.5168548Z [  61% ] [90m[1m_update_scan_actions[22m | bedroll.glb[39m[0m
2026-10-09T11:39:26.5171444Z [  61% ] [90m[1m_update_scan_actions[22m | bedroll.obj[39m[0m
2026-10-09T11:39:26.5173901Z [  61% ] [90m[1m_update_scan_actions[22m | campfire-pit.glb[39m[0m
2026-10-09T11:39:26.5176183Z [  61% ] [90m[1m_update_scan_actions[22m | tent-canvas.glb[39m[0m
2026-10-09T11:39:26.5178499Z [  61% ] [90m[1m_update_scan_actions[22m | tent.glb[39m[0m
2026-10-09T11:39:26.5180719Z [  61% ] [90m[1m_update_scan_actions[22m | tree-log-small.glb[39m[0m
2026-10-09T11:39:26.5182850Z [  61% ] [90m[1m_update_scan_actions[22m | tree-log.glb[39m[0m
2026-10-09T11:39:26.5191970Z [  61% ] [90m[1m_update_scan_actions[22m | mushroom_pickup.glb[39m[0m
2026-10-09T11:39:26.5207925Z [  61% ] [90m[1m_update_scan_actions[22m | mushroom_pickup_0.png[39m[0m
2026-10-09T11:39:26.5278110Z [  61% ] [90m[1m_update_scan_actions[22m | potion_plant.glb[39m[0m
2026-10-09T11:39:26.5377759Z [  62% ] [90m[1m_update_scan_actions[22m | potion_plant_0.png[39m[0m
2026-10-09T11:39:26.5417279Z [  62% ] [90m[1m_update_scan_actions[22m | potion_plant_1.png[39m[0m
2026-10-09T11:39:26.5419591Z [  62% ] [90m[1m_update_scan_actions[22m | Anvil.gltf[39m[0m
2026-10-09T11:39:26.5422973Z [  62% ] [90m[1m_update_scan_actions[22m | Anvil_Log.gltf[39m[0m
2026-10-09T11:39:26.5425168Z [  62% ] [90m[1m_update_scan_actions[22m | Axe_Bronze.gltf[39m[0m
2026-10-09T11:39:26.5427516Z [  62% ] [90m[1m_update_scan_actions[22m | Bag.gltf[39m[0m
2026-10-09T11:39:26.5429643Z [  62% ] [90m[1m_update_scan_actions[22m | Banner_1.gltf[39m[0m
2026-10-09T11:39:26.5431677Z [  62% ] [90m[1m_update_scan_actions[22m | Banner_1_Cloth.gltf[39m[0m
2026-10-09T11:39:26.5433800Z [  62% ] [90m[1m_update_scan_actions[22m | Banner_2.gltf[39m[0m
2026-10-09T11:39:26.5435826Z [  62% ] [90m[1m_update_scan_actions[22m | Banner_2_Cloth.gltf[39m[0m
2026-10-09T11:39:26.5438368Z [  62% ] [90m[1m_update_scan_actions[22m | Barrel.gltf[39m[0m
2026-10-09T11:39:26.5441122Z [  62% ] [90m[1m_update_scan_actions[22m | Barrel_Apples.gltf[39m[0m
2026-10-09T11:39:26.5444078Z [  62% ] [90m[1m_update_scan_actions[22m | Barrel_Holder.gltf[39m[0m
2026-10-09T11:39:26.5446846Z [  62% ] [90m[1m_update_scan_actions[22m | Bed_Twin1.gltf[39m[0m
2026-10-09T11:39:26.5448925Z [  62% ] [90m[1m_update_scan_actions[22m | Bench.gltf[39m[0m
2026-10-09T11:39:26.5451633Z [  63% ] [90m[1m_update_scan_actions[22m | Bookcase_2.gltf[39m[0m
2026-10-09T11:39:26.5453755Z [  63% ] [90m[1m_update_scan_actions[22m | BookGroup_Medium_1.gltf[39m[0m
2026-10-09T11:39:26.5456162Z [  63% ] [90m[1m_update_scan_actions[22m | BookStand.gltf[39m[0m
2026-10-09T11:39:26.5458386Z [  63% ] [90m[1m_update_scan_actions[22m | Bucket_Metal.gltf[39m[0m
2026-10-09T11:39:26.5460734Z [  63% ] [90m[1m_update_scan_actions[22m | Bucket_Wooden_1.gltf[39m[0m
2026-10-09T11:39:26.5463505Z [  63% ] [90m[1m_update_scan_actions[22m | Cabinet.gltf[39m[0m
2026-10-09T11:39:26.5466857Z [  63% ] [90m[1m_update_scan_actions[22m | Cage_Small.gltf[39m[0m
2026-10-09T11:39:26.5471052Z [  63% ] [90m[1m_update_scan_actions[22m | CandleStick_Stand.gltf[39m[0m
2026-10-09T11:39:26.5473663Z [  63% ] [90m[1m_update_scan_actions[22m | Cauldron.gltf[39m[0m
2026-10-09T11:39:26.5476848Z [  63% ] [90m[1m_update_scan_actions[22m | Chain_Coil.gltf[39m[0m
2026-10-09T11:39:26.5479868Z [  63% ] [90m[1m_update_scan_actions[22m | Chest_Wood.gltf[39m[0m
2026-10-09T11:39:26.5482711Z [  63% ] [90m[1m_update_scan_actions[22m | Crate_Metal.gltf[39m[0m
2026-10-09T11:39:26.5485194Z [  63% ] [90m[1m_update_scan_actions[22m | Crate_Wooden.gltf[39m[0m
2026-10-09T11:39:26.5488278Z [  63% ] [90m[1m_update_scan_actions[22m | Dummy.gltf[39m[0m
2026-10-09T11:39:26.5491696Z [  64% ] [90m[1m_update_scan_actions[22m | FarmCrate_Apple.gltf[39m[0m
2026-10-09T11:39:26.5494294Z [  64% ] [90m[1m_update_scan_actions[22m | FarmCrate_Empty.gltf[39m[0m
2026-10-09T11:39:26.5497326Z [  64% ] [90m[1m_update_scan_actions[22m | Lantern_Wall.gltf[39m[0m
2026-10-09T11:39:26.5499458Z [  64% ] [90m[1m_update_scan_actions[22m | Peg_Rack.gltf[39m[0m
2026-10-09T11:39:26.5501664Z [  64% ] [90m[1m_update_scan_actions[22m | Pickaxe_Bronze.gltf[39m[0m
2026-10-09T11:39:26.5503968Z [  64% ] [90m[1m_update_scan_actions[22m | Pot_1.gltf[39m[0m
2026-10-09T11:39:26.5506207Z [  64% ] [90m[1m_update_scan_actions[22m | Pouch_Large.gltf[39m[0m
2026-10-09T11:39:26.5508805Z [  64% ] [90m[1m_update_scan_actions[22m | Rope_1.gltf[39m[0m
2026-10-09T11:39:26.5511226Z [  64% ] [90m[1m_update_scan_actions[22m | Rope_2.gltf[39m[0m
2026-10-09T11:39:26.5513701Z [  64% ] [90m[1m_update_scan_actions[22m | Rope_3.gltf[39m[0m
2026-10-09T11:39:26.5515783Z [  64% ] [90m[1m_update_scan_actions[22m | Shelf_Simple.gltf[39m[0m
2026-10-09T11:39:26.5518386Z [  64% ] [90m[1m_update_scan_actions[22m | Shield_Wooden.gltf[39m[0m
2026-10-09T11:39:26.5521780Z [  64% ] [90m[1m_update_scan_actions[22m | Stall_Cart_Empty.gltf[39m[0m
2026-10-09T11:39:26.5524260Z [  64% ] [90m[1m_update_scan_actions[22m | Stall_Empty.gltf[39m[0m
2026-10-09T11:39:26.5526222Z [  65% ] [90m[1m_update_scan_actions[22m | Stool.gltf[39m[0m
2026-10-09T11:39:26.5528992Z [  65% ] [90m[1m_update_scan_actions[22m | Sword_Bronze.gltf[39m[0m
2026-10-09T11:39:26.5531294Z [  65% ] [90m[1m_update_scan_actions[22m | Table_Large.gltf[39m[0m
2026-10-09T11:39:26.5538427Z [  65% ] [90m[1m_update_scan_actions[22m | tidewake_chart.svg[39m[0m
2026-10-09T11:39:26.5540707Z [  65% ] [90m[1m_update_scan_actions[22m | Torch_Metal.gltf[39m[0m
2026-10-09T11:39:26.5747597Z [  65% ] [90m[1m_update_scan_actions[22m | T_Page_Noise.png[39m[0m
2026-10-09T11:39:26.5801875Z [  65% ] [90m[1m_update_scan_actions[22m | T_Trim_Cloth_BaseColor.png[39m[0m
2026-10-09T11:39:26.5881520Z [  65% ] [90m[1m_update_scan_actions[22m | T_Trim_Cloth_Normal.png[39m[0m
2026-10-09T11:39:26.5918754Z [  65% ] [90m[1m_update_scan_actions[22m | T_Trim_Cloth_ORM.png[39m[0m
2026-10-09T11:39:26.5976369Z [  65% ] [90m[1m_update_scan_actions[22m | T_Trim_Furniture_BaseColor.png[39m[0m
2026-10-09T11:39:26.6050236Z [  65% ] [90m[1m_update_scan_actions[22m | T_Trim_Furniture_Normal.png[39m[0m
2026-10-09T11:39:26.6105709Z [  65% ] [90m[1m_update_scan_actions[22m | T_Trim_Furniture_ORM.png[39m[0m
2026-10-09T11:39:26.6152253Z [  65% ] [90m[1m_update_scan_actions[22m | T_Trim_Metal_BaseColor.png[39m[0m
2026-10-09T11:39:26.6228135Z [  65% ] [90m[1m_update_scan_actions[22m | T_Trim_Metal_Normal.png[39m[0m
2026-10-09T11:39:26.6281359Z [  66% ] [90m[1m_update_scan_actions[22m | T_Trim_Metal_ORM.png[39m[0m
2026-10-09T11:39:26.6339552Z [  66% ] [90m[1m_update_scan_actions[22m | T_Trim_Props_BaseColor.png[39m[0m
2026-10-09T11:39:26.6425629Z [  66% ] [90m[1m_update_scan_actions[22m | T_Trim_Props_Normal.png[39m[0m
2026-10-09T11:39:26.6493502Z [  66% ] [90m[1m_update_scan_actions[22m | T_Trim_Props_ORM.png[39m[0m
2026-10-09T11:39:26.6496385Z [  66% ] [90m[1m_update_scan_actions[22m | Vase_Rubble_Medium.gltf[39m[0m
2026-10-09T11:39:26.6499422Z [  66% ] [90m[1m_update_scan_actions[22m | WeaponStand.gltf[39m[0m
2026-10-09T11:39:26.6501921Z [  66% ] [90m[1m_update_scan_actions[22m | Whetstone.gltf[39m[0m
2026-10-09T11:39:26.6504422Z [  66% ] [90m[1m_update_scan_actions[22m | Workbench.gltf[39m[0m
2026-10-09T11:39:26.6515644Z [  66% ] [90m[1m_update_scan_actions[22m | BedDouble.obj[39m[0m
2026-10-09T11:39:26.6524792Z [  66% ] [90m[1m_update_scan_actions[22m | BedTwin.obj[39m[0m
2026-10-09T11:39:26.6531612Z [  66% ] [90m[1m_update_scan_actions[22m | Bookcase.obj[39m[0m
2026-10-09T11:39:26.6551194Z [  66% ] [90m[1m_update_scan_actions[22m | Bookcase_Books.obj[39m[0m
2026-10-09T11:39:26.6554918Z [  66% ] [90m[1m_update_scan_actions[22m | Chair.obj[39m[0m
2026-10-09T11:39:26.6562893Z [  66% ] [90m[1m_update_scan_actions[22m | Closet.obj[39m[0m
2026-10-09T11:39:26.6569687Z [  67% ] [90m[1m_update_scan_actions[22m | Desk.obj[39m[0m
2026-10-09T11:39:26.6575339Z [  67% ] [90m[1m_update_scan_actions[22m | Door1.obj[39m[0m
2026-10-09T11:39:26.6581350Z [  67% ] [90m[1m_update_scan_actions[22m | NightStand.obj[39m[0m
2026-10-09T11:39:26.6591350Z [  67% ] [90m[1m_update_scan_actions[22m | ShortCloset.obj[39m[0m
2026-10-09T11:39:26.6594697Z [  67% ] [90m[1m_update_scan_actions[22m | Stool.obj[39m[0m
2026-10-09T11:39:26.6599473Z [  67% ] [90m[1m_update_scan_actions[22m | Table2.obj[39m[0m
2026-10-09T11:39:26.6603528Z [  67% ] [90m[1m_update_scan_actions[22m | Table.obj[39m[0m
2026-10-09T11:39:26.6606411Z [  67% ] [90m[1m_update_scan_actions[22m | Axe.obj[39m[0m
2026-10-09T11:39:26.6612212Z [  67% ] [90m[1m_update_scan_actions[22m | Backpack.obj[39m[0m
2026-10-09T11:39:26.6615737Z [  67% ] [90m[1m_update_scan_actions[22m | Bonfire.obj[39m[0m
2026-10-09T11:39:26.6619552Z [  67% ] [90m[1m_update_scan_actions[22m | Bonfire_Fire.obj[39m[0m
2026-10-09T11:39:26.6622660Z [  67% ] [90m[1m_update_scan_actions[22m | Knife.obj[39m[0m
2026-10-09T11:39:26.6788291Z [  67% ] [90m[1m_update_scan_actions[22m | realm_gate_frame.glb[39m[0m
2026-10-09T11:39:26.6880508Z [  67% ] [90m[1m_update_scan_actions[22m | realm_gate_frame_Image_0.jpg[39m[0m
2026-10-09T11:39:26.6945775Z [  68% ] [90m[1m_update_scan_actions[22m | realm_gate_frame_Image_1.png[39m[0m
2026-10-09T11:39:26.7055338Z [  68% ] [90m[1m_update_scan_actions[22m | realm_gate_frame_normal.png[39m[0m
2026-10-09T11:39:26.7114534Z [  68% ] [90m[1m_update_scan_actions[22m | revive_flower.glb[39m[0m
2026-10-09T11:39:26.7204819Z [  68% ] [90m[1m_update_scan_actions[22m | revive_flower_0.png[39m[0m
2026-10-09T11:39:26.7246202Z [  68% ] [90m[1m_update_scan_actions[22m | riding_saddle.glb[39m[0m
2026-10-09T11:39:26.7318397Z [  68% ] [90m[1m_update_scan_actions[22m | riding_saddle_0.jpg[39m[0m
2026-10-09T11:39:26.7320882Z [  68% ] [90m[1m_update_scan_actions[22m | attack_tonic_badge.glb[39m[0m
2026-10-09T11:39:26.7369101Z [  68% ] [90m[1m_update_scan_actions[22m | bottle_base.glb[39m[0m
2026-10-09T11:39:26.7443315Z [  68% ] [90m[1m_update_scan_actions[22m | bottle_base_Image_0.jpg[39m[0m
2026-10-09T11:39:26.7445512Z [  68% ] [90m[1m_update_scan_actions[22m | elixir_guard_badge.glb[39m[0m
2026-10-09T11:39:26.7447744Z [  68% ] [90m[1m_update_scan_actions[22m | elixir_might_badge.glb[39m[0m
2026-10-09T11:39:26.7450141Z [  68% ] [90m[1m_update_scan_actions[22m | elixir_vigour_badge.glb[39m[0m
2026-10-09T11:39:26.7452422Z [  68% ] [90m[1m_update_scan_actions[22m | stoneguard_brew_badge.glb[39m[0m
2026-10-09T11:39:26.7454597Z [  68% ] [90m[1m_update_scan_actions[22m | swift_tonic_badge.glb[39m[0m
2026-10-09T11:39:26.7513349Z [  69% ] [90m[1m_update_scan_actions[22m | tideglass_shrine.glb[39m[0m
2026-10-09T11:39:26.7594388Z [  69% ] [90m[1m_update_scan_actions[22m | tideglass_shrine_0.jpg[39m[0m
2026-10-09T11:39:26.7667798Z [  69% ] [90m[1m_update_scan_actions[22m | tm_orb.glb[39m[0m
2026-10-09T11:39:26.7743893Z [  69% ] [90m[1m_update_scan_actions[22m | tm_orb_0.jpg[39m[0m
2026-10-09T11:39:26.7773351Z [  69% ] [90m[1m_update_scan_actions[22m | tm_orb_emissive_mask.png[39m[0m
2026-10-09T11:39:26.7867399Z [  69% ] [90m[1m_update_scan_actions[22m | tm_orb_shell.png[39m[0m
2026-10-09T11:39:26.7869490Z [  69% ] [90m[1m_update_scan_actions[22m | aim_enter.wav[39m[0m
2026-10-09T11:39:26.7871465Z [  69% ] [90m[1m_update_scan_actions[22m | build_place.wav[39m[0m
2026-10-09T11:39:26.7873412Z [  69% ] [90m[1m_update_scan_actions[22m | build_snap.wav[39m[0m
2026-10-09T11:39:26.7875730Z [  69% ] [90m[1m_update_scan_actions[22m | capture_success.wav[39m[0m
2026-10-09T11:39:26.7877861Z [  69% ] [90m[1m_update_scan_actions[22m | ui_accept.wav[39m[0m
2026-10-09T11:39:26.7879878Z [  69% ] [90m[1m_update_scan_actions[22m | ui_cancel.wav[39m[0m
2026-10-09T11:39:26.7881936Z [  69% ] [90m[1m_update_scan_actions[22m | ui_error.wav[39m[0m
2026-10-09T11:39:26.7883877Z [  69% ] [90m[1m_update_scan_actions[22m | ui_focus.wav[39m[0m
2026-10-09T11:39:26.7885884Z [  70% ] [90m[1m_update_scan_actions[22m | ui_tab.wav[39m[0m
2026-10-09T11:39:26.7888511Z [  70% ] [90m[1m_update_scan_actions[22m | kenney_future.ttf[39m[0m
2026-10-09T11:39:26.7891008Z [  70% ] [90m[1m_update_scan_actions[22m | kenney_future_narrow.ttf[39m[0m
2026-10-09T11:39:26.7893231Z [  70% ] [90m[1m_update_scan_actions[22m | bedroll.png[39m[0m
2026-10-09T11:39:26.7895405Z [  70% ] [90m[1m_update_scan_actions[22m | campfire.png[39m[0m
2026-10-09T11:39:26.7897812Z [  70% ] [90m[1m_update_scan_actions[22m | creature_bed.png[39m[0m
2026-10-09T11:39:26.7900039Z [  70% ] [90m[1m_update_scan_actions[22m | door.png[39m[0m
2026-10-09T11:39:26.7902243Z [  70% ] [90m[1m_update_scan_actions[22m | fence.png[39m[0m
2026-10-09T11:39:26.7904475Z [  70% ] [90m[1m_update_scan_actions[22m | floor.png[39m[0m
2026-10-09T11:39:26.7906815Z [  70% ] [90m[1m_update_scan_actions[22m | roof.png[39m[0m
2026-10-09T11:39:26.7909173Z [  70% ] [90m[1m_update_scan_actions[22m | storage.png[39m[0m
2026-10-09T11:39:26.7911343Z [  70% ] [90m[1m_update_scan_actions[22m | tent.png[39m[0m
2026-10-09T11:39:26.7913396Z [  70% ] [90m[1m_update_scan_actions[22m | torch.png[39m[0m
2026-10-09T11:39:26.7915631Z [  70% ] [90m[1m_update_scan_actions[22m | wall.png[39m[0m
2026-10-09T11:39:26.7918083Z [  71% ] [90m[1m_update_scan_actions[22m | workbench.png[39m[0m
2026-10-09T11:39:26.7935741Z [  71% ] [90m[1m_update_scan_actions[22m | creatures_paw.png[39m[0m
2026-10-09T11:39:26.7952438Z [  71% ] [90m[1m_update_scan_actions[22m | hp_heart.png[39m[0m
2026-10-09T11:39:26.7979237Z [  71% ] [90m[1m_update_scan_actions[22m | orb_capture.png[39m[0m
2026-10-09T11:39:26.7990437Z [  71% ] [90m[1m_update_scan_actions[22m | stamina_bolt.png[39m[0m
2026-10-09T11:39:26.7992669Z [  71% ] [90m[1m_update_scan_actions[22m | armor_backpack.png[39m[0m
2026-10-09T11:39:26.7994599Z [  71% ] [90m[1m_update_scan_actions[22m | armor_boots.png[39m[0m
2026-10-09T11:39:26.7996740Z [  71% ] [90m[1m_update_scan_actions[22m | armor_helmet.png[39m[0m
2026-10-09T11:39:26.7998795Z [  71% ] [90m[1m_update_scan_actions[22m | armor_leggings.png[39m[0m
2026-10-09T11:39:26.8000877Z [  71% ] [90m[1m_update_scan_actions[22m | armor_vest.png[39m[0m
2026-10-09T11:39:26.8002988Z [  71% ] [90m[1m_update_scan_actions[22m | attack_tonic.png[39m[0m
2026-10-09T11:39:26.8005051Z [  71% ] [90m[1m_update_scan_actions[22m | axe.png[39m[0m
2026-10-09T11:39:26.8007279Z [  71% ] [90m[1m_update_scan_actions[22m | berries.png[39m[0m
2026-10-09T11:39:26.8009374Z [  71% ] [90m[1m_update_scan_actions[22m | castle_gate_key.png[39m[0m
2026-10-09T11:39:26.8011524Z [  72% ] [90m[1m_update_scan_actions[22m | coin.png[39m[0m
2026-10-09T11:39:26.8013610Z [  72% ] [90m[1m_update_scan_actions[22m | elixir_guard.png[39m[0m
2026-10-09T11:39:26.8015673Z [  72% ] [90m[1m_update_scan_actions[22m | elixir_might.png[39m[0m
2026-10-09T11:39:26.8017843Z [  72% ] [90m[1m_update_scan_actions[22m | elixir_vigour.png[39m[0m
2026-10-09T11:39:26.8019946Z [  72% ] [90m[1m_update_scan_actions[22m | fiber.png[39m[0m
2026-10-09T11:39:26.8022127Z [  72% ] [90m[1m_update_scan_actions[22m | field_sigil.png[39m[0m
2026-10-09T11:39:26.8024258Z [  72% ] [90m[1m_update_scan_actions[22m | fishing_rod.png[39m[0m
2026-10-09T11:39:26.8026329Z [  72% ] [90m[1m_update_scan_actions[22m | good_candy.png[39m[0m
2026-10-09T11:39:26.8028527Z [  72% ] [90m[1m_update_scan_actions[22m | great_candy.png[39m[0m
2026-10-09T11:39:26.8030571Z [  72% ] [90m[1m_update_scan_actions[22m | hammer.png[39m[0m
2026-10-09T11:39:26.8032733Z [  72% ] [90m[1m_update_scan_actions[22m | ironwood.png[39m[0m
2026-10-09T11:39:26.8034814Z [  72% ] [90m[1m_update_scan_actions[22m | knife.png[39m[0m
2026-10-09T11:39:26.8037007Z [  72% ] [90m[1m_update_scan_actions[22m | mill_bridge_gear.png[39m[0m
2026-10-09T11:39:26.8039154Z [  72% ] [90m[1m_update_scan_actions[22m | orb_basic.png[39m[0m
2026-10-09T11:39:26.8041275Z [  73% ] [90m[1m_update_scan_actions[22m | orb_greater.png[39m[0m
2026-10-09T11:39:26.8043432Z [  73% ] [90m[1m_update_scan_actions[22m | orb_prime.png[39m[0m
2026-10-09T11:39:26.8045478Z [  73% ] [90m[1m_update_scan_actions[22m | pickaxe.png[39m[0m
2026-10-09T11:39:26.8047641Z [  73% ] [90m[1m_update_scan_actions[22m | potion_large.png[39m[0m
2026-10-09T11:39:26.8049707Z [  73% ] [90m[1m_update_scan_actions[22m | potion_small.png[39m[0m
2026-10-09T11:39:26.8051826Z [  73% ] [90m[1m_update_scan_actions[22m | rare_candy.png[39m[0m
2026-10-09T11:39:26.8053953Z [  73% ] [90m[1m_update_scan_actions[22m | revive.png[39m[0m
2026-10-09T11:39:26.8056136Z [  73% ] [90m[1m_update_scan_actions[22m | ridge_sigil.png[39m[0m
2026-10-09T11:39:26.8058456Z [  73% ] [90m[1m_update_scan_actions[22m | river_sigil.png[39m[0m
2026-10-09T11:39:26.8060547Z [  73% ] [90m[1m_update_scan_actions[22m | rootstone.png[39m[0m
2026-10-09T11:39:26.8062631Z [  73% ] [90m[1m_update_scan_actions[22m | saddle_frame.png[39m[0m
2026-10-09T11:39:26.8064721Z [  73% ] [90m[1m_update_scan_actions[22m | south_bridge_key.png[39m[0m
2026-10-09T11:39:26.8066982Z [  73% ] [90m[1m_update_scan_actions[22m | speed_mushroom.png[39m[0m
2026-10-09T11:39:26.8069045Z [  73% ] [90m[1m_update_scan_actions[22m | stamina_mushroom.png[39m[0m
2026-10-09T11:39:26.8071133Z [  74% ] [90m[1m_update_scan_actions[22m | stone.png[39m[0m
2026-10-09T11:39:26.8073235Z [  74% ] [90m[1m_update_scan_actions[22m | stoneguard_brew.png[39m[0m
2026-10-09T11:39:26.8075341Z [  74% ] [90m[1m_update_scan_actions[22m | swift_tonic.png[39m[0m
2026-10-09T11:39:26.8077801Z [  74% ] [90m[1m_update_scan_actions[22m | tm_burrow_strike.png[39m[0m
2026-10-09T11:39:26.8080246Z [  74% ] [90m[1m_update_scan_actions[22m | tm_charged.png[39m[0m
2026-10-09T11:39:26.8082258Z [  74% ] [90m[1m_update_scan_actions[22m | tm_quick.png[39m[0m
2026-10-09T11:39:26.8084438Z [  74% ] [90m[1m_update_scan_actions[22m | tm_stone_rush.png[39m[0m
2026-10-09T11:39:26.8086516Z [  74% ] [90m[1m_update_scan_actions[22m | wild_mushroom.png[39m[0m
2026-10-09T11:39:26.8088697Z [  74% ] [90m[1m_update_scan_actions[22m | wood.png[39m[0m
2026-10-09T11:39:26.8090861Z [  74% ] [90m[1m_update_scan_actions[22m | alpha.png[39m[0m
2026-10-09T11:39:26.8093057Z [  74% ] [90m[1m_update_scan_actions[22m | bridge.png[39m[0m
2026-10-09T11:39:26.8095300Z [  74% ] [90m[1m_update_scan_actions[22m | camp.png[39m[0m
2026-10-09T11:39:26.8097690Z [  74% ] [90m[1m_update_scan_actions[22m | cave.png[39m[0m
2026-10-09T11:39:26.8100052Z [  74% ] [90m[1m_update_scan_actions[22m | death_satchel.png[39m[0m
2026-10-09T11:39:26.8102297Z [  75% ] [90m[1m_update_scan_actions[22m | gate.png[39m[0m
2026-10-09T11:39:26.8104523Z [  75% ] [90m[1m_update_scan_actions[22m | home.png[39m[0m
2026-10-09T11:39:26.8106883Z [  75% ] [90m[1m_update_scan_actions[22m | objective.png[39m[0m
2026-10-09T11:39:26.8109127Z [  75% ] [90m[1m_update_scan_actions[22m | question.png[39m[0m
2026-10-09T11:39:26.8111351Z [  75% ] [90m[1m_update_scan_actions[22m | relay.png[39m[0m
2026-10-09T11:39:26.8113573Z [  75% ] [90m[1m_update_scan_actions[22m | rift.png[39m[0m
2026-10-09T11:39:26.8115829Z [  75% ] [90m[1m_update_scan_actions[22m | stronghold.png[39m[0m
2026-10-09T11:39:26.8118138Z [  75% ] [90m[1m_update_scan_actions[22m | village.png[39m[0m
2026-10-09T11:39:26.8120198Z [  75% ] [90m[1m_update_scan_actions[22m | bond.png[39m[0m
2026-10-09T11:39:26.8122249Z [  75% ] [90m[1m_update_scan_actions[22m | cat_crafting.png[39m[0m
2026-10-09T11:39:26.8124285Z [  75% ] [90m[1m_update_scan_actions[22m | cat_furniture.png[39m[0m
2026-10-09T11:39:26.8126346Z [  75% ] [90m[1m_update_scan_actions[22m | cat_structures.png[39m[0m
2026-10-09T11:39:26.8128458Z [  75% ] [90m[1m_update_scan_actions[22m | cat_survival.png[39m[0m
2026-10-09T11:39:26.8130543Z [  75% ] [90m[1m_update_scan_actions[22m | move_charged.png[39m[0m
2026-10-09T11:39:26.8132606Z [  75% ] [90m[1m_update_scan_actions[22m | move_quick.png[39m[0m
2026-10-09T11:39:26.8134645Z [  76% ] [90m[1m_update_scan_actions[22m | orb_tier_basic.png[39m[0m
2026-10-09T11:39:26.8136822Z [  76% ] [90m[1m_update_scan_actions[22m | type_air.png[39m[0m
2026-10-09T11:39:26.8139019Z [  76% ] [90m[1m_update_scan_actions[22m | type_ground.png[39m[0m
2026-10-09T11:39:26.8141095Z [  76% ] [90m[1m_update_scan_actions[22m | type_water.png[39m[0m
2026-10-09T11:39:26.8143109Z [  76% ] [90m[1m_update_scan_actions[22m | keyboard_1.png[39m[0m
2026-10-09T11:39:26.8145081Z [  76% ] [90m[1m_update_scan_actions[22m | keyboard_2.png[39m[0m
2026-10-09T11:39:26.8147225Z [  76% ] [90m[1m_update_scan_actions[22m | keyboard_3.png[39m[0m
2026-10-09T11:39:26.8149196Z [  76% ] [90m[1m_update_scan_actions[22m | keyboard_4.png[39m[0m
2026-10-09T11:39:26.8151226Z [  76% ] [90m[1m_update_scan_actions[22m | keyboard_5.png[39m[0m
2026-10-09T11:39:26.8153227Z [  76% ] [90m[1m_update_scan_actions[22m | keyboard_arrow_left.png[39m[0m
2026-10-09T11:39:26.8155217Z [  76% ] [90m[1m_update_scan_actions[22m | keyboard_arrow_right.png[39m[0m
2026-10-09T11:39:26.8157228Z [  76% ] [90m[1m_update_scan_actions[22m | keyboard_b.png[39m[0m
2026-10-09T11:39:26.8159223Z [  76% ] [90m[1m_update_scan_actions[22m | keyboard_c.png[39m[0m
2026-10-09T11:39:26.8161194Z [  76% ] [90m[1m_update_scan_actions[22m | keyboard_e.png[39m[0m
2026-10-09T11:39:26.8163157Z [  77% ] [90m[1m_update_scan_actions[22m | keyboard_escape.png[39m[0m
2026-10-09T11:39:26.8165118Z [  77% ] [90m[1m_update_scan_actions[22m | keyboard_f.png[39m[0m
2026-10-09T11:39:26.8167289Z [  77% ] [90m[1m_update_scan_actions[22m | keyboard_h.png[39m[0m
2026-10-09T11:39:26.8169196Z [  77% ] [90m[1m_update_scan_actions[22m | keyboard_i.png[39m[0m
2026-10-09T11:39:26.8171158Z [  77% ] [90m[1m_update_scan_actions[22m | keyboard_l.png[39m[0m
2026-10-09T11:39:26.8173125Z [  77% ] [90m[1m_update_scan_actions[22m | keyboard_m.png[39m[0m
2026-10-09T11:39:26.8175093Z [  77% ] [90m[1m_update_scan_actions[22m | keyboard_p.png[39m[0m
2026-10-09T11:39:26.8177110Z [  77% ] [90m[1m_update_scan_actions[22m | keyboard_q.png[39m[0m
2026-10-09T11:39:26.8179051Z [  77% ] [90m[1m_update_scan_actions[22m | keyboard_r.png[39m[0m
2026-10-09T11:39:26.8181022Z [  77% ] [90m[1m_update_scan_actions[22m | keyboard_return.png[39m[0m
2026-10-09T11:39:26.8183000Z [  77% ] [90m[1m_update_scan_actions[22m | mouse_left.png[39m[0m
2026-10-09T11:39:26.8185003Z [  77% ] [90m[1m_update_scan_actions[22m | mouse_right.png[39m[0m
2026-10-09T11:39:26.8187053Z [  77% ] [90m[1m_update_scan_actions[22m | xbox_button_a.png[39m[0m
2026-10-09T11:39:26.8189211Z [  77% ] [90m[1m_update_scan_actions[22m | xbox_button_b.png[39m[0m
2026-10-09T11:39:26.8191261Z [  78% ] [90m[1m_update_scan_actions[22m | xbox_button_start.png[39m[0m
2026-10-09T11:39:26.8193286Z [  78% ] [90m[1m_update_scan_actions[22m | xbox_button_view.png[39m[0m
2026-10-09T11:39:26.8195278Z [  78% ] [90m[1m_update_scan_actions[22m | xbox_button_x.png[39m[0m
2026-10-09T11:39:26.8197378Z [  78% ] [90m[1m_update_scan_actions[22m | xbox_button_y.png[39m[0m
2026-10-09T11:39:26.8199368Z [  78% ] [90m[1m_update_scan_actions[22m | xbox_dpad_down.png[39m[0m
2026-10-09T11:39:26.8201361Z [  78% ] [90m[1m_update_scan_actions[22m | xbox_dpad_left.png[39m[0m
2026-10-09T11:39:26.8203382Z [  78% ] [90m[1m_update_scan_actions[22m | xbox_dpad_right.png[39m[0m
2026-10-09T11:39:26.8205369Z [  78% ] [90m[1m_update_scan_actions[22m | xbox_dpad_up.png[39m[0m
2026-10-09T11:39:26.8207505Z [  78% ] [90m[1m_update_scan_actions[22m | xbox_lb.png[39m[0m
2026-10-09T11:39:26.8209566Z [  78% ] [90m[1m_update_scan_actions[22m | xbox_lt.png[39m[0m
2026-10-09T11:39:26.8211578Z [  78% ] [90m[1m_update_scan_actions[22m | xbox_rb.png[39m[0m
2026-10-09T11:39:26.8213548Z [  78% ] [90m[1m_update_scan_actions[22m | xbox_rt.png[39m[0m
2026-10-09T11:39:26.8215597Z [  78% ] [90m[1m_update_scan_actions[22m | xbox_stick_r_press.png[39m[0m
2026-10-09T11:39:26.8235656Z [  78% ] [90m[1m_update_scan_actions[22m | abyssal_guardian.png[39m[0m
2026-10-09T11:39:26.8257165Z [  79% ] [90m[1m_update_scan_actions[22m | aeriex.png[39m[0m
2026-10-09T11:39:26.8282941Z [  79% ] [90m[1m_update_scan_actions[22m | aquaryn.png[39m[0m
2026-10-09T11:39:26.8295495Z [  79% ] [90m[1m_update_scan_actions[22m | bramblebun.png[39m[0m
2026-10-09T11:39:26.8319919Z [  79% ] [90m[1m_update_scan_actions[22m | breezetail.png[39m[0m
2026-10-09T11:39:26.8331866Z [  79% ] [90m[1m_update_scan_actions[22m | brooktail.png[39m[0m
2026-10-09T11:39:26.8344128Z [  79% ] [90m[1m_update_scan_actions[22m | burrowback.png[39m[0m
2026-10-09T11:39:26.8369941Z [  79% ] [90m[1m_update_scan_actions[22m | cannonback.png[39m[0m
2026-10-09T11:39:26.8380327Z [  79% ] [90m[1m_update_scan_actions[22m | cindercub.png[39m[0m
2026-10-09T11:39:26.8406963Z [  79% ] [90m[1m_update_scan_actions[22m | cliffspike.png[39m[0m
2026-10-09T11:39:26.8428907Z [  79% ] [90m[1m_update_scan_actions[22m | cloudfang.png[39m[0m
2026-10-09T11:39:26.8454856Z [  79% ] [90m[1m_update_scan_actions[22m | cragclaw.png[39m[0m
2026-10-09T11:39:26.8478428Z [  79% ] [90m[1m_update_scan_actions[22m | craghorn.png[39m[0m
2026-10-09T11:39:26.8494532Z [  79% ] [90m[1m_update_scan_actions[22m | duskhush.png[39m[0m
2026-10-09T11:39:26.8501848Z [  79% ] [90m[1m_update_scan_actions[22m | frostclaw.png[39m[0m
2026-10-09T11:39:26.8522457Z [  80% ] [90m[1m_update_scan_actions[22m | fulgocobra.png[39m[0m
2026-10-09T11:39:26.8531044Z [  80% ] [90m[1m_update_scan_actions[22m | galecrest.png[39m[0m
2026-10-09T11:39:26.8543359Z [  80% ] [90m[1m_update_scan_actions[22m | galewisp.png[39m[0m
2026-10-09T11:39:26.8566588Z [  80% ] [90m[1m_update_scan_actions[22m | glimmermoth.png[39m[0m
2026-10-09T11:39:26.8587416Z [  80% ] [90m[1m_update_scan_actions[22m | mangrove_monitor.png[39m[0m
2026-10-09T11:39:26.8599115Z [  80% ] [90m[1m_update_scan_actions[22m | meadowhart.png[39m[0m
2026-10-09T11:39:26.8620211Z [  80% ] [90m[1m_update_scan_actions[22m | mirejaw.png[39m[0m
2026-10-09T11:39:26.8633380Z [  80% ] [90m[1m_update_scan_actions[22m | mosshell.png[39m[0m
2026-10-09T11:39:26.8656918Z [  80% ] [90m[1m_update_scan_actions[22m | mosshock.png[39m[0m
2026-10-09T11:39:26.8670330Z [  80% ] [90m[1m_update_scan_actions[22m | mudsnout.png[39m[0m
2026-10-09T11:39:26.8682208Z [  80% ] [90m[1m_update_scan_actions[22m | paddlenewt.png[39m[0m
2026-10-09T11:39:26.8705399Z [  80% ] [90m[1m_update_scan_actions[22m | pebbik.png[39m[0m
2026-10-09T11:39:26.8719225Z [  80% ] [90m[1m_update_scan_actions[22m | pipwing.png[39m[0m
2026-10-09T11:39:26.8728555Z [  80% ] [90m[1m_update_scan_actions[22m | reedwing.png[39m[0m
2026-10-09T11:39:26.8749982Z [  81% ] [90m[1m_update_scan_actions[22m | ribbonray.png[39m[0m
2026-10-09T11:39:26.8777157Z [  81% ] [90m[1m_update_scan_actions[22m | ripplet.png[39m[0m
2026-10-09T11:39:26.8787436Z [  81% ] [90m[1m_update_scan_actions[22m | riptusk.png[39m[0m
2026-10-09T11:39:26.8809301Z [  81% ] [90m[1m_update_scan_actions[22m | riverdrake.png[39m[0m
2026-10-09T11:39:26.8816319Z [  81% ] [90m[1m_update_scan_actions[22m | shadelet.png[39m[0m
2026-10-09T11:39:26.8837173Z [  81% ] [90m[1m_update_scan_actions[22m | sirenseal.png[39m[0m
2026-10-09T11:39:26.8857376Z [  81% ] [90m[1m_update_scan_actions[22m | skyrill.png[39m[0m
2026-10-09T11:39:26.8880106Z [  81% ] [90m[1m_update_scan_actions[22m | solmane.png[39m[0m
2026-10-09T11:39:26.8887555Z [  81% ] [90m[1m_update_scan_actions[22m | sparkit.png[39m[0m
2026-10-09T11:39:26.8912930Z [  81% ] [90m[1m_update_scan_actions[22m | staticub.png[39m[0m
2026-10-09T11:39:26.8936765Z [  81% ] [90m[1m_update_scan_actions[22m | stormbrush.png[39m[0m
2026-10-09T11:39:26.8960914Z [  81% ] [90m[1m_update_scan_actions[22m | stormcapra.png[39m[0m
2026-10-09T11:39:26.8982043Z [  81% ] [90m[1m_update_scan_actions[22m | stormraven.png[39m[0m
2026-10-09T11:39:26.9003453Z [  81% ] [90m[1m_update_scan_actions[22m | tanglevolt.png[39m[0m
2026-10-09T11:39:26.9024703Z [  82% ] [90m[1m_update_scan_actions[22m | tempestwing.png[39m[0m
2026-10-09T11:39:26.9037927Z [  82% ] [90m[1m_update_scan_actions[22m | terrapup.png[39m[0m
2026-10-09T11:39:26.9062272Z [  82% ] [90m[1m_update_scan_actions[22m | thundertunnel.png[39m[0m
2026-10-09T11:39:26.9085124Z [  82% ] [90m[1m_update_scan_actions[22m | tidecoil.png[39m[0m
2026-10-09T11:39:26.9111452Z [  82% ] [90m[1m_update_scan_actions[22m | torrentoad.png[39m[0m
2026-10-09T11:39:26.9123104Z [  82% ] [90m[1m_update_scan_actions[22m | trailpup.png[39m[0m
2026-10-09T11:39:26.9136408Z [  82% ] [90m[1m_update_scan_actions[22m | tuskroot.png[39m[0m
2026-10-09T11:39:26.9148990Z [  82% ] [90m[1m_update_scan_actions[22m | veridian.png[39m[0m
2026-10-09T11:39:26.9174692Z [  82% ] [90m[1m_update_scan_actions[22m | voltarach.png[39m[0m
2026-10-09T11:39:26.9197821Z [  82% ] [90m[1m_update_scan_actions[22m | voltwig.png[39m[0m
2026-10-09T11:39:26.9201931Z [  82% ] [90m[1m_update_scan_actions[22m | ada.png[39m[0m
2026-10-09T11:39:26.9205322Z [  82% ] [90m[1m_update_scan_actions[22m | bram.png[39m[0m
2026-10-09T11:39:26.9208779Z [  82% ] [90m[1m_update_scan_actions[22m | bryn.png[39m[0m
2026-10-09T11:39:26.9212275Z [  82% ] [90m[1m_update_scan_actions[22m | captain.png[39m[0m
2026-10-09T11:39:26.9215863Z [  83% ] [90m[1m_update_scan_actions[22m | captain_a.png[39m[0m
2026-10-09T11:39:26.9219663Z [  83% ] [90m[1m_update_scan_actions[22m | captain_b.png[39m[0m
2026-10-09T11:39:26.9262994Z [  83% ] [90m[1m_update_scan_actions[22m | cloudreach_aila_clean.png[39m[0m
2026-10-09T11:39:26.9266773Z [  83% ] [90m[1m_update_scan_actions[22m | corin.png[39m[0m
2026-10-09T11:39:26.9270172Z [  83% ] [90m[1m_update_scan_actions[22m | doss.png[39m[0m
2026-10-09T11:39:26.9273591Z [  83% ] [90m[1m_update_scan_actions[22m | fenn.png[39m[0m
2026-10-09T11:39:26.9277221Z [  83% ] [90m[1m_update_scan_actions[22m | garrick.png[39m[0m
2026-10-09T11:39:26.9280761Z [  83% ] [90m[1m_update_scan_actions[22m | grandpa.png[39m[0m
2026-10-09T11:39:26.9284118Z [  83% ] [90m[1m_update_scan_actions[22m | grunt.png[39m[0m
2026-10-09T11:39:26.9287286Z [  83% ] [90m[1m_update_scan_actions[22m | grunt_a.png[39m[0m
2026-10-09T11:39:26.9290367Z [  83% ] [90m[1m_update_scan_actions[22m | grunt_b.png[39m[0m
2026-10-09T11:39:26.9293483Z [  83% ] [90m[1m_update_scan_actions[22m | grunt_c.png[39m[0m
2026-10-09T11:39:26.9296887Z [  83% ] [90m[1m_update_scan_actions[22m | halda.png[39m[0m
2026-10-09T11:39:26.9300446Z [  83% ] [90m[1m_update_scan_actions[22m | juno.png[39m[0m
2026-10-09T11:39:26.9303472Z [  84% ] [90m[1m_update_scan_actions[22m | kael.png[39m[0m
2026-10-09T11:39:26.9306923Z [  84% ] [90m[1m_update_scan_actions[22m | kell.png[39m[0m
2026-10-09T11:39:26.9310406Z [  84% ] [90m[1m_update_scan_actions[22m | lark.png[39m[0m
2026-10-09T11:39:26.9313273Z [  84% ] [90m[1m_update_scan_actions[22m | lyra.png[39m[0m
2026-10-09T11:39:26.9316992Z [  84% ] [90m[1m_update_scan_actions[22m | maren.png[39m[0m
2026-10-09T11:39:26.9320335Z [  84% ] [90m[1m_update_scan_actions[22m | mira.png[39m[0m
2026-10-09T11:39:26.9323674Z [  84% ] [90m[1m_update_scan_actions[22m | nessa.png[39m[0m
2026-10-09T11:39:26.9327198Z [  84% ] [90m[1m_update_scan_actions[22m | officer.png[39m[0m
2026-10-09T11:39:26.9330789Z [  84% ] [90m[1m_update_scan_actions[22m | officer_a.png[39m[0m
2026-10-09T11:39:26.9334017Z [  84% ] [90m[1m_update_scan_actions[22m | officer_b.png[39m[0m
2026-10-09T11:39:26.9337619Z [  84% ] [90m[1m_update_scan_actions[22m | old_perrin.png[39m[0m
2026-10-09T11:39:26.9340929Z [  84% ] [90m[1m_update_scan_actions[22m | oskar.png[39m[0m
2026-10-09T11:39:26.9344313Z [  84% ] [90m[1m_update_scan_actions[22m | quarry_foreman.png[39m[0m
2026-10-09T11:39:26.9347730Z [  84% ] [90m[1m_update_scan_actions[22m | rae.png[39m[0m
2026-10-09T11:39:26.9351358Z [  85% ] [90m[1m_update_scan_actions[22m | ren.png[39m[0m
2026-10-09T11:39:26.9354276Z [  85% ] [90m[1m_update_scan_actions[22m | sera.png[39m[0m
2026-10-09T11:39:26.9358341Z [  85% ] [90m[1m_update_scan_actions[22m | sorrel.png[39m[0m
2026-10-09T11:39:26.9361595Z [  85% ] [90m[1m_update_scan_actions[22m | tam.png[39m[0m
2026-10-09T11:39:26.9365153Z [  85% ] [90m[1m_update_scan_actions[22m | tobin.png[39m[0m
2026-10-09T11:39:26.9368907Z [  85% ] [90m[1m_update_scan_actions[22m | trainer.png[39m[0m
2026-10-09T11:39:26.9372269Z [  85% ] [90m[1m_update_scan_actions[22m | villager_female.png[39m[0m
2026-10-09T11:39:26.9375595Z [  85% ] [90m[1m_update_scan_actions[22m | villager_male.png[39m[0m
2026-10-09T11:39:26.9378983Z [  85% ] [90m[1m_update_scan_actions[22m | villager_ranger.png[39m[0m
2026-10-09T11:39:26.9382903Z [  85% ] [90m[1m_update_scan_actions[22m | wandering_trainer.png[39m[0m
2026-10-09T11:39:26.9386705Z [  85% ] [90m[1m_update_scan_actions[22m | warden.png[39m[0m
2026-10-09T11:39:26.9390590Z [  85% ] [90m[1m_update_scan_actions[22m | wilhelm.png[39m[0m
2026-10-09T11:39:26.9392912Z [  85% ] [90m[1m_update_scan_actions[22m | bubble_volley_impact.wav[39m[0m
2026-10-09T11:39:26.9395241Z [  85% ] [90m[1m_update_scan_actions[22m | bubble_volley_impact_mastery.wav[39m[0m
2026-10-09T11:39:26.9397405Z [  86% ] [90m[1m_update_scan_actions[22m | bubble_volley_launch.wav[39m[0m
2026-10-09T11:39:26.9399689Z [  86% ] [90m[1m_update_scan_actions[22m | bubble_volley_launch_mastery.wav[39m[0m
2026-10-09T11:39:26.9401900Z [  86% ] [90m[1m_update_scan_actions[22m | bubble_volley_launch_travel.wav[39m[0m
2026-10-09T11:39:26.9404337Z [  86% ] [90m[1m_update_scan_actions[22m | bubble_volley_launch_travel_mastery.wav[39m[0m
2026-10-09T11:39:26.9406716Z [  86% ] [90m[1m_update_scan_actions[22m | bubble_volley_travel.wav[39m[0m
2026-10-09T11:39:26.9408867Z [  86% ] [90m[1m_update_scan_actions[22m | buff_aura_impact.wav[39m[0m
2026-10-09T11:39:26.9411121Z [  86% ] [90m[1m_update_scan_actions[22m | buff_aura_impact_mastery.wav[39m[0m
2026-10-09T11:39:26.9413106Z [  86% ] [90m[1m_update_scan_actions[22m | buff_aura_launch.wav[39m[0m
2026-10-09T11:39:26.9415202Z [  86% ] [90m[1m_update_scan_actions[22m | buff_aura_launch_mastery.wav[39m[0m
2026-10-09T11:39:26.9417685Z [  86% ] [90m[1m_update_scan_actions[22m | buff_aura_launch_travel.wav[39m[0m
2026-10-09T11:39:26.9420099Z [  86% ] [90m[1m_update_scan_actions[22m | buff_aura_launch_travel_mastery.wav[39m[0m
2026-10-09T11:39:26.9422387Z [  86% ] [90m[1m_update_scan_actions[22m | buff_aura_travel.wav[39m[0m
2026-10-09T11:39:26.9424581Z [  86% ] [90m[1m_update_scan_actions[22m | catch_tether_beam_impact.wav[39m[0m
2026-10-09T11:39:26.9426957Z [  86% ] [90m[1m_update_scan_actions[22m | catch_tether_beam_impact_mastery.wav[39m[0m
2026-10-09T11:39:26.9428972Z [  87% ] [90m[1m_update_scan_actions[22m | catch_tether_beam_launch.wav[39m[0m
2026-10-09T11:39:26.9431071Z [  87% ] [90m[1m_update_scan_actions[22m | catch_tether_beam_launch_mastery.wav[39m[0m
2026-10-09T11:39:26.9433458Z [  87% ] [90m[1m_update_scan_actions[22m | catch_tether_beam_launch_travel.wav[39m[0m
2026-10-09T11:39:26.9435857Z [  87% ] [90m[1m_update_scan_actions[22m | catch_tether_beam_launch_travel_mastery.wav[39m[0m
2026-10-09T11:39:26.9438252Z [  87% ] [90m[1m_update_scan_actions[22m | catch_tether_beam_travel.wav[39m[0m
2026-10-09T11:39:26.9440454Z [  87% ] [90m[1m_update_scan_actions[22m | chain_lightning_impact.wav[39m[0m
2026-10-09T11:39:26.9442682Z [  87% ] [90m[1m_update_scan_actions[22m | chain_lightning_impact_mastery.wav[39m[0m
2026-10-09T11:39:26.9444701Z [  87% ] [90m[1m_update_scan_actions[22m | chain_lightning_launch.wav[39m[0m
2026-10-09T11:39:26.9446910Z [  87% ] [90m[1m_update_scan_actions[22m | chain_lightning_launch_mastery.wav[39m[0m
2026-10-09T11:39:26.9449259Z [  87% ] [90m[1m_update_scan_actions[22m | chain_lightning_launch_travel.wav[39m[0m
2026-10-09T11:39:26.9451646Z [  87% ] [90m[1m_update_scan_actions[22m | chain_lightning_launch_travel_mastery.wav[39m[0m
2026-10-09T11:39:26.9453938Z [  87% ] [90m[1m_update_scan_actions[22m | chain_lightning_travel.wav[39m[0m
2026-10-09T11:39:26.9456120Z [  87% ] [90m[1m_update_scan_actions[22m | charge_dash_impact.wav[39m[0m
2026-10-09T11:39:26.9458454Z [  87% ] [90m[1m_update_scan_actions[22m | charge_dash_impact_mastery.wav[39m[0m
2026-10-09T11:39:26.9460545Z [  87% ] [90m[1m_update_scan_actions[22m | charge_dash_launch.wav[39m[0m
2026-10-09T11:39:26.9462548Z [  88% ] [90m[1m_update_scan_actions[22m | charge_dash_launch_mastery.wav[39m[0m
2026-10-09T11:39:26.9464831Z [  88% ] [90m[1m_update_scan_actions[22m | charge_dash_launch_travel.wav[39m[0m
2026-10-09T11:39:26.9467384Z [  88% ] [90m[1m_update_scan_actions[22m | charge_dash_launch_travel_mastery.wav[39m[0m
2026-10-09T11:39:26.9469636Z [  88% ] [90m[1m_update_scan_actions[22m | charge_dash_travel.wav[39m[0m
2026-10-09T11:39:26.9471785Z [  88% ] [90m[1m_update_scan_actions[22m | debuff_hex_impact.wav[39m[0m
2026-10-09T11:39:26.9475433Z [  88% ] [90m[1m_update_scan_actions[22m | debuff_hex_impact_mastery.wav[39m[0m
2026-10-09T11:39:26.9477566Z [  88% ] [90m[1m_update_scan_actions[22m | debuff_hex_launch.wav[39m[0m
2026-10-09T11:39:26.9479860Z [  88% ] [90m[1m_update_scan_actions[22m | debuff_hex_launch_mastery.wav[39m[0m
2026-10-09T11:39:26.9482139Z [  88% ] [90m[1m_update_scan_actions[22m | debuff_hex_launch_travel.wav[39m[0m
2026-10-09T11:39:26.9484144Z [  88% ] [90m[1m_update_scan_actions[22m | debuff_hex_launch_travel_mastery.wav[39m[0m
2026-10-09T11:39:26.9486182Z [  88% ] [90m[1m_update_scan_actions[22m | debuff_hex_travel.wav[39m[0m
2026-10-09T11:39:26.9488290Z [  88% ] [90m[1m_update_scan_actions[22m | ember_burst_impact.wav[39m[0m
2026-10-09T11:39:26.9490300Z [  88% ] [90m[1m_update_scan_actions[22m | ember_burst_impact_mastery.wav[39m[0m
2026-10-09T11:39:26.9492055Z [  88% ] [90m[1m_update_scan_actions[22m | ember_burst_launch.wav[39m[0m
2026-10-09T11:39:26.9493933Z [  89% ] [90m[1m_update_scan_actions[22m | ember_burst_launch_mastery.wav[39m[0m
2026-10-09T11:39:26.9496037Z [  89% ] [90m[1m_update_scan_actions[22m | ember_burst_launch_travel.wav[39m[0m
2026-10-09T11:39:26.9498326Z [  89% ] [90m[1m_update_scan_actions[22m | ember_burst_launch_travel_mastery.wav[39m[0m
2026-10-09T11:39:26.9500475Z [  89% ] [90m[1m_update_scan_actions[22m | ember_burst_travel.wav[39m[0m
2026-10-09T11:39:26.9502475Z [  89% ] [90m[1m_update_scan_actions[22m | fireball_impact.wav[39m[0m
2026-10-09T11:39:26.9504669Z [  89% ] [90m[1m_update_scan_actions[22m | fireball_impact_mastery.wav[39m[0m
2026-10-09T11:39:26.9506779Z [  89% ] [90m[1m_update_scan_actions[22m | fireball_launch.wav[39m[0m
2026-10-09T11:39:26.9508904Z [  89% ] [90m[1m_update_scan_actions[22m | fireball_launch_mastery.wav[39m[0m
2026-10-09T11:39:26.9511222Z [  89% ] [90m[1m_update_scan_actions[22m | fireball_launch_travel.wav[39m[0m
2026-10-09T11:39:26.9513585Z [  89% ] [90m[1m_update_scan_actions[22m | fireball_launch_travel_mastery.wav[39m[0m
2026-10-09T11:39:26.9515873Z [  89% ] [90m[1m_update_scan_actions[22m | fireball_travel.wav[39m[0m
2026-10-09T11:39:26.9518157Z [  89% ] [90m[1m_update_scan_actions[22m | flame_cone_impact.wav[39m[0m
2026-10-09T11:39:26.9520388Z [  89% ] [90m[1m_update_scan_actions[22m | flame_cone_impact_mastery.wav[39m[0m
2026-10-09T11:39:26.9522430Z [  89% ] [90m[1m_update_scan_actions[22m | flame_cone_launch.wav[39m[0m
2026-10-09T11:39:26.9524499Z [  90% ] [90m[1m_update_scan_actions[22m | flame_cone_launch_mastery.wav[39m[0m
2026-10-09T11:39:26.9526937Z [  90% ] [90m[1m_update_scan_actions[22m | flame_cone_launch_travel.wav[39m[0m
2026-10-09T11:39:26.9529313Z [  90% ] [90m[1m_update_scan_actions[22m | flame_cone_launch_travel_mastery.wav[39m[0m
2026-10-09T11:39:26.9531617Z [  90% ] [90m[1m_update_scan_actions[22m | flame_cone_travel.wav[39m[0m
2026-10-09T11:39:26.9533790Z [  90% ] [90m[1m_update_scan_actions[22m | frost_breath_impact.wav[39m[0m
2026-10-09T11:39:26.9536037Z [  90% ] [90m[1m_update_scan_actions[22m | frost_breath_impact_mastery.wav[39m[0m
2026-10-09T11:39:26.9538150Z [  90% ] [90m[1m_update_scan_actions[22m | frost_breath_launch.wav[39m[0m
2026-10-09T11:39:26.9540242Z [  90% ] [90m[1m_update_scan_actions[22m | frost_breath_launch_mastery.wav[39m[0m
2026-10-09T11:39:26.9542564Z [  90% ] [90m[1m_update_scan_actions[22m | frost_breath_launch_travel.wav[39m[0m
2026-10-09T11:39:26.9544957Z [  90% ] [90m[1m_update_scan_actions[22m | frost_breath_launch_travel_mastery.wav[39m[0m
2026-10-09T11:39:26.9547343Z [  90% ] [90m[1m_update_scan_actions[22m | frost_breath_travel.wav[39m[0m
2026-10-09T11:39:26.9549551Z [  90% ] [90m[1m_update_scan_actions[22m | guard_flash_impact.wav[39m[0m
2026-10-09T11:39:26.9551778Z [  90% ] [90m[1m_update_scan_actions[22m | guard_flash_impact_mastery.wav[39m[0m
2026-10-09T11:39:26.9553797Z [  90% ] [90m[1m_update_scan_actions[22m | guard_flash_launch.wav[39m[0m
2026-10-09T11:39:26.9555867Z [  91% ] [90m[1m_update_scan_actions[22m | guard_flash_launch_mastery.wav[39m[0m
2026-10-09T11:39:26.9558289Z [  91% ] [90m[1m_update_scan_actions[22m | guard_flash_launch_travel.wav[39m[0m
2026-10-09T11:39:26.9560719Z [  91% ] [90m[1m_update_scan_actions[22m | guard_flash_launch_travel_mastery.wav[39m[0m
2026-10-09T11:39:26.9563169Z [  91% ] [90m[1m_update_scan_actions[22m | guard_flash_travel.wav[39m[0m
2026-10-09T11:39:26.9565256Z [  91% ] [90m[1m_update_scan_actions[22m | heal_pulse_impact.wav[39m[0m
2026-10-09T11:39:26.9567605Z [  91% ] [90m[1m_update_scan_actions[22m | heal_pulse_impact_mastery.wav[39m[0m
2026-10-09T11:39:26.9569622Z [  91% ] [90m[1m_update_scan_actions[22m | heal_pulse_launch.wav[39m[0m
2026-10-09T11:39:26.9571709Z [  91% ] [90m[1m_update_scan_actions[22m | heal_pulse_launch_mastery.wav[39m[0m
2026-10-09T11:39:26.9574028Z [  91% ] [90m[1m_update_scan_actions[22m | heal_pulse_launch_travel.wav[39m[0m
2026-10-09T11:39:26.9576474Z [  91% ] [90m[1m_update_scan_actions[22m | heal_pulse_launch_travel_mastery.wav[39m[0m
2026-10-09T11:39:26.9578853Z [  91% ] [90m[1m_update_scan_actions[22m | heal_pulse_travel.wav[39m[0m
2026-10-09T11:39:26.9581061Z [  91% ] [90m[1m_update_scan_actions[22m | ice_shard_volley_impact.wav[39m[0m
2026-10-09T11:39:26.9583328Z [  91% ] [90m[1m_update_scan_actions[22m | ice_shard_volley_impact_mastery.wav[39m[0m
2026-10-09T11:39:26.9585406Z [  91% ] [90m[1m_update_scan_actions[22m | ice_shard_volley_launch.wav[39m[0m
2026-10-09T11:39:26.9587621Z [  92% ] [90m[1m_update_scan_actions[22m | ice_shard_volley_launch_mastery.wav[39m[0m
2026-10-09T11:39:26.9590007Z [  92% ] [90m[1m_update_scan_actions[22m | ice_shard_volley_launch_travel.wav[39m[0m
2026-10-09T11:39:26.9592450Z [  92% ] [90m[1m_update_scan_actions[22m | ice_shard_volley_launch_travel_mastery.wav[39m[0m
2026-10-09T11:39:26.9594786Z [  92% ] [90m[1m_update_scan_actions[22m | ice_shard_volley_travel.wav[39m[0m
2026-10-09T11:39:26.9597026Z [  92% ] [90m[1m_update_scan_actions[22m | psychic_pulse_impact.wav[39m[0m
2026-10-09T11:39:26.9599381Z [  92% ] [90m[1m_update_scan_actions[22m | psychic_pulse_impact_mastery.wav[39m[0m
2026-10-09T11:39:26.9601414Z [  92% ] [90m[1m_update_scan_actions[22m | psychic_pulse_launch.wav[39m[0m
2026-10-09T11:39:26.9603528Z [  92% ] [90m[1m_update_scan_actions[22m | psychic_pulse_launch_mastery.wav[39m[0m
2026-10-09T11:39:26.9605902Z [  92% ] [90m[1m_update_scan_actions[22m | psychic_pulse_launch_travel.wav[39m[0m
2026-10-09T11:39:26.9608419Z [  92% ] [90m[1m_update_scan_actions[22m | psychic_pulse_launch_travel_mastery.wav[39m[0m
2026-10-09T11:39:26.9610708Z [  92% ] [90m[1m_update_scan_actions[22m | psychic_pulse_travel.wav[39m[0m
2026-10-09T11:39:26.9612902Z [  92% ] [90m[1m_update_scan_actions[22m | quake_ring_impact.wav[39m[0m
2026-10-09T11:39:26.9615118Z [  92% ] [90m[1m_update_scan_actions[22m | quake_ring_impact_mastery.wav[39m[0m
2026-10-09T11:39:26.9617217Z [  92% ] [90m[1m_update_scan_actions[22m | quake_ring_launch.wav[39m[0m
2026-10-09T11:39:26.9619285Z [  93% ] [90m[1m_update_scan_actions[22m | quake_ring_launch_mastery.wav[39m[0m
2026-10-09T11:39:26.9621611Z [  93% ] [90m[1m_update_scan_actions[22m | quake_ring_launch_travel.wav[39m[0m
2026-10-09T11:39:26.9623987Z [  93% ] [90m[1m_update_scan_actions[22m | quake_ring_launch_travel_mastery.wav[39m[0m
2026-10-09T11:39:26.9626238Z [  93% ] [90m[1m_update_scan_actions[22m | quake_ring_travel.wav[39m[0m
2026-10-09T11:39:26.9628531Z [  93% ] [90m[1m_update_scan_actions[22m | root_stone_spikes_impact.wav[39m[0m
2026-10-09T11:39:26.9630779Z [  93% ] [90m[1m_update_scan_actions[22m | root_stone_spikes_impact_mastery.wav[39m[0m
2026-10-09T11:39:26.9632839Z [  93% ] [90m[1m_update_scan_actions[22m | root_stone_spikes_launch.wav[39m[0m
2026-10-09T11:39:26.9634972Z [  93% ] [90m[1m_update_scan_actions[22m | root_stone_spikes_launch_mastery.wav[39m[0m
2026-10-09T11:39:26.9637487Z [  93% ] [90m[1m_update_scan_actions[22m | root_stone_spikes_launch_travel.wav[39m[0m
2026-10-09T11:39:26.9639896Z [  93% ] [90m[1m_update_scan_actions[22m | root_stone_spikes_launch_travel_mastery.wav[39m[0m
2026-10-09T11:39:26.9642175Z [  93% ] [90m[1m_update_scan_actions[22m | root_stone_spikes_travel.wav[39m[0m
2026-10-09T11:39:26.9644462Z [  93% ] [90m[1m_update_scan_actions[22m | shadow_bolt_impact.wav[39m[0m
2026-10-09T11:39:26.9646593Z [  93% ] [90m[1m_update_scan_actions[22m | shadow_bolt_impact_mastery.wav[39m[0m
2026-10-09T11:39:26.9648699Z [  93% ] [90m[1m_update_scan_actions[22m | shadow_bolt_launch.wav[39m[0m
2026-10-09T11:39:26.9650768Z [  94% ] [90m[1m_update_scan_actions[22m | shadow_bolt_launch_mastery.wav[39m[0m
2026-10-09T11:39:26.9653105Z [  94% ] [90m[1m_update_scan_actions[22m | shadow_bolt_launch_travel.wav[39m[0m
2026-10-09T11:39:26.9655499Z [  94% ] [90m[1m_update_scan_actions[22m | shadow_bolt_launch_travel_mastery.wav[39m[0m
2026-10-09T11:39:26.9657860Z [  94% ] [90m[1m_update_scan_actions[22m | shadow_bolt_travel.wav[39m[0m
2026-10-09T11:39:26.9660112Z [  94% ] [90m[1m_update_scan_actions[22m | sky_lightning_impact.wav[39m[0m
2026-10-09T11:39:26.9662371Z [  94% ] [90m[1m_update_scan_actions[22m | sky_lightning_impact_mastery.wav[39m[0m
2026-10-09T11:39:26.9664468Z [  94% ] [90m[1m_update_scan_actions[22m | sky_lightning_launch.wav[39m[0m
2026-10-09T11:39:26.9666563Z [  94% ] [90m[1m_update_scan_actions[22m | sky_lightning_launch_mastery.wav[39m[0m
2026-10-09T11:39:26.9669015Z [  94% ] [90m[1m_update_scan_actions[22m | sky_lightning_launch_travel.wav[39m[0m
2026-10-09T11:39:26.9671435Z [  94% ] [90m[1m_update_scan_actions[22m | sky_lightning_launch_travel_mastery.wav[39m[0m
2026-10-09T11:39:26.9673742Z [  94% ] [90m[1m_update_scan_actions[22m | sky_lightning_travel.wav[39m[0m
2026-10-09T11:39:26.9675905Z [  94% ] [90m[1m_update_scan_actions[22m | slash_trail_impact.wav[39m[0m
2026-10-09T11:39:26.9678241Z [  94% ] [90m[1m_update_scan_actions[22m | slash_trail_impact_mastery.wav[39m[0m
2026-10-09T11:39:26.9680228Z [  94% ] [90m[1m_update_scan_actions[22m | slash_trail_launch.wav[39m[0m
2026-10-09T11:39:26.9682291Z [  95% ] [90m[1m_update_scan_actions[22m | slash_trail_launch_mastery.wav[39m[0m
2026-10-09T11:39:26.9684611Z [  95% ] [90m[1m_update_scan_actions[22m | slash_trail_launch_travel.wav[39m[0m
2026-10-09T11:39:26.9687056Z [  95% ] [90m[1m_update_scan_actions[22m | slash_trail_launch_travel_mastery.wav[39m[0m
2026-10-09T11:39:26.9689379Z [  95% ] [90m[1m_update_scan_actions[22m | slash_trail_travel.wav[39m[0m
2026-10-09T11:39:26.9691576Z [  95% ] [90m[1m_update_scan_actions[22m | stone_boulder_impact.wav[39m[0m
2026-10-09T11:39:26.9693814Z [  95% ] [90m[1m_update_scan_actions[22m | stone_boulder_impact_mastery.wav[39m[0m
2026-10-09T11:39:26.9695829Z [  95% ] [90m[1m_update_scan_actions[22m | stone_boulder_launch.wav[39m[0m
2026-10-09T11:39:26.9697965Z [  95% ] [90m[1m_update_scan_actions[22m | stone_boulder_launch_mastery.wav[39m[0m
2026-10-09T11:39:26.9700192Z [  95% ] [90m[1m_update_scan_actions[22m | stone_boulder_launch_travel.wav[39m[0m
2026-10-09T11:39:26.9702508Z [  95% ] [90m[1m_update_scan_actions[22m | stone_boulder_launch_travel_mastery.wav[39m[0m
2026-10-09T11:39:26.9704723Z [  95% ] [90m[1m_update_scan_actions[22m | stone_boulder_travel.wav[39m[0m
2026-10-09T11:39:26.9706850Z [  95% ] [90m[1m_update_scan_actions[22m | stone_throw_impact.wav[39m[0m
2026-10-09T11:39:26.9708953Z [  95% ] [90m[1m_update_scan_actions[22m | stone_throw_impact_mastery.wav[39m[0m
2026-10-09T11:39:26.9710869Z [  95% ] [90m[1m_update_scan_actions[22m | stone_throw_launch.wav[39m[0m
2026-10-09T11:39:26.9712807Z [  96% ] [90m[1m_update_scan_actions[22m | stone_throw_launch_mastery.wav[39m[0m
2026-10-09T11:39:26.9715029Z [  96% ] [90m[1m_update_scan_actions[22m | stone_throw_launch_travel.wav[39m[0m
2026-10-09T11:39:26.9717439Z [  96% ] [90m[1m_update_scan_actions[22m | stone_throw_launch_travel_mastery.wav[39m[0m
2026-10-09T11:39:26.9719586Z [  96% ] [90m[1m_update_scan_actions[22m | stone_throw_travel.wav[39m[0m
2026-10-09T11:39:26.9721646Z [  96% ] [90m[1m_update_scan_actions[22m | tidal_wave_impact.wav[39m[0m
2026-10-09T11:39:26.9723899Z [  96% ] [90m[1m_update_scan_actions[22m | tidal_wave_impact_mastery.wav[39m[0m
2026-10-09T11:39:26.9725708Z [  96% ] [90m[1m_update_scan_actions[22m | tidal_wave_launch.wav[39m[0m
2026-10-09T11:39:26.9727710Z [  96% ] [90m[1m_update_scan_actions[22m | tidal_wave_launch_mastery.wav[39m[0m
2026-10-09T11:39:26.9729898Z [  96% ] [90m[1m_update_scan_actions[22m | tidal_wave_launch_travel.wav[39m[0m
2026-10-09T11:39:26.9732188Z [  96% ] [90m[1m_update_scan_actions[22m | tidal_wave_launch_travel_mastery.wav[39m[0m
2026-10-09T11:39:26.9734357Z [  96% ] [90m[1m_update_scan_actions[22m | tidal_wave_travel.wav[39m[0m
2026-10-09T11:39:26.9736404Z [  96% ] [90m[1m_update_scan_actions[22m | tornado_impact.wav[39m[0m
2026-10-09T11:39:26.9738600Z [  96% ] [90m[1m_update_scan_actions[22m | tornado_impact_mastery.wav[39m[0m
2026-10-09T11:39:26.9740515Z [  96% ] [90m[1m_update_scan_actions[22m | tornado_launch.wav[39m[0m
2026-10-09T11:39:26.9742499Z [  97% ] [90m[1m_update_scan_actions[22m | tornado_launch_mastery.wav[39m[0m
2026-10-09T11:39:26.9744713Z [  97% ] [90m[1m_update_scan_actions[22m | tornado_launch_travel.wav[39m[0m
2026-10-09T11:39:26.9746982Z [  97% ] [90m[1m_update_scan_actions[22m | tornado_launch_travel_mastery.wav[39m[0m
2026-10-09T11:39:26.9749252Z [  97% ] [90m[1m_update_scan_actions[22m | tornado_travel.wav[39m[0m
2026-10-09T11:39:26.9751336Z [  97% ] [90m[1m_update_scan_actions[22m | water_jet_impact.wav[39m[0m
2026-10-09T11:39:26.9753449Z [  97% ] [90m[1m_update_scan_actions[22m | water_jet_impact_mastery.wav[39m[0m
2026-10-09T11:39:26.9755336Z [  97% ] [90m[1m_update_scan_actions[22m | water_jet_launch.wav[39m[0m
2026-10-09T11:39:26.9757348Z [  97% ] [90m[1m_update_scan_actions[22m | water_jet_launch_mastery.wav[39m[0m
2026-10-09T11:39:26.9759602Z [  97% ] [90m[1m_update_scan_actions[22m | water_jet_launch_travel.wav[39m[0m
2026-10-09T11:39:26.9761872Z [  97% ] [90m[1m_update_scan_actions[22m | water_jet_launch_travel_mastery.wav[39m[0m
2026-10-09T11:39:26.9764036Z [  97% ] [90m[1m_update_scan_actions[22m | water_jet_travel.wav[39m[0m
2026-10-09T11:39:26.9766114Z [  97% ] [90m[1m_update_scan_actions[22m | wind_blade_impact.wav[39m[0m
2026-10-09T11:39:26.9768256Z [  97% ] [90m[1m_update_scan_actions[22m | wind_blade_impact_mastery.wav[39m[0m
2026-10-09T11:39:26.9770134Z [  97% ] [90m[1m_update_scan_actions[22m | wind_blade_launch.wav[39m[0m
2026-10-09T11:39:26.9772053Z [  98% ] [90m[1m_update_scan_actions[22m | wind_blade_launch_mastery.wav[39m[0m
2026-10-09T11:39:26.9774235Z [  98% ] [90m[1m_update_scan_actions[22m | wind_blade_launch_travel.wav[39m[0m
2026-10-09T11:39:26.9776491Z [  98% ] [90m[1m_update_scan_actions[22m | wind_blade_launch_travel_mastery.wav[39m[0m
2026-10-09T11:39:26.9778706Z [  98% ] [90m[1m_update_scan_actions[22m | wind_blade_travel.wav[39m[0m
2026-10-09T11:39:26.9806967Z [  98% ] [90m[1m_update_scan_actions[22m | flame_tongue_v2.png[39m[0m
2026-10-09T11:39:26.9809500Z [  98% ] [90m[1m_update_scan_actions[22m | procedural_provenance.csv[39m[0m
2026-10-09T11:39:26.9810215Z [  98% ] [90m[1m_update_scan_actions[22m | 01-spawn-outward.jpg[39m[0m
2026-10-09T11:39:26.9810828Z [  98% ] [90m[1m_update_scan_actions[22m | 02-arena-opens.jpg[39m[0m
2026-10-09T11:39:26.9811369Z [  98% ] [90m[1m_update_scan_actions[22m | 03-rise-overlook.jpg[39m[0m
2026-10-09T11:39:26.9812047Z [  98% ] [90m[1m_update_scan_actions[22m | 06-charged-attack-lands.jpg[39m[0m
2026-10-09T11:39:26.9812695Z [  98% ] [90m[1m_update_scan_actions[22m | aim-arc.jpg[39m[0m
2026-10-09T11:39:26.9813221Z [  98% ] [90m[1m_update_scan_actions[22m | camp-dusk.jpg[39m[0m
2026-10-09T11:39:26.9813819Z [  98% ] [90m[1m_update_scan_actions[22m | hero-meadow.jpg[39m[0m
2026-10-09T11:39:26.9814475Z [  98% ] [90m[1m_update_scan_actions[22m | mill-crossing.jpg[39m[0m
2026-10-09T11:39:26.9815086Z [  99% ] [90m[1m_update_scan_actions[22m | opening-bedroom.jpg[39m[0m
2026-10-09T11:39:26.9815827Z [  99% ] [90m[1m_update_scan_actions[22m | page-board.jpg[39m[0m
2026-10-09T11:39:26.9816352Z [  99% ] [90m[1m_update_scan_actions[22m | relay-approach.jpg[39m[0m
2026-10-09T11:39:26.9817061Z [  99% ] [90m[1m_update_scan_actions[22m | relay-machines.jpg[39m[0m
2026-10-09T11:39:26.9817641Z [  99% ] [90m[1m_update_scan_actions[22m | roster.jpg[39m[0m
2026-10-09T11:39:26.9818254Z [  99% ] [90m[1m_update_scan_actions[22m | severed-road.jpg[39m[0m
2026-10-09T11:39:26.9818862Z [  99% ] [90m[1m_update_scan_actions[22m | starter-orbs.jpg[39m[0m
2026-10-09T11:39:26.9819424Z [  99% ] [90m[1m_update_scan_actions[22m | tether-site.jpg[39m[0m
2026-10-09T11:39:26.9820074Z [  99% ] [90m[1m_update_scan_actions[22m | village-square.jpg[39m[0m
2026-10-09T11:39:26.9820689Z [  99% ] [90m[1m_update_scan_actions[22m | village-talk.jpg[39m[0m
2026-10-09T11:39:26.9821246Z [  99% ] [90m[1m_update_scan_actions[22m | warden.jpg[39m[0m
2026-10-09T11:39:26.9821874Z [  99% ] [90m[1m_update_scan_actions[22m | weather-rain.jpg[39m[0m
2026-10-09T11:39:26.9824238Z [  99% ] [90m[1m_update_scan_actions[22m | icon.svg[39m[0m
2026-10-09T11:39:26.9824588Z [92m[ DONE ][39m [1m_update_scan_actions[22m
2026-10-09T11:39:26.9824828Z [0m
2026-10-09T11:39:26.9828441Z [   0% ] [90m[1mreimport[22m | Started (Re)Importing Assets (21 steps)[39m[0m
2026-10-09T11:39:26.9828895Z [   0% ] [90m[1mreimport[22m | Preparing files to reimport...[39m[0m
2026-10-09T11:39:26.9829463Z [   4% ] [90m[1mreimport[22m | Preparing files to reimport...[39m[0m
2026-10-09T11:39:26.9830321Z [   9% ] [90m[1mreimport[22m | Preparing files to reimport...[39m[0m
2026-10-09T11:39:26.9830935Z [  13% ] [90m[1mreimport[22m | Preparing files to reimport...[39m[0m
2026-10-09T11:39:26.9831599Z [  18% ] [90m[1mreimport[22m | Preparing files to reimport...[39m[0m
2026-10-09T11:39:26.9832168Z [  22% ] [90m[1mreimport[22m | Preparing files to reimport...[39m[0m
2026-10-09T11:39:26.9832743Z [  27% ] [90m[1mreimport[22m | Preparing files to reimport...[39m[0m
2026-10-09T11:39:26.9833299Z [  31% ] [90m[1mreimport[22m | Preparing files to reimport...[39m[0m
2026-10-09T11:39:26.9833880Z [  36% ] [90m[1mreimport[22m | Preparing files to reimport...[39m[0m
2026-10-09T11:39:26.9834507Z [  40% ] [90m[1mreimport[22m | Preparing files to reimport...[39m[0m
2026-10-09T11:39:26.9835121Z [  45% ] [90m[1mreimport[22m | Preparing files to reimport...[39m[0m
2026-10-09T11:39:26.9835678Z [  50% ] [90m[1mreimport[22m | Preparing files to reimport...[39m[0m
2026-10-09T11:39:26.9836295Z [  54% ] [90m[1mreimport[22m | Preparing files to reimport...[39m[0m
2026-10-09T11:39:26.9837062Z [  59% ] [90m[1mreimport[22m | Preparing files to reimport...[39m[0m
2026-10-09T11:39:26.9837638Z [  63% ] [90m[1mreimport[22m | Preparing files to reimport...[39m[0m
2026-10-09T11:39:26.9838265Z [  68% ] [90m[1mreimport[22m | Preparing files to reimport...[39m[0m
2026-10-09T11:39:26.9838824Z [  72% ] [90m[1mreimport[22m | Preparing files to reimport...[39m[0m
2026-10-09T11:39:26.9839424Z [  77% ] [90m[1mreimport[22m | Preparing files to reimport...[39m[0m
2026-10-09T11:39:26.9840045Z [  81% ] [90m[1mreimport[22m | Preparing files to reimport...[39m[0m
2026-10-09T11:39:26.9840619Z [  86% ] [90m[1mreimport[22m | Preparing files to reimport...[39m[0m
2026-10-09T11:39:26.9841199Z [  90% ] [90m[1mreimport[22m | Preparing files to reimport...[39m[0m
2026-10-09T11:39:26.9841874Z [   0% ] [90m[1mreimport[22m | Executing pre-reimport operations...[39m[0m
2026-10-09T11:39:26.9843867Z [   0% ] [90m[1mreimport[22m | procedural_provenance.csv[39m[0m
2026-10-09T11:39:26.9963451Z [   4% ] [90m[1mreimport[22m | weather-rain.jpg[39m[0m
2026-10-09T11:39:27.0695435Z [   9% ] [90m[1mreimport[22m | warden.jpg[39m[0m
2026-10-09T11:39:27.1483386Z [  13% ] [90m[1mreimport[22m | village-talk.jpg[39m[0m
2026-10-09T11:39:27.2412388Z [  18% ] [90m[1mreimport[22m | village-square.jpg[39m[0m
2026-10-09T11:39:27.3284816Z [  22% ] [90m[1mreimport[22m | tether-site.jpg[39m[0m
2026-10-09T11:39:27.4771094Z [  27% ] [90m[1mreimport[22m | starter-orbs.jpg[39m[0m
2026-10-09T11:39:27.5211473Z [  31% ] [90m[1mreimport[22m | severed-road.jpg[39m[0m
2026-10-09T11:39:27.6593531Z [  36% ] [90m[1mreimport[22m | roster.jpg[39m[0m
2026-10-09T11:39:27.7441462Z [  40% ] [90m[1mreimport[22m | relay-machines.jpg[39m[0m
2026-10-09T11:39:27.8305373Z [  45% ] [90m[1mreimport[22m | relay-approach.jpg[39m[0m
2026-10-09T11:39:27.9163868Z [  50% ] [90m[1mreimport[22m | page-board.jpg[39m[0m
2026-10-09T11:39:28.0778930Z [  54% ] [90m[1mreimport[22m | opening-bedroom.jpg[39m[0m
2026-10-09T11:39:28.1618552Z [  59% ] [90m[1mreimport[22m | mill-crossing.jpg[39m[0m
2026-10-09T11:39:28.2565534Z [  63% ] [90m[1mreimport[22m | hero-meadow.jpg[39m[0m
2026-10-09T11:39:28.3973838Z [  68% ] [90m[1mreimport[22m | camp-dusk.jpg[39m[0m
2026-10-09T11:39:28.4764865Z [  72% ] [90m[1mreimport[22m | aim-arc.jpg[39m[0m
2026-10-09T11:39:28.5703472Z [  77% ] [90m[1mreimport[22m | 06-charged-attack-lands.jpg[39m[0m
2026-10-09T11:39:28.7374830Z [  81% ] [90m[1mreimport[22m | 03-rise-overlook.jpg[39m[0m
2026-10-09T11:39:28.8757672Z [  86% ] [90m[1mreimport[22m | 02-arena-opens.jpg[39m[0m
2026-10-09T11:39:29.0294082Z [  90% ] [90m[1mreimport[22m | 01-spawn-outward.jpg[39m[0m
2026-10-09T11:39:29.1783562Z [  95% ] [90m[1mreimport[22m | Finalizing Asset Import...[39m[0m
2026-10-09T11:39:29.1883491Z [92m[ DONE ][39m [1mreimport[22m
2026-10-09T11:39:29.1883822Z [0m
2026-10-09T11:39:29.1884160Z [   0% ] [90m[1mreimport[22m | Started (Re)Importing Assets (21 steps)[39m[0m
2026-10-09T11:39:29.1884653Z [   0% ] [90m[1mreimport[22m | Executing post-reimport operations...[39m[0m
2026-10-09T11:39:29.1885015Z [92m[ DONE ][39m [1mreimport[22m
2026-10-09T11:39:29.1885283Z [0m
2026-10-09T11:39:29.2510412Z [   0% ] [90m[1mloading_editor_layout[22m | Started Loading editor (5 steps)[39m[0m
2026-10-09T11:39:29.2511054Z [   0% ] [90m[1mloading_editor_layout[22m | Loading editor layout...[39m[0m
2026-10-09T11:39:29.2511510Z [  16% ] [90m[1mloading_editor_layout[22m | Loading docks...[39m[0m
2026-10-09T11:39:29.2511883Z [92m[ DONE ][39m [1mloading_editor_layout[22m
2026-10-09T11:39:29.2512139Z [0m
2026-10-09T11:39:30.6375115Z ##[end-action id=__self.__run_3;outcome=success;conclusion=success;duration_ms=18928]
2026-10-09T11:39:30.6378053Z ##[start-action display=Run set -euo pipefail;id=__self.__run_4]
2026-10-09T11:39:30.6392269Z ##[group]Run set -euo pipefail
2026-10-09T11:39:30.6392467Z [36;1mset -euo pipefail[0m
2026-10-09T11:39:30.6392670Z [36;1mgodot --headless --path . --import 2>&1 | tee /tmp/import.log[0m
2026-10-09T11:39:30.6392995Z [36;1mif grep -qiE 'SCRIPT ERROR|Parse Error|Failed to load|ERROR: Cannot open' /tmp/import.log; then[0m
2026-10-09T11:39:30.6393333Z [36;1m  echo '::error::import produced script or resource errors'[0m
2026-10-09T11:39:30.6393526Z [36;1m  exit 1[0m
2026-10-09T11:39:30.6393644Z [36;1mfi[0m
2026-10-09T11:39:30.6446956Z shell: /usr/bin/bash --noprofile --norc -e -o pipefail {0}
2026-10-09T11:39:30.6447148Z env:
2026-10-09T11:39:30.6447270Z   GODOT_VERSION: 4.7-stable
2026-10-09T11:39:30.6447411Z ##[endgroup]
2026-10-09T11:39:30.6674384Z Godot Engine v4.7.stable.official.5b4e0cb0f - https://godotengine.org
2026-10-09T11:39:30.6873207Z 
2026-10-09T11:39:32.0718247Z [   0% ] [90m[1mfirst_scan_filesystem[22m | Started Project initialization (5 steps)[39m[0m
2026-10-09T11:39:32.0719193Z [   0% ] [90m[1mfirst_scan_filesystem[22m | Scanning file structure...[39m[0m
2026-10-09T11:39:32.1159843Z [  16% ] [90m[1mfirst_scan_filesystem[22m | Loading global class names...[39m[0m
2026-10-09T11:39:32.4083909Z [  33% ] [90m[1mfirst_scan_filesystem[22m | Verifying GDExtensions...[39m[0m
2026-10-09T11:39:32.4084816Z [  50% ] [90m[1mfirst_scan_filesystem[22m | Creating autoload scripts...[39m[0m
2026-10-09T11:39:35.2938619Z [  66% ] [90m[1mfirst_scan_filesystem[22m | Initializing plugins...[39m[0m
2026-10-09T11:39:35.2945665Z [  83% ] [90m[1mfirst_scan_filesystem[22m | Starting file scan...[39m[0m
2026-10-09T11:39:35.2953624Z [92m[ DONE ][39m [1mfirst_scan_filesystem[22m
2026-10-09T11:39:35.2953898Z [0m
2026-10-09T11:39:35.7064479Z [   0% ] [90m[1m_update_scan_actions[22m | Started Scanning actions... (13 steps)[39m[0m
2026-10-09T11:39:35.7065300Z [   0% ] [90m[1m_update_scan_actions[22m | bramblebun_extracted_base_color.png[39m[0m
2026-10-09T11:39:35.7066539Z [   7% ] [90m[1m_update_scan_actions[22m | bramblebun_extracted_emissive.png[39m[0m
2026-10-09T11:39:35.7067875Z [  14% ] [90m[1m_update_scan_actions[22m | cragclaw_extracted_base_color.png[39m[0m
2026-10-09T11:39:35.7069215Z [  21% ] [90m[1m_update_scan_actions[22m | mangrove_monitor_extracted_base_color.png[39m[0m
2026-10-09T11:39:35.7070387Z [  28% ] [90m[1m_update_scan_actions[22m | mirejaw_extracted_base_color.png[39m[0m
2026-10-09T11:39:35.7071661Z [  35% ] [90m[1m_update_scan_actions[22m | mudsnout_extracted_base_color.png[39m[0m
2026-10-09T11:39:35.7072966Z [  42% ] [90m[1m_update_scan_actions[22m | mudsnout_extracted_emissive.png[39m[0m
2026-10-09T11:39:35.7074200Z [  50% ] [90m[1m_update_scan_actions[22m | riptusk_extracted_base_color.png[39m[0m
2026-10-09T11:39:35.7075507Z [  57% ] [90m[1m_update_scan_actions[22m | sirenseal_extracted_base_color.png[39m[0m
2026-10-09T11:39:35.7076884Z [  64% ] [90m[1m_update_scan_actions[22m | trailpup_extracted_base_color.png[39m[0m
2026-10-09T11:39:35.7078094Z [  71% ] [90m[1m_update_scan_actions[22m | trailpup_extracted_emissive.png[39m[0m
2026-10-09T11:39:35.7079347Z [  78% ] [90m[1m_update_scan_actions[22m | veridian_extracted_base_color.png[39m[0m
2026-10-09T11:39:35.7080601Z [  85% ] [90m[1m_update_scan_actions[22m | veridian_extracted_emissive.png[39m[0m
2026-10-09T11:39:35.7080979Z [92m[ DONE ][39m [1m_update_scan_actions[22m
2026-10-09T11:39:35.7081155Z [0m
2026-10-09T11:39:35.7769968Z [   0% ] [90m[1mloading_editor_layout[22m | Started Loading editor (5 steps)[39m[0m
2026-10-09T11:39:35.7771268Z [   0% ] [90m[1mloading_editor_layout[22m | Loading editor layout...[39m[0m
2026-10-09T11:39:35.7771790Z [  16% ] [90m[1mloading_editor_layout[22m | Loading docks...[39m[0m
2026-10-09T11:39:35.7772137Z [92m[ DONE ][39m [1mloading_editor_layout[22m
2026-10-09T11:39:35.7772306Z [0m
2026-10-09T11:39:36.6172187Z ##[end-action id=__self.__run_4;outcome=success;conclusion=success;duration_ms=5979]
2026-10-09T11:39:36.6207905Z ##[group]Run set -uo pipefail
2026-10-09T11:39:36.6208108Z [36;1mset -uo pipefail[0m
2026-10-09T11:39:36.6208276Z [36;1mexport XDG_DATA_HOME="$RUNNER_TEMP/userdata"[0m
2026-10-09T11:39:36.6208479Z [36;1mmkdir -p "$XDG_DATA_HOME" "$RUNNER_TEMP/out"[0m
2026-10-09T11:39:36.6208668Z [36;1mread -r -a user_args <<< "$ARGS"[0m
2026-10-09T11:39:36.6208824Z [36;1mextra=()[0m
2026-10-09T11:39:36.6208985Z [36;1m[ ${#user_args[@]} -gt 0 ] && extra=(-- "${user_args[@]}")[0m
2026-10-09T11:39:36.6209183Z [36;1mtouch "$RUNNER_TEMP/start_marker"[0m
2026-10-09T11:39:36.6209337Z [36;1mt0=$SECONDS[0m
2026-10-09T11:39:36.6209465Z [36;1mif [ "$MODE" = render ]; then[0m
2026-10-09T11:39:36.6209618Z [36;1m  driver=opengl3[0m
2026-10-09T11:39:36.6209804Z [36;1m  if [ "$RENDERING_METHOD" = forward_plus ]; then driver=vulkan; fi[0m
2026-10-09T11:39:36.6210056Z [36;1m  timeout "$((TMIN * 60))" xvfb-run -a -s "-screen 0 ${RES}x24" \[0m
2026-10-09T11:39:36.6210441Z [36;1m    godot --path . --rendering-method "$RENDERING_METHOD" --rendering-driver "$driver" --audio-driver Dummy --resolution "$RES" \[0m
2026-10-09T11:39:36.6210815Z [36;1m    --script "$SCRIPT" "${extra[@]}" > "$RUNNER_TEMP/out/run.log" 2>&1[0m
2026-10-09T11:39:36.6211017Z [36;1melse[0m
2026-10-09T11:39:36.6211172Z [36;1m  timeout "$((TMIN * 60))" godot --headless --path . \[0m
2026-10-09T11:39:36.6211411Z [36;1m    --script "$SCRIPT" "${extra[@]}" > "$RUNNER_TEMP/out/run.log" 2>&1[0m
2026-10-09T11:39:36.6211610Z [36;1mfi[0m
2026-10-09T11:39:36.6211718Z [36;1mrc=$?[0m
2026-10-09T11:39:36.6211903Z [36;1mecho "exit=$rc took=$((SECONDS - t0))s" | tee -a "$RUNNER_TEMP/out/run.log"[0m
2026-10-09T11:39:36.6212136Z [36;1mtail -60 "$RUNNER_TEMP/out/run.log"[0m
2026-10-09T11:39:36.6212315Z [36;1mecho "$rc" > "$RUNNER_TEMP/out/exit_code"[0m
2026-10-09T11:39:36.6263352Z shell: /usr/bin/bash -e {0}
2026-10-09T11:39:36.6263495Z env:
2026-10-09T11:39:36.6263617Z   GODOT_VERSION: 4.7-stable
2026-10-09T11:39:36.6263762Z   SCRIPT: tests/smoke_settings.gd
2026-10-09T11:39:36.6263906Z   ARGS: 
2026-10-09T11:39:36.6264014Z   RES: 1280x720
2026-10-09T11:39:36.6264128Z   TMIN: 10
2026-10-09T11:39:36.6264240Z   MODE: headless
2026-10-09T11:39:36.6264366Z   RENDERING_METHOD: gl_compatibility
2026-10-09T11:39:36.6264517Z ##[endgroup]
2026-10-09T11:40:38.5511797Z ##[error]Process completed with exit code 1.
2026-10-09T11:40:38.5548363Z ##[group]Run set -uo pipefail
2026-10-09T11:40:38.5548588Z [36;1mset -uo pipefail[0m
2026-10-09T11:40:38.5548739Z [36;1mout="$RUNNER_TEMP/out"[0m
2026-10-09T11:40:38.5548899Z [36;1mmkdir -p "$out/tree" "$out/user"[0m
2026-10-09T11:40:38.5549138Z [36;1m# Every file the run created or modified in the working tree,[0m
2026-10-09T11:40:38.5549409Z [36;1m# ignored paths (shots/ etc.) included, by mtime against a marker[0m
2026-10-09T11:40:38.5549679Z [36;1m# touched just before the run. NUL-separated, so any path is safe.[0m
2026-10-09T11:40:38.5549922Z [36;1mif [ -f "$RUNNER_TEMP/start_marker" ]; then[0m
2026-10-09T11:40:38.5550143Z [36;1m  find . \( -path ./.git -o -path ./.godot \) -prune -o \[0m
2026-10-09T11:40:38.5550381Z [36;1m    -type f -newer "$RUNNER_TEMP/start_marker" -print0 \[0m
2026-10-09T11:40:38.5550608Z [36;1m    | xargs -0 -r cp --parents -t "$out/tree/"[0m
2026-10-09T11:40:38.5550793Z [36;1mfi[0m
2026-10-09T11:40:38.5550990Z [36;1m# Bare native net smokes use /tmp/net-run-<unique invocation>.[0m
2026-10-09T11:40:38.5551266Z [36;1m# Retain this run's peer logs/saves without changing their runtime paths.[0m
2026-10-09T11:40:38.5551509Z [36;1mif [ -f "$RUNNER_TEMP/start_marker" ]; then[0m
2026-10-09T11:40:38.5551691Z [36;1m  mkdir -p "$out/net-runs"[0m
2026-10-09T11:40:38.5551935Z [36;1m  find /tmp -maxdepth 1 -type d -name 'net-run-*' -newer "$RUNNER_TEMP/start_marker" \[0m
2026-10-09T11:40:38.5552203Z [36;1m    -exec cp -a -- {} "$out/net-runs/" \;[0m
2026-10-09T11:40:38.5552367Z [36;1mfi[0m
2026-10-09T11:40:38.5552537Z [36;1m# user:// minus Godot's shader cache (tens of MB nobody reads).[0m
2026-10-09T11:40:38.5552859Z [36;1m(cd "$RUNNER_TEMP/userdata" 2>/dev/null && find . -path '*/shader_cache' -prune -o -type f -print0 \[0m
2026-10-09T11:40:38.5553159Z [36;1m  | xargs -0 -r cp --parents -t "$out/user/") || true[0m
2026-10-09T11:40:38.5553416Z [36;1m# A log-spamming script can write gigabytes (a capture tool once wrote[0m
2026-10-09T11:40:38.5553700Z [36;1m# ~12 GB of run.log and godot.log). Keep the first 5 MB and last 20 MB[0m
2026-10-09T11:40:38.5553953Z [36;1m# of any log over 25 MB so the artifact stays downloadable.[0m
2026-10-09T11:40:38.5554235Z [36;1mfind "$out" -type f -name '*.log' -size +25M -print0 | while IFS= read -r -d '' f; do[0m
2026-10-09T11:40:38.5554668Z [36;1m  { head -c 5000000 "$f"; printf '\n\n[... truncated by render.yml: %s bytes total ...]\n\n' "$(stat -c%s "$f")"; tail -c 20000000 "$f"; } > "$f.cut" && mv "$f.cut" "$f"[0m
2026-10-09T11:40:38.5555007Z [36;1mdone[0m
2026-10-09T11:40:38.5555183Z [36;1mfind "$out" -type f | sed "s|$out/||" | sort > "$out/MANIFEST.txt"[0m
2026-10-09T11:40:38.5555416Z [36;1mecho "files=$(wc -l < "$out/MANIFEST.txt")"[0m
2026-10-09T11:40:38.5609866Z shell: /usr/bin/bash -e {0}
2026-10-09T11:40:38.5610018Z env:
2026-10-09T11:40:38.5610138Z   GODOT_VERSION: 4.7-stable
2026-10-09T11:40:38.5610289Z ##[endgroup]
2026-10-09T11:40:38.6117293Z files=6
2026-10-09T11:40:38.6154069Z ##[group]Run actions/upload-artifact@v4
2026-10-09T11:40:38.6154237Z with:
2026-10-09T11:40:38.6154385Z   name: render-e-cb107-settings-entry-37924904519
2026-10-09T11:40:38.6154574Z   path: /home/runner/work/_temp/out/
2026-10-09T11:40:38.6154728Z   retention-days: 7
2026-10-09T11:40:38.6154857Z   if-no-files-found: warn
2026-10-09T11:40:38.6154993Z   compression-level: 6
2026-10-09T11:40:38.6155122Z   overwrite: false
2026-10-09T11:40:38.6155249Z   include-hidden-files: false
2026-10-09T11:40:38.6155388Z env:
2026-10-09T11:40:38.6155503Z   GODOT_VERSION: 4.7-stable
2026-10-09T11:40:38.6155639Z ##[endgroup]
2026-10-09T11:40:38.7242284Z (node:2339) [DEP0040] DeprecationWarning: The `punycode` module is deprecated. Please use a userland alternative instead.
2026-10-09T11:40:38.7242896Z (Use `node --trace-deprecation ...` to show where the warning was created)
2026-10-09T11:40:38.7313210Z With the provided path, there will be 6 files uploaded
2026-10-09T11:40:38.7317625Z Artifact name is valid!
2026-10-09T11:40:38.7317918Z Root directory input is valid!
2026-10-09T11:40:39.0170905Z Beginning upload of artifact content to blob storage
2026-10-09T11:40:39.0561913Z (node:2339) [DEP0169] DeprecationWarning: `url.parse()` behavior is not standardized and prone to errors that have security implications. Use the WHATWG URL API instead. CVEs are not issued for `url.parse()` vulnerabilities.
2026-10-09T11:40:39.3810138Z Uploaded bytes 924861
2026-10-09T11:40:39.4204358Z Finished uploading artifact content to blob storage!
2026-10-09T11:40:39.4205174Z SHA256 digest of uploaded artifact zip is 8e1a0add6783624f682eeddb2952189528f48217ecff3e2af6b8bb39c0c27c2f
2026-10-09T11:40:39.4206491Z Finalizing artifact upload
2026-10-09T11:40:39.6583844Z Artifact render-e-cb107-settings-entry-37924904519.zip successfully finalized. Artifact ID 11612849915
2026-10-09T11:40:39.6584688Z Artifact render-e-cb107-settings-entry-37924904519 has been successfully uploaded! Final size is 924861 bytes. Artifact ID is 11612849915
2026-10-09T11:40:39.6589851Z Artifact download URL: https://github.com/MJohnsonWellabe/Tetherbound/actions/runs/37924904519/artifacts/11612849915
2026-10-09T11:40:39.6755853Z Post job cleanup.
2026-10-09T11:40:39.6758759Z ##[start-action display=Run actions/cache@v4;id=__14f52244-3e76-40c7-bac5-7654a0376d08.__actions_cache]
2026-10-09T11:40:39.6760258Z ##[end-action id=__14f52244-3e76-40c7-bac5-7654a0376d08.__actions_cache;outcome=skipped;conclusion=skipped;duration_ms=0]
2026-10-09T11:40:39.6761314Z ##[start-action display=Run actions/cache@v4;id=__14f52244-3e76-40c7-bac5-7654a0376d08.cache-godot]
2026-10-09T11:40:39.6762387Z ##[end-action id=__14f52244-3e76-40c7-bac5-7654a0376d08.cache-godot;outcome=skipped;conclusion=skipped;duration_ms=0]
2026-10-09T11:40:39.6800969Z Post job cleanup.
2026-10-09T11:40:39.7384350Z [command]/usr/bin/git version
2026-10-09T11:40:39.7418796Z git version 2.55.0
2026-10-09T11:40:39.7442052Z Temporarily overriding HOME='/home/runner/work/_temp/64ff17cf-d4ad-4fc7-8a99-be37d868a47f' before making global git config changes
2026-10-09T11:40:39.7443038Z Adding repository directory to the temporary git global config as a safe directory
2026-10-09T11:40:39.7446587Z [command]/usr/bin/git config --global --add safe.directory /home/runner/work/Tetherbound/Tetherbound
2026-10-09T11:40:39.7478701Z [command]/usr/bin/git config --local --name-only --get-regexp core\.sshCommand
2026-10-09T11:40:39.7506260Z [command]/usr/bin/git submodule foreach --recursive sh -c "git config --local --name-only --get-regexp 'core\.sshCommand' && git config --local --unset-all 'core.sshCommand' || :"
2026-10-09T11:40:39.7738514Z [command]/usr/bin/git config --local --name-only --get-regexp http\.https\:\/\/github\.com\/\.extraheader
2026-10-09T11:40:39.7763401Z http.https://github.com/.extraheader
2026-10-09T11:40:39.7772436Z [command]/usr/bin/git config --local --unset-all http.https://github.com/.extraheader
2026-10-09T11:40:39.7803195Z [command]/usr/bin/git submodule foreach --recursive sh -c "git config --local --name-only --get-regexp 'http\.https\:\/\/github\.com\/\.extraheader' && git config --local --unset-all 'http.https://github.com/.extraheader' || :"
2026-10-09T11:40:39.8031792Z [command]/usr/bin/git config --local --name-only --get-regexp ^includeIf\.gitdir:
2026-10-09T11:40:39.8064070Z [command]/usr/bin/git submodule foreach --recursive git config --local --show-origin --name-only --get-regexp remote.origin.url
2026-10-09T11:40:39.8391447Z Cleaning up orphan processes
2026-10-09T11:40:39.8607538Z ##[warning]Node.js 20 is deprecated. The following actions target Node.js 20 but are being forced to run on Node.js 24: actions/cache@v4, actions/checkout@v4, actions/upload-artifact@v4. For more information see: https://github.blog/changelog/2025-09-19-deprecation-of-node-20-on-github-actions-runners/
