id,biome,category,subject,location_id,route,time_of_day,weather_or_phase,pose_or_state,camera,frame_path,repro,commit,render_path,source_frame_path,tile_index,evidence_format
stormwood__catching__01-aiming-full-health,stormwood,systems,catching,,main,day,clear,01-aiming-full-health,normal,ralph/reports/VISUAL/phase2/stormwood/contact_sheet_systems_01.jpg,godot --path . --rendering-driver opengl3 --resolution 1920x1080 --script tools/phase2_capture_catch.gd -- --biome=stormwood --seed=2042 --output=res://ralph/reports/VISUAL/phase2/stormwood/repro_catching_01-aiming-full-health,d3da172fd780f614fce6da42e15f7c0b1dfa777b,GPU service Windows 1920x1080 gl_compatibility NVIDIA GeForce GTX 1060 3GB,ralph/reports/VISUAL/phase2/stormwood/systems/stormwood__catching__01-aiming-full-health.png,0,contact_sheet_tile_320x180
stormwood__catching__02-orb-in-flight,stormwood,systems,catching,,main,day,clear,02-orb-in-flight,normal,ralph/reports/VISUAL/phase2/stormwood/contact_sheet_systems_01.jpg,godot --path . --rendering-driver opengl3 --resolution 1920x1080 --script tools/phase2_capture_catch.gd -- --biome=stormwood --seed=2042 --output=res://ralph/reports/VISUAL/phase2/stormwood/repro_catching_02-orb-in-flight,d3da172fd780f614fce6da42e15f7c0b1dfa777b,GPU service Windows 1920x1080 gl_compatibility NVIDIA GeForce GTX 1060 3GB,ralph/reports/VISUAL/phase2/stormwood/systems/stormwood__catching__02-orb-in-flight.png,1,contact_sheet_tile_320x180
stormwood__catching__03-absorbing,stormwood,systems,catching,,main,day,clear,03-absorbing,normal,ralph/reports/VISUAL/phase2/stormwood/contact_sheet_systems_01.jpg,godot --path . --rendering-driver opengl3 --resolution 1920x1080 --script tools/phase2_capture_catch.gd -- --biome=stormwood --seed=2042 --output=res://ralph/reports/VISUAL/phase2/stormwood/repro_catching_03-absorbing,d3da172fd780f614fce6da42e15f7c0b1dfa777b,GPU service Windows 1920x1080 gl_compatibility NVIDIA GeForce GTX 1060 3GB,ralph/reports/VISUAL/phase2/stormwood/systems/stormwood__catching__03-absorbing.png,2,contact_sheet_tile_320x180
stormwood__catching__03-strike,stormwood,systems,catching,,main,day,clear,03-strike,normal,ralph/reports/VISUAL/phase2/stormwood/contact_sheet_systems_01.jpg,godot --path . --rendering-driver opengl3 --resolution 1920x1080 --script tools/phase2_capture_catch.gd -- --biome=stormwood --seed=2042 --output=res://ralph/reports/VISUAL/phase2/stormwood/repro_catching_03-strike,d3da172fd780f614fce6da42e15f7c0b1dfa777b,GPU service Windows 1920x1080 gl_compatibility NVIDIA GeForce GTX 1060 3GB,ralph/reports/VISUAL/phase2/stormwood/systems/stormwood__catching__03-strike.png,3,contact_sheet_tile_320x180
stormwood__catching__04-orb-resting,stormwood,systems,catching,,main,day,clear,04-orb-resting,normal,ralph/reports/VISUAL/phase2/stormwood/contact_sheet_systems_01.jpg,godot --path . --rendering-driver opengl3 --resolution 1920x1080 --script tools/phase2_capture_catch.gd -- --biome=stormwood --seed=2042 --output=res://ralph/reports/VISUAL/phase2/stormwood/repro_catching_04-orb-resting,d3da172fd780f614fce6da42e15f7c0b1dfa777b,GPU service Windows 1920x1080 gl_compatibility NVIDIA GeForce GTX 1060 3GB,ralph/reports/VISUAL/phase2/stormwood/systems/stormwood__catching__04-orb-resting.png,4,contact_sheet_tile_320x180
stormwood__catching__05-orb-shakes,stormwood,systems,catching,,main,day,clear,05-orb-shakes,normal,ralph/reports/VISUAL/phase2/stormwood/contact_sheet_systems_01.jpg,godot --path . --rendering-driver opengl3 --resolution 1920x1080 --script tools/phase2_capture_catch.gd -- --biome=stormwood --seed=2042 --output=res://ralph/reports/VISUAL/phase2/stormwood/repro_catching_05-orb-shakes,d3da172fd780f614fce6da42e15f7c0b1dfa777b,GPU service Windows 1920x1080 gl_compatibility NVIDIA GeForce GTX 1060 3GB,ralph/reports/VISUAL/phase2/stormwood/systems/stormwood__catching__05-orb-shakes.png,5,contact_sheet_tile_320x180
stormwood__catching__06-breakout,stormwood,systems,catching,,main,day,clear,06-breakout,normal,ralph/reports/VISUAL/phase2/stormwood/contact_sheet_systems_01.jpg,godot --path . --rendering-driver opengl3 --resolution 1920x1080 --script tools/phase2_capture_catch.gd -- --biome=stormwood --seed=2042 --output=res://ralph/reports/VISUAL/phase2/stormwood/repro_catching_06-breakout,d3da172fd780f614fce6da42e15f7c0b1dfa777b,GPU service Windows 1920x1080 gl_compatibility NVIDIA GeForce GTX 1060 3GB,ralph/reports/VISUAL/phase2/stormwood/systems/stormwood__catching__06-breakout.png,6,contact_sheet_tile_320x180
stormwood__catching__07-aiming-weakened,stormwood,systems,catching,,main,day,clear,07-aiming-weakened,normal,ralph/reports/VISUAL/phase2/stormwood/contact_sheet_systems_01.jpg,godot --path . --rendering-driver opengl3 --resolution 1920x1080 --script tools/phase2_capture_catch.gd -- --biome=stormwood --seed=2042 --output=res://ralph/reports/VISUAL/phase2/stormwood/repro_catching_07-aiming-weakened,d3da172fd780f614fce6da42e15f7c0b1dfa777b,GPU service Windows 1920x1080 gl_compatibility NVIDIA GeForce GTX 1060 3GB,ralph/reports/VISUAL/phase2/stormwood/systems/stormwood__catching__07-aiming-weakened.png,7,contact_sheet_tile_320x180
stormwood__catching__08-caught-verdict,stormwood,systems,catching,,main,day,clear,08-caught-verdict,normal,ralph/reports/VISUAL/phase2/stormwood/contact_sheet_systems_01.jpg,godot --path . --rendering-driver opengl3 --resolution 1920x1080 --script tools/phase2_capture_catch.gd -- --biome=stormwood --seed=2042 --output=res://ralph/reports/VISUAL/phase2/stormwood/repro_catching_08-caught-verdict,d3da172fd780f614fce6da42e15f7c0b1dfa777b,GPU service Windows 1920x1080 gl_compatibility NVIDIA GeForce GTX 1060 3GB,ralph/reports/VISUAL/phase2/stormwood/systems/stormwood__catching__08-caught-verdict.png,8,contact_sheet_tile_320x180
stormwood__catching__09-caught-banner,stormwood,systems,catching,,main,day,clear,09-caught-banner,normal,ralph/reports/VISUAL/phase2/stormwood/contact_sheet_systems_01.jpg,godot --path . --rendering-driver opengl3 --resolution 1920x1080 --script tools/phase2_capture_catch.gd -- --biome=stormwood --seed=2042 --output=res://ralph/reports/VISUAL/phase2/stormwood/repro_catching_09-caught-banner,d3da172fd780f614fce6da42e15f7c0b1dfa777b,GPU service Windows 1920x1080 gl_compatibility NVIDIA GeForce GTX 1060 3GB,ralph/reports/VISUAL/phase2/stormwood/systems/stormwood__catching__09-caught-banner.png,9,contact_sheet_tile_320x180
stormwood__catching__catch_high,stormwood,systems,catching,,main,day,clear,catch_high,normal,ralph/reports/VISUAL/phase2/stormwood/contact_sheet_systems_01.jpg,godot --path . --rendering-driver opengl3 --resolution 1920x1080 --script tools/phase2_capture_catch.gd -- --biome=stormwood --seed=2042 --output=res://ralph/reports/VISUAL/phase2/stormwood/repro_catching_catch_high,d3da172fd780f614fce6da42e15f7c0b1dfa777b,GPU service Windows 1920x1080 gl_compatibility NVIDIA GeForce GTX 1060 3GB,ralph/reports/VISUAL/phase2/stormwood/systems/stormwood__catching__catch_high.png,10,contact_sheet_tile_320x180
stormwood__catching__catch_low,stormwood,systems,catching,,main,day,clear,catch_low,normal,ralph/reports/VISUAL/phase2/stormwood/contact_sheet_systems_01.jpg,godot --path . --rendering-driver opengl3 --resolution 1920x1080 --script tools/phase2_capture_catch.gd -- --biome=stormwood --seed=2042 --output=res://ralph/reports/VISUAL/phase2/stormwood/repro_catching_catch_low,d3da172fd780f614fce6da42e15f7c0b1dfa777b,GPU service Windows 1920x1080 gl_compatibility NVIDIA GeForce GTX 1060 3GB,ralph/reports/VISUAL/phase2/stormwood/systems/stormwood__catching__catch_low.png,11,contact_sheet_tile_320x180
stormwood__cinder_verge__01__the_struck_sentinel__day__approach,stormwood,named_locations,The Struck Sentinel,stormwood__cinder_verge__01__the_struck_sentinel,off,day,unmeasured,approach,normal,ralph/reports/VISUAL/phase2/stormwood/contact_sheet_named_locations_01.jpg,godot --path . --rendering-driver opengl3 --resolution 1920x1080 --script tools/phase2_capture_locations.gd -- --biome=stormwood --subset=stormwood__cinder_verge__01__the_struck_sentinel --times=day --views=approach --seed=2042 --output=res://ralph/reports/VISUAL/phase2/stormwood/repro/stormwood__cinder_verge__01__the_struck_sentinel__day__approach,99274a3cfa654d2a5a655a91635db736829f236a,native GPU Compatibility,ralph/reports/VISUAL/phase2/stormwood/locations/stormwood__cinder_verge__01__the_struck_sentinel__day__approach.jpg,0,contact_sheet_tile_320x180
stormwood__cinder_verge__01__the_struck_sentinel__day__close,stormwood,named_locations,The Struck Sentinel,stormwood__cinder_verge__01__the_struck_sentinel,off,day,unmeasured,close,close,ralph/reports/VISUAL/phase2/stormwood/contact_sheet_named_locations_01.jpg,godot --path . --rendering-driver opengl3 --resolution 1920x1080 --script tools/phase2_capture_locations.gd -- --biome=stormwood --subset=stormwood__cinder_verge__01__the_struck_sentinel --times=day --views=close --seed=2042 --output=res://ralph/reports/VISUAL/phase2/stormwood/repro/stormwood__cinder_verge__01__the_struck_sentinel__day__close,99274a3cfa654d2a5a655a91635db736829f236a,native GPU Compatibility,ralph/reports/VISUAL/phase2/stormwood/locations/stormwood__cinder_verge__01__the_struck_sentinel__day__close.jpg,1,contact_sheet_tile_320x180
stormwood__cinder_verge__01__the_struck_sentinel__day__close__break,stormwood,time_and_weather,The Struck Sentinel,stormwood__cinder_verge__01__the_struck_sentinel,off,day,break,close,close,ralph/reports/VISUAL/phase2/stormwood/contact_sheet_time_and_weather_01.jpg,godot --path . --rendering-driver opengl3 --resolution 1920x1080 --script tools/phase2_capture_storm_phases.gd -- --biome=stormwood --subset=stormwood__cinder_verge__01__the_struck_sentinel --seed=2042 --output=res://ralph/reports/VISUAL/phase2/stormwood/repro/stormwood__cinder_verge__01__the_struck_sentinel__day__close__break,1d8dfc431f34747b6b7ae016e7757ae362f3fce1,native GPU Compatibility,ralph/reports/VISUAL/phase2/stormwood/weather/stormwood__cinder_verge__01__the_struck_sentinel__day__close__break.jpg,0,contact_sheet_tile_320x180
stormwood__cinder_verge__01__the_struck_sentinel__day__close__building,stormwood,time_and_weather,The Struck Sentinel,stormwood__cinder_verge__01__the_struck_sentinel,off,day,building,close,close,ralph/reports/VISUAL/phase2/stormwood/contact_sheet_time_and_weather_01.jpg,godot --path . --rendering-driver opengl3 --resolution 1920x1080 --script tools/phase2_capture_storm_phases.gd -- --biome=stormwood --subset=stormwood__cinder_verge__01__the_struck_sentinel --seed=2042 --output=res://ralph/reports/VISUAL/phase2/stormwood/repro/stormwood__cinder_verge__01__the_struck_sentinel__day__close__building,1d8dfc431f34747b6b7ae016e7757ae362f3fce1,native GPU Compatibility,ralph/reports/VISUAL/phase2/stormwood/weather/stormwood__cinder_verge__01__the_struck_sentinel__day__close__building.jpg,1,contact_sheet_tile_320x180
stormwood__cinder_verge__01__the_struck_sentinel__day__close__calm,stormwood,time_and_weather,The Struck Sentinel,stormwood__cinder_verge__01__the_struck_sentinel,off,day,calm,close,close,ralph/reports/VISUAL/phase2/stormwood/contact_sheet_time_and_weather_01.jpg,godot --path . --rendering-driver opengl3 --resolution 1920x1080 --script tools/phase2_capture_storm_phases.gd -- --biome=stormwood --subset=stormwood__cinder_verge__01__the_struck_sentinel --seed=2042 --output=res://ralph/reports/VISUAL/phase2/stormwood/repro/stormwood__cinder_verge__01__the_struck_sentinel__day__close__calm,1d8dfc431f34747b6b7ae016e7757ae362f3fce1,native GPU Compatibility,ralph/reports/VISUAL/phase2/stormwood/weather/stormwood__cinder_verge__01__the_struck_sentinel__day__close__calm.jpg,2,contact_sheet_tile_320x180
stormwood__cinder_verge__01__the_struck_sentinel__day__close__fading,stormwood,time_and_weather,The Struck Sentinel,stormwood__cinder_verge__01__the_struck_sentinel,off,day,fading,close,close,ralph/reports/VISUAL/phase2/stormwood/contact_sheet_time_and_weather_01.jpg,godot --path . --rendering-driver opengl3 --resolution 1920x1080 --script tools/phase2_capture_storm_phases.gd -- --biome=stormwood --subset=stormwood__cinder_verge__01__the_struck_sentinel --seed=2042 --output=res://ralph/reports/VISUAL/phase2/stormwood/repro/stormwood__cinder_verge__01__the_struck_sentinel__day__close__fading,1d8dfc431f34747b6b7ae016e7757ae362f3fce1,native GPU Compatibility,ralph/reports/VISUAL/phase2/stormwood/weather/stormwood__cinder_verge__01__the_struck_sentinel__day__close__fading.jpg,3,contact_sheet_tile_320x180
stormwood__cinder_verge__01__the_struck_sentinel__golden__approach,stormwood,named_locations,The Struck Sentinel,stormwood__cinder_verge__01__the_struck_sentinel,off,dusk,unmeasured,approach,normal,ralph/reports/VISUAL/phase2/stormwood/contact_sheet_named_locations_01.jpg,godot --path . --rendering-driver opengl3 --resolution 1920x1080 --script tools/phase2_capture_locations.gd -- --biome=stormwood --subset=stormwood__cinder_verge__01__the_struck_sentinel --times=golden --views=approach --seed=2042 --output=res://ralph/reports/VISUAL/phase2/stormwood/repro/stormwood__cinder_verge__01__the_struck_sentinel__golden__approach,99274a3cfa654d2a5a655a91635db736829f236a,native GPU Compatibility,ralph/reports/VISUAL/phase2/stormwood/locations/stormwood__cinder_verge__01__the_struck_sentinel__golden__approach.jpg,2,contact_sheet_tile_320x180
stormwood__cinder_verge__01__the_struck_sentinel__golden__close,stormwood,named_locations,The Struck Sentinel,stormwood__cinder_verge__01__the_struck_sentinel,off,dusk,unmeasured,close,close,ralph/reports/VISUAL/phase2/stormwood/contact_sheet_named_locations_01.jpg,godot --path . --rendering-driver opengl3 --resolution 1920x1080 --script tools/phase2_capture_locations.gd -- --biome=stormwood --subset=stormwood__cinder_verge__01__the_struck_sentinel --times=golden --views=close --seed=2042 --output=res://ralph/reports/VISUAL/phase2/stormwood/repro/stormwood__cinder_verge__01__the_struck_sentinel__golden__close,99274a3cfa654d2a5a655a91635db736829f236a,native GPU Compatibility,ralph/reports/VISUAL/phase2/stormwood/locations/stormwood__cinder_verge__01__the_struck_sentinel__golden__close.jpg,3,contact_sheet_tile_320x180
stormwood__cinder_verge__01__the_struck_sentinel__night__approach,stormwood,named_locations,The Struck Sentinel,stormwood__cinder_verge__01__the_struck_sentinel,off,night,unmeasured,approach,normal,ralph/reports/VISUAL/phase2/stormwood/contact_sheet_named_locations_01.jpg,godot --path . --rendering-driver opengl3 --resolution 1920x1080 --script tools/phase2_capture_locations.gd -- --biome=stormwood --subset=stormwood__cinder_verge__01__the_struck_sentinel --times=night --views=approach --seed=2042 --output=res://ralph/reports/VISUAL/phase2/stormwood/repro/stormwood__cinder_verge__01__the_struck_sentinel__night__approach,99274a3cfa654d2a5a655a91635db736829f236a,native GPU Compatibility,ralph/reports/VISUAL/phase2/stormwood/locations/stormwood__cinder_verge__01__the_struck_sentinel__night__approach.jpg,4,contact_sheet_tile_320x180
stormwood__cinder_verge__01__the_struck_sentinel__night__close,stormwood,named_locations,The Struck Sentinel,stormwood__cinder_verge__01__the_struck_sentinel,off,night,unmeasured,close,close,ralph/reports/VISUAL/phase2/stormwood/contact_sheet_named_locations_01.jpg,godot --path . --rendering-driver opengl3 --resolution 1920x1080 --script tools/phase2_capture_locations.gd -- --biome=stormwood --subset=stormwood__cinder_verge__01__the_struck_sentinel --times=night --views=close --seed=2042 --output=res://ralph/reports/VISUAL/phase2/stormwood/repro/stormwood__cinder_verge__01__the_struck_sentinel__night__close,99274a3cfa654d2a5a655a91635db736829f236a,native GPU Compatibility,ralph/reports/VISUAL/phase2/stormwood/locations/stormwood__cinder_verge__01__the_struck_sentinel__night__close.jpg,5,contact_sheet_tile_320x180
stormwood__cinder_verge__01__the_struck_sentinel__route_day,stormwood,route_and_terrain,stormwood / cinder verge / 01 / the struck sentinel,stormwood__cinder_verge__01__the_struck_sentinel,main,day,calm,close,close,ralph/reports/VISUAL/phase2/stormwood/contact_sheet_route_and_terrain_01.jpg,godot --path . --rendering-driver opengl3 --resolution 1920x1080 --script tools/phase2_capture_routes.gd -- --biome=stormwood --subset=stormwood__cinder_verge__01__the_struck_sentinel --seed=2042 --output=res://ralph/reports/VISUAL/phase2/stormwood/repro/stormwood__cinder_verge__01__the_struck_sentinel__route_day,1d8dfc431f34747b6b7ae016e7757ae362f3fce1,native GPU Compatibility,ralph/reports/VISUAL/phase2/stormwood/routes/stormwood__cinder_verge__01__the_struck_sentinel__route_day.jpg,0,contact_sheet_tile_320x180
stormwood__cinder_verge__01__the_struck_sentinel__vista_dusk,stormwood,route_and_terrain,stormwood / cinder verge / 01 / the struck sentinel,stormwood__cinder_verge__01__the_struck_sentinel,main,dusk,calm,vista,vista,ralph/reports/VISUAL/phase2/stormwood/contact_sheet_route_and_terrain_01.jpg,godot --path . --rendering-driver opengl3 --resolution 1920x1080 --script tools/phase2_capture_routes.gd -- --biome=stormwood --subset=stormwood__cinder_verge__01__the_struck_sentinel --seed=2042 --output=res://ralph/reports/VISUAL/phase2/stormwood/repro/stormwood__cinder_verge__01__the_struck_sentinel__vista_dusk,1d8dfc431f34747b6b7ae016e7757ae362f3fce1,native GPU Compatibility,ralph/reports/VISUAL/phase2/stormwood/routes/stormwood__cinder_verge__01__the_struck_sentinel__vista_dusk.jpg,1,contact_sheet_tile_320x180
stormwood__cinder_verge__01__the_struck_sentinel__walk_01_day,stormwood,route_and_terrain,stormwood / cinder verge / 01 / the struck sentinel,stormwood__cinder_verge__01__the_struck_sentinel,off,day,calm,close,close,ralph/reports/VISUAL/phase2/stormwood/contact_sheet_route_and_terrain_01.jpg,godot --path . --rendering-driver opengl3 --resolution 1920x1080 --script tools/phase2_capture_routes.gd -- --biome=stormwood --subset=stormwood__cinder_verge__01__the_struck_sentinel --seed=2042 --output=res://ralph/reports/VISUAL/phase2/stormwood/repro/stormwood__cinder_verge__01__the_struck_sentinel__walk_01_day,1d8dfc431f34747b6b7ae016e7757ae362f3fce1,native GPU Compatibility,ralph/reports/VISUAL/phase2/stormwood/routes/stormwood__cinder_verge__01__the_struck_sentinel__walk_01_day.jpg,2,contact_sheet_tile_320x180
stormwood__cinder_verge__01__the_struck_sentinel__walk_02_day,stormwood,route_and_terrain,stormwood / cinder verge / 01 / the struck sentinel,stormwood__cinder_verge__01__the_struck_sentinel,off,day,calm,close,close,ralph/reports/VISUAL/phase2/stormwood/contact_sheet_route_and_terrain_01.jpg,godot --path . --rendering-driver opengl3 --resolution 1920x1080 --script tools/phase2_capture_routes.gd -- --biome=stormwood --subset=stormwood__cinder_verge__01__the_struck_sentinel --seed=2042 --output=res://ralph/reports/VISUAL/phase2/stormwood/repro/stormwood__cinder_verge__01__the_struck_sentinel__walk_02_day,1d8dfc431f34747b6b7ae016e7757ae362f3fce1,native GPU Compatibility,ralph/reports/VISUAL/phase2/stormwood/routes/stormwood__cinder_verge__01__the_struck_sentinel__walk_02_day.jpg,3,contact_sheet_tile_320x180
stormwood__cinder_verge__01__the_struck_sentinel__walk_03_day,stormwood,route_and_terrain,stormwood / cinder verge / 01 / the struck sentinel,stormwood__cinder_verge__01__the_struck_sentinel,off,day,calm,close,close,ralph/reports/VISUAL/phase2/stormwood/contact_sheet_route_and_terrain_01.jpg,godot --path . --rendering-driver opengl3 --resolution 1920x1080 --script tools/phase2_capture_routes.gd -- --biome=stormwood --subset=stormwood__cinder_verge__01__the_struck_sentinel --seed=2042 --output=res://ralph/reports/VISUAL/phase2/stormwood/repro/stormwood__cinder_verge__01__the_struck_sentinel__walk_03_day,1d8dfc431f34747b6b7ae016e7757ae362f3fce1,native GPU Compatibility,ralph/reports/VISUAL/phase2/stormwood/routes/stormwood__cinder_verge__01__the_struck_sentinel__walk_03_day.jpg,4,contact_sheet_tile_320x180
stormwood__cinder_verge__02__verge_rod_station__day__approach,stormwood,named_locations,Verge Rod Station,stormwood__cinder_verge__02__verge_rod_station,off,day,unmeasured,approach,normal,ralph/reports/VISUAL/phase2/stormwood/contact_sheet_named_locations_01.jpg,godot --path . --rendering-driver opengl3 --resolution 1920x1080 --script tools/phase2_capture_locations.gd -- --biome=stormwood --subset=stormwood__cinder_verge__02__verge_rod_station --times=day --views=approach --seed=2042 --output=res://ralph/reports/VISUAL/phase2/stormwood/repro/stormwood__cinder_verge__02__verge_rod_station__day__approach,99274a3cfa654d2a5a655a91635db736829f236a,native GPU Compatibility,ralph/reports/VISUAL/phase2/stormwood/locations/stormwood__cinder_verge__02__verge_rod_station__day__approach.jpg,6,contact_sheet_tile_320x180
stormwood__cinder_verge__02__verge_rod_station__day__close,stormwood,named_locations,Verge Rod Station,stormwood__cinder_verge__02__verge_rod_station,off,day,unmeasured,close,close,ralph/reports/VISUAL/phase2/stormwood/contact_sheet_named_locations_01.jpg,godot --path . --rendering-driver opengl3 --resolution 1920x1080 --script tools/phase2_capture_locations.gd -- --biome=stormwood --subset=stormwood__cinder_verge__02__verge_rod_station --times=day --views=close --seed=2042 --output=res://ralph/reports/VISUAL/phase2/stormwood/repro/stormwood__cinder_verge__02__verge_rod_station__day__close,99274a3cfa654d2a5a655a91635db736829f236a,native GPU Compatibility,ralph/reports/VISUAL/phase2/stormwood/locations/stormwood__cinder_verge__02__verge_rod_station__day__close.jpg,7,contact_sheet_tile_320x180
stormwood__cinder_verge__02__verge_rod_station__golden__approach,stormwood,named_locations,Verge Rod Station,stormwood__cinder_verge__02__verge_rod_station,off,dusk,unmeasured,approach,normal,ralph/reports/VISUAL/phase2/stormwood/contact_sheet_named_locations_01.jpg,godot --path . --rendering-driver opengl3 --resolution 1920x1080 --script tools/phase2_capture_locations.gd -- --biome=stormwood --subset=stormwood__cinder_verge__02__verge_rod_station --times=golden --views=approach --seed=2042 --output=res://ralph/reports/VISUAL/phase2/stormwood/repro/stormwood__cinder_verge__02__verge_rod_station__golden__approach,99274a3cfa654d2a5a655a91635db736829f236a,native GPU Compatibility,ralph/reports/VISUAL/phase2/stormwood/locations/stormwood__cinder_verge__02__verge_rod_station__golden__approach.jpg,8,contact_sheet_tile_320x180
stormwood__cinder_verge__02__verge_rod_station__golden__close,stormwood,named_locations,Verge Rod Station,stormwood__cinder_verge__02__verge_rod_station,off,dusk,unmeasured,close,close,ralph/reports/VISUAL/phase2/stormwood/contact_sheet_named_locations_01.jpg,godot --path . --rendering-driver opengl3 --resolution 1920x1080 --script tools/phase2_capture_locations.gd -- --biome=stormwood --subset=stormwood__cinder_verge__02__verge_rod_station --times=golden --views=close --seed=2042 --output=res://ralph/reports/VISUAL/phase2/stormwood/repro/stormwood__cinder_verge__02__verge_rod_station__golden__close,99274a3cfa654d2a5a655a91635db736829f236a,native GPU Compatibility,ralph/reports/VISUAL/phase2/stormwood/locations/stormwood__cinder_verge__02__verge_rod_station__golden__close.jpg,9,contact_sheet_tile_320x180
stormwood__cinder_verge__02__verge_rod_station__night__approach,stormwood,named_locations,Verge Rod Station,stormwood__cinder_verge__02__verge_rod_station,off,night,unmeasured,approach,normal,ralph/reports/VISUAL/phase2/stormwood/contact_sheet_named_locations_01.jpg,godot --path . --rendering-driver opengl3 --resolution 1920x1080 --script tools/phase2_capture_locations.gd -- --biome=stormwood --subset=stormwood__cinder_verge__02__verge_rod_station --times=night --views=approach --seed=2042 --output=res://ralph/reports/VISUAL/phase2/stormwood/repro/stormwood__cinder_verge__02__verge_rod_station__night__approach,99274a3cfa654d2a5a655a91635db736829f236a,native GPU Compatibility,ralph/reports/VISUAL/phase2/stormwood/locations/stormwood__cinder_verge__02__verge_rod_station__night__approach.jpg,10,contact_sheet_tile_320x180
stormwood__cinder_verge__02__verge_rod_station__night__close,stormwood,named_locations,Verge Rod Station,stormwood__cinder_verge__02__verge_rod_station,off,night,unmeasured,close,close,ralph/reports/VISUAL/phase2/stormwood/contact_sheet_named_locations_01.jpg,godot --path . --rendering-driver opengl3 --resolution 1920x1080 --script tools/phase2_capture_locations.gd -- --biome=stormwood --subset=stormwood__cinder_verge__02__verge_rod_station --times=night --views=close --seed=2042 --output=res://ralph/reports/VISUAL/phase2/stormwood/repro/stormwood__cinder_verge__02__verge_rod_station__night__close,99274a3cfa654d2a5a655a91635db736829f236a,native GPU Compatibility,ralph/reports/VISUAL/phase2/stormwood/locations/stormwood__cinder_verge__02__verge_rod_station__night__close.jpg,11,contact_sheet_tile_320x180
stormwood__cinder_verge__02__verge_rod_station__route_day,stormwood,route_and_terrain,stormwood / cinder verge / 02 / verge rod station,stormwood__cinder_verge__02__verge_rod_station,main,day,calm,close,close,ralph/reports/VISUAL/phase2/stormwood/contact_sheet_route_and_terrain_01.jpg,godot --path . --rendering-driver opengl3 --resolution 1920x1080 --script tools/phase2_capture_routes.gd -- --biome=stormwood --subset=stormwood__cinder_verge__02__verge_rod_station --seed=2042 --output=res://ralph/reports/VISUAL/phase2/stormwood/repro/stormwood__cinder_verge__02__verge_rod_station__route_day,1d8dfc431f34747b6b7ae016e7757ae362f3fce1,native GPU Compatibility,ralph/reports/VISUAL/phase2/stormwood/routes/stormwood__cinder_verge__02__verge_rod_station__route_day.jpg,5,contact_sheet_tile_320x180
stormwood__cinder_verge__02__verge_rod_station__vista_dusk,stormwood,route_and_terrain,stormwood / cinder verge / 02 / verge rod station,stormwood__cinder_verge__02__verge_rod_station,main,dusk,calm,vista,vista,ralph/reports/VISUAL/phase2/stormwood/contact_sheet_route_and_terrain_01.jpg,godot --path . --rendering-driver opengl3 --resolution 1920x1080 --script tools/phase2_capture_routes.gd -- --biome=stormwood --subset=stormwood__cinder_verge__02__verge_rod_station --seed=2042 --output=res://ralph/reports/VISUAL/phase2/stormwood/repro/stormwood__cinder_verge__02__verge_rod_station__vista_dusk,1d8dfc431f34747b6b7ae016e7757ae362f3fce1,native GPU Compatibility,ralph/reports/VISUAL/phase2/stormwood/routes/stormwood__cinder_verge__02__verge_rod_station__vista_dusk.jpg,6,contact_sheet_tile_320x180
stormwood__cinder_verge__02__verge_rod_station__walk_01_day,stormwood,route_and_terrain,stormwood / cinder verge / 02 / verge rod station,stormwood__cinder_verge__02__verge_rod_station,off,day,calm,close,close,ralph/reports/VISUAL/phase2/stormwood/contact_sheet_route_and_terrain_01.jpg,godot --path . --rendering-driver opengl3 --resolution 1920x1080 --script tools/phase2_capture_routes.gd -- --biome=stormwood --subset=stormwood__cinder_verge__02__verge_rod_station --seed=2042 --output=res://ralph/reports/VISUAL/phase2/stormwood/repro/stormwood__cinder_verge__02__verge_rod_station__walk_01_day,1d8dfc431f34747b6b7ae016e7757ae362f3fce1,native GPU Compatibility,ralph/reports/VISUAL/phase2/stormwood/routes/stormwood__cinder_verge__02__verge_rod_station__walk_01_day.jpg,7,contact_sheet_tile_320x180
stormwood__cinder_verge__02__verge_rod_station__walk_02_day,stormwood,route_and_terrain,stormwood / cinder verge / 02 / verge rod station,stormwood__cinder_verge__02__verge_rod_station,off,day,calm,close,close,ralph/reports/VISUAL/phase2/stormwood/contact_sheet_route_and_terrain_01.jpg,godot --path . --rendering-driver opengl3 --resolution 1920x1080 --script tools/phase2_capture_routes.gd -- --biome=stormwood --subset=stormwood__cinder_verge__02__verge_rod_station --seed=2042 --output=res://ralph/reports/VISUAL/phase2/stormwood/repro/stormwood__cinder_verge__02__verge_rod_station__walk_02_day,1d8dfc431f34747b6b7ae016e7757ae362f3fce1,native GPU Compatibility,ralph/reports/VISUAL/phase2/stormwood/routes/stormwood__cinder_verge__02__verge_rod_station__walk_02_day.jpg,8,contact_sheet_tile_320x180
stormwood__cinder_verge__02__verge_rod_station__walk_03_day,stormwood,route_and_terrain,stormwood / cinder verge / 02 / verge rod station,stormwood__cinder_verge__02__verge_rod_station,off,day,calm,close,close,ralph/reports/VISUAL/phase2/stormwood/contact_sheet_route_and_terrain_01.jpg,godot --path . --rendering-driver opengl3 --resolution 1920x1080 --script tools/phase2_capture_routes.gd -- --biome=stormwood --subset=stormwood__cinder_verge__02__verge_rod_station --seed=2042 --output=res://ralph/reports/VISUAL/phase2/stormwood/repro/stormwood__cinder_verge__02__verge_rod_station__walk_03_day,1d8dfc431f34747b6b7ae016e7757ae362f3fce1,native GPU Compatibility,ralph/reports/VISUAL/phase2/stormwood/routes/stormwood__cinder_verge__02__verge_rod_station__walk_03_day.jpg,9,contact_sheet_tile_320x180
stormwood__conductor_run__05__rodline_post__day__approach,stormwood,named_locations,Rodline Post,stormwood__conductor_run__05__rodline_post,off,day,unmeasured,approach,normal,ralph/reports/VISUAL/phase2/stormwood/contact_sheet_named_locations_01.jpg,godot --path . --rendering-driver opengl3 --resolution 1920x1080 --script tools/phase2_capture_locations.gd -- --biome=stormwood --subset=stormwood__conductor_run__05__rodline_post --times=day --views=approach --seed=2042 --output=res://ralph/reports/VISUAL/phase2/stormwood/repro/stormwood__conductor_run__05__rodline_post__day__approach,99274a3cfa654d2a5a655a91635db736829f236a,native GPU Compatibility,ralph/reports/VISUAL/phase2/stormwood/locations/stormwood__conductor_run__05__rodline_post__day__approach.jpg,12,contact_sheet_tile_320x180
stormwood__conductor_run__05__rodline_post__day__close,stormwood,named_locations,Rodline Post,stormwood__conductor_run__05__rodline_post,off,day,unmeasured,close,close,ralph/reports/VISUAL/phase2/stormwood/contact_sheet_named_locations_01.jpg,godot --path . --rendering-driver opengl3 --resolution 1920x1080 --script tools/phase2_capture_locations.gd -- --biome=stormwood --subset=stormwood__conductor_run__05__rodline_post --times=day --views=close --seed=2042 --output=res://ralph/reports/VISUAL/phase2/stormwood/repro/stormwood__conductor_run__05__rodline_post__day__close,99274a3cfa654d2a5a655a91635db736829f236a,native GPU Compatibility,ralph/reports/VISUAL/phase2/stormwood/locations/stormwood__conductor_run__05__rodline_post__day__close.jpg,13,contact_sheet_tile_320x180
stormwood__conductor_run__05__rodline_post__golden__approach,stormwood,named_locations,Rodline Post,stormwood__conductor_run__05__rodline_post,off,dusk,unmeasured,approach,normal,ralph/reports/VISUAL/phase2/stormwood/contact_sheet_named_locations_01.jpg,godot --path . --rendering-driver opengl3 --resolution 1920x1080 --script tools/phase2_capture_locations.gd -- --biome=stormwood --subset=stormwood__conductor_run__05__rodline_post --times=golden --views=approach --seed=2042 --output=res://ralph/reports/VISUAL/phase2/stormwood/repro/stormwood__conductor_run__05__rodline_post__golden__approach,99274a3cfa654d2a5a655a91635db736829f236a,native GPU Compatibility,ralph/reports/VISUAL/phase2/stormwood/locations/stormwood__conductor_run__05__rodline_post__golden__approach.jpg,14,contact_sheet_tile_320x180
stormwood__conductor_run__05__rodline_post__golden__close,stormwood,named_locations,Rodline Post,stormwood__conductor_run__05__rodline_post,off,dusk,unmeasured,close,close,ralph/reports/VISUAL/phase2/stormwood/contact_sheet_named_locations_01.jpg,godot --path . --rendering-driver opengl3 --resolution 1920x1080 --script tools/phase2_capture_locations.gd -- --biome=stormwood --subset=stormwood__conductor_run__05__rodline_post --times=golden --views=close --seed=2042 --output=res://ralph/reports/VISUAL/phase2/stormwood/repro/stormwood__conductor_run__05__rodline_post__golden__close,99274a3cfa654d2a5a655a91635db736829f236a,native GPU Compatibility,ralph/reports/VISUAL/phase2/stormwood/locations/stormwood__conductor_run__05__rodline_post__golden__close.jpg,15,contact_sheet_tile_320x180
stormwood__conductor_run__05__rodline_post__night__approach,stormwood,named_locations,Rodline Post,stormwood__conductor_run__05__rodline_post,off,night,unmeasured,approach,normal,ralph/reports/VISUAL/phase2/stormwood/contact_sheet_named_locations_01.jpg,godot --path . --rendering-driver opengl3 --resolution 1920x1080 --script tools/phase2_capture_locations.gd -- --biome=stormwood --subset=stormwood__conductor_run__05__rodline_post --times=night --views=approach --seed=2042 --output=res://ralph/reports/VISUAL/phase2/stormwood/repro/stormwood__conductor_run__05__rodline_post__night__approach,99274a3cfa654d2a5a655a91635db736829f236a,native GPU Compatibility,ralph/reports/VISUAL/phase2/stormwood/locations/stormwood__conductor_run__05__rodline_post__night__approach.jpg,16,contact_sheet_tile_320x180
stormwood__conductor_run__05__rodline_post__night__close,stormwood,named_locations,Rodline Post,stormwood__conductor_run__05__rodline_post,off,night,unmeasured,close,close,ralph/reports/VISUAL/phase2/stormwood/contact_sheet_named_locations_01.jpg,godot --path . --rendering-driver opengl3 --resolution 1920x1080 --script tools/phase2_capture_locations.gd -- --biome=stormwood --subset=stormwood__conductor_run__05__rodline_post --times=night --views=close --seed=2042 --output=res://ralph/reports/VISUAL/phase2/stormwood/repro/stormwood__conductor_run__05__rodline_post__night__close,99274a3cfa654d2a5a655a91635db736829f236a,native GPU Compatibility,ralph/reports/VISUAL/phase2/stormwood/locations/stormwood__conductor_run__05__rodline_post__night__close.jpg,17,contact_sheet_tile_320x180
stormwood__conductor_run__05__rodline_post__route_day,stormwood,route_and_terrain,stormwood / conductor run / 05 / rodline post,stormwood__conductor_run__05__rodline_post,main,day,calm,close,close,ralph/reports/VISUAL/phase2/stormwood/contact_sheet_route_and_terrain_01.jpg,godot --path . --rendering-driver opengl3 --resolution 1920x1080 --script tools/phase2_capture_routes.gd -- --biome=stormwood --subset=stormwood__conductor_run__05__rodline_post --seed=2042 --output=res://ralph/reports/VISUAL/phase2/stormwood/repro/stormwood__conductor_run__05__rodline_post__route_day,1d8dfc431f34747b6b7ae016e7757ae362f3fce1,native GPU Compatibility,ralph/reports/VISUAL/phase2/stormwood/routes/stormwood__conductor_run__05__rodline_post__route_day.jpg,10,contact_sheet_tile_320x180
stormwood__conductor_run__05__rodline_post__vista_dusk,stormwood,route_and_terrain,stormwood / conductor run / 05 / rodline post,stormwood__conductor_run__05__rodline_post,main,dusk,calm,vista,vista,ralph/reports/VISUAL/phase2/stormwood/contact_sheet_route_and_terrain_01.jpg,godot --path . --rendering-driver opengl3 --resolution 1920x1080 --script tools/phase2_capture_routes.gd -- --biome=stormwood --subset=stormwood__conductor_run__05__rodline_post --seed=2042 --output=res://ralph/reports/VISUAL/phase2/stormwood/repro/stormwood__conductor_run__05__rodline_post__vista_dusk,1d8dfc431f34747b6b7ae016e7757ae362f3fce1,native GPU Compatibility,ralph/reports/VISUAL/phase2/stormwood/routes/stormwood__conductor_run__05__rodline_post__vista_dusk.jpg,11,contact_sheet_tile_320x180
stormwood__conductor_run__05__rodline_post__walk_01_day,stormwood,route_and_terrain,stormwood / conductor run / 05 / rodline post,stormwood__conductor_run__05__rodline_post,off,day,calm,close,close,ralph/reports/VISUAL/phase2/stormwood/contact_sheet_route_and_terrain_01.jpg,godot --path . --rendering-driver opengl3 --resolution 1920x1080 --script tools/phase2_capture_routes.gd -- --biome=stormwood --subset=stormwood__conductor_run__05__rodline_post --seed=2042 --output=res://ralph/reports/VISUAL/phase2/stormwood/repro/stormwood__conductor_run__05__rodline_post__walk_01_day,1d8dfc431f34747b6b7ae016e7757ae362f3fce1,native GPU Compatibility,ralph/reports/VISUAL/phase2/stormwood/routes/stormwood__conductor_run__05__rodline_post__walk_01_day.jpg,12,contact_sheet_tile_320x180
stormwood__conductor_run__05__rodline_post__walk_02_day,stormwood,route_and_terrain,stormwood / conductor run / 05 / rodline post,stormwood__conductor_run__05__rodline_post,off,day,calm,close,close,ralph/reports/VISUAL/phase2/stormwood/contact_sheet_route_and_terrain_01.jpg,godot --path . --rendering-driver opengl3 --resolution 1920x1080 --script tools/phase2_capture_routes.gd -- --biome=stormwood --subset=stormwood__conductor_run__05__rodline_post --seed=2042 --output=res://ralph/reports/VISUAL/phase2/stormwood/repro/stormwood__conductor_run__05__rodline_post__walk_02_day,1d8dfc431f34747b6b7ae016e7757ae362f3fce1,native GPU Compatibility,ralph/reports/VISUAL/phase2/stormwood/routes/stormwood__conductor_run__05__rodline_post__walk_02_day.jpg,13,contact_sheet_tile_320x180
stormwood__conductor_run__05__rodline_post__walk_03_day,stormwood,route_and_terrain,stormwood / conductor run / 05 / rodline post,stormwood__conductor_run__05__rodline_post,off,day,calm,close,close,ralph/reports/VISUAL/phase2/stormwood/contact_sheet_route_and_terrain_01.jpg,godot --path . --rendering-driver opengl3 --resolution 1920x1080 --script tools/phase2_capture_routes.gd -- --biome=stormwood --subset=stormwood__conductor_run__05__rodline_post --seed=2042 --output=res://ralph/reports/VISUAL/phase2/stormwood/repro/stormwood__conductor_run__05__rodline_post__walk_03_day,1d8dfc431f34747b6b7ae016e7757ae362f3fce1,native GPU Compatibility,ralph/reports/VISUAL/phase2/stormwood/routes/stormwood__conductor_run__05__rodline_post__walk_03_day.jpg,14,contact_sheet_tile_320x180
stormwood__conductor_run__06__the_capacitor_grove__day__approach,stormwood,named_locations,The Capacitor Grove,stormwood__conductor_run__06__the_capacitor_grove,off,day,unmeasured,approach,normal,ralph/reports/VISUAL/phase2/stormwood/contact_sheet_named_locations_01.jpg,godot --path . --rendering-driver opengl3 --resolution 1920x1080 --script tools/phase2_capture_locations.gd -- --biome=stormwood --subset=stormwood__conductor_run__06__the_capacitor_grove --times=day --views=approach --seed=2042 --output=res://ralph/reports/VISUAL/phase2/stormwood/repro/stormwood__conductor_run__06__the_capacitor_grove__day__approach,99274a3cfa654d2a5a655a91635db736829f236a,native GPU Compatibility,ralph/reports/VISUAL/phase2/stormwood/locations/stormwood__conductor_run__06__the_capacitor_grove__day__approach.jpg,18,contact_sheet_tile_320x180
stormwood__conductor_run__06__the_capacitor_grove__day__close,stormwood,named_locations,The Capacitor Grove,stormwood__conductor_run__06__the_capacitor_grove,off,day,unmeasured,close,close,ralph/reports/VISUAL/phase2/stormwood/contact_sheet_named_locations_01.jpg,godot --path . --rendering-driver opengl3 --resolution 1920x1080 --script tools/phase2_capture_locations.gd -- --biome=stormwood --subset=stormwood__conductor_run__06__the_capacitor_grove --times=day --views=close --seed=2042 --output=res://ralph/reports/VISUAL/phase2/stormwood/repro/stormwood__conductor_run__06__the_capacitor_grove__day__close,99274a3cfa654d2a5a655a91635db736829f236a,native GPU Compatibility,ralph/reports/VISUAL/phase2/stormwood/locations/stormwood__conductor_run__06__the_capacitor_grove__day__close.jpg,19,contact_sheet_tile_320x180
stormwood__conductor_run__06__the_capacitor_grove__golden__approach,stormwood,named_locations,The Capacitor Grove,stormwood__conductor_run__06__the_capacitor_grove,off,dusk,unmeasured,approach,normal,ralph/reports/VISUAL/phase2/stormwood/contact_sheet_named_locations_01.jpg,godot --path . --rendering-driver opengl3 --resolution 1920x1080 --script tools/phase2_capture_locations.gd -- --biome=stormwood --subset=stormwood__conductor_run__06__the_capacitor_grove --times=golden --views=approach --seed=2042 --output=res://ralph/reports/VISUAL/phase2/stormwood/repro/stormwood__conductor_run__06__the_capacitor_grove__golden__approach,99274a3cfa654d2a5a655a91635db736829f236a,native GPU Compatibility,ralph/reports/VISUAL/phase2/stormwood/locations/stormwood__conductor_run__06__the_capacitor_grove__golden__approach.jpg,20,contact_sheet_tile_320x180
stormwood__conductor_run__06__the_capacitor_grove__golden__close,stormwood,named_locations,The Capacitor Grove,stormwood__conductor_run__06__the_capacitor_grove,off,dusk,unmeasured,close,close,ralph/reports/VISUAL/phase2/stormwood/contact_sheet_named_locations_01.jpg,godot --path . --rendering-driver opengl3 --resolution 1920x1080 --script tools/phase2_capture_locations.gd -- --biome=stormwood --subset=stormwood__conductor_run__06__the_capacitor_grove --times=golden --views=close --seed=2042 --output=res://ralph/reports/VISUAL/phase2/stormwood/repro/stormwood__conductor_run__06__the_capacitor_grove__golden__close,99274a3cfa654d2a5a655a91635db736829f236a,native GPU Compatibility,ralph/reports/VISUAL/phase2/stormwood/locations/stormwood__conductor_run__06__the_capacitor_grove__golden__close.jpg,21,contact_sheet_tile_320x180
stormwood__conductor_run__06__the_capacitor_grove__night__approach,stormwood,named_locations,The Capacitor Grove,stormwood__conductor_run__06__the_capacitor_grove,off,night,unmeasured,approach,normal,ralph/reports/VISUAL/phase2/stormwood/contact_sheet_named_locations_01.jpg,godot --path . --rendering-driver opengl3 --resolution 1920x1080 --script tools/phase2_capture_locations.gd -- --biome=stormwood --subset=stormwood__conductor_run__06__the_capacitor_grove --times=night --views=approach --seed=2042 --output=res://ralph/reports/VISUAL/phase2/stormwood/repro/stormwood__conductor_run__06__the_capacitor_grove__night__approach,99274a3cfa654d2a5a655a91635db736829f236a,native GPU Compatibility,ralph/reports/VISUAL/phase2/stormwood/locations/stormwood__conductor_run__06__the_capacitor_grove__night__approach.jpg,22,contact_sheet_tile_320x180
stormwood__conductor_run__06__the_capacitor_grove__night__close,stormwood,named_locations,The Capacitor Grove,stormwood__conductor_run__06__the_capacitor_grove,off,night,unmeasured,close,close,ralph/reports/VISUAL/phase2/stormwood/contact_sheet_named_locations_01.jpg,godot --path . --rendering-driver opengl3 --resolution 1920x1080 --script tools/phase2_capture_locations.gd -- --biome=stormwood --subset=stormwood__conductor_run__06__the_capacitor_grove --times=night --views=close --seed=2042 --output=res://ralph/reports/VISUAL/phase2/stormwood/repro/stormwood__conductor_run__06__the_capacitor_grove__night__close,99274a3cfa654d2a5a655a91635db736829f236a,native GPU Compatibility,ralph/reports/VISUAL/phase2/stormwood/locations/stormwood__conductor_run__06__the_capacitor_grove__night__close.jpg,23,contact_sheet_tile_320x180
stormwood__conductor_run__06__the_capacitor_grove__route_day,stormwood,route_and_terrain,stormwood / conductor run / 06 / the capacitor grove,stormwood__conductor_run__06__the_capacitor_grove,main,day,calm,close,close,ralph/reports/VISUAL/phase2/stormwood/contact_sheet_route_and_terrain_01.jpg,godot --path . --rendering-driver opengl3 --resolution 1920x1080 --script tools/phase2_capture_routes.gd -- --biome=stormwood --subset=stormwood__conductor_run__06__the_capacitor_grove --seed=2042 --output=res://ralph/reports/VISUAL/phase2/stormwood/repro/stormwood__conductor_run__06__the_capacitor_grove__route_day,1d8dfc431f34747b6b7ae016e7757ae362f3fce1,native GPU Compatibility,ralph/reports/VISUAL/phase2/stormwood/routes/stormwood__conductor_run__06__the_capacitor_grove__route_day.jpg,15,contact_sheet_tile_320x180
stormwood__conductor_run__06__the_capacitor_grove__vista_dusk,stormwood,route_and_terrain,stormwood / conductor run / 06 / the capacitor grove,stormwood__conductor_run__06__the_capacitor_grove,main,dusk,calm,vista,vista,ralph/reports/VISUAL/phase2/stormwood/contact_sheet_route_and_terrain_01.jpg,godot --path . --rendering-driver opengl3 --resolution 1920x1080 --script tools/phase2_capture_routes.gd -- --biome=stormwood --subset=stormwood__conductor_run__06__the_capacitor_grove --seed=2042 --output=res://ralph/reports/VISUAL/phase2/stormwood/repro/stormwood__conductor_run__06__the_capacitor_grove__vista_dusk,1d8dfc431f34747b6b7ae016e7757ae362f3fce1,native GPU Compatibility,ralph/reports/VISUAL/phase2/stormwood/routes/stormwood__conductor_run__06__the_capacitor_grove__vista_dusk.jpg,16,contact_sheet_tile_320x180
stormwood__conductor_run__06__the_capacitor_grove__walk_01_day,stormwood,route_and_terrain,stormwood / conductor run / 06 / the capacitor grove,stormwood__conductor_run__06__the_capacitor_grove,off,day,calm,close,close,ralph/reports/VISUAL/phase2/stormwood/contact_sheet_route_and_terrain_01.jpg,godot --path . --rendering-driver opengl3 --resolution 1920x1080 --script tools/phase2_capture_routes.gd -- --biome=stormwood --subset=stormwood__conductor_run__06__the_capacitor_grove --seed=2042 --output=res://ralph/reports/VISUAL/phase2/stormwood/repro/stormwood__conductor_run__06__the_capacitor_grove__walk_01_day,1d8dfc431f34747b6b7ae016e7757ae362f3fce1,native GPU Compatibility,ralph/reports/VISUAL/phase2/stormwood/routes/stormwood__conductor_run__06__the_capacitor_grove__walk_01_day.jpg,17,contact_sheet_tile_320x180
stormwood__conductor_run__06__the_capacitor_grove__walk_02_day,stormwood,route_and_terrain,stormwood / conductor run / 06 / the capacitor grove,stormwood__conductor_run__06__the_capacitor_grove,off,day,calm,close,close,ralph/reports/VISUAL/phase2/stormwood/contact_sheet_route_and_terrain_01.jpg,godot --path . --rendering-driver opengl3 --resolution 1920x1080 --script tools/phase2_capture_routes.gd -- --biome=stormwood --subset=stormwood__conductor_run__06__the_capacitor_grove --seed=2042 --output=res://ralph/reports/VISUAL/phase2/stormwood/repro/stormwood__conductor_run__06__the_capacitor_grove__walk_02_day,1d8dfc431f34747b6b7ae016e7757ae362f3fce1,native GPU Compatibility,ralph/reports/VISUAL/phase2/stormwood/routes/stormwood__conductor_run__06__the_capacitor_grove__walk_02_day.jpg,18,contact_sheet_tile_320x180
stormwood__conductor_run__06__the_capacitor_grove__walk_03_day,stormwood,route_and_terrain,stormwood / conductor run / 06 / the capacitor grove,stormwood__conductor_run__06__the_capacitor_grove,off,day,calm,close,close,ralph/reports/VISUAL/phase2/stormwood/contact_sheet_route_and_terrain_01.jpg,godot --path . --rendering-driver opengl3 --resolution 1920x1080 --script tools/phase2_capture_routes.gd -- --biome=stormwood --subset=stormwood__conductor_run__06__the_capacitor_grove --seed=2042 --output=res://ralph/reports/VISUAL/phase2/stormwood/repro/stormwood__conductor_run__06__the_capacitor_grove__walk_03_day,1d8dfc431f34747b6b7ae016e7757ae362f3fce1,native GPU Compatibility,ralph/reports/VISUAL/phase2/stormwood/routes/stormwood__conductor_run__06__the_capacitor_grove__walk_03_day.jpg,19,contact_sheet_tile_320x180
stormwood__craghorn__attacking,stormwood,creatures,craghorn,capture_stage,off,day,clear,attacking,normal,ralph/reports/VISUAL/phase2/stormwood/contact_sheet_creatures_01.jpg,godot --path . --rendering-driver opengl3 --resolution 1920x1080 --script tools/phase2_capture_creatures.gd -- --biome=stormwood --only=craghorn --seed=2042 --output=res://ralph/reports/VISUAL/phase2/stormwood/creature_repro_craghorn,73dcf98b139672b1965e08a53671350df0bc20b9,native GPU Compatibility,ralph/reports/VISUAL/phase2/stormwood/creatures/stormwood__craghorn__attacking.jpg,0,contact_sheet_tile_320x180
stormwood__craghorn__fainted,stormwood,creatures,craghorn,capture_stage,off,day,clear,fainted,normal,ralph/reports/VISUAL/phase2/stormwood/contact_sheet_creatures_01.jpg,godot --path . --rendering-driver opengl3 --resolution 1920x1080 --script tools/phase2_capture_creatures.gd -- --biome=stormwood --only=craghorn --seed=2042 --output=res://ralph/reports/VISUAL/phase2/stormwood/creature_repro_craghorn,73dcf98b139672b1965e08a53671350df0bc20b9,native GPU Compatibility,ralph/reports/VISUAL/phase2/stormwood/creatures/stormwood__craghorn__fainted.jpg,1,contact_sheet_tile_320x180
stormwood__craghorn__hurt,stormwood,creatures,craghorn,capture_stage,off,day,clear,hurt,normal,ralph/reports/VISUAL/phase2/stormwood/contact_sheet_creatures_01.jpg,godot --path . --rendering-driver opengl3 --resolution 1920x1080 --script tools/phase2_capture_creatures.gd -- --biome=stormwood --only=craghorn --seed=2042 --output=res://ralph/reports/VISUAL/phase2/stormwood/creature_repro_craghorn,73dcf98b139672b1965e08a53671350df0bc20b9,native GPU Compatibility,ralph/reports/VISUAL/phase2/stormwood/creatures/stormwood__craghorn__hurt.jpg,2,contact_sheet_tile_320x180
stormwood__craghorn__idle,stormwood,creatures,craghorn,capture_stage,off,day,clear,idle,normal,ralph/reports/VISUAL/phase2/stormwood/contact_sheet_creatures_01.jpg,godot --path . --rendering-driver opengl3 --resolution 1920x1080 --script tools/phase2_capture_creatures.gd -- --biome=stormwood --only=craghorn --seed=2042 --output=res://ralph/reports/VISUAL/phase2/stormwood/creature_repro_craghorn,73dcf98b139672b1965e08a53671350df0bc20b9,native GPU Compatibility,ralph/reports/VISUAL/phase2/stormwood/creatures/stormwood__craghorn__idle.jpg,3,contact_sheet_tile_320x180
stormwood__craghorn__moving,stormwood,creatures,craghorn,capture_stage,off,day,clear,moving,normal,ralph/reports/VISUAL/phase2/stormwood/contact_sheet_creatures_01.jpg,godot --path . --rendering-driver opengl3 --resolution 1920x1080 --script tools/phase2_capture_creatures.gd -- --biome=stormwood --only=craghorn --seed=2042 --output=res://ralph/reports/VISUAL/phase2/stormwood/creature_repro_craghorn,73dcf98b139672b1965e08a53671350df0bc20b9,native GPU Compatibility,ralph/reports/VISUAL/phase2/stormwood/creatures/stormwood__craghorn__moving.jpg,4,contact_sheet_tile_320x180
stormwood__craghorn__resting,stormwood,creatures,craghorn,capture_stage,off,day,clear,resting,normal,ralph/reports/VISUAL/phase2/stormwood/contact_sheet_creatures_01.jpg,godot --path . --rendering-driver opengl3 --resolution 1920x1080 --script tools/phase2_capture_creatures.gd -- --biome=stormwood --only=craghorn --seed=2042 --output=res://ralph/reports/VISUAL/phase2/stormwood/creature_repro_craghorn,73dcf98b139672b1965e08a53671350df0bc20b9,native GPU Compatibility,ralph/reports/VISUAL/phase2/stormwood/creatures/stormwood__craghorn__resting.jpg,5,contact_sheet_tile_320x180
stormwood__craghorn__shiny_idle,stormwood,creatures,craghorn,capture_stage,off,day,clear,shiny_idle,normal,ralph/reports/VISUAL/phase2/stormwood/contact_sheet_creatures_01.jpg,godot --path . --rendering-driver opengl3 --resolution 1920x1080 --script tools/phase2_capture_creatures.gd -- --biome=stormwood --only=craghorn --seed=2042 --output=res://ralph/reports/VISUAL/phase2/stormwood/creature_repro_craghorn,73dcf98b139672b1965e08a53671350df0bc20b9,native GPU Compatibility,ralph/reports/VISUAL/phase2/stormwood/creatures/stormwood__craghorn__shiny_idle.jpg,6,contact_sheet_tile_320x180
stormwood__deepwood__09__lantern_hollow__day__approach,stormwood,named_locations,Lantern Hollow,stormwood__deepwood__09__lantern_hollow,off,day,unmeasured,approach,normal,ralph/reports/VISUAL/phase2/stormwood/contact_sheet_named_locations_02.jpg,godot --path . --rendering-driver opengl3 --resolution 1920x1080 --script tools/phase2_capture_locations.gd -- --biome=stormwood --subset=stormwood__deepwood__09__lantern_hollow --times=day --views=approach --seed=2042 --output=res://ralph/reports/VISUAL/phase2/stormwood/repro/stormwood__deepwood__09__lantern_hollow__day__approach,99274a3cfa654d2a5a655a91635db736829f236a,native GPU Compatibility,ralph/reports/VISUAL/phase2/stormwood/locations/stormwood__deepwood__09__lantern_hollow__day__approach.jpg,0,contact_sheet_tile_320x180
stormwood__deepwood__09__lantern_hollow__day__close,stormwood,named_locations,Lantern Hollow,stormwood__deepwood__09__lantern_hollow,off,day,unmeasured,close,close,ralph/reports/VISUAL/phase2/stormwood/contact_sheet_named_locations_02.jpg,godot --path . --rendering-driver opengl3 --resolution 1920x1080 --script tools/phase2_capture_locations.gd -- --biome=stormwood --subset=stormwood__deepwood__09__lantern_hollow --times=day --views=close --seed=2042 --output=res://ralph/reports/VISUAL/phase2/stormwood/repro/stormwood__deepwood__09__lantern_hollow__day__close,99274a3cfa654d2a5a655a91635db736829f236a,native GPU Compatibility,ralph/reports/VISUAL/phase2/stormwood/locations/stormwood__deepwood__09__lantern_hollow__day__close.jpg,1,contact_sheet_tile_320x180
stormwood__deepwood__09__lantern_hollow__golden__approach,stormwood,named_locations,Lantern Hollow,stormwood__deepwood__09__lantern_hollow,off,dusk,unmeasured,approach,normal,ralph/reports/VISUAL/phase2/stormwood/contact_sheet_named_locations_02.jpg,godot --path . --rendering-driver opengl3 --resolution 1920x1080 --script tools/phase2_capture_locations.gd -- --biome=stormwood --subset=stormwood__deepwood__09__lantern_hollow --times=golden --views=approach --seed=2042 --output=res://ralph/reports/VISUAL/phase2/stormwood/repro/stormwood__deepwood__09__lantern_hollow__golden__approach,99274a3cfa654d2a5a655a91635db736829f236a,native GPU Compatibility,ralph/reports/VISUAL/phase2/stormwood/locations/stormwood__deepwood__09__lantern_hollow__golden__approach.jpg,2,contact_sheet_tile_320x180
stormwood__deepwood__09__lantern_hollow__golden__close,stormwood,named_locations,Lantern Hollow,stormwood__deepwood__09__lantern_hollow,off,dusk,unmeasured,close,close,ralph/reports/VISUAL/phase2/stormwood/contact_sheet_named_locations_02.jpg,godot --path . --rendering-driver opengl3 --resolution 1920x1080 --script tools/phase2_capture_locations.gd -- --biome=stormwood --subset=stormwood__deepwood__09__lantern_hollow --times=golden --views=close --seed=2042 --output=res://ralph/reports/VISUAL/phase2/stormwood/repro/stormwood__deepwood__09__lantern_hollow__golden__close,99274a3cfa654d2a5a655a91635db736829f236a,native GPU Compatibility,ralph/reports/VISUAL/phase2/stormwood/locations/stormwood__deepwood__09__lantern_hollow__golden__close.jpg,3,contact_sheet_tile_320x180
stormwood__deepwood__09__lantern_hollow__night__approach,stormwood,named_locations,Lantern Hollow,stormwood__deepwood__09__lantern_hollow,off,night,unmeasured,approach,normal,ralph/reports/VISUAL/phase2/stormwood/contact_sheet_named_locations_02.jpg,godot --path . --rendering-driver opengl3 --resolution 1920x1080 --script tools/phase2_capture_locations.gd -- --biome=stormwood --subset=stormwood__deepwood__09__lantern_hollow --times=night --views=approach --seed=2042 --output=res://ralph/reports/VISUAL/phase2/stormwood/repro/stormwood__deepwood__09__lantern_hollow__night__approach,99274a3cfa654d2a5a655a91635db736829f236a,native GPU Compatibility,ralph/reports/VISUAL/phase2/stormwood/locations/stormwood__deepwood__09__lantern_hollow__night__approach.jpg,4,contact_sheet_tile_320x180
stormwood__deepwood__09__lantern_hollow__night__close,stormwood,named_locations,Lantern Hollow,stormwood__deepwood__09__lantern_hollow,off,night,unmeasured,close,close,ralph/reports/VISUAL/phase2/stormwood/contact_sheet_named_locations_02.jpg,godot --path . --rendering-driver opengl3 --resolution 1920x1080 --script tools/phase2_capture_locations.gd -- --biome=stormwood --subset=stormwood__deepwood__09__lantern_hollow --times=night --views=close --seed=2042 --output=res://ralph/reports/VISUAL/phase2/stormwood/repro/stormwood__deepwood__09__lantern_hollow__night__close,99274a3cfa654d2a5a655a91635db736829f236a,native GPU Compatibility,ralph/reports/VISUAL/phase2/stormwood/locations/stormwood__deepwood__09__lantern_hollow__night__close.jpg,5,contact_sheet_tile_320x180
stormwood__deepwood__09__lantern_hollow__route_day,stormwood,route_and_terrain,stormwood / deepwood / 09 / lantern hollow,stormwood__deepwood__09__lantern_hollow,main,day,calm,close,close,ralph/reports/VISUAL/phase2/stormwood/contact_sheet_route_and_terrain_01.jpg,godot --path . --rendering-driver opengl3 --resolution 1920x1080 --script tools/phase2_capture_routes.gd -- --biome=stormwood --subset=stormwood__deepwood__09__lantern_hollow --seed=2042 --output=res://ralph/reports/VISUAL/phase2/stormwood/repro/stormwood__deepwood__09__lantern_hollow__route_day,1d8dfc431f34747b6b7ae016e7757ae362f3fce1,native GPU Compatibility,ralph/reports/VISUAL/phase2/stormwood/routes/stormwood__deepwood__09__lantern_hollow__route_day.jpg,20,contact_sheet_tile_320x180
stormwood__deepwood__09__lantern_hollow__vista_dusk,stormwood,route_and_terrain,stormwood / deepwood / 09 / lantern hollow,stormwood__deepwood__09__lantern_hollow,main,dusk,calm,vista,vista,ralph/reports/VISUAL/phase2/stormwood/contact_sheet_route_and_terrain_01.jpg,godot --path . --rendering-driver opengl3 --resolution 1920x1080 --script tools/phase2_capture_routes.gd -- --biome=stormwood --subset=stormwood__deepwood__09__lantern_hollow --seed=2042 --output=res://ralph/reports/VISUAL/phase2/stormwood/repro/stormwood__deepwood__09__lantern_hollow__vista_dusk,1d8dfc431f34747b6b7ae016e7757ae362f3fce1,native GPU Compatibility,ralph/reports/VISUAL/phase2/stormwood/routes/stormwood__deepwood__09__lantern_hollow__vista_dusk.jpg,21,contact_sheet_tile_320x180
stormwood__deepwood__09__lantern_hollow__walk_01_day,stormwood,route_and_terrain,stormwood / deepwood / 09 / lantern hollow,stormwood__deepwood__09__lantern_hollow,off,day,calm,close,close,ralph/reports/VISUAL/phase2/stormwood/contact_sheet_route_and_terrain_01.jpg,godot --path . --rendering-driver opengl3 --resolution 1920x1080 --script tools/phase2_capture_routes.gd -- --biome=stormwood --subset=stormwood__deepwood__09__lantern_hollow --seed=2042 --output=res://ralph/reports/VISUAL/phase2/stormwood/repro/stormwood__deepwood__09__lantern_hollow__walk_01_day,1d8dfc431f34747b6b7ae016e7757ae362f3fce1,native GPU Compatibility,ralph/reports/VISUAL/phase2/stormwood/routes/stormwood__deepwood__09__lantern_hollow__walk_01_day.jpg,22,contact_sheet_tile_320x180
stormwood__deepwood__09__lantern_hollow__walk_02_day,stormwood,route_and_terrain,stormwood / deepwood / 09 / lantern hollow,stormwood__deepwood__09__lantern_hollow,off,day,calm,close,close,ralph/reports/VISUAL/phase2/stormwood/contact_sheet_route_and_terrain_01.jpg,godot --path . --rendering-driver opengl3 --resolution 1920x1080 --script tools/phase2_capture_routes.gd -- --biome=stormwood --subset=stormwood__deepwood__09__lantern_hollow --seed=2042 --output=res://ralph/reports/VISUAL/phase2/stormwood/repro/stormwood__deepwood__09__lantern_hollow__walk_02_day,1d8dfc431f34747b6b7ae016e7757ae362f3fce1,native GPU Compatibility,ralph/reports/VISUAL/phase2/stormwood/routes/stormwood__deepwood__09__lantern_hollow__walk_02_day.jpg,23,contact_sheet_tile_320x180
stormwood__deepwood__09__lantern_hollow__walk_03_day,stormwood,route_and_terrain,stormwood / deepwood / 09 / lantern hollow,stormwood__deepwood__09__lantern_hollow,off,day,calm,close,close,ralph/reports/VISUAL/phase2/stormwood/contact_sheet_route_and_terrain_02.jpg,godot --path . --rendering-driver opengl3 --resolution 1920x1080 --script tools/phase2_capture_routes.gd -- --biome=stormwood --subset=stormwood__deepwood__09__lantern_hollow --seed=2042 --output=res://ralph/reports/VISUAL/phase2/stormwood/repro/stormwood__deepwood__09__lantern_hollow__walk_03_day,1d8dfc431f34747b6b7ae016e7757ae362f3fce1,native GPU Compatibility,ralph/reports/VISUAL/phase2/stormwood/routes/stormwood__deepwood__09__lantern_hollow__walk_03_day.jpg,0,contact_sheet_tile_320x180
stormwood__deepwood__10__the_fallen_giant__day__approach,stormwood,named_locations,The Fallen Giant,stormwood__deepwood__10__the_fallen_giant,off,day,unmeasured,approach,normal,ralph/reports/VISUAL/phase2/stormwood/contact_sheet_named_locations_02.jpg,godot --path . --rendering-driver opengl3 --resolution 1920x1080 --script tools/phase2_capture_locations.gd -- --biome=stormwood --subset=stormwood__deepwood__10__the_fallen_giant --times=day --views=approach --seed=2042 --output=res://ralph/reports/VISUAL/phase2/stormwood/repro/stormwood__deepwood__10__the_fallen_giant__day__approach,99274a3cfa654d2a5a655a91635db736829f236a,native GPU Compatibility,ralph/reports/VISUAL/phase2/stormwood/locations/stormwood__deepwood__10__the_fallen_giant__day__approach.jpg,6,contact_sheet_tile_320x180
stormwood__deepwood__10__the_fallen_giant__day__close,stormwood,named_locations,The Fallen Giant,stormwood__deepwood__10__the_fallen_giant,off,day,unmeasured,close,close,ralph/reports/VISUAL/phase2/stormwood/contact_sheet_named_locations_02.jpg,godot --path . --rendering-driver opengl3 --resolution 1920x1080 --script tools/phase2_capture_locations.gd -- --biome=stormwood --subset=stormwood__deepwood__10__the_fallen_giant --times=day --views=close --seed=2042 --output=res://ralph/reports/VISUAL/phase2/stormwood/repro/stormwood__deepwood__10__the_fallen_giant__day__close,99274a3cfa654d2a5a655a91635db736829f236a,native GPU Compatibility,ralph/reports/VISUAL/phase2/stormwood/locations/stormwood__deepwood__10__the_fallen_giant__day__close.jpg,7,contact_sheet_tile_320x180
stormwood__deepwood__10__the_fallen_giant__golden__approach,stormwood,named_locations,The Fallen Giant,stormwood__deepwood__10__the_fallen_giant,off,dusk,unmeasured,approach,normal,ralph/reports/VISUAL/phase2/stormwood/contact_sheet_named_locations_02.jpg,godot --path . --rendering-driver opengl3 --resolution 1920x1080 --script tools/phase2_capture_locations.gd -- --biome=stormwood --subset=stormwood__deepwood__10__the_fallen_giant --times=golden --views=approach --seed=2042 --output=res://ralph/reports/VISUAL/phase2/stormwood/repro/stormwood__deepwood__10__the_fallen_giant__golden__approach,99274a3cfa654d2a5a655a91635db736829f236a,native GPU Compatibility,ralph/reports/VISUAL/phase2/stormwood/locations/stormwood__deepwood__10__the_fallen_giant__golden__approach.jpg,8,contact_sheet_tile_320x180
stormwood__deepwood__10__the_fallen_giant__golden__close,stormwood,named_locations,The Fallen Giant,stormwood__deepwood__10__the_fallen_giant,off,dusk,unmeasured,close,close,ralph/reports/VISUAL/phase2/stormwood/contact_sheet_named_locations_02.jpg,godot --path . --rendering-driver opengl3 --resolution 1920x1080 --script tools/phase2_capture_locations.gd -- --biome=stormwood --subset=stormwood__deepwood__10__the_fallen_giant --times=golden --views=close --seed=2042 --output=res://ralph/reports/VISUAL/phase2/stormwood/repro/stormwood__deepwood__10__the_fallen_giant__golden__close,99274a3cfa654d2a5a655a91635db736829f236a,native GPU Compatibility,ralph/reports/VISUAL/phase2/stormwood/locations/stormwood__deepwood__10__the_fallen_giant__golden__close.jpg,9,contact_sheet_tile_320x180
stormwood__deepwood__10__the_fallen_giant__night__approach,stormwood,named_locations,The Fallen Giant,stormwood__deepwood__10__the_fallen_giant,off,night,unmeasured,approach,normal,ralph/reports/VISUAL/phase2/stormwood/contact_sheet_named_locations_02.jpg,godot --path . --rendering-driver opengl3 --resolution 1920x1080 --script tools/phase2_capture_locations.gd -- --biome=stormwood --subset=stormwood__deepwood__10__the_fallen_giant --times=night --views=approach --seed=2042 --output=res://ralph/reports/VISUAL/phase2/stormwood/repro/stormwood__deepwood__10__the_fallen_giant__night__approach,99274a3cfa654d2a5a655a91635db736829f236a,native GPU Compatibility,ralph/reports/VISUAL/phase2/stormwood/locations/stormwood__deepwood__10__the_fallen_giant__night__approach.jpg,10,contact_sheet_tile_320x180
stormwood__deepwood__10__the_fallen_giant__night__close,stormwood,named_locations,The Fallen Giant,stormwood__deepwood__10__the_fallen_giant,off,night,unmeasured,close,close,ralph/reports/VISUAL/phase2/stormwood/contact_sheet_named_locations_02.jpg,godot --path . --rendering-driver opengl3 --resolution 1920x1080 --script tools/phase2_capture_locations.gd -- --biome=stormwood --subset=stormwood__deepwood__10__the_fallen_giant --times=night --views=close --seed=2042 --output=res://ralph/reports/VISUAL/phase2/stormwood/repro/stormwood__deepwood__10__the_fallen_giant__night__close,99274a3cfa654d2a5a655a91635db736829f236a,native GPU Compatibility,ralph/reports/VISUAL/phase2/stormwood/locations/stormwood__deepwood__10__the_fallen_giant__night__close.jpg,11,contact_sheet_tile_320x180
stormwood__deepwood__10__the_fallen_giant__route_day,stormwood,route_and_terrain,stormwood / deepwood / 10 / the fallen giant,stormwood__deepwood__10__the_fallen_giant,main,day,calm,close,close,ralph/reports/VISUAL/phase2/stormwood/contact_sheet_route_and_terrain_02.jpg,godot --path . --rendering-driver opengl3 --resolution 1920x1080 --script tools/phase2_capture_routes.gd -- --biome=stormwood --subset=stormwood__deepwood__10__the_fallen_giant --seed=2042 --output=res://ralph/reports/VISUAL/phase2/stormwood/repro/stormwood__deepwood__10__the_fallen_giant__route_day,1d8dfc431f34747b6b7ae016e7757ae362f3fce1,native GPU Compatibility,ralph/reports/VISUAL/phase2/stormwood/routes/stormwood__deepwood__10__the_fallen_giant__route_day.jpg,1,contact_sheet_tile_320x180
stormwood__deepwood__10__the_fallen_giant__vista_dusk,stormwood,route_and_terrain,stormwood / deepwood / 10 / the fallen giant,stormwood__deepwood__10__the_fallen_giant,main,dusk,calm,vista,vista,ralph/reports/VISUAL/phase2/stormwood/contact_sheet_route_and_terrain_02.jpg,godot --path . --rendering-driver opengl3 --resolution 1920x1080 --script tools/phase2_capture_routes.gd -- --biome=stormwood --subset=stormwood__deepwood__10__the_fallen_giant --seed=2042 --output=res://ralph/reports/VISUAL/phase2/stormwood/repro/stormwood__deepwood__10__the_fallen_giant__vista_dusk,1d8dfc431f34747b6b7ae016e7757ae362f3fce1,native GPU Compatibility,ralph/reports/VISUAL/phase2/stormwood/routes/stormwood__deepwood__10__the_fallen_giant__vista_dusk.jpg,2,contact_sheet_tile_320x180
stormwood__deepwood__10__the_fallen_giant__walk_01_day,stormwood,route_and_terrain,stormwood / deepwood / 10 / the fallen giant,stormwood__deepwood__10__the_fallen_giant,off,day,calm,close,close,ralph/reports/VISUAL/phase2/stormwood/contact_sheet_route_and_terrain_02.jpg,godot --path . --rendering-driver opengl3 --resolution 1920x1080 --script tools/phase2_capture_routes.gd -- --biome=stormwood --subset=stormwood__deepwood__10__the_fallen_giant --seed=2042 --output=res://ralph/reports/VISUAL/phase2/stormwood/repro/stormwood__deepwood__10__the_fallen_giant__walk_01_day,1d8dfc431f34747b6b7ae016e7757ae362f3fce1,native GPU Compatibility,ralph/reports/VISUAL/phase2/stormwood/routes/stormwood__deepwood__10__the_fallen_giant__walk_01_day.jpg,3,contact_sheet_tile_320x180
stormwood__deepwood__10__the_fallen_giant__walk_02_day,stormwood,route_and_terrain,stormwood / deepwood / 10 / the fallen giant,stormwood__deepwood__10__the_fallen_giant,off,day,calm,close,close,ralph/reports/VISUAL/phase2/stormwood/contact_sheet_route_and_terrain_02.jpg,godot --path . --rendering-driver opengl3 --resolution 1920x1080 --script tools/phase2_capture_routes.gd -- --biome=stormwood --subset=stormwood__deepwood__10__the_fallen_giant --seed=2042 --output=res://ralph/reports/VISUAL/phase2/stormwood/repro/stormwood__deepwood__10__the_fallen_giant__walk_02_day,1d8dfc431f34747b6b7ae016e7757ae362f3fce1,native GPU Compatibility,ralph/reports/VISUAL/phase2/stormwood/routes/stormwood__deepwood__10__the_fallen_giant__walk_02_day.jpg,4,contact_sheet_tile_320x180
stormwood__deepwood__10__the_fallen_giant__walk_03_day,stormwood,route_and_terrain,stormwood / deepwood / 10 / the fallen giant,stormwood__deepwood__10__the_fallen_giant,off,day,calm,close,close,ralph/reports/VISUAL/phase2/stormwood/contact_sheet_route_and_terrain_02.jpg,godot --path . --rendering-driver opengl3 --resolution 1920x1080 --script tools/phase2_capture_routes.gd -- --biome=stormwood --subset=stormwood__deepwood__10__the_fallen_giant --seed=2042 --output=res://ralph/reports/VISUAL/phase2/stormwood/repro/stormwood__deepwood__10__the_fallen_giant__walk_03_day,1d8dfc431f34747b6b7ae016e7757ae362f3fce1,native GPU Compatibility,ralph/reports/VISUAL/phase2/stormwood/routes/stormwood__deepwood__10__the_fallen_giant__walk_03_day.jpg,5,contact_sheet_tile_320x180
stormwood__dynamo__11__the_glass_field__day__approach,stormwood,named_locations,The Glass Field,stormwood__dynamo__11__the_glass_field,off,day,unmeasured,approach,normal,ralph/reports/VISUAL/phase2/stormwood/contact_sheet_named_locations_02.jpg,godot --path . --rendering-driver opengl3 --resolution 1920x1080 --script tools/phase2_capture_locations.gd -- --biome=stormwood --subset=stormwood__dynamo__11__the_glass_field --times=day --views=approach --seed=2042 --output=res://ralph/reports/VISUAL/phase2/stormwood/repro/stormwood__dynamo__11__the_glass_field__day__approach,99274a3cfa654d2a5a655a91635db736829f236a,native GPU Compatibility,ralph/reports/VISUAL/phase2/stormwood/locations/stormwood__dynamo__11__the_glass_field__day__approach.jpg,12,contact_sheet_tile_320x180
stormwood__dynamo__11__the_glass_field__day__close,stormwood,named_locations,The Glass Field,stormwood__dynamo__11__the_glass_field,off,day,unmeasured,close,close,ralph/reports/VISUAL/phase2/stormwood/contact_sheet_named_locations_02.jpg,godot --path . --rendering-driver opengl3 --resolution 1920x1080 --script tools/phase2_capture_locations.gd -- --biome=stormwood --subset=stormwood__dynamo__11__the_glass_field --times=day --views=close --seed=2042 --output=res://ralph/reports/VISUAL/phase2/stormwood/repro/stormwood__dynamo__11__the_glass_field__day__close,99274a3cfa654d2a5a655a91635db736829f236a,native GPU Compatibility,ralph/reports/VISUAL/phase2/stormwood/locations/stormwood__dynamo__11__the_glass_field__day__close.jpg,13,contact_sheet_tile_320x180
stormwood__dynamo__11__the_glass_field__golden__approach,stormwood,named_locations,The Glass Field,stormwood__dynamo__11__the_glass_field,off,dusk,unmeasured,approach,normal,ralph/reports/VISUAL/phase2/stormwood/contact_sheet_named_locations_02.jpg,godot --path . --rendering-driver opengl3 --resolution 1920x1080 --script tools/phase2_capture_locations.gd -- --biome=stormwood --subset=stormwood__dynamo__11__the_glass_field --times=golden --views=approach --seed=2042 --output=res://ralph/reports/VISUAL/phase2/stormwood/repro/stormwood__dynamo__11__the_glass_field__golden__approach,99274a3cfa654d2a5a655a91635db736829f236a,native GPU Compatibility,ralph/reports/VISUAL/phase2/stormwood/locations/stormwood__dynamo__11__the_glass_field__golden__approach.jpg,14,contact_sheet_tile_320x180
stormwood__dynamo__11__the_glass_field__golden__close,stormwood,named_locations,The Glass Field,stormwood__dynamo__11__the_glass_field,off,dusk,unmeasured,close,close,ralph/reports/VISUAL/phase2/stormwood/contact_sheet_named_locations_02.jpg,godot --path . --rendering-driver opengl3 --resolution 1920x1080 --script tools/phase2_capture_locations.gd -- --biome=stormwood --subset=stormwood__dynamo__11__the_glass_field --times=golden --views=close --seed=2042 --output=res://ralph/reports/VISUAL/phase2/stormwood/repro/stormwood__dynamo__11__the_glass_field__golden__close,99274a3cfa654d2a5a655a91635db736829f236a,native GPU Compatibility,ralph/reports/VISUAL/phase2/stormwood/locations/stormwood__dynamo__11__the_glass_field__golden__close.jpg,15,contact_sheet_tile_320x180
stormwood__dynamo__11__the_glass_field__night__approach,stormwood,named_locations,The Glass Field,stormwood__dynamo__11__the_glass_field,off,night,unmeasured,approach,normal,ralph/reports/VISUAL/phase2/stormwood/contact_sheet_named_locations_02.jpg,godot --path . --rendering-driver opengl3 --resolution 1920x1080 --script tools/phase2_capture_locations.gd -- --biome=stormwood --subset=stormwood__dynamo__11__the_glass_field --times=night --views=approach --seed=2042 --output=res://ralph/reports/VISUAL/phase2/stormwood/repro/stormwood__dynamo__11__the_glass_field__night__approach,99274a3cfa654d2a5a655a91635db736829f236a,native GPU Compatibility,ralph/reports/VISUAL/phase2/stormwood/locations/stormwood__dynamo__11__the_glass_field__night__approach.jpg,16,contact_sheet_tile_320x180
stormwood__dynamo__11__the_glass_field__night__close,stormwood,named_locations,The Glass Field,stormwood__dynamo__11__the_glass_field,off,night,unmeasured,close,close,ralph/reports/VISUAL/phase2/stormwood/contact_sheet_named_locations_02.jpg,godot --path . --rendering-driver opengl3 --resolution 1920x1080 --script tools/phase2_capture_locations.gd -- --biome=stormwood --subset=stormwood__dynamo__11__the_glass_field --times=night --views=close --seed=2042 --output=res://ralph/reports/VISUAL/phase2/stormwood/repro/stormwood__dynamo__11__the_glass_field__night__close,99274a3cfa654d2a5a655a91635db736829f236a,native GPU Compatibility,ralph/reports/VISUAL/phase2/stormwood/locations/stormwood__dynamo__11__the_glass_field__night__close.jpg,17,contact_sheet_tile_320x180
stormwood__dynamo__11__the_glass_field__route_day,stormwood,route_and_terrain,stormwood / dynamo / 11 / the glass field,stormwood__dynamo__11__the_glass_field,main,day,calm,close,close,ralph/reports/VISUAL/phase2/stormwood/contact_sheet_route_and_terrain_02.jpg,godot --path . --rendering-driver opengl3 --resolution 1920x1080 --script tools/phase2_capture_routes.gd -- --biome=stormwood --subset=stormwood__dynamo__11__the_glass_field --seed=2042 --output=res://ralph/reports/VISUAL/phase2/stormwood/repro/stormwood__dynamo__11__the_glass_field__route_day,1d8dfc431f34747b6b7ae016e7757ae362f3fce1,native GPU Compatibility,ralph/reports/VISUAL/phase2/stormwood/routes/stormwood__dynamo__11__the_glass_field__route_day.jpg,6,contact_sheet_tile_320x180
stormwood__dynamo__11__the_glass_field__vista_dusk,stormwood,route_and_terrain,stormwood / dynamo / 11 / the glass field,stormwood__dynamo__11__the_glass_field,main,dusk,calm,vista,vista,ralph/reports/VISUAL/phase2/stormwood/contact_sheet_route_and_terrain_02.jpg,godot --path . --rendering-driver opengl3 --resolution 1920x1080 --script tools/phase2_capture_routes.gd -- --biome=stormwood --subset=stormwood__dynamo__11__the_glass_field --seed=2042 --output=res://ralph/reports/VISUAL/phase2/stormwood/repro/stormwood__dynamo__11__the_glass_field__vista_dusk,1d8dfc431f34747b6b7ae016e7757ae362f3fce1,native GPU Compatibility,ralph/reports/VISUAL/phase2/stormwood/routes/stormwood__dynamo__11__the_glass_field__vista_dusk.jpg,7,contact_sheet_tile_320x180
stormwood__dynamo__11__the_glass_field__walk_01_day,stormwood,route_and_terrain,stormwood / dynamo / 11 / the glass field,stormwood__dynamo__11__the_glass_field,off,day,calm,close,close,ralph/reports/VISUAL/phase2/stormwood/contact_sheet_route_and_terrain_02.jpg,godot --path . --rendering-driver opengl3 --resolution 1920x1080 --script tools/phase2_capture_routes.gd -- --biome=stormwood --subset=stormwood__dynamo__11__the_glass_field --seed=2042 --output=res://ralph/reports/VISUAL/phase2/stormwood/repro/stormwood__dynamo__11__the_glass_field__walk_01_day,1d8dfc431f34747b6b7ae016e7757ae362f3fce1,native GPU Compatibility,ralph/reports/VISUAL/phase2/stormwood/routes/stormwood__dynamo__11__the_glass_field__walk_01_day.jpg,8,contact_sheet_tile_320x180
stormwood__dynamo__11__the_glass_field__walk_02_day,stormwood,route_and_terrain,stormwood / dynamo / 11 / the glass field,stormwood__dynamo__11__the_glass_field,off,day,calm,close,close,ralph/reports/VISUAL/phase2/stormwood/contact_sheet_route_and_terrain_02.jpg,godot --path . --rendering-driver opengl3 --resolution 1920x1080 --script tools/phase2_capture_routes.gd -- --biome=stormwood --subset=stormwood__dynamo__11__the_glass_field --seed=2042 --output=res://ralph/reports/VISUAL/phase2/stormwood/repro/stormwood__dynamo__11__the_glass_field__walk_02_day,1d8dfc431f34747b6b7ae016e7757ae362f3fce1,native GPU Compatibility,ralph/reports/VISUAL/phase2/stormwood/routes/stormwood__dynamo__11__the_glass_field__walk_02_day.jpg,9,contact_sheet_tile_320x180
stormwood__dynamo__11__the_glass_field__walk_03_day,stormwood,route_and_terrain,stormwood / dynamo / 11 / the glass field,stormwood__dynamo__11__the_glass_field,off,day,calm,close,close,ralph/reports/VISUAL/phase2/stormwood/contact_sheet_route_and_terrain_02.jpg,godot --path . --rendering-driver opengl3 --resolution 1920x1080 --script tools/phase2_capture_routes.gd -- --biome=stormwood --subset=stormwood__dynamo__11__the_glass_field --seed=2042 --output=res://ralph/reports/VISUAL/phase2/stormwood/repro/stormwood__dynamo__11__the_glass_field__walk_03_day,1d8dfc431f34747b6b7ae016e7757ae362f3fce1,native GPU Compatibility,ralph/reports/VISUAL/phase2/stormwood/routes/stormwood__dynamo__11__the_glass_field__walk_03_day.jpg,10,contact_sheet_tile_320x180
stormwood__dynamo__12__the_stormheart_tree__day__approach,stormwood,named_locations,The Stormheart Tree,stormwood__dynamo__12__the_stormheart_tree,off,day,unmeasured,approach,normal,ralph/reports/VISUAL/phase2/stormwood/contact_sheet_named_locations_02.jpg,godot --path . --rendering-driver opengl3 --resolution 1920x1080 --script tools/phase2_capture_locations.gd -- --biome=stormwood --subset=stormwood__dynamo__12__the_stormheart_tree --times=day --views=approach --seed=2042 --output=res://ralph/reports/VISUAL/phase2/stormwood/repro/stormwood__dynamo__12__the_stormheart_tree__day__approach,99274a3cfa654d2a5a655a91635db736829f236a,native GPU Compatibility,ralph/reports/VISUAL/phase2/stormwood/locations/stormwood__dynamo__12__the_stormheart_tree__day__approach.jpg,18,contact_sheet_tile_320x180
stormwood__dynamo__12__the_stormheart_tree__day__close,stormwood,named_locations,The Stormheart Tree,stormwood__dynamo__12__the_stormheart_tree,off,day,unmeasured,close,close,ralph/reports/VISUAL/phase2/stormwood/contact_sheet_named_locations_02.jpg,godot --path . --rendering-driver opengl3 --resolution 1920x1080 --script tools/phase2_capture_locations.gd -- --biome=stormwood --subset=stormwood__dynamo__12__the_stormheart_tree --times=day --views=close --seed=2042 --output=res://ralph/reports/VISUAL/phase2/stormwood/repro/stormwood__dynamo__12__the_stormheart_tree__day__close,99274a3cfa654d2a5a655a91635db736829f236a,native GPU Compatibility,ralph/reports/VISUAL/phase2/stormwood/locations/stormwood__dynamo__12__the_stormheart_tree__day__close.jpg,19,contact_sheet_tile_320x180
stormwood__dynamo__12__the_stormheart_tree__day__close__break,stormwood,time_and_weather,The Stormheart Tree,stormwood__dynamo__12__the_stormheart_tree,off,day,break,close,close,ralph/reports/VISUAL/phase2/stormwood/contact_sheet_time_and_weather_01.jpg,godot --path . --rendering-driver opengl3 --resolution 1920x1080 --script tools/phase2_capture_storm_phases.gd -- --biome=stormwood --subset=stormwood__dynamo__12__the_stormheart_tree --seed=2042 --output=res://ralph/reports/VISUAL/phase2/stormwood/repro/stormwood__dynamo__12__the_stormheart_tree__day__close__break,1d8dfc431f34747b6b7ae016e7757ae362f3fce1,native GPU Compatibility,ralph/reports/VISUAL/phase2/stormwood/weather/stormwood__dynamo__12__the_stormheart_tree__day__close__break.jpg,4,contact_sheet_tile_320x180
stormwood__dynamo__12__the_stormheart_tree__day__close__building,stormwood,time_and_weather,The Stormheart Tree,stormwood__dynamo__12__the_stormheart_tree,off,day,building,close,close,ralph/reports/VISUAL/phase2/stormwood/contact_sheet_time_and_weather_01.jpg,godot --path . --rendering-driver opengl3 --resolution 1920x1080 --script tools/phase2_capture_storm_phases.gd -- --biome=stormwood --subset=stormwood__dynamo__12__the_stormheart_tree --seed=2042 --output=res://ralph/reports/VISUAL/phase2/stormwood/repro/stormwood__dynamo__12__the_stormheart_tree__day__close__building,1d8dfc431f34747b6b7ae016e7757ae362f3fce1,native GPU Compatibility,ralph/reports/VISUAL/phase2/stormwood/weather/stormwood__dynamo__12__the_stormheart_tree__day__close__building.jpg,5,contact_sheet_tile_320x180
stormwood__dynamo__12__the_stormheart_tree__day__close__calm,stormwood,time_and_weather,The Stormheart Tree,stormwood__dynamo__12__the_stormheart_tree,off,day,calm,close,close,ralph/reports/VISUAL/phase2/stormwood/contact_sheet_time_and_weather_01.jpg,godot --path . --rendering-driver opengl3 --resolution 1920x1080 --script tools/phase2_capture_storm_phases.gd -- --biome=stormwood --subset=stormwood__dynamo__12__the_stormheart_tree --seed=2042 --output=res://ralph/reports/VISUAL/phase2/stormwood/repro/stormwood__dynamo__12__the_stormheart_tree__day__close__calm,1d8dfc431f34747b6b7ae016e7757ae362f3fce1,native GPU Compatibility,ralph/reports/VISUAL/phase2/stormwood/weather/stormwood__dynamo__12__the_stormheart_tree__day__close__calm.jpg,6,contact_sheet_tile_320x180
stormwood__dynamo__12__the_stormheart_tree__day__close__fading,stormwood,time_and_weather,The Stormheart Tree,stormwood__dynamo__12__the_stormheart_tree,off,day,fading,close,close,ralph/reports/VISUAL/phase2/stormwood/contact_sheet_time_and_weather_01.jpg,godot --path . --rendering-driver opengl3 --resolution 1920x1080 --script tools/phase2_capture_storm_phases.gd -- --biome=stormwood --subset=stormwood__dynamo__12__the_stormheart_tree --seed=2042 --output=res://ralph/reports/VISUAL/phase2/stormwood/repro/stormwood__dynamo__12__the_stormheart_tree__day__close__fading,1d8dfc431f34747b6b7ae016e7757ae362f3fce1,native GPU Compatibility,ralph/reports/VISUAL/phase2/stormwood/weather/stormwood__dynamo__12__the_stormheart_tree__day__close__fading.jpg,7,contact_sheet_tile_320x180
stormwood__dynamo__12__the_stormheart_tree__golden__approach,stormwood,named_locations,The Stormheart Tree,stormwood__dynamo__12__the_stormheart_tree,off,dusk,unmeasured,approach,normal,ralph/reports/VISUAL/phase2/stormwood/contact_sheet_named_locations_02.jpg,godot --path . --rendering-driver opengl3 --resolution 1920x1080 --script tools/phase2_capture_locations.gd -- --biome=stormwood --subset=stormwood__dynamo__12__the_stormheart_tree --times=golden --views=approach --seed=2042 --output=res://ralph/reports/VISUAL/phase2/stormwood/repro/stormwood__dynamo__12__the_stormheart_tree__golden__approach,99274a3cfa654d2a5a655a91635db736829f236a,native GPU Compatibility,ralph/reports/VISUAL/phase2/stormwood/locations/stormwood__dynamo__12__the_stormheart_tree__golden__approach.jpg,20,contact_sheet_tile_320x180
stormwood__dynamo__12__the_stormheart_tree__golden__close,stormwood,named_locations,The Stormheart Tree,stormwood__dynamo__12__the_stormheart_tree,off,dusk,unmeasured,close,close,ralph/reports/VISUAL/phase2/stormwood/contact_sheet_named_locations_02.jpg,godot --path . --rendering-driver opengl3 --resolution 1920x1080 --script tools/phase2_capture_locations.gd -- --biome=stormwood --subset=stormwood__dynamo__12__the_stormheart_tree --times=golden --views=close --seed=2042 --output=res://ralph/reports/VISUAL/phase2/stormwood/repro/stormwood__dynamo__12__the_stormheart_tree__golden__close,99274a3cfa654d2a5a655a91635db736829f236a,native GPU Compatibility,ralph/reports/VISUAL/phase2/stormwood/locations/stormwood__dynamo__12__the_stormheart_tree__golden__close.jpg,21,contact_sheet_tile_320x180
stormwood__dynamo__12__the_stormheart_tree__night__approach,stormwood,named_locations,The Stormheart Tree,stormwood__dynamo__12__the_stormheart_tree,off,night,unmeasured,approach,normal,ralph/reports/VISUAL/phase2/stormwood/contact_sheet_named_locations_02.jpg,godot --path . --rendering-driver opengl3 --resolution 1920x1080 --script tools/phase2_capture_locations.gd -- --biome=stormwood --subset=stormwood__dynamo__12__the_stormheart_tree --times=night --views=approach --seed=2042 --output=res://ralph/reports/VISUAL/phase2/stormwood/repro/stormwood__dynamo__12__the_stormheart_tree__night__approach,99274a3cfa654d2a5a655a91635db736829f236a,native GPU Compatibility,ralph/reports/VISUAL/phase2/stormwood/locations/stormwood__dynamo__12__the_stormheart_tree__night__approach.jpg,22,contact_sheet_tile_320x180
stormwood__dynamo__12__the_stormheart_tree__night__close,stormwood,named_locations,The Stormheart Tree,stormwood__dynamo__12__the_stormheart_tree,off,night,unmeasured,close,close,ralph/reports/VISUAL/phase2/stormwood/contact_sheet_named_locations_02.jpg,godot --path . --rendering-driver opengl3 --resolution 1920x1080 --script tools/phase2_capture_locations.gd -- --biome=stormwood --subset=stormwood__dynamo__12__the_stormheart_tree --times=night --views=close --seed=2042 --output=res://ralph/reports/VISUAL/phase2/stormwood/repro/stormwood__dynamo__12__the_stormheart_tree__night__close,99274a3cfa654d2a5a655a91635db736829f236a,native GPU Compatibility,ralph/reports/VISUAL/phase2/stormwood/locations/stormwood__dynamo__12__the_stormheart_tree__night__close.jpg,23,contact_sheet_tile_320x180
stormwood__dynamo__12__the_stormheart_tree__route_day,stormwood,route_and_terrain,stormwood / dynamo / 12 / the stormheart tree,stormwood__dynamo__12__the_stormheart_tree,main,day,calm,close,close,ralph/reports/VISUAL/phase2/stormwood/contact_sheet_route_and_terrain_02.jpg,godot --path . --rendering-driver opengl3 --resolution 1920x1080 --script tools/phase2_capture_routes.gd -- --biome=stormwood --subset=stormwood__dynamo__12__the_stormheart_tree --seed=2042 --output=res://ralph/reports/VISUAL/phase2/stormwood/repro/stormwood__dynamo__12__the_stormheart_tree__route_day,1d8dfc431f34747b6b7ae016e7757ae362f3fce1,native GPU Compatibility,ralph/reports/VISUAL/phase2/stormwood/routes/stormwood__dynamo__12__the_stormheart_tree__route_day.jpg,11,contact_sheet_tile_320x180
stormwood__dynamo__12__the_stormheart_tree__vista_dusk,stormwood,route_and_terrain,stormwood / dynamo / 12 / the stormheart tree,stormwood__dynamo__12__the_stormheart_tree,main,dusk,calm,vista,vista,ralph/reports/VISUAL/phase2/stormwood/contact_sheet_route_and_terrain_02.jpg,godot --path . --rendering-driver opengl3 --resolution 1920x1080 --script tools/phase2_capture_routes.gd -- --biome=stormwood --subset=stormwood__dynamo__12__the_stormheart_tree --seed=2042 --output=res://ralph/reports/VISUAL/phase2/stormwood/repro/stormwood__dynamo__12__the_stormheart_tree__vista_dusk,1d8dfc431f34747b6b7ae016e7757ae362f3fce1,native GPU Compatibility,ralph/reports/VISUAL/phase2/stormwood/routes/stormwood__dynamo__12__the_stormheart_tree__vista_dusk.jpg,12,contact_sheet_tile_320x180
stormwood__dynamo__12__the_stormheart_tree__walk_01_day,stormwood,route_and_terrain,stormwood / dynamo / 12 / the stormheart tree,stormwood__dynamo__12__the_stormheart_tree,off,day,calm,close,close,ralph/reports/VISUAL/phase2/stormwood/contact_sheet_route_and_terrain_02.jpg,godot --path . --rendering-driver opengl3 --resolution 1920x1080 --script tools/phase2_capture_routes.gd -- --biome=stormwood --subset=stormwood__dynamo__12__the_stormheart_tree --seed=2042 --output=res://ralph/reports/VISUAL/phase2/stormwood/repro/stormwood__dynamo__12__the_stormheart_tree__walk_01_day,1d8dfc431f34747b6b7ae016e7757ae362f3fce1,native GPU Compatibility,ralph/reports/VISUAL/phase2/stormwood/routes/stormwood__dynamo__12__the_stormheart_tree__walk_01_day.jpg,13,contact_sheet_tile_320x180
stormwood__dynamo__12__the_stormheart_tree__walk_02_day,stormwood,route_and_terrain,stormwood / dynamo / 12 / the stormheart tree,stormwood__dynamo__12__the_stormheart_tree,off,day,calm,close,close,ralph/reports/VISUAL/phase2/stormwood/contact_sheet_route_and_terrain_02.jpg,godot --path . --rendering-driver opengl3 --resolution 1920x1080 --script tools/phase2_capture_routes.gd -- --biome=stormwood --subset=stormwood__dynamo__12__the_stormheart_tree --seed=2042 --output=res://ralph/reports/VISUAL/phase2/stormwood/repro/stormwood__dynamo__12__the_stormheart_tree__walk_02_day,1d8dfc431f34747b6b7ae016e7757ae362f3fce1,native GPU Compatibility,ralph/reports/VISUAL/phase2/stormwood/routes/stormwood__dynamo__12__the_stormheart_tree__walk_02_day.jpg,14,contact_sheet_tile_320x180
stormwood__dynamo__12__the_stormheart_tree__walk_03_day,stormwood,route_and_terrain,stormwood / dynamo / 12 / the stormheart tree,stormwood__dynamo__12__the_stormheart_tree,off,day,calm,close,close,ralph/reports/VISUAL/phase2/stormwood/contact_sheet_route_and_terrain_02.jpg,godot --path . --rendering-driver opengl3 --resolution 1920x1080 --script tools/phase2_capture_routes.gd -- --biome=stormwood --subset=stormwood__dynamo__12__the_stormheart_tree --seed=2042 --output=res://ralph/reports/VISUAL/phase2/stormwood/repro/stormwood__dynamo__12__the_stormheart_tree__walk_03_day,1d8dfc431f34747b6b7ae016e7757ae362f3fce1,native GPU Compatibility,ralph/reports/VISUAL/phase2/stormwood/routes/stormwood__dynamo__12__the_stormheart_tree__walk_03_day.jpg,15,contact_sheet_tile_320x180
stormwood__exploration_hud,stormwood,ui,HUD in exploration,,main,day,clear,exploration_hud,ui,ralph/reports/VISUAL/phase2/stormwood/contact_sheet_ui_01.jpg,godot --path . --rendering-driver opengl3 --resolution 1920x1080 --script tools/phase2_capture_ui.gd -- --biome=stormwood --seed=2042 --output=res://ralph/reports/VISUAL/phase2/stormwood/ui_repro,73dcf98b139672b1965e08a53671350df0bc20b9,native GPU Compatibility,ralph/reports/VISUAL/phase2/stormwood/ui/exploration_hud.jpg,0,contact_sheet_tile_320x180
stormwood__fight__capacitor_alpha-00-before,stormwood,systems,fights,capacitor_alpha,main,day,Calm,00-before,normal,ralph/reports/VISUAL/phase2/stormwood/contact_sheet_systems_01.jpg,godot --path . --rendering-driver opengl3 --resolution 1920x1080 --script tools/phase2_capture_stormwood_fights.gd -- --out=D:/tetherbound/x04-capture/ralph/reports/VISUAL/phase2/stormwood/repro/capacitor_alpha --ids=capacitor_alpha --seconds=18 --interval=1.0 --seed=2042,de0664f4c4a8f8d1f11402262c15a5cb2a6d5a16,GPU service Windows 1920x1080 gl_compatibility NVIDIA GeForce GTX 1060 3GB,ralph/reports/VISUAL/phase2/stormwood/systems/stormwood__fight__capacitor_alpha-00-before.png,12,contact_sheet_tile_320x180
stormwood__fight__capacitor_alpha-99-after,stormwood,systems,fights,capacitor_alpha,main,day,Calm,99-after,normal,ralph/reports/VISUAL/phase2/stormwood/contact_sheet_systems_01.jpg,godot --path . --rendering-driver opengl3 --resolution 1920x1080 --script tools/phase2_capture_stormwood_fights.gd -- --out=D:/tetherbound/x04-capture/ralph/reports/VISUAL/phase2/stormwood/repro/capacitor_alpha --ids=capacitor_alpha --seconds=18 --interval=1.0 --seed=2042,de0664f4c4a8f8d1f11402262c15a5cb2a6d5a16,GPU service Windows 1920x1080 gl_compatibility NVIDIA GeForce GTX 1060 3GB,ralph/reports/VISUAL/phase2/stormwood/systems/stormwood__fight__capacitor_alpha-99-after.png,13,contact_sheet_tile_320x180
stormwood__fight__capacitor_alpha-i00,stormwood,systems,fights,capacitor_alpha,main,day,Calm,i00,normal,ralph/reports/VISUAL/phase2/stormwood/contact_sheet_systems_01.jpg,godot --path . --rendering-driver opengl3 --resolution 1920x1080 --script tools/phase2_capture_stormwood_fights.gd -- --out=D:/tetherbound/x04-capture/ralph/reports/VISUAL/phase2/stormwood/repro/capacitor_alpha --ids=capacitor_alpha --seconds=18 --interval=1.0 --seed=2042,de0664f4c4a8f8d1f11402262c15a5cb2a6d5a16,GPU service Windows 1920x1080 gl_compatibility NVIDIA GeForce GTX 1060 3GB,ralph/reports/VISUAL/phase2/stormwood/systems/stormwood__fight__capacitor_alpha-i00.png,14,contact_sheet_tile_320x180
stormwood__fight__capacitor_alpha-i01,stormwood,systems,fights,capacitor_alpha,main,day,Calm,i01,normal,ralph/reports/VISUAL/phase2/stormwood/contact_sheet_systems_01.jpg,godot --path . --rendering-driver opengl3 --resolution 1920x1080 --script tools/phase2_capture_stormwood_fights.gd -- --out=D:/tetherbound/x04-capture/ralph/reports/VISUAL/phase2/stormwood/repro/capacitor_alpha --ids=capacitor_alpha --seconds=18 --interval=1.0 --seed=2042,de0664f4c4a8f8d1f11402262c15a5cb2a6d5a16,GPU service Windows 1920x1080 gl_compatibility NVIDIA GeForce GTX 1060 3GB,ralph/reports/VISUAL/phase2/stormwood/systems/stormwood__fight__capacitor_alpha-i01.png,15,contact_sheet_tile_320x180
stormwood__fight__capacitor_alpha-i02,stormwood,systems,fights,capacitor_alpha,main,day,Calm,i02,normal,ralph/reports/VISUAL/phase2/stormwood/contact_sheet_systems_01.jpg,godot --path . --rendering-driver opengl3 --resolution 1920x1080 --script tools/phase2_capture_stormwood_fights.gd -- --out=D:/tetherbound/x04-capture/ralph/reports/VISUAL/phase2/stormwood/repro/capacitor_alpha --ids=capacitor_alpha --seconds=18 --interval=1.0 --seed=2042,de0664f4c4a8f8d1f11402262c15a5cb2a6d5a16,GPU service Windows 1920x1080 gl_compatibility NVIDIA GeForce GTX 1060 3GB,ralph/reports/VISUAL/phase2/stormwood/systems/stormwood__fight__capacitor_alpha-i02.png,16,contact_sheet_tile_320x180
stormwood__fight__capacitor_alpha-i03,stormwood,systems,fights,capacitor_alpha,main,day,Calm,i03,normal,ralph/reports/VISUAL/phase2/stormwood/contact_sheet_systems_01.jpg,godot --path . --rendering-driver opengl3 --resolution 1920x1080 --script tools/phase2_capture_stormwood_fights.gd -- --out=D:/tetherbound/x04-capture/ralph/reports/VISUAL/phase2/stormwood/repro/capacitor_alpha --ids=capacitor_alpha --seconds=18 --interval=1.0 --seed=2042,de0664f4c4a8f8d1f11402262c15a5cb2a6d5a16,GPU service Windows 1920x1080 gl_compatibility NVIDIA GeForce GTX 1060 3GB,ralph/reports/VISUAL/phase2/stormwood/systems/stormwood__fight__capacitor_alpha-i03.png,17,contact_sheet_tile_320x180
stormwood__fight__capacitor_alpha-i04,stormwood,systems,fights,capacitor_alpha,main,day,Calm,i04,normal,ralph/reports/VISUAL/phase2/stormwood/contact_sheet_systems_01.jpg,godot --path . --rendering-driver opengl3 --resolution 1920x1080 --script tools/phase2_capture_stormwood_fights.gd -- --out=D:/tetherbound/x04-capture/ralph/reports/VISUAL/phase2/stormwood/repro/capacitor_alpha --ids=capacitor_alpha --seconds=18 --interval=1.0 --seed=2042,de0664f4c4a8f8d1f11402262c15a5cb2a6d5a16,GPU service Windows 1920x1080 gl_compatibility NVIDIA GeForce GTX 1060 3GB,ralph/reports/VISUAL/phase2/stormwood/systems/stormwood__fight__capacitor_alpha-i04.png,18,contact_sheet_tile_320x180
stormwood__fight__capacitor_alpha-i05,stormwood,systems,fights,capacitor_alpha,main,day,Calm,i05,normal,ralph/reports/VISUAL/phase2/stormwood/contact_sheet_systems_01.jpg,godot --path . --rendering-driver opengl3 --resolution 1920x1080 --script tools/phase2_capture_stormwood_fights.gd -- --out=D:/tetherbound/x04-capture/ralph/reports/VISUAL/phase2/stormwood/repro/capacitor_alpha --ids=capacitor_alpha --seconds=18 --interval=1.0 --seed=2042,de0664f4c4a8f8d1f11402262c15a5cb2a6d5a16,GPU service Windows 1920x1080 gl_compatibility NVIDIA GeForce GTX 1060 3GB,ralph/reports/VISUAL/phase2/stormwood/systems/stormwood__fight__capacitor_alpha-i05.png,19,contact_sheet_tile_320x180
stormwood__fight__capacitor_alpha-i06,stormwood,systems,fights,capacitor_alpha,main,day,Calm,i06,normal,ralph/reports/VISUAL/phase2/stormwood/contact_sheet_systems_01.jpg,godot --path . --rendering-driver opengl3 --resolution 1920x1080 --script tools/phase2_capture_stormwood_fights.gd -- --out=D:/tetherbound/x04-capture/ralph/reports/VISUAL/phase2/stormwood/repro/capacitor_alpha --ids=capacitor_alpha --seconds=18 --interval=1.0 --seed=2042,de0664f4c4a8f8d1f11402262c15a5cb2a6d5a16,GPU service Windows 1920x1080 gl_compatibility NVIDIA GeForce GTX 1060 3GB,ralph/reports/VISUAL/phase2/stormwood/systems/stormwood__fight__capacitor_alpha-i06.png,20,contact_sheet_tile_320x180
stormwood__fight__capacitor_alpha-i07,stormwood,systems,fights,capacitor_alpha,main,day,Calm,i07,normal,ralph/reports/VISUAL/phase2/stormwood/contact_sheet_systems_01.jpg,godot --path . --rendering-driver opengl3 --resolution 1920x1080 --script tools/phase2_capture_stormwood_fights.gd -- --out=D:/tetherbound/x04-capture/ralph/reports/VISUAL/phase2/stormwood/repro/capacitor_alpha --ids=capacitor_alpha --seconds=18 --interval=1.0 --seed=2042,de0664f4c4a8f8d1f11402262c15a5cb2a6d5a16,GPU service Windows 1920x1080 gl_compatibility NVIDIA GeForce GTX 1060 3GB,ralph/reports/VISUAL/phase2/stormwood/systems/stormwood__fight__capacitor_alpha-i07.png,21,contact_sheet_tile_320x180
stormwood__fight__capacitor_alpha-i08,stormwood,systems,fights,capacitor_alpha,main,day,Calm,i08,normal,ralph/reports/VISUAL/phase2/stormwood/contact_sheet_systems_01.jpg,godot --path . --rendering-driver opengl3 --resolution 1920x1080 --script tools/phase2_capture_stormwood_fights.gd -- --out=D:/tetherbound/x04-capture/ralph/reports/VISUAL/phase2/stormwood/repro/capacitor_alpha --ids=capacitor_alpha --seconds=18 --interval=1.0 --seed=2042,de0664f4c4a8f8d1f11402262c15a5cb2a6d5a16,GPU service Windows 1920x1080 gl_compatibility NVIDIA GeForce GTX 1060 3GB,ralph/reports/VISUAL/phase2/stormwood/systems/stormwood__fight__capacitor_alpha-i08.png,22,contact_sheet_tile_320x180
stormwood__fight__capacitor_alpha-i09,stormwood,systems,fights,capacitor_alpha,main,day,Calm,i09,normal,ralph/reports/VISUAL/phase2/stormwood/contact_sheet_systems_01.jpg,godot --path . --rendering-driver opengl3 --resolution 1920x1080 --script tools/phase2_capture_stormwood_fights.gd -- --out=D:/tetherbound/x04-capture/ralph/reports/VISUAL/phase2/stormwood/repro/capacitor_alpha --ids=capacitor_alpha --seconds=18 --interval=1.0 --seed=2042,de0664f4c4a8f8d1f11402262c15a5cb2a6d5a16,GPU service Windows 1920x1080 gl_compatibility NVIDIA GeForce GTX 1060 3GB,ralph/reports/VISUAL/phase2/stormwood/systems/stormwood__fight__capacitor_alpha-i09.png,23,contact_sheet_tile_320x180
stormwood__fight__capacitor_alpha-i10,stormwood,systems,fights,capacitor_alpha,main,day,Calm,i10,normal,ralph/reports/VISUAL/phase2/stormwood/contact_sheet_systems_02.jpg,godot --path . --rendering-driver opengl3 --resolution 1920x1080 --script tools/phase2_capture_stormwood_fights.gd -- --out=D:/tetherbound/x04-capture/ralph/reports/VISUAL/phase2/stormwood/repro/capacitor_alpha --ids=capacitor_alpha --seconds=18 --interval=1.0 --seed=2042,de0664f4c4a8f8d1f11402262c15a5cb2a6d5a16,GPU service Windows 1920x1080 gl_compatibility NVIDIA GeForce GTX 1060 3GB,ralph/reports/VISUAL/phase2/stormwood/systems/stormwood__fight__capacitor_alpha-i10.png,0,contact_sheet_tile_320x180
stormwood__fight__capacitor_alpha-i11,stormwood,systems,fights,capacitor_alpha,main,day,Calm,i11,normal,ralph/reports/VISUAL/phase2/stormwood/contact_sheet_systems_02.jpg,godot --path . --rendering-driver opengl3 --resolution 1920x1080 --script tools/phase2_capture_stormwood_fights.gd -- --out=D:/tetherbound/x04-capture/ralph/reports/VISUAL/phase2/stormwood/repro/capacitor_alpha --ids=capacitor_alpha --seconds=18 --interval=1.0 --seed=2042,de0664f4c4a8f8d1f11402262c15a5cb2a6d5a16,GPU service Windows 1920x1080 gl_compatibility NVIDIA GeForce GTX 1060 3GB,ralph/reports/VISUAL/phase2/stormwood/systems/stormwood__fight__capacitor_alpha-i11.png,1,contact_sheet_tile_320x180
stormwood__fight__capacitor_alpha-i12,stormwood,systems,fights,capacitor_alpha,main,day,Calm,i12,normal,ralph/reports/VISUAL/phase2/stormwood/contact_sheet_systems_02.jpg,godot --path . --rendering-driver opengl3 --resolution 1920x1080 --script tools/phase2_capture_stormwood_fights.gd -- --out=D:/tetherbound/x04-capture/ralph/reports/VISUAL/phase2/stormwood/repro/capacitor_alpha --ids=capacitor_alpha --seconds=18 --interval=1.0 --seed=2042,de0664f4c4a8f8d1f11402262c15a5cb2a6d5a16,GPU service Windows 1920x1080 gl_compatibility NVIDIA GeForce GTX 1060 3GB,ralph/reports/VISUAL/phase2/stormwood/systems/stormwood__fight__capacitor_alpha-i12.png,2,contact_sheet_tile_320x180
stormwood__fight__capacitor_alpha-i13,stormwood,systems,fights,capacitor_alpha,main,day,Calm,i13,normal,ralph/reports/VISUAL/phase2/stormwood/contact_sheet_systems_02.jpg,godot --path . --rendering-driver opengl3 --resolution 1920x1080 --script tools/phase2_capture_stormwood_fights.gd -- --out=D:/tetherbound/x04-capture/ralph/reports/VISUAL/phase2/stormwood/repro/capacitor_alpha --ids=capacitor_alpha --seconds=18 --interval=1.0 --seed=2042,de0664f4c4a8f8d1f11402262c15a5cb2a6d5a16,GPU service Windows 1920x1080 gl_compatibility NVIDIA GeForce GTX 1060 3GB,ralph/reports/VISUAL/phase2/stormwood/systems/stormwood__fight__capacitor_alpha-i13.png,3,contact_sheet_tile_320x180
stormwood__fight__capacitor_alpha-i14,stormwood,systems,fights,capacitor_alpha,main,day,Calm,i14,normal,ralph/reports/VISUAL/phase2/stormwood/contact_sheet_systems_02.jpg,godot --path . --rendering-driver opengl3 --resolution 1920x1080 --script tools/phase2_capture_stormwood_fights.gd -- --out=D:/tetherbound/x04-capture/ralph/reports/VISUAL/phase2/stormwood/repro/capacitor_alpha --ids=capacitor_alpha --seconds=18 --interval=1.0 --seed=2042,de0664f4c4a8f8d1f11402262c15a5cb2a6d5a16,GPU service Windows 1920x1080 gl_compatibility NVIDIA GeForce GTX 1060 3GB,ralph/reports/VISUAL/phase2/stormwood/systems/stormwood__fight__capacitor_alpha-i14.png,4,contact_sheet_tile_320x180
stormwood__fight__capacitor_alpha-i15,stormwood,systems,fights,capacitor_alpha,main,day,Calm,i15,normal,ralph/reports/VISUAL/phase2/stormwood/contact_sheet_systems_02.jpg,godot --path . --rendering-driver opengl3 --resolution 1920x1080 --script tools/phase2_capture_stormwood_fights.gd -- --out=D:/tetherbound/x04-capture/ralph/reports/VISUAL/phase2/stormwood/repro/capacitor_alpha --ids=capacitor_alpha --seconds=18 --interval=1.0 --seed=2042,de0664f4c4a8f8d1f11402262c15a5cb2a6d5a16,GPU service Windows 1920x1080 gl_compatibility NVIDIA GeForce GTX 1060 3GB,ralph/reports/VISUAL/phase2/stormwood/systems/stormwood__fight__capacitor_alpha-i15.png,5,contact_sheet_tile_320x180
stormwood__fight__capacitor_alpha-i16,stormwood,systems,fights,capacitor_alpha,main,day,Calm,i16,normal,ralph/reports/VISUAL/phase2/stormwood/contact_sheet_systems_02.jpg,godot --path . --rendering-driver opengl3 --resolution 1920x1080 --script tools/phase2_capture_stormwood_fights.gd -- --out=D:/tetherbound/x04-capture/ralph/reports/VISUAL/phase2/stormwood/repro/capacitor_alpha --ids=capacitor_alpha --seconds=18 --interval=1.0 --seed=2042,de0664f4c4a8f8d1f11402262c15a5cb2a6d5a16,GPU service Windows 1920x1080 gl_compatibility NVIDIA GeForce GTX 1060 3GB,ralph/reports/VISUAL/phase2/stormwood/systems/stormwood__fight__capacitor_alpha-i16.png,6,contact_sheet_tile_320x180
stormwood__fight__capacitor_alpha-i17,stormwood,systems,fights,capacitor_alpha,main,day,Calm,i17,normal,ralph/reports/VISUAL/phase2/stormwood/contact_sheet_systems_02.jpg,godot --path . --rendering-driver opengl3 --resolution 1920x1080 --script tools/phase2_capture_stormwood_fights.gd -- --out=D:/tetherbound/x04-capture/ralph/reports/VISUAL/phase2/stormwood/repro/capacitor_alpha --ids=capacitor_alpha --seconds=18 --interval=1.0 --seed=2042,de0664f4c4a8f8d1f11402262c15a5cb2a6d5a16,GPU service Windows 1920x1080 gl_compatibility NVIDIA GeForce GTX 1060 3GB,ralph/reports/VISUAL/phase2/stormwood/systems/stormwood__fight__capacitor_alpha-i17.png,7,contact_sheet_tile_320x180
stormwood__fight__capacitor_alpha-tell1-a-start,stormwood,systems,fights,capacitor_alpha,main,day,Calm,tell1-a-start,normal,ralph/reports/VISUAL/phase2/stormwood/contact_sheet_systems_02.jpg,godot --path . --rendering-driver opengl3 --resolution 1920x1080 --script tools/phase2_capture_stormwood_fights.gd -- --out=D:/tetherbound/x04-capture/ralph/reports/VISUAL/phase2/stormwood/repro/capacitor_alpha --ids=capacitor_alpha --seconds=18 --interval=1.0 --seed=2042,de0664f4c4a8f8d1f11402262c15a5cb2a6d5a16,GPU service Windows 1920x1080 gl_compatibility NVIDIA GeForce GTX 1060 3GB,ralph/reports/VISUAL/phase2/stormwood/systems/stormwood__fight__capacitor_alpha-tell1-a-start.png,8,contact_sheet_tile_320x180
stormwood__fight__capacitor_alpha-tell1-b-mid,stormwood,systems,fights,capacitor_alpha,main,day,Calm,tell1-b-mid,normal,ralph/reports/VISUAL/phase2/stormwood/contact_sheet_systems_02.jpg,godot --path . --rendering-driver opengl3 --resolution 1920x1080 --script tools/phase2_capture_stormwood_fights.gd -- --out=D:/tetherbound/x04-capture/ralph/reports/VISUAL/phase2/stormwood/repro/capacitor_alpha --ids=capacitor_alpha --seconds=18 --interval=1.0 --seed=2042,de0664f4c4a8f8d1f11402262c15a5cb2a6d5a16,GPU service Windows 1920x1080 gl_compatibility NVIDIA GeForce GTX 1060 3GB,ralph/reports/VISUAL/phase2/stormwood/systems/stormwood__fight__capacitor_alpha-tell1-b-mid.png,9,contact_sheet_tile_320x180
stormwood__fight__capacitor_alpha-tell1-c-late,stormwood,systems,fights,capacitor_alpha,main,day,Calm,tell1-c-late,normal,ralph/reports/VISUAL/phase2/stormwood/contact_sheet_systems_02.jpg,godot --path . --rendering-driver opengl3 --resolution 1920x1080 --script tools/phase2_capture_stormwood_fights.gd -- --out=D:/tetherbound/x04-capture/ralph/reports/VISUAL/phase2/stormwood/repro/capacitor_alpha --ids=capacitor_alpha --seconds=18 --interval=1.0 --seed=2042,de0664f4c4a8f8d1f11402262c15a5cb2a6d5a16,GPU service Windows 1920x1080 gl_compatibility NVIDIA GeForce GTX 1060 3GB,ralph/reports/VISUAL/phase2/stormwood/systems/stormwood__fight__capacitor_alpha-tell1-c-late.png,10,contact_sheet_tile_320x180
stormwood__fight__capacitor_alpha-tell1-d-strike,stormwood,systems,fights,capacitor_alpha,main,day,Calm,tell1-d-strike,normal,ralph/reports/VISUAL/phase2/stormwood/contact_sheet_systems_02.jpg,godot --path . --rendering-driver opengl3 --resolution 1920x1080 --script tools/phase2_capture_stormwood_fights.gd -- --out=D:/tetherbound/x04-capture/ralph/reports/VISUAL/phase2/stormwood/repro/capacitor_alpha --ids=capacitor_alpha --seconds=18 --interval=1.0 --seed=2042,de0664f4c4a8f8d1f11402262c15a5cb2a6d5a16,GPU service Windows 1920x1080 gl_compatibility NVIDIA GeForce GTX 1060 3GB,ralph/reports/VISUAL/phase2/stormwood/systems/stormwood__fight__capacitor_alpha-tell1-d-strike.png,11,contact_sheet_tile_320x180
stormwood__fight__capacitor_alpha-tell1-e-impact,stormwood,systems,fights,capacitor_alpha,main,day,Calm,tell1-e-impact,normal,ralph/reports/VISUAL/phase2/stormwood/contact_sheet_systems_02.jpg,godot --path . --rendering-driver opengl3 --resolution 1920x1080 --script tools/phase2_capture_stormwood_fights.gd -- --out=D:/tetherbound/x04-capture/ralph/reports/VISUAL/phase2/stormwood/repro/capacitor_alpha --ids=capacitor_alpha --seconds=18 --interval=1.0 --seed=2042,de0664f4c4a8f8d1f11402262c15a5cb2a6d5a16,GPU service Windows 1920x1080 gl_compatibility NVIDIA GeForce GTX 1060 3GB,ralph/reports/VISUAL/phase2/stormwood/systems/stormwood__fight__capacitor_alpha-tell1-e-impact.png,12,contact_sheet_tile_320x180
stormwood__fight__capacitor_alpha-tell1-f-recovery,stormwood,systems,fights,capacitor_alpha,main,day,Calm,tell1-f-recovery,normal,ralph/reports/VISUAL/phase2/stormwood/contact_sheet_systems_02.jpg,godot --path . --rendering-driver opengl3 --resolution 1920x1080 --script tools/phase2_capture_stormwood_fights.gd -- --out=D:/tetherbound/x04-capture/ralph/reports/VISUAL/phase2/stormwood/repro/capacitor_alpha --ids=capacitor_alpha --seconds=18 --interval=1.0 --seed=2042,de0664f4c4a8f8d1f11402262c15a5cb2a6d5a16,GPU service Windows 1920x1080 gl_compatibility NVIDIA GeForce GTX 1060 3GB,ralph/reports/VISUAL/phase2/stormwood/systems/stormwood__fight__capacitor_alpha-tell1-f-recovery.png,13,contact_sheet_tile_320x180
stormwood__fight__capacitor_alpha-tell2-a-start,stormwood,systems,fights,capacitor_alpha,main,day,Calm,tell2-a-start,normal,ralph/reports/VISUAL/phase2/stormwood/contact_sheet_systems_02.jpg,godot --path . --rendering-driver opengl3 --resolution 1920x1080 --script tools/phase2_capture_stormwood_fights.gd -- --out=D:/tetherbound/x04-capture/ralph/reports/VISUAL/phase2/stormwood/repro/capacitor_alpha --ids=capacitor_alpha --seconds=18 --interval=1.0 --seed=2042,de0664f4c4a8f8d1f11402262c15a5cb2a6d5a16,GPU service Windows 1920x1080 gl_compatibility NVIDIA GeForce GTX 1060 3GB,ralph/reports/VISUAL/phase2/stormwood/systems/stormwood__fight__capacitor_alpha-tell2-a-start.png,14,contact_sheet_tile_320x180
stormwood__fight__capacitor_alpha-tell2-b-mid,stormwood,systems,fights,capacitor_alpha,main,day,Calm,tell2-b-mid,normal,ralph/reports/VISUAL/phase2/stormwood/contact_sheet_systems_02.jpg,godot --path . --rendering-driver opengl3 --resolution 1920x1080 --script tools/phase2_capture_stormwood_fights.gd -- --out=D:/tetherbound/x04-capture/ralph/reports/VISUAL/phase2/stormwood/repro/capacitor_alpha --ids=capacitor_alpha --seconds=18 --interval=1.0 --seed=2042,de0664f4c4a8f8d1f11402262c15a5cb2a6d5a16,GPU service Windows 1920x1080 gl_compatibility NVIDIA GeForce GTX 1060 3GB,ralph/reports/VISUAL/phase2/stormwood/systems/stormwood__fight__capacitor_alpha-tell2-b-mid.png,15,contact_sheet_tile_320x180
stormwood__fight__capacitor_alpha-tell2-c-late,stormwood,systems,fights,capacitor_alpha,main,day,Calm,tell2-c-late,normal,ralph/reports/VISUAL/phase2/stormwood/contact_sheet_systems_02.jpg,godot --path . --rendering-driver opengl3 --resolution 1920x1080 --script tools/phase2_capture_stormwood_fights.gd -- --out=D:/tetherbound/x04-capture/ralph/reports/VISUAL/phase2/stormwood/repro/capacitor_alpha --ids=capacitor_alpha --seconds=18 --interval=1.0 --seed=2042,de0664f4c4a8f8d1f11402262c15a5cb2a6d5a16,GPU service Windows 1920x1080 gl_compatibility NVIDIA GeForce GTX 1060 3GB,ralph/reports/VISUAL/phase2/stormwood/systems/stormwood__fight__capacitor_alpha-tell2-c-late.png,16,contact_sheet_tile_320x180
stormwood__fight__capacitor_alpha-tell2-d-strike,stormwood,systems,fights,capacitor_alpha,main,day,Calm,tell2-d-strike,normal,ralph/reports/VISUAL/phase2/stormwood/contact_sheet_systems_02.jpg,godot --path . --rendering-driver opengl3 --resolution 1920x1080 --script tools/phase2_capture_stormwood_fights.gd -- --out=D:/tetherbound/x04-capture/ralph/reports/VISUAL/phase2/stormwood/repro/capacitor_alpha --ids=capacitor_alpha --seconds=18 --interval=1.0 --seed=2042,de0664f4c4a8f8d1f11402262c15a5cb2a6d5a16,GPU service Windows 1920x1080 gl_compatibility NVIDIA GeForce GTX 1060 3GB,ralph/reports/VISUAL/phase2/stormwood/systems/stormwood__fight__capacitor_alpha-tell2-d-strike.png,17,contact_sheet_tile_320x180
stormwood__fight__capacitor_alpha-tell2-e-impact,stormwood,systems,fights,capacitor_alpha,main,day,Calm,tell2-e-impact,normal,ralph/reports/VISUAL/phase2/stormwood/contact_sheet_systems_02.jpg,godot --path . --rendering-driver opengl3 --resolution 1920x1080 --script tools/phase2_capture_stormwood_fights.gd -- --out=D:/tetherbound/x04-capture/ralph/reports/VISUAL/phase2/stormwood/repro/capacitor_alpha --ids=capacitor_alpha --seconds=18 --interval=1.0 --seed=2042,de0664f4c4a8f8d1f11402262c15a5cb2a6d5a16,GPU service Windows 1920x1080 gl_compatibility NVIDIA GeForce GTX 1060 3GB,ralph/reports/VISUAL/phase2/stormwood/systems/stormwood__fight__capacitor_alpha-tell2-e-impact.png,18,contact_sheet_tile_320x180
stormwood__fight__capacitor_alpha-tell2-f-recovery,stormwood,systems,fights,capacitor_alpha,main,day,Calm,tell2-f-recovery,normal,ralph/reports/VISUAL/phase2/stormwood/contact_sheet_systems_02.jpg,godot --path . --rendering-driver opengl3 --resolution 1920x1080 --script tools/phase2_capture_stormwood_fights.gd -- --out=D:/tetherbound/x04-capture/ralph/reports/VISUAL/phase2/stormwood/repro/capacitor_alpha --ids=capacitor_alpha --seconds=18 --interval=1.0 --seed=2042,de0664f4c4a8f8d1f11402262c15a5cb2a6d5a16,GPU service Windows 1920x1080 gl_compatibility NVIDIA GeForce GTX 1060 3GB,ralph/reports/VISUAL/phase2/stormwood/systems/stormwood__fight__capacitor_alpha-tell2-f-recovery.png,19,contact_sheet_tile_320x180
stormwood__fight__capacitor_alpha-tell3-a-start,stormwood,systems,fights,capacitor_alpha,main,day,Calm,tell3-a-start,normal,ralph/reports/VISUAL/phase2/stormwood/contact_sheet_systems_02.jpg,godot --path . --rendering-driver opengl3 --resolution 1920x1080 --script tools/phase2_capture_stormwood_fights.gd -- --out=D:/tetherbound/x04-capture/ralph/reports/VISUAL/phase2/stormwood/repro/capacitor_alpha --ids=capacitor_alpha --seconds=18 --interval=1.0 --seed=2042,de0664f4c4a8f8d1f11402262c15a5cb2a6d5a16,GPU service Windows 1920x1080 gl_compatibility NVIDIA GeForce GTX 1060 3GB,ralph/reports/VISUAL/phase2/stormwood/systems/stormwood__fight__capacitor_alpha-tell3-a-start.png,20,contact_sheet_tile_320x180
stormwood__fight__capacitor_alpha-tell3-b-mid,stormwood,systems,fights,capacitor_alpha,main,day,Calm,tell3-b-mid,normal,ralph/reports/VISUAL/phase2/stormwood/contact_sheet_systems_02.jpg,godot --path . --rendering-driver opengl3 --resolution 1920x1080 --script tools/phase2_capture_stormwood_fights.gd -- --out=D:/tetherbound/x04-capture/ralph/reports/VISUAL/phase2/stormwood/repro/capacitor_alpha --ids=capacitor_alpha --seconds=18 --interval=1.0 --seed=2042,de0664f4c4a8f8d1f11402262c15a5cb2a6d5a16,GPU service Windows 1920x1080 gl_compatibility NVIDIA GeForce GTX 1060 3GB,ralph/reports/VISUAL/phase2/stormwood/systems/stormwood__fight__capacitor_alpha-tell3-b-mid.png,21,contact_sheet_tile_320x180
stormwood__fight__capacitor_alpha-tell3-c-late,stormwood,systems,fights,capacitor_alpha,main,day,Calm,tell3-c-late,normal,ralph/reports/VISUAL/phase2/stormwood/contact_sheet_systems_02.jpg,godot --path . --rendering-driver opengl3 --resolution 1920x1080 --script tools/phase2_capture_stormwood_fights.gd -- --out=D:/tetherbound/x04-capture/ralph/reports/VISUAL/phase2/stormwood/repro/capacitor_alpha --ids=capacitor_alpha --seconds=18 --interval=1.0 --seed=2042,de0664f4c4a8f8d1f11402262c15a5cb2a6d5a16,GPU service Windows 1920x1080 gl_compatibility NVIDIA GeForce GTX 1060 3GB,ralph/reports/VISUAL/phase2/stormwood/systems/stormwood__fight__capacitor_alpha-tell3-c-late.png,22,contact_sheet_tile_320x180
stormwood__fight__capacitor_alpha-tell3-d-strike,stormwood,systems,fights,capacitor_alpha,main,day,Calm,tell3-d-strike,normal,ralph/reports/VISUAL/phase2/stormwood/contact_sheet_systems_02.jpg,godot --path . --rendering-driver opengl3 --resolution 1920x1080 --script tools/phase2_capture_stormwood_fights.gd -- --out=D:/tetherbound/x04-capture/ralph/reports/VISUAL/phase2/stormwood/repro/capacitor_alpha --ids=capacitor_alpha --seconds=18 --interval=1.0 --seed=2042,de0664f4c4a8f8d1f11402262c15a5cb2a6d5a16,GPU service Windows 1920x1080 gl_compatibility NVIDIA GeForce GTX 1060 3GB,ralph/reports/VISUAL/phase2/stormwood/systems/stormwood__fight__capacitor_alpha-tell3-d-strike.png,23,contact_sheet_tile_320x180
stormwood__fight__capacitor_alpha-tell3-e-impact,stormwood,systems,fights,capacitor_alpha,main,day,Calm,tell3-e-impact,normal,ralph/reports/VISUAL/phase2/stormwood/contact_sheet_systems_03.jpg,godot --path . --rendering-driver opengl3 --resolution 1920x1080 --script tools/phase2_capture_stormwood_fights.gd -- --out=D:/tetherbound/x04-capture/ralph/reports/VISUAL/phase2/stormwood/repro/capacitor_alpha --ids=capacitor_alpha --seconds=18 --interval=1.0 --seed=2042,de0664f4c4a8f8d1f11402262c15a5cb2a6d5a16,GPU service Windows 1920x1080 gl_compatibility NVIDIA GeForce GTX 1060 3GB,ralph/reports/VISUAL/phase2/stormwood/systems/stormwood__fight__capacitor_alpha-tell3-e-impact.png,0,contact_sheet_tile_320x180
stormwood__fight__capacitor_alpha-tell3-f-recovery,stormwood,systems,fights,capacitor_alpha,main,day,Calm,tell3-f-recovery,normal,ralph/reports/VISUAL/phase2/stormwood/contact_sheet_systems_03.jpg,godot --path . --rendering-driver opengl3 --resolution 1920x1080 --script tools/phase2_capture_stormwood_fights.gd -- --out=D:/tetherbound/x04-capture/ralph/reports/VISUAL/phase2/stormwood/repro/capacitor_alpha --ids=capacitor_alpha --seconds=18 --interval=1.0 --seed=2042,de0664f4c4a8f8d1f11402262c15a5cb2a6d5a16,GPU service Windows 1920x1080 gl_compatibility NVIDIA GeForce GTX 1060 3GB,ralph/reports/VISUAL/phase2/stormwood/systems/stormwood__fight__capacitor_alpha-tell3-f-recovery.png,1,contact_sheet_tile_320x180
stormwood__fight__hollows_aftermath__hollows_alpha-100-aftermath,stormwood,systems,fights,hollows_alpha,main,day,Calm,100-aftermath,normal,ralph/reports/VISUAL/phase2/stormwood/contact_sheet_systems_03.jpg,godot --path . --rendering-driver opengl3 --resolution 1920x1080 --script tools/phase2_capture_stormwood_fights.gd -- --out=D:/tetherbound/x04-capture/ralph/reports/VISUAL/phase2/stormwood/repro/hollows_alpha --ids=hollows_alpha --seconds=120 --interval=8 --seed=2042,e9cc35d5bd09faab0b2b81826e11003816fe969a,GPU service Windows 1920x1080 gl_compatibility NVIDIA GeForce GTX 1060 3GB,ralph/reports/VISUAL/phase2/stormwood/systems/stormwood__fight__hollows_aftermath__hollows_alpha-100-aftermath.png,2,contact_sheet_tile_320x180
stormwood__fight__hollows_alpha-00-before,stormwood,systems,fights,hollows_alpha,main,day,Calm,00-before,normal,ralph/reports/VISUAL/phase2/stormwood/contact_sheet_systems_03.jpg,godot --path . --rendering-driver opengl3 --resolution 1920x1080 --script tools/phase2_capture_stormwood_fights.gd -- --out=D:/tetherbound/x04-capture/ralph/reports/VISUAL/phase2/stormwood/repro/hollows_alpha --ids=hollows_alpha --seconds=18 --interval=1.0 --seed=2042,de0664f4c4a8f8d1f11402262c15a5cb2a6d5a16,GPU service Windows 1920x1080 gl_compatibility NVIDIA GeForce GTX 1060 3GB,ralph/reports/VISUAL/phase2/stormwood/systems/stormwood__fight__hollows_alpha-00-before.png,3,contact_sheet_tile_320x180
stormwood__fight__hollows_alpha-99-after,stormwood,systems,fights,hollows_alpha,main,day,Calm,99-after,normal,ralph/reports/VISUAL/phase2/stormwood/contact_sheet_systems_03.jpg,godot --path . --rendering-driver opengl3 --resolution 1920x1080 --script tools/phase2_capture_stormwood_fights.gd -- --out=D:/tetherbound/x04-capture/ralph/reports/VISUAL/phase2/stormwood/repro/hollows_alpha --ids=hollows_alpha --seconds=18 --interval=1.0 --seed=2042,de0664f4c4a8f8d1f11402262c15a5cb2a6d5a16,GPU service Windows 1920x1080 gl_compatibility NVIDIA GeForce GTX 1060 3GB,ralph/reports/VISUAL/phase2/stormwood/systems/stormwood__fight__hollows_alpha-99-after.png,4,contact_sheet_tile_320x180
stormwood__fight__hollows_alpha-i00,stormwood,systems,fights,hollows_alpha,main,day,Calm,i00,normal,ralph/reports/VISUAL/phase2/stormwood/contact_sheet_systems_03.jpg,godot --path . --rendering-driver opengl3 --resolution 1920x1080 --script tools/phase2_capture_stormwood_fights.gd -- --out=D:/tetherbound/x04-capture/ralph/reports/VISUAL/phase2/stormwood/repro/hollows_alpha --ids=hollows_alpha --seconds=18 --interval=1.0 --seed=2042,de0664f4c4a8f8d1f11402262c15a5cb2a6d5a16,GPU service Windows 1920x1080 gl_compatibility NVIDIA GeForce GTX 1060 3GB,ralph/reports/VISUAL/phase2/stormwood/systems/stormwood__fight__hollows_alpha-i00.png,5,contact_sheet_tile_320x180
stormwood__fight__hollows_alpha-i01,stormwood,systems,fights,hollows_alpha,main,day,Calm,i01,normal,ralph/reports/VISUAL/phase2/stormwood/contact_sheet_systems_03.jpg,godot --path . --rendering-driver opengl3 --resolution 1920x1080 --script tools/phase2_capture_stormwood_fights.gd -- --out=D:/tetherbound/x04-capture/ralph/reports/VISUAL/phase2/stormwood/repro/hollows_alpha --ids=hollows_alpha --seconds=18 --interval=1.0 --seed=2042,de0664f4c4a8f8d1f11402262c15a5cb2a6d5a16,GPU service Windows 1920x1080 gl_compatibility NVIDIA GeForce GTX 1060 3GB,ralph/reports/VISUAL/phase2/stormwood/systems/stormwood__fight__hollows_alpha-i01.png,6,contact_sheet_tile_320x180
stormwood__fight__hollows_alpha-i02,stormwood,systems,fights,hollows_alpha,main,day,Calm,i02,normal,ralph/reports/VISUAL/phase2/stormwood/contact_sheet_systems_03.jpg,godot --path . --rendering-driver opengl3 --resolution 1920x1080 --script tools/phase2_capture_stormwood_fights.gd -- --out=D:/tetherbound/x04-capture/ralph/reports/VISUAL/phase2/stormwood/repro/hollows_alpha --ids=hollows_alpha --seconds=18 --interval=1.0 --seed=2042,de0664f4c4a8f8d1f11402262c15a5cb2a6d5a16,GPU service Windows 1920x1080 gl_compatibility NVIDIA GeForce GTX 1060 3GB,ralph/reports/VISUAL/phase2/stormwood/systems/stormwood__fight__hollows_alpha-i02.png,7,contact_sheet_tile_320x180
stormwood__fight__hollows_alpha-i03,stormwood,systems,fights,hollows_alpha,main,day,Calm,i03,normal,ralph/reports/VISUAL/phase2/stormwood/contact_sheet_systems_03.jpg,godot --path . --rendering-driver opengl3 --resolution 1920x1080 --script tools/phase2_capture_stormwood_fights.gd -- --out=D:/tetherbound/x04-capture/ralph/reports/VISUAL/phase2/stormwood/repro/hollows_alpha --ids=hollows_alpha --seconds=18 --interval=1.0 --seed=2042,de0664f4c4a8f8d1f11402262c15a5cb2a6d5a16,GPU service Windows 1920x1080 gl_compatibility NVIDIA GeForce GTX 1060 3GB,ralph/reports/VISUAL/phase2/stormwood/systems/stormwood__fight__hollows_alpha-i03.png,8,contact_sheet_tile_320x180
stormwood__fight__hollows_alpha-i04,stormwood,systems,fights,hollows_alpha,main,day,Calm,i04,normal,ralph/reports/VISUAL/phase2/stormwood/contact_sheet_systems_03.jpg,godot --path . --rendering-driver opengl3 --resolution 1920x1080 --script tools/phase2_capture_stormwood_fights.gd -- --out=D:/tetherbound/x04-capture/ralph/reports/VISUAL/phase2/stormwood/repro/hollows_alpha --ids=hollows_alpha --seconds=18 --interval=1.0 --seed=2042,de0664f4c4a8f8d1f11402262c15a5cb2a6d5a16,GPU service Windows 1920x1080 gl_compatibility NVIDIA GeForce GTX 1060 3GB,ralph/reports/VISUAL/phase2/stormwood/systems/stormwood__fight__hollows_alpha-i04.png,9,contact_sheet_tile_320x180
stormwood__fight__hollows_alpha-i05,stormwood,systems,fights,hollows_alpha,main,day,Calm,i05,normal,ralph/reports/VISUAL/phase2/stormwood/contact_sheet_systems_03.jpg,godot --path . --rendering-driver opengl3 --resolution 1920x1080 --script tools/phase2_capture_stormwood_fights.gd -- --out=D:/tetherbound/x04-capture/ralph/reports/VISUAL/phase2/stormwood/repro/hollows_alpha --ids=hollows_alpha --seconds=18 --interval=1.0 --seed=2042,de0664f4c4a8f8d1f11402262c15a5cb2a6d5a16,GPU service Windows 1920x1080 gl_compatibility NVIDIA GeForce GTX 1060 3GB,ralph/reports/VISUAL/phase2/stormwood/systems/stormwood__fight__hollows_alpha-i05.png,10,contact_sheet_tile_320x180
stormwood__fight__hollows_alpha-i06,stormwood,systems,fights,hollows_alpha,main,day,Calm,i06,normal,ralph/reports/VISUAL/phase2/stormwood/contact_sheet_systems_03.jpg,godot --path . --rendering-driver opengl3 --resolution 1920x1080 --script tools/phase2_capture_stormwood_fights.gd -- --out=D:/tetherbound/x04-capture/ralph/reports/VISUAL/phase2/stormwood/repro/hollows_alpha --ids=hollows_alpha --seconds=18 --interval=1.0 --seed=2042,de0664f4c4a8f8d1f11402262c15a5cb2a6d5a16,GPU service Windows 1920x1080 gl_compatibility NVIDIA GeForce GTX 1060 3GB,ralph/reports/VISUAL/phase2/stormwood/systems/stormwood__fight__hollows_alpha-i06.png,11,contact_sheet_tile_320x180
stormwood__fight__hollows_alpha-i07,stormwood,systems,fights,hollows_alpha,main,day,Calm,i07,normal,ralph/reports/VISUAL/phase2/stormwood/contact_sheet_systems_03.jpg,godot --path . --rendering-driver opengl3 --resolution 1920x1080 --script tools/phase2_capture_stormwood_fights.gd -- --out=D:/tetherbound/x04-capture/ralph/reports/VISUAL/phase2/stormwood/repro/hollows_alpha --ids=hollows_alpha --seconds=18 --interval=1.0 --seed=2042,de0664f4c4a8f8d1f11402262c15a5cb2a6d5a16,GPU service Windows 1920x1080 gl_compatibility NVIDIA GeForce GTX 1060 3GB,ralph/reports/VISUAL/phase2/stormwood/systems/stormwood__fight__hollows_alpha-i07.png,12,contact_sheet_tile_320x180
stormwood__fight__hollows_alpha-i08,stormwood,systems,fights,hollows_alpha,main,day,Calm,i08,normal,ralph/reports/VISUAL/phase2/stormwood/contact_sheet_systems_03.jpg,godot --path . --rendering-driver opengl3 --resolution 1920x1080 --script tools/phase2_capture_stormwood_fights.gd -- --out=D:/tetherbound/x04-capture/ralph/reports/VISUAL/phase2/stormwood/repro/hollows_alpha --ids=hollows_alpha --seconds=18 --interval=1.0 --seed=2042,de0664f4c4a8f8d1f11402262c15a5cb2a6d5a16,GPU service Windows 1920x1080 gl_compatibility NVIDIA GeForce GTX 1060 3GB,ralph/reports/VISUAL/phase2/stormwood/systems/stormwood__fight__hollows_alpha-i08.png,13,contact_sheet_tile_320x180
stormwood__fight__hollows_alpha-i09,stormwood,systems,fights,hollows_alpha,main,day,Calm,i09,normal,ralph/reports/VISUAL/phase2/stormwood/contact_sheet_systems_03.jpg,godot --path . --rendering-driver opengl3 --resolution 1920x1080 --script tools/phase2_capture_stormwood_fights.gd -- --out=D:/tetherbound/x04-capture/ralph/reports/VISUAL/phase2/stormwood/repro/hollows_alpha --ids=hollows_alpha --seconds=18 --interval=1.0 --seed=2042,de0664f4c4a8f8d1f11402262c15a5cb2a6d5a16,GPU service Windows 1920x1080 gl_compatibility NVIDIA GeForce GTX 1060 3GB,ralph/reports/VISUAL/phase2/stormwood/systems/stormwood__fight__hollows_alpha-i09.png,14,contact_sheet_tile_320x180
stormwood__fight__hollows_alpha-i10,stormwood,systems,fights,hollows_alpha,main,day,Calm,i10,normal,ralph/reports/VISUAL/phase2/stormwood/contact_sheet_systems_03.jpg,godot --path . --rendering-driver opengl3 --resolution 1920x1080 --script tools/phase2_capture_stormwood_fights.gd -- --out=D:/tetherbound/x04-capture/ralph/reports/VISUAL/phase2/stormwood/repro/hollows_alpha --ids=hollows_alpha --seconds=18 --interval=1.0 --seed=2042,de0664f4c4a8f8d1f11402262c15a5cb2a6d5a16,GPU service Windows 1920x1080 gl_compatibility NVIDIA GeForce GTX 1060 3GB,ralph/reports/VISUAL/phase2/stormwood/systems/stormwood__fight__hollows_alpha-i10.png,15,contact_sheet_tile_320x180
stormwood__fight__hollows_alpha-i11,stormwood,systems,fights,hollows_alpha,main,day,Calm,i11,normal,ralph/reports/VISUAL/phase2/stormwood/contact_sheet_systems_03.jpg,godot --path . --rendering-driver opengl3 --resolution 1920x1080 --script tools/phase2_capture_stormwood_fights.gd -- --out=D:/tetherbound/x04-capture/ralph/reports/VISUAL/phase2/stormwood/repro/hollows_alpha --ids=hollows_alpha --seconds=18 --interval=1.0 --seed=2042,de0664f4c4a8f8d1f11402262c15a5cb2a6d5a16,GPU service Windows 1920x1080 gl_compatibility NVIDIA GeForce GTX 1060 3GB,ralph/reports/VISUAL/phase2/stormwood/systems/stormwood__fight__hollows_alpha-i11.png,16,contact_sheet_tile_320x180
stormwood__fight__hollows_alpha-i12,stormwood,systems,fights,hollows_alpha,main,day,Calm,i12,normal,ralph/reports/VISUAL/phase2/stormwood/contact_sheet_systems_03.jpg,godot --path . --rendering-driver opengl3 --resolution 1920x1080 --script tools/phase2_capture_stormwood_fights.gd -- --out=D:/tetherbound/x04-capture/ralph/reports/VISUAL/phase2/stormwood/repro/hollows_alpha --ids=hollows_alpha --seconds=18 --interval=1.0 --seed=2042,de0664f4c4a8f8d1f11402262c15a5cb2a6d5a16,GPU service Windows 1920x1080 gl_compatibility NVIDIA GeForce GTX 1060 3GB,ralph/reports/VISUAL/phase2/stormwood/systems/stormwood__fight__hollows_alpha-i12.png,17,contact_sheet_tile_320x180
stormwood__fight__hollows_alpha-i13,stormwood,systems,fights,hollows_alpha,main,day,Calm,i13,normal,ralph/reports/VISUAL/phase2/stormwood/contact_sheet_systems_03.jpg,godot --path . --rendering-driver opengl3 --resolution 1920x1080 --script tools/phase2_capture_stormwood_fights.gd -- --out=D:/tetherbound/x04-capture/ralph/reports/VISUAL/phase2/stormwood/repro/hollows_alpha --ids=hollows_alpha --seconds=18 --interval=1.0 --seed=2042,de0664f4c4a8f8d1f11402262c15a5cb2a6d5a16,GPU service Windows 1920x1080 gl_compatibility NVIDIA GeForce GTX 1060 3GB,ralph/reports/VISUAL/phase2/stormwood/systems/stormwood__fight__hollows_alpha-i13.png,18,contact_sheet_tile_320x180
stormwood__fight__hollows_alpha-i14,stormwood,systems,fights,hollows_alpha,main,day,Calm,i14,normal,ralph/reports/VISUAL/phase2/stormwood/contact_sheet_systems_03.jpg,godot --path . --rendering-driver opengl3 --resolution 1920x1080 --script tools/phase2_capture_stormwood_fights.gd -- --out=D:/tetherbound/x04-capture/ralph/reports/VISUAL/phase2/stormwood/repro/hollows_alpha --ids=hollows_alpha --seconds=18 --interval=1.0 --seed=2042,de0664f4c4a8f8d1f11402262c15a5cb2a6d5a16,GPU service Windows 1920x1080 gl_compatibility NVIDIA GeForce GTX 1060 3GB,ralph/reports/VISUAL/phase2/stormwood/systems/stormwood__fight__hollows_alpha-i14.png,19,contact_sheet_tile_320x180
stormwood__fight__hollows_alpha-i15,stormwood,systems,fights,hollows_alpha,main,day,Calm,i15,normal,ralph/reports/VISUAL/phase2/stormwood/contact_sheet_systems_03.jpg,godot --path . --rendering-driver opengl3 --resolution 1920x1080 --script tools/phase2_capture_stormwood_fights.gd -- --out=D:/tetherbound/x04-capture/ralph/reports/VISUAL/phase2/stormwood/repro/hollows_alpha --ids=hollows_alpha --seconds=18 --interval=1.0 --seed=2042,de0664f4c4a8f8d1f11402262c15a5cb2a6d5a16,GPU service Windows 1920x1080 gl_compatibility NVIDIA GeForce GTX 1060 3GB,ralph/reports/VISUAL/phase2/stormwood/systems/stormwood__fight__hollows_alpha-i15.png,20,contact_sheet_tile_320x180
stormwood__fight__hollows_alpha-i16,stormwood,systems,fights,hollows_alpha,main,day,Calm,i16,normal,ralph/reports/VISUAL/phase2/stormwood/contact_sheet_systems_03.jpg,godot --path . --rendering-driver opengl3 --resolution 1920x1080 --script tools/phase2_capture_stormwood_fights.gd -- --out=D:/tetherbound/x04-capture/ralph/reports/VISUAL/phase2/stormwood/repro/hollows_alpha --ids=hollows_alpha --seconds=18 --interval=1.0 --seed=2042,de0664f4c4a8f8d1f11402262c15a5cb2a6d5a16,GPU service Windows 1920x1080 gl_compatibility NVIDIA GeForce GTX 1060 3GB,ralph/reports/VISUAL/phase2/stormwood/systems/stormwood__fight__hollows_alpha-i16.png,21,contact_sheet_tile_320x180
stormwood__fight__hollows_alpha-i17,stormwood,systems,fights,hollows_alpha,main,day,Calm,i17,normal,ralph/reports/VISUAL/phase2/stormwood/contact_sheet_systems_03.jpg,godot --path . --rendering-driver opengl3 --resolution 1920x1080 --script tools/phase2_capture_stormwood_fights.gd -- --out=D:/tetherbound/x04-capture/ralph/reports/VISUAL/phase2/stormwood/repro/hollows_alpha --ids=hollows_alpha --seconds=18 --interval=1.0 --seed=2042,de0664f4c4a8f8d1f11402262c15a5cb2a6d5a16,GPU service Windows 1920x1080 gl_compatibility NVIDIA GeForce GTX 1060 3GB,ralph/reports/VISUAL/phase2/stormwood/systems/stormwood__fight__hollows_alpha-i17.png,22,contact_sheet_tile_320x180
stormwood__fight__hollows_alpha-tell1-a-start,stormwood,systems,fights,hollows_alpha,main,day,Calm,tell1-a-start,normal,ralph/reports/VISUAL/phase2/stormwood/contact_sheet_systems_03.jpg,godot --path . --rendering-driver opengl3 --resolution 1920x1080 --script tools/phase2_capture_stormwood_fights.gd -- --out=D:/tetherbound/x04-capture/ralph/reports/VISUAL/phase2/stormwood/repro/hollows_alpha --ids=hollows_alpha --seconds=18 --interval=1.0 --seed=2042,de0664f4c4a8f8d1f11402262c15a5cb2a6d5a16,GPU service Windows 1920x1080 gl_compatibility NVIDIA GeForce GTX 1060 3GB,ralph/reports/VISUAL/phase2/stormwood/systems/stormwood__fight__hollows_alpha-tell1-a-start.png,23,contact_sheet_tile_320x180
stormwood__fight__hollows_alpha-tell1-b-mid,stormwood,systems,fights,hollows_alpha,main,day,Calm,tell1-b-mid,normal,ralph/reports/VISUAL/phase2/stormwood/contact_sheet_systems_04.jpg,godot --path . --rendering-driver opengl3 --resolution 1920x1080 --script tools/phase2_capture_stormwood_fights.gd -- --out=D:/tetherbound/x04-capture/ralph/reports/VISUAL/phase2/stormwood/repro/hollows_alpha --ids=hollows_alpha --seconds=18 --interval=1.0 --seed=2042,de0664f4c4a8f8d1f11402262c15a5cb2a6d5a16,GPU service Windows 1920x1080 gl_compatibility NVIDIA GeForce GTX 1060 3GB,ralph/reports/VISUAL/phase2/stormwood/systems/stormwood__fight__hollows_alpha-tell1-b-mid.png,0,contact_sheet_tile_320x180
stormwood__fight__hollows_alpha-tell1-c-late,stormwood,systems,fights,hollows_alpha,main,day,Calm,tell1-c-late,normal,ralph/reports/VISUAL/phase2/stormwood/contact_sheet_systems_04.jpg,godot --path . --rendering-driver opengl3 --resolution 1920x1080 --script tools/phase2_capture_stormwood_fights.gd -- --out=D:/tetherbound/x04-capture/ralph/reports/VISUAL/phase2/stormwood/repro/hollows_alpha --ids=hollows_alpha --seconds=18 --interval=1.0 --seed=2042,de0664f4c4a8f8d1f11402262c15a5cb2a6d5a16,GPU service Windows 1920x1080 gl_compatibility NVIDIA GeForce GTX 1060 3GB,ralph/reports/VISUAL/phase2/stormwood/systems/stormwood__fight__hollows_alpha-tell1-c-late.png,1,contact_sheet_tile_320x180
stormwood__fight__hollows_alpha-tell1-d-strike,stormwood,systems,fights,hollows_alpha,main,day,Calm,tell1-d-strike,normal,ralph/reports/VISUAL/phase2/stormwood/contact_sheet_systems_04.jpg,godot --path . --rendering-driver opengl3 --resolution 1920x1080 --script tools/phase2_capture_stormwood_fights.gd -- --out=D:/tetherbound/x04-capture/ralph/reports/VISUAL/phase2/stormwood/repro/hollows_alpha --ids=hollows_alpha --seconds=18 --interval=1.0 --seed=2042,de0664f4c4a8f8d1f11402262c15a5cb2a6d5a16,GPU service Windows 1920x1080 gl_compatibility NVIDIA GeForce GTX 1060 3GB,ralph/reports/VISUAL/phase2/stormwood/systems/stormwood__fight__hollows_alpha-tell1-d-strike.png,2,contact_sheet_tile_320x180
stormwood__fight__hollows_alpha-tell1-e-impact,stormwood,systems,fights,hollows_alpha,main,day,Calm,tell1-e-impact,normal,ralph/reports/VISUAL/phase2/stormwood/contact_sheet_systems_04.jpg,godot --path . --rendering-driver opengl3 --resolution 1920x1080 --script tools/phase2_capture_stormwood_fights.gd -- --out=D:/tetherbound/x04-capture/ralph/reports/VISUAL/phase2/stormwood/repro/hollows_alpha --ids=hollows_alpha --seconds=18 --interval=1.0 --seed=2042,de0664f4c4a8f8d1f11402262c15a5cb2a6d5a16,GPU service Windows 1920x1080 gl_compatibility NVIDIA GeForce GTX 1060 3GB,ralph/reports/VISUAL/phase2/stormwood/systems/stormwood__fight__hollows_alpha-tell1-e-impact.png,3,contact_sheet_tile_320x180
stormwood__fight__hollows_alpha-tell1-f-recovery,stormwood,systems,fights,hollows_alpha,main,day,Calm,tell1-f-recovery,normal,ralph/reports/VISUAL/phase2/stormwood/contact_sheet_systems_04.jpg,godot --path . --rendering-driver opengl3 --resolution 1920x1080 --script tools/phase2_capture_stormwood_fights.gd -- --out=D:/tetherbound/x04-capture/ralph/reports/VISUAL/phase2/stormwood/repro/hollows_alpha --ids=hollows_alpha --seconds=18 --interval=1.0 --seed=2042,de0664f4c4a8f8d1f11402262c15a5cb2a6d5a16,GPU service Windows 1920x1080 gl_compatibility NVIDIA GeForce GTX 1060 3GB,ralph/reports/VISUAL/phase2/stormwood/systems/stormwood__fight__hollows_alpha-tell1-f-recovery.png,4,contact_sheet_tile_320x180
stormwood__fight__hollows_alpha-tell2-a-start,stormwood,systems,fights,hollows_alpha,main,day,Calm,tell2-a-start,normal,ralph/reports/VISUAL/phase2/stormwood/contact_sheet_systems_04.jpg,godot --path . --rendering-driver opengl3 --resolution 1920x1080 --script tools/phase2_capture_stormwood_fights.gd -- --out=D:/tetherbound/x04-capture/ralph/reports/VISUAL/phase2/stormwood/repro/hollows_alpha --ids=hollows_alpha --seconds=18 --interval=1.0 --seed=2042,de0664f4c4a8f8d1f11402262c15a5cb2a6d5a16,GPU service Windows 1920x1080 gl_compatibility NVIDIA GeForce GTX 1060 3GB,ralph/reports/VISUAL/phase2/stormwood/systems/stormwood__fight__hollows_alpha-tell2-a-start.png,5,contact_sheet_tile_320x180
stormwood__fight__hollows_alpha-tell2-b-mid,stormwood,systems,fights,hollows_alpha,main,day,Calm,tell2-b-mid,normal,ralph/reports/VISUAL/phase2/stormwood/contact_sheet_systems_04.jpg,godot --path . --rendering-driver opengl3 --resolution 1920x1080 --script tools/phase2_capture_stormwood_fights.gd -- --out=D:/tetherbound/x04-capture/ralph/reports/VISUAL/phase2/stormwood/repro/hollows_alpha --ids=hollows_alpha --seconds=18 --interval=1.0 --seed=2042,de0664f4c4a8f8d1f11402262c15a5cb2a6d5a16,GPU service Windows 1920x1080 gl_compatibility NVIDIA GeForce GTX 1060 3GB,ralph/reports/VISUAL/phase2/stormwood/systems/stormwood__fight__hollows_alpha-tell2-b-mid.png,6,contact_sheet_tile_320x180
stormwood__fight__hollows_alpha-tell2-c-late,stormwood,systems,fights,hollows_alpha,main,day,Calm,tell2-c-late,normal,ralph/reports/VISUAL/phase2/stormwood/contact_sheet_systems_04.jpg,godot --path . --rendering-driver opengl3 --resolution 1920x1080 --script tools/phase2_capture_stormwood_fights.gd -- --out=D:/tetherbound/x04-capture/ralph/reports/VISUAL/phase2/stormwood/repro/hollows_alpha --ids=hollows_alpha --seconds=18 --interval=1.0 --seed=2042,de0664f4c4a8f8d1f11402262c15a5cb2a6d5a16,GPU service Windows 1920x1080 gl_compatibility NVIDIA GeForce GTX 1060 3GB,ralph/reports/VISUAL/phase2/stormwood/systems/stormwood__fight__hollows_alpha-tell2-c-late.png,7,contact_sheet_tile_320x180
stormwood__fight__hollows_alpha-tell2-d-strike,stormwood,systems,fights,hollows_alpha,main,day,Calm,tell2-d-strike,normal,ralph/reports/VISUAL/phase2/stormwood/contact_sheet_systems_04.jpg,godot --path . --rendering-driver opengl3 --resolution 1920x1080 --script tools/phase2_capture_stormwood_fights.gd -- --out=D:/tetherbound/x04-capture/ralph/reports/VISUAL/phase2/stormwood/repro/hollows_alpha --ids=hollows_alpha --seconds=18 --interval=1.0 --seed=2042,de0664f4c4a8f8d1f11402262c15a5cb2a6d5a16,GPU service Windows 1920x1080 gl_compatibility NVIDIA GeForce GTX 1060 3GB,ralph/reports/VISUAL/phase2/stormwood/systems/stormwood__fight__hollows_alpha-tell2-d-strike.png,8,contact_sheet_tile_320x180
stormwood__fight__hollows_alpha-tell2-e-impact,stormwood,systems,fights,hollows_alpha,main,day,Calm,tell2-e-impact,normal,ralph/reports/VISUAL/phase2/stormwood/contact_sheet_systems_04.jpg,godot --path . --rendering-driver opengl3 --resolution 1920x1080 --script tools/phase2_capture_stormwood_fights.gd -- --out=D:/tetherbound/x04-capture/ralph/reports/VISUAL/phase2/stormwood/repro/hollows_alpha --ids=hollows_alpha --seconds=18 --interval=1.0 --seed=2042,de0664f4c4a8f8d1f11402262c15a5cb2a6d5a16,GPU service Windows 1920x1080 gl_compatibility NVIDIA GeForce GTX 1060 3GB,ralph/reports/VISUAL/phase2/stormwood/systems/stormwood__fight__hollows_alpha-tell2-e-impact.png,9,contact_sheet_tile_320x180
stormwood__fight__hollows_alpha-tell2-f-recovery,stormwood,systems,fights,hollows_alpha,main,day,Calm,tell2-f-recovery,normal,ralph/reports/VISUAL/phase2/stormwood/contact_sheet_systems_04.jpg,godot --path . --rendering-driver opengl3 --resolution 1920x1080 --script tools/phase2_capture_stormwood_fights.gd -- --out=D:/tetherbound/x04-capture/ralph/reports/VISUAL/phase2/stormwood/repro/hollows_alpha --ids=hollows_alpha --seconds=18 --interval=1.0 --seed=2042,de0664f4c4a8f8d1f11402262c15a5cb2a6d5a16,GPU service Windows 1920x1080 gl_compatibility NVIDIA GeForce GTX 1060 3GB,ralph/reports/VISUAL/phase2/stormwood/systems/stormwood__fight__hollows_alpha-tell2-f-recovery.png,10,contact_sheet_tile_320x180
stormwood__fight__hollows_alpha-tell3-a-start,stormwood,systems,fights,hollows_alpha,main,day,Calm,tell3-a-start,normal,ralph/reports/VISUAL/phase2/stormwood/contact_sheet_systems_04.jpg,godot --path . --rendering-driver opengl3 --resolution 1920x1080 --script tools/phase2_capture_stormwood_fights.gd -- --out=D:/tetherbound/x04-capture/ralph/reports/VISUAL/phase2/stormwood/repro/hollows_alpha --ids=hollows_alpha --seconds=18 --interval=1.0 --seed=2042,de0664f4c4a8f8d1f11402262c15a5cb2a6d5a16,GPU service Windows 1920x1080 gl_compatibility NVIDIA GeForce GTX 1060 3GB,ralph/reports/VISUAL/phase2/stormwood/systems/stormwood__fight__hollows_alpha-tell3-a-start.png,11,contact_sheet_tile_320x180
stormwood__fight__hollows_alpha-tell3-b-mid,stormwood,systems,fights,hollows_alpha,main,day,Calm,tell3-b-mid,normal,ralph/reports/VISUAL/phase2/stormwood/contact_sheet_systems_04.jpg,godot --path . --rendering-driver opengl3 --resolution 1920x1080 --script tools/phase2_capture_stormwood_fights.gd -- --out=D:/tetherbound/x04-capture/ralph/reports/VISUAL/phase2/stormwood/repro/hollows_alpha --ids=hollows_alpha --seconds=18 --interval=1.0 --seed=2042,de0664f4c4a8f8d1f11402262c15a5cb2a6d5a16,GPU service Windows 1920x1080 gl_compatibility NVIDIA GeForce GTX 1060 3GB,ralph/reports/VISUAL/phase2/stormwood/systems/stormwood__fight__hollows_alpha-tell3-b-mid.png,12,contact_sheet_tile_320x180
stormwood__fight__hollows_alpha-tell3-c-late,stormwood,systems,fights,hollows_alpha,main,day,Calm,tell3-c-late,normal,ralph/reports/VISUAL/phase2/stormwood/contact_sheet_systems_04.jpg,godot --path . --rendering-driver opengl3 --resolution 1920x1080 --script tools/phase2_capture_stormwood_fights.gd -- --out=D:/tetherbound/x04-capture/ralph/reports/VISUAL/phase2/stormwood/repro/hollows_alpha --ids=hollows_alpha --seconds=18 --interval=1.0 --seed=2042,de0664f4c4a8f8d1f11402262c15a5cb2a6d5a16,GPU service Windows 1920x1080 gl_compatibility NVIDIA GeForce GTX 1060 3GB,ralph/reports/VISUAL/phase2/stormwood/systems/stormwood__fight__hollows_alpha-tell3-c-late.png,13,contact_sheet_tile_320x180
stormwood__fight__hollows_alpha-tell3-d-strike,stormwood,systems,fights,hollows_alpha,main,day,Calm,tell3-d-strike,normal,ralph/reports/VISUAL/phase2/stormwood/contact_sheet_systems_04.jpg,godot --path . --rendering-driver opengl3 --resolution 1920x1080 --script tools/phase2_capture_stormwood_fights.gd -- --out=D:/tetherbound/x04-capture/ralph/reports/VISUAL/phase2/stormwood/repro/hollows_alpha --ids=hollows_alpha --seconds=18 --interval=1.0 --seed=2042,de0664f4c4a8f8d1f11402262c15a5cb2a6d5a16,GPU service Windows 1920x1080 gl_compatibility NVIDIA GeForce GTX 1060 3GB,ralph/reports/VISUAL/phase2/stormwood/systems/stormwood__fight__hollows_alpha-tell3-d-strike.png,14,contact_sheet_tile_320x180
stormwood__fight__hollows_alpha-tell3-e-impact,stormwood,systems,fights,hollows_alpha,main,day,Calm,tell3-e-impact,normal,ralph/reports/VISUAL/phase2/stormwood/contact_sheet_systems_04.jpg,godot --path . --rendering-driver opengl3 --resolution 1920x1080 --script tools/phase2_capture_stormwood_fights.gd -- --out=D:/tetherbound/x04-capture/ralph/reports/VISUAL/phase2/stormwood/repro/hollows_alpha --ids=hollows_alpha --seconds=18 --interval=1.0 --seed=2042,de0664f4c4a8f8d1f11402262c15a5cb2a6d5a16,GPU service Windows 1920x1080 gl_compatibility NVIDIA GeForce GTX 1060 3GB,ralph/reports/VISUAL/phase2/stormwood/systems/stormwood__fight__hollows_alpha-tell3-e-impact.png,15,contact_sheet_tile_320x180
stormwood__fight__hollows_alpha-tell3-f-recovery,stormwood,systems,fights,hollows_alpha,main,day,Calm,tell3-f-recovery,normal,ralph/reports/VISUAL/phase2/stormwood/contact_sheet_systems_04.jpg,godot --path . --rendering-driver opengl3 --resolution 1920x1080 --script tools/phase2_capture_stormwood_fights.gd -- --out=D:/tetherbound/x04-capture/ralph/reports/VISUAL/phase2/stormwood/repro/hollows_alpha --ids=hollows_alpha --seconds=18 --interval=1.0 --seed=2042,de0664f4c4a8f8d1f11402262c15a5cb2a6d5a16,GPU service Windows 1920x1080 gl_compatibility NVIDIA GeForce GTX 1060 3GB,ralph/reports/VISUAL/phase2/stormwood/systems/stormwood__fight__hollows_alpha-tell3-f-recovery.png,16,contact_sheet_tile_320x180
stormwood__fight__hollows_alpha-tell4-a-start,stormwood,systems,fights,hollows_alpha,main,day,Calm,tell4-a-start,normal,ralph/reports/VISUAL/phase2/stormwood/contact_sheet_systems_04.jpg,godot --path . --rendering-driver opengl3 --resolution 1920x1080 --script tools/phase2_capture_stormwood_fights.gd -- --out=D:/tetherbound/x04-capture/ralph/reports/VISUAL/phase2/stormwood/repro/hollows_alpha --ids=hollows_alpha --seconds=18 --interval=1.0 --seed=2042,de0664f4c4a8f8d1f11402262c15a5cb2a6d5a16,GPU service Windows 1920x1080 gl_compatibility NVIDIA GeForce GTX 1060 3GB,ralph/reports/VISUAL/phase2/stormwood/systems/stormwood__fight__hollows_alpha-tell4-a-start.png,17,contact_sheet_tile_320x180
stormwood__fight__hollows_alpha-tell4-b-mid,stormwood,systems,fights,hollows_alpha,main,day,Calm,tell4-b-mid,normal,ralph/reports/VISUAL/phase2/stormwood/contact_sheet_systems_04.jpg,godot --path . --rendering-driver opengl3 --resolution 1920x1080 --script tools/phase2_capture_stormwood_fights.gd -- --out=D:/tetherbound/x04-capture/ralph/reports/VISUAL/phase2/stormwood/repro/hollows_alpha --ids=hollows_alpha --seconds=18 --interval=1.0 --seed=2042,de0664f4c4a8f8d1f11402262c15a5cb2a6d5a16,GPU service Windows 1920x1080 gl_compatibility NVIDIA GeForce GTX 1060 3GB,ralph/reports/VISUAL/phase2/stormwood/systems/stormwood__fight__hollows_alpha-tell4-b-mid.png,18,contact_sheet_tile_320x180
stormwood__fight__hollows_alpha-tell4-c-late,stormwood,systems,fights,hollows_alpha,main,day,Calm,tell4-c-late,normal,ralph/reports/VISUAL/phase2/stormwood/contact_sheet_systems_04.jpg,godot --path . --rendering-driver opengl3 --resolution 1920x1080 --script tools/phase2_capture_stormwood_fights.gd -- --out=D:/tetherbound/x04-capture/ralph/reports/VISUAL/phase2/stormwood/repro/hollows_alpha --ids=hollows_alpha --seconds=18 --interval=1.0 --seed=2042,de0664f4c4a8f8d1f11402262c15a5cb2a6d5a16,GPU service Windows 1920x1080 gl_compatibility NVIDIA GeForce GTX 1060 3GB,ralph/reports/VISUAL/phase2/stormwood/systems/stormwood__fight__hollows_alpha-tell4-c-late.png,19,contact_sheet_tile_320x180
stormwood__fight__hollows_alpha-tell4-d-strike,stormwood,systems,fights,hollows_alpha,main,day,Calm,tell4-d-strike,normal,ralph/reports/VISUAL/phase2/stormwood/contact_sheet_systems_04.jpg,godot --path . --rendering-driver opengl3 --resolution 1920x1080 --script tools/phase2_capture_stormwood_fights.gd -- --out=D:/tetherbound/x04-capture/ralph/reports/VISUAL/phase2/stormwood/repro/hollows_alpha --ids=hollows_alpha --seconds=18 --interval=1.0 --seed=2042,de0664f4c4a8f8d1f11402262c15a5cb2a6d5a16,GPU service Windows 1920x1080 gl_compatibility NVIDIA GeForce GTX 1060 3GB,ralph/reports/VISUAL/phase2/stormwood/systems/stormwood__fight__hollows_alpha-tell4-d-strike.png,20,contact_sheet_tile_320x180
stormwood__fight__hollows_alpha-tell4-e-impact,stormwood,systems,fights,hollows_alpha,main,day,Calm,tell4-e-impact,normal,ralph/reports/VISUAL/phase2/stormwood/contact_sheet_systems_04.jpg,godot --path . --rendering-driver opengl3 --resolution 1920x1080 --script tools/phase2_capture_stormwood_fights.gd -- --out=D:/tetherbound/x04-capture/ralph/reports/VISUAL/phase2/stormwood/repro/hollows_alpha --ids=hollows_alpha --seconds=18 --interval=1.0 --seed=2042,de0664f4c4a8f8d1f11402262c15a5cb2a6d5a16,GPU service Windows 1920x1080 gl_compatibility NVIDIA GeForce GTX 1060 3GB,ralph/reports/VISUAL/phase2/stormwood/systems/stormwood__fight__hollows_alpha-tell4-e-impact.png,21,contact_sheet_tile_320x180
stormwood__fight__hollows_alpha-tell4-f-recovery,stormwood,systems,fights,hollows_alpha,main,day,Calm,tell4-f-recovery,normal,ralph/reports/VISUAL/phase2/stormwood/contact_sheet_systems_04.jpg,godot --path . --rendering-driver opengl3 --resolution 1920x1080 --script tools/phase2_capture_stormwood_fights.gd -- --out=D:/tetherbound/x04-capture/ralph/reports/VISUAL/phase2/stormwood/repro/hollows_alpha --ids=hollows_alpha --seconds=18 --interval=1.0 --seed=2042,de0664f4c4a8f8d1f11402262c15a5cb2a6d5a16,GPU service Windows 1920x1080 gl_compatibility NVIDIA GeForce GTX 1060 3GB,ralph/reports/VISUAL/phase2/stormwood/systems/stormwood__fight__hollows_alpha-tell4-f-recovery.png,22,contact_sheet_tile_320x180
stormwood__fight__hollows_long__hollows_alpha-00-before,stormwood,systems,fights,hollows_alpha,main,day,Calm,00-before,normal,ralph/reports/VISUAL/phase2/stormwood/contact_sheet_systems_04.jpg,godot --path . --rendering-driver opengl3 --resolution 1920x1080 --script tools/phase2_capture_stormwood_fights.gd -- --out=D:/tetherbound/x04-capture/ralph/reports/VISUAL/phase2/stormwood/repro/hollows_alpha --ids=hollows_alpha --seconds=120 --interval=5 --seed=2042,1f9d2ca4b06371d8bff11085f22c56f75c7869d6,GPU service Windows 1920x1080 gl_compatibility NVIDIA GeForce GTX 1060 3GB,ralph/reports/VISUAL/phase2/stormwood/systems/stormwood__fight__hollows_long__hollows_alpha-00-before.png,23,contact_sheet_tile_320x180
stormwood__fight__hollows_long__hollows_alpha-99-after,stormwood,systems,fights,hollows_alpha,main,day,Calm,99-after,normal,ralph/reports/VISUAL/phase2/stormwood/contact_sheet_systems_05.jpg,godot --path . --rendering-driver opengl3 --resolution 1920x1080 --script tools/phase2_capture_stormwood_fights.gd -- --out=D:/tetherbound/x04-capture/ralph/reports/VISUAL/phase2/stormwood/repro/hollows_alpha --ids=hollows_alpha --seconds=120 --interval=5 --seed=2042,1f9d2ca4b06371d8bff11085f22c56f75c7869d6,GPU service Windows 1920x1080 gl_compatibility NVIDIA GeForce GTX 1060 3GB,ralph/reports/VISUAL/phase2/stormwood/systems/stormwood__fight__hollows_long__hollows_alpha-99-after.png,0,contact_sheet_tile_320x180
stormwood__fight__hollows_long__hollows_alpha-i00,stormwood,systems,fights,hollows_alpha,main,day,Calm,i00,normal,ralph/reports/VISUAL/phase2/stormwood/contact_sheet_systems_05.jpg,godot --path . --rendering-driver opengl3 --resolution 1920x1080 --script tools/phase2_capture_stormwood_fights.gd -- --out=D:/tetherbound/x04-capture/ralph/reports/VISUAL/phase2/stormwood/repro/hollows_alpha --ids=hollows_alpha --seconds=120 --interval=5 --seed=2042,1f9d2ca4b06371d8bff11085f22c56f75c7869d6,GPU service Windows 1920x1080 gl_compatibility NVIDIA GeForce GTX 1060 3GB,ralph/reports/VISUAL/phase2/stormwood/systems/stormwood__fight__hollows_long__hollows_alpha-i00.png,1,contact_sheet_tile_320x180
stormwood__fight__hollows_long__hollows_alpha-i01,stormwood,systems,fights,hollows_alpha,main,day,Calm,i01,normal,ralph/reports/VISUAL/phase2/stormwood/contact_sheet_systems_05.jpg,godot --path . --rendering-driver opengl3 --resolution 1920x1080 --script tools/phase2_capture_stormwood_fights.gd -- --out=D:/tetherbound/x04-capture/ralph/reports/VISUAL/phase2/stormwood/repro/hollows_alpha --ids=hollows_alpha --seconds=120 --interval=5 --seed=2042,1f9d2ca4b06371d8bff11085f22c56f75c7869d6,GPU service Windows 1920x1080 gl_compatibility NVIDIA GeForce GTX 1060 3GB,ralph/reports/VISUAL/phase2/stormwood/systems/stormwood__fight__hollows_long__hollows_alpha-i01.png,2,contact_sheet_tile_320x180
stormwood__fight__hollows_long__hollows_alpha-i02,stormwood,systems,fights,hollows_alpha,main,day,Calm,i02,normal,ralph/reports/VISUAL/phase2/stormwood/contact_sheet_systems_05.jpg,godot --path . --rendering-driver opengl3 --resolution 1920x1080 --script tools/phase2_capture_stormwood_fights.gd -- --out=D:/tetherbound/x04-capture/ralph/reports/VISUAL/phase2/stormwood/repro/hollows_alpha --ids=hollows_alpha --seconds=120 --interval=5 --seed=2042,1f9d2ca4b06371d8bff11085f22c56f75c7869d6,GPU service Windows 1920x1080 gl_compatibility NVIDIA GeForce GTX 1060 3GB,ralph/reports/VISUAL/phase2/stormwood/systems/stormwood__fight__hollows_long__hollows_alpha-i02.png,3,contact_sheet_tile_320x180
stormwood__fight__hollows_long__hollows_alpha-i03,stormwood,systems,fights,hollows_alpha,main,day,Calm,i03,normal,ralph/reports/VISUAL/phase2/stormwood/contact_sheet_systems_05.jpg,godot --path . --rendering-driver opengl3 --resolution 1920x1080 --script tools/phase2_capture_stormwood_fights.gd -- --out=D:/tetherbound/x04-capture/ralph/reports/VISUAL/phase2/stormwood/repro/hollows_alpha --ids=hollows_alpha --seconds=120 --interval=5 --seed=2042,1f9d2ca4b06371d8bff11085f22c56f75c7869d6,GPU service Windows 1920x1080 gl_compatibility NVIDIA GeForce GTX 1060 3GB,ralph/reports/VISUAL/phase2/stormwood/systems/stormwood__fight__hollows_long__hollows_alpha-i03.png,4,contact_sheet_tile_320x180
stormwood__fight__hollows_long__hollows_alpha-i04,stormwood,systems,fights,hollows_alpha,main,day,Calm,i04,normal,ralph/reports/VISUAL/phase2/stormwood/contact_sheet_systems_05.jpg,godot --path . --rendering-driver opengl3 --resolution 1920x1080 --script tools/phase2_capture_stormwood_fights.gd -- --out=D:/tetherbound/x04-capture/ralph/reports/VISUAL/phase2/stormwood/repro/hollows_alpha --ids=hollows_alpha --seconds=120 --interval=5 --seed=2042,1f9d2ca4b06371d8bff11085f22c56f75c7869d6,GPU service Windows 1920x1080 gl_compatibility NVIDIA GeForce GTX 1060 3GB,ralph/reports/VISUAL/phase2/stormwood/systems/stormwood__fight__hollows_long__hollows_alpha-i04.png,5,contact_sheet_tile_320x180
stormwood__fight__hollows_long__hollows_alpha-i05,stormwood,systems,fights,hollows_alpha,main,day,Calm,i05,normal,ralph/reports/VISUAL/phase2/stormwood/contact_sheet_systems_05.jpg,godot --path . --rendering-driver opengl3 --resolution 1920x1080 --script tools/phase2_capture_stormwood_fights.gd -- --out=D:/tetherbound/x04-capture/ralph/reports/VISUAL/phase2/stormwood/repro/hollows_alpha --ids=hollows_alpha --seconds=120 --interval=5 --seed=2042,1f9d2ca4b06371d8bff11085f22c56f75c7869d6,GPU service Windows 1920x1080 gl_compatibility NVIDIA GeForce GTX 1060 3GB,ralph/reports/VISUAL/phase2/stormwood/systems/stormwood__fight__hollows_long__hollows_alpha-i05.png,6,contact_sheet_tile_320x180
stormwood__fight__hollows_long__hollows_alpha-i06,stormwood,systems,fights,hollows_alpha,main,day,Calm,i06,normal,ralph/reports/VISUAL/phase2/stormwood/contact_sheet_systems_05.jpg,godot --path . --rendering-driver opengl3 --resolution 1920x1080 --script tools/phase2_capture_stormwood_fights.gd -- --out=D:/tetherbound/x04-capture/ralph/reports/VISUAL/phase2/stormwood/repro/hollows_alpha --ids=hollows_alpha --seconds=120 --interval=5 --seed=2042,1f9d2ca4b06371d8bff11085f22c56f75c7869d6,GPU service Windows 1920x1080 gl_compatibility NVIDIA GeForce GTX 1060 3GB,ralph/reports/VISUAL/phase2/stormwood/systems/stormwood__fight__hollows_long__hollows_alpha-i06.png,7,contact_sheet_tile_320x180
stormwood__fight__hollows_long__hollows_alpha-i07,stormwood,systems,fights,hollows_alpha,main,day,Calm,i07,normal,ralph/reports/VISUAL/phase2/stormwood/contact_sheet_systems_05.jpg,godot --path . --rendering-driver opengl3 --resolution 1920x1080 --script tools/phase2_capture_stormwood_fights.gd -- --out=D:/tetherbound/x04-capture/ralph/reports/VISUAL/phase2/stormwood/repro/hollows_alpha --ids=hollows_alpha --seconds=120 --interval=5 --seed=2042,1f9d2ca4b06371d8bff11085f22c56f75c7869d6,GPU service Windows 1920x1080 gl_compatibility NVIDIA GeForce GTX 1060 3GB,ralph/reports/VISUAL/phase2/stormwood/systems/stormwood__fight__hollows_long__hollows_alpha-i07.png,8,contact_sheet_tile_320x180
stormwood__fight__hollows_long__hollows_alpha-i08,stormwood,systems,fights,hollows_alpha,main,day,Calm,i08,normal,ralph/reports/VISUAL/phase2/stormwood/contact_sheet_systems_05.jpg,godot --path . --rendering-driver opengl3 --resolution 1920x1080 --script tools/phase2_capture_stormwood_fights.gd -- --out=D:/tetherbound/x04-capture/ralph/reports/VISUAL/phase2/stormwood/repro/hollows_alpha --ids=hollows_alpha --seconds=120 --interval=5 --seed=2042,1f9d2ca4b06371d8bff11085f22c56f75c7869d6,GPU service Windows 1920x1080 gl_compatibility NVIDIA GeForce GTX 1060 3GB,ralph/reports/VISUAL/phase2/stormwood/systems/stormwood__fight__hollows_long__hollows_alpha-i08.png,9,contact_sheet_tile_320x180
stormwood__fight__hollows_long__hollows_alpha-i09,stormwood,systems,fights,hollows_alpha,main,day,Calm,i09,normal,ralph/reports/VISUAL/phase2/stormwood/contact_sheet_systems_05.jpg,godot --path . --rendering-driver opengl3 --resolution 1920x1080 --script tools/phase2_capture_stormwood_fights.gd -- --out=D:/tetherbound/x04-capture/ralph/reports/VISUAL/phase2/stormwood/repro/hollows_alpha --ids=hollows_alpha --seconds=120 --interval=5 --seed=2042,1f9d2ca4b06371d8bff11085f22c56f75c7869d6,GPU service Windows 1920x1080 gl_compatibility NVIDIA GeForce GTX 1060 3GB,ralph/reports/VISUAL/phase2/stormwood/systems/stormwood__fight__hollows_long__hollows_alpha-i09.png,10,contact_sheet_tile_320x180
stormwood__fight__hollows_long__hollows_alpha-i10,stormwood,systems,fights,hollows_alpha,main,day,Calm,i10,normal,ralph/reports/VISUAL/phase2/stormwood/contact_sheet_systems_05.jpg,godot --path . --rendering-driver opengl3 --resolution 1920x1080 --script tools/phase2_capture_stormwood_fights.gd -- --out=D:/tetherbound/x04-capture/ralph/reports/VISUAL/phase2/stormwood/repro/hollows_alpha --ids=hollows_alpha --seconds=120 --interval=5 --seed=2042,1f9d2ca4b06371d8bff11085f22c56f75c7869d6,GPU service Windows 1920x1080 gl_compatibility NVIDIA GeForce GTX 1060 3GB,ralph/reports/VISUAL/phase2/stormwood/systems/stormwood__fight__hollows_long__hollows_alpha-i10.png,11,contact_sheet_tile_320x180
stormwood__fight__hollows_long__hollows_alpha-i11,stormwood,systems,fights,hollows_alpha,main,day,Calm,i11,normal,ralph/reports/VISUAL/phase2/stormwood/contact_sheet_systems_05.jpg,godot --path . --rendering-driver opengl3 --resolution 1920x1080 --script tools/phase2_capture_stormwood_fights.gd -- --out=D:/tetherbound/x04-capture/ralph/reports/VISUAL/phase2/stormwood/repro/hollows_alpha --ids=hollows_alpha --seconds=120 --interval=5 --seed=2042,1f9d2ca4b06371d8bff11085f22c56f75c7869d6,GPU service Windows 1920x1080 gl_compatibility NVIDIA GeForce GTX 1060 3GB,ralph/reports/VISUAL/phase2/stormwood/systems/stormwood__fight__hollows_long__hollows_alpha-i11.png,12,contact_sheet_tile_320x180
stormwood__fight__hollows_long__hollows_alpha-i12,stormwood,systems,fights,hollows_alpha,main,day,Calm,i12,normal,ralph/reports/VISUAL/phase2/stormwood/contact_sheet_systems_05.jpg,godot --path . --rendering-driver opengl3 --resolution 1920x1080 --script tools/phase2_capture_stormwood_fights.gd -- --out=D:/tetherbound/x04-capture/ralph/reports/VISUAL/phase2/stormwood/repro/hollows_alpha --ids=hollows_alpha --seconds=120 --interval=5 --seed=2042,1f9d2ca4b06371d8bff11085f22c56f75c7869d6,GPU service Windows 1920x1080 gl_compatibility NVIDIA GeForce GTX 1060 3GB,ralph/reports/VISUAL/phase2/stormwood/systems/stormwood__fight__hollows_long__hollows_alpha-i12.png,13,contact_sheet_tile_320x180
stormwood__fight__hollows_long__hollows_alpha-i13,stormwood,systems,fights,hollows_alpha,main,day,Calm,i13,normal,ralph/reports/VISUAL/phase2/stormwood/contact_sheet_systems_05.jpg,godot --path . --rendering-driver opengl3 --resolution 1920x1080 --script tools/phase2_capture_stormwood_fights.gd -- --out=D:/tetherbound/x04-capture/ralph/reports/VISUAL/phase2/stormwood/repro/hollows_alpha --ids=hollows_alpha --seconds=120 --interval=5 --seed=2042,1f9d2ca4b06371d8bff11085f22c56f75c7869d6,GPU service Windows 1920x1080 gl_compatibility NVIDIA GeForce GTX 1060 3GB,ralph/reports/VISUAL/phase2/stormwood/systems/stormwood__fight__hollows_long__hollows_alpha-i13.png,14,contact_sheet_tile_320x180
stormwood__fight__hollows_long__hollows_alpha-tell1-a-start,stormwood,systems,fights,hollows_alpha,main,day,Calm,tell1-a-start,normal,ralph/reports/VISUAL/phase2/stormwood/contact_sheet_systems_05.jpg,godot --path . --rendering-driver opengl3 --resolution 1920x1080 --script tools/phase2_capture_stormwood_fights.gd -- --out=D:/tetherbound/x04-capture/ralph/reports/VISUAL/phase2/stormwood/repro/hollows_alpha --ids=hollows_alpha --seconds=120 --interval=5 --seed=2042,1f9d2ca4b06371d8bff11085f22c56f75c7869d6,GPU service Windows 1920x1080 gl_compatibility NVIDIA GeForce GTX 1060 3GB,ralph/reports/VISUAL/phase2/stormwood/systems/stormwood__fight__hollows_long__hollows_alpha-tell1-a-start.png,15,contact_sheet_tile_320x180
stormwood__fight__hollows_long__hollows_alpha-tell1-b-mid,stormwood,systems,fights,hollows_alpha,main,day,Calm,tell1-b-mid,normal,ralph/reports/VISUAL/phase2/stormwood/contact_sheet_systems_05.jpg,godot --path . --rendering-driver opengl3 --resolution 1920x1080 --script tools/phase2_capture_stormwood_fights.gd -- --out=D:/tetherbound/x04-capture/ralph/reports/VISUAL/phase2/stormwood/repro/hollows_alpha --ids=hollows_alpha --seconds=120 --interval=5 --seed=2042,1f9d2ca4b06371d8bff11085f22c56f75c7869d6,GPU service Windows 1920x1080 gl_compatibility NVIDIA GeForce GTX 1060 3GB,ralph/reports/VISUAL/phase2/stormwood/systems/stormwood__fight__hollows_long__hollows_alpha-tell1-b-mid.png,16,contact_sheet_tile_320x180
stormwood__fight__hollows_long__hollows_alpha-tell1-c-late,stormwood,systems,fights,hollows_alpha,main,day,Calm,tell1-c-late,normal,ralph/reports/VISUAL/phase2/stormwood/contact_sheet_systems_05.jpg,godot --path . --rendering-driver opengl3 --resolution 1920x1080 --script tools/phase2_capture_stormwood_fights.gd -- --out=D:/tetherbound/x04-capture/ralph/reports/VISUAL/phase2/stormwood/repro/hollows_alpha --ids=hollows_alpha --seconds=120 --interval=5 --seed=2042,1f9d2ca4b06371d8bff11085f22c56f75c7869d6,GPU service Windows 1920x1080 gl_compatibility NVIDIA GeForce GTX 1060 3GB,ralph/reports/VISUAL/phase2/stormwood/systems/stormwood__fight__hollows_long__hollows_alpha-tell1-c-late.png,17,contact_sheet_tile_320x180
stormwood__fight__hollows_long__hollows_alpha-tell1-d-strike,stormwood,systems,fights,hollows_alpha,main,day,Calm,tell1-d-strike,normal,ralph/reports/VISUAL/phase2/stormwood/contact_sheet_systems_05.jpg,godot --path . --rendering-driver opengl3 --resolution 1920x1080 --script tools/phase2_capture_stormwood_fights.gd -- --out=D:/tetherbound/x04-capture/ralph/reports/VISUAL/phase2/stormwood/repro/hollows_alpha --ids=hollows_alpha --seconds=120 --interval=5 --seed=2042,1f9d2ca4b06371d8bff11085f22c56f75c7869d6,GPU service Windows 1920x1080 gl_compatibility NVIDIA GeForce GTX 1060 3GB,ralph/reports/VISUAL/phase2/stormwood/systems/stormwood__fight__hollows_long__hollows_alpha-tell1-d-strike.png,18,contact_sheet_tile_320x180
stormwood__fight__hollows_long__hollows_alpha-tell1-e-impact,stormwood,systems,fights,hollows_alpha,main,day,Calm,tell1-e-impact,normal,ralph/reports/VISUAL/phase2/stormwood/contact_sheet_systems_05.jpg,godot --path . --rendering-driver opengl3 --resolution 1920x1080 --script tools/phase2_capture_stormwood_fights.gd -- --out=D:/tetherbound/x04-capture/ralph/reports/VISUAL/phase2/stormwood/repro/hollows_alpha --ids=hollows_alpha --seconds=120 --interval=5 --seed=2042,1f9d2ca4b06371d8bff11085f22c56f75c7869d6,GPU service Windows 1920x1080 gl_compatibility NVIDIA GeForce GTX 1060 3GB,ralph/reports/VISUAL/phase2/stormwood/systems/stormwood__fight__hollows_long__hollows_alpha-tell1-e-impact.png,19,contact_sheet_tile_320x180
stormwood__fight__hollows_long__hollows_alpha-tell1-f-recovery,stormwood,systems,fights,hollows_alpha,main,day,Calm,tell1-f-recovery,normal,ralph/reports/VISUAL/phase2/stormwood/contact_sheet_systems_05.jpg,godot --path . --rendering-driver opengl3 --resolution 1920x1080 --script tools/phase2_capture_stormwood_fights.gd -- --out=D:/tetherbound/x04-capture/ralph/reports/VISUAL/phase2/stormwood/repro/hollows_alpha --ids=hollows_alpha --seconds=120 --interval=5 --seed=2042,1f9d2ca4b06371d8bff11085f22c56f75c7869d6,GPU service Windows 1920x1080 gl_compatibility NVIDIA GeForce GTX 1060 3GB,ralph/reports/VISUAL/phase2/stormwood/systems/stormwood__fight__hollows_long__hollows_alpha-tell1-f-recovery.png,20,contact_sheet_tile_320x180
stormwood__fight__hollows_long__hollows_alpha-tell2-a-start,stormwood,systems,fights,hollows_alpha,main,day,Calm,tell2-a-start,normal,ralph/reports/VISUAL/phase2/stormwood/contact_sheet_systems_05.jpg,godot --path . --rendering-driver opengl3 --resolution 1920x1080 --script tools/phase2_capture_stormwood_fights.gd -- --out=D:/tetherbound/x04-capture/ralph/reports/VISUAL/phase2/stormwood/repro/hollows_alpha --ids=hollows_alpha --seconds=120 --interval=5 --seed=2042,1f9d2ca4b06371d8bff11085f22c56f75c7869d6,GPU service Windows 1920x1080 gl_compatibility NVIDIA GeForce GTX 1060 3GB,ralph/reports/VISUAL/phase2/stormwood/systems/stormwood__fight__hollows_long__hollows_alpha-tell2-a-start.png,21,contact_sheet_tile_320x180
stormwood__fight__hollows_long__hollows_alpha-tell2-b-mid,stormwood,systems,fights,hollows_alpha,main,day,Calm,tell2-b-mid,normal,ralph/reports/VISUAL/phase2/stormwood/contact_sheet_systems_05.jpg,godot --path . --rendering-driver opengl3 --resolution 1920x1080 --script tools/phase2_capture_stormwood_fights.gd -- --out=D:/tetherbound/x04-capture/ralph/reports/VISUAL/phase2/stormwood/repro/hollows_alpha --ids=hollows_alpha --seconds=120 --interval=5 --seed=2042,1f9d2ca4b06371d8bff11085f22c56f75c7869d6,GPU service Windows 1920x1080 gl_compatibility NVIDIA GeForce GTX 1060 3GB,ralph/reports/VISUAL/phase2/stormwood/systems/stormwood__fight__hollows_long__hollows_alpha-tell2-b-mid.png,22,contact_sheet_tile_320x180
stormwood__fight__hollows_long__hollows_alpha-tell2-c-late,stormwood,systems,fights,hollows_alpha,main,day,Calm,tell2-c-late,normal,ralph/reports/VISUAL/phase2/stormwood/contact_sheet_systems_05.jpg,godot --path . --rendering-driver opengl3 --resolution 1920x1080 --script tools/phase2_capture_stormwood_fights.gd -- --out=D:/tetherbound/x04-capture/ralph/reports/VISUAL/phase2/stormwood/repro/hollows_alpha --ids=hollows_alpha --seconds=120 --interval=5 --seed=2042,1f9d2ca4b06371d8bff11085f22c56f75c7869d6,GPU service Windows 1920x1080 gl_compatibility NVIDIA GeForce GTX 1060 3GB,ralph/reports/VISUAL/phase2/stormwood/systems/stormwood__fight__hollows_long__hollows_alpha-tell2-c-late.png,23,contact_sheet_tile_320x180
stormwood__fight__hollows_long__hollows_alpha-tell2-d-strike,stormwood,systems,fights,hollows_alpha,main,day,Calm,tell2-d-strike,normal,ralph/reports/VISUAL/phase2/stormwood/contact_sheet_systems_06.jpg,godot --path . --rendering-driver opengl3 --resolution 1920x1080 --script tools/phase2_capture_stormwood_fights.gd -- --out=D:/tetherbound/x04-capture/ralph/reports/VISUAL/phase2/stormwood/repro/hollows_alpha --ids=hollows_alpha --seconds=120 --interval=5 --seed=2042,1f9d2ca4b06371d8bff11085f22c56f75c7869d6,GPU service Windows 1920x1080 gl_compatibility NVIDIA GeForce GTX 1060 3GB,ralph/reports/VISUAL/phase2/stormwood/systems/stormwood__fight__hollows_long__hollows_alpha-tell2-d-strike.png,0,contact_sheet_tile_320x180
stormwood__fight__hollows_long__hollows_alpha-tell2-e-impact,stormwood,systems,fights,hollows_alpha,main,day,Calm,tell2-e-impact,normal,ralph/reports/VISUAL/phase2/stormwood/contact_sheet_systems_06.jpg,godot --path . --rendering-driver opengl3 --resolution 1920x1080 --script tools/phase2_capture_stormwood_fights.gd -- --out=D:/tetherbound/x04-capture/ralph/reports/VISUAL/phase2/stormwood/repro/hollows_alpha --ids=hollows_alpha --seconds=120 --interval=5 --seed=2042,1f9d2ca4b06371d8bff11085f22c56f75c7869d6,GPU service Windows 1920x1080 gl_compatibility NVIDIA GeForce GTX 1060 3GB,ralph/reports/VISUAL/phase2/stormwood/systems/stormwood__fight__hollows_long__hollows_alpha-tell2-e-impact.png,1,contact_sheet_tile_320x180
stormwood__fight__hollows_long__hollows_alpha-tell2-f-recovery,stormwood,systems,fights,hollows_alpha,main,day,Calm,tell2-f-recovery,normal,ralph/reports/VISUAL/phase2/stormwood/contact_sheet_systems_06.jpg,godot --path . --rendering-driver opengl3 --resolution 1920x1080 --script tools/phase2_capture_stormwood_fights.gd -- --out=D:/tetherbound/x04-capture/ralph/reports/VISUAL/phase2/stormwood/repro/hollows_alpha --ids=hollows_alpha --seconds=120 --interval=5 --seed=2042,1f9d2ca4b06371d8bff11085f22c56f75c7869d6,GPU service Windows 1920x1080 gl_compatibility NVIDIA GeForce GTX 1060 3GB,ralph/reports/VISUAL/phase2/stormwood/systems/stormwood__fight__hollows_long__hollows_alpha-tell2-f-recovery.png,2,contact_sheet_tile_320x180
stormwood__fight__hollows_long__hollows_alpha-tell3-a-start,stormwood,systems,fights,hollows_alpha,main,day,Calm,tell3-a-start,normal,ralph/reports/VISUAL/phase2/stormwood/contact_sheet_systems_06.jpg,godot --path . --rendering-driver opengl3 --resolution 1920x1080 --script tools/phase2_capture_stormwood_fights.gd -- --out=D:/tetherbound/x04-capture/ralph/reports/VISUAL/phase2/stormwood/repro/hollows_alpha --ids=hollows_alpha --seconds=120 --interval=5 --seed=2042,1f9d2ca4b06371d8bff11085f22c56f75c7869d6,GPU service Windows 1920x1080 gl_compatibility NVIDIA GeForce GTX 1060 3GB,ralph/reports/VISUAL/phase2/stormwood/systems/stormwood__fight__hollows_long__hollows_alpha-tell3-a-start.png,3,contact_sheet_tile_320x180
stormwood__fight__hollows_long__hollows_alpha-tell3-b-mid,stormwood,systems,fights,hollows_alpha,main,day,Calm,tell3-b-mid,normal,ralph/reports/VISUAL/phase2/stormwood/contact_sheet_systems_06.jpg,godot --path . --rendering-driver opengl3 --resolution 1920x1080 --script tools/phase2_capture_stormwood_fights.gd -- --out=D:/tetherbound/x04-capture/ralph/reports/VISUAL/phase2/stormwood/repro/hollows_alpha --ids=hollows_alpha --seconds=120 --interval=5 --seed=2042,1f9d2ca4b06371d8bff11085f22c56f75c7869d6,GPU service Windows 1920x1080 gl_compatibility NVIDIA GeForce GTX 1060 3GB,ralph/reports/VISUAL/phase2/stormwood/systems/stormwood__fight__hollows_long__hollows_alpha-tell3-b-mid.png,4,contact_sheet_tile_320x180
stormwood__fight__hollows_long__hollows_alpha-tell3-c-late,stormwood,systems,fights,hollows_alpha,main,day,Calm,tell3-c-late,normal,ralph/reports/VISUAL/phase2/stormwood/contact_sheet_systems_06.jpg,godot --path . --rendering-driver opengl3 --resolution 1920x1080 --script tools/phase2_capture_stormwood_fights.gd -- --out=D:/tetherbound/x04-capture/ralph/reports/VISUAL/phase2/stormwood/repro/hollows_alpha --ids=hollows_alpha --seconds=120 --interval=5 --seed=2042,1f9d2ca4b06371d8bff11085f22c56f75c7869d6,GPU service Windows 1920x1080 gl_compatibility NVIDIA GeForce GTX 1060 3GB,ralph/reports/VISUAL/phase2/stormwood/systems/stormwood__fight__hollows_long__hollows_alpha-tell3-c-late.png,5,contact_sheet_tile_320x180
stormwood__fight__hollows_long__hollows_alpha-tell3-d-strike,stormwood,systems,fights,hollows_alpha,main,day,Calm,tell3-d-strike,normal,ralph/reports/VISUAL/phase2/stormwood/contact_sheet_systems_06.jpg,godot --path . --rendering-driver opengl3 --resolution 1920x1080 --script tools/phase2_capture_stormwood_fights.gd -- --out=D:/tetherbound/x04-capture/ralph/reports/VISUAL/phase2/stormwood/repro/hollows_alpha --ids=hollows_alpha --seconds=120 --interval=5 --seed=2042,1f9d2ca4b06371d8bff11085f22c56f75c7869d6,GPU service Windows 1920x1080 gl_compatibility NVIDIA GeForce GTX 1060 3GB,ralph/reports/VISUAL/phase2/stormwood/systems/stormwood__fight__hollows_long__hollows_alpha-tell3-d-strike.png,6,contact_sheet_tile_320x180
stormwood__fight__hollows_long__hollows_alpha-tell3-e-impact,stormwood,systems,fights,hollows_alpha,main,day,Calm,tell3-e-impact,normal,ralph/reports/VISUAL/phase2/stormwood/contact_sheet_systems_06.jpg,godot --path . --rendering-driver opengl3 --resolution 1920x1080 --script tools/phase2_capture_stormwood_fights.gd -- --out=D:/tetherbound/x04-capture/ralph/reports/VISUAL/phase2/stormwood/repro/hollows_alpha --ids=hollows_alpha --seconds=120 --interval=5 --seed=2042,1f9d2ca4b06371d8bff11085f22c56f75c7869d6,GPU service Windows 1920x1080 gl_compatibility NVIDIA GeForce GTX 1060 3GB,ralph/reports/VISUAL/phase2/stormwood/systems/stormwood__fight__hollows_long__hollows_alpha-tell3-e-impact.png,7,contact_sheet_tile_320x180
stormwood__fight__hollows_long__hollows_alpha-tell3-f-recovery,stormwood,systems,fights,hollows_alpha,main,day,Calm,tell3-f-recovery,normal,ralph/reports/VISUAL/phase2/stormwood/contact_sheet_systems_06.jpg,godot --path . --rendering-driver opengl3 --resolution 1920x1080 --script tools/phase2_capture_stormwood_fights.gd -- --out=D:/tetherbound/x04-capture/ralph/reports/VISUAL/phase2/stormwood/repro/hollows_alpha --ids=hollows_alpha --seconds=120 --interval=5 --seed=2042,1f9d2ca4b06371d8bff11085f22c56f75c7869d6,GPU service Windows 1920x1080 gl_compatibility NVIDIA GeForce GTX 1060 3GB,ralph/reports/VISUAL/phase2/stormwood/systems/stormwood__fight__hollows_long__hollows_alpha-tell3-f-recovery.png,8,contact_sheet_tile_320x180
stormwood__fight__hollows_long__hollows_alpha-tell4-a-start,stormwood,systems,fights,hollows_alpha,main,day,Calm,tell4-a-start,normal,ralph/reports/VISUAL/phase2/stormwood/contact_sheet_systems_06.jpg,godot --path . --rendering-driver opengl3 --resolution 1920x1080 --script tools/phase2_capture_stormwood_fights.gd -- --out=D:/tetherbound/x04-capture/ralph/reports/VISUAL/phase2/stormwood/repro/hollows_alpha --ids=hollows_alpha --seconds=120 --interval=5 --seed=2042,1f9d2ca4b06371d8bff11085f22c56f75c7869d6,GPU service Windows 1920x1080 gl_compatibility NVIDIA GeForce GTX 1060 3GB,ralph/reports/VISUAL/phase2/stormwood/systems/stormwood__fight__hollows_long__hollows_alpha-tell4-a-start.png,9,contact_sheet_tile_320x180
stormwood__fight__hollows_long__hollows_alpha-tell4-b-mid,stormwood,systems,fights,hollows_alpha,main,day,Calm,tell4-b-mid,normal,ralph/reports/VISUAL/phase2/stormwood/contact_sheet_systems_06.jpg,godot --path . --rendering-driver opengl3 --resolution 1920x1080 --script tools/phase2_capture_stormwood_fights.gd -- --out=D:/tetherbound/x04-capture/ralph/reports/VISUAL/phase2/stormwood/repro/hollows_alpha --ids=hollows_alpha --seconds=120 --interval=5 --seed=2042,1f9d2ca4b06371d8bff11085f22c56f75c7869d6,GPU service Windows 1920x1080 gl_compatibility NVIDIA GeForce GTX 1060 3GB,ralph/reports/VISUAL/phase2/stormwood/systems/stormwood__fight__hollows_long__hollows_alpha-tell4-b-mid.png,10,contact_sheet_tile_320x180
stormwood__fight__hollows_long__hollows_alpha-tell4-c-late,stormwood,systems,fights,hollows_alpha,main,day,Calm,tell4-c-late,normal,ralph/reports/VISUAL/phase2/stormwood/contact_sheet_systems_06.jpg,godot --path . --rendering-driver opengl3 --resolution 1920x1080 --script tools/phase2_capture_stormwood_fights.gd -- --out=D:/tetherbound/x04-capture/ralph/reports/VISUAL/phase2/stormwood/repro/hollows_alpha --ids=hollows_alpha --seconds=120 --interval=5 --seed=2042,1f9d2ca4b06371d8bff11085f22c56f75c7869d6,GPU service Windows 1920x1080 gl_compatibility NVIDIA GeForce GTX 1060 3GB,ralph/reports/VISUAL/phase2/stormwood/systems/stormwood__fight__hollows_long__hollows_alpha-tell4-c-late.png,11,contact_sheet_tile_320x180
stormwood__fight__hollows_long__hollows_alpha-tell4-d-strike,stormwood,systems,fights,hollows_alpha,main,day,Calm,tell4-d-strike,normal,ralph/reports/VISUAL/phase2/stormwood/contact_sheet_systems_06.jpg,godot --path . --rendering-driver opengl3 --resolution 1920x1080 --script tools/phase2_capture_stormwood_fights.gd -- --out=D:/tetherbound/x04-capture/ralph/reports/VISUAL/phase2/stormwood/repro/hollows_alpha --ids=hollows_alpha --seconds=120 --interval=5 --seed=2042,1f9d2ca4b06371d8bff11085f22c56f75c7869d6,GPU service Windows 1920x1080 gl_compatibility NVIDIA GeForce GTX 1060 3GB,ralph/reports/VISUAL/phase2/stormwood/systems/stormwood__fight__hollows_long__hollows_alpha-tell4-d-strike.png,12,contact_sheet_tile_320x180
stormwood__fight__hollows_long__hollows_alpha-tell4-e-impact,stormwood,systems,fights,hollows_alpha,main,day,Calm,tell4-e-impact,normal,ralph/reports/VISUAL/phase2/stormwood/contact_sheet_systems_06.jpg,godot --path . --rendering-driver opengl3 --resolution 1920x1080 --script tools/phase2_capture_stormwood_fights.gd -- --out=D:/tetherbound/x04-capture/ralph/reports/VISUAL/phase2/stormwood/repro/hollows_alpha --ids=hollows_alpha --seconds=120 --interval=5 --seed=2042,1f9d2ca4b06371d8bff11085f22c56f75c7869d6,GPU service Windows 1920x1080 gl_compatibility NVIDIA GeForce GTX 1060 3GB,ralph/reports/VISUAL/phase2/stormwood/systems/stormwood__fight__hollows_long__hollows_alpha-tell4-e-impact.png,13,contact_sheet_tile_320x180
stormwood__fight__hollows_long__hollows_alpha-tell4-f-recovery,stormwood,systems,fights,hollows_alpha,main,day,Calm,tell4-f-recovery,normal,ralph/reports/VISUAL/phase2/stormwood/contact_sheet_systems_06.jpg,godot --path . --rendering-driver opengl3 --resolution 1920x1080 --script tools/phase2_capture_stormwood_fights.gd -- --out=D:/tetherbound/x04-capture/ralph/reports/VISUAL/phase2/stormwood/repro/hollows_alpha --ids=hollows_alpha --seconds=120 --interval=5 --seed=2042,1f9d2ca4b06371d8bff11085f22c56f75c7869d6,GPU service Windows 1920x1080 gl_compatibility NVIDIA GeForce GTX 1060 3GB,ralph/reports/VISUAL/phase2/stormwood/systems/stormwood__fight__hollows_long__hollows_alpha-tell4-f-recovery.png,14,contact_sheet_tile_320x180
stormwood__fight__hollows_win__hollows_alpha-00-before,stormwood,systems,fights,hollows_alpha,main,day,Calm,00-before,normal,ralph/reports/VISUAL/phase2/stormwood/contact_sheet_systems_06.jpg,godot --path . --rendering-driver opengl3 --resolution 1920x1080 --script tools/phase2_capture_stormwood_fights.gd -- --out=D:/tetherbound/x04-capture/ralph/reports/VISUAL/phase2/stormwood/repro/hollows_alpha --ids=hollows_alpha --seconds=120 --interval=3 --seed=2042,04a7b41e415ebb32b359c9662bc5b2556ce0517c,GPU service Windows 1920x1080 gl_compatibility NVIDIA GeForce GTX 1060 3GB,ralph/reports/VISUAL/phase2/stormwood/systems/stormwood__fight__hollows_win__hollows_alpha-00-before.png,15,contact_sheet_tile_320x180
stormwood__fight__hollows_win__hollows_alpha-99-after,stormwood,systems,fights,hollows_alpha,main,day,Calm,99-after,normal,ralph/reports/VISUAL/phase2/stormwood/contact_sheet_systems_06.jpg,godot --path . --rendering-driver opengl3 --resolution 1920x1080 --script tools/phase2_capture_stormwood_fights.gd -- --out=D:/tetherbound/x04-capture/ralph/reports/VISUAL/phase2/stormwood/repro/hollows_alpha --ids=hollows_alpha --seconds=120 --interval=3 --seed=2042,04a7b41e415ebb32b359c9662bc5b2556ce0517c,GPU service Windows 1920x1080 gl_compatibility NVIDIA GeForce GTX 1060 3GB,ralph/reports/VISUAL/phase2/stormwood/systems/stormwood__fight__hollows_win__hollows_alpha-99-after.png,16,contact_sheet_tile_320x180
stormwood__fight__hollows_win__hollows_alpha-i00,stormwood,systems,fights,hollows_alpha,main,day,Calm,i00,normal,ralph/reports/VISUAL/phase2/stormwood/contact_sheet_systems_06.jpg,godot --path . --rendering-driver opengl3 --resolution 1920x1080 --script tools/phase2_capture_stormwood_fights.gd -- --out=D:/tetherbound/x04-capture/ralph/reports/VISUAL/phase2/stormwood/repro/hollows_alpha --ids=hollows_alpha --seconds=120 --interval=3 --seed=2042,04a7b41e415ebb32b359c9662bc5b2556ce0517c,GPU service Windows 1920x1080 gl_compatibility NVIDIA GeForce GTX 1060 3GB,ralph/reports/VISUAL/phase2/stormwood/systems/stormwood__fight__hollows_win__hollows_alpha-i00.png,17,contact_sheet_tile_320x180
stormwood__fight__hollows_win__hollows_alpha-i01,stormwood,systems,fights,hollows_alpha,main,day,Calm,i01,normal,ralph/reports/VISUAL/phase2/stormwood/contact_sheet_systems_06.jpg,godot --path . --rendering-driver opengl3 --resolution 1920x1080 --script tools/phase2_capture_stormwood_fights.gd -- --out=D:/tetherbound/x04-capture/ralph/reports/VISUAL/phase2/stormwood/repro/hollows_alpha --ids=hollows_alpha --seconds=120 --interval=3 --seed=2042,04a7b41e415ebb32b359c9662bc5b2556ce0517c,GPU service Windows 1920x1080 gl_compatibility NVIDIA GeForce GTX 1060 3GB,ralph/reports/VISUAL/phase2/stormwood/systems/stormwood__fight__hollows_win__hollows_alpha-i01.png,18,contact_sheet_tile_320x180
stormwood__fight__hollows_win__hollows_alpha-i02,stormwood,systems,fights,hollows_alpha,main,day,Calm,i02,normal,ralph/reports/VISUAL/phase2/stormwood/contact_sheet_systems_06.jpg,godot --path . --rendering-driver opengl3 --resolution 1920x1080 --script tools/phase2_capture_stormwood_fights.gd -- --out=D:/tetherbound/x04-capture/ralph/reports/VISUAL/phase2/stormwood/repro/hollows_alpha --ids=hollows_alpha --seconds=120 --interval=3 --seed=2042,04a7b41e415ebb32b359c9662bc5b2556ce0517c,GPU service Windows 1920x1080 gl_compatibility NVIDIA GeForce GTX 1060 3GB,ralph/reports/VISUAL/phase2/stormwood/systems/stormwood__fight__hollows_win__hollows_alpha-i02.png,19,contact_sheet_tile_320x180
stormwood__fight__hollows_win__hollows_alpha-i03,stormwood,systems,fights,hollows_alpha,main,day,Calm,i03,normal,ralph/reports/VISUAL/phase2/stormwood/contact_sheet_systems_06.jpg,godot --path . --rendering-driver opengl3 --resolution 1920x1080 --script tools/phase2_capture_stormwood_fights.gd -- --out=D:/tetherbound/x04-capture/ralph/reports/VISUAL/phase2/stormwood/repro/hollows_alpha --ids=hollows_alpha --seconds=120 --interval=3 --seed=2042,04a7b41e415ebb32b359c9662bc5b2556ce0517c,GPU service Windows 1920x1080 gl_compatibility NVIDIA GeForce GTX 1060 3GB,ralph/reports/VISUAL/phase2/stormwood/systems/stormwood__fight__hollows_win__hollows_alpha-i03.png,20,contact_sheet_tile_320x180
stormwood__fight__hollows_win__hollows_alpha-i04,stormwood,systems,fights,hollows_alpha,main,day,Calm,i04,normal,ralph/reports/VISUAL/phase2/stormwood/contact_sheet_systems_06.jpg,godot --path . --rendering-driver opengl3 --resolution 1920x1080 --script tools/phase2_capture_stormwood_fights.gd -- --out=D:/tetherbound/x04-capture/ralph/reports/VISUAL/phase2/stormwood/repro/hollows_alpha --ids=hollows_alpha --seconds=120 --interval=3 --seed=2042,04a7b41e415ebb32b359c9662bc5b2556ce0517c,GPU service Windows 1920x1080 gl_compatibility NVIDIA GeForce GTX 1060 3GB,ralph/reports/VISUAL/phase2/stormwood/systems/stormwood__fight__hollows_win__hollows_alpha-i04.png,21,contact_sheet_tile_320x180
stormwood__fight__hollows_win__hollows_alpha-i05,stormwood,systems,fights,hollows_alpha,main,day,Calm,i05,normal,ralph/reports/VISUAL/phase2/stormwood/contact_sheet_systems_06.jpg,godot --path . --rendering-driver opengl3 --resolution 1920x1080 --script tools/phase2_capture_stormwood_fights.gd -- --out=D:/tetherbound/x04-capture/ralph/reports/VISUAL/phase2/stormwood/repro/hollows_alpha --ids=hollows_alpha --seconds=120 --interval=3 --seed=2042,04a7b41e415ebb32b359c9662bc5b2556ce0517c,GPU service Windows 1920x1080 gl_compatibility NVIDIA GeForce GTX 1060 3GB,ralph/reports/VISUAL/phase2/stormwood/systems/stormwood__fight__hollows_win__hollows_alpha-i05.png,22,contact_sheet_tile_320x180
stormwood__fight__hollows_win__hollows_alpha-i06,stormwood,systems,fights,hollows_alpha,main,day,Calm,i06,normal,ralph/reports/VISUAL/phase2/stormwood/contact_sheet_systems_06.jpg,godot --path . --rendering-driver opengl3 --resolution 1920x1080 --script tools/phase2_capture_stormwood_fights.gd -- --out=D:/tetherbound/x04-capture/ralph/reports/VISUAL/phase2/stormwood/repro/hollows_alpha --ids=hollows_alpha --seconds=120 --interval=3 --seed=2042,04a7b41e415ebb32b359c9662bc5b2556ce0517c,GPU service Windows 1920x1080 gl_compatibility NVIDIA GeForce GTX 1060 3GB,ralph/reports/VISUAL/phase2/stormwood/systems/stormwood__fight__hollows_win__hollows_alpha-i06.png,23,contact_sheet_tile_320x180
stormwood__fight__hollows_win__hollows_alpha-i07,stormwood,systems,fights,hollows_alpha,main,day,Calm,i07,normal,ralph/reports/VISUAL/phase2/stormwood/contact_sheet_systems_07.jpg,godot --path . --rendering-driver opengl3 --resolution 1920x1080 --script tools/phase2_capture_stormwood_fights.gd -- --out=D:/tetherbound/x04-capture/ralph/reports/VISUAL/phase2/stormwood/repro/hollows_alpha --ids=hollows_alpha --seconds=120 --interval=3 --seed=2042,04a7b41e415ebb32b359c9662bc5b2556ce0517c,GPU service Windows 1920x1080 gl_compatibility NVIDIA GeForce GTX 1060 3GB,ralph/reports/VISUAL/phase2/stormwood/systems/stormwood__fight__hollows_win__hollows_alpha-i07.png,0,contact_sheet_tile_320x180
stormwood__fight__hollows_win__hollows_alpha-i08,stormwood,systems,fights,hollows_alpha,main,day,Calm,i08,normal,ralph/reports/VISUAL/phase2/stormwood/contact_sheet_systems_07.jpg,godot --path . --rendering-driver opengl3 --resolution 1920x1080 --script tools/phase2_capture_stormwood_fights.gd -- --out=D:/tetherbound/x04-capture/ralph/reports/VISUAL/phase2/stormwood/repro/hollows_alpha --ids=hollows_alpha --seconds=120 --interval=3 --seed=2042,04a7b41e415ebb32b359c9662bc5b2556ce0517c,GPU service Windows 1920x1080 gl_compatibility NVIDIA GeForce GTX 1060 3GB,ralph/reports/VISUAL/phase2/stormwood/systems/stormwood__fight__hollows_win__hollows_alpha-i08.png,1,contact_sheet_tile_320x180
stormwood__fight__hollows_win__hollows_alpha-i09,stormwood,systems,fights,hollows_alpha,main,day,Calm,i09,normal,ralph/reports/VISUAL/phase2/stormwood/contact_sheet_systems_07.jpg,godot --path . --rendering-driver opengl3 --resolution 1920x1080 --script tools/phase2_capture_stormwood_fights.gd -- --out=D:/tetherbound/x04-capture/ralph/reports/VISUAL/phase2/stormwood/repro/hollows_alpha --ids=hollows_alpha --seconds=120 --interval=3 --seed=2042,04a7b41e415ebb32b359c9662bc5b2556ce0517c,GPU service Windows 1920x1080 gl_compatibility NVIDIA GeForce GTX 1060 3GB,ralph/reports/VISUAL/phase2/stormwood/systems/stormwood__fight__hollows_win__hollows_alpha-i09.png,2,contact_sheet_tile_320x180
stormwood__fight__hollows_win__hollows_alpha-i10,stormwood,systems,fights,hollows_alpha,main,day,Calm,i10,normal,ralph/reports/VISUAL/phase2/stormwood/contact_sheet_systems_07.jpg,godot --path . --rendering-driver opengl3 --resolution 1920x1080 --script tools/phase2_capture_stormwood_fights.gd -- --out=D:/tetherbound/x04-capture/ralph/reports/VISUAL/phase2/stormwood/repro/hollows_alpha --ids=hollows_alpha --seconds=120 --interval=3 --seed=2042,04a7b41e415ebb32b359c9662bc5b2556ce0517c,GPU service Windows 1920x1080 gl_compatibility NVIDIA GeForce GTX 1060 3GB,ralph/reports/VISUAL/phase2/stormwood/systems/stormwood__fight__hollows_win__hollows_alpha-i10.png,3,contact_sheet_tile_320x180
stormwood__fight__hollows_win__hollows_alpha-i11,stormwood,systems,fights,hollows_alpha,main,day,Calm,i11,normal,ralph/reports/VISUAL/phase2/stormwood/contact_sheet_systems_07.jpg,godot --path . --rendering-driver opengl3 --resolution 1920x1080 --script tools/phase2_capture_stormwood_fights.gd -- --out=D:/tetherbound/x04-capture/ralph/reports/VISUAL/phase2/stormwood/repro/hollows_alpha --ids=hollows_alpha --seconds=120 --interval=3 --seed=2042,04a7b41e415ebb32b359c9662bc5b2556ce0517c,GPU service Windows 1920x1080 gl_compatibility NVIDIA GeForce GTX 1060 3GB,ralph/reports/VISUAL/phase2/stormwood/systems/stormwood__fight__hollows_win__hollows_alpha-i11.png,4,contact_sheet_tile_320x180
stormwood__fight__hollows_win__hollows_alpha-i12,stormwood,systems,fights,hollows_alpha,main,day,Calm,i12,normal,ralph/reports/VISUAL/phase2/stormwood/contact_sheet_systems_07.jpg,godot --path . --rendering-driver opengl3 --resolution 1920x1080 --script tools/phase2_capture_stormwood_fights.gd -- --out=D:/tetherbound/x04-capture/ralph/reports/VISUAL/phase2/stormwood/repro/hollows_alpha --ids=hollows_alpha --seconds=120 --interval=3 --seed=2042,04a7b41e415ebb32b359c9662bc5b2556ce0517c,GPU service Windows 1920x1080 gl_compatibility NVIDIA GeForce GTX 1060 3GB,ralph/reports/VISUAL/phase2/stormwood/systems/stormwood__fight__hollows_win__hollows_alpha-i12.png,5,contact_sheet_tile_320x180
stormwood__fight__hollows_win__hollows_alpha-i13,stormwood,systems,fights,hollows_alpha,main,day,Calm,i13,normal,ralph/reports/VISUAL/phase2/stormwood/contact_sheet_systems_07.jpg,godot --path . --rendering-driver opengl3 --resolution 1920x1080 --script tools/phase2_capture_stormwood_fights.gd -- --out=D:/tetherbound/x04-capture/ralph/reports/VISUAL/phase2/stormwood/repro/hollows_alpha --ids=hollows_alpha --seconds=120 --interval=3 --seed=2042,04a7b41e415ebb32b359c9662bc5b2556ce0517c,GPU service Windows 1920x1080 gl_compatibility NVIDIA GeForce GTX 1060 3GB,ralph/reports/VISUAL/phase2/stormwood/systems/stormwood__fight__hollows_win__hollows_alpha-i13.png,6,contact_sheet_tile_320x180
stormwood__fight__hollows_win__hollows_alpha-i14,stormwood,systems,fights,hollows_alpha,main,day,Calm,i14,normal,ralph/reports/VISUAL/phase2/stormwood/contact_sheet_systems_07.jpg,godot --path . --rendering-driver opengl3 --resolution 1920x1080 --script tools/phase2_capture_stormwood_fights.gd -- --out=D:/tetherbound/x04-capture/ralph/reports/VISUAL/phase2/stormwood/repro/hollows_alpha --ids=hollows_alpha --seconds=120 --interval=3 --seed=2042,04a7b41e415ebb32b359c9662bc5b2556ce0517c,GPU service Windows 1920x1080 gl_compatibility NVIDIA GeForce GTX 1060 3GB,ralph/reports/VISUAL/phase2/stormwood/systems/stormwood__fight__hollows_win__hollows_alpha-i14.png,7,contact_sheet_tile_320x180
stormwood__fight__hollows_win__hollows_alpha-i15,stormwood,systems,fights,hollows_alpha,main,day,Calm,i15,normal,ralph/reports/VISUAL/phase2/stormwood/contact_sheet_systems_07.jpg,godot --path . --rendering-driver opengl3 --resolution 1920x1080 --script tools/phase2_capture_stormwood_fights.gd -- --out=D:/tetherbound/x04-capture/ralph/reports/VISUAL/phase2/stormwood/repro/hollows_alpha --ids=hollows_alpha --seconds=120 --interval=3 --seed=2042,04a7b41e415ebb32b359c9662bc5b2556ce0517c,GPU service Windows 1920x1080 gl_compatibility NVIDIA GeForce GTX 1060 3GB,ralph/reports/VISUAL/phase2/stormwood/systems/stormwood__fight__hollows_win__hollows_alpha-i15.png,8,contact_sheet_tile_320x180
stormwood__fight__hollows_win__hollows_alpha-i16,stormwood,systems,fights,hollows_alpha,main,day,Calm,i16,normal,ralph/reports/VISUAL/phase2/stormwood/contact_sheet_systems_07.jpg,godot --path . --rendering-driver opengl3 --resolution 1920x1080 --script tools/phase2_capture_stormwood_fights.gd -- --out=D:/tetherbound/x04-capture/ralph/reports/VISUAL/phase2/stormwood/repro/hollows_alpha --ids=hollows_alpha --seconds=120 --interval=3 --seed=2042,04a7b41e415ebb32b359c9662bc5b2556ce0517c,GPU service Windows 1920x1080 gl_compatibility NVIDIA GeForce GTX 1060 3GB,ralph/reports/VISUAL/phase2/stormwood/systems/stormwood__fight__hollows_win__hollows_alpha-i16.png,9,contact_sheet_tile_320x180
stormwood__fight__hollows_win__hollows_alpha-i17,stormwood,systems,fights,hollows_alpha,main,day,Calm,i17,normal,ralph/reports/VISUAL/phase2/stormwood/contact_sheet_systems_07.jpg,godot --path . --rendering-driver opengl3 --resolution 1920x1080 --script tools/phase2_capture_stormwood_fights.gd -- --out=D:/tetherbound/x04-capture/ralph/reports/VISUAL/phase2/stormwood/repro/hollows_alpha --ids=hollows_alpha --seconds=120 --interval=3 --seed=2042,04a7b41e415ebb32b359c9662bc5b2556ce0517c,GPU service Windows 1920x1080 gl_compatibility NVIDIA GeForce GTX 1060 3GB,ralph/reports/VISUAL/phase2/stormwood/systems/stormwood__fight__hollows_win__hollows_alpha-i17.png,10,contact_sheet_tile_320x180
stormwood__fight__hollows_win__hollows_alpha-i18,stormwood,systems,fights,hollows_alpha,main,day,Calm,i18,normal,ralph/reports/VISUAL/phase2/stormwood/contact_sheet_systems_07.jpg,godot --path . --rendering-driver opengl3 --resolution 1920x1080 --script tools/phase2_capture_stormwood_fights.gd -- --out=D:/tetherbound/x04-capture/ralph/reports/VISUAL/phase2/stormwood/repro/hollows_alpha --ids=hollows_alpha --seconds=120 --interval=3 --seed=2042,04a7b41e415ebb32b359c9662bc5b2556ce0517c,GPU service Windows 1920x1080 gl_compatibility NVIDIA GeForce GTX 1060 3GB,ralph/reports/VISUAL/phase2/stormwood/systems/stormwood__fight__hollows_win__hollows_alpha-i18.png,11,contact_sheet_tile_320x180
stormwood__fight__hollows_win__hollows_alpha-i19,stormwood,systems,fights,hollows_alpha,main,day,Calm,i19,normal,ralph/reports/VISUAL/phase2/stormwood/contact_sheet_systems_07.jpg,godot --path . --rendering-driver opengl3 --resolution 1920x1080 --script tools/phase2_capture_stormwood_fights.gd -- --out=D:/tetherbound/x04-capture/ralph/reports/VISUAL/phase2/stormwood/repro/hollows_alpha --ids=hollows_alpha --seconds=120 --interval=3 --seed=2042,04a7b41e415ebb32b359c9662bc5b2556ce0517c,GPU service Windows 1920x1080 gl_compatibility NVIDIA GeForce GTX 1060 3GB,ralph/reports/VISUAL/phase2/stormwood/systems/stormwood__fight__hollows_win__hollows_alpha-i19.png,12,contact_sheet_tile_320x180
stormwood__fight__hollows_win__hollows_alpha-i20,stormwood,systems,fights,hollows_alpha,main,day,Calm,i20,normal,ralph/reports/VISUAL/phase2/stormwood/contact_sheet_systems_07.jpg,godot --path . --rendering-driver opengl3 --resolution 1920x1080 --script tools/phase2_capture_stormwood_fights.gd -- --out=D:/tetherbound/x04-capture/ralph/reports/VISUAL/phase2/stormwood/repro/hollows_alpha --ids=hollows_alpha --seconds=120 --interval=3 --seed=2042,04a7b41e415ebb32b359c9662bc5b2556ce0517c,GPU service Windows 1920x1080 gl_compatibility NVIDIA GeForce GTX 1060 3GB,ralph/reports/VISUAL/phase2/stormwood/systems/stormwood__fight__hollows_win__hollows_alpha-i20.png,13,contact_sheet_tile_320x180
stormwood__fight__hollows_win__hollows_alpha-i21,stormwood,systems,fights,hollows_alpha,main,day,Calm,i21,normal,ralph/reports/VISUAL/phase2/stormwood/contact_sheet_systems_07.jpg,godot --path . --rendering-driver opengl3 --resolution 1920x1080 --script tools/phase2_capture_stormwood_fights.gd -- --out=D:/tetherbound/x04-capture/ralph/reports/VISUAL/phase2/stormwood/repro/hollows_alpha --ids=hollows_alpha --seconds=120 --interval=3 --seed=2042,04a7b41e415ebb32b359c9662bc5b2556ce0517c,GPU service Windows 1920x1080 gl_compatibility NVIDIA GeForce GTX 1060 3GB,ralph/reports/VISUAL/phase2/stormwood/systems/stormwood__fight__hollows_win__hollows_alpha-i21.png,14,contact_sheet_tile_320x180
stormwood__fight__hollows_win__hollows_alpha-i22,stormwood,systems,fights,hollows_alpha,main,day,Calm,i22,normal,ralph/reports/VISUAL/phase2/stormwood/contact_sheet_systems_07.jpg,godot --path . --rendering-driver opengl3 --resolution 1920x1080 --script tools/phase2_capture_stormwood_fights.gd -- --out=D:/tetherbound/x04-capture/ralph/reports/VISUAL/phase2/stormwood/repro/hollows_alpha --ids=hollows_alpha --seconds=120 --interval=3 --seed=2042,04a7b41e415ebb32b359c9662bc5b2556ce0517c,GPU service Windows 1920x1080 gl_compatibility NVIDIA GeForce GTX 1060 3GB,ralph/reports/VISUAL/phase2/stormwood/systems/stormwood__fight__hollows_win__hollows_alpha-i22.png,15,contact_sheet_tile_320x180
stormwood__fight__hollows_win__hollows_alpha-tell1-a-start,stormwood,systems,fights,hollows_alpha,main,day,Calm,tell1-a-start,normal,ralph/reports/VISUAL/phase2/stormwood/contact_sheet_systems_07.jpg,godot --path . --rendering-driver opengl3 --resolution 1920x1080 --script tools/phase2_capture_stormwood_fights.gd -- --out=D:/tetherbound/x04-capture/ralph/reports/VISUAL/phase2/stormwood/repro/hollows_alpha --ids=hollows_alpha --seconds=120 --interval=3 --seed=2042,04a7b41e415ebb32b359c9662bc5b2556ce0517c,GPU service Windows 1920x1080 gl_compatibility NVIDIA GeForce GTX 1060 3GB,ralph/reports/VISUAL/phase2/stormwood/systems/stormwood__fight__hollows_win__hollows_alpha-tell1-a-start.png,16,contact_sheet_tile_320x180
stormwood__fight__hollows_win__hollows_alpha-tell1-b-mid,stormwood,systems,fights,hollows_alpha,main,day,Calm,tell1-b-mid,normal,ralph/reports/VISUAL/phase2/stormwood/contact_sheet_systems_07.jpg,godot --path . --rendering-driver opengl3 --resolution 1920x1080 --script tools/phase2_capture_stormwood_fights.gd -- --out=D:/tetherbound/x04-capture/ralph/reports/VISUAL/phase2/stormwood/repro/hollows_alpha --ids=hollows_alpha --seconds=120 --interval=3 --seed=2042,04a7b41e415ebb32b359c9662bc5b2556ce0517c,GPU service Windows 1920x1080 gl_compatibility NVIDIA GeForce GTX 1060 3GB,ralph/reports/VISUAL/phase2/stormwood/systems/stormwood__fight__hollows_win__hollows_alpha-tell1-b-mid.png,17,contact_sheet_tile_320x180
stormwood__fight__hollows_win__hollows_alpha-tell1-c-late,stormwood,systems,fights,hollows_alpha,main,day,Calm,tell1-c-late,normal,ralph/reports/VISUAL/phase2/stormwood/contact_sheet_systems_07.jpg,godot --path . --rendering-driver opengl3 --resolution 1920x1080 --script tools/phase2_capture_stormwood_fights.gd -- --out=D:/tetherbound/x04-capture/ralph/reports/VISUAL/phase2/stormwood/repro/hollows_alpha --ids=hollows_alpha --seconds=120 --interval=3 --seed=2042,04a7b41e415ebb32b359c9662bc5b2556ce0517c,GPU service Windows 1920x1080 gl_compatibility NVIDIA GeForce GTX 1060 3GB,ralph/reports/VISUAL/phase2/stormwood/systems/stormwood__fight__hollows_win__hollows_alpha-tell1-c-late.png,18,contact_sheet_tile_320x180
stormwood__fight__hollows_win__hollows_alpha-tell1-d-strike,stormwood,systems,fights,hollows_alpha,main,day,Calm,tell1-d-strike,normal,ralph/reports/VISUAL/phase2/stormwood/contact_sheet_systems_07.jpg,godot --path . --rendering-driver opengl3 --resolution 1920x1080 --script tools/phase2_capture_stormwood_fights.gd -- --out=D:/tetherbound/x04-capture/ralph/reports/VISUAL/phase2/stormwood/repro/hollows_alpha --ids=hollows_alpha --seconds=120 --interval=3 --seed=2042,04a7b41e415ebb32b359c9662bc5b2556ce0517c,GPU service Windows 1920x1080 gl_compatibility NVIDIA GeForce GTX 1060 3GB,ralph/reports/VISUAL/phase2/stormwood/systems/stormwood__fight__hollows_win__hollows_alpha-tell1-d-strike.png,19,contact_sheet_tile_320x180
stormwood__fight__hollows_win__hollows_alpha-tell1-e-impact,stormwood,systems,fights,hollows_alpha,main,day,Calm,tell1-e-impact,normal,ralph/reports/VISUAL/phase2/stormwood/contact_sheet_systems_07.jpg,godot --path . --rendering-driver opengl3 --resolution 1920x1080 --script tools/phase2_capture_stormwood_fights.gd -- --out=D:/tetherbound/x04-capture/ralph/reports/VISUAL/phase2/stormwood/repro/hollows_alpha --ids=hollows_alpha --seconds=120 --interval=3 --seed=2042,04a7b41e415ebb32b359c9662bc5b2556ce0517c,GPU service Windows 1920x1080 gl_compatibility NVIDIA GeForce GTX 1060 3GB,ralph/reports/VISUAL/phase2/stormwood/systems/stormwood__fight__hollows_win__hollows_alpha-tell1-e-impact.png,20,contact_sheet_tile_320x180
stormwood__fight__hollows_win__hollows_alpha-tell1-f-recovery,stormwood,systems,fights,hollows_alpha,main,day,Calm,tell1-f-recovery,normal,ralph/reports/VISUAL/phase2/stormwood/contact_sheet_systems_07.jpg,godot --path . --rendering-driver opengl3 --resolution 1920x1080 --script tools/phase2_capture_stormwood_fights.gd -- --out=D:/tetherbound/x04-capture/ralph/reports/VISUAL/phase2/stormwood/repro/hollows_alpha --ids=hollows_alpha --seconds=120 --interval=3 --seed=2042,04a7b41e415ebb32b359c9662bc5b2556ce0517c,GPU service Windows 1920x1080 gl_compatibility NVIDIA GeForce GTX 1060 3GB,ralph/reports/VISUAL/phase2/stormwood/systems/stormwood__fight__hollows_win__hollows_alpha-tell1-f-recovery.png,21,contact_sheet_tile_320x180
stormwood__fight__hollows_win__hollows_alpha-tell2-a-start,stormwood,systems,fights,hollows_alpha,main,day,Calm,tell2-a-start,normal,ralph/reports/VISUAL/phase2/stormwood/contact_sheet_systems_07.jpg,godot --path . --rendering-driver opengl3 --resolution 1920x1080 --script tools/phase2_capture_stormwood_fights.gd -- --out=D:/tetherbound/x04-capture/ralph/reports/VISUAL/phase2/stormwood/repro/hollows_alpha --ids=hollows_alpha --seconds=120 --interval=3 --seed=2042,04a7b41e415ebb32b359c9662bc5b2556ce0517c,GPU service Windows 1920x1080 gl_compatibility NVIDIA GeForce GTX 1060 3GB,ralph/reports/VISUAL/phase2/stormwood/systems/stormwood__fight__hollows_win__hollows_alpha-tell2-a-start.png,22,contact_sheet_tile_320x180
stormwood__fight__hollows_win__hollows_alpha-tell2-b-mid,stormwood,systems,fights,hollows_alpha,main,day,Calm,tell2-b-mid,normal,ralph/reports/VISUAL/phase2/stormwood/contact_sheet_systems_07.jpg,godot --path . --rendering-driver opengl3 --resolution 1920x1080 --script tools/phase2_capture_stormwood_fights.gd -- --out=D:/tetherbound/x04-capture/ralph/reports/VISUAL/phase2/stormwood/repro/hollows_alpha --ids=hollows_alpha --seconds=120 --interval=3 --seed=2042,04a7b41e415ebb32b359c9662bc5b2556ce0517c,GPU service Windows 1920x1080 gl_compatibility NVIDIA GeForce GTX 1060 3GB,ralph/reports/VISUAL/phase2/stormwood/systems/stormwood__fight__hollows_win__hollows_alpha-tell2-b-mid.png,23,contact_sheet_tile_320x180
stormwood__fight__hollows_win__hollows_alpha-tell2-c-late,stormwood,systems,fights,hollows_alpha,main,day,Calm,tell2-c-late,normal,ralph/reports/VISUAL/phase2/stormwood/contact_sheet_systems_08.jpg,godot --path . --rendering-driver opengl3 --resolution 1920x1080 --script tools/phase2_capture_stormwood_fights.gd -- --out=D:/tetherbound/x04-capture/ralph/reports/VISUAL/phase2/stormwood/repro/hollows_alpha --ids=hollows_alpha --seconds=120 --interval=3 --seed=2042,04a7b41e415ebb32b359c9662bc5b2556ce0517c,GPU service Windows 1920x1080 gl_compatibility NVIDIA GeForce GTX 1060 3GB,ralph/reports/VISUAL/phase2/stormwood/systems/stormwood__fight__hollows_win__hollows_alpha-tell2-c-late.png,0,contact_sheet_tile_320x180
stormwood__fight__hollows_win__hollows_alpha-tell2-d-strike,stormwood,systems,fights,hollows_alpha,main,day,Calm,tell2-d-strike,normal,ralph/reports/VISUAL/phase2/stormwood/contact_sheet_systems_08.jpg,godot --path . --rendering-driver opengl3 --resolution 1920x1080 --script tools/phase2_capture_stormwood_fights.gd -- --out=D:/tetherbound/x04-capture/ralph/reports/VISUAL/phase2/stormwood/repro/hollows_alpha --ids=hollows_alpha --seconds=120 --interval=3 --seed=2042,04a7b41e415ebb32b359c9662bc5b2556ce0517c,GPU service Windows 1920x1080 gl_compatibility NVIDIA GeForce GTX 1060 3GB,ralph/reports/VISUAL/phase2/stormwood/systems/stormwood__fight__hollows_win__hollows_alpha-tell2-d-strike.png,1,contact_sheet_tile_320x180
stormwood__fight__hollows_win__hollows_alpha-tell2-e-impact,stormwood,systems,fights,hollows_alpha,main,day,Calm,tell2-e-impact,normal,ralph/reports/VISUAL/phase2/stormwood/contact_sheet_systems_08.jpg,godot --path . --rendering-driver opengl3 --resolution 1920x1080 --script tools/phase2_capture_stormwood_fights.gd -- --out=D:/tetherbound/x04-capture/ralph/reports/VISUAL/phase2/stormwood/repro/hollows_alpha --ids=hollows_alpha --seconds=120 --interval=3 --seed=2042,04a7b41e415ebb32b359c9662bc5b2556ce0517c,GPU service Windows 1920x1080 gl_compatibility NVIDIA GeForce GTX 1060 3GB,ralph/reports/VISUAL/phase2/stormwood/systems/stormwood__fight__hollows_win__hollows_alpha-tell2-e-impact.png,2,contact_sheet_tile_320x180
stormwood__fight__hollows_win__hollows_alpha-tell2-f-recovery,stormwood,systems,fights,hollows_alpha,main,day,Calm,tell2-f-recovery,normal,ralph/reports/VISUAL/phase2/stormwood/contact_sheet_systems_08.jpg,godot --path . --rendering-driver opengl3 --resolution 1920x1080 --script tools/phase2_capture_stormwood_fights.gd -- --out=D:/tetherbound/x04-capture/ralph/reports/VISUAL/phase2/stormwood/repro/hollows_alpha --ids=hollows_alpha --seconds=120 --interval=3 --seed=2042,04a7b41e415ebb32b359c9662bc5b2556ce0517c,GPU service Windows 1920x1080 gl_compatibility NVIDIA GeForce GTX 1060 3GB,ralph/reports/VISUAL/phase2/stormwood/systems/stormwood__fight__hollows_win__hollows_alpha-tell2-f-recovery.png,3,contact_sheet_tile_320x180
stormwood__fight__hollows_win__hollows_alpha-tell3-a-start,stormwood,systems,fights,hollows_alpha,main,day,Calm,tell3-a-start,normal,ralph/reports/VISUAL/phase2/stormwood/contact_sheet_systems_08.jpg,godot --path . --rendering-driver opengl3 --resolution 1920x1080 --script tools/phase2_capture_stormwood_fights.gd -- --out=D:/tetherbound/x04-capture/ralph/reports/VISUAL/phase2/stormwood/repro/hollows_alpha --ids=hollows_alpha --seconds=120 --interval=3 --seed=2042,04a7b41e415ebb32b359c9662bc5b2556ce0517c,GPU service Windows 1920x1080 gl_compatibility NVIDIA GeForce GTX 1060 3GB,ralph/reports/VISUAL/phase2/stormwood/systems/stormwood__fight__hollows_win__hollows_alpha-tell3-a-start.png,4,contact_sheet_tile_320x180
stormwood__fight__hollows_win__hollows_alpha-tell3-b-mid,stormwood,systems,fights,hollows_alpha,main,day,Calm,tell3-b-mid,normal,ralph/reports/VISUAL/phase2/stormwood/contact_sheet_systems_08.jpg,godot --path . --rendering-driver opengl3 --resolution 1920x1080 --script tools/phase2_capture_stormwood_fights.gd -- --out=D:/tetherbound/x04-capture/ralph/reports/VISUAL/phase2/stormwood/repro/hollows_alpha --ids=hollows_alpha --seconds=120 --interval=3 --seed=2042,04a7b41e415ebb32b359c9662bc5b2556ce0517c,GPU service Windows 1920x1080 gl_compatibility NVIDIA GeForce GTX 1060 3GB,ralph/reports/VISUAL/phase2/stormwood/systems/stormwood__fight__hollows_win__hollows_alpha-tell3-b-mid.png,5,contact_sheet_tile_320x180
stormwood__fight__hollows_win__hollows_alpha-tell3-c-late,stormwood,systems,fights,hollows_alpha,main,day,Calm,tell3-c-late,normal,ralph/reports/VISUAL/phase2/stormwood/contact_sheet_systems_08.jpg,godot --path . --rendering-driver opengl3 --resolution 1920x1080 --script tools/phase2_capture_stormwood_fights.gd -- --out=D:/tetherbound/x04-capture/ralph/reports/VISUAL/phase2/stormwood/repro/hollows_alpha --ids=hollows_alpha --seconds=120 --interval=3 --seed=2042,04a7b41e415ebb32b359c9662bc5b2556ce0517c,GPU service Windows 1920x1080 gl_compatibility NVIDIA GeForce GTX 1060 3GB,ralph/reports/VISUAL/phase2/stormwood/systems/stormwood__fight__hollows_win__hollows_alpha-tell3-c-late.png,6,contact_sheet_tile_320x180
stormwood__fight__hollows_win__hollows_alpha-tell3-d-strike,stormwood,systems,fights,hollows_alpha,main,day,Calm,tell3-d-strike,normal,ralph/reports/VISUAL/phase2/stormwood/contact_sheet_systems_08.jpg,godot --path . --rendering-driver opengl3 --resolution 1920x1080 --script tools/phase2_capture_stormwood_fights.gd -- --out=D:/tetherbound/x04-capture/ralph/reports/VISUAL/phase2/stormwood/repro/hollows_alpha --ids=hollows_alpha --seconds=120 --interval=3 --seed=2042,04a7b41e415ebb32b359c9662bc5b2556ce0517c,GPU service Windows 1920x1080 gl_compatibility NVIDIA GeForce GTX 1060 3GB,ralph/reports/VISUAL/phase2/stormwood/systems/stormwood__fight__hollows_win__hollows_alpha-tell3-d-strike.png,7,contact_sheet_tile_320x180
stormwood__fight__hollows_win__hollows_alpha-tell3-e-impact,stormwood,systems,fights,hollows_alpha,main,day,Calm,tell3-e-impact,normal,ralph/reports/VISUAL/phase2/stormwood/contact_sheet_systems_08.jpg,godot --path . --rendering-driver opengl3 --resolution 1920x1080 --script tools/phase2_capture_stormwood_fights.gd -- --out=D:/tetherbound/x04-capture/ralph/reports/VISUAL/phase2/stormwood/repro/hollows_alpha --ids=hollows_alpha --seconds=120 --interval=3 --seed=2042,04a7b41e415ebb32b359c9662bc5b2556ce0517c,GPU service Windows 1920x1080 gl_compatibility NVIDIA GeForce GTX 1060 3GB,ralph/reports/VISUAL/phase2/stormwood/systems/stormwood__fight__hollows_win__hollows_alpha-tell3-e-impact.png,8,contact_sheet_tile_320x180
stormwood__fight__hollows_win__hollows_alpha-tell3-f-recovery,stormwood,systems,fights,hollows_alpha,main,day,Calm,tell3-f-recovery,normal,ralph/reports/VISUAL/phase2/stormwood/contact_sheet_systems_08.jpg,godot --path . --rendering-driver opengl3 --resolution 1920x1080 --script tools/phase2_capture_stormwood_fights.gd -- --out=D:/tetherbound/x04-capture/ralph/reports/VISUAL/phase2/stormwood/repro/hollows_alpha --ids=hollows_alpha --seconds=120 --interval=3 --seed=2042,04a7b41e415ebb32b359c9662bc5b2556ce0517c,GPU service Windows 1920x1080 gl_compatibility NVIDIA GeForce GTX 1060 3GB,ralph/reports/VISUAL/phase2/stormwood/systems/stormwood__fight__hollows_win__hollows_alpha-tell3-f-recovery.png,9,contact_sheet_tile_320x180
stormwood__fight__hollows_win__hollows_alpha-tell4-a-start,stormwood,systems,fights,hollows_alpha,main,day,Calm,tell4-a-start,normal,ralph/reports/VISUAL/phase2/stormwood/contact_sheet_systems_08.jpg,godot --path . --rendering-driver opengl3 --resolution 1920x1080 --script tools/phase2_capture_stormwood_fights.gd -- --out=D:/tetherbound/x04-capture/ralph/reports/VISUAL/phase2/stormwood/repro/hollows_alpha --ids=hollows_alpha --seconds=120 --interval=3 --seed=2042,04a7b41e415ebb32b359c9662bc5b2556ce0517c,GPU service Windows 1920x1080 gl_compatibility NVIDIA GeForce GTX 1060 3GB,ralph/reports/VISUAL/phase2/stormwood/systems/stormwood__fight__hollows_win__hollows_alpha-tell4-a-start.png,10,contact_sheet_tile_320x180
stormwood__fight__hollows_win__hollows_alpha-tell4-b-mid,stormwood,systems,fights,hollows_alpha,main,day,Calm,tell4-b-mid,normal,ralph/reports/VISUAL/phase2/stormwood/contact_sheet_systems_08.jpg,godot --path . --rendering-driver opengl3 --resolution 1920x1080 --script tools/phase2_capture_stormwood_fights.gd -- --out=D:/tetherbound/x04-capture/ralph/reports/VISUAL/phase2/stormwood/repro/hollows_alpha --ids=hollows_alpha --seconds=120 --interval=3 --seed=2042,04a7b41e415ebb32b359c9662bc5b2556ce0517c,GPU service Windows 1920x1080 gl_compatibility NVIDIA GeForce GTX 1060 3GB,ralph/reports/VISUAL/phase2/stormwood/systems/stormwood__fight__hollows_win__hollows_alpha-tell4-b-mid.png,11,contact_sheet_tile_320x180
stormwood__fight__hollows_win__hollows_alpha-tell4-c-late,stormwood,systems,fights,hollows_alpha,main,day,Calm,tell4-c-late,normal,ralph/reports/VISUAL/phase2/stormwood/contact_sheet_systems_08.jpg,godot --path . --rendering-driver opengl3 --resolution 1920x1080 --script tools/phase2_capture_stormwood_fights.gd -- --out=D:/tetherbound/x04-capture/ralph/reports/VISUAL/phase2/stormwood/repro/hollows_alpha --ids=hollows_alpha --seconds=120 --interval=3 --seed=2042,04a7b41e415ebb32b359c9662bc5b2556ce0517c,GPU service Windows 1920x1080 gl_compatibility NVIDIA GeForce GTX 1060 3GB,ralph/reports/VISUAL/phase2/stormwood/systems/stormwood__fight__hollows_win__hollows_alpha-tell4-c-late.png,12,contact_sheet_tile_320x180
stormwood__fight__hollows_win__hollows_alpha-tell4-d-strike,stormwood,systems,fights,hollows_alpha,main,day,Calm,tell4-d-strike,normal,ralph/reports/VISUAL/phase2/stormwood/contact_sheet_systems_08.jpg,godot --path . --rendering-driver opengl3 --resolution 1920x1080 --script tools/phase2_capture_stormwood_fights.gd -- --out=D:/tetherbound/x04-capture/ralph/reports/VISUAL/phase2/stormwood/repro/hollows_alpha --ids=hollows_alpha --seconds=120 --interval=3 --seed=2042,04a7b41e415ebb32b359c9662bc5b2556ce0517c,GPU service Windows 1920x1080 gl_compatibility NVIDIA GeForce GTX 1060 3GB,ralph/reports/VISUAL/phase2/stormwood/systems/stormwood__fight__hollows_win__hollows_alpha-tell4-d-strike.png,13,contact_sheet_tile_320x180
stormwood__fight__hollows_win__hollows_alpha-tell4-e-impact,stormwood,systems,fights,hollows_alpha,main,day,Calm,tell4-e-impact,normal,ralph/reports/VISUAL/phase2/stormwood/contact_sheet_systems_08.jpg,godot --path . --rendering-driver opengl3 --resolution 1920x1080 --script tools/phase2_capture_stormwood_fights.gd -- --out=D:/tetherbound/x04-capture/ralph/reports/VISUAL/phase2/stormwood/repro/hollows_alpha --ids=hollows_alpha --seconds=120 --interval=3 --seed=2042,04a7b41e415ebb32b359c9662bc5b2556ce0517c,GPU service Windows 1920x1080 gl_compatibility NVIDIA GeForce GTX 1060 3GB,ralph/reports/VISUAL/phase2/stormwood/systems/stormwood__fight__hollows_win__hollows_alpha-tell4-e-impact.png,14,contact_sheet_tile_320x180
stormwood__fight__hollows_win__hollows_alpha-tell4-f-recovery,stormwood,systems,fights,hollows_alpha,main,day,Calm,tell4-f-recovery,normal,ralph/reports/VISUAL/phase2/stormwood/contact_sheet_systems_08.jpg,godot --path . --rendering-driver opengl3 --resolution 1920x1080 --script tools/phase2_capture_stormwood_fights.gd -- --out=D:/tetherbound/x04-capture/ralph/reports/VISUAL/phase2/stormwood/repro/hollows_alpha --ids=hollows_alpha --seconds=120 --interval=3 --seed=2042,04a7b41e415ebb32b359c9662bc5b2556ce0517c,GPU service Windows 1920x1080 gl_compatibility NVIDIA GeForce GTX 1060 3GB,ralph/reports/VISUAL/phase2/stormwood/systems/stormwood__fight__hollows_win__hollows_alpha-tell4-f-recovery.png,15,contact_sheet_tile_320x180
stormwood__flying__glide,stormwood,systems,flying,,main,day,clear,glide,normal,ralph/reports/VISUAL/phase2/stormwood/contact_sheet_systems_08.jpg,godot --path . --rendering-driver opengl3 --resolution 1920x1080 --script tools/phase2_capture_realm_flight.gd -- --biome=stormwood --seed=2042 --output=res://ralph/reports/VISUAL/phase2/stormwood/repro_flying_glide,0916dd192b640833656ba643e375c8b65f95377b,GPU service Windows 1920x1080 gl_compatibility NVIDIA GeForce GTX 1060 3GB,ralph/reports/VISUAL/phase2/stormwood/systems/stormwood__flying__glide.png,16,contact_sheet_tile_320x180
stormwood__flying__landed,stormwood,systems,flying,,main,day,clear,grounded,normal,ralph/reports/VISUAL/phase2/stormwood/contact_sheet_systems_08.jpg,godot --path . --rendering-driver opengl3 --resolution 1920x1080 --script tools/phase2_capture_realm_flight.gd -- --biome=stormwood --seed=2042 --output=res://ralph/reports/VISUAL/phase2/stormwood/repro_flying_landed,0916dd192b640833656ba643e375c8b65f95377b,GPU service Windows 1920x1080 gl_compatibility NVIDIA GeForce GTX 1060 3GB,ralph/reports/VISUAL/phase2/stormwood/systems/stormwood__flying__landed.png,17,contact_sheet_tile_320x180
stormwood__flying__launch,stormwood,systems,flying,,main,day,clear,glide,normal,ralph/reports/VISUAL/phase2/stormwood/contact_sheet_systems_08.jpg,godot --path . --rendering-driver opengl3 --resolution 1920x1080 --script tools/phase2_capture_realm_flight.gd -- --biome=stormwood --seed=2042 --output=res://ralph/reports/VISUAL/phase2/stormwood/repro_flying_launch,0916dd192b640833656ba643e375c8b65f95377b,GPU service Windows 1920x1080 gl_compatibility NVIDIA GeForce GTX 1060 3GB,ralph/reports/VISUAL/phase2/stormwood/systems/stormwood__flying__launch.png,18,contact_sheet_tile_320x180
stormwood__fulgocobra__attacking,stormwood,creatures,fulgocobra,capture_stage,off,day,clear,attacking,normal,ralph/reports/VISUAL/phase2/stormwood/contact_sheet_creatures_01.jpg,godot --path . --rendering-driver opengl3 --resolution 1920x1080 --script tools/phase2_capture_creatures.gd -- --biome=stormwood --only=fulgocobra --seed=2042 --output=res://ralph/reports/VISUAL/phase2/stormwood/creature_repro_fulgocobra,73dcf98b139672b1965e08a53671350df0bc20b9,native GPU Compatibility,ralph/reports/VISUAL/phase2/stormwood/creatures/stormwood__fulgocobra__attacking.jpg,7,contact_sheet_tile_320x180
stormwood__fulgocobra__fainted,stormwood,creatures,fulgocobra,capture_stage,off,day,clear,fainted,normal,ralph/reports/VISUAL/phase2/stormwood/contact_sheet_creatures_01.jpg,godot --path . --rendering-driver opengl3 --resolution 1920x1080 --script tools/phase2_capture_creatures.gd -- --biome=stormwood --only=fulgocobra --seed=2042 --output=res://ralph/reports/VISUAL/phase2/stormwood/creature_repro_fulgocobra,73dcf98b139672b1965e08a53671350df0bc20b9,native GPU Compatibility,ralph/reports/VISUAL/phase2/stormwood/creatures/stormwood__fulgocobra__fainted.jpg,8,contact_sheet_tile_320x180
stormwood__fulgocobra__hurt,stormwood,creatures,fulgocobra,capture_stage,off,day,clear,hurt,normal,ralph/reports/VISUAL/phase2/stormwood/contact_sheet_creatures_01.jpg,godot --path . --rendering-driver opengl3 --resolution 1920x1080 --script tools/phase2_capture_creatures.gd -- --biome=stormwood --only=fulgocobra --seed=2042 --output=res://ralph/reports/VISUAL/phase2/stormwood/creature_repro_fulgocobra,73dcf98b139672b1965e08a53671350df0bc20b9,native GPU Compatibility,ralph/reports/VISUAL/phase2/stormwood/creatures/stormwood__fulgocobra__hurt.jpg,9,contact_sheet_tile_320x180
stormwood__fulgocobra__idle,stormwood,creatures,fulgocobra,capture_stage,off,day,clear,idle,normal,ralph/reports/VISUAL/phase2/stormwood/contact_sheet_creatures_01.jpg,godot --path . --rendering-driver opengl3 --resolution 1920x1080 --script tools/phase2_capture_creatures.gd -- --biome=stormwood --only=fulgocobra --seed=2042 --output=res://ralph/reports/VISUAL/phase2/stormwood/creature_repro_fulgocobra,73dcf98b139672b1965e08a53671350df0bc20b9,native GPU Compatibility,ralph/reports/VISUAL/phase2/stormwood/creatures/stormwood__fulgocobra__idle.jpg,10,contact_sheet_tile_320x180
stormwood__fulgocobra__moving,stormwood,creatures,fulgocobra,capture_stage,off,day,clear,moving,normal,ralph/reports/VISUAL/phase2/stormwood/contact_sheet_creatures_01.jpg,godot --path . --rendering-driver opengl3 --resolution 1920x1080 --script tools/phase2_capture_creatures.gd -- --biome=stormwood --only=fulgocobra --seed=2042 --output=res://ralph/reports/VISUAL/phase2/stormwood/creature_repro_fulgocobra,73dcf98b139672b1965e08a53671350df0bc20b9,native GPU Compatibility,ralph/reports/VISUAL/phase2/stormwood/creatures/stormwood__fulgocobra__moving.jpg,11,contact_sheet_tile_320x180
stormwood__fulgocobra__resting,stormwood,creatures,fulgocobra,capture_stage,off,day,clear,resting,normal,ralph/reports/VISUAL/phase2/stormwood/contact_sheet_creatures_01.jpg,godot --path . --rendering-driver opengl3 --resolution 1920x1080 --script tools/phase2_capture_creatures.gd -- --biome=stormwood --only=fulgocobra --seed=2042 --output=res://ralph/reports/VISUAL/phase2/stormwood/creature_repro_fulgocobra,73dcf98b139672b1965e08a53671350df0bc20b9,native GPU Compatibility,ralph/reports/VISUAL/phase2/stormwood/creatures/stormwood__fulgocobra__resting.jpg,12,contact_sheet_tile_320x180
stormwood__fulgocobra__shiny_idle,stormwood,creatures,fulgocobra,capture_stage,off,day,clear,shiny_idle,normal,ralph/reports/VISUAL/phase2/stormwood/contact_sheet_creatures_01.jpg,godot --path . --rendering-driver opengl3 --resolution 1920x1080 --script tools/phase2_capture_creatures.gd -- --biome=stormwood --only=fulgocobra --seed=2042 --output=res://ralph/reports/VISUAL/phase2/stormwood/creature_repro_fulgocobra,73dcf98b139672b1965e08a53671350df0bc20b9,native GPU Compatibility,ralph/reports/VISUAL/phase2/stormwood/creatures/stormwood__fulgocobra__shiny_idle.jpg,13,contact_sheet_tile_320x180
stormwood__glimmermoth__attacking,stormwood,creatures,glimmermoth,capture_stage,off,day,clear,attacking,normal,ralph/reports/VISUAL/phase2/stormwood/contact_sheet_creatures_01.jpg,godot --path . --rendering-driver opengl3 --resolution 1920x1080 --script tools/phase2_capture_creatures.gd -- --biome=stormwood --only=glimmermoth --seed=2042 --output=res://ralph/reports/VISUAL/phase2/stormwood/creature_repro_glimmermoth,73dcf98b139672b1965e08a53671350df0bc20b9,native GPU Compatibility,ralph/reports/VISUAL/phase2/stormwood/creatures/stormwood__glimmermoth__attacking.jpg,14,contact_sheet_tile_320x180
stormwood__glimmermoth__fainted,stormwood,creatures,glimmermoth,capture_stage,off,day,clear,fainted,normal,ralph/reports/VISUAL/phase2/stormwood/contact_sheet_creatures_01.jpg,godot --path . --rendering-driver opengl3 --resolution 1920x1080 --script tools/phase2_capture_creatures.gd -- --biome=stormwood --only=glimmermoth --seed=2042 --output=res://ralph/reports/VISUAL/phase2/stormwood/creature_repro_glimmermoth,73dcf98b139672b1965e08a53671350df0bc20b9,native GPU Compatibility,ralph/reports/VISUAL/phase2/stormwood/creatures/stormwood__glimmermoth__fainted.jpg,15,contact_sheet_tile_320x180
stormwood__glimmermoth__hurt,stormwood,creatures,glimmermoth,capture_stage,off,day,clear,hurt,normal,ralph/reports/VISUAL/phase2/stormwood/contact_sheet_creatures_01.jpg,godot --path . --rendering-driver opengl3 --resolution 1920x1080 --script tools/phase2_capture_creatures.gd -- --biome=stormwood --only=glimmermoth --seed=2042 --output=res://ralph/reports/VISUAL/phase2/stormwood/creature_repro_glimmermoth,73dcf98b139672b1965e08a53671350df0bc20b9,native GPU Compatibility,ralph/reports/VISUAL/phase2/stormwood/creatures/stormwood__glimmermoth__hurt.jpg,16,contact_sheet_tile_320x180
stormwood__glimmermoth__idle,stormwood,creatures,glimmermoth,capture_stage,off,day,clear,idle,normal,ralph/reports/VISUAL/phase2/stormwood/contact_sheet_creatures_01.jpg,godot --path . --rendering-driver opengl3 --resolution 1920x1080 --script tools/phase2_capture_creatures.gd -- --biome=stormwood --only=glimmermoth --seed=2042 --output=res://ralph/reports/VISUAL/phase2/stormwood/creature_repro_glimmermoth,73dcf98b139672b1965e08a53671350df0bc20b9,native GPU Compatibility,ralph/reports/VISUAL/phase2/stormwood/creatures/stormwood__glimmermoth__idle.jpg,17,contact_sheet_tile_320x180
stormwood__glimmermoth__moving,stormwood,creatures,glimmermoth,capture_stage,off,day,clear,moving,normal,ralph/reports/VISUAL/phase2/stormwood/contact_sheet_creatures_01.jpg,godot --path . --rendering-driver opengl3 --resolution 1920x1080 --script tools/phase2_capture_creatures.gd -- --biome=stormwood --only=glimmermoth --seed=2042 --output=res://ralph/reports/VISUAL/phase2/stormwood/creature_repro_glimmermoth,73dcf98b139672b1965e08a53671350df0bc20b9,native GPU Compatibility,ralph/reports/VISUAL/phase2/stormwood/creatures/stormwood__glimmermoth__moving.jpg,18,contact_sheet_tile_320x180
stormwood__glimmermoth__resting,stormwood,creatures,glimmermoth,capture_stage,off,day,clear,resting,normal,ralph/reports/VISUAL/phase2/stormwood/contact_sheet_creatures_01.jpg,godot --path . --rendering-driver opengl3 --resolution 1920x1080 --script tools/phase2_capture_creatures.gd -- --biome=stormwood --only=glimmermoth --seed=2042 --output=res://ralph/reports/VISUAL/phase2/stormwood/creature_repro_glimmermoth,73dcf98b139672b1965e08a53671350df0bc20b9,native GPU Compatibility,ralph/reports/VISUAL/phase2/stormwood/creatures/stormwood__glimmermoth__resting.jpg,19,contact_sheet_tile_320x180
stormwood__glimmermoth__shiny_idle,stormwood,creatures,glimmermoth,capture_stage,off,day,clear,shiny_idle,normal,ralph/reports/VISUAL/phase2/stormwood/contact_sheet_creatures_01.jpg,godot --path . --rendering-driver opengl3 --resolution 1920x1080 --script tools/phase2_capture_creatures.gd -- --biome=stormwood --only=glimmermoth --seed=2042 --output=res://ralph/reports/VISUAL/phase2/stormwood/creature_repro_glimmermoth,73dcf98b139672b1965e08a53671350df0bc20b9,native GPU Compatibility,ralph/reports/VISUAL/phase2/stormwood/creatures/stormwood__glimmermoth__shiny_idle.jpg,20,contact_sheet_tile_320x180
stormwood__glowmoss_hollows__03__the_lantern_pools__day__approach,stormwood,named_locations,The Lantern Pools,stormwood__glowmoss_hollows__03__the_lantern_pools,off,day,unmeasured,approach,normal,ralph/reports/VISUAL/phase2/stormwood/contact_sheet_named_locations_03.jpg,godot --path . --rendering-driver opengl3 --resolution 1920x1080 --script tools/phase2_capture_locations.gd -- --biome=stormwood --subset=stormwood__glowmoss_hollows__03__the_lantern_pools --times=day --views=approach --seed=2042 --output=res://ralph/reports/VISUAL/phase2/stormwood/repro/stormwood__glowmoss_hollows__03__the_lantern_pools__day__approach,99274a3cfa654d2a5a655a91635db736829f236a,native GPU Compatibility,ralph/reports/VISUAL/phase2/stormwood/locations/stormwood__glowmoss_hollows__03__the_lantern_pools__day__approach.jpg,0,contact_sheet_tile_320x180
stormwood__glowmoss_hollows__03__the_lantern_pools__day__close,stormwood,named_locations,The Lantern Pools,stormwood__glowmoss_hollows__03__the_lantern_pools,off,day,unmeasured,close,close,ralph/reports/VISUAL/phase2/stormwood/contact_sheet_named_locations_03.jpg,godot --path . --rendering-driver opengl3 --resolution 1920x1080 --script tools/phase2_capture_locations.gd -- --biome=stormwood --subset=stormwood__glowmoss_hollows__03__the_lantern_pools --times=day --views=close --seed=2042 --output=res://ralph/reports/VISUAL/phase2/stormwood/repro/stormwood__glowmoss_hollows__03__the_lantern_pools__day__close,99274a3cfa654d2a5a655a91635db736829f236a,native GPU Compatibility,ralph/reports/VISUAL/phase2/stormwood/locations/stormwood__glowmoss_hollows__03__the_lantern_pools__day__close.jpg,1,contact_sheet_tile_320x180
stormwood__glowmoss_hollows__03__the_lantern_pools__golden__approach,stormwood,named_locations,The Lantern Pools,stormwood__glowmoss_hollows__03__the_lantern_pools,off,dusk,unmeasured,approach,normal,ralph/reports/VISUAL/phase2/stormwood/contact_sheet_named_locations_03.jpg,godot --path . --rendering-driver opengl3 --resolution 1920x1080 --script tools/phase2_capture_locations.gd -- --biome=stormwood --subset=stormwood__glowmoss_hollows__03__the_lantern_pools --times=golden --views=approach --seed=2042 --output=res://ralph/reports/VISUAL/phase2/stormwood/repro/stormwood__glowmoss_hollows__03__the_lantern_pools__golden__approach,99274a3cfa654d2a5a655a91635db736829f236a,native GPU Compatibility,ralph/reports/VISUAL/phase2/stormwood/locations/stormwood__glowmoss_hollows__03__the_lantern_pools__golden__approach.jpg,2,contact_sheet_tile_320x180
stormwood__glowmoss_hollows__03__the_lantern_pools__golden__close,stormwood,named_locations,The Lantern Pools,stormwood__glowmoss_hollows__03__the_lantern_pools,off,dusk,unmeasured,close,close,ralph/reports/VISUAL/phase2/stormwood/contact_sheet_named_locations_03.jpg,godot --path . --rendering-driver opengl3 --resolution 1920x1080 --script tools/phase2_capture_locations.gd -- --biome=stormwood --subset=stormwood__glowmoss_hollows__03__the_lantern_pools --times=golden --views=close --seed=2042 --output=res://ralph/reports/VISUAL/phase2/stormwood/repro/stormwood__glowmoss_hollows__03__the_lantern_pools__golden__close,99274a3cfa654d2a5a655a91635db736829f236a,native GPU Compatibility,ralph/reports/VISUAL/phase2/stormwood/locations/stormwood__glowmoss_hollows__03__the_lantern_pools__golden__close.jpg,3,contact_sheet_tile_320x180
stormwood__glowmoss_hollows__03__the_lantern_pools__night__approach,stormwood,named_locations,The Lantern Pools,stormwood__glowmoss_hollows__03__the_lantern_pools,off,night,unmeasured,approach,normal,ralph/reports/VISUAL/phase2/stormwood/contact_sheet_named_locations_03.jpg,godot --path . --rendering-driver opengl3 --resolution 1920x1080 --script tools/phase2_capture_locations.gd -- --biome=stormwood --subset=stormwood__glowmoss_hollows__03__the_lantern_pools --times=night --views=approach --seed=2042 --output=res://ralph/reports/VISUAL/phase2/stormwood/repro/stormwood__glowmoss_hollows__03__the_lantern_pools__night__approach,99274a3cfa654d2a5a655a91635db736829f236a,native GPU Compatibility,ralph/reports/VISUAL/phase2/stormwood/locations/stormwood__glowmoss_hollows__03__the_lantern_pools__night__approach.jpg,4,contact_sheet_tile_320x180
stormwood__glowmoss_hollows__03__the_lantern_pools__night__close,stormwood,named_locations,The Lantern Pools,stormwood__glowmoss_hollows__03__the_lantern_pools,off,night,unmeasured,close,close,ralph/reports/VISUAL/phase2/stormwood/contact_sheet_named_locations_03.jpg,godot --path . --rendering-driver opengl3 --resolution 1920x1080 --script tools/phase2_capture_locations.gd -- --biome=stormwood --subset=stormwood__glowmoss_hollows__03__the_lantern_pools --times=night --views=close --seed=2042 --output=res://ralph/reports/VISUAL/phase2/stormwood/repro/stormwood__glowmoss_hollows__03__the_lantern_pools__night__close,99274a3cfa654d2a5a655a91635db736829f236a,native GPU Compatibility,ralph/reports/VISUAL/phase2/stormwood/locations/stormwood__glowmoss_hollows__03__the_lantern_pools__night__close.jpg,5,contact_sheet_tile_320x180
stormwood__glowmoss_hollows__03__the_lantern_pools__route_day,stormwood,route_and_terrain,stormwood / glowmoss hollows / 03 / the lantern pools,stormwood__glowmoss_hollows__03__the_lantern_pools,main,day,calm,close,close,ralph/reports/VISUAL/phase2/stormwood/contact_sheet_route_and_terrain_02.jpg,godot --path . --rendering-driver opengl3 --resolution 1920x1080 --script tools/phase2_capture_routes.gd -- --biome=stormwood --subset=stormwood__glowmoss_hollows__03__the_lantern_pools --seed=2042 --output=res://ralph/reports/VISUAL/phase2/stormwood/repro/stormwood__glowmoss_hollows__03__the_lantern_pools__route_day,1d8dfc431f34747b6b7ae016e7757ae362f3fce1,native GPU Compatibility,ralph/reports/VISUAL/phase2/stormwood/routes/stormwood__glowmoss_hollows__03__the_lantern_pools__route_day.jpg,16,contact_sheet_tile_320x180
stormwood__glowmoss_hollows__03__the_lantern_pools__vista_dusk,stormwood,route_and_terrain,stormwood / glowmoss hollows / 03 / the lantern pools,stormwood__glowmoss_hollows__03__the_lantern_pools,main,dusk,calm,vista,vista,ralph/reports/VISUAL/phase2/stormwood/contact_sheet_route_and_terrain_02.jpg,godot --path . --rendering-driver opengl3 --resolution 1920x1080 --script tools/phase2_capture_routes.gd -- --biome=stormwood --subset=stormwood__glowmoss_hollows__03__the_lantern_pools --seed=2042 --output=res://ralph/reports/VISUAL/phase2/stormwood/repro/stormwood__glowmoss_hollows__03__the_lantern_pools__vista_dusk,1d8dfc431f34747b6b7ae016e7757ae362f3fce1,native GPU Compatibility,ralph/reports/VISUAL/phase2/stormwood/routes/stormwood__glowmoss_hollows__03__the_lantern_pools__vista_dusk.jpg,17,contact_sheet_tile_320x180
stormwood__glowmoss_hollows__03__the_lantern_pools__walk_01_day,stormwood,route_and_terrain,stormwood / glowmoss hollows / 03 / the lantern pools,stormwood__glowmoss_hollows__03__the_lantern_pools,off,day,calm,close,close,ralph/reports/VISUAL/phase2/stormwood/contact_sheet_route_and_terrain_02.jpg,godot --path . --rendering-driver opengl3 --resolution 1920x1080 --script tools/phase2_capture_routes.gd -- --biome=stormwood --subset=stormwood__glowmoss_hollows__03__the_lantern_pools --seed=2042 --output=res://ralph/reports/VISUAL/phase2/stormwood/repro/stormwood__glowmoss_hollows__03__the_lantern_pools__walk_01_day,1d8dfc431f34747b6b7ae016e7757ae362f3fce1,native GPU Compatibility,ralph/reports/VISUAL/phase2/stormwood/routes/stormwood__glowmoss_hollows__03__the_lantern_pools__walk_01_day.jpg,18,contact_sheet_tile_320x180
stormwood__glowmoss_hollows__03__the_lantern_pools__walk_02_day,stormwood,route_and_terrain,stormwood / glowmoss hollows / 03 / the lantern pools,stormwood__glowmoss_hollows__03__the_lantern_pools,off,day,calm,close,close,ralph/reports/VISUAL/phase2/stormwood/contact_sheet_route_and_terrain_02.jpg,godot --path . --rendering-driver opengl3 --resolution 1920x1080 --script tools/phase2_capture_routes.gd -- --biome=stormwood --subset=stormwood__glowmoss_hollows__03__the_lantern_pools --seed=2042 --output=res://ralph/reports/VISUAL/phase2/stormwood/repro/stormwood__glowmoss_hollows__03__the_lantern_pools__walk_02_day,1d8dfc431f34747b6b7ae016e7757ae362f3fce1,native GPU Compatibility,ralph/reports/VISUAL/phase2/stormwood/routes/stormwood__glowmoss_hollows__03__the_lantern_pools__walk_02_day.jpg,19,contact_sheet_tile_320x180
stormwood__glowmoss_hollows__03__the_lantern_pools__walk_03_day,stormwood,route_and_terrain,stormwood / glowmoss hollows / 03 / the lantern pools,stormwood__glowmoss_hollows__03__the_lantern_pools,off,day,calm,close,close,ralph/reports/VISUAL/phase2/stormwood/contact_sheet_route_and_terrain_02.jpg,godot --path . --rendering-driver opengl3 --resolution 1920x1080 --script tools/phase2_capture_routes.gd -- --biome=stormwood --subset=stormwood__glowmoss_hollows__03__the_lantern_pools --seed=2042 --output=res://ralph/reports/VISUAL/phase2/stormwood/repro/stormwood__glowmoss_hollows__03__the_lantern_pools__walk_03_day,1d8dfc431f34747b6b7ae016e7757ae362f3fce1,native GPU Compatibility,ralph/reports/VISUAL/phase2/stormwood/routes/stormwood__glowmoss_hollows__03__the_lantern_pools__walk_03_day.jpg,20,contact_sheet_tile_320x180
stormwood__glowmoss_hollows__04__crown_overlook__day__approach,stormwood,named_locations,Crown Overlook,stormwood__glowmoss_hollows__04__crown_overlook,off,day,unmeasured,approach,normal,ralph/reports/VISUAL/phase2/stormwood/contact_sheet_named_locations_03.jpg,godot --path . --rendering-driver opengl3 --resolution 1920x1080 --script tools/phase2_capture_locations.gd -- --biome=stormwood --subset=stormwood__glowmoss_hollows__04__crown_overlook --times=day --views=approach --seed=2042 --output=res://ralph/reports/VISUAL/phase2/stormwood/repro/stormwood__glowmoss_hollows__04__crown_overlook__day__approach,99274a3cfa654d2a5a655a91635db736829f236a,native GPU Compatibility,ralph/reports/VISUAL/phase2/stormwood/locations/stormwood__glowmoss_hollows__04__crown_overlook__day__approach.jpg,6,contact_sheet_tile_320x180
stormwood__glowmoss_hollows__04__crown_overlook__day__close,stormwood,named_locations,Crown Overlook,stormwood__glowmoss_hollows__04__crown_overlook,off,day,unmeasured,close,close,ralph/reports/VISUAL/phase2/stormwood/contact_sheet_named_locations_03.jpg,godot --path . --rendering-driver opengl3 --resolution 1920x1080 --script tools/phase2_capture_locations.gd -- --biome=stormwood --subset=stormwood__glowmoss_hollows__04__crown_overlook --times=day --views=close --seed=2042 --output=res://ralph/reports/VISUAL/phase2/stormwood/repro/stormwood__glowmoss_hollows__04__crown_overlook__day__close,99274a3cfa654d2a5a655a91635db736829f236a,native GPU Compatibility,ralph/reports/VISUAL/phase2/stormwood/locations/stormwood__glowmoss_hollows__04__crown_overlook__day__close.jpg,7,contact_sheet_tile_320x180
stormwood__glowmoss_hollows__04__crown_overlook__golden__approach,stormwood,named_locations,Crown Overlook,stormwood__glowmoss_hollows__04__crown_overlook,off,dusk,unmeasured,approach,normal,ralph/reports/VISUAL/phase2/stormwood/contact_sheet_named_locations_03.jpg,godot --path . --rendering-driver opengl3 --resolution 1920x1080 --script tools/phase2_capture_locations.gd -- --biome=stormwood --subset=stormwood__glowmoss_hollows__04__crown_overlook --times=golden --views=approach --seed=2042 --output=res://ralph/reports/VISUAL/phase2/stormwood/repro/stormwood__glowmoss_hollows__04__crown_overlook__golden__approach,99274a3cfa654d2a5a655a91635db736829f236a,native GPU Compatibility,ralph/reports/VISUAL/phase2/stormwood/locations/stormwood__glowmoss_hollows__04__crown_overlook__golden__approach.jpg,8,contact_sheet_tile_320x180
stormwood__glowmoss_hollows__04__crown_overlook__golden__close,stormwood,named_locations,Crown Overlook,stormwood__glowmoss_hollows__04__crown_overlook,off,dusk,unmeasured,close,close,ralph/reports/VISUAL/phase2/stormwood/contact_sheet_named_locations_03.jpg,godot --path . --rendering-driver opengl3 --resolution 1920x1080 --script tools/phase2_capture_locations.gd -- --biome=stormwood --subset=stormwood__glowmoss_hollows__04__crown_overlook --times=golden --views=close --seed=2042 --output=res://ralph/reports/VISUAL/phase2/stormwood/repro/stormwood__glowmoss_hollows__04__crown_overlook__golden__close,99274a3cfa654d2a5a655a91635db736829f236a,native GPU Compatibility,ralph/reports/VISUAL/phase2/stormwood/locations/stormwood__glowmoss_hollows__04__crown_overlook__golden__close.jpg,9,contact_sheet_tile_320x180
stormwood__glowmoss_hollows__04__crown_overlook__night__approach,stormwood,named_locations,Crown Overlook,stormwood__glowmoss_hollows__04__crown_overlook,off,night,unmeasured,approach,normal,ralph/reports/VISUAL/phase2/stormwood/contact_sheet_named_locations_03.jpg,godot --path . --rendering-driver opengl3 --resolution 1920x1080 --script tools/phase2_capture_locations.gd -- --biome=stormwood --subset=stormwood__glowmoss_hollows__04__crown_overlook --times=night --views=approach --seed=2042 --output=res://ralph/reports/VISUAL/phase2/stormwood/repro/stormwood__glowmoss_hollows__04__crown_overlook__night__approach,99274a3cfa654d2a5a655a91635db736829f236a,native GPU Compatibility,ralph/reports/VISUAL/phase2/stormwood/locations/stormwood__glowmoss_hollows__04__crown_overlook__night__approach.jpg,10,contact_sheet_tile_320x180
stormwood__glowmoss_hollows__04__crown_overlook__night__close,stormwood,named_locations,Crown Overlook,stormwood__glowmoss_hollows__04__crown_overlook,off,night,unmeasured,close,close,ralph/reports/VISUAL/phase2/stormwood/contact_sheet_named_locations_03.jpg,godot --path . --rendering-driver opengl3 --resolution 1920x1080 --script tools/phase2_capture_locations.gd -- --biome=stormwood --subset=stormwood__glowmoss_hollows__04__crown_overlook --times=night --views=close --seed=2042 --output=res://ralph/reports/VISUAL/phase2/stormwood/repro/stormwood__glowmoss_hollows__04__crown_overlook__night__close,99274a3cfa654d2a5a655a91635db736829f236a,native GPU Compatibility,ralph/reports/VISUAL/phase2/stormwood/locations/stormwood__glowmoss_hollows__04__crown_overlook__night__close.jpg,11,contact_sheet_tile_320x180
stormwood__glowmoss_hollows__04__crown_overlook__route_day,stormwood,route_and_terrain,stormwood / glowmoss hollows / 04 / crown overlook,stormwood__glowmoss_hollows__04__crown_overlook,main,day,calm,close,close,ralph/reports/VISUAL/phase2/stormwood/contact_sheet_route_and_terrain_02.jpg,godot --path . --rendering-driver opengl3 --resolution 1920x1080 --script tools/phase2_capture_routes.gd -- --biome=stormwood --subset=stormwood__glowmoss_hollows__04__crown_overlook --seed=2042 --output=res://ralph/reports/VISUAL/phase2/stormwood/repro/stormwood__glowmoss_hollows__04__crown_overlook__route_day,1d8dfc431f34747b6b7ae016e7757ae362f3fce1,native GPU Compatibility,ralph/reports/VISUAL/phase2/stormwood/routes/stormwood__glowmoss_hollows__04__crown_overlook__route_day.jpg,21,contact_sheet_tile_320x180
stormwood__glowmoss_hollows__04__crown_overlook__vista_dusk,stormwood,route_and_terrain,stormwood / glowmoss hollows / 04 / crown overlook,stormwood__glowmoss_hollows__04__crown_overlook,main,dusk,calm,vista,vista,ralph/reports/VISUAL/phase2/stormwood/contact_sheet_route_and_terrain_02.jpg,godot --path . --rendering-driver opengl3 --resolution 1920x1080 --script tools/phase2_capture_routes.gd -- --biome=stormwood --subset=stormwood__glowmoss_hollows__04__crown_overlook --seed=2042 --output=res://ralph/reports/VISUAL/phase2/stormwood/repro/stormwood__glowmoss_hollows__04__crown_overlook__vista_dusk,1d8dfc431f34747b6b7ae016e7757ae362f3fce1,native GPU Compatibility,ralph/reports/VISUAL/phase2/stormwood/routes/stormwood__glowmoss_hollows__04__crown_overlook__vista_dusk.jpg,22,contact_sheet_tile_320x180
stormwood__glowmoss_hollows__04__crown_overlook__walk_01_day,stormwood,route_and_terrain,stormwood / glowmoss hollows / 04 / crown overlook,stormwood__glowmoss_hollows__04__crown_overlook,off,day,calm,close,close,ralph/reports/VISUAL/phase2/stormwood/contact_sheet_route_and_terrain_02.jpg,godot --path . --rendering-driver opengl3 --resolution 1920x1080 --script tools/phase2_capture_routes.gd -- --biome=stormwood --subset=stormwood__glowmoss_hollows__04__crown_overlook --seed=2042 --output=res://ralph/reports/VISUAL/phase2/stormwood/repro/stormwood__glowmoss_hollows__04__crown_overlook__walk_01_day,1d8dfc431f34747b6b7ae016e7757ae362f3fce1,native GPU Compatibility,ralph/reports/VISUAL/phase2/stormwood/routes/stormwood__glowmoss_hollows__04__crown_overlook__walk_01_day.jpg,23,contact_sheet_tile_320x180
stormwood__glowmoss_hollows__04__crown_overlook__walk_02_day,stormwood,route_and_terrain,stormwood / glowmoss hollows / 04 / crown overlook,stormwood__glowmoss_hollows__04__crown_overlook,off,day,calm,close,close,ralph/reports/VISUAL/phase2/stormwood/contact_sheet_route_and_terrain_03.jpg,godot --path . --rendering-driver opengl3 --resolution 1920x1080 --script tools/phase2_capture_routes.gd -- --biome=stormwood --subset=stormwood__glowmoss_hollows__04__crown_overlook --seed=2042 --output=res://ralph/reports/VISUAL/phase2/stormwood/repro/stormwood__glowmoss_hollows__04__crown_overlook__walk_02_day,1d8dfc431f34747b6b7ae016e7757ae362f3fce1,native GPU Compatibility,ralph/reports/VISUAL/phase2/stormwood/routes/stormwood__glowmoss_hollows__04__crown_overlook__walk_02_day.jpg,0,contact_sheet_tile_320x180
stormwood__glowmoss_hollows__04__crown_overlook__walk_03_day,stormwood,route_and_terrain,stormwood / glowmoss hollows / 04 / crown overlook,stormwood__glowmoss_hollows__04__crown_overlook,off,day,calm,close,close,ralph/reports/VISUAL/phase2/stormwood/contact_sheet_route_and_terrain_03.jpg,godot --path . --rendering-driver opengl3 --resolution 1920x1080 --script tools/phase2_capture_routes.gd -- --biome=stormwood --subset=stormwood__glowmoss_hollows__04__crown_overlook --seed=2042 --output=res://ralph/reports/VISUAL/phase2/stormwood/repro/stormwood__glowmoss_hollows__04__crown_overlook__walk_03_day,1d8dfc431f34747b6b7ae016e7757ae362f3fce1,native GPU Compatibility,ralph/reports/VISUAL/phase2/stormwood/routes/stormwood__glowmoss_hollows__04__crown_overlook__walk_03_day.jpg,1,contact_sheet_tile_320x180
stormwood__hollow_crown__07__the_crown_arch__day__approach,stormwood,named_locations,The Crown Arch,stormwood__hollow_crown__07__the_crown_arch,off,day,unmeasured,approach,normal,ralph/reports/VISUAL/phase2/stormwood/contact_sheet_named_locations_03.jpg,godot --path . --rendering-driver opengl3 --resolution 1920x1080 --script tools/phase2_capture_locations.gd -- --biome=stormwood --subset=stormwood__hollow_crown__07__the_crown_arch --times=day --views=approach --seed=2042 --output=res://ralph/reports/VISUAL/phase2/stormwood/repro/stormwood__hollow_crown__07__the_crown_arch__day__approach,99274a3cfa654d2a5a655a91635db736829f236a,native GPU Compatibility,ralph/reports/VISUAL/phase2/stormwood/locations/stormwood__hollow_crown__07__the_crown_arch__day__approach.jpg,12,contact_sheet_tile_320x180
stormwood__hollow_crown__07__the_crown_arch__day__close,stormwood,named_locations,The Crown Arch,stormwood__hollow_crown__07__the_crown_arch,off,day,unmeasured,close,close,ralph/reports/VISUAL/phase2/stormwood/contact_sheet_named_locations_03.jpg,godot --path . --rendering-driver opengl3 --resolution 1920x1080 --script tools/phase2_capture_locations.gd -- --biome=stormwood --subset=stormwood__hollow_crown__07__the_crown_arch --times=day --views=close --seed=2042 --output=res://ralph/reports/VISUAL/phase2/stormwood/repro/stormwood__hollow_crown__07__the_crown_arch__day__close,99274a3cfa654d2a5a655a91635db736829f236a,native GPU Compatibility,ralph/reports/VISUAL/phase2/stormwood/locations/stormwood__hollow_crown__07__the_crown_arch__day__close.jpg,13,contact_sheet_tile_320x180
stormwood__hollow_crown__07__the_crown_arch__day__close__break,stormwood,time_and_weather,The Crown Arch,stormwood__hollow_crown__07__the_crown_arch,off,day,break,close,close,ralph/reports/VISUAL/phase2/stormwood/contact_sheet_time_and_weather_01.jpg,godot --path . --rendering-driver opengl3 --resolution 1920x1080 --script tools/phase2_capture_storm_phases.gd -- --biome=stormwood --subset=stormwood__hollow_crown__07__the_crown_arch --seed=2042 --output=res://ralph/reports/VISUAL/phase2/stormwood/repro/stormwood__hollow_crown__07__the_crown_arch__day__close__break,1d8dfc431f34747b6b7ae016e7757ae362f3fce1,native GPU Compatibility,ralph/reports/VISUAL/phase2/stormwood/weather/stormwood__hollow_crown__07__the_crown_arch__day__close__break.jpg,8,contact_sheet_tile_320x180
stormwood__hollow_crown__07__the_crown_arch__day__close__building,stormwood,time_and_weather,The Crown Arch,stormwood__hollow_crown__07__the_crown_arch,off,day,building,close,close,ralph/reports/VISUAL/phase2/stormwood/contact_sheet_time_and_weather_01.jpg,godot --path . --rendering-driver opengl3 --resolution 1920x1080 --script tools/phase2_capture_storm_phases.gd -- --biome=stormwood --subset=stormwood__hollow_crown__07__the_crown_arch --seed=2042 --output=res://ralph/reports/VISUAL/phase2/stormwood/repro/stormwood__hollow_crown__07__the_crown_arch__day__close__building,1d8dfc431f34747b6b7ae016e7757ae362f3fce1,native GPU Compatibility,ralph/reports/VISUAL/phase2/stormwood/weather/stormwood__hollow_crown__07__the_crown_arch__day__close__building.jpg,9,contact_sheet_tile_320x180
stormwood__hollow_crown__07__the_crown_arch__day__close__calm,stormwood,time_and_weather,The Crown Arch,stormwood__hollow_crown__07__the_crown_arch,off,day,calm,close,close,ralph/reports/VISUAL/phase2/stormwood/contact_sheet_time_and_weather_01.jpg,godot --path . --rendering-driver opengl3 --resolution 1920x1080 --script tools/phase2_capture_storm_phases.gd -- --biome=stormwood --subset=stormwood__hollow_crown__07__the_crown_arch --seed=2042 --output=res://ralph/reports/VISUAL/phase2/stormwood/repro/stormwood__hollow_crown__07__the_crown_arch__day__close__calm,1d8dfc431f34747b6b7ae016e7757ae362f3fce1,native GPU Compatibility,ralph/reports/VISUAL/phase2/stormwood/weather/stormwood__hollow_crown__07__the_crown_arch__day__close__calm.jpg,10,contact_sheet_tile_320x180
stormwood__hollow_crown__07__the_crown_arch__day__close__fading,stormwood,time_and_weather,The Crown Arch,stormwood__hollow_crown__07__the_crown_arch,off,day,fading,close,close,ralph/reports/VISUAL/phase2/stormwood/contact_sheet_time_and_weather_01.jpg,godot --path . --rendering-driver opengl3 --resolution 1920x1080 --script tools/phase2_capture_storm_phases.gd -- --biome=stormwood --subset=stormwood__hollow_crown__07__the_crown_arch --seed=2042 --output=res://ralph/reports/VISUAL/phase2/stormwood/repro/stormwood__hollow_crown__07__the_crown_arch__day__close__fading,1d8dfc431f34747b6b7ae016e7757ae362f3fce1,native GPU Compatibility,ralph/reports/VISUAL/phase2/stormwood/weather/stormwood__hollow_crown__07__the_crown_arch__day__close__fading.jpg,11,contact_sheet_tile_320x180
stormwood__hollow_crown__07__the_crown_arch__golden__approach,stormwood,named_locations,The Crown Arch,stormwood__hollow_crown__07__the_crown_arch,off,dusk,unmeasured,approach,normal,ralph/reports/VISUAL/phase2/stormwood/contact_sheet_named_locations_03.jpg,godot --path . --rendering-driver opengl3 --resolution 1920x1080 --script tools/phase2_capture_locations.gd -- --biome=stormwood --subset=stormwood__hollow_crown__07__the_crown_arch --times=golden --views=approach --seed=2042 --output=res://ralph/reports/VISUAL/phase2/stormwood/repro/stormwood__hollow_crown__07__the_crown_arch__golden__approach,99274a3cfa654d2a5a655a91635db736829f236a,native GPU Compatibility,ralph/reports/VISUAL/phase2/stormwood/locations/stormwood__hollow_crown__07__the_crown_arch__golden__approach.jpg,14,contact_sheet_tile_320x180
stormwood__hollow_crown__07__the_crown_arch__golden__close,stormwood,named_locations,The Crown Arch,stormwood__hollow_crown__07__the_crown_arch,off,dusk,unmeasured,close,close,ralph/reports/VISUAL/phase2/stormwood/contact_sheet_named_locations_03.jpg,godot --path . --rendering-driver opengl3 --resolution 1920x1080 --script tools/phase2_capture_locations.gd -- --biome=stormwood --subset=stormwood__hollow_crown__07__the_crown_arch --times=golden --views=close --seed=2042 --output=res://ralph/reports/VISUAL/phase2/stormwood/repro/stormwood__hollow_crown__07__the_crown_arch__golden__close,99274a3cfa654d2a5a655a91635db736829f236a,native GPU Compatibility,ralph/reports/VISUAL/phase2/stormwood/locations/stormwood__hollow_crown__07__the_crown_arch__golden__close.jpg,15,contact_sheet_tile_320x180
stormwood__hollow_crown__07__the_crown_arch__night__approach,stormwood,named_locations,The Crown Arch,stormwood__hollow_crown__07__the_crown_arch,off,night,unmeasured,approach,normal,ralph/reports/VISUAL/phase2/stormwood/contact_sheet_named_locations_03.jpg,godot --path . --rendering-driver opengl3 --resolution 1920x1080 --script tools/phase2_capture_locations.gd -- --biome=stormwood --subset=stormwood__hollow_crown__07__the_crown_arch --times=night --views=approach --seed=2042 --output=res://ralph/reports/VISUAL/phase2/stormwood/repro/stormwood__hollow_crown__07__the_crown_arch__night__approach,99274a3cfa654d2a5a655a91635db736829f236a,native GPU Compatibility,ralph/reports/VISUAL/phase2/stormwood/locations/stormwood__hollow_crown__07__the_crown_arch__night__approach.jpg,16,contact_sheet_tile_320x180
stormwood__hollow_crown__07__the_crown_arch__night__close,stormwood,named_locations,The Crown Arch,stormwood__hollow_crown__07__the_crown_arch,off,night,unmeasured,close,close,ralph/reports/VISUAL/phase2/stormwood/contact_sheet_named_locations_03.jpg,godot --path . --rendering-driver opengl3 --resolution 1920x1080 --script tools/phase2_capture_locations.gd -- --biome=stormwood --subset=stormwood__hollow_crown__07__the_crown_arch --times=night --views=close --seed=2042 --output=res://ralph/reports/VISUAL/phase2/stormwood/repro/stormwood__hollow_crown__07__the_crown_arch__night__close,99274a3cfa654d2a5a655a91635db736829f236a,native GPU Compatibility,ralph/reports/VISUAL/phase2/stormwood/locations/stormwood__hollow_crown__07__the_crown_arch__night__close.jpg,17,contact_sheet_tile_320x180
stormwood__hollow_crown__07__the_crown_arch__route_day,stormwood,route_and_terrain,stormwood / hollow crown / 07 / the crown arch,stormwood__hollow_crown__07__the_crown_arch,main,day,calm,close,close,ralph/reports/VISUAL/phase2/stormwood/contact_sheet_route_and_terrain_03.jpg,godot --path . --rendering-driver opengl3 --resolution 1920x1080 --script tools/phase2_capture_routes.gd -- --biome=stormwood --subset=stormwood__hollow_crown__07__the_crown_arch --seed=2042 --output=res://ralph/reports/VISUAL/phase2/stormwood/repro/stormwood__hollow_crown__07__the_crown_arch__route_day,1d8dfc431f34747b6b7ae016e7757ae362f3fce1,native GPU Compatibility,ralph/reports/VISUAL/phase2/stormwood/routes/stormwood__hollow_crown__07__the_crown_arch__route_day.jpg,2,contact_sheet_tile_320x180
stormwood__hollow_crown__07__the_crown_arch__vista_dusk,stormwood,route_and_terrain,stormwood / hollow crown / 07 / the crown arch,stormwood__hollow_crown__07__the_crown_arch,main,dusk,calm,vista,vista,ralph/reports/VISUAL/phase2/stormwood/contact_sheet_route_and_terrain_03.jpg,godot --path . --rendering-driver opengl3 --resolution 1920x1080 --script tools/phase2_capture_routes.gd -- --biome=stormwood --subset=stormwood__hollow_crown__07__the_crown_arch --seed=2042 --output=res://ralph/reports/VISUAL/phase2/stormwood/repro/stormwood__hollow_crown__07__the_crown_arch__vista_dusk,1d8dfc431f34747b6b7ae016e7757ae362f3fce1,native GPU Compatibility,ralph/reports/VISUAL/phase2/stormwood/routes/stormwood__hollow_crown__07__the_crown_arch__vista_dusk.jpg,3,contact_sheet_tile_320x180
stormwood__hollow_crown__07__the_crown_arch__walk_01_day,stormwood,route_and_terrain,stormwood / hollow crown / 07 / the crown arch,stormwood__hollow_crown__07__the_crown_arch,off,day,calm,close,close,ralph/reports/VISUAL/phase2/stormwood/contact_sheet_route_and_terrain_03.jpg,godot --path . --rendering-driver opengl3 --resolution 1920x1080 --script tools/phase2_capture_routes.gd -- --biome=stormwood --subset=stormwood__hollow_crown__07__the_crown_arch --seed=2042 --output=res://ralph/reports/VISUAL/phase2/stormwood/repro/stormwood__hollow_crown__07__the_crown_arch__walk_01_day,1d8dfc431f34747b6b7ae016e7757ae362f3fce1,native GPU Compatibility,ralph/reports/VISUAL/phase2/stormwood/routes/stormwood__hollow_crown__07__the_crown_arch__walk_01_day.jpg,4,contact_sheet_tile_320x180
stormwood__hollow_crown__07__the_crown_arch__walk_02_day,stormwood,route_and_terrain,stormwood / hollow crown / 07 / the crown arch,stormwood__hollow_crown__07__the_crown_arch,off,day,calm,close,close,ralph/reports/VISUAL/phase2/stormwood/contact_sheet_route_and_terrain_03.jpg,godot --path . --rendering-driver opengl3 --resolution 1920x1080 --script tools/phase2_capture_routes.gd -- --biome=stormwood --subset=stormwood__hollow_crown__07__the_crown_arch --seed=2042 --output=res://ralph/reports/VISUAL/phase2/stormwood/repro/stormwood__hollow_crown__07__the_crown_arch__walk_02_day,1d8dfc431f34747b6b7ae016e7757ae362f3fce1,native GPU Compatibility,ralph/reports/VISUAL/phase2/stormwood/routes/stormwood__hollow_crown__07__the_crown_arch__walk_02_day.jpg,5,contact_sheet_tile_320x180
stormwood__hollow_crown__07__the_crown_arch__walk_03_day,stormwood,route_and_terrain,stormwood / hollow crown / 07 / the crown arch,stormwood__hollow_crown__07__the_crown_arch,off,day,calm,close,close,ralph/reports/VISUAL/phase2/stormwood/contact_sheet_route_and_terrain_03.jpg,godot --path . --rendering-driver opengl3 --resolution 1920x1080 --script tools/phase2_capture_routes.gd -- --biome=stormwood --subset=stormwood__hollow_crown__07__the_crown_arch --seed=2042 --output=res://ralph/reports/VISUAL/phase2/stormwood/repro/stormwood__hollow_crown__07__the_crown_arch__walk_03_day,1d8dfc431f34747b6b7ae016e7757ae362f3fce1,native GPU Compatibility,ralph/reports/VISUAL/phase2/stormwood/routes/stormwood__hollow_crown__07__the_crown_arch__walk_03_day.jpg,6,contact_sheet_tile_320x180
stormwood__hollow_crown__08__the_crown_heartstone__day__approach,stormwood,named_locations,The Crown Heartstone,stormwood__hollow_crown__08__the_crown_heartstone,off,day,unmeasured,approach,normal,ralph/reports/VISUAL/phase2/stormwood/contact_sheet_named_locations_03.jpg,godot --path . --rendering-driver opengl3 --resolution 1920x1080 --script tools/phase2_capture_locations.gd -- --biome=stormwood --subset=stormwood__hollow_crown__08__the_crown_heartstone --times=day --views=approach --seed=2042 --output=res://ralph/reports/VISUAL/phase2/stormwood/repro/stormwood__hollow_crown__08__the_crown_heartstone__day__approach,99274a3cfa654d2a5a655a91635db736829f236a,native GPU Compatibility,ralph/reports/VISUAL/phase2/stormwood/locations/stormwood__hollow_crown__08__the_crown_heartstone__day__approach.jpg,18,contact_sheet_tile_320x180
stormwood__hollow_crown__08__the_crown_heartstone__day__close,stormwood,named_locations,The Crown Heartstone,stormwood__hollow_crown__08__the_crown_heartstone,off,day,unmeasured,close,close,ralph/reports/VISUAL/phase2/stormwood/contact_sheet_named_locations_03.jpg,godot --path . --rendering-driver opengl3 --resolution 1920x1080 --script tools/phase2_capture_locations.gd -- --biome=stormwood --subset=stormwood__hollow_crown__08__the_crown_heartstone --times=day --views=close --seed=2042 --output=res://ralph/reports/VISUAL/phase2/stormwood/repro/stormwood__hollow_crown__08__the_crown_heartstone__day__close,99274a3cfa654d2a5a655a91635db736829f236a,native GPU Compatibility,ralph/reports/VISUAL/phase2/stormwood/locations/stormwood__hollow_crown__08__the_crown_heartstone__day__close.jpg,19,contact_sheet_tile_320x180
stormwood__hollow_crown__08__the_crown_heartstone__golden__approach,stormwood,named_locations,The Crown Heartstone,stormwood__hollow_crown__08__the_crown_heartstone,off,dusk,unmeasured,approach,normal,ralph/reports/VISUAL/phase2/stormwood/contact_sheet_named_locations_03.jpg,godot --path . --rendering-driver opengl3 --resolution 1920x1080 --script tools/phase2_capture_locations.gd -- --biome=stormwood --subset=stormwood__hollow_crown__08__the_crown_heartstone --times=golden --views=approach --seed=2042 --output=res://ralph/reports/VISUAL/phase2/stormwood/repro/stormwood__hollow_crown__08__the_crown_heartstone__golden__approach,99274a3cfa654d2a5a655a91635db736829f236a,native GPU Compatibility,ralph/reports/VISUAL/phase2/stormwood/locations/stormwood__hollow_crown__08__the_crown_heartstone__golden__approach.jpg,20,contact_sheet_tile_320x180
stormwood__hollow_crown__08__the_crown_heartstone__golden__close,stormwood,named_locations,The Crown Heartstone,stormwood__hollow_crown__08__the_crown_heartstone,off,dusk,unmeasured,close,close,ralph/reports/VISUAL/phase2/stormwood/contact_sheet_named_locations_03.jpg,godot --path . --rendering-driver opengl3 --resolution 1920x1080 --script tools/phase2_capture_locations.gd -- --biome=stormwood --subset=stormwood__hollow_crown__08__the_crown_heartstone --times=golden --views=close --seed=2042 --output=res://ralph/reports/VISUAL/phase2/stormwood/repro/stormwood__hollow_crown__08__the_crown_heartstone__golden__close,99274a3cfa654d2a5a655a91635db736829f236a,native GPU Compatibility,ralph/reports/VISUAL/phase2/stormwood/locations/stormwood__hollow_crown__08__the_crown_heartstone__golden__close.jpg,21,contact_sheet_tile_320x180
stormwood__hollow_crown__08__the_crown_heartstone__night__approach,stormwood,named_locations,The Crown Heartstone,stormwood__hollow_crown__08__the_crown_heartstone,off,night,unmeasured,approach,normal,ralph/reports/VISUAL/phase2/stormwood/contact_sheet_named_locations_03.jpg,godot --path . --rendering-driver opengl3 --resolution 1920x1080 --script tools/phase2_capture_locations.gd -- --biome=stormwood --subset=stormwood__hollow_crown__08__the_crown_heartstone --times=night --views=approach --seed=2042 --output=res://ralph/reports/VISUAL/phase2/stormwood/repro/stormwood__hollow_crown__08__the_crown_heartstone__night__approach,99274a3cfa654d2a5a655a91635db736829f236a,native GPU Compatibility,ralph/reports/VISUAL/phase2/stormwood/locations/stormwood__hollow_crown__08__the_crown_heartstone__night__approach.jpg,22,contact_sheet_tile_320x180
stormwood__hollow_crown__08__the_crown_heartstone__night__close,stormwood,named_locations,The Crown Heartstone,stormwood__hollow_crown__08__the_crown_heartstone,off,night,unmeasured,close,close,ralph/reports/VISUAL/phase2/stormwood/contact_sheet_named_locations_03.jpg,godot --path . --rendering-driver opengl3 --resolution 1920x1080 --script tools/phase2_capture_locations.gd -- --biome=stormwood --subset=stormwood__hollow_crown__08__the_crown_heartstone --times=night --views=close --seed=2042 --output=res://ralph/reports/VISUAL/phase2/stormwood/repro/stormwood__hollow_crown__08__the_crown_heartstone__night__close,99274a3cfa654d2a5a655a91635db736829f236a,native GPU Compatibility,ralph/reports/VISUAL/phase2/stormwood/locations/stormwood__hollow_crown__08__the_crown_heartstone__night__close.jpg,23,contact_sheet_tile_320x180
stormwood__hollow_crown__08__the_crown_heartstone__route_day,stormwood,route_and_terrain,stormwood / hollow crown / 08 / the crown heartstone,stormwood__hollow_crown__08__the_crown_heartstone,main,day,calm,close,close,ralph/reports/VISUAL/phase2/stormwood/contact_sheet_route_and_terrain_03.jpg,godot --path . --rendering-driver opengl3 --resolution 1920x1080 --script tools/phase2_capture_routes.gd -- --biome=stormwood --subset=stormwood__hollow_crown__08__the_crown_heartstone --seed=2042 --output=res://ralph/reports/VISUAL/phase2/stormwood/repro/stormwood__hollow_crown__08__the_crown_heartstone__route_day,1d8dfc431f34747b6b7ae016e7757ae362f3fce1,native GPU Compatibility,ralph/reports/VISUAL/phase2/stormwood/routes/stormwood__hollow_crown__08__the_crown_heartstone__route_day.jpg,7,contact_sheet_tile_320x180
stormwood__hollow_crown__08__the_crown_heartstone__vista_dusk,stormwood,route_and_terrain,stormwood / hollow crown / 08 / the crown heartstone,stormwood__hollow_crown__08__the_crown_heartstone,main,dusk,calm,vista,vista,ralph/reports/VISUAL/phase2/stormwood/contact_sheet_route_and_terrain_03.jpg,godot --path . --rendering-driver opengl3 --resolution 1920x1080 --script tools/phase2_capture_routes.gd -- --biome=stormwood --subset=stormwood__hollow_crown__08__the_crown_heartstone --seed=2042 --output=res://ralph/reports/VISUAL/phase2/stormwood/repro/stormwood__hollow_crown__08__the_crown_heartstone__vista_dusk,1d8dfc431f34747b6b7ae016e7757ae362f3fce1,native GPU Compatibility,ralph/reports/VISUAL/phase2/stormwood/routes/stormwood__hollow_crown__08__the_crown_heartstone__vista_dusk.jpg,8,contact_sheet_tile_320x180
stormwood__hollow_crown__08__the_crown_heartstone__walk_01_day,stormwood,route_and_terrain,stormwood / hollow crown / 08 / the crown heartstone,stormwood__hollow_crown__08__the_crown_heartstone,off,day,calm,close,close,ralph/reports/VISUAL/phase2/stormwood/contact_sheet_route_and_terrain_03.jpg,godot --path . --rendering-driver opengl3 --resolution 1920x1080 --script tools/phase2_capture_routes.gd -- --biome=stormwood --subset=stormwood__hollow_crown__08__the_crown_heartstone --seed=2042 --output=res://ralph/reports/VISUAL/phase2/stormwood/repro/stormwood__hollow_crown__08__the_crown_heartstone__walk_01_day,1d8dfc431f34747b6b7ae016e7757ae362f3fce1,native GPU Compatibility,ralph/reports/VISUAL/phase2/stormwood/routes/stormwood__hollow_crown__08__the_crown_heartstone__walk_01_day.jpg,9,contact_sheet_tile_320x180
stormwood__hollow_crown__08__the_crown_heartstone__walk_02_day,stormwood,route_and_terrain,stormwood / hollow crown / 08 / the crown heartstone,stormwood__hollow_crown__08__the_crown_heartstone,off,day,calm,close,close,ralph/reports/VISUAL/phase2/stormwood/contact_sheet_route_and_terrain_03.jpg,godot --path . --rendering-driver opengl3 --resolution 1920x1080 --script tools/phase2_capture_routes.gd -- --biome=stormwood --subset=stormwood__hollow_crown__08__the_crown_heartstone --seed=2042 --output=res://ralph/reports/VISUAL/phase2/stormwood/repro/stormwood__hollow_crown__08__the_crown_heartstone__walk_02_day,1d8dfc431f34747b6b7ae016e7757ae362f3fce1,native GPU Compatibility,ralph/reports/VISUAL/phase2/stormwood/routes/stormwood__hollow_crown__08__the_crown_heartstone__walk_02_day.jpg,10,contact_sheet_tile_320x180
stormwood__hollow_crown__08__the_crown_heartstone__walk_03_day,stormwood,route_and_terrain,stormwood / hollow crown / 08 / the crown heartstone,stormwood__hollow_crown__08__the_crown_heartstone,off,day,calm,close,close,ralph/reports/VISUAL/phase2/stormwood/contact_sheet_route_and_terrain_03.jpg,godot --path . --rendering-driver opengl3 --resolution 1920x1080 --script tools/phase2_capture_routes.gd -- --biome=stormwood --subset=stormwood__hollow_crown__08__the_crown_heartstone --seed=2042 --output=res://ralph/reports/VISUAL/phase2/stormwood/repro/stormwood__hollow_crown__08__the_crown_heartstone__walk_03_day,1d8dfc431f34747b6b7ae016e7757ae362f3fce1,native GPU Compatibility,ralph/reports/VISUAL/phase2/stormwood/routes/stormwood__hollow_crown__08__the_crown_heartstone__walk_03_day.jpg,11,contact_sheet_tile_320x180
stormwood__inventory__character__ace_trainer_rook,stormwood,characters,Rook,stormwood__inventory__character__ace_trainer_rook,main,day,calm,post,normal,ralph/reports/VISUAL/phase2/stormwood/contact_sheet_characters_01.jpg,godot --path . --rendering-driver opengl3 --resolution 1920x1080 --script tools/phase2_capture_dialogue.gd -- --biome=stormwood --subset=stormwood__inventory__character__ace_trainer_rook --seed=2042 --output=res://ralph/reports/VISUAL/phase2/stormwood/repro/stormwood__inventory__character__ace_trainer_rook,6b9165b9e040fc4cb3de3a7a69a0cd731119116f,GPU Compatibility OpenGL3 1920x1080 GTX1060,ralph/reports/VISUAL/phase2/stormwood/characters/stormwood__inventory__character__ace_trainer_rook.jpg,0,contact_sheet_tile_320x180
stormwood__inventory__character__ace_trainer_rook__dialogue,stormwood,characters,Rook,stormwood__inventory__character__ace_trainer_rook__dialogue,main,day,calm,dialogue,ui,ralph/reports/VISUAL/phase2/stormwood/contact_sheet_characters_01.jpg,godot --path . --rendering-driver opengl3 --resolution 1920x1080 --script tools/phase2_capture_dialogue.gd -- --biome=stormwood --subset=stormwood__inventory__character__ace_trainer_rook --seed=2042 --output=res://ralph/reports/VISUAL/phase2/stormwood/repro/stormwood__inventory__character__ace_trainer_rook__dialogue,6b9165b9e040fc4cb3de3a7a69a0cd731119116f,GPU Compatibility OpenGL3 1920x1080 GTX1060,ralph/reports/VISUAL/phase2/stormwood/characters/stormwood__inventory__character__ace_trainer_rook__dialogue.jpg,1,contact_sheet_tile_320x180
stormwood__inventory__character__archivist_wen,stormwood,characters,Archivist Wen,stormwood__inventory__character__archivist_wen,main,day,calm,post,normal,ralph/reports/VISUAL/phase2/stormwood/contact_sheet_characters_01.jpg,godot --path . --rendering-driver opengl3 --resolution 1920x1080 --script tools/phase2_capture_dialogue.gd -- --biome=stormwood --subset=stormwood__inventory__character__archivist_wen --seed=2042 --output=res://ralph/reports/VISUAL/phase2/stormwood/repro/stormwood__inventory__character__archivist_wen,6b9165b9e040fc4cb3de3a7a69a0cd731119116f,GPU Compatibility OpenGL3 1920x1080 GTX1060,ralph/reports/VISUAL/phase2/stormwood/characters/stormwood__inventory__character__archivist_wen.jpg,2,contact_sheet_tile_320x180
stormwood__inventory__character__archivist_wen__dialogue,stormwood,characters,Archivist Wen,stormwood__inventory__character__archivist_wen__dialogue,main,day,calm,dialogue,ui,ralph/reports/VISUAL/phase2/stormwood/contact_sheet_characters_01.jpg,godot --path . --rendering-driver opengl3 --resolution 1920x1080 --script tools/phase2_capture_dialogue.gd -- --biome=stormwood --subset=stormwood__inventory__character__archivist_wen --seed=2042 --output=res://ralph/reports/VISUAL/phase2/stormwood/repro/stormwood__inventory__character__archivist_wen__dialogue,6b9165b9e040fc4cb3de3a7a69a0cd731119116f,GPU Compatibility OpenGL3 1920x1080 GTX1060,ralph/reports/VISUAL/phase2/stormwood/characters/stormwood__inventory__character__archivist_wen__dialogue.jpg,3,contact_sheet_tile_320x180
stormwood__inventory__character__captain_marrow,stormwood,characters,Captain Marrow,stormwood__inventory__character__captain_marrow,main,day,calm,post,normal,ralph/reports/VISUAL/phase2/stormwood/contact_sheet_characters_01.jpg,godot --path . --rendering-driver opengl3 --resolution 1920x1080 --script tools/phase2_capture_dialogue.gd -- --biome=stormwood --subset=stormwood__inventory__character__captain_marrow --seed=2042 --output=res://ralph/reports/VISUAL/phase2/stormwood/repro/stormwood__inventory__character__captain_marrow,6b9165b9e040fc4cb3de3a7a69a0cd731119116f,GPU Compatibility OpenGL3 1920x1080 GTX1060,ralph/reports/VISUAL/phase2/stormwood/characters/stormwood__inventory__character__captain_marrow.jpg,4,contact_sheet_tile_320x180
stormwood__inventory__character__captain_marrow__dialogue,stormwood,characters,Captain Marrow,stormwood__inventory__character__captain_marrow__dialogue,main,day,calm,dialogue,ui,ralph/reports/VISUAL/phase2/stormwood/contact_sheet_characters_01.jpg,godot --path . --rendering-driver opengl3 --resolution 1920x1080 --script tools/phase2_capture_dialogue.gd -- --biome=stormwood --subset=stormwood__inventory__character__captain_marrow --seed=2042 --output=res://ralph/reports/VISUAL/phase2/stormwood/repro/stormwood__inventory__character__captain_marrow__dialogue,6b9165b9e040fc4cb3de3a7a69a0cd731119116f,GPU Compatibility OpenGL3 1920x1080 GTX1060,ralph/reports/VISUAL/phase2/stormwood/characters/stormwood__inventory__character__captain_marrow__dialogue.jpg,5,contact_sheet_tile_320x180
stormwood__inventory__character__caretaker_lio,stormwood,characters,Lio,stormwood__inventory__character__caretaker_lio,main,day,calm,post,normal,ralph/reports/VISUAL/phase2/stormwood/contact_sheet_characters_01.jpg,godot --path . --rendering-driver opengl3 --resolution 1920x1080 --script tools/phase2_capture_dialogue.gd -- --biome=stormwood --subset=stormwood__inventory__character__caretaker_lio --seed=2042 --output=res://ralph/reports/VISUAL/phase2/stormwood/repro/stormwood__inventory__character__caretaker_lio,6b9165b9e040fc4cb3de3a7a69a0cd731119116f,GPU Compatibility OpenGL3 1920x1080 GTX1060,ralph/reports/VISUAL/phase2/stormwood/characters/stormwood__inventory__character__caretaker_lio.jpg,6,contact_sheet_tile_320x180
stormwood__inventory__character__caretaker_lio__dialogue,stormwood,characters,Lio,stormwood__inventory__character__caretaker_lio__dialogue,main,day,calm,dialogue,ui,ralph/reports/VISUAL/phase2/stormwood/contact_sheet_characters_01.jpg,godot --path . --rendering-driver opengl3 --resolution 1920x1080 --script tools/phase2_capture_dialogue.gd -- --biome=stormwood --subset=stormwood__inventory__character__caretaker_lio --seed=2042 --output=res://ralph/reports/VISUAL/phase2/stormwood/repro/stormwood__inventory__character__caretaker_lio__dialogue,6b9165b9e040fc4cb3de3a7a69a0cd731119116f,GPU Compatibility OpenGL3 1920x1080 GTX1060,ralph/reports/VISUAL/phase2/stormwood/characters/stormwood__inventory__character__caretaker_lio__dialogue.jpg,7,contact_sheet_tile_320x180
stormwood__inventory__character__cook_marl,stormwood,characters,Marl,stormwood__inventory__character__cook_marl,main,day,calm,post,normal,ralph/reports/VISUAL/phase2/stormwood/contact_sheet_characters_01.jpg,godot --path . --rendering-driver opengl3 --resolution 1920x1080 --script tools/phase2_capture_dialogue.gd -- --biome=stormwood --subset=stormwood__inventory__character__cook_marl --seed=2042 --output=res://ralph/reports/VISUAL/phase2/stormwood/repro/stormwood__inventory__character__cook_marl,6b9165b9e040fc4cb3de3a7a69a0cd731119116f,GPU Compatibility OpenGL3 1920x1080 GTX1060,ralph/reports/VISUAL/phase2/stormwood/characters/stormwood__inventory__character__cook_marl.jpg,8,contact_sheet_tile_320x180
stormwood__inventory__character__cook_marl__dialogue,stormwood,characters,Marl,stormwood__inventory__character__cook_marl__dialogue,main,day,calm,dialogue,ui,ralph/reports/VISUAL/phase2/stormwood/contact_sheet_characters_01.jpg,godot --path . --rendering-driver opengl3 --resolution 1920x1080 --script tools/phase2_capture_dialogue.gd -- --biome=stormwood --subset=stormwood__inventory__character__cook_marl --seed=2042 --output=res://ralph/reports/VISUAL/phase2/stormwood/repro/stormwood__inventory__character__cook_marl__dialogue,6b9165b9e040fc4cb3de3a7a69a0cd731119116f,GPU Compatibility OpenGL3 1920x1080 GTX1060,ralph/reports/VISUAL/phase2/stormwood/characters/stormwood__inventory__character__cook_marl__dialogue.jpg,9,contact_sheet_tile_320x180
stormwood__inventory__character__courier_pim,stormwood,characters,Pim,stormwood__inventory__character__courier_pim,main,day,calm,post,normal,ralph/reports/VISUAL/phase2/stormwood/contact_sheet_characters_01.jpg,godot --path . --rendering-driver opengl3 --resolution 1920x1080 --script tools/phase2_capture_dialogue.gd -- --biome=stormwood --subset=stormwood__inventory__character__courier_pim --seed=2042 --output=res://ralph/reports/VISUAL/phase2/stormwood/repro/stormwood__inventory__character__courier_pim,6b9165b9e040fc4cb3de3a7a69a0cd731119116f,GPU Compatibility OpenGL3 1920x1080 GTX1060,ralph/reports/VISUAL/phase2/stormwood/characters/stormwood__inventory__character__courier_pim.jpg,10,contact_sheet_tile_320x180
stormwood__inventory__character__courier_pim__dialogue,stormwood,characters,Pim,stormwood__inventory__character__courier_pim__dialogue,main,day,calm,dialogue,ui,ralph/reports/VISUAL/phase2/stormwood/contact_sheet_characters_01.jpg,godot --path . --rendering-driver opengl3 --resolution 1920x1080 --script tools/phase2_capture_dialogue.gd -- --biome=stormwood --subset=stormwood__inventory__character__courier_pim --seed=2042 --output=res://ralph/reports/VISUAL/phase2/stormwood/repro/stormwood__inventory__character__courier_pim__dialogue,6b9165b9e040fc4cb3de3a7a69a0cd731119116f,GPU Compatibility OpenGL3 1920x1080 GTX1060,ralph/reports/VISUAL/phase2/stormwood/characters/stormwood__inventory__character__courier_pim__dialogue.jpg,11,contact_sheet_tile_320x180
stormwood__inventory__character__crown_caretaker_neri,stormwood,characters,Neri,stormwood__inventory__character__crown_caretaker_neri,main,day,calm,post,normal,ralph/reports/VISUAL/phase2/stormwood/contact_sheet_characters_01.jpg,godot --path . --rendering-driver opengl3 --resolution 1920x1080 --script tools/phase2_capture_dialogue.gd -- --biome=stormwood --subset=stormwood__inventory__character__crown_caretaker_neri --seed=2042 --output=res://ralph/reports/VISUAL/phase2/stormwood/repro/stormwood__inventory__character__crown_caretaker_neri,6b9165b9e040fc4cb3de3a7a69a0cd731119116f,GPU Compatibility OpenGL3 1920x1080 GTX1060,ralph/reports/VISUAL/phase2/stormwood/characters/stormwood__inventory__character__crown_caretaker_neri.jpg,12,contact_sheet_tile_320x180
stormwood__inventory__character__crown_caretaker_neri__dialogue,stormwood,characters,Neri,stormwood__inventory__character__crown_caretaker_neri__dialogue,main,day,calm,dialogue,ui,ralph/reports/VISUAL/phase2/stormwood/contact_sheet_characters_01.jpg,godot --path . --rendering-driver opengl3 --resolution 1920x1080 --script tools/phase2_capture_dialogue.gd -- --biome=stormwood --subset=stormwood__inventory__character__crown_caretaker_neri --seed=2042 --output=res://ralph/reports/VISUAL/phase2/stormwood/repro/stormwood__inventory__character__crown_caretaker_neri__dialogue,6b9165b9e040fc4cb3de3a7a69a0cd731119116f,GPU Compatibility OpenGL3 1920x1080 GTX1060,ralph/reports/VISUAL/phase2/stormwood/characters/stormwood__inventory__character__crown_caretaker_neri__dialogue.jpg,13,contact_sheet_tile_320x180
stormwood__inventory__character__defector_sable,stormwood,characters,Sable,stormwood__inventory__character__defector_sable,main,day,calm,post,normal,ralph/reports/VISUAL/phase2/stormwood/contact_sheet_characters_01.jpg,godot --path . --rendering-driver opengl3 --resolution 1920x1080 --script tools/phase2_capture_dialogue.gd -- --biome=stormwood --subset=stormwood__inventory__character__defector_sable --seed=2042 --output=res://ralph/reports/VISUAL/phase2/stormwood/repro/stormwood__inventory__character__defector_sable,6b9165b9e040fc4cb3de3a7a69a0cd731119116f,GPU Compatibility OpenGL3 1920x1080 GTX1060,ralph/reports/VISUAL/phase2/stormwood/characters/stormwood__inventory__character__defector_sable.jpg,14,contact_sheet_tile_320x180
stormwood__inventory__character__defector_sable__dialogue,stormwood,characters,Sable,stormwood__inventory__character__defector_sable__dialogue,main,day,calm,dialogue,ui,ralph/reports/VISUAL/phase2/stormwood/contact_sheet_characters_01.jpg,godot --path . --rendering-driver opengl3 --resolution 1920x1080 --script tools/phase2_capture_dialogue.gd -- --biome=stormwood --subset=stormwood__inventory__character__defector_sable --seed=2042 --output=res://ralph/reports/VISUAL/phase2/stormwood/repro/stormwood__inventory__character__defector_sable__dialogue,6b9165b9e040fc4cb3de3a7a69a0cd731119116f,GPU Compatibility OpenGL3 1920x1080 GTX1060,ralph/reports/VISUAL/phase2/stormwood/characters/stormwood__inventory__character__defector_sable__dialogue.jpg,15,contact_sheet_tile_320x180
stormwood__inventory__character__elder_maud,stormwood,characters,Elder Maud,stormwood__inventory__character__elder_maud,main,day,calm,post,normal,ralph/reports/VISUAL/phase2/stormwood/contact_sheet_characters_01.jpg,godot --path . --rendering-driver opengl3 --resolution 1920x1080 --script tools/phase2_capture_dialogue.gd -- --biome=stormwood --subset=stormwood__inventory__character__elder_maud --seed=2042 --output=res://ralph/reports/VISUAL/phase2/stormwood/repro/stormwood__inventory__character__elder_maud,6b9165b9e040fc4cb3de3a7a69a0cd731119116f,GPU Compatibility OpenGL3 1920x1080 GTX1060,ralph/reports/VISUAL/phase2/stormwood/characters/stormwood__inventory__character__elder_maud.jpg,16,contact_sheet_tile_320x180
stormwood__inventory__character__elder_maud__dialogue,stormwood,characters,Elder Maud,stormwood__inventory__character__elder_maud__dialogue,main,day,calm,dialogue,ui,ralph/reports/VISUAL/phase2/stormwood/contact_sheet_characters_01.jpg,godot --path . --rendering-driver opengl3 --resolution 1920x1080 --script tools/phase2_capture_dialogue.gd -- --biome=stormwood --subset=stormwood__inventory__character__elder_maud --seed=2042 --output=res://ralph/reports/VISUAL/phase2/stormwood/repro/stormwood__inventory__character__elder_maud__dialogue,6b9165b9e040fc4cb3de3a7a69a0cd731119116f,GPU Compatibility OpenGL3 1920x1080 GTX1060,ralph/reports/VISUAL/phase2/stormwood/characters/stormwood__inventory__character__elder_maud__dialogue.jpg,17,contact_sheet_tile_320x180
stormwood__inventory__character__grunt_lieutenant_dace,stormwood,characters,Lieutenant Dace,stormwood__inventory__character__grunt_lieutenant_dace,main,day,calm,post,normal,ralph/reports/VISUAL/phase2/stormwood/contact_sheet_characters_01.jpg,godot --path . --rendering-driver opengl3 --resolution 1920x1080 --script tools/phase2_capture_dialogue.gd -- --biome=stormwood --subset=stormwood__inventory__character__grunt_lieutenant_dace --seed=2042 --output=res://ralph/reports/VISUAL/phase2/stormwood/repro/stormwood__inventory__character__grunt_lieutenant_dace,6b9165b9e040fc4cb3de3a7a69a0cd731119116f,GPU Compatibility OpenGL3 1920x1080 GTX1060,ralph/reports/VISUAL/phase2/stormwood/characters/stormwood__inventory__character__grunt_lieutenant_dace.jpg,18,contact_sheet_tile_320x180
stormwood__inventory__character__grunt_lieutenant_dace__dialogue,stormwood,characters,Lieutenant Dace,stormwood__inventory__character__grunt_lieutenant_dace__dialogue,main,day,calm,dialogue,ui,ralph/reports/VISUAL/phase2/stormwood/contact_sheet_characters_01.jpg,godot --path . --rendering-driver opengl3 --resolution 1920x1080 --script tools/phase2_capture_dialogue.gd -- --biome=stormwood --subset=stormwood__inventory__character__grunt_lieutenant_dace --seed=2042 --output=res://ralph/reports/VISUAL/phase2/stormwood/repro/stormwood__inventory__character__grunt_lieutenant_dace__dialogue,6b9165b9e040fc4cb3de3a7a69a0cd731119116f,GPU Compatibility OpenGL3 1920x1080 GTX1060,ralph/reports/VISUAL/phase2/stormwood/characters/stormwood__inventory__character__grunt_lieutenant_dace__dialogue.jpg,19,contact_sheet_tile_320x180
stormwood__inventory__character__keeper_ondra,stormwood,characters,Keeper Ondra,stormwood__inventory__character__keeper_ondra,main,day,calm,post,normal,ralph/reports/VISUAL/phase2/stormwood/contact_sheet_characters_01.jpg,godot --path . --rendering-driver opengl3 --resolution 1920x1080 --script tools/phase2_capture_dialogue.gd -- --biome=stormwood --subset=stormwood__inventory__character__keeper_ondra --seed=2042 --output=res://ralph/reports/VISUAL/phase2/stormwood/repro/stormwood__inventory__character__keeper_ondra,6b9165b9e040fc4cb3de3a7a69a0cd731119116f,GPU Compatibility OpenGL3 1920x1080 GTX1060,ralph/reports/VISUAL/phase2/stormwood/characters/stormwood__inventory__character__keeper_ondra.jpg,20,contact_sheet_tile_320x180
stormwood__inventory__character__keeper_ondra__dialogue,stormwood,characters,Keeper Ondra,stormwood__inventory__character__keeper_ondra__dialogue,main,day,calm,dialogue,ui,ralph/reports/VISUAL/phase2/stormwood/contact_sheet_characters_01.jpg,godot --path . --rendering-driver opengl3 --resolution 1920x1080 --script tools/phase2_capture_dialogue.gd -- --biome=stormwood --subset=stormwood__inventory__character__keeper_ondra --seed=2042 --output=res://ralph/reports/VISUAL/phase2/stormwood/repro/stormwood__inventory__character__keeper_ondra__dialogue,6b9165b9e040fc4cb3de3a7a69a0cd731119116f,GPU Compatibility OpenGL3 1920x1080 GTX1060,ralph/reports/VISUAL/phase2/stormwood/characters/stormwood__inventory__character__keeper_ondra__dialogue.jpg,21,contact_sheet_tile_320x180
stormwood__inventory__character__officer_kestrel,stormwood,characters,Officer Kestrel,stormwood__inventory__character__officer_kestrel,main,day,calm,post,normal,ralph/reports/VISUAL/phase2/stormwood/contact_sheet_characters_01.jpg,godot --path . --rendering-driver opengl3 --resolution 1920x1080 --script tools/phase2_capture_dialogue.gd -- --biome=stormwood --subset=stormwood__inventory__character__officer_kestrel --seed=2042 --output=res://ralph/reports/VISUAL/phase2/stormwood/repro/stormwood__inventory__character__officer_kestrel,6b9165b9e040fc4cb3de3a7a69a0cd731119116f,GPU Compatibility OpenGL3 1920x1080 GTX1060,ralph/reports/VISUAL/phase2/stormwood/characters/stormwood__inventory__character__officer_kestrel.jpg,22,contact_sheet_tile_320x180
stormwood__inventory__character__officer_kestrel__dialogue,stormwood,characters,Officer Kestrel,stormwood__inventory__character__officer_kestrel__dialogue,main,day,calm,dialogue,ui,ralph/reports/VISUAL/phase2/stormwood/contact_sheet_characters_01.jpg,godot --path . --rendering-driver opengl3 --resolution 1920x1080 --script tools/phase2_capture_dialogue.gd -- --biome=stormwood --subset=stormwood__inventory__character__officer_kestrel --seed=2042 --output=res://ralph/reports/VISUAL/phase2/stormwood/repro/stormwood__inventory__character__officer_kestrel__dialogue,6b9165b9e040fc4cb3de3a7a69a0cd731119116f,GPU Compatibility OpenGL3 1920x1080 GTX1060,ralph/reports/VISUAL/phase2/stormwood/characters/stormwood__inventory__character__officer_kestrel__dialogue.jpg,23,contact_sheet_tile_320x180
stormwood__inventory__character__rodkeeper_hesk,stormwood,characters,Rodkeeper Hesk,stormwood__inventory__character__rodkeeper_hesk,main,day,calm,post,normal,ralph/reports/VISUAL/phase2/stormwood/contact_sheet_characters_02.jpg,godot --path . --rendering-driver opengl3 --resolution 1920x1080 --script tools/phase2_capture_dialogue.gd -- --biome=stormwood --subset=stormwood__inventory__character__rodkeeper_hesk --seed=2042 --output=res://ralph/reports/VISUAL/phase2/stormwood/repro/stormwood__inventory__character__rodkeeper_hesk,6b9165b9e040fc4cb3de3a7a69a0cd731119116f,GPU Compatibility OpenGL3 1920x1080 GTX1060,ralph/reports/VISUAL/phase2/stormwood/characters/stormwood__inventory__character__rodkeeper_hesk.jpg,0,contact_sheet_tile_320x180
stormwood__inventory__character__rodkeeper_hesk__dialogue,stormwood,characters,Rodkeeper Hesk,stormwood__inventory__character__rodkeeper_hesk__dialogue,main,day,calm,dialogue,ui,ralph/reports/VISUAL/phase2/stormwood/contact_sheet_characters_02.jpg,godot --path . --rendering-driver opengl3 --resolution 1920x1080 --script tools/phase2_capture_dialogue.gd -- --biome=stormwood --subset=stormwood__inventory__character__rodkeeper_hesk --seed=2042 --output=res://ralph/reports/VISUAL/phase2/stormwood/repro/stormwood__inventory__character__rodkeeper_hesk__dialogue,6b9165b9e040fc4cb3de3a7a69a0cd731119116f,GPU Compatibility OpenGL3 1920x1080 GTX1060,ralph/reports/VISUAL/phase2/stormwood/characters/stormwood__inventory__character__rodkeeper_hesk__dialogue.jpg,1,contact_sheet_tile_320x180
stormwood__inventory__character__stormreader_tamsin,stormwood,characters,Tamsin,stormwood__inventory__character__stormreader_tamsin,main,day,calm,post,normal,ralph/reports/VISUAL/phase2/stormwood/contact_sheet_characters_02.jpg,godot --path . --rendering-driver opengl3 --resolution 1920x1080 --script tools/phase2_capture_dialogue.gd -- --biome=stormwood --subset=stormwood__inventory__character__stormreader_tamsin --seed=2042 --output=res://ralph/reports/VISUAL/phase2/stormwood/repro/stormwood__inventory__character__stormreader_tamsin,6b9165b9e040fc4cb3de3a7a69a0cd731119116f,GPU Compatibility OpenGL3 1920x1080 GTX1060,ralph/reports/VISUAL/phase2/stormwood/characters/stormwood__inventory__character__stormreader_tamsin.jpg,2,contact_sheet_tile_320x180
stormwood__inventory__character__stormreader_tamsin__dialogue,stormwood,characters,Tamsin,stormwood__inventory__character__stormreader_tamsin__dialogue,main,day,calm,dialogue,ui,ralph/reports/VISUAL/phase2/stormwood/contact_sheet_characters_02.jpg,godot --path . --rendering-driver opengl3 --resolution 1920x1080 --script tools/phase2_capture_dialogue.gd -- --biome=stormwood --subset=stormwood__inventory__character__stormreader_tamsin --seed=2042 --output=res://ralph/reports/VISUAL/phase2/stormwood/repro/stormwood__inventory__character__stormreader_tamsin__dialogue,6b9165b9e040fc4cb3de3a7a69a0cd731119116f,GPU Compatibility OpenGL3 1920x1080 GTX1060,ralph/reports/VISUAL/phase2/stormwood/characters/stormwood__inventory__character__stormreader_tamsin__dialogue.jpg,3,contact_sheet_tile_320x180
stormwood__inventory__character__tether_lieutenant_varga,stormwood,characters,Lieutenant Varga,stormwood__inventory__character__tether_lieutenant_varga,main,day,calm,post,normal,ralph/reports/VISUAL/phase2/stormwood/contact_sheet_characters_02.jpg,godot --path . --rendering-driver opengl3 --resolution 1920x1080 --script tools/phase2_capture_dialogue.gd -- --biome=stormwood --subset=stormwood__inventory__character__tether_lieutenant_varga --seed=2042 --output=res://ralph/reports/VISUAL/phase2/stormwood/repro/stormwood__inventory__character__tether_lieutenant_varga,6b9165b9e040fc4cb3de3a7a69a0cd731119116f,GPU Compatibility OpenGL3 1920x1080 GTX1060,ralph/reports/VISUAL/phase2/stormwood/characters/stormwood__inventory__character__tether_lieutenant_varga.jpg,4,contact_sheet_tile_320x180
stormwood__inventory__character__tether_lieutenant_varga__dialogue,stormwood,characters,Lieutenant Varga,stormwood__inventory__character__tether_lieutenant_varga__dialogue,main,day,calm,dialogue,ui,ralph/reports/VISUAL/phase2/stormwood/contact_sheet_characters_02.jpg,godot --path . --rendering-driver opengl3 --resolution 1920x1080 --script tools/phase2_capture_dialogue.gd -- --biome=stormwood --subset=stormwood__inventory__character__tether_lieutenant_varga --seed=2042 --output=res://ralph/reports/VISUAL/phase2/stormwood/repro/stormwood__inventory__character__tether_lieutenant_varga__dialogue,6b9165b9e040fc4cb3de3a7a69a0cd731119116f,GPU Compatibility OpenGL3 1920x1080 GTX1060,ralph/reports/VISUAL/phase2/stormwood/characters/stormwood__inventory__character__tether_lieutenant_varga__dialogue.jpg,5,contact_sheet_tile_320x180
stormwood__inventory__character__trader_fenn,stormwood,characters,Fenn,stormwood__inventory__character__trader_fenn,main,day,calm,post,normal,ralph/reports/VISUAL/phase2/stormwood/contact_sheet_characters_02.jpg,godot --path . --rendering-driver opengl3 --resolution 1920x1080 --script tools/phase2_capture_dialogue.gd -- --biome=stormwood --subset=stormwood__inventory__character__trader_fenn --seed=2042 --output=res://ralph/reports/VISUAL/phase2/stormwood/repro/stormwood__inventory__character__trader_fenn,6b9165b9e040fc4cb3de3a7a69a0cd731119116f,GPU Compatibility OpenGL3 1920x1080 GTX1060,ralph/reports/VISUAL/phase2/stormwood/characters/stormwood__inventory__character__trader_fenn.jpg,6,contact_sheet_tile_320x180
stormwood__inventory__character__trader_fenn__dialogue,stormwood,characters,Fenn,stormwood__inventory__character__trader_fenn__dialogue,main,day,calm,dialogue,ui,ralph/reports/VISUAL/phase2/stormwood/contact_sheet_characters_02.jpg,godot --path . --rendering-driver opengl3 --resolution 1920x1080 --script tools/phase2_capture_dialogue.gd -- --biome=stormwood --subset=stormwood__inventory__character__trader_fenn --seed=2042 --output=res://ralph/reports/VISUAL/phase2/stormwood/repro/stormwood__inventory__character__trader_fenn__dialogue,6b9165b9e040fc4cb3de3a7a69a0cd731119116f,GPU Compatibility OpenGL3 1920x1080 GTX1060,ralph/reports/VISUAL/phase2/stormwood/characters/stormwood__inventory__character__trader_fenn__dialogue.jpg,7,contact_sheet_tile_320x180
stormwood__inventory__character__trader_oswin,stormwood,characters,Oswin,stormwood__inventory__character__trader_oswin,main,day,calm,post,normal,ralph/reports/VISUAL/phase2/stormwood/contact_sheet_characters_02.jpg,godot --path . --rendering-driver opengl3 --resolution 1920x1080 --script tools/phase2_capture_dialogue.gd -- --biome=stormwood --subset=stormwood__inventory__character__trader_oswin --seed=2042 --output=res://ralph/reports/VISUAL/phase2/stormwood/repro/stormwood__inventory__character__trader_oswin,6b9165b9e040fc4cb3de3a7a69a0cd731119116f,GPU Compatibility OpenGL3 1920x1080 GTX1060,ralph/reports/VISUAL/phase2/stormwood/characters/stormwood__inventory__character__trader_oswin.jpg,8,contact_sheet_tile_320x180
stormwood__inventory__character__trader_oswin__dialogue,stormwood,characters,Oswin,stormwood__inventory__character__trader_oswin__dialogue,main,day,calm,dialogue,ui,ralph/reports/VISUAL/phase2/stormwood/contact_sheet_characters_02.jpg,godot --path . --rendering-driver opengl3 --resolution 1920x1080 --script tools/phase2_capture_dialogue.gd -- --biome=stormwood --subset=stormwood__inventory__character__trader_oswin --seed=2042 --output=res://ralph/reports/VISUAL/phase2/stormwood/repro/stormwood__inventory__character__trader_oswin__dialogue,6b9165b9e040fc4cb3de3a7a69a0cd731119116f,GPU Compatibility OpenGL3 1920x1080 GTX1060,ralph/reports/VISUAL/phase2/stormwood/characters/stormwood__inventory__character__trader_oswin__dialogue.jpg,9,contact_sheet_tile_320x180
stormwood__inventory__character__trainer_ivo,stormwood,characters,Ivo,stormwood__inventory__character__trainer_ivo,main,day,calm,post,normal,ralph/reports/VISUAL/phase2/stormwood/contact_sheet_characters_02.jpg,godot --path . --rendering-driver opengl3 --resolution 1920x1080 --script tools/phase2_capture_dialogue.gd -- --biome=stormwood --subset=stormwood__inventory__character__trainer_ivo --seed=2042 --output=res://ralph/reports/VISUAL/phase2/stormwood/repro/stormwood__inventory__character__trainer_ivo,6b9165b9e040fc4cb3de3a7a69a0cd731119116f,GPU Compatibility OpenGL3 1920x1080 GTX1060,ralph/reports/VISUAL/phase2/stormwood/characters/stormwood__inventory__character__trainer_ivo.jpg,10,contact_sheet_tile_320x180
stormwood__inventory__character__trainer_ivo__dialogue,stormwood,characters,Ivo,stormwood__inventory__character__trainer_ivo__dialogue,main,day,calm,dialogue,ui,ralph/reports/VISUAL/phase2/stormwood/contact_sheet_characters_02.jpg,godot --path . --rendering-driver opengl3 --resolution 1920x1080 --script tools/phase2_capture_dialogue.gd -- --biome=stormwood --subset=stormwood__inventory__character__trainer_ivo --seed=2042 --output=res://ralph/reports/VISUAL/phase2/stormwood/repro/stormwood__inventory__character__trainer_ivo__dialogue,6b9165b9e040fc4cb3de3a7a69a0cd731119116f,GPU Compatibility OpenGL3 1920x1080 GTX1060,ralph/reports/VISUAL/phase2/stormwood/characters/stormwood__inventory__character__trainer_ivo__dialogue.jpg,11,contact_sheet_tile_320x180
stormwood__inventory__character__warden_elect_bryn,stormwood,characters,Warden-Elect Bryn,stormwood__inventory__character__warden_elect_bryn,main,day,calm,post,normal,ralph/reports/VISUAL/phase2/stormwood/contact_sheet_characters_02.jpg,godot --path . --rendering-driver opengl3 --resolution 1920x1080 --script tools/phase2_capture_dialogue.gd -- --biome=stormwood --subset=stormwood__inventory__character__warden_elect_bryn --seed=2042 --output=res://ralph/reports/VISUAL/phase2/stormwood/repro/stormwood__inventory__character__warden_elect_bryn,6b9165b9e040fc4cb3de3a7a69a0cd731119116f,GPU Compatibility OpenGL3 1920x1080 GTX1060,ralph/reports/VISUAL/phase2/stormwood/characters/stormwood__inventory__character__warden_elect_bryn.jpg,12,contact_sheet_tile_320x180
stormwood__inventory__character__warden_elect_bryn__dialogue,stormwood,characters,Warden-Elect Bryn,stormwood__inventory__character__warden_elect_bryn__dialogue,main,day,calm,dialogue,ui,ralph/reports/VISUAL/phase2/stormwood/contact_sheet_characters_02.jpg,godot --path . --rendering-driver opengl3 --resolution 1920x1080 --script tools/phase2_capture_dialogue.gd -- --biome=stormwood --subset=stormwood__inventory__character__warden_elect_bryn --seed=2042 --output=res://ralph/reports/VISUAL/phase2/stormwood/repro/stormwood__inventory__character__warden_elect_bryn__dialogue,6b9165b9e040fc4cb3de3a7a69a0cd731119116f,GPU Compatibility OpenGL3 1920x1080 GTX1060,ralph/reports/VISUAL/phase2/stormwood/characters/stormwood__inventory__character__warden_elect_bryn__dialogue.jpg,13,contact_sheet_tile_320x180
stormwood__inventory__harvest__conductor_vine,stormwood,world_items,conductor_vine,stormwood__inventory__harvest__conductor_vine,off,day,calm,harvest,close,ralph/reports/VISUAL/phase2/stormwood/contact_sheet_world_items_01.jpg,godot --path . --rendering-driver opengl3 --resolution 1920x1080 --script tools/phase2_capture_world_inventory.gd -- --biome=stormwood --subset=stormwood__inventory__harvest__conductor_vine --seed=2042 --output=res://ralph/reports/VISUAL/phase2/stormwood/repro/stormwood__inventory__harvest__conductor_vine,302ac125e6377d17da87a6cec104918035acf245,native GPU Compatibility,ralph/reports/VISUAL/phase2/stormwood/items/stormwood__inventory__harvest__conductor_vine.jpg,0,contact_sheet_tile_320x180
stormwood__inventory__harvest__glowmoss,stormwood,world_items,glowmoss,stormwood__inventory__harvest__glowmoss,off,day,calm,harvest,close,ralph/reports/VISUAL/phase2/stormwood/contact_sheet_world_items_01.jpg,godot --path . --rendering-driver opengl3 --resolution 1920x1080 --script tools/phase2_capture_world_inventory.gd -- --biome=stormwood --subset=stormwood__inventory__harvest__glowmoss --seed=2042 --output=res://ralph/reports/VISUAL/phase2/stormwood/repro/stormwood__inventory__harvest__glowmoss,302ac125e6377d17da87a6cec104918035acf245,native GPU Compatibility,ralph/reports/VISUAL/phase2/stormwood/items/stormwood__inventory__harvest__glowmoss.jpg,1,contact_sheet_tile_320x180
stormwood__inventory__harvest__stormglass,stormwood,world_items,stormglass,stormwood__inventory__harvest__stormglass,off,day,calm,harvest,close,ralph/reports/VISUAL/phase2/stormwood/contact_sheet_world_items_01.jpg,godot --path . --rendering-driver opengl3 --resolution 1920x1080 --script tools/phase2_capture_world_inventory.gd -- --biome=stormwood --subset=stormwood__inventory__harvest__stormglass --seed=2042 --output=res://ralph/reports/VISUAL/phase2/stormwood/repro/stormwood__inventory__harvest__stormglass,302ac125e6377d17da87a6cec104918035acf245,native GPU Compatibility,ralph/reports/VISUAL/phase2/stormwood/items/stormwood__inventory__harvest__stormglass.jpg,2,contact_sheet_tile_320x180
stormwood__inventory__harvest__stormglass_crown,stormwood,world_items,stormglass_crown,stormwood__inventory__harvest__stormglass_crown,off,day,calm,harvest,close,ralph/reports/VISUAL/phase2/stormwood/contact_sheet_world_items_01.jpg,godot --path . --rendering-driver opengl3 --resolution 1920x1080 --script tools/phase2_capture_world_inventory.gd -- --biome=stormwood --subset=stormwood__inventory__harvest__stormglass_crown --seed=2042 --output=res://ralph/reports/VISUAL/phase2/stormwood/repro/stormwood__inventory__harvest__stormglass_crown,302ac125e6377d17da87a6cec104918035acf245,native GPU Compatibility,ralph/reports/VISUAL/phase2/stormwood/items/stormwood__inventory__harvest__stormglass_crown.jpg,3,contact_sheet_tile_320x180
stormwood__inventory__harvest__thunderwood,stormwood,world_items,thunderwood,stormwood__inventory__harvest__thunderwood,off,day,calm,harvest,close,ralph/reports/VISUAL/phase2/stormwood/contact_sheet_world_items_01.jpg,godot --path . --rendering-driver opengl3 --resolution 1920x1080 --script tools/phase2_capture_world_inventory.gd -- --biome=stormwood --subset=stormwood__inventory__harvest__thunderwood --seed=2042 --output=res://ralph/reports/VISUAL/phase2/stormwood/repro/stormwood__inventory__harvest__thunderwood,302ac125e6377d17da87a6cec104918035acf245,native GPU Compatibility,ralph/reports/VISUAL/phase2/stormwood/items/stormwood__inventory__harvest__thunderwood.jpg,4,contact_sheet_tile_320x180
stormwood__inventory__harvest__voltcap,stormwood,world_items,voltcap,stormwood__inventory__harvest__voltcap,off,day,calm,harvest,close,ralph/reports/VISUAL/phase2/stormwood/contact_sheet_world_items_01.jpg,godot --path . --rendering-driver opengl3 --resolution 1920x1080 --script tools/phase2_capture_world_inventory.gd -- --biome=stormwood --subset=stormwood__inventory__harvest__voltcap --seed=2042 --output=res://ralph/reports/VISUAL/phase2/stormwood/repro/stormwood__inventory__harvest__voltcap,302ac125e6377d17da87a6cec104918035acf245,native GPU Compatibility,ralph/reports/VISUAL/phase2/stormwood/items/stormwood__inventory__harvest__voltcap.jpg,5,contact_sheet_tile_320x180
stormwood__inventory__pickup__attack_tonic,stormwood,world_items,attack_tonic,stormwood__inventory__pickup__attack_tonic,off,day,calm,pickup,close,ralph/reports/VISUAL/phase2/stormwood/contact_sheet_world_items_01.jpg,godot --path . --rendering-driver opengl3 --resolution 1920x1080 --script tools/phase2_capture_stormwood_unlocked_items.gd -- --biome=stormwood --subset=stormwood__inventory__pickup__attack_tonic --seed=2042 --output=res://ralph/reports/VISUAL/phase2/stormwood/repro/stormwood__inventory__pickup__attack_tonic,6e68c5973e2ec888520d8d715342eabd82c893cc,GPU service Windows 1920x1080 gl_compatibility NVIDIA GeForce GTX 1060 3GB,ralph/reports/VISUAL/phase2/stormwood/items/stormwood__inventory__pickup__attack_tonic.jpg,6,contact_sheet_tile_320x180
stormwood__inventory__pickup__good_candy,stormwood,world_items,good_candy,stormwood__inventory__pickup__good_candy,off,day,calm,pickup,close,ralph/reports/VISUAL/phase2/stormwood/contact_sheet_world_items_01.jpg,godot --path . --rendering-driver opengl3 --resolution 1920x1080 --script tools/phase2_capture_world_inventory.gd -- --biome=stormwood --subset=stormwood__inventory__pickup__good_candy --seed=2042 --output=res://ralph/reports/VISUAL/phase2/stormwood/repro/stormwood__inventory__pickup__good_candy,302ac125e6377d17da87a6cec104918035acf245,native GPU Compatibility,ralph/reports/VISUAL/phase2/stormwood/items/stormwood__inventory__pickup__good_candy.jpg,7,contact_sheet_tile_320x180
stormwood__inventory__pickup__great_candy,stormwood,world_items,great_candy,stormwood__inventory__pickup__great_candy,off,day,calm,pickup,close,ralph/reports/VISUAL/phase2/stormwood/contact_sheet_world_items_01.jpg,godot --path . --rendering-driver opengl3 --resolution 1920x1080 --script tools/phase2_capture_world_inventory.gd -- --biome=stormwood --subset=stormwood__inventory__pickup__great_candy --seed=2042 --output=res://ralph/reports/VISUAL/phase2/stormwood/repro/stormwood__inventory__pickup__great_candy,302ac125e6377d17da87a6cec104918035acf245,native GPU Compatibility,ralph/reports/VISUAL/phase2/stormwood/items/stormwood__inventory__pickup__great_candy.jpg,8,contact_sheet_tile_320x180
stormwood__inventory__pickup__insulated_boots,stormwood,world_items,insulated_boots,stormwood__inventory__pickup__insulated_boots,off,day,calm,pickup,close,ralph/reports/VISUAL/phase2/stormwood/contact_sheet_world_items_01.jpg,godot --path . --rendering-driver opengl3 --resolution 1920x1080 --script tools/phase2_capture_stormwood_unlocked_items.gd -- --biome=stormwood --subset=stormwood__inventory__pickup__insulated_boots --seed=2042 --output=res://ralph/reports/VISUAL/phase2/stormwood/repro/stormwood__inventory__pickup__insulated_boots,6e68c5973e2ec888520d8d715342eabd82c893cc,GPU service Windows 1920x1080 gl_compatibility NVIDIA GeForce GTX 1060 3GB,ralph/reports/VISUAL/phase2/stormwood/items/stormwood__inventory__pickup__insulated_boots.jpg,9,contact_sheet_tile_320x180
stormwood__inventory__pickup__insulated_leggings,stormwood,world_items,insulated_leggings,stormwood__inventory__pickup__insulated_leggings,off,day,calm,pickup,close,ralph/reports/VISUAL/phase2/stormwood/contact_sheet_world_items_01.jpg,godot --path . --rendering-driver opengl3 --resolution 1920x1080 --script tools/phase2_capture_stormwood_unlocked_items.gd -- --biome=stormwood --subset=stormwood__inventory__pickup__insulated_leggings --seed=2042 --output=res://ralph/reports/VISUAL/phase2/stormwood/repro/stormwood__inventory__pickup__insulated_leggings,6e68c5973e2ec888520d8d715342eabd82c893cc,GPU service Windows 1920x1080 gl_compatibility NVIDIA GeForce GTX 1060 3GB,ralph/reports/VISUAL/phase2/stormwood/items/stormwood__inventory__pickup__insulated_leggings.jpg,10,contact_sheet_tile_320x180
stormwood__inventory__pickup__orb_basic,stormwood,world_items,orb_basic,stormwood__inventory__pickup__orb_basic,off,day,calm,pickup,close,ralph/reports/VISUAL/phase2/stormwood/contact_sheet_world_items_01.jpg,godot --path . --rendering-driver opengl3 --resolution 1920x1080 --script tools/phase2_capture_stormwood_unlocked_items.gd -- --biome=stormwood --subset=stormwood__inventory__pickup__orb_basic --seed=2042 --output=res://ralph/reports/VISUAL/phase2/stormwood/repro/stormwood__inventory__pickup__orb_basic,6e68c5973e2ec888520d8d715342eabd82c893cc,GPU service Windows 1920x1080 gl_compatibility NVIDIA GeForce GTX 1060 3GB,ralph/reports/VISUAL/phase2/stormwood/items/stormwood__inventory__pickup__orb_basic.jpg,11,contact_sheet_tile_320x180
stormwood__inventory__pickup__orb_greater,stormwood,world_items,orb_greater,stormwood__inventory__pickup__orb_greater,off,day,calm,pickup,close,ralph/reports/VISUAL/phase2/stormwood/contact_sheet_world_items_01.jpg,godot --path . --rendering-driver opengl3 --resolution 1920x1080 --script tools/phase2_capture_stormwood_unlocked_items.gd -- --biome=stormwood --subset=stormwood__inventory__pickup__orb_greater --seed=2042 --output=res://ralph/reports/VISUAL/phase2/stormwood/repro/stormwood__inventory__pickup__orb_greater,6e68c5973e2ec888520d8d715342eabd82c893cc,GPU service Windows 1920x1080 gl_compatibility NVIDIA GeForce GTX 1060 3GB,ralph/reports/VISUAL/phase2/stormwood/items/stormwood__inventory__pickup__orb_greater.jpg,12,contact_sheet_tile_320x180
stormwood__inventory__pickup__orb_prime,stormwood,world_items,orb_prime,stormwood__inventory__pickup__orb_prime,off,day,calm,pickup,close,ralph/reports/VISUAL/phase2/stormwood/contact_sheet_world_items_01.jpg,godot --path . --rendering-driver opengl3 --resolution 1920x1080 --script tools/phase2_capture_stormwood_unlocked_items.gd -- --biome=stormwood --subset=stormwood__inventory__pickup__orb_prime --seed=2042 --output=res://ralph/reports/VISUAL/phase2/stormwood/repro/stormwood__inventory__pickup__orb_prime,6e68c5973e2ec888520d8d715342eabd82c893cc,GPU service Windows 1920x1080 gl_compatibility NVIDIA GeForce GTX 1060 3GB,ralph/reports/VISUAL/phase2/stormwood/items/stormwood__inventory__pickup__orb_prime.jpg,13,contact_sheet_tile_320x180
stormwood__inventory__pickup__potion_large,stormwood,world_items,potion_large,stormwood__inventory__pickup__potion_large,off,day,calm,pickup,close,ralph/reports/VISUAL/phase2/stormwood/contact_sheet_world_items_01.jpg,godot --path . --rendering-driver opengl3 --resolution 1920x1080 --script tools/phase2_capture_stormwood_unlocked_items.gd -- --biome=stormwood --subset=stormwood__inventory__pickup__potion_large --seed=2042 --output=res://ralph/reports/VISUAL/phase2/stormwood/repro/stormwood__inventory__pickup__potion_large,6e68c5973e2ec888520d8d715342eabd82c893cc,GPU service Windows 1920x1080 gl_compatibility NVIDIA GeForce GTX 1060 3GB,ralph/reports/VISUAL/phase2/stormwood/items/stormwood__inventory__pickup__potion_large.jpg,14,contact_sheet_tile_320x180
stormwood__inventory__pickup__potion_small,stormwood,world_items,potion_small,stormwood__inventory__pickup__potion_small,off,day,calm,pickup,close,ralph/reports/VISUAL/phase2/stormwood/contact_sheet_world_items_01.jpg,godot --path . --rendering-driver opengl3 --resolution 1920x1080 --script tools/phase2_capture_stormwood_unlocked_items.gd -- --biome=stormwood --subset=stormwood__inventory__pickup__potion_small --seed=2042 --output=res://ralph/reports/VISUAL/phase2/stormwood/repro/stormwood__inventory__pickup__potion_small,6e68c5973e2ec888520d8d715342eabd82c893cc,GPU service Windows 1920x1080 gl_compatibility NVIDIA GeForce GTX 1060 3GB,ralph/reports/VISUAL/phase2/stormwood/items/stormwood__inventory__pickup__potion_small.jpg,15,contact_sheet_tile_320x180
stormwood__inventory__pickup__rare_candy,stormwood,world_items,rare_candy,stormwood__inventory__pickup__rare_candy,off,day,calm,pickup,close,ralph/reports/VISUAL/phase2/stormwood/contact_sheet_world_items_01.jpg,godot --path . --rendering-driver opengl3 --resolution 1920x1080 --script tools/phase2_capture_world_inventory.gd -- --biome=stormwood --subset=stormwood__inventory__pickup__rare_candy --seed=2042 --output=res://ralph/reports/VISUAL/phase2/stormwood/repro/stormwood__inventory__pickup__rare_candy,302ac125e6377d17da87a6cec104918035acf245,native GPU Compatibility,ralph/reports/VISUAL/phase2/stormwood/items/stormwood__inventory__pickup__rare_candy.jpg,16,contact_sheet_tile_320x180
stormwood__inventory__pickup__revive,stormwood,world_items,revive,stormwood__inventory__pickup__revive,off,day,calm,pickup,close,ralph/reports/VISUAL/phase2/stormwood/contact_sheet_world_items_01.jpg,godot --path . --rendering-driver opengl3 --resolution 1920x1080 --script tools/phase2_capture_stormwood_unlocked_items.gd -- --biome=stormwood --subset=stormwood__inventory__pickup__revive --seed=2042 --output=res://ralph/reports/VISUAL/phase2/stormwood/repro/stormwood__inventory__pickup__revive,6e68c5973e2ec888520d8d715342eabd82c893cc,GPU service Windows 1920x1080 gl_compatibility NVIDIA GeForce GTX 1060 3GB,ralph/reports/VISUAL/phase2/stormwood/items/stormwood__inventory__pickup__revive.jpg,17,contact_sheet_tile_320x180
stormwood__inventory__pickup__speed_mushroom,stormwood,world_items,speed_mushroom,stormwood__inventory__pickup__speed_mushroom,off,day,calm,pickup,close,ralph/reports/VISUAL/phase2/stormwood/contact_sheet_world_items_01.jpg,godot --path . --rendering-driver opengl3 --resolution 1920x1080 --script tools/phase2_capture_stormwood_unlocked_items.gd -- --biome=stormwood --subset=stormwood__inventory__pickup__speed_mushroom --seed=2042 --output=res://ralph/reports/VISUAL/phase2/stormwood/repro/stormwood__inventory__pickup__speed_mushroom,6e68c5973e2ec888520d8d715342eabd82c893cc,GPU service Windows 1920x1080 gl_compatibility NVIDIA GeForce GTX 1060 3GB,ralph/reports/VISUAL/phase2/stormwood/items/stormwood__inventory__pickup__speed_mushroom.jpg,18,contact_sheet_tile_320x180
stormwood__inventory__pickup__stamina_mushroom,stormwood,world_items,stamina_mushroom,stormwood__inventory__pickup__stamina_mushroom,off,day,calm,pickup,close,ralph/reports/VISUAL/phase2/stormwood/contact_sheet_world_items_01.jpg,godot --path . --rendering-driver opengl3 --resolution 1920x1080 --script tools/phase2_capture_stormwood_unlocked_items.gd -- --biome=stormwood --subset=stormwood__inventory__pickup__stamina_mushroom --seed=2042 --output=res://ralph/reports/VISUAL/phase2/stormwood/repro/stormwood__inventory__pickup__stamina_mushroom,6e68c5973e2ec888520d8d715342eabd82c893cc,GPU service Windows 1920x1080 gl_compatibility NVIDIA GeForce GTX 1060 3GB,ralph/reports/VISUAL/phase2/stormwood/items/stormwood__inventory__pickup__stamina_mushroom.jpg,19,contact_sheet_tile_320x180
stormwood__inventory__pickup__stoneguard_brew,stormwood,world_items,stoneguard_brew,stormwood__inventory__pickup__stoneguard_brew,off,day,calm,pickup,close,ralph/reports/VISUAL/phase2/stormwood/contact_sheet_world_items_01.jpg,godot --path . --rendering-driver opengl3 --resolution 1920x1080 --script tools/phase2_capture_stormwood_unlocked_items.gd -- --biome=stormwood --subset=stormwood__inventory__pickup__stoneguard_brew --seed=2042 --output=res://ralph/reports/VISUAL/phase2/stormwood/repro/stormwood__inventory__pickup__stoneguard_brew,6e68c5973e2ec888520d8d715342eabd82c893cc,GPU service Windows 1920x1080 gl_compatibility NVIDIA GeForce GTX 1060 3GB,ralph/reports/VISUAL/phase2/stormwood/items/stormwood__inventory__pickup__stoneguard_brew.jpg,20,contact_sheet_tile_320x180
stormwood__inventory__pickup__swift_tonic,stormwood,world_items,swift_tonic,stormwood__inventory__pickup__swift_tonic,off,day,calm,pickup,close,ralph/reports/VISUAL/phase2/stormwood/contact_sheet_world_items_01.jpg,godot --path . --rendering-driver opengl3 --resolution 1920x1080 --script tools/phase2_capture_stormwood_unlocked_items.gd -- --biome=stormwood --subset=stormwood__inventory__pickup__swift_tonic --seed=2042 --output=res://ralph/reports/VISUAL/phase2/stormwood/repro/stormwood__inventory__pickup__swift_tonic,6e68c5973e2ec888520d8d715342eabd82c893cc,GPU service Windows 1920x1080 gl_compatibility NVIDIA GeForce GTX 1060 3GB,ralph/reports/VISUAL/phase2/stormwood/items/stormwood__inventory__pickup__swift_tonic.jpg,21,contact_sheet_tile_320x180
stormwood__inventory__pickup__tm_static_snap,stormwood,world_items,tm_static_snap,stormwood__inventory__pickup__tm_static_snap,off,day,calm,pickup,close,ralph/reports/VISUAL/phase2/stormwood/contact_sheet_world_items_01.jpg,godot --path . --rendering-driver opengl3 --resolution 1920x1080 --script tools/phase2_capture_world_inventory.gd -- --biome=stormwood --subset=stormwood__inventory__pickup__tm_static_snap --seed=2042 --output=res://ralph/reports/VISUAL/phase2/stormwood/repro/stormwood__inventory__pickup__tm_static_snap,302ac125e6377d17da87a6cec104918035acf245,native GPU Compatibility,ralph/reports/VISUAL/phase2/stormwood/items/stormwood__inventory__pickup__tm_static_snap.jpg,22,contact_sheet_tile_320x180
stormwood__inventory__pickup__tm_stormfall,stormwood,world_items,tm_stormfall,stormwood__inventory__pickup__tm_stormfall,off,day,calm,pickup,close,ralph/reports/VISUAL/phase2/stormwood/contact_sheet_world_items_01.jpg,godot --path . --rendering-driver opengl3 --resolution 1920x1080 --script tools/phase2_capture_stormwood_unlocked_items.gd -- --biome=stormwood --subset=stormwood__inventory__pickup__tm_stormfall --seed=2042 --output=res://ralph/reports/VISUAL/phase2/stormwood/repro/stormwood__inventory__pickup__tm_stormfall,6e68c5973e2ec888520d8d715342eabd82c893cc,GPU service Windows 1920x1080 gl_compatibility NVIDIA GeForce GTX 1060 3GB,ralph/reports/VISUAL/phase2/stormwood/items/stormwood__inventory__pickup__tm_stormfall.jpg,23,contact_sheet_tile_320x180
stormwood__inventory__pickup__tm_thunder_break,stormwood,world_items,tm_thunder_break,stormwood__inventory__pickup__tm_thunder_break,off,day,calm,pickup,close,ralph/reports/VISUAL/phase2/stormwood/contact_sheet_world_items_02.jpg,godot --path . --rendering-driver opengl3 --resolution 1920x1080 --script tools/phase2_capture_stormwood_unlocked_items.gd -- --biome=stormwood --subset=stormwood__inventory__pickup__tm_thunder_break --seed=2042 --output=res://ralph/reports/VISUAL/phase2/stormwood/repro/stormwood__inventory__pickup__tm_thunder_break,6e68c5973e2ec888520d8d715342eabd82c893cc,GPU service Windows 1920x1080 gl_compatibility NVIDIA GeForce GTX 1060 3GB,ralph/reports/VISUAL/phase2/stormwood/items/stormwood__inventory__pickup__tm_thunder_break.jpg,0,contact_sheet_tile_320x180
stormwood__inventory__pickup__tm_voltaic_whip,stormwood,world_items,tm_voltaic_whip,stormwood__inventory__pickup__tm_voltaic_whip,off,day,calm,pickup,close,ralph/reports/VISUAL/phase2/stormwood/contact_sheet_world_items_02.jpg,godot --path . --rendering-driver opengl3 --resolution 1920x1080 --script tools/phase2_capture_stormwood_unlocked_items.gd -- --biome=stormwood --subset=stormwood__inventory__pickup__tm_voltaic_whip --seed=2042 --output=res://ralph/reports/VISUAL/phase2/stormwood/repro/stormwood__inventory__pickup__tm_voltaic_whip,6e68c5973e2ec888520d8d715342eabd82c893cc,GPU service Windows 1920x1080 gl_compatibility NVIDIA GeForce GTX 1060 3GB,ralph/reports/VISUAL/phase2/stormwood/items/stormwood__inventory__pickup__tm_voltaic_whip.jpg,1,contact_sheet_tile_320x180
stormwood__inventory__pickup__wild_mushroom,stormwood,world_items,wild_mushroom,stormwood__inventory__pickup__wild_mushroom,off,day,calm,pickup,close,ralph/reports/VISUAL/phase2/stormwood/contact_sheet_world_items_02.jpg,godot --path . --rendering-driver opengl3 --resolution 1920x1080 --script tools/phase2_capture_stormwood_unlocked_items.gd -- --biome=stormwood --subset=stormwood__inventory__pickup__wild_mushroom --seed=2042 --output=res://ralph/reports/VISUAL/phase2/stormwood/repro/stormwood__inventory__pickup__wild_mushroom,6e68c5973e2ec888520d8d715342eabd82c893cc,GPU service Windows 1920x1080 gl_compatibility NVIDIA GeForce GTX 1060 3GB,ralph/reports/VISUAL/phase2/stormwood/items/stormwood__inventory__pickup__wild_mushroom.jpg,2,contact_sheet_tile_320x180
stormwood__inventory__trainer__archivist_wen_crown_trial,stormwood,characters,Wen,stormwood__inventory__trainer__archivist_wen_crown_trial,main,day,calm,post,normal,ralph/reports/VISUAL/phase2/stormwood/contact_sheet_characters_02.jpg,godot --path . --rendering-driver opengl3 --resolution 1920x1080 --script tools/phase2_capture_dialogue.gd -- --biome=stormwood --subset=stormwood__inventory__trainer__archivist_wen_crown_trial --seed=2042 --output=res://ralph/reports/VISUAL/phase2/stormwood/repro/stormwood__inventory__trainer__archivist_wen_crown_trial,6b9165b9e040fc4cb3de3a7a69a0cd731119116f,GPU Compatibility OpenGL3 1920x1080 GTX1060,ralph/reports/VISUAL/phase2/stormwood/characters/stormwood__inventory__trainer__archivist_wen_crown_trial.jpg,14,contact_sheet_tile_320x180
stormwood__inventory__trainer__archivist_wen_crown_trial__defeated,stormwood,characters,Wen,stormwood__inventory__trainer__archivist_wen_crown_trial,main,day,calm,post,normal,ralph/reports/VISUAL/phase2/stormwood/contact_sheet_characters_02.jpg,godot --path . --rendering-driver opengl3 --resolution 1920x1080 --script tools/phase2_capture_defeated_dialogue.gd -- --biome=stormwood --subset=stormwood__inventory__trainer__archivist_wen_crown_trial --seed=2042 --output=res://ralph/reports/VISUAL/phase2/stormwood/repro/stormwood__inventory__trainer__archivist_wen_crown_trial__defeated,6b9165b9e040fc4cb3de3a7a69a0cd731119116f,GPU Compatibility OpenGL3 1920x1080 GTX1060,ralph/reports/VISUAL/phase2/stormwood/characters/stormwood__inventory__trainer__archivist_wen_crown_trial__defeated.jpg,15,contact_sheet_tile_320x180
stormwood__inventory__trainer__archivist_wen_crown_trial__defeated__dialogue,stormwood,characters,Wen,stormwood__inventory__trainer__archivist_wen_crown_trial__defeated__dialogue,main,day,calm,dialogue,ui,ralph/reports/VISUAL/phase2/stormwood/contact_sheet_characters_02.jpg,godot --path . --rendering-driver opengl3 --resolution 1920x1080 --script tools/phase2_capture_defeated_dialogue.gd -- --biome=stormwood --subset=stormwood__inventory__trainer__archivist_wen_crown_trial --seed=2042 --output=res://ralph/reports/VISUAL/phase2/stormwood/repro/stormwood__inventory__trainer__archivist_wen_crown_trial__defeated__dialogue,6b9165b9e040fc4cb3de3a7a69a0cd731119116f,GPU Compatibility OpenGL3 1920x1080 GTX1060,ralph/reports/VISUAL/phase2/stormwood/characters/stormwood__inventory__trainer__archivist_wen_crown_trial__defeated__dialogue.jpg,16,contact_sheet_tile_320x180
stormwood__inventory__trainer__archivist_wen_crown_trial__dialogue,stormwood,characters,Wen,stormwood__inventory__trainer__archivist_wen_crown_trial__dialogue,main,day,calm,dialogue,ui,ralph/reports/VISUAL/phase2/stormwood/contact_sheet_characters_02.jpg,godot --path . --rendering-driver opengl3 --resolution 1920x1080 --script tools/phase2_capture_dialogue.gd -- --biome=stormwood --subset=stormwood__inventory__trainer__archivist_wen_crown_trial --seed=2042 --output=res://ralph/reports/VISUAL/phase2/stormwood/repro/stormwood__inventory__trainer__archivist_wen_crown_trial__dialogue,6b9165b9e040fc4cb3de3a7a69a0cd731119116f,GPU Compatibility OpenGL3 1920x1080 GTX1060,ralph/reports/VISUAL/phase2/stormwood/characters/stormwood__inventory__trainer__archivist_wen_crown_trial__dialogue.jpg,17,contact_sheet_tile_320x180
stormwood__inventory__trainer__archwright_senn_crown_footing,stormwood,characters,Senn,stormwood__inventory__trainer__archwright_senn_crown_footing,main,day,calm,post,normal,ralph/reports/VISUAL/phase2/stormwood/contact_sheet_characters_02.jpg,godot --path . --rendering-driver opengl3 --resolution 1920x1080 --script tools/phase2_capture_dialogue.gd -- --biome=stormwood --subset=stormwood__inventory__trainer__archwright_senn_crown_footing --seed=2042 --output=res://ralph/reports/VISUAL/phase2/stormwood/repro/stormwood__inventory__trainer__archwright_senn_crown_footing,6b9165b9e040fc4cb3de3a7a69a0cd731119116f,GPU Compatibility OpenGL3 1920x1080 GTX1060,ralph/reports/VISUAL/phase2/stormwood/characters/stormwood__inventory__trainer__archwright_senn_crown_footing.jpg,18,contact_sheet_tile_320x180
stormwood__inventory__trainer__archwright_senn_crown_footing__defeated,stormwood,characters,Senn,stormwood__inventory__trainer__archwright_senn_crown_footing,main,day,calm,post,normal,ralph/reports/VISUAL/phase2/stormwood/contact_sheet_characters_02.jpg,godot --path . --rendering-driver opengl3 --resolution 1920x1080 --script tools/phase2_capture_defeated_dialogue.gd -- --biome=stormwood --subset=stormwood__inventory__trainer__archwright_senn_crown_footing --seed=2042 --output=res://ralph/reports/VISUAL/phase2/stormwood/repro/stormwood__inventory__trainer__archwright_senn_crown_footing__defeated,6b9165b9e040fc4cb3de3a7a69a0cd731119116f,GPU Compatibility OpenGL3 1920x1080 GTX1060,ralph/reports/VISUAL/phase2/stormwood/characters/stormwood__inventory__trainer__archwright_senn_crown_footing__defeated.jpg,19,contact_sheet_tile_320x180
stormwood__inventory__trainer__archwright_senn_crown_footing__defeated__dialogue,stormwood,characters,Senn,stormwood__inventory__trainer__archwright_senn_crown_footing__defeated__dialogue,main,day,calm,dialogue,ui,ralph/reports/VISUAL/phase2/stormwood/contact_sheet_characters_02.jpg,godot --path . --rendering-driver opengl3 --resolution 1920x1080 --script tools/phase2_capture_defeated_dialogue.gd -- --biome=stormwood --subset=stormwood__inventory__trainer__archwright_senn_crown_footing --seed=2042 --output=res://ralph/reports/VISUAL/phase2/stormwood/repro/stormwood__inventory__trainer__archwright_senn_crown_footing__defeated__dialogue,6b9165b9e040fc4cb3de3a7a69a0cd731119116f,GPU Compatibility OpenGL3 1920x1080 GTX1060,ralph/reports/VISUAL/phase2/stormwood/characters/stormwood__inventory__trainer__archwright_senn_crown_footing__defeated__dialogue.jpg,20,contact_sheet_tile_320x180
stormwood__inventory__trainer__archwright_senn_crown_footing__dialogue,stormwood,characters,Senn,stormwood__inventory__trainer__archwright_senn_crown_footing__dialogue,main,day,calm,dialogue,ui,ralph/reports/VISUAL/phase2/stormwood/contact_sheet_characters_02.jpg,godot --path . --rendering-driver opengl3 --resolution 1920x1080 --script tools/phase2_capture_dialogue.gd -- --biome=stormwood --subset=stormwood__inventory__trainer__archwright_senn_crown_footing --seed=2042 --output=res://ralph/reports/VISUAL/phase2/stormwood/repro/stormwood__inventory__trainer__archwright_senn_crown_footing__dialogue,6b9165b9e040fc4cb3de3a7a69a0cd731119116f,GPU Compatibility OpenGL3 1920x1080 GTX1060,ralph/reports/VISUAL/phase2/stormwood/characters/stormwood__inventory__trainer__archwright_senn_crown_footing__dialogue.jpg,21,contact_sheet_tile_320x180
stormwood__inventory__trainer__captain_marrow_dynamo_core,stormwood,characters,Captain Marrow,stormwood__inventory__trainer__captain_marrow_dynamo_core,main,day,calm,post,normal,ralph/reports/VISUAL/phase2/stormwood/contact_sheet_characters_02.jpg,godot --path . --rendering-driver opengl3 --resolution 1920x1080 --script tools/phase2_capture_dialogue.gd -- --biome=stormwood --subset=stormwood__inventory__trainer__captain_marrow_dynamo_core --seed=2042 --output=res://ralph/reports/VISUAL/phase2/stormwood/repro/stormwood__inventory__trainer__captain_marrow_dynamo_core,6b9165b9e040fc4cb3de3a7a69a0cd731119116f,GPU Compatibility OpenGL3 1920x1080 GTX1060,ralph/reports/VISUAL/phase2/stormwood/characters/stormwood__inventory__trainer__captain_marrow_dynamo_core.jpg,22,contact_sheet_tile_320x180
stormwood__inventory__trainer__captain_marrow_dynamo_core__defeated,stormwood,characters,Captain Marrow,stormwood__inventory__trainer__captain_marrow_dynamo_core,main,day,calm,post,normal,ralph/reports/VISUAL/phase2/stormwood/contact_sheet_characters_02.jpg,godot --path . --rendering-driver opengl3 --resolution 1920x1080 --script tools/phase2_capture_defeated_dialogue.gd -- --biome=stormwood --subset=stormwood__inventory__trainer__captain_marrow_dynamo_core --seed=2042 --output=res://ralph/reports/VISUAL/phase2/stormwood/repro/stormwood__inventory__trainer__captain_marrow_dynamo_core__defeated,6b9165b9e040fc4cb3de3a7a69a0cd731119116f,GPU Compatibility OpenGL3 1920x1080 GTX1060,ralph/reports/VISUAL/phase2/stormwood/characters/stormwood__inventory__trainer__captain_marrow_dynamo_core__defeated.jpg,23,contact_sheet_tile_320x180
stormwood__inventory__trainer__captain_marrow_dynamo_core__defeated__dialogue,stormwood,characters,Captain Marrow,stormwood__inventory__trainer__captain_marrow_dynamo_core__defeated__dialogue,main,day,calm,dialogue,ui,ralph/reports/VISUAL/phase2/stormwood/contact_sheet_characters_03.jpg,godot --path . --rendering-driver opengl3 --resolution 1920x1080 --script tools/phase2_capture_defeated_dialogue.gd -- --biome=stormwood --subset=stormwood__inventory__trainer__captain_marrow_dynamo_core --seed=2042 --output=res://ralph/reports/VISUAL/phase2/stormwood/repro/stormwood__inventory__trainer__captain_marrow_dynamo_core__defeated__dialogue,6b9165b9e040fc4cb3de3a7a69a0cd731119116f,GPU Compatibility OpenGL3 1920x1080 GTX1060,ralph/reports/VISUAL/phase2/stormwood/characters/stormwood__inventory__trainer__captain_marrow_dynamo_core__defeated__dialogue.jpg,0,contact_sheet_tile_320x180
stormwood__inventory__trainer__captain_marrow_dynamo_core__dialogue,stormwood,characters,Captain Marrow,stormwood__inventory__trainer__captain_marrow_dynamo_core__dialogue,main,day,calm,dialogue,ui,ralph/reports/VISUAL/phase2/stormwood/contact_sheet_characters_03.jpg,godot --path . --rendering-driver opengl3 --resolution 1920x1080 --script tools/phase2_capture_dialogue.gd -- --biome=stormwood --subset=stormwood__inventory__trainer__captain_marrow_dynamo_core --seed=2042 --output=res://ralph/reports/VISUAL/phase2/stormwood/repro/stormwood__inventory__trainer__captain_marrow_dynamo_core__dialogue,6b9165b9e040fc4cb3de3a7a69a0cd731119116f,GPU Compatibility OpenGL3 1920x1080 GTX1060,ralph/reports/VISUAL/phase2/stormwood/characters/stormwood__inventory__trainer__captain_marrow_dynamo_core__dialogue.jpg,1,contact_sheet_tile_320x180
stormwood__inventory__trainer__circuit_lena_giant,stormwood,characters,Lena,stormwood__inventory__trainer__circuit_lena_giant,main,day,calm,post,normal,ralph/reports/VISUAL/phase2/stormwood/contact_sheet_characters_03.jpg,godot --path . --rendering-driver opengl3 --resolution 1920x1080 --script tools/phase2_capture_dialogue.gd -- --biome=stormwood --subset=stormwood__inventory__trainer__circuit_lena_giant --seed=2042 --output=res://ralph/reports/VISUAL/phase2/stormwood/repro/stormwood__inventory__trainer__circuit_lena_giant,6b9165b9e040fc4cb3de3a7a69a0cd731119116f,GPU Compatibility OpenGL3 1920x1080 GTX1060,ralph/reports/VISUAL/phase2/stormwood/characters/stormwood__inventory__trainer__circuit_lena_giant.jpg,2,contact_sheet_tile_320x180
stormwood__inventory__trainer__circuit_lena_giant__defeated,stormwood,characters,Lena,stormwood__inventory__trainer__circuit_lena_giant,main,day,calm,post,normal,ralph/reports/VISUAL/phase2/stormwood/contact_sheet_characters_03.jpg,godot --path . --rendering-driver opengl3 --resolution 1920x1080 --script tools/phase2_capture_defeated_dialogue.gd -- --biome=stormwood --subset=stormwood__inventory__trainer__circuit_lena_giant --seed=2042 --output=res://ralph/reports/VISUAL/phase2/stormwood/repro/stormwood__inventory__trainer__circuit_lena_giant__defeated,6b9165b9e040fc4cb3de3a7a69a0cd731119116f,GPU Compatibility OpenGL3 1920x1080 GTX1060,ralph/reports/VISUAL/phase2/stormwood/characters/stormwood__inventory__trainer__circuit_lena_giant__defeated.jpg,3,contact_sheet_tile_320x180
stormwood__inventory__trainer__circuit_lena_giant__defeated__dialogue,stormwood,characters,Lena,stormwood__inventory__trainer__circuit_lena_giant__defeated__dialogue,main,day,calm,dialogue,ui,ralph/reports/VISUAL/phase2/stormwood/contact_sheet_characters_03.jpg,godot --path . --rendering-driver opengl3 --resolution 1920x1080 --script tools/phase2_capture_defeated_dialogue.gd -- --biome=stormwood --subset=stormwood__inventory__trainer__circuit_lena_giant --seed=2042 --output=res://ralph/reports/VISUAL/phase2/stormwood/repro/stormwood__inventory__trainer__circuit_lena_giant__defeated__dialogue,6b9165b9e040fc4cb3de3a7a69a0cd731119116f,GPU Compatibility OpenGL3 1920x1080 GTX1060,ralph/reports/VISUAL/phase2/stormwood/characters/stormwood__inventory__trainer__circuit_lena_giant__defeated__dialogue.jpg,4,contact_sheet_tile_320x180
stormwood__inventory__trainer__circuit_lena_giant__dialogue,stormwood,characters,Lena,stormwood__inventory__trainer__circuit_lena_giant__dialogue,main,day,calm,dialogue,ui,ralph/reports/VISUAL/phase2/stormwood/contact_sheet_characters_03.jpg,godot --path . --rendering-driver opengl3 --resolution 1920x1080 --script tools/phase2_capture_dialogue.gd -- --biome=stormwood --subset=stormwood__inventory__trainer__circuit_lena_giant --seed=2042 --output=res://ralph/reports/VISUAL/phase2/stormwood/repro/stormwood__inventory__trainer__circuit_lena_giant__dialogue,6b9165b9e040fc4cb3de3a7a69a0cd731119116f,GPU Compatibility OpenGL3 1920x1080 GTX1060,ralph/reports/VISUAL/phase2/stormwood/characters/stormwood__inventory__trainer__circuit_lena_giant__dialogue.jpg,5,contact_sheet_tile_320x180
stormwood__inventory__trainer__circuit_mira_lantern,stormwood,characters,Mira,stormwood__inventory__trainer__circuit_mira_lantern,main,day,calm,post,normal,ralph/reports/VISUAL/phase2/stormwood/contact_sheet_characters_03.jpg,godot --path . --rendering-driver opengl3 --resolution 1920x1080 --script tools/phase2_capture_dialogue.gd -- --biome=stormwood --subset=stormwood__inventory__trainer__circuit_mira_lantern --seed=2042 --output=res://ralph/reports/VISUAL/phase2/stormwood/repro/stormwood__inventory__trainer__circuit_mira_lantern,6b9165b9e040fc4cb3de3a7a69a0cd731119116f,GPU Compatibility OpenGL3 1920x1080 GTX1060,ralph/reports/VISUAL/phase2/stormwood/characters/stormwood__inventory__trainer__circuit_mira_lantern.jpg,6,contact_sheet_tile_320x180
stormwood__inventory__trainer__circuit_mira_lantern__defeated,stormwood,characters,Mira,stormwood__inventory__trainer__circuit_mira_lantern,main,day,calm,post,normal,ralph/reports/VISUAL/phase2/stormwood/contact_sheet_characters_03.jpg,godot --path . --rendering-driver opengl3 --resolution 1920x1080 --script tools/phase2_capture_defeated_dialogue.gd -- --biome=stormwood --subset=stormwood__inventory__trainer__circuit_mira_lantern --seed=2042 --output=res://ralph/reports/VISUAL/phase2/stormwood/repro/stormwood__inventory__trainer__circuit_mira_lantern__defeated,6b9165b9e040fc4cb3de3a7a69a0cd731119116f,GPU Compatibility OpenGL3 1920x1080 GTX1060,ralph/reports/VISUAL/phase2/stormwood/characters/stormwood__inventory__trainer__circuit_mira_lantern__defeated.jpg,7,contact_sheet_tile_320x180
stormwood__inventory__trainer__circuit_mira_lantern__defeated__dialogue,stormwood,characters,Mira,stormwood__inventory__trainer__circuit_mira_lantern__defeated__dialogue,main,day,calm,dialogue,ui,ralph/reports/VISUAL/phase2/stormwood/contact_sheet_characters_03.jpg,godot --path . --rendering-driver opengl3 --resolution 1920x1080 --script tools/phase2_capture_defeated_dialogue.gd -- --biome=stormwood --subset=stormwood__inventory__trainer__circuit_mira_lantern --seed=2042 --output=res://ralph/reports/VISUAL/phase2/stormwood/repro/stormwood__inventory__trainer__circuit_mira_lantern__defeated__dialogue,6b9165b9e040fc4cb3de3a7a69a0cd731119116f,GPU Compatibility OpenGL3 1920x1080 GTX1060,ralph/reports/VISUAL/phase2/stormwood/characters/stormwood__inventory__trainer__circuit_mira_lantern__defeated__dialogue.jpg,8,contact_sheet_tile_320x180
stormwood__inventory__trainer__circuit_mira_lantern__dialogue,stormwood,characters,Mira,stormwood__inventory__trainer__circuit_mira_lantern__dialogue,main,day,calm,dialogue,ui,ralph/reports/VISUAL/phase2/stormwood/contact_sheet_characters_03.jpg,godot --path . --rendering-driver opengl3 --resolution 1920x1080 --script tools/phase2_capture_dialogue.gd -- --biome=stormwood --subset=stormwood__inventory__trainer__circuit_mira_lantern --seed=2042 --output=res://ralph/reports/VISUAL/phase2/stormwood/repro/stormwood__inventory__trainer__circuit_mira_lantern__dialogue,6b9165b9e040fc4cb3de3a7a69a0cd731119116f,GPU Compatibility OpenGL3 1920x1080 GTX1060,ralph/reports/VISUAL/phase2/stormwood/characters/stormwood__inventory__trainer__circuit_mira_lantern__dialogue.jpg,9,contact_sheet_tile_320x180
stormwood__inventory__trainer__circuit_orin_blackwater,stormwood,characters,Orin,stormwood__inventory__trainer__circuit_orin_blackwater,main,day,calm,post,normal,ralph/reports/VISUAL/phase2/stormwood/contact_sheet_characters_03.jpg,godot --path . --rendering-driver opengl3 --resolution 1920x1080 --script tools/phase2_capture_dialogue.gd -- --biome=stormwood --subset=stormwood__inventory__trainer__circuit_orin_blackwater --seed=2042 --output=res://ralph/reports/VISUAL/phase2/stormwood/repro/stormwood__inventory__trainer__circuit_orin_blackwater,6b9165b9e040fc4cb3de3a7a69a0cd731119116f,GPU Compatibility OpenGL3 1920x1080 GTX1060,ralph/reports/VISUAL/phase2/stormwood/characters/stormwood__inventory__trainer__circuit_orin_blackwater.jpg,10,contact_sheet_tile_320x180
stormwood__inventory__trainer__circuit_orin_blackwater__defeated,stormwood,characters,Orin,stormwood__inventory__trainer__circuit_orin_blackwater,main,day,calm,post,normal,ralph/reports/VISUAL/phase2/stormwood/contact_sheet_characters_03.jpg,godot --path . --rendering-driver opengl3 --resolution 1920x1080 --script tools/phase2_capture_defeated_dialogue.gd -- --biome=stormwood --subset=stormwood__inventory__trainer__circuit_orin_blackwater --seed=2042 --output=res://ralph/reports/VISUAL/phase2/stormwood/repro/stormwood__inventory__trainer__circuit_orin_blackwater__defeated,6b9165b9e040fc4cb3de3a7a69a0cd731119116f,GPU Compatibility OpenGL3 1920x1080 GTX1060,ralph/reports/VISUAL/phase2/stormwood/characters/stormwood__inventory__trainer__circuit_orin_blackwater__defeated.jpg,11,contact_sheet_tile_320x180
stormwood__inventory__trainer__circuit_orin_blackwater__defeated__dialogue,stormwood,characters,Orin,stormwood__inventory__trainer__circuit_orin_blackwater__defeated__dialogue,main,day,calm,dialogue,ui,ralph/reports/VISUAL/phase2/stormwood/contact_sheet_characters_03.jpg,godot --path . --rendering-driver opengl3 --resolution 1920x1080 --script tools/phase2_capture_defeated_dialogue.gd -- --biome=stormwood --subset=stormwood__inventory__trainer__circuit_orin_blackwater --seed=2042 --output=res://ralph/reports/VISUAL/phase2/stormwood/repro/stormwood__inventory__trainer__circuit_orin_blackwater__defeated__dialogue,6b9165b9e040fc4cb3de3a7a69a0cd731119116f,GPU Compatibility OpenGL3 1920x1080 GTX1060,ralph/reports/VISUAL/phase2/stormwood/characters/stormwood__inventory__trainer__circuit_orin_blackwater__defeated__dialogue.jpg,12,contact_sheet_tile_320x180
stormwood__inventory__trainer__circuit_orin_blackwater__dialogue,stormwood,characters,Orin,stormwood__inventory__trainer__circuit_orin_blackwater__dialogue,main,day,calm,dialogue,ui,ralph/reports/VISUAL/phase2/stormwood/contact_sheet_characters_03.jpg,godot --path . --rendering-driver opengl3 --resolution 1920x1080 --script tools/phase2_capture_dialogue.gd -- --biome=stormwood --subset=stormwood__inventory__trainer__circuit_orin_blackwater --seed=2042 --output=res://ralph/reports/VISUAL/phase2/stormwood/repro/stormwood__inventory__trainer__circuit_orin_blackwater__dialogue,6b9165b9e040fc4cb3de3a7a69a0cd731119116f,GPU Compatibility OpenGL3 1920x1080 GTX1060,ralph/reports/VISUAL/phase2/stormwood/characters/stormwood__inventory__trainer__circuit_orin_blackwater__dialogue.jpg,13,contact_sheet_tile_320x180
stormwood__inventory__trainer__circuit_tavi_rodline,stormwood,characters,Tavi,stormwood__inventory__trainer__circuit_tavi_rodline,main,day,calm,post,normal,ralph/reports/VISUAL/phase2/stormwood/contact_sheet_characters_03.jpg,godot --path . --rendering-driver opengl3 --resolution 1920x1080 --script tools/phase2_capture_dialogue.gd -- --biome=stormwood --subset=stormwood__inventory__trainer__circuit_tavi_rodline --seed=2042 --output=res://ralph/reports/VISUAL/phase2/stormwood/repro/stormwood__inventory__trainer__circuit_tavi_rodline,6b9165b9e040fc4cb3de3a7a69a0cd731119116f,GPU Compatibility OpenGL3 1920x1080 GTX1060,ralph/reports/VISUAL/phase2/stormwood/characters/stormwood__inventory__trainer__circuit_tavi_rodline.jpg,14,contact_sheet_tile_320x180
stormwood__inventory__trainer__circuit_tavi_rodline__defeated,stormwood,characters,Tavi,stormwood__inventory__trainer__circuit_tavi_rodline,main,day,calm,post,normal,ralph/reports/VISUAL/phase2/stormwood/contact_sheet_characters_03.jpg,godot --path . --rendering-driver opengl3 --resolution 1920x1080 --script tools/phase2_capture_defeated_dialogue.gd -- --biome=stormwood --subset=stormwood__inventory__trainer__circuit_tavi_rodline --seed=2042 --output=res://ralph/reports/VISUAL/phase2/stormwood/repro/stormwood__inventory__trainer__circuit_tavi_rodline__defeated,6b9165b9e040fc4cb3de3a7a69a0cd731119116f,GPU Compatibility OpenGL3 1920x1080 GTX1060,ralph/reports/VISUAL/phase2/stormwood/characters/stormwood__inventory__trainer__circuit_tavi_rodline__defeated.jpg,15,contact_sheet_tile_320x180
stormwood__inventory__trainer__circuit_tavi_rodline__defeated__dialogue,stormwood,characters,Tavi,stormwood__inventory__trainer__circuit_tavi_rodline__defeated__dialogue,main,day,calm,dialogue,ui,ralph/reports/VISUAL/phase2/stormwood/contact_sheet_characters_03.jpg,godot --path . --rendering-driver opengl3 --resolution 1920x1080 --script tools/phase2_capture_defeated_dialogue.gd -- --biome=stormwood --subset=stormwood__inventory__trainer__circuit_tavi_rodline --seed=2042 --output=res://ralph/reports/VISUAL/phase2/stormwood/repro/stormwood__inventory__trainer__circuit_tavi_rodline__defeated__dialogue,6b9165b9e040fc4cb3de3a7a69a0cd731119116f,GPU Compatibility OpenGL3 1920x1080 GTX1060,ralph/reports/VISUAL/phase2/stormwood/characters/stormwood__inventory__trainer__circuit_tavi_rodline__defeated__dialogue.jpg,16,contact_sheet_tile_320x180
stormwood__inventory__trainer__circuit_tavi_rodline__dialogue,stormwood,characters,Tavi,stormwood__inventory__trainer__circuit_tavi_rodline__dialogue,main,day,calm,dialogue,ui,ralph/reports/VISUAL/phase2/stormwood/contact_sheet_characters_03.jpg,godot --path . --rendering-driver opengl3 --resolution 1920x1080 --script tools/phase2_capture_dialogue.gd -- --biome=stormwood --subset=stormwood__inventory__trainer__circuit_tavi_rodline --seed=2042 --output=res://ralph/reports/VISUAL/phase2/stormwood/repro/stormwood__inventory__trainer__circuit_tavi_rodline__dialogue,6b9165b9e040fc4cb3de3a7a69a0cd731119116f,GPU Compatibility OpenGL3 1920x1080 GTX1060,ralph/reports/VISUAL/phase2/stormwood/characters/stormwood__inventory__trainer__circuit_tavi_rodline__dialogue.jpg,17,contact_sheet_tile_320x180
stormwood__inventory__trainer__courier_pim_pool_loop,stormwood,characters,Pim,stormwood__inventory__trainer__courier_pim_pool_loop,main,day,calm,post,normal,ralph/reports/VISUAL/phase2/stormwood/contact_sheet_characters_03.jpg,godot --path . --rendering-driver opengl3 --resolution 1920x1080 --script tools/phase2_capture_dialogue.gd -- --biome=stormwood --subset=stormwood__inventory__trainer__courier_pim_pool_loop --seed=2042 --output=res://ralph/reports/VISUAL/phase2/stormwood/repro/stormwood__inventory__trainer__courier_pim_pool_loop,6b9165b9e040fc4cb3de3a7a69a0cd731119116f,GPU Compatibility OpenGL3 1920x1080 GTX1060,ralph/reports/VISUAL/phase2/stormwood/characters/stormwood__inventory__trainer__courier_pim_pool_loop.jpg,18,contact_sheet_tile_320x180
stormwood__inventory__trainer__courier_pim_pool_loop__defeated,stormwood,characters,Pim,stormwood__inventory__trainer__courier_pim_pool_loop,main,day,calm,post,normal,ralph/reports/VISUAL/phase2/stormwood/contact_sheet_characters_03.jpg,godot --path . --rendering-driver opengl3 --resolution 1920x1080 --script tools/phase2_capture_defeated_dialogue.gd -- --biome=stormwood --subset=stormwood__inventory__trainer__courier_pim_pool_loop --seed=2042 --output=res://ralph/reports/VISUAL/phase2/stormwood/repro/stormwood__inventory__trainer__courier_pim_pool_loop__defeated,6b9165b9e040fc4cb3de3a7a69a0cd731119116f,GPU Compatibility OpenGL3 1920x1080 GTX1060,ralph/reports/VISUAL/phase2/stormwood/characters/stormwood__inventory__trainer__courier_pim_pool_loop__defeated.jpg,19,contact_sheet_tile_320x180
stormwood__inventory__trainer__courier_pim_pool_loop__defeated__dialogue,stormwood,characters,Pim,stormwood__inventory__trainer__courier_pim_pool_loop__defeated__dialogue,main,day,calm,dialogue,ui,ralph/reports/VISUAL/phase2/stormwood/contact_sheet_characters_03.jpg,godot --path . --rendering-driver opengl3 --resolution 1920x1080 --script tools/phase2_capture_defeated_dialogue.gd -- --biome=stormwood --subset=stormwood__inventory__trainer__courier_pim_pool_loop --seed=2042 --output=res://ralph/reports/VISUAL/phase2/stormwood/repro/stormwood__inventory__trainer__courier_pim_pool_loop__defeated__dialogue,6b9165b9e040fc4cb3de3a7a69a0cd731119116f,GPU Compatibility OpenGL3 1920x1080 GTX1060,ralph/reports/VISUAL/phase2/stormwood/characters/stormwood__inventory__trainer__courier_pim_pool_loop__defeated__dialogue.jpg,20,contact_sheet_tile_320x180
stormwood__inventory__trainer__courier_pim_pool_loop__dialogue,stormwood,characters,Pim,stormwood__inventory__trainer__courier_pim_pool_loop__dialogue,main,day,calm,dialogue,ui,ralph/reports/VISUAL/phase2/stormwood/contact_sheet_characters_03.jpg,godot --path . --rendering-driver opengl3 --resolution 1920x1080 --script tools/phase2_capture_dialogue.gd -- --biome=stormwood --subset=stormwood__inventory__trainer__courier_pim_pool_loop --seed=2042 --output=res://ralph/reports/VISUAL/phase2/stormwood/repro/stormwood__inventory__trainer__courier_pim_pool_loop__dialogue,6b9165b9e040fc4cb3de3a7a69a0cd731119116f,GPU Compatibility OpenGL3 1920x1080 GTX1060,ralph/reports/VISUAL/phase2/stormwood/characters/stormwood__inventory__trainer__courier_pim_pool_loop__dialogue.jpg,21,contact_sheet_tile_320x180
stormwood__inventory__trainer__crown_wayfarer_nell,stormwood,characters,Nell,stormwood__inventory__trainer__crown_wayfarer_nell,main,day,calm,post,normal,ralph/reports/VISUAL/phase2/stormwood/contact_sheet_characters_03.jpg,godot --path . --rendering-driver opengl3 --resolution 1920x1080 --script tools/phase2_capture_dialogue.gd -- --biome=stormwood --subset=stormwood__inventory__trainer__crown_wayfarer_nell --seed=2042 --output=res://ralph/reports/VISUAL/phase2/stormwood/repro/stormwood__inventory__trainer__crown_wayfarer_nell,6b9165b9e040fc4cb3de3a7a69a0cd731119116f,GPU Compatibility OpenGL3 1920x1080 GTX1060,ralph/reports/VISUAL/phase2/stormwood/characters/stormwood__inventory__trainer__crown_wayfarer_nell.jpg,22,contact_sheet_tile_320x180
stormwood__inventory__trainer__crown_wayfarer_nell__defeated,stormwood,characters,Nell,stormwood__inventory__trainer__crown_wayfarer_nell,main,day,calm,post,normal,ralph/reports/VISUAL/phase2/stormwood/contact_sheet_characters_03.jpg,godot --path . --rendering-driver opengl3 --resolution 1920x1080 --script tools/phase2_capture_defeated_dialogue.gd -- --biome=stormwood --subset=stormwood__inventory__trainer__crown_wayfarer_nell --seed=2042 --output=res://ralph/reports/VISUAL/phase2/stormwood/repro/stormwood__inventory__trainer__crown_wayfarer_nell__defeated,6b9165b9e040fc4cb3de3a7a69a0cd731119116f,GPU Compatibility OpenGL3 1920x1080 GTX1060,ralph/reports/VISUAL/phase2/stormwood/characters/stormwood__inventory__trainer__crown_wayfarer_nell__defeated.jpg,23,contact_sheet_tile_320x180
stormwood__inventory__trainer__crown_wayfarer_nell__defeated__dialogue,stormwood,characters,Nell,stormwood__inventory__trainer__crown_wayfarer_nell__defeated__dialogue,main,day,calm,dialogue,ui,ralph/reports/VISUAL/phase2/stormwood/contact_sheet_characters_04.jpg,godot --path . --rendering-driver opengl3 --resolution 1920x1080 --script tools/phase2_capture_defeated_dialogue.gd -- --biome=stormwood --subset=stormwood__inventory__trainer__crown_wayfarer_nell --seed=2042 --output=res://ralph/reports/VISUAL/phase2/stormwood/repro/stormwood__inventory__trainer__crown_wayfarer_nell__defeated__dialogue,6b9165b9e040fc4cb3de3a7a69a0cd731119116f,GPU Compatibility OpenGL3 1920x1080 GTX1060,ralph/reports/VISUAL/phase2/stormwood/characters/stormwood__inventory__trainer__crown_wayfarer_nell__defeated__dialogue.jpg,0,contact_sheet_tile_320x180
stormwood__inventory__trainer__crown_wayfarer_nell__dialogue,stormwood,characters,Nell,stormwood__inventory__trainer__crown_wayfarer_nell__dialogue,main,day,calm,dialogue,ui,ralph/reports/VISUAL/phase2/stormwood/contact_sheet_characters_04.jpg,godot --path . --rendering-driver opengl3 --resolution 1920x1080 --script tools/phase2_capture_dialogue.gd -- --biome=stormwood --subset=stormwood__inventory__trainer__crown_wayfarer_nell --seed=2042 --output=res://ralph/reports/VISUAL/phase2/stormwood/repro/stormwood__inventory__trainer__crown_wayfarer_nell__dialogue,6b9165b9e040fc4cb3de3a7a69a0cd731119116f,GPU Compatibility OpenGL3 1920x1080 GTX1060,ralph/reports/VISUAL/phase2/stormwood/characters/stormwood__inventory__trainer__crown_wayfarer_nell__dialogue.jpg,1,contact_sheet_tile_320x180
stormwood__inventory__trainer__lieutenant_dace_hollows_rod,stormwood,characters,Lieutenant Dace,stormwood__inventory__trainer__lieutenant_dace_hollows_rod,main,day,calm,post,normal,ralph/reports/VISUAL/phase2/stormwood/contact_sheet_characters_04.jpg,godot --path . --rendering-driver opengl3 --resolution 1920x1080 --script tools/phase2_capture_dialogue.gd -- --biome=stormwood --subset=stormwood__inventory__trainer__lieutenant_dace_hollows_rod --seed=2042 --output=res://ralph/reports/VISUAL/phase2/stormwood/repro/stormwood__inventory__trainer__lieutenant_dace_hollows_rod,6b9165b9e040fc4cb3de3a7a69a0cd731119116f,GPU Compatibility OpenGL3 1920x1080 GTX1060,ralph/reports/VISUAL/phase2/stormwood/characters/stormwood__inventory__trainer__lieutenant_dace_hollows_rod.jpg,2,contact_sheet_tile_320x180
stormwood__inventory__trainer__lieutenant_dace_hollows_rod__defeated,stormwood,characters,Lieutenant Dace,stormwood__inventory__trainer__lieutenant_dace_hollows_rod,main,day,calm,post,normal,ralph/reports/VISUAL/phase2/stormwood/contact_sheet_characters_04.jpg,godot --path . --rendering-driver opengl3 --resolution 1920x1080 --script tools/phase2_capture_defeated_dialogue.gd -- --biome=stormwood --subset=stormwood__inventory__trainer__lieutenant_dace_hollows_rod --seed=2042 --output=res://ralph/reports/VISUAL/phase2/stormwood/repro/stormwood__inventory__trainer__lieutenant_dace_hollows_rod__defeated,6b9165b9e040fc4cb3de3a7a69a0cd731119116f,GPU Compatibility OpenGL3 1920x1080 GTX1060,ralph/reports/VISUAL/phase2/stormwood/characters/stormwood__inventory__trainer__lieutenant_dace_hollows_rod__defeated.jpg,3,contact_sheet_tile_320x180
stormwood__inventory__trainer__lieutenant_dace_hollows_rod__defeated__dialogue,stormwood,characters,Lieutenant Dace,stormwood__inventory__trainer__lieutenant_dace_hollows_rod__defeated__dialogue,main,day,calm,dialogue,ui,ralph/reports/VISUAL/phase2/stormwood/contact_sheet_characters_04.jpg,godot --path . --rendering-driver opengl3 --resolution 1920x1080 --script tools/phase2_capture_defeated_dialogue.gd -- --biome=stormwood --subset=stormwood__inventory__trainer__lieutenant_dace_hollows_rod --seed=2042 --output=res://ralph/reports/VISUAL/phase2/stormwood/repro/stormwood__inventory__trainer__lieutenant_dace_hollows_rod__defeated__dialogue,6b9165b9e040fc4cb3de3a7a69a0cd731119116f,GPU Compatibility OpenGL3 1920x1080 GTX1060,ralph/reports/VISUAL/phase2/stormwood/characters/stormwood__inventory__trainer__lieutenant_dace_hollows_rod__defeated__dialogue.jpg,4,contact_sheet_tile_320x180
stormwood__inventory__trainer__lieutenant_dace_hollows_rod__dialogue,stormwood,characters,Lieutenant Dace,stormwood__inventory__trainer__lieutenant_dace_hollows_rod__dialogue,main,day,calm,dialogue,ui,ralph/reports/VISUAL/phase2/stormwood/contact_sheet_characters_04.jpg,godot --path . --rendering-driver opengl3 --resolution 1920x1080 --script tools/phase2_capture_dialogue.gd -- --biome=stormwood --subset=stormwood__inventory__trainer__lieutenant_dace_hollows_rod --seed=2042 --output=res://ralph/reports/VISUAL/phase2/stormwood/repro/stormwood__inventory__trainer__lieutenant_dace_hollows_rod__dialogue,6b9165b9e040fc4cb3de3a7a69a0cd731119116f,GPU Compatibility OpenGL3 1920x1080 GTX1060,ralph/reports/VISUAL/phase2/stormwood/characters/stormwood__inventory__trainer__lieutenant_dace_hollows_rod__dialogue.jpg,5,contact_sheet_tile_320x180
stormwood__inventory__trainer__lieutenant_varga_rodline_bridge,stormwood,characters,Lieutenant Varga,stormwood__inventory__trainer__lieutenant_varga_rodline_bridge,main,day,calm,post,normal,ralph/reports/VISUAL/phase2/stormwood/contact_sheet_characters_04.jpg,godot --path . --rendering-driver opengl3 --resolution 1920x1080 --script tools/phase2_capture_dialogue.gd -- --biome=stormwood --subset=stormwood__inventory__trainer__lieutenant_varga_rodline_bridge --seed=2042 --output=res://ralph/reports/VISUAL/phase2/stormwood/repro/stormwood__inventory__trainer__lieutenant_varga_rodline_bridge,6b9165b9e040fc4cb3de3a7a69a0cd731119116f,GPU Compatibility OpenGL3 1920x1080 GTX1060,ralph/reports/VISUAL/phase2/stormwood/characters/stormwood__inventory__trainer__lieutenant_varga_rodline_bridge.jpg,6,contact_sheet_tile_320x180
stormwood__inventory__trainer__lieutenant_varga_rodline_bridge__defeated,stormwood,characters,Lieutenant Varga,stormwood__inventory__trainer__lieutenant_varga_rodline_bridge,main,day,calm,post,normal,ralph/reports/VISUAL/phase2/stormwood/contact_sheet_characters_04.jpg,godot --path . --rendering-driver opengl3 --resolution 1920x1080 --script tools/phase2_capture_defeated_dialogue.gd -- --biome=stormwood --subset=stormwood__inventory__trainer__lieutenant_varga_rodline_bridge --seed=2042 --output=res://ralph/reports/VISUAL/phase2/stormwood/repro/stormwood__inventory__trainer__lieutenant_varga_rodline_bridge__defeated,6b9165b9e040fc4cb3de3a7a69a0cd731119116f,GPU Compatibility OpenGL3 1920x1080 GTX1060,ralph/reports/VISUAL/phase2/stormwood/characters/stormwood__inventory__trainer__lieutenant_varga_rodline_bridge__defeated.jpg,7,contact_sheet_tile_320x180
stormwood__inventory__trainer__lieutenant_varga_rodline_bridge__defeated__dialogue,stormwood,characters,Lieutenant Varga,stormwood__inventory__trainer__lieutenant_varga_rodline_bridge__defeated__dialogue,main,day,calm,dialogue,ui,ralph/reports/VISUAL/phase2/stormwood/contact_sheet_characters_04.jpg,godot --path . --rendering-driver opengl3 --resolution 1920x1080 --script tools/phase2_capture_defeated_dialogue.gd -- --biome=stormwood --subset=stormwood__inventory__trainer__lieutenant_varga_rodline_bridge --seed=2042 --output=res://ralph/reports/VISUAL/phase2/stormwood/repro/stormwood__inventory__trainer__lieutenant_varga_rodline_bridge__defeated__dialogue,6b9165b9e040fc4cb3de3a7a69a0cd731119116f,GPU Compatibility OpenGL3 1920x1080 GTX1060,ralph/reports/VISUAL/phase2/stormwood/characters/stormwood__inventory__trainer__lieutenant_varga_rodline_bridge__defeated__dialogue.jpg,8,contact_sheet_tile_320x180
stormwood__inventory__trainer__lieutenant_varga_rodline_bridge__dialogue,stormwood,characters,Lieutenant Varga,stormwood__inventory__trainer__lieutenant_varga_rodline_bridge__dialogue,main,day,calm,dialogue,ui,ralph/reports/VISUAL/phase2/stormwood/contact_sheet_characters_04.jpg,godot --path . --rendering-driver opengl3 --resolution 1920x1080 --script tools/phase2_capture_dialogue.gd -- --biome=stormwood --subset=stormwood__inventory__trainer__lieutenant_varga_rodline_bridge --seed=2042 --output=res://ralph/reports/VISUAL/phase2/stormwood/repro/stormwood__inventory__trainer__lieutenant_varga_rodline_bridge__dialogue,6b9165b9e040fc4cb3de3a7a69a0cd731119116f,GPU Compatibility OpenGL3 1920x1080 GTX1060,ralph/reports/VISUAL/phase2/stormwood/characters/stormwood__inventory__trainer__lieutenant_varga_rodline_bridge__dialogue.jpg,9,contact_sheet_tile_320x180
stormwood__inventory__trainer__officer_kestrel_outer_works,stormwood,characters,Officer Kestrel,stormwood__inventory__trainer__officer_kestrel_outer_works,main,day,calm,post,normal,ralph/reports/VISUAL/phase2/stormwood/contact_sheet_characters_04.jpg,godot --path . --rendering-driver opengl3 --resolution 1920x1080 --script tools/phase2_capture_dialogue.gd -- --biome=stormwood --subset=stormwood__inventory__trainer__officer_kestrel_outer_works --seed=2042 --output=res://ralph/reports/VISUAL/phase2/stormwood/repro/stormwood__inventory__trainer__officer_kestrel_outer_works,6b9165b9e040fc4cb3de3a7a69a0cd731119116f,GPU Compatibility OpenGL3 1920x1080 GTX1060,ralph/reports/VISUAL/phase2/stormwood/characters/stormwood__inventory__trainer__officer_kestrel_outer_works.jpg,10,contact_sheet_tile_320x180
stormwood__inventory__trainer__officer_kestrel_outer_works__defeated,stormwood,characters,Officer Kestrel,stormwood__inventory__trainer__officer_kestrel_outer_works,main,day,calm,post,normal,ralph/reports/VISUAL/phase2/stormwood/contact_sheet_characters_04.jpg,godot --path . --rendering-driver opengl3 --resolution 1920x1080 --script tools/phase2_capture_defeated_dialogue.gd -- --biome=stormwood --subset=stormwood__inventory__trainer__officer_kestrel_outer_works --seed=2042 --output=res://ralph/reports/VISUAL/phase2/stormwood/repro/stormwood__inventory__trainer__officer_kestrel_outer_works__defeated,6b9165b9e040fc4cb3de3a7a69a0cd731119116f,GPU Compatibility OpenGL3 1920x1080 GTX1060,ralph/reports/VISUAL/phase2/stormwood/characters/stormwood__inventory__trainer__officer_kestrel_outer_works__defeated.jpg,11,contact_sheet_tile_320x180
stormwood__inventory__trainer__officer_kestrel_outer_works__defeated__dialogue,stormwood,characters,Officer Kestrel,stormwood__inventory__trainer__officer_kestrel_outer_works__defeated__dialogue,main,day,calm,dialogue,ui,ralph/reports/VISUAL/phase2/stormwood/contact_sheet_characters_04.jpg,godot --path . --rendering-driver opengl3 --resolution 1920x1080 --script tools/phase2_capture_defeated_dialogue.gd -- --biome=stormwood --subset=stormwood__inventory__trainer__officer_kestrel_outer_works --seed=2042 --output=res://ralph/reports/VISUAL/phase2/stormwood/repro/stormwood__inventory__trainer__officer_kestrel_outer_works__defeated__dialogue,6b9165b9e040fc4cb3de3a7a69a0cd731119116f,GPU Compatibility OpenGL3 1920x1080 GTX1060,ralph/reports/VISUAL/phase2/stormwood/characters/stormwood__inventory__trainer__officer_kestrel_outer_works__defeated__dialogue.jpg,12,contact_sheet_tile_320x180
stormwood__inventory__trainer__officer_kestrel_outer_works__dialogue,stormwood,characters,Officer Kestrel,stormwood__inventory__trainer__officer_kestrel_outer_works__dialogue,main,day,calm,dialogue,ui,ralph/reports/VISUAL/phase2/stormwood/contact_sheet_characters_04.jpg,godot --path . --rendering-driver opengl3 --resolution 1920x1080 --script tools/phase2_capture_dialogue.gd -- --biome=stormwood --subset=stormwood__inventory__trainer__officer_kestrel_outer_works --seed=2042 --output=res://ralph/reports/VISUAL/phase2/stormwood/repro/stormwood__inventory__trainer__officer_kestrel_outer_works__dialogue,6b9165b9e040fc4cb3de3a7a69a0cd731119116f,GPU Compatibility OpenGL3 1920x1080 GTX1060,ralph/reports/VISUAL/phase2/stormwood/characters/stormwood__inventory__trainer__officer_kestrel_outer_works__dialogue.jpg,13,contact_sheet_tile_320x180
stormwood__inventory__trainer__officer_maren_verge_rod,stormwood,characters,Officer Maren,stormwood__inventory__trainer__officer_maren_verge_rod,main,day,calm,post,normal,ralph/reports/VISUAL/phase2/stormwood/contact_sheet_characters_04.jpg,godot --path . --rendering-driver opengl3 --resolution 1920x1080 --script tools/phase2_capture_dialogue.gd -- --biome=stormwood --subset=stormwood__inventory__trainer__officer_maren_verge_rod --seed=2042 --output=res://ralph/reports/VISUAL/phase2/stormwood/repro/stormwood__inventory__trainer__officer_maren_verge_rod,6b9165b9e040fc4cb3de3a7a69a0cd731119116f,GPU Compatibility OpenGL3 1920x1080 GTX1060,ralph/reports/VISUAL/phase2/stormwood/characters/stormwood__inventory__trainer__officer_maren_verge_rod.jpg,14,contact_sheet_tile_320x180
stormwood__inventory__trainer__officer_maren_verge_rod__defeated,stormwood,characters,Officer Maren,stormwood__inventory__trainer__officer_maren_verge_rod,main,day,calm,post,normal,ralph/reports/VISUAL/phase2/stormwood/contact_sheet_characters_04.jpg,godot --path . --rendering-driver opengl3 --resolution 1920x1080 --script tools/phase2_capture_defeated_dialogue.gd -- --biome=stormwood --subset=stormwood__inventory__trainer__officer_maren_verge_rod --seed=2042 --output=res://ralph/reports/VISUAL/phase2/stormwood/repro/stormwood__inventory__trainer__officer_maren_verge_rod__defeated,6b9165b9e040fc4cb3de3a7a69a0cd731119116f,GPU Compatibility OpenGL3 1920x1080 GTX1060,ralph/reports/VISUAL/phase2/stormwood/characters/stormwood__inventory__trainer__officer_maren_verge_rod__defeated.jpg,15,contact_sheet_tile_320x180
stormwood__inventory__trainer__officer_maren_verge_rod__defeated__dialogue,stormwood,characters,Officer Maren,stormwood__inventory__trainer__officer_maren_verge_rod__defeated__dialogue,main,day,calm,dialogue,ui,ralph/reports/VISUAL/phase2/stormwood/contact_sheet_characters_04.jpg,godot --path . --rendering-driver opengl3 --resolution 1920x1080 --script tools/phase2_capture_defeated_dialogue.gd -- --biome=stormwood --subset=stormwood__inventory__trainer__officer_maren_verge_rod --seed=2042 --output=res://ralph/reports/VISUAL/phase2/stormwood/repro/stormwood__inventory__trainer__officer_maren_verge_rod__defeated__dialogue,6b9165b9e040fc4cb3de3a7a69a0cd731119116f,GPU Compatibility OpenGL3 1920x1080 GTX1060,ralph/reports/VISUAL/phase2/stormwood/characters/stormwood__inventory__trainer__officer_maren_verge_rod__defeated__dialogue.jpg,16,contact_sheet_tile_320x180
stormwood__inventory__trainer__officer_maren_verge_rod__dialogue,stormwood,characters,Officer Maren,stormwood__inventory__trainer__officer_maren_verge_rod__dialogue,main,day,calm,dialogue,ui,ralph/reports/VISUAL/phase2/stormwood/contact_sheet_characters_04.jpg,godot --path . --rendering-driver opengl3 --resolution 1920x1080 --script tools/phase2_capture_dialogue.gd -- --biome=stormwood --subset=stormwood__inventory__trainer__officer_maren_verge_rod --seed=2042 --output=res://ralph/reports/VISUAL/phase2/stormwood/repro/stormwood__inventory__trainer__officer_maren_verge_rod__dialogue,6b9165b9e040fc4cb3de3a7a69a0cd731119116f,GPU Compatibility OpenGL3 1920x1080 GTX1060,ralph/reports/VISUAL/phase2/stormwood/characters/stormwood__inventory__trainer__officer_maren_verge_rod__dialogue.jpg,17,contact_sheet_tile_320x180
stormwood__inventory__trainer__officer_nysa_deepwood_rod,stormwood,characters,Officer Nysa,stormwood__inventory__trainer__officer_nysa_deepwood_rod,main,day,calm,post,normal,ralph/reports/VISUAL/phase2/stormwood/contact_sheet_characters_04.jpg,godot --path . --rendering-driver opengl3 --resolution 1920x1080 --script tools/phase2_capture_dialogue.gd -- --biome=stormwood --subset=stormwood__inventory__trainer__officer_nysa_deepwood_rod --seed=2042 --output=res://ralph/reports/VISUAL/phase2/stormwood/repro/stormwood__inventory__trainer__officer_nysa_deepwood_rod,6b9165b9e040fc4cb3de3a7a69a0cd731119116f,GPU Compatibility OpenGL3 1920x1080 GTX1060,ralph/reports/VISUAL/phase2/stormwood/characters/stormwood__inventory__trainer__officer_nysa_deepwood_rod.jpg,18,contact_sheet_tile_320x180
stormwood__inventory__trainer__officer_nysa_deepwood_rod__defeated,stormwood,characters,Officer Nysa,stormwood__inventory__trainer__officer_nysa_deepwood_rod,main,day,calm,post,normal,ralph/reports/VISUAL/phase2/stormwood/contact_sheet_characters_04.jpg,godot --path . --rendering-driver opengl3 --resolution 1920x1080 --script tools/phase2_capture_defeated_dialogue.gd -- --biome=stormwood --subset=stormwood__inventory__trainer__officer_nysa_deepwood_rod --seed=2042 --output=res://ralph/reports/VISUAL/phase2/stormwood/repro/stormwood__inventory__trainer__officer_nysa_deepwood_rod__defeated,6b9165b9e040fc4cb3de3a7a69a0cd731119116f,GPU Compatibility OpenGL3 1920x1080 GTX1060,ralph/reports/VISUAL/phase2/stormwood/characters/stormwood__inventory__trainer__officer_nysa_deepwood_rod__defeated.jpg,19,contact_sheet_tile_320x180
stormwood__inventory__trainer__officer_nysa_deepwood_rod__defeated__dialogue,stormwood,characters,Officer Nysa,stormwood__inventory__trainer__officer_nysa_deepwood_rod__defeated__dialogue,main,day,calm,dialogue,ui,ralph/reports/VISUAL/phase2/stormwood/contact_sheet_characters_04.jpg,godot --path . --rendering-driver opengl3 --resolution 1920x1080 --script tools/phase2_capture_defeated_dialogue.gd -- --biome=stormwood --subset=stormwood__inventory__trainer__officer_nysa_deepwood_rod --seed=2042 --output=res://ralph/reports/VISUAL/phase2/stormwood/repro/stormwood__inventory__trainer__officer_nysa_deepwood_rod__defeated__dialogue,6b9165b9e040fc4cb3de3a7a69a0cd731119116f,GPU Compatibility OpenGL3 1920x1080 GTX1060,ralph/reports/VISUAL/phase2/stormwood/characters/stormwood__inventory__trainer__officer_nysa_deepwood_rod__defeated__dialogue.jpg,20,contact_sheet_tile_320x180
stormwood__inventory__trainer__officer_nysa_deepwood_rod__dialogue,stormwood,characters,Officer Nysa,stormwood__inventory__trainer__officer_nysa_deepwood_rod__dialogue,main,day,calm,dialogue,ui,ralph/reports/VISUAL/phase2/stormwood/contact_sheet_characters_04.jpg,godot --path . --rendering-driver opengl3 --resolution 1920x1080 --script tools/phase2_capture_dialogue.gd -- --biome=stormwood --subset=stormwood__inventory__trainer__officer_nysa_deepwood_rod --seed=2042 --output=res://ralph/reports/VISUAL/phase2/stormwood/repro/stormwood__inventory__trainer__officer_nysa_deepwood_rod__dialogue,6b9165b9e040fc4cb3de3a7a69a0cd731119116f,GPU Compatibility OpenGL3 1920x1080 GTX1060,ralph/reports/VISUAL/phase2/stormwood/characters/stormwood__inventory__trainer__officer_nysa_deepwood_rod__dialogue.jpg,21,contact_sheet_tile_320x180
stormwood__inventory__trainer__outerworks_lieutenant_sera,stormwood,characters,Lieutenant Sera,stormwood__inventory__trainer__outerworks_lieutenant_sera,main,day,calm,post,normal,ralph/reports/VISUAL/phase2/stormwood/contact_sheet_characters_04.jpg,godot --path . --rendering-driver opengl3 --resolution 1920x1080 --script tools/phase2_capture_dialogue.gd -- --biome=stormwood --subset=stormwood__inventory__trainer__outerworks_lieutenant_sera --seed=2042 --output=res://ralph/reports/VISUAL/phase2/stormwood/repro/stormwood__inventory__trainer__outerworks_lieutenant_sera,6b9165b9e040fc4cb3de3a7a69a0cd731119116f,GPU Compatibility OpenGL3 1920x1080 GTX1060,ralph/reports/VISUAL/phase2/stormwood/characters/stormwood__inventory__trainer__outerworks_lieutenant_sera.jpg,22,contact_sheet_tile_320x180
stormwood__inventory__trainer__outerworks_lieutenant_sera__defeated,stormwood,characters,Lieutenant Sera,stormwood__inventory__trainer__outerworks_lieutenant_sera,main,day,calm,post,normal,ralph/reports/VISUAL/phase2/stormwood/contact_sheet_characters_04.jpg,godot --path . --rendering-driver opengl3 --resolution 1920x1080 --script tools/phase2_capture_defeated_dialogue.gd -- --biome=stormwood --subset=stormwood__inventory__trainer__outerworks_lieutenant_sera --seed=2042 --output=res://ralph/reports/VISUAL/phase2/stormwood/repro/stormwood__inventory__trainer__outerworks_lieutenant_sera__defeated,6b9165b9e040fc4cb3de3a7a69a0cd731119116f,GPU Compatibility OpenGL3 1920x1080 GTX1060,ralph/reports/VISUAL/phase2/stormwood/characters/stormwood__inventory__trainer__outerworks_lieutenant_sera__defeated.jpg,23,contact_sheet_tile_320x180
stormwood__inventory__trainer__outerworks_lieutenant_sera__defeated__dialogue,stormwood,characters,Lieutenant Sera,stormwood__inventory__trainer__outerworks_lieutenant_sera__defeated__dialogue,main,day,calm,dialogue,ui,ralph/reports/VISUAL/phase2/stormwood/contact_sheet_characters_05.jpg,godot --path . --rendering-driver opengl3 --resolution 1920x1080 --script tools/phase2_capture_defeated_dialogue.gd -- --biome=stormwood --subset=stormwood__inventory__trainer__outerworks_lieutenant_sera --seed=2042 --output=res://ralph/reports/VISUAL/phase2/stormwood/repro/stormwood__inventory__trainer__outerworks_lieutenant_sera__defeated__dialogue,6b9165b9e040fc4cb3de3a7a69a0cd731119116f,GPU Compatibility OpenGL3 1920x1080 GTX1060,ralph/reports/VISUAL/phase2/stormwood/characters/stormwood__inventory__trainer__outerworks_lieutenant_sera__defeated__dialogue.jpg,0,contact_sheet_tile_320x180
stormwood__inventory__trainer__outerworks_lieutenant_sera__dialogue,stormwood,characters,Lieutenant Sera,stormwood__inventory__trainer__outerworks_lieutenant_sera__dialogue,main,day,calm,dialogue,ui,ralph/reports/VISUAL/phase2/stormwood/contact_sheet_characters_05.jpg,godot --path . --rendering-driver opengl3 --resolution 1920x1080 --script tools/phase2_capture_dialogue.gd -- --biome=stormwood --subset=stormwood__inventory__trainer__outerworks_lieutenant_sera --seed=2042 --output=res://ralph/reports/VISUAL/phase2/stormwood/repro/stormwood__inventory__trainer__outerworks_lieutenant_sera__dialogue,6b9165b9e040fc4cb3de3a7a69a0cd731119116f,GPU Compatibility OpenGL3 1920x1080 GTX1060,ralph/reports/VISUAL/phase2/stormwood/characters/stormwood__inventory__trainer__outerworks_lieutenant_sera__dialogue.jpg,1,contact_sheet_tile_320x180
stormwood__inventory__trainer__ranger_pax_sentinel,stormwood,characters,Ranger Pax,stormwood__inventory__trainer__ranger_pax_sentinel,main,day,calm,post,normal,ralph/reports/VISUAL/phase2/stormwood/contact_sheet_characters_05.jpg,godot --path . --rendering-driver opengl3 --resolution 1920x1080 --script tools/phase2_capture_dialogue.gd -- --biome=stormwood --subset=stormwood__inventory__trainer__ranger_pax_sentinel --seed=2042 --output=res://ralph/reports/VISUAL/phase2/stormwood/repro/stormwood__inventory__trainer__ranger_pax_sentinel,6b9165b9e040fc4cb3de3a7a69a0cd731119116f,GPU Compatibility OpenGL3 1920x1080 GTX1060,ralph/reports/VISUAL/phase2/stormwood/characters/stormwood__inventory__trainer__ranger_pax_sentinel.jpg,2,contact_sheet_tile_320x180
stormwood__inventory__trainer__ranger_pax_sentinel__defeated,stormwood,characters,Ranger Pax,stormwood__inventory__trainer__ranger_pax_sentinel,main,day,calm,post,normal,ralph/reports/VISUAL/phase2/stormwood/contact_sheet_characters_05.jpg,godot --path . --rendering-driver opengl3 --resolution 1920x1080 --script tools/phase2_capture_defeated_dialogue.gd -- --biome=stormwood --subset=stormwood__inventory__trainer__ranger_pax_sentinel --seed=2042 --output=res://ralph/reports/VISUAL/phase2/stormwood/repro/stormwood__inventory__trainer__ranger_pax_sentinel__defeated,6b9165b9e040fc4cb3de3a7a69a0cd731119116f,GPU Compatibility OpenGL3 1920x1080 GTX1060,ralph/reports/VISUAL/phase2/stormwood/characters/stormwood__inventory__trainer__ranger_pax_sentinel__defeated.jpg,3,contact_sheet_tile_320x180
stormwood__inventory__trainer__ranger_pax_sentinel__defeated__dialogue,stormwood,characters,Ranger Pax,stormwood__inventory__trainer__ranger_pax_sentinel__defeated__dialogue,main,day,calm,dialogue,ui,ralph/reports/VISUAL/phase2/stormwood/contact_sheet_characters_05.jpg,godot --path . --rendering-driver opengl3 --resolution 1920x1080 --script tools/phase2_capture_defeated_dialogue.gd -- --biome=stormwood --subset=stormwood__inventory__trainer__ranger_pax_sentinel --seed=2042 --output=res://ralph/reports/VISUAL/phase2/stormwood/repro/stormwood__inventory__trainer__ranger_pax_sentinel__defeated__dialogue,6b9165b9e040fc4cb3de3a7a69a0cd731119116f,GPU Compatibility OpenGL3 1920x1080 GTX1060,ralph/reports/VISUAL/phase2/stormwood/characters/stormwood__inventory__trainer__ranger_pax_sentinel__defeated__dialogue.jpg,4,contact_sheet_tile_320x180
stormwood__inventory__trainer__ranger_pax_sentinel__dialogue,stormwood,characters,Ranger Pax,stormwood__inventory__trainer__ranger_pax_sentinel__dialogue,main,day,calm,dialogue,ui,ralph/reports/VISUAL/phase2/stormwood/contact_sheet_characters_05.jpg,godot --path . --rendering-driver opengl3 --resolution 1920x1080 --script tools/phase2_capture_dialogue.gd -- --biome=stormwood --subset=stormwood__inventory__trainer__ranger_pax_sentinel --seed=2042 --output=res://ralph/reports/VISUAL/phase2/stormwood/repro/stormwood__inventory__trainer__ranger_pax_sentinel__dialogue,6b9165b9e040fc4cb3de3a7a69a0cd731119116f,GPU Compatibility OpenGL3 1920x1080 GTX1060,ralph/reports/VISUAL/phase2/stormwood/characters/stormwood__inventory__trainer__ranger_pax_sentinel__dialogue.jpg,5,contact_sheet_tile_320x180
stormwood__inventory__trainer__rodfolk_guard_bram,stormwood,characters,Bram,stormwood__inventory__trainer__rodfolk_guard_bram,main,day,calm,post,normal,ralph/reports/VISUAL/phase2/stormwood/contact_sheet_characters_05.jpg,godot --path . --rendering-driver opengl3 --resolution 1920x1080 --script tools/phase2_capture_dialogue.gd -- --biome=stormwood --subset=stormwood__inventory__trainer__rodfolk_guard_bram --seed=2042 --output=res://ralph/reports/VISUAL/phase2/stormwood/repro/stormwood__inventory__trainer__rodfolk_guard_bram,6b9165b9e040fc4cb3de3a7a69a0cd731119116f,GPU Compatibility OpenGL3 1920x1080 GTX1060,ralph/reports/VISUAL/phase2/stormwood/characters/stormwood__inventory__trainer__rodfolk_guard_bram.jpg,6,contact_sheet_tile_320x180
stormwood__inventory__trainer__rodfolk_guard_bram__defeated,stormwood,characters,Bram,stormwood__inventory__trainer__rodfolk_guard_bram,main,day,calm,post,normal,ralph/reports/VISUAL/phase2/stormwood/contact_sheet_characters_05.jpg,godot --path . --rendering-driver opengl3 --resolution 1920x1080 --script tools/phase2_capture_defeated_dialogue.gd -- --biome=stormwood --subset=stormwood__inventory__trainer__rodfolk_guard_bram --seed=2042 --output=res://ralph/reports/VISUAL/phase2/stormwood/repro/stormwood__inventory__trainer__rodfolk_guard_bram__defeated,6b9165b9e040fc4cb3de3a7a69a0cd731119116f,GPU Compatibility OpenGL3 1920x1080 GTX1060,ralph/reports/VISUAL/phase2/stormwood/characters/stormwood__inventory__trainer__rodfolk_guard_bram__defeated.jpg,7,contact_sheet_tile_320x180
stormwood__inventory__trainer__rodfolk_guard_bram__defeated__dialogue,stormwood,characters,Bram,stormwood__inventory__trainer__rodfolk_guard_bram__defeated__dialogue,main,day,calm,dialogue,ui,ralph/reports/VISUAL/phase2/stormwood/contact_sheet_characters_05.jpg,godot --path . --rendering-driver opengl3 --resolution 1920x1080 --script tools/phase2_capture_defeated_dialogue.gd -- --biome=stormwood --subset=stormwood__inventory__trainer__rodfolk_guard_bram --seed=2042 --output=res://ralph/reports/VISUAL/phase2/stormwood/repro/stormwood__inventory__trainer__rodfolk_guard_bram__defeated__dialogue,6b9165b9e040fc4cb3de3a7a69a0cd731119116f,GPU Compatibility OpenGL3 1920x1080 GTX1060,ralph/reports/VISUAL/phase2/stormwood/characters/stormwood__inventory__trainer__rodfolk_guard_bram__defeated__dialogue.jpg,8,contact_sheet_tile_320x180
stormwood__inventory__trainer__rodfolk_guard_bram__dialogue,stormwood,characters,Bram,stormwood__inventory__trainer__rodfolk_guard_bram__dialogue,main,day,calm,dialogue,ui,ralph/reports/VISUAL/phase2/stormwood/contact_sheet_characters_05.jpg,godot --path . --rendering-driver opengl3 --resolution 1920x1080 --script tools/phase2_capture_dialogue.gd -- --biome=stormwood --subset=stormwood__inventory__trainer__rodfolk_guard_bram --seed=2042 --output=res://ralph/reports/VISUAL/phase2/stormwood/repro/stormwood__inventory__trainer__rodfolk_guard_bram__dialogue,6b9165b9e040fc4cb3de3a7a69a0cd731119116f,GPU Compatibility OpenGL3 1920x1080 GTX1060,ralph/reports/VISUAL/phase2/stormwood/characters/stormwood__inventory__trainer__rodfolk_guard_bram__dialogue.jpg,9,contact_sheet_tile_320x180
stormwood__inventory__trainer__rodfolk_pathfinder_elin,stormwood,characters,Elin,stormwood__inventory__trainer__rodfolk_pathfinder_elin,main,day,calm,post,normal,ralph/reports/VISUAL/phase2/stormwood/contact_sheet_characters_05.jpg,godot --path . --rendering-driver opengl3 --resolution 1920x1080 --script tools/phase2_capture_dialogue.gd -- --biome=stormwood --subset=stormwood__inventory__trainer__rodfolk_pathfinder_elin --seed=2042 --output=res://ralph/reports/VISUAL/phase2/stormwood/repro/stormwood__inventory__trainer__rodfolk_pathfinder_elin,6b9165b9e040fc4cb3de3a7a69a0cd731119116f,GPU Compatibility OpenGL3 1920x1080 GTX1060,ralph/reports/VISUAL/phase2/stormwood/characters/stormwood__inventory__trainer__rodfolk_pathfinder_elin.jpg,10,contact_sheet_tile_320x180
stormwood__inventory__trainer__rodfolk_pathfinder_elin__defeated,stormwood,characters,Elin,stormwood__inventory__trainer__rodfolk_pathfinder_elin,main,day,calm,post,normal,ralph/reports/VISUAL/phase2/stormwood/contact_sheet_characters_05.jpg,godot --path . --rendering-driver opengl3 --resolution 1920x1080 --script tools/phase2_capture_defeated_dialogue.gd -- --biome=stormwood --subset=stormwood__inventory__trainer__rodfolk_pathfinder_elin --seed=2042 --output=res://ralph/reports/VISUAL/phase2/stormwood/repro/stormwood__inventory__trainer__rodfolk_pathfinder_elin__defeated,6b9165b9e040fc4cb3de3a7a69a0cd731119116f,GPU Compatibility OpenGL3 1920x1080 GTX1060,ralph/reports/VISUAL/phase2/stormwood/characters/stormwood__inventory__trainer__rodfolk_pathfinder_elin__defeated.jpg,11,contact_sheet_tile_320x180
stormwood__inventory__trainer__rodfolk_pathfinder_elin__defeated__dialogue,stormwood,characters,Elin,stormwood__inventory__trainer__rodfolk_pathfinder_elin__defeated__dialogue,main,day,calm,dialogue,ui,ralph/reports/VISUAL/phase2/stormwood/contact_sheet_characters_05.jpg,godot --path . --rendering-driver opengl3 --resolution 1920x1080 --script tools/phase2_capture_defeated_dialogue.gd -- --biome=stormwood --subset=stormwood__inventory__trainer__rodfolk_pathfinder_elin --seed=2042 --output=res://ralph/reports/VISUAL/phase2/stormwood/repro/stormwood__inventory__trainer__rodfolk_pathfinder_elin__defeated__dialogue,6b9165b9e040fc4cb3de3a7a69a0cd731119116f,GPU Compatibility OpenGL3 1920x1080 GTX1060,ralph/reports/VISUAL/phase2/stormwood/characters/stormwood__inventory__trainer__rodfolk_pathfinder_elin__defeated__dialogue.jpg,12,contact_sheet_tile_320x180
stormwood__inventory__trainer__rodfolk_pathfinder_elin__dialogue,stormwood,characters,Elin,stormwood__inventory__trainer__rodfolk_pathfinder_elin__dialogue,main,day,calm,dialogue,ui,ralph/reports/VISUAL/phase2/stormwood/contact_sheet_characters_05.jpg,godot --path . --rendering-driver opengl3 --resolution 1920x1080 --script tools/phase2_capture_dialogue.gd -- --biome=stormwood --subset=stormwood__inventory__trainer__rodfolk_pathfinder_elin --seed=2042 --output=res://ralph/reports/VISUAL/phase2/stormwood/repro/stormwood__inventory__trainer__rodfolk_pathfinder_elin__dialogue,6b9165b9e040fc4cb3de3a7a69a0cd731119116f,GPU Compatibility OpenGL3 1920x1080 GTX1060,ralph/reports/VISUAL/phase2/stormwood/characters/stormwood__inventory__trainer__rodfolk_pathfinder_elin__dialogue.jpg,13,contact_sheet_tile_320x180
stormwood__inventory__trainer__rodline_duelist_ren,stormwood,characters,Ren,stormwood__inventory__trainer__rodline_duelist_ren,main,day,calm,post,normal,ralph/reports/VISUAL/phase2/stormwood/contact_sheet_characters_05.jpg,godot --path . --rendering-driver opengl3 --resolution 1920x1080 --script tools/phase2_capture_dialogue.gd -- --biome=stormwood --subset=stormwood__inventory__trainer__rodline_duelist_ren --seed=2042 --output=res://ralph/reports/VISUAL/phase2/stormwood/repro/stormwood__inventory__trainer__rodline_duelist_ren,6b9165b9e040fc4cb3de3a7a69a0cd731119116f,GPU Compatibility OpenGL3 1920x1080 GTX1060,ralph/reports/VISUAL/phase2/stormwood/characters/stormwood__inventory__trainer__rodline_duelist_ren.jpg,14,contact_sheet_tile_320x180
stormwood__inventory__trainer__rodline_duelist_ren__defeated,stormwood,characters,Ren,stormwood__inventory__trainer__rodline_duelist_ren,main,day,calm,post,normal,ralph/reports/VISUAL/phase2/stormwood/contact_sheet_characters_05.jpg,godot --path . --rendering-driver opengl3 --resolution 1920x1080 --script tools/phase2_capture_defeated_dialogue.gd -- --biome=stormwood --subset=stormwood__inventory__trainer__rodline_duelist_ren --seed=2042 --output=res://ralph/reports/VISUAL/phase2/stormwood/repro/stormwood__inventory__trainer__rodline_duelist_ren__defeated,6b9165b9e040fc4cb3de3a7a69a0cd731119116f,GPU Compatibility OpenGL3 1920x1080 GTX1060,ralph/reports/VISUAL/phase2/stormwood/characters/stormwood__inventory__trainer__rodline_duelist_ren__defeated.jpg,15,contact_sheet_tile_320x180
stormwood__inventory__trainer__rodline_duelist_ren__defeated__dialogue,stormwood,characters,Ren,stormwood__inventory__trainer__rodline_duelist_ren__defeated__dialogue,main,day,calm,dialogue,ui,ralph/reports/VISUAL/phase2/stormwood/contact_sheet_characters_05.jpg,godot --path . --rendering-driver opengl3 --resolution 1920x1080 --script tools/phase2_capture_defeated_dialogue.gd -- --biome=stormwood --subset=stormwood__inventory__trainer__rodline_duelist_ren --seed=2042 --output=res://ralph/reports/VISUAL/phase2/stormwood/repro/stormwood__inventory__trainer__rodline_duelist_ren__defeated__dialogue,6b9165b9e040fc4cb3de3a7a69a0cd731119116f,GPU Compatibility OpenGL3 1920x1080 GTX1060,ralph/reports/VISUAL/phase2/stormwood/characters/stormwood__inventory__trainer__rodline_duelist_ren__defeated__dialogue.jpg,16,contact_sheet_tile_320x180
stormwood__inventory__trainer__rodline_duelist_ren__dialogue,stormwood,characters,Ren,stormwood__inventory__trainer__rodline_duelist_ren__dialogue,main,day,calm,dialogue,ui,ralph/reports/VISUAL/phase2/stormwood/contact_sheet_characters_05.jpg,godot --path . --rendering-driver opengl3 --resolution 1920x1080 --script tools/phase2_capture_dialogue.gd -- --biome=stormwood --subset=stormwood__inventory__trainer__rodline_duelist_ren --seed=2042 --output=res://ralph/reports/VISUAL/phase2/stormwood/repro/stormwood__inventory__trainer__rodline_duelist_ren__dialogue,6b9165b9e040fc4cb3de3a7a69a0cd731119116f,GPU Compatibility OpenGL3 1920x1080 GTX1060,ralph/reports/VISUAL/phase2/stormwood/characters/stormwood__inventory__trainer__rodline_duelist_ren__dialogue.jpg,17,contact_sheet_tile_320x180
stormwood__inventory__trainer__rodline_keeper_fenn,stormwood,characters,Fenn,stormwood__inventory__trainer__rodline_keeper_fenn,main,day,calm,post,normal,ralph/reports/VISUAL/phase2/stormwood/contact_sheet_characters_05.jpg,godot --path . --rendering-driver opengl3 --resolution 1920x1080 --script tools/phase2_capture_dialogue.gd -- --biome=stormwood --subset=stormwood__inventory__trainer__rodline_keeper_fenn --seed=2042 --output=res://ralph/reports/VISUAL/phase2/stormwood/repro/stormwood__inventory__trainer__rodline_keeper_fenn,6b9165b9e040fc4cb3de3a7a69a0cd731119116f,GPU Compatibility OpenGL3 1920x1080 GTX1060,ralph/reports/VISUAL/phase2/stormwood/characters/stormwood__inventory__trainer__rodline_keeper_fenn.jpg,18,contact_sheet_tile_320x180
stormwood__inventory__trainer__rodline_keeper_fenn__defeated,stormwood,characters,Fenn,stormwood__inventory__trainer__rodline_keeper_fenn,main,day,calm,post,normal,ralph/reports/VISUAL/phase2/stormwood/contact_sheet_characters_05.jpg,godot --path . --rendering-driver opengl3 --resolution 1920x1080 --script tools/phase2_capture_defeated_dialogue.gd -- --biome=stormwood --subset=stormwood__inventory__trainer__rodline_keeper_fenn --seed=2042 --output=res://ralph/reports/VISUAL/phase2/stormwood/repro/stormwood__inventory__trainer__rodline_keeper_fenn__defeated,6b9165b9e040fc4cb3de3a7a69a0cd731119116f,GPU Compatibility OpenGL3 1920x1080 GTX1060,ralph/reports/VISUAL/phase2/stormwood/characters/stormwood__inventory__trainer__rodline_keeper_fenn__defeated.jpg,19,contact_sheet_tile_320x180
stormwood__inventory__trainer__rodline_keeper_fenn__defeated__dialogue,stormwood,characters,Fenn,stormwood__inventory__trainer__rodline_keeper_fenn__defeated__dialogue,main,day,calm,dialogue,ui,ralph/reports/VISUAL/phase2/stormwood/contact_sheet_characters_05.jpg,godot --path . --rendering-driver opengl3 --resolution 1920x1080 --script tools/phase2_capture_defeated_dialogue.gd -- --biome=stormwood --subset=stormwood__inventory__trainer__rodline_keeper_fenn --seed=2042 --output=res://ralph/reports/VISUAL/phase2/stormwood/repro/stormwood__inventory__trainer__rodline_keeper_fenn__defeated__dialogue,6b9165b9e040fc4cb3de3a7a69a0cd731119116f,GPU Compatibility OpenGL3 1920x1080 GTX1060,ralph/reports/VISUAL/phase2/stormwood/characters/stormwood__inventory__trainer__rodline_keeper_fenn__defeated__dialogue.jpg,20,contact_sheet_tile_320x180
stormwood__inventory__trainer__rodline_keeper_fenn__dialogue,stormwood,characters,Fenn,stormwood__inventory__trainer__rodline_keeper_fenn__dialogue,main,day,calm,dialogue,ui,ralph/reports/VISUAL/phase2/stormwood/contact_sheet_characters_05.jpg,godot --path . --rendering-driver opengl3 --resolution 1920x1080 --script tools/phase2_capture_dialogue.gd -- --biome=stormwood --subset=stormwood__inventory__trainer__rodline_keeper_fenn --seed=2042 --output=res://ralph/reports/VISUAL/phase2/stormwood/repro/stormwood__inventory__trainer__rodline_keeper_fenn__dialogue,6b9165b9e040fc4cb3de3a7a69a0cd731119116f,GPU Compatibility OpenGL3 1920x1080 GTX1060,ralph/reports/VISUAL/phase2/stormwood/characters/stormwood__inventory__trainer__rodline_keeper_fenn__dialogue.jpg,21,contact_sheet_tile_320x180
stormwood__inventory__trainer__rodline_scout_kael,stormwood,characters,Kael,stormwood__inventory__trainer__rodline_scout_kael,main,day,calm,post,normal,ralph/reports/VISUAL/phase2/stormwood/contact_sheet_characters_05.jpg,godot --path . --rendering-driver opengl3 --resolution 1920x1080 --script tools/phase2_capture_dialogue.gd -- --biome=stormwood --subset=stormwood__inventory__trainer__rodline_scout_kael --seed=2042 --output=res://ralph/reports/VISUAL/phase2/stormwood/repro/stormwood__inventory__trainer__rodline_scout_kael,6b9165b9e040fc4cb3de3a7a69a0cd731119116f,GPU Compatibility OpenGL3 1920x1080 GTX1060,ralph/reports/VISUAL/phase2/stormwood/characters/stormwood__inventory__trainer__rodline_scout_kael.jpg,22,contact_sheet_tile_320x180
stormwood__inventory__trainer__rodline_scout_kael__defeated,stormwood,characters,Kael,stormwood__inventory__trainer__rodline_scout_kael,main,day,calm,post,normal,ralph/reports/VISUAL/phase2/stormwood/contact_sheet_characters_05.jpg,godot --path . --rendering-driver opengl3 --resolution 1920x1080 --script tools/phase2_capture_defeated_dialogue.gd -- --biome=stormwood --subset=stormwood__inventory__trainer__rodline_scout_kael --seed=2042 --output=res://ralph/reports/VISUAL/phase2/stormwood/repro/stormwood__inventory__trainer__rodline_scout_kael__defeated,6b9165b9e040fc4cb3de3a7a69a0cd731119116f,GPU Compatibility OpenGL3 1920x1080 GTX1060,ralph/reports/VISUAL/phase2/stormwood/characters/stormwood__inventory__trainer__rodline_scout_kael__defeated.jpg,23,contact_sheet_tile_320x180
stormwood__inventory__trainer__rodline_scout_kael__defeated__dialogue,stormwood,characters,Kael,stormwood__inventory__trainer__rodline_scout_kael__defeated__dialogue,main,day,calm,dialogue,ui,ralph/reports/VISUAL/phase2/stormwood/contact_sheet_characters_06.jpg,godot --path . --rendering-driver opengl3 --resolution 1920x1080 --script tools/phase2_capture_defeated_dialogue.gd -- --biome=stormwood --subset=stormwood__inventory__trainer__rodline_scout_kael --seed=2042 --output=res://ralph/reports/VISUAL/phase2/stormwood/repro/stormwood__inventory__trainer__rodline_scout_kael__defeated__dialogue,6b9165b9e040fc4cb3de3a7a69a0cd731119116f,GPU Compatibility OpenGL3 1920x1080 GTX1060,ralph/reports/VISUAL/phase2/stormwood/characters/stormwood__inventory__trainer__rodline_scout_kael__defeated__dialogue.jpg,0,contact_sheet_tile_320x180
stormwood__inventory__trainer__rodline_scout_kael__dialogue,stormwood,characters,Kael,stormwood__inventory__trainer__rodline_scout_kael__dialogue,main,day,calm,dialogue,ui,ralph/reports/VISUAL/phase2/stormwood/contact_sheet_characters_06.jpg,godot --path . --rendering-driver opengl3 --resolution 1920x1080 --script tools/phase2_capture_dialogue.gd -- --biome=stormwood --subset=stormwood__inventory__trainer__rodline_scout_kael --seed=2042 --output=res://ralph/reports/VISUAL/phase2/stormwood/repro/stormwood__inventory__trainer__rodline_scout_kael__dialogue,6b9165b9e040fc4cb3de3a7a69a0cd731119116f,GPU Compatibility OpenGL3 1920x1080 GTX1060,ralph/reports/VISUAL/phase2/stormwood/characters/stormwood__inventory__trainer__rodline_scout_kael__dialogue.jpg,1,contact_sheet_tile_320x180
stormwood__inventory__trainer__rook_circuit_lantern,stormwood,characters,Rook,stormwood__inventory__trainer__rook_circuit_lantern,main,day,calm,post,normal,ralph/reports/VISUAL/phase2/stormwood/contact_sheet_characters_06.jpg,godot --path . --rendering-driver opengl3 --resolution 1920x1080 --script tools/phase2_capture_dialogue.gd -- --biome=stormwood --subset=stormwood__inventory__trainer__rook_circuit_lantern --seed=2042 --output=res://ralph/reports/VISUAL/phase2/stormwood/repro/stormwood__inventory__trainer__rook_circuit_lantern,6b9165b9e040fc4cb3de3a7a69a0cd731119116f,GPU Compatibility OpenGL3 1920x1080 GTX1060,ralph/reports/VISUAL/phase2/stormwood/characters/stormwood__inventory__trainer__rook_circuit_lantern.jpg,2,contact_sheet_tile_320x180
stormwood__inventory__trainer__rook_circuit_lantern__defeated,stormwood,characters,Rook,stormwood__inventory__trainer__rook_circuit_lantern,main,day,calm,post,normal,ralph/reports/VISUAL/phase2/stormwood/contact_sheet_characters_06.jpg,godot --path . --rendering-driver opengl3 --resolution 1920x1080 --script tools/phase2_capture_defeated_dialogue.gd -- --biome=stormwood --subset=stormwood__inventory__trainer__rook_circuit_lantern --seed=2042 --output=res://ralph/reports/VISUAL/phase2/stormwood/repro/stormwood__inventory__trainer__rook_circuit_lantern__defeated,6b9165b9e040fc4cb3de3a7a69a0cd731119116f,GPU Compatibility OpenGL3 1920x1080 GTX1060,ralph/reports/VISUAL/phase2/stormwood/characters/stormwood__inventory__trainer__rook_circuit_lantern__defeated.jpg,3,contact_sheet_tile_320x180
stormwood__inventory__trainer__rook_circuit_lantern__defeated__dialogue,stormwood,characters,Rook,stormwood__inventory__trainer__rook_circuit_lantern__defeated__dialogue,main,day,calm,dialogue,ui,ralph/reports/VISUAL/phase2/stormwood/contact_sheet_characters_06.jpg,godot --path . --rendering-driver opengl3 --resolution 1920x1080 --script tools/phase2_capture_defeated_dialogue.gd -- --biome=stormwood --subset=stormwood__inventory__trainer__rook_circuit_lantern --seed=2042 --output=res://ralph/reports/VISUAL/phase2/stormwood/repro/stormwood__inventory__trainer__rook_circuit_lantern__defeated__dialogue,6b9165b9e040fc4cb3de3a7a69a0cd731119116f,GPU Compatibility OpenGL3 1920x1080 GTX1060,ralph/reports/VISUAL/phase2/stormwood/characters/stormwood__inventory__trainer__rook_circuit_lantern__defeated__dialogue.jpg,4,contact_sheet_tile_320x180
stormwood__inventory__trainer__rook_circuit_lantern__dialogue,stormwood,characters,Rook,stormwood__inventory__trainer__rook_circuit_lantern__dialogue,main,day,calm,dialogue,ui,ralph/reports/VISUAL/phase2/stormwood/contact_sheet_characters_06.jpg,godot --path . --rendering-driver opengl3 --resolution 1920x1080 --script tools/phase2_capture_dialogue.gd -- --biome=stormwood --subset=stormwood__inventory__trainer__rook_circuit_lantern --seed=2042 --output=res://ralph/reports/VISUAL/phase2/stormwood/repro/stormwood__inventory__trainer__rook_circuit_lantern__dialogue,6b9165b9e040fc4cb3de3a7a69a0cd731119116f,GPU Compatibility OpenGL3 1920x1080 GTX1060,ralph/reports/VISUAL/phase2/stormwood/characters/stormwood__inventory__trainer__rook_circuit_lantern__dialogue.jpg,5,contact_sheet_tile_320x180
stormwood__inventory__trainer__tamsin_ash_ring,stormwood,characters,Tamsin's Ash Ring,stormwood__inventory__trainer__tamsin_ash_ring,main,day,calm,post,normal,ralph/reports/VISUAL/phase2/stormwood/contact_sheet_characters_06.jpg,godot --path . --rendering-driver opengl3 --resolution 1920x1080 --script tools/phase2_capture_dialogue.gd -- --biome=stormwood --subset=stormwood__inventory__trainer__tamsin_ash_ring --seed=2042 --output=res://ralph/reports/VISUAL/phase2/stormwood/repro/stormwood__inventory__trainer__tamsin_ash_ring,6b9165b9e040fc4cb3de3a7a69a0cd731119116f,GPU Compatibility OpenGL3 1920x1080 GTX1060,ralph/reports/VISUAL/phase2/stormwood/characters/stormwood__inventory__trainer__tamsin_ash_ring.jpg,6,contact_sheet_tile_320x180
stormwood__inventory__trainer__tamsin_ash_ring__defeated,stormwood,characters,Tamsin's Ash Ring,stormwood__inventory__trainer__tamsin_ash_ring,main,day,calm,post,normal,ralph/reports/VISUAL/phase2/stormwood/contact_sheet_characters_06.jpg,godot --path . --rendering-driver opengl3 --resolution 1920x1080 --script tools/phase2_capture_defeated_dialogue.gd -- --biome=stormwood --subset=stormwood__inventory__trainer__tamsin_ash_ring --seed=2042 --output=res://ralph/reports/VISUAL/phase2/stormwood/repro/stormwood__inventory__trainer__tamsin_ash_ring__defeated,6b9165b9e040fc4cb3de3a7a69a0cd731119116f,GPU Compatibility OpenGL3 1920x1080 GTX1060,ralph/reports/VISUAL/phase2/stormwood/characters/stormwood__inventory__trainer__tamsin_ash_ring__defeated.jpg,7,contact_sheet_tile_320x180
stormwood__inventory__trainer__tamsin_ash_ring__defeated__dialogue,stormwood,characters,Tamsin's Ash Ring,stormwood__inventory__trainer__tamsin_ash_ring__defeated__dialogue,main,day,calm,dialogue,ui,ralph/reports/VISUAL/phase2/stormwood/contact_sheet_characters_06.jpg,godot --path . --rendering-driver opengl3 --resolution 1920x1080 --script tools/phase2_capture_defeated_dialogue.gd -- --biome=stormwood --subset=stormwood__inventory__trainer__tamsin_ash_ring --seed=2042 --output=res://ralph/reports/VISUAL/phase2/stormwood/repro/stormwood__inventory__trainer__tamsin_ash_ring__defeated__dialogue,6b9165b9e040fc4cb3de3a7a69a0cd731119116f,GPU Compatibility OpenGL3 1920x1080 GTX1060,ralph/reports/VISUAL/phase2/stormwood/characters/stormwood__inventory__trainer__tamsin_ash_ring__defeated__dialogue.jpg,8,contact_sheet_tile_320x180
stormwood__inventory__trainer__tamsin_ash_ring__dialogue,stormwood,characters,Tamsin's Ash Ring,stormwood__inventory__trainer__tamsin_ash_ring__dialogue,main,day,calm,dialogue,ui,ralph/reports/VISUAL/phase2/stormwood/contact_sheet_characters_06.jpg,godot --path . --rendering-driver opengl3 --resolution 1920x1080 --script tools/phase2_capture_dialogue.gd -- --biome=stormwood --subset=stormwood__inventory__trainer__tamsin_ash_ring --seed=2042 --output=res://ralph/reports/VISUAL/phase2/stormwood/repro/stormwood__inventory__trainer__tamsin_ash_ring__dialogue,6b9165b9e040fc4cb3de3a7a69a0cd731119116f,GPU Compatibility OpenGL3 1920x1080 GTX1060,ralph/reports/VISUAL/phase2/stormwood/characters/stormwood__inventory__trainer__tamsin_ash_ring__dialogue.jpg,9,contact_sheet_tile_320x180
stormwood__inventory__trainer__tamsin_surge_lesson,stormwood,characters,Tamsin,stormwood__inventory__trainer__tamsin_surge_lesson,main,day,calm,post,normal,ralph/reports/VISUAL/phase2/stormwood/contact_sheet_characters_06.jpg,godot --path . --rendering-driver opengl3 --resolution 1920x1080 --script tools/phase2_capture_dialogue.gd -- --biome=stormwood --subset=stormwood__inventory__trainer__tamsin_surge_lesson --seed=2042 --output=res://ralph/reports/VISUAL/phase2/stormwood/repro/stormwood__inventory__trainer__tamsin_surge_lesson,6b9165b9e040fc4cb3de3a7a69a0cd731119116f,GPU Compatibility OpenGL3 1920x1080 GTX1060,ralph/reports/VISUAL/phase2/stormwood/characters/stormwood__inventory__trainer__tamsin_surge_lesson.jpg,10,contact_sheet_tile_320x180
stormwood__inventory__trainer__tamsin_surge_lesson__defeated,stormwood,characters,Tamsin,stormwood__inventory__trainer__tamsin_surge_lesson,main,day,calm,post,normal,ralph/reports/VISUAL/phase2/stormwood/contact_sheet_characters_06.jpg,godot --path . --rendering-driver opengl3 --resolution 1920x1080 --script tools/phase2_capture_defeated_dialogue.gd -- --biome=stormwood --subset=stormwood__inventory__trainer__tamsin_surge_lesson --seed=2042 --output=res://ralph/reports/VISUAL/phase2/stormwood/repro/stormwood__inventory__trainer__tamsin_surge_lesson__defeated,6b9165b9e040fc4cb3de3a7a69a0cd731119116f,GPU Compatibility OpenGL3 1920x1080 GTX1060,ralph/reports/VISUAL/phase2/stormwood/characters/stormwood__inventory__trainer__tamsin_surge_lesson__defeated.jpg,11,contact_sheet_tile_320x180
stormwood__inventory__trainer__tamsin_surge_lesson__defeated__dialogue,stormwood,characters,Tamsin,stormwood__inventory__trainer__tamsin_surge_lesson__defeated__dialogue,main,day,calm,dialogue,ui,ralph/reports/VISUAL/phase2/stormwood/contact_sheet_characters_06.jpg,godot --path . --rendering-driver opengl3 --resolution 1920x1080 --script tools/phase2_capture_defeated_dialogue.gd -- --biome=stormwood --subset=stormwood__inventory__trainer__tamsin_surge_lesson --seed=2042 --output=res://ralph/reports/VISUAL/phase2/stormwood/repro/stormwood__inventory__trainer__tamsin_surge_lesson__defeated__dialogue,6b9165b9e040fc4cb3de3a7a69a0cd731119116f,GPU Compatibility OpenGL3 1920x1080 GTX1060,ralph/reports/VISUAL/phase2/stormwood/characters/stormwood__inventory__trainer__tamsin_surge_lesson__defeated__dialogue.jpg,12,contact_sheet_tile_320x180
stormwood__inventory__trainer__tamsin_surge_lesson__dialogue,stormwood,characters,Tamsin,stormwood__inventory__trainer__tamsin_surge_lesson__dialogue,main,day,calm,dialogue,ui,ralph/reports/VISUAL/phase2/stormwood/contact_sheet_characters_06.jpg,godot --path . --rendering-driver opengl3 --resolution 1920x1080 --script tools/phase2_capture_dialogue.gd -- --biome=stormwood --subset=stormwood__inventory__trainer__tamsin_surge_lesson --seed=2042 --output=res://ralph/reports/VISUAL/phase2/stormwood/repro/stormwood__inventory__trainer__tamsin_surge_lesson__dialogue,6b9165b9e040fc4cb3de3a7a69a0cd731119116f,GPU Compatibility OpenGL3 1920x1080 GTX1060,ralph/reports/VISUAL/phase2/stormwood/characters/stormwood__inventory__trainer__tamsin_surge_lesson__dialogue.jpg,13,contact_sheet_tile_320x180
stormwood__inventory__trainer__traveller_ivo_lantern_pools,stormwood,characters,Ivo,stormwood__inventory__trainer__traveller_ivo_lantern_pools,main,day,calm,post,normal,ralph/reports/VISUAL/phase2/stormwood/contact_sheet_characters_06.jpg,godot --path . --rendering-driver opengl3 --resolution 1920x1080 --script tools/phase2_capture_dialogue.gd -- --biome=stormwood --subset=stormwood__inventory__trainer__traveller_ivo_lantern_pools --seed=2042 --output=res://ralph/reports/VISUAL/phase2/stormwood/repro/stormwood__inventory__trainer__traveller_ivo_lantern_pools,6b9165b9e040fc4cb3de3a7a69a0cd731119116f,GPU Compatibility OpenGL3 1920x1080 GTX1060,ralph/reports/VISUAL/phase2/stormwood/characters/stormwood__inventory__trainer__traveller_ivo_lantern_pools.jpg,14,contact_sheet_tile_320x180
stormwood__inventory__trainer__traveller_ivo_lantern_pools__defeated,stormwood,characters,Ivo,stormwood__inventory__trainer__traveller_ivo_lantern_pools,main,day,calm,post,normal,ralph/reports/VISUAL/phase2/stormwood/contact_sheet_characters_06.jpg,godot --path . --rendering-driver opengl3 --resolution 1920x1080 --script tools/phase2_capture_defeated_dialogue.gd -- --biome=stormwood --subset=stormwood__inventory__trainer__traveller_ivo_lantern_pools --seed=2042 --output=res://ralph/reports/VISUAL/phase2/stormwood/repro/stormwood__inventory__trainer__traveller_ivo_lantern_pools__defeated,6b9165b9e040fc4cb3de3a7a69a0cd731119116f,GPU Compatibility OpenGL3 1920x1080 GTX1060,ralph/reports/VISUAL/phase2/stormwood/characters/stormwood__inventory__trainer__traveller_ivo_lantern_pools__defeated.jpg,15,contact_sheet_tile_320x180
stormwood__inventory__trainer__traveller_ivo_lantern_pools__defeated__dialogue,stormwood,characters,Ivo,stormwood__inventory__trainer__traveller_ivo_lantern_pools__defeated__dialogue,main,day,calm,dialogue,ui,ralph/reports/VISUAL/phase2/stormwood/contact_sheet_characters_06.jpg,godot --path . --rendering-driver opengl3 --resolution 1920x1080 --script tools/phase2_capture_defeated_dialogue.gd -- --biome=stormwood --subset=stormwood__inventory__trainer__traveller_ivo_lantern_pools --seed=2042 --output=res://ralph/reports/VISUAL/phase2/stormwood/repro/stormwood__inventory__trainer__traveller_ivo_lantern_pools__defeated__dialogue,6b9165b9e040fc4cb3de3a7a69a0cd731119116f,GPU Compatibility OpenGL3 1920x1080 GTX1060,ralph/reports/VISUAL/phase2/stormwood/characters/stormwood__inventory__trainer__traveller_ivo_lantern_pools__defeated__dialogue.jpg,16,contact_sheet_tile_320x180
stormwood__inventory__trainer__traveller_ivo_lantern_pools__dialogue,stormwood,characters,Ivo,stormwood__inventory__trainer__traveller_ivo_lantern_pools__dialogue,main,day,calm,dialogue,ui,ralph/reports/VISUAL/phase2/stormwood/contact_sheet_characters_06.jpg,godot --path . --rendering-driver opengl3 --resolution 1920x1080 --script tools/phase2_capture_dialogue.gd -- --biome=stormwood --subset=stormwood__inventory__trainer__traveller_ivo_lantern_pools --seed=2042 --output=res://ralph/reports/VISUAL/phase2/stormwood/repro/stormwood__inventory__trainer__traveller_ivo_lantern_pools__dialogue,6b9165b9e040fc4cb3de3a7a69a0cd731119116f,GPU Compatibility OpenGL3 1920x1080 GTX1060,ralph/reports/VISUAL/phase2/stormwood/characters/stormwood__inventory__trainer__traveller_ivo_lantern_pools__dialogue.jpg,17,contact_sheet_tile_320x180
stormwood__inventory__trainer__traveller_ivo_moss_detour,stormwood,characters,Ivo's Moss Detour,stormwood__inventory__trainer__traveller_ivo_moss_detour,main,day,calm,post,normal,ralph/reports/VISUAL/phase2/stormwood/contact_sheet_characters_06.jpg,godot --path . --rendering-driver opengl3 --resolution 1920x1080 --script tools/phase2_capture_dialogue.gd -- --biome=stormwood --subset=stormwood__inventory__trainer__traveller_ivo_moss_detour --seed=2042 --output=res://ralph/reports/VISUAL/phase2/stormwood/repro/stormwood__inventory__trainer__traveller_ivo_moss_detour,6b9165b9e040fc4cb3de3a7a69a0cd731119116f,GPU Compatibility OpenGL3 1920x1080 GTX1060,ralph/reports/VISUAL/phase2/stormwood/characters/stormwood__inventory__trainer__traveller_ivo_moss_detour.jpg,18,contact_sheet_tile_320x180
stormwood__inventory__trainer__traveller_ivo_moss_detour__defeated,stormwood,characters,Ivo's Moss Detour,stormwood__inventory__trainer__traveller_ivo_moss_detour,main,day,calm,post,normal,ralph/reports/VISUAL/phase2/stormwood/contact_sheet_characters_06.jpg,godot --path . --rendering-driver opengl3 --resolution 1920x1080 --script tools/phase2_capture_defeated_dialogue.gd -- --biome=stormwood --subset=stormwood__inventory__trainer__traveller_ivo_moss_detour --seed=2042 --output=res://ralph/reports/VISUAL/phase2/stormwood/repro/stormwood__inventory__trainer__traveller_ivo_moss_detour__defeated,6b9165b9e040fc4cb3de3a7a69a0cd731119116f,GPU Compatibility OpenGL3 1920x1080 GTX1060,ralph/reports/VISUAL/phase2/stormwood/characters/stormwood__inventory__trainer__traveller_ivo_moss_detour__defeated.jpg,19,contact_sheet_tile_320x180
stormwood__inventory__trainer__traveller_ivo_moss_detour__defeated__dialogue,stormwood,characters,Ivo's Moss Detour,stormwood__inventory__trainer__traveller_ivo_moss_detour__defeated__dialogue,main,day,calm,dialogue,ui,ralph/reports/VISUAL/phase2/stormwood/contact_sheet_characters_06.jpg,godot --path . --rendering-driver opengl3 --resolution 1920x1080 --script tools/phase2_capture_defeated_dialogue.gd -- --biome=stormwood --subset=stormwood__inventory__trainer__traveller_ivo_moss_detour --seed=2042 --output=res://ralph/reports/VISUAL/phase2/stormwood/repro/stormwood__inventory__trainer__traveller_ivo_moss_detour__defeated__dialogue,6b9165b9e040fc4cb3de3a7a69a0cd731119116f,GPU Compatibility OpenGL3 1920x1080 GTX1060,ralph/reports/VISUAL/phase2/stormwood/characters/stormwood__inventory__trainer__traveller_ivo_moss_detour__defeated__dialogue.jpg,20,contact_sheet_tile_320x180
stormwood__inventory__trainer__traveller_ivo_moss_detour__dialogue,stormwood,characters,Ivo's Moss Detour,stormwood__inventory__trainer__traveller_ivo_moss_detour__dialogue,main,day,calm,dialogue,ui,ralph/reports/VISUAL/phase2/stormwood/contact_sheet_characters_06.jpg,godot --path . --rendering-driver opengl3 --resolution 1920x1080 --script tools/phase2_capture_dialogue.gd -- --biome=stormwood --subset=stormwood__inventory__trainer__traveller_ivo_moss_detour --seed=2042 --output=res://ralph/reports/VISUAL/phase2/stormwood/repro/stormwood__inventory__trainer__traveller_ivo_moss_detour__dialogue,6b9165b9e040fc4cb3de3a7a69a0cd731119116f,GPU Compatibility OpenGL3 1920x1080 GTX1060,ralph/reports/VISUAL/phase2/stormwood/characters/stormwood__inventory__trainer__traveller_ivo_moss_detour__dialogue.jpg,21,contact_sheet_tile_320x180
stormwood__landmark__ashfoot_waycamp__day__approach,stormwood,named_locations,Ashfoot Waycamp,stormwood__landmark__ashfoot_waycamp,off,day,unmeasured,approach,normal,ralph/reports/VISUAL/phase2/stormwood/contact_sheet_named_locations_04.jpg,godot --path . --rendering-driver opengl3 --resolution 1920x1080 --script tools/phase2_capture_locations.gd -- --biome=stormwood --subset=stormwood__landmark__ashfoot_waycamp --times=day --views=approach --seed=2042 --output=res://ralph/reports/VISUAL/phase2/stormwood/repro/stormwood__landmark__ashfoot_waycamp__day__approach,99274a3cfa654d2a5a655a91635db736829f236a,native GPU Compatibility,ralph/reports/VISUAL/phase2/stormwood/locations/stormwood__landmark__ashfoot_waycamp__day__approach.jpg,0,contact_sheet_tile_320x180
stormwood__landmark__ashfoot_waycamp__day__close,stormwood,named_locations,Ashfoot Waycamp,stormwood__landmark__ashfoot_waycamp,off,day,unmeasured,close,close,ralph/reports/VISUAL/phase2/stormwood/contact_sheet_named_locations_04.jpg,godot --path . --rendering-driver opengl3 --resolution 1920x1080 --script tools/phase2_capture_locations.gd -- --biome=stormwood --subset=stormwood__landmark__ashfoot_waycamp --times=day --views=close --seed=2042 --output=res://ralph/reports/VISUAL/phase2/stormwood/repro/stormwood__landmark__ashfoot_waycamp__day__close,99274a3cfa654d2a5a655a91635db736829f236a,native GPU Compatibility,ralph/reports/VISUAL/phase2/stormwood/locations/stormwood__landmark__ashfoot_waycamp__day__close.jpg,1,contact_sheet_tile_320x180
stormwood__landmark__ashfoot_waycamp__golden__approach,stormwood,named_locations,Ashfoot Waycamp,stormwood__landmark__ashfoot_waycamp,off,dusk,unmeasured,approach,normal,ralph/reports/VISUAL/phase2/stormwood/contact_sheet_named_locations_04.jpg,godot --path . --rendering-driver opengl3 --resolution 1920x1080 --script tools/phase2_capture_locations.gd -- --biome=stormwood --subset=stormwood__landmark__ashfoot_waycamp --times=golden --views=approach --seed=2042 --output=res://ralph/reports/VISUAL/phase2/stormwood/repro/stormwood__landmark__ashfoot_waycamp__golden__approach,99274a3cfa654d2a5a655a91635db736829f236a,native GPU Compatibility,ralph/reports/VISUAL/phase2/stormwood/locations/stormwood__landmark__ashfoot_waycamp__golden__approach.jpg,2,contact_sheet_tile_320x180
stormwood__landmark__ashfoot_waycamp__golden__close,stormwood,named_locations,Ashfoot Waycamp,stormwood__landmark__ashfoot_waycamp,off,dusk,unmeasured,close,close,ralph/reports/VISUAL/phase2/stormwood/contact_sheet_named_locations_04.jpg,godot --path . --rendering-driver opengl3 --resolution 1920x1080 --script tools/phase2_capture_locations.gd -- --biome=stormwood --subset=stormwood__landmark__ashfoot_waycamp --times=golden --views=close --seed=2042 --output=res://ralph/reports/VISUAL/phase2/stormwood/repro/stormwood__landmark__ashfoot_waycamp__golden__close,99274a3cfa654d2a5a655a91635db736829f236a,native GPU Compatibility,ralph/reports/VISUAL/phase2/stormwood/locations/stormwood__landmark__ashfoot_waycamp__golden__close.jpg,3,contact_sheet_tile_320x180
stormwood__landmark__ashfoot_waycamp__night__approach,stormwood,named_locations,Ashfoot Waycamp,stormwood__landmark__ashfoot_waycamp,off,night,unmeasured,approach,normal,ralph/reports/VISUAL/phase2/stormwood/contact_sheet_named_locations_04.jpg,godot --path . --rendering-driver opengl3 --resolution 1920x1080 --script tools/phase2_capture_locations.gd -- --biome=stormwood --subset=stormwood__landmark__ashfoot_waycamp --times=night --views=approach --seed=2042 --output=res://ralph/reports/VISUAL/phase2/stormwood/repro/stormwood__landmark__ashfoot_waycamp__night__approach,99274a3cfa654d2a5a655a91635db736829f236a,native GPU Compatibility,ralph/reports/VISUAL/phase2/stormwood/locations/stormwood__landmark__ashfoot_waycamp__night__approach.jpg,4,contact_sheet_tile_320x180
stormwood__landmark__ashfoot_waycamp__night__close,stormwood,named_locations,Ashfoot Waycamp,stormwood__landmark__ashfoot_waycamp,off,night,unmeasured,close,close,ralph/reports/VISUAL/phase2/stormwood/contact_sheet_named_locations_04.jpg,godot --path . --rendering-driver opengl3 --resolution 1920x1080 --script tools/phase2_capture_locations.gd -- --biome=stormwood --subset=stormwood__landmark__ashfoot_waycamp --times=night --views=close --seed=2042 --output=res://ralph/reports/VISUAL/phase2/stormwood/repro/stormwood__landmark__ashfoot_waycamp__night__close,99274a3cfa654d2a5a655a91635db736829f236a,native GPU Compatibility,ralph/reports/VISUAL/phase2/stormwood/locations/stormwood__landmark__ashfoot_waycamp__night__close.jpg,5,contact_sheet_tile_320x180
stormwood__landmark__capacitor_grove__day__approach,stormwood,named_locations,The Capacitor Grove,stormwood__landmark__capacitor_grove,off,day,unmeasured,approach,normal,ralph/reports/VISUAL/phase2/stormwood/contact_sheet_named_locations_04.jpg,godot --path . --rendering-driver opengl3 --resolution 1920x1080 --script tools/phase2_capture_locations.gd -- --biome=stormwood --subset=stormwood__landmark__capacitor_grove --times=day --views=approach --seed=2042 --output=res://ralph/reports/VISUAL/phase2/stormwood/repro/stormwood__landmark__capacitor_grove__day__approach,99274a3cfa654d2a5a655a91635db736829f236a,native GPU Compatibility,ralph/reports/VISUAL/phase2/stormwood/locations/stormwood__landmark__capacitor_grove__day__approach.jpg,6,contact_sheet_tile_320x180
stormwood__landmark__capacitor_grove__day__close,stormwood,named_locations,The Capacitor Grove,stormwood__landmark__capacitor_grove,off,day,unmeasured,close,close,ralph/reports/VISUAL/phase2/stormwood/contact_sheet_named_locations_04.jpg,godot --path . --rendering-driver opengl3 --resolution 1920x1080 --script tools/phase2_capture_locations.gd -- --biome=stormwood --subset=stormwood__landmark__capacitor_grove --times=day --views=close --seed=2042 --output=res://ralph/reports/VISUAL/phase2/stormwood/repro/stormwood__landmark__capacitor_grove__day__close,99274a3cfa654d2a5a655a91635db736829f236a,native GPU Compatibility,ralph/reports/VISUAL/phase2/stormwood/locations/stormwood__landmark__capacitor_grove__day__close.jpg,7,contact_sheet_tile_320x180
stormwood__landmark__capacitor_grove__golden__approach,stormwood,named_locations,The Capacitor Grove,stormwood__landmark__capacitor_grove,off,dusk,unmeasured,approach,normal,ralph/reports/VISUAL/phase2/stormwood/contact_sheet_named_locations_04.jpg,godot --path . --rendering-driver opengl3 --resolution 1920x1080 --script tools/phase2_capture_locations.gd -- --biome=stormwood --subset=stormwood__landmark__capacitor_grove --times=golden --views=approach --seed=2042 --output=res://ralph/reports/VISUAL/phase2/stormwood/repro/stormwood__landmark__capacitor_grove__golden__approach,99274a3cfa654d2a5a655a91635db736829f236a,native GPU Compatibility,ralph/reports/VISUAL/phase2/stormwood/locations/stormwood__landmark__capacitor_grove__golden__approach.jpg,8,contact_sheet_tile_320x180
stormwood__landmark__capacitor_grove__golden__close,stormwood,named_locations,The Capacitor Grove,stormwood__landmark__capacitor_grove,off,dusk,unmeasured,close,close,ralph/reports/VISUAL/phase2/stormwood/contact_sheet_named_locations_04.jpg,godot --path . --rendering-driver opengl3 --resolution 1920x1080 --script tools/phase2_capture_locations.gd -- --biome=stormwood --subset=stormwood__landmark__capacitor_grove --times=golden --views=close --seed=2042 --output=res://ralph/reports/VISUAL/phase2/stormwood/repro/stormwood__landmark__capacitor_grove__golden__close,99274a3cfa654d2a5a655a91635db736829f236a,native GPU Compatibility,ralph/reports/VISUAL/phase2/stormwood/locations/stormwood__landmark__capacitor_grove__golden__close.jpg,9,contact_sheet_tile_320x180
stormwood__landmark__capacitor_grove__night__approach,stormwood,named_locations,The Capacitor Grove,stormwood__landmark__capacitor_grove,off,night,unmeasured,approach,normal,ralph/reports/VISUAL/phase2/stormwood/contact_sheet_named_locations_04.jpg,godot --path . --rendering-driver opengl3 --resolution 1920x1080 --script tools/phase2_capture_locations.gd -- --biome=stormwood --subset=stormwood__landmark__capacitor_grove --times=night --views=approach --seed=2042 --output=res://ralph/reports/VISUAL/phase2/stormwood/repro/stormwood__landmark__capacitor_grove__night__approach,99274a3cfa654d2a5a655a91635db736829f236a,native GPU Compatibility,ralph/reports/VISUAL/phase2/stormwood/locations/stormwood__landmark__capacitor_grove__night__approach.jpg,10,contact_sheet_tile_320x180
stormwood__landmark__capacitor_grove__night__close,stormwood,named_locations,The Capacitor Grove,stormwood__landmark__capacitor_grove,off,night,unmeasured,close,close,ralph/reports/VISUAL/phase2/stormwood/contact_sheet_named_locations_04.jpg,godot --path . --rendering-driver opengl3 --resolution 1920x1080 --script tools/phase2_capture_locations.gd -- --biome=stormwood --subset=stormwood__landmark__capacitor_grove --times=night --views=close --seed=2042 --output=res://ralph/reports/VISUAL/phase2/stormwood/repro/stormwood__landmark__capacitor_grove__night__close,99274a3cfa654d2a5a655a91635db736829f236a,native GPU Compatibility,ralph/reports/VISUAL/phase2/stormwood/locations/stormwood__landmark__capacitor_grove__night__close.jpg,11,contact_sheet_tile_320x180
stormwood__landmark__crown_arch__day__approach,stormwood,named_locations,The Crown Arch,stormwood__landmark__crown_arch,off,day,unmeasured,approach,normal,ralph/reports/VISUAL/phase2/stormwood/contact_sheet_named_locations_04.jpg,godot --path . --rendering-driver opengl3 --resolution 1920x1080 --script tools/phase2_capture_locations.gd -- --biome=stormwood --subset=stormwood__landmark__crown_arch --times=day --views=approach --seed=2042 --output=res://ralph/reports/VISUAL/phase2/stormwood/repro/stormwood__landmark__crown_arch__day__approach,99274a3cfa654d2a5a655a91635db736829f236a,native GPU Compatibility,ralph/reports/VISUAL/phase2/stormwood/locations/stormwood__landmark__crown_arch__day__approach.jpg,12,contact_sheet_tile_320x180
stormwood__landmark__crown_arch__day__close,stormwood,named_locations,The Crown Arch,stormwood__landmark__crown_arch,off,day,unmeasured,close,close,ralph/reports/VISUAL/phase2/stormwood/contact_sheet_named_locations_04.jpg,godot --path . --rendering-driver opengl3 --resolution 1920x1080 --script tools/phase2_capture_locations.gd -- --biome=stormwood --subset=stormwood__landmark__crown_arch --times=day --views=close --seed=2042 --output=res://ralph/reports/VISUAL/phase2/stormwood/repro/stormwood__landmark__crown_arch__day__close,99274a3cfa654d2a5a655a91635db736829f236a,native GPU Compatibility,ralph/reports/VISUAL/phase2/stormwood/locations/stormwood__landmark__crown_arch__day__close.jpg,13,contact_sheet_tile_320x180
stormwood__landmark__crown_arch__golden__approach,stormwood,named_locations,The Crown Arch,stormwood__landmark__crown_arch,off,dusk,unmeasured,approach,normal,ralph/reports/VISUAL/phase2/stormwood/contact_sheet_named_locations_04.jpg,godot --path . --rendering-driver opengl3 --resolution 1920x1080 --script tools/phase2_capture_locations.gd -- --biome=stormwood --subset=stormwood__landmark__crown_arch --times=golden --views=approach --seed=2042 --output=res://ralph/reports/VISUAL/phase2/stormwood/repro/stormwood__landmark__crown_arch__golden__approach,99274a3cfa654d2a5a655a91635db736829f236a,native GPU Compatibility,ralph/reports/VISUAL/phase2/stormwood/locations/stormwood__landmark__crown_arch__golden__approach.jpg,14,contact_sheet_tile_320x180
stormwood__landmark__crown_arch__golden__close,stormwood,named_locations,The Crown Arch,stormwood__landmark__crown_arch,off,dusk,unmeasured,close,close,ralph/reports/VISUAL/phase2/stormwood/contact_sheet_named_locations_04.jpg,godot --path . --rendering-driver opengl3 --resolution 1920x1080 --script tools/phase2_capture_locations.gd -- --biome=stormwood --subset=stormwood__landmark__crown_arch --times=golden --views=close --seed=2042 --output=res://ralph/reports/VISUAL/phase2/stormwood/repro/stormwood__landmark__crown_arch__golden__close,99274a3cfa654d2a5a655a91635db736829f236a,native GPU Compatibility,ralph/reports/VISUAL/phase2/stormwood/locations/stormwood__landmark__crown_arch__golden__close.jpg,15,contact_sheet_tile_320x180
stormwood__landmark__crown_arch__night__approach,stormwood,named_locations,The Crown Arch,stormwood__landmark__crown_arch,off,night,unmeasured,approach,normal,ralph/reports/VISUAL/phase2/stormwood/contact_sheet_named_locations_04.jpg,godot --path . --rendering-driver opengl3 --resolution 1920x1080 --script tools/phase2_capture_locations.gd -- --biome=stormwood --subset=stormwood__landmark__crown_arch --times=night --views=approach --seed=2042 --output=res://ralph/reports/VISUAL/phase2/stormwood/repro/stormwood__landmark__crown_arch__night__approach,99274a3cfa654d2a5a655a91635db736829f236a,native GPU Compatibility,ralph/reports/VISUAL/phase2/stormwood/locations/stormwood__landmark__crown_arch__night__approach.jpg,16,contact_sheet_tile_320x180
stormwood__landmark__crown_arch__night__close,stormwood,named_locations,The Crown Arch,stormwood__landmark__crown_arch,off,night,unmeasured,close,close,ralph/reports/VISUAL/phase2/stormwood/contact_sheet_named_locations_04.jpg,godot --path . --rendering-driver opengl3 --resolution 1920x1080 --script tools/phase2_capture_locations.gd -- --biome=stormwood --subset=stormwood__landmark__crown_arch --times=night --views=close --seed=2042 --output=res://ralph/reports/VISUAL/phase2/stormwood/repro/stormwood__landmark__crown_arch__night__close,99274a3cfa654d2a5a655a91635db736829f236a,native GPU Compatibility,ralph/reports/VISUAL/phase2/stormwood/locations/stormwood__landmark__crown_arch__night__close.jpg,17,contact_sheet_tile_320x180
stormwood__landmark__crown_heartstone__day__approach,stormwood,named_locations,The Crown Heartstone,stormwood__landmark__crown_heartstone,off,day,unmeasured,approach,normal,ralph/reports/VISUAL/phase2/stormwood/contact_sheet_named_locations_04.jpg,godot --path . --rendering-driver opengl3 --resolution 1920x1080 --script tools/phase2_capture_locations.gd -- --biome=stormwood --subset=stormwood__landmark__crown_heartstone --times=day --views=approach --seed=2042 --output=res://ralph/reports/VISUAL/phase2/stormwood/repro/stormwood__landmark__crown_heartstone__day__approach,99274a3cfa654d2a5a655a91635db736829f236a,native GPU Compatibility,ralph/reports/VISUAL/phase2/stormwood/locations/stormwood__landmark__crown_heartstone__day__approach.jpg,18,contact_sheet_tile_320x180
stormwood__landmark__crown_heartstone__day__close,stormwood,named_locations,The Crown Heartstone,stormwood__landmark__crown_heartstone,off,day,unmeasured,close,close,ralph/reports/VISUAL/phase2/stormwood/contact_sheet_named_locations_04.jpg,godot --path . --rendering-driver opengl3 --resolution 1920x1080 --script tools/phase2_capture_locations.gd -- --biome=stormwood --subset=stormwood__landmark__crown_heartstone --times=day --views=close --seed=2042 --output=res://ralph/reports/VISUAL/phase2/stormwood/repro/stormwood__landmark__crown_heartstone__day__close,99274a3cfa654d2a5a655a91635db736829f236a,native GPU Compatibility,ralph/reports/VISUAL/phase2/stormwood/locations/stormwood__landmark__crown_heartstone__day__close.jpg,19,contact_sheet_tile_320x180
stormwood__landmark__crown_heartstone__golden__approach,stormwood,named_locations,The Crown Heartstone,stormwood__landmark__crown_heartstone,off,dusk,unmeasured,approach,normal,ralph/reports/VISUAL/phase2/stormwood/contact_sheet_named_locations_04.jpg,godot --path . --rendering-driver opengl3 --resolution 1920x1080 --script tools/phase2_capture_locations.gd -- --biome=stormwood --subset=stormwood__landmark__crown_heartstone --times=golden --views=approach --seed=2042 --output=res://ralph/reports/VISUAL/phase2/stormwood/repro/stormwood__landmark__crown_heartstone__golden__approach,99274a3cfa654d2a5a655a91635db736829f236a,native GPU Compatibility,ralph/reports/VISUAL/phase2/stormwood/locations/stormwood__landmark__crown_heartstone__golden__approach.jpg,20,contact_sheet_tile_320x180
stormwood__landmark__crown_heartstone__golden__close,stormwood,named_locations,The Crown Heartstone,stormwood__landmark__crown_heartstone,off,dusk,unmeasured,close,close,ralph/reports/VISUAL/phase2/stormwood/contact_sheet_named_locations_04.jpg,godot --path . --rendering-driver opengl3 --resolution 1920x1080 --script tools/phase2_capture_locations.gd -- --biome=stormwood --subset=stormwood__landmark__crown_heartstone --times=golden --views=close --seed=2042 --output=res://ralph/reports/VISUAL/phase2/stormwood/repro/stormwood__landmark__crown_heartstone__golden__close,99274a3cfa654d2a5a655a91635db736829f236a,native GPU Compatibility,ralph/reports/VISUAL/phase2/stormwood/locations/stormwood__landmark__crown_heartstone__golden__close.jpg,21,contact_sheet_tile_320x180
stormwood__landmark__crown_heartstone__night__approach,stormwood,named_locations,The Crown Heartstone,stormwood__landmark__crown_heartstone,off,night,unmeasured,approach,normal,ralph/reports/VISUAL/phase2/stormwood/contact_sheet_named_locations_04.jpg,godot --path . --rendering-driver opengl3 --resolution 1920x1080 --script tools/phase2_capture_locations.gd -- --biome=stormwood --subset=stormwood__landmark__crown_heartstone --times=night --views=approach --seed=2042 --output=res://ralph/reports/VISUAL/phase2/stormwood/repro/stormwood__landmark__crown_heartstone__night__approach,99274a3cfa654d2a5a655a91635db736829f236a,native GPU Compatibility,ralph/reports/VISUAL/phase2/stormwood/locations/stormwood__landmark__crown_heartstone__night__approach.jpg,22,contact_sheet_tile_320x180
stormwood__landmark__crown_heartstone__night__close,stormwood,named_locations,The Crown Heartstone,stormwood__landmark__crown_heartstone,off,night,unmeasured,close,close,ralph/reports/VISUAL/phase2/stormwood/contact_sheet_named_locations_04.jpg,godot --path . --rendering-driver opengl3 --resolution 1920x1080 --script tools/phase2_capture_locations.gd -- --biome=stormwood --subset=stormwood__landmark__crown_heartstone --times=night --views=close --seed=2042 --output=res://ralph/reports/VISUAL/phase2/stormwood/repro/stormwood__landmark__crown_heartstone__night__close,99274a3cfa654d2a5a655a91635db736829f236a,native GPU Compatibility,ralph/reports/VISUAL/phase2/stormwood/locations/stormwood__landmark__crown_heartstone__night__close.jpg,23,contact_sheet_tile_320x180
stormwood__landmark__crown_overlook__day__approach,stormwood,named_locations,Crown Overlook,stormwood__landmark__crown_overlook,off,day,unmeasured,approach,normal,ralph/reports/VISUAL/phase2/stormwood/contact_sheet_named_locations_05.jpg,godot --path . --rendering-driver opengl3 --resolution 1920x1080 --script tools/phase2_capture_locations.gd -- --biome=stormwood --subset=stormwood__landmark__crown_overlook --times=day --views=approach --seed=2042 --output=res://ralph/reports/VISUAL/phase2/stormwood/repro/stormwood__landmark__crown_overlook__day__approach,99274a3cfa654d2a5a655a91635db736829f236a,native GPU Compatibility,ralph/reports/VISUAL/phase2/stormwood/locations/stormwood__landmark__crown_overlook__day__approach.jpg,0,contact_sheet_tile_320x180
stormwood__landmark__crown_overlook__day__close,stormwood,named_locations,Crown Overlook,stormwood__landmark__crown_overlook,off,day,unmeasured,close,close,ralph/reports/VISUAL/phase2/stormwood/contact_sheet_named_locations_05.jpg,godot --path . --rendering-driver opengl3 --resolution 1920x1080 --script tools/phase2_capture_locations.gd -- --biome=stormwood --subset=stormwood__landmark__crown_overlook --times=day --views=close --seed=2042 --output=res://ralph/reports/VISUAL/phase2/stormwood/repro/stormwood__landmark__crown_overlook__day__close,99274a3cfa654d2a5a655a91635db736829f236a,native GPU Compatibility,ralph/reports/VISUAL/phase2/stormwood/locations/stormwood__landmark__crown_overlook__day__close.jpg,1,contact_sheet_tile_320x180
stormwood__landmark__crown_overlook__golden__approach,stormwood,named_locations,Crown Overlook,stormwood__landmark__crown_overlook,off,dusk,unmeasured,approach,normal,ralph/reports/VISUAL/phase2/stormwood/contact_sheet_named_locations_05.jpg,godot --path . --rendering-driver opengl3 --resolution 1920x1080 --script tools/phase2_capture_locations.gd -- --biome=stormwood --subset=stormwood__landmark__crown_overlook --times=golden --views=approach --seed=2042 --output=res://ralph/reports/VISUAL/phase2/stormwood/repro/stormwood__landmark__crown_overlook__golden__approach,99274a3cfa654d2a5a655a91635db736829f236a,native GPU Compatibility,ralph/reports/VISUAL/phase2/stormwood/locations/stormwood__landmark__crown_overlook__golden__approach.jpg,2,contact_sheet_tile_320x180
stormwood__landmark__crown_overlook__golden__close,stormwood,named_locations,Crown Overlook,stormwood__landmark__crown_overlook,off,dusk,unmeasured,close,close,ralph/reports/VISUAL/phase2/stormwood/contact_sheet_named_locations_05.jpg,godot --path . --rendering-driver opengl3 --resolution 1920x1080 --script tools/phase2_capture_locations.gd -- --biome=stormwood --subset=stormwood__landmark__crown_overlook --times=golden --views=close --seed=2042 --output=res://ralph/reports/VISUAL/phase2/stormwood/repro/stormwood__landmark__crown_overlook__golden__close,99274a3cfa654d2a5a655a91635db736829f236a,native GPU Compatibility,ralph/reports/VISUAL/phase2/stormwood/locations/stormwood__landmark__crown_overlook__golden__close.jpg,3,contact_sheet_tile_320x180
stormwood__landmark__crown_overlook__night__approach,stormwood,named_locations,Crown Overlook,stormwood__landmark__crown_overlook,off,night,unmeasured,approach,normal,ralph/reports/VISUAL/phase2/stormwood/contact_sheet_named_locations_05.jpg,godot --path . --rendering-driver opengl3 --resolution 1920x1080 --script tools/phase2_capture_locations.gd -- --biome=stormwood --subset=stormwood__landmark__crown_overlook --times=night --views=approach --seed=2042 --output=res://ralph/reports/VISUAL/phase2/stormwood/repro/stormwood__landmark__crown_overlook__night__approach,99274a3cfa654d2a5a655a91635db736829f236a,native GPU Compatibility,ralph/reports/VISUAL/phase2/stormwood/locations/stormwood__landmark__crown_overlook__night__approach.jpg,4,contact_sheet_tile_320x180
stormwood__landmark__crown_overlook__night__close,stormwood,named_locations,Crown Overlook,stormwood__landmark__crown_overlook,off,night,unmeasured,close,close,ralph/reports/VISUAL/phase2/stormwood/contact_sheet_named_locations_05.jpg,godot --path . --rendering-driver opengl3 --resolution 1920x1080 --script tools/phase2_capture_locations.gd -- --biome=stormwood --subset=stormwood__landmark__crown_overlook --times=night --views=close --seed=2042 --output=res://ralph/reports/VISUAL/phase2/stormwood/repro/stormwood__landmark__crown_overlook__night__close,99274a3cfa654d2a5a655a91635db736829f236a,native GPU Compatibility,ralph/reports/VISUAL/phase2/stormwood/locations/stormwood__landmark__crown_overlook__night__close.jpg,5,contact_sheet_tile_320x180
stormwood__landmark__deepwood_rod_station__day__approach,stormwood,named_locations,Deepwood Rod Station,stormwood__landmark__deepwood_rod_station,off,day,unmeasured,approach,normal,ralph/reports/VISUAL/phase2/stormwood/contact_sheet_named_locations_05.jpg,godot --path . --rendering-driver opengl3 --resolution 1920x1080 --script tools/phase2_capture_locations.gd -- --biome=stormwood --subset=stormwood__landmark__deepwood_rod_station --times=day --views=approach --seed=2042 --output=res://ralph/reports/VISUAL/phase2/stormwood/repro/stormwood__landmark__deepwood_rod_station__day__approach,99274a3cfa654d2a5a655a91635db736829f236a,native GPU Compatibility,ralph/reports/VISUAL/phase2/stormwood/locations/stormwood__landmark__deepwood_rod_station__day__approach.jpg,6,contact_sheet_tile_320x180
stormwood__landmark__deepwood_rod_station__day__close,stormwood,named_locations,Deepwood Rod Station,stormwood__landmark__deepwood_rod_station,off,day,unmeasured,close,close,ralph/reports/VISUAL/phase2/stormwood/contact_sheet_named_locations_05.jpg,godot --path . --rendering-driver opengl3 --resolution 1920x1080 --script tools/phase2_capture_locations.gd -- --biome=stormwood --subset=stormwood__landmark__deepwood_rod_station --times=day --views=close --seed=2042 --output=res://ralph/reports/VISUAL/phase2/stormwood/repro/stormwood__landmark__deepwood_rod_station__day__close,99274a3cfa654d2a5a655a91635db736829f236a,native GPU Compatibility,ralph/reports/VISUAL/phase2/stormwood/locations/stormwood__landmark__deepwood_rod_station__day__close.jpg,7,contact_sheet_tile_320x180
stormwood__landmark__deepwood_rod_station__golden__approach,stormwood,named_locations,Deepwood Rod Station,stormwood__landmark__deepwood_rod_station,off,dusk,unmeasured,approach,normal,ralph/reports/VISUAL/phase2/stormwood/contact_sheet_named_locations_05.jpg,godot --path . --rendering-driver opengl3 --resolution 1920x1080 --script tools/phase2_capture_locations.gd -- --biome=stormwood --subset=stormwood__landmark__deepwood_rod_station --times=golden --views=approach --seed=2042 --output=res://ralph/reports/VISUAL/phase2/stormwood/repro/stormwood__landmark__deepwood_rod_station__golden__approach,99274a3cfa654d2a5a655a91635db736829f236a,native GPU Compatibility,ralph/reports/VISUAL/phase2/stormwood/locations/stormwood__landmark__deepwood_rod_station__golden__approach.jpg,8,contact_sheet_tile_320x180
stormwood__landmark__deepwood_rod_station__golden__close,stormwood,named_locations,Deepwood Rod Station,stormwood__landmark__deepwood_rod_station,off,dusk,unmeasured,close,close,ralph/reports/VISUAL/phase2/stormwood/contact_sheet_named_locations_05.jpg,godot --path . --rendering-driver opengl3 --resolution 1920x1080 --script tools/phase2_capture_locations.gd -- --biome=stormwood --subset=stormwood__landmark__deepwood_rod_station --times=golden --views=close --seed=2042 --output=res://ralph/reports/VISUAL/phase2/stormwood/repro/stormwood__landmark__deepwood_rod_station__golden__close,99274a3cfa654d2a5a655a91635db736829f236a,native GPU Compatibility,ralph/reports/VISUAL/phase2/stormwood/locations/stormwood__landmark__deepwood_rod_station__golden__close.jpg,9,contact_sheet_tile_320x180
stormwood__landmark__deepwood_rod_station__night__approach,stormwood,named_locations,Deepwood Rod Station,stormwood__landmark__deepwood_rod_station,off,night,unmeasured,approach,normal,ralph/reports/VISUAL/phase2/stormwood/contact_sheet_named_locations_05.jpg,godot --path . --rendering-driver opengl3 --resolution 1920x1080 --script tools/phase2_capture_locations.gd -- --biome=stormwood --subset=stormwood__landmark__deepwood_rod_station --times=night --views=approach --seed=2042 --output=res://ralph/reports/VISUAL/phase2/stormwood/repro/stormwood__landmark__deepwood_rod_station__night__approach,99274a3cfa654d2a5a655a91635db736829f236a,native GPU Compatibility,ralph/reports/VISUAL/phase2/stormwood/locations/stormwood__landmark__deepwood_rod_station__night__approach.jpg,10,contact_sheet_tile_320x180
stormwood__landmark__deepwood_rod_station__night__close,stormwood,named_locations,Deepwood Rod Station,stormwood__landmark__deepwood_rod_station,off,night,unmeasured,close,close,ralph/reports/VISUAL/phase2/stormwood/contact_sheet_named_locations_05.jpg,godot --path . --rendering-driver opengl3 --resolution 1920x1080 --script tools/phase2_capture_locations.gd -- --biome=stormwood --subset=stormwood__landmark__deepwood_rod_station --times=night --views=close --seed=2042 --output=res://ralph/reports/VISUAL/phase2/stormwood/repro/stormwood__landmark__deepwood_rod_station__night__close,99274a3cfa654d2a5a655a91635db736829f236a,native GPU Compatibility,ralph/reports/VISUAL/phase2/stormwood/locations/stormwood__landmark__deepwood_rod_station__night__close.jpg,11,contact_sheet_tile_320x180
stormwood__landmark__dynamo_core__day__approach,stormwood,named_locations,The Stormheart Tree,stormwood__landmark__dynamo_core,off,day,unmeasured,approach,normal,ralph/reports/VISUAL/phase2/stormwood/contact_sheet_named_locations_05.jpg,godot --path . --rendering-driver opengl3 --resolution 1920x1080 --script tools/phase2_capture_locations.gd -- --biome=stormwood --subset=stormwood__landmark__dynamo_core --times=day --views=approach --seed=2042 --output=res://ralph/reports/VISUAL/phase2/stormwood/repro/stormwood__landmark__dynamo_core__day__approach,99274a3cfa654d2a5a655a91635db736829f236a,native GPU Compatibility,ralph/reports/VISUAL/phase2/stormwood/locations/stormwood__landmark__dynamo_core__day__approach.jpg,12,contact_sheet_tile_320x180
stormwood__landmark__dynamo_core__day__close,stormwood,named_locations,The Stormheart Tree,stormwood__landmark__dynamo_core,off,day,unmeasured,close,close,ralph/reports/VISUAL/phase2/stormwood/contact_sheet_named_locations_05.jpg,godot --path . --rendering-driver opengl3 --resolution 1920x1080 --script tools/phase2_capture_locations.gd -- --biome=stormwood --subset=stormwood__landmark__dynamo_core --times=day --views=close --seed=2042 --output=res://ralph/reports/VISUAL/phase2/stormwood/repro/stormwood__landmark__dynamo_core__day__close,99274a3cfa654d2a5a655a91635db736829f236a,native GPU Compatibility,ralph/reports/VISUAL/phase2/stormwood/locations/stormwood__landmark__dynamo_core__day__close.jpg,13,contact_sheet_tile_320x180
stormwood__landmark__dynamo_core__golden__approach,stormwood,named_locations,The Stormheart Tree,stormwood__landmark__dynamo_core,off,dusk,unmeasured,approach,normal,ralph/reports/VISUAL/phase2/stormwood/contact_sheet_named_locations_05.jpg,godot --path . --rendering-driver opengl3 --resolution 1920x1080 --script tools/phase2_capture_locations.gd -- --biome=stormwood --subset=stormwood__landmark__dynamo_core --times=golden --views=approach --seed=2042 --output=res://ralph/reports/VISUAL/phase2/stormwood/repro/stormwood__landmark__dynamo_core__golden__approach,99274a3cfa654d2a5a655a91635db736829f236a,native GPU Compatibility,ralph/reports/VISUAL/phase2/stormwood/locations/stormwood__landmark__dynamo_core__golden__approach.jpg,14,contact_sheet_tile_320x180
stormwood__landmark__dynamo_core__golden__close,stormwood,named_locations,The Stormheart Tree,stormwood__landmark__dynamo_core,off,dusk,unmeasured,close,close,ralph/reports/VISUAL/phase2/stormwood/contact_sheet_named_locations_05.jpg,godot --path . --rendering-driver opengl3 --resolution 1920x1080 --script tools/phase2_capture_locations.gd -- --biome=stormwood --subset=stormwood__landmark__dynamo_core --times=golden --views=close --seed=2042 --output=res://ralph/reports/VISUAL/phase2/stormwood/repro/stormwood__landmark__dynamo_core__golden__close,99274a3cfa654d2a5a655a91635db736829f236a,native GPU Compatibility,ralph/reports/VISUAL/phase2/stormwood/locations/stormwood__landmark__dynamo_core__golden__close.jpg,15,contact_sheet_tile_320x180
stormwood__landmark__dynamo_core__night__approach,stormwood,named_locations,The Stormheart Tree,stormwood__landmark__dynamo_core,off,night,unmeasured,approach,normal,ralph/reports/VISUAL/phase2/stormwood/contact_sheet_named_locations_05.jpg,godot --path . --rendering-driver opengl3 --resolution 1920x1080 --script tools/phase2_capture_locations.gd -- --biome=stormwood --subset=stormwood__landmark__dynamo_core --times=night --views=approach --seed=2042 --output=res://ralph/reports/VISUAL/phase2/stormwood/repro/stormwood__landmark__dynamo_core__night__approach,99274a3cfa654d2a5a655a91635db736829f236a,native GPU Compatibility,ralph/reports/VISUAL/phase2/stormwood/locations/stormwood__landmark__dynamo_core__night__approach.jpg,16,contact_sheet_tile_320x180
stormwood__landmark__dynamo_core__night__close,stormwood,named_locations,The Stormheart Tree,stormwood__landmark__dynamo_core,off,night,unmeasured,close,close,ralph/reports/VISUAL/phase2/stormwood/contact_sheet_named_locations_05.jpg,godot --path . --rendering-driver opengl3 --resolution 1920x1080 --script tools/phase2_capture_locations.gd -- --biome=stormwood --subset=stormwood__landmark__dynamo_core --times=night --views=close --seed=2042 --output=res://ralph/reports/VISUAL/phase2/stormwood/repro/stormwood__landmark__dynamo_core__night__close,99274a3cfa654d2a5a655a91635db736829f236a,native GPU Compatibility,ralph/reports/VISUAL/phase2/stormwood/locations/stormwood__landmark__dynamo_core__night__close.jpg,17,contact_sheet_tile_320x180
stormwood__landmark__dynamo_outer_works__day__approach,stormwood,named_locations,Dynamo Outer Works,stormwood__landmark__dynamo_outer_works,off,day,unmeasured,approach,normal,ralph/reports/VISUAL/phase2/stormwood/contact_sheet_named_locations_05.jpg,godot --path . --rendering-driver opengl3 --resolution 1920x1080 --script tools/phase2_capture_locations.gd -- --biome=stormwood --subset=stormwood__landmark__dynamo_outer_works --times=day --views=approach --seed=2042 --output=res://ralph/reports/VISUAL/phase2/stormwood/repro/stormwood__landmark__dynamo_outer_works__day__approach,99274a3cfa654d2a5a655a91635db736829f236a,native GPU Compatibility,ralph/reports/VISUAL/phase2/stormwood/locations/stormwood__landmark__dynamo_outer_works__day__approach.jpg,18,contact_sheet_tile_320x180
stormwood__landmark__dynamo_outer_works__day__close,stormwood,named_locations,Dynamo Outer Works,stormwood__landmark__dynamo_outer_works,off,day,unmeasured,close,close,ralph/reports/VISUAL/phase2/stormwood/contact_sheet_named_locations_05.jpg,godot --path . --rendering-driver opengl3 --resolution 1920x1080 --script tools/phase2_capture_locations.gd -- --biome=stormwood --subset=stormwood__landmark__dynamo_outer_works --times=day --views=close --seed=2042 --output=res://ralph/reports/VISUAL/phase2/stormwood/repro/stormwood__landmark__dynamo_outer_works__day__close,99274a3cfa654d2a5a655a91635db736829f236a,native GPU Compatibility,ralph/reports/VISUAL/phase2/stormwood/locations/stormwood__landmark__dynamo_outer_works__day__close.jpg,19,contact_sheet_tile_320x180
stormwood__landmark__dynamo_outer_works__golden__approach,stormwood,named_locations,Dynamo Outer Works,stormwood__landmark__dynamo_outer_works,off,dusk,unmeasured,approach,normal,ralph/reports/VISUAL/phase2/stormwood/contact_sheet_named_locations_05.jpg,godot --path . --rendering-driver opengl3 --resolution 1920x1080 --script tools/phase2_capture_locations.gd -- --biome=stormwood --subset=stormwood__landmark__dynamo_outer_works --times=golden --views=approach --seed=2042 --output=res://ralph/reports/VISUAL/phase2/stormwood/repro/stormwood__landmark__dynamo_outer_works__golden__approach,99274a3cfa654d2a5a655a91635db736829f236a,native GPU Compatibility,ralph/reports/VISUAL/phase2/stormwood/locations/stormwood__landmark__dynamo_outer_works__golden__approach.jpg,20,contact_sheet_tile_320x180
stormwood__landmark__dynamo_outer_works__golden__close,stormwood,named_locations,Dynamo Outer Works,stormwood__landmark__dynamo_outer_works,off,dusk,unmeasured,close,close,ralph/reports/VISUAL/phase2/stormwood/contact_sheet_named_locations_05.jpg,godot --path . --rendering-driver opengl3 --resolution 1920x1080 --script tools/phase2_capture_locations.gd -- --biome=stormwood --subset=stormwood__landmark__dynamo_outer_works --times=golden --views=close --seed=2042 --output=res://ralph/reports/VISUAL/phase2/stormwood/repro/stormwood__landmark__dynamo_outer_works__golden__close,99274a3cfa654d2a5a655a91635db736829f236a,native GPU Compatibility,ralph/reports/VISUAL/phase2/stormwood/locations/stormwood__landmark__dynamo_outer_works__golden__close.jpg,21,contact_sheet_tile_320x180
stormwood__landmark__dynamo_outer_works__night__approach,stormwood,named_locations,Dynamo Outer Works,stormwood__landmark__dynamo_outer_works,off,night,unmeasured,approach,normal,ralph/reports/VISUAL/phase2/stormwood/contact_sheet_named_locations_05.jpg,godot --path . --rendering-driver opengl3 --resolution 1920x1080 --script tools/phase2_capture_locations.gd -- --biome=stormwood --subset=stormwood__landmark__dynamo_outer_works --times=night --views=approach --seed=2042 --output=res://ralph/reports/VISUAL/phase2/stormwood/repro/stormwood__landmark__dynamo_outer_works__night__approach,99274a3cfa654d2a5a655a91635db736829f236a,native GPU Compatibility,ralph/reports/VISUAL/phase2/stormwood/locations/stormwood__landmark__dynamo_outer_works__night__approach.jpg,22,contact_sheet_tile_320x180
stormwood__landmark__dynamo_outer_works__night__close,stormwood,named_locations,Dynamo Outer Works,stormwood__landmark__dynamo_outer_works,off,night,unmeasured,close,close,ralph/reports/VISUAL/phase2/stormwood/contact_sheet_named_locations_05.jpg,godot --path . --rendering-driver opengl3 --resolution 1920x1080 --script tools/phase2_capture_locations.gd -- --biome=stormwood --subset=stormwood__landmark__dynamo_outer_works --times=night --views=close --seed=2042 --output=res://ralph/reports/VISUAL/phase2/stormwood/repro/stormwood__landmark__dynamo_outer_works__night__close,99274a3cfa654d2a5a655a91635db736829f236a,native GPU Compatibility,ralph/reports/VISUAL/phase2/stormwood/locations/stormwood__landmark__dynamo_outer_works__night__close.jpg,23,contact_sheet_tile_320x180
stormwood__landmark__fallen_giant__day__approach,stormwood,named_locations,The Fallen Giant,stormwood__landmark__fallen_giant,off,day,unmeasured,approach,normal,ralph/reports/VISUAL/phase2/stormwood/contact_sheet_named_locations_06.jpg,godot --path . --rendering-driver opengl3 --resolution 1920x1080 --script tools/phase2_capture_locations.gd -- --biome=stormwood --subset=stormwood__landmark__fallen_giant --times=day --views=approach --seed=2042 --output=res://ralph/reports/VISUAL/phase2/stormwood/repro/stormwood__landmark__fallen_giant__day__approach,99274a3cfa654d2a5a655a91635db736829f236a,native GPU Compatibility,ralph/reports/VISUAL/phase2/stormwood/locations/stormwood__landmark__fallen_giant__day__approach.jpg,0,contact_sheet_tile_320x180
stormwood__landmark__fallen_giant__day__close,stormwood,named_locations,The Fallen Giant,stormwood__landmark__fallen_giant,off,day,unmeasured,close,close,ralph/reports/VISUAL/phase2/stormwood/contact_sheet_named_locations_06.jpg,godot --path . --rendering-driver opengl3 --resolution 1920x1080 --script tools/phase2_capture_locations.gd -- --biome=stormwood --subset=stormwood__landmark__fallen_giant --times=day --views=close --seed=2042 --output=res://ralph/reports/VISUAL/phase2/stormwood/repro/stormwood__landmark__fallen_giant__day__close,99274a3cfa654d2a5a655a91635db736829f236a,native GPU Compatibility,ralph/reports/VISUAL/phase2/stormwood/locations/stormwood__landmark__fallen_giant__day__close.jpg,1,contact_sheet_tile_320x180
stormwood__landmark__fallen_giant__golden__approach,stormwood,named_locations,The Fallen Giant,stormwood__landmark__fallen_giant,off,dusk,unmeasured,approach,normal,ralph/reports/VISUAL/phase2/stormwood/contact_sheet_named_locations_06.jpg,godot --path . --rendering-driver opengl3 --resolution 1920x1080 --script tools/phase2_capture_locations.gd -- --biome=stormwood --subset=stormwood__landmark__fallen_giant --times=golden --views=approach --seed=2042 --output=res://ralph/reports/VISUAL/phase2/stormwood/repro/stormwood__landmark__fallen_giant__golden__approach,99274a3cfa654d2a5a655a91635db736829f236a,native GPU Compatibility,ralph/reports/VISUAL/phase2/stormwood/locations/stormwood__landmark__fallen_giant__golden__approach.jpg,2,contact_sheet_tile_320x180
stormwood__landmark__fallen_giant__golden__close,stormwood,named_locations,The Fallen Giant,stormwood__landmark__fallen_giant,off,dusk,unmeasured,close,close,ralph/reports/VISUAL/phase2/stormwood/contact_sheet_named_locations_06.jpg,godot --path . --rendering-driver opengl3 --resolution 1920x1080 --script tools/phase2_capture_locations.gd -- --biome=stormwood --subset=stormwood__landmark__fallen_giant --times=golden --views=close --seed=2042 --output=res://ralph/reports/VISUAL/phase2/stormwood/repro/stormwood__landmark__fallen_giant__golden__close,99274a3cfa654d2a5a655a91635db736829f236a,native GPU Compatibility,ralph/reports/VISUAL/phase2/stormwood/locations/stormwood__landmark__fallen_giant__golden__close.jpg,3,contact_sheet_tile_320x180
stormwood__landmark__fallen_giant__night__approach,stormwood,named_locations,The Fallen Giant,stormwood__landmark__fallen_giant,off,night,unmeasured,approach,normal,ralph/reports/VISUAL/phase2/stormwood/contact_sheet_named_locations_06.jpg,godot --path . --rendering-driver opengl3 --resolution 1920x1080 --script tools/phase2_capture_locations.gd -- --biome=stormwood --subset=stormwood__landmark__fallen_giant --times=night --views=approach --seed=2042 --output=res://ralph/reports/VISUAL/phase2/stormwood/repro/stormwood__landmark__fallen_giant__night__approach,99274a3cfa654d2a5a655a91635db736829f236a,native GPU Compatibility,ralph/reports/VISUAL/phase2/stormwood/locations/stormwood__landmark__fallen_giant__night__approach.jpg,4,contact_sheet_tile_320x180
stormwood__landmark__fallen_giant__night__close,stormwood,named_locations,The Fallen Giant,stormwood__landmark__fallen_giant,off,night,unmeasured,close,close,ralph/reports/VISUAL/phase2/stormwood/contact_sheet_named_locations_06.jpg,godot --path . --rendering-driver opengl3 --resolution 1920x1080 --script tools/phase2_capture_locations.gd -- --biome=stormwood --subset=stormwood__landmark__fallen_giant --times=night --views=close --seed=2042 --output=res://ralph/reports/VISUAL/phase2/stormwood/repro/stormwood__landmark__fallen_giant__night__close,99274a3cfa654d2a5a655a91635db736829f236a,native GPU Compatibility,ralph/reports/VISUAL/phase2/stormwood/locations/stormwood__landmark__fallen_giant__night__close.jpg,5,contact_sheet_tile_320x180
stormwood__landmark__glass_field__day__approach,stormwood,named_locations,The Glass Field,stormwood__landmark__glass_field,off,day,unmeasured,approach,normal,ralph/reports/VISUAL/phase2/stormwood/contact_sheet_named_locations_06.jpg,godot --path . --rendering-driver opengl3 --resolution 1920x1080 --script tools/phase2_capture_locations.gd -- --biome=stormwood --subset=stormwood__landmark__glass_field --times=day --views=approach --seed=2042 --output=res://ralph/reports/VISUAL/phase2/stormwood/repro/stormwood__landmark__glass_field__day__approach,99274a3cfa654d2a5a655a91635db736829f236a,native GPU Compatibility,ralph/reports/VISUAL/phase2/stormwood/locations/stormwood__landmark__glass_field__day__approach.jpg,6,contact_sheet_tile_320x180
stormwood__landmark__glass_field__day__close,stormwood,named_locations,The Glass Field,stormwood__landmark__glass_field,off,day,unmeasured,close,close,ralph/reports/VISUAL/phase2/stormwood/contact_sheet_named_locations_06.jpg,godot --path . --rendering-driver opengl3 --resolution 1920x1080 --script tools/phase2_capture_locations.gd -- --biome=stormwood --subset=stormwood__landmark__glass_field --times=day --views=close --seed=2042 --output=res://ralph/reports/VISUAL/phase2/stormwood/repro/stormwood__landmark__glass_field__day__close,99274a3cfa654d2a5a655a91635db736829f236a,native GPU Compatibility,ralph/reports/VISUAL/phase2/stormwood/locations/stormwood__landmark__glass_field__day__close.jpg,7,contact_sheet_tile_320x180
stormwood__landmark__glass_field__golden__approach,stormwood,named_locations,The Glass Field,stormwood__landmark__glass_field,off,dusk,unmeasured,approach,normal,ralph/reports/VISUAL/phase2/stormwood/contact_sheet_named_locations_06.jpg,godot --path . --rendering-driver opengl3 --resolution 1920x1080 --script tools/phase2_capture_locations.gd -- --biome=stormwood --subset=stormwood__landmark__glass_field --times=golden --views=approach --seed=2042 --output=res://ralph/reports/VISUAL/phase2/stormwood/repro/stormwood__landmark__glass_field__golden__approach,99274a3cfa654d2a5a655a91635db736829f236a,native GPU Compatibility,ralph/reports/VISUAL/phase2/stormwood/locations/stormwood__landmark__glass_field__golden__approach.jpg,8,contact_sheet_tile_320x180
stormwood__landmark__glass_field__golden__close,stormwood,named_locations,The Glass Field,stormwood__landmark__glass_field,off,dusk,unmeasured,close,close,ralph/reports/VISUAL/phase2/stormwood/contact_sheet_named_locations_06.jpg,godot --path . --rendering-driver opengl3 --resolution 1920x1080 --script tools/phase2_capture_locations.gd -- --biome=stormwood --subset=stormwood__landmark__glass_field --times=golden --views=close --seed=2042 --output=res://ralph/reports/VISUAL/phase2/stormwood/repro/stormwood__landmark__glass_field__golden__close,99274a3cfa654d2a5a655a91635db736829f236a,native GPU Compatibility,ralph/reports/VISUAL/phase2/stormwood/locations/stormwood__landmark__glass_field__golden__close.jpg,9,contact_sheet_tile_320x180
stormwood__landmark__glass_field__night__approach,stormwood,named_locations,The Glass Field,stormwood__landmark__glass_field,off,night,unmeasured,approach,normal,ralph/reports/VISUAL/phase2/stormwood/contact_sheet_named_locations_06.jpg,godot --path . --rendering-driver opengl3 --resolution 1920x1080 --script tools/phase2_capture_locations.gd -- --biome=stormwood --subset=stormwood__landmark__glass_field --times=night --views=approach --seed=2042 --output=res://ralph/reports/VISUAL/phase2/stormwood/repro/stormwood__landmark__glass_field__night__approach,99274a3cfa654d2a5a655a91635db736829f236a,native GPU Compatibility,ralph/reports/VISUAL/phase2/stormwood/locations/stormwood__landmark__glass_field__night__approach.jpg,10,contact_sheet_tile_320x180
stormwood__landmark__glass_field__night__close,stormwood,named_locations,The Glass Field,stormwood__landmark__glass_field,off,night,unmeasured,close,close,ralph/reports/VISUAL/phase2/stormwood/contact_sheet_named_locations_06.jpg,godot --path . --rendering-driver opengl3 --resolution 1920x1080 --script tools/phase2_capture_locations.gd -- --biome=stormwood --subset=stormwood__landmark__glass_field --times=night --views=close --seed=2042 --output=res://ralph/reports/VISUAL/phase2/stormwood/repro/stormwood__landmark__glass_field__night__close,99274a3cfa654d2a5a655a91635db736829f236a,native GPU Compatibility,ralph/reports/VISUAL/phase2/stormwood/locations/stormwood__landmark__glass_field__night__close.jpg,11,contact_sheet_tile_320x180
stormwood__landmark__glass_sink__day__approach,stormwood,named_locations,The Glass Sink,stormwood__landmark__glass_sink,off,day,calm,approach,normal,ralph/reports/VISUAL/phase2/stormwood/contact_sheet_named_locations_06.jpg,godot --path . --rendering-driver opengl3 --resolution 1920x1080 --script tools/phase2_capture_stormwood_glass_sink.gd -- --biome=stormwood --subset=stormwood__landmark__glass_sink --times=day --views=approach --seed=2042 --output=res://ralph/reports/VISUAL/phase2/stormwood/repro/stormwood__landmark__glass_sink__day__approach,96fc887b75005c3a358a7a932c0d45b525ef097f,GPU Compatibility OpenGL3 1920x1080 GTX1060,ralph/reports/VISUAL/phase2/stormwood/locations/stormwood__landmark__glass_sink__day__approach.jpg,12,contact_sheet_tile_320x180
stormwood__landmark__glass_sink__day__close,stormwood,named_locations,The Glass Sink,stormwood__landmark__glass_sink,off,day,calm,close,close,ralph/reports/VISUAL/phase2/stormwood/contact_sheet_named_locations_06.jpg,godot --path . --rendering-driver opengl3 --resolution 1920x1080 --script tools/phase2_capture_stormwood_glass_sink.gd -- --biome=stormwood --subset=stormwood__landmark__glass_sink --times=day --views=close --seed=2042 --output=res://ralph/reports/VISUAL/phase2/stormwood/repro/stormwood__landmark__glass_sink__day__close,96fc887b75005c3a358a7a932c0d45b525ef097f,GPU Compatibility OpenGL3 1920x1080 GTX1060,ralph/reports/VISUAL/phase2/stormwood/locations/stormwood__landmark__glass_sink__day__close.jpg,13,contact_sheet_tile_320x180
stormwood__landmark__glass_sink__golden__approach,stormwood,named_locations,The Glass Sink,stormwood__landmark__glass_sink,off,dusk,calm,approach,normal,ralph/reports/VISUAL/phase2/stormwood/contact_sheet_named_locations_06.jpg,godot --path . --rendering-driver opengl3 --resolution 1920x1080 --script tools/phase2_capture_stormwood_glass_sink.gd -- --biome=stormwood --subset=stormwood__landmark__glass_sink --times=golden --views=approach --seed=2042 --output=res://ralph/reports/VISUAL/phase2/stormwood/repro/stormwood__landmark__glass_sink__golden__approach,96fc887b75005c3a358a7a932c0d45b525ef097f,GPU Compatibility OpenGL3 1920x1080 GTX1060,ralph/reports/VISUAL/phase2/stormwood/locations/stormwood__landmark__glass_sink__golden__approach.jpg,14,contact_sheet_tile_320x180
stormwood__landmark__glass_sink__golden__close,stormwood,named_locations,The Glass Sink,stormwood__landmark__glass_sink,off,dusk,calm,close,close,ralph/reports/VISUAL/phase2/stormwood/contact_sheet_named_locations_06.jpg,godot --path . --rendering-driver opengl3 --resolution 1920x1080 --script tools/phase2_capture_stormwood_glass_sink.gd -- --biome=stormwood --subset=stormwood__landmark__glass_sink --times=golden --views=close --seed=2042 --output=res://ralph/reports/VISUAL/phase2/stormwood/repro/stormwood__landmark__glass_sink__golden__close,96fc887b75005c3a358a7a932c0d45b525ef097f,GPU Compatibility OpenGL3 1920x1080 GTX1060,ralph/reports/VISUAL/phase2/stormwood/locations/stormwood__landmark__glass_sink__golden__close.jpg,15,contact_sheet_tile_320x180
stormwood__landmark__glass_sink__night__approach,stormwood,named_locations,The Glass Sink,stormwood__landmark__glass_sink,off,night,unmeasured,approach,normal,ralph/reports/VISUAL/phase2/stormwood/contact_sheet_named_locations_06.jpg,godot --path . --rendering-driver opengl3 --resolution 1920x1080 --script tools/phase2_capture_locations.gd -- --biome=stormwood --subset=stormwood__landmark__glass_sink --times=night --views=approach --seed=2042 --output=res://ralph/reports/VISUAL/phase2/stormwood/repro/stormwood__landmark__glass_sink__night__approach,99274a3cfa654d2a5a655a91635db736829f236a,native GPU Compatibility,ralph/reports/VISUAL/phase2/stormwood/locations/stormwood__landmark__glass_sink__night__approach.jpg,16,contact_sheet_tile_320x180
stormwood__landmark__glass_sink__night__close,stormwood,named_locations,The Glass Sink,stormwood__landmark__glass_sink,off,night,unmeasured,close,close,ralph/reports/VISUAL/phase2/stormwood/contact_sheet_named_locations_06.jpg,godot --path . --rendering-driver opengl3 --resolution 1920x1080 --script tools/phase2_capture_locations.gd -- --biome=stormwood --subset=stormwood__landmark__glass_sink --times=night --views=close --seed=2042 --output=res://ralph/reports/VISUAL/phase2/stormwood/repro/stormwood__landmark__glass_sink__night__close,99274a3cfa654d2a5a655a91635db736829f236a,native GPU Compatibility,ralph/reports/VISUAL/phase2/stormwood/locations/stormwood__landmark__glass_sink__night__close.jpg,17,contact_sheet_tile_320x180
stormwood__landmark__hollows_rod_station__day__approach,stormwood,named_locations,Hollows Rod Station,stormwood__landmark__hollows_rod_station,off,day,unmeasured,approach,normal,ralph/reports/VISUAL/phase2/stormwood/contact_sheet_named_locations_06.jpg,godot --path . --rendering-driver opengl3 --resolution 1920x1080 --script tools/phase2_capture_locations.gd -- --biome=stormwood --subset=stormwood__landmark__hollows_rod_station --times=day --views=approach --seed=2042 --output=res://ralph/reports/VISUAL/phase2/stormwood/repro/stormwood__landmark__hollows_rod_station__day__approach,99274a3cfa654d2a5a655a91635db736829f236a,native GPU Compatibility,ralph/reports/VISUAL/phase2/stormwood/locations/stormwood__landmark__hollows_rod_station__day__approach.jpg,18,contact_sheet_tile_320x180
stormwood__landmark__hollows_rod_station__day__close,stormwood,named_locations,Hollows Rod Station,stormwood__landmark__hollows_rod_station,off,day,unmeasured,close,close,ralph/reports/VISUAL/phase2/stormwood/contact_sheet_named_locations_06.jpg,godot --path . --rendering-driver opengl3 --resolution 1920x1080 --script tools/phase2_capture_locations.gd -- --biome=stormwood --subset=stormwood__landmark__hollows_rod_station --times=day --views=close --seed=2042 --output=res://ralph/reports/VISUAL/phase2/stormwood/repro/stormwood__landmark__hollows_rod_station__day__close,99274a3cfa654d2a5a655a91635db736829f236a,native GPU Compatibility,ralph/reports/VISUAL/phase2/stormwood/locations/stormwood__landmark__hollows_rod_station__day__close.jpg,19,contact_sheet_tile_320x180
stormwood__landmark__hollows_rod_station__golden__approach,stormwood,named_locations,Hollows Rod Station,stormwood__landmark__hollows_rod_station,off,dusk,unmeasured,approach,normal,ralph/reports/VISUAL/phase2/stormwood/contact_sheet_named_locations_06.jpg,godot --path . --rendering-driver opengl3 --resolution 1920x1080 --script tools/phase2_capture_locations.gd -- --biome=stormwood --subset=stormwood__landmark__hollows_rod_station --times=golden --views=approach --seed=2042 --output=res://ralph/reports/VISUAL/phase2/stormwood/repro/stormwood__landmark__hollows_rod_station__golden__approach,99274a3cfa654d2a5a655a91635db736829f236a,native GPU Compatibility,ralph/reports/VISUAL/phase2/stormwood/locations/stormwood__landmark__hollows_rod_station__golden__approach.jpg,20,contact_sheet_tile_320x180
stormwood__landmark__hollows_rod_station__golden__close,stormwood,named_locations,Hollows Rod Station,stormwood__landmark__hollows_rod_station,off,dusk,unmeasured,close,close,ralph/reports/VISUAL/phase2/stormwood/contact_sheet_named_locations_06.jpg,godot --path . --rendering-driver opengl3 --resolution 1920x1080 --script tools/phase2_capture_locations.gd -- --biome=stormwood --subset=stormwood__landmark__hollows_rod_station --times=golden --views=close --seed=2042 --output=res://ralph/reports/VISUAL/phase2/stormwood/repro/stormwood__landmark__hollows_rod_station__golden__close,99274a3cfa654d2a5a655a91635db736829f236a,native GPU Compatibility,ralph/reports/VISUAL/phase2/stormwood/locations/stormwood__landmark__hollows_rod_station__golden__close.jpg,21,contact_sheet_tile_320x180
stormwood__landmark__hollows_rod_station__night__approach,stormwood,named_locations,Hollows Rod Station,stormwood__landmark__hollows_rod_station,off,night,unmeasured,approach,normal,ralph/reports/VISUAL/phase2/stormwood/contact_sheet_named_locations_06.jpg,godot --path . --rendering-driver opengl3 --resolution 1920x1080 --script tools/phase2_capture_locations.gd -- --biome=stormwood --subset=stormwood__landmark__hollows_rod_station --times=night --views=approach --seed=2042 --output=res://ralph/reports/VISUAL/phase2/stormwood/repro/stormwood__landmark__hollows_rod_station__night__approach,99274a3cfa654d2a5a655a91635db736829f236a,native GPU Compatibility,ralph/reports/VISUAL/phase2/stormwood/locations/stormwood__landmark__hollows_rod_station__night__approach.jpg,22,contact_sheet_tile_320x180
stormwood__landmark__hollows_rod_station__night__close,stormwood,named_locations,Hollows Rod Station,stormwood__landmark__hollows_rod_station,off,night,unmeasured,close,close,ralph/reports/VISUAL/phase2/stormwood/contact_sheet_named_locations_06.jpg,godot --path . --rendering-driver opengl3 --resolution 1920x1080 --script tools/phase2_capture_locations.gd -- --biome=stormwood --subset=stormwood__landmark__hollows_rod_station --times=night --views=close --seed=2042 --output=res://ralph/reports/VISUAL/phase2/stormwood/repro/stormwood__landmark__hollows_rod_station__night__close,99274a3cfa654d2a5a655a91635db736829f236a,native GPU Compatibility,ralph/reports/VISUAL/phase2/stormwood/locations/stormwood__landmark__hollows_rod_station__night__close.jpg,23,contact_sheet_tile_320x180
stormwood__landmark__lantern_hollow__day__approach,stormwood,named_locations,Lantern Hollow,stormwood__landmark__lantern_hollow,off,day,unmeasured,approach,normal,ralph/reports/VISUAL/phase2/stormwood/contact_sheet_named_locations_07.jpg,godot --path . --rendering-driver opengl3 --resolution 1920x1080 --script tools/phase2_capture_locations.gd -- --biome=stormwood --subset=stormwood__landmark__lantern_hollow --times=day --views=approach --seed=2042 --output=res://ralph/reports/VISUAL/phase2/stormwood/repro/stormwood__landmark__lantern_hollow__day__approach,99274a3cfa654d2a5a655a91635db736829f236a,native GPU Compatibility,ralph/reports/VISUAL/phase2/stormwood/locations/stormwood__landmark__lantern_hollow__day__approach.jpg,0,contact_sheet_tile_320x180
stormwood__landmark__lantern_hollow__day__close,stormwood,named_locations,Lantern Hollow,stormwood__landmark__lantern_hollow,off,day,unmeasured,close,close,ralph/reports/VISUAL/phase2/stormwood/contact_sheet_named_locations_07.jpg,godot --path . --rendering-driver opengl3 --resolution 1920x1080 --script tools/phase2_capture_locations.gd -- --biome=stormwood --subset=stormwood__landmark__lantern_hollow --times=day --views=close --seed=2042 --output=res://ralph/reports/VISUAL/phase2/stormwood/repro/stormwood__landmark__lantern_hollow__day__close,99274a3cfa654d2a5a655a91635db736829f236a,native GPU Compatibility,ralph/reports/VISUAL/phase2/stormwood/locations/stormwood__landmark__lantern_hollow__day__close.jpg,1,contact_sheet_tile_320x180
stormwood__landmark__lantern_hollow__golden__approach,stormwood,named_locations,Lantern Hollow,stormwood__landmark__lantern_hollow,off,dusk,unmeasured,approach,normal,ralph/reports/VISUAL/phase2/stormwood/contact_sheet_named_locations_07.jpg,godot --path . --rendering-driver opengl3 --resolution 1920x1080 --script tools/phase2_capture_locations.gd -- --biome=stormwood --subset=stormwood__landmark__lantern_hollow --times=golden --views=approach --seed=2042 --output=res://ralph/reports/VISUAL/phase2/stormwood/repro/stormwood__landmark__lantern_hollow__golden__approach,99274a3cfa654d2a5a655a91635db736829f236a,native GPU Compatibility,ralph/reports/VISUAL/phase2/stormwood/locations/stormwood__landmark__lantern_hollow__golden__approach.jpg,2,contact_sheet_tile_320x180
stormwood__landmark__lantern_hollow__golden__close,stormwood,named_locations,Lantern Hollow,stormwood__landmark__lantern_hollow,off,dusk,unmeasured,close,close,ralph/reports/VISUAL/phase2/stormwood/contact_sheet_named_locations_07.jpg,godot --path . --rendering-driver opengl3 --resolution 1920x1080 --script tools/phase2_capture_locations.gd -- --biome=stormwood --subset=stormwood__landmark__lantern_hollow --times=golden --views=close --seed=2042 --output=res://ralph/reports/VISUAL/phase2/stormwood/repro/stormwood__landmark__lantern_hollow__golden__close,99274a3cfa654d2a5a655a91635db736829f236a,native GPU Compatibility,ralph/reports/VISUAL/phase2/stormwood/locations/stormwood__landmark__lantern_hollow__golden__close.jpg,3,contact_sheet_tile_320x180
stormwood__landmark__lantern_hollow__night__approach,stormwood,named_locations,Lantern Hollow,stormwood__landmark__lantern_hollow,off,night,unmeasured,approach,normal,ralph/reports/VISUAL/phase2/stormwood/contact_sheet_named_locations_07.jpg,godot --path . --rendering-driver opengl3 --resolution 1920x1080 --script tools/phase2_capture_locations.gd -- --biome=stormwood --subset=stormwood__landmark__lantern_hollow --times=night --views=approach --seed=2042 --output=res://ralph/reports/VISUAL/phase2/stormwood/repro/stormwood__landmark__lantern_hollow__night__approach,99274a3cfa654d2a5a655a91635db736829f236a,native GPU Compatibility,ralph/reports/VISUAL/phase2/stormwood/locations/stormwood__landmark__lantern_hollow__night__approach.jpg,4,contact_sheet_tile_320x180
stormwood__landmark__lantern_hollow__night__close,stormwood,named_locations,Lantern Hollow,stormwood__landmark__lantern_hollow,off,night,unmeasured,close,close,ralph/reports/VISUAL/phase2/stormwood/contact_sheet_named_locations_07.jpg,godot --path . --rendering-driver opengl3 --resolution 1920x1080 --script tools/phase2_capture_locations.gd -- --biome=stormwood --subset=stormwood__landmark__lantern_hollow --times=night --views=close --seed=2042 --output=res://ralph/reports/VISUAL/phase2/stormwood/repro/stormwood__landmark__lantern_hollow__night__close,99274a3cfa654d2a5a655a91635db736829f236a,native GPU Compatibility,ralph/reports/VISUAL/phase2/stormwood/locations/stormwood__landmark__lantern_hollow__night__close.jpg,5,contact_sheet_tile_320x180
stormwood__landmark__lantern_pools__day__approach,stormwood,named_locations,The Lantern Pools,stormwood__landmark__lantern_pools,off,day,unmeasured,approach,normal,ralph/reports/VISUAL/phase2/stormwood/contact_sheet_named_locations_07.jpg,godot --path . --rendering-driver opengl3 --resolution 1920x1080 --script tools/phase2_capture_locations.gd -- --biome=stormwood --subset=stormwood__landmark__lantern_pools --times=day --views=approach --seed=2042 --output=res://ralph/reports/VISUAL/phase2/stormwood/repro/stormwood__landmark__lantern_pools__day__approach,99274a3cfa654d2a5a655a91635db736829f236a,native GPU Compatibility,ralph/reports/VISUAL/phase2/stormwood/locations/stormwood__landmark__lantern_pools__day__approach.jpg,6,contact_sheet_tile_320x180
stormwood__landmark__lantern_pools__day__close,stormwood,named_locations,The Lantern Pools,stormwood__landmark__lantern_pools,off,day,unmeasured,close,close,ralph/reports/VISUAL/phase2/stormwood/contact_sheet_named_locations_07.jpg,godot --path . --rendering-driver opengl3 --resolution 1920x1080 --script tools/phase2_capture_locations.gd -- --biome=stormwood --subset=stormwood__landmark__lantern_pools --times=day --views=close --seed=2042 --output=res://ralph/reports/VISUAL/phase2/stormwood/repro/stormwood__landmark__lantern_pools__day__close,99274a3cfa654d2a5a655a91635db736829f236a,native GPU Compatibility,ralph/reports/VISUAL/phase2/stormwood/locations/stormwood__landmark__lantern_pools__day__close.jpg,7,contact_sheet_tile_320x180
stormwood__landmark__lantern_pools__golden__approach,stormwood,named_locations,The Lantern Pools,stormwood__landmark__lantern_pools,off,dusk,unmeasured,approach,normal,ralph/reports/VISUAL/phase2/stormwood/contact_sheet_named_locations_07.jpg,godot --path . --rendering-driver opengl3 --resolution 1920x1080 --script tools/phase2_capture_locations.gd -- --biome=stormwood --subset=stormwood__landmark__lantern_pools --times=golden --views=approach --seed=2042 --output=res://ralph/reports/VISUAL/phase2/stormwood/repro/stormwood__landmark__lantern_pools__golden__approach,99274a3cfa654d2a5a655a91635db736829f236a,native GPU Compatibility,ralph/reports/VISUAL/phase2/stormwood/locations/stormwood__landmark__lantern_pools__golden__approach.jpg,8,contact_sheet_tile_320x180
stormwood__landmark__lantern_pools__golden__close,stormwood,named_locations,The Lantern Pools,stormwood__landmark__lantern_pools,off,dusk,unmeasured,close,close,ralph/reports/VISUAL/phase2/stormwood/contact_sheet_named_locations_07.jpg,godot --path . --rendering-driver opengl3 --resolution 1920x1080 --script tools/phase2_capture_locations.gd -- --biome=stormwood --subset=stormwood__landmark__lantern_pools --times=golden --views=close --seed=2042 --output=res://ralph/reports/VISUAL/phase2/stormwood/repro/stormwood__landmark__lantern_pools__golden__close,99274a3cfa654d2a5a655a91635db736829f236a,native GPU Compatibility,ralph/reports/VISUAL/phase2/stormwood/locations/stormwood__landmark__lantern_pools__golden__close.jpg,9,contact_sheet_tile_320x180
stormwood__landmark__lantern_pools__night__approach,stormwood,named_locations,The Lantern Pools,stormwood__landmark__lantern_pools,off,night,unmeasured,approach,normal,ralph/reports/VISUAL/phase2/stormwood/contact_sheet_named_locations_07.jpg,godot --path . --rendering-driver opengl3 --resolution 1920x1080 --script tools/phase2_capture_locations.gd -- --biome=stormwood --subset=stormwood__landmark__lantern_pools --times=night --views=approach --seed=2042 --output=res://ralph/reports/VISUAL/phase2/stormwood/repro/stormwood__landmark__lantern_pools__night__approach,99274a3cfa654d2a5a655a91635db736829f236a,native GPU Compatibility,ralph/reports/VISUAL/phase2/stormwood/locations/stormwood__landmark__lantern_pools__night__approach.jpg,10,contact_sheet_tile_320x180
stormwood__landmark__lantern_pools__night__close,stormwood,named_locations,The Lantern Pools,stormwood__landmark__lantern_pools,off,night,unmeasured,close,close,ralph/reports/VISUAL/phase2/stormwood/contact_sheet_named_locations_07.jpg,godot --path . --rendering-driver opengl3 --resolution 1920x1080 --script tools/phase2_capture_locations.gd -- --biome=stormwood --subset=stormwood__landmark__lantern_pools --times=night --views=close --seed=2042 --output=res://ralph/reports/VISUAL/phase2/stormwood/repro/stormwood__landmark__lantern_pools__night__close,99274a3cfa654d2a5a655a91635db736829f236a,native GPU Compatibility,ralph/reports/VISUAL/phase2/stormwood/locations/stormwood__landmark__lantern_pools__night__close.jpg,11,contact_sheet_tile_320x180
stormwood__landmark__old_rodfolk_hall__day__approach,stormwood,named_locations,The Old Rodfolk Hall,stormwood__landmark__old_rodfolk_hall,off,day,unmeasured,approach,normal,ralph/reports/VISUAL/phase2/stormwood/contact_sheet_named_locations_07.jpg,godot --path . --rendering-driver opengl3 --resolution 1920x1080 --script tools/phase2_capture_locations.gd -- --biome=stormwood --subset=stormwood__landmark__old_rodfolk_hall --times=day --views=approach --seed=2042 --output=res://ralph/reports/VISUAL/phase2/stormwood/repro/stormwood__landmark__old_rodfolk_hall__day__approach,99274a3cfa654d2a5a655a91635db736829f236a,native GPU Compatibility,ralph/reports/VISUAL/phase2/stormwood/locations/stormwood__landmark__old_rodfolk_hall__day__approach.jpg,12,contact_sheet_tile_320x180
stormwood__landmark__old_rodfolk_hall__day__close,stormwood,named_locations,The Old Rodfolk Hall,stormwood__landmark__old_rodfolk_hall,off,day,unmeasured,close,close,ralph/reports/VISUAL/phase2/stormwood/contact_sheet_named_locations_07.jpg,godot --path . --rendering-driver opengl3 --resolution 1920x1080 --script tools/phase2_capture_locations.gd -- --biome=stormwood --subset=stormwood__landmark__old_rodfolk_hall --times=day --views=close --seed=2042 --output=res://ralph/reports/VISUAL/phase2/stormwood/repro/stormwood__landmark__old_rodfolk_hall__day__close,99274a3cfa654d2a5a655a91635db736829f236a,native GPU Compatibility,ralph/reports/VISUAL/phase2/stormwood/locations/stormwood__landmark__old_rodfolk_hall__day__close.jpg,13,contact_sheet_tile_320x180
stormwood__landmark__old_rodfolk_hall__golden__approach,stormwood,named_locations,The Old Rodfolk Hall,stormwood__landmark__old_rodfolk_hall,off,dusk,unmeasured,approach,normal,ralph/reports/VISUAL/phase2/stormwood/contact_sheet_named_locations_07.jpg,godot --path . --rendering-driver opengl3 --resolution 1920x1080 --script tools/phase2_capture_locations.gd -- --biome=stormwood --subset=stormwood__landmark__old_rodfolk_hall --times=golden --views=approach --seed=2042 --output=res://ralph/reports/VISUAL/phase2/stormwood/repro/stormwood__landmark__old_rodfolk_hall__golden__approach,99274a3cfa654d2a5a655a91635db736829f236a,native GPU Compatibility,ralph/reports/VISUAL/phase2/stormwood/locations/stormwood__landmark__old_rodfolk_hall__golden__approach.jpg,14,contact_sheet_tile_320x180
stormwood__landmark__old_rodfolk_hall__golden__close,stormwood,named_locations,The Old Rodfolk Hall,stormwood__landmark__old_rodfolk_hall,off,dusk,unmeasured,close,close,ralph/reports/VISUAL/phase2/stormwood/contact_sheet_named_locations_07.jpg,godot --path . --rendering-driver opengl3 --resolution 1920x1080 --script tools/phase2_capture_locations.gd -- --biome=stormwood --subset=stormwood__landmark__old_rodfolk_hall --times=golden --views=close --seed=2042 --output=res://ralph/reports/VISUAL/phase2/stormwood/repro/stormwood__landmark__old_rodfolk_hall__golden__close,99274a3cfa654d2a5a655a91635db736829f236a,native GPU Compatibility,ralph/reports/VISUAL/phase2/stormwood/locations/stormwood__landmark__old_rodfolk_hall__golden__close.jpg,15,contact_sheet_tile_320x180
stormwood__landmark__old_rodfolk_hall__night__approach,stormwood,named_locations,The Old Rodfolk Hall,stormwood__landmark__old_rodfolk_hall,off,night,unmeasured,approach,normal,ralph/reports/VISUAL/phase2/stormwood/contact_sheet_named_locations_07.jpg,godot --path . --rendering-driver opengl3 --resolution 1920x1080 --script tools/phase2_capture_locations.gd -- --biome=stormwood --subset=stormwood__landmark__old_rodfolk_hall --times=night --views=approach --seed=2042 --output=res://ralph/reports/VISUAL/phase2/stormwood/repro/stormwood__landmark__old_rodfolk_hall__night__approach,99274a3cfa654d2a5a655a91635db736829f236a,native GPU Compatibility,ralph/reports/VISUAL/phase2/stormwood/locations/stormwood__landmark__old_rodfolk_hall__night__approach.jpg,16,contact_sheet_tile_320x180
stormwood__landmark__old_rodfolk_hall__night__close,stormwood,named_locations,The Old Rodfolk Hall,stormwood__landmark__old_rodfolk_hall,off,night,unmeasured,close,close,ralph/reports/VISUAL/phase2/stormwood/contact_sheet_named_locations_07.jpg,godot --path . --rendering-driver opengl3 --resolution 1920x1080 --script tools/phase2_capture_locations.gd -- --biome=stormwood --subset=stormwood__landmark__old_rodfolk_hall --times=night --views=close --seed=2042 --output=res://ralph/reports/VISUAL/phase2/stormwood/repro/stormwood__landmark__old_rodfolk_hall__night__close,99274a3cfa654d2a5a655a91635db736829f236a,native GPU Compatibility,ralph/reports/VISUAL/phase2/stormwood/locations/stormwood__landmark__old_rodfolk_hall__night__close.jpg,17,contact_sheet_tile_320x180
stormwood__landmark__rodline_post__day__approach,stormwood,named_locations,Rodline Post,stormwood__landmark__rodline_post,off,day,unmeasured,approach,normal,ralph/reports/VISUAL/phase2/stormwood/contact_sheet_named_locations_07.jpg,godot --path . --rendering-driver opengl3 --resolution 1920x1080 --script tools/phase2_capture_locations.gd -- --biome=stormwood --subset=stormwood__landmark__rodline_post --times=day --views=approach --seed=2042 --output=res://ralph/reports/VISUAL/phase2/stormwood/repro/stormwood__landmark__rodline_post__day__approach,99274a3cfa654d2a5a655a91635db736829f236a,native GPU Compatibility,ralph/reports/VISUAL/phase2/stormwood/locations/stormwood__landmark__rodline_post__day__approach.jpg,18,contact_sheet_tile_320x180
stormwood__landmark__rodline_post__day__close,stormwood,named_locations,Rodline Post,stormwood__landmark__rodline_post,off,day,unmeasured,close,close,ralph/reports/VISUAL/phase2/stormwood/contact_sheet_named_locations_07.jpg,godot --path . --rendering-driver opengl3 --resolution 1920x1080 --script tools/phase2_capture_locations.gd -- --biome=stormwood --subset=stormwood__landmark__rodline_post --times=day --views=close --seed=2042 --output=res://ralph/reports/VISUAL/phase2/stormwood/repro/stormwood__landmark__rodline_post__day__close,99274a3cfa654d2a5a655a91635db736829f236a,native GPU Compatibility,ralph/reports/VISUAL/phase2/stormwood/locations/stormwood__landmark__rodline_post__day__close.jpg,19,contact_sheet_tile_320x180
stormwood__landmark__rodline_post__golden__approach,stormwood,named_locations,Rodline Post,stormwood__landmark__rodline_post,off,dusk,unmeasured,approach,normal,ralph/reports/VISUAL/phase2/stormwood/contact_sheet_named_locations_07.jpg,godot --path . --rendering-driver opengl3 --resolution 1920x1080 --script tools/phase2_capture_locations.gd -- --biome=stormwood --subset=stormwood__landmark__rodline_post --times=golden --views=approach --seed=2042 --output=res://ralph/reports/VISUAL/phase2/stormwood/repro/stormwood__landmark__rodline_post__golden__approach,99274a3cfa654d2a5a655a91635db736829f236a,native GPU Compatibility,ralph/reports/VISUAL/phase2/stormwood/locations/stormwood__landmark__rodline_post__golden__approach.jpg,20,contact_sheet_tile_320x180
stormwood__landmark__rodline_post__golden__close,stormwood,named_locations,Rodline Post,stormwood__landmark__rodline_post,off,dusk,unmeasured,close,close,ralph/reports/VISUAL/phase2/stormwood/contact_sheet_named_locations_07.jpg,godot --path . --rendering-driver opengl3 --resolution 1920x1080 --script tools/phase2_capture_locations.gd -- --biome=stormwood --subset=stormwood__landmark__rodline_post --times=golden --views=close --seed=2042 --output=res://ralph/reports/VISUAL/phase2/stormwood/repro/stormwood__landmark__rodline_post__golden__close,99274a3cfa654d2a5a655a91635db736829f236a,native GPU Compatibility,ralph/reports/VISUAL/phase2/stormwood/locations/stormwood__landmark__rodline_post__golden__close.jpg,21,contact_sheet_tile_320x180
stormwood__landmark__rodline_post__night__approach,stormwood,named_locations,Rodline Post,stormwood__landmark__rodline_post,off,night,unmeasured,approach,normal,ralph/reports/VISUAL/phase2/stormwood/contact_sheet_named_locations_07.jpg,godot --path . --rendering-driver opengl3 --resolution 1920x1080 --script tools/phase2_capture_locations.gd -- --biome=stormwood --subset=stormwood__landmark__rodline_post --times=night --views=approach --seed=2042 --output=res://ralph/reports/VISUAL/phase2/stormwood/repro/stormwood__landmark__rodline_post__night__approach,99274a3cfa654d2a5a655a91635db736829f236a,native GPU Compatibility,ralph/reports/VISUAL/phase2/stormwood/locations/stormwood__landmark__rodline_post__night__approach.jpg,22,contact_sheet_tile_320x180
stormwood__landmark__rodline_post__night__close,stormwood,named_locations,Rodline Post,stormwood__landmark__rodline_post,off,night,unmeasured,close,close,ralph/reports/VISUAL/phase2/stormwood/contact_sheet_named_locations_07.jpg,godot --path . --rendering-driver opengl3 --resolution 1920x1080 --script tools/phase2_capture_locations.gd -- --biome=stormwood --subset=stormwood__landmark__rodline_post --times=night --views=close --seed=2042 --output=res://ralph/reports/VISUAL/phase2/stormwood/repro/stormwood__landmark__rodline_post__night__close,99274a3cfa654d2a5a655a91635db736829f236a,native GPU Compatibility,ralph/reports/VISUAL/phase2/stormwood/locations/stormwood__landmark__rodline_post__night__close.jpg,23,contact_sheet_tile_320x180
stormwood__landmark__still_grove__day__approach,stormwood,named_locations,The Still Grove,stormwood__landmark__still_grove,off,day,unmeasured,approach,normal,ralph/reports/VISUAL/phase2/stormwood/contact_sheet_named_locations_08.jpg,godot --path . --rendering-driver opengl3 --resolution 1920x1080 --script tools/phase2_capture_locations.gd -- --biome=stormwood --subset=stormwood__landmark__still_grove --times=day --views=approach --seed=2042 --output=res://ralph/reports/VISUAL/phase2/stormwood/repro/stormwood__landmark__still_grove__day__approach,99274a3cfa654d2a5a655a91635db736829f236a,native GPU Compatibility,ralph/reports/VISUAL/phase2/stormwood/locations/stormwood__landmark__still_grove__day__approach.jpg,0,contact_sheet_tile_320x180
stormwood__landmark__still_grove__day__close,stormwood,named_locations,The Still Grove,stormwood__landmark__still_grove,off,day,unmeasured,close,close,ralph/reports/VISUAL/phase2/stormwood/contact_sheet_named_locations_08.jpg,godot --path . --rendering-driver opengl3 --resolution 1920x1080 --script tools/phase2_capture_locations.gd -- --biome=stormwood --subset=stormwood__landmark__still_grove --times=day --views=close --seed=2042 --output=res://ralph/reports/VISUAL/phase2/stormwood/repro/stormwood__landmark__still_grove__day__close,99274a3cfa654d2a5a655a91635db736829f236a,native GPU Compatibility,ralph/reports/VISUAL/phase2/stormwood/locations/stormwood__landmark__still_grove__day__close.jpg,1,contact_sheet_tile_320x180
stormwood__landmark__still_grove__golden__approach,stormwood,named_locations,The Still Grove,stormwood__landmark__still_grove,off,dusk,unmeasured,approach,normal,ralph/reports/VISUAL/phase2/stormwood/contact_sheet_named_locations_08.jpg,godot --path . --rendering-driver opengl3 --resolution 1920x1080 --script tools/phase2_capture_locations.gd -- --biome=stormwood --subset=stormwood__landmark__still_grove --times=golden --views=approach --seed=2042 --output=res://ralph/reports/VISUAL/phase2/stormwood/repro/stormwood__landmark__still_grove__golden__approach,99274a3cfa654d2a5a655a91635db736829f236a,native GPU Compatibility,ralph/reports/VISUAL/phase2/stormwood/locations/stormwood__landmark__still_grove__golden__approach.jpg,2,contact_sheet_tile_320x180
stormwood__landmark__still_grove__golden__close,stormwood,named_locations,The Still Grove,stormwood__landmark__still_grove,off,dusk,unmeasured,close,close,ralph/reports/VISUAL/phase2/stormwood/contact_sheet_named_locations_08.jpg,godot --path . --rendering-driver opengl3 --resolution 1920x1080 --script tools/phase2_capture_locations.gd -- --biome=stormwood --subset=stormwood__landmark__still_grove --times=golden --views=close --seed=2042 --output=res://ralph/reports/VISUAL/phase2/stormwood/repro/stormwood__landmark__still_grove__golden__close,99274a3cfa654d2a5a655a91635db736829f236a,native GPU Compatibility,ralph/reports/VISUAL/phase2/stormwood/locations/stormwood__landmark__still_grove__golden__close.jpg,3,contact_sheet_tile_320x180
stormwood__landmark__still_grove__night__approach,stormwood,named_locations,The Still Grove,stormwood__landmark__still_grove,off,night,unmeasured,approach,normal,ralph/reports/VISUAL/phase2/stormwood/contact_sheet_named_locations_08.jpg,godot --path . --rendering-driver opengl3 --resolution 1920x1080 --script tools/phase2_capture_locations.gd -- --biome=stormwood --subset=stormwood__landmark__still_grove --times=night --views=approach --seed=2042 --output=res://ralph/reports/VISUAL/phase2/stormwood/repro/stormwood__landmark__still_grove__night__approach,99274a3cfa654d2a5a655a91635db736829f236a,native GPU Compatibility,ralph/reports/VISUAL/phase2/stormwood/locations/stormwood__landmark__still_grove__night__approach.jpg,4,contact_sheet_tile_320x180
stormwood__landmark__still_grove__night__close,stormwood,named_locations,The Still Grove,stormwood__landmark__still_grove,off,night,unmeasured,close,close,ralph/reports/VISUAL/phase2/stormwood/contact_sheet_named_locations_08.jpg,godot --path . --rendering-driver opengl3 --resolution 1920x1080 --script tools/phase2_capture_locations.gd -- --biome=stormwood --subset=stormwood__landmark__still_grove --times=night --views=close --seed=2042 --output=res://ralph/reports/VISUAL/phase2/stormwood/repro/stormwood__landmark__still_grove__night__close,99274a3cfa654d2a5a655a91635db736829f236a,native GPU Compatibility,ralph/reports/VISUAL/phase2/stormwood/locations/stormwood__landmark__still_grove__night__close.jpg,5,contact_sheet_tile_320x180
stormwood__landmark__struck_sentinel__day__approach,stormwood,named_locations,The Struck Sentinel,stormwood__landmark__struck_sentinel,off,day,unmeasured,approach,normal,ralph/reports/VISUAL/phase2/stormwood/contact_sheet_named_locations_08.jpg,godot --path . --rendering-driver opengl3 --resolution 1920x1080 --script tools/phase2_capture_locations.gd -- --biome=stormwood --subset=stormwood__landmark__struck_sentinel --times=day --views=approach --seed=2042 --output=res://ralph/reports/VISUAL/phase2/stormwood/repro/stormwood__landmark__struck_sentinel__day__approach,99274a3cfa654d2a5a655a91635db736829f236a,native GPU Compatibility,ralph/reports/VISUAL/phase2/stormwood/locations/stormwood__landmark__struck_sentinel__day__approach.jpg,6,contact_sheet_tile_320x180
stormwood__landmark__struck_sentinel__day__close,stormwood,named_locations,The Struck Sentinel,stormwood__landmark__struck_sentinel,off,day,unmeasured,close,close,ralph/reports/VISUAL/phase2/stormwood/contact_sheet_named_locations_08.jpg,godot --path . --rendering-driver opengl3 --resolution 1920x1080 --script tools/phase2_capture_locations.gd -- --biome=stormwood --subset=stormwood__landmark__struck_sentinel --times=day --views=close --seed=2042 --output=res://ralph/reports/VISUAL/phase2/stormwood/repro/stormwood__landmark__struck_sentinel__day__close,99274a3cfa654d2a5a655a91635db736829f236a,native GPU Compatibility,ralph/reports/VISUAL/phase2/stormwood/locations/stormwood__landmark__struck_sentinel__day__close.jpg,7,contact_sheet_tile_320x180
stormwood__landmark__struck_sentinel__golden__approach,stormwood,named_locations,The Struck Sentinel,stormwood__landmark__struck_sentinel,off,dusk,unmeasured,approach,normal,ralph/reports/VISUAL/phase2/stormwood/contact_sheet_named_locations_08.jpg,godot --path . --rendering-driver opengl3 --resolution 1920x1080 --script tools/phase2_capture_locations.gd -- --biome=stormwood --subset=stormwood__landmark__struck_sentinel --times=golden --views=approach --seed=2042 --output=res://ralph/reports/VISUAL/phase2/stormwood/repro/stormwood__landmark__struck_sentinel__golden__approach,99274a3cfa654d2a5a655a91635db736829f236a,native GPU Compatibility,ralph/reports/VISUAL/phase2/stormwood/locations/stormwood__landmark__struck_sentinel__golden__approach.jpg,8,contact_sheet_tile_320x180
stormwood__landmark__struck_sentinel__golden__close,stormwood,named_locations,The Struck Sentinel,stormwood__landmark__struck_sentinel,off,dusk,unmeasured,close,close,ralph/reports/VISUAL/phase2/stormwood/contact_sheet_named_locations_08.jpg,godot --path . --rendering-driver opengl3 --resolution 1920x1080 --script tools/phase2_capture_locations.gd -- --biome=stormwood --subset=stormwood__landmark__struck_sentinel --times=golden --views=close --seed=2042 --output=res://ralph/reports/VISUAL/phase2/stormwood/repro/stormwood__landmark__struck_sentinel__golden__close,99274a3cfa654d2a5a655a91635db736829f236a,native GPU Compatibility,ralph/reports/VISUAL/phase2/stormwood/locations/stormwood__landmark__struck_sentinel__golden__close.jpg,9,contact_sheet_tile_320x180
stormwood__landmark__struck_sentinel__night__approach,stormwood,named_locations,The Struck Sentinel,stormwood__landmark__struck_sentinel,off,night,unmeasured,approach,normal,ralph/reports/VISUAL/phase2/stormwood/contact_sheet_named_locations_08.jpg,godot --path . --rendering-driver opengl3 --resolution 1920x1080 --script tools/phase2_capture_locations.gd -- --biome=stormwood --subset=stormwood__landmark__struck_sentinel --times=night --views=approach --seed=2042 --output=res://ralph/reports/VISUAL/phase2/stormwood/repro/stormwood__landmark__struck_sentinel__night__approach,99274a3cfa654d2a5a655a91635db736829f236a,native GPU Compatibility,ralph/reports/VISUAL/phase2/stormwood/locations/stormwood__landmark__struck_sentinel__night__approach.jpg,10,contact_sheet_tile_320x180
stormwood__landmark__struck_sentinel__night__close,stormwood,named_locations,The Struck Sentinel,stormwood__landmark__struck_sentinel,off,night,unmeasured,close,close,ralph/reports/VISUAL/phase2/stormwood/contact_sheet_named_locations_08.jpg,godot --path . --rendering-driver opengl3 --resolution 1920x1080 --script tools/phase2_capture_locations.gd -- --biome=stormwood --subset=stormwood__landmark__struck_sentinel --times=night --views=close --seed=2042 --output=res://ralph/reports/VISUAL/phase2/stormwood/repro/stormwood__landmark__struck_sentinel__night__close,99274a3cfa654d2a5a655a91635db736829f236a,native GPU Compatibility,ralph/reports/VISUAL/phase2/stormwood/locations/stormwood__landmark__struck_sentinel__night__close.jpg,11,contact_sheet_tile_320x180
stormwood__landmark__verge_rod_station__day__approach,stormwood,named_locations,Verge Rod Station,stormwood__landmark__verge_rod_station,off,day,unmeasured,approach,normal,ralph/reports/VISUAL/phase2/stormwood/contact_sheet_named_locations_08.jpg,godot --path . --rendering-driver opengl3 --resolution 1920x1080 --script tools/phase2_capture_locations.gd -- --biome=stormwood --subset=stormwood__landmark__verge_rod_station --times=day --views=approach --seed=2042 --output=res://ralph/reports/VISUAL/phase2/stormwood/repro/stormwood__landmark__verge_rod_station__day__approach,99274a3cfa654d2a5a655a91635db736829f236a,native GPU Compatibility,ralph/reports/VISUAL/phase2/stormwood/locations/stormwood__landmark__verge_rod_station__day__approach.jpg,12,contact_sheet_tile_320x180
stormwood__landmark__verge_rod_station__day__close,stormwood,named_locations,Verge Rod Station,stormwood__landmark__verge_rod_station,off,day,unmeasured,close,close,ralph/reports/VISUAL/phase2/stormwood/contact_sheet_named_locations_08.jpg,godot --path . --rendering-driver opengl3 --resolution 1920x1080 --script tools/phase2_capture_locations.gd -- --biome=stormwood --subset=stormwood__landmark__verge_rod_station --times=day --views=close --seed=2042 --output=res://ralph/reports/VISUAL/phase2/stormwood/repro/stormwood__landmark__verge_rod_station__day__close,99274a3cfa654d2a5a655a91635db736829f236a,native GPU Compatibility,ralph/reports/VISUAL/phase2/stormwood/locations/stormwood__landmark__verge_rod_station__day__close.jpg,13,contact_sheet_tile_320x180
stormwood__landmark__verge_rod_station__golden__approach,stormwood,named_locations,Verge Rod Station,stormwood__landmark__verge_rod_station,off,dusk,unmeasured,approach,normal,ralph/reports/VISUAL/phase2/stormwood/contact_sheet_named_locations_08.jpg,godot --path . --rendering-driver opengl3 --resolution 1920x1080 --script tools/phase2_capture_locations.gd -- --biome=stormwood --subset=stormwood__landmark__verge_rod_station --times=golden --views=approach --seed=2042 --output=res://ralph/reports/VISUAL/phase2/stormwood/repro/stormwood__landmark__verge_rod_station__golden__approach,99274a3cfa654d2a5a655a91635db736829f236a,native GPU Compatibility,ralph/reports/VISUAL/phase2/stormwood/locations/stormwood__landmark__verge_rod_station__golden__approach.jpg,14,contact_sheet_tile_320x180
stormwood__landmark__verge_rod_station__golden__close,stormwood,named_locations,Verge Rod Station,stormwood__landmark__verge_rod_station,off,dusk,unmeasured,close,close,ralph/reports/VISUAL/phase2/stormwood/contact_sheet_named_locations_08.jpg,godot --path . --rendering-driver opengl3 --resolution 1920x1080 --script tools/phase2_capture_locations.gd -- --biome=stormwood --subset=stormwood__landmark__verge_rod_station --times=golden --views=close --seed=2042 --output=res://ralph/reports/VISUAL/phase2/stormwood/repro/stormwood__landmark__verge_rod_station__golden__close,99274a3cfa654d2a5a655a91635db736829f236a,native GPU Compatibility,ralph/reports/VISUAL/phase2/stormwood/locations/stormwood__landmark__verge_rod_station__golden__close.jpg,15,contact_sheet_tile_320x180
stormwood__landmark__verge_rod_station__night__approach,stormwood,named_locations,Verge Rod Station,stormwood__landmark__verge_rod_station,off,night,unmeasured,approach,normal,ralph/reports/VISUAL/phase2/stormwood/contact_sheet_named_locations_08.jpg,godot --path . --rendering-driver opengl3 --resolution 1920x1080 --script tools/phase2_capture_locations.gd -- --biome=stormwood --subset=stormwood__landmark__verge_rod_station --times=night --views=approach --seed=2042 --output=res://ralph/reports/VISUAL/phase2/stormwood/repro/stormwood__landmark__verge_rod_station__night__approach,99274a3cfa654d2a5a655a91635db736829f236a,native GPU Compatibility,ralph/reports/VISUAL/phase2/stormwood/locations/stormwood__landmark__verge_rod_station__night__approach.jpg,16,contact_sheet_tile_320x180
stormwood__landmark__verge_rod_station__night__close,stormwood,named_locations,Verge Rod Station,stormwood__landmark__verge_rod_station,off,night,unmeasured,close,close,ralph/reports/VISUAL/phase2/stormwood/contact_sheet_named_locations_08.jpg,godot --path . --rendering-driver opengl3 --resolution 1920x1080 --script tools/phase2_capture_locations.gd -- --biome=stormwood --subset=stormwood__landmark__verge_rod_station --times=night --views=close --seed=2042 --output=res://ralph/reports/VISUAL/phase2/stormwood/repro/stormwood__landmark__verge_rod_station__night__close,99274a3cfa654d2a5a655a91635db736829f236a,native GPU Compatibility,ralph/reports/VISUAL/phase2/stormwood/locations/stormwood__landmark__verge_rod_station__night__close.jpg,17,contact_sheet_tile_320x180
stormwood__menu_backpack,stormwood,ui,Menu backpack,,main,day,clear,menu_backpack,ui,ralph/reports/VISUAL/phase2/stormwood/contact_sheet_ui_01.jpg,godot --path . --rendering-driver opengl3 --resolution 1920x1080 --script tools/phase2_capture_ui.gd -- --biome=stormwood --seed=2042 --output=res://ralph/reports/VISUAL/phase2/stormwood/ui_repro,73dcf98b139672b1965e08a53671350df0bc20b9,native GPU Compatibility,ralph/reports/VISUAL/phase2/stormwood/ui/menu_backpack.jpg,1,contact_sheet_tile_320x180
stormwood__menu_build,stormwood,ui,Menu build,,main,day,clear,menu_build,ui,ralph/reports/VISUAL/phase2/stormwood/contact_sheet_ui_01.jpg,godot --path . --rendering-driver opengl3 --resolution 1920x1080 --script tools/phase2_capture_ui.gd -- --biome=stormwood --seed=2042 --output=res://ralph/reports/VISUAL/phase2/stormwood/ui_repro,73dcf98b139672b1965e08a53671350df0bc20b9,native GPU Compatibility,ralph/reports/VISUAL/phase2/stormwood/ui/menu_build.jpg,2,contact_sheet_tile_320x180
stormwood__menu_creatures,stormwood,ui,Menu creatures,,main,day,clear,menu_creatures,ui,ralph/reports/VISUAL/phase2/stormwood/contact_sheet_ui_01.jpg,godot --path . --rendering-driver opengl3 --resolution 1920x1080 --script tools/phase2_capture_ui.gd -- --biome=stormwood --seed=2042 --output=res://ralph/reports/VISUAL/phase2/stormwood/ui_repro,73dcf98b139672b1965e08a53671350df0bc20b9,native GPU Compatibility,ralph/reports/VISUAL/phase2/stormwood/ui/menu_creatures.jpg,3,contact_sheet_tile_320x180
stormwood__menu_map,stormwood,ui,Menu map,,main,day,clear,menu_map,ui,ralph/reports/VISUAL/phase2/stormwood/contact_sheet_ui_01.jpg,godot --path . --rendering-driver opengl3 --resolution 1920x1080 --script tools/phase2_capture_ui.gd -- --biome=stormwood --seed=2042 --output=res://ralph/reports/VISUAL/phase2/stormwood/ui_repro,73dcf98b139672b1965e08a53671350df0bc20b9,native GPU Compatibility,ralph/reports/VISUAL/phase2/stormwood/ui/menu_map.jpg,4,contact_sheet_tile_320x180
stormwood__menu_players,stormwood,ui,Menu players,,main,day,clear,menu_players,ui,ralph/reports/VISUAL/phase2/stormwood/contact_sheet_ui_01.jpg,godot --path . --rendering-driver opengl3 --resolution 1920x1080 --script tools/phase2_capture_ui.gd -- --biome=stormwood --seed=2042 --output=res://ralph/reports/VISUAL/phase2/stormwood/ui_repro,73dcf98b139672b1965e08a53671350df0bc20b9,native GPU Compatibility,ralph/reports/VISUAL/phase2/stormwood/ui/menu_players.jpg,5,contact_sheet_tile_320x180
stormwood__menu_quest_log,stormwood,ui,Menu quest_log,,main,day,clear,menu_quest_log,ui,ralph/reports/VISUAL/phase2/stormwood/contact_sheet_ui_01.jpg,godot --path . --rendering-driver opengl3 --resolution 1920x1080 --script tools/phase2_capture_ui.gd -- --biome=stormwood --seed=2042 --output=res://ralph/reports/VISUAL/phase2/stormwood/ui_repro,73dcf98b139672b1965e08a53671350df0bc20b9,native GPU Compatibility,ralph/reports/VISUAL/phase2/stormwood/ui/menu_quest_log.jpg,6,contact_sheet_tile_320x180
stormwood__menu_save,stormwood,ui,Menu save,,main,day,clear,menu_save,ui,ralph/reports/VISUAL/phase2/stormwood/contact_sheet_ui_01.jpg,godot --path . --rendering-driver opengl3 --resolution 1920x1080 --script tools/phase2_capture_ui.gd -- --biome=stormwood --seed=2042 --output=res://ralph/reports/VISUAL/phase2/stormwood/ui_repro,73dcf98b139672b1965e08a53671350df0bc20b9,native GPU Compatibility,ralph/reports/VISUAL/phase2/stormwood/ui/menu_save.jpg,7,contact_sheet_tile_320x180
stormwood__menu_settings,stormwood,ui,Menu settings,,main,day,clear,menu_settings,ui,ralph/reports/VISUAL/phase2/stormwood/contact_sheet_ui_01.jpg,godot --path . --rendering-driver opengl3 --resolution 1920x1080 --script tools/phase2_capture_ui.gd -- --biome=stormwood --seed=2042 --output=res://ralph/reports/VISUAL/phase2/stormwood/ui_repro,73dcf98b139672b1965e08a53671350df0bc20b9,native GPU Compatibility,ralph/reports/VISUAL/phase2/stormwood/ui/menu_settings.jpg,8,contact_sheet_tile_320x180
stormwood__menu_skills,stormwood,ui,Menu skills,,main,day,clear,menu_skills,ui,ralph/reports/VISUAL/phase2/stormwood/contact_sheet_ui_01.jpg,godot --path . --rendering-driver opengl3 --resolution 1920x1080 --script tools/phase2_capture_ui.gd -- --biome=stormwood --seed=2042 --output=res://ralph/reports/VISUAL/phase2/stormwood/ui_repro,73dcf98b139672b1965e08a53671350df0bc20b9,native GPU Compatibility,ralph/reports/VISUAL/phase2/stormwood/ui/menu_skills.jpg,9,contact_sheet_tile_320x180
stormwood__mosshock__attacking,stormwood,creatures,mosshock,capture_stage,off,day,clear,attacking,normal,ralph/reports/VISUAL/phase2/stormwood/contact_sheet_creatures_01.jpg,godot --path . --rendering-driver opengl3 --resolution 1920x1080 --script tools/phase2_capture_creatures.gd -- --biome=stormwood --only=mosshock --seed=2042 --output=res://ralph/reports/VISUAL/phase2/stormwood/creature_repro_mosshock,73dcf98b139672b1965e08a53671350df0bc20b9,native GPU Compatibility,ralph/reports/VISUAL/phase2/stormwood/creatures/stormwood__mosshock__attacking.jpg,21,contact_sheet_tile_320x180
stormwood__mosshock__fainted,stormwood,creatures,mosshock,capture_stage,off,day,clear,fainted,normal,ralph/reports/VISUAL/phase2/stormwood/contact_sheet_creatures_01.jpg,godot --path . --rendering-driver opengl3 --resolution 1920x1080 --script tools/phase2_capture_creatures.gd -- --biome=stormwood --only=mosshock --seed=2042 --output=res://ralph/reports/VISUAL/phase2/stormwood/creature_repro_mosshock,73dcf98b139672b1965e08a53671350df0bc20b9,native GPU Compatibility,ralph/reports/VISUAL/phase2/stormwood/creatures/stormwood__mosshock__fainted.jpg,22,contact_sheet_tile_320x180
stormwood__mosshock__hurt,stormwood,creatures,mosshock,capture_stage,off,day,clear,hurt,normal,ralph/reports/VISUAL/phase2/stormwood/contact_sheet_creatures_01.jpg,godot --path . --rendering-driver opengl3 --resolution 1920x1080 --script tools/phase2_capture_creatures.gd -- --biome=stormwood --only=mosshock --seed=2042 --output=res://ralph/reports/VISUAL/phase2/stormwood/creature_repro_mosshock,73dcf98b139672b1965e08a53671350df0bc20b9,native GPU Compatibility,ralph/reports/VISUAL/phase2/stormwood/creatures/stormwood__mosshock__hurt.jpg,23,contact_sheet_tile_320x180
stormwood__mosshock__idle,stormwood,creatures,mosshock,capture_stage,off,day,clear,idle,normal,ralph/reports/VISUAL/phase2/stormwood/contact_sheet_creatures_02.jpg,godot --path . --rendering-driver opengl3 --resolution 1920x1080 --script tools/phase2_capture_creatures.gd -- --biome=stormwood --only=mosshock --seed=2042 --output=res://ralph/reports/VISUAL/phase2/stormwood/creature_repro_mosshock,73dcf98b139672b1965e08a53671350df0bc20b9,native GPU Compatibility,ralph/reports/VISUAL/phase2/stormwood/creatures/stormwood__mosshock__idle.jpg,0,contact_sheet_tile_320x180
stormwood__mosshock__moving,stormwood,creatures,mosshock,capture_stage,off,day,clear,moving,normal,ralph/reports/VISUAL/phase2/stormwood/contact_sheet_creatures_02.jpg,godot --path . --rendering-driver opengl3 --resolution 1920x1080 --script tools/phase2_capture_creatures.gd -- --biome=stormwood --only=mosshock --seed=2042 --output=res://ralph/reports/VISUAL/phase2/stormwood/creature_repro_mosshock,73dcf98b139672b1965e08a53671350df0bc20b9,native GPU Compatibility,ralph/reports/VISUAL/phase2/stormwood/creatures/stormwood__mosshock__moving.jpg,1,contact_sheet_tile_320x180
stormwood__mosshock__resting,stormwood,creatures,mosshock,capture_stage,off,day,clear,resting,normal,ralph/reports/VISUAL/phase2/stormwood/contact_sheet_creatures_02.jpg,godot --path . --rendering-driver opengl3 --resolution 1920x1080 --script tools/phase2_capture_creatures.gd -- --biome=stormwood --only=mosshock --seed=2042 --output=res://ralph/reports/VISUAL/phase2/stormwood/creature_repro_mosshock,73dcf98b139672b1965e08a53671350df0bc20b9,native GPU Compatibility,ralph/reports/VISUAL/phase2/stormwood/creatures/stormwood__mosshock__resting.jpg,2,contact_sheet_tile_320x180
stormwood__mosshock__shiny_idle,stormwood,creatures,mosshock,capture_stage,off,day,clear,shiny_idle,normal,ralph/reports/VISUAL/phase2/stormwood/contact_sheet_creatures_02.jpg,godot --path . --rendering-driver opengl3 --resolution 1920x1080 --script tools/phase2_capture_creatures.gd -- --biome=stormwood --only=mosshock --seed=2042 --output=res://ralph/reports/VISUAL/phase2/stormwood/creature_repro_mosshock,73dcf98b139672b1965e08a53671350df0bc20b9,native GPU Compatibility,ralph/reports/VISUAL/phase2/stormwood/creatures/stormwood__mosshock__shiny_idle.jpg,3,contact_sheet_tile_320x180
stormwood__pebbik__attacking,stormwood,creatures,pebbik,capture_stage,off,day,clear,attacking,normal,ralph/reports/VISUAL/phase2/stormwood/contact_sheet_creatures_02.jpg,godot --path . --rendering-driver opengl3 --resolution 1920x1080 --script tools/phase2_capture_creatures.gd -- --biome=stormwood --only=pebbik --seed=2042 --output=res://ralph/reports/VISUAL/phase2/stormwood/creature_repro_pebbik,73dcf98b139672b1965e08a53671350df0bc20b9,native GPU Compatibility,ralph/reports/VISUAL/phase2/stormwood/creatures/stormwood__pebbik__attacking.jpg,4,contact_sheet_tile_320x180
stormwood__pebbik__fainted,stormwood,creatures,pebbik,capture_stage,off,day,clear,fainted,normal,ralph/reports/VISUAL/phase2/stormwood/contact_sheet_creatures_02.jpg,godot --path . --rendering-driver opengl3 --resolution 1920x1080 --script tools/phase2_capture_creatures.gd -- --biome=stormwood --only=pebbik --seed=2042 --output=res://ralph/reports/VISUAL/phase2/stormwood/creature_repro_pebbik,73dcf98b139672b1965e08a53671350df0bc20b9,native GPU Compatibility,ralph/reports/VISUAL/phase2/stormwood/creatures/stormwood__pebbik__fainted.jpg,5,contact_sheet_tile_320x180
stormwood__pebbik__hurt,stormwood,creatures,pebbik,capture_stage,off,day,clear,hurt,normal,ralph/reports/VISUAL/phase2/stormwood/contact_sheet_creatures_02.jpg,godot --path . --rendering-driver opengl3 --resolution 1920x1080 --script tools/phase2_capture_creatures.gd -- --biome=stormwood --only=pebbik --seed=2042 --output=res://ralph/reports/VISUAL/phase2/stormwood/creature_repro_pebbik,73dcf98b139672b1965e08a53671350df0bc20b9,native GPU Compatibility,ralph/reports/VISUAL/phase2/stormwood/creatures/stormwood__pebbik__hurt.jpg,6,contact_sheet_tile_320x180
stormwood__pebbik__idle,stormwood,creatures,pebbik,capture_stage,off,day,clear,idle,normal,ralph/reports/VISUAL/phase2/stormwood/contact_sheet_creatures_02.jpg,godot --path . --rendering-driver opengl3 --resolution 1920x1080 --script tools/phase2_capture_creatures.gd -- --biome=stormwood --only=pebbik --seed=2042 --output=res://ralph/reports/VISUAL/phase2/stormwood/creature_repro_pebbik,73dcf98b139672b1965e08a53671350df0bc20b9,native GPU Compatibility,ralph/reports/VISUAL/phase2/stormwood/creatures/stormwood__pebbik__idle.jpg,7,contact_sheet_tile_320x180
stormwood__pebbik__moving,stormwood,creatures,pebbik,capture_stage,off,day,clear,moving,normal,ralph/reports/VISUAL/phase2/stormwood/contact_sheet_creatures_02.jpg,godot --path . --rendering-driver opengl3 --resolution 1920x1080 --script tools/phase2_capture_creatures.gd -- --biome=stormwood --only=pebbik --seed=2042 --output=res://ralph/reports/VISUAL/phase2/stormwood/creature_repro_pebbik,73dcf98b139672b1965e08a53671350df0bc20b9,native GPU Compatibility,ralph/reports/VISUAL/phase2/stormwood/creatures/stormwood__pebbik__moving.jpg,8,contact_sheet_tile_320x180
stormwood__pebbik__resting,stormwood,creatures,pebbik,capture_stage,off,day,clear,resting,normal,ralph/reports/VISUAL/phase2/stormwood/contact_sheet_creatures_02.jpg,godot --path . --rendering-driver opengl3 --resolution 1920x1080 --script tools/phase2_capture_creatures.gd -- --biome=stormwood --only=pebbik --seed=2042 --output=res://ralph/reports/VISUAL/phase2/stormwood/creature_repro_pebbik,73dcf98b139672b1965e08a53671350df0bc20b9,native GPU Compatibility,ralph/reports/VISUAL/phase2/stormwood/creatures/stormwood__pebbik__resting.jpg,9,contact_sheet_tile_320x180
stormwood__pebbik__shiny_idle,stormwood,creatures,pebbik,capture_stage,off,day,clear,shiny_idle,normal,ralph/reports/VISUAL/phase2/stormwood/contact_sheet_creatures_02.jpg,godot --path . --rendering-driver opengl3 --resolution 1920x1080 --script tools/phase2_capture_creatures.gd -- --biome=stormwood --only=pebbik --seed=2042 --output=res://ralph/reports/VISUAL/phase2/stormwood/creature_repro_pebbik,73dcf98b139672b1965e08a53671350df0bc20b9,native GPU Compatibility,ralph/reports/VISUAL/phase2/stormwood/creatures/stormwood__pebbik__shiny_idle.jpg,10,contact_sheet_tile_320x180
stormwood__quick_bindings,stormwood,ui,Quick items,,main,day,clear,quick_bindings,ui,ralph/reports/VISUAL/phase2/stormwood/contact_sheet_ui_01.jpg,godot --path . --rendering-driver opengl3 --resolution 1920x1080 --script tools/phase2_capture_ui.gd -- --biome=stormwood --seed=2042 --output=res://ralph/reports/VISUAL/phase2/stormwood/ui_repro,73dcf98b139672b1965e08a53671350df0bc20b9,native GPU Compatibility,ralph/reports/VISUAL/phase2/stormwood/ui/quick_bindings.jpg,10,contact_sheet_tile_320x180
stormwood__settings_controls,stormwood,ui,Controls,,main,day,clear,settings_controls,ui,ralph/reports/VISUAL/phase2/stormwood/contact_sheet_ui_01.jpg,godot --path . --rendering-driver opengl3 --resolution 1920x1080 --script tools/phase2_capture_ui.gd -- --biome=stormwood --seed=2042 --output=res://ralph/reports/VISUAL/phase2/stormwood/ui_repro,73dcf98b139672b1965e08a53671350df0bc20b9,native GPU Compatibility,ralph/reports/VISUAL/phase2/stormwood/ui/settings_controls.jpg,11,contact_sheet_tile_320x180
stormwood__sparkit__attacking,stormwood,creatures,sparkit,capture_stage,off,day,clear,attacking,normal,ralph/reports/VISUAL/phase2/stormwood/contact_sheet_creatures_02.jpg,godot --path . --rendering-driver opengl3 --resolution 1920x1080 --script tools/phase2_capture_creatures.gd -- --biome=stormwood --only=sparkit --seed=2042 --output=res://ralph/reports/VISUAL/phase2/stormwood/creature_repro_sparkit,73dcf98b139672b1965e08a53671350df0bc20b9,native GPU Compatibility,ralph/reports/VISUAL/phase2/stormwood/creatures/stormwood__sparkit__attacking.jpg,11,contact_sheet_tile_320x180
stormwood__sparkit__fainted,stormwood,creatures,sparkit,capture_stage,off,day,clear,fainted,normal,ralph/reports/VISUAL/phase2/stormwood/contact_sheet_creatures_02.jpg,godot --path . --rendering-driver opengl3 --resolution 1920x1080 --script tools/phase2_capture_creatures.gd -- --biome=stormwood --only=sparkit --seed=2042 --output=res://ralph/reports/VISUAL/phase2/stormwood/creature_repro_sparkit,73dcf98b139672b1965e08a53671350df0bc20b9,native GPU Compatibility,ralph/reports/VISUAL/phase2/stormwood/creatures/stormwood__sparkit__fainted.jpg,12,contact_sheet_tile_320x180
stormwood__sparkit__hurt,stormwood,creatures,sparkit,capture_stage,off,day,clear,hurt,normal,ralph/reports/VISUAL/phase2/stormwood/contact_sheet_creatures_02.jpg,godot --path . --rendering-driver opengl3 --resolution 1920x1080 --script tools/phase2_capture_creatures.gd -- --biome=stormwood --only=sparkit --seed=2042 --output=res://ralph/reports/VISUAL/phase2/stormwood/creature_repro_sparkit,73dcf98b139672b1965e08a53671350df0bc20b9,native GPU Compatibility,ralph/reports/VISUAL/phase2/stormwood/creatures/stormwood__sparkit__hurt.jpg,13,contact_sheet_tile_320x180
stormwood__sparkit__idle,stormwood,creatures,sparkit,capture_stage,off,day,clear,idle,normal,ralph/reports/VISUAL/phase2/stormwood/contact_sheet_creatures_02.jpg,godot --path . --rendering-driver opengl3 --resolution 1920x1080 --script tools/phase2_capture_creatures.gd -- --biome=stormwood --only=sparkit --seed=2042 --output=res://ralph/reports/VISUAL/phase2/stormwood/creature_repro_sparkit,73dcf98b139672b1965e08a53671350df0bc20b9,native GPU Compatibility,ralph/reports/VISUAL/phase2/stormwood/creatures/stormwood__sparkit__idle.jpg,14,contact_sheet_tile_320x180
stormwood__sparkit__moving,stormwood,creatures,sparkit,capture_stage,off,day,clear,moving,normal,ralph/reports/VISUAL/phase2/stormwood/contact_sheet_creatures_02.jpg,godot --path . --rendering-driver opengl3 --resolution 1920x1080 --script tools/phase2_capture_creatures.gd -- --biome=stormwood --only=sparkit --seed=2042 --output=res://ralph/reports/VISUAL/phase2/stormwood/creature_repro_sparkit,73dcf98b139672b1965e08a53671350df0bc20b9,native GPU Compatibility,ralph/reports/VISUAL/phase2/stormwood/creatures/stormwood__sparkit__moving.jpg,15,contact_sheet_tile_320x180
stormwood__sparkit__resting,stormwood,creatures,sparkit,capture_stage,off,day,clear,resting,normal,ralph/reports/VISUAL/phase2/stormwood/contact_sheet_creatures_02.jpg,godot --path . --rendering-driver opengl3 --resolution 1920x1080 --script tools/phase2_capture_creatures.gd -- --biome=stormwood --only=sparkit --seed=2042 --output=res://ralph/reports/VISUAL/phase2/stormwood/creature_repro_sparkit,73dcf98b139672b1965e08a53671350df0bc20b9,native GPU Compatibility,ralph/reports/VISUAL/phase2/stormwood/creatures/stormwood__sparkit__resting.jpg,16,contact_sheet_tile_320x180
stormwood__sparkit__shiny_idle,stormwood,creatures,sparkit,capture_stage,off,day,clear,shiny_idle,normal,ralph/reports/VISUAL/phase2/stormwood/contact_sheet_creatures_02.jpg,godot --path . --rendering-driver opengl3 --resolution 1920x1080 --script tools/phase2_capture_creatures.gd -- --biome=stormwood --only=sparkit --seed=2042 --output=res://ralph/reports/VISUAL/phase2/stormwood/creature_repro_sparkit,73dcf98b139672b1965e08a53671350df0bc20b9,native GPU Compatibility,ralph/reports/VISUAL/phase2/stormwood/creatures/stormwood__sparkit__shiny_idle.jpg,17,contact_sheet_tile_320x180
stormwood__staticub__attacking,stormwood,creatures,staticub,capture_stage,off,day,clear,attacking,normal,ralph/reports/VISUAL/phase2/stormwood/contact_sheet_creatures_02.jpg,godot --path . --rendering-driver opengl3 --resolution 1920x1080 --script tools/phase2_capture_creatures.gd -- --biome=stormwood --only=staticub --seed=2042 --output=res://ralph/reports/VISUAL/phase2/stormwood/creature_repro_staticub,73dcf98b139672b1965e08a53671350df0bc20b9,native GPU Compatibility,ralph/reports/VISUAL/phase2/stormwood/creatures/stormwood__staticub__attacking.jpg,18,contact_sheet_tile_320x180
stormwood__staticub__fainted,stormwood,creatures,staticub,capture_stage,off,day,clear,fainted,normal,ralph/reports/VISUAL/phase2/stormwood/contact_sheet_creatures_02.jpg,godot --path . --rendering-driver opengl3 --resolution 1920x1080 --script tools/phase2_capture_creatures.gd -- --biome=stormwood --only=staticub --seed=2042 --output=res://ralph/reports/VISUAL/phase2/stormwood/creature_repro_staticub,73dcf98b139672b1965e08a53671350df0bc20b9,native GPU Compatibility,ralph/reports/VISUAL/phase2/stormwood/creatures/stormwood__staticub__fainted.jpg,19,contact_sheet_tile_320x180
stormwood__staticub__hurt,stormwood,creatures,staticub,capture_stage,off,day,clear,hurt,normal,ralph/reports/VISUAL/phase2/stormwood/contact_sheet_creatures_02.jpg,godot --path . --rendering-driver opengl3 --resolution 1920x1080 --script tools/phase2_capture_creatures.gd -- --biome=stormwood --only=staticub --seed=2042 --output=res://ralph/reports/VISUAL/phase2/stormwood/creature_repro_staticub,73dcf98b139672b1965e08a53671350df0bc20b9,native GPU Compatibility,ralph/reports/VISUAL/phase2/stormwood/creatures/stormwood__staticub__hurt.jpg,20,contact_sheet_tile_320x180
stormwood__staticub__idle,stormwood,creatures,staticub,capture_stage,off,day,clear,idle,normal,ralph/reports/VISUAL/phase2/stormwood/contact_sheet_creatures_02.jpg,godot --path . --rendering-driver opengl3 --resolution 1920x1080 --script tools/phase2_capture_creatures.gd -- --biome=stormwood --only=staticub --seed=2042 --output=res://ralph/reports/VISUAL/phase2/stormwood/creature_repro_staticub,73dcf98b139672b1965e08a53671350df0bc20b9,native GPU Compatibility,ralph/reports/VISUAL/phase2/stormwood/creatures/stormwood__staticub__idle.jpg,21,contact_sheet_tile_320x180
stormwood__staticub__moving,stormwood,creatures,staticub,capture_stage,off,day,clear,moving,normal,ralph/reports/VISUAL/phase2/stormwood/contact_sheet_creatures_02.jpg,godot --path . --rendering-driver opengl3 --resolution 1920x1080 --script tools/phase2_capture_creatures.gd -- --biome=stormwood --only=staticub --seed=2042 --output=res://ralph/reports/VISUAL/phase2/stormwood/creature_repro_staticub,73dcf98b139672b1965e08a53671350df0bc20b9,native GPU Compatibility,ralph/reports/VISUAL/phase2/stormwood/creatures/stormwood__staticub__moving.jpg,22,contact_sheet_tile_320x180
stormwood__staticub__resting,stormwood,creatures,staticub,capture_stage,off,day,clear,resting,normal,ralph/reports/VISUAL/phase2/stormwood/contact_sheet_creatures_02.jpg,godot --path . --rendering-driver opengl3 --resolution 1920x1080 --script tools/phase2_capture_creatures.gd -- --biome=stormwood --only=staticub --seed=2042 --output=res://ralph/reports/VISUAL/phase2/stormwood/creature_repro_staticub,73dcf98b139672b1965e08a53671350df0bc20b9,native GPU Compatibility,ralph/reports/VISUAL/phase2/stormwood/creatures/stormwood__staticub__resting.jpg,23,contact_sheet_tile_320x180
stormwood__staticub__shiny_idle,stormwood,creatures,staticub,capture_stage,off,day,clear,shiny_idle,normal,ralph/reports/VISUAL/phase2/stormwood/contact_sheet_creatures_03.jpg,godot --path . --rendering-driver opengl3 --resolution 1920x1080 --script tools/phase2_capture_creatures.gd -- --biome=stormwood --only=staticub --seed=2042 --output=res://ralph/reports/VISUAL/phase2/stormwood/creature_repro_staticub,73dcf98b139672b1965e08a53671350df0bc20b9,native GPU Compatibility,ralph/reports/VISUAL/phase2/stormwood/creatures/stormwood__staticub__shiny_idle.jpg,0,contact_sheet_tile_320x180
stormwood__stormbrush__attacking,stormwood,creatures,stormbrush,capture_stage,off,day,clear,attacking,normal,ralph/reports/VISUAL/phase2/stormwood/contact_sheet_creatures_03.jpg,godot --path . --rendering-driver opengl3 --resolution 1920x1080 --script tools/phase2_capture_creatures.gd -- --biome=stormwood --only=stormbrush --seed=2042 --output=res://ralph/reports/VISUAL/phase2/stormwood/creature_repro_stormbrush,73dcf98b139672b1965e08a53671350df0bc20b9,native GPU Compatibility,ralph/reports/VISUAL/phase2/stormwood/creatures/stormwood__stormbrush__attacking.jpg,1,contact_sheet_tile_320x180
stormwood__stormbrush__fainted,stormwood,creatures,stormbrush,capture_stage,off,day,clear,fainted,normal,ralph/reports/VISUAL/phase2/stormwood/contact_sheet_creatures_03.jpg,godot --path . --rendering-driver opengl3 --resolution 1920x1080 --script tools/phase2_capture_creatures.gd -- --biome=stormwood --only=stormbrush --seed=2042 --output=res://ralph/reports/VISUAL/phase2/stormwood/creature_repro_stormbrush,73dcf98b139672b1965e08a53671350df0bc20b9,native GPU Compatibility,ralph/reports/VISUAL/phase2/stormwood/creatures/stormwood__stormbrush__fainted.jpg,2,contact_sheet_tile_320x180
stormwood__stormbrush__hurt,stormwood,creatures,stormbrush,capture_stage,off,day,clear,hurt,normal,ralph/reports/VISUAL/phase2/stormwood/contact_sheet_creatures_03.jpg,godot --path . --rendering-driver opengl3 --resolution 1920x1080 --script tools/phase2_capture_creatures.gd -- --biome=stormwood --only=stormbrush --seed=2042 --output=res://ralph/reports/VISUAL/phase2/stormwood/creature_repro_stormbrush,73dcf98b139672b1965e08a53671350df0bc20b9,native GPU Compatibility,ralph/reports/VISUAL/phase2/stormwood/creatures/stormwood__stormbrush__hurt.jpg,3,contact_sheet_tile_320x180
stormwood__stormbrush__idle,stormwood,creatures,stormbrush,capture_stage,off,day,clear,idle,normal,ralph/reports/VISUAL/phase2/stormwood/contact_sheet_creatures_03.jpg,godot --path . --rendering-driver opengl3 --resolution 1920x1080 --script tools/phase2_capture_creatures.gd -- --biome=stormwood --only=stormbrush --seed=2042 --output=res://ralph/reports/VISUAL/phase2/stormwood/creature_repro_stormbrush,73dcf98b139672b1965e08a53671350df0bc20b9,native GPU Compatibility,ralph/reports/VISUAL/phase2/stormwood/creatures/stormwood__stormbrush__idle.jpg,4,contact_sheet_tile_320x180
stormwood__stormbrush__moving,stormwood,creatures,stormbrush,capture_stage,off,day,clear,moving,normal,ralph/reports/VISUAL/phase2/stormwood/contact_sheet_creatures_03.jpg,godot --path . --rendering-driver opengl3 --resolution 1920x1080 --script tools/phase2_capture_creatures.gd -- --biome=stormwood --only=stormbrush --seed=2042 --output=res://ralph/reports/VISUAL/phase2/stormwood/creature_repro_stormbrush,73dcf98b139672b1965e08a53671350df0bc20b9,native GPU Compatibility,ralph/reports/VISUAL/phase2/stormwood/creatures/stormwood__stormbrush__moving.jpg,5,contact_sheet_tile_320x180
stormwood__stormbrush__resting,stormwood,creatures,stormbrush,capture_stage,off,day,clear,resting,normal,ralph/reports/VISUAL/phase2/stormwood/contact_sheet_creatures_03.jpg,godot --path . --rendering-driver opengl3 --resolution 1920x1080 --script tools/phase2_capture_creatures.gd -- --biome=stormwood --only=stormbrush --seed=2042 --output=res://ralph/reports/VISUAL/phase2/stormwood/creature_repro_stormbrush,73dcf98b139672b1965e08a53671350df0bc20b9,native GPU Compatibility,ralph/reports/VISUAL/phase2/stormwood/creatures/stormwood__stormbrush__resting.jpg,6,contact_sheet_tile_320x180
stormwood__stormbrush__shiny_idle,stormwood,creatures,stormbrush,capture_stage,off,day,clear,shiny_idle,normal,ralph/reports/VISUAL/phase2/stormwood/contact_sheet_creatures_03.jpg,godot --path . --rendering-driver opengl3 --resolution 1920x1080 --script tools/phase2_capture_creatures.gd -- --biome=stormwood --only=stormbrush --seed=2042 --output=res://ralph/reports/VISUAL/phase2/stormwood/creature_repro_stormbrush,73dcf98b139672b1965e08a53671350df0bc20b9,native GPU Compatibility,ralph/reports/VISUAL/phase2/stormwood/creatures/stormwood__stormbrush__shiny_idle.jpg,7,contact_sheet_tile_320x180
stormwood__stormraven__attacking,stormwood,creatures,stormraven,capture_stage,off,day,clear,attacking,normal,ralph/reports/VISUAL/phase2/stormwood/contact_sheet_creatures_03.jpg,godot --path . --rendering-driver opengl3 --resolution 1920x1080 --script tools/phase2_capture_creatures.gd -- --biome=stormwood --only=stormraven --seed=2042 --output=res://ralph/reports/VISUAL/phase2/stormwood/creature_repro_stormraven,73dcf98b139672b1965e08a53671350df0bc20b9,native GPU Compatibility,ralph/reports/VISUAL/phase2/stormwood/creatures/stormwood__stormraven__attacking.jpg,8,contact_sheet_tile_320x180
stormwood__stormraven__fainted,stormwood,creatures,stormraven,capture_stage,off,day,clear,fainted,normal,ralph/reports/VISUAL/phase2/stormwood/contact_sheet_creatures_03.jpg,godot --path . --rendering-driver opengl3 --resolution 1920x1080 --script tools/phase2_capture_creatures.gd -- --biome=stormwood --only=stormraven --seed=2042 --output=res://ralph/reports/VISUAL/phase2/stormwood/creature_repro_stormraven,73dcf98b139672b1965e08a53671350df0bc20b9,native GPU Compatibility,ralph/reports/VISUAL/phase2/stormwood/creatures/stormwood__stormraven__fainted.jpg,9,contact_sheet_tile_320x180
stormwood__stormraven__hurt,stormwood,creatures,stormraven,capture_stage,off,day,clear,hurt,normal,ralph/reports/VISUAL/phase2/stormwood/contact_sheet_creatures_03.jpg,godot --path . --rendering-driver opengl3 --resolution 1920x1080 --script tools/phase2_capture_creatures.gd -- --biome=stormwood --only=stormraven --seed=2042 --output=res://ralph/reports/VISUAL/phase2/stormwood/creature_repro_stormraven,73dcf98b139672b1965e08a53671350df0bc20b9,native GPU Compatibility,ralph/reports/VISUAL/phase2/stormwood/creatures/stormwood__stormraven__hurt.jpg,10,contact_sheet_tile_320x180
stormwood__stormraven__idle,stormwood,creatures,stormraven,capture_stage,off,day,clear,idle,normal,ralph/reports/VISUAL/phase2/stormwood/contact_sheet_creatures_03.jpg,godot --path . --rendering-driver opengl3 --resolution 1920x1080 --script tools/phase2_capture_creatures.gd -- --biome=stormwood --only=stormraven --seed=2042 --output=res://ralph/reports/VISUAL/phase2/stormwood/creature_repro_stormraven,73dcf98b139672b1965e08a53671350df0bc20b9,native GPU Compatibility,ralph/reports/VISUAL/phase2/stormwood/creatures/stormwood__stormraven__idle.jpg,11,contact_sheet_tile_320x180
stormwood__stormraven__moving,stormwood,creatures,stormraven,capture_stage,off,day,clear,moving,normal,ralph/reports/VISUAL/phase2/stormwood/contact_sheet_creatures_03.jpg,godot --path . --rendering-driver opengl3 --resolution 1920x1080 --script tools/phase2_capture_creatures.gd -- --biome=stormwood --only=stormraven --seed=2042 --output=res://ralph/reports/VISUAL/phase2/stormwood/creature_repro_stormraven,73dcf98b139672b1965e08a53671350df0bc20b9,native GPU Compatibility,ralph/reports/VISUAL/phase2/stormwood/creatures/stormwood__stormraven__moving.jpg,12,contact_sheet_tile_320x180
stormwood__stormraven__resting,stormwood,creatures,stormraven,capture_stage,off,day,clear,resting,normal,ralph/reports/VISUAL/phase2/stormwood/contact_sheet_creatures_03.jpg,godot --path . --rendering-driver opengl3 --resolution 1920x1080 --script tools/phase2_capture_creatures.gd -- --biome=stormwood --only=stormraven --seed=2042 --output=res://ralph/reports/VISUAL/phase2/stormwood/creature_repro_stormraven,73dcf98b139672b1965e08a53671350df0bc20b9,native GPU Compatibility,ralph/reports/VISUAL/phase2/stormwood/creatures/stormwood__stormraven__resting.jpg,13,contact_sheet_tile_320x180
stormwood__stormraven__shiny_idle,stormwood,creatures,stormraven,capture_stage,off,day,clear,shiny_idle,normal,ralph/reports/VISUAL/phase2/stormwood/contact_sheet_creatures_03.jpg,godot --path . --rendering-driver opengl3 --resolution 1920x1080 --script tools/phase2_capture_creatures.gd -- --biome=stormwood --only=stormraven --seed=2042 --output=res://ralph/reports/VISUAL/phase2/stormwood/creature_repro_stormraven,73dcf98b139672b1965e08a53671350df0bc20b9,native GPU Compatibility,ralph/reports/VISUAL/phase2/stormwood/creatures/stormwood__stormraven__shiny_idle.jpg,14,contact_sheet_tile_320x180
stormwood__stormtrail__attacking,stormwood,creatures,stormtrail,capture_stage,off,day,clear,attacking,normal,ralph/reports/VISUAL/phase2/stormwood/contact_sheet_creatures_03.jpg,godot --path . --rendering-driver opengl3 --resolution 1920x1080 --script tools/phase2_capture_creatures.gd -- --biome=stormwood --only=stormtrail --seed=2042 --output=res://ralph/reports/VISUAL/phase2/stormwood/creature_repro_stormtrail,73dcf98b139672b1965e08a53671350df0bc20b9,native GPU Compatibility,ralph/reports/VISUAL/phase2/stormwood/creatures/stormwood__stormtrail__attacking.jpg,15,contact_sheet_tile_320x180
stormwood__stormtrail__fainted,stormwood,creatures,stormtrail,capture_stage,off,day,clear,fainted,normal,ralph/reports/VISUAL/phase2/stormwood/contact_sheet_creatures_03.jpg,godot --path . --rendering-driver opengl3 --resolution 1920x1080 --script tools/phase2_capture_creatures.gd -- --biome=stormwood --only=stormtrail --seed=2042 --output=res://ralph/reports/VISUAL/phase2/stormwood/creature_repro_stormtrail,73dcf98b139672b1965e08a53671350df0bc20b9,native GPU Compatibility,ralph/reports/VISUAL/phase2/stormwood/creatures/stormwood__stormtrail__fainted.jpg,16,contact_sheet_tile_320x180
stormwood__stormtrail__hurt,stormwood,creatures,stormtrail,capture_stage,off,day,clear,hurt,normal,ralph/reports/VISUAL/phase2/stormwood/contact_sheet_creatures_03.jpg,godot --path . --rendering-driver opengl3 --resolution 1920x1080 --script tools/phase2_capture_creatures.gd -- --biome=stormwood --only=stormtrail --seed=2042 --output=res://ralph/reports/VISUAL/phase2/stormwood/creature_repro_stormtrail,73dcf98b139672b1965e08a53671350df0bc20b9,native GPU Compatibility,ralph/reports/VISUAL/phase2/stormwood/creatures/stormwood__stormtrail__hurt.jpg,17,contact_sheet_tile_320x180
stormwood__stormtrail__idle,stormwood,creatures,stormtrail,capture_stage,off,day,clear,idle,normal,ralph/reports/VISUAL/phase2/stormwood/contact_sheet_creatures_03.jpg,godot --path . --rendering-driver opengl3 --resolution 1920x1080 --script tools/phase2_capture_creatures.gd -- --biome=stormwood --only=stormtrail --seed=2042 --output=res://ralph/reports/VISUAL/phase2/stormwood/creature_repro_stormtrail,73dcf98b139672b1965e08a53671350df0bc20b9,native GPU Compatibility,ralph/reports/VISUAL/phase2/stormwood/creatures/stormwood__stormtrail__idle.jpg,18,contact_sheet_tile_320x180
stormwood__stormtrail__moving,stormwood,creatures,stormtrail,capture_stage,off,day,clear,moving,normal,ralph/reports/VISUAL/phase2/stormwood/contact_sheet_creatures_03.jpg,godot --path . --rendering-driver opengl3 --resolution 1920x1080 --script tools/phase2_capture_creatures.gd -- --biome=stormwood --only=stormtrail --seed=2042 --output=res://ralph/reports/VISUAL/phase2/stormwood/creature_repro_stormtrail,73dcf98b139672b1965e08a53671350df0bc20b9,native GPU Compatibility,ralph/reports/VISUAL/phase2/stormwood/creatures/stormwood__stormtrail__moving.jpg,19,contact_sheet_tile_320x180
stormwood__stormtrail__resting,stormwood,creatures,stormtrail,capture_stage,off,day,clear,resting,normal,ralph/reports/VISUAL/phase2/stormwood/contact_sheet_creatures_03.jpg,godot --path . --rendering-driver opengl3 --resolution 1920x1080 --script tools/phase2_capture_creatures.gd -- --biome=stormwood --only=stormtrail --seed=2042 --output=res://ralph/reports/VISUAL/phase2/stormwood/creature_repro_stormtrail,73dcf98b139672b1965e08a53671350df0bc20b9,native GPU Compatibility,ralph/reports/VISUAL/phase2/stormwood/creatures/stormwood__stormtrail__resting.jpg,20,contact_sheet_tile_320x180
stormwood__stormtrail__shiny_idle,stormwood,creatures,stormtrail,capture_stage,off,day,clear,shiny_idle,normal,ralph/reports/VISUAL/phase2/stormwood/contact_sheet_creatures_03.jpg,godot --path . --rendering-driver opengl3 --resolution 1920x1080 --script tools/phase2_capture_creatures.gd -- --biome=stormwood --only=stormtrail --seed=2042 --output=res://ralph/reports/VISUAL/phase2/stormwood/creature_repro_stormtrail,73dcf98b139672b1965e08a53671350df0bc20b9,native GPU Compatibility,ralph/reports/VISUAL/phase2/stormwood/creatures/stormwood__stormtrail__shiny_idle.jpg,21,contact_sheet_tile_320x180
stormwood__system__bed,stormwood,systems,bed,stormwood__system__build_suite,main,day,clear,bed,normal,ralph/reports/VISUAL/phase2/stormwood/contact_sheet_systems_08.jpg,godot --path . --rendering-driver opengl3 --resolution 1920x1080 --script tools/phase2_capture_build_systems.gd -- --biome=stormwood --seed=2042 --output=res://ralph/reports/VISUAL/phase2/stormwood/repro/stormwood__system__bed,1f9d2ca4b06371d8bff11085f22c56f75c7869d6,GPU service Windows 1920x1080 gl_compatibility NVIDIA GeForce GTX 1060 3GB,ralph/reports/VISUAL/phase2/stormwood/systems/stormwood__system__bed.jpg,19,contact_sheet_tile_320x180
stormwood__system__building,stormwood,systems,building,stormwood__system__build_suite,main,day,clear,building,normal,ralph/reports/VISUAL/phase2/stormwood/contact_sheet_systems_08.jpg,godot --path . --rendering-driver opengl3 --resolution 1920x1080 --script tools/phase2_capture_build_systems.gd -- --biome=stormwood --seed=2042 --output=res://ralph/reports/VISUAL/phase2/stormwood/repro/stormwood__system__building,1f9d2ca4b06371d8bff11085f22c56f75c7869d6,GPU service Windows 1920x1080 gl_compatibility NVIDIA GeForce GTX 1060 3GB,ralph/reports/VISUAL/phase2/stormwood/systems/stormwood__system__building.jpg,20,contact_sheet_tile_320x180
stormwood__system__camp,stormwood,systems,camp,stormwood__system__build_suite,main,day,clear,camp,normal,ralph/reports/VISUAL/phase2/stormwood/contact_sheet_systems_08.jpg,godot --path . --rendering-driver opengl3 --resolution 1920x1080 --script tools/phase2_capture_build_systems.gd -- --biome=stormwood --seed=2042 --output=res://ralph/reports/VISUAL/phase2/stormwood/repro/stormwood__system__camp,1f9d2ca4b06371d8bff11085f22c56f75c7869d6,GPU service Windows 1920x1080 gl_compatibility NVIDIA GeForce GTX 1060 3GB,ralph/reports/VISUAL/phase2/stormwood/systems/stormwood__system__camp.jpg,21,contact_sheet_tile_320x180
stormwood__system__crafting,stormwood,systems,crafting,stormwood__system__build_suite,main,day,clear,crafting,ui,ralph/reports/VISUAL/phase2/stormwood/contact_sheet_systems_08.jpg,godot --path . --rendering-driver opengl3 --resolution 1920x1080 --script tools/phase2_capture_build_systems.gd -- --biome=stormwood --seed=2042 --output=res://ralph/reports/VISUAL/phase2/stormwood/repro/stormwood__system__crafting,1f9d2ca4b06371d8bff11085f22c56f75c7869d6,GPU service Windows 1920x1080 gl_compatibility NVIDIA GeForce GTX 1060 3GB,ralph/reports/VISUAL/phase2/stormwood/systems/stormwood__system__crafting.jpg,22,contact_sheet_tile_320x180
stormwood__tanglevolt__attacking,stormwood,creatures,tanglevolt,capture_stage,off,day,clear,attacking,normal,ralph/reports/VISUAL/phase2/stormwood/contact_sheet_creatures_03.jpg,godot --path . --rendering-driver opengl3 --resolution 1920x1080 --script tools/phase2_capture_creatures.gd -- --biome=stormwood --only=tanglevolt --seed=2042 --output=res://ralph/reports/VISUAL/phase2/stormwood/creature_repro_tanglevolt,73dcf98b139672b1965e08a53671350df0bc20b9,native GPU Compatibility,ralph/reports/VISUAL/phase2/stormwood/creatures/stormwood__tanglevolt__attacking.jpg,22,contact_sheet_tile_320x180
stormwood__tanglevolt__fainted,stormwood,creatures,tanglevolt,capture_stage,off,day,clear,fainted,normal,ralph/reports/VISUAL/phase2/stormwood/contact_sheet_creatures_03.jpg,godot --path . --rendering-driver opengl3 --resolution 1920x1080 --script tools/phase2_capture_creatures.gd -- --biome=stormwood --only=tanglevolt --seed=2042 --output=res://ralph/reports/VISUAL/phase2/stormwood/creature_repro_tanglevolt,73dcf98b139672b1965e08a53671350df0bc20b9,native GPU Compatibility,ralph/reports/VISUAL/phase2/stormwood/creatures/stormwood__tanglevolt__fainted.jpg,23,contact_sheet_tile_320x180
stormwood__tanglevolt__hurt,stormwood,creatures,tanglevolt,capture_stage,off,day,clear,hurt,normal,ralph/reports/VISUAL/phase2/stormwood/contact_sheet_creatures_04.jpg,godot --path . --rendering-driver opengl3 --resolution 1920x1080 --script tools/phase2_capture_creatures.gd -- --biome=stormwood --only=tanglevolt --seed=2042 --output=res://ralph/reports/VISUAL/phase2/stormwood/creature_repro_tanglevolt,73dcf98b139672b1965e08a53671350df0bc20b9,native GPU Compatibility,ralph/reports/VISUAL/phase2/stormwood/creatures/stormwood__tanglevolt__hurt.jpg,0,contact_sheet_tile_320x180
stormwood__tanglevolt__idle,stormwood,creatures,tanglevolt,capture_stage,off,day,clear,idle,normal,ralph/reports/VISUAL/phase2/stormwood/contact_sheet_creatures_04.jpg,godot --path . --rendering-driver opengl3 --resolution 1920x1080 --script tools/phase2_capture_creatures.gd -- --biome=stormwood --only=tanglevolt --seed=2042 --output=res://ralph/reports/VISUAL/phase2/stormwood/creature_repro_tanglevolt,73dcf98b139672b1965e08a53671350df0bc20b9,native GPU Compatibility,ralph/reports/VISUAL/phase2/stormwood/creatures/stormwood__tanglevolt__idle.jpg,1,contact_sheet_tile_320x180
stormwood__tanglevolt__moving,stormwood,creatures,tanglevolt,capture_stage,off,day,clear,moving,normal,ralph/reports/VISUAL/phase2/stormwood/contact_sheet_creatures_04.jpg,godot --path . --rendering-driver opengl3 --resolution 1920x1080 --script tools/phase2_capture_creatures.gd -- --biome=stormwood --only=tanglevolt --seed=2042 --output=res://ralph/reports/VISUAL/phase2/stormwood/creature_repro_tanglevolt,73dcf98b139672b1965e08a53671350df0bc20b9,native GPU Compatibility,ralph/reports/VISUAL/phase2/stormwood/creatures/stormwood__tanglevolt__moving.jpg,2,contact_sheet_tile_320x180
stormwood__tanglevolt__resting,stormwood,creatures,tanglevolt,capture_stage,off,day,clear,resting,normal,ralph/reports/VISUAL/phase2/stormwood/contact_sheet_creatures_04.jpg,godot --path . --rendering-driver opengl3 --resolution 1920x1080 --script tools/phase2_capture_creatures.gd -- --biome=stormwood --only=tanglevolt --seed=2042 --output=res://ralph/reports/VISUAL/phase2/stormwood/creature_repro_tanglevolt,73dcf98b139672b1965e08a53671350df0bc20b9,native GPU Compatibility,ralph/reports/VISUAL/phase2/stormwood/creatures/stormwood__tanglevolt__resting.jpg,3,contact_sheet_tile_320x180
stormwood__tanglevolt__shiny_idle,stormwood,creatures,tanglevolt,capture_stage,off,day,clear,shiny_idle,normal,ralph/reports/VISUAL/phase2/stormwood/contact_sheet_creatures_04.jpg,godot --path . --rendering-driver opengl3 --resolution 1920x1080 --script tools/phase2_capture_creatures.gd -- --biome=stormwood --only=tanglevolt --seed=2042 --output=res://ralph/reports/VISUAL/phase2/stormwood/creature_repro_tanglevolt,73dcf98b139672b1965e08a53671350df0bc20b9,native GPU Compatibility,ralph/reports/VISUAL/phase2/stormwood/creatures/stormwood__tanglevolt__shiny_idle.jpg,4,contact_sheet_tile_320x180
stormwood__thundertunnel__attacking,stormwood,creatures,thundertunnel,capture_stage,off,day,clear,attacking,normal,ralph/reports/VISUAL/phase2/stormwood/contact_sheet_creatures_04.jpg,godot --path . --rendering-driver opengl3 --resolution 1920x1080 --script tools/phase2_capture_creatures.gd -- --biome=stormwood --only=thundertunnel --seed=2042 --output=res://ralph/reports/VISUAL/phase2/stormwood/creature_repro_thundertunnel,73dcf98b139672b1965e08a53671350df0bc20b9,native GPU Compatibility,ralph/reports/VISUAL/phase2/stormwood/creatures/stormwood__thundertunnel__attacking.jpg,5,contact_sheet_tile_320x180
stormwood__thundertunnel__fainted,stormwood,creatures,thundertunnel,capture_stage,off,day,clear,fainted,normal,ralph/reports/VISUAL/phase2/stormwood/contact_sheet_creatures_04.jpg,godot --path . --rendering-driver opengl3 --resolution 1920x1080 --script tools/phase2_capture_creatures.gd -- --biome=stormwood --only=thundertunnel --seed=2042 --output=res://ralph/reports/VISUAL/phase2/stormwood/creature_repro_thundertunnel,73dcf98b139672b1965e08a53671350df0bc20b9,native GPU Compatibility,ralph/reports/VISUAL/phase2/stormwood/creatures/stormwood__thundertunnel__fainted.jpg,6,contact_sheet_tile_320x180
stormwood__thundertunnel__hurt,stormwood,creatures,thundertunnel,capture_stage,off,day,clear,hurt,normal,ralph/reports/VISUAL/phase2/stormwood/contact_sheet_creatures_04.jpg,godot --path . --rendering-driver opengl3 --resolution 1920x1080 --script tools/phase2_capture_creatures.gd -- --biome=stormwood --only=thundertunnel --seed=2042 --output=res://ralph/reports/VISUAL/phase2/stormwood/creature_repro_thundertunnel,73dcf98b139672b1965e08a53671350df0bc20b9,native GPU Compatibility,ralph/reports/VISUAL/phase2/stormwood/creatures/stormwood__thundertunnel__hurt.jpg,7,contact_sheet_tile_320x180
stormwood__thundertunnel__idle,stormwood,creatures,thundertunnel,capture_stage,off,day,clear,idle,normal,ralph/reports/VISUAL/phase2/stormwood/contact_sheet_creatures_04.jpg,godot --path . --rendering-driver opengl3 --resolution 1920x1080 --script tools/phase2_capture_creatures.gd -- --biome=stormwood --only=thundertunnel --seed=2042 --output=res://ralph/reports/VISUAL/phase2/stormwood/creature_repro_thundertunnel,73dcf98b139672b1965e08a53671350df0bc20b9,native GPU Compatibility,ralph/reports/VISUAL/phase2/stormwood/creatures/stormwood__thundertunnel__idle.jpg,8,contact_sheet_tile_320x180
stormwood__thundertunnel__moving,stormwood,creatures,thundertunnel,capture_stage,off,day,clear,moving,normal,ralph/reports/VISUAL/phase2/stormwood/contact_sheet_creatures_04.jpg,godot --path . --rendering-driver opengl3 --resolution 1920x1080 --script tools/phase2_capture_creatures.gd -- --biome=stormwood --only=thundertunnel --seed=2042 --output=res://ralph/reports/VISUAL/phase2/stormwood/creature_repro_thundertunnel,73dcf98b139672b1965e08a53671350df0bc20b9,native GPU Compatibility,ralph/reports/VISUAL/phase2/stormwood/creatures/stormwood__thundertunnel__moving.jpg,9,contact_sheet_tile_320x180
stormwood__thundertunnel__resting,stormwood,creatures,thundertunnel,capture_stage,off,day,clear,resting,normal,ralph/reports/VISUAL/phase2/stormwood/contact_sheet_creatures_04.jpg,godot --path . --rendering-driver opengl3 --resolution 1920x1080 --script tools/phase2_capture_creatures.gd -- --biome=stormwood --only=thundertunnel --seed=2042 --output=res://ralph/reports/VISUAL/phase2/stormwood/creature_repro_thundertunnel,73dcf98b139672b1965e08a53671350df0bc20b9,native GPU Compatibility,ralph/reports/VISUAL/phase2/stormwood/creatures/stormwood__thundertunnel__resting.jpg,10,contact_sheet_tile_320x180
stormwood__thundertunnel__shiny_idle,stormwood,creatures,thundertunnel,capture_stage,off,day,clear,shiny_idle,normal,ralph/reports/VISUAL/phase2/stormwood/contact_sheet_creatures_04.jpg,godot --path . --rendering-driver opengl3 --resolution 1920x1080 --script tools/phase2_capture_creatures.gd -- --biome=stormwood --only=thundertunnel --seed=2042 --output=res://ralph/reports/VISUAL/phase2/stormwood/creature_repro_thundertunnel,73dcf98b139672b1965e08a53671350df0bc20b9,native GPU Compatibility,ralph/reports/VISUAL/phase2/stormwood/creatures/stormwood__thundertunnel__shiny_idle.jpg,11,contact_sheet_tile_320x180
stormwood__voltarach__attacking,stormwood,creatures,voltarach,capture_stage,off,day,clear,attacking,normal,ralph/reports/VISUAL/phase2/stormwood/contact_sheet_creatures_04.jpg,godot --path . --rendering-driver opengl3 --resolution 1920x1080 --script tools/phase2_capture_creatures.gd -- --biome=stormwood --only=voltarach --seed=2042 --output=res://ralph/reports/VISUAL/phase2/stormwood/creature_repro_voltarach,73dcf98b139672b1965e08a53671350df0bc20b9,native GPU Compatibility,ralph/reports/VISUAL/phase2/stormwood/creatures/stormwood__voltarach__attacking.jpg,12,contact_sheet_tile_320x180
stormwood__voltarach__fainted,stormwood,creatures,voltarach,capture_stage,off,day,clear,fainted,normal,ralph/reports/VISUAL/phase2/stormwood/contact_sheet_creatures_04.jpg,godot --path . --rendering-driver opengl3 --resolution 1920x1080 --script tools/phase2_capture_creatures.gd -- --biome=stormwood --only=voltarach --seed=2042 --output=res://ralph/reports/VISUAL/phase2/stormwood/creature_repro_voltarach,73dcf98b139672b1965e08a53671350df0bc20b9,native GPU Compatibility,ralph/reports/VISUAL/phase2/stormwood/creatures/stormwood__voltarach__fainted.jpg,13,contact_sheet_tile_320x180
stormwood__voltarach__hurt,stormwood,creatures,voltarach,capture_stage,off,day,clear,hurt,normal,ralph/reports/VISUAL/phase2/stormwood/contact_sheet_creatures_04.jpg,godot --path . --rendering-driver opengl3 --resolution 1920x1080 --script tools/phase2_capture_creatures.gd -- --biome=stormwood --only=voltarach --seed=2042 --output=res://ralph/reports/VISUAL/phase2/stormwood/creature_repro_voltarach,73dcf98b139672b1965e08a53671350df0bc20b9,native GPU Compatibility,ralph/reports/VISUAL/phase2/stormwood/creatures/stormwood__voltarach__hurt.jpg,14,contact_sheet_tile_320x180
stormwood__voltarach__idle,stormwood,creatures,voltarach,capture_stage,off,day,clear,idle,normal,ralph/reports/VISUAL/phase2/stormwood/contact_sheet_creatures_04.jpg,godot --path . --rendering-driver opengl3 --resolution 1920x1080 --script tools/phase2_capture_creatures.gd -- --biome=stormwood --only=voltarach --seed=2042 --output=res://ralph/reports/VISUAL/phase2/stormwood/creature_repro_voltarach,73dcf98b139672b1965e08a53671350df0bc20b9,native GPU Compatibility,ralph/reports/VISUAL/phase2/stormwood/creatures/stormwood__voltarach__idle.jpg,15,contact_sheet_tile_320x180
stormwood__voltarach__moving,stormwood,creatures,voltarach,capture_stage,off,day,clear,moving,normal,ralph/reports/VISUAL/phase2/stormwood/contact_sheet_creatures_04.jpg,godot --path . --rendering-driver opengl3 --resolution 1920x1080 --script tools/phase2_capture_creatures.gd -- --biome=stormwood --only=voltarach --seed=2042 --output=res://ralph/reports/VISUAL/phase2/stormwood/creature_repro_voltarach,73dcf98b139672b1965e08a53671350df0bc20b9,native GPU Compatibility,ralph/reports/VISUAL/phase2/stormwood/creatures/stormwood__voltarach__moving.jpg,16,contact_sheet_tile_320x180
stormwood__voltarach__resting,stormwood,creatures,voltarach,capture_stage,off,day,clear,resting,normal,ralph/reports/VISUAL/phase2/stormwood/contact_sheet_creatures_04.jpg,godot --path . --rendering-driver opengl3 --resolution 1920x1080 --script tools/phase2_capture_creatures.gd -- --biome=stormwood --only=voltarach --seed=2042 --output=res://ralph/reports/VISUAL/phase2/stormwood/creature_repro_voltarach,73dcf98b139672b1965e08a53671350df0bc20b9,native GPU Compatibility,ralph/reports/VISUAL/phase2/stormwood/creatures/stormwood__voltarach__resting.jpg,17,contact_sheet_tile_320x180
stormwood__voltarach__shiny_idle,stormwood,creatures,voltarach,capture_stage,off,day,clear,shiny_idle,normal,ralph/reports/VISUAL/phase2/stormwood/contact_sheet_creatures_04.jpg,godot --path . --rendering-driver opengl3 --resolution 1920x1080 --script tools/phase2_capture_creatures.gd -- --biome=stormwood --only=voltarach --seed=2042 --output=res://ralph/reports/VISUAL/phase2/stormwood/creature_repro_voltarach,73dcf98b139672b1965e08a53671350df0bc20b9,native GPU Compatibility,ralph/reports/VISUAL/phase2/stormwood/creatures/stormwood__voltarach__shiny_idle.jpg,18,contact_sheet_tile_320x180
stormwood__voltwig__attacking,stormwood,creatures,voltwig,capture_stage,off,day,clear,attacking,normal,ralph/reports/VISUAL/phase2/stormwood/contact_sheet_creatures_04.jpg,godot --path . --rendering-driver opengl3 --resolution 1920x1080 --script tools/phase2_capture_creatures.gd -- --biome=stormwood --only=voltwig --seed=2042 --output=res://ralph/reports/VISUAL/phase2/stormwood/creature_repro_voltwig,73dcf98b139672b1965e08a53671350df0bc20b9,native GPU Compatibility,ralph/reports/VISUAL/phase2/stormwood/creatures/stormwood__voltwig__attacking.jpg,19,contact_sheet_tile_320x180
stormwood__voltwig__fainted,stormwood,creatures,voltwig,capture_stage,off,day,clear,fainted,normal,ralph/reports/VISUAL/phase2/stormwood/contact_sheet_creatures_04.jpg,godot --path . --rendering-driver opengl3 --resolution 1920x1080 --script tools/phase2_capture_creatures.gd -- --biome=stormwood --only=voltwig --seed=2042 --output=res://ralph/reports/VISUAL/phase2/stormwood/creature_repro_voltwig,73dcf98b139672b1965e08a53671350df0bc20b9,native GPU Compatibility,ralph/reports/VISUAL/phase2/stormwood/creatures/stormwood__voltwig__fainted.jpg,20,contact_sheet_tile_320x180
stormwood__voltwig__hurt,stormwood,creatures,voltwig,capture_stage,off,day,clear,hurt,normal,ralph/reports/VISUAL/phase2/stormwood/contact_sheet_creatures_04.jpg,godot --path . --rendering-driver opengl3 --resolution 1920x1080 --script tools/phase2_capture_creatures.gd -- --biome=stormwood --only=voltwig --seed=2042 --output=res://ralph/reports/VISUAL/phase2/stormwood/creature_repro_voltwig,73dcf98b139672b1965e08a53671350df0bc20b9,native GPU Compatibility,ralph/reports/VISUAL/phase2/stormwood/creatures/stormwood__voltwig__hurt.jpg,21,contact_sheet_tile_320x180
stormwood__voltwig__idle,stormwood,creatures,voltwig,capture_stage,off,day,clear,idle,normal,ralph/reports/VISUAL/phase2/stormwood/contact_sheet_creatures_04.jpg,godot --path . --rendering-driver opengl3 --resolution 1920x1080 --script tools/phase2_capture_creatures.gd -- --biome=stormwood --only=voltwig --seed=2042 --output=res://ralph/reports/VISUAL/phase2/stormwood/creature_repro_voltwig,73dcf98b139672b1965e08a53671350df0bc20b9,native GPU Compatibility,ralph/reports/VISUAL/phase2/stormwood/creatures/stormwood__voltwig__idle.jpg,22,contact_sheet_tile_320x180
stormwood__voltwig__moving,stormwood,creatures,voltwig,capture_stage,off,day,clear,moving,normal,ralph/reports/VISUAL/phase2/stormwood/contact_sheet_creatures_04.jpg,godot --path . --rendering-driver opengl3 --resolution 1920x1080 --script tools/phase2_capture_creatures.gd -- --biome=stormwood --only=voltwig --seed=2042 --output=res://ralph/reports/VISUAL/phase2/stormwood/creature_repro_voltwig,73dcf98b139672b1965e08a53671350df0bc20b9,native GPU Compatibility,ralph/reports/VISUAL/phase2/stormwood/creatures/stormwood__voltwig__moving.jpg,23,contact_sheet_tile_320x180
stormwood__voltwig__resting,stormwood,creatures,voltwig,capture_stage,off,day,clear,resting,normal,ralph/reports/VISUAL/phase2/stormwood/contact_sheet_creatures_05.jpg,godot --path . --rendering-driver opengl3 --resolution 1920x1080 --script tools/phase2_capture_creatures.gd -- --biome=stormwood --only=voltwig --seed=2042 --output=res://ralph/reports/VISUAL/phase2/stormwood/creature_repro_voltwig,73dcf98b139672b1965e08a53671350df0bc20b9,native GPU Compatibility,ralph/reports/VISUAL/phase2/stormwood/creatures/stormwood__voltwig__resting.jpg,0,contact_sheet_tile_320x180
stormwood__voltwig__shiny_idle,stormwood,creatures,voltwig,capture_stage,off,day,clear,shiny_idle,normal,ralph/reports/VISUAL/phase2/stormwood/contact_sheet_creatures_05.jpg,godot --path . --rendering-driver opengl3 --resolution 1920x1080 --script tools/phase2_capture_creatures.gd -- --biome=stormwood --only=voltwig --seed=2042 --output=res://ralph/reports/VISUAL/phase2/stormwood/creature_repro_voltwig,73dcf98b139672b1965e08a53671350df0bc20b9,native GPU Compatibility,ralph/reports/VISUAL/phase2/stormwood/creatures/stormwood__voltwig__shiny_idle.jpg,1,contact_sheet_tile_320x180
