# Original Tetherbound limestone spire; see ART_DIRECTION provenance.
o LimestoneSpire3
s 1
v 0.3531317 0.0000000 -0.0239001
v 0.3645755 0.0000000 0.0075721
v 0.4087550 0.0000000 0.0481370
v 0.4575817 0.0000000 0.1002443
v 0.4540966 0.0000000 0.1442241
v 0.4923681 0.0000000 0.2127822
v 0.4671729 0.0000000 0.2557327
v 0.4042827 0.0000000 0.2697725
v 0.3400010 0.0000000 0.2719398
v 0.2874318 0.0000000 0.2747987
v 0.2464231 0.0000000 0.2837750
v 0.2195251 0.0000000 0.3121794
v 0.1779262 0.0000000 0.3129193
v 0.1257846 0.0000000 0.2702299
v 0.1012491 0.0000000 0.3056837
v 0.0723248 0.0000000 0.3584697
v 0.0332794 0.0000000 0.4099935
v -0.0167192 0.0000000 0.4657342
v -0.0747639 0.0000000 0.5000000
v -0.1293905 0.0000000 0.4933259
v -0.1680561 0.0000000 0.4449224
v -0.1748897 0.0000000 0.3517401
v -0.1541302 0.0000000 0.2466276
v -0.1666588 0.0000000 0.2110822
v -0.2083187 0.0000000 0.2091268
v -0.2430001 0.0000000 0.1947926
v -0.2807111 0.0000000 0.1784585
v -0.3141340 0.0000000 0.1552083
v -0.3449509 0.0000000 0.1272099
v -0.3813348 0.0000000 0.0974097
v -0.4463459 0.0000000 0.0681187
v -0.4538100 0.0000000 0.0223721
v -0.4756317 0.0000000 -0.0239001
v -0.5000000 0.0000000 -0.0745601
v -0.4437338 0.0000000 -0.1154177
v -0.3642059 0.0000000 -0.1401982
v -0.2943637 0.0000000 -0.1547995
v -0.2573411 0.0000000 -0.1737289
v -0.2545477 0.0000000 -0.2093969
v -0.2678254 0.0000000 -0.2622436
v -0.2543983 0.0000000 -0.3013717
v -0.2336300 0.0000000 -0.3375918
v -0.2350746 0.0000000 -0.4112718
v -0.1906692 0.0000000 -0.4280142
v -0.1523872 0.0000000 -0.4562365
v -0.1105363 0.0000000 -0.4811773
v -0.0631847 0.0000000 -0.4916528
v -0.0127433 0.0000000 -0.4745987
v 0.0332794 0.0000000 -0.4280578
v 0.0663270 0.0000000 -0.3475341
v 0.0840424 0.0000000 -0.2700492
v 0.1208932 0.0000000 -0.3024774
v 0.1647962 0.0000000 -0.3301453
v 0.2336352 0.0000000 -0.3854411
v 0.3022156 0.0000000 -0.4121122
v 0.3633807 0.0000000 -0.4118596
v 0.4056257 0.0000000 -0.3830365
v 0.4285427 0.0000000 -0.3367760
v 0.4288887 0.0000000 -0.2788597
v 0.4002973 0.0000000 -0.2131155
v 0.4464764 0.0000000 -0.1889799
v 0.4499398 0.0000000 -0.1458085
v 0.4062409 0.0000000 -0.0954548
v 0.3731541 0.0000000 -0.0561872
v 0.3621325 0.0357180 -0.0239501
v 0.3729617 0.0357180 0.0083204
v 0.4168525 0.0357180 0.0496439
v 0.4660668 0.0357180 0.1026821
v 0.4632981 0.0357180 0.1478573
v 0.5000000 0.0357180 0.2166759
v 0.4730330 0.0357180 0.2594708
v 0.4091309 0.0357180 0.2735742
v 0.3447138 0.0357180 0.2764525
v 0.2922783 0.0357180 0.2804654
v 0.2508441 0.0357180 0.2901322
v 0.2131094 0.0357180 0.3005840
v 0.1730461 0.0357180 0.3015468
v 0.1224606 0.0357180 0.2596672
v 0.0989048 0.0357180 0.2943518
v 0.0710262 0.0357180 0.3458759
v 0.0332617 0.0357180 0.3963194
v -0.0152679 0.0357180 0.4512983
v -0.0717656 0.0357180 0.4853256
v -0.1248769 0.0357180 0.4788682
v -0.1621254 0.0357180 0.4310213
v -0.1784984 0.0357180 0.3581700
v -0.1599601 0.0357180 0.2549676
v -0.1733834 0.0357180 0.2189146
v -0.2149525 0.0357180 0.2154582
v -0.2500077 0.0357180 0.2002756
v -0.2887939 0.0357180 0.1836062
v -0.3233980 0.0357180 0.1599251
v -0.3541825 0.0357180 0.1308410
v -0.3889117 0.0357180 0.0995714
v -0.4315936 0.0357180 0.0652349
v -0.4391006 0.0357180 0.0209230
v -0.4604489 0.0357180 -0.0239501
v -0.4843485 0.0357180 -0.0731216
v -0.4292700 0.0357180 -0.1126893
v -0.3516151 0.0357180 -0.1365592
v -0.2834196 0.0357180 -0.1504701
v -0.2471789 0.0357180 -0.1685307
v -0.2443786 0.0357180 -0.2028819
v -0.2575002 0.0357180 -0.2541066
v -0.2446842 0.0357180 -0.2920352
v -0.2248719 0.0357180 -0.3273279
v -0.2268704 0.0357180 -0.3994535
v -0.1935400 0.0357180 -0.4332127
v -0.1553933 0.0357180 -0.4632452
v -0.1131673 0.0357180 -0.4895364
v -0.0649135 0.0357180 -0.5000000
v -0.0135371 0.0357180 -0.4822491
v 0.0332617 0.0357180 -0.4357348
v 0.0672393 0.0357180 -0.3566914
v 0.0862553 0.0357180 -0.2809150
v 0.1239573 0.0357180 -0.3123261
v 0.1680007 0.0357180 -0.3376985
v 0.2271534 0.0357180 -0.3738266
v 0.2942601 0.0357180 -0.4007039
v 0.3538920 0.0357180 -0.4007785
v 0.3948137 0.0357180 -0.3726752
v 0.4168950 0.0357180 -0.3276201
v 0.4170696 0.0357180 -0.2713041
v 0.3888494 0.0357180 -0.2072727
v 0.4339640 0.0357180 -0.1840380
v 0.4366872 0.0357180 -0.1419862
v 0.4136137 0.0357180 -0.0969227
v 0.3820694 0.0357180 -0.0570858
v 0.3519072 0.0714360 -0.0241002
v 0.3627193 0.0714360 0.0072024
v 0.4059102 0.0714360 0.0474046
v 0.4541608 0.0714360 0.0990640
v 0.4513093 0.0714360 0.1429387
v 0.4878435 0.0714360 0.2102859
v 0.4619351 0.0714360 0.2522026
v 0.3995791 0.0714360 0.2659051
v 0.3364867 0.0714360 0.2684183
v 0.2850904 0.0714360 0.2719299
v 0.2446618 0.0714360 0.2811345
v 0.2080764 0.0714360 0.2914478
v 0.1692312 0.0714360 0.2926368
v 0.1198801 0.0714360 0.2514805
v 0.0970634 0.0714360 0.2855300
v 0.0699792 0.0714360 0.3359917
v 0.0332087 0.0714360 0.3855154
v -0.0141653 0.0714360 0.4398315
v -0.0694383 0.0714360 0.4736333
v -0.1213508 0.0714360 0.4673379
v -0.1574857 0.0714360 0.4199438
v -0.1729033 0.0714360 0.3478278
v -0.1539480 0.0714360 0.2460624
v -0.1667460 0.0714360 0.2109014
v -0.2074593 0.0714360 0.2080295
v -0.2416609 0.0714360 0.1934765
v -0.2793449 0.0714360 0.1773323
v -0.3129122 0.0714360 0.1543417
v -0.3430719 0.0714360 0.1262308
v -0.3775646 0.0714360 0.0960858
v -0.4200302 0.0714360 0.0628562
v -0.4275854 0.0714360 0.0196739
v -0.4485334 0.0714360 -0.0241002
v -0.4720261 0.0714360 -0.0720961
v -0.4179503 0.0714360 -0.1106575
v -0.3418713 0.0714360 -0.1338429
v -0.2750477 0.0714360 -0.1472543
v -0.2394362 0.0714360 -0.1646617
v -0.2365844 0.0714360 -0.1979747
v -0.2495139 0.0714360 -0.2478930
v -0.2371516 0.0714360 -0.2848688
v -0.2180791 0.0714360 -0.3194322
v -0.2204661 0.0714360 -0.3902823
v -0.1878772 0.0714360 -0.4230485
v -0.1505355 0.0714360 -0.4519602
v -0.1093411 0.0714360 -0.4773524
v -0.0623758 0.0714360 -0.4875879
v -0.0123571 0.0714360 -0.4703241
v 0.0332087 0.0714360 -0.4246432
v 0.0661445 0.0714360 -0.3466393
v 0.0842908 0.0714360 -0.2717966
v 0.1209096 0.0714360 -0.3029545
v 0.1639567 0.0714360 -0.3285553
v 0.2220606 0.0714360 -0.3648825
v 0.2879878 0.0714360 -0.3918764
v 0.3463880 0.0714360 -0.3921718
v 0.3862549 0.0714360 -0.3646212
v 0.4076905 0.0714360 -0.3205262
v 0.4077771 0.0714360 -0.2654996
v 0.3799255 0.0714360 -0.2028494
v 0.4241716 0.0714360 -0.1802971
v 0.4263055 0.0714360 -0.1391143
v 0.4029356 0.0714360 -0.0950343
v 0.3715109 0.0714360 -0.0562380
v 0.3444869 0.1071539 -0.0243504
v 0.3552873 0.1071539 0.0062546
v 0.3979162 0.1071539 0.0456377
v 0.4453805 0.1071539 0.0962707
v 0.4424276 0.1071539 0.1391754
v 0.4788115 0.1071539 0.2054249
v 0.4537196 0.1071539 0.2467147
v 0.3925498 0.1071539 0.2601608
v 0.3304535 0.1071539 0.2624342
v 0.2798199 0.1071539 0.2655892
v 0.2401276 0.1071539 0.2744667
v 0.2043944 0.1071539 0.2847128
v 0.1664509 0.1071539 0.2861185
v 0.1180063 0.1071539 0.2455535
v 0.0957049 0.1071539 0.2791213
v 0.0691775 0.1071539 0.3287561
v 0.0331203 0.1071539 0.3775593
v -0.0134140 0.1071539 0.4313581
v -0.0677938 0.1071539 0.4649807
v -0.1188314 0.1071539 0.4587960
v -0.1541510 0.1071539 0.4117229
v -0.1688671 0.1071539 0.3401349
v -0.1496274 0.1071539 0.2394478
v -0.1619854 0.1071539 0.2049524
v -0.2020813 0.1071539 0.2025069
v -0.2356570 0.1071539 0.1884039
v -0.2725050 0.1071539 0.1726170
v -0.3052793 0.1071539 0.1501109
v -0.3349792 0.1071539 0.1227122
v -0.3693294 0.1071539 0.0934003
v -0.4116626 0.1071539 0.0609837
v -0.4192727 0.1071539 0.0186257
v -0.4399086 0.1071539 -0.0243504
v -0.4630773 0.1071539 -0.0714877
v -0.4097806 0.1071539 -0.1093233
v -0.3349271 0.1071539 -0.1320354
v -0.2691586 0.1071539 -0.1451163
v -0.2340096 0.1071539 -0.1620687
v -0.2310776 0.1071539 -0.1946189
v -0.2438107 0.1071539 -0.2435587
v -0.2317590 0.1071539 -0.2798325
v -0.2132218 0.1071539 -0.3138699
v -0.2158633 0.1071539 -0.3837608
v -0.1837945 0.1071539 -0.4157720
v -0.1470171 0.1071539 -0.4438117
v -0.1065677 0.1071539 -0.4685030
v -0.0605543 0.1071539 -0.4785772
v -0.0115411 0.1071539 -0.4617184
v 0.0331203 0.1071539 -0.4167005
v 0.0653016 0.1071539 -0.3395008
v 0.0828252 0.1071539 -0.2653683
v 0.1186552 0.1071539 -0.2963174
v 0.1609870 0.1071539 -0.3220961
v 0.2183367 0.1071539 -0.3585724
v 0.2834017 0.1071539 -0.3856341
v 0.3408905 0.1071539 -0.3860647
v 0.3799765 0.1071539 -0.3589010
v 0.4009494 0.1071539 -0.3155103
v 0.4010101 0.1071539 -0.2614456
v 0.3734830 0.1071539 -0.1998237
v 0.4170775 0.1071539 -0.1777483
v 0.4187619 0.1071539 -0.1371832
v 0.3951571 0.1071539 -0.0938091
v 0.3638241 0.1071539 -0.0557663
v 0.3396617 0.1428719 -0.0247006
v 0.3504634 0.1428719 0.0054579
v 0.3926951 0.1428719 0.0443095
v 0.4395834 0.1428719 0.0942605
v 0.4365209 0.1428719 0.1365148
v 0.4728063 0.1428719 0.2020425
v 0.4482950 0.1428719 0.2429482
v 0.3879419 0.1428719 0.2562611
v 0.3265057 0.1428719 0.2583956
v 0.2763588 0.1428719 0.2613168
v 0.2371424 0.1428719 0.2699860
v 0.2019770 0.1428719 0.2802237
v 0.1646326 0.1428719 0.2818222
v 0.1167759 0.1428719 0.2416844
v 0.0947896 0.1428719 0.2749327
v 0.0686035 0.1428719 0.3239962
v 0.0329966 0.1428719 0.3723014
v -0.0130016 0.1428719 0.4257578
v -0.0668121 0.1428719 0.4592699
v -0.1172896 0.1428719 0.4531501
v -0.1520763 0.1428719 0.4062535
v -0.1663194 0.1428719 0.3349641
v -0.1468865 0.1428719 0.2349624
v -0.1589671 0.1428719 0.2009094
v -0.1986779 0.1428719 0.1987547
v -0.2318482 0.1428719 0.1849408
v -0.2681233 0.1428719 0.1693632
v -0.3003468 0.1428719 0.1471539
v -0.3297516 0.1428719 0.1202240
v -0.3640591 0.1428719 0.0914718
v -0.4063571 0.1428719 0.0595918
v -0.4140272 0.1428719 0.0177654
v -0.4344482 0.1428719 -0.0247006
v -0.4573896 0.1428719 -0.0712859
v -0.4046262 0.1428719 -0.1086609
v -0.3306184 0.1428719 -0.1310888
v -0.2655666 0.1428719 -0.1439821
v -0.2307110 0.1428719 -0.1606546
v -0.2276869 0.1428719 -0.1927042
v -0.2402474 0.1428719 -0.2409905
v -0.2283814 0.1428719 -0.2768055
v -0.2101922 0.1428719 -0.3105141
v -0.2129848 0.1428719 -0.3797772
v -0.1812291 0.1428719 -0.4112698
v -0.1447890 0.1428719 -0.4386856
v -0.1048111 0.1428719 -0.4628746
v -0.0594249 0.1428719 -0.4728508
v -0.0110760 0.1428719 -0.4563016
v 0.0329966 0.1428719 -0.4117519
v 0.0646910 0.1428719 -0.3350827
v 0.0818116 0.1428719 -0.2614038
v 0.1171305 0.1428719 -0.2922132
v 0.1590159 0.1428719 -0.3181445
v 0.2159027 0.1428719 -0.3547537
v 0.2804255 0.1428719 -0.3818668
v 0.3373234 0.1428719 -0.3823681
v 0.3758956 0.1428719 -0.3554344
v 0.3965752 0.1428719 -0.3124961
v 0.3966507 0.1428719 -0.2590660
v 0.3693716 0.1428719 -0.1981181
v 0.4125382 0.1428719 -0.1763344
v 0.4139010 0.1428719 -0.1361474
v 0.3901019 0.1428719 -0.0932132
v 0.3588108 0.1428719 -0.0556520
v 0.3371079 0.1785899 -0.0251509
v 0.3479271 0.1785899 0.0047817
v 0.3899378 0.1785899 0.0433608
v 0.4364757 0.1785899 0.0929475
v 0.4333069 0.1785899 0.1348440
v 0.4695663 0.1785899 0.2000038
v 0.4454148 0.1785899 0.2407442
v 0.3855218 0.1785899 0.2540211
v 0.3244250 0.1785899 0.2560919
v 0.2745088 0.1785899 0.2588791
v 0.2355312 0.1785899 0.2674394
v 0.2006750 0.1785899 0.2777111
v 0.1636543 0.1785899 0.2794643
v 0.1160940 0.1785899 0.2395719
v 0.0942545 0.1785899 0.2726592
v 0.0682262 0.1785899 0.3214088
v 0.0328375 0.1785899 0.3694437
v -0.0128987 0.1785899 0.4227420
v -0.0664355 0.1785899 0.4562223
v -0.1166401 0.1785899 0.4501289
v -0.1511473 0.1785899 0.4032694
v -0.1651152 0.1785899 0.3320538
v -0.1455466 0.1785899 0.2323484
v -0.1574851 0.1785899 0.1985303
v -0.1970221 0.1785899 0.1965539
v -0.2299881 0.1785899 0.1828922
v -0.2659372 0.1785899 0.1674015
v -0.2978376 0.1785899 0.1453280
v -0.3271009 0.1785899 0.1186511
v -0.3614583 0.1785899 0.0902141
v -0.4038158 0.1785899 0.0586234
v -0.4115470 0.1785899 0.0170644
v -0.4318514 0.1785899 -0.0251509
v -0.4546668 0.1785899 -0.0714624
v -0.4021889 0.1785899 -0.1086131
v -0.3286454 0.1785899 -0.1309153
v -0.2639750 0.1785899 -0.1437329
v -0.2292540 0.1785899 -0.1602717
v -0.2261439 0.1785899 -0.1920575
v -0.2385787 0.1785899 -0.2399940
v -0.2267959 0.1785899 -0.2755732
v -0.2087919 0.1785899 -0.3091317
v -0.2116614 0.1785899 -0.3780875
v -0.1800384 0.1785899 -0.4092844
v -0.1437358 0.1785899 -0.4363131
v -0.1039843 0.1785899 -0.4601902
v -0.0589289 0.1785899 -0.4701248
v -0.0109318 0.1785899 -0.4537822
v 0.0328375 0.1785899 -0.4094977
v 0.0642811 0.1785899 -0.3330764
v 0.0811854 0.1785899 -0.2595890
v 0.1162408 0.1785899 -0.2903405
v 0.1579205 0.1785899 -0.3164146
v 0.2146115 0.1785899 -0.3531610
v 0.2788902 0.1785899 -0.3803304
v 0.3354970 0.1785899 -0.3808588
v 0.3738012 0.1785899 -0.3540181
v 0.3943357 0.1785899 -0.3112995
v 0.3944451 0.1785899 -0.2581974
v 0.3673151 0.1785899 -0.1975902
v 0.4102681 0.1785899 -0.1759413
v 0.4114255 0.1785899 -0.1359200
v 0.3874602 0.1785899 -0.0931872
v 0.3561515 0.1785899 -0.0558648
v 0.3363827 0.2143079 -0.0257013
v 0.3472346 0.2143079 0.0041841
v 0.3891955 0.2143079 0.0427053
v 0.4356059 0.2143079 0.0921995
v 0.4323473 0.2143079 0.1339879
v 0.4686594 0.2143079 0.1990861
v 0.4446714 0.2143079 0.2398400
v 0.3849183 0.2143079 0.2531469
v 0.3238796 0.2143079 0.2552030
v 0.2739769 0.2143079 0.2579321
v 0.2350395 0.2143079 0.2664600
v 0.2002739 0.2143079 0.2767876
v 0.1633430 0.2143079 0.2786419
v 0.1158335 0.2143079 0.2388115
v 0.0940128 0.2143079 0.2718795
v 0.0680008 0.2143079 0.3205556
v 0.0326431 0.2143079 0.3685342
v -0.0130579 0.2143079 0.4218471
v -0.0665679 0.2143079 0.4553712
v -0.1167393 0.2143079 0.4492758
v -0.1511777 0.2143079 0.4023372
v -0.1650324 0.2143079 0.3310031
v -0.1453596 0.2143079 0.2312475
v -0.1572593 0.2143079 0.1974861
v -0.1967973 0.2143079 0.1955992
v -0.2297276 0.2143079 0.1819817
v -0.2655672 0.2143079 0.1664874
v -0.2973461 0.2143079 0.1444240
v -0.3265988 0.2143079 0.1178225
v -0.3610780 0.2143079 0.0894955
v -0.4035701 0.2143079 0.0579886
v -0.4113564 0.2143079 0.0164775
v -0.4316356 0.2143079 -0.0257013
v -0.4544228 0.2143079 -0.0719711
v -0.4020007 0.2143079 -0.1090900
v -0.3285671 0.2143079 -0.1313858
v -0.2639706 0.2143079 -0.1442039
v -0.2292496 0.2143079 -0.1607195
v -0.2260790 0.2143079 -0.1924408
v -0.2384536 0.2143079 -0.2402914
v -0.2266786 0.2143079 -0.2758228
v -0.2087279 0.2143079 -0.3093784
v -0.2116284 0.2143079 -0.3783096
v -0.1799964 0.2143079 -0.4094081
v -0.1436733 0.2143079 -0.4362652
v -0.1039468 0.2143079 -0.4600032
v -0.0589721 0.2143079 -0.4699417
v -0.0110618 0.2143079 -0.4537016
v 0.0326431 0.2143079 -0.4094885
v 0.0640280 0.2143079 -0.3330529
v 0.0808629 0.2143079 -0.2595183
v 0.1158589 0.2143079 -0.2902947
v 0.1575294 0.2143079 -0.3165070
v 0.2142447 0.2143079 -0.3534005
v 0.2785307 0.2143079 -0.3806425
v 0.3351032 0.2143079 -0.3811748
v 0.3733491 0.2143079 -0.3543199
v 0.3938573 0.2143079 -0.3116251
v 0.3939984 0.2143079 -0.2585851
v 0.3669065 0.2143079 -0.1980301
v 0.4098344 0.2143079 -0.1763961
v 0.4108900 0.2143079 -0.1363705
v 0.3867839 0.2143079 -0.0936451
v 0.3554008 0.2143079 -0.0563623
v 0.3369324 0.2500258 -0.0263517
v 0.3478276 0.2500258 0.0036118
v 0.3898893 0.2500258 0.0422320
v 0.4363754 0.2500258 0.0918415
v 0.4330577 0.2500258 0.1337131
v 0.4694944 0.2500258 0.1989847
v 0.4455067 0.2500258 0.2398760
v 0.3856314 0.2500258 0.2532428
v 0.3244312 0.2500258 0.2553062
v 0.2743820 0.2500258 0.2580280
v 0.2353392 0.2500258 0.2665739
v 0.2101956 0.2500258 0.2944557
v 0.1704607 0.2500258 0.2951005
v 0.1207178 0.2500258 0.2544218
v 0.0972841 0.2500258 0.2882060
v 0.0696733 0.2500258 0.3385346
v 0.0324133 0.2500258 0.3876363
v -0.0152777 0.2500258 0.4406847
v -0.0706204 0.2500258 0.4732571
v -0.1227137 0.2500258 0.4668909
v -0.1596409 0.2500258 0.4208587
v -0.1657766 0.2500258 0.3312809
v -0.1460123 0.2500258 0.2312075
v -0.1579403 0.2500258 0.1973660
v -0.1976030 0.2500258 0.1955043
v -0.2306218 0.2500258 0.1818573
v -0.2665251 0.2500258 0.1663062
v -0.2983460 0.2500258 0.1441707
v -0.3276855 0.2500258 0.1175144
v -0.3623251 0.2500258 0.0891427
v -0.4251877 0.2500258 0.0614416
v -0.4322578 0.2500258 0.0177908
v -0.4530557 0.2500258 -0.0263517
v -0.4762738 0.2500258 -0.0746755
v -0.4226541 0.2500258 -0.1136588
v -0.3468331 0.2500258 -0.1373134
v -0.2802523 0.2500258 -0.1512673
v -0.2449831 0.2500258 -0.1693628
v -0.2423503 0.2500258 -0.2034295
v -0.2550041 0.2500258 -0.2538607
v -0.2421716 0.2500258 -0.2911950
v -0.2223093 0.2500258 -0.3257206
v -0.2236072 0.2500258 -0.3959199
v -0.1807996 0.2500258 -0.4110933
v -0.1443528 0.2500258 -0.4379627
v -0.1045083 0.2500258 -0.4617081
v -0.0594265 0.2500258 -0.4716814
v -0.0114032 0.2500258 -0.4554447
v 0.0324133 0.2500258 -0.4111348
v 0.0638767 0.2500258 -0.3344713
v 0.0807429 0.2500258 -0.2607009
v 0.1158271 0.2500258 -0.2915746
v 0.1576254 0.2500258 -0.3179160
v 0.2235997 0.2500258 -0.3713466
v 0.2889337 0.2500258 -0.3966414
v 0.3472422 0.2500258 -0.3963620
v 0.3875565 0.2500258 -0.3688953
v 0.4094380 0.2500258 -0.3247906
v 0.4097764 0.2500258 -0.2695522
v 0.3825527 0.2500258 -0.2068654
v 0.4265642 0.2500258 -0.1838222
v 0.4299752 0.2500258 -0.1426722
v 0.3874957 0.2500258 -0.0944762
v 0.3559950 0.2500258 -0.0570910
v 0.3522188 0.2857438 -0.0271022
v 0.3627332 0.2857438 0.0043025
v 0.4054086 0.2857438 0.0445099
v 0.4532796 0.2857438 0.0961145
v 0.4506068 0.2857438 0.1400797
v 0.4862558 0.2857438 0.2070121
v 0.4599818 0.2857438 0.2486252
v 0.3978100 0.2857438 0.2623423
v 0.3351614 0.2857438 0.2651610
v 0.2841723 0.2857438 0.2690953
v 0.2438663 0.2857438 0.2785151
v 0.2071385 0.2857438 0.2886669
v 0.1681450 0.2857438 0.2895751
v 0.1189362 0.2857438 0.2488495
v 0.0960127 0.2857438 0.2825759
v 0.0688880 0.2857438 0.3326896
v 0.0321482 0.2857438 0.3817430
v -0.0150571 0.2857438 0.4351768
v -0.0700041 0.2857438 0.4682322
v -0.1216614 0.2857438 0.4619515
v -0.1579122 0.2857438 0.4154656
v -0.1738847 0.2857438 0.3446830
v -0.1559176 0.2857438 0.2443726
v -0.1689961 0.2857438 0.2092975
v -0.2094191 0.2857438 0.2058949
v -0.2435200 0.2857438 0.1911066
v -0.2812687 0.2857438 0.1748867
v -0.3149534 0.2857438 0.1518454
v -0.3448900 0.2857438 0.1235315
v -0.3786180 0.2857438 0.0930817
v -0.4200669 0.2857438 0.0596578
v -0.4273478 0.2857438 0.0165487
v -0.4481086 0.2857438 -0.0271022
v -0.4713479 0.2857438 -0.0749329
v -0.4177883 0.2857438 -0.1134249
v -0.3422609 0.2857438 -0.1366486
v -0.2759372 0.2857438 -0.1501879
v -0.2407028 0.2857438 -0.1677699
v -0.2379947 0.2857438 -0.2012021
v -0.2507582 0.2857438 -0.2510405
v -0.2382835 0.2857438 -0.2879397
v -0.2189911 0.2857438 -0.3222597
v -0.2209055 0.2857438 -0.3923877
v -0.1884921 0.2857438 -0.4252464
v -0.1513986 0.2857438 -0.4545025
v -0.1103241 0.2857438 -0.4801076
v -0.0633731 0.2857438 -0.4902830
v -0.0133844 0.2857438 -0.4730012
v 0.0321482 0.2857438 -0.4277674
v 0.0652165 0.2857438 -0.3509393
v 0.0837451 0.2857438 -0.2772948
v 0.1204332 0.2857438 -0.3078138
v 0.1632688 0.2857438 -0.3324249
v 0.2207773 0.2857438 -0.3674825
v 0.2860208 0.2857438 -0.3935698
v 0.3440132 0.2857438 -0.3936291
v 0.3838268 0.2857438 -0.3663042
v 0.4053139 0.2857438 -0.3224864
v 0.4054841 0.2857438 -0.2677073
v 0.3780489 0.2857438 -0.2054306
v 0.4219194 0.2857438 -0.1828229
v 0.4246125 0.2857438 -0.1419313
v 0.4022389 0.2857438 -0.0981061
v 0.3716049 0.2857438 -0.0593496
v 0.3478551 0.3214618 -0.0279527
v 0.3585709 0.3214618 0.0030851
v 0.4013902 0.3214618 0.0429460
v 0.4492300 0.3214618 0.0941670
v 0.4464079 0.3214618 0.1376717
v 0.4826200 0.3214618 0.2044421
v 0.4569235 0.3214618 0.2459974
v 0.3950967 0.3214618 0.2595818
v 0.3325451 0.3214618 0.2620768
v 0.2815911 0.3214618 0.2655643
v 0.2415075 0.3214618 0.2746934
v 0.2052301 0.3214618 0.2849149
v 0.1667119 0.3214618 0.2860873
v 0.1177818 0.3214618 0.2452838
v 0.0951585 0.3214618 0.2790403
v 0.0683048 0.3214618 0.3290707
v 0.0318477 0.3214618 0.3781693
v -0.0151213 0.3214618 0.4320129
v -0.0699201 0.3214618 0.4655176
v -0.1213880 0.3214618 0.4592762
v -0.1572178 0.3214618 0.4122982
v -0.1725129 0.3214618 0.3408148
v -0.1537323 0.3214618 0.2399338
v -0.1664249 0.3214618 0.2050719
v -0.2067876 0.3214618 0.2022164
v -0.2406975 0.3214618 0.1877840
v -0.2780642 0.3214618 0.1717773
v -0.3113503 0.3214618 0.1489823
v -0.3412507 0.3214618 0.1211069
v -0.3754373 0.3214618 0.0912126
v -0.4175258 0.3214618 0.0582620
v -0.4250119 0.3214618 0.0154476
v -0.4457802 0.3214618 -0.0279527
v -0.4690710 0.3214618 -0.0755386
v -0.4154597 0.3214618 -0.1137711
v -0.3400313 0.3214618 -0.1367588
v -0.2737801 0.3214618 -0.1500566
v -0.2384763 0.3214618 -0.1673177
v -0.2356527 0.3214618 -0.2003496
v -0.2484727 0.3214618 -0.2498440
v -0.2362148 0.3214618 -0.2865050
v -0.2173012 0.3214618 -0.3207710
v -0.2196625 0.3214618 -0.3910103
v -0.1873540 0.3214618 -0.4235011
v -0.1503344 0.3214618 -0.4521753
v -0.1094922 0.3214618 -0.4773577
v -0.0629253 0.3214618 -0.4875051
v -0.0133309 0.3214618 -0.4703847
v 0.0318477 0.3214618 -0.4250953
v 0.0645054 0.3214618 -0.3477690
v 0.0825027 0.3214618 -0.2735782
v 0.1188115 0.3214618 -0.3044632
v 0.1614892 0.3214618 -0.3298313
v 0.2190903 0.3214618 -0.3658311
v 0.2844477 0.3214618 -0.3925834
v 0.3423466 0.3214618 -0.3928741
v 0.3818746 0.3214618 -0.3655616
v 0.4031285 0.3214618 -0.3218450
v 0.4032138 0.3214618 -0.2672883
v 0.3756022 0.3214618 -0.2051747
v 0.4194679 0.3214618 -0.1828141
v 0.4215926 0.3214618 -0.1419862
v 0.3984367 0.3214618 -0.0982848
v 0.3672904 0.3214618 -0.0598188
v 0.3452465 0.3571798 -0.0289034
v 0.3561317 0.3571798 0.0019346
v 0.3990877 0.3571798 0.0416181
v 0.4469135 0.3571798 0.0926368
v 0.4439347 0.3571798 0.1358672
v 0.4806020 0.3571798 0.2026242
v 0.4553236 0.3571798 0.2442321
v 0.3936882 0.3571798 0.2577821
v 0.3311160 0.3571798 0.2600716
v 0.2800931 0.3571798 0.2632478
v 0.2400972 0.3571798 0.2721917
v 0.2040930 0.3571798 0.2825185
v 0.1658617 0.3571798 0.2839389
v 0.1170466 0.3571798 0.2430634
v 0.0945751 0.3571798 0.2768891
v 0.0678447 0.3571798 0.3269033
v 0.0315118 0.3571798 0.3760807
v -0.0153788 0.3571798 0.4302953
v -0.0701760 0.3571798 0.4641794
v -0.1216048 0.3571798 0.4579472
v -0.1571930 0.3571798 0.4105078
v -0.1720169 0.3571798 0.3383631
v -0.1526234 0.3571798 0.2368977
v -0.1650742 0.3571798 0.2021392
v -0.2054785 0.3571798 0.1996792
v -0.2393110 0.3571798 0.1854701
v -0.2764382 0.3571798 0.1695623
v -0.3094600 0.3571798 0.1468840
v -0.3393881 0.3571798 0.1192780
v -0.3740077 0.3571798 0.0897455
v -0.4166727 0.3571798 0.0570833
v -0.4243436 0.3571798 0.0144016
v -0.4451376 0.3571798 -0.0289034
v -0.4684840 0.3571798 -0.0764016
v -0.4147786 0.3571798 -0.1145266
v -0.3393525 0.3571798 -0.1374126
v -0.2730803 0.3571798 -0.1505935
v -0.2376605 0.3571798 -0.1676746
v -0.2347037 0.3571798 -0.2004722
v -0.2475331 0.3571798 -0.2497851
v -0.2353897 0.3571798 -0.2863359
v -0.2167125 0.3571798 -0.3206350
v -0.2193767 0.3571798 -0.3910635
v -0.1870610 0.3571798 -0.4233170
v -0.1500002 0.3571798 -0.4515657
v -0.1092409 0.3571798 -0.4764416
v -0.0628770 0.3571798 -0.4865933
v -0.0134904 0.3571798 -0.4696083
v 0.0315118 0.3571798 -0.4242459
v 0.0639378 0.3571798 -0.3464500
v 0.0815925 0.3571798 -0.2717438
v 0.1176954 0.3571798 -0.3029329
v 0.1603523 0.3571798 -0.3289165
v 0.2181444 0.3571798 -0.3656808
v 0.2837109 0.3571798 -0.3929552
v 0.3416408 0.3571798 -0.3933899
v 0.3810250 0.3571798 -0.3660167
v 0.4021578 0.3571798 -0.3222931
v 0.4022197 0.3571798 -0.2678147
v 0.3744814 0.3571798 -0.2057207
v 0.4184107 0.3571798 -0.1834765
v 0.4201031 0.3571798 -0.1425992
v 0.3963100 0.3571798 -0.0988919
v 0.3647320 0.3571798 -0.0605583
v 0.3436651 0.3928977 -0.0299540
v 0.3546765 0.3928977 0.0007809
v 0.3977175 0.3928977 0.0403757
v 0.4455002 0.3928977 0.0912812
v 0.4423737 0.3928977 0.1343411
v 0.4793603 0.3928977 0.2011247
v 0.4543875 0.3928977 0.2428173
v 0.3928823 0.3928977 0.2563874
v 0.3302685 0.3928977 0.2585616
v 0.2791587 0.3928977 0.2615352
v 0.2391911 0.3928977 0.2703688
v 0.2033552 0.3928977 0.2808062
v 0.1652985 0.3928977 0.2824411
v 0.1165251 0.3928977 0.2415349
v 0.0941178 0.3928977 0.2754213
v 0.0674298 0.3928977 0.3254238
v 0.0311407 0.3928977 0.3746546
v -0.0157393 0.3928977 0.4291398
v -0.0705823 0.3928977 0.4632990
v -0.1220279 0.3928977 0.4570615
v -0.1574790 0.3928977 0.4092587
v -0.1719888 0.3928977 0.3365919
v -0.1521755 0.3928977 0.2346647
v -0.1644856 0.3928977 0.1999605
v -0.2049596 0.3928977 0.1977700
v -0.2387653 0.3928977 0.1836936
v -0.2757312 0.3928977 0.1678167
v -0.3085668 0.3928977 0.1451815
v -0.3385362 0.3928977 0.1177386
v -0.3735103 0.3928977 0.0884406
v -0.4166293 0.3928977 0.0559531
v -0.4244500 0.3928977 0.0133258
v -0.4452622 0.3928977 -0.0299540
v -0.4686431 0.3928977 -0.0774321
v -0.4148684 0.3928977 -0.1155233
v -0.3394441 0.3928977 -0.1383815
v -0.2731460 0.3928977 -0.1515221
v -0.2376204 0.3928977 -0.1685133
v -0.2345348 0.3928977 -0.2011748
v -0.2473338 0.3928977 -0.2503841
v -0.2352405 0.3928977 -0.2868847
v -0.2167052 0.3928977 -0.3212409
v -0.2195538 0.3928977 -0.3918340
v -0.1871876 0.3928977 -0.4239262
v -0.1500461 0.3928977 -0.4518589
v -0.1093015 0.3928977 -0.4765047
v -0.0630479 0.3928977 -0.4866729
v -0.0137750 0.3928977 -0.4698113
v 0.0311407 0.3928977 -0.4244090
v 0.0634405 0.3928977 -0.3462648
v 0.0808856 0.3928977 -0.2711664
v 0.1168795 0.3928977 -0.3025698
v 0.1595692 0.3928977 -0.3290080
v 0.2175507 0.3928977 -0.3663300
v 0.2833141 0.3928977 -0.3939690
v 0.3413036 0.3928977 -0.3944806
v 0.3806136 0.3928977 -0.3670286
v 0.4016889 0.3928977 -0.3232664
v 0.4017673 0.3928977 -0.2688130
v 0.3739656 0.3928977 -0.2066968
v 0.4179604 0.3928977 -0.1844956
v 0.4193433 0.3928977 -0.1435362
v 0.3950782 0.3928977 -0.0997775
v 0.3631810 0.3928977 -0.0614969
v 0.3424294 0.4286157 -0.0311048
v 0.3535142 0.4286157 -0.0004416
v 0.3965505 0.4286157 0.0390791
v 0.4442218 0.4286157 0.0898754
v 0.4409720 0.4286157 0.1327927
v 0.4781198 0.4286157 0.1995440
v 0.4533836 0.4286157 0.2412815
v 0.3920307 0.4286157 0.2548843
v 0.3294417 0.4286157 0.2570054
v 0.2783052 0.4286157 0.2598591
v 0.2383756 0.4286157 0.2686277
v 0.2026699 0.4286157 0.2791525
v 0.1647466 0.4286157 0.2809517
v 0.1160247 0.4286157 0.2400857
v 0.0936517 0.4286157 0.2739815
v 0.0669873 0.4286157 0.3239211
v 0.0307341 0.4286157 0.3731288
v -0.0161195 0.4286157 0.4277308
v -0.0709647 0.4286157 0.4620311
v -0.1223961 0.4286157 0.4557887
v -0.1577450 0.4286157 0.4077808
v -0.1720509 0.4286157 0.3348198
v -0.1520004 0.4286157 0.2326743
v -0.1642297 0.4286157 0.1980311
v -0.2047338 0.4286157 0.1960093
v -0.2385049 0.4286157 0.1820149
v -0.2753294 0.4286157 0.1661450
v -0.3080055 0.4286157 0.1435318
v -0.3379842 0.4286157 0.1162049
v -0.3731863 0.4286157 0.0870762
v -0.4165841 0.4286157 0.0547157
v -0.4245062 0.4286157 0.0121417
v -0.4453063 0.4286157 -0.0311048
v -0.4686787 0.4286157 -0.0785476
v -0.4149193 0.4286157 -0.1166058
v -0.3395808 0.4286157 -0.1394533
v -0.2733310 0.4286157 -0.1525844
v -0.2377610 0.4286157 -0.1695270
v -0.2345731 0.4286157 -0.2020882
v -0.2473101 0.4286157 -0.2511944
v -0.2352393 0.4286157 -0.2876422
v -0.2167966 0.4286157 -0.3220213
v -0.2197371 0.4286157 -0.3926625
v -0.1873404 0.4286157 -0.4246192
v -0.1501492 0.4286157 -0.4523030
v -0.1094261 0.4286157 -0.4767590
v -0.0632716 0.4286157 -0.4869368
v -0.0141036 0.4286157 -0.4701983
v 0.0307341 0.4286157 -0.4248335
v 0.0629448 0.4286157 -0.3465429
v 0.0802604 0.4286157 -0.2712568
v 0.1161712 0.4286157 -0.3027611
v 0.1588701 0.4286157 -0.3294775
v 0.2169482 0.4286157 -0.3671272
v 0.2827990 0.4286157 -0.3949630
v 0.3407890 0.4286157 -0.3955044
v 0.3800282 0.4286157 -0.3680069
v 0.4010641 0.4286157 -0.3242444
v 0.4011772 0.4286157 -0.2698455
v 0.3733849 0.4286157 -0.2077578
v 0.4173875 0.4286157 -0.1855799
v 0.4185703 0.4286157 -0.1445797
v 0.3940145 0.4286157 -0.1008021
v 0.3619378 0.4286157 -0.0625682
v 0.3409363 0.4643337 -0.0323556
v 0.3520353 0.4643337 -0.0017909
v 0.3949498 0.4643337 0.0376059
v 0.4424141 0.4643337 0.0882249
v 0.4390802 0.4643337 0.1309627
v 0.4762185 0.4643337 0.1975408
v 0.4516867 0.4643337 0.2392219
v 0.3905761 0.4643337 0.2528318
v 0.3281498 0.4643337 0.2549347
v 0.2771122 0.4643337 0.2577256
v 0.2372896 0.4643337 0.2664472
v 0.2017340 0.4643337 0.2770102
v 0.1639638 0.4643337 0.2789073
v 0.1153742 0.4643337 0.2381714
v 0.0930573 0.4643337 0.2719913
v 0.0664539 0.4643337 0.3217740
v 0.0302922 0.4643337 0.3708432
v -0.0164479 0.4643337 0.4253685
v -0.0711746 0.4643337 0.4596551
v -0.1224867 0.4643337 0.4534210
v -0.1577079 0.4643337 0.4054146
v -0.1718769 0.4643337 0.3324575
v -0.1517559 0.4643337 0.2304327
v -0.1639261 0.4643337 0.1959041
v -0.2043634 0.4643337 0.1939750
v -0.2380423 0.4643337 0.1800481
v -0.2746960 0.4643337 0.1642012
v -0.3071962 0.4643337 0.1416359
v -0.3371141 0.4643337 0.1144300
v -0.3723788 0.4643337 0.0854598
v -0.4158384 0.4643337 0.0532370
v -0.4238022 0.4643337 0.0107821
v -0.4445423 0.4643337 -0.0323556
v -0.4678475 0.4643337 -0.0796775
v -0.4142337 0.4643337 -0.1176404
v -0.3391308 0.4643337 -0.1404432
v -0.2730657 0.4643337 -0.1535527
v -0.2375552 0.4643337 -0.1704438
v -0.2343123 0.4643337 -0.2028862
v -0.2469679 0.4643337 -0.2518245
v -0.2349250 0.4643337 -0.2881637
v -0.2165664 0.4643337 -0.3224823
v -0.2195329 0.4643337 -0.3929808
v -0.1871815 0.4643337 -0.4247859
v -0.1500320 0.4643337 -0.4522521
v -0.1094021 0.4643337 -0.4765284
v -0.0634052 0.4643337 -0.4866930
v -0.0144061 0.4643337 -0.4700849
v 0.0302922 0.4643337 -0.4248672
v 0.0623906 0.4643337 -0.3466934
v 0.0796078 0.4643337 -0.2714861
v 0.1153993 0.4643337 -0.3029625
v 0.1580175 0.4643337 -0.3297721
v 0.2160228 0.4643337 -0.3675055
v 0.2817706 0.4643337 -0.3953672
v 0.3396294 0.4643337 -0.3959116
v 0.3787447 0.4643337 -0.3684459
v 0.3997192 0.4643337 -0.3247804
v 0.3998637 0.4643337 -0.2705346
v 0.3721560 0.4643337 -0.2086028
v 0.4160599 0.4643337 -0.1864769
v 0.4171391 0.4643337 -0.1455411
v 0.3924840 0.4643337 -0.1018441
v 0.3603866 0.4643337 -0.0637137
v 0.3386855 0.5000517 -0.0337065
v 0.3497363 0.5000517 -0.0033149
v 0.3923990 0.5000517 0.0358572
v 0.4395493 0.5000517 0.0861755
v 0.4361841 0.5000517 0.1286454
v 0.4731415 0.5000517 0.1948496
v 0.4488111 0.5000517 0.2363254
v 0.3880802 0.5000517 0.2498831
v 0.3260055 0.5000517 0.2519760
v 0.2752413 0.5000517 0.2547367
v 0.2356405 0.5000517 0.2634048
v 0.2099991 0.5000517 0.2914348
v 0.1697352 0.5000517 0.2921066
v 0.1193116 0.5000517 0.2508574
v 0.0955652 0.5000517 0.2851153
v 0.0675817 0.5000517 0.3361413
v 0.0298150 0.5000517 0.3859303
v -0.0185309 0.5000517 0.4397428
v -0.0746404 0.5000517 0.4727958
v -0.1274526 0.5000517 0.4663422
v -0.1648731 0.5000517 0.4196370
v -0.1712068 0.5000517 0.3290364
v -0.1511601 0.5000517 0.2275329
v -0.1632586 0.5000517 0.1932079
v -0.2034881 0.5000517 0.1913196
v -0.2369787 0.5000517 0.1774776
v -0.2733950 0.5000517 0.1617043
v -0.3056705 0.5000517 0.1392524
v -0.3354293 0.5000517 0.1122153
v -0.3705639 0.5000517 0.0834382
v -0.4340361 0.5000517 0.0552859
v -0.4412181 0.5000517 0.0110403
v -0.4623066 0.5000517 -0.0337065
v -0.4858511 0.5000517 -0.0826933
v -0.4314803 0.5000517 -0.1222085
v -0.3546073 0.5000517 -0.1461826
v -0.2871010 0.5000517 -0.1603203
v -0.2513342 0.5000517 -0.1786524
v -0.2486558 0.5000517 -0.2131735
v -0.2614867 0.5000517 -0.2642902
v -0.2484855 0.5000517 -0.3021336
v -0.2283660 0.5000517 -0.3371400
v -0.2297056 0.5000517 -0.4083271
v -0.1864446 0.5000517 -0.4239457
v -0.1494769 0.5000517 -0.4511991
v -0.1090630 0.5000517 -0.4752838
v -0.0633371 0.5000517 -0.4853996
v -0.0146276 0.5000517 -0.4689309
v 0.0298150 0.5000517 -0.4239879
v 0.0617279 0.5000517 -0.3462289
v 0.0788351 0.5000517 -0.2714044
v 0.1144207 0.5000517 -0.3027192
v 0.1568163 0.5000517 -0.3294371
v 0.2236036 0.5000517 -0.3833970
v 0.2898588 0.5000517 -0.4090824
v 0.3489779 0.5000517 -0.4088105
v 0.3898402 0.5000517 -0.3809589
v 0.4120155 0.5000517 -0.3362424
v 0.4123561 0.5000517 -0.2802441
v 0.3847443 0.5000517 -0.2166896
v 0.4293709 0.5000517 -0.1933364
v 0.4327968 0.5000517 -0.1516128
v 0.3899712 0.5000517 -0.1028045
v 0.3580204 0.5000517 -0.0648851
v 0.3494001 0.5357696 -0.0351575
v 0.3599154 0.5357696 -0.0037502
v 0.4025945 0.5357696 0.0364607
v 0.4504697 0.5357696 0.0880696
v 0.4477966 0.5357696 0.1320387
v 0.4834488 0.5357696 0.1989768
v 0.4571727 0.5357696 0.2405936
v 0.3949956 0.5357696 0.2543118
v 0.3323416 0.5357696 0.2571307
v 0.2813480 0.5357696 0.2610652
v 0.2410386 0.5357696 0.2704858
v 0.2043076 0.5357696 0.2806386
v 0.1653109 0.5357696 0.2815469
v 0.1160978 0.5357696 0.2408178
v 0.0931724 0.5357696 0.2745471
v 0.0660454 0.5357696 0.3246651
v 0.0293024 0.5357696 0.3737228
v -0.0179069 0.5357696 0.4271613
v -0.0728587 0.5357696 0.4602198
v -0.1245205 0.5357696 0.4539385
v -0.1607744 0.5357696 0.4074484
v -0.1767480 0.5357696 0.3366594
v -0.1587792 0.5357696 0.2363402
v -0.1718588 0.5357696 0.2012621
v -0.2122852 0.5357696 0.1978593
v -0.2463891 0.5357696 0.1830698
v -0.2841410 0.5357696 0.1668485
v -0.3178285 0.5357696 0.1438052
v -0.3477677 0.5357696 0.1154890
v -0.3814988 0.5357696 0.0850367
v -0.4229515 0.5357696 0.0516099
v -0.4302331 0.5357696 0.0084971
v -0.4509957 0.5357696 -0.0351575
v -0.4742371 0.5357696 -0.0829923
v -0.4206727 0.5357696 -0.1214877
v -0.3451389 0.5357696 -0.1447133
v -0.2788094 0.5357696 -0.1582538
v -0.2435719 0.5357696 -0.1758373
v -0.2408635 0.5357696 -0.2092722
v -0.2536281 0.5357696 -0.2591149
v -0.2411524 0.5357696 -0.2960172
v -0.2218584 0.5357696 -0.3303403
v -0.2237730 0.5357696 -0.4004743
v -0.1913568 0.5357696 -0.4333359
v -0.1542601 0.5357696 -0.4625943
v -0.1131820 0.5357696 -0.4882016
v -0.0662270 0.5357696 -0.4983778
v -0.0162341 0.5357696 -0.4810946
v 0.0293024 0.5357696 -0.4358568
v 0.0623735 0.5357696 -0.3590220
v 0.0809036 0.5357696 -0.2853709
v 0.1175948 0.5357696 -0.3158926
v 0.1604341 0.5357696 -0.3405060
v 0.2179477 0.5357696 -0.3755669
v 0.2831969 0.5357696 -0.4016567
v 0.3411944 0.5357696 -0.4017161
v 0.3810114 0.5357696 -0.3743887
v 0.4025003 0.5357696 -0.3305672
v 0.4026705 0.5357696 -0.2757833
v 0.3752329 0.5357696 -0.2135013
v 0.4191072 0.5357696 -0.1908917
v 0.4218004 0.5357696 -0.1499964
v 0.3994247 0.5357696 -0.1061675
v 0.3687878 0.5357696 -0.0674076
v 0.3391364 0.5714876 -0.0367085
v 0.3496509 0.5714876 -0.0062242
v 0.3916932 0.5714876 0.0329233
v 0.4386743 0.5714876 0.0832278
v 0.4359136 0.5714876 0.1259591
v 0.4714526 0.5714876 0.1915237
v 0.4461991 0.5714876 0.2323235
v 0.3854783 0.5714876 0.2456610
v 0.3240573 0.5714876 0.2481178
v 0.2740279 0.5714876 0.2515551
v 0.2346656 0.5714876 0.2605263
v 0.1990318 0.5714876 0.2705561
v 0.1611975 0.5714876 0.2716936
v 0.1131474 0.5714876 0.2316279
v 0.0909284 0.5714876 0.2647718
v 0.0645566 0.5714876 0.3139005
v 0.0287544 0.5714876 0.3621105
v -0.0173679 0.5714876 0.4149664
v -0.0711754 0.5714876 0.4478497
v -0.1217139 0.5714876 0.4417213
v -0.1569059 0.5714876 0.3956134
v -0.1719449 0.5714876 0.3254524
v -0.1535294 0.5714876 0.2264202
v -0.1660017 0.5714876 0.1921834
v -0.2056317 0.5714876 0.1893622
v -0.2389316 0.5714876 0.1751819
v -0.2756351 0.5714876 0.1594625
v -0.3083334 0.5714876 0.1370765
v -0.3376918 0.5714876 0.1096935
v -0.3712384 0.5714876 0.0803233
v -0.4125387 0.5714876 0.0479560
v -0.4198803 0.5714876 0.0059106
v -0.4402729 0.5714876 -0.0367085
v -0.4631417 0.5714876 -0.0834372
v -0.4105014 0.5714876 -0.1209821
v -0.3364330 0.5714876 -0.1435567
v -0.2713784 0.5714876 -0.1566171
v -0.2367178 0.5714876 -0.1735722
v -0.2339532 0.5714876 -0.2060166
v -0.2465442 0.5714876 -0.2546248
v -0.2345045 0.5714876 -0.2906277
v -0.2159233 0.5714876 -0.3242720
v -0.2182308 0.5714876 -0.3932342
v -0.1865085 0.5714876 -0.4251494
v -0.1501622 0.5714876 -0.4533273
v -0.1100561 0.5714876 -0.4780711
v -0.0643219 0.5714876 -0.4880342
v -0.0156147 0.5714876 -0.4712137
v 0.0287544 0.5714876 -0.4267429
v 0.0608310 0.5714876 -0.3508328
v 0.0785167 0.5714876 -0.2780048
v 0.1141773 0.5714876 -0.3083195
v 0.1560829 0.5714876 -0.3332009
v 0.2126330 0.5714876 -0.3685164
v 0.2767993 0.5714876 -0.3947638
v 0.3336502 0.5714876 -0.3950446
v 0.3724698 0.5714876 -0.3682298
v 0.3933438 0.5714876 -0.3253040
v 0.3934264 0.5714876 -0.2717298
v 0.3663165 0.5714876 -0.2107380
v 0.4093870 0.5714876 -0.1887782
v 0.4114925 0.5714876 -0.1486918
v 0.3887839 0.5714876 -0.1057821
v 0.3582195 0.5714876 -0.0680067
v 0.3298786 0.6072056 -0.0383596
v 0.3403334 0.6072056 -0.0087050
v 0.3816282 0.6072056 0.0294531
v 0.4276181 0.6072056 0.0785125
v 0.4247706 0.6072056 0.1200892
v 0.4599987 0.6072056 0.1842683
v 0.4356675 0.6072056 0.2242610
v 0.3763968 0.6072056 0.2372831
v 0.3162418 0.6072056 0.2394911
v 0.2671957 0.6072056 0.2425598
v 0.2287418 0.6072056 0.2511662
v 0.1941137 0.6072056 0.2610830
v 0.1573445 0.6072056 0.2624287
v 0.1104109 0.6072056 0.2231305
v 0.0888037 0.6072056 0.2556465
v 0.0631037 0.6072056 0.3037332
v 0.0281711 0.6072056 0.3510106
v -0.0169095 0.6072056 0.4031134
v -0.0695873 0.6072056 0.4356693
v -0.1190289 0.6072056 0.4296786
v -0.1532535 0.6072056 0.3840992
v -0.1675299 0.6072056 0.3147819
v -0.1489171 0.6072056 0.2172691
v -0.1608968 0.6072056 0.1838471
v -0.1997345 0.6072056 0.1814606
v -0.2322629 0.6072056 0.1677905
v -0.2679721 0.6072056 0.1524969
v -0.2997373 0.6072056 0.1306930
v -0.3285066 0.6072056 0.1041397
v -0.3617579 0.6072056 0.0757277
v -0.4027377 0.6072056 0.0443126
v -0.4100995 0.6072056 0.0032749
v -0.4300905 0.6072056 -0.0383596
v -0.4525347 0.6072056 -0.0840253
v -0.4009050 0.6072056 -0.1206802
v -0.3283867 0.6072056 -0.1426830
v -0.2646727 0.6072056 -0.1553561
v -0.2306282 0.6072056 -0.1717831
v -0.2277974 0.6072056 -0.2033245
v -0.2401375 0.6072056 -0.2507428
v -0.2284605 0.6072056 -0.2858866
v -0.2104939 0.6072056 -0.3188564
v -0.2130431 0.6072056 -0.3865547
v -0.1819807 0.6072056 -0.4175775
v -0.1463594 0.6072056 -0.4447651
v -0.1071739 0.6072056 -0.4687033
v -0.0625905 0.6072056 -0.4784611
v -0.0151005 0.6072056 -0.4621172
v 0.0281711 0.6072056 -0.4185048
v 0.0593545 0.6072056 -0.3437368
v 0.0763430 0.6072056 -0.2719443
v 0.1110602 0.6072056 -0.3019140
v 0.1520662 0.6072056 -0.3268571
v 0.2076113 0.6072056 -0.3621584
v 0.2706313 0.6072056 -0.3883532
v 0.3263206 0.6072056 -0.3887669
v 0.3641902 0.6072056 -0.3624576
v 0.3845108 0.6072056 -0.3204250
v 0.3845668 0.6072056 -0.2680471
v 0.3579013 0.6072056 -0.2083513
v 0.4001303 0.6072056 -0.1869641
v 0.4017817 0.6072056 -0.1476723
v 0.3789451 0.6072056 -0.1056575
v 0.3486112 0.6072056 -0.0688005
v 0.3215545 0.6429236 -0.0401107
v 0.3319031 0.6429236 -0.0111983
v 0.3723857 0.6429236 0.0260474
v 0.4173410 0.6429236 0.0739355
v 0.4144167 0.6429236 0.1144486
v 0.4491869 0.6429236 0.1772621
v 0.4256729 0.6429236 0.2164673
v 0.3678095 0.6429236 0.2292242
v 0.3089183 0.6429236 0.2312729
v 0.2608527 0.6429236 0.2340810
v 0.2232598 0.6429236 0.2423948
v 0.1895432 0.6429236 0.2522008
v 0.1537383 0.6429236 0.2537208
v 0.1078626 0.6429236 0.2152436
v 0.0867863 0.6429236 0.2471130
v 0.0616849 0.6429236 0.2941470
v 0.0275525 0.6429236 0.3404518
v -0.0165399 0.6429236 0.3916848
v -0.0681189 0.6429236 0.4237984
v -0.1165043 0.6429236 0.4179329
v -0.1498553 0.6429236 0.3729946
v -0.1635219 0.6429236 0.3046821
v -0.1449109 0.6429236 0.2088420
v -0.1564955 0.6429236 0.1761962
v -0.1945569 0.6429236 0.1741189
v -0.2263542 0.6429236 0.1608725
v -0.2611364 0.6429236 0.1459416
v -0.2920368 0.6429236 0.1246529
v -0.3202215 0.6429236 0.0988314
v -0.3530884 0.6429236 0.0712590
v -0.3936121 0.6429236 0.0406920
v -0.4009568 0.6429236 0.0005965
v -0.4205323 0.6429236 -0.0401107
v -0.4425237 0.6429236 -0.0847666
v -0.3919459 0.6429236 -0.1205938
v -0.3209996 0.6429236 -0.1420917
v -0.2586413 0.6429236 -0.1544504
v -0.2252337 0.6429236 -0.1704342
v -0.2223423 0.6429236 -0.2011613
v -0.2343874 0.6429236 -0.2474527
v -0.2230126 0.6429236 -0.2817864
v -0.2055716 0.6429236 -0.3140955
v -0.2082430 0.6429236 -0.3804840
v -0.1778069 0.6429236 -0.4106808
v -0.1428824 0.6429236 -0.4369793
v -0.1045615 0.6429236 -0.4601811
v -0.0610500 0.6429236 -0.4697425
v -0.0146980 0.6429236 -0.4538683
v 0.0275525 0.6429236 -0.4111611
v 0.0579385 0.6429236 -0.3376800
v 0.0743578 0.6429236 -0.2670688
v 0.1082177 0.6429236 -0.2965943
v 0.1483649 0.6429236 -0.3214301
v 0.2028859 0.6429236 -0.3564990
v 0.2647276 0.6429236 -0.3824754
v 0.3192664 0.6429236 -0.3829545
v 0.3562440 0.6429236 -0.3571411
v 0.3760684 0.6429236 -0.3159831
v 0.3761377 0.6429236 -0.2647646
v 0.3499881 0.6429236 -0.2063418
v 0.3913645 0.6429236 -0.1854603
v 0.3926841 0.6429236 -0.1469427
v 0.3698920 0.6429236 -0.1057904
v 0.3399108 0.6429236 -0.0697839
v 0.3141478 0.6782868 -0.0419619
v 0.3243580 0.6781701 -0.0137041
v 0.3640177 0.6780685 0.0227162
v 0.4079574 0.6779998 0.0695301
v 0.4049744 0.6779758 0.1090863
v 0.4391971 0.6780004 0.1705978
v 0.4163860 0.6780685 0.2090524
v 0.3598397 0.6781673 0.2215821
v 0.3021637 0.6782789 0.2235376
v 0.2550450 0.6783842 0.2261727
v 0.2182496 0.6784668 0.2342553
v 0.1853410 0.6785158 0.2439467
v 0.1503894 0.6785283 0.2455944
v 0.1054919 0.6785086 0.2079342
v 0.0848756 0.6784671 0.2391679
v 0.0603053 0.6784171 0.2851896
v 0.0268985 0.6783714 0.3305357
v -0.0162761 0.6783392 0.3808453
v -0.0668135 0.6783240 0.4124460
v -0.1142059 0.6783234 0.4066943
v -0.1467833 0.6783297 0.3624671
v -0.1599764 0.6783329 0.2952529
v -0.1415126 0.6783235 0.2011412
v -0.1527843 0.6782954 0.1692147
v -0.1901044 0.6782485 0.1673422
v -0.2212248 0.6781888 0.1544433
v -0.2551672 0.6781277 0.1398219
v -0.2852892 0.6780795 0.1189858
v -0.3129125 0.6780580 0.0937988
v -0.3453335 0.6780731 0.0669475
v -0.3853060 0.6781280 0.0371218
v -0.3925998 0.6782177 -0.0021108
v -0.4117678 0.6783298 -0.0419619
v -0.4333064 0.6784465 -0.0856801
v -0.3837662 0.6785481 -0.1207502
v -0.3143378 0.6786169 -0.1418025
v -0.2532877 0.6786408 -0.1539015
v -0.2205131 0.6786162 -0.1695145
v -0.2175813 0.6785481 -0.1995227
v -0.2293235 0.6784493 -0.2447779
v -0.2182009 0.6783377 -0.2783658
v -0.2012025 0.6782324 -0.3100432
v -0.2039092 0.6781498 -0.3751351
v -0.1740599 0.6781008 -0.4045903
v -0.1397945 0.6780883 -0.4301172
v -0.1022702 0.6781080 -0.4526674
v -0.0597346 0.6781495 -0.4620445
v -0.0144217 0.6781995 -0.4466092
v 0.0268985 0.6782452 -0.4048013
v 0.0565834 0.6782775 -0.3326651
v 0.0725450 0.6782926 -0.2633012
v 0.1056394 0.6782932 -0.2923270
v 0.1449828 0.6782869 -0.3169286
v 0.1984937 0.6782837 -0.3516046
v 0.2591686 0.6782931 -0.3772461
v 0.3126044 0.6783212 -0.3777447
v 0.3487652 0.6783681 -0.3524097
v 0.3681503 0.6784278 -0.3120843
v 0.3682513 0.6784889 -0.2619547
v 0.3426395 0.6785371 -0.2047416
v 0.3831863 0.6785586 -0.1843055
v 0.3842856 0.6785435 -0.1465279
v 0.3616739 0.6784886 -0.1061904
v 0.3321260 0.6783989 -0.0709577
v 0.3076623 0.7125637 -0.0439132
v 0.3177169 0.7119729 -0.0162208
v 0.3565994 0.7114586 0.0194740
v 0.3996079 0.7111105 0.0653376
v 0.3965926 0.7109891 0.1040618
v 0.4302379 0.7111136 0.1643830
v 0.4080050 0.7114585 0.2021441
v 0.3526339 0.7119586 0.2144726
v 0.2960742 0.7125237 0.2163777
v 0.2498343 0.7130569 0.2189076
v 0.2137543 0.7134747 0.2268100
v 0.1815386 0.7137232 0.2363779
v 0.1473170 0.7137863 0.2380940
v 0.1032940 0.7136867 0.2011862
v 0.0830748 0.7134766 0.2318273
v 0.0589720 0.7132234 0.2769317
v 0.0262092 0.7129919 0.3213897
v -0.0161379 0.7128287 0.3707895
v -0.0657206 0.7127520 0.4018524
v -0.1122098 0.7127488 0.3962045
v -0.1441215 0.7127809 0.3527125
v -0.1569617 0.7127972 0.2866176
v -0.1387355 0.7127494 0.1941860
v -0.1497622 0.7126074 0.1629013
v -0.1863973 0.7123698 0.1611505
v -0.2169111 0.7120674 0.1485318
v -0.2501233 0.7117580 0.1341757
v -0.2795736 0.7115141 0.1137325
v -0.3066790 0.7114055 0.0890817
v -0.3386227 0.7114820 0.0628310
v -0.3779921 0.7117597 0.0336350
v -0.3852058 0.7122138 -0.0048300
v -0.4039970 0.7127814 -0.0439132
v -0.4251123 0.7133722 -0.0867875
v -0.3765367 0.7138864 -0.1211822
v -0.3084911 0.7142346 -0.1418414
v -0.2486351 0.7143560 -0.1537185
v -0.2164624 0.7142315 -0.1690221
v -0.2135254 0.7138866 -0.1984158
v -0.2249931 0.7133865 -0.2427557
v -0.2140824 0.7128214 -0.2756799
v -0.1974485 0.7122882 -0.3067723
v -0.2001358 0.7118703 -0.3706444
v -0.1708262 0.7116219 -0.3994625
v -0.1371705 0.7115588 -0.4243532
v -0.1003602 0.7116584 -0.4463538
v -0.0586847 0.7118684 -0.4555623
v -0.0142890 0.7121216 -0.4405101
v 0.0262092 0.7123532 -0.3995399
v 0.0552914 0.7125164 -0.3287150
v 0.0708920 0.7125931 -0.2605794
v 0.1033203 0.7125963 -0.2890963
v 0.1419317 0.7125642 -0.3133806
v 0.1944833 0.7125479 -0.3475631
v 0.2540506 0.7125956 -0.3728046
v 0.3064711 0.7127377 -0.3732979
v 0.3419107 0.7129753 -0.3484145
v 0.3609139 0.7132777 -0.3088532
v 0.3610439 0.7135871 -0.2597053
v 0.3359400 0.7138310 -0.2035944
v 0.3757173 0.7139396 -0.1835481
v 0.3766968 0.7138630 -0.1464606
v 0.3543630 0.7135854 -0.1068713
v 0.3252853 0.7131313 -0.0723246
v 0.3020837 0.7457321 -0.0459646
v 0.3119799 0.7443024 -0.0187483
v 0.3501851 0.7430581 0.0163310
v 0.3924094 0.7422157 0.0613921
v 0.3893964 0.7419218 0.0994249
v 0.4224923 0.7422232 0.1587121
v 0.4007034 0.7430577 0.1958540
v 0.3463176 0.7442679 0.2079951
v 0.2907285 0.7456352 0.2098694
v 0.2452682 0.7469254 0.2123416
v 0.2098050 0.7479365 0.2201041
v 0.1878559 0.7485377 0.2470339
v 0.1515151 0.7486905 0.2475057
v 0.1061401 0.7484494 0.2104884
v 0.0847127 0.7479412 0.2412322
v 0.0594937 0.7473285 0.2870862
v 0.0254845 0.7467682 0.3317775
v -0.0180047 0.7463733 0.3799235
v -0.0684275 0.7461876 0.4094127
v -0.1159078 0.7461799 0.4036070
v -0.1496696 0.7462577 0.3618927
v -0.1545343 0.7462971 0.2788784
v -0.1365823 0.7461815 0.1879804
v -0.1474166 0.7458378 0.1572416
v -0.1834428 0.7452628 0.1555505
v -0.2134342 0.7445311 0.1431547
v -0.2460459 0.7437825 0.1290295
v -0.2749496 0.7431923 0.1089236
v -0.3015990 0.7429295 0.0847113
v -0.3330622 0.7431147 0.0589407
v -0.3920128 0.7437866 0.0341346
v -0.3983654 0.7448854 -0.0057000
v -0.4172993 0.7462588 -0.0459646
v -0.4384229 0.7476885 -0.0900345
v -0.3896220 0.7489328 -0.1256050
v -0.3205510 0.7497752 -0.1472093
v -0.2599089 0.7500690 -0.1599844
v -0.2278322 0.7497676 -0.1765615
v -0.2254920 0.7489332 -0.2077122
v -0.2370096 0.7477229 -0.2537452
v -0.2252601 0.7463557 -0.2878133
v -0.2070473 0.7450655 -0.3192531
v -0.2080782 0.7440543 -0.3831146
v -0.1681799 0.7434532 -0.3954310
v -0.1350748 0.7433004 -0.4198370
v -0.0988836 0.7435414 -0.4414058
v -0.0579351 0.7440497 -0.4504646
v -0.0143147 0.7446624 -0.4357161
v 0.0254845 0.7452226 -0.3954687
v 0.0540631 0.7456176 -0.3258342
v 0.0693830 0.7458032 -0.2588276
v 0.1012505 0.7458109 -0.2868705
v 0.1392164 0.7457332 -0.3107967
v 0.1999745 0.7456937 -0.3608310
v 0.2593970 0.7458094 -0.3836197
v 0.3125041 0.7461531 -0.3832914
v 0.3493026 0.7467281 -0.3582945
v 0.3692987 0.7474598 -0.3181153
v 0.3696233 0.7482083 -0.2677529
v 0.3448900 0.7487986 -0.2106335
v 0.3849546 0.7490614 -0.1895795
v 0.3882703 0.7488761 -0.1521102
v 0.3480110 0.7482043 -0.1078430
v 0.3193985 0.7471055 -0.0738856
v 0.3114506 0.7777920 -0.0481160
v 0.3207719 0.7751587 -0.0199923
v 0.3588416 0.7728669 0.0159862
v 0.4016227 0.7713153 0.0621587
v 0.3993139 0.7707740 0.1015394
v 0.4309728 0.7713292 0.1613246
v 0.4073249 0.7728662 0.1984598
v 0.3517092 0.7750952 0.2107132
v 0.2957620 0.7776135 0.2133059
v 0.2502532 0.7799898 0.2169422
v 0.2142224 0.7818522 0.2254263
v 0.1813097 0.7829594 0.2344413
v 0.1463697 0.7832408 0.2351428
v 0.1023774 0.7827969 0.1987900
v 0.0818501 0.7818607 0.2288853
v 0.0575818 0.7807322 0.2736550
v 0.0247244 0.7797003 0.3174411
v -0.0174626 0.7789730 0.3650200
v -0.0665337 0.7786310 0.3943931
v -0.1126819 0.7786168 0.3887818
v -0.1451523 0.7787600 0.3474527
v -0.1596068 0.7788327 0.2845088
v -0.1438041 0.7786196 0.1951566
v -0.1555765 0.7779866 0.1637871
v -0.1916563 0.7769276 0.1605881
v -0.2221417 0.7755799 0.1472942
v -0.2559593 0.7742012 0.1327772
v -0.2861600 0.7731141 0.1121599
v -0.3128838 0.7726300 0.0867647
v -0.3428184 0.7729712 0.0594214
v -0.3795951 0.7742087 0.0294549
v -0.3860192 0.7762324 -0.0090965
v -0.4045537 0.7787620 -0.0481160
v -0.4252916 0.7813953 -0.0908662
v -0.3774871 0.7836871 -0.1252825
v -0.3100212 0.7852387 -0.1460574
v -0.2507899 0.7857799 -0.1581890
v -0.2193684 0.7852248 -0.1739576
v -0.2170097 0.7836878 -0.2039072
v -0.2284163 0.7814588 -0.2484929
v -0.2172349 0.7789405 -0.2814912
v -0.1999126 0.7765641 -0.3121260
v -0.2015080 0.7747018 -0.3746847
v -0.1725693 0.7735946 -0.4041314
v -0.1394667 0.7733132 -0.4304455
v -0.1027553 0.7737571 -0.4534511
v -0.0607406 0.7746933 -0.4625343
v -0.0160103 0.7758218 -0.4470299
v 0.0247244 0.7768536 -0.4066478
v 0.0543476 0.7775810 -0.3382144
v 0.0710293 0.7779230 -0.2726478
v 0.1038758 0.7779372 -0.2997861
v 0.1421344 0.7777939 -0.3215127
v 0.1934132 0.7777213 -0.3525141
v 0.2515967 0.7779343 -0.3756084
v 0.3033771 0.7785674 -0.3756094
v 0.3389919 0.7796264 -0.3512341
v 0.3582272 0.7809741 -0.3121045
v 0.3583810 0.7823528 -0.2631488
v 0.3339200 0.7834399 -0.2075212
v 0.3730768 0.7839239 -0.1872891
v 0.3756560 0.7835827 -0.1507932
v 0.3559340 0.7823453 -0.1116604
v 0.3287493 0.7803215 -0.0769975
v 0.3019319 0.8087433 -0.0503675
v 0.3112879 0.8045417 -0.0230692
v 0.3488578 0.8008850 0.0119719
v 0.3908965 0.7984094 0.0570016
v 0.3884892 0.7975457 0.0952810
v 0.4201537 0.7984315 0.1539054
v 0.3974502 0.8008839 0.1903570
v 0.3430957 0.8044404 0.2022732
v 0.2881821 0.8084585 0.2045106
v 0.2434743 0.8122501 0.2076585
v 0.2082633 0.8152217 0.2157210
v 0.1763342 0.8169882 0.2246469
v 0.1424360 0.8174373 0.2255837
v 0.0994515 0.8167290 0.1897641
v 0.0795591 0.8152353 0.2193821
v 0.0559611 0.8134346 0.2633217
v 0.0239290 0.8117882 0.3064168
v -0.0173205 0.8106277 0.3535873
v -0.0654222 0.8100820 0.3828949
v -0.1106110 0.8100594 0.3774166
v -0.1421320 0.8102879 0.3363162
v -0.1556971 0.8104038 0.2737669
v -0.1393833 0.8100639 0.1853755
v -0.1505873 0.8090539 0.1547370
v -0.1859999 0.8073641 0.1521137
v -0.2157889 0.8052138 0.1393844
v -0.2486751 0.8030140 0.1253186
v -0.2779904 0.8012794 0.1052865
v -0.3042290 0.8005071 0.0807377
v -0.3340919 0.8010515 0.0543840
v -0.3708554 0.8030259 0.0253741
v -0.3773649 0.8062550 -0.0122457
v -0.3955958 0.8102910 -0.0503675
v -0.4160356 0.8144927 -0.0921629
v -0.3689837 0.8181493 -0.1257499
v -0.3027434 0.8206250 -0.1459468
v -0.2445759 0.8214886 -0.1576401
v -0.2136178 0.8206028 -0.1728343
v -0.2111925 0.8181505 -0.2018970
v -0.2224658 0.8145940 -0.2454045
v -0.2116820 0.8105759 -0.2776196
v -0.1950138 0.8067842 -0.3076853
v -0.1970116 0.8038127 -0.3692974
v -0.1686633 0.8020461 -0.3978993
v -0.1361924 0.8015971 -0.4232204
v -0.1003231 0.8023054 -0.4454400
v -0.0593823 0.8037991 -0.4543426
v -0.0157812 0.8055997 -0.4392480
v 0.0239290 0.8072462 -0.3994885
v 0.0526601 0.8084067 -0.3317299
v 0.0685525 0.8089524 -0.2667460
v 0.1004827 0.8089750 -0.2937778
v 0.1379438 0.8087465 -0.3158582
v 0.1884446 0.8086305 -0.3472350
v 0.2457553 0.8089704 -0.3705760
v 0.2965741 0.8099805 -0.3708002
v 0.3313164 0.8116702 -0.3468496
v 0.3500039 0.8138206 -0.3084763
v 0.3500704 0.8160204 -0.2605569
v 0.3258487 0.8177550 -0.2060216
v 0.3643419 0.8185273 -0.1863687
v 0.3663368 0.8179829 -0.1505508
v 0.3462031 0.8160085 -0.1121975
v 0.3189881 0.8127794 -0.0783972
v 0.2954103 0.8385862 -0.0527190
v 0.3048134 0.8324515 -0.0259569
v 0.3420479 0.8271125 0.0084732
v 0.3835507 0.8234979 0.0527439
v 0.3810241 0.8222369 0.0902789
v 0.4127348 0.8235303 0.1481574
v 0.3907185 0.8271108 0.1842025
v 0.3372275 0.8323036 0.1959342
v 0.2829802 0.8381703 0.1979430
v 0.2387653 0.8437064 0.2007490
v 0.2040803 0.8480450 0.2085304
v 0.1728155 0.8506243 0.2174451
v 0.1396197 0.8512800 0.2186087
v 0.0972849 0.8502458 0.1831652
v 0.0777900 0.8480648 0.2124802
v 0.0546081 0.8454358 0.2558559
v 0.0230983 0.8430319 0.2984898
v -0.0175585 0.8413375 0.3454311
v -0.0650563 0.8405407 0.3747407
v -0.1096413 0.8405077 0.3693402
v -0.1405331 0.8408414 0.3283070
v -0.1534714 0.8410106 0.2659000
v -0.1367666 0.8405144 0.1780475
v -0.1475949 0.8390396 0.1478922
v -0.1826038 0.8365725 0.1456853
v -0.2119449 0.8334328 0.1333325
v -0.2441885 0.8302209 0.1195402
v -0.2728824 0.8276883 0.0998732
v -0.2988194 0.8265607 0.0758930
v -0.3287264 0.8273556 0.0502195
v -0.3655875 0.8302383 0.0218525
v -0.3721939 0.8349530 -0.0151674
v -0.3902224 0.8408459 -0.0527190
v -0.4104613 0.8469806 -0.0939059
v -0.3639052 0.8523196 -0.1269677
v -0.2984936 0.8559343 -0.1468119
v -0.2410321 0.8571952 -0.1582439
v -0.2103489 0.8559019 -0.1730722
v -0.2078261 0.8523213 -0.2015436
v -0.2189699 0.8471285 -0.2443313
v -0.2084331 0.8412618 -0.2760362
v -0.1922032 0.8357258 -0.3057572
v -0.1944712 0.8313871 -0.3667827
v -0.1664720 0.8288078 -0.3947976
v -0.1343690 0.8281522 -0.4193916
v -0.0990299 0.8291864 -0.4410381
v -0.0587981 0.8313673 -0.4498331
v -0.0159438 0.8339963 -0.4350561
v 0.0230983 0.8364002 -0.3957208
v 0.0512444 0.8380947 -0.3283533
v 0.0666049 0.8388914 -0.2636820
v 0.0979354 0.8389245 -0.2906715
v 0.1349065 0.8385907 -0.3130717
v 0.1849597 0.8384215 -0.3447971
v 0.2417558 0.8389178 -0.3683533
v 0.2919688 0.8403926 -0.3687156
v 0.3261369 0.8428597 -0.3450066
v 0.3444724 0.8459994 -0.3071070
v 0.3445139 0.8492112 -0.2598628
v 0.3204704 0.8517438 -0.2060286
v 0.3585439 0.8528714 -0.1867357
v 0.3600949 0.8520766 -0.1513191
v 0.3395958 0.8491938 -0.1134408
v 0.3123027 0.8444791 -0.0801926
v 0.2915078 0.8673205 -0.0551706
v 0.3009718 0.8588881 -0.0286911
v 0.3380391 0.8515493 0.0054187
v 0.3792201 0.8465808 0.0492786
v 0.3765656 0.8448475 0.0863921
v 0.4083770 0.8466253 0.1439056
v 0.3868103 0.8515470 0.1797903
v 0.3338086 0.8586848 0.1914619
v 0.2798867 0.8667489 0.1933430
v 0.2358850 0.8743585 0.1959300
v 0.2014623 0.8803222 0.2035500
v 0.1705748 0.8838676 0.2125130
v 0.1377757 0.8847688 0.2138798
v 0.0957682 0.8833472 0.1786451
v 0.0764688 0.8803494 0.2078219
v 0.0534856 0.8767357 0.2508931
v 0.0222321 0.8734314 0.2932921
v -0.0181391 0.8711023 0.3401834
v -0.0653609 0.8700071 0.3695664
v -0.1096609 0.8699617 0.3641973
v -0.1402086 0.8704204 0.3230830
v -0.1527497 0.8706531 0.2605832
v -0.1357436 0.8699709 0.1728690
v -0.1463597 0.8679437 0.1429710
v -0.1812005 0.8645525 0.1410448
v -0.2103167 0.8602369 0.1289065
v -0.2421838 0.8558220 0.1152384
v -0.2705006 0.8523408 0.0957472
v -0.2963030 0.8507909 0.0720900
v -0.3263568 0.8518834 0.0468212
v -0.3634160 0.8558459 0.0188181
v -0.3701253 0.8623265 -0.0178978
v -0.3880500 0.8704267 -0.0551706
v -0.4081864 0.8788591 -0.0960592
v -0.3618763 0.8861978 -0.1288639
v -0.2969079 0.8911664 -0.1485461
v -0.2398090 0.8928996 -0.1598609
v -0.2092288 0.8911219 -0.1744999
v -0.2065964 0.8862002 -0.2026445
v -0.2176353 0.8790624 -0.2450409
v -0.2072195 0.8709983 -0.2764820
v -0.1912394 0.8633887 -0.3060582
v -0.1936744 0.8574250 -0.3668338
v -0.1658149 0.8538796 -0.3945005
v -0.1338498 0.8529784 -0.4186174
v -0.0987643 0.8544000 -0.4398915
v -0.0589132 0.8573978 -0.4486431
v -0.0164606 0.8610115 -0.4340868
v 0.0222321 0.8643158 -0.3949775
v 0.0500634 0.8666449 -0.3277213
v 0.0651132 0.8677401 -0.2631002
v 0.0961244 0.8677855 -0.2901188
v 0.1328776 0.8673268 -0.3128156
v 0.1827790 0.8670941 -0.3448767
v 0.2393854 0.8677763 -0.3686336
v 0.2893178 0.8698035 -0.3690695
v 0.3231817 0.8731946 -0.3454433
v 0.3413364 0.8775103 -0.3077618
v 0.3413934 0.8819252 -0.2608616
v 0.3174494 0.8854064 -0.2073693
v 0.3553304 0.8869563 -0.1882495
v 0.3565655 0.8858638 -0.1529915
v 0.3357397 0.8819012 -0.1153188
v 0.3083163 0.8754207 -0.0823478
v 0.2897301 0.8949464 -0.0577223
v 0.2992658 0.8838514 -0.0313192
v 0.3363219 0.8741955 0.0027105
v 0.3773843 0.8676582 0.0464535
v 0.3746070 0.8653777 0.0834181
v 0.4065741 0.8677168 0.1408892
v 0.3852475 0.8741924 0.1768124
v 0.3324075 0.8835839 0.1885146
v 0.2785198 0.8941942 0.1903424
v 0.2344991 0.9042065 0.1928091
v 0.2001205 0.9120532 0.2003627
v 0.1693686 0.9167180 0.2094114
v 0.1367085 0.9179038 0.2109423
v 0.0947600 0.9160334 0.1757540
v 0.0754982 0.9120891 0.2049351
v 0.0525427 0.9073343 0.2479358
v 0.0213307 0.9029867 0.2903043
v -0.0190071 0.8999222 0.3373041
v -0.0662228 0.8984812 0.3668230
v -0.1105008 0.8984215 0.3614499
v -0.1409411 0.8990250 0.3201379
v -0.1532762 0.8993311 0.2573549
v -0.1360359 0.8984335 0.1694379
v -0.1465692 0.8957663 0.1396062
v -0.1814340 0.8913044 0.1378489
v -0.2105106 0.8856260 0.1257947
v -0.2422306 0.8798172 0.1121360
v -0.2703831 0.8752369 0.0926702
v -0.2961903 0.8731975 0.0691332
v -0.3264667 0.8746351 0.0440379
v -0.3637981 0.8798487 0.0161668
v -0.3706076 0.8883755 -0.0204893
v -0.3885170 0.8990332 -0.0577223
v -0.4086415 0.9101281 -0.0985684
v -0.3623547 0.9197841 -0.1313344
v -0.2974835 0.9263214 -0.1510025
v -0.2404429 0.9286019 -0.1623057
v -0.2098237 0.9262628 -0.1768935
v -0.2070895 0.9197871 -0.2049330
v -0.2180646 0.9103957 -0.2472188
v -0.2076730 0.8997853 -0.2786016
v -0.1917883 0.8897731 -0.3081956
v -0.1943147 0.8819264 -0.3690086
v -0.1664297 0.8772616 -0.3965349
v -0.1344204 0.8760757 -0.4203987
v -0.0993626 0.8779462 -0.4414794
v -0.0596176 0.8818905 -0.4502390
v -0.0172773 0.8866453 -0.4358085
v 0.0213307 0.8909929 -0.3967434
v 0.0490680 0.8940574 -0.3293527
v 0.0639856 0.8954983 -0.2645553
v 0.0949083 0.8955581 -0.2916700
v 0.1316642 0.8949546 -0.3146410
v 0.1816535 0.8946485 -0.3470239
v 0.2383373 0.8955460 -0.3709735
v 0.2882614 0.8982133 -0.3714391
v 0.3220486 0.9026752 -0.3477715
v 0.3401607 0.9083535 -0.3100964
v 0.3402524 0.9141624 -0.2632589
v 0.3163220 0.9187427 -0.2098045
v 0.3542041 0.9207820 -0.1907113
v 0.3552390 0.9193445 -0.1554188
v 0.3341262 0.9141308 -0.1177338
v 0.3065282 0.9056041 -0.0848153
v 0.2894788 0.9214637 -0.0603740
v 0.2990909 0.9073415 -0.0338986
v 0.3362651 0.8950510 0.0002276
v 0.3773856 0.8867300 0.0440763
v 0.3745053 0.8838272 0.0811000
v 0.4066707 0.8868045 0.1387702
v 0.3854118 0.8950471 0.1748703
v 0.3324724 0.9070010 0.1866559
v 0.2783984 0.9205063 0.1884772
v 0.2341913 0.9332504 0.1908966
v 0.1996971 0.9432380 0.1984519
v 0.1688965 0.9491757 0.2075981
v 0.1361784 0.9506850 0.2092376
v 0.0940904 0.9483042 0.1739517
v 0.0747599 0.9432837 0.2032460
v 0.0517166 0.9372316 0.2463682
v 0.0203939 0.9316978 0.2888724
v -0.0200918 0.9277971 0.3361005
v -0.0674950 0.9259630 0.3657975
v -0.1119408 0.9258869 0.3603979
v -0.1424502 0.9266551 0.3188188
v -0.1547274 0.9270448 0.2556313
v -0.1373040 0.9259023 0.1672644
v -0.1478462 0.9225073 0.1373542
v -0.1828704 0.9168280 0.1356789
v -0.2120431 0.9096003 0.1236145
v -0.2437971 0.9022065 0.1098900
v -0.2719552 0.8963765 0.0903460
v -0.2978688 0.8937807 0.0667778
v -0.3284055 0.8956105 0.0416793
v -0.3660420 0.9022467 0.0137658
v -0.3729378 0.9131000 -0.0230086
v -0.3909032 0.9266656 -0.0603740
v -0.4110907 0.9407877 -0.1013639
v -0.3646498 0.9530783 -0.1342468
v -0.2995944 0.9613993 -0.1539977
v -0.2423691 0.9643020 -0.1653527
v -0.2116107 0.9613247 -0.1799836
v -0.2088033 0.9530822 -0.2080855
v -0.2197676 0.9411283 -0.2504771
v -0.2093367 0.9276229 -0.2819544
v -0.1934335 0.9148789 -0.3116798
v -0.1960025 0.9048913 -0.3727444
v -0.1679817 0.8989536 -0.4002968
v -0.1358064 0.8974443 -0.4240963
v -0.1006144 0.8998251 -0.4451326
v -0.0607699 0.9048456 -0.4539360
v -0.0183247 0.9108976 -0.4395432
v 0.0203939 0.9164315 -0.4003726
v 0.0481983 0.9203321 -0.3326614
v 0.0631138 0.9221662 -0.2675221
v 0.0941172 0.9222423 -0.2947850
v 0.1310309 0.9214741 -0.3179994
v 0.1812718 0.9210845 -0.3506774
v 0.2382203 0.9222269 -0.3748087
v 0.2883367 0.9256219 -0.3752803
v 0.3222188 0.9313013 -0.3514910
v 0.3403868 0.9385289 -0.3136687
v 0.3405107 0.9459227 -0.2666808
v 0.3165100 0.9517528 -0.2130361
v 0.3545389 0.9543485 -0.1938711
v 0.3554761 0.9525188 -0.1584140
v 0.3341259 0.9458826 -0.1205652
v 0.3063276 0.9350293 -0.0875369
v 0.2900759 0.9468725 -0.0631258
v 0.2997594 0.9293584 -0.0364946
v 0.3371435 0.9141158 -0.0021692
v 0.3784603 0.9037963 0.0419234
v 0.3755122 0.9001963 0.0791388
v 0.4078966 0.9038887 0.1371517
v 0.3865759 0.9141110 0.1734953
v 0.3333590 0.9289360 0.1853754
v 0.2789648 0.9456852 0.1872093
v 0.2344816 0.9614902 0.1896284
v 0.1997806 0.9738767 0.1972240
v 0.1785117 0.9812405 0.2239513
v 0.1428936 0.9831124 0.2243862
v 0.0984486 0.9801597 0.1881485
v 0.0774485 0.9739334 0.2182449
v 0.0527387 0.9664277 0.2631461
v 0.0194217 0.9595647 0.3068983
v -0.0231728 0.9547271 0.3540004
v -0.0725479 0.9524525 0.3828330
v -0.1190460 0.9523581 0.3771468
v -0.1521337 0.9533108 0.3363519
v -0.1567278 0.9537941 0.2547351
v -0.1391617 0.9523772 0.1657909
v -0.1497631 0.9481668 0.1357128
v -0.1850150 0.9411234 0.1340580
v -0.2143618 0.9321597 0.1219286
v -0.2462725 0.9229900 0.1081070
v -0.2745551 0.9157597 0.0884334
v -0.3006317 0.9125405 0.0647414
v -0.3314186 0.9148097 0.0395247
v -0.3895361 0.9230398 0.0153350
v -0.3957360 0.9364999 -0.0236870
v -0.4142730 0.9533238 -0.0631258
v -0.4349506 0.9708379 -0.1062899
v -0.3871757 0.9860804 -0.1411338
v -0.3195421 0.9964000 -0.1623015
v -0.2601645 1.0000000 -0.1748257
v -0.2287676 0.9963076 -0.1910794
v -0.2264897 0.9860853 -0.2216092
v -0.2377653 0.9712603 -0.2667057
v -0.2262464 0.9545111 -0.3000783
v -0.2083849 0.9387061 -0.3308610
v -0.2093589 0.9263196 -0.3933730
v -0.1700801 0.9189558 -0.4050810
v -0.1376866 0.9170839 -0.4289625
v -0.1022733 0.9200366 -0.4500679
v -0.0622049 0.9262629 -0.4589319
v -0.0195220 0.9337686 -0.4445004
v 0.0194217 0.9406316 -0.4051180
v 0.0473861 0.9454691 -0.3369801
v 0.0623767 0.9477438 -0.2714138
v 0.0935593 0.9478382 -0.2988540
v 0.1307092 0.9468854 -0.3222658
v 0.1903566 0.9464022 -0.3715770
v 0.2485203 0.9478191 -0.3938320
v 0.3005199 0.9520295 -0.3934933
v 0.3365697 0.9590729 -0.3690223
v 0.3561644 0.9680366 -0.3296790
v 0.3564860 0.9772063 -0.2803548
v 0.3322830 0.9844366 -0.2244209
v 0.3715073 0.9876558 -0.2037905
v 0.3748026 0.9853866 -0.1671049
v 0.3350160 0.9771564 -0.1236743
v 0.3070185 0.9636964 -0.0904467
v 0.0332794 0.0000000 -0.0239001
v 0.0332794 0.9500981 -0.0239001
vt 0.0000000 0.0000000
vt 0.0156250 0.0000000
vt 0.0312500 0.0000000
vt 0.0468750 0.0000000
vt 0.0625000 0.0000000
vt 0.0781250 0.0000000
vt 0.0937500 0.0000000
vt 0.1093750 0.0000000
vt 0.1250000 0.0000000
vt 0.1406250 0.0000000
vt 0.1562500 0.0000000
vt 0.1718750 0.0000000
vt 0.1875000 0.0000000
vt 0.2031250 0.0000000
vt 0.2187500 0.0000000
vt 0.2343750 0.0000000
vt 0.2500000 0.0000000
vt 0.2656250 0.0000000
vt 0.2812500 0.0000000
vt 0.2968750 0.0000000
vt 0.3125000 0.0000000
vt 0.3281250 0.0000000
vt 0.3437500 0.0000000
vt 0.3593750 0.0000000
vt 0.3750000 0.0000000
vt 0.3906250 0.0000000
vt 0.4062500 0.0000000
vt 0.4218750 0.0000000
vt 0.4375000 0.0000000
vt 0.4531250 0.0000000
vt 0.4687500 0.0000000
vt 0.4843750 0.0000000
vt 0.5000000 0.0000000
vt 0.5156250 0.0000000
vt 0.5312500 0.0000000
vt 0.5468750 0.0000000
vt 0.5625000 0.0000000
vt 0.5781250 0.0000000
vt 0.5937500 0.0000000
vt 0.6093750 0.0000000
vt 0.6250000 0.0000000
vt 0.6406250 0.0000000
vt 0.6562500 0.0000000
vt 0.6718750 0.0000000
vt 0.6875000 0.0000000
vt 0.7031250 0.0000000
vt 0.7187500 0.0000000
vt 0.7343750 0.0000000
vt 0.7500000 0.0000000
vt 0.7656250 0.0000000
vt 0.7812500 0.0000000
vt 0.7968750 0.0000000
vt 0.8125000 0.0000000
vt 0.8281250 0.0000000
vt 0.8437500 0.0000000
vt 0.8593750 0.0000000
vt 0.8750000 0.0000000
vt 0.8906250 0.0000000
vt 0.9062500 0.0000000
vt 0.9218750 0.0000000
vt 0.9375000 0.0000000
vt 0.9531250 0.0000000
vt 0.9687500 0.0000000
vt 0.9843750 0.0000000
vt 0.0000000 0.0357143
vt 0.0156250 0.0357143
vt 0.0312500 0.0357143
vt 0.0468750 0.0357143
vt 0.0625000 0.0357143
vt 0.0781250 0.0357143
vt 0.0937500 0.0357143
vt 0.1093750 0.0357143
vt 0.1250000 0.0357143
vt 0.1406250 0.0357143
vt 0.1562500 0.0357143
vt 0.1718750 0.0357143
vt 0.1875000 0.0357143
vt 0.2031250 0.0357143
vt 0.2187500 0.0357143
vt 0.2343750 0.0357143
vt 0.2500000 0.0357143
vt 0.2656250 0.0357143
vt 0.2812500 0.0357143
vt 0.2968750 0.0357143
vt 0.3125000 0.0357143
vt 0.3281250 0.0357143
vt 0.3437500 0.0357143
vt 0.3593750 0.0357143
vt 0.3750000 0.0357143
vt 0.3906250 0.0357143
vt 0.4062500 0.0357143
vt 0.4218750 0.0357143
vt 0.4375000 0.0357143
vt 0.4531250 0.0357143
vt 0.4687500 0.0357143
vt 0.4843750 0.0357143
vt 0.5000000 0.0357143
vt 0.5156250 0.0357143
vt 0.5312500 0.0357143
vt 0.5468750 0.0357143
vt 0.5625000 0.0357143
vt 0.5781250 0.0357143
vt 0.5937500 0.0357143
vt 0.6093750 0.0357143
vt 0.6250000 0.0357143
vt 0.6406250 0.0357143
vt 0.6562500 0.0357143
vt 0.6718750 0.0357143
vt 0.6875000 0.0357143
vt 0.7031250 0.0357143
vt 0.7187500 0.0357143
vt 0.7343750 0.0357143
vt 0.7500000 0.0357143
vt 0.7656250 0.0357143
vt 0.7812500 0.0357143
vt 0.7968750 0.0357143
vt 0.8125000 0.0357143
vt 0.8281250 0.0357143
vt 0.8437500 0.0357143
vt 0.8593750 0.0357143
vt 0.8750000 0.0357143
vt 0.8906250 0.0357143
vt 0.9062500 0.0357143
vt 0.9218750 0.0357143
vt 0.9375000 0.0357143
vt 0.9531250 0.0357143
vt 0.9687500 0.0357143
vt 0.9843750 0.0357143
vt 0.0000000 0.0714286
vt 0.0156250 0.0714286
vt 0.0312500 0.0714286
vt 0.0468750 0.0714286
vt 0.0625000 0.0714286
vt 0.0781250 0.0714286
vt 0.0937500 0.0714286
vt 0.1093750 0.0714286
vt 0.1250000 0.0714286
vt 0.1406250 0.0714286
vt 0.1562500 0.0714286
vt 0.1718750 0.0714286
vt 0.1875000 0.0714286
vt 0.2031250 0.0714286
vt 0.2187500 0.0714286
vt 0.2343750 0.0714286
vt 0.2500000 0.0714286
vt 0.2656250 0.0714286
vt 0.2812500 0.0714286
vt 0.2968750 0.0714286
vt 0.3125000 0.0714286
vt 0.3281250 0.0714286
vt 0.3437500 0.0714286
vt 0.3593750 0.0714286
vt 0.3750000 0.0714286
vt 0.3906250 0.0714286
vt 0.4062500 0.0714286
vt 0.4218750 0.0714286
vt 0.4375000 0.0714286
vt 0.4531250 0.0714286
vt 0.4687500 0.0714286
vt 0.4843750 0.0714286
vt 0.5000000 0.0714286
vt 0.5156250 0.0714286
vt 0.5312500 0.0714286
vt 0.5468750 0.0714286
vt 0.5625000 0.0714286
vt 0.5781250 0.0714286
vt 0.5937500 0.0714286
vt 0.6093750 0.0714286
vt 0.6250000 0.0714286
vt 0.6406250 0.0714286
vt 0.6562500 0.0714286
vt 0.6718750 0.0714286
vt 0.6875000 0.0714286
vt 0.7031250 0.0714286
vt 0.7187500 0.0714286
vt 0.7343750 0.0714286
vt 0.7500000 0.0714286
vt 0.7656250 0.0714286
vt 0.7812500 0.0714286
vt 0.7968750 0.0714286
vt 0.8125000 0.0714286
vt 0.8281250 0.0714286
vt 0.8437500 0.0714286
vt 0.8593750 0.0714286
vt 0.8750000 0.0714286
vt 0.8906250 0.0714286
vt 0.9062500 0.0714286
vt 0.9218750 0.0714286
vt 0.9375000 0.0714286
vt 0.9531250 0.0714286
vt 0.9687500 0.0714286
vt 0.9843750 0.0714286
vt 0.0000000 0.1071429
vt 0.0156250 0.1071429
vt 0.0312500 0.1071429
vt 0.0468750 0.1071429
vt 0.0625000 0.1071429
vt 0.0781250 0.1071429
vt 0.0937500 0.1071429
vt 0.1093750 0.1071429
vt 0.1250000 0.1071429
vt 0.1406250 0.1071429
vt 0.1562500 0.1071429
vt 0.1718750 0.1071429
vt 0.1875000 0.1071429
vt 0.2031250 0.1071429
vt 0.2187500 0.1071429
vt 0.2343750 0.1071429
vt 0.2500000 0.1071429
vt 0.2656250 0.1071429
vt 0.2812500 0.1071429
vt 0.2968750 0.1071429
vt 0.3125000 0.1071429
vt 0.3281250 0.1071429
vt 0.3437500 0.1071429
vt 0.3593750 0.1071429
vt 0.3750000 0.1071429
vt 0.3906250 0.1071429
vt 0.4062500 0.1071429
vt 0.4218750 0.1071429
vt 0.4375000 0.1071429
vt 0.4531250 0.1071429
vt 0.4687500 0.1071429
vt 0.4843750 0.1071429
vt 0.5000000 0.1071429
vt 0.5156250 0.1071429
vt 0.5312500 0.1071429
vt 0.5468750 0.1071429
vt 0.5625000 0.1071429
vt 0.5781250 0.1071429
vt 0.5937500 0.1071429
vt 0.6093750 0.1071429
vt 0.6250000 0.1071429
vt 0.6406250 0.1071429
vt 0.6562500 0.1071429
vt 0.6718750 0.1071429
vt 0.6875000 0.1071429
vt 0.7031250 0.1071429
vt 0.7187500 0.1071429
vt 0.7343750 0.1071429
vt 0.7500000 0.1071429
vt 0.7656250 0.1071429
vt 0.7812500 0.1071429
vt 0.7968750 0.1071429
vt 0.8125000 0.1071429
vt 0.8281250 0.1071429
vt 0.8437500 0.1071429
vt 0.8593750 0.1071429
vt 0.8750000 0.1071429
vt 0.8906250 0.1071429
vt 0.9062500 0.1071429
vt 0.9218750 0.1071429
vt 0.9375000 0.1071429
vt 0.9531250 0.1071429
vt 0.9687500 0.1071429
vt 0.9843750 0.1071429
vt 0.0000000 0.1428571
vt 0.0156250 0.1428571
vt 0.0312500 0.1428571
vt 0.0468750 0.1428571
vt 0.0625000 0.1428571
vt 0.0781250 0.1428571
vt 0.0937500 0.1428571
vt 0.1093750 0.1428571
vt 0.1250000 0.1428571
vt 0.1406250 0.1428571
vt 0.1562500 0.1428571
vt 0.1718750 0.1428571
vt 0.1875000 0.1428571
vt 0.2031250 0.1428571
vt 0.2187500 0.1428571
vt 0.2343750 0.1428571
vt 0.2500000 0.1428571
vt 0.2656250 0.1428571
vt 0.2812500 0.1428571
vt 0.2968750 0.1428571
vt 0.3125000 0.1428571
vt 0.3281250 0.1428571
vt 0.3437500 0.1428571
vt 0.3593750 0.1428571
vt 0.3750000 0.1428571
vt 0.3906250 0.1428571
vt 0.4062500 0.1428571
vt 0.4218750 0.1428571
vt 0.4375000 0.1428571
vt 0.4531250 0.1428571
vt 0.4687500 0.1428571
vt 0.4843750 0.1428571
vt 0.5000000 0.1428571
vt 0.5156250 0.1428571
vt 0.5312500 0.1428571
vt 0.5468750 0.1428571
vt 0.5625000 0.1428571
vt 0.5781250 0.1428571
vt 0.5937500 0.1428571
vt 0.6093750 0.1428571
vt 0.6250000 0.1428571
vt 0.6406250 0.1428571
vt 0.6562500 0.1428571
vt 0.6718750 0.1428571
vt 0.6875000 0.1428571
vt 0.7031250 0.1428571
vt 0.7187500 0.1428571
vt 0.7343750 0.1428571
vt 0.7500000 0.1428571
vt 0.7656250 0.1428571
vt 0.7812500 0.1428571
vt 0.7968750 0.1428571
vt 0.8125000 0.1428571
vt 0.8281250 0.1428571
vt 0.8437500 0.1428571
vt 0.8593750 0.1428571
vt 0.8750000 0.1428571
vt 0.8906250 0.1428571
vt 0.9062500 0.1428571
vt 0.9218750 0.1428571
vt 0.9375000 0.1428571
vt 0.9531250 0.1428571
vt 0.9687500 0.1428571
vt 0.9843750 0.1428571
vt 0.0000000 0.1785714
vt 0.0156250 0.1785714
vt 0.0312500 0.1785714
vt 0.0468750 0.1785714
vt 0.0625000 0.1785714
vt 0.0781250 0.1785714
vt 0.0937500 0.1785714
vt 0.1093750 0.1785714
vt 0.1250000 0.1785714
vt 0.1406250 0.1785714
vt 0.1562500 0.1785714
vt 0.1718750 0.1785714
vt 0.1875000 0.1785714
vt 0.2031250 0.1785714
vt 0.2187500 0.1785714
vt 0.2343750 0.1785714
vt 0.2500000 0.1785714
vt 0.2656250 0.1785714
vt 0.2812500 0.1785714
vt 0.2968750 0.1785714
vt 0.3125000 0.1785714
vt 0.3281250 0.1785714
vt 0.3437500 0.1785714
vt 0.3593750 0.1785714
vt 0.3750000 0.1785714
vt 0.3906250 0.1785714
vt 0.4062500 0.1785714
vt 0.4218750 0.1785714
vt 0.4375000 0.1785714
vt 0.4531250 0.1785714
vt 0.4687500 0.1785714
vt 0.4843750 0.1785714
vt 0.5000000 0.1785714
vt 0.5156250 0.1785714
vt 0.5312500 0.1785714
vt 0.5468750 0.1785714
vt 0.5625000 0.1785714
vt 0.5781250 0.1785714
vt 0.5937500 0.1785714
vt 0.6093750 0.1785714
vt 0.6250000 0.1785714
vt 0.6406250 0.1785714
vt 0.6562500 0.1785714
vt 0.6718750 0.1785714
vt 0.6875000 0.1785714
vt 0.7031250 0.1785714
vt 0.7187500 0.1785714
vt 0.7343750 0.1785714
vt 0.7500000 0.1785714
vt 0.7656250 0.1785714
vt 0.7812500 0.1785714
vt 0.7968750 0.1785714
vt 0.8125000 0.1785714
vt 0.8281250 0.1785714
vt 0.8437500 0.1785714
vt 0.8593750 0.1785714
vt 0.8750000 0.1785714
vt 0.8906250 0.1785714
vt 0.9062500 0.1785714
vt 0.9218750 0.1785714
vt 0.9375000 0.1785714
vt 0.9531250 0.1785714
vt 0.9687500 0.1785714
vt 0.9843750 0.1785714
vt 0.0000000 0.2142857
vt 0.0156250 0.2142857
vt 0.0312500 0.2142857
vt 0.0468750 0.2142857
vt 0.0625000 0.2142857
vt 0.0781250 0.2142857
vt 0.0937500 0.2142857
vt 0.1093750 0.2142857
vt 0.1250000 0.2142857
vt 0.1406250 0.2142857
vt 0.1562500 0.2142857
vt 0.1718750 0.2142857
vt 0.1875000 0.2142857
vt 0.2031250 0.2142857
vt 0.2187500 0.2142857
vt 0.2343750 0.2142857
vt 0.2500000 0.2142857
vt 0.2656250 0.2142857
vt 0.2812500 0.2142857
vt 0.2968750 0.2142857
vt 0.3125000 0.2142857
vt 0.3281250 0.2142857
vt 0.3437500 0.2142857
vt 0.3593750 0.2142857
vt 0.3750000 0.2142857
vt 0.3906250 0.2142857
vt 0.4062500 0.2142857
vt 0.4218750 0.2142857
vt 0.4375000 0.2142857
vt 0.4531250 0.2142857
vt 0.4687500 0.2142857
vt 0.4843750 0.2142857
vt 0.5000000 0.2142857
vt 0.5156250 0.2142857
vt 0.5312500 0.2142857
vt 0.5468750 0.2142857
vt 0.5625000 0.2142857
vt 0.5781250 0.2142857
vt 0.5937500 0.2142857
vt 0.6093750 0.2142857
vt 0.6250000 0.2142857
vt 0.6406250 0.2142857
vt 0.6562500 0.2142857
vt 0.6718750 0.2142857
vt 0.6875000 0.2142857
vt 0.7031250 0.2142857
vt 0.7187500 0.2142857
vt 0.7343750 0.2142857
vt 0.7500000 0.2142857
vt 0.7656250 0.2142857
vt 0.7812500 0.2142857
vt 0.7968750 0.2142857
vt 0.8125000 0.2142857
vt 0.8281250 0.2142857
vt 0.8437500 0.2142857
vt 0.8593750 0.2142857
vt 0.8750000 0.2142857
vt 0.8906250 0.2142857
vt 0.9062500 0.2142857
vt 0.9218750 0.2142857
vt 0.9375000 0.2142857
vt 0.9531250 0.2142857
vt 0.9687500 0.2142857
vt 0.9843750 0.2142857
vt 0.0000000 0.2500000
vt 0.0156250 0.2500000
vt 0.0312500 0.2500000
vt 0.0468750 0.2500000
vt 0.0625000 0.2500000
vt 0.0781250 0.2500000
vt 0.0937500 0.2500000
vt 0.1093750 0.2500000
vt 0.1250000 0.2500000
vt 0.1406250 0.2500000
vt 0.1562500 0.2500000
vt 0.1718750 0.2500000
vt 0.1875000 0.2500000
vt 0.2031250 0.2500000
vt 0.2187500 0.2500000
vt 0.2343750 0.2500000
vt 0.2500000 0.2500000
vt 0.2656250 0.2500000
vt 0.2812500 0.2500000
vt 0.2968750 0.2500000
vt 0.3125000 0.2500000
vt 0.3281250 0.2500000
vt 0.3437500 0.2500000
vt 0.3593750 0.2500000
vt 0.3750000 0.2500000
vt 0.3906250 0.2500000
vt 0.4062500 0.2500000
vt 0.4218750 0.2500000
vt 0.4375000 0.2500000
vt 0.4531250 0.2500000
vt 0.4687500 0.2500000
vt 0.4843750 0.2500000
vt 0.5000000 0.2500000
vt 0.5156250 0.2500000
vt 0.5312500 0.2500000
vt 0.5468750 0.2500000
vt 0.5625000 0.2500000
vt 0.5781250 0.2500000
vt 0.5937500 0.2500000
vt 0.6093750 0.2500000
vt 0.6250000 0.2500000
vt 0.6406250 0.2500000
vt 0.6562500 0.2500000
vt 0.6718750 0.2500000
vt 0.6875000 0.2500000
vt 0.7031250 0.2500000
vt 0.7187500 0.2500000
vt 0.7343750 0.2500000
vt 0.7500000 0.2500000
vt 0.7656250 0.2500000
vt 0.7812500 0.2500000
vt 0.7968750 0.2500000
vt 0.8125000 0.2500000
vt 0.8281250 0.2500000
vt 0.8437500 0.2500000
vt 0.8593750 0.2500000
vt 0.8750000 0.2500000
vt 0.8906250 0.2500000
vt 0.9062500 0.2500000
vt 0.9218750 0.2500000
vt 0.9375000 0.2500000
vt 0.9531250 0.2500000
vt 0.9687500 0.2500000
vt 0.9843750 0.2500000
vt 0.0000000 0.2857143
vt 0.0156250 0.2857143
vt 0.0312500 0.2857143
vt 0.0468750 0.2857143
vt 0.0625000 0.2857143
vt 0.0781250 0.2857143
vt 0.0937500 0.2857143
vt 0.1093750 0.2857143
vt 0.1250000 0.2857143
vt 0.1406250 0.2857143
vt 0.1562500 0.2857143
vt 0.1718750 0.2857143
vt 0.1875000 0.2857143
vt 0.2031250 0.2857143
vt 0.2187500 0.2857143
vt 0.2343750 0.2857143
vt 0.2500000 0.2857143
vt 0.2656250 0.2857143
vt 0.2812500 0.2857143
vt 0.2968750 0.2857143
vt 0.3125000 0.2857143
vt 0.3281250 0.2857143
vt 0.3437500 0.2857143
vt 0.3593750 0.2857143
vt 0.3750000 0.2857143
vt 0.3906250 0.2857143
vt 0.4062500 0.2857143
vt 0.4218750 0.2857143
vt 0.4375000 0.2857143
vt 0.4531250 0.2857143
vt 0.4687500 0.2857143
vt 0.4843750 0.2857143
vt 0.5000000 0.2857143
vt 0.5156250 0.2857143
vt 0.5312500 0.2857143
vt 0.5468750 0.2857143
vt 0.5625000 0.2857143
vt 0.5781250 0.2857143
vt 0.5937500 0.2857143
vt 0.6093750 0.2857143
vt 0.6250000 0.2857143
vt 0.6406250 0.2857143
vt 0.6562500 0.2857143
vt 0.6718750 0.2857143
vt 0.6875000 0.2857143
vt 0.7031250 0.2857143
vt 0.7187500 0.2857143
vt 0.7343750 0.2857143
vt 0.7500000 0.2857143
vt 0.7656250 0.2857143
vt 0.7812500 0.2857143
vt 0.7968750 0.2857143
vt 0.8125000 0.2857143
vt 0.8281250 0.2857143
vt 0.8437500 0.2857143
vt 0.8593750 0.2857143
vt 0.8750000 0.2857143
vt 0.8906250 0.2857143
vt 0.9062500 0.2857143
vt 0.9218750 0.2857143
vt 0.9375000 0.2857143
vt 0.9531250 0.2857143
vt 0.9687500 0.2857143
vt 0.9843750 0.2857143
vt 0.0000000 0.3214286
vt 0.0156250 0.3214286
vt 0.0312500 0.3214286
vt 0.0468750 0.3214286
vt 0.0625000 0.3214286
vt 0.0781250 0.3214286
vt 0.0937500 0.3214286
vt 0.1093750 0.3214286
vt 0.1250000 0.3214286
vt 0.1406250 0.3214286
vt 0.1562500 0.3214286
vt 0.1718750 0.3214286
vt 0.1875000 0.3214286
vt 0.2031250 0.3214286
vt 0.2187500 0.3214286
vt 0.2343750 0.3214286
vt 0.2500000 0.3214286
vt 0.2656250 0.3214286
vt 0.2812500 0.3214286
vt 0.2968750 0.3214286
vt 0.3125000 0.3214286
vt 0.3281250 0.3214286
vt 0.3437500 0.3214286
vt 0.3593750 0.3214286
vt 0.3750000 0.3214286
vt 0.3906250 0.3214286
vt 0.4062500 0.3214286
vt 0.4218750 0.3214286
vt 0.4375000 0.3214286
vt 0.4531250 0.3214286
vt 0.4687500 0.3214286
vt 0.4843750 0.3214286
vt 0.5000000 0.3214286
vt 0.5156250 0.3214286
vt 0.5312500 0.3214286
vt 0.5468750 0.3214286
vt 0.5625000 0.3214286
vt 0.5781250 0.3214286
vt 0.5937500 0.3214286
vt 0.6093750 0.3214286
vt 0.6250000 0.3214286
vt 0.6406250 0.3214286
vt 0.6562500 0.3214286
vt 0.6718750 0.3214286
vt 0.6875000 0.3214286
vt 0.7031250 0.3214286
vt 0.7187500 0.3214286
vt 0.7343750 0.3214286
vt 0.7500000 0.3214286
vt 0.7656250 0.3214286
vt 0.7812500 0.3214286
vt 0.7968750 0.3214286
vt 0.8125000 0.3214286
vt 0.8281250 0.3214286
vt 0.8437500 0.3214286
vt 0.8593750 0.3214286
vt 0.8750000 0.3214286
vt 0.8906250 0.3214286
vt 0.9062500 0.3214286
vt 0.9218750 0.3214286
vt 0.9375000 0.3214286
vt 0.9531250 0.3214286
vt 0.9687500 0.3214286
vt 0.9843750 0.3214286
vt 0.0000000 0.3571429
vt 0.0156250 0.3571429
vt 0.0312500 0.3571429
vt 0.0468750 0.3571429
vt 0.0625000 0.3571429
vt 0.0781250 0.3571429
vt 0.0937500 0.3571429
vt 0.1093750 0.3571429
vt 0.1250000 0.3571429
vt 0.1406250 0.3571429
vt 0.1562500 0.3571429
vt 0.1718750 0.3571429
vt 0.1875000 0.3571429
vt 0.2031250 0.3571429
vt 0.2187500 0.3571429
vt 0.2343750 0.3571429
vt 0.2500000 0.3571429
vt 0.2656250 0.3571429
vt 0.2812500 0.3571429
vt 0.2968750 0.3571429
vt 0.3125000 0.3571429
vt 0.3281250 0.3571429
vt 0.3437500 0.3571429
vt 0.3593750 0.3571429
vt 0.3750000 0.3571429
vt 0.3906250 0.3571429
vt 0.4062500 0.3571429
vt 0.4218750 0.3571429
vt 0.4375000 0.3571429
vt 0.4531250 0.3571429
vt 0.4687500 0.3571429
vt 0.4843750 0.3571429
vt 0.5000000 0.3571429
vt 0.5156250 0.3571429
vt 0.5312500 0.3571429
vt 0.5468750 0.3571429
vt 0.5625000 0.3571429
vt 0.5781250 0.3571429
vt 0.5937500 0.3571429
vt 0.6093750 0.3571429
vt 0.6250000 0.3571429
vt 0.6406250 0.3571429
vt 0.6562500 0.3571429
vt 0.6718750 0.3571429
vt 0.6875000 0.3571429
vt 0.7031250 0.3571429
vt 0.7187500 0.3571429
vt 0.7343750 0.3571429
vt 0.7500000 0.3571429
vt 0.7656250 0.3571429
vt 0.7812500 0.3571429
vt 0.7968750 0.3571429
vt 0.8125000 0.3571429
vt 0.8281250 0.3571429
vt 0.8437500 0.3571429
vt 0.8593750 0.3571429
vt 0.8750000 0.3571429
vt 0.8906250 0.3571429
vt 0.9062500 0.3571429
vt 0.9218750 0.3571429
vt 0.9375000 0.3571429
vt 0.9531250 0.3571429
vt 0.9687500 0.3571429
vt 0.9843750 0.3571429
vt 0.0000000 0.3928571
vt 0.0156250 0.3928571
vt 0.0312500 0.3928571
vt 0.0468750 0.3928571
vt 0.0625000 0.3928571
vt 0.0781250 0.3928571
vt 0.0937500 0.3928571
vt 0.1093750 0.3928571
vt 0.1250000 0.3928571
vt 0.1406250 0.3928571
vt 0.1562500 0.3928571
vt 0.1718750 0.3928571
vt 0.1875000 0.3928571
vt 0.2031250 0.3928571
vt 0.2187500 0.3928571
vt 0.2343750 0.3928571
vt 0.2500000 0.3928571
vt 0.2656250 0.3928571
vt 0.2812500 0.3928571
vt 0.2968750 0.3928571
vt 0.3125000 0.3928571
vt 0.3281250 0.3928571
vt 0.3437500 0.3928571
vt 0.3593750 0.3928571
vt 0.3750000 0.3928571
vt 0.3906250 0.3928571
vt 0.4062500 0.3928571
vt 0.4218750 0.3928571
vt 0.4375000 0.3928571
vt 0.4531250 0.3928571
vt 0.4687500 0.3928571
vt 0.4843750 0.3928571
vt 0.5000000 0.3928571
vt 0.5156250 0.3928571
vt 0.5312500 0.3928571
vt 0.5468750 0.3928571
vt 0.5625000 0.3928571
vt 0.5781250 0.3928571
vt 0.5937500 0.3928571
vt 0.6093750 0.3928571
vt 0.6250000 0.3928571
vt 0.6406250 0.3928571
vt 0.6562500 0.3928571
vt 0.6718750 0.3928571
vt 0.6875000 0.3928571
vt 0.7031250 0.3928571
vt 0.7187500 0.3928571
vt 0.7343750 0.3928571
vt 0.7500000 0.3928571
vt 0.7656250 0.3928571
vt 0.7812500 0.3928571
vt 0.7968750 0.3928571
vt 0.8125000 0.3928571
vt 0.8281250 0.3928571
vt 0.8437500 0.3928571
vt 0.8593750 0.3928571
vt 0.8750000 0.3928571
vt 0.8906250 0.3928571
vt 0.9062500 0.3928571
vt 0.9218750 0.3928571
vt 0.9375000 0.3928571
vt 0.9531250 0.3928571
vt 0.9687500 0.3928571
vt 0.9843750 0.3928571
vt 0.0000000 0.4285714
vt 0.0156250 0.4285714
vt 0.0312500 0.4285714
vt 0.0468750 0.4285714
vt 0.0625000 0.4285714
vt 0.0781250 0.4285714
vt 0.0937500 0.4285714
vt 0.1093750 0.4285714
vt 0.1250000 0.4285714
vt 0.1406250 0.4285714
vt 0.1562500 0.4285714
vt 0.1718750 0.4285714
vt 0.1875000 0.4285714
vt 0.2031250 0.4285714
vt 0.2187500 0.4285714
vt 0.2343750 0.4285714
vt 0.2500000 0.4285714
vt 0.2656250 0.4285714
vt 0.2812500 0.4285714
vt 0.2968750 0.4285714
vt 0.3125000 0.4285714
vt 0.3281250 0.4285714
vt 0.3437500 0.4285714
vt 0.3593750 0.4285714
vt 0.3750000 0.4285714
vt 0.3906250 0.4285714
vt 0.4062500 0.4285714
vt 0.4218750 0.4285714
vt 0.4375000 0.4285714
vt 0.4531250 0.4285714
vt 0.4687500 0.4285714
vt 0.4843750 0.4285714
vt 0.5000000 0.4285714
vt 0.5156250 0.4285714
vt 0.5312500 0.4285714
vt 0.5468750 0.4285714
vt 0.5625000 0.4285714
vt 0.5781250 0.4285714
vt 0.5937500 0.4285714
vt 0.6093750 0.4285714
vt 0.6250000 0.4285714
vt 0.6406250 0.4285714
vt 0.6562500 0.4285714
vt 0.6718750 0.4285714
vt 0.6875000 0.4285714
vt 0.7031250 0.4285714
vt 0.7187500 0.4285714
vt 0.7343750 0.4285714
vt 0.7500000 0.4285714
vt 0.7656250 0.4285714
vt 0.7812500 0.4285714
vt 0.7968750 0.4285714
vt 0.8125000 0.4285714
vt 0.8281250 0.4285714
vt 0.8437500 0.4285714
vt 0.8593750 0.4285714
vt 0.8750000 0.4285714
vt 0.8906250 0.4285714
vt 0.9062500 0.4285714
vt 0.9218750 0.4285714
vt 0.9375000 0.4285714
vt 0.9531250 0.4285714
vt 0.9687500 0.4285714
vt 0.9843750 0.4285714
vt 0.0000000 0.4642857
vt 0.0156250 0.4642857
vt 0.0312500 0.4642857
vt 0.0468750 0.4642857
vt 0.0625000 0.4642857
vt 0.0781250 0.4642857
vt 0.0937500 0.4642857
vt 0.1093750 0.4642857
vt 0.1250000 0.4642857
vt 0.1406250 0.4642857
vt 0.1562500 0.4642857
vt 0.1718750 0.4642857
vt 0.1875000 0.4642857
vt 0.2031250 0.4642857
vt 0.2187500 0.4642857
vt 0.2343750 0.4642857
vt 0.2500000 0.4642857
vt 0.2656250 0.4642857
vt 0.2812500 0.4642857
vt 0.2968750 0.4642857
vt 0.3125000 0.4642857
vt 0.3281250 0.4642857
vt 0.3437500 0.4642857
vt 0.3593750 0.4642857
vt 0.3750000 0.4642857
vt 0.3906250 0.4642857
vt 0.4062500 0.4642857
vt 0.4218750 0.4642857
vt 0.4375000 0.4642857
vt 0.4531250 0.4642857
vt 0.4687500 0.4642857
vt 0.4843750 0.4642857
vt 0.5000000 0.4642857
vt 0.5156250 0.4642857
vt 0.5312500 0.4642857
vt 0.5468750 0.4642857
vt 0.5625000 0.4642857
vt 0.5781250 0.4642857
vt 0.5937500 0.4642857
vt 0.6093750 0.4642857
vt 0.6250000 0.4642857
vt 0.6406250 0.4642857
vt 0.6562500 0.4642857
vt 0.6718750 0.4642857
vt 0.6875000 0.4642857
vt 0.7031250 0.4642857
vt 0.7187500 0.4642857
vt 0.7343750 0.4642857
vt 0.7500000 0.4642857
vt 0.7656250 0.4642857
vt 0.7812500 0.4642857
vt 0.7968750 0.4642857
vt 0.8125000 0.4642857
vt 0.8281250 0.4642857
vt 0.8437500 0.4642857
vt 0.8593750 0.4642857
vt 0.8750000 0.4642857
vt 0.8906250 0.4642857
vt 0.9062500 0.4642857
vt 0.9218750 0.4642857
vt 0.9375000 0.4642857
vt 0.9531250 0.4642857
vt 0.9687500 0.4642857
vt 0.9843750 0.4642857
vt 0.0000000 0.5000000
vt 0.0156250 0.5000000
vt 0.0312500 0.5000000
vt 0.0468750 0.5000000
vt 0.0625000 0.5000000
vt 0.0781250 0.5000000
vt 0.0937500 0.5000000
vt 0.1093750 0.5000000
vt 0.1250000 0.5000000
vt 0.1406250 0.5000000
vt 0.1562500 0.5000000
vt 0.1718750 0.5000000
vt 0.1875000 0.5000000
vt 0.2031250 0.5000000
vt 0.2187500 0.5000000
vt 0.2343750 0.5000000
vt 0.2500000 0.5000000
vt 0.2656250 0.5000000
vt 0.2812500 0.5000000
vt 0.2968750 0.5000000
vt 0.3125000 0.5000000
vt 0.3281250 0.5000000
vt 0.3437500 0.5000000
vt 0.3593750 0.5000000
vt 0.3750000 0.5000000
vt 0.3906250 0.5000000
vt 0.4062500 0.5000000
vt 0.4218750 0.5000000
vt 0.4375000 0.5000000
vt 0.4531250 0.5000000
vt 0.4687500 0.5000000
vt 0.4843750 0.5000000
vt 0.5000000 0.5000000
vt 0.5156250 0.5000000
vt 0.5312500 0.5000000
vt 0.5468750 0.5000000
vt 0.5625000 0.5000000
vt 0.5781250 0.5000000
vt 0.5937500 0.5000000
vt 0.6093750 0.5000000
vt 0.6250000 0.5000000
vt 0.6406250 0.5000000
vt 0.6562500 0.5000000
vt 0.6718750 0.5000000
vt 0.6875000 0.5000000
vt 0.7031250 0.5000000
vt 0.7187500 0.5000000
vt 0.7343750 0.5000000
vt 0.7500000 0.5000000
vt 0.7656250 0.5000000
vt 0.7812500 0.5000000
vt 0.7968750 0.5000000
vt 0.8125000 0.5000000
vt 0.8281250 0.5000000
vt 0.8437500 0.5000000
vt 0.8593750 0.5000000
vt 0.8750000 0.5000000
vt 0.8906250 0.5000000
vt 0.9062500 0.5000000
vt 0.9218750 0.5000000
vt 0.9375000 0.5000000
vt 0.9531250 0.5000000
vt 0.9687500 0.5000000
vt 0.9843750 0.5000000
vt 0.0000000 0.5357143
vt 0.0156250 0.5357143
vt 0.0312500 0.5357143
vt 0.0468750 0.5357143
vt 0.0625000 0.5357143
vt 0.0781250 0.5357143
vt 0.0937500 0.5357143
vt 0.1093750 0.5357143
vt 0.1250000 0.5357143
vt 0.1406250 0.5357143
vt 0.1562500 0.5357143
vt 0.1718750 0.5357143
vt 0.1875000 0.5357143
vt 0.2031250 0.5357143
vt 0.2187500 0.5357143
vt 0.2343750 0.5357143
vt 0.2500000 0.5357143
vt 0.2656250 0.5357143
vt 0.2812500 0.5357143
vt 0.2968750 0.5357143
vt 0.3125000 0.5357143
vt 0.3281250 0.5357143
vt 0.3437500 0.5357143
vt 0.3593750 0.5357143
vt 0.3750000 0.5357143
vt 0.3906250 0.5357143
vt 0.4062500 0.5357143
vt 0.4218750 0.5357143
vt 0.4375000 0.5357143
vt 0.4531250 0.5357143
vt 0.4687500 0.5357143
vt 0.4843750 0.5357143
vt 0.5000000 0.5357143
vt 0.5156250 0.5357143
vt 0.5312500 0.5357143
vt 0.5468750 0.5357143
vt 0.5625000 0.5357143
vt 0.5781250 0.5357143
vt 0.5937500 0.5357143
vt 0.6093750 0.5357143
vt 0.6250000 0.5357143
vt 0.6406250 0.5357143
vt 0.6562500 0.5357143
vt 0.6718750 0.5357143
vt 0.6875000 0.5357143
vt 0.7031250 0.5357143
vt 0.7187500 0.5357143
vt 0.7343750 0.5357143
vt 0.7500000 0.5357143
vt 0.7656250 0.5357143
vt 0.7812500 0.5357143
vt 0.7968750 0.5357143
vt 0.8125000 0.5357143
vt 0.8281250 0.5357143
vt 0.8437500 0.5357143
vt 0.8593750 0.5357143
vt 0.8750000 0.5357143
vt 0.8906250 0.5357143
vt 0.9062500 0.5357143
vt 0.9218750 0.5357143
vt 0.9375000 0.5357143
vt 0.9531250 0.5357143
vt 0.9687500 0.5357143
vt 0.9843750 0.5357143
vt 0.0000000 0.5714286
vt 0.0156250 0.5714286
vt 0.0312500 0.5714286
vt 0.0468750 0.5714286
vt 0.0625000 0.5714286
vt 0.0781250 0.5714286
vt 0.0937500 0.5714286
vt 0.1093750 0.5714286
vt 0.1250000 0.5714286
vt 0.1406250 0.5714286
vt 0.1562500 0.5714286
vt 0.1718750 0.5714286
vt 0.1875000 0.5714286
vt 0.2031250 0.5714286
vt 0.2187500 0.5714286
vt 0.2343750 0.5714286
vt 0.2500000 0.5714286
vt 0.2656250 0.5714286
vt 0.2812500 0.5714286
vt 0.2968750 0.5714286
vt 0.3125000 0.5714286
vt 0.3281250 0.5714286
vt 0.3437500 0.5714286
vt 0.3593750 0.5714286
vt 0.3750000 0.5714286
vt 0.3906250 0.5714286
vt 0.4062500 0.5714286
vt 0.4218750 0.5714286
vt 0.4375000 0.5714286
vt 0.4531250 0.5714286
vt 0.4687500 0.5714286
vt 0.4843750 0.5714286
vt 0.5000000 0.5714286
vt 0.5156250 0.5714286
vt 0.5312500 0.5714286
vt 0.5468750 0.5714286
vt 0.5625000 0.5714286
vt 0.5781250 0.5714286
vt 0.5937500 0.5714286
vt 0.6093750 0.5714286
vt 0.6250000 0.5714286
vt 0.6406250 0.5714286
vt 0.6562500 0.5714286
vt 0.6718750 0.5714286
vt 0.6875000 0.5714286
vt 0.7031250 0.5714286
vt 0.7187500 0.5714286
vt 0.7343750 0.5714286
vt 0.7500000 0.5714286
vt 0.7656250 0.5714286
vt 0.7812500 0.5714286
vt 0.7968750 0.5714286
vt 0.8125000 0.5714286
vt 0.8281250 0.5714286
vt 0.8437500 0.5714286
vt 0.8593750 0.5714286
vt 0.8750000 0.5714286
vt 0.8906250 0.5714286
vt 0.9062500 0.5714286
vt 0.9218750 0.5714286
vt 0.9375000 0.5714286
vt 0.9531250 0.5714286
vt 0.9687500 0.5714286
vt 0.9843750 0.5714286
vt 0.0000000 0.6071429
vt 0.0156250 0.6071429
vt 0.0312500 0.6071429
vt 0.0468750 0.6071429
vt 0.0625000 0.6071429
vt 0.0781250 0.6071429
vt 0.0937500 0.6071429
vt 0.1093750 0.6071429
vt 0.1250000 0.6071429
vt 0.1406250 0.6071429
vt 0.1562500 0.6071429
vt 0.1718750 0.6071429
vt 0.1875000 0.6071429
vt 0.2031250 0.6071429
vt 0.2187500 0.6071429
vt 0.2343750 0.6071429
vt 0.2500000 0.6071429
vt 0.2656250 0.6071429
vt 0.2812500 0.6071429
vt 0.2968750 0.6071429
vt 0.3125000 0.6071429
vt 0.3281250 0.6071429
vt 0.3437500 0.6071429
vt 0.3593750 0.6071429
vt 0.3750000 0.6071429
vt 0.3906250 0.6071429
vt 0.4062500 0.6071429
vt 0.4218750 0.6071429
vt 0.4375000 0.6071429
vt 0.4531250 0.6071429
vt 0.4687500 0.6071429
vt 0.4843750 0.6071429
vt 0.5000000 0.6071429
vt 0.5156250 0.6071429
vt 0.5312500 0.6071429
vt 0.5468750 0.6071429
vt 0.5625000 0.6071429
vt 0.5781250 0.6071429
vt 0.5937500 0.6071429
vt 0.6093750 0.6071429
vt 0.6250000 0.6071429
vt 0.6406250 0.6071429
vt 0.6562500 0.6071429
vt 0.6718750 0.6071429
vt 0.6875000 0.6071429
vt 0.7031250 0.6071429
vt 0.7187500 0.6071429
vt 0.7343750 0.6071429
vt 0.7500000 0.6071429
vt 0.7656250 0.6071429
vt 0.7812500 0.6071429
vt 0.7968750 0.6071429
vt 0.8125000 0.6071429
vt 0.8281250 0.6071429
vt 0.8437500 0.6071429
vt 0.8593750 0.6071429
vt 0.8750000 0.6071429
vt 0.8906250 0.6071429
vt 0.9062500 0.6071429
vt 0.9218750 0.6071429
vt 0.9375000 0.6071429
vt 0.9531250 0.6071429
vt 0.9687500 0.6071429
vt 0.9843750 0.6071429
vt 0.0000000 0.6428571
vt 0.0156250 0.6428571
vt 0.0312500 0.6428571
vt 0.0468750 0.6428571
vt 0.0625000 0.6428571
vt 0.0781250 0.6428571
vt 0.0937500 0.6428571
vt 0.1093750 0.6428571
vt 0.1250000 0.6428571
vt 0.1406250 0.6428571
vt 0.1562500 0.6428571
vt 0.1718750 0.6428571
vt 0.1875000 0.6428571
vt 0.2031250 0.6428571
vt 0.2187500 0.6428571
vt 0.2343750 0.6428571
vt 0.2500000 0.6428571
vt 0.2656250 0.6428571
vt 0.2812500 0.6428571
vt 0.2968750 0.6428571
vt 0.3125000 0.6428571
vt 0.3281250 0.6428571
vt 0.3437500 0.6428571
vt 0.3593750 0.6428571
vt 0.3750000 0.6428571
vt 0.3906250 0.6428571
vt 0.4062500 0.6428571
vt 0.4218750 0.6428571
vt 0.4375000 0.6428571
vt 0.4531250 0.6428571
vt 0.4687500 0.6428571
vt 0.4843750 0.6428571
vt 0.5000000 0.6428571
vt 0.5156250 0.6428571
vt 0.5312500 0.6428571
vt 0.5468750 0.6428571
vt 0.5625000 0.6428571
vt 0.5781250 0.6428571
vt 0.5937500 0.6428571
vt 0.6093750 0.6428571
vt 0.6250000 0.6428571
vt 0.6406250 0.6428571
vt 0.6562500 0.6428571
vt 0.6718750 0.6428571
vt 0.6875000 0.6428571
vt 0.7031250 0.6428571
vt 0.7187500 0.6428571
vt 0.7343750 0.6428571
vt 0.7500000 0.6428571
vt 0.7656250 0.6428571
vt 0.7812500 0.6428571
vt 0.7968750 0.6428571
vt 0.8125000 0.6428571
vt 0.8281250 0.6428571
vt 0.8437500 0.6428571
vt 0.8593750 0.6428571
vt 0.8750000 0.6428571
vt 0.8906250 0.6428571
vt 0.9062500 0.6428571
vt 0.9218750 0.6428571
vt 0.9375000 0.6428571
vt 0.9531250 0.6428571
vt 0.9687500 0.6428571
vt 0.9843750 0.6428571
vt 0.0000000 0.6785714
vt 0.0156250 0.6785714
vt 0.0312500 0.6785714
vt 0.0468750 0.6785714
vt 0.0625000 0.6785714
vt 0.0781250 0.6785714
vt 0.0937500 0.6785714
vt 0.1093750 0.6785714
vt 0.1250000 0.6785714
vt 0.1406250 0.6785714
vt 0.1562500 0.6785714
vt 0.1718750 0.6785714
vt 0.1875000 0.6785714
vt 0.2031250 0.6785714
vt 0.2187500 0.6785714
vt 0.2343750 0.6785714
vt 0.2500000 0.6785714
vt 0.2656250 0.6785714
vt 0.2812500 0.6785714
vt 0.2968750 0.6785714
vt 0.3125000 0.6785714
vt 0.3281250 0.6785714
vt 0.3437500 0.6785714
vt 0.3593750 0.6785714
vt 0.3750000 0.6785714
vt 0.3906250 0.6785714
vt 0.4062500 0.6785714
vt 0.4218750 0.6785714
vt 0.4375000 0.6785714
vt 0.4531250 0.6785714
vt 0.4687500 0.6785714
vt 0.4843750 0.6785714
vt 0.5000000 0.6785714
vt 0.5156250 0.6785714
vt 0.5312500 0.6785714
vt 0.5468750 0.6785714
vt 0.5625000 0.6785714
vt 0.5781250 0.6785714
vt 0.5937500 0.6785714
vt 0.6093750 0.6785714
vt 0.6250000 0.6785714
vt 0.6406250 0.6785714
vt 0.6562500 0.6785714
vt 0.6718750 0.6785714
vt 0.6875000 0.6785714
vt 0.7031250 0.6785714
vt 0.7187500 0.6785714
vt 0.7343750 0.6785714
vt 0.7500000 0.6785714
vt 0.7656250 0.6785714
vt 0.7812500 0.6785714
vt 0.7968750 0.6785714
vt 0.8125000 0.6785714
vt 0.8281250 0.6785714
vt 0.8437500 0.6785714
vt 0.8593750 0.6785714
vt 0.8750000 0.6785714
vt 0.8906250 0.6785714
vt 0.9062500 0.6785714
vt 0.9218750 0.6785714
vt 0.9375000 0.6785714
vt 0.9531250 0.6785714
vt 0.9687500 0.6785714
vt 0.9843750 0.6785714
vt 0.0000000 0.7142857
vt 0.0156250 0.7142857
vt 0.0312500 0.7142857
vt 0.0468750 0.7142857
vt 0.0625000 0.7142857
vt 0.0781250 0.7142857
vt 0.0937500 0.7142857
vt 0.1093750 0.7142857
vt 0.1250000 0.7142857
vt 0.1406250 0.7142857
vt 0.1562500 0.7142857
vt 0.1718750 0.7142857
vt 0.1875000 0.7142857
vt 0.2031250 0.7142857
vt 0.2187500 0.7142857
vt 0.2343750 0.7142857
vt 0.2500000 0.7142857
vt 0.2656250 0.7142857
vt 0.2812500 0.7142857
vt 0.2968750 0.7142857
vt 0.3125000 0.7142857
vt 0.3281250 0.7142857
vt 0.3437500 0.7142857
vt 0.3593750 0.7142857
vt 0.3750000 0.7142857
vt 0.3906250 0.7142857
vt 0.4062500 0.7142857
vt 0.4218750 0.7142857
vt 0.4375000 0.7142857
vt 0.4531250 0.7142857
vt 0.4687500 0.7142857
vt 0.4843750 0.7142857
vt 0.5000000 0.7142857
vt 0.5156250 0.7142857
vt 0.5312500 0.7142857
vt 0.5468750 0.7142857
vt 0.5625000 0.7142857
vt 0.5781250 0.7142857
vt 0.5937500 0.7142857
vt 0.6093750 0.7142857
vt 0.6250000 0.7142857
vt 0.6406250 0.7142857
vt 0.6562500 0.7142857
vt 0.6718750 0.7142857
vt 0.6875000 0.7142857
vt 0.7031250 0.7142857
vt 0.7187500 0.7142857
vt 0.7343750 0.7142857
vt 0.7500000 0.7142857
vt 0.7656250 0.7142857
vt 0.7812500 0.7142857
vt 0.7968750 0.7142857
vt 0.8125000 0.7142857
vt 0.8281250 0.7142857
vt 0.8437500 0.7142857
vt 0.8593750 0.7142857
vt 0.8750000 0.7142857
vt 0.8906250 0.7142857
vt 0.9062500 0.7142857
vt 0.9218750 0.7142857
vt 0.9375000 0.7142857
vt 0.9531250 0.7142857
vt 0.9687500 0.7142857
vt 0.9843750 0.7142857
vt 0.0000000 0.7500000
vt 0.0156250 0.7500000
vt 0.0312500 0.7500000
vt 0.0468750 0.7500000
vt 0.0625000 0.7500000
vt 0.0781250 0.7500000
vt 0.0937500 0.7500000
vt 0.1093750 0.7500000
vt 0.1250000 0.7500000
vt 0.1406250 0.7500000
vt 0.1562500 0.7500000
vt 0.1718750 0.7500000
vt 0.1875000 0.7500000
vt 0.2031250 0.7500000
vt 0.2187500 0.7500000
vt 0.2343750 0.7500000
vt 0.2500000 0.7500000
vt 0.2656250 0.7500000
vt 0.2812500 0.7500000
vt 0.2968750 0.7500000
vt 0.3125000 0.7500000
vt 0.3281250 0.7500000
vt 0.3437500 0.7500000
vt 0.3593750 0.7500000
vt 0.3750000 0.7500000
vt 0.3906250 0.7500000
vt 0.4062500 0.7500000
vt 0.4218750 0.7500000
vt 0.4375000 0.7500000
vt 0.4531250 0.7500000
vt 0.4687500 0.7500000
vt 0.4843750 0.7500000
vt 0.5000000 0.7500000
vt 0.5156250 0.7500000
vt 0.5312500 0.7500000
vt 0.5468750 0.7500000
vt 0.5625000 0.7500000
vt 0.5781250 0.7500000
vt 0.5937500 0.7500000
vt 0.6093750 0.7500000
vt 0.6250000 0.7500000
vt 0.6406250 0.7500000
vt 0.6562500 0.7500000
vt 0.6718750 0.7500000
vt 0.6875000 0.7500000
vt 0.7031250 0.7500000
vt 0.7187500 0.7500000
vt 0.7343750 0.7500000
vt 0.7500000 0.7500000
vt 0.7656250 0.7500000
vt 0.7812500 0.7500000
vt 0.7968750 0.7500000
vt 0.8125000 0.7500000
vt 0.8281250 0.7500000
vt 0.8437500 0.7500000
vt 0.8593750 0.7500000
vt 0.8750000 0.7500000
vt 0.8906250 0.7500000
vt 0.9062500 0.7500000
vt 0.9218750 0.7500000
vt 0.9375000 0.7500000
vt 0.9531250 0.7500000
vt 0.9687500 0.7500000
vt 0.9843750 0.7500000
vt 0.0000000 0.7857143
vt 0.0156250 0.7857143
vt 0.0312500 0.7857143
vt 0.0468750 0.7857143
vt 0.0625000 0.7857143
vt 0.0781250 0.7857143
vt 0.0937500 0.7857143
vt 0.1093750 0.7857143
vt 0.1250000 0.7857143
vt 0.1406250 0.7857143
vt 0.1562500 0.7857143
vt 0.1718750 0.7857143
vt 0.1875000 0.7857143
vt 0.2031250 0.7857143
vt 0.2187500 0.7857143
vt 0.2343750 0.7857143
vt 0.2500000 0.7857143
vt 0.2656250 0.7857143
vt 0.2812500 0.7857143
vt 0.2968750 0.7857143
vt 0.3125000 0.7857143
vt 0.3281250 0.7857143
vt 0.3437500 0.7857143
vt 0.3593750 0.7857143
vt 0.3750000 0.7857143
vt 0.3906250 0.7857143
vt 0.4062500 0.7857143
vt 0.4218750 0.7857143
vt 0.4375000 0.7857143
vt 0.4531250 0.7857143
vt 0.4687500 0.7857143
vt 0.4843750 0.7857143
vt 0.5000000 0.7857143
vt 0.5156250 0.7857143
vt 0.5312500 0.7857143
vt 0.5468750 0.7857143
vt 0.5625000 0.7857143
vt 0.5781250 0.7857143
vt 0.5937500 0.7857143
vt 0.6093750 0.7857143
vt 0.6250000 0.7857143
vt 0.6406250 0.7857143
vt 0.6562500 0.7857143
vt 0.6718750 0.7857143
vt 0.6875000 0.7857143
vt 0.7031250 0.7857143
vt 0.7187500 0.7857143
vt 0.7343750 0.7857143
vt 0.7500000 0.7857143
vt 0.7656250 0.7857143
vt 0.7812500 0.7857143
vt 0.7968750 0.7857143
vt 0.8125000 0.7857143
vt 0.8281250 0.7857143
vt 0.8437500 0.7857143
vt 0.8593750 0.7857143
vt 0.8750000 0.7857143
vt 0.8906250 0.7857143
vt 0.9062500 0.7857143
vt 0.9218750 0.7857143
vt 0.9375000 0.7857143
vt 0.9531250 0.7857143
vt 0.9687500 0.7857143
vt 0.9843750 0.7857143
vt 0.0000000 0.8214286
vt 0.0156250 0.8214286
vt 0.0312500 0.8214286
vt 0.0468750 0.8214286
vt 0.0625000 0.8214286
vt 0.0781250 0.8214286
vt 0.0937500 0.8214286
vt 0.1093750 0.8214286
vt 0.1250000 0.8214286
vt 0.1406250 0.8214286
vt 0.1562500 0.8214286
vt 0.1718750 0.8214286
vt 0.1875000 0.8214286
vt 0.2031250 0.8214286
vt 0.2187500 0.8214286
vt 0.2343750 0.8214286
vt 0.2500000 0.8214286
vt 0.2656250 0.8214286
vt 0.2812500 0.8214286
vt 0.2968750 0.8214286
vt 0.3125000 0.8214286
vt 0.3281250 0.8214286
vt 0.3437500 0.8214286
vt 0.3593750 0.8214286
vt 0.3750000 0.8214286
vt 0.3906250 0.8214286
vt 0.4062500 0.8214286
vt 0.4218750 0.8214286
vt 0.4375000 0.8214286
vt 0.4531250 0.8214286
vt 0.4687500 0.8214286
vt 0.4843750 0.8214286
vt 0.5000000 0.8214286
vt 0.5156250 0.8214286
vt 0.5312500 0.8214286
vt 0.5468750 0.8214286
vt 0.5625000 0.8214286
vt 0.5781250 0.8214286
vt 0.5937500 0.8214286
vt 0.6093750 0.8214286
vt 0.6250000 0.8214286
vt 0.6406250 0.8214286
vt 0.6562500 0.8214286
vt 0.6718750 0.8214286
vt 0.6875000 0.8214286
vt 0.7031250 0.8214286
vt 0.7187500 0.8214286
vt 0.7343750 0.8214286
vt 0.7500000 0.8214286
vt 0.7656250 0.8214286
vt 0.7812500 0.8214286
vt 0.7968750 0.8214286
vt 0.8125000 0.8214286
vt 0.8281250 0.8214286
vt 0.8437500 0.8214286
vt 0.8593750 0.8214286
vt 0.8750000 0.8214286
vt 0.8906250 0.8214286
vt 0.9062500 0.8214286
vt 0.9218750 0.8214286
vt 0.9375000 0.8214286
vt 0.9531250 0.8214286
vt 0.9687500 0.8214286
vt 0.9843750 0.8214286
vt 0.0000000 0.8571429
vt 0.0156250 0.8571429
vt 0.0312500 0.8571429
vt 0.0468750 0.8571429
vt 0.0625000 0.8571429
vt 0.0781250 0.8571429
vt 0.0937500 0.8571429
vt 0.1093750 0.8571429
vt 0.1250000 0.8571429
vt 0.1406250 0.8571429
vt 0.1562500 0.8571429
vt 0.1718750 0.8571429
vt 0.1875000 0.8571429
vt 0.2031250 0.8571429
vt 0.2187500 0.8571429
vt 0.2343750 0.8571429
vt 0.2500000 0.8571429
vt 0.2656250 0.8571429
vt 0.2812500 0.8571429
vt 0.2968750 0.8571429
vt 0.3125000 0.8571429
vt 0.3281250 0.8571429
vt 0.3437500 0.8571429
vt 0.3593750 0.8571429
vt 0.3750000 0.8571429
vt 0.3906250 0.8571429
vt 0.4062500 0.8571429
vt 0.4218750 0.8571429
vt 0.4375000 0.8571429
vt 0.4531250 0.8571429
vt 0.4687500 0.8571429
vt 0.4843750 0.8571429
vt 0.5000000 0.8571429
vt 0.5156250 0.8571429
vt 0.5312500 0.8571429
vt 0.5468750 0.8571429
vt 0.5625000 0.8571429
vt 0.5781250 0.8571429
vt 0.5937500 0.8571429
vt 0.6093750 0.8571429
vt 0.6250000 0.8571429
vt 0.6406250 0.8571429
vt 0.6562500 0.8571429
vt 0.6718750 0.8571429
vt 0.6875000 0.8571429
vt 0.7031250 0.8571429
vt 0.7187500 0.8571429
vt 0.7343750 0.8571429
vt 0.7500000 0.8571429
vt 0.7656250 0.8571429
vt 0.7812500 0.8571429
vt 0.7968750 0.8571429
vt 0.8125000 0.8571429
vt 0.8281250 0.8571429
vt 0.8437500 0.8571429
vt 0.8593750 0.8571429
vt 0.8750000 0.8571429
vt 0.8906250 0.8571429
vt 0.9062500 0.8571429
vt 0.9218750 0.8571429
vt 0.9375000 0.8571429
vt 0.9531250 0.8571429
vt 0.9687500 0.8571429
vt 0.9843750 0.8571429
vt 0.0000000 0.8928571
vt 0.0156250 0.8928571
vt 0.0312500 0.8928571
vt 0.0468750 0.8928571
vt 0.0625000 0.8928571
vt 0.0781250 0.8928571
vt 0.0937500 0.8928571
vt 0.1093750 0.8928571
vt 0.1250000 0.8928571
vt 0.1406250 0.8928571
vt 0.1562500 0.8928571
vt 0.1718750 0.8928571
vt 0.1875000 0.8928571
vt 0.2031250 0.8928571
vt 0.2187500 0.8928571
vt 0.2343750 0.8928571
vt 0.2500000 0.8928571
vt 0.2656250 0.8928571
vt 0.2812500 0.8928571
vt 0.2968750 0.8928571
vt 0.3125000 0.8928571
vt 0.3281250 0.8928571
vt 0.3437500 0.8928571
vt 0.3593750 0.8928571
vt 0.3750000 0.8928571
vt 0.3906250 0.8928571
vt 0.4062500 0.8928571
vt 0.4218750 0.8928571
vt 0.4375000 0.8928571
vt 0.4531250 0.8928571
vt 0.4687500 0.8928571
vt 0.4843750 0.8928571
vt 0.5000000 0.8928571
vt 0.5156250 0.8928571
vt 0.5312500 0.8928571
vt 0.5468750 0.8928571
vt 0.5625000 0.8928571
vt 0.5781250 0.8928571
vt 0.5937500 0.8928571
vt 0.6093750 0.8928571
vt 0.6250000 0.8928571
vt 0.6406250 0.8928571
vt 0.6562500 0.8928571
vt 0.6718750 0.8928571
vt 0.6875000 0.8928571
vt 0.7031250 0.8928571
vt 0.7187500 0.8928571
vt 0.7343750 0.8928571
vt 0.7500000 0.8928571
vt 0.7656250 0.8928571
vt 0.7812500 0.8928571
vt 0.7968750 0.8928571
vt 0.8125000 0.8928571
vt 0.8281250 0.8928571
vt 0.8437500 0.8928571
vt 0.8593750 0.8928571
vt 0.8750000 0.8928571
vt 0.8906250 0.8928571
vt 0.9062500 0.8928571
vt 0.9218750 0.8928571
vt 0.9375000 0.8928571
vt 0.9531250 0.8928571
vt 0.9687500 0.8928571
vt 0.9843750 0.8928571
vt 0.0000000 0.9285714
vt 0.0156250 0.9285714
vt 0.0312500 0.9285714
vt 0.0468750 0.9285714
vt 0.0625000 0.9285714
vt 0.0781250 0.9285714
vt 0.0937500 0.9285714
vt 0.1093750 0.9285714
vt 0.1250000 0.9285714
vt 0.1406250 0.9285714
vt 0.1562500 0.9285714
vt 0.1718750 0.9285714
vt 0.1875000 0.9285714
vt 0.2031250 0.9285714
vt 0.2187500 0.9285714
vt 0.2343750 0.9285714
vt 0.2500000 0.9285714
vt 0.2656250 0.9285714
vt 0.2812500 0.9285714
vt 0.2968750 0.9285714
vt 0.3125000 0.9285714
vt 0.3281250 0.9285714
vt 0.3437500 0.9285714
vt 0.3593750 0.9285714
vt 0.3750000 0.9285714
vt 0.3906250 0.9285714
vt 0.4062500 0.9285714
vt 0.4218750 0.9285714
vt 0.4375000 0.9285714
vt 0.4531250 0.9285714
vt 0.4687500 0.9285714
vt 0.4843750 0.9285714
vt 0.5000000 0.9285714
vt 0.5156250 0.9285714
vt 0.5312500 0.9285714
vt 0.5468750 0.9285714
vt 0.5625000 0.9285714
vt 0.5781250 0.9285714
vt 0.5937500 0.9285714
vt 0.6093750 0.9285714
vt 0.6250000 0.9285714
vt 0.6406250 0.9285714
vt 0.6562500 0.9285714
vt 0.6718750 0.9285714
vt 0.6875000 0.9285714
vt 0.7031250 0.9285714
vt 0.7187500 0.9285714
vt 0.7343750 0.9285714
vt 0.7500000 0.9285714
vt 0.7656250 0.9285714
vt 0.7812500 0.9285714
vt 0.7968750 0.9285714
vt 0.8125000 0.9285714
vt 0.8281250 0.9285714
vt 0.8437500 0.9285714
vt 0.8593750 0.9285714
vt 0.8750000 0.9285714
vt 0.8906250 0.9285714
vt 0.9062500 0.9285714
vt 0.9218750 0.9285714
vt 0.9375000 0.9285714
vt 0.9531250 0.9285714
vt 0.9687500 0.9285714
vt 0.9843750 0.9285714
vt 0.0000000 0.9642857
vt 0.0156250 0.9642857
vt 0.0312500 0.9642857
vt 0.0468750 0.9642857
vt 0.0625000 0.9642857
vt 0.0781250 0.9642857
vt 0.0937500 0.9642857
vt 0.1093750 0.9642857
vt 0.1250000 0.9642857
vt 0.1406250 0.9642857
vt 0.1562500 0.9642857
vt 0.1718750 0.9642857
vt 0.1875000 0.9642857
vt 0.2031250 0.9642857
vt 0.2187500 0.9642857
vt 0.2343750 0.9642857
vt 0.2500000 0.9642857
vt 0.2656250 0.9642857
vt 0.2812500 0.9642857
vt 0.2968750 0.9642857
vt 0.3125000 0.9642857
vt 0.3281250 0.9642857
vt 0.3437500 0.9642857
vt 0.3593750 0.9642857
vt 0.3750000 0.9642857
vt 0.3906250 0.9642857
vt 0.4062500 0.9642857
vt 0.4218750 0.9642857
vt 0.4375000 0.9642857
vt 0.4531250 0.9642857
vt 0.4687500 0.9642857
vt 0.4843750 0.9642857
vt 0.5000000 0.9642857
vt 0.5156250 0.9642857
vt 0.5312500 0.9642857
vt 0.5468750 0.9642857
vt 0.5625000 0.9642857
vt 0.5781250 0.9642857
vt 0.5937500 0.9642857
vt 0.6093750 0.9642857
vt 0.6250000 0.9642857
vt 0.6406250 0.9642857
vt 0.6562500 0.9642857
vt 0.6718750 0.9642857
vt 0.6875000 0.9642857
vt 0.7031250 0.9642857
vt 0.7187500 0.9642857
vt 0.7343750 0.9642857
vt 0.7500000 0.9642857
vt 0.7656250 0.9642857
vt 0.7812500 0.9642857
vt 0.7968750 0.9642857
vt 0.8125000 0.9642857
vt 0.8281250 0.9642857
vt 0.8437500 0.9642857
vt 0.8593750 0.9642857
vt 0.8750000 0.9642857
vt 0.8906250 0.9642857
vt 0.9062500 0.9642857
vt 0.9218750 0.9642857
vt 0.9375000 0.9642857
vt 0.9531250 0.9642857
vt 0.9687500 0.9642857
vt 0.9843750 0.9642857
vt 0.0000000 1.0000000
vt 0.0156250 1.0000000
vt 0.0312500 1.0000000
vt 0.0468750 1.0000000
vt 0.0625000 1.0000000
vt 0.0781250 1.0000000
vt 0.0937500 1.0000000
vt 0.1093750 1.0000000
vt 0.1250000 1.0000000
vt 0.1406250 1.0000000
vt 0.1562500 1.0000000
vt 0.1718750 1.0000000
vt 0.1875000 1.0000000
vt 0.2031250 1.0000000
vt 0.2187500 1.0000000
vt 0.2343750 1.0000000
vt 0.2500000 1.0000000
vt 0.2656250 1.0000000
vt 0.2812500 1.0000000
vt 0.2968750 1.0000000
vt 0.3125000 1.0000000
vt 0.3281250 1.0000000
vt 0.3437500 1.0000000
vt 0.3593750 1.0000000
vt 0.3750000 1.0000000
vt 0.3906250 1.0000000
vt 0.4062500 1.0000000
vt 0.4218750 1.0000000
vt 0.4375000 1.0000000
vt 0.4531250 1.0000000
vt 0.4687500 1.0000000
vt 0.4843750 1.0000000
vt 0.5000000 1.0000000
vt 0.5156250 1.0000000
vt 0.5312500 1.0000000
vt 0.5468750 1.0000000
vt 0.5625000 1.0000000
vt 0.5781250 1.0000000
vt 0.5937500 1.0000000
vt 0.6093750 1.0000000
vt 0.6250000 1.0000000
vt 0.6406250 1.0000000
vt 0.6562500 1.0000000
vt 0.6718750 1.0000000
vt 0.6875000 1.0000000
vt 0.7031250 1.0000000
vt 0.7187500 1.0000000
vt 0.7343750 1.0000000
vt 0.7500000 1.0000000
vt 0.7656250 1.0000000
vt 0.7812500 1.0000000
vt 0.7968750 1.0000000
vt 0.8125000 1.0000000
vt 0.8281250 1.0000000
vt 0.8437500 1.0000000
vt 0.8593750 1.0000000
vt 0.8750000 1.0000000
vt 0.8906250 1.0000000
vt 0.9062500 1.0000000
vt 0.9218750 1.0000000
vt 0.9375000 1.0000000
vt 0.9531250 1.0000000
vt 0.9687500 1.0000000
vt 0.9843750 1.0000000
vt 0.5000000 0.5000000
vt 0.5000000 0.5000000
f 1/1 65/65 2/2
f 2/2 65/65 66/66
f 2/2 66/66 3/3
f 3/3 66/66 67/67
f 3/3 67/67 4/4
f 4/4 67/67 68/68
f 4/4 68/68 5/5
f 5/5 68/68 69/69
f 5/5 69/69 6/6
f 6/6 69/69 70/70
f 6/6 70/70 7/7
f 7/7 70/70 71/71
f 7/7 71/71 8/8
f 8/8 71/71 72/72
f 8/8 72/72 9/9
f 9/9 72/72 73/73
f 9/9 73/73 10/10
f 10/10 73/73 74/74
f 10/10 74/74 11/11
f 11/11 74/74 75/75
f 11/11 75/75 12/12
f 12/12 75/75 76/76
f 12/12 76/76 13/13
f 13/13 76/76 77/77
f 13/13 77/77 14/14
f 14/14 77/77 78/78
f 14/14 78/78 15/15
f 15/15 78/78 79/79
f 15/15 79/79 16/16
f 16/16 79/79 80/80
f 16/16 80/80 17/17
f 17/17 80/80 81/81
f 17/17 81/81 18/18
f 18/18 81/81 82/82
f 18/18 82/82 19/19
f 19/19 82/82 83/83
f 19/19 83/83 20/20
f 20/20 83/83 84/84
f 20/20 84/84 21/21
f 21/21 84/84 85/85
f 21/21 85/85 22/22
f 22/22 85/85 86/86
f 22/22 86/86 23/23
f 23/23 86/86 87/87
f 23/23 87/87 24/24
f 24/24 87/87 88/88
f 24/24 88/88 25/25
f 25/25 88/88 89/89
f 25/25 89/89 26/26
f 26/26 89/89 90/90
f 26/26 90/90 27/27
f 27/27 90/90 91/91
f 27/27 91/91 28/28
f 28/28 91/91 92/92
f 28/28 92/92 29/29
f 29/29 92/92 93/93
f 29/29 93/93 30/30
f 30/30 93/93 94/94
f 30/30 94/94 31/31
f 31/31 94/94 95/95
f 31/31 95/95 32/32
f 32/32 95/95 96/96
f 32/32 96/96 33/33
f 33/33 96/96 97/97
f 33/33 97/97 34/34
f 34/34 97/97 98/98
f 34/34 98/98 35/35
f 35/35 98/98 99/99
f 35/35 99/99 36/36
f 36/36 99/99 100/100
f 36/36 100/100 37/37
f 37/37 100/100 101/101
f 37/37 101/101 38/38
f 38/38 101/101 102/102
f 38/38 102/102 39/39
f 39/39 102/102 103/103
f 39/39 103/103 40/40
f 40/40 103/103 104/104
f 40/40 104/104 41/41
f 41/41 104/104 105/105
f 41/41 105/105 42/42
f 42/42 105/105 106/106
f 42/42 106/106 43/43
f 43/43 106/106 107/107
f 43/43 107/107 44/44
f 44/44 107/107 108/108
f 44/44 108/108 45/45
f 45/45 108/108 109/109
f 45/45 109/109 46/46
f 46/46 109/109 110/110
f 46/46 110/110 47/47
f 47/47 110/110 111/111
f 47/47 111/111 48/48
f 48/48 111/111 112/112
f 48/48 112/112 49/49
f 49/49 112/112 113/113
f 49/49 113/113 50/50
f 50/50 113/113 114/114
f 50/50 114/114 51/51
f 51/51 114/114 115/115
f 51/51 115/115 52/52
f 52/52 115/115 116/116
f 52/52 116/116 53/53
f 53/53 116/116 117/117
f 53/53 117/117 54/54
f 54/54 117/117 118/118
f 54/54 118/118 55/55
f 55/55 118/118 119/119
f 55/55 119/119 56/56
f 56/56 119/119 120/120
f 56/56 120/120 57/57
f 57/57 120/120 121/121
f 57/57 121/121 58/58
f 58/58 121/121 122/122
f 58/58 122/122 59/59
f 59/59 122/122 123/123
f 59/59 123/123 60/60
f 60/60 123/123 124/124
f 60/60 124/124 61/61
f 61/61 124/124 125/125
f 61/61 125/125 62/62
f 62/62 125/125 126/126
f 62/62 126/126 63/63
f 63/63 126/126 127/127
f 63/63 127/127 64/64
f 64/64 127/127 128/128
f 64/64 128/128 1/1
f 1/1 128/128 65/65
f 65/65 129/129 66/66
f 66/66 129/129 130/130
f 66/66 130/130 67/67
f 67/67 130/130 131/131
f 67/67 131/131 68/68
f 68/68 131/131 132/132
f 68/68 132/132 69/69
f 69/69 132/132 133/133
f 69/69 133/133 70/70
f 70/70 133/133 134/134
f 70/70 134/134 71/71
f 71/71 134/134 135/135
f 71/71 135/135 72/72
f 72/72 135/135 136/136
f 72/72 136/136 73/73
f 73/73 136/136 137/137
f 73/73 137/137 74/74
f 74/74 137/137 138/138
f 74/74 138/138 75/75
f 75/75 138/138 139/139
f 75/75 139/139 76/76
f 76/76 139/139 140/140
f 76/76 140/140 77/77
f 77/77 140/140 141/141
f 77/77 141/141 78/78
f 78/78 141/141 142/142
f 78/78 142/142 79/79
f 79/79 142/142 143/143
f 79/79 143/143 80/80
f 80/80 143/143 144/144
f 80/80 144/144 81/81
f 81/81 144/144 145/145
f 81/81 145/145 82/82
f 82/82 145/145 146/146
f 82/82 146/146 83/83
f 83/83 146/146 147/147
f 83/83 147/147 84/84
f 84/84 147/147 148/148
f 84/84 148/148 85/85
f 85/85 148/148 149/149
f 85/85 149/149 86/86
f 86/86 149/149 150/150
f 86/86 150/150 87/87
f 87/87 150/150 151/151
f 87/87 151/151 88/88
f 88/88 151/151 152/152
f 88/88 152/152 89/89
f 89/89 152/152 153/153
f 89/89 153/153 90/90
f 90/90 153/153 154/154
f 90/90 154/154 91/91
f 91/91 154/154 155/155
f 91/91 155/155 92/92
f 92/92 155/155 156/156
f 92/92 156/156 93/93
f 93/93 156/156 157/157
f 93/93 157/157 94/94
f 94/94 157/157 158/158
f 94/94 158/158 95/95
f 95/95 158/158 159/159
f 95/95 159/159 96/96
f 96/96 159/159 160/160
f 96/96 160/160 97/97
f 97/97 160/160 161/161
f 97/97 161/161 98/98
f 98/98 161/161 162/162
f 98/98 162/162 99/99
f 99/99 162/162 163/163
f 99/99 163/163 100/100
f 100/100 163/163 164/164
f 100/100 164/164 101/101
f 101/101 164/164 165/165
f 101/101 165/165 102/102
f 102/102 165/165 166/166
f 102/102 166/166 103/103
f 103/103 166/166 167/167
f 103/103 167/167 104/104
f 104/104 167/167 168/168
f 104/104 168/168 105/105
f 105/105 168/168 169/169
f 105/105 169/169 106/106
f 106/106 169/169 170/170
f 106/106 170/170 107/107
f 107/107 170/170 171/171
f 107/107 171/171 108/108
f 108/108 171/171 172/172
f 108/108 172/172 109/109
f 109/109 172/172 173/173
f 109/109 173/173 110/110
f 110/110 173/173 174/174
f 110/110 174/174 111/111
f 111/111 174/174 175/175
f 111/111 175/175 112/112
f 112/112 175/175 176/176
f 112/112 176/176 113/113
f 113/113 176/176 177/177
f 113/113 177/177 114/114
f 114/114 177/177 178/178
f 114/114 178/178 115/115
f 115/115 178/178 179/179
f 115/115 179/179 116/116
f 116/116 179/179 180/180
f 116/116 180/180 117/117
f 117/117 180/180 181/181
f 117/117 181/181 118/118
f 118/118 181/181 182/182
f 118/118 182/182 119/119
f 119/119 182/182 183/183
f 119/119 183/183 120/120
f 120/120 183/183 184/184
f 120/120 184/184 121/121
f 121/121 184/184 185/185
f 121/121 185/185 122/122
f 122/122 185/185 186/186
f 122/122 186/186 123/123
f 123/123 186/186 187/187
f 123/123 187/187 124/124
f 124/124 187/187 188/188
f 124/124 188/188 125/125
f 125/125 188/188 189/189
f 125/125 189/189 126/126
f 126/126 189/189 190/190
f 126/126 190/190 127/127
f 127/127 190/190 191/191
f 127/127 191/191 128/128
f 128/128 191/191 192/192
f 128/128 192/192 65/65
f 65/65 192/192 129/129
f 129/129 193/193 130/130
f 130/130 193/193 194/194
f 130/130 194/194 131/131
f 131/131 194/194 195/195
f 131/131 195/195 132/132
f 132/132 195/195 196/196
f 132/132 196/196 133/133
f 133/133 196/196 197/197
f 133/133 197/197 134/134
f 134/134 197/197 198/198
f 134/134 198/198 135/135
f 135/135 198/198 199/199
f 135/135 199/199 136/136
f 136/136 199/199 200/200
f 136/136 200/200 137/137
f 137/137 200/200 201/201
f 137/137 201/201 138/138
f 138/138 201/201 202/202
f 138/138 202/202 139/139
f 139/139 202/202 203/203
f 139/139 203/203 140/140
f 140/140 203/203 204/204
f 140/140 204/204 141/141
f 141/141 204/204 205/205
f 141/141 205/205 142/142
f 142/142 205/205 206/206
f 142/142 206/206 143/143
f 143/143 206/206 207/207
f 143/143 207/207 144/144
f 144/144 207/207 208/208
f 144/144 208/208 145/145
f 145/145 208/208 209/209
f 145/145 209/209 146/146
f 146/146 209/209 210/210
f 146/146 210/210 147/147
f 147/147 210/210 211/211
f 147/147 211/211 148/148
f 148/148 211/211 212/212
f 148/148 212/212 149/149
f 149/149 212/212 213/213
f 149/149 213/213 150/150
f 150/150 213/213 214/214
f 150/150 214/214 151/151
f 151/151 214/214 215/215
f 151/151 215/215 152/152
f 152/152 215/215 216/216
f 152/152 216/216 153/153
f 153/153 216/216 217/217
f 153/153 217/217 154/154
f 154/154 217/217 218/218
f 154/154 218/218 155/155
f 155/155 218/218 219/219
f 155/155 219/219 156/156
f 156/156 219/219 220/220
f 156/156 220/220 157/157
f 157/157 220/220 221/221
f 157/157 221/221 158/158
f 158/158 221/221 222/222
f 158/158 222/222 159/159
f 159/159 222/222 223/223
f 159/159 223/223 160/160
f 160/160 223/223 224/224
f 160/160 224/224 161/161
f 161/161 224/224 225/225
f 161/161 225/225 162/162
f 162/162 225/225 226/226
f 162/162 226/226 163/163
f 163/163 226/226 227/227
f 163/163 227/227 164/164
f 164/164 227/227 228/228
f 164/164 228/228 165/165
f 165/165 228/228 229/229
f 165/165 229/229 166/166
f 166/166 229/229 230/230
f 166/166 230/230 167/167
f 167/167 230/230 231/231
f 167/167 231/231 168/168
f 168/168 231/231 232/232
f 168/168 232/232 169/169
f 169/169 232/232 233/233
f 169/169 233/233 170/170
f 170/170 233/233 234/234
f 170/170 234/234 171/171
f 171/171 234/234 235/235
f 171/171 235/235 172/172
f 172/172 235/235 236/236
f 172/172 236/236 173/173
f 173/173 236/236 237/237
f 173/173 237/237 174/174
f 174/174 237/237 238/238
f 174/174 238/238 175/175
f 175/175 238/238 239/239
f 175/175 239/239 176/176
f 176/176 239/239 240/240
f 176/176 240/240 177/177
f 177/177 240/240 241/241
f 177/177 241/241 178/178
f 178/178 241/241 242/242
f 178/178 242/242 179/179
f 179/179 242/242 243/243
f 179/179 243/243 180/180
f 180/180 243/243 244/244
f 180/180 244/244 181/181
f 181/181 244/244 245/245
f 181/181 245/245 182/182
f 182/182 245/245 246/246
f 182/182 246/246 183/183
f 183/183 246/246 247/247
f 183/183 247/247 184/184
f 184/184 247/247 248/248
f 184/184 248/248 185/185
f 185/185 248/248 249/249
f 185/185 249/249 186/186
f 186/186 249/249 250/250
f 186/186 250/250 187/187
f 187/187 250/250 251/251
f 187/187 251/251 188/188
f 188/188 251/251 252/252
f 188/188 252/252 189/189
f 189/189 252/252 253/253
f 189/189 253/253 190/190
f 190/190 253/253 254/254
f 190/190 254/254 191/191
f 191/191 254/254 255/255
f 191/191 255/255 192/192
f 192/192 255/255 256/256
f 192/192 256/256 129/129
f 129/129 256/256 193/193
f 193/193 257/257 194/194
f 194/194 257/257 258/258
f 194/194 258/258 195/195
f 195/195 258/258 259/259
f 195/195 259/259 196/196
f 196/196 259/259 260/260
f 196/196 260/260 197/197
f 197/197 260/260 261/261
f 197/197 261/261 198/198
f 198/198 261/261 262/262
f 198/198 262/262 199/199
f 199/199 262/262 263/263
f 199/199 263/263 200/200
f 200/200 263/263 264/264
f 200/200 264/264 201/201
f 201/201 264/264 265/265
f 201/201 265/265 202/202
f 202/202 265/265 266/266
f 202/202 266/266 203/203
f 203/203 266/266 267/267
f 203/203 267/267 204/204
f 204/204 267/267 268/268
f 204/204 268/268 205/205
f 205/205 268/268 269/269
f 205/205 269/269 206/206
f 206/206 269/269 270/270
f 206/206 270/270 207/207
f 207/207 270/270 271/271
f 207/207 271/271 208/208
f 208/208 271/271 272/272
f 208/208 272/272 209/209
f 209/209 272/272 273/273
f 209/209 273/273 210/210
f 210/210 273/273 274/274
f 210/210 274/274 211/211
f 211/211 274/274 275/275
f 211/211 275/275 212/212
f 212/212 275/275 276/276
f 212/212 276/276 213/213
f 213/213 276/276 277/277
f 213/213 277/277 214/214
f 214/214 277/277 278/278
f 214/214 278/278 215/215
f 215/215 278/278 279/279
f 215/215 279/279 216/216
f 216/216 279/279 280/280
f 216/216 280/280 217/217
f 217/217 280/280 281/281
f 217/217 281/281 218/218
f 218/218 281/281 282/282
f 218/218 282/282 219/219
f 219/219 282/282 283/283
f 219/219 283/283 220/220
f 220/220 283/283 284/284
f 220/220 284/284 221/221
f 221/221 284/284 285/285
f 221/221 285/285 222/222
f 222/222 285/285 286/286
f 222/222 286/286 223/223
f 223/223 286/286 287/287
f 223/223 287/287 224/224
f 224/224 287/287 288/288
f 224/224 288/288 225/225
f 225/225 288/288 289/289
f 225/225 289/289 226/226
f 226/226 289/289 290/290
f 226/226 290/290 227/227
f 227/227 290/290 291/291
f 227/227 291/291 228/228
f 228/228 291/291 292/292
f 228/228 292/292 229/229
f 229/229 292/292 293/293
f 229/229 293/293 230/230
f 230/230 293/293 294/294
f 230/230 294/294 231/231
f 231/231 294/294 295/295
f 231/231 295/295 232/232
f 232/232 295/295 296/296
f 232/232 296/296 233/233
f 233/233 296/296 297/297
f 233/233 297/297 234/234
f 234/234 297/297 298/298
f 234/234 298/298 235/235
f 235/235 298/298 299/299
f 235/235 299/299 236/236
f 236/236 299/299 300/300
f 236/236 300/300 237/237
f 237/237 300/300 301/301
f 237/237 301/301 238/238
f 238/238 301/301 302/302
f 238/238 302/302 239/239
f 239/239 302/302 303/303
f 239/239 303/303 240/240
f 240/240 303/303 304/304
f 240/240 304/304 241/241
f 241/241 304/304 305/305
f 241/241 305/305 242/242
f 242/242 305/305 306/306
f 242/242 306/306 243/243
f 243/243 306/306 307/307
f 243/243 307/307 244/244
f 244/244 307/307 308/308
f 244/244 308/308 245/245
f 245/245 308/308 309/309
f 245/245 309/309 246/246
f 246/246 309/309 310/310
f 246/246 310/310 247/247
f 247/247 310/310 311/311
f 247/247 311/311 248/248
f 248/248 311/311 312/312
f 248/248 312/312 249/249
f 249/249 312/312 313/313
f 249/249 313/313 250/250
f 250/250 313/313 314/314
f 250/250 314/314 251/251
f 251/251 314/314 315/315
f 251/251 315/315 252/252
f 252/252 315/315 316/316
f 252/252 316/316 253/253
f 253/253 316/316 317/317
f 253/253 317/317 254/254
f 254/254 317/317 318/318
f 254/254 318/318 255/255
f 255/255 318/318 319/319
f 255/255 319/319 256/256
f 256/256 319/319 320/320
f 256/256 320/320 193/193
f 193/193 320/320 257/257
f 257/257 321/321 258/258
f 258/258 321/321 322/322
f 258/258 322/322 259/259
f 259/259 322/322 323/323
f 259/259 323/323 260/260
f 260/260 323/323 324/324
f 260/260 324/324 261/261
f 261/261 324/324 325/325
f 261/261 325/325 262/262
f 262/262 325/325 326/326
f 262/262 326/326 263/263
f 263/263 326/326 327/327
f 263/263 327/327 264/264
f 264/264 327/327 328/328
f 264/264 328/328 265/265
f 265/265 328/328 329/329
f 265/265 329/329 266/266
f 266/266 329/329 330/330
f 266/266 330/330 267/267
f 267/267 330/330 331/331
f 267/267 331/331 268/268
f 268/268 331/331 332/332
f 268/268 332/332 269/269
f 269/269 332/332 333/333
f 269/269 333/333 270/270
f 270/270 333/333 334/334
f 270/270 334/334 271/271
f 271/271 334/334 335/335
f 271/271 335/335 272/272
f 272/272 335/335 336/336
f 272/272 336/336 273/273
f 273/273 336/336 337/337
f 273/273 337/337 274/274
f 274/274 337/337 338/338
f 274/274 338/338 275/275
f 275/275 338/338 339/339
f 275/275 339/339 276/276
f 276/276 339/339 340/340
f 276/276 340/340 277/277
f 277/277 340/340 341/341
f 277/277 341/341 278/278
f 278/278 341/341 342/342
f 278/278 342/342 279/279
f 279/279 342/342 343/343
f 279/279 343/343 280/280
f 280/280 343/343 344/344
f 280/280 344/344 281/281
f 281/281 344/344 345/345
f 281/281 345/345 282/282
f 282/282 345/345 346/346
f 282/282 346/346 283/283
f 283/283 346/346 347/347
f 283/283 347/347 284/284
f 284/284 347/347 348/348
f 284/284 348/348 285/285
f 285/285 348/348 349/349
f 285/285 349/349 286/286
f 286/286 349/349 350/350
f 286/286 350/350 287/287
f 287/287 350/350 351/351
f 287/287 351/351 288/288
f 288/288 351/351 352/352
f 288/288 352/352 289/289
f 289/289 352/352 353/353
f 289/289 353/353 290/290
f 290/290 353/353 354/354
f 290/290 354/354 291/291
f 291/291 354/354 355/355
f 291/291 355/355 292/292
f 292/292 355/355 356/356
f 292/292 356/356 293/293
f 293/293 356/356 357/357
f 293/293 357/357 294/294
f 294/294 357/357 358/358
f 294/294 358/358 295/295
f 295/295 358/358 359/359
f 295/295 359/359 296/296
f 296/296 359/359 360/360
f 296/296 360/360 297/297
f 297/297 360/360 361/361
f 297/297 361/361 298/298
f 298/298 361/361 362/362
f 298/298 362/362 299/299
f 299/299 362/362 363/363
f 299/299 363/363 300/300
f 300/300 363/363 364/364
f 300/300 364/364 301/301
f 301/301 364/364 365/365
f 301/301 365/365 302/302
f 302/302 365/365 366/366
f 302/302 366/366 303/303
f 303/303 366/366 367/367
f 303/303 367/367 304/304
f 304/304 367/367 368/368
f 304/304 368/368 305/305
f 305/305 368/368 369/369
f 305/305 369/369 306/306
f 306/306 369/369 370/370
f 306/306 370/370 307/307
f 307/307 370/370 371/371
f 307/307 371/371 308/308
f 308/308 371/371 372/372
f 308/308 372/372 309/309
f 309/309 372/372 373/373
f 309/309 373/373 310/310
f 310/310 373/373 374/374
f 310/310 374/374 311/311
f 311/311 374/374 375/375
f 311/311 375/375 312/312
f 312/312 375/375 376/376
f 312/312 376/376 313/313
f 313/313 376/376 377/377
f 313/313 377/377 314/314
f 314/314 377/377 378/378
f 314/314 378/378 315/315
f 315/315 378/378 379/379
f 315/315 379/379 316/316
f 316/316 379/379 380/380
f 316/316 380/380 317/317
f 317/317 380/380 381/381
f 317/317 381/381 318/318
f 318/318 381/381 382/382
f 318/318 382/382 319/319
f 319/319 382/382 383/383
f 319/319 383/383 320/320
f 320/320 383/383 384/384
f 320/320 384/384 257/257
f 257/257 384/384 321/321
f 321/321 385/385 322/322
f 322/322 385/385 386/386
f 322/322 386/386 323/323
f 323/323 386/386 387/387
f 323/323 387/387 324/324
f 324/324 387/387 388/388
f 324/324 388/388 325/325
f 325/325 388/388 389/389
f 325/325 389/389 326/326
f 326/326 389/389 390/390
f 326/326 390/390 327/327
f 327/327 390/390 391/391
f 327/327 391/391 328/328
f 328/328 391/391 392/392
f 328/328 392/392 329/329
f 329/329 392/392 393/393
f 329/329 393/393 330/330
f 330/330 393/393 394/394
f 330/330 394/394 331/331
f 331/331 394/394 395/395
f 331/331 395/395 332/332
f 332/332 395/395 396/396
f 332/332 396/396 333/333
f 333/333 396/396 397/397
f 333/333 397/397 334/334
f 334/334 397/397 398/398
f 334/334 398/398 335/335
f 335/335 398/398 399/399
f 335/335 399/399 336/336
f 336/336 399/399 400/400
f 336/336 400/400 337/337
f 337/337 400/400 401/401
f 337/337 401/401 338/338
f 338/338 401/401 402/402
f 338/338 402/402 339/339
f 339/339 402/402 403/403
f 339/339 403/403 340/340
f 340/340 403/403 404/404
f 340/340 404/404 341/341
f 341/341 404/404 405/405
f 341/341 405/405 342/342
f 342/342 405/405 406/406
f 342/342 406/406 343/343
f 343/343 406/406 407/407
f 343/343 407/407 344/344
f 344/344 407/407 408/408
f 344/344 408/408 345/345
f 345/345 408/408 409/409
f 345/345 409/409 346/346
f 346/346 409/409 410/410
f 346/346 410/410 347/347
f 347/347 410/410 411/411
f 347/347 411/411 348/348
f 348/348 411/411 412/412
f 348/348 412/412 349/349
f 349/349 412/412 413/413
f 349/349 413/413 350/350
f 350/350 413/413 414/414
f 350/350 414/414 351/351
f 351/351 414/414 415/415
f 351/351 415/415 352/352
f 352/352 415/415 416/416
f 352/352 416/416 353/353
f 353/353 416/416 417/417
f 353/353 417/417 354/354
f 354/354 417/417 418/418
f 354/354 418/418 355/355
f 355/355 418/418 419/419
f 355/355 419/419 356/356
f 356/356 419/419 420/420
f 356/356 420/420 357/357
f 357/357 420/420 421/421
f 357/357 421/421 358/358
f 358/358 421/421 422/422
f 358/358 422/422 359/359
f 359/359 422/422 423/423
f 359/359 423/423 360/360
f 360/360 423/423 424/424
f 360/360 424/424 361/361
f 361/361 424/424 425/425
f 361/361 425/425 362/362
f 362/362 425/425 426/426
f 362/362 426/426 363/363
f 363/363 426/426 427/427
f 363/363 427/427 364/364
f 364/364 427/427 428/428
f 364/364 428/428 365/365
f 365/365 428/428 429/429
f 365/365 429/429 366/366
f 366/366 429/429 430/430
f 366/366 430/430 367/367
f 367/367 430/430 431/431
f 367/367 431/431 368/368
f 368/368 431/431 432/432
f 368/368 432/432 369/369
f 369/369 432/432 433/433
f 369/369 433/433 370/370
f 370/370 433/433 434/434
f 370/370 434/434 371/371
f 371/371 434/434 435/435
f 371/371 435/435 372/372
f 372/372 435/435 436/436
f 372/372 436/436 373/373
f 373/373 436/436 437/437
f 373/373 437/437 374/374
f 374/374 437/437 438/438
f 374/374 438/438 375/375
f 375/375 438/438 439/439
f 375/375 439/439 376/376
f 376/376 439/439 440/440
f 376/376 440/440 377/377
f 377/377 440/440 441/441
f 377/377 441/441 378/378
f 378/378 441/441 442/442
f 378/378 442/442 379/379
f 379/379 442/442 443/443
f 379/379 443/443 380/380
f 380/380 443/443 444/444
f 380/380 444/444 381/381
f 381/381 444/444 445/445
f 381/381 445/445 382/382
f 382/382 445/445 446/446
f 382/382 446/446 383/383
f 383/383 446/446 447/447
f 383/383 447/447 384/384
f 384/384 447/447 448/448
f 384/384 448/448 321/321
f 321/321 448/448 385/385
f 385/385 449/449 386/386
f 386/386 449/449 450/450
f 386/386 450/450 387/387
f 387/387 450/450 451/451
f 387/387 451/451 388/388
f 388/388 451/451 452/452
f 388/388 452/452 389/389
f 389/389 452/452 453/453
f 389/389 453/453 390/390
f 390/390 453/453 454/454
f 390/390 454/454 391/391
f 391/391 454/454 455/455
f 391/391 455/455 392/392
f 392/392 455/455 456/456
f 392/392 456/456 393/393
f 393/393 456/456 457/457
f 393/393 457/457 394/394
f 394/394 457/457 458/458
f 394/394 458/458 395/395
f 395/395 458/458 459/459
f 395/395 459/459 396/396
f 396/396 459/459 460/460
f 396/396 460/460 397/397
f 397/397 460/460 461/461
f 397/397 461/461 398/398
f 398/398 461/461 462/462
f 398/398 462/462 399/399
f 399/399 462/462 463/463
f 399/399 463/463 400/400
f 400/400 463/463 464/464
f 400/400 464/464 401/401
f 401/401 464/464 465/465
f 401/401 465/465 402/402
f 402/402 465/465 466/466
f 402/402 466/466 403/403
f 403/403 466/466 467/467
f 403/403 467/467 404/404
f 404/404 467/467 468/468
f 404/404 468/468 405/405
f 405/405 468/468 469/469
f 405/405 469/469 406/406
f 406/406 469/469 470/470
f 406/406 470/470 407/407
f 407/407 470/470 471/471
f 407/407 471/471 408/408
f 408/408 471/471 472/472
f 408/408 472/472 409/409
f 409/409 472/472 473/473
f 409/409 473/473 410/410
f 410/410 473/473 474/474
f 410/410 474/474 411/411
f 411/411 474/474 475/475
f 411/411 475/475 412/412
f 412/412 475/475 476/476
f 412/412 476/476 413/413
f 413/413 476/476 477/477
f 413/413 477/477 414/414
f 414/414 477/477 478/478
f 414/414 478/478 415/415
f 415/415 478/478 479/479
f 415/415 479/479 416/416
f 416/416 479/479 480/480
f 416/416 480/480 417/417
f 417/417 480/480 481/481
f 417/417 481/481 418/418
f 418/418 481/481 482/482
f 418/418 482/482 419/419
f 419/419 482/482 483/483
f 419/419 483/483 420/420
f 420/420 483/483 484/484
f 420/420 484/484 421/421
f 421/421 484/484 485/485
f 421/421 485/485 422/422
f 422/422 485/485 486/486
f 422/422 486/486 423/423
f 423/423 486/486 487/487
f 423/423 487/487 424/424
f 424/424 487/487 488/488
f 424/424 488/488 425/425
f 425/425 488/488 489/489
f 425/425 489/489 426/426
f 426/426 489/489 490/490
f 426/426 490/490 427/427
f 427/427 490/490 491/491
f 427/427 491/491 428/428
f 428/428 491/491 492/492
f 428/428 492/492 429/429
f 429/429 492/492 493/493
f 429/429 493/493 430/430
f 430/430 493/493 494/494
f 430/430 494/494 431/431
f 431/431 494/494 495/495
f 431/431 495/495 432/432
f 432/432 495/495 496/496
f 432/432 496/496 433/433
f 433/433 496/496 497/497
f 433/433 497/497 434/434
f 434/434 497/497 498/498
f 434/434 498/498 435/435
f 435/435 498/498 499/499
f 435/435 499/499 436/436
f 436/436 499/499 500/500
f 436/436 500/500 437/437
f 437/437 500/500 501/501
f 437/437 501/501 438/438
f 438/438 501/501 502/502
f 438/438 502/502 439/439
f 439/439 502/502 503/503
f 439/439 503/503 440/440
f 440/440 503/503 504/504
f 440/440 504/504 441/441
f 441/441 504/504 505/505
f 441/441 505/505 442/442
f 442/442 505/505 506/506
f 442/442 506/506 443/443
f 443/443 506/506 507/507
f 443/443 507/507 444/444
f 444/444 507/507 508/508
f 444/444 508/508 445/445
f 445/445 508/508 509/509
f 445/445 509/509 446/446
f 446/446 509/509 510/510
f 446/446 510/510 447/447
f 447/447 510/510 511/511
f 447/447 511/511 448/448
f 448/448 511/511 512/512
f 448/448 512/512 385/385
f 385/385 512/512 449/449
f 449/449 513/513 450/450
f 450/450 513/513 514/514
f 450/450 514/514 451/451
f 451/451 514/514 515/515
f 451/451 515/515 452/452
f 452/452 515/515 516/516
f 452/452 516/516 453/453
f 453/453 516/516 517/517
f 453/453 517/517 454/454
f 454/454 517/517 518/518
f 454/454 518/518 455/455
f 455/455 518/518 519/519
f 455/455 519/519 456/456
f 456/456 519/519 520/520
f 456/456 520/520 457/457
f 457/457 520/520 521/521
f 457/457 521/521 458/458
f 458/458 521/521 522/522
f 458/458 522/522 459/459
f 459/459 522/522 523/523
f 459/459 523/523 460/460
f 460/460 523/523 524/524
f 460/460 524/524 461/461
f 461/461 524/524 525/525
f 461/461 525/525 462/462
f 462/462 525/525 526/526
f 462/462 526/526 463/463
f 463/463 526/526 527/527
f 463/463 527/527 464/464
f 464/464 527/527 528/528
f 464/464 528/528 465/465
f 465/465 528/528 529/529
f 465/465 529/529 466/466
f 466/466 529/529 530/530
f 466/466 530/530 467/467
f 467/467 530/530 531/531
f 467/467 531/531 468/468
f 468/468 531/531 532/532
f 468/468 532/532 469/469
f 469/469 532/532 533/533
f 469/469 533/533 470/470
f 470/470 533/533 534/534
f 470/470 534/534 471/471
f 471/471 534/534 535/535
f 471/471 535/535 472/472
f 472/472 535/535 536/536
f 472/472 536/536 473/473
f 473/473 536/536 537/537
f 473/473 537/537 474/474
f 474/474 537/537 538/538
f 474/474 538/538 475/475
f 475/475 538/538 539/539
f 475/475 539/539 476/476
f 476/476 539/539 540/540
f 476/476 540/540 477/477
f 477/477 540/540 541/541
f 477/477 541/541 478/478
f 478/478 541/541 542/542
f 478/478 542/542 479/479
f 479/479 542/542 543/543
f 479/479 543/543 480/480
f 480/480 543/543 544/544
f 480/480 544/544 481/481
f 481/481 544/544 545/545
f 481/481 545/545 482/482
f 482/482 545/545 546/546
f 482/482 546/546 483/483
f 483/483 546/546 547/547
f 483/483 547/547 484/484
f 484/484 547/547 548/548
f 484/484 548/548 485/485
f 485/485 548/548 549/549
f 485/485 549/549 486/486
f 486/486 549/549 550/550
f 486/486 550/550 487/487
f 487/487 550/550 551/551
f 487/487 551/551 488/488
f 488/488 551/551 552/552
f 488/488 552/552 489/489
f 489/489 552/552 553/553
f 489/489 553/553 490/490
f 490/490 553/553 554/554
f 490/490 554/554 491/491
f 491/491 554/554 555/555
f 491/491 555/555 492/492
f 492/492 555/555 556/556
f 492/492 556/556 493/493
f 493/493 556/556 557/557
f 493/493 557/557 494/494
f 494/494 557/557 558/558
f 494/494 558/558 495/495
f 495/495 558/558 559/559
f 495/495 559/559 496/496
f 496/496 559/559 560/560
f 496/496 560/560 497/497
f 497/497 560/560 561/561
f 497/497 561/561 498/498
f 498/498 561/561 562/562
f 498/498 562/562 499/499
f 499/499 562/562 563/563
f 499/499 563/563 500/500
f 500/500 563/563 564/564
f 500/500 564/564 501/501
f 501/501 564/564 565/565
f 501/501 565/565 502/502
f 502/502 565/565 566/566
f 502/502 566/566 503/503
f 503/503 566/566 567/567
f 503/503 567/567 504/504
f 504/504 567/567 568/568
f 504/504 568/568 505/505
f 505/505 568/568 569/569
f 505/505 569/569 506/506
f 506/506 569/569 570/570
f 506/506 570/570 507/507
f 507/507 570/570 571/571
f 507/507 571/571 508/508
f 508/508 571/571 572/572
f 508/508 572/572 509/509
f 509/509 572/572 573/573
f 509/509 573/573 510/510
f 510/510 573/573 574/574
f 510/510 574/574 511/511
f 511/511 574/574 575/575
f 511/511 575/575 512/512
f 512/512 575/575 576/576
f 512/512 576/576 449/449
f 449/449 576/576 513/513
f 513/513 577/577 514/514
f 514/514 577/577 578/578
f 514/514 578/578 515/515
f 515/515 578/578 579/579
f 515/515 579/579 516/516
f 516/516 579/579 580/580
f 516/516 580/580 517/517
f 517/517 580/580 581/581
f 517/517 581/581 518/518
f 518/518 581/581 582/582
f 518/518 582/582 519/519
f 519/519 582/582 583/583
f 519/519 583/583 520/520
f 520/520 583/583 584/584
f 520/520 584/584 521/521
f 521/521 584/584 585/585
f 521/521 585/585 522/522
f 522/522 585/585 586/586
f 522/522 586/586 523/523
f 523/523 586/586 587/587
f 523/523 587/587 524/524
f 524/524 587/587 588/588
f 524/524 588/588 525/525
f 525/525 588/588 589/589
f 525/525 589/589 526/526
f 526/526 589/589 590/590
f 526/526 590/590 527/527
f 527/527 590/590 591/591
f 527/527 591/591 528/528
f 528/528 591/591 592/592
f 528/528 592/592 529/529
f 529/529 592/592 593/593
f 529/529 593/593 530/530
f 530/530 593/593 594/594
f 530/530 594/594 531/531
f 531/531 594/594 595/595
f 531/531 595/595 532/532
f 532/532 595/595 596/596
f 532/532 596/596 533/533
f 533/533 596/596 597/597
f 533/533 597/597 534/534
f 534/534 597/597 598/598
f 534/534 598/598 535/535
f 535/535 598/598 599/599
f 535/535 599/599 536/536
f 536/536 599/599 600/600
f 536/536 600/600 537/537
f 537/537 600/600 601/601
f 537/537 601/601 538/538
f 538/538 601/601 602/602
f 538/538 602/602 539/539
f 539/539 602/602 603/603
f 539/539 603/603 540/540
f 540/540 603/603 604/604
f 540/540 604/604 541/541
f 541/541 604/604 605/605
f 541/541 605/605 542/542
f 542/542 605/605 606/606
f 542/542 606/606 543/543
f 543/543 606/606 607/607
f 543/543 607/607 544/544
f 544/544 607/607 608/608
f 544/544 608/608 545/545
f 545/545 608/608 609/609
f 545/545 609/609 546/546
f 546/546 609/609 610/610
f 546/546 610/610 547/547
f 547/547 610/610 611/611
f 547/547 611/611 548/548
f 548/548 611/611 612/612
f 548/548 612/612 549/549
f 549/549 612/612 613/613
f 549/549 613/613 550/550
f 550/550 613/613 614/614
f 550/550 614/614 551/551
f 551/551 614/614 615/615
f 551/551 615/615 552/552
f 552/552 615/615 616/616
f 552/552 616/616 553/553
f 553/553 616/616 617/617
f 553/553 617/617 554/554
f 554/554 617/617 618/618
f 554/554 618/618 555/555
f 555/555 618/618 619/619
f 555/555 619/619 556/556
f 556/556 619/619 620/620
f 556/556 620/620 557/557
f 557/557 620/620 621/621
f 557/557 621/621 558/558
f 558/558 621/621 622/622
f 558/558 622/622 559/559
f 559/559 622/622 623/623
f 559/559 623/623 560/560
f 560/560 623/623 624/624
f 560/560 624/624 561/561
f 561/561 624/624 625/625
f 561/561 625/625 562/562
f 562/562 625/625 626/626
f 562/562 626/626 563/563
f 563/563 626/626 627/627
f 563/563 627/627 564/564
f 564/564 627/627 628/628
f 564/564 628/628 565/565
f 565/565 628/628 629/629
f 565/565 629/629 566/566
f 566/566 629/629 630/630
f 566/566 630/630 567/567
f 567/567 630/630 631/631
f 567/567 631/631 568/568
f 568/568 631/631 632/632
f 568/568 632/632 569/569
f 569/569 632/632 633/633
f 569/569 633/633 570/570
f 570/570 633/633 634/634
f 570/570 634/634 571/571
f 571/571 634/634 635/635
f 571/571 635/635 572/572
f 572/572 635/635 636/636
f 572/572 636/636 573/573
f 573/573 636/636 637/637
f 573/573 637/637 574/574
f 574/574 637/637 638/638
f 574/574 638/638 575/575
f 575/575 638/638 639/639
f 575/575 639/639 576/576
f 576/576 639/639 640/640
f 576/576 640/640 513/513
f 513/513 640/640 577/577
f 577/577 641/641 578/578
f 578/578 641/641 642/642
f 578/578 642/642 579/579
f 579/579 642/642 643/643
f 579/579 643/643 580/580
f 580/580 643/643 644/644
f 580/580 644/644 581/581
f 581/581 644/644 645/645
f 581/581 645/645 582/582
f 582/582 645/645 646/646
f 582/582 646/646 583/583
f 583/583 646/646 647/647
f 583/583 647/647 584/584
f 584/584 647/647 648/648
f 584/584 648/648 585/585
f 585/585 648/648 649/649
f 585/585 649/649 586/586
f 586/586 649/649 650/650
f 586/586 650/650 587/587
f 587/587 650/650 651/651
f 587/587 651/651 588/588
f 588/588 651/651 652/652
f 588/588 652/652 589/589
f 589/589 652/652 653/653
f 589/589 653/653 590/590
f 590/590 653/653 654/654
f 590/590 654/654 591/591
f 591/591 654/654 655/655
f 591/591 655/655 592/592
f 592/592 655/655 656/656
f 592/592 656/656 593/593
f 593/593 656/656 657/657
f 593/593 657/657 594/594
f 594/594 657/657 658/658
f 594/594 658/658 595/595
f 595/595 658/658 659/659
f 595/595 659/659 596/596
f 596/596 659/659 660/660
f 596/596 660/660 597/597
f 597/597 660/660 661/661
f 597/597 661/661 598/598
f 598/598 661/661 662/662
f 598/598 662/662 599/599
f 599/599 662/662 663/663
f 599/599 663/663 600/600
f 600/600 663/663 664/664
f 600/600 664/664 601/601
f 601/601 664/664 665/665
f 601/601 665/665 602/602
f 602/602 665/665 666/666
f 602/602 666/666 603/603
f 603/603 666/666 667/667
f 603/603 667/667 604/604
f 604/604 667/667 668/668
f 604/604 668/668 605/605
f 605/605 668/668 669/669
f 605/605 669/669 606/606
f 606/606 669/669 670/670
f 606/606 670/670 607/607
f 607/607 670/670 671/671
f 607/607 671/671 608/608
f 608/608 671/671 672/672
f 608/608 672/672 609/609
f 609/609 672/672 673/673
f 609/609 673/673 610/610
f 610/610 673/673 674/674
f 610/610 674/674 611/611
f 611/611 674/674 675/675
f 611/611 675/675 612/612
f 612/612 675/675 676/676
f 612/612 676/676 613/613
f 613/613 676/676 677/677
f 613/613 677/677 614/614
f 614/614 677/677 678/678
f 614/614 678/678 615/615
f 615/615 678/678 679/679
f 615/615 679/679 616/616
f 616/616 679/679 680/680
f 616/616 680/680 617/617
f 617/617 680/680 681/681
f 617/617 681/681 618/618
f 618/618 681/681 682/682
f 618/618 682/682 619/619
f 619/619 682/682 683/683
f 619/619 683/683 620/620
f 620/620 683/683 684/684
f 620/620 684/684 621/621
f 621/621 684/684 685/685
f 621/621 685/685 622/622
f 622/622 685/685 686/686
f 622/622 686/686 623/623
f 623/623 686/686 687/687
f 623/623 687/687 624/624
f 624/624 687/687 688/688
f 624/624 688/688 625/625
f 625/625 688/688 689/689
f 625/625 689/689 626/626
f 626/626 689/689 690/690
f 626/626 690/690 627/627
f 627/627 690/690 691/691
f 627/627 691/691 628/628
f 628/628 691/691 692/692
f 628/628 692/692 629/629
f 629/629 692/692 693/693
f 629/629 693/693 630/630
f 630/630 693/693 694/694
f 630/630 694/694 631/631
f 631/631 694/694 695/695
f 631/631 695/695 632/632
f 632/632 695/695 696/696
f 632/632 696/696 633/633
f 633/633 696/696 697/697
f 633/633 697/697 634/634
f 634/634 697/697 698/698
f 634/634 698/698 635/635
f 635/635 698/698 699/699
f 635/635 699/699 636/636
f 636/636 699/699 700/700
f 636/636 700/700 637/637
f 637/637 700/700 701/701
f 637/637 701/701 638/638
f 638/638 701/701 702/702
f 638/638 702/702 639/639
f 639/639 702/702 703/703
f 639/639 703/703 640/640
f 640/640 703/703 704/704
f 640/640 704/704 577/577
f 577/577 704/704 641/641
f 641/641 705/705 642/642
f 642/642 705/705 706/706
f 642/642 706/706 643/643
f 643/643 706/706 707/707
f 643/643 707/707 644/644
f 644/644 707/707 708/708
f 644/644 708/708 645/645
f 645/645 708/708 709/709
f 645/645 709/709 646/646
f 646/646 709/709 710/710
f 646/646 710/710 647/647
f 647/647 710/710 711/711
f 647/647 711/711 648/648
f 648/648 711/711 712/712
f 648/648 712/712 649/649
f 649/649 712/712 713/713
f 649/649 713/713 650/650
f 650/650 713/713 714/714
f 650/650 714/714 651/651
f 651/651 714/714 715/715
f 651/651 715/715 652/652
f 652/652 715/715 716/716
f 652/652 716/716 653/653
f 653/653 716/716 717/717
f 653/653 717/717 654/654
f 654/654 717/717 718/718
f 654/654 718/718 655/655
f 655/655 718/718 719/719
f 655/655 719/719 656/656
f 656/656 719/719 720/720
f 656/656 720/720 657/657
f 657/657 720/720 721/721
f 657/657 721/721 658/658
f 658/658 721/721 722/722
f 658/658 722/722 659/659
f 659/659 722/722 723/723
f 659/659 723/723 660/660
f 660/660 723/723 724/724
f 660/660 724/724 661/661
f 661/661 724/724 725/725
f 661/661 725/725 662/662
f 662/662 725/725 726/726
f 662/662 726/726 663/663
f 663/663 726/726 727/727
f 663/663 727/727 664/664
f 664/664 727/727 728/728
f 664/664 728/728 665/665
f 665/665 728/728 729/729
f 665/665 729/729 666/666
f 666/666 729/729 730/730
f 666/666 730/730 667/667
f 667/667 730/730 731/731
f 667/667 731/731 668/668
f 668/668 731/731 732/732
f 668/668 732/732 669/669
f 669/669 732/732 733/733
f 669/669 733/733 670/670
f 670/670 733/733 734/734
f 670/670 734/734 671/671
f 671/671 734/734 735/735
f 671/671 735/735 672/672
f 672/672 735/735 736/736
f 672/672 736/736 673/673
f 673/673 736/736 737/737
f 673/673 737/737 674/674
f 674/674 737/737 738/738
f 674/674 738/738 675/675
f 675/675 738/738 739/739
f 675/675 739/739 676/676
f 676/676 739/739 740/740
f 676/676 740/740 677/677
f 677/677 740/740 741/741
f 677/677 741/741 678/678
f 678/678 741/741 742/742
f 678/678 742/742 679/679
f 679/679 742/742 743/743
f 679/679 743/743 680/680
f 680/680 743/743 744/744
f 680/680 744/744 681/681
f 681/681 744/744 745/745
f 681/681 745/745 682/682
f 682/682 745/745 746/746
f 682/682 746/746 683/683
f 683/683 746/746 747/747
f 683/683 747/747 684/684
f 684/684 747/747 748/748
f 684/684 748/748 685/685
f 685/685 748/748 749/749
f 685/685 749/749 686/686
f 686/686 749/749 750/750
f 686/686 750/750 687/687
f 687/687 750/750 751/751
f 687/687 751/751 688/688
f 688/688 751/751 752/752
f 688/688 752/752 689/689
f 689/689 752/752 753/753
f 689/689 753/753 690/690
f 690/690 753/753 754/754
f 690/690 754/754 691/691
f 691/691 754/754 755/755
f 691/691 755/755 692/692
f 692/692 755/755 756/756
f 692/692 756/756 693/693
f 693/693 756/756 757/757
f 693/693 757/757 694/694
f 694/694 757/757 758/758
f 694/694 758/758 695/695
f 695/695 758/758 759/759
f 695/695 759/759 696/696
f 696/696 759/759 760/760
f 696/696 760/760 697/697
f 697/697 760/760 761/761
f 697/697 761/761 698/698
f 698/698 761/761 762/762
f 698/698 762/762 699/699
f 699/699 762/762 763/763
f 699/699 763/763 700/700
f 700/700 763/763 764/764
f 700/700 764/764 701/701
f 701/701 764/764 765/765
f 701/701 765/765 702/702
f 702/702 765/765 766/766
f 702/702 766/766 703/703
f 703/703 766/766 767/767
f 703/703 767/767 704/704
f 704/704 767/767 768/768
f 704/704 768/768 641/641
f 641/641 768/768 705/705
f 705/705 769/769 706/706
f 706/706 769/769 770/770
f 706/706 770/770 707/707
f 707/707 770/770 771/771
f 707/707 771/771 708/708
f 708/708 771/771 772/772
f 708/708 772/772 709/709
f 709/709 772/772 773/773
f 709/709 773/773 710/710
f 710/710 773/773 774/774
f 710/710 774/774 711/711
f 711/711 774/774 775/775
f 711/711 775/775 712/712
f 712/712 775/775 776/776
f 712/712 776/776 713/713
f 713/713 776/776 777/777
f 713/713 777/777 714/714
f 714/714 777/777 778/778
f 714/714 778/778 715/715
f 715/715 778/778 779/779
f 715/715 779/779 716/716
f 716/716 779/779 780/780
f 716/716 780/780 717/717
f 717/717 780/780 781/781
f 717/717 781/781 718/718
f 718/718 781/781 782/782
f 718/718 782/782 719/719
f 719/719 782/782 783/783
f 719/719 783/783 720/720
f 720/720 783/783 784/784
f 720/720 784/784 721/721
f 721/721 784/784 785/785
f 721/721 785/785 722/722
f 722/722 785/785 786/786
f 722/722 786/786 723/723
f 723/723 786/786 787/787
f 723/723 787/787 724/724
f 724/724 787/787 788/788
f 724/724 788/788 725/725
f 725/725 788/788 789/789
f 725/725 789/789 726/726
f 726/726 789/789 790/790
f 726/726 790/790 727/727
f 727/727 790/790 791/791
f 727/727 791/791 728/728
f 728/728 791/791 792/792
f 728/728 792/792 729/729
f 729/729 792/792 793/793
f 729/729 793/793 730/730
f 730/730 793/793 794/794
f 730/730 794/794 731/731
f 731/731 794/794 795/795
f 731/731 795/795 732/732
f 732/732 795/795 796/796
f 732/732 796/796 733/733
f 733/733 796/796 797/797
f 733/733 797/797 734/734
f 734/734 797/797 798/798
f 734/734 798/798 735/735
f 735/735 798/798 799/799
f 735/735 799/799 736/736
f 736/736 799/799 800/800
f 736/736 800/800 737/737
f 737/737 800/800 801/801
f 737/737 801/801 738/738
f 738/738 801/801 802/802
f 738/738 802/802 739/739
f 739/739 802/802 803/803
f 739/739 803/803 740/740
f 740/740 803/803 804/804
f 740/740 804/804 741/741
f 741/741 804/804 805/805
f 741/741 805/805 742/742
f 742/742 805/805 806/806
f 742/742 806/806 743/743
f 743/743 806/806 807/807
f 743/743 807/807 744/744
f 744/744 807/807 808/808
f 744/744 808/808 745/745
f 745/745 808/808 809/809
f 745/745 809/809 746/746
f 746/746 809/809 810/810
f 746/746 810/810 747/747
f 747/747 810/810 811/811
f 747/747 811/811 748/748
f 748/748 811/811 812/812
f 748/748 812/812 749/749
f 749/749 812/812 813/813
f 749/749 813/813 750/750
f 750/750 813/813 814/814
f 750/750 814/814 751/751
f 751/751 814/814 815/815
f 751/751 815/815 752/752
f 752/752 815/815 816/816
f 752/752 816/816 753/753
f 753/753 816/816 817/817
f 753/753 817/817 754/754
f 754/754 817/817 818/818
f 754/754 818/818 755/755
f 755/755 818/818 819/819
f 755/755 819/819 756/756
f 756/756 819/819 820/820
f 756/756 820/820 757/757
f 757/757 820/820 821/821
f 757/757 821/821 758/758
f 758/758 821/821 822/822
f 758/758 822/822 759/759
f 759/759 822/822 823/823
f 759/759 823/823 760/760
f 760/760 823/823 824/824
f 760/760 824/824 761/761
f 761/761 824/824 825/825
f 761/761 825/825 762/762
f 762/762 825/825 826/826
f 762/762 826/826 763/763
f 763/763 826/826 827/827
f 763/763 827/827 764/764
f 764/764 827/827 828/828
f 764/764 828/828 765/765
f 765/765 828/828 829/829
f 765/765 829/829 766/766
f 766/766 829/829 830/830
f 766/766 830/830 767/767
f 767/767 830/830 831/831
f 767/767 831/831 768/768
f 768/768 831/831 832/832
f 768/768 832/832 705/705
f 705/705 832/832 769/769
f 769/769 833/833 770/770
f 770/770 833/833 834/834
f 770/770 834/834 771/771
f 771/771 834/834 835/835
f 771/771 835/835 772/772
f 772/772 835/835 836/836
f 772/772 836/836 773/773
f 773/773 836/836 837/837
f 773/773 837/837 774/774
f 774/774 837/837 838/838
f 774/774 838/838 775/775
f 775/775 838/838 839/839
f 775/775 839/839 776/776
f 776/776 839/839 840/840
f 776/776 840/840 777/777
f 777/777 840/840 841/841
f 777/777 841/841 778/778
f 778/778 841/841 842/842
f 778/778 842/842 779/779
f 779/779 842/842 843/843
f 779/779 843/843 780/780
f 780/780 843/843 844/844
f 780/780 844/844 781/781
f 781/781 844/844 845/845
f 781/781 845/845 782/782
f 782/782 845/845 846/846
f 782/782 846/846 783/783
f 783/783 846/846 847/847
f 783/783 847/847 784/784
f 784/784 847/847 848/848
f 784/784 848/848 785/785
f 785/785 848/848 849/849
f 785/785 849/849 786/786
f 786/786 849/849 850/850
f 786/786 850/850 787/787
f 787/787 850/850 851/851
f 787/787 851/851 788/788
f 788/788 851/851 852/852
f 788/788 852/852 789/789
f 789/789 852/852 853/853
f 789/789 853/853 790/790
f 790/790 853/853 854/854
f 790/790 854/854 791/791
f 791/791 854/854 855/855
f 791/791 855/855 792/792
f 792/792 855/855 856/856
f 792/792 856/856 793/793
f 793/793 856/856 857/857
f 793/793 857/857 794/794
f 794/794 857/857 858/858
f 794/794 858/858 795/795
f 795/795 858/858 859/859
f 795/795 859/859 796/796
f 796/796 859/859 860/860
f 796/796 860/860 797/797
f 797/797 860/860 861/861
f 797/797 861/861 798/798
f 798/798 861/861 862/862
f 798/798 862/862 799/799
f 799/799 862/862 863/863
f 799/799 863/863 800/800
f 800/800 863/863 864/864
f 800/800 864/864 801/801
f 801/801 864/864 865/865
f 801/801 865/865 802/802
f 802/802 865/865 866/866
f 802/802 866/866 803/803
f 803/803 866/866 867/867
f 803/803 867/867 804/804
f 804/804 867/867 868/868
f 804/804 868/868 805/805
f 805/805 868/868 869/869
f 805/805 869/869 806/806
f 806/806 869/869 870/870
f 806/806 870/870 807/807
f 807/807 870/870 871/871
f 807/807 871/871 808/808
f 808/808 871/871 872/872
f 808/808 872/872 809/809
f 809/809 872/872 873/873
f 809/809 873/873 810/810
f 810/810 873/873 874/874
f 810/810 874/874 811/811
f 811/811 874/874 875/875
f 811/811 875/875 812/812
f 812/812 875/875 876/876
f 812/812 876/876 813/813
f 813/813 876/876 877/877
f 813/813 877/877 814/814
f 814/814 877/877 878/878
f 814/814 878/878 815/815
f 815/815 878/878 879/879
f 815/815 879/879 816/816
f 816/816 879/879 880/880
f 816/816 880/880 817/817
f 817/817 880/880 881/881
f 817/817 881/881 818/818
f 818/818 881/881 882/882
f 818/818 882/882 819/819
f 819/819 882/882 883/883
f 819/819 883/883 820/820
f 820/820 883/883 884/884
f 820/820 884/884 821/821
f 821/821 884/884 885/885
f 821/821 885/885 822/822
f 822/822 885/885 886/886
f 822/822 886/886 823/823
f 823/823 886/886 887/887
f 823/823 887/887 824/824
f 824/824 887/887 888/888
f 824/824 888/888 825/825
f 825/825 888/888 889/889
f 825/825 889/889 826/826
f 826/826 889/889 890/890
f 826/826 890/890 827/827
f 827/827 890/890 891/891
f 827/827 891/891 828/828
f 828/828 891/891 892/892
f 828/828 892/892 829/829
f 829/829 892/892 893/893
f 829/829 893/893 830/830
f 830/830 893/893 894/894
f 830/830 894/894 831/831
f 831/831 894/894 895/895
f 831/831 895/895 832/832
f 832/832 895/895 896/896
f 832/832 896/896 769/769
f 769/769 896/896 833/833
f 833/833 897/897 834/834
f 834/834 897/897 898/898
f 834/834 898/898 835/835
f 835/835 898/898 899/899
f 835/835 899/899 836/836
f 836/836 899/899 900/900
f 836/836 900/900 837/837
f 837/837 900/900 901/901
f 837/837 901/901 838/838
f 838/838 901/901 902/902
f 838/838 902/902 839/839
f 839/839 902/902 903/903
f 839/839 903/903 840/840
f 840/840 903/903 904/904
f 840/840 904/904 841/841
f 841/841 904/904 905/905
f 841/841 905/905 842/842
f 842/842 905/905 906/906
f 842/842 906/906 843/843
f 843/843 906/906 907/907
f 843/843 907/907 844/844
f 844/844 907/907 908/908
f 844/844 908/908 845/845
f 845/845 908/908 909/909
f 845/845 909/909 846/846
f 846/846 909/909 910/910
f 846/846 910/910 847/847
f 847/847 910/910 911/911
f 847/847 911/911 848/848
f 848/848 911/911 912/912
f 848/848 912/912 849/849
f 849/849 912/912 913/913
f 849/849 913/913 850/850
f 850/850 913/913 914/914
f 850/850 914/914 851/851
f 851/851 914/914 915/915
f 851/851 915/915 852/852
f 852/852 915/915 916/916
f 852/852 916/916 853/853
f 853/853 916/916 917/917
f 853/853 917/917 854/854
f 854/854 917/917 918/918
f 854/854 918/918 855/855
f 855/855 918/918 919/919
f 855/855 919/919 856/856
f 856/856 919/919 920/920
f 856/856 920/920 857/857
f 857/857 920/920 921/921
f 857/857 921/921 858/858
f 858/858 921/921 922/922
f 858/858 922/922 859/859
f 859/859 922/922 923/923
f 859/859 923/923 860/860
f 860/860 923/923 924/924
f 860/860 924/924 861/861
f 861/861 924/924 925/925
f 861/861 925/925 862/862
f 862/862 925/925 926/926
f 862/862 926/926 863/863
f 863/863 926/926 927/927
f 863/863 927/927 864/864
f 864/864 927/927 928/928
f 864/864 928/928 865/865
f 865/865 928/928 929/929
f 865/865 929/929 866/866
f 866/866 929/929 930/930
f 866/866 930/930 867/867
f 867/867 930/930 931/931
f 867/867 931/931 868/868
f 868/868 931/931 932/932
f 868/868 932/932 869/869
f 869/869 932/932 933/933
f 869/869 933/933 870/870
f 870/870 933/933 934/934
f 870/870 934/934 871/871
f 871/871 934/934 935/935
f 871/871 935/935 872/872
f 872/872 935/935 936/936
f 872/872 936/936 873/873
f 873/873 936/936 937/937
f 873/873 937/937 874/874
f 874/874 937/937 938/938
f 874/874 938/938 875/875
f 875/875 938/938 939/939
f 875/875 939/939 876/876
f 876/876 939/939 940/940
f 876/876 940/940 877/877
f 877/877 940/940 941/941
f 877/877 941/941 878/878
f 878/878 941/941 942/942
f 878/878 942/942 879/879
f 879/879 942/942 943/943
f 879/879 943/943 880/880
f 880/880 943/943 944/944
f 880/880 944/944 881/881
f 881/881 944/944 945/945
f 881/881 945/945 882/882
f 882/882 945/945 946/946
f 882/882 946/946 883/883
f 883/883 946/946 947/947
f 883/883 947/947 884/884
f 884/884 947/947 948/948
f 884/884 948/948 885/885
f 885/885 948/948 949/949
f 885/885 949/949 886/886
f 886/886 949/949 950/950
f 886/886 950/950 887/887
f 887/887 950/950 951/951
f 887/887 951/951 888/888
f 888/888 951/951 952/952
f 888/888 952/952 889/889
f 889/889 952/952 953/953
f 889/889 953/953 890/890
f 890/890 953/953 954/954
f 890/890 954/954 891/891
f 891/891 954/954 955/955
f 891/891 955/955 892/892
f 892/892 955/955 956/956
f 892/892 956/956 893/893
f 893/893 956/956 957/957
f 893/893 957/957 894/894
f 894/894 957/957 958/958
f 894/894 958/958 895/895
f 895/895 958/958 959/959
f 895/895 959/959 896/896
f 896/896 959/959 960/960
f 896/896 960/960 833/833
f 833/833 960/960 897/897
f 897/897 961/961 898/898
f 898/898 961/961 962/962
f 898/898 962/962 899/899
f 899/899 962/962 963/963
f 899/899 963/963 900/900
f 900/900 963/963 964/964
f 900/900 964/964 901/901
f 901/901 964/964 965/965
f 901/901 965/965 902/902
f 902/902 965/965 966/966
f 902/902 966/966 903/903
f 903/903 966/966 967/967
f 903/903 967/967 904/904
f 904/904 967/967 968/968
f 904/904 968/968 905/905
f 905/905 968/968 969/969
f 905/905 969/969 906/906
f 906/906 969/969 970/970
f 906/906 970/970 907/907
f 907/907 970/970 971/971
f 907/907 971/971 908/908
f 908/908 971/971 972/972
f 908/908 972/972 909/909
f 909/909 972/972 973/973
f 909/909 973/973 910/910
f 910/910 973/973 974/974
f 910/910 974/974 911/911
f 911/911 974/974 975/975
f 911/911 975/975 912/912
f 912/912 975/975 976/976
f 912/912 976/976 913/913
f 913/913 976/976 977/977
f 913/913 977/977 914/914
f 914/914 977/977 978/978
f 914/914 978/978 915/915
f 915/915 978/978 979/979
f 915/915 979/979 916/916
f 916/916 979/979 980/980
f 916/916 980/980 917/917
f 917/917 980/980 981/981
f 917/917 981/981 918/918
f 918/918 981/981 982/982
f 918/918 982/982 919/919
f 919/919 982/982 983/983
f 919/919 983/983 920/920
f 920/920 983/983 984/984
f 920/920 984/984 921/921
f 921/921 984/984 985/985
f 921/921 985/985 922/922
f 922/922 985/985 986/986
f 922/922 986/986 923/923
f 923/923 986/986 987/987
f 923/923 987/987 924/924
f 924/924 987/987 988/988
f 924/924 988/988 925/925
f 925/925 988/988 989/989
f 925/925 989/989 926/926
f 926/926 989/989 990/990
f 926/926 990/990 927/927
f 927/927 990/990 991/991
f 927/927 991/991 928/928
f 928/928 991/991 992/992
f 928/928 992/992 929/929
f 929/929 992/992 993/993
f 929/929 993/993 930/930
f 930/930 993/993 994/994
f 930/930 994/994 931/931
f 931/931 994/994 995/995
f 931/931 995/995 932/932
f 932/932 995/995 996/996
f 932/932 996/996 933/933
f 933/933 996/996 997/997
f 933/933 997/997 934/934
f 934/934 997/997 998/998
f 934/934 998/998 935/935
f 935/935 998/998 999/999
f 935/935 999/999 936/936
f 936/936 999/999 1000/1000
f 936/936 1000/1000 937/937
f 937/937 1000/1000 1001/1001
f 937/937 1001/1001 938/938
f 938/938 1001/1001 1002/1002
f 938/938 1002/1002 939/939
f 939/939 1002/1002 1003/1003
f 939/939 1003/1003 940/940
f 940/940 1003/1003 1004/1004
f 940/940 1004/1004 941/941
f 941/941 1004/1004 1005/1005
f 941/941 1005/1005 942/942
f 942/942 1005/1005 1006/1006
f 942/942 1006/1006 943/943
f 943/943 1006/1006 1007/1007
f 943/943 1007/1007 944/944
f 944/944 1007/1007 1008/1008
f 944/944 1008/1008 945/945
f 945/945 1008/1008 1009/1009
f 945/945 1009/1009 946/946
f 946/946 1009/1009 1010/1010
f 946/946 1010/1010 947/947
f 947/947 1010/1010 1011/1011
f 947/947 1011/1011 948/948
f 948/948 1011/1011 1012/1012
f 948/948 1012/1012 949/949
f 949/949 1012/1012 1013/1013
f 949/949 1013/1013 950/950
f 950/950 1013/1013 1014/1014
f 950/950 1014/1014 951/951
f 951/951 1014/1014 1015/1015
f 951/951 1015/1015 952/952
f 952/952 1015/1015 1016/1016
f 952/952 1016/1016 953/953
f 953/953 1016/1016 1017/1017
f 953/953 1017/1017 954/954
f 954/954 1017/1017 1018/1018
f 954/954 1018/1018 955/955
f 955/955 1018/1018 1019/1019
f 955/955 1019/1019 956/956
f 956/956 1019/1019 1020/1020
f 956/956 1020/1020 957/957
f 957/957 1020/1020 1021/1021
f 957/957 1021/1021 958/958
f 958/958 1021/1021 1022/1022
f 958/958 1022/1022 959/959
f 959/959 1022/1022 1023/1023
f 959/959 1023/1023 960/960
f 960/960 1023/1023 1024/1024
f 960/960 1024/1024 897/897
f 897/897 1024/1024 961/961
f 961/961 1025/1025 962/962
f 962/962 1025/1025 1026/1026
f 962/962 1026/1026 963/963
f 963/963 1026/1026 1027/1027
f 963/963 1027/1027 964/964
f 964/964 1027/1027 1028/1028
f 964/964 1028/1028 965/965
f 965/965 1028/1028 1029/1029
f 965/965 1029/1029 966/966
f 966/966 1029/1029 1030/1030
f 966/966 1030/1030 967/967
f 967/967 1030/1030 1031/1031
f 967/967 1031/1031 968/968
f 968/968 1031/1031 1032/1032
f 968/968 1032/1032 969/969
f 969/969 1032/1032 1033/1033
f 969/969 1033/1033 970/970
f 970/970 1033/1033 1034/1034
f 970/970 1034/1034 971/971
f 971/971 1034/1034 1035/1035
f 971/971 1035/1035 972/972
f 972/972 1035/1035 1036/1036
f 972/972 1036/1036 973/973
f 973/973 1036/1036 1037/1037
f 973/973 1037/1037 974/974
f 974/974 1037/1037 1038/1038
f 974/974 1038/1038 975/975
f 975/975 1038/1038 1039/1039
f 975/975 1039/1039 976/976
f 976/976 1039/1039 1040/1040
f 976/976 1040/1040 977/977
f 977/977 1040/1040 1041/1041
f 977/977 1041/1041 978/978
f 978/978 1041/1041 1042/1042
f 978/978 1042/1042 979/979
f 979/979 1042/1042 1043/1043
f 979/979 1043/1043 980/980
f 980/980 1043/1043 1044/1044
f 980/980 1044/1044 981/981
f 981/981 1044/1044 1045/1045
f 981/981 1045/1045 982/982
f 982/982 1045/1045 1046/1046
f 982/982 1046/1046 983/983
f 983/983 1046/1046 1047/1047
f 983/983 1047/1047 984/984
f 984/984 1047/1047 1048/1048
f 984/984 1048/1048 985/985
f 985/985 1048/1048 1049/1049
f 985/985 1049/1049 986/986
f 986/986 1049/1049 1050/1050
f 986/986 1050/1050 987/987
f 987/987 1050/1050 1051/1051
f 987/987 1051/1051 988/988
f 988/988 1051/1051 1052/1052
f 988/988 1052/1052 989/989
f 989/989 1052/1052 1053/1053
f 989/989 1053/1053 990/990
f 990/990 1053/1053 1054/1054
f 990/990 1054/1054 991/991
f 991/991 1054/1054 1055/1055
f 991/991 1055/1055 992/992
f 992/992 1055/1055 1056/1056
f 992/992 1056/1056 993/993
f 993/993 1056/1056 1057/1057
f 993/993 1057/1057 994/994
f 994/994 1057/1057 1058/1058
f 994/994 1058/1058 995/995
f 995/995 1058/1058 1059/1059
f 995/995 1059/1059 996/996
f 996/996 1059/1059 1060/1060
f 996/996 1060/1060 997/997
f 997/997 1060/1060 1061/1061
f 997/997 1061/1061 998/998
f 998/998 1061/1061 1062/1062
f 998/998 1062/1062 999/999
f 999/999 1062/1062 1063/1063
f 999/999 1063/1063 1000/1000
f 1000/1000 1063/1063 1064/1064
f 1000/1000 1064/1064 1001/1001
f 1001/1001 1064/1064 1065/1065
f 1001/1001 1065/1065 1002/1002
f 1002/1002 1065/1065 1066/1066
f 1002/1002 1066/1066 1003/1003
f 1003/1003 1066/1066 1067/1067
f 1003/1003 1067/1067 1004/1004
f 1004/1004 1067/1067 1068/1068
f 1004/1004 1068/1068 1005/1005
f 1005/1005 1068/1068 1069/1069
f 1005/1005 1069/1069 1006/1006
f 1006/1006 1069/1069 1070/1070
f 1006/1006 1070/1070 1007/1007
f 1007/1007 1070/1070 1071/1071
f 1007/1007 1071/1071 1008/1008
f 1008/1008 1071/1071 1072/1072
f 1008/1008 1072/1072 1009/1009
f 1009/1009 1072/1072 1073/1073
f 1009/1009 1073/1073 1010/1010
f 1010/1010 1073/1073 1074/1074
f 1010/1010 1074/1074 1011/1011
f 1011/1011 1074/1074 1075/1075
f 1011/1011 1075/1075 1012/1012
f 1012/1012 1075/1075 1076/1076
f 1012/1012 1076/1076 1013/1013
f 1013/1013 1076/1076 1077/1077
f 1013/1013 1077/1077 1014/1014
f 1014/1014 1077/1077 1078/1078
f 1014/1014 1078/1078 1015/1015
f 1015/1015 1078/1078 1079/1079
f 1015/1015 1079/1079 1016/1016
f 1016/1016 1079/1079 1080/1080
f 1016/1016 1080/1080 1017/1017
f 1017/1017 1080/1080 1081/1081
f 1017/1017 1081/1081 1018/1018
f 1018/1018 1081/1081 1082/1082
f 1018/1018 1082/1082 1019/1019
f 1019/1019 1082/1082 1083/1083
f 1019/1019 1083/1083 1020/1020
f 1020/1020 1083/1083 1084/1084
f 1020/1020 1084/1084 1021/1021
f 1021/1021 1084/1084 1085/1085
f 1021/1021 1085/1085 1022/1022
f 1022/1022 1085/1085 1086/1086
f 1022/1022 1086/1086 1023/1023
f 1023/1023 1086/1086 1087/1087
f 1023/1023 1087/1087 1024/1024
f 1024/1024 1087/1087 1088/1088
f 1024/1024 1088/1088 961/961
f 961/961 1088/1088 1025/1025
f 1025/1025 1089/1089 1026/1026
f 1026/1026 1089/1089 1090/1090
f 1026/1026 1090/1090 1027/1027
f 1027/1027 1090/1090 1091/1091
f 1027/1027 1091/1091 1028/1028
f 1028/1028 1091/1091 1092/1092
f 1028/1028 1092/1092 1029/1029
f 1029/1029 1092/1092 1093/1093
f 1029/1029 1093/1093 1030/1030
f 1030/1030 1093/1093 1094/1094
f 1030/1030 1094/1094 1031/1031
f 1031/1031 1094/1094 1095/1095
f 1031/1031 1095/1095 1032/1032
f 1032/1032 1095/1095 1096/1096
f 1032/1032 1096/1096 1033/1033
f 1033/1033 1096/1096 1097/1097
f 1033/1033 1097/1097 1034/1034
f 1034/1034 1097/1097 1098/1098
f 1034/1034 1098/1098 1035/1035
f 1035/1035 1098/1098 1099/1099
f 1035/1035 1099/1099 1036/1036
f 1036/1036 1099/1099 1100/1100
f 1036/1036 1100/1100 1037/1037
f 1037/1037 1100/1100 1101/1101
f 1037/1037 1101/1101 1038/1038
f 1038/1038 1101/1101 1102/1102
f 1038/1038 1102/1102 1039/1039
f 1039/1039 1102/1102 1103/1103
f 1039/1039 1103/1103 1040/1040
f 1040/1040 1103/1103 1104/1104
f 1040/1040 1104/1104 1041/1041
f 1041/1041 1104/1104 1105/1105
f 1041/1041 1105/1105 1042/1042
f 1042/1042 1105/1105 1106/1106
f 1042/1042 1106/1106 1043/1043
f 1043/1043 1106/1106 1107/1107
f 1043/1043 1107/1107 1044/1044
f 1044/1044 1107/1107 1108/1108
f 1044/1044 1108/1108 1045/1045
f 1045/1045 1108/1108 1109/1109
f 1045/1045 1109/1109 1046/1046
f 1046/1046 1109/1109 1110/1110
f 1046/1046 1110/1110 1047/1047
f 1047/1047 1110/1110 1111/1111
f 1047/1047 1111/1111 1048/1048
f 1048/1048 1111/1111 1112/1112
f 1048/1048 1112/1112 1049/1049
f 1049/1049 1112/1112 1113/1113
f 1049/1049 1113/1113 1050/1050
f 1050/1050 1113/1113 1114/1114
f 1050/1050 1114/1114 1051/1051
f 1051/1051 1114/1114 1115/1115
f 1051/1051 1115/1115 1052/1052
f 1052/1052 1115/1115 1116/1116
f 1052/1052 1116/1116 1053/1053
f 1053/1053 1116/1116 1117/1117
f 1053/1053 1117/1117 1054/1054
f 1054/1054 1117/1117 1118/1118
f 1054/1054 1118/1118 1055/1055
f 1055/1055 1118/1118 1119/1119
f 1055/1055 1119/1119 1056/1056
f 1056/1056 1119/1119 1120/1120
f 1056/1056 1120/1120 1057/1057
f 1057/1057 1120/1120 1121/1121
f 1057/1057 1121/1121 1058/1058
f 1058/1058 1121/1121 1122/1122
f 1058/1058 1122/1122 1059/1059
f 1059/1059 1122/1122 1123/1123
f 1059/1059 1123/1123 1060/1060
f 1060/1060 1123/1123 1124/1124
f 1060/1060 1124/1124 1061/1061
f 1061/1061 1124/1124 1125/1125
f 1061/1061 1125/1125 1062/1062
f 1062/1062 1125/1125 1126/1126
f 1062/1062 1126/1126 1063/1063
f 1063/1063 1126/1126 1127/1127
f 1063/1063 1127/1127 1064/1064
f 1064/1064 1127/1127 1128/1128
f 1064/1064 1128/1128 1065/1065
f 1065/1065 1128/1128 1129/1129
f 1065/1065 1129/1129 1066/1066
f 1066/1066 1129/1129 1130/1130
f 1066/1066 1130/1130 1067/1067
f 1067/1067 1130/1130 1131/1131
f 1067/1067 1131/1131 1068/1068
f 1068/1068 1131/1131 1132/1132
f 1068/1068 1132/1132 1069/1069
f 1069/1069 1132/1132 1133/1133
f 1069/1069 1133/1133 1070/1070
f 1070/1070 1133/1133 1134/1134
f 1070/1070 1134/1134 1071/1071
f 1071/1071 1134/1134 1135/1135
f 1071/1071 1135/1135 1072/1072
f 1072/1072 1135/1135 1136/1136
f 1072/1072 1136/1136 1073/1073
f 1073/1073 1136/1136 1137/1137
f 1073/1073 1137/1137 1074/1074
f 1074/1074 1137/1137 1138/1138
f 1074/1074 1138/1138 1075/1075
f 1075/1075 1138/1138 1139/1139
f 1075/1075 1139/1139 1076/1076
f 1076/1076 1139/1139 1140/1140
f 1076/1076 1140/1140 1077/1077
f 1077/1077 1140/1140 1141/1141
f 1077/1077 1141/1141 1078/1078
f 1078/1078 1141/1141 1142/1142
f 1078/1078 1142/1142 1079/1079
f 1079/1079 1142/1142 1143/1143
f 1079/1079 1143/1143 1080/1080
f 1080/1080 1143/1143 1144/1144
f 1080/1080 1144/1144 1081/1081
f 1081/1081 1144/1144 1145/1145
f 1081/1081 1145/1145 1082/1082
f 1082/1082 1145/1145 1146/1146
f 1082/1082 1146/1146 1083/1083
f 1083/1083 1146/1146 1147/1147
f 1083/1083 1147/1147 1084/1084
f 1084/1084 1147/1147 1148/1148
f 1084/1084 1148/1148 1085/1085
f 1085/1085 1148/1148 1149/1149
f 1085/1085 1149/1149 1086/1086
f 1086/1086 1149/1149 1150/1150
f 1086/1086 1150/1150 1087/1087
f 1087/1087 1150/1150 1151/1151
f 1087/1087 1151/1151 1088/1088
f 1088/1088 1151/1151 1152/1152
f 1088/1088 1152/1152 1025/1025
f 1025/1025 1152/1152 1089/1089
f 1089/1089 1153/1153 1090/1090
f 1090/1090 1153/1153 1154/1154
f 1090/1090 1154/1154 1091/1091
f 1091/1091 1154/1154 1155/1155
f 1091/1091 1155/1155 1092/1092
f 1092/1092 1155/1155 1156/1156
f 1092/1092 1156/1156 1093/1093
f 1093/1093 1156/1156 1157/1157
f 1093/1093 1157/1157 1094/1094
f 1094/1094 1157/1157 1158/1158
f 1094/1094 1158/1158 1095/1095
f 1095/1095 1158/1158 1159/1159
f 1095/1095 1159/1159 1096/1096
f 1096/1096 1159/1159 1160/1160
f 1096/1096 1160/1160 1097/1097
f 1097/1097 1160/1160 1161/1161
f 1097/1097 1161/1161 1098/1098
f 1098/1098 1161/1161 1162/1162
f 1098/1098 1162/1162 1099/1099
f 1099/1099 1162/1162 1163/1163
f 1099/1099 1163/1163 1100/1100
f 1100/1100 1163/1163 1164/1164
f 1100/1100 1164/1164 1101/1101
f 1101/1101 1164/1164 1165/1165
f 1101/1101 1165/1165 1102/1102
f 1102/1102 1165/1165 1166/1166
f 1102/1102 1166/1166 1103/1103
f 1103/1103 1166/1166 1167/1167
f 1103/1103 1167/1167 1104/1104
f 1104/1104 1167/1167 1168/1168
f 1104/1104 1168/1168 1105/1105
f 1105/1105 1168/1168 1169/1169
f 1105/1105 1169/1169 1106/1106
f 1106/1106 1169/1169 1170/1170
f 1106/1106 1170/1170 1107/1107
f 1107/1107 1170/1170 1171/1171
f 1107/1107 1171/1171 1108/1108
f 1108/1108 1171/1171 1172/1172
f 1108/1108 1172/1172 1109/1109
f 1109/1109 1172/1172 1173/1173
f 1109/1109 1173/1173 1110/1110
f 1110/1110 1173/1173 1174/1174
f 1110/1110 1174/1174 1111/1111
f 1111/1111 1174/1174 1175/1175
f 1111/1111 1175/1175 1112/1112
f 1112/1112 1175/1175 1176/1176
f 1112/1112 1176/1176 1113/1113
f 1113/1113 1176/1176 1177/1177
f 1113/1113 1177/1177 1114/1114
f 1114/1114 1177/1177 1178/1178
f 1114/1114 1178/1178 1115/1115
f 1115/1115 1178/1178 1179/1179
f 1115/1115 1179/1179 1116/1116
f 1116/1116 1179/1179 1180/1180
f 1116/1116 1180/1180 1117/1117
f 1117/1117 1180/1180 1181/1181
f 1117/1117 1181/1181 1118/1118
f 1118/1118 1181/1181 1182/1182
f 1118/1118 1182/1182 1119/1119
f 1119/1119 1182/1182 1183/1183
f 1119/1119 1183/1183 1120/1120
f 1120/1120 1183/1183 1184/1184
f 1120/1120 1184/1184 1121/1121
f 1121/1121 1184/1184 1185/1185
f 1121/1121 1185/1185 1122/1122
f 1122/1122 1185/1185 1186/1186
f 1122/1122 1186/1186 1123/1123
f 1123/1123 1186/1186 1187/1187
f 1123/1123 1187/1187 1124/1124
f 1124/1124 1187/1187 1188/1188
f 1124/1124 1188/1188 1125/1125
f 1125/1125 1188/1188 1189/1189
f 1125/1125 1189/1189 1126/1126
f 1126/1126 1189/1189 1190/1190
f 1126/1126 1190/1190 1127/1127
f 1127/1127 1190/1190 1191/1191
f 1127/1127 1191/1191 1128/1128
f 1128/1128 1191/1191 1192/1192
f 1128/1128 1192/1192 1129/1129
f 1129/1129 1192/1192 1193/1193
f 1129/1129 1193/1193 1130/1130
f 1130/1130 1193/1193 1194/1194
f 1130/1130 1194/1194 1131/1131
f 1131/1131 1194/1194 1195/1195
f 1131/1131 1195/1195 1132/1132
f 1132/1132 1195/1195 1196/1196
f 1132/1132 1196/1196 1133/1133
f 1133/1133 1196/1196 1197/1197
f 1133/1133 1197/1197 1134/1134
f 1134/1134 1197/1197 1198/1198
f 1134/1134 1198/1198 1135/1135
f 1135/1135 1198/1198 1199/1199
f 1135/1135 1199/1199 1136/1136
f 1136/1136 1199/1199 1200/1200
f 1136/1136 1200/1200 1137/1137
f 1137/1137 1200/1200 1201/1201
f 1137/1137 1201/1201 1138/1138
f 1138/1138 1201/1201 1202/1202
f 1138/1138 1202/1202 1139/1139
f 1139/1139 1202/1202 1203/1203
f 1139/1139 1203/1203 1140/1140
f 1140/1140 1203/1203 1204/1204
f 1140/1140 1204/1204 1141/1141
f 1141/1141 1204/1204 1205/1205
f 1141/1141 1205/1205 1142/1142
f 1142/1142 1205/1205 1206/1206
f 1142/1142 1206/1206 1143/1143
f 1143/1143 1206/1206 1207/1207
f 1143/1143 1207/1207 1144/1144
f 1144/1144 1207/1207 1208/1208
f 1144/1144 1208/1208 1145/1145
f 1145/1145 1208/1208 1209/1209
f 1145/1145 1209/1209 1146/1146
f 1146/1146 1209/1209 1210/1210
f 1146/1146 1210/1210 1147/1147
f 1147/1147 1210/1210 1211/1211
f 1147/1147 1211/1211 1148/1148
f 1148/1148 1211/1211 1212/1212
f 1148/1148 1212/1212 1149/1149
f 1149/1149 1212/1212 1213/1213
f 1149/1149 1213/1213 1150/1150
f 1150/1150 1213/1213 1214/1214
f 1150/1150 1214/1214 1151/1151
f 1151/1151 1214/1214 1215/1215
f 1151/1151 1215/1215 1152/1152
f 1152/1152 1215/1215 1216/1216
f 1152/1152 1216/1216 1089/1089
f 1089/1089 1216/1216 1153/1153
f 1153/1153 1217/1217 1154/1154
f 1154/1154 1217/1217 1218/1218
f 1154/1154 1218/1218 1155/1155
f 1155/1155 1218/1218 1219/1219
f 1155/1155 1219/1219 1156/1156
f 1156/1156 1219/1219 1220/1220
f 1156/1156 1220/1220 1157/1157
f 1157/1157 1220/1220 1221/1221
f 1157/1157 1221/1221 1158/1158
f 1158/1158 1221/1221 1222/1222
f 1158/1158 1222/1222 1159/1159
f 1159/1159 1222/1222 1223/1223
f 1159/1159 1223/1223 1160/1160
f 1160/1160 1223/1223 1224/1224
f 1160/1160 1224/1224 1161/1161
f 1161/1161 1224/1224 1225/1225
f 1161/1161 1225/1225 1162/1162
f 1162/1162 1225/1225 1226/1226
f 1162/1162 1226/1226 1163/1163
f 1163/1163 1226/1226 1227/1227
f 1163/1163 1227/1227 1164/1164
f 1164/1164 1227/1227 1228/1228
f 1164/1164 1228/1228 1165/1165
f 1165/1165 1228/1228 1229/1229
f 1165/1165 1229/1229 1166/1166
f 1166/1166 1229/1229 1230/1230
f 1166/1166 1230/1230 1167/1167
f 1167/1167 1230/1230 1231/1231
f 1167/1167 1231/1231 1168/1168
f 1168/1168 1231/1231 1232/1232
f 1168/1168 1232/1232 1169/1169
f 1169/1169 1232/1232 1233/1233
f 1169/1169 1233/1233 1170/1170
f 1170/1170 1233/1233 1234/1234
f 1170/1170 1234/1234 1171/1171
f 1171/1171 1234/1234 1235/1235
f 1171/1171 1235/1235 1172/1172
f 1172/1172 1235/1235 1236/1236
f 1172/1172 1236/1236 1173/1173
f 1173/1173 1236/1236 1237/1237
f 1173/1173 1237/1237 1174/1174
f 1174/1174 1237/1237 1238/1238
f 1174/1174 1238/1238 1175/1175
f 1175/1175 1238/1238 1239/1239
f 1175/1175 1239/1239 1176/1176
f 1176/1176 1239/1239 1240/1240
f 1176/1176 1240/1240 1177/1177
f 1177/1177 1240/1240 1241/1241
f 1177/1177 1241/1241 1178/1178
f 1178/1178 1241/1241 1242/1242
f 1178/1178 1242/1242 1179/1179
f 1179/1179 1242/1242 1243/1243
f 1179/1179 1243/1243 1180/1180
f 1180/1180 1243/1243 1244/1244
f 1180/1180 1244/1244 1181/1181
f 1181/1181 1244/1244 1245/1245
f 1181/1181 1245/1245 1182/1182
f 1182/1182 1245/1245 1246/1246
f 1182/1182 1246/1246 1183/1183
f 1183/1183 1246/1246 1247/1247
f 1183/1183 1247/1247 1184/1184
f 1184/1184 1247/1247 1248/1248
f 1184/1184 1248/1248 1185/1185
f 1185/1185 1248/1248 1249/1249
f 1185/1185 1249/1249 1186/1186
f 1186/1186 1249/1249 1250/1250
f 1186/1186 1250/1250 1187/1187
f 1187/1187 1250/1250 1251/1251
f 1187/1187 1251/1251 1188/1188
f 1188/1188 1251/1251 1252/1252
f 1188/1188 1252/1252 1189/1189
f 1189/1189 1252/1252 1253/1253
f 1189/1189 1253/1253 1190/1190
f 1190/1190 1253/1253 1254/1254
f 1190/1190 1254/1254 1191/1191
f 1191/1191 1254/1254 1255/1255
f 1191/1191 1255/1255 1192/1192
f 1192/1192 1255/1255 1256/1256
f 1192/1192 1256/1256 1193/1193
f 1193/1193 1256/1256 1257/1257
f 1193/1193 1257/1257 1194/1194
f 1194/1194 1257/1257 1258/1258
f 1194/1194 1258/1258 1195/1195
f 1195/1195 1258/1258 1259/1259
f 1195/1195 1259/1259 1196/1196
f 1196/1196 1259/1259 1260/1260
f 1196/1196 1260/1260 1197/1197
f 1197/1197 1260/1260 1261/1261
f 1197/1197 1261/1261 1198/1198
f 1198/1198 1261/1261 1262/1262
f 1198/1198 1262/1262 1199/1199
f 1199/1199 1262/1262 1263/1263
f 1199/1199 1263/1263 1200/1200
f 1200/1200 1263/1263 1264/1264
f 1200/1200 1264/1264 1201/1201
f 1201/1201 1264/1264 1265/1265
f 1201/1201 1265/1265 1202/1202
f 1202/1202 1265/1265 1266/1266
f 1202/1202 1266/1266 1203/1203
f 1203/1203 1266/1266 1267/1267
f 1203/1203 1267/1267 1204/1204
f 1204/1204 1267/1267 1268/1268
f 1204/1204 1268/1268 1205/1205
f 1205/1205 1268/1268 1269/1269
f 1205/1205 1269/1269 1206/1206
f 1206/1206 1269/1269 1270/1270
f 1206/1206 1270/1270 1207/1207
f 1207/1207 1270/1270 1271/1271
f 1207/1207 1271/1271 1208/1208
f 1208/1208 1271/1271 1272/1272
f 1208/1208 1272/1272 1209/1209
f 1209/1209 1272/1272 1273/1273
f 1209/1209 1273/1273 1210/1210
f 1210/1210 1273/1273 1274/1274
f 1210/1210 1274/1274 1211/1211
f 1211/1211 1274/1274 1275/1275
f 1211/1211 1275/1275 1212/1212
f 1212/1212 1275/1275 1276/1276
f 1212/1212 1276/1276 1213/1213
f 1213/1213 1276/1276 1277/1277
f 1213/1213 1277/1277 1214/1214
f 1214/1214 1277/1277 1278/1278
f 1214/1214 1278/1278 1215/1215
f 1215/1215 1278/1278 1279/1279
f 1215/1215 1279/1279 1216/1216
f 1216/1216 1279/1279 1280/1280
f 1216/1216 1280/1280 1153/1153
f 1153/1153 1280/1280 1217/1217
f 1217/1217 1281/1281 1218/1218
f 1218/1218 1281/1281 1282/1282
f 1218/1218 1282/1282 1219/1219
f 1219/1219 1282/1282 1283/1283
f 1219/1219 1283/1283 1220/1220
f 1220/1220 1283/1283 1284/1284
f 1220/1220 1284/1284 1221/1221
f 1221/1221 1284/1284 1285/1285
f 1221/1221 1285/1285 1222/1222
f 1222/1222 1285/1285 1286/1286
f 1222/1222 1286/1286 1223/1223
f 1223/1223 1286/1286 1287/1287
f 1223/1223 1287/1287 1224/1224
f 1224/1224 1287/1287 1288/1288
f 1224/1224 1288/1288 1225/1225
f 1225/1225 1288/1288 1289/1289
f 1225/1225 1289/1289 1226/1226
f 1226/1226 1289/1289 1290/1290
f 1226/1226 1290/1290 1227/1227
f 1227/1227 1290/1290 1291/1291
f 1227/1227 1291/1291 1228/1228
f 1228/1228 1291/1291 1292/1292
f 1228/1228 1292/1292 1229/1229
f 1229/1229 1292/1292 1293/1293
f 1229/1229 1293/1293 1230/1230
f 1230/1230 1293/1293 1294/1294
f 1230/1230 1294/1294 1231/1231
f 1231/1231 1294/1294 1295/1295
f 1231/1231 1295/1295 1232/1232
f 1232/1232 1295/1295 1296/1296
f 1232/1232 1296/1296 1233/1233
f 1233/1233 1296/1296 1297/1297
f 1233/1233 1297/1297 1234/1234
f 1234/1234 1297/1297 1298/1298
f 1234/1234 1298/1298 1235/1235
f 1235/1235 1298/1298 1299/1299
f 1235/1235 1299/1299 1236/1236
f 1236/1236 1299/1299 1300/1300
f 1236/1236 1300/1300 1237/1237
f 1237/1237 1300/1300 1301/1301
f 1237/1237 1301/1301 1238/1238
f 1238/1238 1301/1301 1302/1302
f 1238/1238 1302/1302 1239/1239
f 1239/1239 1302/1302 1303/1303
f 1239/1239 1303/1303 1240/1240
f 1240/1240 1303/1303 1304/1304
f 1240/1240 1304/1304 1241/1241
f 1241/1241 1304/1304 1305/1305
f 1241/1241 1305/1305 1242/1242
f 1242/1242 1305/1305 1306/1306
f 1242/1242 1306/1306 1243/1243
f 1243/1243 1306/1306 1307/1307
f 1243/1243 1307/1307 1244/1244
f 1244/1244 1307/1307 1308/1308
f 1244/1244 1308/1308 1245/1245
f 1245/1245 1308/1308 1309/1309
f 1245/1245 1309/1309 1246/1246
f 1246/1246 1309/1309 1310/1310
f 1246/1246 1310/1310 1247/1247
f 1247/1247 1310/1310 1311/1311
f 1247/1247 1311/1311 1248/1248
f 1248/1248 1311/1311 1312/1312
f 1248/1248 1312/1312 1249/1249
f 1249/1249 1312/1312 1313/1313
f 1249/1249 1313/1313 1250/1250
f 1250/1250 1313/1313 1314/1314
f 1250/1250 1314/1314 1251/1251
f 1251/1251 1314/1314 1315/1315
f 1251/1251 1315/1315 1252/1252
f 1252/1252 1315/1315 1316/1316
f 1252/1252 1316/1316 1253/1253
f 1253/1253 1316/1316 1317/1317
f 1253/1253 1317/1317 1254/1254
f 1254/1254 1317/1317 1318/1318
f 1254/1254 1318/1318 1255/1255
f 1255/1255 1318/1318 1319/1319
f 1255/1255 1319/1319 1256/1256
f 1256/1256 1319/1319 1320/1320
f 1256/1256 1320/1320 1257/1257
f 1257/1257 1320/1320 1321/1321
f 1257/1257 1321/1321 1258/1258
f 1258/1258 1321/1321 1322/1322
f 1258/1258 1322/1322 1259/1259
f 1259/1259 1322/1322 1323/1323
f 1259/1259 1323/1323 1260/1260
f 1260/1260 1323/1323 1324/1324
f 1260/1260 1324/1324 1261/1261
f 1261/1261 1324/1324 1325/1325
f 1261/1261 1325/1325 1262/1262
f 1262/1262 1325/1325 1326/1326
f 1262/1262 1326/1326 1263/1263
f 1263/1263 1326/1326 1327/1327
f 1263/1263 1327/1327 1264/1264
f 1264/1264 1327/1327 1328/1328
f 1264/1264 1328/1328 1265/1265
f 1265/1265 1328/1328 1329/1329
f 1265/1265 1329/1329 1266/1266
f 1266/1266 1329/1329 1330/1330
f 1266/1266 1330/1330 1267/1267
f 1267/1267 1330/1330 1331/1331
f 1267/1267 1331/1331 1268/1268
f 1268/1268 1331/1331 1332/1332
f 1268/1268 1332/1332 1269/1269
f 1269/1269 1332/1332 1333/1333
f 1269/1269 1333/1333 1270/1270
f 1270/1270 1333/1333 1334/1334
f 1270/1270 1334/1334 1271/1271
f 1271/1271 1334/1334 1335/1335
f 1271/1271 1335/1335 1272/1272
f 1272/1272 1335/1335 1336/1336
f 1272/1272 1336/1336 1273/1273
f 1273/1273 1336/1336 1337/1337
f 1273/1273 1337/1337 1274/1274
f 1274/1274 1337/1337 1338/1338
f 1274/1274 1338/1338 1275/1275
f 1275/1275 1338/1338 1339/1339
f 1275/1275 1339/1339 1276/1276
f 1276/1276 1339/1339 1340/1340
f 1276/1276 1340/1340 1277/1277
f 1277/1277 1340/1340 1341/1341
f 1277/1277 1341/1341 1278/1278
f 1278/1278 1341/1341 1342/1342
f 1278/1278 1342/1342 1279/1279
f 1279/1279 1342/1342 1343/1343
f 1279/1279 1343/1343 1280/1280
f 1280/1280 1343/1343 1344/1344
f 1280/1280 1344/1344 1217/1217
f 1217/1217 1344/1344 1281/1281
f 1281/1281 1345/1345 1282/1282
f 1282/1282 1345/1345 1346/1346
f 1282/1282 1346/1346 1283/1283
f 1283/1283 1346/1346 1347/1347
f 1283/1283 1347/1347 1284/1284
f 1284/1284 1347/1347 1348/1348
f 1284/1284 1348/1348 1285/1285
f 1285/1285 1348/1348 1349/1349
f 1285/1285 1349/1349 1286/1286
f 1286/1286 1349/1349 1350/1350
f 1286/1286 1350/1350 1287/1287
f 1287/1287 1350/1350 1351/1351
f 1287/1287 1351/1351 1288/1288
f 1288/1288 1351/1351 1352/1352
f 1288/1288 1352/1352 1289/1289
f 1289/1289 1352/1352 1353/1353
f 1289/1289 1353/1353 1290/1290
f 1290/1290 1353/1353 1354/1354
f 1290/1290 1354/1354 1291/1291
f 1291/1291 1354/1354 1355/1355
f 1291/1291 1355/1355 1292/1292
f 1292/1292 1355/1355 1356/1356
f 1292/1292 1356/1356 1293/1293
f 1293/1293 1356/1356 1357/1357
f 1293/1293 1357/1357 1294/1294
f 1294/1294 1357/1357 1358/1358
f 1294/1294 1358/1358 1295/1295
f 1295/1295 1358/1358 1359/1359
f 1295/1295 1359/1359 1296/1296
f 1296/1296 1359/1359 1360/1360
f 1296/1296 1360/1360 1297/1297
f 1297/1297 1360/1360 1361/1361
f 1297/1297 1361/1361 1298/1298
f 1298/1298 1361/1361 1362/1362
f 1298/1298 1362/1362 1299/1299
f 1299/1299 1362/1362 1363/1363
f 1299/1299 1363/1363 1300/1300
f 1300/1300 1363/1363 1364/1364
f 1300/1300 1364/1364 1301/1301
f 1301/1301 1364/1364 1365/1365
f 1301/1301 1365/1365 1302/1302
f 1302/1302 1365/1365 1366/1366
f 1302/1302 1366/1366 1303/1303
f 1303/1303 1366/1366 1367/1367
f 1303/1303 1367/1367 1304/1304
f 1304/1304 1367/1367 1368/1368
f 1304/1304 1368/1368 1305/1305
f 1305/1305 1368/1368 1369/1369
f 1305/1305 1369/1369 1306/1306
f 1306/1306 1369/1369 1370/1370
f 1306/1306 1370/1370 1307/1307
f 1307/1307 1370/1370 1371/1371
f 1307/1307 1371/1371 1308/1308
f 1308/1308 1371/1371 1372/1372
f 1308/1308 1372/1372 1309/1309
f 1309/1309 1372/1372 1373/1373
f 1309/1309 1373/1373 1310/1310
f 1310/1310 1373/1373 1374/1374
f 1310/1310 1374/1374 1311/1311
f 1311/1311 1374/1374 1375/1375
f 1311/1311 1375/1375 1312/1312
f 1312/1312 1375/1375 1376/1376
f 1312/1312 1376/1376 1313/1313
f 1313/1313 1376/1376 1377/1377
f 1313/1313 1377/1377 1314/1314
f 1314/1314 1377/1377 1378/1378
f 1314/1314 1378/1378 1315/1315
f 1315/1315 1378/1378 1379/1379
f 1315/1315 1379/1379 1316/1316
f 1316/1316 1379/1379 1380/1380
f 1316/1316 1380/1380 1317/1317
f 1317/1317 1380/1380 1381/1381
f 1317/1317 1381/1381 1318/1318
f 1318/1318 1381/1381 1382/1382
f 1318/1318 1382/1382 1319/1319
f 1319/1319 1382/1382 1383/1383
f 1319/1319 1383/1383 1320/1320
f 1320/1320 1383/1383 1384/1384
f 1320/1320 1384/1384 1321/1321
f 1321/1321 1384/1384 1385/1385
f 1321/1321 1385/1385 1322/1322
f 1322/1322 1385/1385 1386/1386
f 1322/1322 1386/1386 1323/1323
f 1323/1323 1386/1386 1387/1387
f 1323/1323 1387/1387 1324/1324
f 1324/1324 1387/1387 1388/1388
f 1324/1324 1388/1388 1325/1325
f 1325/1325 1388/1388 1389/1389
f 1325/1325 1389/1389 1326/1326
f 1326/1326 1389/1389 1390/1390
f 1326/1326 1390/1390 1327/1327
f 1327/1327 1390/1390 1391/1391
f 1327/1327 1391/1391 1328/1328
f 1328/1328 1391/1391 1392/1392
f 1328/1328 1392/1392 1329/1329
f 1329/1329 1392/1392 1393/1393
f 1329/1329 1393/1393 1330/1330
f 1330/1330 1393/1393 1394/1394
f 1330/1330 1394/1394 1331/1331
f 1331/1331 1394/1394 1395/1395
f 1331/1331 1395/1395 1332/1332
f 1332/1332 1395/1395 1396/1396
f 1332/1332 1396/1396 1333/1333
f 1333/1333 1396/1396 1397/1397
f 1333/1333 1397/1397 1334/1334
f 1334/1334 1397/1397 1398/1398
f 1334/1334 1398/1398 1335/1335
f 1335/1335 1398/1398 1399/1399
f 1335/1335 1399/1399 1336/1336
f 1336/1336 1399/1399 1400/1400
f 1336/1336 1400/1400 1337/1337
f 1337/1337 1400/1400 1401/1401
f 1337/1337 1401/1401 1338/1338
f 1338/1338 1401/1401 1402/1402
f 1338/1338 1402/1402 1339/1339
f 1339/1339 1402/1402 1403/1403
f 1339/1339 1403/1403 1340/1340
f 1340/1340 1403/1403 1404/1404
f 1340/1340 1404/1404 1341/1341
f 1341/1341 1404/1404 1405/1405
f 1341/1341 1405/1405 1342/1342
f 1342/1342 1405/1405 1406/1406
f 1342/1342 1406/1406 1343/1343
f 1343/1343 1406/1406 1407/1407
f 1343/1343 1407/1407 1344/1344
f 1344/1344 1407/1407 1408/1408
f 1344/1344 1408/1408 1281/1281
f 1281/1281 1408/1408 1345/1345
f 1345/1345 1409/1409 1346/1346
f 1346/1346 1409/1409 1410/1410
f 1346/1346 1410/1410 1347/1347
f 1347/1347 1410/1410 1411/1411
f 1347/1347 1411/1411 1348/1348
f 1348/1348 1411/1411 1412/1412
f 1348/1348 1412/1412 1349/1349
f 1349/1349 1412/1412 1413/1413
f 1349/1349 1413/1413 1350/1350
f 1350/1350 1413/1413 1414/1414
f 1350/1350 1414/1414 1351/1351
f 1351/1351 1414/1414 1415/1415
f 1351/1351 1415/1415 1352/1352
f 1352/1352 1415/1415 1416/1416
f 1352/1352 1416/1416 1353/1353
f 1353/1353 1416/1416 1417/1417
f 1353/1353 1417/1417 1354/1354
f 1354/1354 1417/1417 1418/1418
f 1354/1354 1418/1418 1355/1355
f 1355/1355 1418/1418 1419/1419
f 1355/1355 1419/1419 1356/1356
f 1356/1356 1419/1419 1420/1420
f 1356/1356 1420/1420 1357/1357
f 1357/1357 1420/1420 1421/1421
f 1357/1357 1421/1421 1358/1358
f 1358/1358 1421/1421 1422/1422
f 1358/1358 1422/1422 1359/1359
f 1359/1359 1422/1422 1423/1423
f 1359/1359 1423/1423 1360/1360
f 1360/1360 1423/1423 1424/1424
f 1360/1360 1424/1424 1361/1361
f 1361/1361 1424/1424 1425/1425
f 1361/1361 1425/1425 1362/1362
f 1362/1362 1425/1425 1426/1426
f 1362/1362 1426/1426 1363/1363
f 1363/1363 1426/1426 1427/1427
f 1363/1363 1427/1427 1364/1364
f 1364/1364 1427/1427 1428/1428
f 1364/1364 1428/1428 1365/1365
f 1365/1365 1428/1428 1429/1429
f 1365/1365 1429/1429 1366/1366
f 1366/1366 1429/1429 1430/1430
f 1366/1366 1430/1430 1367/1367
f 1367/1367 1430/1430 1431/1431
f 1367/1367 1431/1431 1368/1368
f 1368/1368 1431/1431 1432/1432
f 1368/1368 1432/1432 1369/1369
f 1369/1369 1432/1432 1433/1433
f 1369/1369 1433/1433 1370/1370
f 1370/1370 1433/1433 1434/1434
f 1370/1370 1434/1434 1371/1371
f 1371/1371 1434/1434 1435/1435
f 1371/1371 1435/1435 1372/1372
f 1372/1372 1435/1435 1436/1436
f 1372/1372 1436/1436 1373/1373
f 1373/1373 1436/1436 1437/1437
f 1373/1373 1437/1437 1374/1374
f 1374/1374 1437/1437 1438/1438
f 1374/1374 1438/1438 1375/1375
f 1375/1375 1438/1438 1439/1439
f 1375/1375 1439/1439 1376/1376
f 1376/1376 1439/1439 1440/1440
f 1376/1376 1440/1440 1377/1377
f 1377/1377 1440/1440 1441/1441
f 1377/1377 1441/1441 1378/1378
f 1378/1378 1441/1441 1442/1442
f 1378/1378 1442/1442 1379/1379
f 1379/1379 1442/1442 1443/1443
f 1379/1379 1443/1443 1380/1380
f 1380/1380 1443/1443 1444/1444
f 1380/1380 1444/1444 1381/1381
f 1381/1381 1444/1444 1445/1445
f 1381/1381 1445/1445 1382/1382
f 1382/1382 1445/1445 1446/1446
f 1382/1382 1446/1446 1383/1383
f 1383/1383 1446/1446 1447/1447
f 1383/1383 1447/1447 1384/1384
f 1384/1384 1447/1447 1448/1448
f 1384/1384 1448/1448 1385/1385
f 1385/1385 1448/1448 1449/1449
f 1385/1385 1449/1449 1386/1386
f 1386/1386 1449/1449 1450/1450
f 1386/1386 1450/1450 1387/1387
f 1387/1387 1450/1450 1451/1451
f 1387/1387 1451/1451 1388/1388
f 1388/1388 1451/1451 1452/1452
f 1388/1388 1452/1452 1389/1389
f 1389/1389 1452/1452 1453/1453
f 1389/1389 1453/1453 1390/1390
f 1390/1390 1453/1453 1454/1454
f 1390/1390 1454/1454 1391/1391
f 1391/1391 1454/1454 1455/1455
f 1391/1391 1455/1455 1392/1392
f 1392/1392 1455/1455 1456/1456
f 1392/1392 1456/1456 1393/1393
f 1393/1393 1456/1456 1457/1457
f 1393/1393 1457/1457 1394/1394
f 1394/1394 1457/1457 1458/1458
f 1394/1394 1458/1458 1395/1395
f 1395/1395 1458/1458 1459/1459
f 1395/1395 1459/1459 1396/1396
f 1396/1396 1459/1459 1460/1460
f 1396/1396 1460/1460 1397/1397
f 1397/1397 1460/1460 1461/1461
f 1397/1397 1461/1461 1398/1398
f 1398/1398 1461/1461 1462/1462
f 1398/1398 1462/1462 1399/1399
f 1399/1399 1462/1462 1463/1463
f 1399/1399 1463/1463 1400/1400
f 1400/1400 1463/1463 1464/1464
f 1400/1400 1464/1464 1401/1401
f 1401/1401 1464/1464 1465/1465
f 1401/1401 1465/1465 1402/1402
f 1402/1402 1465/1465 1466/1466
f 1402/1402 1466/1466 1403/1403
f 1403/1403 1466/1466 1467/1467
f 1403/1403 1467/1467 1404/1404
f 1404/1404 1467/1467 1468/1468
f 1404/1404 1468/1468 1405/1405
f 1405/1405 1468/1468 1469/1469
f 1405/1405 1469/1469 1406/1406
f 1406/1406 1469/1469 1470/1470
f 1406/1406 1470/1470 1407/1407
f 1407/1407 1470/1470 1471/1471
f 1407/1407 1471/1471 1408/1408
f 1408/1408 1471/1471 1472/1472
f 1408/1408 1472/1472 1345/1345
f 1345/1345 1472/1472 1409/1409
f 1409/1409 1473/1473 1410/1410
f 1410/1410 1473/1473 1474/1474
f 1410/1410 1474/1474 1411/1411
f 1411/1411 1474/1474 1475/1475
f 1411/1411 1475/1475 1412/1412
f 1412/1412 1475/1475 1476/1476
f 1412/1412 1476/1476 1413/1413
f 1413/1413 1476/1476 1477/1477
f 1413/1413 1477/1477 1414/1414
f 1414/1414 1477/1477 1478/1478
f 1414/1414 1478/1478 1415/1415
f 1415/1415 1478/1478 1479/1479
f 1415/1415 1479/1479 1416/1416
f 1416/1416 1479/1479 1480/1480
f 1416/1416 1480/1480 1417/1417
f 1417/1417 1480/1480 1481/1481
f 1417/1417 1481/1481 1418/1418
f 1418/1418 1481/1481 1482/1482
f 1418/1418 1482/1482 1419/1419
f 1419/1419 1482/1482 1483/1483
f 1419/1419 1483/1483 1420/1420
f 1420/1420 1483/1483 1484/1484
f 1420/1420 1484/1484 1421/1421
f 1421/1421 1484/1484 1485/1485
f 1421/1421 1485/1485 1422/1422
f 1422/1422 1485/1485 1486/1486
f 1422/1422 1486/1486 1423/1423
f 1423/1423 1486/1486 1487/1487
f 1423/1423 1487/1487 1424/1424
f 1424/1424 1487/1487 1488/1488
f 1424/1424 1488/1488 1425/1425
f 1425/1425 1488/1488 1489/1489
f 1425/1425 1489/1489 1426/1426
f 1426/1426 1489/1489 1490/1490
f 1426/1426 1490/1490 1427/1427
f 1427/1427 1490/1490 1491/1491
f 1427/1427 1491/1491 1428/1428
f 1428/1428 1491/1491 1492/1492
f 1428/1428 1492/1492 1429/1429
f 1429/1429 1492/1492 1493/1493
f 1429/1429 1493/1493 1430/1430
f 1430/1430 1493/1493 1494/1494
f 1430/1430 1494/1494 1431/1431
f 1431/1431 1494/1494 1495/1495
f 1431/1431 1495/1495 1432/1432
f 1432/1432 1495/1495 1496/1496
f 1432/1432 1496/1496 1433/1433
f 1433/1433 1496/1496 1497/1497
f 1433/1433 1497/1497 1434/1434
f 1434/1434 1497/1497 1498/1498
f 1434/1434 1498/1498 1435/1435
f 1435/1435 1498/1498 1499/1499
f 1435/1435 1499/1499 1436/1436
f 1436/1436 1499/1499 1500/1500
f 1436/1436 1500/1500 1437/1437
f 1437/1437 1500/1500 1501/1501
f 1437/1437 1501/1501 1438/1438
f 1438/1438 1501/1501 1502/1502
f 1438/1438 1502/1502 1439/1439
f 1439/1439 1502/1502 1503/1503
f 1439/1439 1503/1503 1440/1440
f 1440/1440 1503/1503 1504/1504
f 1440/1440 1504/1504 1441/1441
f 1441/1441 1504/1504 1505/1505
f 1441/1441 1505/1505 1442/1442
f 1442/1442 1505/1505 1506/1506
f 1442/1442 1506/1506 1443/1443
f 1443/1443 1506/1506 1507/1507
f 1443/1443 1507/1507 1444/1444
f 1444/1444 1507/1507 1508/1508
f 1444/1444 1508/1508 1445/1445
f 1445/1445 1508/1508 1509/1509
f 1445/1445 1509/1509 1446/1446
f 1446/1446 1509/1509 1510/1510
f 1446/1446 1510/1510 1447/1447
f 1447/1447 1510/1510 1511/1511
f 1447/1447 1511/1511 1448/1448
f 1448/1448 1511/1511 1512/1512
f 1448/1448 1512/1512 1449/1449
f 1449/1449 1512/1512 1513/1513
f 1449/1449 1513/1513 1450/1450
f 1450/1450 1513/1513 1514/1514
f 1450/1450 1514/1514 1451/1451
f 1451/1451 1514/1514 1515/1515
f 1451/1451 1515/1515 1452/1452
f 1452/1452 1515/1515 1516/1516
f 1452/1452 1516/1516 1453/1453
f 1453/1453 1516/1516 1517/1517
f 1453/1453 1517/1517 1454/1454
f 1454/1454 1517/1517 1518/1518
f 1454/1454 1518/1518 1455/1455
f 1455/1455 1518/1518 1519/1519
f 1455/1455 1519/1519 1456/1456
f 1456/1456 1519/1519 1520/1520
f 1456/1456 1520/1520 1457/1457
f 1457/1457 1520/1520 1521/1521
f 1457/1457 1521/1521 1458/1458
f 1458/1458 1521/1521 1522/1522
f 1458/1458 1522/1522 1459/1459
f 1459/1459 1522/1522 1523/1523
f 1459/1459 1523/1523 1460/1460
f 1460/1460 1523/1523 1524/1524
f 1460/1460 1524/1524 1461/1461
f 1461/1461 1524/1524 1525/1525
f 1461/1461 1525/1525 1462/1462
f 1462/1462 1525/1525 1526/1526
f 1462/1462 1526/1526 1463/1463
f 1463/1463 1526/1526 1527/1527
f 1463/1463 1527/1527 1464/1464
f 1464/1464 1527/1527 1528/1528
f 1464/1464 1528/1528 1465/1465
f 1465/1465 1528/1528 1529/1529
f 1465/1465 1529/1529 1466/1466
f 1466/1466 1529/1529 1530/1530
f 1466/1466 1530/1530 1467/1467
f 1467/1467 1530/1530 1531/1531
f 1467/1467 1531/1531 1468/1468
f 1468/1468 1531/1531 1532/1532
f 1468/1468 1532/1532 1469/1469
f 1469/1469 1532/1532 1533/1533
f 1469/1469 1533/1533 1470/1470
f 1470/1470 1533/1533 1534/1534
f 1470/1470 1534/1534 1471/1471
f 1471/1471 1534/1534 1535/1535
f 1471/1471 1535/1535 1472/1472
f 1472/1472 1535/1535 1536/1536
f 1472/1472 1536/1536 1409/1409
f 1409/1409 1536/1536 1473/1473
f 1473/1473 1537/1537 1474/1474
f 1474/1474 1537/1537 1538/1538
f 1474/1474 1538/1538 1475/1475
f 1475/1475 1538/1538 1539/1539
f 1475/1475 1539/1539 1476/1476
f 1476/1476 1539/1539 1540/1540
f 1476/1476 1540/1540 1477/1477
f 1477/1477 1540/1540 1541/1541
f 1477/1477 1541/1541 1478/1478
f 1478/1478 1541/1541 1542/1542
f 1478/1478 1542/1542 1479/1479
f 1479/1479 1542/1542 1543/1543
f 1479/1479 1543/1543 1480/1480
f 1480/1480 1543/1543 1544/1544
f 1480/1480 1544/1544 1481/1481
f 1481/1481 1544/1544 1545/1545
f 1481/1481 1545/1545 1482/1482
f 1482/1482 1545/1545 1546/1546
f 1482/1482 1546/1546 1483/1483
f 1483/1483 1546/1546 1547/1547
f 1483/1483 1547/1547 1484/1484
f 1484/1484 1547/1547 1548/1548
f 1484/1484 1548/1548 1485/1485
f 1485/1485 1548/1548 1549/1549
f 1485/1485 1549/1549 1486/1486
f 1486/1486 1549/1549 1550/1550
f 1486/1486 1550/1550 1487/1487
f 1487/1487 1550/1550 1551/1551
f 1487/1487 1551/1551 1488/1488
f 1488/1488 1551/1551 1552/1552
f 1488/1488 1552/1552 1489/1489
f 1489/1489 1552/1552 1553/1553
f 1489/1489 1553/1553 1490/1490
f 1490/1490 1553/1553 1554/1554
f 1490/1490 1554/1554 1491/1491
f 1491/1491 1554/1554 1555/1555
f 1491/1491 1555/1555 1492/1492
f 1492/1492 1555/1555 1556/1556
f 1492/1492 1556/1556 1493/1493
f 1493/1493 1556/1556 1557/1557
f 1493/1493 1557/1557 1494/1494
f 1494/1494 1557/1557 1558/1558
f 1494/1494 1558/1558 1495/1495
f 1495/1495 1558/1558 1559/1559
f 1495/1495 1559/1559 1496/1496
f 1496/1496 1559/1559 1560/1560
f 1496/1496 1560/1560 1497/1497
f 1497/1497 1560/1560 1561/1561
f 1497/1497 1561/1561 1498/1498
f 1498/1498 1561/1561 1562/1562
f 1498/1498 1562/1562 1499/1499
f 1499/1499 1562/1562 1563/1563
f 1499/1499 1563/1563 1500/1500
f 1500/1500 1563/1563 1564/1564
f 1500/1500 1564/1564 1501/1501
f 1501/1501 1564/1564 1565/1565
f 1501/1501 1565/1565 1502/1502
f 1502/1502 1565/1565 1566/1566
f 1502/1502 1566/1566 1503/1503
f 1503/1503 1566/1566 1567/1567
f 1503/1503 1567/1567 1504/1504
f 1504/1504 1567/1567 1568/1568
f 1504/1504 1568/1568 1505/1505
f 1505/1505 1568/1568 1569/1569
f 1505/1505 1569/1569 1506/1506
f 1506/1506 1569/1569 1570/1570
f 1506/1506 1570/1570 1507/1507
f 1507/1507 1570/1570 1571/1571
f 1507/1507 1571/1571 1508/1508
f 1508/1508 1571/1571 1572/1572
f 1508/1508 1572/1572 1509/1509
f 1509/1509 1572/1572 1573/1573
f 1509/1509 1573/1573 1510/1510
f 1510/1510 1573/1573 1574/1574
f 1510/1510 1574/1574 1511/1511
f 1511/1511 1574/1574 1575/1575
f 1511/1511 1575/1575 1512/1512
f 1512/1512 1575/1575 1576/1576
f 1512/1512 1576/1576 1513/1513
f 1513/1513 1576/1576 1577/1577
f 1513/1513 1577/1577 1514/1514
f 1514/1514 1577/1577 1578/1578
f 1514/1514 1578/1578 1515/1515
f 1515/1515 1578/1578 1579/1579
f 1515/1515 1579/1579 1516/1516
f 1516/1516 1579/1579 1580/1580
f 1516/1516 1580/1580 1517/1517
f 1517/1517 1580/1580 1581/1581
f 1517/1517 1581/1581 1518/1518
f 1518/1518 1581/1581 1582/1582
f 1518/1518 1582/1582 1519/1519
f 1519/1519 1582/1582 1583/1583
f 1519/1519 1583/1583 1520/1520
f 1520/1520 1583/1583 1584/1584
f 1520/1520 1584/1584 1521/1521
f 1521/1521 1584/1584 1585/1585
f 1521/1521 1585/1585 1522/1522
f 1522/1522 1585/1585 1586/1586
f 1522/1522 1586/1586 1523/1523
f 1523/1523 1586/1586 1587/1587
f 1523/1523 1587/1587 1524/1524
f 1524/1524 1587/1587 1588/1588
f 1524/1524 1588/1588 1525/1525
f 1525/1525 1588/1588 1589/1589
f 1525/1525 1589/1589 1526/1526
f 1526/1526 1589/1589 1590/1590
f 1526/1526 1590/1590 1527/1527
f 1527/1527 1590/1590 1591/1591
f 1527/1527 1591/1591 1528/1528
f 1528/1528 1591/1591 1592/1592
f 1528/1528 1592/1592 1529/1529
f 1529/1529 1592/1592 1593/1593
f 1529/1529 1593/1593 1530/1530
f 1530/1530 1593/1593 1594/1594
f 1530/1530 1594/1594 1531/1531
f 1531/1531 1594/1594 1595/1595
f 1531/1531 1595/1595 1532/1532
f 1532/1532 1595/1595 1596/1596
f 1532/1532 1596/1596 1533/1533
f 1533/1533 1596/1596 1597/1597
f 1533/1533 1597/1597 1534/1534
f 1534/1534 1597/1597 1598/1598
f 1534/1534 1598/1598 1535/1535
f 1535/1535 1598/1598 1599/1599
f 1535/1535 1599/1599 1536/1536
f 1536/1536 1599/1599 1600/1600
f 1536/1536 1600/1600 1473/1473
f 1473/1473 1600/1600 1537/1537
f 1537/1537 1601/1601 1538/1538
f 1538/1538 1601/1601 1602/1602
f 1538/1538 1602/1602 1539/1539
f 1539/1539 1602/1602 1603/1603
f 1539/1539 1603/1603 1540/1540
f 1540/1540 1603/1603 1604/1604
f 1540/1540 1604/1604 1541/1541
f 1541/1541 1604/1604 1605/1605
f 1541/1541 1605/1605 1542/1542
f 1542/1542 1605/1605 1606/1606
f 1542/1542 1606/1606 1543/1543
f 1543/1543 1606/1606 1607/1607
f 1543/1543 1607/1607 1544/1544
f 1544/1544 1607/1607 1608/1608
f 1544/1544 1608/1608 1545/1545
f 1545/1545 1608/1608 1609/1609
f 1545/1545 1609/1609 1546/1546
f 1546/1546 1609/1609 1610/1610
f 1546/1546 1610/1610 1547/1547
f 1547/1547 1610/1610 1611/1611
f 1547/1547 1611/1611 1548/1548
f 1548/1548 1611/1611 1612/1612
f 1548/1548 1612/1612 1549/1549
f 1549/1549 1612/1612 1613/1613
f 1549/1549 1613/1613 1550/1550
f 1550/1550 1613/1613 1614/1614
f 1550/1550 1614/1614 1551/1551
f 1551/1551 1614/1614 1615/1615
f 1551/1551 1615/1615 1552/1552
f 1552/1552 1615/1615 1616/1616
f 1552/1552 1616/1616 1553/1553
f 1553/1553 1616/1616 1617/1617
f 1553/1553 1617/1617 1554/1554
f 1554/1554 1617/1617 1618/1618
f 1554/1554 1618/1618 1555/1555
f 1555/1555 1618/1618 1619/1619
f 1555/1555 1619/1619 1556/1556
f 1556/1556 1619/1619 1620/1620
f 1556/1556 1620/1620 1557/1557
f 1557/1557 1620/1620 1621/1621
f 1557/1557 1621/1621 1558/1558
f 1558/1558 1621/1621 1622/1622
f 1558/1558 1622/1622 1559/1559
f 1559/1559 1622/1622 1623/1623
f 1559/1559 1623/1623 1560/1560
f 1560/1560 1623/1623 1624/1624
f 1560/1560 1624/1624 1561/1561
f 1561/1561 1624/1624 1625/1625
f 1561/1561 1625/1625 1562/1562
f 1562/1562 1625/1625 1626/1626
f 1562/1562 1626/1626 1563/1563
f 1563/1563 1626/1626 1627/1627
f 1563/1563 1627/1627 1564/1564
f 1564/1564 1627/1627 1628/1628
f 1564/1564 1628/1628 1565/1565
f 1565/1565 1628/1628 1629/1629
f 1565/1565 1629/1629 1566/1566
f 1566/1566 1629/1629 1630/1630
f 1566/1566 1630/1630 1567/1567
f 1567/1567 1630/1630 1631/1631
f 1567/1567 1631/1631 1568/1568
f 1568/1568 1631/1631 1632/1632
f 1568/1568 1632/1632 1569/1569
f 1569/1569 1632/1632 1633/1633
f 1569/1569 1633/1633 1570/1570
f 1570/1570 1633/1633 1634/1634
f 1570/1570 1634/1634 1571/1571
f 1571/1571 1634/1634 1635/1635
f 1571/1571 1635/1635 1572/1572
f 1572/1572 1635/1635 1636/1636
f 1572/1572 1636/1636 1573/1573
f 1573/1573 1636/1636 1637/1637
f 1573/1573 1637/1637 1574/1574
f 1574/1574 1637/1637 1638/1638
f 1574/1574 1638/1638 1575/1575
f 1575/1575 1638/1638 1639/1639
f 1575/1575 1639/1639 1576/1576
f 1576/1576 1639/1639 1640/1640
f 1576/1576 1640/1640 1577/1577
f 1577/1577 1640/1640 1641/1641
f 1577/1577 1641/1641 1578/1578
f 1578/1578 1641/1641 1642/1642
f 1578/1578 1642/1642 1579/1579
f 1579/1579 1642/1642 1643/1643
f 1579/1579 1643/1643 1580/1580
f 1580/1580 1643/1643 1644/1644
f 1580/1580 1644/1644 1581/1581
f 1581/1581 1644/1644 1645/1645
f 1581/1581 1645/1645 1582/1582
f 1582/1582 1645/1645 1646/1646
f 1582/1582 1646/1646 1583/1583
f 1583/1583 1646/1646 1647/1647
f 1583/1583 1647/1647 1584/1584
f 1584/1584 1647/1647 1648/1648
f 1584/1584 1648/1648 1585/1585
f 1585/1585 1648/1648 1649/1649
f 1585/1585 1649/1649 1586/1586
f 1586/1586 1649/1649 1650/1650
f 1586/1586 1650/1650 1587/1587
f 1587/1587 1650/1650 1651/1651
f 1587/1587 1651/1651 1588/1588
f 1588/1588 1651/1651 1652/1652
f 1588/1588 1652/1652 1589/1589
f 1589/1589 1652/1652 1653/1653
f 1589/1589 1653/1653 1590/1590
f 1590/1590 1653/1653 1654/1654
f 1590/1590 1654/1654 1591/1591
f 1591/1591 1654/1654 1655/1655
f 1591/1591 1655/1655 1592/1592
f 1592/1592 1655/1655 1656/1656
f 1592/1592 1656/1656 1593/1593
f 1593/1593 1656/1656 1657/1657
f 1593/1593 1657/1657 1594/1594
f 1594/1594 1657/1657 1658/1658
f 1594/1594 1658/1658 1595/1595
f 1595/1595 1658/1658 1659/1659
f 1595/1595 1659/1659 1596/1596
f 1596/1596 1659/1659 1660/1660
f 1596/1596 1660/1660 1597/1597
f 1597/1597 1660/1660 1661/1661
f 1597/1597 1661/1661 1598/1598
f 1598/1598 1661/1661 1662/1662
f 1598/1598 1662/1662 1599/1599
f 1599/1599 1662/1662 1663/1663
f 1599/1599 1663/1663 1600/1600
f 1600/1600 1663/1663 1664/1664
f 1600/1600 1664/1664 1537/1537
f 1537/1537 1664/1664 1601/1601
f 1601/1601 1665/1665 1602/1602
f 1602/1602 1665/1665 1666/1666
f 1602/1602 1666/1666 1603/1603
f 1603/1603 1666/1666 1667/1667
f 1603/1603 1667/1667 1604/1604
f 1604/1604 1667/1667 1668/1668
f 1604/1604 1668/1668 1605/1605
f 1605/1605 1668/1668 1669/1669
f 1605/1605 1669/1669 1606/1606
f 1606/1606 1669/1669 1670/1670
f 1606/1606 1670/1670 1607/1607
f 1607/1607 1670/1670 1671/1671
f 1607/1607 1671/1671 1608/1608
f 1608/1608 1671/1671 1672/1672
f 1608/1608 1672/1672 1609/1609
f 1609/1609 1672/1672 1673/1673
f 1609/1609 1673/1673 1610/1610
f 1610/1610 1673/1673 1674/1674
f 1610/1610 1674/1674 1611/1611
f 1611/1611 1674/1674 1675/1675
f 1611/1611 1675/1675 1612/1612
f 1612/1612 1675/1675 1676/1676
f 1612/1612 1676/1676 1613/1613
f 1613/1613 1676/1676 1677/1677
f 1613/1613 1677/1677 1614/1614
f 1614/1614 1677/1677 1678/1678
f 1614/1614 1678/1678 1615/1615
f 1615/1615 1678/1678 1679/1679
f 1615/1615 1679/1679 1616/1616
f 1616/1616 1679/1679 1680/1680
f 1616/1616 1680/1680 1617/1617
f 1617/1617 1680/1680 1681/1681
f 1617/1617 1681/1681 1618/1618
f 1618/1618 1681/1681 1682/1682
f 1618/1618 1682/1682 1619/1619
f 1619/1619 1682/1682 1683/1683
f 1619/1619 1683/1683 1620/1620
f 1620/1620 1683/1683 1684/1684
f 1620/1620 1684/1684 1621/1621
f 1621/1621 1684/1684 1685/1685
f 1621/1621 1685/1685 1622/1622
f 1622/1622 1685/1685 1686/1686
f 1622/1622 1686/1686 1623/1623
f 1623/1623 1686/1686 1687/1687
f 1623/1623 1687/1687 1624/1624
f 1624/1624 1687/1687 1688/1688
f 1624/1624 1688/1688 1625/1625
f 1625/1625 1688/1688 1689/1689
f 1625/1625 1689/1689 1626/1626
f 1626/1626 1689/1689 1690/1690
f 1626/1626 1690/1690 1627/1627
f 1627/1627 1690/1690 1691/1691
f 1627/1627 1691/1691 1628/1628
f 1628/1628 1691/1691 1692/1692
f 1628/1628 1692/1692 1629/1629
f 1629/1629 1692/1692 1693/1693
f 1629/1629 1693/1693 1630/1630
f 1630/1630 1693/1693 1694/1694
f 1630/1630 1694/1694 1631/1631
f 1631/1631 1694/1694 1695/1695
f 1631/1631 1695/1695 1632/1632
f 1632/1632 1695/1695 1696/1696
f 1632/1632 1696/1696 1633/1633
f 1633/1633 1696/1696 1697/1697
f 1633/1633 1697/1697 1634/1634
f 1634/1634 1697/1697 1698/1698
f 1634/1634 1698/1698 1635/1635
f 1635/1635 1698/1698 1699/1699
f 1635/1635 1699/1699 1636/1636
f 1636/1636 1699/1699 1700/1700
f 1636/1636 1700/1700 1637/1637
f 1637/1637 1700/1700 1701/1701
f 1637/1637 1701/1701 1638/1638
f 1638/1638 1701/1701 1702/1702
f 1638/1638 1702/1702 1639/1639
f 1639/1639 1702/1702 1703/1703
f 1639/1639 1703/1703 1640/1640
f 1640/1640 1703/1703 1704/1704
f 1640/1640 1704/1704 1641/1641
f 1641/1641 1704/1704 1705/1705
f 1641/1641 1705/1705 1642/1642
f 1642/1642 1705/1705 1706/1706
f 1642/1642 1706/1706 1643/1643
f 1643/1643 1706/1706 1707/1707
f 1643/1643 1707/1707 1644/1644
f 1644/1644 1707/1707 1708/1708
f 1644/1644 1708/1708 1645/1645
f 1645/1645 1708/1708 1709/1709
f 1645/1645 1709/1709 1646/1646
f 1646/1646 1709/1709 1710/1710
f 1646/1646 1710/1710 1647/1647
f 1647/1647 1710/1710 1711/1711
f 1647/1647 1711/1711 1648/1648
f 1648/1648 1711/1711 1712/1712
f 1648/1648 1712/1712 1649/1649
f 1649/1649 1712/1712 1713/1713
f 1649/1649 1713/1713 1650/1650
f 1650/1650 1713/1713 1714/1714
f 1650/1650 1714/1714 1651/1651
f 1651/1651 1714/1714 1715/1715
f 1651/1651 1715/1715 1652/1652
f 1652/1652 1715/1715 1716/1716
f 1652/1652 1716/1716 1653/1653
f 1653/1653 1716/1716 1717/1717
f 1653/1653 1717/1717 1654/1654
f 1654/1654 1717/1717 1718/1718
f 1654/1654 1718/1718 1655/1655
f 1655/1655 1718/1718 1719/1719
f 1655/1655 1719/1719 1656/1656
f 1656/1656 1719/1719 1720/1720
f 1656/1656 1720/1720 1657/1657
f 1657/1657 1720/1720 1721/1721
f 1657/1657 1721/1721 1658/1658
f 1658/1658 1721/1721 1722/1722
f 1658/1658 1722/1722 1659/1659
f 1659/1659 1722/1722 1723/1723
f 1659/1659 1723/1723 1660/1660
f 1660/1660 1723/1723 1724/1724
f 1660/1660 1724/1724 1661/1661
f 1661/1661 1724/1724 1725/1725
f 1661/1661 1725/1725 1662/1662
f 1662/1662 1725/1725 1726/1726
f 1662/1662 1726/1726 1663/1663
f 1663/1663 1726/1726 1727/1727
f 1663/1663 1727/1727 1664/1664
f 1664/1664 1727/1727 1728/1728
f 1664/1664 1728/1728 1601/1601
f 1601/1601 1728/1728 1665/1665
f 1665/1665 1729/1729 1666/1666
f 1666/1666 1729/1729 1730/1730
f 1666/1666 1730/1730 1667/1667
f 1667/1667 1730/1730 1731/1731
f 1667/1667 1731/1731 1668/1668
f 1668/1668 1731/1731 1732/1732
f 1668/1668 1732/1732 1669/1669
f 1669/1669 1732/1732 1733/1733
f 1669/1669 1733/1733 1670/1670
f 1670/1670 1733/1733 1734/1734
f 1670/1670 1734/1734 1671/1671
f 1671/1671 1734/1734 1735/1735
f 1671/1671 1735/1735 1672/1672
f 1672/1672 1735/1735 1736/1736
f 1672/1672 1736/1736 1673/1673
f 1673/1673 1736/1736 1737/1737
f 1673/1673 1737/1737 1674/1674
f 1674/1674 1737/1737 1738/1738
f 1674/1674 1738/1738 1675/1675
f 1675/1675 1738/1738 1739/1739
f 1675/1675 1739/1739 1676/1676
f 1676/1676 1739/1739 1740/1740
f 1676/1676 1740/1740 1677/1677
f 1677/1677 1740/1740 1741/1741
f 1677/1677 1741/1741 1678/1678
f 1678/1678 1741/1741 1742/1742
f 1678/1678 1742/1742 1679/1679
f 1679/1679 1742/1742 1743/1743
f 1679/1679 1743/1743 1680/1680
f 1680/1680 1743/1743 1744/1744
f 1680/1680 1744/1744 1681/1681
f 1681/1681 1744/1744 1745/1745
f 1681/1681 1745/1745 1682/1682
f 1682/1682 1745/1745 1746/1746
f 1682/1682 1746/1746 1683/1683
f 1683/1683 1746/1746 1747/1747
f 1683/1683 1747/1747 1684/1684
f 1684/1684 1747/1747 1748/1748
f 1684/1684 1748/1748 1685/1685
f 1685/1685 1748/1748 1749/1749
f 1685/1685 1749/1749 1686/1686
f 1686/1686 1749/1749 1750/1750
f 1686/1686 1750/1750 1687/1687
f 1687/1687 1750/1750 1751/1751
f 1687/1687 1751/1751 1688/1688
f 1688/1688 1751/1751 1752/1752
f 1688/1688 1752/1752 1689/1689
f 1689/1689 1752/1752 1753/1753
f 1689/1689 1753/1753 1690/1690
f 1690/1690 1753/1753 1754/1754
f 1690/1690 1754/1754 1691/1691
f 1691/1691 1754/1754 1755/1755
f 1691/1691 1755/1755 1692/1692
f 1692/1692 1755/1755 1756/1756
f 1692/1692 1756/1756 1693/1693
f 1693/1693 1756/1756 1757/1757
f 1693/1693 1757/1757 1694/1694
f 1694/1694 1757/1757 1758/1758
f 1694/1694 1758/1758 1695/1695
f 1695/1695 1758/1758 1759/1759
f 1695/1695 1759/1759 1696/1696
f 1696/1696 1759/1759 1760/1760
f 1696/1696 1760/1760 1697/1697
f 1697/1697 1760/1760 1761/1761
f 1697/1697 1761/1761 1698/1698
f 1698/1698 1761/1761 1762/1762
f 1698/1698 1762/1762 1699/1699
f 1699/1699 1762/1762 1763/1763
f 1699/1699 1763/1763 1700/1700
f 1700/1700 1763/1763 1764/1764
f 1700/1700 1764/1764 1701/1701
f 1701/1701 1764/1764 1765/1765
f 1701/1701 1765/1765 1702/1702
f 1702/1702 1765/1765 1766/1766
f 1702/1702 1766/1766 1703/1703
f 1703/1703 1766/1766 1767/1767
f 1703/1703 1767/1767 1704/1704
f 1704/1704 1767/1767 1768/1768
f 1704/1704 1768/1768 1705/1705
f 1705/1705 1768/1768 1769/1769
f 1705/1705 1769/1769 1706/1706
f 1706/1706 1769/1769 1770/1770
f 1706/1706 1770/1770 1707/1707
f 1707/1707 1770/1770 1771/1771
f 1707/1707 1771/1771 1708/1708
f 1708/1708 1771/1771 1772/1772
f 1708/1708 1772/1772 1709/1709
f 1709/1709 1772/1772 1773/1773
f 1709/1709 1773/1773 1710/1710
f 1710/1710 1773/1773 1774/1774
f 1710/1710 1774/1774 1711/1711
f 1711/1711 1774/1774 1775/1775
f 1711/1711 1775/1775 1712/1712
f 1712/1712 1775/1775 1776/1776
f 1712/1712 1776/1776 1713/1713
f 1713/1713 1776/1776 1777/1777
f 1713/1713 1777/1777 1714/1714
f 1714/1714 1777/1777 1778/1778
f 1714/1714 1778/1778 1715/1715
f 1715/1715 1778/1778 1779/1779
f 1715/1715 1779/1779 1716/1716
f 1716/1716 1779/1779 1780/1780
f 1716/1716 1780/1780 1717/1717
f 1717/1717 1780/1780 1781/1781
f 1717/1717 1781/1781 1718/1718
f 1718/1718 1781/1781 1782/1782
f 1718/1718 1782/1782 1719/1719
f 1719/1719 1782/1782 1783/1783
f 1719/1719 1783/1783 1720/1720
f 1720/1720 1783/1783 1784/1784
f 1720/1720 1784/1784 1721/1721
f 1721/1721 1784/1784 1785/1785
f 1721/1721 1785/1785 1722/1722
f 1722/1722 1785/1785 1786/1786
f 1722/1722 1786/1786 1723/1723
f 1723/1723 1786/1786 1787/1787
f 1723/1723 1787/1787 1724/1724
f 1724/1724 1787/1787 1788/1788
f 1724/1724 1788/1788 1725/1725
f 1725/1725 1788/1788 1789/1789
f 1725/1725 1789/1789 1726/1726
f 1726/1726 1789/1789 1790/1790
f 1726/1726 1790/1790 1727/1727
f 1727/1727 1790/1790 1791/1791
f 1727/1727 1791/1791 1728/1728
f 1728/1728 1791/1791 1792/1792
f 1728/1728 1792/1792 1665/1665
f 1665/1665 1792/1792 1729/1729
f 1729/1729 1793/1793 1730/1730
f 1730/1730 1793/1793 1794/1794
f 1730/1730 1794/1794 1731/1731
f 1731/1731 1794/1794 1795/1795
f 1731/1731 1795/1795 1732/1732
f 1732/1732 1795/1795 1796/1796
f 1732/1732 1796/1796 1733/1733
f 1733/1733 1796/1796 1797/1797
f 1733/1733 1797/1797 1734/1734
f 1734/1734 1797/1797 1798/1798
f 1734/1734 1798/1798 1735/1735
f 1735/1735 1798/1798 1799/1799
f 1735/1735 1799/1799 1736/1736
f 1736/1736 1799/1799 1800/1800
f 1736/1736 1800/1800 1737/1737
f 1737/1737 1800/1800 1801/1801
f 1737/1737 1801/1801 1738/1738
f 1738/1738 1801/1801 1802/1802
f 1738/1738 1802/1802 1739/1739
f 1739/1739 1802/1802 1803/1803
f 1739/1739 1803/1803 1740/1740
f 1740/1740 1803/1803 1804/1804
f 1740/1740 1804/1804 1741/1741
f 1741/1741 1804/1804 1805/1805
f 1741/1741 1805/1805 1742/1742
f 1742/1742 1805/1805 1806/1806
f 1742/1742 1806/1806 1743/1743
f 1743/1743 1806/1806 1807/1807
f 1743/1743 1807/1807 1744/1744
f 1744/1744 1807/1807 1808/1808
f 1744/1744 1808/1808 1745/1745
f 1745/1745 1808/1808 1809/1809
f 1745/1745 1809/1809 1746/1746
f 1746/1746 1809/1809 1810/1810
f 1746/1746 1810/1810 1747/1747
f 1747/1747 1810/1810 1811/1811
f 1747/1747 1811/1811 1748/1748
f 1748/1748 1811/1811 1812/1812
f 1748/1748 1812/1812 1749/1749
f 1749/1749 1812/1812 1813/1813
f 1749/1749 1813/1813 1750/1750
f 1750/1750 1813/1813 1814/1814
f 1750/1750 1814/1814 1751/1751
f 1751/1751 1814/1814 1815/1815
f 1751/1751 1815/1815 1752/1752
f 1752/1752 1815/1815 1816/1816
f 1752/1752 1816/1816 1753/1753
f 1753/1753 1816/1816 1817/1817
f 1753/1753 1817/1817 1754/1754
f 1754/1754 1817/1817 1818/1818
f 1754/1754 1818/1818 1755/1755
f 1755/1755 1818/1818 1819/1819
f 1755/1755 1819/1819 1756/1756
f 1756/1756 1819/1819 1820/1820
f 1756/1756 1820/1820 1757/1757
f 1757/1757 1820/1820 1821/1821
f 1757/1757 1821/1821 1758/1758
f 1758/1758 1821/1821 1822/1822
f 1758/1758 1822/1822 1759/1759
f 1759/1759 1822/1822 1823/1823
f 1759/1759 1823/1823 1760/1760
f 1760/1760 1823/1823 1824/1824
f 1760/1760 1824/1824 1761/1761
f 1761/1761 1824/1824 1825/1825
f 1761/1761 1825/1825 1762/1762
f 1762/1762 1825/1825 1826/1826
f 1762/1762 1826/1826 1763/1763
f 1763/1763 1826/1826 1827/1827
f 1763/1763 1827/1827 1764/1764
f 1764/1764 1827/1827 1828/1828
f 1764/1764 1828/1828 1765/1765
f 1765/1765 1828/1828 1829/1829
f 1765/1765 1829/1829 1766/1766
f 1766/1766 1829/1829 1830/1830
f 1766/1766 1830/1830 1767/1767
f 1767/1767 1830/1830 1831/1831
f 1767/1767 1831/1831 1768/1768
f 1768/1768 1831/1831 1832/1832
f 1768/1768 1832/1832 1769/1769
f 1769/1769 1832/1832 1833/1833
f 1769/1769 1833/1833 1770/1770
f 1770/1770 1833/1833 1834/1834
f 1770/1770 1834/1834 1771/1771
f 1771/1771 1834/1834 1835/1835
f 1771/1771 1835/1835 1772/1772
f 1772/1772 1835/1835 1836/1836
f 1772/1772 1836/1836 1773/1773
f 1773/1773 1836/1836 1837/1837
f 1773/1773 1837/1837 1774/1774
f 1774/1774 1837/1837 1838/1838
f 1774/1774 1838/1838 1775/1775
f 1775/1775 1838/1838 1839/1839
f 1775/1775 1839/1839 1776/1776
f 1776/1776 1839/1839 1840/1840
f 1776/1776 1840/1840 1777/1777
f 1777/1777 1840/1840 1841/1841
f 1777/1777 1841/1841 1778/1778
f 1778/1778 1841/1841 1842/1842
f 1778/1778 1842/1842 1779/1779
f 1779/1779 1842/1842 1843/1843
f 1779/1779 1843/1843 1780/1780
f 1780/1780 1843/1843 1844/1844
f 1780/1780 1844/1844 1781/1781
f 1781/1781 1844/1844 1845/1845
f 1781/1781 1845/1845 1782/1782
f 1782/1782 1845/1845 1846/1846
f 1782/1782 1846/1846 1783/1783
f 1783/1783 1846/1846 1847/1847
f 1783/1783 1847/1847 1784/1784
f 1784/1784 1847/1847 1848/1848
f 1784/1784 1848/1848 1785/1785
f 1785/1785 1848/1848 1849/1849
f 1785/1785 1849/1849 1786/1786
f 1786/1786 1849/1849 1850/1850
f 1786/1786 1850/1850 1787/1787
f 1787/1787 1850/1850 1851/1851
f 1787/1787 1851/1851 1788/1788
f 1788/1788 1851/1851 1852/1852
f 1788/1788 1852/1852 1789/1789
f 1789/1789 1852/1852 1853/1853
f 1789/1789 1853/1853 1790/1790
f 1790/1790 1853/1853 1854/1854
f 1790/1790 1854/1854 1791/1791
f 1791/1791 1854/1854 1855/1855
f 1791/1791 1855/1855 1792/1792
f 1792/1792 1855/1855 1856/1856
f 1792/1792 1856/1856 1729/1729
f 1729/1729 1856/1856 1793/1793
f 1857/1857 1/1 2/2
f 1858/1858 1794/1794 1793/1793
f 1857/1857 2/2 3/3
f 1858/1858 1795/1795 1794/1794
f 1857/1857 3/3 4/4
f 1858/1858 1796/1796 1795/1795
f 1857/1857 4/4 5/5
f 1858/1858 1797/1797 1796/1796
f 1857/1857 5/5 6/6
f 1858/1858 1798/1798 1797/1797
f 1857/1857 6/6 7/7
f 1858/1858 1799/1799 1798/1798
f 1857/1857 7/7 8/8
f 1858/1858 1800/1800 1799/1799
f 1857/1857 8/8 9/9
f 1858/1858 1801/1801 1800/1800
f 1857/1857 9/9 10/10
f 1858/1858 1802/1802 1801/1801
f 1857/1857 10/10 11/11
f 1858/1858 1803/1803 1802/1802
f 1857/1857 11/11 12/12
f 1858/1858 1804/1804 1803/1803
f 1857/1857 12/12 13/13
f 1858/1858 1805/1805 1804/1804
f 1857/1857 13/13 14/14
f 1858/1858 1806/1806 1805/1805
f 1857/1857 14/14 15/15
f 1858/1858 1807/1807 1806/1806
f 1857/1857 15/15 16/16
f 1858/1858 1808/1808 1807/1807
f 1857/1857 16/16 17/17
f 1858/1858 1809/1809 1808/1808
f 1857/1857 17/17 18/18
f 1858/1858 1810/1810 1809/1809
f 1857/1857 18/18 19/19
f 1858/1858 1811/1811 1810/1810
f 1857/1857 19/19 20/20
f 1858/1858 1812/1812 1811/1811
f 1857/1857 20/20 21/21
f 1858/1858 1813/1813 1812/1812
f 1857/1857 21/21 22/22
f 1858/1858 1814/1814 1813/1813
f 1857/1857 22/22 23/23
f 1858/1858 1815/1815 1814/1814
f 1857/1857 23/23 24/24
f 1858/1858 1816/1816 1815/1815
f 1857/1857 24/24 25/25
f 1858/1858 1817/1817 1816/1816
f 1857/1857 25/25 26/26
f 1858/1858 1818/1818 1817/1817
f 1857/1857 26/26 27/27
f 1858/1858 1819/1819 1818/1818
f 1857/1857 27/27 28/28
f 1858/1858 1820/1820 1819/1819
f 1857/1857 28/28 29/29
f 1858/1858 1821/1821 1820/1820
f 1857/1857 29/29 30/30
f 1858/1858 1822/1822 1821/1821
f 1857/1857 30/30 31/31
f 1858/1858 1823/1823 1822/1822
f 1857/1857 31/31 32/32
f 1858/1858 1824/1824 1823/1823
f 1857/1857 32/32 33/33
f 1858/1858 1825/1825 1824/1824
f 1857/1857 33/33 34/34
f 1858/1858 1826/1826 1825/1825
f 1857/1857 34/34 35/35
f 1858/1858 1827/1827 1826/1826
f 1857/1857 35/35 36/36
f 1858/1858 1828/1828 1827/1827
f 1857/1857 36/36 37/37
f 1858/1858 1829/1829 1828/1828
f 1857/1857 37/37 38/38
f 1858/1858 1830/1830 1829/1829
f 1857/1857 38/38 39/39
f 1858/1858 1831/1831 1830/1830
f 1857/1857 39/39 40/40
f 1858/1858 1832/1832 1831/1831
f 1857/1857 40/40 41/41
f 1858/1858 1833/1833 1832/1832
f 1857/1857 41/41 42/42
f 1858/1858 1834/1834 1833/1833
f 1857/1857 42/42 43/43
f 1858/1858 1835/1835 1834/1834
f 1857/1857 43/43 44/44
f 1858/1858 1836/1836 1835/1835
f 1857/1857 44/44 45/45
f 1858/1858 1837/1837 1836/1836
f 1857/1857 45/45 46/46
f 1858/1858 1838/1838 1837/1837
f 1857/1857 46/46 47/47
f 1858/1858 1839/1839 1838/1838
f 1857/1857 47/47 48/48
f 1858/1858 1840/1840 1839/1839
f 1857/1857 48/48 49/49
f 1858/1858 1841/1841 1840/1840
f 1857/1857 49/49 50/50
f 1858/1858 1842/1842 1841/1841
f 1857/1857 50/50 51/51
f 1858/1858 1843/1843 1842/1842
f 1857/1857 51/51 52/52
f 1858/1858 1844/1844 1843/1843
f 1857/1857 52/52 53/53
f 1858/1858 1845/1845 1844/1844
f 1857/1857 53/53 54/54
f 1858/1858 1846/1846 1845/1845
f 1857/1857 54/54 55/55
f 1858/1858 1847/1847 1846/1846
f 1857/1857 55/55 56/56
f 1858/1858 1848/1848 1847/1847
f 1857/1857 56/56 57/57
f 1858/1858 1849/1849 1848/1848
f 1857/1857 57/57 58/58
f 1858/1858 1850/1850 1849/1849
f 1857/1857 58/58 59/59
f 1858/1858 1851/1851 1850/1850
f 1857/1857 59/59 60/60
f 1858/1858 1852/1852 1851/1851
f 1857/1857 60/60 61/61
f 1858/1858 1853/1853 1852/1852
f 1857/1857 61/61 62/62
f 1858/1858 1854/1854 1853/1853
f 1857/1857 62/62 63/63
f 1858/1858 1855/1855 1854/1854
f 1857/1857 63/63 64/64
f 1858/1858 1856/1856 1855/1855
f 1857/1857 64/64 1/1
f 1858/1858 1793/1793 1856/1856
