t,wall,x,y,z,heading,region,clock_hour,weather,frame_ms,physics_ms,dead_travel_m,nearest_poi_dist_m,input_context
71.63,2026-08-27 23:54:38,-25.40,4.93,-15.60,0.0,grandpas_village,8.16,clear,6.021,3.271,0.00,13.70,world
71.64,2026-08-27 23:54:38,-25.40,4.93,-15.60,0.0,grandpas_village,8.16,clear,6.021,3.271,0.00,13.70,world
72.16,2026-08-27 23:54:39,-25.40,4.93,-15.60,0.0,grandpas_village,8.19,clear,5.447,425.399,0.00,13.70,world
72.67,2026-08-27 23:54:39,-25.40,4.93,-15.60,0.0,grandpas_village,8.21,clear,5.447,425.399,0.00,13.70,world
73.19,2026-08-27 23:54:40,-25.40,4.93,-15.60,0.0,grandpas_village,8.23,clear,5.785,6.503,0.00,13.70,world
73.70,2026-08-27 23:54:40,-25.40,4.93,-15.60,0.0,grandpas_village,8.25,clear,5.785,6.503,0.00,13.70,world
74.21,2026-08-27 23:54:41,-25.40,4.93,-15.60,0.0,grandpas_village,8.27,clear,5.695,28.292,0.00,13.70,world
74.72,2026-08-27 23:54:41,-25.40,4.93,-15.60,0.0,grandpas_village,8.29,clear,5.695,28.292,0.00,13.70,world
75.24,2026-08-27 23:54:42,-25.40,4.93,-15.60,0.0,grandpas_village,8.31,clear,5.427,5.805,0.00,13.70,world
75.76,2026-08-27 23:54:42,-25.40,4.93,-15.60,0.0,grandpas_village,8.33,clear,5.427,5.805,0.00,13.70,world
76.28,2026-08-27 23:54:43,-25.40,4.93,-15.60,0.0,grandpas_village,8.35,clear,5.971,5.773,0.00,13.70,world
76.79,2026-08-27 23:54:43,-25.40,4.93,-15.60,0.0,grandpas_village,8.37,clear,5.971,5.773,0.00,13.70,world
77.31,2026-08-27 23:54:44,-25.40,4.93,-15.60,0.0,grandpas_village,8.39,clear,5.982,6.796,0.00,13.70,world
77.82,2026-08-27 23:54:44,-25.40,4.93,-15.60,0.0,grandpas_village,8.41,clear,5.982,6.796,0.00,13.70,world
78.33,2026-08-27 23:54:45,-25.40,4.93,-15.60,0.0,grandpas_village,8.43,clear,4.950,5.641,0.00,13.70,world
78.84,2026-08-27 23:54:45,-25.40,4.93,-15.60,0.0,grandpas_village,8.45,clear,4.950,5.641,0.00,13.70,world
79.36,2026-08-27 23:54:46,-25.40,4.93,-15.60,0.0,grandpas_village,8.47,clear,5.623,5.846,0.00,13.70,world
79.87,2026-08-27 23:54:46,-25.40,4.93,-15.60,0.0,grandpas_village,8.49,clear,5.623,5.846,0.00,13.70,world
80.39,2026-08-27 23:54:47,-25.40,4.93,-15.60,0.0,grandpas_village,8.52,clear,6.334,6.195,0.00,13.70,world
80.91,2026-08-27 23:54:47,-25.40,4.93,-15.60,0.0,grandpas_village,8.54,clear,6.334,6.195,0.00,13.70,world
81.42,2026-08-27 23:54:48,-25.40,4.93,-15.60,0.0,grandpas_village,8.56,clear,6.005,6.691,0.00,13.70,world
82.88,2026-08-27 23:54:49,10.00,1.78,-10.00,0.0,grandpas_village,8.60,clear,5.831,5.609,0.00,11.66,world
83.40,2026-08-27 23:54:50,10.00,1.73,-10.00,0.0,grandpas_village,8.63,clear,6.947,383.757,0.00,11.66,world
83.91,2026-08-27 23:54:50,10.00,1.73,-10.00,0.0,grandpas_village,8.65,clear,6.947,383.757,0.00,11.66,world
84.42,2026-08-27 23:54:51,10.00,1.73,-10.00,0.0,grandpas_village,8.67,clear,5.441,6.377,0.00,11.66,world
84.93,2026-08-27 23:54:52,10.00,1.73,-10.00,0.0,grandpas_village,8.69,clear,5.441,6.377,0.00,11.66,world
85.44,2026-08-27 23:54:52,10.00,1.73,-10.00,0.0,grandpas_village,8.71,clear,5.144,6.255,0.00,11.66,world
85.96,2026-08-27 23:54:53,10.00,1.73,-10.00,0.0,grandpas_village,8.73,clear,5.144,6.255,0.00,11.66,world
86.47,2026-08-27 23:54:53,10.00,1.73,-10.00,0.0,grandpas_village,8.75,clear,5.131,6.652,0.00,11.66,world
86.98,2026-08-27 23:54:54,10.00,1.73,-10.00,0.0,grandpas_village,8.77,clear,5.131,6.652,0.00,11.66,world
87.49,2026-08-27 23:54:54,10.00,1.73,-10.00,0.0,grandpas_village,8.79,clear,5.976,7.283,0.00,11.66,world
88.01,2026-08-27 23:54:55,10.00,1.73,-10.00,0.0,grandpas_village,8.81,clear,5.976,7.283,0.00,11.66,world
88.52,2026-08-27 23:54:55,10.00,1.73,-10.00,0.0,grandpas_village,8.83,clear,5.767,6.741,0.00,11.66,world
89.04,2026-08-27 23:54:56,10.00,1.73,-10.00,0.0,grandpas_village,8.85,clear,5.767,6.741,0.00,11.66,world
89.56,2026-08-27 23:54:56,10.00,1.73,-10.00,0.0,grandpas_village,8.87,clear,5.896,6.575,0.00,11.66,world
90.08,2026-08-27 23:54:57,10.00,1.73,-10.00,0.0,grandpas_village,8.89,clear,5.896,6.575,0.00,11.66,world
90.59,2026-08-27 23:54:57,10.00,1.73,-10.00,0.0,grandpas_village,8.91,clear,5.318,6.390,0.00,11.66,world
91.09,2026-08-27 23:54:58,10.00,1.73,-10.00,0.0,grandpas_village,8.93,clear,5.318,6.390,0.00,11.66,world
91.61,2026-08-27 23:54:58,10.00,1.73,-10.00,0.0,grandpas_village,8.96,clear,5.807,6.267,0.00,11.66,world
92.13,2026-08-27 23:54:59,10.00,1.73,-10.00,0.0,grandpas_village,8.98,clear,5.807,6.267,0.00,11.66,world
92.64,2026-08-27 23:54:59,10.00,1.73,-10.00,0.0,grandpas_village,9.00,clear,5.492,6.873,0.00,11.66,world
93.16,2026-08-27 23:55:00,10.00,1.73,-10.00,0.0,grandpas_village,9.02,clear,5.026,6.040,0.00,11.66,world
93.67,2026-08-27 23:55:00,10.00,1.73,-10.00,0.0,grandpas_village,9.04,clear,5.026,6.040,0.00,11.66,world
94.19,2026-08-27 23:55:01,10.00,1.73,-10.00,0.0,grandpas_village,9.06,clear,5.631,6.938,0.00,11.66,world
94.70,2026-08-27 23:55:01,10.00,1.73,-10.00,0.0,grandpas_village,9.08,clear,5.631,6.938,0.00,11.66,world
95.20,2026-08-27 23:55:02,10.00,1.73,-10.00,0.0,grandpas_village,9.10,clear,5.749,6.734,0.00,11.66,world
95.72,2026-08-27 23:55:02,10.00,1.73,-10.00,0.0,grandpas_village,9.12,clear,5.749,6.734,0.00,11.66,world
96.24,2026-08-27 23:55:03,10.00,1.73,-10.00,0.0,grandpas_village,9.14,clear,6.041,6.862,0.00,11.66,world
96.76,2026-08-27 23:55:03,10.00,1.73,-10.00,0.0,grandpas_village,9.16,clear,6.041,6.862,0.00,11.66,world
97.28,2026-08-27 23:55:04,10.00,1.73,-10.00,0.0,grandpas_village,9.18,clear,7.029,6.934,0.00,11.66,world
98.15,2026-08-27 23:55:05,10.00,1.73,-10.00,0.0,grandpas_village,9.20,clear,7.029,6.934,0.00,11.66,world
98.67,2026-08-27 23:55:05,10.00,1.73,-10.00,0.0,grandpas_village,9.23,clear,6.224,430.358,0.00,11.66,world
99.19,2026-08-27 23:55:06,10.00,1.73,-10.00,0.0,grandpas_village,9.25,clear,5.827,6.359,0.00,11.66,world
99.71,2026-08-27 23:55:06,10.00,1.73,-10.00,0.0,grandpas_village,9.27,clear,5.827,6.359,0.00,11.66,world
100.22,2026-08-27 23:55:07,10.00,1.73,-10.00,0.0,grandpas_village,9.29,clear,6.682,6.760,0.00,11.66,world
100.73,2026-08-27 23:55:07,10.00,1.73,-10.00,0.0,grandpas_village,9.31,clear,6.682,6.760,0.00,11.66,world
101.24,2026-08-27 23:55:08,10.00,1.73,-10.00,0.0,grandpas_village,9.33,clear,5.779,8.979,0.00,11.66,world
101.76,2026-08-27 23:55:08,10.00,1.73,-10.00,0.0,grandpas_village,9.35,clear,5.779,8.979,0.00,11.66,world
102.26,2026-08-27 23:55:09,10.00,1.73,-10.00,0.0,grandpas_village,9.37,clear,6.850,8.143,0.00,11.66,world
102.77,2026-08-27 23:55:09,10.00,1.73,-10.00,0.0,grandpas_village,9.39,clear,6.850,8.143,0.00,11.66,world
103.27,2026-08-27 23:55:10,10.00,1.73,-10.00,0.0,grandpas_village,9.41,clear,5.144,6.407,0.00,11.66,world
103.79,2026-08-27 23:55:10,10.00,1.73,-10.00,0.0,grandpas_village,9.43,clear,5.144,6.407,0.00,11.66,world
104.31,2026-08-27 23:55:11,10.00,1.73,-10.00,0.0,grandpas_village,9.45,clear,5.303,6.660,0.00,11.66,world
104.82,2026-08-27 23:55:11,10.00,1.73,-10.00,0.0,grandpas_village,9.47,clear,5.303,6.660,0.00,11.66,world
105.33,2026-08-27 23:55:12,10.00,1.73,-10.00,0.0,grandpas_village,9.49,clear,5.655,6.793,0.00,11.66,world
105.84,2026-08-27 23:55:12,10.00,1.73,-10.00,0.0,grandpas_village,9.51,clear,5.655,6.793,0.00,11.66,world
106.36,2026-08-27 23:55:13,10.00,1.73,-10.00,0.0,grandpas_village,9.53,clear,5.177,7.821,0.00,11.66,world
106.87,2026-08-27 23:55:13,10.00,1.73,-10.00,0.0,grandpas_village,9.55,clear,5.177,7.821,0.00,11.66,world
107.39,2026-08-27 23:55:14,10.00,1.73,-10.00,0.0,grandpas_village,9.58,clear,6.215,7.600,0.00,11.66,world
107.91,2026-08-27 23:55:14,10.00,1.73,-10.00,0.0,grandpas_village,9.60,clear,6.215,7.600,0.00,11.66,world
108.41,2026-08-27 23:55:15,10.00,1.73,-10.00,0.0,grandpas_village,9.62,clear,5.308,6.528,0.00,11.66,world
108.91,2026-08-27 23:55:16,10.00,1.73,-10.00,0.0,grandpas_village,9.64,clear,5.308,6.528,0.00,11.66,world
109.42,2026-08-27 23:55:16,10.00,1.73,-10.00,0.0,grandpas_village,9.66,clear,7.099,7.075,0.00,11.66,world
109.93,2026-08-27 23:55:17,10.00,1.73,-10.00,0.0,grandpas_village,9.68,clear,7.099,7.075,0.00,11.66,world
110.43,2026-08-27 23:55:17,10.00,1.73,-10.00,0.0,grandpas_village,9.70,clear,6.305,7.282,0.00,11.66,world
110.94,2026-08-27 23:55:18,10.00,1.73,-10.00,0.0,grandpas_village,9.72,clear,6.305,7.282,0.00,11.66,world
111.44,2026-08-27 23:55:18,10.00,1.73,-10.00,0.0,grandpas_village,9.74,clear,6.948,7.065,0.00,11.66,world
111.95,2026-08-27 23:55:19,10.00,1.73,-10.00,0.0,grandpas_village,9.76,clear,6.948,7.065,0.00,11.66,world
112.47,2026-08-27 23:55:19,10.00,1.73,-10.00,0.0,grandpas_village,9.78,clear,6.809,6.996,0.00,11.66,world
112.98,2026-08-27 23:55:20,10.00,1.73,-10.00,0.0,grandpas_village,9.80,clear,6.809,6.996,0.00,11.66,world
113.49,2026-08-27 23:55:20,10.00,1.73,-10.00,0.0,grandpas_village,9.82,clear,7.193,42.287,0.00,11.66,world
114.01,2026-08-27 23:55:21,10.00,1.73,-10.00,0.0,grandpas_village,9.84,clear,7.193,42.287,0.00,11.66,world
114.51,2026-08-27 23:55:21,10.00,1.73,-10.00,0.0,grandpas_village,9.86,clear,6.874,7.091,0.00,11.66,world
115.02,2026-08-27 23:55:22,10.00,1.73,-10.00,0.0,grandpas_village,9.88,clear,6.874,7.091,0.00,11.66,world
115.55,2026-08-27 23:55:22,10.00,1.73,-10.00,0.0,grandpas_village,9.90,clear,8.127,8.315,0.00,11.66,world
116.05,2026-08-27 23:55:23,10.00,1.73,-10.00,0.0,grandpas_village,9.92,clear,8.127,8.315,0.00,11.66,world
116.56,2026-08-27 23:55:23,10.00,1.73,-10.00,0.0,grandpas_village,9.94,clear,7.241,7.893,0.00,11.66,world
117.07,2026-08-27 23:55:24,10.00,1.73,-10.00,0.0,grandpas_village,9.96,clear,7.241,7.893,0.00,11.66,world
117.57,2026-08-27 23:55:24,10.00,1.73,-10.00,0.0,grandpas_village,9.98,clear,10.186,7.410,0.00,11.66,world
118.08,2026-08-27 23:55:25,10.00,1.73,-10.00,0.0,grandpas_village,10.00,clear,10.186,7.410,0.00,11.66,world
118.59,2026-08-27 23:55:25,10.00,1.73,-10.00,0.0,grandpas_village,10.02,clear,6.985,7.880,0.00,11.66,world
119.09,2026-08-27 23:55:26,10.00,1.73,-10.00,0.0,grandpas_village,10.04,clear,6.985,7.880,0.00,11.66,world
119.60,2026-08-27 23:55:26,10.00,1.73,-10.00,0.0,grandpas_village,10.06,clear,6.218,6.938,0.00,11.66,world
120.12,2026-08-27 23:55:27,10.00,1.73,-10.00,0.0,grandpas_village,10.08,clear,6.218,6.938,0.00,11.66,world
120.64,2026-08-27 23:55:27,10.00,1.73,-10.00,0.0,grandpas_village,10.11,clear,6.618,6.807,0.00,11.66,world
121.16,2026-08-27 23:55:28,10.00,1.73,-10.00,0.0,grandpas_village,10.13,clear,6.431,6.892,0.00,11.66,world
121.67,2026-08-27 23:55:28,10.00,1.73,-10.00,0.0,grandpas_village,10.15,clear,6.431,6.892,0.00,11.66,world
122.17,2026-08-27 23:55:29,10.00,1.73,-10.00,0.0,grandpas_village,10.17,clear,6.865,7.182,0.00,11.66,world
122.69,2026-08-27 23:55:29,10.00,1.73,-10.00,0.0,grandpas_village,10.19,clear,6.865,7.182,0.00,11.66,world
123.20,2026-08-27 23:55:30,10.00,1.73,-10.00,0.0,grandpas_village,10.21,clear,6.700,7.494,0.00,11.66,world
123.71,2026-08-27 23:55:30,10.00,1.73,-10.00,0.0,grandpas_village,10.23,clear,6.700,7.494,0.00,11.66,world
124.22,2026-08-27 23:55:31,10.00,1.73,-10.00,0.0,grandpas_village,10.25,clear,7.112,7.845,0.00,11.66,world
124.73,2026-08-27 23:55:31,10.00,1.73,-10.00,0.0,grandpas_village,10.27,clear,7.112,7.845,0.00,11.66,world
125.24,2026-08-27 23:55:32,10.00,1.73,-10.00,0.0,grandpas_village,10.29,clear,6.965,7.482,0.00,11.66,world
125.75,2026-08-27 23:55:32,10.00,1.77,-10.00,0.0,grandpas_village,10.31,clear,6.965,7.482,0.00,11.66,world
126.27,2026-08-27 23:55:33,10.00,1.77,-10.00,0.0,grandpas_village,10.33,clear,8.391,11.548,0.00,11.66,world
126.79,2026-08-27 23:55:33,10.00,1.77,-10.00,0.0,grandpas_village,10.35,clear,8.391,11.548,0.00,11.66,world
127.31,2026-08-27 23:55:34,10.00,1.77,-10.00,0.0,grandpas_village,10.37,clear,6.011,7.296,0.00,11.66,world
127.82,2026-08-27 23:55:34,10.00,1.77,-10.00,0.0,grandpas_village,10.39,clear,6.011,7.296,0.00,11.66,world
128.34,2026-08-27 23:55:35,10.00,1.77,-10.00,0.0,grandpas_village,10.41,clear,6.068,6.753,0.00,11.66,world
128.85,2026-08-27 23:55:35,10.00,1.77,-10.00,0.0,grandpas_village,10.43,clear,6.068,6.753,0.00,11.66,world
129.36,2026-08-27 23:55:36,10.00,1.77,-10.00,0.0,grandpas_village,10.45,clear,5.532,6.593,0.00,11.66,world
129.87,2026-08-27 23:55:36,10.00,1.77,-10.00,0.0,grandpas_village,10.47,clear,5.532,6.593,0.00,11.66,world
130.39,2026-08-27 23:55:37,10.00,1.77,-10.00,0.0,grandpas_village,10.50,clear,5.201,7.025,0.00,11.66,world
130.91,2026-08-27 23:55:37,10.00,1.77,-10.00,0.0,grandpas_village,10.52,clear,5.201,7.025,0.00,11.66,world
131.43,2026-08-27 23:55:38,10.00,1.77,-10.00,0.0,grandpas_village,10.54,clear,5.665,6.288,0.00,11.66,world
131.94,2026-08-27 23:55:39,10.00,1.77,-10.00,0.0,grandpas_village,10.56,clear,5.665,6.288,0.00,11.66,world
132.46,2026-08-27 23:55:39,10.00,1.77,-10.00,0.0,grandpas_village,10.58,clear,5.434,6.185,0.00,11.66,world
132.97,2026-08-27 23:55:40,10.00,1.77,-10.00,0.0,grandpas_village,10.60,clear,5.434,6.185,0.00,11.66,world
133.48,2026-08-27 23:55:40,10.00,1.77,-10.00,0.0,grandpas_village,10.62,clear,5.112,6.352,0.00,11.66,world
133.99,2026-08-27 23:55:41,10.00,1.77,-10.00,0.0,grandpas_village,10.64,clear,5.112,6.352,0.00,11.66,world
134.50,2026-08-27 23:55:41,10.00,1.77,-10.00,0.0,grandpas_village,10.66,clear,5.417,6.725,0.00,11.66,world
135.02,2026-08-27 23:55:42,10.00,1.77,-10.00,0.0,grandpas_village,10.68,clear,5.417,6.725,0.00,11.66,world
135.54,2026-08-27 23:55:42,10.00,1.77,-10.00,0.0,grandpas_village,10.70,clear,5.387,6.555,0.00,11.66,world
136.06,2026-08-27 23:55:43,10.00,1.77,-10.00,0.0,grandpas_village,10.72,clear,5.387,6.555,0.00,11.66,world
136.57,2026-08-27 23:55:43,10.00,1.77,-10.00,0.0,grandpas_village,10.74,clear,4.907,6.237,0.00,11.66,world
137.07,2026-08-27 23:55:44,10.00,1.77,-10.00,0.0,grandpas_village,10.76,clear,4.907,6.237,0.00,11.66,world
137.59,2026-08-27 23:55:44,10.00,1.77,-10.00,0.0,grandpas_village,10.78,clear,5.956,6.254,0.00,11.66,world
138.11,2026-08-27 23:55:45,10.00,1.77,-10.00,0.0,grandpas_village,10.80,clear,5.956,6.254,0.00,11.66,world
138.62,2026-08-27 23:55:45,10.00,1.77,-10.00,0.0,grandpas_village,10.82,clear,5.625,6.909,0.00,11.66,world
139.14,2026-08-27 23:55:46,10.00,1.77,-10.00,0.0,grandpas_village,10.85,clear,5.625,6.909,0.00,11.66,world
139.65,2026-08-27 23:55:46,10.00,1.77,-10.00,0.0,grandpas_village,10.87,clear,5.756,8.256,0.00,11.66,world
140.17,2026-08-27 23:55:47,10.00,1.77,-10.00,0.0,grandpas_village,10.89,clear,5.096,6.815,0.00,11.66,world
140.68,2026-08-27 23:55:47,10.00,1.77,-10.00,0.0,grandpas_village,10.91,clear,5.096,6.815,0.00,11.66,world
141.19,2026-08-27 23:55:48,10.00,1.77,-10.00,0.0,grandpas_village,10.93,clear,5.408,6.856,0.00,11.66,world
141.70,2026-08-27 23:55:48,10.00,1.77,-10.00,0.0,grandpas_village,10.95,clear,5.408,6.856,0.00,11.66,world
142.21,2026-08-27 23:55:49,10.00,1.77,-10.00,0.0,grandpas_village,10.97,clear,7.604,6.779,0.00,11.66,world
142.72,2026-08-27 23:55:49,10.00,1.77,-10.00,0.0,grandpas_village,10.99,clear,7.604,6.779,0.00,11.66,world
143.22,2026-08-27 23:55:50,10.00,1.77,-10.00,0.0,grandpas_village,11.01,clear,5.925,7.563,0.00,11.66,world
143.74,2026-08-27 23:55:50,10.00,1.77,-10.00,0.0,grandpas_village,11.03,clear,5.925,7.563,0.00,11.66,world
144.24,2026-08-27 23:55:51,10.00,1.77,-10.00,0.0,grandpas_village,11.05,clear,5.983,7.180,0.00,11.66,world
144.75,2026-08-27 23:55:51,10.00,1.77,-10.00,0.0,grandpas_village,11.07,clear,5.983,7.180,0.00,11.66,world
145.26,2026-08-27 23:55:52,10.00,1.77,-10.00,0.0,grandpas_village,11.09,clear,6.047,22.630,0.00,11.66,world
145.77,2026-08-27 23:55:52,10.00,1.77,-10.00,0.0,grandpas_village,11.11,clear,6.047,22.630,0.00,11.66,world
146.28,2026-08-27 23:55:53,10.00,1.77,-10.00,0.0,grandpas_village,11.13,clear,8.510,7.996,0.00,11.66,world
146.78,2026-08-27 23:55:53,10.00,1.77,-10.00,0.0,grandpas_village,11.15,clear,8.510,7.996,0.00,11.66,world
147.29,2026-08-27 23:55:54,10.00,1.77,-10.00,0.0,grandpas_village,11.17,clear,6.825,7.038,0.00,11.66,world
147.81,2026-08-27 23:55:54,10.00,1.77,-10.00,0.0,grandpas_village,11.19,clear,6.825,7.038,0.00,11.66,world
148.32,2026-08-27 23:55:55,10.00,1.77,-10.00,0.0,grandpas_village,11.21,clear,5.637,6.801,0.00,11.66,world
148.82,2026-08-27 23:55:55,10.00,1.77,-10.00,0.0,grandpas_village,11.23,clear,5.637,6.801,0.00,11.66,world
149.34,2026-08-27 23:55:56,10.00,1.77,-10.00,0.0,grandpas_village,11.25,clear,6.148,7.171,0.00,11.66,world
149.85,2026-08-27 23:55:56,10.00,1.77,-10.00,0.0,grandpas_village,11.27,clear,6.148,7.171,0.00,11.66,world
150.36,2026-08-27 23:55:57,10.00,1.77,-10.00,0.0,grandpas_village,11.29,clear,6.643,29.974,0.00,11.66,world
150.87,2026-08-27 23:55:57,10.00,1.77,-10.00,0.0,grandpas_village,11.31,clear,6.643,29.974,0.00,11.66,world
151.37,2026-08-27 23:55:58,10.00,1.77,-10.00,0.0,grandpas_village,11.33,clear,6.435,6.868,0.00,11.66,world
151.89,2026-08-27 23:55:58,10.00,1.77,-10.00,0.0,grandpas_village,11.36,clear,6.435,6.868,0.00,11.66,world
152.41,2026-08-27 23:55:59,10.00,1.77,-10.00,0.0,grandpas_village,11.38,clear,6.458,6.947,0.00,11.66,world
152.92,2026-08-27 23:56:00,10.00,1.77,-10.00,0.0,grandpas_village,11.40,clear,6.458,6.947,0.00,11.66,world
153.44,2026-08-27 23:56:00,10.00,1.77,-10.00,0.0,grandpas_village,11.42,clear,5.412,6.906,0.00,11.66,world
153.96,2026-08-27 23:56:01,10.00,1.77,-10.00,0.0,grandpas_village,11.44,clear,5.412,6.906,0.00,11.66,world
154.47,2026-08-27 23:56:01,10.00,1.77,-10.00,0.0,grandpas_village,11.46,clear,6.378,7.655,0.00,11.66,world
154.98,2026-08-27 23:56:02,10.00,1.77,-10.00,0.0,grandpas_village,11.48,clear,6.378,7.655,0.00,11.66,world
155.49,2026-08-27 23:56:02,10.00,1.77,-10.00,0.0,grandpas_village,11.50,clear,7.022,8.503,0.00,11.66,world
156.01,2026-08-27 23:56:03,10.00,1.77,-10.00,0.0,grandpas_village,11.52,clear,7.022,8.503,0.00,11.66,world
156.52,2026-08-27 23:56:03,10.00,1.77,-10.00,0.0,grandpas_village,11.54,clear,8.150,6.682,0.00,11.66,world
157.04,2026-08-27 23:56:04,10.00,1.77,-10.00,0.0,grandpas_village,11.56,clear,8.150,6.682,0.00,11.66,world
157.56,2026-08-27 23:56:04,10.00,1.77,-10.00,0.0,grandpas_village,11.58,clear,5.843,7.469,0.00,11.66,world
158.08,2026-08-27 23:56:05,10.00,1.78,-10.00,-42.0,grandpas_village,11.60,clear,5.843,7.469,0.00,11.66,world
158.59,2026-08-27 23:56:05,10.00,1.78,-10.00,180.0,grandpas_village,11.62,clear,6.399,6.801,0.00,11.66,world
159.10,2026-08-27 23:56:06,10.00,1.78,-10.00,180.0,grandpas_village,11.64,clear,6.399,6.801,0.00,11.66,world
159.61,2026-08-27 23:56:06,10.00,1.78,-10.00,180.0,grandpas_village,11.66,clear,7.533,7.834,0.00,11.66,world
160.12,2026-08-27 23:56:07,-25.40,4.95,-15.79,180.0,grandpas_village,11.68,clear,7.533,7.834,0.00,13.81,world
160.63,2026-08-27 23:56:07,-25.40,4.73,-18.26,180.0,grandpas_village,11.70,clear,5.657,6.700,0.00,15.34,world
161.14,2026-08-27 23:56:08,-26.26,4.65,-18.26,-90.0,grandpas_village,11.72,clear,5.657,6.700,0.00,15.99,world
161.64,2026-08-27 23:56:08,-26.26,4.65,-18.26,180.0,grandpas_village,11.75,clear,8.506,28.084,0.00,15.99,world
162.15,2026-08-27 23:56:09,-26.26,4.65,-18.26,180.0,grandpas_village,11.77,clear,6.029,5.927,0.00,15.99,world
162.66,2026-08-27 23:56:09,-26.26,4.65,-18.26,180.0,grandpas_village,11.79,clear,6.029,5.927,0.00,15.99,world
163.17,2026-08-27 23:56:10,-26.26,4.65,-18.26,180.0,grandpas_village,11.81,clear,5.688,6.000,0.00,15.99,world
163.69,2026-08-27 23:56:10,-26.26,4.65,-18.26,180.0,grandpas_village,11.83,clear,5.688,6.000,0.00,15.99,world
164.21,2026-08-27 23:56:11,-26.26,4.65,-18.26,180.0,grandpas_village,11.85,clear,5.968,6.087,0.00,15.99,world
164.73,2026-08-27 23:56:11,-26.26,4.65,-18.26,180.0,grandpas_village,11.87,clear,5.968,6.087,0.00,15.99,world
165.24,2026-08-27 23:56:12,-26.26,4.65,-18.26,180.0,grandpas_village,11.89,clear,5.888,6.275,0.00,15.99,world
165.76,2026-08-27 23:56:12,-26.26,4.65,-18.26,180.0,grandpas_village,11.91,clear,5.888,6.275,0.00,15.99,world
166.27,2026-08-27 23:56:13,-26.26,4.65,-18.26,180.0,grandpas_village,11.93,clear,5.887,5.880,0.00,15.99,world
166.78,2026-08-27 23:56:13,-26.26,4.65,-18.26,180.0,grandpas_village,11.95,clear,5.887,5.880,0.00,15.99,world
167.29,2026-08-27 23:56:14,-26.26,4.65,-18.26,180.0,grandpas_village,11.97,clear,4.918,8.656,0.00,15.99,world
167.80,2026-08-27 23:56:14,-26.26,4.65,-18.26,180.0,grandpas_village,11.99,clear,4.918,8.656,0.00,15.99,world
168.32,2026-08-27 23:56:15,-26.26,4.65,-18.26,180.0,grandpas_village,12.01,clear,5.763,6.007,0.00,15.99,world
168.84,2026-08-27 23:56:15,-26.26,4.65,-18.26,180.0,grandpas_village,12.03,clear,5.763,6.007,0.00,15.99,world
169.36,2026-08-27 23:56:16,-26.26,4.65,-18.26,180.0,grandpas_village,12.05,clear,5.243,5.943,0.00,15.99,world
169.87,2026-08-27 23:56:16,-26.26,4.65,-18.26,180.0,grandpas_village,12.07,clear,5.243,5.943,0.00,15.99,world
170.37,2026-08-27 23:56:17,-26.26,4.65,-18.26,180.0,grandpas_village,12.09,clear,4.816,5.975,0.00,15.99,world
170.88,2026-08-27 23:56:17,-26.26,4.65,-18.26,180.0,grandpas_village,12.11,clear,4.816,5.975,0.00,15.99,world
171.39,2026-08-27 23:56:18,-26.26,4.65,-18.26,180.0,grandpas_village,12.14,clear,6.560,6.819,0.00,15.99,world
171.90,2026-08-27 23:56:18,-26.26,4.65,-18.26,180.0,grandpas_village,12.16,clear,6.560,6.819,0.00,15.99,world
172.41,2026-08-27 23:56:19,-26.26,4.65,-18.26,180.0,grandpas_village,12.18,clear,4.814,5.576,0.00,15.99,world
172.92,2026-08-27 23:56:20,-26.26,4.65,-18.26,180.0,grandpas_village,12.20,clear,4.814,5.576,0.00,15.99,world
173.44,2026-08-27 23:56:20,-26.26,4.65,-18.26,180.0,grandpas_village,12.22,clear,4.666,5.642,0.00,15.99,world
173.96,2026-08-27 23:56:21,-26.26,4.65,-18.26,180.0,grandpas_village,12.24,clear,4.666,5.642,0.00,15.99,world
174.48,2026-08-27 23:56:21,-26.26,4.65,-18.26,180.0,grandpas_village,12.26,clear,4.994,5.837,0.00,15.99,world
174.99,2026-08-27 23:56:22,-26.26,4.65,-18.26,180.0,grandpas_village,12.28,clear,4.994,5.837,0.00,15.99,world
175.49,2026-08-27 23:56:22,-26.26,4.65,-18.26,180.0,grandpas_village,12.30,clear,4.978,5.996,0.00,15.99,world
176.01,2026-08-27 23:56:23,-26.26,4.65,-18.26,180.0,grandpas_village,12.32,clear,4.978,5.996,0.00,15.99,world
176.53,2026-08-27 23:56:23,-26.26,4.65,-18.26,180.0,grandpas_village,12.34,clear,5.143,5.658,0.00,15.99,world
177.04,2026-08-27 23:56:24,-26.26,4.65,-18.26,180.0,grandpas_village,12.36,clear,5.143,5.658,0.00,15.99,world
177.56,2026-08-27 23:56:24,-26.26,4.65,-18.26,180.0,grandpas_village,12.38,clear,5.051,5.652,0.00,15.99,world
178.08,2026-08-27 23:56:25,-26.26,4.65,-18.26,180.0,grandpas_village,12.40,clear,5.051,5.652,0.00,15.99,world
178.59,2026-08-27 23:56:25,-26.26,4.65,-18.26,180.0,grandpas_village,12.42,clear,4.609,5.941,0.00,15.99,world
179.09,2026-08-27 23:56:26,-26.26,4.65,-18.26,180.0,grandpas_village,12.44,clear,4.609,5.941,0.00,15.99,world
179.60,2026-08-27 23:56:26,-26.26,4.65,-18.26,180.0,grandpas_village,12.46,clear,5.652,6.106,0.00,15.99,world
180.12,2026-08-27 23:56:27,-26.26,4.65,-18.26,180.0,grandpas_village,12.48,clear,5.652,6.106,0.00,15.99,world
180.64,2026-08-27 23:56:27,-26.26,4.65,-18.26,180.0,grandpas_village,12.51,clear,5.370,5.957,0.00,15.99,world
181.16,2026-08-27 23:56:28,-26.26,4.65,-18.26,180.0,grandpas_village,12.53,clear,4.499,5.303,0.00,15.99,world
181.67,2026-08-27 23:56:28,-26.26,4.65,-18.26,180.0,grandpas_village,12.55,clear,4.499,5.303,0.00,15.99,world
182.19,2026-08-27 23:56:29,-26.26,4.65,-18.26,180.0,grandpas_village,12.57,clear,5.840,5.903,0.00,15.99,world
182.70,2026-08-27 23:56:29,-26.26,4.65,-18.26,180.0,grandpas_village,12.59,clear,5.840,5.903,0.00,15.99,world
183.21,2026-08-27 23:56:30,-26.26,4.65,-18.26,180.0,grandpas_village,12.61,clear,4.720,6.467,0.00,15.99,world
183.72,2026-08-27 23:56:30,-26.26,4.65,-18.26,180.0,grandpas_village,12.63,clear,4.720,6.467,0.00,15.99,world
184.24,2026-08-27 23:56:31,-26.26,4.65,-18.26,180.0,grandpas_village,12.65,clear,7.512,7.108,0.00,15.99,world
184.75,2026-08-27 23:56:31,-26.26,4.65,-18.26,180.0,grandpas_village,12.67,clear,7.512,7.108,0.00,15.99,world
185.27,2026-08-27 23:56:32,-26.26,4.65,-18.26,180.0,grandpas_village,12.69,clear,5.725,6.086,0.00,15.99,world
185.78,2026-08-27 23:56:32,-26.26,4.65,-18.26,180.0,grandpas_village,12.71,clear,5.725,6.086,0.00,15.99,world
186.29,2026-08-27 23:56:33,-26.26,4.65,-18.26,180.0,grandpas_village,12.73,clear,5.230,5.932,0.00,15.99,world
186.80,2026-08-27 23:56:33,-26.26,4.65,-18.26,180.0,grandpas_village,12.75,clear,5.230,5.932,0.00,15.99,world
187.32,2026-08-27 23:56:34,-26.26,4.65,-18.26,180.0,grandpas_village,12.77,clear,5.244,5.622,0.00,15.99,world
187.84,2026-08-27 23:56:34,-26.26,4.65,-18.26,180.0,grandpas_village,12.79,clear,5.244,5.622,0.00,15.99,world
188.36,2026-08-27 23:56:35,-26.26,4.65,-18.26,180.0,grandpas_village,12.81,clear,5.570,5.962,0.00,15.99,world
188.87,2026-08-27 23:56:35,-26.26,4.65,-18.26,180.0,grandpas_village,12.83,clear,5.570,5.962,0.00,15.99,world
189.39,2026-08-27 23:56:36,-26.26,4.65,-18.26,180.0,grandpas_village,12.86,clear,5.922,6.487,0.00,15.99,world
189.90,2026-08-27 23:56:36,-26.26,4.65,-18.26,180.0,grandpas_village,12.88,clear,5.922,6.487,0.00,15.99,world
190.40,2026-08-27 23:56:37,-26.26,4.65,-18.26,180.0,grandpas_village,12.90,clear,4.821,5.808,0.00,15.99,world
190.92,2026-08-27 23:56:38,-26.26,4.65,-18.26,180.0,grandpas_village,12.92,clear,4.821,5.808,0.00,15.99,world
191.44,2026-08-27 23:56:38,-26.26,4.65,-18.26,180.0,grandpas_village,12.94,clear,4.765,5.595,0.00,15.99,world
191.96,2026-08-27 23:56:39,-26.26,4.65,-18.26,180.0,grandpas_village,12.96,clear,4.765,5.595,0.00,15.99,world
192.47,2026-08-27 23:56:39,-26.26,4.65,-18.26,180.0,grandpas_village,12.98,clear,5.047,5.885,0.00,15.99,world
192.99,2026-08-27 23:56:40,-26.26,4.65,-18.26,180.0,grandpas_village,13.00,clear,5.047,5.885,0.00,15.99,world
193.50,2026-08-27 23:56:40,-26.26,4.65,-18.26,180.0,grandpas_village,13.02,clear,4.789,5.632,0.00,15.99,world
194.02,2026-08-27 23:56:41,-26.26,4.65,-18.26,180.0,grandpas_village,13.04,clear,4.789,5.632,0.00,15.99,world
194.53,2026-08-27 23:56:41,-26.26,4.65,-18.26,180.0,grandpas_village,13.06,clear,7.863,7.870,0.00,15.99,world
195.04,2026-08-27 23:56:42,-26.26,4.65,-18.26,180.0,grandpas_village,13.08,clear,7.863,7.870,0.00,15.99,world
195.55,2026-08-27 23:56:42,-26.26,4.65,-18.26,180.0,grandpas_village,13.10,clear,5.251,5.677,0.00,15.99,world
196.07,2026-08-27 23:56:43,-26.26,4.65,-18.26,180.0,grandpas_village,13.12,clear,5.251,5.677,0.00,15.99,world
196.59,2026-08-27 23:56:43,-26.26,4.65,-18.26,180.0,grandpas_village,13.14,clear,5.506,5.887,0.00,15.99,world
197.11,2026-08-27 23:56:44,-26.26,4.65,-18.26,180.0,grandpas_village,13.16,clear,5.506,5.887,0.00,15.99,world
197.62,2026-08-27 23:56:44,-26.26,4.65,-18.26,180.0,grandpas_village,13.18,clear,5.704,6.443,0.00,15.99,world
198.12,2026-08-27 23:56:45,-26.26,4.65,-18.26,180.0,grandpas_village,13.20,clear,5.704,6.443,0.00,15.99,world
198.64,2026-08-27 23:56:45,-26.26,4.65,-18.26,180.0,grandpas_village,13.23,clear,5.595,5.709,0.00,15.99,world
199.16,2026-08-27 23:56:46,-26.26,4.65,-18.26,180.0,grandpas_village,13.25,clear,5.708,5.918,0.00,15.99,world
199.67,2026-08-27 23:56:46,-26.26,4.65,-18.26,180.0,grandpas_village,13.27,clear,5.708,5.918,0.00,15.99,world
200.19,2026-08-27 23:56:47,-26.26,4.65,-18.26,180.0,grandpas_village,13.29,clear,5.015,6.250,0.00,15.99,world
200.71,2026-08-27 23:56:47,-26.26,4.65,-18.26,180.0,grandpas_village,13.31,clear,5.015,6.250,0.00,15.99,world
201.22,2026-08-27 23:56:48,-26.26,4.65,-18.26,180.0,grandpas_village,13.33,clear,5.332,6.101,0.00,15.99,world
201.72,2026-08-27 23:56:48,-26.26,4.65,-18.26,180.0,grandpas_village,13.35,clear,5.332,6.101,0.00,15.99,world
202.24,2026-08-27 23:56:49,-26.26,4.65,-18.26,180.0,grandpas_village,13.37,clear,5.554,6.117,0.00,15.99,world
202.75,2026-08-27 23:56:49,-26.26,4.65,-18.26,180.0,grandpas_village,13.39,clear,5.554,6.117,0.00,15.99,world
203.27,2026-08-27 23:56:50,-26.26,4.65,-18.26,180.0,grandpas_village,13.41,clear,7.194,6.516,0.00,15.99,world
203.79,2026-08-27 23:56:50,-26.26,4.65,-18.26,180.0,grandpas_village,13.43,clear,7.194,6.516,0.00,15.99,world
204.30,2026-08-27 23:56:51,-26.26,4.65,-18.26,180.0,grandpas_village,13.45,clear,5.460,6.335,0.00,15.99,world
204.82,2026-08-27 23:56:51,-26.26,4.65,-18.26,180.0,grandpas_village,13.47,clear,5.460,6.335,0.00,15.99,world
205.33,2026-08-27 23:56:52,-26.26,4.65,-18.26,180.0,grandpas_village,13.49,clear,6.069,6.184,0.00,15.99,world
205.84,2026-08-27 23:56:52,-26.26,4.65,-18.26,180.0,grandpas_village,13.51,clear,6.069,6.184,0.00,15.99,world
206.35,2026-08-27 23:56:53,-26.26,4.65,-18.26,180.0,grandpas_village,13.53,clear,5.184,6.238,0.00,15.99,world
206.87,2026-08-27 23:56:53,-26.26,4.65,-18.26,180.0,grandpas_village,13.55,clear,5.184,6.238,0.00,15.99,world
207.39,2026-08-27 23:56:54,-26.26,4.65,-18.26,180.0,grandpas_village,13.58,clear,5.244,6.254,0.00,15.99,world
207.91,2026-08-27 23:56:54,-26.26,4.65,-18.26,180.0,grandpas_village,13.60,clear,5.244,6.254,0.00,15.99,world
208.42,2026-08-27 23:56:55,-26.26,4.65,-18.26,180.0,grandpas_village,13.62,clear,5.979,6.097,0.00,15.99,world
208.94,2026-08-27 23:56:56,-26.26,4.65,-18.26,180.0,grandpas_village,13.64,clear,5.979,6.097,0.00,15.99,world
209.45,2026-08-27 23:56:56,-26.26,4.65,-18.26,180.0,grandpas_village,13.66,clear,6.707,6.639,0.00,15.99,world
209.96,2026-08-27 23:56:57,-26.26,4.65,-18.26,180.0,grandpas_village,13.68,clear,6.707,6.639,0.00,15.99,world
210.47,2026-08-27 23:56:57,-26.26,4.65,-18.26,180.0,grandpas_village,13.70,clear,5.505,6.173,0.00,15.99,world
210.99,2026-08-27 23:56:58,-26.26,4.65,-18.26,180.0,grandpas_village,13.72,clear,5.505,6.173,0.00,15.99,world
211.51,2026-08-27 23:56:58,-26.26,4.65,-18.26,180.0,grandpas_village,13.74,clear,5.371,7.497,0.00,15.99,world
212.03,2026-08-27 23:56:59,-26.26,4.65,-18.26,180.0,grandpas_village,13.76,clear,5.371,7.497,0.00,15.99,world
212.54,2026-08-27 23:56:59,-26.26,4.65,-18.26,180.0,grandpas_village,13.78,clear,6.169,6.167,0.00,15.99,world
213.05,2026-08-27 23:57:00,-26.26,4.65,-18.26,180.0,grandpas_village,13.80,clear,6.169,6.167,0.00,15.99,world
213.57,2026-08-27 23:57:00,-26.26,4.65,-18.26,180.0,grandpas_village,13.82,clear,6.756,6.065,0.00,15.99,world
214.07,2026-08-27 23:57:01,-26.26,4.65,-18.26,180.0,grandpas_village,13.84,clear,6.756,6.065,0.00,15.99,world
214.59,2026-08-27 23:57:01,-26.26,4.65,-18.26,180.0,grandpas_village,13.86,clear,7.098,6.954,0.00,15.99,world
215.10,2026-08-27 23:57:02,-26.26,4.65,-18.26,180.0,grandpas_village,13.88,clear,7.098,6.954,0.00,15.99,world
215.62,2026-08-27 23:57:02,-26.26,4.65,-18.26,180.0,grandpas_village,13.90,clear,5.528,6.343,0.00,15.99,world
216.14,2026-08-27 23:57:03,-26.26,4.65,-18.26,180.0,grandpas_village,13.93,clear,5.528,6.343,0.00,15.99,world
216.66,2026-08-27 23:57:03,-26.26,4.65,-18.26,180.0,grandpas_village,13.95,clear,6.721,6.446,0.00,15.99,world
217.17,2026-08-27 23:57:04,-26.26,4.65,-18.26,180.0,grandpas_village,13.97,clear,6.307,6.993,0.00,15.99,world
217.67,2026-08-27 23:57:04,-26.26,4.65,-18.26,180.0,grandpas_village,13.99,clear,6.307,6.993,0.00,15.99,world
219.89,2026-08-27 23:57:06,0.00,-4.68,700.00,180.0,corridor,14.04,clear,5.829,9.779,0.00,19.50,world
220.40,2026-08-27 23:57:07,0.00,-4.68,700.00,180.0,corridor,14.07,clear,7.802,4.848,0.00,19.50,world
220.91,2026-08-27 23:57:08,0.00,-4.68,700.00,180.0,corridor,14.09,clear,7.802,4.848,0.00,19.50,world
221.42,2026-08-27 23:57:08,0.00,-4.68,700.00,180.0,corridor,14.11,clear,7.760,6.903,0.00,19.52,world
221.93,2026-08-27 23:57:09,0.00,-4.68,700.00,180.0,corridor,14.13,clear,7.760,6.903,0.00,20.25,world
222.44,2026-08-27 23:57:09,0.00,-4.68,700.00,180.0,corridor,14.15,clear,7.792,6.841,0.00,20.96,world
222.96,2026-08-27 23:57:10,0.00,-4.68,700.00,180.0,corridor,14.17,clear,7.792,6.841,0.00,21.69,world
223.46,2026-08-27 23:57:10,0.00,-4.68,700.00,180.0,corridor,14.19,clear,7.068,6.862,0.00,21.94,world
223.97,2026-08-27 23:57:11,0.00,-4.68,700.00,180.0,corridor,14.21,clear,7.068,6.862,0.00,21.38,world
224.47,2026-08-27 23:57:11,0.00,-4.68,700.00,180.0,corridor,14.23,clear,7.804,7.414,0.00,21.38,world
224.99,2026-08-27 23:57:12,0.00,-4.68,700.00,180.0,corridor,14.25,clear,7.804,7.414,0.00,21.38,world
225.51,2026-08-27 23:57:12,0.00,-4.68,700.00,180.0,corridor,14.28,clear,7.326,6.521,0.00,21.38,world
226.02,2026-08-27 23:57:13,0.00,-4.68,700.00,180.0,corridor,14.30,clear,7.326,6.521,0.00,21.38,world
226.53,2026-08-27 23:57:13,0.00,-4.68,700.00,180.0,corridor,14.32,clear,8.179,6.969,0.00,21.38,world
227.04,2026-08-27 23:57:14,0.00,-4.68,700.00,180.0,corridor,14.34,clear,8.179,6.969,0.00,21.38,world
227.56,2026-08-27 23:57:14,0.00,-4.68,700.00,180.0,corridor,14.36,clear,8.034,7.324,0.00,21.69,world
228.07,2026-08-27 23:57:15,0.00,-4.68,700.00,180.0,corridor,14.38,clear,8.034,7.324,0.00,22.06,world
228.57,2026-08-27 23:57:15,0.00,-4.68,700.00,180.0,corridor,14.40,clear,7.419,7.111,0.00,22.26,world
229.08,2026-08-27 23:57:16,0.00,-4.68,700.00,180.0,corridor,14.42,clear,7.419,7.111,0.00,21.68,world
229.60,2026-08-27 23:57:16,0.00,-4.68,700.00,180.0,corridor,14.44,clear,6.769,6.509,0.00,21.68,world
230.10,2026-08-27 23:57:17,0.00,-4.68,700.00,180.0,corridor,14.46,clear,6.769,6.509,0.00,21.68,world
230.61,2026-08-27 23:57:17,0.00,-4.68,700.00,180.0,corridor,14.48,clear,5.914,7.909,0.00,21.68,world
231.12,2026-08-27 23:57:18,0.00,-4.68,700.00,180.0,corridor,14.50,clear,5.914,7.909,0.00,21.68,world
231.64,2026-08-27 23:57:18,0.00,-4.68,700.00,180.0,corridor,14.52,clear,6.184,6.718,0.00,21.68,world
232.16,2026-08-27 23:57:19,0.00,-4.68,700.00,180.0,corridor,14.54,clear,6.932,6.483,0.00,21.68,world
232.68,2026-08-27 23:57:19,0.00,-4.68,700.00,180.0,corridor,14.56,clear,6.932,6.483,0.00,21.73,world
233.19,2026-08-27 23:57:20,0.00,-4.68,700.00,180.0,corridor,14.58,clear,6.467,7.029,0.00,21.82,world
233.71,2026-08-27 23:57:20,0.00,-4.68,700.00,180.0,corridor,14.60,clear,6.467,7.029,0.00,21.82,world
234.22,2026-08-27 23:57:21,0.00,-4.68,700.00,180.0,corridor,14.62,clear,6.098,6.680,0.00,21.82,world
235.07,2026-08-27 23:57:22,0.00,-4.68,700.00,180.0,corridor,14.64,clear,6.098,6.680,0.00,21.82,world
235.57,2026-08-27 23:57:22,0.00,-4.68,700.00,180.0,corridor,14.67,clear,6.633,424.623,0.00,21.82,world
236.08,2026-08-27 23:57:23,0.00,-4.68,700.00,180.0,corridor,14.69,clear,6.633,424.623,0.00,21.82,world
236.59,2026-08-27 23:57:23,0.00,-4.68,700.00,180.0,corridor,14.71,clear,7.059,6.430,0.00,21.82,world
237.11,2026-08-27 23:57:24,0.00,-4.68,700.00,180.0,corridor,14.73,clear,7.059,6.430,0.00,21.76,world
237.62,2026-08-27 23:57:24,0.00,-4.68,700.00,180.0,corridor,14.75,clear,7.261,6.292,0.00,21.64,world
238.14,2026-08-27 23:57:25,0.00,-4.68,700.00,180.0,corridor,14.77,clear,7.261,6.292,0.00,21.53,world
238.65,2026-08-27 23:57:25,0.00,-4.68,700.00,180.0,corridor,14.79,clear,6.826,7.093,0.00,21.44,world
239.16,2026-08-27 23:57:26,0.00,-4.68,700.00,180.0,corridor,14.81,clear,7.042,7.460,0.00,21.36,world
239.68,2026-08-27 23:57:26,0.00,-4.68,700.00,180.0,corridor,14.83,clear,7.042,7.460,0.00,21.30,world
240.19,2026-08-27 23:57:27,0.00,-4.68,700.00,180.0,corridor,14.85,clear,7.592,6.770,0.00,21.25,world
240.69,2026-08-27 23:57:27,0.00,-4.68,700.00,180.0,corridor,14.87,clear,7.592,6.770,0.00,21.23,world
241.20,2026-08-27 23:57:28,0.00,-4.68,700.00,180.0,corridor,14.89,clear,8.517,6.662,0.00,21.22,world
241.71,2026-08-27 23:57:28,0.00,-4.68,700.00,180.0,corridor,14.91,clear,8.517,6.662,0.00,21.23,world
242.22,2026-08-27 23:57:29,0.00,-4.68,700.00,180.0,corridor,14.93,clear,8.017,9.249,0.00,21.27,world
242.74,2026-08-27 23:57:29,0.00,-4.68,700.00,180.0,corridor,14.95,clear,8.017,9.249,0.00,21.30,world
243.26,2026-08-27 23:57:30,0.00,-4.68,700.00,180.0,corridor,14.97,clear,7.296,7.238,0.00,21.30,world
243.77,2026-08-27 23:57:30,0.00,-4.68,700.00,180.0,corridor,14.99,clear,7.296,7.238,0.00,21.30,world
244.27,2026-08-27 23:57:31,0.00,-4.68,700.00,180.0,corridor,15.01,clear,7.395,7.940,0.00,21.30,world
244.79,2026-08-27 23:57:31,0.00,-4.68,700.00,180.0,corridor,15.04,clear,7.395,7.940,0.00,21.30,world
245.30,2026-08-27 23:57:32,0.00,-4.68,700.00,180.0,corridor,15.06,clear,7.970,7.371,0.00,21.30,world
245.82,2026-08-27 23:57:32,0.00,-4.68,700.00,180.0,corridor,15.08,clear,7.970,7.371,0.00,21.30,world
246.34,2026-08-27 23:57:33,0.00,-4.68,700.00,180.0,corridor,15.10,clear,6.019,6.779,0.00,21.30,world
246.85,2026-08-27 23:57:33,0.00,-4.68,700.00,180.0,corridor,15.12,clear,6.019,6.779,0.00,21.73,world
247.35,2026-08-27 23:57:34,0.00,-4.68,700.00,180.0,corridor,15.14,clear,7.176,6.994,0.00,21.93,world
247.86,2026-08-27 23:57:34,0.00,-4.68,700.00,180.0,corridor,15.16,clear,7.176,6.994,0.00,21.93,world
248.37,2026-08-27 23:57:35,0.00,-4.68,700.00,180.0,corridor,15.18,clear,7.793,7.163,0.00,21.93,world
248.88,2026-08-27 23:57:35,0.00,-4.68,700.00,180.0,corridor,15.20,clear,7.793,7.163,0.00,21.93,world
249.41,2026-08-27 23:57:36,0.00,-4.68,700.00,180.0,corridor,15.22,clear,38.346,7.371,0.00,21.93,world
249.92,2026-08-27 23:57:37,0.00,-4.68,700.00,180.0,corridor,15.24,clear,38.346,7.371,0.00,21.93,world
250.42,2026-08-27 23:57:37,0.00,-4.68,700.00,180.0,corridor,15.26,clear,7.256,7.370,0.00,21.93,world
250.92,2026-08-27 23:57:38,0.00,-4.68,700.00,180.0,corridor,15.28,clear,7.256,7.370,0.00,21.73,world
251.44,2026-08-27 23:57:38,0.00,-4.68,700.00,180.0,corridor,15.30,clear,7.136,6.889,0.00,21.23,world
251.96,2026-08-27 23:57:39,0.00,-4.68,700.00,180.0,corridor,15.32,clear,7.136,6.889,0.00,20.76,world
252.48,2026-08-27 23:57:39,0.00,-4.68,700.00,180.0,corridor,15.34,clear,6.464,6.521,0.00,20.32,world
252.99,2026-08-27 23:57:40,0.00,-4.68,700.00,180.0,corridor,15.36,clear,6.464,6.521,0.00,19.91,world
253.50,2026-08-27 23:57:40,0.00,-4.68,700.00,180.0,corridor,15.38,clear,6.353,6.709,0.00,19.61,world
254.02,2026-08-27 23:57:41,0.00,-4.68,700.00,180.0,corridor,15.40,clear,6.353,6.709,0.00,19.61,world
254.53,2026-08-27 23:57:41,0.00,-4.68,700.00,180.0,corridor,15.42,clear,6.426,6.461,0.00,19.61,world
255.04,2026-08-27 23:57:42,0.00,-4.68,700.00,180.0,corridor,15.45,clear,6.426,6.461,0.00,19.61,world
255.55,2026-08-27 23:57:42,0.00,-4.68,700.00,180.0,corridor,15.47,clear,6.377,6.454,0.00,19.61,world
256.07,2026-08-27 23:57:43,0.00,-4.68,700.00,180.0,corridor,15.49,clear,6.377,6.454,0.00,19.61,world
256.59,2026-08-27 23:57:43,0.00,-4.68,700.00,180.0,corridor,15.51,clear,7.607,6.576,0.00,19.04,world
257.11,2026-08-27 23:57:44,0.00,-4.68,700.00,180.0,corridor,15.53,clear,7.607,6.576,0.00,18.29,world
257.62,2026-08-27 23:57:44,0.00,-4.68,700.00,180.0,corridor,15.55,clear,5.744,6.335,0.00,17.52,world
258.13,2026-08-27 23:57:45,0.00,-4.68,700.00,180.0,corridor,15.57,clear,5.744,6.335,0.00,16.75,world
258.64,2026-08-27 23:57:45,0.00,-4.68,700.00,180.0,corridor,15.59,clear,6.764,6.478,0.00,15.96,world
259.15,2026-08-27 23:57:46,0.00,-4.68,700.00,180.0,corridor,15.61,clear,7.165,6.591,0.00,15.14,world
259.67,2026-08-27 23:57:46,0.00,-4.68,700.00,180.0,corridor,15.63,clear,7.165,6.591,0.00,14.31,world
260.19,2026-08-27 23:57:47,0.00,-4.68,700.00,180.0,corridor,15.65,clear,6.856,6.462,0.00,13.94,world
260.71,2026-08-27 23:57:47,0.00,-4.68,700.00,180.0,corridor,15.67,clear,6.856,6.462,0.00,13.94,world
261.22,2026-08-27 23:57:48,0.00,-4.68,700.00,180.0,corridor,15.69,clear,6.082,6.427,0.00,13.94,world
261.74,2026-08-27 23:57:48,0.00,-4.68,700.00,180.0,corridor,15.71,clear,6.082,6.427,0.00,13.94,world
262.24,2026-08-27 23:57:49,0.00,-4.68,700.00,180.0,corridor,15.73,clear,6.749,6.790,0.00,14.43,world
262.76,2026-08-27 23:57:49,0.00,-4.68,700.00,180.0,corridor,15.75,clear,6.749,6.790,0.00,14.99,world
263.28,2026-08-27 23:57:50,0.00,-4.68,700.00,180.0,corridor,15.77,clear,7.063,6.592,0.00,15.58,world
263.79,2026-08-27 23:57:50,0.00,-4.68,700.00,180.0,corridor,15.80,clear,7.063,6.592,0.00,16.21,world
264.31,2026-08-27 23:57:51,0.00,-4.68,700.00,180.0,corridor,15.82,clear,6.908,7.792,0.00,16.86,world
264.82,2026-08-27 23:57:51,0.00,-4.68,700.00,180.0,corridor,15.84,clear,6.908,7.792,0.00,17.53,world
265.32,2026-08-27 23:57:52,0.00,-4.68,700.00,180.0,corridor,15.86,clear,6.970,15.157,0.00,18.18,world
265.82,2026-08-27 23:57:52,0.00,-4.68,700.00,180.0,corridor,15.88,clear,6.970,15.157,0.00,18.87,world
266.34,2026-08-27 23:57:53,0.00,-4.68,700.00,180.0,corridor,15.90,clear,5.802,7.363,0.00,19.62,world
266.85,2026-08-27 23:57:53,0.00,-4.68,700.00,180.0,corridor,15.92,clear,5.802,7.363,0.00,20.35,world
267.35,2026-08-27 23:57:54,0.00,-4.68,700.00,180.0,corridor,15.94,clear,6.672,6.921,0.00,21.05,world
267.87,2026-08-27 23:57:54,0.00,-4.68,700.00,180.0,corridor,15.96,clear,6.672,6.921,0.00,21.72,world
268.39,2026-08-27 23:57:55,0.00,-4.68,700.00,180.0,corridor,15.98,clear,7.858,6.879,0.00,21.72,world
268.91,2026-08-27 23:57:55,0.00,-4.68,700.00,180.0,corridor,16.00,clear,7.858,6.879,0.00,21.72,world
269.43,2026-08-27 23:57:56,0.00,-4.68,700.00,180.0,corridor,16.02,clear,7.376,7.027,0.00,21.72,world
269.94,2026-08-27 23:57:57,0.00,-4.68,700.00,180.0,corridor,16.04,clear,7.376,7.027,0.00,21.72,world
270.45,2026-08-27 23:57:57,0.00,-4.68,700.00,180.0,corridor,16.06,clear,6.402,6.339,0.00,21.76,world
270.96,2026-08-27 23:57:58,0.00,-4.68,700.00,180.0,corridor,16.08,clear,6.402,6.339,0.00,22.07,world
271.46,2026-08-27 23:57:58,0.00,-4.68,700.00,180.0,corridor,16.10,clear,6.250,6.767,0.00,22.24,world
271.97,2026-08-27 23:57:59,0.00,-4.68,700.00,180.0,corridor,16.12,clear,6.250,6.767,0.00,22.24,world
272.48,2026-08-27 23:57:59,0.00,-4.68,700.00,180.0,corridor,16.14,clear,6.337,6.547,0.00,22.24,world
272.99,2026-08-27 23:58:00,0.00,-4.68,700.00,180.0,corridor,16.16,clear,6.337,6.547,0.00,22.24,world
273.50,2026-08-27 23:58:00,0.00,-4.68,700.00,180.0,corridor,16.18,clear,6.409,6.192,0.00,22.24,world
274.02,2026-08-27 23:58:01,0.00,-4.68,700.00,180.0,corridor,16.20,clear,6.409,6.192,0.00,22.24,world
274.54,2026-08-27 23:58:01,0.00,-4.68,700.00,180.0,corridor,16.23,clear,5.915,6.631,0.00,22.24,world
275.06,2026-08-27 23:58:02,0.00,-4.68,700.00,180.0,corridor,16.25,clear,5.915,6.631,0.00,22.24,world
275.57,2026-08-27 23:58:02,0.00,-4.68,700.00,180.0,corridor,16.27,clear,5.578,6.415,0.00,22.60,world
276.07,2026-08-27 23:58:03,0.00,-4.68,700.00,180.0,corridor,16.29,clear,5.578,6.415,0.00,22.97,world
276.59,2026-08-27 23:58:03,0.00,-4.68,700.00,180.0,corridor,16.31,clear,6.032,6.257,0.00,23.36,world
277.11,2026-08-27 23:58:04,0.00,-4.68,700.00,180.0,corridor,16.33,clear,6.032,6.257,0.00,23.76,world
277.63,2026-08-27 23:58:04,0.00,-4.68,700.00,180.0,corridor,16.35,clear,6.072,7.246,0.00,23.97,world
278.14,2026-08-27 23:58:05,0.00,-4.68,700.00,180.0,corridor,16.37,clear,5.461,6.550,0.00,23.05,world
278.65,2026-08-27 23:58:05,0.00,-4.68,700.00,180.0,corridor,16.39,clear,5.461,6.550,0.00,22.39,world
279.17,2026-08-27 23:58:06,0.00,-4.68,700.00,180.0,corridor,16.41,clear,6.987,6.859,0.00,22.39,world
279.69,2026-08-27 23:58:06,0.00,-4.68,700.00,180.0,corridor,16.43,clear,6.987,6.859,0.00,22.39,world
280.21,2026-08-27 23:58:07,0.00,-4.68,700.00,180.0,corridor,16.45,clear,8.150,6.784,0.00,22.39,world
280.72,2026-08-27 23:58:07,0.00,-4.68,700.00,180.0,corridor,16.47,clear,8.150,6.784,0.00,22.39,world
281.22,2026-08-27 23:58:08,0.00,-4.68,700.00,180.0,corridor,16.49,clear,6.064,7.105,0.00,22.39,world
281.74,2026-08-27 23:58:08,0.00,-4.68,700.00,180.0,corridor,16.51,clear,6.064,7.105,0.00,22.50,world
282.25,2026-08-27 23:58:09,0.00,-4.68,700.00,180.0,corridor,16.53,clear,6.159,6.496,0.00,22.66,world
282.77,2026-08-27 23:58:09,0.00,-4.68,700.00,180.0,corridor,16.55,clear,6.159,6.496,0.00,22.84,world
283.28,2026-08-27 23:58:10,0.00,-4.68,700.00,180.0,corridor,16.57,clear,6.649,6.695,0.00,23.04,world
283.79,2026-08-27 23:58:10,0.00,-4.68,700.00,180.0,corridor,16.60,clear,6.649,6.695,0.00,23.24,world
284.30,2026-08-27 23:58:11,0.00,-4.68,700.00,180.0,corridor,16.62,clear,6.194,6.844,0.00,23.46,world
284.82,2026-08-27 23:58:11,0.00,-4.68,700.00,180.0,corridor,16.64,clear,6.194,6.844,0.00,23.69,world
285.34,2026-08-27 23:58:12,0.00,-4.68,700.00,180.0,corridor,16.66,clear,6.799,7.402,0.00,23.96,world
285.86,2026-08-27 23:58:12,0.00,-4.68,700.00,180.0,corridor,16.68,clear,6.799,7.402,0.00,24.24,world
286.37,2026-08-27 23:58:13,0.00,-4.68,700.00,180.0,corridor,16.70,clear,5.571,6.480,0.00,23.79,world
286.89,2026-08-27 23:58:13,0.00,-4.68,700.00,180.0,corridor,16.72,clear,5.571,6.480,0.00,23.00,world
287.40,2026-08-27 23:58:14,0.00,-4.68,700.00,180.0,corridor,16.74,clear,6.822,6.666,0.00,22.22,world
287.92,2026-08-27 23:58:15,0.00,-4.68,700.00,180.0,corridor,16.76,clear,6.822,6.666,0.00,21.45,world
288.43,2026-08-27 23:58:15,0.00,-4.68,700.00,180.0,corridor,16.78,clear,7.453,6.965,0.00,21.28,world
288.94,2026-08-27 23:58:16,0.00,-4.68,700.00,180.0,corridor,16.80,clear,7.453,6.965,0.00,21.28,world
289.45,2026-08-27 23:58:16,0.00,-4.68,700.00,180.0,corridor,16.82,clear,7.373,6.675,0.00,21.28,world
289.97,2026-08-27 23:58:17,0.00,-4.68,700.00,180.0,corridor,16.84,clear,7.373,6.675,0.00,21.28,world
290.49,2026-08-27 23:58:17,0.00,-4.68,700.00,180.0,corridor,16.86,clear,6.073,7.084,0.00,21.28,world
291.00,2026-08-27 23:58:18,0.00,-4.68,700.00,180.0,corridor,16.88,clear,6.073,7.084,0.00,21.07,world
291.50,2026-08-27 23:58:18,0.00,-4.68,700.00,180.0,corridor,16.90,clear,5.978,7.751,0.00,20.83,world
292.02,2026-08-27 23:58:19,0.00,-4.68,700.00,180.0,corridor,16.92,clear,5.978,7.751,0.00,20.59,world
292.54,2026-08-27 23:58:19,0.00,-4.68,700.00,180.0,corridor,16.95,clear,6.656,7.014,0.00,20.37,world
293.05,2026-08-27 23:58:20,0.00,-4.68,700.00,180.0,corridor,16.97,clear,6.656,7.014,0.00,20.17,world
293.57,2026-08-27 23:58:20,0.00,-4.68,700.00,180.0,corridor,16.99,clear,6.997,6.690,0.00,20.08,world
294.09,2026-08-27 23:58:21,0.00,-4.68,700.00,180.0,corridor,17.01,clear,6.997,6.690,0.00,20.08,world
294.61,2026-08-27 23:58:21,0.00,-4.68,700.00,180.0,corridor,17.03,clear,6.230,6.267,0.00,20.08,world
295.12,2026-08-27 23:58:22,0.00,-4.61,699.30,180.0,corridor,17.05,clear,6.230,6.267,0.00,20.44,world
295.62,2026-08-27 23:58:22,0.00,-4.37,696.92,180.0,corridor,17.07,clear,6.241,6.246,0.00,21.58,world
296.14,2026-08-27 23:58:23,0.00,-4.22,694.41,180.0,corridor,17.09,clear,6.241,6.246,0.00,21.97,world
296.64,2026-08-27 23:58:23,-0.00,-4.27,691.90,180.0,corridor,17.11,clear,7.575,6.827,0.00,22.77,world
297.15,2026-08-27 23:58:24,-0.00,-4.39,689.36,180.0,corridor,17.13,clear,7.714,8.749,0.00,21.79,world
297.66,2026-08-27 23:58:24,0.00,-4.32,686.80,180.0,corridor,17.15,clear,7.714,8.749,0.00,19.55,world
298.16,2026-08-27 23:58:25,0.00,-4.13,684.31,180.0,corridor,17.17,clear,8.456,14.088,0.00,17.46,world
298.67,2026-08-27 23:58:25,0.00,-3.99,681.87,180.0,corridor,17.19,clear,8.456,14.088,0.00,15.52,world
299.17,2026-08-27 23:58:26,0.01,-3.90,679.40,180.0,corridor,17.21,clear,7.673,7.371,0.00,13.72,world
299.69,2026-08-27 23:58:26,0.02,-3.76,676.88,180.0,corridor,17.23,clear,7.673,7.371,0.00,12.12,world
300.19,2026-08-27 23:58:27,0.02,-3.58,674.46,180.0,corridor,17.25,clear,7.640,6.780,0.00,10.93,world
300.70,2026-08-27 23:58:27,0.02,-3.40,672.05,180.0,corridor,17.27,clear,7.640,6.780,0.00,10.19,world
301.20,2026-08-27 23:58:28,0.02,-3.28,669.53,180.0,corridor,17.29,clear,8.843,6.954,0.00,9.99,world
301.72,2026-08-27 23:58:28,0.03,-3.24,666.96,180.0,corridor,17.31,clear,8.843,6.954,0.00,10.43,world
302.23,2026-08-27 23:58:29,0.03,-3.18,664.40,180.0,corridor,17.33,clear,7.341,6.688,0.00,11.44,world
302.74,2026-08-27 23:58:29,0.03,-2.96,662.01,180.0,corridor,17.35,clear,7.341,6.688,0.00,12.78,world
303.26,2026-08-27 23:58:30,0.03,-2.60,659.63,180.0,corridor,17.37,clear,6.067,5.952,0.00,14.39,world
303.78,2026-08-27 23:58:30,0.04,-2.26,657.23,180.0,corridor,17.39,clear,6.067,5.952,0.00,16.20,world
304.29,2026-08-27 23:58:31,0.05,-1.93,654.82,180.0,corridor,17.42,clear,7.556,6.695,0.00,18.15,world
304.80,2026-08-27 23:58:31,0.05,-1.62,652.50,180.0,corridor,17.44,clear,7.556,6.695,0.00,20.13,world
305.31,2026-08-27 23:58:32,0.06,-1.34,650.06,180.0,corridor,17.46,clear,10.865,8.679,0.00,22.28,world
305.83,2026-08-27 23:58:32,0.06,-1.23,647.52,180.0,corridor,17.48,clear,10.865,8.679,0.00,24.57,world
306.34,2026-08-27 23:58:33,0.06,-1.27,644.93,180.0,corridor,17.50,clear,7.374,7.163,0.00,26.97,world
306.85,2026-08-27 23:58:33,0.06,-1.26,642.35,180.0,corridor,17.52,clear,7.374,7.163,0.00,29.39,world
307.35,2026-08-27 23:58:34,0.06,-1.11,639.92,180.0,corridor,17.54,clear,6.802,6.547,1.86,31.69,world
307.88,2026-08-27 23:58:34,0.05,-0.90,637.43,180.0,corridor,17.56,clear,6.802,6.547,4.34,34.05,world
308.39,2026-08-27 23:58:35,0.05,-0.72,634.93,180.0,corridor,17.58,clear,8.106,7.858,6.84,36.45,world
308.90,2026-08-27 23:58:35,0.05,-0.50,632.45,180.0,corridor,17.60,clear,8.106,7.858,9.32,38.85,world
309.42,2026-08-27 23:58:36,0.05,-0.19,630.04,180.0,corridor,17.62,clear,6.602,5.946,11.74,41.18,world
309.94,2026-08-27 23:58:37,0.05,0.16,627.65,180.0,corridor,17.64,clear,6.602,5.946,14.12,43.50,world
310.46,2026-08-27 23:58:37,0.06,0.56,625.31,180.0,corridor,17.66,clear,7.979,6.920,16.46,45.78,world
310.97,2026-08-27 23:58:38,0.06,1.05,623.06,180.0,corridor,17.68,clear,7.979,6.920,18.71,47.98,world
311.48,2026-08-27 23:58:38,0.06,1.57,620.84,180.0,corridor,17.70,clear,7.711,6.421,20.94,50.16,world
311.99,2026-08-27 23:58:39,0.07,2.01,618.62,180.0,corridor,17.72,clear,7.711,6.421,23.15,52.33,world
312.50,2026-08-27 23:58:39,0.07,2.33,616.22,180.0,corridor,17.74,clear,7.845,6.832,25.56,54.69,world
313.02,2026-08-27 23:58:40,0.07,2.55,613.83,180.0,corridor,17.76,clear,7.845,6.832,27.94,57.04,world
313.53,2026-08-27 23:58:40,0.07,2.78,611.36,180.0,corridor,17.78,clear,7.880,9.545,30.42,59.48,world
314.05,2026-08-27 23:58:41,0.07,2.94,608.85,180.0,corridor,17.81,clear,7.880,9.545,32.93,61.95,world
314.56,2026-08-27 23:58:41,0.07,2.96,606.19,180.0,corridor,17.83,clear,8.891,6.427,35.58,64.58,world
315.07,2026-08-27 23:58:42,0.07,2.73,603.63,180.0,corridor,17.85,clear,8.891,6.427,38.14,67.11,world
315.59,2026-08-27 23:58:42,0.07,2.25,600.95,180.0,corridor,17.87,clear,7.237,7.465,40.82,69.76,world
316.10,2026-08-27 23:58:43,0.07,1.70,598.27,180.0,corridor,17.89,clear,7.237,7.465,43.50,72.42,world
316.62,2026-08-27 23:58:43,0.07,1.43,595.61,180.0,corridor,17.91,clear,7.122,8.096,46.16,75.05,world
317.13,2026-08-27 23:58:44,0.07,1.49,593.14,180.0,corridor,17.93,clear,7.122,8.096,48.63,77.50,world
317.64,2026-08-27 23:58:44,0.08,1.77,590.70,180.0,corridor,17.95,clear,8.356,6.941,51.07,79.92,world
318.15,2026-08-27 23:58:45,0.08,2.17,588.37,180.0,corridor,17.97,clear,8.738,7.165,53.40,82.23,world
318.65,2026-08-27 23:58:45,0.07,2.66,586.20,180.0,corridor,17.99,clear,8.738,7.165,55.57,84.38,world
319.15,2026-08-27 23:58:46,0.07,3.11,583.99,180.0,corridor,18.01,clear,6.717,7.905,57.78,86.58,world
319.67,2026-08-27 23:58:46,0.07,3.39,581.56,180.0,corridor,18.03,clear,6.717,7.905,60.22,89.00,world
320.19,2026-08-27 23:58:47,0.06,3.52,579.03,180.0,corridor,18.05,clear,6.810,6.524,62.74,91.51,world
320.71,2026-08-27 23:58:47,0.05,3.68,576.52,180.0,corridor,18.07,clear,6.810,6.524,65.26,94.01,world
321.22,2026-08-27 23:58:48,0.05,3.94,574.07,180.0,corridor,18.09,clear,9.347,8.774,67.71,96.45,world
321.73,2026-08-27 23:58:48,0.05,4.16,571.68,180.0,corridor,18.11,clear,9.347,8.774,70.10,98.82,world
322.24,2026-08-27 23:58:49,0.06,4.28,569.15,180.0,corridor,18.13,clear,7.218,7.597,72.62,101.34,world
322.76,2026-08-27 23:58:49,0.06,4.37,566.60,180.0,corridor,18.15,clear,7.218,7.597,75.17,103.88,world
323.27,2026-08-27 23:58:50,0.07,4.47,564.06,180.0,corridor,18.17,clear,7.099,6.758,77.72,106.41,world
323.79,2026-08-27 23:58:50,0.07,4.58,561.52,180.0,corridor,18.20,clear,7.099,6.758,80.25,108.93,world
324.31,2026-08-27 23:58:51,0.08,4.62,558.95,180.0,corridor,18.22,clear,6.678,6.478,82.82,111.49,world
324.82,2026-08-27 23:58:51,0.08,4.53,556.34,180.0,corridor,18.24,clear,6.678,6.478,85.43,114.09,world
325.33,2026-08-27 23:58:52,0.08,4.31,553.69,180.0,corridor,18.26,clear,7.916,6.390,88.08,116.73,world
325.84,2026-08-27 23:58:52,0.08,4.03,551.12,180.0,corridor,18.28,clear,7.916,6.390,90.66,119.30,world
326.35,2026-08-27 23:58:53,0.09,3.85,548.48,180.0,corridor,18.30,clear,8.867,6.543,93.29,121.93,world
326.87,2026-08-27 23:58:53,0.09,3.71,545.85,180.0,corridor,18.32,clear,8.867,6.543,95.92,124.55,world
327.39,2026-08-27 23:58:54,0.08,3.47,543.20,180.0,corridor,18.34,clear,6.631,6.536,98.57,127.19,world
327.91,2026-08-27 23:58:54,0.08,3.18,540.54,180.0,corridor,18.36,clear,6.631,6.536,101.24,129.84,world
328.42,2026-08-27 23:58:55,0.08,2.87,537.87,180.0,corridor,18.38,clear,7.512,6.614,103.90,132.50,world
328.94,2026-08-27 23:58:56,0.07,2.51,535.20,180.0,corridor,18.40,clear,7.512,6.614,106.57,135.17,world
329.44,2026-08-27 23:58:56,0.06,2.24,532.62,180.0,corridor,18.42,clear,7.981,6.683,109.15,137.74,world
329.96,2026-08-27 23:58:57,0.05,2.27,530.05,180.0,corridor,18.44,clear,7.981,6.683,111.73,140.31,world
330.47,2026-08-27 23:58:57,0.04,2.58,527.61,180.0,corridor,18.46,clear,6.606,6.969,114.16,142.73,world
330.99,2026-08-27 23:58:58,0.02,2.89,525.18,180.0,corridor,18.48,clear,6.606,6.969,116.59,145.16,world
331.51,2026-08-27 23:58:58,0.01,3.10,522.69,180.0,corridor,18.50,clear,7.993,6.355,119.08,147.65,world
332.03,2026-08-27 23:58:59,-0.00,3.25,520.16,180.0,corridor,18.52,clear,7.993,6.355,121.61,150.17,world
332.54,2026-08-27 23:58:59,-0.01,3.30,517.60,180.0,corridor,18.55,clear,7.386,6.391,124.17,152.73,world
333.05,2026-08-27 23:59:00,-0.02,3.06,514.95,180.0,corridor,18.57,clear,7.386,6.391,126.82,155.37,world
333.55,2026-08-27 23:59:00,-0.03,2.56,512.35,180.0,corridor,18.59,clear,7.016,6.061,129.42,157.96,world
334.07,2026-08-27 23:59:01,-0.05,2.07,509.67,180.0,corridor,18.61,clear,7.016,6.061,132.10,160.35,world
334.57,2026-08-27 23:59:01,-0.06,1.81,507.09,180.0,corridor,18.63,clear,9.667,7.033,134.68,162.45,world
335.09,2026-08-27 23:59:02,-0.07,1.66,504.46,180.0,corridor,18.65,clear,9.667,7.033,137.31,164.63,world
335.61,2026-08-27 23:59:02,-0.08,1.61,501.85,180.0,corridor,18.67,clear,7.000,7.770,139.92,166.79,world
336.12,2026-08-27 23:59:03,-0.08,1.73,499.32,180.0,corridor,18.69,clear,7.000,7.770,142.45,168.90,world
336.64,2026-08-27 23:59:03,-0.08,1.97,496.86,180.0,corridor,18.71,clear,6.282,6.396,144.92,170.97,world
337.16,2026-08-27 23:59:04,-0.09,2.20,494.39,180.0,corridor,18.73,clear,8.553,6.161,147.38,173.05,world
337.67,2026-08-27 23:59:04,-0.09,2.34,491.87,180.0,corridor,18.75,clear,8.553,6.161,149.90,175.19,world
338.17,2026-08-27 23:59:05,-0.10,2.44,489.41,180.0,corridor,18.77,clear,7.216,14.035,152.37,177.28,world
338.67,2026-08-27 23:59:05,-0.11,2.45,486.91,180.0,corridor,18.79,clear,7.216,14.035,154.86,179.42,world
339.19,2026-08-27 23:59:06,-0.04,2.27,484.30,180.0,corridor,18.81,clear,6.748,7.089,157.48,181.70,world
339.70,2026-08-27 23:59:06,-0.04,1.82,481.62,180.0,corridor,18.83,clear,6.748,7.089,160.16,184.01,world
340.21,2026-08-27 23:59:07,-0.05,1.26,479.03,180.0,corridor,18.85,clear,8.545,7.040,162.75,186.25,world
340.73,2026-08-27 23:59:07,-0.56,0.86,477.35,180.0,corridor,18.87,clear,8.545,7.040,164.66,187.46,world
341.24,2026-08-27 23:59:08,-0.57,0.35,474.67,180.0,corridor,18.89,clear,7.871,6.766,167.34,189.81,world
341.75,2026-08-27 23:59:08,-0.57,0.00,471.99,180.0,corridor,18.91,clear,7.871,6.766,170.02,190.22,world
342.27,2026-08-27 23:59:09,-0.57,-0.24,469.34,180.0,corridor,18.93,clear,9.207,6.180,172.67,187.84,world
342.79,2026-08-27 23:59:09,-0.57,-0.46,466.69,180.0,corridor,18.96,clear,9.207,6.180,175.32,185.47,world
343.30,2026-08-27 23:59:10,-0.57,-0.55,464.07,180.0,corridor,18.98,clear,7.663,6.227,177.94,183.14,world
343.81,2026-08-27 23:59:10,-0.57,-0.47,461.61,180.0,corridor,19.00,clear,7.663,6.227,180.40,180.95,world
344.31,2026-08-27 23:59:11,-0.57,-0.38,459.15,180.0,corridor,19.02,clear,7.994,6.201,182.86,178.78,world
344.82,2026-08-27 23:59:11,-1.19,-0.32,457.31,180.0,corridor,19.04,clear,7.994,6.201,184.95,176.86,world
345.32,2026-08-27 23:59:12,-1.19,-0.39,454.79,180.0,corridor,19.06,clear,6.921,6.730,187.47,174.64,world
345.84,2026-08-27 23:59:12,-1.19,-0.60,452.15,180.0,corridor,19.08,clear,6.921,6.730,190.12,172.33,world
346.36,2026-08-27 23:59:13,-1.19,-0.87,449.49,180.0,corridor,19.10,clear,7.284,6.221,192.78,170.00,world
346.87,2026-08-27 23:59:13,-1.20,-1.07,446.84,180.0,corridor,19.12,clear,7.284,6.221,195.42,167.69,world
347.37,2026-08-27 23:59:14,-1.21,-1.27,444.28,180.0,corridor,19.14,clear,7.444,6.583,197.98,165.47,world
347.89,2026-08-27 23:59:14,-1.21,-1.63,441.60,180.0,corridor,19.16,clear,7.444,6.583,200.66,163.16,world
348.40,2026-08-27 23:59:15,-1.22,-2.06,438.92,180.0,corridor,19.18,clear,9.413,6.727,203.34,160.86,world
348.91,2026-08-27 23:59:15,-1.22,-2.29,436.35,180.0,corridor,19.20,clear,9.413,6.727,205.91,158.67,world
349.41,2026-08-27 23:59:16,-1.23,-2.26,433.78,180.0,corridor,19.22,clear,7.273,7.911,208.48,156.48,world
349.92,2026-08-27 23:59:17,-1.24,-2.08,431.36,180.0,corridor,19.24,clear,7.273,7.911,210.90,154.43,world
350.43,2026-08-27 23:59:17,-1.25,-1.88,428.87,180.0,corridor,19.26,clear,9.328,7.073,213.40,152.33,world
350.95,2026-08-27 23:59:18,-1.25,-1.71,426.36,180.0,corridor,19.28,clear,9.328,7.073,215.90,150.23,world
351.47,2026-08-27 23:59:18,-1.26,-1.54,423.86,180.0,corridor,19.30,clear,6.557,6.367,218.41,148.15,world
351.98,2026-08-27 23:59:19,-1.26,-1.30,421.48,180.0,corridor,19.32,clear,6.557,6.367,220.78,146.19,world
352.48,2026-08-27 23:59:19,-1.26,-0.94,419.11,180.0,corridor,19.34,clear,8.027,6.343,223.15,144.25,world
353.00,2026-08-27 23:59:20,-1.26,-0.52,416.79,180.0,corridor,19.36,clear,8.027,6.343,225.47,142.36,world
353.52,2026-08-27 23:59:20,-1.26,-0.18,414.41,180.0,corridor,19.38,clear,7.668,6.186,227.86,140.44,world
354.04,2026-08-27 23:59:21,-1.26,-0.04,411.89,180.0,corridor,19.41,clear,7.668,6.186,230.37,138.42,world
354.56,2026-08-27 23:59:21,-1.26,-0.06,409.30,180.0,corridor,19.43,clear,7.383,6.655,232.96,136.35,world
356.37,2026-08-27 23:59:23,0.00,-6.29,2200.00,180.0,corridor,19.48,clear,8.023,12.345,234.80,51.86,world
356.88,2026-08-27 23:59:23,0.00,-6.29,2200.00,180.0,corridor,19.51,clear,29.350,430.917,234.80,51.86,world
357.39,2026-08-27 23:59:24,0.00,-6.29,2200.00,180.0,corridor,19.53,clear,5.736,8.071,234.80,51.86,world
357.89,2026-08-27 23:59:24,0.00,-6.29,2200.00,180.0,corridor,19.55,clear,5.736,8.071,234.80,51.86,world
358.40,2026-08-27 23:59:25,0.00,-6.29,2200.00,180.0,corridor,19.57,clear,6.445,7.581,234.80,51.86,world
358.91,2026-08-27 23:59:25,0.00,-6.29,2200.00,180.0,corridor,19.59,clear,6.445,7.581,234.80,51.86,world
359.42,2026-08-27 23:59:26,0.00,-6.29,2200.00,180.0,corridor,19.61,clear,6.606,6.722,234.80,51.86,world
359.92,2026-08-27 23:59:27,0.00,-6.29,2200.00,180.0,corridor,19.63,clear,6.606,6.722,234.80,51.86,world
360.44,2026-08-27 23:59:27,0.00,-6.29,2200.00,180.0,corridor,19.65,clear,5.470,6.462,234.80,51.86,world
360.94,2026-08-27 23:59:28,0.00,-6.29,2200.00,180.0,corridor,19.67,clear,5.470,6.462,234.80,51.86,world
361.46,2026-08-27 23:59:28,0.00,-6.29,2200.00,180.0,corridor,19.69,clear,5.482,7.240,234.80,51.86,world
361.97,2026-08-27 23:59:29,0.00,-6.29,2200.00,180.0,corridor,19.71,clear,5.482,7.240,234.80,51.86,world
362.49,2026-08-27 23:59:29,0.00,-6.29,2200.00,180.0,corridor,19.73,clear,6.112,6.512,234.80,51.86,world
363.00,2026-08-27 23:59:30,0.00,-6.29,2200.00,180.0,corridor,19.75,clear,6.112,6.512,234.80,51.86,world
363.52,2026-08-27 23:59:30,0.00,-6.29,2200.00,180.0,corridor,19.77,clear,5.576,7.540,234.80,51.86,world
364.04,2026-08-27 23:59:31,0.00,-6.29,2200.00,180.0,corridor,19.79,clear,5.576,7.540,234.80,51.86,world
364.55,2026-08-27 23:59:31,0.00,-6.29,2200.00,180.0,corridor,19.81,clear,5.928,6.616,234.80,51.86,world
365.06,2026-08-27 23:59:32,0.00,-6.29,2200.00,180.0,corridor,19.83,clear,5.928,6.616,234.80,51.86,world
365.57,2026-08-27 23:59:32,0.00,-6.29,2200.00,180.0,corridor,19.86,clear,6.159,7.782,234.80,51.86,world
366.09,2026-08-27 23:59:33,0.00,-6.29,2200.00,180.0,corridor,19.88,clear,6.159,7.782,234.80,51.86,world
366.61,2026-08-27 23:59:33,0.00,-6.29,2200.00,180.0,corridor,19.90,clear,5.430,6.543,234.80,51.86,world
367.12,2026-08-27 23:59:34,0.00,-6.29,2200.00,180.0,corridor,19.92,clear,5.430,6.543,234.80,51.86,world
367.64,2026-08-27 23:59:34,0.00,-6.29,2200.00,180.0,corridor,19.94,clear,7.212,8.545,234.80,51.86,world
368.14,2026-08-27 23:59:35,0.00,-6.29,2200.00,180.0,corridor,19.96,clear,5.177,6.283,234.80,51.86,world
368.64,2026-08-27 23:59:35,0.00,-6.29,2200.00,180.0,corridor,19.98,clear,5.177,6.283,234.80,51.86,world
369.15,2026-08-27 23:59:36,0.00,-6.29,2200.00,180.0,corridor,20.00,clear,5.607,6.258,234.80,51.86,world
369.66,2026-08-27 23:59:36,0.00,-6.29,2200.00,180.0,corridor,20.02,clear,5.607,6.258,234.80,51.86,world
370.17,2026-08-27 23:59:37,0.00,-6.29,2200.00,180.0,corridor,20.04,clear,8.295,10.857,234.80,51.86,world
370.69,2026-08-27 23:59:37,0.00,-6.29,2200.00,180.0,corridor,20.06,clear,8.295,10.857,234.80,51.86,world
371.22,2026-08-27 23:59:38,0.00,-6.29,2200.00,180.0,corridor,20.08,clear,6.614,17.144,234.80,51.86,world
371.73,2026-08-27 23:59:38,0.00,-6.29,2200.00,180.0,corridor,20.09,clear,6.614,17.144,234.80,51.86,world
372.23,2026-08-27 23:59:39,0.00,-6.29,2200.00,180.0,corridor,20.11,clear,8.063,404.560,234.80,51.86,world
372.75,2026-08-27 23:59:39,0.00,-6.29,2200.00,180.0,corridor,20.13,clear,8.063,404.560,234.80,51.86,world
373.27,2026-08-27 23:59:40,0.00,-6.29,2200.00,180.0,corridor,20.15,clear,7.656,11.729,234.80,51.86,world
373.78,2026-08-27 23:59:40,0.00,-6.29,2200.00,180.0,corridor,20.17,clear,7.656,11.729,234.80,51.86,world
374.29,2026-08-27 23:59:41,0.00,-6.29,2200.00,180.0,corridor,20.19,clear,8.551,14.754,234.80,51.86,world
374.79,2026-08-27 23:59:41,0.00,-6.29,2200.00,180.0,corridor,20.21,clear,8.551,14.754,234.80,51.86,world
375.31,2026-08-27 23:59:42,0.00,-6.29,2200.00,180.0,corridor,20.23,clear,10.313,12.710,234.80,51.86,world
375.82,2026-08-27 23:59:42,0.00,-6.29,2200.00,180.0,corridor,20.25,clear,10.313,12.710,234.80,51.86,world
376.34,2026-08-27 23:59:43,0.00,-6.29,2200.00,180.0,corridor,20.27,clear,8.991,11.473,234.80,51.86,world
376.85,2026-08-27 23:59:43,0.00,-6.29,2200.00,180.0,corridor,20.30,clear,8.991,11.473,234.80,51.86,world
377.37,2026-08-27 23:59:44,0.00,-6.29,2200.00,180.0,corridor,20.32,clear,8.111,12.442,234.80,51.86,world
377.87,2026-08-27 23:59:44,0.00,-6.29,2200.00,180.0,corridor,20.34,clear,8.111,12.442,234.80,51.86,world
378.38,2026-08-27 23:59:45,0.00,-6.29,2200.00,180.0,corridor,20.36,clear,7.708,11.025,234.80,51.86,world
378.89,2026-08-27 23:59:45,0.00,-6.29,2200.00,180.0,corridor,20.38,clear,7.708,11.025,234.80,51.86,world
379.39,2026-08-27 23:59:46,0.00,-6.29,2200.00,180.0,corridor,20.40,clear,9.124,12.665,234.80,51.86,world
379.91,2026-08-27 23:59:47,0.00,-6.29,2200.00,180.0,corridor,20.42,clear,9.124,12.665,234.80,51.86,world
380.42,2026-08-27 23:59:47,0.00,-6.29,2200.00,180.0,corridor,20.44,clear,9.319,12.452,234.80,51.86,world
380.93,2026-08-27 23:59:48,0.00,-6.29,2200.00,180.0,corridor,20.46,clear,9.319,12.452,234.80,51.86,world
381.43,2026-08-27 23:59:48,0.00,-6.29,2200.00,180.0,corridor,20.48,clear,7.864,13.426,234.80,51.86,world
381.93,2026-08-27 23:59:49,0.00,-6.29,2200.00,180.0,corridor,20.50,clear,7.864,13.426,234.80,51.86,world
382.45,2026-08-27 23:59:49,0.00,-6.29,2200.00,180.0,corridor,20.52,clear,8.185,11.517,234.80,51.86,world
382.97,2026-08-27 23:59:50,0.00,-6.29,2200.00,180.0,corridor,20.54,clear,8.185,11.517,234.80,51.86,world
383.49,2026-08-27 23:59:50,0.00,-6.29,2200.00,180.0,corridor,20.56,clear,7.210,11.249,234.80,51.86,world
383.99,2026-08-27 23:59:51,0.00,-6.29,2200.00,180.0,corridor,20.58,clear,7.210,11.249,234.80,51.86,world
384.50,2026-08-27 23:59:51,0.00,-6.29,2200.00,180.0,corridor,20.60,clear,7.769,12.424,234.80,51.86,world
385.01,2026-08-27 23:59:52,0.00,-6.29,2200.00,180.0,corridor,20.62,clear,7.769,12.424,234.80,51.86,world
385.51,2026-08-27 23:59:52,0.00,-6.29,2200.00,180.0,corridor,20.64,clear,11.520,14.165,234.80,51.86,world
386.02,2026-08-27 23:59:53,0.00,-6.29,2200.00,180.0,corridor,20.66,clear,11.520,14.165,234.80,51.86,world
386.53,2026-08-27 23:59:53,0.00,-6.29,2200.00,180.0,corridor,20.68,clear,7.815,11.131,234.80,51.86,world
387.04,2026-08-27 23:59:54,0.00,-6.29,2200.00,180.0,corridor,20.70,clear,7.815,11.131,234.80,51.86,world
387.55,2026-08-27 23:59:54,0.00,-6.29,2200.00,180.0,corridor,20.72,clear,7.880,10.945,234.80,51.86,world
388.05,2026-08-27 23:59:55,0.00,-6.29,2200.00,180.0,corridor,20.74,clear,7.880,10.945,234.80,51.86,world
388.56,2026-08-27 23:59:55,0.00,-6.29,2200.00,180.0,corridor,20.76,clear,8.219,10.756,234.80,51.86,world
389.08,2026-08-27 23:59:56,0.00,-6.29,2200.00,180.0,corridor,20.78,clear,8.219,10.756,234.80,51.86,world
389.59,2026-08-27 23:59:56,0.00,-6.29,2200.00,180.0,corridor,20.81,clear,8.146,12.226,234.80,51.86,world
390.10,2026-08-27 23:59:57,0.00,-6.29,2200.00,180.0,corridor,20.83,clear,8.146,12.226,234.80,51.86,world
390.61,2026-08-27 23:59:57,0.00,-6.29,2200.00,180.0,corridor,20.85,clear,8.359,10.885,234.80,51.86,world
391.11,2026-08-27 23:59:58,0.00,-6.29,2200.00,180.0,corridor,20.87,clear,8.359,10.885,234.80,51.86,world
391.62,2026-08-27 23:59:58,0.00,-6.29,2200.00,180.0,corridor,20.89,clear,8.217,11.799,234.80,51.86,world
392.13,2026-08-27 23:59:59,0.00,-6.29,2200.00,180.0,corridor,20.91,clear,8.217,11.799,234.80,51.86,world
392.64,2026-08-27 23:59:59,0.00,-6.29,2200.00,180.0,corridor,20.93,clear,7.084,10.824,234.80,51.86,world
393.15,2026-08-28 00:00:00,0.00,-6.29,2200.00,180.0,corridor,20.95,clear,7.084,10.824,234.80,51.86,world
393.66,2026-08-28 00:00:00,0.00,-6.29,2200.00,180.0,corridor,20.97,clear,8.052,12.067,234.80,51.86,world
394.17,2026-08-28 00:00:01,0.00,-6.29,2200.00,180.0,corridor,20.99,clear,10.612,14.259,234.80,51.86,world
394.69,2026-08-28 00:00:01,0.00,-6.29,2200.00,180.0,corridor,21.01,clear,10.612,14.259,234.80,51.86,world
395.21,2026-08-28 00:00:02,0.00,-6.29,2200.00,180.0,corridor,21.03,clear,8.649,13.411,234.80,51.86,world
395.71,2026-08-28 00:00:02,0.00,-6.29,2200.00,180.0,corridor,21.05,clear,8.649,13.411,234.80,51.86,world
396.22,2026-08-28 00:00:03,0.00,-6.29,2200.00,180.0,corridor,21.07,clear,9.402,13.743,234.80,51.86,world
396.73,2026-08-28 00:00:03,0.00,-6.29,2200.00,180.0,corridor,21.09,clear,9.402,13.743,234.80,51.86,world
397.23,2026-08-28 00:00:04,0.00,-6.29,2200.00,180.0,corridor,21.11,clear,7.623,15.651,234.80,51.86,world
397.74,2026-08-28 00:00:04,0.00,-6.29,2200.00,180.0,corridor,21.13,clear,7.623,15.651,234.80,51.86,world
398.26,2026-08-28 00:00:05,0.00,-6.29,2200.00,180.0,corridor,21.15,clear,9.222,13.026,234.80,51.86,world
398.76,2026-08-28 00:00:05,0.00,-6.29,2200.00,180.0,corridor,21.17,clear,9.222,13.026,234.80,51.86,world
399.27,2026-08-28 00:00:06,0.00,-6.29,2200.00,180.0,corridor,21.19,clear,9.075,12.635,234.80,51.86,world
399.77,2026-08-28 00:00:06,0.00,-6.29,2200.00,180.0,corridor,21.21,clear,9.075,12.635,234.80,51.86,world
400.29,2026-08-28 00:00:07,0.00,-6.29,2200.00,180.0,corridor,21.23,clear,8.179,11.874,234.80,51.86,world
400.80,2026-08-28 00:00:07,0.00,-6.29,2200.00,180.0,corridor,21.25,clear,8.179,11.874,234.80,51.86,world
401.31,2026-08-28 00:00:08,0.00,-6.29,2200.00,180.0,corridor,21.27,clear,8.983,10.766,234.80,51.86,world
401.82,2026-08-28 00:00:08,0.00,-6.29,2200.00,180.0,corridor,21.29,clear,8.983,10.766,234.80,51.86,world
402.33,2026-08-28 00:00:09,0.00,-6.29,2200.00,180.0,corridor,21.31,clear,7.266,10.409,234.80,51.86,world
402.84,2026-08-28 00:00:09,0.00,-6.29,2200.00,180.0,corridor,21.33,clear,7.266,10.409,234.80,51.86,world
403.34,2026-08-28 00:00:10,0.00,-6.29,2200.00,180.0,corridor,21.35,clear,8.159,11.193,234.80,51.86,world
403.85,2026-08-28 00:00:10,0.00,-6.29,2200.00,180.0,corridor,21.38,clear,8.159,11.193,234.80,51.86,world
404.36,2026-08-28 00:00:11,0.00,-6.29,2200.00,180.0,corridor,21.40,clear,8.728,12.357,234.80,51.86,world
404.87,2026-08-28 00:00:11,0.00,-6.29,2200.00,180.0,corridor,21.42,clear,8.728,12.357,234.80,51.86,world
405.38,2026-08-28 00:00:12,0.00,-6.29,2200.00,180.0,corridor,21.44,clear,7.637,11.523,234.80,51.86,world
405.90,2026-08-28 00:00:12,0.00,-6.29,2200.00,180.0,corridor,21.46,clear,7.637,11.523,234.80,51.86,world
406.41,2026-08-28 00:00:13,0.00,-6.29,2200.00,180.0,corridor,21.48,clear,7.691,11.049,234.80,51.86,world
406.92,2026-08-28 00:00:14,0.00,-6.29,2200.00,180.0,corridor,21.50,clear,7.691,11.049,234.80,51.86,world
407.43,2026-08-28 00:00:14,0.00,-6.29,2200.00,180.0,corridor,21.52,clear,7.513,10.699,234.80,51.86,world
407.94,2026-08-28 00:00:15,0.00,-6.29,2200.00,180.0,corridor,21.54,clear,7.513,10.699,234.80,51.86,world
408.45,2026-08-28 00:00:15,0.00,-6.29,2200.00,180.0,corridor,21.56,clear,7.035,10.557,234.80,51.86,world
408.96,2026-08-28 00:00:16,0.00,-6.29,2200.00,180.0,corridor,21.58,clear,7.035,10.557,234.80,51.86,world
409.47,2026-08-28 00:00:16,0.00,-6.29,2200.00,180.0,corridor,21.60,clear,8.126,11.833,234.80,51.86,world
409.98,2026-08-28 00:00:17,0.00,-6.29,2200.00,180.0,corridor,21.62,clear,8.126,11.833,234.80,51.86,world
410.49,2026-08-28 00:00:17,0.00,-6.29,2200.00,180.0,corridor,21.64,clear,8.645,10.811,234.80,51.86,world
411.00,2026-08-28 00:00:18,0.00,-6.29,2200.00,180.0,corridor,21.66,clear,8.645,10.811,234.80,51.86,world
411.52,2026-08-28 00:00:18,0.00,-6.29,2200.00,180.0,corridor,21.68,clear,7.902,10.956,234.80,51.86,world
412.03,2026-08-28 00:00:19,0.00,-6.29,2200.00,180.0,corridor,21.70,clear,7.902,10.956,234.80,51.86,world
412.54,2026-08-28 00:00:19,0.00,-6.29,2200.00,180.0,corridor,21.72,clear,6.770,10.436,234.80,51.86,world
413.04,2026-08-28 00:00:20,0.00,-6.29,2200.00,180.0,corridor,21.74,clear,6.770,10.436,234.80,51.86,world
413.55,2026-08-28 00:00:20,0.00,-6.29,2200.00,180.0,corridor,21.76,clear,6.436,10.122,234.80,51.86,world
414.06,2026-08-28 00:00:21,0.00,-6.29,2200.00,180.0,corridor,21.78,clear,6.436,10.122,234.80,51.86,world
414.57,2026-08-28 00:00:21,0.00,-6.29,2200.00,180.0,corridor,21.80,clear,9.364,10.071,234.80,51.86,world
415.09,2026-08-28 00:00:22,0.00,-6.29,2200.00,180.0,corridor,21.82,clear,9.364,10.071,234.80,51.86,world
415.60,2026-08-28 00:00:22,0.00,-6.29,2200.00,180.0,corridor,21.85,clear,7.090,10.280,234.80,51.86,world
416.11,2026-08-28 00:00:23,0.00,-6.29,2200.00,180.0,corridor,21.87,clear,7.090,10.280,234.80,51.86,world
416.62,2026-08-28 00:00:23,0.00,-6.29,2200.00,180.0,corridor,21.89,clear,7.936,12.326,234.80,51.86,world
417.14,2026-08-28 00:00:24,0.00,-6.29,2200.00,180.0,corridor,21.91,clear,7.936,12.326,234.80,51.86,world
417.65,2026-08-28 00:00:24,0.00,-6.29,2200.00,180.0,corridor,21.93,clear,7.841,13.086,234.80,51.86,world
418.15,2026-08-28 00:00:25,0.00,-6.29,2200.00,180.0,corridor,21.95,clear,8.844,14.320,234.80,51.86,world
418.67,2026-08-28 00:00:25,0.00,-6.29,2200.00,180.0,corridor,21.97,clear,8.844,14.320,234.80,51.86,world
419.19,2026-08-28 00:00:26,0.00,-6.29,2200.00,180.0,corridor,21.99,clear,7.552,15.030,234.80,51.86,world
419.69,2026-08-28 00:00:26,0.00,-6.29,2200.00,180.0,corridor,22.01,clear,7.552,15.030,234.80,51.86,world
420.21,2026-08-28 00:00:27,0.00,-6.29,2200.00,180.0,corridor,22.03,clear,7.112,11.449,234.80,51.86,world
420.71,2026-08-28 00:00:27,0.00,-6.29,2200.00,180.0,corridor,22.05,clear,7.112,11.449,234.80,51.86,world
421.23,2026-08-28 00:00:28,0.00,-6.29,2200.00,180.0,corridor,22.07,clear,7.027,11.729,234.80,51.86,world
421.73,2026-08-28 00:00:28,0.00,-6.29,2200.00,180.0,corridor,22.09,clear,7.027,11.729,234.80,51.86,world
422.24,2026-08-28 00:00:29,0.00,-6.29,2200.00,180.0,corridor,22.11,clear,7.636,10.988,234.80,51.86,world
422.75,2026-08-28 00:00:29,0.00,-6.29,2200.00,180.0,corridor,22.13,clear,7.636,10.988,234.80,51.86,world
423.26,2026-08-28 00:00:30,0.00,-6.29,2200.00,180.0,corridor,22.15,clear,8.523,13.852,234.80,51.86,world
423.76,2026-08-28 00:00:30,0.00,-6.29,2200.00,180.0,corridor,22.17,clear,8.523,13.852,234.80,51.86,world
424.27,2026-08-28 00:00:31,0.00,-6.29,2200.00,180.0,corridor,22.19,clear,8.308,10.846,234.80,51.86,world
424.78,2026-08-28 00:00:31,0.00,-6.29,2200.00,180.0,corridor,22.21,clear,8.308,10.846,234.80,51.86,world
425.28,2026-08-28 00:00:32,0.00,-6.29,2200.00,180.0,corridor,22.23,clear,8.974,12.231,234.80,51.86,world
425.80,2026-08-28 00:00:32,0.00,-6.29,2200.00,180.0,corridor,22.25,clear,8.974,12.231,234.80,51.86,world
426.32,2026-08-28 00:00:33,0.00,-6.29,2200.00,180.0,corridor,22.27,clear,7.650,10.561,234.80,51.86,world
426.82,2026-08-28 00:00:33,0.00,-6.29,2200.00,180.0,corridor,22.29,clear,7.650,10.561,234.80,51.86,world
427.33,2026-08-28 00:00:34,0.00,-6.29,2200.00,180.0,corridor,22.31,clear,8.361,11.153,234.80,51.86,world
427.85,2026-08-28 00:00:34,0.00,-6.29,2200.00,180.0,corridor,22.34,clear,8.361,11.153,234.80,51.86,world
428.37,2026-08-28 00:00:35,0.00,-6.29,2200.00,180.0,corridor,22.36,clear,8.849,10.806,234.80,51.86,world
428.87,2026-08-28 00:00:35,0.00,-6.29,2200.00,180.0,corridor,22.38,clear,8.849,10.806,234.80,51.86,world
429.38,2026-08-28 00:00:36,0.00,-6.29,2200.00,180.0,corridor,22.40,clear,8.356,11.336,234.80,51.86,world
429.88,2026-08-28 00:00:36,0.00,-6.29,2200.00,180.0,corridor,22.42,clear,8.356,11.336,234.80,51.86,world
430.39,2026-08-28 00:00:37,0.00,-6.29,2200.00,180.0,corridor,22.44,clear,28.276,11.309,234.80,51.86,world
430.90,2026-08-28 00:00:37,0.00,-6.29,2200.00,180.0,corridor,22.46,clear,28.276,11.309,234.80,51.86,world
431.41,2026-08-28 00:00:38,0.00,-6.29,2200.00,180.0,corridor,22.48,clear,7.390,11.199,234.80,51.86,world
431.93,2026-08-28 00:00:39,0.01,-6.00,2198.26,180.0,corridor,22.50,clear,7.390,11.199,236.54,51.34,world
432.44,2026-08-28 00:00:39,0.02,-5.61,2195.97,180.0,corridor,22.52,clear,7.690,11.304,238.82,50.73,world
432.94,2026-08-28 00:00:40,0.03,-5.23,2193.61,180.0,corridor,22.54,clear,7.690,11.304,241.19,50.20,world
433.45,2026-08-28 00:00:40,0.03,-4.89,2191.30,180.0,corridor,22.56,clear,8.389,12.192,243.50,49.79,world
433.97,2026-08-28 00:00:41,0.04,-4.54,2188.83,180.0,corridor,22.58,clear,8.389,12.192,245.97,49.46,world
434.48,2026-08-28 00:00:41,0.04,-4.22,2186.50,180.0,corridor,22.60,clear,7.707,11.437,248.30,47.36,world
434.99,2026-08-28 00:00:42,0.05,-3.89,2184.10,180.0,corridor,22.62,clear,7.707,11.437,250.70,44.97,world
435.50,2026-08-28 00:00:42,0.19,-3.50,2181.90,180.0,corridor,22.64,clear,6.991,10.510,252.92,42.77,world
436.01,2026-08-28 00:00:43,0.20,-2.93,2179.72,180.0,corridor,22.66,clear,6.991,10.510,255.11,40.59,world
436.52,2026-08-28 00:00:43,0.20,-2.28,2177.72,180.0,corridor,22.68,clear,7.240,10.314,257.10,38.60,world
437.02,2026-08-28 00:00:44,0.21,-1.60,2175.69,180.0,corridor,22.70,clear,7.240,10.314,259.13,36.57,world
437.54,2026-08-28 00:00:44,0.22,-0.93,2173.62,180.0,corridor,22.72,clear,6.968,9.779,261.20,34.51,world
438.05,2026-08-28 00:00:45,0.23,-0.33,2171.49,180.0,corridor,22.74,clear,6.968,9.779,263.34,32.37,world
438.56,2026-08-28 00:00:45,0.23,0.18,2169.33,180.0,corridor,22.76,clear,8.210,10.891,265.49,30.22,world
439.07,2026-08-28 00:00:46,0.24,0.62,2167.10,180.0,corridor,22.78,clear,8.210,10.891,0.00,28.00,world
439.59,2026-08-28 00:00:46,0.24,1.05,2164.68,180.0,corridor,22.81,clear,8.387,10.923,0.00,25.59,world
440.09,2026-08-28 00:00:47,0.25,1.46,2162.43,180.0,corridor,22.83,clear,8.387,10.923,0.00,23.34,world
440.61,2026-08-28 00:00:47,0.25,1.93,2160.14,180.0,corridor,22.85,clear,7.395,10.999,0.00,21.07,world
441.11,2026-08-28 00:00:48,0.25,2.35,2157.90,180.0,corridor,22.87,clear,7.395,10.999,0.00,18.84,world
441.62,2026-08-28 00:00:48,0.26,2.66,2155.57,180.0,corridor,22.89,clear,7.850,10.860,0.00,16.52,world
442.13,2026-08-28 00:00:49,0.26,2.89,2153.02,180.0,corridor,22.91,clear,7.850,10.860,0.00,13.99,world
442.64,2026-08-28 00:00:49,0.26,3.12,2150.72,180.0,corridor,22.93,clear,8.649,12.240,0.00,11.71,world
443.16,2026-08-28 00:00:50,0.26,3.45,2148.23,180.0,corridor,22.95,clear,7.205,10.732,0.00,9.29,world
443.67,2026-08-28 00:00:50,0.26,3.75,2145.82,180.0,corridor,22.97,clear,7.205,10.732,0.00,6.96,world
444.19,2026-08-28 00:00:51,0.26,3.91,2143.40,180.0,corridor,22.99,clear,7.327,11.555,0.00,4.66,world
444.70,2026-08-28 00:00:51,0.26,3.95,2140.91,180.0,corridor,23.01,clear,7.327,11.555,0.00,2.54,world
445.22,2026-08-28 00:00:52,0.26,3.92,2138.24,180.0,corridor,23.03,clear,8.473,12.245,0.00,1.55,world
445.73,2026-08-28 00:00:52,0.26,3.84,2135.55,180.0,corridor,23.05,clear,8.473,12.245,0.00,2.72,world
446.24,2026-08-28 00:00:53,0.26,3.69,2133.09,180.0,corridor,23.07,clear,8.037,13.616,0.00,4.97,world
446.75,2026-08-28 00:00:53,0.26,3.40,2130.35,180.0,corridor,23.09,clear,8.037,13.616,0.00,7.63,world
447.27,2026-08-28 00:00:54,0.26,3.14,2127.78,180.0,corridor,23.11,clear,8.375,11.202,0.00,10.16,world
447.78,2026-08-28 00:00:54,0.26,2.96,2125.14,180.0,corridor,23.13,clear,8.375,11.202,0.00,12.77,world
448.29,2026-08-28 00:00:55,0.27,2.84,2122.61,180.0,corridor,23.15,clear,7.662,11.815,0.00,12.31,world
448.79,2026-08-28 00:00:55,0.28,2.76,2119.99,180.0,corridor,23.17,clear,7.662,11.815,0.00,9.92,world
449.30,2026-08-28 00:00:56,0.28,2.62,2117.45,180.0,corridor,23.19,clear,7.826,10.849,0.00,8.11,world
449.81,2026-08-28 00:00:56,0.28,2.37,2114.80,180.0,corridor,23.21,clear,7.826,10.849,0.00,7.16,world
450.33,2026-08-28 00:00:57,0.29,2.07,2112.14,180.0,corridor,23.23,clear,7.778,13.368,0.00,7.13,world
450.84,2026-08-28 00:00:57,0.29,1.86,2109.58,180.0,corridor,23.25,clear,7.778,13.368,0.00,7.99,world
451.35,2026-08-28 00:00:58,0.29,1.80,2106.90,180.0,corridor,23.28,clear,12.887,17.573,0.00,9.60,world
451.87,2026-08-28 00:00:58,0.29,1.78,2104.39,180.0,corridor,23.30,clear,12.887,17.573,0.00,11.72,world
452.38,2026-08-28 00:00:59,0.29,1.71,2101.78,180.0,corridor,23.32,clear,7.661,11.734,0.00,14.27,world
452.90,2026-08-28 00:00:59,0.29,1.58,2099.16,180.0,corridor,23.34,clear,7.661,11.734,0.00,17.05,world
453.41,2026-08-28 00:01:00,0.29,1.37,2096.52,180.0,corridor,23.36,clear,7.138,10.176,0.00,19.98,world
453.93,2026-08-28 00:01:01,0.29,1.09,2093.86,180.0,corridor,23.38,clear,7.138,10.176,0.00,23.00,world
454.45,2026-08-28 00:01:01,0.29,0.76,2091.20,180.0,corridor,23.40,clear,7.261,9.156,0.00,25.74,world
454.95,2026-08-28 00:01:02,0.29,0.44,2088.54,180.0,corridor,23.42,clear,7.261,9.156,0.00,28.36,world
455.46,2026-08-28 00:01:02,0.29,0.15,2085.96,180.0,corridor,23.44,clear,7.056,8.673,0.94,30.90,world
455.98,2026-08-28 00:01:03,0.29,-0.10,2083.31,180.0,corridor,23.46,clear,7.056,8.673,3.60,33.52,world
456.48,2026-08-28 00:01:03,0.30,-0.24,2080.77,180.0,corridor,23.48,clear,7.135,11.995,6.14,36.04,world
457.00,2026-08-28 00:01:04,0.30,-0.28,2078.17,180.0,corridor,23.50,clear,7.135,11.995,8.74,38.61,world
457.51,2026-08-28 00:01:04,0.30,-0.13,2075.65,180.0,corridor,23.52,clear,7.135,9.629,11.25,41.11,world
458.01,2026-08-28 00:01:05,0.30,0.15,2073.30,180.0,corridor,23.54,clear,7.135,9.629,13.60,43.44,world
458.52,2026-08-28 00:01:05,0.30,0.42,2070.87,180.0,corridor,23.56,clear,7.418,9.093,16.04,45.86,world
459.04,2026-08-28 00:01:06,0.30,0.52,2068.33,180.0,corridor,23.58,clear,7.418,9.093,18.57,48.38,world
459.56,2026-08-28 00:01:06,0.29,0.43,2065.72,180.0,corridor,23.60,clear,6.805,8.879,21.18,50.98,world
460.08,2026-08-28 00:01:07,0.29,0.39,2063.12,180.0,corridor,23.62,clear,6.805,8.879,23.78,53.57,world
460.59,2026-08-28 00:01:07,0.28,0.45,2060.56,180.0,corridor,23.65,clear,6.426,8.706,26.34,56.12,world
461.10,2026-08-28 00:01:08,0.28,0.49,2058.00,180.0,corridor,23.67,clear,6.426,8.706,28.91,58.67,world
461.61,2026-08-28 00:01:08,0.27,0.48,2055.50,180.0,corridor,23.69,clear,6.602,8.780,31.41,61.17,world
462.13,2026-08-28 00:01:09,0.28,0.44,2052.91,180.0,corridor,23.71,clear,6.602,8.780,34.00,63.75,world
462.63,2026-08-28 00:01:09,0.28,0.43,2050.32,180.0,corridor,23.73,clear,7.009,8.978,36.59,66.33,world
463.14,2026-08-28 00:01:10,0.28,0.36,2047.80,180.0,corridor,23.75,clear,7.009,8.978,39.11,68.85,world
463.65,2026-08-28 00:01:10,0.28,0.07,2045.23,180.0,corridor,23.77,clear,6.918,8.532,41.68,71.41,world
464.15,2026-08-28 00:01:11,0.27,-0.43,2042.64,180.0,corridor,23.79,clear,9.060,9.777,44.27,73.99,world
464.65,2026-08-28 00:01:11,0.27,-1.02,2039.96,180.0,corridor,23.81,clear,9.060,9.777,46.95,76.66,world
465.16,2026-08-28 00:01:12,0.27,-1.59,2037.37,180.0,corridor,23.83,clear,7.444,8.552,49.54,79.25,world
465.67,2026-08-28 00:01:12,0.26,-2.10,2034.69,180.0,corridor,23.85,clear,7.444,8.552,52.21,81.92,world
466.19,2026-08-28 00:01:13,0.26,-2.42,2032.03,180.0,corridor,23.87,clear,7.282,9.645,54.88,84.58,world
466.71,2026-08-28 00:01:13,0.26,-2.53,2029.42,180.0,corridor,23.89,clear,7.282,9.645,57.49,87.19,world
467.21,2026-08-28 00:01:14,0.25,-2.64,2026.88,180.0,corridor,23.91,clear,6.976,9.386,60.03,89.72,world
467.71,2026-08-28 00:01:14,0.25,-2.81,2024.25,180.0,corridor,23.93,clear,6.976,9.386,62.66,92.35,world
468.22,2026-08-28 00:01:15,0.25,-2.85,2021.74,180.0,corridor,23.95,clear,7.144,9.178,65.17,94.86,world
468.72,2026-08-28 00:01:15,0.25,-2.73,2019.29,180.0,corridor,23.97,clear,7.144,9.178,67.62,97.30,world
469.24,2026-08-28 00:01:16,0.25,-2.54,2016.80,180.0,corridor,23.99,clear,7.101,8.973,70.11,99.78,world
469.76,2026-08-28 00:01:16,0.25,-2.38,2014.29,180.0,corridor,0.01,clear,7.101,8.973,72.61,102.29,world
470.27,2026-08-28 00:01:17,0.24,-2.30,2011.83,180.0,corridor,0.03,clear,6.965,9.225,75.08,104.75,world
470.77,2026-08-28 00:01:17,0.24,-2.30,2009.25,180.0,corridor,0.05,clear,6.965,9.225,77.66,107.33,world
471.28,2026-08-28 00:01:18,0.24,-2.37,2006.73,180.0,corridor,0.07,clear,7.928,9.333,80.18,109.84,world
471.78,2026-08-28 00:01:18,0.24,-2.51,2004.10,180.0,corridor,0.09,clear,7.928,9.333,82.81,112.47,world
472.30,2026-08-28 00:01:19,0.24,-2.75,2001.54,180.0,corridor,0.11,clear,6.437,8.700,85.37,115.03,world
472.80,2026-08-28 00:01:19,0.24,-3.09,1998.87,180.0,corridor,0.13,clear,6.437,8.700,88.03,117.69,world
473.30,2026-08-28 00:01:20,0.24,-3.38,1996.39,180.0,corridor,0.15,clear,7.268,8.174,90.52,120.18,world
473.82,2026-08-28 00:01:20,0.23,-3.60,1993.66,180.0,corridor,0.17,clear,7.268,8.174,93.25,122.91,world
474.34,2026-08-28 00:01:21,0.23,-3.84,1991.09,180.0,corridor,0.19,clear,7.799,8.550,95.82,125.47,world
474.85,2026-08-28 00:01:21,0.22,-4.14,1988.34,180.0,corridor,0.22,clear,7.799,8.550,98.56,128.21,world
475.36,2026-08-28 00:01:22,0.22,-4.27,1985.80,180.0,corridor,0.24,clear,8.226,9.046,101.10,130.75,world
475.87,2026-08-28 00:01:22,0.22,-4.23,1983.32,180.0,corridor,0.26,clear,8.226,9.046,103.59,133.23,world
476.37,2026-08-28 00:01:23,0.21,-4.18,1980.76,180.0,corridor,0.28,clear,8.948,8.170,106.15,135.79,world
476.89,2026-08-28 00:01:23,0.21,-4.24,1978.16,180.0,corridor,0.30,clear,8.948,8.170,108.75,138.39,world
477.40,2026-08-28 00:01:24,0.21,-4.35,1975.62,180.0,corridor,0.32,clear,7.598,9.883,111.28,140.93,world
477.91,2026-08-28 00:01:25,0.21,-4.43,1973.02,180.0,corridor,0.34,clear,7.598,9.883,113.89,143.53,world
478.42,2026-08-28 00:01:25,0.21,-4.47,1970.42,180.0,corridor,0.36,clear,7.381,9.265,116.49,146.12,world
478.93,2026-08-28 00:01:26,0.21,-4.52,1967.82,180.0,corridor,0.38,clear,7.381,9.265,119.08,148.72,world
479.44,2026-08-28 00:01:26,0.21,-4.63,1965.29,180.0,corridor,0.40,clear,8.330,8.134,121.62,150.84,world
479.96,2026-08-28 00:01:27,0.21,-4.90,1962.63,180.0,corridor,0.42,clear,8.330,8.134,124.27,152.10,world
480.47,2026-08-28 00:01:27,0.21,-5.28,1960.05,180.0,corridor,0.44,clear,6.661,8.230,126.86,153.37,world
480.98,2026-08-28 00:01:28,0.22,-5.70,1957.38,180.0,corridor,0.46,clear,6.661,8.230,129.53,154.71,world
481.50,2026-08-28 00:01:28,0.22,-6.20,1954.70,180.0,corridor,0.48,clear,6.660,8.427,132.20,156.08,world
482.01,2026-08-28 00:01:29,0.22,-6.82,1952.03,180.0,corridor,0.50,clear,6.660,8.427,134.88,157.49,world
482.51,2026-08-28 00:01:29,0.22,-7.50,1949.36,180.0,corridor,0.52,clear,7.860,9.275,137.54,158.93,world
483.02,2026-08-28 00:01:30,0.22,-8.10,1946.78,180.0,corridor,0.54,clear,7.860,9.275,140.13,160.36,world
483.53,2026-08-28 00:01:30,0.21,-8.49,1944.19,180.0,corridor,0.56,clear,9.135,8.895,142.71,161.81,world
484.04,2026-08-28 00:01:31,0.21,-8.53,1941.60,180.0,corridor,0.58,clear,9.135,8.895,145.30,163.30,world
484.55,2026-08-28 00:01:31,0.21,-8.35,1939.19,180.0,corridor,0.60,clear,7.658,8.582,147.72,164.70,world
485.05,2026-08-28 00:01:32,0.22,-8.10,1936.74,180.0,corridor,0.62,clear,7.658,8.582,150.17,166.16,world
485.56,2026-08-28 00:01:32,0.22,-7.85,1934.37,180.0,corridor,0.64,clear,8.316,9.234,152.54,167.58,world
486.08,2026-08-28 00:01:33,0.22,-7.61,1931.91,180.0,corridor,0.66,clear,8.316,9.234,155.00,169.09,world
486.59,2026-08-28 00:01:33,0.22,-7.41,1929.42,180.0,corridor,0.68,clear,8.512,10.974,157.49,170.63,world
487.10,2026-08-28 00:01:34,0.21,-7.18,1926.95,180.0,corridor,0.71,clear,8.512,10.974,159.96,172.19,world
487.61,2026-08-28 00:01:34,0.21,-6.92,1924.50,180.0,corridor,0.73,clear,9.274,10.690,162.41,173.76,world
488.13,2026-08-28 00:01:35,0.20,-6.75,1922.07,180.0,corridor,0.75,clear,9.274,10.690,164.84,175.33,world
488.64,2026-08-28 00:01:35,0.19,-6.74,1919.49,180.0,corridor,0.77,clear,9.007,11.056,167.42,177.03,world
489.15,2026-08-28 00:01:36,0.18,-6.71,1916.91,180.0,corridor,0.79,clear,8.368,12.269,170.00,178.74,world
489.66,2026-08-28 00:01:36,0.17,-6.55,1914.39,180.0,corridor,0.81,clear,8.368,12.269,172.51,180.44,world
490.18,2026-08-28 00:01:37,0.16,-6.38,1911.97,180.0,corridor,0.83,clear,7.081,9.372,174.94,182.09,world
490.69,2026-08-28 00:01:37,0.15,-6.26,1909.44,180.0,corridor,0.85,clear,7.081,9.372,177.47,183.83,world
491.21,2026-08-28 00:01:38,0.15,-6.24,1906.87,180.0,corridor,0.87,clear,8.619,9.934,180.04,185.61,world
492.90,2026-08-28 00:01:39,0.00,-5.45,4000.00,180.0,corridor,0.92,clear,12.990,12.940,181.48,52.34,world
493.41,2026-08-28 00:01:40,0.00,-5.45,4000.00,180.0,corridor,0.95,clear,8.073,403.253,181.48,51.62,world
493.92,2026-08-28 00:01:41,0.00,-5.45,4000.00,180.0,corridor,0.97,clear,8.073,403.253,181.48,50.91,world
494.43,2026-08-28 00:01:41,0.00,-5.45,4000.00,180.0,corridor,0.99,clear,8.139,7.715,181.48,50.20,world
494.93,2026-08-28 00:01:42,0.00,-5.45,4000.00,180.0,corridor,1.01,clear,8.139,7.715,181.48,49.54,world
495.45,2026-08-28 00:01:42,0.00,-5.45,4000.00,180.0,corridor,1.03,clear,9.321,7.775,181.48,48.83,world
495.96,2026-08-28 00:01:43,0.00,-5.45,4000.00,180.0,corridor,1.05,clear,9.321,7.775,181.48,48.12,world
496.46,2026-08-28 00:01:43,0.00,-5.45,4000.00,180.0,corridor,1.07,clear,7.766,7.163,181.48,47.41,world
496.97,2026-08-28 00:01:44,0.00,-5.45,4000.00,180.0,corridor,1.09,clear,7.766,7.163,181.48,46.72,world
497.48,2026-08-28 00:01:44,0.00,-5.45,4000.00,180.0,corridor,1.11,clear,7.128,9.207,181.48,46.01,world
497.98,2026-08-28 00:01:45,0.00,-5.45,4000.00,180.0,corridor,1.13,clear,7.128,9.207,181.48,45.35,world
498.49,2026-08-28 00:01:45,0.00,-5.45,4000.00,180.0,corridor,1.15,clear,8.862,7.182,181.48,44.64,world
499.00,2026-08-28 00:01:46,0.00,-5.45,4000.00,180.0,corridor,1.17,clear,8.862,7.182,181.48,44.33,world
499.51,2026-08-28 00:01:46,0.00,-5.45,4000.00,180.0,corridor,1.19,clear,6.377,6.894,181.48,44.33,world
500.02,2026-08-28 00:01:47,0.00,-5.45,4000.00,180.0,corridor,1.21,clear,6.377,6.894,181.48,44.33,world
500.53,2026-08-28 00:01:47,0.00,-5.45,4000.00,180.0,corridor,1.23,clear,8.420,25.707,181.48,44.33,world
501.03,2026-08-28 00:01:48,0.00,-5.45,4000.00,180.0,corridor,1.25,clear,8.420,25.707,181.48,44.33,world
501.55,2026-08-28 00:01:48,0.00,-5.45,4000.00,180.0,corridor,1.27,clear,8.064,7.210,181.48,44.33,world
502.05,2026-08-28 00:01:49,0.00,-5.45,4000.00,180.0,corridor,1.29,clear,8.064,7.210,181.48,44.33,world
502.56,2026-08-28 00:01:49,0.00,-5.45,4000.00,180.0,corridor,1.31,clear,8.043,8.078,181.48,44.33,world
503.06,2026-08-28 00:01:50,0.00,-5.45,4000.00,180.0,corridor,1.33,clear,8.043,8.078,181.48,44.02,world
503.57,2026-08-28 00:01:50,0.00,-5.45,4000.00,180.0,corridor,1.35,clear,7.753,7.536,181.48,43.67,world
504.09,2026-08-28 00:01:51,0.00,-5.45,4000.00,180.0,corridor,1.38,clear,7.753,7.536,181.48,43.34,world
504.61,2026-08-28 00:01:51,0.00,-5.45,4000.00,180.0,corridor,1.40,clear,7.335,7.098,181.48,43.00,world
505.12,2026-08-28 00:01:52,0.00,-5.45,4000.00,180.0,corridor,1.42,clear,7.335,7.098,181.48,42.68,world
505.64,2026-08-28 00:01:52,0.00,-5.45,4000.00,180.0,corridor,1.44,clear,7.196,6.845,181.48,42.37,world
506.15,2026-08-28 00:01:53,0.00,-5.45,4000.00,180.0,corridor,1.46,clear,7.492,6.848,181.48,42.06,world
506.67,2026-08-28 00:01:53,0.00,-5.45,4000.00,180.0,corridor,1.48,clear,7.492,6.848,181.48,41.83,world
507.19,2026-08-28 00:01:54,0.00,-5.45,4000.00,180.0,corridor,1.50,clear,6.686,7.540,181.48,41.83,world
507.70,2026-08-28 00:01:54,0.00,-5.45,4000.00,180.0,corridor,1.52,clear,6.686,7.540,181.48,41.83,world
508.21,2026-08-28 00:01:55,0.00,-5.45,4000.00,180.0,corridor,1.53,clear,7.457,382.498,181.48,41.83,world
508.73,2026-08-28 00:01:55,0.00,-5.45,4000.00,180.0,corridor,1.55,clear,7.457,382.498,181.48,41.83,world
509.24,2026-08-28 00:01:56,0.00,-5.45,4000.00,180.0,corridor,1.57,clear,7.765,7.566,181.48,41.95,world
509.76,2026-08-28 00:01:56,0.00,-5.45,4000.00,180.0,corridor,1.59,clear,7.765,7.566,181.48,42.15,world
510.26,2026-08-28 00:01:57,0.00,-5.45,4000.00,180.0,corridor,1.61,clear,7.121,7.751,181.48,42.36,world
510.78,2026-08-28 00:01:57,0.00,-5.45,4000.00,180.0,corridor,1.63,clear,7.121,7.751,181.48,42.59,world
511.28,2026-08-28 00:01:58,0.00,-5.45,4000.00,180.0,corridor,1.65,clear,7.732,7.439,181.48,42.82,world
511.79,2026-08-28 00:01:58,0.00,-5.45,4000.00,180.0,corridor,1.67,clear,7.732,7.439,181.48,43.07,world
512.31,2026-08-28 00:01:59,0.00,-5.45,4000.00,180.0,corridor,1.69,clear,6.650,7.796,181.48,43.33,world
512.82,2026-08-28 00:01:59,0.00,-5.45,4000.00,180.0,corridor,1.71,clear,6.650,7.796,181.48,43.60,world
513.33,2026-08-28 00:02:00,0.00,-5.45,4000.00,180.0,corridor,1.74,clear,7.508,8.147,181.48,43.88,world
513.84,2026-08-28 00:02:00,0.00,-5.45,4000.00,180.0,corridor,1.76,clear,7.508,8.147,181.48,44.17,world
514.35,2026-08-28 00:02:01,0.00,-5.45,4000.00,180.0,corridor,1.78,clear,7.266,7.540,181.48,44.46,world
514.85,2026-08-28 00:02:01,0.00,-5.45,4000.00,180.0,corridor,1.80,clear,7.266,7.540,181.48,44.46,world
515.36,2026-08-28 00:02:02,0.00,-5.45,4000.00,180.0,corridor,1.82,clear,7.441,7.106,181.48,44.46,world
515.87,2026-08-28 00:02:02,0.00,-5.45,4000.00,180.0,corridor,1.84,clear,7.441,7.106,181.48,44.46,world
516.39,2026-08-28 00:02:03,0.00,-5.45,4000.00,180.0,corridor,1.86,clear,8.061,7.600,181.48,44.46,world
516.89,2026-08-28 00:02:03,0.00,-5.45,4000.00,180.0,corridor,1.88,clear,8.061,7.600,181.48,44.46,world
517.40,2026-08-28 00:02:04,0.00,-5.45,4000.00,180.0,corridor,1.90,clear,9.571,8.134,181.48,44.53,world
517.91,2026-08-28 00:02:05,0.00,-5.45,4000.00,180.0,corridor,1.92,clear,9.571,8.134,181.48,45.01,world
518.44,2026-08-28 00:02:05,0.00,-5.45,4000.00,180.0,corridor,1.94,clear,7.468,7.738,181.48,45.47,world
518.95,2026-08-28 00:02:06,0.00,-5.45,4000.00,180.0,corridor,1.96,clear,7.468,7.738,181.48,45.94,world
519.46,2026-08-28 00:02:06,0.00,-5.45,4000.00,180.0,corridor,1.98,clear,7.452,7.136,181.48,46.41,world
519.98,2026-08-28 00:02:07,0.00,-5.45,4000.00,180.0,corridor,2.00,clear,7.452,7.136,181.48,46.89,world
520.49,2026-08-28 00:02:07,0.00,-5.45,4000.00,180.0,corridor,2.02,clear,9.374,7.773,181.48,47.38,world
521.00,2026-08-28 00:02:08,0.00,-5.45,4000.00,180.0,corridor,2.04,clear,9.374,7.773,181.48,47.88,world
521.52,2026-08-28 00:02:08,0.00,-5.45,4000.00,180.0,corridor,2.06,clear,6.536,7.981,181.48,48.38,world
522.03,2026-08-28 00:02:09,0.00,-5.45,4000.00,180.0,corridor,2.08,clear,6.536,7.981,181.48,48.41,world
522.53,2026-08-28 00:02:09,0.00,-5.45,4000.00,180.0,corridor,2.10,clear,7.953,7.506,181.48,48.41,world
523.05,2026-08-28 00:02:10,0.00,-5.45,4000.00,180.0,corridor,2.12,clear,7.953,7.506,181.48,48.41,world
523.55,2026-08-28 00:02:10,0.00,-5.45,4000.00,180.0,corridor,2.14,clear,6.338,6.819,181.48,48.51,world
524.06,2026-08-28 00:02:11,0.00,-5.45,4000.00,180.0,corridor,2.16,clear,6.338,6.819,181.48,48.70,world
524.57,2026-08-28 00:02:11,0.00,-5.45,4000.00,180.0,corridor,2.19,clear,6.546,8.043,181.48,48.91,world
525.09,2026-08-28 00:02:12,0.00,-5.45,4000.00,180.0,corridor,2.21,clear,6.546,8.043,181.48,49.13,world
525.60,2026-08-28 00:02:12,0.00,-5.45,4000.00,180.0,corridor,2.23,clear,6.771,7.402,181.48,49.30,world
526.10,2026-08-28 00:02:13,0.00,-5.45,4000.00,180.0,corridor,2.25,clear,6.771,7.402,181.48,49.30,world
526.62,2026-08-28 00:02:13,0.00,-5.45,4000.00,180.0,corridor,2.27,clear,7.039,7.074,181.48,49.30,world
527.14,2026-08-28 00:02:14,0.00,-5.45,4000.00,180.0,corridor,2.29,clear,7.039,7.074,181.48,49.30,world
527.66,2026-08-28 00:02:14,0.00,-5.45,4000.00,180.0,corridor,2.31,clear,7.923,7.973,181.48,49.35,world
528.17,2026-08-28 00:02:15,0.00,-5.45,4000.00,180.0,corridor,2.33,clear,7.895,17.244,181.48,49.40,world
528.69,2026-08-28 00:02:15,0.00,-5.45,4000.00,180.0,corridor,2.35,clear,7.895,17.244,181.48,49.40,world
529.20,2026-08-28 00:02:16,0.00,-5.45,4000.00,180.0,corridor,2.37,clear,9.509,9.557,181.48,49.40,world
529.71,2026-08-28 00:02:16,0.00,-5.45,4000.00,180.0,corridor,2.39,clear,9.509,9.557,181.48,49.40,world
530.22,2026-08-28 00:02:17,0.00,-5.45,4000.00,180.0,corridor,2.41,clear,6.814,7.849,181.48,49.40,world
530.73,2026-08-28 00:02:17,0.00,-5.45,4000.00,180.0,corridor,2.43,clear,6.814,7.849,181.48,49.40,world
531.23,2026-08-28 00:02:18,0.00,-5.45,4000.00,180.0,corridor,2.45,clear,8.724,8.495,181.48,49.31,world
531.75,2026-08-28 00:02:18,0.00,-5.45,4000.00,180.0,corridor,2.47,clear,8.724,8.495,181.48,48.66,world
532.27,2026-08-28 00:02:19,0.00,-5.45,4000.00,180.0,corridor,2.49,clear,8.946,7.726,181.48,48.00,world
532.78,2026-08-28 00:02:19,0.00,-5.45,4000.00,180.0,corridor,2.51,clear,8.946,7.726,181.48,47.35,world
533.29,2026-08-28 00:02:20,0.00,-5.45,4000.00,180.0,corridor,2.53,clear,8.866,8.115,181.48,46.70,world
533.80,2026-08-28 00:02:20,0.00,-5.45,4000.00,180.0,corridor,2.55,clear,8.866,8.115,181.48,46.16,world
534.32,2026-08-28 00:02:21,0.00,-5.45,4000.00,180.0,corridor,2.57,clear,9.552,8.580,181.48,46.16,world
534.83,2026-08-28 00:02:21,0.00,-5.45,4000.00,180.0,corridor,2.59,clear,9.552,8.580,181.48,46.16,world
535.33,2026-08-28 00:02:22,0.00,-5.45,4000.00,180.0,corridor,2.62,clear,8.207,7.827,181.48,46.16,world
535.84,2026-08-28 00:02:22,0.00,-5.45,4000.00,180.0,corridor,2.64,clear,8.207,7.827,181.48,46.16,world
536.35,2026-08-28 00:02:23,0.00,-5.45,4000.00,180.0,corridor,2.66,clear,8.588,8.122,181.48,46.78,world
536.86,2026-08-28 00:02:23,0.00,-5.45,4000.00,180.0,corridor,2.68,clear,8.588,8.122,181.48,47.48,world
537.36,2026-08-28 00:02:24,0.00,-5.45,4000.00,180.0,corridor,2.70,clear,7.241,7.270,181.48,48.16,world
537.87,2026-08-28 00:02:24,0.00,-5.45,4000.00,180.0,corridor,2.72,clear,7.241,7.270,181.48,48.87,world
538.38,2026-08-28 00:02:25,0.00,-5.45,4000.00,180.0,corridor,2.74,clear,6.853,6.957,181.48,49.57,world
538.88,2026-08-28 00:02:25,0.00,-5.45,4000.00,180.0,corridor,2.76,clear,6.853,6.957,181.48,49.86,world
539.38,2026-08-28 00:02:26,0.00,-5.45,4000.00,180.0,corridor,2.78,clear,7.347,6.790,181.48,49.86,world
539.89,2026-08-28 00:02:26,0.00,-5.45,4000.00,180.0,corridor,2.80,clear,7.347,6.790,181.48,49.86,world
540.40,2026-08-28 00:02:27,0.00,-5.45,4000.00,180.0,corridor,2.82,clear,6.498,7.764,181.48,49.86,world
540.91,2026-08-28 00:02:28,0.00,-5.45,4000.00,180.0,corridor,2.84,clear,6.498,7.764,181.48,49.86,world
541.41,2026-08-28 00:02:28,0.00,-5.45,4000.00,180.0,corridor,2.86,clear,8.606,7.061,181.48,49.86,world
541.93,2026-08-28 00:02:29,0.00,-5.45,4000.00,180.0,corridor,2.88,clear,8.606,7.061,181.48,49.86,world
542.44,2026-08-28 00:02:29,0.00,-5.45,4000.00,180.0,corridor,2.90,clear,6.315,6.708,181.48,49.62,world
542.95,2026-08-28 00:02:30,0.00,-5.45,4000.00,180.0,corridor,2.92,clear,6.315,6.708,181.48,49.05,world
543.46,2026-08-28 00:02:30,0.00,-5.45,4000.00,180.0,corridor,2.94,clear,6.867,7.446,181.48,48.41,world
543.97,2026-08-28 00:02:31,0.00,-5.45,4000.00,180.0,corridor,2.96,clear,6.867,7.446,181.48,47.76,world
544.48,2026-08-28 00:02:31,0.00,-5.45,4000.00,180.0,corridor,2.98,clear,6.335,7.214,181.48,47.12,world
545.00,2026-08-28 00:02:32,0.00,-5.45,4000.00,180.0,corridor,3.00,clear,6.335,7.214,181.48,46.43,world
545.52,2026-08-28 00:02:32,0.00,-5.45,4000.00,180.0,corridor,3.02,clear,8.439,9.198,181.48,45.77,world
546.03,2026-08-28 00:02:33,0.00,-5.45,4000.00,180.0,corridor,3.04,clear,8.439,9.198,181.48,45.11,world
546.54,2026-08-28 00:02:33,0.00,-5.45,4000.00,180.0,corridor,3.06,clear,6.891,6.856,181.48,44.56,world
547.04,2026-08-28 00:02:34,0.00,-5.45,4000.00,180.0,corridor,3.08,clear,6.891,6.856,181.48,44.56,world
547.56,2026-08-28 00:02:34,0.00,-5.45,4000.00,180.0,corridor,3.10,clear,6.939,6.738,181.48,44.56,world
548.07,2026-08-28 00:02:35,0.00,-5.45,4000.00,180.0,corridor,3.12,clear,6.939,6.738,181.48,44.56,world
548.59,2026-08-28 00:02:35,0.00,-5.45,4000.00,180.0,corridor,3.15,clear,11.464,11.013,181.48,44.68,world
549.09,2026-08-28 00:02:36,0.00,-5.45,4000.00,180.0,corridor,3.17,clear,11.464,11.013,181.48,44.84,world
549.61,2026-08-28 00:02:36,0.00,-5.45,4000.00,180.0,corridor,3.19,clear,8.669,7.816,181.48,45.03,world
550.12,2026-08-28 00:02:37,0.00,-5.45,4000.00,180.0,corridor,3.21,clear,8.669,7.816,181.48,45.22,world
550.63,2026-08-28 00:02:37,0.00,-5.45,4000.00,180.0,corridor,3.23,clear,7.264,18.708,181.48,45.39,world
551.14,2026-08-28 00:02:38,0.00,-5.45,4000.00,180.0,corridor,3.25,clear,7.092,8.044,181.48,45.39,world
551.65,2026-08-28 00:02:38,0.00,-5.45,4000.00,180.0,corridor,3.27,clear,7.092,8.044,181.48,45.39,world
552.16,2026-08-28 00:02:39,0.00,-5.45,4000.00,180.0,corridor,3.29,clear,8.707,7.316,181.48,45.39,world
552.68,2026-08-28 00:02:39,0.00,-5.45,4000.00,180.0,corridor,3.31,clear,8.707,7.316,181.48,45.39,world
553.19,2026-08-28 00:02:40,0.00,-5.45,4000.00,180.0,corridor,3.33,clear,7.063,8.580,181.48,45.38,world
553.69,2026-08-28 00:02:40,0.00,-5.45,4000.00,180.0,corridor,3.35,clear,7.063,8.580,181.48,45.36,world
554.19,2026-08-28 00:02:41,0.00,-5.45,4000.00,180.0,corridor,3.37,clear,6.963,7.521,181.48,45.36,world
554.70,2026-08-28 00:02:41,0.00,-5.45,4000.00,180.0,corridor,3.39,clear,6.963,7.521,181.48,45.37,world
555.21,2026-08-28 00:02:42,0.00,-5.45,4000.00,180.0,corridor,3.41,clear,7.584,7.641,181.48,45.38,world
555.72,2026-08-28 00:02:42,0.00,-5.45,4000.00,180.0,corridor,3.43,clear,7.584,7.641,181.48,45.39,world
556.24,2026-08-28 00:02:43,0.00,-5.45,4000.00,180.0,corridor,3.45,clear,9.108,7.315,181.48,45.39,world
556.74,2026-08-28 00:02:43,0.00,-5.45,4000.00,180.0,corridor,3.47,clear,9.108,7.315,181.48,45.39,world
557.26,2026-08-28 00:02:44,0.00,-5.45,4000.00,180.0,corridor,3.49,clear,9.901,8.682,181.48,45.39,world
557.77,2026-08-28 00:02:44,0.00,-5.45,4000.00,180.0,corridor,3.51,clear,9.901,8.682,181.48,45.39,world
558.27,2026-08-28 00:02:45,0.00,-5.45,4000.00,180.0,corridor,3.53,clear,8.015,7.335,181.48,45.37,world
558.79,2026-08-28 00:02:45,0.00,-5.45,4000.00,180.0,corridor,3.55,clear,8.015,7.335,181.48,44.71,world
559.30,2026-08-28 00:02:46,0.00,-5.45,4000.00,180.0,corridor,3.57,clear,8.511,7.875,181.48,44.10,world
559.81,2026-08-28 00:02:46,0.00,-5.45,4000.00,180.0,corridor,3.59,clear,8.511,7.875,181.48,43.46,world
560.31,2026-08-28 00:02:47,0.00,-5.45,4000.00,180.0,corridor,3.61,clear,7.181,7.432,181.48,43.36,world
560.82,2026-08-28 00:02:47,0.00,-5.45,4000.00,180.0,corridor,3.63,clear,7.181,7.432,181.48,43.36,world
561.32,2026-08-28 00:02:48,0.00,-5.45,4000.00,180.0,corridor,3.66,clear,7.778,7.297,181.48,43.36,world
561.84,2026-08-28 00:02:48,0.00,-5.45,4000.00,180.0,corridor,3.68,clear,7.778,7.297,181.48,43.36,world
562.35,2026-08-28 00:02:49,0.00,-5.45,4000.00,180.0,corridor,3.70,clear,7.798,7.299,181.48,43.36,world
562.87,2026-08-28 00:02:49,0.00,-5.45,4000.00,180.0,corridor,3.72,clear,7.798,7.299,181.48,43.97,world
563.38,2026-08-28 00:02:50,0.00,-5.45,4000.00,180.0,corridor,3.74,clear,10.409,8.469,181.48,44.67,world
563.89,2026-08-28 00:02:50,0.00,-5.45,4000.00,180.0,corridor,3.76,clear,10.409,8.469,181.48,45.39,world
564.40,2026-08-28 00:02:51,0.00,-5.45,4000.00,180.0,corridor,3.78,clear,8.718,8.468,181.48,46.08,world
564.90,2026-08-28 00:02:51,0.00,-5.45,4000.00,180.0,corridor,3.80,clear,8.718,8.468,181.48,46.78,world
565.42,2026-08-28 00:02:52,0.00,-5.45,4000.00,180.0,corridor,3.82,clear,8.585,7.794,181.48,47.50,world
565.93,2026-08-28 00:02:53,0.00,-5.45,4000.00,180.0,corridor,3.84,clear,8.585,7.794,181.48,48.22,world
566.44,2026-08-28 00:02:53,0.00,-5.45,4000.00,180.0,corridor,3.86,clear,8.631,8.103,181.48,48.41,world
566.96,2026-08-28 00:02:54,0.00,-5.45,4000.00,180.0,corridor,3.88,clear,8.631,8.103,181.48,48.41,world
567.47,2026-08-28 00:02:54,0.00,-5.45,4000.00,180.0,corridor,3.90,clear,7.920,8.504,181.48,48.41,world
567.98,2026-08-28 00:02:55,0.00,-5.45,4000.00,180.0,corridor,3.92,clear,7.920,8.504,181.48,48.26,world
568.50,2026-08-28 00:02:55,0.01,-5.74,3997.66,180.0,corridor,3.94,clear,9.970,16.873,183.81,50.25,world
569.00,2026-08-28 00:02:56,0.02,-5.83,3995.13,180.0,corridor,3.96,clear,9.970,16.873,186.35,52.26,world
569.51,2026-08-28 00:02:56,0.03,-5.68,3992.52,180.0,corridor,3.98,clear,8.234,7.622,188.95,51.43,world
570.02,2026-08-28 00:02:57,0.04,-5.45,3990.14,180.0,corridor,4.00,clear,8.234,7.622,191.34,50.78,world
570.53,2026-08-28 00:02:57,0.04,-5.28,3987.63,180.0,corridor,4.02,clear,6.801,7.247,193.84,50.22,world
571.04,2026-08-28 00:02:58,0.05,-5.19,3985.17,180.0,corridor,4.04,clear,6.801,7.247,196.30,49.78,world
571.55,2026-08-28 00:02:58,0.05,-5.01,3982.68,180.0,corridor,4.06,clear,8.120,7.579,198.80,49.46,world
572.05,2026-08-28 00:02:59,0.05,-4.66,3980.38,180.0,corridor,4.08,clear,8.120,7.579,201.10,49.27,world
572.56,2026-08-28 00:02:59,0.06,-4.30,3978.09,180.0,corridor,4.10,clear,7.483,7.165,203.39,49.19,world
573.08,2026-08-28 00:03:00,0.06,-4.15,3975.58,180.0,corridor,4.13,clear,7.483,7.165,205.90,49.22,world
573.60,2026-08-28 00:03:00,0.07,-4.16,3972.98,180.0,corridor,4.15,clear,7.548,8.952,208.49,49.39,world
574.10,2026-08-28 00:03:01,0.08,-4.13,3970.41,180.0,corridor,4.17,clear,7.548,8.952,211.06,49.68,world
574.61,2026-08-28 00:03:01,0.09,-3.94,3968.00,180.0,corridor,4.19,clear,8.080,7.710,213.47,50.08,world
575.12,2026-08-28 00:03:02,0.10,-3.73,3965.51,180.0,corridor,4.21,clear,8.080,7.710,215.97,50.61,world
575.62,2026-08-28 00:03:02,0.11,-3.61,3963.06,180.0,corridor,4.23,clear,7.390,7.322,218.42,51.24,world
576.13,2026-08-28 00:03:03,0.12,-3.45,3960.53,180.0,corridor,4.25,clear,7.390,7.322,220.94,52.00,world
576.65,2026-08-28 00:03:03,0.13,-3.14,3958.19,180.0,corridor,4.27,clear,7.145,7.135,223.29,52.80,world
577.16,2026-08-28 00:03:04,0.14,-2.71,3955.84,180.0,corridor,4.29,clear,8.992,6.971,225.63,53.70,world
577.66,2026-08-28 00:03:04,0.16,-2.31,3953.48,180.0,corridor,4.31,clear,8.992,6.971,227.99,54.68,world
578.19,2026-08-28 00:03:05,0.17,-1.97,3951.15,180.0,corridor,4.33,clear,8.186,7.298,230.32,55.74,world
578.70,2026-08-28 00:03:05,0.18,-1.75,3948.67,180.0,corridor,4.35,clear,8.186,7.298,232.81,56.95,world
579.22,2026-08-28 00:03:06,0.19,-1.66,3946.03,180.0,corridor,4.37,clear,7.695,9.335,235.45,58.32,world
579.73,2026-08-28 00:03:06,0.20,-1.66,3943.52,180.0,corridor,4.39,clear,7.695,9.335,237.95,59.71,world
580.24,2026-08-28 00:03:07,0.21,-1.60,3941.04,180.0,corridor,4.41,clear,7.835,7.419,240.44,61.15,world
580.75,2026-08-28 00:03:07,0.23,-1.48,3938.41,180.0,corridor,4.43,clear,7.835,7.419,243.06,62.74,world
581.27,2026-08-28 00:03:08,0.24,-1.44,3935.92,180.0,corridor,4.45,clear,9.671,7.979,245.55,64.32,world
581.78,2026-08-28 00:03:08,0.25,-1.65,3933.27,180.0,corridor,4.47,clear,9.671,7.979,248.20,66.06,world
582.29,2026-08-28 00:03:09,0.26,-2.04,3930.60,180.0,corridor,4.49,clear,8.101,10.041,250.87,67.87,world
582.80,2026-08-28 00:03:09,0.27,-2.44,3927.93,180.0,corridor,4.51,clear,8.101,10.041,253.55,69.74,world
583.32,2026-08-28 00:03:10,0.27,-2.65,3925.29,180.0,corridor,4.54,clear,7.627,8.980,256.19,71.65,world
583.83,2026-08-28 00:03:10,0.27,-2.83,3922.65,180.0,corridor,4.56,clear,7.627,8.980,258.83,73.59,world
584.35,2026-08-28 00:03:11,0.27,-3.11,3920.00,180.0,corridor,4.58,clear,6.340,6.704,261.48,75.59,world
584.86,2026-08-28 00:03:11,0.27,-3.49,3917.42,180.0,corridor,4.60,clear,6.340,6.704,264.06,77.58,world
585.37,2026-08-28 00:03:12,0.26,-3.87,3914.74,180.0,corridor,4.62,clear,6.998,6.886,266.73,79.67,world
585.89,2026-08-28 00:03:12,0.26,-4.22,3912.08,180.0,corridor,4.64,clear,6.998,6.886,269.40,81.79,world
586.39,2026-08-28 00:03:13,0.25,-4.50,3909.50,180.0,corridor,4.66,clear,7.264,7.249,271.97,83.87,world
586.91,2026-08-28 00:03:13,0.24,-4.73,3906.85,180.0,corridor,4.68,clear,7.264,7.249,274.62,86.04,world
587.41,2026-08-28 00:03:14,0.23,-4.89,3904.30,180.0,corridor,4.70,clear,7.810,7.568,277.18,88.16,world
587.92,2026-08-28 00:03:15,0.23,-5.11,3901.65,180.0,corridor,4.72,clear,7.810,7.568,279.83,90.38,world
588.43,2026-08-28 00:03:15,0.22,-5.43,3899.07,180.0,corridor,4.74,clear,7.792,8.028,282.41,92.56,world
588.95,2026-08-28 00:03:16,0.20,-5.84,3896.40,180.0,corridor,4.76,clear,7.792,8.028,285.08,94.84,world
589.46,2026-08-28 00:03:16,0.19,-6.23,3893.96,180.0,corridor,4.78,clear,9.463,7.128,287.52,96.95,world
589.97,2026-08-28 00:03:17,0.19,-6.55,3891.31,180.0,corridor,4.80,clear,9.463,7.128,290.17,99.24,world
590.48,2026-08-28 00:03:17,0.18,-6.67,3888.78,180.0,corridor,4.82,clear,7.285,7.237,292.70,101.46,world
590.99,2026-08-28 00:03:18,0.18,-6.56,3886.24,180.0,corridor,4.84,clear,7.285,7.237,295.24,103.68,world
591.50,2026-08-28 00:03:18,0.17,-6.34,3883.85,180.0,corridor,4.86,clear,6.770,7.356,297.63,105.80,world
592.01,2026-08-28 00:03:19,0.16,-6.22,3881.24,180.0,corridor,4.88,clear,6.770,7.356,300.24,108.13,world
592.52,2026-08-28 00:03:19,0.16,-6.23,3878.73,180.0,corridor,4.90,clear,7.074,7.080,302.75,110.37,world
593.03,2026-08-28 00:03:20,0.15,-6.20,3876.24,180.0,corridor,4.92,clear,7.074,7.080,305.24,112.60,world
593.53,2026-08-28 00:03:20,0.14,-5.99,3873.76,180.0,corridor,4.94,clear,7.483,7.063,307.72,114.85,world
594.05,2026-08-28 00:03:21,0.14,-5.68,3871.34,180.0,corridor,4.96,clear,7.483,7.063,310.14,117.04,world
594.56,2026-08-28 00:03:21,0.13,-5.34,3869.02,180.0,corridor,4.98,clear,8.205,7.771,312.46,119.15,world
595.07,2026-08-28 00:03:22,0.12,-4.97,3866.63,180.0,corridor,5.01,clear,8.205,7.771,314.85,121.34,world
595.57,2026-08-28 00:03:22,0.10,-4.59,3864.32,180.0,corridor,5.03,clear,7.253,7.312,317.15,123.46,world
596.09,2026-08-28 00:03:23,0.09,-4.17,3861.95,180.0,corridor,5.05,clear,7.253,7.312,319.53,125.65,world
596.61,2026-08-28 00:03:23,0.07,-3.76,3859.57,180.0,corridor,5.07,clear,6.363,6.260,321.90,127.84,world
597.11,2026-08-28 00:03:24,0.06,-3.37,3857.19,180.0,corridor,5.09,clear,6.363,6.260,324.29,130.05,world
597.62,2026-08-28 00:03:24,0.05,-3.05,3854.86,180.0,corridor,5.11,clear,7.162,7.121,326.62,132.22,world
598.12,2026-08-28 00:03:25,0.04,-2.77,3852.49,180.0,corridor,5.13,clear,7.162,7.121,328.98,134.42,world
598.64,2026-08-28 00:03:25,0.03,-2.46,3850.06,180.0,corridor,5.15,clear,6.278,6.501,331.42,136.69,world
599.14,2026-08-28 00:03:26,0.02,-2.16,3847.63,180.0,corridor,5.17,clear,7.141,26.043,333.85,138.96,world
599.65,2026-08-28 00:03:26,0.02,-1.93,3845.25,180.0,corridor,5.19,clear,7.141,26.043,336.23,141.19,world
600.16,2026-08-28 00:03:27,0.01,-1.81,3842.80,180.0,corridor,5.21,clear,7.414,6.234,338.68,143.49,world
600.66,2026-08-28 00:03:27,0.01,-1.91,3840.27,180.0,corridor,5.23,clear,7.414,6.234,341.20,145.87,world
601.18,2026-08-28 00:03:28,0.00,-2.19,3837.54,180.0,corridor,5.25,clear,6.482,15.332,343.94,148.45,world
601.69,2026-08-28 00:03:28,0.00,-2.38,3835.22,180.0,corridor,5.27,clear,6.482,15.332,346.26,150.63,world
602.20,2026-08-28 00:03:29,0.00,-2.46,3832.88,180.0,corridor,5.29,clear,6.783,7.013,348.60,152.85,world
602.72,2026-08-28 00:03:29,0.00,-2.54,3830.35,180.0,corridor,5.31,clear,6.783,7.013,351.13,155.24,world
603.23,2026-08-28 00:03:30,-0.00,-2.70,3827.72,180.0,corridor,5.33,clear,9.217,8.847,353.76,157.74,world
603.74,2026-08-28 00:03:30,-0.00,-2.81,3825.10,180.0,corridor,5.35,clear,9.217,8.847,356.38,160.23,world
604.24,2026-08-28 00:03:31,-0.01,-2.74,3822.63,180.0,corridor,5.37,clear,6.395,6.241,358.85,162.59,world
604.76,2026-08-28 00:03:31,-0.01,-2.50,3820.16,180.0,corridor,5.39,clear,6.395,6.241,361.32,164.95,world
605.27,2026-08-28 00:03:32,-0.02,-2.11,3817.80,180.0,corridor,5.41,clear,6.586,6.230,363.68,167.20,world
605.79,2026-08-28 00:03:32,0.37,-1.74,3816.32,180.0,corridor,5.43,clear,6.586,6.230,365.36,168.51,world
606.31,2026-08-28 00:03:33,0.84,-1.17,3813.91,180.0,corridor,5.45,clear,6.100,6.170,367.90,170.68,world
606.82,2026-08-28 00:03:33,0.84,-0.73,3811.59,180.0,corridor,5.48,clear,6.100,6.170,370.22,172.91,world
607.34,2026-08-28 00:03:34,0.83,-0.32,3809.25,180.0,corridor,5.50,clear,6.819,6.220,372.56,175.15,world
607.85,2026-08-28 00:03:34,0.83,0.06,3806.89,180.0,corridor,5.52,clear,6.819,6.220,374.92,177.43,world
608.35,2026-08-28 00:03:35,0.82,0.40,3804.57,180.0,corridor,5.54,clear,6.465,6.094,377.24,179.66,world
608.87,2026-08-28 00:03:35,0.81,0.68,3802.13,180.0,corridor,5.56,clear,6.465,6.094,379.68,179.25,world
609.38,2026-08-28 00:03:36,0.80,0.96,3799.77,180.0,corridor,5.58,clear,6.511,6.013,382.04,177.15,world
609.90,2026-08-28 00:03:36,0.79,1.26,3797.25,180.0,corridor,5.60,clear,6.511,6.013,384.56,174.91,world
610.40,2026-08-28 00:03:37,0.79,1.34,3794.79,180.0,corridor,5.62,clear,26.057,6.143,387.02,172.73,world
610.92,2026-08-28 00:03:38,0.78,1.09,3792.14,180.0,corridor,5.64,clear,26.057,6.143,389.67,170.40,world
611.43,2026-08-28 00:03:38,0.78,0.72,3789.56,180.0,corridor,5.66,clear,6.201,6.298,392.25,168.13,world
611.94,2026-08-28 00:03:39,0.78,0.52,3786.92,180.0,corridor,5.68,clear,6.201,6.298,394.89,165.81,world
612.46,2026-08-28 00:03:39,0.78,0.39,3784.30,180.0,corridor,5.70,clear,7.457,8.667,397.51,163.53,world
612.97,2026-08-28 00:03:40,0.78,0.12,3781.65,180.0,corridor,5.72,clear,7.457,8.667,400.16,161.22,world
613.49,2026-08-28 00:03:40,0.78,0.11,3781.49,180.0,corridor,5.74,clear,6.198,6.006,400.32,161.09,world
614.01,2026-08-28 00:03:41,0.78,0.11,3781.49,180.0,corridor,5.76,clear,6.198,6.006,400.32,161.09,world
614.52,2026-08-28 00:03:41,0.78,0.11,3781.49,180.0,corridor,5.78,clear,5.886,6.290,400.32,161.09,world
615.02,2026-08-28 00:03:42,0.78,0.11,3781.49,180.0,corridor,5.80,clear,5.886,6.290,400.32,161.09,world
615.54,2026-08-28 00:03:42,0.78,0.11,3781.49,180.0,corridor,5.82,clear,5.796,6.066,400.32,161.09,world
616.06,2026-08-28 00:03:43,0.78,0.11,3781.49,180.0,corridor,5.84,clear,5.796,6.066,400.32,161.09,world
616.58,2026-08-28 00:03:43,0.78,0.11,3781.49,180.0,corridor,5.87,clear,6.561,6.295,400.32,161.09,world
617.09,2026-08-28 00:03:44,0.78,0.11,3781.49,180.0,corridor,5.89,clear,6.561,6.295,400.32,161.09,world
617.60,2026-08-28 00:03:44,0.78,0.11,3781.49,180.0,corridor,5.91,clear,5.564,6.447,400.32,161.09,world
618.11,2026-08-28 00:03:45,0.78,0.11,3781.49,180.0,corridor,5.93,clear,5.564,6.447,400.32,161.09,world
618.62,2026-08-28 00:03:45,0.78,0.11,3781.49,180.0,corridor,5.95,clear,7.160,6.973,400.32,161.09,world
619.13,2026-08-28 00:03:46,0.78,0.11,3781.49,180.0,corridor,5.97,clear,7.160,6.973,400.32,161.09,world
619.63,2026-08-28 00:03:46,0.78,0.11,3781.49,180.0,corridor,5.99,clear,7.317,6.728,400.32,161.09,world
620.15,2026-08-28 00:03:47,0.78,0.11,3781.49,180.0,corridor,6.01,clear,6.898,6.526,400.32,161.09,world
620.65,2026-08-28 00:03:47,0.78,0.11,3781.49,180.0,corridor,6.03,clear,6.898,6.526,400.32,161.09,world
621.16,2026-08-28 00:03:48,0.78,0.11,3781.49,180.0,corridor,6.05,clear,6.138,6.997,400.32,161.09,world
621.66,2026-08-28 00:03:48,0.78,0.11,3781.49,180.0,corridor,6.07,clear,6.138,6.997,400.32,161.09,world
622.18,2026-08-28 00:03:49,0.78,0.11,3781.49,180.0,corridor,6.09,clear,5.464,5.830,400.32,161.09,world
622.69,2026-08-28 00:03:49,0.78,0.11,3781.49,180.0,corridor,6.11,clear,5.464,5.830,400.32,161.09,world
623.21,2026-08-28 00:03:50,0.78,0.11,3781.49,180.0,corridor,6.13,clear,5.619,6.314,400.32,161.09,world
623.71,2026-08-28 00:03:50,0.78,0.11,3781.49,180.0,corridor,6.15,clear,5.619,6.314,400.32,161.09,world
624.23,2026-08-28 00:03:51,0.78,0.11,3781.49,180.0,corridor,6.17,clear,5.949,6.441,400.32,161.09,world
624.74,2026-08-28 00:03:51,0.78,0.11,3781.49,180.0,corridor,6.19,clear,5.949,6.441,400.32,161.09,world
625.25,2026-08-28 00:03:52,0.78,0.11,3781.49,180.0,corridor,6.21,clear,7.093,7.615,400.32,161.09,world
625.76,2026-08-28 00:03:52,0.78,0.11,3781.49,180.0,corridor,6.23,clear,7.093,7.615,400.32,161.09,world
626.27,2026-08-28 00:03:53,0.78,0.11,3781.49,180.0,corridor,6.25,clear,7.822,6.569,400.32,161.09,world
626.78,2026-08-28 00:03:53,0.78,0.11,3781.49,180.0,corridor,6.27,clear,7.822,6.569,400.32,161.09,world
627.29,2026-08-28 00:03:54,0.78,0.11,3781.49,180.0,corridor,6.29,clear,6.739,6.441,400.32,161.09,world
627.81,2026-08-28 00:03:54,0.78,0.11,3781.49,180.0,corridor,6.31,clear,6.739,6.441,400.32,161.09,world
629.41,2026-08-28 00:03:56,0.00,1.09,6000.00,180.0,corridor,6.36,clear,7.179,13.169,400.32,193.62,world
629.92,2026-08-28 00:03:57,0.00,1.09,6000.00,180.0,corridor,6.39,clear,6.932,399.613,400.32,193.62,world
630.42,2026-08-28 00:03:57,0.00,1.09,6000.00,180.0,corridor,6.41,clear,6.178,5.627,400.32,193.62,world
630.93,2026-08-28 00:03:58,0.00,1.09,6000.00,180.0,corridor,6.43,clear,6.178,5.627,400.32,193.62,world
631.44,2026-08-28 00:03:58,0.00,1.09,6000.00,180.0,corridor,6.45,clear,6.981,6.128,400.32,193.62,world
631.95,2026-08-28 00:03:59,0.00,1.09,6000.00,180.0,corridor,6.47,clear,6.981,6.128,400.32,193.62,world
632.46,2026-08-28 00:03:59,0.00,1.09,6000.00,180.0,corridor,6.49,clear,6.667,6.175,400.32,193.62,world
632.97,2026-08-28 00:04:00,0.00,1.09,6000.00,180.0,corridor,6.51,clear,6.667,6.175,400.32,193.62,world
633.48,2026-08-28 00:04:00,0.00,1.09,6000.00,180.0,corridor,6.53,clear,11.070,6.526,400.32,193.62,world
633.98,2026-08-28 00:04:01,0.00,1.09,6000.00,180.0,corridor,6.55,clear,11.070,6.526,400.32,193.62,world
634.50,2026-08-28 00:04:01,0.00,1.09,6000.00,180.0,corridor,6.57,clear,9.101,7.296,400.32,193.62,world
635.00,2026-08-28 00:04:02,0.00,1.09,6000.00,180.0,corridor,6.59,clear,9.101,7.296,400.32,193.62,world
635.51,2026-08-28 00:04:02,0.00,1.09,6000.00,180.0,corridor,6.61,clear,10.624,9.618,400.32,193.62,world
636.02,2026-08-28 00:04:03,0.00,1.09,6000.00,180.0,corridor,6.63,clear,10.624,9.618,400.32,193.62,world
636.54,2026-08-28 00:04:03,0.00,1.09,6000.00,180.0,corridor,6.65,clear,6.838,6.016,400.32,193.62,world
637.04,2026-08-28 00:04:04,0.00,1.09,6000.00,180.0,corridor,6.67,clear,6.838,6.016,400.32,193.62,world
637.56,2026-08-28 00:04:04,0.00,1.09,6000.00,180.0,corridor,6.69,clear,6.864,6.343,400.32,193.62,world
638.07,2026-08-28 00:04:05,0.00,1.09,6000.00,180.0,corridor,6.71,clear,6.864,6.343,400.32,193.62,world
638.57,2026-08-28 00:04:05,0.00,1.09,6000.00,180.0,corridor,6.74,clear,5.723,6.729,400.32,193.62,world
639.09,2026-08-28 00:04:06,0.00,1.09,6000.00,180.0,corridor,6.76,clear,5.723,6.729,400.32,193.62,world
639.60,2026-08-28 00:04:06,0.00,1.09,6000.00,180.0,corridor,6.78,clear,7.115,6.095,400.32,193.62,world
640.13,2026-08-28 00:04:07,0.00,1.09,6000.00,180.0,corridor,6.80,clear,7.115,6.095,400.32,193.62,world
640.64,2026-08-28 00:04:07,0.00,1.09,6000.00,180.0,corridor,6.82,clear,6.527,6.093,400.32,193.62,world
641.16,2026-08-28 00:04:08,0.00,1.09,6000.00,180.0,corridor,6.84,clear,6.149,5.906,400.32,193.62,world
641.68,2026-08-28 00:04:08,0.00,1.09,6000.00,180.0,corridor,6.86,clear,6.149,5.906,400.32,193.62,world
642.19,2026-08-28 00:04:09,0.00,1.09,6000.00,180.0,corridor,6.88,clear,5.718,6.348,400.32,193.62,world
642.69,2026-08-28 00:04:09,0.00,1.09,6000.00,180.0,corridor,6.90,clear,5.718,6.348,400.32,193.62,world
643.21,2026-08-28 00:04:10,0.00,1.09,6000.00,180.0,corridor,6.92,clear,6.964,6.373,400.32,193.62,world
643.73,2026-08-28 00:04:10,0.00,1.09,6000.00,180.0,corridor,6.94,clear,6.964,6.373,400.32,193.62,world
644.25,2026-08-28 00:04:11,0.00,1.09,6000.00,180.0,corridor,6.96,clear,7.267,6.462,400.32,193.62,world
644.75,2026-08-28 00:04:11,0.00,1.09,6000.00,180.0,corridor,6.97,clear,7.267,6.462,400.32,193.62,world
645.26,2026-08-28 00:04:12,0.00,1.09,6000.00,180.0,corridor,6.99,clear,6.759,375.718,400.32,193.62,world
645.77,2026-08-28 00:04:12,0.00,1.09,6000.00,180.0,corridor,7.01,clear,6.759,375.718,400.32,193.62,world
646.28,2026-08-28 00:04:13,0.00,1.09,6000.00,180.0,corridor,7.03,clear,6.193,5.883,400.32,193.62,world
646.80,2026-08-28 00:04:13,0.00,1.09,6000.00,180.0,corridor,7.06,clear,6.193,5.883,400.32,193.62,world
647.31,2026-08-28 00:04:14,0.00,1.09,6000.00,180.0,corridor,7.08,clear,6.619,6.389,400.32,193.62,world
647.81,2026-08-28 00:04:14,0.00,1.09,6000.00,180.0,corridor,7.10,clear,6.619,6.389,400.32,193.62,world
648.32,2026-08-28 00:04:15,0.00,1.09,6000.00,180.0,corridor,7.12,clear,6.702,7.131,400.32,193.62,world
648.84,2026-08-28 00:04:15,0.00,1.09,6000.00,180.0,corridor,7.14,clear,6.702,7.131,400.32,193.62,world
649.34,2026-08-28 00:04:16,0.00,1.09,6000.00,180.0,corridor,7.16,clear,6.734,6.523,400.32,193.62,world
649.85,2026-08-28 00:04:16,0.00,1.09,6000.00,180.0,corridor,7.18,clear,6.734,6.523,400.32,193.62,world
650.36,2026-08-28 00:04:17,0.00,1.09,6000.00,180.0,corridor,7.20,clear,8.081,6.497,400.32,193.62,world
650.87,2026-08-28 00:04:17,0.00,1.09,6000.00,180.0,corridor,7.22,clear,8.081,6.497,400.32,193.62,world
651.39,2026-08-28 00:04:18,0.00,1.09,6000.00,180.0,corridor,7.24,clear,6.474,6.161,400.32,193.62,world
651.91,2026-08-28 00:04:18,0.00,1.09,6000.00,180.0,corridor,7.26,clear,6.474,6.161,400.32,193.62,world
652.42,2026-08-28 00:04:19,0.00,1.09,6000.00,180.0,corridor,7.28,clear,6.027,6.424,400.32,193.62,world
652.92,2026-08-28 00:04:20,0.00,1.09,6000.00,180.0,corridor,7.30,clear,6.027,6.424,400.32,193.62,world
653.44,2026-08-28 00:04:20,0.00,1.09,6000.00,180.0,corridor,7.32,clear,5.192,6.048,400.32,193.62,world
653.96,2026-08-28 00:04:21,0.00,1.09,6000.00,180.0,corridor,7.34,clear,5.192,6.048,400.32,193.62,world
654.47,2026-08-28 00:04:21,0.00,1.09,6000.00,180.0,corridor,7.36,clear,6.337,6.174,400.32,193.62,world
654.99,2026-08-28 00:04:22,0.00,1.09,6000.00,180.0,corridor,7.38,clear,6.337,6.174,400.32,193.62,world
655.50,2026-08-28 00:04:22,0.00,1.09,6000.00,180.0,corridor,7.40,clear,6.713,5.979,400.32,193.62,world
656.02,2026-08-28 00:04:23,0.00,1.09,6000.00,180.0,corridor,7.42,clear,6.713,5.979,400.32,193.62,world
656.53,2026-08-28 00:04:23,0.00,1.09,6000.00,180.0,corridor,7.44,clear,7.448,5.911,400.32,193.62,world
657.04,2026-08-28 00:04:24,0.00,1.09,6000.00,180.0,corridor,7.47,clear,7.448,5.911,400.32,193.62,world
657.56,2026-08-28 00:04:24,0.00,1.09,6000.00,180.0,corridor,7.49,clear,6.591,5.850,400.32,193.62,world
658.07,2026-08-28 00:04:25,0.00,1.09,6000.00,180.0,corridor,7.51,clear,6.591,5.850,400.32,193.62,world
658.57,2026-08-28 00:04:25,0.00,1.09,6000.00,180.0,corridor,7.53,clear,6.877,21.043,400.32,193.62,world
659.08,2026-08-28 00:04:26,0.00,1.09,6000.00,180.0,corridor,7.55,clear,6.877,21.043,400.32,193.62,world
659.59,2026-08-28 00:04:26,0.00,1.09,6000.00,180.0,corridor,7.57,clear,6.241,6.019,400.32,193.62,world
660.11,2026-08-28 00:04:27,0.00,1.09,6000.00,180.0,corridor,7.59,clear,6.241,6.019,400.32,193.62,world
660.63,2026-08-28 00:04:27,0.00,1.09,6000.00,180.0,corridor,7.61,clear,5.749,6.029,400.32,193.62,world
661.14,2026-08-28 00:04:28,0.00,1.09,6000.00,180.0,corridor,7.63,clear,5.749,6.029,400.32,193.62,world
661.64,2026-08-28 00:04:28,0.00,1.09,6000.00,180.0,corridor,7.65,clear,5.677,5.997,400.32,193.62,world
662.16,2026-08-28 00:04:29,0.00,1.09,6000.00,180.0,corridor,7.67,clear,5.832,5.667,400.32,193.62,world
662.68,2026-08-28 00:04:29,0.00,1.09,6000.00,180.0,corridor,7.69,clear,5.832,5.667,400.32,193.62,world
663.19,2026-08-28 00:04:30,0.00,1.09,6000.00,180.0,corridor,7.71,clear,5.742,6.165,400.32,193.62,world
663.70,2026-08-28 00:04:30,0.00,1.09,6000.00,180.0,corridor,7.73,clear,5.742,6.165,400.32,193.62,world
664.22,2026-08-28 00:04:31,0.00,1.09,6000.00,180.0,corridor,7.75,clear,6.016,6.205,400.32,193.62,world
664.73,2026-08-28 00:04:31,0.00,1.09,6000.00,180.0,corridor,7.77,clear,6.016,6.205,400.32,193.62,world
665.24,2026-08-28 00:04:32,0.00,1.09,6000.00,180.0,corridor,7.79,clear,5.600,5.993,400.32,193.62,world
665.76,2026-08-28 00:04:32,0.00,1.09,6000.00,180.0,corridor,7.81,clear,5.600,5.993,400.32,193.62,world
666.28,2026-08-28 00:04:33,0.00,1.09,6000.00,180.0,corridor,7.83,clear,6.825,7.065,400.32,193.62,world
666.79,2026-08-28 00:04:33,0.00,1.09,6000.00,180.0,corridor,7.85,clear,6.825,7.065,400.32,193.62,world
667.31,2026-08-28 00:04:34,0.00,1.09,6000.00,180.0,corridor,7.88,clear,7.133,7.985,400.32,193.62,world
667.82,2026-08-28 00:04:34,0.00,1.09,6000.00,180.0,corridor,7.90,clear,7.133,7.985,400.32,193.62,world
668.34,2026-08-28 00:04:35,0.00,1.09,6000.00,180.0,corridor,7.92,clear,6.099,5.854,400.32,193.62,world
668.85,2026-08-28 00:04:35,0.00,1.09,6000.00,180.0,corridor,7.94,clear,6.099,5.854,400.32,193.62,world
669.36,2026-08-28 00:04:36,0.00,1.09,6000.00,180.0,corridor,7.96,clear,5.850,5.910,400.32,193.62,world
669.87,2026-08-28 00:04:36,0.00,1.09,6000.00,180.0,corridor,7.98,clear,5.850,5.910,400.32,193.62,world
670.39,2026-08-28 00:04:37,0.00,1.09,6000.00,180.0,corridor,8.00,clear,5.772,6.287,400.32,193.62,world
670.91,2026-08-28 00:04:37,0.00,1.09,6000.00,180.0,corridor,8.02,clear,5.772,6.287,400.32,193.62,world
671.43,2026-08-28 00:04:38,0.00,1.09,6000.00,180.0,corridor,8.04,clear,5.392,5.858,400.32,193.62,world
671.94,2026-08-28 00:04:39,0.00,1.09,6000.00,180.0,corridor,8.06,clear,5.392,5.858,400.32,193.62,world
672.45,2026-08-28 00:04:39,0.00,1.09,6000.00,180.0,corridor,8.08,clear,5.399,6.214,400.32,193.62,world
672.96,2026-08-28 00:04:40,0.00,1.09,6000.00,180.0,corridor,8.10,clear,5.399,6.214,400.32,193.62,world
673.47,2026-08-28 00:04:40,0.00,1.09,6000.00,180.0,corridor,8.12,clear,6.234,6.442,400.32,193.62,world
673.99,2026-08-28 00:04:41,0.00,1.09,6000.00,180.0,corridor,8.14,clear,6.234,6.442,400.32,193.62,world
674.51,2026-08-28 00:04:41,0.00,1.09,6000.00,180.0,corridor,8.16,clear,7.184,6.132,400.32,193.62,world
675.03,2026-08-28 00:04:42,0.00,1.09,6000.00,180.0,corridor,8.18,clear,7.184,6.132,400.32,193.62,world
675.54,2026-08-28 00:04:42,0.00,1.09,6000.00,180.0,corridor,8.21,clear,4.955,6.086,400.32,193.62,world
676.06,2026-08-28 00:04:43,0.00,1.09,6000.00,180.0,corridor,8.23,clear,4.955,6.086,400.32,193.62,world
676.57,2026-08-28 00:04:43,0.00,1.09,6000.00,180.0,corridor,8.25,clear,5.204,5.942,400.32,193.62,world
677.08,2026-08-28 00:04:44,0.00,1.09,6000.00,180.0,corridor,8.27,clear,5.204,5.942,400.32,193.62,world
677.59,2026-08-28 00:04:44,0.00,1.09,6000.00,180.0,corridor,8.29,clear,6.076,6.480,400.32,193.62,world
678.10,2026-08-28 00:04:45,0.00,1.09,6000.00,180.0,corridor,8.31,clear,6.076,6.480,400.32,193.62,world
678.62,2026-08-28 00:04:45,0.00,1.09,6000.00,180.0,corridor,8.33,clear,6.228,6.448,400.32,193.62,world
679.14,2026-08-28 00:04:46,0.00,1.09,6000.00,180.0,corridor,8.35,clear,6.228,6.448,400.32,193.62,world
679.66,2026-08-28 00:04:46,0.00,1.09,6000.00,180.0,corridor,8.37,clear,7.201,6.253,400.32,193.62,world
680.17,2026-08-28 00:04:47,0.00,1.09,6000.00,180.0,corridor,8.39,clear,6.775,6.599,400.32,193.62,world
680.67,2026-08-28 00:04:47,0.00,1.09,6000.00,180.0,corridor,8.41,clear,6.775,6.599,400.32,193.62,world
681.18,2026-08-28 00:04:48,0.00,1.09,6000.00,180.0,corridor,8.43,clear,7.140,6.205,400.32,193.62,world
681.69,2026-08-28 00:04:48,0.00,1.09,6000.00,180.0,corridor,8.45,clear,7.140,6.205,400.32,193.62,world
682.21,2026-08-28 00:04:49,0.00,1.09,6000.00,180.0,corridor,8.47,clear,6.370,6.093,400.32,193.62,world
682.72,2026-08-28 00:04:49,0.00,1.09,6000.00,180.0,corridor,8.49,clear,6.370,6.093,400.32,193.62,world
683.23,2026-08-28 00:04:50,0.00,1.09,6000.00,180.0,corridor,8.51,clear,6.813,6.934,400.32,193.62,world
683.74,2026-08-28 00:04:50,0.00,1.09,6000.00,180.0,corridor,8.53,clear,6.813,6.934,400.32,193.62,world
684.25,2026-08-28 00:04:51,0.00,1.09,6000.00,180.0,corridor,8.55,clear,7.527,6.023,400.32,193.62,world
684.76,2026-08-28 00:04:51,0.00,1.09,6000.00,180.0,corridor,8.57,clear,7.527,6.023,400.32,193.62,world
685.27,2026-08-28 00:04:52,0.00,1.09,6000.00,180.0,corridor,8.59,clear,7.809,6.170,400.32,193.62,world
685.79,2026-08-28 00:04:52,0.00,1.09,6000.00,180.0,corridor,8.62,clear,7.809,6.170,400.32,193.62,world
686.30,2026-08-28 00:04:53,0.00,1.09,6000.00,180.0,corridor,8.64,clear,7.340,8.522,400.32,193.62,world
686.80,2026-08-28 00:04:53,0.00,1.09,6000.00,180.0,corridor,8.66,clear,7.340,8.522,400.32,193.62,world
687.31,2026-08-28 00:04:54,0.00,1.09,6000.00,180.0,corridor,8.68,clear,6.362,6.145,400.32,193.62,world
687.83,2026-08-28 00:04:54,0.00,1.09,6000.00,180.0,corridor,8.70,clear,6.362,6.145,400.32,193.62,world
688.34,2026-08-28 00:04:55,0.00,1.09,6000.00,180.0,corridor,8.72,clear,6.069,6.091,400.32,193.62,world
688.84,2026-08-28 00:04:55,0.00,1.09,6000.00,180.0,corridor,8.74,clear,6.069,6.091,400.32,193.62,world
689.36,2026-08-28 00:04:56,0.00,1.09,6000.00,180.0,corridor,8.76,clear,8.506,6.544,400.32,193.62,world
689.88,2026-08-28 00:04:56,0.00,1.09,6000.00,180.0,corridor,8.78,clear,8.506,6.544,400.32,193.62,world
690.40,2026-08-28 00:04:57,0.00,1.09,6000.00,180.0,corridor,8.80,clear,8.486,7.046,400.32,193.62,world
690.91,2026-08-28 00:04:57,0.00,1.09,6000.00,180.0,corridor,8.82,clear,8.486,7.046,400.32,193.62,world
691.41,2026-08-28 00:04:58,0.00,1.09,6000.00,180.0,corridor,8.84,clear,6.311,6.573,400.32,193.62,world
691.92,2026-08-28 00:04:59,0.00,1.09,6000.00,180.0,corridor,8.86,clear,6.311,6.573,400.32,193.62,world
692.44,2026-08-28 00:04:59,0.00,1.09,6000.00,180.0,corridor,8.88,clear,5.104,5.926,400.32,193.62,world
692.96,2026-08-28 00:05:00,0.00,1.09,6000.00,180.0,corridor,8.90,clear,5.104,5.926,400.32,193.62,world
693.48,2026-08-28 00:05:00,0.00,1.09,6000.00,180.0,corridor,8.92,clear,5.716,5.949,400.32,193.62,world
693.99,2026-08-28 00:05:01,0.00,1.09,6000.00,180.0,corridor,8.94,clear,5.716,5.949,400.32,193.62,world
694.51,2026-08-28 00:05:01,0.00,1.09,6000.00,180.0,corridor,8.96,clear,6.176,6.192,400.32,193.62,world
695.02,2026-08-28 00:05:02,0.00,1.09,6000.00,180.0,corridor,8.98,clear,6.176,6.192,400.32,193.62,world
695.53,2026-08-28 00:05:02,0.00,1.09,6000.00,180.0,corridor,9.00,clear,6.725,6.238,400.32,193.62,world
696.04,2026-08-28 00:05:03,0.00,1.09,6000.00,180.0,corridor,9.03,clear,6.725,6.238,400.32,193.62,world
696.55,2026-08-28 00:05:03,0.00,1.09,6000.00,180.0,corridor,9.05,clear,6.464,6.122,400.32,193.62,world
697.05,2026-08-28 00:05:04,0.00,1.09,6000.00,180.0,corridor,9.07,clear,6.464,6.122,400.32,193.62,world
697.56,2026-08-28 00:05:04,0.00,1.09,6000.00,180.0,corridor,9.09,clear,6.958,6.134,400.32,193.62,world
698.07,2026-08-28 00:05:05,0.00,1.09,6000.00,180.0,corridor,9.11,clear,6.958,6.134,400.32,193.62,world
698.59,2026-08-28 00:05:05,0.00,1.09,6000.00,180.0,corridor,9.13,clear,7.032,6.994,400.32,193.62,world
699.11,2026-08-28 00:05:06,0.00,1.09,6000.00,180.0,corridor,9.15,clear,7.032,6.994,400.32,193.62,world
699.62,2026-08-28 00:05:06,0.00,1.09,6000.00,180.0,corridor,9.17,clear,6.311,5.946,400.32,193.62,world
700.13,2026-08-28 00:05:07,0.00,1.09,6000.00,180.0,corridor,9.19,clear,6.311,5.946,400.32,193.62,world
700.64,2026-08-28 00:05:07,0.00,1.09,6000.00,180.0,corridor,9.21,clear,9.017,30.892,400.32,193.62,world
701.15,2026-08-28 00:05:08,0.00,1.09,6000.00,180.0,corridor,9.23,clear,5.676,5.848,400.32,193.62,world
701.67,2026-08-28 00:05:08,0.00,1.09,6000.00,180.0,corridor,9.25,clear,5.676,5.848,400.32,193.62,world
702.19,2026-08-28 00:05:09,0.00,1.09,6000.00,180.0,corridor,9.27,clear,5.985,6.089,400.32,193.62,world
702.70,2026-08-28 00:05:09,0.00,1.09,6000.00,180.0,corridor,9.29,clear,5.985,6.089,400.32,193.62,world
703.22,2026-08-28 00:05:10,0.00,1.09,6000.00,180.0,corridor,9.31,clear,5.602,6.066,400.32,193.62,world
703.74,2026-08-28 00:05:10,0.00,1.09,6000.00,180.0,corridor,9.33,clear,5.602,6.066,400.32,193.62,world
704.24,2026-08-28 00:05:11,0.00,1.09,6000.00,180.0,corridor,9.35,clear,6.469,6.188,400.32,193.62,world
704.76,2026-08-28 00:05:11,0.01,0.89,5998.78,180.0,corridor,9.37,clear,6.469,6.188,401.54,194.49,world
705.27,2026-08-28 00:05:12,0.02,0.52,5996.11,180.0,corridor,9.39,clear,9.423,21.189,404.21,196.42,world
705.79,2026-08-28 00:05:12,0.03,0.38,5993.81,180.0,corridor,9.41,clear,9.423,21.189,406.51,198.09,world
706.30,2026-08-28 00:05:13,0.03,0.45,5991.16,180.0,corridor,9.44,clear,6.445,6.203,409.16,200.04,world
706.81,2026-08-28 00:05:13,0.04,0.61,5988.73,180.0,corridor,9.46,clear,6.445,6.203,411.60,201.84,world
707.32,2026-08-28 00:05:14,0.04,0.77,5986.48,180.0,corridor,9.48,clear,7.334,6.272,413.84,203.52,world
707.84,2026-08-28 00:05:14,0.05,0.88,5983.94,180.0,corridor,9.50,clear,7.334,6.272,416.39,205.43,world
708.36,2026-08-28 00:05:15,0.06,0.84,5981.34,180.0,corridor,9.52,clear,6.394,6.620,418.98,207.40,world
708.87,2026-08-28 00:05:15,0.06,0.72,5978.71,180.0,corridor,9.54,clear,6.394,6.620,421.61,209.40,world
709.37,2026-08-28 00:05:16,0.07,0.62,5976.17,180.0,corridor,9.56,clear,6.355,6.309,424.15,211.34,world
709.89,2026-08-28 00:05:16,0.08,0.56,5973.56,180.0,corridor,9.58,clear,6.355,6.309,426.76,213.36,world
710.41,2026-08-28 00:05:17,0.09,0.51,5970.95,180.0,corridor,9.60,clear,5.562,6.047,429.37,215.38,world
710.92,2026-08-28 00:05:18,0.10,0.55,5968.37,180.0,corridor,9.62,clear,5.562,6.047,431.95,217.39,world
711.44,2026-08-28 00:05:18,0.10,0.72,5965.86,180.0,corridor,9.64,clear,5.306,6.246,434.47,219.37,world
711.96,2026-08-28 00:05:19,0.11,0.99,5963.40,180.0,corridor,9.66,clear,5.306,6.246,436.92,221.31,world
712.47,2026-08-28 00:05:19,0.11,1.34,5961.01,180.0,corridor,9.68,clear,6.048,6.070,439.31,223.21,world
712.97,2026-08-28 00:05:20,0.12,1.70,5958.70,180.0,corridor,9.70,clear,6.048,6.070,441.62,225.05,world
713.49,2026-08-28 00:05:20,-0.43,1.99,5956.62,180.0,corridor,9.72,clear,5.291,5.988,443.88,227.05,world
714.01,2026-08-28 00:05:21,-0.43,2.15,5954.11,180.0,corridor,9.74,clear,5.291,5.988,446.39,229.07,world
714.52,2026-08-28 00:05:21,-0.43,2.05,5951.50,180.0,corridor,9.76,clear,5.458,6.037,449.00,231.19,world
715.04,2026-08-28 00:05:22,-0.43,1.74,5948.84,180.0,corridor,9.79,clear,5.458,6.037,451.66,233.35,world
715.56,2026-08-28 00:05:22,-0.43,1.28,5946.16,180.0,corridor,9.81,clear,5.842,6.149,454.34,235.54,world
716.07,2026-08-28 00:05:23,-0.43,0.74,5943.49,180.0,corridor,9.83,clear,5.842,6.149,457.01,237.73,world
716.58,2026-08-28 00:05:23,-0.43,0.28,5940.81,180.0,corridor,9.85,clear,5.497,5.927,459.69,239.94,world
717.09,2026-08-28 00:05:24,-0.43,-0.06,5938.24,180.0,corridor,9.87,clear,5.497,5.927,462.27,242.07,world
717.60,2026-08-28 00:05:24,-0.44,-0.26,5935.60,180.0,corridor,9.89,clear,6.718,5.914,464.91,244.27,world
718.12,2026-08-28 00:05:25,-0.44,-0.37,5932.98,180.0,corridor,9.91,clear,6.718,5.914,467.53,246.46,world
718.64,2026-08-28 00:05:25,-0.70,-0.54,5930.78,180.0,corridor,9.93,clear,5.662,6.030,469.85,248.44,world
719.16,2026-08-28 00:05:26,-1.01,-0.84,5928.41,180.0,corridor,9.95,clear,5.691,5.995,472.29,250.60,world
719.67,2026-08-28 00:05:26,-1.02,-1.08,5925.76,180.0,corridor,9.97,clear,5.691,5.995,474.95,252.83,world
720.19,2026-08-28 00:05:27,-1.02,-0.98,5923.23,180.0,corridor,9.99,clear,5.250,6.040,477.48,254.98,world
720.71,2026-08-28 00:05:27,-1.03,-0.61,5920.85,180.0,corridor,10.01,clear,5.250,6.040,479.86,257.00,world
721.22,2026-08-28 00:05:28,-1.03,-0.13,5918.57,180.0,corridor,10.03,clear,6.841,6.128,482.14,258.94,world
721.72,2026-08-28 00:05:28,-1.04,0.37,5916.40,180.0,corridor,10.05,clear,6.841,6.128,484.31,260.80,world
722.23,2026-08-28 00:05:29,-1.04,0.85,5914.21,180.0,corridor,10.07,clear,6.205,6.350,486.50,262.66,world
722.74,2026-08-28 00:05:29,-1.04,1.32,5911.92,180.0,corridor,10.09,clear,6.205,6.350,488.78,264.61,world
723.25,2026-08-28 00:05:30,-1.05,1.78,5909.62,180.0,corridor,10.11,clear,6.313,6.389,491.09,266.58,world
723.76,2026-08-28 00:05:30,-1.05,2.16,5907.34,180.0,corridor,10.13,clear,6.313,6.389,493.37,268.53,world
724.26,2026-08-28 00:05:31,-1.05,2.35,5904.94,180.0,corridor,10.15,clear,6.267,5.995,495.77,270.60,world
724.78,2026-08-28 00:05:31,-1.06,2.34,5902.35,180.0,corridor,10.17,clear,6.267,5.995,498.36,272.83,world
725.28,2026-08-28 00:05:32,-1.06,2.28,5899.74,180.0,corridor,10.20,clear,6.485,6.253,500.96,275.08,world
725.79,2026-08-28 00:05:32,-1.06,2.32,5897.26,180.0,corridor,10.22,clear,6.485,6.253,503.45,277.23,world
726.30,2026-08-28 00:05:33,-1.05,2.31,5894.67,180.0,corridor,10.24,clear,6.503,6.137,506.04,279.48,world
726.81,2026-08-28 00:05:33,-1.05,2.22,5892.05,180.0,corridor,10.26,clear,6.503,6.137,508.66,281.76,world
727.32,2026-08-28 00:05:34,-1.04,2.28,5889.57,180.0,corridor,10.28,clear,7.703,6.297,511.14,283.92,world
727.82,2026-08-28 00:05:34,-1.04,2.54,5887.20,180.0,corridor,10.30,clear,7.703,6.297,513.51,285.99,world
728.33,2026-08-28 00:05:35,-1.04,2.81,5884.83,180.0,corridor,10.32,clear,6.299,7.147,515.88,288.07,world
728.83,2026-08-28 00:05:35,-1.03,2.91,5882.29,180.0,corridor,10.34,clear,6.299,7.147,518.42,290.30,world
729.33,2026-08-28 00:05:36,-1.03,2.83,5879.84,180.0,corridor,10.36,clear,7.664,7.450,520.87,292.45,world
729.84,2026-08-28 00:05:36,-1.02,2.76,5877.23,180.0,corridor,10.38,clear,7.664,7.450,523.48,294.75,world
730.35,2026-08-28 00:05:37,-1.02,2.74,5874.63,180.0,corridor,10.40,clear,6.893,6.894,526.08,297.05,world
730.87,2026-08-28 00:05:37,-1.01,2.69,5872.11,180.0,corridor,10.42,clear,6.893,6.894,528.60,298.73,world
731.38,2026-08-28 00:05:38,-1.01,2.59,5869.49,180.0,corridor,10.44,clear,6.001,6.352,531.22,296.11,world
731.88,2026-08-28 00:05:38,-1.01,2.55,5866.88,180.0,corridor,10.46,clear,6.001,6.352,533.82,293.51,world
732.39,2026-08-28 00:05:39,-1.01,2.55,5864.39,180.0,corridor,10.48,clear,6.271,6.410,536.32,291.01,world
732.90,2026-08-28 00:05:39,-1.02,2.45,5861.76,180.0,corridor,10.50,clear,6.271,6.410,538.94,288.39,world
733.41,2026-08-28 00:05:40,-1.02,2.33,5859.22,180.0,corridor,10.52,clear,6.157,6.814,541.49,285.85,world
733.92,2026-08-28 00:05:41,-1.03,2.32,5856.62,180.0,corridor,10.54,clear,6.157,6.814,544.08,283.26,world
734.43,2026-08-28 00:05:41,-1.04,2.32,5854.03,180.0,corridor,10.56,clear,6.674,6.446,546.68,280.66,world
734.93,2026-08-28 00:05:42,-1.05,2.26,5851.50,180.0,corridor,10.58,clear,6.674,6.446,549.20,278.14,world
735.45,2026-08-28 00:05:42,-1.06,2.34,5849.02,180.0,corridor,10.60,clear,6.922,6.030,551.68,275.66,world
735.97,2026-08-28 00:05:43,-1.07,2.62,5846.48,180.0,corridor,10.62,clear,6.922,6.030,554.23,273.12,world
736.48,2026-08-28 00:05:43,-1.08,2.93,5844.04,180.0,corridor,10.64,clear,8.272,7.163,556.67,270.69,world
737.00,2026-08-28 00:05:44,-1.09,3.16,5841.56,180.0,corridor,10.66,clear,8.272,7.163,559.15,268.20,world
737.50,2026-08-28 00:05:44,-1.10,3.28,5839.09,180.0,corridor,10.68,clear,6.703,6.342,561.62,265.74,world
738.01,2026-08-28 00:05:45,-1.11,3.32,5836.60,180.0,corridor,10.70,clear,6.703,6.342,564.11,263.25,world
738.53,2026-08-28 00:05:45,-1.12,3.39,5834.04,180.0,corridor,10.72,clear,6.458,6.471,566.67,260.69,world
739.04,2026-08-28 00:05:46,-1.12,3.63,5831.57,180.0,corridor,10.74,clear,6.458,6.471,569.14,258.22,world
739.56,2026-08-28 00:05:46,-1.13,4.06,5829.25,180.0,corridor,10.77,clear,6.995,6.877,571.46,255.90,world
740.07,2026-08-28 00:05:47,-1.13,4.58,5827.00,180.0,corridor,10.79,clear,6.995,6.877,573.71,253.66,world
740.57,2026-08-28 00:05:47,-1.13,5.00,5824.76,180.0,corridor,10.81,clear,6.857,5.968,575.95,251.42,world
741.09,2026-08-28 00:05:48,-1.14,5.29,5822.32,180.0,corridor,10.83,clear,6.857,5.968,578.39,248.98,world
741.61,2026-08-28 00:05:48,-1.15,5.44,5819.80,180.0,corridor,10.85,clear,5.287,6.179,580.91,246.47,world
742.12,2026-08-28 00:05:49,-1.15,5.46,5817.22,180.0,corridor,10.87,clear,5.287,6.179,583.49,243.89,world
742.64,2026-08-28 00:05:49,-1.16,5.30,5814.58,180.0,corridor,10.89,clear,6.281,6.169,586.12,241.26,world
743.16,2026-08-28 00:05:50,-1.17,4.99,5811.92,180.0,corridor,10.91,clear,5.466,6.165,588.79,238.60,world
743.67,2026-08-28 00:05:50,-1.18,4.66,5809.26,180.0,corridor,10.93,clear,5.466,6.165,591.45,235.93,world
744.17,2026-08-28 00:05:51,-1.18,4.40,5806.69,180.0,corridor,10.95,clear,6.983,6.139,594.02,233.37,world
744.69,2026-08-28 00:05:51,-1.19,4.20,5804.04,180.0,corridor,10.97,clear,6.983,6.139,596.67,230.73,world
745.20,2026-08-28 00:05:52,-1.20,4.05,5801.41,180.0,corridor,10.99,clear,6.103,6.138,599.30,228.09,world
745.72,2026-08-28 00:05:52,-1.20,3.84,5798.76,180.0,corridor,11.01,clear,6.103,6.138,601.95,225.45,world
746.24,2026-08-28 00:05:53,-1.22,3.53,5796.10,180.0,corridor,11.03,clear,5.715,6.385,604.61,222.79,world
746.75,2026-08-28 00:05:53,-1.23,3.24,5793.44,180.0,corridor,11.05,clear,5.715,6.385,607.27,220.14,world
747.27,2026-08-28 00:05:54,-1.24,3.05,5790.81,180.0,corridor,11.07,clear,6.263,6.123,609.90,217.51,world
747.78,2026-08-28 00:05:54,-1.24,2.74,5788.15,180.0,corridor,11.09,clear,6.263,6.123,612.56,214.85,world
748.29,2026-08-28 00:05:55,-1.24,2.25,5785.56,180.0,corridor,11.12,clear,5.634,6.480,615.15,212.27,world
748.80,2026-08-28 00:05:55,-1.23,1.68,5782.88,180.0,corridor,11.14,clear,5.634,6.480,617.83,209.59,world
749.32,2026-08-28 00:05:56,-1.23,1.16,5780.46,180.0,corridor,11.16,clear,5.995,6.275,620.25,207.17,world
749.84,2026-08-28 00:05:56,-1.22,0.54,5777.78,180.0,corridor,11.18,clear,5.995,6.275,622.93,204.50,world
750.36,2026-08-28 00:05:57,-1.22,-0.04,5775.11,180.0,corridor,11.20,clear,5.826,6.208,625.60,201.83,world
750.88,2026-08-28 00:05:57,-1.21,-0.48,5772.43,180.0,corridor,11.22,clear,5.826,6.208,628.28,199.16,world
751.39,2026-08-28 00:05:58,-1.20,-0.72,5769.78,180.0,corridor,11.24,clear,7.220,6.571,630.93,196.51,world
751.89,2026-08-28 00:05:58,-1.19,-0.71,5767.27,180.0,corridor,11.26,clear,7.220,6.571,633.44,194.00,world
752.39,2026-08-28 00:05:59,-1.19,-0.58,5764.83,180.0,corridor,11.28,clear,5.649,5.913,635.88,191.56,world
752.90,2026-08-28 00:05:59,-1.18,-0.42,5762.40,180.0,corridor,11.30,clear,5.649,5.913,638.31,189.13,world
753.40,2026-08-28 00:06:00,-1.18,-0.35,5759.84,180.0,corridor,11.32,clear,7.417,8.781,640.87,186.58,world
753.92,2026-08-28 00:06:01,-1.17,-0.37,5757.24,180.0,corridor,11.34,clear,7.417,8.781,643.47,183.98,world
754.44,2026-08-28 00:06:01,-1.17,-0.41,5754.63,180.0,corridor,11.36,clear,5.849,6.720,646.08,181.38,world
754.96,2026-08-28 00:06:02,-1.17,-0.52,5752.01,180.0,corridor,11.38,clear,5.849,6.720,648.70,178.77,world
755.47,2026-08-28 00:06:02,-1.17,-0.69,5749.38,180.0,corridor,11.40,clear,6.175,6.544,651.33,176.14,world
755.99,2026-08-28 00:06:03,-1.17,-0.73,5746.78,180.0,corridor,11.42,clear,6.175,6.544,653.93,173.54,world
756.51,2026-08-28 00:06:03,-1.17,-0.67,5744.22,180.0,corridor,11.44,clear,7.295,6.334,656.49,170.99,world
757.02,2026-08-28 00:06:04,-1.17,-0.65,5741.64,180.0,corridor,11.46,clear,7.295,6.334,659.07,168.41,world
757.53,2026-08-28 00:06:04,-1.17,-0.63,5739.14,180.0,corridor,11.48,clear,6.875,6.439,661.57,165.92,world
758.04,2026-08-28 00:06:05,-1.17,-0.42,5736.66,180.0,corridor,11.51,clear,6.875,6.439,664.05,163.44,world
758.54,2026-08-28 00:06:05,-1.17,-0.09,5734.33,180.0,corridor,11.53,clear,6.878,6.228,666.38,161.12,world
759.05,2026-08-28 00:06:06,-1.17,0.14,5731.95,180.0,corridor,11.55,clear,6.878,6.228,668.76,158.74,world
759.55,2026-08-28 00:06:06,-1.17,0.07,5729.34,180.0,corridor,11.57,clear,7.076,6.876,671.37,156.14,world
760.06,2026-08-28 00:06:07,-1.16,-0.19,5726.77,180.0,corridor,11.59,clear,7.076,6.876,673.94,153.58,world
760.56,2026-08-28 00:06:07,-1.16,-0.41,5724.21,180.0,corridor,11.61,clear,6.863,6.396,676.50,151.02,world
761.08,2026-08-28 00:06:08,-1.15,-0.58,5721.49,180.0,corridor,11.63,clear,6.863,6.396,679.22,148.30,world
761.59,2026-08-28 00:06:08,-1.15,-0.71,5718.94,180.0,corridor,11.65,clear,6.610,6.770,681.77,145.77,world
762.11,2026-08-28 00:06:09,-1.14,-0.82,5716.32,180.0,corridor,11.67,clear,6.610,6.770,684.39,143.15,world
762.62,2026-08-28 00:06:09,-1.13,-0.87,5713.71,180.0,corridor,11.69,clear,6.971,6.112,687.00,140.55,world
763.12,2026-08-28 00:06:10,-1.12,-0.85,5711.21,180.0,corridor,11.71,clear,6.971,6.112,689.50,138.05,world
763.63,2026-08-28 00:06:10,-1.11,-0.80,5708.63,180.0,corridor,11.73,clear,6.067,5.755,692.08,135.48,world
764.15,2026-08-28 00:06:11,-1.10,-0.79,5706.05,180.0,corridor,11.75,clear,6.290,6.318,694.66,132.91,world
765.89,2026-08-28 00:06:12,0.00,-4.58,7500.00,180.0,corridor,11.80,clear,14.071,8.931,0.00,9.64,world
766.41,2026-08-28 00:06:13,0.00,-4.58,7500.00,180.0,corridor,11.83,clear,6.320,396.693,0.00,9.64,world
766.92,2026-08-28 00:06:14,0.00,-4.58,7500.00,180.0,corridor,11.85,clear,6.320,396.693,0.00,9.64,world
767.43,2026-08-28 00:06:14,0.00,-4.58,7500.00,180.0,corridor,11.87,clear,5.897,7.152,0.00,9.64,world
767.95,2026-08-28 00:06:15,0.00,-4.58,7500.00,180.0,corridor,11.89,clear,5.897,7.152,0.00,9.13,world
768.45,2026-08-28 00:06:15,0.00,-4.58,7500.00,180.0,corridor,11.91,clear,7.048,10.027,0.00,8.88,world
768.97,2026-08-28 00:06:16,0.00,-4.58,7500.00,180.0,corridor,11.93,clear,7.048,10.027,0.00,8.88,world
769.48,2026-08-28 00:06:16,0.00,-4.58,7500.00,180.0,corridor,11.95,clear,7.030,8.692,0.00,8.88,world
770.00,2026-08-28 00:06:17,0.00,-4.58,7500.00,180.0,corridor,11.97,clear,7.030,8.692,0.00,8.88,world
770.50,2026-08-28 00:06:17,0.00,-4.58,7500.00,180.0,corridor,11.99,clear,6.802,8.431,0.00,8.88,world
771.02,2026-08-28 00:06:18,0.00,-4.58,7500.00,180.0,corridor,12.01,clear,6.802,8.431,0.00,8.88,world
771.52,2026-08-28 00:06:18,0.00,-4.58,7500.00,180.0,corridor,12.03,clear,6.828,8.558,0.00,8.88,world
772.03,2026-08-28 00:06:19,0.00,-4.58,7500.00,180.0,corridor,12.05,clear,6.828,8.558,0.00,8.88,world
772.53,2026-08-28 00:06:19,0.00,-4.58,7500.00,180.0,corridor,12.07,clear,12.070,12.069,0.00,8.88,world
773.04,2026-08-28 00:06:20,0.00,-4.58,7500.00,180.0,corridor,12.09,clear,12.070,12.069,0.00,8.88,world
773.54,2026-08-28 00:06:20,0.00,-4.58,7500.00,180.0,corridor,12.11,clear,9.375,7.806,0.00,8.88,world
774.06,2026-08-28 00:06:21,0.00,-4.58,7500.00,180.0,corridor,12.14,clear,9.375,7.806,0.00,8.88,world
774.57,2026-08-28 00:06:21,0.00,-4.58,7500.00,180.0,corridor,12.16,clear,7.182,9.452,0.00,8.88,world
775.08,2026-08-28 00:06:22,0.00,-4.58,7500.00,180.0,corridor,12.18,clear,7.182,9.452,0.00,8.88,world
775.58,2026-08-28 00:06:22,0.00,-4.58,7500.00,180.0,corridor,12.20,clear,6.651,9.032,0.00,8.88,world
776.09,2026-08-28 00:06:23,0.00,-4.58,7500.00,180.0,corridor,12.22,clear,6.651,9.032,0.00,8.88,world
776.59,2026-08-28 00:06:23,0.00,-4.58,7500.00,180.0,corridor,12.24,clear,9.319,9.186,0.00,8.88,world
777.11,2026-08-28 00:06:24,0.00,-4.58,7500.00,180.0,corridor,12.26,clear,9.319,9.186,0.00,8.88,world
777.61,2026-08-28 00:06:24,0.00,-4.58,7500.00,180.0,corridor,12.28,clear,5.899,7.558,0.00,8.88,world
778.12,2026-08-28 00:06:25,0.00,-4.58,7500.00,180.0,corridor,12.30,clear,5.899,7.558,0.00,8.88,world
778.63,2026-08-28 00:06:25,0.00,-4.58,7500.00,180.0,corridor,12.32,clear,5.925,7.950,0.00,8.88,world
779.15,2026-08-28 00:06:26,0.00,-4.58,7500.00,180.0,corridor,12.34,clear,7.789,8.504,0.00,8.88,world
779.65,2026-08-28 00:06:26,0.00,-4.58,7500.00,180.0,corridor,12.36,clear,7.789,8.504,0.00,8.88,world
780.16,2026-08-28 00:06:27,0.00,-4.58,7500.00,180.0,corridor,12.38,clear,6.570,8.499,0.00,8.88,world
780.67,2026-08-28 00:06:27,0.00,-4.58,7500.00,180.0,corridor,12.40,clear,6.570,8.499,0.00,8.88,world
781.18,2026-08-28 00:06:28,0.00,-4.58,7500.00,180.0,corridor,12.41,clear,6.570,8.499,0.00,8.88,world
781.69,2026-08-28 00:06:28,0.00,-4.58,7500.00,180.0,corridor,12.43,clear,6.331,379.555,0.00,8.88,world
782.20,2026-08-28 00:06:29,0.00,-4.58,7500.00,180.0,corridor,12.45,clear,6.641,7.516,0.00,8.88,world
782.71,2026-08-28 00:06:29,0.00,-4.58,7500.00,180.0,corridor,12.47,clear,6.641,7.516,0.00,8.88,world
783.23,2026-08-28 00:06:30,0.00,-4.58,7500.00,180.0,corridor,12.49,clear,7.192,8.810,0.00,8.88,world
783.75,2026-08-28 00:06:30,0.00,-4.58,7500.00,180.0,corridor,12.51,clear,7.192,8.810,0.00,8.88,world
784.26,2026-08-28 00:06:31,0.00,-4.58,7500.00,180.0,corridor,12.53,clear,6.660,8.545,0.00,8.88,world
784.77,2026-08-28 00:06:31,0.00,-4.58,7500.00,180.0,corridor,12.55,clear,6.660,8.545,0.00,8.88,world
785.28,2026-08-28 00:06:32,0.00,-4.58,7500.00,180.0,corridor,12.57,clear,6.844,8.289,0.00,8.88,world
785.80,2026-08-28 00:06:32,0.00,-4.58,7500.00,180.0,corridor,12.60,clear,6.844,8.289,0.00,8.88,world
786.31,2026-08-28 00:06:33,0.00,-4.58,7500.00,180.0,corridor,12.62,clear,6.669,8.295,0.00,8.88,world
786.81,2026-08-28 00:06:33,0.00,-4.58,7500.00,180.0,corridor,12.64,clear,6.669,8.295,0.00,8.88,world
787.32,2026-08-28 00:06:34,0.00,-4.58,7500.00,180.0,corridor,12.66,clear,7.268,8.740,0.00,8.88,world
787.83,2026-08-28 00:06:34,0.00,-4.58,7500.00,180.0,corridor,12.68,clear,7.268,8.740,0.00,8.88,world
788.34,2026-08-28 00:06:35,0.00,-4.58,7500.00,180.0,corridor,12.70,clear,6.470,8.768,0.00,8.88,world
788.86,2026-08-28 00:06:35,0.00,-4.58,7500.00,180.0,corridor,12.72,clear,6.470,8.768,0.00,8.88,world
789.36,2026-08-28 00:06:36,0.00,-4.58,7500.00,180.0,corridor,12.74,clear,6.631,8.751,0.00,8.88,world
789.87,2026-08-28 00:06:36,0.00,-4.58,7500.00,180.0,corridor,12.76,clear,6.631,8.751,0.00,8.88,world
790.38,2026-08-28 00:06:37,0.00,-4.58,7500.00,180.0,corridor,12.78,clear,6.134,13.715,0.00,8.88,world
790.90,2026-08-28 00:06:37,0.00,-4.58,7500.00,180.0,corridor,12.80,clear,6.134,13.715,0.00,8.88,world
791.40,2026-08-28 00:06:38,0.00,-4.58,7500.00,180.0,corridor,12.82,clear,26.081,8.378,0.00,8.88,world
791.92,2026-08-28 00:06:39,0.00,-4.58,7500.00,180.0,corridor,12.84,clear,26.081,8.378,0.00,8.88,world
792.43,2026-08-28 00:06:39,0.00,-4.58,7500.00,180.0,corridor,12.86,clear,6.088,7.720,0.00,8.88,world
792.94,2026-08-28 00:06:40,0.00,-4.58,7500.00,180.0,corridor,12.88,clear,6.088,7.720,0.00,8.88,world
793.44,2026-08-28 00:06:40,0.00,-4.58,7500.00,180.0,corridor,12.90,clear,6.498,8.056,0.00,8.88,world
793.95,2026-08-28 00:06:41,0.00,-4.58,7500.00,180.0,corridor,12.92,clear,6.498,8.056,0.00,8.88,world
794.46,2026-08-28 00:06:41,0.00,-4.58,7500.00,180.0,corridor,12.94,clear,5.919,8.069,0.00,8.88,world
794.97,2026-08-28 00:06:42,0.00,-4.58,7500.00,180.0,corridor,12.96,clear,5.919,8.069,0.00,8.88,world
795.49,2026-08-28 00:06:42,0.00,-4.58,7500.00,180.0,corridor,12.98,clear,6.290,9.424,0.00,8.88,world
796.00,2026-08-28 00:06:43,0.00,-4.58,7500.00,180.0,corridor,13.00,clear,6.290,9.424,0.00,8.88,world
796.52,2026-08-28 00:06:43,0.00,-4.58,7500.00,180.0,corridor,13.02,clear,6.615,9.769,0.00,8.88,world
797.03,2026-08-28 00:06:44,0.00,-4.58,7500.00,180.0,corridor,13.05,clear,6.615,9.769,0.00,8.88,world
797.53,2026-08-28 00:06:44,0.00,-4.58,7500.00,180.0,corridor,13.07,clear,6.852,8.754,0.00,8.88,world
798.05,2026-08-28 00:06:45,0.00,-4.58,7500.00,180.0,corridor,13.09,clear,6.852,8.754,0.00,8.88,world
798.55,2026-08-28 00:06:45,0.00,-4.58,7500.00,180.0,corridor,13.11,clear,6.172,7.823,0.00,8.88,world
799.07,2026-08-28 00:06:46,0.00,-4.58,7500.00,180.0,corridor,13.13,clear,6.172,7.823,0.00,8.88,world
799.58,2026-08-28 00:06:46,0.00,-4.58,7500.00,180.0,corridor,13.15,clear,6.772,8.413,0.00,8.88,world
800.09,2026-08-28 00:06:47,0.00,-4.58,7500.00,180.0,corridor,13.17,clear,6.772,8.413,0.00,8.88,world
800.61,2026-08-28 00:06:47,0.00,-4.58,7500.00,180.0,corridor,13.19,clear,5.567,8.362,0.00,8.88,world
801.11,2026-08-28 00:06:48,0.00,-4.58,7500.00,180.0,corridor,13.21,clear,5.567,8.362,0.00,8.88,world
801.62,2026-08-28 00:06:48,0.00,-4.58,7500.00,180.0,corridor,13.23,clear,7.201,8.639,0.00,8.88,world
802.12,2026-08-28 00:06:49,0.00,-4.58,7500.00,180.0,corridor,13.25,clear,7.201,8.639,0.00,8.88,world
802.64,2026-08-28 00:06:49,0.00,-4.58,7500.00,180.0,corridor,13.27,clear,5.867,8.036,0.00,8.88,world
803.15,2026-08-28 00:06:50,0.00,-4.58,7500.00,180.0,corridor,13.29,clear,7.227,8.534,0.00,8.88,world
803.65,2026-08-28 00:06:50,0.00,-4.58,7500.00,180.0,corridor,13.31,clear,7.227,8.534,0.00,8.88,world
804.17,2026-08-28 00:06:51,0.00,-4.58,7500.00,180.0,corridor,13.33,clear,7.841,8.749,0.00,8.88,world
804.67,2026-08-28 00:06:51,0.00,-4.58,7500.00,180.0,corridor,13.35,clear,7.841,8.749,0.00,8.88,world
805.19,2026-08-28 00:06:52,0.00,-4.58,7500.00,180.0,corridor,13.37,clear,5.762,7.967,0.00,8.88,world
805.71,2026-08-28 00:06:52,0.00,-4.58,7500.00,180.0,corridor,13.39,clear,5.762,7.967,0.00,8.88,world
806.22,2026-08-28 00:06:53,0.00,-4.58,7500.00,180.0,corridor,13.41,clear,6.202,8.187,0.00,8.88,world
806.73,2026-08-28 00:06:53,0.00,-4.58,7500.00,180.0,corridor,13.43,clear,6.202,8.187,0.00,8.88,world
807.24,2026-08-28 00:06:54,0.00,-4.58,7500.00,180.0,corridor,13.45,clear,6.151,9.368,0.00,8.88,world
807.74,2026-08-28 00:06:54,0.00,-4.58,7500.00,180.0,corridor,13.47,clear,6.151,9.368,0.00,8.88,world
808.26,2026-08-28 00:06:55,0.00,-4.58,7500.00,180.0,corridor,13.49,clear,6.327,9.007,0.00,8.88,world
808.76,2026-08-28 00:06:55,0.00,-4.58,7500.00,180.0,corridor,13.51,clear,6.327,9.007,0.00,8.88,world
809.27,2026-08-28 00:06:56,0.00,-4.58,7500.00,180.0,corridor,13.53,clear,7.430,8.593,0.00,8.88,world
809.79,2026-08-28 00:06:56,0.00,-4.58,7500.00,180.0,corridor,13.56,clear,7.430,8.593,0.00,8.88,world
810.29,2026-08-28 00:06:57,0.00,-4.58,7500.00,180.0,corridor,13.58,clear,7.387,8.624,0.00,8.88,world
810.80,2026-08-28 00:06:57,0.00,-4.58,7500.00,180.0,corridor,13.60,clear,7.387,8.624,0.00,8.88,world
811.30,2026-08-28 00:06:58,0.00,-4.58,7500.00,180.0,corridor,13.62,clear,7.585,20.647,0.00,8.88,world
811.81,2026-08-28 00:06:58,0.00,-4.58,7500.00,180.0,corridor,13.64,clear,7.585,20.647,0.00,8.88,world
812.32,2026-08-28 00:06:59,0.00,-4.58,7500.00,180.0,corridor,13.66,clear,7.023,9.077,0.00,8.88,world
812.82,2026-08-28 00:06:59,0.00,-4.58,7500.00,180.0,corridor,13.68,clear,7.023,9.077,0.00,8.88,world
813.33,2026-08-28 00:07:00,0.00,-4.58,7500.00,180.0,corridor,13.70,clear,6.720,8.530,0.00,8.88,world
813.83,2026-08-28 00:07:00,0.00,-4.58,7500.00,180.0,corridor,13.72,clear,6.720,8.530,0.00,8.88,world
814.35,2026-08-28 00:07:01,0.00,-4.58,7500.00,180.0,corridor,13.74,clear,6.859,8.675,0.00,8.88,world
814.86,2026-08-28 00:07:01,0.00,-4.58,7500.00,180.0,corridor,13.76,clear,6.859,8.675,0.00,8.88,world
815.38,2026-08-28 00:07:02,0.00,-4.58,7500.00,180.0,corridor,13.78,clear,6.798,8.259,0.00,8.88,world
815.89,2026-08-28 00:07:02,0.00,-4.58,7500.00,180.0,corridor,13.80,clear,6.798,8.259,0.00,8.88,world
816.40,2026-08-28 00:07:03,0.00,-4.58,7500.00,180.0,corridor,13.82,clear,7.945,8.524,0.00,8.88,world
816.90,2026-08-28 00:07:03,0.00,-4.58,7500.00,180.0,corridor,13.84,clear,7.945,8.524,0.00,8.88,world
817.41,2026-08-28 00:07:04,0.00,-4.58,7500.00,180.0,corridor,13.86,clear,7.067,8.417,0.00,8.88,world
817.92,2026-08-28 00:07:05,0.00,-4.58,7500.00,180.0,corridor,13.88,clear,7.067,8.417,0.00,8.88,world
818.43,2026-08-28 00:07:05,0.00,-4.58,7500.00,180.0,corridor,13.90,clear,9.006,8.975,0.00,8.88,world
818.95,2026-08-28 00:07:06,0.00,-4.58,7500.00,180.0,corridor,13.92,clear,9.006,8.975,0.00,8.88,world
819.45,2026-08-28 00:07:06,0.00,-4.58,7500.00,180.0,corridor,13.94,clear,7.019,8.617,0.00,8.88,world
819.97,2026-08-28 00:07:07,0.00,-4.58,7500.00,180.0,corridor,13.96,clear,7.019,8.617,0.00,8.88,world
820.48,2026-08-28 00:07:07,0.00,-4.58,7500.00,180.0,corridor,13.98,clear,7.380,8.968,0.00,8.88,world
820.98,2026-08-28 00:07:08,0.00,-4.58,7500.00,180.0,corridor,14.00,clear,7.380,8.968,0.00,8.88,world
821.49,2026-08-28 00:07:08,0.00,-4.58,7500.00,180.0,corridor,14.02,clear,8.273,10.412,0.00,8.88,world
822.00,2026-08-28 00:07:09,0.00,-4.58,7500.00,180.0,corridor,14.04,clear,8.273,10.412,0.00,8.88,world
822.51,2026-08-28 00:07:09,0.00,-4.58,7500.00,180.0,corridor,14.06,clear,7.223,9.581,0.00,8.88,world
823.02,2026-08-28 00:07:10,0.00,-4.58,7500.00,180.0,corridor,14.09,clear,7.223,9.581,0.00,8.88,world
823.52,2026-08-28 00:07:10,0.00,-4.58,7500.00,180.0,corridor,14.11,clear,5.808,8.340,0.00,8.88,world
824.04,2026-08-28 00:07:11,0.00,-4.58,7500.00,180.0,corridor,14.13,clear,5.808,8.340,0.00,8.88,world
824.56,2026-08-28 00:07:11,0.00,-4.58,7500.00,180.0,corridor,14.15,clear,5.517,8.118,0.00,8.88,world
825.07,2026-08-28 00:07:12,0.00,-4.58,7500.00,180.0,corridor,14.17,clear,5.517,8.118,0.00,8.88,world
825.58,2026-08-28 00:07:12,0.00,-4.58,7500.00,180.0,corridor,14.19,clear,5.884,8.681,0.00,8.88,world
826.10,2026-08-28 00:07:13,0.00,-4.58,7500.00,180.0,corridor,14.21,clear,5.884,8.681,0.00,8.88,world
826.61,2026-08-28 00:07:13,0.00,-4.58,7500.00,180.0,corridor,14.23,clear,6.746,8.374,0.00,8.88,world
827.12,2026-08-28 00:07:14,0.00,-4.58,7500.00,180.0,corridor,14.25,clear,6.746,8.374,0.00,8.88,world
827.63,2026-08-28 00:07:14,0.00,-4.58,7500.00,180.0,corridor,14.27,clear,7.466,8.936,0.00,8.88,world
828.15,2026-08-28 00:07:15,0.00,-4.58,7500.00,180.0,corridor,14.29,clear,6.673,8.687,0.00,8.88,world
828.66,2026-08-28 00:07:15,0.00,-4.58,7500.00,180.0,corridor,14.31,clear,6.673,8.687,0.00,8.88,world
829.16,2026-08-28 00:07:16,0.00,-4.58,7500.00,180.0,corridor,14.33,clear,6.522,8.200,0.00,8.88,world
829.68,2026-08-28 00:07:16,0.00,-4.58,7500.00,180.0,corridor,14.35,clear,6.522,8.200,0.00,8.88,world
830.19,2026-08-28 00:07:17,0.00,-4.58,7500.00,180.0,corridor,14.37,clear,7.013,9.771,0.00,8.88,world
830.70,2026-08-28 00:07:17,0.00,-4.58,7500.00,180.0,corridor,14.39,clear,7.013,9.771,0.00,8.88,world
831.21,2026-08-28 00:07:18,0.00,-4.58,7500.00,180.0,corridor,14.41,clear,6.526,9.456,0.00,8.88,world
831.73,2026-08-28 00:07:18,0.00,-4.58,7500.00,180.0,corridor,14.43,clear,6.526,9.456,0.00,8.88,world
832.24,2026-08-28 00:07:19,0.00,-4.58,7500.00,180.0,corridor,14.45,clear,7.128,9.469,0.00,8.88,world
832.75,2026-08-28 00:07:19,0.00,-4.58,7500.00,180.0,corridor,14.47,clear,7.128,9.469,0.00,8.88,world
833.25,2026-08-28 00:07:20,0.00,-4.58,7500.00,180.0,corridor,14.49,clear,7.268,9.055,0.00,8.88,world
833.75,2026-08-28 00:07:20,0.00,-4.58,7500.00,180.0,corridor,14.51,clear,7.268,9.055,0.00,8.88,world
834.27,2026-08-28 00:07:21,0.00,-4.58,7500.00,180.0,corridor,14.53,clear,7.028,9.258,0.00,8.88,world
834.78,2026-08-28 00:07:21,0.00,-4.58,7500.00,180.0,corridor,14.55,clear,7.028,9.258,0.00,8.88,world
835.29,2026-08-28 00:07:22,0.00,-4.58,7500.00,180.0,corridor,14.58,clear,7.499,8.696,0.00,8.88,world
835.80,2026-08-28 00:07:22,0.00,-4.58,7500.00,180.0,corridor,14.60,clear,7.499,8.696,0.00,8.88,world
836.31,2026-08-28 00:07:23,0.00,-4.58,7500.00,180.0,corridor,14.62,clear,6.435,10.123,0.00,8.88,world
836.81,2026-08-28 00:07:23,0.00,-4.58,7500.00,180.0,corridor,14.64,clear,6.435,10.123,0.00,8.88,world
837.33,2026-08-28 00:07:24,0.00,-4.58,7500.00,180.0,corridor,14.66,clear,6.389,8.962,0.00,8.88,world
837.84,2026-08-28 00:07:24,0.00,-4.58,7500.00,180.0,corridor,14.68,clear,6.389,8.962,0.00,8.88,world
838.36,2026-08-28 00:07:25,0.00,-4.58,7500.00,180.0,corridor,14.70,clear,6.554,13.754,0.00,8.88,world
838.87,2026-08-28 00:07:25,0.00,-4.58,7500.00,180.0,corridor,14.72,clear,6.554,13.754,0.00,8.88,world
839.39,2026-08-28 00:07:26,0.00,-4.58,7500.00,180.0,corridor,14.74,clear,7.301,9.026,0.00,8.88,world
839.89,2026-08-28 00:07:26,0.00,-4.58,7500.00,180.0,corridor,14.76,clear,7.301,9.026,0.00,8.88,world
840.40,2026-08-28 00:07:27,0.00,-4.58,7500.00,180.0,corridor,14.78,clear,7.011,8.577,0.00,8.88,world
840.91,2026-08-28 00:07:28,0.00,-4.58,7500.00,180.0,corridor,14.80,clear,7.011,8.577,0.00,8.88,world
841.43,2026-08-28 00:07:28,0.01,-4.72,7497.95,180.0,corridor,14.82,clear,7.239,8.832,0.00,8.91,world
841.94,2026-08-28 00:07:29,0.01,-4.73,7495.43,180.0,corridor,14.84,clear,7.239,8.832,0.00,9.32,world
842.45,2026-08-28 00:07:29,0.02,-4.69,7492.85,180.0,corridor,14.86,clear,7.366,9.298,0.00,10.05,world
842.96,2026-08-28 00:07:30,0.04,-4.64,7490.27,180.0,corridor,14.88,clear,7.366,9.298,0.00,10.78,world
843.47,2026-08-28 00:07:30,0.04,-4.56,7487.79,180.0,corridor,14.90,clear,9.747,10.797,0.00,12.34,world
843.99,2026-08-28 00:07:31,0.05,-4.43,7485.17,180.0,corridor,14.92,clear,9.747,10.797,0.00,14.48,world
844.50,2026-08-28 00:07:31,0.06,-4.27,7482.74,180.0,corridor,14.94,clear,10.168,9.870,0.00,16.42,world
845.00,2026-08-28 00:07:32,0.07,-4.03,7480.26,180.0,corridor,14.96,clear,10.168,9.870,0.00,18.02,world
845.52,2026-08-28 00:07:32,0.07,-3.78,7478.07,180.0,corridor,14.98,clear,8.241,8.921,0.00,16.74,world
846.03,2026-08-28 00:07:33,0.08,-3.56,7475.68,180.0,corridor,15.01,clear,8.241,8.921,0.00,15.58,world
846.54,2026-08-28 00:07:33,0.08,-3.43,7473.23,180.0,corridor,15.02,clear,7.595,9.633,0.00,14.70,world
847.04,2026-08-28 00:07:34,0.08,-3.29,7470.70,180.0,corridor,15.05,clear,7.595,9.633,0.00,14.18,world
847.55,2026-08-28 00:07:34,0.08,-3.08,7468.30,180.0,corridor,15.07,clear,8.140,9.710,0.00,14.10,world
848.06,2026-08-28 00:07:35,0.08,-2.82,7465.84,180.0,corridor,15.09,clear,8.140,9.710,0.00,14.43,world
848.57,2026-08-28 00:07:35,0.08,-2.62,7463.35,180.0,corridor,15.11,clear,7.600,9.708,0.00,15.17,world
849.07,2026-08-28 00:07:36,0.09,-2.43,7460.94,180.0,corridor,15.13,clear,7.600,9.708,0.00,16.23,world
849.59,2026-08-28 00:07:36,0.10,-2.07,7458.54,180.0,corridor,15.15,clear,6.520,7.204,0.00,17.56,world
850.10,2026-08-28 00:07:37,0.11,-1.74,7456.74,180.0,corridor,15.17,clear,6.520,7.204,0.00,18.69,world
850.62,2026-08-28 00:07:37,0.11,-1.74,7456.74,180.0,corridor,15.19,clear,7.453,7.131,0.00,18.69,world
851.12,2026-08-28 00:07:38,0.11,-1.74,7456.74,180.0,corridor,15.21,clear,7.453,7.131,0.00,18.69,world
851.63,2026-08-28 00:07:38,0.11,-1.74,7456.74,180.0,corridor,15.23,clear,7.483,8.219,0.00,18.69,world
852.14,2026-08-28 00:07:39,0.11,-1.74,7456.74,180.0,corridor,15.25,clear,7.483,8.219,0.00,18.69,world
852.65,2026-08-28 00:07:39,0.11,-1.74,7456.74,180.0,corridor,15.27,clear,8.504,9.557,0.00,18.69,world
853.16,2026-08-28 00:07:40,0.11,-1.74,7456.74,180.0,corridor,15.29,clear,7.381,7.311,0.00,18.69,world
853.67,2026-08-28 00:07:40,0.11,-1.74,7456.74,180.0,corridor,15.31,clear,7.381,7.311,0.00,18.69,world
854.18,2026-08-28 00:07:41,0.11,-1.74,7456.74,180.0,corridor,15.33,clear,7.182,7.996,0.00,18.69,world
854.68,2026-08-28 00:07:41,0.11,-1.74,7456.74,180.0,corridor,15.35,clear,7.182,7.996,0.00,18.69,world
855.19,2026-08-28 00:07:42,0.11,-1.74,7456.74,180.0,corridor,15.37,clear,7.004,6.921,0.00,18.69,world
855.70,2026-08-28 00:07:42,0.11,-1.74,7456.74,180.0,corridor,15.39,clear,7.004,6.921,0.00,18.69,world
856.21,2026-08-28 00:07:43,0.11,-1.74,7456.74,180.0,corridor,15.41,clear,8.698,7.361,0.00,18.69,world
856.72,2026-08-28 00:07:43,0.11,-1.74,7456.74,180.0,corridor,15.43,clear,8.698,7.361,0.00,18.69,world
857.23,2026-08-28 00:07:44,0.11,-1.74,7456.74,180.0,corridor,15.45,clear,7.226,7.936,0.00,18.69,world
857.73,2026-08-28 00:07:44,0.11,-1.74,7456.74,180.0,corridor,15.47,clear,7.226,7.936,0.00,18.69,world
858.25,2026-08-28 00:07:45,0.11,-1.74,7456.74,180.0,corridor,15.49,clear,6.888,9.214,0.00,18.69,world
858.76,2026-08-28 00:07:45,0.11,-1.74,7456.74,180.0,corridor,15.51,clear,6.888,9.214,0.00,18.69,world
859.26,2026-08-28 00:07:46,0.11,-1.74,7456.74,180.0,corridor,15.53,clear,7.110,7.634,0.00,18.69,world
859.78,2026-08-28 00:07:46,0.11,-1.74,7456.74,180.0,corridor,15.56,clear,7.110,7.634,0.00,18.69,world
860.28,2026-08-28 00:07:47,0.11,-1.74,7456.74,180.0,corridor,15.58,clear,6.810,7.472,0.00,18.69,world
860.79,2026-08-28 00:07:47,0.11,-1.74,7456.74,180.0,corridor,15.60,clear,6.810,7.472,0.00,18.69,world
861.30,2026-08-28 00:07:48,0.11,-1.74,7456.74,180.0,corridor,15.62,clear,6.271,13.206,0.00,18.69,world
861.81,2026-08-28 00:07:48,0.11,-1.74,7456.74,180.0,corridor,15.64,clear,6.271,13.206,0.00,18.69,world
862.31,2026-08-28 00:07:49,0.11,-1.74,7456.74,180.0,corridor,15.66,clear,7.105,6.847,0.00,18.69,world
862.82,2026-08-28 00:07:49,0.11,-1.74,7456.74,180.0,corridor,15.68,clear,7.105,6.847,0.00,18.69,world
863.33,2026-08-28 00:07:50,0.11,-1.74,7456.74,180.0,corridor,15.70,clear,5.986,6.872,0.00,18.69,world
863.83,2026-08-28 00:07:50,0.11,-1.74,7456.74,180.0,corridor,15.72,clear,5.986,6.872,0.00,18.69,world
864.34,2026-08-28 00:07:51,0.11,-1.74,7456.74,180.0,corridor,15.74,clear,6.776,7.073,0.00,18.69,world
864.86,2026-08-28 00:07:51,0.11,-1.74,7456.74,180.0,corridor,15.76,clear,6.776,7.073,0.00,18.69,world
865.37,2026-08-28 00:07:52,0.11,-1.74,7456.74,180.0,corridor,15.78,clear,7.117,7.540,0.00,18.69,world
865.88,2026-08-28 00:07:52,0.11,-1.74,7456.74,180.0,corridor,15.80,clear,7.117,7.540,0.00,18.69,world
866.40,2026-08-28 00:07:53,0.11,-1.74,7456.74,180.0,corridor,15.82,clear,8.310,7.297,0.00,18.69,world
866.92,2026-08-28 00:07:54,0.11,-1.74,7456.74,180.0,corridor,15.84,clear,8.310,7.297,0.00,18.69,world
867.43,2026-08-28 00:07:54,0.11,-1.74,7456.74,180.0,corridor,15.86,clear,7.398,8.740,0.00,18.69,world
867.94,2026-08-28 00:07:55,0.11,-1.74,7456.74,180.0,corridor,15.88,clear,7.398,8.740,0.00,18.69,world
868.46,2026-08-28 00:07:55,0.11,-1.74,7456.74,180.0,corridor,15.90,clear,7.802,7.771,0.00,18.69,world
868.97,2026-08-28 00:07:56,0.11,-1.74,7456.74,180.0,corridor,15.92,clear,7.802,7.771,0.00,18.69,world
869.48,2026-08-28 00:07:56,0.11,-1.74,7456.74,180.0,corridor,15.94,clear,7.517,7.560,0.00,18.69,world
869.98,2026-08-28 00:07:57,0.11,-1.74,7456.74,180.0,corridor,15.96,clear,7.517,7.560,0.00,18.69,world
870.49,2026-08-28 00:07:57,0.11,-1.74,7456.74,180.0,corridor,15.98,clear,6.721,7.226,0.00,18.69,world
871.00,2026-08-28 00:07:58,0.11,-1.74,7456.74,180.0,corridor,16.00,clear,6.721,7.226,0.00,18.69,world
871.51,2026-08-28 00:07:58,0.11,-1.74,7456.74,180.0,corridor,16.02,clear,7.988,8.325,0.00,18.69,world
872.01,2026-08-28 00:07:59,0.11,-1.74,7456.74,180.0,corridor,16.04,clear,7.988,8.325,0.00,18.69,world
872.52,2026-08-28 00:07:59,0.11,-1.74,7456.74,180.0,corridor,16.06,clear,6.164,7.054,0.00,18.69,world
873.02,2026-08-28 00:08:00,0.11,-1.74,7456.74,180.0,corridor,16.09,clear,6.164,7.054,0.00,18.69,world
873.53,2026-08-28 00:08:00,0.11,-1.74,7456.74,180.0,corridor,16.10,clear,6.622,6.996,0.00,18.69,world
874.03,2026-08-28 00:08:01,0.11,-1.74,7456.74,180.0,corridor,16.13,clear,6.622,6.996,0.00,18.69,world
874.53,2026-08-28 00:08:01,0.11,-1.74,7456.74,180.0,corridor,16.14,clear,7.644,7.390,0.00,18.69,world
875.05,2026-08-28 00:08:02,0.11,-1.74,7456.74,180.0,corridor,16.17,clear,7.644,7.390,0.00,18.69,world
875.56,2026-08-28 00:08:02,0.11,-1.74,7456.74,180.0,corridor,16.19,clear,8.660,10.454,0.00,18.69,world
876.07,2026-08-28 00:08:03,0.11,-1.74,7456.74,180.0,corridor,16.21,clear,8.660,10.454,0.00,18.69,world
876.58,2026-08-28 00:08:03,0.11,-1.74,7456.74,180.0,corridor,16.23,clear,6.358,7.592,0.00,18.69,world
877.09,2026-08-28 00:08:04,0.11,-1.74,7456.74,180.0,corridor,16.25,clear,6.358,7.592,0.00,18.69,world
877.60,2026-08-28 00:08:04,0.11,-1.74,7456.74,180.0,corridor,16.27,clear,7.230,6.898,0.00,18.69,world
878.11,2026-08-28 00:08:05,0.11,-1.74,7456.74,180.0,corridor,16.29,clear,7.230,6.898,0.00,18.69,world
878.62,2026-08-28 00:08:05,0.11,-1.74,7456.74,180.0,corridor,16.31,clear,7.606,6.790,0.00,18.69,world
879.14,2026-08-28 00:08:06,0.11,-1.74,7456.74,180.0,corridor,16.33,clear,6.997,7.335,0.00,18.69,world
879.65,2026-08-28 00:08:06,0.11,-1.74,7456.74,180.0,corridor,16.35,clear,6.997,7.335,0.00,18.69,world
880.17,2026-08-28 00:08:07,0.11,-1.74,7456.74,180.0,corridor,16.37,clear,7.107,7.534,0.00,18.69,world
880.69,2026-08-28 00:08:07,0.11,-1.74,7456.74,180.0,corridor,16.39,clear,7.107,7.534,0.00,18.69,world
881.20,2026-08-28 00:08:08,0.11,-1.74,7456.74,180.0,corridor,16.41,clear,6.750,8.878,0.00,18.69,world
881.70,2026-08-28 00:08:08,0.11,-1.74,7456.74,180.0,corridor,16.43,clear,6.750,8.878,0.00,18.69,world
882.21,2026-08-28 00:08:09,0.11,-1.74,7456.74,180.0,corridor,16.45,clear,7.036,6.877,0.00,18.69,world
882.71,2026-08-28 00:08:09,0.11,-1.74,7456.74,180.0,corridor,16.47,clear,7.036,6.877,0.00,18.69,world
883.23,2026-08-28 00:08:10,0.11,-1.74,7456.74,180.0,corridor,16.49,clear,6.803,7.321,0.00,18.69,world
883.74,2026-08-28 00:08:10,0.11,-1.74,7456.74,180.0,corridor,16.51,clear,6.803,7.321,0.00,18.69,world
884.24,2026-08-28 00:08:11,0.11,-1.74,7456.74,180.0,corridor,16.53,clear,6.824,6.909,0.00,18.69,world
884.75,2026-08-28 00:08:11,0.11,-1.74,7456.74,180.0,corridor,16.55,clear,6.824,6.909,0.00,18.69,world
885.26,2026-08-28 00:08:12,0.11,-1.74,7456.74,180.0,corridor,16.57,clear,6.756,7.183,0.00,18.69,world
885.78,2026-08-28 00:08:12,0.11,-1.74,7456.74,180.0,corridor,16.60,clear,6.756,7.183,0.00,18.69,world
886.28,2026-08-28 00:08:13,0.11,-1.74,7456.74,180.0,corridor,16.62,clear,7.125,7.047,0.00,18.69,world
886.79,2026-08-28 00:08:13,0.11,-1.74,7456.74,180.0,corridor,16.64,clear,7.125,7.047,0.00,18.69,world
887.30,2026-08-28 00:08:14,0.11,-1.74,7456.74,180.0,corridor,16.66,clear,6.084,7.290,0.00,18.69,world
887.81,2026-08-28 00:08:14,0.11,-1.74,7456.74,180.0,corridor,16.68,clear,6.084,7.290,0.00,18.69,world
888.32,2026-08-28 00:08:15,0.11,-1.74,7456.74,180.0,corridor,16.70,clear,7.324,7.416,0.00,18.69,world
888.83,2026-08-28 00:08:15,0.11,-1.74,7456.74,180.0,corridor,16.72,clear,7.324,7.416,0.00,18.69,world
889.35,2026-08-28 00:08:16,0.11,-1.74,7456.74,180.0,corridor,16.74,clear,8.636,10.483,0.00,18.69,world
889.85,2026-08-28 00:08:16,0.11,-1.74,7456.74,180.0,corridor,16.76,clear,8.636,10.483,0.00,18.69,world
890.36,2026-08-28 00:08:17,0.11,-1.74,7456.74,180.0,corridor,16.78,clear,7.530,7.043,0.00,18.69,world
890.86,2026-08-28 00:08:17,0.11,-1.74,7456.74,180.0,corridor,16.80,clear,7.530,7.043,0.00,18.69,world
891.37,2026-08-28 00:08:18,0.11,-1.74,7456.74,180.0,corridor,16.82,clear,8.788,7.203,0.00,18.69,world
891.88,2026-08-28 00:08:18,0.11,-1.74,7456.74,180.0,corridor,16.84,clear,8.788,7.203,0.00,18.69,world
892.38,2026-08-28 00:08:19,0.11,-1.74,7456.74,180.0,corridor,16.86,clear,5.525,6.863,0.00,18.69,world
892.89,2026-08-28 00:08:19,0.11,-1.74,7456.74,180.0,corridor,16.88,clear,5.525,6.863,0.00,18.69,world
893.40,2026-08-28 00:08:20,0.11,-1.74,7456.74,180.0,corridor,16.90,clear,7.145,7.147,0.00,18.69,world
893.90,2026-08-28 00:08:20,0.11,-1.74,7456.74,180.0,corridor,16.92,clear,7.145,7.147,0.00,18.69,world
894.41,2026-08-28 00:08:21,0.11,-1.74,7456.74,180.0,corridor,16.94,clear,5.573,6.840,0.00,18.69,world
894.92,2026-08-28 00:08:22,0.11,-1.74,7456.74,180.0,corridor,16.96,clear,5.573,6.840,0.00,18.69,world
895.43,2026-08-28 00:08:22,0.11,-1.74,7456.74,180.0,corridor,16.98,clear,7.856,7.742,0.00,18.69,world
895.94,2026-08-28 00:08:23,0.11,-1.74,7456.74,180.0,corridor,17.00,clear,7.856,7.742,0.00,18.69,world
896.44,2026-08-28 00:08:23,0.11,-1.74,7456.74,180.0,corridor,17.02,clear,6.959,7.422,0.00,18.69,world
896.95,2026-08-28 00:08:24,0.11,-1.74,7456.74,180.0,corridor,17.04,clear,6.959,7.422,0.00,18.69,world
897.47,2026-08-28 00:08:24,0.11,-1.74,7456.74,180.0,corridor,17.06,clear,7.008,7.339,0.00,18.69,world
897.97,2026-08-28 00:08:25,0.11,-1.74,7456.74,180.0,corridor,17.08,clear,7.008,7.339,0.00,18.69,world
898.49,2026-08-28 00:08:25,0.11,-1.74,7456.74,180.0,corridor,17.10,clear,7.372,7.217,0.00,18.69,world
898.99,2026-08-28 00:08:26,0.11,-1.74,7456.74,180.0,corridor,17.12,clear,7.372,7.217,0.00,18.69,world
899.50,2026-08-28 00:08:26,0.11,-1.74,7456.74,180.0,corridor,17.14,clear,6.775,8.071,0.00,18.69,world
900.02,2026-08-28 00:08:27,0.11,-1.74,7456.74,180.0,corridor,17.16,clear,6.775,8.071,0.00,18.69,world
900.53,2026-08-28 00:08:27,0.11,-1.74,7456.74,180.0,corridor,17.18,clear,7.667,7.156,0.00,18.69,world
