t,wall,x,y,z,heading,region,clock_hour,weather,frame_ms,physics_ms,dead_travel_m,nearest_poi_dist_m,input_context
0.38,2026-08-25 20:47:46,0.00,0.00,0.00,0.0,grandpas_village,0.00,,0.287,27.085,0.00,,title
0.41,2026-08-25 20:47:46,0.00,0.00,0.00,0.0,grandpas_village,0.00,,0.287,27.085,0.00,,title
2.68,2026-08-25 20:47:49,0.00,40.00,0.00,0.0,grandpas_village,8.00,clear,0.287,27.085,0.00,,world
53.94,2026-08-25 20:48:40,-25.40,4.93,-15.60,0.0,grandpas_village,8.02,clear,45427.408,4791.441,0.00,,locked
54.45,2026-08-25 20:48:40,-25.40,4.93,-15.60,0.0,grandpas_village,8.04,clear,6.047,1.848,0.00,,locked
54.96,2026-08-25 20:48:41,-25.40,4.93,-15.60,0.0,grandpas_village,8.06,clear,6.047,1.848,0.00,,locked
55.48,2026-08-25 20:48:41,-25.40,4.93,-15.60,0.0,grandpas_village,8.08,clear,6.255,1.655,0.00,,locked
56.00,2026-08-25 20:48:42,-25.40,4.93,-15.60,0.0,grandpas_village,8.10,clear,6.255,1.655,0.00,,world
56.51,2026-08-25 20:48:42,-25.40,4.93,-15.60,0.0,grandpas_village,8.12,clear,4.863,2.344,0.00,,world
57.01,2026-08-25 20:48:43,-25.40,4.93,-15.60,0.0,grandpas_village,8.14,clear,4.863,2.344,0.00,,world
57.53,2026-08-25 20:48:43,-25.40,4.93,-15.60,0.0,grandpas_village,8.16,clear,5.231,2.959,0.00,,world
58.05,2026-08-25 20:48:44,-25.40,4.93,-15.60,0.0,grandpas_village,8.18,clear,5.231,2.959,0.00,,world
58.57,2026-08-25 20:48:44,-25.40,4.93,-15.60,0.0,grandpas_village,8.20,clear,4.871,2.396,0.00,,world
59.08,2026-08-25 20:48:45,-25.40,4.93,-15.60,0.0,grandpas_village,8.22,clear,4.871,2.396,0.00,,world
59.58,2026-08-25 20:48:45,-25.40,4.93,-15.60,0.0,grandpas_village,8.24,clear,4.269,2.250,0.00,,world
60.10,2026-08-25 20:48:46,-25.40,4.93,-15.60,0.0,grandpas_village,8.27,clear,4.269,2.250,0.00,,world
60.62,2026-08-25 20:48:46,-25.40,4.93,-15.60,0.0,grandpas_village,8.29,clear,4.997,2.407,0.00,,world
61.12,2026-08-25 20:48:47,-25.40,4.93,-15.60,0.0,grandpas_village,8.31,clear,4.997,2.407,0.00,,world
61.63,2026-08-25 20:48:48,-25.40,4.93,-15.60,0.0,grandpas_village,8.33,clear,4.884,17.877,0.00,,world
62.15,2026-08-25 20:48:48,-25.40,4.93,-15.60,0.0,grandpas_village,8.35,clear,4.884,17.877,0.00,,world
62.67,2026-08-25 20:48:49,-25.40,4.93,-15.60,0.0,grandpas_village,8.37,clear,4.649,2.880,0.00,,world
63.18,2026-08-25 20:48:49,-25.40,4.93,-15.60,0.0,grandpas_village,8.39,clear,4.649,2.880,0.00,,world
63.69,2026-08-25 20:48:50,-25.40,4.93,-15.60,0.0,grandpas_village,8.41,clear,4.146,2.141,0.00,,world
64.20,2026-08-25 20:48:50,-25.40,4.93,-15.60,0.0,grandpas_village,8.43,clear,4.146,2.141,0.00,,world
64.71,2026-08-25 20:48:51,-25.40,4.93,-15.60,0.0,grandpas_village,8.45,clear,4.836,6.219,0.00,,world
65.23,2026-08-25 20:48:51,-25.40,4.93,-15.60,0.0,grandpas_village,8.47,clear,4.836,6.219,0.00,,world
65.75,2026-08-25 20:48:52,-25.40,4.93,-15.60,0.0,grandpas_village,8.49,clear,5.039,2.469,0.00,,world
66.27,2026-08-25 20:48:52,-25.40,4.93,-15.60,0.0,grandpas_village,8.51,clear,5.039,2.469,0.00,,world
66.78,2026-08-25 20:48:53,-25.40,4.93,-15.60,0.0,grandpas_village,8.53,clear,4.861,3.192,0.00,,world
67.30,2026-08-25 20:48:53,-25.40,4.93,-15.60,0.0,grandpas_village,8.55,clear,4.861,3.192,0.00,,world
67.80,2026-08-25 20:48:54,-25.40,4.93,-15.60,0.0,grandpas_village,8.57,clear,8.363,2.599,0.00,,world
68.32,2026-08-25 20:48:54,-25.40,4.93,-15.60,0.0,grandpas_village,8.59,clear,8.363,2.599,0.00,,world
68.83,2026-08-25 20:48:55,-25.40,4.93,-15.60,0.0,grandpas_village,8.61,clear,6.235,2.910,0.00,,world
69.34,2026-08-25 20:48:55,-25.40,4.93,-15.60,0.0,grandpas_village,8.64,clear,5.404,7.653,0.00,,world
69.86,2026-08-25 20:48:56,-25.40,4.93,-15.60,0.0,grandpas_village,8.66,clear,5.404,7.653,0.00,,world
70.38,2026-08-25 20:48:56,-25.40,4.93,-15.60,0.0,grandpas_village,8.68,clear,5.242,2.137,0.00,,world
70.89,2026-08-25 20:48:57,-25.40,4.93,-15.60,0.0,grandpas_village,8.70,clear,5.242,2.137,0.00,,world
71.39,2026-08-25 20:48:57,-25.40,4.93,-15.60,0.0,grandpas_village,8.72,clear,4.792,2.616,0.00,,world
71.90,2026-08-25 20:48:58,-25.40,4.93,-15.60,0.0,grandpas_village,8.74,clear,4.792,2.616,0.00,,world
72.40,2026-08-25 20:48:58,-25.40,4.93,-15.60,0.0,grandpas_village,8.76,clear,4.702,7.853,0.00,,world
72.91,2026-08-25 20:48:59,-25.40,4.93,-15.60,0.0,grandpas_village,8.78,clear,4.702,7.853,0.00,,world
73.43,2026-08-25 20:48:59,-25.40,4.93,-15.60,0.0,grandpas_village,8.80,clear,4.618,39.364,0.00,,world
73.95,2026-08-25 20:49:00,-25.40,4.93,-15.60,0.0,grandpas_village,8.82,clear,4.618,39.364,0.00,,world
74.46,2026-08-25 20:49:00,-25.40,4.93,-15.60,0.0,grandpas_village,8.84,clear,4.950,2.347,0.00,,world
74.98,2026-08-25 20:49:01,-25.40,4.93,-15.60,0.0,grandpas_village,8.86,clear,4.950,2.347,0.00,,world
75.48,2026-08-25 20:49:01,-25.40,4.93,-15.60,0.0,grandpas_village,8.88,clear,5.383,2.318,0.00,,world
75.99,2026-08-25 20:49:02,-25.40,4.93,-15.60,0.0,grandpas_village,8.90,clear,5.383,2.318,0.00,,world
76.51,2026-08-25 20:49:02,-25.40,4.93,-15.60,0.0,grandpas_village,8.92,clear,5.727,3.237,0.00,,world
77.03,2026-08-25 20:49:03,-25.40,4.93,-15.60,0.0,grandpas_village,8.94,clear,5.727,3.237,0.00,,world
77.54,2026-08-25 20:49:03,-25.40,4.93,-15.60,0.0,grandpas_village,8.96,clear,5.684,2.893,0.00,,world
78.06,2026-08-25 20:49:04,-25.40,4.93,-15.60,0.0,grandpas_village,8.98,clear,5.684,2.893,0.00,,world
78.59,2026-08-25 20:49:04,-25.40,4.93,-15.60,0.0,grandpas_village,9.00,clear,4.511,2.556,0.00,,world
79.09,2026-08-25 20:49:05,-25.40,4.93,-15.60,0.0,grandpas_village,9.03,clear,4.511,2.556,0.00,,world
79.60,2026-08-25 20:49:05,-25.40,4.93,-15.60,0.0,grandpas_village,9.05,clear,4.911,40.451,0.00,,world
80.11,2026-08-25 20:49:06,-25.40,4.93,-15.60,0.0,grandpas_village,9.07,clear,4.911,40.451,0.00,,world
80.63,2026-08-25 20:49:07,-25.40,4.93,-15.60,0.0,grandpas_village,9.09,clear,5.156,2.856,0.00,,world
81.15,2026-08-25 20:49:07,-25.40,4.93,-15.60,0.0,grandpas_village,9.11,clear,5.156,2.856,0.00,,world
81.67,2026-08-25 20:49:08,-25.40,4.93,-15.60,0.0,grandpas_village,9.13,clear,5.274,2.965,0.00,,world
82.18,2026-08-25 20:49:08,-25.40,4.93,-15.60,0.0,grandpas_village,9.15,clear,5.274,2.965,0.00,,world
82.70,2026-08-25 20:49:09,-25.40,4.93,-15.60,0.0,grandpas_village,9.17,clear,4.728,2.837,0.00,,world
83.21,2026-08-25 20:49:09,-25.40,4.93,-15.60,0.0,grandpas_village,9.19,clear,4.728,2.837,0.00,,world
83.72,2026-08-25 20:49:10,-25.40,4.93,-15.60,0.0,grandpas_village,9.21,clear,4.862,2.420,0.00,,world
84.23,2026-08-25 20:49:10,-25.40,4.93,-15.60,0.0,grandpas_village,9.23,clear,4.862,2.420,0.00,,world
84.75,2026-08-25 20:49:11,-25.40,4.93,-15.60,0.0,grandpas_village,9.25,clear,4.704,25.976,0.00,,world
85.26,2026-08-25 20:49:11,-25.40,4.93,-15.60,0.0,grandpas_village,9.27,clear,4.704,25.976,0.00,,world
85.76,2026-08-25 20:49:12,-25.40,4.93,-15.60,0.0,grandpas_village,9.29,clear,5.765,2.810,0.00,,world
86.27,2026-08-25 20:49:12,-25.40,4.93,-15.60,0.0,grandpas_village,9.31,clear,5.765,2.810,0.00,,world
86.78,2026-08-25 20:49:13,-25.40,4.93,-15.60,0.0,grandpas_village,9.33,clear,4.984,2.678,0.00,,world
87.30,2026-08-25 20:49:13,-25.40,4.93,-15.60,0.0,grandpas_village,9.35,clear,4.984,2.678,0.00,,world
87.81,2026-08-25 20:49:14,-25.40,4.93,-15.60,0.0,grandpas_village,9.37,clear,4.615,2.607,0.00,,world
88.32,2026-08-25 20:49:14,-25.40,4.93,-15.60,0.0,grandpas_village,9.39,clear,4.615,2.607,0.00,,world
88.83,2026-08-25 20:49:15,-25.40,4.93,-15.60,0.0,grandpas_village,9.41,clear,4.968,2.261,0.00,,world
89.35,2026-08-25 20:49:15,-25.40,4.93,-15.60,0.0,grandpas_village,9.44,clear,5.966,2.870,0.00,,world
89.87,2026-08-25 20:49:16,-25.40,4.93,-15.60,0.0,grandpas_village,9.46,clear,5.966,2.870,0.00,,world
90.39,2026-08-25 20:49:16,-25.40,4.93,-15.60,0.0,grandpas_village,9.48,clear,5.300,5.105,0.00,,world
90.90,2026-08-25 20:49:17,-25.40,4.93,-15.60,0.0,grandpas_village,9.50,clear,5.300,5.105,0.00,,world
91.41,2026-08-25 20:49:17,-25.40,4.93,-15.60,0.0,grandpas_village,9.52,clear,5.722,2.487,0.00,,world
91.92,2026-08-25 20:49:18,-25.40,4.93,-15.60,0.0,grandpas_village,9.54,clear,5.722,2.487,0.00,,world
92.42,2026-08-25 20:49:18,-25.40,4.93,-15.60,0.0,grandpas_village,9.56,clear,4.728,2.022,0.00,,world
92.93,2026-08-25 20:49:19,-25.40,4.93,-15.60,0.0,grandpas_village,9.58,clear,4.728,2.022,0.00,,world
93.43,2026-08-25 20:49:19,-25.40,4.93,-15.60,0.0,grandpas_village,9.60,clear,5.369,2.361,0.00,,world
93.95,2026-08-25 20:49:20,-25.40,4.93,-15.60,0.0,grandpas_village,9.62,clear,5.369,2.361,0.00,,world
94.46,2026-08-25 20:49:20,-25.40,4.93,-15.60,0.0,grandpas_village,9.64,clear,7.804,4.537,0.00,,world
94.98,2026-08-25 20:49:21,-25.40,4.93,-15.60,0.0,grandpas_village,9.66,clear,7.804,4.537,0.00,,world
95.50,2026-08-25 20:49:21,-25.40,4.93,-15.60,0.0,grandpas_village,9.68,clear,4.974,2.535,0.00,,world
96.02,2026-08-25 20:49:22,-25.40,4.93,-15.60,0.0,grandpas_village,9.70,clear,4.974,2.535,0.00,,world
96.52,2026-08-25 20:49:22,-25.40,4.93,-15.60,0.0,grandpas_village,9.72,clear,5.360,3.142,0.00,,world
97.03,2026-08-25 20:49:23,-25.40,4.93,-15.60,0.0,grandpas_village,9.74,clear,5.360,3.142,0.00,,world
97.54,2026-08-25 20:49:23,-25.40,4.93,-15.60,0.0,grandpas_village,9.76,clear,5.199,2.740,0.00,,world
98.06,2026-08-25 20:49:24,-25.40,4.93,-15.60,0.0,grandpas_village,9.78,clear,5.199,2.740,0.00,,world
98.58,2026-08-25 20:49:24,-25.40,4.93,-15.60,0.0,grandpas_village,9.80,clear,5.208,2.291,0.00,,world
99.08,2026-08-25 20:49:25,-25.40,4.93,-15.60,0.0,grandpas_village,9.83,clear,5.208,2.291,0.00,,world
99.60,2026-08-25 20:49:25,-25.40,4.93,-15.60,0.0,grandpas_village,9.85,clear,5.702,55.187,0.00,,world
100.10,2026-08-25 20:49:26,-25.40,4.93,-15.60,0.0,grandpas_village,9.87,clear,5.702,55.187,0.00,,world
100.62,2026-08-25 20:49:26,-25.40,4.93,-15.60,0.0,grandpas_village,9.89,clear,5.718,6.302,0.00,,world
101.13,2026-08-25 20:49:27,-25.40,4.93,-15.60,0.0,grandpas_village,9.91,clear,5.718,6.302,0.00,,world
101.65,2026-08-25 20:49:28,-25.40,4.93,-15.60,0.0,grandpas_village,9.93,clear,5.037,2.369,0.00,,world
102.16,2026-08-25 20:49:28,-25.40,4.93,-15.60,0.0,grandpas_village,9.95,clear,5.037,2.369,0.00,,world
102.66,2026-08-25 20:49:29,-25.40,4.93,-15.60,0.0,grandpas_village,9.97,clear,4.721,2.053,0.00,,world
103.20,2026-08-25 20:49:29,-25.40,4.93,-15.60,0.0,grandpas_village,9.99,clear,4.721,2.053,0.00,,world
103.71,2026-08-25 20:49:30,-25.40,4.93,-15.60,0.0,grandpas_village,10.01,clear,5.183,5.187,0.00,,world
104.21,2026-08-25 20:49:30,-25.40,4.93,-15.60,0.0,grandpas_village,10.03,clear,5.183,5.187,0.00,,world
104.72,2026-08-25 20:49:31,-25.40,4.93,-15.60,0.0,grandpas_village,10.05,clear,4.970,2.513,0.00,,world
105.23,2026-08-25 20:49:31,-25.40,4.93,-15.60,0.0,grandpas_village,10.07,clear,4.970,2.513,0.00,,world
105.74,2026-08-25 20:49:32,-25.40,4.93,-15.60,0.0,grandpas_village,10.09,clear,4.617,2.171,0.00,,world
106.26,2026-08-25 20:49:32,-25.40,4.93,-15.60,0.0,grandpas_village,10.11,clear,4.617,2.171,0.00,,world
106.78,2026-08-25 20:49:33,-25.40,4.93,-15.60,0.0,grandpas_village,10.13,clear,6.354,2.302,0.00,,world
107.30,2026-08-25 20:49:33,-25.40,4.93,-15.60,0.0,grandpas_village,10.15,clear,6.354,2.302,0.00,,world
107.81,2026-08-25 20:49:34,-25.40,4.93,-15.60,0.0,grandpas_village,10.17,clear,4.739,2.347,0.00,,world
108.33,2026-08-25 20:49:34,-25.40,4.93,-15.60,0.0,grandpas_village,10.19,clear,5.238,2.406,0.00,,world
108.84,2026-08-25 20:49:35,-25.40,4.93,-15.60,0.0,grandpas_village,10.22,clear,5.238,2.406,0.00,,world
109.34,2026-08-25 20:49:35,-25.40,4.93,-15.60,0.0,grandpas_village,10.24,clear,5.284,2.639,0.00,,world
109.86,2026-08-25 20:49:36,-25.40,4.93,-15.60,0.0,grandpas_village,10.26,clear,5.284,2.639,0.00,,world
110.38,2026-08-25 20:49:36,-25.40,4.93,-15.60,0.0,grandpas_village,10.28,clear,3.891,2.737,0.00,,world
110.90,2026-08-25 20:49:37,-25.40,4.93,-15.60,0.0,grandpas_village,10.30,clear,3.891,2.737,0.00,,world
111.41,2026-08-25 20:49:37,-25.40,4.93,-15.60,0.0,grandpas_village,10.32,clear,4.792,2.409,0.00,,world
111.92,2026-08-25 20:49:38,-25.40,4.93,-15.60,0.0,grandpas_village,10.34,clear,4.792,2.409,0.00,,world
112.43,2026-08-25 20:49:38,-25.40,4.93,-15.60,0.0,grandpas_village,10.36,clear,5.621,55.985,0.00,,world
112.93,2026-08-25 20:49:39,-25.40,4.93,-15.60,0.0,grandpas_village,10.38,clear,5.621,55.985,0.00,,world
113.45,2026-08-25 20:49:39,-25.40,4.93,-15.60,0.0,grandpas_village,10.40,clear,4.535,2.151,0.00,,world
113.96,2026-08-25 20:49:40,-25.40,4.93,-15.60,0.0,grandpas_village,10.42,clear,4.535,2.151,0.00,,world
114.48,2026-08-25 20:49:40,-25.40,4.93,-15.60,0.0,grandpas_village,10.44,clear,4.669,2.307,0.00,,world
115.00,2026-08-25 20:49:41,-25.40,4.93,-15.60,0.0,grandpas_village,10.46,clear,4.669,2.307,0.00,,world
115.52,2026-08-25 20:49:41,-25.40,4.93,-15.60,0.0,grandpas_village,10.48,clear,5.810,2.119,0.00,,world
116.03,2026-08-25 20:49:42,-25.40,4.93,-15.60,0.0,grandpas_village,10.50,clear,5.810,2.119,0.00,,world
116.54,2026-08-25 20:49:42,-25.40,4.93,-15.60,0.0,grandpas_village,10.52,clear,5.206,2.381,0.00,,world
117.05,2026-08-25 20:49:43,-25.40,4.93,-15.60,0.0,grandpas_village,10.54,clear,5.206,2.381,0.00,,world
117.56,2026-08-25 20:49:43,-25.40,4.93,-15.60,0.0,grandpas_village,10.56,clear,4.870,2.614,0.00,,world
118.08,2026-08-25 20:49:44,-25.40,4.93,-15.60,0.0,grandpas_village,10.58,clear,4.870,2.614,0.00,,world
118.60,2026-08-25 20:49:44,-25.40,4.93,-15.60,0.0,grandpas_village,10.61,clear,4.848,2.578,0.00,,world
119.12,2026-08-25 20:49:45,-25.40,4.93,-15.60,0.0,grandpas_village,10.63,clear,4.848,2.578,0.00,,world
119.63,2026-08-25 20:49:46,-25.40,4.93,-15.60,0.0,grandpas_village,10.65,clear,4.710,2.429,0.00,,world
120.14,2026-08-25 20:49:46,-25.40,4.93,-15.60,0.0,grandpas_village,10.67,clear,4.710,2.429,0.00,,world
120.65,2026-08-25 20:49:47,-25.40,4.93,-15.60,0.0,grandpas_village,10.69,clear,5.793,2.494,0.00,,world
121.17,2026-08-25 20:49:47,-25.40,4.93,-15.60,0.0,grandpas_village,10.71,clear,5.793,2.494,0.00,,world
121.68,2026-08-25 20:49:48,-25.40,4.93,-15.60,0.0,grandpas_village,10.73,clear,5.595,2.544,0.00,,world
122.20,2026-08-25 20:49:48,-25.40,4.93,-15.60,0.0,grandpas_village,10.75,clear,5.595,2.544,0.00,,world
122.72,2026-08-25 20:49:49,-25.40,4.93,-15.60,0.0,grandpas_village,10.77,clear,4.240,1.964,0.00,,world
123.24,2026-08-25 20:49:49,-25.40,4.93,-15.60,0.0,grandpas_village,10.79,clear,4.240,1.964,0.00,,world
123.75,2026-08-25 20:49:50,-25.40,4.93,-15.60,0.0,grandpas_village,10.81,clear,4.544,2.319,0.00,,world
124.26,2026-08-25 20:49:50,-25.40,4.93,-15.60,0.0,grandpas_village,10.83,clear,4.544,2.319,0.00,,world
124.77,2026-08-25 20:49:51,-25.40,4.93,-15.60,0.0,grandpas_village,10.85,clear,4.652,2.167,0.00,,world
125.29,2026-08-25 20:49:51,-25.40,4.93,-15.60,0.0,grandpas_village,10.87,clear,4.652,2.167,0.00,,world
125.80,2026-08-25 20:49:52,-25.40,4.93,-15.60,0.0,grandpas_village,10.89,clear,5.161,2.448,0.00,,world
126.32,2026-08-25 20:49:52,-25.40,4.93,-15.60,0.0,grandpas_village,10.91,clear,5.647,3.337,0.00,,world
126.83,2026-08-25 20:49:53,-25.40,4.93,-15.60,0.0,grandpas_village,10.93,clear,5.647,3.337,0.00,,world
127.35,2026-08-25 20:49:53,-25.40,4.93,-15.60,0.0,grandpas_village,10.96,clear,5.316,5.347,0.00,,world
127.86,2026-08-25 20:49:54,-25.40,4.93,-15.60,0.0,grandpas_village,10.98,clear,5.316,5.347,0.00,,world
128.36,2026-08-25 20:49:54,-25.40,4.93,-15.60,0.0,grandpas_village,11.00,clear,5.134,2.632,0.00,,world
128.87,2026-08-25 20:49:55,-25.40,4.93,-15.60,0.0,grandpas_village,11.02,clear,5.134,2.632,0.00,,world
129.38,2026-08-25 20:49:55,-25.40,4.93,-15.60,0.0,grandpas_village,11.04,clear,5.437,2.530,0.00,,world
129.88,2026-08-25 20:49:56,-25.40,4.93,-15.60,0.0,grandpas_village,11.06,clear,5.437,2.530,0.00,,world
130.40,2026-08-25 20:49:56,-25.40,4.93,-15.60,0.0,grandpas_village,11.08,clear,7.554,33.421,0.00,,world
130.91,2026-08-25 20:49:57,-25.40,4.93,-15.60,0.0,grandpas_village,11.10,clear,7.554,33.421,0.00,,world
131.42,2026-08-25 20:49:57,-25.40,4.93,-15.60,0.0,grandpas_village,11.12,clear,15.522,15.827,0.00,,world
131.92,2026-08-25 20:49:58,-25.40,4.93,-15.60,0.0,grandpas_village,11.14,clear,15.522,15.827,0.00,,world
132.43,2026-08-25 20:49:58,-25.40,4.93,-15.60,0.0,grandpas_village,11.16,clear,5.275,2.121,0.00,,world
132.94,2026-08-25 20:49:59,-25.40,4.93,-15.60,0.0,grandpas_village,11.18,clear,5.275,2.121,0.00,,world
133.46,2026-08-25 20:49:59,-25.40,4.93,-15.60,0.0,grandpas_village,11.20,clear,4.806,2.960,0.00,,world
133.97,2026-08-25 20:50:00,-25.40,4.93,-15.60,0.0,grandpas_village,11.22,clear,4.806,2.960,0.00,,world
134.48,2026-08-25 20:50:00,-25.40,4.93,-15.60,0.0,grandpas_village,11.24,clear,4.843,2.574,0.00,,world
134.99,2026-08-25 20:50:01,-25.40,4.93,-15.60,0.0,grandpas_village,11.26,clear,4.843,2.574,0.00,,world
135.51,2026-08-25 20:50:01,-25.40,4.93,-15.60,0.0,grandpas_village,11.28,clear,6.183,2.528,0.00,,world
136.03,2026-08-25 20:50:02,-25.40,4.93,-15.60,0.0,grandpas_village,11.30,clear,6.183,2.528,0.00,,world
136.55,2026-08-25 20:50:02,-25.40,4.93,-15.60,0.0,grandpas_village,11.32,clear,4.744,2.740,0.00,,world
137.06,2026-08-25 20:50:03,-25.40,4.93,-15.60,0.0,grandpas_village,11.34,clear,4.744,2.740,0.00,,world
137.57,2026-08-25 20:50:03,-25.40,4.93,-15.60,0.0,grandpas_village,11.36,clear,5.008,2.173,0.00,,world
138.08,2026-08-25 20:50:04,-25.40,4.93,-15.60,0.0,grandpas_village,11.38,clear,5.008,2.173,0.00,,world
138.60,2026-08-25 20:50:04,-25.40,4.93,-15.60,0.0,grandpas_village,11.41,clear,4.923,2.588,0.00,,world
139.11,2026-08-25 20:50:05,-25.40,4.93,-15.60,0.0,grandpas_village,11.43,clear,4.923,2.588,0.00,,world
139.63,2026-08-25 20:50:06,-25.40,4.93,-15.60,0.0,grandpas_village,11.45,clear,4.747,2.415,0.00,,world
140.15,2026-08-25 20:50:06,-25.40,4.93,-15.60,0.0,grandpas_village,11.47,clear,4.747,2.415,0.00,,world
140.67,2026-08-25 20:50:07,-25.40,4.93,-15.60,0.0,grandpas_village,11.49,clear,5.122,2.656,0.00,,world
141.17,2026-08-25 20:50:07,-25.40,4.93,-15.60,0.0,grandpas_village,11.51,clear,5.122,2.656,0.00,,world
141.68,2026-08-25 20:50:08,-25.40,4.93,-15.60,0.0,grandpas_village,11.53,clear,4.752,31.323,0.00,,world
142.19,2026-08-25 20:50:08,-25.40,4.93,-15.60,0.0,grandpas_village,11.55,clear,4.752,31.323,0.00,,world
142.71,2026-08-25 20:50:09,-25.40,4.93,-15.60,0.0,grandpas_village,11.57,clear,4.722,4.572,0.00,,world
143.23,2026-08-25 20:50:09,-25.40,4.93,-15.60,0.0,grandpas_village,11.59,clear,4.722,4.572,0.00,,world
143.75,2026-08-25 20:50:10,-25.40,4.93,-15.60,0.0,grandpas_village,11.61,clear,4.592,2.689,0.00,,world
144.26,2026-08-25 20:50:10,-25.40,4.93,-15.60,0.0,grandpas_village,11.63,clear,4.592,2.689,0.00,,world
144.78,2026-08-25 20:50:11,-25.40,4.93,-15.60,0.0,grandpas_village,11.65,clear,4.925,2.798,0.00,,world
145.29,2026-08-25 20:50:11,-25.40,4.93,-15.60,0.0,grandpas_village,11.67,clear,4.925,2.798,0.00,,world
145.80,2026-08-25 20:50:12,-25.40,4.93,-15.60,0.0,grandpas_village,11.69,clear,5.079,2.502,0.00,,world
146.31,2026-08-25 20:50:12,-25.40,4.93,-15.60,0.0,grandpas_village,11.71,clear,5.079,2.502,0.00,,world
146.83,2026-08-25 20:50:13,-25.40,4.93,-15.60,0.0,grandpas_village,11.73,clear,4.716,2.249,0.00,,world
147.35,2026-08-25 20:50:13,-25.40,4.93,-15.60,0.0,grandpas_village,11.76,clear,4.794,2.654,0.00,,world
147.87,2026-08-25 20:50:14,-25.40,4.93,-15.60,0.0,grandpas_village,11.78,clear,4.794,2.654,0.00,,world
148.38,2026-08-25 20:50:14,-25.40,4.93,-15.60,0.0,grandpas_village,11.80,clear,4.551,2.720,0.00,,world
148.89,2026-08-25 20:50:15,-25.40,4.93,-15.60,0.0,grandpas_village,11.82,clear,4.551,2.720,0.00,,world
149.40,2026-08-25 20:50:15,-25.40,4.93,-15.60,0.0,grandpas_village,11.84,clear,6.415,2.903,0.00,,world
149.90,2026-08-25 20:50:16,-25.40,4.93,-15.60,0.0,grandpas_village,11.86,clear,6.415,2.903,0.00,,world
150.41,2026-08-25 20:50:16,-25.40,4.93,-15.60,0.0,grandpas_village,11.88,clear,6.216,3.202,0.00,,world
150.92,2026-08-25 20:50:17,-25.40,4.93,-15.60,0.0,grandpas_village,11.90,clear,6.216,3.202,0.00,,world
151.43,2026-08-25 20:50:17,-25.40,4.93,-15.60,0.0,grandpas_village,11.92,clear,4.806,2.778,0.00,,world
151.95,2026-08-25 20:50:18,-25.40,4.93,-15.60,0.0,grandpas_village,11.94,clear,4.806,2.778,0.00,,world
152.47,2026-08-25 20:50:18,-25.40,4.93,-15.60,0.0,grandpas_village,11.96,clear,5.550,2.926,0.00,,world
152.99,2026-08-25 20:50:19,-25.40,4.93,-15.60,0.0,grandpas_village,11.98,clear,5.550,2.926,0.00,,world
153.49,2026-08-25 20:50:19,-25.40,4.93,-15.60,0.0,grandpas_village,12.00,clear,5.585,2.774,0.00,,world
153.99,2026-08-25 20:50:20,-25.40,4.93,-15.60,0.0,grandpas_village,12.02,clear,5.585,2.774,0.00,,world
154.49,2026-08-25 20:50:20,-25.40,4.93,-15.60,0.0,grandpas_village,12.04,clear,6.858,3.696,0.00,,world
155.01,2026-08-25 20:50:21,-25.40,4.93,-15.60,0.0,grandpas_village,12.06,clear,6.858,3.696,0.00,,world
155.51,2026-08-25 20:50:21,-25.40,4.93,-15.60,0.0,grandpas_village,12.08,clear,5.536,2.784,0.00,,world
156.03,2026-08-25 20:50:22,-25.40,4.93,-15.60,0.0,grandpas_village,12.10,clear,5.536,2.784,0.00,,world
156.54,2026-08-25 20:50:22,-25.40,4.93,-15.60,0.0,grandpas_village,12.12,clear,5.641,2.288,0.00,,world
157.06,2026-08-25 20:50:23,-25.40,4.93,-15.60,0.0,grandpas_village,12.14,clear,5.641,2.288,0.00,,world
157.58,2026-08-25 20:50:23,-25.40,4.93,-15.60,0.0,grandpas_village,12.16,clear,4.631,2.475,0.00,,world
158.10,2026-08-25 20:50:24,-25.40,4.93,-15.60,0.0,grandpas_village,12.19,clear,4.631,2.475,0.00,,world
158.61,2026-08-25 20:50:24,-25.40,4.93,-15.60,0.0,grandpas_village,12.21,clear,4.789,2.178,0.00,,world
159.11,2026-08-25 20:50:25,-25.40,4.93,-15.60,0.0,grandpas_village,12.23,clear,4.789,2.178,0.00,,world
159.61,2026-08-25 20:50:25,-25.40,4.93,-15.60,0.0,grandpas_village,12.25,clear,4.832,5.891,0.00,,world
160.13,2026-08-25 20:50:26,-25.40,4.93,-15.60,0.0,grandpas_village,12.27,clear,4.832,5.891,0.00,,world
160.63,2026-08-25 20:50:27,-25.40,4.93,-15.60,0.0,grandpas_village,12.29,clear,5.271,2.616,0.00,,world
161.14,2026-08-25 20:50:27,-25.40,4.93,-15.60,0.0,grandpas_village,12.31,clear,5.271,2.616,0.00,,world
161.64,2026-08-25 20:50:28,-25.40,4.93,-15.60,0.0,grandpas_village,12.33,clear,4.746,19.577,0.00,,world
162.14,2026-08-25 20:50:28,-25.40,4.93,-15.60,0.0,grandpas_village,12.35,clear,4.746,19.577,0.00,,world
162.66,2026-08-25 20:50:29,-25.40,4.93,-15.60,0.0,grandpas_village,12.37,clear,4.764,2.558,0.00,,world
163.18,2026-08-25 20:50:29,-25.40,4.93,-15.60,0.0,grandpas_village,12.39,clear,4.764,2.558,0.00,,world
163.70,2026-08-25 20:50:30,-25.40,4.93,-15.60,0.0,grandpas_village,12.41,clear,5.100,2.666,0.00,,world
164.21,2026-08-25 20:50:30,-25.40,4.93,-15.60,0.0,grandpas_village,12.43,clear,5.100,2.666,0.00,,world
164.72,2026-08-25 20:50:31,-25.40,4.93,-15.60,0.0,grandpas_village,12.45,clear,4.903,2.178,0.00,,world
165.23,2026-08-25 20:50:31,-25.40,4.93,-15.60,0.0,grandpas_village,12.47,clear,4.903,2.178,0.00,,world
165.75,2026-08-25 20:50:32,-25.40,4.93,-15.60,0.0,grandpas_village,12.49,clear,5.546,2.993,0.00,,world
166.26,2026-08-25 20:50:32,-25.40,4.93,-15.60,0.0,grandpas_village,12.51,clear,5.546,2.993,0.00,,world
166.78,2026-08-25 20:50:33,-25.40,4.93,-15.60,0.0,grandpas_village,12.53,clear,5.065,4.325,0.00,,world
167.30,2026-08-25 20:50:33,-25.40,4.93,-15.60,0.0,grandpas_village,12.55,clear,5.065,4.325,0.00,,world
167.82,2026-08-25 20:50:34,-25.40,4.93,-15.60,0.0,grandpas_village,12.57,clear,5.548,2.659,0.00,,world
168.33,2026-08-25 20:50:34,-25.40,4.93,-15.60,0.0,grandpas_village,12.59,clear,4.699,2.315,0.00,,world
168.84,2026-08-25 20:50:35,-25.40,4.93,-15.60,0.0,grandpas_village,12.62,clear,4.699,2.315,0.00,,world
169.35,2026-08-25 20:50:35,-25.40,4.93,-15.60,0.0,grandpas_village,12.64,clear,4.817,2.089,0.00,,world
169.86,2026-08-25 20:50:36,-25.40,4.93,-15.60,0.0,grandpas_village,12.66,clear,4.817,2.089,0.00,,world
170.38,2026-08-25 20:50:36,-25.40,4.93,-15.60,0.0,grandpas_village,12.68,clear,5.307,2.384,0.00,,world
170.90,2026-08-25 20:50:37,-25.40,4.93,-15.60,0.0,grandpas_village,12.70,clear,5.307,2.384,0.00,,world
171.42,2026-08-25 20:50:37,-25.40,4.93,-15.60,0.0,grandpas_village,12.72,clear,4.964,4.226,0.00,,world
171.93,2026-08-25 20:50:38,-25.40,4.93,-15.60,0.0,grandpas_village,12.74,clear,4.964,4.226,0.00,,world
172.45,2026-08-25 20:50:38,-25.40,4.93,-15.60,0.0,grandpas_village,12.76,clear,5.720,6.237,0.00,,world
172.95,2026-08-25 20:50:39,-25.40,4.93,-15.60,0.0,grandpas_village,12.78,clear,5.720,6.237,0.00,,world
173.46,2026-08-25 20:50:39,-25.40,4.93,-15.60,0.0,grandpas_village,12.80,clear,5.420,2.301,0.00,,world
173.98,2026-08-25 20:50:40,-25.40,4.93,-15.60,0.0,grandpas_village,12.82,clear,5.420,2.301,0.00,,world
174.49,2026-08-25 20:50:40,-25.40,4.93,-15.60,0.0,grandpas_village,12.84,clear,5.270,2.371,0.00,,world
175.01,2026-08-25 20:50:41,-25.40,4.93,-15.60,0.0,grandpas_village,12.86,clear,5.270,2.371,0.00,,world
175.53,2026-08-25 20:50:41,-25.40,4.93,-15.60,0.0,grandpas_village,12.88,clear,7.372,2.214,0.00,,world
176.05,2026-08-25 20:50:42,-25.40,4.93,-15.60,0.0,grandpas_village,12.90,clear,7.372,2.214,0.00,,world
176.56,2026-08-25 20:50:42,-25.40,4.93,-15.60,0.0,grandpas_village,12.92,clear,5.458,2.199,0.00,,world
177.06,2026-08-25 20:50:43,-25.40,4.93,-15.60,0.0,grandpas_village,12.94,clear,5.458,2.199,0.00,,world
177.58,2026-08-25 20:50:43,-25.40,4.93,-15.60,0.0,grandpas_village,12.96,clear,5.569,2.426,0.00,,world
178.10,2026-08-25 20:50:44,-25.40,4.93,-15.60,0.0,grandpas_village,12.99,clear,5.569,2.426,0.00,,world
178.61,2026-08-25 20:50:44,-25.40,4.93,-15.60,0.0,grandpas_village,13.01,clear,4.922,2.306,0.00,,world
179.13,2026-08-25 20:50:45,-25.40,4.93,-15.60,0.0,grandpas_village,13.03,clear,4.922,2.306,0.00,,world
179.65,2026-08-25 20:50:46,-25.40,4.93,-15.60,0.0,grandpas_village,13.05,clear,4.584,2.449,0.00,,world
180.16,2026-08-25 20:50:46,-25.40,4.93,-15.60,0.0,grandpas_village,13.07,clear,4.584,2.449,0.00,,world
180.66,2026-08-25 20:50:47,-25.40,4.93,-15.60,0.0,grandpas_village,13.09,clear,4.953,2.454,0.00,,world
181.17,2026-08-25 20:50:47,-25.40,4.93,-15.60,0.0,grandpas_village,13.11,clear,4.953,2.454,0.00,,world
181.68,2026-08-25 20:50:48,-25.40,4.93,-15.60,0.0,grandpas_village,13.13,clear,4.820,2.760,0.00,,world
182.20,2026-08-25 20:50:48,-25.40,4.93,-15.60,0.0,grandpas_village,13.15,clear,4.820,2.760,0.00,,world
182.71,2026-08-25 20:50:49,-25.40,4.93,-15.60,0.0,grandpas_village,13.17,clear,4.668,2.491,0.00,,world
183.23,2026-08-25 20:50:49,-25.40,4.93,-15.60,0.0,grandpas_village,13.19,clear,4.668,2.491,0.00,,world
183.75,2026-08-25 20:50:50,-25.40,4.93,-15.60,0.0,grandpas_village,13.21,clear,4.911,2.475,0.00,,world
184.26,2026-08-25 20:50:50,-25.40,4.93,-15.60,0.0,grandpas_village,13.23,clear,4.911,2.475,0.00,,world
184.76,2026-08-25 20:50:51,-25.40,4.93,-15.60,0.0,grandpas_village,13.25,clear,4.748,31.243,0.00,,world
185.28,2026-08-25 20:50:51,-25.40,4.93,-15.60,0.0,grandpas_village,13.27,clear,4.748,31.243,0.00,,world
185.80,2026-08-25 20:50:52,-25.40,4.93,-15.60,0.0,grandpas_village,13.29,clear,5.187,3.207,0.00,,world
186.31,2026-08-25 20:50:52,-25.40,4.93,-15.60,0.0,grandpas_village,13.31,clear,5.187,3.207,0.00,,world
186.83,2026-08-25 20:50:53,-25.40,4.93,-15.60,0.0,grandpas_village,13.33,clear,4.658,3.181,0.00,,world
187.35,2026-08-25 20:50:53,-25.40,4.93,-15.60,0.0,grandpas_village,13.36,clear,5.022,2.014,0.00,,world
187.86,2026-08-25 20:50:54,-25.40,4.93,-15.60,0.0,grandpas_village,13.38,clear,5.022,2.014,0.00,,world
188.36,2026-08-25 20:50:54,-25.40,4.93,-15.60,0.0,grandpas_village,13.40,clear,4.995,2.412,0.00,,world
188.87,2026-08-25 20:50:55,-25.40,4.93,-15.60,0.0,grandpas_village,13.42,clear,4.995,2.412,0.00,,world
189.38,2026-08-25 20:50:55,-25.40,4.93,-15.60,0.0,grandpas_village,13.44,clear,5.102,2.513,0.00,,world
189.88,2026-08-25 20:50:56,-25.40,4.93,-15.60,0.0,grandpas_village,13.46,clear,5.102,2.513,0.00,,world
190.40,2026-08-25 20:50:56,-25.40,4.93,-15.60,0.0,grandpas_village,13.48,clear,5.334,2.567,0.00,,world
190.92,2026-08-25 20:50:57,-25.40,4.93,-15.60,0.0,grandpas_village,13.50,clear,5.334,2.567,0.00,,world
191.43,2026-08-25 20:50:57,-25.40,4.93,-15.60,0.0,grandpas_village,13.52,clear,4.872,2.575,0.00,,world
191.94,2026-08-25 20:50:58,-25.40,4.93,-15.60,0.0,grandpas_village,13.54,clear,4.872,2.575,0.00,,world
192.45,2026-08-25 20:50:58,-25.40,4.93,-15.60,0.0,grandpas_village,13.56,clear,6.110,2.548,0.00,,world
192.95,2026-08-25 20:50:59,-25.40,4.93,-15.60,0.0,grandpas_village,13.58,clear,6.110,2.548,0.00,,world
193.47,2026-08-25 20:50:59,-25.40,4.93,-15.60,0.0,grandpas_village,13.60,clear,6.265,2.913,0.00,,world
193.98,2026-08-25 20:51:00,-25.40,4.93,-15.60,0.0,grandpas_village,13.62,clear,6.265,2.913,0.00,,world
194.48,2026-08-25 20:51:00,-25.40,4.93,-15.60,0.0,grandpas_village,13.64,clear,5.236,2.787,0.00,,world
195.00,2026-08-25 20:51:01,-25.40,4.93,-15.60,0.0,grandpas_village,13.66,clear,5.236,2.787,0.00,,world
195.52,2026-08-25 20:51:01,-25.40,4.93,-15.60,0.0,grandpas_village,13.68,clear,6.141,2.668,0.00,,world
196.03,2026-08-25 20:51:02,-25.40,4.93,-15.60,0.0,grandpas_village,13.70,clear,6.141,2.668,0.00,,world
196.55,2026-08-25 20:51:02,-25.40,4.93,-15.60,0.0,grandpas_village,13.72,clear,5.055,2.737,0.00,,world
197.07,2026-08-25 20:51:03,-25.40,4.93,-15.60,0.0,grandpas_village,13.74,clear,5.055,2.737,0.00,,world
197.58,2026-08-25 20:51:03,-25.40,4.93,-15.60,0.0,grandpas_village,13.76,clear,4.882,2.326,0.00,,world
198.08,2026-08-25 20:51:04,-25.40,4.93,-15.60,0.0,grandpas_village,13.78,clear,4.882,2.326,0.00,,world
198.60,2026-08-25 20:51:04,-25.40,4.93,-15.60,0.0,grandpas_village,13.81,clear,4.786,2.418,0.00,,world
199.12,2026-08-25 20:51:05,-25.40,4.93,-15.60,0.0,grandpas_village,13.83,clear,4.786,2.418,0.00,,world
199.63,2026-08-25 20:51:06,-25.40,4.93,-15.60,0.0,grandpas_village,13.85,clear,6.492,36.651,0.00,,world
200.15,2026-08-25 20:51:06,-25.40,4.93,-15.60,0.0,grandpas_village,13.87,clear,6.492,36.651,0.00,,world
200.66,2026-08-25 20:51:07,-25.40,4.93,-15.60,0.0,grandpas_village,13.89,clear,5.328,2.491,0.00,,world
201.17,2026-08-25 20:51:07,-25.40,4.93,-15.60,0.0,grandpas_village,13.91,clear,5.328,2.491,0.00,,world
201.68,2026-08-25 20:51:08,-25.40,4.93,-15.60,0.0,grandpas_village,13.93,clear,5.600,2.468,0.00,,world
202.19,2026-08-25 20:51:08,-25.40,4.93,-15.60,0.0,grandpas_village,13.95,clear,5.600,2.468,0.00,,world
202.71,2026-08-25 20:51:09,-25.40,4.93,-15.60,0.0,grandpas_village,13.97,clear,5.034,2.598,0.00,,world
203.23,2026-08-25 20:51:09,-25.40,4.93,-15.60,0.0,grandpas_village,13.99,clear,5.034,2.598,0.00,,world
203.75,2026-08-25 20:51:10,-25.40,4.93,-15.60,0.0,grandpas_village,14.01,clear,4.860,2.722,0.00,,world
204.26,2026-08-25 20:51:10,-25.40,4.93,-15.60,0.0,grandpas_village,14.03,clear,4.860,2.722,0.00,,world
204.78,2026-08-25 20:51:11,-25.40,4.93,-15.60,0.0,grandpas_village,14.05,clear,4.800,2.222,0.00,,world
205.29,2026-08-25 20:51:11,-25.40,4.93,-15.60,0.0,grandpas_village,14.07,clear,4.800,2.222,0.00,,world
205.80,2026-08-25 20:51:12,-25.40,4.93,-15.60,0.0,grandpas_village,14.09,clear,4.837,2.683,0.00,,world
206.31,2026-08-25 20:51:12,-25.40,4.93,-15.60,0.0,grandpas_village,14.11,clear,4.837,2.683,0.00,,world
206.83,2026-08-25 20:51:13,-25.40,4.93,-15.60,0.0,grandpas_village,14.13,clear,4.766,2.217,0.00,,world
207.35,2026-08-25 20:51:13,-25.40,4.93,-15.60,0.0,grandpas_village,14.16,clear,5.015,2.172,0.00,,world
207.87,2026-08-25 20:51:14,-25.40,4.93,-15.60,0.0,grandpas_village,14.18,clear,5.015,2.172,0.00,,world
208.38,2026-08-25 20:51:14,-25.40,4.93,-15.60,0.0,grandpas_village,14.20,clear,5.116,3.246,0.00,,world
208.89,2026-08-25 20:51:15,-25.40,4.93,-15.60,0.0,grandpas_village,14.22,clear,5.116,3.246,0.00,,world
209.40,2026-08-25 20:51:15,-25.40,4.93,-15.60,0.0,grandpas_village,14.24,clear,4.841,2.416,0.00,,world
209.92,2026-08-25 20:51:16,-25.40,4.93,-15.60,0.0,grandpas_village,14.26,clear,4.841,2.416,0.00,,world
210.43,2026-08-25 20:51:16,-25.40,4.93,-15.60,0.0,grandpas_village,14.28,clear,5.265,2.832,0.00,,world
210.95,2026-08-25 20:51:17,-25.40,4.93,-15.60,0.0,grandpas_village,14.30,clear,5.265,2.832,0.00,,world
211.47,2026-08-25 20:51:17,-25.40,4.93,-15.60,0.0,grandpas_village,14.32,clear,5.056,2.748,0.00,,world
211.99,2026-08-25 20:51:18,-25.40,4.93,-15.60,0.0,grandpas_village,14.34,clear,5.056,2.748,0.00,,world
212.50,2026-08-25 20:51:18,-25.40,4.93,-15.60,0.0,grandpas_village,14.36,clear,4.617,2.149,0.00,,world
213.01,2026-08-25 20:51:19,-25.40,4.93,-15.60,0.0,grandpas_village,14.38,clear,4.617,2.149,0.00,,world
213.52,2026-08-25 20:51:19,-25.40,4.93,-15.60,0.0,grandpas_village,14.40,clear,4.840,2.161,0.00,,world
214.04,2026-08-25 20:51:20,-25.40,4.93,-15.60,0.0,grandpas_village,14.42,clear,4.840,2.161,0.00,,world
214.55,2026-08-25 20:51:20,-25.40,4.93,-15.60,0.0,grandpas_village,14.44,clear,5.301,2.689,0.00,,world
215.07,2026-08-25 20:51:21,-25.40,4.93,-15.60,0.0,grandpas_village,14.46,clear,5.301,2.689,0.00,,world
215.59,2026-08-25 20:51:21,-25.40,4.93,-15.60,0.0,grandpas_village,14.48,clear,5.410,2.496,0.00,,world
216.11,2026-08-25 20:51:22,-25.40,4.93,-15.60,0.0,grandpas_village,14.51,clear,5.410,2.496,0.00,,world
216.62,2026-08-25 20:51:22,-25.40,4.93,-15.60,0.0,grandpas_village,14.53,clear,5.021,2.930,0.00,,world
217.13,2026-08-25 20:51:23,-25.40,4.93,-15.60,0.0,grandpas_village,14.55,clear,5.021,2.930,0.00,,world
217.63,2026-08-25 20:51:24,-25.40,4.93,-15.60,0.0,grandpas_village,14.57,clear,4.887,2.833,0.00,,world
218.15,2026-08-25 20:51:24,-25.40,4.93,-15.60,0.0,grandpas_village,14.59,clear,4.887,2.833,0.00,,world
218.67,2026-08-25 20:51:25,-25.40,4.93,-15.60,0.0,grandpas_village,14.61,clear,5.335,2.913,0.00,,world
219.18,2026-08-25 20:51:25,-25.40,4.93,-15.60,0.0,grandpas_village,14.63,clear,5.335,2.913,0.00,,world
219.69,2026-08-25 20:51:26,-25.40,4.93,-15.60,0.0,grandpas_village,14.65,clear,5.335,2.113,0.00,,world
220.21,2026-08-25 20:51:26,-25.40,4.93,-15.60,0.0,grandpas_village,14.67,clear,5.335,2.113,0.00,,world
220.72,2026-08-25 20:51:27,-25.40,4.93,-15.60,0.0,grandpas_village,14.69,clear,5.178,11.402,0.00,,world
221.23,2026-08-25 20:51:27,-25.40,4.93,-15.60,0.0,grandpas_village,14.71,clear,5.178,11.402,0.00,,world
221.74,2026-08-25 20:51:28,-25.40,4.93,-15.60,0.0,grandpas_village,14.73,clear,4.658,2.279,0.00,,world
222.26,2026-08-25 20:51:28,-25.40,4.93,-15.60,0.0,grandpas_village,14.75,clear,4.658,2.279,0.00,,world
222.78,2026-08-25 20:51:29,-25.40,4.93,-15.60,0.0,grandpas_village,14.77,clear,4.760,2.424,0.00,,world
223.30,2026-08-25 20:51:29,-25.40,4.93,-15.60,0.0,grandpas_village,14.79,clear,4.760,2.424,0.00,,world
223.81,2026-08-25 20:51:30,-25.40,4.93,-15.60,0.0,grandpas_village,14.81,clear,4.746,2.294,0.00,,world
224.33,2026-08-25 20:51:30,-25.40,4.93,-15.60,0.0,grandpas_village,14.83,clear,4.736,2.378,0.00,,world
224.84,2026-08-25 20:51:31,-25.40,4.93,-15.60,0.0,grandpas_village,14.86,clear,4.736,2.378,0.00,,world
225.35,2026-08-25 20:51:31,-25.40,4.93,-15.60,0.0,grandpas_village,14.88,clear,4.732,2.389,0.00,,world
225.86,2026-08-25 20:51:32,-25.40,4.93,-15.60,0.0,grandpas_village,14.90,clear,4.732,2.389,0.00,,world
226.38,2026-08-25 20:51:32,-25.40,4.93,-15.60,0.0,grandpas_village,14.92,clear,4.837,2.459,0.00,,world
226.90,2026-08-25 20:51:33,-25.40,4.93,-15.60,0.0,grandpas_village,14.94,clear,4.837,2.459,0.00,,world
227.42,2026-08-25 20:51:33,-25.40,4.93,-15.60,0.0,grandpas_village,14.96,clear,4.535,2.249,0.00,,world
227.93,2026-08-25 20:51:34,-25.40,4.93,-15.60,0.0,grandpas_village,14.98,clear,4.535,2.249,0.00,,world
228.44,2026-08-25 20:51:34,-25.40,4.93,-15.60,0.0,grandpas_village,15.00,clear,4.704,2.735,0.00,,world
228.95,2026-08-25 20:51:35,-25.40,4.93,-15.60,0.0,grandpas_village,15.02,clear,4.704,2.735,0.00,,world
229.46,2026-08-25 20:51:35,-25.40,4.93,-15.60,0.0,grandpas_village,15.04,clear,4.859,2.047,0.00,,world
229.98,2026-08-25 20:51:36,-25.40,4.93,-15.60,0.0,grandpas_village,15.06,clear,4.859,2.047,0.00,,world
230.50,2026-08-25 20:51:36,-25.40,4.93,-15.60,0.0,grandpas_village,15.08,clear,4.886,2.104,0.00,,world
231.02,2026-08-25 20:51:37,-25.40,4.93,-15.60,0.0,grandpas_village,15.10,clear,4.886,2.104,0.00,,world
231.53,2026-08-25 20:51:37,-25.40,4.93,-15.60,0.0,grandpas_village,15.12,clear,5.395,4.227,0.00,,world
232.05,2026-08-25 20:51:38,-25.40,4.93,-15.60,0.0,grandpas_village,15.14,clear,5.395,4.227,0.00,,world
232.56,2026-08-25 20:51:38,-25.40,4.93,-15.60,0.0,grandpas_village,15.16,clear,4.458,2.882,0.00,,world
233.07,2026-08-25 20:51:39,-25.40,4.93,-15.60,0.0,grandpas_village,15.18,clear,4.458,2.882,0.00,,world
233.58,2026-08-25 20:51:39,-25.40,4.93,-15.60,0.0,grandpas_village,15.20,clear,4.619,29.487,0.00,,world
234.08,2026-08-25 20:51:40,-25.40,4.93,-15.60,0.0,grandpas_village,15.22,clear,4.619,29.487,0.00,,world
234.59,2026-08-25 20:51:40,-25.40,4.93,-15.60,0.0,grandpas_village,15.25,clear,23.636,3.852,0.00,,world
235.09,2026-08-25 20:51:41,-25.40,4.93,-15.60,0.0,grandpas_village,15.27,clear,23.636,3.852,0.00,,world
235.59,2026-08-25 20:51:41,-25.40,4.93,-15.60,0.0,grandpas_village,15.29,clear,6.646,21.849,0.00,,world
236.11,2026-08-25 20:51:42,-25.40,4.93,-15.60,0.0,grandpas_village,15.31,clear,6.646,21.849,0.00,,world
236.63,2026-08-25 20:51:43,-25.40,4.93,-15.60,0.0,grandpas_village,15.33,clear,4.566,2.193,0.00,,world
237.15,2026-08-25 20:51:43,-24.91,4.94,-15.65,94.5,grandpas_village,15.35,clear,4.566,2.193,0.50,,world
237.76,2026-08-25 20:51:44,-24.50,4.65,-15.68,94.5,grandpas_village,15.37,clear,4.653,2.648,0.91,,world
238.28,2026-08-25 20:51:44,-24.50,4.65,-15.68,94.5,grandpas_village,15.39,clear,4.653,2.648,0.91,,world
238.93,2026-08-25 20:51:45,-24.50,4.65,-15.68,94.5,grandpas_village,15.42,clear,5.068,2.128,0.91,,world
239.43,2026-08-25 20:51:45,-24.50,4.65,-15.68,94.5,grandpas_village,15.44,clear,5.428,2.286,0.91,,world
239.95,2026-08-25 20:51:46,-24.50,4.65,-15.68,94.5,grandpas_village,15.46,clear,5.428,2.286,0.91,,world
240.60,2026-08-25 20:51:46,-24.50,4.65,-15.68,94.5,grandpas_village,15.49,clear,4.983,2.599,0.91,,world
241.11,2026-08-25 20:51:47,-24.50,4.65,-15.68,94.5,grandpas_village,15.51,clear,4.983,2.599,0.91,,world
241.65,2026-08-25 20:51:48,-24.50,4.65,-15.68,94.5,grandpas_village,15.53,clear,8.180,2.842,0.91,,world
242.29,2026-08-25 20:51:48,-24.50,4.65,-15.68,94.5,grandpas_village,15.55,clear,8.180,2.842,0.91,,world
242.80,2026-08-25 20:51:49,-24.50,4.65,-15.68,94.5,grandpas_village,15.57,clear,5.759,3.851,0.91,,world
243.31,2026-08-25 20:51:49,-24.50,4.65,-15.68,94.5,grandpas_village,15.59,clear,5.759,3.851,0.91,,world
243.83,2026-08-25 20:51:50,-24.50,4.65,-15.68,94.5,grandpas_village,15.61,clear,5.285,3.397,0.91,,world
244.35,2026-08-25 20:51:50,-24.50,4.65,-15.68,94.5,grandpas_village,15.64,clear,6.183,3.449,0.91,,world
244.87,2026-08-25 20:51:51,-24.50,4.65,-15.68,94.5,grandpas_village,15.66,clear,6.183,3.449,0.91,,world
245.38,2026-08-25 20:51:51,-24.50,4.65,-15.68,94.5,grandpas_village,15.68,clear,5.055,31.787,0.91,,world
245.88,2026-08-25 20:51:52,-24.50,4.65,-15.68,94.5,grandpas_village,15.70,clear,5.055,31.787,0.91,,world
246.40,2026-08-25 20:51:52,-24.50,4.65,-15.68,94.5,grandpas_village,15.72,clear,8.827,4.196,0.91,,world
246.92,2026-08-25 20:51:53,-24.50,4.65,-15.68,94.5,grandpas_village,15.74,clear,8.827,4.196,0.91,,world
247.43,2026-08-25 20:51:53,-24.50,4.65,-15.68,94.5,grandpas_village,15.76,clear,4.831,2.107,0.91,,world
247.95,2026-08-25 20:51:54,-24.50,4.65,-15.68,94.5,grandpas_village,15.78,clear,4.831,2.107,0.91,,world
248.47,2026-08-25 20:51:54,-24.50,4.65,-15.68,94.5,grandpas_village,15.80,clear,5.258,2.441,0.91,,world
249.12,2026-08-25 20:51:55,-24.50,4.65,-15.68,94.5,grandpas_village,15.83,clear,5.258,2.441,0.91,,world
249.63,2026-08-25 20:51:56,-24.50,4.65,-15.68,94.5,grandpas_village,15.85,clear,5.342,2.679,0.91,,world
250.28,2026-08-25 20:51:56,-24.50,4.65,-15.68,94.5,grandpas_village,15.87,clear,5.342,2.679,0.91,,world
250.80,2026-08-25 20:51:57,-23.06,4.65,-16.32,114.1,grandpas_village,15.89,clear,4.987,2.331,2.48,,world
251.32,2026-08-25 20:51:57,-22.62,4.65,-17.36,113.3,grandpas_village,15.91,clear,5.501,2.562,3.81,,world
251.84,2026-08-25 20:51:58,-21.07,3.98,-18.26,113.0,grandpas_village,15.93,clear,5.501,2.562,5.80,,world
252.35,2026-08-25 20:51:58,-18.65,1.77,-18.26,114.0,grandpas_village,15.96,clear,6.049,2.875,8.23,,world
252.87,2026-08-25 20:51:59,-17.74,1.32,-18.26,114.5,grandpas_village,15.98,clear,6.049,2.875,9.14,,world
253.38,2026-08-25 20:51:59,-17.74,1.32,-17.34,24.5,grandpas_village,16.00,clear,11.330,3.052,10.06,,narrative_modal
253.90,2026-08-25 20:52:00,-17.74,1.32,-17.34,24.5,grandpas_village,16.02,clear,11.330,3.052,10.06,,narrative_modal
254.41,2026-08-25 20:52:00,-17.74,1.32,-17.34,24.5,grandpas_village,16.04,clear,5.142,2.538,10.06,,narrative_modal
254.91,2026-08-25 20:52:01,-17.74,1.32,-17.34,24.5,grandpas_village,16.06,clear,5.142,2.538,10.06,,narrative_modal
255.43,2026-08-25 20:52:01,-17.74,1.32,-17.34,24.5,grandpas_village,16.08,clear,5.035,3.007,10.06,,narrative_modal
255.95,2026-08-25 20:52:02,-17.74,1.32,-17.34,24.5,grandpas_village,16.10,clear,5.035,3.007,10.06,,narrative_modal
256.47,2026-08-25 20:52:02,-17.74,1.32,-17.34,24.5,grandpas_village,16.12,clear,4.739,2.483,10.06,,narrative_modal
256.98,2026-08-25 20:52:03,-17.74,1.32,-17.34,24.5,grandpas_village,16.14,clear,4.739,2.483,10.06,,narrative_modal
257.49,2026-08-25 20:52:03,-17.74,1.32,-17.34,24.5,grandpas_village,16.16,clear,5.236,2.834,10.06,,narrative_modal
258.00,2026-08-25 20:52:04,-17.74,1.32,-17.34,24.5,grandpas_village,16.18,clear,5.236,2.834,10.06,,narrative_modal
258.50,2026-08-25 20:52:04,-17.74,1.32,-17.34,24.5,grandpas_village,16.20,clear,4.486,2.301,10.06,,narrative_modal
259.01,2026-08-25 20:52:05,-17.74,1.32,-17.34,24.5,grandpas_village,16.22,clear,4.486,2.301,10.06,,narrative_modal
259.52,2026-08-25 20:52:05,-17.74,1.32,-17.34,24.5,grandpas_village,16.24,clear,4.259,2.590,10.06,,narrative_modal
260.03,2026-08-25 20:52:06,-17.74,1.32,-17.34,24.5,grandpas_village,16.26,clear,4.259,2.590,10.06,,narrative_modal
260.55,2026-08-25 20:52:06,-17.74,1.32,-17.34,24.5,grandpas_village,16.28,clear,4.467,2.430,10.06,,narrative_modal
261.07,2026-08-25 20:52:07,-17.74,1.32,-17.34,24.5,grandpas_village,16.30,clear,4.467,2.430,10.06,,narrative_modal
261.59,2026-08-25 20:52:07,-17.74,1.32,-17.34,24.5,grandpas_village,16.32,clear,4.741,2.813,10.06,,narrative_modal
262.10,2026-08-25 20:52:08,-17.74,1.32,-17.34,24.5,grandpas_village,16.35,clear,4.741,2.813,10.06,,narrative_modal
262.61,2026-08-25 20:52:08,-17.74,1.32,-17.34,24.5,grandpas_village,16.37,clear,4.499,2.361,10.06,,narrative_modal
263.12,2026-08-25 20:52:09,-17.74,1.32,-17.34,24.5,grandpas_village,16.39,clear,4.499,2.361,10.06,,narrative_modal
263.63,2026-08-25 20:52:10,-17.74,1.32,-17.34,24.5,grandpas_village,16.41,clear,4.637,2.504,10.06,,narrative_modal
264.15,2026-08-25 20:52:10,-17.74,1.32,-17.34,24.5,grandpas_village,16.43,clear,4.637,2.504,10.06,,narrative_modal
264.67,2026-08-25 20:52:11,-17.74,1.32,-17.34,24.5,grandpas_village,16.45,clear,5.586,2.491,10.06,,narrative_modal
265.19,2026-08-25 20:52:11,-17.74,1.32,-17.34,24.5,grandpas_village,16.47,clear,5.586,2.491,10.06,,narrative_modal
265.70,2026-08-25 20:52:12,-17.74,1.32,-17.34,24.5,grandpas_village,16.49,clear,6.056,2.654,10.06,,narrative_modal
266.22,2026-08-25 20:52:12,-17.74,1.32,-17.34,24.5,grandpas_village,16.51,clear,6.056,2.654,10.06,,narrative_modal
266.73,2026-08-25 20:52:13,-17.74,1.32,-17.34,24.5,grandpas_village,16.53,clear,5.128,2.187,10.06,,narrative_modal
267.24,2026-08-25 20:52:13,-17.74,1.32,-17.34,24.5,grandpas_village,16.55,clear,5.128,2.187,10.06,,narrative_modal
267.75,2026-08-25 20:52:14,-17.74,1.32,-17.34,24.5,grandpas_village,16.57,clear,4.920,2.195,10.06,,narrative_modal
268.27,2026-08-25 20:52:14,-17.74,1.32,-17.34,24.5,grandpas_village,16.59,clear,4.920,2.195,10.06,,narrative_modal
268.78,2026-08-25 20:52:15,-17.74,1.32,-17.34,24.5,grandpas_village,16.61,clear,4.878,2.413,10.06,,narrative_modal
269.30,2026-08-25 20:52:15,-17.74,1.32,-17.34,24.5,grandpas_village,16.63,clear,4.878,2.413,10.06,,narrative_modal
269.82,2026-08-25 20:52:16,-17.74,1.32,-17.34,24.5,grandpas_village,16.65,clear,4.475,2.587,10.06,,narrative_modal
270.33,2026-08-25 20:52:16,-17.74,1.32,-17.34,24.5,grandpas_village,16.67,clear,5.219,2.562,10.06,,narrative_modal
270.83,2026-08-25 20:52:17,-17.74,1.32,-17.34,24.5,grandpas_village,16.69,clear,5.219,2.562,10.06,,narrative_modal
271.35,2026-08-25 20:52:17,-17.74,1.32,-17.34,24.5,grandpas_village,16.72,clear,5.745,2.368,10.06,,narrative_modal
271.87,2026-08-25 20:52:18,-17.74,1.32,-17.34,24.5,grandpas_village,16.74,clear,5.745,2.368,10.06,,narrative_modal
272.38,2026-08-25 20:52:18,-17.74,1.32,-17.34,24.5,grandpas_village,16.76,clear,4.876,2.238,10.06,,narrative_modal
272.92,2026-08-25 20:52:19,-17.74,1.32,-17.34,24.5,grandpas_village,16.78,clear,4.876,2.238,10.06,,narrative_modal
273.43,2026-08-25 20:52:19,-17.74,1.32,-17.34,24.5,grandpas_village,16.80,clear,5.067,21.234,10.06,,narrative_modal
273.95,2026-08-25 20:52:20,-17.74,1.32,-17.34,24.5,grandpas_village,16.82,clear,5.067,21.234,10.06,,narrative_modal
274.47,2026-08-25 20:52:20,-17.74,1.32,-17.34,24.5,grandpas_village,16.84,clear,4.894,2.629,10.06,,narrative_modal
274.98,2026-08-25 20:52:21,-17.74,1.32,-17.34,24.5,grandpas_village,16.86,clear,4.894,2.629,10.06,,narrative_modal
275.50,2026-08-25 20:52:21,-17.74,1.32,-17.34,24.5,grandpas_village,16.88,clear,5.068,12.670,10.06,,narrative_modal
276.02,2026-08-25 20:52:22,-17.74,1.32,-17.34,24.5,grandpas_village,16.90,clear,5.068,12.670,10.06,,narrative_modal
276.53,2026-08-25 20:52:22,-17.74,1.32,-17.34,24.5,grandpas_village,16.92,clear,5.096,2.249,10.06,,narrative_modal
277.03,2026-08-25 20:52:23,-17.74,1.32,-17.34,24.5,grandpas_village,16.94,clear,5.096,2.249,10.06,,narrative_modal
277.53,2026-08-25 20:52:23,-17.74,1.32,-17.34,24.5,grandpas_village,16.96,clear,4.344,2.839,10.06,,narrative_modal
278.05,2026-08-25 20:52:24,-17.74,1.32,-17.34,24.5,grandpas_village,16.98,clear,4.344,2.839,10.06,,narrative_modal
278.55,2026-08-25 20:52:24,-17.74,1.32,-17.34,24.5,grandpas_village,17.00,clear,4.410,2.107,10.06,,narrative_modal
279.07,2026-08-25 20:52:25,-17.74,1.32,-17.34,24.5,grandpas_village,17.02,clear,4.410,2.107,10.06,,narrative_modal
279.58,2026-08-25 20:52:25,-17.74,1.32,-17.34,24.5,grandpas_village,17.04,clear,4.913,2.533,10.06,,narrative_modal
280.10,2026-08-25 20:52:26,-17.74,1.32,-17.34,24.5,grandpas_village,17.07,clear,4.913,2.533,10.06,,narrative_modal
280.62,2026-08-25 20:52:27,-17.74,1.32,-17.34,24.5,grandpas_village,17.09,clear,4.511,2.355,10.06,,narrative_modal
281.14,2026-08-25 20:52:27,-17.74,1.32,-17.34,24.5,grandpas_village,17.11,clear,4.511,2.355,10.06,,narrative_modal
281.65,2026-08-25 20:52:28,-17.74,1.32,-17.34,24.5,grandpas_village,17.13,clear,5.266,2.439,10.06,,narrative_modal
282.15,2026-08-25 20:52:28,-17.74,1.32,-17.34,24.5,grandpas_village,17.15,clear,5.266,2.439,10.06,,narrative_modal
282.67,2026-08-25 20:52:29,-17.74,1.32,-17.34,24.5,grandpas_village,17.17,clear,4.473,2.280,10.06,,narrative_modal
283.19,2026-08-25 20:52:29,-17.74,1.32,-17.34,24.5,grandpas_village,17.19,clear,4.473,2.280,10.06,,narrative_modal
283.70,2026-08-25 20:52:30,-17.74,1.32,-17.34,24.5,grandpas_village,17.21,clear,4.519,2.467,10.06,,narrative_modal
284.22,2026-08-25 20:52:30,-17.74,1.32,-17.34,24.5,grandpas_village,17.23,clear,4.519,2.467,10.06,,narrative_modal
284.74,2026-08-25 20:52:31,-17.74,1.32,-17.34,24.5,grandpas_village,17.25,clear,4.578,2.461,10.06,,narrative_modal
285.26,2026-08-25 20:52:31,-17.74,1.32,-17.34,24.5,grandpas_village,17.27,clear,4.578,2.461,10.06,,narrative_modal
285.77,2026-08-25 20:52:32,-17.74,1.32,-17.34,24.5,grandpas_village,17.29,clear,4.883,2.685,10.06,,narrative_modal
286.27,2026-08-25 20:52:32,-17.74,1.32,-17.34,24.5,grandpas_village,17.31,clear,4.883,2.685,10.06,,narrative_modal
286.79,2026-08-25 20:52:33,-17.74,1.32,-17.34,24.5,grandpas_village,17.33,clear,4.603,2.299,10.06,,narrative_modal
287.30,2026-08-25 20:52:33,-17.74,1.32,-17.34,24.5,grandpas_village,17.35,clear,4.603,2.299,10.06,,narrative_modal
287.82,2026-08-25 20:52:34,-17.74,1.32,-17.34,24.5,grandpas_village,17.37,clear,5.373,2.188,10.06,,narrative_modal
288.33,2026-08-25 20:52:34,-17.74,1.32,-17.34,24.5,grandpas_village,17.39,clear,6.921,3.084,10.06,,narrative_modal
288.85,2026-08-25 20:52:35,-17.74,1.32,-17.34,24.5,grandpas_village,17.42,clear,6.921,3.084,10.06,,narrative_modal
289.36,2026-08-25 20:52:35,-17.74,1.32,-17.34,24.5,grandpas_village,17.44,clear,3.855,2.174,10.06,,narrative_modal
289.86,2026-08-25 20:52:36,-17.74,1.32,-17.34,24.5,grandpas_village,17.46,clear,3.855,2.174,10.06,,narrative_modal
290.38,2026-08-25 20:52:36,-17.74,1.32,-17.34,24.5,grandpas_village,17.48,clear,4.378,3.039,10.06,,narrative_modal
290.90,2026-08-25 20:52:37,-17.74,1.32,-17.34,24.5,grandpas_village,17.50,clear,4.378,3.039,10.06,,narrative_modal
291.42,2026-08-25 20:52:37,-17.74,1.32,-17.34,24.5,grandpas_village,17.52,clear,4.466,2.785,10.06,,narrative_modal
291.93,2026-08-25 20:52:38,-17.74,1.32,-17.34,24.5,grandpas_village,17.54,clear,4.466,2.785,10.06,,narrative_modal
292.45,2026-08-25 20:52:38,-17.74,1.32,-17.34,24.5,grandpas_village,17.56,clear,4.810,2.391,10.06,,narrative_modal
292.97,2026-08-25 20:52:39,-17.74,1.32,-17.34,24.5,grandpas_village,17.58,clear,4.810,2.391,10.06,,narrative_modal
293.48,2026-08-25 20:52:39,-17.74,1.32,-17.34,24.5,grandpas_village,17.60,clear,4.737,2.615,10.06,,narrative_modal
293.98,2026-08-25 20:52:40,-17.74,1.32,-17.34,24.5,grandpas_village,17.62,clear,4.737,2.615,10.06,,narrative_modal
294.50,2026-08-25 20:52:40,-17.74,1.32,-17.34,24.5,grandpas_village,17.64,clear,4.810,2.462,10.06,,narrative_modal
295.02,2026-08-25 20:52:41,-17.74,1.32,-17.34,24.5,grandpas_village,17.66,clear,4.810,2.462,10.06,,narrative_modal
295.52,2026-08-25 20:52:41,-17.74,1.32,-17.34,24.5,grandpas_village,17.68,clear,4.718,58.442,10.06,,narrative_modal
296.02,2026-08-25 20:52:42,-17.74,1.32,-17.34,24.5,grandpas_village,17.70,clear,4.718,58.442,10.06,,narrative_modal
296.53,2026-08-25 20:52:42,-17.74,1.32,-17.34,24.5,grandpas_village,17.72,clear,4.675,2.236,10.06,,narrative_modal
297.04,2026-08-25 20:52:43,-17.74,1.32,-17.34,24.5,grandpas_village,17.74,clear,4.675,2.236,10.06,,narrative_modal
297.56,2026-08-25 20:52:43,-17.74,1.32,-17.34,24.5,grandpas_village,17.76,clear,4.444,2.642,10.06,,narrative_modal
298.07,2026-08-25 20:52:44,-17.74,1.32,-17.34,24.5,grandpas_village,17.78,clear,4.444,2.642,10.06,,narrative_modal
298.58,2026-08-25 20:52:44,-17.74,1.32,-17.34,24.5,grandpas_village,17.80,clear,4.308,2.534,10.06,,narrative_modal
299.09,2026-08-25 20:52:45,-17.74,1.32,-17.34,24.5,grandpas_village,17.83,clear,4.308,2.534,10.06,,narrative_modal
299.61,2026-08-25 20:52:45,-17.74,1.32,-17.34,24.5,grandpas_village,17.85,clear,4.726,3.453,10.06,,narrative_modal
300.13,2026-08-25 20:52:46,-17.74,1.32,-17.34,24.5,grandpas_village,17.87,clear,4.726,3.453,10.06,,narrative_modal
300.65,2026-08-25 20:52:47,-17.74,1.32,-17.34,24.5,grandpas_village,17.89,clear,6.019,3.111,10.06,,narrative_modal
301.16,2026-08-25 20:52:47,-17.74,1.32,-17.34,24.5,grandpas_village,17.91,clear,6.019,3.111,10.06,,narrative_modal
301.68,2026-08-25 20:52:48,-17.74,1.32,-17.34,24.5,grandpas_village,17.93,clear,4.887,2.654,10.06,,narrative_modal
302.19,2026-08-25 20:52:48,-17.74,1.32,-17.34,24.5,grandpas_village,17.95,clear,4.887,2.654,10.06,,narrative_modal
302.70,2026-08-25 20:52:49,-17.74,1.32,-17.34,24.5,grandpas_village,17.97,clear,4.658,2.415,10.06,,narrative_modal
303.20,2026-08-25 20:52:49,-17.74,1.32,-17.34,24.5,grandpas_village,17.99,clear,4.658,2.415,10.06,,narrative_modal
303.71,2026-08-25 20:52:50,-17.74,1.32,-17.34,24.5,grandpas_village,18.01,clear,4.808,2.857,10.06,,narrative_modal
304.21,2026-08-25 20:52:50,-17.74,1.32,-17.34,24.5,grandpas_village,18.03,clear,4.808,2.857,10.06,,narrative_modal
304.72,2026-08-25 20:52:51,-17.74,1.32,-17.34,24.5,grandpas_village,18.05,clear,4.761,2.597,10.06,,narrative_modal
305.23,2026-08-25 20:52:51,-17.74,1.32,-17.34,24.5,grandpas_village,18.07,clear,4.761,2.597,10.06,,narrative_modal
305.73,2026-08-25 20:52:52,-17.74,1.32,-17.34,24.5,grandpas_village,18.09,clear,4.396,38.542,10.06,,narrative_modal
306.25,2026-08-25 20:52:52,-17.74,1.32,-17.34,24.5,grandpas_village,18.11,clear,4.396,38.542,10.06,,narrative_modal
306.77,2026-08-25 20:52:53,-17.74,1.32,-17.34,24.5,grandpas_village,18.13,clear,4.751,2.615,10.06,,narrative_modal
307.28,2026-08-25 20:52:53,-17.74,1.32,-17.34,24.5,grandpas_village,18.15,clear,4.751,2.615,10.06,,narrative_modal
307.82,2026-08-25 20:52:54,-17.74,1.32,-17.34,24.5,grandpas_village,18.17,clear,4.738,2.330,10.06,,narrative_modal
308.33,2026-08-25 20:52:54,-17.74,1.32,-17.34,24.5,grandpas_village,18.19,clear,5.904,46.425,10.06,,narrative_modal
308.84,2026-08-25 20:52:55,-17.74,1.32,-17.34,24.5,grandpas_village,18.22,clear,5.904,46.425,10.06,,narrative_modal
309.36,2026-08-25 20:52:55,-17.74,1.32,-17.34,24.5,grandpas_village,18.24,clear,4.770,2.639,10.06,,narrative_modal
309.87,2026-08-25 20:52:56,-17.74,1.32,-17.34,24.5,grandpas_village,18.26,clear,4.770,2.639,10.06,,narrative_modal
310.38,2026-08-25 20:52:56,-17.74,1.32,-17.34,24.5,grandpas_village,18.28,clear,4.732,2.486,10.06,,narrative_modal
310.89,2026-08-25 20:52:57,-17.74,1.32,-17.34,24.5,grandpas_village,18.30,clear,4.732,2.486,10.06,,narrative_modal
311.41,2026-08-25 20:52:57,-17.74,1.32,-17.34,24.5,grandpas_village,18.32,clear,4.493,2.456,10.06,,narrative_modal
311.93,2026-08-25 20:52:58,-17.74,1.32,-17.34,24.5,grandpas_village,18.34,clear,4.493,2.456,10.06,,narrative_modal
312.45,2026-08-25 20:52:58,-17.74,1.32,-17.34,24.5,grandpas_village,18.36,clear,4.739,2.356,10.06,,narrative_modal
312.96,2026-08-25 20:52:59,-17.74,1.32,-17.34,24.5,grandpas_village,18.38,clear,4.739,2.356,10.06,,narrative_modal
313.48,2026-08-25 20:52:59,-17.74,1.32,-17.34,24.5,grandpas_village,18.40,clear,4.661,2.552,10.06,,narrative_modal
313.99,2026-08-25 20:53:00,-17.74,1.32,-17.34,24.5,grandpas_village,18.42,clear,4.661,2.552,10.06,,narrative_modal
314.50,2026-08-25 20:53:00,-17.74,1.32,-17.34,24.5,grandpas_village,18.44,clear,4.957,11.370,10.06,,narrative_modal
315.01,2026-08-25 20:53:01,-17.74,1.32,-17.34,24.5,grandpas_village,18.46,clear,4.957,11.370,10.06,,narrative_modal
315.53,2026-08-25 20:53:01,-17.74,1.32,-17.34,24.5,grandpas_village,18.48,clear,4.852,3.095,10.06,,narrative_modal
316.04,2026-08-25 20:53:02,-17.74,1.32,-17.34,24.5,grandpas_village,18.50,clear,4.852,3.095,10.06,,narrative_modal
316.54,2026-08-25 20:53:02,-17.74,1.32,-17.34,24.5,grandpas_village,18.52,clear,4.564,2.497,10.06,,narrative_modal
317.05,2026-08-25 20:53:03,-17.74,1.32,-17.34,24.5,grandpas_village,18.54,clear,4.564,2.497,10.06,,narrative_modal
317.56,2026-08-25 20:53:03,-17.74,1.32,-17.34,24.5,grandpas_village,18.56,clear,4.934,2.585,10.06,,narrative_modal
318.08,2026-08-25 20:53:04,-17.74,1.32,-17.34,24.5,grandpas_village,18.58,clear,4.934,2.585,10.06,,narrative_modal
318.59,2026-08-25 20:53:04,-17.74,1.32,-17.34,24.5,grandpas_village,18.61,clear,4.719,2.656,10.06,,narrative_modal
319.10,2026-08-25 20:53:05,-17.74,1.32,-17.34,24.5,grandpas_village,18.63,clear,4.719,2.656,10.06,,narrative_modal
319.61,2026-08-25 20:53:05,-17.74,1.32,-17.34,24.5,grandpas_village,18.65,clear,5.204,23.891,10.06,,narrative_modal
320.13,2026-08-25 20:53:06,-17.74,1.32,-17.34,24.5,grandpas_village,18.67,clear,5.204,23.891,10.06,,narrative_modal
320.65,2026-08-25 20:53:07,-17.74,1.32,-17.34,24.5,grandpas_village,18.69,clear,5.332,2.712,10.06,,narrative_modal
321.16,2026-08-25 20:53:07,-17.74,1.32,-17.34,24.5,grandpas_village,18.71,clear,5.332,2.712,10.06,,narrative_modal
321.68,2026-08-25 20:53:08,-17.74,1.32,-17.34,24.5,grandpas_village,18.73,clear,5.813,2.679,10.06,,narrative_modal
322.19,2026-08-25 20:53:08,-17.74,1.32,-17.34,24.5,grandpas_village,18.75,clear,5.813,2.679,10.06,,narrative_modal
322.69,2026-08-25 20:53:09,-17.74,1.32,-17.34,24.5,grandpas_village,18.77,clear,4.869,2.598,10.06,,narrative_modal
323.20,2026-08-25 20:53:09,-17.74,1.32,-17.34,24.5,grandpas_village,18.79,clear,4.869,2.598,10.06,,narrative_modal
323.71,2026-08-25 20:53:10,-17.74,1.32,-17.34,24.5,grandpas_village,18.81,clear,4.926,2.316,10.06,,narrative_modal
324.21,2026-08-25 20:53:10,-17.74,1.32,-17.34,24.5,grandpas_village,18.83,clear,4.926,2.316,10.06,,narrative_modal
324.73,2026-08-25 20:53:11,-17.74,1.32,-17.34,24.5,grandpas_village,18.85,clear,6.456,2.814,10.06,,narrative_modal
325.25,2026-08-25 20:53:11,-17.74,1.32,-17.34,24.5,grandpas_village,18.87,clear,6.456,2.814,10.06,,narrative_modal
325.77,2026-08-25 20:53:12,-17.74,1.32,-17.34,24.5,grandpas_village,18.89,clear,5.233,2.430,10.06,,narrative_modal
326.28,2026-08-25 20:53:12,-17.74,1.32,-17.34,24.5,grandpas_village,18.91,clear,5.233,2.430,10.06,,narrative_modal
326.80,2026-08-25 20:53:13,-17.74,1.32,-17.34,24.5,grandpas_village,18.93,clear,4.849,2.946,10.06,,narrative_modal
327.31,2026-08-25 20:53:13,-17.74,1.32,-17.34,24.5,grandpas_village,18.95,clear,4.849,2.946,10.06,,narrative_modal
327.81,2026-08-25 20:53:14,-17.74,1.32,-17.34,24.5,grandpas_village,18.97,clear,5.689,4.320,10.06,,narrative_modal
328.33,2026-08-25 20:53:14,-17.74,1.32,-17.34,24.5,grandpas_village,18.99,clear,5.677,2.593,10.06,,narrative_modal
328.84,2026-08-25 20:53:15,-17.74,1.32,-17.34,24.5,grandpas_village,19.02,clear,5.677,2.593,10.06,,narrative_modal
329.34,2026-08-25 20:53:15,-17.74,1.32,-17.34,24.5,grandpas_village,19.04,clear,5.135,27.786,10.06,,narrative_modal
329.85,2026-08-25 20:53:16,-17.74,1.32,-17.34,24.5,grandpas_village,19.06,clear,5.135,27.786,10.06,,narrative_modal
330.36,2026-08-25 20:53:16,-17.74,1.32,-17.34,24.5,grandpas_village,19.08,clear,4.939,2.535,10.06,,narrative_modal
330.88,2026-08-25 20:53:17,-17.74,1.32,-17.34,24.5,grandpas_village,19.10,clear,4.939,2.535,10.06,,narrative_modal
331.40,2026-08-25 20:53:17,-17.74,1.32,-17.34,24.5,grandpas_village,19.12,clear,4.777,2.775,10.06,,narrative_modal
331.92,2026-08-25 20:53:18,-17.74,1.32,-17.34,24.5,grandpas_village,19.14,clear,4.777,2.775,10.06,,narrative_modal
332.43,2026-08-25 20:53:18,-17.74,1.32,-17.34,24.5,grandpas_village,19.16,clear,4.983,2.542,10.06,,narrative_modal
332.93,2026-08-25 20:53:19,-17.74,1.32,-17.34,24.5,grandpas_village,19.18,clear,4.983,2.542,10.06,,narrative_modal
333.45,2026-08-25 20:53:19,-17.74,1.32,-17.34,24.5,grandpas_village,19.20,clear,5.137,2.409,10.06,,narrative_modal
333.97,2026-08-25 20:53:20,-17.74,1.32,-17.34,24.5,grandpas_village,19.22,clear,5.137,2.409,10.06,,narrative_modal
334.48,2026-08-25 20:53:20,-17.74,1.32,-17.34,24.5,grandpas_village,19.24,clear,5.718,2.794,10.06,,narrative_modal
335.00,2026-08-25 20:53:21,-17.74,1.32,-17.34,24.5,grandpas_village,19.26,clear,5.718,2.794,10.06,,narrative_modal
335.52,2026-08-25 20:53:21,-17.74,1.32,-17.34,24.5,grandpas_village,19.28,clear,4.661,2.219,10.06,,narrative_modal
336.03,2026-08-25 20:53:22,-17.74,1.32,-17.34,24.5,grandpas_village,19.30,clear,4.661,2.219,10.06,,narrative_modal
336.53,2026-08-25 20:53:22,-17.74,1.32,-17.34,24.5,grandpas_village,19.32,clear,4.242,2.432,10.06,,narrative_modal
337.03,2026-08-25 20:53:23,-17.74,1.32,-17.34,24.5,grandpas_village,19.34,clear,4.242,2.432,10.06,,narrative_modal
337.54,2026-08-25 20:53:23,-17.74,1.32,-17.34,24.5,grandpas_village,19.36,clear,5.150,2.445,10.06,,narrative_modal
338.04,2026-08-25 20:53:24,-17.74,1.32,-17.34,24.5,grandpas_village,19.38,clear,5.150,2.445,10.06,,narrative_modal
338.56,2026-08-25 20:53:24,-17.74,1.32,-17.34,24.5,grandpas_village,19.40,clear,5.554,3.036,10.06,,narrative_modal
339.08,2026-08-25 20:53:25,-17.74,1.32,-17.34,24.5,grandpas_village,19.42,clear,5.554,3.036,10.06,,narrative_modal
339.59,2026-08-25 20:53:25,-17.74,1.32,-17.34,24.5,grandpas_village,19.45,clear,5.435,2.365,10.06,,narrative_modal
340.11,2026-08-25 20:53:26,-17.74,1.32,-17.34,24.5,grandpas_village,19.47,clear,5.435,2.365,10.06,,narrative_modal
340.63,2026-08-25 20:53:27,-17.74,1.32,-17.34,24.5,grandpas_village,19.49,clear,4.714,3.278,10.06,,narrative_modal
341.14,2026-08-25 20:53:27,-17.74,1.32,-17.34,24.5,grandpas_village,19.51,clear,4.714,3.278,10.06,,narrative_modal
341.64,2026-08-25 20:53:28,-17.74,1.32,-17.34,24.5,grandpas_village,19.53,clear,5.064,2.677,10.06,,narrative_modal
342.16,2026-08-25 20:53:28,-17.74,1.32,-17.34,24.5,grandpas_village,19.55,clear,5.064,2.677,10.06,,narrative_modal
342.68,2026-08-25 20:53:29,-17.74,1.32,-17.34,24.5,grandpas_village,19.57,clear,4.862,2.755,10.06,,narrative_modal
343.20,2026-08-25 20:53:29,-17.74,1.32,-17.34,24.5,grandpas_village,19.59,clear,4.862,2.755,10.06,,narrative_modal
343.71,2026-08-25 20:53:30,-17.74,1.32,-17.34,24.5,grandpas_village,19.61,clear,4.721,2.362,10.06,,narrative_modal
344.23,2026-08-25 20:53:30,-17.74,1.32,-17.34,24.5,grandpas_village,19.63,clear,4.721,2.362,10.06,,narrative_modal
344.74,2026-08-25 20:53:31,-17.74,1.32,-17.34,24.5,grandpas_village,19.65,clear,4.928,2.681,10.06,,narrative_modal
345.24,2026-08-25 20:53:31,-17.74,1.32,-17.34,24.5,grandpas_village,19.67,clear,4.928,2.681,10.06,,narrative_modal
345.76,2026-08-25 20:53:32,-17.74,1.32,-17.34,24.5,grandpas_village,19.69,clear,4.842,2.511,10.06,,narrative_modal
346.27,2026-08-25 20:53:32,-17.74,1.32,-17.34,24.5,grandpas_village,19.71,clear,4.842,2.511,10.06,,narrative_modal
346.78,2026-08-25 20:53:33,-17.74,1.32,-17.34,24.5,grandpas_village,19.73,clear,5.046,44.222,10.06,,narrative_modal
347.28,2026-08-25 20:53:33,-17.74,1.32,-17.34,24.5,grandpas_village,19.75,clear,5.046,44.222,10.06,,narrative_modal
347.80,2026-08-25 20:53:34,-17.74,1.32,-17.34,24.5,grandpas_village,19.77,clear,4.628,2.288,10.06,,narrative_modal
348.31,2026-08-25 20:53:34,-17.74,1.32,-17.34,24.5,grandpas_village,19.79,clear,4.628,2.288,10.06,,narrative_modal
348.83,2026-08-25 20:53:35,-17.74,1.32,-17.34,24.5,grandpas_village,19.81,clear,4.840,2.179,10.06,,narrative_modal
349.35,2026-08-25 20:53:35,-17.74,1.32,-17.34,24.5,grandpas_village,19.84,clear,4.751,2.524,10.06,,narrative_modal
349.86,2026-08-25 20:53:36,-17.74,1.32,-17.34,24.5,grandpas_village,19.86,clear,4.751,2.524,10.06,,narrative_modal
350.38,2026-08-25 20:53:36,-17.74,1.32,-17.34,24.5,grandpas_village,19.88,clear,5.093,2.493,10.06,,narrative_modal
350.89,2026-08-25 20:53:37,-17.74,1.32,-17.34,24.5,grandpas_village,19.90,clear,5.093,2.493,10.06,,narrative_modal
351.39,2026-08-25 20:53:37,-17.74,1.32,-17.34,24.5,grandpas_village,19.92,clear,4.605,2.866,10.06,,narrative_modal
351.91,2026-08-25 20:53:38,-17.74,1.32,-17.34,24.5,grandpas_village,19.94,clear,4.605,2.866,10.06,,narrative_modal
352.43,2026-08-25 20:53:38,-17.74,1.32,-17.34,24.5,grandpas_village,19.96,clear,4.704,2.463,10.06,,narrative_modal
352.94,2026-08-25 20:53:39,-17.74,1.32,-17.34,24.5,grandpas_village,19.98,clear,4.704,2.463,10.06,,narrative_modal
353.44,2026-08-25 20:53:39,-17.74,1.32,-17.34,24.5,grandpas_village,20.00,clear,4.660,42.325,10.06,,narrative_modal
353.96,2026-08-25 20:53:40,-17.74,1.32,-17.34,24.5,grandpas_village,20.02,clear,4.660,42.325,10.06,,narrative_modal
354.48,2026-08-25 20:53:40,-17.74,1.32,-17.34,24.5,grandpas_village,20.04,clear,7.170,3.647,10.06,,narrative_modal
354.99,2026-08-25 20:53:41,-17.74,1.32,-17.34,24.5,grandpas_village,20.06,clear,7.170,3.647,10.06,,narrative_modal
355.51,2026-08-25 20:53:41,-17.74,1.32,-17.34,24.5,grandpas_village,20.08,clear,5.226,3.741,10.06,,narrative_modal
356.03,2026-08-25 20:53:42,-17.74,1.32,-17.34,24.5,grandpas_village,20.10,clear,5.226,3.741,10.06,,narrative_modal
356.55,2026-08-25 20:53:42,-17.74,1.32,-17.34,24.5,grandpas_village,20.12,clear,6.289,3.652,10.06,,narrative_modal
357.06,2026-08-25 20:53:43,-17.74,1.32,-17.34,24.5,grandpas_village,20.14,clear,6.289,3.652,10.06,,narrative_modal
357.56,2026-08-25 20:53:43,-17.74,1.32,-17.34,24.5,grandpas_village,20.16,clear,5.648,4.314,10.06,,narrative_modal
358.08,2026-08-25 20:53:44,-17.74,1.32,-17.34,24.5,grandpas_village,20.18,clear,5.648,4.314,10.06,,narrative_modal
358.60,2026-08-25 20:53:44,-17.74,1.32,-17.34,24.5,grandpas_village,20.21,clear,5.669,3.760,10.06,,narrative_modal
359.11,2026-08-25 20:53:45,-17.74,1.32,-17.34,24.5,grandpas_village,20.23,clear,5.669,3.760,10.06,,narrative_modal
359.63,2026-08-25 20:53:46,-17.74,1.32,-17.34,24.5,grandpas_village,20.25,clear,6.382,3.850,10.06,,narrative_modal
360.15,2026-08-25 20:53:46,-17.74,1.32,-17.34,24.5,grandpas_village,20.27,clear,6.382,3.850,10.06,,narrative_modal
360.66,2026-08-25 20:53:47,-17.74,1.32,-17.34,24.5,grandpas_village,20.29,clear,6.261,3.526,10.06,,narrative_modal
361.16,2026-08-25 20:53:47,-17.74,1.32,-17.34,24.5,grandpas_village,20.31,clear,6.261,3.526,10.06,,narrative_modal
361.68,2026-08-25 20:53:48,-17.74,1.32,-17.34,24.5,grandpas_village,20.33,clear,6.580,3.692,10.06,,narrative_modal
362.20,2026-08-25 20:53:48,-17.74,1.32,-17.34,24.5,grandpas_village,20.35,clear,6.580,3.692,10.06,,narrative_modal
362.72,2026-08-25 20:53:49,-17.74,1.32,-17.34,24.5,grandpas_village,20.37,clear,5.488,3.551,10.06,,narrative_modal
363.23,2026-08-25 20:53:49,-17.74,1.32,-17.34,24.5,grandpas_village,20.39,clear,5.488,3.551,10.06,,narrative_modal
363.74,2026-08-25 20:53:50,-17.74,1.32,-17.34,24.5,grandpas_village,20.41,clear,5.540,3.616,10.06,,narrative_modal
364.26,2026-08-25 20:53:50,-17.74,1.32,-17.34,24.5,grandpas_village,20.43,clear,5.540,3.616,10.06,,narrative_modal
364.77,2026-08-25 20:53:51,-17.74,1.32,-17.34,24.5,grandpas_village,20.45,clear,6.485,3.633,10.06,,narrative_modal
365.28,2026-08-25 20:53:51,-17.74,1.32,-17.34,24.5,grandpas_village,20.47,clear,6.485,3.633,10.06,,narrative_modal
365.79,2026-08-25 20:53:52,-17.74,1.32,-17.34,24.5,grandpas_village,20.49,clear,6.133,3.231,10.06,,narrative_modal
366.31,2026-08-25 20:53:52,-17.74,1.32,-17.34,24.5,grandpas_village,20.51,clear,6.133,3.231,10.06,,narrative_modal
366.83,2026-08-25 20:53:53,-17.74,1.32,-17.34,24.5,grandpas_village,20.53,clear,5.803,3.600,10.06,,narrative_modal
367.35,2026-08-25 20:53:53,-17.74,1.32,-17.34,24.5,grandpas_village,20.56,clear,6.106,3.620,10.06,,narrative_modal
367.86,2026-08-25 20:53:54,-17.74,1.32,-17.34,24.5,grandpas_village,20.58,clear,6.106,3.620,10.06,,narrative_modal
368.37,2026-08-25 20:53:54,-17.74,1.32,-17.34,24.5,grandpas_village,20.60,clear,6.255,3.653,10.06,,narrative_modal
368.88,2026-08-25 20:53:55,-17.74,1.32,-17.34,24.5,grandpas_village,20.62,clear,6.255,3.653,10.06,,narrative_modal
369.40,2026-08-25 20:53:55,-17.74,1.32,-17.34,24.5,grandpas_village,20.64,clear,5.615,3.229,10.06,,narrative_modal
369.91,2026-08-25 20:53:56,-17.74,1.32,-17.34,24.5,grandpas_village,20.66,clear,5.615,3.229,10.06,,narrative_modal
370.43,2026-08-25 20:53:56,-17.74,1.32,-17.34,24.5,grandpas_village,20.68,clear,5.460,3.836,10.06,,narrative_modal
370.95,2026-08-25 20:53:57,-17.74,1.32,-17.34,24.5,grandpas_village,20.70,clear,5.460,3.836,10.06,,narrative_modal
371.47,2026-08-25 20:53:57,-17.74,1.32,-17.34,24.5,grandpas_village,20.72,clear,6.173,3.424,10.06,,narrative_modal
371.98,2026-08-25 20:53:58,-17.74,1.32,-17.34,24.5,grandpas_village,20.74,clear,6.173,3.424,10.06,,narrative_modal
372.49,2026-08-25 20:53:58,-17.74,1.32,-17.34,24.5,grandpas_village,20.76,clear,6.536,3.326,10.06,,narrative_modal
373.00,2026-08-25 20:53:59,-17.74,1.32,-17.34,24.5,grandpas_village,20.78,clear,6.536,3.326,10.06,,narrative_modal
373.58,2026-08-25 20:53:59,-17.74,1.32,-17.34,24.5,grandpas_village,20.79,clear,6.536,3.326,0.00,8.43,narrative_modal
374.09,2026-08-25 20:54:00,-17.74,1.32,-17.34,24.5,grandpas_village,20.82,clear,6.734,357.833,0.00,8.43,narrative_modal
374.60,2026-08-25 20:54:00,-17.74,1.32,-17.34,24.5,grandpas_village,20.84,clear,5.369,4.952,0.00,8.43,narrative_modal
375.11,2026-08-25 20:54:01,-17.74,1.32,-17.34,24.5,grandpas_village,20.86,clear,5.369,4.952,0.00,8.43,narrative_modal
375.63,2026-08-25 20:54:02,-17.74,1.32,-17.34,24.5,grandpas_village,20.88,clear,7.390,5.915,0.00,8.43,narrative_modal
376.15,2026-08-25 20:54:02,-17.74,1.32,-17.34,24.5,grandpas_village,20.90,clear,7.390,5.915,0.00,8.43,narrative_modal
376.67,2026-08-25 20:54:03,-17.74,1.32,-17.34,24.5,grandpas_village,20.92,clear,5.502,5.537,0.00,8.43,narrative_modal
377.38,2026-08-25 20:54:03,-17.74,1.32,-17.34,24.5,grandpas_village,20.95,clear,6.784,6.772,0.00,8.43,narrative_modal
378.11,2026-08-25 20:54:04,-17.74,1.32,-17.34,24.5,grandpas_village,20.98,clear,6.784,6.772,0.00,8.43,narrative_modal
378.81,2026-08-25 20:54:05,-17.74,1.32,-17.34,24.5,grandpas_village,21.01,clear,7.673,32.801,0.00,8.43,narrative_modal
379.51,2026-08-25 20:54:05,-17.74,1.32,-17.34,24.5,grandpas_village,21.03,clear,5.664,6.050,0.00,8.43,narrative_modal
380.03,2026-08-25 20:54:06,-17.74,1.32,-17.34,24.5,grandpas_village,21.05,clear,5.664,6.050,0.00,8.43,narrative_modal
380.55,2026-08-25 20:54:06,-17.74,1.32,-17.34,24.5,grandpas_village,21.07,clear,6.441,6.432,0.00,8.43,narrative_modal
381.07,2026-08-25 20:54:07,-17.74,1.32,-17.34,24.5,grandpas_village,21.10,clear,6.441,6.432,0.00,8.43,narrative_modal
381.58,2026-08-25 20:54:07,-17.74,1.32,-17.34,24.5,grandpas_village,21.12,clear,7.680,6.504,0.00,8.43,narrative_modal
382.10,2026-08-25 20:54:08,-17.74,1.32,-17.34,24.5,grandpas_village,21.14,clear,7.680,6.504,0.00,8.43,narrative_modal
382.61,2026-08-25 20:54:08,-17.74,1.32,-17.34,24.5,grandpas_village,21.16,clear,5.674,5.410,0.00,8.43,narrative_modal
383.11,2026-08-25 20:54:09,-17.74,1.32,-17.34,24.5,grandpas_village,21.18,clear,5.674,5.410,0.00,8.43,narrative_modal
383.63,2026-08-25 20:54:10,-17.74,1.32,-17.34,24.5,grandpas_village,21.20,clear,5.308,5.949,0.00,8.43,narrative_modal
384.15,2026-08-25 20:54:10,-17.74,1.32,-17.34,24.5,grandpas_village,21.22,clear,5.308,5.949,0.00,8.43,narrative_modal
384.67,2026-08-25 20:54:11,-17.74,1.32,-17.34,24.5,grandpas_village,21.24,clear,5.040,5.699,0.00,8.43,narrative_modal
385.18,2026-08-25 20:54:11,-17.74,1.32,-17.34,24.5,grandpas_village,21.26,clear,5.040,5.699,0.00,8.43,narrative_modal
385.70,2026-08-25 20:54:12,-17.74,1.32,-17.34,24.5,grandpas_village,21.28,clear,5.572,6.291,0.00,8.43,narrative_modal
386.21,2026-08-25 20:54:12,-17.74,1.32,-17.34,24.5,grandpas_village,21.30,clear,5.572,6.291,0.00,8.43,narrative_modal
386.72,2026-08-25 20:54:13,-17.74,1.32,-17.34,24.5,grandpas_village,21.32,clear,6.247,5.408,0.00,8.43,narrative_modal
387.23,2026-08-25 20:54:13,-17.74,1.32,-17.34,24.5,grandpas_village,21.34,clear,6.247,5.408,0.00,8.43,narrative_modal
387.75,2026-08-25 20:54:14,-17.74,1.32,-17.34,24.5,grandpas_village,21.36,clear,5.301,5.760,0.00,8.43,narrative_modal
388.27,2026-08-25 20:54:14,-17.74,1.32,-17.34,24.5,grandpas_village,21.38,clear,5.301,5.760,0.00,8.43,narrative_modal
388.77,2026-08-25 20:54:15,-17.74,1.32,-17.34,24.5,grandpas_village,21.40,clear,5.686,5.703,0.00,8.43,narrative_modal
389.28,2026-08-25 20:54:15,-17.74,1.32,-17.34,24.5,grandpas_village,21.42,clear,5.686,5.703,0.00,8.43,narrative_modal
389.80,2026-08-25 20:54:16,-17.74,1.32,-17.34,24.5,grandpas_village,21.44,clear,6.260,28.108,0.00,8.43,narrative_modal
390.38,2026-08-25 20:54:16,-17.74,1.32,-17.34,24.5,grandpas_village,21.47,clear,5.373,5.316,0.00,8.43,narrative_modal
390.88,2026-08-25 20:54:17,-17.74,1.32,-17.34,24.5,grandpas_village,21.49,clear,5.373,5.316,0.00,8.43,narrative_modal
391.47,2026-08-25 20:54:17,-17.74,1.32,-17.34,24.5,grandpas_village,21.51,clear,6.722,6.288,0.00,8.43,narrative_modal
392.12,2026-08-25 20:54:18,-17.74,1.32,-17.34,24.5,grandpas_village,21.54,clear,6.722,6.288,0.00,8.43,narrative_modal
392.63,2026-08-25 20:54:19,-17.74,1.32,-17.34,24.5,grandpas_village,21.56,clear,91.102,5.939,0.00,8.43,narrative_modal
393.15,2026-08-25 20:54:19,-17.74,1.32,-17.34,24.5,grandpas_village,21.58,clear,91.102,5.939,0.00,8.43,narrative_modal
393.67,2026-08-25 20:54:20,-17.74,1.32,-17.34,24.5,grandpas_village,21.60,clear,5.229,6.065,0.00,8.43,narrative_modal
394.18,2026-08-25 20:54:20,-17.74,1.32,-17.34,24.5,grandpas_village,21.62,clear,5.229,6.065,0.00,8.43,narrative_modal
394.68,2026-08-25 20:54:21,-17.74,1.32,-17.34,24.5,grandpas_village,21.64,clear,5.833,6.489,0.00,8.43,narrative_modal
395.20,2026-08-25 20:54:21,-17.74,1.32,-17.34,24.5,grandpas_village,21.66,clear,5.833,6.489,0.00,8.43,narrative_modal
395.71,2026-08-25 20:54:22,-17.74,1.32,-17.34,24.5,grandpas_village,21.68,clear,6.035,5.924,0.00,8.43,narrative_modal
396.22,2026-08-25 20:54:22,-17.74,1.32,-17.34,24.5,grandpas_village,21.70,clear,6.035,5.924,0.00,8.43,narrative_modal
396.72,2026-08-25 20:54:23,-17.74,1.32,-17.34,24.5,grandpas_village,21.72,clear,5.653,15.298,0.00,8.43,narrative_modal
397.23,2026-08-25 20:54:23,-17.74,1.32,-17.34,24.5,grandpas_village,21.74,clear,5.653,15.298,0.00,8.43,narrative_modal
397.74,2026-08-25 20:54:24,-17.74,1.32,-17.34,24.5,grandpas_village,21.76,clear,6.219,38.544,0.00,8.43,narrative_modal
398.25,2026-08-25 20:54:24,-17.74,1.32,-17.34,24.5,grandpas_village,21.78,clear,6.219,38.544,0.00,8.43,narrative_modal
398.75,2026-08-25 20:54:25,-17.74,1.32,-17.34,24.5,grandpas_village,21.80,clear,5.005,5.161,0.00,8.43,narrative_modal
399.26,2026-08-25 20:54:25,-17.74,1.32,-17.34,24.5,grandpas_village,21.82,clear,5.005,5.161,0.00,8.43,narrative_modal
399.78,2026-08-25 20:54:26,-17.74,1.32,-17.34,24.5,grandpas_village,21.84,clear,6.964,6.157,0.00,8.43,narrative_modal
400.30,2026-08-25 20:54:26,-17.74,1.32,-17.34,24.5,grandpas_village,21.86,clear,6.964,6.157,0.00,8.43,narrative_modal
400.82,2026-08-25 20:54:27,-17.74,1.32,-17.34,24.5,grandpas_village,21.89,clear,6.588,6.445,0.00,8.43,narrative_modal
401.34,2026-08-25 20:54:27,-17.74,1.32,-17.34,24.5,grandpas_village,21.91,clear,5.080,5.774,0.00,8.43,narrative_modal
401.85,2026-08-25 20:54:28,-17.74,1.32,-17.34,24.5,grandpas_village,21.93,clear,5.080,5.774,0.00,8.43,narrative_modal
402.35,2026-08-25 20:54:28,-17.74,1.32,-17.34,24.5,grandpas_village,21.95,clear,5.275,5.786,0.00,8.43,narrative_modal
402.87,2026-08-25 20:54:29,-17.74,1.32,-17.34,24.5,grandpas_village,21.97,clear,5.275,5.786,0.00,8.43,narrative_modal
403.38,2026-08-25 20:54:29,-17.74,1.32,-17.34,24.5,grandpas_village,21.99,clear,5.444,6.068,0.00,8.43,narrative_modal
403.90,2026-08-25 20:54:30,-17.74,1.32,-17.34,24.5,grandpas_village,22.01,clear,5.444,6.068,0.00,8.43,narrative_modal
404.42,2026-08-25 20:54:30,-17.74,1.32,-17.34,24.5,grandpas_village,22.03,clear,6.026,6.756,0.00,8.43,narrative_modal
404.94,2026-08-25 20:54:31,-17.74,1.32,-17.34,24.5,grandpas_village,22.05,clear,6.026,6.756,0.00,8.43,narrative_modal
405.45,2026-08-25 20:54:31,-17.74,1.32,-17.34,24.5,grandpas_village,22.07,clear,6.769,6.707,0.00,8.43,narrative_modal
405.96,2026-08-25 20:54:32,-17.74,1.32,-17.34,24.5,grandpas_village,22.09,clear,6.769,6.707,0.00,8.43,narrative_modal
406.47,2026-08-25 20:54:32,-17.74,1.32,-17.34,24.5,grandpas_village,22.11,clear,5.169,5.215,0.00,8.43,narrative_modal
406.99,2026-08-25 20:54:33,-17.74,1.32,-17.34,24.5,grandpas_village,22.13,clear,5.169,5.215,0.00,8.43,narrative_modal
407.50,2026-08-25 20:54:33,-17.74,1.32,-17.34,24.5,grandpas_village,22.15,clear,5.235,5.319,0.00,8.43,narrative_modal
408.02,2026-08-25 20:54:34,-17.74,1.32,-17.34,24.5,grandpas_village,22.17,clear,5.235,5.319,0.00,8.43,narrative_modal
408.53,2026-08-25 20:54:34,-17.74,1.32,-17.34,24.5,grandpas_village,22.19,clear,5.772,5.950,0.00,8.43,narrative_modal
409.05,2026-08-25 20:54:35,-17.74,1.32,-17.34,24.5,grandpas_village,22.21,clear,5.772,5.950,0.00,8.43,narrative_modal
409.56,2026-08-25 20:54:35,-17.74,1.32,-17.34,24.5,grandpas_village,22.24,clear,6.157,7.663,0.00,8.43,narrative_modal
410.06,2026-08-25 20:54:36,-17.74,1.32,-17.34,24.5,grandpas_village,22.26,clear,6.157,7.663,0.00,8.43,narrative_modal
410.57,2026-08-25 20:54:36,-17.74,1.32,-17.34,24.5,grandpas_village,22.28,clear,7.004,6.374,0.00,8.43,narrative_modal
411.08,2026-08-25 20:54:37,-17.74,1.32,-17.34,24.5,grandpas_village,22.30,clear,7.004,6.374,0.00,8.43,narrative_modal
411.58,2026-08-25 20:54:37,-17.74,1.32,-17.34,24.5,grandpas_village,22.32,clear,6.300,5.732,0.00,8.43,narrative_modal
412.10,2026-08-25 20:54:38,-17.74,1.32,-17.34,24.5,grandpas_village,22.34,clear,6.300,5.732,0.00,8.43,narrative_modal
412.62,2026-08-25 20:54:39,-17.74,1.32,-17.34,24.5,grandpas_village,22.36,clear,5.259,5.621,0.00,8.43,narrative_modal
413.14,2026-08-25 20:54:39,-17.74,1.32,-17.34,24.5,grandpas_village,22.38,clear,5.259,5.621,0.00,8.43,narrative_modal
413.65,2026-08-25 20:54:40,-17.74,1.32,-17.34,24.5,grandpas_village,22.40,clear,5.979,5.872,0.00,8.43,narrative_modal
414.16,2026-08-25 20:54:40,-17.74,1.32,-17.34,24.5,grandpas_village,22.42,clear,5.979,5.872,0.00,8.43,narrative_modal
414.68,2026-08-25 20:54:41,-17.74,1.32,-17.34,24.5,grandpas_village,22.44,clear,66.430,6.241,0.00,8.43,narrative_modal
415.18,2026-08-25 20:54:41,-17.74,1.32,-17.34,24.5,grandpas_village,22.46,clear,66.430,6.241,0.00,8.43,narrative_modal
415.69,2026-08-25 20:54:42,-17.74,1.32,-17.34,24.5,grandpas_village,22.48,clear,6.721,39.102,0.00,8.43,narrative_modal
416.20,2026-08-25 20:54:42,-17.74,1.32,-17.34,24.5,grandpas_village,22.50,clear,6.721,39.102,0.00,8.43,narrative_modal
416.72,2026-08-25 20:54:43,-17.74,1.32,-17.34,24.5,grandpas_village,22.52,clear,6.275,5.902,0.00,8.43,narrative_modal
417.23,2026-08-25 20:54:43,-17.74,1.32,-17.34,24.5,grandpas_village,22.54,clear,6.275,5.902,0.00,8.43,narrative_modal
417.73,2026-08-25 20:54:44,-17.74,1.32,-17.34,24.5,grandpas_village,22.56,clear,6.160,6.470,0.00,8.43,narrative_modal
418.25,2026-08-25 20:54:44,-17.74,1.32,-17.34,24.5,grandpas_village,22.58,clear,6.160,6.470,0.00,8.43,narrative_modal
418.77,2026-08-25 20:54:45,-17.74,1.32,-17.34,24.5,grandpas_village,22.60,clear,6.249,6.258,0.00,8.43,narrative_modal
419.29,2026-08-25 20:54:45,-17.74,1.32,-17.34,24.5,grandpas_village,22.62,clear,6.249,6.258,0.00,8.43,narrative_modal
419.80,2026-08-25 20:54:46,-17.74,1.32,-17.34,24.5,grandpas_village,22.64,clear,6.265,7.179,0.00,8.43,narrative_modal
420.31,2026-08-25 20:54:46,-17.74,1.32,-17.34,24.5,grandpas_village,22.67,clear,6.265,7.179,0.00,8.43,narrative_modal
420.82,2026-08-25 20:54:47,-17.74,1.32,-17.34,24.5,grandpas_village,22.69,clear,6.420,6.525,0.00,8.43,narrative_modal
421.33,2026-08-25 20:54:47,-17.74,1.32,-17.34,24.5,grandpas_village,22.71,clear,6.821,6.626,0.00,8.43,narrative_modal
421.85,2026-08-25 20:54:48,-17.74,1.32,-17.34,24.5,grandpas_village,22.73,clear,6.821,6.626,0.00,8.43,narrative_modal
422.37,2026-08-25 20:54:48,-17.74,1.32,-17.34,24.5,grandpas_village,22.75,clear,6.116,9.991,0.00,8.43,narrative_modal
422.89,2026-08-25 20:54:49,-17.74,1.32,-17.34,24.5,grandpas_village,22.77,clear,6.116,9.991,0.00,8.43,narrative_modal
423.40,2026-08-25 20:54:49,-17.74,1.32,-17.34,24.5,grandpas_village,22.79,clear,5.962,5.587,0.00,8.43,narrative_modal
423.90,2026-08-25 20:54:50,-17.74,1.32,-17.34,24.5,grandpas_village,22.81,clear,5.962,5.587,0.00,8.43,narrative_modal
424.41,2026-08-25 20:54:50,-17.74,1.32,-17.34,24.5,grandpas_village,22.83,clear,6.714,24.236,0.00,8.43,narrative_modal
424.92,2026-08-25 20:54:51,-17.74,1.32,-17.34,24.5,grandpas_village,22.85,clear,6.714,24.236,0.00,8.43,narrative_modal
425.44,2026-08-25 20:54:51,-17.74,1.32,-17.34,24.5,grandpas_village,22.87,clear,5.635,5.904,0.00,8.43,narrative_modal
425.94,2026-08-25 20:54:52,-17.74,1.32,-17.34,24.5,grandpas_village,22.89,clear,5.635,5.904,0.00,8.43,narrative_modal
426.45,2026-08-25 20:54:52,-17.74,1.32,-17.34,24.5,grandpas_village,22.91,clear,5.771,48.549,0.00,8.43,narrative_modal
426.96,2026-08-25 20:54:53,-17.74,1.32,-17.34,24.5,grandpas_village,22.93,clear,5.771,48.549,0.00,8.43,narrative_modal
427.48,2026-08-25 20:54:53,-17.74,1.32,-17.34,24.5,grandpas_village,22.95,clear,7.175,26.749,0.00,8.43,narrative_modal
427.99,2026-08-25 20:54:54,-17.74,1.32,-17.34,24.5,grandpas_village,22.97,clear,7.175,26.749,0.00,8.43,narrative_modal
428.49,2026-08-25 20:54:54,-17.74,1.32,-17.34,24.5,grandpas_village,22.99,clear,6.339,33.858,0.00,8.43,narrative_modal
429.00,2026-08-25 20:54:55,-17.74,1.32,-17.34,24.5,grandpas_village,23.01,clear,6.339,33.858,0.00,8.43,narrative_modal
429.51,2026-08-25 20:54:55,-17.74,1.32,-17.34,24.5,grandpas_village,23.03,clear,6.155,7.493,0.00,8.43,narrative_modal
430.03,2026-08-25 20:54:56,-17.74,1.32,-17.34,24.5,grandpas_village,23.05,clear,6.155,7.493,0.00,8.43,narrative_modal
430.55,2026-08-25 20:54:56,-17.74,1.32,-17.34,24.5,grandpas_village,23.07,clear,5.266,6.317,0.00,8.43,narrative_modal
431.07,2026-08-25 20:54:57,-17.74,1.32,-17.34,24.5,grandpas_village,23.10,clear,5.266,6.317,0.00,8.43,narrative_modal
431.57,2026-08-25 20:54:57,-17.74,1.32,-17.34,24.5,grandpas_village,23.12,clear,5.483,33.527,0.00,8.43,narrative_modal
432.08,2026-08-25 20:54:58,-17.74,1.32,-17.34,24.5,grandpas_village,23.14,clear,5.483,33.527,0.00,8.43,narrative_modal
432.60,2026-08-25 20:54:58,-17.74,1.32,-17.34,24.5,grandpas_village,23.16,clear,5.457,6.301,0.00,8.43,narrative_modal
433.12,2026-08-25 20:54:59,-17.74,1.32,-17.34,24.5,grandpas_village,23.18,clear,5.457,6.301,0.00,8.43,narrative_modal
433.63,2026-08-25 20:55:00,-17.74,1.32,-17.34,24.5,grandpas_village,23.20,clear,5.881,6.113,0.00,8.43,narrative_modal
434.15,2026-08-25 20:55:00,-17.74,1.32,-17.34,24.5,grandpas_village,23.22,clear,5.881,6.113,0.00,8.43,narrative_modal
434.66,2026-08-25 20:55:01,-17.74,1.32,-17.34,24.5,grandpas_village,23.24,clear,5.689,5.874,0.00,8.43,narrative_modal
435.17,2026-08-25 20:55:01,-17.74,1.32,-17.34,24.5,grandpas_village,23.26,clear,5.689,5.874,0.00,8.43,narrative_modal
435.67,2026-08-25 20:55:02,-17.74,1.32,-17.34,24.5,grandpas_village,23.28,clear,5.415,5.746,0.00,8.43,narrative_modal
436.18,2026-08-25 20:55:02,-17.74,1.32,-17.34,24.5,grandpas_village,23.30,clear,5.415,5.746,0.00,8.43,narrative_modal
436.68,2026-08-25 20:55:03,-17.74,1.32,-17.34,24.5,grandpas_village,23.32,clear,5.463,6.116,0.00,8.43,narrative_modal
437.20,2026-08-25 20:55:03,-17.74,1.32,-17.34,24.5,grandpas_village,23.34,clear,5.463,6.116,0.00,8.43,narrative_modal
437.72,2026-08-25 20:55:04,-17.74,1.32,-17.34,24.5,grandpas_village,23.36,clear,6.159,6.209,0.00,8.43,narrative_modal
438.22,2026-08-25 20:55:04,-17.74,1.32,-17.34,24.5,grandpas_village,23.38,clear,6.159,6.209,0.00,8.43,narrative_modal
438.73,2026-08-25 20:55:05,-17.74,1.32,-17.34,24.5,grandpas_village,23.40,clear,5.976,15.097,0.00,8.43,narrative_modal
439.23,2026-08-25 20:55:05,-17.74,1.32,-17.34,24.5,grandpas_village,23.42,clear,5.976,15.097,0.00,8.43,narrative_modal
439.74,2026-08-25 20:55:06,-17.74,1.32,-17.34,24.5,grandpas_village,23.44,clear,6.149,5.481,0.00,8.43,narrative_modal
440.24,2026-08-25 20:55:06,-17.74,1.32,-17.34,24.5,grandpas_village,23.46,clear,6.149,5.481,0.00,8.43,narrative_modal
440.75,2026-08-25 20:55:07,-17.74,1.32,-17.34,24.5,grandpas_village,23.48,clear,6.729,45.628,0.00,8.43,narrative_modal
441.25,2026-08-25 20:55:07,-17.74,1.32,-17.34,24.5,grandpas_village,23.50,clear,6.729,45.628,0.00,8.43,narrative_modal
441.76,2026-08-25 20:55:08,-17.74,1.32,-17.34,24.5,grandpas_village,23.52,clear,5.338,51.250,0.00,8.43,narrative_modal
442.28,2026-08-25 20:55:08,-17.74,1.32,-17.34,24.5,grandpas_village,23.54,clear,5.338,51.250,0.00,8.43,narrative_modal
442.79,2026-08-25 20:55:09,-17.74,1.32,-17.34,24.5,grandpas_village,23.56,clear,5.934,6.823,0.00,8.43,narrative_modal
443.31,2026-08-25 20:55:09,-17.74,1.32,-17.34,24.5,grandpas_village,23.59,clear,5.934,6.823,0.00,8.43,narrative_modal
443.83,2026-08-25 20:55:10,-17.74,1.32,-17.34,24.5,grandpas_village,23.61,clear,6.254,5.650,0.00,8.43,narrative_modal
444.35,2026-08-25 20:55:10,-17.74,1.32,-17.34,24.5,grandpas_village,23.63,clear,6.476,5.358,0.00,8.43,narrative_modal
444.86,2026-08-25 20:55:11,-17.74,1.32,-17.34,24.5,grandpas_village,23.65,clear,6.476,5.358,0.00,8.43,narrative_modal
445.37,2026-08-25 20:55:11,-17.74,1.32,-17.34,24.5,grandpas_village,23.67,clear,6.340,6.503,0.00,8.43,narrative_modal
445.89,2026-08-25 20:55:12,-17.74,1.32,-17.34,24.5,grandpas_village,23.69,clear,6.340,6.503,0.00,8.43,narrative_modal
446.39,2026-08-25 20:55:12,-17.74,1.32,-17.34,24.5,grandpas_village,23.71,clear,5.662,23.817,0.00,8.43,narrative_modal
446.90,2026-08-25 20:55:13,-17.74,1.32,-17.34,24.5,grandpas_village,23.73,clear,5.662,23.817,0.00,8.43,narrative_modal
447.42,2026-08-25 20:55:13,-17.74,1.32,-17.34,24.5,grandpas_village,23.75,clear,5.271,5.794,0.00,8.43,narrative_modal
447.93,2026-08-25 20:55:14,-17.74,1.32,-17.34,24.5,grandpas_village,23.77,clear,5.271,5.794,0.00,8.43,narrative_modal
448.44,2026-08-25 20:55:14,-17.74,1.32,-17.34,24.5,grandpas_village,23.79,clear,5.080,5.690,0.00,8.43,narrative_modal
448.95,2026-08-25 20:55:15,-17.74,1.32,-17.34,24.5,grandpas_village,23.81,clear,5.080,5.690,0.00,8.43,narrative_modal
449.45,2026-08-25 20:55:15,-17.74,1.32,-17.34,24.5,grandpas_village,23.83,clear,5.433,5.566,0.00,8.43,narrative_modal
449.96,2026-08-25 20:55:16,-17.74,1.32,-17.34,24.5,grandpas_village,23.85,clear,5.433,5.566,0.00,8.43,narrative_modal
450.47,2026-08-25 20:55:16,-17.74,1.32,-17.34,24.5,grandpas_village,23.87,clear,6.254,5.765,0.00,8.43,narrative_modal
450.98,2026-08-25 20:55:17,-17.74,1.32,-17.34,24.5,grandpas_village,23.89,clear,6.254,5.765,0.00,8.43,narrative_modal
451.50,2026-08-25 20:55:17,-17.74,1.32,-17.34,24.5,grandpas_village,23.91,clear,6.780,5.883,0.00,8.43,narrative_modal
452.02,2026-08-25 20:55:18,-17.74,1.32,-17.34,24.5,grandpas_village,23.93,clear,6.780,5.883,0.00,8.43,narrative_modal
452.54,2026-08-25 20:55:18,-17.74,1.32,-17.34,24.5,grandpas_village,23.95,clear,5.631,6.060,0.00,8.43,narrative_modal
453.05,2026-08-25 20:55:19,-17.74,1.32,-17.34,24.5,grandpas_village,23.97,clear,5.631,6.060,0.00,8.43,narrative_modal
453.56,2026-08-25 20:55:19,-17.74,1.32,-17.34,24.5,grandpas_village,24.00,clear,4.968,5.610,0.00,8.43,narrative_modal
454.06,2026-08-25 20:55:20,-17.74,1.32,-17.34,24.5,grandpas_village,0.02,clear,4.968,5.610,0.00,8.43,narrative_modal
454.58,2026-08-25 20:55:20,-17.74,1.32,-17.34,24.5,grandpas_village,0.04,clear,6.423,13.534,0.00,8.43,narrative_modal
455.10,2026-08-25 20:55:21,-17.74,1.32,-17.34,24.5,grandpas_village,0.06,clear,6.423,13.534,0.00,8.43,narrative_modal
455.62,2026-08-25 20:55:21,-17.74,1.32,-17.34,24.5,grandpas_village,0.08,clear,5.700,6.161,0.00,8.43,narrative_modal
456.13,2026-08-25 20:55:22,-17.74,1.32,-17.34,24.5,grandpas_village,0.10,clear,5.700,6.161,0.00,8.43,narrative_modal
456.64,2026-08-25 20:55:23,-17.74,1.32,-17.34,24.5,grandpas_village,0.12,clear,5.816,25.663,0.00,8.43,narrative_modal
457.14,2026-08-25 20:55:23,-17.74,1.32,-17.34,24.5,grandpas_village,0.14,clear,5.816,25.663,0.00,8.43,narrative_modal
457.65,2026-08-25 20:55:24,-17.74,1.32,-17.34,24.5,grandpas_village,0.16,clear,5.188,25.760,0.00,8.43,narrative_modal
458.15,2026-08-25 20:55:24,-17.74,1.32,-17.34,24.5,grandpas_village,0.18,clear,5.188,25.760,0.00,8.43,narrative_modal
458.67,2026-08-25 20:55:25,-17.74,1.32,-17.34,24.5,grandpas_village,0.20,clear,6.637,6.064,0.00,8.43,narrative_modal
459.18,2026-08-25 20:55:25,-17.74,1.32,-17.34,24.5,grandpas_village,0.22,clear,6.637,6.064,0.00,8.43,narrative_modal
459.68,2026-08-25 20:55:26,-17.74,1.32,-17.34,24.5,grandpas_village,0.24,clear,5.333,5.752,0.00,8.43,narrative_modal
460.19,2026-08-25 20:55:26,-17.74,1.32,-17.34,24.5,grandpas_village,0.26,clear,5.333,5.752,0.00,8.43,narrative_modal
460.70,2026-08-25 20:55:27,-17.74,1.32,-17.34,24.5,grandpas_village,0.28,clear,6.095,37.687,0.00,8.43,narrative_modal
461.20,2026-08-25 20:55:27,-17.74,1.32,-17.34,24.5,grandpas_village,0.30,clear,6.095,37.687,0.00,8.43,narrative_modal
461.72,2026-08-25 20:55:28,-17.74,1.32,-17.34,24.5,grandpas_village,0.32,clear,6.100,6.020,0.00,8.43,narrative_modal
462.23,2026-08-25 20:55:28,-17.74,1.32,-17.34,24.5,grandpas_village,0.34,clear,6.100,6.020,0.00,8.43,narrative_modal
462.73,2026-08-25 20:55:29,-17.74,1.32,-17.34,24.5,grandpas_village,0.36,clear,5.241,5.821,0.00,8.43,narrative_modal
463.25,2026-08-25 20:55:29,-17.74,1.32,-17.34,24.5,grandpas_village,0.38,clear,5.241,5.821,0.00,8.43,narrative_modal
463.77,2026-08-25 20:55:30,-17.74,1.32,-17.34,24.5,grandpas_village,0.40,clear,6.175,5.749,0.00,8.43,narrative_modal
464.28,2026-08-25 20:55:30,-17.74,1.32,-17.34,24.5,grandpas_village,0.42,clear,6.175,5.749,0.00,8.43,narrative_modal
464.80,2026-08-25 20:55:31,-17.74,1.32,-17.34,24.5,grandpas_village,0.44,clear,5.587,5.836,0.00,8.43,narrative_modal
465.32,2026-08-25 20:55:31,-17.74,1.32,-17.34,24.5,grandpas_village,0.47,clear,5.587,5.836,0.00,8.43,narrative_modal
465.83,2026-08-25 20:55:32,-17.74,1.32,-17.34,24.5,grandpas_village,0.49,clear,6.397,6.008,0.00,8.43,narrative_modal
466.34,2026-08-25 20:55:32,-17.74,1.32,-17.34,24.5,grandpas_village,0.51,clear,5.349,5.685,0.00,8.43,narrative_modal
466.85,2026-08-25 20:55:33,-17.74,1.32,-17.34,24.5,grandpas_village,0.53,clear,5.349,5.685,0.00,8.43,narrative_modal
467.36,2026-08-25 20:55:33,-17.74,1.32,-17.34,24.5,grandpas_village,0.55,clear,7.257,6.647,0.00,8.43,narrative_modal
467.88,2026-08-25 20:55:34,-17.74,1.32,-17.34,24.5,grandpas_village,0.57,clear,7.257,6.647,0.00,8.43,narrative_modal
468.40,2026-08-25 20:55:34,-17.74,1.32,-17.34,24.5,grandpas_village,0.59,clear,5.305,5.353,0.00,8.43,narrative_modal
468.91,2026-08-25 20:55:35,-17.74,1.32,-17.34,24.5,grandpas_village,0.61,clear,5.305,5.353,0.00,8.43,narrative_modal
469.43,2026-08-25 20:55:35,-17.74,1.32,-17.34,24.5,grandpas_village,0.63,clear,6.462,6.140,0.00,8.43,narrative_modal
469.94,2026-08-25 20:55:36,-17.74,1.32,-17.34,24.5,grandpas_village,0.65,clear,6.462,6.140,0.00,8.43,narrative_modal
470.45,2026-08-25 20:55:36,-17.74,1.32,-17.34,24.5,grandpas_village,0.67,clear,5.020,5.601,0.00,8.43,narrative_modal
470.96,2026-08-25 20:55:37,-17.74,1.32,-17.34,24.5,grandpas_village,0.69,clear,5.020,5.601,0.00,8.43,narrative_modal
471.48,2026-08-25 20:55:37,-17.74,1.32,-17.34,24.5,grandpas_village,0.71,clear,5.756,5.568,0.00,8.43,narrative_modal
472.00,2026-08-25 20:55:38,-17.74,1.32,-17.34,24.5,grandpas_village,0.73,clear,5.756,5.568,0.00,8.43,narrative_modal
472.52,2026-08-25 20:55:38,-17.74,1.32,-17.34,24.5,grandpas_village,0.75,clear,5.598,5.809,0.00,8.43,narrative_modal
473.03,2026-08-25 20:55:39,-17.74,1.32,-17.34,24.5,grandpas_village,0.77,clear,5.598,5.809,0.00,8.43,narrative_modal
473.54,2026-08-25 20:55:39,-17.74,1.32,-17.34,24.5,grandpas_village,0.79,clear,6.261,5.355,0.00,8.43,narrative_modal
474.04,2026-08-25 20:55:40,-17.74,1.32,-17.34,24.5,grandpas_village,0.81,clear,6.261,5.355,0.00,8.43,narrative_modal
474.56,2026-08-25 20:55:40,-17.74,1.32,-17.34,24.5,grandpas_village,0.84,clear,6.951,7.451,0.00,8.43,narrative_modal
475.08,2026-08-25 20:55:41,-17.74,1.32,-17.34,24.5,grandpas_village,0.86,clear,6.951,7.451,0.00,8.43,narrative_modal
475.60,2026-08-25 20:55:41,-17.74,1.32,-17.34,24.5,grandpas_village,0.88,clear,5.403,5.957,0.00,8.43,narrative_modal
476.11,2026-08-25 20:55:42,-17.74,1.32,-17.34,24.5,grandpas_village,0.90,clear,5.403,5.957,0.00,8.43,narrative_modal
476.63,2026-08-25 20:55:43,-17.74,1.32,-17.34,24.5,grandpas_village,0.92,clear,5.620,6.084,0.00,8.43,narrative_modal
477.15,2026-08-25 20:55:43,-17.74,1.32,-17.34,24.5,grandpas_village,0.94,clear,5.620,6.084,0.00,8.43,narrative_modal
477.66,2026-08-25 20:55:44,-17.74,1.32,-17.34,24.5,grandpas_village,0.96,clear,6.706,7.703,0.00,8.43,narrative_modal
478.16,2026-08-25 20:55:44,-17.74,1.32,-17.34,24.5,grandpas_village,0.98,clear,6.706,7.703,0.00,8.43,narrative_modal
478.68,2026-08-25 20:55:45,-17.74,1.32,-17.34,24.5,grandpas_village,1.00,clear,6.591,6.027,0.00,8.43,narrative_modal
479.20,2026-08-25 20:55:45,-17.74,1.32,-17.34,24.5,grandpas_village,1.02,clear,6.591,6.027,0.00,8.43,narrative_modal
479.72,2026-08-25 20:55:46,-17.74,1.32,-17.34,24.5,grandpas_village,1.04,clear,5.687,6.291,0.00,8.43,narrative_modal
480.23,2026-08-25 20:55:46,-17.74,1.32,-17.34,24.5,grandpas_village,1.06,clear,5.687,6.291,0.00,8.43,narrative_modal
480.75,2026-08-25 20:55:47,-17.74,1.32,-17.34,24.5,grandpas_village,1.08,clear,7.605,6.371,0.00,8.43,narrative_modal
481.26,2026-08-25 20:55:47,-17.74,1.32,-17.34,24.5,grandpas_village,1.10,clear,7.605,6.371,0.00,8.43,narrative_modal
481.76,2026-08-25 20:55:48,-17.74,1.32,-17.34,24.5,grandpas_village,1.12,clear,5.322,5.743,0.00,8.43,narrative_modal
482.28,2026-08-25 20:55:48,-17.74,1.32,-17.34,24.5,grandpas_village,1.14,clear,5.322,5.743,0.00,8.43,narrative_modal
482.80,2026-08-25 20:55:49,-17.74,1.32,-17.34,24.5,grandpas_village,1.16,clear,5.337,5.204,0.00,8.43,narrative_modal
483.31,2026-08-25 20:55:49,-17.74,1.32,-17.34,24.5,grandpas_village,1.19,clear,5.337,5.204,0.00,8.43,narrative_modal
483.83,2026-08-25 20:55:50,-17.74,1.32,-17.34,24.5,grandpas_village,1.21,clear,6.000,6.490,0.00,8.43,narrative_modal
484.35,2026-08-25 20:55:50,-17.74,1.32,-17.34,24.5,grandpas_village,1.23,clear,5.693,5.252,0.00,8.43,narrative_modal
484.87,2026-08-25 20:55:51,-17.74,1.32,-17.34,24.5,grandpas_village,1.25,clear,5.693,5.252,0.00,8.43,narrative_modal
485.38,2026-08-25 20:55:51,-17.74,1.32,-17.34,24.5,grandpas_village,1.27,clear,5.199,5.818,0.00,8.43,narrative_modal
485.90,2026-08-25 20:55:52,-17.74,1.32,-17.34,24.5,grandpas_village,1.29,clear,5.199,5.818,0.00,8.43,narrative_modal
486.40,2026-08-25 20:55:52,-17.74,1.32,-17.34,24.5,grandpas_village,1.31,clear,6.214,6.451,0.00,8.43,narrative_modal
486.92,2026-08-25 20:55:53,-17.74,1.32,-17.34,24.5,grandpas_village,1.33,clear,6.214,6.451,0.00,8.43,narrative_modal
487.43,2026-08-25 20:55:53,-17.74,1.32,-17.34,24.5,grandpas_village,1.35,clear,6.612,6.774,0.00,8.43,narrative_modal
487.95,2026-08-25 20:55:54,-17.74,1.32,-17.34,24.5,grandpas_village,1.37,clear,6.612,6.774,0.00,8.43,narrative_modal
488.47,2026-08-25 20:55:54,-17.74,1.32,-17.34,24.5,grandpas_village,1.39,clear,6.181,5.824,0.00,8.43,narrative_modal
488.98,2026-08-25 20:55:55,-17.74,1.32,-17.34,24.5,grandpas_village,1.41,clear,6.181,5.824,0.00,8.43,narrative_modal
489.49,2026-08-25 20:55:55,-17.74,1.32,-17.34,24.5,grandpas_village,1.43,clear,5.721,5.654,0.00,8.43,narrative_modal
490.00,2026-08-25 20:55:56,-17.74,1.32,-17.34,24.5,grandpas_village,1.45,clear,5.721,5.654,0.00,8.43,narrative_modal
490.51,2026-08-25 20:55:56,-17.74,1.32,-17.34,24.5,grandpas_village,1.47,clear,5.994,37.143,0.00,8.43,narrative_modal
491.01,2026-08-25 20:55:57,-17.74,1.32,-17.34,24.5,grandpas_village,1.49,clear,5.994,37.143,0.00,8.43,narrative_modal
491.52,2026-08-25 20:55:57,-17.74,1.32,-17.34,24.5,grandpas_village,1.51,clear,6.318,26.002,0.00,8.43,narrative_modal
492.03,2026-08-25 20:55:58,-17.74,1.32,-17.34,24.5,grandpas_village,1.53,clear,6.318,26.002,0.00,8.43,narrative_modal
492.54,2026-08-25 20:55:58,-17.74,1.32,-17.34,24.5,grandpas_village,1.55,clear,6.236,6.402,0.00,8.43,narrative_modal
493.05,2026-08-25 20:55:59,-17.74,1.32,-17.34,24.5,grandpas_village,1.57,clear,6.236,6.402,0.00,8.43,narrative_modal
493.56,2026-08-25 20:55:59,-17.74,1.32,-17.34,24.5,grandpas_village,1.60,clear,6.954,20.877,0.00,8.43,narrative_modal
494.08,2026-08-25 20:56:00,-17.74,1.32,-17.34,24.5,grandpas_village,1.62,clear,6.954,20.877,0.00,8.43,narrative_modal
494.60,2026-08-25 20:56:00,-17.74,1.32,-17.34,24.5,grandpas_village,1.64,clear,5.459,5.550,0.00,8.43,narrative_modal
495.12,2026-08-25 20:56:01,-17.74,1.32,-17.34,24.5,grandpas_village,1.66,clear,5.459,5.550,0.00,8.43,narrative_modal
495.63,2026-08-25 20:56:02,-17.74,1.32,-17.34,24.5,grandpas_village,1.68,clear,6.282,5.878,0.00,8.43,narrative_modal
496.14,2026-08-25 20:56:02,-17.74,1.32,-17.34,24.5,grandpas_village,1.70,clear,6.282,5.878,0.00,8.43,narrative_modal
496.65,2026-08-25 20:56:03,-17.74,1.32,-17.34,24.5,grandpas_village,1.72,clear,5.570,5.952,0.00,8.43,narrative_modal
497.17,2026-08-25 20:56:03,-17.74,1.32,-17.34,24.5,grandpas_village,1.74,clear,5.570,5.952,0.00,8.43,narrative_modal
497.68,2026-08-25 20:56:04,-17.74,1.32,-17.34,24.5,grandpas_village,1.76,clear,5.257,5.290,0.00,8.43,narrative_modal
498.20,2026-08-25 20:56:04,-17.74,1.32,-17.34,24.5,grandpas_village,1.78,clear,5.257,5.290,0.00,8.43,narrative_modal
498.72,2026-08-25 20:56:05,-17.74,1.32,-17.34,24.5,grandpas_village,1.80,clear,5.653,5.583,0.00,8.43,narrative_modal
499.24,2026-08-25 20:56:05,-17.74,1.32,-17.34,24.5,grandpas_village,1.82,clear,5.653,5.583,0.00,8.43,narrative_modal
499.75,2026-08-25 20:56:06,-17.74,1.32,-17.34,24.5,grandpas_village,1.84,clear,6.769,16.737,0.00,8.43,narrative_modal
500.27,2026-08-25 20:56:06,-17.74,1.32,-17.34,24.5,grandpas_village,1.86,clear,6.769,16.737,0.00,8.43,narrative_modal
500.78,2026-08-25 20:56:07,-17.74,1.32,-17.34,24.5,grandpas_village,1.88,clear,5.877,6.608,0.00,8.43,narrative_modal
501.30,2026-08-25 20:56:07,-17.74,1.32,-17.34,24.5,grandpas_village,1.90,clear,5.877,6.608,0.00,8.43,narrative_modal
501.81,2026-08-25 20:56:08,-17.74,1.32,-17.34,24.5,grandpas_village,1.93,clear,5.562,5.268,0.00,8.43,narrative_modal
502.33,2026-08-25 20:56:08,-17.74,1.32,-17.34,24.5,grandpas_village,1.95,clear,6.549,5.752,0.00,8.43,narrative_modal
502.85,2026-08-25 20:56:09,-17.74,1.32,-17.34,24.5,grandpas_village,1.97,clear,6.549,5.752,0.00,8.43,narrative_modal
503.37,2026-08-25 20:56:09,-17.74,1.32,-17.34,24.5,grandpas_village,1.99,clear,4.958,5.655,0.00,8.43,narrative_modal
503.88,2026-08-25 20:56:10,-17.74,1.32,-17.34,24.5,grandpas_village,2.01,clear,4.958,5.655,0.00,8.43,narrative_modal
504.38,2026-08-25 20:56:10,-17.74,1.32,-17.34,24.5,grandpas_village,2.03,clear,7.806,6.108,0.00,8.43,narrative_modal
504.89,2026-08-25 20:56:11,-17.74,1.32,-17.34,24.5,grandpas_village,2.05,clear,7.806,6.108,0.00,8.43,narrative_modal
505.41,2026-08-25 20:56:11,-17.74,1.32,-17.34,24.5,grandpas_village,2.07,clear,6.592,5.564,0.00,8.43,narrative_modal
505.93,2026-08-25 20:56:12,-17.74,1.32,-17.34,24.5,grandpas_village,2.09,clear,6.592,5.564,0.00,8.43,narrative_modal
506.45,2026-08-25 20:56:12,-17.74,1.32,-17.34,24.5,grandpas_village,2.11,clear,5.738,6.762,0.00,8.43,narrative_modal
506.96,2026-08-25 20:56:13,-17.74,1.32,-17.34,24.5,grandpas_village,2.13,clear,5.738,6.762,0.00,8.43,narrative_modal
507.48,2026-08-25 20:56:13,-17.74,1.32,-17.34,24.5,grandpas_village,2.15,clear,5.007,6.162,0.00,8.43,narrative_modal
507.99,2026-08-25 20:56:14,-17.74,1.32,-17.34,24.5,grandpas_village,2.17,clear,5.007,6.162,0.00,8.43,narrative_modal
508.50,2026-08-25 20:56:14,-17.74,1.32,-17.34,24.5,grandpas_village,2.19,clear,6.155,6.061,0.00,8.43,narrative_modal
509.01,2026-08-25 20:56:15,-17.74,1.32,-17.34,24.5,grandpas_village,2.21,clear,6.155,6.061,0.00,8.43,narrative_modal
509.53,2026-08-25 20:56:15,-17.74,1.32,-17.34,24.5,grandpas_village,2.23,clear,5.876,7.238,0.00,8.43,narrative_modal
510.05,2026-08-25 20:56:16,-17.74,1.32,-17.34,24.5,grandpas_village,2.25,clear,5.876,7.238,0.00,8.43,narrative_modal
510.57,2026-08-25 20:56:16,-17.74,1.32,-17.34,24.5,grandpas_village,2.28,clear,6.312,5.529,0.00,8.43,narrative_modal
511.08,2026-08-25 20:56:17,-17.74,1.32,-17.34,24.5,grandpas_village,2.30,clear,6.312,5.529,0.00,8.43,narrative_modal
511.59,2026-08-25 20:56:17,-17.74,1.32,-17.34,24.5,grandpas_village,2.32,clear,7.185,6.623,0.00,8.43,narrative_modal
512.10,2026-08-25 20:56:18,-17.74,1.32,-17.34,24.5,grandpas_village,2.34,clear,7.185,6.623,0.00,8.43,narrative_modal
512.60,2026-08-25 20:56:18,-17.74,1.32,-17.34,24.5,grandpas_village,2.36,clear,6.328,5.496,0.00,8.43,narrative_modal
513.11,2026-08-25 20:56:19,-17.74,1.32,-17.34,24.5,grandpas_village,2.38,clear,6.328,5.496,0.00,8.43,narrative_modal
513.61,2026-08-25 20:56:19,-17.74,1.32,-17.34,24.5,grandpas_village,2.40,clear,5.766,6.310,0.00,8.43,narrative_modal
514.13,2026-08-25 20:56:20,-17.74,1.32,-17.34,24.5,grandpas_village,2.42,clear,5.766,6.310,0.00,8.43,narrative_modal
514.65,2026-08-25 20:56:21,-17.74,1.32,-17.34,24.5,grandpas_village,2.44,clear,5.872,5.996,0.00,8.43,narrative_modal
515.17,2026-08-25 20:56:21,-17.74,1.32,-17.34,24.5,grandpas_village,2.46,clear,5.872,5.996,0.00,8.43,narrative_modal
515.68,2026-08-25 20:56:22,-17.74,1.32,-17.34,24.5,grandpas_village,2.48,clear,6.090,11.488,0.00,8.43,narrative_modal
516.20,2026-08-25 20:56:22,-17.74,1.32,-17.34,24.5,grandpas_village,2.50,clear,6.090,11.488,0.00,8.43,narrative_modal
516.71,2026-08-25 20:56:23,-17.74,1.32,-17.34,24.5,grandpas_village,2.52,clear,5.812,6.544,0.00,8.43,narrative_modal
517.22,2026-08-25 20:56:23,-17.74,1.32,-17.34,24.5,grandpas_village,2.54,clear,5.812,6.544,0.00,8.43,narrative_modal
517.73,2026-08-25 20:56:24,-17.74,1.32,-17.34,24.5,grandpas_village,2.56,clear,6.468,7.028,0.00,8.43,narrative_modal
518.25,2026-08-25 20:56:24,-17.74,1.32,-17.34,24.5,grandpas_village,2.58,clear,6.468,7.028,0.00,8.43,narrative_modal
518.76,2026-08-25 20:56:25,-17.74,1.32,-17.34,24.5,grandpas_village,2.60,clear,5.197,6.434,0.00,8.43,narrative_modal
519.28,2026-08-25 20:56:25,-17.74,1.32,-17.34,24.5,grandpas_village,2.62,clear,5.197,6.434,0.00,8.43,narrative_modal
519.80,2026-08-25 20:56:26,-17.74,1.32,-17.34,24.5,grandpas_village,2.64,clear,5.837,5.564,0.00,8.43,narrative_modal
520.32,2026-08-25 20:56:26,-17.74,1.32,-17.34,24.5,grandpas_village,2.67,clear,5.837,5.564,0.00,8.43,narrative_modal
520.83,2026-08-25 20:56:27,-17.74,1.32,-17.34,24.5,grandpas_village,2.69,clear,5.576,6.750,0.00,8.43,narrative_modal
521.33,2026-08-25 20:56:27,-17.74,1.32,-17.34,24.5,grandpas_village,2.71,clear,6.124,5.475,0.00,8.43,narrative_modal
521.85,2026-08-25 20:56:28,-17.74,1.32,-17.34,24.5,grandpas_village,2.73,clear,6.124,5.475,0.00,8.43,narrative_modal
522.36,2026-08-25 20:56:28,-17.74,1.32,-17.34,24.5,grandpas_village,2.75,clear,5.517,6.223,0.00,8.43,narrative_modal
522.88,2026-08-25 20:56:29,-17.74,1.32,-17.34,24.5,grandpas_village,2.77,clear,5.517,6.223,0.00,8.43,narrative_modal
523.40,2026-08-25 20:56:29,-17.74,1.32,-17.34,24.5,grandpas_village,2.79,clear,6.369,5.532,0.00,8.43,narrative_modal
523.92,2026-08-25 20:56:30,-17.74,1.32,-17.34,24.5,grandpas_village,2.81,clear,6.369,5.532,0.00,8.43,narrative_modal
524.43,2026-08-25 20:56:30,-17.74,1.32,-17.34,24.5,grandpas_village,2.83,clear,6.306,6.759,0.00,8.43,narrative_modal
524.93,2026-08-25 20:56:31,-17.74,1.32,-17.34,24.5,grandpas_village,2.85,clear,6.306,6.759,0.00,8.43,narrative_modal
525.45,2026-08-25 20:56:31,-17.74,1.32,-17.34,24.5,grandpas_village,2.87,clear,5.269,5.672,0.00,8.43,narrative_modal
525.97,2026-08-25 20:56:32,-17.74,1.32,-17.34,24.5,grandpas_village,2.89,clear,5.269,5.672,0.00,8.43,narrative_modal
526.48,2026-08-25 20:56:32,-17.74,1.32,-17.34,24.5,grandpas_village,2.91,clear,6.785,6.789,0.00,8.43,narrative_modal
527.00,2026-08-25 20:56:33,-17.74,1.32,-17.34,24.5,grandpas_village,2.93,clear,6.785,6.789,0.00,8.43,narrative_modal
527.52,2026-08-25 20:56:33,-17.74,1.32,-17.34,24.5,grandpas_village,2.95,clear,5.502,5.563,0.00,8.43,narrative_modal
528.04,2026-08-25 20:56:34,-17.74,1.32,-17.34,24.5,grandpas_village,2.97,clear,5.502,5.563,0.00,8.43,narrative_modal
528.55,2026-08-25 20:56:34,-17.74,1.32,-17.34,24.5,grandpas_village,2.99,clear,5.969,7.608,0.00,8.43,narrative_modal
529.05,2026-08-25 20:56:35,-17.74,1.32,-17.34,24.5,grandpas_village,3.01,clear,5.969,7.608,0.00,8.43,narrative_modal
529.57,2026-08-25 20:56:35,-17.74,1.32,-17.34,24.5,grandpas_village,3.04,clear,5.314,6.861,0.00,8.43,narrative_modal
530.09,2026-08-25 20:56:36,-17.74,1.32,-17.34,24.5,grandpas_village,3.06,clear,5.314,6.861,0.00,8.43,narrative_modal
530.60,2026-08-25 20:56:36,-17.74,1.32,-17.34,24.5,grandpas_village,3.08,clear,5.183,6.465,0.00,8.43,narrative_modal
531.11,2026-08-25 20:56:37,-17.74,1.32,-17.34,24.5,grandpas_village,3.10,clear,5.183,6.465,0.00,8.43,narrative_modal
531.63,2026-08-25 20:56:38,-17.74,1.32,-17.34,24.5,grandpas_village,3.12,clear,5.542,6.033,0.00,8.43,narrative_modal
532.14,2026-08-25 20:56:38,-17.74,1.32,-17.34,24.5,grandpas_village,3.14,clear,5.542,6.033,0.00,8.43,narrative_modal
532.65,2026-08-25 20:56:39,-17.74,1.32,-17.34,24.5,grandpas_village,3.16,clear,5.540,5.783,0.00,8.43,narrative_modal
533.16,2026-08-25 20:56:39,-17.74,1.32,-17.34,24.5,grandpas_village,3.18,clear,5.540,5.783,0.00,8.43,narrative_modal
533.68,2026-08-25 20:56:40,-17.74,1.32,-17.34,24.5,grandpas_village,3.20,clear,6.562,5.711,0.00,8.43,narrative_modal
534.20,2026-08-25 20:56:40,-17.74,1.32,-17.34,24.5,grandpas_village,3.22,clear,6.562,5.711,0.00,8.43,narrative_modal
534.72,2026-08-25 20:56:41,-17.74,1.32,-17.34,24.5,grandpas_village,3.24,clear,6.004,5.530,0.00,8.43,narrative_modal
535.23,2026-08-25 20:56:41,-17.74,1.32,-17.34,24.5,grandpas_village,3.26,clear,6.004,5.530,0.00,8.43,narrative_modal
535.75,2026-08-25 20:56:42,-17.74,1.32,-17.34,24.5,grandpas_village,3.28,clear,5.306,5.869,0.00,8.43,narrative_modal
536.26,2026-08-25 20:56:42,-17.74,1.32,-17.34,24.5,grandpas_village,3.30,clear,5.306,5.869,0.00,8.43,narrative_modal
536.77,2026-08-25 20:56:43,-17.74,1.32,-17.34,24.5,grandpas_village,3.32,clear,5.911,5.988,0.00,8.43,narrative_modal
537.28,2026-08-25 20:56:43,-17.74,1.32,-17.34,24.5,grandpas_village,3.34,clear,5.911,5.988,0.00,8.43,narrative_modal
537.80,2026-08-25 20:56:44,-17.74,1.32,-17.34,24.5,grandpas_village,3.36,clear,5.357,5.862,0.00,8.43,narrative_modal
538.31,2026-08-25 20:56:44,-17.74,1.32,-17.34,24.5,grandpas_village,3.39,clear,5.357,5.862,0.00,8.43,narrative_modal
538.83,2026-08-25 20:56:45,-17.74,1.32,-17.34,24.5,grandpas_village,3.41,clear,5.351,6.210,0.00,8.43,narrative_modal
539.34,2026-08-25 20:56:45,-17.74,1.32,-17.34,24.5,grandpas_village,3.43,clear,5.632,7.892,0.00,8.43,narrative_modal
539.85,2026-08-25 20:56:46,-17.74,1.32,-17.34,24.5,grandpas_village,3.45,clear,5.632,7.892,0.00,8.43,narrative_modal
540.36,2026-08-25 20:56:46,-17.74,1.32,-17.34,24.5,grandpas_village,3.47,clear,6.032,5.777,0.00,8.43,narrative_modal
540.87,2026-08-25 20:56:47,-17.74,1.32,-17.34,24.5,grandpas_village,3.49,clear,6.032,5.777,0.00,8.43,narrative_modal
541.38,2026-08-25 20:56:47,-17.74,1.32,-17.34,24.5,grandpas_village,3.51,clear,6.048,5.977,0.00,8.43,narrative_modal
541.90,2026-08-25 20:56:48,-17.74,1.32,-17.34,24.5,grandpas_village,3.53,clear,6.048,5.977,0.00,8.43,narrative_modal
542.41,2026-08-25 20:56:48,-17.74,1.32,-17.34,24.5,grandpas_village,3.55,clear,5.426,5.353,0.00,8.43,narrative_modal
542.93,2026-08-25 20:56:49,-17.74,1.32,-17.34,24.5,grandpas_village,3.57,clear,5.426,5.353,0.00,8.43,narrative_modal
543.43,2026-08-25 20:56:49,-17.74,1.32,-17.34,24.5,grandpas_village,3.59,clear,6.629,22.222,0.00,8.43,narrative_modal
543.94,2026-08-25 20:56:50,-17.74,1.32,-17.34,24.5,grandpas_village,3.61,clear,6.629,22.222,0.00,8.43,narrative_modal
544.45,2026-08-25 20:56:50,-17.74,1.32,-17.34,24.5,grandpas_village,3.63,clear,6.383,14.420,0.00,8.43,narrative_modal
544.97,2026-08-25 20:56:51,-17.74,1.32,-17.34,24.5,grandpas_village,3.65,clear,6.383,14.420,0.00,8.43,narrative_modal
545.48,2026-08-25 20:56:51,-17.74,1.32,-17.34,24.5,grandpas_village,3.67,clear,5.342,5.638,0.00,8.43,narrative_modal
545.98,2026-08-25 20:56:52,-17.74,1.32,-17.34,24.5,grandpas_village,3.69,clear,5.342,5.638,0.00,8.43,narrative_modal
546.50,2026-08-25 20:56:52,-17.74,1.32,-17.34,24.5,grandpas_village,3.71,clear,6.127,6.578,0.00,8.43,narrative_modal
547.02,2026-08-25 20:56:53,-17.74,1.32,-17.34,24.5,grandpas_village,3.73,clear,6.127,6.578,0.00,8.43,narrative_modal
547.53,2026-08-25 20:56:53,-17.74,1.32,-17.34,24.5,grandpas_village,3.75,clear,5.403,5.505,0.00,8.43,narrative_modal
548.05,2026-08-25 20:56:54,-17.74,1.32,-17.34,24.5,grandpas_village,3.77,clear,5.403,5.505,0.00,8.43,narrative_modal
548.57,2026-08-25 20:56:54,-17.74,1.32,-17.34,24.5,grandpas_village,3.80,clear,6.311,6.035,0.00,8.43,narrative_modal
549.08,2026-08-25 20:56:55,-17.74,1.32,-17.34,24.5,grandpas_village,3.82,clear,6.311,6.035,0.00,8.43,narrative_modal
549.58,2026-08-25 20:56:55,-17.74,1.32,-17.34,24.5,grandpas_village,3.84,clear,11.767,23.317,0.00,8.43,narrative_modal
550.09,2026-08-25 20:56:56,-17.74,1.32,-17.34,24.5,grandpas_village,3.86,clear,11.767,23.317,0.00,8.43,narrative_modal
550.60,2026-08-25 20:56:56,-17.74,1.32,-17.34,24.5,grandpas_village,3.88,clear,6.193,5.045,0.00,8.43,narrative_modal
551.10,2026-08-25 20:56:57,-17.74,1.32,-17.34,24.5,grandpas_village,3.90,clear,6.193,5.045,0.00,8.43,narrative_modal
551.62,2026-08-25 20:56:57,-17.74,1.32,-17.34,24.5,grandpas_village,3.92,clear,6.054,5.814,0.00,8.43,narrative_modal
552.13,2026-08-25 20:56:58,-17.74,1.32,-17.34,24.5,grandpas_village,3.94,clear,6.054,5.814,0.00,8.43,narrative_modal
552.65,2026-08-25 20:56:59,-17.74,1.32,-17.34,24.5,grandpas_village,3.96,clear,5.875,27.691,0.00,8.43,narrative_modal
553.16,2026-08-25 20:56:59,-17.74,1.32,-17.34,24.5,grandpas_village,3.98,clear,5.875,27.691,0.00,8.43,narrative_modal
553.68,2026-08-25 20:57:00,-17.74,1.32,-17.34,24.5,grandpas_village,4.00,clear,5.349,6.391,0.00,8.43,narrative_modal
554.19,2026-08-25 20:57:00,-17.74,1.32,-17.34,24.5,grandpas_village,4.02,clear,5.349,6.391,0.00,8.43,narrative_modal
554.71,2026-08-25 20:57:01,-17.74,1.32,-17.34,24.5,grandpas_village,4.04,clear,6.821,6.523,0.00,8.43,narrative_modal
555.22,2026-08-25 20:57:01,-17.74,1.32,-17.34,24.5,grandpas_village,4.06,clear,6.821,6.523,0.00,8.43,narrative_modal
555.73,2026-08-25 20:57:02,-17.74,1.32,-17.34,24.5,grandpas_village,4.08,clear,6.945,6.295,0.00,8.43,narrative_modal
556.25,2026-08-25 20:57:02,-17.74,1.32,-17.34,24.5,grandpas_village,4.10,clear,6.945,6.295,0.00,8.43,narrative_modal
556.76,2026-08-25 20:57:03,-17.74,1.32,-17.34,24.5,grandpas_village,4.12,clear,5.288,5.916,0.00,8.43,narrative_modal
557.28,2026-08-25 20:57:03,-17.74,1.32,-17.34,24.5,grandpas_village,4.14,clear,5.288,5.916,0.00,8.43,narrative_modal
557.80,2026-08-25 20:57:04,-17.74,1.32,-17.34,24.5,grandpas_village,4.16,clear,6.943,5.445,0.00,8.43,narrative_modal
558.31,2026-08-25 20:57:04,-17.74,1.32,-17.34,24.5,grandpas_village,4.19,clear,6.943,5.445,0.00,8.43,narrative_modal
558.81,2026-08-25 20:57:05,-17.74,1.32,-17.34,24.5,grandpas_village,4.21,clear,5.422,5.582,0.00,8.43,narrative_modal
559.33,2026-08-25 20:57:05,-17.74,1.32,-17.34,24.5,grandpas_village,4.23,clear,5.459,4.887,0.00,8.43,narrative_modal
559.85,2026-08-25 20:57:06,-17.74,1.32,-17.34,24.5,grandpas_village,4.25,clear,5.459,4.887,0.00,8.43,narrative_modal
560.37,2026-08-25 20:57:06,-17.74,1.32,-17.34,24.5,grandpas_village,4.27,clear,5.540,5.856,0.00,8.43,narrative_modal
560.88,2026-08-25 20:57:07,-17.74,1.32,-17.34,24.5,grandpas_village,4.29,clear,5.540,5.856,0.00,8.43,narrative_modal
561.40,2026-08-25 20:57:07,-17.74,1.32,-17.34,24.5,grandpas_village,4.31,clear,6.162,6.178,0.00,8.43,narrative_modal
561.91,2026-08-25 20:57:08,-17.74,1.32,-17.34,24.5,grandpas_village,4.33,clear,6.162,6.178,0.00,8.43,narrative_modal
562.41,2026-08-25 20:57:08,-17.74,1.32,-17.34,24.5,grandpas_village,4.35,clear,5.783,5.336,0.00,8.43,narrative_modal
562.93,2026-08-25 20:57:09,-17.74,1.32,-17.34,24.5,grandpas_village,4.37,clear,5.783,5.336,0.00,8.43,narrative_modal
563.45,2026-08-25 20:57:09,-17.74,1.32,-17.34,24.5,grandpas_village,4.39,clear,5.504,6.035,0.00,8.43,narrative_modal
563.97,2026-08-25 20:57:10,-17.74,1.32,-17.34,24.5,grandpas_village,4.41,clear,5.504,6.035,0.00,8.43,narrative_modal
564.47,2026-08-25 20:57:10,-17.74,1.32,-17.34,24.5,grandpas_village,4.43,clear,5.382,5.456,0.00,8.43,narrative_modal
565.00,2026-08-25 20:57:11,-17.74,1.32,-17.34,24.5,grandpas_village,4.45,clear,5.382,5.456,0.00,8.43,narrative_modal
565.50,2026-08-25 20:57:11,-17.74,1.32,-17.34,24.5,grandpas_village,4.47,clear,6.568,7.657,0.00,8.43,narrative_modal
566.00,2026-08-25 20:57:12,-17.74,1.32,-17.34,24.5,grandpas_village,4.49,clear,6.568,7.657,0.00,8.43,narrative_modal
566.52,2026-08-25 20:57:12,-17.74,1.32,-17.34,24.5,grandpas_village,4.51,clear,6.611,5.885,0.00,8.43,narrative_modal
567.03,2026-08-25 20:57:13,-17.74,1.32,-17.34,24.5,grandpas_village,4.53,clear,6.611,5.885,0.00,8.43,narrative_modal
567.53,2026-08-25 20:57:13,-17.74,1.32,-17.34,24.5,grandpas_village,4.55,clear,5.740,6.731,0.00,8.43,narrative_modal
568.05,2026-08-25 20:57:14,-17.74,1.32,-17.34,24.5,grandpas_village,4.57,clear,5.740,6.731,0.00,8.43,narrative_modal
568.57,2026-08-25 20:57:14,-17.74,1.32,-17.34,24.5,grandpas_village,4.60,clear,6.261,6.645,0.00,8.43,narrative_modal
569.09,2026-08-25 20:57:15,-17.74,1.32,-17.34,24.5,grandpas_village,4.62,clear,6.261,6.645,0.00,8.43,narrative_modal
569.61,2026-08-25 20:57:15,-17.74,1.32,-17.34,24.5,grandpas_village,4.64,clear,5.939,5.678,0.00,8.43,narrative_modal
570.12,2026-08-25 20:57:16,-17.74,1.32,-17.34,24.5,grandpas_village,4.66,clear,5.939,5.678,0.00,8.43,narrative_modal
570.63,2026-08-25 20:57:17,-17.74,1.32,-17.34,24.5,grandpas_village,4.68,clear,5.636,35.727,0.00,8.43,narrative_modal
571.13,2026-08-25 20:57:17,-17.74,1.32,-17.34,24.5,grandpas_village,4.70,clear,5.636,35.727,0.00,8.43,narrative_modal
571.65,2026-08-25 20:57:18,-17.74,1.32,-17.34,24.5,grandpas_village,4.72,clear,5.974,5.896,0.00,8.43,narrative_modal
572.16,2026-08-25 20:57:18,-17.74,1.32,-17.34,24.5,grandpas_village,4.74,clear,5.974,5.896,0.00,8.43,narrative_modal
572.68,2026-08-25 20:57:19,-17.74,1.32,-17.34,24.5,grandpas_village,4.76,clear,5.596,6.257,0.00,8.43,narrative_modal
573.20,2026-08-25 20:57:19,-17.74,1.32,-17.34,24.5,grandpas_village,4.78,clear,5.596,6.257,0.00,8.43,narrative_modal
573.72,2026-08-25 20:57:20,-17.74,1.32,-17.34,24.5,grandpas_village,4.80,clear,6.504,5.523,0.00,8.43,narrative_modal
574.24,2026-08-25 20:57:20,-17.74,1.32,-17.34,24.5,grandpas_village,4.82,clear,6.504,5.523,0.00,8.43,narrative_modal
574.75,2026-08-25 20:57:21,-17.74,1.32,-17.34,24.5,grandpas_village,4.84,clear,5.771,5.456,0.00,8.43,narrative_modal
575.25,2026-08-25 20:57:21,-17.74,1.32,-17.34,24.5,grandpas_village,4.86,clear,5.771,5.456,0.00,8.43,narrative_modal
575.76,2026-08-25 20:57:22,-17.74,1.32,-17.34,24.5,grandpas_village,4.88,clear,4.969,5.545,0.00,8.43,narrative_modal
576.26,2026-08-25 20:57:22,-17.74,1.32,-17.34,24.5,grandpas_village,4.90,clear,4.969,5.545,0.00,8.43,narrative_modal
576.76,2026-08-25 20:57:23,-17.74,1.32,-17.34,24.5,grandpas_village,4.92,clear,5.641,29.772,0.00,8.43,narrative_modal
577.27,2026-08-25 20:57:23,-17.74,1.32,-17.34,24.5,grandpas_village,4.94,clear,5.641,29.772,0.00,8.43,narrative_modal
577.78,2026-08-25 20:57:24,-17.74,1.32,-17.34,24.5,grandpas_village,4.96,clear,7.291,6.433,0.00,8.43,narrative_modal
578.30,2026-08-25 20:57:24,-17.74,1.32,-17.34,24.5,grandpas_village,4.98,clear,7.291,6.433,0.00,8.43,narrative_modal
578.81,2026-08-25 20:57:25,-17.74,1.32,-17.34,24.5,grandpas_village,5.01,clear,6.081,5.713,0.00,8.43,narrative_modal
579.34,2026-08-25 20:57:25,-17.74,1.32,-17.34,24.5,grandpas_village,5.03,clear,5.399,14.155,0.00,8.43,narrative_modal
579.85,2026-08-25 20:57:26,-17.74,1.32,-17.34,24.5,grandpas_village,5.05,clear,5.399,14.155,0.00,8.43,narrative_modal
580.36,2026-08-25 20:57:26,-17.74,1.32,-17.34,24.5,grandpas_village,5.07,clear,5.269,4.979,0.00,8.43,narrative_modal
580.87,2026-08-25 20:57:27,-17.74,1.32,-17.34,24.5,grandpas_village,5.09,clear,5.269,4.979,0.00,8.43,narrative_modal
581.38,2026-08-25 20:57:27,-17.74,1.32,-17.34,24.5,grandpas_village,5.11,clear,5.706,4.596,0.00,8.43,narrative_modal
581.88,2026-08-25 20:57:28,-17.74,1.32,-17.34,24.5,grandpas_village,5.13,clear,5.706,4.596,0.00,8.43,narrative_modal
582.39,2026-08-25 20:57:28,-17.74,1.32,-17.34,24.5,grandpas_village,5.15,clear,5.192,4.761,0.00,8.43,narrative_modal
582.90,2026-08-25 20:57:29,-17.74,1.32,-17.34,24.5,grandpas_village,5.17,clear,5.192,4.761,0.00,8.43,narrative_modal
583.41,2026-08-25 20:57:29,-17.74,1.32,-17.34,24.5,grandpas_village,5.19,clear,5.273,4.765,0.00,8.43,narrative_modal
583.93,2026-08-25 20:57:30,-17.74,1.32,-17.34,24.5,grandpas_village,5.21,clear,5.273,4.765,0.00,8.43,narrative_modal
584.45,2026-08-25 20:57:30,-17.74,1.32,-17.34,24.5,grandpas_village,5.23,clear,5.215,4.992,0.00,8.43,narrative_modal
584.97,2026-08-25 20:57:31,-17.74,1.32,-17.34,24.5,grandpas_village,5.25,clear,5.215,4.992,0.00,8.43,narrative_modal
585.48,2026-08-25 20:57:31,-17.74,1.32,-17.34,24.5,grandpas_village,5.27,clear,5.957,5.106,0.00,8.43,narrative_modal
585.99,2026-08-25 20:57:32,-17.74,1.32,-17.34,24.5,grandpas_village,5.29,clear,5.957,5.106,0.00,8.43,narrative_modal
586.50,2026-08-25 20:57:32,-17.74,1.32,-17.34,24.5,grandpas_village,5.31,clear,5.316,5.024,0.00,8.43,narrative_modal
587.01,2026-08-25 20:57:33,-17.74,1.32,-17.34,24.5,grandpas_village,5.33,clear,5.316,5.024,0.00,8.43,narrative_modal
587.53,2026-08-25 20:57:33,-17.74,1.32,-17.34,24.5,grandpas_village,5.35,clear,6.120,5.563,0.00,8.43,narrative_modal
588.05,2026-08-25 20:57:34,-17.74,1.32,-17.34,24.5,grandpas_village,5.37,clear,6.120,5.563,0.00,8.43,narrative_modal
588.57,2026-08-25 20:57:34,-17.74,1.32,-17.34,24.5,grandpas_village,5.40,clear,5.306,5.375,0.00,8.43,narrative_modal
589.08,2026-08-25 20:57:35,-17.74,1.32,-17.34,24.5,grandpas_village,5.42,clear,5.306,5.375,0.00,8.43,narrative_modal
589.60,2026-08-25 20:57:35,-17.74,1.32,-17.34,24.5,grandpas_village,5.44,clear,6.177,5.447,0.00,8.43,narrative_modal
590.11,2026-08-25 20:57:36,-17.74,1.32,-17.34,24.5,grandpas_village,5.46,clear,6.177,5.447,0.00,8.43,narrative_modal
590.62,2026-08-25 20:57:36,-17.74,1.32,-17.34,24.5,grandpas_village,5.48,clear,5.001,4.954,0.00,8.43,narrative_modal
591.13,2026-08-25 20:57:37,-17.74,1.32,-17.34,24.5,grandpas_village,5.50,clear,5.001,4.954,0.00,8.43,narrative_modal
591.65,2026-08-25 20:57:38,-17.74,1.32,-17.34,24.5,grandpas_village,5.52,clear,5.782,6.490,0.00,8.43,narrative_modal
592.17,2026-08-25 20:57:38,-17.74,1.32,-17.34,24.5,grandpas_village,5.54,clear,5.782,6.490,0.00,8.43,narrative_modal
592.69,2026-08-25 20:57:39,-17.74,1.32,-17.34,24.5,grandpas_village,5.56,clear,5.921,4.795,0.00,8.43,narrative_modal
593.20,2026-08-25 20:57:39,-17.74,1.32,-17.34,24.5,grandpas_village,5.58,clear,5.921,4.795,0.00,8.43,narrative_modal
593.71,2026-08-25 20:57:40,-17.74,1.32,-17.34,24.5,grandpas_village,5.60,clear,5.327,5.014,0.00,8.43,narrative_modal
594.22,2026-08-25 20:57:40,-17.74,1.32,-17.34,24.5,grandpas_village,5.62,clear,5.327,5.014,0.00,8.43,narrative_modal
594.73,2026-08-25 20:57:41,-17.74,1.32,-17.34,24.5,grandpas_village,5.64,clear,24.424,5.304,0.00,8.43,narrative_modal
595.25,2026-08-25 20:57:41,-17.74,1.32,-17.34,24.5,grandpas_village,5.66,clear,24.424,5.304,0.00,8.43,narrative_modal
595.77,2026-08-25 20:57:42,-17.74,1.32,-17.34,24.5,grandpas_village,5.68,clear,5.130,47.533,0.00,8.43,narrative_modal
596.28,2026-08-25 20:57:42,-17.74,1.32,-17.34,24.5,grandpas_village,5.70,clear,5.130,47.533,0.00,8.43,narrative_modal
596.80,2026-08-25 20:57:43,-17.74,1.32,-17.34,24.5,grandpas_village,5.72,clear,5.724,5.028,0.00,8.43,narrative_modal
597.31,2026-08-25 20:57:43,-17.74,1.32,-17.34,24.5,grandpas_village,5.75,clear,5.724,5.028,0.00,8.43,narrative_modal
597.82,2026-08-25 20:57:44,-17.74,1.32,-17.34,24.5,grandpas_village,5.77,clear,6.390,6.025,0.00,8.43,narrative_modal
598.33,2026-08-25 20:57:44,-17.74,1.32,-17.34,24.5,grandpas_village,5.79,clear,5.320,4.236,0.00,8.43,narrative_modal
598.85,2026-08-25 20:57:45,-17.74,1.32,-17.34,24.5,grandpas_village,5.81,clear,5.320,4.236,0.00,8.43,narrative_modal
599.37,2026-08-25 20:57:45,-17.74,1.32,-17.34,24.5,grandpas_village,5.83,clear,5.303,4.833,0.00,8.43,narrative_modal
599.89,2026-08-25 20:57:46,-17.74,1.32,-17.34,24.5,grandpas_village,5.85,clear,5.303,4.833,0.00,8.43,narrative_modal
600.40,2026-08-25 20:57:46,-17.74,1.32,-17.34,24.5,grandpas_village,5.87,clear,5.737,5.175,0.00,8.43,narrative_modal
600.92,2026-08-25 20:57:47,-17.74,1.32,-17.34,24.5,grandpas_village,5.89,clear,5.737,5.175,0.00,8.43,narrative_modal
601.43,2026-08-25 20:57:47,-17.74,1.32,-17.34,24.5,grandpas_village,5.91,clear,5.258,4.700,0.00,8.43,narrative_modal
601.93,2026-08-25 20:57:48,-17.74,1.32,-17.34,24.5,grandpas_village,5.93,clear,5.258,4.700,0.00,8.43,narrative_modal
602.45,2026-08-25 20:57:48,-17.74,1.32,-17.34,24.5,grandpas_village,5.95,clear,6.466,4.534,0.00,8.43,narrative_modal
602.97,2026-08-25 20:57:49,-17.74,1.32,-17.34,24.5,grandpas_village,5.97,clear,6.466,4.534,0.00,8.43,narrative_modal
603.49,2026-08-25 20:57:49,-17.74,1.32,-17.34,24.5,grandpas_village,5.99,clear,5.155,4.782,0.00,8.43,narrative_modal
604.00,2026-08-25 20:57:50,-17.74,1.32,-17.34,24.5,grandpas_village,6.01,clear,5.155,4.782,0.00,8.43,narrative_modal
604.52,2026-08-25 20:57:50,-17.74,1.32,-17.34,24.5,grandpas_village,6.03,clear,6.153,5.209,0.00,8.43,narrative_modal
605.03,2026-08-25 20:57:51,-17.74,1.32,-17.34,24.5,grandpas_village,6.05,clear,6.153,5.209,0.00,8.43,narrative_modal
605.55,2026-08-25 20:57:51,-17.74,1.32,-17.34,24.5,grandpas_village,6.07,clear,6.810,4.629,0.00,8.43,narrative_modal
606.06,2026-08-25 20:57:52,-17.74,1.32,-17.34,24.5,grandpas_village,6.10,clear,6.810,4.629,0.00,8.43,narrative_modal
606.57,2026-08-25 20:57:52,-17.74,1.32,-17.34,24.5,grandpas_village,6.12,clear,5.319,5.478,0.00,8.43,narrative_modal
607.08,2026-08-25 20:57:53,-17.74,1.32,-17.34,24.5,grandpas_village,6.14,clear,5.319,5.478,0.00,8.43,narrative_modal
607.60,2026-08-25 20:57:53,-17.74,1.32,-17.34,24.5,grandpas_village,6.16,clear,5.407,18.718,0.00,8.43,narrative_modal
608.11,2026-08-25 20:57:54,-17.74,1.32,-17.34,24.5,grandpas_village,6.18,clear,5.407,18.718,0.00,8.43,narrative_modal
608.61,2026-08-25 20:57:54,-17.74,1.32,-17.34,24.5,grandpas_village,6.20,clear,5.846,4.892,0.00,8.43,narrative_modal
609.13,2026-08-25 20:57:55,-17.74,1.32,-17.34,24.5,grandpas_village,6.22,clear,5.846,4.892,0.00,8.43,narrative_modal
609.64,2026-08-25 20:57:56,-17.74,1.32,-17.34,24.5,grandpas_village,6.24,clear,5.737,46.327,0.00,8.43,narrative_modal
610.16,2026-08-25 20:57:56,-17.74,1.32,-17.34,24.5,grandpas_village,6.26,clear,5.737,46.327,0.00,8.43,narrative_modal
610.66,2026-08-25 20:57:57,-17.74,1.32,-17.34,24.5,grandpas_village,6.28,clear,6.398,12.630,0.00,8.43,narrative_modal
611.18,2026-08-25 20:57:57,-17.74,1.32,-17.34,24.5,grandpas_village,6.30,clear,6.398,12.630,0.00,8.43,narrative_modal
611.70,2026-08-25 20:57:58,-17.74,1.32,-17.34,24.5,grandpas_village,6.32,clear,5.695,4.722,0.00,8.43,narrative_modal
612.22,2026-08-25 20:57:58,-17.74,1.32,-17.34,24.5,grandpas_village,6.34,clear,5.695,4.722,0.00,8.43,narrative_modal
612.73,2026-08-25 20:57:59,-17.74,1.32,-17.34,24.5,grandpas_village,6.36,clear,5.401,6.753,0.00,8.43,narrative_modal
613.23,2026-08-25 20:57:59,-17.74,1.32,-17.34,24.5,grandpas_village,6.38,clear,5.401,6.753,0.00,8.43,narrative_modal
613.74,2026-08-25 20:58:00,-17.74,1.32,-17.34,24.5,grandpas_village,6.40,clear,5.906,4.390,0.00,8.43,narrative_modal
614.24,2026-08-25 20:58:00,-17.74,1.32,-17.34,24.5,grandpas_village,6.42,clear,5.906,4.390,0.00,8.43,narrative_modal
614.75,2026-08-25 20:58:01,-17.74,1.32,-17.34,24.5,grandpas_village,6.44,clear,5.574,45.767,0.00,8.43,narrative_modal
615.26,2026-08-25 20:58:01,-17.74,1.32,-17.34,24.5,grandpas_village,6.46,clear,5.574,45.767,0.00,8.43,narrative_modal
615.78,2026-08-25 20:58:02,-17.74,1.32,-17.34,24.5,grandpas_village,6.48,clear,6.144,6.044,0.00,8.43,narrative_modal
616.30,2026-08-25 20:58:02,-17.74,1.32,-17.34,24.5,grandpas_village,6.50,clear,6.144,6.044,0.00,8.43,narrative_modal
616.81,2026-08-25 20:58:03,-17.74,1.32,-17.34,24.5,grandpas_village,6.53,clear,5.517,5.066,0.00,8.43,narrative_modal
617.32,2026-08-25 20:58:03,-17.74,1.32,-17.34,24.5,grandpas_village,6.55,clear,5.494,4.262,0.00,8.43,narrative_modal
617.83,2026-08-25 20:58:04,-17.74,1.32,-17.34,24.5,grandpas_village,6.57,clear,5.494,4.262,0.00,8.43,narrative_modal
618.33,2026-08-25 20:58:04,-17.74,1.32,-17.34,24.5,grandpas_village,6.59,clear,5.179,4.483,0.00,8.43,narrative_modal
618.84,2026-08-25 20:58:05,-17.74,1.32,-17.34,24.5,grandpas_village,6.61,clear,5.179,4.483,0.00,8.43,narrative_modal
619.35,2026-08-25 20:58:05,-17.74,1.32,-17.34,24.5,grandpas_village,6.63,clear,6.537,4.534,0.00,8.43,narrative_modal
619.86,2026-08-25 20:58:06,-17.74,1.32,-17.34,24.5,grandpas_village,6.65,clear,6.537,4.534,0.00,8.43,narrative_modal
620.38,2026-08-25 20:58:06,-17.74,1.32,-17.34,24.5,grandpas_village,6.67,clear,5.640,4.911,0.00,8.43,narrative_modal
620.90,2026-08-25 20:58:07,-17.74,1.32,-17.34,24.5,grandpas_village,6.69,clear,5.640,4.911,0.00,8.43,narrative_modal
621.41,2026-08-25 20:58:07,-17.74,1.32,-17.34,24.5,grandpas_village,6.71,clear,16.903,33.715,0.00,8.43,narrative_modal
621.91,2026-08-25 20:58:08,-17.74,1.32,-17.34,24.5,grandpas_village,6.73,clear,16.903,33.715,0.00,8.43,narrative_modal
622.42,2026-08-25 20:58:08,-17.74,1.32,-17.34,24.5,grandpas_village,6.75,clear,6.114,4.834,0.00,8.43,narrative_modal
622.94,2026-08-25 20:58:09,-17.74,1.32,-17.34,24.5,grandpas_village,6.77,clear,6.114,4.834,0.00,8.43,narrative_modal
623.45,2026-08-25 20:58:09,-17.74,1.32,-17.34,24.5,grandpas_village,6.79,clear,4.960,4.601,0.00,8.43,narrative_modal
623.95,2026-08-25 20:58:10,-17.74,1.32,-17.34,24.5,grandpas_village,6.81,clear,4.960,4.601,0.00,8.43,narrative_modal
624.47,2026-08-25 20:58:10,-17.74,1.32,-17.34,24.5,grandpas_village,6.83,clear,5.503,4.626,0.00,8.43,narrative_modal
624.98,2026-08-25 20:58:11,-17.74,1.32,-17.34,24.5,grandpas_village,6.85,clear,5.503,4.626,0.00,8.43,narrative_modal
625.50,2026-08-25 20:58:11,-17.74,1.32,-17.34,24.5,grandpas_village,6.87,clear,5.718,4.687,0.00,8.43,narrative_modal
626.02,2026-08-25 20:58:12,-17.74,1.32,-17.34,24.5,grandpas_village,6.89,clear,5.718,4.687,0.00,8.43,narrative_modal
626.54,2026-08-25 20:58:12,-17.74,1.32,-17.34,24.5,grandpas_village,6.91,clear,5.919,5.065,0.00,8.43,narrative_modal
627.04,2026-08-25 20:58:13,-17.74,1.32,-17.34,24.5,grandpas_village,6.93,clear,5.919,5.065,0.00,8.43,narrative_modal
627.55,2026-08-25 20:58:13,-17.74,1.32,-17.34,24.5,grandpas_village,6.95,clear,6.056,25.745,0.00,8.43,narrative_modal
628.06,2026-08-25 20:58:14,-17.74,1.32,-17.34,24.5,grandpas_village,6.98,clear,6.056,25.745,0.00,8.43,narrative_modal
628.57,2026-08-25 20:58:14,-17.74,1.32,-17.34,24.5,grandpas_village,7.00,clear,6.871,4.990,0.00,8.43,narrative_modal
629.08,2026-08-25 20:58:15,-17.74,1.32,-17.34,24.5,grandpas_village,7.02,clear,6.871,4.990,0.00,8.43,narrative_modal
629.59,2026-08-25 20:58:15,-17.74,1.32,-17.34,24.5,grandpas_village,7.04,clear,5.053,5.268,0.00,8.43,narrative_modal
630.10,2026-08-25 20:58:16,-17.74,1.32,-17.34,24.5,grandpas_village,7.06,clear,5.053,5.268,0.00,8.43,narrative_modal
630.60,2026-08-25 20:58:16,-17.74,1.32,-17.34,24.5,grandpas_village,7.08,clear,6.170,13.458,0.00,8.43,narrative_modal
631.12,2026-08-25 20:58:17,-17.74,1.32,-17.34,24.5,grandpas_village,7.10,clear,6.170,13.458,0.00,8.43,narrative_modal
631.64,2026-08-25 20:58:18,-17.74,1.32,-17.34,24.5,grandpas_village,7.12,clear,6.959,5.419,0.00,8.43,narrative_modal
632.15,2026-08-25 20:58:18,-17.74,1.32,-17.34,24.5,grandpas_village,7.14,clear,6.959,5.419,0.00,8.43,narrative_modal
632.67,2026-08-25 20:58:19,-17.74,1.32,-17.34,24.5,grandpas_village,7.16,clear,6.741,8.249,0.00,8.43,narrative_modal
633.19,2026-08-25 20:58:19,-17.74,1.32,-17.34,24.5,grandpas_village,7.18,clear,6.741,8.249,0.00,8.43,narrative_modal
633.70,2026-08-25 20:58:20,-17.74,1.32,-17.34,24.5,grandpas_village,7.20,clear,5.477,4.542,0.00,8.43,narrative_modal
634.20,2026-08-25 20:58:20,-17.74,1.32,-17.34,24.5,grandpas_village,7.22,clear,5.477,4.542,0.00,8.43,narrative_modal
634.72,2026-08-25 20:58:21,-17.74,1.32,-17.34,24.5,grandpas_village,7.24,clear,6.553,4.629,0.00,8.43,narrative_modal
635.24,2026-08-25 20:58:21,-17.74,1.32,-17.34,24.5,grandpas_village,7.26,clear,6.553,4.629,0.00,8.43,narrative_modal
635.75,2026-08-25 20:58:22,-17.74,1.32,-17.34,24.5,grandpas_village,7.28,clear,5.513,23.415,0.00,8.43,narrative_modal
636.27,2026-08-25 20:58:22,-17.74,1.32,-17.34,24.5,grandpas_village,7.30,clear,5.513,23.415,0.00,8.43,narrative_modal
636.78,2026-08-25 20:58:23,-17.74,1.32,-17.34,24.5,grandpas_village,7.32,clear,5.389,4.876,0.00,8.43,narrative_modal
637.30,2026-08-25 20:58:23,-17.74,1.32,-17.34,24.5,grandpas_village,7.34,clear,5.389,4.876,0.00,8.43,narrative_modal
637.81,2026-08-25 20:58:24,-17.74,1.32,-17.34,24.5,grandpas_village,7.37,clear,6.077,4.694,0.00,8.43,narrative_modal
638.32,2026-08-25 20:58:24,-17.74,1.32,-17.34,24.5,grandpas_village,7.39,clear,6.077,4.694,0.00,8.43,narrative_modal
638.83,2026-08-25 20:58:25,-17.74,1.32,-17.34,24.5,grandpas_village,7.41,clear,5.287,4.627,0.00,8.43,narrative_modal
639.35,2026-08-25 20:58:25,-17.74,1.32,-17.34,24.5,grandpas_village,7.43,clear,5.492,4.896,0.00,8.43,narrative_modal
639.87,2026-08-25 20:58:26,-17.74,1.32,-17.34,24.5,grandpas_village,7.45,clear,5.492,4.896,0.00,8.43,narrative_modal
640.39,2026-08-25 20:58:26,-17.74,1.32,-17.34,24.5,grandpas_village,7.47,clear,6.266,4.527,0.00,8.43,narrative_modal
640.91,2026-08-25 20:58:27,-17.74,1.32,-17.34,24.5,grandpas_village,7.49,clear,6.266,4.527,0.00,8.43,narrative_modal
641.41,2026-08-25 20:58:27,-17.74,1.32,-17.34,24.5,grandpas_village,7.51,clear,5.919,4.435,0.00,8.43,narrative_modal
641.91,2026-08-25 20:58:28,-17.74,1.32,-17.34,24.5,grandpas_village,7.53,clear,5.919,4.435,0.00,8.43,narrative_modal
642.43,2026-08-25 20:58:28,-17.74,1.32,-17.34,24.5,grandpas_village,7.55,clear,5.697,4.754,0.00,8.43,narrative_modal
642.93,2026-08-25 20:58:29,-17.74,1.32,-17.34,24.5,grandpas_village,7.57,clear,5.697,4.754,0.00,8.43,narrative_modal
643.45,2026-08-25 20:58:29,-17.74,1.32,-17.34,24.5,grandpas_village,7.59,clear,5.801,15.953,0.00,8.43,narrative_modal
643.96,2026-08-25 20:58:30,-17.74,1.32,-17.34,24.5,grandpas_village,7.61,clear,5.801,15.953,0.00,8.43,narrative_modal
644.47,2026-08-25 20:58:30,-17.74,1.32,-17.34,24.5,grandpas_village,7.63,clear,5.497,5.832,0.00,8.43,narrative_modal
644.98,2026-08-25 20:58:31,-17.74,1.32,-17.34,24.5,grandpas_village,7.65,clear,5.497,5.832,0.00,8.43,narrative_modal
645.50,2026-08-25 20:58:31,-17.74,1.32,-17.34,24.5,grandpas_village,7.67,clear,5.638,4.473,0.00,8.43,narrative_modal
646.02,2026-08-25 20:58:32,-17.74,1.32,-17.34,24.5,grandpas_village,7.69,clear,5.638,4.473,0.00,8.43,narrative_modal
646.53,2026-08-25 20:58:32,-17.74,1.32,-17.34,24.5,grandpas_village,7.71,clear,4.392,4.766,0.00,8.43,narrative_modal
647.05,2026-08-25 20:58:33,-17.74,1.32,-17.34,24.5,grandpas_village,7.73,clear,4.392,4.766,0.00,8.43,narrative_modal
647.56,2026-08-25 20:58:33,-17.74,1.32,-17.34,24.5,grandpas_village,7.76,clear,10.960,6.425,0.00,8.43,narrative_modal
648.07,2026-08-25 20:58:34,-17.74,1.32,-17.34,24.5,grandpas_village,7.78,clear,10.960,6.425,0.00,8.43,narrative_modal
648.58,2026-08-25 20:58:34,-17.74,1.32,-17.34,24.5,grandpas_village,7.80,clear,5.502,4.734,0.00,8.43,narrative_modal
649.09,2026-08-25 20:58:35,-17.74,1.32,-17.34,24.5,grandpas_village,7.82,clear,5.502,4.734,0.00,8.43,narrative_modal
649.59,2026-08-25 20:58:35,-17.74,1.32,-17.34,24.5,grandpas_village,7.84,clear,5.225,21.726,0.00,8.43,narrative_modal
650.10,2026-08-25 20:58:36,-17.74,1.32,-17.34,24.5,grandpas_village,7.86,clear,5.225,21.726,0.00,8.43,narrative_modal
650.61,2026-08-25 20:58:36,-17.74,1.32,-17.34,24.5,grandpas_village,7.88,clear,5.850,4.558,0.00,8.43,narrative_modal
651.13,2026-08-25 20:58:37,-17.74,1.32,-17.34,24.5,grandpas_village,7.90,clear,5.850,4.558,0.00,8.43,narrative_modal
651.64,2026-08-25 20:58:38,-17.74,1.32,-17.34,24.5,grandpas_village,7.92,clear,5.609,4.952,0.00,8.43,narrative_modal
652.15,2026-08-25 20:58:38,-17.74,1.32,-17.34,24.5,grandpas_village,7.94,clear,5.609,4.952,0.00,8.43,narrative_modal
652.66,2026-08-25 20:58:39,-17.74,1.32,-17.34,24.5,grandpas_village,7.96,clear,5.733,4.690,0.00,8.43,narrative_modal
653.18,2026-08-25 20:58:39,-17.74,1.32,-17.34,24.5,grandpas_village,7.98,clear,5.733,4.690,0.00,8.43,narrative_modal
653.70,2026-08-25 20:58:40,-17.74,1.32,-17.34,24.5,grandpas_village,8.00,clear,6.097,5.110,0.00,8.43,narrative_modal
654.22,2026-08-25 20:58:40,-17.74,1.32,-17.34,24.5,grandpas_village,8.02,clear,6.097,5.110,0.00,8.43,narrative_modal
654.73,2026-08-25 20:58:41,-17.74,1.32,-17.34,24.5,grandpas_village,8.04,clear,6.862,5.869,0.00,8.43,narrative_modal
655.24,2026-08-25 20:58:41,-17.74,1.32,-17.34,24.5,grandpas_village,8.06,clear,6.862,5.869,0.00,8.43,narrative_modal
655.75,2026-08-25 20:58:42,-17.74,1.32,-17.34,24.5,grandpas_village,8.08,clear,5.661,6.158,0.00,8.43,narrative_modal
656.27,2026-08-25 20:58:42,-17.74,1.32,-17.34,24.5,grandpas_village,8.10,clear,5.661,6.158,0.00,8.43,narrative_modal
656.78,2026-08-25 20:58:43,-17.74,1.32,-17.34,24.5,grandpas_village,8.12,clear,5.807,4.663,0.00,8.43,narrative_modal
657.30,2026-08-25 20:58:43,-17.74,1.32,-17.34,24.5,grandpas_village,8.14,clear,5.807,4.663,0.00,8.43,narrative_modal
657.82,2026-08-25 20:58:44,-17.74,1.32,-17.34,24.5,grandpas_village,8.17,clear,5.574,4.786,0.00,8.43,narrative_modal
658.34,2026-08-25 20:58:44,-17.74,1.32,-17.34,24.5,grandpas_village,8.19,clear,5.367,5.010,0.00,8.43,narrative_modal
658.85,2026-08-25 20:58:45,-17.74,1.32,-17.34,24.5,grandpas_village,8.21,clear,5.367,5.010,0.00,8.43,narrative_modal
659.36,2026-08-25 20:58:45,-17.74,1.32,-17.34,24.5,grandpas_village,8.23,clear,6.404,5.385,0.00,8.43,narrative_modal
659.87,2026-08-25 20:58:46,-17.74,1.32,-17.34,24.5,grandpas_village,8.25,clear,6.404,5.385,0.00,8.43,narrative_modal
660.39,2026-08-25 20:58:46,-17.74,1.32,-17.34,24.5,grandpas_village,8.27,clear,5.303,4.969,0.00,8.43,narrative_modal
660.93,2026-08-25 20:58:47,-17.74,1.32,-17.34,24.5,grandpas_village,8.29,clear,5.303,4.969,0.00,8.43,narrative_modal
661.43,2026-08-25 20:58:47,-17.74,1.32,-17.34,24.5,grandpas_village,8.31,clear,5.505,39.765,0.00,8.43,narrative_modal
661.93,2026-08-25 20:58:48,-17.74,1.32,-17.34,24.5,grandpas_village,8.33,clear,5.505,39.765,0.00,8.43,narrative_modal
662.45,2026-08-25 20:58:48,-17.74,1.32,-17.34,24.5,grandpas_village,8.35,clear,5.573,4.409,0.00,8.43,narrative_modal
662.97,2026-08-25 20:58:49,-17.74,1.32,-17.34,24.5,grandpas_village,8.37,clear,5.573,4.409,0.00,8.43,narrative_modal
663.48,2026-08-25 20:58:49,-17.74,1.32,-17.34,24.5,grandpas_village,8.39,clear,5.614,4.769,0.00,8.43,narrative_modal
663.98,2026-08-25 20:58:50,-17.74,1.32,-17.34,24.5,grandpas_village,8.41,clear,5.614,4.769,0.00,8.43,narrative_modal
664.50,2026-08-25 20:58:50,-17.74,1.32,-17.34,24.5,grandpas_village,8.43,clear,5.542,4.610,0.00,8.43,narrative_modal
665.01,2026-08-25 20:58:51,-17.74,1.32,-17.34,24.5,grandpas_village,8.45,clear,5.542,4.610,0.00,8.43,narrative_modal
665.51,2026-08-25 20:58:51,-17.74,1.32,-17.34,24.5,grandpas_village,8.47,clear,5.091,32.664,0.00,8.43,narrative_modal
666.01,2026-08-25 20:58:52,-17.74,1.32,-17.34,24.5,grandpas_village,8.49,clear,5.091,32.664,0.00,8.43,narrative_modal
666.53,2026-08-25 20:58:52,-17.74,1.32,-17.34,24.5,grandpas_village,8.51,clear,5.699,4.517,0.00,8.43,narrative_modal
667.05,2026-08-25 20:58:53,-17.74,1.32,-17.34,24.5,grandpas_village,8.53,clear,5.699,4.517,0.00,8.43,narrative_modal
667.57,2026-08-25 20:58:53,-17.74,1.32,-17.34,24.5,grandpas_village,8.56,clear,5.276,4.933,0.00,8.43,narrative_modal
668.08,2026-08-25 20:58:54,-17.74,1.32,-17.34,24.5,grandpas_village,8.58,clear,5.276,4.933,0.00,8.43,narrative_modal
668.58,2026-08-25 20:58:54,-17.74,1.32,-17.34,24.5,grandpas_village,8.60,clear,5.616,4.497,0.00,8.43,narrative_modal
669.10,2026-08-25 20:58:55,-17.74,1.32,-17.34,24.5,grandpas_village,8.62,clear,5.616,4.497,0.00,8.43,narrative_modal
669.62,2026-08-25 20:58:55,-17.74,1.32,-17.34,24.5,grandpas_village,8.64,clear,5.453,4.480,0.00,8.43,narrative_modal
670.13,2026-08-25 20:58:56,-17.74,1.32,-17.34,24.5,grandpas_village,8.66,clear,5.453,4.480,0.00,8.43,narrative_modal
670.65,2026-08-25 20:58:57,-17.74,1.32,-17.34,24.5,grandpas_village,8.68,clear,5.887,5.354,0.00,8.43,narrative_modal
671.17,2026-08-25 20:58:57,-17.74,1.32,-17.34,24.5,grandpas_village,8.70,clear,5.887,5.354,0.00,8.43,narrative_modal
671.69,2026-08-25 20:58:58,-17.74,1.32,-17.34,24.5,grandpas_village,8.72,clear,5.517,4.882,0.00,8.43,narrative_modal
672.19,2026-08-25 20:58:58,-17.74,1.32,-17.34,24.5,grandpas_village,8.74,clear,5.517,4.882,0.00,8.43,narrative_modal
672.70,2026-08-25 20:58:59,-17.74,1.32,-17.34,24.5,grandpas_village,8.76,clear,5.858,22.628,0.00,8.43,narrative_modal
673.22,2026-08-25 20:58:59,-17.74,1.32,-17.34,24.5,grandpas_village,8.78,clear,5.858,22.628,0.00,8.43,narrative_modal
673.72,2026-08-25 20:59:00,-17.74,1.32,-17.34,24.5,grandpas_village,8.80,clear,5.989,14.812,0.00,8.43,narrative_modal
674.23,2026-08-25 20:59:00,-17.74,1.32,-17.34,24.5,grandpas_village,8.82,clear,5.989,14.812,0.00,8.43,narrative_modal
674.73,2026-08-25 20:59:01,-17.74,1.32,-17.34,24.5,grandpas_village,8.84,clear,5.696,12.784,0.00,8.43,narrative_modal
675.25,2026-08-25 20:59:01,-17.74,1.32,-17.34,24.5,grandpas_village,8.86,clear,5.696,12.784,0.00,8.43,narrative_modal
675.77,2026-08-25 20:59:02,-17.74,1.32,-17.34,24.5,grandpas_village,8.88,clear,6.045,5.069,0.00,8.43,narrative_modal
676.28,2026-08-25 20:59:02,-17.74,1.32,-17.34,24.5,grandpas_village,8.90,clear,6.045,5.069,0.00,8.43,narrative_modal
676.80,2026-08-25 20:59:03,-17.74,1.32,-17.34,24.5,grandpas_village,8.92,clear,5.659,5.329,0.00,8.43,narrative_modal
677.30,2026-08-25 20:59:03,-17.74,1.32,-17.34,24.5,grandpas_village,8.94,clear,5.659,5.329,0.00,8.43,narrative_modal
677.81,2026-08-25 20:59:04,-17.74,1.32,-17.34,24.5,grandpas_village,8.96,clear,6.187,33.987,0.00,8.43,narrative_modal
678.32,2026-08-25 20:59:04,-17.74,1.32,-17.34,24.5,grandpas_village,8.99,clear,5.340,4.638,0.00,8.43,narrative_modal
678.83,2026-08-25 20:59:05,-17.74,1.32,-17.34,24.5,grandpas_village,9.01,clear,5.340,4.638,0.00,8.43,narrative_modal
679.35,2026-08-25 20:59:05,-17.74,1.32,-17.34,24.5,grandpas_village,9.03,clear,5.522,5.332,0.00,8.43,narrative_modal
679.87,2026-08-25 20:59:06,-17.74,1.32,-17.34,24.5,grandpas_village,9.05,clear,5.522,5.332,0.00,8.43,narrative_modal
680.39,2026-08-25 20:59:06,-17.74,1.32,-17.34,24.5,grandpas_village,9.07,clear,5.524,4.730,0.00,8.43,narrative_modal
680.90,2026-08-25 20:59:07,-17.74,1.32,-17.34,24.5,grandpas_village,9.09,clear,5.524,4.730,0.00,8.43,narrative_modal
681.41,2026-08-25 20:59:07,-17.74,1.32,-17.34,24.5,grandpas_village,9.11,clear,5.506,4.540,0.00,8.43,narrative_modal
681.92,2026-08-25 20:59:08,-17.74,1.32,-17.34,24.5,grandpas_village,9.13,clear,5.506,4.540,0.00,8.43,narrative_modal
682.44,2026-08-25 20:59:08,-17.74,1.32,-17.34,24.5,grandpas_village,9.15,clear,5.401,4.550,0.00,8.43,narrative_modal
682.95,2026-08-25 20:59:09,-17.74,1.32,-17.34,24.5,grandpas_village,9.17,clear,5.401,4.550,0.00,8.43,narrative_modal
683.47,2026-08-25 20:59:09,-17.74,1.32,-17.34,24.5,grandpas_village,9.19,clear,5.384,4.694,0.00,8.43,narrative_modal
683.99,2026-08-25 20:59:10,-17.74,1.32,-17.34,24.5,grandpas_village,9.21,clear,5.384,4.694,0.00,8.43,narrative_modal
684.51,2026-08-25 20:59:10,-17.74,1.32,-17.34,24.5,grandpas_village,9.23,clear,5.670,4.679,0.00,8.43,narrative_modal
685.02,2026-08-25 20:59:11,-17.74,1.32,-17.34,24.5,grandpas_village,9.25,clear,5.670,4.679,0.00,8.43,narrative_modal
685.52,2026-08-25 20:59:11,-17.74,1.32,-17.34,24.5,grandpas_village,9.27,clear,5.778,4.699,0.00,8.43,narrative_modal
686.04,2026-08-25 20:59:12,-17.74,1.32,-17.34,24.5,grandpas_village,9.29,clear,5.778,4.699,0.00,8.43,narrative_modal
686.55,2026-08-25 20:59:12,-17.74,1.32,-17.34,24.5,grandpas_village,9.31,clear,5.775,4.616,0.00,8.43,narrative_modal
687.07,2026-08-25 20:59:13,-17.74,1.32,-17.34,24.5,grandpas_village,9.34,clear,5.775,4.616,0.00,8.43,narrative_modal
687.59,2026-08-25 20:59:13,-17.74,1.32,-17.34,24.5,grandpas_village,9.36,clear,5.513,4.798,0.00,8.43,narrative_modal
688.10,2026-08-25 20:59:14,-17.74,1.32,-17.34,24.5,grandpas_village,9.38,clear,5.513,4.798,0.00,8.43,narrative_modal
688.62,2026-08-25 20:59:14,-17.74,1.32,-17.34,24.5,grandpas_village,9.40,clear,5.739,4.723,0.00,8.43,narrative_modal
689.13,2026-08-25 20:59:15,-17.74,1.32,-17.34,24.5,grandpas_village,9.42,clear,5.739,4.723,0.00,8.43,narrative_modal
689.63,2026-08-25 20:59:16,-17.74,1.32,-17.34,24.5,grandpas_village,9.44,clear,5.690,4.682,0.00,8.43,narrative_modal
690.15,2026-08-25 20:59:16,-17.74,1.32,-17.34,24.5,grandpas_village,9.46,clear,5.690,4.682,0.00,8.43,narrative_modal
690.67,2026-08-25 20:59:17,-17.74,1.32,-17.34,24.5,grandpas_village,9.48,clear,5.837,4.689,0.00,8.43,narrative_modal
691.19,2026-08-25 20:59:17,-17.74,1.32,-17.34,24.5,grandpas_village,9.50,clear,5.837,4.689,0.00,8.43,narrative_modal
691.71,2026-08-25 20:59:18,-17.74,1.32,-17.34,24.5,grandpas_village,9.52,clear,5.362,5.163,0.00,8.43,narrative_modal
692.22,2026-08-25 20:59:18,-17.74,1.32,-17.34,24.5,grandpas_village,9.54,clear,5.362,5.163,0.00,8.43,narrative_modal
692.73,2026-08-25 20:59:19,-17.74,1.32,-17.34,24.5,grandpas_village,9.56,clear,5.769,26.256,0.00,8.43,narrative_modal
693.23,2026-08-25 20:59:19,-17.74,1.32,-17.34,24.5,grandpas_village,9.58,clear,5.769,26.256,0.00,8.43,narrative_modal
693.75,2026-08-25 20:59:20,-17.74,1.32,-17.34,24.5,grandpas_village,9.60,clear,5.531,5.234,0.00,8.43,narrative_modal
694.27,2026-08-25 20:59:20,-17.74,1.32,-17.34,24.5,grandpas_village,9.62,clear,5.531,5.234,0.00,8.43,narrative_modal
694.78,2026-08-25 20:59:21,-17.74,1.32,-17.34,24.5,grandpas_village,9.64,clear,5.979,5.264,0.00,8.43,narrative_modal
695.30,2026-08-25 20:59:21,-17.74,1.32,-17.34,24.5,grandpas_village,9.66,clear,5.979,5.264,0.00,8.43,narrative_modal
695.90,2026-08-25 20:59:22,-17.74,1.32,-17.34,24.5,grandpas_village,9.69,clear,5.357,4.461,0.00,8.43,narrative_modal
696.42,2026-08-25 20:59:22,-17.74,1.32,-17.34,24.5,grandpas_village,9.71,clear,5.549,4.817,0.00,8.43,narrative_modal
696.93,2026-08-25 20:59:23,-17.74,1.32,-17.34,24.5,grandpas_village,9.73,clear,5.549,4.817,0.00,8.43,narrative_modal
697.45,2026-08-25 20:59:23,-17.74,1.32,-17.34,24.5,grandpas_village,9.75,clear,5.795,12.009,0.00,8.43,narrative_modal
697.96,2026-08-25 20:59:24,-17.74,1.32,-17.34,24.5,grandpas_village,9.77,clear,5.795,12.009,0.00,8.43,narrative_modal
698.46,2026-08-25 20:59:24,-17.74,1.32,-17.34,24.5,grandpas_village,9.79,clear,5.198,5.438,0.00,8.43,narrative_modal
