t,wall,x,y,z,heading,region,clock_hour,weather,frame_ms,physics_ms,dead_travel_m,nearest_poi_dist_m,input_context
0.37,2026-08-27 03:51:44,0.00,0.00,0.00,0.0,grandpas_village,0.00,,0.219,28.907,0.00,,title
0.39,2026-08-27 03:51:44,0.00,0.00,0.00,0.0,grandpas_village,0.00,,0.219,28.907,0.00,,title
56.63,2026-08-27 03:52:40,22.16,0.90,-2.86,-177.1,grandpas_village,8.02,clear,50245.131,2463.620,0.00,9.38,world
57.14,2026-08-27 03:52:40,22.16,0.90,-2.86,-177.1,grandpas_village,8.05,clear,4.703,349.300,0.00,9.38,world
57.65,2026-08-27 03:52:41,22.16,0.90,-2.86,-177.1,grandpas_village,8.07,clear,4.264,3.551,0.00,9.38,world
58.16,2026-08-27 03:52:41,22.16,0.90,-2.86,-177.1,grandpas_village,8.09,clear,4.264,3.551,0.00,9.38,world
58.66,2026-08-27 03:52:42,22.16,0.90,-2.86,-177.1,grandpas_village,8.11,clear,3.812,3.600,0.00,9.38,world
59.18,2026-08-27 03:52:42,22.16,0.90,-2.86,-177.1,grandpas_village,8.13,clear,3.812,3.600,0.00,9.38,world
59.69,2026-08-27 03:52:43,22.16,0.90,-2.86,-177.1,grandpas_village,8.15,clear,3.943,3.983,0.00,9.38,world
60.21,2026-08-27 03:52:43,22.16,0.90,-2.86,-177.1,grandpas_village,8.17,clear,3.943,3.983,0.00,9.38,world
60.72,2026-08-27 03:52:44,22.16,0.90,-2.86,-177.1,grandpas_village,8.19,clear,3.749,4.394,0.00,9.38,world
61.23,2026-08-27 03:52:44,22.16,0.90,-2.86,-177.1,grandpas_village,8.21,clear,3.749,4.394,0.00,9.38,world
61.74,2026-08-27 03:52:45,22.16,0.90,-2.86,-177.1,grandpas_village,8.23,clear,4.157,4.593,0.00,9.38,world
62.26,2026-08-27 03:52:45,22.16,0.90,-2.86,-177.1,grandpas_village,8.25,clear,4.157,4.593,0.00,9.38,world
62.78,2026-08-27 03:52:46,22.16,0.90,-2.86,-177.1,grandpas_village,8.27,clear,3.996,4.573,0.00,9.38,world
63.29,2026-08-27 03:52:46,22.16,0.90,-2.86,-177.1,grandpas_village,8.29,clear,3.996,4.573,0.00,9.38,world
63.79,2026-08-27 03:52:47,22.16,0.90,-2.86,-177.1,grandpas_village,8.31,clear,4.122,4.533,0.00,9.38,world
64.31,2026-08-27 03:52:47,22.16,0.90,-2.86,-177.1,grandpas_village,8.33,clear,4.122,4.533,0.00,9.38,world
64.83,2026-08-27 03:52:48,22.16,0.90,-2.86,-177.1,grandpas_village,8.35,clear,3.845,4.540,0.00,9.38,world
65.35,2026-08-27 03:52:49,22.16,0.90,-2.86,-177.1,grandpas_village,8.37,clear,3.930,4.229,0.00,9.38,world
65.86,2026-08-27 03:52:49,22.16,0.90,-2.86,-177.1,grandpas_village,8.39,clear,3.930,4.229,0.00,9.38,world
66.36,2026-08-27 03:52:50,22.16,0.90,-2.86,-177.1,grandpas_village,8.41,clear,3.841,4.589,0.00,9.38,world
66.88,2026-08-27 03:52:50,22.16,0.90,-2.86,-177.1,grandpas_village,8.43,clear,3.841,4.589,0.00,9.38,world
67.40,2026-08-27 03:52:51,22.16,0.90,-2.86,-177.1,grandpas_village,8.46,clear,4.016,4.811,0.00,9.38,world
67.91,2026-08-27 03:52:51,22.16,0.90,-2.86,-177.1,grandpas_village,8.48,clear,4.016,4.811,0.00,9.38,world
68.43,2026-08-27 03:52:52,22.16,0.90,-2.86,-177.1,grandpas_village,8.50,clear,4.118,4.477,0.00,9.38,world
68.95,2026-08-27 03:52:52,22.16,0.90,-2.86,-177.1,grandpas_village,8.52,clear,4.118,4.477,0.00,9.38,world
69.47,2026-08-27 03:52:53,22.16,0.90,-2.86,-177.1,grandpas_village,8.54,clear,3.778,4.222,0.00,9.38,world
69.98,2026-08-27 03:52:53,22.16,0.90,-2.86,-177.1,grandpas_village,8.56,clear,3.778,4.222,0.00,9.38,world
70.48,2026-08-27 03:52:54,22.16,0.90,-2.86,-177.1,grandpas_village,8.58,clear,3.926,4.592,0.00,9.38,world
71.00,2026-08-27 03:52:54,22.16,0.90,-2.86,-177.1,grandpas_village,8.60,clear,3.926,4.592,0.00,9.38,world
71.51,2026-08-27 03:52:55,22.16,0.90,-2.86,-177.1,grandpas_village,8.62,clear,3.935,4.312,0.00,9.38,world
72.03,2026-08-27 03:52:55,22.16,0.90,-2.86,-177.1,grandpas_village,8.64,clear,3.935,4.312,0.00,9.38,world
72.55,2026-08-27 03:52:56,22.16,0.90,-2.86,-177.1,grandpas_village,8.66,clear,3.776,4.355,0.00,9.38,world
73.07,2026-08-27 03:52:56,22.16,0.90,-2.86,-177.1,grandpas_village,8.68,clear,3.776,4.355,0.00,9.38,world
73.58,2026-08-27 03:52:57,22.16,0.90,-2.86,-177.1,grandpas_village,8.70,clear,3.773,4.271,0.00,9.38,world
74.08,2026-08-27 03:52:57,22.16,0.90,-2.86,-177.1,grandpas_village,8.72,clear,3.773,4.271,0.00,9.38,world
74.60,2026-08-27 03:52:58,22.16,0.90,-2.86,-177.1,grandpas_village,8.74,clear,4.151,4.457,0.00,9.38,world
75.12,2026-08-27 03:52:58,22.16,0.90,-2.86,-177.1,grandpas_village,8.76,clear,4.151,4.457,0.00,9.38,world
75.63,2026-08-27 03:52:59,22.16,0.90,-2.86,-177.1,grandpas_village,8.78,clear,3.833,4.677,0.00,9.38,world
76.15,2026-08-27 03:52:59,22.16,0.90,-2.86,-177.1,grandpas_village,8.81,clear,3.833,4.677,0.00,9.38,world
76.66,2026-08-27 03:53:00,22.16,0.90,-2.86,-177.1,grandpas_village,8.83,clear,4.078,4.804,0.00,9.38,world
77.18,2026-08-27 03:53:00,22.16,0.90,-2.86,-177.1,grandpas_village,8.85,clear,4.078,4.804,0.00,9.38,world
77.69,2026-08-27 03:53:01,22.16,0.90,-2.86,-177.1,grandpas_village,8.87,clear,4.036,4.221,0.00,9.38,world
78.19,2026-08-27 03:53:01,22.16,0.90,-2.86,-177.1,grandpas_village,8.89,clear,4.036,4.221,0.00,9.38,world
78.71,2026-08-27 03:53:02,22.16,0.90,-2.86,-177.1,grandpas_village,8.91,clear,3.731,4.327,0.00,9.38,world
79.23,2026-08-27 03:53:02,22.16,0.90,-2.86,-177.1,grandpas_village,8.93,clear,3.731,4.327,0.00,9.38,world
79.75,2026-08-27 03:53:03,22.16,0.90,-2.86,-177.1,grandpas_village,8.95,clear,3.898,4.552,0.00,9.38,world
80.26,2026-08-27 03:53:03,22.16,0.90,-2.86,-177.1,grandpas_village,8.97,clear,3.898,4.552,0.00,9.38,world
80.78,2026-08-27 03:53:04,22.16,0.90,-2.86,-177.1,grandpas_village,8.99,clear,3.800,4.479,0.00,9.38,world
81.29,2026-08-27 03:53:04,22.16,0.90,-2.86,-177.1,grandpas_village,9.01,clear,3.800,4.479,0.00,9.38,world
81.80,2026-08-27 03:53:05,22.16,0.90,-2.86,-177.1,grandpas_village,9.03,clear,3.751,4.221,0.00,9.38,world
82.30,2026-08-27 03:53:05,22.16,0.90,-2.86,-177.1,grandpas_village,9.05,clear,3.751,4.221,0.00,9.38,world
82.81,2026-08-27 03:53:06,22.16,0.90,-2.86,-177.1,grandpas_village,9.07,clear,3.880,4.437,0.00,9.38,world
83.31,2026-08-27 03:53:06,22.16,0.90,-2.86,-177.1,grandpas_village,9.09,clear,3.880,4.437,0.00,9.38,world
83.83,2026-08-27 03:53:07,22.16,0.90,-2.86,-177.1,grandpas_village,9.11,clear,3.930,4.680,0.00,9.38,world
84.35,2026-08-27 03:53:08,22.16,0.90,-2.86,-177.1,grandpas_village,9.13,clear,3.992,4.383,0.00,9.38,world
84.87,2026-08-27 03:53:08,22.16,0.90,-2.86,-177.1,grandpas_village,9.15,clear,3.992,4.383,0.00,9.38,world
85.38,2026-08-27 03:53:09,22.16,0.90,-2.86,-177.1,grandpas_village,9.17,clear,3.815,4.001,0.00,9.38,world
85.90,2026-08-27 03:53:09,22.16,0.90,-2.86,-177.1,grandpas_village,9.20,clear,3.815,4.001,0.00,9.38,world
86.41,2026-08-27 03:53:10,22.16,0.90,-2.86,-177.1,grandpas_village,9.22,clear,3.929,4.186,0.00,9.38,world
86.92,2026-08-27 03:53:10,22.16,0.90,-2.86,-177.1,grandpas_village,9.24,clear,3.929,4.186,0.00,9.38,world
87.43,2026-08-27 03:53:11,22.16,0.90,-2.86,-177.1,grandpas_village,9.26,clear,4.048,4.347,0.00,9.38,world
87.95,2026-08-27 03:53:11,22.16,0.90,-2.86,-177.1,grandpas_village,9.28,clear,4.048,4.347,0.00,9.38,world
88.47,2026-08-27 03:53:12,22.16,0.90,-2.86,-177.1,grandpas_village,9.30,clear,3.810,4.196,0.00,9.38,world
88.98,2026-08-27 03:53:12,22.16,0.90,-2.86,-177.1,grandpas_village,9.32,clear,3.810,4.196,0.00,9.38,world
89.50,2026-08-27 03:53:13,22.16,0.90,-2.86,-177.1,grandpas_village,9.34,clear,4.066,4.121,0.00,9.38,world
90.01,2026-08-27 03:53:13,22.16,0.90,-2.86,-177.1,grandpas_village,9.36,clear,4.066,4.121,0.00,9.38,world
90.52,2026-08-27 03:53:14,22.16,0.90,-2.86,-177.1,grandpas_village,9.38,clear,3.804,4.423,0.00,9.38,world
91.03,2026-08-27 03:53:14,22.16,0.90,-2.86,-177.1,grandpas_village,9.40,clear,3.804,4.423,0.00,9.38,world
91.55,2026-08-27 03:53:15,22.16,0.90,-2.86,-177.1,grandpas_village,9.42,clear,3.766,4.756,0.00,9.38,world
92.06,2026-08-27 03:53:15,22.16,0.90,-2.86,-177.1,grandpas_village,9.44,clear,3.766,4.756,0.00,9.38,world
92.58,2026-08-27 03:53:16,22.16,0.90,-2.86,-177.1,grandpas_village,9.46,clear,3.911,4.967,0.00,9.38,world
93.10,2026-08-27 03:53:16,22.16,0.90,-2.86,-177.1,grandpas_village,9.48,clear,3.911,4.967,0.00,9.38,world
93.62,2026-08-27 03:53:17,22.16,0.90,-2.86,-177.1,grandpas_village,9.50,clear,4.096,4.461,0.00,9.38,world
94.13,2026-08-27 03:53:17,22.16,0.90,-2.86,-177.1,grandpas_village,9.52,clear,4.096,4.461,0.00,9.38,world
94.63,2026-08-27 03:53:18,22.16,0.90,-2.86,-177.1,grandpas_village,9.54,clear,4.253,4.247,0.00,9.38,world
95.15,2026-08-27 03:53:18,22.16,0.90,-2.86,-177.1,grandpas_village,9.57,clear,4.253,4.247,0.00,9.38,world
95.66,2026-08-27 03:53:19,22.16,0.90,-2.86,-177.1,grandpas_village,9.59,clear,4.022,4.058,0.00,9.38,world
96.18,2026-08-27 03:53:19,22.16,0.90,-2.86,-177.1,grandpas_village,9.61,clear,4.022,4.058,0.00,9.38,world
96.70,2026-08-27 03:53:20,22.16,0.90,-2.86,-177.1,grandpas_village,9.63,clear,3.944,4.251,0.00,9.38,world
97.22,2026-08-27 03:53:20,22.16,0.90,-2.86,-177.1,grandpas_village,9.65,clear,3.944,4.251,0.00,9.38,world
97.73,2026-08-27 03:53:21,22.16,0.90,-2.86,-177.1,grandpas_village,9.67,clear,4.104,4.678,0.00,9.38,world
98.25,2026-08-27 03:53:21,22.16,0.90,-2.86,-177.1,grandpas_village,9.69,clear,4.104,4.678,0.00,9.38,world
98.75,2026-08-27 03:53:22,22.16,0.90,-2.86,-177.1,grandpas_village,9.71,clear,3.961,4.561,0.00,9.38,world
99.27,2026-08-27 03:53:22,22.16,0.90,-2.86,-177.1,grandpas_village,9.73,clear,3.961,4.561,0.00,9.38,world
99.78,2026-08-27 03:53:23,22.16,0.90,-2.86,-177.1,grandpas_village,9.75,clear,4.459,4.679,0.00,9.38,world
100.29,2026-08-27 03:53:23,22.16,0.90,-2.86,-177.1,grandpas_village,9.77,clear,4.459,4.679,0.00,9.38,world
100.81,2026-08-27 03:53:24,22.16,0.90,-2.86,-177.1,grandpas_village,9.79,clear,4.187,4.630,0.00,9.38,world
101.33,2026-08-27 03:53:25,22.16,0.90,-2.86,-177.1,grandpas_village,9.81,clear,4.187,4.630,0.00,9.38,world
101.84,2026-08-27 03:53:25,22.16,0.90,-2.86,-177.1,grandpas_village,9.83,clear,4.105,4.547,0.00,9.38,world
102.34,2026-08-27 03:53:26,22.16,0.90,-2.86,-177.1,grandpas_village,9.85,clear,4.221,4.197,0.00,9.38,world
102.86,2026-08-27 03:53:26,22.16,0.90,-2.86,-177.1,grandpas_village,9.87,clear,4.221,4.197,0.00,9.38,world
103.38,2026-08-27 03:53:27,22.16,0.90,-2.86,-177.1,grandpas_village,9.89,clear,4.085,4.705,0.00,9.38,world
103.90,2026-08-27 03:53:27,22.16,0.90,-2.86,-177.1,grandpas_village,9.92,clear,4.085,4.705,0.00,9.38,world
104.41,2026-08-27 03:53:28,22.16,0.90,-2.86,-177.1,grandpas_village,9.94,clear,4.288,4.554,0.00,9.38,world
104.93,2026-08-27 03:53:28,22.16,0.90,-2.86,-177.1,grandpas_village,9.96,clear,4.288,4.554,0.00,9.38,world
105.45,2026-08-27 03:53:29,22.16,0.90,-2.86,-177.1,grandpas_village,9.98,clear,4.030,4.956,0.00,9.38,world
105.96,2026-08-27 03:53:29,22.16,0.90,-2.86,-177.1,grandpas_village,10.00,clear,4.030,4.956,0.00,9.38,world
106.46,2026-08-27 03:53:30,22.16,0.90,-2.86,-177.1,grandpas_village,10.02,clear,4.160,5.036,0.00,9.38,world
106.98,2026-08-27 03:53:30,22.16,0.90,-2.86,-177.1,grandpas_village,10.04,clear,4.160,5.036,0.00,9.38,world
107.50,2026-08-27 03:53:31,22.16,0.90,-2.86,-177.1,grandpas_village,10.06,clear,4.180,5.013,0.00,9.38,world
108.02,2026-08-27 03:53:31,22.16,0.90,-2.86,-177.1,grandpas_village,10.08,clear,4.180,5.013,0.00,9.38,world
108.53,2026-08-27 03:53:32,22.16,0.90,-2.86,-177.1,grandpas_village,10.10,clear,3.854,5.199,0.00,9.38,world
109.05,2026-08-27 03:53:32,22.16,0.90,-2.86,-177.1,grandpas_village,10.12,clear,3.854,5.199,0.00,9.38,world
109.56,2026-08-27 03:53:33,22.16,0.90,-2.86,-177.1,grandpas_village,10.14,clear,4.319,5.974,0.00,9.38,world
110.06,2026-08-27 03:53:33,22.16,0.90,-2.86,-177.1,grandpas_village,10.16,clear,4.319,5.974,0.00,9.38,world
110.58,2026-08-27 03:53:34,22.16,0.90,-2.86,-177.1,grandpas_village,10.18,clear,3.815,4.437,0.00,9.38,world
111.10,2026-08-27 03:53:34,22.16,0.90,-2.86,-177.1,grandpas_village,10.20,clear,3.815,4.437,0.00,9.38,world
111.62,2026-08-27 03:53:35,22.16,0.90,-2.86,-177.1,grandpas_village,10.22,clear,4.210,4.363,0.00,9.38,world
112.13,2026-08-27 03:53:35,22.16,0.90,-2.86,-177.1,grandpas_village,10.24,clear,4.210,4.363,0.00,9.38,world
112.65,2026-08-27 03:53:36,22.16,0.90,-2.86,-177.1,grandpas_village,10.27,clear,3.715,4.586,0.00,9.38,world
113.16,2026-08-27 03:53:36,22.16,0.90,-2.86,-177.1,grandpas_village,10.29,clear,3.715,4.586,0.00,9.38,world
113.67,2026-08-27 03:53:37,22.16,0.90,-2.86,-177.1,grandpas_village,10.31,clear,4.054,4.434,0.00,9.38,world
114.18,2026-08-27 03:53:37,22.16,0.90,-2.86,-177.1,grandpas_village,10.33,clear,4.054,4.434,0.00,9.38,world
114.69,2026-08-27 03:53:38,22.16,0.90,-2.86,-177.1,grandpas_village,10.35,clear,3.874,4.575,0.00,9.38,world
115.21,2026-08-27 03:53:38,22.16,0.90,-2.86,-177.1,grandpas_village,10.37,clear,3.874,4.575,0.00,9.38,world
115.73,2026-08-27 03:53:39,22.16,0.90,-2.86,-177.1,grandpas_village,10.39,clear,3.797,4.625,0.00,9.38,world
116.25,2026-08-27 03:53:39,22.16,0.90,-2.86,-177.1,grandpas_village,10.41,clear,3.797,4.625,0.00,9.38,world
116.76,2026-08-27 03:53:40,22.16,0.90,-2.86,-177.1,grandpas_village,10.43,clear,4.014,4.204,0.00,9.38,world
117.28,2026-08-27 03:53:40,22.16,0.90,-2.86,-177.1,grandpas_village,10.45,clear,4.014,4.204,0.00,9.38,world
117.78,2026-08-27 03:53:41,22.16,0.90,-2.86,-177.1,grandpas_village,10.47,clear,3.907,4.214,0.00,9.38,world
118.28,2026-08-27 03:53:41,22.16,0.90,-2.86,-177.1,grandpas_village,10.49,clear,3.907,4.214,0.00,9.38,world
118.79,2026-08-27 03:53:42,22.16,0.90,-2.86,-177.1,grandpas_village,10.51,clear,3.799,4.297,0.00,9.38,world
119.30,2026-08-27 03:53:42,22.16,0.90,-2.86,-177.1,grandpas_village,10.53,clear,3.799,4.297,0.00,9.38,world
119.81,2026-08-27 03:53:43,22.16,0.90,-2.86,-177.1,grandpas_village,10.55,clear,3.779,4.274,0.00,9.38,world
120.33,2026-08-27 03:53:44,22.16,0.90,-2.86,-177.1,grandpas_village,10.57,clear,3.779,4.274,0.00,9.38,world
120.85,2026-08-27 03:53:44,22.16,0.90,-2.86,-177.1,grandpas_village,10.59,clear,3.854,4.520,0.00,9.38,world
121.37,2026-08-27 03:53:45,22.16,0.90,-2.86,-177.1,grandpas_village,10.61,clear,4.000,3.994,0.00,9.38,world
121.88,2026-08-27 03:53:45,22.16,0.90,-2.86,-177.1,grandpas_village,10.63,clear,4.000,3.994,0.00,9.38,world
122.40,2026-08-27 03:53:46,22.16,0.90,-2.86,-177.1,grandpas_village,10.65,clear,3.873,4.819,0.00,9.38,world
122.90,2026-08-27 03:53:46,22.16,0.90,-2.86,-177.1,grandpas_village,10.68,clear,3.873,4.819,0.00,9.38,world
123.42,2026-08-27 03:53:47,22.16,0.90,-2.86,-177.1,grandpas_village,10.70,clear,4.061,4.307,0.00,9.38,world
123.93,2026-08-27 03:53:47,22.16,0.90,-2.86,-177.1,grandpas_village,10.72,clear,4.061,4.307,0.00,9.38,world
124.45,2026-08-27 03:53:48,22.16,0.90,-2.86,-177.1,grandpas_village,10.74,clear,3.762,4.098,0.00,9.38,world
124.96,2026-08-27 03:53:48,22.16,0.90,-2.86,-177.1,grandpas_village,10.76,clear,3.762,4.098,0.00,9.38,world
125.48,2026-08-27 03:53:49,22.16,0.90,-2.86,-177.1,grandpas_village,10.78,clear,3.760,4.088,0.00,9.38,world
126.00,2026-08-27 03:53:49,22.16,0.90,-2.86,-177.1,grandpas_village,10.80,clear,3.760,4.088,0.00,9.38,world
126.51,2026-08-27 03:53:50,22.16,0.90,-2.86,-177.1,grandpas_village,10.82,clear,4.041,3.955,0.00,9.38,world
127.01,2026-08-27 03:53:50,22.16,0.90,-2.86,-177.1,grandpas_village,10.84,clear,4.041,3.955,0.00,9.38,world
127.53,2026-08-27 03:53:51,22.16,0.90,-2.86,-177.1,grandpas_village,10.86,clear,4.143,4.574,0.00,9.38,world
128.05,2026-08-27 03:53:51,22.16,0.90,-2.86,-177.1,grandpas_village,10.88,clear,4.143,4.574,0.00,9.38,world
128.56,2026-08-27 03:53:52,22.16,0.90,-2.86,-177.1,grandpas_village,10.90,clear,4.236,4.613,0.00,9.38,world
129.08,2026-08-27 03:53:52,22.16,0.90,-2.86,-177.1,grandpas_village,10.92,clear,4.236,4.613,0.00,9.38,world
129.60,2026-08-27 03:53:53,22.16,0.90,-2.86,-177.1,grandpas_village,10.94,clear,4.221,4.477,0.00,9.38,world
130.11,2026-08-27 03:53:53,22.16,0.90,-2.86,-177.1,grandpas_village,10.96,clear,4.221,4.477,0.00,9.38,world
130.61,2026-08-27 03:53:54,22.16,0.90,-2.86,-177.1,grandpas_village,10.98,clear,4.029,4.392,0.00,9.38,world
131.13,2026-08-27 03:53:54,22.16,0.90,-2.86,-177.1,grandpas_village,11.00,clear,4.029,4.392,0.00,9.38,world
131.65,2026-08-27 03:53:55,22.16,0.90,-2.86,-177.1,grandpas_village,11.03,clear,4.066,4.879,0.00,9.38,world
132.17,2026-08-27 03:53:55,22.16,0.90,-2.86,-177.1,grandpas_village,11.05,clear,4.066,4.879,0.00,9.38,world
132.68,2026-08-27 03:53:56,22.16,0.90,-2.86,-177.1,grandpas_village,11.07,clear,4.081,4.349,0.00,9.38,world
133.20,2026-08-27 03:53:56,22.16,0.90,-2.86,-177.1,grandpas_village,11.09,clear,4.081,4.349,0.00,9.38,world
133.72,2026-08-27 03:53:57,22.16,0.90,-2.86,-177.1,grandpas_village,11.11,clear,3.799,4.257,0.00,9.38,world
134.23,2026-08-27 03:53:57,22.16,0.90,-2.86,-177.1,grandpas_village,11.13,clear,3.799,4.257,0.00,9.38,world
134.73,2026-08-27 03:53:58,22.16,0.90,-2.86,-177.1,grandpas_village,11.15,clear,4.346,4.581,0.00,9.38,world
135.25,2026-08-27 03:53:58,22.16,0.90,-2.86,-177.1,grandpas_village,11.17,clear,4.346,4.581,0.00,9.38,world
135.77,2026-08-27 03:53:59,22.16,0.90,-2.86,-177.1,grandpas_village,11.19,clear,3.989,4.239,0.00,9.38,world
136.28,2026-08-27 03:53:59,22.16,0.90,-2.86,-177.1,grandpas_village,11.21,clear,3.989,4.239,0.00,9.38,world
136.80,2026-08-27 03:54:00,22.16,0.90,-2.86,-177.1,grandpas_village,11.23,clear,3.818,4.769,0.00,9.38,world
137.31,2026-08-27 03:54:00,22.16,0.90,-2.86,-177.1,grandpas_village,11.25,clear,3.818,4.769,0.00,9.38,world
137.82,2026-08-27 03:54:01,22.16,0.90,-2.86,-177.1,grandpas_village,11.27,clear,3.715,4.643,0.00,9.38,world
138.33,2026-08-27 03:54:02,22.16,0.90,-2.86,-177.1,grandpas_village,11.29,clear,3.715,4.643,0.00,9.38,world
138.85,2026-08-27 03:54:02,22.16,0.90,-2.86,-177.1,grandpas_village,11.31,clear,3.744,4.265,0.00,9.38,world
139.36,2026-08-27 03:54:03,22.16,0.90,-2.86,-177.1,grandpas_village,11.33,clear,3.707,4.828,0.00,9.38,world
139.88,2026-08-27 03:54:03,22.16,0.90,-2.86,-177.1,grandpas_village,11.35,clear,3.707,4.828,0.00,9.38,world
140.40,2026-08-27 03:54:04,22.16,0.90,-2.86,-177.1,grandpas_village,11.38,clear,4.432,4.000,0.00,9.38,world
140.91,2026-08-27 03:54:04,22.16,0.90,-2.86,-177.1,grandpas_village,11.40,clear,4.432,4.000,0.00,9.38,world
141.43,2026-08-27 03:54:05,22.16,0.90,-2.86,-177.1,grandpas_village,11.42,clear,3.965,4.408,0.00,9.38,world
141.94,2026-08-27 03:54:05,22.16,0.90,-2.86,-177.1,grandpas_village,11.44,clear,3.965,4.408,0.00,9.38,world
142.45,2026-08-27 03:54:06,22.16,0.90,-2.86,-177.1,grandpas_village,11.46,clear,4.171,4.669,0.00,9.38,world
142.96,2026-08-27 03:54:06,22.16,0.90,-2.86,-177.1,grandpas_village,11.48,clear,4.171,4.669,0.00,9.38,world
143.48,2026-08-27 03:54:07,22.16,0.90,-2.86,-177.1,grandpas_village,11.50,clear,3.906,4.207,0.00,9.38,world
144.00,2026-08-27 03:54:07,22.16,0.90,-2.86,-177.1,grandpas_village,11.52,clear,3.906,4.207,0.00,9.38,world
144.52,2026-08-27 03:54:08,22.16,0.90,-2.86,-177.1,grandpas_village,11.54,clear,3.945,4.136,0.00,9.38,world
145.03,2026-08-27 03:54:08,22.16,0.90,-2.86,-177.1,grandpas_village,11.56,clear,3.945,4.136,0.00,9.38,world
145.54,2026-08-27 03:54:09,22.16,0.90,-2.86,-177.1,grandpas_village,11.58,clear,3.914,4.024,0.00,9.38,world
146.05,2026-08-27 03:54:09,22.16,0.90,-2.86,-177.1,grandpas_village,11.60,clear,3.914,4.024,0.00,9.38,world
146.57,2026-08-27 03:54:10,22.16,0.90,-2.86,-177.1,grandpas_village,11.62,clear,3.753,4.432,0.00,9.38,world
147.08,2026-08-27 03:54:10,22.16,0.90,-2.86,-177.1,grandpas_village,11.64,clear,3.753,4.432,0.00,9.38,world
147.60,2026-08-27 03:54:11,22.16,0.90,-2.86,-177.1,grandpas_village,11.66,clear,3.990,4.334,0.00,9.38,world
148.11,2026-08-27 03:54:11,22.16,0.90,-2.86,-177.1,grandpas_village,11.68,clear,3.990,4.334,0.00,9.38,world
148.63,2026-08-27 03:54:12,22.16,0.90,-2.86,-177.1,grandpas_village,11.70,clear,4.011,4.724,0.00,9.38,world
149.15,2026-08-27 03:54:12,22.16,0.90,-2.86,-177.1,grandpas_village,11.73,clear,4.011,4.724,0.00,9.38,world
149.66,2026-08-27 03:54:13,22.16,0.90,-2.86,-177.1,grandpas_village,11.75,clear,3.813,4.510,0.00,9.38,world
150.16,2026-08-27 03:54:13,22.16,0.90,-2.86,-177.1,grandpas_village,11.77,clear,3.813,4.510,0.00,9.38,world
150.68,2026-08-27 03:54:14,22.16,0.90,-2.86,-177.1,grandpas_village,11.79,clear,3.856,4.470,0.00,9.38,world
151.20,2026-08-27 03:54:14,22.16,0.90,-2.86,-177.1,grandpas_village,11.81,clear,3.856,4.470,0.00,9.38,world
151.71,2026-08-27 03:54:15,22.16,0.90,-2.86,-177.1,grandpas_village,11.83,clear,3.916,4.403,0.00,9.38,world
152.23,2026-08-27 03:54:15,22.16,0.90,-2.86,-177.1,grandpas_village,11.85,clear,3.916,4.403,0.00,9.38,world
152.75,2026-08-27 03:54:16,22.16,0.90,-2.86,-177.1,grandpas_village,11.87,clear,3.781,4.428,0.00,9.38,world
153.26,2026-08-27 03:54:16,22.16,0.90,-2.86,-177.1,grandpas_village,11.89,clear,3.781,4.428,0.00,9.38,world
153.76,2026-08-27 03:54:17,22.16,0.90,-2.86,-177.1,grandpas_village,11.91,clear,3.778,4.596,0.00,9.38,world
154.27,2026-08-27 03:54:17,22.16,0.90,-2.86,-177.1,grandpas_village,11.93,clear,3.778,4.596,0.00,9.38,world
154.78,2026-08-27 03:54:18,22.16,0.90,-2.86,-177.1,grandpas_village,11.95,clear,3.817,4.721,0.00,9.38,world
155.28,2026-08-27 03:54:18,22.16,0.90,-2.86,-177.1,grandpas_village,11.97,clear,3.817,4.721,0.00,9.38,world
155.80,2026-08-27 03:54:19,22.16,0.90,-2.86,-177.1,grandpas_village,11.99,clear,4.122,4.531,0.00,9.38,world
156.32,2026-08-27 03:54:19,22.16,0.90,-2.86,-177.1,grandpas_village,12.01,clear,4.122,4.531,0.00,9.38,world
156.83,2026-08-27 03:54:20,22.16,0.90,-2.86,-177.1,grandpas_village,12.03,clear,4.126,4.391,0.00,9.38,world
157.35,2026-08-27 03:54:21,22.16,0.90,-2.86,-177.1,grandpas_village,12.05,clear,5.064,4.407,0.00,9.38,world
157.86,2026-08-27 03:54:21,22.16,0.90,-2.86,-177.1,grandpas_village,12.07,clear,5.064,4.407,0.00,9.38,world
158.37,2026-08-27 03:54:22,22.16,0.90,-2.86,-177.1,grandpas_village,12.09,clear,4.062,5.212,0.00,9.38,world
158.88,2026-08-27 03:54:22,22.16,0.90,-2.86,-177.1,grandpas_village,12.11,clear,4.062,5.212,0.00,9.38,world
159.39,2026-08-27 03:54:23,22.16,0.90,-2.86,-177.1,grandpas_village,12.14,clear,3.694,4.266,0.00,9.38,world
159.91,2026-08-27 03:54:23,22.16,0.90,-2.86,-177.1,grandpas_village,12.16,clear,3.694,4.266,0.00,9.38,world
160.43,2026-08-27 03:54:24,22.16,0.90,-2.86,-177.1,grandpas_village,12.18,clear,4.245,4.269,0.00,9.38,world
160.95,2026-08-27 03:54:24,22.16,0.90,-2.86,-177.1,grandpas_village,12.20,clear,4.245,4.269,0.00,9.38,world
161.46,2026-08-27 03:54:25,22.16,0.90,-2.86,-177.1,grandpas_village,12.22,clear,4.314,5.271,0.00,9.38,world
161.98,2026-08-27 03:54:25,22.16,0.90,-2.86,-177.1,grandpas_village,12.24,clear,4.314,5.271,0.00,9.38,world
162.49,2026-08-27 03:54:26,22.16,0.90,-2.86,-177.1,grandpas_village,12.26,clear,3.822,4.658,0.00,9.38,world
162.99,2026-08-27 03:54:26,22.16,0.90,-2.86,-177.1,grandpas_village,12.28,clear,3.822,4.658,0.00,9.38,world
163.51,2026-08-27 03:54:27,22.16,0.90,-2.86,-177.1,grandpas_village,12.30,clear,3.648,4.576,0.00,9.38,world
164.03,2026-08-27 03:54:27,22.16,0.90,-2.86,-177.1,grandpas_village,12.32,clear,3.648,4.576,0.00,9.38,world
164.55,2026-08-27 03:54:28,22.16,0.90,-2.86,-177.1,grandpas_village,12.34,clear,3.961,4.503,0.00,9.38,world
165.06,2026-08-27 03:54:28,22.16,0.90,-2.86,-177.1,grandpas_village,12.36,clear,3.961,4.503,0.00,9.38,world
165.58,2026-08-27 03:54:29,22.16,0.90,-2.86,-177.1,grandpas_village,12.38,clear,3.814,4.262,0.00,9.38,world
166.09,2026-08-27 03:54:29,22.16,0.90,-2.86,-177.1,grandpas_village,12.40,clear,3.814,4.262,0.00,9.38,world
166.60,2026-08-27 03:54:30,22.16,0.90,-2.86,-177.1,grandpas_village,12.42,clear,3.906,4.676,0.00,9.38,world
167.11,2026-08-27 03:54:30,22.16,0.90,-2.86,-177.1,grandpas_village,12.44,clear,3.906,4.676,0.00,9.38,world
167.63,2026-08-27 03:54:31,22.16,0.90,-2.86,-177.1,grandpas_village,12.46,clear,3.874,4.354,0.00,9.38,world
168.15,2026-08-27 03:54:31,22.16,0.90,-2.86,-177.1,grandpas_village,12.49,clear,3.874,4.354,0.00,9.38,world
168.66,2026-08-27 03:54:32,22.16,0.90,-2.86,-177.1,grandpas_village,12.51,clear,3.742,4.264,0.00,9.38,world
169.18,2026-08-27 03:54:32,22.16,0.90,-2.86,-177.1,grandpas_village,12.53,clear,3.742,4.264,0.00,9.38,world
169.69,2026-08-27 03:54:33,22.16,0.90,-2.86,-177.1,grandpas_village,12.55,clear,6.049,6.325,0.00,9.38,world
170.21,2026-08-27 03:54:33,22.16,0.90,-2.86,-177.1,grandpas_village,12.57,clear,6.049,6.325,0.00,9.38,world
170.71,2026-08-27 03:54:34,22.16,0.90,-2.86,-177.1,grandpas_village,12.59,clear,3.889,4.132,0.00,9.38,world
171.23,2026-08-27 03:54:34,22.16,0.90,-2.86,-177.1,grandpas_village,12.61,clear,3.889,4.132,0.00,9.38,world
171.74,2026-08-27 03:54:35,22.16,0.90,-2.86,-177.1,grandpas_village,12.63,clear,3.836,4.100,0.00,9.38,world
172.26,2026-08-27 03:54:35,22.16,0.90,-2.86,-177.1,grandpas_village,12.65,clear,3.836,4.100,0.00,9.38,world
172.78,2026-08-27 03:54:36,22.16,0.90,-2.86,-177.1,grandpas_village,12.67,clear,3.820,4.236,0.00,9.38,world
173.30,2026-08-27 03:54:36,22.16,0.90,-2.86,-177.1,grandpas_village,12.69,clear,3.820,4.236,0.00,9.38,world
173.81,2026-08-27 03:54:37,22.16,0.90,-2.86,-177.1,grandpas_village,12.71,clear,3.742,4.508,0.00,9.38,world
174.31,2026-08-27 03:54:37,22.16,0.90,-2.86,-177.1,grandpas_village,12.73,clear,3.742,4.508,0.00,9.38,world
174.83,2026-08-27 03:54:38,22.16,0.90,-2.86,-177.1,grandpas_village,12.75,clear,3.768,4.658,0.00,9.38,world
175.35,2026-08-27 03:54:39,22.16,0.90,-2.86,-177.1,grandpas_village,12.77,clear,3.796,4.896,0.00,9.38,world
175.86,2026-08-27 03:54:39,22.16,0.90,-2.86,-177.1,grandpas_village,12.79,clear,3.796,4.896,0.00,9.38,world
176.38,2026-08-27 03:54:40,22.16,0.90,-2.86,-177.1,grandpas_village,12.81,clear,4.142,4.839,0.00,9.38,world
176.90,2026-08-27 03:54:40,22.16,0.90,-2.86,-177.1,grandpas_village,12.84,clear,4.142,4.839,0.00,9.38,world
177.42,2026-08-27 03:54:41,22.16,0.90,-2.86,-177.1,grandpas_village,12.86,clear,4.660,4.290,0.00,9.38,world
177.93,2026-08-27 03:54:41,22.16,0.90,-2.86,-177.1,grandpas_village,12.88,clear,4.660,4.290,0.00,9.38,world
178.43,2026-08-27 03:54:42,22.16,0.90,-2.86,-177.1,grandpas_village,12.90,clear,3.890,4.159,0.00,9.38,world
178.95,2026-08-27 03:54:42,22.16,0.90,-2.86,-177.1,grandpas_village,12.92,clear,3.890,4.159,0.00,9.38,world
179.47,2026-08-27 03:54:43,22.16,0.90,-2.86,-177.1,grandpas_village,12.94,clear,4.084,4.221,0.00,9.38,world
179.98,2026-08-27 03:54:43,22.16,0.90,-2.86,-177.1,grandpas_village,12.96,clear,4.084,4.221,0.00,9.38,world
180.50,2026-08-27 03:54:44,22.16,0.90,-2.86,-177.1,grandpas_village,12.98,clear,3.747,5.661,0.00,9.38,world
181.02,2026-08-27 03:54:44,22.16,0.90,-2.86,-177.1,grandpas_village,13.00,clear,3.747,5.661,0.00,9.38,world
181.53,2026-08-27 03:54:45,22.16,0.90,-2.86,-177.1,grandpas_village,13.02,clear,4.001,4.498,0.00,9.38,world
182.03,2026-08-27 03:54:45,22.16,0.90,-2.86,-177.1,grandpas_village,13.04,clear,4.001,4.498,0.00,9.38,world
182.54,2026-08-27 03:54:46,22.16,0.90,-2.86,-177.1,grandpas_village,13.06,clear,3.785,4.116,0.00,9.38,world
183.05,2026-08-27 03:54:46,22.16,0.90,-2.86,-177.1,grandpas_village,13.08,clear,3.785,4.116,0.00,9.38,world
183.55,2026-08-27 03:54:47,22.16,0.90,-2.86,-177.1,grandpas_village,13.10,clear,4.220,3.991,0.00,9.38,world
184.07,2026-08-27 03:54:47,22.16,0.90,-2.86,-177.1,grandpas_village,13.12,clear,4.220,3.991,0.00,9.38,world
184.58,2026-08-27 03:54:48,22.16,0.90,-2.86,-177.1,grandpas_village,13.14,clear,3.884,4.252,0.00,9.38,world
185.10,2026-08-27 03:54:48,22.16,0.90,-2.86,-177.1,grandpas_village,13.16,clear,3.884,4.252,0.00,9.38,world
185.61,2026-08-27 03:54:49,22.16,0.90,-2.86,-177.1,grandpas_village,13.18,clear,3.903,4.063,0.00,9.38,world
186.13,2026-08-27 03:54:49,22.16,0.90,-2.86,-177.1,grandpas_village,13.20,clear,3.903,4.063,0.00,9.38,world
186.64,2026-08-27 03:54:50,22.16,0.90,-2.86,-177.1,grandpas_village,13.22,clear,4.045,5.090,0.00,9.38,world
187.14,2026-08-27 03:54:50,22.16,0.90,-2.86,-177.1,grandpas_village,13.25,clear,4.045,5.090,0.00,9.38,world
187.66,2026-08-27 03:54:51,22.16,0.90,-2.86,-177.1,grandpas_village,13.27,clear,4.353,5.069,0.00,9.38,world
188.18,2026-08-27 03:54:51,22.16,0.90,-2.86,-177.1,grandpas_village,13.29,clear,4.353,5.069,0.00,9.38,world
188.70,2026-08-27 03:54:52,22.16,0.90,-2.86,-177.1,grandpas_village,13.31,clear,4.157,4.316,0.00,9.38,world
189.21,2026-08-27 03:54:52,22.16,0.90,-2.86,-177.1,grandpas_village,13.33,clear,4.157,4.316,0.00,9.38,world
189.73,2026-08-27 03:54:53,22.16,0.90,-2.86,-177.1,grandpas_village,13.35,clear,3.860,5.290,0.00,9.38,world
190.25,2026-08-27 03:54:53,22.16,0.90,-2.86,-177.1,grandpas_village,13.37,clear,3.860,5.290,0.00,9.38,world
190.76,2026-08-27 03:54:54,22.16,0.90,-2.86,-177.1,grandpas_village,13.39,clear,3.828,4.443,0.00,9.38,world
191.26,2026-08-27 03:54:54,22.16,0.90,-2.86,-177.1,grandpas_village,13.41,clear,3.828,4.443,0.00,9.38,world
191.78,2026-08-27 03:54:55,22.16,0.90,-2.86,-177.1,grandpas_village,13.43,clear,4.033,4.995,0.00,9.38,world
192.30,2026-08-27 03:54:55,22.16,0.90,-2.86,-177.1,grandpas_village,13.45,clear,4.033,4.995,0.00,9.38,world
192.82,2026-08-27 03:54:56,22.16,0.90,-2.86,-177.1,grandpas_village,13.47,clear,3.856,4.204,0.00,9.38,world
193.33,2026-08-27 03:54:57,22.16,0.90,-2.86,-177.1,grandpas_village,13.49,clear,3.856,4.204,0.00,9.38,world
193.85,2026-08-27 03:54:57,22.16,0.90,-2.86,-177.1,grandpas_village,13.51,clear,3.703,4.354,0.00,9.38,world
194.36,2026-08-27 03:54:58,22.16,0.90,-2.86,-177.1,grandpas_village,13.53,clear,4.520,4.475,0.00,9.38,world
194.87,2026-08-27 03:54:58,22.16,0.90,-2.86,-177.1,grandpas_village,13.55,clear,4.520,4.475,0.00,9.38,world
195.38,2026-08-27 03:54:59,22.16,0.90,-2.86,-177.1,grandpas_village,13.57,clear,3.866,4.444,0.00,9.38,world
195.89,2026-08-27 03:54:59,22.16,0.90,-2.86,-177.1,grandpas_village,13.60,clear,3.866,4.444,0.00,9.38,world
196.41,2026-08-27 03:55:00,22.16,0.90,-2.86,-177.1,grandpas_village,13.62,clear,5.041,5.875,0.00,9.38,world
196.93,2026-08-27 03:55:00,22.16,0.90,-2.86,-177.1,grandpas_village,13.64,clear,5.041,5.875,0.00,9.38,world
197.45,2026-08-27 03:55:01,22.16,0.90,-2.86,-177.1,grandpas_village,13.66,clear,4.330,4.949,0.00,9.38,world
197.96,2026-08-27 03:55:01,22.16,0.90,-2.86,-177.1,grandpas_village,13.68,clear,4.330,4.949,0.00,9.38,world
198.47,2026-08-27 03:55:02,22.16,0.90,-2.86,-177.1,grandpas_village,13.70,clear,3.973,4.377,0.00,9.38,world
198.98,2026-08-27 03:55:02,22.16,0.90,-2.86,-177.1,grandpas_village,13.72,clear,3.973,4.377,0.00,9.38,world
199.50,2026-08-27 03:55:03,22.16,0.90,-2.86,-177.1,grandpas_village,13.74,clear,4.073,4.807,0.00,9.38,world
200.01,2026-08-27 03:55:03,22.16,0.90,-2.86,-177.1,grandpas_village,13.76,clear,4.073,4.807,0.00,9.38,world
200.53,2026-08-27 03:55:04,22.16,0.90,-2.86,-177.1,grandpas_village,13.78,clear,3.915,4.292,0.00,9.38,world
201.05,2026-08-27 03:55:04,22.16,0.90,-2.86,-177.1,grandpas_village,13.80,clear,3.915,4.292,0.00,9.38,world
201.57,2026-08-27 03:55:05,22.16,0.90,-2.86,-177.1,grandpas_village,13.82,clear,3.983,4.298,0.00,9.38,world
202.08,2026-08-27 03:55:05,22.16,0.90,-2.86,-177.1,grandpas_village,13.84,clear,3.983,4.298,0.00,9.38,world
202.58,2026-08-27 03:55:06,22.16,0.90,-2.86,-177.1,grandpas_village,13.86,clear,4.029,4.503,0.00,9.38,world
203.10,2026-08-27 03:55:06,22.16,0.90,-2.86,-177.1,grandpas_village,13.88,clear,4.029,4.503,0.00,9.38,world
203.61,2026-08-27 03:55:07,22.16,0.90,-2.86,-177.1,grandpas_village,13.90,clear,3.737,4.059,0.00,9.38,world
204.13,2026-08-27 03:55:07,22.16,0.90,-2.86,-177.1,grandpas_village,13.92,clear,3.737,4.059,0.00,9.38,world
204.65,2026-08-27 03:55:08,22.16,0.90,-2.86,-177.1,grandpas_village,13.95,clear,3.795,4.522,0.00,9.38,world
205.17,2026-08-27 03:55:08,22.16,0.90,-2.86,-177.1,grandpas_village,13.97,clear,3.795,4.522,0.00,9.38,world
205.68,2026-08-27 03:55:09,22.16,0.90,-2.86,-177.1,grandpas_village,13.99,clear,3.855,4.480,0.00,9.38,world
206.20,2026-08-27 03:55:09,22.16,0.90,-2.86,-177.1,grandpas_village,14.01,clear,3.855,4.480,0.00,9.38,world
206.70,2026-08-27 03:55:10,22.16,0.90,-2.86,-177.1,grandpas_village,14.03,clear,4.000,4.071,0.00,9.38,world
207.22,2026-08-27 03:55:10,22.16,0.90,-2.86,-177.1,grandpas_village,14.05,clear,4.000,4.071,0.00,9.38,world
207.73,2026-08-27 03:55:11,22.16,0.90,-2.86,-177.1,grandpas_village,14.07,clear,3.822,4.796,0.00,9.38,world
208.24,2026-08-27 03:55:11,22.16,0.90,-2.86,-177.1,grandpas_village,14.09,clear,3.822,4.796,0.00,9.38,world
208.76,2026-08-27 03:55:12,22.16,0.90,-2.86,-177.1,grandpas_village,14.11,clear,3.714,4.232,0.00,9.38,world
209.28,2026-08-27 03:55:12,22.16,0.90,-2.86,-177.1,grandpas_village,14.13,clear,3.714,4.232,0.00,9.38,world
209.79,2026-08-27 03:55:13,22.16,0.90,-2.86,-177.1,grandpas_village,14.15,clear,4.015,4.342,0.00,9.38,world
210.29,2026-08-27 03:55:13,22.16,0.90,-2.86,-177.1,grandpas_village,14.17,clear,4.015,4.342,0.00,9.38,world
210.81,2026-08-27 03:55:14,22.16,0.90,-2.86,-177.1,grandpas_village,14.19,clear,4.003,4.512,0.00,9.38,world
211.33,2026-08-27 03:55:15,22.16,0.90,-2.86,-177.1,grandpas_village,14.21,clear,4.003,4.512,0.00,9.38,world
211.85,2026-08-27 03:55:15,22.16,0.90,-2.86,-177.1,grandpas_village,14.23,clear,3.647,4.220,0.00,9.38,world
212.36,2026-08-27 03:55:16,22.16,0.90,-2.86,-177.1,grandpas_village,14.25,clear,3.932,3.965,0.00,9.38,world
212.88,2026-08-27 03:55:16,22.16,0.90,-2.86,-177.1,grandpas_village,14.27,clear,3.932,3.965,0.00,9.38,world
213.40,2026-08-27 03:55:17,22.16,0.90,-2.86,-177.1,grandpas_village,14.30,clear,3.705,4.197,0.00,9.38,world
213.91,2026-08-27 03:55:17,22.16,0.90,-2.86,-177.1,grandpas_village,14.32,clear,3.705,4.197,0.00,9.38,world
214.41,2026-08-27 03:55:18,22.16,0.90,-2.86,-177.1,grandpas_village,14.34,clear,3.903,4.168,0.00,9.38,world
214.93,2026-08-27 03:55:18,22.16,0.90,-2.86,-177.1,grandpas_village,14.36,clear,3.903,4.168,0.00,9.38,world
215.45,2026-08-27 03:55:19,22.16,0.90,-2.86,-177.1,grandpas_village,14.38,clear,4.030,4.226,0.00,9.38,world
215.97,2026-08-27 03:55:19,22.16,0.90,-2.86,-177.1,grandpas_village,14.40,clear,4.030,4.226,0.00,9.38,world
216.48,2026-08-27 03:55:20,22.16,0.90,-2.86,-177.1,grandpas_village,14.42,clear,3.775,4.258,0.00,9.38,world
217.00,2026-08-27 03:55:20,22.16,0.90,-2.86,-177.1,grandpas_village,14.44,clear,3.775,4.258,0.00,9.38,world
217.51,2026-08-27 03:55:21,22.16,0.90,-2.86,-177.1,grandpas_village,14.46,clear,3.976,4.191,0.00,9.38,world
218.02,2026-08-27 03:55:21,22.16,0.90,-2.86,-177.1,grandpas_village,14.48,clear,3.976,4.191,0.00,9.38,world
218.52,2026-08-27 03:55:22,22.16,0.90,-2.86,-177.1,grandpas_village,14.50,clear,3.846,4.564,0.00,9.38,world
219.03,2026-08-27 03:55:22,22.16,0.90,-2.86,-177.1,grandpas_village,14.52,clear,3.846,4.564,0.00,9.38,world
219.53,2026-08-27 03:55:23,22.16,0.90,-2.86,-177.1,grandpas_village,14.54,clear,3.922,3.984,0.00,9.38,world
220.04,2026-08-27 03:55:23,22.16,0.90,-2.86,-177.1,grandpas_village,14.56,clear,3.922,3.984,0.00,9.38,world
220.56,2026-08-27 03:55:24,22.16,0.90,-2.86,-177.1,grandpas_village,14.58,clear,3.945,4.341,0.00,9.38,world
221.08,2026-08-27 03:55:24,22.16,0.90,-2.86,-177.1,grandpas_village,14.60,clear,3.945,4.341,0.00,9.38,world
221.60,2026-08-27 03:55:25,22.16,0.90,-2.86,-177.1,grandpas_village,14.62,clear,4.065,4.443,0.00,9.38,world
222.11,2026-08-27 03:55:25,22.16,0.90,-2.86,-177.1,grandpas_village,14.64,clear,4.065,4.443,0.00,9.38,world
222.62,2026-08-27 03:55:26,22.16,0.90,-2.86,-177.1,grandpas_village,14.66,clear,3.923,4.201,0.00,9.38,world
223.13,2026-08-27 03:55:26,22.16,0.90,-2.86,-177.1,grandpas_village,14.68,clear,3.923,4.201,0.00,9.38,world
223.65,2026-08-27 03:55:27,22.16,0.90,-2.86,-177.1,grandpas_village,14.71,clear,3.755,4.120,0.00,9.38,world
224.16,2026-08-27 03:55:27,22.16,0.90,-2.86,-177.1,grandpas_village,14.73,clear,3.755,4.120,0.00,9.38,world
224.67,2026-08-27 03:55:28,22.16,0.90,-2.86,-177.1,grandpas_village,14.75,clear,3.748,4.596,0.00,9.38,world
225.19,2026-08-27 03:55:28,22.16,0.90,-2.86,-177.1,grandpas_village,14.77,clear,3.748,4.596,0.00,9.38,world
225.71,2026-08-27 03:55:29,22.16,0.90,-2.86,-177.1,grandpas_village,14.79,clear,5.350,6.168,0.00,9.38,world
226.23,2026-08-27 03:55:29,22.16,0.90,-2.86,-177.1,grandpas_village,14.81,clear,5.350,6.168,0.00,9.38,world
226.74,2026-08-27 03:55:30,22.16,0.90,-2.86,-177.1,grandpas_village,14.83,clear,4.643,4.633,0.00,9.38,world
227.24,2026-08-27 03:55:30,22.16,0.90,-2.86,-177.1,grandpas_village,14.85,clear,4.643,4.633,0.00,9.38,world
227.76,2026-08-27 03:55:31,22.16,0.90,-2.86,-177.1,grandpas_village,14.87,clear,3.953,4.395,0.00,9.38,world
228.28,2026-08-27 03:55:31,22.16,0.90,-2.86,-177.1,grandpas_village,14.89,clear,3.953,4.395,0.00,9.38,world
228.79,2026-08-27 03:55:32,22.16,0.90,-2.86,-177.1,grandpas_village,14.91,clear,4.139,4.513,0.00,9.38,world
229.31,2026-08-27 03:55:32,22.16,0.90,-2.86,-177.1,grandpas_village,14.93,clear,4.139,4.513,0.00,9.38,world
229.83,2026-08-27 03:55:33,22.16,0.90,-2.86,-177.1,grandpas_village,14.95,clear,3.830,4.556,0.00,9.38,world
230.34,2026-08-27 03:55:34,22.16,0.90,-2.86,-177.1,grandpas_village,14.97,clear,3.830,4.556,0.00,9.38,world
230.84,2026-08-27 03:55:34,22.16,0.90,-2.86,-177.1,grandpas_village,14.99,clear,3.816,4.533,0.00,9.38,world
231.36,2026-08-27 03:55:35,22.16,0.90,-2.86,-177.1,grandpas_village,15.01,clear,3.892,4.616,0.00,9.38,world
231.88,2026-08-27 03:55:35,22.16,0.90,-2.86,-177.1,grandpas_village,15.03,clear,3.892,4.616,0.00,9.38,world
232.40,2026-08-27 03:55:36,22.16,0.90,-2.86,-177.1,grandpas_village,15.06,clear,3.981,4.822,0.00,9.38,world
232.91,2026-08-27 03:55:36,22.16,0.90,-2.86,-177.1,grandpas_village,15.08,clear,3.981,4.822,0.00,9.38,world
233.43,2026-08-27 03:55:37,22.16,0.90,-2.86,-177.1,grandpas_village,15.10,clear,3.894,4.660,0.00,9.38,world
233.95,2026-08-27 03:55:37,22.16,0.90,-2.86,-177.1,grandpas_village,15.12,clear,3.894,4.660,0.00,9.38,world
234.46,2026-08-27 03:55:38,22.16,0.90,-2.86,-177.1,grandpas_village,15.14,clear,3.709,4.368,0.00,9.38,world
234.96,2026-08-27 03:55:38,22.16,0.90,-2.86,-177.1,grandpas_village,15.16,clear,3.709,4.368,0.00,9.38,world
235.47,2026-08-27 03:55:39,22.16,0.90,-2.86,-177.1,grandpas_village,15.18,clear,26.563,3.963,0.00,9.38,world
235.97,2026-08-27 03:55:39,22.16,0.90,-2.86,-177.1,grandpas_village,15.20,clear,26.563,3.963,0.00,9.38,world
236.48,2026-08-27 03:55:40,22.16,0.90,-2.86,-177.1,grandpas_village,15.22,clear,3.859,4.426,0.00,9.38,world
236.98,2026-08-27 03:55:40,22.16,0.90,-2.86,-177.1,grandpas_village,15.22,clear,3.859,4.426,0.00,9.38,menu_map
237.50,2026-08-27 03:55:41,21.87,0.90,-1.99,-30.0,grandpas_village,15.23,clear,247.067,6.905,0.00,10.11,world
238.01,2026-08-27 03:55:41,21.98,0.90,-0.44,-19.0,grandpas_village,15.25,clear,247.067,6.905,0.00,11.02,world
238.53,2026-08-27 03:55:42,21.14,0.90,2.01,-19.0,grandpas_village,15.27,clear,4.271,4.296,0.00,10.74,world
239.04,2026-08-27 03:55:42,20.30,0.88,4.45,-19.0,grandpas_village,15.29,clear,4.271,4.296,0.00,8.60,world
239.54,2026-08-27 03:55:43,19.49,0.84,6.83,-19.0,grandpas_village,15.31,clear,4.148,3.954,0.00,6.84,world
240.06,2026-08-27 03:55:43,18.64,0.68,9.32,-19.0,grandpas_village,15.34,clear,4.148,3.954,0.00,5.65,world
240.58,2026-08-27 03:55:44,17.78,0.43,11.84,-19.0,grandpas_village,15.36,clear,4.256,4.040,0.00,5.56,world
241.09,2026-08-27 03:55:44,16.92,0.09,14.37,-19.0,grandpas_village,15.38,clear,4.256,4.040,0.00,6.64,world
241.61,2026-08-27 03:55:45,16.06,-0.23,16.90,-19.0,grandpas_village,15.40,clear,4.166,3.983,0.00,8.47,world
242.13,2026-08-27 03:55:45,15.20,-0.53,19.42,-19.0,grandpas_village,15.42,clear,4.166,3.983,0.00,10.65,world
242.64,2026-08-27 03:55:46,14.34,-0.79,21.94,-19.0,grandpas_village,15.44,clear,4.320,3.977,0.00,13.01,world
243.14,2026-08-27 03:55:46,13.52,-0.90,24.34,-19.0,grandpas_village,15.46,clear,4.320,3.977,0.00,15.35,world
243.66,2026-08-27 03:55:47,12.70,-0.80,26.75,-19.0,grandpas_village,15.48,clear,4.316,3.876,0.00,17.75,world
244.18,2026-08-27 03:55:47,11.87,-0.72,29.16,-19.0,grandpas_village,15.50,clear,4.316,3.876,0.00,20.19,world
244.70,2026-08-27 03:55:48,11.02,-0.87,31.64,-19.0,grandpas_village,15.52,clear,4.273,4.020,0.00,22.73,world
245.21,2026-08-27 03:55:48,10.16,-1.23,34.17,-19.0,grandpas_village,15.54,clear,4.273,4.020,0.00,25.33,world
245.73,2026-08-27 03:55:49,9.30,-1.47,36.68,-19.0,grandpas_village,15.56,clear,3.987,4.312,0.00,27.93,world
246.36,2026-08-27 03:55:50,8.86,-1.53,37.96,-19.0,corridor,15.57,clear,3.987,4.312,0.00,29.26,world
246.86,2026-08-27 03:55:50,7.80,-1.58,41.06,-19.0,corridor,15.60,clear,4.686,367.219,0.00,26.44,world
247.37,2026-08-27 03:55:51,6.96,-1.60,43.51,-19.0,corridor,15.62,clear,4.158,4.161,0.00,23.96,world
247.89,2026-08-27 03:55:51,6.12,-1.56,45.94,-19.0,corridor,15.64,clear,4.158,4.161,0.00,21.14,world
248.41,2026-08-27 03:55:52,5.30,-1.47,48.35,-19.0,corridor,15.66,clear,3.830,4.835,0.00,17.91,world
248.93,2026-08-27 03:55:52,4.48,-1.33,50.72,-19.0,corridor,15.68,clear,3.830,4.835,0.00,14.77,world
249.44,2026-08-27 03:55:53,3.68,-1.09,53.05,-19.0,corridor,15.70,clear,3.697,4.912,0.00,11.77,world
249.94,2026-08-27 03:55:53,2.92,-0.82,55.28,-19.0,corridor,15.72,clear,3.697,4.912,0.00,9.72,world
250.46,2026-08-27 03:55:54,2.12,-0.56,57.59,-19.0,corridor,15.74,clear,3.868,5.047,0.00,7.82,world
250.98,2026-08-27 03:55:54,1.30,-0.41,59.97,-19.0,corridor,15.76,clear,3.868,5.047,0.00,6.29,world
251.49,2026-08-27 03:55:55,0.46,-0.32,62.37,-19.0,corridor,15.78,clear,4.194,5.236,0.00,5.52,world
252.01,2026-08-27 03:55:55,-0.38,-0.32,64.81,-19.0,corridor,15.80,clear,4.194,5.236,0.00,4.92,world
252.53,2026-08-27 03:55:56,-1.24,-0.53,67.31,-19.0,corridor,15.83,clear,3.986,4.986,0.00,3.02,world
253.05,2026-08-27 03:55:56,-2.12,-0.99,69.84,-19.0,corridor,15.85,clear,3.986,4.986,0.00,2.83,world
253.56,2026-08-27 03:55:57,-2.99,-1.47,72.38,-19.0,corridor,15.87,clear,3.724,4.918,0.00,4.62,world
254.06,2026-08-27 03:55:57,-3.83,-1.93,74.83,-19.0,corridor,15.89,clear,3.724,4.918,0.00,6.93,world
254.58,2026-08-27 03:55:58,-4.70,-2.48,77.37,-19.0,corridor,15.91,clear,3.682,5.354,0.00,9.47,world
255.10,2026-08-27 03:55:58,-5.57,-3.17,79.90,-19.0,corridor,15.93,clear,3.682,5.354,0.00,12.06,world
255.61,2026-08-27 03:55:59,-6.45,-3.76,82.43,-19.0,corridor,15.95,clear,4.542,4.580,0.00,14.68,world
256.13,2026-08-27 03:55:59,-7.32,-4.03,84.94,-19.0,corridor,15.97,clear,4.542,4.580,0.00,17.30,world
256.65,2026-08-27 03:56:00,-8.17,-4.09,87.40,-19.0,corridor,15.99,clear,3.757,4.982,0.00,19.88,world
257.16,2026-08-27 03:56:00,-9.02,-4.19,89.87,-19.0,corridor,16.01,clear,3.757,4.982,0.00,20.69,world
257.66,2026-08-27 03:56:01,-9.87,-4.50,92.31,-19.0,corridor,16.03,clear,4.105,4.889,0.00,21.68,world
258.18,2026-08-27 03:56:01,-10.74,-4.83,94.84,-19.0,corridor,16.05,clear,4.105,4.889,0.00,22.97,world
258.70,2026-08-27 03:56:02,-11.60,-5.03,97.34,-19.0,corridor,16.07,clear,3.548,4.639,0.00,24.46,world
259.22,2026-08-27 03:56:02,-12.44,-5.02,99.78,-19.0,corridor,16.09,clear,3.548,4.639,0.00,26.10,world
259.73,2026-08-27 03:56:03,-13.26,-4.85,102.14,-19.0,corridor,16.11,clear,3.772,4.261,0.00,27.60,world
260.25,2026-08-27 03:56:03,-14.08,-4.63,104.49,-18.9,corridor,16.13,clear,3.772,4.261,0.00,26.72,world
260.77,2026-08-27 03:56:04,-14.89,-4.44,106.84,-18.9,corridor,16.15,clear,4.050,4.251,0.00,25.25,world
261.28,2026-08-27 03:56:04,-15.70,-4.22,109.18,-18.9,corridor,16.18,clear,4.050,4.251,0.00,23.97,world
261.78,2026-08-27 03:56:05,-16.48,-3.99,111.44,-18.9,corridor,16.20,clear,3.916,4.311,0.00,22.92,world
262.30,2026-08-27 03:56:05,-17.30,-3.78,113.79,-18.9,corridor,16.22,clear,3.916,4.311,0.00,22.05,world
262.82,2026-08-27 03:56:06,-18.11,-3.56,116.13,-18.9,corridor,16.24,clear,4.095,4.335,0.00,21.43,world
263.33,2026-08-27 03:56:07,-18.94,-3.39,118.51,-18.9,corridor,16.26,clear,4.095,4.335,0.00,21.08,world
263.85,2026-08-27 03:56:07,-19.78,-3.34,120.94,-18.9,corridor,16.28,clear,3.918,4.383,0.00,20.96,world
264.36,2026-08-27 03:56:08,-20.64,-3.50,123.43,-18.9,corridor,16.30,clear,4.162,4.924,0.00,21.23,world
264.87,2026-08-27 03:56:08,-21.51,-3.72,125.94,-18.9,corridor,16.32,clear,4.162,4.924,0.00,22.05,world
265.38,2026-08-27 03:56:09,-22.33,-3.80,128.33,-18.9,corridor,16.34,clear,4.097,4.498,0.00,21.36,world
265.89,2026-08-27 03:56:09,-23.16,-3.76,130.75,-18.9,corridor,16.36,clear,4.097,4.498,0.00,20.83,world
266.41,2026-08-27 03:56:10,-23.99,-3.66,133.15,-18.9,corridor,16.38,clear,4.154,5.832,0.00,20.54,world
266.93,2026-08-27 03:56:10,-24.81,-3.57,135.56,-18.9,corridor,16.40,clear,4.154,5.832,0.00,20.45,world
267.45,2026-08-27 03:56:11,-25.61,-3.40,137.93,-18.9,corridor,16.42,clear,4.915,4.896,0.00,19.54,world
267.96,2026-08-27 03:56:11,-26.40,-3.12,140.24,-18.9,corridor,16.44,clear,4.915,4.896,0.00,18.91,world
268.48,2026-08-27 03:56:12,-27.16,-2.75,142.47,-18.9,corridor,16.46,clear,3.966,4.780,0.00,18.67,world
268.99,2026-08-27 03:56:12,-27.91,-2.32,144.66,-18.9,corridor,16.48,clear,3.966,4.780,0.00,19.16,world
269.50,2026-08-27 03:56:13,-28.65,-1.96,146.82,-18.9,corridor,16.50,clear,4.132,4.480,0.00,19.90,world
270.01,2026-08-27 03:56:13,-29.46,-1.79,149.18,-18.9,corridor,16.52,clear,4.132,4.480,0.00,21.04,world
270.53,2026-08-27 03:56:14,-30.29,-1.77,151.62,-18.9,corridor,16.55,clear,4.199,4.632,0.00,22.75,world
271.05,2026-08-27 03:56:14,-31.13,-1.72,154.04,-18.9,corridor,16.57,clear,4.199,4.632,0.00,24.54,world
271.57,2026-08-27 03:56:15,-31.94,-1.57,156.42,-18.9,corridor,16.59,clear,4.079,4.514,0.00,26.38,world
272.08,2026-08-27 03:56:15,-32.74,-1.33,158.75,-18.9,corridor,16.61,clear,4.079,4.514,0.00,27.99,world
272.59,2026-08-27 03:56:16,-33.54,-1.12,161.09,-18.9,corridor,16.63,clear,4.285,4.485,0.00,26.65,world
273.10,2026-08-27 03:56:16,-34.33,-1.01,163.41,-18.9,corridor,16.65,clear,4.285,4.485,0.00,24.67,world
273.60,2026-08-27 03:56:17,-35.15,-1.12,165.81,-18.9,corridor,16.67,clear,4.372,4.145,0.00,22.70,world
274.11,2026-08-27 03:56:17,-36.01,-1.31,168.31,-18.8,corridor,16.69,clear,4.372,4.145,0.00,20.79,world
274.62,2026-08-27 03:56:18,-36.83,-1.37,170.69,-18.8,corridor,16.71,clear,4.350,4.676,0.00,19.13,world
275.13,2026-08-27 03:56:18,-37.64,-1.25,173.08,-18.8,corridor,16.73,clear,4.350,4.676,0.00,17.66,world
275.64,2026-08-27 03:56:19,-38.46,-1.14,175.48,-18.8,corridor,16.75,clear,4.203,4.561,0.00,16.67,world
276.16,2026-08-27 03:56:19,-39.17,-1.10,177.50,-39.8,corridor,16.77,clear,4.203,4.561,0.00,16.41,world
276.68,2026-08-27 03:56:20,-42.60,-1.08,179.45,-60.7,corridor,16.79,clear,4.031,5.176,0.00,16.49,world
277.20,2026-08-27 03:56:20,-46.40,-0.81,181.58,-60.7,corridor,16.81,clear,4.031,5.176,0.00,15.41,world
277.71,2026-08-27 03:56:21,-50.23,-0.68,183.73,-60.7,corridor,16.83,clear,4.836,5.361,0.00,15.53,world
278.21,2026-08-27 03:56:21,-54.03,-0.99,185.85,-60.7,corridor,16.85,clear,4.836,5.361,0.00,16.81,world
278.73,2026-08-27 03:56:22,-57.93,-1.11,188.04,-60.7,corridor,16.87,clear,4.853,5.313,0.00,19.09,world
279.25,2026-08-27 03:56:22,-61.83,-1.26,190.22,-60.7,corridor,16.89,clear,4.853,5.313,0.00,22.06,world
279.76,2026-08-27 03:56:23,-65.54,-0.76,192.31,-60.7,corridor,16.91,clear,4.190,5.760,0.00,25.30,world
280.28,2026-08-27 03:56:23,-68.98,0.22,194.24,-60.7,corridor,16.94,clear,4.190,5.760,0.00,28.54,world
280.80,2026-08-27 03:56:24,-72.49,1.07,196.21,-60.7,corridor,16.96,clear,4.713,6.509,0.00,28.18,world
281.32,2026-08-27 03:56:24,-76.27,1.40,198.33,-60.7,corridor,16.98,clear,4.713,6.509,0.00,23.95,world
281.83,2026-08-27 03:56:25,-80.12,1.51,200.50,-60.7,corridor,17.00,clear,4.572,5.390,0.00,19.69,world
282.33,2026-08-27 03:56:26,-83.86,1.53,202.61,-60.7,corridor,17.02,clear,4.572,5.390,0.00,15.84,world
282.85,2026-08-27 03:56:26,-87.63,1.90,204.72,-60.7,corridor,17.04,clear,4.428,4.465,0.00,11.51,world
283.37,2026-08-27 03:56:27,-91.31,2.46,206.79,-60.7,corridor,17.06,clear,4.235,4.532,0.00,7.24,world
283.88,2026-08-27 03:56:27,-95.06,2.88,208.90,-60.7,corridor,17.08,clear,4.235,4.532,0.00,3.66,world
284.40,2026-08-27 03:56:28,-98.79,3.35,211.00,-60.7,corridor,17.10,clear,4.514,4.566,0.00,3.36,world
284.91,2026-08-27 03:56:28,-101.11,3.86,212.30,-60.7,corridor,17.12,clear,4.514,4.566,0.00,5.32,world
285.42,2026-08-27 03:56:29,-103.11,4.30,213.42,-60.7,corridor,17.14,clear,6.017,5.022,0.00,7.12,world
285.93,2026-08-27 03:56:29,-105.15,4.58,214.56,-60.7,corridor,17.16,clear,6.017,5.022,0.00,7.31,world
286.44,2026-08-27 03:56:30,-108.26,4.65,216.30,-60.7,corridor,17.18,clear,4.584,4.445,0.00,6.34,world
286.96,2026-08-27 03:56:30,-111.11,4.47,217.91,-60.7,corridor,17.20,clear,4.584,4.445,0.00,7.10,world
287.48,2026-08-27 03:56:31,-110.57,4.40,219.49,-52.1,corridor,17.22,clear,4.438,4.330,0.00,5.85,world
288.00,2026-08-27 03:56:31,-111.16,4.34,219.59,-61.1,corridor,17.24,clear,4.438,4.330,0.00,6.36,world
288.51,2026-08-27 03:56:32,-111.13,4.35,219.52,-151.1,corridor,17.26,clear,4.085,4.885,0.00,6.36,world
289.03,2026-08-27 03:56:32,-111.12,4.36,219.49,-61.1,corridor,17.29,clear,4.085,4.885,0.00,6.36,world
289.54,2026-08-27 03:56:33,-111.12,4.36,219.49,-151.1,corridor,17.31,clear,4.014,4.737,0.00,6.36,world
290.04,2026-08-27 03:56:33,-111.12,4.36,219.49,-151.1,corridor,17.33,clear,4.014,4.737,0.00,6.36,world
290.56,2026-08-27 03:56:34,-111.12,4.36,219.49,-77.6,corridor,17.35,clear,5.473,5.825,0.00,6.36,world
291.08,2026-08-27 03:56:34,-111.12,4.36,219.49,-151.1,corridor,17.37,clear,5.473,5.825,0.00,6.36,world
291.60,2026-08-27 03:56:35,-111.12,4.36,219.49,-151.1,corridor,17.39,clear,4.694,5.032,0.00,6.36,world
292.11,2026-08-27 03:56:35,-111.12,4.36,219.49,-151.1,corridor,17.41,clear,4.694,5.032,0.00,6.36,world
292.63,2026-08-27 03:56:36,-111.12,4.36,219.49,-61.1,corridor,17.43,clear,3.871,5.082,0.00,6.36,world
293.14,2026-08-27 03:56:36,-111.09,4.35,219.55,28.9,corridor,17.45,clear,3.871,5.082,0.00,6.31,world
293.65,2026-08-27 03:56:37,-111.09,4.35,219.55,28.9,corridor,17.47,clear,3.794,5.337,0.00,6.31,world
294.16,2026-08-27 03:56:37,-111.09,4.35,219.55,1.9,corridor,17.49,clear,3.794,5.337,0.00,6.31,world
294.68,2026-08-27 03:56:38,-111.09,4.35,219.55,28.9,corridor,17.51,clear,3.946,5.290,0.00,6.31,world
295.20,2026-08-27 03:56:38,-111.09,4.35,219.55,28.9,corridor,17.53,clear,3.946,5.290,0.00,6.31,world
295.72,2026-08-27 03:56:39,-111.09,4.35,219.55,-29.6,corridor,17.55,clear,3.797,4.832,0.00,6.31,world
296.23,2026-08-27 03:56:39,-111.09,4.35,219.55,28.9,corridor,17.57,clear,3.797,4.832,0.00,6.31,world
296.75,2026-08-27 03:56:40,-111.09,4.35,219.55,28.9,corridor,17.59,clear,3.866,4.461,0.00,6.31,world
297.26,2026-08-27 03:56:40,-111.09,4.35,219.55,28.9,corridor,17.61,clear,3.866,4.461,0.00,6.31,world
297.77,2026-08-27 03:56:41,-111.12,4.36,219.50,-113.7,corridor,17.63,clear,4.306,4.539,0.00,6.36,world
298.28,2026-08-27 03:56:41,-111.11,4.36,219.47,-151.1,corridor,17.66,clear,4.306,4.539,0.00,6.36,world
298.79,2026-08-27 03:56:42,-111.12,4.36,219.49,-61.1,corridor,17.68,clear,3.922,4.657,0.00,6.36,world
299.31,2026-08-27 03:56:42,-111.11,4.36,219.47,-151.1,corridor,17.70,clear,3.922,4.657,0.00,6.36,world
299.83,2026-08-27 03:56:43,-111.11,4.36,219.47,-151.1,corridor,17.72,clear,4.077,4.575,0.00,6.36,world
300.35,2026-08-27 03:56:44,-111.13,4.35,219.52,-61.1,corridor,17.74,clear,4.215,4.678,0.00,6.36,world
300.86,2026-08-27 03:56:44,-111.12,4.36,219.48,-151.1,corridor,17.76,clear,4.215,4.678,0.00,6.36,world
301.36,2026-08-27 03:56:45,-111.12,4.36,219.48,-151.1,corridor,17.78,clear,3.945,4.846,0.00,6.36,world
301.88,2026-08-27 03:56:45,-111.12,4.36,219.48,-151.1,corridor,17.80,clear,3.945,4.846,0.00,6.36,world
302.40,2026-08-27 03:56:46,-111.12,4.36,219.48,-61.1,corridor,17.82,clear,4.253,4.879,0.00,6.36,world
302.91,2026-08-27 03:56:46,-111.08,4.35,219.55,28.9,corridor,17.84,clear,4.253,4.879,0.00,6.31,world
303.43,2026-08-27 03:56:47,-111.08,4.35,219.55,-61.1,corridor,17.86,clear,4.006,4.877,0.00,6.31,world
303.95,2026-08-27 03:56:47,-111.08,4.35,219.55,28.9,corridor,17.88,clear,4.006,4.877,0.00,6.31,world
304.47,2026-08-27 03:56:48,-111.08,4.35,219.55,28.9,corridor,17.90,clear,4.087,5.520,0.00,6.31,world
304.98,2026-08-27 03:56:48,-111.08,4.35,219.55,-55.2,corridor,17.92,clear,4.087,5.520,0.00,6.31,world
305.48,2026-08-27 03:56:49,-111.08,4.35,219.55,28.9,corridor,17.94,clear,3.840,4.816,0.00,6.31,world
306.00,2026-08-27 03:56:49,-111.08,4.35,219.55,28.9,corridor,17.96,clear,3.840,4.816,0.00,6.31,world
306.51,2026-08-27 03:56:50,-111.08,4.35,219.55,28.9,corridor,17.98,clear,3.994,5.789,0.00,6.31,world
307.03,2026-08-27 03:56:50,-111.08,4.35,219.55,-61.1,corridor,18.01,clear,3.994,5.789,0.00,6.31,world
307.55,2026-08-27 03:56:51,-111.12,4.36,219.49,-151.1,corridor,18.03,clear,4.596,5.451,0.00,6.36,world
308.07,2026-08-27 03:56:51,-111.12,4.36,219.49,-140.6,corridor,18.05,clear,4.596,5.451,0.00,6.36,world
308.58,2026-08-27 03:56:52,-111.11,4.36,219.47,-134.7,corridor,18.07,clear,4.203,5.289,0.00,6.36,world
309.08,2026-08-27 03:56:52,-111.10,4.36,219.45,-151.1,corridor,18.09,clear,4.203,5.289,0.00,6.36,world
309.59,2026-08-27 03:56:53,-111.10,4.36,219.45,-151.1,corridor,18.11,clear,4.109,4.695,0.00,6.36,world
310.10,2026-08-27 03:56:53,-111.10,4.36,219.45,-82.1,corridor,18.13,clear,4.109,4.695,0.00,6.36,world
310.61,2026-08-27 03:56:54,-111.10,4.36,219.45,-151.1,corridor,18.15,clear,4.086,4.969,0.00,6.36,world
311.12,2026-08-27 03:56:54,-111.10,4.36,219.45,-151.1,corridor,18.17,clear,4.086,4.969,0.00,6.36,world
311.63,2026-08-27 03:56:55,-111.10,4.36,219.45,-151.1,corridor,18.19,clear,4.169,4.792,0.00,6.36,world
312.15,2026-08-27 03:56:55,-111.06,4.36,219.53,-19.1,corridor,18.21,clear,4.169,4.792,0.00,6.29,world
312.66,2026-08-27 03:56:56,-111.06,4.36,219.53,28.9,corridor,18.23,clear,4.052,4.985,0.00,6.29,world
313.18,2026-08-27 03:56:56,-111.06,4.36,219.53,-61.1,corridor,18.25,clear,4.052,4.985,0.00,6.29,world
313.69,2026-08-27 03:56:57,-111.06,4.36,219.53,28.9,corridor,18.27,clear,4.002,4.971,0.00,6.29,world
314.19,2026-08-27 03:56:57,-111.06,4.36,219.53,28.9,corridor,18.29,clear,4.002,4.971,0.00,6.29,world
314.71,2026-08-27 03:56:58,-111.06,4.36,219.53,-61.1,corridor,18.31,clear,3.803,5.170,0.00,6.29,world
315.23,2026-08-27 03:56:58,-111.06,4.36,219.53,28.9,corridor,18.33,clear,3.803,5.170,0.00,6.29,world
315.75,2026-08-27 03:56:59,-111.06,4.36,219.53,28.9,corridor,18.35,clear,4.385,5.260,0.00,6.29,world
316.26,2026-08-27 03:56:59,-111.06,4.36,219.53,28.9,corridor,18.37,clear,4.385,5.260,0.00,6.29,world
316.78,2026-08-27 03:57:00,-111.06,4.36,219.53,-61.1,corridor,18.40,clear,4.022,4.946,0.00,6.29,world
317.30,2026-08-27 03:57:00,-111.46,4.49,217.22,-151.1,corridor,18.42,clear,4.022,4.946,0.00,7.78,world
317.81,2026-08-27 03:57:01,-113.78,4.43,213.94,-59.4,corridor,18.44,clear,4.092,4.592,0.00,10.47,world
318.31,2026-08-27 03:57:01,-115.11,4.33,213.99,-136.3,corridor,18.46,clear,4.092,4.592,0.00,11.80,world
318.83,2026-08-27 03:57:02,-118.47,3.80,213.10,-58.4,corridor,18.48,clear,4.477,4.766,0.00,15.09,world
319.35,2026-08-27 03:57:03,-122.31,3.27,215.46,-58.4,corridor,18.50,clear,4.145,4.624,0.00,19.12,world
319.87,2026-08-27 03:57:03,-126.14,2.79,217.81,-58.4,corridor,18.52,clear,4.145,4.624,0.00,23.40,world
320.38,2026-08-27 03:57:04,-129.94,2.70,220.15,-58.4,corridor,18.54,clear,4.255,4.932,0.00,28.15,world
320.90,2026-08-27 03:57:04,-133.75,2.51,222.49,-58.4,corridor,18.56,clear,4.255,4.932,2.46,32.12,world
321.41,2026-08-27 03:57:05,-137.57,2.30,224.84,-58.4,corridor,18.58,clear,4.413,4.768,6.94,36.11,world
321.92,2026-08-27 03:57:05,-141.21,2.41,227.08,-58.4,corridor,18.60,clear,4.413,4.768,11.21,40.01,world
322.43,2026-08-27 03:57:06,-145.00,2.34,229.42,-58.4,corridor,18.62,clear,4.326,4.588,15.67,44.15,world
322.95,2026-08-27 03:57:06,-148.71,2.59,231.72,-58.4,corridor,18.64,clear,4.326,4.588,20.04,46.35,world
323.46,2026-08-27 03:57:07,-152.35,3.06,233.97,-58.4,corridor,18.66,clear,4.470,3.762,24.31,42.53,world
323.98,2026-08-27 03:57:07,-156.14,3.01,236.31,-58.4,corridor,18.68,clear,4.470,3.762,28.77,38.65,world
324.50,2026-08-27 03:57:08,-159.95,2.86,238.66,-58.4,corridor,18.70,clear,4.489,3.690,33.24,34.90,world
325.01,2026-08-27 03:57:08,-163.75,2.73,240.99,-58.4,corridor,18.72,clear,4.489,3.690,37.70,31.34,world
325.52,2026-08-27 03:57:09,-165.01,2.75,241.76,-58.4,corridor,18.75,clear,4.277,3.899,39.18,30.23,world
326.03,2026-08-27 03:57:09,-165.80,2.74,239.63,-148.4,corridor,18.77,clear,4.277,3.899,41.46,32.07,world
326.55,2026-08-27 03:57:10,-167.13,2.85,237.47,-148.4,corridor,18.79,clear,4.213,4.233,44.00,33.87,world
327.06,2026-08-27 03:57:10,-168.75,2.91,236.62,-55.8,corridor,18.81,clear,4.213,4.233,46.38,34.42,world
327.58,2026-08-27 03:57:11,-170.84,3.06,238.04,-55.8,corridor,18.83,clear,4.259,4.218,48.91,32.76,world
328.10,2026-08-27 03:57:11,-174.38,3.31,240.46,-55.8,corridor,18.85,clear,4.259,4.218,53.20,30.21,world
328.62,2026-08-27 03:57:12,-177.54,3.55,242.61,-55.8,corridor,18.87,clear,4.278,3.722,0.00,28.30,world
329.13,2026-08-27 03:57:12,-179.50,3.92,243.94,-55.8,corridor,18.89,clear,4.278,3.722,0.00,27.31,world
329.63,2026-08-27 03:57:13,-181.33,4.35,245.18,-55.8,corridor,18.91,clear,4.210,3.885,0.00,26.55,world
330.15,2026-08-27 03:57:13,-183.41,4.63,246.59,-55.8,corridor,18.93,clear,4.210,3.885,0.00,25.90,world
330.66,2026-08-27 03:57:14,-187.08,4.51,249.08,-55.8,corridor,18.95,clear,4.599,4.471,0.00,25.31,world
331.18,2026-08-27 03:57:14,-190.26,4.32,251.23,-55.8,corridor,18.97,clear,4.599,4.471,0.00,25.43,world
331.70,2026-08-27 03:57:15,-192.44,4.22,252.70,-55.8,corridor,18.99,clear,4.446,4.459,0.00,25.84,world
332.22,2026-08-27 03:57:15,-194.62,4.10,254.17,-55.8,corridor,19.01,clear,4.446,4.459,0.00,26.52,world
332.73,2026-08-27 03:57:16,-197.01,3.92,255.77,-55.7,corridor,19.03,clear,4.750,4.514,0.00,27.52,world
333.25,2026-08-27 03:57:16,-200.73,3.53,258.30,-55.7,corridor,19.05,clear,4.750,4.514,0.00,29.58,world
333.76,2026-08-27 03:57:17,-203.77,3.27,260.35,-55.7,corridor,19.07,clear,5.811,6.861,2.94,32.22,world
334.26,2026-08-27 03:57:17,-205.85,3.23,261.76,-55.7,corridor,19.09,clear,5.811,6.861,5.46,34.41,world
334.78,2026-08-27 03:57:18,-208.02,3.15,263.23,-55.7,corridor,19.12,clear,4.215,4.739,8.07,36.38,world
335.29,2026-08-27 03:57:18,-210.48,2.99,264.91,-55.7,corridor,19.14,clear,4.215,4.739,11.05,38.44,world
335.81,2026-08-27 03:57:19,-214.16,2.95,267.42,-55.7,corridor,19.16,clear,4.429,3.904,15.50,41.71,world
336.33,2026-08-27 03:57:20,-216.90,3.33,269.28,-55.7,corridor,19.18,clear,4.429,3.904,18.82,44.28,world
336.84,2026-08-27 03:57:20,-218.82,3.75,270.59,-55.7,corridor,19.20,clear,4.232,4.394,21.14,46.13,world
337.34,2026-08-27 03:57:21,-220.65,4.19,271.83,-55.7,corridor,19.22,clear,4.745,4.435,23.35,47.94,world
337.86,2026-08-27 03:57:21,-222.92,4.73,273.38,-55.7,corridor,19.24,clear,4.745,4.435,26.09,50.23,world
338.38,2026-08-27 03:57:22,-226.33,5.45,275.70,-55.7,corridor,19.26,clear,4.632,4.227,30.23,53.76,world
338.90,2026-08-27 03:57:22,-229.04,5.70,277.55,-55.7,corridor,19.28,clear,4.632,4.227,33.50,52.05,world
339.41,2026-08-27 03:57:23,-231.16,5.73,278.99,-55.7,corridor,19.30,clear,4.531,4.017,36.07,49.52,world
339.93,2026-08-27 03:57:23,-233.32,5.63,280.46,-55.7,corridor,19.32,clear,4.531,4.017,38.68,46.95,world
340.45,2026-08-27 03:57:24,-236.05,5.35,282.32,-55.7,corridor,19.34,clear,4.452,3.858,41.98,43.72,world
340.96,2026-08-27 03:57:24,-239.75,5.07,284.85,-55.7,corridor,19.36,clear,4.452,3.858,46.47,39.35,world
341.46,2026-08-27 03:57:25,-242.34,5.00,286.61,-55.7,corridor,19.38,clear,4.363,4.114,49.60,36.32,world
341.98,2026-08-27 03:57:25,-244.51,4.84,288.09,-55.7,corridor,19.40,clear,4.363,4.114,52.23,33.77,world
342.50,2026-08-27 03:57:26,-246.71,4.59,289.59,-55.7,corridor,19.42,clear,4.954,3.846,54.88,31.22,world
343.02,2026-08-27 03:57:26,-249.54,4.25,291.51,-55.7,corridor,19.44,clear,4.954,3.846,0.00,27.96,world
343.53,2026-08-27 03:57:27,-253.26,3.55,294.04,-55.7,corridor,19.47,clear,4.397,4.469,0.00,23.76,world
344.05,2026-08-27 03:57:27,-255.85,2.81,295.80,-55.7,corridor,19.49,clear,4.397,4.469,0.00,20.90,world
344.56,2026-08-27 03:57:28,-258.07,2.15,297.31,-55.7,corridor,19.51,clear,4.240,4.465,0.00,18.53,world
345.07,2026-08-27 03:57:28,-260.21,1.51,298.76,-55.6,corridor,19.53,clear,4.240,4.465,0.00,16.32,world
345.58,2026-08-27 03:57:29,-263.14,0.75,300.75,-55.6,corridor,19.55,clear,4.737,4.695,0.00,13.54,world
346.09,2026-08-27 03:57:29,-266.85,0.23,303.29,-55.6,corridor,19.57,clear,4.737,4.695,0.00,10.66,world
346.61,2026-08-27 03:57:30,-269.32,0.07,304.97,-55.6,corridor,19.59,clear,4.408,5.341,0.00,8.89,world
347.13,2026-08-27 03:57:30,-271.45,0.04,306.43,-55.6,corridor,19.61,clear,4.408,5.341,0.00,8.54,world
347.65,2026-08-27 03:57:31,-273.57,0.08,307.88,-55.6,corridor,19.63,clear,4.252,5.364,0.00,8.94,world
348.16,2026-08-27 03:57:31,-276.55,0.23,309.92,-55.6,corridor,19.65,clear,4.252,5.364,0.00,5.85,world
348.69,2026-08-27 03:57:32,-280.32,0.19,312.50,-66.2,corridor,19.67,clear,4.719,4.842,0.00,2.21,world
349.21,2026-08-27 03:57:32,-282.85,0.17,311.87,-114.0,corridor,19.69,clear,4.719,4.842,0.00,0.81,world
349.73,2026-08-27 03:57:33,-285.15,0.20,310.85,-114.0,corridor,19.71,clear,4.750,4.808,0.00,2.51,world
350.25,2026-08-27 03:57:33,-285.85,-0.09,312.79,-16.1,corridor,19.73,clear,4.750,4.808,0.00,3.80,world
350.76,2026-08-27 03:57:34,-286.94,-0.49,316.54,-16.1,corridor,19.75,clear,4.157,5.287,0.00,7.00,world
351.27,2026-08-27 03:57:34,-288.18,-1.14,320.82,-16.1,corridor,19.78,clear,4.157,5.287,0.00,9.39,world
351.78,2026-08-27 03:57:35,-288.92,-1.61,323.35,-16.1,corridor,19.80,clear,4.733,5.646,0.00,7.13,world
352.30,2026-08-27 03:57:35,-289.66,-1.84,325.89,-16.1,corridor,19.82,clear,4.733,5.646,0.00,5.12,world
352.81,2026-08-27 03:57:36,-290.38,-1.74,328.34,-16.1,corridor,19.84,clear,4.780,4.560,0.00,3.98,world
353.33,2026-08-27 03:57:37,-291.43,-1.20,331.93,-16.1,corridor,19.86,clear,4.780,4.560,0.00,4.91,world
353.85,2026-08-27 03:57:37,-292.55,-0.44,335.78,-16.1,corridor,19.88,clear,4.673,4.702,0.00,8.00,world
354.37,2026-08-27 03:57:38,-293.24,-0.14,338.12,-16.1,corridor,19.90,clear,5.213,5.128,0.00,10.20,world
354.88,2026-08-27 03:57:38,-293.96,0.01,340.55,-16.1,corridor,19.92,clear,5.213,5.128,0.00,12.52,world
355.39,2026-08-27 03:57:39,-294.69,0.10,343.01,-16.1,corridor,19.94,clear,4.327,5.635,0.00,14.88,world
355.90,2026-08-27 03:57:39,-295.80,0.26,346.81,-16.1,corridor,19.96,clear,4.327,5.635,0.00,18.61,world
356.41,2026-08-27 03:57:40,-296.98,0.29,350.85,-16.1,corridor,19.98,clear,4.868,5.549,0.00,22.60,world
356.93,2026-08-27 03:57:40,-297.73,0.04,353.40,-16.1,corridor,20.00,clear,4.868,5.549,0.00,25.19,world
357.44,2026-08-27 03:57:41,-298.48,-0.36,355.97,-16.1,corridor,20.02,clear,5.989,5.576,0.00,27.81,world
357.96,2026-08-27 03:57:41,-299.23,-0.61,358.53,-16.1,corridor,20.04,clear,5.989,5.576,0.00,27.18,world
358.48,2026-08-27 03:57:42,-300.42,-0.56,362.61,-16.1,corridor,20.06,clear,5.200,4.638,0.00,23.18,world
358.99,2026-08-27 03:57:42,-301.53,-0.23,366.38,-16.1,corridor,20.08,clear,5.200,4.638,0.00,19.57,world
359.49,2026-08-27 03:57:43,-302.22,-0.07,368.73,-16.1,corridor,20.10,clear,5.219,4.724,0.00,17.39,world
360.01,2026-08-27 03:57:43,-302.94,-0.04,371.20,-16.0,corridor,20.12,clear,5.219,4.724,0.00,15.19,world
360.52,2026-08-27 03:57:44,-303.68,-0.07,373.71,-16.0,corridor,20.15,clear,6.380,5.772,0.00,12.64,world
361.04,2026-08-27 03:57:44,-304.88,0.16,377.85,-16.0,corridor,20.17,clear,6.380,5.772,0.00,9.08,world
361.56,2026-08-27 03:57:45,-305.96,0.39,381.54,-16.0,corridor,20.19,clear,6.435,5.413,0.00,7.05,world
362.07,2026-08-27 03:57:45,-306.66,0.60,383.94,-16.0,corridor,20.21,clear,6.435,5.413,0.00,5.30,world
362.59,2026-08-27 03:57:46,-307.34,0.91,386.26,-16.0,corridor,20.23,clear,5.421,5.232,0.00,4.37,world
363.10,2026-08-27 03:57:46,-308.05,1.22,388.71,-16.0,corridor,20.25,clear,5.421,5.232,0.00,4.72,world
363.61,2026-08-27 03:57:47,-309.24,1.38,392.80,-16.0,corridor,20.27,clear,5.829,5.480,0.00,7.53,world
364.12,2026-08-27 03:57:47,-310.31,1.14,396.49,-16.0,corridor,20.29,clear,5.829,5.480,0.00,10.43,world
364.64,2026-08-27 03:57:48,-311.06,0.89,399.05,-16.0,corridor,20.31,clear,5.910,5.119,0.00,12.73,world
365.16,2026-08-27 03:57:48,-311.81,0.55,401.61,-16.0,corridor,20.33,clear,5.910,5.119,0.00,15.16,world
365.68,2026-08-27 03:57:49,-312.62,0.19,404.40,-16.0,corridor,20.35,clear,7.565,5.700,0.00,17.88,world
366.19,2026-08-27 03:57:49,-313.86,0.14,408.68,-16.0,corridor,20.37,clear,7.565,5.700,0.00,22.14,world
366.70,2026-08-27 03:57:50,-314.85,0.42,412.07,-16.0,corridor,20.39,clear,6.994,4.841,0.00,25.53,world
367.21,2026-08-27 03:57:50,-315.55,0.52,414.44,-16.0,corridor,20.41,clear,6.994,4.841,0.00,27.82,world
367.71,2026-08-27 03:57:51,-316.26,0.38,416.89,-15.9,corridor,20.43,clear,8.130,5.663,0.26,30.21,world
368.22,2026-08-27 03:57:51,-317.09,-0.18,419.73,-15.9,corridor,20.45,clear,8.130,5.663,3.22,33.02,world
368.73,2026-08-27 03:57:52,-318.27,-1.42,423.87,-15.9,corridor,20.47,clear,7.028,5.582,7.52,37.20,world
369.24,2026-08-27 03:57:52,-319.27,-2.50,427.37,-15.9,corridor,20.49,clear,7.028,5.582,11.17,40.83,world
369.76,2026-08-27 03:57:53,-320.02,-3.10,429.94,-15.9,corridor,20.51,clear,7.737,5.564,13.85,39.80,world
370.28,2026-08-27 03:57:53,-320.77,-3.58,432.52,-15.9,corridor,20.54,clear,7.737,5.564,16.53,37.32,world
370.80,2026-08-27 03:57:54,-321.62,-4.26,435.48,-15.9,corridor,20.56,clear,6.772,5.141,19.61,34.51,world
371.31,2026-08-27 03:57:54,-322.84,-5.54,439.75,-15.9,corridor,20.58,clear,6.772,5.141,24.05,30.56,world
371.82,2026-08-27 03:57:55,-323.80,-6.41,443.10,-15.9,corridor,20.60,clear,6.573,4.374,0.00,27.57,world
372.33,2026-08-27 03:57:56,-324.52,-6.80,445.58,-15.9,corridor,20.62,clear,6.573,4.374,0.00,25.42,world
372.84,2026-08-27 03:57:56,-325.27,-7.01,448.14,-15.9,corridor,20.64,clear,6.556,5.268,0.00,23.31,world
373.36,2026-08-27 03:57:57,-326.15,-7.24,451.19,-15.9,corridor,20.66,clear,6.816,4.869,0.00,20.94,world
374.08,2026-08-27 03:57:57,-326.99,-7.51,454.13,-15.8,the_pond,20.67,clear,6.816,4.869,0.00,18.91,world
374.59,2026-08-27 03:57:58,-328.28,-8.02,458.61,-15.8,the_pond,20.70,clear,8.318,377.216,0.00,16.41,world
375.11,2026-08-27 03:57:58,-329.03,-8.40,461.18,-15.8,the_pond,20.72,clear,8.318,377.216,0.00,16.04,world
375.62,2026-08-27 03:57:59,-329.77,-8.84,463.76,-15.8,the_pond,20.74,clear,6.881,6.211,0.00,15.93,world
376.13,2026-08-27 03:57:59,-330.62,-9.48,466.75,-15.8,the_pond,20.76,clear,6.881,6.211,0.00,15.71,world
376.64,2026-08-27 03:58:00,-331.83,-10.69,471.02,-15.8,the_pond,20.78,clear,6.339,6.463,0.00,16.44,world
377.16,2026-08-27 03:58:00,-332.75,-11.73,474.24,-15.8,the_pond,20.80,clear,6.339,6.463,0.00,17.73,world
377.68,2026-08-27 03:58:01,-333.47,-12.53,476.79,-15.8,the_pond,20.82,clear,6.802,5.506,0.00,19.10,world
378.20,2026-08-27 03:58:01,-334.19,-13.16,479.37,-15.8,the_pond,20.84,clear,6.802,5.506,0.00,20.75,world
378.71,2026-08-27 03:58:02,-335.11,-13.72,482.62,-15.8,the_pond,20.86,clear,6.275,7.199,0.00,23.10,world
379.23,2026-08-27 03:58:02,-336.33,-14.28,486.95,-15.8,the_pond,20.88,clear,6.275,7.199,0.00,26.94,world
379.74,2026-08-27 03:58:03,-337.20,-14.61,490.03,-15.8,the_pond,20.90,clear,6.868,6.452,0.00,29.97,world
380.24,2026-08-27 03:58:03,-337.89,-14.73,492.48,-15.8,the_pond,20.92,clear,6.868,6.452,1.86,30.11,world
380.76,2026-08-27 03:58:04,-338.47,-14.69,495.17,-16.6,the_pond,20.95,clear,6.015,6.380,4.64,31.07,world
381.28,2026-08-27 03:58:04,-339.44,-14.59,498.41,-16.6,the_pond,20.97,clear,6.015,6.380,8.03,32.30,world
381.80,2026-08-27 03:58:05,-340.43,-15.06,502.48,-19.1,the_pond,20.99,clear,6.938,6.388,12.29,31.30,world
382.31,2026-08-27 03:58:05,-340.42,-15.27,504.37,53.2,the_pond,21.00,clear,6.938,6.388,0.00,29.53,world
382.83,2026-08-27 03:58:06,-338.90,-15.09,506.24,53.2,the_pond,21.02,clear,8.719,334.167,0.00,28.46,world
383.34,2026-08-27 03:58:07,-336.94,-14.89,507.74,53.2,the_pond,21.04,clear,8.719,334.167,0.00,28.40,world
383.84,2026-08-27 03:58:07,-335.03,-15.03,509.41,53.3,the_pond,21.06,clear,8.793,5.221,0.00,28.51,world
384.34,2026-08-27 03:58:08,-332.30,-15.48,511.87,53.3,the_pond,21.08,clear,7.907,5.438,0.00,29.02,world
384.85,2026-08-27 03:58:08,-330.12,-15.43,512.63,53.2,the_pond,21.10,clear,7.907,5.438,1.63,30.73,world
385.36,2026-08-27 03:58:09,-328.15,-15.33,514.11,53.2,the_pond,21.12,clear,8.536,5.198,4.09,32.04,world
385.87,2026-08-27 03:58:09,-326.52,-15.20,515.19,53.2,the_pond,21.14,clear,8.536,5.198,6.11,33.08,world
386.39,2026-08-27 03:58:10,-326.52,-15.20,515.19,-30.8,the_pond,21.16,clear,8.253,5.185,6.11,33.08,world
386.91,2026-08-27 03:58:10,-329.18,-15.67,516.34,-36.8,the_pond,21.18,clear,8.253,5.185,9.06,30.20,world
387.43,2026-08-27 03:58:11,-329.80,-15.98,518.57,53.6,the_pond,21.20,clear,6.702,5.081,0.00,28.59,world
387.94,2026-08-27 03:58:11,-331.04,-16.38,520.62,-36.4,the_pond,21.23,clear,6.702,5.081,0.00,26.59,world
388.46,2026-08-27 03:58:12,-332.62,-16.79,522.83,-36.4,the_pond,21.25,clear,7.609,4.685,0.00,24.28,world
388.96,2026-08-27 03:58:12,-333.10,-16.97,524.03,54.2,the_pond,21.27,clear,7.609,4.685,0.00,23.23,world
389.48,2026-08-27 03:58:13,-333.10,-16.97,524.03,-35.8,the_pond,21.29,clear,7.498,5.183,0.00,22.68,world
389.99,2026-08-27 03:58:13,-333.10,-16.97,524.03,-35.8,the_pond,21.31,clear,7.498,5.183,0.00,22.16,world
390.51,2026-08-27 03:58:14,-333.10,-16.97,524.03,-35.8,the_pond,21.33,clear,6.403,4.980,0.00,21.67,world
391.03,2026-08-27 03:58:14,-333.10,-16.97,524.03,54.2,the_pond,21.35,clear,6.403,4.980,0.00,21.19,world
391.55,2026-08-27 03:58:15,-332.40,-16.71,522.43,144.2,the_pond,21.37,clear,5.487,6.036,0.00,22.07,world
392.06,2026-08-27 03:58:15,-330.09,-16.06,519.00,91.7,the_pond,21.39,clear,5.487,6.036,0.00,25.42,world
392.57,2026-08-27 03:58:16,-329.99,-16.03,518.85,143.7,the_pond,21.41,clear,7.541,5.105,0.00,25.23,world
393.08,2026-08-27 03:58:16,-329.99,-16.03,518.85,143.7,the_pond,21.43,clear,7.541,5.105,0.00,24.89,world
393.60,2026-08-27 03:58:17,-329.99,-16.03,518.85,133.2,the_pond,21.45,clear,6.306,5.512,0.00,24.86,world
394.11,2026-08-27 03:58:17,-330.98,-16.50,521.34,37.3,the_pond,21.47,clear,6.306,5.512,0.00,22.66,world
394.63,2026-08-27 03:58:18,-328.74,-16.88,523.58,53.9,the_pond,21.49,clear,6.765,5.382,0.00,23.59,world
395.14,2026-08-27 03:58:18,-328.82,-16.86,523.46,143.9,the_pond,21.51,clear,6.765,5.382,0.00,23.57,world
395.66,2026-08-27 03:58:19,-327.86,-16.29,520.89,143.9,the_pond,21.53,clear,9.896,5.181,0.00,25.58,world
396.17,2026-08-27 03:58:19,-325.23,-15.47,518.21,143.9,the_pond,21.55,clear,9.896,5.181,0.00,29.20,world
396.67,2026-08-27 03:58:20,-324.77,-15.31,517.73,59.9,the_pond,21.57,clear,7.981,5.148,0.00,29.84,world
397.19,2026-08-27 03:58:20,-324.72,-15.95,520.81,53.5,the_pond,21.60,clear,7.981,5.148,0.00,28.41,world
397.71,2026-08-27 03:58:21,-322.67,-15.88,522.35,53.5,the_pond,21.62,clear,6.824,4.745,0.00,29.67,world
398.23,2026-08-27 03:58:21,-320.65,-15.71,523.85,53.5,the_pond,21.64,clear,6.824,4.745,1.95,31.07,world
398.74,2026-08-27 03:58:22,-319.37,-15.69,525.61,53.6,the_pond,21.66,clear,9.039,4.850,4.25,31.83,world
399.26,2026-08-27 03:58:22,-316.41,-15.19,527.83,53.6,the_pond,21.68,clear,9.039,4.850,7.96,34.30,world
399.78,2026-08-27 03:58:23,-317.27,-15.42,529.89,-2.1,the_pond,21.70,clear,8.879,5.013,10.19,33.17,world
400.29,2026-08-27 03:58:23,-315.57,-14.81,531.43,53.8,the_pond,21.72,clear,8.879,5.013,12.63,34.75,world
400.79,2026-08-27 03:58:24,-315.27,-14.70,531.65,53.8,the_pond,21.74,clear,8.384,5.247,13.00,35.04,world
401.31,2026-08-27 03:58:24,-316.44,-14.88,533.27,-36.2,the_pond,21.76,clear,8.384,5.247,15.02,33.84,world
401.83,2026-08-27 03:58:25,-315.54,-14.56,533.93,54.0,the_pond,21.78,clear,7.860,4.712,16.13,34.75,world
402.35,2026-08-27 03:58:26,-313.22,-13.88,536.44,54.1,the_pond,21.80,clear,7.523,5.063,19.74,37.21,world
402.86,2026-08-27 03:58:26,-310.29,-13.13,538.58,54.1,the_pond,21.82,clear,7.523,5.063,23.36,40.35,world
403.38,2026-08-27 03:58:27,-308.47,-12.59,539.91,54.1,the_pond,21.84,clear,7.873,4.400,25.61,41.73,world
403.89,2026-08-27 03:58:27,-306.69,-12.01,541.22,54.1,the_pond,21.86,clear,7.873,4.400,27.82,41.10,world
404.40,2026-08-27 03:58:28,-305.00,-11.38,542.46,54.1,the_pond,21.88,clear,7.539,4.443,29.93,40.61,world
404.91,2026-08-27 03:58:28,-302.01,-10.14,544.64,54.1,the_pond,21.90,clear,7.539,4.443,33.62,40.00,world
405.42,2026-08-27 03:58:29,-300.14,-9.41,546.00,54.1,corridor,21.92,clear,9.680,339.482,35.93,39.66,world
405.92,2026-08-27 03:58:29,-298.39,-8.77,547.28,54.1,corridor,21.94,clear,9.680,339.482,38.10,38.47,world
406.42,2026-08-27 03:58:30,-296.75,-8.15,548.48,54.1,corridor,21.96,clear,6.701,4.953,40.13,37.44,world
406.94,2026-08-27 03:58:30,-295.09,-7.49,549.70,54.1,corridor,21.98,clear,6.701,4.953,42.20,36.48,world
407.46,2026-08-27 03:58:31,-294.22,-7.14,550.33,54.1,corridor,22.00,clear,6.983,5.362,43.27,36.02,world
407.98,2026-08-27 03:58:31,-295.64,-7.59,552.26,-35.9,corridor,22.02,clear,6.983,5.362,45.66,33.76,world
408.49,2026-08-27 03:58:32,-298.16,-8.66,555.73,-35.9,corridor,22.04,clear,6.335,5.318,0.00,29.79,world
408.99,2026-08-27 03:58:32,-298.86,-8.99,557.59,54.9,corridor,22.06,clear,6.335,5.318,0.00,27.70,world
409.49,2026-08-27 03:58:33,-297.18,-8.39,558.79,54.9,corridor,22.08,clear,6.462,5.399,0.00,26.46,world
410.00,2026-08-27 03:58:33,-295.37,-7.85,560.07,54.9,corridor,22.10,clear,6.462,5.399,0.00,25.22,world
410.51,2026-08-27 03:58:34,-292.30,-7.39,562.24,54.9,corridor,22.12,clear,6.631,5.146,0.00,23.80,world
411.03,2026-08-27 03:58:34,-289.58,-7.23,564.74,54.9,corridor,22.14,clear,6.631,5.146,0.00,22.47,world
411.54,2026-08-27 03:58:35,-287.62,-6.89,566.13,54.9,corridor,22.16,clear,6.918,5.139,0.00,22.20,world
412.06,2026-08-27 03:58:35,-285.84,-6.30,567.38,54.9,corridor,22.18,clear,6.918,5.139,0.00,22.18,world
412.58,2026-08-27 03:58:36,-284.18,-5.62,568.57,54.9,corridor,22.20,clear,6.660,5.159,0.00,22.35,world
413.09,2026-08-27 03:58:36,-281.35,-4.43,570.56,54.9,corridor,22.22,clear,6.660,5.159,0.00,23.06,world
413.59,2026-08-27 03:58:37,-278.43,-3.47,572.63,54.9,corridor,22.24,clear,6.393,6.206,0.00,24.30,world
414.10,2026-08-27 03:58:37,-276.58,-3.05,573.94,54.9,corridor,22.26,clear,6.393,6.206,0.00,25.13,world
414.62,2026-08-27 03:58:38,-274.66,-2.63,575.30,54.9,corridor,22.28,clear,6.890,5.849,0.00,26.34,world
415.14,2026-08-27 03:58:38,-272.75,-2.20,576.66,54.9,corridor,22.31,clear,6.890,5.849,0.00,27.69,world
415.66,2026-08-27 03:58:39,-269.39,-1.64,579.03,54.9,corridor,22.33,clear,7.664,6.289,0.57,30.36,world
416.17,2026-08-27 03:58:39,-266.19,-1.43,581.29,54.9,corridor,22.35,clear,7.664,6.289,4.48,33.18,world
416.69,2026-08-27 03:58:40,-264.15,-1.23,582.74,54.9,corridor,22.37,clear,7.605,5.504,6.99,35.09,world
417.21,2026-08-27 03:58:40,-262.16,-0.92,584.15,54.9,corridor,22.39,clear,7.605,5.504,9.42,37.02,world
417.71,2026-08-27 03:58:41,-260.27,-0.51,585.50,54.9,corridor,22.41,clear,25.393,4.880,11.75,38.84,world
418.21,2026-08-27 03:58:41,-256.99,0.15,587.81,54.9,corridor,22.43,clear,25.393,4.880,15.76,34.97,world
418.72,2026-08-27 03:58:42,-254.06,0.71,589.18,54.9,corridor,22.45,clear,8.025,4.973,19.13,32.09,world
419.23,2026-08-27 03:58:42,-252.09,0.90,590.59,54.9,corridor,22.47,clear,8.025,4.973,0.00,29.80,world
419.74,2026-08-27 03:58:43,-250.02,1.04,592.06,54.9,corridor,22.49,clear,9.190,4.824,0.00,27.42,world
420.26,2026-08-27 03:58:43,-247.88,1.14,593.58,54.9,corridor,22.51,clear,9.190,4.824,0.00,25.00,world
420.77,2026-08-27 03:58:44,-244.94,1.56,595.90,54.9,corridor,22.53,clear,9.518,5.070,0.00,21.53,world
421.29,2026-08-27 03:58:44,-245.03,1.54,595.88,-18.6,corridor,22.55,clear,9.518,5.070,0.00,21.60,world
421.81,2026-08-27 03:58:45,-246.66,0.92,596.90,-35.1,corridor,22.57,clear,8.236,5.724,0.00,21.53,world
422.32,2026-08-27 03:58:45,-248.18,0.09,599.06,-35.1,corridor,22.59,clear,8.236,5.724,0.00,20.69,world
422.82,2026-08-27 03:58:46,-249.59,-0.72,601.13,-3.6,corridor,22.61,clear,5.977,5.078,0.00,20.13,world
423.34,2026-08-27 03:58:47,-247.74,-0.18,602.64,55.7,corridor,22.63,clear,5.977,5.078,0.00,17.75,world
423.86,2026-08-27 03:58:47,-244.58,0.97,604.82,55.7,corridor,22.65,clear,6.223,4.559,0.00,13.98,world
424.37,2026-08-27 03:58:48,-241.99,1.73,606.60,55.7,corridor,22.67,clear,8.557,4.553,0.00,10.93,world
424.89,2026-08-27 03:58:48,-239.98,2.02,607.98,55.7,corridor,22.70,clear,8.557,4.553,0.00,8.60,world
425.41,2026-08-27 03:58:49,-238.70,2.07,608.86,55.7,corridor,22.72,clear,6.353,4.569,0.00,7.16,world
425.93,2026-08-27 03:58:49,-237.72,2.48,607.43,145.7,corridor,22.74,clear,6.353,4.569,0.00,8.05,world
426.44,2026-08-27 03:58:50,-235.28,3.10,604.13,114.2,corridor,22.76,clear,7.446,5.120,0.00,10.87,world
426.94,2026-08-27 03:58:50,-232.84,3.11,604.88,55.0,corridor,22.78,clear,7.446,5.120,0.00,10.35,world
427.46,2026-08-27 03:58:51,-230.71,3.09,606.37,55.0,corridor,22.80,clear,6.786,5.049,0.00,9.64,world
427.98,2026-08-27 03:58:51,-228.62,3.14,607.84,55.0,corridor,22.82,clear,6.786,5.049,0.00,9.59,world
428.49,2026-08-27 03:58:52,-226.01,3.12,609.67,55.0,corridor,22.84,clear,6.744,5.451,0.00,10.45,world
429.01,2026-08-27 03:58:52,-222.37,3.07,612.23,55.0,corridor,22.86,clear,6.744,5.451,0.00,12.93,world
429.53,2026-08-27 03:58:53,-219.76,3.24,614.06,55.0,corridor,22.88,clear,7.479,5.486,0.00,15.26,world
430.04,2026-08-27 03:58:53,-217.66,3.26,615.54,55.0,corridor,22.90,clear,7.479,5.486,0.00,14.14,world
430.54,2026-08-27 03:58:54,-215.57,3.07,617.02,55.0,corridor,22.92,clear,7.481,6.618,0.00,12.58,world
431.05,2026-08-27 03:58:54,-212.93,2.79,618.87,55.0,corridor,22.94,clear,7.481,6.618,0.00,11.22,world
431.56,2026-08-27 03:58:55,-209.27,2.59,621.45,55.0,corridor,22.96,clear,7.107,6.237,0.00,10.80,world
432.06,2026-08-27 03:58:55,-206.68,2.33,623.27,55.0,corridor,22.98,clear,7.107,6.237,0.00,11.92,world
432.58,2026-08-27 03:58:56,-204.50,2.02,624.81,55.0,corridor,23.00,clear,7.117,6.844,0.00,13.59,world
433.10,2026-08-27 03:58:56,-202.31,1.67,626.35,55.0,corridor,23.02,clear,7.117,6.844,0.00,14.82,world
433.61,2026-08-27 03:58:57,-199.51,1.29,628.33,55.0,corridor,23.04,clear,6.474,6.260,0.00,15.60,world
434.13,2026-08-27 03:58:57,-197.11,1.12,630.02,55.0,corridor,23.06,clear,6.474,6.260,0.00,16.81,world
434.65,2026-08-27 03:58:58,-198.06,0.90,632.49,55.3,corridor,23.09,clear,6.053,6.636,0.00,19.86,world
435.16,2026-08-27 03:58:58,-195.90,0.69,634.00,55.3,corridor,23.11,clear,6.053,6.636,0.00,21.13,world
435.66,2026-08-27 03:58:59,-193.77,0.31,635.48,55.3,corridor,23.13,clear,5.662,5.774,0.00,22.33,world
436.18,2026-08-27 03:58:59,-191.48,-0.18,637.07,55.3,corridor,23.15,clear,5.662,5.774,0.00,23.75,world
436.69,2026-08-27 03:59:00,-187.79,-0.69,639.64,55.3,corridor,23.17,clear,6.385,6.726,0.00,26.50,world
437.21,2026-08-27 03:59:00,-184.72,-0.73,641.77,55.3,corridor,23.19,clear,6.385,6.726,0.00,26.10,world
437.73,2026-08-27 03:59:01,-182.61,-0.70,643.23,55.3,corridor,23.21,clear,6.861,5.843,0.00,23.66,world
438.24,2026-08-27 03:59:01,-180.48,-0.71,644.70,55.3,corridor,23.23,clear,6.861,5.843,0.00,21.23,world
438.76,2026-08-27 03:59:02,-178.11,-0.73,646.35,55.3,corridor,23.25,clear,6.524,5.102,0.00,18.57,world
439.27,2026-08-27 03:59:02,-174.49,-0.58,648.86,55.3,corridor,23.27,clear,6.524,5.102,0.00,14.68,world
439.78,2026-08-27 03:59:03,-171.72,-0.33,650.78,55.3,corridor,23.29,clear,7.288,5.053,0.00,11.42,world
440.29,2026-08-27 03:59:03,-169.70,-0.08,652.18,55.3,corridor,23.31,clear,7.288,5.053,0.00,8.85,world
440.81,2026-08-27 03:59:04,-167.79,0.33,653.51,55.3,corridor,23.33,clear,7.893,5.168,0.00,7.51,world
441.33,2026-08-27 03:59:05,-165.70,1.02,654.97,55.3,corridor,23.35,clear,7.893,5.168,0.00,6.69,world
441.85,2026-08-27 03:59:05,-162.59,2.16,657.13,55.3,corridor,23.37,clear,7.047,4.998,0.00,7.18,world
442.36,2026-08-27 03:59:06,-160.15,2.92,658.82,55.3,corridor,23.39,clear,7.375,5.341,0.00,8.76,world
442.87,2026-08-27 03:59:06,-158.23,3.32,660.16,55.3,corridor,23.41,clear,7.375,5.341,0.00,10.43,world
443.38,2026-08-27 03:59:07,-156.25,3.50,661.53,55.3,corridor,23.43,clear,7.849,5.183,0.00,12.59,world
443.89,2026-08-27 03:59:07,-153.70,3.53,663.30,55.3,corridor,23.46,clear,7.849,5.183,0.00,15.21,world
444.41,2026-08-27 03:59:08,-150.02,3.34,665.85,55.3,corridor,23.48,clear,6.390,5.968,0.00,12.76,world
444.93,2026-08-27 03:59:08,-147.27,3.16,667.76,55.3,corridor,23.50,clear,6.390,5.968,0.00,11.73,world
445.45,2026-08-27 03:59:09,-145.15,3.18,669.23,55.3,corridor,23.52,clear,6.800,5.665,0.00,11.56,world
445.96,2026-08-27 03:59:09,-143.08,3.30,670.68,55.3,corridor,23.54,clear,6.800,5.665,0.00,12.15,world
446.48,2026-08-27 03:59:10,-140.42,3.49,672.53,55.3,corridor,23.56,clear,6.658,5.238,0.00,13.94,world
446.99,2026-08-27 03:59:10,-136.90,3.94,674.99,55.3,corridor,23.58,clear,6.658,5.238,0.00,17.00,world
447.50,2026-08-27 03:59:11,-134.57,4.36,676.61,55.3,corridor,23.60,clear,5.928,5.573,0.00,19.28,world
448.01,2026-08-27 03:59:11,-132.55,4.61,678.01,55.3,corridor,23.62,clear,5.928,5.573,0.00,21.36,world
448.53,2026-08-27 03:59:12,-130.43,4.59,679.49,55.3,corridor,23.64,clear,5.908,4.751,0.00,23.63,world
449.05,2026-08-27 03:59:12,-127.57,4.25,681.47,55.3,corridor,23.66,clear,5.908,4.751,0.00,26.63,world
449.57,2026-08-27 03:59:13,-123.88,3.78,684.03,55.3,corridor,23.68,clear,6.068,5.477,0.87,30.81,world
450.08,2026-08-27 03:59:13,-121.36,3.57,685.78,55.3,corridor,23.70,clear,6.068,5.477,3.93,33.70,world
450.59,2026-08-27 03:59:14,-119.23,3.53,687.27,55.3,corridor,23.72,clear,6.717,5.386,6.53,33.84,world
451.09,2026-08-27 03:59:14,-117.18,3.56,688.69,55.3,corridor,23.74,clear,6.717,5.386,9.02,33.92,world
451.61,2026-08-27 03:59:15,-114.27,3.50,690.72,55.3,corridor,23.76,clear,6.353,5.466,12.58,34.34,world
452.13,2026-08-27 03:59:15,-110.61,3.43,693.26,55.3,corridor,23.78,clear,6.353,5.466,17.03,35.36,world
452.64,2026-08-27 03:59:16,-108.30,3.59,694.87,55.3,corridor,23.81,clear,5.948,4.802,19.85,36.28,world
453.16,2026-08-27 03:59:16,-106.22,3.71,696.32,55.3,corridor,23.83,clear,5.948,4.802,22.38,35.85,world
453.68,2026-08-27 03:59:17,-104.10,3.70,697.79,55.3,corridor,23.85,clear,7.589,4.590,24.97,33.31,world
454.20,2026-08-27 03:59:17,-101.04,3.69,699.92,55.3,corridor,23.87,clear,7.589,4.590,0.00,29.68,world
454.71,2026-08-27 03:59:18,-97.37,3.58,702.46,55.3,corridor,23.89,clear,5.809,5.416,0.00,25.35,world
455.21,2026-08-27 03:59:18,-95.15,3.22,704.00,55.3,corridor,23.91,clear,5.809,5.416,0.00,22.75,world
455.73,2026-08-27 03:59:19,-92.95,2.82,705.52,55.3,corridor,23.93,clear,7.336,5.191,0.00,20.20,world
456.25,2026-08-27 03:59:19,-90.78,2.60,707.03,55.3,corridor,23.95,clear,7.336,5.191,0.00,17.73,world
456.76,2026-08-27 03:59:20,-87.59,2.49,709.23,55.3,corridor,23.97,clear,7.391,5.148,0.00,14.22,world
457.28,2026-08-27 03:59:20,-83.94,2.29,711.76,55.3,corridor,23.99,clear,7.391,5.148,0.00,10.50,world
457.80,2026-08-27 03:59:21,-81.77,2.28,713.25,55.3,corridor,0.01,clear,7.327,5.347,0.00,8.63,world
458.31,2026-08-27 03:59:21,-79.67,2.36,714.70,55.3,corridor,0.03,clear,7.327,5.347,0.00,7.28,world
458.83,2026-08-27 03:59:22,-77.54,2.39,716.16,55.3,corridor,0.05,clear,7.093,6.119,0.00,6.68,world
459.34,2026-08-27 03:59:23,-74.21,2.27,718.46,55.3,corridor,0.07,clear,7.093,6.119,0.00,7.63,world
459.84,2026-08-27 03:59:23,-70.82,2.51,720.80,55.3,corridor,0.09,clear,6.683,5.512,0.00,10.20,world
460.36,2026-08-27 03:59:24,-68.74,2.63,722.24,55.3,corridor,0.11,clear,7.290,6.004,0.00,11.70,world
460.88,2026-08-27 03:59:24,-66.58,2.53,723.72,55.3,corridor,0.13,clear,7.290,6.004,0.00,13.51,world
461.39,2026-08-27 03:59:25,-64.40,2.38,725.22,55.3,corridor,0.16,clear,6.931,5.687,0.00,12.12,world
461.91,2026-08-27 03:59:25,-61.02,2.48,727.56,55.3,corridor,0.18,clear,6.931,5.687,0.00,10.73,world
462.42,2026-08-27 03:59:26,-57.61,2.50,729.92,55.3,corridor,0.20,clear,7.061,6.438,0.00,10.46,world
462.93,2026-08-27 03:59:26,-55.50,2.29,731.37,55.3,corridor,0.22,clear,7.061,6.438,0.00,10.74,world
463.44,2026-08-27 03:59:27,-53.31,2.00,732.89,55.3,corridor,0.24,clear,7.103,6.893,0.00,11.35,world
463.96,2026-08-27 03:59:27,-51.12,1.72,734.40,55.3,corridor,0.26,clear,7.103,6.893,0.00,12.23,world
464.48,2026-08-27 03:59:28,-47.57,1.23,736.86,55.3,corridor,0.28,clear,6.117,6.526,0.00,14.76,world
464.99,2026-08-27 03:59:28,-44.22,0.53,739.19,55.3,corridor,0.30,clear,6.117,6.526,0.00,17.93,world
465.51,2026-08-27 03:59:29,-42.01,-0.04,740.71,55.3,corridor,0.32,clear,8.117,5.264,0.00,20.18,world
466.02,2026-08-27 03:59:29,-39.80,-0.61,742.23,55.3,corridor,0.34,clear,8.117,5.264,0.00,22.68,world
466.52,2026-08-27 03:59:30,-37.66,-1.10,743.71,55.3,corridor,0.36,clear,6.316,6.036,0.00,25.40,world
467.03,2026-08-27 03:59:30,-34.17,-1.98,746.13,55.3,corridor,0.38,clear,6.316,6.036,0.00,29.77,world
467.54,2026-08-27 03:59:31,-30.89,-3.05,748.40,55.3,corridor,0.40,clear,6.636,6.261,3.84,33.78,world
468.04,2026-08-27 03:59:31,-28.77,-3.75,749.86,55.3,corridor,0.42,clear,6.636,6.261,6.42,36.27,world
468.56,2026-08-27 03:59:32,-26.56,-4.40,751.38,55.3,corridor,0.44,clear,6.431,4.383,9.10,38.86,world
469.08,2026-08-27 03:59:32,-24.33,-4.92,752.92,55.3,corridor,0.46,clear,6.431,4.383,11.81,41.51,world
469.60,2026-08-27 03:59:33,-20.67,-5.26,755.45,55.3,corridor,0.48,clear,5.685,4.758,16.26,44.16,world
470.11,2026-08-27 03:59:33,-17.53,-5.17,757.62,55.3,corridor,0.50,clear,5.685,4.758,20.08,46.09,world
470.63,2026-08-27 03:59:34,-15.43,-5.08,759.07,55.3,corridor,0.52,clear,6.779,4.611,22.63,47.50,world
471.14,2026-08-27 03:59:34,-13.31,-5.06,760.54,55.3,corridor,0.55,clear,6.779,4.611,25.21,49.02,world
471.64,2026-08-27 03:59:35,-11.17,-4.99,762.01,55.3,corridor,0.57,clear,5.850,4.744,27.81,50.64,world
472.16,2026-08-27 03:59:35,-7.61,-4.62,764.48,55.3,corridor,0.59,clear,5.850,4.744,32.14,53.51,world
472.67,2026-08-27 03:59:36,-4.61,-4.37,766.55,55.3,corridor,0.61,clear,9.583,4.970,35.78,56.08,world
473.19,2026-08-27 03:59:36,-2.48,-4.40,768.02,55.3,corridor,0.63,clear,9.583,4.970,38.38,57.97,world
473.71,2026-08-27 03:59:37,-0.33,-4.46,769.51,55.3,corridor,0.65,clear,6.234,5.197,40.99,59.94,world
474.23,2026-08-27 03:59:37,2.02,-4.41,771.14,55.3,corridor,0.67,clear,6.234,5.197,43.85,62.14,world
474.74,2026-08-27 03:59:38,5.67,-4.38,773.67,55.3,corridor,0.69,clear,7.272,5.081,48.28,65.66,world
475.25,2026-08-27 03:59:38,8.61,-4.49,775.70,55.3,corridor,0.71,clear,7.272,5.081,51.86,68.15,world
475.76,2026-08-27 03:59:39,10.67,-4.53,777.14,55.3,corridor,0.73,clear,5.744,4.610,54.38,65.92,world
476.27,2026-08-27 03:59:39,12.79,-4.51,778.60,55.3,corridor,0.75,clear,5.744,4.610,56.95,63.67,world
476.79,2026-08-27 03:59:40,15.24,-4.46,780.30,55.3,corridor,0.77,clear,6.150,4.891,59.93,61.09,world
477.31,2026-08-27 03:59:40,17.73,-4.33,782.95,55.5,corridor,0.79,clear,6.150,4.891,63.84,58.47,world
477.83,2026-08-27 03:59:41,20.71,-4.40,785.12,55.5,corridor,0.81,clear,5.435,4.427,67.53,55.46,world
478.35,2026-08-27 03:59:42,22.90,-4.58,786.62,55.5,corridor,0.83,clear,5.713,4.727,70.18,53.32,world
478.86,2026-08-27 03:59:42,25.08,-4.74,788.11,55.5,corridor,0.85,clear,5.713,4.727,72.82,51.22,world
479.36,2026-08-27 03:59:43,27.58,-4.70,789.82,55.5,corridor,0.87,clear,5.560,4.780,75.85,48.88,world
479.88,2026-08-27 03:59:43,31.11,-4.24,792.24,55.5,corridor,0.89,clear,5.560,4.780,80.13,45.27,world
480.39,2026-08-27 03:59:44,33.71,-3.88,794.03,55.5,corridor,0.92,clear,6.045,5.081,83.29,42.66,world
480.91,2026-08-27 03:59:44,35.82,-3.82,795.48,55.5,corridor,0.94,clear,6.045,5.081,85.84,40.61,world
481.43,2026-08-27 03:59:45,38.00,-4.00,796.97,55.5,corridor,0.96,clear,6.660,4.421,88.48,38.55,world
481.95,2026-08-27 03:59:45,40.77,-4.31,798.88,55.5,corridor,0.98,clear,6.660,4.421,91.85,36.04,world
482.46,2026-08-27 03:59:46,44.42,-4.26,801.38,55.5,corridor,1.00,clear,6.801,4.946,96.28,32.97,world
482.97,2026-08-27 03:59:46,46.85,-3.90,803.06,55.5,corridor,1.02,clear,6.801,4.946,99.23,31.11,world
483.48,2026-08-27 03:59:47,48.77,-3.59,804.38,55.5,corridor,1.04,clear,8.056,4.670,0.00,29.77,world
483.99,2026-08-27 03:59:47,50.14,-3.42,805.33,55.5,corridor,1.06,clear,8.056,4.670,0.00,28.88,world
484.51,2026-08-27 03:59:48,50.15,-3.42,805.33,145.5,corridor,1.08,clear,6.124,4.937,0.00,28.87,world
485.02,2026-08-27 03:59:48,50.15,-3.42,805.33,145.5,corridor,1.10,clear,6.124,4.937,0.00,28.87,world
485.54,2026-08-27 03:59:49,50.15,-3.42,805.33,82.4,corridor,1.12,clear,5.734,5.605,0.00,29.39,world
486.06,2026-08-27 03:59:49,50.15,-3.42,805.33,145.5,corridor,1.14,clear,5.734,5.605,0.00,30.27,world
486.57,2026-08-27 03:59:50,50.15,-3.42,805.33,145.5,corridor,1.16,clear,5.196,5.340,0.00,31.14,world
487.07,2026-08-27 03:59:50,50.15,-3.42,805.33,145.5,corridor,1.18,clear,5.196,5.340,0.00,31.97,world
487.59,2026-08-27 03:59:51,50.15,-3.42,805.33,61.4,corridor,1.20,clear,5.600,5.670,0.00,32.82,world
488.11,2026-08-27 03:59:51,49.95,-3.45,805.60,-34.5,corridor,1.22,clear,5.600,5.670,0.34,33.78,world
488.63,2026-08-27 03:59:52,47.36,-3.76,804.87,-47.1,corridor,1.24,clear,6.073,5.278,3.06,35.66,world
489.14,2026-08-27 03:59:52,48.60,-3.62,806.69,3.5,corridor,1.27,clear,6.073,5.278,6.20,35.63,world
489.66,2026-08-27 03:59:53,46.25,-3.48,810.28,-34.0,corridor,1.29,clear,5.442,5.192,10.50,39.40,world
490.18,2026-08-27 03:59:53,43.60,-3.18,814.03,-34.0,corridor,1.31,clear,5.442,5.192,15.10,43.57,world
490.69,2026-08-27 03:59:54,44.82,-2.81,816.76,59.6,corridor,1.33,clear,7.705,4.362,18.88,44.04,world
491.19,2026-08-27 03:59:54,48.48,-2.60,818.90,59.6,corridor,1.35,clear,7.705,4.362,23.12,42.47,world
491.71,2026-08-27 03:59:55,52.15,-2.47,821.45,59.7,corridor,1.37,clear,6.765,5.148,27.68,41.54,world
492.23,2026-08-27 03:59:55,54.66,-2.54,821.94,59.4,corridor,1.39,clear,6.765,5.148,30.55,40.23,world
492.75,2026-08-27 03:59:56,58.28,-2.89,823.83,59.3,corridor,1.41,clear,7.301,4.435,34.67,39.51,world
493.26,2026-08-27 03:59:56,58.93,-3.00,824.21,59.3,corridor,1.43,clear,7.301,4.435,35.42,39.46,world
493.78,2026-08-27 03:59:57,58.66,-2.97,824.26,-30.7,corridor,1.45,clear,6.746,4.908,35.71,39.65,world
494.29,2026-08-27 03:59:57,58.60,-2.96,824.27,-30.7,corridor,1.47,clear,6.746,4.908,35.78,39.69,world
494.79,2026-08-27 03:59:58,58.59,-2.96,824.27,-30.7,corridor,1.49,clear,5.836,4.727,35.78,39.70,world
495.31,2026-08-27 03:59:58,58.59,-2.96,824.27,59.4,corridor,1.51,clear,5.836,4.727,35.78,39.70,world
495.83,2026-08-27 03:59:59,59.36,-3.01,823.15,117.9,corridor,1.53,clear,6.661,5.240,37.20,38.34,world
496.35,2026-08-27 04:00:00,62.83,-3.45,824.50,58.7,corridor,1.55,clear,5.577,4.521,41.02,37.30,world
496.86,2026-08-27 04:00:00,66.34,-3.81,826.15,58.5,corridor,1.57,clear,5.577,4.521,45.00,35.79,world
497.38,2026-08-27 04:00:01,69.39,-3.76,828.69,58.7,corridor,1.59,clear,7.927,4.870,49.14,35.63,world
497.89,2026-08-27 04:00:01,72.83,-3.54,830.77,58.7,corridor,1.62,clear,7.927,4.870,53.17,35.33,world
498.40,2026-08-27 04:00:02,73.05,-3.54,830.85,90.2,corridor,1.64,clear,6.234,4.796,53.44,35.28,world
498.91,2026-08-27 04:00:02,74.27,-4.06,828.70,148.7,corridor,1.66,clear,6.234,4.796,55.92,32.80,world
499.42,2026-08-27 04:00:03,75.66,-4.62,826.41,148.7,corridor,1.68,clear,6.879,4.804,58.60,30.13,world
499.94,2026-08-27 04:00:03,78.63,-5.05,825.90,55.8,corridor,1.70,clear,6.879,4.804,0.00,28.21,world
500.46,2026-08-27 04:00:04,81.93,-5.14,828.14,55.8,corridor,1.72,clear,5.844,4.978,0.00,28.93,world
500.98,2026-08-27 04:00:04,84.10,-5.20,829.60,55.8,corridor,1.74,clear,5.844,4.978,0.00,29.68,world
501.49,2026-08-27 04:00:05,86.27,-5.31,831.07,55.8,corridor,1.76,clear,5.807,4.974,1.78,30.65,world
502.01,2026-08-27 04:00:05,88.53,-5.51,832.59,55.8,corridor,1.78,clear,5.807,4.974,4.50,31.84,world
502.51,2026-08-27 04:00:06,92.13,-6.02,835.03,55.8,corridor,1.80,clear,5.812,4.325,8.84,34.11,world
503.01,2026-08-27 04:00:06,95.30,-6.54,837.18,55.8,corridor,1.82,clear,5.812,4.325,12.67,36.44,world
503.52,2026-08-27 04:00:07,97.50,-6.79,838.67,55.8,corridor,1.84,clear,6.039,4.887,15.33,38.19,world
504.03,2026-08-27 04:00:07,99.60,-6.87,840.09,55.8,corridor,1.86,clear,6.039,4.887,17.86,39.96,world
504.54,2026-08-27 04:00:08,101.70,-6.62,841.51,55.8,corridor,1.88,clear,6.909,4.710,20.40,41.81,world
505.06,2026-08-27 04:00:08,105.04,-5.78,843.78,55.8,corridor,1.90,clear,6.909,4.710,24.45,44.89,world
505.58,2026-08-27 04:00:09,108.03,-5.36,845.82,55.8,corridor,1.92,clear,6.530,4.966,28.06,47.73,world
506.10,2026-08-27 04:00:09,110.18,-5.38,847.27,55.8,corridor,1.94,clear,6.530,4.966,30.65,47.10,world
506.61,2026-08-27 04:00:10,112.33,-5.41,848.73,55.8,corridor,1.96,clear,6.467,4.584,33.25,46.59,world
507.13,2026-08-27 04:00:10,114.67,-5.48,850.32,55.8,corridor,1.98,clear,6.467,4.584,36.09,46.21,world
507.64,2026-08-27 04:00:11,118.39,-5.96,852.85,55.8,corridor,2.01,clear,9.973,4.961,40.58,45.95,world
508.14,2026-08-27 04:00:11,121.30,-6.06,854.83,55.8,corridor,2.03,clear,9.973,4.961,44.11,46.05,world
508.66,2026-08-27 04:00:12,123.36,-5.87,856.24,55.8,corridor,2.05,clear,7.447,4.932,46.59,46.29,world
509.18,2026-08-27 04:00:12,125.42,-5.69,857.64,55.8,corridor,2.07,clear,7.447,4.932,49.09,46.66,world
509.69,2026-08-27 04:00:13,127.82,-5.60,859.28,55.8,corridor,2.09,clear,5.921,5.033,51.99,47.26,world
510.21,2026-08-27 04:00:13,131.43,-5.36,861.74,55.8,corridor,2.11,clear,5.921,5.033,56.36,48.46,world
510.73,2026-08-27 04:00:14,134.23,-5.08,863.64,55.8,corridor,2.13,clear,7.999,4.663,59.74,49.64,world
511.24,2026-08-27 04:00:14,136.35,-5.03,865.08,55.8,corridor,2.15,clear,7.999,4.663,62.30,50.66,world
511.74,2026-08-27 04:00:15,138.46,-5.21,866.51,55.8,corridor,2.17,clear,8.358,4.715,64.86,51.79,world
512.26,2026-08-27 04:00:15,141.06,-5.70,868.27,55.8,corridor,2.19,clear,8.358,4.715,67.99,53.31,world
512.78,2026-08-27 04:00:16,144.77,-6.26,870.79,55.7,corridor,2.21,clear,7.714,4.663,72.48,55.71,world
513.29,2026-08-27 04:00:16,147.54,-6.24,872.68,55.7,corridor,2.23,clear,7.714,4.663,75.84,57.42,world
513.81,2026-08-27 04:00:17,149.64,-6.13,874.11,55.7,corridor,2.25,clear,9.634,5.216,78.38,54.88,world
514.33,2026-08-27 04:00:18,151.75,-6.06,875.55,55.7,corridor,2.27,clear,9.634,5.216,80.93,52.33,world
514.84,2026-08-27 04:00:18,154.36,-5.83,877.32,55.7,corridor,2.29,clear,9.917,4.471,84.08,49.17,world
515.36,2026-08-27 04:00:19,157.87,-5.30,879.71,55.7,corridor,2.31,clear,9.032,4.634,88.33,44.93,world
515.87,2026-08-27 04:00:19,160.40,-5.01,881.44,55.8,corridor,2.33,clear,9.032,4.634,91.40,41.86,world
516.37,2026-08-27 04:00:20,162.42,-4.89,882.82,55.8,corridor,2.35,clear,8.731,5.321,93.84,39.41,world
516.89,2026-08-27 04:00:20,164.55,-4.90,884.28,55.8,corridor,2.38,clear,8.731,5.321,96.43,36.83,world
517.41,2026-08-27 04:00:21,167.35,-4.98,886.19,55.8,corridor,2.40,clear,7.280,4.708,99.81,33.44,world
517.93,2026-08-27 04:00:21,171.00,-4.86,888.67,55.8,corridor,2.42,clear,7.280,4.708,0.00,29.03,world
518.44,2026-08-27 04:00:22,173.56,-4.97,890.42,55.8,corridor,2.44,clear,8.012,5.006,0.00,25.93,world
518.95,2026-08-27 04:00:22,175.76,-5.28,891.92,55.8,corridor,2.46,clear,8.012,5.006,0.00,23.26,world
519.46,2026-08-27 04:00:23,177.88,-5.49,893.36,55.8,corridor,2.48,clear,8.018,4.804,0.00,20.70,world
519.97,2026-08-27 04:00:23,180.76,-5.48,895.32,55.8,corridor,2.50,clear,8.018,4.804,0.00,17.22,world
520.49,2026-08-27 04:00:24,184.41,-5.38,897.81,55.8,corridor,2.52,clear,5.862,5.013,0.00,12.80,world
521.01,2026-08-27 04:00:24,186.87,-5.46,899.48,55.8,corridor,2.54,clear,5.862,5.013,0.00,9.83,world
521.53,2026-08-27 04:00:25,189.04,-5.57,900.95,55.8,corridor,2.56,clear,5.900,4.887,0.00,7.21,world
522.04,2026-08-27 04:00:25,190.99,-5.69,902.28,55.8,corridor,2.58,clear,5.900,4.887,0.00,4.84,world
522.55,2026-08-27 04:00:26,191.29,-5.69,901.85,145.8,corridor,2.60,clear,6.318,4.499,0.00,4.87,world
523.06,2026-08-27 04:00:26,193.63,-5.41,898.40,145.8,corridor,2.62,clear,6.318,4.499,0.00,6.74,world
523.58,2026-08-27 04:00:27,195.96,-4.74,894.98,145.8,corridor,2.64,clear,6.327,4.887,0.00,10.07,world
524.09,2026-08-27 04:00:27,197.32,-4.56,893.05,93.3,corridor,2.66,clear,6.327,4.887,0.00,12.18,world
524.61,2026-08-27 04:00:28,196.56,-4.69,894.61,-101.4,corridor,2.68,clear,7.678,4.810,0.00,10.50,world
525.13,2026-08-27 04:00:28,194.06,-4.59,894.11,-101.4,corridor,2.70,clear,7.678,4.810,0.00,10.93,world
525.65,2026-08-27 04:00:29,193.56,-5.09,896.70,9.9,corridor,2.73,clear,6.164,4.856,0.00,8.42,world
526.16,2026-08-27 04:00:29,194.29,-5.78,900.95,9.9,corridor,2.75,clear,6.164,4.856,0.00,4.11,world
526.74,2026-08-27 04:00:30,194.46,-5.86,901.92,9.9,corridor,2.77,clear,7.314,9.511,0.00,3.13,narrative_modal
527.26,2026-08-27 04:00:30,194.46,-5.86,901.92,9.9,corridor,2.79,clear,7.314,9.511,0.00,3.13,world
527.76,2026-08-27 04:00:31,194.46,-5.86,901.92,9.9,corridor,2.81,clear,5.884,6.051,0.00,3.13,narrative_modal
528.27,2026-08-27 04:00:31,194.46,-5.86,901.92,9.9,corridor,2.83,clear,5.884,6.051,0.00,3.13,narrative_modal
528.77,2026-08-27 04:00:32,194.46,-5.86,901.92,9.9,corridor,2.85,clear,6.548,4.914,0.00,3.13,narrative_modal
529.29,2026-08-27 04:00:32,194.46,-5.86,901.92,9.9,corridor,2.87,clear,6.548,4.914,0.00,3.13,narrative_modal
529.81,2026-08-27 04:00:33,194.46,-5.86,901.92,9.9,corridor,2.89,clear,5.744,5.155,0.00,3.13,narrative_modal
530.32,2026-08-27 04:00:34,194.46,-5.86,901.92,9.9,corridor,2.91,clear,5.744,5.155,0.00,3.13,narrative_modal
530.84,2026-08-27 04:00:34,194.46,-5.86,901.92,9.9,corridor,2.93,clear,6.521,4.715,0.00,3.13,narrative_modal
531.54,2026-08-27 04:00:35,194.46,-5.86,901.92,9.9,corridor,2.96,clear,5.713,4.476,0.00,3.13,narrative_modal
532.24,2026-08-27 04:00:35,194.46,-5.86,901.92,9.9,corridor,2.99,clear,5.713,4.476,0.00,3.13,narrative_modal
532.94,2026-08-27 04:00:36,194.46,-5.86,901.92,9.9,corridor,3.02,clear,5.728,6.090,0.00,3.13,narrative_modal
533.65,2026-08-27 04:00:37,194.46,-5.86,901.92,9.9,corridor,3.05,clear,7.374,6.026,0.00,3.13,narrative_modal
534.34,2026-08-27 04:00:38,194.46,-5.86,901.92,9.9,corridor,3.07,clear,7.374,6.026,0.00,3.13,narrative_modal
535.05,2026-08-27 04:00:38,194.46,-5.86,901.92,9.9,corridor,3.10,clear,6.039,6.093,0.00,3.13,narrative_modal
535.74,2026-08-27 04:00:39,194.46,-5.86,901.92,9.9,corridor,3.13,clear,5.464,5.592,0.00,3.13,narrative_modal
536.45,2026-08-27 04:00:40,194.46,-5.86,901.92,9.9,corridor,3.16,clear,6.365,5.976,0.00,3.13,narrative_modal
537.14,2026-08-27 04:00:40,194.46,-5.86,901.92,9.9,corridor,3.19,clear,6.365,5.976,0.00,3.13,narrative_modal
537.85,2026-08-27 04:00:41,194.46,-5.86,901.92,9.9,corridor,3.21,clear,6.192,5.664,0.00,3.13,narrative_modal
538.36,2026-08-27 04:00:42,194.46,-5.86,901.92,9.9,corridor,3.23,clear,6.355,5.209,0.00,3.13,narrative_modal
538.88,2026-08-27 04:00:42,194.46,-5.86,901.92,9.9,corridor,3.25,clear,6.355,5.209,0.00,3.13,narrative_modal
539.40,2026-08-27 04:00:43,194.46,-5.86,901.92,9.9,corridor,3.28,clear,5.925,4.420,0.00,3.13,narrative_modal
539.91,2026-08-27 04:00:43,194.46,-5.86,901.92,9.9,corridor,3.30,clear,5.925,4.420,0.00,3.13,narrative_modal
540.41,2026-08-27 04:00:44,194.46,-5.86,901.92,9.9,corridor,3.32,clear,6.751,4.751,0.00,3.13,narrative_modal
540.93,2026-08-27 04:00:44,194.46,-5.86,901.92,9.9,corridor,3.34,clear,6.751,4.751,0.00,3.13,narrative_modal
541.45,2026-08-27 04:00:45,194.46,-5.86,901.92,9.9,corridor,3.36,clear,5.502,4.721,0.00,3.13,narrative_modal
541.97,2026-08-27 04:00:45,194.46,-5.86,901.92,9.9,corridor,3.38,clear,5.502,4.721,0.00,3.13,narrative_modal
542.48,2026-08-27 04:00:46,194.46,-5.86,901.92,9.9,corridor,3.40,clear,5.455,4.585,0.00,3.13,narrative_modal
542.99,2026-08-27 04:00:46,194.46,-5.86,901.92,9.9,corridor,3.42,clear,5.455,4.585,0.00,3.13,narrative_modal
543.51,2026-08-27 04:00:47,194.46,-5.86,901.92,9.9,corridor,3.44,clear,6.190,4.906,0.00,3.13,narrative_modal
544.02,2026-08-27 04:00:47,194.46,-5.86,901.92,9.9,corridor,3.46,clear,6.190,4.906,0.00,3.13,narrative_modal
544.53,2026-08-27 04:00:48,194.46,-5.86,901.92,9.9,corridor,3.48,clear,6.325,4.596,0.00,3.13,narrative_modal
545.04,2026-08-27 04:00:48,194.46,-5.86,901.92,9.9,corridor,3.50,clear,6.325,4.596,0.00,3.13,narrative_modal
545.56,2026-08-27 04:00:49,194.46,-5.86,901.92,9.9,corridor,3.52,clear,6.515,4.649,0.00,3.13,narrative_modal
546.08,2026-08-27 04:00:49,194.46,-5.86,901.92,9.9,corridor,3.54,clear,6.515,4.649,0.00,3.13,narrative_modal
546.60,2026-08-27 04:00:50,194.46,-5.86,901.92,9.9,corridor,3.56,clear,5.348,4.334,0.00,3.13,narrative_modal
547.11,2026-08-27 04:00:50,194.46,-5.86,901.92,9.9,corridor,3.58,clear,5.348,4.334,0.00,3.13,narrative_modal
547.62,2026-08-27 04:00:51,194.46,-5.86,901.92,9.9,corridor,3.60,clear,6.252,4.800,0.00,3.13,narrative_modal
548.13,2026-08-27 04:00:51,194.46,-5.86,901.92,9.9,corridor,3.62,clear,6.252,4.800,0.00,3.13,narrative_modal
548.64,2026-08-27 04:00:52,196.97,-5.98,902.21,83.5,corridor,3.65,clear,5.684,4.736,0.00,3.42,world
549.16,2026-08-27 04:00:52,201.36,-5.92,902.71,83.5,corridor,3.67,clear,5.684,4.736,0.00,6.76,world
549.68,2026-08-27 04:00:53,205.63,-5.49,903.20,83.5,corridor,3.69,clear,6.871,4.925,0.00,10.78,world
550.20,2026-08-27 04:00:53,209.99,-5.33,903.70,83.5,corridor,3.71,clear,6.871,4.925,0.00,15.05,world
550.71,2026-08-27 04:00:54,214.07,-5.82,903.75,83.3,corridor,3.73,clear,7.193,4.650,0.00,19.11,world
551.22,2026-08-27 04:00:54,218.54,-6.35,904.26,83.3,corridor,3.75,clear,7.193,4.650,0.00,23.55,world
551.73,2026-08-27 04:00:55,222.84,-6.52,904.76,83.3,corridor,3.77,clear,7.170,4.749,0.00,27.84,world
552.24,2026-08-27 04:00:55,227.10,-6.46,905.25,83.3,corridor,3.79,clear,7.170,4.749,2.14,32.10,world
552.76,2026-08-27 04:00:56,231.57,-6.16,905.77,83.3,corridor,3.81,clear,8.099,7.650,6.64,36.58,world
553.28,2026-08-27 04:00:56,235.95,-6.01,906.28,83.3,corridor,3.83,clear,8.099,7.650,11.05,40.97,world
553.79,2026-08-27 04:00:57,239.68,-5.73,906.54,83.2,corridor,3.85,clear,7.586,4.633,14.89,44.71,world
554.31,2026-08-27 04:00:57,242.01,-5.52,906.27,82.9,corridor,3.87,clear,7.586,4.633,17.35,47.03,world
554.83,2026-08-27 04:00:58,241.88,-5.25,907.28,-7.1,corridor,3.89,clear,6.832,5.101,18.36,46.94,world
555.34,2026-08-27 04:00:59,241.38,-4.32,911.24,-7.1,corridor,3.91,clear,6.832,5.101,22.36,46.80,world
555.84,2026-08-27 04:00:59,243.94,-3.63,912.60,86.2,corridor,3.93,clear,6.912,5.034,25.81,49.52,world
556.36,2026-08-27 04:01:00,248.10,-2.93,912.86,86.2,corridor,3.95,clear,6.880,4.259,29.98,53.68,world
556.88,2026-08-27 04:01:00,252.42,-2.58,913.14,86.2,corridor,3.97,clear,6.880,4.259,34.31,53.42,world
557.40,2026-08-27 04:01:01,255.58,-2.36,913.35,86.2,corridor,4.00,clear,7.848,4.348,37.47,50.27,world
557.91,2026-08-27 04:01:01,257.99,-2.04,913.50,86.2,corridor,4.02,clear,7.848,4.348,39.89,47.86,world
558.43,2026-08-27 04:01:02,260.30,-1.74,914.00,86.4,corridor,4.04,clear,8.478,4.935,42.40,45.56,world
558.94,2026-08-27 04:01:02,263.59,-1.59,914.21,86.4,corridor,4.06,clear,8.478,4.935,45.70,42.27,world
559.45,2026-08-27 04:01:03,267.77,-1.24,914.47,86.4,corridor,4.08,clear,8.202,4.434,49.89,38.10,world
559.96,2026-08-27 04:01:03,270.71,-0.87,914.66,86.4,corridor,4.10,clear,8.202,4.434,52.84,35.16,world
560.47,2026-08-27 04:01:04,273.17,-0.62,914.81,86.4,corridor,4.12,clear,10.490,4.881,55.29,32.72,world
560.99,2026-08-27 04:01:04,275.65,-0.43,914.97,86.4,corridor,4.14,clear,10.490,4.881,57.78,30.24,world
561.51,2026-08-27 04:01:05,279.05,-0.22,915.18,86.4,corridor,4.16,clear,8.485,5.351,0.00,26.87,world
562.03,2026-08-27 04:01:05,283.44,-0.07,915.46,86.4,corridor,4.18,clear,8.485,5.351,0.00,22.51,world
562.54,2026-08-27 04:01:06,286.25,0.21,915.63,86.4,corridor,4.20,clear,9.263,5.310,0.00,19.74,world
563.05,2026-08-27 04:01:06,288.66,0.52,915.79,86.4,corridor,4.22,clear,9.263,5.310,0.00,17.37,world
563.56,2026-08-27 04:01:07,291.08,0.66,915.94,86.4,corridor,4.24,clear,8.474,5.362,0.00,15.00,world
564.08,2026-08-27 04:01:07,294.69,0.60,916.18,86.4,corridor,4.26,clear,8.474,5.362,0.00,11.75,world
564.59,2026-08-27 04:01:08,299.12,0.61,916.47,86.4,corridor,4.28,clear,7.805,5.427,0.00,8.14,world
565.11,2026-08-27 04:01:08,301.87,0.80,916.65,86.5,corridor,4.30,clear,7.805,5.427,0.00,5.76,world
565.63,2026-08-27 04:01:09,304.34,1.05,916.82,86.5,corridor,4.32,clear,9.342,5.823,0.00,4.06,world
566.15,2026-08-27 04:01:09,306.81,1.29,916.98,86.5,corridor,4.35,clear,9.342,5.823,0.00,3.46,world
566.66,2026-08-27 04:01:10,310.53,1.48,917.22,86.5,corridor,4.37,clear,7.864,6.001,0.00,5.31,world
567.16,2026-08-27 04:01:10,314.55,1.75,916.97,85.7,corridor,4.39,clear,7.864,6.001,0.00,8.56,world
567.67,2026-08-27 04:01:11,317.18,1.92,917.18,85.7,corridor,4.41,clear,10.035,6.041,0.00,10.44,world
568.19,2026-08-27 04:01:11,319.37,2.01,917.52,86.0,corridor,4.43,clear,10.035,6.041,0.00,11.86,world
568.71,2026-08-27 04:01:12,322.04,2.03,918.10,86.9,corridor,4.45,clear,9.502,6.372,0.00,13.80,world
569.22,2026-08-27 04:01:12,325.89,2.19,918.31,86.9,corridor,4.47,clear,9.502,6.372,0.00,15.27,world
569.74,2026-08-27 04:01:13,329.77,2.69,918.95,88.2,corridor,4.49,clear,7.880,6.062,0.00,13.31,world
570.26,2026-08-27 04:01:13,332.21,2.99,919.35,89.5,corridor,4.51,clear,7.880,6.062,0.00,11.52,world
570.77,2026-08-27 04:01:14,334.71,3.17,919.38,89.5,corridor,4.53,clear,11.118,6.001,0.00,10.34,world
571.28,2026-08-27 04:01:14,337.13,3.33,919.40,89.5,corridor,4.55,clear,11.118,6.001,0.00,9.70,world
571.79,2026-08-27 04:01:15,341.06,3.61,919.43,89.4,corridor,4.57,clear,8.494,5.216,0.00,9.90,world
572.54,2026-08-27 04:01:16,344.33,3.45,919.47,78.9,corridor,4.59,clear,8.494,5.216,0.00,11.17,world
573.06,2026-08-27 04:01:16,343.48,3.43,921.39,-45.1,corridor,4.61,clear,8.419,375.514,0.00,9.10,world
573.57,2026-08-27 04:01:17,341.65,3.39,923.22,-45.1,corridor,4.63,clear,8.225,5.845,0.00,6.58,world
574.09,2026-08-27 04:01:17,339.77,3.18,925.10,-45.1,corridor,4.65,clear,8.225,5.845,0.00,4.11,world
574.60,2026-08-27 04:01:18,337.20,2.86,927.16,-45.0,corridor,4.67,clear,7.683,6.418,0.00,2.25,world
575.11,2026-08-27 04:01:18,334.23,2.35,929.58,-45.0,corridor,4.69,clear,7.683,6.418,0.00,4.31,world
575.62,2026-08-27 04:01:19,332.33,1.83,931.48,-45.0,corridor,4.72,clear,7.970,5.817,0.00,6.25,world
576.14,2026-08-27 04:01:19,330.44,1.43,933.37,-45.0,corridor,4.74,clear,7.970,5.817,0.00,4.00,world
576.66,2026-08-27 04:01:20,328.61,1.18,935.19,-45.0,corridor,4.76,clear,7.518,6.002,0.00,2.70,world
577.18,2026-08-27 04:01:20,328.93,1.22,935.45,18.0,corridor,4.78,clear,7.518,6.002,0.00,3.12,world
577.69,2026-08-27 04:01:21,331.80,1.58,938.30,45.0,corridor,4.80,clear,9.139,5.652,0.00,7.03,world
578.21,2026-08-27 04:01:21,332.11,1.40,941.44,-45.9,corridor,4.82,clear,9.139,5.652,0.00,5.69,world
578.72,2026-08-27 04:01:22,331.60,1.15,942.83,29.9,corridor,4.84,clear,7.667,5.661,0.00,4.95,world
579.23,2026-08-27 04:01:22,331.70,0.83,944.54,-46.1,corridor,4.86,clear,7.667,5.661,0.00,5.33,world
579.74,2026-08-27 04:01:23,331.31,0.80,944.52,-46.1,corridor,4.88,clear,8.909,5.275,0.00,5.26,world
580.25,2026-08-27 04:01:23,331.31,0.80,944.52,43.9,corridor,4.90,clear,8.909,5.275,0.00,5.65,world
580.77,2026-08-27 04:01:24,331.31,0.80,944.52,43.9,corridor,4.92,clear,7.438,6.083,0.00,6.10,world
581.29,2026-08-27 04:01:24,331.31,0.80,944.52,-46.1,corridor,4.94,clear,7.438,6.083,0.00,6.59,world
581.81,2026-08-27 04:01:25,331.31,0.80,944.52,43.9,corridor,4.96,clear,7.048,5.584,0.00,7.13,world
582.32,2026-08-27 04:01:25,331.31,0.80,944.52,43.9,corridor,4.98,clear,7.048,5.584,0.00,7.70,world
582.82,2026-08-27 04:01:26,331.31,0.80,944.52,43.9,corridor,5.00,clear,5.869,5.612,0.00,8.27,world
583.32,2026-08-27 04:01:27,331.31,0.80,944.52,-46.1,corridor,5.02,clear,5.869,5.612,0.00,8.64,world
583.84,2026-08-27 04:01:27,329.94,0.80,943.94,-136.1,corridor,5.04,clear,5.901,4.815,0.00,7.21,world
584.34,2026-08-27 04:01:28,327.00,0.82,941.71,-45.4,corridor,5.06,clear,5.901,4.815,0.00,4.49,world
584.86,2026-08-27 04:01:28,327.56,0.69,943.05,28.2,corridor,5.08,clear,7.403,4.723,0.00,4.80,world
585.37,2026-08-27 04:01:29,326.05,0.06,946.46,-45.8,corridor,5.11,clear,8.538,4.703,0.00,4.63,world
585.89,2026-08-27 04:01:29,322.84,-0.14,949.58,-45.8,corridor,5.13,clear,8.538,4.703,0.00,6.38,world
586.41,2026-08-27 04:01:30,319.63,-0.41,952.70,-45.8,corridor,5.15,clear,9.325,4.733,0.00,10.01,world
586.93,2026-08-27 04:01:30,316.94,-0.83,955.82,-45.8,corridor,5.17,clear,9.325,4.733,0.00,14.30,world
587.44,2026-08-27 04:01:31,313.74,-0.90,958.93,-45.8,corridor,5.19,clear,9.514,5.504,0.00,18.92,world
587.94,2026-08-27 04:01:31,310.76,-0.44,961.81,-45.8,corridor,5.21,clear,9.514,5.504,0.00,23.29,world
588.46,2026-08-27 04:01:32,308.17,0.38,964.32,-45.8,corridor,5.23,clear,8.987,4.617,0.00,27.18,world
588.98,2026-08-27 04:01:32,307.86,0.36,964.04,-129.9,corridor,5.25,clear,8.987,4.617,0.00,27.50,world
589.49,2026-08-27 04:01:33,304.73,0.35,961.15,-135.8,corridor,5.27,clear,7.366,4.704,0.00,26.57,world
590.01,2026-08-27 04:01:33,302.95,0.43,959.30,-135.8,corridor,5.29,clear,7.366,4.704,0.00,26.13,world
590.53,2026-08-27 04:01:34,301.37,0.87,960.29,-44.8,corridor,5.31,clear,7.400,5.246,0.00,27.90,world
591.05,2026-08-27 04:01:34,299.74,1.28,961.94,-44.8,corridor,5.33,clear,7.400,5.246,0.24,30.22,world
591.56,2026-08-27 04:01:35,296.89,1.56,964.81,-44.8,corridor,5.35,clear,8.071,6.142,4.28,34.25,world
592.06,2026-08-27 04:01:35,294.52,1.46,967.18,-44.8,corridor,5.37,clear,8.071,6.142,7.63,37.59,world
592.58,2026-08-27 04:01:36,292.65,1.24,969.06,-44.8,corridor,5.39,clear,8.333,4.171,10.28,40.25,world
593.10,2026-08-27 04:01:36,290.77,1.00,970.94,-44.8,corridor,5.41,clear,8.333,4.171,12.95,42.90,world
593.61,2026-08-27 04:01:37,288.90,0.83,972.82,-44.8,corridor,5.43,clear,7.808,3.972,15.59,45.54,world
594.13,2026-08-27 04:01:37,285.91,0.66,975.82,-44.8,corridor,5.46,clear,7.808,3.972,19.83,49.78,world
594.65,2026-08-27 04:01:38,282.99,0.50,978.74,-44.8,corridor,5.48,clear,7.882,4.204,23.96,53.91,world
595.16,2026-08-27 04:01:38,281.14,0.49,980.58,-44.8,corridor,5.50,clear,7.882,4.204,26.57,56.51,world
595.66,2026-08-27 04:01:39,279.39,0.58,982.32,-44.8,corridor,5.52,clear,7.280,4.308,29.04,58.98,world
596.18,2026-08-27 04:01:39,277.60,0.73,984.11,-44.8,corridor,5.54,clear,7.280,4.308,31.57,61.50,world
596.70,2026-08-27 04:01:40,274.58,0.82,987.15,-44.8,corridor,5.56,clear,7.310,3.801,35.85,65.79,world
597.20,2026-08-27 04:01:40,271.74,0.45,990.01,-44.8,corridor,5.58,clear,7.310,3.801,39.88,69.81,world
597.71,2026-08-27 04:01:41,269.95,0.34,991.81,-44.8,corridor,5.60,clear,25.560,7.329,42.42,72.35,world
598.21,2026-08-27 04:01:41,268.22,0.42,993.56,-44.8,corridor,5.62,clear,25.560,7.329,44.88,74.81,world
598.73,2026-08-27 04:01:42,266.44,0.57,995.35,-44.8,corridor,5.64,clear,6.956,3.755,47.41,77.34,world
599.25,2026-08-27 04:01:42,263.43,0.87,998.39,-44.8,corridor,5.66,clear,6.956,3.755,51.68,81.61,world
599.76,2026-08-27 04:01:43,260.82,1.36,1001.02,-44.8,corridor,5.68,clear,8.204,4.303,55.39,85.32,world
600.27,2026-08-27 04:01:43,259.16,1.74,1002.70,-44.8,corridor,5.70,clear,8.204,4.303,57.76,87.68,world
600.78,2026-08-27 04:01:44,257.56,2.11,1004.32,-44.8,corridor,5.72,clear,8.486,4.315,60.03,89.96,world
601.29,2026-08-27 04:01:44,255.84,2.47,1006.06,-44.8,corridor,5.74,clear,8.486,4.315,62.48,92.40,world
601.81,2026-08-27 04:01:45,252.78,2.72,1009.15,-44.8,corridor,5.76,clear,7.461,3.798,66.83,96.75,world
602.33,2026-08-27 04:01:46,250.13,2.81,1011.82,-44.8,corridor,5.78,clear,7.461,3.798,70.59,98.14,world
602.85,2026-08-27 04:01:46,248.36,2.95,1013.61,-44.8,corridor,5.80,clear,9.077,4.070,73.10,96.30,world
603.36,2026-08-27 04:01:47,246.55,2.96,1015.44,-44.8,corridor,5.82,clear,7.749,4.095,75.68,94.45,world
603.88,2026-08-27 04:01:47,244.53,2.77,1017.49,-44.8,corridor,5.85,clear,7.749,4.095,78.55,92.43,world
604.38,2026-08-27 04:01:48,241.48,2.53,1020.57,-44.8,corridor,5.87,clear,7.724,4.139,82.89,89.46,world
604.89,2026-08-27 04:01:48,238.91,2.59,1023.16,-44.8,corridor,5.89,clear,7.724,4.139,86.54,87.06,world
605.41,2026-08-27 04:01:49,237.13,2.73,1024.95,-44.8,corridor,5.91,clear,8.974,4.205,89.06,85.45,world
605.92,2026-08-27 04:01:49,235.36,2.87,1026.74,-44.8,corridor,5.93,clear,8.974,4.205,91.58,83.89,world
606.44,2026-08-27 04:01:50,233.30,2.90,1028.81,-44.8,corridor,5.95,clear,7.350,4.186,94.50,82.14,world
606.96,2026-08-27 04:01:50,230.15,2.75,1031.98,-44.8,corridor,5.97,clear,7.350,4.186,98.97,79.59,world
607.48,2026-08-27 04:01:51,227.70,2.75,1034.46,-44.8,corridor,5.99,clear,8.433,4.425,102.46,77.72,world
607.99,2026-08-27 04:01:51,225.88,2.75,1036.29,-44.8,corridor,6.01,clear,8.433,4.425,105.04,76.41,world
608.49,2026-08-27 04:01:52,224.10,2.64,1038.10,-44.8,corridor,6.03,clear,7.666,3.764,107.57,75.19,world
609.01,2026-08-27 04:01:52,221.90,2.37,1040.31,-44.8,corridor,6.05,clear,7.666,3.764,110.69,73.77,world
609.53,2026-08-27 04:01:53,218.77,2.27,1043.47,-44.8,corridor,6.07,clear,7.599,4.118,115.14,71.95,world
610.04,2026-08-27 04:01:53,216.51,2.61,1045.75,-44.8,corridor,6.09,clear,7.599,4.118,118.35,70.77,world
610.56,2026-08-27 04:01:54,214.79,2.88,1047.49,-44.8,corridor,6.11,clear,7.102,4.110,120.80,69.96,world
611.08,2026-08-27 04:01:54,213.04,3.06,1049.26,-44.8,corridor,6.13,clear,7.102,4.110,123.28,68.94,world
611.59,2026-08-27 04:01:55,210.79,3.13,1051.53,-44.8,corridor,6.15,clear,6.887,3.821,126.48,67.58,world
612.09,2026-08-27 04:01:55,207.74,2.79,1054.61,-44.8,corridor,6.17,clear,6.887,3.821,130.82,65.94,world
612.60,2026-08-27 04:01:56,205.46,2.41,1056.90,-44.8,corridor,6.19,clear,7.079,4.373,134.05,64.88,world
613.11,2026-08-27 04:01:56,203.61,2.25,1058.77,-44.8,corridor,6.21,clear,7.079,4.373,136.68,64.12,world
613.61,2026-08-27 04:01:57,201.87,2.31,1060.53,-44.8,corridor,6.23,clear,6.567,3.799,139.16,63.50,world
614.13,2026-08-27 04:01:57,199.66,2.55,1062.77,-44.8,corridor,6.26,clear,6.567,3.799,142.30,62.84,world
614.65,2026-08-27 04:01:58,196.55,2.62,1065.90,-44.8,corridor,6.28,clear,6.255,4.201,146.71,62.17,world
615.16,2026-08-27 04:01:58,194.26,2.27,1068.22,-44.8,corridor,6.30,clear,6.255,4.201,149.97,61.88,world
615.68,2026-08-27 04:01:59,192.39,1.97,1070.12,-44.8,corridor,6.32,clear,6.603,4.219,152.64,61.76,world
616.19,2026-08-27 04:01:59,190.54,1.84,1071.98,-44.8,corridor,6.34,clear,6.603,4.219,155.26,61.76,world
616.71,2026-08-27 04:02:00,188.12,1.70,1074.43,-44.8,corridor,6.36,clear,6.949,4.536,158.71,61.93,world
617.22,2026-08-27 04:02:00,184.96,1.41,1077.62,-44.8,corridor,6.38,clear,6.949,4.536,163.19,62.44,world
617.72,2026-08-27 04:02:01,182.94,1.53,1079.66,-44.8,corridor,6.40,clear,6.221,4.116,166.07,62.92,world
618.24,2026-08-27 04:02:01,181.24,1.82,1081.39,-44.8,corridor,6.42,clear,6.221,4.116,168.49,63.43,world
618.76,2026-08-27 04:02:02,179.57,2.19,1083.08,-44.8,corridor,6.44,clear,6.025,4.632,170.87,64.01,world
619.28,2026-08-27 04:02:02,177.24,2.66,1085.44,-44.8,corridor,6.46,clear,6.025,4.632,174.19,64.96,world
619.79,2026-08-27 04:02:03,174.20,3.05,1088.52,-44.8,corridor,6.48,clear,6.087,4.319,178.51,66.43,world
620.31,2026-08-27 04:02:03,172.22,3.23,1090.52,-44.8,corridor,6.50,clear,6.087,4.319,181.33,67.52,world
620.82,2026-08-27 04:02:04,170.42,3.28,1092.35,-44.8,corridor,6.52,clear,6.784,4.291,183.89,68.60,world
621.33,2026-08-27 04:02:05,168.63,3.14,1094.15,-44.8,corridor,6.54,clear,6.784,4.291,186.44,69.75,world
621.84,2026-08-27 04:02:05,166.01,2.71,1096.80,-44.8,corridor,6.56,clear,7.080,4.098,190.15,71.56,world
622.36,2026-08-27 04:02:06,162.86,2.40,1099.98,-44.8,corridor,6.58,clear,6.550,3.902,194.64,73.43,world
622.88,2026-08-27 04:02:06,160.91,2.41,1101.94,-44.8,corridor,6.61,clear,6.550,3.902,197.40,74.48,world
623.40,2026-08-27 04:02:07,159.07,2.30,1103.80,-44.8,corridor,6.63,clear,6.550,4.719,200.02,75.55,world
623.91,2026-08-27 04:02:07,157.23,2.22,1105.65,-44.8,corridor,6.65,clear,6.550,4.719,202.63,76.69,world
624.42,2026-08-27 04:02:08,154.57,2.42,1108.34,-44.8,corridor,6.67,clear,6.287,3.831,206.41,73.85,world
624.93,2026-08-27 04:02:08,151.58,2.55,1111.35,-44.8,corridor,6.69,clear,6.287,3.831,210.66,70.37,world
625.44,2026-08-27 04:02:09,149.74,2.65,1113.21,-44.8,corridor,6.71,clear,6.941,4.070,213.27,68.27,world
625.96,2026-08-27 04:02:09,147.99,2.86,1114.98,-44.8,corridor,6.73,clear,6.941,4.070,215.76,66.31,world
626.48,2026-08-27 04:02:10,146.25,3.08,1116.74,-44.8,corridor,6.75,clear,7.821,4.406,218.23,64.40,world
627.00,2026-08-27 04:02:10,143.56,3.44,1119.46,-44.8,corridor,6.77,clear,7.821,4.406,222.06,61.52,world
627.51,2026-08-27 04:02:11,140.66,3.99,1122.39,-44.8,corridor,6.79,clear,7.010,4.207,226.18,58.53,world
628.03,2026-08-27 04:02:11,138.88,4.10,1124.19,-44.8,corridor,6.81,clear,7.010,4.207,228.71,56.77,world
628.54,2026-08-27 04:02:12,137.05,4.04,1126.03,-44.8,corridor,6.83,clear,7.280,3.828,231.31,55.02,world
629.05,2026-08-27 04:02:12,135.27,3.96,1127.83,-44.8,corridor,6.85,clear,7.280,3.828,233.84,53.39,world
629.56,2026-08-27 04:02:13,132.40,3.98,1130.72,-44.8,corridor,6.87,clear,7.244,4.121,237.91,50.92,world
630.08,2026-08-27 04:02:13,129.45,4.07,1133.69,-44.8,corridor,6.89,clear,7.244,4.121,242.09,48.61,world
630.60,2026-08-27 04:02:14,127.63,4.05,1135.53,-44.8,corridor,6.91,clear,7.695,3.839,244.68,47.31,world
631.11,2026-08-27 04:02:14,125.82,4.06,1137.36,-44.8,corridor,6.93,clear,7.695,3.839,247.26,46.12,world
631.63,2026-08-27 04:02:15,124.03,4.18,1139.16,-44.8,corridor,6.96,clear,6.967,4.643,249.79,45.06,world
632.14,2026-08-27 04:02:15,121.10,4.46,1142.12,-44.8,corridor,6.98,clear,6.967,4.643,253.96,43.58,world
632.64,2026-08-27 04:02:16,118.44,4.88,1144.81,-44.8,corridor,7.00,clear,7.625,4.469,257.74,42.56,world
633.16,2026-08-27 04:02:16,116.75,5.21,1146.51,-44.8,corridor,7.02,clear,7.625,4.469,260.14,42.05,world
633.68,2026-08-27 04:02:17,115.00,5.40,1148.28,-44.8,corridor,7.04,clear,7.680,4.541,262.63,41.67,world
634.19,2026-08-27 04:02:17,113.19,5.44,1150.10,-44.8,corridor,7.06,clear,7.680,4.541,265.20,41.42,world
634.71,2026-08-27 04:02:18,110.13,5.52,1153.19,-44.8,corridor,7.08,clear,8.705,5.399,269.55,41.37,world
635.23,2026-08-27 04:02:18,107.40,5.66,1155.93,-44.8,corridor,7.10,clear,8.705,5.399,273.41,41.71,world
635.75,2026-08-27 04:02:19,105.62,5.78,1157.73,-44.8,corridor,7.12,clear,8.519,5.037,275.95,42.12,world
636.26,2026-08-27 04:02:19,103.83,5.88,1159.53,-44.8,corridor,7.14,clear,8.519,5.037,278.49,42.68,world
636.76,2026-08-27 04:02:20,102.00,5.82,1161.37,-44.8,corridor,7.16,clear,8.095,4.337,281.08,43.26,world
637.28,2026-08-27 04:02:20,98.86,5.10,1164.53,-44.8,corridor,7.18,clear,8.095,4.337,285.54,44.33,world
637.80,2026-08-27 04:02:21,96.16,4.21,1167.25,-44.8,corridor,7.20,clear,6.666,4.107,289.37,45.57,world
638.31,2026-08-27 04:02:21,94.27,3.80,1169.14,-44.8,corridor,7.22,clear,6.666,4.107,292.04,46.61,world
638.83,2026-08-27 04:02:22,92.41,3.60,1171.01,-44.8,corridor,7.24,clear,6.724,4.091,294.68,47.76,world
639.35,2026-08-27 04:02:23,90.40,3.51,1173.04,-44.8,corridor,7.26,clear,7.130,4.503,297.53,49.12,world
639.86,2026-08-27 04:02:23,87.27,3.45,1176.20,-44.8,corridor,7.28,clear,7.130,4.503,301.98,51.50,world
640.36,2026-08-27 04:02:24,84.79,3.42,1178.70,-44.8,corridor,7.30,clear,7.835,4.091,305.51,53.39,world
640.87,2026-08-27 04:02:24,82.96,3.37,1180.55,-44.8,corridor,7.33,clear,7.835,4.091,308.11,50.96,world
641.39,2026-08-27 04:02:25,81.12,3.29,1182.41,-44.8,corridor,7.35,clear,7.280,4.255,310.72,48.55,world
641.91,2026-08-27 04:02:25,79.02,3.12,1184.53,-44.8,corridor,7.37,clear,7.280,4.255,313.70,45.82,world
642.43,2026-08-27 04:02:26,75.86,2.66,1187.72,-44.8,corridor,7.39,clear,7.480,4.248,318.20,41.76,world
642.94,2026-08-27 04:02:26,73.36,2.37,1190.24,-44.8,corridor,7.41,clear,7.480,4.248,321.75,38.63,world
643.46,2026-08-27 04:02:27,71.54,2.34,1192.09,-44.8,corridor,7.43,clear,8.398,3.991,324.34,36.39,world
643.97,2026-08-27 04:02:27,69.75,2.45,1193.89,-44.8,corridor,7.45,clear,8.398,3.991,326.88,34.24,world
644.47,2026-08-27 04:02:28,67.69,2.55,1195.98,-44.8,corridor,7.47,clear,7.127,4.411,329.82,31.83,world
644.99,2026-08-27 04:02:28,64.55,2.48,1199.15,-44.8,corridor,7.49,clear,7.127,4.411,0.00,28.37,world
645.51,2026-08-27 04:02:29,62.23,2.67,1201.48,-44.8,corridor,7.51,clear,8.267,4.666,0.00,26.01,world
646.03,2026-08-27 04:02:29,60.47,2.82,1203.27,-44.8,corridor,7.53,clear,8.267,4.666,0.00,24.35,world
646.55,2026-08-27 04:02:30,58.65,2.81,1205.10,-44.8,corridor,7.55,clear,7.934,5.001,0.00,22.81,world
647.06,2026-08-27 04:02:30,56.34,2.61,1207.43,-44.8,corridor,7.57,clear,7.934,5.001,0.00,21.08,world
647.57,2026-08-27 04:02:31,53.20,2.53,1210.59,-44.8,corridor,7.59,clear,8.973,4.583,0.00,18.91,world
648.08,2026-08-27 04:02:31,51.05,2.69,1212.76,-44.9,corridor,7.61,clear,8.973,4.583,0.00,18.17,world
648.58,2026-08-27 04:02:32,49.34,2.82,1214.49,-44.9,corridor,7.63,clear,7.262,5.569,0.00,18.09,world
649.09,2026-08-27 04:02:32,47.53,2.85,1216.32,-44.9,corridor,7.65,clear,7.262,5.569,0.00,18.36,world
649.59,2026-08-27 04:02:33,45.29,2.74,1218.58,-44.9,corridor,7.67,clear,8.567,4.267,0.00,16.34,world
650.11,2026-08-27 04:02:33,42.12,2.33,1221.76,-44.9,corridor,7.69,clear,8.567,4.267,0.00,12.74,world
650.62,2026-08-27 04:02:34,39.82,2.00,1224.07,-44.9,corridor,7.72,clear,10.246,4.527,0.00,10.27,world
651.14,2026-08-27 04:02:34,37.96,1.87,1225.93,-44.9,corridor,7.74,clear,10.246,4.527,0.00,8.66,world
651.66,2026-08-27 04:02:35,36.14,1.87,1227.76,-44.9,corridor,7.76,clear,8.107,4.494,0.00,7.65,world
652.18,2026-08-27 04:02:35,33.77,2.03,1230.15,-44.9,corridor,7.78,clear,8.107,4.494,0.00,7.56,world
652.69,2026-08-27 04:02:36,30.81,2.65,1233.12,-44.9,corridor,7.80,clear,7.563,4.518,0.00,9.32,world
653.19,2026-08-27 04:02:36,28.95,3.17,1235.00,-44.9,corridor,7.82,clear,7.563,4.518,0.00,11.12,world
653.71,2026-08-27 04:02:37,27.32,3.58,1236.64,-44.9,corridor,7.84,clear,6.629,4.727,0.00,12.94,world
654.22,2026-08-27 04:02:37,25.61,3.86,1238.37,-44.9,corridor,7.86,clear,6.629,4.727,0.00,15.00,world
654.74,2026-08-27 04:02:38,23.16,4.07,1240.82,-44.9,corridor,7.88,clear,6.198,5.007,0.00,18.21,world
655.26,2026-08-27 04:02:38,20.10,4.40,1243.90,-45.0,corridor,7.90,clear,6.198,5.007,0.00,22.88,world
655.78,2026-08-27 04:02:39,18.10,4.34,1245.95,-24.0,corridor,7.92,clear,6.338,5.105,0.00,26.14,world
656.29,2026-08-27 04:02:39,17.92,3.98,1248.60,-3.4,corridor,7.94,clear,6.338,5.105,0.00,27.70,world
656.81,2026-08-27 04:02:40,17.76,3.61,1251.26,-3.4,corridor,7.96,clear,6.139,3.980,0.00,29.41,world
657.31,2026-08-27 04:02:40,17.54,3.22,1254.89,-3.4,corridor,7.98,clear,6.139,3.980,0.00,29.23,world
657.83,2026-08-27 04:02:41,17.27,2.78,1259.38,-3.4,corridor,8.00,clear,5.912,4.680,0.00,24.79,world
658.34,2026-08-27 04:02:42,17.11,2.60,1262.19,-3.4,corridor,8.02,clear,6.742,4.816,0.00,22.01,world
658.86,2026-08-27 04:02:42,16.95,2.58,1264.77,-3.4,corridor,8.04,clear,6.742,4.816,0.00,19.13,world
659.38,2026-08-27 04:02:43,16.80,2.60,1267.34,-3.4,corridor,8.07,clear,5.433,4.813,0.00,16.33,world
659.90,2026-08-27 04:02:43,16.57,2.48,1271.19,-3.4,corridor,8.09,clear,5.433,4.813,0.00,12.61,world
660.41,2026-08-27 04:02:44,16.30,2.16,1275.64,-3.4,corridor,8.11,clear,6.554,5.117,0.00,8.47,world
660.91,2026-08-27 04:02:44,16.14,2.08,1278.20,-3.4,corridor,8.13,clear,6.554,5.117,0.00,6.29,world
661.43,2026-08-27 04:02:45,15.98,2.04,1280.79,-3.4,corridor,8.15,clear,6.163,4.827,0.00,4.51,world
661.95,2026-08-27 04:02:45,15.82,1.97,1283.40,-3.4,corridor,8.17,clear,6.163,4.827,0.00,3.82,world
662.46,2026-08-27 04:02:46,15.57,1.83,1287.38,-3.4,corridor,8.19,clear,5.755,4.629,0.00,5.51,world
662.98,2026-08-27 04:02:46,15.30,1.65,1291.74,-3.4,corridor,8.21,clear,5.755,4.629,0.00,3.92,world
663.49,2026-08-27 04:02:47,15.14,1.56,1294.35,-3.3,corridor,8.23,clear,7.410,4.616,0.00,4.96,world
664.01,2026-08-27 04:02:47,14.98,1.31,1297.00,-3.3,corridor,8.25,clear,7.410,4.616,0.00,6.93,world
664.52,2026-08-27 04:02:48,14.82,0.87,1299.67,-3.3,corridor,8.27,clear,8.357,5.111,0.00,9.26,world
665.03,2026-08-27 04:02:48,14.58,0.02,1303.69,-3.2,corridor,8.29,clear,8.357,5.111,0.00,10.33,world
665.54,2026-08-27 04:02:49,14.34,-1.72,1307.89,-3.2,corridor,8.31,clear,11.644,5.345,0.00,6.12,world
666.06,2026-08-27 04:02:49,14.19,-2.62,1310.51,-3.1,corridor,8.33,clear,11.644,5.345,0.00,3.50,world
666.68,2026-08-27 04:02:50,14.17,-2.67,1310.82,-3.1,corridor,8.36,clear,9.776,5.178,0.00,3.18,narrative_modal
667.18,2026-08-27 04:02:50,14.17,-2.67,1310.82,-3.1,corridor,8.38,clear,9.776,5.178,0.00,3.18,narrative_modal
667.70,2026-08-27 04:02:51,14.17,-2.67,1310.82,-3.1,corridor,8.40,clear,7.532,6.514,0.00,3.18,narrative_modal
668.21,2026-08-27 04:02:51,14.17,-2.67,1310.82,-3.1,corridor,8.42,clear,7.532,6.514,0.00,3.18,narrative_modal
668.72,2026-08-27 04:02:52,14.17,-2.67,1310.82,-3.1,corridor,8.44,clear,5.706,5.467,0.00,3.18,narrative_modal
669.23,2026-08-27 04:02:52,14.17,-2.67,1310.82,-3.1,corridor,8.46,clear,5.706,5.467,0.00,3.18,narrative_modal
669.73,2026-08-27 04:02:53,14.17,-2.67,1310.82,-3.1,corridor,8.48,clear,5.372,5.612,0.00,3.18,narrative_modal
670.24,2026-08-27 04:02:53,14.17,-2.67,1310.82,-3.1,corridor,8.50,clear,5.372,5.612,0.00,3.18,narrative_modal
670.75,2026-08-27 04:02:54,14.17,-2.67,1310.82,-3.1,corridor,8.52,clear,5.277,5.410,0.00,3.18,narrative_modal
671.31,2026-08-27 04:02:54,14.17,-2.67,1310.82,-3.1,corridor,8.54,clear,5.277,5.410,0.00,3.18,narrative_modal
672.02,2026-08-27 04:02:55,14.17,-2.67,1310.82,-3.1,corridor,8.57,clear,5.815,6.565,0.00,3.18,narrative_modal
672.71,2026-08-27 04:02:56,14.17,-2.67,1310.82,-3.1,corridor,8.60,clear,5.443,6.909,0.00,3.18,narrative_modal
673.41,2026-08-27 04:02:57,14.17,-2.67,1310.82,-3.1,corridor,8.63,clear,5.597,7.085,0.00,3.18,narrative_modal
674.11,2026-08-27 04:02:57,14.17,-2.67,1310.82,-3.1,corridor,8.65,clear,5.597,7.085,0.00,3.18,narrative_modal
674.81,2026-08-27 04:02:58,14.17,-2.67,1310.82,-3.1,corridor,8.68,clear,5.374,6.987,0.00,3.18,narrative_modal
675.51,2026-08-27 04:02:59,14.17,-2.67,1310.82,-3.1,corridor,8.71,clear,6.909,7.651,0.00,3.18,narrative_modal
676.21,2026-08-27 04:02:59,14.17,-2.67,1310.82,-3.1,corridor,8.74,clear,6.909,7.651,0.00,3.18,narrative_modal
676.91,2026-08-27 04:03:00,14.17,-2.67,1310.82,-3.1,corridor,8.77,clear,5.293,6.097,0.00,3.18,narrative_modal
677.61,2026-08-27 04:03:01,14.17,-2.67,1310.82,-3.1,corridor,8.79,clear,5.555,5.838,0.00,3.18,narrative_modal
678.31,2026-08-27 04:03:01,14.17,-2.67,1310.82,-3.1,corridor,8.82,clear,5.555,5.838,0.00,3.18,narrative_modal
678.81,2026-08-27 04:03:02,14.17,-2.67,1310.82,-3.1,corridor,8.84,clear,5.500,5.893,0.00,3.18,narrative_modal
679.38,2026-08-27 04:03:03,14.17,-2.67,1310.82,-3.1,corridor,8.87,clear,5.302,4.640,0.00,3.18,narrative_modal
680.08,2026-08-27 04:03:03,14.17,-2.67,1310.82,-3.1,corridor,8.89,clear,5.302,4.640,0.00,3.18,narrative_modal
680.78,2026-08-27 04:03:04,14.17,-2.67,1310.82,-3.1,corridor,8.92,clear,5.258,6.006,0.00,3.18,narrative_modal
681.48,2026-08-27 04:03:05,14.17,-2.67,1310.82,-3.1,corridor,8.95,clear,5.801,5.735,0.00,3.18,narrative_modal
682.18,2026-08-27 04:03:05,14.17,-2.67,1310.82,-3.1,corridor,8.98,clear,5.801,5.735,0.00,3.18,narrative_modal
682.88,2026-08-27 04:03:06,14.17,-2.67,1310.82,-3.1,corridor,9.01,clear,5.057,5.830,0.00,3.18,narrative_modal
683.58,2026-08-27 04:03:07,14.17,-2.67,1310.82,-3.1,corridor,9.03,clear,5.514,5.783,0.00,3.18,narrative_modal
684.10,2026-08-27 04:03:07,14.17,-2.67,1310.82,-3.1,corridor,9.05,clear,5.514,5.783,0.00,3.18,narrative_modal
684.62,2026-08-27 04:03:08,14.17,-2.67,1310.82,-3.1,corridor,9.07,clear,5.485,5.855,0.00,3.18,narrative_modal
685.13,2026-08-27 04:03:08,14.17,-2.67,1310.82,-3.1,corridor,9.10,clear,5.485,5.855,0.00,3.18,narrative_modal
685.65,2026-08-27 04:03:09,14.17,-2.67,1310.82,-3.1,corridor,9.12,clear,5.287,4.809,0.00,3.18,narrative_modal
686.16,2026-08-27 04:03:09,14.17,-2.67,1310.82,-3.1,corridor,9.14,clear,5.287,4.809,0.00,3.18,narrative_modal
686.68,2026-08-27 04:03:10,14.17,-2.67,1310.82,-3.1,corridor,9.16,clear,5.604,4.662,0.00,3.18,narrative_modal
687.19,2026-08-27 04:03:10,14.17,-2.67,1310.82,-3.1,corridor,9.18,clear,5.604,4.662,0.00,3.18,narrative_modal
687.69,2026-08-27 04:03:11,14.17,-2.67,1310.82,-3.1,corridor,9.20,clear,6.846,4.956,0.00,3.18,narrative_modal
688.21,2026-08-27 04:03:11,14.17,-2.67,1310.82,-3.1,corridor,9.22,clear,6.846,4.956,0.00,3.18,narrative_modal
688.73,2026-08-27 04:03:12,14.17,-2.67,1310.82,-3.1,corridor,9.24,clear,5.621,6.221,0.00,3.18,narrative_modal
689.25,2026-08-27 04:03:12,14.17,-2.67,1310.82,-3.1,corridor,9.26,clear,5.621,6.221,0.00,3.18,narrative_modal
689.76,2026-08-27 04:03:13,14.17,-2.67,1310.82,-3.1,corridor,9.28,clear,5.548,4.716,0.00,3.18,narrative_modal
690.27,2026-08-27 04:03:13,14.17,-2.67,1310.82,-3.1,corridor,9.30,clear,5.548,4.716,0.00,3.18,narrative_modal
690.78,2026-08-27 04:03:14,14.17,-2.67,1310.82,-3.1,corridor,9.32,clear,5.397,4.802,0.00,3.18,narrative_modal
691.28,2026-08-27 04:03:14,14.17,-2.67,1310.82,-3.1,corridor,9.34,clear,5.397,4.802,0.00,3.18,narrative_modal
691.79,2026-08-27 04:03:15,14.17,-2.67,1310.82,-3.1,corridor,9.36,clear,5.809,4.822,0.00,3.18,narrative_modal
692.29,2026-08-27 04:03:15,14.17,-2.67,1310.82,-3.1,corridor,9.38,clear,5.809,4.822,0.00,3.18,world
692.81,2026-08-27 04:03:16,11.98,-2.90,1313.78,-36.5,corridor,9.40,clear,5.572,5.229,0.00,2.03,world
693.33,2026-08-27 04:03:17,9.34,-2.90,1317.36,-36.5,corridor,9.42,clear,5.572,5.229,0.00,5.75,world
693.84,2026-08-27 04:03:17,6.75,-2.84,1320.86,-36.5,corridor,9.44,clear,9.473,5.202,0.00,9.99,world
694.36,2026-08-27 04:03:18,4.20,-4.34,1323.90,-34.5,corridor,9.46,clear,12.462,4.949,0.00,13.93,world
694.88,2026-08-27 04:03:18,7.78,-2.90,1317.35,-31.6,corridor,9.49,clear,12.462,4.949,0.00,7.06,world
695.39,2026-08-27 04:03:19,4.89,-2.90,1318.00,-121.6,corridor,9.51,clear,9.695,4.991,0.00,9.95,world
695.89,2026-08-27 04:03:19,1.35,-2.89,1316.05,-48.1,corridor,9.53,clear,9.695,4.991,0.00,12.81,world
696.41,2026-08-27 04:03:20,0.56,-2.86,1319.53,-3.1,corridor,9.55,clear,6.536,5.251,0.00,14.53,world
696.93,2026-08-27 04:03:20,0.33,-4.31,1323.91,-3.1,corridor,9.57,clear,6.536,5.251,0.00,16.88,world
697.55,2026-08-27 04:03:21,8.00,-1.91,1317.00,-3.1,corridor,9.58,clear,6.536,5.251,0.00,6.71,menu_map
698.29,2026-08-27 04:03:21,8.00,-1.91,1317.00,-3.1,corridor,9.58,clear,238.148,4.288,0.00,6.71,menu_settings
698.80,2026-08-27 04:03:22,8.00,-1.91,1317.00,-3.1,corridor,9.58,clear,109.426,4.389,0.00,6.71,menu_backpack
699.32,2026-08-27 04:03:22,8.00,-1.91,1317.00,-3.1,corridor,9.58,clear,109.426,4.389,0.00,6.71,menu_backpack
699.83,2026-08-27 04:03:23,8.00,-1.91,1317.00,-3.1,corridor,9.58,clear,37.962,2.747,0.00,6.71,menu_backpack
700.35,2026-08-27 04:03:24,8.00,-1.91,1317.00,-3.1,corridor,9.58,clear,3.380,2.461,0.00,6.71,menu_backpack
700.87,2026-08-27 04:03:24,8.00,-1.91,1317.00,-3.1,corridor,9.58,clear,3.380,2.461,0.00,6.71,menu_backpack
