t,wall,x,y,z,heading,region,clock_hour,weather,frame_ms,physics_ms,dead_travel_m,nearest_poi_dist_m,input_context
0.73,2026-08-31 00:40:10,0.00,0.00,0.00,0.0,grandpas_village,0.00,,23.076,4.429,0.00,,title
0.88,2026-08-31 00:40:10,0.00,0.00,0.00,0.0,grandpas_village,0.00,,23.076,4.429,0.00,,title
1.57,2026-08-31 00:40:46,-180.00,23.71,2730.00,30.0,corridor,8.02,clear,28466.390,3471.571,0.00,,world
2.07,2026-08-31 00:40:46,-180.00,14.58,2730.00,30.0,corridor,8.04,clear,28466.390,3471.571,0.00,,world
2.57,2026-08-31 00:40:47,-180.00,-2.91,2730.00,30.0,corridor,8.06,clear,16.635,3.270,0.00,,world
3.07,2026-08-31 00:40:48,-180.00,-2.91,2730.00,30.0,corridor,8.08,clear,16.635,3.270,0.00,,world
3.57,2026-08-31 00:40:48,-180.00,-2.91,2730.00,30.0,corridor,8.10,clear,16.280,3.701,0.00,,world
4.07,2026-08-31 00:40:49,-180.00,-2.91,2730.00,30.0,corridor,8.12,clear,16.280,3.701,0.00,,world
4.57,2026-08-31 00:40:49,-180.00,-2.91,2730.00,30.0,corridor,8.14,clear,16.130,4.121,0.00,,world
5.07,2026-08-31 00:40:50,-180.00,-2.91,2730.00,30.0,corridor,8.16,clear,16.130,4.121,0.00,,world
5.57,2026-08-31 00:40:50,-180.00,-2.91,2730.00,30.0,corridor,8.18,clear,15.407,3.464,0.00,,world
6.07,2026-08-31 00:40:51,-180.00,-2.91,2730.00,30.0,corridor,8.20,clear,15.407,3.464,0.00,,world
6.57,2026-08-31 00:40:51,-180.00,-2.91,2730.00,30.0,corridor,8.22,clear,15.149,2.984,0.00,,world
7.07,2026-08-31 00:40:52,-180.00,-2.91,2730.00,30.0,corridor,8.24,clear,15.149,2.984,0.00,,world
7.57,2026-08-31 00:40:52,-180.00,-2.91,2730.00,30.0,corridor,8.26,clear,15.580,3.156,0.00,,world
8.07,2026-08-31 00:40:52,-180.00,-2.91,2730.00,30.0,corridor,8.28,clear,15.580,3.156,0.00,,world
8.57,2026-08-31 00:40:53,-180.00,-2.91,2730.00,30.0,corridor,8.30,clear,15.335,3.434,0.00,,world
9.07,2026-08-31 00:40:54,-180.00,-2.91,2730.00,30.0,corridor,8.32,clear,15.335,3.434,0.00,,world
9.57,2026-08-31 00:40:54,-180.00,-2.91,2730.00,30.0,corridor,8.34,clear,17.280,4.302,0.00,,world
10.07,2026-08-31 00:40:55,-180.00,-2.91,2730.00,30.0,corridor,8.36,clear,17.280,4.302,0.00,,world
10.57,2026-08-31 00:40:55,-180.00,-2.91,2730.00,30.0,corridor,8.38,clear,15.723,4.151,0.00,,world
11.07,2026-08-31 00:40:56,-180.00,-2.91,2730.00,30.0,corridor,8.40,clear,15.723,4.151,0.00,,world
11.57,2026-08-31 00:40:56,-180.00,-2.91,2730.00,30.0,corridor,8.42,clear,15.552,4.132,0.00,,world
12.07,2026-08-31 00:40:57,-180.00,-2.91,2730.00,30.0,corridor,8.44,clear,15.552,4.132,0.00,,world
12.57,2026-08-31 00:40:57,-180.00,-2.91,2730.00,30.0,corridor,8.46,clear,15.589,4.482,0.00,,world
13.07,2026-08-31 00:40:57,-180.00,-2.91,2730.00,30.0,corridor,8.48,clear,15.589,4.482,0.00,,world
13.57,2026-08-31 00:40:58,-180.00,-2.91,2730.00,30.0,corridor,8.50,clear,14.923,4.725,0.00,,world
14.07,2026-08-31 00:40:59,-180.00,-2.91,2730.00,30.0,corridor,8.52,clear,14.923,4.725,0.00,,world
14.57,2026-08-31 00:40:59,-180.00,-2.91,2730.00,30.0,corridor,8.54,clear,14.620,3.749,0.00,,world
15.07,2026-08-31 00:41:00,-180.00,-2.91,2730.00,30.0,corridor,8.56,clear,14.620,3.749,0.00,,world
15.57,2026-08-31 00:41:00,-180.00,-2.91,2730.00,30.0,corridor,8.58,clear,14.935,3.650,0.00,,world
16.07,2026-08-31 00:41:01,-180.00,-2.91,2730.00,30.0,corridor,8.60,clear,14.935,3.650,0.00,,world
16.57,2026-08-31 00:41:01,-180.00,-2.91,2730.00,30.0,corridor,8.62,clear,15.707,3.646,0.00,,world
17.07,2026-08-31 00:41:02,-180.00,-2.91,2730.00,30.0,corridor,8.64,clear,15.707,3.646,0.00,,world
17.57,2026-08-31 00:41:02,-180.00,-2.91,2730.00,30.0,corridor,8.66,clear,15.793,3.869,0.00,,world
18.07,2026-08-31 00:41:02,-180.00,-2.91,2730.00,30.0,corridor,8.68,clear,15.793,3.869,0.00,,world
18.57,2026-08-31 00:41:03,-180.00,-2.91,2730.00,30.0,corridor,8.70,clear,14.437,3.685,0.00,,world
19.07,2026-08-31 00:41:04,-180.00,-2.91,2730.00,30.0,corridor,8.72,clear,14.437,3.685,0.00,,world
19.57,2026-08-31 00:41:04,-180.00,-2.91,2730.00,30.0,corridor,8.74,clear,17.162,4.151,0.00,,world
20.07,2026-08-31 00:41:05,-180.00,-2.91,2730.00,30.0,corridor,8.76,clear,17.162,4.151,0.00,,world
20.57,2026-08-31 00:41:05,-180.00,-2.91,2730.00,30.0,corridor,8.78,clear,15.530,3.873,0.00,,world
21.07,2026-08-31 00:41:06,-180.00,-2.91,2730.00,30.0,corridor,8.80,clear,15.530,3.873,0.00,,world
21.57,2026-08-31 00:41:06,-180.00,-2.91,2730.00,30.0,corridor,8.82,clear,15.628,3.620,0.00,,world
22.07,2026-08-31 00:41:07,-180.00,-2.91,2730.00,30.0,corridor,8.84,clear,15.628,3.620,0.00,,world
22.57,2026-08-31 00:41:07,-180.00,-2.91,2730.00,30.0,corridor,8.86,clear,18.682,3.873,0.00,,world
23.07,2026-08-31 00:41:08,-180.00,-2.91,2730.00,30.0,corridor,8.88,clear,18.682,3.873,0.00,,world
23.57,2026-08-31 00:41:08,-180.00,-2.91,2730.00,30.0,corridor,8.90,clear,15.298,3.982,0.00,,world
24.07,2026-08-31 00:41:09,-180.00,-2.91,2730.00,30.0,corridor,8.92,clear,15.298,3.982,0.00,,world
24.57,2026-08-31 00:41:09,-180.00,-2.91,2730.00,30.0,corridor,8.94,clear,15.560,3.755,0.00,,world
25.07,2026-08-31 00:41:10,-180.00,-2.91,2730.00,30.0,corridor,8.96,clear,15.560,3.755,0.00,,world
25.57,2026-08-31 00:41:10,-180.00,-2.91,2730.00,30.0,corridor,8.98,clear,15.540,3.948,0.00,,world
26.07,2026-08-31 00:41:11,-180.00,-2.91,2730.00,30.0,corridor,9.00,clear,15.540,3.948,0.00,,world
26.57,2026-08-31 00:41:11,-180.00,-2.91,2730.00,30.0,corridor,9.02,clear,15.038,3.908,0.00,,world
27.07,2026-08-31 00:41:12,-180.00,-2.91,2730.00,30.0,corridor,9.04,clear,15.038,3.908,0.00,,world
27.57,2026-08-31 00:41:12,-180.00,-2.91,2730.00,30.0,corridor,9.06,clear,15.555,3.507,0.00,,world
28.07,2026-08-31 00:41:13,-180.00,-2.91,2730.00,30.0,corridor,9.08,clear,15.555,3.507,0.00,,world
28.57,2026-08-31 00:41:13,-180.00,-2.91,2730.00,30.0,corridor,9.10,clear,14.699,4.178,0.00,,world
29.07,2026-08-31 00:41:14,-180.00,-2.91,2730.00,30.0,corridor,9.12,clear,14.699,4.178,0.00,,world
29.57,2026-08-31 00:41:14,-180.00,-2.91,2730.00,30.0,corridor,9.14,clear,15.418,3.669,0.00,,world
30.07,2026-08-31 00:41:14,-180.00,-2.91,2730.00,30.0,corridor,9.16,clear,15.418,3.669,0.00,,world
30.57,2026-08-31 00:41:15,-180.00,-2.91,2730.00,30.0,corridor,9.18,clear,15.360,4.245,0.00,,world
31.07,2026-08-31 00:41:16,-180.00,-2.91,2730.00,30.0,corridor,9.20,clear,15.360,4.245,0.00,,world
31.57,2026-08-31 00:41:16,-180.00,-2.91,2730.00,30.0,corridor,9.22,clear,14.882,3.562,0.00,,world
32.07,2026-08-31 00:41:17,-180.00,-2.91,2730.00,30.0,corridor,9.24,clear,14.882,3.562,0.00,,world
32.57,2026-08-31 00:41:17,-180.00,-2.91,2730.00,30.0,corridor,9.26,clear,19.436,4.209,0.00,,world
33.07,2026-08-31 00:41:17,-180.00,-2.91,2730.00,30.0,corridor,9.28,clear,19.436,4.209,0.00,,world
33.57,2026-08-31 00:41:18,-180.00,-2.91,2730.00,30.0,corridor,9.30,clear,15.048,3.659,0.00,,world
34.07,2026-08-31 00:41:19,-180.00,-2.91,2730.00,30.0,corridor,9.32,clear,15.048,3.659,0.00,,world
34.57,2026-08-31 00:41:19,-180.00,-2.91,2730.00,30.0,corridor,9.34,clear,14.609,4.095,0.00,,world
35.07,2026-08-31 00:41:20,-180.00,-2.91,2730.00,30.0,corridor,9.36,clear,14.609,4.095,0.00,,world
35.57,2026-08-31 00:41:20,-180.00,-2.91,2730.00,30.0,corridor,9.38,clear,15.237,3.553,0.00,,world
36.07,2026-08-31 00:41:21,-180.00,-2.91,2730.00,30.0,corridor,9.40,clear,15.237,3.553,0.00,,world
36.57,2026-08-31 00:41:21,-180.00,-2.91,2730.00,30.0,corridor,9.42,clear,14.425,3.945,0.00,,world
37.07,2026-08-31 00:41:22,-180.00,-2.91,2730.00,30.0,corridor,9.44,clear,14.425,3.945,0.00,,world
37.57,2026-08-31 00:41:22,-180.00,-2.91,2730.00,30.0,corridor,9.46,clear,15.721,4.475,0.00,,world
38.07,2026-08-31 00:41:22,-180.00,-2.91,2730.00,30.0,corridor,9.48,clear,15.721,4.475,0.00,,world
38.57,2026-08-31 00:41:23,-180.00,-2.91,2730.00,30.0,corridor,9.50,clear,15.395,3.810,0.00,,world
39.07,2026-08-31 00:41:24,-180.00,-2.91,2730.00,30.0,corridor,9.52,clear,15.395,3.810,0.00,,world
39.57,2026-08-31 00:41:24,-180.00,-2.91,2730.00,30.0,corridor,9.54,clear,14.574,3.608,0.00,,world
40.07,2026-08-31 00:41:25,-180.00,-2.91,2730.00,30.0,corridor,9.56,clear,14.574,3.608,0.00,,world
40.57,2026-08-31 00:41:25,-180.00,-2.91,2730.00,30.0,corridor,9.58,clear,16.126,3.928,0.00,,world
41.07,2026-08-31 00:41:25,-180.00,-2.91,2730.00,30.0,corridor,9.60,clear,16.126,3.928,0.00,,world
41.57,2026-08-31 00:41:26,-180.00,-2.91,2730.00,30.0,corridor,9.62,clear,16.126,5.297,0.00,,world
42.07,2026-08-31 00:41:27,-180.00,-2.91,2730.00,30.0,corridor,9.64,clear,16.126,5.297,0.00,,world
42.57,2026-08-31 00:41:27,-180.00,-2.91,2730.00,30.0,corridor,9.66,clear,15.698,3.783,0.00,,world
43.07,2026-08-31 00:41:28,-180.00,-2.91,2730.00,30.0,corridor,9.68,clear,15.698,3.783,0.00,,world
43.57,2026-08-31 00:41:28,-180.00,-2.91,2730.00,30.0,corridor,9.70,clear,16.527,4.772,0.00,,world
44.07,2026-08-31 00:41:28,-180.00,-2.91,2730.00,30.0,corridor,9.72,clear,16.527,4.772,0.00,,world
44.57,2026-08-31 00:41:29,-180.00,-2.91,2730.00,30.0,corridor,9.74,clear,14.945,4.433,0.00,,world
45.07,2026-08-31 00:41:30,-180.00,-2.91,2730.00,30.0,corridor,9.76,clear,14.945,4.433,0.00,,world
45.57,2026-08-31 00:41:30,-180.00,-2.91,2730.00,30.0,corridor,9.78,clear,16.234,3.942,0.00,,world
46.07,2026-08-31 00:41:30,-180.00,-2.91,2730.00,30.0,corridor,9.80,clear,16.234,3.942,0.00,,world
46.57,2026-08-31 00:41:31,-180.00,-2.91,2730.00,30.0,corridor,9.82,clear,16.272,4.224,0.00,,world
47.07,2026-08-31 00:41:32,-180.00,-2.91,2730.00,30.0,corridor,9.84,clear,16.272,4.224,0.00,,world
47.57,2026-08-31 00:41:32,-180.00,-2.91,2730.00,30.0,corridor,9.86,clear,14.373,4.456,0.00,,world
48.07,2026-08-31 00:41:33,-180.00,-2.91,2730.00,30.0,corridor,9.88,clear,14.373,4.456,0.00,,world
48.57,2026-08-31 00:41:33,-180.00,-2.91,2730.00,30.0,corridor,9.90,clear,14.621,3.502,0.00,,world
49.07,2026-08-31 00:41:34,-180.00,-2.91,2730.00,30.0,corridor,9.92,clear,14.621,3.502,0.00,,world
49.57,2026-08-31 00:41:34,-180.00,-2.91,2730.00,30.0,corridor,9.94,clear,18.864,4.477,0.00,,world
50.07,2026-08-31 00:41:35,-180.00,-2.91,2730.00,30.0,corridor,9.96,clear,18.864,4.477,0.00,,world
50.57,2026-08-31 00:41:35,-180.00,-2.91,2730.00,30.0,corridor,9.98,clear,15.627,3.847,0.00,,world
51.07,2026-08-31 00:41:35,-180.00,-2.91,2730.00,30.0,corridor,10.00,clear,15.627,3.847,0.00,,world
51.57,2026-08-31 00:41:36,-180.00,-2.91,2730.00,30.0,corridor,10.02,clear,15.485,3.991,0.00,,world
52.07,2026-08-31 00:41:37,-180.00,-2.91,2730.00,30.0,corridor,10.04,clear,15.485,3.991,0.00,,world
52.57,2026-08-31 00:41:37,-180.00,-2.91,2730.00,30.0,corridor,10.06,clear,15.179,3.855,0.00,,world
53.07,2026-08-31 00:41:38,-180.00,-2.91,2730.00,30.0,corridor,10.08,clear,15.179,3.855,0.00,,world
53.57,2026-08-31 00:41:38,-180.00,-2.91,2730.00,30.0,corridor,10.10,clear,16.517,5.585,0.00,,world
54.07,2026-08-31 00:41:39,-180.00,-2.91,2730.00,30.0,corridor,10.12,clear,16.517,5.585,0.00,,world
54.57,2026-08-31 00:41:39,-180.00,-2.91,2730.00,30.0,corridor,10.14,clear,17.092,4.608,0.00,,world
55.07,2026-08-31 00:41:40,-180.00,-2.91,2730.00,30.0,corridor,10.16,clear,17.092,4.608,0.00,,world
55.57,2026-08-31 00:41:40,-180.00,-2.91,2730.00,30.0,corridor,10.18,clear,16.213,3.729,0.00,,world
56.07,2026-08-31 00:41:41,-180.00,-2.91,2730.00,30.0,corridor,10.20,clear,16.213,3.729,0.00,,world
56.57,2026-08-31 00:41:41,-180.00,-2.91,2730.00,30.0,corridor,10.22,clear,15.491,3.591,0.00,,world
57.07,2026-08-31 00:41:42,-180.00,-2.91,2730.00,30.0,corridor,10.24,clear,15.491,3.591,0.00,,world
57.57,2026-08-31 00:41:42,-180.00,-2.91,2730.00,30.0,corridor,10.26,clear,16.487,4.360,0.00,,world
58.07,2026-08-31 00:41:43,-180.00,-2.91,2730.00,30.0,corridor,10.28,clear,16.487,4.360,0.00,,world
58.57,2026-08-31 00:41:43,-180.00,-2.91,2730.00,30.0,corridor,10.30,clear,15.327,3.498,0.00,,world
59.07,2026-08-31 00:41:44,-180.00,-2.91,2730.00,30.0,corridor,10.32,clear,15.327,3.498,0.00,,world
59.57,2026-08-31 00:41:44,-180.00,-2.91,2730.00,30.0,corridor,10.34,clear,15.689,4.343,0.00,,world
60.07,2026-08-31 00:41:45,-180.00,-2.91,2730.00,30.0,corridor,10.36,clear,15.689,4.343,0.00,,world
60.57,2026-08-31 00:41:45,-180.00,-2.91,2730.00,30.0,corridor,10.38,clear,16.174,4.011,0.00,,world
61.07,2026-08-31 00:41:46,-180.00,-2.91,2730.00,30.0,corridor,10.40,clear,16.174,4.011,0.00,,world
61.57,2026-08-31 00:41:46,-180.00,-2.91,2730.00,30.0,corridor,10.42,clear,15.974,4.121,0.00,,world
62.07,2026-08-31 00:41:47,-180.00,-2.91,2730.00,30.0,corridor,10.44,clear,15.974,4.121,0.00,,world
62.57,2026-08-31 00:41:47,-180.00,-2.91,2730.00,30.0,corridor,10.46,clear,14.786,3.593,0.00,,world
63.07,2026-08-31 00:41:48,-180.00,-2.91,2730.00,30.0,corridor,10.48,clear,14.786,3.593,0.00,,world
63.57,2026-08-31 00:41:48,-180.00,-2.91,2730.00,30.0,corridor,10.50,clear,17.469,4.047,0.00,,world
64.07,2026-08-31 00:41:49,-180.00,-2.91,2730.00,30.0,corridor,10.52,clear,17.469,4.047,0.00,,world
64.57,2026-08-31 00:41:49,-180.00,-2.91,2730.00,30.0,corridor,10.54,clear,16.899,3.667,0.00,,world
65.07,2026-08-31 00:41:50,-180.00,-2.91,2730.00,30.0,corridor,10.56,clear,16.899,3.667,0.00,,world
65.57,2026-08-31 00:41:50,-180.00,-2.91,2730.00,30.0,corridor,10.58,clear,15.450,4.333,0.00,,world
66.07,2026-08-31 00:41:51,-180.00,-2.91,2730.00,30.0,corridor,10.60,clear,15.450,4.333,0.00,,world
66.57,2026-08-31 00:41:51,-180.00,-2.91,2730.00,30.0,corridor,10.62,clear,15.824,4.265,0.00,,world
67.07,2026-08-31 00:41:51,-180.00,-2.91,2730.00,30.0,corridor,10.64,clear,15.824,4.265,0.00,,world
67.57,2026-08-31 00:41:52,-180.00,-2.91,2730.00,30.0,corridor,10.66,clear,14.847,4.152,0.00,,world
68.07,2026-08-31 00:41:53,-180.00,-2.91,2730.00,30.0,corridor,10.68,clear,14.847,4.152,0.00,,world
68.57,2026-08-31 00:41:53,-180.00,-2.91,2730.00,30.0,corridor,10.70,clear,20.505,5.210,0.00,,world
69.07,2026-08-31 00:41:54,-180.00,-2.91,2730.00,30.0,corridor,10.72,clear,20.505,5.210,0.00,,world
69.57,2026-08-31 00:41:54,-180.00,-2.91,2730.00,30.0,corridor,10.74,clear,15.185,3.918,0.00,,world
70.07,2026-08-31 00:41:54,-180.00,-2.91,2730.00,30.0,corridor,10.76,clear,15.185,3.918,0.00,,world
70.57,2026-08-31 00:41:55,-180.00,-2.91,2730.00,30.0,corridor,10.78,clear,15.813,4.008,0.00,,world
71.07,2026-08-31 00:41:56,-180.00,-2.91,2730.00,30.0,corridor,10.80,clear,15.813,4.008,0.00,,world
71.57,2026-08-31 00:41:56,-180.00,-2.91,2730.00,30.0,corridor,10.82,clear,14.876,3.758,0.00,,world
72.07,2026-08-31 00:41:57,-180.00,-2.91,2730.00,30.0,corridor,10.84,clear,14.876,3.758,0.00,,world
72.57,2026-08-31 00:41:57,-180.00,-2.91,2730.00,30.0,corridor,10.86,clear,15.581,3.701,0.00,,world
73.07,2026-08-31 00:41:57,-180.00,-2.91,2730.00,30.0,corridor,10.88,clear,15.581,3.701,0.00,,world
73.57,2026-08-31 00:41:58,-180.00,-2.91,2730.00,30.0,corridor,10.90,clear,14.449,3.949,0.00,,world
74.07,2026-08-31 00:41:59,-180.00,-2.91,2730.00,30.0,corridor,10.92,clear,14.449,3.949,0.00,,world
74.57,2026-08-31 00:41:59,-180.00,-2.91,2730.00,30.0,corridor,10.94,clear,16.893,4.737,0.00,,world
75.07,2026-08-31 00:42:00,-180.00,-2.91,2730.00,30.0,corridor,10.96,clear,16.893,4.737,0.00,,world
75.57,2026-08-31 00:42:00,-180.00,-2.91,2730.00,30.0,corridor,10.98,clear,14.800,3.801,0.00,,world
76.07,2026-08-31 00:42:01,-180.00,-2.91,2730.00,30.0,corridor,11.00,clear,14.800,3.801,0.00,,world
76.57,2026-08-31 00:42:01,-180.00,-2.91,2730.00,30.0,corridor,11.02,clear,15.465,3.787,0.00,,world
77.07,2026-08-31 00:42:02,-180.00,-2.91,2730.00,30.0,corridor,11.04,clear,15.465,3.787,0.00,,world
77.57,2026-08-31 00:42:02,-180.00,-2.91,2730.00,30.0,corridor,11.06,clear,16.180,4.569,0.00,,world
78.07,2026-08-31 00:42:03,-180.00,-2.91,2730.00,30.0,corridor,11.08,clear,16.180,4.569,0.00,,world
78.57,2026-08-31 00:42:03,-180.00,-2.91,2730.00,30.0,corridor,11.10,clear,14.707,4.197,0.00,,world
79.07,2026-08-31 00:42:04,-180.00,-2.91,2730.00,30.0,corridor,11.12,clear,14.707,4.197,0.00,,world
79.57,2026-08-31 00:42:04,-180.00,-2.91,2730.00,30.0,corridor,11.14,clear,17.785,4.073,0.00,,world
80.07,2026-08-31 00:42:05,-180.00,-2.91,2730.00,30.0,corridor,11.16,clear,17.785,4.073,0.00,,world
80.57,2026-08-31 00:42:05,-180.00,-2.91,2730.00,30.0,corridor,11.18,clear,15.203,3.908,0.00,,world
81.07,2026-08-31 00:42:05,-180.00,-2.91,2730.00,30.0,corridor,11.20,clear,15.203,3.908,0.00,,world
81.57,2026-08-31 00:42:06,-180.00,-2.91,2730.00,30.0,corridor,11.22,clear,15.791,3.632,0.00,,world
82.07,2026-08-31 00:42:07,-180.00,-2.91,2730.00,30.0,corridor,11.24,clear,15.791,3.632,0.00,,world
82.57,2026-08-31 00:42:07,-180.00,-2.91,2730.00,30.0,corridor,11.26,clear,17.272,3.858,0.00,,world
83.07,2026-08-31 00:42:08,-180.00,-2.91,2730.00,30.0,corridor,11.28,clear,17.272,3.858,0.00,,world
83.57,2026-08-31 00:42:08,-180.00,-2.91,2730.00,30.0,corridor,11.30,clear,15.121,3.687,0.00,,world
84.07,2026-08-31 00:42:09,-180.00,-2.91,2730.00,30.0,corridor,11.32,clear,15.121,3.687,0.00,,world
84.57,2026-08-31 00:42:09,-180.00,-2.91,2730.00,30.0,corridor,11.34,clear,15.647,3.729,0.00,,world
85.07,2026-08-31 00:42:10,-180.00,-2.91,2730.00,30.0,corridor,11.36,clear,15.647,3.729,0.00,,world
85.57,2026-08-31 00:42:10,-180.00,-2.91,2730.00,30.0,corridor,11.38,clear,15.367,3.726,0.00,,world
86.07,2026-08-31 00:42:11,-180.00,-2.91,2730.00,30.0,corridor,11.40,clear,15.367,3.726,0.00,,world
86.57,2026-08-31 00:42:11,-180.00,-2.91,2730.00,30.0,corridor,11.42,clear,14.980,4.184,0.00,,world
87.07,2026-08-31 00:42:12,-180.00,-2.91,2730.00,30.0,corridor,11.44,clear,14.980,4.184,0.00,,world
87.57,2026-08-31 00:42:12,-180.00,-2.91,2730.00,30.0,corridor,11.46,clear,15.477,4.229,0.00,,world
88.07,2026-08-31 00:42:13,-180.00,-2.91,2730.00,30.0,corridor,11.48,clear,15.477,4.229,0.00,,world
88.57,2026-08-31 00:42:13,-180.00,-2.91,2730.00,30.0,corridor,11.50,clear,14.648,3.627,0.00,,world
89.07,2026-08-31 00:42:14,-180.00,-2.91,2730.00,30.0,corridor,11.52,clear,14.648,3.627,0.00,,world
89.57,2026-08-31 00:42:14,-180.00,-2.91,2730.00,30.0,corridor,11.54,clear,16.222,3.907,0.00,,world
90.07,2026-08-31 00:42:15,-180.00,-2.91,2730.00,30.0,corridor,11.56,clear,16.222,3.907,0.00,,world
90.57,2026-08-31 00:42:15,-180.00,-2.91,2730.00,30.0,corridor,11.58,clear,15.655,3.987,0.00,,world
91.07,2026-08-31 00:42:15,-180.00,-2.91,2730.00,30.0,corridor,11.60,clear,15.655,3.987,0.00,,world
91.57,2026-08-31 00:42:16,-180.00,-2.91,2730.00,30.0,corridor,11.62,clear,15.061,4.014,0.00,,world
92.07,2026-08-31 00:42:16,-180.00,-2.91,2730.00,30.0,corridor,11.64,clear,15.061,4.014,0.00,,world
92.57,2026-08-31 00:42:17,-180.00,-2.91,2730.00,30.0,corridor,11.66,clear,15.544,4.511,0.00,,world
93.07,2026-08-31 00:42:17,-180.00,-2.91,2730.00,30.0,corridor,11.68,clear,15.544,4.511,0.00,,world
93.57,2026-08-31 00:42:18,-180.00,-2.91,2730.00,30.0,corridor,11.70,clear,16.426,4.170,0.00,,world
94.07,2026-08-31 00:42:19,-180.00,-2.91,2730.00,30.0,corridor,11.72,clear,16.426,4.170,0.00,,world
94.57,2026-08-31 00:42:19,-180.00,-2.91,2730.00,30.0,corridor,11.74,clear,14.637,3.929,0.00,,world
95.07,2026-08-31 00:42:20,-180.00,-2.91,2730.00,30.0,corridor,11.76,clear,14.637,3.929,0.00,,world
95.57,2026-08-31 00:42:20,-180.00,-2.91,2730.00,30.0,corridor,11.78,clear,15.269,3.857,0.00,,world
96.07,2026-08-31 00:42:20,-180.00,-2.91,2730.00,30.0,corridor,11.80,clear,15.269,3.857,0.00,,world
96.57,2026-08-31 00:42:21,-180.00,-2.91,2730.00,30.0,corridor,11.82,clear,14.673,4.297,0.00,,world
97.07,2026-08-31 00:42:22,-180.00,-2.91,2730.00,30.0,corridor,11.84,clear,14.673,4.297,0.00,,world
97.57,2026-08-31 00:42:22,-180.00,-2.91,2730.00,30.0,corridor,11.86,clear,15.603,4.243,0.00,,world
98.07,2026-08-31 00:42:22,-180.00,-2.91,2730.00,30.0,corridor,11.88,clear,15.603,4.243,0.00,,world
98.57,2026-08-31 00:42:23,-180.00,-2.91,2730.00,30.0,corridor,11.90,clear,22.354,4.777,0.00,,world
99.07,2026-08-31 00:42:23,-180.00,-2.91,2730.00,30.0,corridor,11.92,clear,22.354,4.777,0.00,,world
99.57,2026-08-31 00:42:24,-180.00,-2.91,2730.00,30.0,corridor,11.94,clear,16.477,3.606,0.00,,world
100.07,2026-08-31 00:42:25,-180.00,-2.91,2730.00,30.0,corridor,11.96,clear,16.477,3.606,0.00,,world
100.57,2026-08-31 00:42:25,-180.00,-2.91,2730.00,30.0,corridor,11.98,clear,16.178,4.437,0.00,,world
101.07,2026-08-31 00:42:26,-180.00,-2.91,2730.00,30.0,corridor,12.00,clear,16.178,4.437,0.00,,world
101.57,2026-08-31 00:42:26,-180.00,-2.91,2730.00,30.0,corridor,12.02,clear,16.125,4.391,0.00,,world
102.07,2026-08-31 00:42:27,-180.00,-2.91,2730.00,30.0,corridor,12.04,clear,16.125,4.391,0.00,,world
102.57,2026-08-31 00:42:27,-180.00,-2.91,2730.00,30.0,corridor,12.06,clear,19.403,4.748,0.00,,world
103.07,2026-08-31 00:42:28,-180.00,-2.91,2730.00,30.0,corridor,12.08,clear,19.403,4.748,0.00,,world
103.57,2026-08-31 00:42:28,-180.00,-2.91,2730.00,30.0,corridor,12.10,clear,16.373,4.068,0.00,,world
104.07,2026-08-31 00:42:28,-180.00,-2.91,2730.00,30.0,corridor,12.12,clear,16.373,4.068,0.00,,world
104.57,2026-08-31 00:42:29,-180.00,-2.91,2730.00,30.0,corridor,12.14,clear,16.132,3.996,0.00,,world
105.07,2026-08-31 00:42:30,-180.00,-2.91,2730.00,30.0,corridor,12.16,clear,16.132,3.996,0.00,,world
105.57,2026-08-31 00:42:30,-180.00,-2.91,2730.00,30.0,corridor,12.18,clear,16.730,3.892,0.00,,world
106.07,2026-08-31 00:42:31,-180.00,-2.91,2730.00,30.0,corridor,12.20,clear,16.730,3.892,0.00,,world
106.57,2026-08-31 00:42:31,-180.00,-2.91,2730.00,30.0,corridor,12.22,clear,16.099,4.171,0.00,,world
107.07,2026-08-31 00:42:32,-180.00,-2.91,2730.00,30.0,corridor,12.24,clear,16.099,4.171,0.00,,world
107.57,2026-08-31 00:42:32,-180.00,-2.91,2730.00,30.0,corridor,12.26,clear,15.493,3.964,0.00,,world
108.07,2026-08-31 00:42:32,-180.00,-2.91,2730.00,30.0,corridor,12.28,clear,15.493,3.964,0.00,,world
108.57,2026-08-31 00:42:33,-180.00,-2.91,2730.00,30.0,corridor,12.30,clear,14.810,3.626,0.00,,world
109.07,2026-08-31 00:42:34,-180.00,-2.91,2730.00,30.0,corridor,12.32,clear,14.810,3.626,0.00,,world
109.57,2026-08-31 00:42:34,-180.00,-2.91,2730.00,30.0,corridor,12.34,clear,16.160,3.745,0.00,,world
110.07,2026-08-31 00:42:35,-180.00,-2.91,2730.00,30.0,corridor,12.36,clear,16.160,3.745,0.00,,world
110.57,2026-08-31 00:42:35,-180.00,-2.91,2730.00,30.0,corridor,12.38,clear,15.647,3.979,0.00,,world
111.07,2026-08-31 00:42:35,-180.00,-2.91,2730.00,30.0,corridor,12.40,clear,15.647,3.979,0.00,,world
111.57,2026-08-31 00:42:36,-180.00,-2.91,2730.00,30.0,corridor,12.42,clear,15.698,3.838,0.00,,world
112.07,2026-08-31 00:42:36,-180.00,-2.91,2730.00,30.0,corridor,12.44,clear,15.698,3.838,0.00,,world
112.57,2026-08-31 00:42:37,-180.00,-2.91,2730.00,30.0,corridor,12.46,clear,16.348,4.534,0.00,,world
113.07,2026-08-31 00:42:38,-180.00,-2.91,2730.00,30.0,corridor,12.48,clear,16.348,4.534,0.00,,world
113.57,2026-08-31 00:42:38,-180.00,-2.91,2730.00,30.0,corridor,12.50,clear,14.803,3.531,0.00,,world
114.07,2026-08-31 00:42:38,-180.00,-2.91,2730.00,30.0,corridor,12.52,clear,14.803,3.531,0.00,,world
114.57,2026-08-31 00:42:39,-180.00,-2.91,2730.00,30.0,corridor,12.54,clear,14.910,3.618,0.00,,world
115.07,2026-08-31 00:42:39,-180.00,-2.91,2730.00,30.0,corridor,12.56,clear,14.910,3.618,0.00,,world
115.57,2026-08-31 00:42:40,-180.00,-2.91,2730.00,30.0,corridor,12.58,clear,14.731,3.718,0.00,,world
116.07,2026-08-31 00:42:41,-180.00,-2.91,2730.00,30.0,corridor,12.60,clear,14.731,3.718,0.00,,world
116.57,2026-08-31 00:42:41,-180.00,-2.91,2730.00,30.0,corridor,12.62,clear,15.887,3.934,0.00,,world
117.07,2026-08-31 00:42:42,-180.00,-2.91,2730.00,30.0,corridor,12.64,clear,15.887,3.934,0.00,,world
117.57,2026-08-31 00:42:42,-180.00,-2.91,2730.00,30.0,corridor,12.66,clear,16.998,5.741,0.00,,world
118.07,2026-08-31 00:42:42,-180.00,-2.91,2730.00,30.0,corridor,12.68,clear,16.998,5.741,0.00,,world
118.57,2026-08-31 00:42:43,-180.00,-2.91,2730.00,30.0,corridor,12.70,clear,18.074,4.744,0.00,,world
119.07,2026-08-31 00:42:43,-180.00,-2.91,2730.00,30.0,corridor,12.72,clear,18.074,4.744,0.00,,world
119.57,2026-08-31 00:42:44,-180.00,-2.91,2730.00,30.0,corridor,12.74,clear,15.672,4.255,0.00,,world
120.07,2026-08-31 00:42:44,-180.00,-2.91,2730.00,30.0,corridor,12.76,clear,15.672,4.255,0.00,,world
120.57,2026-08-31 00:42:45,-180.00,-2.91,2730.00,30.0,corridor,12.78,clear,14.691,4.008,0.00,,world
121.07,2026-08-31 00:42:45,-180.00,-2.91,2730.00,30.0,corridor,12.80,clear,14.691,4.008,0.00,,world
121.57,2026-08-31 00:42:46,-180.00,-2.91,2730.00,30.0,corridor,12.82,clear,14.765,3.622,0.00,,world
122.07,2026-08-31 00:42:46,-180.00,-2.91,2730.00,30.0,corridor,12.84,clear,14.765,3.622,0.00,,world
122.57,2026-08-31 00:42:47,-180.00,-2.91,2730.00,30.0,corridor,12.86,clear,17.332,4.478,0.00,,world
123.07,2026-08-31 00:42:47,-180.00,-2.91,2730.00,30.0,corridor,12.88,clear,17.332,4.478,0.00,,world
123.57,2026-08-31 00:42:48,-180.00,-2.91,2730.00,30.0,corridor,12.90,clear,15.717,4.534,0.00,,world
124.07,2026-08-31 00:42:49,-180.00,-2.91,2730.00,30.0,corridor,12.92,clear,15.717,4.534,0.00,,world
124.57,2026-08-31 00:42:49,-180.00,-2.91,2730.00,30.0,corridor,12.94,clear,15.410,4.244,0.00,,world
125.07,2026-08-31 00:42:49,-180.00,-2.91,2730.00,30.0,corridor,12.96,clear,15.410,4.244,0.00,,world
125.57,2026-08-31 00:42:50,-180.00,-2.91,2730.00,30.0,corridor,12.98,clear,15.183,3.812,0.00,,world
126.07,2026-08-31 00:42:50,-180.00,-2.91,2730.00,30.0,corridor,13.00,clear,15.183,3.812,0.00,,world
126.57,2026-08-31 00:42:51,-180.00,-2.91,2730.00,30.0,corridor,13.02,clear,14.945,3.942,0.00,,world
127.07,2026-08-31 00:42:51,-180.00,-2.91,2730.00,30.0,corridor,13.04,clear,14.945,3.942,0.00,,world
127.57,2026-08-31 00:42:52,-180.00,-2.91,2730.00,30.0,corridor,13.06,clear,16.170,3.817,0.00,,world
128.07,2026-08-31 00:42:53,-180.00,-2.91,2730.00,30.0,corridor,13.08,clear,16.170,3.817,0.00,,world
128.57,2026-08-31 00:42:53,-180.00,-2.91,2730.00,30.0,corridor,13.10,clear,16.740,4.611,0.00,,world
129.07,2026-08-31 00:42:53,-180.00,-2.91,2730.00,30.0,corridor,13.12,clear,16.740,4.611,0.00,,world
129.57,2026-08-31 00:42:54,-180.00,-2.91,2730.00,30.0,corridor,13.14,clear,15.487,3.826,0.00,,world
130.07,2026-08-31 00:42:54,-180.00,-2.91,2730.00,30.0,corridor,13.16,clear,15.487,3.826,0.00,,world
130.57,2026-08-31 00:42:55,-180.00,-2.91,2730.00,30.0,corridor,13.18,clear,14.265,3.512,0.00,,world
131.07,2026-08-31 00:42:55,-180.00,-2.91,2730.00,30.0,corridor,13.20,clear,14.265,3.512,0.00,,world
131.57,2026-08-31 00:42:56,-180.00,-2.91,2730.00,30.0,corridor,13.22,clear,14.313,3.771,0.00,,world
132.07,2026-08-31 00:42:56,-180.00,-2.91,2730.00,30.0,corridor,13.24,clear,14.313,3.771,0.00,,world
132.57,2026-08-31 00:42:57,-180.00,-2.91,2730.00,30.0,corridor,13.26,clear,15.424,4.037,0.00,,world
133.07,2026-08-31 00:42:57,-180.00,-2.91,2730.00,30.0,corridor,13.28,clear,15.424,4.037,0.00,,world
133.57,2026-08-31 00:42:58,-180.00,-2.91,2730.00,30.0,corridor,13.30,clear,14.890,3.728,0.00,,world
134.07,2026-08-31 00:42:58,-180.00,-2.91,2730.00,30.0,corridor,13.32,clear,14.890,3.728,0.00,,world
134.57,2026-08-31 00:42:59,-180.00,-2.91,2730.00,30.0,corridor,13.34,clear,15.120,3.779,0.00,,world
135.07,2026-08-31 00:42:59,-180.00,-2.91,2730.00,30.0,corridor,13.36,clear,15.120,3.779,0.00,,world
135.57,2026-08-31 00:43:00,-180.00,-2.91,2730.00,30.0,corridor,13.38,clear,16.621,4.823,0.00,,world
136.07,2026-08-31 00:43:00,-180.00,-2.91,2730.00,30.0,corridor,13.40,clear,16.621,4.823,0.00,,world
136.57,2026-08-31 00:43:01,-180.00,-2.91,2730.00,30.0,corridor,13.42,clear,17.487,4.220,0.00,,world
137.07,2026-08-31 00:43:01,-180.00,-2.91,2730.00,30.0,corridor,13.44,clear,17.487,4.220,0.00,,world
137.57,2026-08-31 00:43:02,-180.00,-2.91,2730.00,30.0,corridor,13.46,clear,19.460,4.644,0.00,,world
138.07,2026-08-31 00:43:02,-180.00,-2.91,2730.00,30.0,corridor,13.48,clear,19.460,4.644,0.00,,world
138.57,2026-08-31 00:43:03,-180.00,-2.91,2730.00,30.0,corridor,13.50,clear,15.693,4.532,0.00,,world
139.07,2026-08-31 00:43:03,-180.00,-2.91,2730.00,30.0,corridor,13.52,clear,15.693,4.532,0.00,,world
139.57,2026-08-31 00:43:04,-180.00,-2.91,2730.00,30.0,corridor,13.54,clear,16.510,3.805,0.00,,world
140.07,2026-08-31 00:43:04,-180.00,-2.91,2730.00,30.0,corridor,13.56,clear,16.510,3.805,0.00,,world
140.57,2026-08-31 00:43:05,-180.00,-2.91,2730.00,30.0,corridor,13.58,clear,16.417,3.691,0.00,,world
141.07,2026-08-31 00:43:05,-180.00,-2.91,2730.00,30.0,corridor,13.60,clear,16.417,3.691,0.00,,world
141.57,2026-08-31 00:43:06,-180.00,-2.91,2730.00,30.0,corridor,13.62,clear,15.084,3.683,0.00,,world
142.07,2026-08-31 00:43:06,-180.00,-2.91,2730.00,30.0,corridor,13.64,clear,15.084,3.683,0.00,,world
142.57,2026-08-31 00:43:07,-180.00,-2.91,2730.00,30.0,corridor,13.66,clear,14.828,4.598,0.00,,world
143.07,2026-08-31 00:43:07,-180.00,-2.91,2730.00,30.0,corridor,13.68,clear,14.828,4.598,0.00,,world
143.57,2026-08-31 00:43:08,-180.00,-2.91,2730.00,30.0,corridor,13.70,clear,16.202,3.907,0.00,,world
144.07,2026-08-31 00:43:08,-180.00,-2.91,2730.00,30.0,corridor,13.72,clear,16.202,3.907,0.00,,world
144.57,2026-08-31 00:43:09,-180.00,-2.91,2730.00,30.0,corridor,13.74,clear,16.754,3.619,0.00,,world
145.07,2026-08-31 00:43:09,-180.00,-2.91,2730.00,30.0,corridor,13.76,clear,16.754,3.619,0.00,,world
145.57,2026-08-31 00:43:10,-180.00,-2.91,2730.00,30.0,corridor,13.78,clear,16.025,3.623,0.00,,world
146.07,2026-08-31 00:43:10,-180.00,-2.91,2730.00,30.0,corridor,13.80,clear,16.025,3.623,0.00,,world
146.57,2026-08-31 00:43:11,-180.00,-2.91,2730.00,30.0,corridor,13.82,clear,15.202,3.651,0.00,,world
147.07,2026-08-31 00:43:11,-180.00,-2.91,2730.00,30.0,corridor,13.84,clear,15.202,3.651,0.00,,world
147.57,2026-08-31 00:43:12,-180.00,-2.91,2730.00,30.0,corridor,13.86,clear,14.762,3.633,0.00,,world
148.07,2026-08-31 00:43:12,-180.00,-2.91,2730.00,30.0,corridor,13.88,clear,14.762,3.633,0.00,,world
148.57,2026-08-31 00:43:13,-180.00,-2.91,2730.00,30.0,corridor,13.90,clear,16.819,3.592,0.00,,world
149.07,2026-08-31 00:43:13,-180.00,-2.91,2730.00,30.0,corridor,13.92,clear,16.819,3.592,0.00,,world
149.57,2026-08-31 00:43:14,-180.00,-2.91,2730.00,30.0,corridor,13.94,clear,16.578,4.678,0.00,,world
150.07,2026-08-31 00:43:15,-180.00,-2.91,2730.00,30.0,corridor,13.96,clear,16.578,4.678,0.00,,world
150.57,2026-08-31 00:43:15,-180.00,-2.91,2730.00,30.0,corridor,13.98,clear,15.185,3.794,0.00,,world
151.07,2026-08-31 00:43:15,-180.00,-2.91,2730.00,30.0,corridor,14.00,clear,15.185,3.794,0.00,,world
151.57,2026-08-31 00:43:16,-180.00,-2.91,2730.00,30.0,corridor,14.02,clear,14.760,3.525,0.00,,world
152.07,2026-08-31 00:43:17,-180.00,-2.91,2730.00,30.0,corridor,14.04,clear,14.760,3.525,0.00,,world
152.57,2026-08-31 00:43:17,-180.00,-2.91,2730.00,30.0,corridor,14.06,clear,15.665,3.592,0.00,,world
153.07,2026-08-31 00:43:18,-180.00,-2.91,2730.00,30.0,corridor,14.08,clear,15.665,3.592,0.00,,world
153.57,2026-08-31 00:43:18,-180.00,-2.91,2730.00,30.0,corridor,14.10,clear,18.265,4.161,0.00,,world
154.07,2026-08-31 00:43:19,-180.00,-2.91,2730.00,30.0,corridor,14.12,clear,18.265,4.161,0.00,,world
154.57,2026-08-31 00:43:19,-180.00,-2.91,2730.00,30.0,corridor,14.14,clear,17.183,4.741,0.00,,world
155.07,2026-08-31 00:43:20,-180.00,-2.91,2730.00,30.0,corridor,14.16,clear,17.183,4.741,0.00,,world
155.57,2026-08-31 00:43:20,-180.00,-2.91,2730.00,30.0,corridor,14.18,clear,14.661,3.687,0.00,,world
156.07,2026-08-31 00:43:21,-180.00,-2.91,2730.00,30.0,corridor,14.20,clear,14.661,3.687,0.00,,world
156.57,2026-08-31 00:43:21,-180.00,-2.91,2730.00,30.0,corridor,14.22,clear,15.299,3.936,0.00,,world
157.07,2026-08-31 00:43:22,-180.00,-2.91,2730.00,30.0,corridor,14.24,clear,15.299,3.936,0.00,,world
157.57,2026-08-31 00:43:22,-180.00,-2.91,2730.00,30.0,corridor,14.26,clear,16.054,4.265,0.00,,world
158.07,2026-08-31 00:43:23,-180.00,-2.91,2730.00,30.0,corridor,14.28,clear,16.054,4.265,0.00,,world
158.57,2026-08-31 00:43:23,-180.00,-2.91,2730.00,30.0,corridor,14.30,clear,15.195,3.757,0.00,,world
159.07,2026-08-31 00:43:24,-180.00,-2.91,2730.00,30.0,corridor,14.32,clear,15.195,3.757,0.00,,world
159.57,2026-08-31 00:43:24,-180.00,-2.91,2730.00,30.0,corridor,14.34,clear,15.624,3.571,0.00,,world
160.07,2026-08-31 00:43:25,-180.00,-2.91,2730.00,30.0,corridor,14.36,clear,15.624,3.571,0.00,,world
160.57,2026-08-31 00:43:25,-180.00,-2.91,2730.00,30.0,corridor,14.38,clear,14.929,3.575,0.00,,world
161.07,2026-08-31 00:43:26,-180.00,-2.91,2730.00,30.0,corridor,14.40,clear,14.929,3.575,0.00,,world
161.57,2026-08-31 00:43:26,-180.00,-2.91,2730.00,30.0,corridor,14.42,clear,18.914,5.845,0.00,,world
162.07,2026-08-31 00:43:27,-180.00,-2.91,2730.00,30.0,corridor,14.44,clear,18.914,5.845,0.00,,world
162.57,2026-08-31 00:43:27,-180.00,-2.91,2730.00,30.0,corridor,14.46,clear,17.932,3.960,0.00,,world
163.07,2026-08-31 00:43:28,-180.00,-2.91,2730.00,30.0,corridor,14.48,clear,17.932,3.960,0.00,,world
163.57,2026-08-31 00:43:28,-180.00,-2.91,2730.00,30.0,corridor,14.50,clear,16.846,4.380,0.00,,world
164.07,2026-08-31 00:43:29,-180.00,-2.91,2730.00,30.0,corridor,14.52,clear,16.846,4.380,0.00,,world
164.57,2026-08-31 00:43:29,-180.00,-2.91,2730.00,30.0,corridor,14.54,clear,15.397,3.799,0.00,,world
165.07,2026-08-31 00:43:30,-180.00,-2.91,2730.00,30.0,corridor,14.56,clear,15.397,3.799,0.00,,world
165.57,2026-08-31 00:43:30,-180.00,-2.91,2730.00,30.0,corridor,14.58,clear,16.229,3.962,0.00,,world
166.07,2026-08-31 00:43:31,-180.00,-2.91,2730.00,30.0,corridor,14.60,clear,16.229,3.962,0.00,,world
166.57,2026-08-31 00:43:31,-180.00,-2.91,2730.00,30.0,corridor,14.62,clear,16.220,3.817,0.00,,world
167.07,2026-08-31 00:43:32,-180.00,-2.91,2730.00,30.0,corridor,14.64,clear,16.220,3.817,0.00,,world
167.57,2026-08-31 00:43:32,-180.00,-2.91,2730.00,30.0,corridor,14.66,clear,17.301,4.907,0.00,,world
168.07,2026-08-31 00:43:33,-180.00,-2.91,2730.00,30.0,corridor,14.68,clear,17.301,4.907,0.00,,world
168.57,2026-08-31 00:43:33,-180.00,-2.91,2730.00,30.0,corridor,14.70,clear,15.800,3.972,0.00,,world
169.07,2026-08-31 00:43:34,-180.00,-2.91,2730.00,30.0,corridor,14.72,clear,15.800,3.972,0.00,,world
169.57,2026-08-31 00:43:34,-180.00,-2.91,2730.00,30.0,corridor,14.74,clear,14.787,3.494,0.00,,world
170.07,2026-08-31 00:43:35,-180.00,-2.91,2730.00,30.0,corridor,14.76,clear,14.787,3.494,0.00,,world
170.57,2026-08-31 00:43:35,-180.00,-2.91,2730.00,30.0,corridor,14.78,clear,15.027,3.686,0.00,,world
171.07,2026-08-31 00:43:36,-180.00,-2.91,2730.00,30.0,corridor,14.80,clear,15.027,3.686,0.00,,world
171.57,2026-08-31 00:43:36,-180.00,-2.91,2730.00,30.0,corridor,14.82,clear,15.479,3.798,0.00,,world
172.07,2026-08-31 00:43:37,-180.00,-2.91,2730.00,30.0,corridor,14.84,clear,15.479,3.798,0.00,,world
172.57,2026-08-31 00:43:37,-180.00,-2.91,2730.00,30.0,corridor,14.86,clear,15.101,4.757,0.00,,world
173.07,2026-08-31 00:43:37,-180.00,-2.91,2730.00,30.0,corridor,14.88,clear,15.101,4.757,0.00,,world
173.57,2026-08-31 00:43:38,-180.00,-2.91,2730.00,30.0,corridor,14.90,clear,14.360,3.752,0.00,,world
174.07,2026-08-31 00:43:38,-180.00,-2.91,2730.00,30.0,corridor,14.92,clear,14.360,3.752,0.00,,world
174.57,2026-08-31 00:43:39,-180.00,-2.91,2730.00,30.0,corridor,14.94,clear,16.188,3.624,0.00,,world
175.07,2026-08-31 00:43:40,-180.00,-2.91,2730.00,30.0,corridor,14.96,clear,16.188,3.624,0.00,,world
175.57,2026-08-31 00:43:40,-180.00,-2.91,2730.00,30.0,corridor,14.98,clear,14.851,3.734,0.00,,world
176.07,2026-08-31 00:43:40,-180.00,-2.91,2730.00,30.0,corridor,15.00,clear,14.851,3.734,0.00,,world
176.57,2026-08-31 00:43:41,-180.00,-2.91,2730.00,30.0,corridor,15.02,clear,15.475,4.087,0.00,,world
177.07,2026-08-31 00:43:42,-180.00,-2.91,2730.00,30.0,corridor,15.04,clear,15.475,4.087,0.00,,world
177.57,2026-08-31 00:43:42,-180.00,-2.91,2730.00,30.0,corridor,15.06,clear,16.171,4.150,0.00,,world
178.07,2026-08-31 00:43:43,-180.00,-2.91,2730.00,30.0,corridor,15.08,clear,16.171,4.150,0.00,,world
178.57,2026-08-31 00:43:43,-180.00,-2.91,2730.00,30.0,corridor,15.10,clear,15.377,4.617,0.00,,world
179.07,2026-08-31 00:43:44,-180.00,-2.91,2730.00,30.0,corridor,15.12,clear,15.377,4.617,0.00,,world
179.57,2026-08-31 00:43:44,-180.00,-2.91,2730.00,30.0,corridor,15.14,clear,14.495,3.824,0.00,,world
180.07,2026-08-31 00:43:45,-180.00,-2.91,2730.00,30.0,corridor,15.16,clear,14.495,3.824,0.00,,world
180.57,2026-08-31 00:43:45,-180.00,-2.91,2730.00,30.0,corridor,15.18,clear,35.774,4.891,0.00,,world
181.07,2026-08-31 00:43:46,-180.00,-2.91,2730.00,30.0,corridor,15.20,clear,35.774,4.891,0.00,,world
181.57,2026-08-31 00:43:46,-180.00,-2.91,2730.00,30.0,corridor,15.22,clear,15.273,4.475,0.00,,world
182.07,2026-08-31 00:43:47,-180.00,-2.91,2730.00,30.0,corridor,15.24,clear,15.273,4.475,0.00,,menu_map
182.65,2026-08-31 00:43:47,-180.00,-2.91,2730.00,30.0,corridor,15.24,clear,242.142,295.088,0.00,,world
183.15,2026-08-31 00:43:48,-179.08,-2.66,2731.29,35.8,corridor,15.26,clear,242.142,295.088,1.59,,world
183.65,2026-08-31 00:43:48,-177.74,-2.31,2733.17,35.8,corridor,15.28,clear,81.304,4.238,3.89,,world
184.15,2026-08-31 00:43:49,-176.38,-2.00,2735.06,35.8,corridor,15.30,clear,20.477,6.194,6.22,,world
184.65,2026-08-31 00:43:49,-175.00,-1.74,2736.99,35.8,corridor,15.32,clear,20.477,6.194,8.59,,world
185.15,2026-08-31 00:43:50,-173.60,-1.53,2738.93,35.8,corridor,15.34,clear,24.191,5.797,10.99,,world
185.65,2026-08-31 00:43:50,-172.19,-1.39,2740.91,35.8,corridor,15.36,clear,24.191,5.797,13.42,,world
186.15,2026-08-31 00:43:51,-170.75,-1.30,2742.91,35.8,corridor,15.38,clear,19.301,8.730,15.88,,world
186.65,2026-08-31 00:43:51,-169.32,-1.19,2744.91,35.8,corridor,15.40,clear,19.301,8.730,18.34,,world
187.15,2026-08-31 00:43:52,-167.88,-1.12,2746.91,35.8,corridor,15.42,clear,19.493,4.853,20.81,,world
187.65,2026-08-31 00:43:52,-166.42,-1.10,2748.94,35.8,corridor,15.44,clear,19.493,4.853,23.30,,world
188.15,2026-08-31 00:43:53,-164.97,-1.10,2750.97,35.8,corridor,15.46,clear,20.135,6.269,25.80,,world
188.65,2026-08-31 00:43:53,-163.53,-1.03,2752.98,35.8,corridor,15.48,clear,20.135,6.269,28.28,,world
189.15,2026-08-31 00:43:54,-162.09,-0.94,2754.98,35.8,corridor,15.50,clear,20.281,5.728,30.74,,world
189.65,2026-08-31 00:43:54,-160.61,-1.09,2757.04,35.8,corridor,15.52,clear,20.281,5.728,33.28,,world
190.15,2026-08-31 00:43:55,-159.10,-1.42,2759.14,35.8,corridor,15.54,clear,18.242,5.523,35.86,,world
190.65,2026-08-31 00:43:55,-157.58,-1.84,2761.24,35.8,corridor,15.56,clear,18.242,5.523,38.45,,world
191.15,2026-08-31 00:43:56,-156.07,-2.25,2763.34,35.8,corridor,15.58,clear,18.152,5.964,41.04,,world
191.65,2026-08-31 00:43:56,-154.56,-2.65,2765.44,35.8,corridor,15.60,clear,18.152,5.964,43.62,,world
192.15,2026-08-31 00:43:57,-153.05,-3.01,2767.54,35.8,corridor,15.62,clear,19.864,6.857,46.21,,world
192.65,2026-08-31 00:43:57,-151.56,-3.17,2769.61,35.8,corridor,15.64,clear,19.864,6.857,48.76,,world
193.15,2026-08-31 00:43:58,-150.12,-3.09,2771.61,35.8,corridor,15.66,clear,21.065,4.922,51.22,,world
193.65,2026-08-31 00:43:58,-148.72,-2.89,2773.55,35.8,corridor,15.68,clear,21.065,4.922,53.62,,world
194.15,2026-08-31 00:43:59,-147.35,-2.60,2775.46,35.8,corridor,15.70,clear,19.187,3.925,55.97,,world
194.65,2026-08-31 00:43:59,-146.03,-2.21,2777.30,35.8,corridor,15.72,clear,19.187,3.925,58.23,,world
195.15,2026-08-31 00:44:00,-144.76,-1.73,2779.07,35.8,corridor,15.74,clear,18.079,4.169,60.41,,world
195.65,2026-08-31 00:44:00,-143.46,-1.29,2780.86,35.8,corridor,15.76,clear,18.079,4.169,62.63,,world
196.15,2026-08-31 00:44:01,-142.13,-0.93,2782.72,35.8,corridor,15.78,clear,17.995,4.744,64.91,,world
196.65,2026-08-31 00:44:01,-140.75,-0.67,2784.65,35.8,corridor,15.80,clear,17.995,4.744,67.28,,world
197.15,2026-08-31 00:44:02,-139.37,-0.43,2786.58,35.8,corridor,15.82,clear,21.055,5.699,69.66,,world
197.65,2026-08-31 00:44:02,-138.00,-0.13,2788.49,35.8,corridor,15.84,clear,21.055,5.699,72.00,,world
198.15,2026-08-31 00:44:03,-136.66,0.21,2790.37,35.8,corridor,15.86,clear,21.967,7.096,74.32,,world
198.65,2026-08-31 00:44:03,-135.28,0.45,2792.30,35.8,corridor,15.88,clear,21.967,7.096,76.69,,world
199.15,2026-08-31 00:44:04,-133.84,0.53,2794.30,35.8,corridor,15.90,clear,17.245,6.092,79.16,,world
199.65,2026-08-31 00:44:04,-132.36,0.43,2796.36,35.8,corridor,15.92,clear,17.245,6.092,81.69,,world
200.15,2026-08-31 00:44:05,-130.88,0.34,2798.41,35.8,corridor,15.94,clear,19.607,6.613,84.22,,world
200.65,2026-08-31 00:44:05,-129.40,0.27,2800.46,35.8,corridor,15.96,clear,19.607,6.613,86.74,,world
201.15,2026-08-31 00:44:06,-127.92,0.18,2802.51,35.8,corridor,15.98,clear,25.498,7.392,89.28,,world
201.65,2026-08-31 00:44:06,-126.43,-0.01,2804.59,35.8,corridor,16.00,clear,25.498,7.392,91.83,,world
202.15,2026-08-31 00:44:07,-124.94,-0.14,2806.65,35.8,corridor,16.02,clear,18.307,17.386,94.38,,world
202.65,2026-08-31 00:44:07,-123.47,-0.20,2808.70,35.8,corridor,16.04,clear,18.307,17.386,96.90,,world
203.15,2026-08-31 00:44:08,-122.00,-0.24,2810.73,35.8,corridor,16.06,clear,18.539,5.889,99.41,,world
203.65,2026-08-31 00:44:08,-120.52,-0.34,2812.79,35.8,corridor,16.08,clear,18.539,5.889,101.94,,world
204.15,2026-08-31 00:44:09,-119.04,-0.44,2814.84,35.8,corridor,16.10,clear,19.401,6.659,104.47,,world
204.65,2026-08-31 00:44:09,-117.58,-0.48,2816.89,35.8,corridor,16.12,clear,19.401,6.659,106.99,,world
205.15,2026-08-31 00:44:10,-116.12,-0.45,2818.91,35.8,corridor,16.14,clear,19.296,7.574,109.48,,world
205.65,2026-08-31 00:44:10,-114.71,-0.30,2820.88,35.8,corridor,16.16,clear,19.296,7.574,111.91,,world
206.15,2026-08-31 00:44:11,-113.36,0.02,2822.77,35.8,corridor,16.18,clear,17.006,6.871,114.23,,world
206.65,2026-08-31 00:44:11,-112.06,0.45,2824.59,35.8,corridor,16.20,clear,17.006,6.871,116.47,,world
207.15,2026-08-31 00:44:12,-110.74,0.86,2826.42,35.8,corridor,16.22,clear,16.512,7.295,118.72,,world
207.65,2026-08-31 00:44:12,-109.37,1.11,2828.34,35.8,corridor,16.24,clear,16.512,7.295,121.08,,world
208.15,2026-08-31 00:44:13,-107.92,1.15,2830.36,35.8,corridor,16.26,clear,27.024,13.478,123.57,,world
208.65,2026-08-31 00:44:13,-106.44,1.05,2832.42,35.8,corridor,16.28,clear,27.024,13.478,126.10,,world
209.15,2026-08-31 00:44:14,-104.97,1.00,2834.46,35.8,corridor,16.30,clear,17.603,7.965,128.61,,world
209.65,2026-08-31 00:44:14,-103.53,1.07,2836.47,35.8,corridor,16.32,clear,17.603,7.965,131.09,,world
210.15,2026-08-31 00:44:15,-102.11,1.21,2838.45,35.8,corridor,16.34,clear,18.756,8.991,133.53,,world
210.65,2026-08-31 00:44:15,-100.66,1.26,2840.47,35.8,corridor,16.36,clear,18.756,8.991,136.01,,world
211.15,2026-08-31 00:44:16,-99.20,1.28,2842.50,35.8,corridor,16.38,clear,17.615,7.856,138.51,,world
211.65,2026-08-31 00:44:16,-97.77,1.35,2844.51,35.8,corridor,16.40,clear,17.615,7.856,140.98,,world
212.15,2026-08-31 00:44:17,-96.36,1.55,2846.46,35.8,corridor,16.42,clear,20.488,7.154,143.38,,world
212.65,2026-08-31 00:44:17,-95.01,1.89,2848.35,35.8,corridor,16.44,clear,20.488,7.154,145.70,,world
213.15,2026-08-31 00:44:18,-93.69,2.28,2850.19,35.8,corridor,16.46,clear,18.893,5.684,147.97,,world
213.65,2026-08-31 00:44:18,-92.37,2.67,2852.04,35.8,corridor,16.48,clear,18.893,5.684,150.24,,world
214.15,2026-08-31 00:44:19,-91.00,2.96,2853.95,35.8,corridor,16.50,clear,18.248,4.529,152.59,,world
214.65,2026-08-31 00:44:19,-89.57,3.06,2855.94,35.8,corridor,16.52,clear,18.248,4.529,155.04,,world
215.15,2026-08-31 00:44:20,-88.09,2.96,2858.00,35.8,corridor,16.54,clear,18.868,4.648,157.58,,world
215.65,2026-08-31 00:44:20,-86.60,2.79,2860.07,35.8,corridor,16.56,clear,18.868,4.648,160.13,,world
216.15,2026-08-31 00:44:21,-85.11,2.60,2862.15,35.8,corridor,16.58,clear,17.130,3.821,162.69,,world
216.65,2026-08-31 00:44:21,-83.62,2.45,2864.22,35.8,corridor,16.60,clear,17.130,3.821,165.23,,world
217.15,2026-08-31 00:44:22,-82.14,2.30,2866.28,35.8,corridor,16.62,clear,17.806,4.165,167.78,,world
217.65,2026-08-31 00:44:22,-80.66,2.22,2868.33,35.8,corridor,16.64,clear,17.806,4.165,170.31,,world
218.15,2026-08-31 00:44:23,-79.19,2.20,2870.37,35.8,corridor,16.66,clear,19.178,4.154,172.82,,world
218.65,2026-08-31 00:44:23,-77.71,2.11,2872.42,35.8,corridor,16.68,clear,19.178,4.154,175.34,,world
219.15,2026-08-31 00:44:24,-76.21,1.86,2874.50,35.8,corridor,16.70,clear,17.984,4.140,177.91,,world
219.65,2026-08-31 00:44:24,-74.69,1.39,2876.60,35.8,corridor,16.72,clear,17.984,4.140,180.50,,world
220.15,2026-08-31 00:44:25,-73.18,0.86,2878.69,35.8,corridor,16.74,clear,18.681,5.305,183.09,,world
220.65,2026-08-31 00:44:25,-71.66,0.45,2880.79,35.8,corridor,16.76,clear,18.681,5.305,185.67,,world
221.15,2026-08-31 00:44:26,-70.15,0.16,2882.87,35.8,corridor,16.78,clear,16.853,4.741,188.25,,world
221.65,2026-08-31 00:44:26,-68.66,0.02,2884.93,35.8,corridor,16.80,clear,16.853,4.741,190.79,,world
222.15,2026-08-31 00:44:27,-67.19,-0.01,2886.97,35.8,corridor,16.82,clear,17.170,4.976,193.30,,world
222.65,2026-08-31 00:44:27,-65.74,0.06,2888.98,35.8,corridor,16.84,clear,17.170,4.976,195.78,,world
223.15,2026-08-31 00:44:28,-64.35,0.27,2890.92,35.8,corridor,16.86,clear,18.102,5.269,198.17,,world
223.65,2026-08-31 00:44:28,-63.00,0.62,2892.79,35.8,corridor,16.88,clear,18.102,5.269,200.47,,world
224.15,2026-08-31 00:44:29,-61.67,1.00,2894.63,35.8,corridor,16.90,clear,16.790,5.633,202.74,,world
224.65,2026-08-31 00:44:29,-60.30,1.28,2896.53,35.8,corridor,16.92,clear,16.790,5.633,205.09,,world
225.15,2026-08-31 00:44:30,-58.65,1.35,2898.68,35.8,corridor,16.94,clear,16.113,4.872,207.81,,world
225.65,2026-08-31 00:44:30,-57.17,1.29,2900.73,35.8,corridor,16.96,clear,16.113,4.872,210.33,,world
226.15,2026-08-31 00:44:31,-56.71,1.17,2902.38,36.1,corridor,16.98,clear,16.699,5.455,212.18,,world
226.65,2026-08-31 00:44:31,-55.22,0.93,2904.46,36.2,corridor,17.00,clear,16.699,5.455,214.74,,world
227.15,2026-08-31 00:44:32,-53.70,0.50,2906.54,36.2,corridor,17.02,clear,16.857,4.889,217.32,,world
227.65,2026-08-31 00:44:32,-52.18,-0.09,2908.63,36.2,corridor,17.04,clear,16.857,4.889,219.90,,world
228.15,2026-08-31 00:44:33,-52.27,-0.09,2908.69,-5.8,corridor,17.06,clear,16.438,4.674,220.03,,world
228.65,2026-08-31 00:44:33,-54.29,-0.22,2910.17,-53.8,corridor,17.08,clear,16.438,4.674,222.53,,world
229.15,2026-08-31 00:44:34,-54.71,-0.46,2911.91,38.8,corridor,17.10,clear,18.150,5.415,224.92,,world
229.65,2026-08-31 00:44:34,-53.07,-0.73,2913.29,38.5,corridor,17.12,clear,18.150,5.415,227.17,,world
230.15,2026-08-31 00:44:35,-51.47,-0.95,2914.62,38.2,corridor,17.14,clear,15.933,4.647,229.36,,world
230.65,2026-08-31 00:44:35,-49.87,-1.13,2916.57,38.2,corridor,17.16,clear,15.933,4.647,231.88,,world
231.15,2026-08-31 00:44:36,-48.30,-1.24,2918.56,38.2,corridor,17.18,clear,15.974,4.680,234.42,,world
231.65,2026-08-31 00:44:36,-46.75,-1.31,2920.54,38.2,corridor,17.20,clear,15.974,4.680,236.94,,world
232.15,2026-08-31 00:44:37,-45.20,-1.31,2922.51,38.2,corridor,17.22,clear,16.577,4.774,239.44,,world
232.65,2026-08-31 00:44:37,-43.68,-1.22,2924.45,38.2,corridor,17.24,clear,16.577,4.774,241.90,,world
233.15,2026-08-31 00:44:38,-42.16,-1.15,2926.39,38.2,corridor,17.26,clear,16.086,5.368,244.37,,world
233.65,2026-08-31 00:44:38,-40.62,-1.12,2928.35,38.2,corridor,17.28,clear,16.086,5.368,246.86,,world
234.15,2026-08-31 00:44:39,-39.09,-1.08,2930.31,38.2,corridor,17.30,clear,20.757,6.377,249.34,,world
234.65,2026-08-31 00:44:39,-37.59,-0.94,2932.23,38.2,corridor,17.32,clear,20.757,6.377,251.78,,world
235.15,2026-08-31 00:44:40,-36.27,-0.73,2933.91,38.2,corridor,17.34,clear,17.584,5.223,253.92,,world
235.65,2026-08-31 00:44:40,-34.81,-0.49,2935.79,38.2,corridor,17.36,clear,17.584,5.223,256.30,,world
236.15,2026-08-31 00:44:41,-33.34,-0.26,2937.66,38.2,corridor,17.38,clear,16.983,4.520,258.69,,world
236.65,2026-08-31 00:44:41,-31.84,-0.10,2939.57,38.2,corridor,17.40,clear,16.983,4.520,261.11,,world
237.15,2026-08-31 00:44:42,-30.31,-0.05,2941.52,38.2,corridor,17.42,clear,18.550,5.988,263.59,,world
237.65,2026-08-31 00:44:42,-28.77,-0.02,2943.47,38.2,corridor,17.44,clear,18.550,5.988,266.07,,world
238.15,2026-08-31 00:44:43,-27.24,0.04,2945.42,38.2,corridor,17.46,clear,17.718,4.899,268.55,,world
238.65,2026-08-31 00:44:43,-25.71,0.09,2947.36,38.2,corridor,17.48,clear,17.718,4.899,271.03,,world
239.15,2026-08-31 00:44:44,-24.14,-0.00,2949.35,38.2,corridor,17.50,clear,16.469,4.112,273.55,,world
239.65,2026-08-31 00:44:44,-22.56,-0.22,2951.36,38.2,corridor,17.52,clear,16.469,4.112,276.11,,world
240.15,2026-08-31 00:44:45,-20.98,-0.43,2953.37,38.2,corridor,17.54,clear,17.560,4.999,278.68,,world
240.65,2026-08-31 00:44:45,-19.39,-0.68,2955.39,38.2,corridor,17.56,clear,17.560,4.999,281.24,,world
241.15,2026-08-31 00:44:46,-17.79,-1.04,2957.42,38.2,corridor,17.58,clear,17.363,4.057,283.83,,world
241.65,2026-08-31 00:44:46,-16.19,-1.53,2959.45,38.2,corridor,17.60,clear,17.363,4.057,286.41,,world
242.15,2026-08-31 00:44:47,-14.59,-2.11,2961.49,38.2,corridor,17.62,clear,17.795,7.803,289.00,,world
242.65,2026-08-31 00:44:47,-12.99,-2.70,2963.52,38.2,corridor,17.64,clear,17.795,7.803,291.59,,world
243.15,2026-08-31 00:44:48,-11.38,-3.21,2965.55,38.2,corridor,17.66,clear,16.879,5.000,294.18,,world
243.65,2026-08-31 00:44:48,-9.79,-3.48,2967.57,38.2,corridor,17.68,clear,16.879,5.000,296.75,,world
244.15,2026-08-31 00:44:49,-8.22,-3.58,2969.56,38.2,corridor,17.70,clear,16.341,4.510,299.28,,world
244.65,2026-08-31 00:44:49,-6.63,-3.78,2971.57,38.2,corridor,17.72,clear,16.341,4.510,301.85,,world
245.15,2026-08-31 00:44:50,-5.03,-4.05,2973.59,38.1,corridor,17.74,clear,16.941,4.655,304.42,,world
245.65,2026-08-31 00:44:50,-3.44,-4.33,2975.62,38.1,corridor,17.76,clear,16.941,4.655,307.00,,world
246.40,2026-08-31 00:44:51,-2.87,-4.42,2976.33,38.1,corridor,17.79,clear,16.067,4.979,307.92,,world
247.23,2026-08-31 00:44:52,-2.87,-4.42,2976.33,38.1,corridor,17.82,clear,19.605,5.386,307.92,,world
248.00,2026-08-31 00:44:53,-2.87,-4.42,2976.33,38.1,corridor,17.85,clear,19.605,5.386,307.92,,world
248.78,2026-08-31 00:44:54,-2.87,-4.42,2976.33,38.1,corridor,17.88,clear,15.908,4.731,307.92,,world
249.55,2026-08-31 00:44:54,-2.87,-4.42,2976.33,38.1,corridor,17.91,clear,15.871,4.253,307.92,,world
250.05,2026-08-31 00:44:55,-2.87,-4.42,2976.33,38.1,corridor,17.93,clear,15.871,4.253,307.92,,world
250.55,2026-08-31 00:44:55,-2.87,-4.42,2976.33,38.1,corridor,17.95,clear,17.567,6.032,307.92,,world
251.05,2026-08-31 00:44:56,-2.87,-4.42,2976.33,38.1,corridor,17.97,clear,17.567,6.032,307.92,,world
251.55,2026-08-31 00:44:56,-2.87,-4.42,2976.33,38.1,corridor,17.99,clear,16.690,6.362,307.92,,world
252.05,2026-08-31 00:44:57,-2.87,-4.42,2976.33,38.1,corridor,18.01,clear,16.690,6.362,307.92,,world
252.55,2026-08-31 00:44:57,-2.87,-4.42,2976.33,38.1,corridor,18.03,clear,16.314,4.174,307.92,,world
253.48,2026-08-31 00:44:58,-2.87,-4.42,2976.33,38.1,corridor,18.07,clear,16.233,4.043,307.92,,world
254.07,2026-08-31 00:44:59,-2.87,-4.42,2976.33,38.1,corridor,18.09,clear,16.233,4.043,307.92,,world
254.65,2026-08-31 00:44:59,-2.87,-4.42,2976.33,38.1,corridor,18.12,clear,16.763,4.076,307.92,,world
255.23,2026-08-31 00:45:00,-2.87,-4.42,2976.33,38.1,corridor,18.14,clear,16.735,4.823,307.92,,world
255.85,2026-08-31 00:45:01,-2.87,-4.42,2976.33,38.1,corridor,18.17,clear,16.735,4.823,307.92,,world
256.43,2026-08-31 00:45:01,-2.87,-4.42,2976.33,38.1,corridor,18.19,clear,17.203,4.593,307.92,,world
257.00,2026-08-31 00:45:02,-2.87,-4.42,2976.33,38.1,corridor,18.21,clear,17.203,4.593,307.92,,world
257.57,2026-08-31 00:45:02,-2.87,-4.42,2976.33,38.1,corridor,18.24,clear,15.859,3.997,307.92,,world
258.12,2026-08-31 00:45:03,-2.87,-4.42,2976.33,38.1,corridor,18.26,clear,16.532,3.662,307.92,,world
258.73,2026-08-31 00:45:03,-2.87,-4.42,2976.33,38.1,corridor,18.28,clear,16.532,3.662,307.92,,world
259.32,2026-08-31 00:45:04,-2.87,-4.42,2976.33,38.1,corridor,18.31,clear,17.458,4.094,307.92,,world
259.87,2026-08-31 00:45:05,-2.87,-4.42,2976.33,38.1,corridor,18.33,clear,17.458,4.094,307.92,,world
260.43,2026-08-31 00:45:05,-2.87,-4.42,2976.33,38.1,corridor,18.35,clear,16.484,4.539,307.92,,world
260.98,2026-08-31 00:45:06,-2.87,-4.42,2976.33,38.1,corridor,18.37,clear,16.484,4.539,307.92,,world
261.53,2026-08-31 00:45:06,-2.87,-4.42,2976.33,38.1,corridor,18.39,clear,15.645,4.198,307.92,,world
262.07,2026-08-31 00:45:07,-2.87,-4.42,2976.33,38.1,corridor,18.42,clear,15.645,4.198,307.92,,world
262.62,2026-08-31 00:45:07,-2.87,-4.42,2976.33,38.1,corridor,18.44,clear,15.385,3.877,307.92,,world
263.18,2026-08-31 00:45:08,-2.87,-4.42,2976.33,38.1,corridor,18.46,clear,16.046,3.944,307.92,,world
263.73,2026-08-31 00:45:08,-2.87,-4.42,2976.33,38.1,corridor,18.48,clear,16.046,3.944,307.92,,world
264.33,2026-08-31 00:45:09,-2.87,-4.42,2976.33,38.1,corridor,18.51,clear,16.271,4.954,307.92,,world
265.02,2026-08-31 00:45:10,-2.87,-4.42,2976.33,38.1,corridor,18.53,clear,16.271,4.954,307.92,,world
265.67,2026-08-31 00:45:10,-2.87,-4.42,2976.33,38.1,corridor,18.56,clear,20.158,5.733,307.92,,world
266.27,2026-08-31 00:45:11,-2.87,-4.42,2976.33,38.1,corridor,18.58,clear,17.800,4.705,307.92,,world
266.83,2026-08-31 00:45:12,-2.87,-4.42,2976.33,38.1,corridor,18.61,clear,17.800,4.705,307.92,,world
267.42,2026-08-31 00:45:12,-2.87,-4.42,2976.33,38.1,corridor,18.63,clear,17.551,3.967,307.92,,world
268.00,2026-08-31 00:45:13,-2.87,-4.42,2976.33,38.1,corridor,18.65,cloudy,17.551,3.967,307.92,,world
268.63,2026-08-31 00:45:13,-2.87,-4.42,2976.33,38.1,corridor,18.68,cloudy,19.365,4.480,307.92,,world
269.28,2026-08-31 00:45:14,-2.87,-4.42,2976.33,38.1,corridor,18.70,cloudy,18.772,4.397,307.92,,world
269.93,2026-08-31 00:45:15,-2.87,-4.42,2976.33,38.1,corridor,18.73,cloudy,18.772,4.397,307.92,,world
270.57,2026-08-31 00:45:15,-2.87,-4.42,2976.33,38.1,corridor,18.76,cloudy,18.010,4.641,307.92,,world
271.07,2026-08-31 00:45:16,-2.87,-4.42,2976.33,38.1,corridor,18.77,cloudy,18.010,4.641,307.92,,world
271.57,2026-08-31 00:45:16,-2.87,-4.42,2976.33,38.1,corridor,18.80,cloudy,17.677,4.766,307.92,,world
272.07,2026-08-31 00:45:17,-2.87,-4.42,2976.33,38.1,corridor,18.81,cloudy,17.677,4.766,307.92,,world
272.57,2026-08-31 00:45:17,-2.87,-4.42,2976.33,38.1,corridor,18.84,cloudy,17.633,4.551,307.92,,world
273.07,2026-08-31 00:45:18,-2.87,-4.42,2976.33,38.1,corridor,18.85,cloudy,17.633,4.551,307.92,,world
273.57,2026-08-31 00:45:18,-2.87,-4.42,2976.33,38.1,corridor,18.88,cloudy,17.171,5.152,307.92,,world
274.07,2026-08-31 00:45:19,-2.87,-4.42,2976.33,38.1,corridor,18.90,cloudy,17.171,5.152,307.92,,world
274.57,2026-08-31 00:45:19,-2.87,-4.42,2976.33,38.1,corridor,18.92,cloudy,17.030,4.277,307.92,,world
275.07,2026-08-31 00:45:20,-2.87,-4.42,2976.33,38.1,corridor,18.94,cloudy,17.030,4.277,307.92,,world
275.57,2026-08-31 00:45:20,-2.87,-4.42,2976.33,38.1,corridor,18.96,cloudy,17.081,4.290,307.92,,world
276.07,2026-08-31 00:45:21,-2.87,-4.42,2976.33,38.1,corridor,18.98,cloudy,17.081,4.290,307.92,,world
276.57,2026-08-31 00:45:21,-2.87,-4.42,2976.33,38.1,corridor,19.00,cloudy,16.664,4.262,307.92,,world
277.07,2026-08-31 00:45:22,-2.87,-4.42,2976.33,38.1,corridor,19.02,cloudy,16.664,4.262,307.92,,world
277.57,2026-08-31 00:45:22,-2.87,-4.42,2976.33,38.1,corridor,19.03,cloudy,16.708,4.707,307.92,,world
278.07,2026-08-31 00:45:23,-2.87,-4.42,2976.33,38.1,corridor,19.06,cloudy,16.708,4.707,307.92,,world
278.57,2026-08-31 00:45:23,-2.87,-4.42,2976.35,27.6,corridor,19.08,cloudy,15.874,4.429,307.93,,world
279.07,2026-08-31 00:45:24,-2.19,-4.63,2978.63,16.3,corridor,19.09,cloudy,15.874,4.429,310.31,,world
279.57,2026-08-31 00:45:24,-1.46,-5.05,2981.12,16.3,corridor,19.12,cloudy,19.878,5.530,312.90,,world
280.07,2026-08-31 00:45:25,-0.73,-5.61,2983.60,16.3,corridor,19.14,cloudy,19.878,5.530,315.49,,world
280.57,2026-08-31 00:45:25,-0.00,-6.07,2986.08,16.3,corridor,19.15,cloudy,18.013,6.720,318.08,,world
281.07,2026-08-31 00:45:26,0.72,-6.21,2988.53,16.3,corridor,19.18,cloudy,18.013,6.720,320.63,,world
281.57,2026-08-31 00:45:26,1.43,-6.25,2990.95,16.3,corridor,19.20,cloudy,15.954,5.446,323.15,,world
282.07,2026-08-31 00:45:27,2.14,-6.30,2993.37,16.3,corridor,19.22,cloudy,15.954,5.446,325.67,,world
282.57,2026-08-31 00:45:27,2.84,-6.33,2995.78,16.3,corridor,19.24,cloudy,18.567,4.771,328.18,,world
283.07,2026-08-31 00:45:28,3.53,-6.26,2998.15,16.3,corridor,19.26,cloudy,18.567,4.771,330.65,,world
283.57,2026-08-31 00:45:28,4.20,-6.05,3000.46,16.3,corridor,19.28,cloudy,16.343,4.813,333.05,,world
284.07,2026-08-31 00:45:29,4.86,-5.76,3002.71,16.3,corridor,19.30,cloudy,16.343,4.813,335.41,,world
284.57,2026-08-31 00:45:29,5.50,-5.36,3004.90,16.3,corridor,19.32,cloudy,17.656,3.700,337.69,,world
285.07,2026-08-31 00:45:30,6.14,-4.92,3007.05,16.3,corridor,19.34,cloudy,17.656,3.700,339.92,,world
285.57,2026-08-31 00:45:30,6.77,-4.47,3009.19,16.3,corridor,19.36,cloudy,16.742,4.281,342.16,,world
286.07,2026-08-31 00:45:31,7.41,-4.07,3011.36,16.3,corridor,19.37,cloudy,16.742,4.281,344.42,,world
286.57,2026-08-31 00:45:31,8.07,-3.79,3013.62,16.3,corridor,19.39,cloudy,17.072,3.663,346.78,,world
287.07,2026-08-31 00:45:32,8.75,-3.65,3015.96,16.3,corridor,19.42,cloudy,17.072,3.663,349.22,,world
287.57,2026-08-31 00:45:32,9.24,-3.63,3018.54,16.3,corridor,19.44,cloudy,18.399,4.395,351.88,,world
288.07,2026-08-31 00:45:33,9.98,-3.55,3021.16,16.3,corridor,19.46,cloudy,18.399,4.395,354.61,,world
288.57,2026-08-31 00:45:33,10.66,-3.44,3023.51,16.3,corridor,19.48,cloudy,17.219,4.129,357.06,,world
289.07,2026-08-31 00:45:34,11.36,-3.41,3025.90,16.3,corridor,19.50,cloudy,17.219,4.129,359.55,,world
289.57,2026-08-31 00:45:34,12.16,-3.45,3027.63,16.3,corridor,19.52,cloudy,17.961,4.706,361.51,,world
290.07,2026-08-31 00:45:35,13.16,-3.39,3027.34,106.3,corridor,19.54,cloudy,17.961,4.706,362.56,,world
290.57,2026-08-31 00:45:35,15.51,-3.26,3026.65,106.3,corridor,19.56,cloudy,17.352,5.033,365.00,,world
291.07,2026-08-31 00:45:36,16.61,-3.25,3028.28,15.8,corridor,19.58,cloudy,17.352,5.033,367.34,,world
291.57,2026-08-31 00:45:36,17.00,-3.24,3029.21,15.8,corridor,19.59,cloudy,19.382,5.752,368.42,,world
292.07,2026-08-31 00:45:37,18.40,-3.17,3028.81,105.8,corridor,19.61,cloudy,19.382,5.752,369.88,,world
292.57,2026-08-31 00:45:37,21.03,-3.11,3028.19,105.8,corridor,19.64,cloudy,23.453,7.325,372.59,,world
293.07,2026-08-31 00:45:38,23.27,-3.11,3027.79,32.2,corridor,19.65,cloudy,23.453,7.325,374.95,,world
293.57,2026-08-31 00:45:38,23.96,-3.33,3030.23,15.0,corridor,19.68,cloudy,18.679,6.786,377.49,,world
294.07,2026-08-31 00:45:39,24.63,-3.62,3032.72,15.0,corridor,19.70,cloudy,18.679,6.786,380.07,,world
294.57,2026-08-31 00:45:39,25.29,-3.84,3035.20,15.0,corridor,19.72,cloudy,17.956,5.660,382.64,,world
295.07,2026-08-31 00:45:40,25.95,-3.97,3037.66,15.0,corridor,19.74,cloudy,17.956,5.660,385.18,,world
295.57,2026-08-31 00:45:40,26.60,-3.98,3040.08,15.0,corridor,19.76,cloudy,16.744,5.495,387.69,,world
296.07,2026-08-31 00:45:41,27.23,-3.84,3042.43,15.0,corridor,19.78,cloudy,16.744,5.495,390.12,,world
296.57,2026-08-31 00:45:41,27.83,-3.55,3044.70,15.0,corridor,19.80,cloudy,15.939,6.638,392.47,,world
297.07,2026-08-31 00:45:42,28.13,-3.17,3046.78,15.0,corridor,19.82,cloudy,15.939,6.638,394.62,,world
297.57,2026-08-31 00:45:42,28.69,-2.62,3049.12,15.1,corridor,19.83,cloudy,17.882,7.223,397.02,,world
298.07,2026-08-31 00:45:43,29.24,-2.11,3051.20,15.1,corridor,19.86,cloudy,17.882,7.223,399.17,,world
298.57,2026-08-31 00:45:43,29.82,-1.65,3053.33,15.1,corridor,19.87,cloudy,16.050,6.385,401.38,,world
299.07,2026-08-31 00:45:44,30.43,-1.36,3055.59,15.1,corridor,19.90,cloudy,16.050,6.385,403.72,,world
299.57,2026-08-31 00:45:44,31.07,-1.24,3057.95,15.1,corridor,19.92,cloudy,17.261,5.546,406.17,,world
300.07,2026-08-31 00:45:45,31.71,-1.15,3060.33,15.1,corridor,19.94,cloudy,17.261,5.546,408.63,,world
300.57,2026-08-31 00:45:45,32.33,-0.96,3062.66,15.1,corridor,19.96,cloudy,17.703,5.621,411.04,,world
301.07,2026-08-31 00:45:46,32.94,-0.69,3064.94,15.1,corridor,19.97,cloudy,17.703,5.621,413.41,,world
301.57,2026-08-31 00:45:46,33.20,-0.47,3066.88,15.1,corridor,20.00,cloudy,22.336,6.629,415.47,,world
302.07,2026-08-31 00:45:47,33.43,-0.18,3069.16,15.1,corridor,20.02,cloudy,22.336,6.629,417.83,,world
302.57,2026-08-31 00:45:47,34.02,0.24,3071.34,15.1,corridor,20.04,cloudy,18.535,10.113,420.08,,world
303.07,2026-08-31 00:45:48,34.55,0.82,3073.38,15.1,corridor,20.06,cloudy,18.535,10.113,422.19,,world
303.57,2026-08-31 00:45:48,34.69,0.88,3073.47,46.6,corridor,20.07,cloudy,17.728,11.106,422.39,,world
304.07,2026-08-31 00:45:49,36.68,1.42,3072.93,105.1,corridor,20.09,cloudy,17.728,11.106,424.45,,world
304.57,2026-08-31 00:45:49,38.71,2.00,3072.38,105.1,corridor,20.11,cloudy,17.780,9.258,426.55,,world
305.07,2026-08-31 00:45:50,40.83,2.50,3071.81,105.1,corridor,20.13,cloudy,17.780,9.258,428.75,,world
305.57,2026-08-31 00:45:50,41.70,3.04,3073.14,14.2,corridor,20.15,cloudy,18.035,13.368,430.68,,world
306.07,2026-08-31 00:45:51,42.23,3.51,3075.28,14.2,corridor,20.18,cloudy,18.035,13.368,432.88,,world
306.57,2026-08-31 00:45:51,42.80,3.80,3077.55,14.2,corridor,20.20,cloudy,19.246,13.908,435.22,,world
307.07,2026-08-31 00:45:52,43.38,4.03,3079.87,14.2,corridor,20.21,cloudy,19.246,13.908,437.61,,world
307.57,2026-08-31 00:45:52,43.97,4.22,3082.21,14.2,corridor,20.23,cloudy,18.591,10.487,440.02,,world
308.07,2026-08-31 00:45:53,44.57,4.31,3084.59,14.2,corridor,20.25,cloudy,18.591,10.487,442.48,,world
308.57,2026-08-31 00:45:53,45.19,4.23,3087.04,14.2,corridor,20.27,cloudy,19.599,9.803,445.01,,world
309.07,2026-08-31 00:45:54,45.81,4.04,3089.53,14.2,corridor,20.30,cloudy,19.599,9.803,447.57,,world
309.57,2026-08-31 00:45:54,46.44,3.85,3092.01,14.2,corridor,20.31,cloudy,18.885,9.815,450.13,,world
310.07,2026-08-31 00:45:55,47.06,3.75,3094.46,14.2,corridor,20.34,cloudy,18.885,9.815,452.66,,world
310.57,2026-08-31 00:45:55,47.68,3.76,3096.88,14.2,corridor,20.35,cloudy,19.236,11.827,455.16,,world
311.07,2026-08-31 00:45:56,48.29,3.81,3099.29,14.2,corridor,20.38,cloudy,19.236,11.827,457.64,,world
311.57,2026-08-31 00:45:56,48.91,3.85,3101.70,14.2,corridor,20.39,cloudy,17.839,10.788,460.13,,world
312.07,2026-08-31 00:45:57,49.52,3.96,3104.08,14.2,corridor,20.42,cloudy,17.839,10.788,462.58,,world
312.57,2026-08-31 00:45:57,50.09,4.26,3106.36,14.2,corridor,20.43,cloudy,18.728,12.637,464.93,,world
313.07,2026-08-31 00:45:58,50.65,4.67,3108.54,14.2,corridor,20.45,cloudy,18.728,12.637,467.19,,world
313.57,2026-08-31 00:45:58,51.20,5.10,3110.71,14.2,corridor,20.48,cloudy,17.540,8.610,469.43,,world
314.07,2026-08-31 00:45:59,51.75,5.52,3112.88,14.2,corridor,20.50,cloudy,17.540,8.610,471.67,,world
314.57,2026-08-31 00:45:59,52.31,5.91,3115.08,14.2,corridor,20.52,cloudy,20.809,9.805,473.94,,world
315.07,2026-08-31 00:46:00,53.23,6.35,3117.66,14.2,corridor,20.53,cloudy,20.809,9.805,476.69,,world
315.57,2026-08-31 00:46:00,53.81,6.57,3119.98,14.2,corridor,20.56,cloudy,18.360,9.249,479.08,,world
316.07,2026-08-31 00:46:01,54.33,6.60,3122.06,14.2,corridor,20.58,cloudy,18.360,9.249,481.23,,world
316.57,2026-08-31 00:46:01,53.83,6.53,3122.17,-75.8,corridor,20.59,cloudy,19.725,9.700,481.74,,world
317.07,2026-08-31 00:46:02,51.32,6.09,3122.80,-75.8,corridor,20.62,cloudy,19.725,9.700,484.34,,world
317.57,2026-08-31 00:46:02,51.07,6.01,3124.53,14.8,corridor,20.63,cloudy,22.410,10.904,486.57,,world
318.07,2026-08-31 00:46:03,51.68,6.19,3126.87,14.8,corridor,20.65,cloudy,22.410,10.904,489.00,,world
318.57,2026-08-31 00:46:03,52.28,6.47,3129.16,14.8,corridor,20.68,cloudy,18.222,9.978,491.35,,world
319.07,2026-08-31 00:46:04,52.80,6.76,3131.16,14.8,corridor,20.70,cloudy,18.222,9.978,493.43,,world
319.57,2026-08-31 00:46:04,53.39,7.04,3133.44,14.8,corridor,20.71,cloudy,19.319,9.950,495.78,,world
320.07,2026-08-31 00:46:05,54.00,7.22,3135.77,14.8,corridor,20.74,cloudy,19.319,9.950,498.19,,world
320.57,2026-08-31 00:46:05,54.59,7.30,3137.99,14.8,corridor,20.76,cloudy,18.285,9.421,500.48,,world
321.07,2026-08-31 00:46:06,54.89,7.31,3137.90,88.3,corridor,20.78,cloudy,18.285,9.421,500.80,,world
321.57,2026-08-31 00:46:06,57.27,7.40,3137.28,104.8,corridor,20.79,cloudy,18.269,7.053,503.26,,world
322.07,2026-08-31 00:46:07,58.68,7.49,3138.29,14.2,corridor,20.81,cloudy,18.269,7.053,505.56,,world
322.57,2026-08-31 00:46:07,59.27,7.64,3140.65,14.2,corridor,20.84,cloudy,18.097,8.222,507.99,,world
323.07,2026-08-31 00:46:08,59.87,7.71,3143.04,14.2,corridor,20.85,cloudy,18.097,8.222,510.46,,world
323.57,2026-08-31 00:46:08,60.18,7.67,3144.24,14.2,corridor,20.87,cloudy,17.944,8.314,511.70,,world
324.07,2026-08-31 00:46:09,61.79,7.68,3143.84,104.2,corridor,20.90,cloudy,17.944,8.314,513.36,,world
324.57,2026-08-31 00:46:09,64.26,7.49,3143.21,104.2,corridor,20.92,cloudy,18.655,9.180,515.91,,world
325.07,2026-08-31 00:46:10,66.51,7.07,3143.05,13.2,corridor,20.93,cloudy,18.655,9.180,518.35,,world
325.57,2026-08-31 00:46:10,67.09,6.99,3145.51,13.2,corridor,20.96,cloudy,18.629,7.773,520.88,,world
326.07,2026-08-31 00:46:11,67.68,6.89,3147.98,13.2,corridor,20.97,cloudy,18.629,7.773,523.42,,world
326.57,2026-08-31 00:46:11,68.26,6.93,3150.41,13.2,corridor,20.99,cloudy,17.785,7.759,525.92,,world
327.07,2026-08-31 00:46:12,68.80,7.07,3152.72,13.2,corridor,21.02,cloudy,17.785,7.759,528.29,,world
327.57,2026-08-31 00:46:12,69.32,7.21,3154.91,13.2,corridor,21.03,cloudy,17.805,8.043,530.55,,world
328.07,2026-08-31 00:46:13,69.89,7.25,3157.33,13.2,corridor,21.05,cloudy,17.805,8.043,533.03,,world
328.57,2026-08-31 00:46:13,70.47,7.15,3159.80,13.2,corridor,21.08,cloudy,18.263,7.556,535.57,,world
329.07,2026-08-31 00:46:14,71.06,7.01,3162.28,13.2,corridor,21.09,cloudy,18.263,7.556,538.11,,world
329.57,2026-08-31 00:46:14,71.64,6.92,3164.75,13.2,corridor,21.11,cloudy,19.226,8.155,540.65,,world
330.07,2026-08-31 00:46:15,72.22,6.77,3167.23,13.2,corridor,21.14,cloudy,19.226,8.155,543.20,,world
330.57,2026-08-31 00:46:15,72.81,6.57,3169.72,13.2,corridor,21.15,cloudy,19.924,8.915,545.76,,world
331.07,2026-08-31 00:46:16,73.39,6.45,3172.20,13.2,corridor,21.17,cloudy,19.924,8.915,548.30,,world
331.57,2026-08-31 00:46:16,73.96,6.39,3174.65,13.2,corridor,21.19,cloudy,19.091,8.161,550.82,,world
332.07,2026-08-31 00:46:17,74.54,6.25,3177.13,13.2,corridor,21.22,cloudy,19.091,8.161,553.37,,world
332.57,2026-08-31 00:46:17,75.13,6.08,3179.62,13.2,corridor,21.24,cloudy,19.460,8.407,555.93,,world
333.07,2026-08-31 00:46:18,75.72,5.93,3182.11,13.2,corridor,21.25,cloudy,19.460,8.407,558.48,,world
333.57,2026-08-31 00:46:18,76.31,5.75,3184.60,13.2,corridor,21.27,cloudy,18.604,7.272,561.04,,world
334.07,2026-08-31 00:46:19,76.91,5.52,3187.08,13.1,corridor,21.30,cloudy,18.604,7.272,563.60,,world
334.57,2026-08-31 00:46:19,78.11,5.24,3186.84,101.4,corridor,21.32,cloudy,20.887,10.149,564.82,,world
335.07,2026-08-31 00:46:20,78.96,5.08,3188.28,12.8,corridor,21.33,cloudy,20.887,10.149,566.84,,world
335.57,2026-08-31 00:46:20,78.70,5.14,3188.34,-60.7,corridor,21.35,cloudy,19.386,8.886,567.11,,world
336.07,2026-08-31 00:46:21,77.01,5.48,3188.83,-77.2,corridor,21.38,cloudy,19.386,8.886,568.88,,world
336.57,2026-08-31 00:46:21,77.35,5.45,3190.37,13.2,corridor,21.39,cloudy,18.518,9.128,570.46,,world
337.07,2026-08-31 00:46:22,78.13,5.56,3192.87,13.2,corridor,21.41,cloudy,18.518,9.128,573.11,,world
337.57,2026-08-31 00:46:22,78.69,5.65,3195.27,13.2,corridor,21.44,cloudy,18.727,8.647,575.56,,world
338.07,2026-08-31 00:46:23,79.28,5.51,3197.74,13.2,corridor,21.45,cloudy,18.727,8.647,578.10,,world
338.57,2026-08-31 00:46:23,79.87,5.06,3200.26,13.2,corridor,21.48,cloudy,17.789,7.462,580.69,,world
339.07,2026-08-31 00:46:24,80.46,4.40,3202.76,13.2,corridor,21.49,cloudy,17.789,7.462,583.27,,world
339.57,2026-08-31 00:46:24,81.05,3.67,3205.26,13.2,corridor,21.51,cloudy,19.369,9.059,585.83,,world
340.07,2026-08-31 00:46:25,81.63,2.91,3207.74,13.2,corridor,21.53,cloudy,19.369,9.059,588.38,,world
340.57,2026-08-31 00:46:25,82.21,2.08,3210.22,13.2,corridor,21.55,cloudy,18.748,9.084,590.92,,world
341.07,2026-08-31 00:46:26,82.79,1.26,3212.70,13.2,corridor,21.57,cloudy,18.748,9.084,593.47,,world
341.57,2026-08-31 00:46:26,83.37,0.62,3215.20,13.2,corridor,21.59,cloudy,18.070,7.560,596.04,,world
342.07,2026-08-31 00:46:27,83.96,0.15,3217.72,13.2,corridor,21.62,cloudy,18.070,7.560,598.63,,world
342.57,2026-08-31 00:46:27,84.55,-0.20,3220.24,13.2,corridor,21.64,cloudy,18.812,8.636,601.21,,world
343.07,2026-08-31 00:46:28,85.13,-0.60,3222.76,13.2,corridor,21.65,cloudy,18.812,8.636,603.80,,world
343.57,2026-08-31 00:46:28,85.71,-1.03,3225.28,13.2,corridor,21.68,cloudy,18.474,8.412,606.39,,world
344.07,2026-08-31 00:46:29,86.30,-1.47,3227.80,13.2,corridor,21.70,cloudy,18.474,8.412,608.97,,world
344.57,2026-08-31 00:46:29,86.88,-1.93,3230.32,13.2,corridor,21.71,cloudy,17.936,7.643,611.56,,world
345.07,2026-08-31 00:46:30,87.46,-2.48,3232.84,13.2,corridor,21.73,cloudy,17.936,7.643,614.14,,world
345.57,2026-08-31 00:46:30,88.04,-3.10,3235.35,13.2,corridor,21.75,cloudy,22.126,10.296,616.73,,world
346.07,2026-08-31 00:46:31,88.63,-3.60,3237.87,13.2,corridor,21.77,cloudy,22.126,10.296,619.31,,world
346.57,2026-08-31 00:46:31,89.20,-3.79,3240.36,13.2,corridor,21.79,cloudy,18.787,8.459,621.87,,world
347.07,2026-08-31 00:46:32,89.77,-3.78,3242.79,13.2,corridor,21.81,cloudy,18.787,8.459,624.36,,world
347.57,2026-08-31 00:46:32,90.33,-3.74,3245.21,13.2,corridor,21.84,cloudy,19.069,8.933,626.85,,world
348.07,2026-08-31 00:46:33,90.90,-3.76,3247.66,13.2,corridor,21.85,cloudy,19.069,8.933,629.35,,world
348.57,2026-08-31 00:46:33,91.47,-3.80,3250.11,13.2,corridor,21.87,cloudy,18.699,7.698,631.87,,world
349.07,2026-08-31 00:46:34,92.04,-3.79,3252.54,13.2,corridor,21.89,cloudy,18.699,7.698,634.37,,world
349.57,2026-08-31 00:46:34,92.60,-3.70,3254.93,13.2,corridor,21.91,cloudy,19.819,7.720,636.83,,world
350.07,2026-08-31 00:46:35,93.16,-3.59,3257.32,13.2,corridor,21.94,cloudy,19.819,7.720,639.28,,world
350.57,2026-08-31 00:46:35,93.72,-3.50,3259.72,13.2,corridor,21.95,cloudy,18.206,8.856,641.74,,world
351.07,2026-08-31 00:46:36,94.28,-3.37,3262.10,13.2,corridor,21.97,cloudy,18.206,8.856,644.19,,world
351.57,2026-08-31 00:46:36,94.83,-3.20,3264.45,13.2,corridor,21.99,cloudy,17.276,8.052,646.61,,world
352.07,2026-08-31 00:46:37,95.38,-3.05,3266.82,13.2,corridor,22.01,cloudy,17.276,8.052,649.04,,world
352.57,2026-08-31 00:46:37,95.95,-2.95,3269.22,13.2,corridor,22.03,cloudy,17.840,7.466,651.50,,world
353.07,2026-08-31 00:46:38,96.51,-2.90,3271.63,13.2,corridor,22.06,cloudy,17.840,7.466,653.98,,world
353.57,2026-08-31 00:46:38,97.08,-2.81,3274.03,13.2,corridor,22.08,cloudy,18.106,7.346,656.44,,world
354.07,2026-08-31 00:46:39,97.62,-2.59,3276.36,13.2,corridor,22.09,cloudy,18.106,7.346,658.83,,world
354.57,2026-08-31 00:46:39,98.16,-2.31,3278.65,13.2,corridor,22.11,cloudy,18.604,7.455,661.18,,world
355.07,2026-08-31 00:46:40,98.71,-2.11,3280.98,13.2,corridor,22.13,cloudy,18.604,7.455,663.58,,world
355.57,2026-08-31 00:46:40,99.28,-2.14,3283.42,13.2,corridor,22.16,cloudy,18.470,7.259,666.09,,world
356.07,2026-08-31 00:46:41,99.85,-2.27,3285.89,13.2,corridor,22.17,cloudy,18.470,7.259,668.63,,world
356.57,2026-08-31 00:46:41,100.42,-2.24,3288.32,13.2,corridor,22.20,cloudy,18.025,7.460,671.12,,world
357.07,2026-08-31 00:46:42,100.97,-2.14,3290.71,13.2,corridor,22.22,cloudy,18.025,7.460,673.57,,world
357.57,2026-08-31 00:46:42,101.54,-2.09,3293.12,13.2,corridor,22.23,cloudy,21.108,8.475,676.05,,world
358.07,2026-08-31 00:46:43,102.11,-2.10,3295.56,13.2,corridor,22.26,cloudy,21.108,8.475,678.56,,world
358.57,2026-08-31 00:46:43,102.68,-2.13,3298.01,13.2,corridor,22.27,cloudy,19.844,7.253,681.07,,world
359.07,2026-08-31 00:46:44,103.25,-2.20,3300.47,13.2,corridor,22.29,cloudy,19.844,7.253,683.59,,world
359.57,2026-08-31 00:46:44,103.83,-2.32,3302.94,13.2,corridor,22.31,cloudy,23.258,9.340,686.13,,world
360.07,2026-08-31 00:46:45,104.41,-2.40,3305.40,13.2,corridor,22.33,cloudy,23.258,9.340,688.66,,world
360.57,2026-08-31 00:46:45,104.97,-2.33,3307.81,13.2,corridor,22.36,cloudy,19.006,7.891,691.13,,world
361.07,2026-08-31 00:46:46,105.51,-2.07,3310.11,13.2,corridor,22.37,cloudy,19.006,7.891,693.50,,world
361.57,2026-08-31 00:46:46,106.05,-1.80,3312.40,13.2,corridor,22.40,cloudy,38.278,7.667,695.85,,world
362.07,2026-08-31 00:46:47,106.61,-1.71,3314.80,13.2,corridor,22.42,cloudy,38.278,7.667,698.31,,world
362.57,2026-08-31 00:46:47,107.19,-1.75,3317.25,13.2,corridor,22.43,cloudy,18.404,7.078,700.83,,world
363.07,2026-08-31 00:46:48,107.76,-1.73,3319.68,13.2,corridor,22.46,cloudy,18.404,7.078,703.32,,world
363.57,2026-08-31 00:46:48,108.31,-1.55,3322.03,13.2,corridor,22.47,cloudy,20.689,7.194,705.74,,world
364.07,2026-08-31 00:46:49,108.86,-1.34,3324.36,13.2,corridor,22.50,cloudy,20.689,7.194,708.13,,world
364.57,2026-08-31 00:46:49,109.42,-1.28,3326.76,13.2,corridor,22.52,cloudy,19.110,7.952,710.60,,world
365.07,2026-08-31 00:46:50,110.01,-1.40,3329.23,13.2,corridor,22.53,cloudy,19.110,7.952,713.14,,world
365.57,2026-08-31 00:46:50,110.60,-1.69,3331.75,13.2,corridor,22.56,cloudy,18.207,7.484,715.72,,world
366.07,2026-08-31 00:46:51,111.19,-2.07,3334.26,13.2,corridor,22.58,cloudy,18.207,7.484,718.31,,world
366.57,2026-08-31 00:46:51,111.79,-2.53,3336.78,13.2,corridor,22.59,cloudy,17.702,7.290,720.90,,world
367.07,2026-08-31 00:46:52,112.38,-3.00,3339.30,13.2,corridor,22.62,cloudy,17.702,7.290,723.49,,world
367.57,2026-08-31 00:46:52,112.97,-3.43,3341.82,13.2,corridor,22.63,cloudy,18.483,7.212,726.07,,world
368.07,2026-08-31 00:46:53,113.55,-3.75,3344.33,13.2,corridor,22.65,cloudy,18.483,7.212,728.65,,world
368.57,2026-08-31 00:46:53,114.12,-3.90,3346.82,13.2,corridor,22.68,cloudy,24.469,9.359,731.20,,world
369.07,2026-08-31 00:46:54,114.68,-3.88,3349.26,13.2,corridor,22.69,cloudy,24.469,9.359,733.70,,world
369.57,2026-08-31 00:46:54,115.24,-3.81,3351.68,13.2,corridor,22.72,cloudy,17.924,7.103,736.18,,world
370.07,2026-08-31 00:46:55,115.80,-3.79,3354.11,13.2,corridor,22.74,cloudy,17.924,7.103,738.68,,world
370.57,2026-08-31 00:46:55,116.36,-3.75,3356.53,13.2,corridor,22.76,cloudy,18.262,8.537,741.17,,world
371.07,2026-08-31 00:46:56,116.90,-3.52,3358.86,13.2,corridor,22.77,cloudy,18.262,8.537,743.56,,world
371.57,2026-08-31 00:46:56,117.41,-3.17,3361.11,13.2,corridor,22.80,cloudy,17.650,8.742,745.86,,world
372.07,2026-08-31 00:46:57,117.93,-2.82,3363.35,13.2,corridor,22.81,cloudy,17.650,8.742,748.17,,world
372.57,2026-08-31 00:46:57,118.46,-2.50,3365.63,13.2,corridor,22.83,cloudy,18.920,8.149,750.50,,world
373.07,2026-08-31 00:46:58,118.98,-2.19,3367.91,13.2,corridor,22.86,cloudy,18.920,8.149,752.84,,world
373.57,2026-08-31 00:46:58,119.49,-1.78,3370.11,13.2,corridor,22.88,cloudy,17.836,8.695,755.10,,world
374.07,2026-08-31 00:46:59,119.98,-1.28,3372.22,13.2,corridor,22.90,cloudy,17.836,8.695,757.27,,world
374.57,2026-08-31 00:46:59,120.47,-0.79,3374.35,13.2,corridor,22.91,cloudy,17.013,7.058,759.45,,world
375.07,2026-08-31 00:47:00,120.98,-0.38,3376.53,13.2,corridor,22.93,cloudy,17.013,7.058,761.70,,world
375.57,2026-08-31 00:47:00,121.51,-0.11,3378.82,13.2,corridor,22.95,cloudy,17.638,7.269,764.05,,world
376.07,2026-08-31 00:47:01,122.08,-0.04,3381.23,13.2,corridor,22.98,cloudy,17.638,7.269,766.52,,world
376.57,2026-08-31 00:47:01,122.65,-0.10,3383.68,13.2,corridor,22.99,cloudy,20.057,7.555,769.04,,world
377.07,2026-08-31 00:47:02,123.23,-0.11,3386.12,13.2,corridor,23.02,cloudy,20.057,7.555,771.54,,world
377.57,2026-08-31 00:47:02,123.78,0.08,3388.47,13.2,corridor,23.03,cloudy,19.260,8.168,773.95,,world
378.07,2026-08-31 00:47:03,124.31,0.45,3390.70,13.2,corridor,23.06,cloudy,19.260,8.168,776.25,,world
378.57,2026-08-31 00:47:03,124.84,0.83,3392.92,13.2,corridor,23.07,cloudy,19.115,7.612,778.53,,world
379.07,2026-08-31 00:47:04,125.39,1.11,3395.22,13.2,corridor,23.09,cloudy,19.115,7.612,780.90,,world
379.57,2026-08-31 00:47:04,125.96,1.20,3397.61,13.2,corridor,23.11,cloudy,21.032,7.285,783.36,,world
380.07,2026-08-31 00:47:05,126.54,1.17,3400.06,13.2,corridor,23.14,cloudy,21.032,7.285,785.87,,world
380.57,2026-08-31 00:47:05,127.12,1.15,3402.50,13.2,corridor,23.16,cloudy,18.666,6.508,788.38,,world
381.07,2026-08-31 00:47:06,127.69,1.22,3404.91,13.2,corridor,23.18,cloudy,18.666,6.508,790.86,,world
381.57,2026-08-31 00:47:06,128.24,1.38,3407.28,13.2,corridor,23.20,cloudy,19.548,6.704,793.29,,world
382.07,2026-08-31 00:47:07,128.79,1.62,3409.59,13.2,corridor,23.22,cloudy,19.548,6.704,795.66,,world
382.57,2026-08-31 00:47:07,129.31,1.97,3411.84,13.2,corridor,23.24,cloudy,18.161,6.804,797.97,,world
383.07,2026-08-31 00:47:08,129.82,2.47,3413.97,13.2,corridor,23.26,cloudy,18.161,6.804,800.16,,world
383.57,2026-08-31 00:47:08,130.29,3.07,3415.96,13.2,corridor,23.28,cloudy,18.206,5.520,802.21,,world
384.07,2026-08-31 00:47:09,130.75,3.70,3417.94,13.2,corridor,23.29,cloudy,18.206,5.520,804.24,,world
384.57,2026-08-31 00:47:09,131.24,4.25,3420.00,13.2,corridor,23.32,cloudy,19.524,6.773,806.35,,world
385.07,2026-08-31 00:47:10,131.75,4.73,3422.13,13.2,corridor,23.34,cloudy,19.524,6.773,808.55,,world
385.57,2026-08-31 00:47:10,132.25,5.22,3424.25,13.2,corridor,23.36,cloudy,20.129,7.041,810.73,,world
386.07,2026-08-31 00:47:11,132.74,5.73,3426.35,13.2,corridor,23.38,cloudy,20.129,7.041,812.89,,world
386.57,2026-08-31 00:47:11,133.24,6.18,3428.51,13.2,corridor,23.39,cloudy,18.783,6.341,815.10,,world
387.07,2026-08-31 00:47:12,133.76,6.54,3430.74,13.2,corridor,23.41,cloudy,18.783,6.341,817.39,,world
387.57,2026-08-31 00:47:12,134.30,6.86,3433.00,13.2,corridor,23.43,cloudy,22.175,7.091,819.71,,world
388.07,2026-08-31 00:47:13,134.83,7.23,3435.24,13.2,corridor,23.45,cloudy,22.175,7.091,822.01,,world
388.57,2026-08-31 00:47:13,135.36,7.60,3437.47,13.2,corridor,23.48,cloudy,17.312,6.893,824.30,,world
389.07,2026-08-31 00:47:14,135.90,7.89,3439.76,13.2,corridor,23.50,cloudy,17.312,6.893,826.66,,world
389.57,2026-08-31 00:47:14,136.44,8.08,3442.10,13.2,corridor,23.51,cloudy,18.365,5.818,829.07,,world
390.07,2026-08-31 00:47:15,137.00,8.19,3444.49,13.2,corridor,23.54,cloudy,18.365,5.818,831.52,,world
390.57,2026-08-31 00:47:15,137.57,8.19,3446.93,13.2,corridor,23.56,cloudy,19.241,6.854,834.02,,world
391.07,2026-08-31 00:47:16,138.15,8.14,3449.38,13.2,corridor,23.58,cloudy,19.241,6.854,836.54,,world
391.57,2026-08-31 00:47:16,138.72,8.08,3451.83,13.2,corridor,23.60,cloudy,18.583,6.203,839.06,,world
392.07,2026-08-31 00:47:17,139.30,7.97,3454.30,13.2,corridor,23.62,cloudy,18.583,6.203,841.60,,world
392.57,2026-08-31 00:47:17,139.88,7.87,3456.77,13.2,corridor,23.64,cloudy,18.472,6.341,844.13,,world
393.07,2026-08-31 00:47:18,140.45,7.82,3459.22,13.2,corridor,23.66,cloudy,18.472,6.341,846.65,,world
393.57,2026-08-31 00:47:18,141.02,7.75,3461.68,13.2,corridor,23.68,cloudy,18.149,6.619,849.17,,world
394.07,2026-08-31 00:47:19,141.60,7.49,3464.19,13.2,corridor,23.70,cloudy,18.149,6.619,851.74,,world
394.57,2026-08-31 00:47:19,142.19,7.05,3466.71,13.2,corridor,23.72,cloudy,18.370,9.877,854.33,,world
395.07,2026-08-31 00:47:20,142.78,6.58,3469.23,13.2,corridor,23.74,cloudy,18.370,9.877,856.92,,world
395.57,2026-08-31 00:47:20,143.37,6.05,3471.75,13.2,corridor,23.76,cloudy,20.925,6.683,859.51,,world
396.07,2026-08-31 00:47:21,143.95,5.36,3474.25,13.2,corridor,23.77,cloudy,20.925,6.683,862.08,,world
396.57,2026-08-31 00:47:21,144.52,4.51,3476.73,13.2,corridor,23.80,cloudy,22.781,6.543,864.62,,world
397.07,2026-08-31 00:47:22,145.09,3.62,3479.18,13.3,corridor,23.82,cloudy,22.781,6.543,867.14,,world
397.57,2026-08-31 00:47:22,145.67,2.79,3481.66,13.3,corridor,23.83,cloudy,18.443,6.580,869.69,,world
398.07,2026-08-31 00:47:23,146.26,2.20,3484.17,13.3,corridor,23.85,cloudy,18.443,6.580,872.27,,world
398.57,2026-08-31 00:47:23,146.85,1.81,3486.69,13.3,corridor,23.88,cloudy,19.137,5.827,874.85,,world
399.07,2026-08-31 00:47:24,147.44,1.39,3489.21,13.3,corridor,23.89,cloudy,19.137,5.827,877.44,,world
399.57,2026-08-31 00:47:24,148.04,0.95,3491.73,13.4,corridor,23.91,cloudy,19.495,7.009,880.03,,world
400.07,2026-08-31 00:47:25,148.63,0.70,3494.23,13.4,corridor,23.94,cloudy,19.495,7.009,882.60,,world
400.57,2026-08-31 00:47:25,149.70,0.73,3496.45,26.5,corridor,23.95,cloudy,19.736,15.376,885.06,,world
401.07,2026-08-31 00:47:26,150.79,0.88,3498.62,26.5,corridor,23.98,cloudy,19.736,15.376,887.50,,world
401.57,2026-08-31 00:47:26,151.88,0.97,3500.82,26.5,corridor,23.99,cloudy,18.186,5.767,889.95,,world
402.07,2026-08-31 00:47:27,153.00,0.95,3503.06,26.5,corridor,0.01,cloudy,18.186,5.767,892.45,,world
402.57,2026-08-31 00:47:27,154.13,0.82,3505.33,26.5,corridor,0.04,cloudy,18.523,7.710,894.99,,world
403.07,2026-08-31 00:47:28,155.27,0.61,3507.62,26.5,corridor,0.05,cloudy,18.523,7.710,897.55,,world
403.57,2026-08-31 00:47:28,156.42,0.38,3509.92,26.5,corridor,0.08,cloudy,19.409,6.784,900.12,,world
404.07,2026-08-31 00:47:29,157.57,0.13,3512.22,26.5,corridor,0.10,cloudy,19.409,6.784,902.69,,world
404.57,2026-08-31 00:47:29,158.72,-0.08,3514.51,26.5,corridor,0.12,cloudy,17.661,5.920,905.25,,world
405.07,2026-08-31 00:47:30,159.86,-0.22,3516.78,26.5,corridor,0.13,cloudy,17.661,5.920,907.79,,world
405.57,2026-08-31 00:47:30,160.95,-0.11,3518.98,26.5,corridor,0.15,cloudy,18.046,6.475,910.24,,world
406.07,2026-08-31 00:47:31,162.01,0.15,3521.09,26.5,corridor,0.18,cloudy,18.046,6.475,912.61,,world
406.57,2026-08-31 00:47:31,163.08,0.35,3523.25,26.5,corridor,0.19,cloudy,20.169,7.134,915.01,,world
407.07,2026-08-31 00:47:32,164.17,0.48,3525.44,26.5,corridor,0.22,cloudy,20.169,7.134,917.46,,world
407.57,2026-08-31 00:47:32,165.27,0.59,3527.63,26.5,corridor,0.24,cloudy,18.485,6.389,919.91,,world
408.07,2026-08-31 00:47:33,166.36,0.73,3529.81,26.5,corridor,0.26,cloudy,18.485,6.389,922.35,,world
408.57,2026-08-31 00:47:33,167.47,0.76,3532.03,26.5,corridor,0.28,cloudy,18.195,6.228,924.84,,world
409.07,2026-08-31 00:47:34,168.62,0.59,3534.31,26.5,corridor,0.30,cloudy,18.195,6.228,927.39,,world
409.57,2026-08-31 00:47:34,169.77,0.35,3536.61,26.5,corridor,0.31,cloudy,18.975,7.397,929.96,,world
410.07,2026-08-31 00:47:35,170.91,0.16,3538.90,26.5,corridor,0.33,cloudy,18.975,7.397,932.52,,world
410.57,2026-08-31 00:47:35,172.06,-0.01,3541.18,26.5,corridor,0.36,cloudy,18.202,6.323,935.07,,world
411.07,2026-08-31 00:47:36,173.19,-0.13,3543.45,26.5,corridor,0.38,cloudy,18.202,6.323,937.61,,world
411.57,2026-08-31 00:47:36,174.34,-0.34,3545.74,26.5,corridor,0.39,cloudy,17.685,8.500,940.17,,world
412.07,2026-08-31 00:47:37,175.49,-0.61,3548.04,26.5,corridor,0.41,cloudy,17.685,8.500,942.74,,world
412.57,2026-08-31 00:47:37,176.63,-0.79,3550.33,26.5,corridor,0.44,cloudy,18.080,5.918,945.30,,world
413.07,2026-08-31 00:47:38,177.76,-0.88,3552.59,26.5,corridor,0.46,cloudy,18.080,5.918,947.82,,world
413.57,2026-08-31 00:47:38,178.90,-1.15,3554.88,26.5,corridor,0.48,cloudy,18.705,8.006,950.39,,world
414.07,2026-08-31 00:47:39,180.06,-1.60,3557.20,26.5,corridor,0.50,cloudy,18.705,8.006,952.98,,world
414.57,2026-08-31 00:47:39,181.22,-2.07,3559.51,26.5,corridor,0.52,cloudy,18.908,6.714,955.57,,world
415.07,2026-08-31 00:47:40,182.38,-2.37,3561.82,26.5,corridor,0.54,cloudy,18.908,6.714,958.15,,world
415.57,2026-08-31 00:47:40,183.52,-2.56,3564.11,26.5,corridor,0.55,cloudy,17.929,6.705,960.71,,world
416.07,2026-08-31 00:47:41,184.75,-2.83,3566.28,26.4,corridor,0.57,cloudy,17.929,6.705,963.22,,world
416.57,2026-08-31 00:47:41,185.93,-3.15,3568.56,26.4,corridor,0.59,cloudy,19.053,7.635,965.80,,world
417.07,2026-08-31 00:47:42,187.08,-3.45,3570.87,26.4,corridor,0.62,cloudy,19.053,7.635,968.38,,world
417.57,2026-08-31 00:47:42,187.91,-3.65,3572.52,26.4,corridor,0.63,cloudy,18.757,7.034,970.22,,world
418.07,2026-08-31 00:47:43,189.64,-3.97,3571.70,116.0,corridor,0.65,cloudy,18.757,7.034,972.13,,world
418.57,2026-08-31 00:47:43,191.74,-4.34,3570.68,116.0,corridor,0.68,cloudy,18.583,7.639,974.47,,world
419.07,2026-08-31 00:47:44,193.25,-4.66,3571.58,23.9,corridor,0.69,cloudy,18.583,7.639,976.55,,world
419.57,2026-08-31 00:47:44,194.35,-4.98,3573.85,23.9,corridor,0.71,cloudy,18.930,8.284,979.09,,world
420.07,2026-08-31 00:47:45,195.40,-5.29,3576.21,23.9,corridor,0.74,cloudy,18.930,8.284,981.67,,world
420.57,2026-08-31 00:47:45,196.46,-5.60,3578.57,23.9,corridor,0.76,cloudy,20.574,7.573,984.25,,world
421.07,2026-08-31 00:47:46,197.51,-5.89,3580.92,23.8,corridor,0.78,cloudy,20.574,7.573,986.83,,world
421.57,2026-08-31 00:47:46,198.56,-6.28,3583.28,23.8,corridor,0.79,cloudy,19.039,6.807,989.42,,world
422.07,2026-08-31 00:47:47,199.61,-6.82,3585.65,23.8,corridor,0.81,cloudy,19.039,6.807,992.01,,world
422.57,2026-08-31 00:47:47,200.66,-7.40,3588.01,23.8,corridor,0.83,cloudy,20.847,7.684,994.59,,world
423.07,2026-08-31 00:47:48,201.72,-7.79,3590.37,23.8,corridor,0.86,cloudy,20.847,7.684,997.18,,world
423.57,2026-08-31 00:47:48,202.74,-7.89,3592.68,23.8,corridor,0.87,cloudy,19.744,7.352,999.71,,world
424.07,2026-08-31 00:47:49,203.74,-7.77,3594.93,23.8,corridor,0.90,cloudy,19.744,7.352,1002.17,,world
424.57,2026-08-31 00:47:49,204.70,-7.52,3597.11,23.8,corridor,0.92,cloudy,18.145,7.111,1004.55,,world
425.07,2026-08-31 00:47:50,205.65,-7.20,3599.25,23.8,corridor,0.94,cloudy,18.145,7.111,1006.89,,world
425.57,2026-08-31 00:47:50,206.59,-6.89,3601.38,23.8,corridor,0.96,cloudy,19.573,6.687,1009.22,,world
426.07,2026-08-31 00:47:51,207.54,-6.57,3603.52,23.8,corridor,0.97,cloudy,19.573,6.687,1011.56,,world
426.57,2026-08-31 00:47:51,208.48,-6.29,3605.68,23.8,corridor,1.00,cloudy,19.522,13.135,1013.92,,world
427.07,2026-08-31 00:47:52,209.46,-6.10,3607.90,23.8,corridor,1.02,cloudy,19.522,13.135,1016.34,,world
427.57,2026-08-31 00:47:52,210.45,-5.95,3610.12,23.8,corridor,1.04,cloudy,18.973,6.882,1018.78,,world
428.07,2026-08-31 00:47:53,211.43,-5.81,3612.35,23.8,corridor,1.05,cloudy,18.973,6.882,1021.21,,world
428.57,2026-08-31 00:47:53,212.43,-5.78,3614.63,23.8,corridor,1.08,cloudy,19.517,7.027,1023.70,,world
429.07,2026-08-31 00:47:54,213.46,-5.96,3616.96,23.8,corridor,1.10,cloudy,19.517,7.027,1026.25,,world
429.57,2026-08-31 00:47:54,214.51,-6.29,3619.32,23.8,corridor,1.11,cloudy,20.387,6.398,1028.83,,world
430.07,2026-08-31 00:47:55,215.54,-6.51,3621.66,23.8,corridor,1.14,cloudy,20.387,6.398,1031.38,,world
430.57,2026-08-31 00:47:55,216.56,-6.53,3623.95,23.8,corridor,1.16,cloudy,18.608,6.641,1033.89,,world
431.07,2026-08-31 00:47:56,217.57,-6.53,3626.24,23.8,corridor,1.17,cloudy,18.608,6.641,1036.40,,world
431.57,2026-08-31 00:47:56,218.57,-6.50,3628.52,23.8,corridor,1.20,cloudy,18.895,6.008,1038.89,,world
432.07,2026-08-31 00:47:57,219.55,-6.34,3630.74,23.8,corridor,1.21,cloudy,18.895,6.008,1041.31,,world
432.57,2026-08-31 00:47:57,220.51,-6.09,3632.92,23.8,corridor,1.24,cloudy,16.874,6.489,1043.69,,world
433.07,2026-08-31 00:47:58,221.48,-5.88,3635.11,23.8,corridor,1.25,cloudy,16.874,6.489,1046.09,,world
433.57,2026-08-31 00:47:58,222.46,-5.68,3637.32,23.8,corridor,1.28,cloudy,17.582,5.917,1048.51,,world
434.07,2026-08-31 00:47:59,223.43,-5.47,3639.52,23.8,corridor,1.30,cloudy,17.582,5.917,1050.91,,world
434.57,2026-08-31 00:47:59,224.41,-5.27,3641.73,23.8,corridor,1.31,cloudy,19.037,5.986,1053.33,,world
435.07,2026-08-31 00:48:00,225.41,-5.15,3643.98,23.8,corridor,1.34,cloudy,19.037,5.986,1055.79,,world
435.57,2026-08-31 00:48:00,226.43,-5.17,3646.28,23.8,corridor,1.35,cloudy,17.908,6.400,1058.31,,world
436.07,2026-08-31 00:48:01,227.46,-5.30,3648.60,23.8,corridor,1.37,cloudy,17.908,6.400,1060.85,,world
436.57,2026-08-31 00:48:01,228.49,-5.44,3650.93,23.8,corridor,1.40,cloudy,18.182,7.762,1063.39,,world
437.07,2026-08-31 00:48:02,229.52,-5.49,3653.24,23.8,corridor,1.42,cloudy,18.182,7.762,1065.92,,world
437.57,2026-08-31 00:48:02,230.51,-5.39,3655.49,23.8,corridor,1.43,cloudy,18.200,6.027,1068.38,,world
438.07,2026-08-31 00:48:03,231.47,-5.13,3657.66,23.8,corridor,1.46,cloudy,18.200,6.027,1070.75,,world
438.57,2026-08-31 00:48:03,232.40,-4.80,3659.78,23.8,corridor,1.47,cloudy,19.390,6.703,1073.07,,world
439.07,2026-08-31 00:48:04,233.30,-4.38,3661.84,23.8,corridor,1.49,cloudy,19.390,6.703,1075.32,,world
439.57,2026-08-31 00:48:04,234.22,-3.99,3663.92,23.8,corridor,1.52,cloudy,19.356,7.096,1077.59,,world
440.07,2026-08-31 00:48:05,235.19,-3.81,3666.13,23.8,corridor,1.54,cloudy,19.356,7.096,1080.00,,world
440.57,2026-08-31 00:48:05,236.20,-3.83,3668.43,23.8,corridor,1.56,cloudy,18.081,6.255,1082.52,,world
441.07,2026-08-31 00:48:06,237.22,-3.92,3670.74,23.8,corridor,1.57,cloudy,18.081,6.255,1085.04,,world
441.57,2026-08-31 00:48:06,238.23,-3.87,3673.01,23.7,corridor,1.60,cloudy,17.716,6.660,1087.53,,world
442.07,2026-08-31 00:48:07,239.20,-3.71,3675.24,23.8,corridor,1.62,cloudy,17.716,6.660,1089.96,,world
442.68,2026-08-31 00:48:07,240.03,-3.57,3677.12,23.8,corridor,1.64,cloudy,19.416,6.854,0.09,,narrative_modal
443.20,2026-08-31 00:48:08,236.06,-3.61,3683.12,102.5,corridor,1.66,cloudy,20.404,12.264,0.00,,combat
443.85,2026-08-31 00:48:09,236.06,-3.61,3683.12,102.5,corridor,1.69,cloudy,20.404,12.264,0.00,,combat
444.35,2026-08-31 00:48:09,236.06,-3.61,3683.12,102.5,corridor,1.71,cloudy,26.811,94.910,0.00,,combat
444.85,2026-08-31 00:48:10,236.06,-3.61,3683.12,102.5,corridor,1.73,cloudy,26.811,94.910,0.00,,combat
445.37,2026-08-31 00:48:10,236.06,-3.61,3683.12,102.5,corridor,1.75,cloudy,20.578,5.757,0.00,,combat
445.97,2026-08-31 00:48:11,236.06,-3.61,3683.12,102.5,corridor,1.77,cloudy,20.578,5.757,0.00,,combat
446.50,2026-08-31 00:48:11,236.06,-3.61,3683.12,102.5,corridor,1.79,cloudy,21.998,8.940,0.00,,combat
447.08,2026-08-31 00:48:12,236.06,-3.61,3683.12,102.5,corridor,1.82,cloudy,21.998,8.940,0.00,,combat
447.58,2026-08-31 00:48:12,236.06,-3.61,3683.12,102.5,corridor,1.84,cloudy,20.041,21.093,0.00,,combat
448.13,2026-08-31 00:48:13,236.06,-3.61,3683.12,102.5,corridor,1.86,cloudy,21.273,6.990,0.00,,combat
448.63,2026-08-31 00:48:13,236.06,-3.61,3683.12,102.5,corridor,1.88,cloudy,21.273,6.990,0.00,,combat
449.13,2026-08-31 00:48:14,236.06,-3.61,3683.12,102.5,corridor,1.90,cloudy,19.889,7.309,0.00,,combat
449.63,2026-08-31 00:48:14,236.06,-3.61,3683.12,102.5,corridor,1.92,cloudy,19.889,7.309,0.00,,combat
450.13,2026-08-31 00:48:15,236.06,-3.61,3683.12,102.5,corridor,1.94,cloudy,19.423,6.916,0.00,,combat
450.63,2026-08-31 00:48:15,236.06,-3.61,3683.12,102.5,corridor,1.96,cloudy,19.423,6.916,0.00,,combat
451.15,2026-08-31 00:48:16,236.06,-3.61,3683.12,102.5,corridor,1.98,cloudy,21.144,7.432,0.00,,combat
452.00,2026-08-31 00:48:17,236.06,-3.61,3683.12,102.5,corridor,2.01,cloudy,21.144,7.432,0.00,,combat
452.77,2026-08-31 00:48:17,236.06,-3.61,3683.12,102.5,corridor,2.04,cloudy,21.702,8.797,0.00,,combat
453.65,2026-08-31 00:48:18,236.06,-3.61,3683.12,102.5,corridor,2.08,cloudy,20.947,9.065,0.00,,combat
454.47,2026-08-31 00:48:19,236.06,-3.61,3683.12,102.5,corridor,2.11,cloudy,20.405,8.262,0.00,,combat
455.23,2026-08-31 00:48:20,236.06,-3.61,3683.12,102.5,corridor,2.14,cloudy,19.347,7.139,0.00,,combat
456.05,2026-08-31 00:48:21,236.06,-3.61,3683.12,102.5,corridor,2.17,cloudy,19.347,7.139,0.00,,combat
456.88,2026-08-31 00:48:22,236.06,-3.61,3683.12,102.5,corridor,2.21,cloudy,19.761,8.131,0.00,,combat
457.75,2026-08-31 00:48:23,236.06,-3.61,3683.12,102.5,corridor,2.24,cloudy,23.031,8.270,0.00,,combat
458.68,2026-08-31 00:48:23,236.06,-3.61,3683.12,102.5,corridor,2.28,cloudy,25.883,13.246,0.00,,combat
459.57,2026-08-31 00:48:24,236.06,-3.61,3683.12,102.5,corridor,2.32,cloudy,19.868,7.473,0.00,,combat
460.37,2026-08-31 00:48:25,236.06,-3.61,3683.12,102.5,corridor,2.35,cloudy,19.502,6.842,0.00,,combat
461.08,2026-08-31 00:48:26,236.06,-3.61,3683.12,102.5,corridor,2.38,cloudy,19.502,6.842,0.00,6.10,locked
461.97,2026-08-31 00:48:27,236.06,-3.61,3683.12,102.5,corridor,2.41,cloudy,20.892,8.012,0.00,6.10,locked
462.90,2026-08-31 00:48:28,236.06,-3.61,3683.12,102.5,corridor,2.45,cloudy,27.676,90.684,0.00,6.10,combat
463.73,2026-08-31 00:48:29,236.06,-3.61,3683.12,102.5,corridor,2.48,cloudy,27.676,90.684,0.00,6.10,combat
464.55,2026-08-31 00:48:30,236.06,-3.61,3683.12,102.5,corridor,2.51,cloudy,20.060,10.204,0.00,6.10,combat
465.37,2026-08-31 00:48:30,236.06,-3.61,3683.12,102.5,corridor,2.55,cloudy,21.254,10.548,0.00,6.10,combat
466.13,2026-08-31 00:48:31,236.06,-3.61,3683.12,102.5,corridor,2.58,cloudy,19.093,10.098,0.00,6.10,combat
466.93,2026-08-31 00:48:32,236.06,-3.61,3683.12,102.5,corridor,2.61,cloudy,19.594,9.638,0.00,6.10,combat
467.73,2026-08-31 00:48:33,236.06,-3.61,3683.12,102.5,corridor,2.64,cloudy,19.594,9.638,0.00,6.10,combat
468.53,2026-08-31 00:48:34,236.06,-3.61,3683.12,102.5,corridor,2.67,cloudy,20.503,10.198,0.00,6.10,combat
469.32,2026-08-31 00:48:34,236.06,-3.61,3683.12,102.5,corridor,2.71,cloudy,21.204,9.497,0.00,6.10,combat
470.17,2026-08-31 00:48:35,236.06,-3.61,3683.12,102.5,corridor,2.74,cloudy,19.717,9.984,0.00,6.10,combat
470.98,2026-08-31 00:48:36,236.06,-3.61,3683.12,102.5,corridor,2.77,cloudy,19.267,10.230,0.00,6.10,combat
471.82,2026-08-31 00:48:37,236.06,-3.61,3683.12,102.5,corridor,2.81,cloudy,19.955,10.347,0.00,6.10,combat
472.60,2026-08-31 00:48:38,236.06,-3.61,3683.12,102.5,corridor,2.84,cloudy,19.955,10.347,0.00,6.10,combat
473.45,2026-08-31 00:48:39,236.06,-3.61,3683.12,102.5,corridor,2.87,cloudy,21.343,9.849,0.00,5.13,world
474.35,2026-08-31 00:48:40,236.06,-3.61,3683.12,102.5,corridor,2.91,cloudy,21.897,354.092,0.00,5.13,world
475.15,2026-08-31 00:48:40,236.06,-3.61,3683.12,102.5,corridor,2.94,cloudy,20.135,8.462,0.00,6.10,world
475.97,2026-08-31 00:48:41,236.06,-3.61,3683.12,102.5,corridor,2.97,cloudy,19.603,9.288,0.00,6.10,world
476.83,2026-08-31 00:48:42,236.06,-3.61,3683.12,102.5,corridor,3.01,cloudy,19.759,9.427,0.00,6.10,world
477.62,2026-08-31 00:48:43,236.06,-3.61,3683.12,102.5,corridor,3.04,cloudy,20.418,8.593,0.00,6.10,world
478.12,2026-08-31 00:48:43,236.06,-3.61,3683.12,102.5,corridor,3.06,cloudy,20.418,8.593,0.00,6.10,world
478.62,2026-08-31 00:48:44,236.06,-3.61,3683.12,102.5,corridor,3.08,cloudy,19.048,9.562,0.00,6.10,world
479.12,2026-08-31 00:48:44,236.06,-3.61,3683.12,102.5,corridor,3.10,cloudy,19.048,9.562,0.00,6.10,world
479.62,2026-08-31 00:48:45,236.06,-3.61,3683.12,102.5,corridor,3.12,cloudy,18.665,10.010,0.00,6.10,world
480.12,2026-08-31 00:48:45,236.06,-3.61,3683.12,102.5,corridor,3.14,cloudy,18.665,10.010,0.00,6.10,world
480.62,2026-08-31 00:48:46,236.06,-3.61,3683.12,102.5,corridor,3.16,cloudy,18.396,8.649,0.00,6.10,world
481.12,2026-08-31 00:48:46,236.06,-3.61,3683.12,102.5,corridor,3.18,cloudy,18.396,8.649,0.00,6.10,world
481.62,2026-08-31 00:48:47,236.06,-3.61,3683.12,102.5,corridor,3.20,cloudy,19.692,9.792,0.00,6.10,world
482.12,2026-08-31 00:48:47,236.06,-3.61,3683.12,102.5,corridor,3.22,cloudy,19.692,9.792,0.00,6.10,world
482.62,2026-08-31 00:48:48,236.06,-3.61,3683.12,102.5,corridor,3.24,cloudy,19.352,8.996,0.00,6.10,world
483.12,2026-08-31 00:48:48,236.06,-3.61,3683.12,102.5,corridor,3.26,cloudy,19.352,8.996,0.00,6.10,world
483.62,2026-08-31 00:48:49,236.06,-3.61,3683.12,102.5,corridor,3.28,cloudy,19.911,7.582,0.00,6.10,world
484.12,2026-08-31 00:48:49,236.06,-3.61,3683.12,102.5,corridor,3.30,cloudy,19.911,7.582,0.00,6.10,world
484.62,2026-08-31 00:48:50,236.06,-3.61,3683.12,102.5,corridor,3.32,cloudy,18.090,7.546,0.00,6.10,world
485.12,2026-08-31 00:48:50,236.06,-3.61,3683.12,102.5,corridor,3.34,cloudy,18.090,7.546,0.00,6.10,world
485.62,2026-08-31 00:48:51,236.07,-3.61,3683.13,92.0,corridor,3.36,cloudy,19.630,7.505,0.00,6.09,world
486.12,2026-08-31 00:48:51,238.08,-3.85,3684.28,60.3,corridor,3.38,cloudy,19.630,7.505,0.00,5.35,world
486.62,2026-08-31 00:48:52,240.24,-3.82,3685.51,60.3,corridor,3.40,cloudy,19.711,8.331,0.00,5.61,world
487.12,2026-08-31 00:48:52,242.34,-3.64,3686.71,60.3,corridor,3.42,cloudy,19.711,8.331,0.00,6.79,world
487.62,2026-08-31 00:48:53,244.39,-3.39,3687.89,60.3,corridor,3.44,cloudy,19.574,7.568,0.00,8.48,world
488.12,2026-08-31 00:48:53,246.44,-3.12,3689.06,60.3,corridor,3.46,cloudy,19.574,7.568,0.00,10.42,world
488.62,2026-08-31 00:48:54,248.48,-2.85,3690.23,60.3,corridor,3.48,cloudy,20.717,8.912,0.00,12.50,world
489.12,2026-08-31 00:48:54,250.52,-2.56,3691.40,60.3,corridor,3.50,cloudy,20.717,8.912,0.00,14.66,world
489.62,2026-08-31 00:48:55,252.53,-2.24,3692.56,60.3,corridor,3.52,cloudy,19.220,8.205,0.00,16.85,world
490.12,2026-08-31 00:48:55,254.51,-1.88,3693.69,60.3,corridor,3.54,cloudy,19.220,8.205,0.00,19.03,world
490.62,2026-08-31 00:48:56,256.38,-1.37,3694.76,60.3,corridor,3.56,cloudy,19.113,8.556,0.00,21.10,world
491.12,2026-08-31 00:48:56,258.17,-0.80,3695.79,60.3,corridor,3.58,cloudy,19.113,8.556,0.00,23.11,world
491.62,2026-08-31 00:48:57,260.00,-0.25,3696.83,60.3,corridor,3.60,cloudy,18.354,7.090,0.00,25.16,world
492.12,2026-08-31 00:48:57,261.94,0.17,3697.95,60.4,corridor,3.62,cloudy,18.354,7.090,0.00,25.38,world
492.62,2026-08-31 00:48:58,263.96,0.48,3699.10,60.4,corridor,3.64,cloudy,18.670,6.981,0.00,23.06,world
493.12,2026-08-31 00:48:58,265.96,0.83,3700.24,60.4,corridor,3.66,cloudy,18.670,6.981,0.00,20.75,world
493.62,2026-08-31 00:48:59,267.91,1.23,3701.36,60.4,corridor,3.68,cloudy,21.708,9.040,0.00,18.50,world
494.12,2026-08-31 00:48:59,269.91,1.58,3702.50,60.4,corridor,3.70,cloudy,21.708,9.040,0.00,16.20,world
494.62,2026-08-31 00:49:00,272.01,1.76,3703.69,60.4,corridor,3.72,cloudy,21.062,7.636,0.00,13.79,world
495.12,2026-08-31 00:49:00,274.14,1.87,3704.91,60.4,corridor,3.74,cloudy,21.062,7.636,0.00,11.33,world
495.62,2026-08-31 00:49:01,276.18,2.15,3706.07,60.5,corridor,3.76,cloudy,18.555,7.641,0.00,8.99,world
496.12,2026-08-31 00:49:01,278.05,2.66,3707.14,60.5,corridor,3.78,cloudy,18.555,7.641,0.00,6.84,world
496.62,2026-08-31 00:49:02,279.86,3.21,3708.17,60.6,corridor,3.80,cloudy,20.222,7.457,0.00,4.75,world
497.17,2026-08-31 00:49:02,281.18,3.56,3708.92,60.7,corridor,3.82,cloudy,20.222,7.457,0.00,3.23,narrative_modal
497.73,2026-08-31 00:49:03,281.62,3.64,3716.10,139.5,corridor,3.84,cloudy,19.547,7.703,0.00,6.09,combat
498.32,2026-08-31 00:49:04,281.62,3.64,3716.10,139.5,corridor,3.87,cloudy,19.547,7.703,0.00,6.09,combat
498.85,2026-08-31 00:49:04,281.62,3.64,3716.10,139.5,corridor,3.89,cloudy,24.721,101.974,0.00,6.09,combat
499.38,2026-08-31 00:49:05,281.62,3.64,3716.10,139.5,corridor,3.91,cloudy,24.721,101.974,0.00,6.09,combat
499.92,2026-08-31 00:49:05,281.62,3.64,3716.10,139.5,corridor,3.93,cloudy,19.153,9.038,0.00,6.09,combat
500.52,2026-08-31 00:49:06,281.62,3.64,3716.10,139.5,corridor,3.95,cloudy,20.866,10.894,0.00,6.09,combat
501.05,2026-08-31 00:49:06,281.62,3.64,3716.10,139.5,corridor,3.97,cloudy,20.866,10.894,0.00,6.09,combat
501.58,2026-08-31 00:49:07,281.62,3.64,3716.10,139.5,corridor,4.00,cloudy,19.381,9.502,0.00,6.09,combat
502.15,2026-08-31 00:49:07,281.62,3.64,3716.10,139.5,corridor,4.02,cloudy,19.381,9.502,0.00,6.09,combat
502.73,2026-08-31 00:49:08,281.62,3.64,3716.10,139.5,corridor,4.04,cloudy,20.666,9.361,0.00,6.09,combat
503.23,2026-08-31 00:49:09,281.62,3.64,3716.10,139.5,corridor,4.06,cloudy,20.666,9.361,0.00,6.09,combat
503.73,2026-08-31 00:49:09,281.62,3.64,3716.10,139.5,corridor,4.08,cloudy,19.897,9.623,0.00,6.09,combat
504.23,2026-08-31 00:49:10,281.62,3.64,3716.10,139.5,corridor,4.10,cloudy,19.897,9.623,0.00,6.09,combat
504.73,2026-08-31 00:49:10,281.62,3.64,3716.10,139.5,corridor,4.12,cloudy,19.045,8.298,0.00,6.09,combat
505.23,2026-08-31 00:49:11,281.62,3.64,3716.10,139.5,corridor,4.14,cloudy,19.045,8.298,0.00,6.09,combat
505.73,2026-08-31 00:49:11,281.62,3.64,3716.10,139.5,corridor,4.16,cloudy,19.723,7.690,0.00,6.09,combat
506.53,2026-08-31 00:49:12,281.62,3.64,3716.10,139.5,corridor,4.19,cloudy,18.080,8.751,0.00,6.09,combat
507.32,2026-08-31 00:49:13,281.62,3.64,3716.10,139.5,corridor,4.22,cloudy,18.080,8.751,0.00,6.09,combat
508.17,2026-08-31 00:49:14,281.62,3.64,3716.10,139.5,corridor,4.26,cloudy,20.647,12.316,0.00,6.09,combat
508.97,2026-08-31 00:49:14,281.62,3.64,3716.10,139.5,corridor,4.29,cloudy,19.825,9.756,0.00,6.09,combat
509.77,2026-08-31 00:49:15,281.62,3.64,3716.10,139.5,corridor,4.32,cloudy,20.088,9.237,0.00,6.09,combat
510.53,2026-08-31 00:49:16,281.62,3.64,3716.10,139.5,corridor,4.35,cloudy,22.554,9.880,0.00,6.09,combat
511.28,2026-08-31 00:49:17,281.62,3.64,3716.10,139.5,corridor,4.38,cloudy,22.554,9.880,0.00,6.09,combat
512.07,2026-08-31 00:49:17,281.62,3.64,3716.10,139.5,corridor,4.42,cloudy,18.482,9.992,0.00,6.09,combat
512.88,2026-08-31 00:49:18,281.62,3.64,3716.10,139.5,corridor,4.45,cloudy,19.769,9.918,0.00,6.09,combat
513.72,2026-08-31 00:49:19,281.62,3.64,3716.10,139.5,corridor,4.48,cloudy,20.330,10.473,0.00,6.09,combat
514.52,2026-08-31 00:49:20,281.62,3.64,3716.10,139.5,corridor,4.51,cloudy,19.537,9.365,0.00,6.09,combat
515.27,2026-08-31 00:49:21,281.62,3.64,3716.10,139.5,corridor,4.54,cloudy,19.537,9.365,0.00,6.09,combat
516.10,2026-08-31 00:49:21,281.62,3.64,3716.10,139.5,corridor,4.58,cloudy,18.275,10.506,0.00,6.09,combat
516.92,2026-08-31 00:49:22,281.62,3.64,3716.10,139.5,corridor,4.61,cloudy,20.686,13.925,0.00,6.09,combat
517.70,2026-08-31 00:49:23,281.62,3.64,3716.10,139.5,corridor,4.64,cloudy,20.025,9.144,0.00,6.09,combat
518.38,2026-08-31 00:49:24,281.62,3.64,3716.10,139.5,corridor,4.67,cloudy,20.025,9.144,0.00,6.09,locked
519.22,2026-08-31 00:49:25,281.62,3.64,3716.10,139.5,corridor,4.70,cloudy,18.655,381.170,0.00,6.09,locked
520.03,2026-08-31 00:49:26,281.62,3.64,3716.10,139.5,corridor,4.73,cloudy,19.329,8.251,0.00,6.09,combat
520.75,2026-08-31 00:49:26,281.62,3.64,3716.10,139.5,corridor,4.76,cloudy,29.057,95.188,0.00,6.09,combat
521.52,2026-08-31 00:49:27,281.62,3.64,3716.10,139.5,corridor,4.79,cloudy,17.957,9.620,0.00,6.09,combat
522.35,2026-08-31 00:49:28,281.62,3.64,3716.10,139.5,corridor,4.83,cloudy,20.593,12.731,0.00,6.09,combat
523.15,2026-08-31 00:49:29,281.62,3.64,3716.10,139.5,corridor,4.86,cloudy,20.593,12.731,0.00,6.09,combat
523.93,2026-08-31 00:49:30,281.62,3.64,3716.10,139.5,corridor,4.89,cloudy,19.425,10.263,0.00,6.09,combat
524.72,2026-08-31 00:49:30,281.62,3.64,3716.10,139.5,corridor,4.92,cloudy,19.253,9.550,0.00,6.09,combat
525.53,2026-08-31 00:49:31,281.62,3.64,3716.10,139.5,corridor,4.95,cloudy,22.112,11.513,0.00,6.09,combat
526.28,2026-08-31 00:49:32,281.62,3.64,3716.10,139.5,corridor,4.98,cloudy,18.116,11.466,0.00,6.09,combat
527.00,2026-08-31 00:49:33,281.62,3.64,3716.10,139.5,corridor,5.01,cloudy,18.116,11.466,0.00,6.09,combat
527.63,2026-08-31 00:49:33,281.62,3.64,3716.10,139.5,corridor,5.04,cloudy,19.218,12.563,0.00,6.09,combat
528.30,2026-08-31 00:49:34,281.62,3.64,3716.10,139.5,corridor,5.06,cloudy,19.564,8.066,0.00,6.09,combat
528.92,2026-08-31 00:49:34,281.62,3.64,3716.10,139.5,corridor,5.09,cloudy,19.564,8.066,0.00,6.09,combat
529.53,2026-08-31 00:49:35,281.62,3.64,3716.10,139.5,corridor,5.11,cloudy,17.363,8.164,0.00,6.09,combat
530.13,2026-08-31 00:49:36,281.62,3.64,3716.10,139.5,corridor,5.14,cloudy,17.363,8.164,0.00,6.09,world
530.63,2026-08-31 00:49:36,281.62,3.64,3716.10,139.5,corridor,5.16,cloudy,18.021,341.767,0.00,6.09,world
531.13,2026-08-31 00:49:37,281.62,3.64,3716.10,139.5,corridor,5.18,cloudy,17.757,6.182,0.00,6.09,world
531.63,2026-08-31 00:49:37,281.62,3.64,3716.10,139.5,corridor,5.20,cloudy,17.757,6.182,0.00,6.09,world
532.13,2026-08-31 00:49:38,281.62,3.64,3716.10,139.5,corridor,5.22,cloudy,17.457,5.414,0.00,6.09,world
532.63,2026-08-31 00:49:38,281.62,3.64,3716.10,139.5,corridor,5.24,cloudy,17.457,5.414,0.00,6.09,world
533.13,2026-08-31 00:49:39,281.62,3.64,3716.10,139.5,corridor,5.26,cloudy,17.416,5.770,0.00,6.09,world
533.63,2026-08-31 00:49:39,281.62,3.64,3716.10,139.5,corridor,5.28,cloudy,17.416,5.770,0.00,6.09,world
534.13,2026-08-31 00:49:40,281.62,3.64,3716.10,139.5,corridor,5.30,cloudy,18.608,6.211,0.00,6.09,world
534.63,2026-08-31 00:49:40,281.62,3.64,3716.10,139.5,corridor,5.32,cloudy,18.608,6.211,0.00,6.09,world
535.13,2026-08-31 00:49:41,281.62,3.64,3716.10,139.5,corridor,5.34,cloudy,16.953,6.274,0.00,6.09,world
535.63,2026-08-31 00:49:41,281.62,3.64,3716.10,139.5,corridor,5.36,cloudy,16.953,6.274,0.00,6.09,world
536.13,2026-08-31 00:49:42,281.62,3.64,3716.10,139.5,corridor,5.38,cloudy,21.528,6.485,0.00,6.09,world
536.63,2026-08-31 00:49:42,281.62,3.64,3716.10,139.5,corridor,5.40,cloudy,21.528,6.485,0.00,6.09,world
537.13,2026-08-31 00:49:43,281.62,3.64,3716.10,139.5,corridor,5.42,cloudy,17.219,5.957,0.00,6.09,world
537.63,2026-08-31 00:49:43,281.62,3.64,3716.10,139.5,corridor,5.44,cloudy,17.219,5.957,0.00,6.09,world
538.13,2026-08-31 00:49:44,281.63,3.64,3716.11,129.0,corridor,5.46,cloudy,17.070,5.236,0.00,6.09,world
538.63,2026-08-31 00:49:44,283.07,4.13,3717.45,47.5,corridor,5.48,cloudy,17.070,5.236,0.00,7.01,world
539.13,2026-08-31 00:49:45,284.62,4.70,3718.88,47.5,corridor,5.50,cloudy,17.045,5.560,0.00,8.40,world
539.63,2026-08-31 00:49:45,286.17,5.26,3720.31,47.5,corridor,5.52,cloudy,17.045,5.560,0.00,10.05,world
540.13,2026-08-31 00:49:46,287.77,5.76,3721.80,47.5,corridor,5.54,cloudy,20.816,7.881,0.00,11.92,world
540.63,2026-08-31 00:49:46,289.47,6.11,3723.36,47.5,corridor,5.56,cloudy,20.816,7.881,0.00,13.98,world
541.13,2026-08-31 00:49:47,291.23,6.33,3724.99,47.5,corridor,5.58,cloudy,35.050,6.905,0.00,16.19,world
541.63,2026-08-31 00:49:47,293.03,6.46,3726.64,47.5,corridor,5.60,cloudy,35.050,6.905,0.00,18.50,world
542.13,2026-08-31 00:49:48,294.82,6.60,3728.29,47.5,corridor,5.62,cloudy,16.826,6.602,0.00,20.82,world
542.63,2026-08-31 00:49:48,296.58,6.82,3729.91,47.5,corridor,5.64,cloudy,16.826,6.602,0.00,23.13,world
543.13,2026-08-31 00:49:49,298.37,6.97,3731.56,47.5,corridor,5.66,cloudy,17.622,6.823,0.00,25.04,world
543.63,2026-08-31 00:49:49,300.19,7.05,3733.23,47.5,corridor,5.68,cloudy,17.622,6.823,0.00,25.51,world
544.13,2026-08-31 00:49:50,301.97,7.21,3734.88,47.5,corridor,5.70,cloudy,17.174,6.778,0.00,26.20,world
544.63,2026-08-31 00:49:50,303.69,7.52,3736.46,47.5,corridor,5.72,cloudy,17.174,6.778,0.00,27.04,world
545.13,2026-08-31 00:49:51,305.38,7.89,3738.01,47.6,the_tether_relay,5.74,cloudy,17.465,339.997,0.00,28.04,world
545.63,2026-08-31 00:49:52,307.14,8.12,3739.63,47.6,the_tether_relay,5.76,cloudy,17.465,339.997,0.00,29.24,world
546.13,2026-08-31 00:49:52,308.95,8.22,3741.30,47.6,the_tether_relay,5.78,cloudy,17.251,6.001,0.58,30.25,world
546.63,2026-08-31 00:49:53,310.78,8.25,3742.98,47.6,the_tether_relay,5.80,cloudy,17.251,6.001,0.33,31.52,world
547.13,2026-08-31 00:49:53,310.17,8.04,3743.84,-36.4,the_tether_relay,5.82,cloudy,17.646,6.481,1.40,30.59,world
547.63,2026-08-31 00:49:54,311.10,7.99,3745.57,50.0,the_tether_relay,5.84,cloudy,17.646,6.481,3.77,31.32,world
548.13,2026-08-31 00:49:54,312.98,8.09,3747.16,50.0,the_tether_relay,5.86,cloudy,17.172,5.941,6.22,33.16,world
548.63,2026-08-31 00:49:55,314.86,8.19,3748.74,50.0,the_tether_relay,5.88,cloudy,17.172,5.941,8.68,35.14,world
549.13,2026-08-31 00:49:55,316.73,8.32,3750.31,50.0,the_tether_relay,5.90,cloudy,17.340,6.173,11.12,33.47,world
549.63,2026-08-31 00:49:56,318.61,8.43,3751.89,50.0,the_tether_relay,5.92,cloudy,17.340,6.173,13.58,31.13,world
550.13,2026-08-31 00:49:56,320.52,8.44,3753.49,50.0,the_tether_relay,5.94,cloudy,17.477,5.901,0.00,28.78,world
550.63,2026-08-31 00:49:57,322.45,8.39,3755.11,50.0,the_tether_relay,5.96,cloudy,17.477,5.901,0.00,26.42,world
551.13,2026-08-31 00:49:57,324.40,8.29,3756.74,50.0,the_tether_relay,5.98,cloudy,19.286,5.475,0.00,24.07,world
551.63,2026-08-31 00:49:58,326.36,8.14,3758.38,50.0,the_tether_relay,6.00,cloudy,19.286,5.475,0.00,21.75,world
552.13,2026-08-31 00:49:58,328.31,8.00,3760.02,50.0,the_tether_relay,6.02,cloudy,18.241,5.302,0.00,19.50,world
552.63,2026-08-31 00:49:59,329.00,7.95,3760.59,50.0,the_tether_relay,6.04,cloudy,18.241,5.302,0.00,18.73,world
553.13,2026-08-31 00:49:59,327.93,8.09,3761.87,-40.0,the_tether_relay,6.06,cloudy,18.495,5.943,0.00,19.64,world
553.63,2026-08-31 00:50:00,326.74,8.08,3763.70,44.0,the_tether_relay,6.08,cloudy,18.495,5.943,0.00,20.76,world
554.13,2026-08-31 00:50:00,328.97,7.92,3764.87,62.9,the_tether_relay,6.10,cloudy,17.265,5.155,0.00,18.58,world
554.63,2026-08-31 00:50:01,331.26,7.69,3766.04,62.9,the_tether_relay,6.12,cloudy,17.265,5.155,0.00,16.44,world
555.13,2026-08-31 00:50:01,333.55,7.38,3767.23,62.9,the_tether_relay,6.14,cloudy,20.849,5.836,0.00,14.44,world
555.63,2026-08-31 00:50:02,335.60,7.09,3768.62,65.3,the_tether_relay,6.16,cloudy,20.849,5.836,0.00,12.96,world
556.13,2026-08-31 00:50:02,336.44,6.99,3769.20,67.0,the_tether_relay,6.18,cloudy,19.377,5.723,0.00,12.44,world
556.63,2026-08-31 00:50:03,335.70,7.06,3770.82,-23.0,the_tether_relay,6.20,cloudy,19.377,5.723,0.00,13.89,world
557.13,2026-08-31 00:50:03,334.73,7.12,3773.11,-23.0,the_tether_relay,6.22,cloudy,17.188,5.287,0.00,15.98,world
557.63,2026-08-31 00:50:04,334.33,7.11,3774.88,92.6,the_tether_relay,6.24,cloudy,17.188,5.287,0.00,17.41,world
558.13,2026-08-31 00:50:04,336.15,6.95,3775.17,22.9,the_tether_relay,6.26,cloudy,17.337,6.515,0.00,16.27,world
558.63,2026-08-31 00:50:05,337.14,6.86,3777.49,22.9,the_tether_relay,6.28,cloudy,17.337,6.515,0.00,17.41,world
559.13,2026-08-31 00:50:05,338.13,6.73,3779.83,22.9,the_tether_relay,6.30,cloudy,17.226,5.741,0.00,18.83,world
559.63,2026-08-31 00:50:06,339.10,6.59,3781.53,127.9,the_tether_relay,6.32,cloudy,17.226,5.741,0.00,19.90,world
560.13,2026-08-31 00:50:06,338.74,6.71,3779.82,-106.7,the_tether_relay,6.34,cloudy,17.957,5.278,0.00,18.52,world
560.63,2026-08-31 00:50:07,336.39,6.82,3779.11,-106.7,the_tether_relay,6.36,cloudy,17.957,5.278,0.00,19.16,world
561.13,2026-08-31 00:50:07,337.14,6.86,3777.46,139.7,the_tether_relay,6.38,cloudy,18.109,5.119,0.00,17.38,world
561.63,2026-08-31 00:50:08,338.75,6.88,3775.56,139.7,the_tether_relay,6.40,cloudy,18.109,5.119,0.00,14.90,world
562.13,2026-08-31 00:50:08,340.30,6.82,3773.58,144.5,the_tether_relay,6.42,cloudy,20.700,5.520,0.00,12.39,world
562.63,2026-08-31 00:50:09,341.79,6.63,3771.50,144.5,the_tether_relay,6.44,cloudy,20.700,5.520,0.00,9.83,world
563.13,2026-08-31 00:50:09,343.28,6.37,3769.41,144.5,the_tether_relay,6.46,cloudy,17.569,6.563,0.00,7.26,world
563.63,2026-08-31 00:50:10,344.78,6.09,3767.32,144.5,the_tether_relay,6.48,cloudy,17.569,6.563,0.00,4.69,world
564.13,2026-08-31 00:50:10,345.96,5.83,3765.66,144.5,the_tether_relay,6.50,cloudy,17.524,5.424,0.00,2.65,narrative_modal
564.72,2026-08-31 00:50:11,338.77,6.65,3765.33,43.3,the_tether_relay,6.52,cloudy,20.233,361.386,0.00,8.92,combat
565.28,2026-08-31 00:50:12,338.65,7.16,3765.90,43.3,the_tether_relay,6.54,cloudy,20.233,361.386,0.00,9.17,combat
566.08,2026-08-31 00:50:12,338.65,7.16,3765.90,43.3,the_tether_relay,6.58,cloudy,18.937,113.830,0.00,9.17,combat
566.90,2026-08-31 00:50:13,338.65,7.16,3765.90,43.3,the_tether_relay,6.61,cloudy,16.812,7.507,0.00,9.17,combat
567.80,2026-08-31 00:50:14,338.65,7.16,3765.90,43.3,the_tether_relay,6.64,cloudy,21.126,7.453,0.00,9.17,combat
568.57,2026-08-31 00:50:15,338.65,7.16,3765.90,43.3,the_tether_relay,6.68,cloudy,19.440,7.178,0.00,9.17,combat
569.07,2026-08-31 00:50:15,338.65,7.16,3765.90,43.3,the_tether_relay,6.69,cloudy,19.440,7.178,0.00,9.17,combat
569.57,2026-08-31 00:50:16,338.65,7.16,3765.90,43.3,the_tether_relay,6.71,cloudy,18.664,6.229,0.00,9.17,combat
570.07,2026-08-31 00:50:16,338.65,7.16,3765.90,43.3,the_tether_relay,6.73,cloudy,18.664,6.229,0.00,9.17,combat
570.57,2026-08-31 00:50:17,338.65,7.16,3765.90,43.3,the_tether_relay,6.75,cloudy,17.834,7.701,0.00,9.17,combat
571.07,2026-08-31 00:50:17,338.65,7.16,3765.90,43.3,the_tether_relay,6.77,cloudy,17.834,7.701,0.00,9.17,combat
571.57,2026-08-31 00:50:18,338.65,7.16,3765.90,43.3,the_tether_relay,6.80,cloudy,19.803,6.003,0.00,9.17,combat
572.27,2026-08-31 00:50:19,338.65,7.16,3765.90,43.3,the_tether_relay,6.82,cloudy,19.803,6.003,0.00,9.17,combat
572.93,2026-08-31 00:50:19,338.65,7.16,3765.90,43.3,the_tether_relay,6.85,cloudy,18.603,9.166,0.00,9.17,combat
573.63,2026-08-31 00:50:20,338.65,7.16,3765.90,43.3,the_tether_relay,6.88,cloudy,20.182,12.911,0.00,9.17,combat
574.38,2026-08-31 00:50:21,338.65,7.16,3765.90,43.3,the_tether_relay,6.91,cloudy,20.182,12.911,0.00,9.17,combat
575.02,2026-08-31 00:50:21,338.65,7.16,3765.90,43.3,the_tether_relay,6.93,cloudy,23.340,8.580,0.00,9.17,combat
575.63,2026-08-31 00:50:22,338.65,7.16,3765.90,43.3,the_tether_relay,6.96,cloudy,16.926,8.053,0.00,9.17,combat
576.23,2026-08-31 00:50:23,338.65,7.16,3765.90,43.3,the_tether_relay,6.98,cloudy,16.926,8.053,0.00,9.17,combat
576.90,2026-08-31 00:50:23,338.65,7.16,3765.90,43.3,the_tether_relay,7.01,cloudy,18.668,7.794,0.00,9.17,combat
577.48,2026-08-31 00:50:24,338.65,7.16,3765.90,43.3,the_tether_relay,7.03,cloudy,18.668,7.794,0.00,9.17,combat
578.07,2026-08-31 00:50:24,338.65,7.16,3765.90,43.3,the_tether_relay,7.06,cloudy,19.748,7.524,0.00,9.17,combat
578.65,2026-08-31 00:50:25,338.65,7.16,3765.90,43.3,the_tether_relay,7.08,cloudy,17.561,7.334,0.00,9.17,combat
579.28,2026-08-31 00:50:26,338.65,7.16,3765.90,43.3,the_tether_relay,7.10,cloudy,17.561,7.334,0.00,9.17,combat
579.85,2026-08-31 00:50:26,338.65,7.16,3765.90,43.3,the_tether_relay,7.13,cloudy,17.050,8.155,0.00,9.17,combat
580.42,2026-08-31 00:50:27,338.65,7.16,3765.90,43.3,the_tether_relay,7.15,cloudy,17.050,8.155,0.00,9.17,combat
581.03,2026-08-31 00:50:27,338.65,7.16,3765.90,43.3,the_tether_relay,7.17,cloudy,18.022,7.654,0.00,9.17,combat
581.67,2026-08-31 00:50:28,338.65,7.16,3765.90,43.3,the_tether_relay,7.20,cloudy,18.587,7.408,0.00,9.17,combat
582.27,2026-08-31 00:50:29,338.65,7.16,3765.90,43.3,the_tether_relay,7.22,cloudy,18.587,7.408,0.00,9.17,combat
582.88,2026-08-31 00:50:29,338.65,7.16,3765.90,43.3,the_tether_relay,7.25,cloudy,17.006,10.662,0.00,9.17,combat
583.52,2026-08-31 00:50:30,338.65,7.16,3765.90,43.3,the_tether_relay,7.27,cloudy,17.006,10.662,0.00,9.17,combat
584.13,2026-08-31 00:50:30,338.65,7.16,3765.90,43.3,the_tether_relay,7.30,cloudy,19.657,8.257,0.00,9.17,combat
584.73,2026-08-31 00:50:31,338.65,7.16,3765.90,43.3,the_tether_relay,7.32,cloudy,17.039,8.006,0.00,9.17,combat
585.33,2026-08-31 00:50:32,338.65,7.16,3765.90,43.3,the_tether_relay,7.35,cloudy,17.039,8.006,0.00,9.17,combat
585.87,2026-08-31 00:50:32,338.65,7.16,3765.90,43.3,the_tether_relay,7.37,cloudy,17.121,8.159,0.00,9.17,combat
586.40,2026-08-31 00:50:33,338.65,7.16,3765.90,43.3,the_tether_relay,7.39,cloudy,17.121,8.159,0.00,9.17,combat
586.95,2026-08-31 00:50:34,338.65,7.16,3765.90,43.3,the_tether_relay,7.41,cloudy,16.430,6.663,0.00,9.17,locked
587.62,2026-08-31 00:50:34,338.65,7.16,3765.90,43.3,the_tether_relay,7.44,cloudy,17.457,344.839,0.00,9.17,locked
588.30,2026-08-31 00:50:35,338.65,7.15,3765.91,43.3,the_tether_relay,7.46,cloudy,17.457,344.839,0.00,9.17,combat
588.90,2026-08-31 00:50:35,338.65,7.15,3765.91,43.3,the_tether_relay,7.49,cloudy,26.620,108.933,0.00,9.17,combat
589.50,2026-08-31 00:50:36,338.65,7.15,3765.91,43.3,the_tether_relay,7.51,cloudy,17.181,7.344,0.00,9.17,combat
590.13,2026-08-31 00:50:37,338.65,7.15,3765.91,43.3,the_tether_relay,7.54,cloudy,17.181,7.344,0.00,9.17,combat
590.82,2026-08-31 00:50:37,338.65,7.15,3765.91,43.3,the_tether_relay,7.57,cloudy,19.363,8.763,0.00,9.17,combat
591.45,2026-08-31 00:50:38,338.65,7.15,3765.91,43.3,the_tether_relay,7.59,cloudy,18.845,7.772,0.00,9.17,combat
592.10,2026-08-31 00:50:39,338.65,7.15,3765.91,43.3,the_tether_relay,7.62,cloudy,18.845,7.772,0.00,9.17,combat
592.70,2026-08-31 00:50:39,338.65,7.15,3765.91,43.3,the_tether_relay,7.64,cloudy,18.148,8.798,0.00,9.17,combat
593.20,2026-08-31 00:50:40,338.65,7.15,3765.91,43.3,the_tether_relay,7.66,cloudy,18.148,8.798,0.00,9.17,combat
593.70,2026-08-31 00:50:40,338.65,7.15,3765.91,43.3,the_tether_relay,7.68,cloudy,20.884,10.184,0.00,9.17,combat
594.20,2026-08-31 00:50:41,338.65,7.15,3765.91,43.3,the_tether_relay,7.70,cloudy,20.884,10.184,0.00,3.16,world
594.70,2026-08-31 00:50:41,338.65,7.15,3765.91,43.3,the_tether_relay,7.72,cloudy,19.305,360.772,0.00,3.16,world
595.20,2026-08-31 00:50:42,338.65,7.15,3765.91,43.3,the_tether_relay,7.74,cloudy,19.902,5.636,0.00,3.16,world
595.70,2026-08-31 00:50:42,338.65,7.15,3765.91,43.3,the_tether_relay,7.76,cloudy,19.902,5.636,0.00,3.16,world
596.20,2026-08-31 00:50:43,338.65,7.15,3765.91,43.3,the_tether_relay,7.78,cloudy,18.024,5.420,0.00,3.16,world
596.70,2026-08-31 00:50:43,338.65,7.15,3765.91,43.3,the_tether_relay,7.80,cloudy,18.024,5.420,0.00,9.17,world
597.20,2026-08-31 00:50:44,338.65,7.15,3765.91,43.3,the_tether_relay,7.82,cloudy,20.074,5.813,0.00,9.17,world
597.70,2026-08-31 00:50:44,338.65,7.15,3765.91,43.3,the_tether_relay,7.84,cloudy,20.074,5.813,0.00,9.17,world
598.20,2026-08-31 00:50:45,338.65,7.15,3765.91,43.3,the_tether_relay,7.86,cloudy,17.910,5.201,0.00,9.17,world
598.70,2026-08-31 00:50:45,338.65,7.15,3765.91,43.3,the_tether_relay,7.88,cloudy,17.910,5.201,0.00,9.17,world
599.20,2026-08-31 00:50:46,338.65,7.15,3765.91,43.3,the_tether_relay,7.90,cloudy,22.287,6.016,0.00,9.17,world
599.70,2026-08-31 00:50:47,338.65,7.15,3765.91,43.3,the_tether_relay,7.92,cloudy,22.287,6.016,0.00,9.17,world
600.20,2026-08-31 00:50:47,338.65,7.15,3765.91,43.3,the_tether_relay,7.94,cloudy,23.637,546.921,0.00,9.17,world
600.70,2026-08-31 00:50:48,338.66,7.16,3765.90,53.9,the_tether_relay,7.96,cloudy,21.423,7.520,0.00,9.16,world
601.20,2026-08-31 00:50:48,340.49,7.22,3764.68,123.7,the_tether_relay,7.98,cloudy,21.423,7.520,0.00,7.11,world
601.70,2026-08-31 00:50:49,342.64,6.02,3763.25,123.7,the_tether_relay,8.00,cloudy,17.992,5.406,0.00,4.87,world
602.20,2026-08-31 00:50:49,344.79,5.59,3761.82,123.8,the_tether_relay,8.02,cloudy,17.992,5.406,0.00,3.19,world
602.70,2026-08-31 00:50:50,346.95,5.11,3760.38,123.8,the_tether_relay,8.04,cloudy,18.013,8.143,0.00,3.17,world
603.20,2026-08-31 00:50:50,349.11,4.56,3758.94,123.9,the_tether_relay,8.06,cloudy,18.013,8.143,0.00,3.48,world
603.87,2026-08-31 00:50:51,349.81,4.40,3758.47,123.9,the_tether_relay,8.09,cloudy,16.933,5.484,0.00,2.64,world
604.38,2026-08-31 00:50:52,349.81,4.40,3758.47,123.9,the_tether_relay,8.11,cloudy,16.933,5.484,0.00,2.64,narrative_modal
605.15,2026-08-31 00:50:52,349.81,4.40,3758.47,123.9,the_tether_relay,8.14,cloudy,46.871,8.902,0.00,2.64,world
605.97,2026-08-31 00:50:53,349.81,4.40,3758.47,123.9,the_tether_relay,8.17,cloudy,24.875,7.975,0.00,2.64,narrative_modal
606.72,2026-08-31 00:50:54,349.81,4.40,3758.47,123.9,the_tether_relay,8.20,cloudy,17.401,6.002,0.00,2.64,narrative_modal
607.50,2026-08-31 00:50:55,349.81,4.40,3758.47,123.9,the_tether_relay,8.23,cloudy,17.401,6.002,0.00,2.64,world
608.22,2026-08-31 00:50:55,349.81,4.40,3758.47,123.9,the_tether_relay,8.26,cloudy,16.583,7.028,0.00,2.64,narrative_modal
608.72,2026-08-31 00:50:56,349.81,4.40,3758.47,123.9,the_tether_relay,8.28,cloudy,16.591,6.188,0.00,2.64,narrative_modal
609.22,2026-08-31 00:50:56,349.81,4.40,3758.47,123.9,the_tether_relay,8.30,cloudy,16.591,6.188,0.00,2.64,narrative_modal
609.72,2026-08-31 00:50:57,349.81,4.40,3758.47,123.9,the_tether_relay,8.32,cloudy,15.733,4.704,0.00,2.64,narrative_modal
610.22,2026-08-31 00:50:57,349.81,4.40,3758.47,123.9,the_tether_relay,8.34,cloudy,15.733,4.704,0.00,2.64,narrative_modal
610.72,2026-08-31 00:50:58,349.81,4.40,3758.47,123.9,the_tether_relay,8.36,cloudy,15.391,4.679,0.00,2.64,narrative_modal
611.22,2026-08-31 00:50:58,349.81,4.40,3758.47,123.9,the_tether_relay,8.38,cloudy,15.391,4.679,0.00,2.64,narrative_modal
611.73,2026-08-31 00:50:59,349.81,4.40,3758.47,123.9,the_tether_relay,8.40,cloudy,15.826,5.125,0.00,2.64,narrative_modal
612.27,2026-08-31 00:50:59,349.81,4.40,3758.47,123.9,the_tether_relay,8.42,cloudy,15.826,5.125,0.00,2.64,narrative_modal
612.78,2026-08-31 00:51:00,349.81,4.40,3758.47,123.9,the_tether_relay,8.44,cloudy,16.867,6.204,0.00,2.64,narrative_modal
613.30,2026-08-31 00:51:00,349.81,4.40,3758.47,123.9,the_tether_relay,8.46,cloudy,16.867,6.204,0.00,2.64,narrative_modal
613.82,2026-08-31 00:51:01,349.81,4.40,3758.47,123.9,the_tether_relay,8.48,cloudy,16.448,6.268,0.00,2.64,narrative_modal
614.33,2026-08-31 00:51:02,349.81,4.40,3758.47,123.9,the_tether_relay,8.51,cloudy,16.448,6.268,0.00,2.64,narrative_modal
614.88,2026-08-31 00:51:02,349.81,4.40,3758.47,123.9,the_tether_relay,8.53,cloudy,15.596,6.520,0.00,2.64,narrative_modal
615.42,2026-08-31 00:51:03,349.81,4.40,3758.47,123.9,the_tether_relay,8.55,cloudy,15.596,6.520,0.00,2.64,narrative_modal
615.95,2026-08-31 00:51:03,349.81,4.40,3758.47,123.9,the_tether_relay,8.57,cloudy,16.079,6.564,0.00,2.64,narrative_modal
616.52,2026-08-31 00:51:04,349.81,4.40,3758.47,123.9,the_tether_relay,8.59,cloudy,16.079,6.564,0.00,2.64,narrative_modal
617.05,2026-08-31 00:51:04,349.81,4.40,3758.47,123.9,the_tether_relay,8.61,cloudy,17.120,6.366,0.00,2.64,narrative_modal
617.57,2026-08-31 00:51:05,349.81,4.40,3758.47,123.9,the_tether_relay,8.64,cloudy,17.120,6.366,0.00,2.64,narrative_modal
618.08,2026-08-31 00:51:05,349.81,4.40,3758.47,123.9,the_tether_relay,8.66,cloudy,16.028,6.208,0.00,2.64,narrative_modal
618.60,2026-08-31 00:51:06,349.81,4.40,3758.47,123.9,the_tether_relay,8.68,cloudy,16.028,6.208,0.00,2.64,narrative_modal
619.12,2026-08-31 00:51:06,349.81,4.40,3758.47,123.9,the_tether_relay,8.70,cloudy,15.445,6.090,0.00,2.64,narrative_modal
619.63,2026-08-31 00:51:07,349.81,4.40,3758.47,123.9,the_tether_relay,8.72,cloudy,15.445,6.090,0.00,2.64,narrative_modal
620.15,2026-08-31 00:51:07,349.81,4.40,3758.47,123.9,the_tether_relay,8.74,cloudy,15.891,6.270,0.00,2.64,narrative_modal
620.67,2026-08-31 00:51:08,349.81,4.40,3758.47,123.9,the_tether_relay,8.76,cloudy,17.035,6.300,0.00,2.64,narrative_modal
621.20,2026-08-31 00:51:08,349.81,4.40,3758.47,123.9,the_tether_relay,8.78,cloudy,17.035,6.300,0.00,2.64,narrative_modal
621.75,2026-08-31 00:51:09,349.81,4.40,3758.47,123.9,the_tether_relay,8.80,cloudy,17.294,6.783,0.00,2.64,narrative_modal
622.28,2026-08-31 00:51:09,349.81,4.40,3758.47,123.9,the_tether_relay,8.82,cloudy,17.294,6.783,0.00,2.64,narrative_modal
622.78,2026-08-31 00:51:10,349.81,4.40,3758.47,123.9,the_tether_relay,8.84,cloudy,16.762,5.939,0.00,2.64,narrative_modal
623.30,2026-08-31 00:51:10,349.81,4.40,3758.47,123.9,the_tether_relay,8.86,cloudy,16.762,5.939,0.00,2.64,narrative_modal
623.87,2026-08-31 00:51:11,349.81,4.40,3758.47,123.9,the_tether_relay,8.89,cloudy,17.977,6.925,0.00,2.64,narrative_modal
624.42,2026-08-31 00:51:12,349.81,4.40,3758.47,123.9,the_tether_relay,8.91,cloudy,17.977,6.925,0.00,2.64,narrative_modal
624.95,2026-08-31 00:51:12,349.81,4.40,3758.47,123.9,the_tether_relay,8.93,cloudy,16.593,6.777,0.00,2.64,narrative_modal
625.45,2026-08-31 00:51:13,349.81,4.40,3758.47,123.9,the_tether_relay,8.95,cloudy,16.593,6.777,0.00,2.64,narrative_modal
625.98,2026-08-31 00:51:13,349.81,4.40,3758.47,123.9,the_tether_relay,8.97,cloudy,17.648,5.740,0.00,2.64,narrative_modal
626.50,2026-08-31 00:51:14,349.81,4.40,3758.47,123.9,the_tether_relay,8.99,cloudy,17.648,5.740,0.00,2.64,narrative_modal
627.03,2026-08-31 00:51:14,349.81,4.40,3758.47,123.9,the_tether_relay,9.01,cloudy,16.635,6.011,0.00,2.64,narrative_modal
627.58,2026-08-31 00:51:15,349.81,4.40,3758.47,123.9,the_tether_relay,9.04,cloudy,16.635,6.011,0.00,2.64,narrative_modal
628.08,2026-08-31 00:51:15,349.81,4.40,3758.47,123.9,the_tether_relay,9.06,cloudy,16.418,6.285,0.00,2.64,narrative_modal
628.60,2026-08-31 00:51:16,349.81,4.40,3758.47,123.9,the_tether_relay,9.08,cloudy,16.418,6.285,0.00,2.64,narrative_modal
629.12,2026-08-31 00:51:16,349.81,4.40,3758.47,123.9,the_tether_relay,9.10,cloudy,16.376,6.289,0.00,2.64,narrative_modal
629.63,2026-08-31 00:51:17,349.81,4.40,3758.47,123.9,the_tether_relay,9.12,cloudy,16.376,6.289,0.00,2.64,narrative_modal
630.15,2026-08-31 00:51:17,349.81,4.40,3758.47,123.9,the_tether_relay,9.14,cloudy,17.560,6.326,0.00,2.64,narrative_modal
630.67,2026-08-31 00:51:18,349.81,4.40,3758.47,123.9,the_tether_relay,9.16,cloudy,15.763,5.948,0.00,2.64,narrative_modal
631.20,2026-08-31 00:51:18,349.81,4.40,3758.47,123.9,the_tether_relay,9.18,cloudy,15.763,5.948,0.00,2.64,narrative_modal
631.93,2026-08-31 00:51:19,349.81,4.40,3758.47,123.9,the_tether_relay,9.21,cloudy,20.057,6.017,0.00,2.64,narrative_modal
632.45,2026-08-31 00:51:20,349.81,4.40,3758.47,123.9,the_tether_relay,9.23,cloudy,20.057,6.017,0.00,2.64,narrative_modal
632.95,2026-08-31 00:51:20,349.81,4.40,3758.47,123.9,the_tether_relay,9.25,cloudy,16.871,6.850,0.00,2.64,narrative_modal
633.47,2026-08-31 00:51:21,349.81,4.40,3758.47,123.9,the_tether_relay,9.27,cloudy,16.871,6.850,0.00,2.64,narrative_modal
633.98,2026-08-31 00:51:21,349.81,4.40,3758.47,123.9,the_tether_relay,9.29,cloudy,15.711,6.063,0.00,2.64,narrative_modal
634.53,2026-08-31 00:51:22,349.81,4.40,3758.47,123.9,the_tether_relay,9.31,cloudy,15.711,6.063,0.00,2.64,narrative_modal
635.07,2026-08-31 00:51:22,349.81,4.40,3758.47,123.9,the_tether_relay,9.34,cloudy,17.628,6.439,0.00,2.64,narrative_modal
635.57,2026-08-31 00:51:23,349.81,4.40,3758.47,123.9,the_tether_relay,9.36,cloudy,17.628,6.439,0.00,2.64,narrative_modal
636.08,2026-08-31 00:51:23,349.81,4.40,3758.47,123.9,the_tether_relay,9.38,cloudy,16.353,6.260,0.00,2.64,narrative_modal
636.62,2026-08-31 00:51:24,349.81,4.40,3758.47,123.9,the_tether_relay,9.40,cloudy,16.353,6.260,0.00,2.64,narrative_modal
637.13,2026-08-31 00:51:24,349.81,4.40,3758.47,123.9,the_tether_relay,9.42,cloudy,16.847,6.330,0.00,2.64,narrative_modal
637.65,2026-08-31 00:51:25,349.81,4.40,3758.47,123.9,the_tether_relay,9.44,cloudy,16.847,6.330,0.00,2.64,narrative_modal
638.17,2026-08-31 00:51:25,349.81,4.40,3758.47,123.9,the_tether_relay,9.46,cloudy,16.614,6.265,0.00,2.64,narrative_modal
638.68,2026-08-31 00:51:26,349.81,4.40,3758.47,123.9,the_tether_relay,9.48,cloudy,16.614,6.265,0.00,2.64,narrative_modal
639.20,2026-08-31 00:51:26,349.81,4.40,3758.47,123.9,the_tether_relay,9.50,cloudy,16.127,6.073,0.00,2.64,narrative_modal
639.72,2026-08-31 00:51:27,349.81,4.40,3758.47,123.9,the_tether_relay,9.52,cloudy,15.510,5.862,0.00,2.64,narrative_modal
640.23,2026-08-31 00:51:27,349.81,4.40,3758.47,123.9,the_tether_relay,9.54,cloudy,15.510,5.862,0.00,2.64,narrative_modal
640.75,2026-08-31 00:51:28,349.81,4.40,3758.47,123.9,the_tether_relay,9.56,cloudy,18.430,6.088,0.00,2.64,narrative_modal
641.27,2026-08-31 00:51:28,349.81,4.40,3758.47,123.9,the_tether_relay,9.58,cloudy,18.430,6.088,0.00,2.64,narrative_modal
641.80,2026-08-31 00:51:29,349.81,4.40,3758.47,123.9,the_tether_relay,9.60,cloudy,17.495,7.409,0.00,2.64,narrative_modal
642.33,2026-08-31 00:51:29,349.81,4.40,3758.47,123.9,the_tether_relay,9.63,cloudy,17.495,7.409,0.00,2.64,narrative_modal
642.85,2026-08-31 00:51:30,349.81,4.40,3758.47,123.9,the_tether_relay,9.65,cloudy,16.932,7.614,0.00,2.64,narrative_modal
643.37,2026-08-31 00:51:31,349.81,4.40,3758.47,123.9,the_tether_relay,9.67,cloudy,16.932,7.614,0.00,2.64,narrative_modal
643.90,2026-08-31 00:51:31,349.81,4.40,3758.47,123.9,the_tether_relay,9.69,cloudy,19.241,6.802,0.00,2.64,narrative_modal
644.42,2026-08-31 00:51:32,349.81,4.40,3758.47,123.9,the_tether_relay,9.71,cloudy,19.241,6.802,0.00,2.64,narrative_modal
644.93,2026-08-31 00:51:32,349.81,4.40,3758.47,123.9,the_tether_relay,9.73,cloudy,16.299,6.701,0.00,2.64,narrative_modal
645.43,2026-08-31 00:51:33,349.81,4.40,3758.47,123.9,the_tether_relay,9.75,cloudy,16.299,6.701,0.00,2.64,narrative_modal
645.93,2026-08-31 00:51:33,349.81,4.40,3758.47,123.9,the_tether_relay,9.77,cloudy,16.055,5.419,0.00,2.64,narrative_modal
646.62,2026-08-31 00:51:34,349.81,4.40,3758.47,123.9,the_tether_relay,9.80,cloudy,16.055,5.419,0.00,2.64,narrative_modal
647.15,2026-08-31 00:51:34,349.81,4.40,3758.47,123.9,the_tether_relay,9.82,cloudy,18.249,5.773,0.00,2.64,narrative_modal
647.68,2026-08-31 00:51:35,349.81,4.40,3758.47,123.9,the_tether_relay,9.84,cloudy,20.583,6.556,0.00,2.64,narrative_modal
648.20,2026-08-31 00:51:35,349.81,4.40,3758.47,123.9,the_tether_relay,9.86,cloudy,20.583,6.556,0.00,2.64,narrative_modal
648.73,2026-08-31 00:51:36,349.81,4.40,3758.47,123.9,the_tether_relay,9.88,cloudy,18.065,6.805,0.00,2.64,narrative_modal
649.25,2026-08-31 00:51:36,349.81,4.40,3758.47,123.9,the_tether_relay,9.90,cloudy,18.065,6.805,0.00,2.64,narrative_modal
649.77,2026-08-31 00:51:37,349.81,4.40,3758.47,123.9,the_tether_relay,9.92,cloudy,16.686,6.294,0.00,2.64,narrative_modal
650.33,2026-08-31 00:51:38,349.81,4.40,3758.47,123.9,the_tether_relay,9.95,cloudy,16.686,6.294,0.00,2.64,narrative_modal
650.90,2026-08-31 00:51:38,349.81,4.40,3758.47,123.9,the_tether_relay,9.97,cloudy,17.848,7.064,0.00,2.64,narrative_modal
651.43,2026-08-31 00:51:39,349.81,4.40,3758.47,123.9,the_tether_relay,9.99,cloudy,17.848,7.064,0.00,2.64,narrative_modal
651.98,2026-08-31 00:51:39,349.81,4.40,3758.47,123.9,the_tether_relay,10.01,cloudy,16.998,6.406,0.00,2.64,narrative_modal
652.53,2026-08-31 00:51:40,349.81,4.40,3758.47,123.9,the_tether_relay,10.03,cloudy,16.998,6.406,0.00,2.64,narrative_modal
653.03,2026-08-31 00:51:40,349.81,4.40,3758.47,123.9,the_tether_relay,10.05,cloudy,16.680,6.566,0.00,2.64,narrative_modal
653.60,2026-08-31 00:51:41,349.81,4.40,3758.47,123.9,the_tether_relay,10.08,cloudy,16.680,6.566,0.00,2.64,narrative_modal
654.17,2026-08-31 00:51:41,349.81,4.40,3758.47,123.9,the_tether_relay,10.10,cloudy,17.314,6.272,0.00,2.64,narrative_modal
654.72,2026-08-31 00:51:42,349.81,4.40,3758.47,123.9,the_tether_relay,10.12,cloudy,17.927,6.789,0.00,2.64,narrative_modal
655.27,2026-08-31 00:51:42,349.81,4.40,3758.47,123.9,the_tether_relay,10.14,cloudy,17.927,6.789,0.00,2.64,narrative_modal
655.78,2026-08-31 00:51:43,349.81,4.40,3758.47,123.9,the_tether_relay,10.16,cloudy,16.864,6.499,0.00,2.64,narrative_modal
656.32,2026-08-31 00:51:43,349.81,4.40,3758.47,123.9,the_tether_relay,10.19,cloudy,16.864,6.499,0.00,2.64,narrative_modal
656.87,2026-08-31 00:51:44,349.81,4.40,3758.47,123.9,the_tether_relay,10.21,cloudy,18.159,6.383,0.00,2.64,narrative_modal
657.37,2026-08-31 00:51:45,349.81,4.40,3758.47,123.9,the_tether_relay,10.23,cloudy,18.159,6.383,0.00,2.64,narrative_modal
657.87,2026-08-31 00:51:45,349.81,4.40,3758.47,123.9,the_tether_relay,10.25,cloudy,17.231,7.130,0.00,2.64,narrative_modal
658.37,2026-08-31 00:51:46,349.81,4.40,3758.47,123.9,the_tether_relay,10.27,cloudy,17.231,7.130,0.00,2.64,narrative_modal
658.87,2026-08-31 00:51:46,349.81,4.40,3758.47,123.9,the_tether_relay,10.29,cloudy,18.217,5.242,0.00,2.64,narrative_modal
659.37,2026-08-31 00:51:47,349.81,4.40,3758.47,123.9,the_tether_relay,10.31,cloudy,18.217,5.242,0.00,2.64,narrative_modal
659.87,2026-08-31 00:51:47,349.81,4.40,3758.47,123.9,the_tether_relay,10.33,cloudy,15.955,5.187,0.00,2.64,narrative_modal
660.37,2026-08-31 00:51:48,349.81,4.40,3758.47,123.9,the_tether_relay,10.35,cloudy,15.955,5.187,0.00,2.64,narrative_modal
660.87,2026-08-31 00:51:48,349.81,4.40,3758.47,123.9,the_tether_relay,10.37,cloudy,15.833,4.760,0.00,2.64,narrative_modal
661.37,2026-08-31 00:51:49,349.81,4.40,3758.47,123.9,the_tether_relay,10.39,cloudy,15.833,4.760,0.00,2.64,narrative_modal
661.87,2026-08-31 00:51:49,349.81,4.40,3758.47,123.9,the_tether_relay,10.41,cloudy,16.383,5.147,0.00,2.64,narrative_modal
662.37,2026-08-31 00:51:50,349.81,4.40,3758.47,123.9,the_tether_relay,10.43,cloudy,16.383,5.147,0.00,2.64,narrative_modal
662.87,2026-08-31 00:51:50,349.81,4.40,3758.47,123.9,the_tether_relay,10.45,cloudy,16.758,5.471,0.00,2.64,narrative_modal
663.37,2026-08-31 00:51:51,349.81,4.40,3758.47,123.9,the_tether_relay,10.47,cloudy,16.758,5.471,0.00,2.64,narrative_modal
663.87,2026-08-31 00:51:51,349.81,4.40,3758.47,123.9,the_tether_relay,10.49,cloudy,15.595,5.622,0.00,2.64,narrative_modal
664.37,2026-08-31 00:51:52,349.81,4.40,3758.47,123.9,the_tether_relay,10.51,cloudy,15.595,5.622,0.00,2.64,narrative_modal
664.87,2026-08-31 00:51:52,349.81,4.40,3758.47,123.9,the_tether_relay,10.53,cloudy,16.332,5.033,0.00,2.64,narrative_modal
665.37,2026-08-31 00:51:53,349.81,4.40,3758.47,123.9,the_tether_relay,10.55,cloudy,16.332,5.033,0.00,2.64,narrative_modal
665.87,2026-08-31 00:51:53,349.81,4.40,3758.47,123.9,the_tether_relay,10.57,cloudy,15.881,4.969,0.00,2.64,narrative_modal
666.37,2026-08-31 00:51:54,349.81,4.40,3758.47,123.9,the_tether_relay,10.59,cloudy,15.881,4.969,0.00,2.64,narrative_modal
666.87,2026-08-31 00:51:54,349.81,4.40,3758.47,123.9,the_tether_relay,10.61,cloudy,16.369,5.174,0.00,2.64,narrative_modal
667.37,2026-08-31 00:51:55,349.81,4.40,3758.47,123.9,the_tether_relay,10.63,cloudy,16.369,5.174,0.00,2.64,narrative_modal
667.87,2026-08-31 00:51:55,349.81,4.40,3758.47,123.9,the_tether_relay,10.65,cloudy,16.436,8.104,0.00,2.64,narrative_modal
668.37,2026-08-31 00:51:56,349.87,4.39,3758.42,131.5,the_tether_relay,10.67,cloudy,16.436,8.104,0.00,2.56,world
668.87,2026-08-31 00:51:56,351.25,4.07,3757.12,130.9,the_tether_relay,10.69,cloudy,15.830,4.799,0.00,0.76,world
669.37,2026-08-31 00:51:57,350.83,4.20,3756.63,-139.1,the_tether_relay,10.71,cloudy,15.830,4.799,0.00,1.23,world
669.87,2026-08-31 00:51:57,349.35,4.59,3754.90,-139.1,the_tether_relay,10.73,cloudy,16.116,5.507,0.00,3.38,world
670.37,2026-08-31 00:51:58,350.57,4.42,3754.00,100.4,the_tether_relay,10.75,cloudy,16.116,5.507,0.00,3.33,world
670.87,2026-08-31 00:51:58,353.13,3.94,3753.53,100.4,the_tether_relay,10.77,cloudy,17.031,5.176,0.00,3.65,world
671.53,2026-08-31 00:51:59,353.87,3.80,3753.39,100.4,the_tether_relay,10.79,cloudy,17.031,5.176,0.00,4.06,world
672.32,2026-08-31 00:51:59,353.87,3.80,3753.39,100.4,the_tether_relay,10.83,cloudy,17.098,6.881,0.00,4.06,narrative_modal
673.07,2026-08-31 00:52:00,353.87,3.80,3753.39,100.4,the_tether_relay,10.86,cloudy,16.878,15.785,0.00,4.06,narrative_modal
673.80,2026-08-31 00:52:01,353.87,3.80,3753.39,100.4,the_tether_relay,10.88,cloudy,16.375,7.053,0.00,4.06,world
674.53,2026-08-31 00:52:02,353.87,3.80,3753.39,100.4,the_tether_relay,10.91,cloudy,16.375,7.053,0.00,4.06,narrative_modal
675.25,2026-08-31 00:52:02,353.87,3.80,3753.39,100.4,the_tether_relay,10.94,cloudy,18.234,6.265,0.00,4.06,narrative_modal
675.98,2026-08-31 00:52:03,353.87,3.80,3753.39,100.4,the_tether_relay,10.97,cloudy,15.654,6.426,0.00,4.06,world
676.48,2026-08-31 00:52:04,353.66,3.81,3753.74,16.4,the_tether_relay,10.99,cloudy,15.654,6.426,0.00,3.66,world
676.98,2026-08-31 00:52:04,352.42,3.90,3755.88,-30.4,the_tether_relay,11.01,cloudy,17.376,7.052,0.00,1.20,world
677.48,2026-08-31 00:52:05,352.14,3.94,3756.25,-29.7,the_tether_relay,11.03,cloudy,17.376,7.052,0.00,0.76,world
677.98,2026-08-31 00:52:05,354.08,3.38,3757.30,60.3,the_tether_relay,11.05,cloudy,16.481,5.646,0.00,2.10,world
678.48,2026-08-31 00:52:06,355.29,2.99,3758.45,-73.7,the_tether_relay,11.07,cloudy,16.481,5.646,0.00,3.60,world
678.98,2026-08-31 00:52:06,354.43,3.12,3759.90,16.3,the_tether_relay,11.09,cloudy,16.172,4.947,0.00,3.78,world
679.48,2026-08-31 00:52:07,355.15,3.04,3762.33,16.3,the_tether_relay,11.11,cloudy,16.172,4.947,0.00,6.19,world
679.98,2026-08-31 00:52:07,355.68,3.18,3764.40,-57.2,the_tether_relay,11.13,cloudy,17.865,5.285,0.00,8.23,world
680.48,2026-08-31 00:52:08,354.08,3.43,3763.90,-38.2,the_tether_relay,11.15,cloudy,17.865,5.285,0.00,6.59,world
680.98,2026-08-31 00:52:08,352.82,4.03,3765.51,-38.2,the_tether_relay,11.17,cloudy,15.852,5.735,0.00,5.69,world
681.48,2026-08-31 00:52:09,351.58,4.65,3767.10,-38.2,the_tether_relay,11.19,cloudy,15.852,5.735,0.00,5.44,world
681.98,2026-08-31 00:52:09,350.22,5.19,3768.07,-101.3,the_tether_relay,11.21,cloudy,17.840,5.392,0.00,5.32,world
682.48,2026-08-31 00:52:10,350.73,4.76,3766.03,91.6,the_tether_relay,11.23,cloudy,17.840,5.392,0.00,4.10,world
682.98,2026-08-31 00:52:10,353.29,3.96,3765.96,91.6,the_tether_relay,11.25,cloudy,19.169,6.018,0.00,6.29,world
683.48,2026-08-31 00:52:11,353.32,3.76,3764.61,-144.3,the_tether_relay,11.27,cloudy,19.169,6.018,0.00,5.92,world
683.98,2026-08-31 00:52:11,351.91,3.96,3762.64,-144.1,the_tether_relay,11.29,cloudy,16.688,5.368,0.00,4.50,world
684.70,2026-08-31 00:52:12,351.30,4.08,3761.78,-144.0,the_tether_relay,11.32,cloudy,16.891,6.035,0.00,4.17,world
685.42,2026-08-31 00:52:13,351.30,4.08,3761.78,-144.0,the_tether_relay,11.35,cloudy,16.891,6.035,0.00,4.17,world
686.15,2026-08-31 00:52:13,351.30,4.08,3761.78,-144.0,the_tether_relay,11.38,cloudy,16.305,6.180,0.00,4.17,world
686.90,2026-08-31 00:52:14,351.30,4.08,3761.78,-144.0,the_tether_relay,11.41,cloudy,18.179,6.227,0.00,4.17,world
687.65,2026-08-31 00:52:15,351.30,4.08,3761.78,-144.0,the_tether_relay,11.44,cloudy,18.179,6.227,0.00,4.17,world
688.15,2026-08-31 00:52:15,351.01,4.20,3762.03,-49.5,the_tether_relay,11.46,cloudy,17.297,6.709,0.00,3.80,world
688.65,2026-08-31 00:52:16,349.48,4.80,3763.38,-48.8,the_tether_relay,11.48,cloudy,17.297,6.709,0.00,1.99,world
689.15,2026-08-31 00:52:16,347.94,5.38,3764.75,-48.8,the_tether_relay,11.50,cloudy,16.716,5.179,0.00,1.32,world
689.65,2026-08-31 00:52:17,346.28,5.83,3766.20,-48.8,the_tether_relay,11.52,cloudy,16.440,4.953,0.00,2.96,world
690.15,2026-08-31 00:52:17,344.54,6.14,3767.73,-48.8,the_tether_relay,11.54,cloudy,16.440,4.953,0.00,5.17,world
690.65,2026-08-31 00:52:18,342.76,6.41,3769.29,-48.8,the_tether_relay,11.56,cloudy,16.440,4.953,0.00,7.48,world
691.15,2026-08-31 00:52:18,340.98,6.65,3770.86,-48.8,the_tether_relay,11.58,cloudy,16.832,5.127,0.00,9.83,world
691.65,2026-08-31 00:52:19,339.17,6.85,3772.44,-48.8,the_tether_relay,11.60,cloudy,16.832,5.127,0.00,12.22,world
692.15,2026-08-31 00:52:19,337.33,6.94,3774.06,-48.8,the_tether_relay,11.62,cloudy,16.164,5.267,0.00,14.67,world
692.65,2026-08-31 00:52:20,335.46,6.99,3775.70,-48.8,the_tether_relay,11.64,cloudy,16.186,5.592,0.00,17.14,world
693.15,2026-08-31 00:52:20,333.63,7.13,3777.31,-48.8,the_tether_relay,11.66,cloudy,16.186,5.592,0.00,19.57,world
693.65,2026-08-31 00:52:21,331.85,7.37,3778.88,-48.8,the_tether_relay,11.68,cloudy,16.186,5.592,0.00,21.94,world
694.15,2026-08-31 00:52:21,330.06,7.59,3780.45,-48.8,the_tether_relay,11.70,cloudy,16.664,4.810,0.00,24.32,world
694.65,2026-08-31 00:52:22,328.24,7.77,3782.05,-48.8,the_tether_relay,11.72,cloudy,16.664,4.810,0.00,26.74,world
695.15,2026-08-31 00:52:22,326.46,8.01,3783.61,-48.8,the_tether_relay,11.74,cloudy,20.200,5.722,0.00,29.11,world
695.65,2026-08-31 00:52:23,324.70,8.29,3785.17,-48.8,the_tether_relay,11.76,cloudy,16.670,5.038,1.48,30.19,world
696.15,2026-08-31 00:52:23,322.90,8.51,3786.74,-48.8,the_tether_relay,11.78,cloudy,16.670,5.038,0.00,27.88,world
696.65,2026-08-31 00:52:24,321.05,8.58,3788.37,-48.8,the_tether_relay,11.80,cloudy,16.822,4.912,0.00,25.52,world
697.15,2026-08-31 00:52:24,319.13,8.41,3790.05,-48.8,the_tether_relay,11.82,cloudy,16.822,4.912,0.00,23.11,world
697.65,2026-08-31 00:52:25,317.18,8.04,3791.75,-48.8,the_tether_relay,11.84,cloudy,16.822,4.912,0.00,20.69,world
698.15,2026-08-31 00:52:26,315.23,7.59,3793.45,-48.8,corridor,11.86,cloudy,19.133,5.697,0.00,18.31,world
698.65,2026-08-31 00:52:26,313.28,7.14,3795.16,-48.8,corridor,11.88,cloudy,19.004,393.108,0.00,16.00,world
699.15,2026-08-31 00:52:27,311.33,6.61,3796.86,-48.8,corridor,11.90,cloudy,19.004,393.108,0.00,14.30,world
699.65,2026-08-31 00:52:27,309.38,6.06,3798.57,-48.8,corridor,11.92,cloudy,17.667,6.242,0.00,13.05,world
700.15,2026-08-31 00:52:28,307.44,5.61,3800.27,-48.8,corridor,11.94,cloudy,17.667,6.242,0.00,12.01,world
700.65,2026-08-31 00:52:28,305.49,5.29,3801.97,-48.8,corridor,11.96,cloudy,17.575,6.894,0.00,10.09,world
701.15,2026-08-31 00:52:29,303.55,4.99,3803.67,-48.8,corridor,11.98,cloudy,17.575,6.894,0.00,7.33,world
701.65,2026-08-31 00:52:29,301.60,4.64,3805.37,-48.8,corridor,12.00,cloudy,19.386,6.791,0.00,4.75,world
702.15,2026-08-31 00:52:30,299.65,4.18,3807.07,-48.8,corridor,12.02,cloudy,19.386,6.791,0.00,2.18,world
702.65,2026-08-31 00:52:30,298.09,3.76,3808.05,-48.7,corridor,12.04,cloudy,19.649,7.371,0.00,0.78,world
703.15,2026-08-31 00:52:31,296.15,3.19,3809.65,-48.7,corridor,12.06,cloudy,19.649,7.371,0.00,2.33,world
703.65,2026-08-31 00:52:31,294.20,2.69,3811.36,-48.7,corridor,12.08,cloudy,19.958,6.500,0.00,2.86,world
704.15,2026-08-31 00:52:32,292.63,2.37,3812.73,-48.7,corridor,12.10,cloudy,19.958,6.500,0.00,0.78,world
704.65,2026-08-31 00:52:32,291.48,2.39,3811.55,-138.6,corridor,12.12,cloudy,18.034,6.760,0.00,1.84,world
705.15,2026-08-31 00:52:33,289.86,2.52,3809.71,-138.6,corridor,12.14,cloudy,18.034,6.760,0.00,4.21,world
705.65,2026-08-31 00:52:33,288.04,2.37,3810.18,-48.2,corridor,12.16,cloudy,16.571,6.037,0.00,5.10,world
706.15,2026-08-31 00:52:34,286.12,2.05,3811.90,-48.2,corridor,12.18,cloudy,16.571,6.037,0.00,6.12,world
706.65,2026-08-31 00:52:34,284.21,1.88,3813.60,-48.2,corridor,12.20,cloudy,17.659,6.409,0.00,7.87,world
707.15,2026-08-31 00:52:35,282.35,1.87,3815.27,-48.2,corridor,12.22,cloudy,17.659,6.409,0.00,10.05,world
707.65,2026-08-31 00:52:35,280.52,1.98,3816.90,-48.2,corridor,12.24,cloudy,18.783,6.115,0.00,10.97,world
708.15,2026-08-31 00:52:36,278.72,2.14,3818.52,-48.2,corridor,12.26,cloudy,18.783,6.115,0.00,8.84,world
708.65,2026-08-31 00:52:36,276.91,2.30,3820.14,-48.2,corridor,12.28,cloudy,16.901,6.038,0.00,6.91,world
709.15,2026-08-31 00:52:37,275.09,2.43,3821.77,-48.2,corridor,12.30,cloudy,16.901,6.038,0.00,5.39,world
709.65,2026-08-31 00:52:37,273.26,2.52,3823.40,-48.2,corridor,12.32,cloudy,16.663,5.766,0.00,4.71,world
710.15,2026-08-31 00:52:38,271.40,2.55,3825.06,-48.2,corridor,12.34,cloudy,16.663,5.766,0.00,5.25,world
710.65,2026-08-31 00:52:38,269.54,2.52,3826.73,-48.2,corridor,12.36,cloudy,17.844,6.298,0.00,6.74,world
711.15,2026-08-31 00:52:39,267.65,2.43,3828.41,-48.2,corridor,12.38,cloudy,17.844,6.298,0.00,8.73,world
711.65,2026-08-31 00:52:39,265.78,2.42,3830.08,-48.2,corridor,12.40,cloudy,20.328,6.884,0.00,10.92,world
712.15,2026-08-31 00:52:40,263.98,2.59,3831.69,-48.2,corridor,12.42,cloudy,20.328,6.884,0.00,13.15,world
712.65,2026-08-31 00:52:40,262.20,2.81,3833.28,-48.2,corridor,12.44,cloudy,18.157,7.059,0.00,15.40,world
713.15,2026-08-31 00:52:41,260.35,2.87,3834.93,-48.2,corridor,12.46,cloudy,18.157,7.059,0.00,17.77,world
713.65,2026-08-31 00:52:41,258.44,2.63,3836.63,-48.2,corridor,12.48,cloudy,17.167,5.839,0.00,20.25,world
714.15,2026-08-31 00:52:42,256.52,2.18,3838.35,-48.2,corridor,12.50,cloudy,17.167,5.839,0.00,20.74,world
714.65,2026-08-31 00:52:42,254.59,1.67,3840.07,-48.2,corridor,12.52,cloudy,16.536,5.878,0.00,19.18,world
715.15,2026-08-31 00:52:43,252.66,1.14,3841.79,-48.2,corridor,12.54,cloudy,16.536,5.878,0.00,18.34,world
715.65,2026-08-31 00:52:43,250.72,0.73,3843.50,-48.2,corridor,12.56,cloudy,17.075,5.526,0.00,18.00,world
716.15,2026-08-31 00:52:44,248.80,0.45,3845.21,-48.2,corridor,12.58,cloudy,17.075,5.526,0.00,18.03,world
716.65,2026-08-31 00:52:44,246.90,0.24,3846.91,-48.2,corridor,12.60,cloudy,15.986,6.809,0.00,18.47,world
717.15,2026-08-31 00:52:45,244.98,-0.03,3848.62,-48.2,corridor,12.62,cloudy,15.986,6.809,0.00,19.29,world
717.65,2026-08-31 00:52:45,243.06,-0.25,3850.32,-48.2,corridor,12.64,cloudy,18.489,7.577,0.00,20.08,world
718.15,2026-08-31 00:52:46,241.18,-0.32,3852.00,-48.2,corridor,12.66,cloudy,18.489,7.577,0.00,20.87,world
718.65,2026-08-31 00:52:46,239.29,-0.42,3853.69,-48.2,corridor,12.68,cloudy,15.790,6.099,0.00,21.93,world
719.15,2026-08-31 00:52:47,237.37,-0.70,3855.40,-48.2,corridor,12.70,cloudy,15.790,6.099,0.00,22.55,world
719.65,2026-08-31 00:52:47,235.45,-1.04,3857.11,-48.2,corridor,12.72,cloudy,15.824,6.365,0.00,21.07,world
720.15,2026-08-31 00:52:48,233.53,-1.28,3858.82,-48.2,corridor,12.74,cloudy,15.824,6.365,0.00,19.05,world
720.65,2026-08-31 00:52:48,231.61,-1.56,3860.54,-48.2,corridor,12.76,cloudy,19.449,5.646,0.00,17.32,world
721.15,2026-08-31 00:52:49,229.68,-2.02,3862.25,-48.2,corridor,12.78,cloudy,19.449,5.646,0.00,15.97,world
721.65,2026-08-31 00:52:49,227.74,-2.57,3863.98,-48.2,corridor,12.80,cloudy,32.610,5.761,0.00,15.10,world
722.15,2026-08-31 00:52:50,225.80,-3.12,3865.70,-48.2,corridor,12.82,cloudy,32.610,5.761,0.00,14.82,world
722.65,2026-08-31 00:52:50,223.87,-3.65,3867.42,-48.2,corridor,12.84,cloudy,17.411,6.048,0.00,15.14,world
723.15,2026-08-31 00:52:51,221.94,-4.03,3869.14,-48.2,corridor,12.86,cloudy,17.411,6.048,0.00,16.03,world
723.65,2026-08-31 00:52:51,220.06,-4.10,3870.81,-48.2,corridor,12.88,cloudy,16.408,5.882,0.00,17.36,world
724.15,2026-08-31 00:52:52,218.26,-3.91,3872.42,-48.2,corridor,12.90,cloudy,16.408,5.882,0.00,18.97,world
724.65,2026-08-31 00:52:52,216.50,-3.66,3873.99,-48.2,corridor,12.92,cloudy,15.931,5.549,0.00,20.90,world
725.15,2026-08-31 00:52:53,214.77,-3.34,3875.54,-48.2,corridor,12.94,cloudy,15.931,5.549,0.00,22.90,world
725.65,2026-08-31 00:52:53,213.07,-2.95,3877.05,-48.2,corridor,12.96,cloudy,15.522,5.364,0.00,24.92,world
726.15,2026-08-31 00:52:54,211.39,-2.52,3878.54,-48.2,corridor,12.98,cloudy,15.522,5.364,0.00,26.95,world
726.65,2026-08-31 00:52:54,209.67,-2.18,3880.08,-48.2,corridor,13.00,cloudy,16.099,5.729,0.00,29.07,world
727.15,2026-08-31 00:52:55,207.85,-2.04,3881.70,-48.2,corridor,13.02,cloudy,16.099,5.729,1.49,31.34,world
727.65,2026-08-31 00:52:55,205.95,-2.20,3883.39,-48.2,corridor,13.04,cloudy,19.326,32.850,4.03,33.74,world
728.15,2026-08-31 00:52:56,204.03,-2.46,3885.10,-48.2,corridor,13.06,cloudy,19.326,32.850,6.60,36.18,world
728.65,2026-08-31 00:52:56,202.10,-2.71,3886.81,-48.2,corridor,13.08,cloudy,15.977,5.009,9.17,38.64,world
729.15,2026-08-31 00:52:57,200.18,-2.95,3888.52,-48.2,corridor,13.10,cloudy,15.977,5.009,11.75,41.11,world
729.65,2026-08-31 00:52:57,198.25,-3.24,3890.23,-48.2,corridor,13.12,cloudy,16.336,5.206,14.33,43.60,world
730.15,2026-08-31 00:52:58,196.32,-3.53,3891.94,-48.2,corridor,13.14,cloudy,16.336,5.206,16.91,46.11,world
730.65,2026-08-31 00:52:58,194.39,-3.82,3893.66,-48.2,corridor,13.16,cloudy,15.973,5.032,19.50,48.11,world
731.15,2026-08-31 00:52:59,192.45,-4.15,3895.38,-48.2,corridor,13.18,cloudy,15.973,5.032,22.08,45.85,world
731.65,2026-08-31 00:52:59,190.52,-4.43,3897.09,-48.2,corridor,13.20,cloudy,16.223,5.239,24.66,43.63,world
732.15,2026-08-31 00:53:00,188.61,-4.62,3898.79,-48.2,corridor,13.22,cloudy,16.223,5.239,27.22,41.47,world
732.65,2026-08-31 00:53:00,186.70,-4.81,3900.49,-48.2,corridor,13.24,cloudy,17.223,5.626,29.78,39.36,world
733.15,2026-08-31 00:53:01,184.81,-4.95,3902.19,-48.2,corridor,13.26,cloudy,17.223,5.626,32.32,37.32,world
733.65,2026-08-31 00:53:01,182.96,-4.90,3903.84,-48.2,corridor,13.28,cloudy,17.680,5.236,34.80,35.38,world
734.15,2026-08-31 00:53:02,181.14,-4.76,3905.46,-48.2,corridor,13.30,cloudy,17.680,5.236,37.23,33.55,world
734.65,2026-08-31 00:53:02,179.28,-4.78,3907.13,-48.2,corridor,13.32,cloudy,17.547,7.280,39.74,31.76,world
735.15,2026-08-31 00:53:03,177.37,-4.99,3908.83,-48.2,corridor,13.34,cloudy,17.547,7.280,42.30,30.03,world
735.65,2026-08-31 00:53:03,175.46,-5.19,3910.54,-48.2,corridor,13.36,cloudy,17.294,5.003,0.00,28.42,world
736.15,2026-08-31 00:53:04,173.55,-5.38,3912.24,-48.2,corridor,13.38,cloudy,17.294,5.003,0.00,26.97,world
736.65,2026-08-31 00:53:04,171.62,-5.72,3913.96,-48.2,corridor,13.40,cloudy,19.881,5.516,0.00,25.67,world
737.15,2026-08-31 00:53:05,169.69,-6.21,3915.68,-48.2,corridor,13.42,cloudy,19.881,5.516,0.00,24.58,world
737.65,2026-08-31 00:53:05,167.75,-6.69,3917.40,-48.2,corridor,13.44,cloudy,17.619,5.805,0.00,23.72,world
738.15,2026-08-31 00:53:06,165.83,-6.96,3919.12,-48.2,corridor,13.46,cloudy,17.619,5.805,0.00,23.13,world
738.65,2026-08-31 00:53:06,163.97,-6.96,3920.78,-48.2,corridor,13.48,cloudy,16.099,5.081,0.00,23.09,world
739.15,2026-08-31 00:53:07,162.14,-6.86,3922.42,-48.2,corridor,13.50,cloudy,16.099,5.081,0.00,23.58,world
739.65,2026-08-31 00:53:07,160.28,-6.83,3924.07,-48.2,corridor,13.52,cloudy,16.580,5.935,0.00,24.34,world
740.15,2026-08-31 00:53:08,158.43,-6.81,3925.73,-48.2,corridor,13.54,cloudy,16.580,5.935,0.00,25.34,world
740.65,2026-08-31 00:53:08,156.60,-6.71,3927.37,-48.2,corridor,13.56,cloudy,16.966,6.690,0.00,26.53,world
741.15,2026-08-31 00:53:09,154.79,-6.57,3928.99,-48.2,corridor,13.58,cloudy,16.966,6.690,0.00,27.40,world
741.65,2026-08-31 00:53:09,152.95,-6.50,3930.63,-48.2,corridor,13.60,cloudy,16.194,6.497,0.00,28.46,world
742.15,2026-08-31 00:53:10,151.11,-6.42,3932.27,-48.2,corridor,13.62,cloudy,16.194,6.497,0.00,29.69,world
742.65,2026-08-31 00:53:10,149.30,-6.26,3933.89,-48.2,corridor,13.64,cloudy,18.096,6.196,0.00,27.59,world
743.15,2026-08-31 00:53:11,147.49,-6.09,3935.50,-48.2,corridor,13.66,cloudy,18.096,6.196,0.00,24.46,world
743.65,2026-08-31 00:53:11,145.68,-5.95,3937.12,-48.2,corridor,13.68,cloudy,18.839,5.915,0.00,21.33,world
744.15,2026-08-31 00:53:12,143.88,-5.77,3938.73,-48.2,corridor,13.70,cloudy,18.839,5.915,0.00,18.22,world
744.65,2026-08-31 00:53:12,142.11,-5.53,3940.31,-48.2,corridor,13.72,cloudy,17.065,5.752,0.00,15.13,world
745.15,2026-08-31 00:53:13,140.32,-5.31,3941.91,-48.2,corridor,13.74,cloudy,17.065,5.752,0.00,12.04,world
745.65,2026-08-31 00:53:13,138.49,-5.19,3943.54,-48.2,corridor,13.76,cloudy,17.797,6.455,0.00,9.11,world
746.15,2026-08-31 00:53:14,136.63,-5.16,3945.20,-48.2,corridor,13.78,cloudy,17.797,6.455,0.00,6.65,world
746.65,2026-08-31 00:53:14,134.76,-5.14,3946.86,-48.2,corridor,13.80,cloudy,20.646,7.675,0.00,4.24,world
747.15,2026-08-31 00:53:15,132.94,-5.02,3948.49,-48.2,corridor,13.82,cloudy,20.646,7.675,0.00,2.09,world
747.65,2026-08-31 00:53:15,131.17,-4.78,3950.07,-48.2,corridor,13.84,cloudy,17.976,6.725,0.00,1.61,world
748.15,2026-08-31 00:53:16,129.40,-4.53,3951.65,-48.2,corridor,13.86,cloudy,17.976,6.725,0.00,3.47,world
748.65,2026-08-31 00:53:16,127.55,-4.49,3953.30,-48.2,corridor,13.88,cloudy,19.862,6.246,0.00,4.82,world
749.15,2026-08-31 00:53:17,125.65,-4.60,3954.99,-48.2,corridor,13.90,cloudy,19.862,6.246,0.00,2.33,world
749.65,2026-08-31 00:53:17,123.79,-4.55,3956.89,-48.3,corridor,13.92,cloudy,20.264,6.061,0.00,0.98,world
750.15,2026-08-31 00:53:18,122.02,-4.29,3958.47,-48.3,corridor,13.94,cloudy,20.264,6.061,0.00,2.93,world
750.65,2026-08-31 00:53:18,120.30,-3.94,3960.00,-48.3,corridor,13.96,cloudy,17.077,5.797,0.00,5.17,world
751.15,2026-08-31 00:53:19,118.57,-3.63,3961.54,-48.3,corridor,13.98,cloudy,17.077,5.797,0.00,7.47,world
751.65,2026-08-31 00:53:19,116.80,-3.38,3963.12,-48.3,corridor,14.00,cloudy,19.419,6.069,0.00,7.48,world
752.15,2026-08-31 00:53:20,115.02,-3.17,3964.72,-48.3,corridor,14.02,cloudy,19.419,6.069,0.00,6.89,world
752.65,2026-08-31 00:53:20,113.24,-2.93,3966.30,-48.3,corridor,14.04,cloudy,17.198,5.615,0.00,7.08,world
753.15,2026-08-31 00:53:21,111.46,-2.72,3967.89,-48.3,corridor,14.06,cloudy,17.198,5.615,0.00,8.03,world
753.65,2026-08-31 00:53:21,109.65,-2.57,3969.51,-48.3,corridor,14.08,cloudy,17.607,5.706,0.00,9.52,world
754.15,2026-08-31 00:53:22,107.80,-2.50,3971.15,-48.3,corridor,14.10,cloudy,17.607,5.706,0.00,11.37,world
754.65,2026-08-31 00:53:22,105.98,-2.37,3972.78,-48.3,corridor,14.12,cloudy,17.127,6.053,0.00,13.40,world
755.15,2026-08-31 00:53:23,104.20,-2.15,3974.36,-48.3,corridor,14.14,cloudy,17.127,6.053,0.00,15.49,world
755.65,2026-08-31 00:53:23,102.40,-1.96,3975.97,-48.3,corridor,14.16,cloudy,15.550,6.714,0.00,17.69,world
756.15,2026-08-31 00:53:24,100.56,-1.88,3977.61,-48.3,corridor,14.18,cloudy,15.550,6.714,0.00,19.98,world
756.65,2026-08-31 00:53:24,98.72,-1.79,3979.25,-48.3,corridor,14.20,cloudy,17.104,4.958,0.00,22.31,world
757.15,2026-08-31 00:53:25,96.88,-1.73,3980.90,-48.3,corridor,14.22,cloudy,17.104,4.958,0.00,24.68,world
757.65,2026-08-31 00:53:25,95.01,-1.73,3982.56,-48.3,corridor,14.24,cloudy,16.557,4.997,0.00,27.09,world
758.15,2026-08-31 00:53:26,93.15,-1.73,3984.23,-48.3,corridor,14.26,cloudy,16.557,4.997,0.00,29.51,world
758.65,2026-08-31 00:53:26,91.32,-1.62,3985.86,-48.3,corridor,14.28,cloudy,16.966,4.998,0.00,29.68,world
759.15,2026-08-31 00:53:27,89.54,-1.39,3987.44,-48.3,corridor,14.30,cloudy,16.966,4.998,0.00,28.49,world
759.65,2026-08-31 00:53:27,87.77,-1.15,3989.02,-48.3,corridor,14.32,cloudy,16.012,5.350,0.00,26.78,world
760.15,2026-08-31 00:53:28,85.96,-1.00,3990.64,-48.3,corridor,14.34,cloudy,16.012,5.350,0.00,24.93,world
760.65,2026-08-31 00:53:28,84.13,-0.89,3992.28,-48.3,corridor,14.36,cloudy,15.889,5.705,0.00,23.16,world
761.15,2026-08-31 00:53:29,82.28,-0.82,3993.92,-48.3,corridor,14.38,cloudy,15.889,5.705,0.00,21.52,world
761.65,2026-08-31 00:53:29,80.41,-0.82,3995.58,-48.3,corridor,14.40,cloudy,17.017,5.820,0.00,20.20,world
762.15,2026-08-31 00:53:30,78.53,-0.84,3997.25,-48.3,corridor,14.42,cloudy,17.017,5.820,0.00,19.30,world
762.65,2026-08-31 00:53:30,76.66,-0.82,3998.91,-48.3,corridor,14.44,cloudy,17.726,6.483,0.00,18.85,world
763.15,2026-08-31 00:53:31,74.82,-0.72,4000.55,-48.2,corridor,14.46,cloudy,17.726,6.483,0.00,18.89,world
763.65,2026-08-31 00:53:31,72.99,-0.58,4002.18,-48.2,corridor,14.48,cloudy,17.634,6.721,0.00,19.38,world
764.15,2026-08-31 00:53:32,71.17,-0.42,4003.80,-48.2,corridor,14.50,cloudy,17.634,6.721,0.00,20.03,world
764.65,2026-08-31 00:53:32,69.37,-0.19,4005.40,-48.2,corridor,14.52,cloudy,18.419,6.374,0.00,20.63,world
765.15,2026-08-31 00:53:33,67.61,0.10,4006.96,-48.2,corridor,14.54,cloudy,18.419,6.374,0.00,21.47,world
765.65,2026-08-31 00:53:33,65.88,0.43,4008.51,-48.2,corridor,14.56,cloudy,17.109,7.153,0.00,22.51,world
766.15,2026-08-31 00:53:34,64.15,0.78,4010.05,-48.2,corridor,14.58,cloudy,17.109,7.153,0.00,23.55,world
766.65,2026-08-31 00:53:34,62.39,1.06,4011.62,-48.2,corridor,14.60,cloudy,17.231,6.431,0.00,24.89,world
767.15,2026-08-31 00:53:35,60.57,1.22,4013.23,-48.2,corridor,14.62,cloudy,17.231,6.431,0.00,26.53,world
767.65,2026-08-31 00:53:35,58.68,1.17,4014.91,-48.2,corridor,14.64,cloudy,17.485,7.136,0.00,27.66,world
768.15,2026-08-31 00:53:36,56.75,0.95,4016.62,-48.2,corridor,14.66,cloudy,17.485,7.136,0.00,28.58,world
768.65,2026-08-31 00:53:36,54.83,0.74,4018.33,-48.2,corridor,14.68,cloudy,17.102,6.193,0.00,29.70,world
769.15,2026-08-31 00:53:37,52.90,0.46,4020.04,-48.2,corridor,14.70,cloudy,17.102,6.193,1.98,31.00,world
769.65,2026-08-31 00:53:37,50.95,-0.02,4021.77,-48.2,corridor,14.72,cloudy,18.773,6.313,4.58,32.46,world
770.15,2026-08-31 00:53:38,49.01,-0.56,4023.49,-48.2,corridor,14.74,cloudy,18.773,6.313,7.18,34.05,world
770.65,2026-08-31 00:53:38,47.08,-0.86,4025.21,-48.2,corridor,14.76,cloudy,17.184,5.450,9.76,35.76,world
771.15,2026-08-31 00:53:39,45.20,-0.85,4026.87,-48.2,corridor,14.78,cloudy,17.184,5.450,12.27,37.51,world
771.65,2026-08-31 00:53:39,43.35,-0.77,4028.52,-48.2,corridor,14.80,cloudy,17.820,6.100,14.74,39.32,world
772.15,2026-08-31 00:53:40,41.51,-0.65,4030.16,-48.2,corridor,14.82,cloudy,17.820,6.100,17.21,41.19,world
772.65,2026-08-31 00:53:40,39.95,-0.44,4031.54,-48.2,corridor,14.84,cloudy,18.868,6.411,19.29,42.82,world
773.15,2026-08-31 00:53:41,38.18,-0.17,4033.12,-48.2,corridor,14.86,cloudy,18.868,6.411,21.66,44.72,world
773.65,2026-08-31 00:53:41,36.38,0.02,4034.72,-48.2,corridor,14.88,cloudy,18.102,5.131,24.08,46.70,world
774.15,2026-08-31 00:53:42,34.52,0.07,4036.38,-48.2,corridor,14.90,cloudy,18.102,5.131,26.57,48.78,world
774.65,2026-08-31 00:53:42,32.63,0.04,4038.05,-48.2,corridor,14.92,cloudy,18.221,5.101,29.09,50.92,world
775.15,2026-08-31 00:53:43,30.74,-0.03,4039.74,-48.2,corridor,14.94,cloudy,18.221,5.101,31.62,53.11,world
775.65,2026-08-31 00:53:43,28.84,-0.12,4041.42,-48.2,corridor,14.96,cloudy,16.411,5.105,34.16,55.33,world
776.15,2026-08-31 00:53:44,26.93,-0.26,4043.12,-48.2,corridor,14.98,cloudy,16.411,5.105,36.72,57.60,world
776.65,2026-08-31 00:53:44,25.01,-0.48,4044.83,-48.2,corridor,15.00,cloudy,16.800,5.069,39.29,59.90,world
777.15,2026-08-31 00:53:45,23.08,-0.81,4046.54,-48.2,corridor,15.02,cloudy,16.800,5.069,41.87,62.23,world
777.65,2026-08-31 00:53:45,21.15,-1.12,4048.26,-48.2,corridor,15.04,cloudy,17.779,5.444,44.45,63.01,world
778.15,2026-08-31 00:53:46,19.25,-1.27,4049.95,-48.2,corridor,15.06,cloudy,17.779,5.444,47.00,60.62,world
778.65,2026-08-31 00:53:46,17.41,-1.22,4051.61,-48.2,corridor,15.08,cloudy,17.952,5.362,49.47,58.30,world
779.15,2026-08-31 00:53:47,15.61,-1.06,4053.22,-48.2,corridor,15.10,cloudy,17.952,5.362,51.90,56.05,world
779.65,2026-08-31 00:53:47,13.79,-0.92,4054.85,-48.2,corridor,15.12,cloudy,17.205,4.970,54.33,53.80,world
780.15,2026-08-31 00:53:48,11.96,-0.84,4056.49,-48.2,corridor,15.14,cloudy,17.205,4.970,56.79,51.55,world
780.65,2026-08-31 00:53:48,10.12,-0.77,4058.14,-48.2,corridor,15.16,cloudy,16.688,5.108,59.26,49.31,world
781.15,2026-08-31 00:53:49,8.28,-0.69,4059.79,-48.2,corridor,15.18,cloudy,16.688,5.108,61.73,47.09,world
781.65,2026-08-31 00:53:49,6.46,-0.58,4061.42,-48.2,corridor,15.20,cloudy,17.669,5.118,64.18,44.91,world
782.15,2026-08-31 00:53:50,4.64,-0.45,4063.05,-48.2,corridor,15.22,cloudy,17.669,5.118,66.62,42.77,world
782.65,2026-08-31 00:53:50,2.80,-0.38,4064.70,-48.2,corridor,15.24,cloudy,18.535,5.967,69.09,40.64,world
783.15,2026-08-31 00:53:51,1.29,-0.42,4066.04,-48.2,corridor,15.26,cloudy,18.535,5.967,71.11,38.93,world
783.65,2026-08-31 00:53:51,2.07,-0.50,4067.46,-10.0,corridor,15.28,cloudy,17.557,4.852,72.74,39.51,world
784.15,2026-08-31 00:53:52,0.30,-0.59,4069.15,-48.7,corridor,15.30,cloudy,17.557,4.852,75.21,37.58,world
784.65,2026-08-31 00:53:52,-1.62,-0.75,4070.83,-48.7,corridor,15.32,cloudy,17.775,5.235,77.76,35.56,world
785.15,2026-08-31 00:53:53,-3.53,-0.89,4072.51,-48.7,corridor,15.34,cloudy,17.775,5.235,80.31,33.63,world
785.65,2026-08-31 00:53:53,-5.43,-0.99,4074.18,-48.7,corridor,15.36,cloudy,19.152,5.903,82.84,31.79,world
786.15,2026-08-31 00:53:54,-5.78,-1.02,4074.48,-48.7,corridor,15.38,cloudy,19.152,5.903,83.30,31.47,world
786.65,2026-08-31 00:53:54,-7.21,-1.03,4072.87,-138.7,corridor,15.40,cloudy,19.100,5.743,0.00,29.96,world
787.15,2026-08-31 00:53:55,-7.98,-1.09,4073.16,-50.3,corridor,15.42,cloudy,19.100,5.743,0.00,29.19,world
787.65,2026-08-31 00:53:55,-9.91,-1.34,4074.54,-47.9,corridor,15.44,cloudy,18.129,5.505,0.00,27.47,world
788.15,2026-08-31 00:53:56,-11.82,-1.63,4076.27,-47.9,corridor,15.46,cloudy,18.129,5.505,0.00,25.83,world
788.65,2026-08-31 00:53:56,-13.72,-1.80,4077.98,-47.9,corridor,15.48,cloudy,17.890,6.234,0.00,24.28,world
789.15,2026-08-31 00:53:57,-15.57,-1.80,4079.66,-47.9,corridor,15.50,cloudy,17.890,6.234,0.00,22.83,world
789.65,2026-08-31 00:53:57,-17.39,-1.71,4081.30,-47.9,corridor,15.52,cloudy,16.890,5.773,0.00,21.49,world
790.15,2026-08-31 00:53:58,-19.19,-1.54,4082.93,-47.9,corridor,15.54,cloudy,16.890,5.773,0.00,20.35,world
790.65,2026-08-31 00:53:58,-20.96,-1.34,4084.54,-47.9,corridor,15.56,cloudy,17.876,5.937,0.00,19.44,world
791.15,2026-08-31 00:53:59,-22.72,-1.09,4086.13,-47.9,corridor,15.58,cloudy,17.876,5.937,0.00,18.81,world
791.65,2026-08-31 00:53:59,-23.10,-1.02,4086.46,-47.9,corridor,15.60,cloudy,18.327,5.422,0.00,18.70,world
792.15,2026-08-31 00:54:00,-24.42,-0.81,4085.01,-137.9,corridor,15.62,cloudy,18.327,5.422,0.00,16.78,world
792.65,2026-08-31 00:54:00,-25.98,-0.51,4083.27,-137.9,corridor,15.64,cloudy,16.943,5.421,0.00,14.50,world
793.15,2026-08-31 00:54:01,-27.51,-0.14,4081.57,-137.9,corridor,15.66,cloudy,16.943,5.421,0.00,12.13,world
793.65,2026-08-31 00:54:01,-28.83,0.16,4081.57,-45.4,corridor,15.68,cloudy,22.579,6.813,0.00,10.97,world
794.15,2026-08-31 00:54:02,-27.75,-0.13,4082.71,44.3,corridor,15.70,cloudy,22.579,6.813,0.00,12.50,world
794.65,2026-08-31 00:54:02,-25.93,-0.53,4084.55,44.3,corridor,15.72,cloudy,17.139,7.275,0.00,15.10,world
795.15,2026-08-31 00:54:03,-26.29,-0.46,4086.25,-47.1,corridor,15.74,cloudy,17.139,7.275,0.00,16.33,world
795.65,2026-08-31 00:54:03,-28.03,-0.22,4087.87,-47.1,corridor,15.76,cloudy,18.913,6.520,0.00,17.17,world
796.15,2026-08-31 00:54:04,-29.81,-0.09,4089.53,-47.1,corridor,15.78,cloudy,18.913,6.520,0.00,18.51,world
796.65,2026-08-31 00:54:04,-31.55,0.14,4091.16,-47.1,corridor,15.80,cloudy,18.161,7.511,0.00,20.24,world
797.15,2026-08-31 00:54:05,-33.21,0.53,4092.71,-47.1,corridor,15.82,cloudy,18.161,7.511,0.00,22.19,world
797.65,2026-08-31 00:54:05,-34.84,0.96,4094.23,-47.1,corridor,15.84,cloudy,19.484,7.035,0.00,22.62,world
798.15,2026-08-31 00:54:06,-36.49,1.35,4095.77,-47.1,corridor,15.86,cloudy,19.484,7.035,0.00,22.86,world
798.65,2026-08-31 00:54:06,-38.18,1.68,4097.34,-47.1,corridor,15.88,cloudy,18.269,6.605,0.00,23.57,world
799.15,2026-08-31 00:54:07,-39.87,2.01,4098.92,-47.1,corridor,15.90,cloudy,18.269,6.605,0.00,22.98,world
799.65,2026-08-31 00:54:07,-41.57,2.32,4100.50,-47.1,corridor,15.92,cloudy,17.682,6.875,0.00,20.73,world
800.15,2026-08-31 00:54:08,-43.31,2.57,4102.11,-47.1,corridor,15.94,cloudy,17.682,6.875,0.00,18.46,world
800.65,2026-08-31 00:54:08,-45.07,2.78,4103.74,-47.1,corridor,15.96,cloudy,18.941,5.991,0.00,16.20,world
801.15,2026-08-31 00:54:09,-46.85,2.93,4105.39,-47.1,corridor,15.98,cloudy,18.941,5.991,0.00,13.94,world
801.65,2026-08-31 00:54:09,-48.64,3.04,4106.94,-47.1,corridor,16.00,cloudy,17.414,6.402,0.00,11.77,world
802.15,2026-08-31 00:54:10,-50.67,3.12,4108.40,-47.0,corridor,16.02,cloudy,17.414,6.402,0.00,9.46,world
802.65,2026-08-31 00:54:10,-52.49,3.16,4110.09,-47.0,corridor,16.04,cloudy,18.556,6.987,0.00,7.51,world
803.15,2026-08-31 00:54:11,-54.34,3.05,4111.82,-47.0,corridor,16.06,cloudy,18.556,6.987,0.00,5.94,world
803.65,2026-08-31 00:54:11,-56.22,2.84,4113.57,-47.0,corridor,16.08,cloudy,18.424,7.165,0.00,5.20,world
804.15,2026-08-31 00:54:12,-58.10,2.56,4115.32,-47.0,corridor,16.10,cloudy,18.424,7.165,0.00,5.65,world
804.65,2026-08-31 00:54:12,-59.99,2.25,4117.08,-47.0,corridor,16.12,cloudy,17.700,5.638,0.00,7.08,world
805.15,2026-08-31 00:54:13,-61.88,1.97,4118.84,-47.0,corridor,16.14,cloudy,17.700,5.638,0.00,9.04,world
805.65,2026-08-31 00:54:13,-63.76,1.72,4120.59,-47.0,corridor,16.16,cloudy,18.960,6.574,0.00,11.24,world
806.15,2026-08-31 00:54:14,-65.63,1.53,4122.33,-47.0,corridor,16.18,cloudy,18.960,6.574,0.00,13.00,world
806.65,2026-08-31 00:54:14,-67.46,1.52,4124.04,-47.0,corridor,16.20,cloudy,17.936,6.578,0.00,11.62,world
807.15,2026-08-31 00:54:15,-69.25,1.64,4125.71,-47.0,corridor,16.22,cloudy,17.936,6.578,0.00,10.95,world
807.65,2026-08-31 00:54:15,-71.04,1.72,4127.39,-47.0,corridor,16.24,cloudy,17.921,7.233,0.00,10.78,world
808.15,2026-08-31 00:54:16,-72.89,1.63,4129.11,-47.0,corridor,16.26,cloudy,17.921,7.233,0.00,8.51,world
808.65,2026-08-31 00:54:16,-74.74,1.50,4130.85,-47.0,corridor,16.28,cloudy,17.664,6.948,0.00,4.47,world
809.15,2026-08-31 00:54:17,-76.59,1.41,4132.58,-47.0,corridor,16.30,cloudy,17.664,6.948,0.00,1.43,world
809.65,2026-08-31 00:54:17,-78.43,1.32,4133.82,-46.8,corridor,16.32,cloudy,19.061,7.044,0.00,1.40,world
810.15,2026-08-31 00:54:18,-80.31,0.89,4135.59,-46.8,corridor,16.34,cloudy,19.061,7.044,0.00,3.46,world
810.65,2026-08-31 00:54:18,-82.19,0.36,4137.37,-46.8,corridor,16.36,cloudy,20.048,6.577,0.00,4.22,world
811.15,2026-08-31 00:54:19,-84.08,-0.14,4139.14,-46.8,corridor,16.38,cloudy,20.048,6.577,0.00,2.17,world
811.65,2026-08-31 00:54:19,-85.95,-0.64,4140.92,-46.8,corridor,16.40,cloudy,19.554,7.316,0.00,2.68,world
812.15,2026-08-31 00:54:20,-87.84,-1.17,4142.69,-46.8,corridor,16.42,cloudy,19.554,7.316,0.00,3.65,world
812.65,2026-08-31 00:54:20,-89.73,-1.63,4144.46,-46.8,corridor,16.44,cloudy,18.911,7.493,0.00,4.30,world
813.15,2026-08-31 00:54:21,-91.61,-2.03,4145.99,-46.7,corridor,16.46,cloudy,18.911,7.493,0.00,4.89,world
813.65,2026-08-31 00:54:21,-93.31,-2.56,4147.59,-46.6,corridor,16.48,cloudy,19.748,6.756,0.00,5.39,world
814.15,2026-08-31 00:54:22,-95.18,-3.30,4149.35,-46.6,corridor,16.50,cloudy,19.748,6.756,0.00,6.70,world
814.65,2026-08-31 00:54:22,-96.34,-3.59,4149.63,-46.2,corridor,16.52,cloudy,23.231,7.157,0.00,7.81,world
815.15,2026-08-31 00:54:23,-98.21,-4.22,4151.35,-46.2,corridor,16.54,cloudy,23.231,7.157,0.00,10.34,world
815.65,2026-08-31 00:54:23,-100.09,-4.70,4153.15,-46.2,corridor,16.56,cloudy,17.827,6.603,0.00,12.88,world
816.15,2026-08-31 00:54:24,-101.96,-5.16,4154.94,-46.2,corridor,16.58,cloudy,17.827,6.603,0.00,13.83,world
816.65,2026-08-31 00:54:24,-103.85,-5.64,4156.67,-46.1,corridor,16.60,cloudy,19.629,6.441,0.00,16.32,world
817.15,2026-08-31 00:54:25,-105.72,-6.02,4158.46,-46.1,corridor,16.62,cloudy,19.629,6.441,0.00,19.43,world
817.65,2026-08-31 00:54:25,-107.56,-6.18,4160.23,-46.1,corridor,16.64,cloudy,20.399,6.486,0.00,22.50,world
818.15,2026-08-31 00:54:26,-109.32,-6.04,4161.92,-46.1,corridor,16.66,cloudy,20.399,6.486,0.00,25.48,world
818.65,2026-08-31 00:54:26,-111.03,-5.80,4163.56,-46.1,corridor,16.68,cloudy,19.186,7.061,0.00,28.40,world
819.15,2026-08-31 00:54:27,-112.75,-5.58,4165.22,-46.1,the_long_water,16.70,cloudy,19.186,7.061,0.00,28.95,world
819.65,2026-08-31 00:54:27,-114.46,-5.33,4166.86,-46.1,the_long_water,16.72,cloudy,17.517,388.083,0.00,26.81,world
820.15,2026-08-31 00:54:28,-116.09,-4.95,4168.44,-46.1,the_long_water,16.74,cloudy,22.207,6.474,0.00,24.80,world
820.65,2026-08-31 00:54:28,-117.68,-4.50,4169.99,-46.1,the_long_water,16.76,cloudy,22.207,6.474,0.00,22.88,world
821.15,2026-08-31 00:54:29,-119.32,-4.13,4171.58,-46.1,the_long_water,16.78,cloudy,21.687,7.457,0.00,20.96,world
821.65,2026-08-31 00:54:29,-120.99,-3.82,4173.19,-46.1,the_long_water,16.80,cloudy,21.687,7.457,0.00,19.09,world
822.15,2026-08-31 00:54:30,-122.64,-3.46,4174.78,-46.1,the_long_water,16.82,cloudy,19.040,5.813,0.00,17.36,world
822.65,2026-08-31 00:54:30,-124.31,-3.13,4176.39,-46.1,the_long_water,16.84,cloudy,19.040,5.813,0.00,15.76,world
823.15,2026-08-31 00:54:31,-126.25,-2.94,4177.64,-45.5,the_long_water,16.86,cloudy,18.886,6.030,0.00,14.00,world
823.65,2026-08-31 00:54:31,-127.04,-2.92,4178.11,-45.1,the_long_water,16.88,cloudy,18.886,6.030,0.00,13.33,world
824.15,2026-08-31 00:54:32,-127.81,-2.90,4177.57,-135.1,the_long_water,16.90,cloudy,20.617,6.042,0.00,12.46,world
824.65,2026-08-31 00:54:32,-128.95,-2.93,4178.78,-43.6,the_long_water,16.92,cloudy,20.617,6.042,0.00,11.68,world
825.15,2026-08-31 00:54:33,-130.68,-2.96,4180.60,-43.6,the_long_water,16.94,cloudy,19.882,4.891,0.00,10.87,world
825.65,2026-08-31 00:54:33,-132.43,-3.09,4182.44,-43.6,the_long_water,16.96,cloudy,19.882,4.891,0.00,10.61,world
826.15,2026-08-31 00:54:34,-134.22,-3.51,4184.31,-43.6,the_long_water,16.98,cloudy,20.957,5.727,0.00,10.96,world
826.65,2026-08-31 00:54:34,-136.00,-4.19,4186.17,-43.6,the_long_water,17.00,cloudy,20.957,5.727,0.00,11.87,world
827.15,2026-08-31 00:54:35,-137.21,-4.51,4186.92,-42.7,the_long_water,17.02,cloudy,19.631,4.854,0.00,12.24,world
827.65,2026-08-31 00:54:35,-138.23,-4.73,4187.45,-41.5,the_long_water,17.04,cloudy,19.631,4.854,0.00,12.58,world
828.15,2026-08-31 00:54:36,-139.88,-4.69,4189.32,-41.6,the_long_water,17.06,cloudy,19.948,5.209,0.00,14.32,world
828.65,2026-08-31 00:54:36,-141.38,-4.22,4191.04,-41.6,the_long_water,17.08,cloudy,19.948,5.209,0.00,16.10,world
829.15,2026-08-31 00:54:37,-142.90,-3.76,4192.78,-41.7,the_long_water,17.10,cloudy,17.843,5.072,0.00,18.01,world
829.65,2026-08-31 00:54:37,-144.51,-3.53,4194.62,-41.8,the_long_water,17.12,cloudy,17.843,5.072,0.00,20.13,world
830.15,2026-08-31 00:54:38,-146.04,-3.64,4196.36,-41.9,the_long_water,17.14,cloudy,21.672,5.787,0.00,22.19,world
830.65,2026-08-31 00:54:38,-144.90,-1.58,4190.01,-28.6,the_long_water,17.16,cloudy,21.672,5.787,0.00,15.79,world
831.15,2026-08-31 00:54:39,-145.01,-2.42,4191.54,61.3,the_long_water,17.18,cloudy,18.302,4.923,0.00,17.28,world
831.65,2026-08-31 00:54:39,-145.45,-2.58,4193.41,-34.3,the_long_water,17.20,cloudy,18.302,4.923,0.00,19.20,world
832.15,2026-08-31 00:54:40,-146.84,-2.90,4195.48,-34.4,the_long_water,17.22,cloudy,18.538,5.088,0.00,21.59,world
832.65,2026-08-31 00:54:40,-148.25,-5.22,4197.55,-34.5,the_long_water,17.24,cloudy,18.538,5.088,0.00,24.01,world
833.15,2026-08-31 00:54:41,-145.28,-2.28,4190.70,-28.6,the_long_water,17.26,cloudy,19.792,5.680,0.00,16.56,world
833.65,2026-08-31 00:54:41,-147.02,-2.01,4190.35,-118.7,the_long_water,17.28,cloudy,19.792,5.680,0.00,16.87,world
834.15,2026-08-31 00:54:42,-148.52,-2.00,4191.19,-16.4,the_long_water,17.30,cloudy,19.076,5.437,0.00,18.29,world
834.65,2026-08-31 00:54:42,-149.22,-2.00,4193.57,-16.4,the_long_water,17.32,cloudy,19.076,5.437,0.00,20.74,world
835.15,2026-08-31 00:54:43,-149.93,-2.16,4195.99,-16.4,the_long_water,17.34,cloudy,20.886,9.533,0.00,23.22,world
835.65,2026-08-31 00:54:43,-150.64,-6.55,4198.40,-16.5,the_long_water,17.36,cloudy,20.886,9.533,0.00,25.70,world
836.15,2026-08-31 00:54:44,-145.51,-2.20,4191.03,-60.2,the_long_water,17.38,cloudy,18.293,4.975,0.00,16.95,world
836.65,2026-08-31 00:54:44,-147.41,-2.01,4190.27,-118.7,the_long_water,17.40,cloudy,18.293,4.975,0.00,16.98,world
837.15,2026-08-31 00:54:45,-149.37,-2.00,4189.95,-118.7,the_long_water,17.42,cloudy,18.394,4.985,0.00,17.64,world
837.65,2026-08-31 00:54:45,-150.52,-2.00,4190.79,-6.9,the_long_water,17.44,cloudy,18.394,4.985,0.00,18.97,world
838.15,2026-08-31 00:54:46,-150.82,-2.00,4193.28,-6.9,the_long_water,17.46,cloudy,16.995,5.296,0.00,21.24,world
838.65,2026-08-31 00:54:46,-150.57,-2.00,4194.07,66.6,the_long_water,17.48,cloudy,16.995,5.296,0.00,21.80,world
839.15,2026-08-31 00:54:47,-149.49,-2.21,4195.40,-18.2,the_long_water,17.50,cloudy,17.792,5.623,0.00,22.50,world
839.65,2026-08-31 00:54:47,-150.28,-4.60,4197.78,-18.3,the_long_water,17.52,cloudy,17.792,5.623,0.00,24.99,world
840.15,2026-08-31 00:54:48,-145.20,-2.29,4190.55,-28.6,the_long_water,17.54,cloudy,19.165,4.816,0.00,16.40,world
840.65,2026-08-31 00:54:48,-146.88,-2.01,4190.43,-118.7,the_long_water,17.56,cloudy,19.165,4.816,0.00,16.89,world
841.15,2026-08-31 00:54:49,-148.79,-2.00,4190.26,-118.7,the_long_water,17.58,cloudy,18.279,5.341,0.00,17.61,world
841.65,2026-08-31 00:54:49,-150.99,-2.00,4189.06,-118.7,the_long_water,17.60,cloudy,18.279,5.341,0.00,17.85,world
842.15,2026-08-31 00:54:50,-152.19,-2.00,4189.51,0.8,the_long_water,17.62,cloudy,19.145,5.822,0.00,18.95,world
842.65,2026-08-31 00:54:50,-152.16,-2.00,4192.01,0.8,the_long_water,17.64,cloudy,19.145,5.822,0.00,20.91,world
843.15,2026-08-31 00:54:51,-152.12,-1.91,4194.41,0.8,the_long_water,17.66,cloudy,18.099,5.351,0.00,22.89,world
843.65,2026-08-31 00:54:51,-152.12,-1.91,4195.00,0.8,the_long_water,17.68,cloudy,18.099,5.351,0.00,23.38,world
844.15,2026-08-31 00:54:52,-151.52,-1.91,4194.96,111.8,the_long_water,17.70,cloudy,18.342,4.941,0.00,23.04,world
844.65,2026-08-31 00:54:52,-151.42,-2.00,4193.55,43.4,the_long_water,17.72,cloudy,18.342,4.941,0.00,21.78,world
845.15,2026-08-31 00:54:53,-152.48,-1.91,4194.90,-93.0,the_long_water,17.74,cloudy,21.498,7.938,0.00,23.49,world
845.65,2026-08-31 00:54:53,-152.47,-1.91,4195.00,3.4,the_long_water,17.76,cloudy,21.498,7.938,0.00,23.57,world
846.15,2026-08-31 00:54:54,-152.35,-1.91,4194.96,-112.4,the_long_water,17.78,cloudy,20.801,5.135,0.00,23.47,world
846.65,2026-08-31 00:54:54,-152.48,-1.91,4193.96,180.0,the_long_water,17.80,cloudy,20.801,5.135,0.00,22.70,world
847.15,2026-08-31 00:54:55,-152.32,-1.91,4194.94,44.9,the_long_water,17.82,cloudy,18.437,5.771,0.00,23.44,world
847.65,2026-08-31 00:54:55,-151.53,-1.91,4194.96,71.9,the_long_water,17.84,cloudy,18.437,5.771,0.00,23.05,world
848.15,2026-08-31 00:54:56,-152.48,-1.91,4195.00,-90.4,the_long_water,17.86,cloudy,20.025,6.035,0.00,23.57,world
848.65,2026-08-31 00:54:56,-152.48,-1.91,4193.75,180.0,the_long_water,17.88,cloudy,20.025,6.035,0.00,22.52,world
849.15,2026-08-31 00:54:57,-152.94,-1.91,4194.00,6.0,the_long_water,17.90,cloudy,19.012,4.829,0.00,22.99,world
849.65,2026-08-31 00:54:57,-154.90,-2.03,4194.23,-84.0,the_long_water,17.92,cloudy,19.012,4.829,0.00,24.32,world
850.15,2026-08-31 00:54:58,-156.05,-3.20,4195.48,28.3,the_long_water,17.94,cloudy,18.021,4.910,0.00,26.02,world
850.65,2026-08-31 00:54:58,-156.86,-1.09,4188.97,19.1,the_long_water,17.96,cloudy,18.021,4.910,0.00,21.90,world
851.15,2026-08-31 00:54:59,-156.05,-2.00,4190.19,109.1,the_long_water,17.98,cloudy,18.164,5.096,0.00,22.09,world
851.65,2026-08-31 00:54:59,-153.69,-2.00,4189.38,109.1,the_long_water,18.00,cloudy,18.164,5.096,0.00,19.85,world
852.15,2026-08-31 00:55:00,-152.64,-2.00,4190.53,3.0,the_long_water,18.02,cloudy,17.602,5.606,0.00,20.03,world
852.65,2026-08-31 00:55:00,-152.51,-2.00,4193.04,3.0,the_long_water,18.04,cloudy,17.602,5.606,0.00,21.95,world
853.15,2026-08-31 00:55:01,-152.41,-1.91,4195.00,3.0,the_long_water,18.06,cloudy,18.165,5.360,0.00,23.54,world
853.65,2026-08-31 00:55:01,-151.86,-1.91,4194.99,-165.0,the_long_water,18.08,cloudy,18.165,5.360,0.00,23.24,world
854.15,2026-08-31 00:55:02,-152.48,-1.91,4194.47,180.0,the_long_water,18.10,cloudy,17.991,4.978,0.00,23.12,world
854.65,2026-08-31 00:55:02,-152.42,-1.91,4194.80,2.9,the_long_water,18.12,cloudy,17.991,4.978,0.00,23.37,world
855.15,2026-08-31 00:55:03,-151.52,-1.91,4194.93,113.9,the_long_water,18.14,cloudy,16.324,4.710,0.00,23.02,world
855.65,2026-08-31 00:55:03,-151.95,-1.91,4195.00,-87.4,the_long_water,18.16,cloudy,16.324,4.710,0.00,23.30,world
856.15,2026-08-31 00:55:04,-151.52,-1.91,4194.97,92.0,the_long_water,18.18,cloudy,16.926,5.662,0.00,23.05,world
856.65,2026-08-31 00:55:04,-151.54,-1.91,4193.86,-75.0,the_long_water,18.20,cloudy,16.926,5.662,0.00,22.11,world
857.15,2026-08-31 00:55:05,-152.48,-1.91,4194.96,-92.9,the_long_water,18.22,cloudy,24.671,5.108,0.00,23.54,world
857.65,2026-08-31 00:55:05,-152.47,-1.91,4195.00,3.3,the_long_water,18.24,cloudy,24.671,5.108,0.00,23.57,world
858.15,2026-08-31 00:55:06,-151.52,-1.91,4194.97,92.5,the_long_water,18.26,cloudy,19.471,5.160,0.00,23.05,world
858.65,2026-08-31 00:55:06,-151.39,-2.00,4193.32,106.5,the_long_water,18.28,cloudy,19.471,5.160,0.00,21.57,world
859.15,2026-08-31 00:55:07,-151.93,-1.91,4194.84,-93.1,the_long_water,18.30,cloudy,16.910,5.382,0.00,23.15,world
859.65,2026-08-31 00:55:07,-152.47,-1.91,4195.00,-9.1,the_long_water,18.32,cloudy,16.910,5.382,0.00,23.57,world
860.15,2026-08-31 00:55:08,-151.64,-1.91,4194.99,153.0,the_long_water,18.34,cloudy,20.535,4.964,0.00,23.13,world
860.65,2026-08-31 00:55:08,-152.48,-1.91,4194.71,-155.6,the_long_water,18.36,cloudy,20.535,4.964,0.00,23.33,world
861.15,2026-08-31 00:55:09,-152.44,-1.91,4194.27,2.9,the_long_water,18.38,cloudy,17.941,5.266,0.00,22.93,world
861.65,2026-08-31 00:55:09,-151.52,-1.91,4194.97,92.9,the_long_water,18.40,cloudy,17.941,5.266,0.00,23.05,world
862.15,2026-08-31 00:55:10,-151.86,-1.91,4195.00,-76.9,the_long_water,18.42,cloudy,16.493,5.392,0.00,23.25,world
862.65,2026-08-31 00:55:10,-152.48,-1.91,4194.50,180.0,the_long_water,18.44,cloudy,16.493,5.392,0.00,23.15,world
863.15,2026-08-31 00:55:11,-152.95,-1.91,4193.76,5.9,the_long_water,18.46,cloudy,17.979,5.163,0.00,22.80,world
863.65,2026-08-31 00:55:11,-154.17,-2.01,4194.11,-84.1,the_long_water,18.48,cloudy,17.979,5.163,0.00,23.79,world
864.15,2026-08-31 00:55:12,-155.99,-2.63,4194.91,25.6,the_long_water,18.50,cloudy,17.148,4.992,0.00,25.53,world
864.65,2026-08-31 00:55:12,-155.39,-6.25,4197.21,30.4,the_long_water,18.52,cloudy,17.148,4.992,0.00,27.02,world
865.15,2026-08-31 00:55:13,-156.49,-2.00,4190.02,29.6,the_long_water,18.54,cloudy,17.480,4.800,0.00,22.31,world
865.65,2026-08-31 00:55:13,-154.32,-2.00,4189.60,109.1,the_long_water,18.56,cloudy,17.480,4.800,0.00,20.45,world
866.15,2026-08-31 00:55:14,-152.68,-2.00,4189.87,3.0,the_long_water,18.58,cloudy,18.400,5.021,0.00,19.54,world
866.65,2026-08-31 00:55:14,-152.55,-2.00,4192.37,3.0,the_long_water,18.60,cloudy,18.400,5.021,0.00,21.43,world
867.15,2026-08-31 00:55:15,-152.42,-1.94,4194.78,3.0,the_long_water,18.62,cloudy,18.488,5.874,0.00,23.36,world
867.65,2026-08-31 00:55:15,-151.54,-1.91,4195.00,111.0,the_long_water,18.64,cloudy,18.488,5.874,0.00,23.09,world
868.15,2026-08-31 00:55:16,-152.48,-1.91,4194.95,-102.9,the_long_water,18.66,cloudy,17.971,5.074,0.00,23.53,world
868.65,2026-08-31 00:55:16,-152.45,-1.91,4194.14,-11.9,the_long_water,18.68,cloudy,17.971,5.074,0.00,22.83,world
869.15,2026-08-31 00:55:17,-151.52,-1.91,4194.96,92.9,the_long_water,18.70,cloudy,17.723,5.165,0.00,23.05,world
869.65,2026-08-31 00:55:17,-151.54,-1.91,4195.00,-3.3,the_long_water,18.72,cloudy,17.723,5.165,0.00,23.09,world
870.15,2026-08-31 00:55:18,-151.55,-1.91,4194.97,92.0,the_long_water,18.74,cloudy,19.473,5.123,0.00,23.07,world
870.65,2026-08-31 00:55:18,-151.52,-1.91,4193.92,-159.0,the_long_water,18.76,cloudy,19.473,5.123,0.00,22.16,world
871.15,2026-08-31 00:55:19,-151.92,-1.91,4194.98,-76.4,the_long_water,18.78,cloudy,19.044,5.585,0.00,23.27,world
871.65,2026-08-31 00:55:19,-152.47,-1.91,4194.97,-50.9,the_long_water,18.80,cloudy,19.044,5.585,0.00,23.54,world
872.15,2026-08-31 00:55:20,-151.52,-1.91,4194.97,92.5,the_long_water,18.82,cloudy,17.292,5.020,0.00,23.05,world
872.65,2026-08-31 00:55:20,-151.52,-1.91,4193.72,180.0,the_long_water,18.84,cloudy,17.292,5.020,0.00,21.98,world
873.15,2026-08-31 00:55:21,-151.55,-1.91,4194.56,-13.6,the_long_water,18.86,cloudy,17.570,5.106,0.00,22.71,world
873.65,2026-08-31 00:55:21,-152.48,-1.91,4194.80,-93.1,the_long_water,18.88,cloudy,17.570,5.106,0.00,23.41,world
874.15,2026-08-31 00:55:22,-151.89,-1.91,4195.00,90.0,the_long_water,18.90,cloudy,20.560,5.648,0.00,23.27,world
874.65,2026-08-31 00:55:22,-152.48,-1.91,4194.95,-93.4,the_long_water,18.92,cloudy,20.560,5.648,0.00,23.53,world
875.15,2026-08-31 00:55:23,-152.35,-1.91,4195.00,45.4,the_long_water,18.94,cloudy,20.082,6.293,0.00,23.51,world
875.65,2026-08-31 00:55:23,-151.52,-1.91,4194.73,154.6,the_long_water,18.96,cloudy,20.082,6.293,0.00,22.85,world
876.15,2026-08-31 00:55:24,-151.21,-1.95,4193.63,1.4,the_long_water,18.98,cloudy,17.543,5.321,0.00,21.74,world
876.65,2026-08-31 00:55:24,-152.49,-1.91,4194.31,-93.4,the_long_water,19.00,cloudy,17.543,5.321,0.00,23.00,world
877.15,2026-08-31 00:55:25,-152.44,-1.91,4194.93,3.1,the_long_water,19.02,cloudy,17.053,5.850,0.00,23.49,world
877.65,2026-08-31 00:55:25,-151.52,-1.91,4195.00,90.0,the_long_water,19.04,cloudy,17.053,5.850,0.00,23.08,world
878.15,2026-08-31 00:55:26,-152.48,-1.91,4194.97,-92.6,the_long_water,19.06,cloudy,17.716,5.299,0.00,23.55,world
878.65,2026-08-31 00:55:26,-152.50,-2.00,4193.50,-159.0,the_long_water,19.08,cloudy,17.716,5.299,0.00,22.33,world
879.15,2026-08-31 00:55:27,-152.37,-1.91,4194.71,45.2,the_long_water,19.10,cloudy,17.022,5.217,0.00,23.27,world
879.65,2026-08-31 00:55:27,-151.53,-1.91,4194.85,61.6,the_long_water,19.12,cloudy,17.022,5.217,0.00,22.95,world
880.15,2026-08-31 00:55:28,-152.43,-1.91,4195.00,-100.5,the_long_water,19.14,cloudy,17.103,4.976,0.00,23.55,world
880.65,2026-08-31 00:55:28,-151.52,-1.91,4194.95,103.1,the_long_water,19.16,cloudy,17.103,4.976,0.00,23.03,world
881.15,2026-08-31 00:55:29,-151.56,-1.91,4193.86,-22.4,the_long_water,19.18,cloudy,17.544,5.356,0.00,22.12,world
881.65,2026-08-31 00:55:29,-152.48,-1.91,4194.97,-92.8,the_long_water,19.20,cloudy,17.544,5.356,0.00,23.55,world
882.15,2026-08-31 00:55:30,-152.44,-1.91,4195.00,24.4,the_long_water,19.22,cloudy,18.636,5.522,0.00,23.55,world
882.65,2026-08-31 00:55:30,-151.52,-1.91,4194.88,132.5,the_long_water,19.24,cloudy,18.636,5.522,0.00,22.98,world
883.15,2026-08-31 00:55:31,-151.04,-2.00,4193.47,22.4,the_long_water,19.26,cloudy,21.408,6.293,0.00,21.51,world
883.65,2026-08-31 00:55:31,-150.26,-2.00,4194.06,84.2,the_long_water,19.28,cloudy,21.408,6.293,0.00,21.65,world
884.15,2026-08-31 00:55:32,-147.74,-2.16,4194.33,84.2,the_long_water,19.30,cloudy,20.328,5.506,0.00,20.82,world
884.65,2026-08-31 00:55:32,-146.15,-2.90,4195.05,-36.3,the_long_water,19.32,cloudy,20.328,5.506,0.00,20.98,world
885.15,2026-08-31 00:55:33,-147.64,-4.25,4197.08,-36.4,the_long_water,19.34,cloudy,18.070,5.578,0.00,23.37,world
885.65,2026-08-31 00:55:33,-145.05,-2.30,4190.27,-28.6,the_long_water,19.36,cloudy,18.070,5.578,0.00,16.08,world
886.15,2026-08-31 00:55:34,-146.58,-2.01,4190.59,-118.7,the_long_water,19.38,cloudy,17.322,5.810,0.00,16.92,world
886.65,2026-08-31 00:55:34,-148.38,-2.00,4190.71,-66.1,the_long_water,19.40,cloudy,17.322,5.810,0.00,17.80,world
887.15,2026-08-31 00:55:35,-149.08,-2.00,4193.10,-16.4,the_long_water,19.42,cloudy,17.716,5.021,0.00,20.25,world
887.65,2026-08-31 00:55:35,-149.79,-2.15,4195.51,-16.4,the_long_water,19.44,cloudy,17.716,5.021,0.00,22.73,world
888.15,2026-08-31 00:55:36,-150.50,-4.98,4197.92,-16.5,the_long_water,19.46,cloudy,16.754,5.022,0.00,25.21,world
888.65,2026-08-31 00:55:36,-145.28,-2.28,4190.70,-28.7,the_long_water,19.48,cloudy,16.754,5.022,0.00,16.56,world
889.15,2026-08-31 00:55:37,-147.02,-2.01,4190.35,-118.7,the_long_water,19.50,cloudy,17.309,5.382,0.00,16.87,world
889.65,2026-08-31 00:55:37,-148.93,-2.00,4190.19,-118.7,the_long_water,19.52,cloudy,17.309,5.382,0.00,17.62,world
890.15,2026-08-31 00:55:38,-150.46,-2.00,4190.29,-6.9,the_long_water,19.54,cloudy,20.326,5.859,0.00,18.53,world
890.65,2026-08-31 00:55:38,-150.76,-2.00,4192.78,-6.9,the_long_water,19.56,cloudy,20.326,5.859,0.00,20.79,world
891.15,2026-08-31 00:55:39,-150.89,-1.91,4194.01,3.6,the_long_water,19.58,cloudy,19.193,16.787,0.00,21.91,world
891.65,2026-08-31 00:55:39,-149.34,-2.20,4194.93,-18.2,the_long_water,19.60,cloudy,19.193,16.787,0.00,22.01,world
892.15,2026-08-31 00:55:40,-150.12,-3.61,4197.31,-18.3,the_long_water,19.62,cloudy,20.575,5.654,0.00,24.50,world
892.65,2026-08-31 00:55:40,-145.02,-2.30,4190.22,-28.6,the_long_water,19.64,cloudy,20.575,5.654,0.00,16.03,world
893.15,2026-08-31 00:55:41,-146.51,-2.01,4190.63,-118.7,the_long_water,19.66,cloudy,18.928,5.654,0.00,16.93,world
893.65,2026-08-31 00:55:41,-148.42,-2.00,4190.46,-118.7,the_long_water,19.68,cloudy,18.928,5.654,0.00,17.61,world
894.15,2026-08-31 00:55:42,-150.61,-2.00,4189.27,-118.7,the_long_water,19.70,cloudy,22.315,6.339,0.00,17.78,world
894.65,2026-08-31 00:55:42,-152.19,-2.00,4189.10,0.8,the_long_water,19.72,cloudy,22.315,6.339,0.00,18.64,world
895.15,2026-08-31 00:55:43,-152.16,-2.00,4191.60,0.8,the_long_water,19.74,cloudy,17.555,4.832,0.00,20.58,world
895.65,2026-08-31 00:55:43,-152.12,-1.91,4194.00,0.8,the_long_water,19.76,cloudy,17.555,4.832,0.00,22.54,world
896.15,2026-08-31 00:55:44,-152.11,-1.91,4195.00,0.8,the_long_water,19.78,cloudy,16.934,4.927,0.00,23.38,world
896.65,2026-08-31 00:55:44,-151.52,-1.91,4194.99,90.8,the_long_water,19.80,cloudy,16.934,4.927,0.00,23.07,world
897.15,2026-08-31 00:55:45,-151.30,-2.00,4193.37,64.5,the_long_water,19.82,cloudy,16.727,5.068,0.00,21.57,world
897.65,2026-08-31 00:55:45,-152.23,-1.91,4194.68,-93.1,the_long_water,19.84,cloudy,16.727,5.068,0.00,23.17,world
898.15,2026-08-31 00:55:46,-152.45,-1.91,4195.00,3.3,the_long_water,19.86,cloudy,17.385,5.644,0.00,23.56,world
898.65,2026-08-31 00:55:46,-151.60,-1.91,4195.00,163.5,the_long_water,19.88,cloudy,17.385,5.644,0.00,23.12,world
899.15,2026-08-31 00:55:47,-152.48,-1.91,4194.79,-144.6,the_long_water,19.90,cloudy,16.984,5.574,0.00,23.40,world
899.65,2026-08-31 00:55:47,-152.44,-1.91,4194.69,3.0,the_long_water,19.92,cloudy,16.984,5.574,0.00,23.29,world
900.15,2026-08-31 00:55:48,-151.52,-1.91,4194.95,93.0,the_long_water,19.94,cloudy,18.039,12.709,0.00,23.04,world
900.65,2026-08-31 00:55:48,-151.71,-1.91,4195.00,-55.8,the_long_water,19.96,cloudy,18.039,12.709,0.00,23.18,world
901.15,2026-08-31 00:55:49,-152.48,-1.91,4194.64,-166.0,the_long_water,19.98,cloudy,33.818,5.184,0.00,23.27,world
901.65,2026-08-31 00:55:49,-152.64,-1.91,4193.78,4.0,the_long_water,20.00,cloudy,33.818,5.184,0.00,22.64,world
902.15,2026-08-31 00:55:50,-151.52,-1.91,4194.80,93.1,the_long_water,20.02,cloudy,20.256,5.866,0.00,22.91,world
902.65,2026-08-31 00:55:50,-151.54,-1.91,4195.00,-3.3,the_long_water,20.04,cloudy,20.256,5.866,0.00,23.09,world
903.15,2026-08-31 00:55:51,-151.52,-1.91,4194.96,92.6,the_long_water,20.06,cloudy,18.696,6.068,0.00,23.04,world
903.65,2026-08-31 00:55:51,-151.52,-1.91,4193.81,-169.5,the_long_water,20.08,cloudy,18.696,6.068,0.00,22.06,world
904.15,2026-08-31 00:55:52,-151.79,-1.91,4195.00,-65.8,the_long_water,20.10,cloudy,17.903,6.173,0.00,23.21,world
904.65,2026-08-31 00:55:52,-152.47,-1.91,4195.00,-50.8,the_long_water,20.12,cloudy,17.903,6.173,0.00,23.57,world
905.15,2026-08-31 00:55:53,-151.52,-1.91,4195.00,90.4,the_long_water,20.14,cloudy,24.705,6.311,0.00,23.08,world
905.65,2026-08-31 00:55:53,-151.51,-1.97,4193.59,169.5,the_long_water,20.16,cloudy,24.705,6.311,0.00,21.87,world
906.15,2026-08-31 00:55:54,-151.08,-1.91,4194.00,-5.8,the_long_water,20.18,cloudy,18.427,6.388,0.00,21.99,world
906.65,2026-08-31 00:55:54,-148.91,-2.04,4194.21,84.2,the_long_water,20.20,cloudy,18.427,6.388,0.00,21.17,world
907.15,2026-08-31 00:55:55,-146.37,-2.55,4194.47,84.2,the_long_water,20.22,cloudy,18.538,6.530,0.00,20.48,world
907.65,2026-08-31 00:55:55,-146.94,-3.05,4196.14,-36.4,the_long_water,20.24,cloudy,18.538,6.530,0.00,22.25,world
908.15,2026-08-31 00:55:56,-144.87,-1.35,4189.95,-28.6,the_long_water,20.26,cloudy,17.634,5.718,0.00,15.73,world
908.65,2026-08-31 00:55:56,-145.67,-2.13,4191.07,-102.2,the_long_water,20.28,cloudy,17.634,5.718,0.00,17.04,world
909.15,2026-08-31 00:55:57,-147.65,-2.01,4190.34,-118.7,the_long_water,20.30,cloudy,18.805,5.715,0.00,17.14,world
909.65,2026-08-31 00:55:57,-148.76,-2.00,4191.98,-16.4,the_long_water,20.32,cloudy,18.805,5.715,0.00,19.11,world
910.15,2026-08-31 00:55:58,-149.47,-2.09,4194.38,-16.4,the_long_water,20.34,cloudy,21.149,7.432,0.00,21.57,world
910.65,2026-08-31 00:55:58,-150.17,-2.67,4196.80,-16.4,the_long_water,20.36,cloudy,21.149,7.432,0.00,24.05,world
911.15,2026-08-31 00:55:59,-144.91,-1.66,4190.02,-28.6,the_long_water,20.38,cloudy,19.367,7.317,0.00,15.81,world
911.65,2026-08-31 00:55:59,-146.00,-2.02,4190.91,-118.7,the_long_water,20.40,cloudy,19.367,7.317,0.00,17.00,world
912.15,2026-08-31 00:56:00,-147.99,-2.00,4190.43,-118.7,the_long_water,20.42,cloudy,18.798,6.372,0.00,17.38,world
912.65,2026-08-31 00:56:00,-150.09,-2.00,4189.58,-97.7,the_long_water,20.44,cloudy,18.798,6.372,0.00,17.73,world
913.15,2026-08-31 00:56:01,-150.62,-2.00,4191.62,-6.9,the_long_water,20.46,cloudy,17.867,6.021,0.00,19.72,world
913.65,2026-08-31 00:56:01,-150.91,-1.91,4194.01,-6.9,the_long_water,20.48,cloudy,17.867,6.021,0.00,21.91,world
914.15,2026-08-31 00:56:02,-149.74,-2.05,4194.22,79.6,the_long_water,20.50,cloudy,21.966,7.248,0.00,21.55,world
914.65,2026-08-31 00:56:02,-149.75,-2.25,4196.20,-18.3,the_long_water,20.52,cloudy,21.966,7.248,0.00,23.33,world
915.15,2026-08-31 00:56:03,-144.87,-1.33,4189.95,-18.3,the_long_water,20.54,cloudy,18.877,5.798,0.00,15.72,world
915.65,2026-08-31 00:56:03,-145.58,-2.17,4191.06,-81.2,the_long_water,20.56,cloudy,18.877,5.798,0.00,17.01,world
916.15,2026-08-31 00:56:04,-147.53,-2.01,4190.31,-118.7,the_long_water,20.58,cloudy,21.148,7.779,0.00,17.06,world
916.65,2026-08-31 00:56:04,-149.52,-2.00,4189.87,-118.7,the_long_water,20.60,cloudy,21.148,7.779,0.00,17.65,world
917.15,2026-08-31 00:56:05,-151.71,-2.00,4188.67,-118.7,the_long_water,20.62,cloudy,18.254,5.952,0.00,18.00,world
917.65,2026-08-31 00:56:05,-152.18,-2.00,4190.35,0.8,the_long_water,20.64,cloudy,18.254,5.952,0.00,19.59,world
918.15,2026-08-31 00:56:06,-152.14,-2.00,4192.85,0.8,the_long_water,20.66,cloudy,17.389,5.921,0.00,21.59,world
918.65,2026-08-31 00:56:06,-152.11,-1.91,4195.00,0.8,the_long_water,20.68,cloudy,17.389,5.921,0.00,23.38,world
919.15,2026-08-31 00:56:07,-151.70,-1.91,4194.99,84.8,the_long_water,20.70,cloudy,17.047,6.063,0.00,23.17,world
919.65,2026-08-31 00:56:07,-151.52,-1.91,4194.00,180.0,the_long_water,20.72,cloudy,17.047,6.063,0.00,22.22,world
920.15,2026-08-31 00:56:08,-151.47,-1.91,4194.21,-3.7,the_long_water,20.74,cloudy,18.007,5.594,0.00,22.37,world
920.65,2026-08-31 00:56:08,-152.48,-1.91,4194.66,-93.1,the_long_water,20.76,cloudy,18.007,5.594,0.00,23.29,world
921.15,2026-08-31 00:56:09,-152.34,-1.91,4195.00,45.3,the_long_water,20.78,cloudy,17.873,5.920,0.00,23.50,world
921.65,2026-08-31 00:56:09,-152.48,-1.91,4194.96,-92.1,the_long_water,20.80,cloudy,17.873,5.920,0.00,23.54,world
922.15,2026-08-31 00:56:10,-152.48,-1.91,4193.80,-117.0,the_long_water,20.82,cloudy,20.324,6.512,0.00,22.56,world
922.65,2026-08-31 00:56:10,-151.75,-1.91,4194.97,93.0,the_long_water,20.84,cloudy,20.324,6.512,0.00,23.17,world
923.15,2026-08-31 00:56:11,-151.54,-1.91,4195.00,8.9,the_long_water,20.86,cloudy,18.412,6.354,0.00,23.09,world
923.65,2026-08-31 00:56:11,-152.48,-1.91,4194.97,-92.5,the_long_water,20.88,cloudy,18.412,6.354,0.00,23.55,world
924.15,2026-08-31 00:56:12,-152.53,-2.00,4193.44,-148.5,the_long_water,20.90,cloudy,20.126,7.362,0.00,22.29,world
924.65,2026-08-31 00:56:12,-152.29,-1.91,4194.70,55.6,the_long_water,20.92,cloudy,20.126,7.362,0.00,23.22,world
925.15,2026-08-31 00:56:13,-151.53,-1.91,4194.75,61.6,the_long_water,20.94,cloudy,18.019,6.267,0.00,22.87,world
925.65,2026-08-31 00:56:13,-152.37,-1.91,4195.00,-90.0,the_long_water,20.96,cloudy,18.019,6.267,0.00,23.52,world
926.15,2026-08-31 00:56:14,-151.74,-1.91,4194.96,93.4,the_long_water,20.98,cloudy,17.978,7.342,0.00,23.15,world
926.65,2026-08-31 00:56:14,-151.53,-1.91,4195.00,-3.4,the_long_water,21.00,cloudy,17.978,7.342,0.00,23.09,world
927.15,2026-08-31 00:56:15,-152.48,-1.91,4194.98,-91.6,the_long_water,21.02,cloudy,17.598,7.859,0.00,23.56,world
927.65,2026-08-31 00:56:15,-152.64,-2.00,4193.32,-117.0,the_long_water,21.04,cloudy,17.598,7.859,0.00,22.26,world
928.15,2026-08-31 00:56:16,-152.18,-1.91,4194.30,66.6,the_long_water,21.06,cloudy,19.471,6.453,0.00,22.82,world
928.65,2026-08-31 00:56:16,-150.13,-2.00,4193.93,93.5,the_long_water,21.08,cloudy,19.471,6.453,0.00,21.47,world
929.15,2026-08-31 00:56:17,-149.24,-2.23,4195.03,-19.1,the_long_water,21.10,cloudy,19.215,6.449,0.00,22.06,world
929.65,2026-08-31 00:56:17,-150.06,-3.81,4197.40,-19.1,the_long_water,21.12,cloudy,19.215,6.449,0.00,24.56,world
930.15,2026-08-31 00:56:18,-145.05,-2.30,4190.27,-28.6,the_long_water,21.14,cloudy,19.548,6.452,0.00,16.08,world
930.65,2026-08-31 00:56:18,-144.57,-2.61,4191.98,-1.7,the_long_water,21.16,cloudy,19.548,6.452,0.00,17.58,world
931.15,2026-08-31 00:56:19,-145.84,-2.47,4194.00,-34.4,the_long_water,21.18,cloudy,18.879,5.846,0.00,19.88,world
931.65,2026-08-31 00:56:19,-147.26,-2.89,4196.10,-34.5,the_long_water,21.20,cloudy,18.879,5.846,0.00,22.32,world
932.15,2026-08-31 00:56:20,-144.87,-1.33,4189.95,-30.0,the_long_water,21.22,cloudy,20.057,6.169,0.00,15.72,world
932.65,2026-08-31 00:56:20,-145.63,-2.15,4191.07,-91.7,the_long_water,21.24,cloudy,20.057,6.169,0.00,17.03,world
933.15,2026-08-31 00:56:21,-147.59,-2.01,4190.32,-118.7,the_long_water,21.26,cloudy,19.132,6.341,0.00,17.10,world
933.65,2026-08-31 00:56:21,-148.74,-2.00,4191.90,-16.4,the_long_water,21.28,cloudy,19.132,6.341,0.00,19.03,world
934.15,2026-08-31 00:56:22,-149.44,-2.07,4194.30,-16.4,the_long_water,21.30,cloudy,18.793,6.207,0.00,21.49,world
934.65,2026-08-31 00:56:22,-150.15,-2.58,4196.72,-16.4,the_long_water,21.32,cloudy,18.793,6.207,0.00,23.97,world
935.15,2026-08-31 00:56:23,-144.90,-1.58,4190.01,-28.6,the_long_water,21.34,cloudy,19.618,6.016,0.00,15.79,world
935.65,2026-08-31 00:56:23,-145.93,-2.02,4190.94,-118.7,the_long_water,21.36,cloudy,19.618,6.016,0.00,17.01,world
936.15,2026-08-31 00:56:24,-147.93,-2.00,4190.42,-118.7,the_long_water,21.38,cloudy,18.436,6.030,0.00,17.34,world
936.65,2026-08-31 00:56:24,-150.02,-2.00,4189.60,-108.2,the_long_water,21.40,cloudy,18.436,6.030,0.00,17.71,world
937.15,2026-08-31 00:56:25,-150.61,-2.00,4191.54,-6.9,the_long_water,21.42,cloudy,20.281,6.504,0.00,19.65,world
937.65,2026-08-31 00:56:25,-150.90,-1.91,4193.94,-6.9,the_long_water,21.44,cloudy,20.281,6.504,0.00,21.85,world
938.15,2026-08-31 00:56:26,-149.82,-2.04,4194.21,79.6,the_long_water,21.46,cloudy,19.102,5.665,0.00,21.57,world
938.65,2026-08-31 00:56:26,-149.73,-2.21,4196.12,-18.3,the_long_water,21.48,cloudy,19.102,5.665,0.00,23.25,world
939.15,2026-08-31 00:56:27,-150.51,-6.92,4198.49,-18.3,the_long_water,21.50,cloudy,19.537,5.762,0.00,25.74,world
939.65,2026-08-31 00:56:27,-145.54,-2.18,4191.05,-70.7,the_long_water,21.52,cloudy,19.537,5.762,0.00,16.98,world
940.15,2026-08-31 00:56:28,-147.47,-2.01,4190.29,-118.7,the_long_water,21.54,cloudy,18.512,5.757,0.00,17.02,world
940.65,2026-08-31 00:56:28,-149.44,-2.00,4189.91,-118.7,the_long_water,21.56,cloudy,18.512,5.757,0.00,17.65,world
941.15,2026-08-31 00:56:29,-151.64,-2.00,4188.71,-118.7,the_long_water,21.58,cloudy,19.050,6.064,0.00,17.98,world
941.65,2026-08-31 00:56:29,-152.18,-2.00,4190.27,0.8,the_long_water,21.60,cloudy,19.050,6.064,0.00,19.53,world
942.15,2026-08-31 00:56:30,-152.14,-2.00,4192.77,0.8,the_long_water,21.62,cloudy,18.471,6.065,0.00,21.52,world
942.65,2026-08-31 00:56:30,-152.11,-1.91,4195.00,0.8,the_long_water,21.64,cloudy,18.471,6.065,0.00,23.38,world
943.15,2026-08-31 00:56:31,-151.78,-1.91,4194.99,74.3,the_long_water,21.66,cloudy,19.124,6.324,0.00,23.21,world
943.65,2026-08-31 00:56:31,-151.52,-1.91,4194.08,-180.0,the_long_water,21.68,cloudy,19.124,6.324,0.00,22.29,world
944.15,2026-08-31 00:56:32,-151.45,-1.91,4194.16,-4.0,the_long_water,21.70,cloudy,18.196,5.960,0.00,22.32,world
944.65,2026-08-31 00:56:32,-152.48,-1.91,4194.65,-93.1,the_long_water,21.72,cloudy,18.196,5.960,0.00,23.28,world
945.15,2026-08-31 00:56:33,-152.38,-1.91,4195.00,34.8,the_long_water,21.74,cloudy,18.715,5.742,0.00,23.52,world
945.65,2026-08-31 00:56:33,-151.64,-1.91,4195.00,-45.4,the_long_water,21.76,cloudy,18.715,5.742,0.00,23.14,world
946.15,2026-08-31 00:56:34,-152.48,-1.91,4194.78,-114.2,the_long_water,21.78,cloudy,18.256,5.919,0.00,23.39,world
946.65,2026-08-31 00:56:34,-151.97,-1.91,4194.98,93.0,the_long_water,21.80,cloudy,18.256,5.919,0.00,23.29,world
947.15,2026-08-31 00:56:35,-151.53,-1.91,4194.84,61.5,the_long_water,21.82,cloudy,18.375,5.813,0.00,22.95,world
947.65,2026-08-31 00:56:35,-152.45,-1.91,4194.96,-93.0,the_long_water,21.84,cloudy,18.375,5.813,0.00,23.53,world
948.15,2026-08-31 00:56:36,-152.46,-1.91,4195.00,-9.0,the_long_water,21.86,cloudy,17.208,6.396,0.00,23.56,world
948.65,2026-08-31 00:56:36,-151.52,-1.91,4194.96,93.0,the_long_water,21.88,cloudy,17.208,6.396,0.00,23.04,world
949.15,2026-08-31 00:56:37,-151.54,-1.91,4195.00,-3.3,the_long_water,21.90,cloudy,17.531,6.452,0.00,23.09,world
949.65,2026-08-31 00:56:37,-152.48,-1.91,4194.96,-93.0,the_long_water,21.92,cloudy,17.531,6.452,0.00,23.54,world
950.15,2026-08-31 00:56:38,-152.45,-1.91,4195.00,13.8,the_long_water,21.94,cloudy,22.967,7.331,0.00,23.56,world
950.65,2026-08-31 00:56:38,-151.52,-1.91,4194.90,124.0,the_long_water,21.96,cloudy,22.967,7.331,0.00,22.99,world
951.15,2026-08-31 00:56:39,-151.35,-2.00,4193.54,32.9,the_long_water,21.98,cloudy,21.481,6.115,0.00,21.74,world
951.65,2026-08-31 00:56:39,-152.48,-1.91,4194.81,-93.1,the_long_water,22.00,cloudy,21.481,6.115,0.00,23.41,world
952.15,2026-08-31 00:56:40,-152.47,-1.91,4195.00,3.3,the_long_water,22.02,cloudy,17.514,6.618,0.00,23.57,world
952.65,2026-08-31 00:56:40,-151.93,-1.91,4194.98,174.0,the_long_water,22.04,cloudy,17.514,6.618,0.00,23.27,world
953.15,2026-08-31 00:56:41,-152.47,-1.91,4195.00,-30.4,the_long_water,22.06,cloudy,18.922,6.454,0.00,23.57,world
953.65,2026-08-31 00:56:41,-151.52,-1.91,4194.98,91.6,the_long_water,22.08,cloudy,18.922,6.454,0.00,23.06,world
954.15,2026-08-31 00:56:42,-151.50,-2.00,4193.51,159.0,the_long_water,22.10,cloudy,17.835,6.050,0.00,21.79,world
954.65,2026-08-31 00:56:42,-151.57,-1.91,4194.30,-24.7,the_long_water,22.12,cloudy,17.835,6.050,0.00,22.50,world
955.15,2026-08-31 00:56:43,-153.31,-2.00,4193.97,-93.4,the_long_water,22.14,cloudy,19.373,6.292,0.00,23.17,world
955.65,2026-08-31 00:56:43,-154.55,-2.21,4194.82,17.3,the_long_water,22.16,cloudy,19.373,6.292,0.00,24.59,world
956.15,2026-08-31 00:56:44,-153.80,-3.81,4197.24,17.3,the_long_water,22.18,cloudy,19.407,6.269,0.00,26.17,world
956.65,2026-08-31 00:56:44,-156.79,-1.99,4189.20,19.1,the_long_water,22.20,cloudy,19.407,6.269,0.00,21.98,world
957.15,2026-08-31 00:56:45,-157.54,-2.01,4190.70,-70.9,the_long_water,22.22,cloudy,19.376,5.869,0.00,23.54,world
957.65,2026-08-31 00:56:45,-157.71,-2.07,4192.41,28.3,the_long_water,22.24,cloudy,19.376,5.869,0.00,24.84,world
958.15,2026-08-31 00:56:46,-156.51,-2.61,4194.66,28.4,the_long_water,22.26,cloudy,18.105,5.774,0.00,25.67,world
958.65,2026-08-31 00:56:46,-155.43,-5.66,4197.04,29.9,the_long_water,22.28,cloudy,18.105,5.774,0.00,26.91,world
959.15,2026-08-31 00:56:47,-156.58,-2.00,4189.79,19.1,the_long_water,22.30,cloudy,18.402,6.976,0.00,22.22,world
959.65,2026-08-31 00:56:47,-154.55,-2.00,4189.68,109.1,the_long_water,22.32,cloudy,18.402,6.976,0.00,20.67,world
960.15,2026-08-31 00:56:48,-152.69,-2.00,4189.62,3.0,the_long_water,22.34,cloudy,18.549,7.842,0.00,19.36,world
960.65,2026-08-31 00:56:48,-152.56,-2.00,4192.12,3.0,the_long_water,22.36,cloudy,18.549,7.842,0.00,21.23,world
961.15,2026-08-31 00:56:49,-152.44,-1.91,4194.53,3.0,the_long_water,22.38,cloudy,19.891,7.601,0.00,23.15,world
961.65,2026-08-31 00:56:49,-151.75,-1.91,4195.00,90.0,the_long_water,22.40,cloudy,19.891,7.601,0.00,23.20,world
962.15,2026-08-31 00:56:50,-152.48,-1.91,4194.96,-92.4,the_long_water,22.42,cloudy,19.932,5.683,0.00,23.54,world
962.65,2026-08-31 00:56:50,-152.46,-1.91,4193.89,-43.4,the_long_water,22.44,cloudy,19.932,5.683,0.00,22.63,world
963.15,2026-08-31 00:56:51,-151.52,-1.91,4194.96,92.9,the_long_water,22.46,cloudy,20.433,6.415,0.00,23.05,world
963.65,2026-08-31 00:56:51,-151.54,-1.91,4195.00,-3.3,the_long_water,22.48,cloudy,20.433,6.415,0.00,23.09,world
964.15,2026-08-31 00:56:52,-151.80,-1.91,4194.98,112.4,the_long_water,22.50,cloudy,18.406,6.398,0.00,23.20,world
964.65,2026-08-31 00:56:52,-151.52,-1.91,4194.14,180.0,the_long_water,22.52,cloudy,18.406,6.398,0.00,22.34,world
965.15,2026-08-31 00:56:53,-151.71,-1.91,4194.99,-44.9,the_long_water,22.54,cloudy,21.041,6.212,0.00,23.17,world
965.65,2026-08-31 00:56:53,-152.48,-1.91,4194.86,-82.4,the_long_water,22.56,cloudy,21.041,6.212,0.00,23.46,world
966.15,2026-08-31 00:56:54,-151.64,-1.91,4194.97,92.5,the_long_water,22.58,cloudy,17.477,6.549,0.00,23.12,world
966.65,2026-08-31 00:56:54,-151.52,-1.91,4193.97,180.0,the_long_water,22.60,cloudy,17.477,6.549,0.00,22.20,world
967.15,2026-08-31 00:56:55,-151.52,-1.91,4194.32,-3.5,the_long_water,22.62,cloudy,19.402,19.087,0.00,22.50,world
967.65,2026-08-31 00:56:55,-152.48,-1.91,4194.81,-93.1,the_long_water,22.64,cloudy,19.402,19.087,0.00,23.42,world
968.15,2026-08-31 00:56:56,-152.06,-1.91,4195.00,87.4,the_long_water,22.66,cloudy,19.862,7.511,0.00,23.35,world
968.65,2026-08-31 00:56:56,-152.48,-1.91,4194.96,-92.6,the_long_water,22.68,cloudy,19.862,7.511,0.00,23.54,world
969.15,2026-08-31 00:56:57,-152.47,-1.97,4193.59,-85.5,the_long_water,22.70,cloudy,17.917,6.272,0.00,22.39,world
969.65,2026-08-31 00:56:57,-151.59,-1.91,4194.97,92.9,the_long_water,22.72,cloudy,17.917,6.272,0.00,23.09,world
970.15,2026-08-31 00:56:58,-151.53,-1.91,4195.00,-3.4,the_long_water,22.74,cloudy,18.561,6.076,0.00,23.08,world
970.65,2026-08-31 00:56:58,-152.48,-1.91,4195.00,-90.4,the_long_water,22.76,cloudy,18.561,6.076,0.00,23.57,world
971.15,2026-08-31 00:56:59,-152.81,-2.00,4193.29,-85.5,the_long_water,22.78,cloudy,16.869,6.855,0.00,22.33,world
971.65,2026-08-31 00:56:59,-153.26,-1.97,4194.01,-67.6,the_long_water,22.80,cloudy,16.869,6.855,0.00,23.18,world
972.15,2026-08-31 00:57:00,-155.55,-2.12,4194.49,-84.1,the_long_water,22.82,cloudy,18.690,6.017,0.00,24.93,world
972.65,2026-08-31 00:57:00,-155.86,-4.06,4196.42,30.4,the_long_water,22.84,cloudy,18.690,6.017,0.00,26.65,world
973.15,2026-08-31 00:57:01,-156.77,-2.00,4189.23,19.1,the_long_water,22.86,cloudy,19.635,5.782,0.00,22.00,world
973.65,2026-08-31 00:57:01,-155.18,-2.00,4189.89,109.1,the_long_water,22.88,cloudy,19.635,5.782,0.00,21.27,world
974.15,2026-08-31 00:57:02,-152.88,-2.00,4189.18,67.1,the_long_water,22.90,cloudy,18.112,5.996,0.00,19.16,world
974.65,2026-08-31 00:57:02,-152.60,-2.00,4191.45,3.0,the_long_water,22.92,cloudy,18.112,5.996,0.00,20.72,world
975.15,2026-08-31 00:57:03,-152.47,-1.91,4193.86,3.0,the_long_water,22.94,cloudy,18.561,6.140,0.00,22.61,world
975.65,2026-08-31 00:57:03,-152.34,-1.91,4195.00,34.5,the_long_water,22.96,cloudy,18.561,6.140,0.00,23.50,world
976.15,2026-08-31 00:57:04,-152.48,-1.91,4194.96,-92.4,the_long_water,22.98,cloudy,18.388,6.039,0.00,23.54,world
976.65,2026-08-31 00:57:04,-152.49,-1.92,4193.72,-127.5,the_long_water,23.00,cloudy,18.388,6.039,0.00,22.50,world
977.15,2026-08-31 00:57:05,-151.87,-1.91,4194.98,93.0,the_long_water,23.02,cloudy,18.949,6.412,0.00,23.24,world
977.65,2026-08-31 00:57:05,-151.52,-1.91,4195.00,-3.4,the_long_water,23.04,cloudy,18.949,6.412,0.00,23.08,world
978.15,2026-08-31 00:57:06,-151.99,-1.91,4194.98,133.4,the_long_water,23.06,cloudy,16.816,5.943,0.00,23.30,world
978.65,2026-08-31 00:57:06,-151.52,-1.91,4194.31,180.0,the_long_water,23.08,cloudy,16.816,5.943,0.00,22.49,world
979.15,2026-08-31 00:57:07,-151.63,-1.91,4195.00,-23.9,the_long_water,23.10,cloudy,17.714,5.803,0.00,23.13,world
979.65,2026-08-31 00:57:07,-152.48,-1.91,4194.85,-103.4,the_long_water,23.12,cloudy,17.714,5.803,0.00,23.45,world
980.15,2026-08-31 00:57:08,-151.81,-1.91,4194.98,92.5,the_long_water,23.14,cloudy,21.554,7.514,0.00,23.21,world
980.65,2026-08-31 00:57:08,-151.52,-1.91,4194.14,180.0,the_long_water,23.16,cloudy,21.554,7.514,0.00,22.34,world
981.15,2026-08-31 00:57:09,-151.47,-1.91,4194.20,-3.8,the_long_water,23.18,cloudy,19.165,6.671,0.00,22.37,world
981.65,2026-08-31 00:57:09,-152.48,-1.91,4194.81,-93.1,the_long_water,23.20,cloudy,19.165,6.671,0.00,23.42,world
982.15,2026-08-31 00:57:10,-152.29,-1.91,4195.00,55.9,the_long_water,23.22,cloudy,18.401,6.197,0.00,23.47,world
982.65,2026-08-31 00:57:10,-152.48,-1.91,4194.95,-93.4,the_long_water,23.24,cloudy,18.401,6.197,0.00,23.53,world
983.15,2026-08-31 00:57:11,-152.47,-1.91,4195.00,3.4,the_long_water,23.26,cloudy,20.543,6.645,0.00,23.57,world
983.65,2026-08-31 00:57:11,-151.52,-1.91,4194.97,102.1,the_long_water,23.28,cloudy,20.543,6.645,0.00,23.05,world
984.15,2026-08-31 00:57:12,-151.22,-2.00,4193.36,53.9,the_long_water,23.30,cloudy,21.841,6.988,0.00,21.52,world
984.65,2026-08-31 00:57:12,-152.33,-1.91,4194.32,-93.4,the_long_water,23.32,cloudy,21.841,6.988,0.00,22.92,world
985.15,2026-08-31 00:57:13,-154.11,-2.00,4193.91,-93.4,the_long_water,23.34,cloudy,21.127,7.078,0.00,23.60,world
985.65,2026-08-31 00:57:13,-154.37,-2.41,4195.57,17.7,the_long_water,23.36,cloudy,21.127,7.078,0.00,25.09,world
986.15,2026-08-31 00:57:14,-153.61,-5.64,4197.97,17.8,the_long_water,23.38,cloudy,21.800,17.472,0.00,26.70,world
986.65,2026-08-31 00:57:14,-156.58,-2.00,4189.79,19.1,the_long_water,23.40,cloudy,21.800,17.472,0.00,22.22,world
987.15,2026-08-31 00:57:15,-158.20,-2.09,4190.99,-39.4,the_long_water,23.42,cloudy,20.729,6.831,0.00,24.23,world
987.65,2026-08-31 00:57:15,-157.35,-2.13,4193.09,28.3,the_long_water,23.44,cloudy,20.729,6.831,0.00,25.06,world
988.15,2026-08-31 00:57:16,-156.15,-3.12,4195.32,28.4,the_long_water,23.46,cloudy,21.102,7.412,0.00,25.96,world
988.65,2026-08-31 00:57:16,-156.87,-1.03,4188.95,19.1,the_long_water,23.48,cloudy,21.102,7.412,0.00,21.89,world
989.15,2026-08-31 00:57:17,-156.19,-2.00,4190.21,92.6,the_long_water,23.50,cloudy,19.784,6.302,0.00,22.21,world
989.65,2026-08-31 00:57:17,-153.84,-2.00,4189.43,109.1,the_long_water,23.52,cloudy,19.784,6.302,0.00,20.00,world
990.15,2026-08-31 00:57:18,-152.65,-2.00,4190.37,3.0,the_long_water,23.54,cloudy,18.509,6.501,0.00,19.91,world
990.65,2026-08-31 00:57:18,-152.52,-2.00,4192.87,3.0,the_long_water,23.56,cloudy,18.509,6.501,0.00,21.82,world
991.15,2026-08-31 00:57:19,-152.41,-1.91,4195.00,3.0,the_long_water,23.58,cloudy,19.120,6.887,0.00,23.54,world
991.65,2026-08-31 00:57:19,-151.71,-1.91,4194.99,174.0,the_long_water,23.60,cloudy,19.120,6.887,0.00,23.17,world
992.15,2026-08-31 00:57:20,-152.48,-1.91,4194.63,-165.9,the_long_water,23.62,cloudy,18.603,6.443,0.00,23.26,world
992.65,2026-08-31 00:57:20,-152.42,-1.91,4194.64,2.9,the_long_water,23.64,cloudy,18.603,6.443,0.00,23.24,world
993.15,2026-08-31 00:57:21,-151.52,-1.91,4194.96,92.9,the_long_water,23.66,cloudy,19.674,5.939,0.00,23.05,world
993.65,2026-08-31 00:57:21,-151.78,-1.91,4195.00,-66.3,the_long_water,23.68,cloudy,19.674,5.939,0.00,23.21,world
994.15,2026-08-31 00:57:22,-151.52,-1.91,4194.97,92.0,the_long_water,23.70,cloudy,17.952,6.296,0.00,23.05,world
994.65,2026-08-31 00:57:22,-151.53,-1.91,4193.81,-96.0,the_long_water,23.72,cloudy,17.952,6.296,0.00,22.06,world
995.15,2026-08-31 00:57:23,-152.42,-1.91,4194.96,-92.9,the_long_water,23.74,cloudy,24.044,6.586,0.00,23.51,world
995.65,2026-08-31 00:57:23,-152.47,-1.91,4195.00,3.3,the_long_water,23.76,cloudy,24.044,6.586,0.00,23.57,world
996.15,2026-08-31 00:57:24,-151.52,-1.91,4194.97,92.5,the_long_water,23.78,cloudy,19.653,8.282,0.00,23.05,world
996.65,2026-08-31 00:57:24,-151.43,-2.00,4193.35,127.5,the_long_water,23.80,cloudy,19.653,8.282,0.00,21.62,world
997.15,2026-08-31 00:57:25,-151.79,-1.91,4194.82,-76.7,the_long_water,23.82,cloudy,19.500,7.914,0.00,23.06,world
997.65,2026-08-31 00:57:25,-152.47,-1.91,4195.00,-30.1,the_long_water,23.84,cloudy,19.500,7.914,0.00,23.57,world
998.15,2026-08-31 00:57:26,-151.56,-1.91,4195.00,132.0,the_long_water,23.86,cloudy,19.406,7.275,0.00,23.10,world
998.65,2026-08-31 00:57:26,-152.48,-1.91,4194.84,-134.6,the_long_water,23.88,cloudy,19.406,7.275,0.00,23.44,world
999.15,2026-08-31 00:57:27,-152.44,-1.91,4194.10,2.9,the_long_water,23.90,cloudy,18.845,5.992,0.00,22.80,world
999.65,2026-08-31 00:57:27,-151.52,-1.91,4194.97,92.9,the_long_water,23.92,cloudy,18.845,5.992,0.00,23.05,world
1000.15,2026-08-31 00:57:28,-151.70,-1.91,4195.00,-55.9,the_long_water,23.94,cloudy,17.652,7.043,0.00,23.17,world
1000.65,2026-08-31 00:57:28,-152.48,-1.91,4194.67,-164.0,the_long_water,23.96,cloudy,17.652,7.043,0.00,23.29,world
1001.15,2026-08-31 00:57:29,-152.97,-1.94,4193.63,5.8,the_long_water,23.98,cloudy,19.881,7.898,0.00,22.70,world
1001.65,2026-08-31 00:57:29,-154.00,-2.00,4194.09,-84.1,the_long_water,24.00,cloudy,19.881,7.898,0.00,23.68,world
1002.15,2026-08-31 00:57:30,-155.89,-2.30,4194.67,-21.1,the_long_water,0.02,cloudy,17.840,7.201,0.00,25.28,world
1002.65,2026-08-31 00:57:30,-155.53,-5.02,4196.82,29.8,the_long_water,0.04,cloudy,17.840,7.201,0.00,26.79,world
1003.15,2026-08-31 00:57:31,-156.66,-2.00,4189.56,19.1,the_long_water,0.06,cloudy,18.359,7.596,0.00,22.12,world
1003.65,2026-08-31 00:57:31,-154.79,-2.00,4189.76,109.1,the_long_water,0.08,cloudy,18.359,7.596,0.00,20.89,world
1004.15,2026-08-31 00:57:32,-152.72,-2.00,4189.38,14.6,the_long_water,0.10,cloudy,19.308,7.203,0.00,19.20,world
1004.65,2026-08-31 00:57:32,-152.57,-2.00,4191.87,3.0,the_long_water,0.12,cloudy,19.308,7.203,0.00,21.04,world
1005.15,2026-08-31 00:57:33,-152.45,-1.91,4194.28,3.0,the_long_water,0.14,cloudy,18.827,6.178,0.00,22.95,world
1005.65,2026-08-31 00:57:33,-152.00,-1.91,4195.00,87.0,the_long_water,0.16,cloudy,18.827,6.178,0.00,23.32,world
1006.15,2026-08-31 00:57:34,-152.48,-1.91,4194.96,-92.4,the_long_water,0.18,cloudy,27.555,9.282,0.00,23.54,world
1006.65,2026-08-31 00:57:34,-152.47,-1.92,4193.73,-75.0,the_long_water,0.20,cloudy,27.555,9.282,0.00,22.50,world
1007.15,2026-08-31 00:57:35,-151.52,-1.91,4194.96,92.9,the_long_water,0.22,cloudy,22.203,6.822,0.00,23.05,world
1007.65,2026-08-31 00:57:35,-151.54,-1.91,4195.00,-3.3,the_long_water,0.24,cloudy,22.203,6.822,0.00,23.09,world
1008.15,2026-08-31 00:57:36,-152.05,-1.91,4194.98,143.9,the_long_water,0.26,cloudy,17.740,5.957,0.00,23.34,world
1008.65,2026-08-31 00:57:36,-151.52,-1.91,4194.39,180.0,the_long_water,0.28,cloudy,17.740,5.957,0.00,22.55,world
1009.15,2026-08-31 00:57:37,-151.61,-1.91,4195.00,-13.4,the_long_water,0.30,cloudy,18.675,6.172,0.00,23.12,world
1009.65,2026-08-31 00:57:37,-152.48,-1.91,4194.86,-113.9,the_long_water,0.32,cloudy,18.675,6.172,0.00,23.46,world
1010.15,2026-08-31 00:57:38,-151.89,-1.91,4194.98,92.5,the_long_water,0.34,cloudy,18.348,5.902,0.00,23.25,world
1010.65,2026-08-31 00:57:38,-151.52,-1.91,4194.22,-180.0,the_long_water,0.36,cloudy,18.348,5.902,0.00,22.41,world
1011.15,2026-08-31 00:57:39,-151.44,-1.91,4194.15,-3.9,the_long_water,0.38,cloudy,21.081,6.824,0.00,22.30,world
1011.65,2026-08-31 00:57:39,-152.48,-1.91,4194.81,-93.1,the_long_water,0.40,cloudy,21.081,6.824,0.00,23.42,world
1012.15,2026-08-31 00:57:40,-152.29,-1.91,4195.00,55.9,the_long_water,0.42,cloudy,18.132,6.025,0.00,23.48,world
1012.65,2026-08-31 00:57:40,-152.48,-1.91,4194.96,-92.6,the_long_water,0.44,cloudy,18.132,6.025,0.00,23.54,world
1013.15,2026-08-31 00:57:41,-152.49,-1.96,4193.60,-117.0,the_long_water,0.46,cloudy,18.927,6.601,0.00,22.40,world
1013.65,2026-08-31 00:57:41,-151.86,-1.91,4194.98,93.0,the_long_water,0.48,cloudy,18.927,6.601,0.00,23.24,world
1014.15,2026-08-31 00:57:42,-151.53,-1.91,4195.00,-1.6,the_long_water,0.50,cloudy,19.809,6.617,0.00,23.08,world
1014.65,2026-08-31 00:57:42,-152.48,-1.91,4195.00,-48.0,the_long_water,0.52,cloudy,19.809,6.617,0.00,23.57,world
1015.15,2026-08-31 00:57:43,-151.52,-1.91,4194.94,93.4,the_long_water,0.54,cloudy,18.305,6.032,0.00,23.03,world
1015.65,2026-08-31 00:57:43,-151.53,-1.91,4195.00,-3.4,the_long_water,0.56,cloudy,18.305,6.032,0.00,23.09,world
1016.15,2026-08-31 00:57:44,-152.48,-1.91,4194.95,-112.6,the_long_water,0.58,cloudy,18.926,6.230,0.00,23.53,world
1016.65,2026-08-31 00:57:44,-152.80,-2.00,4193.41,-43.4,the_long_water,0.60,cloudy,18.926,6.230,0.00,22.42,world
1017.15,2026-08-31 00:57:45,-151.59,-1.91,4194.26,93.5,the_long_water,0.62,cloudy,17.806,6.038,0.00,22.48,world
1017.65,2026-08-31 00:57:45,-149.54,-2.00,4193.89,93.5,the_long_water,0.64,cloudy,17.806,6.038,0.00,21.16,world
1018.15,2026-08-31 00:57:46,-149.42,-2.23,4195.58,-19.2,the_long_water,0.66,cloudy,17.229,6.406,0.00,22.64,world
1018.65,2026-08-31 00:57:46,-150.24,-5.27,4197.95,-19.2,the_long_water,0.68,cloudy,17.229,6.406,0.00,25.13,world
1019.15,2026-08-31 00:57:47,-145.31,-2.27,4190.77,-28.7,the_long_water,0.70,cloudy,18.779,6.208,0.00,16.64,world
1019.65,2026-08-31 00:57:47,-144.81,-2.65,4192.45,-34.3,the_long_water,0.72,cloudy,18.779,6.208,0.00,18.10,world
1020.15,2026-08-31 00:57:48,-146.18,-2.60,4194.49,-34.4,the_long_water,0.74,cloudy,20.796,6.055,0.00,20.45,world
1020.65,2026-08-31 00:57:48,-147.59,-3.19,4196.58,-34.5,the_long_water,0.76,cloudy,20.796,6.055,0.00,22.88,world
1021.15,2026-08-31 00:57:49,-144.91,-1.66,4190.02,-28.6,the_long_water,0.78,cloudy,19.609,6.175,0.00,15.81,world
1021.65,2026-08-31 00:57:49,-146.00,-2.02,4190.91,-118.7,the_long_water,0.80,cloudy,19.609,6.175,0.00,17.00,world
1022.15,2026-08-31 00:57:50,-147.99,-2.00,4190.43,-118.7,the_long_water,0.82,cloudy,18.811,6.196,0.00,17.38,world
1022.65,2026-08-31 00:57:50,-148.89,-2.00,4192.46,-16.4,the_long_water,0.84,cloudy,18.811,6.196,0.00,19.59,world
1023.15,2026-08-31 00:57:51,-149.60,-2.14,4194.86,-16.4,the_long_water,0.86,cloudy,18.302,6.397,0.00,22.06,world
1023.65,2026-08-31 00:57:51,-150.31,-3.42,4197.27,-16.5,the_long_water,0.88,cloudy,18.302,6.397,0.00,24.54,world
1024.15,2026-08-31 00:57:52,-145.00,-2.30,4190.18,-28.6,the_long_water,0.90,cloudy,18.644,7.061,0.00,15.98,world
1024.65,2026-08-31 00:57:52,-146.43,-2.01,4190.67,-118.7,the_long_water,0.92,cloudy,18.644,7.061,0.00,16.94,world
1025.15,2026-08-31 00:57:53,-148.35,-2.00,4190.48,-118.7,the_long_water,0.94,cloudy,19.346,6.378,0.00,17.59,world
1025.65,2026-08-31 00:57:53,-150.35,-2.00,4189.69,-34.6,the_long_water,0.96,cloudy,19.346,6.378,0.00,17.97,world
1026.15,2026-08-31 00:57:54,-150.68,-2.00,4192.12,-6.9,the_long_water,0.98,cloudy,19.084,6.379,0.00,20.18,world
1026.65,2026-08-31 00:57:54,-150.91,-1.92,4194.01,-6.9,the_long_water,1.00,cloudy,19.084,6.379,0.00,21.91,world
1027.15,2026-08-31 00:57:55,-149.33,-2.09,4194.38,37.5,the_long_water,1.02,cloudy,19.050,6.414,0.00,21.51,world
1027.65,2026-08-31 00:57:55,-149.91,-2.57,4196.67,-18.3,the_long_water,1.04,cloudy,19.050,6.414,0.00,23.83,world
1028.15,2026-08-31 00:57:56,-144.90,-1.52,4189.99,-28.6,the_long_water,1.06,cloudy,17.086,6.821,0.00,15.77,world
1028.65,2026-08-31 00:57:56,-145.87,-2.04,4190.97,-118.7,the_long_water,1.08,cloudy,17.086,6.821,0.00,17.02,world
1029.15,2026-08-31 00:57:57,-147.87,-2.00,4190.40,-118.7,the_long_water,1.10,cloudy,18.405,5.728,0.00,17.30,world
1029.65,2026-08-31 00:57:57,-149.95,-2.00,4189.63,-118.7,the_long_water,1.12,cloudy,18.405,5.728,0.00,17.69,world
1030.15,2026-08-31 00:57:58,-152.06,-2.00,4188.58,-66.1,the_long_water,1.14,cloudy,18.741,5.987,0.00,18.16,world
1030.65,2026-08-31 00:57:58,-152.17,-2.00,4190.85,0.8,the_long_water,1.16,cloudy,18.741,5.987,0.00,19.98,world
1031.15,2026-08-31 00:57:59,-152.13,-2.00,4193.35,0.8,the_long_water,1.18,cloudy,20.041,5.859,0.00,22.00,world
1031.65,2026-08-31 00:57:59,-152.11,-1.91,4195.00,0.8,the_long_water,1.20,cloudy,20.041,5.859,0.00,23.38,world
1032.15,2026-08-31 00:58:00,-151.53,-1.91,4194.99,90.8,the_long_water,1.22,cloudy,20.146,6.390,0.00,23.08,world
1032.65,2026-08-31 00:58:00,-151.50,-2.00,4193.52,159.0,the_long_water,1.24,cloudy,20.146,6.390,0.00,21.80,world
1033.15,2026-08-31 00:58:01,-151.61,-1.91,4194.58,-34.8,the_long_water,1.26,cloudy,19.453,5.949,0.00,22.76,world
1033.65,2026-08-31 00:58:01,-152.48,-1.91,4194.62,-82.6,the_long_water,1.28,cloudy,19.453,5.949,0.00,23.26,world
1034.15,2026-08-31 00:58:02,-151.88,-1.91,4195.00,90.0,the_long_water,1.30,cloudy,23.351,14.846,0.00,23.26,world
1034.65,2026-08-31 00:58:02,-152.48,-1.91,4194.97,-92.1,the_long_water,1.32,cloudy,23.351,14.846,0.00,23.54,world
1035.15,2026-08-31 00:58:03,-152.47,-1.91,4193.96,-53.9,the_long_water,1.34,cloudy,19.450,5.825,0.00,22.69,world
1035.65,2026-08-31 00:58:03,-151.52,-1.91,4194.96,93.0,the_long_water,1.36,cloudy,19.450,5.825,0.00,23.04,world
1036.15,2026-08-31 00:58:04,-151.54,-1.91,4195.00,-3.3,the_long_water,1.38,cloudy,19.550,6.361,0.00,23.09,world
1036.65,2026-08-31 00:58:04,-152.48,-1.91,4194.97,-92.5,the_long_water,1.40,cloudy,19.550,6.361,0.00,23.55,world
1037.15,2026-08-31 00:58:05,-152.64,-2.00,4193.32,-85.5,the_long_water,1.42,cloudy,19.662,6.572,0.00,22.26,world
1037.65,2026-08-31 00:58:05,-151.91,-1.91,4194.82,93.1,the_long_water,1.44,cloudy,19.662,6.572,0.00,23.12,world
1038.15,2026-08-31 00:58:06,-151.54,-1.91,4195.00,-3.3,the_long_water,1.46,cloudy,19.402,6.374,0.00,23.09,world
1038.65,2026-08-31 00:58:06,-152.23,-1.91,4194.99,-174.0,the_long_water,1.48,cloudy,19.402,6.374,0.00,23.44,world
1039.15,2026-08-31 00:58:07,-151.52,-1.91,4194.55,176.6,the_long_water,1.50,cloudy,18.244,5.826,0.00,22.69,world
1039.65,2026-08-31 00:58:07,-151.59,-1.91,4194.44,-2.8,the_long_water,1.52,cloudy,18.244,5.826,0.00,22.63,world
1040.15,2026-08-31 00:58:08,-152.48,-1.91,4194.97,-92.8,the_long_water,1.54,cloudy,19.390,6.430,0.00,23.55,world
1040.65,2026-08-31 00:58:08,-151.98,-1.91,4195.00,90.4,the_long_water,1.56,cloudy,19.390,6.430,0.00,23.31,world
1041.15,2026-08-31 00:58:09,-151.52,-1.91,4194.34,180.0,the_long_water,1.58,cloudy,21.140,6.958,0.00,22.51,world
1041.65,2026-08-31 00:58:09,-151.07,-1.91,4193.92,-5.8,the_long_water,1.60,cloudy,21.140,6.958,0.00,21.92,world
1042.15,2026-08-31 00:58:10,-149.67,-2.02,4194.13,84.2,the_long_water,1.62,cloudy,17.286,5.992,0.00,21.43,world
1042.65,2026-08-31 00:58:10,-147.14,-2.34,4194.39,84.2,the_long_water,1.64,cloudy,17.286,5.992,0.00,20.66,world
1043.15,2026-08-31 00:58:11,-146.50,-3.08,4195.53,-36.4,the_long_water,1.66,cloudy,18.787,6.808,0.00,21.54,world
1043.65,2026-08-31 00:58:11,-147.98,-5.58,4197.55,-36.4,the_long_water,1.68,cloudy,18.787,6.808,0.00,23.92,world
1044.15,2026-08-31 00:58:12,-145.32,-2.27,4190.77,-28.7,the_long_water,1.70,cloudy,20.674,7.085,0.00,16.64,world
1044.65,2026-08-31 00:58:12,-147.09,-2.01,4190.31,-118.7,the_long_water,1.72,cloudy,20.674,7.085,0.00,16.87,world
1045.15,2026-08-31 00:58:13,-148.54,-2.00,4191.27,-16.4,the_long_water,1.74,cloudy,22.285,7.710,0.00,18.37,world
1045.65,2026-08-31 00:58:13,-149.25,-2.00,4193.65,-16.4,the_long_water,1.76,cloudy,22.285,7.710,0.00,20.82,world
1046.15,2026-08-31 00:58:14,-149.96,-2.16,4196.07,-16.4,the_long_water,1.78,cloudy,21.742,6.891,0.00,23.31,world
1046.65,2026-08-31 00:58:14,-150.66,-6.85,4198.48,-16.5,the_long_water,1.80,cloudy,21.742,6.891,0.00,25.79,world
1047.15,2026-08-31 00:58:15,-145.55,-2.18,4191.05,-70.7,the_long_water,1.82,cloudy,19.969,6.667,0.00,16.98,world
1047.65,2026-08-31 00:58:15,-147.47,-2.01,4190.29,-118.7,the_long_water,1.84,cloudy,19.969,6.667,0.00,17.02,world
1048.15,2026-08-31 00:58:16,-149.45,-2.00,4189.90,-118.7,the_long_water,1.86,cloudy,20.752,6.509,0.00,17.65,world
1048.65,2026-08-31 00:58:16,-150.54,-2.00,4190.87,-6.9,the_long_water,1.88,cloudy,20.752,6.509,0.00,19.05,world
1049.15,2026-08-31 00:58:17,-150.84,-2.00,4193.36,-6.9,the_long_water,1.90,cloudy,19.800,6.932,0.00,21.32,world
1049.65,2026-08-31 00:58:17,-150.49,-2.00,4194.07,77.2,the_long_water,1.92,cloudy,19.800,6.932,0.00,21.77,world
1050.15,2026-08-31 00:58:18,-149.52,-2.20,4195.45,-18.1,the_long_water,1.94,cloudy,19.280,6.394,0.00,22.56,world
1050.65,2026-08-31 00:58:18,-150.30,-4.80,4197.83,-18.2,the_long_water,1.96,cloudy,19.280,6.394,0.00,25.05,world
1051.15,2026-08-31 00:58:19,-145.24,-2.29,4190.63,-28.6,the_long_water,1.98,cloudy,16.955,6.913,0.00,16.48,world
1051.65,2026-08-31 00:58:19,-146.94,-2.01,4190.39,-118.7,the_long_water,2.00,cloudy,16.955,6.913,0.00,16.88,world
1052.15,2026-08-31 00:58:20,-148.86,-2.00,4190.23,-118.7,the_long_water,2.02,cloudy,19.630,7.060,0.00,17.62,world
1052.65,2026-08-31 00:58:20,-151.05,-2.00,4189.03,-118.7,the_long_water,2.04,cloudy,19.630,7.060,0.00,17.86,world
1053.15,2026-08-31 00:58:21,-152.19,-2.00,4189.60,0.8,the_long_water,2.06,cloudy,18.817,6.335,0.00,19.02,world
1053.65,2026-08-31 00:58:21,-152.15,-2.00,4192.10,0.8,the_long_water,2.08,cloudy,18.817,6.335,0.00,20.98,world
1054.15,2026-08-31 00:58:22,-152.12,-1.91,4194.51,0.8,the_long_water,2.10,cloudy,19.669,6.635,0.00,22.96,world
1054.65,2026-08-31 00:58:22,-152.11,-1.91,4195.00,0.8,the_long_water,2.12,cloudy,19.669,6.635,0.00,23.38,world
1055.15,2026-08-31 00:58:23,-151.52,-1.91,4194.75,153.8,the_long_water,2.14,cloudy,18.089,6.304,0.00,22.86,world
1055.65,2026-08-31 00:58:23,-151.29,-1.93,4193.68,1.4,the_long_water,2.16,cloudy,18.089,6.304,0.00,21.83,world
1056.15,2026-08-31 00:58:24,-152.48,-1.91,4194.66,-93.1,the_long_water,2.18,cloudy,17.778,6.685,0.00,23.28,world
1056.65,2026-08-31 00:58:24,-152.45,-1.91,4195.00,3.3,the_long_water,2.20,cloudy,17.778,6.685,0.00,23.56,world
1057.15,2026-08-31 00:58:25,-152.02,-1.91,4194.98,-133.4,the_long_water,2.22,cloudy,17.442,6.016,0.00,23.32,world
1057.65,2026-08-31 00:58:25,-152.48,-1.91,4194.31,180.0,the_long_water,2.24,cloudy,17.442,6.016,0.00,22.99,world
1058.15,2026-08-31 00:58:26,-152.38,-1.91,4195.00,24.0,the_long_water,2.26,cloudy,17.253,6.277,0.00,23.52,world
1058.65,2026-08-31 00:58:26,-151.52,-1.91,4194.85,103.5,the_long_water,2.28,cloudy,17.253,6.277,0.00,22.95,world
1059.15,2026-08-31 00:58:27,-152.20,-1.91,4194.98,-92.5,the_long_water,2.30,cloudy,17.063,6.990,0.00,23.41,world
1059.65,2026-08-31 00:58:27,-152.48,-1.91,4194.14,180.0,the_long_water,2.32,cloudy,17.063,6.990,0.00,22.85,world
1060.15,2026-08-31 00:58:28,-152.53,-1.91,4194.19,3.7,the_long_water,2.34,cloudy,18.834,5.757,0.00,22.92,world
1060.65,2026-08-31 00:58:28,-151.52,-1.91,4194.80,93.1,the_long_water,2.36,cloudy,18.834,5.757,0.00,22.90,world
1061.15,2026-08-31 00:58:29,-151.78,-1.91,4195.00,-66.3,the_long_water,2.38,cloudy,21.188,6.788,0.00,23.21,world
1061.65,2026-08-31 00:58:29,-151.52,-1.91,4194.96,92.6,the_long_water,2.40,cloudy,21.188,6.788,0.00,23.05,world
1062.15,2026-08-31 00:58:30,-151.54,-1.97,4193.59,-106.5,the_long_water,2.42,cloudy,19.102,5.949,0.00,21.88,world
1062.65,2026-08-31 00:58:30,-152.26,-1.91,4194.98,-92.8,the_long_water,2.44,cloudy,19.102,5.949,0.00,23.44,world
1063.15,2026-08-31 00:58:31,-152.47,-1.91,4195.00,3.4,the_long_water,2.46,cloudy,17.857,5.772,0.00,23.57,world
1063.65,2026-08-31 00:58:31,-151.52,-1.91,4195.00,90.4,the_long_water,2.48,cloudy,17.857,5.772,0.00,23.08,world
1064.15,2026-08-31 00:58:32,-151.29,-2.00,4193.31,106.5,the_long_water,2.50,cloudy,20.315,5.574,0.00,21.51,world
1064.65,2026-08-31 00:58:32,-150.91,-1.91,4194.00,46.7,the_long_water,2.52,cloudy,20.315,5.574,0.00,21.91,world
1065.15,2026-08-31 00:58:33,-148.41,-2.06,4194.26,84.2,the_long_water,2.54,cloudy,18.276,6.496,0.00,21.01,world
1065.65,2026-08-31 00:58:33,-146.01,-2.70,4194.60,31.7,the_long_water,2.56,cloudy,18.276,6.496,0.00,20.50,world
1066.15,2026-08-31 00:58:34,-147.24,-3.32,4196.54,-36.4,the_long_water,2.58,cloudy,21.005,20.807,0.00,22.73,world
1066.65,2026-08-31 00:58:34,-144.91,-1.66,4190.02,-28.6,the_long_water,2.60,cloudy,21.005,20.807,0.00,15.81,world
1067.15,2026-08-31 00:58:35,-146.00,-2.02,4190.90,-118.7,the_long_water,2.62,cloudy,18.028,5.943,0.00,17.00,world
1067.65,2026-08-31 00:58:35,-147.99,-2.00,4190.43,-118.7,the_long_water,2.64,cloudy,18.028,5.943,0.00,17.38,world
1068.15,2026-08-31 00:58:36,-148.90,-2.00,4192.46,-16.4,the_long_water,2.66,cloudy,18.238,6.561,0.00,19.60,world
1068.65,2026-08-31 00:58:36,-149.60,-2.14,4194.87,-16.4,the_long_water,2.68,cloudy,18.238,6.561,0.00,22.07,world
1069.15,2026-08-31 00:58:37,-150.31,-3.42,4197.28,-16.5,the_long_water,2.70,cloudy,21.002,5.959,0.00,24.55,world
1069.65,2026-08-31 00:58:37,-145.00,-2.30,4190.18,-28.6,the_long_water,2.72,cloudy,21.002,5.959,0.00,15.98,world
1070.15,2026-08-31 00:58:38,-146.43,-2.01,4190.67,-118.7,the_long_water,2.74,cloudy,18.852,6.136,0.00,16.94,world
1070.65,2026-08-31 00:58:38,-148.35,-2.00,4190.48,-118.7,the_long_water,2.76,cloudy,18.852,6.136,0.00,17.59,world
1071.15,2026-08-31 00:58:39,-150.35,-2.00,4189.69,-34.6,the_long_water,2.78,cloudy,17.748,6.259,0.00,17.97,world
1071.65,2026-08-31 00:58:39,-150.68,-2.00,4192.12,-6.9,the_long_water,2.80,cloudy,17.748,6.259,0.00,20.18,world
1072.15,2026-08-31 00:58:40,-150.91,-1.91,4194.01,-6.9,the_long_water,2.82,cloudy,17.315,6.415,0.00,21.91,world
1072.65,2026-08-31 00:58:40,-149.33,-2.09,4194.38,37.5,the_long_water,2.84,cloudy,17.315,6.415,0.00,21.51,world
1073.15,2026-08-31 00:58:41,-149.91,-2.60,4196.68,-18.3,the_long_water,2.86,cloudy,19.872,6.283,0.00,23.83,world
1073.65,2026-08-31 00:58:41,-144.90,-1.58,4190.01,-28.6,the_long_water,2.88,cloudy,19.872,6.283,0.00,15.79,world
1074.15,2026-08-31 00:58:42,-145.93,-2.02,4190.94,-118.7,the_long_water,2.90,cloudy,20.093,6.514,0.00,17.01,world
1074.65,2026-08-31 00:58:42,-147.94,-2.00,4190.42,-118.7,the_long_water,2.92,cloudy,20.093,6.514,0.00,17.34,world
1075.15,2026-08-31 00:58:43,-150.04,-2.00,4189.58,-118.7,the_long_water,2.94,cloudy,20.206,6.567,0.00,17.70,world
1075.65,2026-08-31 00:58:43,-152.11,-2.00,4188.59,-55.6,the_long_water,2.96,cloudy,20.206,6.567,0.00,18.20,world
1076.15,2026-08-31 00:58:44,-152.17,-2.00,4190.93,0.8,the_long_water,2.98,cloudy,20.617,7.085,0.00,20.05,world
1076.65,2026-08-31 00:58:44,-152.14,-2.00,4193.43,0.8,the_long_water,3.00,cloudy,20.617,7.085,0.00,22.07,world
1077.15,2026-08-31 00:58:45,-152.12,-1.91,4195.00,0.8,the_long_water,3.02,cloudy,22.448,7.331,0.00,23.38,world
1077.65,2026-08-31 00:58:45,-151.52,-1.91,4194.99,90.8,the_long_water,3.04,cloudy,22.448,7.331,0.00,23.07,world
1078.15,2026-08-31 00:58:46,-151.52,-1.93,4193.66,-180.0,the_long_water,3.06,cloudy,23.329,6.581,0.00,21.93,world
1078.65,2026-08-31 00:58:46,-151.60,-1.91,4194.73,-34.6,the_long_water,3.08,cloudy,23.329,6.581,0.00,22.89,world
1079.15,2026-08-31 00:58:47,-152.48,-1.91,4194.89,-72.1,the_long_water,3.10,cloudy,18.280,6.339,0.00,23.48,world
1079.65,2026-08-31 00:58:47,-151.60,-1.91,4195.00,111.0,the_long_water,3.12,cloudy,18.280,6.339,0.00,23.12,world
1080.15,2026-08-31 00:58:48,-152.48,-1.91,4194.97,-92.0,the_long_water,3.14,cloudy,17.867,5.855,0.00,23.55,world
1080.65,2026-08-31 00:58:48,-152.45,-1.91,4194.28,-11.9,the_long_water,3.16,cloudy,17.867,5.855,0.00,22.95,world
1081.15,2026-08-31 00:58:49,-151.52,-1.91,4194.96,93.0,the_long_water,3.18,cloudy,37.191,7.446,0.00,23.04,world
1081.65,2026-08-31 00:58:49,-151.54,-1.91,4195.00,-3.3,the_long_water,3.20,cloudy,37.191,7.446,0.00,23.09,world
1082.15,2026-08-31 00:58:50,-152.48,-1.91,4194.93,-113.5,the_long_water,3.22,cloudy,18.136,5.667,0.00,23.52,world
1082.65,2026-08-31 00:58:50,-152.66,-2.00,4193.48,-43.4,the_long_water,3.24,cloudy,18.136,5.667,0.00,22.40,world
1083.15,2026-08-31 00:58:51,-151.58,-1.91,4194.80,93.1,the_long_water,3.26,cloudy,19.686,6.053,0.00,22.94,world
1083.65,2026-08-31 00:58:51,-151.54,-1.91,4195.00,-3.3,the_long_water,3.28,cloudy,19.686,6.053,0.00,23.09,world
1084.15,2026-08-31 00:58:52,-151.90,-1.91,4194.97,143.9,the_long_water,3.30,cloudy,18.601,6.629,0.00,23.25,world
1084.65,2026-08-31 00:58:52,-151.52,-1.91,4194.22,-180.0,the_long_water,3.32,cloudy,18.601,6.629,0.00,22.40,world
1085.15,2026-08-31 00:58:53,-151.61,-1.91,4194.78,-13.3,the_long_water,3.34,cloudy,19.089,5.741,0.00,22.93,world
1085.65,2026-08-31 00:58:53,-152.48,-1.91,4194.91,-103.3,the_long_water,3.36,cloudy,19.089,5.741,0.00,23.50,world
1086.15,2026-08-31 00:58:54,-151.81,-1.91,4195.00,90.0,the_long_water,3.38,cloudy,21.210,6.781,0.00,23.23,world
1086.65,2026-08-31 00:58:54,-152.35,-1.91,4194.96,-93.2,the_long_water,3.40,cloudy,21.210,6.781,0.00,23.47,world
1087.15,2026-08-31 00:58:55,-152.46,-1.91,4195.00,-19.6,the_long_water,3.42,cloudy,18.332,5.639,0.00,23.56,world
1087.65,2026-08-31 00:58:55,-151.52,-1.91,4194.96,93.0,the_long_water,3.44,cloudy,18.332,5.639,0.00,23.04,world
1088.15,2026-08-31 00:58:56,-151.54,-1.91,4195.00,-3.3,the_long_water,3.46,cloudy,20.258,6.083,0.00,23.09,world
1088.65,2026-08-31 00:58:56,-152.48,-1.91,4194.96,-93.0,the_long_water,3.48,cloudy,20.258,6.083,0.00,23.54,world
1089.15,2026-08-31 00:58:57,-152.46,-1.91,4195.00,3.3,the_long_water,3.50,cloudy,17.373,6.079,0.00,23.56,world
1089.65,2026-08-31 00:58:57,-151.52,-1.91,4194.96,93.0,the_long_water,3.52,cloudy,17.373,6.079,0.00,23.04,world
1090.15,2026-08-31 00:58:58,-151.61,-1.91,4195.00,-34.8,the_long_water,3.54,cloudy,19.963,8.038,0.00,23.13,world
1090.65,2026-08-31 00:58:58,-152.48,-1.91,4194.86,-114.0,the_long_water,3.56,cloudy,19.963,8.038,0.00,23.46,world
1091.15,2026-08-31 00:58:59,-151.89,-1.91,4194.98,92.5,the_long_water,3.58,cloudy,18.572,6.326,0.00,23.25,world
1091.65,2026-08-31 00:58:59,-151.52,-1.91,4194.22,180.0,the_long_water,3.60,cloudy,18.572,6.326,0.00,22.41,world
1092.15,2026-08-31 00:59:00,-151.44,-1.91,4194.15,-3.9,the_long_water,3.62,cloudy,17.739,5.862,0.00,22.30,world
1092.65,2026-08-31 00:59:00,-152.48,-1.91,4194.81,-93.1,the_long_water,3.64,cloudy,17.739,5.862,0.00,23.41,world
1093.15,2026-08-31 00:59:01,-152.35,-1.91,4195.00,45.4,the_long_water,3.66,cloudy,18.301,5.961,0.00,23.51,world
1093.65,2026-08-31 00:59:01,-152.48,-1.91,4194.95,-93.4,the_long_water,3.68,cloudy,18.301,5.961,0.00,23.53,world
1094.15,2026-08-31 00:59:02,-152.47,-1.91,4195.00,3.4,the_long_water,3.70,cloudy,19.037,6.090,0.00,23.57,world
1094.65,2026-08-31 00:59:02,-151.52,-1.91,4194.98,91.6,the_long_water,3.72,cloudy,19.037,6.090,0.00,23.06,world
1095.15,2026-08-31 00:59:03,-151.23,-2.00,4193.33,64.5,the_long_water,3.74,cloudy,17.866,6.021,0.00,21.49,world
1095.65,2026-08-31 00:59:03,-152.25,-1.91,4194.32,-93.4,the_long_water,3.76,cloudy,17.866,6.021,0.00,22.88,world
1096.15,2026-08-31 00:59:04,-154.04,-2.00,4193.92,-93.4,the_long_water,3.78,cloudy,19.294,6.078,0.00,23.56,world
1096.65,2026-08-31 00:59:04,-154.37,-2.40,4195.52,17.6,the_long_water,3.80,cloudy,19.294,6.078,0.00,25.05,world
1097.15,2026-08-31 00:59:05,-153.61,-5.41,4197.92,17.6,the_long_water,3.82,cloudy,18.005,6.168,0.00,26.65,world
1097.65,2026-08-31 00:59:05,-156.60,-2.00,4189.72,19.1,the_long_water,3.84,cloudy,18.005,6.168,0.00,22.19,world
1098.15,2026-08-31 00:59:06,-158.15,-2.06,4190.95,-49.9,the_long_water,3.86,cloudy,20.145,5.956,0.00,24.16,world
1098.65,2026-08-31 00:59:06,-157.38,-2.13,4193.02,28.3,the_long_water,3.88,cloudy,20.145,5.956,0.00,25.04,world
1099.15,2026-08-31 00:59:07,-156.19,-3.06,4195.25,28.4,the_long_water,3.90,cloudy,19.070,5.998,0.00,25.92,world
1099.65,2026-08-31 00:59:07,-156.87,-1.01,4188.95,19.4,the_long_water,3.92,cloudy,19.070,5.998,0.00,21.89,world
1100.15,2026-08-31 00:59:08,-156.25,-2.00,4190.20,82.1,the_long_water,3.94,cloudy,18.295,6.075,0.00,22.25,world
1100.65,2026-08-31 00:59:08,-153.92,-2.00,4189.46,109.1,the_long_water,3.96,cloudy,18.295,6.075,0.00,20.07,world
1101.15,2026-08-31 00:59:09,-152.66,-2.00,4190.28,3.0,the_long_water,3.98,cloudy,19.814,7.099,0.00,19.84,world
1101.65,2026-08-31 00:59:09,-152.53,-2.00,4192.79,3.0,the_long_water,4.00,cloudy,19.814,7.099,0.00,21.76,world
1102.15,2026-08-31 00:59:10,-152.41,-1.91,4195.00,3.0,the_long_water,4.02,clear,18.578,5.815,0.00,23.54,world
1102.65,2026-08-31 00:59:10,-151.65,-1.91,4194.99,163.5,the_long_water,4.04,clear,18.578,5.815,0.00,23.14,world
1103.15,2026-08-31 00:59:11,-152.48,-1.91,4194.72,-155.4,the_long_water,4.06,clear,20.055,6.468,0.00,23.33,world
1103.65,2026-08-31 00:59:11,-152.43,-1.91,4194.55,2.9,the_long_water,4.08,clear,20.055,6.468,0.00,23.17,world
1104.15,2026-08-31 00:59:12,-151.52,-1.91,4194.96,92.9,the_long_water,4.10,clear,21.362,6.352,0.00,23.05,world
1104.65,2026-08-31 00:59:12,-151.71,-1.91,4195.00,-55.8,the_long_water,4.12,clear,21.362,6.352,0.00,23.18,world
1105.15,2026-08-31 00:59:13,-151.52,-1.91,4194.97,92.0,the_long_water,4.14,clear,18.257,6.304,0.00,23.05,world
1105.65,2026-08-31 00:59:13,-151.53,-1.91,4193.80,-106.5,the_long_water,4.16,clear,18.257,6.304,0.00,22.05,world
1106.15,2026-08-31 00:59:14,-152.34,-1.91,4194.96,-92.9,the_long_water,4.18,clear,21.911,6.207,0.00,23.47,world
1106.65,2026-08-31 00:59:14,-152.47,-1.91,4195.00,1.7,the_long_water,4.20,clear,21.911,6.207,0.00,23.57,world
1107.15,2026-08-31 00:59:15,-151.52,-1.91,4194.97,92.5,the_long_water,4.22,clear,19.873,8.855,0.00,23.05,world
1107.65,2026-08-31 00:59:15,-151.45,-2.00,4193.39,138.0,the_long_water,4.24,clear,19.873,8.855,0.00,21.66,world
1108.15,2026-08-31 00:59:16,-151.73,-1.91,4194.80,-66.2,the_long_water,4.26,clear,20.880,6.607,0.00,23.01,world
1108.65,2026-08-31 00:59:16,-152.47,-1.91,4194.98,-40.6,the_long_water,4.28,clear,20.880,6.607,0.00,23.55,world
1109.15,2026-08-31 00:59:17,-151.53,-1.91,4195.00,121.5,the_long_water,4.30,clear,19.177,6.083,0.00,23.08,world
1109.65,2026-08-31 00:59:17,-152.48,-1.91,4194.89,-124.1,the_long_water,4.32,clear,19.177,6.083,0.00,23.48,world
1110.15,2026-08-31 00:59:18,-152.45,-1.91,4194.02,-1.4,the_long_water,4.34,clear,19.011,5.794,0.00,22.73,world
1110.65,2026-08-31 00:59:18,-151.52,-1.91,4194.97,92.9,the_long_water,4.36,clear,19.011,5.794,0.00,23.05,world
1111.15,2026-08-31 00:59:19,-151.65,-1.91,4195.00,-45.4,the_long_water,4.38,clear,20.210,7.022,0.00,23.14,world
1111.65,2026-08-31 00:59:19,-152.48,-1.91,4194.75,-153.5,the_long_water,4.40,clear,20.210,7.022,0.00,23.36,world
1112.15,2026-08-31 00:59:20,-152.97,-1.97,4193.58,-1.4,the_long_water,4.42,clear,18.453,5.819,0.00,22.66,world
1112.65,2026-08-31 00:59:20,-153.92,-2.00,4194.08,-84.1,the_long_water,4.44,clear,18.453,5.819,0.00,23.62,world
1113.15,2026-08-31 00:59:21,-155.92,-2.40,4194.76,-0.1,the_long_water,4.46,clear,20.448,6.234,0.00,25.37,world
1113.65,2026-08-31 00:59:21,-155.52,-5.53,4197.00,30.4,the_long_water,4.48,clear,20.448,6.234,0.00,26.92,world
1114.15,2026-08-31 00:59:22,-156.58,-2.00,4189.79,19.1,the_long_water,4.50,clear,19.002,11.348,0.00,22.22,world
1114.65,2026-08-31 00:59:22,-154.55,-2.00,4189.68,109.1,the_long_water,4.52,clear,19.002,11.348,0.00,20.67,world
1115.15,2026-08-31 00:59:23,-152.69,-2.00,4189.62,3.0,the_long_water,4.54,clear,18.240,6.437,0.00,19.36,world
1115.65,2026-08-31 00:59:23,-152.56,-2.00,4192.12,3.0,the_long_water,4.56,clear,18.240,6.437,0.00,21.23,world
1116.15,2026-08-31 00:59:24,-152.44,-1.91,4194.53,3.0,the_long_water,4.58,clear,19.633,27.200,0.00,23.15,world
1116.65,2026-08-31 00:59:24,-151.75,-1.91,4195.00,90.0,the_long_water,4.60,clear,19.633,27.200,0.00,23.20,world
1117.15,2026-08-31 00:59:25,-152.48,-1.91,4194.96,-92.4,the_long_water,4.62,clear,18.936,6.384,0.00,23.54,world
1117.65,2026-08-31 00:59:25,-152.46,-1.91,4193.89,-43.4,the_long_water,4.64,clear,18.936,6.384,0.00,22.63,world
1118.15,2026-08-31 00:59:26,-151.52,-1.91,4194.96,92.9,the_long_water,4.66,clear,17.208,5.849,0.00,23.05,world
1118.65,2026-08-31 00:59:26,-151.54,-1.91,4195.00,-3.3,the_long_water,4.68,clear,17.208,5.849,0.00,23.09,world
1119.15,2026-08-31 00:59:27,-151.80,-1.91,4194.98,112.4,the_long_water,4.70,clear,19.386,6.069,0.00,23.20,world
1119.65,2026-08-31 00:59:27,-151.52,-1.91,4194.14,-180.0,the_long_water,4.72,clear,19.386,6.069,0.00,22.34,world
1120.15,2026-08-31 00:59:28,-151.71,-1.91,4194.99,-44.9,the_long_water,4.74,clear,18.870,5.871,0.00,23.17,world
1120.65,2026-08-31 00:59:28,-152.48,-1.91,4194.86,-82.4,the_long_water,4.76,clear,18.870,5.871,0.00,23.46,world
1121.15,2026-08-31 00:59:29,-151.64,-1.91,4194.97,92.5,the_long_water,4.78,clear,17.490,5.650,0.00,23.12,world
1121.65,2026-08-31 00:59:29,-151.52,-1.91,4193.97,-180.0,the_long_water,4.80,clear,17.490,5.650,0.00,22.20,world
1122.15,2026-08-31 00:59:30,-151.52,-1.91,4194.32,-3.4,the_long_water,4.82,clear,18.193,6.071,0.00,22.50,world
1122.65,2026-08-31 00:59:30,-152.48,-1.91,4194.81,-93.1,the_long_water,4.84,clear,18.193,6.071,0.00,23.41,world
1123.15,2026-08-31 00:59:31,-152.14,-1.91,4195.00,76.9,the_long_water,4.86,clear,24.301,7.764,0.00,23.40,world
1123.65,2026-08-31 00:59:31,-152.48,-1.91,4194.95,-93.4,the_long_water,4.88,clear,24.301,7.764,0.00,23.53,world
1124.15,2026-08-31 00:59:32,-152.46,-1.91,4195.00,13.9,the_long_water,4.90,clear,18.581,5.948,0.00,23.56,world
1124.65,2026-08-31 00:59:32,-151.52,-1.91,4194.91,123.1,the_long_water,4.92,clear,18.581,5.948,0.00,23.00,world
1125.15,2026-08-31 00:59:33,-151.21,-2.00,4193.46,32.9,the_long_water,4.94,clear,20.038,8.166,0.00,21.60,world
1125.65,2026-08-31 00:59:33,-152.48,-1.91,4194.33,-93.4,the_long_water,4.96,clear,20.038,8.166,0.00,23.00,world
1126.15,2026-08-31 00:59:34,-152.44,-1.91,4194.84,3.1,the_long_water,4.98,clear,20.297,6.287,0.00,23.42,world
1126.65,2026-08-31 00:59:34,-151.52,-1.91,4195.00,90.0,the_long_water,5.00,clear,20.297,6.287,0.00,23.08,world
1127.15,2026-08-31 00:59:35,-152.48,-1.91,4194.97,-92.6,the_long_water,5.02,clear,19.190,6.073,0.00,23.55,world
1127.65,2026-08-31 00:59:35,-152.49,-1.99,4193.56,-169.5,the_long_water,5.04,clear,19.190,6.073,0.00,22.37,world
1128.15,2026-08-31 00:59:36,-152.41,-1.91,4194.66,34.7,the_long_water,5.06,clear,19.301,5.692,0.00,23.25,world
1128.65,2026-08-31 00:59:36,-151.52,-1.91,4194.81,72.1,the_long_water,5.08,clear,19.301,5.692,0.00,22.92,world
1129.15,2026-08-31 00:59:37,-152.36,-1.91,4195.00,-90.0,the_long_water,5.10,clear,17.909,5.079,0.00,23.51,world
1129.65,2026-08-31 00:59:37,-151.52,-1.91,4194.96,92.6,the_long_water,5.12,clear,17.909,5.079,0.00,23.04,world
1130.15,2026-08-31 00:59:38,-151.55,-1.91,4193.78,-32.9,the_long_water,5.14,clear,19.519,5.852,0.00,22.05,world
1130.65,2026-08-31 00:59:38,-152.48,-1.91,4194.97,-92.8,the_long_water,5.16,clear,19.519,5.852,0.00,23.55,world
1131.15,2026-08-31 00:59:39,-152.46,-1.91,4195.00,13.9,the_long_water,5.18,clear,18.594,4.781,0.00,23.56,world
1131.65,2026-08-31 00:59:39,-151.52,-1.91,4194.93,122.0,the_long_water,5.20,clear,18.594,4.781,0.00,23.02,world
1132.15,2026-08-31 00:59:40,-151.05,-2.00,4193.41,32.9,the_long_water,5.22,clear,17.578,4.851,0.00,21.47,world
1132.65,2026-08-31 00:59:40,-150.34,-2.00,4194.06,84.2,the_long_water,5.24,clear,17.578,4.851,0.00,21.68,world
1133.15,2026-08-31 00:59:41,-147.82,-2.12,4194.32,84.2,the_long_water,5.26,clear,17.579,5.326,0.00,20.84,world
1133.65,2026-08-31 00:59:41,-146.10,-2.88,4194.98,-36.3,the_long_water,5.28,clear,17.579,5.326,0.00,20.89,world
1134.15,2026-08-31 00:59:42,-147.59,-4.10,4197.01,-36.4,the_long_water,5.30,clear,18.855,5.109,0.00,23.28,world
1134.65,2026-08-31 00:59:42,-145.02,-2.30,4190.22,-28.6,the_long_water,5.32,clear,18.855,5.109,0.00,16.03,world
1135.15,2026-08-31 00:59:43,-146.51,-2.01,4190.62,-118.7,the_long_water,5.34,clear,19.462,4.718,0.00,16.92,world
1135.65,2026-08-31 00:59:43,-148.34,-2.00,4190.64,-76.6,the_long_water,5.36,clear,19.462,4.718,0.00,17.73,world
1136.15,2026-08-31 00:59:44,-149.06,-2.00,4193.02,-16.4,the_long_water,5.38,clear,17.702,5.260,0.00,20.17,world
1136.65,2026-08-31 00:59:44,-149.77,-2.15,4195.43,-16.4,the_long_water,5.40,clear,17.702,5.260,0.00,22.64,world
1137.15,2026-08-31 00:59:45,-150.47,-4.75,4197.84,-16.5,the_long_water,5.42,clear,16.950,4.980,0.00,25.12,world
1137.65,2026-08-31 00:59:45,-145.24,-2.29,4190.63,-28.6,the_long_water,5.44,clear,16.950,4.980,0.00,16.48,world
1138.15,2026-08-31 00:59:46,-146.94,-2.01,4190.39,-118.7,the_long_water,5.46,clear,17.944,5.254,0.00,16.88,world
1138.65,2026-08-31 00:59:46,-148.86,-2.00,4190.23,-118.7,the_long_water,5.48,clear,17.944,5.254,0.00,17.62,world
1139.15,2026-08-31 00:59:47,-150.45,-2.00,4190.21,-6.9,the_long_water,5.50,clear,18.217,5.040,0.00,18.45,world
1139.65,2026-08-31 00:59:47,-150.75,-2.00,4192.70,-6.9,the_long_water,5.52,clear,18.217,5.040,0.00,20.71,world
1140.15,2026-08-31 00:59:48,-150.91,-1.92,4194.01,-6.9,the_long_water,5.54,clear,19.122,5.593,0.00,21.91,world
1140.65,2026-08-31 00:59:48,-149.31,-2.20,4194.85,-18.2,the_long_water,5.56,clear,19.122,5.593,0.00,21.92,world
1141.15,2026-08-31 00:59:49,-150.09,-3.35,4197.23,-18.3,the_long_water,5.58,clear,18.952,5.005,0.00,24.41,world
1141.65,2026-08-31 00:59:49,-144.98,-2.18,4190.15,-28.6,the_long_water,5.60,clear,18.952,5.005,0.00,15.94,world
1142.15,2026-08-31 00:59:50,-146.36,-2.02,4190.71,-118.7,the_long_water,5.62,clear,21.977,4.933,0.00,16.95,world
1142.65,2026-08-31 00:59:50,-148.29,-2.00,4190.49,-118.7,the_long_water,5.64,clear,21.977,4.933,0.00,17.57,world
1143.15,2026-08-31 00:59:51,-150.47,-2.00,4189.35,-118.7,the_long_water,5.66,clear,18.367,4.902,0.00,17.76,world
1143.65,2026-08-31 00:59:51,-152.20,-2.00,4188.93,0.7,the_long_water,5.68,clear,18.367,4.902,0.00,18.51,world
1144.15,2026-08-31 00:59:52,-152.16,-2.00,4191.43,0.8,the_long_water,5.70,clear,19.391,4.975,0.00,20.44,world
1144.65,2026-08-31 00:59:52,-152.13,-1.91,4193.84,0.8,the_long_water,5.72,clear,19.391,4.975,0.00,22.41,world
1145.15,2026-08-31 00:59:53,-152.11,-1.91,4195.00,0.8,the_long_water,5.74,clear,18.412,5.194,0.00,23.38,world
1145.65,2026-08-31 00:59:53,-151.52,-1.91,4194.99,90.8,the_long_water,5.76,clear,18.412,5.194,0.00,23.07,world
1146.15,2026-08-31 00:59:54,-151.32,-2.00,4193.33,85.5,the_long_water,5.78,clear,18.882,5.635,0.00,21.54,world
1146.65,2026-08-31 00:59:54,-152.13,-1.91,4194.53,-93.0,the_long_water,5.80,clear,18.882,5.635,0.00,22.99,world
1147.15,2026-08-31 00:59:55,-152.46,-1.91,4194.73,-19.4,the_long_water,5.82,clear,17.891,5.098,0.00,23.34,world
1147.65,2026-08-31 00:59:55,-151.54,-1.91,4195.00,100.5,the_long_water,5.84,clear,17.891,5.098,0.00,23.09,world
1148.15,2026-08-31 00:59:56,-152.48,-1.91,4194.94,-103.3,the_long_water,5.86,clear,18.841,5.789,0.00,23.53,world
1148.65,2026-08-31 00:59:56,-152.46,-1.91,4193.84,-22.4,the_long_water,5.88,clear,18.841,5.789,0.00,22.59,world
1149.15,2026-08-31 00:59:57,-151.52,-1.91,4194.96,92.9,the_long_water,5.90,clear,18.156,5.415,0.00,23.05,world
1149.65,2026-08-31 00:59:57,-151.53,-1.91,4195.00,-3.4,the_long_water,5.92,clear,18.156,5.415,0.00,23.08,world
1150.15,2026-08-31 00:59:58,-152.48,-1.91,4194.96,-102.6,the_long_water,5.94,clear,18.155,5.443,0.00,23.54,world
1150.65,2026-08-31 00:59:58,-152.74,-2.00,4193.39,-53.9,the_long_water,5.96,clear,18.155,5.443,0.00,22.37,world
1151.15,2026-08-31 00:59:59,-151.64,-1.91,4194.51,93.2,the_long_water,5.98,clear,19.491,5.090,0.00,22.71,world
1151.65,2026-08-31 00:59:59,-151.56,-1.91,4195.00,-3.2,the_long_water,6.00,clear,19.491,5.090,0.00,23.10,world
1152.15,2026-08-31 01:00:00,-152.44,-1.91,4195.00,-153.0,the_long_water,6.02,clear,19.541,5.947,0.00,23.55,world
1152.65,2026-08-31 01:00:00,-151.52,-1.91,4194.85,134.2,the_long_water,6.04,clear,19.541,5.947,0.00,22.95,world
1153.15,2026-08-31 01:00:01,-151.58,-1.91,4194.61,-2.9,the_long_water,6.06,clear,19.207,5.054,0.00,22.77,world
1153.65,2026-08-31 01:00:01,-152.48,-1.91,4194.96,-92.9,the_long_water,6.08,clear,19.207,5.054,0.00,23.54,world
1154.15,2026-08-31 01:00:02,-152.35,-1.91,4195.00,45.4,the_long_water,6.10,clear,18.957,5.120,0.00,23.50,world
1154.65,2026-08-31 01:00:02,-151.52,-1.91,4194.72,155.5,the_long_water,6.12,clear,18.957,5.120,0.00,22.84,world
1155.15,2026-08-31 01:00:03,-151.36,-1.92,4193.70,1.4,the_long_water,6.14,clear,19.493,6.164,0.00,21.88,world
1155.65,2026-08-31 01:00:03,-152.48,-1.91,4194.81,-93.1,the_long_water,6.16,clear,19.493,6.164,0.00,23.41,world
1156.15,2026-08-31 01:00:04,-152.47,-1.91,4195.00,3.3,the_long_water,6.18,clear,21.897,5.531,0.00,23.57,world
1156.65,2026-08-31 01:00:04,-152.18,-1.91,4194.96,-154.5,the_long_water,6.20,clear,21.897,5.531,0.00,23.38,world
1157.15,2026-08-31 01:00:05,-152.47,-1.91,4195.00,1.1,the_long_water,6.22,clear,18.345,5.031,0.00,23.57,world
1157.65,2026-08-31 01:00:05,-151.52,-1.91,4194.98,91.6,the_long_water,6.24,clear,18.345,5.031,0.00,23.06,world
1158.15,2026-08-31 01:00:06,-151.40,-2.00,4193.35,127.5,the_long_water,6.26,clear,18.390,5.144,0.00,21.60,world
1158.65,2026-08-31 01:00:06,-151.75,-1.91,4194.35,-56.2,the_long_water,6.28,clear,18.390,5.144,0.00,22.64,world
1159.15,2026-08-31 01:00:07,-152.52,-1.91,4194.22,-72.3,the_long_water,6.30,clear,17.554,5.350,0.00,22.94,world
1159.65,2026-08-31 01:00:07,-152.32,-1.91,4195.00,45.1,the_long_water,6.32,clear,17.554,5.350,0.00,23.49,world
1160.15,2026-08-31 01:00:08,-151.85,-1.91,4194.99,-67.6,the_long_water,6.34,clear,19.874,5.504,0.00,23.24,world
1160.65,2026-08-31 01:00:08,-152.48,-1.91,4194.48,180.0,the_long_water,6.36,clear,19.874,5.504,0.00,23.13,world
1161.15,2026-08-31 01:00:09,-152.63,-1.91,4193.94,4.0,the_long_water,6.38,clear,18.679,5.299,0.00,22.77,world
1161.65,2026-08-31 01:00:09,-151.52,-1.91,4194.80,93.1,the_long_water,6.40,clear,18.679,5.299,0.00,22.90,world
1162.15,2026-08-31 01:00:10,-151.57,-1.91,4195.00,-24.3,the_long_water,6.42,clear,17.911,5.982,0.00,23.11,world
1162.65,2026-08-31 01:00:10,-151.52,-1.91,4194.96,92.6,the_long_water,6.44,clear,17.911,5.982,0.00,23.05,world
1163.15,2026-08-31 01:00:11,-151.52,-1.92,4193.70,-148.5,the_long_water,6.46,clear,18.229,6.343,0.00,21.96,world
1163.65,2026-08-31 01:00:11,-151.92,-1.91,4194.99,-86.8,the_long_water,6.48,clear,18.229,6.343,0.00,23.27,world
1164.15,2026-08-31 01:00:12,-152.47,-1.91,4195.00,-29.8,the_long_water,6.50,clear,18.712,5.890,0.00,23.57,world
1164.65,2026-08-31 01:00:12,-151.52,-1.91,4195.00,90.0,the_long_water,6.52,clear,18.712,5.890,0.00,23.08,world
1165.15,2026-08-31 01:00:13,-152.48,-1.91,4194.96,-92.9,the_long_water,6.54,clear,18.925,5.486,0.00,23.54,world
1165.65,2026-08-31 01:00:13,-152.52,-2.00,4193.43,-148.5,the_long_water,6.56,clear,18.925,5.486,0.00,22.28,world
1166.15,2026-08-31 01:00:14,-152.25,-1.91,4194.80,66.0,the_long_water,6.58,clear,17.452,5.385,0.00,23.29,world
1166.65,2026-08-31 01:00:14,-151.53,-1.91,4194.98,40.5,the_long_water,6.60,clear,17.452,5.385,0.00,23.07,world
1167.15,2026-08-31 01:00:15,-152.48,-1.91,4195.00,-90.0,the_long_water,6.62,clear,17.204,6.683,0.00,23.57,world
1167.65,2026-08-31 01:00:15,-151.52,-1.91,4194.93,103.9,the_long_water,6.64,clear,17.204,6.683,0.00,23.02,world
1168.15,2026-08-31 01:00:16,-152.11,-1.91,4194.99,-91.6,the_long_water,6.66,clear,17.112,5.170,0.00,23.37,world
1168.65,2026-08-31 01:00:16,-152.48,-1.91,4194.24,180.0,the_long_water,6.68,clear,17.112,5.170,0.00,22.93,world
1169.15,2026-08-31 01:00:17,-152.74,-1.91,4194.02,4.9,the_long_water,6.70,clear,16.918,5.009,0.00,22.89,world
1169.65,2026-08-31 01:00:17,-151.20,-1.91,4194.00,93.4,the_long_water,6.72,clear,16.918,5.009,0.00,22.06,world
1170.15,2026-08-31 01:00:18,-148.97,-2.00,4194.05,19.9,the_long_water,6.74,clear,19.235,5.960,0.00,21.05,world
1170.65,2026-08-31 01:00:18,-149.70,-2.36,4196.38,-19.1,the_long_water,6.76,clear,19.235,5.960,0.00,23.48,world
1171.15,2026-08-31 01:00:19,-144.88,-1.38,4189.96,-28.6,the_long_water,6.78,clear,17.704,5.246,0.00,15.73,world
1171.65,2026-08-31 01:00:19,-145.29,-2.30,4191.38,55.4,the_long_water,6.80,clear,17.704,5.246,0.00,17.21,world
1172.15,2026-08-31 01:00:20,-145.27,-2.62,4193.14,-34.3,the_long_water,6.82,clear,16.961,5.008,0.00,18.89,world
1172.65,2026-08-31 01:00:20,-146.65,-2.87,4195.19,-34.4,the_long_water,6.84,clear,16.961,5.008,0.00,21.26,world
1173.15,2026-08-31 01:00:21,-148.06,-4.45,4197.27,-34.5,the_long_water,6.86,clear,19.284,5.235,0.00,23.69,world
1173.65,2026-08-31 01:00:21,-145.12,-2.30,4190.41,-28.6,the_long_water,6.88,clear,19.284,5.235,0.00,16.23,world
1174.15,2026-08-31 01:00:22,-146.73,-2.01,4190.51,-118.7,the_long_water,6.90,clear,19.689,5.863,0.00,16.90,world
1174.65,2026-08-31 01:00:22,-148.43,-2.00,4190.87,-45.1,the_long_water,6.92,clear,19.689,5.863,0.00,17.97,world
1175.15,2026-08-31 01:00:23,-149.14,-2.00,4193.26,-16.4,the_long_water,6.94,clear,18.463,6.212,0.00,20.42,world
1175.65,2026-08-31 01:00:23,-149.84,-2.15,4195.67,-16.4,the_long_water,6.96,clear,18.463,6.212,0.00,22.90,world
1176.15,2026-08-31 01:00:24,-150.55,-5.47,4198.08,-16.4,the_long_water,6.98,clear,18.018,5.655,0.00,25.38,world
1176.65,2026-08-31 01:00:24,-145.35,-2.26,4190.83,-28.7,the_long_water,7.00,clear,18.018,5.655,0.00,16.71,world
1177.15,2026-08-31 01:00:25,-147.16,-2.01,4190.27,-118.7,the_long_water,7.02,clear,19.854,5.326,0.00,16.86,world
1177.65,2026-08-31 01:00:25,-149.08,-2.00,4190.11,-118.7,the_long_water,7.04,clear,19.854,5.326,0.00,17.63,world
1178.15,2026-08-31 01:00:26,-150.48,-2.00,4190.46,-6.9,the_long_water,7.06,clear,17.900,6.478,0.00,18.68,world
1178.65,2026-08-31 01:00:26,-150.78,-2.00,4192.95,-6.9,the_long_water,7.08,clear,17.900,6.478,0.00,20.94,world
1179.15,2026-08-31 01:00:27,-150.83,-1.93,4194.02,24.6,the_long_water,7.10,clear,17.379,5.724,0.00,21.89,world
1179.65,2026-08-31 01:00:27,-149.39,-2.20,4195.09,-18.2,the_long_water,7.12,clear,17.379,5.724,0.00,22.17,world
1180.15,2026-08-31 01:00:28,-150.17,-3.83,4197.46,-18.3,the_long_water,7.14,clear,22.687,5.156,0.00,24.66,world
1180.65,2026-08-31 01:00:28,-145.05,-2.30,4190.27,-28.6,the_long_water,7.16,clear,22.687,5.156,0.00,16.08,world
1181.15,2026-08-31 01:00:29,-146.58,-2.01,4190.59,-118.7,the_long_water,7.18,clear,20.223,6.168,0.00,16.92,world
1181.65,2026-08-31 01:00:29,-148.49,-2.00,4190.43,-118.7,the_long_water,7.20,clear,20.223,6.168,0.00,17.61,world
1182.15,2026-08-31 01:00:30,-150.69,-2.00,4189.23,-118.7,the_long_water,7.22,clear,18.395,5.633,0.00,17.79,world
1182.65,2026-08-31 01:00:30,-152.19,-2.00,4189.18,0.8,the_long_water,7.24,clear,18.395,5.633,0.00,18.70,world
1183.15,2026-08-31 01:00:31,-152.16,-2.00,4191.68,0.8,the_long_water,7.26,clear,17.004,5.588,0.00,20.64,world
1183.65,2026-08-31 01:00:31,-152.12,-1.91,4194.09,0.8,the_long_water,7.28,clear,17.004,5.588,0.00,22.61,world
1184.15,2026-08-31 01:00:32,-152.11,-1.91,4195.00,0.8,the_long_water,7.30,clear,17.421,5.589,0.00,23.38,world
1184.65,2026-08-31 01:00:32,-151.52,-1.91,4194.98,101.3,the_long_water,7.32,clear,17.421,5.589,0.00,23.06,world
1185.15,2026-08-31 01:00:33,-151.29,-2.00,4193.41,53.9,the_long_water,7.34,clear,21.605,5.968,0.00,21.59,world
1185.65,2026-08-31 01:00:33,-152.32,-1.91,4194.67,-93.1,the_long_water,7.36,clear,21.605,5.968,0.00,23.21,world
1186.15,2026-08-31 01:00:34,-152.45,-1.91,4195.00,3.3,the_long_water,7.38,clear,18.405,5.495,0.00,23.56,world
1186.65,2026-08-31 01:00:34,-151.65,-1.91,4194.99,174.0,the_long_water,7.40,clear,18.405,5.495,0.00,23.14,world
1187.15,2026-08-31 01:00:35,-152.48,-1.91,4194.72,-155.1,the_long_water,7.42,clear,18.163,4.838,0.00,23.34,world
1187.65,2026-08-31 01:00:35,-152.42,-1.94,4194.77,3.0,the_long_water,7.44,clear,18.163,4.838,0.00,23.35,world
1188.15,2026-08-31 01:00:36,-151.52,-1.91,4194.96,93.0,the_long_water,7.46,clear,20.179,4.994,0.00,23.04,world
1188.65,2026-08-31 01:00:36,-151.78,-1.91,4195.00,-66.3,the_long_water,7.48,clear,20.179,4.994,0.00,23.21,world
1189.15,2026-08-31 01:00:37,-152.48,-1.91,4194.56,-176.5,the_long_water,7.50,clear,17.680,27.774,0.00,23.20,world
1189.65,2026-08-31 01:00:37,-152.64,-1.91,4193.86,4.0,the_long_water,7.52,clear,17.680,27.774,0.00,22.70,world
1190.15,2026-08-31 01:00:38,-151.52,-1.91,4194.80,93.1,the_long_water,7.54,clear,18.942,4.715,0.00,22.91,world
1190.65,2026-08-31 01:00:38,-151.55,-1.91,4195.00,-13.8,the_long_water,7.56,clear,18.942,4.715,0.00,23.09,world
1191.15,2026-08-31 01:00:39,-151.52,-1.91,4194.96,92.6,the_long_water,7.58,clear,16.698,5.314,0.00,23.04,world
1191.65,2026-08-31 01:00:39,-151.52,-1.91,4193.75,-159.0,the_long_water,7.60,clear,16.698,5.314,0.00,22.01,world
1192.15,2026-08-31 01:00:40,-151.85,-1.91,4195.00,-76.3,the_long_water,7.62,clear,16.567,4.725,0.00,23.24,world
1192.65,2026-08-31 01:00:40,-152.47,-1.91,4195.00,-40.3,the_long_water,7.64,clear,16.567,4.725,0.00,23.57,world
1193.15,2026-08-31 01:00:41,-151.52,-1.91,4195.00,90.4,the_long_water,7.66,clear,19.727,5.349,0.00,23.08,world
1193.65,2026-08-31 01:00:41,-151.50,-2.00,4193.52,159.0,the_long_water,7.68,clear,19.727,5.349,0.00,21.80,world
1194.15,2026-08-31 01:00:42,-151.08,-1.91,4194.00,-5.8,the_long_water,7.70,clear,20.654,6.398,0.00,21.99,world
1194.65,2026-08-31 01:00:42,-148.83,-2.05,4194.22,84.2,the_long_water,7.72,clear,20.654,6.398,0.00,21.15,world
1195.15,2026-08-31 01:00:43,-146.28,-2.57,4194.48,84.2,the_long_water,7.74,clear,18.278,5.244,0.00,20.47,world
1195.65,2026-08-31 01:00:43,-146.99,-3.06,4196.21,-36.4,the_long_water,7.76,clear,18.278,5.244,0.00,22.33,world
1196.15,2026-08-31 01:00:44,-144.88,-1.38,4189.96,-28.6,the_long_water,7.78,clear,16.979,5.031,0.00,15.73,world
1196.65,2026-08-31 01:00:44,-145.71,-2.11,4191.05,-112.7,the_long_water,7.80,clear,16.979,5.031,0.00,17.04,world
1197.15,2026-08-31 01:00:45,-147.70,-2.01,4190.35,-118.7,the_long_water,7.82,clear,17.773,5.194,0.00,17.18,world
1197.65,2026-08-31 01:00:45,-148.78,-2.00,4192.06,-16.4,the_long_water,7.84,clear,17.773,5.194,0.00,19.19,world
1198.15,2026-08-31 01:00:46,-149.49,-2.12,4194.46,-16.4,the_long_water,7.86,clear,19.179,5.294,0.00,21.65,world
1198.65,2026-08-31 01:00:46,-150.19,-2.77,4196.88,-16.4,the_long_water,7.88,clear,19.179,5.294,0.00,24.13,world
1199.15,2026-08-31 01:00:47,-144.92,-1.74,4190.04,-28.6,the_long_water,7.90,clear,17.778,5.276,0.00,15.83,world
1199.65,2026-08-31 01:00:47,-146.07,-2.02,4190.87,-118.7,the_long_water,7.92,clear,17.778,5.276,0.00,16.99,world
1200.15,2026-08-31 01:00:48,-148.05,-2.00,4190.45,-118.7,the_long_water,7.94,clear,17.390,5.273,0.00,17.42,world
1200.65,2026-08-31 01:00:48,-150.14,-2.00,4189.57,-87.1,the_long_water,7.96,clear,17.390,5.273,0.00,17.75,world
1201.15,2026-08-31 01:00:49,-150.63,-2.00,4191.70,-6.9,the_long_water,7.98,clear,20.005,5.792,0.00,19.80,world
1201.65,2026-08-31 01:00:49,-150.91,-1.92,4194.01,-6.9,the_long_water,8.00,clear,20.005,5.792,0.00,21.91,world
1202.15,2026-08-31 01:00:50,-149.66,-2.05,4194.24,79.5,the_long_water,8.02,clear,18.134,4.814,0.00,21.53,world
1202.65,2026-08-31 01:00:50,-149.78,-2.31,4196.28,-18.3,the_long_water,8.04,clear,18.134,4.814,0.00,23.42,world
1203.15,2026-08-31 01:00:51,-144.87,-1.33,4189.95,-28.6,the_long_water,8.06,clear,18.040,5.012,0.00,15.72,world
1203.65,2026-08-31 01:00:51,-145.62,-2.15,4191.07,-91.7,the_long_water,8.08,clear,18.040,5.012,0.00,17.02,world
1204.15,2026-08-31 01:00:52,-147.58,-2.01,4190.32,-118.7,the_long_water,8.10,clear,17.865,5.220,0.00,17.10,world
1204.65,2026-08-31 01:00:52,-149.59,-2.00,4189.83,-118.7,the_long_water,8.12,clear,17.865,5.220,0.00,17.66,world
1205.15,2026-08-31 01:00:53,-151.78,-2.00,4188.63,-118.7,the_long_water,8.14,clear,18.045,5.121,0.00,18.02,world
1205.65,2026-08-31 01:00:53,-152.17,-2.00,4190.43,0.8,the_long_water,8.16,clear,18.045,5.121,0.00,19.66,world
1206.15,2026-08-31 01:00:54,-152.14,-2.00,4192.94,0.8,the_long_water,8.18,clear,17.787,5.555,0.00,21.66,world
1206.65,2026-08-31 01:00:54,-152.11,-1.91,4195.00,0.8,the_long_water,8.20,clear,17.787,5.555,0.00,23.38,world
1207.15,2026-08-31 01:00:55,-151.62,-1.91,4194.99,90.8,the_long_water,8.22,clear,18.008,5.259,0.00,23.12,world
1207.65,2026-08-31 01:00:55,-151.52,-1.91,4193.91,180.0,the_long_water,8.24,clear,18.008,5.259,0.00,22.15,world
1208.15,2026-08-31 01:00:56,-151.50,-1.91,4194.27,-3.5,the_long_water,8.26,clear,17.019,5.423,0.00,22.44,world
1208.65,2026-08-31 01:00:56,-152.48,-1.91,4194.66,-93.1,the_long_water,8.28,clear,17.019,5.423,0.00,23.29,world
1209.15,2026-08-31 01:00:57,-152.28,-1.91,4195.00,55.8,the_long_water,8.30,clear,19.570,5.259,0.00,23.47,world
1209.65,2026-08-31 01:00:57,-152.48,-1.91,4194.96,-92.1,the_long_water,8.32,clear,19.570,5.259,0.00,23.54,world
1210.15,2026-08-31 01:00:58,-152.48,-1.91,4193.80,-106.5,the_long_water,8.34,clear,18.208,5.454,0.00,22.56,world
1210.65,2026-08-31 01:00:58,-151.67,-1.91,4194.96,93.0,the_long_water,8.36,clear,18.208,5.454,0.00,23.12,world
1211.15,2026-08-31 01:00:59,-151.54,-1.91,4195.00,-1.6,the_long_water,8.38,clear,16.989,5.043,0.00,23.09,world
1211.65,2026-08-31 01:00:59,-152.48,-1.91,4194.97,-92.5,the_long_water,8.40,clear,16.989,5.043,0.00,23.55,world
1212.15,2026-08-31 01:01:00,-152.55,-2.00,4193.39,-138.0,the_long_water,8.42,clear,16.650,4.718,0.00,22.27,world
1212.65,2026-08-31 01:01:00,-152.28,-1.91,4194.78,66.2,the_long_water,8.44,clear,16.650,4.718,0.00,23.28,world
1213.17,2026-08-31 01:01:01,-151.52,-1.91,4194.80,93.1,the_long_water,8.46,clear,23.983,411.687,0.00,22.90,world
1213.77,2026-08-31 01:01:02,-151.52,-1.91,4194.80,93.1,the_long_water,8.48,clear,23.983,411.687,0.00,22.90,world
1214.52,2026-08-31 01:01:02,-151.52,-1.91,4194.80,93.1,the_long_water,8.51,clear,20.701,8.550,0.00,22.90,world
1215.27,2026-08-31 01:01:03,-151.52,-1.91,4194.80,93.1,the_long_water,8.54,clear,16.577,6.477,0.00,22.90,world
1216.03,2026-08-31 01:01:04,-151.52,-1.91,4194.80,93.1,the_long_water,8.57,clear,18.064,6.370,0.00,22.90,world
1216.78,2026-08-31 01:01:05,-151.52,-1.91,4194.80,93.1,the_long_water,8.60,clear,18.064,6.370,0.00,22.90,world
1217.28,2026-08-31 01:01:05,-151.52,-1.91,4194.80,93.1,the_long_water,8.62,clear,17.493,6.186,0.00,22.90,menu_map
1217.87,2026-08-31 01:01:06,-151.52,-1.91,4194.80,93.1,the_long_water,8.62,clear,17.493,6.186,0.00,22.90,menu_save
1218.42,2026-08-31 01:01:06,-151.52,-1.91,4194.80,93.1,the_long_water,8.62,clear,188.856,3.968,0.00,22.90,menu_save
1218.92,2026-08-31 01:01:07,-151.52,-1.91,4194.80,93.1,the_long_water,8.62,clear,188.856,3.968,0.00,22.90,menu_save
1219.42,2026-08-31 01:01:07,-151.52,-1.91,4194.80,93.1,the_long_water,8.62,clear,23.656,3.094,0.00,22.90,menu_save
1219.92,2026-08-31 01:01:08,-151.52,-1.91,4194.80,93.1,the_long_water,8.62,clear,29.164,2.651,0.00,22.90,menu_save
1220.42,2026-08-31 01:01:08,-151.52,-1.91,4194.80,93.1,the_long_water,8.62,clear,29.164,2.651,0.00,22.90,menu_save
