t,wall,x,y,z,heading,region,clock_hour,weather,frame_ms,physics_ms,dead_travel_m,nearest_poi_dist_m,input_context
0.75,2026-09-02 13:45:22,0.00,0.00,0.00,0.0,grandpas_village,0.00,,29.151,12.868,0.00,,title
0.90,2026-09-02 13:45:22,0.00,0.00,0.00,0.0,grandpas_village,0.00,,29.151,12.868,0.00,,title
1.63,2026-09-02 13:50:40,12.33,0.90,-10.18,-85.6,grandpas_village,8.02,clear,19.452,13.326,0.00,9.63,world
2.13,2026-09-02 13:50:40,12.33,0.90,-10.18,-85.6,grandpas_village,8.04,clear,19.452,13.326,0.00,9.63,world
2.63,2026-09-02 13:50:41,12.33,0.90,-10.18,-85.6,grandpas_village,8.06,clear,16.434,387.591,0.00,9.63,world
3.13,2026-09-02 13:50:41,12.33,0.90,-10.18,-85.6,grandpas_village,8.08,clear,16.434,387.591,0.00,9.63,world
3.63,2026-09-02 13:50:42,12.33,0.90,-10.18,-85.6,grandpas_village,8.10,clear,14.778,5.115,0.00,9.63,world
4.13,2026-09-02 13:50:42,12.33,0.90,-10.18,-85.6,grandpas_village,8.12,clear,14.778,5.115,0.00,9.63,world
4.63,2026-09-02 13:50:43,12.33,0.90,-10.18,-85.6,grandpas_village,8.14,clear,17.835,5.221,0.00,9.63,world
5.13,2026-09-02 13:50:43,12.33,0.90,-10.18,-85.6,grandpas_village,8.16,clear,17.835,5.221,0.00,9.63,world
5.63,2026-09-02 13:50:44,12.33,0.90,-10.18,-85.6,grandpas_village,8.18,clear,15.179,5.249,0.00,9.63,world
6.13,2026-09-02 13:50:44,12.33,0.90,-10.18,-85.6,grandpas_village,8.20,clear,15.179,5.249,0.00,9.63,world
6.63,2026-09-02 13:50:45,12.33,0.90,-10.18,-85.6,grandpas_village,8.22,clear,17.885,5.344,0.00,9.63,world
7.13,2026-09-02 13:50:45,12.33,0.90,-10.18,-85.6,grandpas_village,8.24,clear,17.885,5.344,0.00,9.63,world
7.63,2026-09-02 13:50:46,12.33,0.90,-10.18,-85.6,grandpas_village,8.26,clear,18.720,26.749,0.00,9.63,world
8.13,2026-09-02 13:50:46,12.33,0.90,-10.18,-85.6,grandpas_village,8.28,clear,18.720,26.749,0.00,9.63,world
8.63,2026-09-02 13:50:47,12.33,0.90,-10.18,-85.6,grandpas_village,8.30,clear,16.747,36.630,0.00,9.63,world
9.13,2026-09-02 13:50:47,12.33,0.90,-10.18,-85.6,grandpas_village,8.32,clear,16.747,36.630,0.00,9.63,world
9.63,2026-09-02 13:50:48,12.33,0.90,-10.18,-85.6,grandpas_village,8.34,clear,16.488,13.141,0.00,9.63,world
10.13,2026-09-02 13:50:48,12.33,0.90,-10.18,-85.6,grandpas_village,8.36,clear,16.488,13.141,0.00,9.63,world
10.63,2026-09-02 13:50:49,12.33,0.90,-10.18,-85.6,grandpas_village,8.38,clear,15.235,5.165,0.00,9.63,world
11.13,2026-09-02 13:50:49,12.33,0.90,-10.18,-85.6,grandpas_village,8.40,clear,15.235,5.165,0.00,9.63,world
11.63,2026-09-02 13:50:50,12.33,0.90,-10.18,-85.6,grandpas_village,8.42,clear,17.076,5.131,0.00,9.63,world
12.13,2026-09-02 13:50:50,12.33,0.90,-10.18,-85.6,grandpas_village,8.44,clear,17.076,5.131,0.00,9.63,world
12.63,2026-09-02 13:50:51,12.33,0.90,-10.18,-85.6,grandpas_village,8.46,clear,15.945,6.292,0.00,9.63,world
13.13,2026-09-02 13:50:51,12.33,0.90,-10.18,-85.6,grandpas_village,8.48,clear,15.945,6.292,0.00,9.63,world
13.63,2026-09-02 13:50:52,12.33,0.90,-10.18,-85.6,grandpas_village,8.50,clear,15.926,5.595,0.00,9.63,world
14.13,2026-09-02 13:50:52,12.33,0.90,-10.18,-85.6,grandpas_village,8.52,clear,15.926,5.595,0.00,9.63,world
14.63,2026-09-02 13:50:53,12.33,0.90,-10.18,-85.6,grandpas_village,8.54,clear,17.010,40.644,0.00,9.63,world
15.13,2026-09-02 13:50:53,12.33,0.90,-10.18,-85.6,grandpas_village,8.56,clear,17.010,40.644,0.00,9.63,world
15.63,2026-09-02 13:50:54,12.33,0.90,-10.18,-85.6,grandpas_village,8.58,clear,20.020,9.707,0.00,9.63,world
16.13,2026-09-02 13:50:54,12.33,0.90,-10.18,-85.6,grandpas_village,8.60,clear,20.020,9.707,0.00,9.63,world
16.63,2026-09-02 13:50:55,12.33,0.90,-10.18,-85.6,grandpas_village,8.62,clear,15.827,5.368,0.00,9.63,world
17.13,2026-09-02 13:50:55,12.33,0.90,-10.18,-85.6,grandpas_village,8.64,clear,15.827,5.368,0.00,9.63,world
17.63,2026-09-02 13:50:56,12.33,0.90,-10.18,-85.6,grandpas_village,8.66,clear,17.980,31.968,0.00,9.63,world
18.13,2026-09-02 13:50:56,12.33,0.90,-10.18,-85.6,grandpas_village,8.68,clear,17.980,31.968,0.00,9.63,world
18.63,2026-09-02 13:50:57,12.33,0.90,-10.18,-85.6,grandpas_village,8.70,clear,18.837,7.974,0.00,9.63,world
19.13,2026-09-02 13:50:57,12.33,0.90,-10.18,-85.6,grandpas_village,8.72,clear,18.837,7.974,0.00,9.63,world
19.63,2026-09-02 13:50:58,12.33,0.90,-10.18,-85.6,grandpas_village,8.74,clear,21.680,14.804,0.00,9.63,world
20.13,2026-09-02 13:50:58,12.33,0.90,-10.18,-85.6,grandpas_village,8.76,clear,21.680,14.804,0.00,9.63,world
20.63,2026-09-02 13:50:59,12.33,0.90,-10.18,-85.6,grandpas_village,8.78,clear,16.952,9.726,0.00,9.63,world
21.13,2026-09-02 13:50:59,12.33,0.90,-10.18,-85.6,grandpas_village,8.80,clear,16.952,9.726,0.00,9.63,world
21.63,2026-09-02 13:51:00,12.33,0.90,-10.18,-85.6,grandpas_village,8.82,clear,15.848,16.770,0.00,9.63,world
22.13,2026-09-02 13:51:00,12.33,0.90,-10.18,-85.6,grandpas_village,8.84,clear,15.848,16.770,0.00,9.63,world
22.63,2026-09-02 13:51:01,12.33,0.90,-10.18,-85.6,grandpas_village,8.86,clear,16.765,9.208,0.00,9.63,world
23.13,2026-09-02 13:51:01,12.33,0.90,-10.18,-85.6,grandpas_village,8.88,clear,16.765,9.208,0.00,9.63,world
23.63,2026-09-02 13:51:02,12.33,0.90,-10.18,-85.6,grandpas_village,8.90,clear,16.136,11.136,0.00,9.63,world
24.13,2026-09-02 13:51:02,12.33,0.90,-10.18,-85.6,grandpas_village,8.92,clear,16.136,11.136,0.00,9.63,world
24.63,2026-09-02 13:51:03,12.33,0.90,-10.18,-85.6,grandpas_village,8.94,clear,14.991,5.413,0.00,9.63,world
25.13,2026-09-02 13:51:03,12.33,0.90,-10.18,-85.6,grandpas_village,8.96,clear,14.991,5.413,0.00,9.63,world
25.63,2026-09-02 13:51:04,12.33,0.90,-10.18,-85.6,grandpas_village,8.98,clear,18.935,38.075,0.00,9.63,world
26.13,2026-09-02 13:51:04,12.33,0.90,-10.18,-85.6,grandpas_village,9.00,clear,18.935,38.075,0.00,9.63,world
26.63,2026-09-02 13:51:05,12.33,0.90,-10.18,-85.6,grandpas_village,9.02,clear,15.765,5.279,0.00,9.63,world
27.13,2026-09-02 13:51:05,12.33,0.90,-10.18,-85.6,grandpas_village,9.04,clear,15.765,5.279,0.00,9.63,world
27.63,2026-09-02 13:51:06,12.33,0.90,-10.18,-85.6,grandpas_village,9.06,clear,17.029,30.991,0.00,9.63,world
28.13,2026-09-02 13:51:06,12.33,0.90,-10.18,-85.6,grandpas_village,9.08,clear,17.029,30.991,0.00,9.63,world
28.63,2026-09-02 13:51:07,12.33,0.90,-10.18,-85.6,grandpas_village,9.10,clear,15.640,25.632,0.00,9.63,world
29.13,2026-09-02 13:51:07,12.33,0.90,-10.18,-85.6,grandpas_village,9.12,clear,15.640,25.632,0.00,9.63,world
29.63,2026-09-02 13:51:08,12.33,0.90,-10.18,-85.6,grandpas_village,9.14,clear,15.163,6.910,0.00,9.63,world
30.13,2026-09-02 13:51:08,12.33,0.90,-10.18,-85.6,grandpas_village,9.16,clear,15.163,6.910,0.00,9.63,world
30.63,2026-09-02 13:51:09,12.33,0.90,-10.18,-85.6,grandpas_village,9.18,clear,17.129,5.582,0.00,9.63,world
31.13,2026-09-02 13:51:09,12.33,0.90,-10.18,-85.6,grandpas_village,9.20,clear,17.129,5.582,0.00,9.63,world
31.63,2026-09-02 13:51:10,12.33,0.90,-10.18,-85.6,grandpas_village,9.22,clear,16.087,5.878,0.00,9.63,world
32.13,2026-09-02 13:51:10,12.33,0.90,-10.18,-85.6,grandpas_village,9.24,clear,16.087,5.878,0.00,9.63,world
32.63,2026-09-02 13:51:11,12.33,0.90,-10.18,-85.6,grandpas_village,9.26,clear,16.054,5.642,0.00,9.63,world
33.13,2026-09-02 13:51:11,12.33,0.90,-10.18,-85.6,grandpas_village,9.28,clear,16.054,5.642,0.00,9.63,world
33.63,2026-09-02 13:51:12,12.33,0.90,-10.18,-85.6,grandpas_village,9.30,clear,15.697,5.999,0.00,9.63,world
34.13,2026-09-02 13:51:12,12.33,0.90,-10.18,-85.6,grandpas_village,9.32,clear,15.697,5.999,0.00,9.63,world
34.63,2026-09-02 13:51:13,12.33,0.90,-10.18,-85.6,grandpas_village,9.34,clear,15.933,9.213,0.00,9.63,world
35.13,2026-09-02 13:51:13,12.33,0.90,-10.18,-85.6,grandpas_village,9.36,clear,15.933,9.213,0.00,9.63,world
35.63,2026-09-02 13:51:14,12.33,0.90,-10.18,-85.6,grandpas_village,9.38,clear,15.121,6.200,0.00,9.63,world
36.13,2026-09-02 13:51:14,12.33,0.90,-10.18,-85.6,grandpas_village,9.40,clear,15.121,6.200,0.00,9.63,world
36.63,2026-09-02 13:51:15,12.33,0.90,-10.18,-85.6,grandpas_village,9.42,clear,14.960,5.361,0.00,9.63,world
37.13,2026-09-02 13:51:15,12.33,0.90,-10.18,-85.6,grandpas_village,9.44,clear,14.960,5.361,0.00,9.63,world
37.63,2026-09-02 13:51:16,12.33,0.90,-10.18,-85.6,grandpas_village,9.46,clear,15.798,5.585,0.00,9.63,world
38.13,2026-09-02 13:51:16,12.33,0.90,-10.18,-85.6,grandpas_village,9.48,clear,15.798,5.585,0.00,9.63,world
38.63,2026-09-02 13:51:17,12.33,0.90,-10.18,-85.6,grandpas_village,9.50,clear,16.429,41.221,0.00,9.63,world
39.13,2026-09-02 13:51:17,12.33,0.90,-10.18,-85.6,grandpas_village,9.52,clear,16.429,41.221,0.00,9.63,world
39.63,2026-09-02 13:51:18,12.33,0.90,-10.18,-85.6,grandpas_village,9.54,clear,14.440,5.565,0.00,9.63,world
40.13,2026-09-02 13:51:18,12.33,0.90,-10.18,-85.6,grandpas_village,9.56,clear,14.440,5.565,0.00,9.63,world
40.63,2026-09-02 13:51:19,12.33,0.90,-10.18,-85.6,grandpas_village,9.58,clear,14.086,5.511,0.00,9.63,world
41.13,2026-09-02 13:51:19,12.33,0.90,-10.18,-85.6,grandpas_village,9.60,clear,14.086,5.511,0.00,9.63,world
41.63,2026-09-02 13:51:20,12.33,0.90,-10.18,-85.6,grandpas_village,9.62,clear,15.625,6.695,0.00,9.63,world
42.13,2026-09-02 13:51:20,12.33,0.90,-10.18,-85.6,grandpas_village,9.64,clear,15.625,6.695,0.00,9.63,world
42.63,2026-09-02 13:51:21,12.33,0.90,-10.18,-85.6,grandpas_village,9.66,clear,18.494,9.847,0.00,9.63,world
43.13,2026-09-02 13:51:21,12.33,0.90,-10.18,-85.6,grandpas_village,9.68,clear,18.494,9.847,0.00,9.63,world
43.63,2026-09-02 13:51:22,12.33,0.90,-10.18,-85.6,grandpas_village,9.70,clear,18.768,6.542,0.00,9.63,world
44.13,2026-09-02 13:51:22,12.33,0.90,-10.18,-85.6,grandpas_village,9.72,clear,18.768,6.542,0.00,9.63,world
44.63,2026-09-02 13:51:23,12.33,0.90,-10.18,-85.6,grandpas_village,9.74,clear,16.801,34.732,0.00,9.63,world
45.13,2026-09-02 13:51:23,12.33,0.90,-10.18,-85.6,grandpas_village,9.76,clear,16.801,34.732,0.00,9.63,world
45.63,2026-09-02 13:51:24,12.33,0.90,-10.18,-85.6,grandpas_village,9.78,clear,20.104,6.806,0.00,9.63,world
46.13,2026-09-02 13:51:24,12.33,0.90,-10.18,-85.6,grandpas_village,9.80,clear,20.104,6.806,0.00,9.63,world
46.63,2026-09-02 13:51:25,12.33,0.90,-10.18,-85.6,grandpas_village,9.82,clear,15.397,8.498,0.00,9.63,world
47.13,2026-09-02 13:51:25,12.33,0.90,-10.18,-85.6,grandpas_village,9.84,clear,15.397,8.498,0.00,9.63,world
47.63,2026-09-02 13:51:26,12.33,0.90,-10.18,-85.6,grandpas_village,9.86,clear,16.969,20.404,0.00,9.63,world
48.13,2026-09-02 13:51:26,12.33,0.90,-10.18,-85.6,grandpas_village,9.88,clear,16.969,20.404,0.00,9.63,world
48.63,2026-09-02 13:51:27,12.33,0.90,-10.18,-85.6,grandpas_village,9.90,clear,15.813,5.847,0.00,9.63,world
49.13,2026-09-02 13:51:27,12.33,0.90,-10.18,-85.6,grandpas_village,9.92,clear,15.813,5.847,0.00,9.63,world
49.63,2026-09-02 13:51:28,12.33,0.90,-10.18,-85.6,grandpas_village,9.94,clear,17.577,6.388,0.00,9.63,world
50.13,2026-09-02 13:51:28,12.33,0.90,-10.18,-85.6,grandpas_village,9.96,clear,17.577,6.388,0.00,9.63,world
50.63,2026-09-02 13:51:29,12.33,0.90,-10.18,-85.6,grandpas_village,9.98,clear,20.172,7.591,0.00,9.63,world
51.13,2026-09-02 13:51:29,12.33,0.90,-10.18,-85.6,grandpas_village,10.00,clear,20.172,7.591,0.00,9.63,world
51.63,2026-09-02 13:51:30,12.33,0.90,-10.18,-85.6,grandpas_village,10.02,clear,17.208,6.519,0.00,9.63,world
52.13,2026-09-02 13:51:30,12.33,0.90,-10.18,-85.6,grandpas_village,10.04,clear,17.208,6.519,0.00,9.63,world
52.63,2026-09-02 13:51:31,12.33,0.90,-10.18,-85.6,grandpas_village,10.06,clear,19.809,7.567,0.00,9.63,world
53.13,2026-09-02 13:51:31,12.33,0.90,-10.18,-85.6,grandpas_village,10.08,clear,19.809,7.567,0.00,9.63,world
53.63,2026-09-02 13:51:32,12.33,0.90,-10.18,-85.6,grandpas_village,10.10,clear,15.302,5.623,0.00,9.63,world
54.13,2026-09-02 13:51:32,12.33,0.90,-10.18,-85.6,grandpas_village,10.12,clear,15.302,5.623,0.00,9.63,world
54.63,2026-09-02 13:51:33,12.33,0.90,-10.18,-85.6,grandpas_village,10.14,clear,15.184,5.334,0.00,9.63,world
55.13,2026-09-02 13:51:33,12.33,0.90,-10.18,-85.6,grandpas_village,10.16,clear,15.184,5.334,0.00,9.63,world
55.63,2026-09-02 13:51:34,12.33,0.90,-10.18,-85.6,grandpas_village,10.18,clear,14.927,5.886,0.00,9.63,world
56.13,2026-09-02 13:51:34,12.33,0.90,-10.18,-85.6,grandpas_village,10.20,clear,14.927,5.886,0.00,9.63,world
56.63,2026-09-02 13:51:35,12.33,0.90,-10.18,-85.6,grandpas_village,10.22,clear,16.809,5.277,0.00,9.63,world
57.13,2026-09-02 13:51:35,12.33,0.90,-10.18,-85.6,grandpas_village,10.24,clear,16.809,5.277,0.00,9.63,world
57.63,2026-09-02 13:51:36,12.33,0.90,-10.18,-85.6,grandpas_village,10.26,clear,14.114,5.878,0.00,9.63,world
58.13,2026-09-02 13:51:36,12.33,0.90,-10.18,-85.6,grandpas_village,10.28,clear,14.114,5.878,0.00,9.63,world
58.63,2026-09-02 13:51:37,12.33,0.90,-10.18,-85.6,grandpas_village,10.30,clear,16.814,24.504,0.00,9.63,world
59.13,2026-09-02 13:51:37,12.33,0.90,-10.18,-85.6,grandpas_village,10.32,clear,16.814,24.504,0.00,9.63,world
59.63,2026-09-02 13:51:38,12.33,0.90,-10.18,-85.6,grandpas_village,10.34,clear,14.519,6.511,0.00,9.63,world
60.13,2026-09-02 13:51:38,12.33,0.90,-10.18,-85.6,grandpas_village,10.36,clear,14.519,6.511,0.00,9.63,world
60.63,2026-09-02 13:51:39,12.33,0.90,-10.18,-85.6,grandpas_village,10.38,clear,14.846,7.302,0.00,9.63,world
61.13,2026-09-02 13:51:39,12.33,0.90,-10.18,-85.6,grandpas_village,10.40,clear,14.846,7.302,0.00,9.63,world
61.63,2026-09-02 13:51:40,12.33,0.90,-10.18,-85.6,grandpas_village,10.42,clear,15.649,5.714,0.00,9.63,world
62.13,2026-09-02 13:51:40,12.33,0.90,-10.18,-85.6,grandpas_village,10.44,clear,15.649,5.714,0.00,9.63,world
62.63,2026-09-02 13:51:41,12.33,0.90,-10.18,-85.6,grandpas_village,10.46,clear,17.212,6.526,0.00,9.63,world
63.13,2026-09-02 13:51:41,12.33,0.90,-10.18,-85.6,grandpas_village,10.48,clear,17.212,6.526,0.00,9.63,world
63.63,2026-09-02 13:51:42,12.33,0.90,-10.18,-85.6,grandpas_village,10.50,clear,15.715,6.323,0.00,9.63,world
64.13,2026-09-02 13:51:42,12.33,0.90,-10.18,-85.6,grandpas_village,10.52,clear,15.715,6.323,0.00,9.63,world
64.63,2026-09-02 13:51:43,12.33,0.90,-10.18,-85.6,grandpas_village,10.54,clear,15.000,5.467,0.00,9.63,world
65.13,2026-09-02 13:51:43,12.33,0.90,-10.18,-85.6,grandpas_village,10.56,clear,15.000,5.467,0.00,9.63,world
65.63,2026-09-02 13:51:44,12.33,0.90,-10.18,-85.6,grandpas_village,10.58,clear,18.162,13.819,0.00,9.63,world
66.13,2026-09-02 13:51:44,12.33,0.90,-10.18,-85.6,grandpas_village,10.60,clear,18.162,13.819,0.00,9.63,world
66.63,2026-09-02 13:51:45,12.33,0.90,-10.18,-85.6,grandpas_village,10.62,clear,15.085,5.577,0.00,9.63,world
67.13,2026-09-02 13:51:45,12.33,0.90,-10.18,-85.6,grandpas_village,10.64,clear,15.085,5.577,0.00,9.63,world
67.63,2026-09-02 13:51:46,12.33,0.90,-10.18,-85.6,grandpas_village,10.66,clear,14.403,5.225,0.00,9.63,world
68.13,2026-09-02 13:51:46,12.33,0.90,-10.18,-85.6,grandpas_village,10.68,clear,14.403,5.225,0.00,9.63,world
68.63,2026-09-02 13:51:47,12.33,0.90,-10.18,-85.6,grandpas_village,10.70,clear,18.803,7.563,0.00,9.63,world
69.13,2026-09-02 13:51:47,12.33,0.90,-10.18,-85.6,grandpas_village,10.72,clear,18.803,7.563,0.00,9.63,world
69.63,2026-09-02 13:51:48,12.33,0.90,-10.18,-85.6,grandpas_village,10.74,clear,17.878,5.678,0.00,9.63,world
70.13,2026-09-02 13:51:48,12.33,0.90,-10.18,-85.6,grandpas_village,10.76,clear,17.878,5.678,0.00,9.63,world
70.63,2026-09-02 13:51:49,12.33,0.90,-10.18,-85.6,grandpas_village,10.78,clear,18.934,12.736,0.00,9.63,world
71.13,2026-09-02 13:51:49,12.33,0.90,-10.18,-85.6,grandpas_village,10.80,clear,18.934,12.736,0.00,9.63,world
71.63,2026-09-02 13:51:50,12.33,0.90,-10.18,-85.6,grandpas_village,10.82,clear,18.220,6.487,0.00,9.63,world
72.13,2026-09-02 13:51:50,12.33,0.90,-10.18,-85.6,grandpas_village,10.84,clear,18.220,6.487,0.00,9.63,world
72.63,2026-09-02 13:51:51,12.33,0.90,-10.18,-85.6,grandpas_village,10.86,clear,15.787,5.916,0.00,9.63,world
73.13,2026-09-02 13:51:51,12.33,0.90,-10.18,-85.6,grandpas_village,10.88,clear,15.787,5.916,0.00,9.63,world
73.63,2026-09-02 13:51:52,12.33,0.90,-10.18,-85.6,grandpas_village,10.90,clear,18.647,6.706,0.00,9.63,world
74.13,2026-09-02 13:51:52,12.33,0.90,-10.18,-85.6,grandpas_village,10.92,clear,18.647,6.706,0.00,9.63,world
74.63,2026-09-02 13:51:53,12.33,0.90,-10.18,-85.6,grandpas_village,10.94,clear,16.581,5.869,0.00,9.63,world
75.13,2026-09-02 13:51:53,12.33,0.90,-10.18,-85.6,grandpas_village,10.96,clear,16.581,5.869,0.00,9.63,world
75.63,2026-09-02 13:51:54,12.33,0.90,-10.18,-85.6,grandpas_village,10.98,clear,18.162,6.728,0.00,9.63,world
76.13,2026-09-02 13:51:54,12.33,0.90,-10.18,-85.6,grandpas_village,11.00,clear,18.162,6.728,0.00,9.63,world
76.63,2026-09-02 13:51:55,12.33,0.90,-10.18,-85.6,grandpas_village,11.02,clear,24.752,28.594,0.00,9.63,world
77.13,2026-09-02 13:51:55,12.33,0.90,-10.18,-85.6,grandpas_village,11.04,clear,24.752,28.594,0.00,9.63,world
77.63,2026-09-02 13:51:56,12.33,0.90,-10.18,-85.6,grandpas_village,11.06,clear,22.958,7.382,0.00,9.63,world
78.13,2026-09-02 13:51:56,12.33,0.90,-10.18,-85.6,grandpas_village,11.08,clear,22.958,7.382,0.00,9.63,world
78.63,2026-09-02 13:51:57,12.33,0.90,-10.18,-85.6,grandpas_village,11.10,clear,15.916,10.665,0.00,9.63,world
79.13,2026-09-02 13:51:57,12.33,0.90,-10.18,-85.6,grandpas_village,11.12,clear,15.916,10.665,0.00,9.63,world
79.63,2026-09-02 13:51:58,12.33,0.90,-10.18,-85.6,grandpas_village,11.14,clear,18.113,7.782,0.00,9.63,world
80.13,2026-09-02 13:51:58,12.33,0.90,-10.18,-85.6,grandpas_village,11.16,clear,18.113,7.782,0.00,9.63,world
80.63,2026-09-02 13:51:59,12.33,0.90,-10.18,-85.6,grandpas_village,11.18,clear,15.312,5.946,0.00,9.63,world
81.13,2026-09-02 13:51:59,12.33,0.90,-10.18,-85.6,grandpas_village,11.20,clear,15.312,5.946,0.00,9.63,world
81.63,2026-09-02 13:52:00,12.33,0.90,-10.18,-85.6,grandpas_village,11.22,clear,16.832,7.512,0.00,9.63,world
82.13,2026-09-02 13:52:00,12.33,0.90,-10.18,-85.6,grandpas_village,11.24,clear,16.832,7.512,0.00,9.63,world
82.63,2026-09-02 13:52:01,12.33,0.90,-10.18,-85.6,grandpas_village,11.26,clear,15.461,5.612,0.00,9.63,world
83.13,2026-09-02 13:52:01,12.33,0.90,-10.18,-85.6,grandpas_village,11.28,clear,15.461,5.612,0.00,9.63,world
83.63,2026-09-02 13:52:02,12.33,0.90,-10.18,-85.6,grandpas_village,11.30,clear,18.805,6.781,0.00,9.63,world
84.13,2026-09-02 13:52:02,12.33,0.90,-10.18,-85.6,grandpas_village,11.32,clear,18.805,6.781,0.00,9.63,world
84.63,2026-09-02 13:52:03,12.33,0.90,-10.18,-85.6,grandpas_village,11.34,clear,16.249,6.873,0.00,9.63,world
85.13,2026-09-02 13:52:03,12.33,0.90,-10.18,-85.6,grandpas_village,11.36,clear,16.249,6.873,0.00,9.63,world
85.63,2026-09-02 13:52:04,12.33,0.90,-10.18,-85.6,grandpas_village,11.38,clear,15.568,6.227,0.00,9.63,world
86.13,2026-09-02 13:52:04,12.33,0.90,-10.18,-85.6,grandpas_village,11.40,clear,15.568,6.227,0.00,9.63,world
86.63,2026-09-02 13:52:05,12.33,0.90,-10.18,-85.6,grandpas_village,11.42,clear,16.241,6.010,0.00,9.63,world
87.13,2026-09-02 13:52:05,12.33,0.90,-10.18,-85.6,grandpas_village,11.44,clear,16.241,6.010,0.00,9.63,world
87.63,2026-09-02 13:52:06,12.33,0.90,-10.18,-85.6,grandpas_village,11.46,clear,15.612,5.798,0.00,9.63,world
88.13,2026-09-02 13:52:06,12.33,0.90,-10.18,-85.6,grandpas_village,11.48,clear,15.612,5.798,0.00,9.63,world
88.63,2026-09-02 13:52:07,12.33,0.90,-10.18,-85.6,grandpas_village,11.50,clear,19.409,13.501,0.00,9.63,world
89.13,2026-09-02 13:52:07,12.33,0.90,-10.18,-85.6,grandpas_village,11.52,clear,19.409,13.501,0.00,9.63,world
89.63,2026-09-02 13:52:08,12.33,0.90,-10.18,-85.6,grandpas_village,11.54,clear,17.248,7.919,0.00,9.63,world
90.13,2026-09-02 13:52:08,12.33,0.90,-10.18,-85.6,grandpas_village,11.56,clear,17.248,7.919,0.00,9.63,world
90.63,2026-09-02 13:52:09,12.33,0.90,-10.18,-85.6,grandpas_village,11.58,clear,18.575,17.828,0.00,9.63,world
91.13,2026-09-02 13:52:09,12.33,0.90,-10.18,-85.6,grandpas_village,11.60,clear,18.575,17.828,0.00,9.63,world
91.63,2026-09-02 13:52:10,12.33,0.90,-10.18,-85.6,grandpas_village,11.62,clear,15.146,5.380,0.00,9.63,world
92.13,2026-09-02 13:52:10,12.33,0.90,-10.18,-85.6,grandpas_village,11.64,clear,15.146,5.380,0.00,9.63,world
92.63,2026-09-02 13:52:11,12.33,0.90,-10.18,-85.6,grandpas_village,11.66,clear,18.763,6.150,0.00,9.63,world
93.13,2026-09-02 13:52:11,12.33,0.90,-10.18,-85.6,grandpas_village,11.68,clear,18.763,6.150,0.00,9.63,world
93.63,2026-09-02 13:52:12,12.33,0.90,-10.18,-85.6,grandpas_village,11.70,clear,16.573,5.399,0.00,9.63,world
94.13,2026-09-02 13:52:12,12.33,0.90,-10.18,-85.6,grandpas_village,11.72,clear,16.573,5.399,0.00,9.63,world
94.63,2026-09-02 13:52:13,12.33,0.90,-10.18,-85.6,grandpas_village,11.74,clear,15.001,23.896,0.00,9.63,world
95.13,2026-09-02 13:52:13,12.33,0.90,-10.18,-85.6,grandpas_village,11.76,clear,15.001,23.896,0.00,9.63,world
95.63,2026-09-02 13:52:14,12.33,0.90,-10.18,-85.6,grandpas_village,11.78,clear,17.584,7.088,0.00,9.63,world
96.13,2026-09-02 13:52:14,12.33,0.90,-10.18,-85.6,grandpas_village,11.80,clear,17.584,7.088,0.00,9.63,world
96.63,2026-09-02 13:52:15,12.33,0.90,-10.18,-85.6,grandpas_village,11.82,clear,14.426,5.454,0.00,9.63,world
97.13,2026-09-02 13:52:15,12.33,0.90,-10.18,-85.6,grandpas_village,11.84,clear,14.426,5.454,0.00,9.63,world
97.63,2026-09-02 13:52:16,12.33,0.90,-10.18,-85.6,grandpas_village,11.86,clear,15.184,5.390,0.00,9.63,world
98.13,2026-09-02 13:52:16,12.33,0.90,-10.18,-85.6,grandpas_village,11.88,clear,15.184,5.390,0.00,9.63,world
98.63,2026-09-02 13:52:17,12.33,0.90,-10.18,-85.6,grandpas_village,11.90,clear,17.528,6.013,0.00,9.63,world
99.13,2026-09-02 13:52:17,12.33,0.90,-10.18,-85.6,grandpas_village,11.92,clear,17.528,6.013,0.00,9.63,world
99.63,2026-09-02 13:52:18,12.33,0.90,-10.18,-85.6,grandpas_village,11.94,clear,15.657,5.777,0.00,9.63,world
100.13,2026-09-02 13:52:18,12.33,0.90,-10.18,-85.6,grandpas_village,11.96,clear,15.657,5.777,0.00,9.63,world
100.63,2026-09-02 13:52:19,12.33,0.90,-10.18,-85.6,grandpas_village,11.98,clear,19.985,7.813,0.00,9.63,world
101.13,2026-09-02 13:52:19,12.33,0.90,-10.18,-85.6,grandpas_village,12.00,clear,19.985,7.813,0.00,9.63,world
101.63,2026-09-02 13:52:20,12.33,0.90,-10.18,-85.6,grandpas_village,12.02,clear,15.305,6.160,0.00,9.63,world
102.13,2026-09-02 13:52:20,12.33,0.90,-10.18,-85.6,grandpas_village,12.04,clear,15.305,6.160,0.00,9.63,world
102.63,2026-09-02 13:52:21,12.33,0.90,-10.18,-85.6,grandpas_village,12.06,clear,15.645,5.874,0.00,9.63,world
103.13,2026-09-02 13:52:21,12.33,0.90,-10.18,-85.6,grandpas_village,12.08,clear,15.645,5.874,0.00,9.63,world
103.63,2026-09-02 13:52:22,12.33,0.90,-10.18,-85.6,grandpas_village,12.10,clear,14.404,5.696,0.00,9.63,world
104.13,2026-09-02 13:52:22,12.33,0.90,-10.18,-85.6,grandpas_village,12.12,clear,14.404,5.696,0.00,9.63,world
104.63,2026-09-02 13:52:23,12.33,0.90,-10.18,-85.6,grandpas_village,12.14,clear,15.349,5.609,0.00,9.63,world
105.13,2026-09-02 13:52:23,12.33,0.90,-10.18,-85.6,grandpas_village,12.16,clear,15.349,5.609,0.00,9.63,world
105.63,2026-09-02 13:52:24,12.33,0.90,-10.18,-85.6,grandpas_village,12.18,clear,16.310,5.445,0.00,9.63,world
106.13,2026-09-02 13:52:24,12.33,0.90,-10.18,-85.6,grandpas_village,12.20,clear,16.310,5.445,0.00,9.63,world
106.63,2026-09-02 13:52:25,12.33,0.90,-10.18,-85.6,grandpas_village,12.22,clear,17.142,6.476,0.00,9.63,world
107.13,2026-09-02 13:52:25,12.33,0.90,-10.18,-85.6,grandpas_village,12.24,clear,17.142,6.476,0.00,9.63,world
107.63,2026-09-02 13:52:25,12.33,0.90,-10.18,-85.6,grandpas_village,12.26,clear,14.807,6.154,0.00,9.63,world
108.13,2026-09-02 13:52:26,12.33,0.90,-10.18,-85.6,grandpas_village,12.28,clear,14.807,6.154,0.00,9.63,world
108.63,2026-09-02 13:52:27,12.33,0.90,-10.18,-85.6,grandpas_village,12.30,clear,17.515,5.828,0.00,9.63,world
109.13,2026-09-02 13:52:27,12.33,0.90,-10.18,-85.6,grandpas_village,12.32,clear,17.515,5.828,0.00,9.63,world
109.63,2026-09-02 13:52:28,12.33,0.90,-10.18,-85.6,grandpas_village,12.34,clear,15.338,6.581,0.00,9.63,world
110.13,2026-09-02 13:52:28,12.33,0.90,-10.18,-85.6,grandpas_village,12.36,clear,15.338,6.581,0.00,9.63,world
110.63,2026-09-02 13:52:29,12.33,0.90,-10.18,-85.6,grandpas_village,12.38,clear,15.560,5.928,0.00,9.63,world
111.13,2026-09-02 13:52:29,12.33,0.90,-10.18,-85.6,grandpas_village,12.40,clear,15.560,5.928,0.00,9.63,world
111.63,2026-09-02 13:52:30,12.33,0.90,-10.18,-85.6,grandpas_village,12.42,clear,15.599,5.791,0.00,9.63,world
112.13,2026-09-02 13:52:30,12.33,0.90,-10.18,-85.6,grandpas_village,12.44,clear,15.599,5.791,0.00,9.63,world
112.63,2026-09-02 13:52:31,12.33,0.90,-10.18,-85.6,grandpas_village,12.46,clear,16.199,7.212,0.00,9.63,world
113.13,2026-09-02 13:52:31,12.33,0.90,-10.18,-85.6,grandpas_village,12.48,clear,16.199,7.212,0.00,9.63,world
113.63,2026-09-02 13:52:32,12.33,0.90,-10.18,-85.6,grandpas_village,12.50,clear,16.693,5.468,0.00,9.63,world
114.13,2026-09-02 13:52:32,12.33,0.90,-10.18,-85.6,grandpas_village,12.52,clear,16.693,5.468,0.00,9.63,world
114.63,2026-09-02 13:52:33,12.33,0.90,-10.18,-85.6,grandpas_village,12.54,clear,17.590,5.742,0.00,9.63,world
115.13,2026-09-02 13:52:33,12.33,0.90,-10.18,-85.6,grandpas_village,12.56,clear,17.590,5.742,0.00,9.63,world
115.63,2026-09-02 13:52:34,12.33,0.90,-10.18,-85.6,grandpas_village,12.58,clear,15.772,4.947,0.00,9.63,world
116.13,2026-09-02 13:52:34,12.33,0.90,-10.18,-85.6,grandpas_village,12.60,clear,15.772,4.947,0.00,9.63,world
116.63,2026-09-02 13:52:35,12.33,0.90,-10.18,-85.6,grandpas_village,12.62,clear,18.755,6.199,0.00,9.63,world
117.13,2026-09-02 13:52:35,12.33,0.90,-10.18,-85.6,grandpas_village,12.64,clear,18.755,6.199,0.00,9.63,world
117.63,2026-09-02 13:52:35,12.33,0.90,-10.18,-85.6,grandpas_village,12.66,clear,15.256,5.775,0.00,9.63,world
118.13,2026-09-02 13:52:36,12.33,0.90,-10.18,-85.6,grandpas_village,12.68,clear,15.256,5.775,0.00,9.63,world
118.63,2026-09-02 13:52:36,12.33,0.90,-10.18,-85.6,grandpas_village,12.70,clear,14.865,5.571,0.00,9.63,world
119.13,2026-09-02 13:52:37,12.33,0.90,-10.18,-85.6,grandpas_village,12.72,clear,14.865,5.571,0.00,9.63,world
119.63,2026-09-02 13:52:37,12.33,0.90,-10.18,-85.6,grandpas_village,12.74,clear,16.396,5.794,0.00,9.63,world
120.13,2026-09-02 13:52:38,12.33,0.90,-10.18,-85.6,grandpas_village,12.76,clear,16.396,5.794,0.00,9.63,world
120.63,2026-09-02 13:52:39,12.33,0.90,-10.18,-85.6,grandpas_village,12.78,clear,18.617,24.438,0.00,9.63,world
121.13,2026-09-02 13:52:39,12.33,0.90,-10.18,-85.6,grandpas_village,12.80,clear,18.617,24.438,0.00,9.63,world
121.63,2026-09-02 13:52:40,12.33,0.90,-10.18,-85.6,grandpas_village,12.82,clear,16.429,5.199,0.00,9.63,world
122.13,2026-09-02 13:52:40,12.33,0.90,-10.18,-85.6,grandpas_village,12.84,clear,16.429,5.199,0.00,9.63,world
122.63,2026-09-02 13:52:41,12.33,0.90,-10.18,-85.6,grandpas_village,12.86,clear,19.907,36.590,0.00,9.63,world
123.13,2026-09-02 13:52:41,12.33,0.90,-10.18,-85.6,grandpas_village,12.88,clear,19.907,36.590,0.00,9.63,world
123.63,2026-09-02 13:52:42,12.33,0.90,-10.18,-85.6,grandpas_village,12.90,clear,15.992,6.164,0.00,9.63,world
124.13,2026-09-02 13:52:42,12.33,0.90,-10.18,-85.6,grandpas_village,12.92,clear,15.992,6.164,0.00,9.63,world
124.63,2026-09-02 13:52:43,12.33,0.90,-10.18,-85.6,grandpas_village,12.94,clear,16.504,6.845,0.00,9.63,world
125.13,2026-09-02 13:52:43,12.33,0.90,-10.18,-85.6,grandpas_village,12.96,clear,16.504,6.845,0.00,9.63,world
125.63,2026-09-02 13:52:44,12.33,0.90,-10.18,-85.6,grandpas_village,12.98,clear,17.218,5.800,0.00,9.63,world
126.13,2026-09-02 13:52:44,12.33,0.90,-10.18,-85.6,grandpas_village,13.00,clear,17.218,5.800,0.00,9.63,world
126.63,2026-09-02 13:52:45,12.33,0.90,-10.18,-85.6,grandpas_village,13.02,clear,16.035,5.858,0.00,9.63,world
127.13,2026-09-02 13:52:45,12.33,0.90,-10.18,-85.6,grandpas_village,13.04,clear,16.035,5.858,0.00,9.63,world
127.63,2026-09-02 13:52:46,12.33,0.90,-10.18,-85.6,grandpas_village,13.06,clear,15.855,25.799,0.00,9.63,world
128.13,2026-09-02 13:52:46,12.33,0.90,-10.18,-85.6,grandpas_village,13.08,clear,15.855,25.799,0.00,9.63,world
128.63,2026-09-02 13:52:47,12.33,0.90,-10.18,-85.6,grandpas_village,13.10,clear,15.289,6.728,0.00,9.63,world
129.13,2026-09-02 13:52:47,12.33,0.90,-10.18,-85.6,grandpas_village,13.12,clear,15.289,6.728,0.00,9.63,world
129.63,2026-09-02 13:52:48,12.33,0.90,-10.18,-85.6,grandpas_village,13.14,clear,16.130,6.702,0.00,9.63,world
130.13,2026-09-02 13:52:48,12.33,0.90,-10.18,-85.6,grandpas_village,13.16,clear,16.130,6.702,0.00,9.63,world
130.63,2026-09-02 13:52:49,12.33,0.90,-10.18,-85.6,grandpas_village,13.18,clear,14.855,5.585,0.00,9.63,world
131.13,2026-09-02 13:52:49,12.33,0.90,-10.18,-85.6,grandpas_village,13.20,clear,14.855,5.585,0.00,9.63,world
131.63,2026-09-02 13:52:50,12.33,0.90,-10.18,-85.6,grandpas_village,13.22,clear,18.613,6.120,0.00,9.63,world
132.13,2026-09-02 13:52:50,12.33,0.90,-10.18,-85.6,grandpas_village,13.24,clear,18.613,6.120,0.00,9.63,world
132.63,2026-09-02 13:52:51,12.33,0.90,-10.18,-85.6,grandpas_village,13.26,clear,17.070,7.612,0.00,9.63,world
133.13,2026-09-02 13:52:51,12.33,0.90,-10.18,-85.6,grandpas_village,13.28,clear,17.070,7.612,0.00,9.63,world
133.63,2026-09-02 13:52:52,12.33,0.90,-10.18,-85.6,grandpas_village,13.30,clear,16.699,9.231,0.00,9.63,world
134.13,2026-09-02 13:52:52,12.33,0.90,-10.18,-85.6,grandpas_village,13.32,clear,16.699,9.231,0.00,9.63,world
134.63,2026-09-02 13:52:53,12.33,0.90,-10.18,-85.6,grandpas_village,13.34,clear,19.948,21.158,0.00,9.63,world
135.13,2026-09-02 13:52:53,12.33,0.90,-10.18,-85.6,grandpas_village,13.36,clear,19.948,21.158,0.00,9.63,world
135.63,2026-09-02 13:52:54,12.33,0.90,-10.18,-85.6,grandpas_village,13.38,clear,17.991,7.655,0.00,9.63,world
136.13,2026-09-02 13:52:54,12.33,0.90,-10.18,-85.6,grandpas_village,13.40,clear,17.991,7.655,0.00,9.63,world
136.63,2026-09-02 13:52:55,12.33,0.90,-10.18,-85.6,grandpas_village,13.42,clear,18.545,6.876,0.00,9.63,world
137.13,2026-09-02 13:52:55,12.33,0.90,-10.18,-85.6,grandpas_village,13.44,clear,18.545,6.876,0.00,9.63,world
137.63,2026-09-02 13:52:56,12.33,0.90,-10.18,-85.6,grandpas_village,13.46,clear,15.766,6.268,0.00,9.63,world
138.13,2026-09-02 13:52:56,12.33,0.90,-10.18,-85.6,grandpas_village,13.48,clear,15.766,6.268,0.00,9.63,world
138.63,2026-09-02 13:52:57,12.33,0.90,-10.18,-85.6,grandpas_village,13.50,clear,16.287,5.950,0.00,9.63,world
139.13,2026-09-02 13:52:57,12.33,0.90,-10.18,-85.6,grandpas_village,13.52,clear,16.287,5.950,0.00,9.63,world
139.63,2026-09-02 13:52:58,12.33,0.90,-10.18,-85.6,grandpas_village,13.54,clear,16.177,6.285,0.00,9.63,world
140.13,2026-09-02 13:52:58,12.33,0.90,-10.18,-85.6,grandpas_village,13.56,clear,16.177,6.285,0.00,9.63,world
140.63,2026-09-02 13:52:59,12.33,0.90,-10.18,-85.6,grandpas_village,13.58,clear,19.522,40.682,0.00,9.63,world
141.13,2026-09-02 13:52:59,12.33,0.90,-10.18,-85.6,grandpas_village,13.60,clear,19.522,40.682,0.00,9.63,world
141.63,2026-09-02 13:53:00,12.33,0.90,-10.18,-85.6,grandpas_village,13.62,clear,18.786,7.514,0.00,9.63,world
142.13,2026-09-02 13:53:00,12.33,0.90,-10.18,-85.6,grandpas_village,13.64,clear,18.786,7.514,0.00,9.63,world
142.63,2026-09-02 13:53:01,12.33,0.90,-10.18,-85.6,grandpas_village,13.66,clear,18.388,6.740,0.00,9.63,world
143.13,2026-09-02 13:53:01,12.33,0.90,-10.18,-85.6,grandpas_village,13.68,clear,18.388,6.740,0.00,9.63,world
143.63,2026-09-02 13:53:02,12.33,0.90,-10.18,-85.6,grandpas_village,13.70,clear,15.748,5.728,0.00,9.63,world
144.13,2026-09-02 13:53:02,12.33,0.90,-10.18,-85.6,grandpas_village,13.72,clear,15.748,5.728,0.00,9.63,world
144.63,2026-09-02 13:53:03,12.33,0.90,-10.18,-85.6,grandpas_village,13.74,clear,20.615,7.006,0.00,9.63,world
145.13,2026-09-02 13:53:03,12.33,0.90,-10.18,-85.6,grandpas_village,13.76,clear,20.615,7.006,0.00,9.63,world
145.63,2026-09-02 13:53:04,12.33,0.90,-10.18,-85.6,grandpas_village,13.78,clear,15.245,5.781,0.00,9.63,world
146.13,2026-09-02 13:53:04,12.33,0.90,-10.18,-85.6,grandpas_village,13.80,clear,15.245,5.781,0.00,9.63,world
146.63,2026-09-02 13:53:05,12.33,0.90,-10.18,-85.6,grandpas_village,13.82,clear,16.349,6.689,0.00,9.63,world
147.13,2026-09-02 13:53:05,12.33,0.90,-10.18,-85.6,grandpas_village,13.84,clear,16.349,6.689,0.00,9.63,world
147.63,2026-09-02 13:53:06,12.33,0.90,-10.18,-85.6,grandpas_village,13.86,clear,15.161,5.782,0.00,9.63,world
148.13,2026-09-02 13:53:06,12.33,0.90,-10.18,-85.6,grandpas_village,13.88,clear,15.161,5.782,0.00,9.63,world
148.63,2026-09-02 13:53:07,12.33,0.90,-10.18,-85.6,grandpas_village,13.90,clear,16.025,7.338,0.00,9.63,world
149.13,2026-09-02 13:53:07,12.33,0.90,-10.18,-85.6,grandpas_village,13.92,clear,16.025,7.338,0.00,9.63,world
149.63,2026-09-02 13:53:08,12.33,0.90,-10.18,-85.6,grandpas_village,13.94,clear,15.103,6.079,0.00,9.63,world
150.13,2026-09-02 13:53:08,12.33,0.90,-10.18,-85.6,grandpas_village,13.96,clear,15.103,6.079,0.00,9.63,world
150.63,2026-09-02 13:53:09,12.33,0.90,-10.18,-85.6,grandpas_village,13.98,clear,15.286,5.357,0.00,9.63,world
151.13,2026-09-02 13:53:09,12.33,0.90,-10.18,-85.6,grandpas_village,14.00,clear,15.286,5.357,0.00,9.63,world
151.63,2026-09-02 13:53:10,12.33,0.90,-10.18,-85.6,grandpas_village,14.02,clear,18.743,35.796,0.00,9.63,world
152.13,2026-09-02 13:53:10,12.33,0.90,-10.18,-85.6,grandpas_village,14.04,clear,18.743,35.796,0.00,9.63,world
152.63,2026-09-02 13:53:11,12.33,0.90,-10.18,-85.6,grandpas_village,14.06,clear,16.344,5.795,0.00,9.63,world
153.13,2026-09-02 13:53:11,12.33,0.90,-10.18,-85.6,grandpas_village,14.08,clear,16.344,5.795,0.00,9.63,world
153.63,2026-09-02 13:53:12,12.33,0.90,-10.18,-85.6,grandpas_village,14.10,clear,14.615,5.737,0.00,9.63,world
154.13,2026-09-02 13:53:12,12.33,0.90,-10.18,-85.6,grandpas_village,14.12,clear,14.615,5.737,0.00,9.63,world
154.63,2026-09-02 13:53:13,12.33,0.90,-10.18,-85.6,grandpas_village,14.14,clear,16.413,5.575,0.00,9.63,world
155.13,2026-09-02 13:53:13,12.33,0.90,-10.18,-85.6,grandpas_village,14.16,clear,16.413,5.575,0.00,9.63,world
155.63,2026-09-02 13:53:14,12.33,0.90,-10.18,-85.6,grandpas_village,14.18,clear,15.010,5.827,0.00,9.63,world
156.13,2026-09-02 13:53:14,12.33,0.90,-10.18,-85.6,grandpas_village,14.20,clear,15.010,5.827,0.00,9.63,world
156.63,2026-09-02 13:53:15,12.33,0.90,-10.18,-85.6,grandpas_village,14.22,clear,18.922,7.328,0.00,9.63,world
157.13,2026-09-02 13:53:15,12.33,0.90,-10.18,-85.6,grandpas_village,14.24,clear,18.922,7.328,0.00,9.63,world
157.63,2026-09-02 13:53:16,12.33,0.90,-10.18,-85.6,grandpas_village,14.26,clear,15.194,5.621,0.00,9.63,world
158.13,2026-09-02 13:53:16,12.33,0.90,-10.18,-85.6,grandpas_village,14.28,clear,15.194,5.621,0.00,9.63,world
158.63,2026-09-02 13:53:17,12.33,0.90,-10.18,-85.6,grandpas_village,14.30,clear,16.781,5.576,0.00,9.63,world
159.13,2026-09-02 13:53:17,12.33,0.90,-10.18,-85.6,grandpas_village,14.32,clear,16.781,5.576,0.00,9.63,world
159.63,2026-09-02 13:53:18,12.33,0.90,-10.18,-85.6,grandpas_village,14.34,clear,18.878,6.457,0.00,9.63,world
160.13,2026-09-02 13:53:18,12.33,0.90,-10.18,-85.6,grandpas_village,14.36,clear,18.878,6.457,0.00,9.63,world
160.63,2026-09-02 13:53:19,12.33,0.90,-10.18,-85.6,grandpas_village,14.38,clear,15.797,6.610,0.00,9.63,world
161.13,2026-09-02 13:53:19,12.33,0.90,-10.18,-85.6,grandpas_village,14.40,clear,15.797,6.610,0.00,9.63,world
161.63,2026-09-02 13:53:20,12.33,0.90,-10.18,-85.6,grandpas_village,14.42,clear,19.486,6.726,0.00,9.63,world
162.13,2026-09-02 13:53:20,12.33,0.90,-10.18,-85.6,grandpas_village,14.44,clear,19.486,6.726,0.00,9.63,world
162.63,2026-09-02 13:53:21,12.33,0.90,-10.18,-85.6,grandpas_village,14.46,clear,22.879,8.212,0.00,9.63,world
163.13,2026-09-02 13:53:21,12.33,0.90,-10.18,-85.6,grandpas_village,14.48,clear,22.879,8.212,0.00,9.63,world
163.63,2026-09-02 13:53:22,12.33,0.90,-10.18,-85.6,grandpas_village,14.50,clear,19.610,6.561,0.00,9.63,world
164.13,2026-09-02 13:53:22,12.33,0.90,-10.18,-85.6,grandpas_village,14.52,clear,19.610,6.561,0.00,9.63,world
164.63,2026-09-02 13:53:23,12.33,0.90,-10.18,-85.6,grandpas_village,14.54,clear,15.777,6.182,0.00,9.63,world
165.13,2026-09-02 13:53:23,12.33,0.90,-10.18,-85.6,grandpas_village,14.56,clear,15.777,6.182,0.00,9.63,world
165.63,2026-09-02 13:53:24,12.33,0.90,-10.18,-85.6,grandpas_village,14.58,clear,18.801,6.397,0.00,9.63,world
166.13,2026-09-02 13:53:24,12.33,0.90,-10.18,-85.6,grandpas_village,14.60,clear,18.801,6.397,0.00,9.63,world
166.63,2026-09-02 13:53:25,12.33,0.90,-10.18,-85.6,grandpas_village,14.62,clear,18.586,6.103,0.00,9.63,world
167.13,2026-09-02 13:53:25,12.33,0.90,-10.18,-85.6,grandpas_village,14.64,clear,18.586,6.103,0.00,9.63,world
167.63,2026-09-02 13:53:26,12.33,0.90,-10.18,-85.6,grandpas_village,14.66,clear,16.619,6.056,0.00,9.63,world
168.13,2026-09-02 13:53:26,12.33,0.90,-10.18,-85.6,grandpas_village,14.68,clear,16.619,6.056,0.00,9.63,world
168.63,2026-09-02 13:53:27,12.33,0.90,-10.18,-85.6,grandpas_village,14.70,clear,18.648,8.192,0.00,9.63,world
169.13,2026-09-02 13:53:27,12.33,0.90,-10.18,-85.6,grandpas_village,14.72,clear,18.648,8.192,0.00,9.63,world
169.63,2026-09-02 13:53:28,12.33,0.90,-10.18,-85.6,grandpas_village,14.74,clear,15.929,5.928,0.00,9.63,world
170.13,2026-09-02 13:53:28,12.33,0.90,-10.18,-85.6,grandpas_village,14.76,clear,15.929,5.928,0.00,9.63,world
170.63,2026-09-02 13:53:29,12.33,0.90,-10.18,-85.6,grandpas_village,14.78,clear,16.545,5.402,0.00,9.63,world
171.13,2026-09-02 13:53:29,12.33,0.90,-10.18,-85.6,grandpas_village,14.80,clear,16.545,5.402,0.00,9.63,world
171.63,2026-09-02 13:53:30,12.33,0.90,-10.18,-85.6,grandpas_village,14.82,clear,14.943,5.062,0.00,9.63,world
172.13,2026-09-02 13:53:30,12.33,0.90,-10.18,-85.6,grandpas_village,14.84,clear,14.943,5.062,0.00,9.63,world
172.63,2026-09-02 13:53:31,12.33,0.90,-10.18,-85.6,grandpas_village,14.86,clear,15.732,6.307,0.00,9.63,world
173.13,2026-09-02 13:53:31,12.33,0.90,-10.18,-85.6,grandpas_village,14.88,clear,15.732,6.307,0.00,9.63,world
173.63,2026-09-02 13:53:32,12.33,0.90,-10.18,-85.6,grandpas_village,14.90,clear,15.920,5.940,0.00,9.63,world
174.13,2026-09-02 13:53:32,12.33,0.90,-10.18,-85.6,grandpas_village,14.92,clear,15.920,5.940,0.00,9.63,world
174.63,2026-09-02 13:53:33,12.33,0.90,-10.18,-85.6,grandpas_village,14.94,clear,15.480,5.756,0.00,9.63,world
175.13,2026-09-02 13:53:33,12.33,0.90,-10.18,-85.6,grandpas_village,14.96,clear,15.480,5.756,0.00,9.63,world
175.63,2026-09-02 13:53:34,12.33,0.90,-10.18,-85.6,grandpas_village,14.98,clear,16.377,5.529,0.00,9.63,world
176.13,2026-09-02 13:53:34,12.33,0.90,-10.18,-85.6,grandpas_village,15.00,clear,16.377,5.529,0.00,9.63,world
176.63,2026-09-02 13:53:35,12.33,0.90,-10.18,-85.6,grandpas_village,15.02,clear,19.255,8.345,0.00,9.63,world
177.13,2026-09-02 13:53:35,12.33,0.90,-10.18,-85.6,grandpas_village,15.04,clear,19.255,8.345,0.00,9.63,world
177.63,2026-09-02 13:53:36,12.33,0.90,-10.18,-85.6,grandpas_village,15.06,clear,15.717,27.360,0.00,9.63,world
178.13,2026-09-02 13:53:36,12.33,0.90,-10.18,-85.6,grandpas_village,15.08,clear,15.717,27.360,0.00,9.63,world
178.63,2026-09-02 13:53:37,12.33,0.90,-10.18,-85.6,grandpas_village,15.10,clear,17.237,14.022,0.00,9.63,world
179.13,2026-09-02 13:53:37,12.33,0.90,-10.18,-85.6,grandpas_village,15.12,clear,17.237,14.022,0.00,9.63,world
179.63,2026-09-02 13:53:38,12.33,0.90,-10.18,-85.6,grandpas_village,15.14,clear,15.410,5.482,0.00,9.63,world
180.13,2026-09-02 13:53:38,12.33,0.90,-10.18,-85.6,grandpas_village,15.16,clear,15.410,5.482,0.00,9.63,world
180.63,2026-09-02 13:53:39,12.33,0.90,-10.18,-85.6,grandpas_village,15.18,clear,38.251,6.041,0.00,9.63,world
181.13,2026-09-02 13:53:39,12.33,0.90,-10.18,-85.6,grandpas_village,15.20,clear,38.251,6.041,0.00,9.63,world
181.63,2026-09-02 13:53:40,12.33,0.90,-10.18,-85.6,grandpas_village,15.22,clear,15.417,20.878,0.00,9.63,world
182.25,2026-09-02 13:53:40,12.33,0.90,-10.18,-85.6,grandpas_village,15.25,clear,15.417,20.878,0.00,9.63,menu_map
182.90,2026-09-02 13:53:40,12.33,0.90,-10.18,-85.6,grandpas_village,15.27,clear,244.480,37.912,0.00,9.63,menu_map
183.43,2026-09-02 13:53:41,12.33,0.90,-10.18,-85.6,grandpas_village,15.29,clear,244.480,37.912,0.00,9.63,menu_map
183.93,2026-09-02 13:53:41,11.44,0.90,-11.38,-143.4,grandpas_village,15.31,clear,151.161,5.637,0.00,9.73,world
184.43,2026-09-02 13:53:42,9.95,0.90,-13.38,-143.4,grandpas_village,15.33,clear,151.161,5.637,0.00,8.86,world
185.15,2026-09-02 13:53:43,9.57,0.90,-13.88,-143.4,grandpas_village,15.36,clear,17.403,10.654,0.00,8.47,narrative_modal
185.95,2026-09-02 13:53:43,9.57,0.90,-13.88,-143.4,grandpas_village,15.39,clear,19.178,25.878,0.00,8.47,world
186.73,2026-09-02 13:53:44,9.57,0.90,-13.88,-143.4,grandpas_village,15.42,clear,19.178,25.878,0.00,8.47,narrative_modal
187.55,2026-09-02 13:53:45,9.57,0.90,-13.88,-143.4,grandpas_village,15.46,clear,16.082,6.841,0.00,8.47,narrative_modal
188.33,2026-09-02 13:53:46,9.57,0.90,-13.88,-143.4,grandpas_village,15.49,clear,17.590,6.964,0.00,8.47,narrative_modal
189.13,2026-09-02 13:53:47,9.57,0.90,-13.88,-143.4,grandpas_village,15.52,clear,18.091,14.033,0.00,8.47,narrative_modal
189.93,2026-09-02 13:53:47,9.57,0.90,-13.88,-143.4,grandpas_village,15.55,clear,17.709,9.471,0.00,8.47,world
190.73,2026-09-02 13:53:48,9.57,0.90,-13.88,-143.4,grandpas_village,15.58,clear,17.709,9.471,0.00,8.47,narrative_modal
191.23,2026-09-02 13:53:49,9.57,0.90,-13.88,-143.4,grandpas_village,15.60,clear,15.376,6.997,0.00,8.47,narrative_modal
191.73,2026-09-02 13:53:49,9.57,0.90,-13.88,-143.4,grandpas_village,15.62,clear,15.376,6.997,0.00,8.47,narrative_modal
192.23,2026-09-02 13:53:50,9.57,0.90,-13.88,-143.4,grandpas_village,15.64,clear,18.120,23.533,0.00,8.47,narrative_modal
192.73,2026-09-02 13:53:50,9.57,0.90,-13.88,-143.4,grandpas_village,15.66,clear,18.120,23.533,0.00,8.47,narrative_modal
193.23,2026-09-02 13:53:51,9.57,0.90,-13.88,-143.4,grandpas_village,15.68,clear,16.251,6.262,0.00,8.47,narrative_modal
193.73,2026-09-02 13:53:51,10.65,0.90,-15.25,142.0,grandpas_village,15.70,clear,16.745,6.315,0.00,6.88,world
194.23,2026-09-02 13:53:52,12.09,0.90,-17.09,142.0,grandpas_village,15.73,clear,16.745,6.315,0.00,4.91,world
194.73,2026-09-02 13:53:52,13.19,0.90,-16.36,53.6,grandpas_village,15.74,clear,19.720,6.615,0.00,5.77,world
195.23,2026-09-02 13:53:53,15.20,0.90,-14.88,53.6,grandpas_village,15.76,clear,19.720,6.615,0.00,4.93,world
195.73,2026-09-02 13:53:53,16.80,0.90,-15.25,151.9,grandpas_village,15.78,clear,18.573,6.272,0.00,3.28,world
196.23,2026-09-02 13:53:54,17.98,0.90,-17.45,151.9,grandpas_village,15.80,clear,18.573,6.272,0.00,2.49,world
196.73,2026-09-02 13:53:54,19.16,0.90,-19.66,151.9,grandpas_village,15.82,clear,20.590,7.143,0.00,3.76,world
197.23,2026-09-02 13:53:55,20.33,0.90,-21.87,151.9,grandpas_village,15.84,clear,20.590,7.143,0.00,4.24,world
197.73,2026-09-02 13:53:55,21.51,0.90,-24.07,151.9,grandpas_village,15.86,clear,16.181,6.850,0.00,2.49,world
198.23,2026-09-02 13:53:56,22.70,0.79,-26.31,151.9,grandpas_village,15.88,clear,16.181,6.850,0.00,2.65,world
198.73,2026-09-02 13:53:56,23.91,0.62,-28.57,151.9,grandpas_village,15.91,clear,18.186,6.641,0.00,4.57,world
199.23,2026-09-02 13:53:57,25.11,0.43,-30.82,152.0,grandpas_village,15.92,clear,18.186,6.641,0.00,4.45,world
199.73,2026-09-02 13:53:57,26.31,0.31,-33.07,152.0,grandpas_village,15.95,clear,18.445,6.957,0.00,4.41,world
200.23,2026-09-02 13:53:58,27.50,0.27,-35.29,152.1,grandpas_village,15.96,clear,18.445,6.957,0.00,5.65,world
200.73,2026-09-02 13:53:59,29.07,0.15,-37.14,121.3,grandpas_village,15.98,clear,21.186,826.507,0.00,3.75,world
201.23,2026-09-02 13:54:00,37.27,-1.75,-35.05,-159.8,grandpas_village,16.01,clear,19.472,6.725,0.00,1.20,combat
201.73,2026-09-02 13:54:00,37.27,-1.75,-35.05,-159.8,grandpas_village,16.02,clear,19.472,6.725,0.00,1.20,combat
202.23,2026-09-02 13:54:01,37.27,-1.75,-35.05,-159.8,grandpas_village,16.04,clear,21.551,12.036,0.00,1.20,combat
202.73,2026-09-02 13:54:01,37.27,-1.75,-35.05,-159.8,grandpas_village,16.06,clear,21.551,12.036,0.00,1.20,combat
203.23,2026-09-02 13:54:02,37.27,-1.75,-35.05,-159.8,grandpas_village,16.08,clear,18.101,6.052,0.00,1.20,combat
203.73,2026-09-02 13:54:02,37.27,-1.75,-35.05,-159.8,grandpas_village,16.10,clear,18.101,6.052,0.00,1.20,combat
204.23,2026-09-02 13:54:03,37.27,-1.75,-35.05,-159.8,grandpas_village,16.12,clear,21.565,9.302,0.00,1.20,combat
205.17,2026-09-02 13:54:04,37.27,-1.75,-35.05,-159.8,grandpas_village,16.16,clear,21.043,44.497,0.00,1.20,combat
205.73,2026-09-02 13:54:04,37.27,-1.75,-35.05,-159.8,grandpas_village,16.18,clear,21.043,44.497,0.00,1.20,combat
206.27,2026-09-02 13:54:05,37.27,-1.75,-35.05,-159.8,grandpas_village,16.21,clear,20.208,8.145,0.00,1.20,combat
206.80,2026-09-02 13:54:05,37.27,-1.75,-35.05,-159.8,grandpas_village,16.23,clear,20.208,8.145,0.00,1.20,combat
207.37,2026-09-02 13:54:06,37.27,-1.75,-35.05,-159.8,grandpas_village,16.25,clear,19.095,23.093,0.00,0.84,combat
207.90,2026-09-02 13:54:06,37.27,-1.75,-35.05,-159.8,grandpas_village,16.27,clear,17.679,8.190,0.00,0.84,combat
208.40,2026-09-02 13:54:07,37.27,-1.75,-35.05,-159.8,grandpas_village,16.29,clear,17.679,8.190,0.00,0.85,combat_aim
208.90,2026-09-02 13:54:07,37.27,-1.75,-35.05,-159.8,grandpas_village,16.31,clear,18.913,9.199,0.00,0.73,combat_aim
209.40,2026-09-02 13:54:08,37.27,-1.75,-35.05,-159.8,grandpas_village,16.33,clear,18.913,9.199,0.00,0.73,combat_aim
209.90,2026-09-02 13:54:08,37.27,-1.75,-35.05,-159.8,grandpas_village,16.35,clear,20.346,11.888,0.00,0.90,combat_aim
210.40,2026-09-02 13:54:09,37.27,-1.75,-35.05,-159.8,grandpas_village,16.37,clear,20.346,11.888,0.00,0.94,combat_aim
210.90,2026-09-02 13:54:09,37.27,-1.75,-35.05,-159.8,grandpas_village,16.39,clear,21.946,7.352,0.00,0.96,combat_aim
211.40,2026-09-02 13:54:10,37.27,-1.75,-35.05,-159.8,grandpas_village,16.41,clear,21.946,7.352,0.00,0.73,combat_aim
211.90,2026-09-02 13:54:10,37.27,-1.75,-35.05,-159.8,grandpas_village,16.43,clear,23.927,8.749,0.00,0.73,combat_aim
212.40,2026-09-02 13:54:11,37.27,-1.75,-35.05,-159.8,grandpas_village,16.45,clear,23.927,8.749,0.00,0.73,combat_aim
212.90,2026-09-02 13:54:11,37.27,-1.75,-35.05,-159.8,grandpas_village,16.47,clear,17.327,7.685,0.00,1.02,combat
213.40,2026-09-02 13:54:12,37.27,-1.75,-35.05,-159.8,grandpas_village,16.49,clear,17.327,7.685,0.00,0.76,combat
213.90,2026-09-02 13:54:12,37.27,-1.75,-35.05,-159.8,grandpas_village,16.51,clear,17.030,5.993,0.00,0.89,combat
214.40,2026-09-02 13:54:13,37.27,-1.75,-35.05,-159.8,grandpas_village,16.53,clear,17.030,5.993,0.00,1.20,combat
214.90,2026-09-02 13:54:13,37.27,-1.75,-35.05,-159.8,grandpas_village,16.55,clear,20.121,30.587,0.00,1.20,combat
215.40,2026-09-02 13:54:14,37.27,-1.75,-35.05,-159.8,grandpas_village,16.57,clear,20.121,30.587,0.00,1.20,combat
215.90,2026-09-02 13:54:14,37.27,-1.75,-35.05,-159.8,grandpas_village,16.59,clear,17.642,5.994,0.00,0.73,combat
216.40,2026-09-02 13:54:15,37.27,-1.75,-35.05,-159.8,grandpas_village,16.61,clear,17.642,5.994,0.00,1.20,combat
216.90,2026-09-02 13:54:15,37.27,-1.75,-35.05,-159.8,grandpas_village,16.63,clear,16.449,5.856,0.00,1.20,combat
217.40,2026-09-02 13:54:16,37.27,-1.75,-35.05,-159.8,grandpas_village,16.65,clear,16.449,5.856,0.00,1.20,combat
217.90,2026-09-02 13:54:16,37.27,-1.75,-35.05,-159.8,grandpas_village,16.67,clear,17.909,5.929,0.00,1.20,combat
218.40,2026-09-02 13:54:17,37.27,-1.75,-35.05,-159.8,grandpas_village,16.69,clear,17.909,5.929,0.00,1.20,combat
218.90,2026-09-02 13:54:17,37.27,-1.75,-35.05,-159.8,grandpas_village,16.71,clear,20.242,8.080,0.00,1.20,combat
219.40,2026-09-02 13:54:18,37.27,-1.75,-35.05,-159.8,grandpas_village,16.73,clear,20.242,8.080,0.00,1.20,combat
219.90,2026-09-02 13:54:18,37.27,-1.75,-35.05,-159.8,grandpas_village,16.75,clear,20.388,7.547,0.00,1.20,combat
220.40,2026-09-02 13:54:19,37.27,-1.75,-35.05,-159.8,grandpas_village,16.77,clear,20.388,7.547,0.00,1.20,combat
220.90,2026-09-02 13:54:19,37.27,-1.75,-35.05,-159.8,grandpas_village,16.79,clear,21.304,6.422,0.00,1.20,combat
221.67,2026-09-02 13:54:20,37.27,-1.75,-35.05,-159.8,grandpas_village,16.82,clear,21.304,6.422,0.00,1.20,combat_aim
222.17,2026-09-02 13:54:21,37.27,-1.75,-35.05,-159.8,grandpas_village,16.84,clear,18.072,6.796,0.00,1.20,combat_aim
222.67,2026-09-02 13:54:21,37.27,-1.75,-35.05,-159.8,grandpas_village,16.86,clear,18.072,6.796,0.00,1.20,combat
223.17,2026-09-02 13:54:21,37.27,-1.75,-35.05,-159.8,grandpas_village,16.88,clear,18.151,7.350,0.00,1.20,combat
223.67,2026-09-02 13:54:22,37.27,-1.75,-35.05,-159.8,grandpas_village,16.90,clear,18.151,7.350,0.00,1.20,combat
224.17,2026-09-02 13:54:23,37.27,-1.75,-35.05,-159.8,grandpas_village,16.92,clear,16.008,5.974,0.00,1.20,combat
224.67,2026-09-02 13:54:23,37.27,-1.75,-35.05,-159.8,grandpas_village,16.94,clear,16.008,5.974,0.00,1.20,combat
225.17,2026-09-02 13:54:24,37.27,-1.75,-35.05,-159.8,grandpas_village,16.96,clear,18.920,6.071,0.00,1.20,combat
225.67,2026-09-02 13:54:24,37.27,-1.75,-35.05,-159.8,grandpas_village,16.98,clear,18.920,6.071,0.00,1.20,combat
226.17,2026-09-02 13:54:25,37.27,-1.75,-35.05,-159.8,grandpas_village,17.00,clear,16.311,5.821,0.00,1.20,combat
226.67,2026-09-02 13:54:25,37.27,-1.75,-35.05,-159.8,grandpas_village,17.02,clear,16.311,5.821,0.00,1.20,combat
227.17,2026-09-02 13:54:26,37.27,-1.75,-35.05,-159.8,grandpas_village,17.04,clear,19.730,6.359,0.00,1.20,combat
227.67,2026-09-02 13:54:26,37.27,-1.75,-35.05,-159.8,grandpas_village,17.06,clear,19.730,6.359,0.00,1.20,combat
228.17,2026-09-02 13:54:26,37.27,-1.75,-35.05,-159.8,grandpas_village,17.08,clear,20.433,8.512,0.00,1.20,combat
228.67,2026-09-02 13:54:27,37.27,-1.75,-35.05,-159.8,grandpas_village,17.10,clear,20.433,8.512,0.00,1.20,combat
229.17,2026-09-02 13:54:28,37.27,-1.75,-35.05,-159.8,grandpas_village,17.12,clear,17.714,6.424,0.00,1.20,combat
229.67,2026-09-02 13:54:28,37.27,-1.75,-35.05,-159.8,grandpas_village,17.14,clear,17.714,6.424,0.00,1.20,combat
230.17,2026-09-02 13:54:29,37.27,-1.75,-35.05,-159.8,grandpas_village,17.16,clear,19.908,7.288,0.00,1.20,combat
230.67,2026-09-02 13:54:29,37.27,-1.75,-35.05,-159.8,grandpas_village,17.18,clear,19.908,7.288,0.00,1.20,combat
231.17,2026-09-02 13:54:30,37.27,-1.75,-35.05,-159.8,grandpas_village,17.20,clear,17.083,6.791,0.00,1.20,combat
231.67,2026-09-02 13:54:30,37.27,-1.75,-35.05,-159.8,grandpas_village,17.22,clear,17.083,6.791,0.00,1.20,combat
232.17,2026-09-02 13:54:31,37.27,-1.75,-35.05,-159.8,grandpas_village,17.24,clear,19.282,6.987,0.00,1.20,combat
232.67,2026-09-02 13:54:31,37.27,-1.75,-35.05,-159.8,grandpas_village,17.26,clear,19.282,6.987,0.00,1.20,combat
233.17,2026-09-02 13:54:32,37.27,-1.75,-35.05,-159.8,grandpas_village,17.28,clear,17.819,6.284,0.00,1.20,combat
233.98,2026-09-02 13:54:32,37.27,-1.75,-35.05,-159.8,grandpas_village,17.31,clear,20.388,5.930,0.00,1.20,combat_aim
234.48,2026-09-02 13:54:33,37.27,-1.75,-35.05,-159.8,grandpas_village,17.33,clear,20.388,5.930,0.00,1.20,combat_aim
234.98,2026-09-02 13:54:33,37.27,-1.75,-35.05,-159.8,grandpas_village,17.35,clear,22.359,9.676,0.00,1.20,combat_aim
235.48,2026-09-02 13:54:34,37.27,-1.75,-35.05,-159.8,grandpas_village,17.37,clear,22.359,9.676,0.00,1.20,combat_aim
235.98,2026-09-02 13:54:34,37.27,-1.75,-35.05,-159.8,grandpas_village,17.40,clear,19.515,6.579,0.00,1.20,combat_aim
236.48,2026-09-02 13:54:35,37.27,-1.75,-35.05,-159.8,grandpas_village,17.41,clear,19.515,6.579,0.00,1.20,combat_aim
236.98,2026-09-02 13:54:35,37.27,-1.75,-35.05,-159.8,grandpas_village,17.43,clear,18.687,7.138,0.00,1.20,combat
237.48,2026-09-02 13:54:36,37.27,-1.75,-35.05,-159.8,grandpas_village,17.45,clear,18.687,7.138,0.00,1.20,combat
237.98,2026-09-02 13:54:36,37.27,-1.75,-35.05,-159.8,grandpas_village,17.47,clear,17.794,8.224,0.00,1.20,combat
238.48,2026-09-02 13:54:37,37.27,-1.75,-35.05,-159.8,grandpas_village,17.49,clear,17.794,8.224,0.00,1.20,world
238.98,2026-09-02 13:54:38,37.27,-1.75,-35.05,-159.8,grandpas_village,17.52,clear,17.802,406.026,0.00,1.20,world
239.48,2026-09-02 13:54:38,37.27,-1.75,-35.05,-159.8,grandpas_village,17.54,clear,17.802,406.026,0.00,1.20,world
240.12,2026-09-02 13:54:39,37.27,-1.75,-35.05,-159.8,grandpas_village,17.56,clear,540.619,5.896,0.00,1.20,menu_backpack
240.65,2026-09-02 13:54:41,37.27,-1.75,-35.05,-159.8,grandpas_village,17.58,clear,364.199,4.584,0.00,1.20,menu_backpack
241.28,2026-09-02 13:54:41,37.27,-1.75,-35.05,-159.8,grandpas_village,17.61,clear,363.349,5.750,0.00,1.20,world
241.78,2026-09-02 13:54:42,37.27,-1.75,-35.05,-159.8,grandpas_village,17.63,clear,363.349,5.750,0.00,1.20,world
242.28,2026-09-02 13:54:42,37.27,-1.75,-35.05,-159.8,grandpas_village,17.65,clear,23.328,6.170,0.00,1.20,world
242.78,2026-09-02 13:54:43,37.51,-1.73,-35.57,155.5,grandpas_village,17.67,clear,17.897,450.221,0.00,0.65,world
243.28,2026-09-02 13:54:44,38.56,-1.71,-37.84,155.5,grandpas_village,17.69,clear,17.897,450.221,0.00,1.92,world
243.78,2026-09-02 13:54:44,39.58,-1.66,-40.10,156.6,grandpas_village,17.71,clear,17.436,6.684,0.00,4.39,world
244.28,2026-09-02 13:54:45,40.53,-1.57,-42.37,157.5,grandpas_village,17.73,clear,17.436,6.684,0.00,5.96,world
244.78,2026-09-02 13:54:45,41.47,-1.51,-44.65,157.6,grandpas_village,17.75,clear,17.204,6.973,0.00,4.63,world
245.28,2026-09-02 13:54:46,42.43,-1.49,-46.96,157.6,grandpas_village,17.77,clear,17.204,6.973,0.00,2.13,world
245.80,2026-09-02 13:54:47,49.64,-1.38,-48.58,-123.6,the_rise,17.79,clear,20.591,410.079,0.00,6.33,combat
246.30,2026-09-02 13:54:47,49.64,-1.38,-48.58,-123.6,the_rise,17.81,clear,20.591,410.079,0.00,6.06,combat
246.80,2026-09-02 13:54:48,49.64,-1.38,-48.58,-123.6,the_rise,17.83,clear,18.493,6.745,0.00,6.08,combat
247.30,2026-09-02 13:54:48,49.64,-1.38,-48.58,-123.6,the_rise,17.85,clear,18.493,6.745,0.00,6.08,combat
247.80,2026-09-02 13:54:49,49.64,-1.38,-48.58,-123.6,the_rise,17.87,clear,58.368,6.580,0.00,6.13,combat
248.30,2026-09-02 13:54:49,49.64,-1.38,-48.58,-123.6,the_rise,17.89,clear,58.368,6.580,0.00,5.83,combat
248.80,2026-09-02 13:54:50,49.64,-1.38,-48.58,-123.6,the_rise,17.91,clear,17.201,6.219,0.00,4.31,combat
249.57,2026-09-02 13:54:50,49.64,-1.38,-48.58,-123.6,the_rise,17.94,clear,16.480,6.624,0.00,3.52,combat
250.10,2026-09-02 13:54:51,49.64,-1.38,-48.58,-123.6,the_rise,17.96,clear,16.480,6.624,0.00,3.57,combat
250.63,2026-09-02 13:54:52,49.64,-1.38,-48.58,-123.6,the_rise,17.98,clear,22.255,29.950,0.00,3.24,combat
251.17,2026-09-02 13:54:52,49.64,-1.38,-48.58,-123.6,the_rise,18.00,clear,22.255,29.950,0.00,2.20,combat
251.70,2026-09-02 13:54:53,49.64,-1.38,-48.58,-123.6,the_rise,18.02,clear,17.172,7.561,0.00,3.20,combat
252.23,2026-09-02 13:54:53,49.64,-1.38,-48.58,-123.6,the_rise,18.05,clear,17.172,7.561,0.00,3.03,combat
252.77,2026-09-02 13:54:54,49.64,-1.38,-48.58,-123.6,the_rise,18.07,clear,17.278,8.775,0.00,3.14,combat
253.30,2026-09-02 13:54:54,49.64,-1.38,-48.58,-123.6,the_rise,18.09,clear,17.278,8.775,0.00,4.00,combat
253.83,2026-09-02 13:54:55,49.64,-1.38,-48.58,-123.6,the_rise,18.11,clear,16.260,7.322,0.00,3.70,combat
254.37,2026-09-02 13:54:55,49.64,-1.38,-48.58,-123.6,the_rise,18.13,clear,16.260,7.322,0.00,3.49,combat
254.90,2026-09-02 13:54:56,49.64,-1.38,-48.58,-123.6,the_rise,18.15,clear,17.610,10.531,0.00,3.49,combat
255.40,2026-09-02 13:54:56,49.64,-1.38,-48.58,-123.6,the_rise,18.17,clear,17.567,19.588,0.00,3.26,combat_aim
255.90,2026-09-02 13:54:57,49.64,-1.38,-48.58,-123.6,the_rise,18.19,clear,17.567,19.588,0.00,3.24,combat_aim
256.40,2026-09-02 13:54:57,49.64,-1.38,-48.58,-123.6,the_rise,18.21,clear,16.705,6.659,0.00,2.93,combat
256.90,2026-09-02 13:54:58,49.64,-1.38,-48.58,-123.6,the_rise,18.23,clear,16.705,6.659,0.00,9.32,combat
257.40,2026-09-02 13:54:58,49.64,-1.38,-48.58,-123.6,the_rise,18.25,clear,15.715,6.957,0.00,9.32,combat
257.90,2026-09-02 13:54:59,49.64,-1.38,-48.58,-123.6,the_rise,18.27,clear,15.715,6.957,0.00,9.32,combat
258.40,2026-09-02 13:54:59,49.64,-1.38,-48.58,-123.6,the_rise,18.29,clear,18.864,39.558,0.00,9.32,combat
258.90,2026-09-02 13:55:00,49.64,-1.38,-48.58,-123.6,the_rise,18.31,clear,18.864,39.558,0.00,9.32,combat
259.40,2026-09-02 13:55:00,49.64,-1.38,-48.58,-123.6,the_rise,18.33,clear,18.944,6.209,0.00,9.32,combat
259.90,2026-09-02 13:55:01,49.64,-1.38,-48.58,-123.6,the_rise,18.35,clear,18.944,6.209,0.00,9.32,combat
260.40,2026-09-02 13:55:01,49.64,-1.38,-48.58,-123.6,the_rise,18.37,clear,17.967,5.924,0.00,9.32,combat
260.90,2026-09-02 13:55:02,49.64,-1.38,-48.58,-123.6,the_rise,18.39,clear,17.967,5.924,0.00,9.32,combat
261.40,2026-09-02 13:55:02,49.64,-1.38,-48.58,-123.6,the_rise,18.41,clear,20.298,7.015,0.00,9.32,combat
261.90,2026-09-02 13:55:03,49.64,-1.38,-48.58,-123.6,the_rise,18.43,clear,20.298,7.015,0.00,9.32,combat
262.40,2026-09-02 13:55:03,49.64,-1.38,-48.58,-123.6,the_rise,18.45,clear,15.719,5.597,0.00,9.32,combat
262.93,2026-09-02 13:55:04,49.64,-1.38,-48.58,-123.6,the_rise,18.47,clear,124.899,395.302,0.00,9.32,menu_backpack
263.53,2026-09-02 13:55:06,49.64,-1.38,-48.58,-123.6,the_rise,18.50,clear,545.422,3.704,0.00,9.32,menu_backpack
264.18,2026-09-02 13:55:07,49.64,-1.38,-48.58,-123.6,the_rise,18.52,clear,379.760,5.174,0.00,9.32,menu_backpack
264.82,2026-09-02 13:55:07,49.64,-1.38,-48.58,-123.6,the_rise,18.55,clear,380.841,6.557,0.00,9.32,world
265.32,2026-09-02 13:55:08,49.64,-1.38,-48.58,-123.6,the_rise,18.57,clear,380.841,6.557,0.00,9.32,world
265.82,2026-09-02 13:55:08,49.64,-1.38,-48.58,-123.6,the_rise,18.59,clear,22.599,7.990,0.00,9.32,world
266.32,2026-09-02 13:55:09,48.15,-1.55,-48.14,-73.5,the_rise,18.61,clear,22.599,7.990,0.00,8.42,world
266.82,2026-09-02 13:55:10,45.72,-1.63,-47.44,-73.9,the_rise,18.63,clear,22.325,488.456,0.00,7.44,world
267.32,2026-09-02 13:55:10,43.36,-1.53,-46.77,-74.2,the_rise,18.65,clear,18.653,6.187,0.00,7.26,world
267.82,2026-09-02 13:55:11,40.99,-1.45,-46.10,-74.5,grandpas_village,18.67,clear,18.653,6.187,0.00,6.99,world
268.32,2026-09-02 13:55:11,38.65,-1.29,-45.45,-74.5,grandpas_village,18.69,clear,19.469,379.211,0.00,4.68,world
268.82,2026-09-02 13:55:12,36.39,-1.01,-44.82,-74.5,grandpas_village,18.71,clear,19.469,379.211,0.00,2.67,world
269.32,2026-09-02 13:55:12,34.21,-0.61,-44.21,-74.6,grandpas_village,18.73,clear,16.692,6.126,0.00,1.80,world
269.82,2026-09-02 13:55:13,32.07,-0.17,-43.61,-74.6,grandpas_village,18.75,clear,16.692,6.126,0.00,3.07,world
270.32,2026-09-02 13:55:13,29.92,0.24,-43.01,-74.6,grandpas_village,18.77,clear,18.842,6.887,0.00,4.04,world
270.82,2026-09-02 13:55:14,27.70,0.60,-42.40,-74.7,grandpas_village,18.79,clear,18.842,6.887,0.00,2.34,world
271.32,2026-09-02 13:55:15,25.42,0.86,-41.77,-74.7,grandpas_village,18.81,clear,15.990,5.409,0.00,2.30,world
271.82,2026-09-02 13:55:15,18.36,1.75,-46.12,4.0,grandpas_village,18.83,clear,15.990,5.409,0.00,6.92,combat
272.32,2026-09-02 13:55:15,18.36,1.75,-46.12,4.0,grandpas_village,18.85,clear,19.968,38.129,0.00,6.14,combat
272.82,2026-09-02 13:55:16,18.36,1.75,-46.12,4.0,grandpas_village,18.87,clear,19.968,38.129,0.00,6.09,combat
273.32,2026-09-02 13:55:16,18.36,1.75,-46.12,4.0,grandpas_village,18.89,clear,16.414,5.381,0.00,6.09,combat
273.82,2026-09-02 13:55:17,18.36,1.75,-46.12,4.0,grandpas_village,18.91,clear,16.414,5.381,0.00,6.10,combat
274.32,2026-09-02 13:55:17,18.36,1.75,-46.12,4.0,grandpas_village,18.93,clear,23.012,8.256,0.00,6.15,combat
274.82,2026-09-02 13:55:18,18.36,1.75,-46.12,4.0,grandpas_village,18.95,clear,23.012,8.256,0.00,6.95,combat
275.68,2026-09-02 13:55:19,18.36,1.75,-46.12,4.0,grandpas_village,18.98,clear,19.895,21.504,0.00,7.93,combat
276.22,2026-09-02 13:55:19,18.36,1.75,-46.12,4.0,grandpas_village,19.00,clear,21.162,7.291,0.00,7.93,combat
276.75,2026-09-02 13:55:20,18.36,1.75,-46.12,4.0,grandpas_village,19.03,clear,21.162,7.291,0.00,7.93,combat
277.28,2026-09-02 13:55:20,18.36,1.75,-46.12,4.0,grandpas_village,19.05,clear,19.812,11.084,0.00,7.93,combat
277.83,2026-09-02 13:55:21,18.36,1.75,-46.12,4.0,grandpas_village,19.07,clear,19.812,11.084,0.00,7.27,combat
278.37,2026-09-02 13:55:22,18.36,1.75,-46.12,4.0,grandpas_village,19.09,clear,17.687,8.994,0.00,7.16,combat
278.92,2026-09-02 13:55:22,18.36,1.75,-46.12,4.0,grandpas_village,19.11,clear,17.687,8.994,0.00,7.16,combat
279.45,2026-09-02 13:55:23,18.36,1.75,-46.12,4.0,grandpas_village,19.13,clear,22.406,8.226,0.00,7.36,combat
280.00,2026-09-02 13:55:23,18.36,1.75,-46.12,4.0,grandpas_village,19.16,clear,22.406,8.226,0.00,7.93,combat
280.53,2026-09-02 13:55:24,18.36,1.75,-46.12,4.0,grandpas_village,19.18,clear,21.669,33.879,0.00,7.93,combat
281.07,2026-09-02 13:55:24,18.36,1.75,-46.12,4.0,grandpas_village,19.20,clear,16.675,7.973,0.00,7.93,combat
281.57,2026-09-02 13:55:25,18.36,1.75,-46.12,4.0,grandpas_village,19.22,clear,16.675,7.973,0.00,7.93,combat_aim
282.07,2026-09-02 13:55:25,18.36,1.75,-46.12,4.0,grandpas_village,19.24,clear,22.299,11.443,0.00,7.93,combat_aim
282.57,2026-09-02 13:55:26,18.36,1.75,-46.12,4.0,grandpas_village,19.26,clear,22.299,11.443,0.00,7.93,combat
283.07,2026-09-02 13:55:26,18.36,1.75,-46.12,4.0,grandpas_village,19.28,clear,17.878,5.977,0.00,7.93,combat
283.57,2026-09-02 13:55:27,18.36,1.75,-46.12,4.0,grandpas_village,19.30,clear,17.878,5.977,0.00,7.93,combat
284.07,2026-09-02 13:55:27,18.36,1.75,-46.12,4.0,grandpas_village,19.32,clear,15.279,5.485,0.00,7.93,combat
284.57,2026-09-02 13:55:28,18.36,1.75,-46.12,4.0,grandpas_village,19.34,clear,15.279,5.485,0.00,7.93,combat
285.07,2026-09-02 13:55:28,18.36,1.75,-46.12,4.0,grandpas_village,19.36,clear,18.187,6.446,0.00,7.93,combat
285.57,2026-09-02 13:55:29,18.36,1.75,-46.12,4.0,grandpas_village,19.38,clear,18.187,6.446,0.00,7.93,combat
286.07,2026-09-02 13:55:29,18.36,1.75,-46.12,4.0,grandpas_village,19.40,clear,17.211,5.462,0.00,7.93,combat
286.57,2026-09-02 13:55:30,18.36,1.75,-46.12,4.0,grandpas_village,19.42,clear,17.211,5.462,0.00,7.93,combat
287.07,2026-09-02 13:55:30,18.36,1.75,-46.12,4.0,grandpas_village,19.44,clear,15.665,5.802,0.00,7.93,combat
287.57,2026-09-02 13:55:31,18.36,1.75,-46.12,4.0,grandpas_village,19.46,clear,15.665,5.802,0.00,7.93,combat
288.07,2026-09-02 13:55:31,18.36,1.75,-46.12,4.0,grandpas_village,19.48,clear,17.114,8.176,0.00,7.93,combat
288.57,2026-09-02 13:55:32,18.36,1.75,-46.12,4.0,grandpas_village,19.50,clear,17.114,8.176,0.00,7.93,combat
289.07,2026-09-02 13:55:32,18.36,1.75,-46.12,4.0,grandpas_village,19.52,clear,20.011,7.548,0.00,7.93,combat
289.60,2026-09-02 13:55:34,18.36,1.75,-46.12,4.0,grandpas_village,19.54,clear,539.817,394.958,0.00,7.93,menu_backpack
290.23,2026-09-02 13:55:35,18.36,1.75,-46.12,4.0,grandpas_village,19.57,clear,404.456,3.418,0.00,7.93,menu_backpack
290.83,2026-09-02 13:55:35,18.36,1.75,-46.12,4.0,grandpas_village,19.59,clear,346.198,4.049,0.00,7.93,menu_backpack
291.43,2026-09-02 13:55:36,18.36,1.75,-46.12,4.0,grandpas_village,19.61,clear,346.198,4.049,0.00,7.93,world
291.93,2026-09-02 13:55:37,18.36,1.75,-46.12,4.0,grandpas_village,19.63,clear,87.640,7.967,0.00,7.93,world
292.43,2026-09-02 13:55:37,18.36,1.75,-46.12,4.0,grandpas_village,19.65,clear,87.640,7.967,0.00,7.93,world
292.93,2026-09-02 13:55:38,18.36,1.75,-46.12,4.0,grandpas_village,19.67,clear,15.456,5.780,0.00,7.93,world
293.43,2026-09-02 13:55:38,18.36,1.75,-46.12,4.0,grandpas_village,19.69,clear,15.456,5.780,0.00,7.93,world
293.93,2026-09-02 13:55:39,18.36,1.75,-46.12,4.0,grandpas_village,19.71,clear,15.878,5.402,0.00,7.93,world
294.43,2026-09-02 13:55:39,18.36,1.75,-46.12,4.0,grandpas_village,19.73,clear,15.878,5.402,0.00,7.93,world
294.93,2026-09-02 13:55:40,18.36,1.75,-46.12,4.0,grandpas_village,19.75,clear,18.055,5.699,0.00,7.93,world
295.45,2026-09-02 13:55:40,18.36,1.75,-46.12,4.0,grandpas_village,19.77,clear,18.055,5.699,0.00,7.93,world
295.98,2026-09-02 13:55:41,18.36,1.75,-46.12,4.0,grandpas_village,19.79,clear,17.093,4.786,0.00,7.93,world
296.52,2026-09-02 13:55:41,18.36,1.75,-46.12,4.0,grandpas_village,19.82,clear,17.093,4.786,0.00,7.93,world
297.05,2026-09-02 13:55:42,18.36,1.75,-46.12,4.0,grandpas_village,19.84,clear,16.096,7.127,0.00,7.93,world
297.60,2026-09-02 13:55:42,18.36,1.75,-46.12,4.0,grandpas_village,19.86,clear,16.096,7.127,0.00,7.93,world
298.13,2026-09-02 13:55:43,18.36,1.75,-46.12,4.0,grandpas_village,19.88,clear,17.204,22.159,0.00,7.93,world
298.67,2026-09-02 13:55:43,18.36,1.75,-46.12,4.0,grandpas_village,19.90,clear,17.204,22.159,0.00,7.93,world
299.20,2026-09-02 13:55:44,18.36,1.75,-46.12,4.0,grandpas_village,19.92,clear,15.683,6.067,0.00,7.93,world
299.73,2026-09-02 13:55:44,18.36,1.75,-46.12,4.0,grandpas_village,19.95,clear,16.584,6.670,0.00,7.93,world
300.27,2026-09-02 13:55:45,18.36,1.75,-46.12,4.0,grandpas_village,19.97,clear,16.584,6.670,0.00,7.93,world
300.83,2026-09-02 13:55:45,18.36,1.75,-46.12,4.0,grandpas_village,19.99,clear,16.641,50.557,0.00,7.93,world
301.37,2026-09-02 13:55:46,18.36,1.75,-46.12,4.0,grandpas_village,20.01,clear,16.641,50.557,0.00,7.93,world
301.90,2026-09-02 13:55:46,18.36,1.75,-46.12,4.0,grandpas_village,20.03,clear,19.287,6.979,0.00,7.93,world
302.43,2026-09-02 13:55:47,18.36,1.75,-46.12,4.0,grandpas_village,20.05,clear,19.287,6.979,0.00,7.93,world
302.97,2026-09-02 13:55:48,18.36,1.75,-46.12,4.0,grandpas_village,20.07,clear,17.925,8.487,0.00,7.93,world
303.52,2026-09-02 13:55:48,18.36,1.75,-46.12,4.0,grandpas_village,20.10,clear,17.925,8.487,0.00,7.93,menu_backpack
304.15,2026-09-02 13:55:50,18.36,1.75,-46.12,4.0,grandpas_village,20.12,clear,511.336,3.221,0.00,7.93,menu_backpack
304.68,2026-09-02 13:55:51,18.36,1.75,-46.12,4.0,grandpas_village,20.14,clear,356.722,4.178,0.00,7.93,menu_backpack
305.27,2026-09-02 13:55:51,18.36,1.75,-46.12,4.0,grandpas_village,20.17,clear,363.965,7.022,0.00,7.93,world
305.77,2026-09-02 13:55:52,18.36,1.75,-46.12,4.0,grandpas_village,20.19,clear,363.965,7.022,0.00,7.93,world
306.27,2026-09-02 13:55:52,18.36,1.75,-46.12,4.0,grandpas_village,20.21,clear,23.403,9.563,0.00,7.93,world
306.77,2026-09-02 13:55:53,18.36,1.75,-46.12,4.0,grandpas_village,20.23,clear,23.403,9.563,0.00,7.93,world
307.27,2026-09-02 13:55:53,18.36,1.75,-46.12,4.0,grandpas_village,20.25,clear,19.556,9.207,0.00,7.93,world
307.77,2026-09-02 13:55:54,18.36,1.75,-46.12,4.0,grandpas_village,20.27,clear,19.556,9.207,0.00,7.93,world
308.27,2026-09-02 13:55:54,18.36,1.75,-46.12,4.0,grandpas_village,20.29,clear,18.934,21.275,0.00,7.93,world
308.77,2026-09-02 13:55:55,18.36,1.75,-46.12,4.0,grandpas_village,20.31,clear,18.934,21.275,0.00,7.93,world
309.27,2026-09-02 13:55:55,18.36,1.75,-46.12,4.0,grandpas_village,20.33,clear,17.671,8.472,0.00,7.93,world
310.02,2026-09-02 13:55:56,18.36,1.75,-46.12,4.0,grandpas_village,20.36,clear,17.671,8.472,0.00,7.93,world
310.55,2026-09-02 13:55:57,18.36,1.75,-46.12,4.0,grandpas_village,20.38,clear,19.494,7.033,0.00,7.93,world
311.10,2026-09-02 13:55:57,18.36,1.75,-46.12,4.0,grandpas_village,20.40,clear,19.494,7.033,0.00,7.93,world
311.63,2026-09-02 13:55:58,18.36,1.75,-46.12,4.0,grandpas_village,20.42,clear,19.336,7.735,0.00,7.93,world
312.17,2026-09-02 13:55:58,18.36,1.75,-46.12,4.0,grandpas_village,20.44,clear,19.336,7.735,0.00,7.93,world
312.70,2026-09-02 13:55:59,18.36,1.75,-46.12,4.0,grandpas_village,20.46,clear,18.627,7.763,0.00,7.93,world
313.25,2026-09-02 13:55:59,18.36,1.75,-46.12,4.0,grandpas_village,20.49,clear,17.345,13.092,0.00,7.93,world
313.82,2026-09-02 13:56:00,18.36,1.75,-46.12,4.0,grandpas_village,20.51,clear,17.345,13.092,0.00,7.93,world
314.35,2026-09-02 13:56:00,18.36,1.75,-46.12,4.0,grandpas_village,20.53,clear,20.265,7.871,0.00,7.93,world
314.88,2026-09-02 13:56:01,18.36,1.75,-46.12,4.0,grandpas_village,20.55,clear,20.265,7.871,0.00,7.93,world
315.43,2026-09-02 13:56:01,18.36,1.75,-46.12,4.0,grandpas_village,20.57,clear,17.579,7.095,0.00,7.93,world
315.97,2026-09-02 13:56:02,18.36,1.75,-46.12,4.0,grandpas_village,20.59,clear,17.579,7.095,0.00,7.93,world
316.52,2026-09-02 13:56:03,18.36,1.75,-46.12,4.0,grandpas_village,20.62,clear,20.781,7.480,0.00,7.93,world
317.07,2026-09-02 13:56:03,18.36,1.75,-46.12,4.0,grandpas_village,20.64,clear,20.781,7.480,0.00,7.93,world
317.63,2026-09-02 13:56:04,18.36,1.75,-46.12,4.0,grandpas_village,20.66,clear,26.607,18.074,0.00,7.93,menu_backpack
318.28,2026-09-02 13:56:05,18.36,1.75,-46.12,4.0,grandpas_village,20.69,clear,558.040,24.435,0.00,7.93,menu_backpack
318.80,2026-09-02 13:56:06,18.36,1.75,-46.12,4.0,grandpas_village,20.71,clear,381.396,4.135,0.00,7.93,menu_backpack
319.42,2026-09-02 13:56:07,18.36,1.75,-46.12,4.0,grandpas_village,20.73,clear,381.396,4.135,0.00,7.93,world
319.92,2026-09-02 13:56:08,18.36,1.75,-46.12,4.0,grandpas_village,20.75,clear,93.829,9.578,0.00,7.93,world
320.42,2026-09-02 13:56:08,18.36,1.75,-46.12,4.0,grandpas_village,20.77,clear,93.829,9.578,0.00,7.93,world
320.92,2026-09-02 13:56:09,18.36,1.75,-46.12,4.0,grandpas_village,20.79,clear,19.457,7.705,0.00,7.93,world
321.42,2026-09-02 13:56:09,18.36,1.75,-46.12,4.0,grandpas_village,20.81,clear,19.457,7.705,0.00,7.93,world
321.92,2026-09-02 13:56:10,18.36,1.75,-46.12,4.0,grandpas_village,20.83,clear,23.268,8.417,0.00,7.93,world
322.42,2026-09-02 13:56:10,18.36,1.75,-46.12,4.0,grandpas_village,20.85,clear,23.268,8.417,0.00,7.93,world
322.92,2026-09-02 13:56:11,18.36,1.75,-46.12,4.0,grandpas_village,20.87,clear,19.844,8.483,0.00,7.93,world
323.42,2026-09-02 13:56:11,18.36,1.75,-46.12,4.0,grandpas_village,20.89,clear,19.844,8.483,0.00,7.93,world
324.18,2026-09-02 13:56:12,18.36,1.75,-46.12,4.0,grandpas_village,20.92,clear,20.111,9.551,0.00,7.93,world
324.72,2026-09-02 13:56:12,18.36,1.75,-46.12,4.0,grandpas_village,20.94,clear,18.548,8.952,0.00,7.93,world
325.27,2026-09-02 13:56:13,18.36,1.75,-46.12,4.0,grandpas_village,20.97,clear,18.548,8.952,0.00,7.93,world
325.82,2026-09-02 13:56:13,18.36,1.75,-46.12,4.0,grandpas_village,20.99,clear,19.783,7.811,0.00,7.93,world
326.35,2026-09-02 13:56:14,18.36,1.75,-46.12,4.0,grandpas_village,21.01,clear,19.783,7.811,0.00,7.93,world
326.90,2026-09-02 13:56:15,18.36,1.75,-46.12,4.0,grandpas_village,21.03,clear,23.004,11.023,0.00,7.93,world
327.43,2026-09-02 13:56:15,18.36,1.75,-46.12,4.0,grandpas_village,21.05,clear,23.004,11.023,0.00,7.93,world
327.97,2026-09-02 13:56:16,18.36,1.75,-46.12,4.0,grandpas_village,21.07,clear,20.667,9.659,0.00,7.93,world
328.53,2026-09-02 13:56:16,18.36,1.75,-46.12,4.0,grandpas_village,21.10,clear,20.667,9.659,0.00,7.93,world
329.07,2026-09-02 13:56:17,18.36,1.75,-46.12,4.0,grandpas_village,21.12,clear,19.629,8.555,0.00,7.93,world
329.62,2026-09-02 13:56:17,18.36,1.75,-46.12,4.0,grandpas_village,21.14,clear,18.077,7.799,0.00,7.93,world
330.17,2026-09-02 13:56:18,18.36,1.75,-46.12,4.0,grandpas_village,21.16,clear,18.077,7.799,0.00,7.93,world
330.70,2026-09-02 13:56:18,18.36,1.75,-46.12,4.0,grandpas_village,21.18,clear,21.099,18.951,0.00,7.93,world
331.27,2026-09-02 13:56:19,18.36,1.75,-46.12,4.0,grandpas_village,21.21,clear,21.099,18.951,0.00,7.93,world
331.82,2026-09-02 13:56:20,18.36,1.75,-46.12,4.0,grandpas_village,21.23,clear,23.302,11.392,0.00,7.93,menu_backpack
332.43,2026-09-02 13:56:21,18.36,1.75,-46.12,4.0,grandpas_village,21.25,clear,532.410,7.317,0.00,7.93,menu_backpack
332.93,2026-09-02 13:56:22,18.36,1.75,-46.12,4.0,grandpas_village,21.27,clear,344.672,6.723,0.00,7.93,menu_backpack
333.53,2026-09-02 13:56:23,18.36,1.75,-46.12,4.0,grandpas_village,21.30,clear,356.413,4.576,0.00,7.93,world
334.03,2026-09-02 13:56:23,18.36,1.75,-46.12,4.0,grandpas_village,21.32,clear,356.413,4.576,0.00,7.93,world
334.53,2026-09-02 13:56:24,18.36,1.75,-46.12,4.0,grandpas_village,21.34,clear,93.386,35.127,0.00,7.93,world
335.03,2026-09-02 13:56:24,18.36,1.75,-46.12,4.0,grandpas_village,21.36,clear,93.386,35.127,0.00,7.93,world
335.53,2026-09-02 13:56:25,18.36,1.75,-46.12,4.0,grandpas_village,21.38,clear,16.899,7.687,0.00,7.93,world
336.03,2026-09-02 13:56:25,18.36,1.75,-46.12,4.0,grandpas_village,21.40,clear,16.899,7.687,0.00,7.93,world
336.53,2026-09-02 13:56:26,18.36,1.75,-46.12,4.0,grandpas_village,21.42,clear,18.890,7.723,0.00,7.93,world
337.03,2026-09-02 13:56:26,18.36,1.75,-46.12,4.0,grandpas_village,21.44,clear,18.890,7.723,0.00,7.93,world
337.53,2026-09-02 13:56:27,18.36,1.75,-46.12,4.0,grandpas_village,21.46,clear,18.951,7.515,0.00,7.93,world
338.33,2026-09-02 13:56:27,18.36,1.75,-46.12,4.0,grandpas_village,21.49,clear,22.059,29.562,0.00,7.93,world
338.87,2026-09-02 13:56:28,18.36,1.75,-46.12,4.0,grandpas_village,21.51,clear,22.059,29.562,0.00,7.93,world
339.42,2026-09-02 13:56:28,18.36,1.75,-46.12,4.0,grandpas_village,21.53,clear,17.013,8.335,0.00,7.93,world
339.95,2026-09-02 13:56:29,18.36,1.75,-46.12,4.0,grandpas_village,21.55,clear,17.013,8.335,0.00,7.93,world
340.48,2026-09-02 13:56:30,18.36,1.75,-46.12,4.0,grandpas_village,21.57,clear,16.937,7.673,0.00,5.53,world
341.03,2026-09-02 13:56:30,18.36,1.75,-46.12,4.0,grandpas_village,21.60,clear,16.937,7.673,0.00,5.53,world
341.57,2026-09-02 13:56:31,18.36,1.75,-46.12,4.0,grandpas_village,21.62,clear,20.170,7.669,0.00,5.53,world
342.12,2026-09-02 13:56:31,18.36,1.75,-46.12,4.0,grandpas_village,21.64,clear,20.170,7.669,0.00,5.53,world
342.65,2026-09-02 13:56:32,18.36,1.75,-46.12,4.0,grandpas_village,21.66,clear,19.966,8.540,0.00,5.53,world
343.20,2026-09-02 13:56:32,18.36,1.75,-46.12,4.0,grandpas_village,21.68,clear,18.651,8.793,0.00,5.53,world
343.73,2026-09-02 13:56:33,18.36,1.75,-46.12,4.0,grandpas_village,21.70,clear,18.651,8.793,0.00,5.53,world
344.28,2026-09-02 13:56:33,18.36,1.75,-46.12,4.0,grandpas_village,21.73,clear,18.799,8.412,0.00,5.53,world
344.82,2026-09-02 13:56:34,18.36,1.75,-46.12,4.0,grandpas_village,21.75,clear,18.799,8.412,0.00,5.53,world
345.35,2026-09-02 13:56:34,18.36,1.75,-46.12,4.0,grandpas_village,21.77,clear,17.904,8.039,0.00,5.53,world
345.88,2026-09-02 13:56:35,18.36,1.75,-46.12,4.0,grandpas_village,21.79,clear,17.904,8.039,0.00,5.53,menu_backpack
346.50,2026-09-02 13:56:36,18.36,1.75,-46.12,4.0,grandpas_village,21.82,clear,361.338,3.016,0.00,5.53,menu_backpack
347.02,2026-09-02 13:56:38,18.36,1.75,-46.12,4.0,grandpas_village,21.84,clear,360.930,4.252,0.00,5.53,menu_backpack
347.62,2026-09-02 13:56:38,18.36,1.75,-46.12,4.0,grandpas_village,21.86,clear,360.930,4.252,0.00,5.53,world
348.12,2026-09-02 13:56:39,18.36,1.75,-46.12,4.0,grandpas_village,21.88,clear,91.150,8.327,0.00,5.53,world
348.62,2026-09-02 13:56:39,18.36,1.75,-46.12,4.0,grandpas_village,21.90,clear,91.150,8.327,0.00,5.53,world
349.12,2026-09-02 13:56:40,18.36,1.75,-46.12,4.0,grandpas_village,21.92,clear,19.327,7.879,0.00,5.53,world
349.62,2026-09-02 13:56:40,18.36,1.75,-46.12,4.0,grandpas_village,21.94,clear,19.327,7.879,0.00,5.53,world
350.12,2026-09-02 13:56:41,18.36,1.75,-46.12,4.0,grandpas_village,21.96,clear,20.824,10.722,0.00,5.53,world
350.62,2026-09-02 13:56:41,18.36,1.75,-46.12,4.0,grandpas_village,21.98,clear,20.824,10.722,0.00,5.53,world
351.12,2026-09-02 13:56:42,18.36,1.75,-46.12,4.0,grandpas_village,22.00,clear,24.677,9.520,0.00,5.53,world
351.62,2026-09-02 13:56:42,18.36,1.75,-46.12,4.0,grandpas_village,22.02,clear,24.677,9.520,0.00,5.53,world
352.40,2026-09-02 13:56:43,18.36,1.75,-46.12,4.0,grandpas_village,22.05,clear,28.818,36.936,0.00,5.53,world
352.93,2026-09-02 13:56:43,18.36,1.75,-46.12,4.0,grandpas_village,22.07,clear,24.882,11.197,0.00,5.53,world
353.47,2026-09-02 13:56:44,18.36,1.75,-46.12,4.0,grandpas_village,22.09,clear,24.882,11.197,0.00,5.53,world
354.00,2026-09-02 13:56:45,18.36,1.75,-46.12,4.0,grandpas_village,22.12,clear,19.038,8.985,0.00,5.53,world
354.55,2026-09-02 13:56:45,18.36,1.75,-46.12,4.0,grandpas_village,22.14,clear,19.038,8.985,0.00,5.53,world
355.10,2026-09-02 13:56:46,18.36,1.75,-46.12,4.0,grandpas_village,22.16,clear,19.020,9.922,0.00,5.53,world
355.67,2026-09-02 13:56:46,18.36,1.75,-46.12,4.0,grandpas_village,22.18,clear,19.020,9.922,0.00,5.53,world
356.20,2026-09-02 13:56:47,18.36,1.75,-46.12,4.0,grandpas_village,22.20,clear,18.641,8.273,0.00,5.53,world
356.75,2026-09-02 13:56:47,18.36,1.75,-46.12,4.0,grandpas_village,22.23,clear,21.790,7.659,0.00,5.53,world
357.30,2026-09-02 13:56:48,18.36,1.75,-46.12,4.0,grandpas_village,22.25,clear,21.790,7.659,0.00,5.53,world
357.83,2026-09-02 13:56:48,18.36,1.75,-46.12,4.0,grandpas_village,22.27,clear,21.112,8.193,0.00,5.53,world
358.40,2026-09-02 13:56:49,18.36,1.75,-46.12,4.0,grandpas_village,22.29,clear,21.112,8.193,0.00,5.53,world
358.93,2026-09-02 13:56:49,18.36,1.75,-46.12,4.0,grandpas_village,22.31,clear,20.954,9.574,0.00,5.53,world
359.50,2026-09-02 13:56:50,18.36,1.75,-46.12,4.0,grandpas_village,22.34,clear,20.954,9.574,0.00,5.53,world
360.05,2026-09-02 13:56:51,18.36,1.75,-46.12,4.0,grandpas_village,22.36,clear,19.475,8.279,0.00,5.53,menu_backpack
360.70,2026-09-02 13:56:52,18.36,1.75,-46.12,4.0,grandpas_village,22.38,clear,529.911,6.928,0.00,5.53,menu_backpack
361.23,2026-09-02 13:56:53,18.36,1.75,-46.12,4.0,grandpas_village,22.41,clear,359.071,4.569,0.00,5.53,menu_backpack
361.83,2026-09-02 13:56:54,18.36,1.75,-46.12,4.0,grandpas_village,22.43,clear,356.761,4.979,0.00,5.53,world
362.33,2026-09-02 13:56:54,18.36,1.75,-46.12,4.0,grandpas_village,22.45,clear,91.801,10.030,0.00,5.53,world
362.83,2026-09-02 13:56:55,18.36,1.75,-46.12,4.0,grandpas_village,22.47,clear,91.801,10.030,0.00,5.53,world
363.33,2026-09-02 13:56:55,18.36,1.75,-46.12,4.0,grandpas_village,22.49,clear,19.883,8.773,0.00,5.53,world
363.83,2026-09-02 13:56:56,18.36,1.75,-46.12,4.0,grandpas_village,22.51,clear,19.883,8.773,0.00,5.53,world
364.33,2026-09-02 13:56:56,18.36,1.75,-46.12,4.0,grandpas_village,22.53,clear,21.084,38.542,0.00,5.53,world
364.83,2026-09-02 13:56:57,18.36,1.75,-46.12,4.0,grandpas_village,22.55,clear,21.084,38.542,0.00,5.53,world
365.33,2026-09-02 13:56:57,18.36,1.75,-46.12,4.0,grandpas_village,22.57,clear,21.039,9.518,0.00,5.53,world
365.83,2026-09-02 13:56:58,18.36,1.75,-46.12,4.0,grandpas_village,22.59,clear,21.039,9.518,0.00,5.53,world
366.58,2026-09-02 13:56:58,18.36,1.75,-46.12,4.0,grandpas_village,22.62,clear,21.807,9.331,0.00,5.53,world
367.13,2026-09-02 13:56:59,18.36,1.75,-46.12,4.0,grandpas_village,22.64,clear,21.807,9.331,0.00,5.53,world
367.67,2026-09-02 13:57:00,18.36,1.75,-46.12,4.0,grandpas_village,22.66,clear,19.721,7.713,0.00,5.53,world
368.20,2026-09-02 13:57:00,18.36,1.75,-46.12,4.0,grandpas_village,22.68,clear,19.721,7.713,0.00,5.53,world
368.73,2026-09-02 13:57:01,18.36,1.75,-46.12,4.0,grandpas_village,22.71,clear,18.350,8.409,0.00,5.53,world
369.28,2026-09-02 13:57:01,18.36,1.75,-46.12,4.0,grandpas_village,22.73,clear,18.945,7.477,0.00,5.53,world
369.85,2026-09-02 13:57:02,18.36,1.75,-46.12,4.0,grandpas_village,22.75,clear,18.945,7.477,0.00,5.53,world
370.38,2026-09-02 13:57:02,18.36,1.75,-46.12,4.0,grandpas_village,22.77,clear,17.212,8.541,0.00,5.53,world
370.92,2026-09-02 13:57:03,18.36,1.75,-46.12,4.0,grandpas_village,22.79,clear,17.212,8.541,0.00,5.53,world
371.47,2026-09-02 13:57:03,18.36,1.75,-46.12,4.0,grandpas_village,22.81,clear,18.981,35.688,0.00,5.53,world
372.00,2026-09-02 13:57:04,18.36,1.75,-46.12,4.0,grandpas_village,22.84,clear,18.981,35.688,0.00,5.53,world
372.57,2026-09-02 13:57:04,18.36,1.75,-46.12,4.0,grandpas_village,22.86,clear,20.042,8.422,0.00,5.53,world
373.12,2026-09-02 13:57:05,18.36,1.75,-46.12,4.0,grandpas_village,22.88,clear,20.042,8.422,0.00,5.53,world
373.65,2026-09-02 13:57:06,18.36,1.75,-46.12,4.0,grandpas_village,22.90,clear,18.360,8.736,0.00,5.53,world
374.20,2026-09-02 13:57:06,18.36,1.75,-46.12,4.0,grandpas_village,22.92,clear,18.360,8.736,0.00,5.53,menu_backpack
374.83,2026-09-02 13:57:08,18.36,1.75,-46.12,4.0,grandpas_village,22.95,clear,540.435,2.988,0.00,5.53,menu_backpack
375.33,2026-09-02 13:57:09,18.36,1.75,-46.12,4.0,grandpas_village,22.97,clear,360.973,4.776,0.00,5.53,menu_backpack
375.97,2026-09-02 13:57:09,18.36,1.75,-46.12,4.0,grandpas_village,22.99,clear,363.212,6.721,0.00,5.53,world
376.47,2026-09-02 13:57:10,18.36,1.75,-46.12,4.0,grandpas_village,23.01,clear,363.212,6.721,0.00,5.53,world
376.97,2026-09-02 13:57:10,18.36,1.75,-46.12,4.0,grandpas_village,23.03,clear,25.238,8.593,0.00,5.53,world
377.47,2026-09-02 13:57:11,18.36,1.75,-46.12,4.0,grandpas_village,23.05,clear,25.238,8.593,0.00,5.53,world
377.97,2026-09-02 13:57:11,18.36,1.75,-46.12,4.0,grandpas_village,23.07,clear,18.833,8.151,0.00,5.53,world
378.47,2026-09-02 13:57:12,18.36,1.75,-46.12,4.0,grandpas_village,23.09,clear,18.833,8.151,0.00,5.53,world
378.97,2026-09-02 13:57:12,18.36,1.75,-46.12,4.0,grandpas_village,23.11,clear,18.472,8.838,0.00,5.53,world
379.47,2026-09-02 13:57:13,18.36,1.75,-46.12,4.0,grandpas_village,23.13,clear,18.472,8.838,0.00,5.53,world
379.97,2026-09-02 13:57:13,18.36,1.75,-46.12,4.0,grandpas_village,23.15,clear,17.773,7.874,0.00,5.53,world
380.73,2026-09-02 13:57:14,18.36,1.75,-46.12,4.0,grandpas_village,23.19,clear,17.773,7.874,0.00,5.53,world
381.27,2026-09-02 13:57:15,18.36,1.75,-46.12,4.0,grandpas_village,23.21,clear,17.484,8.190,0.00,5.53,world
381.82,2026-09-02 13:57:15,18.36,1.75,-46.12,4.0,grandpas_village,23.23,clear,17.484,8.190,0.00,5.53,world
382.35,2026-09-02 13:57:16,18.36,1.75,-46.12,4.0,grandpas_village,23.25,clear,17.290,8.038,0.00,5.53,world
382.90,2026-09-02 13:57:16,18.36,1.75,-46.12,4.0,grandpas_village,23.27,clear,18.781,8.158,0.00,5.53,world
383.45,2026-09-02 13:57:17,18.36,1.75,-46.12,4.0,grandpas_village,23.29,clear,18.781,8.158,0.00,5.53,world
383.98,2026-09-02 13:57:17,18.36,1.75,-46.12,4.0,grandpas_village,23.32,clear,20.269,8.205,0.00,5.53,world
384.53,2026-09-02 13:57:18,18.36,1.75,-46.12,4.0,grandpas_village,23.34,clear,20.269,8.205,0.00,5.53,world
385.07,2026-09-02 13:57:18,18.36,1.75,-46.12,4.0,grandpas_village,23.36,clear,19.274,8.135,0.00,5.53,world
385.62,2026-09-02 13:57:19,18.36,1.75,-46.12,4.0,grandpas_village,23.38,clear,19.274,8.135,0.00,5.53,world
386.15,2026-09-02 13:57:20,18.36,1.75,-46.12,4.0,grandpas_village,23.40,clear,20.785,9.423,0.00,5.53,world
386.70,2026-09-02 13:57:20,18.36,1.75,-46.12,4.0,grandpas_village,23.42,clear,20.785,9.423,0.00,5.53,world
387.23,2026-09-02 13:57:21,18.36,1.75,-46.12,4.0,grandpas_village,23.45,clear,19.509,25.582,0.00,5.53,world
387.78,2026-09-02 13:57:21,18.36,1.75,-46.12,4.0,grandpas_village,23.47,clear,19.509,25.582,0.00,5.53,world
388.33,2026-09-02 13:57:22,18.36,1.75,-46.12,4.0,grandpas_village,23.49,clear,19.174,11.138,0.00,5.53,world
388.83,2026-09-02 13:57:22,18.36,1.75,-46.12,4.0,grandpas_village,23.51,clear,26.435,7.887,0.00,5.53,world
389.33,2026-09-02 13:57:23,18.36,1.75,-46.12,4.0,grandpas_village,23.53,clear,26.435,7.887,0.00,5.53,world
389.83,2026-09-02 13:57:23,18.36,1.75,-46.12,4.0,grandpas_village,23.55,clear,133.736,8.956,0.00,5.53,menu_backpack
390.45,2026-09-02 13:57:24,18.36,1.75,-46.12,4.0,grandpas_village,23.57,clear,133.736,8.956,0.00,5.53,world
390.95,2026-09-02 13:57:24,18.24,1.66,-44.93,-5.6,grandpas_village,23.59,clear,89.153,9.074,0.00,4.86,world
391.45,2026-09-02 13:57:25,18.00,1.50,-42.38,-5.6,grandpas_village,23.61,clear,89.153,9.074,0.00,4.26,world
391.95,2026-09-02 13:57:25,17.76,1.33,-39.84,-5.6,grandpas_village,23.63,clear,18.963,8.369,0.00,5.07,world
392.45,2026-09-02 13:57:26,17.51,1.15,-37.29,-5.6,grandpas_village,23.65,clear,18.963,8.369,0.00,5.57,world
392.95,2026-09-02 13:57:26,17.26,0.98,-34.75,-5.6,grandpas_village,23.67,clear,18.621,8.332,0.00,4.80,world
393.45,2026-09-02 13:57:27,17.02,0.88,-32.23,-5.6,grandpas_village,23.69,clear,18.621,8.332,0.00,4.35,world
393.95,2026-09-02 13:57:27,16.78,0.87,-29.74,-5.6,grandpas_village,23.71,clear,18.540,7.905,0.00,1.90,world
394.45,2026-09-02 13:57:28,16.53,0.90,-27.26,-5.6,grandpas_village,23.73,clear,18.540,7.905,0.00,0.91,world
394.95,2026-09-02 13:57:28,16.29,0.90,-24.77,-5.6,grandpas_village,23.75,clear,18.405,9.084,0.00,3.24,world
395.45,2026-09-02 13:57:29,16.24,0.90,-22.48,-5.8,grandpas_village,23.77,clear,18.405,9.084,0.00,4.26,world
395.95,2026-09-02 13:57:29,15.99,0.90,-20.00,-5.9,grandpas_village,23.79,clear,18.995,8.540,0.00,4.47,world
396.45,2026-09-02 13:57:30,15.73,0.90,-17.51,-5.9,grandpas_village,23.81,clear,18.995,8.540,0.00,4.53,world
396.95,2026-09-02 13:57:30,15.48,0.90,-15.02,-5.9,grandpas_village,23.83,clear,20.719,9.459,0.00,4.63,world
397.45,2026-09-02 13:57:31,15.22,0.90,-12.54,-5.9,grandpas_village,23.85,clear,20.719,9.459,0.00,5.90,world
397.95,2026-09-02 13:57:31,14.96,0.90,-10.05,-5.9,grandpas_village,23.87,clear,23.623,33.617,0.00,7.80,world
398.45,2026-09-02 13:57:32,14.71,0.90,-7.56,-5.9,grandpas_village,23.89,clear,23.623,33.617,0.00,9.96,world
398.95,2026-09-02 13:57:32,14.45,0.90,-5.08,-5.9,grandpas_village,23.91,clear,22.855,9.991,0.00,12.25,world
399.45,2026-09-02 13:57:33,13.83,0.90,-2.96,-4.2,grandpas_village,23.93,clear,22.855,9.991,0.00,11.99,world
399.95,2026-09-02 13:57:33,13.60,0.90,-0.53,-3.6,grandpas_village,23.95,clear,21.554,10.037,0.00,9.55,world
400.45,2026-09-02 13:57:34,13.44,0.90,1.96,-3.6,grandpas_village,23.97,clear,21.554,10.037,0.00,7.05,world
400.95,2026-09-02 13:57:34,13.29,0.90,4.46,-3.6,grandpas_village,23.99,clear,23.973,7.928,0.00,4.55,world
401.45,2026-09-02 13:57:35,13.20,0.90,5.83,-3.6,grandpas_village,0.01,clear,23.973,7.928,0.00,3.18,narrative_modal
402.45,2026-09-02 13:57:36,6.92,0.88,9.34,75.2,grandpas_village,0.05,clear,19.307,8.101,0.00,6.09,combat
403.02,2026-09-02 13:57:36,6.92,0.88,9.34,75.2,grandpas_village,0.08,clear,25.124,19.492,0.00,6.09,combat
403.52,2026-09-02 13:57:37,6.92,0.88,9.34,75.2,grandpas_village,0.10,clear,25.124,19.492,0.00,6.09,combat
404.02,2026-09-02 13:57:37,6.92,0.88,9.34,75.2,grandpas_village,0.12,clear,22.131,8.488,0.00,6.09,combat
404.53,2026-09-02 13:57:38,6.92,0.88,9.34,75.2,grandpas_village,0.14,clear,22.131,8.488,0.00,6.09,combat
405.03,2026-09-02 13:57:38,6.92,0.88,9.34,75.2,grandpas_village,0.16,clear,22.419,8.325,0.00,6.09,combat
405.53,2026-09-02 13:57:39,6.92,0.88,9.34,75.2,grandpas_village,0.18,clear,22.419,8.325,0.00,6.09,combat
406.05,2026-09-02 13:57:39,6.92,0.88,9.34,75.2,grandpas_village,0.20,clear,18.203,8.356,0.00,6.09,combat
406.55,2026-09-02 13:57:40,6.92,0.88,9.34,75.2,grandpas_village,0.22,clear,18.203,8.356,0.00,6.09,combat
407.05,2026-09-02 13:57:40,6.92,0.88,9.34,75.2,grandpas_village,0.24,clear,28.694,11.353,0.00,6.09,combat
407.55,2026-09-02 13:57:41,6.92,0.88,9.34,75.2,grandpas_village,0.26,clear,28.694,11.353,0.00,6.09,combat
408.05,2026-09-02 13:57:41,6.92,0.88,9.34,75.2,grandpas_village,0.28,clear,28.467,34.944,0.00,6.09,combat
408.55,2026-09-02 13:57:42,6.92,0.88,9.34,75.2,grandpas_village,0.30,clear,28.467,34.944,0.00,6.09,combat
409.05,2026-09-02 13:57:42,6.92,0.88,9.34,75.2,grandpas_village,0.32,clear,24.870,26.120,0.00,6.09,combat
409.55,2026-09-02 13:57:43,6.92,0.88,9.34,75.2,grandpas_village,0.34,clear,24.870,26.120,0.00,6.09,combat
410.30,2026-09-02 13:57:44,6.92,0.88,9.34,75.2,grandpas_village,0.37,clear,20.011,8.423,0.00,6.09,combat
411.22,2026-09-02 13:57:45,6.92,0.88,9.34,75.2,grandpas_village,0.40,clear,25.462,13.808,0.00,6.09,combat
412.03,2026-09-02 13:57:45,6.92,0.88,9.34,75.2,grandpas_village,0.44,clear,20.807,10.446,0.00,6.09,combat
412.87,2026-09-02 13:57:46,6.92,0.88,9.34,75.2,grandpas_village,0.47,clear,21.365,12.076,0.00,6.09,combat
413.62,2026-09-02 13:57:47,6.92,0.88,9.34,75.2,grandpas_village,0.50,clear,21.365,12.076,0.00,6.09,combat
414.42,2026-09-02 13:57:48,6.92,0.88,9.34,75.2,grandpas_village,0.53,clear,19.484,9.625,0.00,6.09,combat
415.20,2026-09-02 13:57:49,6.92,0.88,9.34,75.2,grandpas_village,0.56,clear,20.689,9.600,0.00,6.09,combat
416.25,2026-09-02 13:57:50,6.92,0.88,9.34,75.2,grandpas_village,0.61,clear,23.596,27.400,0.00,6.09,combat
417.10,2026-09-02 13:57:51,6.92,0.88,9.34,75.2,grandpas_village,0.64,clear,27.206,23.749,0.00,6.09,locked
417.88,2026-09-02 13:57:52,6.92,0.88,9.34,75.2,grandpas_village,0.67,clear,17.912,398.590,0.00,6.09,locked
418.52,2026-09-02 13:57:52,6.92,0.88,9.34,75.2,grandpas_village,0.70,clear,17.912,398.590,0.00,6.09,locked
419.25,2026-09-02 13:57:53,6.92,0.88,9.34,75.2,grandpas_village,0.73,clear,17.138,8.725,0.00,6.09,combat
420.12,2026-09-02 13:57:54,6.92,0.88,9.34,75.2,grandpas_village,0.76,clear,29.818,10.006,0.00,6.09,combat
420.88,2026-09-02 13:57:55,6.92,0.88,9.34,75.2,grandpas_village,0.79,clear,22.607,10.838,0.00,6.09,combat
421.75,2026-09-02 13:57:55,6.92,0.88,9.34,75.2,grandpas_village,0.83,clear,22.821,12.244,0.00,6.09,combat
422.65,2026-09-02 13:57:56,6.92,0.88,9.34,75.2,grandpas_village,0.86,clear,21.734,11.851,0.00,6.09,combat
423.45,2026-09-02 13:57:57,6.92,0.88,9.34,75.2,grandpas_village,0.89,clear,21.734,11.851,0.00,6.09,combat
424.20,2026-09-02 13:57:58,6.92,0.88,9.34,75.2,grandpas_village,0.92,clear,20.151,11.595,0.00,6.09,combat
424.90,2026-09-02 13:57:59,6.92,0.88,9.34,75.2,grandpas_village,0.95,clear,18.083,8.935,0.00,6.09,combat
425.62,2026-09-02 13:57:59,6.92,0.88,9.34,75.2,grandpas_village,0.98,clear,19.183,8.655,0.00,6.09,combat
426.35,2026-09-02 13:58:00,6.92,0.88,9.34,75.2,grandpas_village,1.01,clear,19.183,8.655,0.00,6.09,combat
427.05,2026-09-02 13:58:01,6.92,0.88,9.34,75.2,grandpas_village,1.04,clear,18.975,9.736,0.00,6.09,combat
427.77,2026-09-02 13:58:02,6.92,0.88,9.34,75.2,grandpas_village,1.07,clear,18.111,8.652,0.00,6.09,world
428.63,2026-09-02 13:58:03,6.92,0.88,9.34,75.2,grandpas_village,1.10,clear,19.234,376.074,0.00,6.09,world
429.57,2026-09-02 13:58:03,6.92,0.88,9.34,75.2,grandpas_village,1.14,clear,23.812,10.244,0.00,6.09,world
430.32,2026-09-02 13:58:04,6.92,0.88,9.34,75.2,grandpas_village,1.17,clear,21.592,10.009,0.00,6.09,world
431.03,2026-09-02 13:58:05,6.92,0.88,9.34,75.2,grandpas_village,1.20,clear,21.592,10.009,0.00,6.09,world
431.70,2026-09-02 13:58:06,6.92,0.88,9.34,75.2,grandpas_village,1.22,clear,18.012,8.537,0.00,6.09,world
432.37,2026-09-02 13:58:06,6.92,0.88,9.34,75.2,grandpas_village,1.25,clear,17.561,7.714,0.00,6.09,world
433.05,2026-09-02 13:58:07,6.92,0.88,9.34,75.2,grandpas_village,1.28,clear,17.561,7.714,0.00,6.09,world
433.72,2026-09-02 13:58:08,6.92,0.88,9.34,75.2,grandpas_village,1.30,clear,17.904,8.719,0.00,6.09,world
434.43,2026-09-02 13:58:08,6.92,0.88,9.34,75.2,grandpas_village,1.33,clear,19.244,8.437,0.00,6.09,world
435.12,2026-09-02 13:58:09,6.92,0.88,9.34,75.2,grandpas_village,1.36,clear,19.244,8.437,0.00,6.09,world
435.85,2026-09-02 13:58:10,6.92,0.88,9.34,75.2,grandpas_village,1.39,clear,17.905,8.224,0.00,6.09,world
436.52,2026-09-02 13:58:10,6.92,0.88,9.34,75.2,grandpas_village,1.42,clear,19.141,7.852,0.00,6.09,world
437.20,2026-09-02 13:58:11,6.92,0.88,9.34,75.2,grandpas_village,1.44,clear,19.141,7.852,0.00,6.09,world
437.88,2026-09-02 13:58:12,6.92,0.88,9.34,75.2,grandpas_village,1.47,clear,17.968,8.056,0.00,6.09,world
438.57,2026-09-02 13:58:12,6.92,0.88,9.34,75.2,grandpas_village,1.50,clear,20.020,7.188,0.00,6.09,world
439.23,2026-09-02 13:58:13,6.92,0.88,9.34,75.2,grandpas_village,1.52,clear,20.020,7.188,0.00,6.09,world
439.90,2026-09-02 13:58:14,6.92,0.88,9.34,75.2,grandpas_village,1.55,clear,19.237,7.629,0.00,6.09,world
440.57,2026-09-02 13:58:14,6.92,0.88,9.34,75.2,grandpas_village,1.58,clear,17.354,7.918,0.00,6.09,world
441.25,2026-09-02 13:58:15,6.92,0.88,9.34,75.2,grandpas_village,1.61,clear,17.354,7.918,0.00,6.09,world
441.97,2026-09-02 13:58:16,6.92,0.88,9.34,75.2,grandpas_village,1.63,clear,18.423,8.344,0.00,6.09,world
442.62,2026-09-02 13:58:17,6.92,0.88,9.34,75.2,grandpas_village,1.66,clear,19.907,7.162,0.00,6.09,world
443.12,2026-09-02 13:58:17,6.92,0.88,9.34,75.2,grandpas_village,1.68,clear,19.907,7.162,0.00,6.09,world
443.62,2026-09-02 13:58:18,6.92,0.88,9.34,75.2,grandpas_village,1.70,clear,25.165,9.760,0.00,6.09,world
444.12,2026-09-02 13:58:18,6.92,0.88,9.34,75.2,grandpas_village,1.72,clear,25.165,9.760,0.00,6.09,world
444.62,2026-09-02 13:58:19,6.92,0.88,9.34,75.2,grandpas_village,1.74,clear,20.626,7.405,0.00,6.09,world
445.12,2026-09-02 13:58:19,6.92,0.88,9.34,75.2,grandpas_village,1.76,clear,20.626,7.405,0.00,6.09,world
445.62,2026-09-02 13:58:20,6.92,0.88,9.34,75.2,grandpas_village,1.78,clear,22.541,8.526,0.00,6.09,world
446.12,2026-09-02 13:58:20,6.92,0.88,9.34,75.2,grandpas_village,1.80,clear,22.541,8.526,0.00,6.09,world
446.62,2026-09-02 13:58:21,6.92,0.88,9.34,75.2,grandpas_village,1.82,clear,19.659,10.157,0.00,6.09,world
447.12,2026-09-02 13:58:21,6.92,0.88,9.34,75.2,grandpas_village,1.84,clear,19.659,10.157,0.00,6.09,world
447.62,2026-09-02 13:58:22,6.92,0.88,9.34,75.2,grandpas_village,1.86,clear,18.412,7.077,0.00,6.09,world
448.12,2026-09-02 13:58:22,6.92,0.88,9.34,75.2,grandpas_village,1.88,clear,18.412,7.077,0.00,6.09,world
448.62,2026-09-02 13:58:23,6.92,0.88,9.34,75.2,grandpas_village,1.90,clear,17.656,6.327,0.00,6.09,world
449.12,2026-09-02 13:58:23,6.92,0.88,9.34,75.2,grandpas_village,1.92,clear,17.656,6.327,0.00,6.09,world
449.62,2026-09-02 13:58:24,6.92,0.88,9.34,75.2,grandpas_village,1.94,clear,21.762,7.167,0.00,6.09,world
450.12,2026-09-02 13:58:24,6.92,0.88,9.34,75.2,grandpas_village,1.96,clear,21.762,7.167,0.00,6.09,menu_backpack
450.75,2026-09-02 13:58:25,6.92,0.88,9.34,75.2,grandpas_village,1.99,clear,137.089,7.068,0.00,6.09,world
451.25,2026-09-02 13:58:25,8.01,0.90,7.39,150.7,grandpas_village,2.01,clear,137.089,7.068,0.00,5.24,world
451.75,2026-09-02 13:58:26,9.23,0.90,5.21,150.7,grandpas_village,2.03,clear,96.952,7.828,0.00,5.34,world
452.25,2026-09-02 13:58:26,10.45,0.90,3.03,150.7,grandpas_village,2.05,clear,96.952,7.828,0.00,6.49,world
452.75,2026-09-02 13:58:27,11.68,0.90,0.85,150.7,grandpas_village,2.07,clear,18.397,7.689,0.00,8.26,world
453.25,2026-09-02 13:58:27,12.90,0.90,-1.33,150.7,grandpas_village,2.09,clear,18.397,7.689,0.00,10.33,world
453.77,2026-09-02 13:58:28,14.11,0.90,-3.49,150.7,grandpas_village,2.11,clear,18.167,7.456,0.00,12.54,world
454.27,2026-09-02 13:58:28,14.14,0.90,-3.54,150.7,grandpas_village,2.13,clear,18.167,7.456,0.00,12.60,world
454.77,2026-09-02 13:58:29,14.14,0.90,-3.54,150.7,grandpas_village,2.15,clear,18.520,34.707,0.00,12.60,world
455.27,2026-09-02 13:58:30,14.15,0.90,-3.54,140.2,grandpas_village,2.17,clear,18.520,34.707,0.00,12.59,world
455.77,2026-09-02 13:58:30,16.18,0.90,-2.56,61.1,grandpas_village,2.19,clear,22.827,475.213,0.00,11.99,world
456.27,2026-09-02 13:58:31,17.08,0.90,-2.06,61.1,grandpas_village,2.21,clear,24.983,8.155,0.00,11.79,world
456.77,2026-09-02 13:58:31,17.08,0.90,-2.06,61.1,grandpas_village,2.23,clear,24.983,8.155,0.00,11.79,world
457.28,2026-09-02 13:58:32,17.08,0.90,-2.06,61.1,grandpas_village,2.25,clear,18.035,7.091,0.00,11.79,narrative_modal
457.85,2026-09-02 13:58:33,17.08,0.90,-2.06,61.1,grandpas_village,2.27,clear,20.932,441.864,0.00,11.79,panel:ShopPanel
458.35,2026-09-02 13:58:33,17.08,0.90,-2.06,61.1,grandpas_village,2.29,clear,20.932,441.864,0.00,11.79,panel:ShopPanel
458.85,2026-09-02 13:58:33,17.08,0.90,-2.06,61.1,grandpas_village,2.31,clear,98.077,6.515,0.00,11.79,panel:ShopPanel
459.35,2026-09-02 13:58:34,17.08,0.90,-2.06,61.1,grandpas_village,2.33,clear,98.077,6.515,0.00,11.79,panel:ShopPanel
459.85,2026-09-02 13:58:34,17.08,0.90,-2.06,61.1,grandpas_village,2.35,clear,0.574,3.040,0.00,11.79,panel:ShopPanel
460.35,2026-09-02 13:58:35,17.08,0.90,-2.06,61.1,grandpas_village,2.37,clear,0.574,3.040,0.00,11.79,panel:ShopPanel
460.90,2026-09-02 13:58:35,17.08,0.90,-2.06,61.1,grandpas_village,2.39,clear,70.901,7.128,0.00,11.79,menu_backpack
461.43,2026-09-02 13:58:37,17.08,0.90,-2.06,61.1,grandpas_village,2.41,clear,574.115,5.444,0.00,11.79,menu_backpack
461.93,2026-09-02 13:58:38,17.08,0.90,-2.06,61.1,grandpas_village,2.43,clear,550.158,4.261,0.00,11.79,menu_backpack
462.48,2026-09-02 13:58:39,17.08,0.90,-2.06,61.1,grandpas_village,2.46,clear,351.965,5.121,0.00,11.79,menu_backpack
462.98,2026-09-02 13:58:40,17.08,0.90,-2.06,61.1,grandpas_village,2.48,clear,538.130,4.702,0.00,11.79,menu_backpack
463.48,2026-09-02 13:58:40,16.50,0.90,-2.52,-172.8,grandpas_village,2.49,clear,352.160,6.572,0.00,12.04,world
463.98,2026-09-02 13:58:41,14.92,0.90,-3.97,158.3,grandpas_village,2.52,clear,352.160,6.572,0.00,13.06,world
464.48,2026-09-02 13:58:41,15.09,0.90,-4.83,-173.0,grandpas_village,2.53,clear,19.399,8.856,0.00,12.20,world
464.98,2026-09-02 13:58:42,16.49,0.90,-5.85,91.6,grandpas_village,2.55,clear,19.399,8.856,0.00,10.74,world
465.52,2026-09-02 13:58:42,18.71,0.90,-6.17,87.0,grandpas_village,2.58,clear,20.027,7.857,0.00,9.91,narrative_modal
466.22,2026-09-02 13:58:43,18.81,0.90,-6.17,87.0,grandpas_village,2.60,clear,20.027,7.857,0.00,9.91,narrative_modal
466.75,2026-09-02 13:58:44,18.81,0.90,-6.17,87.0,grandpas_village,2.63,clear,17.753,9.357,0.00,9.91,panel:SwapPanel
467.25,2026-09-02 13:58:44,18.81,0.90,-6.17,87.0,grandpas_village,2.65,clear,17.753,9.357,0.00,9.91,panel:SwapPanel
467.75,2026-09-02 13:58:45,18.81,0.90,-6.17,87.0,grandpas_village,2.67,clear,91.690,5.887,0.00,9.91,panel:SwapPanel
468.47,2026-09-02 13:58:45,18.81,0.90,-6.17,87.0,grandpas_village,2.69,clear,72.861,9.894,0.00,9.91,world
468.97,2026-09-02 13:58:46,18.67,0.90,-7.23,-172.7,grandpas_village,2.71,clear,72.861,9.894,0.00,8.87,world
469.47,2026-09-02 13:58:46,18.36,0.90,-9.71,-172.7,grandpas_village,2.73,clear,20.901,8.870,0.00,6.50,world
469.97,2026-09-02 13:58:47,18.04,0.90,-12.19,-172.7,grandpas_village,2.75,clear,20.901,8.870,0.00,4.28,world
470.47,2026-09-02 13:58:47,17.72,0.90,-14.67,-172.7,grandpas_village,2.77,clear,20.043,8.821,0.00,2.64,world
470.97,2026-09-02 13:58:48,17.40,0.90,-17.15,-172.7,grandpas_village,2.79,clear,20.043,8.821,0.00,2.85,world
471.47,2026-09-02 13:58:48,17.08,0.90,-19.63,-172.7,grandpas_village,2.81,clear,18.630,7.620,0.00,4.66,world
471.97,2026-09-02 13:58:49,16.76,0.90,-22.11,-172.7,grandpas_village,2.83,clear,18.630,7.620,0.00,4.76,world
472.47,2026-09-02 13:58:49,16.44,0.90,-24.59,-172.7,grandpas_village,2.85,clear,22.312,39.768,0.00,3.44,world
474.78,2026-09-02 13:58:52,16.24,0.90,-26.12,-172.7,grandpas_village,2.95,clear,19.849,6.133,0.00,1.90,world
476.80,2026-09-02 13:58:54,16.24,0.90,-26.12,-172.7,grandpas_village,3.03,clear,18.244,6.621,0.00,1.90,world
477.30,2026-09-02 13:58:54,15.35,0.90,-25.25,-45.9,grandpas_village,3.05,clear,26.357,40.082,0.00,2.83,world
477.80,2026-09-02 13:58:55,13.56,0.90,-23.51,-45.9,grandpas_village,3.07,clear,26.357,40.082,0.00,2.17,world
480.05,2026-09-02 13:58:57,13.35,0.90,-23.31,-45.9,grandpas_village,3.16,clear,18.378,6.450,0.00,1.88,world
482.00,2026-09-02 13:58:59,13.35,0.90,-23.31,-45.9,grandpas_village,3.24,clear,17.824,5.705,0.00,1.88,world
482.50,2026-09-02 13:58:59,14.69,0.90,-21.83,42.3,grandpas_village,3.26,clear,19.650,9.318,0.00,2.70,world
483.00,2026-09-02 13:59:00,13.89,0.90,-20.68,-24.5,grandpas_village,3.28,clear,19.650,9.318,0.00,2.30,world
483.50,2026-09-02 13:59:00,13.83,0.90,-20.61,140.3,grandpas_village,3.30,clear,18.592,10.210,0.00,2.30,world
484.00,2026-09-02 13:59:01,15.21,0.90,-22.69,146.3,grandpas_village,3.32,clear,18.592,10.210,0.00,3.29,world
484.50,2026-09-02 13:59:01,16.50,0.90,-22.43,28.5,grandpas_village,3.34,clear,18.190,8.899,0.00,4.52,world
485.00,2026-09-02 13:59:02,17.70,0.90,-20.24,28.5,grandpas_village,3.36,clear,18.190,8.899,0.00,4.82,world
485.50,2026-09-02 13:59:02,18.89,0.90,-18.04,28.5,grandpas_village,3.38,clear,23.109,9.233,0.00,2.32,world
487.65,2026-09-02 13:59:05,19.11,0.90,-17.64,28.5,grandpas_village,3.46,clear,18.442,5.816,0.00,1.87,world
490.03,2026-09-02 13:59:07,19.11,0.90,-17.64,28.5,grandpas_village,3.56,clear,20.795,7.180,0.00,1.87,world
490.53,2026-09-02 13:59:08,19.30,0.90,-18.70,170.0,grandpas_village,3.58,clear,19.596,17.053,0.00,2.79,world
491.03,2026-09-02 13:59:08,19.73,0.90,-21.16,170.0,grandpas_village,3.60,clear,19.596,17.053,0.00,5.13,world
491.53,2026-09-02 13:59:09,20.17,0.90,-23.63,170.0,grandpas_village,3.62,clear,21.239,8.758,0.00,3.85,world
492.03,2026-09-02 13:59:09,20.60,0.87,-26.10,170.0,grandpas_village,3.64,clear,21.239,8.758,0.00,3.99,world
492.53,2026-09-02 13:59:10,21.75,0.78,-28.00,177.5,grandpas_village,3.66,clear,19.850,10.351,0.00,4.59,world
493.03,2026-09-02 13:59:10,21.86,0.72,-30.52,177.7,grandpas_village,3.68,clear,19.850,10.351,0.00,3.48,world
495.47,2026-09-02 13:59:12,21.93,0.72,-32.14,177.7,grandpas_village,3.77,clear,19.681,7.205,0.00,1.86,world
497.45,2026-09-02 13:59:14,21.93,0.72,-32.14,177.7,grandpas_village,3.85,clear,17.575,5.102,0.00,1.86,world
497.95,2026-09-02 13:59:15,22.24,0.70,-30.92,14.3,grandpas_village,3.87,clear,17.575,5.102,0.00,3.09,world
498.45,2026-09-02 13:59:15,22.86,0.70,-28.50,14.2,grandpas_village,3.89,clear,19.393,7.799,0.00,4.64,world
498.95,2026-09-02 13:59:16,23.47,0.76,-26.10,14.2,grandpas_village,3.91,clear,19.393,7.799,0.00,2.17,world
501.13,2026-09-02 13:59:18,23.54,0.77,-25.83,14.2,grandpas_village,4.00,clear,22.440,6.326,0.00,1.89,world
503.25,2026-09-02 13:59:20,23.54,0.77,-25.83,14.2,grandpas_village,4.09,clear,20.001,6.405,0.00,1.89,world
503.75,2026-09-02 13:59:21,24.33,0.75,-25.21,51.7,grandpas_village,4.11,clear,20.001,6.405,0.00,1.25,world
504.25,2026-09-02 13:59:21,26.32,0.67,-23.65,51.7,grandpas_village,4.13,clear,18.848,11.053,0.00,2.34,world
504.75,2026-09-02 13:59:22,28.32,0.51,-22.07,51.7,grandpas_village,4.14,clear,18.848,11.053,0.00,4.74,world
505.25,2026-09-02 13:59:22,30.35,0.23,-20.48,51.6,grandpas_village,4.16,clear,26.513,12.209,0.00,3.66,world
505.75,2026-09-02 13:59:23,32.39,-0.16,-18.87,51.5,grandpas_village,4.19,clear,26.513,12.209,0.00,1.96,world
506.27,2026-09-02 13:59:23,34.45,-0.66,-17.24,51.3,grandpas_village,4.21,clear,19.316,8.847,0.00,1.99,world
508.68,2026-09-02 13:59:26,34.55,-0.69,-17.17,51.3,grandpas_village,4.30,clear,20.668,7.523,0.00,1.86,world
510.83,2026-09-02 13:59:28,34.55,-0.69,-17.17,51.3,grandpas_village,4.39,clear,19.687,6.015,0.00,1.86,world
511.33,2026-09-02 13:59:28,34.12,-0.45,-16.27,-26.5,grandpas_village,4.41,clear,18.800,14.521,0.00,1.90,world
511.83,2026-09-02 13:59:29,33.12,-0.03,-14.26,-26.5,grandpas_village,4.43,clear,18.800,14.521,0.00,3.36,world
512.33,2026-09-02 13:59:29,32.11,0.35,-12.20,-26.6,grandpas_village,4.45,clear,19.282,7.995,0.00,4.70,world
512.83,2026-09-02 13:59:30,31.04,0.59,-10.07,-26.8,grandpas_village,4.47,clear,19.282,7.995,0.00,2.31,world
514.90,2026-09-02 13:59:32,30.85,0.62,-9.68,-26.8,grandpas_village,4.55,clear,22.799,7.303,0.00,1.88,world
517.02,2026-09-02 13:59:34,30.85,0.62,-9.68,-26.8,grandpas_village,4.64,clear,20.431,7.897,0.00,1.88,world
517.52,2026-09-02 13:59:35,31.38,0.52,-10.67,141.3,grandpas_village,4.66,clear,22.294,12.737,0.00,3.00,world
518.02,2026-09-02 13:59:35,32.59,0.18,-12.95,152.3,grandpas_village,4.68,clear,22.294,12.737,0.00,4.58,world
518.52,2026-09-02 13:59:35,33.81,-0.29,-15.24,152.3,grandpas_village,4.70,clear,23.138,9.648,0.00,2.32,world
519.02,2026-09-02 13:59:36,35.02,-0.90,-17.53,152.4,grandpas_village,4.72,clear,23.138,9.648,0.00,1.82,world
519.52,2026-09-02 13:59:37,36.22,-1.64,-19.81,152.4,grandpas_village,4.74,clear,21.056,9.187,0.00,2.23,world
520.02,2026-09-02 13:59:37,37.32,-2.37,-22.04,152.2,grandpas_village,4.76,clear,21.056,9.187,0.00,3.90,world
520.52,2026-09-02 13:59:37,38.46,-3.02,-24.27,151.3,grandpas_village,4.78,clear,26.201,19.456,0.00,4.25,world
523.40,2026-09-02 13:59:40,39.62,-3.45,-26.37,151.5,grandpas_village,4.89,clear,26.054,7.874,0.00,1.86,world
525.52,2026-09-02 13:59:43,39.62,-3.45,-26.37,151.5,grandpas_village,4.98,clear,20.007,7.276,0.00,1.86,world
526.02,2026-09-02 13:59:43,40.50,-3.64,-27.33,137.8,grandpas_village,5.00,clear,20.007,7.276,0.00,0.67,world
526.52,2026-09-02 13:59:43,42.22,-3.80,-29.22,137.9,grandpas_village,5.02,clear,25.295,10.268,0.00,2.11,world
527.02,2026-09-02 13:59:44,43.89,-3.70,-31.04,138.0,grandpas_village,5.04,clear,25.295,10.268,0.00,4.55,world
527.52,2026-09-02 13:59:45,45.46,-3.39,-32.78,138.2,grandpas_village,5.06,clear,17.420,5.980,0.00,2.31,world
529.38,2026-09-02 13:59:46,45.73,-3.32,-33.08,138.2,grandpas_village,5.13,clear,18.627,4.766,0.00,1.91,world
531.12,2026-09-02 13:59:48,45.73,-3.32,-33.08,138.2,grandpas_village,5.20,clear,19.158,6.472,0.00,1.91,world
531.62,2026-09-02 13:59:49,43.80,-3.00,-33.80,-110.8,grandpas_village,5.22,clear,17.731,7.878,0.00,3.28,world
532.12,2026-09-02 13:59:49,41.69,-2.59,-34.59,-110.9,grandpas_village,5.24,clear,19.023,6.148,0.00,3.94,world
534.37,2026-09-02 13:59:51,39.81,-2.19,-35.31,-111.0,grandpas_village,5.33,clear,22.611,4.458,0.00,1.94,world
536.12,2026-09-02 13:59:53,39.81,-2.19,-35.31,-111.0,grandpas_village,5.40,clear,19.268,4.436,0.00,1.94,world
536.62,2026-09-02 13:59:54,40.94,-2.19,-36.16,127.2,grandpas_village,5.42,clear,19.268,4.436,0.00,2.95,world
537.12,2026-09-02 13:59:54,42.89,-2.05,-37.63,127.3,grandpas_village,5.44,clear,20.608,6.690,0.00,3.91,world
539.37,2026-09-02 13:59:56,44.50,-1.88,-38.85,127.4,grandpas_village,5.53,clear,18.365,3.886,0.00,1.89,world
541.10,2026-09-02 13:59:58,44.50,-1.88,-38.85,127.4,grandpas_village,5.60,clear,20.175,6.729,0.00,1.89,world
541.60,2026-09-02 13:59:59,43.17,-1.82,-39.22,-105.6,grandpas_village,5.62,clear,18.780,7.189,0.00,2.94,world
542.10,2026-09-02 13:59:59,40.80,-1.73,-39.88,-105.6,grandpas_village,5.64,clear,18.780,7.189,0.00,4.78,world
542.60,2026-09-02 14:00:00,38.48,-1.54,-40.52,-105.6,grandpas_village,5.66,clear,17.275,6.325,0.00,4.12,world
543.10,2026-09-02 14:00:00,36.28,-1.17,-41.13,-105.6,grandpas_village,5.68,clear,21.172,7.350,0.00,2.86,world
543.60,2026-09-02 14:00:01,34.18,-0.71,-41.72,-105.6,grandpas_village,5.70,clear,21.172,7.350,0.00,3.07,world
544.10,2026-09-02 14:00:01,32.08,-0.23,-42.31,-105.6,grandpas_village,5.72,clear,17.504,5.835,0.00,4.16,world
544.60,2026-09-02 14:00:02,29.96,0.23,-42.90,-105.6,grandpas_village,5.74,clear,17.504,5.835,0.00,4.12,world
546.83,2026-09-02 14:00:04,25.64,1.47,-50.31,-25.9,grandpas_village,5.83,clear,18.993,3.515,0.00,6.32,combat
548.65,2026-09-02 14:00:06,25.64,1.47,-50.31,-25.9,grandpas_village,5.90,clear,17.615,4.071,0.00,6.09,combat
549.15,2026-09-02 14:00:06,25.64,1.47,-50.31,-25.9,grandpas_village,5.92,clear,21.448,7.205,0.00,6.15,combat
549.65,2026-09-02 14:00:07,25.81,1.47,-50.23,26.7,grandpas_village,5.94,clear,21.448,7.205,0.00,6.08,combat_aim
550.15,2026-09-02 14:00:07,28.09,1.16,-49.05,62.7,grandpas_village,5.96,clear,17.964,7.049,0.00,5.30,combat_aim
550.65,2026-09-02 14:00:08,30.39,0.64,-47.86,62.7,grandpas_village,5.98,clear,17.964,7.049,0.00,4.06,combat_aim
552.83,2026-09-02 14:00:10,32.37,0.07,-46.84,62.7,grandpas_village,6.07,clear,20.419,4.819,0.00,1.84,combat_aim
554.57,2026-09-02 14:00:12,32.37,0.07,-46.84,62.7,grandpas_village,6.14,clear,17.263,4.464,0.00,1.84,combat_aim
555.07,2026-09-02 14:00:12,31.21,0.26,-46.27,-64.0,grandpas_village,6.16,clear,17.263,4.464,0.00,2.80,combat_aim
555.57,2026-09-02 14:00:13,29.13,0.61,-45.25,-64.1,grandpas_village,6.18,clear,19.488,16.225,0.00,3.06,combat_aim
556.07,2026-09-02 14:00:13,27.00,0.86,-44.21,-64.1,grandpas_village,6.20,clear,19.488,16.225,0.00,0.89,combat_aim
556.57,2026-09-02 14:00:14,25.94,0.87,-42.66,-66.5,grandpas_village,6.22,clear,17.629,6.713,0.00,1.35,combat_aim
557.07,2026-09-02 14:00:14,23.71,1.03,-41.68,-66.6,grandpas_village,6.24,clear,17.629,6.713,0.00,3.02,combat_aim
557.57,2026-09-02 14:00:15,21.47,1.14,-40.71,-66.6,grandpas_village,6.26,clear,17.774,7.567,0.00,5.22,combat_aim
558.07,2026-09-02 14:00:15,19.21,1.24,-39.72,-66.6,grandpas_village,6.28,clear,17.774,7.567,0.00,6.37,combat_aim
558.57,2026-09-02 14:00:16,16.94,1.28,-38.73,-66.6,grandpas_village,6.30,clear,17.749,7.584,0.00,6.93,combat_aim
559.07,2026-09-02 14:00:16,14.62,1.22,-37.73,-66.6,grandpas_village,6.32,clear,17.749,7.584,0.00,6.78,combat_aim
559.57,2026-09-02 14:00:17,12.29,1.10,-36.72,-66.7,grandpas_village,6.34,clear,18.555,6.565,0.00,4.89,combat_aim
560.07,2026-09-02 14:00:17,9.97,1.02,-35.71,-66.7,grandpas_village,6.36,clear,18.555,6.565,0.00,3.85,combat_aim
560.57,2026-09-02 14:00:18,7.76,1.00,-34.76,-66.8,grandpas_village,6.38,clear,18.011,6.433,0.00,1.92,combat_aim
562.38,2026-09-02 14:00:19,7.71,1.00,-34.73,-66.8,grandpas_village,6.45,clear,35.555,5.629,0.00,1.86,combat_aim
564.10,2026-09-02 14:00:21,7.71,1.00,-34.73,-66.8,grandpas_village,6.52,clear,20.151,8.534,0.00,1.86,combat_aim
564.60,2026-09-02 14:00:22,6.74,0.96,-33.81,-50.9,grandpas_village,6.54,clear,17.298,7.175,0.00,0.76,combat_aim
565.10,2026-09-02 14:00:22,4.94,0.94,-32.24,-52.8,grandpas_village,6.56,clear,17.298,7.175,0.00,2.06,combat_aim
567.15,2026-09-02 14:00:24,3.52,0.94,-31.16,-52.8,grandpas_village,6.64,clear,18.197,4.816,0.00,1.91,combat
568.83,2026-09-02 14:00:26,3.52,0.94,-31.16,-52.8,grandpas_village,6.71,clear,17.952,8.036,0.00,1.91,world
569.33,2026-09-02 14:00:27,2.53,0.94,-29.15,-26.3,grandpas_village,6.73,clear,20.438,419.825,0.00,1.00,world
569.83,2026-09-02 14:00:27,1.42,0.93,-26.90,-26.3,grandpas_village,6.75,clear,20.438,419.825,0.00,3.15,world
570.33,2026-09-02 14:00:28,0.31,0.93,-24.66,-26.4,grandpas_village,6.77,clear,18.855,6.201,0.00,5.21,world
570.83,2026-09-02 14:00:28,-0.80,0.93,-22.42,-26.4,grandpas_village,6.79,clear,18.855,6.201,0.00,2.71,world
572.65,2026-09-02 14:00:30,-1.15,0.90,-21.71,-26.4,grandpas_village,6.86,clear,17.583,4.598,0.00,1.91,world
574.35,2026-09-02 14:00:32,-1.15,0.90,-21.71,-26.4,grandpas_village,6.93,clear,18.702,21.705,0.00,1.91,world
574.85,2026-09-02 14:00:32,-2.11,0.91,-20.68,-43.1,grandpas_village,6.95,clear,18.702,21.705,0.00,0.69,world
575.35,2026-09-02 14:00:33,-3.82,0.90,-18.86,-43.1,grandpas_village,6.97,clear,20.150,7.579,0.00,2.15,world
575.85,2026-09-02 14:00:33,-5.53,0.90,-17.04,-43.2,grandpas_village,6.99,clear,20.150,7.579,0.00,3.99,world
576.35,2026-09-02 14:00:34,-7.17,1.08,-15.28,-43.2,grandpas_village,7.01,clear,18.606,6.296,0.00,3.10,world
576.85,2026-09-02 14:00:34,-8.87,1.12,-13.47,-43.2,grandpas_village,7.03,clear,18.606,6.296,0.00,1.25,world
577.35,2026-09-02 14:00:35,-10.55,1.20,-11.67,-43.2,grandpas_village,7.05,clear,17.091,5.733,0.00,2.39,world
577.85,2026-09-02 14:00:35,-12.26,1.20,-9.85,-43.2,grandpas_village,7.07,clear,17.091,5.733,0.00,2.54,world
579.57,2026-09-02 14:00:37,-12.74,1.20,-9.34,-43.2,grandpas_village,7.14,clear,16.400,3.981,0.00,1.83,world
581.23,2026-09-02 14:00:38,-12.74,1.20,-9.34,-43.2,grandpas_village,7.20,clear,17.771,3.344,0.00,1.83,world
581.73,2026-09-02 14:00:39,-12.03,1.20,-10.55,149.5,grandpas_village,7.22,clear,17.771,3.344,0.00,3.23,world
583.83,2026-09-02 14:00:41,-10.95,1.20,-12.38,149.5,grandpas_village,7.31,clear,19.671,5.435,0.00,1.88,world
585.42,2026-09-02 14:00:43,-10.95,1.20,-12.38,149.5,grandpas_village,7.37,clear,17.871,3.708,0.00,1.88,world
585.92,2026-09-02 14:00:43,-11.49,1.20,-10.99,-21.0,grandpas_village,7.39,clear,17.871,3.708,0.00,3.36,world
586.42,2026-09-02 14:00:44,-12.38,1.20,-8.65,-21.0,grandpas_village,7.41,clear,15.762,6.729,0.00,1.74,world
586.92,2026-09-02 14:00:44,-13.28,1.15,-6.30,-21.0,grandpas_village,7.43,clear,15.762,6.729,0.00,1.84,world
587.42,2026-09-02 14:00:45,-14.18,1.08,-3.95,-21.0,grandpas_village,7.45,clear,18.025,5.746,0.00,4.05,world
587.92,2026-09-02 14:00:45,-15.07,1.09,-1.62,-21.0,grandpas_village,7.47,clear,18.025,5.746,0.00,6.47,world
588.42,2026-09-02 14:00:46,-15.96,1.17,0.68,-21.0,grandpas_village,7.49,clear,16.804,5.720,0.00,5.70,world
588.92,2026-09-02 14:00:46,-16.82,1.33,2.94,-21.0,grandpas_village,7.51,clear,16.804,5.720,0.00,3.28,world
590.82,2026-09-02 14:00:48,-17.31,1.49,4.20,-21.0,grandpas_village,7.59,clear,17.260,4.612,0.00,1.93,world
592.32,2026-09-02 14:00:49,-17.31,1.49,4.20,-21.0,grandpas_village,7.65,clear,15.333,3.385,0.00,1.93,world
592.82,2026-09-02 14:00:50,-15.99,1.48,4.73,67.8,grandpas_village,7.67,clear,15.333,3.385,0.00,2.38,world
593.32,2026-09-02 14:00:50,-13.64,1.36,5.69,67.7,grandpas_village,7.69,clear,16.670,7.300,0.00,4.37,world
593.82,2026-09-02 14:00:51,-11.26,1.15,6.66,67.7,grandpas_village,7.71,clear,16.670,7.300,0.00,3.53,world
595.68,2026-09-02 14:00:53,-9.73,1.06,7.29,67.6,grandpas_village,7.78,clear,15.924,4.251,0.00,1.87,world
597.18,2026-09-02 14:00:54,-9.73,1.06,7.29,67.6,grandpas_village,7.84,clear,17.215,39.009,0.00,1.87,world
597.68,2026-09-02 14:00:55,-9.55,1.02,5.03,175.5,grandpas_village,7.86,clear,17.215,39.009,0.00,3.35,world
598.18,2026-09-02 14:00:55,-9.35,1.01,2.53,175.5,grandpas_village,7.88,clear,16.276,7.431,0.00,5.63,world
598.68,2026-09-02 14:00:56,-9.15,1.02,0.05,175.5,grandpas_village,7.90,clear,16.276,7.431,0.00,8.04,world
599.18,2026-09-02 14:00:56,-8.96,1.03,-2.44,175.5,grandpas_village,7.92,clear,16.625,5.319,0.00,7.50,world
599.68,2026-09-02 14:00:57,-8.76,1.04,-4.93,175.5,grandpas_village,7.94,clear,16.625,5.319,0.00,6.07,world
600.18,2026-09-02 14:00:57,-8.57,1.05,-7.42,175.5,grandpas_village,7.96,clear,17.426,5.846,0.00,5.46,world
600.68,2026-09-02 14:00:58,-8.36,0.97,-9.93,175.5,grandpas_village,7.98,clear,17.426,5.846,0.00,4.39,world
601.18,2026-09-02 14:00:58,-8.17,1.06,-12.37,175.5,grandpas_village,8.00,clear,16.550,5.260,0.00,2.45,world
601.68,2026-09-02 14:00:59,-7.97,1.11,-14.84,175.5,grandpas_village,8.02,clear,16.550,5.260,0.00,2.20,world
602.18,2026-09-02 14:00:59,-7.77,1.07,-17.33,175.5,grandpas_village,8.04,clear,16.229,5.904,0.00,2.07,world
602.68,2026-09-02 14:01:00,-7.57,1.04,-19.83,175.5,grandpas_village,8.06,clear,16.229,5.904,0.00,1.65,world
603.18,2026-09-02 14:01:00,-7.38,1.05,-22.32,175.5,grandpas_village,8.08,clear,17.311,8.545,0.00,3.70,world
603.68,2026-09-02 14:01:01,-7.18,1.05,-24.81,175.5,grandpas_village,8.10,clear,17.311,8.545,0.00,6.09,world
604.18,2026-09-02 14:01:01,-6.99,1.04,-27.31,175.6,grandpas_village,8.12,clear,17.010,5.592,0.00,8.55,world
604.68,2026-09-02 14:01:02,-6.79,1.07,-29.79,175.6,grandpas_village,8.14,clear,17.010,5.592,0.00,8.80,world
605.18,2026-09-02 14:01:02,-6.60,1.11,-32.26,175.6,grandpas_village,8.16,clear,17.959,42.747,0.00,8.90,world
605.68,2026-09-02 14:01:03,-6.41,1.13,-34.75,175.5,grandpas_village,8.18,clear,17.959,42.747,0.00,9.66,world
606.18,2026-09-02 14:01:03,-6.22,1.11,-37.25,175.5,grandpas_village,8.20,clear,16.133,6.235,0.00,10.96,world
606.72,2026-09-02 14:01:04,-6.14,1.11,-38.22,175.5,grandpas_village,8.22,clear,16.133,6.235,0.00,11.57,menu_build
607.22,2026-09-02 14:01:04,-6.13,1.11,-38.36,175.5,grandpas_village,8.24,clear,196.839,14.665,0.00,11.66,build_catalogue
607.72,2026-09-02 14:01:05,-6.13,1.11,-38.36,175.5,grandpas_village,8.26,clear,196.839,14.665,0.00,11.66,build_catalogue
608.22,2026-09-02 14:01:05,-6.13,1.11,-38.36,175.5,grandpas_village,8.28,clear,16.995,6.058,0.00,11.66,build_catalogue
608.72,2026-09-02 14:01:06,-6.13,1.11,-38.36,175.5,grandpas_village,8.30,clear,16.995,6.058,0.00,11.66,build_catalogue
609.30,2026-09-02 14:01:06,-6.13,1.11,-38.36,175.5,grandpas_village,8.33,clear,16.613,5.627,0.00,11.66,build_placement
609.80,2026-09-02 14:01:07,-6.13,1.11,-38.36,175.5,grandpas_village,8.35,clear,16.613,5.627,0.00,11.66,build_placement
610.30,2026-09-02 14:01:07,-6.13,1.11,-38.36,175.5,grandpas_village,8.37,clear,16.159,7.595,0.00,11.66,build_placement
610.80,2026-09-02 14:01:08,-6.13,1.11,-38.36,175.5,grandpas_village,8.39,clear,16.159,7.595,0.00,11.66,build_placement
611.30,2026-09-02 14:01:08,-6.13,1.11,-38.36,175.5,grandpas_village,8.41,clear,18.989,6.498,0.00,11.66,build_placement
611.83,2026-09-02 14:01:09,-6.13,1.11,-38.36,175.5,grandpas_village,8.43,clear,19.612,498.950,0.00,11.66,world
612.33,2026-09-02 14:01:10,-6.13,1.11,-38.36,175.5,grandpas_village,8.45,clear,19.612,498.950,0.00,11.66,world
612.83,2026-09-02 14:01:10,-6.13,1.11,-38.36,175.5,grandpas_village,8.47,clear,17.754,7.417,0.00,11.66,world
613.33,2026-09-02 14:01:11,-6.13,1.11,-38.36,175.5,grandpas_village,8.49,clear,17.754,7.417,0.00,11.66,world
613.83,2026-09-02 14:01:11,-6.12,1.11,-38.36,165.0,grandpas_village,8.51,clear,17.436,6.375,0.00,11.66,world
614.33,2026-09-02 14:01:12,-3.92,1.37,-39.05,114.4,grandpas_village,8.53,clear,17.436,6.375,0.00,10.82,world
614.83,2026-09-02 14:01:12,-2.77,1.32,-39.27,114.4,grandpas_village,8.55,clear,160.765,5.930,0.00,10.23,menu_quest_log
615.33,2026-09-02 14:01:13,-2.77,1.32,-39.27,114.4,grandpas_village,8.57,clear,160.765,5.930,0.00,10.23,build_catalogue
615.83,2026-09-02 14:01:13,-2.77,1.32,-39.27,114.4,grandpas_village,8.59,clear,82.637,20.540,0.00,10.23,build_catalogue
616.33,2026-09-02 14:01:14,-2.77,1.32,-39.27,114.4,grandpas_village,8.61,clear,82.637,20.540,0.00,10.23,build_catalogue
616.83,2026-09-02 14:01:14,-2.77,1.32,-39.27,114.4,grandpas_village,8.63,clear,17.273,7.621,0.00,10.23,build_catalogue
617.57,2026-09-02 14:01:15,-2.77,1.32,-39.27,114.4,grandpas_village,8.66,clear,17.273,7.621,0.00,10.23,build_catalogue
618.07,2026-09-02 14:01:16,-2.77,1.32,-39.27,114.4,grandpas_village,8.68,clear,19.455,6.858,0.00,10.23,build_catalogue
618.57,2026-09-02 14:01:16,-2.77,1.32,-39.27,114.4,grandpas_village,8.70,clear,19.455,6.858,0.00,10.23,build_placement
619.07,2026-09-02 14:01:17,-2.77,1.32,-39.27,114.4,grandpas_village,8.72,clear,18.319,13.970,0.00,10.23,build_placement
619.57,2026-09-02 14:01:17,-2.77,1.32,-39.27,114.4,grandpas_village,8.74,clear,18.319,13.970,0.00,10.23,build_placement
620.07,2026-09-02 14:01:18,-2.77,1.32,-39.27,114.4,grandpas_village,8.76,clear,17.743,7.386,0.00,10.23,build_placement
620.67,2026-09-02 14:01:18,-2.77,1.32,-39.27,114.4,grandpas_village,8.78,clear,17.743,7.386,0.00,10.23,world
621.17,2026-09-02 14:01:19,-2.77,1.32,-39.27,114.4,grandpas_village,8.80,clear,15.634,12.179,0.00,10.23,world
621.67,2026-09-02 14:01:19,-2.77,1.32,-39.27,114.4,grandpas_village,8.82,clear,15.634,12.179,0.00,10.23,world
622.17,2026-09-02 14:01:20,-2.77,1.32,-39.27,114.4,grandpas_village,8.84,clear,16.506,6.986,0.00,10.23,world
622.67,2026-09-02 14:01:20,-2.77,1.31,-39.27,103.8,grandpas_village,8.86,clear,16.506,6.986,0.00,10.23,world
623.17,2026-09-02 14:01:21,-2.77,1.31,-39.27,103.8,grandpas_village,8.88,clear,15.531,6.334,0.00,10.23,world
623.78,2026-09-02 14:01:22,-2.77,2.74,-39.27,103.8,grandpas_village,8.91,clear,19.666,397.851,0.00,10.23,world
624.28,2026-09-02 14:01:22,-2.77,1.32,-39.27,103.8,grandpas_village,8.93,clear,19.666,397.851,0.00,10.23,world
624.78,2026-09-02 14:01:23,-2.77,1.32,-39.27,103.8,grandpas_village,8.95,clear,19.193,7.140,0.00,10.23,world
625.28,2026-09-02 14:01:23,-2.77,1.32,-39.27,103.8,grandpas_village,8.97,clear,19.193,7.140,0.00,10.23,world
625.78,2026-09-02 14:01:24,-2.77,1.32,-39.27,103.8,grandpas_village,8.99,clear,18.264,6.500,0.00,10.23,world
626.28,2026-09-02 14:01:24,-2.77,1.32,-39.27,103.8,grandpas_village,9.01,clear,18.264,6.500,0.00,10.23,world
626.78,2026-09-02 14:01:25,-2.77,1.32,-39.27,103.8,grandpas_village,9.03,clear,19.927,7.298,0.00,10.23,world
627.28,2026-09-02 14:01:25,-2.77,1.32,-39.27,103.8,grandpas_village,9.05,clear,19.927,7.298,0.00,10.23,world
627.78,2026-09-02 14:01:26,-2.77,1.32,-39.27,103.8,grandpas_village,9.07,clear,17.331,6.908,0.00,10.23,world
628.28,2026-09-02 14:01:26,-2.77,1.32,-39.27,103.8,grandpas_village,9.09,clear,17.331,6.908,0.00,10.23,world
628.78,2026-09-02 14:01:27,-2.77,1.32,-39.27,103.8,grandpas_village,9.11,clear,20.432,7.547,0.00,10.23,world
629.28,2026-09-02 14:01:27,-2.77,1.32,-39.27,103.8,grandpas_village,9.13,clear,20.432,7.547,0.00,10.23,world
629.78,2026-09-02 14:01:28,-2.77,1.32,-39.27,103.8,grandpas_village,9.15,clear,20.558,6.172,0.00,10.23,world
630.28,2026-09-02 14:01:28,-2.77,1.32,-39.27,103.8,grandpas_village,9.17,clear,20.558,6.172,0.00,10.23,world
630.78,2026-09-02 14:01:29,-2.77,1.32,-39.27,103.8,grandpas_village,9.19,clear,17.602,5.736,0.00,10.23,world
631.28,2026-09-02 14:01:29,-2.77,1.32,-39.27,103.8,grandpas_village,9.21,clear,17.602,5.736,0.00,10.23,world
631.78,2026-09-02 14:01:30,-2.77,1.32,-39.27,103.8,grandpas_village,9.23,clear,18.566,6.670,0.00,10.23,world
632.28,2026-09-02 14:01:30,-2.77,1.32,-39.27,103.8,grandpas_village,9.25,clear,18.566,6.670,0.00,10.23,world
632.78,2026-09-02 14:01:31,-2.77,1.32,-39.27,103.8,grandpas_village,9.27,clear,15.895,5.603,0.00,10.23,world
633.28,2026-09-02 14:01:31,-2.77,1.32,-39.27,103.8,grandpas_village,9.29,clear,15.895,5.603,0.00,10.23,world
633.78,2026-09-02 14:01:32,-2.77,1.32,-39.27,103.8,grandpas_village,9.31,clear,18.212,7.733,0.00,10.23,world
634.28,2026-09-02 14:01:32,-2.77,1.32,-39.27,103.8,grandpas_village,9.33,clear,18.212,7.733,0.00,10.23,world
634.78,2026-09-02 14:01:33,-2.77,1.32,-39.27,103.8,grandpas_village,9.35,clear,15.894,5.539,0.00,10.23,world
635.28,2026-09-02 14:01:33,-2.77,1.32,-39.27,103.8,grandpas_village,9.37,clear,15.894,5.539,0.00,10.23,world
635.78,2026-09-02 14:01:34,-2.77,1.32,-39.27,103.8,grandpas_village,9.39,clear,15.483,6.057,0.00,10.23,world
636.28,2026-09-02 14:01:34,-2.77,1.32,-39.27,103.8,grandpas_village,9.41,clear,15.483,6.057,0.00,10.23,world
636.78,2026-09-02 14:01:35,-2.77,1.32,-39.27,103.8,grandpas_village,9.43,clear,16.690,6.512,0.00,10.23,world
637.28,2026-09-02 14:01:35,-2.77,1.32,-39.27,103.8,grandpas_village,9.45,clear,16.690,6.512,0.00,10.23,world
637.78,2026-09-02 14:01:36,-2.77,1.32,-39.27,103.8,grandpas_village,9.47,clear,15.298,5.458,0.00,10.23,world
638.28,2026-09-02 14:01:36,-2.77,1.32,-39.27,103.8,grandpas_village,9.49,clear,15.298,5.458,0.00,10.23,world
638.78,2026-09-02 14:01:37,-2.77,1.32,-39.27,103.8,grandpas_village,9.51,clear,16.095,5.891,0.00,10.23,world
639.28,2026-09-02 14:01:37,-2.77,1.32,-39.27,103.8,grandpas_village,9.53,clear,16.095,5.891,0.00,10.23,world
639.78,2026-09-02 14:01:38,-2.77,1.32,-39.27,103.8,grandpas_village,9.55,clear,18.296,6.160,0.00,10.23,world
640.28,2026-09-02 14:01:38,-2.77,1.32,-39.27,103.8,grandpas_village,9.57,clear,18.296,6.160,0.00,10.23,world
640.78,2026-09-02 14:01:39,-2.77,1.32,-39.27,103.8,grandpas_village,9.59,clear,15.840,5.869,0.00,10.23,world
641.28,2026-09-02 14:01:39,-2.77,1.32,-39.27,103.8,grandpas_village,9.61,clear,15.840,5.869,0.00,10.23,world
641.78,2026-09-02 14:01:40,-2.77,1.32,-39.27,103.8,grandpas_village,9.63,clear,16.648,6.591,0.00,10.23,world
642.28,2026-09-02 14:01:40,-2.77,1.32,-39.27,103.8,grandpas_village,9.65,clear,16.648,6.591,0.00,10.23,world
642.78,2026-09-02 14:01:41,-2.77,1.32,-39.27,103.8,grandpas_village,9.67,clear,15.463,5.716,0.00,10.23,world
643.28,2026-09-02 14:01:41,-2.77,1.32,-39.27,103.8,grandpas_village,9.69,clear,16.039,5.754,0.00,10.23,world
643.78,2026-09-02 14:01:42,-2.77,1.32,-39.27,103.8,grandpas_village,9.71,clear,16.039,5.754,0.00,10.23,world
644.28,2026-09-02 14:01:42,-2.77,1.32,-39.27,103.8,grandpas_village,9.73,clear,16.460,5.496,0.00,10.23,world
644.78,2026-09-02 14:01:43,-2.77,1.32,-39.27,103.8,grandpas_village,9.75,clear,16.460,5.496,0.00,10.23,world
645.28,2026-09-02 14:01:43,-2.77,1.32,-39.27,103.8,grandpas_village,9.77,clear,17.231,30.130,0.00,10.23,world
645.78,2026-09-02 14:01:44,-2.77,1.32,-39.27,103.8,grandpas_village,9.79,clear,17.231,30.130,0.00,10.23,world
646.28,2026-09-02 14:01:44,-2.77,1.32,-39.27,103.8,grandpas_village,9.81,clear,16.411,6.178,0.00,10.23,world
646.78,2026-09-02 14:01:45,-2.77,1.32,-39.27,103.8,grandpas_village,9.83,clear,16.411,6.178,0.00,10.23,world
647.28,2026-09-02 14:01:45,-2.77,1.32,-39.27,103.8,grandpas_village,9.85,clear,15.494,5.867,0.00,10.23,world
647.78,2026-09-02 14:01:46,-2.77,1.32,-39.27,103.8,grandpas_village,9.87,clear,15.494,5.867,0.00,10.23,world
648.28,2026-09-02 14:01:46,-2.77,1.32,-39.27,103.8,grandpas_village,9.89,clear,16.960,6.045,0.00,10.23,world
648.78,2026-09-02 14:01:47,-2.77,1.32,-39.27,103.8,grandpas_village,9.91,clear,16.960,6.045,0.00,10.23,world
649.28,2026-09-02 14:01:47,-2.77,1.32,-39.27,103.8,grandpas_village,9.93,clear,18.924,6.444,0.00,10.23,world
649.78,2026-09-02 14:01:48,-2.77,1.32,-39.27,103.8,grandpas_village,9.95,clear,18.924,6.444,0.00,10.23,world
650.28,2026-09-02 14:01:48,-2.77,1.32,-39.27,103.8,grandpas_village,9.97,clear,16.064,6.802,0.00,10.23,world
650.78,2026-09-02 14:01:49,-2.77,1.32,-39.27,103.8,grandpas_village,9.99,clear,16.064,6.802,0.00,10.23,world
651.28,2026-09-02 14:01:49,-2.77,1.32,-39.27,103.8,grandpas_village,10.01,clear,17.059,6.077,0.00,10.23,world
651.78,2026-09-02 14:01:50,-2.77,1.32,-39.27,103.8,grandpas_village,10.03,clear,17.059,6.077,0.00,10.23,world
652.28,2026-09-02 14:01:50,-2.77,1.32,-39.27,103.8,grandpas_village,10.05,clear,16.287,6.065,0.00,10.23,world
652.78,2026-09-02 14:01:51,-2.77,1.32,-39.27,103.8,grandpas_village,10.07,clear,16.287,6.065,0.00,10.23,world
653.28,2026-09-02 14:01:51,-2.77,1.32,-39.27,103.8,grandpas_village,10.09,clear,19.595,37.645,0.00,10.23,world
653.78,2026-09-02 14:01:52,-2.77,1.32,-39.27,103.8,grandpas_village,10.11,clear,19.595,37.645,0.00,10.23,world
654.28,2026-09-02 14:01:52,-2.77,1.32,-39.27,103.8,grandpas_village,10.13,clear,19.981,7.536,0.00,10.23,world
654.78,2026-09-02 14:01:53,-2.77,1.32,-39.27,103.8,grandpas_village,10.15,clear,19.981,7.536,0.00,10.23,world
655.28,2026-09-02 14:01:53,-2.77,1.32,-39.27,103.8,grandpas_village,10.17,clear,18.426,43.604,0.00,10.23,world
655.78,2026-09-02 14:01:54,-2.77,1.32,-39.27,103.8,grandpas_village,10.19,clear,18.426,43.604,0.00,10.23,world
656.28,2026-09-02 14:01:54,-2.77,1.32,-39.27,103.8,grandpas_village,10.21,clear,17.168,6.452,0.00,10.23,world
656.78,2026-09-02 14:01:55,-2.77,1.32,-39.27,103.8,grandpas_village,10.23,clear,17.168,6.452,0.00,10.23,world
657.28,2026-09-02 14:01:55,-2.77,1.32,-39.27,103.8,grandpas_village,10.25,clear,16.607,6.196,0.00,10.23,world
657.78,2026-09-02 14:01:56,-2.77,1.32,-39.27,103.8,grandpas_village,10.27,clear,16.607,6.196,0.00,10.23,world
658.28,2026-09-02 14:01:56,-2.77,1.32,-39.27,103.8,grandpas_village,10.29,clear,15.395,5.837,0.00,10.23,world
658.78,2026-09-02 14:01:57,-2.77,1.32,-39.27,103.8,grandpas_village,10.31,clear,15.395,5.837,0.00,10.23,world
659.28,2026-09-02 14:01:57,-2.77,1.32,-39.27,103.8,grandpas_village,10.33,clear,16.493,6.663,0.00,10.23,world
659.78,2026-09-02 14:01:58,-2.77,1.32,-39.27,103.8,grandpas_village,10.35,clear,16.493,6.663,0.00,10.23,world
660.28,2026-09-02 14:01:58,-2.77,1.32,-39.27,103.8,grandpas_village,10.37,clear,19.153,7.045,0.00,10.23,world
660.78,2026-09-02 14:01:59,-2.77,1.32,-39.27,103.8,grandpas_village,10.39,clear,19.153,7.045,0.00,10.23,world
661.28,2026-09-02 14:01:59,-2.77,1.32,-39.27,103.8,grandpas_village,10.41,clear,22.275,6.836,0.00,10.23,world
661.78,2026-09-02 14:02:00,-2.77,1.32,-39.27,103.8,grandpas_village,10.43,clear,22.275,6.836,0.00,10.23,world
662.28,2026-09-02 14:02:00,-2.77,1.32,-39.27,103.8,grandpas_village,10.45,clear,16.790,12.459,0.00,10.23,world
662.78,2026-09-02 14:02:01,-2.77,1.32,-39.27,103.8,grandpas_village,10.47,clear,16.790,12.459,0.00,10.23,world
663.28,2026-09-02 14:02:01,-2.77,1.32,-39.27,103.8,grandpas_village,10.49,clear,16.382,7.010,0.00,10.23,world
663.78,2026-09-02 14:02:02,-2.77,1.32,-39.27,103.8,grandpas_village,10.51,clear,16.382,7.010,0.00,10.23,world
664.28,2026-09-02 14:02:02,-2.77,1.32,-39.27,103.8,grandpas_village,10.53,clear,19.146,6.598,0.00,10.23,world
664.78,2026-09-02 14:02:03,-2.77,1.32,-39.27,103.8,grandpas_village,10.55,clear,19.146,6.598,0.00,10.23,world
665.28,2026-09-02 14:02:03,-2.77,1.32,-39.27,103.8,grandpas_village,10.57,clear,16.647,28.141,0.00,10.23,world
665.78,2026-09-02 14:02:04,-2.77,1.32,-39.27,103.8,grandpas_village,10.59,clear,16.647,28.141,0.00,10.23,world
666.28,2026-09-02 14:02:04,-2.77,1.32,-39.27,103.8,grandpas_village,10.61,clear,16.207,6.382,0.00,10.23,world
666.78,2026-09-02 14:02:05,-2.77,1.32,-39.27,103.8,grandpas_village,10.63,clear,16.207,6.382,0.00,10.23,world
667.28,2026-09-02 14:02:05,-2.77,1.32,-39.27,103.8,grandpas_village,10.65,clear,16.426,6.560,0.00,10.23,world
667.78,2026-09-02 14:02:06,-2.77,1.32,-39.27,103.8,grandpas_village,10.67,clear,16.426,6.560,0.00,10.23,world
668.28,2026-09-02 14:02:06,-2.77,1.32,-39.27,103.8,grandpas_village,10.69,clear,15.778,6.270,0.00,10.23,world
668.78,2026-09-02 14:02:07,-2.77,1.32,-39.27,103.8,grandpas_village,10.71,clear,15.778,6.270,0.00,10.23,world
669.28,2026-09-02 14:02:07,-2.77,1.32,-39.27,103.8,grandpas_village,10.73,clear,17.467,9.054,0.00,10.23,world
669.78,2026-09-02 14:02:08,-2.77,1.32,-39.27,103.8,grandpas_village,10.75,clear,17.467,9.054,0.00,10.23,world
670.28,2026-09-02 14:02:08,-2.77,1.32,-39.27,103.8,grandpas_village,10.77,clear,16.142,5.500,0.00,10.23,world
670.78,2026-09-02 14:02:09,-2.77,1.32,-39.27,103.8,grandpas_village,10.79,clear,16.142,5.500,0.00,10.23,world
671.28,2026-09-02 14:02:09,-2.77,1.32,-39.27,103.8,grandpas_village,10.81,clear,20.235,6.217,0.00,10.23,world
671.78,2026-09-02 14:02:10,-2.77,1.32,-39.27,103.8,grandpas_village,10.83,clear,20.235,6.217,0.00,10.23,world
672.28,2026-09-02 14:02:10,-2.77,1.32,-39.27,103.8,grandpas_village,10.85,clear,18.440,5.843,0.00,10.23,world
672.78,2026-09-02 14:02:11,-2.77,1.32,-39.27,103.8,grandpas_village,10.87,clear,18.440,5.843,0.00,10.23,world
673.28,2026-09-02 14:02:11,-2.77,1.32,-39.27,103.8,grandpas_village,10.89,clear,17.960,6.438,0.00,10.23,world
673.78,2026-09-02 14:02:12,-2.77,1.32,-39.27,103.8,grandpas_village,10.91,clear,17.960,6.438,0.00,10.23,world
674.28,2026-09-02 14:02:12,-2.77,1.32,-39.27,103.8,grandpas_village,10.93,clear,15.305,5.626,0.00,10.23,world
674.78,2026-09-02 14:02:13,-2.77,1.32,-39.27,103.8,grandpas_village,10.95,clear,15.305,5.626,0.00,10.23,world
675.28,2026-09-02 14:02:13,-2.77,1.32,-39.27,103.8,grandpas_village,10.97,clear,16.567,6.294,0.00,10.23,world
675.78,2026-09-02 14:02:14,-2.77,1.32,-39.27,103.8,grandpas_village,10.99,clear,16.567,6.294,0.00,10.23,world
676.28,2026-09-02 14:02:14,-2.77,1.32,-39.27,103.8,grandpas_village,11.01,clear,19.045,7.143,0.00,10.23,world
676.78,2026-09-02 14:02:15,-2.77,1.32,-39.27,103.8,grandpas_village,11.03,clear,19.045,7.143,0.00,10.23,world
677.28,2026-09-02 14:02:15,-2.77,1.32,-39.27,103.8,grandpas_village,11.05,clear,16.777,6.393,0.00,10.23,world
677.78,2026-09-02 14:02:16,-2.77,1.32,-39.27,103.8,grandpas_village,11.07,clear,16.777,6.393,0.00,10.23,world
678.28,2026-09-02 14:02:16,-2.77,1.32,-39.27,103.8,grandpas_village,11.09,clear,19.511,28.857,0.00,10.23,world
678.78,2026-09-02 14:02:17,-2.77,1.32,-39.27,103.8,grandpas_village,11.11,clear,19.511,28.857,0.00,10.23,world
679.28,2026-09-02 14:02:17,-2.77,1.32,-39.27,103.8,grandpas_village,11.13,clear,16.015,8.365,0.00,10.23,world
679.78,2026-09-02 14:02:18,-2.77,1.32,-39.27,103.8,grandpas_village,11.15,clear,16.015,8.365,0.00,10.23,world
680.28,2026-09-02 14:02:18,-2.77,1.32,-39.27,103.8,grandpas_village,11.17,clear,16.687,6.180,0.00,10.23,world
680.78,2026-09-02 14:02:19,-2.77,1.32,-39.27,103.8,grandpas_village,11.19,clear,16.687,6.180,0.00,10.23,world
681.28,2026-09-02 14:02:19,-2.77,1.32,-39.27,103.8,grandpas_village,11.21,clear,15.939,5.453,0.00,10.23,world
681.78,2026-09-02 14:02:20,-2.77,1.32,-39.27,103.8,grandpas_village,11.23,clear,15.939,5.453,0.00,10.23,world
682.28,2026-09-02 14:02:20,-2.77,1.32,-39.27,103.8,grandpas_village,11.25,clear,15.886,9.710,0.00,10.23,world
682.78,2026-09-02 14:02:21,-2.77,1.32,-39.27,103.8,grandpas_village,11.27,clear,15.886,9.710,0.00,10.23,world
683.28,2026-09-02 14:02:21,-2.77,1.32,-39.27,103.8,grandpas_village,11.29,clear,15.825,6.512,0.00,10.23,world
683.78,2026-09-02 14:02:22,-2.77,1.32,-39.27,103.8,grandpas_village,11.31,clear,15.825,6.512,0.00,10.23,world
684.28,2026-09-02 14:02:22,-2.77,1.32,-39.27,103.8,grandpas_village,11.33,clear,16.229,6.313,0.00,10.23,world
684.78,2026-09-02 14:02:23,-2.77,1.32,-39.27,103.8,grandpas_village,11.35,clear,16.229,6.313,0.00,10.23,world
685.28,2026-09-02 14:02:23,-2.77,1.32,-39.27,103.8,grandpas_village,11.37,clear,17.815,5.609,0.00,10.23,world
685.78,2026-09-02 14:02:24,-2.77,1.32,-39.27,103.8,grandpas_village,11.39,clear,17.815,5.609,0.00,10.23,world
686.28,2026-09-02 14:02:24,-2.77,1.32,-39.27,103.8,grandpas_village,11.41,clear,16.112,6.101,0.00,10.23,world
686.78,2026-09-02 14:02:25,-2.77,1.32,-39.27,103.8,grandpas_village,11.43,clear,16.112,6.101,0.00,10.23,world
687.28,2026-09-02 14:02:25,-2.77,1.32,-39.27,103.8,grandpas_village,11.45,clear,19.602,30.269,0.00,10.23,world
687.78,2026-09-02 14:02:26,-2.77,1.32,-39.27,103.8,grandpas_village,11.47,clear,19.602,30.269,0.00,10.23,world
688.28,2026-09-02 14:02:26,-2.77,1.32,-39.27,103.8,grandpas_village,11.49,clear,19.582,8.230,0.00,10.23,world
688.78,2026-09-02 14:02:27,-2.77,1.32,-39.27,103.8,grandpas_village,11.51,clear,19.582,8.230,0.00,10.23,world
689.28,2026-09-02 14:02:27,-2.77,1.32,-39.27,103.8,grandpas_village,11.53,clear,17.148,6.173,0.00,10.23,world
689.78,2026-09-02 14:02:28,-2.77,1.32,-39.27,103.8,grandpas_village,11.55,clear,17.148,6.173,0.00,10.23,world
690.28,2026-09-02 14:02:28,-2.77,1.32,-39.27,103.8,grandpas_village,11.57,clear,15.842,5.516,0.00,10.23,world
690.78,2026-09-02 14:02:29,-2.77,1.32,-39.27,103.8,grandpas_village,11.59,clear,15.842,5.516,0.00,10.23,world
691.28,2026-09-02 14:02:29,-2.77,1.32,-39.27,103.8,grandpas_village,11.61,clear,17.882,24.768,0.00,10.23,world
691.78,2026-09-02 14:02:30,-2.77,1.32,-39.27,103.8,grandpas_village,11.63,clear,17.882,24.768,0.00,10.23,world
692.28,2026-09-02 14:02:30,-2.77,1.32,-39.27,103.8,grandpas_village,11.65,clear,16.862,5.980,0.00,10.23,world
692.78,2026-09-02 14:02:31,-2.77,1.32,-39.27,103.8,grandpas_village,11.67,clear,16.862,5.980,0.00,10.23,world
693.28,2026-09-02 14:02:31,-2.77,1.32,-39.27,103.8,grandpas_village,11.69,clear,19.755,54.919,0.00,10.23,world
693.78,2026-09-02 14:02:32,-2.77,1.32,-39.27,103.8,grandpas_village,11.71,clear,19.755,54.919,0.00,10.23,world
694.28,2026-09-02 14:02:32,-2.77,1.32,-39.27,103.8,grandpas_village,11.73,clear,20.215,6.359,0.00,10.23,world
694.78,2026-09-02 14:02:33,-2.77,1.32,-39.27,103.8,grandpas_village,11.75,clear,20.215,6.359,0.00,10.23,world
695.28,2026-09-02 14:02:33,-2.77,1.32,-39.27,103.8,grandpas_village,11.77,clear,18.187,6.681,0.00,10.23,world
695.78,2026-09-02 14:02:34,-2.77,1.32,-39.27,103.8,grandpas_village,11.79,clear,18.187,6.681,0.00,10.23,world
696.28,2026-09-02 14:02:34,-2.77,1.32,-39.27,103.8,grandpas_village,11.81,clear,18.165,6.731,0.00,10.23,world
696.78,2026-09-02 14:02:35,-2.77,1.32,-39.27,103.8,grandpas_village,11.83,clear,18.165,6.731,0.00,10.23,world
697.28,2026-09-02 14:02:35,-2.77,1.32,-39.27,103.8,grandpas_village,11.85,clear,17.796,8.625,0.00,10.23,world
697.78,2026-09-02 14:02:36,-2.77,1.32,-39.27,103.8,grandpas_village,11.87,clear,17.796,8.625,0.00,10.23,world
698.28,2026-09-02 14:02:36,-2.77,1.32,-39.27,103.8,grandpas_village,11.89,clear,16.423,6.440,0.00,10.23,world
698.78,2026-09-02 14:02:37,-2.77,1.32,-39.27,103.8,grandpas_village,11.91,clear,16.423,6.440,0.00,10.23,world
699.28,2026-09-02 14:02:37,-2.77,1.32,-39.27,103.8,grandpas_village,11.93,clear,16.446,5.735,0.00,10.23,world
699.78,2026-09-02 14:02:38,-2.77,1.32,-39.27,103.8,grandpas_village,11.95,clear,16.446,5.735,0.00,10.23,world
700.28,2026-09-02 14:02:38,-2.77,1.32,-39.27,103.8,grandpas_village,11.97,clear,16.560,5.634,0.00,10.23,world
700.78,2026-09-02 14:02:39,-2.77,1.32,-39.27,103.8,grandpas_village,11.99,clear,16.560,5.634,0.00,10.23,world
701.28,2026-09-02 14:02:39,-2.77,1.32,-39.27,103.8,grandpas_village,12.01,clear,21.580,8.367,0.00,10.23,world
701.78,2026-09-02 14:02:40,-2.77,1.32,-39.27,103.8,grandpas_village,12.03,clear,21.580,8.367,0.00,10.23,world
702.28,2026-09-02 14:02:40,-2.77,1.32,-39.27,103.8,grandpas_village,12.05,clear,19.064,6.823,0.00,10.23,world
702.78,2026-09-02 14:02:41,-2.77,1.32,-39.27,103.8,grandpas_village,12.07,clear,19.064,6.823,0.00,10.23,world
703.28,2026-09-02 14:02:41,-2.77,1.32,-39.27,103.8,grandpas_village,12.09,clear,15.854,6.390,0.00,10.23,world
703.78,2026-09-02 14:02:42,-2.77,1.32,-39.27,103.8,grandpas_village,12.11,clear,15.854,6.390,0.00,10.23,world
704.28,2026-09-02 14:02:42,-2.77,1.32,-39.27,103.8,grandpas_village,12.13,clear,16.201,34.694,0.00,10.23,world
704.78,2026-09-02 14:02:43,-2.77,1.32,-39.27,103.8,grandpas_village,12.15,clear,16.201,34.694,0.00,10.23,world
705.28,2026-09-02 14:02:43,-2.77,1.32,-39.27,103.8,grandpas_village,12.17,clear,17.091,31.488,0.00,10.23,world
705.78,2026-09-02 14:02:44,-2.77,1.32,-39.27,103.8,grandpas_village,12.19,clear,17.091,31.488,0.00,10.23,world
706.28,2026-09-02 14:02:44,-2.77,1.32,-39.27,103.8,grandpas_village,12.21,clear,16.607,5.773,0.00,10.23,world
706.78,2026-09-02 14:02:45,-2.77,1.32,-39.27,103.8,grandpas_village,12.23,clear,16.607,5.773,0.00,10.23,world
707.28,2026-09-02 14:02:45,-2.77,1.32,-39.27,103.8,grandpas_village,12.25,clear,17.940,7.766,0.00,10.23,world
707.78,2026-09-02 14:02:46,-2.77,1.32,-39.27,103.8,grandpas_village,12.27,clear,17.940,7.766,0.00,10.23,world
708.28,2026-09-02 14:02:46,-2.77,1.32,-39.27,103.8,grandpas_village,12.29,clear,18.481,6.996,0.00,10.23,world
708.78,2026-09-02 14:02:47,-2.77,1.32,-39.27,103.8,grandpas_village,12.31,clear,18.481,6.996,0.00,10.23,world
709.28,2026-09-02 14:02:47,-2.77,1.32,-39.27,103.8,grandpas_village,12.33,clear,20.490,6.828,0.00,10.23,world
709.78,2026-09-02 14:02:48,-2.77,1.32,-39.27,103.8,grandpas_village,12.35,clear,20.490,6.828,0.00,10.23,world
710.28,2026-09-02 14:02:48,-2.77,1.32,-39.27,103.8,grandpas_village,12.37,clear,17.767,6.186,0.00,10.23,world
710.78,2026-09-02 14:02:49,-2.77,1.32,-39.27,103.8,grandpas_village,12.39,clear,17.767,6.186,0.00,10.23,world
711.28,2026-09-02 14:02:49,-2.77,1.32,-39.27,103.8,grandpas_village,12.41,clear,19.189,8.650,0.00,10.23,world
711.78,2026-09-02 14:02:50,-2.77,1.32,-39.27,103.8,grandpas_village,12.43,clear,19.189,8.650,0.00,10.23,world
712.28,2026-09-02 14:02:50,-2.77,1.32,-39.27,103.8,grandpas_village,12.45,clear,18.192,6.734,0.00,10.23,world
712.78,2026-09-02 14:02:51,-2.77,1.32,-39.27,103.8,grandpas_village,12.47,clear,18.192,6.734,0.00,10.23,world
713.28,2026-09-02 14:02:51,-2.77,1.32,-39.27,103.8,grandpas_village,12.49,clear,15.807,6.299,0.00,10.23,world
713.78,2026-09-02 14:02:52,-2.77,1.32,-39.27,103.8,grandpas_village,12.51,clear,15.807,6.299,0.00,10.23,world
714.28,2026-09-02 14:02:52,-2.77,1.32,-39.27,103.8,grandpas_village,12.53,clear,19.435,26.763,0.00,10.23,world
714.78,2026-09-02 14:02:53,-2.77,1.32,-39.27,103.8,grandpas_village,12.55,clear,19.435,26.763,0.00,10.23,world
715.28,2026-09-02 14:02:53,-2.77,1.32,-39.27,103.8,grandpas_village,12.57,clear,16.101,6.137,0.00,10.23,world
715.78,2026-09-02 14:02:54,-2.77,1.32,-39.27,103.8,grandpas_village,12.59,clear,16.101,6.137,0.00,10.23,world
716.28,2026-09-02 14:02:54,-2.77,1.32,-39.27,103.8,grandpas_village,12.61,clear,15.380,5.802,0.00,10.23,world
716.78,2026-09-02 14:02:55,-2.77,1.32,-39.27,103.8,grandpas_village,12.63,clear,15.380,5.802,0.00,10.23,world
717.28,2026-09-02 14:02:55,-2.77,1.32,-39.27,103.8,grandpas_village,12.65,clear,18.749,6.649,0.00,10.23,world
717.78,2026-09-02 14:02:56,-2.77,1.32,-39.27,103.8,grandpas_village,12.67,clear,18.749,6.649,0.00,10.23,world
718.28,2026-09-02 14:02:56,-2.77,1.32,-39.27,103.8,grandpas_village,12.69,clear,16.433,6.777,0.00,10.23,world
718.78,2026-09-02 14:02:57,-2.77,1.32,-39.27,103.8,grandpas_village,12.71,clear,16.433,6.777,0.00,10.23,world
719.28,2026-09-02 14:02:57,-2.77,1.32,-39.27,103.8,grandpas_village,12.73,clear,20.182,8.295,0.00,10.23,world
719.78,2026-09-02 14:02:58,-2.77,1.32,-39.27,103.8,grandpas_village,12.75,clear,20.182,8.295,0.00,10.23,world
720.28,2026-09-02 14:02:58,-2.77,1.32,-39.27,103.8,grandpas_village,12.77,clear,15.241,6.509,0.00,10.23,world
720.78,2026-09-02 14:02:59,-2.77,1.32,-39.27,103.8,grandpas_village,12.79,clear,15.241,6.509,0.00,10.23,world
721.28,2026-09-02 14:02:59,-2.77,1.32,-39.27,103.8,grandpas_village,12.81,clear,18.243,8.026,0.00,10.23,world
721.78,2026-09-02 14:03:00,-2.77,1.32,-39.27,103.8,grandpas_village,12.83,clear,18.243,8.026,0.00,10.23,world
722.28,2026-09-02 14:03:00,-2.77,1.32,-39.27,103.8,grandpas_village,12.85,clear,16.256,7.119,0.00,10.23,world
722.78,2026-09-02 14:03:01,-2.77,1.32,-39.27,103.8,grandpas_village,12.87,clear,16.256,7.119,0.00,10.23,world
723.28,2026-09-02 14:03:01,-2.77,1.32,-39.27,103.8,grandpas_village,12.89,clear,15.994,5.619,0.00,10.23,world
723.78,2026-09-02 14:03:02,-2.77,1.32,-39.27,103.8,grandpas_village,12.91,clear,15.994,5.619,0.00,10.23,world
724.28,2026-09-02 14:03:02,-2.77,1.32,-39.27,103.8,grandpas_village,12.93,clear,15.911,5.552,0.00,10.23,world
724.78,2026-09-02 14:03:03,-2.77,1.32,-39.27,103.8,grandpas_village,12.95,clear,15.911,5.552,0.00,10.23,world
725.28,2026-09-02 14:03:03,-2.77,1.32,-39.27,103.8,grandpas_village,12.97,clear,18.464,5.882,0.00,10.23,world
725.78,2026-09-02 14:03:04,-2.77,1.32,-39.27,103.8,grandpas_village,12.99,clear,18.464,5.882,0.00,10.23,world
726.28,2026-09-02 14:03:04,-2.77,1.32,-39.27,103.8,grandpas_village,13.01,clear,18.343,6.235,0.00,10.23,world
726.78,2026-09-02 14:03:05,-2.77,1.32,-39.27,103.8,grandpas_village,13.03,clear,18.343,6.235,0.00,10.23,world
727.28,2026-09-02 14:03:05,-2.77,1.32,-39.27,103.8,grandpas_village,13.05,clear,16.807,6.531,0.00,10.23,world
727.78,2026-09-02 14:03:06,-2.77,1.32,-39.27,103.8,grandpas_village,13.07,clear,16.807,6.531,0.00,10.23,world
728.28,2026-09-02 14:03:06,-2.77,1.32,-39.27,103.8,grandpas_village,13.09,clear,16.714,5.938,0.00,10.23,world
728.78,2026-09-02 14:03:07,-2.77,1.32,-39.27,103.8,grandpas_village,13.11,clear,16.714,5.938,0.00,10.23,world
729.28,2026-09-02 14:03:07,-2.77,1.32,-39.27,103.8,grandpas_village,13.13,clear,16.355,7.431,0.00,10.23,world
729.78,2026-09-02 14:03:08,-2.77,1.32,-39.27,103.8,grandpas_village,13.15,clear,16.355,7.431,0.00,10.23,world
730.28,2026-09-02 14:03:08,-2.77,1.32,-39.27,103.8,grandpas_village,13.17,clear,17.874,6.329,0.00,10.23,world
730.78,2026-09-02 14:03:09,-2.77,1.32,-39.27,103.8,grandpas_village,13.19,clear,17.874,6.329,0.00,10.23,world
731.28,2026-09-02 14:03:09,-2.77,1.32,-39.27,103.8,grandpas_village,13.21,clear,16.996,20.113,0.00,10.23,world
731.78,2026-09-02 14:03:10,-2.77,1.32,-39.27,103.8,grandpas_village,13.23,clear,16.996,20.113,0.00,10.23,world
732.28,2026-09-02 14:03:10,-2.77,1.32,-39.27,103.8,grandpas_village,13.25,clear,17.438,5.946,0.00,10.23,world
732.78,2026-09-02 14:03:11,-2.77,1.32,-39.27,103.8,grandpas_village,13.27,clear,17.438,5.946,0.00,10.23,world
733.28,2026-09-02 14:03:11,-2.77,1.32,-39.27,103.8,grandpas_village,13.29,clear,18.234,90.769,0.00,10.23,world
733.78,2026-09-02 14:03:12,-2.77,1.32,-39.27,103.8,grandpas_village,13.31,clear,18.234,90.769,0.00,10.23,world
734.28,2026-09-02 14:03:12,-2.77,1.32,-39.27,103.8,grandpas_village,13.33,clear,19.129,11.590,0.00,10.23,world
734.78,2026-09-02 14:03:13,-2.77,1.32,-39.27,103.8,grandpas_village,13.35,clear,19.129,11.590,0.00,10.23,world
735.28,2026-09-02 14:03:13,-2.77,1.32,-39.27,103.8,grandpas_village,13.37,clear,16.405,6.240,0.00,10.23,world
735.78,2026-09-02 14:03:14,-2.77,1.32,-39.27,103.8,grandpas_village,13.39,clear,16.405,6.240,0.00,10.23,world
736.28,2026-09-02 14:03:14,-2.77,1.32,-39.27,103.8,grandpas_village,13.41,clear,17.231,6.046,0.00,10.23,world
736.78,2026-09-02 14:03:15,-2.77,1.32,-39.27,103.8,grandpas_village,13.43,clear,17.231,6.046,0.00,10.23,world
737.28,2026-09-02 14:03:15,-2.77,1.32,-39.27,103.8,grandpas_village,13.45,clear,18.105,6.559,0.00,10.23,world
737.78,2026-09-02 14:03:16,-2.77,1.32,-39.27,103.8,grandpas_village,13.47,clear,18.105,6.559,0.00,10.23,world
738.28,2026-09-02 14:03:16,-2.77,1.32,-39.27,103.8,grandpas_village,13.49,clear,18.748,6.948,0.00,10.23,world
738.78,2026-09-02 14:03:17,-2.77,1.32,-39.27,103.8,grandpas_village,13.51,clear,18.748,6.948,0.00,10.23,world
739.28,2026-09-02 14:03:17,-2.77,1.32,-39.27,103.8,grandpas_village,13.53,clear,18.036,6.930,0.00,10.23,world
739.78,2026-09-02 14:03:18,-2.77,1.32,-39.27,103.8,grandpas_village,13.55,clear,18.036,6.930,0.00,10.23,world
740.28,2026-09-02 14:03:18,-2.77,1.32,-39.27,103.8,grandpas_village,13.57,clear,19.771,7.034,0.00,10.23,world
740.78,2026-09-02 14:03:19,-2.77,1.32,-39.27,103.8,grandpas_village,13.59,clear,19.771,7.034,0.00,10.23,world
741.28,2026-09-02 14:03:19,-2.77,1.32,-39.27,103.8,grandpas_village,13.61,clear,21.256,7.211,0.00,10.23,world
741.78,2026-09-02 14:03:20,-2.77,1.32,-39.27,103.8,grandpas_village,13.63,clear,21.256,7.211,0.00,10.23,world
742.28,2026-09-02 14:03:20,-2.77,1.32,-39.27,103.8,grandpas_village,13.65,clear,17.489,7.331,0.00,10.23,world
742.78,2026-09-02 14:03:21,-2.77,1.32,-39.27,103.8,grandpas_village,13.67,clear,17.489,7.331,0.00,10.23,world
743.28,2026-09-02 14:03:21,-2.77,1.32,-39.27,103.8,grandpas_village,13.69,clear,35.845,6.011,0.00,10.23,world
743.78,2026-09-02 14:03:22,-2.77,1.32,-39.27,103.8,grandpas_village,13.71,clear,35.845,6.011,0.00,10.23,world
744.28,2026-09-02 14:03:22,-2.77,1.32,-39.27,103.8,grandpas_village,13.73,clear,18.131,8.231,0.00,10.23,world
744.78,2026-09-02 14:03:23,-2.77,1.32,-39.27,103.8,grandpas_village,13.75,clear,18.131,8.231,0.00,10.23,world
745.28,2026-09-02 14:03:23,-2.77,1.32,-39.27,103.8,grandpas_village,13.77,clear,18.122,5.989,0.00,10.23,world
745.78,2026-09-02 14:03:24,-2.77,1.32,-39.27,103.8,grandpas_village,13.79,clear,18.122,5.989,0.00,10.23,world
746.28,2026-09-02 14:03:24,-2.77,1.32,-39.27,103.8,grandpas_village,13.81,clear,18.491,8.693,0.00,10.23,world
746.78,2026-09-02 14:03:25,-2.77,1.32,-39.27,103.8,grandpas_village,13.83,clear,18.491,8.693,0.00,10.23,world
747.33,2026-09-02 14:03:25,-2.77,1.32,-39.27,103.8,grandpas_village,13.85,clear,16.638,6.242,0.00,10.23,world
747.83,2026-09-02 14:03:26,-1.40,1.81,-39.22,91.4,grandpas_village,13.87,clear,16.638,6.242,0.00,9.06,world
748.33,2026-09-02 14:03:26,1.10,1.81,-39.28,91.4,grandpas_village,13.89,clear,19.076,9.343,0.00,7.21,world
748.83,2026-09-02 14:03:27,3.59,1.48,-39.34,91.4,grandpas_village,13.91,clear,19.076,9.343,0.00,5.86,world
749.33,2026-09-02 14:03:27,6.07,1.52,-39.40,91.4,grandpas_village,13.93,clear,17.602,5.919,0.00,5.40,world
749.83,2026-09-02 14:03:28,8.57,1.52,-39.45,91.5,grandpas_village,13.95,clear,17.602,5.919,0.00,6.03,world
750.33,2026-09-02 14:03:28,11.09,1.49,-39.51,91.5,grandpas_village,13.97,clear,17.476,6.143,0.00,7.50,world
750.83,2026-09-02 14:03:29,13.61,1.45,-39.57,91.5,grandpas_village,13.99,clear,17.476,6.143,0.00,5.66,world
751.33,2026-09-02 14:03:29,16.13,1.39,-39.63,91.5,grandpas_village,14.01,clear,16.995,6.619,0.00,4.03,world
751.83,2026-09-02 14:03:30,18.67,1.27,-39.69,91.5,grandpas_village,14.03,clear,16.995,6.619,0.00,3.63,world
752.33,2026-09-02 14:03:30,21.22,1.11,-39.76,91.6,grandpas_village,14.05,clear,18.360,6.528,0.00,4.81,world
752.83,2026-09-02 14:03:31,23.78,0.91,-39.83,91.6,grandpas_village,14.07,clear,18.360,6.528,0.00,4.72,world
753.47,2026-09-02 14:03:32,26.33,0.65,-39.90,91.6,grandpas_village,14.09,clear,17.420,6.629,0.00,4.12,world
753.97,2026-09-02 14:03:32,26.33,0.65,-39.90,91.6,grandpas_village,14.11,clear,17.420,6.629,0.00,4.12,world
754.47,2026-09-02 14:03:33,26.33,0.65,-39.90,91.6,grandpas_village,14.13,clear,17.453,7.356,0.00,4.12,world
754.97,2026-09-02 14:03:33,26.33,0.65,-39.90,91.6,grandpas_village,14.15,clear,17.453,7.356,0.00,4.12,world
755.47,2026-09-02 14:03:34,26.33,0.65,-39.90,91.6,grandpas_village,14.17,clear,19.436,20.339,0.00,4.12,world
755.97,2026-09-02 14:03:34,26.33,0.65,-39.90,91.6,grandpas_village,14.19,clear,19.436,20.339,0.00,4.12,world
756.47,2026-09-02 14:03:35,26.33,0.65,-39.90,91.6,grandpas_village,14.21,clear,21.801,6.722,0.00,4.12,world
757.02,2026-09-02 14:03:35,26.33,0.65,-39.90,91.6,grandpas_village,14.24,clear,21.801,6.722,0.00,4.12,world
757.55,2026-09-02 14:03:36,26.33,0.65,-39.90,91.6,grandpas_village,14.26,clear,19.532,18.232,0.00,4.12,world
758.13,2026-09-02 14:03:36,26.33,0.65,-39.90,91.6,grandpas_village,14.28,clear,15.733,7.825,0.00,4.12,world
758.72,2026-09-02 14:03:37,26.33,0.65,-39.90,91.6,grandpas_village,14.30,clear,15.733,7.825,0.00,4.12,world
759.30,2026-09-02 14:03:37,26.33,0.65,-39.90,91.6,grandpas_village,14.33,clear,18.121,7.349,0.00,4.12,world
759.88,2026-09-02 14:03:38,26.33,0.65,-39.90,91.6,grandpas_village,14.35,clear,18.121,7.349,0.00,4.12,world
760.47,2026-09-02 14:03:39,26.33,0.65,-39.90,91.6,grandpas_village,14.37,clear,17.008,7.112,0.00,4.12,world
761.05,2026-09-02 14:03:39,26.33,0.65,-39.90,91.6,grandpas_village,14.40,clear,17.008,7.112,0.00,4.12,world
761.73,2026-09-02 14:03:40,26.33,0.65,-39.90,91.6,grandpas_village,14.43,clear,21.772,10.299,0.00,4.12,world
762.32,2026-09-02 14:03:40,26.33,0.65,-39.90,91.6,grandpas_village,14.45,clear,21.868,6.862,0.00,4.12,world
762.87,2026-09-02 14:03:41,26.33,0.65,-39.90,91.6,grandpas_village,14.47,clear,21.868,6.862,0.00,4.12,world
763.47,2026-09-02 14:03:42,26.33,0.65,-39.90,91.6,grandpas_village,14.49,clear,17.729,8.106,0.00,4.12,world
764.05,2026-09-02 14:03:42,26.33,0.65,-39.90,91.6,grandpas_village,14.52,clear,17.729,8.106,0.00,4.12,world
764.65,2026-09-02 14:03:43,26.33,0.65,-39.90,91.6,grandpas_village,14.54,clear,18.678,18.726,0.00,4.12,world
765.20,2026-09-02 14:03:43,26.33,0.65,-39.90,91.6,grandpas_village,14.56,clear,17.079,7.958,0.00,4.12,world
765.85,2026-09-02 14:03:44,26.33,0.65,-39.90,91.6,grandpas_village,14.59,clear,17.079,7.958,0.00,4.12,world
766.42,2026-09-02 14:03:44,26.33,0.65,-39.90,91.6,grandpas_village,14.61,clear,18.949,7.589,0.00,4.12,world
767.00,2026-09-02 14:03:45,26.33,0.65,-39.90,91.6,grandpas_village,14.64,clear,18.949,7.589,0.00,4.12,world
767.58,2026-09-02 14:03:46,26.33,0.65,-39.90,91.6,grandpas_village,14.66,clear,15.593,6.950,0.00,4.12,world
768.17,2026-09-02 14:03:46,26.33,0.65,-39.90,91.6,grandpas_village,14.68,clear,15.593,6.950,0.00,4.12,world
768.75,2026-09-02 14:03:47,26.33,0.65,-39.90,91.6,grandpas_village,14.71,clear,16.685,8.021,0.00,4.12,world
769.33,2026-09-02 14:03:47,26.33,0.65,-39.90,91.6,grandpas_village,14.73,clear,20.492,8.601,0.00,4.12,world
769.83,2026-09-02 14:03:48,26.33,0.65,-39.90,91.6,grandpas_village,14.75,clear,20.492,8.601,0.00,4.12,world
770.33,2026-09-02 14:03:48,26.33,0.65,-39.90,91.6,grandpas_village,14.77,clear,20.126,23.155,0.00,4.12,world
770.83,2026-09-02 14:03:49,26.33,0.65,-39.90,91.6,grandpas_village,14.79,clear,20.126,23.155,0.00,4.12,world
771.33,2026-09-02 14:03:49,26.33,0.65,-39.90,91.6,grandpas_village,14.81,clear,19.472,16.266,0.00,4.12,world
771.83,2026-09-02 14:03:50,26.33,0.65,-39.90,91.6,grandpas_village,14.83,clear,19.472,16.266,0.00,4.12,world
772.33,2026-09-02 14:03:50,26.33,0.65,-39.90,91.6,grandpas_village,14.85,clear,20.562,7.375,0.00,4.12,world
772.83,2026-09-02 14:03:51,26.33,0.65,-39.90,91.6,grandpas_village,14.87,clear,20.562,7.375,0.00,4.12,world
773.33,2026-09-02 14:03:51,26.33,0.65,-39.90,91.6,grandpas_village,14.89,clear,21.200,6.073,0.00,4.12,world
773.83,2026-09-02 14:03:52,26.33,0.65,-39.90,91.6,grandpas_village,14.91,clear,21.200,6.073,0.00,4.12,world
774.33,2026-09-02 14:03:52,26.33,0.65,-39.90,91.6,grandpas_village,14.93,clear,16.464,6.346,0.00,4.12,world
774.83,2026-09-02 14:03:53,26.33,0.65,-39.90,91.6,grandpas_village,14.95,clear,16.464,6.346,0.00,4.12,world
775.33,2026-09-02 14:03:53,26.33,0.65,-39.90,91.6,grandpas_village,14.97,clear,16.889,6.290,0.00,4.12,world
775.83,2026-09-02 14:03:54,26.33,0.65,-39.90,91.6,grandpas_village,14.99,clear,16.889,6.290,0.00,4.12,world
776.33,2026-09-02 14:03:54,26.33,0.65,-39.90,91.6,grandpas_village,15.01,clear,16.903,5.915,0.00,4.12,world
776.83,2026-09-02 14:03:55,26.33,0.65,-39.90,91.6,grandpas_village,15.03,clear,16.903,5.915,0.00,4.12,world
777.33,2026-09-02 14:03:55,26.32,0.65,-39.90,102.1,grandpas_village,15.05,clear,17.519,6.098,0.00,4.12,world
777.83,2026-09-02 14:03:56,24.14,0.88,-39.90,-90.2,grandpas_village,15.07,clear,17.519,6.098,0.00,4.50,world
778.33,2026-09-02 14:03:56,21.73,1.08,-39.91,-90.2,grandpas_village,15.09,clear,18.011,5.976,0.00,4.90,world
778.83,2026-09-02 14:03:57,19.32,1.24,-39.91,-90.2,grandpas_village,15.11,clear,18.011,5.976,0.00,3.43,world
779.33,2026-09-02 14:03:57,16.88,1.38,-39.92,-90.2,grandpas_village,15.13,clear,18.610,6.747,0.00,3.35,world
779.83,2026-09-02 14:03:58,14.42,1.47,-39.92,-90.2,grandpas_village,15.15,clear,18.610,6.747,0.00,4.76,world
780.33,2026-09-02 14:03:58,11.94,1.53,-39.93,-90.2,grandpas_village,15.17,clear,18.100,6.047,0.00,6.82,world
780.83,2026-09-02 14:03:59,9.46,1.58,-39.93,-90.3,grandpas_village,15.19,clear,18.100,6.047,0.00,6.86,world
781.33,2026-09-02 14:03:59,6.96,1.60,-39.93,-90.3,grandpas_village,15.21,clear,15.500,6.280,0.00,6.01,world
781.83,2026-09-02 14:04:00,4.45,1.57,-39.94,-90.3,grandpas_village,15.23,clear,15.500,6.280,0.00,6.14,world
782.33,2026-09-02 14:04:00,1.81,1.79,-39.95,-90.4,grandpas_village,15.25,clear,16.621,6.012,0.00,7.28,world
782.83,2026-09-02 14:04:01,-0.46,1.81,-39.96,-90.4,grandpas_village,15.27,clear,16.621,6.012,0.00,8.79,world
783.33,2026-09-02 14:04:01,-2.97,1.56,-39.98,-90.4,grandpas_village,15.29,clear,17.042,5.940,0.00,10.78,world
783.83,2026-09-02 14:04:02,-3.00,1.36,-40.34,-132.4,grandpas_village,15.31,clear,17.042,5.940,0.00,11.01,world
784.33,2026-09-02 14:04:02,-2.99,1.53,-42.72,179.7,grandpas_village,15.33,clear,20.357,7.483,0.00,12.52,world
784.83,2026-09-02 14:04:03,-3.59,1.51,-43.40,-35.4,grandpas_village,15.35,clear,20.357,7.483,0.00,13.43,world
785.33,2026-09-02 14:04:03,-5.45,1.33,-43.49,-125.4,grandpas_village,15.37,clear,19.707,8.082,0.00,14.87,world
785.83,2026-09-02 14:04:04,-7.48,1.37,-44.92,-125.4,grandpas_village,15.39,clear,19.707,8.082,0.00,17.35,world
786.33,2026-09-02 14:04:04,-8.87,1.48,-45.61,0.7,grandpas_village,15.41,clear,20.427,6.250,0.00,18.86,world
786.83,2026-09-02 14:04:05,-9.13,1.24,-43.78,-62.9,grandpas_village,15.43,clear,20.427,6.250,0.00,17.71,world
787.33,2026-09-02 14:04:05,-11.35,1.24,-42.64,-62.9,grandpas_village,15.45,clear,16.275,5.009,0.00,18.38,world
787.83,2026-09-02 14:04:06,-13.57,1.24,-41.50,-62.9,grandpas_village,15.47,clear,16.275,5.009,0.00,19.36,world
788.33,2026-09-02 14:04:06,-15.05,1.18,-40.49,52.6,grandpas_village,15.49,clear,20.178,31.558,0.00,20.02,world
788.83,2026-09-02 14:04:07,-13.48,1.22,-41.32,177.0,grandpas_village,15.51,clear,20.178,31.558,0.00,19.18,world
789.33,2026-09-02 14:04:07,-13.35,1.45,-43.70,177.0,grandpas_village,15.53,clear,18.042,5.653,0.00,20.57,world
789.83,2026-09-02 14:04:08,-11.50,1.29,-43.12,60.4,grandpas_village,15.55,clear,18.042,5.653,0.00,18.83,world
790.33,2026-09-02 14:04:08,-9.28,1.11,-41.86,60.4,grandpas_village,15.57,clear,16.917,30.094,0.00,16.36,world
790.93,2026-09-02 14:04:09,-7.52,1.10,-40.86,60.5,grandpas_village,15.59,clear,16.917,30.094,0.00,14.44,panel:@CanvasLayer@73610
791.43,2026-09-02 14:04:10,-7.52,1.10,-40.86,60.5,grandpas_village,15.61,clear,16.187,175.823,0.00,14.44,panel:@CanvasLayer@73610
791.93,2026-09-02 14:04:10,-7.52,1.10,-40.86,60.5,grandpas_village,15.63,clear,16.187,175.823,0.00,14.44,panel:@CanvasLayer@73610
792.43,2026-09-02 14:04:11,-7.52,1.10,-40.86,60.5,grandpas_village,15.65,clear,2.484,3.529,0.00,14.44,panel:@CanvasLayer@73610
792.93,2026-09-02 14:04:11,-7.52,1.10,-40.86,60.5,grandpas_village,15.67,clear,2.484,3.529,0.00,14.44,panel:@CanvasLayer@73610
793.43,2026-09-02 14:04:12,-7.52,1.10,-40.86,60.5,grandpas_village,15.69,clear,2.820,2.727,0.00,14.44,panel:@CanvasLayer@73610
793.93,2026-09-02 14:04:12,-7.52,1.10,-40.86,60.5,grandpas_village,15.71,clear,2.820,2.727,0.00,14.44,panel:@CanvasLayer@73610
794.43,2026-09-02 14:04:13,-7.52,1.10,-40.86,60.5,grandpas_village,15.73,clear,2.668,3.128,0.00,14.44,panel:@CanvasLayer@73610
794.93,2026-09-02 14:04:13,-7.52,1.10,-40.86,60.5,grandpas_village,15.75,clear,2.668,3.128,0.00,14.44,panel:@CanvasLayer@73610
795.43,2026-09-02 14:04:14,-7.52,1.10,-40.86,60.5,grandpas_village,15.77,clear,2.431,2.772,0.00,14.44,panel:@CanvasLayer@73610
795.93,2026-09-02 14:04:14,-7.52,1.10,-40.86,60.5,grandpas_village,15.79,clear,2.431,2.772,0.00,14.44,panel:@CanvasLayer@73610
796.43,2026-09-02 14:04:15,-7.52,1.10,-40.86,60.5,grandpas_village,15.81,clear,2.819,3.333,0.00,14.44,panel:@CanvasLayer@73610
796.93,2026-09-02 14:04:15,-7.52,1.10,-40.86,60.5,grandpas_village,15.83,clear,2.819,3.333,0.00,14.44,panel:@CanvasLayer@73610
797.43,2026-09-02 14:04:16,-7.52,1.10,-40.86,60.5,grandpas_village,15.85,clear,2.671,2.949,0.00,14.44,panel:@CanvasLayer@73610
797.93,2026-09-02 14:04:16,-7.52,1.10,-40.86,60.5,grandpas_village,15.87,clear,2.671,2.949,0.00,14.44,panel:@CanvasLayer@73610
798.43,2026-09-02 14:04:17,-7.52,1.10,-40.86,60.5,grandpas_village,15.89,clear,2.852,4.091,0.00,14.44,panel:@CanvasLayer@73610
798.93,2026-09-02 14:04:17,-7.52,1.10,-40.86,60.5,grandpas_village,15.91,clear,2.852,4.091,0.00,14.44,panel:@CanvasLayer@73610
799.43,2026-09-02 14:04:18,-7.52,1.10,-40.86,60.5,grandpas_village,15.93,clear,2.678,3.665,0.00,14.44,panel:@CanvasLayer@73610
799.93,2026-09-02 14:04:18,-7.52,1.10,-40.86,60.5,grandpas_village,15.95,clear,2.678,3.665,0.00,14.44,panel:@CanvasLayer@73610
800.43,2026-09-02 14:04:19,-7.52,1.10,-40.86,60.5,grandpas_village,15.97,clear,3.050,2.926,0.00,14.44,panel:@CanvasLayer@73610
800.93,2026-09-02 14:04:19,-7.52,1.10,-40.86,60.5,grandpas_village,15.99,clear,3.050,2.926,0.00,14.44,panel:@CanvasLayer@73610
801.43,2026-09-02 14:04:20,-7.52,1.10,-40.86,60.5,grandpas_village,16.01,clear,73.258,5.963,0.00,14.44,menu_backpack
801.93,2026-09-02 14:04:20,-7.43,1.11,-40.81,60.5,grandpas_village,16.03,clear,73.258,5.963,0.00,14.35,menu_backpack
802.47,2026-09-02 14:04:21,-7.43,1.11,-40.81,60.5,grandpas_village,16.05,clear,116.289,6.245,0.00,14.35,world
803.02,2026-09-02 14:04:21,-7.43,1.11,-40.81,60.5,grandpas_village,16.08,clear,116.289,6.245,0.00,14.35,menu_backpack
803.67,2026-09-02 14:04:22,-7.43,1.11,-40.81,60.5,grandpas_village,16.10,clear,121.811,7.327,0.00,14.35,menu_backpack
804.18,2026-09-02 14:04:22,-7.43,1.11,-40.81,60.5,grandpas_village,16.12,clear,153.917,6.300,0.00,14.35,menu_backpack
804.75,2026-09-02 14:04:23,-7.43,1.11,-40.81,60.5,grandpas_village,16.15,clear,153.917,6.300,0.00,14.35,menu_backpack
805.27,2026-09-02 14:04:23,-7.43,1.11,-40.81,60.5,grandpas_village,16.17,clear,118.356,6.270,0.00,14.35,menu_map
805.78,2026-09-02 14:04:24,-7.43,1.11,-40.81,60.5,grandpas_village,16.19,clear,118.356,6.270,0.00,14.35,world
806.28,2026-09-02 14:04:24,-7.43,1.11,-40.81,60.5,grandpas_village,16.21,clear,162.154,7.947,0.00,14.35,menu_build
806.78,2026-09-02 14:04:25,-7.43,1.11,-40.81,60.5,grandpas_village,16.23,clear,162.154,7.947,0.00,14.35,menu_save
807.43,2026-09-02 14:04:26,-7.43,1.11,-40.81,60.5,grandpas_village,16.25,clear,102.584,5.126,0.00,14.35,menu_save
807.93,2026-09-02 14:04:26,-7.43,1.11,-40.81,60.5,grandpas_village,16.27,clear,102.584,5.126,0.00,14.35,menu_save
808.43,2026-09-02 14:04:27,-7.43,1.11,-40.81,60.5,grandpas_village,16.29,clear,23.642,6.125,0.00,14.35,menu_save
808.93,2026-09-02 14:04:27,-7.43,1.11,-40.81,60.5,grandpas_village,16.31,clear,23.642,6.125,0.00,14.35,menu_save
809.43,2026-09-02 14:04:28,-7.43,1.11,-40.81,60.5,grandpas_village,16.33,clear,35.652,4.128,0.00,14.35,world
