t,wall,x,y,z,heading,region,clock_hour,weather,frame_ms,physics_ms,dead_travel_m,nearest_poi_dist_m,input_context
0.72,2026-08-31 05:07:17,0.00,0.00,0.00,0.0,grandpas_village,0.00,,0.241,3.129,0.00,,title
0.87,2026-08-31 05:07:17,0.00,0.00,0.00,0.0,grandpas_village,0.00,,0.241,3.129,0.00,,title
1.62,2026-08-31 05:13:07,-151.58,-1.91,4210.81,-176.9,the_long_water,8.02,clear,19.277,20.191,0.00,18.62,world
2.12,2026-08-31 05:13:07,-151.58,-1.91,4210.81,-176.9,the_long_water,8.04,clear,19.940,422.322,0.00,18.62,world
2.62,2026-08-31 05:13:08,-151.58,-1.91,4210.81,-176.9,the_long_water,8.06,clear,19.431,6.335,0.00,18.62,world
3.12,2026-08-31 05:13:08,-151.58,-1.91,4210.81,-176.9,the_long_water,8.08,clear,19.431,6.335,0.00,18.62,world
3.62,2026-08-31 05:13:09,-151.58,-1.91,4210.81,-176.9,the_long_water,8.10,clear,21.481,6.182,0.00,18.62,world
4.13,2026-08-31 05:13:09,-151.58,-1.91,4210.81,-176.9,the_long_water,8.12,clear,21.481,6.182,0.00,18.71,world
4.63,2026-08-31 05:13:10,-151.58,-1.91,4210.81,-176.9,the_long_water,8.14,clear,20.180,7.141,0.00,19.38,world
5.13,2026-08-31 05:13:10,-151.58,-1.91,4210.81,-176.9,the_long_water,8.16,clear,20.180,7.141,0.00,19.63,world
5.63,2026-08-31 05:13:11,-151.58,-1.91,4210.81,-176.9,the_long_water,8.18,clear,19.361,8.014,0.00,19.63,world
6.13,2026-08-31 05:13:11,-151.58,-1.91,4210.81,-176.9,the_long_water,8.20,clear,19.361,8.014,0.00,19.63,world
6.63,2026-08-31 05:13:12,-151.58,-1.91,4210.81,-176.9,the_long_water,8.22,clear,20.047,6.765,0.00,19.63,world
7.13,2026-08-31 05:13:12,-151.58,-1.91,4210.81,-176.9,the_long_water,8.24,clear,20.047,6.765,0.00,19.63,world
7.63,2026-08-31 05:13:13,-151.58,-1.91,4210.81,-176.9,the_long_water,8.26,clear,20.375,7.670,0.00,19.63,world
8.13,2026-08-31 05:13:13,-151.58,-1.91,4210.81,-176.9,the_long_water,8.28,clear,20.375,7.670,0.00,19.63,world
8.63,2026-08-31 05:13:14,-151.58,-1.91,4210.81,-176.9,the_long_water,8.30,clear,19.573,7.403,0.00,19.63,world
9.13,2026-08-31 05:13:14,-151.58,-1.91,4210.81,-176.9,the_long_water,8.32,clear,19.573,7.403,0.00,19.74,world
9.63,2026-08-31 05:13:15,-151.58,-1.91,4210.81,-176.9,the_long_water,8.34,clear,20.280,7.480,0.00,19.92,world
10.13,2026-08-31 05:13:15,-151.58,-1.91,4210.81,-176.9,the_long_water,8.36,clear,20.280,7.480,0.00,20.11,world
10.63,2026-08-31 05:13:16,-151.58,-1.91,4210.81,-176.9,the_long_water,8.38,clear,19.383,7.312,0.00,20.32,world
11.13,2026-08-31 05:13:16,-151.58,-1.91,4210.81,-176.9,the_long_water,8.40,clear,19.383,7.312,0.00,20.54,world
11.63,2026-08-31 05:13:17,-151.58,-1.91,4210.81,-176.9,the_long_water,8.42,clear,25.056,9.387,0.00,20.80,world
12.13,2026-08-31 05:13:17,-151.58,-1.91,4210.81,-176.9,the_long_water,8.44,clear,25.056,9.387,0.00,21.06,world
12.63,2026-08-31 05:13:18,-151.58,-1.91,4210.81,-176.9,the_long_water,8.46,clear,19.302,10.179,0.00,21.33,world
13.13,2026-08-31 05:13:18,-151.58,-1.91,4210.81,-176.9,the_long_water,8.48,clear,19.302,10.179,0.00,21.38,world
13.63,2026-08-31 05:13:19,-151.58,-1.91,4210.81,-176.9,the_long_water,8.50,clear,20.170,7.490,0.00,21.38,world
14.13,2026-08-31 05:13:19,-151.58,-1.91,4210.81,-176.9,the_long_water,8.52,clear,20.170,7.490,0.00,21.38,world
14.63,2026-08-31 05:13:20,-151.58,-1.91,4210.81,-176.9,the_long_water,8.54,clear,19.966,8.001,0.00,21.38,world
15.13,2026-08-31 05:13:20,-151.58,-1.91,4210.81,-176.9,the_long_water,8.56,clear,19.966,8.001,0.00,21.38,world
15.63,2026-08-31 05:13:21,-151.58,-1.91,4210.81,-176.9,the_long_water,8.58,clear,19.602,7.436,0.00,21.08,world
16.13,2026-08-31 05:13:21,-151.58,-1.91,4210.81,-176.9,the_long_water,8.60,clear,19.602,7.436,0.00,20.36,world
16.63,2026-08-31 05:13:22,-151.58,-1.91,4210.81,-176.9,the_long_water,8.62,clear,19.845,7.438,0.00,19.69,world
17.13,2026-08-31 05:13:22,-151.58,-1.91,4210.81,-176.9,the_long_water,8.64,clear,19.845,7.438,0.00,19.02,world
17.63,2026-08-31 05:13:23,-151.58,-1.91,4210.81,-176.9,the_long_water,8.66,clear,20.336,7.897,0.00,18.41,world
18.13,2026-08-31 05:13:23,-151.58,-1.91,4210.81,-176.9,the_long_water,8.68,clear,20.336,7.897,0.00,17.87,world
18.63,2026-08-31 05:13:24,-151.58,-1.91,4210.81,-176.9,the_long_water,8.70,clear,19.766,7.910,0.00,17.44,world
19.13,2026-08-31 05:13:24,-151.58,-1.91,4210.81,-176.9,the_long_water,8.72,clear,19.766,7.910,0.00,17.02,world
19.63,2026-08-31 05:13:25,-151.58,-1.91,4210.81,-176.9,the_long_water,8.74,clear,19.890,7.387,0.00,16.60,world
20.13,2026-08-31 05:13:25,-151.58,-1.91,4210.81,-176.9,the_long_water,8.76,clear,19.890,7.387,0.00,16.22,world
20.63,2026-08-31 05:13:26,-151.58,-1.91,4210.81,-176.9,the_long_water,8.78,clear,21.015,8.372,0.00,15.89,world
21.13,2026-08-31 05:13:26,-151.58,-1.91,4210.81,-176.9,the_long_water,8.80,clear,21.015,8.372,0.00,15.89,world
21.63,2026-08-31 05:13:27,-151.58,-1.91,4210.81,-176.9,the_long_water,8.82,clear,23.705,8.224,0.00,15.89,world
22.13,2026-08-31 05:13:27,-151.58,-1.91,4210.81,-176.9,the_long_water,8.84,clear,23.705,8.224,0.00,15.89,world
22.63,2026-08-31 05:13:28,-151.58,-1.91,4210.81,-176.9,the_long_water,8.86,clear,20.282,7.972,0.00,15.89,world
23.13,2026-08-31 05:13:28,-151.58,-1.91,4210.81,-176.9,the_long_water,8.88,clear,20.282,7.972,0.00,15.89,world
23.63,2026-08-31 05:13:29,-151.58,-1.91,4210.81,-176.9,the_long_water,8.90,clear,19.508,7.767,0.00,15.89,world
24.13,2026-08-31 05:13:29,-151.58,-1.91,4210.81,-176.9,the_long_water,8.92,clear,19.508,7.767,0.00,16.15,world
24.63,2026-08-31 05:13:30,-151.58,-1.91,4210.81,-176.9,the_long_water,8.94,clear,19.366,8.610,0.00,16.97,world
25.13,2026-08-31 05:13:30,-151.58,-1.91,4210.81,-176.9,the_long_water,8.96,clear,19.366,8.610,0.00,17.80,world
25.63,2026-08-31 05:13:31,-151.58,-1.91,4210.81,-176.9,the_long_water,8.98,clear,19.325,8.727,0.00,18.38,world
26.13,2026-08-31 05:13:31,-151.58,-1.91,4210.81,-176.9,the_long_water,9.00,clear,19.325,8.727,0.00,18.63,world
26.63,2026-08-31 05:13:32,-151.58,-1.91,4210.81,-176.9,the_long_water,9.02,clear,19.191,7.731,0.00,18.91,world
27.13,2026-08-31 05:13:32,-151.58,-1.91,4210.81,-176.9,the_long_water,9.04,clear,19.191,7.731,0.00,19.01,world
27.63,2026-08-31 05:13:33,-151.58,-1.91,4210.81,-176.9,the_long_water,9.06,clear,19.195,7.752,0.00,19.01,world
28.13,2026-08-31 05:13:33,-151.58,-1.91,4210.81,-176.9,the_long_water,9.08,clear,19.195,7.752,0.00,19.01,world
28.63,2026-08-31 05:13:34,-151.58,-1.91,4210.81,-176.9,the_long_water,9.10,clear,20.398,6.823,0.00,19.00,world
29.13,2026-08-31 05:13:34,-151.58,-1.91,4210.81,-176.9,the_long_water,9.12,clear,20.398,6.823,0.00,19.04,world
29.63,2026-08-31 05:13:35,-151.58,-1.91,4210.81,-176.9,the_long_water,9.14,clear,19.676,7.518,0.00,19.10,world
30.13,2026-08-31 05:13:35,-151.58,-1.91,4210.81,-176.9,the_long_water,9.16,clear,19.676,7.518,0.00,19.17,world
30.63,2026-08-31 05:13:36,-151.58,-1.91,4210.81,-176.9,the_long_water,9.18,clear,19.323,7.442,0.00,19.27,world
31.13,2026-08-31 05:13:36,-151.58,-1.91,4210.81,-176.9,the_long_water,9.20,clear,19.323,7.442,0.00,19.39,world
31.63,2026-08-31 05:13:37,-151.58,-1.91,4210.81,-176.9,the_long_water,9.22,clear,19.199,8.371,0.00,19.62,world
32.13,2026-08-31 05:13:37,-151.58,-1.91,4210.81,-176.9,the_long_water,9.24,clear,19.199,8.371,0.00,20.04,world
32.63,2026-08-31 05:13:38,-151.58,-1.91,4210.81,-176.9,the_long_water,9.26,clear,19.796,12.518,0.00,20.52,world
33.13,2026-08-31 05:13:38,-151.58,-1.91,4210.81,-176.9,the_long_water,9.28,clear,19.796,12.518,0.00,20.94,world
33.63,2026-08-31 05:13:39,-151.58,-1.91,4210.81,-176.9,the_long_water,9.30,clear,23.553,10.142,0.00,21.18,world
34.13,2026-08-31 05:13:39,-151.58,-1.91,4210.81,-176.9,the_long_water,9.32,clear,23.553,10.142,0.00,21.18,world
34.63,2026-08-31 05:13:40,-151.58,-1.91,4210.81,-176.9,the_long_water,9.34,clear,32.486,7.009,0.00,20.61,world
35.13,2026-08-31 05:13:40,-151.58,-1.91,4210.81,-176.9,the_long_water,9.36,clear,32.486,7.009,0.00,19.89,world
35.63,2026-08-31 05:13:41,-151.58,-1.91,4210.81,-176.9,the_long_water,9.38,clear,22.748,8.699,0.00,19.21,world
36.13,2026-08-31 05:13:41,-151.58,-1.91,4210.81,-176.9,the_long_water,9.40,clear,22.748,8.699,0.00,18.51,world
36.63,2026-08-31 05:13:42,-151.58,-1.91,4210.81,-176.9,the_long_water,9.42,clear,24.650,8.541,0.00,17.98,world
37.13,2026-08-31 05:13:42,-151.58,-1.91,4210.81,-176.9,the_long_water,9.44,clear,24.650,8.541,0.00,17.55,world
37.63,2026-08-31 05:13:43,-151.58,-1.91,4210.81,-176.9,the_long_water,9.46,clear,23.532,9.371,0.00,17.11,world
38.13,2026-08-31 05:13:43,-151.58,-1.91,4210.81,-176.9,the_long_water,9.48,clear,23.532,9.371,0.00,16.68,world
38.63,2026-08-31 05:13:44,-151.58,-1.91,4210.81,-176.9,the_long_water,9.50,clear,19.899,24.465,0.00,16.42,world
39.13,2026-08-31 05:13:44,-151.58,-1.91,4210.81,-176.9,the_long_water,9.52,clear,19.899,24.465,0.00,16.42,world
39.63,2026-08-31 05:13:45,-151.58,-1.91,4210.81,-176.9,the_long_water,9.54,clear,25.448,9.344,0.00,16.42,world
40.13,2026-08-31 05:13:45,-151.58,-1.91,4210.81,-176.9,the_long_water,9.56,clear,25.448,9.344,0.00,16.42,world
40.63,2026-08-31 05:13:46,-151.58,-1.91,4210.81,-176.9,the_long_water,9.58,clear,20.622,9.638,0.00,16.42,world
41.13,2026-08-31 05:13:46,-151.58,-1.91,4210.81,-176.9,the_long_water,9.60,clear,20.622,9.638,0.00,16.42,world
41.63,2026-08-31 05:13:47,-151.58,-1.91,4210.81,-176.9,the_long_water,9.62,clear,20.154,8.442,0.00,16.42,world
42.13,2026-08-31 05:13:47,-151.58,-1.91,4210.81,-176.9,the_long_water,9.64,clear,20.154,8.442,0.00,16.46,world
42.63,2026-08-31 05:13:48,-151.58,-1.91,4210.81,-176.9,the_long_water,9.66,clear,20.368,8.660,0.00,16.55,world
43.13,2026-08-31 05:13:48,-151.58,-1.91,4210.81,-176.9,the_long_water,9.68,clear,20.368,8.660,0.00,16.55,world
43.63,2026-08-31 05:13:49,-151.58,-1.91,4210.81,-176.9,the_long_water,9.70,clear,20.449,8.655,0.00,16.55,world
44.13,2026-08-31 05:13:49,-151.58,-1.91,4210.81,-176.9,the_long_water,9.72,clear,20.449,8.655,0.00,16.55,world
44.63,2026-08-31 05:13:50,-151.58,-1.91,4210.81,-176.9,the_long_water,9.74,clear,19.524,7.886,0.00,16.51,world
45.13,2026-08-31 05:13:50,-151.58,-1.91,4210.81,-176.9,the_long_water,9.76,clear,19.524,7.886,0.00,16.31,world
45.63,2026-08-31 05:13:51,-151.58,-1.91,4210.81,-176.9,the_long_water,9.78,clear,19.565,8.176,0.00,16.12,world
46.13,2026-08-31 05:13:51,-151.58,-1.91,4210.81,-176.9,the_long_water,9.80,clear,19.565,8.176,0.00,15.96,world
46.63,2026-08-31 05:13:52,-151.58,-1.91,4210.81,-176.9,the_long_water,9.82,clear,20.248,8.505,0.00,15.80,world
47.13,2026-08-31 05:13:52,-151.58,-1.91,4210.81,-176.9,the_long_water,9.84,clear,20.248,8.505,0.00,15.66,world
47.63,2026-08-31 05:13:53,-151.58,-1.91,4210.81,-176.9,the_long_water,9.86,clear,19.474,8.181,0.00,15.56,world
48.13,2026-08-31 05:13:53,-151.58,-1.91,4210.81,-176.9,the_long_water,9.88,clear,19.474,8.181,0.00,15.48,world
48.63,2026-08-31 05:13:54,-151.58,-1.91,4210.81,-176.9,the_long_water,9.90,clear,20.578,8.947,0.00,15.42,world
49.13,2026-08-31 05:13:54,-151.58,-1.91,4210.81,-176.9,the_long_water,9.92,clear,20.578,8.947,0.00,15.41,world
49.63,2026-08-31 05:13:55,-151.58,-1.91,4210.81,-176.9,the_long_water,9.94,clear,19.475,7.705,0.00,15.42,world
50.13,2026-08-31 05:13:55,-151.58,-1.91,4210.81,-176.9,the_long_water,9.96,clear,19.475,7.705,0.00,15.42,world
50.63,2026-08-31 05:13:56,-151.58,-1.91,4210.81,-176.9,the_long_water,9.98,clear,20.168,7.551,0.00,15.42,world
51.13,2026-08-31 05:13:56,-151.58,-1.91,4210.81,-176.9,the_long_water,10.00,clear,20.168,7.551,0.00,15.42,world
51.63,2026-08-31 05:13:57,-151.58,-1.91,4210.81,-176.9,the_long_water,10.02,clear,19.660,7.263,0.00,15.42,world
52.13,2026-08-31 05:13:57,-151.58,-1.91,4210.81,-176.9,the_long_water,10.04,clear,19.660,7.263,0.00,15.42,world
52.63,2026-08-31 05:13:58,-151.58,-1.91,4210.81,-176.9,the_long_water,10.06,clear,19.337,7.138,0.00,15.42,world
53.13,2026-08-31 05:13:58,-151.58,-1.91,4210.81,-176.9,the_long_water,10.08,clear,19.337,7.138,0.00,15.53,world
53.63,2026-08-31 05:13:59,-151.58,-1.91,4210.81,-176.9,the_long_water,10.10,clear,18.908,6.795,0.00,15.72,world
54.13,2026-08-31 05:13:59,-151.58,-1.91,4210.81,-176.9,the_long_water,10.12,clear,18.908,6.795,0.00,15.97,world
54.63,2026-08-31 05:14:00,-151.58,-1.91,4210.81,-176.9,the_long_water,10.14,clear,19.597,6.727,0.00,16.25,world
55.13,2026-08-31 05:14:00,-151.58,-1.91,4210.81,-176.9,the_long_water,10.16,clear,19.597,6.727,0.00,16.59,world
55.63,2026-08-31 05:14:01,-151.58,-1.91,4210.81,-176.9,the_long_water,10.18,clear,19.686,10.511,0.00,16.96,world
56.13,2026-08-31 05:14:01,-151.58,-1.91,4210.81,-176.9,the_long_water,10.20,clear,19.686,10.511,0.00,17.35,world
56.63,2026-08-31 05:14:02,-151.58,-1.91,4210.81,-176.9,the_long_water,10.22,clear,18.943,7.741,0.00,17.56,world
57.13,2026-08-31 05:14:02,-151.58,-1.91,4210.81,-176.9,the_long_water,10.24,clear,18.943,7.741,0.00,17.56,world
57.63,2026-08-31 05:14:03,-151.58,-1.91,4210.81,-176.9,the_long_water,10.26,clear,19.200,6.871,0.00,17.56,world
58.13,2026-08-31 05:14:03,-151.58,-1.91,4210.81,-176.9,the_long_water,10.28,clear,19.200,6.871,0.00,17.56,world
58.63,2026-08-31 05:14:04,-151.58,-1.91,4210.81,-176.9,the_long_water,10.30,clear,18.873,7.052,0.00,17.56,world
59.13,2026-08-31 05:14:04,-151.58,-1.91,4210.81,-176.9,the_long_water,10.32,clear,18.873,7.052,0.00,17.56,world
59.63,2026-08-31 05:14:05,-151.58,-1.91,4210.81,-176.9,the_long_water,10.34,clear,18.781,6.967,0.00,18.11,world
60.13,2026-08-31 05:14:05,-151.58,-1.91,4210.81,-176.9,the_long_water,10.36,clear,18.781,6.967,0.00,18.84,world
60.63,2026-08-31 05:14:06,-151.58,-1.91,4210.81,-176.9,the_long_water,10.38,clear,19.563,8.564,0.00,19.35,world
61.13,2026-08-31 05:14:06,-151.58,-1.91,4210.81,-176.9,the_long_water,10.40,clear,19.563,8.564,0.00,19.35,world
61.63,2026-08-31 05:14:07,-151.58,-1.91,4210.81,-176.9,the_long_water,10.42,clear,18.500,7.098,0.00,19.35,world
62.13,2026-08-31 05:14:07,-151.58,-1.91,4210.81,-176.9,the_long_water,10.44,clear,18.500,7.098,0.00,19.35,world
62.63,2026-08-31 05:14:08,-151.58,-1.91,4210.81,-176.9,the_long_water,10.46,clear,19.086,6.749,0.00,19.68,world
63.13,2026-08-31 05:14:08,-151.58,-1.91,4210.81,-176.9,the_long_water,10.48,clear,19.086,6.749,0.00,20.08,world
63.63,2026-08-31 05:14:09,-151.58,-1.91,4210.81,-176.9,the_long_water,10.50,clear,19.273,7.157,0.00,20.50,world
64.13,2026-08-31 05:14:09,-151.58,-1.91,4210.81,-176.9,the_long_water,10.52,clear,19.273,7.157,0.00,20.92,world
64.63,2026-08-31 05:14:10,-151.58,-1.91,4210.81,-176.9,the_long_water,10.54,clear,19.487,7.340,0.00,21.34,world
65.13,2026-08-31 05:14:10,-151.58,-1.91,4210.81,-176.9,the_long_water,10.56,clear,19.487,7.340,0.00,21.76,world
65.63,2026-08-31 05:14:11,-151.58,-1.91,4210.81,-176.9,the_long_water,10.58,clear,18.741,6.880,0.00,21.43,world
66.13,2026-08-31 05:14:11,-151.58,-1.91,4210.81,-176.9,the_long_water,10.60,clear,18.741,6.880,0.00,20.77,world
66.63,2026-08-31 05:14:12,-151.58,-1.91,4210.81,-176.9,the_long_water,10.62,clear,19.864,7.055,0.00,20.13,world
67.13,2026-08-31 05:14:12,-151.58,-1.91,4210.81,-176.9,the_long_water,10.64,clear,19.864,7.055,0.00,20.13,world
67.63,2026-08-31 05:14:13,-151.58,-1.91,4210.81,-176.9,the_long_water,10.66,clear,19.014,6.972,0.00,20.13,world
68.13,2026-08-31 05:14:13,-151.58,-1.91,4210.81,-176.9,the_long_water,10.68,clear,19.014,6.972,0.00,20.13,world
68.63,2026-08-31 05:14:14,-151.58,-1.91,4210.81,-176.9,the_long_water,10.70,clear,18.632,7.468,0.00,20.13,world
69.13,2026-08-31 05:14:14,-151.58,-1.91,4210.81,-176.9,the_long_water,10.72,clear,18.632,7.468,0.00,20.13,world
69.63,2026-08-31 05:14:15,-151.58,-1.91,4210.81,-176.9,the_long_water,10.74,clear,18.723,6.352,0.00,20.13,world
70.13,2026-08-31 05:14:15,-151.58,-1.91,4210.81,-176.9,the_long_water,10.76,clear,18.723,6.352,0.00,20.12,world
70.63,2026-08-31 05:14:16,-151.58,-1.91,4210.81,-176.9,the_long_water,10.78,clear,19.770,6.897,0.00,19.69,world
71.13,2026-08-31 05:14:16,-151.58,-1.91,4210.81,-176.9,the_long_water,10.80,clear,19.770,6.897,0.00,19.30,world
71.63,2026-08-31 05:14:17,-151.58,-1.91,4210.81,-176.9,the_long_water,10.82,clear,18.982,7.288,0.00,18.96,world
72.13,2026-08-31 05:14:17,-151.58,-1.91,4210.81,-176.9,the_long_water,10.84,clear,18.982,7.288,0.00,18.88,world
72.63,2026-08-31 05:14:18,-151.58,-1.91,4210.81,-176.9,the_long_water,10.86,clear,19.966,10.688,0.00,18.88,world
73.13,2026-08-31 05:14:18,-151.58,-1.91,4210.81,-176.9,the_long_water,10.88,clear,19.966,10.688,0.00,18.86,world
73.63,2026-08-31 05:14:19,-151.58,-1.91,4210.81,-176.9,the_long_water,10.90,clear,18.580,7.888,0.00,18.38,world
74.13,2026-08-31 05:14:19,-151.58,-1.91,4210.81,-176.9,the_long_water,10.92,clear,18.580,7.888,0.00,17.90,world
74.63,2026-08-31 05:14:20,-151.58,-1.91,4210.81,-176.9,the_long_water,10.94,clear,17.812,6.569,0.00,17.44,world
75.13,2026-08-31 05:14:20,-151.58,-1.91,4210.81,-176.9,the_long_water,10.96,clear,17.812,6.569,0.00,17.17,world
75.63,2026-08-31 05:14:21,-151.58,-1.91,4210.81,-176.9,the_long_water,10.98,clear,18.512,8.159,0.00,16.89,world
76.13,2026-08-31 05:14:21,-151.58,-1.91,4210.81,-176.9,the_long_water,11.00,clear,18.512,8.159,0.00,16.62,world
76.63,2026-08-31 05:14:22,-151.58,-1.91,4210.81,-176.9,the_long_water,11.02,clear,18.949,6.991,0.00,16.39,world
77.13,2026-08-31 05:14:22,-151.58,-1.91,4210.81,-176.9,the_long_water,11.04,clear,18.949,6.991,0.00,16.21,world
77.63,2026-08-31 05:14:23,-151.58,-1.91,4210.81,-176.9,the_long_water,11.06,clear,21.418,6.868,0.00,16.21,world
78.13,2026-08-31 05:14:23,-151.58,-1.91,4210.81,-176.9,the_long_water,11.08,clear,21.418,6.868,0.00,16.21,world
78.63,2026-08-31 05:14:24,-151.58,-1.91,4210.81,-176.9,the_long_water,11.10,clear,18.263,6.753,0.00,16.21,world
79.13,2026-08-31 05:14:24,-151.58,-1.91,4210.81,-176.9,the_long_water,11.12,clear,18.263,6.753,0.00,16.21,world
79.63,2026-08-31 05:14:25,-151.58,-1.91,4210.81,-176.9,the_long_water,11.14,clear,21.965,7.805,0.00,16.21,world
80.13,2026-08-31 05:14:25,-151.58,-1.91,4210.81,-176.9,the_long_water,11.16,clear,21.965,7.805,0.00,16.92,world
80.63,2026-08-31 05:14:26,-151.58,-1.91,4210.81,-176.9,the_long_water,11.18,clear,25.258,18.570,0.00,17.66,world
81.13,2026-08-31 05:14:26,-151.58,-1.91,4210.81,-176.9,the_long_water,11.20,clear,25.258,18.570,0.00,18.42,world
81.63,2026-08-31 05:14:27,-151.58,-1.91,4210.81,-176.9,the_long_water,11.22,clear,19.130,7.785,0.00,18.71,world
82.13,2026-08-31 05:14:27,-151.58,-1.91,4210.81,-176.9,the_long_water,11.24,clear,19.130,7.785,0.00,18.71,world
82.63,2026-08-31 05:14:28,-151.58,-1.91,4210.81,-176.9,the_long_water,11.26,clear,18.757,7.148,0.00,18.71,world
83.13,2026-08-31 05:14:28,-151.58,-1.91,4210.81,-176.9,the_long_water,11.28,clear,18.757,7.148,0.00,18.71,world
83.63,2026-08-31 05:14:29,-151.58,-1.91,4210.81,-176.9,the_long_water,11.30,clear,21.551,8.841,0.00,18.71,world
84.13,2026-08-31 05:14:29,-151.58,-1.91,4210.81,-176.9,the_long_water,11.32,clear,21.551,8.841,0.00,18.58,world
84.63,2026-08-31 05:14:30,-151.58,-1.91,4210.81,-176.9,the_long_water,11.34,clear,20.200,6.978,0.00,18.33,world
85.13,2026-08-31 05:14:30,-151.58,-1.91,4210.81,-176.9,the_long_water,11.36,clear,20.200,6.978,0.00,18.07,world
85.63,2026-08-31 05:14:31,-151.58,-1.91,4210.81,-176.9,the_long_water,11.38,clear,20.558,7.453,0.00,17.81,world
86.13,2026-08-31 05:14:31,-151.58,-1.91,4210.81,-176.9,the_long_water,11.40,clear,20.558,7.453,0.00,17.56,world
86.63,2026-08-31 05:14:32,-151.58,-1.91,4210.81,-176.9,the_long_water,11.42,clear,23.319,8.479,0.00,17.35,world
87.13,2026-08-31 05:14:32,-151.58,-1.91,4210.81,-176.9,the_long_water,11.44,clear,23.319,8.479,0.00,17.10,world
87.63,2026-08-31 05:14:33,-151.58,-1.91,4210.81,-176.9,the_long_water,11.46,clear,22.803,9.708,0.00,16.84,world
88.13,2026-08-31 05:14:33,-151.58,-1.91,4210.81,-176.9,the_long_water,11.48,clear,22.803,9.708,0.00,16.59,world
88.63,2026-08-31 05:14:34,-151.58,-1.91,4210.81,-176.9,the_long_water,11.50,clear,19.833,7.782,0.00,16.34,world
89.13,2026-08-31 05:14:34,-151.58,-1.91,4210.81,-176.9,the_long_water,11.52,clear,19.833,7.782,0.00,16.22,world
89.63,2026-08-31 05:14:35,-151.58,-1.91,4210.81,-176.9,the_long_water,11.54,clear,19.386,7.413,0.00,16.22,world
90.13,2026-08-31 05:14:35,-151.58,-1.91,4210.81,-176.9,the_long_water,11.56,clear,19.386,7.413,0.00,16.22,world
90.63,2026-08-31 05:14:36,-151.58,-1.91,4210.81,-176.9,the_long_water,11.58,clear,19.489,7.458,0.00,16.00,world
91.13,2026-08-31 05:14:36,-151.58,-1.91,4210.81,-176.9,the_long_water,11.60,clear,19.489,7.458,0.00,15.63,world
91.63,2026-08-31 05:14:37,-151.58,-1.91,4210.81,-176.9,the_long_water,11.62,clear,22.566,8.119,0.00,15.13,world
92.13,2026-08-31 05:14:37,-151.58,-1.91,4210.81,-176.9,the_long_water,11.64,clear,22.566,8.119,0.00,14.82,world
92.63,2026-08-31 05:14:38,-151.58,-1.91,4210.81,-176.9,the_long_water,11.66,clear,19.818,7.434,0.00,14.82,world
93.13,2026-08-31 05:14:38,-151.58,-1.91,4210.81,-176.9,the_long_water,11.68,clear,19.818,7.434,0.00,14.82,world
93.63,2026-08-31 05:14:39,-151.58,-1.91,4210.81,-176.9,the_long_water,11.70,clear,18.987,6.711,0.00,14.82,world
94.13,2026-08-31 05:14:39,-151.58,-1.91,4210.81,-176.9,the_long_water,11.72,clear,18.987,6.711,0.00,14.82,world
94.63,2026-08-31 05:14:40,-151.58,-1.91,4210.81,-176.9,the_long_water,11.74,clear,20.269,7.592,0.00,14.82,world
95.13,2026-08-31 05:14:40,-151.58,-1.91,4210.81,-176.9,the_long_water,11.76,clear,20.269,7.592,0.00,14.98,world
95.63,2026-08-31 05:14:41,-151.58,-1.91,4210.81,-176.9,the_long_water,11.78,clear,26.644,8.727,0.00,15.38,world
96.13,2026-08-31 05:14:41,-151.58,-1.91,4210.81,-176.9,the_long_water,11.80,clear,26.644,8.727,0.00,15.85,world
96.63,2026-08-31 05:14:42,-151.58,-1.91,4210.81,-176.9,the_long_water,11.82,clear,19.390,24.790,0.00,16.34,world
97.13,2026-08-31 05:14:42,-151.58,-1.91,4210.81,-176.9,the_long_water,11.84,clear,19.390,24.790,0.00,16.83,world
97.63,2026-08-31 05:14:43,-151.58,-1.91,4210.81,-176.9,the_long_water,11.86,clear,18.356,8.406,0.00,17.08,world
98.13,2026-08-31 05:14:43,-151.58,-1.91,4210.81,-176.9,the_long_water,11.88,clear,18.356,8.406,0.00,17.08,world
98.63,2026-08-31 05:14:44,-151.58,-1.91,4210.81,-176.9,the_long_water,11.90,clear,18.345,7.340,0.00,17.08,world
99.13,2026-08-31 05:14:44,-151.58,-1.91,4210.81,-176.9,the_long_water,11.92,clear,18.345,7.340,0.00,17.08,world
99.63,2026-08-31 05:14:45,-151.58,-1.91,4210.81,-176.9,the_long_water,11.94,clear,17.967,6.264,0.00,17.08,world
100.13,2026-08-31 05:14:45,-151.58,-1.91,4210.81,-176.9,the_long_water,11.96,clear,17.967,6.264,0.00,17.62,world
100.63,2026-08-31 05:14:46,-151.58,-1.91,4210.81,-176.9,the_long_water,11.98,clear,18.758,8.388,0.00,18.17,world
101.13,2026-08-31 05:14:46,-151.58,-1.91,4210.81,-176.9,the_long_water,12.00,clear,18.758,8.388,0.00,18.73,world
101.63,2026-08-31 05:14:47,-151.58,-1.91,4210.81,-176.9,the_long_water,12.02,clear,18.842,7.632,0.00,19.36,world
102.13,2026-08-31 05:14:47,-151.58,-1.91,4210.81,-176.9,the_long_water,12.04,clear,18.842,7.632,0.00,19.71,world
102.63,2026-08-31 05:14:48,-151.58,-1.91,4210.81,-176.9,the_long_water,12.06,clear,18.617,8.340,0.00,19.71,world
103.13,2026-08-31 05:14:48,-151.58,-1.91,4210.81,-176.9,the_long_water,12.08,clear,18.617,8.340,0.00,19.71,world
103.63,2026-08-31 05:14:49,-151.58,-1.91,4210.81,-176.9,the_long_water,12.10,clear,19.350,9.469,0.00,19.71,world
104.13,2026-08-31 05:14:49,-151.58,-1.91,4210.81,-176.9,the_long_water,12.12,clear,19.350,9.469,0.00,19.71,world
104.63,2026-08-31 05:14:50,-151.58,-1.91,4210.81,-176.9,the_long_water,12.14,clear,19.665,7.250,0.00,19.71,world
105.13,2026-08-31 05:14:50,-151.58,-1.91,4210.81,-176.9,the_long_water,12.16,clear,19.665,7.250,0.00,19.71,world
105.63,2026-08-31 05:14:51,-151.58,-1.91,4210.81,-176.9,the_long_water,12.18,clear,24.323,8.902,0.00,19.71,world
106.13,2026-08-31 05:14:51,-151.58,-1.91,4210.81,-176.9,the_long_water,12.20,clear,24.323,8.902,0.00,19.58,world
106.63,2026-08-31 05:14:52,-151.58,-1.91,4210.81,-176.9,the_long_water,12.22,clear,19.368,7.407,0.00,19.52,world
107.13,2026-08-31 05:14:52,-151.58,-1.91,4210.81,-176.9,the_long_water,12.24,clear,19.368,7.407,0.00,19.52,world
107.63,2026-08-31 05:14:53,-151.58,-1.91,4210.81,-176.9,the_long_water,12.26,clear,19.757,7.899,0.00,19.52,world
108.13,2026-08-31 05:14:53,-151.58,-1.91,4210.81,-176.9,the_long_water,12.28,clear,19.757,7.899,0.00,19.52,world
108.63,2026-08-31 05:14:54,-151.58,-1.91,4210.81,-176.9,the_long_water,12.30,clear,19.993,8.666,0.00,19.52,world
109.13,2026-08-31 05:14:54,-151.58,-1.91,4210.81,-176.9,the_long_water,12.32,clear,19.993,8.666,0.00,19.52,world
109.63,2026-08-31 05:14:55,-151.58,-1.91,4210.81,-176.9,the_long_water,12.34,clear,20.729,8.532,0.00,19.52,world
110.13,2026-08-31 05:14:55,-151.58,-1.91,4210.81,-176.9,the_long_water,12.36,clear,20.729,8.532,0.00,19.52,world
110.63,2026-08-31 05:14:56,-151.58,-1.91,4210.81,-176.9,the_long_water,12.38,clear,20.428,7.955,0.00,19.52,world
111.13,2026-08-31 05:14:56,-151.58,-1.91,4210.81,-176.9,the_long_water,12.40,clear,20.428,7.955,0.00,19.52,world
111.63,2026-08-31 05:14:57,-151.58,-1.91,4210.81,-176.9,the_long_water,12.42,clear,19.117,7.763,0.00,19.52,world
112.13,2026-08-31 05:14:57,-151.58,-1.91,4210.81,-176.9,the_long_water,12.44,clear,19.117,7.763,0.00,19.52,world
112.63,2026-08-31 05:14:58,-151.58,-1.91,4210.81,-176.9,the_long_water,12.46,clear,20.457,7.793,0.00,19.52,world
113.13,2026-08-31 05:14:58,-151.58,-1.91,4210.81,-176.9,the_long_water,12.48,clear,20.457,7.793,0.00,19.52,world
113.63,2026-08-31 05:14:59,-151.58,-1.91,4210.81,-176.9,the_long_water,12.50,clear,20.289,7.616,0.00,19.52,world
114.13,2026-08-31 05:14:59,-151.58,-1.91,4210.81,-176.9,the_long_water,12.52,clear,20.289,7.616,0.00,19.52,world
114.63,2026-08-31 05:15:00,-151.58,-1.91,4210.81,-176.9,the_long_water,12.54,clear,19.096,8.014,0.00,19.52,world
115.13,2026-08-31 05:15:00,-151.58,-1.91,4210.81,-176.9,the_long_water,12.56,clear,19.096,8.014,0.00,19.52,world
115.63,2026-08-31 05:15:01,-151.58,-1.91,4210.81,-176.9,the_long_water,12.58,clear,19.619,9.205,0.00,19.52,world
116.13,2026-08-31 05:15:01,-151.58,-1.91,4210.81,-176.9,the_long_water,12.60,clear,19.619,9.205,0.00,19.52,world
116.63,2026-08-31 05:15:02,-151.58,-1.91,4210.81,-176.9,the_long_water,12.62,clear,19.648,7.717,0.00,19.52,world
117.13,2026-08-31 05:15:02,-151.58,-1.91,4210.81,-176.9,the_long_water,12.64,clear,19.648,7.717,0.00,19.52,world
117.63,2026-08-31 05:15:03,-151.58,-1.91,4210.81,-176.9,the_long_water,12.66,clear,18.919,7.292,0.00,19.52,world
118.13,2026-08-31 05:15:03,-151.58,-1.91,4210.81,-176.9,the_long_water,12.68,clear,18.919,7.292,0.00,19.52,world
118.63,2026-08-31 05:15:04,-151.58,-1.91,4210.81,-176.9,the_long_water,12.70,clear,18.308,6.940,0.00,19.52,world
119.13,2026-08-31 05:15:04,-151.58,-1.91,4210.81,-176.9,the_long_water,12.72,clear,18.308,6.940,0.00,19.52,world
119.63,2026-08-31 05:15:05,-151.58,-1.91,4210.81,-176.9,the_long_water,12.74,clear,17.873,7.152,0.00,19.52,world
120.13,2026-08-31 05:15:05,-151.58,-1.91,4210.81,-176.9,the_long_water,12.76,clear,17.873,7.152,0.00,19.52,world
120.63,2026-08-31 05:15:06,-151.58,-1.91,4210.81,-176.9,the_long_water,12.78,clear,18.266,7.243,0.00,19.52,world
121.13,2026-08-31 05:15:06,-151.58,-1.91,4210.81,-176.9,the_long_water,12.80,clear,18.266,7.243,0.00,19.52,world
121.63,2026-08-31 05:15:07,-151.58,-1.91,4210.81,-176.9,the_long_water,12.82,clear,17.948,6.837,0.00,19.52,world
122.13,2026-08-31 05:15:07,-151.58,-1.91,4210.81,-176.9,the_long_water,12.84,clear,17.948,6.837,0.00,19.52,world
122.63,2026-08-31 05:15:08,-151.58,-1.91,4210.81,-176.9,the_long_water,12.86,clear,17.887,6.675,0.00,19.52,world
123.13,2026-08-31 05:15:08,-151.58,-1.91,4210.81,-176.9,the_long_water,12.88,clear,17.887,6.675,0.00,19.52,world
123.63,2026-08-31 05:15:09,-151.58,-1.91,4210.81,-176.9,the_long_water,12.90,clear,17.456,7.729,0.00,19.52,world
124.13,2026-08-31 05:15:09,-151.58,-1.91,4210.81,-176.9,the_long_water,12.92,clear,17.456,7.729,0.00,19.52,world
124.63,2026-08-31 05:15:10,-151.58,-1.91,4210.81,-176.9,the_long_water,12.94,clear,17.294,6.704,0.00,19.52,world
125.13,2026-08-31 05:15:10,-151.58,-1.91,4210.81,-176.9,the_long_water,12.96,clear,17.294,6.704,0.00,19.52,world
125.63,2026-08-31 05:15:11,-151.58,-1.91,4210.81,-176.9,the_long_water,12.98,clear,21.320,10.169,0.00,19.52,world
126.13,2026-08-31 05:15:11,-151.58,-1.91,4210.81,-176.9,the_long_water,13.00,clear,21.320,10.169,0.00,19.52,world
126.63,2026-08-31 05:15:12,-151.58,-1.91,4210.81,-176.9,the_long_water,13.02,clear,18.993,7.034,0.00,19.52,world
127.13,2026-08-31 05:15:12,-151.58,-1.91,4210.81,-176.9,the_long_water,13.04,clear,18.993,7.034,0.00,19.52,world
127.63,2026-08-31 05:15:13,-151.58,-1.91,4210.81,-176.9,the_long_water,13.06,clear,18.318,7.522,0.00,19.52,world
128.13,2026-08-31 05:15:13,-151.58,-1.91,4210.81,-176.9,the_long_water,13.08,clear,18.318,7.522,0.00,19.52,world
128.63,2026-08-31 05:15:14,-151.58,-1.91,4210.81,-176.9,the_long_water,13.10,clear,17.910,7.432,0.00,19.52,world
129.13,2026-08-31 05:15:14,-151.58,-1.91,4210.81,-176.9,the_long_water,13.12,clear,17.910,7.432,0.00,19.52,world
129.63,2026-08-31 05:15:15,-151.58,-1.91,4210.81,-176.9,the_long_water,13.14,clear,18.701,7.228,0.00,19.52,world
130.13,2026-08-31 05:15:15,-151.58,-1.91,4210.81,-176.9,the_long_water,13.16,clear,18.701,7.228,0.00,19.52,world
130.63,2026-08-31 05:15:16,-151.58,-1.91,4210.81,-176.9,the_long_water,13.18,clear,18.104,7.588,0.00,19.52,world
131.13,2026-08-31 05:15:16,-151.58,-1.91,4210.81,-176.9,the_long_water,13.20,clear,18.104,7.588,0.00,19.52,world
131.63,2026-08-31 05:15:17,-151.58,-1.91,4210.81,-176.9,the_long_water,13.22,clear,18.721,7.768,0.00,19.52,world
132.13,2026-08-31 05:15:17,-151.58,-1.91,4210.81,-176.9,the_long_water,13.24,clear,18.721,7.768,0.00,19.52,world
132.63,2026-08-31 05:15:18,-151.58,-1.91,4210.81,-176.9,the_long_water,13.26,clear,18.537,7.711,0.00,19.52,world
133.13,2026-08-31 05:15:18,-151.58,-1.91,4210.81,-176.9,the_long_water,13.28,clear,18.537,7.711,0.00,19.52,world
133.63,2026-08-31 05:15:19,-151.58,-1.91,4210.81,-176.9,the_long_water,13.30,clear,18.483,7.729,0.00,19.52,world
134.13,2026-08-31 05:15:19,-151.58,-1.91,4210.81,-176.9,the_long_water,13.32,clear,18.483,7.729,0.00,19.52,world
134.63,2026-08-31 05:15:20,-151.58,-1.91,4210.81,-176.9,the_long_water,13.34,clear,17.555,6.830,0.00,19.52,world
135.13,2026-08-31 05:15:20,-151.58,-1.91,4210.81,-176.9,the_long_water,13.36,clear,17.555,6.830,0.00,19.52,world
135.63,2026-08-31 05:15:21,-151.58,-1.91,4210.81,-176.9,the_long_water,13.38,clear,18.166,7.623,0.00,19.52,world
136.13,2026-08-31 05:15:21,-151.58,-1.91,4210.81,-176.9,the_long_water,13.40,clear,18.166,7.623,0.00,19.52,world
136.63,2026-08-31 05:15:22,-151.58,-1.91,4210.81,-176.9,the_long_water,13.42,clear,18.475,6.981,0.00,19.52,world
137.13,2026-08-31 05:15:22,-151.58,-1.91,4210.81,-176.9,the_long_water,13.44,clear,18.475,6.981,0.00,19.52,world
137.63,2026-08-31 05:15:23,-151.58,-1.91,4210.81,-176.9,the_long_water,13.46,clear,17.699,6.755,0.00,19.52,world
138.13,2026-08-31 05:15:23,-151.58,-1.91,4210.81,-176.9,the_long_water,13.48,clear,17.699,6.755,0.00,19.52,world
138.63,2026-08-31 05:15:24,-151.58,-1.91,4210.81,-176.9,the_long_water,13.50,clear,19.638,8.301,0.00,19.52,world
139.13,2026-08-31 05:15:24,-151.58,-1.91,4210.81,-176.9,the_long_water,13.52,clear,19.638,8.301,0.00,19.52,world
139.63,2026-08-31 05:15:25,-151.58,-1.91,4210.81,-176.9,the_long_water,13.54,clear,18.105,6.906,0.00,19.52,world
140.13,2026-08-31 05:15:25,-151.58,-1.91,4210.81,-176.9,the_long_water,13.56,clear,18.105,6.906,0.00,19.52,world
140.63,2026-08-31 05:15:26,-151.58,-1.91,4210.81,-176.9,the_long_water,13.58,clear,17.569,6.981,0.00,19.52,world
141.13,2026-08-31 05:15:26,-151.58,-1.91,4210.81,-176.9,the_long_water,13.60,clear,17.569,6.981,0.00,19.52,world
141.63,2026-08-31 05:15:27,-151.58,-1.91,4210.81,-176.9,the_long_water,13.62,clear,18.598,6.976,0.00,19.52,world
142.13,2026-08-31 05:15:27,-151.58,-1.91,4210.81,-176.9,the_long_water,13.64,clear,18.598,6.976,0.00,19.52,world
142.63,2026-08-31 05:15:28,-151.58,-1.91,4210.81,-176.9,the_long_water,13.66,clear,17.896,7.285,0.00,19.52,world
143.13,2026-08-31 05:15:28,-151.58,-1.91,4210.81,-176.9,the_long_water,13.68,clear,17.896,7.285,0.00,19.52,world
143.63,2026-08-31 05:15:29,-151.58,-1.91,4210.81,-176.9,the_long_water,13.70,clear,17.530,7.586,0.00,19.52,world
144.13,2026-08-31 05:15:29,-151.58,-1.91,4210.81,-176.9,the_long_water,13.72,clear,17.530,7.586,0.00,19.52,world
144.63,2026-08-31 05:15:30,-151.58,-1.91,4210.81,-176.9,the_long_water,13.74,clear,17.836,6.954,0.00,19.52,world
145.13,2026-08-31 05:15:30,-151.58,-1.91,4210.81,-176.9,the_long_water,13.76,clear,17.836,6.954,0.00,19.52,world
145.63,2026-08-31 05:15:31,-151.58,-1.91,4210.81,-176.9,the_long_water,13.78,clear,18.329,6.992,0.00,19.52,world
146.13,2026-08-31 05:15:31,-151.58,-1.91,4210.81,-176.9,the_long_water,13.80,clear,18.329,6.992,0.00,19.52,world
146.63,2026-08-31 05:15:32,-151.58,-1.91,4210.81,-176.9,the_long_water,13.82,clear,18.225,7.878,0.00,19.52,world
147.13,2026-08-31 05:15:32,-151.58,-1.91,4210.81,-176.9,the_long_water,13.84,clear,18.225,7.878,0.00,19.52,world
147.63,2026-08-31 05:15:33,-151.58,-1.91,4210.81,-176.9,the_long_water,13.86,clear,18.372,7.211,0.00,19.52,world
148.13,2026-08-31 05:15:33,-151.58,-1.91,4210.81,-176.9,the_long_water,13.88,clear,18.372,7.211,0.00,19.52,world
148.63,2026-08-31 05:15:34,-151.58,-1.91,4210.81,-176.9,the_long_water,13.90,clear,20.835,7.334,0.00,19.52,world
149.13,2026-08-31 05:15:34,-151.58,-1.91,4210.81,-176.9,the_long_water,13.92,clear,20.835,7.334,0.00,19.52,world
149.63,2026-08-31 05:15:35,-151.58,-1.91,4210.81,-176.9,the_long_water,13.94,clear,19.604,7.432,0.00,19.52,world
150.13,2026-08-31 05:15:35,-151.58,-1.91,4210.81,-176.9,the_long_water,13.96,clear,19.604,7.432,0.00,19.52,world
150.63,2026-08-31 05:15:36,-151.58,-1.91,4210.81,-176.9,the_long_water,13.98,clear,23.531,9.027,0.00,19.52,world
151.13,2026-08-31 05:15:36,-151.58,-1.91,4210.81,-176.9,the_long_water,14.00,clear,23.531,9.027,0.00,19.52,world
151.63,2026-08-31 05:15:37,-151.58,-1.91,4210.81,-176.9,the_long_water,14.02,clear,19.230,7.904,0.00,19.52,world
152.13,2026-08-31 05:15:37,-151.58,-1.91,4210.81,-176.9,the_long_water,14.04,clear,19.230,7.904,0.00,19.52,world
152.63,2026-08-31 05:15:38,-151.58,-1.91,4210.81,-176.9,the_long_water,14.06,clear,24.845,8.857,0.00,19.52,world
153.13,2026-08-31 05:15:38,-151.58,-1.91,4210.81,-176.9,the_long_water,14.08,clear,24.845,8.857,0.00,19.52,world
153.63,2026-08-31 05:15:39,-151.58,-1.91,4210.81,-176.9,the_long_water,14.10,clear,19.116,7.158,0.00,19.52,world
154.13,2026-08-31 05:15:39,-151.58,-1.91,4210.81,-176.9,the_long_water,14.12,clear,19.116,7.158,0.00,19.52,world
154.63,2026-08-31 05:15:40,-151.58,-1.91,4210.81,-176.9,the_long_water,14.14,clear,17.956,6.759,0.00,19.52,world
155.13,2026-08-31 05:15:40,-151.58,-1.91,4210.81,-176.9,the_long_water,14.16,clear,17.956,6.759,0.00,19.52,world
155.63,2026-08-31 05:15:41,-151.58,-1.91,4210.81,-176.9,the_long_water,14.18,clear,18.414,7.242,0.00,19.52,world
156.13,2026-08-31 05:15:41,-151.58,-1.91,4210.81,-176.9,the_long_water,14.20,clear,18.414,7.242,0.00,19.52,world
156.63,2026-08-31 05:15:42,-151.58,-1.91,4210.81,-176.9,the_long_water,14.22,clear,18.209,7.084,0.00,19.52,world
157.13,2026-08-31 05:15:42,-151.58,-1.91,4210.81,-176.9,the_long_water,14.24,clear,18.209,7.084,0.00,19.52,world
157.63,2026-08-31 05:15:43,-151.58,-1.91,4210.81,-176.9,the_long_water,14.26,clear,17.577,6.820,0.00,19.52,world
158.13,2026-08-31 05:15:43,-151.58,-1.91,4210.81,-176.9,the_long_water,14.28,clear,17.577,6.820,0.00,19.52,world
158.63,2026-08-31 05:15:44,-151.58,-1.91,4210.81,-176.9,the_long_water,14.30,clear,18.888,7.996,0.00,19.52,world
159.13,2026-08-31 05:15:44,-151.58,-1.91,4210.81,-176.9,the_long_water,14.32,clear,18.888,7.996,0.00,19.52,world
159.63,2026-08-31 05:15:45,-151.58,-1.91,4210.81,-176.9,the_long_water,14.34,clear,20.481,7.510,0.00,19.52,world
160.13,2026-08-31 05:15:45,-151.58,-1.91,4210.81,-176.9,the_long_water,14.36,clear,20.481,7.510,0.00,19.52,world
160.63,2026-08-31 05:15:46,-151.58,-1.91,4210.81,-176.9,the_long_water,14.38,clear,18.514,7.550,0.00,19.52,world
161.13,2026-08-31 05:15:46,-151.58,-1.91,4210.81,-176.9,the_long_water,14.40,clear,18.514,7.550,0.00,19.52,world
161.63,2026-08-31 05:15:47,-151.58,-1.91,4210.81,-176.9,the_long_water,14.42,clear,18.449,7.069,0.00,19.52,world
162.13,2026-08-31 05:15:47,-151.58,-1.91,4210.81,-176.9,the_long_water,14.44,clear,18.449,7.069,0.00,19.52,world
162.63,2026-08-31 05:15:48,-151.58,-1.91,4210.81,-176.9,the_long_water,14.46,clear,20.957,9.111,0.00,19.52,world
163.13,2026-08-31 05:15:48,-151.58,-1.91,4210.81,-176.9,the_long_water,14.48,clear,20.957,9.111,0.00,19.52,world
163.63,2026-08-31 05:15:49,-151.58,-1.91,4210.81,-176.9,the_long_water,14.50,clear,18.876,8.386,0.00,19.52,world
164.13,2026-08-31 05:15:49,-151.58,-1.91,4210.81,-176.9,the_long_water,14.52,clear,18.876,8.386,0.00,19.52,world
164.63,2026-08-31 05:15:50,-151.58,-1.91,4210.81,-176.9,the_long_water,14.54,clear,19.161,8.402,0.00,19.52,world
165.13,2026-08-31 05:15:50,-151.58,-1.91,4210.81,-176.9,the_long_water,14.56,clear,19.161,8.402,0.00,19.52,world
165.63,2026-08-31 05:15:51,-151.58,-1.91,4210.81,-176.9,the_long_water,14.58,clear,18.537,7.753,0.00,19.52,world
166.13,2026-08-31 05:15:51,-151.58,-1.91,4210.81,-176.9,the_long_water,14.60,clear,18.537,7.753,0.00,19.52,world
166.63,2026-08-31 05:15:52,-151.58,-1.91,4210.81,-176.9,the_long_water,14.62,clear,19.677,7.757,0.00,19.52,world
167.13,2026-08-31 05:15:52,-151.58,-1.91,4210.81,-176.9,the_long_water,14.64,clear,19.677,7.757,0.00,19.52,world
167.63,2026-08-31 05:15:53,-151.58,-1.91,4210.81,-176.9,the_long_water,14.66,clear,20.259,8.505,0.00,19.52,world
168.13,2026-08-31 05:15:53,-151.58,-1.91,4210.81,-176.9,the_long_water,14.68,clear,20.259,8.505,0.00,19.52,world
168.63,2026-08-31 05:15:54,-151.58,-1.91,4210.81,-176.9,the_long_water,14.70,clear,20.801,8.185,0.00,19.52,world
169.13,2026-08-31 05:15:54,-151.58,-1.91,4210.81,-176.9,the_long_water,14.72,clear,20.801,8.185,0.00,19.52,world
169.63,2026-08-31 05:15:55,-151.58,-1.91,4210.81,-176.9,the_long_water,14.74,clear,20.913,8.862,0.00,19.52,world
170.13,2026-08-31 05:15:55,-151.58,-1.91,4210.81,-176.9,the_long_water,14.76,clear,20.913,8.862,0.00,19.52,world
170.63,2026-08-31 05:15:56,-151.58,-1.91,4210.81,-176.9,the_long_water,14.78,clear,20.463,8.323,0.00,19.52,world
171.13,2026-08-31 05:15:56,-151.58,-1.91,4210.81,-176.9,the_long_water,14.80,clear,20.463,8.323,0.00,19.52,world
171.63,2026-08-31 05:15:57,-151.58,-1.91,4210.81,-176.9,the_long_water,14.82,clear,19.419,7.552,0.00,19.52,world
172.13,2026-08-31 05:15:57,-151.58,-1.91,4210.81,-176.9,the_long_water,14.84,clear,19.419,7.552,0.00,19.52,world
172.63,2026-08-31 05:15:58,-151.58,-1.91,4210.81,-176.9,the_long_water,14.86,clear,19.870,7.889,0.00,19.52,world
173.13,2026-08-31 05:15:58,-151.58,-1.91,4210.81,-176.9,the_long_water,14.88,clear,19.870,7.889,0.00,19.52,world
173.63,2026-08-31 05:15:59,-151.58,-1.91,4210.81,-176.9,the_long_water,14.90,clear,19.452,7.652,0.00,19.52,world
174.13,2026-08-31 05:15:59,-151.58,-1.91,4210.81,-176.9,the_long_water,14.92,clear,19.452,7.652,0.00,19.52,world
174.63,2026-08-31 05:16:00,-151.58,-1.91,4210.81,-176.9,the_long_water,14.94,clear,23.662,7.657,0.00,19.52,world
175.13,2026-08-31 05:16:00,-151.58,-1.91,4210.81,-176.9,the_long_water,14.96,clear,23.662,7.657,0.00,19.52,world
175.63,2026-08-31 05:16:01,-151.58,-1.91,4210.81,-176.9,the_long_water,14.98,clear,21.362,8.785,0.00,19.52,world
176.13,2026-08-31 05:16:01,-151.58,-1.91,4210.81,-176.9,the_long_water,15.00,clear,21.362,8.785,0.00,19.52,world
176.63,2026-08-31 05:16:02,-151.58,-1.91,4210.81,-176.9,the_long_water,15.02,clear,19.600,7.569,0.00,19.52,world
177.13,2026-08-31 05:16:02,-151.58,-1.91,4210.81,-176.9,the_long_water,15.04,clear,19.600,7.569,0.00,19.52,world
177.63,2026-08-31 05:16:03,-151.58,-1.91,4210.81,-176.9,the_long_water,15.06,clear,18.429,7.133,0.00,19.52,world
178.13,2026-08-31 05:16:03,-151.58,-1.91,4210.81,-176.9,the_long_water,15.08,clear,18.429,7.133,0.00,19.52,world
178.63,2026-08-31 05:16:04,-151.58,-1.91,4210.81,-176.9,the_long_water,15.10,clear,20.191,7.626,0.00,19.52,world
179.13,2026-08-31 05:16:04,-151.58,-1.91,4210.81,-176.9,the_long_water,15.12,clear,20.191,7.626,0.00,19.52,world
179.63,2026-08-31 05:16:05,-151.58,-1.91,4210.81,-176.9,the_long_water,15.14,clear,20.465,7.229,0.00,19.52,world
180.13,2026-08-31 05:16:05,-151.58,-1.91,4210.81,-176.9,the_long_water,15.16,clear,20.465,7.229,0.00,19.52,world
180.63,2026-08-31 05:16:06,-151.58,-1.91,4210.81,-176.9,the_long_water,15.18,clear,45.106,9.229,0.00,19.52,world
181.13,2026-08-31 05:16:06,-151.58,-1.91,4210.81,-176.9,the_long_water,15.20,clear,45.106,9.229,0.00,19.52,world
181.65,2026-08-31 05:16:07,-151.58,-1.91,4210.81,-176.9,the_long_water,15.22,clear,20.300,7.654,0.00,19.52,world
182.15,2026-08-31 05:16:07,-151.52,-1.91,4210.11,131.9,the_long_water,15.24,clear,20.300,7.654,0.00,20.21,world
182.65,2026-08-31 05:16:08,-151.52,-1.91,4208.45,131.8,the_long_water,15.26,clear,23.483,14.979,0.00,21.86,world
183.15,2026-08-31 05:16:08,-151.52,-1.91,4206.78,131.7,the_long_water,15.28,clear,23.483,14.979,0.00,23.53,world
183.65,2026-08-31 05:16:09,-151.52,-1.91,4205.12,131.6,the_long_water,15.30,clear,19.660,7.806,0.00,25.18,world
184.15,2026-08-31 05:16:09,-151.52,-1.91,4203.46,131.5,the_long_water,15.32,clear,19.660,7.806,0.00,26.83,world
184.65,2026-08-31 05:16:10,-151.52,-1.91,4201.81,131.4,the_long_water,15.34,clear,20.771,8.699,0.00,28.48,world
185.15,2026-08-31 05:16:10,-151.52,-1.91,4200.15,131.3,the_long_water,15.36,clear,20.771,8.699,0.00,27.67,world
185.65,2026-08-31 05:16:11,-151.52,-1.91,4198.51,131.2,the_long_water,15.38,clear,23.138,6.730,0.00,26.18,world
186.15,2026-08-31 05:16:11,-151.52,-1.91,4196.86,131.1,the_long_water,15.40,clear,23.138,6.730,0.00,24.71,world
186.65,2026-08-31 05:16:12,-151.52,-1.91,4195.22,131.0,the_long_water,15.42,clear,20.027,5.695,0.00,23.28,world
187.15,2026-08-31 05:16:12,-150.80,-2.00,4193.58,130.9,the_long_water,15.44,clear,20.027,5.695,0.00,21.49,world
187.65,2026-08-31 05:16:13,-148.91,-2.00,4191.94,130.9,the_long_water,15.46,clear,19.651,5.900,0.00,19.14,world
188.15,2026-08-31 05:16:13,-147.02,-2.01,4190.30,130.9,the_long_water,15.48,clear,19.651,5.900,0.00,16.83,world
188.65,2026-08-31 05:16:14,-145.00,-2.28,4189.01,130.9,the_long_water,15.50,clear,19.208,5.425,0.00,14.87,world
189.15,2026-08-31 05:16:14,-143.06,-3.01,4187.33,130.9,the_long_water,15.52,clear,19.208,5.425,0.00,12.71,world
189.65,2026-08-31 05:16:15,-141.12,-3.76,4185.66,130.9,the_long_water,15.54,clear,20.177,5.827,0.00,10.72,world
190.15,2026-08-31 05:16:15,-139.62,-4.06,4184.79,130.9,the_long_water,15.56,clear,20.177,5.827,0.00,9.80,world
190.65,2026-08-31 05:16:16,-137.71,-3.88,4183.72,131.0,the_long_water,15.58,clear,21.022,7.970,0.00,9.01,world
191.15,2026-08-31 05:16:16,-136.06,-3.40,4182.28,131.0,the_long_water,15.60,clear,21.022,7.970,0.00,8.28,world
191.65,2026-08-31 05:16:17,-134.31,-3.09,4180.75,131.0,the_long_water,15.62,clear,19.644,5.398,0.00,8.09,world
192.15,2026-08-31 05:16:17,-132.47,-2.98,4179.16,131.0,the_long_water,15.64,clear,19.644,5.398,0.00,8.61,world
192.65,2026-08-31 05:16:18,-130.59,-2.94,4177.53,131.0,the_long_water,15.66,clear,19.479,5.776,0.00,9.74,world
193.15,2026-08-31 05:16:18,-128.72,-2.89,4175.91,131.0,the_long_water,15.68,clear,19.479,5.776,0.00,11.31,world
193.65,2026-08-31 05:16:19,-126.80,-3.04,4174.24,131.0,the_long_water,15.70,clear,26.325,8.387,0.00,13.22,world
194.15,2026-08-31 05:16:19,-124.85,-3.44,4172.55,131.0,the_long_water,15.72,clear,26.325,8.387,0.00,15.35,world
194.65,2026-08-31 05:16:20,-122.89,-3.86,4170.85,131.0,the_long_water,15.74,clear,19.943,5.687,0.00,17.61,world
195.15,2026-08-31 05:16:20,-120.94,-4.20,4169.16,131.0,the_long_water,15.76,clear,19.943,5.687,0.00,19.94,world
195.65,2026-08-31 05:16:21,-118.98,-4.55,4167.47,131.0,the_long_water,15.78,clear,20.366,5.949,0.00,22.33,world
196.15,2026-08-31 05:16:21,-117.02,-4.97,4165.78,131.0,the_long_water,15.80,clear,20.366,5.949,0.00,24.76,world
196.65,2026-08-31 05:16:22,-115.06,-5.39,4164.08,131.0,the_long_water,15.82,clear,20.974,6.484,0.00,27.23,world
197.15,2026-08-31 05:16:23,-113.11,-5.78,4162.39,131.0,corridor,15.84,clear,20.974,6.484,0.00,29.71,world
197.65,2026-08-31 05:16:23,-111.15,-6.12,4160.69,131.0,corridor,15.86,clear,25.904,467.834,2.32,30.52,world
198.15,2026-08-31 05:16:24,-109.35,-6.28,4158.97,131.0,corridor,15.88,clear,22.321,7.517,0.00,28.10,world
198.65,2026-08-31 05:16:24,-107.51,-6.14,4157.38,131.0,corridor,15.90,clear,22.321,7.517,0.00,25.72,world
199.15,2026-08-31 05:16:25,-105.77,-5.81,4155.85,131.0,corridor,15.92,clear,21.302,6.725,0.00,23.47,world
199.65,2026-08-31 05:16:25,-104.33,-5.46,4154.49,131.0,corridor,15.94,clear,21.302,6.725,0.00,21.57,world
200.15,2026-08-31 05:16:26,-103.89,-5.22,4153.07,130.9,corridor,15.96,clear,21.258,6.170,0.00,20.60,world
200.65,2026-08-31 05:16:26,-102.18,-4.84,4151.57,130.9,corridor,15.98,clear,21.258,6.170,0.00,18.80,world
201.15,2026-08-31 05:16:27,-100.82,-4.53,4150.38,130.9,corridor,16.00,clear,19.943,8.830,0.00,17.63,world
201.65,2026-08-31 05:16:27,-100.56,-4.55,4150.91,26.2,corridor,16.02,clear,19.943,8.830,0.00,18.12,world
202.15,2026-08-31 05:16:28,-99.10,-4.53,4152.91,40.9,corridor,16.04,clear,20.040,7.339,0.00,18.21,world
202.65,2026-08-31 05:16:28,-97.45,-4.23,4152.48,131.3,corridor,16.06,clear,20.040,7.339,0.00,17.15,world
203.15,2026-08-31 05:16:29,-96.20,-3.92,4151.69,131.3,corridor,16.08,clear,20.693,6.886,0.00,16.24,world
203.65,2026-08-31 05:16:29,-94.61,-3.49,4151.07,131.3,corridor,16.10,clear,20.693,6.886,0.00,14.69,world
204.15,2026-08-31 05:16:30,-93.10,-2.88,4149.74,131.3,corridor,16.12,clear,20.114,7.137,0.00,11.68,world
204.65,2026-08-31 05:16:30,-91.58,-2.28,4148.40,131.3,corridor,16.14,clear,20.114,7.137,0.00,7.92,world
205.15,2026-08-31 05:16:31,-89.94,-1.81,4146.95,131.3,corridor,16.16,clear,22.195,7.733,0.00,5.07,world
205.65,2026-08-31 05:16:31,-88.23,-1.45,4145.43,131.3,corridor,16.18,clear,22.195,7.733,0.00,2.65,world
206.15,2026-08-31 05:16:32,-86.52,-1.06,4143.66,131.3,corridor,16.20,clear,20.113,7.821,0.00,2.82,world
206.65,2026-08-31 05:16:32,-84.83,-0.65,4142.17,131.3,corridor,16.22,clear,20.113,7.821,0.00,4.07,world
207.15,2026-08-31 05:16:33,-83.11,-0.29,4140.65,131.3,corridor,16.24,clear,19.414,6.984,0.00,3.06,world
207.65,2026-08-31 05:16:33,-81.62,0.03,4139.16,131.3,corridor,16.26,clear,19.414,6.984,0.00,1.05,world
208.15,2026-08-31 05:16:34,-80.19,0.44,4137.43,131.3,corridor,16.28,clear,20.100,7.196,0.00,1.81,world
208.65,2026-08-31 05:16:34,-78.47,0.81,4135.92,131.3,corridor,16.30,clear,20.100,7.196,0.00,3.54,world
209.15,2026-08-31 05:16:35,-76.69,1.09,4134.36,131.3,corridor,16.32,clear,21.426,8.447,0.00,4.36,world
209.65,2026-08-31 05:16:35,-74.85,1.23,4132.75,131.3,corridor,16.34,clear,21.426,8.447,0.00,5.30,world
210.15,2026-08-31 05:16:36,-73.00,1.35,4131.14,131.3,corridor,16.36,clear,20.705,7.393,0.00,6.22,world
210.65,2026-08-31 05:16:36,-71.17,1.52,4129.54,131.3,corridor,16.38,clear,20.705,7.393,0.00,7.05,world
211.15,2026-08-31 05:16:37,-69.30,1.56,4127.90,131.3,corridor,16.40,clear,26.906,8.657,0.00,7.90,world
211.65,2026-08-31 05:16:37,-67.39,1.46,4126.23,131.3,corridor,16.42,clear,26.906,8.657,0.00,8.77,world
212.15,2026-08-31 05:16:38,-65.51,1.43,4124.57,131.3,corridor,16.44,clear,23.668,7.406,0.00,9.63,world
212.65,2026-08-31 05:16:38,-63.86,1.59,4123.05,131.3,corridor,16.46,clear,23.668,7.406,0.00,10.25,world
213.15,2026-08-31 05:16:39,-62.98,1.78,4121.44,131.2,corridor,16.48,clear,21.742,8.675,0.00,10.34,world
213.65,2026-08-31 05:16:39,-61.21,2.05,4119.89,131.2,corridor,16.50,clear,21.742,8.675,0.00,9.96,world
214.15,2026-08-31 05:16:40,-59.43,2.30,4118.32,131.2,corridor,16.52,clear,21.912,9.618,0.00,8.34,world
214.65,2026-08-31 05:16:40,-58.10,2.50,4116.64,131.2,corridor,16.54,clear,21.912,9.618,0.00,6.90,world
215.15,2026-08-31 05:16:41,-56.31,2.73,4115.07,131.2,corridor,16.56,clear,20.802,8.440,0.00,6.27,world
215.65,2026-08-31 05:16:41,-54.50,2.94,4113.49,131.2,corridor,16.58,clear,20.802,8.440,0.00,6.51,world
216.15,2026-08-31 05:16:42,-52.68,3.11,4111.90,131.2,corridor,16.60,clear,21.318,7.857,0.00,7.56,world
216.65,2026-08-31 05:16:42,-51.19,3.18,4110.60,131.2,corridor,16.62,clear,21.318,7.857,0.00,8.83,world
217.15,2026-08-31 05:16:43,-51.98,3.14,4109.35,-167.9,corridor,16.64,clear,23.746,8.701,0.00,8.05,world
217.65,2026-08-31 05:16:43,-50.35,3.07,4107.65,131.0,corridor,16.66,clear,23.746,8.701,0.00,9.93,world
218.15,2026-08-31 05:16:44,-48.43,2.95,4105.98,131.0,corridor,16.68,clear,20.175,7.417,0.00,12.25,world
218.65,2026-08-31 05:16:44,-46.51,2.81,4104.31,131.0,corridor,16.70,clear,20.175,7.417,0.00,14.64,world
219.15,2026-08-31 05:16:45,-44.59,2.66,4102.64,131.0,corridor,16.72,clear,21.269,6.804,0.00,17.08,world
219.65,2026-08-31 05:16:45,-42.66,2.45,4100.96,131.0,corridor,16.74,clear,21.269,6.804,0.00,19.56,world
220.15,2026-08-31 05:16:46,-40.71,2.15,4099.27,131.0,corridor,16.76,clear,22.901,7.439,0.00,22.08,world
220.65,2026-08-31 05:16:46,-38.75,1.78,4097.58,131.0,corridor,16.78,clear,22.901,7.439,0.00,24.62,world
221.15,2026-08-31 05:16:47,-36.79,1.40,4095.88,131.0,corridor,16.80,clear,20.690,6.569,0.00,23.16,world
221.65,2026-08-31 05:16:47,-34.83,0.95,4094.19,131.0,corridor,16.82,clear,20.690,6.569,0.00,21.63,world
222.15,2026-08-31 05:16:48,-32.87,0.45,4092.49,131.0,corridor,16.84,clear,22.505,7.953,0.00,20.23,world
222.65,2026-08-31 05:16:48,-30.91,0.03,4090.80,131.0,corridor,16.86,clear,22.505,7.953,0.00,18.93,world
223.15,2026-08-31 05:16:49,-28.97,-0.17,4089.12,131.0,corridor,16.88,clear,20.897,7.052,0.00,17.78,world
223.65,2026-08-31 05:16:49,-27.03,-0.36,4087.44,131.0,corridor,16.90,clear,20.897,7.052,0.00,16.84,world
224.15,2026-08-31 05:16:50,-25.08,-0.68,4085.75,131.0,corridor,16.92,clear,20.984,6.988,0.00,16.40,world
224.65,2026-08-31 05:16:50,-23.12,-1.05,4084.05,131.0,corridor,16.94,clear,20.984,6.988,0.00,16.36,world
225.15,2026-08-31 05:16:51,-21.17,-1.35,4082.36,131.0,corridor,16.96,clear,22.675,8.256,0.00,16.73,world
225.65,2026-08-31 05:16:51,-19.23,-1.56,4080.69,131.0,corridor,16.98,clear,22.675,8.256,0.00,18.00,world
226.15,2026-08-31 05:16:52,-17.30,-1.72,4079.06,131.0,corridor,17.00,clear,20.300,6.680,0.00,19.58,world
226.65,2026-08-31 05:16:52,-15.36,-1.81,4077.50,131.0,corridor,17.02,clear,20.300,6.680,0.00,21.39,world
227.15,2026-08-31 05:16:53,-13.50,-1.75,4075.88,131.0,corridor,17.04,clear,21.549,7.098,0.00,23.26,world
227.65,2026-08-31 05:16:53,-11.70,-1.52,4074.32,131.0,corridor,17.06,clear,21.549,7.098,0.00,25.18,world
228.15,2026-08-31 05:16:54,-9.71,-1.22,4073.03,131.0,corridor,17.08,clear,20.337,6.433,0.00,27.42,world
228.65,2026-08-31 05:16:54,-9.01,-1.13,4072.42,131.0,corridor,17.10,clear,20.337,6.433,0.00,28.49,world
229.15,2026-08-31 05:16:55,-8.13,-1.13,4073.72,41.0,corridor,17.12,clear,20.143,7.129,0.00,29.97,world
229.65,2026-08-31 05:16:55,-7.25,-1.12,4074.74,41.0,corridor,17.14,clear,20.143,7.129,1.34,31.48,world
230.15,2026-08-31 05:16:56,-5.91,-0.99,4073.48,131.4,corridor,17.16,clear,21.534,7.192,3.17,33.05,world
230.65,2026-08-31 05:16:56,-4.08,-0.88,4071.86,131.4,corridor,17.18,clear,21.534,7.192,5.63,35.13,world
231.15,2026-08-31 05:16:57,-2.24,-0.75,4070.25,131.4,corridor,17.20,clear,23.405,7.728,8.07,37.03,world
231.65,2026-08-31 05:16:57,-0.43,-0.59,4068.64,131.4,corridor,17.22,clear,23.405,7.728,10.49,38.77,world
232.15,2026-08-31 05:16:58,1.41,-0.47,4067.03,131.4,corridor,17.24,clear,21.425,7.267,12.94,40.61,world
232.65,2026-08-31 05:16:58,3.28,-0.45,4065.38,131.4,corridor,17.26,clear,21.425,7.267,15.43,42.54,world
233.15,2026-08-31 05:16:59,5.19,-0.55,4063.71,131.4,corridor,17.28,clear,20.360,6.434,17.97,44.56,world
233.65,2026-08-31 05:16:59,7.10,-0.70,4062.02,131.4,corridor,17.30,clear,20.360,6.434,20.52,46.65,world
234.15,2026-08-31 05:17:00,9.02,-0.84,4060.34,131.4,corridor,17.32,clear,20.484,6.125,23.07,48.78,world
234.65,2026-08-31 05:17:00,10.92,-0.91,4058.67,131.4,corridor,17.34,clear,20.484,6.125,25.60,50.93,world
235.15,2026-08-31 05:17:01,12.82,-0.96,4057.01,131.4,corridor,17.36,clear,20.415,6.539,28.12,53.11,world
235.65,2026-08-31 05:17:01,14.72,-1.06,4055.34,131.4,corridor,17.38,clear,20.415,6.539,30.66,55.33,world
236.15,2026-08-31 05:17:02,16.64,-1.21,4053.65,131.4,corridor,17.40,clear,20.108,6.155,33.21,57.58,world
236.65,2026-08-31 05:17:02,18.55,-1.33,4051.98,131.4,corridor,17.42,clear,20.108,6.155,35.75,59.86,world
237.15,2026-08-31 05:17:03,20.40,-1.27,4050.34,131.4,corridor,17.44,clear,18.843,5.881,38.22,62.09,world
237.65,2026-08-31 05:17:03,22.18,-1.02,4048.78,131.4,corridor,17.46,clear,18.843,5.881,40.59,64.05,world
238.15,2026-08-31 05:17:04,23.90,-0.67,4047.25,131.4,corridor,17.48,clear,21.519,6.307,42.89,61.89,world
238.65,2026-08-31 05:17:04,25.63,-0.33,4045.72,131.4,corridor,17.50,clear,21.519,6.307,45.19,59.74,world
239.15,2026-08-31 05:17:05,27.41,-0.09,4044.15,131.4,corridor,17.52,clear,20.514,6.075,47.57,57.53,world
239.65,2026-08-31 05:17:05,29.22,0.09,4042.54,131.4,corridor,17.54,clear,20.514,6.075,49.99,55.29,world
240.15,2026-08-31 05:17:06,31.07,0.18,4040.91,131.4,corridor,17.56,clear,19.796,5.845,52.46,53.03,world
240.65,2026-08-31 05:17:06,32.93,0.22,4039.26,131.4,corridor,17.58,clear,19.796,5.845,54.94,50.77,world
241.15,2026-08-31 05:17:07,34.79,0.25,4037.62,131.4,corridor,17.60,clear,20.270,7.043,57.43,48.54,world
241.65,2026-08-31 05:17:07,36.67,0.24,4035.96,131.4,corridor,17.62,clear,20.270,7.043,59.93,46.31,world
242.15,2026-08-31 05:17:08,38.57,0.09,4034.28,131.4,corridor,17.64,clear,30.698,22.718,62.47,44.08,world
242.65,2026-08-31 05:17:08,40.51,-0.20,4032.57,131.4,corridor,17.66,clear,30.698,22.718,65.05,41.86,world
243.15,2026-08-31 05:17:09,42.44,-0.44,4030.88,131.4,corridor,17.68,clear,19.602,7.072,67.62,39.68,world
243.65,2026-08-31 05:17:09,44.34,-0.54,4029.20,131.4,corridor,17.70,clear,19.602,7.072,70.16,37.59,world
244.15,2026-08-31 05:17:10,46.24,-0.62,4027.53,131.4,corridor,17.72,clear,21.695,5.599,72.69,35.55,world
244.65,2026-08-31 05:17:10,48.10,-0.58,4025.88,131.4,corridor,17.74,clear,21.695,5.599,75.17,33.62,world
245.15,2026-08-31 05:17:11,49.84,-0.27,4024.34,131.4,corridor,17.76,clear,20.478,5.677,77.50,31.87,world
245.65,2026-08-31 05:17:11,51.50,0.20,4022.87,131.4,corridor,17.78,clear,20.478,5.677,79.71,30.29,world
246.15,2026-08-31 05:17:12,53.17,0.63,4021.39,131.4,corridor,17.80,clear,21.512,6.327,0.00,28.77,world
246.65,2026-08-31 05:17:12,54.92,0.93,4019.84,131.4,corridor,17.82,clear,21.512,6.327,0.00,27.29,world
247.15,2026-08-31 05:17:13,56.54,1.10,4018.40,131.4,corridor,17.84,clear,21.330,6.083,0.00,26.03,world
247.65,2026-08-31 05:17:13,58.33,1.33,4016.82,131.4,corridor,17.86,clear,21.330,6.083,0.00,24.78,world
248.15,2026-08-31 05:17:14,60.14,1.52,4015.21,131.4,corridor,17.88,clear,19.553,6.652,0.00,23.70,world
248.65,2026-08-31 05:17:14,62.02,1.48,4013.55,131.4,corridor,17.90,clear,19.553,6.652,0.00,22.80,world
249.15,2026-08-31 05:17:15,63.95,1.18,4011.85,131.4,corridor,17.92,clear,21.850,8.275,0.00,21.55,world
249.65,2026-08-31 05:17:15,65.89,0.81,4010.14,131.4,corridor,17.94,clear,21.850,8.275,0.00,20.23,world
250.15,2026-08-31 05:17:16,67.83,0.44,4008.43,131.4,corridor,17.96,clear,20.344,7.355,0.00,19.22,world
250.65,2026-08-31 05:17:16,69.77,0.12,4006.72,131.4,corridor,17.98,clear,20.344,7.355,0.00,19.04,world
251.15,2026-08-31 05:17:17,71.69,-0.11,4005.03,131.4,corridor,18.00,clear,20.335,7.199,0.00,19.05,world
251.65,2026-08-31 05:17:17,73.60,-0.28,4003.34,131.4,corridor,18.02,clear,20.335,7.199,0.00,19.28,world
252.15,2026-08-31 05:17:18,75.51,-0.43,4001.65,131.4,corridor,18.04,clear,19.444,7.218,0.00,19.69,world
252.65,2026-08-31 05:17:18,77.41,-0.57,3999.97,131.4,corridor,18.06,clear,19.444,7.218,0.00,20.28,world
253.15,2026-08-31 05:17:19,79.30,-0.62,3998.31,131.4,corridor,18.08,clear,19.861,7.328,0.00,21.04,world
253.65,2026-08-31 05:17:19,81.18,-0.65,3996.65,131.4,corridor,18.10,clear,19.861,7.328,0.00,21.84,world
254.15,2026-08-31 05:17:20,83.07,-0.72,3994.98,131.4,corridor,18.12,clear,19.096,7.417,0.00,22.78,world
254.65,2026-08-31 05:17:20,84.98,-0.85,3993.30,131.4,corridor,18.14,clear,19.096,7.417,0.00,23.96,world
255.15,2026-08-31 05:17:21,86.89,-1.00,3991.62,131.4,corridor,18.16,clear,20.839,7.535,0.00,25.35,world
255.65,2026-08-31 05:17:21,88.81,-1.16,3989.94,131.4,corridor,18.18,clear,20.839,7.535,0.00,26.91,world
256.15,2026-08-31 05:17:22,90.74,-1.39,3988.24,131.4,corridor,18.20,clear,20.320,6.811,0.00,28.62,world
256.65,2026-08-31 05:17:22,92.66,-1.61,3986.55,131.4,corridor,18.22,clear,20.320,6.811,0.68,30.46,world
257.15,2026-08-31 05:17:23,94.56,-1.71,3984.87,131.4,corridor,18.24,clear,19.574,6.250,0.00,29.27,world
257.65,2026-08-31 05:17:23,96.45,-1.74,3983.22,131.4,corridor,18.26,clear,19.574,6.250,0.00,26.88,world
258.15,2026-08-31 05:17:24,98.33,-1.75,3981.56,131.4,corridor,18.28,clear,19.711,6.300,0.00,24.52,world
258.65,2026-08-31 05:17:24,100.21,-1.79,3979.90,131.4,corridor,18.30,clear,19.711,6.300,0.00,22.18,world
259.15,2026-08-31 05:17:25,102.11,-1.87,3978.24,131.4,corridor,18.32,clear,19.752,6.418,0.00,19.87,world
259.65,2026-08-31 05:17:25,104.02,-1.98,3976.56,131.4,corridor,18.34,clear,19.752,6.418,0.00,17.61,world
260.15,2026-08-31 05:17:26,105.93,-2.15,3974.88,131.4,corridor,18.36,clear,21.347,6.949,0.00,15.43,world
260.65,2026-08-31 05:17:26,107.84,-2.28,3973.20,131.4,corridor,18.38,clear,21.347,6.949,0.00,13.38,world
261.15,2026-08-31 05:17:27,109.74,-2.38,3971.53,131.4,corridor,18.40,clear,20.239,7.510,0.00,11.53,world
261.65,2026-08-31 05:17:27,111.65,-2.54,3969.85,131.4,corridor,18.42,clear,20.239,7.510,0.00,9.99,world
262.15,2026-08-31 05:17:28,113.58,-2.80,3968.15,131.4,corridor,18.44,clear,20.756,6.566,0.00,8.90,world
262.65,2026-08-31 05:17:28,115.51,-3.08,3966.45,131.4,corridor,18.46,clear,20.756,6.566,0.00,8.48,world
263.15,2026-08-31 05:17:29,117.44,-3.31,3964.75,131.4,corridor,18.48,clear,20.420,7.556,0.00,8.83,world
263.65,2026-08-31 05:17:29,119.36,-3.52,3963.06,131.4,corridor,18.50,clear,20.420,7.556,0.00,9.85,world
264.15,2026-08-31 05:17:30,121.29,-3.78,3961.36,131.4,corridor,18.52,clear,22.041,9.170,0.00,8.46,world
264.65,2026-08-31 05:17:30,123.23,-4.11,3959.66,131.4,corridor,18.54,clear,22.041,9.170,0.00,6.33,world
265.15,2026-08-31 05:17:31,125.16,-4.40,3957.96,131.4,corridor,18.56,clear,23.706,8.456,0.00,4.12,world
265.65,2026-08-31 05:17:31,127.05,-4.45,3956.29,131.4,corridor,18.58,clear,23.706,8.456,0.00,2.00,world
266.15,2026-08-31 05:17:32,128.89,-4.36,3954.66,131.4,corridor,18.60,clear,20.020,7.169,0.00,1.89,world
266.65,2026-08-31 05:17:32,130.77,-4.39,3953.01,131.4,corridor,18.62,clear,20.020,7.169,0.00,3.95,world
267.15,2026-08-31 05:17:33,132.70,-4.64,3951.31,131.4,corridor,18.64,clear,19.866,6.605,0.00,6.40,world
267.65,2026-08-31 05:17:33,134.63,-4.91,3949.62,131.4,corridor,18.66,clear,19.866,6.605,0.00,8.92,world
268.15,2026-08-31 05:17:34,136.54,-5.04,3947.94,131.4,corridor,18.68,clear,23.318,12.894,0.00,11.43,world
268.65,2026-08-31 05:17:34,138.40,-5.00,3946.29,131.4,corridor,18.70,clear,23.318,12.894,0.00,13.90,world
269.15,2026-08-31 05:17:35,140.08,-4.97,3944.69,131.3,corridor,18.72,clear,20.062,7.824,0.00,16.20,world
269.65,2026-08-31 05:17:35,140.99,-5.10,3943.02,131.2,corridor,18.74,clear,20.062,7.824,0.00,17.93,world
270.15,2026-08-31 05:17:36,142.92,-5.35,3941.33,131.2,corridor,18.76,clear,19.429,8.009,0.00,20.53,world
270.65,2026-08-31 05:17:36,144.86,-5.69,3939.63,131.2,corridor,18.78,clear,19.429,8.009,0.00,23.16,world
271.15,2026-08-31 05:17:37,146.79,-5.94,3937.94,131.2,corridor,18.80,clear,20.497,7.253,0.00,25.58,world
271.65,2026-08-31 05:17:37,148.71,-6.07,3936.26,131.2,corridor,18.82,clear,20.497,7.253,0.00,27.94,world
272.15,2026-08-31 05:17:38,150.62,-6.21,3934.59,131.2,corridor,18.84,clear,19.674,6.973,0.00,27.59,world
272.65,2026-08-31 05:17:38,152.54,-6.36,3932.91,131.2,corridor,18.86,clear,19.674,6.973,0.00,26.03,world
273.15,2026-08-31 05:17:39,154.45,-6.48,3931.24,131.2,corridor,18.88,clear,20.662,8.145,0.00,24.64,world
273.65,2026-08-31 05:17:39,156.35,-6.60,3929.57,131.2,corridor,18.90,clear,20.662,8.145,0.00,23.45,world
274.15,2026-08-31 05:17:40,158.26,-6.71,3927.90,131.2,corridor,18.92,clear,21.169,8.726,0.00,22.48,world
274.65,2026-08-31 05:17:40,160.14,-6.75,3926.25,131.2,corridor,18.94,clear,21.169,8.726,0.00,21.76,world
275.15,2026-08-31 05:17:41,162.03,-6.79,3924.59,131.2,corridor,18.96,clear,20.172,7.294,0.00,21.44,world
275.65,2026-08-31 05:17:41,163.94,-6.91,3922.92,131.2,corridor,18.98,clear,20.172,7.294,0.00,21.53,world
276.15,2026-08-31 05:17:42,165.85,-7.02,3921.25,131.2,corridor,19.00,clear,20.022,8.728,0.00,22.04,world
276.65,2026-08-31 05:17:42,167.69,-6.90,3919.64,131.2,corridor,19.02,clear,20.022,8.728,0.00,22.92,world
277.15,2026-08-31 05:17:43,169.43,-6.58,3918.11,131.2,corridor,19.04,clear,20.227,8.310,0.00,24.08,world
277.65,2026-08-31 05:17:43,171.13,-6.19,3916.62,131.2,corridor,19.06,clear,20.227,8.310,0.00,25.47,world
278.15,2026-08-31 05:17:44,172.87,-5.85,3915.11,131.2,corridor,19.08,clear,20.713,7.274,0.00,27.12,world
278.65,2026-08-31 05:17:44,174.66,-5.59,3913.55,131.2,corridor,19.10,clear,20.713,7.274,0.00,29.02,world
279.15,2026-08-31 05:17:45,176.47,-5.37,3911.97,131.2,corridor,19.12,clear,21.936,6.753,1.28,31.12,world
279.65,2026-08-31 05:17:45,178.27,-5.15,3910.39,131.2,corridor,19.14,clear,21.936,6.753,3.67,33.35,world
280.15,2026-08-31 05:17:46,180.07,-4.93,3908.82,131.2,corridor,19.16,clear,25.017,8.563,6.07,35.15,world
280.65,2026-08-31 05:17:46,181.94,-4.88,3907.19,131.2,corridor,19.18,clear,25.017,8.563,8.54,37.08,world
281.15,2026-08-31 05:17:47,183.84,-4.97,3905.52,131.2,corridor,19.20,clear,19.223,6.196,11.07,39.13,world
281.65,2026-08-31 05:17:47,185.74,-5.02,3903.86,131.2,corridor,19.22,clear,19.223,6.196,13.59,41.21,world
282.15,2026-08-31 05:17:48,187.57,-4.87,3902.26,131.2,corridor,19.24,clear,19.490,6.131,16.02,43.09,world
282.65,2026-08-31 05:17:48,189.34,-4.60,3900.71,131.2,corridor,19.26,clear,19.490,6.131,18.38,44.56,world
283.15,2026-08-31 05:17:49,191.09,-4.30,3899.17,131.2,corridor,19.28,clear,25.232,6.163,20.71,46.10,world
283.65,2026-08-31 05:17:49,192.83,-3.98,3897.64,131.2,corridor,19.30,clear,25.232,6.163,23.03,47.69,world
284.15,2026-08-31 05:17:50,194.57,-3.63,3896.11,131.2,corridor,19.32,clear,19.269,6.361,25.34,49.33,world
284.65,2026-08-31 05:17:50,196.32,-3.33,3894.57,131.2,corridor,19.34,clear,19.269,6.361,27.68,47.31,world
285.15,2026-08-31 05:17:51,198.10,-3.06,3893.00,131.2,corridor,19.36,clear,20.385,7.103,30.04,45.06,world
285.65,2026-08-31 05:17:51,199.87,-2.79,3891.44,131.2,corridor,19.38,clear,20.385,7.103,32.41,42.81,world
286.15,2026-08-31 05:17:52,201.68,-2.59,3889.85,131.2,corridor,19.40,clear,19.744,6.891,34.82,40.54,world
286.65,2026-08-31 05:17:52,203.50,-2.41,3888.25,131.2,corridor,19.42,clear,19.744,6.891,37.24,38.28,world
287.15,2026-08-31 05:17:53,205.29,-2.18,3886.68,131.2,corridor,19.44,clear,19.344,5.923,39.62,36.07,world
287.65,2026-08-31 05:17:53,207.07,-1.92,3885.12,131.2,corridor,19.46,clear,19.344,5.923,41.99,33.90,world
288.15,2026-08-31 05:17:54,208.89,-1.76,3883.51,131.2,corridor,19.48,clear,23.084,6.312,44.42,31.71,world
288.65,2026-08-31 05:17:54,210.78,-1.82,3881.85,131.2,corridor,19.50,clear,23.084,6.312,0.00,29.47,world
289.15,2026-08-31 05:17:55,212.71,-2.17,3880.15,131.2,corridor,19.52,clear,20.075,6.823,0.00,27.23,world
289.65,2026-08-31 05:17:55,214.66,-2.69,3878.45,131.2,corridor,19.54,clear,20.075,6.823,0.00,25.04,world
290.15,2026-08-31 05:17:56,216.43,-3.11,3876.91,131.2,corridor,19.56,clear,21.673,6.635,0.00,23.13,world
290.65,2026-08-31 05:17:56,218.37,-3.54,3875.20,131.2,corridor,19.58,clear,21.673,6.635,0.00,21.12,world
291.15,2026-08-31 05:17:57,220.14,-3.92,3873.66,131.2,corridor,19.60,clear,24.785,8.856,0.00,19.79,world
291.65,2026-08-31 05:17:57,222.04,-4.17,3871.99,131.2,corridor,19.62,clear,24.785,8.856,0.00,18.57,world
292.15,2026-08-31 05:17:58,223.87,-4.02,3870.39,131.2,corridor,19.64,clear,23.402,9.495,0.00,17.67,world
292.65,2026-08-31 05:17:58,225.58,-3.64,3868.90,131.2,corridor,19.66,clear,23.402,9.495,0.00,17.10,world
293.15,2026-08-31 05:17:59,227.23,-3.18,3867.45,131.2,corridor,19.68,clear,22.876,8.845,0.00,16.83,world
293.65,2026-08-31 05:17:59,228.87,-2.71,3866.01,131.2,corridor,19.70,clear,22.876,8.845,0.00,16.82,world
294.15,2026-08-31 05:18:00,230.51,-2.23,3864.57,131.2,corridor,19.72,clear,21.436,9.165,0.00,17.07,world
294.65,2026-08-31 05:18:00,232.19,-1.81,3863.10,131.2,corridor,19.74,clear,21.436,9.165,0.00,17.53,world
295.15,2026-08-31 05:18:01,233.94,-1.50,3861.57,131.2,corridor,19.76,clear,21.571,8.217,0.00,17.89,world
295.65,2026-08-31 05:18:01,235.75,-1.31,3859.99,131.2,corridor,19.78,clear,21.571,8.217,0.00,18.55,world
296.15,2026-08-31 05:18:02,237.57,-1.11,3858.40,131.2,corridor,19.80,clear,23.082,8.279,0.00,17.82,world
296.65,2026-08-31 05:18:02,239.34,-0.82,3856.86,131.2,corridor,19.82,clear,23.082,8.279,0.00,16.82,world
297.15,2026-08-31 05:18:03,241.12,-0.57,3855.30,131.2,corridor,19.84,clear,21.654,8.582,0.00,16.12,world
297.65,2026-08-31 05:18:03,242.97,-0.46,3853.68,131.2,corridor,19.86,clear,21.654,8.582,0.00,15.75,world
298.15,2026-08-31 05:18:04,244.82,-0.36,3852.06,131.2,corridor,19.88,clear,22.628,8.128,0.00,15.75,world
298.65,2026-08-31 05:18:04,246.64,-0.20,3850.47,131.2,corridor,19.90,clear,22.628,8.128,0.00,16.13,world
299.15,2026-08-31 05:18:05,248.46,-0.01,3848.88,131.2,corridor,19.92,clear,23.519,8.091,0.00,16.71,world
299.65,2026-08-31 05:18:05,250.30,0.15,3847.28,131.2,corridor,19.94,clear,23.519,8.091,0.00,17.04,world
300.15,2026-08-31 05:18:06,252.12,0.36,3845.70,131.2,corridor,19.96,clear,22.290,9.629,0.00,17.55,world
300.65,2026-08-31 05:18:06,253.89,0.66,3844.15,131.2,corridor,19.98,clear,22.290,9.629,0.00,18.19,world
301.15,2026-08-31 05:18:07,255.60,1.05,3842.65,131.2,corridor,20.00,clear,24.453,9.273,0.00,18.92,world
301.65,2026-08-31 05:18:07,257.29,1.50,3841.18,131.2,corridor,20.02,clear,24.453,9.273,0.00,19.75,world
302.15,2026-08-31 05:18:08,258.95,1.98,3839.73,131.2,corridor,20.04,clear,24.320,13.105,0.00,20.63,world
302.65,2026-08-31 05:18:08,260.64,2.41,3838.25,131.2,corridor,20.06,clear,24.320,13.105,0.00,20.51,world
303.15,2026-08-31 05:18:09,262.44,2.64,3836.68,131.2,corridor,20.08,clear,22.300,10.896,0.00,18.32,world
303.65,2026-08-31 05:18:09,264.34,2.59,3835.02,131.2,corridor,20.10,clear,22.300,10.896,0.00,16.06,world
304.15,2026-08-31 05:18:10,266.27,2.38,3833.34,131.2,corridor,20.12,clear,23.351,9.366,0.00,13.85,world
304.65,2026-08-31 05:18:10,268.19,2.21,3831.66,131.2,corridor,20.14,clear,23.351,9.366,0.00,11.80,world
305.15,2026-08-31 05:18:11,270.08,2.19,3830.01,131.2,corridor,20.16,clear,24.613,8.733,0.00,10.01,world
305.65,2026-08-31 05:18:11,271.93,2.28,3828.38,131.2,corridor,20.18,clear,24.613,8.733,0.00,8.60,world
306.15,2026-08-31 05:18:12,273.79,2.33,3826.75,131.2,corridor,20.20,clear,24.709,11.985,0.00,7.74,world
306.65,2026-08-31 05:18:12,275.67,2.30,3825.10,131.2,corridor,20.22,clear,24.709,11.985,0.00,7.63,world
307.15,2026-08-31 05:18:13,277.59,2.15,3823.43,131.2,corridor,20.24,clear,24.755,11.004,0.00,8.33,world
307.65,2026-08-31 05:18:13,279.52,1.93,3821.74,131.2,corridor,20.26,clear,24.755,11.004,0.00,9.68,world
308.15,2026-08-31 05:18:14,281.45,1.73,3820.05,131.2,corridor,20.28,clear,24.908,10.696,0.00,11.45,world
308.65,2026-08-31 05:18:14,283.37,1.55,3818.37,131.2,corridor,20.30,clear,24.908,10.696,0.00,9.11,world
309.15,2026-08-31 05:18:15,285.27,1.50,3816.71,131.2,corridor,20.32,clear,22.963,9.880,0.00,6.83,world
309.65,2026-08-31 05:18:15,287.10,1.65,3815.12,131.2,corridor,20.34,clear,22.963,9.880,0.00,4.84,world
310.15,2026-08-31 05:18:16,288.86,1.93,3813.57,131.2,corridor,20.36,clear,25.002,9.758,0.00,3.49,world
310.65,2026-08-31 05:18:16,290.60,2.25,3812.04,131.2,corridor,20.38,clear,25.002,9.758,0.00,3.45,world
311.15,2026-08-31 05:18:17,292.35,2.57,3810.51,131.2,corridor,20.40,clear,24.636,9.277,0.00,4.34,world
311.65,2026-08-31 05:18:17,294.08,2.91,3808.99,131.2,corridor,20.42,clear,24.636,9.277,0.00,2.49,world
312.15,2026-08-31 05:18:18,295.77,3.32,3807.51,131.2,corridor,20.44,clear,23.646,9.864,0.00,2.02,world
312.65,2026-08-31 05:18:18,297.42,3.77,3806.05,131.2,corridor,20.46,clear,23.646,9.864,0.00,3.44,world
313.15,2026-08-31 05:18:19,299.08,4.22,3804.60,131.2,corridor,20.48,clear,23.690,9.886,0.00,4.70,world
313.65,2026-08-31 05:18:19,300.79,4.60,3803.10,131.2,corridor,20.50,clear,23.690,9.886,0.00,4.16,world
314.15,2026-08-31 05:18:20,302.53,4.92,3801.57,131.2,corridor,20.52,clear,22.361,9.228,0.00,4.80,world
314.65,2026-08-31 05:18:20,304.26,5.26,3800.05,131.2,corridor,20.54,clear,22.361,9.228,0.00,6.27,world
315.15,2026-08-31 05:18:21,305.93,5.69,3798.58,131.2,corridor,20.56,clear,36.716,9.705,0.00,8.08,world
315.65,2026-08-31 05:18:21,307.59,6.16,3797.13,131.2,corridor,20.58,clear,36.716,9.705,0.00,10.03,world
316.15,2026-08-31 05:18:22,309.22,6.65,3795.70,131.2,corridor,20.60,clear,22.740,8.830,0.00,12.03,world
316.65,2026-08-31 05:18:22,310.88,7.11,3794.25,131.2,corridor,20.62,clear,22.740,8.830,0.00,14.07,world
317.15,2026-08-31 05:18:23,312.61,7.47,3792.74,131.2,corridor,20.64,clear,22.593,11.263,0.00,16.14,world
317.65,2026-08-31 05:18:23,314.37,7.76,3791.20,131.2,corridor,20.66,clear,22.593,11.263,0.00,18.26,world
318.15,2026-08-31 05:18:24,316.10,8.10,3789.68,131.2,the_tether_relay,20.68,clear,27.548,518.618,0.00,20.34,world
318.65,2026-08-31 05:18:25,317.85,8.42,3788.15,131.2,the_tether_relay,20.70,clear,27.548,518.618,0.00,22.43,world
319.15,2026-08-31 05:18:25,319.67,8.57,3786.55,131.2,the_tether_relay,20.72,clear,21.954,33.505,0.00,24.75,world
319.65,2026-08-31 05:18:26,321.57,8.51,3784.89,131.2,the_tether_relay,20.74,clear,21.954,33.505,0.00,27.18,world
320.15,2026-08-31 05:18:26,323.49,8.33,3783.21,131.2,the_tether_relay,20.76,clear,23.998,9.085,0.00,29.67,world
320.65,2026-08-31 05:18:27,325.42,8.14,3781.53,131.2,the_tether_relay,20.78,clear,23.998,9.085,0.00,28.51,world
321.15,2026-08-31 05:18:27,327.34,8.00,3779.85,131.2,the_tether_relay,20.80,clear,23.412,9.233,0.00,25.96,world
321.65,2026-08-31 05:18:28,329.26,7.84,3778.18,131.2,the_tether_relay,20.82,clear,22.390,9.657,0.00,23.41,world
322.15,2026-08-31 05:18:28,331.20,7.56,3776.48,131.2,the_tether_relay,20.84,clear,22.390,9.657,0.00,20.83,world
322.65,2026-08-31 05:18:29,333.15,7.27,3774.78,131.3,the_tether_relay,20.86,clear,22.390,9.657,0.00,18.25,world
323.15,2026-08-31 05:18:29,334.88,7.11,3773.27,131.3,the_tether_relay,20.88,clear,25.560,8.062,0.00,15.96,world
323.65,2026-08-31 05:18:30,336.79,6.98,3771.59,131.3,the_tether_relay,20.90,clear,25.560,8.062,0.00,13.42,world
324.15,2026-08-31 05:18:30,337.83,6.89,3770.70,120.8,the_tether_relay,20.92,clear,29.178,9.217,0.00,12.06,world
324.65,2026-08-31 05:18:31,339.69,6.77,3771.16,137.3,the_tether_relay,20.94,clear,29.178,9.217,0.00,10.95,world
325.15,2026-08-31 05:18:31,341.43,6.53,3769.28,137.3,the_tether_relay,20.96,clear,23.590,8.370,0.00,8.38,world
325.65,2026-08-31 05:18:32,343.18,6.26,3767.39,137.3,the_tether_relay,20.98,clear,23.590,8.370,0.00,5.82,world
326.23,2026-08-31 05:18:32,344.79,5.97,3765.65,137.3,the_tether_relay,21.01,clear,23.057,7.640,0.00,3.46,narrative_modal
326.73,2026-08-31 05:18:33,344.79,5.97,3765.65,137.3,the_tether_relay,21.03,clear,24.046,403.243,0.00,3.46,narrative_modal
327.25,2026-08-31 05:18:33,344.79,5.97,3765.65,137.3,the_tether_relay,21.05,clear,24.046,403.243,0.00,3.46,narrative_modal
327.75,2026-08-31 05:18:34,344.79,5.97,3765.65,137.3,the_tether_relay,21.07,clear,24.381,17.050,0.00,3.46,narrative_modal
328.25,2026-08-31 05:18:34,344.41,5.96,3765.00,-149.4,the_tether_relay,21.09,clear,24.381,17.050,0.00,3.43,world
328.75,2026-08-31 05:18:35,343.14,5.92,3762.83,-149.4,the_tether_relay,21.11,clear,28.188,10.931,0.00,4.41,world
329.25,2026-08-31 05:18:35,341.86,5.86,3760.66,-149.4,the_tether_relay,21.13,clear,28.188,10.931,0.00,6.31,world
329.75,2026-08-31 05:18:36,340.62,5.95,3758.53,-149.4,the_tether_relay,21.15,clear,22.742,9.147,0.00,8.49,world
330.25,2026-08-31 05:18:36,339.38,6.07,3756.42,-149.4,the_tether_relay,21.17,clear,22.742,9.147,0.00,10.77,world
330.75,2026-08-31 05:18:37,338.11,6.07,3754.27,-149.4,the_tether_relay,21.19,clear,22.957,6.996,0.00,13.16,world
331.25,2026-08-31 05:18:37,337.11,5.92,3752.27,-149.4,the_tether_relay,21.21,clear,22.957,6.996,0.00,15.29,world
331.75,2026-08-31 05:18:38,337.26,5.88,3752.07,-149.4,the_tether_relay,21.23,clear,22.364,7.916,0.00,15.35,world
332.25,2026-08-31 05:18:38,338.33,6.01,3753.87,30.6,the_tether_relay,21.25,clear,22.364,7.916,0.00,13.30,world
332.75,2026-08-31 05:18:39,337.76,5.95,3753.01,-117.9,the_tether_relay,21.27,clear,23.618,10.869,0.00,14.31,world
333.25,2026-08-31 05:18:39,336.02,6.22,3753.87,-59.4,the_tether_relay,21.29,clear,23.618,10.869,0.00,14.98,world
333.75,2026-08-31 05:18:40,335.52,6.37,3754.60,-149.5,the_tether_relay,21.31,clear,22.333,7.330,0.00,14.92,world
334.25,2026-08-31 05:18:40,337.19,6.06,3753.47,120.5,the_tether_relay,21.33,clear,22.333,7.330,0.00,14.38,world
334.75,2026-08-31 05:18:41,339.24,5.75,3752.30,-176.5,the_tether_relay,21.35,clear,21.789,9.558,0.00,13.92,world
335.25,2026-08-31 05:18:41,339.22,5.75,3752.31,-59.4,the_tether_relay,21.37,clear,21.789,9.558,0.00,13.92,world
335.75,2026-08-31 05:18:42,337.04,6.10,3753.65,-59.4,the_tether_relay,21.39,clear,23.655,7.219,0.00,14.37,world
336.25,2026-08-31 05:18:42,336.47,6.10,3753.21,-149.5,the_tether_relay,21.41,clear,23.655,7.219,0.00,15.08,world
336.75,2026-08-31 05:18:43,337.07,5.93,3752.34,-149.4,the_tether_relay,21.43,clear,23.077,8.046,0.00,15.28,world
337.25,2026-08-31 05:18:43,337.25,5.88,3752.07,-149.4,the_tether_relay,21.45,clear,23.077,8.046,0.00,15.35,world
337.75,2026-08-31 05:18:44,338.16,5.99,3753.59,30.6,the_tether_relay,21.47,clear,22.631,7.253,0.00,13.62,world
338.25,2026-08-31 05:18:44,337.95,5.97,3753.23,-149.4,the_tether_relay,21.49,clear,22.631,7.253,0.00,14.02,world
338.75,2026-08-31 05:18:45,336.09,6.20,3753.80,-59.4,the_tether_relay,21.51,clear,26.463,8.583,0.00,14.98,world
339.25,2026-08-31 05:18:45,335.26,6.45,3754.99,-149.6,the_tether_relay,21.53,clear,26.463,8.583,0.00,14.91,world
339.75,2026-08-31 05:18:46,336.68,6.17,3753.96,120.5,the_tether_relay,21.55,clear,25.874,9.301,0.00,14.43,world
340.25,2026-08-31 05:18:46,338.87,5.80,3752.65,141.5,the_tether_relay,21.57,clear,25.874,9.301,0.00,13.87,world
340.75,2026-08-31 05:18:47,339.18,5.75,3752.33,-128.4,the_tether_relay,21.59,clear,22.450,22.940,0.00,13.93,world
341.25,2026-08-31 05:18:47,337.35,6.05,3753.46,-59.4,the_tether_relay,21.61,clear,22.450,22.940,0.00,14.28,world
341.75,2026-08-31 05:18:48,336.06,6.21,3753.82,-149.5,the_tether_relay,21.63,clear,25.799,9.292,0.00,14.99,world
342.25,2026-08-31 05:18:48,336.63,6.05,3752.99,-149.5,the_tether_relay,21.65,clear,25.799,9.292,0.00,15.13,world
342.75,2026-08-31 05:18:49,337.22,5.89,3752.11,-149.4,the_tether_relay,21.67,clear,27.712,14.905,0.00,15.34,world
343.25,2026-08-31 05:18:49,337.54,5.92,3752.55,-75.9,the_tether_relay,21.69,clear,27.712,14.905,0.00,14.80,world
343.75,2026-08-31 05:18:50,338.67,6.01,3754.46,-32.5,the_tether_relay,21.71,clear,24.462,11.011,0.00,12.64,world
344.25,2026-08-31 05:18:50,337.41,6.02,3753.32,-59.4,the_tether_relay,21.73,clear,24.462,11.011,0.00,14.33,world
344.75,2026-08-31 05:18:51,335.53,6.37,3754.58,-59.4,the_tether_relay,21.75,clear,24.961,9.257,0.00,14.92,world
345.25,2026-08-31 05:18:51,335.40,6.41,3754.78,-149.5,the_tether_relay,21.77,clear,24.961,9.257,0.00,14.92,world
345.75,2026-08-31 05:18:52,337.47,6.04,3753.52,120.5,the_tether_relay,21.79,clear,25.575,8.424,0.00,14.15,world
346.25,2026-08-31 05:18:52,339.09,5.77,3752.39,-149.4,the_tether_relay,21.81,clear,25.575,8.424,0.00,13.93,world
346.75,2026-08-31 05:18:53,338.69,5.82,3752.65,-59.4,the_tether_relay,21.83,clear,22.527,8.091,0.00,13.98,world
347.25,2026-08-31 05:18:53,336.70,6.15,3753.84,-59.4,the_tether_relay,21.85,clear,22.527,8.091,0.00,14.49,world
347.75,2026-08-31 05:18:54,336.36,6.13,3753.38,-149.5,the_tether_relay,21.87,clear,22.861,8.708,0.00,15.05,world
348.25,2026-08-31 05:18:54,336.96,5.96,3752.50,-149.5,the_tether_relay,21.89,clear,22.861,8.708,0.00,15.23,world
348.75,2026-08-31 05:18:55,337.25,5.88,3752.07,-149.4,the_tether_relay,21.91,clear,23.818,7.548,0.00,15.35,world
349.25,2026-08-31 05:18:55,338.25,6.00,3753.74,30.6,the_tether_relay,21.93,clear,23.818,7.548,0.00,13.45,world
349.75,2026-08-31 05:18:56,338.13,5.99,3753.54,-149.4,the_tether_relay,21.95,clear,27.852,8.259,0.00,13.68,world
350.25,2026-08-31 05:18:56,336.29,6.21,3753.99,-59.4,the_tether_relay,21.97,clear,27.852,8.259,0.00,14.70,world
350.75,2026-08-31 05:18:57,335.19,6.47,3755.08,-149.6,the_tether_relay,21.99,clear,23.140,7.580,0.00,14.91,world
351.25,2026-08-31 05:18:57,336.49,6.20,3754.10,120.5,the_tether_relay,22.01,clear,23.140,7.580,0.00,14.47,world
351.75,2026-08-31 05:18:58,338.50,5.87,3752.92,120.5,the_tether_relay,22.03,clear,28.285,9.478,0.00,13.89,world
352.25,2026-08-31 05:18:58,338.96,5.78,3752.47,-149.4,the_tether_relay,22.05,clear,28.285,9.478,0.00,13.95,world
352.75,2026-08-31 05:18:59,339.53,5.71,3752.11,120.6,the_tether_relay,22.07,clear,23.271,8.747,0.00,13.90,world
353.25,2026-08-31 05:18:59,339.40,5.73,3752.20,-96.8,the_tether_relay,22.09,clear,23.271,8.747,0.00,13.91,world
353.75,2026-08-31 05:19:00,337.20,6.07,3753.55,-59.4,the_tether_relay,22.11,clear,21.594,7.467,0.00,14.32,world
354.25,2026-08-31 05:19:00,336.19,6.18,3753.63,-149.5,the_tether_relay,22.13,clear,21.594,7.467,0.00,15.01,world
354.75,2026-08-31 05:19:01,336.78,6.01,3752.76,-149.5,the_tether_relay,22.15,clear,29.372,8.844,0.00,15.17,world
355.25,2026-08-31 05:19:01,337.25,5.88,3752.07,-149.4,the_tether_relay,22.17,clear,29.372,8.844,0.00,15.35,world
355.75,2026-08-31 05:19:02,337.75,5.94,3752.89,8.1,the_tether_relay,22.19,clear,22.840,10.287,0.00,14.41,world
356.25,2026-08-31 05:19:02,338.38,6.01,3753.96,-116.5,the_tether_relay,22.21,clear,22.840,10.287,0.00,13.19,world
356.75,2026-08-31 05:19:03,336.75,6.09,3753.41,-59.4,the_tether_relay,22.23,clear,23.180,7.683,0.00,14.74,world
357.25,2026-08-31 05:19:03,336.03,6.22,3753.85,-101.4,the_tether_relay,22.25,clear,23.180,7.683,0.00,14.99,world
357.75,2026-08-31 05:19:04,336.41,6.15,3753.63,120.5,the_tether_relay,22.27,clear,23.433,7.675,0.00,14.85,world
358.25,2026-08-31 05:19:04,337.75,5.93,3752.84,120.5,the_tether_relay,22.29,clear,23.433,7.675,0.00,14.44,world
358.75,2026-08-31 05:19:05,337.32,5.89,3752.18,-149.4,the_tether_relay,22.31,clear,23.123,18.005,0.00,15.22,world
359.25,2026-08-31 05:19:05,337.25,5.88,3752.07,-149.4,the_tether_relay,22.33,clear,23.123,18.005,0.00,15.35,world
359.75,2026-08-31 05:19:06,338.50,6.01,3754.16,30.6,the_tether_relay,22.35,clear,22.884,8.783,0.00,12.97,world
360.25,2026-08-31 05:19:06,337.85,5.97,3753.21,-107.4,the_tether_relay,22.37,clear,22.884,8.783,0.00,14.11,world
360.75,2026-08-31 05:19:07,335.89,6.28,3754.23,-59.4,the_tether_relay,22.39,clear,41.952,7.314,0.00,14.86,world
361.25,2026-08-31 05:19:07,335.38,6.42,3754.81,-149.5,the_tether_relay,22.41,clear,41.952,7.314,0.00,14.91,world
361.75,2026-08-31 05:19:08,335.97,6.24,3753.95,-149.5,the_tether_relay,22.43,clear,22.433,8.286,0.00,14.97,world
362.25,2026-08-31 05:19:08,336.57,6.07,3753.07,-149.5,the_tether_relay,22.45,clear,22.433,8.286,0.00,15.11,world
362.75,2026-08-31 05:19:09,337.17,5.91,3752.20,-149.4,the_tether_relay,22.47,clear,21.217,7.513,0.00,15.31,world
363.25,2026-08-31 05:19:09,337.25,5.88,3752.07,-149.4,the_tether_relay,22.49,clear,21.217,7.513,0.00,15.35,world
363.75,2026-08-31 05:19:10,338.37,6.01,3753.94,30.6,the_tether_relay,22.51,clear,22.492,7.438,0.00,13.22,world
364.25,2026-08-31 05:19:10,337.71,5.96,3752.99,-107.4,the_tether_relay,22.53,clear,22.492,7.438,0.00,14.37,world
364.75,2026-08-31 05:19:11,335.87,6.26,3754.09,-59.4,the_tether_relay,22.55,clear,21.493,6.954,0.00,14.96,world
365.25,2026-08-31 05:19:11,335.61,6.35,3754.46,-149.5,the_tether_relay,22.57,clear,21.493,6.954,0.00,14.93,world
365.75,2026-08-31 05:19:12,336.20,6.17,3753.61,-149.5,the_tether_relay,22.59,clear,24.471,9.538,0.00,15.02,world
366.25,2026-08-31 05:19:12,336.80,6.00,3752.74,-149.5,the_tether_relay,22.61,clear,24.471,9.538,0.00,15.18,world
366.75,2026-08-31 05:19:13,337.25,5.88,3752.07,-149.4,the_tether_relay,22.63,clear,22.231,8.018,0.00,15.35,world
367.25,2026-08-31 05:19:13,337.79,5.95,3752.97,-12.9,the_tether_relay,22.65,clear,22.231,8.018,0.00,14.33,world
367.75,2026-08-31 05:19:14,338.59,6.01,3754.31,-95.5,the_tether_relay,22.67,clear,22.231,8.409,0.00,12.80,world
368.25,2026-08-31 05:19:14,337.02,6.09,3753.56,-59.4,the_tether_relay,22.69,clear,22.231,8.409,0.00,14.45,world
368.75,2026-08-31 05:19:15,335.30,6.44,3754.93,-69.9,the_tether_relay,22.71,clear,23.043,7.499,0.00,14.91,world
369.25,2026-08-31 05:19:15,335.76,6.30,3754.25,-149.5,the_tether_relay,22.73,clear,23.043,7.499,0.00,14.95,world
369.75,2026-08-31 05:19:16,336.36,6.13,3753.37,-149.5,the_tether_relay,22.75,clear,23.652,7.808,0.00,15.05,world
370.25,2026-08-31 05:19:16,336.96,5.96,3752.49,-149.5,the_tether_relay,22.77,clear,23.652,7.808,0.00,15.24,world
370.75,2026-08-31 05:19:17,337.25,5.88,3752.07,-149.4,the_tether_relay,22.79,clear,21.537,7.272,0.00,15.35,world
371.25,2026-08-31 05:19:17,338.12,5.99,3753.53,30.6,the_tether_relay,22.81,clear,21.537,7.272,0.00,13.69,world
371.75,2026-08-31 05:19:18,338.26,6.00,3753.75,-149.4,the_tether_relay,22.83,clear,22.042,7.064,0.00,13.43,world
372.25,2026-08-31 05:19:18,336.49,6.18,3753.88,-59.4,the_tether_relay,22.85,clear,22.042,7.064,0.00,14.63,world
372.75,2026-08-31 05:19:19,335.18,6.47,3755.09,-149.6,the_tether_relay,22.87,clear,21.471,7.877,0.00,14.91,world
373.25,2026-08-31 05:19:19,336.27,6.24,3754.23,120.5,the_tether_relay,22.89,clear,21.471,7.877,0.00,14.56,world
373.75,2026-08-31 05:19:20,338.28,5.91,3753.05,120.5,the_tether_relay,22.91,clear,23.461,7.491,0.00,13.93,world
374.25,2026-08-31 05:19:20,338.95,5.78,3752.48,-149.4,the_tether_relay,22.93,clear,23.461,7.491,0.00,13.95,world
374.75,2026-08-31 05:19:21,339.53,5.71,3752.11,120.6,the_tether_relay,22.95,clear,30.679,10.049,0.00,13.90,world
375.25,2026-08-31 05:19:21,339.51,5.71,3752.12,-128.3,the_tether_relay,22.97,clear,30.679,10.049,0.00,13.90,world
375.75,2026-08-31 05:19:22,337.39,6.04,3753.43,-59.4,the_tether_relay,22.99,clear,22.809,7.834,0.00,14.27,world
376.25,2026-08-31 05:19:22,336.13,6.19,3753.71,-149.5,the_tether_relay,23.01,clear,22.809,7.834,0.00,15.00,world
376.75,2026-08-31 05:19:23,336.72,6.03,3752.85,-149.5,the_tether_relay,23.03,clear,23.476,8.357,0.00,15.15,world
377.25,2026-08-31 05:19:23,337.26,5.88,3752.07,-149.4,the_tether_relay,23.05,clear,23.476,8.357,0.00,15.35,world
377.75,2026-08-31 05:19:24,337.75,5.94,3752.90,84.5,the_tether_relay,23.07,clear,23.653,8.544,0.00,14.40,world
378.25,2026-08-31 05:19:24,338.62,6.01,3754.36,-85.0,the_tether_relay,23.09,clear,23.653,8.544,0.00,12.74,world
378.75,2026-08-31 05:19:25,337.08,6.08,3753.52,-59.4,the_tether_relay,23.11,clear,24.421,10.132,0.00,14.42,world
379.25,2026-08-31 05:19:25,335.33,6.43,3754.88,-59.4,the_tether_relay,23.13,clear,24.421,10.132,0.00,14.91,world
379.75,2026-08-31 05:19:26,335.62,6.36,3754.60,168.4,the_tether_relay,23.15,clear,23.537,8.547,0.00,14.85,world
380.25,2026-08-31 05:19:26,337.85,5.98,3753.29,120.5,the_tether_relay,23.17,clear,23.537,8.547,0.00,14.05,world
380.75,2026-08-31 05:19:27,339.08,5.77,3752.40,-149.4,the_tether_relay,23.19,clear,22.837,7.218,0.00,13.94,world
381.25,2026-08-31 05:19:27,339.53,5.71,3752.11,120.6,the_tether_relay,23.21,clear,22.837,7.218,0.00,13.90,world
381.75,2026-08-31 05:19:28,339.53,5.71,3752.11,-149.4,the_tether_relay,23.23,clear,23.545,8.485,0.00,13.90,world
382.25,2026-08-31 05:19:28,338.00,5.94,3753.07,-59.4,the_tether_relay,23.25,clear,23.545,8.485,0.00,14.11,world
382.75,2026-08-31 05:19:29,336.07,6.23,3753.96,-132.9,the_tether_relay,23.27,clear,23.427,7.718,0.00,14.89,world
383.25,2026-08-31 05:19:29,336.54,6.08,3753.11,-149.5,the_tether_relay,23.29,clear,23.427,7.718,0.00,15.10,world
383.75,2026-08-31 05:19:30,337.14,5.91,3752.24,-149.4,the_tether_relay,23.31,clear,22.935,7.868,0.00,15.30,world
384.25,2026-08-31 05:19:30,337.42,5.90,3752.34,179.1,the_tether_relay,23.33,clear,22.935,7.868,0.00,15.04,world
384.75,2026-08-31 05:19:31,338.61,6.01,3754.35,9.6,the_tether_relay,23.35,clear,24.659,9.404,0.00,12.76,world
385.25,2026-08-31 05:19:31,337.67,5.99,3753.20,-75.9,the_tether_relay,23.37,clear,24.659,9.404,0.00,14.23,world
385.75,2026-08-31 05:19:32,335.69,6.32,3754.35,-59.4,the_tether_relay,23.39,clear,22.969,7.320,0.00,14.94,world
386.25,2026-08-31 05:19:32,335.32,6.43,3754.89,-149.6,the_tether_relay,23.41,clear,22.969,7.320,0.00,14.91,world
386.75,2026-08-31 05:19:33,337.17,6.09,3753.69,120.5,the_tether_relay,23.43,clear,22.639,8.113,0.00,14.24,world
387.25,2026-08-31 05:19:33,339.03,5.78,3752.43,-149.4,the_tether_relay,23.45,clear,22.639,8.113,0.00,13.94,world
387.75,2026-08-31 05:19:34,338.76,5.81,3752.60,-59.4,the_tether_relay,23.47,clear,22.408,8.690,0.00,13.97,world
388.25,2026-08-31 05:19:34,337.73,5.99,3753.24,-59.4,the_tether_relay,23.49,clear,22.408,8.690,0.00,14.17,world
388.75,2026-08-31 05:19:35,336.77,6.01,3752.78,-149.5,the_tether_relay,23.51,clear,22.689,7.641,0.00,15.17,world
389.25,2026-08-31 05:19:35,337.25,5.88,3752.07,-149.4,the_tether_relay,23.53,clear,22.689,7.641,0.00,15.35,world
389.75,2026-08-31 05:19:36,337.67,5.93,3752.76,105.5,the_tether_relay,23.55,clear,24.910,8.166,0.00,14.56,world
390.25,2026-08-31 05:19:36,338.66,6.01,3754.43,-64.0,the_tether_relay,23.57,clear,24.910,8.166,0.00,12.67,world
390.75,2026-08-31 05:19:37,337.22,6.05,3753.44,-59.4,the_tether_relay,23.59,clear,22.907,7.742,0.00,14.39,world
391.25,2026-08-31 05:19:37,335.62,6.34,3754.46,-59.4,the_tether_relay,23.61,clear,22.907,7.742,0.00,14.93,world
391.75,2026-08-31 05:19:38,336.00,6.23,3753.91,-149.5,the_tether_relay,23.63,clear,25.233,7.783,0.00,14.98,world
392.25,2026-08-31 05:19:38,336.60,6.06,3753.03,-149.5,the_tether_relay,23.65,clear,25.233,7.783,0.00,15.12,world
392.75,2026-08-31 05:19:39,337.20,5.89,3752.15,-149.4,the_tether_relay,23.67,clear,23.292,8.420,0.00,15.33,world
393.25,2026-08-31 05:19:39,337.50,5.91,3752.48,147.5,the_tether_relay,23.69,clear,23.292,8.420,0.00,14.88,world
393.75,2026-08-31 05:19:40,338.67,6.01,3754.44,-22.0,the_tether_relay,23.71,clear,29.058,10.610,0.00,12.65,world
394.25,2026-08-31 05:19:40,337.48,6.01,3753.29,-59.4,the_tether_relay,23.73,clear,29.058,10.610,0.00,14.31,world
394.75,2026-08-31 05:19:41,335.57,6.35,3754.52,-59.4,the_tether_relay,23.75,clear,23.117,9.043,0.00,14.93,world
395.25,2026-08-31 05:19:41,335.38,6.42,3754.81,-149.5,the_tether_relay,23.77,clear,23.117,9.043,0.00,14.91,world
395.75,2026-08-31 05:19:42,337.40,6.06,3753.56,120.5,the_tether_relay,23.79,clear,22.493,9.263,0.00,14.17,world
396.25,2026-08-31 05:19:42,339.07,5.77,3752.40,-149.4,the_tether_relay,23.81,clear,22.493,9.263,0.00,13.94,world
396.75,2026-08-31 05:19:43,338.60,5.83,3752.70,-59.4,the_tether_relay,23.83,clear,23.554,8.443,0.00,13.99,world
397.25,2026-08-31 05:19:43,336.39,6.21,3754.03,-59.4,the_tether_relay,23.85,clear,23.554,8.443,0.00,14.60,world
397.75,2026-08-31 05:19:44,335.99,6.23,3753.91,145.6,the_tether_relay,23.87,clear,21.827,10.433,0.00,14.98,world
398.25,2026-08-31 05:19:44,337.09,5.93,3752.30,-149.4,the_tether_relay,23.89,clear,21.827,10.433,0.00,15.29,world
398.75,2026-08-31 05:19:45,337.26,5.88,3752.07,-149.4,the_tether_relay,23.91,clear,26.173,11.200,0.00,15.35,world
399.25,2026-08-31 05:19:45,338.41,6.02,3754.02,30.6,the_tether_relay,23.93,clear,26.173,11.200,0.00,13.13,world
399.75,2026-08-31 05:19:46,337.95,5.97,3753.28,-128.4,the_tether_relay,23.95,clear,28.043,9.421,0.00,13.99,world
400.25,2026-08-31 05:19:46,336.02,6.26,3754.15,-59.4,the_tether_relay,23.97,clear,28.043,9.421,0.00,14.80,world
400.75,2026-08-31 05:19:47,335.23,6.46,3755.02,-149.6,the_tether_relay,23.99,clear,22.964,8.006,0.00,14.91,world
401.25,2026-08-31 05:19:47,336.79,6.16,3753.93,120.5,the_tether_relay,0.01,clear,22.964,8.006,0.00,14.36,world
401.75,2026-08-31 05:19:48,338.90,5.80,3752.59,162.5,the_tether_relay,0.03,clear,22.661,8.815,0.00,13.89,world
402.25,2026-08-31 05:19:48,339.18,5.75,3752.34,168.6,the_tether_relay,0.05,clear,22.661,8.815,0.00,13.92,world
402.75,2026-08-31 05:19:49,339.53,5.71,3752.11,162.6,the_tether_relay,0.07,clear,22.327,8.361,0.00,13.90,world
403.25,2026-08-31 05:19:49,339.33,5.73,3752.24,-59.4,the_tether_relay,0.09,clear,22.327,8.361,0.00,13.91,world
403.75,2026-08-31 05:19:50,337.27,6.06,3753.50,-59.4,the_tether_relay,0.11,clear,22.495,8.001,0.00,14.30,world
404.25,2026-08-31 05:19:50,336.50,6.09,3753.17,-149.5,the_tether_relay,0.13,clear,22.495,8.001,0.00,15.09,world
404.75,2026-08-31 05:19:51,337.10,5.92,3752.30,-149.4,the_tether_relay,0.15,clear,27.017,10.325,0.00,15.29,world
405.25,2026-08-31 05:19:51,337.39,5.90,3752.29,-138.9,the_tether_relay,0.17,clear,27.017,10.325,0.00,15.10,world
405.75,2026-08-31 05:19:52,338.54,6.01,3754.23,30.6,the_tether_relay,0.19,clear,22.149,7.452,0.00,12.89,world
406.25,2026-08-31 05:19:52,337.79,5.98,3753.20,-96.9,the_tether_relay,0.21,clear,22.149,7.452,0.00,14.15,world
406.75,2026-08-31 05:19:53,335.83,6.29,3754.27,-59.4,the_tether_relay,0.23,clear,24.054,6.736,0.00,14.88,world
407.25,2026-08-31 05:19:53,335.66,6.33,3754.40,-149.5,the_tether_relay,0.25,clear,24.054,6.736,0.00,14.93,world
407.75,2026-08-31 05:19:54,336.25,6.16,3753.54,-149.5,the_tether_relay,0.27,clear,23.187,7.900,0.00,15.03,world
408.25,2026-08-31 05:19:54,336.85,5.99,3752.66,-149.5,the_tether_relay,0.29,clear,23.187,7.900,0.00,15.20,world
408.75,2026-08-31 05:19:55,337.25,5.88,3752.07,-149.4,the_tether_relay,0.31,clear,21.513,7.540,0.00,15.35,world
409.25,2026-08-31 05:19:55,337.62,5.93,3752.68,-23.4,the_tether_relay,0.33,clear,21.513,7.540,0.00,14.65,world
409.75,2026-08-31 05:19:56,338.49,6.01,3754.14,-85.0,the_tether_relay,0.35,clear,22.774,11.649,0.00,12.99,world
410.25,2026-08-31 05:19:56,336.95,6.06,3753.29,-59.4,the_tether_relay,0.37,clear,22.774,11.649,0.00,14.68,world
410.75,2026-08-31 05:19:57,335.38,6.41,3754.80,-59.4,the_tether_relay,0.39,clear,23.248,8.220,0.00,14.92,world
411.25,2026-08-31 05:19:57,335.71,6.34,3754.52,157.9,the_tether_relay,0.41,clear,23.248,8.220,0.00,14.82,world
411.75,2026-08-31 05:19:58,337.95,5.97,3753.21,120.5,the_tether_relay,0.43,clear,24.866,9.132,0.00,14.04,world
412.25,2026-08-31 05:19:58,339.16,5.76,3752.35,-149.4,the_tether_relay,0.45,clear,24.866,9.132,0.00,13.93,world
412.75,2026-08-31 05:19:59,338.48,5.86,3752.77,-59.4,the_tether_relay,0.47,clear,22.684,8.043,0.00,14.01,world
413.25,2026-08-31 05:19:59,336.33,6.21,3754.01,-90.9,the_tether_relay,0.49,clear,22.684,8.043,0.00,14.66,world
413.75,2026-08-31 05:20:00,336.48,6.09,3753.20,-149.5,the_tether_relay,0.51,clear,22.447,7.922,0.00,15.09,world
414.25,2026-08-31 05:20:00,337.08,5.93,3752.32,-149.4,the_tether_relay,0.53,clear,22.447,7.922,0.00,15.28,world
414.75,2026-08-31 05:20:01,337.25,5.88,3752.07,-149.4,the_tether_relay,0.55,clear,22.889,9.162,0.00,15.35,world
415.25,2026-08-31 05:20:01,338.50,6.01,3754.16,30.6,the_tether_relay,0.57,clear,22.889,9.162,0.00,12.97,world
415.75,2026-08-31 05:20:02,337.85,5.97,3753.21,-107.4,the_tether_relay,0.59,clear,22.326,8.303,0.00,14.11,world
416.25,2026-08-31 05:20:02,335.89,6.28,3754.23,-59.4,the_tether_relay,0.61,clear,22.326,8.303,0.00,14.86,world
416.75,2026-08-31 05:20:03,335.80,6.29,3754.20,-149.5,the_tether_relay,0.63,clear,21.719,7.298,0.00,14.95,world
417.25,2026-08-31 05:20:03,336.39,6.12,3753.33,-149.5,the_tether_relay,0.65,clear,21.719,7.298,0.00,15.06,world
417.75,2026-08-31 05:20:04,336.99,5.95,3752.46,-149.4,the_tether_relay,0.67,clear,22.142,7.223,0.00,15.25,world
418.25,2026-08-31 05:20:04,337.25,5.88,3752.07,-149.4,the_tether_relay,0.69,clear,22.142,7.223,0.00,15.35,world
418.75,2026-08-31 05:20:05,338.16,5.99,3753.60,30.6,the_tether_relay,0.71,clear,22.369,7.403,0.00,13.61,world
419.25,2026-08-31 05:20:05,338.22,6.00,3753.68,-149.4,the_tether_relay,0.73,clear,22.369,7.403,0.00,13.51,world
419.75,2026-08-31 05:20:06,336.42,6.19,3753.91,-59.4,the_tether_relay,0.75,clear,27.206,12.458,0.00,14.65,world
420.25,2026-08-31 05:20:06,335.19,6.47,3755.08,-149.6,the_tether_relay,0.77,clear,27.206,12.458,0.00,14.91,world
420.75,2026-08-31 05:20:07,336.35,6.22,3754.18,120.5,the_tether_relay,0.79,clear,24.993,8.853,0.00,14.53,world
421.25,2026-08-31 05:20:07,338.58,5.86,3752.87,120.5,the_tether_relay,0.81,clear,24.993,8.853,0.00,13.88,world
421.75,2026-08-31 05:20:08,339.15,5.76,3752.35,-149.4,the_tether_relay,0.83,clear,24.044,7.861,0.00,13.93,world
422.25,2026-08-31 05:20:08,337.40,6.04,3753.43,-59.4,the_tether_relay,0.85,clear,24.044,7.861,0.00,14.26,world
422.75,2026-08-31 05:20:09,335.88,6.26,3754.08,-149.5,the_tether_relay,0.87,clear,21.795,8.474,0.00,14.96,world
423.25,2026-08-31 05:20:09,336.43,6.11,3753.27,-149.5,the_tether_relay,0.89,clear,21.795,8.474,0.00,15.07,world
423.75,2026-08-31 05:20:10,337.03,5.94,3752.39,-149.4,the_tether_relay,0.91,clear,23.302,8.550,0.00,15.26,world
424.25,2026-08-31 05:20:10,337.25,5.88,3752.07,-149.4,the_tether_relay,0.93,clear,23.302,8.550,0.00,15.35,world
424.75,2026-08-31 05:20:11,338.12,5.99,3753.52,30.6,the_tether_relay,0.95,clear,23.478,8.266,0.00,13.70,world
425.25,2026-08-31 05:20:11,338.00,5.97,3753.31,-149.4,the_tether_relay,0.97,clear,23.478,8.266,0.00,13.93,world
425.75,2026-08-31 05:20:12,336.15,6.19,3753.77,-59.4,the_tether_relay,0.99,clear,27.823,10.055,0.00,14.95,world
426.25,2026-08-31 05:20:12,335.52,6.37,3754.60,-149.5,the_tether_relay,1.01,clear,27.823,10.055,0.00,14.92,world
426.75,2026-08-31 05:20:13,336.46,6.10,3753.23,-172.4,the_tether_relay,1.03,clear,22.587,8.279,0.00,15.08,world
427.25,2026-08-31 05:20:13,337.14,5.91,3752.23,-149.4,the_tether_relay,1.05,clear,22.587,8.279,0.00,15.31,world
427.75,2026-08-31 05:20:14,337.25,5.88,3752.07,-149.4,the_tether_relay,1.07,clear,21.981,8.841,0.00,15.35,world
428.25,2026-08-31 05:20:14,338.37,6.01,3753.94,30.6,the_tether_relay,1.09,clear,21.981,8.841,0.00,13.22,world
428.75,2026-08-31 05:20:15,337.71,5.96,3752.99,-107.4,the_tether_relay,1.11,clear,21.897,8.188,0.00,14.37,world
429.25,2026-08-31 05:20:16,335.87,6.26,3754.09,-59.4,the_tether_relay,1.13,clear,21.897,8.188,0.00,14.96,world
429.75,2026-08-31 05:20:16,335.35,6.42,3754.85,-149.5,the_tether_relay,1.15,clear,31.801,176.884,0.00,14.91,world
430.25,2026-08-31 05:20:17,337.09,6.10,3753.68,120.5,the_tether_relay,1.17,clear,31.801,176.884,0.00,14.31,world
430.75,2026-08-31 05:20:17,339.08,5.77,3752.40,-166.0,the_tether_relay,1.19,clear,24.476,9.441,0.00,13.93,world
431.25,2026-08-31 05:20:18,339.02,5.77,3752.44,-75.8,the_tether_relay,1.21,clear,24.476,9.441,0.00,13.94,world
431.75,2026-08-31 05:20:18,336.81,6.14,3753.78,-59.4,the_tether_relay,1.23,clear,26.014,8.533,0.00,14.45,world
432.25,2026-08-31 05:20:19,336.02,6.23,3753.87,-149.5,the_tether_relay,1.25,clear,26.014,8.533,0.00,14.98,world
432.75,2026-08-31 05:20:19,336.61,6.06,3753.01,-149.5,the_tether_relay,1.27,clear,23.642,9.652,0.00,15.12,world
433.25,2026-08-31 05:20:20,337.20,5.90,3752.14,-149.4,the_tether_relay,1.29,clear,23.642,9.652,0.00,15.33,world
433.75,2026-08-31 05:20:20,337.27,5.88,3752.09,-128.4,the_tether_relay,1.31,clear,22.012,8.408,0.00,15.32,world
434.25,2026-08-31 05:20:21,338.45,6.01,3754.07,20.1,the_tether_relay,1.33,clear,22.012,8.408,0.00,13.07,world
434.75,2026-08-31 05:20:21,337.60,5.96,3752.97,-86.4,the_tether_relay,1.35,clear,24.442,9.696,0.00,14.46,world
435.25,2026-08-31 05:20:22,335.79,6.29,3754.20,-59.4,the_tether_relay,1.37,clear,24.442,9.696,0.00,14.95,world
435.75,2026-08-31 05:20:22,335.54,6.36,3754.57,178.9,the_tether_relay,1.39,clear,22.034,8.652,0.00,14.92,world
436.25,2026-08-31 05:20:23,336.71,6.03,3752.87,-149.5,the_tether_relay,1.41,clear,22.034,8.652,0.00,15.15,world
436.75,2026-08-31 05:20:23,337.26,5.88,3752.07,-149.4,the_tether_relay,1.43,clear,29.149,11.691,0.00,15.35,world
437.25,2026-08-31 05:20:24,337.58,5.92,3752.62,-65.4,the_tether_relay,1.45,clear,29.149,11.691,0.00,14.72,world
437.75,2026-08-31 05:20:24,338.67,6.01,3754.46,-43.0,the_tether_relay,1.47,clear,25.723,9.359,0.00,12.63,world
438.25,2026-08-31 05:20:25,337.35,6.03,3753.36,-59.4,the_tether_relay,1.49,clear,25.723,9.359,0.00,14.35,world
438.75,2026-08-31 05:20:25,335.69,6.32,3754.35,-59.4,the_tether_relay,1.51,clear,27.901,10.749,0.00,14.94,world
439.25,2026-08-31 05:20:26,336.10,6.20,3753.75,-149.5,the_tether_relay,1.53,clear,27.901,10.749,0.00,15.00,world
439.75,2026-08-31 05:20:26,336.70,6.03,3752.88,-149.5,the_tether_relay,1.55,clear,24.405,8.934,0.00,15.15,world
440.25,2026-08-31 05:20:27,337.26,5.88,3752.07,-149.4,the_tether_relay,1.57,clear,24.405,8.934,0.00,15.35,world
440.75,2026-08-31 05:20:27,337.54,5.92,3752.55,-75.9,the_tether_relay,1.59,clear,24.752,14.389,0.00,14.80,world
441.25,2026-08-31 05:20:28,338.67,6.01,3754.46,-32.5,the_tether_relay,1.61,clear,24.752,14.389,0.00,12.64,world
441.75,2026-08-31 05:20:28,337.41,6.02,3753.32,-59.4,the_tether_relay,1.63,clear,23.274,10.094,0.00,14.33,world
442.25,2026-08-31 05:20:29,335.53,6.37,3754.58,-59.4,the_tether_relay,1.65,clear,23.274,10.094,0.00,14.92,world
442.75,2026-08-31 05:20:29,335.40,6.41,3754.78,-149.5,the_tether_relay,1.67,clear,22.889,9.636,0.00,14.92,world
443.25,2026-08-31 05:20:30,337.47,6.04,3753.51,120.5,the_tether_relay,1.69,clear,22.889,9.636,0.00,14.15,world
443.75,2026-08-31 05:20:30,339.09,5.77,3752.39,-149.4,the_tether_relay,1.71,clear,23.267,7.701,0.00,13.93,world
444.25,2026-08-31 05:20:31,339.53,5.71,3752.11,120.6,the_tether_relay,1.73,clear,23.267,7.701,0.00,13.90,world
444.75,2026-08-31 05:20:31,339.53,5.71,3752.11,-149.4,the_tether_relay,1.75,clear,22.776,8.004,0.00,13.90,world
445.25,2026-08-31 05:20:32,338.66,5.82,3752.66,-59.4,the_tether_relay,1.77,clear,22.776,8.004,0.00,13.98,world
445.75,2026-08-31 05:20:32,336.46,6.19,3753.96,-80.4,the_tether_relay,1.79,clear,22.318,7.636,0.00,14.59,world
446.25,2026-08-31 05:20:33,336.54,6.08,3753.11,-149.5,the_tether_relay,1.81,clear,22.318,7.636,0.00,15.10,world
446.75,2026-08-31 05:20:33,337.14,5.91,3752.23,-149.4,the_tether_relay,1.83,clear,23.389,9.439,0.00,15.30,world
447.25,2026-08-31 05:20:34,337.27,5.88,3752.09,-128.4,the_tether_relay,1.85,clear,23.389,9.439,0.00,15.32,world
447.75,2026-08-31 05:20:34,338.45,6.01,3754.07,20.1,the_tether_relay,1.87,clear,21.462,9.446,0.00,13.07,world
448.25,2026-08-31 05:20:35,337.60,5.96,3752.97,-86.4,the_tether_relay,1.89,clear,21.462,9.446,0.00,14.46,world
448.75,2026-08-31 05:20:35,335.79,6.29,3754.21,-59.4,the_tether_relay,1.91,clear,22.820,9.119,0.00,14.95,world
449.25,2026-08-31 05:20:36,335.24,6.45,3755.01,-149.6,the_tether_relay,1.93,clear,22.820,9.119,0.00,14.91,world
449.75,2026-08-31 05:20:36,337.11,6.11,3753.81,120.4,the_tether_relay,1.95,clear,24.857,9.818,0.00,14.21,world
450.25,2026-08-31 05:20:37,338.92,5.79,3752.50,-149.4,the_tether_relay,1.97,clear,24.857,9.818,0.00,13.95,world
450.75,2026-08-31 05:20:37,339.38,5.73,3752.22,137.1,the_tether_relay,1.99,clear,26.177,7.697,0.00,13.90,world
451.25,2026-08-31 05:20:38,339.53,5.71,3752.11,-165.8,the_tether_relay,2.01,clear,26.177,7.697,0.00,13.90,world
451.75,2026-08-31 05:20:38,339.06,5.77,3752.41,-59.4,the_tether_relay,2.03,clear,24.908,8.861,0.00,13.94,world
452.25,2026-08-31 05:20:39,338.48,5.86,3752.78,-59.4,the_tether_relay,2.05,clear,24.908,8.861,0.00,14.01,world
452.75,2026-08-31 05:20:39,339.24,5.75,3752.29,143.4,the_tether_relay,2.07,clear,28.827,14.560,0.00,13.92,world
453.25,2026-08-31 05:20:40,338.48,5.86,3752.78,-59.4,the_tether_relay,2.09,clear,28.827,14.560,0.00,14.01,world
453.75,2026-08-31 05:20:40,336.88,5.98,3752.62,-149.5,the_tether_relay,2.11,clear,29.104,11.285,0.00,15.21,world
454.25,2026-08-31 05:20:41,337.25,5.88,3752.07,-149.4,the_tether_relay,2.13,clear,29.104,11.285,0.00,15.35,world
454.75,2026-08-31 05:20:41,337.91,5.96,3753.18,18.6,the_tether_relay,2.15,clear,22.972,8.962,0.00,14.09,world
455.25,2026-08-31 05:20:42,338.47,6.01,3754.12,-127.0,the_tether_relay,2.17,clear,22.972,8.962,0.00,13.02,world
455.75,2026-08-31 05:20:42,336.82,6.12,3753.68,-59.4,the_tether_relay,2.19,clear,29.059,9.724,0.00,14.51,world
456.25,2026-08-31 05:20:43,335.35,6.42,3754.85,-101.4,the_tether_relay,2.21,clear,29.059,9.724,0.00,14.91,world
456.75,2026-08-31 05:20:43,336.04,6.27,3754.25,126.4,the_tether_relay,2.23,clear,23.331,8.591,0.00,14.73,world
457.25,2026-08-31 05:20:44,338.27,5.90,3752.94,120.5,the_tether_relay,2.25,clear,23.331,8.591,0.00,14.03,world
457.75,2026-08-31 05:20:44,339.34,5.73,3752.23,-149.4,the_tether_relay,2.27,clear,50.778,56.317,0.00,13.91,world
458.25,2026-08-31 05:20:45,339.08,5.77,3752.40,-59.4,the_tether_relay,2.29,clear,50.778,56.317,0.00,13.94,world
458.75,2026-08-31 05:20:45,337.40,6.04,3753.43,-59.4,the_tether_relay,2.31,clear,45.862,24.337,0.00,14.26,world
459.25,2026-08-31 05:20:46,336.75,6.02,3752.80,-149.5,the_tether_relay,2.33,clear,45.862,24.337,0.00,15.16,world
459.75,2026-08-31 05:20:46,337.25,5.88,3752.07,-149.4,the_tether_relay,2.35,clear,31.198,13.447,0.00,15.35,world
460.25,2026-08-31 05:20:47,337.50,5.91,3752.48,-54.9,the_tether_relay,2.37,clear,31.198,13.447,0.00,14.89,world
460.75,2026-08-31 05:20:47,338.54,6.01,3754.23,-53.5,the_tether_relay,2.39,clear,24.409,7.939,0.00,12.89,world
461.25,2026-08-31 05:20:48,337.15,6.03,3753.18,-59.4,the_tether_relay,2.41,clear,24.409,7.939,0.00,14.62,world
461.75,2026-08-31 05:20:48,335.50,6.38,3754.64,-59.4,the_tether_relay,2.43,clear,23.308,8.213,0.00,14.92,world
462.25,2026-08-31 05:20:49,335.51,6.38,3754.66,-170.6,the_tether_relay,2.45,clear,23.308,8.213,0.00,14.90,world
462.75,2026-08-31 05:20:49,337.71,6.00,3753.36,120.5,the_tether_relay,2.47,clear,27.393,9.390,0.00,14.09,world
463.25,2026-08-31 05:20:50,339.14,5.76,3752.36,-149.4,the_tether_relay,2.49,clear,27.393,9.390,0.00,13.93,world
463.75,2026-08-31 05:20:50,338.34,5.88,3752.86,-59.4,the_tether_relay,2.51,clear,23.260,8.226,0.00,14.03,world
464.25,2026-08-31 05:20:51,336.14,6.25,3754.18,-59.4,the_tether_relay,2.53,clear,23.260,8.226,0.00,14.70,world
464.75,2026-08-31 05:20:51,336.17,6.18,3753.66,-149.5,the_tether_relay,2.55,clear,26.592,8.601,0.00,15.01,world
465.25,2026-08-31 05:20:52,336.76,6.01,3752.79,-149.5,the_tether_relay,2.57,clear,26.592,8.601,0.00,15.17,world
465.75,2026-08-31 05:20:52,337.25,5.88,3752.07,-149.4,the_tether_relay,2.59,clear,21.401,8.310,0.00,15.35,world
466.25,2026-08-31 05:20:53,337.71,5.94,3752.83,-33.9,the_tether_relay,2.61,clear,21.401,8.310,0.00,14.48,world
466.75,2026-08-31 05:20:53,338.64,6.01,3754.40,-74.5,the_tether_relay,2.63,clear,21.625,8.315,0.00,12.70,world
467.25,2026-08-31 05:20:54,337.15,6.07,3753.48,-59.4,the_tether_relay,2.65,clear,21.625,8.315,0.00,14.40,world
467.75,2026-08-31 05:20:54,335.53,6.37,3754.58,-59.4,the_tether_relay,2.67,clear,23.031,7.793,0.00,14.92,world
468.25,2026-08-31 05:20:55,335.95,6.25,3753.97,-149.5,the_tether_relay,2.69,clear,23.031,7.793,0.00,14.97,world
468.75,2026-08-31 05:20:55,336.55,6.07,3753.09,-149.5,the_tether_relay,2.71,clear,31.279,103.946,0.00,15.10,world
469.25,2026-08-31 05:20:56,337.15,5.91,3752.22,-149.4,the_tether_relay,2.73,clear,31.279,103.946,0.00,15.31,world
469.75,2026-08-31 05:20:56,337.29,5.88,3752.12,-117.9,the_tether_relay,2.75,clear,23.537,8.911,0.00,15.29,world
470.25,2026-08-31 05:20:57,338.48,6.01,3754.13,9.6,the_tether_relay,2.77,clear,23.537,8.911,0.00,13.01,world
470.75,2026-08-31 05:20:57,337.54,5.97,3752.97,-75.9,the_tether_relay,2.79,clear,23.341,14.034,0.00,14.49,world
471.25,2026-08-31 05:20:58,336.03,6.22,3753.85,-59.4,the_tether_relay,2.81,clear,23.341,14.034,0.00,14.99,world
471.75,2026-08-31 05:20:58,336.03,6.22,3753.85,145.6,the_tether_relay,2.83,clear,23.612,8.079,0.00,14.99,world
472.25,2026-08-31 05:20:59,337.75,5.94,3752.84,120.5,the_tether_relay,2.85,clear,23.612,8.079,0.00,14.45,world
472.75,2026-08-31 05:20:59,337.44,5.90,3752.35,-149.4,the_tether_relay,2.87,clear,23.696,8.187,0.00,15.02,world
473.25,2026-08-31 05:21:00,337.25,5.88,3752.07,-149.4,the_tether_relay,2.89,clear,23.696,8.187,0.00,15.35,world
473.75,2026-08-31 05:21:00,338.50,6.01,3754.16,30.6,the_tether_relay,2.91,clear,23.318,7.800,0.00,12.97,world
474.25,2026-08-31 05:21:01,337.85,5.97,3753.21,-107.4,the_tether_relay,2.93,clear,23.318,7.800,0.00,14.11,world
474.75,2026-08-31 05:21:01,335.89,6.28,3754.23,-59.4,the_tether_relay,2.95,clear,22.283,8.887,0.00,14.86,world
475.25,2026-08-31 05:21:02,335.27,6.45,3754.97,-149.6,the_tether_relay,2.97,clear,22.283,8.887,0.00,14.91,world
475.75,2026-08-31 05:21:02,336.95,6.13,3753.83,120.5,the_tether_relay,2.99,clear,27.695,8.863,0.00,14.31,world
476.25,2026-08-31 05:21:03,338.95,5.78,3752.48,-176.5,the_tether_relay,3.01,clear,27.695,8.863,0.00,13.95,world
476.75,2026-08-31 05:21:03,339.08,5.77,3752.40,-86.3,the_tether_relay,3.03,clear,24.305,8.629,0.00,13.93,world
477.25,2026-08-31 05:21:04,337.54,6.01,3753.34,-59.4,the_tether_relay,3.05,clear,24.305,8.629,0.00,14.23,world
477.75,2026-08-31 05:21:04,336.48,6.09,3753.20,-149.5,the_tether_relay,3.07,clear,28.541,10.695,0.00,15.08,world
478.25,2026-08-31 05:21:05,337.08,5.93,3752.33,-149.4,the_tether_relay,3.09,clear,28.541,10.695,0.00,15.28,world
478.75,2026-08-31 05:21:05,337.26,5.88,3752.07,-149.4,the_tether_relay,3.11,clear,25.255,11.708,0.00,15.35,world
479.25,2026-08-31 05:21:06,338.50,6.01,3754.16,30.6,the_tether_relay,3.13,clear,25.255,11.708,0.00,12.97,world
479.75,2026-08-31 05:21:06,337.85,5.97,3753.21,-107.4,the_tether_relay,3.15,clear,23.693,9.491,0.00,14.11,world
480.25,2026-08-31 05:21:07,335.89,6.28,3754.23,-59.4,the_tether_relay,3.17,clear,23.693,9.491,0.00,14.86,world
480.75,2026-08-31 05:21:07,335.19,6.47,3755.08,-149.6,the_tether_relay,3.19,clear,22.722,7.965,0.00,14.91,world
481.25,2026-08-31 05:21:08,336.89,6.15,3753.95,120.4,the_tether_relay,3.21,clear,22.722,7.965,0.00,14.27,world
481.75,2026-08-31 05:21:08,338.88,5.80,3752.57,-176.5,the_tether_relay,3.23,clear,25.689,13.167,0.00,13.92,world
482.25,2026-08-31 05:21:09,339.04,5.77,3752.43,168.6,the_tether_relay,3.25,clear,25.689,13.167,0.00,13.94,world
482.75,2026-08-31 05:21:09,339.53,5.71,3752.11,162.6,the_tether_relay,3.27,clear,22.328,8.423,0.00,13.90,world
483.25,2026-08-31 05:21:10,339.27,5.74,3752.28,-59.4,the_tether_relay,3.29,clear,22.328,8.423,0.00,13.92,world
483.75,2026-08-31 05:21:10,337.04,6.10,3753.64,-59.4,the_tether_relay,3.31,clear,34.083,42.848,0.00,14.37,world
484.25,2026-08-31 05:21:11,336.35,6.13,3753.38,-149.5,the_tether_relay,3.33,clear,34.083,42.848,0.00,15.05,world
484.75,2026-08-31 05:21:11,336.96,5.96,3752.51,-149.5,the_tether_relay,3.35,clear,26.281,9.548,0.00,15.23,world
485.25,2026-08-31 05:21:12,337.25,5.88,3752.07,-149.4,the_tether_relay,3.37,clear,26.281,9.548,0.00,15.35,world
485.75,2026-08-31 05:21:12,338.07,5.98,3753.45,30.6,the_tether_relay,3.39,clear,35.642,7.796,0.00,13.78,world
486.25,2026-08-31 05:21:13,338.04,5.98,3753.38,-149.4,the_tether_relay,3.41,clear,35.642,7.796,0.00,13.85,world
486.75,2026-08-31 05:21:13,336.22,6.18,3753.73,-59.4,the_tether_relay,3.43,clear,22.875,8.456,0.00,14.93,world
487.25,2026-08-31 05:21:14,335.26,6.45,3754.99,-149.6,the_tether_relay,3.45,clear,22.875,8.456,0.00,14.91,world
487.75,2026-08-31 05:21:14,336.55,6.19,3754.02,120.5,the_tether_relay,3.47,clear,24.681,8.825,0.00,14.48,world
488.25,2026-08-31 05:21:15,338.78,5.82,3752.71,120.5,the_tether_relay,3.49,clear,24.681,8.825,0.00,13.87,world
488.75,2026-08-31 05:21:15,339.17,5.75,3752.34,-149.4,the_tether_relay,3.51,clear,23.759,9.310,0.00,13.93,world
489.25,2026-08-31 05:21:16,337.17,6.08,3753.56,-59.4,the_tether_relay,3.53,clear,23.759,9.310,0.00,14.33,world
489.75,2026-08-31 05:21:16,335.86,6.27,3754.11,-149.5,the_tether_relay,3.55,clear,23.080,8.858,0.00,14.96,world
490.25,2026-08-31 05:21:17,336.43,6.11,3753.28,-149.5,the_tether_relay,3.57,clear,27.131,12.974,0.00,15.07,world
490.75,2026-08-31 05:21:17,337.03,5.94,3752.40,-149.4,the_tether_relay,3.59,clear,27.131,12.974,0.00,15.26,world
491.25,2026-08-31 05:21:18,337.25,5.88,3752.07,-149.4,the_tether_relay,3.61,clear,27.131,12.974,0.00,15.35,world
491.75,2026-08-31 05:21:18,338.29,6.00,3753.81,30.6,the_tether_relay,3.63,clear,25.418,9.474,0.00,13.37,world
492.25,2026-08-31 05:21:19,338.09,5.98,3753.46,-149.4,the_tether_relay,3.65,clear,25.418,9.474,0.00,13.76,world
492.75,2026-08-31 05:21:19,336.33,6.20,3753.97,-59.4,the_tether_relay,3.67,clear,23.667,7.694,0.00,14.68,world
493.25,2026-08-31 05:21:20,335.35,6.42,3754.86,-149.6,the_tether_relay,3.69,clear,22.197,8.002,0.00,14.91,world
493.75,2026-08-31 05:21:20,336.71,6.16,3753.85,120.5,the_tether_relay,3.71,clear,22.197,8.002,0.00,14.48,world
494.25,2026-08-31 05:21:21,338.93,5.79,3752.54,131.0,the_tether_relay,3.73,clear,24.095,11.935,0.00,13.92,world
494.75,2026-08-31 05:21:21,339.39,5.73,3752.20,-149.4,the_tether_relay,3.75,clear,24.095,11.935,0.00,13.91,world
495.25,2026-08-31 05:21:22,338.03,5.94,3753.06,-59.4,the_tether_relay,3.77,clear,24.095,11.935,0.00,14.10,world
495.75,2026-08-31 05:21:22,336.08,6.23,3754.02,-122.4,the_tether_relay,3.79,clear,22.261,9.456,0.00,14.84,world
496.25,2026-08-31 05:21:23,336.50,6.09,3753.18,-149.5,the_tether_relay,3.81,clear,22.261,9.456,0.00,15.09,world
496.75,2026-08-31 05:21:23,337.10,5.93,3752.30,-149.4,the_tether_relay,3.83,clear,23.506,8.012,0.00,15.29,world
497.25,2026-08-31 05:21:24,337.39,5.90,3752.29,-159.9,the_tether_relay,3.85,clear,23.506,8.012,0.00,15.10,world
497.75,2026-08-31 05:21:24,338.54,6.01,3754.23,30.6,the_tether_relay,3.87,clear,22.281,7.294,0.00,12.89,world
498.25,2026-08-31 05:21:25,337.79,5.98,3753.20,-96.9,the_tether_relay,3.89,clear,22.281,7.294,0.00,14.16,world
498.75,2026-08-31 05:21:25,335.83,6.29,3754.27,-59.4,the_tether_relay,3.91,clear,23.918,7.551,0.00,14.88,world
499.25,2026-08-31 05:21:26,335.29,6.44,3754.94,-149.6,the_tether_relay,3.93,clear,23.918,7.551,0.00,14.91,world
499.75,2026-08-31 05:21:26,337.03,6.12,3753.78,120.5,the_tether_relay,3.95,clear,22.850,10.156,0.00,14.29,world
500.25,2026-08-31 05:21:27,338.99,5.78,3752.46,-166.0,the_tether_relay,3.97,clear,22.850,10.156,0.00,13.94,world
500.75,2026-08-31 05:21:27,338.93,5.79,3752.50,-75.8,the_tether_relay,3.99,clear,23.752,7.526,0.00,13.95,world
501.25,2026-08-31 05:21:28,338.59,5.84,3752.71,-132.9,the_tether_relay,4.01,clear,23.752,7.526,0.00,14.00,world
501.75,2026-08-31 05:21:28,338.93,5.79,3752.49,-111.5,the_tether_relay,4.03,clear,22.700,7.566,0.00,13.95,world
502.25,2026-08-31 05:21:29,336.98,6.11,3753.68,-59.4,the_tether_relay,4.05,clear,22.700,7.566,0.00,14.39,world
502.75,2026-08-31 05:21:29,336.49,6.09,3753.18,-149.5,the_tether_relay,4.07,clear,22.637,8.134,0.00,15.09,world
503.25,2026-08-31 05:21:30,337.09,5.93,3752.30,-149.4,the_tether_relay,4.09,clear,22.637,8.134,0.00,15.29,world
503.75,2026-08-31 05:21:30,337.25,5.88,3752.07,-149.4,the_tether_relay,4.11,clear,22.424,7.605,0.00,15.35,world
504.25,2026-08-31 05:21:31,338.33,6.01,3753.88,30.6,the_tether_relay,4.13,clear,21.215,7.160,0.00,13.29,world
504.75,2026-08-31 05:21:31,338.05,5.98,3753.39,-149.4,the_tether_relay,4.15,clear,21.215,7.160,0.00,13.84,world
505.25,2026-08-31 05:21:32,336.15,6.23,3754.07,-59.4,the_tether_relay,4.17,clear,21.215,7.160,0.00,14.75,world
505.75,2026-08-31 05:21:32,335.22,6.46,3755.04,-149.6,the_tether_relay,4.19,clear,22.306,9.138,0.00,14.91,world
506.25,2026-08-31 05:21:33,336.65,6.18,3754.00,120.5,the_tether_relay,4.21,clear,22.306,9.138,0.00,14.42,world
506.75,2026-08-31 05:21:33,338.85,5.81,3752.68,141.5,the_tether_relay,4.23,clear,22.751,7.622,0.00,13.85,world
507.25,2026-08-31 05:21:34,339.11,5.76,3752.38,-128.4,the_tether_relay,4.25,clear,22.751,7.622,0.00,13.93,world
507.75,2026-08-31 05:21:34,337.64,6.00,3753.29,-59.4,the_tether_relay,4.27,clear,26.305,10.079,0.00,14.20,world
508.25,2026-08-31 05:21:35,336.30,6.15,3753.47,-149.5,the_tether_relay,4.29,clear,26.305,10.079,0.00,15.04,world
508.75,2026-08-31 05:21:35,336.89,5.97,3752.59,-149.5,the_tether_relay,4.31,clear,21.284,8.335,0.00,15.21,world
509.25,2026-08-31 05:21:36,337.25,5.88,3752.07,-149.4,the_tether_relay,4.33,clear,21.284,8.335,0.00,15.35,world
509.75,2026-08-31 05:21:36,337.79,5.95,3752.96,18.6,the_tether_relay,4.35,clear,23.833,9.687,0.00,14.33,world
510.25,2026-08-31 05:21:37,338.34,6.01,3753.89,-127.0,the_tether_relay,4.37,clear,23.833,9.687,0.00,13.27,world
510.75,2026-08-31 05:21:37,336.68,6.10,3753.45,-59.4,the_tether_relay,4.39,clear,22.791,7.668,0.00,14.76,world
511.25,2026-08-31 05:21:38,335.70,6.32,3754.34,-101.4,the_tether_relay,4.41,clear,22.791,7.668,0.00,14.94,world
511.75,2026-08-31 05:21:38,336.17,6.18,3753.66,-149.5,the_tether_relay,4.43,clear,24.804,8.941,0.00,15.01,world
512.25,2026-08-31 05:21:39,336.76,6.01,3752.78,-149.5,the_tether_relay,4.45,clear,24.804,8.941,0.00,15.17,world
512.75,2026-08-31 05:21:39,337.26,5.88,3752.07,-149.4,the_tether_relay,4.47,clear,23.166,9.277,0.00,15.35,world
513.25,2026-08-31 05:21:40,337.67,5.93,3752.76,-44.4,the_tether_relay,4.49,clear,23.166,9.277,0.00,14.56,world
513.75,2026-08-31 05:21:40,338.66,6.01,3754.43,-64.0,the_tether_relay,4.51,clear,22.658,7.999,0.00,12.66,world
514.25,2026-08-31 05:21:41,337.22,6.06,3753.44,-59.4,the_tether_relay,4.53,clear,22.658,7.999,0.00,14.38,world
514.75,2026-08-31 05:21:41,335.41,6.40,3754.77,-59.4,the_tether_relay,4.55,clear,21.870,7.866,0.00,14.92,world
515.25,2026-08-31 05:21:42,335.49,6.39,3754.69,-170.6,the_tether_relay,4.57,clear,21.870,7.866,0.00,14.90,world
515.75,2026-08-31 05:21:42,337.69,6.01,3753.39,120.5,the_tether_relay,4.59,clear,21.727,11.983,0.00,14.09,world
516.25,2026-08-31 05:21:43,338.95,5.78,3752.48,-149.4,the_tether_relay,4.61,clear,21.727,11.983,0.00,13.95,world
516.75,2026-08-31 05:21:43,339.53,5.71,3752.11,120.6,the_tether_relay,4.63,clear,22.355,9.056,0.00,13.90,world
517.25,2026-08-31 05:21:44,339.53,5.71,3752.11,-149.4,the_tether_relay,4.65,clear,22.355,9.056,0.00,13.90,world
517.75,2026-08-31 05:21:44,338.34,5.88,3752.87,-59.4,the_tether_relay,4.67,clear,22.825,7.461,0.00,14.03,world
518.25,2026-08-31 05:21:45,336.17,6.22,3754.02,-111.9,the_tether_relay,4.69,clear,22.825,7.461,0.00,14.77,world
518.75,2026-08-31 05:21:45,336.50,6.09,3753.17,-149.5,the_tether_relay,4.71,clear,24.421,8.691,0.00,15.09,world
519.25,2026-08-31 05:21:46,337.10,5.92,3752.29,-149.4,the_tether_relay,4.73,clear,24.421,8.691,0.00,15.29,world
519.75,2026-08-31 05:21:46,337.39,5.90,3752.29,-138.9,the_tether_relay,4.75,clear,23.774,9.259,0.00,15.10,world
520.25,2026-08-31 05:21:47,338.54,6.01,3754.23,30.6,the_tether_relay,4.77,clear,23.774,9.259,0.00,12.89,world
520.75,2026-08-31 05:21:47,337.79,5.98,3753.20,-96.9,the_tether_relay,4.79,clear,23.330,7.843,0.00,14.16,world
521.25,2026-08-31 05:21:48,335.83,6.29,3754.27,-59.4,the_tether_relay,4.81,clear,23.330,7.843,0.00,14.88,world
521.75,2026-08-31 05:21:48,335.34,6.43,3754.87,-149.6,the_tether_relay,4.83,clear,22.479,8.588,0.00,14.91,world
522.25,2026-08-31 05:21:49,335.93,6.25,3754.01,-149.5,the_tether_relay,4.85,clear,21.146,8.451,0.00,14.97,world
522.75,2026-08-31 05:21:49,336.52,6.08,3753.13,-149.5,the_tether_relay,4.87,clear,21.146,8.451,0.00,15.10,world
523.25,2026-08-31 05:21:50,337.12,5.92,3752.26,-149.4,the_tether_relay,4.89,clear,21.841,6.795,0.00,15.30,world
523.75,2026-08-31 05:21:50,337.25,5.88,3752.07,-149.4,the_tether_relay,4.91,clear,21.841,6.795,0.00,15.35,world
524.25,2026-08-31 05:21:51,338.41,6.02,3754.02,30.6,the_tether_relay,4.93,clear,21.841,6.795,0.00,13.13,world
524.75,2026-08-31 05:21:51,337.95,5.97,3753.28,-128.4,the_tether_relay,4.95,clear,29.830,8.400,0.00,13.99,world
525.25,2026-08-31 05:21:52,336.02,6.26,3754.15,-59.4,the_tether_relay,4.97,clear,29.830,8.400,0.00,14.80,world
525.75,2026-08-31 05:21:52,335.59,6.35,3754.51,-149.5,the_tether_relay,4.99,clear,23.826,7.779,0.00,14.93,world
526.25,2026-08-31 05:21:53,336.18,6.18,3753.65,-149.5,the_tether_relay,5.01,clear,23.826,7.779,0.00,15.01,world
526.75,2026-08-31 05:21:53,336.77,6.01,3752.77,-149.5,the_tether_relay,5.03,clear,22.945,7.489,0.00,15.17,world
527.25,2026-08-31 05:21:54,337.25,5.88,3752.07,-149.4,the_tether_relay,5.05,clear,22.945,7.489,0.00,15.35,world
527.75,2026-08-31 05:21:54,337.62,5.93,3752.68,-23.4,the_tether_relay,5.07,clear,23.750,7.684,0.00,14.65,world
528.25,2026-08-31 05:21:55,338.49,6.01,3754.14,-85.0,the_tether_relay,5.09,clear,23.750,7.684,0.00,12.99,world
528.75,2026-08-31 05:21:55,336.95,6.06,3753.29,-59.4,the_tether_relay,5.11,clear,26.741,16.838,0.00,14.68,world
529.25,2026-08-31 05:21:56,335.59,6.35,3754.51,-59.4,the_tether_relay,5.13,clear,26.741,16.838,0.00,14.93,world
529.75,2026-08-31 05:21:56,335.91,6.26,3754.04,-149.5,the_tether_relay,5.15,clear,24.754,6.936,0.00,14.96,world
530.25,2026-08-31 05:21:57,336.51,6.09,3753.16,-149.5,the_tether_relay,5.17,clear,22.664,6.622,0.00,15.09,world
530.75,2026-08-31 05:21:57,337.11,5.92,3752.29,-149.4,the_tether_relay,5.19,clear,22.664,6.622,0.00,15.29,world
531.25,2026-08-31 05:21:58,337.25,5.88,3752.07,-149.4,the_tether_relay,5.21,clear,22.664,6.622,0.00,15.35,world
531.75,2026-08-31 05:21:58,338.28,6.00,3753.80,30.6,the_tether_relay,5.23,clear,41.972,13.062,0.00,13.38,world
532.25,2026-08-31 05:21:59,337.82,5.96,3753.05,-128.4,the_tether_relay,5.25,clear,41.972,13.062,0.00,14.25,world
532.75,2026-08-31 05:21:59,335.95,6.24,3753.97,-59.4,the_tether_relay,5.27,clear,21.910,6.894,0.00,14.97,world
533.25,2026-08-31 05:22:00,335.30,6.44,3754.93,-149.6,the_tether_relay,5.29,clear,21.910,6.894,0.00,14.91,world
533.75,2026-08-31 05:22:00,336.91,6.13,3753.82,120.5,the_tether_relay,5.31,clear,20.770,6.917,0.00,14.35,world
534.25,2026-08-31 05:22:01,338.97,5.78,3752.47,173.0,the_tether_relay,5.33,clear,20.770,6.917,0.00,13.95,world
534.75,2026-08-31 05:22:01,339.18,5.75,3752.34,-96.9,the_tether_relay,5.35,clear,21.895,5.683,0.00,13.93,world
535.25,2026-08-31 05:22:02,337.43,6.03,3753.41,-59.4,the_tether_relay,5.37,clear,23.330,6.729,0.00,14.26,world
535.75,2026-08-31 05:22:02,336.35,6.13,3753.39,-149.5,the_tether_relay,5.39,clear,23.330,6.729,0.00,15.05,world
536.25,2026-08-31 05:22:03,336.95,5.96,3752.52,-149.5,the_tether_relay,5.41,clear,23.330,6.729,0.00,15.23,world
536.75,2026-08-31 05:22:03,337.26,5.88,3752.07,-149.4,the_tether_relay,5.43,clear,19.870,6.500,0.00,15.35,world
537.25,2026-08-31 05:22:04,337.91,5.96,3753.17,30.6,the_tether_relay,5.45,clear,21.940,6.410,0.00,14.09,world
537.75,2026-08-31 05:22:04,338.21,6.00,3753.68,-149.4,the_tether_relay,5.47,clear,21.940,6.410,0.00,13.52,world
538.25,2026-08-31 05:22:05,336.48,6.14,3753.57,-59.4,the_tether_relay,5.49,clear,21.940,6.410,0.00,14.83,world
538.75,2026-08-31 05:22:05,335.71,6.31,3754.32,-133.0,the_tether_relay,5.51,clear,22.317,7.808,0.00,14.94,world
539.25,2026-08-31 05:22:06,336.22,6.17,3753.59,-149.5,the_tether_relay,5.53,clear,22.317,7.808,0.00,15.02,world
539.75,2026-08-31 05:22:06,336.82,6.00,3752.71,-149.5,the_tether_relay,5.55,clear,24.106,6.746,0.00,15.18,world
540.25,2026-08-31 05:22:07,337.25,5.88,3752.07,-149.4,the_tether_relay,5.57,clear,24.106,6.746,0.00,15.35,world
540.75,2026-08-31 05:22:07,337.95,5.97,3753.25,29.1,the_tether_relay,5.59,clear,40.781,6.560,0.00,14.01,world
541.25,2026-08-31 05:22:08,338.43,6.01,3754.04,-137.5,the_tether_relay,5.61,clear,40.781,6.560,0.00,13.10,world
541.75,2026-08-31 05:22:08,336.75,6.13,3753.72,-59.4,the_tether_relay,5.63,clear,22.719,6.411,0.00,14.53,world
542.25,2026-08-31 05:22:09,335.21,6.46,3755.06,-112.0,the_tether_relay,5.65,clear,23.076,7.350,0.00,14.91,world
542.75,2026-08-31 05:22:09,335.99,6.29,3754.39,120.5,the_tether_relay,5.67,clear,23.076,7.350,0.00,14.68,world
543.25,2026-08-31 05:22:10,338.22,5.92,3753.08,120.5,the_tether_relay,5.69,clear,23.076,7.350,0.00,13.96,world
543.75,2026-08-31 05:22:10,339.17,5.76,3752.34,-149.4,the_tether_relay,5.71,clear,21.806,6.527,0.00,13.93,world
544.25,2026-08-31 05:22:11,338.03,5.94,3753.05,-59.4,the_tether_relay,5.73,clear,21.806,6.527,0.00,14.10,world
544.75,2026-08-31 05:22:11,336.10,6.22,3753.94,-132.9,the_tether_relay,5.75,clear,21.350,8.109,0.00,14.88,world
545.25,2026-08-31 05:22:12,336.56,6.07,3753.09,-149.5,the_tether_relay,5.77,clear,21.350,8.109,0.00,15.11,world
545.75,2026-08-31 05:22:12,337.16,5.91,3752.21,-149.4,the_tether_relay,5.79,clear,27.934,9.660,0.00,15.31,world
546.25,2026-08-31 05:22:13,337.44,5.90,3752.38,-107.4,the_tether_relay,5.81,clear,27.934,9.660,0.00,15.00,world
546.75,2026-08-31 05:22:13,338.63,6.01,3754.39,-0.9,the_tether_relay,5.83,clear,21.626,6.369,0.00,12.71,world
547.25,2026-08-31 05:22:14,337.61,5.99,3753.22,-65.4,the_tether_relay,5.85,clear,21.626,6.369,0.00,14.26,world
547.75,2026-08-31 05:22:14,335.65,6.33,3754.41,-59.4,the_tether_relay,5.87,clear,20.581,7.334,0.00,14.93,world
548.25,2026-08-31 05:22:15,335.33,6.43,3754.88,-149.6,the_tether_relay,5.89,clear,20.581,7.334,0.00,14.91,world
548.75,2026-08-31 05:22:15,337.23,6.08,3753.67,120.5,the_tether_relay,5.91,clear,20.857,7.486,0.00,14.22,world
549.25,2026-08-31 05:22:16,338.82,5.80,3752.56,-149.4,the_tether_relay,5.93,clear,20.857,7.486,0.00,13.96,world
549.75,2026-08-31 05:22:16,339.50,5.71,3752.15,120.6,the_tether_relay,5.95,clear,22.459,7.008,0.00,13.88,world
550.25,2026-08-31 05:22:17,339.53,5.71,3752.11,-149.4,the_tether_relay,5.97,clear,22.459,7.008,0.00,13.90,world
550.75,2026-08-31 05:22:17,338.73,5.81,3752.61,-59.4,the_tether_relay,5.99,clear,21.441,6.754,0.00,13.98,world
551.25,2026-08-31 05:22:18,336.53,6.18,3753.94,-59.4,the_tether_relay,6.01,clear,21.441,6.754,0.00,14.55,world
551.75,2026-08-31 05:22:18,336.38,6.12,3753.34,-149.5,the_tether_relay,6.03,clear,19.916,6.277,0.00,15.06,world
552.25,2026-08-31 05:22:19,336.98,5.95,3752.47,-149.4,the_tether_relay,6.05,clear,19.916,6.277,0.00,15.24,world
552.75,2026-08-31 05:22:19,337.25,5.88,3752.07,-149.4,the_tether_relay,6.07,clear,20.296,7.032,0.00,15.35,world
553.25,2026-08-31 05:22:20,338.29,6.00,3753.81,30.6,the_tether_relay,6.09,clear,20.296,7.032,0.00,13.37,world
553.75,2026-08-31 05:22:20,338.09,5.98,3753.46,-149.4,the_tether_relay,6.11,clear,19.947,5.760,0.00,13.76,world
554.25,2026-08-31 05:22:21,336.22,6.22,3754.03,-59.4,the_tether_relay,6.13,clear,19.947,5.760,0.00,14.73,world
554.75,2026-08-31 05:22:21,335.22,6.46,3755.05,-149.6,the_tether_relay,6.15,clear,20.367,5.992,0.00,14.91,world
555.25,2026-08-31 05:22:22,336.58,6.19,3754.04,120.5,the_tether_relay,6.17,clear,20.367,5.992,0.00,14.45,world
555.75,2026-08-31 05:22:22,338.80,5.81,3752.72,131.0,the_tether_relay,6.19,clear,19.827,6.246,0.00,13.85,world
556.25,2026-08-31 05:22:23,339.14,5.76,3752.36,-159.9,the_tether_relay,6.21,clear,21.026,6.376,0.00,13.93,world
556.75,2026-08-31 05:22:23,339.53,5.71,3752.11,131.1,the_tether_relay,6.23,clear,21.026,6.376,0.00,13.90,world
557.25,2026-08-31 05:22:24,339.51,5.71,3752.12,-86.3,the_tether_relay,6.25,clear,21.026,6.376,0.00,13.90,world
557.75,2026-08-31 05:22:24,337.51,6.02,3753.36,-59.4,the_tether_relay,6.27,clear,20.705,6.729,0.00,14.23,world
558.25,2026-08-31 05:22:25,336.46,6.10,3753.23,-149.5,the_tether_relay,6.29,clear,20.705,6.729,0.00,15.08,world
558.75,2026-08-31 05:22:25,337.06,5.93,3752.35,-149.4,the_tether_relay,6.31,clear,22.652,6.743,0.00,15.27,world
559.25,2026-08-31 05:22:26,337.26,5.88,3752.07,-149.4,the_tether_relay,6.33,clear,22.652,6.743,0.00,15.35,world
559.75,2026-08-31 05:22:26,338.25,6.00,3753.74,30.6,the_tether_relay,6.35,clear,23.194,6.852,0.00,13.45,world
560.25,2026-08-31 05:22:27,338.13,5.99,3753.53,-149.4,the_tether_relay,6.37,clear,23.194,6.852,0.00,13.68,world
560.75,2026-08-31 05:22:27,336.29,6.21,3753.99,-59.4,the_tether_relay,6.39,clear,20.334,5.943,0.00,14.70,world
561.25,2026-08-31 05:22:28,335.20,6.46,3755.06,-149.6,the_tether_relay,6.41,clear,20.334,5.943,0.00,14.91,world
561.75,2026-08-31 05:22:28,336.50,6.20,3754.09,120.5,the_tether_relay,6.43,clear,21.932,6.190,0.00,14.47,world
562.25,2026-08-31 05:22:29,338.73,5.83,3752.78,120.5,the_tether_relay,6.45,clear,21.932,6.190,0.00,13.85,world
562.75,2026-08-31 05:22:29,339.00,5.78,3752.45,-149.4,the_tether_relay,6.47,clear,20.306,6.165,0.00,13.94,world
563.25,2026-08-31 05:22:30,339.53,5.71,3752.11,120.6,the_tether_relay,6.49,clear,20.306,6.165,0.00,13.90,world
563.75,2026-08-31 05:22:30,339.47,5.72,3752.15,-96.8,the_tether_relay,6.51,clear,21.672,6.703,0.00,13.90,world
564.25,2026-08-31 05:22:31,337.71,5.99,3753.24,-59.4,the_tether_relay,6.53,clear,21.672,6.703,0.00,14.18,world
564.75,2026-08-31 05:22:31,336.52,6.08,3753.14,-149.5,the_tether_relay,6.55,clear,20.783,6.918,0.00,15.10,world
565.25,2026-08-31 05:22:32,337.12,5.92,3752.26,-149.4,the_tether_relay,6.57,clear,20.783,6.918,0.00,15.30,world
565.75,2026-08-31 05:22:32,337.25,5.88,3752.07,-149.4,the_tether_relay,6.59,clear,19.713,6.603,0.00,15.35,world
566.25,2026-08-31 05:22:33,338.37,6.01,3753.95,30.6,the_tether_relay,6.61,clear,20.586,6.015,0.00,13.21,world
566.75,2026-08-31 05:22:33,338.00,5.98,3753.33,-138.9,the_tether_relay,6.63,clear,20.586,6.015,0.00,13.92,world
567.25,2026-08-31 05:22:34,336.09,6.24,3754.11,-59.4,the_tether_relay,6.65,clear,20.586,6.015,0.00,14.78,world
567.75,2026-08-31 05:22:34,335.26,6.45,3754.98,-149.6,the_tether_relay,6.67,clear,20.121,6.488,0.00,14.91,world
568.25,2026-08-31 05:22:35,335.82,6.29,3754.17,-149.5,the_tether_relay,6.69,clear,20.121,6.488,0.00,14.95,world
568.75,2026-08-31 05:22:35,336.42,6.11,3753.29,-149.5,the_tether_relay,6.71,clear,20.544,6.540,0.00,15.07,world
569.25,2026-08-31 05:22:36,337.02,5.95,3752.41,-149.4,the_tether_relay,6.73,clear,20.544,6.540,0.00,15.26,world
569.75,2026-08-31 05:22:36,337.26,5.88,3752.07,-149.4,the_tether_relay,6.75,clear,20.859,6.298,0.00,15.35,world
570.25,2026-08-31 05:22:37,338.20,6.00,3753.67,30.6,the_tether_relay,6.77,clear,20.859,6.298,0.00,13.53,world
570.75,2026-08-31 05:22:37,338.17,5.99,3753.61,-149.4,the_tether_relay,6.79,clear,19.548,6.304,0.00,13.59,world
571.25,2026-08-31 05:22:38,336.35,6.20,3753.95,-59.4,the_tether_relay,6.81,clear,19.548,6.304,0.00,14.68,world
571.75,2026-08-31 05:22:38,335.20,6.47,3755.07,-149.6,the_tether_relay,6.83,clear,21.508,5.926,0.00,14.91,world
572.25,2026-08-31 05:22:39,336.44,6.21,3754.12,120.5,the_tether_relay,6.85,clear,21.508,5.926,0.00,14.50,world
572.75,2026-08-31 05:22:39,338.67,5.84,3752.81,120.5,the_tether_relay,6.87,clear,21.917,6.644,0.00,13.87,world
573.25,2026-08-31 05:22:40,339.20,5.75,3752.32,-149.4,the_tether_relay,6.89,clear,21.075,5.891,0.00,13.92,world
573.75,2026-08-31 05:22:40,339.06,5.77,3752.41,-59.4,the_tether_relay,6.91,clear,21.075,5.891,0.00,13.94,world
574.25,2026-08-31 05:22:41,339.17,5.75,3752.34,168.6,the_tether_relay,6.93,clear,20.759,7.005,0.00,13.92,world
574.75,2026-08-31 05:22:41,339.53,5.71,3752.11,162.6,the_tether_relay,6.95,clear,20.759,7.005,0.00,13.90,world
575.25,2026-08-31 05:22:42,339.46,5.72,3752.15,-59.4,the_tether_relay,6.97,clear,20.759,7.005,0.00,13.90,world
575.75,2026-08-31 05:22:42,337.45,6.03,3753.40,-59.4,the_tether_relay,6.99,clear,21.743,9.212,0.00,14.25,world
576.25,2026-08-31 05:22:43,336.60,6.06,3753.02,-149.5,the_tether_relay,7.01,clear,21.743,9.212,0.00,15.12,world
576.75,2026-08-31 05:22:43,337.20,5.90,3752.14,-149.4,the_tether_relay,7.03,clear,21.875,9.141,0.00,15.33,world
577.25,2026-08-31 05:22:44,337.39,5.90,3752.29,-138.9,the_tether_relay,7.05,clear,21.875,9.141,0.00,15.10,world
577.75,2026-08-31 05:22:44,338.54,6.01,3754.23,30.6,the_tether_relay,7.07,clear,23.430,8.611,0.00,12.89,world
578.25,2026-08-31 05:22:45,337.79,5.98,3753.20,-96.9,the_tether_relay,7.09,clear,23.430,8.611,0.00,14.16,world
578.75,2026-08-31 05:22:45,335.83,6.29,3754.27,-59.4,the_tether_relay,7.11,clear,24.810,6.735,0.00,14.89,world
579.25,2026-08-31 05:22:46,335.32,6.43,3754.90,-149.6,the_tether_relay,7.13,clear,24.810,6.735,0.00,14.91,world
579.75,2026-08-31 05:22:46,335.90,6.26,3754.05,-149.5,the_tether_relay,7.15,clear,23.681,6.447,0.00,14.96,world
580.25,2026-08-31 05:22:47,336.50,6.09,3753.17,-149.5,the_tether_relay,7.17,clear,23.364,6.471,0.00,15.09,world
580.75,2026-08-31 05:22:47,337.10,5.92,3752.30,-149.4,the_tether_relay,7.19,clear,23.364,6.471,0.00,15.29,world
581.25,2026-08-31 05:22:48,337.26,5.88,3752.07,-149.4,the_tether_relay,7.21,clear,23.364,6.471,0.00,15.35,world
581.75,2026-08-31 05:22:48,338.37,6.01,3753.95,30.6,the_tether_relay,7.23,clear,21.703,7.751,0.00,13.21,world
582.25,2026-08-31 05:22:49,338.00,5.98,3753.33,-138.9,the_tether_relay,7.25,clear,20.306,6.189,0.00,13.92,world
582.75,2026-08-31 05:22:49,336.09,6.24,3754.11,-59.4,the_tether_relay,7.27,clear,20.306,6.189,0.00,14.78,world
583.25,2026-08-31 05:22:50,335.24,6.46,3755.02,-149.6,the_tether_relay,7.29,clear,20.306,6.189,0.00,14.91,world
583.75,2026-08-31 05:22:50,336.74,6.17,3753.94,120.5,the_tether_relay,7.31,clear,20.604,6.188,0.00,14.39,world
584.25,2026-08-31 05:22:51,338.90,5.80,3752.61,152.0,the_tether_relay,7.33,clear,22.035,6.090,0.00,13.88,world
584.75,2026-08-31 05:22:51,339.19,5.75,3752.33,-117.9,the_tether_relay,7.35,clear,22.035,6.090,0.00,13.93,world
585.25,2026-08-31 05:22:52,339.06,5.77,3752.41,-90.9,the_tether_relay,7.37,clear,22.035,6.090,0.00,13.94,world
585.75,2026-08-31 05:22:52,339.43,5.72,3752.19,126.6,the_tether_relay,7.39,clear,22.874,6.228,0.00,13.89,world
586.25,2026-08-31 05:22:53,339.53,5.71,3752.11,-155.3,the_tether_relay,7.41,clear,22.874,6.228,0.00,13.90,world
586.75,2026-08-31 05:22:53,339.37,5.73,3752.21,-59.4,the_tether_relay,7.43,clear,20.238,6.679,0.00,13.91,world
587.25,2026-08-31 05:22:54,337.18,6.07,3753.56,-59.4,the_tether_relay,7.45,clear,20.238,6.679,0.00,14.33,world
587.75,2026-08-31 05:22:54,336.68,6.04,3752.90,-149.5,the_tether_relay,7.47,clear,20.805,5.674,0.00,15.14,world
588.25,2026-08-31 05:22:55,337.26,5.88,3752.07,-149.4,the_tether_relay,7.49,clear,20.805,5.674,0.00,15.35,world
588.75,2026-08-31 05:22:55,337.47,5.91,3752.42,-96.9,the_tether_relay,7.51,clear,21.623,5.975,0.00,14.95,world
589.25,2026-08-31 05:22:56,338.65,6.01,3754.42,-11.4,the_tether_relay,7.53,clear,21.623,5.975,0.00,12.68,world
589.75,2026-08-31 05:22:56,337.55,6.00,3753.25,-59.4,the_tether_relay,7.55,clear,19.718,6.113,0.00,14.29,world
590.25,2026-08-31 05:22:57,335.61,6.34,3754.47,-59.4,the_tether_relay,7.57,clear,21.656,6.048,0.00,14.93,world
590.75,2026-08-31 05:22:57,335.39,6.41,3754.79,-149.5,the_tether_relay,7.59,clear,21.656,6.048,0.00,14.92,world
591.25,2026-08-31 05:22:58,335.98,6.24,3753.93,-149.5,the_tether_relay,7.61,clear,21.656,6.048,0.00,14.98,world
591.75,2026-08-31 05:22:58,336.58,6.07,3753.05,-149.5,the_tether_relay,7.63,clear,27.778,15.194,0.00,15.11,world
592.25,2026-08-31 05:22:59,337.18,5.90,3752.18,-149.4,the_tether_relay,7.65,clear,27.778,15.194,0.00,15.32,world
592.75,2026-08-31 05:22:59,337.39,5.90,3752.29,-138.9,the_tether_relay,7.67,clear,19.490,5.835,0.00,15.10,world
593.25,2026-08-31 05:23:00,338.54,6.01,3754.23,30.6,the_tether_relay,7.69,clear,19.490,5.835,0.00,12.89,world
593.75,2026-08-31 05:23:00,337.79,5.98,3753.20,-96.9,the_tether_relay,7.71,clear,19.676,5.727,0.00,14.16,world
594.25,2026-08-31 05:23:01,335.83,6.29,3754.27,-59.4,the_tether_relay,7.73,clear,19.676,5.727,0.00,14.89,world
594.75,2026-08-31 05:23:01,335.30,6.44,3754.93,-149.6,the_tether_relay,7.75,clear,19.593,6.112,0.00,14.91,world
595.25,2026-08-31 05:23:02,337.03,6.11,3753.77,120.5,the_tether_relay,7.77,clear,22.201,5.656,0.00,14.29,world
595.75,2026-08-31 05:23:02,338.99,5.78,3752.45,-166.0,the_tether_relay,7.79,clear,22.201,5.656,0.00,13.94,world
596.25,2026-08-31 05:23:03,339.13,5.76,3752.36,-75.8,the_tether_relay,7.81,clear,22.201,5.656,0.00,13.93,world
596.75,2026-08-31 05:23:03,339.06,5.77,3752.41,-132.9,the_tether_relay,7.83,clear,21.623,6.294,0.00,13.94,world
597.25,2026-08-31 05:23:04,339.53,5.71,3752.11,120.6,the_tether_relay,7.85,clear,21.623,6.294,0.00,13.90,world
597.75,2026-08-31 05:23:04,339.53,5.71,3752.11,-149.4,the_tether_relay,7.87,clear,31.719,6.474,0.00,13.90,world
598.25,2026-08-31 05:23:05,339.13,5.76,3752.36,-59.4,the_tether_relay,7.89,clear,20.705,6.392,0.00,13.93,world
598.75,2026-08-31 05:23:05,336.92,6.12,3753.70,-69.9,the_tether_relay,7.91,clear,20.705,6.392,0.00,14.42,world
599.25,2026-08-31 05:23:06,336.76,6.01,3752.79,-149.5,the_tether_relay,7.93,clear,20.705,6.392,0.00,15.17,world
599.75,2026-08-31 05:23:06,337.25,5.88,3752.07,-149.4,the_tether_relay,7.95,clear,22.582,6.788,0.00,15.35,world
600.25,2026-08-31 05:23:07,337.62,5.93,3752.69,-54.9,the_tether_relay,7.97,clear,22.582,6.788,0.00,14.64,world
600.75,2026-08-31 05:23:07,338.67,6.01,3754.45,-53.5,the_tether_relay,7.99,clear,21.910,7.130,0.00,12.64,world
601.25,2026-08-31 05:23:08,337.28,6.04,3753.40,-59.4,the_tether_relay,8.01,clear,21.910,7.130,0.00,14.37,world
601.75,2026-08-31 05:23:08,335.45,6.39,3754.70,-59.4,the_tether_relay,8.03,clear,21.591,7.543,0.00,14.92,world
602.25,2026-08-31 05:23:09,335.45,6.39,3754.72,-160.1,the_tether_relay,8.05,clear,20.390,6.380,0.00,14.91,world
602.75,2026-08-31 05:23:09,337.62,6.02,3753.43,120.5,the_tether_relay,8.07,clear,20.390,6.380,0.00,14.11,world
603.25,2026-08-31 05:23:10,339.11,5.76,3752.38,-149.4,the_tether_relay,8.09,clear,20.390,6.380,0.00,13.93,world
603.75,2026-08-31 05:23:10,339.53,5.71,3752.11,120.6,the_tether_relay,8.11,clear,19.932,7.490,0.00,13.90,world
604.25,2026-08-31 05:23:11,339.53,5.71,3752.11,-149.4,the_tether_relay,8.13,clear,21.076,6.037,0.00,13.90,world
604.75,2026-08-31 05:23:11,338.53,5.85,3752.75,-59.4,the_tether_relay,8.15,clear,21.076,6.037,0.00,14.00,world
605.25,2026-08-31 05:23:12,336.35,6.20,3753.96,-101.4,the_tether_relay,8.17,clear,21.076,6.037,0.00,14.67,world
605.75,2026-08-31 05:23:12,336.58,6.07,3753.05,-149.5,the_tether_relay,8.19,clear,20.300,5.937,0.00,15.11,world
606.25,2026-08-31 05:23:13,337.18,5.90,3752.18,-149.4,the_tether_relay,8.21,clear,20.300,5.937,0.00,15.32,world
606.75,2026-08-31 05:23:13,337.44,5.90,3752.38,-107.4,the_tether_relay,8.23,clear,19.953,6.408,0.00,15.00,world
607.25,2026-08-31 05:23:14,338.63,6.01,3754.39,-0.9,the_tether_relay,8.25,clear,19.953,6.408,0.00,12.71,world
607.75,2026-08-31 05:23:14,337.61,5.99,3753.22,-65.4,the_tether_relay,8.27,clear,19.209,5.901,0.00,14.26,world
608.25,2026-08-31 05:23:15,335.65,6.33,3754.41,-59.4,the_tether_relay,8.29,clear,19.209,5.901,0.00,14.93,world
608.75,2026-08-31 05:23:15,335.70,6.32,3754.34,-149.5,the_tether_relay,8.31,clear,21.415,7.003,0.00,14.94,world
609.25,2026-08-31 05:23:16,336.29,6.15,3753.47,-149.5,the_tether_relay,8.33,clear,21.415,7.003,0.00,15.04,world
609.75,2026-08-31 05:23:16,336.89,5.98,3752.59,-149.5,the_tether_relay,8.35,clear,24.696,6.719,0.00,15.21,world
610.25,2026-08-31 05:23:17,337.26,5.88,3752.07,-149.4,the_tether_relay,8.37,clear,24.696,6.719,0.00,15.35,world
610.75,2026-08-31 05:23:17,337.87,5.96,3753.10,30.6,the_tether_relay,8.39,clear,24.941,11.369,0.00,14.17,world
611.25,2026-08-31 05:23:18,338.26,6.00,3753.75,-148.0,the_tether_relay,8.41,clear,24.941,11.369,0.00,13.44,world
611.75,2026-08-31 05:23:18,336.55,6.13,3753.53,-59.4,the_tether_relay,8.43,clear,20.317,5.637,0.00,14.81,world
612.25,2026-08-31 05:23:19,335.25,6.45,3755.00,-122.5,the_tether_relay,8.45,clear,20.317,5.637,0.00,14.91,world
612.75,2026-08-31 05:23:19,336.07,6.29,3754.42,120.4,the_tether_relay,8.47,clear,20.067,5.941,0.00,14.60,world
613.25,2026-08-31 05:23:20,338.30,5.92,3753.11,120.4,the_tether_relay,8.49,clear,20.067,5.941,0.00,13.88,world
613.75,2026-08-31 05:23:20,339.04,5.77,3752.42,-149.4,the_tether_relay,8.51,clear,19.704,5.834,0.00,13.94,world
614.25,2026-08-31 05:23:21,339.53,5.71,3752.11,120.6,the_tether_relay,8.53,clear,19.808,6.193,0.00,13.90,world
614.75,2026-08-31 05:23:21,339.53,5.71,3752.11,-149.4,the_tether_relay,8.55,clear,19.808,6.193,0.00,13.90,world
615.25,2026-08-31 05:23:22,337.79,5.98,3753.19,-59.4,the_tether_relay,8.57,clear,19.808,6.193,0.00,14.16,world
615.75,2026-08-31 05:23:22,336.15,6.19,3753.68,-149.5,the_tether_relay,8.59,clear,20.789,9.566,0.00,15.01,world
616.25,2026-08-31 05:23:23,336.75,6.02,3752.81,-149.5,the_tether_relay,8.61,clear,20.789,9.566,0.00,15.16,world
616.75,2026-08-31 05:23:23,337.25,5.88,3752.07,-149.4,the_tether_relay,8.63,clear,19.654,6.754,0.00,15.35,world
617.25,2026-08-31 05:23:24,337.62,5.93,3752.68,-23.4,the_tether_relay,8.65,clear,19.654,6.754,0.00,14.65,world
617.75,2026-08-31 05:23:24,338.49,6.01,3754.14,-85.0,the_tether_relay,8.67,clear,22.899,5.873,0.00,12.99,world
618.25,2026-08-31 05:23:25,336.95,6.06,3753.29,-59.4,the_tether_relay,8.69,clear,22.899,5.873,0.00,14.68,world
618.75,2026-08-31 05:23:25,336.04,6.21,3753.84,-69.9,the_tether_relay,8.71,clear,18.422,5.594,0.00,14.99,world
619.25,2026-08-31 05:23:26,336.54,6.08,3753.11,-149.5,the_tether_relay,8.73,clear,18.422,5.594,0.00,15.10,world
619.75,2026-08-31 05:23:26,337.14,5.91,3752.23,-149.4,the_tether_relay,8.75,clear,20.112,5.989,0.00,15.31,world
620.25,2026-08-31 05:23:27,337.25,5.88,3752.07,-149.4,the_tether_relay,8.77,clear,20.112,5.989,0.00,15.35,world
620.75,2026-08-31 05:23:27,338.50,6.01,3754.16,30.6,the_tether_relay,8.79,clear,30.580,6.716,0.00,12.97,world
621.25,2026-08-31 05:23:28,337.85,5.97,3753.21,-107.4,the_tether_relay,8.81,clear,30.580,6.716,0.00,14.11,world
621.75,2026-08-31 05:23:28,335.89,6.28,3754.23,-59.4,the_tether_relay,8.83,clear,18.935,6.925,0.00,14.86,world
622.25,2026-08-31 05:23:29,335.18,6.47,3755.09,-149.6,the_tether_relay,8.85,clear,18.935,6.925,0.00,14.91,world
622.75,2026-08-31 05:23:29,336.94,6.14,3753.89,120.5,the_tether_relay,8.87,clear,18.915,5.532,0.00,14.28,world
623.25,2026-08-31 05:23:30,338.93,5.79,3752.52,-176.5,the_tether_relay,8.89,clear,18.915,5.532,0.00,13.93,world
623.75,2026-08-31 05:23:30,339.14,5.76,3752.36,168.6,the_tether_relay,8.91,clear,19.234,5.681,0.00,13.93,world
624.25,2026-08-31 05:23:31,339.53,5.71,3752.12,162.6,the_tether_relay,8.93,clear,19.234,5.681,0.00,13.89,world
624.75,2026-08-31 05:23:31,339.14,5.76,3752.36,-59.4,the_tether_relay,8.95,clear,19.390,5.627,0.00,13.93,world
625.25,2026-08-31 05:23:32,337.91,5.96,3753.13,-59.4,the_tether_relay,8.97,clear,19.390,5.627,0.00,14.13,world
625.75,2026-08-31 05:23:32,336.88,5.98,3752.62,-149.5,the_tether_relay,8.99,clear,18.738,6.176,0.00,15.21,world
626.25,2026-08-31 05:23:33,337.25,5.88,3752.07,-149.4,the_tether_relay,9.01,clear,18.738,6.176,0.00,15.35,world
626.75,2026-08-31 05:23:33,337.79,5.95,3752.96,18.6,the_tether_relay,9.03,clear,18.966,5.792,0.00,14.33,world
627.25,2026-08-31 05:23:34,338.34,6.01,3753.89,-127.0,the_tether_relay,9.05,clear,18.612,5.370,0.00,13.27,world
627.75,2026-08-31 05:23:34,336.68,6.10,3753.45,-59.4,the_tether_relay,9.07,clear,18.612,5.370,0.00,14.76,world
628.25,2026-08-31 05:23:35,335.27,6.45,3754.97,-101.4,the_tether_relay,9.09,clear,18.612,5.370,0.00,14.91,world
628.75,2026-08-31 05:23:35,336.01,6.29,3754.35,120.5,the_tether_relay,9.11,clear,18.275,5.681,0.00,14.69,world
629.25,2026-08-31 05:23:36,338.24,5.91,3753.04,120.5,the_tether_relay,9.13,clear,18.275,5.681,0.00,13.97,world
629.75,2026-08-31 05:23:36,339.17,5.75,3752.34,-149.4,the_tether_relay,9.15,clear,19.596,5.578,0.00,13.93,world
630.25,2026-08-31 05:23:37,337.64,6.00,3753.28,-59.4,the_tether_relay,9.17,clear,19.272,5.440,0.00,14.20,world
630.75,2026-08-31 05:23:37,335.79,6.29,3754.21,-132.9,the_tether_relay,9.19,clear,19.272,5.440,0.00,14.95,world
631.25,2026-08-31 05:23:38,335.79,6.29,3754.21,145.6,the_tether_relay,9.21,clear,19.272,5.440,0.00,14.95,world
631.75,2026-08-31 05:23:38,335.79,6.29,3754.21,145.6,the_tether_relay,9.23,clear,24.799,6.830,0.00,14.95,world
632.25,2026-08-31 05:23:39,337.43,6.01,3753.25,120.5,the_tether_relay,9.25,clear,19.760,5.908,0.00,14.37,world
632.75,2026-08-31 05:23:39,339.28,5.74,3752.27,-149.4,the_tether_relay,9.27,clear,19.760,5.908,0.00,13.92,world
633.25,2026-08-31 05:23:40,338.83,5.80,3752.55,-59.4,the_tether_relay,9.29,clear,19.760,5.908,0.00,13.96,world
633.75,2026-08-31 05:23:40,336.97,6.11,3753.68,-59.4,the_tether_relay,9.31,clear,19.876,6.442,0.00,14.40,world
634.25,2026-08-31 05:23:41,336.61,6.06,3753.00,-149.5,the_tether_relay,9.33,clear,19.876,6.442,0.00,15.12,world
634.75,2026-08-31 05:23:41,337.21,5.89,3752.13,-149.4,the_tether_relay,9.35,clear,20.812,6.179,0.00,15.34,world
635.25,2026-08-31 05:23:42,337.41,5.90,3752.34,-75.9,the_tether_relay,9.37,clear,20.812,6.179,0.00,15.05,world
635.75,2026-08-31 05:23:42,338.54,6.01,3754.23,-32.5,the_tether_relay,9.39,clear,20.465,6.271,0.00,12.89,world
636.25,2026-08-31 05:23:43,337.28,6.00,3753.10,-59.4,the_tether_relay,9.41,clear,20.465,6.271,0.00,14.58,world
636.75,2026-08-31 05:23:43,335.80,6.29,3754.20,-59.4,the_tether_relay,9.43,clear,19.502,5.604,0.00,14.95,world
637.25,2026-08-31 05:23:44,335.82,6.28,3754.16,-149.5,the_tether_relay,9.45,clear,19.502,5.604,0.00,14.95,world
637.75,2026-08-31 05:23:44,336.42,6.11,3753.29,-149.5,the_tether_relay,9.47,clear,19.037,5.906,0.00,15.07,world
638.25,2026-08-31 05:23:45,337.02,5.94,3752.41,-149.4,the_tether_relay,9.49,clear,19.639,5.633,0.00,15.26,world
638.75,2026-08-31 05:23:45,337.26,5.88,3752.07,-149.4,the_tether_relay,9.51,clear,19.639,5.633,0.00,15.35,world
639.25,2026-08-31 05:23:46,338.25,6.00,3753.74,30.6,the_tether_relay,9.53,clear,21.333,6.257,0.00,13.45,world
639.75,2026-08-31 05:23:46,338.13,5.99,3753.54,-149.4,the_tether_relay,9.55,clear,21.333,6.257,0.00,13.68,world
640.25,2026-08-31 05:23:47,336.29,6.21,3753.99,-59.4,the_tether_relay,9.57,clear,18.745,6.180,0.00,14.70,world
640.75,2026-08-31 05:23:47,335.25,6.46,3755.00,-149.6,the_tether_relay,9.59,clear,18.745,6.180,0.00,14.91,world
641.25,2026-08-31 05:23:48,335.81,6.29,3754.19,-149.5,the_tether_relay,9.61,clear,18.598,5.453,0.00,14.95,world
641.75,2026-08-31 05:23:48,336.41,6.11,3753.31,-149.5,the_tether_relay,9.63,clear,18.598,5.453,0.00,15.06,world
642.25,2026-08-31 05:23:49,337.01,5.95,3752.43,-149.4,the_tether_relay,9.65,clear,18.650,5.497,0.00,15.25,world
642.75,2026-08-31 05:23:49,337.25,5.88,3752.07,-149.4,the_tether_relay,9.67,clear,18.650,5.497,0.00,15.35,world
643.25,2026-08-31 05:23:50,338.08,5.98,3753.45,30.6,the_tether_relay,9.69,clear,18.650,5.497,0.00,13.78,world
643.75,2026-08-31 05:23:50,338.04,5.98,3753.38,-149.4,the_tether_relay,9.71,clear,19.221,5.662,0.00,13.85,world
644.25,2026-08-31 05:23:51,336.22,6.18,3753.72,-59.4,the_tether_relay,9.73,clear,19.221,5.662,0.00,14.93,world
644.75,2026-08-31 05:23:51,335.25,6.45,3754.99,-149.6,the_tether_relay,9.75,clear,18.934,5.193,0.00,14.91,world
645.25,2026-08-31 05:23:52,336.54,6.19,3754.04,120.5,the_tether_relay,9.77,clear,18.344,16.768,0.00,14.48,world
645.75,2026-08-31 05:23:52,338.77,5.82,3752.73,120.5,the_tether_relay,9.79,clear,18.344,16.768,0.00,13.87,world
646.25,2026-08-31 05:23:53,339.22,5.75,3752.31,-149.4,the_tether_relay,9.81,clear,18.344,16.768,0.00,13.92,world
646.75,2026-08-31 05:23:53,337.79,5.98,3753.20,-59.4,the_tether_relay,9.83,clear,18.422,5.580,0.00,14.15,world
647.25,2026-08-31 05:23:54,336.26,6.16,3753.52,-149.5,the_tether_relay,9.85,clear,18.422,5.580,0.00,15.03,world
647.75,2026-08-31 05:23:54,336.86,5.99,3752.64,-149.5,the_tether_relay,9.87,clear,17.703,5.399,0.00,15.20,world
648.25,2026-08-31 05:23:55,337.26,5.88,3752.07,-149.4,the_tether_relay,9.89,clear,17.703,5.399,0.00,15.35,world
648.75,2026-08-31 05:23:55,337.83,5.95,3753.04,-2.4,the_tether_relay,9.91,clear,18.787,5.969,0.00,14.25,world
649.25,2026-08-31 05:23:56,338.56,6.01,3754.26,-106.0,the_tether_relay,9.93,clear,20.672,5.460,0.00,12.86,world
649.75,2026-08-31 05:23:56,336.95,6.10,3753.60,-59.4,the_tether_relay,9.95,clear,20.672,5.460,0.00,14.47,world
650.25,2026-08-31 05:23:57,335.27,6.45,3754.97,-80.4,the_tether_relay,9.97,clear,20.672,5.460,0.00,14.91,world
650.75,2026-08-31 05:23:57,335.58,6.36,3754.51,-149.5,the_tether_relay,9.99,clear,18.503,5.551,0.00,14.93,world
651.25,2026-08-31 05:23:58,336.18,6.18,3753.63,-149.5,the_tether_relay,10.01,clear,18.503,5.551,0.00,15.01,world
651.75,2026-08-31 05:23:58,336.78,6.01,3752.75,-149.5,the_tether_relay,10.03,clear,20.206,7.648,0.00,15.18,world
652.25,2026-08-31 05:23:59,337.26,5.88,3752.07,-149.4,the_tether_relay,10.05,clear,20.206,7.648,0.00,15.35,world
652.75,2026-08-31 05:23:59,337.71,5.94,3752.83,-33.9,the_tether_relay,10.07,clear,18.833,5.980,0.00,14.48,world
653.25,2026-08-31 05:24:00,338.64,6.01,3754.40,-74.5,the_tether_relay,10.09,clear,18.833,5.980,0.00,12.70,world
653.75,2026-08-31 05:24:00,337.15,6.07,3753.48,-59.4,the_tether_relay,10.11,clear,19.863,5.698,0.00,14.41,world
654.25,2026-08-31 05:24:01,335.38,6.41,3754.81,-59.4,the_tether_relay,10.13,clear,19.863,5.698,0.00,14.92,world
654.75,2026-08-31 05:24:01,335.53,6.37,3754.59,-149.5,the_tether_relay,10.15,clear,23.794,41.654,0.00,14.92,world
655.25,2026-08-31 05:24:02,336.12,6.20,3753.72,-149.5,the_tether_relay,10.17,clear,23.794,41.654,0.00,15.00,world
655.75,2026-08-31 05:24:02,336.72,6.02,3752.84,-149.5,the_tether_relay,10.19,clear,23.839,6.768,0.00,15.16,world
656.25,2026-08-31 05:24:03,337.26,5.88,3752.07,-149.4,the_tether_relay,10.21,clear,23.839,6.768,0.00,15.35,world
656.75,2026-08-31 05:24:03,337.58,5.92,3752.62,-65.4,the_tether_relay,10.23,clear,19.577,7.009,0.00,14.72,world
657.25,2026-08-31 05:24:04,338.67,6.01,3754.46,-43.0,the_tether_relay,10.25,clear,19.577,7.009,0.00,12.63,world
657.75,2026-08-31 05:24:04,337.35,6.03,3753.36,-59.4,the_tether_relay,10.27,clear,20.560,7.001,0.00,14.35,world
658.25,2026-08-31 05:24:05,335.49,6.38,3754.64,-59.4,the_tether_relay,10.29,clear,20.560,7.001,0.00,14.92,world
658.75,2026-08-31 05:24:05,335.47,6.39,3754.68,-149.5,the_tether_relay,10.31,clear,20.091,5.862,0.00,14.92,world
659.25,2026-08-31 05:24:06,336.06,6.21,3753.81,-149.5,the_tether_relay,10.33,clear,23.372,6.691,0.00,14.99,world
659.75,2026-08-31 05:24:06,336.66,6.04,3752.93,-149.5,the_tether_relay,10.35,clear,23.372,6.691,0.00,15.14,world
660.25,2026-08-31 05:24:07,337.26,5.88,3752.07,-149.4,the_tether_relay,10.37,clear,23.372,6.691,0.00,15.35,world
660.75,2026-08-31 05:24:07,337.47,5.91,3752.42,-96.9,the_tether_relay,10.39,clear,22.966,6.088,0.00,14.95,world
661.25,2026-08-31 05:24:08,338.65,6.01,3754.42,-11.4,the_tether_relay,10.41,clear,22.966,6.088,0.00,12.68,world
661.75,2026-08-31 05:24:08,337.55,6.00,3753.25,-59.4,the_tether_relay,10.43,clear,20.542,9.337,0.00,14.29,world
662.25,2026-08-31 05:24:09,335.61,6.34,3754.47,-59.4,the_tether_relay,10.45,clear,20.542,9.337,0.00,14.93,world
662.75,2026-08-31 05:24:09,335.41,6.41,3754.76,-149.5,the_tether_relay,10.47,clear,19.675,5.992,0.00,14.92,world
663.25,2026-08-31 05:24:10,336.00,6.23,3753.90,-149.5,the_tether_relay,10.49,clear,20.533,6.389,0.00,14.98,world
663.75,2026-08-31 05:24:10,336.60,6.06,3753.02,-149.5,the_tether_relay,10.51,clear,20.533,6.389,0.00,15.12,world
664.25,2026-08-31 05:24:11,337.20,5.90,3752.14,-149.4,the_tether_relay,10.53,clear,20.533,6.389,0.00,15.33,world
664.75,2026-08-31 05:24:11,337.40,5.90,3752.31,-128.4,the_tether_relay,10.55,clear,23.838,6.945,0.00,15.08,world
665.25,2026-08-31 05:24:12,338.58,6.01,3754.29,20.1,the_tether_relay,10.57,clear,20.672,5.489,0.00,12.82,world
665.75,2026-08-31 05:24:12,337.73,5.98,3753.19,-86.4,the_tether_relay,10.59,clear,20.672,5.489,0.00,14.20,world
666.25,2026-08-31 05:24:13,335.76,6.30,3754.30,-59.4,the_tether_relay,10.61,clear,20.672,5.489,0.00,14.91,world
666.75,2026-08-31 05:24:13,335.30,6.44,3754.92,-149.6,the_tether_relay,10.63,clear,20.285,6.366,0.00,14.91,world
667.25,2026-08-31 05:24:14,337.09,6.11,3753.74,120.5,the_tether_relay,10.65,clear,20.285,6.366,0.00,14.26,world
667.75,2026-08-31 05:24:14,339.00,5.78,3752.45,-155.5,the_tether_relay,10.67,clear,18.055,6.044,0.00,13.94,world
668.25,2026-08-31 05:24:15,338.84,5.80,3752.55,-65.3,the_tether_relay,10.69,clear,18.055,6.044,0.00,13.96,world
668.75,2026-08-31 05:24:15,337.10,6.09,3753.61,-59.4,the_tether_relay,10.71,clear,18.654,5.405,0.00,14.35,world
669.25,2026-08-31 05:24:16,336.30,6.14,3753.46,-149.5,the_tether_relay,10.73,clear,18.654,5.405,0.00,15.04,world
669.75,2026-08-31 05:24:16,336.90,5.97,3752.59,-149.5,the_tether_relay,10.75,clear,20.830,5.720,0.00,15.22,world
670.25,2026-08-31 05:24:17,337.25,5.88,3752.07,-149.4,the_tether_relay,10.77,clear,20.830,5.720,0.00,15.35,world
670.75,2026-08-31 05:24:17,338.12,5.99,3753.53,30.6,the_tether_relay,10.79,clear,18.445,5.404,0.00,13.69,world
671.25,2026-08-31 05:24:18,338.26,6.00,3753.75,-149.4,the_tether_relay,10.81,clear,18.445,5.404,0.00,13.43,world
671.75,2026-08-31 05:24:18,336.49,6.18,3753.88,-59.4,the_tether_relay,10.83,clear,20.068,6.662,0.00,14.63,world
672.25,2026-08-31 05:24:19,335.19,6.47,3755.08,-149.6,the_tether_relay,10.85,clear,19.441,5.443,0.00,14.91,world
672.75,2026-08-31 05:24:19,336.30,6.23,3754.19,120.5,the_tether_relay,10.87,clear,19.441,5.443,0.00,14.56,world
673.25,2026-08-31 05:24:20,338.53,5.86,3752.88,120.5,the_tether_relay,10.89,clear,19.251,5.951,0.00,13.90,world
673.75,2026-08-31 05:24:20,339.20,5.75,3752.32,-149.4,the_tether_relay,10.91,clear,19.251,5.951,0.00,13.92,world
674.25,2026-08-31 05:24:21,339.20,5.75,3752.32,-149.4,the_tether_relay,10.93,clear,18.929,6.141,0.00,13.92,world
674.75,2026-08-31 05:24:21,339.20,5.75,3752.32,-80.4,the_tether_relay,10.95,clear,18.929,6.141,0.00,13.92,world
675.25,2026-08-31 05:24:22,339.20,5.75,3752.32,-75.8,the_tether_relay,10.97,clear,18.199,6.330,0.00,13.92,world
675.75,2026-08-31 05:24:22,339.20,5.75,3752.32,-149.4,the_tether_relay,10.99,clear,18.199,6.330,0.00,13.92,world
676.25,2026-08-31 05:24:23,339.20,5.75,3752.32,-149.4,the_tether_relay,11.01,clear,18.199,6.330,0.00,13.92,world
676.75,2026-08-31 05:24:23,339.20,5.75,3752.32,-80.4,the_tether_relay,11.03,clear,24.843,6.495,0.00,13.92,world
677.25,2026-08-31 05:24:24,339.20,5.75,3752.32,-75.8,the_tether_relay,11.05,clear,24.843,6.495,0.00,13.92,world
677.75,2026-08-31 05:24:24,339.20,5.75,3752.32,-149.4,the_tether_relay,11.07,clear,20.777,6.510,0.00,13.92,world
678.25,2026-08-31 05:24:25,339.20,5.75,3752.32,-149.4,the_tether_relay,11.09,clear,21.028,5.652,0.00,13.92,world
678.75,2026-08-31 05:24:25,339.20,5.75,3752.32,-80.4,the_tether_relay,11.11,clear,21.028,5.652,0.00,13.92,world
679.25,2026-08-31 05:24:26,339.20,5.75,3752.32,-75.8,the_tether_relay,11.13,clear,21.028,5.652,0.00,13.92,world
679.75,2026-08-31 05:24:26,339.20,5.75,3752.32,-149.4,the_tether_relay,11.15,clear,21.551,6.968,0.00,13.92,world
680.25,2026-08-31 05:24:27,339.20,5.75,3752.32,-149.4,the_tether_relay,11.17,clear,21.551,6.968,0.00,13.92,world
680.75,2026-08-31 05:24:27,339.20,5.75,3752.32,-80.4,the_tether_relay,11.19,clear,21.170,5.981,0.00,13.92,world
681.25,2026-08-31 05:24:28,339.20,5.75,3752.32,-75.8,the_tether_relay,11.21,clear,21.170,5.981,0.00,13.92,world
681.75,2026-08-31 05:24:28,339.20,5.75,3752.32,-149.4,the_tether_relay,11.23,clear,24.175,7.505,0.00,13.92,world
682.25,2026-08-31 05:24:29,339.20,5.75,3752.32,-149.4,the_tether_relay,11.25,clear,24.175,7.505,0.00,13.92,world
682.75,2026-08-31 05:24:29,339.20,5.75,3752.32,-80.4,the_tether_relay,11.27,clear,20.726,6.165,0.00,13.92,world
683.25,2026-08-31 05:24:30,339.20,5.75,3752.32,-75.8,the_tether_relay,11.29,clear,20.726,6.165,0.00,13.92,world
683.75,2026-08-31 05:24:30,339.20,5.75,3752.32,-149.4,the_tether_relay,11.31,clear,23.171,6.696,0.00,13.92,world
684.25,2026-08-31 05:24:31,339.20,5.75,3752.32,-149.4,the_tether_relay,11.33,clear,23.171,6.696,0.00,13.92,world
684.75,2026-08-31 05:24:31,339.20,5.75,3752.32,-80.4,the_tether_relay,11.35,clear,19.266,6.184,0.00,13.92,world
685.25,2026-08-31 05:24:32,339.20,5.75,3752.32,-75.8,the_tether_relay,11.37,clear,19.266,6.184,0.00,13.92,world
685.75,2026-08-31 05:24:32,339.20,5.75,3752.32,-149.4,the_tether_relay,11.39,clear,20.716,6.267,0.00,13.92,world
686.25,2026-08-31 05:24:33,339.20,5.75,3752.32,-149.4,the_tether_relay,11.41,clear,20.716,6.267,0.00,13.92,world
686.75,2026-08-31 05:24:33,339.20,5.75,3752.32,-80.4,the_tether_relay,11.43,clear,40.591,6.174,0.00,13.92,world
687.25,2026-08-31 05:24:34,339.20,5.75,3752.32,-75.8,the_tether_relay,11.45,clear,19.789,6.139,0.00,13.92,world
687.75,2026-08-31 05:24:34,339.20,5.75,3752.32,-149.4,the_tether_relay,11.47,clear,19.789,6.139,0.00,13.92,world
688.25,2026-08-31 05:24:35,339.20,5.75,3752.32,-149.4,the_tether_relay,11.49,clear,19.789,6.139,0.00,13.92,world
688.75,2026-08-31 05:24:35,339.20,5.75,3752.32,-80.4,the_tether_relay,11.51,clear,20.375,10.347,0.00,13.92,world
689.25,2026-08-31 05:24:36,339.20,5.75,3752.32,-75.8,the_tether_relay,11.53,clear,20.375,10.347,0.00,13.92,world
689.75,2026-08-31 05:24:36,339.20,5.75,3752.32,-149.4,the_tether_relay,11.55,clear,18.351,5.677,0.00,13.92,world
690.25,2026-08-31 05:24:37,339.20,5.75,3752.32,-149.4,the_tether_relay,11.57,clear,18.896,5.420,0.00,13.92,world
690.75,2026-08-31 05:24:37,339.20,5.75,3752.32,-80.4,the_tether_relay,11.59,clear,18.896,5.420,0.00,13.92,world
691.25,2026-08-31 05:24:38,339.20,5.75,3752.32,-75.8,the_tether_relay,11.61,clear,18.896,5.420,0.00,13.92,world
691.75,2026-08-31 05:24:38,339.20,5.75,3752.32,-149.4,the_tether_relay,11.63,clear,20.156,5.980,0.00,13.92,world
692.25,2026-08-31 05:24:39,339.20,5.75,3752.32,-149.4,the_tether_relay,11.65,clear,20.156,5.980,0.00,13.92,world
692.75,2026-08-31 05:24:39,339.20,5.75,3752.32,-80.4,the_tether_relay,11.67,clear,18.486,7.619,0.00,13.92,world
693.25,2026-08-31 05:24:40,339.20,5.75,3752.32,-75.8,the_tether_relay,11.69,clear,21.229,7.269,0.00,13.92,world
693.75,2026-08-31 05:24:40,339.20,5.75,3752.32,-149.4,the_tether_relay,11.71,clear,21.229,7.269,0.00,13.92,world
694.25,2026-08-31 05:24:41,339.20,5.75,3752.32,-149.4,the_tether_relay,11.73,clear,21.229,7.269,0.00,13.92,world
694.75,2026-08-31 05:24:41,339.20,5.75,3752.32,-80.4,the_tether_relay,11.75,clear,18.588,6.006,0.00,13.92,world
695.25,2026-08-31 05:24:42,339.20,5.75,3752.32,-75.8,the_tether_relay,11.77,clear,18.588,6.006,0.00,13.92,world
695.75,2026-08-31 05:24:42,339.20,5.75,3752.32,-149.4,the_tether_relay,11.79,clear,19.211,5.715,0.00,13.92,world
696.25,2026-08-31 05:24:43,339.20,5.75,3752.32,-149.4,the_tether_relay,11.81,clear,20.308,5.187,0.00,13.92,world
696.75,2026-08-31 05:24:43,339.20,5.75,3752.32,-80.4,the_tether_relay,11.83,clear,20.308,5.187,0.00,13.92,world
697.25,2026-08-31 05:24:44,339.20,5.75,3752.32,-75.8,the_tether_relay,11.85,clear,22.198,6.624,0.00,13.92,world
697.75,2026-08-31 05:24:44,339.20,5.75,3752.32,-149.4,the_tether_relay,11.87,clear,22.198,6.624,0.00,13.92,world
698.25,2026-08-31 05:24:45,339.20,5.75,3752.32,-149.4,the_tether_relay,11.89,clear,22.198,6.624,0.00,13.92,world
698.75,2026-08-31 05:24:45,339.20,5.75,3752.32,-80.4,the_tether_relay,11.91,clear,19.372,6.177,0.00,13.92,world
699.25,2026-08-31 05:24:46,339.20,5.75,3752.32,-75.8,the_tether_relay,11.93,clear,19.372,6.177,0.00,13.92,world
699.75,2026-08-31 05:24:46,339.20,5.75,3752.32,-149.4,the_tether_relay,11.95,clear,22.629,6.190,0.00,13.92,world
700.25,2026-08-31 05:24:47,339.20,5.75,3752.32,-149.4,the_tether_relay,11.97,clear,20.880,5.928,0.00,13.92,world
700.75,2026-08-31 05:24:47,339.20,5.75,3752.32,-80.4,the_tether_relay,11.99,clear,20.880,5.928,0.00,13.92,world
701.25,2026-08-31 05:24:48,339.20,5.75,3752.32,-75.8,the_tether_relay,12.01,clear,20.880,5.928,0.00,13.92,world
701.75,2026-08-31 05:24:48,339.20,5.75,3752.32,-149.4,the_tether_relay,12.03,clear,19.101,6.378,0.00,13.92,world
702.25,2026-08-31 05:24:49,339.20,5.75,3752.32,-149.4,the_tether_relay,12.05,clear,19.101,6.378,0.00,13.92,world
702.75,2026-08-31 05:24:49,339.20,5.75,3752.32,-80.4,the_tether_relay,12.07,clear,18.329,5.412,0.00,13.92,world
703.25,2026-08-31 05:24:50,339.20,5.75,3752.32,-75.8,the_tether_relay,12.09,clear,18.329,5.412,0.00,13.92,world
703.75,2026-08-31 05:24:50,339.20,5.75,3752.32,-149.4,the_tether_relay,12.11,clear,25.994,6.632,0.00,13.92,world
704.25,2026-08-31 05:24:51,339.20,5.75,3752.32,-149.4,the_tether_relay,12.13,clear,25.994,6.632,0.00,13.92,world
704.75,2026-08-31 05:24:51,339.20,5.75,3752.32,-80.4,the_tether_relay,12.15,clear,20.020,5.610,0.00,13.92,world
705.25,2026-08-31 05:24:52,339.20,5.75,3752.32,-75.8,the_tether_relay,12.17,clear,20.521,5.578,0.00,13.92,world
705.75,2026-08-31 05:24:52,339.20,5.75,3752.32,-149.4,the_tether_relay,12.19,clear,20.521,5.578,0.00,13.92,world
706.25,2026-08-31 05:24:53,339.20,5.75,3752.32,-149.4,the_tether_relay,12.21,clear,20.684,6.247,0.00,13.92,world
706.75,2026-08-31 05:24:53,339.20,5.75,3752.32,-80.4,the_tether_relay,12.23,clear,20.684,6.247,0.00,13.92,world
707.25,2026-08-31 05:24:54,339.20,5.75,3752.32,-75.8,the_tether_relay,12.25,clear,22.855,6.392,0.00,13.92,world
707.75,2026-08-31 05:24:54,339.20,5.75,3752.32,-149.4,the_tether_relay,12.27,clear,22.855,6.392,0.00,13.92,world
708.25,2026-08-31 05:24:55,339.20,5.75,3752.32,-149.4,the_tether_relay,12.29,clear,22.855,6.392,0.00,13.92,world
708.75,2026-08-31 05:24:55,339.20,5.75,3752.32,-80.4,the_tether_relay,12.31,clear,19.574,5.998,0.00,13.92,world
709.25,2026-08-31 05:24:56,339.20,5.75,3752.32,-75.8,the_tether_relay,12.33,clear,19.574,5.998,0.00,13.92,world
709.75,2026-08-31 05:24:56,339.20,5.75,3752.32,-149.4,the_tether_relay,12.35,clear,23.222,5.631,0.00,13.92,world
710.25,2026-08-31 05:24:57,339.20,5.75,3752.32,-149.4,the_tether_relay,12.37,clear,19.110,5.677,0.00,13.92,world
710.75,2026-08-31 05:24:57,339.20,5.75,3752.32,-80.4,the_tether_relay,12.39,clear,19.110,5.677,0.00,13.92,world
711.25,2026-08-31 05:24:58,339.20,5.75,3752.32,-75.8,the_tether_relay,12.41,clear,19.110,5.677,0.00,13.92,world
711.75,2026-08-31 05:24:58,339.20,5.75,3752.32,-149.4,the_tether_relay,12.43,clear,19.342,5.828,0.00,13.92,world
712.25,2026-08-31 05:24:59,339.20,5.75,3752.32,-149.4,the_tether_relay,12.45,clear,19.342,5.828,0.00,13.92,world
712.75,2026-08-31 05:24:59,339.20,5.75,3752.32,-80.4,the_tether_relay,12.47,clear,19.327,5.455,0.00,13.92,world
713.25,2026-08-31 05:25:00,339.20,5.75,3752.32,-75.8,the_tether_relay,12.49,clear,18.101,5.233,0.00,13.92,world
713.75,2026-08-31 05:25:00,339.20,5.75,3752.32,-149.4,the_tether_relay,12.51,clear,18.101,5.233,0.00,13.92,world
714.25,2026-08-31 05:25:01,339.20,5.75,3752.32,-149.4,the_tether_relay,12.53,clear,20.978,5.929,0.00,13.92,world
714.75,2026-08-31 05:25:01,339.20,5.75,3752.32,-80.4,the_tether_relay,12.55,clear,20.978,5.929,0.00,13.92,world
715.25,2026-08-31 05:25:02,339.20,5.75,3752.32,-75.8,the_tether_relay,12.57,clear,20.978,5.929,0.00,13.92,world
715.75,2026-08-31 05:25:02,339.20,5.75,3752.32,-149.4,the_tether_relay,12.59,clear,19.384,5.355,0.00,13.92,world
716.25,2026-08-31 05:25:03,339.20,5.75,3752.32,-149.4,the_tether_relay,12.61,clear,19.885,5.872,0.00,13.92,world
716.75,2026-08-31 05:25:03,339.20,5.75,3752.32,-80.4,the_tether_relay,12.63,clear,19.885,5.872,0.00,13.92,world
717.25,2026-08-31 05:25:04,339.20,5.75,3752.32,-75.8,the_tether_relay,12.65,clear,19.885,5.872,0.00,13.92,world
717.75,2026-08-31 05:25:04,339.20,5.75,3752.32,-149.4,the_tether_relay,12.67,clear,19.139,6.635,0.00,13.92,world
718.25,2026-08-31 05:25:05,339.20,5.75,3752.32,-149.4,the_tether_relay,12.69,clear,22.497,6.948,0.00,13.92,world
718.75,2026-08-31 05:25:05,339.20,5.75,3752.32,-80.4,the_tether_relay,12.71,clear,22.497,6.948,0.00,13.92,world
719.25,2026-08-31 05:25:06,339.20,5.75,3752.32,-75.8,the_tether_relay,12.73,clear,19.660,6.446,0.00,13.92,world
719.75,2026-08-31 05:25:06,339.20,5.75,3752.32,-149.4,the_tether_relay,12.75,clear,19.660,6.446,0.00,13.92,world
720.25,2026-08-31 05:25:07,339.20,5.75,3752.32,-149.4,the_tether_relay,12.77,clear,19.660,6.446,0.00,13.92,world
720.75,2026-08-31 05:25:07,339.20,5.75,3752.32,-80.4,the_tether_relay,12.79,clear,39.281,6.732,0.00,13.92,world
721.25,2026-08-31 05:25:08,339.20,5.75,3752.32,-75.8,the_tether_relay,12.81,clear,39.281,6.732,0.00,13.92,world
721.75,2026-08-31 05:25:08,339.20,5.75,3752.32,-149.4,the_tether_relay,12.83,clear,18.588,5.399,0.00,13.92,world
722.25,2026-08-31 05:25:09,339.20,5.75,3752.32,-149.4,the_tether_relay,12.85,clear,17.154,5.255,0.00,13.92,world
722.75,2026-08-31 05:25:09,339.20,5.75,3752.32,-80.4,the_tether_relay,12.87,clear,17.154,5.255,0.00,13.92,world
723.25,2026-08-31 05:25:10,339.20,5.75,3752.32,-75.8,the_tether_relay,12.89,clear,17.154,5.255,0.00,13.92,world
723.75,2026-08-31 05:25:10,339.20,5.75,3752.32,-149.4,the_tether_relay,12.91,clear,19.063,5.266,0.00,13.92,world
724.25,2026-08-31 05:25:11,339.20,5.75,3752.32,-149.4,the_tether_relay,12.93,clear,19.063,5.266,0.00,13.92,world
724.75,2026-08-31 05:25:11,339.20,5.75,3752.32,-80.4,the_tether_relay,12.95,clear,17.187,5.308,0.00,13.92,world
725.25,2026-08-31 05:25:12,339.20,5.75,3752.32,-75.8,the_tether_relay,12.97,clear,18.000,5.350,0.00,13.92,world
725.75,2026-08-31 05:25:12,339.20,5.75,3752.32,-149.4,the_tether_relay,12.99,clear,18.000,5.350,0.00,13.92,world
726.25,2026-08-31 05:25:13,339.20,5.75,3752.32,-149.4,the_tether_relay,13.01,clear,18.000,5.350,0.00,13.92,world
726.75,2026-08-31 05:25:13,339.20,5.75,3752.32,-80.4,the_tether_relay,13.03,clear,17.440,5.966,0.00,13.92,world
727.25,2026-08-31 05:25:14,339.20,5.75,3752.32,-75.8,the_tether_relay,13.05,clear,17.614,8.551,0.00,13.92,world
727.75,2026-08-31 05:25:14,339.20,5.75,3752.32,-149.4,the_tether_relay,13.07,clear,17.614,8.551,0.00,13.92,world
728.25,2026-08-31 05:25:15,339.20,5.75,3752.32,-149.4,the_tether_relay,13.09,clear,17.390,5.359,0.00,13.92,world
728.75,2026-08-31 05:25:15,339.20,5.75,3752.32,-80.4,the_tether_relay,13.11,clear,17.390,5.359,0.00,13.92,world
729.25,2026-08-31 05:25:16,339.20,5.75,3752.32,-75.8,the_tether_relay,13.13,clear,17.608,5.251,0.00,13.92,world
729.75,2026-08-31 05:25:16,339.20,5.75,3752.32,-149.4,the_tether_relay,13.15,clear,17.608,5.251,0.00,13.92,world
730.25,2026-08-31 05:25:17,339.20,5.75,3752.32,-149.4,the_tether_relay,13.17,clear,17.608,5.251,0.00,13.92,world
730.75,2026-08-31 05:25:17,339.20,5.75,3752.32,-80.4,the_tether_relay,13.19,clear,18.111,5.801,0.00,13.92,world
731.25,2026-08-31 05:25:18,339.20,5.75,3752.32,-75.8,the_tether_relay,13.21,clear,18.538,5.428,0.00,13.92,world
731.75,2026-08-31 05:25:18,339.20,5.75,3752.32,-149.4,the_tether_relay,13.23,clear,18.538,5.428,0.00,13.92,world
732.25,2026-08-31 05:25:19,339.20,5.75,3752.32,-149.4,the_tether_relay,13.25,clear,18.538,5.428,0.00,13.92,world
732.75,2026-08-31 05:25:19,339.20,5.75,3752.32,-80.4,the_tether_relay,13.27,clear,21.606,6.092,0.00,13.92,world
733.25,2026-08-31 05:25:20,339.20,5.75,3752.32,-75.8,the_tether_relay,13.29,clear,18.546,5.856,0.00,13.92,world
733.75,2026-08-31 05:25:20,339.20,5.75,3752.32,-149.4,the_tether_relay,13.31,clear,18.546,5.856,0.00,13.92,world
734.25,2026-08-31 05:25:21,339.20,5.75,3752.32,-149.4,the_tether_relay,13.33,clear,18.546,5.856,0.00,13.92,world
734.75,2026-08-31 05:25:21,339.20,5.75,3752.32,-80.4,the_tether_relay,13.35,clear,18.040,5.767,0.00,13.92,world
735.25,2026-08-31 05:25:22,339.20,5.75,3752.32,-75.8,the_tether_relay,13.37,clear,18.040,5.767,0.00,13.92,world
735.75,2026-08-31 05:25:22,339.20,5.75,3752.32,-149.4,the_tether_relay,13.39,clear,19.644,6.768,0.00,13.92,world
736.25,2026-08-31 05:25:23,339.20,5.75,3752.32,-149.4,the_tether_relay,13.41,clear,19.644,6.768,0.00,13.92,world
736.75,2026-08-31 05:25:23,339.20,5.75,3752.32,-80.4,the_tether_relay,13.43,clear,20.154,5.588,0.00,13.92,world
737.25,2026-08-31 05:25:24,339.20,5.75,3752.32,-75.8,the_tether_relay,13.45,clear,20.154,5.588,0.00,13.92,world
737.75,2026-08-31 05:25:24,339.20,5.75,3752.32,-149.4,the_tether_relay,13.47,clear,20.663,17.762,0.00,13.92,world
738.25,2026-08-31 05:25:25,339.20,5.75,3752.32,-149.4,the_tether_relay,13.49,clear,20.663,17.762,0.00,13.92,world
738.75,2026-08-31 05:25:25,339.20,5.75,3752.32,-80.4,the_tether_relay,13.51,clear,17.546,5.408,0.00,13.92,world
739.25,2026-08-31 05:25:26,339.20,5.75,3752.32,-75.8,the_tether_relay,13.53,clear,17.364,5.884,0.00,13.92,world
739.75,2026-08-31 05:25:26,339.20,5.75,3752.32,-149.4,the_tether_relay,13.55,clear,17.364,5.884,0.00,13.92,world
740.25,2026-08-31 05:25:27,339.20,5.75,3752.32,-149.4,the_tether_relay,13.57,clear,17.364,5.884,0.00,13.92,world
740.75,2026-08-31 05:25:27,339.20,5.75,3752.32,-80.4,the_tether_relay,13.59,clear,18.320,5.829,0.00,13.92,world
741.25,2026-08-31 05:25:28,339.20,5.75,3752.32,-75.8,the_tether_relay,13.61,clear,19.075,5.718,0.00,13.92,world
741.75,2026-08-31 05:25:28,339.20,5.75,3752.32,-149.4,the_tether_relay,13.63,clear,19.075,5.718,0.00,13.92,world
742.25,2026-08-31 05:25:29,339.20,5.75,3752.32,-149.4,the_tether_relay,13.65,clear,19.075,5.718,0.00,13.92,world
742.75,2026-08-31 05:25:29,339.20,5.75,3752.32,-80.4,the_tether_relay,13.67,clear,21.213,6.298,0.00,13.92,world
743.25,2026-08-31 05:25:30,339.20,5.75,3752.32,-75.8,the_tether_relay,13.69,clear,21.213,6.298,0.00,13.92,world
743.75,2026-08-31 05:25:30,339.20,5.75,3752.32,-149.4,the_tether_relay,13.71,clear,19.496,5.386,0.00,13.92,world
744.25,2026-08-31 05:25:31,339.20,5.75,3752.32,-149.4,the_tether_relay,13.73,clear,19.496,5.386,0.00,13.92,world
744.75,2026-08-31 05:25:31,339.20,5.75,3752.32,-80.4,the_tether_relay,13.75,clear,17.027,5.178,0.00,13.92,world
745.25,2026-08-31 05:25:32,339.20,5.75,3752.32,-75.8,the_tether_relay,13.77,clear,17.027,5.178,0.00,13.92,world
745.75,2026-08-31 05:25:32,339.20,5.75,3752.32,-149.4,the_tether_relay,13.79,clear,17.070,5.877,0.00,13.92,world
746.25,2026-08-31 05:25:33,339.20,5.75,3752.32,-149.4,the_tether_relay,13.81,clear,17.070,5.877,0.00,13.92,world
746.75,2026-08-31 05:25:33,339.20,5.75,3752.32,-80.4,the_tether_relay,13.83,clear,17.669,5.553,0.00,13.92,world
747.25,2026-08-31 05:25:34,339.20,5.75,3752.32,-75.8,the_tether_relay,13.85,clear,17.669,5.553,0.00,13.92,world
747.75,2026-08-31 05:25:34,339.20,5.75,3752.32,-149.4,the_tether_relay,13.87,clear,19.235,5.972,0.00,13.92,world
748.25,2026-08-31 05:25:35,339.20,5.75,3752.32,-149.4,the_tether_relay,13.89,clear,19.235,5.972,0.00,13.92,world
748.75,2026-08-31 05:25:35,339.20,5.75,3752.32,-80.4,the_tether_relay,13.91,clear,18.041,5.412,0.00,13.92,world
749.25,2026-08-31 05:25:36,339.20,5.75,3752.32,-75.8,the_tether_relay,13.93,clear,17.971,5.627,0.00,13.92,world
749.75,2026-08-31 05:25:36,339.20,5.75,3752.32,-149.4,the_tether_relay,13.95,clear,17.971,5.627,0.00,13.92,world
750.25,2026-08-31 05:25:37,339.20,5.75,3752.32,-149.4,the_tether_relay,13.97,clear,17.971,5.627,0.00,13.92,world
750.75,2026-08-31 05:25:37,339.20,5.75,3752.32,-80.4,the_tether_relay,13.99,clear,18.921,5.533,0.00,13.92,world
751.25,2026-08-31 05:25:38,339.20,5.75,3752.32,-75.8,the_tether_relay,14.01,clear,18.921,5.533,0.00,13.92,world
751.75,2026-08-31 05:25:38,339.20,5.75,3752.32,-149.4,the_tether_relay,14.03,clear,17.316,5.173,0.00,13.92,world
752.25,2026-08-31 05:25:39,339.20,5.75,3752.32,-149.4,the_tether_relay,14.05,clear,17.316,5.173,0.00,13.92,world
752.75,2026-08-31 05:25:39,339.20,5.75,3752.32,-80.4,the_tether_relay,14.07,clear,17.610,5.379,0.00,13.92,world
753.25,2026-08-31 05:25:40,339.20,5.75,3752.32,-75.8,the_tether_relay,14.09,clear,17.610,5.379,0.00,13.92,world
753.75,2026-08-31 05:25:40,339.20,5.75,3752.32,-149.4,the_tether_relay,14.11,clear,17.715,5.487,0.00,13.92,world
754.25,2026-08-31 05:25:41,339.20,5.75,3752.32,-149.4,the_tether_relay,14.13,clear,17.715,5.487,0.00,13.92,world
754.75,2026-08-31 05:25:41,339.20,5.75,3752.32,-80.4,the_tether_relay,14.15,clear,17.718,5.825,0.00,13.92,world
755.25,2026-08-31 05:25:42,339.20,5.75,3752.32,-75.8,the_tether_relay,14.17,clear,17.718,5.825,0.00,13.92,world
755.75,2026-08-31 05:25:42,339.20,5.75,3752.32,-149.4,the_tether_relay,14.19,clear,17.793,5.383,0.00,13.92,world
756.25,2026-08-31 05:25:43,339.20,5.75,3752.32,-149.4,the_tether_relay,14.21,clear,17.793,5.383,0.00,13.92,world
756.75,2026-08-31 05:25:43,339.20,5.75,3752.32,-80.4,the_tether_relay,14.23,clear,17.547,5.195,0.00,13.92,world
757.25,2026-08-31 05:25:44,339.20,5.75,3752.32,-75.8,the_tether_relay,14.25,clear,17.547,5.195,0.00,13.92,world
757.75,2026-08-31 05:25:44,339.20,5.75,3752.32,-149.4,the_tether_relay,14.27,clear,17.886,5.127,0.00,13.92,world
758.25,2026-08-31 05:25:45,339.20,5.75,3752.32,-149.4,the_tether_relay,14.29,clear,17.886,5.127,0.00,13.92,world
758.75,2026-08-31 05:25:45,339.20,5.75,3752.32,-80.4,the_tether_relay,14.31,clear,19.293,5.327,0.00,13.92,world
759.25,2026-08-31 05:25:46,339.20,5.75,3752.32,-75.8,the_tether_relay,14.33,clear,19.293,5.327,0.00,13.92,world
759.75,2026-08-31 05:25:46,339.20,5.75,3752.32,-149.4,the_tether_relay,14.35,clear,20.572,5.940,0.00,13.92,world
760.25,2026-08-31 05:25:47,339.20,5.75,3752.32,-149.4,the_tether_relay,14.37,clear,20.572,5.940,0.00,13.92,world
760.75,2026-08-31 05:25:47,339.20,5.75,3752.32,-80.4,the_tether_relay,14.39,clear,21.070,6.206,0.00,13.92,world
761.25,2026-08-31 05:25:48,339.20,5.75,3752.32,-75.8,the_tether_relay,14.41,clear,21.070,6.206,0.00,13.92,world
761.75,2026-08-31 05:25:48,339.20,5.75,3752.32,-149.4,the_tether_relay,14.43,clear,18.169,5.574,0.00,13.92,world
762.25,2026-08-31 05:25:49,339.20,5.75,3752.32,-149.4,the_tether_relay,14.45,clear,18.108,5.407,0.00,13.92,world
762.75,2026-08-31 05:25:49,339.20,5.75,3752.32,-80.4,the_tether_relay,14.47,clear,18.108,5.407,0.00,13.92,world
763.25,2026-08-31 05:25:50,339.20,5.75,3752.32,-75.8,the_tether_relay,14.49,clear,18.108,5.407,0.00,13.92,world
763.75,2026-08-31 05:25:50,339.20,5.75,3752.32,-149.4,the_tether_relay,14.51,clear,17.861,5.556,0.00,13.92,world
764.25,2026-08-31 05:25:51,339.20,5.75,3752.32,-149.4,the_tether_relay,14.53,clear,17.861,5.556,0.00,13.92,world
764.75,2026-08-31 05:25:51,339.20,5.75,3752.32,-80.4,the_tether_relay,14.55,clear,17.434,5.370,0.00,13.92,world
765.25,2026-08-31 05:25:52,339.20,5.75,3752.32,-75.8,the_tether_relay,14.57,clear,17.434,5.370,0.00,13.92,world
765.75,2026-08-31 05:25:52,339.20,5.75,3752.32,-149.4,the_tether_relay,14.59,clear,21.239,7.870,0.00,13.92,world
766.25,2026-08-31 05:25:53,339.20,5.75,3752.32,-149.4,the_tether_relay,14.61,clear,21.239,7.870,0.00,13.92,world
766.75,2026-08-31 05:25:53,339.20,5.75,3752.32,-80.4,the_tether_relay,14.63,clear,17.482,5.569,0.00,13.92,world
767.25,2026-08-31 05:25:54,339.20,5.75,3752.32,-75.8,the_tether_relay,14.65,clear,17.569,5.412,0.00,13.92,world
767.75,2026-08-31 05:25:54,339.20,5.75,3752.32,-149.4,the_tether_relay,14.67,clear,17.569,5.412,0.00,13.92,world
768.25,2026-08-31 05:25:55,339.20,5.75,3752.32,-149.4,the_tether_relay,14.69,clear,17.386,5.793,0.00,13.92,world
768.75,2026-08-31 05:25:55,339.20,5.75,3752.32,-80.4,the_tether_relay,14.71,clear,17.386,5.793,0.00,13.92,world
769.25,2026-08-31 05:25:56,339.20,5.75,3752.32,-75.8,the_tether_relay,14.73,clear,17.386,5.793,0.00,13.92,world
769.75,2026-08-31 05:25:56,339.20,5.75,3752.32,-149.4,the_tether_relay,14.75,clear,17.133,5.299,0.00,13.92,world
770.25,2026-08-31 05:25:57,339.20,5.75,3752.32,-149.4,the_tether_relay,14.77,clear,18.571,6.697,0.00,13.92,world
770.75,2026-08-31 05:25:57,339.20,5.75,3752.32,-80.4,the_tether_relay,14.79,clear,18.571,6.697,0.00,13.92,world
771.25,2026-08-31 05:25:58,339.20,5.75,3752.32,-75.8,the_tether_relay,14.81,clear,17.138,5.571,0.00,13.92,world
771.75,2026-08-31 05:25:58,339.20,5.75,3752.32,-149.4,the_tether_relay,14.83,clear,17.138,5.571,0.00,13.92,world
772.25,2026-08-31 05:25:59,339.20,5.75,3752.32,-149.4,the_tether_relay,14.85,clear,17.138,5.571,0.00,13.92,world
772.75,2026-08-31 05:25:59,339.20,5.75,3752.32,-80.4,the_tether_relay,14.87,clear,18.636,6.052,0.00,13.92,world
773.25,2026-08-31 05:26:00,339.20,5.75,3752.32,-75.8,the_tether_relay,14.89,clear,18.636,6.052,0.00,13.92,world
773.75,2026-08-31 05:26:00,339.20,5.75,3752.32,-149.4,the_tether_relay,14.91,clear,17.387,5.363,0.00,13.92,world
774.25,2026-08-31 05:26:01,339.20,5.75,3752.32,-149.4,the_tether_relay,14.93,clear,17.387,5.363,0.00,13.92,world
774.75,2026-08-31 05:26:01,339.20,5.75,3752.32,-80.4,the_tether_relay,14.95,clear,19.303,5.440,0.00,13.92,world
775.25,2026-08-31 05:26:02,339.20,5.75,3752.32,-75.8,the_tether_relay,14.97,clear,19.303,5.440,0.00,13.92,world
775.75,2026-08-31 05:26:02,339.20,5.75,3752.32,-149.4,the_tether_relay,14.99,clear,17.794,5.200,0.00,13.92,world
776.25,2026-08-31 05:26:03,339.20,5.75,3752.32,-149.4,the_tether_relay,15.01,clear,17.794,5.200,0.00,13.92,world
776.75,2026-08-31 05:26:03,339.20,5.75,3752.32,-80.4,the_tether_relay,15.03,clear,17.078,5.251,0.00,13.92,world
777.25,2026-08-31 05:26:04,339.20,5.75,3752.32,-75.8,the_tether_relay,15.05,clear,17.302,5.377,0.00,13.92,world
777.75,2026-08-31 05:26:04,339.20,5.75,3752.32,-149.4,the_tether_relay,15.07,clear,17.302,5.377,0.00,13.92,world
778.25,2026-08-31 05:26:05,339.20,5.75,3752.32,-149.4,the_tether_relay,15.09,clear,17.302,5.377,0.00,13.92,world
778.75,2026-08-31 05:26:05,339.20,5.75,3752.32,-80.4,the_tether_relay,15.11,clear,17.730,17.980,0.00,13.92,world
779.25,2026-08-31 05:26:06,339.20,5.75,3752.32,-75.8,the_tether_relay,15.13,clear,17.757,5.328,0.00,13.92,world
779.75,2026-08-31 05:26:06,339.20,5.75,3752.32,-149.4,the_tether_relay,15.15,clear,17.757,5.328,0.00,13.92,world
780.25,2026-08-31 05:26:07,339.20,5.75,3752.32,-149.4,the_tether_relay,15.17,clear,17.757,5.328,0.00,13.92,world
780.75,2026-08-31 05:26:07,339.20,5.75,3752.32,-80.4,the_tether_relay,15.19,clear,22.188,27.072,0.00,13.92,world
781.25,2026-08-31 05:26:08,339.20,5.75,3752.32,-75.8,the_tether_relay,15.21,clear,22.188,27.072,0.00,13.92,world
781.75,2026-08-31 05:26:08,339.20,5.75,3752.32,-149.4,the_tether_relay,15.23,clear,17.778,5.697,0.00,13.92,world
782.25,2026-08-31 05:26:09,339.20,5.75,3752.32,-149.4,the_tether_relay,15.25,clear,17.778,5.697,0.00,13.92,world
782.75,2026-08-31 05:26:09,339.20,5.75,3752.32,-80.4,the_tether_relay,15.27,clear,17.643,5.635,0.00,13.92,world
783.25,2026-08-31 05:26:10,339.20,5.75,3752.32,-75.8,the_tether_relay,15.29,clear,17.643,5.635,0.00,13.92,world
783.75,2026-08-31 05:26:10,339.20,5.75,3752.32,-149.4,the_tether_relay,15.31,clear,17.900,5.599,0.00,13.92,world
784.25,2026-08-31 05:26:11,339.20,5.75,3752.32,-149.4,the_tether_relay,15.33,clear,17.900,5.599,0.00,13.92,world
784.75,2026-08-31 05:26:11,339.20,5.75,3752.32,-80.4,the_tether_relay,15.35,clear,18.112,5.329,0.00,13.92,world
785.25,2026-08-31 05:26:12,339.20,5.75,3752.32,-75.8,the_tether_relay,15.37,clear,18.112,5.329,0.00,13.92,world
785.75,2026-08-31 05:26:12,339.20,5.75,3752.32,-149.4,the_tether_relay,15.39,clear,17.290,6.409,0.00,13.92,world
786.25,2026-08-31 05:26:13,339.20,5.75,3752.32,-149.4,the_tether_relay,15.41,clear,17.290,6.409,0.00,13.92,world
786.75,2026-08-31 05:26:13,339.20,5.75,3752.32,-80.4,the_tether_relay,15.43,clear,17.281,5.528,0.00,13.92,world
787.25,2026-08-31 05:26:14,339.20,5.75,3752.32,-75.8,the_tether_relay,15.45,clear,17.281,5.528,0.00,13.92,world
787.75,2026-08-31 05:26:14,339.20,5.75,3752.32,-149.4,the_tether_relay,15.47,clear,17.602,5.391,0.00,13.92,world
788.25,2026-08-31 05:26:15,339.20,5.75,3752.32,-149.4,the_tether_relay,15.49,clear,17.602,5.391,0.00,13.92,world
788.75,2026-08-31 05:26:15,339.20,5.75,3752.32,-80.4,the_tether_relay,15.51,clear,17.237,5.243,0.00,13.92,world
789.25,2026-08-31 05:26:16,339.20,5.75,3752.32,-75.8,the_tether_relay,15.53,clear,17.237,5.243,0.00,13.92,world
789.75,2026-08-31 05:26:16,339.20,5.75,3752.32,-149.4,the_tether_relay,15.55,clear,20.985,6.238,0.00,13.92,world
790.25,2026-08-31 05:26:17,339.20,5.75,3752.32,-149.4,the_tether_relay,15.57,clear,20.985,6.238,0.00,13.92,world
790.75,2026-08-31 05:26:17,339.20,5.75,3752.32,-80.4,the_tether_relay,15.59,clear,17.656,5.354,0.00,13.92,world
791.25,2026-08-31 05:26:18,339.20,5.75,3752.32,-75.8,the_tether_relay,15.61,clear,17.656,5.354,0.00,13.92,world
791.75,2026-08-31 05:26:18,339.20,5.75,3752.32,-149.4,the_tether_relay,15.63,clear,18.350,22.724,0.00,13.92,world
792.25,2026-08-31 05:26:19,339.20,5.75,3752.32,-149.4,the_tether_relay,15.65,clear,18.350,22.724,0.00,13.92,world
792.75,2026-08-31 05:26:19,339.20,5.75,3752.32,-80.4,the_tether_relay,15.67,clear,17.300,5.227,0.00,13.92,world
793.25,2026-08-31 05:26:20,339.20,5.75,3752.32,-75.8,the_tether_relay,15.69,clear,17.300,5.227,0.00,13.92,world
793.75,2026-08-31 05:26:20,339.20,5.75,3752.32,-149.4,the_tether_relay,15.71,clear,19.059,5.421,0.00,13.92,world
794.25,2026-08-31 05:26:21,339.20,5.75,3752.32,-149.4,the_tether_relay,15.73,clear,17.722,5.986,0.00,13.92,world
794.75,2026-08-31 05:26:21,339.20,5.75,3752.32,-80.4,the_tether_relay,15.75,clear,17.722,5.986,0.00,13.92,world
795.25,2026-08-31 05:26:22,339.20,5.75,3752.32,-75.8,the_tether_relay,15.77,clear,18.622,5.470,0.00,13.92,world
795.75,2026-08-31 05:26:22,339.20,5.75,3752.32,-149.4,the_tether_relay,15.79,clear,18.622,5.470,0.00,13.92,world
796.25,2026-08-31 05:26:23,339.20,5.75,3752.32,-149.4,the_tether_relay,15.81,clear,18.622,5.470,0.00,13.92,world
796.75,2026-08-31 05:26:23,339.20,5.75,3752.32,-80.4,the_tether_relay,15.83,clear,17.672,5.334,0.00,13.92,world
797.25,2026-08-31 05:26:24,339.20,5.75,3752.32,-75.8,the_tether_relay,15.85,clear,17.672,5.334,0.00,13.92,world
797.75,2026-08-31 05:26:24,339.20,5.75,3752.32,-149.4,the_tether_relay,15.87,clear,17.345,5.518,0.00,13.92,world
798.25,2026-08-31 05:26:25,339.20,5.75,3752.32,-149.4,the_tether_relay,15.89,clear,17.345,5.518,0.00,13.92,world
798.75,2026-08-31 05:26:25,339.20,5.75,3752.32,-80.4,the_tether_relay,15.91,clear,17.811,5.325,0.00,13.92,world
799.25,2026-08-31 05:26:26,339.20,5.75,3752.32,-75.8,the_tether_relay,15.93,clear,18.425,5.220,0.00,13.92,world
799.75,2026-08-31 05:26:26,339.20,5.75,3752.32,-149.4,the_tether_relay,15.95,clear,18.425,5.220,0.00,13.92,world
800.25,2026-08-31 05:26:27,339.20,5.75,3752.32,-149.4,the_tether_relay,15.97,clear,18.425,5.220,0.00,13.92,world
800.75,2026-08-31 05:26:27,339.20,5.75,3752.32,-80.4,the_tether_relay,15.99,clear,18.237,6.507,0.00,13.92,world
801.25,2026-08-31 05:26:28,339.20,5.75,3752.32,-75.8,the_tether_relay,16.01,clear,18.237,6.507,0.00,13.92,world
801.75,2026-08-31 05:26:28,339.20,5.75,3752.32,-149.4,the_tether_relay,16.03,clear,17.681,5.246,0.00,13.92,world
802.25,2026-08-31 05:26:29,339.20,5.75,3752.32,-149.4,the_tether_relay,16.05,clear,17.681,5.246,0.00,13.92,world
802.75,2026-08-31 05:26:29,339.20,5.75,3752.32,-80.4,the_tether_relay,16.07,clear,18.957,5.813,0.00,13.92,world
803.25,2026-08-31 05:26:30,339.20,5.75,3752.32,-75.8,the_tether_relay,16.09,clear,18.957,5.813,0.00,13.92,world
803.75,2026-08-31 05:26:30,339.20,5.75,3752.32,-149.4,the_tether_relay,16.11,clear,18.573,6.905,0.00,13.92,world
804.25,2026-08-31 05:26:31,339.20,5.75,3752.32,-149.4,the_tether_relay,16.13,clear,18.573,6.905,0.00,13.92,world
804.75,2026-08-31 05:26:31,339.20,5.75,3752.32,-80.4,the_tether_relay,16.15,clear,19.098,5.944,0.00,13.92,world
805.25,2026-08-31 05:26:32,339.20,5.75,3752.32,-75.8,the_tether_relay,16.17,clear,19.098,5.944,0.00,13.92,world
805.75,2026-08-31 05:26:32,339.20,5.75,3752.32,-149.4,the_tether_relay,16.19,clear,21.358,7.911,0.00,13.92,world
806.25,2026-08-31 05:26:33,339.20,5.75,3752.32,-149.4,the_tether_relay,16.21,clear,17.414,5.280,0.00,13.92,world
806.75,2026-08-31 05:26:33,339.20,5.75,3752.32,-80.4,the_tether_relay,16.23,clear,17.414,5.280,0.00,13.92,world
807.25,2026-08-31 05:26:34,339.20,5.75,3752.32,-75.8,the_tether_relay,16.25,clear,17.319,5.325,0.00,13.92,world
807.75,2026-08-31 05:26:34,339.20,5.75,3752.32,-149.4,the_tether_relay,16.27,clear,17.319,5.325,0.00,13.92,world
808.25,2026-08-31 05:26:35,339.20,5.75,3752.32,-149.4,the_tether_relay,16.29,clear,17.319,5.325,0.00,13.92,world
808.75,2026-08-31 05:26:35,339.20,5.75,3752.32,-80.4,the_tether_relay,16.31,clear,17.414,5.599,0.00,13.92,world
809.25,2026-08-31 05:26:36,339.20,5.75,3752.32,-75.8,the_tether_relay,16.33,clear,17.414,5.599,0.00,13.92,world
809.75,2026-08-31 05:26:36,339.20,5.75,3752.32,-149.4,the_tether_relay,16.35,clear,18.424,5.364,0.00,13.92,world
810.25,2026-08-31 05:26:37,339.20,5.75,3752.32,-149.4,the_tether_relay,16.37,clear,18.424,5.364,0.00,13.92,world
810.75,2026-08-31 05:26:37,339.20,5.75,3752.32,-80.4,the_tether_relay,16.39,clear,17.153,5.958,0.00,13.92,world
811.25,2026-08-31 05:26:38,339.20,5.75,3752.32,-75.8,the_tether_relay,16.41,clear,17.153,5.958,0.00,13.92,world
811.75,2026-08-31 05:26:38,339.20,5.75,3752.32,-149.4,the_tether_relay,16.43,clear,18.478,5.492,0.00,13.92,world
812.25,2026-08-31 05:26:39,339.20,5.75,3752.32,-149.4,the_tether_relay,16.45,clear,18.478,5.492,0.00,13.92,world
812.75,2026-08-31 05:26:39,339.20,5.75,3752.32,-80.4,the_tether_relay,16.47,clear,18.060,5.726,0.00,13.92,world
813.25,2026-08-31 05:26:40,339.20,5.75,3752.32,-75.8,the_tether_relay,16.49,clear,17.154,5.615,0.00,13.92,world
813.75,2026-08-31 05:26:40,339.20,5.75,3752.32,-149.4,the_tether_relay,16.51,clear,17.154,5.615,0.00,13.92,world
814.25,2026-08-31 05:26:41,339.20,5.75,3752.32,-149.4,the_tether_relay,16.53,clear,19.378,5.375,0.00,13.92,world
814.75,2026-08-31 05:26:41,339.20,5.75,3752.32,-80.4,the_tether_relay,16.55,clear,19.378,5.375,0.00,13.92,world
815.25,2026-08-31 05:26:42,339.20,5.75,3752.32,-75.8,the_tether_relay,16.57,clear,19.378,5.375,0.00,13.92,world
815.75,2026-08-31 05:26:42,339.20,5.75,3752.32,-149.4,the_tether_relay,16.59,clear,18.527,5.969,0.00,13.92,world
816.25,2026-08-31 05:26:43,339.20,5.75,3752.32,-149.4,the_tether_relay,16.61,clear,17.504,5.135,0.00,13.92,world
816.75,2026-08-31 05:26:43,339.20,5.75,3752.32,-80.4,the_tether_relay,16.63,clear,17.504,5.135,0.00,13.92,world
817.25,2026-08-31 05:26:44,339.20,5.75,3752.32,-75.8,the_tether_relay,16.65,clear,17.504,5.135,0.00,13.92,world
817.75,2026-08-31 05:26:44,339.20,5.75,3752.32,-149.4,the_tether_relay,16.67,clear,17.447,5.688,0.00,13.92,world
818.25,2026-08-31 05:26:45,339.20,5.75,3752.32,-149.4,the_tether_relay,16.69,clear,17.447,5.688,0.00,13.92,world
818.75,2026-08-31 05:26:45,339.20,5.75,3752.32,-80.4,the_tether_relay,16.71,clear,18.692,6.795,0.00,13.92,world
819.25,2026-08-31 05:26:46,339.20,5.75,3752.32,-75.8,the_tether_relay,16.73,clear,18.692,6.795,0.00,13.92,world
819.75,2026-08-31 05:26:46,339.20,5.75,3752.32,-149.4,the_tether_relay,16.75,clear,19.161,5.470,0.00,13.92,world
820.25,2026-08-31 05:26:47,339.20,5.75,3752.32,-149.4,the_tether_relay,16.77,clear,19.161,5.470,0.00,13.92,world
820.75,2026-08-31 05:26:47,339.20,5.75,3752.32,-80.4,the_tether_relay,16.79,clear,17.377,5.416,0.00,13.92,world
821.25,2026-08-31 05:26:48,339.20,5.75,3752.32,-75.8,the_tether_relay,16.81,clear,17.377,5.416,0.00,13.92,world
821.75,2026-08-31 05:26:48,339.20,5.75,3752.32,-149.4,the_tether_relay,16.83,clear,20.380,15.395,0.00,13.92,world
822.25,2026-08-31 05:26:49,339.20,5.75,3752.32,-149.4,the_tether_relay,16.85,clear,20.380,15.395,0.00,13.92,world
822.75,2026-08-31 05:26:49,339.20,5.75,3752.32,-80.4,the_tether_relay,16.87,clear,18.042,5.989,0.00,13.92,world
823.25,2026-08-31 05:26:50,339.20,5.75,3752.32,-75.8,the_tether_relay,16.89,clear,19.004,5.425,0.00,13.92,world
823.75,2026-08-31 05:26:50,339.20,5.75,3752.32,-149.4,the_tether_relay,16.91,clear,19.004,5.425,0.00,13.92,world
824.25,2026-08-31 05:26:51,339.20,5.75,3752.32,-149.4,the_tether_relay,16.93,clear,19.004,5.425,0.00,13.92,world
824.75,2026-08-31 05:26:51,339.20,5.75,3752.32,-80.4,the_tether_relay,16.95,clear,18.818,6.164,0.00,13.92,world
825.25,2026-08-31 05:26:52,339.20,5.75,3752.32,-75.8,the_tether_relay,16.97,clear,18.818,6.164,0.00,13.92,world
825.75,2026-08-31 05:26:52,339.20,5.75,3752.32,-149.4,the_tether_relay,16.99,clear,17.063,5.250,0.00,13.92,world
826.25,2026-08-31 05:26:53,339.20,5.75,3752.32,-149.4,the_tether_relay,17.01,clear,18.373,6.214,0.00,13.92,world
826.75,2026-08-31 05:26:53,339.20,5.75,3752.32,-80.4,the_tether_relay,17.03,clear,18.373,6.214,0.00,13.92,world
827.25,2026-08-31 05:26:54,339.20,5.75,3752.32,-75.8,the_tether_relay,17.05,clear,18.373,6.214,0.00,13.92,world
827.75,2026-08-31 05:26:54,339.20,5.75,3752.32,-149.4,the_tether_relay,17.07,clear,18.839,6.198,0.00,13.92,world
828.25,2026-08-31 05:26:55,339.20,5.75,3752.32,-149.4,the_tether_relay,17.09,clear,18.839,6.198,0.00,13.92,world
828.75,2026-08-31 05:26:55,339.20,5.75,3752.32,-80.4,the_tether_relay,17.11,clear,19.881,5.756,0.00,13.92,world
829.25,2026-08-31 05:26:56,339.20,5.75,3752.32,-75.8,the_tether_relay,17.13,clear,19.881,5.756,0.00,13.92,world
829.75,2026-08-31 05:26:56,339.20,5.75,3752.32,-149.4,the_tether_relay,17.15,clear,18.367,6.145,0.00,13.92,world
830.25,2026-08-31 05:26:57,339.20,5.75,3752.32,-149.4,the_tether_relay,17.17,clear,18.367,6.145,0.00,13.92,world
830.75,2026-08-31 05:26:57,339.20,5.75,3752.32,-80.4,the_tether_relay,17.19,clear,28.171,6.177,0.00,13.92,world
831.25,2026-08-31 05:26:58,339.20,5.75,3752.32,-75.8,the_tether_relay,17.21,clear,28.171,6.177,0.00,13.92,world
831.75,2026-08-31 05:26:58,339.20,5.75,3752.32,-149.4,the_tether_relay,17.23,clear,17.373,5.993,0.00,13.92,world
832.25,2026-08-31 05:26:59,339.20,5.75,3752.32,-149.4,the_tether_relay,17.25,clear,17.373,5.993,0.00,13.92,world
832.75,2026-08-31 05:26:59,339.20,5.75,3752.32,-80.4,the_tether_relay,17.27,clear,18.526,5.942,0.00,13.92,world
833.25,2026-08-31 05:27:00,339.20,5.75,3752.32,-75.8,the_tether_relay,17.29,clear,18.526,5.942,0.00,13.92,world
833.75,2026-08-31 05:27:00,339.20,5.75,3752.32,-149.4,the_tether_relay,17.31,clear,17.802,5.512,0.00,13.92,world
834.25,2026-08-31 05:27:01,339.20,5.75,3752.32,-149.4,the_tether_relay,17.33,clear,17.802,5.512,0.00,13.92,world
834.75,2026-08-31 05:27:01,339.20,5.75,3752.32,-80.4,the_tether_relay,17.35,clear,18.322,5.847,0.00,13.92,world
835.25,2026-08-31 05:27:02,339.20,5.75,3752.32,-75.8,the_tether_relay,17.37,clear,18.322,5.847,0.00,13.92,world
835.75,2026-08-31 05:27:02,339.20,5.75,3752.32,-149.4,the_tether_relay,17.39,clear,17.256,5.284,0.00,13.92,world
836.25,2026-08-31 05:27:03,339.20,5.75,3752.32,-149.4,the_tether_relay,17.41,clear,17.586,5.625,0.00,13.92,world
836.75,2026-08-31 05:27:03,339.20,5.75,3752.32,-80.4,the_tether_relay,17.43,clear,17.586,5.625,0.00,13.92,world
837.25,2026-08-31 05:27:04,339.20,5.75,3752.32,-75.8,the_tether_relay,17.45,clear,17.586,5.625,0.00,13.92,world
837.75,2026-08-31 05:27:04,339.20,5.75,3752.32,-149.4,the_tether_relay,17.47,clear,17.905,5.409,0.00,13.92,world
838.25,2026-08-31 05:27:05,339.20,5.75,3752.32,-149.4,the_tether_relay,17.49,clear,17.905,5.409,0.00,13.92,world
838.75,2026-08-31 05:27:05,339.20,5.75,3752.32,-80.4,the_tether_relay,17.51,clear,17.738,5.521,0.00,13.92,world
839.25,2026-08-31 05:27:06,339.20,5.75,3752.32,-75.8,the_tether_relay,17.53,clear,19.327,5.528,0.00,13.92,world
839.75,2026-08-31 05:27:06,339.20,5.75,3752.32,-149.4,the_tether_relay,17.55,clear,19.327,5.528,0.00,13.92,world
840.25,2026-08-31 05:27:07,339.20,5.75,3752.32,-149.4,the_tether_relay,17.57,clear,19.327,5.528,0.00,13.92,world
840.75,2026-08-31 05:27:07,339.20,5.75,3752.32,-80.4,the_tether_relay,17.59,clear,25.602,7.310,0.00,13.92,world
841.25,2026-08-31 05:27:08,339.20,5.75,3752.32,-75.8,the_tether_relay,17.61,clear,25.602,7.310,0.00,13.92,world
841.75,2026-08-31 05:27:08,339.20,5.75,3752.32,-149.4,the_tether_relay,17.63,clear,23.669,9.269,0.00,13.92,world
842.25,2026-08-31 05:27:09,339.20,5.75,3752.32,-149.4,the_tether_relay,17.65,clear,23.669,9.269,0.00,13.92,world
842.75,2026-08-31 05:27:09,339.20,5.75,3752.32,-80.4,the_tether_relay,17.67,clear,17.721,5.402,0.00,13.92,world
843.25,2026-08-31 05:27:10,339.20,5.75,3752.32,-75.8,the_tether_relay,17.69,clear,17.721,5.402,0.00,13.92,world
843.75,2026-08-31 05:27:10,339.20,5.75,3752.32,-149.4,the_tether_relay,17.71,clear,17.032,5.560,0.00,13.92,world
844.25,2026-08-31 05:27:11,339.20,5.75,3752.32,-149.4,the_tether_relay,17.73,clear,17.032,5.560,0.00,13.92,world
844.75,2026-08-31 05:27:11,339.20,5.75,3752.32,-80.4,the_tether_relay,17.75,clear,17.568,5.467,0.00,13.92,world
845.25,2026-08-31 05:27:12,339.20,5.75,3752.32,-75.8,the_tether_relay,17.77,clear,17.568,5.467,0.00,13.92,world
845.75,2026-08-31 05:27:12,339.20,5.75,3752.32,-149.4,the_tether_relay,17.79,clear,17.526,5.216,0.00,13.92,world
846.25,2026-08-31 05:27:13,339.20,5.75,3752.32,-149.4,the_tether_relay,17.81,clear,18.219,5.412,0.00,13.92,world
846.75,2026-08-31 05:27:13,339.20,5.75,3752.32,-80.4,the_tether_relay,17.83,clear,18.219,5.412,0.00,13.92,world
847.25,2026-08-31 05:27:14,339.20,5.75,3752.32,-75.8,the_tether_relay,17.85,clear,18.219,5.412,0.00,13.92,world
847.75,2026-08-31 05:27:14,339.20,5.75,3752.32,-149.4,the_tether_relay,17.87,clear,21.828,6.530,0.00,13.92,world
848.25,2026-08-31 05:27:15,339.20,5.75,3752.32,-149.4,the_tether_relay,17.89,clear,17.281,5.540,0.00,13.92,world
848.75,2026-08-31 05:27:15,339.20,5.75,3752.32,-80.4,the_tether_relay,17.91,clear,17.281,5.540,0.00,13.92,world
849.25,2026-08-31 05:27:16,339.20,5.75,3752.32,-75.8,the_tether_relay,17.93,clear,17.281,5.540,0.00,13.92,world
849.75,2026-08-31 05:27:16,339.20,5.75,3752.32,-149.4,the_tether_relay,17.95,clear,18.654,5.766,0.00,13.92,world
850.25,2026-08-31 05:27:17,339.20,5.75,3752.32,-149.4,the_tether_relay,17.97,clear,18.654,5.766,0.00,13.92,world
850.75,2026-08-31 05:27:17,339.20,5.75,3752.32,-80.4,the_tether_relay,17.99,clear,18.392,5.945,0.00,13.92,world
851.25,2026-08-31 05:27:18,339.20,5.75,3752.32,-75.8,the_tether_relay,18.01,clear,18.392,5.945,0.00,13.92,world
851.75,2026-08-31 05:27:18,339.20,5.75,3752.32,-149.4,the_tether_relay,18.03,clear,17.760,5.443,0.00,13.92,world
852.25,2026-08-31 05:27:19,339.20,5.75,3752.32,-149.4,the_tether_relay,18.05,clear,17.760,5.443,0.00,13.92,world
852.75,2026-08-31 05:27:19,339.20,5.75,3752.32,-80.4,the_tether_relay,18.07,clear,17.405,6.110,0.00,13.92,world
853.25,2026-08-31 05:27:20,339.20,5.75,3752.32,-75.8,the_tether_relay,18.09,clear,17.405,6.110,0.00,13.92,world
853.75,2026-08-31 05:27:20,339.20,5.75,3752.32,-149.4,the_tether_relay,18.11,clear,18.743,5.570,0.00,13.92,world
854.25,2026-08-31 05:27:21,339.20,5.75,3752.32,-149.4,the_tether_relay,18.13,clear,18.743,5.570,0.00,13.92,world
854.75,2026-08-31 05:27:21,339.20,5.75,3752.32,-80.4,the_tether_relay,18.15,clear,17.647,5.904,0.00,13.92,world
855.25,2026-08-31 05:27:22,339.20,5.75,3752.32,-75.8,the_tether_relay,18.17,clear,17.647,5.904,0.00,13.92,world
855.75,2026-08-31 05:27:22,339.20,5.75,3752.32,-149.4,the_tether_relay,18.19,clear,18.459,8.263,0.00,13.92,world
856.25,2026-08-31 05:27:23,339.20,5.75,3752.32,-149.4,the_tether_relay,18.21,clear,18.459,8.263,0.00,13.92,world
856.75,2026-08-31 05:27:23,339.20,5.75,3752.32,-80.4,the_tether_relay,18.23,clear,23.780,6.003,0.00,13.92,world
857.25,2026-08-31 05:27:24,339.20,5.75,3752.32,-75.8,the_tether_relay,18.25,clear,23.780,6.003,0.00,13.92,world
857.75,2026-08-31 05:27:24,339.20,5.75,3752.32,-149.4,the_tether_relay,18.27,clear,21.714,6.357,0.00,13.92,world
858.25,2026-08-31 05:27:25,339.20,5.75,3752.32,-149.4,the_tether_relay,18.29,clear,21.714,6.357,0.00,13.92,world
858.75,2026-08-31 05:27:25,339.20,5.75,3752.32,-80.4,the_tether_relay,18.31,clear,18.258,6.044,0.00,13.92,world
859.25,2026-08-31 05:27:26,339.20,5.75,3752.32,-75.8,the_tether_relay,18.33,clear,18.958,5.511,0.00,13.92,world
859.75,2026-08-31 05:27:26,339.20,5.75,3752.32,-149.4,the_tether_relay,18.35,clear,18.958,5.511,0.00,13.92,world
860.25,2026-08-31 05:27:27,339.20,5.75,3752.32,-149.4,the_tether_relay,18.37,clear,18.067,5.445,0.00,13.92,world
860.75,2026-08-31 05:27:27,339.20,5.75,3752.32,-80.4,the_tether_relay,18.39,clear,18.067,5.445,0.00,13.92,world
861.25,2026-08-31 05:27:28,339.20,5.75,3752.32,-75.8,the_tether_relay,18.41,clear,18.774,5.652,0.00,13.92,world
861.75,2026-08-31 05:27:28,339.20,5.75,3752.32,-149.4,the_tether_relay,18.43,clear,18.774,5.652,0.00,13.92,world
862.25,2026-08-31 05:27:29,339.20,5.75,3752.32,-149.4,the_tether_relay,18.45,clear,18.171,5.576,0.00,13.92,world
862.75,2026-08-31 05:27:29,339.20,5.75,3752.32,-80.4,the_tether_relay,18.47,clear,18.171,5.576,0.00,13.92,world
863.25,2026-08-31 05:27:30,339.20,5.75,3752.32,-75.8,the_tether_relay,18.49,clear,18.209,5.716,0.00,13.92,world
863.75,2026-08-31 05:27:30,339.20,5.75,3752.32,-149.4,the_tether_relay,18.51,clear,18.209,5.716,0.00,13.92,world
864.25,2026-08-31 05:27:31,339.20,5.75,3752.32,-149.4,the_tether_relay,18.53,clear,18.209,5.716,0.00,13.92,world
864.75,2026-08-31 05:27:31,339.20,5.75,3752.32,-80.4,the_tether_relay,18.55,clear,22.401,6.134,0.00,13.92,world
865.25,2026-08-31 05:27:32,339.20,5.75,3752.32,-75.8,the_tether_relay,18.57,clear,22.401,6.134,0.00,13.92,world
865.75,2026-08-31 05:27:32,339.20,5.75,3752.32,-149.4,the_tether_relay,18.59,clear,19.403,7.176,0.00,13.92,world
866.25,2026-08-31 05:27:33,339.20,5.75,3752.32,-149.4,the_tether_relay,18.61,clear,18.585,5.970,0.00,13.92,world
866.75,2026-08-31 05:27:33,339.20,5.75,3752.32,-80.4,the_tether_relay,18.63,clear,18.585,5.970,0.00,13.92,world
867.25,2026-08-31 05:27:34,339.20,5.75,3752.32,-75.8,the_tether_relay,18.65,clear,18.585,5.970,0.00,13.92,world
867.75,2026-08-31 05:27:34,339.20,5.75,3752.32,-149.4,the_tether_relay,18.67,clear,18.013,5.800,0.00,13.92,world
868.25,2026-08-31 05:27:35,339.20,5.75,3752.32,-149.4,the_tether_relay,18.69,clear,18.013,5.800,0.00,13.92,world
868.75,2026-08-31 05:27:35,339.20,5.75,3752.32,-80.4,the_tether_relay,18.71,clear,22.360,6.607,0.00,13.92,world
869.25,2026-08-31 05:27:36,339.20,5.75,3752.32,-75.8,the_tether_relay,18.73,clear,22.360,6.607,0.00,13.92,world
869.75,2026-08-31 05:27:36,339.20,5.75,3752.32,-149.4,the_tether_relay,18.75,clear,20.112,6.544,0.00,13.92,world
870.25,2026-08-31 05:27:37,339.20,5.75,3752.32,-149.4,the_tether_relay,18.77,clear,20.112,6.544,0.00,13.92,world
870.75,2026-08-31 05:27:37,339.20,5.75,3752.32,-80.4,the_tether_relay,18.79,clear,17.955,5.522,0.00,13.92,world
871.25,2026-08-31 05:27:38,339.20,5.75,3752.32,-75.8,the_tether_relay,18.81,clear,18.257,5.289,0.00,13.92,world
871.75,2026-08-31 05:27:38,339.20,5.75,3752.32,-149.4,the_tether_relay,18.83,clear,18.257,5.289,0.00,13.92,world
872.25,2026-08-31 05:27:39,339.20,5.75,3752.32,-149.4,the_tether_relay,18.85,clear,18.257,5.289,0.00,13.92,world
872.75,2026-08-31 05:27:39,339.20,5.75,3752.32,-80.4,the_tether_relay,18.87,clear,17.355,5.753,0.00,13.92,world
873.25,2026-08-31 05:27:40,339.20,5.75,3752.32,-75.8,the_tether_relay,18.89,clear,17.794,5.763,0.00,13.92,world
873.75,2026-08-31 05:27:40,339.20,5.75,3752.32,-149.4,the_tether_relay,18.91,clear,17.794,5.763,0.00,13.92,world
874.25,2026-08-31 05:27:41,339.20,5.75,3752.32,-149.4,the_tether_relay,18.93,clear,19.251,5.394,0.00,13.92,world
874.75,2026-08-31 05:27:41,339.20,5.75,3752.32,-80.4,the_tether_relay,18.95,clear,19.251,5.394,0.00,13.92,world
875.25,2026-08-31 05:27:42,339.20,5.75,3752.32,-75.8,the_tether_relay,18.97,clear,17.829,5.556,0.00,13.92,world
875.75,2026-08-31 05:27:42,339.20,5.75,3752.32,-149.4,the_tether_relay,18.99,clear,17.829,5.556,0.00,13.92,world
876.25,2026-08-31 05:27:43,339.20,5.75,3752.32,-149.4,the_tether_relay,19.01,clear,18.982,7.295,0.00,13.92,world
876.75,2026-08-31 05:27:43,339.20,5.75,3752.32,-80.4,the_tether_relay,19.03,clear,18.982,7.295,0.00,13.92,world
877.25,2026-08-31 05:27:44,339.20,5.75,3752.32,-75.8,the_tether_relay,19.05,clear,18.982,7.295,0.00,13.92,world
877.75,2026-08-31 05:27:44,339.20,5.75,3752.32,-149.4,the_tether_relay,19.07,clear,19.376,5.515,0.00,13.92,world
878.25,2026-08-31 05:27:45,339.20,5.75,3752.32,-149.4,the_tether_relay,19.09,clear,19.376,5.515,0.00,13.92,world
878.75,2026-08-31 05:27:45,339.20,5.75,3752.32,-80.4,the_tether_relay,19.11,clear,18.759,5.637,0.00,13.92,world
879.25,2026-08-31 05:27:46,339.20,5.75,3752.32,-75.8,the_tether_relay,19.13,clear,18.183,6.154,0.00,13.92,world
879.75,2026-08-31 05:27:46,339.20,5.75,3752.32,-149.4,the_tether_relay,19.15,clear,18.183,6.154,0.00,13.92,world
880.25,2026-08-31 05:27:47,339.20,5.75,3752.32,-149.4,the_tether_relay,19.17,clear,18.183,6.154,0.00,13.92,world
880.75,2026-08-31 05:27:47,339.20,5.75,3752.32,-80.4,the_tether_relay,19.19,clear,17.815,5.659,0.00,13.92,world
881.25,2026-08-31 05:27:48,339.20,5.75,3752.32,-75.8,the_tether_relay,19.21,clear,17.907,5.180,0.00,13.92,world
881.75,2026-08-31 05:27:48,339.20,5.75,3752.32,-149.4,the_tether_relay,19.23,clear,17.907,5.180,0.00,13.92,world
882.25,2026-08-31 05:27:49,339.20,5.75,3752.32,-149.4,the_tether_relay,19.25,clear,17.907,5.180,0.00,13.92,world
882.75,2026-08-31 05:27:49,339.20,5.75,3752.32,-80.4,the_tether_relay,19.27,clear,21.529,6.700,0.00,13.92,world
883.25,2026-08-31 05:27:50,339.20,5.75,3752.32,-75.8,the_tether_relay,19.29,clear,21.529,6.700,0.00,13.92,world
883.75,2026-08-31 05:27:50,339.20,5.75,3752.32,-149.4,the_tether_relay,19.31,clear,20.967,6.480,0.00,13.92,world
884.25,2026-08-31 05:27:51,339.20,5.75,3752.32,-149.4,the_tether_relay,19.33,clear,20.967,6.480,0.00,13.92,world
884.75,2026-08-31 05:27:51,339.20,5.75,3752.32,-80.4,the_tether_relay,19.35,clear,18.459,5.292,0.00,13.92,world
885.25,2026-08-31 05:27:52,339.20,5.75,3752.32,-75.8,the_tether_relay,19.37,clear,18.459,5.292,0.00,13.92,world
885.75,2026-08-31 05:27:52,339.20,5.75,3752.32,-149.4,the_tether_relay,19.39,clear,18.310,6.004,0.00,13.92,world
886.25,2026-08-31 05:27:53,339.20,5.75,3752.32,-149.4,the_tether_relay,19.41,clear,18.310,6.004,0.00,13.92,world
886.75,2026-08-31 05:27:53,339.20,5.75,3752.32,-80.4,the_tether_relay,19.43,clear,18.920,5.607,0.00,13.92,world
887.25,2026-08-31 05:27:54,339.20,5.75,3752.32,-75.8,the_tether_relay,19.45,clear,18.920,5.607,0.00,13.92,world
887.75,2026-08-31 05:27:54,339.20,5.75,3752.32,-149.4,the_tether_relay,19.47,clear,20.575,6.030,0.00,13.92,world
888.25,2026-08-31 05:27:55,339.20,5.75,3752.32,-149.4,the_tether_relay,19.49,clear,20.575,6.030,0.00,13.92,world
888.75,2026-08-31 05:27:55,339.20,5.75,3752.32,-80.4,the_tether_relay,19.51,clear,18.417,6.632,0.00,13.92,world
889.25,2026-08-31 05:27:56,339.20,5.75,3752.32,-75.8,the_tether_relay,19.53,clear,18.417,6.632,0.00,13.92,world
889.75,2026-08-31 05:27:56,339.20,5.75,3752.32,-149.4,the_tether_relay,19.55,clear,19.221,7.333,0.00,13.92,world
890.25,2026-08-31 05:27:57,339.20,5.75,3752.32,-149.4,the_tether_relay,19.57,clear,19.221,7.333,0.00,13.92,world
890.75,2026-08-31 05:27:57,339.20,5.75,3752.32,-80.4,the_tether_relay,19.59,clear,33.103,9.309,0.00,13.92,world
891.25,2026-08-31 05:27:58,339.20,5.75,3752.32,-75.8,the_tether_relay,19.61,clear,33.103,9.309,0.00,13.92,world
891.75,2026-08-31 05:27:58,339.20,5.75,3752.32,-149.4,the_tether_relay,19.63,clear,20.292,6.873,0.00,13.92,world
892.25,2026-08-31 05:27:59,339.20,5.75,3752.32,-149.4,the_tether_relay,19.65,clear,20.292,6.873,0.00,13.92,world
892.75,2026-08-31 05:27:59,339.20,5.75,3752.32,-80.4,the_tether_relay,19.67,clear,23.865,6.180,0.00,13.92,world
893.25,2026-08-31 05:28:00,339.20,5.75,3752.32,-75.8,the_tether_relay,19.69,clear,23.865,6.180,0.00,13.92,world
893.75,2026-08-31 05:28:00,339.20,5.75,3752.32,-149.4,the_tether_relay,19.71,clear,26.716,8.071,0.00,13.92,world
894.25,2026-08-31 05:28:01,339.20,5.75,3752.32,-149.4,the_tether_relay,19.73,clear,26.716,8.071,0.00,13.92,world
894.75,2026-08-31 05:28:01,339.20,5.75,3752.32,-80.4,the_tether_relay,19.75,clear,19.472,5.692,0.00,13.92,world
895.25,2026-08-31 05:28:02,339.20,5.75,3752.32,-75.8,the_tether_relay,19.77,clear,19.472,5.692,0.00,13.92,world
895.75,2026-08-31 05:28:02,339.20,5.75,3752.32,-149.4,the_tether_relay,19.79,clear,18.219,5.847,0.00,13.92,world
896.25,2026-08-31 05:28:03,339.20,5.75,3752.32,-149.4,the_tether_relay,19.81,clear,18.219,5.847,0.00,13.92,world
896.75,2026-08-31 05:28:03,339.20,5.75,3752.32,-80.4,the_tether_relay,19.83,clear,19.541,6.162,0.00,13.92,world
897.25,2026-08-31 05:28:04,339.20,5.75,3752.32,-75.8,the_tether_relay,19.85,clear,19.541,6.162,0.00,13.92,world
897.75,2026-08-31 05:28:04,339.20,5.75,3752.32,-149.4,the_tether_relay,19.87,clear,21.088,5.850,0.00,13.92,world
898.25,2026-08-31 05:28:05,339.20,5.75,3752.32,-149.4,the_tether_relay,19.89,clear,21.088,5.850,0.00,13.92,world
898.75,2026-08-31 05:28:05,339.20,5.75,3752.32,-80.4,the_tether_relay,19.91,clear,18.345,5.462,0.00,13.92,world
899.25,2026-08-31 05:28:06,339.20,5.75,3752.32,-75.8,the_tether_relay,19.93,clear,18.553,6.129,0.00,13.92,world
899.75,2026-08-31 05:28:06,339.20,5.75,3752.32,-149.4,the_tether_relay,19.95,clear,18.553,6.129,0.00,13.92,world
900.25,2026-08-31 05:28:07,339.20,5.75,3752.32,-149.4,the_tether_relay,19.97,clear,18.553,6.129,0.00,13.92,world
900.75,2026-08-31 05:28:07,339.20,5.75,3752.32,-80.4,the_tether_relay,19.99,clear,38.362,5.905,0.00,13.92,world
901.25,2026-08-31 05:28:08,339.20,5.75,3752.32,-75.8,the_tether_relay,20.01,clear,18.389,6.000,0.00,13.92,world
901.75,2026-08-31 05:28:08,339.20,5.75,3752.32,-149.4,the_tether_relay,20.03,clear,18.389,6.000,0.00,13.92,world
902.25,2026-08-31 05:28:09,339.20,5.75,3752.32,-149.4,the_tether_relay,20.05,clear,19.062,6.461,0.00,13.92,world
902.75,2026-08-31 05:28:09,339.20,5.75,3752.32,-80.4,the_tether_relay,20.07,clear,19.062,6.461,0.00,13.92,world
903.25,2026-08-31 05:28:10,339.20,5.75,3752.32,-75.8,the_tether_relay,20.09,clear,20.042,6.862,0.00,13.92,world
903.75,2026-08-31 05:28:10,339.20,5.75,3752.32,-149.4,the_tether_relay,20.11,clear,20.042,6.862,0.00,13.92,world
904.25,2026-08-31 05:28:11,339.20,5.75,3752.32,-149.4,the_tether_relay,20.13,clear,20.042,6.862,0.00,13.92,world
904.75,2026-08-31 05:28:11,339.20,5.75,3752.32,-80.4,the_tether_relay,20.15,clear,23.070,7.053,0.00,13.92,world
905.25,2026-08-31 05:28:12,339.20,5.75,3752.32,-75.8,the_tether_relay,20.17,clear,20.528,7.304,0.00,13.92,world
905.75,2026-08-31 05:28:12,339.20,5.75,3752.32,-149.4,the_tether_relay,20.19,clear,20.528,7.304,0.00,13.92,world
906.25,2026-08-31 05:28:13,339.20,5.75,3752.32,-149.4,the_tether_relay,20.21,clear,20.495,8.228,0.00,13.92,world
906.75,2026-08-31 05:28:13,339.20,5.75,3752.32,-80.4,the_tether_relay,20.23,clear,20.495,8.228,0.00,13.92,world
907.25,2026-08-31 05:28:14,339.20,5.75,3752.32,-75.8,the_tether_relay,20.25,clear,20.495,8.228,0.00,13.92,world
907.75,2026-08-31 05:28:14,339.20,5.75,3752.32,-149.4,the_tether_relay,20.27,clear,21.222,12.189,0.00,13.92,world
908.25,2026-08-31 05:28:15,339.20,5.75,3752.32,-149.4,the_tether_relay,20.29,clear,21.222,12.189,0.00,13.92,world
908.75,2026-08-31 05:28:15,339.20,5.75,3752.32,-80.4,the_tether_relay,20.31,clear,23.073,8.870,0.00,13.92,world
909.25,2026-08-31 05:28:16,339.20,5.75,3752.32,-75.8,the_tether_relay,20.33,clear,23.073,8.870,0.00,13.92,world
909.75,2026-08-31 05:28:16,339.20,5.75,3752.32,-149.4,the_tether_relay,20.35,clear,23.786,7.859,0.00,13.92,world
910.25,2026-08-31 05:28:17,339.20,5.75,3752.32,-149.4,the_tether_relay,20.37,clear,23.786,7.859,0.00,13.92,world
910.75,2026-08-31 05:28:17,339.20,5.75,3752.32,-80.4,the_tether_relay,20.39,clear,20.751,8.672,0.00,13.92,world
911.25,2026-08-31 05:28:18,339.20,5.75,3752.32,-75.8,the_tether_relay,20.41,clear,20.751,8.672,0.00,13.92,world
911.75,2026-08-31 05:28:18,339.20,5.75,3752.32,-149.4,the_tether_relay,20.43,clear,19.529,6.466,0.00,13.92,world
912.25,2026-08-31 05:28:19,339.20,5.75,3752.32,-149.4,the_tether_relay,20.45,clear,18.924,6.771,0.00,13.92,world
912.75,2026-08-31 05:28:19,339.20,5.75,3752.32,-80.4,the_tether_relay,20.47,clear,18.924,6.771,0.00,13.92,world
913.25,2026-08-31 05:28:20,339.20,5.75,3752.32,-75.8,the_tether_relay,20.49,clear,18.924,6.771,0.00,13.92,world
913.75,2026-08-31 05:28:20,339.20,5.75,3752.32,-149.4,the_tether_relay,20.51,clear,19.561,6.998,0.00,13.92,world
914.25,2026-08-31 05:28:21,339.20,5.75,3752.32,-149.4,the_tether_relay,20.53,clear,19.561,6.998,0.00,13.92,world
914.75,2026-08-31 05:28:21,339.20,5.75,3752.32,-80.4,the_tether_relay,20.55,clear,18.084,6.443,0.00,13.92,world
915.25,2026-08-31 05:28:22,339.20,5.75,3752.32,-75.8,the_tether_relay,20.57,clear,18.084,6.443,0.00,13.92,world
915.75,2026-08-31 05:28:22,339.20,5.75,3752.32,-149.4,the_tether_relay,20.59,clear,19.367,7.945,0.00,13.92,world
916.25,2026-08-31 05:28:23,339.20,5.75,3752.32,-149.4,the_tether_relay,20.61,clear,17.879,6.648,0.00,13.92,world
916.75,2026-08-31 05:28:23,339.20,5.75,3752.32,-80.4,the_tether_relay,20.63,clear,17.879,6.648,0.00,13.92,world
917.25,2026-08-31 05:28:24,339.20,5.75,3752.32,-75.8,the_tether_relay,20.65,clear,17.879,6.648,0.00,13.92,world
917.75,2026-08-31 05:28:24,339.20,5.75,3752.32,-149.4,the_tether_relay,20.67,clear,18.815,6.403,0.00,13.92,world
918.25,2026-08-31 05:28:25,339.20,5.75,3752.32,-149.4,the_tether_relay,20.69,clear,18.815,6.403,0.00,13.92,world
918.75,2026-08-31 05:28:25,339.20,5.75,3752.32,-80.4,the_tether_relay,20.71,clear,18.640,6.368,0.00,13.92,world
919.25,2026-08-31 05:28:26,339.20,5.75,3752.32,-75.8,the_tether_relay,20.73,clear,18.640,6.368,0.00,13.92,world
919.75,2026-08-31 05:28:26,339.20,5.75,3752.32,-149.4,the_tether_relay,20.75,clear,20.337,9.203,0.00,13.92,world
920.25,2026-08-31 05:28:27,339.20,5.75,3752.32,-149.4,the_tether_relay,20.77,clear,18.674,6.996,0.00,13.92,world
920.75,2026-08-31 05:28:27,339.20,5.75,3752.32,-80.4,the_tether_relay,20.79,clear,18.674,6.996,0.00,13.92,world
921.25,2026-08-31 05:28:28,339.20,5.75,3752.32,-75.8,the_tether_relay,20.81,clear,19.857,6.500,0.00,13.92,world
921.75,2026-08-31 05:28:28,339.20,5.75,3752.32,-149.4,the_tether_relay,20.83,clear,19.857,6.500,0.00,13.92,world
922.25,2026-08-31 05:28:29,339.20,5.75,3752.32,-149.4,the_tether_relay,20.85,clear,19.857,6.500,0.00,13.92,world
922.75,2026-08-31 05:28:29,339.20,5.75,3752.32,-80.4,the_tether_relay,20.87,clear,19.531,6.860,0.00,13.92,world
923.25,2026-08-31 05:28:30,339.20,5.75,3752.32,-75.8,the_tether_relay,20.89,clear,19.531,6.860,0.00,13.92,world
923.75,2026-08-31 05:28:30,339.20,5.75,3752.32,-149.4,the_tether_relay,20.91,clear,18.790,6.640,0.00,13.92,world
924.25,2026-08-31 05:28:31,339.20,5.75,3752.32,-149.4,the_tether_relay,20.93,clear,18.790,6.640,0.00,13.92,world
924.75,2026-08-31 05:28:31,339.20,5.75,3752.32,-80.4,the_tether_relay,20.95,clear,23.488,7.873,0.00,13.92,world
925.25,2026-08-31 05:28:32,339.20,5.75,3752.32,-75.8,the_tether_relay,20.97,clear,23.488,7.873,0.00,13.92,world
925.75,2026-08-31 05:28:32,339.20,5.75,3752.32,-149.4,the_tether_relay,20.99,clear,18.730,7.037,0.00,13.92,world
926.25,2026-08-31 05:28:33,339.20,5.75,3752.32,-149.4,the_tether_relay,21.01,clear,18.730,7.037,0.00,13.92,world
926.75,2026-08-31 05:28:33,339.20,5.75,3752.32,-80.4,the_tether_relay,21.03,clear,19.016,6.585,0.00,13.92,world
927.25,2026-08-31 05:28:34,339.20,5.75,3752.32,-75.8,the_tether_relay,21.05,clear,19.016,6.585,0.00,13.92,world
927.75,2026-08-31 05:28:34,339.20,5.75,3752.32,-149.4,the_tether_relay,21.07,clear,19.242,6.533,0.00,13.92,world
928.25,2026-08-31 05:28:35,339.20,5.75,3752.32,-149.4,the_tether_relay,21.09,clear,19.242,6.533,0.00,13.92,world
928.75,2026-08-31 05:28:35,339.20,5.75,3752.32,-80.4,the_tether_relay,21.11,clear,26.297,7.651,0.00,13.92,world
929.25,2026-08-31 05:28:36,339.20,5.75,3752.32,-75.8,the_tether_relay,21.13,clear,26.297,7.651,0.00,13.92,world
929.75,2026-08-31 05:28:36,339.20,5.75,3752.32,-149.4,the_tether_relay,21.15,clear,18.936,6.309,0.00,13.92,world
930.25,2026-08-31 05:28:37,339.20,5.75,3752.32,-149.4,the_tether_relay,21.17,clear,18.936,6.309,0.00,13.92,world
930.75,2026-08-31 05:28:37,339.20,5.75,3752.32,-80.4,the_tether_relay,21.19,clear,21.126,8.286,0.00,13.92,world
931.25,2026-08-31 05:28:38,339.20,5.75,3752.32,-75.8,the_tether_relay,21.21,clear,21.126,8.286,0.00,13.92,world
931.75,2026-08-31 05:28:38,339.20,5.75,3752.32,-149.4,the_tether_relay,21.23,clear,19.654,6.639,0.00,13.92,world
932.25,2026-08-31 05:28:39,339.20,5.75,3752.32,-149.4,the_tether_relay,21.25,clear,18.040,6.049,0.00,13.92,world
932.75,2026-08-31 05:28:39,339.20,5.75,3752.32,-80.4,the_tether_relay,21.27,clear,18.040,6.049,0.00,13.92,world
933.25,2026-08-31 05:28:40,339.20,5.75,3752.32,-75.8,the_tether_relay,21.29,clear,18.040,6.049,0.00,13.92,world
933.75,2026-08-31 05:28:40,339.20,5.75,3752.32,-149.4,the_tether_relay,21.31,clear,17.934,7.554,0.00,13.92,world
934.25,2026-08-31 05:28:41,339.20,5.75,3752.32,-149.4,the_tether_relay,21.33,clear,18.954,7.429,0.00,13.92,world
934.75,2026-08-31 05:28:41,339.20,5.75,3752.32,-80.4,the_tether_relay,21.35,clear,18.954,7.429,0.00,13.92,world
935.25,2026-08-31 05:28:42,339.20,5.75,3752.32,-75.8,the_tether_relay,21.37,clear,18.954,7.429,0.00,13.92,world
935.75,2026-08-31 05:28:42,339.20,5.75,3752.32,-149.4,the_tether_relay,21.39,clear,19.607,6.530,0.00,13.92,world
936.25,2026-08-31 05:28:43,339.20,5.75,3752.32,-149.4,the_tether_relay,21.41,clear,19.607,6.530,0.00,13.92,world
936.75,2026-08-31 05:28:43,339.20,5.75,3752.32,-80.4,the_tether_relay,21.43,clear,19.148,6.356,0.00,13.92,world
937.25,2026-08-31 05:28:44,339.20,5.75,3752.32,-75.8,the_tether_relay,21.45,clear,19.148,6.356,0.00,13.92,world
937.75,2026-08-31 05:28:44,339.20,5.75,3752.32,-149.4,the_tether_relay,21.47,clear,17.566,6.380,0.00,13.92,world
938.25,2026-08-31 05:28:45,339.20,5.75,3752.32,-149.4,the_tether_relay,21.49,clear,17.566,6.380,0.00,13.92,world
938.75,2026-08-31 05:28:45,339.20,5.75,3752.32,-80.4,the_tether_relay,21.51,clear,22.164,9.472,0.00,13.92,world
939.25,2026-08-31 05:28:46,339.20,5.75,3752.32,-75.8,the_tether_relay,21.53,clear,19.646,7.536,0.00,13.92,world
939.75,2026-08-31 05:28:46,339.20,5.75,3752.32,-149.4,the_tether_relay,21.55,clear,19.646,7.536,0.00,13.92,world
940.25,2026-08-31 05:28:47,339.20,5.75,3752.32,-149.4,the_tether_relay,21.57,clear,19.646,7.536,0.00,13.92,world
940.75,2026-08-31 05:28:47,339.20,5.75,3752.32,-80.4,the_tether_relay,21.59,clear,18.783,6.342,0.00,13.92,world
941.25,2026-08-31 05:28:48,339.20,5.75,3752.32,-75.8,the_tether_relay,21.61,clear,19.518,7.074,0.00,13.92,world
941.75,2026-08-31 05:28:48,339.20,5.75,3752.32,-149.4,the_tether_relay,21.63,clear,19.518,7.074,0.00,13.92,world
942.25,2026-08-31 05:28:49,339.20,5.75,3752.32,-149.4,the_tether_relay,21.65,clear,19.518,7.074,0.00,13.92,world
942.75,2026-08-31 05:28:49,339.20,5.75,3752.32,-80.4,the_tether_relay,21.67,clear,19.216,14.686,0.00,13.92,world
943.25,2026-08-31 05:28:50,339.20,5.75,3752.32,-75.8,the_tether_relay,21.69,clear,19.216,14.686,0.00,13.92,world
943.75,2026-08-31 05:28:50,339.20,5.75,3752.32,-149.4,the_tether_relay,21.71,clear,18.789,7.013,0.00,13.92,world
944.25,2026-08-31 05:28:51,339.20,5.75,3752.32,-149.4,the_tether_relay,21.73,clear,18.488,5.975,0.00,13.92,world
944.75,2026-08-31 05:28:51,339.20,5.75,3752.32,-80.4,the_tether_relay,21.75,clear,18.488,5.975,0.00,13.92,world
945.25,2026-08-31 05:28:52,339.20,5.75,3752.32,-75.8,the_tether_relay,21.77,clear,18.488,5.975,0.00,13.92,world
945.75,2026-08-31 05:28:52,339.20,5.75,3752.32,-149.4,the_tether_relay,21.79,clear,20.093,6.738,0.00,13.92,world
946.25,2026-08-31 05:28:53,339.20,5.75,3752.32,-149.4,the_tether_relay,21.81,clear,20.093,6.738,0.00,13.92,world
946.75,2026-08-31 05:28:53,339.20,5.75,3752.32,-80.4,the_tether_relay,21.83,clear,18.845,6.509,0.00,13.92,world
947.25,2026-08-31 05:28:54,339.20,5.75,3752.32,-75.8,the_tether_relay,21.85,clear,18.845,6.509,0.00,13.92,world
947.75,2026-08-31 05:28:54,339.20,5.75,3752.32,-149.4,the_tether_relay,21.87,clear,19.859,7.188,0.00,13.92,world
948.25,2026-08-31 05:28:55,339.20,5.75,3752.32,-149.4,the_tether_relay,21.89,clear,19.859,7.188,0.00,13.92,world
948.75,2026-08-31 05:28:55,339.20,5.75,3752.32,-80.4,the_tether_relay,21.91,clear,28.756,8.793,0.00,13.92,world
949.25,2026-08-31 05:28:56,339.20,5.75,3752.32,-75.8,the_tether_relay,21.93,clear,19.459,6.694,0.00,13.92,world
949.75,2026-08-31 05:28:56,339.20,5.75,3752.32,-149.4,the_tether_relay,21.95,clear,19.459,6.694,0.00,13.92,world
950.25,2026-08-31 05:28:57,339.20,5.75,3752.32,-149.4,the_tether_relay,21.97,clear,19.555,6.331,0.00,13.92,world
950.75,2026-08-31 05:28:57,339.20,5.75,3752.32,-80.4,the_tether_relay,21.99,clear,19.555,6.331,0.00,13.92,world
951.25,2026-08-31 05:28:58,339.20,5.75,3752.32,-75.8,the_tether_relay,22.01,clear,19.555,6.331,0.00,13.92,world
951.75,2026-08-31 05:28:58,339.20,5.75,3752.32,-149.4,the_tether_relay,22.03,clear,26.572,7.437,0.00,13.92,world
952.25,2026-08-31 05:28:59,339.20,5.75,3752.32,-149.4,the_tether_relay,22.05,clear,19.864,7.187,0.00,13.92,world
952.75,2026-08-31 05:28:59,339.20,5.75,3752.32,-80.4,the_tether_relay,22.07,clear,19.864,7.187,0.00,13.92,world
953.25,2026-08-31 05:29:00,339.20,5.75,3752.32,-75.8,the_tether_relay,22.09,clear,19.864,7.187,0.00,13.92,world
953.75,2026-08-31 05:29:00,339.20,5.75,3752.32,-149.4,the_tether_relay,22.11,clear,21.727,7.327,0.00,13.92,world
954.25,2026-08-31 05:29:01,339.20,5.75,3752.32,-149.4,the_tether_relay,22.13,clear,21.727,7.327,0.00,13.92,world
954.75,2026-08-31 05:29:01,339.20,5.75,3752.32,-80.4,the_tether_relay,22.15,clear,19.345,7.560,0.00,13.92,world
955.25,2026-08-31 05:29:02,339.20,5.75,3752.32,-75.8,the_tether_relay,22.17,clear,20.511,6.375,0.00,13.92,world
955.75,2026-08-31 05:29:02,339.20,5.75,3752.32,-149.4,the_tether_relay,22.19,clear,20.511,6.375,0.00,13.92,world
956.25,2026-08-31 05:29:03,339.20,5.75,3752.32,-149.4,the_tether_relay,22.21,clear,20.511,6.375,0.00,13.92,world
956.75,2026-08-31 05:29:03,339.20,5.75,3752.32,-80.4,the_tether_relay,22.23,clear,22.819,7.879,0.00,13.92,world
957.25,2026-08-31 05:29:04,339.20,5.75,3752.32,-75.8,the_tether_relay,22.25,clear,22.819,7.879,0.00,13.92,world
957.75,2026-08-31 05:29:04,339.20,5.75,3752.32,-149.4,the_tether_relay,22.27,clear,21.381,10.760,0.00,13.92,world
958.25,2026-08-31 05:29:05,339.20,5.75,3752.32,-149.4,the_tether_relay,22.29,clear,21.381,10.760,0.00,13.92,world
958.75,2026-08-31 05:29:05,339.20,5.75,3752.32,-80.4,the_tether_relay,22.31,clear,19.797,7.322,0.00,13.92,world
959.25,2026-08-31 05:29:06,339.20,5.75,3752.32,-75.8,the_tether_relay,22.33,clear,22.036,32.517,0.00,13.92,world
959.75,2026-08-31 05:29:06,339.20,5.75,3752.32,-149.4,the_tether_relay,22.35,clear,22.036,32.517,0.00,13.92,world
960.25,2026-08-31 05:29:07,339.20,5.75,3752.32,-149.4,the_tether_relay,22.37,clear,19.653,6.962,0.00,13.92,world
960.75,2026-08-31 05:29:07,339.20,5.75,3752.32,-80.4,the_tether_relay,22.39,clear,19.653,6.962,0.00,13.92,world
961.25,2026-08-31 05:29:08,339.20,5.75,3752.32,-75.8,the_tether_relay,22.41,clear,19.653,6.962,0.00,13.92,world
961.75,2026-08-31 05:29:08,339.20,5.75,3752.32,-149.4,the_tether_relay,22.43,clear,19.418,7.147,0.00,13.92,world
962.25,2026-08-31 05:29:09,339.20,5.75,3752.32,-149.4,the_tether_relay,22.45,clear,19.418,7.147,0.00,13.92,world
962.75,2026-08-31 05:29:09,339.20,5.75,3752.32,-80.4,the_tether_relay,22.47,clear,19.300,6.505,0.00,13.92,world
963.25,2026-08-31 05:29:10,339.20,5.75,3752.32,-75.8,the_tether_relay,22.49,clear,19.300,6.505,0.00,13.92,world
963.75,2026-08-31 05:29:10,339.20,5.75,3752.32,-149.4,the_tether_relay,22.51,clear,18.938,6.599,0.00,13.92,world
964.25,2026-08-31 05:29:11,339.20,5.75,3752.32,-149.4,the_tether_relay,22.53,clear,18.938,6.599,0.00,13.92,world
964.75,2026-08-31 05:29:11,339.20,5.75,3752.32,-80.4,the_tether_relay,22.55,clear,23.259,7.321,0.00,13.92,world
965.25,2026-08-31 05:29:12,339.20,5.75,3752.32,-75.8,the_tether_relay,22.57,clear,23.259,7.321,0.00,13.92,world
965.75,2026-08-31 05:29:12,339.20,5.75,3752.32,-149.4,the_tether_relay,22.59,clear,19.069,6.451,0.00,13.92,world
966.25,2026-08-31 05:29:13,339.20,5.75,3752.32,-149.4,the_tether_relay,22.61,clear,17.480,5.987,0.00,13.92,world
966.75,2026-08-31 05:29:13,339.20,5.75,3752.32,-80.4,the_tether_relay,22.63,clear,17.480,5.987,0.00,13.92,world
967.25,2026-08-31 05:29:14,339.20,5.75,3752.32,-75.8,the_tether_relay,22.65,clear,17.480,5.987,0.00,13.92,world
967.75,2026-08-31 05:29:14,339.20,5.75,3752.32,-149.4,the_tether_relay,22.67,clear,18.186,6.424,0.00,13.92,world
968.25,2026-08-31 05:29:15,339.20,5.75,3752.32,-149.4,the_tether_relay,22.69,clear,18.186,6.424,0.00,13.92,world
968.75,2026-08-31 05:29:15,339.20,5.75,3752.32,-80.4,the_tether_relay,22.71,clear,19.456,6.961,0.00,13.92,world
969.25,2026-08-31 05:29:16,339.20,5.75,3752.32,-75.8,the_tether_relay,22.73,clear,19.456,6.961,0.00,13.92,world
969.75,2026-08-31 05:29:16,339.20,5.75,3752.32,-149.4,the_tether_relay,22.75,clear,19.522,7.161,0.00,13.92,world
970.25,2026-08-31 05:29:17,339.20,5.75,3752.32,-149.4,the_tether_relay,22.77,clear,19.522,7.161,0.00,13.92,world
970.75,2026-08-31 05:29:17,339.20,5.75,3752.32,-80.4,the_tether_relay,22.79,clear,19.735,6.961,0.00,13.92,world
971.25,2026-08-31 05:29:18,339.20,5.75,3752.32,-75.8,the_tether_relay,22.81,clear,19.735,6.961,0.00,13.92,world
971.75,2026-08-31 05:29:18,339.20,5.75,3752.32,-149.4,the_tether_relay,22.83,clear,20.747,7.550,0.00,13.92,world
972.25,2026-08-31 05:29:19,339.20,5.75,3752.32,-149.4,the_tether_relay,22.85,clear,20.747,7.550,0.00,13.92,world
972.75,2026-08-31 05:29:19,339.20,5.75,3752.32,-80.4,the_tether_relay,22.87,clear,22.457,20.674,0.00,13.92,world
973.25,2026-08-31 05:29:20,339.20,5.75,3752.32,-75.8,the_tether_relay,22.89,clear,22.457,20.674,0.00,13.92,world
973.75,2026-08-31 05:29:20,339.20,5.75,3752.32,-149.4,the_tether_relay,22.91,clear,19.535,7.354,0.00,13.92,world
974.25,2026-08-31 05:29:21,339.20,5.75,3752.32,-149.4,the_tether_relay,22.93,clear,19.535,7.354,0.00,13.92,world
974.75,2026-08-31 05:29:21,339.20,5.75,3752.32,-80.4,the_tether_relay,22.95,clear,19.384,6.568,0.00,13.92,world
975.25,2026-08-31 05:29:22,339.20,5.75,3752.32,-75.8,the_tether_relay,22.97,clear,19.384,6.568,0.00,13.92,world
975.75,2026-08-31 05:29:22,339.20,5.75,3752.32,-149.4,the_tether_relay,22.99,clear,20.406,6.662,0.00,13.92,world
976.25,2026-08-31 05:29:23,339.20,5.75,3752.32,-149.4,the_tether_relay,23.01,clear,20.406,6.662,0.00,13.92,world
976.75,2026-08-31 05:29:23,339.20,5.75,3752.32,-80.4,the_tether_relay,23.03,clear,17.552,6.217,0.00,13.92,world
977.25,2026-08-31 05:29:24,339.20,5.75,3752.32,-75.8,the_tether_relay,23.05,clear,17.552,6.217,0.00,13.92,world
977.75,2026-08-31 05:29:24,339.20,5.75,3752.32,-149.4,the_tether_relay,23.07,clear,18.456,6.780,0.00,13.92,world
978.25,2026-08-31 05:29:25,339.20,5.75,3752.32,-149.4,the_tether_relay,23.09,clear,18.456,6.780,0.00,13.92,world
978.75,2026-08-31 05:29:25,339.20,5.75,3752.32,-80.4,the_tether_relay,23.11,clear,21.106,7.107,0.00,13.92,world
979.25,2026-08-31 05:29:26,339.20,5.75,3752.32,-75.8,the_tether_relay,23.13,clear,19.498,6.701,0.00,13.92,world
979.75,2026-08-31 05:29:26,339.20,5.75,3752.32,-149.4,the_tether_relay,23.15,clear,19.498,6.701,0.00,13.92,world
980.25,2026-08-31 05:29:27,339.20,5.75,3752.32,-149.4,the_tether_relay,23.17,clear,19.498,6.701,0.00,13.92,world
980.75,2026-08-31 05:29:27,339.20,5.75,3752.32,-80.4,the_tether_relay,23.19,clear,19.519,6.855,0.00,13.92,world
981.25,2026-08-31 05:29:28,339.20,5.75,3752.32,-75.8,the_tether_relay,23.21,clear,19.519,6.855,0.00,13.92,world
981.75,2026-08-31 05:29:28,339.20,5.75,3752.32,-149.4,the_tether_relay,23.23,clear,20.166,6.687,0.00,13.92,world
982.25,2026-08-31 05:29:29,339.20,5.75,3752.32,-149.4,the_tether_relay,23.25,clear,20.166,6.687,0.00,13.92,world
982.75,2026-08-31 05:29:29,339.20,5.75,3752.32,-80.4,the_tether_relay,23.27,clear,17.896,6.382,0.00,13.92,world
983.25,2026-08-31 05:29:30,339.20,5.75,3752.32,-75.8,the_tether_relay,23.29,clear,17.896,6.382,0.00,13.92,world
983.75,2026-08-31 05:29:30,339.20,5.75,3752.32,-149.4,the_tether_relay,23.31,clear,21.875,6.526,0.00,13.92,world
984.25,2026-08-31 05:29:31,339.20,5.75,3752.32,-149.4,the_tether_relay,23.33,clear,21.875,6.526,0.00,13.92,world
984.75,2026-08-31 05:29:31,339.20,5.75,3752.32,-80.4,the_tether_relay,23.35,clear,18.975,7.460,0.00,13.92,world
985.25,2026-08-31 05:29:32,339.20,5.75,3752.32,-75.8,the_tether_relay,23.37,clear,18.975,7.460,0.00,13.92,world
985.75,2026-08-31 05:29:32,339.20,5.75,3752.32,-149.4,the_tether_relay,23.39,clear,24.856,7.344,0.00,13.92,world
986.25,2026-08-31 05:29:33,339.20,5.75,3752.32,-149.4,the_tether_relay,23.41,clear,24.856,7.344,0.00,13.92,world
986.75,2026-08-31 05:29:33,339.20,5.75,3752.32,-80.4,the_tether_relay,23.43,clear,24.010,8.146,0.00,13.92,world
987.25,2026-08-31 05:29:34,339.20,5.75,3752.32,-75.8,the_tether_relay,23.45,clear,24.010,8.146,0.00,13.92,world
987.75,2026-08-31 05:29:34,339.20,5.75,3752.32,-149.4,the_tether_relay,23.47,clear,19.041,6.516,0.00,13.92,world
988.25,2026-08-31 05:29:35,339.20,5.75,3752.32,-149.4,the_tether_relay,23.49,clear,19.041,6.516,0.00,13.92,world
988.75,2026-08-31 05:29:35,339.20,5.75,3752.32,-80.4,the_tether_relay,23.51,clear,20.784,6.749,0.00,13.92,world
989.25,2026-08-31 05:29:36,339.20,5.75,3752.32,-75.8,the_tether_relay,23.53,clear,20.784,6.749,0.00,13.92,world
989.75,2026-08-31 05:29:36,339.20,5.75,3752.32,-149.4,the_tether_relay,23.55,clear,27.990,8.626,0.00,13.92,world
990.25,2026-08-31 05:29:37,339.20,5.75,3752.32,-149.4,the_tether_relay,23.57,clear,27.990,8.626,0.00,13.92,world
990.75,2026-08-31 05:29:37,339.20,5.75,3752.32,-80.4,the_tether_relay,23.59,clear,20.894,6.814,0.00,13.92,world
991.25,2026-08-31 05:29:38,339.20,5.75,3752.32,-75.8,the_tether_relay,23.61,clear,20.894,6.814,0.00,13.92,world
991.75,2026-08-31 05:29:38,339.20,5.75,3752.32,-149.4,the_tether_relay,23.63,clear,21.706,7.916,0.00,13.92,world
992.25,2026-08-31 05:29:39,339.20,5.75,3752.32,-149.4,the_tether_relay,23.65,clear,21.706,7.916,0.00,13.92,world
992.75,2026-08-31 05:29:39,339.20,5.75,3752.32,-80.4,the_tether_relay,23.67,clear,20.297,7.001,0.00,13.92,world
993.25,2026-08-31 05:29:40,339.20,5.75,3752.32,-75.8,the_tether_relay,23.69,clear,20.297,6.687,0.00,13.92,world
993.75,2026-08-31 05:29:40,339.20,5.75,3752.32,-149.4,the_tether_relay,23.71,clear,20.297,6.687,0.00,13.92,world
994.25,2026-08-31 05:29:41,339.20,5.75,3752.32,-149.4,the_tether_relay,23.73,clear,23.200,7.539,0.00,13.92,world
994.75,2026-08-31 05:29:41,339.20,5.75,3752.32,-80.4,the_tether_relay,23.75,clear,23.200,7.539,0.00,13.92,world
995.25,2026-08-31 05:29:42,339.20,5.75,3752.32,-75.8,the_tether_relay,23.77,clear,23.200,7.539,0.00,13.92,world
995.75,2026-08-31 05:29:42,339.20,5.75,3752.32,-149.4,the_tether_relay,23.79,clear,20.510,8.672,0.00,13.92,world
996.25,2026-08-31 05:29:43,339.20,5.75,3752.32,-149.4,the_tether_relay,23.81,clear,20.510,8.672,0.00,13.92,world
996.75,2026-08-31 05:29:43,339.20,5.75,3752.32,-80.4,the_tether_relay,23.83,clear,20.934,6.769,0.00,13.92,world
997.25,2026-08-31 05:29:44,339.20,5.75,3752.32,-75.8,the_tether_relay,23.85,clear,20.934,6.769,0.00,13.92,world
997.75,2026-08-31 05:29:44,339.20,5.75,3752.32,-149.4,the_tether_relay,23.87,clear,19.953,6.586,0.00,13.92,world
998.25,2026-08-31 05:29:45,339.20,5.75,3752.32,-149.4,the_tether_relay,23.89,clear,20.640,7.002,0.00,13.92,world
998.75,2026-08-31 05:29:45,339.20,5.75,3752.32,-80.4,the_tether_relay,23.91,clear,20.640,7.002,0.00,13.92,world
999.25,2026-08-31 05:29:46,339.20,5.75,3752.32,-75.8,the_tether_relay,23.93,clear,20.640,7.002,0.00,13.92,world
999.75,2026-08-31 05:29:46,339.20,5.75,3752.32,-149.4,the_tether_relay,23.95,clear,20.046,8.268,0.00,13.92,world
1000.25,2026-08-31 05:29:47,339.20,5.75,3752.32,-149.4,the_tether_relay,23.97,clear,19.592,7.070,0.00,13.92,world
1000.75,2026-08-31 05:29:47,339.20,5.75,3752.32,-80.4,the_tether_relay,23.99,clear,19.592,7.070,0.00,13.92,world
1001.25,2026-08-31 05:29:48,339.20,5.75,3752.32,-75.8,the_tether_relay,0.01,clear,19.592,7.070,0.00,13.92,world
1001.75,2026-08-31 05:29:48,339.20,5.75,3752.32,-149.4,the_tether_relay,0.03,clear,22.745,8.132,0.00,13.92,world
1002.25,2026-08-31 05:29:49,339.20,5.75,3752.32,-149.4,the_tether_relay,0.05,clear,22.745,8.132,0.00,13.92,world
1002.75,2026-08-31 05:29:49,339.20,5.75,3752.32,-80.4,the_tether_relay,0.07,clear,21.802,7.774,0.00,13.92,world
1003.25,2026-08-31 05:29:50,339.20,5.75,3752.32,-75.8,the_tether_relay,0.09,clear,21.802,7.774,0.00,13.92,world
1003.75,2026-08-31 05:29:50,339.20,5.75,3752.32,-149.4,the_tether_relay,0.11,clear,20.103,12.702,0.00,13.92,world
1004.25,2026-08-31 05:29:51,339.20,5.75,3752.32,-149.4,the_tether_relay,0.13,clear,20.103,12.702,0.00,13.92,world
1004.75,2026-08-31 05:29:51,339.20,5.75,3752.32,-80.4,the_tether_relay,0.15,clear,20.948,6.785,0.00,13.92,world
1005.25,2026-08-31 05:29:52,339.20,5.75,3752.32,-75.8,the_tether_relay,0.17,clear,20.948,6.785,0.00,13.92,world
1005.75,2026-08-31 05:29:52,339.20,5.75,3752.32,-149.4,the_tether_relay,0.19,clear,20.936,6.584,0.00,13.92,world
1006.25,2026-08-31 05:29:53,339.20,5.75,3752.32,-149.4,the_tether_relay,0.21,clear,20.936,6.584,0.00,13.92,world
1006.75,2026-08-31 05:29:53,339.20,5.75,3752.32,-80.4,the_tether_relay,0.23,clear,20.331,6.504,0.00,13.92,world
1007.25,2026-08-31 05:29:54,339.20,5.75,3752.32,-75.8,the_tether_relay,0.25,clear,20.331,6.504,0.00,13.92,world
1007.75,2026-08-31 05:29:54,339.20,5.75,3752.32,-149.4,the_tether_relay,0.27,clear,20.972,6.557,0.00,13.92,world
1008.25,2026-08-31 05:29:55,339.20,5.75,3752.32,-149.4,the_tether_relay,0.29,clear,20.972,6.557,0.00,13.92,world
1008.75,2026-08-31 05:29:55,339.20,5.75,3752.32,-80.4,the_tether_relay,0.31,clear,19.705,6.694,0.00,13.92,world
1009.25,2026-08-31 05:29:56,339.20,5.75,3752.32,-75.8,the_tether_relay,0.33,clear,19.496,7.161,0.00,13.92,world
1009.75,2026-08-31 05:29:56,339.20,5.75,3752.32,-149.4,the_tether_relay,0.35,clear,19.496,7.161,0.00,13.92,world
1010.25,2026-08-31 05:29:57,339.20,5.75,3752.32,-149.4,the_tether_relay,0.37,clear,22.707,8.045,0.00,13.92,world
1010.75,2026-08-31 05:29:57,339.20,5.75,3752.32,-80.4,the_tether_relay,0.39,clear,22.707,8.045,0.00,13.92,world
1011.25,2026-08-31 05:29:58,339.20,5.75,3752.32,-75.8,the_tether_relay,0.41,clear,22.707,8.045,0.00,13.92,world
1011.75,2026-08-31 05:29:58,339.20,5.75,3752.32,-149.4,the_tether_relay,0.43,clear,19.618,6.612,0.00,13.92,world
1012.25,2026-08-31 05:29:59,339.20,5.75,3752.32,-149.4,the_tether_relay,0.45,clear,19.618,6.612,0.00,13.92,world
1012.75,2026-08-31 05:29:59,339.20,5.75,3752.32,-80.4,the_tether_relay,0.47,clear,18.519,6.472,0.00,13.92,world
1013.25,2026-08-31 05:30:00,339.20,5.75,3752.32,-75.8,the_tether_relay,0.49,clear,18.519,6.472,0.00,13.92,world
1013.75,2026-08-31 05:30:00,339.20,5.75,3752.32,-149.4,the_tether_relay,0.51,clear,19.797,7.218,0.00,13.92,world
1014.25,2026-08-31 05:30:01,339.20,5.75,3752.32,-149.4,the_tether_relay,0.53,clear,19.797,7.218,0.00,13.92,world
1014.75,2026-08-31 05:30:01,339.20,5.75,3752.32,-80.4,the_tether_relay,0.55,clear,20.179,6.947,0.00,13.92,world
1015.25,2026-08-31 05:30:02,339.20,5.75,3752.32,-75.8,the_tether_relay,0.57,clear,20.179,6.947,0.00,13.92,world
1015.75,2026-08-31 05:30:02,339.20,5.75,3752.32,-149.4,the_tether_relay,0.59,clear,20.263,12.251,0.00,13.92,world
1016.25,2026-08-31 05:30:03,339.20,5.75,3752.32,-149.4,the_tether_relay,0.61,clear,20.263,12.251,0.00,13.92,world
1016.75,2026-08-31 05:30:03,339.20,5.75,3752.32,-80.4,the_tether_relay,0.63,clear,21.401,17.248,0.00,13.92,world
1017.25,2026-08-31 05:30:04,339.20,5.75,3752.32,-75.8,the_tether_relay,0.65,clear,21.401,17.248,0.00,13.92,world
1017.75,2026-08-31 05:30:04,339.20,5.75,3752.32,-149.4,the_tether_relay,0.67,clear,24.045,8.256,0.00,13.92,world
1018.25,2026-08-31 05:30:05,339.20,5.75,3752.32,-149.4,the_tether_relay,0.69,clear,24.045,8.256,0.00,13.92,world
1018.75,2026-08-31 05:30:05,339.20,5.75,3752.32,-80.4,the_tether_relay,0.71,clear,20.044,7.261,0.00,13.92,world
1019.25,2026-08-31 05:30:06,339.20,5.75,3752.32,-75.8,the_tether_relay,0.73,clear,20.790,6.606,0.00,13.92,world
1019.75,2026-08-31 05:30:06,339.20,5.75,3752.32,-149.4,the_tether_relay,0.75,clear,20.790,6.606,0.00,13.92,world
1020.25,2026-08-31 05:30:07,339.20,5.75,3752.32,-149.4,the_tether_relay,0.77,clear,20.790,6.606,0.00,13.92,world
1020.75,2026-08-31 05:30:07,339.20,5.75,3752.32,-80.4,the_tether_relay,0.79,clear,21.660,6.990,0.00,13.92,world
1021.25,2026-08-31 05:30:08,339.20,5.75,3752.32,-75.8,the_tether_relay,0.81,clear,21.660,6.990,0.00,13.92,world
1021.75,2026-08-31 05:30:08,339.20,5.75,3752.32,-149.4,the_tether_relay,0.83,clear,23.009,7.564,0.00,13.92,world
1022.25,2026-08-31 05:30:09,339.20,5.75,3752.32,-149.4,the_tether_relay,0.85,clear,25.182,8.693,0.00,13.92,world
1022.75,2026-08-31 05:30:09,339.20,5.75,3752.32,-80.4,the_tether_relay,0.87,clear,25.182,8.693,0.00,13.92,world
1023.25,2026-08-31 05:30:10,339.20,5.75,3752.32,-75.8,the_tether_relay,0.89,clear,25.182,8.693,0.00,13.92,world
1023.75,2026-08-31 05:30:10,339.20,5.75,3752.32,-149.4,the_tether_relay,0.91,clear,20.405,6.893,0.00,13.92,world
1024.25,2026-08-31 05:30:11,339.20,5.75,3752.32,-149.4,the_tether_relay,0.93,clear,20.405,6.893,0.00,13.92,world
1024.75,2026-08-31 05:30:11,339.20,5.75,3752.32,-80.4,the_tether_relay,0.95,clear,24.274,7.668,0.00,13.92,world
1025.25,2026-08-31 05:30:12,339.20,5.75,3752.32,-75.8,the_tether_relay,0.97,clear,24.274,7.668,0.00,13.92,world
1025.75,2026-08-31 05:30:12,339.20,5.75,3752.32,-149.4,the_tether_relay,0.99,clear,22.493,8.677,0.00,13.92,world
1026.25,2026-08-31 05:30:13,339.20,5.75,3752.32,-149.4,the_tether_relay,1.01,clear,22.493,8.677,0.00,13.92,world
1026.75,2026-08-31 05:30:13,339.20,5.75,3752.32,-80.4,the_tether_relay,1.03,clear,21.691,7.267,0.00,13.92,world
1027.25,2026-08-31 05:30:14,339.20,5.75,3752.32,-75.8,the_tether_relay,1.05,clear,21.691,7.267,0.00,13.92,world
1027.75,2026-08-31 05:30:14,339.20,5.75,3752.32,-149.4,the_tether_relay,1.07,clear,21.852,7.795,0.00,13.92,world
1028.25,2026-08-31 05:30:15,339.20,5.75,3752.32,-149.4,the_tether_relay,1.09,clear,21.852,7.795,0.00,13.92,world
1028.75,2026-08-31 05:30:15,339.20,5.75,3752.32,-80.4,the_tether_relay,1.11,clear,25.221,7.616,0.00,13.92,world
1029.25,2026-08-31 05:30:16,339.20,5.75,3752.32,-75.8,the_tether_relay,1.13,clear,25.221,7.616,0.00,13.92,world
1029.75,2026-08-31 05:30:16,339.20,5.75,3752.32,-149.4,the_tether_relay,1.15,clear,21.015,6.977,0.00,13.92,world
1030.25,2026-08-31 05:30:17,339.20,5.75,3752.32,-149.4,the_tether_relay,1.17,clear,21.015,6.977,0.00,13.92,world
1030.75,2026-08-31 05:30:17,339.20,5.75,3752.32,-80.4,the_tether_relay,1.19,clear,19.869,6.870,0.00,13.92,world
1031.25,2026-08-31 05:30:18,339.20,5.75,3752.32,-75.8,the_tether_relay,1.21,clear,19.869,6.870,0.00,13.92,world
1031.75,2026-08-31 05:30:18,339.20,5.75,3752.32,-149.4,the_tether_relay,1.23,clear,26.165,7.111,0.00,13.92,world
1032.25,2026-08-31 05:30:19,339.20,5.75,3752.32,-149.4,the_tether_relay,1.25,clear,26.165,7.111,0.00,13.92,world
1032.75,2026-08-31 05:30:19,339.20,5.75,3752.32,-80.4,the_tether_relay,1.27,clear,20.118,7.178,0.00,13.92,world
1033.25,2026-08-31 05:30:20,339.20,5.75,3752.32,-75.8,the_tether_relay,1.29,clear,20.118,7.178,0.00,13.92,world
1033.75,2026-08-31 05:30:20,339.20,5.75,3752.32,-149.4,the_tether_relay,1.31,clear,20.989,7.294,0.00,13.92,world
1034.25,2026-08-31 05:30:21,339.20,5.75,3752.32,-149.4,the_tether_relay,1.33,clear,20.989,7.294,0.00,13.92,world
1034.75,2026-08-31 05:30:21,339.20,5.75,3752.32,-80.4,the_tether_relay,1.35,clear,19.885,6.481,0.00,13.92,world
1035.25,2026-08-31 05:30:22,339.20,5.75,3752.32,-75.8,the_tether_relay,1.37,clear,19.885,6.481,0.00,13.92,world
1035.75,2026-08-31 05:30:22,339.20,5.75,3752.32,-149.4,the_tether_relay,1.39,clear,20.101,6.257,0.00,13.92,world
1036.25,2026-08-31 05:30:23,339.20,5.75,3752.32,-149.4,the_tether_relay,1.41,clear,20.101,6.257,0.00,13.92,world
1036.75,2026-08-31 05:30:23,339.20,5.75,3752.32,-80.4,the_tether_relay,1.43,clear,19.963,6.307,0.00,13.92,world
1037.25,2026-08-31 05:30:24,339.20,5.75,3752.32,-75.8,the_tether_relay,1.45,clear,19.963,6.307,0.00,13.92,world
1037.75,2026-08-31 05:30:24,339.20,5.75,3752.32,-149.4,the_tether_relay,1.47,clear,20.952,7.973,0.00,13.92,world
1038.25,2026-08-31 05:30:25,339.20,5.75,3752.32,-149.4,the_tether_relay,1.49,clear,20.952,7.973,0.00,13.92,world
1038.75,2026-08-31 05:30:25,339.20,5.75,3752.32,-80.4,the_tether_relay,1.51,clear,20.470,6.562,0.00,13.92,world
1039.25,2026-08-31 05:30:26,339.20,5.75,3752.32,-75.8,the_tether_relay,1.53,clear,20.470,6.562,0.00,13.92,world
1039.75,2026-08-31 05:30:26,339.20,5.75,3752.32,-149.4,the_tether_relay,1.55,clear,19.409,6.758,0.00,13.92,world
1040.25,2026-08-31 05:30:27,339.20,5.75,3752.32,-149.4,the_tether_relay,1.57,clear,19.409,6.758,0.00,13.92,world
1040.75,2026-08-31 05:30:27,339.20,5.75,3752.32,-80.4,the_tether_relay,1.59,clear,20.260,6.430,0.00,13.92,world
1041.25,2026-08-31 05:30:28,339.20,5.75,3752.32,-75.8,the_tether_relay,1.61,clear,20.260,6.430,0.00,13.92,world
1041.75,2026-08-31 05:30:28,339.20,5.75,3752.32,-149.4,the_tether_relay,1.63,clear,19.693,13.129,0.00,13.92,world
1042.25,2026-08-31 05:30:29,339.20,5.75,3752.32,-149.4,the_tether_relay,1.65,clear,19.693,13.129,0.00,13.92,world
1042.75,2026-08-31 05:30:29,339.20,5.75,3752.32,-80.4,the_tether_relay,1.67,clear,18.319,6.291,0.00,13.92,world
1043.25,2026-08-31 05:30:30,339.20,5.75,3752.32,-75.8,the_tether_relay,1.69,clear,18.941,6.633,0.00,13.92,world
1043.75,2026-08-31 05:30:30,339.20,5.75,3752.32,-149.4,the_tether_relay,1.71,clear,18.941,6.633,0.00,13.92,world
1044.25,2026-08-31 05:30:31,339.20,5.75,3752.32,-149.4,the_tether_relay,1.73,clear,18.941,6.633,0.00,13.92,world
1044.75,2026-08-31 05:30:31,339.20,5.75,3752.32,-80.4,the_tether_relay,1.75,clear,19.659,6.590,0.00,13.92,world
1045.25,2026-08-31 05:30:32,339.20,5.75,3752.32,-75.8,the_tether_relay,1.77,clear,20.240,6.784,0.00,13.92,world
1045.75,2026-08-31 05:30:32,339.20,5.75,3752.32,-149.4,the_tether_relay,1.79,clear,20.240,6.784,0.00,13.92,world
1046.25,2026-08-31 05:30:33,339.20,5.75,3752.32,-149.4,the_tether_relay,1.81,clear,20.240,6.784,0.00,13.92,world
1046.75,2026-08-31 05:30:33,339.20,5.75,3752.32,-80.4,the_tether_relay,1.83,clear,20.342,7.017,0.00,13.92,world
1047.25,2026-08-31 05:30:34,339.20,5.75,3752.32,-75.8,the_tether_relay,1.85,clear,20.342,7.017,0.00,13.92,world
1047.75,2026-08-31 05:30:34,339.20,5.75,3752.32,-149.4,the_tether_relay,1.87,clear,21.298,6.614,0.00,13.92,world
1048.25,2026-08-31 05:30:35,339.20,5.75,3752.32,-149.4,the_tether_relay,1.89,clear,21.298,6.614,0.00,13.92,world
1048.75,2026-08-31 05:30:35,339.20,5.75,3752.32,-80.4,the_tether_relay,1.91,clear,19.099,6.850,0.00,13.92,world
1049.25,2026-08-31 05:30:36,339.20,5.75,3752.32,-75.8,the_tether_relay,1.93,clear,19.099,6.850,0.00,13.92,world
1049.75,2026-08-31 05:30:36,339.20,5.75,3752.32,-149.4,the_tether_relay,1.95,clear,19.506,6.388,0.00,13.92,world
1050.25,2026-08-31 05:30:37,339.20,5.75,3752.32,-149.4,the_tether_relay,1.97,clear,19.506,6.388,0.00,13.92,world
1050.75,2026-08-31 05:30:37,339.20,5.75,3752.32,-80.4,the_tether_relay,1.99,clear,20.819,6.672,0.00,13.92,world
1051.25,2026-08-31 05:30:38,339.20,5.75,3752.32,-75.8,the_tether_relay,2.01,clear,20.819,6.672,0.00,13.92,world
1051.75,2026-08-31 05:30:38,339.20,5.75,3752.32,-149.4,the_tether_relay,2.03,clear,19.283,10.593,0.00,13.92,world
1052.25,2026-08-31 05:30:39,339.20,5.75,3752.32,-149.4,the_tether_relay,2.05,clear,19.283,10.593,0.00,13.92,world
1052.75,2026-08-31 05:30:39,339.20,5.75,3752.32,-80.4,the_tether_relay,2.07,clear,19.668,6.815,0.00,13.92,world
1053.25,2026-08-31 05:30:40,339.20,5.75,3752.32,-75.8,the_tether_relay,2.09,clear,19.668,6.815,0.00,13.92,world
1053.75,2026-08-31 05:30:40,339.20,5.75,3752.32,-149.4,the_tether_relay,2.11,clear,19.007,6.377,0.00,13.92,world
1054.25,2026-08-31 05:30:41,339.20,5.75,3752.32,-149.4,the_tether_relay,2.13,clear,19.007,6.377,0.00,13.92,world
1054.75,2026-08-31 05:30:41,339.20,5.75,3752.32,-80.4,the_tether_relay,2.15,clear,20.041,6.278,0.00,13.92,world
1055.25,2026-08-31 05:30:42,339.20,5.75,3752.32,-75.8,the_tether_relay,2.17,clear,20.041,6.278,0.00,13.92,world
1055.75,2026-08-31 05:30:42,339.20,5.75,3752.32,-149.4,the_tether_relay,2.19,clear,20.116,6.836,0.00,13.92,world
1056.25,2026-08-31 05:30:43,339.20,5.75,3752.32,-149.4,the_tether_relay,2.21,clear,20.116,6.836,0.00,13.92,world
1056.75,2026-08-31 05:30:43,339.20,5.75,3752.32,-80.4,the_tether_relay,2.23,clear,21.433,7.096,0.00,13.92,world
1057.25,2026-08-31 05:30:44,339.20,5.75,3752.32,-75.8,the_tether_relay,2.25,clear,21.433,7.096,0.00,13.92,world
1057.75,2026-08-31 05:30:44,339.20,5.75,3752.32,-149.4,the_tether_relay,2.27,clear,19.677,7.695,0.00,13.92,world
1058.25,2026-08-31 05:30:45,339.20,5.75,3752.32,-149.4,the_tether_relay,2.29,clear,19.677,7.695,0.00,13.92,world
1058.75,2026-08-31 05:30:45,339.20,5.75,3752.32,-80.4,the_tether_relay,2.31,clear,21.806,11.600,0.00,13.92,world
1059.25,2026-08-31 05:30:46,339.20,5.75,3752.32,-75.8,the_tether_relay,2.33,clear,41.432,8.931,0.00,13.92,world
1059.75,2026-08-31 05:30:46,339.20,5.75,3752.32,-149.4,the_tether_relay,2.35,clear,41.432,8.931,0.00,13.92,world
1060.25,2026-08-31 05:30:47,339.20,5.75,3752.32,-149.4,the_tether_relay,2.37,clear,41.432,8.931,0.00,13.92,world
1060.75,2026-08-31 05:30:47,339.20,5.75,3752.32,-80.4,the_tether_relay,2.39,clear,23.729,26.525,0.00,13.92,world
1061.25,2026-08-31 05:30:48,339.20,5.75,3752.32,-75.8,the_tether_relay,2.41,clear,23.729,26.525,0.00,13.92,world
1061.75,2026-08-31 05:30:48,339.20,5.75,3752.32,-149.4,the_tether_relay,2.43,clear,23.403,7.959,0.00,13.92,world
1062.25,2026-08-31 05:30:49,339.20,5.75,3752.32,-149.4,the_tether_relay,2.45,clear,23.403,7.959,0.00,13.92,world
1062.75,2026-08-31 05:30:49,339.20,5.75,3752.32,-80.4,the_tether_relay,2.47,clear,21.967,7.148,0.00,13.92,world
1063.25,2026-08-31 05:30:50,339.20,5.75,3752.32,-75.8,the_tether_relay,2.49,clear,21.967,7.148,0.00,13.92,world
1063.75,2026-08-31 05:30:50,339.20,5.75,3752.32,-149.4,the_tether_relay,2.51,clear,21.492,7.305,0.00,13.92,world
1064.25,2026-08-31 05:30:51,339.20,5.75,3752.32,-149.4,the_tether_relay,2.53,clear,21.492,7.305,0.00,13.92,world
1064.75,2026-08-31 05:30:51,339.20,5.75,3752.32,-80.4,the_tether_relay,2.55,clear,29.131,9.169,0.00,13.92,world
1065.25,2026-08-31 05:30:52,339.20,5.75,3752.32,-75.8,the_tether_relay,2.57,clear,29.131,9.169,0.00,13.92,world
1065.75,2026-08-31 05:30:52,339.20,5.75,3752.32,-149.4,the_tether_relay,2.59,clear,23.834,7.942,0.00,13.92,world
1066.25,2026-08-31 05:30:53,339.20,5.75,3752.32,-149.4,the_tether_relay,2.61,clear,23.834,7.942,0.00,13.92,world
1066.75,2026-08-31 05:30:53,339.20,5.75,3752.32,-80.4,the_tether_relay,2.63,clear,22.458,7.284,0.00,13.92,world
1067.25,2026-08-31 05:30:54,339.20,5.75,3752.32,-75.8,the_tether_relay,2.65,clear,22.458,7.284,0.00,13.92,world
1067.75,2026-08-31 05:30:54,339.20,5.75,3752.32,-149.4,the_tether_relay,2.67,clear,24.551,8.634,0.00,13.92,world
1068.25,2026-08-31 05:30:55,339.20,5.75,3752.32,-149.4,the_tether_relay,2.69,clear,24.551,8.634,0.00,13.92,world
1068.75,2026-08-31 05:30:55,339.20,5.75,3752.32,-80.4,the_tether_relay,2.71,clear,24.318,8.418,0.00,13.92,world
1069.25,2026-08-31 05:30:56,339.20,5.75,3752.32,-75.8,the_tether_relay,2.73,clear,24.318,8.418,0.00,13.92,world
1069.75,2026-08-31 05:30:56,339.20,5.75,3752.32,-149.4,the_tether_relay,2.75,clear,27.568,9.413,0.00,13.92,world
1070.25,2026-08-31 05:30:57,339.20,5.75,3752.32,-149.4,the_tether_relay,2.77,clear,27.568,9.413,0.00,13.92,world
1070.75,2026-08-31 05:30:57,339.20,5.75,3752.32,-80.4,the_tether_relay,2.79,clear,21.662,8.572,0.00,13.92,world
1071.25,2026-08-31 05:30:58,339.20,5.75,3752.32,-75.8,the_tether_relay,2.81,clear,21.662,8.572,0.00,13.92,world
1071.75,2026-08-31 05:30:58,339.20,5.75,3752.32,-149.4,the_tether_relay,2.83,clear,21.366,6.928,0.00,13.92,world
1072.25,2026-08-31 05:30:59,339.20,5.75,3752.32,-149.4,the_tether_relay,2.85,clear,21.366,6.928,0.00,13.92,world
1072.75,2026-08-31 05:30:59,339.20,5.75,3752.32,-80.4,the_tether_relay,2.87,clear,20.558,7.438,0.00,13.92,world
1073.25,2026-08-31 05:31:00,339.20,5.75,3752.32,-75.8,the_tether_relay,2.89,clear,20.558,7.438,0.00,13.92,world
1073.75,2026-08-31 05:31:00,339.20,5.75,3752.32,-149.4,the_tether_relay,2.91,clear,19.094,6.658,0.00,13.92,world
1074.25,2026-08-31 05:31:01,339.20,5.75,3752.32,-149.4,the_tether_relay,2.93,clear,19.094,6.658,0.00,13.92,world
1074.75,2026-08-31 05:31:01,339.20,5.75,3752.32,-80.4,the_tether_relay,2.95,clear,19.564,7.175,0.00,13.92,world
1075.25,2026-08-31 05:31:02,339.20,5.75,3752.32,-75.8,the_tether_relay,2.97,clear,19.564,7.175,0.00,13.92,world
1075.75,2026-08-31 05:31:02,339.20,5.75,3752.32,-149.4,the_tether_relay,2.99,clear,19.156,6.742,0.00,13.92,world
1076.25,2026-08-31 05:31:03,339.20,5.75,3752.32,-149.4,the_tether_relay,3.01,clear,19.156,6.742,0.00,13.92,world
1076.75,2026-08-31 05:31:03,339.20,5.75,3752.32,-80.4,the_tether_relay,3.03,clear,20.366,6.484,0.00,13.92,world
1077.25,2026-08-31 05:31:04,339.20,5.75,3752.32,-75.8,the_tether_relay,3.05,clear,20.366,6.484,0.00,13.92,world
1077.75,2026-08-31 05:31:04,339.20,5.75,3752.32,-149.4,the_tether_relay,3.07,clear,19.867,7.119,0.00,13.92,world
1078.25,2026-08-31 05:31:05,339.20,5.75,3752.32,-149.4,the_tether_relay,3.09,clear,19.867,7.119,0.00,13.92,world
1078.75,2026-08-31 05:31:05,339.20,5.75,3752.32,-80.4,the_tether_relay,3.11,clear,20.147,6.474,0.00,13.92,world
1079.25,2026-08-31 05:31:06,339.20,5.75,3752.32,-75.8,the_tether_relay,3.13,clear,20.147,6.474,0.00,13.92,world
1079.75,2026-08-31 05:31:06,339.20,5.75,3752.32,-149.4,the_tether_relay,3.15,clear,25.985,10.368,0.00,13.92,world
1080.25,2026-08-31 05:31:07,339.20,5.75,3752.32,-149.4,the_tether_relay,3.17,clear,25.985,10.368,0.00,13.92,world
1080.75,2026-08-31 05:31:07,339.20,5.75,3752.32,-80.4,the_tether_relay,3.19,clear,42.608,6.738,0.00,13.92,world
1081.25,2026-08-31 05:31:08,339.20,5.75,3752.32,-75.8,the_tether_relay,3.21,clear,42.608,6.738,0.00,13.92,world
1081.75,2026-08-31 05:31:08,339.20,5.75,3752.32,-149.4,the_tether_relay,3.23,clear,21.943,7.719,0.00,13.92,world
1082.25,2026-08-31 05:31:09,339.20,5.75,3752.32,-149.4,the_tether_relay,3.25,clear,20.579,6.908,0.00,13.92,world
1082.75,2026-08-31 05:31:09,339.20,5.75,3752.32,-80.4,the_tether_relay,3.27,clear,20.579,6.908,0.00,13.92,world
1083.25,2026-08-31 05:31:10,339.20,5.75,3752.32,-75.8,the_tether_relay,3.29,clear,20.579,6.908,0.00,13.92,world
1083.75,2026-08-31 05:31:10,339.20,5.75,3752.32,-149.4,the_tether_relay,3.31,clear,20.036,6.484,0.00,13.92,world
1084.25,2026-08-31 05:31:11,339.20,5.75,3752.32,-149.4,the_tether_relay,3.33,clear,20.464,6.903,0.00,13.92,world
1084.75,2026-08-31 05:31:11,339.20,5.75,3752.32,-80.4,the_tether_relay,3.35,clear,20.464,6.903,0.00,13.92,world
1085.25,2026-08-31 05:31:12,339.20,5.75,3752.32,-75.8,the_tether_relay,3.37,clear,20.464,6.903,0.00,13.92,world
1085.75,2026-08-31 05:31:12,339.20,5.75,3752.32,-149.4,the_tether_relay,3.39,clear,21.055,7.148,0.00,13.92,world
1086.25,2026-08-31 05:31:13,339.20,5.75,3752.32,-149.4,the_tether_relay,3.41,clear,20.452,6.832,0.00,13.92,world
1086.75,2026-08-31 05:31:13,339.20,5.75,3752.32,-80.4,the_tether_relay,3.43,clear,20.452,6.832,0.00,13.92,world
1087.25,2026-08-31 05:31:14,339.20,5.75,3752.32,-75.8,the_tether_relay,3.45,clear,20.452,6.832,0.00,13.92,world
1087.75,2026-08-31 05:31:14,339.20,5.75,3752.32,-149.4,the_tether_relay,3.47,clear,23.469,8.434,0.00,13.92,world
1088.25,2026-08-31 05:31:15,339.20,5.75,3752.32,-149.4,the_tether_relay,3.49,clear,23.469,8.434,0.00,13.92,world
1088.75,2026-08-31 05:31:15,339.20,5.75,3752.32,-80.4,the_tether_relay,3.51,clear,21.281,7.838,0.00,13.92,world
1089.25,2026-08-31 05:31:16,339.20,5.75,3752.32,-75.8,the_tether_relay,3.53,clear,21.281,7.838,0.00,13.92,world
1089.75,2026-08-31 05:31:16,339.20,5.75,3752.32,-149.4,the_tether_relay,3.55,clear,20.957,6.957,0.00,13.92,world
1090.25,2026-08-31 05:31:17,339.20,5.75,3752.32,-149.4,the_tether_relay,3.57,clear,20.957,6.957,0.00,13.92,world
1090.75,2026-08-31 05:31:17,339.20,5.75,3752.32,-80.4,the_tether_relay,3.59,clear,20.223,7.121,0.00,13.92,world
1091.25,2026-08-31 05:31:18,339.20,5.75,3752.32,-75.8,the_tether_relay,3.61,clear,20.223,7.121,0.00,13.92,world
1091.75,2026-08-31 05:31:18,339.20,5.75,3752.32,-149.4,the_tether_relay,3.63,clear,27.475,8.438,0.00,13.92,world
1092.25,2026-08-31 05:31:19,339.20,5.75,3752.32,-149.4,the_tether_relay,3.65,clear,27.475,8.438,0.00,13.92,world
1092.75,2026-08-31 05:31:19,339.20,5.75,3752.32,-80.4,the_tether_relay,3.67,clear,19.916,6.792,0.00,13.92,world
1093.25,2026-08-31 05:31:20,339.20,5.75,3752.32,-75.8,the_tether_relay,3.69,clear,19.916,6.792,0.00,13.92,world
1093.75,2026-08-31 05:31:20,339.20,5.75,3752.32,-149.4,the_tether_relay,3.71,clear,23.812,8.781,0.00,13.92,world
1094.25,2026-08-31 05:31:21,339.20,5.75,3752.32,-149.4,the_tether_relay,3.73,clear,23.663,8.183,0.00,13.92,world
1094.75,2026-08-31 05:31:21,339.20,5.75,3752.32,-80.4,the_tether_relay,3.75,clear,23.663,8.183,0.00,13.92,world
1095.25,2026-08-31 05:31:22,339.20,5.75,3752.32,-75.8,the_tether_relay,3.77,clear,23.663,8.183,0.00,13.92,world
1095.75,2026-08-31 05:31:22,339.20,5.75,3752.32,-149.4,the_tether_relay,3.79,clear,20.585,7.073,0.00,13.92,world
1096.25,2026-08-31 05:31:23,339.20,5.75,3752.32,-149.4,the_tether_relay,3.81,clear,20.585,7.073,0.00,13.92,world
1096.75,2026-08-31 05:31:23,339.20,5.75,3752.32,-80.4,the_tether_relay,3.83,clear,21.464,7.115,0.00,13.92,world
1097.25,2026-08-31 05:31:24,339.20,5.75,3752.32,-75.8,the_tether_relay,3.85,clear,21.464,7.115,0.00,13.92,world
1097.75,2026-08-31 05:31:24,339.20,5.75,3752.32,-149.4,the_tether_relay,3.87,clear,20.667,7.336,0.00,13.92,world
1098.25,2026-08-31 05:31:25,339.20,5.75,3752.32,-149.4,the_tether_relay,3.89,clear,23.301,6.298,0.00,13.92,world
1098.75,2026-08-31 05:31:25,339.20,5.75,3752.32,-80.4,the_tether_relay,3.91,clear,23.301,6.298,0.00,13.92,world
1099.25,2026-08-31 05:31:26,339.20,5.75,3752.32,-75.8,the_tether_relay,3.93,clear,23.301,6.298,0.00,13.92,world
1099.75,2026-08-31 05:31:26,339.20,5.75,3752.32,-149.4,the_tether_relay,3.95,clear,22.122,7.055,0.00,13.92,world
1100.25,2026-08-31 05:31:27,339.20,5.75,3752.32,-149.4,the_tether_relay,3.97,clear,22.122,7.055,0.00,13.92,world
1100.75,2026-08-31 05:31:27,339.20,5.75,3752.32,-80.4,the_tether_relay,3.99,clear,20.072,7.411,0.00,13.92,world
1101.25,2026-08-31 05:31:28,339.20,5.75,3752.32,-75.8,the_tether_relay,4.01,clear,20.072,7.411,0.00,13.92,world
1101.75,2026-08-31 05:31:28,339.20,5.75,3752.32,-149.4,the_tether_relay,4.03,clear,18.803,8.142,0.00,13.92,world
1102.25,2026-08-31 05:31:29,339.20,5.75,3752.32,-149.4,the_tether_relay,4.05,clear,18.277,6.593,0.00,13.92,world
1102.75,2026-08-31 05:31:29,339.20,5.75,3752.32,-80.4,the_tether_relay,4.07,clear,18.277,6.593,0.00,13.92,world
1103.25,2026-08-31 05:31:30,339.20,5.75,3752.32,-75.8,the_tether_relay,4.09,clear,18.277,6.593,0.00,13.92,world
1103.75,2026-08-31 05:31:30,339.20,5.75,3752.32,-149.4,the_tether_relay,4.11,clear,18.350,6.718,0.00,13.92,world
1104.25,2026-08-31 05:31:31,339.20,5.75,3752.32,-149.4,the_tether_relay,4.13,clear,18.350,6.718,0.00,13.92,world
1104.75,2026-08-31 05:31:31,339.20,5.75,3752.32,-80.4,the_tether_relay,4.15,clear,19.334,6.485,0.00,13.92,world
1105.25,2026-08-31 05:31:32,339.20,5.75,3752.32,-75.8,the_tether_relay,4.17,clear,19.334,6.485,0.00,13.92,world
1105.75,2026-08-31 05:31:32,339.20,5.75,3752.32,-149.4,the_tether_relay,4.19,clear,27.731,6.314,0.00,13.92,world
1106.25,2026-08-31 05:31:33,339.20,5.75,3752.32,-149.4,the_tether_relay,4.21,clear,27.731,6.314,0.00,13.92,world
1106.75,2026-08-31 05:31:33,339.20,5.75,3752.32,-80.4,the_tether_relay,4.23,clear,18.563,6.648,0.00,13.92,world
1107.25,2026-08-31 05:31:34,339.20,5.75,3752.32,-75.8,the_tether_relay,4.25,clear,19.173,7.479,0.00,13.92,world
1107.75,2026-08-31 05:31:34,339.20,5.75,3752.32,-149.4,the_tether_relay,4.27,clear,19.173,7.479,0.00,13.92,world
1108.25,2026-08-31 05:31:35,339.20,5.75,3752.32,-149.4,the_tether_relay,4.29,clear,19.018,6.523,0.00,13.92,world
1108.75,2026-08-31 05:31:35,339.20,5.75,3752.32,-80.4,the_tether_relay,4.31,clear,19.018,6.523,0.00,13.92,world
1109.25,2026-08-31 05:31:36,339.20,5.75,3752.32,-75.8,the_tether_relay,4.33,clear,19.018,6.523,0.00,13.92,world
1109.75,2026-08-31 05:31:36,339.20,5.75,3752.32,-149.4,the_tether_relay,4.35,clear,23.145,6.826,0.00,13.92,world
1110.25,2026-08-31 05:31:37,339.20,5.75,3752.32,-149.4,the_tether_relay,4.37,clear,23.145,6.826,0.00,13.92,world
1110.75,2026-08-31 05:31:37,339.20,5.75,3752.32,-80.4,the_tether_relay,4.39,clear,19.391,6.644,0.00,13.92,world
1111.25,2026-08-31 05:31:38,339.20,5.75,3752.32,-75.8,the_tether_relay,4.41,clear,19.391,6.644,0.00,13.92,world
1111.75,2026-08-31 05:31:38,339.20,5.75,3752.32,-149.4,the_tether_relay,4.43,clear,19.850,7.021,0.00,13.92,world
1112.25,2026-08-31 05:31:39,339.20,5.75,3752.32,-149.4,the_tether_relay,4.45,clear,18.680,6.363,0.00,13.92,world
1112.75,2026-08-31 05:31:39,339.20,5.75,3752.32,-80.4,the_tether_relay,4.47,clear,18.680,6.363,0.00,13.92,world
1113.25,2026-08-31 05:31:40,339.20,5.75,3752.32,-75.8,the_tether_relay,4.49,clear,18.680,6.363,0.00,13.92,world
1113.75,2026-08-31 05:31:40,339.20,5.75,3752.32,-149.4,the_tether_relay,4.51,clear,18.922,6.475,0.00,13.92,world
1114.25,2026-08-31 05:31:41,339.20,5.75,3752.32,-149.4,the_tether_relay,4.53,clear,18.922,6.475,0.00,13.92,world
1114.75,2026-08-31 05:31:41,339.20,5.75,3752.32,-80.4,the_tether_relay,4.55,clear,18.016,6.562,0.00,13.92,world
1115.25,2026-08-31 05:31:42,339.20,5.75,3752.32,-75.8,the_tether_relay,4.57,clear,18.874,8.107,0.00,13.92,world
1115.75,2026-08-31 05:31:42,339.20,5.75,3752.32,-149.4,the_tether_relay,4.59,clear,18.874,8.107,0.00,13.92,world
1116.25,2026-08-31 05:31:43,339.20,5.75,3752.32,-149.4,the_tether_relay,4.61,clear,18.874,8.107,0.00,13.92,world
1116.75,2026-08-31 05:31:43,339.20,5.75,3752.32,-80.4,the_tether_relay,4.63,clear,19.397,7.682,0.00,13.92,world
1117.25,2026-08-31 05:31:44,339.20,5.75,3752.32,-75.8,the_tether_relay,4.65,clear,19.397,7.682,0.00,13.92,world
1117.75,2026-08-31 05:31:44,339.20,5.75,3752.32,-149.4,the_tether_relay,4.67,clear,18.712,6.565,0.00,13.92,world
1118.25,2026-08-31 05:31:45,339.20,5.75,3752.32,-149.4,the_tether_relay,4.69,clear,18.712,6.565,0.00,13.92,world
1118.75,2026-08-31 05:31:45,339.20,5.75,3752.32,-80.4,the_tether_relay,4.71,clear,20.337,7.591,0.00,13.92,world
1119.25,2026-08-31 05:31:46,339.20,5.75,3752.32,-75.8,the_tether_relay,4.73,clear,20.337,7.591,0.00,13.92,world
1119.75,2026-08-31 05:31:46,339.20,5.75,3752.32,-149.4,the_tether_relay,4.75,clear,20.155,6.462,0.00,13.92,world
1120.25,2026-08-31 05:31:47,339.20,5.75,3752.32,-149.4,the_tether_relay,4.77,clear,20.633,6.323,0.00,13.92,world
1120.75,2026-08-31 05:31:47,339.20,5.75,3752.32,-80.4,the_tether_relay,4.79,clear,20.633,6.323,0.00,13.92,world
1121.25,2026-08-31 05:31:48,339.20,5.75,3752.32,-75.8,the_tether_relay,4.81,clear,19.378,6.507,0.00,13.92,world
1121.75,2026-08-31 05:31:48,339.20,5.75,3752.32,-149.4,the_tether_relay,4.83,clear,19.378,6.507,0.00,13.92,world
1122.25,2026-08-31 05:31:49,339.20,5.75,3752.32,-149.4,the_tether_relay,4.85,clear,19.378,6.507,0.00,13.92,world
1122.75,2026-08-31 05:31:49,339.20,5.75,3752.32,-80.4,the_tether_relay,4.87,clear,18.849,6.595,0.00,13.92,world
1123.25,2026-08-31 05:31:50,339.20,5.75,3752.32,-75.8,the_tether_relay,4.89,clear,18.849,6.595,0.00,13.92,world
1123.75,2026-08-31 05:31:50,339.20,5.75,3752.32,-149.4,the_tether_relay,4.91,clear,19.000,6.612,0.00,13.92,world
1124.25,2026-08-31 05:31:51,339.20,5.75,3752.32,-149.4,the_tether_relay,4.93,clear,19.000,6.612,0.00,13.92,world
1124.75,2026-08-31 05:31:51,339.20,5.75,3752.32,-80.4,the_tether_relay,4.95,clear,20.197,7.301,0.00,13.92,world
1125.25,2026-08-31 05:31:52,339.20,5.75,3752.32,-75.8,the_tether_relay,4.97,clear,20.197,7.301,0.00,13.92,world
1125.75,2026-08-31 05:31:52,339.20,5.75,3752.32,-149.4,the_tether_relay,4.99,clear,20.185,6.878,0.00,13.92,world
1126.25,2026-08-31 05:31:53,339.20,5.75,3752.32,-149.4,the_tether_relay,5.01,clear,20.185,6.878,0.00,13.92,world
1126.75,2026-08-31 05:31:53,339.20,5.75,3752.32,-80.4,the_tether_relay,5.03,clear,27.493,8.592,0.00,13.92,world
1127.25,2026-08-31 05:31:54,339.20,5.75,3752.32,-75.8,the_tether_relay,5.05,clear,20.032,5.958,0.00,13.92,world
1127.75,2026-08-31 05:31:54,339.20,5.75,3752.32,-149.4,the_tether_relay,5.07,clear,20.032,5.958,0.00,13.92,world
1128.25,2026-08-31 05:31:55,339.20,5.75,3752.32,-149.4,the_tether_relay,5.09,clear,20.032,5.958,0.00,13.92,world
1128.75,2026-08-31 05:31:55,339.20,5.75,3752.32,-80.4,the_tether_relay,5.11,clear,39.980,6.013,0.00,13.92,world
1129.25,2026-08-31 05:31:56,339.20,5.75,3752.32,-75.8,the_tether_relay,5.13,clear,39.980,6.013,0.00,13.92,world
1129.75,2026-08-31 05:31:56,339.20,5.75,3752.32,-149.4,the_tether_relay,5.15,clear,18.049,5.831,0.00,13.92,world
1130.25,2026-08-31 05:31:57,339.20,5.75,3752.32,-149.4,the_tether_relay,5.17,clear,18.049,5.831,0.00,13.92,world
1130.75,2026-08-31 05:31:57,339.20,5.75,3752.32,-80.4,the_tether_relay,5.19,clear,18.394,6.709,0.00,13.92,world
1131.25,2026-08-31 05:31:58,339.20,5.75,3752.32,-75.8,the_tether_relay,5.21,clear,18.394,6.709,0.00,13.92,world
1131.75,2026-08-31 05:31:58,339.20,5.75,3752.32,-149.4,the_tether_relay,5.23,clear,20.071,6.545,0.00,13.92,world
1132.25,2026-08-31 05:31:59,339.20,5.75,3752.32,-149.4,the_tether_relay,5.25,clear,20.071,6.545,0.00,13.92,world
1132.75,2026-08-31 05:31:59,339.20,5.75,3752.32,-80.4,the_tether_relay,5.27,clear,18.928,5.840,0.00,13.92,world
1133.25,2026-08-31 05:32:00,339.20,5.75,3752.32,-75.8,the_tether_relay,5.29,clear,18.928,5.840,0.00,13.92,world
1133.75,2026-08-31 05:32:00,339.20,5.75,3752.32,-149.4,the_tether_relay,5.31,clear,19.442,6.406,0.00,13.92,world
1134.25,2026-08-31 05:32:01,339.20,5.75,3752.32,-149.4,the_tether_relay,5.33,clear,19.442,6.406,0.00,13.92,world
1134.75,2026-08-31 05:32:01,339.20,5.75,3752.32,-80.4,the_tether_relay,5.35,clear,18.429,6.297,0.00,13.92,world
1135.25,2026-08-31 05:32:02,339.20,5.75,3752.32,-75.8,the_tether_relay,5.37,clear,18.429,6.297,0.00,13.92,world
1135.75,2026-08-31 05:32:02,339.20,5.75,3752.32,-149.4,the_tether_relay,5.39,clear,18.244,6.140,0.00,13.92,world
1136.25,2026-08-31 05:32:03,339.20,5.75,3752.32,-149.4,the_tether_relay,5.41,clear,18.210,5.332,0.00,13.92,world
1136.75,2026-08-31 05:32:03,339.20,5.75,3752.32,-80.4,the_tether_relay,5.43,clear,18.210,5.332,0.00,13.92,world
1137.25,2026-08-31 05:32:04,339.20,5.75,3752.32,-75.8,the_tether_relay,5.45,clear,18.210,5.332,0.00,13.92,world
1137.75,2026-08-31 05:32:04,339.20,5.75,3752.32,-149.4,the_tether_relay,5.47,clear,21.152,6.175,0.00,13.92,world
1138.25,2026-08-31 05:32:05,339.20,5.75,3752.32,-149.4,the_tether_relay,5.49,clear,21.152,6.175,0.00,13.92,world
1138.75,2026-08-31 05:32:05,339.20,5.75,3752.32,-80.4,the_tether_relay,5.51,clear,17.562,5.456,0.00,13.92,world
1139.25,2026-08-31 05:32:06,339.20,5.75,3752.32,-75.8,the_tether_relay,5.53,clear,17.562,5.456,0.00,13.92,world
1139.75,2026-08-31 05:32:06,339.20,5.75,3752.32,-149.4,the_tether_relay,5.55,clear,24.633,6.234,0.00,13.92,world
1140.25,2026-08-31 05:32:07,339.20,5.75,3752.32,-149.4,the_tether_relay,5.57,clear,24.633,6.234,0.00,13.92,world
1140.75,2026-08-31 05:32:07,339.20,5.75,3752.32,-80.4,the_tether_relay,5.59,clear,17.609,5.760,0.00,13.92,world
1141.25,2026-08-31 05:32:08,339.20,5.75,3752.32,-75.8,the_tether_relay,5.61,clear,17.609,5.760,0.00,13.92,world
1141.75,2026-08-31 05:32:08,339.20,5.75,3752.32,-149.4,the_tether_relay,5.63,clear,17.581,5.627,0.00,13.92,world
1142.25,2026-08-31 05:32:09,339.20,5.75,3752.32,-149.4,the_tether_relay,5.65,clear,21.597,5.651,0.00,13.92,world
1142.75,2026-08-31 05:32:09,339.20,5.75,3752.32,-80.4,the_tether_relay,5.67,clear,21.597,5.651,0.00,13.92,world
1143.25,2026-08-31 05:32:10,339.20,5.75,3752.32,-75.8,the_tether_relay,5.69,clear,21.597,5.651,0.00,13.92,world
1143.75,2026-08-31 05:32:10,339.20,5.75,3752.32,-149.4,the_tether_relay,5.71,clear,19.216,6.459,0.00,13.92,world
1144.25,2026-08-31 05:32:11,339.20,5.75,3752.32,-149.4,the_tether_relay,5.73,clear,19.216,6.459,0.00,13.92,world
1144.75,2026-08-31 05:32:11,339.20,5.75,3752.32,-80.4,the_tether_relay,5.75,clear,20.966,6.542,0.00,13.92,world
1145.25,2026-08-31 05:32:12,339.20,5.75,3752.32,-75.8,the_tether_relay,5.77,clear,20.966,6.542,0.00,13.92,world
1145.75,2026-08-31 05:32:12,339.20,5.75,3752.32,-149.4,the_tether_relay,5.79,clear,19.500,5.785,0.00,13.92,world
1146.25,2026-08-31 05:32:13,339.20,5.75,3752.32,-149.4,the_tether_relay,5.81,clear,19.500,5.785,0.00,13.92,world
1146.75,2026-08-31 05:32:13,339.20,5.75,3752.32,-80.4,the_tether_relay,5.83,clear,21.376,6.187,0.00,13.92,world
1147.25,2026-08-31 05:32:14,339.20,5.75,3752.32,-75.8,the_tether_relay,5.85,clear,21.376,6.187,0.00,13.92,world
1147.75,2026-08-31 05:32:14,339.20,5.75,3752.32,-149.4,the_tether_relay,5.87,clear,20.136,5.828,0.00,13.92,world
1148.25,2026-08-31 05:32:15,339.20,5.75,3752.32,-149.4,the_tether_relay,5.89,clear,20.136,5.828,0.00,13.92,world
1148.75,2026-08-31 05:32:15,339.20,5.75,3752.32,-80.4,the_tether_relay,5.91,clear,21.202,6.411,0.00,13.92,world
1149.25,2026-08-31 05:32:16,339.20,5.75,3752.32,-75.8,the_tether_relay,5.93,clear,19.414,5.797,0.00,13.92,world
1149.75,2026-08-31 05:32:16,339.20,5.75,3752.32,-149.4,the_tether_relay,5.95,clear,19.414,5.797,0.00,13.92,world
1150.25,2026-08-31 05:32:17,339.20,5.75,3752.32,-149.4,the_tether_relay,5.97,clear,19.414,5.797,0.00,13.92,world
1150.75,2026-08-31 05:32:17,339.20,5.75,3752.32,-80.4,the_tether_relay,5.99,clear,19.723,5.833,0.00,13.92,world
1151.25,2026-08-31 05:32:18,339.20,5.75,3752.32,-75.8,the_tether_relay,6.01,clear,19.723,5.833,0.00,13.92,world
1151.75,2026-08-31 05:32:18,339.20,5.75,3752.32,-149.4,the_tether_relay,6.03,clear,20.886,5.576,0.00,13.92,world
1152.25,2026-08-31 05:32:19,339.20,5.75,3752.32,-149.4,the_tether_relay,6.05,clear,20.886,5.576,0.00,13.92,world
1152.75,2026-08-31 05:32:19,339.20,5.75,3752.32,-80.4,the_tether_relay,6.07,clear,18.479,5.532,0.00,13.92,world
1153.25,2026-08-31 05:32:20,339.20,5.75,3752.32,-75.8,the_tether_relay,6.09,clear,18.479,5.532,0.00,13.92,world
1153.75,2026-08-31 05:32:20,339.20,5.75,3752.32,-149.4,the_tether_relay,6.11,clear,19.424,5.619,0.00,13.92,world
1154.25,2026-08-31 05:32:21,339.20,5.75,3752.32,-149.4,the_tether_relay,6.13,clear,19.424,5.619,0.00,13.92,world
1154.75,2026-08-31 05:32:21,339.20,5.75,3752.32,-80.4,the_tether_relay,6.15,clear,18.222,6.024,0.00,13.92,world
1155.25,2026-08-31 05:32:22,339.20,5.75,3752.32,-75.8,the_tether_relay,6.17,clear,18.222,6.024,0.00,13.92,world
1155.75,2026-08-31 05:32:22,339.20,5.75,3752.32,-149.4,the_tether_relay,6.19,clear,17.239,5.251,0.00,13.92,world
1156.25,2026-08-31 05:32:23,339.20,5.75,3752.32,-149.4,the_tether_relay,6.21,clear,17.239,5.251,0.00,13.92,world
1156.75,2026-08-31 05:32:23,339.20,5.75,3752.32,-80.4,the_tether_relay,6.23,clear,17.691,5.362,0.00,13.92,world
1157.25,2026-08-31 05:32:24,339.20,5.75,3752.32,-75.8,the_tether_relay,6.25,clear,17.691,5.362,0.00,13.92,world
1157.75,2026-08-31 05:32:24,339.20,5.75,3752.32,-149.4,the_tether_relay,6.27,clear,17.913,6.349,0.00,13.92,world
1158.25,2026-08-31 05:32:25,339.20,5.75,3752.32,-149.4,the_tether_relay,6.29,clear,17.913,6.349,0.00,13.92,world
1158.75,2026-08-31 05:32:25,339.20,5.75,3752.32,-80.4,the_tether_relay,6.31,clear,17.561,5.364,0.00,13.92,world
1159.25,2026-08-31 05:32:26,339.20,5.75,3752.32,-75.8,the_tether_relay,6.33,clear,17.822,6.799,0.00,13.92,world
1159.75,2026-08-31 05:32:26,339.20,5.75,3752.32,-149.4,the_tether_relay,6.35,clear,17.822,6.799,0.00,13.92,world
1160.25,2026-08-31 05:32:27,339.20,5.75,3752.32,-149.4,the_tether_relay,6.37,clear,17.822,6.799,0.00,13.92,world
1160.75,2026-08-31 05:32:27,339.20,5.75,3752.32,-80.4,the_tether_relay,6.39,clear,17.771,5.564,0.00,13.92,world
1161.25,2026-08-31 05:32:28,339.20,5.75,3752.32,-75.8,the_tether_relay,6.41,clear,19.894,5.817,0.00,13.92,world
1161.75,2026-08-31 05:32:28,339.20,5.75,3752.32,-149.4,the_tether_relay,6.43,clear,19.894,5.817,0.00,13.92,world
1162.25,2026-08-31 05:32:29,339.20,5.75,3752.32,-149.4,the_tether_relay,6.45,clear,17.733,6.786,0.00,13.92,world
1162.75,2026-08-31 05:32:29,339.20,5.75,3752.32,-80.4,the_tether_relay,6.47,clear,17.733,6.786,0.00,13.92,world
1163.25,2026-08-31 05:32:30,339.20,5.75,3752.32,-75.8,the_tether_relay,6.49,clear,17.324,5.974,0.00,13.92,world
1163.75,2026-08-31 05:32:30,339.20,5.75,3752.32,-149.4,the_tether_relay,6.51,clear,17.324,5.974,0.00,13.92,world
1164.25,2026-08-31 05:32:31,339.20,5.75,3752.32,-149.4,the_tether_relay,6.53,clear,17.324,5.974,0.00,13.92,world
1164.75,2026-08-31 05:32:31,339.20,5.75,3752.32,-80.4,the_tether_relay,6.55,clear,18.279,6.821,0.00,13.92,world
1165.25,2026-08-31 05:32:32,339.20,5.75,3752.32,-75.8,the_tether_relay,6.57,clear,18.562,5.788,0.00,13.92,world
1165.75,2026-08-31 05:32:32,339.20,5.75,3752.32,-149.4,the_tether_relay,6.59,clear,18.562,5.788,0.00,13.92,world
1166.25,2026-08-31 05:32:33,339.20,5.75,3752.32,-149.4,the_tether_relay,6.61,clear,18.562,5.788,0.00,13.92,world
1166.75,2026-08-31 05:32:33,339.20,5.75,3752.32,-80.4,the_tether_relay,6.63,clear,18.306,5.614,0.00,13.92,world
1167.25,2026-08-31 05:32:34,339.20,5.75,3752.32,-75.8,the_tether_relay,6.65,clear,18.306,5.614,0.00,13.92,world
1167.75,2026-08-31 05:32:34,339.20,5.75,3752.32,-149.4,the_tether_relay,6.67,clear,19.333,5.805,0.00,13.92,world
1168.25,2026-08-31 05:32:35,339.20,5.75,3752.32,-149.4,the_tether_relay,6.69,clear,18.681,5.277,0.00,13.92,world
1168.75,2026-08-31 05:32:35,339.20,5.75,3752.32,-80.4,the_tether_relay,6.71,clear,18.681,5.277,0.00,13.92,world
1169.25,2026-08-31 05:32:36,339.20,5.75,3752.32,-75.8,the_tether_relay,6.73,clear,18.681,5.277,0.00,13.92,world
1169.75,2026-08-31 05:32:36,339.20,5.75,3752.32,-149.4,the_tether_relay,6.75,clear,17.761,6.180,0.00,13.92,world
1170.25,2026-08-31 05:32:37,339.20,5.75,3752.32,-149.4,the_tether_relay,6.77,clear,17.761,6.180,0.00,13.92,world
1170.75,2026-08-31 05:32:37,339.20,5.75,3752.32,-80.4,the_tether_relay,6.79,clear,17.363,5.259,0.00,13.92,world
1171.25,2026-08-31 05:32:38,339.20,5.75,3752.32,-75.8,the_tether_relay,6.81,clear,19.630,5.779,0.00,13.92,world
1171.75,2026-08-31 05:32:38,339.20,5.75,3752.32,-149.4,the_tether_relay,6.83,clear,19.630,5.779,0.00,13.92,world
1172.25,2026-08-31 05:32:39,339.20,5.75,3752.32,-149.4,the_tether_relay,6.85,clear,19.630,5.779,0.00,13.92,world
1172.75,2026-08-31 05:32:39,339.20,5.75,3752.32,-80.4,the_tether_relay,6.87,clear,18.501,5.468,0.00,13.92,world
1173.25,2026-08-31 05:32:40,339.20,5.75,3752.32,-75.8,the_tether_relay,6.89,clear,22.398,6.190,0.00,13.92,world
1173.75,2026-08-31 05:32:40,339.20,5.75,3752.32,-149.4,the_tether_relay,6.91,clear,22.398,6.190,0.00,13.92,world
1174.25,2026-08-31 05:32:41,339.20,5.75,3752.32,-149.4,the_tether_relay,6.93,clear,22.398,6.190,0.00,13.92,world
1174.75,2026-08-31 05:32:41,339.20,5.75,3752.32,-80.4,the_tether_relay,6.95,clear,18.093,5.683,0.00,13.92,world
1175.25,2026-08-31 05:32:42,339.20,5.75,3752.32,-75.8,the_tether_relay,6.97,clear,18.420,5.615,0.00,13.92,world
1175.75,2026-08-31 05:32:42,339.20,5.75,3752.32,-149.4,the_tether_relay,6.99,clear,18.420,5.615,0.00,13.92,world
1176.25,2026-08-31 05:32:43,339.20,5.75,3752.32,-149.4,the_tether_relay,7.01,clear,18.988,6.013,0.00,13.92,world
1176.75,2026-08-31 05:32:43,339.20,5.75,3752.32,-80.4,the_tether_relay,7.03,clear,18.988,6.013,0.00,13.92,world
1177.25,2026-08-31 05:32:44,339.20,5.75,3752.32,-75.8,the_tether_relay,7.05,clear,18.988,6.013,0.00,13.92,world
1177.75,2026-08-31 05:32:44,339.20,5.75,3752.32,-149.4,the_tether_relay,7.07,clear,23.023,10.172,0.00,13.92,world
1178.25,2026-08-31 05:32:45,339.20,5.75,3752.32,-149.4,the_tether_relay,7.09,clear,20.222,6.375,0.00,13.92,world
1178.75,2026-08-31 05:32:45,339.20,5.75,3752.32,-80.4,the_tether_relay,7.11,clear,20.222,6.375,0.00,13.92,world
1179.25,2026-08-31 05:32:46,339.20,5.75,3752.32,-75.8,the_tether_relay,7.13,clear,20.222,6.375,0.00,13.92,world
1179.75,2026-08-31 05:32:46,339.20,5.75,3752.32,-149.4,the_tether_relay,7.15,clear,19.909,5.439,0.00,13.92,world
1180.25,2026-08-31 05:32:47,339.20,5.75,3752.32,-149.4,the_tether_relay,7.17,clear,19.909,5.439,0.00,13.92,world
1180.75,2026-08-31 05:32:47,339.20,5.75,3752.32,-80.4,the_tether_relay,7.19,clear,25.169,7.256,0.00,13.92,world
1181.25,2026-08-31 05:32:48,339.20,5.75,3752.32,-75.8,the_tether_relay,7.21,clear,25.169,7.256,0.00,13.92,world
1181.75,2026-08-31 05:32:48,339.20,5.75,3752.32,-149.4,the_tether_relay,7.23,clear,22.323,6.286,0.00,13.92,world
1182.25,2026-08-31 05:32:49,339.20,5.75,3752.32,-149.4,the_tether_relay,7.25,clear,22.323,6.286,0.00,13.92,world
1182.75,2026-08-31 05:32:49,339.20,5.75,3752.32,-80.4,the_tether_relay,7.27,clear,23.465,7.915,0.00,13.92,world
1183.25,2026-08-31 05:32:50,339.20,5.75,3752.32,-75.8,the_tether_relay,7.29,clear,23.465,7.915,0.00,13.92,world
1183.75,2026-08-31 05:32:50,339.20,5.75,3752.32,-149.4,the_tether_relay,7.31,clear,23.796,6.687,0.00,13.92,world
1184.25,2026-08-31 05:32:51,339.20,5.75,3752.32,-149.4,the_tether_relay,7.33,clear,19.957,5.389,0.00,13.92,world
1184.75,2026-08-31 05:32:51,339.20,5.75,3752.32,-80.4,the_tether_relay,7.35,clear,19.957,5.389,0.00,13.92,world
1185.25,2026-08-31 05:32:52,339.20,5.75,3752.32,-75.8,the_tether_relay,7.37,clear,19.957,5.389,0.00,13.92,world
1185.75,2026-08-31 05:32:52,339.20,5.75,3752.32,-149.4,the_tether_relay,7.39,clear,21.772,6.334,0.00,13.92,world
1186.25,2026-08-31 05:32:53,339.20,5.75,3752.32,-149.4,the_tether_relay,7.41,clear,17.858,6.408,0.00,13.92,world
1186.75,2026-08-31 05:32:53,339.20,5.75,3752.32,-80.4,the_tether_relay,7.43,clear,17.858,6.408,0.00,13.92,world
1187.25,2026-08-31 05:32:54,339.20,5.75,3752.32,-75.8,the_tether_relay,7.45,clear,17.858,6.408,0.00,13.92,world
1187.75,2026-08-31 05:32:54,339.20,5.75,3752.32,-149.4,the_tether_relay,7.47,clear,21.156,6.106,0.00,13.92,world
1188.25,2026-08-31 05:32:55,339.20,5.75,3752.32,-149.4,the_tether_relay,7.49,clear,21.156,6.106,0.00,13.92,world
1188.75,2026-08-31 05:32:55,339.20,5.75,3752.32,-80.4,the_tether_relay,7.51,clear,19.645,5.864,0.00,13.92,world
1189.25,2026-08-31 05:32:56,339.20,5.75,3752.32,-75.8,the_tether_relay,7.53,clear,19.645,5.864,0.00,13.92,world
1189.75,2026-08-31 05:32:56,339.20,5.75,3752.32,-149.4,the_tether_relay,7.55,clear,17.861,5.381,0.00,13.92,world
1190.25,2026-08-31 05:32:57,339.20,5.75,3752.32,-149.4,the_tether_relay,7.57,clear,17.861,5.381,0.00,13.92,world
1190.75,2026-08-31 05:32:57,339.20,5.75,3752.32,-80.4,the_tether_relay,7.59,clear,17.561,5.319,0.00,13.92,world
1191.25,2026-08-31 05:32:57,339.20,5.75,3752.32,-75.8,the_tether_relay,7.61,clear,17.561,5.319,0.00,13.92,world
1191.75,2026-08-31 05:32:58,339.20,5.75,3752.32,-149.4,the_tether_relay,7.63,clear,18.305,6.007,0.00,13.92,world
1192.25,2026-08-31 05:32:58,339.20,5.75,3752.32,-149.4,the_tether_relay,7.65,clear,18.305,6.007,0.00,13.92,world
1192.75,2026-08-31 05:32:59,339.20,5.75,3752.32,-80.4,the_tether_relay,7.67,clear,22.723,8.100,0.00,13.92,world
1193.25,2026-08-31 05:33:00,339.20,5.75,3752.32,-75.8,the_tether_relay,7.69,clear,21.942,6.294,0.00,13.92,world
1193.75,2026-08-31 05:33:00,339.20,5.75,3752.32,-149.4,the_tether_relay,7.71,clear,21.942,6.294,0.00,13.92,world
1194.25,2026-08-31 05:33:01,339.20,5.75,3752.32,-149.4,the_tether_relay,7.73,clear,17.874,5.624,0.00,13.92,world
1194.75,2026-08-31 05:33:01,339.20,5.75,3752.32,-80.4,the_tether_relay,7.75,clear,17.874,5.624,0.00,13.92,world
1195.25,2026-08-31 05:33:02,339.20,5.75,3752.32,-75.8,the_tether_relay,7.77,clear,20.302,11.847,0.00,13.92,world
1195.75,2026-08-31 05:33:02,339.20,5.75,3752.32,-149.4,the_tether_relay,7.79,clear,20.302,11.847,0.00,13.92,world
1196.25,2026-08-31 05:33:03,339.20,5.75,3752.32,-149.4,the_tether_relay,7.81,clear,20.302,11.847,0.00,13.92,world
1196.75,2026-08-31 05:33:03,339.20,5.75,3752.32,-80.4,the_tether_relay,7.83,clear,18.454,5.612,0.00,13.92,world
1197.25,2026-08-31 05:33:04,339.20,5.75,3752.32,-75.8,the_tether_relay,7.85,clear,18.454,5.612,0.00,13.92,world
1197.75,2026-08-31 05:33:04,339.20,5.75,3752.32,-149.4,the_tether_relay,7.87,clear,19.059,6.431,0.00,13.92,world
1198.25,2026-08-31 05:33:05,339.20,5.75,3752.32,-149.4,the_tether_relay,7.89,clear,19.059,6.431,0.00,13.92,world
1198.75,2026-08-31 05:33:05,339.20,5.75,3752.32,-80.4,the_tether_relay,7.91,clear,17.553,5.286,0.00,13.92,world
1199.25,2026-08-31 05:33:06,339.20,5.75,3752.32,-75.8,the_tether_relay,7.93,clear,19.198,8.001,0.00,13.92,world
1199.75,2026-08-31 05:33:06,339.20,5.75,3752.32,-149.4,the_tether_relay,7.95,clear,19.198,8.001,0.00,13.92,world
1200.25,2026-08-31 05:33:07,339.20,5.75,3752.32,-149.4,the_tether_relay,7.97,clear,18.721,5.308,0.00,13.92,world
1200.75,2026-08-31 05:33:07,339.20,5.75,3752.32,-80.4,the_tether_relay,7.99,clear,18.721,5.308,0.00,13.92,world
1201.25,2026-08-31 05:33:08,339.20,5.75,3752.32,-75.8,the_tether_relay,8.01,clear,18.721,5.308,0.00,13.92,world
1201.75,2026-08-31 05:33:08,339.20,5.75,3752.32,-149.4,the_tether_relay,8.03,clear,18.596,5.769,0.00,13.92,world
1202.25,2026-08-31 05:33:09,339.20,5.75,3752.32,-149.4,the_tether_relay,8.05,clear,18.915,6.339,0.00,13.92,world
1202.75,2026-08-31 05:33:09,339.20,5.75,3752.32,-80.4,the_tether_relay,8.07,clear,18.915,6.339,0.00,13.92,world
1203.25,2026-08-31 05:33:10,339.20,5.75,3752.32,-75.8,the_tether_relay,8.09,clear,17.813,5.671,0.00,13.92,world
1203.75,2026-08-31 05:33:10,339.20,5.75,3752.32,-149.4,the_tether_relay,8.11,clear,17.813,5.671,0.00,13.92,world
1204.25,2026-08-31 05:33:11,339.20,5.75,3752.32,-149.4,the_tether_relay,8.13,clear,17.635,5.425,0.00,13.92,world
1204.75,2026-08-31 05:33:11,339.20,5.75,3752.32,-80.4,the_tether_relay,8.15,clear,17.635,5.425,0.00,13.92,world
1205.25,2026-08-31 05:33:12,339.20,5.75,3752.32,-75.8,the_tether_relay,8.17,clear,17.635,5.425,0.00,13.92,world
1205.75,2026-08-31 05:33:12,339.20,5.75,3752.32,-149.4,the_tether_relay,8.19,clear,18.205,6.134,0.00,13.92,world
1206.25,2026-08-31 05:33:13,339.20,5.75,3752.32,-149.4,the_tether_relay,8.21,clear,20.303,6.286,0.00,13.92,world
1206.75,2026-08-31 05:33:13,339.20,5.75,3752.32,-80.4,the_tether_relay,8.23,clear,20.303,6.286,0.00,13.92,world
1207.25,2026-08-31 05:33:14,339.20,5.75,3752.32,-75.8,the_tether_relay,8.25,clear,20.303,6.286,0.00,13.92,world
1207.75,2026-08-31 05:33:14,339.20,5.75,3752.32,-149.4,the_tether_relay,8.27,clear,17.787,5.620,0.00,13.92,world
1208.25,2026-08-31 05:33:15,339.20,5.75,3752.32,-149.4,the_tether_relay,8.29,clear,17.787,5.620,0.00,13.92,world
1208.75,2026-08-31 05:33:15,339.20,5.75,3752.32,-80.4,the_tether_relay,8.31,clear,31.424,15.778,0.00,13.92,world
1209.25,2026-08-31 05:33:16,339.20,5.75,3752.32,-75.8,the_tether_relay,8.33,clear,18.896,5.800,0.00,13.92,world
1209.75,2026-08-31 05:33:16,339.20,5.75,3752.32,-149.4,the_tether_relay,8.35,clear,18.896,5.800,0.00,13.92,world
1210.25,2026-08-31 05:33:17,339.20,5.75,3752.32,-149.4,the_tether_relay,8.37,clear,18.896,5.800,0.00,13.92,world
1210.75,2026-08-31 05:33:17,339.20,5.75,3752.32,-80.4,the_tether_relay,8.39,clear,19.000,5.745,0.00,13.92,world
1211.25,2026-08-31 05:33:18,339.20,5.75,3752.32,-75.8,the_tether_relay,8.41,clear,19.403,5.954,0.00,13.92,world
1211.75,2026-08-31 05:33:18,339.20,5.75,3752.32,-149.4,the_tether_relay,8.43,clear,19.403,5.954,0.00,13.92,world
1212.25,2026-08-31 05:33:19,339.20,5.75,3752.32,-149.4,the_tether_relay,8.45,clear,19.403,5.954,0.00,13.92,world
1212.75,2026-08-31 05:33:19,339.20,5.75,3752.32,-80.4,the_tether_relay,8.47,clear,17.970,5.540,0.00,13.92,world
1213.25,2026-08-31 05:33:20,339.20,5.75,3752.32,-75.8,the_tether_relay,8.49,clear,17.996,6.071,0.00,13.92,world
1213.75,2026-08-31 05:33:20,339.20,5.75,3752.32,-149.4,the_tether_relay,8.51,clear,17.996,6.071,0.00,13.92,world
1214.25,2026-08-31 05:33:21,339.20,5.75,3752.32,-149.4,the_tether_relay,8.53,clear,17.996,6.071,0.00,13.92,world
1214.75,2026-08-31 05:33:21,339.20,5.75,3752.32,-80.4,the_tether_relay,8.55,clear,18.620,6.190,0.00,13.92,world
1215.25,2026-08-31 05:33:22,339.20,5.75,3752.32,-75.8,the_tether_relay,8.57,clear,18.620,6.190,0.00,13.92,world
1215.75,2026-08-31 05:33:22,339.20,5.75,3752.32,-149.4,the_tether_relay,8.59,clear,18.646,5.610,0.00,13.92,world
1216.25,2026-08-31 05:33:23,339.20,5.75,3752.32,-149.4,the_tether_relay,8.61,clear,18.732,5.502,0.00,13.92,world
1216.75,2026-08-31 05:33:23,339.20,5.75,3752.32,-80.4,the_tether_relay,8.63,clear,18.732,5.502,0.00,13.92,world
1217.25,2026-08-31 05:33:24,339.20,5.75,3752.32,-75.8,the_tether_relay,8.65,clear,18.732,5.502,0.00,13.92,world
1217.75,2026-08-31 05:33:24,339.20,5.75,3752.32,-149.4,the_tether_relay,8.67,clear,20.086,6.526,0.00,13.92,world
1218.25,2026-08-31 05:33:25,339.20,5.75,3752.32,-149.4,the_tether_relay,8.69,clear,18.306,5.322,0.00,13.92,world
1218.75,2026-08-31 05:33:25,339.20,5.75,3752.32,-80.4,the_tether_relay,8.71,clear,18.306,5.322,0.00,13.92,world
1219.25,2026-08-31 05:33:26,339.20,5.75,3752.32,-75.8,the_tether_relay,8.73,clear,17.696,5.403,0.00,13.92,world
1219.75,2026-08-31 05:33:26,339.20,5.75,3752.32,-149.4,the_tether_relay,8.75,clear,17.696,5.403,0.00,13.92,world
1220.25,2026-08-31 05:33:27,339.20,5.75,3752.32,-149.4,the_tether_relay,8.77,clear,19.154,6.253,0.00,13.92,world
1220.75,2026-08-31 05:33:27,339.20,5.75,3752.32,-80.4,the_tether_relay,8.79,clear,19.154,6.253,0.00,13.92,world
1221.25,2026-08-31 05:33:28,339.20,5.75,3752.32,-75.8,the_tether_relay,8.81,clear,18.867,5.728,0.00,13.92,world
1221.75,2026-08-31 05:33:28,339.20,5.75,3752.32,-149.4,the_tether_relay,8.83,clear,18.867,5.728,0.00,13.92,world
1222.25,2026-08-31 05:33:29,339.20,5.75,3752.32,-149.4,the_tether_relay,8.85,clear,18.867,5.728,0.00,13.92,world
1222.75,2026-08-31 05:33:29,339.20,5.75,3752.32,-80.4,the_tether_relay,8.87,clear,20.050,6.855,0.00,13.92,world
1223.25,2026-08-31 05:33:30,339.20,5.75,3752.32,-75.8,the_tether_relay,8.89,clear,20.868,37.179,0.00,13.92,world
1223.75,2026-08-31 05:33:30,339.20,5.75,3752.32,-149.4,the_tether_relay,8.91,clear,20.868,37.179,0.00,13.92,world
1224.25,2026-08-31 05:33:31,339.20,5.75,3752.32,-149.4,the_tether_relay,8.93,clear,18.289,6.256,0.00,13.92,world
1224.75,2026-08-31 05:33:31,339.20,5.75,3752.32,-80.4,the_tether_relay,8.95,clear,18.289,6.256,0.00,13.92,world
1225.25,2026-08-31 05:33:32,339.20,5.75,3752.32,-75.8,the_tether_relay,8.97,clear,18.289,6.256,0.00,13.92,world
1225.75,2026-08-31 05:33:32,339.20,5.75,3752.32,-149.4,the_tether_relay,8.99,clear,18.508,5.933,0.00,13.92,world
1226.25,2026-08-31 05:33:33,339.20,5.75,3752.32,-149.4,the_tether_relay,9.01,clear,18.508,5.933,0.00,13.92,world
1226.75,2026-08-31 05:33:33,339.20,5.75,3752.32,-80.4,the_tether_relay,9.03,clear,17.626,5.542,0.00,13.92,world
1227.25,2026-08-31 05:33:34,339.20,5.75,3752.32,-75.8,the_tether_relay,9.05,clear,17.626,5.542,0.00,13.92,world
1227.75,2026-08-31 05:33:34,339.20,5.75,3752.32,-149.4,the_tether_relay,9.07,clear,18.297,6.086,0.00,13.92,world
1228.25,2026-08-31 05:33:35,339.20,5.75,3752.32,-149.4,the_tether_relay,9.09,clear,18.388,5.429,0.00,13.92,world
1228.75,2026-08-31 05:33:35,339.20,5.75,3752.32,-80.4,the_tether_relay,9.11,clear,18.388,5.429,0.00,13.92,world
1229.25,2026-08-31 05:33:36,339.20,5.75,3752.32,-75.8,the_tether_relay,9.13,clear,18.388,5.429,0.00,13.92,world
1229.75,2026-08-31 05:33:36,339.20,5.75,3752.32,-149.4,the_tether_relay,9.15,clear,20.566,5.765,0.00,13.92,world
1230.25,2026-08-31 05:33:37,339.20,5.75,3752.32,-149.4,the_tether_relay,9.17,clear,20.566,5.765,0.00,13.92,world
1230.75,2026-08-31 05:33:37,339.20,5.75,3752.32,-80.4,the_tether_relay,9.19,clear,20.400,5.947,0.00,13.92,world
1231.25,2026-08-31 05:33:38,339.20,5.75,3752.32,-75.8,the_tether_relay,9.21,clear,21.144,7.354,0.00,13.92,world
1231.75,2026-08-31 05:33:38,339.20,5.75,3752.32,-149.4,the_tether_relay,9.23,clear,21.144,7.354,0.00,13.92,world
1232.25,2026-08-31 05:33:39,339.20,5.75,3752.32,-149.4,the_tether_relay,9.25,clear,21.144,7.354,0.00,13.92,world
1232.75,2026-08-31 05:33:39,339.20,5.75,3752.32,-80.4,the_tether_relay,9.27,clear,18.839,5.759,0.00,13.92,world
1233.25,2026-08-31 05:33:40,339.20,5.75,3752.32,-75.8,the_tether_relay,9.29,clear,18.839,5.759,0.00,13.92,world
1233.75,2026-08-31 05:33:40,339.20,5.75,3752.32,-149.4,the_tether_relay,9.31,clear,19.378,5.721,0.00,13.92,world
1234.25,2026-08-31 05:33:41,339.20,5.75,3752.32,-149.4,the_tether_relay,9.33,clear,17.522,5.416,0.00,13.92,world
1234.75,2026-08-31 05:33:41,339.20,5.75,3752.32,-80.4,the_tether_relay,9.35,clear,17.522,5.416,0.00,13.92,world
1235.25,2026-08-31 05:33:42,339.20,5.75,3752.32,-75.8,the_tether_relay,9.37,clear,17.522,5.416,0.00,13.92,world
1235.75,2026-08-31 05:33:42,339.20,5.75,3752.32,-149.4,the_tether_relay,9.39,clear,18.365,5.960,0.00,13.92,world
1236.25,2026-08-31 05:33:43,339.20,5.75,3752.32,-149.4,the_tether_relay,9.41,clear,18.365,5.960,0.00,13.92,world
1236.75,2026-08-31 05:33:43,339.20,5.75,3752.32,-80.4,the_tether_relay,9.43,clear,17.775,5.722,0.00,13.92,world
1237.25,2026-08-31 05:33:44,339.20,5.75,3752.32,-75.8,the_tether_relay,9.45,clear,18.977,5.383,0.00,13.92,world
1237.75,2026-08-31 05:33:44,339.20,5.75,3752.32,-149.4,the_tether_relay,9.47,clear,18.977,5.383,0.00,13.92,world
1238.25,2026-08-31 05:33:45,339.20,5.75,3752.32,-149.4,the_tether_relay,9.49,clear,22.941,6.564,0.00,13.92,world
1238.75,2026-08-31 05:33:45,339.20,5.75,3752.32,-80.4,the_tether_relay,9.51,clear,22.941,6.564,0.00,13.92,world
1239.25,2026-08-31 05:33:46,339.20,5.75,3752.32,-75.8,the_tether_relay,9.53,clear,22.941,6.564,0.00,13.92,world
1239.75,2026-08-31 05:33:46,339.20,5.75,3752.32,-149.4,the_tether_relay,9.55,clear,20.489,5.429,0.00,13.92,world
1240.25,2026-08-31 05:33:47,339.20,5.75,3752.32,-149.4,the_tether_relay,9.57,clear,20.489,5.429,0.00,13.92,world
1240.75,2026-08-31 05:33:47,339.20,5.75,3752.32,-80.4,the_tether_relay,9.59,clear,20.506,5.632,0.00,13.92,world
1241.25,2026-08-31 05:33:48,339.20,5.75,3752.32,-75.8,the_tether_relay,9.61,clear,20.506,5.632,0.00,13.92,world
1241.75,2026-08-31 05:33:48,339.20,5.75,3752.32,-149.4,the_tether_relay,9.63,clear,18.022,5.994,0.00,13.92,world
1242.25,2026-08-31 05:33:49,339.20,5.75,3752.32,-149.4,the_tether_relay,9.65,clear,18.022,5.994,0.00,13.92,world
1242.75,2026-08-31 05:33:49,339.20,5.75,3752.32,-80.4,the_tether_relay,9.67,clear,17.373,5.687,0.00,13.92,world
1243.25,2026-08-31 05:33:50,339.20,5.75,3752.32,-75.8,the_tether_relay,9.69,clear,17.373,5.687,0.00,13.92,world
1243.75,2026-08-31 05:33:50,339.20,5.75,3752.32,-149.4,the_tether_relay,9.71,clear,18.473,5.543,0.00,13.92,world
1244.25,2026-08-31 05:33:51,339.20,5.75,3752.32,-149.4,the_tether_relay,9.73,clear,18.473,5.543,0.00,13.92,world
1244.75,2026-08-31 05:33:51,339.20,5.75,3752.32,-80.4,the_tether_relay,9.75,clear,18.837,5.379,0.00,13.92,world
1245.25,2026-08-31 05:33:51,339.20,5.75,3752.32,-75.8,the_tether_relay,9.77,clear,18.837,5.379,0.00,13.92,world
1245.75,2026-08-31 05:33:52,339.20,5.75,3752.32,-149.4,the_tether_relay,9.79,clear,17.740,5.218,0.00,13.92,world
1246.25,2026-08-31 05:33:52,339.20,5.75,3752.32,-149.4,the_tether_relay,9.81,clear,17.740,5.218,0.00,13.92,world
1246.75,2026-08-31 05:33:53,339.20,5.75,3752.32,-80.4,the_tether_relay,9.83,clear,17.676,5.305,0.00,13.92,world
1247.25,2026-08-31 05:33:53,339.20,5.75,3752.32,-75.8,the_tether_relay,9.85,clear,17.676,5.305,0.00,13.92,world
1247.75,2026-08-31 05:33:54,339.20,5.75,3752.32,-149.4,the_tether_relay,9.87,clear,19.033,5.807,0.00,13.92,world
1248.25,2026-08-31 05:33:54,339.20,5.75,3752.32,-149.4,the_tether_relay,9.89,clear,19.033,5.807,0.00,13.92,world
1248.75,2026-08-31 05:33:55,339.20,5.75,3752.32,-80.4,the_tether_relay,9.91,clear,18.307,6.570,0.00,13.92,world
1249.25,2026-08-31 05:33:55,339.20,5.75,3752.32,-75.8,the_tether_relay,9.93,clear,18.307,6.570,0.00,13.92,world
1249.75,2026-08-31 05:33:56,339.20,5.75,3752.32,-149.4,the_tether_relay,9.95,clear,17.515,5.297,0.00,13.92,world
1250.25,2026-08-31 05:33:56,339.20,5.75,3752.32,-149.4,the_tether_relay,9.97,clear,17.515,5.297,0.00,13.92,world
1250.75,2026-08-31 05:33:57,339.20,5.75,3752.32,-80.4,the_tether_relay,9.99,clear,20.169,7.909,0.00,13.92,world
1251.25,2026-08-31 05:33:57,339.20,5.75,3752.32,-75.8,the_tether_relay,10.01,clear,20.169,7.909,0.00,13.92,world
1251.75,2026-08-31 05:33:58,339.20,5.75,3752.32,-149.4,the_tether_relay,10.03,clear,18.341,6.390,0.00,13.92,world
1252.25,2026-08-31 05:33:58,339.20,5.75,3752.32,-149.4,the_tether_relay,10.05,clear,18.341,6.390,0.00,13.92,world
1252.75,2026-08-31 05:33:59,339.20,5.75,3752.32,-80.4,the_tether_relay,10.07,clear,17.733,5.928,0.00,13.92,world
1253.25,2026-08-31 05:34:00,339.20,5.75,3752.32,-75.8,the_tether_relay,10.09,clear,17.733,5.928,0.00,13.92,world
1253.75,2026-08-31 05:34:00,339.20,5.75,3752.32,-149.4,the_tether_relay,10.11,clear,17.861,5.281,0.00,13.92,world
1254.25,2026-08-31 05:34:01,339.20,5.75,3752.32,-149.4,the_tether_relay,10.13,clear,17.861,5.281,0.00,13.92,world
1254.75,2026-08-31 05:34:01,339.20,5.75,3752.32,-80.4,the_tether_relay,10.15,clear,18.721,6.032,0.00,13.92,world
1255.25,2026-08-31 05:34:02,339.20,5.75,3752.32,-75.8,the_tether_relay,10.17,clear,18.721,6.032,0.00,13.92,world
1255.75,2026-08-31 05:34:02,339.20,5.75,3752.32,-149.4,the_tether_relay,10.19,clear,19.013,39.341,0.00,13.92,world
1256.25,2026-08-31 05:34:03,339.20,5.75,3752.32,-149.4,the_tether_relay,10.21,clear,19.013,39.341,0.00,13.92,world
1256.75,2026-08-31 05:34:03,339.20,5.75,3752.32,-80.4,the_tether_relay,10.23,clear,19.039,5.752,0.00,13.92,world
1257.25,2026-08-31 05:34:04,339.20,5.75,3752.32,-75.8,the_tether_relay,10.25,clear,20.347,5.577,0.00,13.92,world
1257.75,2026-08-31 05:34:04,339.20,5.75,3752.32,-149.4,the_tether_relay,10.27,clear,20.347,5.577,0.00,13.92,world
1258.25,2026-08-31 05:34:05,339.20,5.75,3752.32,-149.4,the_tether_relay,10.29,clear,18.651,5.756,0.00,13.92,world
1258.75,2026-08-31 05:34:05,339.20,5.75,3752.32,-80.4,the_tether_relay,10.31,clear,18.651,5.756,0.00,13.92,world
1259.25,2026-08-31 05:34:06,339.20,5.75,3752.32,-75.8,the_tether_relay,10.33,clear,18.496,5.838,0.00,13.92,world
1259.75,2026-08-31 05:34:06,339.20,5.75,3752.32,-149.4,the_tether_relay,10.35,clear,18.496,5.838,0.00,13.92,world
1260.25,2026-08-31 05:34:07,339.20,5.75,3752.32,-149.4,the_tether_relay,10.37,clear,40.251,5.618,0.00,13.92,world
1260.75,2026-08-31 05:34:07,339.20,5.75,3752.32,-80.4,the_tether_relay,10.39,clear,40.251,5.618,0.00,13.92,world
1261.25,2026-08-31 05:34:08,339.20,5.75,3752.32,-75.8,the_tether_relay,10.41,clear,18.099,5.854,0.00,13.92,world
1261.75,2026-08-31 05:34:08,339.20,5.75,3752.32,-149.4,the_tether_relay,10.43,clear,18.099,5.854,0.00,13.92,world
1262.25,2026-08-31 05:34:09,339.20,5.75,3752.32,-149.4,the_tether_relay,10.45,clear,21.071,6.325,0.00,13.92,world
1262.75,2026-08-31 05:34:09,339.20,5.75,3752.32,-80.4,the_tether_relay,10.47,clear,21.071,6.325,0.00,13.92,world
1263.25,2026-08-31 05:34:10,339.20,5.75,3752.32,-75.8,the_tether_relay,10.49,clear,21.071,6.325,0.00,13.92,world
1263.75,2026-08-31 05:34:10,339.20,5.75,3752.32,-149.4,the_tether_relay,10.51,clear,20.359,5.868,0.00,13.92,world
1264.25,2026-08-31 05:34:11,339.20,5.75,3752.32,-149.4,the_tether_relay,10.53,clear,18.683,5.232,0.00,13.92,world
1264.75,2026-08-31 05:34:11,339.20,5.75,3752.32,-80.4,the_tether_relay,10.55,clear,18.683,5.232,0.00,13.92,world
1265.25,2026-08-31 05:34:12,339.20,5.75,3752.32,-75.8,the_tether_relay,10.57,clear,27.731,5.278,0.00,13.92,world
1265.75,2026-08-31 05:34:12,339.20,5.75,3752.32,-149.4,the_tether_relay,10.59,clear,27.731,5.278,0.00,13.92,world
1266.25,2026-08-31 05:34:13,339.20,5.75,3752.32,-149.4,the_tether_relay,10.61,clear,22.957,6.077,0.00,13.92,world
1266.75,2026-08-31 05:34:13,339.20,5.75,3752.32,-80.4,the_tether_relay,10.63,clear,22.957,6.077,0.00,13.92,world
1267.25,2026-08-31 05:34:14,339.20,5.75,3752.32,-75.8,the_tether_relay,10.65,clear,22.379,6.286,0.00,13.92,world
1267.75,2026-08-31 05:34:14,339.20,5.75,3752.32,-149.4,the_tether_relay,10.67,clear,22.379,6.286,0.00,13.92,world
1268.25,2026-08-31 05:34:15,339.20,5.75,3752.32,-149.4,the_tether_relay,10.69,clear,22.379,6.286,0.00,13.92,world
1268.75,2026-08-31 05:34:15,339.20,5.75,3752.32,-80.4,the_tether_relay,10.71,clear,28.031,7.101,0.00,13.92,world
1269.25,2026-08-31 05:34:16,339.20,5.75,3752.32,-75.8,the_tether_relay,10.73,clear,28.031,7.101,0.00,13.92,world
1269.75,2026-08-31 05:34:16,339.20,5.75,3752.32,-149.4,the_tether_relay,10.75,clear,19.463,6.155,0.00,13.92,world
1270.25,2026-08-31 05:34:17,339.20,5.75,3752.32,-149.4,the_tether_relay,10.77,clear,18.063,6.032,0.00,13.92,world
1270.75,2026-08-31 05:34:17,339.20,5.75,3752.32,-80.4,the_tether_relay,10.79,clear,18.063,6.032,0.00,13.92,world
1271.25,2026-08-31 05:34:18,339.20,5.75,3752.32,-75.8,the_tether_relay,10.81,clear,18.585,5.287,0.00,13.92,world
1271.75,2026-08-31 05:34:18,339.20,5.75,3752.32,-149.4,the_tether_relay,10.83,clear,18.585,5.287,0.00,13.92,world
1272.25,2026-08-31 05:34:19,339.20,5.75,3752.32,-149.4,the_tether_relay,10.85,clear,18.585,5.287,0.00,13.92,world
1272.75,2026-08-31 05:34:19,339.20,5.75,3752.32,-80.4,the_tether_relay,10.87,clear,17.205,5.807,0.00,13.92,world
1273.25,2026-08-31 05:34:20,339.20,5.75,3752.32,-75.8,the_tether_relay,10.89,clear,18.587,5.607,0.00,13.92,world
1273.75,2026-08-31 05:34:20,339.20,5.75,3752.32,-149.4,the_tether_relay,10.91,clear,18.587,5.607,0.00,13.92,world
1274.25,2026-08-31 05:34:21,339.20,5.75,3752.32,-149.4,the_tether_relay,10.93,clear,20.363,5.567,0.00,13.92,world
1274.75,2026-08-31 05:34:21,339.20,5.75,3752.32,-80.4,the_tether_relay,10.95,clear,20.363,5.567,0.00,13.92,world
1275.25,2026-08-31 05:34:22,339.20,5.75,3752.32,-75.8,the_tether_relay,10.97,clear,18.995,5.693,0.00,13.92,world
1275.75,2026-08-31 05:34:22,339.20,5.75,3752.32,-149.4,the_tether_relay,10.99,clear,18.995,5.693,0.00,13.92,world
1276.25,2026-08-31 05:34:23,339.20,5.75,3752.32,-149.4,the_tether_relay,11.01,clear,19.557,6.513,0.00,13.92,world
1276.75,2026-08-31 05:34:23,339.20,5.75,3752.32,-80.4,the_tether_relay,11.03,clear,19.557,6.513,0.00,13.92,world
1277.25,2026-08-31 05:34:24,339.20,5.75,3752.32,-75.8,the_tether_relay,11.05,clear,19.557,6.513,0.00,13.92,world
1277.75,2026-08-31 05:34:24,339.20,5.75,3752.32,-149.4,the_tether_relay,11.07,clear,32.286,7.106,0.00,13.92,world
1278.25,2026-08-31 05:34:25,339.20,5.75,3752.32,-149.4,the_tether_relay,11.09,clear,32.286,7.106,0.00,13.92,world
1278.75,2026-08-31 05:34:25,339.20,5.75,3752.32,-80.4,the_tether_relay,11.11,clear,20.211,6.157,0.00,13.92,world
1279.25,2026-08-31 05:34:26,339.20,5.75,3752.32,-75.8,the_tether_relay,11.13,clear,20.507,6.245,0.00,13.92,world
1279.75,2026-08-31 05:34:26,339.20,5.75,3752.32,-149.4,the_tether_relay,11.15,clear,20.507,6.245,0.00,13.92,world
1280.25,2026-08-31 05:34:27,339.20,5.75,3752.32,-149.4,the_tether_relay,11.17,clear,19.786,6.100,0.00,13.92,world
1280.75,2026-08-31 05:34:27,339.20,5.75,3752.32,-80.4,the_tether_relay,11.19,clear,19.786,6.100,0.00,13.92,world
1281.25,2026-08-31 05:34:28,339.20,5.75,3752.32,-75.8,the_tether_relay,11.21,clear,20.078,6.437,0.00,13.92,world
1281.75,2026-08-31 05:34:28,339.20,5.75,3752.32,-149.4,the_tether_relay,11.23,clear,20.078,6.437,0.00,13.92,world
1282.25,2026-08-31 05:34:29,339.20,5.75,3752.32,-149.4,the_tether_relay,11.25,clear,19.930,5.846,0.00,13.92,world
1282.75,2026-08-31 05:34:29,339.20,5.75,3752.32,-80.4,the_tether_relay,11.27,clear,19.930,5.846,0.00,13.92,world
1283.25,2026-08-31 05:34:30,339.20,5.75,3752.32,-75.8,the_tether_relay,11.29,clear,19.928,5.677,0.00,13.92,world
1283.75,2026-08-31 05:34:30,339.20,5.75,3752.32,-149.4,the_tether_relay,11.31,clear,19.928,5.677,0.00,13.92,world
1284.25,2026-08-31 05:34:31,339.20,5.75,3752.32,-149.4,the_tether_relay,11.33,clear,21.069,6.244,0.00,13.92,world
1284.75,2026-08-31 05:34:31,339.20,5.75,3752.32,-80.4,the_tether_relay,11.35,clear,21.069,6.244,0.00,13.92,world
1285.25,2026-08-31 05:34:32,339.20,5.75,3752.32,-75.8,the_tether_relay,11.37,clear,21.069,6.244,0.00,13.92,world
1285.75,2026-08-31 05:34:32,339.20,5.75,3752.32,-149.4,the_tether_relay,11.39,clear,18.521,5.491,0.00,13.92,world
1286.25,2026-08-31 05:34:33,339.20,5.75,3752.32,-149.4,the_tether_relay,11.41,clear,17.578,5.114,0.00,13.92,world
1286.75,2026-08-31 05:34:33,339.20,5.75,3752.32,-80.4,the_tether_relay,11.43,clear,17.578,5.114,0.00,13.92,world
1287.25,2026-08-31 05:34:34,339.20,5.75,3752.32,-75.8,the_tether_relay,11.45,clear,17.578,5.114,0.00,13.92,world
1287.75,2026-08-31 05:34:34,339.20,5.75,3752.32,-149.4,the_tether_relay,11.47,clear,19.683,5.474,0.00,13.92,world
1288.25,2026-08-31 05:34:35,339.20,5.75,3752.32,-149.4,the_tether_relay,11.49,clear,18.231,5.476,0.00,13.92,world
1288.75,2026-08-31 05:34:35,339.20,5.75,3752.32,-80.4,the_tether_relay,11.51,clear,18.231,5.476,0.00,13.92,world
1289.25,2026-08-31 05:34:36,339.20,5.75,3752.32,-75.8,the_tether_relay,11.53,clear,18.231,5.476,0.00,13.92,world
1289.75,2026-08-31 05:34:36,339.20,5.75,3752.32,-149.4,the_tether_relay,11.55,clear,25.665,8.989,0.00,13.92,world
1290.25,2026-08-31 05:34:37,339.20,5.75,3752.32,-149.4,the_tether_relay,11.57,clear,25.665,8.989,0.00,13.92,world
1290.75,2026-08-31 05:34:37,339.20,5.75,3752.32,-80.4,the_tether_relay,11.59,clear,23.462,11.407,0.00,13.92,world
1291.25,2026-08-31 05:34:38,339.20,5.75,3752.32,-75.8,the_tether_relay,11.61,clear,23.462,11.407,0.00,13.92,world
1291.75,2026-08-31 05:34:38,339.20,5.75,3752.32,-149.4,the_tether_relay,11.63,clear,23.382,7.130,0.00,13.92,world
1292.25,2026-08-31 05:34:39,339.20,5.75,3752.32,-149.4,the_tether_relay,11.65,clear,23.382,7.130,0.00,13.92,world
1292.75,2026-08-31 05:34:39,339.20,5.75,3752.32,-80.4,the_tether_relay,11.67,clear,24.163,6.184,0.00,13.92,world
1293.25,2026-08-31 05:34:40,339.20,5.75,3752.32,-75.8,the_tether_relay,11.69,clear,24.163,6.184,0.00,13.92,world
1293.75,2026-08-31 05:34:40,339.20,5.75,3752.32,-149.4,the_tether_relay,11.71,clear,18.036,5.572,0.00,13.92,world
1294.25,2026-08-31 05:34:41,339.20,5.75,3752.32,-149.4,the_tether_relay,11.73,clear,19.880,5.902,0.00,13.92,world
1294.75,2026-08-31 05:34:41,339.20,5.75,3752.32,-80.4,the_tether_relay,11.75,clear,19.880,5.902,0.00,13.92,world
1295.25,2026-08-31 05:34:42,339.20,5.75,3752.32,-75.8,the_tether_relay,11.77,clear,26.163,6.681,0.00,13.92,world
1295.75,2026-08-31 05:34:42,339.20,5.75,3752.32,-149.4,the_tether_relay,11.79,clear,26.163,6.681,0.00,13.92,world
1296.25,2026-08-31 05:34:43,339.20,5.75,3752.32,-149.4,the_tether_relay,11.81,clear,18.505,5.179,0.00,13.92,world
1296.75,2026-08-31 05:34:43,339.20,5.75,3752.32,-80.4,the_tether_relay,11.83,clear,18.505,5.179,0.00,13.92,world
1297.25,2026-08-31 05:34:44,339.20,5.75,3752.32,-75.8,the_tether_relay,11.85,clear,19.733,6.424,0.00,13.92,world
1297.75,2026-08-31 05:34:44,339.20,5.75,3752.32,-149.4,the_tether_relay,11.87,clear,19.733,6.424,0.00,13.92,world
1298.25,2026-08-31 05:34:45,339.20,5.75,3752.32,-149.4,the_tether_relay,11.89,clear,19.733,6.424,0.00,13.92,world
1298.75,2026-08-31 05:34:45,339.20,5.75,3752.32,-80.4,the_tether_relay,11.91,clear,20.447,6.262,0.00,13.92,world
1299.25,2026-08-31 05:34:46,339.20,5.75,3752.32,-75.8,the_tether_relay,11.93,clear,19.252,5.842,0.00,13.92,world
1299.75,2026-08-31 05:34:46,339.20,5.75,3752.32,-149.4,the_tether_relay,11.95,clear,19.252,5.842,0.00,13.92,world
1300.25,2026-08-31 05:34:47,339.20,5.75,3752.32,-149.4,the_tether_relay,11.97,clear,19.631,5.633,0.00,13.92,world
1300.75,2026-08-31 05:34:47,339.20,5.75,3752.32,-80.4,the_tether_relay,11.99,clear,19.631,5.633,0.00,13.92,world
1301.25,2026-08-31 05:34:48,339.20,5.75,3752.32,-75.8,the_tether_relay,12.01,clear,19.631,5.633,0.00,13.92,world
1301.75,2026-08-31 05:34:48,339.20,5.75,3752.32,-149.4,the_tether_relay,12.03,clear,21.294,6.387,0.00,13.92,world
1302.25,2026-08-31 05:34:49,339.20,5.75,3752.32,-149.4,the_tether_relay,12.05,clear,20.875,7.090,0.00,13.92,world
1302.75,2026-08-31 05:34:49,339.20,5.75,3752.32,-80.4,the_tether_relay,12.07,clear,20.875,7.090,0.00,13.92,world
1303.25,2026-08-31 05:34:50,339.20,5.75,3752.32,-75.8,the_tether_relay,12.09,clear,20.875,7.090,0.00,13.92,world
1303.75,2026-08-31 05:34:50,339.20,5.75,3752.32,-149.4,the_tether_relay,12.11,clear,19.888,5.906,0.00,13.92,world
1304.25,2026-08-31 05:34:51,339.20,5.75,3752.32,-149.4,the_tether_relay,12.13,clear,19.888,5.906,0.00,13.92,world
1304.75,2026-08-31 05:34:51,339.20,5.75,3752.32,-80.4,the_tether_relay,12.15,clear,21.577,5.902,0.00,13.92,world
1305.25,2026-08-31 05:34:52,339.20,5.75,3752.32,-75.8,the_tether_relay,12.17,clear,19.114,5.912,0.00,13.92,world
1305.75,2026-08-31 05:34:52,339.20,5.75,3752.32,-149.4,the_tether_relay,12.19,clear,19.114,5.912,0.00,13.92,world
1306.25,2026-08-31 05:34:53,339.20,5.75,3752.32,-149.4,the_tether_relay,12.21,clear,19.275,5.656,0.00,13.92,world
1306.75,2026-08-31 05:34:53,339.20,5.75,3752.32,-80.4,the_tether_relay,12.23,clear,19.275,5.656,0.00,13.92,world
1307.25,2026-08-31 05:34:54,339.20,5.75,3752.32,-75.8,the_tether_relay,12.25,clear,17.924,10.267,0.00,13.92,world
1307.75,2026-08-31 05:34:54,339.20,5.75,3752.32,-149.4,the_tether_relay,12.27,clear,17.924,10.267,0.00,13.92,world
1308.25,2026-08-31 05:34:55,339.20,5.75,3752.32,-149.4,the_tether_relay,12.29,clear,17.924,10.267,0.00,13.92,world
1308.75,2026-08-31 05:34:55,339.20,5.75,3752.32,-80.4,the_tether_relay,12.31,clear,17.709,5.793,0.00,13.92,world
1309.25,2026-08-31 05:34:56,339.20,5.75,3752.32,-75.8,the_tether_relay,12.33,clear,17.709,5.793,0.00,13.92,world
1309.75,2026-08-31 05:34:56,339.20,5.75,3752.32,-149.4,the_tether_relay,12.35,clear,18.980,5.733,0.00,13.92,world
1310.25,2026-08-31 05:34:57,339.20,5.75,3752.32,-149.4,the_tether_relay,12.37,clear,18.980,5.733,0.00,13.92,world
1310.75,2026-08-31 05:34:57,339.20,5.75,3752.32,-80.4,the_tether_relay,12.39,clear,18.578,5.480,0.00,13.92,world
1311.25,2026-08-31 05:34:58,339.20,5.75,3752.32,-75.8,the_tether_relay,12.41,clear,18.578,5.480,0.00,13.92,world
1311.75,2026-08-31 05:34:58,339.20,5.75,3752.32,-149.4,the_tether_relay,12.43,clear,20.161,5.505,0.00,13.92,world
1312.25,2026-08-31 05:34:59,339.20,5.75,3752.32,-149.4,the_tether_relay,12.45,clear,21.676,5.691,0.00,13.92,world
1312.75,2026-08-31 05:34:59,339.20,5.75,3752.32,-80.4,the_tether_relay,12.47,clear,21.676,5.691,0.00,13.92,world
1313.25,2026-08-31 05:35:00,339.20,5.75,3752.32,-75.8,the_tether_relay,12.49,clear,18.974,5.771,0.00,13.92,world
1313.75,2026-08-31 05:35:00,339.20,5.75,3752.32,-149.4,the_tether_relay,12.51,clear,18.974,5.771,0.00,13.92,world
1314.25,2026-08-31 05:35:01,339.20,5.75,3752.32,-149.4,the_tether_relay,12.53,clear,18.974,5.771,0.00,13.92,world
1314.75,2026-08-31 05:35:01,339.20,5.75,3752.32,-80.4,the_tether_relay,12.55,clear,17.776,5.709,0.00,13.92,world
1315.25,2026-08-31 05:35:02,339.20,5.75,3752.32,-75.8,the_tether_relay,12.57,clear,18.862,5.585,0.00,13.92,world
1315.75,2026-08-31 05:35:02,339.20,5.75,3752.32,-149.4,the_tether_relay,12.59,clear,18.862,5.585,0.00,13.92,world
1316.25,2026-08-31 05:35:03,339.20,5.75,3752.32,-149.4,the_tether_relay,12.61,clear,18.837,5.668,0.00,13.92,world
1316.75,2026-08-31 05:35:03,339.20,5.75,3752.32,-80.4,the_tether_relay,12.63,clear,18.837,5.668,0.00,13.92,world
1317.25,2026-08-31 05:35:04,339.20,5.75,3752.32,-75.8,the_tether_relay,12.65,clear,19.668,6.201,0.00,13.92,world
1317.75,2026-08-31 05:35:04,339.20,5.75,3752.32,-149.4,the_tether_relay,12.67,clear,19.668,6.201,0.00,13.92,world
1318.25,2026-08-31 05:35:05,339.20,5.75,3752.32,-149.4,the_tether_relay,12.69,clear,21.250,6.609,0.00,13.92,world
1318.75,2026-08-31 05:35:05,339.20,5.75,3752.32,-80.4,the_tether_relay,12.71,clear,21.250,6.609,0.00,13.92,world
1319.25,2026-08-31 05:35:06,339.20,5.75,3752.32,-75.8,the_tether_relay,12.73,clear,21.250,6.609,0.00,13.92,world
1319.75,2026-08-31 05:35:06,339.20,5.75,3752.32,-149.4,the_tether_relay,12.75,clear,18.815,6.547,0.00,13.92,world
1320.25,2026-08-31 05:35:07,339.20,5.75,3752.32,-149.4,the_tether_relay,12.77,clear,18.844,5.569,0.00,13.92,world
1320.75,2026-08-31 05:35:07,339.20,5.75,3752.32,-80.4,the_tether_relay,12.79,clear,18.844,5.569,0.00,13.92,world
1321.25,2026-08-31 05:35:08,339.20,5.75,3752.32,-75.8,the_tether_relay,12.81,clear,20.384,5.894,0.00,13.92,world
1321.75,2026-08-31 05:35:08,339.20,5.75,3752.32,-149.4,the_tether_relay,12.83,clear,20.384,5.894,0.00,13.92,world
1322.25,2026-08-31 05:35:09,339.20,5.75,3752.32,-149.4,the_tether_relay,12.85,clear,20.384,5.894,0.00,13.92,world
1322.75,2026-08-31 05:35:09,339.20,5.75,3752.32,-80.4,the_tether_relay,12.87,clear,17.734,5.493,0.00,13.92,world
1323.25,2026-08-31 05:35:10,339.20,5.75,3752.32,-75.8,the_tether_relay,12.89,clear,17.734,5.493,0.00,13.92,world
1323.75,2026-08-31 05:35:10,339.20,5.75,3752.32,-149.4,the_tether_relay,12.91,clear,22.788,6.325,0.00,13.92,world
1324.25,2026-08-31 05:35:11,339.20,5.75,3752.32,-149.4,the_tether_relay,12.93,clear,22.788,6.325,0.00,13.92,world
1324.75,2026-08-31 05:35:11,339.20,5.75,3752.32,-80.4,the_tether_relay,12.95,clear,17.953,5.356,0.00,13.92,world
1325.25,2026-08-31 05:35:12,339.20,5.75,3752.32,-75.8,the_tether_relay,12.97,clear,17.953,5.356,0.00,13.92,world
1325.75,2026-08-31 05:35:12,339.20,5.75,3752.32,-149.4,the_tether_relay,12.99,clear,17.676,5.339,0.00,13.92,world
1326.25,2026-08-31 05:35:13,339.20,5.75,3752.32,-149.4,the_tether_relay,13.01,clear,17.676,5.339,0.00,13.92,world
1326.75,2026-08-31 05:35:13,339.20,5.75,3752.32,-80.4,the_tether_relay,13.03,clear,17.624,5.830,0.00,13.92,world
1327.25,2026-08-31 05:35:14,339.20,5.75,3752.32,-75.8,the_tether_relay,13.05,clear,17.624,5.830,0.00,13.92,world
1327.75,2026-08-31 05:35:14,339.20,5.75,3752.32,-149.4,the_tether_relay,13.07,clear,17.686,5.505,0.00,13.92,world
1328.25,2026-08-31 05:35:15,339.20,5.75,3752.32,-149.4,the_tether_relay,13.09,clear,17.686,5.505,0.00,13.92,world
1328.75,2026-08-31 05:35:15,339.20,5.75,3752.32,-80.4,the_tether_relay,13.11,clear,17.860,5.591,0.00,13.92,world
1329.25,2026-08-31 05:35:16,339.20,5.75,3752.32,-75.8,the_tether_relay,13.13,clear,17.860,5.591,0.00,13.92,world
1329.75,2026-08-31 05:35:16,339.20,5.75,3752.32,-149.4,the_tether_relay,13.15,clear,24.552,5.332,0.00,13.92,world
1330.25,2026-08-31 05:35:17,339.20,5.75,3752.32,-149.4,the_tether_relay,13.17,clear,24.552,5.332,0.00,13.92,world
1330.75,2026-08-31 05:35:17,339.20,5.75,3752.32,-80.4,the_tether_relay,13.19,clear,17.922,5.749,0.00,13.92,world
1331.25,2026-08-31 05:35:18,339.20,5.75,3752.32,-75.8,the_tether_relay,13.21,clear,17.922,5.749,0.00,13.92,world
1331.75,2026-08-31 05:35:18,339.20,5.75,3752.32,-149.4,the_tether_relay,13.23,clear,17.769,5.736,0.00,13.92,world
1332.25,2026-08-31 05:35:19,339.20,5.75,3752.32,-149.4,the_tether_relay,13.25,clear,17.769,5.736,0.00,13.92,world
1332.75,2026-08-31 05:35:19,339.20,5.75,3752.32,-80.4,the_tether_relay,13.27,clear,19.362,6.004,0.00,13.92,world
1333.25,2026-08-31 05:35:20,339.20,5.75,3752.32,-75.8,the_tether_relay,13.29,clear,19.362,6.004,0.00,13.92,world
1333.75,2026-08-31 05:35:20,339.20,5.75,3752.32,-149.4,the_tether_relay,13.31,clear,19.797,5.882,0.00,13.92,world
1334.25,2026-08-31 05:35:21,339.20,5.75,3752.32,-149.4,the_tether_relay,13.33,clear,19.797,5.882,0.00,13.92,world
1334.75,2026-08-31 05:35:21,339.20,5.75,3752.32,-80.4,the_tether_relay,13.35,clear,17.459,5.309,0.00,13.92,world
1335.25,2026-08-31 05:35:22,339.20,5.75,3752.32,-75.8,the_tether_relay,13.37,clear,17.459,5.309,0.00,13.92,world
1335.75,2026-08-31 05:35:22,339.20,5.75,3752.32,-149.4,the_tether_relay,13.39,clear,18.753,5.367,0.00,13.92,world
1336.25,2026-08-31 05:35:23,339.20,5.75,3752.32,-149.4,the_tether_relay,13.41,clear,18.753,5.367,0.00,13.92,world
1336.75,2026-08-31 05:35:23,339.20,5.75,3752.32,-80.4,the_tether_relay,13.43,clear,18.450,5.845,0.00,13.92,world
1337.25,2026-08-31 05:35:24,339.20,5.75,3752.32,-75.8,the_tether_relay,13.45,clear,18.450,5.845,0.00,13.92,world
1337.75,2026-08-31 05:35:24,339.20,5.75,3752.32,-149.4,the_tether_relay,13.47,clear,18.556,5.805,0.00,13.92,world
1338.25,2026-08-31 05:35:25,339.20,5.75,3752.32,-149.4,the_tether_relay,13.49,clear,22.950,6.298,0.00,13.92,world
1338.75,2026-08-31 05:35:25,339.20,5.75,3752.32,-80.4,the_tether_relay,13.51,clear,22.950,6.298,0.00,13.92,world
1339.25,2026-08-31 05:35:26,339.20,5.75,3752.32,-75.8,the_tether_relay,13.53,clear,22.950,6.298,0.00,13.92,world
1339.75,2026-08-31 05:35:26,339.20,5.75,3752.32,-149.4,the_tether_relay,13.55,clear,18.671,6.100,0.00,13.92,world
1340.25,2026-08-31 05:35:27,339.20,5.75,3752.32,-149.4,the_tether_relay,13.57,clear,18.710,5.481,0.00,13.92,world
1340.75,2026-08-31 05:35:27,339.20,5.75,3752.32,-80.4,the_tether_relay,13.59,clear,18.710,5.481,0.00,13.92,world
1341.25,2026-08-31 05:35:28,339.20,5.75,3752.32,-75.8,the_tether_relay,13.61,clear,17.540,5.913,0.00,13.92,world
1341.75,2026-08-31 05:35:28,339.20,5.75,3752.32,-149.4,the_tether_relay,13.63,clear,17.540,5.913,0.00,13.92,world
1342.25,2026-08-31 05:35:29,339.20,5.75,3752.32,-149.4,the_tether_relay,13.65,clear,17.540,5.913,0.00,13.92,world
1342.75,2026-08-31 05:35:29,339.20,5.75,3752.32,-80.4,the_tether_relay,13.67,clear,18.889,5.825,0.00,13.92,world
1343.25,2026-08-31 05:35:30,339.20,5.75,3752.32,-75.8,the_tether_relay,13.69,clear,18.574,5.951,0.00,13.92,world
1343.75,2026-08-31 05:35:30,339.20,5.75,3752.32,-149.4,the_tether_relay,13.71,clear,18.574,5.951,0.00,13.92,world
1344.25,2026-08-31 05:35:31,339.20,5.75,3752.32,-149.4,the_tether_relay,13.73,clear,21.978,6.151,0.00,13.92,world
1344.75,2026-08-31 05:35:31,339.20,5.75,3752.32,-80.4,the_tether_relay,13.75,clear,21.978,6.151,0.00,13.92,world
1345.25,2026-08-31 05:35:32,339.20,5.75,3752.32,-75.8,the_tether_relay,13.77,clear,18.176,5.908,0.00,13.92,world
1345.75,2026-08-31 05:35:32,339.20,5.75,3752.32,-149.4,the_tether_relay,13.79,clear,18.176,5.908,0.00,13.92,world
1346.25,2026-08-31 05:35:33,339.20,5.75,3752.32,-149.4,the_tether_relay,13.81,clear,19.421,7.174,0.00,13.92,world
1346.75,2026-08-31 05:35:33,339.20,5.75,3752.32,-80.4,the_tether_relay,13.83,clear,19.421,7.174,0.00,13.92,world
1347.25,2026-08-31 05:35:34,339.20,5.75,3752.32,-75.8,the_tether_relay,13.85,clear,19.421,7.174,0.00,13.92,world
1347.75,2026-08-31 05:35:34,339.20,5.75,3752.32,-149.4,the_tether_relay,13.87,clear,18.838,6.275,0.00,13.92,world
1348.25,2026-08-31 05:35:35,339.20,5.75,3752.32,-149.4,the_tether_relay,13.89,clear,20.811,6.274,0.00,13.92,world
1348.75,2026-08-31 05:35:35,339.20,5.75,3752.32,-80.4,the_tether_relay,13.91,clear,20.811,6.274,0.00,13.92,world
1349.25,2026-08-31 05:35:36,339.20,5.75,3752.32,-75.8,the_tether_relay,13.93,clear,20.811,6.274,0.00,13.92,world
1349.75,2026-08-31 05:35:36,339.20,5.75,3752.32,-149.4,the_tether_relay,13.95,clear,19.153,6.531,0.00,13.92,world
1350.25,2026-08-31 05:35:37,339.20,5.75,3752.32,-149.4,the_tether_relay,13.97,clear,19.153,6.531,0.00,13.92,world
1350.75,2026-08-31 05:35:37,339.20,5.75,3752.32,-80.4,the_tether_relay,13.99,clear,19.115,5.768,0.00,13.92,world
1351.25,2026-08-31 05:35:38,339.20,5.75,3752.32,-75.8,the_tether_relay,14.01,clear,19.115,5.768,0.00,13.92,world
1351.75,2026-08-31 05:35:38,339.20,5.75,3752.32,-149.4,the_tether_relay,14.03,clear,19.458,5.436,0.00,13.92,world
1352.25,2026-08-31 05:35:39,339.20,5.75,3752.32,-149.4,the_tether_relay,14.05,clear,19.458,5.436,0.00,13.92,world
1352.75,2026-08-31 05:35:39,339.20,5.75,3752.32,-80.4,the_tether_relay,14.07,clear,17.612,5.475,0.00,13.92,world
1353.25,2026-08-31 05:35:40,339.20,5.75,3752.32,-75.8,the_tether_relay,14.09,clear,17.612,5.475,0.00,13.92,world
1353.75,2026-08-31 05:35:40,339.20,5.75,3752.32,-149.4,the_tether_relay,14.11,clear,17.647,5.409,0.00,13.92,world
1354.25,2026-08-31 05:35:41,339.20,5.75,3752.32,-149.4,the_tether_relay,14.13,clear,17.647,5.409,0.00,13.92,world
1354.75,2026-08-31 05:35:41,339.20,5.75,3752.32,-80.4,the_tether_relay,14.15,clear,17.618,5.490,0.00,13.92,world
1355.25,2026-08-31 05:35:42,339.20,5.75,3752.32,-75.8,the_tether_relay,14.17,clear,17.618,5.490,0.00,13.92,world
1355.75,2026-08-31 05:35:42,339.20,5.75,3752.32,-149.4,the_tether_relay,14.19,clear,17.934,5.516,0.00,13.92,world
1356.25,2026-08-31 05:35:42,339.20,5.75,3752.32,-149.4,the_tether_relay,14.21,clear,17.934,5.516,0.00,13.92,world
1356.75,2026-08-31 05:35:43,339.20,5.75,3752.32,-80.4,the_tether_relay,14.23,clear,17.397,5.477,0.00,13.92,world
1357.25,2026-08-31 05:35:43,339.20,5.75,3752.32,-75.8,the_tether_relay,14.25,clear,17.397,5.477,0.00,13.92,world
1357.75,2026-08-31 05:35:44,339.20,5.75,3752.32,-149.4,the_tether_relay,14.27,clear,18.166,6.511,0.00,13.92,world
1358.25,2026-08-31 05:35:44,339.20,5.75,3752.32,-149.4,the_tether_relay,14.29,clear,18.166,6.511,0.00,13.92,world
1358.75,2026-08-31 05:35:45,339.20,5.75,3752.32,-80.4,the_tether_relay,14.31,clear,17.769,5.469,0.00,13.92,world
1359.25,2026-08-31 05:35:45,339.20,5.75,3752.32,-75.8,the_tether_relay,14.33,clear,17.769,5.469,0.00,13.92,world
1359.75,2026-08-31 05:35:46,339.20,5.75,3752.32,-149.4,the_tether_relay,14.35,clear,17.183,5.320,0.00,13.92,world
1360.25,2026-08-31 05:35:46,339.20,5.75,3752.32,-149.4,the_tether_relay,14.37,clear,17.183,5.320,0.00,13.92,world
1360.75,2026-08-31 05:35:47,339.20,5.75,3752.32,-80.4,the_tether_relay,14.39,clear,17.912,5.564,0.00,13.92,world
1361.25,2026-08-31 05:35:47,339.20,5.75,3752.32,-75.8,the_tether_relay,14.41,clear,17.912,5.564,0.00,13.92,world
1361.75,2026-08-31 05:35:48,339.20,5.75,3752.32,-149.4,the_tether_relay,14.43,clear,18.040,5.492,0.00,13.92,world
1362.25,2026-08-31 05:35:48,339.20,5.75,3752.32,-149.4,the_tether_relay,14.45,clear,18.040,5.492,0.00,13.92,world
1362.75,2026-08-31 05:35:49,339.20,5.75,3752.32,-80.4,the_tether_relay,14.47,clear,17.586,6.587,0.00,13.92,world
1363.25,2026-08-31 05:35:49,339.20,5.75,3752.32,-75.8,the_tether_relay,14.49,clear,17.586,6.587,0.00,13.92,world
1363.75,2026-08-31 05:35:50,339.20,5.75,3752.32,-149.4,the_tether_relay,14.51,clear,17.846,5.493,0.00,13.92,world
1364.25,2026-08-31 05:35:50,339.20,5.75,3752.32,-149.4,the_tether_relay,14.53,clear,17.846,5.493,0.00,13.92,world
1364.75,2026-08-31 05:35:51,339.20,5.75,3752.32,-80.4,the_tether_relay,14.55,clear,23.614,5.642,0.00,13.92,world
1365.25,2026-08-31 05:35:52,339.20,5.75,3752.32,-75.8,the_tether_relay,14.57,clear,23.614,5.642,0.00,13.92,world
1365.75,2026-08-31 05:35:52,339.20,5.75,3752.32,-149.4,the_tether_relay,14.59,clear,19.060,6.728,0.00,13.92,world
1366.25,2026-08-31 05:35:52,339.20,5.75,3752.32,-149.4,the_tether_relay,14.61,clear,19.060,6.728,0.00,13.92,world
1366.75,2026-08-31 05:35:53,339.20,5.75,3752.32,-80.4,the_tether_relay,14.63,clear,17.554,5.489,0.00,13.92,world
1367.25,2026-08-31 05:35:54,339.20,5.75,3752.32,-75.8,the_tether_relay,14.65,clear,17.554,5.489,0.00,13.92,world
1367.75,2026-08-31 05:35:54,339.20,5.75,3752.32,-149.4,the_tether_relay,14.67,clear,20.301,5.884,0.00,13.92,world
1368.25,2026-08-31 05:35:55,339.20,5.75,3752.32,-149.4,the_tether_relay,14.69,clear,20.301,5.884,0.00,13.92,world
1368.75,2026-08-31 05:35:55,339.20,5.75,3752.32,-80.4,the_tether_relay,14.71,clear,18.142,5.575,0.00,13.92,world
1369.25,2026-08-31 05:35:56,339.20,5.75,3752.32,-75.8,the_tether_relay,14.73,clear,18.142,5.575,0.00,13.92,world
1369.75,2026-08-31 05:35:56,339.20,5.75,3752.32,-149.4,the_tether_relay,14.75,clear,18.177,5.524,0.00,13.92,world
1370.25,2026-08-31 05:35:57,339.20,5.75,3752.32,-149.4,the_tether_relay,14.77,clear,17.741,5.469,0.00,13.92,world
1370.75,2026-08-31 05:35:57,339.20,5.75,3752.32,-80.4,the_tether_relay,14.79,clear,17.741,5.469,0.00,13.92,world
1371.25,2026-08-31 05:35:58,339.20,5.75,3752.32,-75.8,the_tether_relay,14.81,clear,24.736,10.530,0.00,13.92,world
1371.75,2026-08-31 05:35:58,339.20,5.75,3752.32,-149.4,the_tether_relay,14.83,clear,24.736,10.530,0.00,13.92,world
1372.25,2026-08-31 05:35:59,339.20,5.75,3752.32,-149.4,the_tether_relay,14.85,clear,20.180,6.747,0.00,13.92,world
1372.75,2026-08-31 05:35:59,339.20,5.75,3752.32,-80.4,the_tether_relay,14.87,clear,20.180,6.747,0.00,13.92,world
1373.25,2026-08-31 05:36:00,339.20,5.75,3752.32,-75.8,the_tether_relay,14.89,clear,20.180,6.747,0.00,13.92,world
1373.75,2026-08-31 05:36:00,339.20,5.75,3752.32,-149.4,the_tether_relay,14.91,clear,20.781,6.270,0.00,13.92,world
1374.25,2026-08-31 05:36:01,339.20,5.75,3752.32,-149.4,the_tether_relay,14.93,clear,18.688,6.043,0.00,13.92,world
1374.75,2026-08-31 05:36:01,339.20,5.75,3752.32,-80.4,the_tether_relay,14.95,clear,18.688,6.043,0.00,13.92,world
1375.25,2026-08-31 05:36:02,339.20,5.75,3752.32,-75.8,the_tether_relay,14.97,clear,18.688,6.043,0.00,13.92,world
1375.75,2026-08-31 05:36:02,339.20,5.75,3752.32,-149.4,the_tether_relay,14.99,clear,18.306,5.461,0.00,13.92,world
1376.25,2026-08-31 05:36:03,339.20,5.75,3752.32,-149.4,the_tether_relay,15.01,clear,20.013,5.693,0.00,13.92,world
1376.75,2026-08-31 05:36:03,339.20,5.75,3752.32,-80.4,the_tether_relay,15.03,clear,20.013,5.693,0.00,13.92,world
1377.25,2026-08-31 05:36:04,339.20,5.75,3752.32,-75.8,the_tether_relay,15.05,clear,18.181,5.478,0.00,13.92,world
1377.75,2026-08-31 05:36:04,339.20,5.75,3752.32,-149.4,the_tether_relay,15.07,clear,18.181,5.478,0.00,13.92,world
1378.25,2026-08-31 05:36:05,339.20,5.75,3752.32,-149.4,the_tether_relay,15.09,clear,18.181,5.478,0.00,13.92,world
1378.75,2026-08-31 05:36:05,339.20,5.75,3752.32,-80.4,the_tether_relay,15.11,clear,19.281,6.028,0.00,13.92,world
1379.25,2026-08-31 05:36:06,339.20,5.75,3752.32,-75.8,the_tether_relay,15.13,clear,19.281,6.028,0.00,13.92,world
1379.75,2026-08-31 05:36:06,339.20,5.75,3752.32,-149.4,the_tether_relay,15.15,clear,19.112,5.965,0.00,13.92,world
1380.25,2026-08-31 05:36:07,339.20,5.75,3752.32,-149.4,the_tether_relay,15.17,clear,18.338,5.711,0.00,13.92,world
1380.75,2026-08-31 05:36:07,339.20,5.75,3752.32,-80.4,the_tether_relay,15.19,clear,18.338,5.711,0.00,13.92,world
1381.25,2026-08-31 05:36:08,339.20,5.75,3752.32,-75.8,the_tether_relay,15.21,clear,18.338,5.711,0.00,13.92,world
1381.75,2026-08-31 05:36:08,339.20,5.75,3752.32,-149.4,the_tether_relay,15.23,clear,23.422,8.095,0.00,13.92,world
1382.25,2026-08-31 05:36:09,339.20,5.75,3752.32,-149.4,the_tether_relay,15.25,clear,20.850,8.252,0.00,13.92,world
1382.75,2026-08-31 05:36:09,339.20,5.75,3752.32,-80.4,the_tether_relay,15.27,clear,20.850,8.252,0.00,13.92,world
1383.25,2026-08-31 05:36:10,339.20,5.75,3752.32,-75.8,the_tether_relay,15.29,clear,18.147,5.370,0.00,13.92,world
1383.75,2026-08-31 05:36:10,339.20,5.75,3752.32,-149.4,the_tether_relay,15.31,clear,18.147,5.370,0.00,13.92,world
1384.25,2026-08-31 05:36:11,339.20,5.75,3752.32,-149.4,the_tether_relay,15.33,clear,18.147,5.370,0.00,13.92,world
1384.75,2026-08-31 05:36:11,339.20,5.75,3752.32,-80.4,the_tether_relay,15.35,clear,18.649,5.840,0.00,13.92,world
1385.25,2026-08-31 05:36:12,339.20,5.75,3752.32,-75.8,the_tether_relay,15.37,clear,17.815,5.571,0.00,13.92,world
1385.75,2026-08-31 05:36:12,339.20,5.75,3752.32,-149.4,the_tether_relay,15.39,clear,17.815,5.571,0.00,13.92,world
1386.25,2026-08-31 05:36:13,339.20,5.75,3752.32,-149.4,the_tether_relay,15.41,clear,17.815,5.571,0.00,13.92,world
1386.75,2026-08-31 05:36:13,339.20,5.75,3752.32,-80.4,the_tether_relay,15.43,clear,18.904,11.747,0.00,13.92,world
1387.25,2026-08-31 05:36:14,339.20,5.75,3752.32,-75.8,the_tether_relay,15.45,clear,18.341,17.243,0.00,13.92,world
1387.75,2026-08-31 05:36:14,339.20,5.75,3752.32,-149.4,the_tether_relay,15.47,clear,18.341,17.243,0.00,13.92,world
1388.25,2026-08-31 05:36:15,339.20,5.75,3752.32,-149.4,the_tether_relay,15.49,clear,17.777,5.687,0.00,13.92,world
1388.75,2026-08-31 05:36:15,339.20,5.75,3752.32,-80.4,the_tether_relay,15.51,clear,17.777,5.687,0.00,13.92,world
1389.25,2026-08-31 05:36:16,339.20,5.75,3752.32,-75.8,the_tether_relay,15.53,clear,18.437,5.756,0.00,13.92,world
1389.75,2026-08-31 05:36:16,339.20,5.75,3752.32,-149.4,the_tether_relay,15.55,clear,18.437,5.756,0.00,13.92,world
1390.25,2026-08-31 05:36:17,339.20,5.75,3752.32,-149.4,the_tether_relay,15.57,clear,19.093,6.370,0.00,13.92,world
1390.75,2026-08-31 05:36:17,339.20,5.75,3752.32,-80.4,the_tether_relay,15.59,clear,19.093,6.370,0.00,13.92,world
1391.25,2026-08-31 05:36:18,339.20,5.75,3752.32,-75.8,the_tether_relay,15.61,clear,18.779,5.479,0.00,13.92,world
1391.75,2026-08-31 05:36:18,339.20,5.75,3752.32,-149.4,the_tether_relay,15.63,clear,18.779,5.479,0.00,13.92,world
1392.25,2026-08-31 05:36:19,339.20,5.75,3752.32,-149.4,the_tether_relay,15.65,clear,17.920,5.894,0.00,13.92,world
1392.75,2026-08-31 05:36:19,339.20,5.75,3752.32,-80.4,the_tether_relay,15.67,clear,17.920,5.894,0.00,13.92,world
1393.25,2026-08-31 05:36:20,339.20,5.75,3752.32,-75.8,the_tether_relay,15.69,clear,18.521,5.862,0.00,13.92,world
1393.75,2026-08-31 05:36:20,339.20,5.75,3752.32,-149.4,the_tether_relay,15.71,clear,18.521,5.862,0.00,13.92,world
1394.25,2026-08-31 05:36:21,339.20,5.75,3752.32,-149.4,the_tether_relay,15.73,clear,18.521,5.862,0.00,13.92,world
1394.75,2026-08-31 05:36:21,339.20,5.75,3752.32,-80.4,the_tether_relay,15.75,clear,18.867,6.386,0.00,13.92,world
1395.25,2026-08-31 05:36:22,339.20,5.75,3752.32,-75.8,the_tether_relay,15.77,clear,19.175,5.728,0.00,13.92,world
1395.75,2026-08-31 05:36:22,339.20,5.75,3752.32,-149.4,the_tether_relay,15.79,clear,19.175,5.728,0.00,13.92,world
1396.25,2026-08-31 05:36:23,339.20,5.75,3752.32,-149.4,the_tether_relay,15.81,clear,19.175,5.728,0.00,13.92,world
1396.75,2026-08-31 05:36:23,339.20,5.75,3752.32,-80.4,the_tether_relay,15.83,clear,18.175,5.797,0.00,13.92,world
1397.25,2026-08-31 05:36:24,339.20,5.75,3752.32,-75.8,the_tether_relay,15.85,clear,19.505,5.564,0.00,13.92,world
1397.75,2026-08-31 05:36:24,339.20,5.75,3752.32,-149.4,the_tether_relay,15.87,clear,19.505,5.564,0.00,13.92,world
1398.25,2026-08-31 05:36:25,339.20,5.75,3752.32,-149.4,the_tether_relay,15.89,clear,19.962,5.926,0.00,13.92,world
1398.75,2026-08-31 05:36:25,339.20,5.75,3752.32,-80.4,the_tether_relay,15.91,clear,19.962,5.926,0.00,13.92,world
1399.25,2026-08-31 05:36:26,339.20,5.75,3752.32,-75.8,the_tether_relay,15.93,clear,19.872,5.860,0.00,13.92,world
1399.75,2026-08-31 05:36:26,339.20,5.75,3752.32,-149.4,the_tether_relay,15.95,clear,19.872,5.860,0.00,13.92,world
1400.25,2026-08-31 05:36:27,339.20,5.75,3752.32,-149.4,the_tether_relay,15.97,clear,19.872,5.860,0.00,13.92,world
1400.75,2026-08-31 05:36:27,339.20,5.75,3752.32,-80.4,the_tether_relay,15.99,clear,19.422,6.200,0.00,13.92,world
1401.25,2026-08-31 05:36:28,339.20,5.75,3752.32,-75.8,the_tether_relay,16.01,clear,18.512,5.934,0.00,13.92,world
1401.75,2026-08-31 05:36:28,339.20,5.75,3752.32,-149.4,the_tether_relay,16.03,clear,18.512,5.934,0.00,13.92,world
1402.25,2026-08-31 05:36:29,339.20,5.75,3752.32,-149.4,the_tether_relay,16.05,clear,18.812,5.860,0.00,13.92,world
1402.75,2026-08-31 05:36:29,339.20,5.75,3752.32,-80.4,the_tether_relay,16.07,clear,18.812,5.860,0.00,13.92,world
1403.25,2026-08-31 05:36:30,339.20,5.75,3752.32,-75.8,the_tether_relay,16.09,clear,18.396,6.129,0.00,13.92,world
1403.75,2026-08-31 05:36:30,339.20,5.75,3752.32,-149.4,the_tether_relay,16.11,clear,18.396,6.129,0.00,13.92,world
1404.25,2026-08-31 05:36:31,339.20,5.75,3752.32,-149.4,the_tether_relay,16.13,clear,20.782,6.035,0.00,13.92,world
1404.75,2026-08-31 05:36:31,339.20,5.75,3752.32,-80.4,the_tether_relay,16.15,clear,20.782,6.035,0.00,13.92,world
1405.25,2026-08-31 05:36:32,339.20,5.75,3752.32,-75.8,the_tether_relay,16.17,clear,20.782,6.035,0.00,13.92,world
1405.75,2026-08-31 05:36:32,339.20,5.75,3752.32,-149.4,the_tether_relay,16.19,clear,21.962,7.965,0.00,13.92,world
1406.25,2026-08-31 05:36:33,339.20,5.75,3752.32,-149.4,the_tether_relay,16.21,clear,18.468,6.372,0.00,13.92,world
1406.75,2026-08-31 05:36:33,339.20,5.75,3752.32,-80.4,the_tether_relay,16.23,clear,18.468,6.372,0.00,13.92,world
1407.25,2026-08-31 05:36:34,339.20,5.75,3752.32,-75.8,the_tether_relay,16.25,clear,19.533,5.870,0.00,13.92,world
1407.75,2026-08-31 05:36:34,339.20,5.75,3752.32,-149.4,the_tether_relay,16.27,clear,19.533,5.870,0.00,13.92,world
1408.25,2026-08-31 05:36:35,339.20,5.75,3752.32,-149.4,the_tether_relay,16.29,clear,22.140,5.913,0.00,13.92,world
1408.75,2026-08-31 05:36:35,339.20,5.75,3752.32,-80.4,the_tether_relay,16.31,clear,22.140,5.913,0.00,13.92,world
1409.25,2026-08-31 05:36:36,339.20,5.75,3752.32,-75.8,the_tether_relay,16.33,clear,18.227,5.768,0.00,13.92,world
1409.75,2026-08-31 05:36:36,339.20,5.75,3752.32,-149.4,the_tether_relay,16.35,clear,18.227,5.768,0.00,13.92,world
1410.25,2026-08-31 05:36:37,339.20,5.75,3752.32,-149.4,the_tether_relay,16.37,clear,18.553,5.830,0.00,13.92,world
1410.75,2026-08-31 05:36:37,339.20,5.75,3752.32,-80.4,the_tether_relay,16.39,clear,18.553,5.830,0.00,13.92,world
1411.25,2026-08-31 05:36:38,339.20,5.75,3752.32,-75.8,the_tether_relay,16.41,clear,18.553,5.830,0.00,13.92,world
1411.75,2026-08-31 05:36:38,339.20,5.75,3752.32,-149.4,the_tether_relay,16.43,clear,18.729,11.594,0.00,13.92,world
1412.25,2026-08-31 05:36:39,339.20,5.75,3752.32,-149.4,the_tether_relay,16.45,clear,22.387,6.180,0.00,13.92,world
1412.75,2026-08-31 05:36:39,339.20,5.75,3752.32,-80.4,the_tether_relay,16.47,clear,22.387,6.180,0.00,13.92,world
1413.25,2026-08-31 05:36:40,339.20,5.75,3752.32,-75.8,the_tether_relay,16.49,clear,20.903,7.473,0.00,13.92,world
1413.75,2026-08-31 05:36:40,339.20,5.75,3752.32,-149.4,the_tether_relay,16.51,clear,20.903,7.473,0.00,13.92,world
1414.25,2026-08-31 05:36:41,339.20,5.75,3752.32,-149.4,the_tether_relay,16.53,clear,18.805,5.439,0.00,13.92,world
1414.75,2026-08-31 05:36:41,339.20,5.75,3752.32,-80.4,the_tether_relay,16.55,clear,18.805,5.439,0.00,13.92,world
1415.25,2026-08-31 05:36:42,339.20,5.75,3752.32,-75.8,the_tether_relay,16.57,clear,18.805,5.439,0.00,13.92,world
1415.75,2026-08-31 05:36:42,339.29,5.74,3752.26,-172.0,the_tether_relay,16.59,clear,19.126,6.029,0.00,13.92,world
1416.25,2026-08-31 05:36:43,339.54,5.71,3752.11,-172.0,the_tether_relay,16.61,clear,18.873,5.830,0.00,13.90,world
1416.75,2026-08-31 05:36:43,339.85,5.89,3754.50,8.0,the_tether_relay,16.63,clear,18.873,5.830,0.00,11.81,world
1417.25,2026-08-31 05:36:44,339.61,5.81,3753.34,-130.0,the_tether_relay,16.65,clear,18.873,5.830,0.00,12.87,world
1417.75,2026-08-31 05:36:44,337.37,6.05,3753.53,-82.0,the_tether_relay,16.67,clear,20.521,5.839,0.00,14.22,world
1418.25,2026-08-31 05:36:45,336.52,6.09,3753.14,-172.1,the_tether_relay,16.69,clear,18.710,5.303,0.00,15.10,world
1418.75,2026-08-31 05:36:45,337.25,5.88,3752.07,-172.1,the_tether_relay,16.71,clear,18.710,5.303,0.00,15.35,world
1419.25,2026-08-31 05:36:46,337.36,5.96,3752.83,-35.5,the_tether_relay,16.73,clear,18.710,5.303,0.00,14.72,world
1419.75,2026-08-31 05:36:46,337.57,6.13,3754.29,-118.1,the_tether_relay,16.75,clear,19.590,6.242,0.00,13.54,world
1420.25,2026-08-31 05:36:47,337.71,5.93,3752.78,97.9,the_tether_relay,16.77,clear,19.590,6.242,0.00,14.51,world
1420.75,2026-08-31 05:36:47,337.62,5.92,3752.65,-147.6,the_tether_relay,16.79,clear,18.330,5.464,0.00,14.68,world
1421.25,2026-08-31 05:36:48,337.32,5.95,3752.68,-98.5,the_tether_relay,16.81,clear,18.330,5.464,0.00,14.86,world
1421.75,2026-08-31 05:36:48,336.17,6.18,3753.65,-82.1,the_tether_relay,16.83,clear,17.519,5.306,0.00,15.01,world
1422.25,2026-08-31 05:36:49,336.54,6.08,3753.11,-172.1,the_tether_relay,16.85,clear,17.519,5.306,0.00,15.10,world
1422.75,2026-08-31 05:36:49,337.66,5.92,3752.70,97.9,the_tether_relay,16.87,clear,17.883,5.587,0.00,14.62,world
1423.25,2026-08-31 05:36:50,337.32,5.89,3752.17,-172.1,the_tether_relay,16.89,clear,17.717,5.260,0.00,15.24,world
1423.75,2026-08-31 05:36:50,337.26,5.88,3752.09,-151.1,the_tether_relay,16.91,clear,17.717,5.260,0.00,15.33,world
1424.25,2026-08-31 05:36:51,337.57,6.13,3754.30,-2.6,the_tether_relay,16.93,clear,18.032,5.602,0.00,13.53,world
1424.75,2026-08-31 05:36:51,337.55,5.95,3752.84,124.9,the_tether_relay,16.95,clear,18.032,5.602,0.00,14.58,world
1425.25,2026-08-31 05:36:52,337.68,5.93,3752.73,161.0,the_tether_relay,16.97,clear,19.023,5.392,0.00,14.57,world
1425.75,2026-08-31 05:36:52,337.26,5.88,3752.07,-172.1,the_tether_relay,16.99,clear,19.023,5.392,0.00,15.35,world
1426.25,2026-08-31 05:36:53,337.47,6.05,3753.61,7.9,the_tether_relay,17.01,clear,19.201,6.489,0.00,14.08,world
1426.75,2026-08-31 05:36:53,337.46,6.04,3753.46,-172.1,the_tether_relay,17.03,clear,19.201,6.489,0.00,14.20,world
1427.25,2026-08-31 05:36:54,337.71,5.93,3752.79,97.9,the_tether_relay,17.05,clear,21.845,9.058,0.00,14.51,world
1427.75,2026-08-31 05:36:54,337.50,5.91,3752.46,-172.1,the_tether_relay,17.07,clear,21.845,9.058,0.00,14.90,world
1428.25,2026-08-31 05:36:55,337.25,5.88,3752.07,-172.1,the_tether_relay,17.09,clear,21.845,9.058,0.00,15.35,world
1428.75,2026-08-31 05:36:55,337.52,6.09,3753.92,7.9,the_tether_relay,17.11,clear,18.937,6.482,0.00,13.83,world
1429.25,2026-08-31 05:36:56,337.42,6.00,3753.13,177.4,the_tether_relay,17.13,clear,22.263,6.147,0.00,14.47,world
1429.75,2026-08-31 05:36:56,337.71,5.93,3752.78,108.4,the_tether_relay,17.15,clear,22.263,6.147,0.00,14.51,world
1430.25,2026-08-31 05:36:57,337.25,5.88,3752.07,-172.1,the_tether_relay,17.17,clear,19.231,39.384,0.00,15.35,world
1430.75,2026-08-31 05:36:57,337.42,6.01,3753.22,7.9,the_tether_relay,17.19,clear,19.231,39.384,0.00,14.40,world
1431.25,2026-08-31 05:36:58,337.51,6.09,3753.89,-170.6,the_tether_relay,17.21,clear,18.888,6.063,0.00,13.86,world
1431.75,2026-08-31 05:36:58,337.71,5.93,3752.78,97.9,the_tether_relay,17.23,clear,18.888,6.063,0.00,14.51,world
1432.25,2026-08-31 05:36:59,337.25,5.88,3752.07,-172.1,the_tether_relay,17.25,clear,18.888,6.063,0.00,15.35,world
1432.75,2026-08-31 05:36:59,337.32,5.93,3752.52,-77.5,the_tether_relay,17.27,clear,17.832,5.823,0.00,14.97,world
1433.25,2026-08-31 05:37:00,337.59,6.14,3754.46,-76.1,the_tether_relay,17.29,clear,17.832,5.823,0.00,13.41,world
1433.75,2026-08-31 05:37:00,337.72,5.93,3752.80,97.9,the_tether_relay,17.31,clear,18.378,5.767,0.00,14.50,world
1434.25,2026-08-31 05:37:01,337.72,5.93,3752.80,-161.6,the_tether_relay,17.33,clear,18.378,5.767,0.00,14.50,world
1434.75,2026-08-31 05:37:01,337.26,5.88,3752.07,-172.1,the_tether_relay,17.35,clear,25.556,6.349,0.00,15.35,world
1435.25,2026-08-31 05:37:02,337.45,6.04,3753.46,7.9,the_tether_relay,17.37,clear,25.556,6.349,0.00,14.21,world
1435.75,2026-08-31 05:37:02,337.48,6.06,3753.63,-172.1,the_tether_relay,17.39,clear,18.031,5.753,0.00,14.06,world
1436.25,2026-08-31 05:37:03,337.71,5.93,3752.78,97.9,the_tether_relay,17.41,clear,18.031,5.753,0.00,14.51,world
1436.75,2026-08-31 05:37:03,337.25,5.88,3752.07,-172.1,the_tether_relay,17.43,clear,18.743,5.476,0.00,15.35,world
1437.25,2026-08-31 05:37:04,337.35,5.96,3752.75,-46.0,the_tether_relay,17.45,clear,18.743,5.476,0.00,14.78,world
1437.75,2026-08-31 05:37:04,337.58,6.13,3754.35,-107.6,the_tether_relay,17.47,clear,20.856,5.578,0.00,13.50,world
1438.25,2026-08-31 05:37:05,337.73,5.93,3752.81,97.9,the_tether_relay,17.49,clear,18.128,5.143,0.00,14.48,world
1438.75,2026-08-31 05:37:05,337.65,5.93,3752.71,-144.9,the_tether_relay,17.51,clear,18.128,5.143,0.00,14.61,world
1439.25,2026-08-31 05:37:06,337.25,5.88,3752.07,-172.1,the_tether_relay,17.53,clear,18.128,5.143,0.00,15.35,world
1439.75,2026-08-31 05:37:06,337.48,6.06,3753.69,7.9,the_tether_relay,17.55,clear,18.169,5.975,0.00,14.02,world
1440.25,2026-08-31 05:37:07,337.44,6.03,3753.37,-172.1,the_tether_relay,17.57,clear,44.834,5.411,0.00,14.27,world
1440.75,2026-08-31 05:37:07,337.71,5.93,3752.78,97.9,the_tether_relay,17.59,clear,44.834,5.411,0.00,14.51,world
1441.25,2026-08-31 05:37:08,337.25,5.88,3752.07,-172.1,the_tether_relay,17.61,clear,44.834,5.411,0.00,15.35,world
1441.75,2026-08-31 05:37:08,337.39,5.98,3752.99,-14.5,the_tether_relay,17.63,clear,18.501,5.535,0.00,14.59,world
1442.25,2026-08-31 05:37:09,337.55,6.11,3754.14,-139.1,the_tether_relay,17.65,clear,18.501,5.535,0.00,13.66,world
1442.75,2026-08-31 05:37:09,337.73,5.93,3752.81,97.9,the_tether_relay,17.67,clear,17.734,5.499,0.00,14.48,world
1443.25,2026-08-31 05:37:10,337.53,5.91,3752.53,-144.9,the_tether_relay,17.69,clear,17.734,5.499,0.00,14.82,world
1443.75,2026-08-31 05:37:10,337.25,5.88,3752.07,-172.1,the_tether_relay,17.71,clear,19.577,5.280,0.00,15.35,world
1444.25,2026-08-31 05:37:11,337.52,6.09,3753.92,7.9,the_tether_relay,17.73,clear,19.577,5.280,0.00,13.83,world
1444.75,2026-08-31 05:37:11,337.42,6.00,3753.13,177.4,the_tether_relay,17.75,clear,17.708,5.306,0.00,14.47,world
1445.25,2026-08-31 05:37:12,337.71,5.93,3752.78,108.4,the_tether_relay,17.77,clear,17.708,5.306,0.00,14.51,world
1445.75,2026-08-31 05:37:12,337.25,5.88,3752.07,-172.1,the_tether_relay,17.79,clear,18.366,5.540,0.00,15.35,world
1446.25,2026-08-31 05:37:13,337.42,6.01,3753.22,7.9,the_tether_relay,17.81,clear,18.366,5.540,0.00,14.40,world
1446.75,2026-08-31 05:37:13,337.51,6.09,3753.89,-170.6,the_tether_relay,17.83,clear,17.935,5.743,0.00,13.86,world
1447.25,2026-08-31 05:37:14,337.78,5.94,3752.87,97.9,the_tether_relay,17.85,clear,17.935,5.743,0.00,14.40,world
1447.75,2026-08-31 05:37:14,337.12,5.91,3752.26,-142.5,the_tether_relay,17.87,clear,18.516,5.816,0.00,15.30,world
1448.25,2026-08-31 05:37:15,337.25,5.88,3752.07,-172.1,the_tether_relay,17.89,clear,18.516,5.816,0.00,15.35,world
1448.75,2026-08-31 05:37:15,337.55,6.12,3754.17,7.9,the_tether_relay,17.91,clear,18.182,6.161,0.00,13.64,world
1449.25,2026-08-31 05:37:16,337.46,6.02,3753.38,177.4,the_tether_relay,17.93,clear,18.182,6.161,0.00,14.26,world
1449.75,2026-08-31 05:37:16,339.65,5.76,3752.76,97.9,the_tether_relay,17.95,clear,18.936,5.433,0.00,13.30,world
1450.25,2026-08-31 05:37:17,341.03,5.62,3752.81,-172.0,the_tether_relay,17.97,clear,18.936,5.433,0.00,12.49,world
1450.75,2026-08-31 05:37:17,341.47,5.48,3750.97,-172.0,the_tether_relay,17.99,clear,18.484,5.449,0.00,13.91,world
1451.25,2026-08-31 05:37:18,341.70,5.35,3748.86,-172.0,the_tether_relay,18.01,clear,18.484,5.449,0.00,15.75,world
1451.75,2026-08-31 05:37:18,341.35,5.28,3746.36,-172.0,the_tether_relay,18.03,clear,18.268,5.242,0.00,18.21,world
1452.25,2026-08-31 05:37:19,342.26,5.15,3744.75,-171.9,the_tether_relay,18.05,clear,18.268,5.242,0.00,19.47,world
1452.75,2026-08-31 05:37:19,343.30,5.04,3743.23,-171.9,the_tether_relay,18.07,clear,18.767,6.210,0.00,20.70,world
1453.25,2026-08-31 05:37:20,343.18,4.97,3740.88,-171.9,the_tether_relay,18.09,clear,18.767,6.210,0.00,23.03,world
1453.75,2026-08-31 05:37:20,342.83,4.98,3738.42,-171.9,the_tether_relay,18.11,clear,19.540,5.080,0.00,25.52,world
1454.25,2026-08-31 05:37:21,342.48,5.09,3735.99,-171.9,the_tether_relay,18.13,clear,19.540,5.080,0.00,27.96,world
1454.75,2026-08-31 05:37:21,342.15,5.28,3733.60,-171.9,the_tether_relay,18.15,clear,19.408,5.343,0.40,30.37,world
1455.25,2026-08-31 05:37:22,341.82,5.53,3731.25,-171.9,the_tether_relay,18.17,clear,19.408,5.343,2.78,32.75,world
1455.75,2026-08-31 05:37:22,341.49,5.81,3728.91,-171.9,the_tether_relay,18.19,clear,19.971,5.542,5.14,35.11,world
1456.25,2026-08-31 05:37:23,341.17,6.08,3726.58,-171.9,the_tether_relay,18.21,clear,19.971,5.542,7.49,37.46,world
1456.75,2026-08-31 05:37:23,340.50,6.29,3724.28,-171.9,the_tether_relay,18.23,clear,18.539,5.483,9.96,39.84,world
1457.25,2026-08-31 05:37:24,340.15,6.22,3721.79,-171.9,the_tether_relay,18.25,clear,18.539,5.483,12.48,42.35,world
1457.75,2026-08-31 05:37:24,339.60,5.92,3719.40,-171.9,the_tether_relay,18.27,clear,20.143,5.082,14.96,44.81,world
1458.25,2026-08-31 05:37:25,339.24,5.50,3716.83,-171.9,the_tether_relay,18.29,clear,20.143,5.082,17.55,47.39,world
1458.75,2026-08-31 05:37:25,338.88,5.16,3714.28,-171.9,the_tether_relay,18.31,clear,18.348,5.540,20.13,49.97,world
1459.25,2026-08-31 05:37:26,339.24,4.99,3712.83,-171.9,the_tether_relay,18.33,clear,18.348,5.540,21.71,51.34,world
1459.75,2026-08-31 05:37:26,339.83,4.97,3712.75,98.1,the_tether_relay,18.35,clear,19.053,5.554,22.30,51.33,world
1460.25,2026-08-31 05:37:27,342.36,4.76,3712.39,98.1,the_tether_relay,18.37,clear,19.385,5.826,24.86,51.37,world
1460.75,2026-08-31 05:37:27,344.92,4.42,3712.02,98.1,the_tether_relay,18.39,clear,19.385,5.826,27.45,51.54,world
1461.25,2026-08-31 05:37:28,344.98,3.91,3709.95,-171.8,the_tether_relay,18.41,clear,21.703,5.592,29.80,53.61,world
1461.75,2026-08-31 05:37:28,344.66,3.41,3707.62,-171.8,corridor,18.42,clear,21.703,5.592,32.15,55.95,world
1462.25,2026-08-31 05:37:29,344.30,3.10,3705.07,-171.8,corridor,18.45,clear,21.224,461.427,34.72,58.52,world
1462.75,2026-08-31 05:37:29,343.94,2.96,3702.55,-171.8,corridor,18.47,clear,21.224,461.427,37.27,60.47,world
1463.25,2026-08-31 05:37:30,343.59,2.88,3700.05,-171.8,corridor,18.49,clear,24.894,6.388,39.80,60.50,world
1463.75,2026-08-31 05:37:30,343.23,2.85,3697.56,-171.8,corridor,18.51,clear,24.894,6.388,42.31,60.63,world
1464.25,2026-08-31 05:37:31,342.97,2.91,3694.88,-171.7,corridor,18.53,clear,19.075,5.859,45.02,61.01,world
1464.75,2026-08-31 05:37:31,342.62,3.05,3692.47,-171.7,corridor,18.55,clear,19.075,5.859,47.45,61.33,world
1465.25,2026-08-31 05:37:32,342.28,3.19,3690.05,-171.7,corridor,18.57,clear,19.457,5.726,49.89,61.76,world
1465.75,2026-08-31 05:37:32,341.92,3.17,3687.58,-171.7,corridor,18.59,clear,19.457,5.726,52.39,62.29,world
1466.25,2026-08-31 05:37:33,341.55,2.87,3685.03,-171.7,corridor,18.61,clear,20.832,5.831,54.97,62.94,world
1466.75,2026-08-31 05:37:33,341.19,2.41,3682.47,-171.7,corridor,18.63,clear,20.832,5.831,57.55,63.69,world
1467.25,2026-08-31 05:37:34,340.82,2.06,3679.92,-171.7,corridor,18.65,clear,23.304,5.825,60.13,64.53,world
1467.75,2026-08-31 05:37:34,340.46,1.95,3677.41,-171.7,corridor,18.67,clear,23.304,5.825,62.67,65.45,world
1468.25,2026-08-31 05:37:35,340.11,1.86,3674.90,-171.7,corridor,18.69,clear,23.026,6.640,65.20,66.45,world
1468.75,2026-08-31 05:37:35,339.75,1.64,3672.37,-171.7,corridor,18.71,clear,23.026,6.640,67.76,67.54,world
1469.25,2026-08-31 05:37:36,339.39,1.32,3669.81,-171.7,corridor,18.73,clear,19.353,5.628,70.34,68.73,world
1469.75,2026-08-31 05:37:36,339.02,0.99,3667.26,-171.7,corridor,18.75,clear,19.353,5.628,72.92,69.98,world
1470.25,2026-08-31 05:37:37,338.66,0.60,3664.70,-171.7,corridor,18.77,clear,18.155,5.446,75.50,71.31,world
1470.75,2026-08-31 05:37:37,338.29,-0.04,3662.16,-171.7,corridor,18.79,clear,18.155,5.446,78.07,72.69,world
1471.25,2026-08-31 05:37:38,337.92,-0.88,3659.64,-171.7,corridor,18.81,clear,18.977,5.732,80.61,74.12,world
1471.75,2026-08-31 05:37:38,337.56,-1.64,3657.11,-171.7,corridor,18.83,clear,18.977,5.732,83.17,75.62,world
1472.25,2026-08-31 05:37:39,337.19,-2.11,3654.55,-171.7,corridor,18.85,clear,20.314,5.622,85.75,77.20,world
1472.75,2026-08-31 05:37:39,336.83,-2.29,3652.03,-171.7,corridor,18.87,clear,20.314,5.622,88.30,78.80,world
1473.25,2026-08-31 05:37:40,336.48,-2.31,3649.55,-171.7,corridor,18.89,clear,19.433,5.870,90.81,80.43,world
1473.75,2026-08-31 05:37:40,336.12,-2.40,3647.04,-171.7,corridor,18.91,clear,19.433,5.870,93.34,82.12,world
1474.25,2026-08-31 05:37:41,335.76,-2.56,3644.52,-171.7,corridor,18.93,clear,23.177,7.147,95.89,83.86,world
1474.75,2026-08-31 05:37:41,335.40,-2.68,3642.00,-171.7,corridor,18.95,clear,23.177,7.147,98.43,85.64,world
1475.25,2026-08-31 05:37:42,335.03,-2.80,3639.49,-171.7,corridor,18.97,clear,22.151,6.520,100.97,87.45,world
1475.75,2026-08-31 05:37:42,334.67,-3.00,3636.96,-171.7,corridor,18.99,clear,22.151,6.520,103.53,89.31,world
1476.25,2026-08-31 05:37:43,334.31,-3.21,3634.42,-171.7,corridor,19.01,clear,22.086,6.242,106.10,91.21,world
1476.75,2026-08-31 05:37:43,333.95,-3.30,3631.91,-171.7,corridor,19.03,clear,22.086,6.242,108.63,93.12,world
1477.25,2026-08-31 05:37:44,333.60,-3.19,3629.48,-171.7,corridor,19.05,clear,18.517,5.613,111.08,95.00,world
1477.75,2026-08-31 05:37:44,333.26,-3.02,3627.08,-171.7,corridor,19.07,clear,18.517,5.613,113.51,96.88,world
1478.25,2026-08-31 05:37:45,332.92,-2.93,3624.65,-171.7,corridor,19.09,clear,20.615,5.462,115.97,98.81,world
1478.75,2026-08-31 05:37:45,332.56,-2.98,3622.15,-171.7,corridor,19.11,clear,20.615,5.462,118.48,100.81,world
1479.25,2026-08-31 05:37:46,332.20,-3.15,3619.63,-171.7,corridor,19.13,clear,19.060,5.881,121.03,102.86,world
1479.75,2026-08-31 05:37:46,331.83,-3.35,3617.10,-171.7,corridor,19.15,clear,19.060,5.881,123.59,104.93,world
1480.25,2026-08-31 05:37:47,331.46,-3.52,3614.58,-171.7,corridor,19.17,clear,20.006,5.580,126.14,107.02,world
1480.75,2026-08-31 05:37:47,331.09,-3.66,3612.06,-171.7,corridor,19.19,clear,20.006,5.580,128.68,109.12,world
1481.25,2026-08-31 05:37:48,330.72,-3.81,3609.54,-171.7,corridor,19.21,clear,20.656,6.095,131.23,111.25,world
1481.75,2026-08-31 05:37:48,330.35,-4.00,3607.01,-171.7,corridor,19.23,clear,20.656,6.095,133.79,113.40,world
1482.25,2026-08-31 05:37:49,329.97,-4.13,3604.49,-171.7,corridor,19.25,clear,19.649,5.916,136.34,115.55,world
1482.75,2026-08-31 05:37:49,329.65,-4.09,3602.29,-171.7,corridor,19.27,clear,19.649,5.916,138.56,117.45,world
1483.25,2026-08-31 05:37:50,329.30,-3.95,3599.88,-171.7,corridor,19.29,clear,18.943,5.817,141.00,119.01,world
1483.75,2026-08-31 05:37:50,328.95,-3.80,3597.47,-171.7,corridor,19.31,clear,18.943,5.817,143.43,120.39,world
1484.25,2026-08-31 05:37:51,328.60,-3.70,3595.04,-171.7,corridor,19.33,clear,20.084,6.641,145.88,121.82,world
1484.75,2026-08-31 05:37:51,328.24,-3.68,3592.58,-171.7,corridor,19.35,clear,20.084,6.641,148.37,123.29,world
1485.25,2026-08-31 05:37:52,327.88,-3.71,3590.10,-171.7,corridor,19.37,clear,18.931,5.851,150.88,124.82,world
1485.75,2026-08-31 05:37:52,327.52,-3.76,3587.61,-171.7,corridor,19.39,clear,18.931,5.851,153.40,126.37,world
1486.25,2026-08-31 05:37:53,327.16,-3.77,3585.13,-171.7,corridor,19.41,clear,17.897,5.364,155.90,127.96,world
1486.75,2026-08-31 05:37:53,326.80,-3.71,3582.68,-171.7,corridor,19.43,clear,17.897,5.364,158.38,129.55,world
1487.25,2026-08-31 05:37:54,326.45,-3.58,3580.26,-171.7,corridor,19.45,clear,19.502,6.259,160.82,131.14,world
1487.75,2026-08-31 05:37:54,326.09,-3.47,3577.84,-171.7,corridor,19.47,clear,19.502,6.259,163.27,132.77,world
1488.25,2026-08-31 05:37:55,325.73,-3.45,3575.37,-171.7,corridor,19.49,clear,18.452,5.879,165.77,134.45,world
1488.75,2026-08-31 05:37:55,325.37,-3.48,3572.88,-171.7,corridor,19.51,clear,18.452,5.879,168.28,136.17,world
1489.25,2026-08-31 05:37:56,325.01,-3.56,3570.38,-171.7,corridor,19.53,clear,18.038,5.600,170.80,137.92,world
1489.75,2026-08-31 05:37:56,324.64,-3.71,3567.86,-171.7,corridor,19.55,clear,18.038,5.600,173.35,139.72,world
1490.25,2026-08-31 05:37:57,324.27,-3.88,3565.34,-171.7,corridor,19.57,clear,18.160,5.645,175.90,141.54,world
1490.75,2026-08-31 05:37:57,323.90,-4.07,3562.81,-171.7,corridor,19.59,clear,18.160,5.645,178.46,143.38,world
1491.25,2026-08-31 05:37:58,323.54,-4.32,3560.26,-171.7,corridor,19.61,clear,19.239,5.820,181.03,145.26,world
1491.75,2026-08-31 05:37:58,323.16,-4.72,3557.70,-171.7,corridor,19.63,clear,19.239,5.820,183.62,147.17,world
1492.25,2026-08-31 05:37:59,322.79,-5.27,3555.15,-171.7,corridor,19.65,clear,23.526,8.822,186.20,149.10,world
1492.75,2026-08-31 05:37:59,322.42,-5.73,3552.59,-171.7,corridor,19.67,clear,23.526,8.822,188.79,151.04,world
1493.25,2026-08-31 05:38:00,322.05,-5.88,3550.07,-171.7,corridor,19.69,clear,18.459,6.146,191.33,152.98,world
1493.75,2026-08-31 05:38:00,321.70,-5.76,3547.65,-171.7,corridor,19.71,clear,18.459,6.146,193.78,154.84,world
1494.25,2026-08-31 05:38:01,321.34,-5.69,3545.21,-171.7,corridor,19.73,clear,19.878,5.871,196.25,155.16,world
1494.75,2026-08-31 05:38:01,320.97,-5.70,3542.73,-171.7,corridor,19.75,clear,19.878,5.871,198.75,155.53,world
1495.25,2026-08-31 05:38:02,320.61,-5.64,3540.27,-171.7,corridor,19.77,clear,22.767,6.746,201.23,155.93,world
1495.75,2026-08-31 05:38:02,320.26,-5.39,3537.92,-171.7,corridor,19.79,clear,22.767,6.746,203.61,156.36,world
1496.25,2026-08-31 05:38:03,319.91,-5.11,3535.58,-171.7,corridor,19.81,clear,18.953,5.637,205.97,156.81,world
1496.75,2026-08-31 05:38:03,319.56,-4.97,3533.18,-171.7,corridor,19.83,clear,18.953,5.637,208.41,157.32,world
1497.25,2026-08-31 05:38:04,319.20,-4.93,3530.72,-171.7,corridor,19.85,clear,17.968,5.853,210.89,157.87,world
1497.75,2026-08-31 05:38:04,318.84,-4.83,3528.28,-171.7,corridor,19.87,clear,17.968,5.853,213.35,158.46,world
1498.25,2026-08-31 05:38:05,318.50,-4.62,3525.91,-171.7,corridor,19.89,clear,18.357,5.609,215.75,159.07,world
1498.75,2026-08-31 05:38:05,318.15,-4.39,3523.55,-171.7,corridor,19.91,clear,18.357,5.609,218.14,159.70,world
1499.25,2026-08-31 05:38:06,317.80,-4.20,3521.16,-171.7,corridor,19.93,clear,19.671,6.035,220.56,160.38,world
1499.75,2026-08-31 05:38:06,317.44,-4.06,3518.74,-171.7,corridor,19.95,clear,19.671,6.035,223.00,161.09,world
1500.25,2026-08-31 05:38:07,317.08,-3.97,3516.30,-171.7,corridor,19.97,clear,17.854,5.489,225.46,161.85,world
1500.75,2026-08-31 05:38:07,316.72,-3.96,3513.84,-171.7,corridor,19.99,clear,17.854,5.489,227.95,162.65,world
1501.25,2026-08-31 05:38:08,316.36,-3.98,3511.36,-171.7,corridor,20.01,clear,18.546,6.156,230.46,163.50,world
1501.75,2026-08-31 05:38:08,316.00,-3.91,3508.92,-171.7,corridor,20.03,clear,18.546,6.156,232.93,164.36,world
1502.25,2026-08-31 05:38:09,315.65,-3.78,3506.50,-171.7,corridor,20.05,clear,20.013,7.070,235.37,165.25,world
1502.75,2026-08-31 05:38:09,315.29,-3.69,3504.06,-171.7,corridor,20.07,clear,20.013,7.070,237.84,166.17,world
1503.25,2026-08-31 05:38:10,314.93,-3.68,3501.59,-171.7,corridor,20.09,clear,20.587,6.591,240.33,167.14,world
1503.75,2026-08-31 05:38:10,314.56,-3.76,3499.09,-171.7,corridor,20.11,clear,20.587,6.591,242.86,168.15,world
1504.25,2026-08-31 05:38:11,314.19,-3.95,3496.56,-171.7,corridor,20.13,clear,20.613,7.319,245.42,169.20,world
1504.75,2026-08-31 05:38:11,313.82,-4.23,3494.01,-171.7,corridor,20.15,clear,20.613,7.319,247.99,170.30,world
1505.25,2026-08-31 05:38:12,313.44,-4.50,3491.47,-171.7,corridor,20.17,clear,20.443,6.827,250.56,171.42,world
1505.75,2026-08-31 05:38:12,313.06,-4.70,3488.93,-171.7,corridor,20.19,clear,20.443,6.827,253.13,172.57,world
1506.25,2026-08-31 05:38:13,312.69,-4.90,3486.40,-171.7,corridor,20.21,clear,21.520,7.982,255.69,173.75,world
1506.75,2026-08-31 05:38:13,312.31,-5.07,3483.86,-171.7,corridor,20.23,clear,21.520,7.982,258.25,174.96,world
1507.25,2026-08-31 05:38:14,311.94,-5.01,3481.40,-171.8,corridor,20.25,clear,21.825,6.961,260.74,176.16,world
1507.75,2026-08-31 05:38:14,311.58,-4.83,3478.99,-171.8,corridor,20.27,clear,21.825,6.961,263.18,177.35,world
1508.25,2026-08-31 05:38:15,311.22,-4.70,3476.57,-171.8,corridor,20.29,clear,21.751,6.922,265.63,178.59,world
1508.75,2026-08-31 05:38:15,310.85,-4.62,3474.12,-171.8,corridor,20.31,clear,21.751,6.922,268.10,179.86,world
1509.25,2026-08-31 05:38:16,310.49,-4.48,3471.70,-171.8,corridor,20.33,clear,27.120,9.478,270.55,181.14,world
1509.75,2026-08-31 05:38:16,310.13,-4.28,3469.30,-171.8,corridor,20.35,clear,27.120,9.478,272.98,182.43,world
1510.25,2026-08-31 05:38:17,309.77,-4.07,3466.92,-171.8,corridor,20.37,clear,21.601,7.594,275.39,183.74,world
1510.75,2026-08-31 05:38:17,309.42,-3.86,3464.54,-171.8,corridor,20.39,clear,21.601,7.594,277.79,185.07,world
1511.25,2026-08-31 05:38:18,309.07,-3.64,3462.16,-171.8,corridor,20.41,clear,20.463,6.637,280.19,186.42,world
1511.75,2026-08-31 05:38:18,308.72,-3.43,3459.79,-171.8,corridor,20.43,clear,20.463,6.637,282.59,187.78,world
1512.25,2026-08-31 05:38:19,308.38,-3.20,3457.43,-171.8,corridor,20.45,clear,21.329,7.484,284.98,189.17,world
1512.75,2026-08-31 05:38:19,308.04,-2.87,3455.13,-171.8,corridor,20.47,clear,21.329,7.484,287.30,190.53,world
1513.25,2026-08-31 05:38:20,307.72,-2.41,3452.94,-171.8,corridor,20.49,clear,20.378,6.792,289.51,191.86,world
1513.75,2026-08-31 05:38:20,307.40,-1.91,3450.79,-171.8,corridor,20.51,clear,20.378,6.792,291.68,193.16,world
1514.25,2026-08-31 05:38:21,307.09,-1.44,3448.61,-171.8,corridor,20.53,clear,20.126,8.038,293.89,194.51,world
1514.75,2026-08-31 05:38:21,306.76,-1.06,3446.36,-171.8,corridor,20.55,clear,20.126,8.038,296.16,195.91,world
1515.25,2026-08-31 05:38:22,306.41,-0.77,3444.04,-171.8,corridor,20.57,clear,20.242,6.729,298.51,197.38,world
1515.75,2026-08-31 05:38:22,306.06,-0.65,3441.62,-171.8,corridor,20.59,clear,20.242,6.729,300.96,198.93,world
1516.25,2026-08-31 05:38:23,305.70,-0.69,3439.13,-171.8,corridor,20.61,clear,20.843,7.802,303.47,200.54,world
1516.75,2026-08-31 05:38:23,305.37,-0.79,3436.88,-171.8,corridor,20.63,clear,20.843,7.802,305.75,202.01,world
1517.25,2026-08-31 05:38:24,305.00,-0.88,3434.37,-171.8,corridor,20.65,clear,20.140,7.194,308.28,203.66,world
1517.75,2026-08-31 05:38:24,304.63,-0.95,3431.87,-171.8,corridor,20.67,clear,20.140,7.194,310.81,205.33,world
1518.25,2026-08-31 05:38:25,304.26,-0.99,3429.37,-171.8,corridor,20.69,clear,19.484,6.323,313.33,207.01,world
1518.75,2026-08-31 05:38:25,303.89,-0.94,3426.91,-171.8,corridor,20.71,clear,19.484,6.323,315.82,208.69,world
1519.25,2026-08-31 05:38:26,303.53,-0.85,3424.47,-171.8,corridor,20.73,clear,20.265,6.742,318.29,210.36,world
1519.75,2026-08-31 05:38:26,303.17,-0.82,3422.00,-171.8,corridor,20.75,clear,20.265,6.742,320.78,212.07,world
1520.25,2026-08-31 05:38:27,302.80,-0.81,3419.53,-171.8,corridor,20.77,clear,20.665,7.281,323.28,213.80,world
1520.75,2026-08-31 05:38:27,302.44,-0.67,3417.12,-171.8,corridor,20.79,clear,20.665,7.281,325.72,215.51,world
1521.25,2026-08-31 05:38:28,302.09,-0.49,3414.72,-171.8,corridor,20.81,clear,25.462,6.761,328.14,217.21,world
1521.75,2026-08-31 05:38:28,301.73,-0.42,3412.27,-171.8,corridor,20.83,clear,25.462,6.761,330.62,218.96,world
1522.25,2026-08-31 05:38:29,301.35,-0.52,3409.76,-171.8,corridor,20.85,clear,20.021,7.522,333.16,220.78,world
1522.75,2026-08-31 05:38:29,300.97,-0.72,3407.23,-171.8,corridor,20.87,clear,20.021,7.522,335.72,222.62,world
1523.25,2026-08-31 05:38:30,300.58,-1.02,3404.67,-171.8,corridor,20.89,clear,19.871,7.182,338.31,224.49,world
1523.75,2026-08-31 05:38:30,300.20,-1.37,3402.11,-171.8,corridor,20.91,clear,19.871,7.182,340.89,226.38,world
1524.25,2026-08-31 05:38:31,299.83,-1.46,3399.61,-171.8,corridor,20.93,clear,20.626,7.964,343.42,228.25,world
1524.75,2026-08-31 05:38:31,299.47,-1.26,3397.23,-171.8,corridor,20.95,clear,20.626,7.964,345.83,230.03,world
1525.25,2026-08-31 05:38:32,299.13,-0.99,3394.88,-171.8,corridor,20.97,clear,21.751,8.268,348.20,231.80,world
1525.75,2026-08-31 05:38:32,298.77,-0.80,3392.50,-171.8,corridor,20.99,clear,21.751,8.268,350.61,233.53,world
1526.25,2026-08-31 05:38:33,298.41,-0.74,3390.04,-171.8,corridor,21.01,clear,21.663,7.664,353.09,235.32,world
1526.75,2026-08-31 05:38:33,298.05,-0.69,3387.58,-171.8,corridor,21.03,clear,21.663,7.664,355.58,237.13,world
1527.25,2026-08-31 05:38:34,297.69,-0.51,3385.19,-171.8,corridor,21.05,clear,23.791,10.682,358.00,238.90,world
1527.75,2026-08-31 05:38:34,297.35,-0.21,3382.87,-171.8,corridor,21.07,clear,23.791,10.682,360.35,240.62,world
1528.25,2026-08-31 05:38:35,297.00,0.10,3380.55,-171.8,corridor,21.09,clear,23.317,9.148,362.70,242.36,world
1528.75,2026-08-31 05:38:35,296.64,0.29,3378.15,-171.8,corridor,21.11,clear,23.317,9.148,365.11,244.16,world
1529.25,2026-08-31 05:38:36,296.28,0.34,3375.70,-171.8,corridor,21.13,clear,22.019,7.780,367.60,246.02,world
1529.75,2026-08-31 05:38:36,295.91,0.36,3373.22,-171.8,corridor,21.15,clear,22.019,7.780,370.10,247.90,world
1530.25,2026-08-31 05:38:37,295.56,0.48,3370.80,-171.8,corridor,21.17,clear,26.432,9.601,372.55,249.76,world
1530.75,2026-08-31 05:38:37,295.21,0.74,3368.46,-171.8,corridor,21.19,clear,26.432,9.601,374.91,251.56,world
1531.25,2026-08-31 05:38:38,294.88,1.08,3366.17,-171.8,corridor,21.21,clear,22.156,10.889,377.23,249.34,world
1531.75,2026-08-31 05:38:38,294.54,1.41,3363.88,-171.8,corridor,21.23,clear,22.156,10.889,379.55,247.02,world
1532.25,2026-08-31 05:38:39,294.20,1.72,3361.56,-171.8,corridor,21.25,clear,21.427,6.906,381.88,244.69,world
1532.75,2026-08-31 05:38:39,293.88,2.10,3359.31,-171.8,corridor,21.27,clear,21.427,6.906,384.16,242.41,world
1533.25,2026-08-31 05:38:40,293.56,2.52,3357.09,-171.8,corridor,21.29,clear,19.080,7.514,386.40,240.17,world
1533.75,2026-08-31 05:38:40,293.23,2.85,3354.80,-171.8,corridor,21.31,clear,19.080,7.514,388.71,237.86,world
1534.25,2026-08-31 05:38:41,292.88,3.04,3352.42,-171.8,corridor,21.33,clear,21.649,7.499,391.12,235.46,world
1534.75,2026-08-31 05:38:41,292.53,3.22,3350.03,-171.8,corridor,21.35,clear,21.649,7.499,393.54,233.04,world
1535.25,2026-08-31 05:38:42,292.18,3.40,3347.64,-171.8,corridor,21.37,clear,23.677,7.570,395.95,230.63,world
1535.75,2026-08-31 05:38:42,291.83,3.49,3345.20,-171.8,corridor,21.39,clear,23.677,7.570,398.42,228.17,world
1536.25,2026-08-31 05:38:43,291.46,3.42,3342.71,-171.8,corridor,21.41,clear,24.717,7.480,400.94,225.65,world
1536.75,2026-08-31 05:38:43,291.09,3.24,3340.18,-171.8,corridor,21.43,clear,24.717,7.480,403.49,223.10,world
1537.25,2026-08-31 05:38:44,290.73,3.04,3337.65,-171.8,corridor,21.45,clear,22.166,7.297,406.05,220.54,world
1537.75,2026-08-31 05:38:44,290.36,2.96,3335.14,-171.8,corridor,21.47,clear,22.166,7.297,408.58,218.01,world
1538.25,2026-08-31 05:38:45,290.00,2.92,3332.66,-171.8,corridor,21.49,clear,21.311,7.576,411.09,215.50,world
1538.75,2026-08-31 05:38:45,289.63,2.76,3330.13,-171.8,corridor,21.51,clear,21.311,7.576,413.64,212.96,world
1539.25,2026-08-31 05:38:46,289.25,2.48,3327.58,-171.8,corridor,21.53,clear,22.958,7.196,416.22,210.38,world
1539.75,2026-08-31 05:38:46,288.87,2.26,3325.05,-171.8,corridor,21.55,clear,22.958,7.196,418.79,207.82,world
1540.25,2026-08-31 05:38:47,288.50,2.19,3322.54,-171.8,corridor,21.57,clear,57.266,7.677,421.32,205.28,world
1540.75,2026-08-31 05:38:47,288.13,2.20,3320.06,-171.8,corridor,21.59,clear,57.266,7.677,423.83,202.78,world
1541.25,2026-08-31 05:38:48,287.76,2.28,3317.61,-171.8,corridor,21.61,clear,20.522,7.989,426.30,200.31,world
1541.75,2026-08-31 05:38:48,287.41,2.51,3315.25,-171.8,corridor,21.63,clear,20.522,7.989,428.69,197.92,world
1542.25,2026-08-31 05:38:49,287.07,2.76,3312.90,-171.8,corridor,21.65,clear,19.144,6.878,431.07,195.55,world
1542.75,2026-08-31 05:38:49,286.72,2.94,3310.51,-171.8,corridor,21.67,clear,19.144,6.878,433.48,193.14,world
1543.25,2026-08-31 05:38:50,286.38,3.10,3308.11,-171.8,corridor,21.69,clear,19.486,6.865,435.91,190.71,world
1543.75,2026-08-31 05:38:50,286.04,3.37,3305.77,-171.8,corridor,21.71,clear,19.486,6.865,438.27,188.36,world
1544.25,2026-08-31 05:38:51,285.70,3.61,3303.42,-171.8,corridor,21.73,clear,18.971,9.226,440.64,185.99,world
1544.75,2026-08-31 05:38:51,285.34,3.58,3300.95,-171.8,corridor,21.75,clear,18.971,9.226,443.14,183.49,world
1545.25,2026-08-31 05:38:52,284.98,3.23,3298.40,-171.8,corridor,21.77,clear,19.317,6.983,445.72,180.91,world
1545.75,2026-08-31 05:38:52,284.62,2.75,3295.84,-171.8,corridor,21.79,clear,19.317,6.983,448.31,178.33,world
1546.25,2026-08-31 05:38:53,284.25,2.29,3293.28,-171.8,corridor,21.81,clear,19.458,6.406,450.89,175.75,world
1546.75,2026-08-31 05:38:53,283.89,1.85,3290.71,-171.8,corridor,21.83,clear,19.458,6.406,453.48,173.17,world
1547.25,2026-08-31 05:38:54,283.53,1.52,3288.16,-171.8,corridor,21.85,clear,20.556,7.547,456.06,170.59,world
1547.75,2026-08-31 05:38:54,283.18,1.50,3285.68,-171.8,corridor,21.87,clear,20.556,7.547,458.57,168.09,world
1548.25,2026-08-31 05:38:55,282.83,1.61,3283.24,-171.8,corridor,21.89,clear,19.486,6.279,461.03,165.63,world
1548.75,2026-08-31 05:38:55,282.49,1.61,3280.77,-171.8,corridor,21.91,clear,19.486,6.279,463.52,163.14,world
1549.25,2026-08-31 05:38:56,282.13,1.44,3278.24,-171.8,corridor,21.93,clear,19.214,6.084,466.07,160.60,world
1549.75,2026-08-31 05:38:56,281.76,1.17,3275.70,-171.8,corridor,21.95,clear,19.214,6.084,468.65,158.03,world
1550.25,2026-08-31 05:38:57,281.39,0.80,3273.14,-171.8,corridor,21.97,clear,18.579,6.353,471.23,155.45,world
1550.75,2026-08-31 05:38:57,281.02,0.21,3270.59,-171.8,corridor,21.99,clear,18.579,6.353,473.81,152.88,world
1551.25,2026-08-31 05:38:58,280.65,-0.61,3268.08,-171.8,corridor,22.01,clear,19.425,7.294,476.35,150.34,world
1551.75,2026-08-31 05:38:58,280.30,-1.59,3265.59,-171.8,corridor,22.03,clear,19.425,7.294,478.86,147.84,world
1552.25,2026-08-31 05:38:59,279.94,-2.66,3263.12,-171.8,corridor,22.05,clear,18.392,6.712,481.35,145.35,world
1552.75,2026-08-31 05:38:59,279.58,-3.71,3260.65,-171.8,corridor,22.07,clear,18.392,6.712,483.85,142.86,world
1553.25,2026-08-31 05:39:00,279.22,-4.61,3258.16,-171.8,corridor,22.09,clear,19.092,6.657,486.37,140.34,world
1553.75,2026-08-31 05:39:00,278.85,-5.27,3255.61,-171.8,corridor,22.11,clear,19.092,6.657,488.94,137.78,world
1554.25,2026-08-31 05:39:01,278.48,-5.62,3253.06,-171.8,corridor,22.13,clear,19.656,7.583,491.52,135.21,world
1554.75,2026-08-31 05:39:01,278.12,-5.73,3250.56,-171.8,corridor,22.15,clear,19.656,7.583,494.05,132.68,world
1555.25,2026-08-31 05:39:02,277.77,-5.71,3248.09,-171.8,corridor,22.17,clear,18.782,6.860,496.54,130.19,world
1555.75,2026-08-31 05:39:02,277.41,-5.71,3245.61,-171.8,corridor,22.19,clear,18.782,6.860,499.04,127.70,world
1556.25,2026-08-31 05:39:03,277.05,-5.77,3243.12,-171.8,corridor,22.21,clear,18.786,6.380,501.56,125.19,world
1556.75,2026-08-31 05:39:03,276.69,-5.84,3240.63,-171.8,corridor,22.23,clear,18.786,6.380,504.08,122.68,world
1557.25,2026-08-31 05:39:04,276.33,-5.89,3238.13,-171.8,corridor,22.25,clear,19.586,7.500,506.60,120.17,world
1557.75,2026-08-31 05:39:04,275.98,-5.85,3235.68,-171.8,corridor,22.27,clear,19.586,7.500,509.08,117.69,world
1558.25,2026-08-31 05:39:05,275.63,-5.71,3233.26,-171.8,corridor,22.29,clear,19.214,6.299,511.52,115.26,world
1558.75,2026-08-31 05:39:05,275.29,-5.55,3230.86,-171.8,corridor,22.31,clear,19.214,6.299,513.95,112.85,world
1559.25,2026-08-31 05:39:06,274.94,-5.36,3228.48,-171.8,corridor,22.33,clear,19.639,6.496,516.35,110.45,world
1559.75,2026-08-31 05:39:06,274.60,-5.10,3226.14,-171.8,corridor,22.35,clear,19.639,6.496,518.72,108.09,world
1560.25,2026-08-31 05:39:07,274.26,-4.92,3223.76,-171.8,corridor,22.37,clear,18.597,6.202,521.13,105.69,world
1560.75,2026-08-31 05:39:07,273.90,-4.97,3221.27,-171.8,corridor,22.39,clear,18.597,6.202,523.64,103.19,world
1561.25,2026-08-31 05:39:08,273.54,-5.16,3218.74,-171.8,corridor,22.41,clear,18.860,6.024,526.20,100.65,world
1561.75,2026-08-31 05:39:08,273.17,-5.27,3216.23,-171.8,corridor,22.43,clear,18.860,6.024,528.73,98.12,world
1562.25,2026-08-31 05:39:09,272.82,-5.29,3213.75,-171.8,corridor,22.45,clear,18.701,6.656,531.24,95.63,world
1562.75,2026-08-31 05:39:09,272.46,-5.29,3211.27,-171.8,corridor,22.47,clear,18.701,6.656,533.74,93.14,world
1563.25,2026-08-31 05:39:10,272.10,-5.28,3208.80,-171.8,corridor,22.49,clear,18.627,6.621,536.24,90.66,world
1563.75,2026-08-31 05:39:10,271.74,-5.19,3206.37,-171.8,corridor,22.51,clear,18.627,6.621,538.69,88.21,world
1564.25,2026-08-31 05:39:11,271.40,-4.98,3204.00,-171.8,corridor,22.53,clear,18.731,6.314,541.09,85.83,world
1564.75,2026-08-31 05:39:11,271.06,-4.73,3201.65,-171.8,corridor,22.55,clear,18.731,6.314,543.47,83.47,world
1565.25,2026-08-31 05:39:12,270.71,-4.58,3199.25,-171.8,corridor,22.57,clear,18.788,6.678,545.89,81.06,world
1565.75,2026-08-31 05:39:12,270.35,-4.59,3196.77,-171.8,corridor,22.59,clear,18.788,6.678,548.39,78.58,world
1566.25,2026-08-31 05:39:13,269.98,-4.75,3194.25,-171.8,corridor,22.61,clear,18.914,6.344,550.94,76.05,world
1566.75,2026-08-31 05:39:13,269.61,-4.91,3191.73,-171.8,corridor,22.63,clear,18.914,6.344,553.49,73.52,world
1567.25,2026-08-31 05:39:14,269.25,-5.05,3189.21,-171.8,corridor,22.65,clear,18.094,6.595,556.04,71.00,world
1567.75,2026-08-31 05:39:14,268.88,-5.26,3186.68,-171.8,corridor,22.67,clear,18.094,6.595,558.59,68.46,world
1568.25,2026-08-31 05:39:15,268.51,-5.53,3184.14,-171.8,corridor,22.69,clear,20.116,6.177,561.16,65.92,world
1568.75,2026-08-31 05:39:15,268.15,-5.77,3181.59,-171.8,corridor,22.71,clear,20.116,6.177,563.73,63.38,world
1569.25,2026-08-31 05:39:16,267.78,-5.95,3179.07,-171.8,corridor,22.73,clear,20.228,6.410,566.28,60.86,world
1569.75,2026-08-31 05:39:16,267.42,-6.06,3176.56,-171.8,corridor,22.75,clear,20.228,6.410,568.82,58.36,world
1570.25,2026-08-31 05:39:17,267.06,-6.07,3174.08,-171.8,corridor,22.77,clear,19.111,6.258,571.32,55.89,world
1570.75,2026-08-31 05:39:17,266.70,-6.04,3171.62,-171.8,corridor,22.79,clear,19.111,6.258,573.81,53.44,world
1571.25,2026-08-31 05:39:18,266.34,-6.12,3169.13,-171.8,corridor,22.81,clear,20.704,8.553,576.33,50.96,world
1571.75,2026-08-31 05:39:18,265.97,-6.36,3166.59,-171.8,corridor,22.83,clear,20.704,8.553,578.89,48.45,world
1572.25,2026-08-31 05:39:19,265.60,-6.73,3164.03,-171.8,corridor,22.85,clear,40.566,6.762,581.48,45.92,world
1572.75,2026-08-31 05:39:19,265.23,-7.12,3161.48,-171.8,corridor,22.87,clear,40.566,6.762,584.06,43.39,world
1573.25,2026-08-31 05:39:20,264.86,-7.61,3158.92,-171.8,corridor,22.89,clear,18.644,6.183,586.65,40.87,world
1573.75,2026-08-31 05:39:20,264.48,-8.18,3156.36,-171.8,corridor,22.91,clear,18.644,6.183,589.23,38.37,world
1574.25,2026-08-31 05:39:21,264.11,-8.69,3153.80,-171.8,corridor,22.93,clear,19.390,6.533,591.82,35.87,world
1574.75,2026-08-31 05:39:21,263.74,-9.10,3151.24,-171.8,corridor,22.95,clear,19.390,6.533,594.41,33.38,world
1575.25,2026-08-31 05:39:22,263.37,-9.38,3148.69,-171.8,corridor,22.97,clear,22.171,7.646,596.98,30.92,world
1575.75,2026-08-31 05:39:22,263.01,-9.49,3146.18,-171.8,corridor,22.99,clear,22.171,7.646,0.00,28.52,world
1576.25,2026-08-31 05:39:23,262.65,-9.52,3143.70,-171.8,corridor,23.01,clear,19.814,6.531,0.00,26.17,world
1576.75,2026-08-31 05:39:23,262.29,-9.64,3141.18,-171.8,corridor,23.03,clear,19.814,6.531,0.00,23.83,world
1577.25,2026-08-31 05:39:24,261.92,-9.89,3138.64,-171.8,corridor,23.05,clear,20.900,9.011,0.00,21.50,world
1577.75,2026-08-31 05:39:24,261.55,-10.20,3136.09,-171.8,corridor,23.07,clear,20.900,9.011,0.00,19.59,world
1578.25,2026-08-31 05:39:25,261.18,-10.41,3133.56,-171.8,corridor,23.09,clear,18.938,7.221,0.00,17.87,world
1578.75,2026-08-31 05:39:25,260.83,-10.40,3131.09,-171.8,corridor,23.11,clear,18.938,7.221,0.00,16.31,world
1579.25,2026-08-31 05:39:26,260.49,-10.13,3128.75,-171.8,corridor,23.13,clear,20.237,18.789,0.00,15.02,world
1579.75,2026-08-31 05:39:26,260.17,-9.74,3126.51,-171.8,corridor,23.15,clear,20.237,18.789,0.00,13.95,world
1580.25,2026-08-31 05:39:27,259.84,-9.34,3124.28,-171.8,corridor,23.17,clear,20.593,7.873,0.00,13.06,world
1580.75,2026-08-31 05:39:27,259.52,-8.91,3122.07,-171.8,corridor,23.19,clear,20.593,7.873,0.00,12.24,world
1581.25,2026-08-31 05:39:28,259.22,-8.38,3119.96,-171.8,corridor,23.21,clear,19.985,7.694,0.00,11.52,world
1581.75,2026-08-31 05:39:28,258.92,-7.79,3117.92,-171.8,corridor,23.23,clear,19.985,7.694,0.00,11.17,world
1582.25,2026-08-31 05:39:29,258.62,-7.23,3115.85,-171.8,corridor,23.25,clear,19.862,7.467,0.00,11.20,world
1582.75,2026-08-31 05:39:29,258.30,-6.79,3113.65,-171.8,corridor,23.27,clear,19.862,7.467,0.00,10.99,world
1583.25,2026-08-31 05:39:30,257.97,-6.50,3111.34,-171.8,corridor,23.29,clear,20.769,8.380,0.00,8.30,world
1583.75,2026-08-31 05:39:30,257.63,-6.29,3108.97,-171.8,corridor,23.31,clear,20.769,8.380,0.00,6.21,world
1584.25,2026-08-31 05:39:31,257.28,-6.11,3106.58,-171.8,corridor,23.33,clear,24.153,8.827,0.00,4.42,world
1584.75,2026-08-31 05:39:31,256.93,-5.97,3104.17,-171.8,corridor,23.35,clear,24.153,8.827,0.00,3.50,world
1585.25,2026-08-31 05:39:32,256.58,-5.88,3101.73,-171.8,corridor,23.37,clear,22.256,8.292,0.00,4.12,world
1585.75,2026-08-31 05:39:32,256.22,-5.92,3099.25,-171.8,corridor,23.39,clear,22.256,8.292,0.00,5.85,world
1586.25,2026-08-31 05:39:33,255.85,-6.05,3096.73,-171.8,corridor,23.41,clear,19.856,8.050,0.00,8.04,world
1586.75,2026-08-31 05:39:33,255.49,-6.16,3094.22,-171.8,corridor,23.43,clear,19.856,8.050,0.00,10.81,world
1587.25,2026-08-31 05:39:34,255.13,-6.19,3091.73,-171.8,corridor,23.45,clear,21.234,8.570,0.00,13.96,world
1587.75,2026-08-31 05:39:34,254.77,-6.13,3089.29,-171.8,corridor,23.47,clear,21.234,8.570,0.00,17.13,world
1588.25,2026-08-31 05:39:35,254.42,-5.95,3086.90,-171.8,corridor,23.49,clear,20.563,7.751,0.00,20.29,world
1588.75,2026-08-31 05:39:35,254.09,-5.68,3084.57,-171.8,corridor,23.51,clear,20.563,7.751,0.00,22.91,world
1589.25,2026-08-31 05:39:36,253.75,-5.41,3082.23,-171.8,corridor,23.53,clear,19.902,7.279,0.00,25.24,world
1589.75,2026-08-31 05:39:36,253.40,-5.26,3079.82,-171.8,corridor,23.55,clear,19.902,7.279,0.00,27.65,world
1590.25,2026-08-31 05:39:37,253.05,-5.35,3077.32,-171.8,corridor,23.57,clear,19.242,7.320,0.17,30.16,world
1590.75,2026-08-31 05:39:37,252.68,-5.61,3074.78,-171.8,corridor,23.59,clear,19.242,7.320,2.74,32.71,world
1591.25,2026-08-31 05:39:38,252.31,-5.92,3072.23,-171.8,corridor,23.61,clear,20.380,7.959,5.32,35.28,world
1591.75,2026-08-31 05:39:38,251.95,-6.08,3069.71,-171.8,corridor,23.63,clear,20.380,7.959,7.87,37.80,world
1592.25,2026-08-31 05:39:39,251.60,-5.96,3067.29,-171.8,corridor,23.65,clear,19.651,10.175,10.31,40.24,world
1592.75,2026-08-31 05:39:39,251.26,-5.71,3064.94,-171.8,corridor,23.67,clear,19.651,10.175,12.69,42.60,world
1593.25,2026-08-31 05:39:40,250.93,-5.41,3062.63,-171.8,corridor,23.69,clear,18.990,6.730,15.02,44.93,world
1593.75,2026-08-31 05:39:40,250.61,-5.01,3060.39,-171.8,corridor,23.71,clear,18.990,6.730,17.28,47.19,world
1594.25,2026-08-31 05:39:41,250.30,-4.52,3058.24,-171.8,corridor,23.73,clear,19.587,7.106,19.46,49.36,world
1594.75,2026-08-31 05:39:41,249.98,-4.00,3056.12,-171.8,corridor,23.75,clear,19.587,7.106,21.60,51.49,world
1595.25,2026-08-31 05:39:42,249.67,-3.50,3053.98,-171.8,corridor,23.77,clear,19.219,6.829,23.76,53.65,world
1595.75,2026-08-31 05:39:42,249.36,-3.01,3051.83,-171.8,corridor,23.79,clear,19.219,6.829,25.94,55.82,world
1596.25,2026-08-31 05:39:43,249.05,-2.49,3049.70,-171.8,corridor,23.81,clear,19.427,6.530,28.08,57.96,world
1596.75,2026-08-31 05:39:43,248.75,-1.95,3047.61,-171.8,corridor,23.83,clear,19.427,6.530,30.19,60.07,world
1597.25,2026-08-31 05:39:44,248.45,-1.40,3045.53,-171.8,corridor,23.85,clear,18.768,6.628,32.30,62.17,world
1597.75,2026-08-31 05:39:44,248.15,-0.87,3043.42,-171.8,corridor,23.87,clear,18.768,6.628,34.43,64.30,world
1598.25,2026-08-31 05:39:45,247.84,-0.37,3041.28,-171.8,corridor,23.89,clear,19.695,6.513,36.59,66.46,world
1598.75,2026-08-31 05:39:45,247.53,0.10,3039.10,-171.8,corridor,23.91,clear,19.695,6.513,38.80,68.66,world
1599.25,2026-08-31 05:39:46,247.22,0.52,3036.87,-171.8,corridor,23.93,clear,19.841,6.756,41.04,70.90,world
1599.75,2026-08-31 05:39:46,246.90,0.89,3034.60,-171.8,corridor,23.95,clear,19.841,6.756,43.34,73.20,world
1600.25,2026-08-31 05:39:47,246.57,1.13,3032.24,-171.8,corridor,23.97,clear,18.551,6.565,45.72,75.57,world
1600.75,2026-08-31 05:39:47,246.23,1.27,3029.82,-171.8,corridor,23.99,clear,18.551,6.565,48.16,78.02,world
1601.25,2026-08-31 05:39:48,245.89,1.44,3027.42,-171.8,corridor,0.01,clear,19.764,6.786,50.59,80.44,world
1601.75,2026-08-31 05:39:48,245.55,1.66,3025.04,-171.8,corridor,0.03,clear,19.764,6.786,52.99,82.84,world
1602.25,2026-08-31 05:39:49,245.21,1.82,3022.64,-171.8,corridor,0.05,clear,19.560,7.079,55.41,85.26,world
1602.75,2026-08-31 05:39:49,244.86,1.80,3020.16,-171.8,corridor,0.07,clear,19.560,7.079,57.92,87.76,world
1603.25,2026-08-31 05:39:50,244.49,1.65,3017.65,-171.8,corridor,0.09,clear,18.242,14.883,60.46,90.30,world
1603.75,2026-08-31 05:39:50,244.14,1.61,3015.16,-171.8,corridor,0.11,clear,18.242,14.883,62.97,92.81,world
1604.25,2026-08-31 05:39:51,243.78,1.68,3012.71,-171.8,corridor,0.13,clear,19.048,7.878,65.44,95.28,world
1604.75,2026-08-31 05:39:51,243.42,1.65,3010.23,-171.8,corridor,0.15,clear,19.048,7.878,67.95,97.79,world
1605.25,2026-08-31 05:39:52,243.06,1.36,3007.69,-171.8,corridor,0.17,clear,18.581,6.947,70.52,100.36,world
1605.75,2026-08-31 05:39:52,242.68,0.89,3005.13,-171.8,corridor,0.19,clear,18.581,6.947,73.11,102.94,world
1606.25,2026-08-31 05:39:53,242.31,0.56,3002.58,-171.8,corridor,0.21,clear,18.994,7.304,75.68,105.51,world
1606.75,2026-08-31 05:39:53,241.95,0.54,3000.11,-171.8,corridor,0.23,clear,18.994,7.304,78.18,108.01,world
1607.25,2026-08-31 05:39:54,241.60,0.74,2997.73,-171.8,corridor,0.25,clear,18.063,6.405,80.58,110.41,world
1607.75,2026-08-31 05:39:54,241.26,0.94,2995.35,-171.8,corridor,0.27,clear,18.063,6.405,82.99,112.81,world
1608.25,2026-08-31 05:39:55,240.91,1.08,2992.95,-171.8,corridor,0.29,clear,18.858,5.980,85.42,115.25,world
1608.75,2026-08-31 05:39:55,240.56,1.21,2990.53,-171.8,corridor,0.31,clear,18.858,5.980,87.86,117.69,world
1609.25,2026-08-31 05:39:56,240.21,1.37,2988.12,-171.8,corridor,0.33,clear,18.521,6.618,90.29,120.12,world
1609.75,2026-08-31 05:39:56,239.85,1.48,2985.70,-171.8,corridor,0.35,clear,18.521,6.618,92.74,122.56,world
1610.25,2026-08-31 05:39:57,239.49,1.32,2983.18,-171.8,corridor,0.37,clear,20.030,7.345,95.28,125.11,world
1610.75,2026-08-31 05:39:57,239.11,0.81,2980.63,-171.8,corridor,0.39,clear,20.030,7.345,97.87,127.69,world
1611.25,2026-08-31 05:39:58,238.74,0.15,2978.08,-171.8,corridor,0.41,clear,21.115,8.397,100.44,130.26,world
1611.75,2026-08-31 05:39:58,238.36,-0.42,2975.52,-171.8,corridor,0.43,clear,21.115,8.397,103.03,132.85,world
1612.25,2026-08-31 05:39:59,237.99,-0.89,2972.97,-171.8,corridor,0.45,clear,21.533,7.294,105.61,135.43,world
1612.75,2026-08-31 05:39:59,237.62,-1.29,2970.41,-171.8,corridor,0.47,clear,21.533,7.294,108.20,138.02,world
1613.25,2026-08-31 05:40:00,237.24,-1.65,2967.85,-171.8,corridor,0.49,clear,19.468,6.760,110.78,140.60,world
1613.75,2026-08-31 05:40:00,236.87,-1.95,2965.30,-171.8,corridor,0.51,clear,19.468,6.760,113.36,143.17,world
1614.25,2026-08-31 05:40:01,236.50,-2.22,2962.76,-171.8,corridor,0.53,clear,20.658,7.377,115.93,145.74,world
1614.75,2026-08-31 05:40:01,236.13,-2.40,2960.22,-171.8,corridor,0.55,clear,20.658,7.377,118.49,148.30,world
1615.25,2026-08-31 05:40:02,235.76,-2.53,2957.71,-171.8,corridor,0.57,clear,21.015,6.648,121.03,150.84,world
1615.75,2026-08-31 05:40:02,235.39,-2.71,2955.18,-171.8,corridor,0.59,clear,21.015,6.648,123.59,150.85,world
1616.25,2026-08-31 05:40:03,235.02,-3.09,2952.63,-171.8,corridor,0.61,clear,19.509,6.315,126.17,149.58,world
1616.75,2026-08-31 05:40:03,234.65,-3.58,2950.07,-171.8,corridor,0.63,clear,19.509,6.315,128.75,148.35,world
1617.25,2026-08-31 05:40:04,234.28,-3.85,2947.53,-171.8,corridor,0.65,clear,19.546,6.465,131.32,147.16,world
1617.75,2026-08-31 05:40:04,233.91,-3.86,2945.05,-171.8,corridor,0.67,clear,19.546,6.465,133.83,146.03,world
1618.25,2026-08-31 05:40:05,233.55,-3.87,2942.57,-171.8,corridor,0.69,clear,18.370,6.679,136.33,144.94,world
1618.75,2026-08-31 05:40:05,233.18,-4.00,2940.06,-171.8,corridor,0.71,clear,18.370,6.679,138.87,143.87,world
1619.25,2026-08-31 05:40:06,232.81,-4.21,2937.52,-171.8,corridor,0.73,clear,19.116,6.236,141.43,142.82,world
1619.75,2026-08-31 05:40:06,232.43,-4.45,2934.99,-171.8,corridor,0.75,clear,19.116,6.236,144.00,141.82,world
1620.25,2026-08-31 05:40:07,232.06,-4.69,2932.45,-171.8,corridor,0.77,clear,18.946,7.396,146.56,140.85,world
1620.75,2026-08-31 05:40:07,231.70,-4.79,2929.94,-171.8,corridor,0.79,clear,18.946,7.396,149.09,139.94,world
1621.25,2026-08-31 05:40:08,231.35,-4.68,2927.52,-171.8,corridor,0.81,clear,41.937,6.575,151.54,139.10,world
1621.75,2026-08-31 05:40:08,231.00,-4.53,2925.12,-171.8,corridor,0.83,clear,41.937,6.575,153.97,138.30,world
1622.25,2026-08-31 05:40:09,230.65,-4.44,2922.68,-171.8,corridor,0.85,clear,19.447,6.219,156.43,137.53,world
1622.75,2026-08-31 05:40:09,230.28,-4.45,2920.21,-171.8,corridor,0.87,clear,19.447,6.219,158.93,136.78,world
1623.25,2026-08-31 05:40:10,229.91,-4.59,2917.69,-171.8,corridor,0.89,clear,19.774,6.829,161.47,136.07,world
1623.75,2026-08-31 05:40:10,229.54,-4.73,2915.17,-171.8,corridor,0.91,clear,19.774,6.829,164.03,135.39,world
1624.25,2026-08-31 05:40:11,229.17,-4.87,2912.65,-171.8,corridor,0.93,clear,22.345,7.818,166.57,134.76,world
1624.75,2026-08-31 05:40:11,228.79,-5.10,2910.11,-171.8,corridor,0.95,clear,22.345,7.818,169.14,134.17,world
1625.25,2026-08-31 05:40:12,228.41,-5.49,2907.55,-171.8,corridor,0.97,clear,18.342,7.670,171.73,133.63,world
1625.75,2026-08-31 05:40:12,228.03,-5.92,2904.98,-171.8,corridor,0.99,clear,18.342,7.670,174.32,133.12,world
1626.25,2026-08-31 05:40:13,227.66,-6.25,2902.43,-171.8,corridor,1.01,clear,19.316,7.246,176.90,132.68,world
1626.75,2026-08-31 05:40:13,227.28,-6.43,2899.90,-171.8,corridor,1.03,clear,19.316,7.246,179.46,132.28,world
1627.25,2026-08-31 05:40:14,226.92,-6.47,2897.41,-171.8,corridor,1.05,clear,20.081,6.344,181.98,131.94,world
1627.75,2026-08-31 05:40:14,226.55,-6.47,2894.93,-171.8,corridor,1.07,clear,20.081,6.344,184.48,131.65,world
1628.25,2026-08-31 05:40:15,226.18,-6.56,2892.42,-171.8,corridor,1.09,clear,19.415,6.594,187.02,131.40,world
1628.75,2026-08-31 05:40:15,225.80,-6.79,2889.88,-171.8,corridor,1.11,clear,19.415,6.594,189.58,131.19,world
1629.25,2026-08-31 05:40:16,225.43,-6.96,2887.35,-171.8,corridor,1.13,clear,18.958,6.396,192.14,131.04,world
1629.75,2026-08-31 05:40:16,225.07,-6.97,2884.87,-171.8,corridor,1.15,clear,18.958,6.396,194.65,130.94,world
1630.25,2026-08-31 05:40:17,224.71,-6.84,2882.45,-171.8,corridor,1.17,clear,18.468,6.641,197.10,130.89,world
1630.75,2026-08-31 05:40:17,224.36,-6.60,2880.08,-171.8,corridor,1.19,clear,18.468,6.641,199.49,130.88,world
1631.25,2026-08-31 05:40:18,224.02,-6.25,2877.79,-171.8,corridor,1.21,clear,19.419,6.774,201.80,130.91,world
1631.75,2026-08-31 05:40:18,223.69,-5.80,2875.59,-171.8,corridor,1.23,clear,19.419,6.774,204.04,130.99,world
1632.25,2026-08-31 05:40:19,223.37,-5.39,2873.36,-171.8,corridor,1.25,clear,18.924,6.544,206.28,131.10,world
1632.75,2026-08-31 05:40:19,223.03,-5.06,2871.07,-171.8,corridor,1.27,clear,18.924,6.544,208.60,131.26,world
1633.25,2026-08-31 05:40:20,222.70,-4.75,2868.76,-171.8,corridor,1.29,clear,18.428,6.701,210.93,131.46,world
1633.75,2026-08-31 05:40:20,222.37,-4.41,2866.48,-171.8,corridor,1.31,clear,18.428,6.701,213.24,131.70,world
1634.25,2026-08-31 05:40:21,222.03,-4.09,2864.18,-171.8,corridor,1.33,clear,19.608,7.713,215.57,131.98,world
1634.75,2026-08-31 05:40:21,221.69,-3.85,2861.82,-171.8,corridor,1.35,clear,19.608,7.713,217.94,132.32,world
1635.25,2026-08-31 05:40:22,221.34,-3.72,2859.41,-171.8,corridor,1.37,clear,19.701,6.556,220.38,132.70,world
1635.75,2026-08-31 05:40:22,220.99,-3.68,2856.96,-171.8,corridor,1.39,clear,19.701,6.556,222.86,133.14,world
1636.25,2026-08-31 05:40:23,220.63,-3.73,2854.47,-171.8,corridor,1.41,clear,19.244,6.525,225.37,133.63,world
1636.75,2026-08-31 05:40:23,220.26,-3.90,2851.95,-171.8,corridor,1.43,clear,19.244,6.525,227.92,134.16,world
1637.25,2026-08-31 05:40:24,219.89,-4.24,2849.39,-171.8,corridor,1.45,clear,19.569,6.523,230.51,134.76,world
1637.75,2026-08-31 05:40:24,219.53,-4.50,2846.85,-171.8,corridor,1.47,clear,19.569,6.523,233.08,135.40,world
1638.25,2026-08-31 05:40:25,219.17,-4.49,2844.38,-171.8,corridor,1.49,clear,18.697,6.437,235.56,136.06,world
1638.75,2026-08-31 05:40:25,218.85,-4.13,2842.12,-171.8,corridor,1.51,clear,18.697,6.437,237.85,136.70,world
1639.25,2026-08-31 05:40:26,218.54,-3.61,2840.00,-171.8,corridor,1.53,clear,20.392,6.941,239.99,137.34,world
1639.75,2026-08-31 05:40:26,218.23,-3.12,2837.86,-171.8,corridor,1.55,clear,20.392,6.941,242.16,138.02,world
1640.25,2026-08-31 05:40:27,217.90,-2.81,2835.56,-171.8,corridor,1.57,clear,19.811,6.740,244.48,138.77,world
1640.75,2026-08-31 05:40:27,217.56,-2.65,2833.16,-171.8,corridor,1.59,clear,19.811,6.740,246.91,139.60,world
1641.25,2026-08-31 05:40:28,217.22,-2.49,2830.75,-171.8,corridor,1.61,clear,18.854,6.388,249.34,140.47,world
1641.75,2026-08-31 05:40:28,216.88,-2.30,2828.36,-171.8,corridor,1.63,clear,18.854,6.388,251.75,141.37,world
1642.25,2026-08-31 05:40:29,216.53,-2.18,2825.94,-171.8,corridor,1.65,clear,20.341,7.648,254.19,142.32,world
1642.75,2026-08-31 05:40:29,216.18,-2.14,2823.48,-171.8,corridor,1.67,clear,20.341,7.648,256.68,143.32,world
1643.25,2026-08-31 05:40:30,215.83,-2.11,2821.02,-171.8,corridor,1.69,clear,19.007,7.711,259.17,144.35,world
1643.75,2026-08-31 05:40:30,215.48,-2.04,2818.58,-171.8,corridor,1.71,clear,19.007,7.711,261.64,145.41,world
1644.25,2026-08-31 05:40:31,215.13,-1.89,2816.17,-171.8,corridor,1.73,clear,21.800,7.257,264.07,146.49,world
1644.75,2026-08-31 05:40:31,214.79,-1.71,2813.78,-171.8,corridor,1.75,clear,21.800,7.257,266.48,147.59,world
1645.25,2026-08-31 05:40:32,214.44,-1.57,2811.37,-171.8,corridor,1.77,clear,20.639,6.958,268.92,148.73,world
1645.75,2026-08-31 05:40:32,214.09,-1.48,2808.94,-171.8,corridor,1.79,clear,20.639,6.958,271.37,149.91,world
1646.25,2026-08-31 05:40:33,213.74,-1.33,2806.52,-171.8,corridor,1.81,clear,20.731,7.443,273.81,151.12,world
1646.75,2026-08-31 05:40:33,213.40,-1.08,2804.18,-171.8,corridor,1.83,clear,20.731,7.443,276.19,152.32,world
1647.25,2026-08-31 05:40:34,213.07,-0.73,2801.90,-171.8,corridor,1.85,clear,20.528,6.345,278.48,153.50,world
1647.75,2026-08-31 05:40:34,212.74,-0.35,2799.65,-171.8,corridor,1.87,clear,20.528,6.345,280.76,154.70,world
1648.25,2026-08-31 05:40:35,212.41,-0.01,2797.37,-171.8,corridor,1.89,clear,19.391,8.849,283.06,155.94,world
1648.75,2026-08-31 05:40:35,212.06,0.24,2795.02,-171.8,corridor,1.91,clear,19.391,8.849,285.43,157.24,world
1649.25,2026-08-31 05:40:36,211.71,0.33,2792.59,-171.8,corridor,1.93,clear,35.842,6.855,287.89,158.61,world
1649.75,2026-08-31 05:40:36,211.35,0.30,2790.10,-171.8,corridor,1.95,clear,35.842,6.855,290.40,160.04,world
1650.25,2026-08-31 05:40:37,210.99,0.23,2787.61,-171.8,corridor,1.97,clear,20.094,6.588,292.93,161.51,world
1650.75,2026-08-31 05:40:37,210.62,0.17,2785.11,-171.8,corridor,1.99,clear,20.094,6.588,295.45,163.00,world
1651.25,2026-08-31 05:40:38,210.26,-0.01,2782.59,-171.8,corridor,2.01,clear,18.951,6.171,298.00,164.53,world
1651.75,2026-08-31 05:40:38,209.89,-0.33,2780.04,-171.8,corridor,2.03,clear,18.951,6.171,300.58,166.10,world
1652.25,2026-08-31 05:40:39,209.52,-0.60,2777.49,-171.8,corridor,2.05,clear,17.942,6.089,303.15,167.70,world
1652.75,2026-08-31 05:40:39,209.15,-0.68,2774.99,-171.8,corridor,2.07,clear,17.942,6.089,305.68,169.28,world
1653.25,2026-08-31 05:40:40,208.79,-0.61,2772.54,-171.8,corridor,2.09,clear,20.379,6.341,308.15,170.86,world
1653.75,2026-08-31 05:40:40,208.43,-0.49,2770.12,-171.8,corridor,2.11,clear,20.379,6.341,310.60,172.44,world
1654.25,2026-08-31 05:40:41,208.06,-0.42,2767.66,-171.8,corridor,2.13,clear,22.735,7.392,313.09,174.06,world
1654.75,2026-08-31 05:40:41,207.70,-0.40,2765.20,-171.8,corridor,2.15,clear,22.735,7.392,315.58,175.71,world
1655.25,2026-08-31 05:40:42,207.34,-0.37,2762.73,-171.8,corridor,2.17,clear,18.747,6.663,318.07,177.38,world
1655.75,2026-08-31 05:40:42,206.98,-0.35,2760.27,-171.8,corridor,2.19,clear,18.747,6.663,320.56,179.07,world
1656.25,2026-08-31 05:40:43,206.62,-0.41,2757.77,-171.8,corridor,2.21,clear,19.004,6.468,323.08,180.80,world
1656.75,2026-08-31 05:40:43,206.25,-0.60,2755.24,-171.8,corridor,2.23,clear,19.004,6.468,325.63,182.57,world
1657.25,2026-08-31 05:40:44,205.88,-0.90,2752.69,-171.8,corridor,2.25,clear,21.411,9.491,328.21,184.37,world
1657.75,2026-08-31 05:40:44,205.51,-1.27,2750.14,-171.8,corridor,2.27,clear,21.411,9.491,330.80,186.20,world
1658.25,2026-08-31 05:40:45,205.14,-1.67,2747.57,-171.8,corridor,2.29,clear,19.509,6.589,333.39,188.05,world
1658.75,2026-08-31 05:40:45,204.76,-1.93,2745.04,-171.8,corridor,2.31,clear,19.509,6.589,335.95,189.90,world
1659.25,2026-08-31 05:40:46,204.40,-1.95,2742.56,-171.8,corridor,2.33,clear,19.336,6.573,338.45,191.72,world
1659.75,2026-08-31 05:40:46,204.06,-1.76,2740.17,-171.8,corridor,2.35,clear,19.336,6.573,340.87,193.49,world
1660.25,2026-08-31 05:40:47,203.72,-1.47,2737.86,-171.8,corridor,2.37,clear,20.350,7.148,343.20,195.22,world
1660.75,2026-08-31 05:40:47,203.39,-1.16,2735.55,-171.8,corridor,2.39,clear,20.350,7.148,345.54,196.96,world
1661.25,2026-08-31 05:40:48,203.05,-0.84,2733.25,-171.8,corridor,2.41,clear,20.312,6.544,347.86,198.70,world
1661.75,2026-08-31 05:40:48,202.72,-0.46,2731.00,-171.8,corridor,2.43,clear,20.312,6.544,350.13,200.41,world
1662.25,2026-08-31 05:40:49,202.41,0.02,2728.83,-171.8,corridor,2.45,clear,26.306,10.222,352.33,202.08,world
1662.75,2026-08-31 05:40:49,202.14,0.49,2727.01,-171.8,corridor,2.47,clear,26.306,10.222,354.17,203.48,world
1663.25,2026-08-31 05:40:50,201.84,1.02,2724.91,-171.8,corridor,2.49,clear,19.789,6.963,356.29,205.12,world
1663.75,2026-08-31 05:40:50,201.53,1.45,2722.70,-171.8,corridor,2.51,clear,19.789,6.963,358.52,206.84,world
1664.25,2026-08-31 05:40:51,201.20,1.76,2720.40,-171.8,corridor,2.53,clear,20.170,7.294,360.85,208.65,world
1664.75,2026-08-31 05:40:51,200.87,2.05,2718.07,-171.8,corridor,2.55,clear,20.170,7.294,363.20,210.49,world
1665.25,2026-08-31 05:40:52,200.54,2.40,2715.79,-171.8,corridor,2.57,clear,20.392,6.851,365.50,212.30,world
1665.75,2026-08-31 05:40:52,200.22,2.77,2713.53,-171.8,corridor,2.59,clear,20.392,6.851,367.79,214.11,world
1666.25,2026-08-31 05:40:53,199.89,3.07,2711.22,-171.8,corridor,2.61,clear,19.574,6.692,370.12,215.97,world
1666.75,2026-08-31 05:40:53,199.55,3.22,2708.81,-171.8,corridor,2.63,clear,19.574,6.692,372.55,217.91,world
1667.25,2026-08-31 05:40:54,199.19,3.16,2706.32,-171.8,corridor,2.65,clear,20.995,7.160,375.07,219.93,world
1667.75,2026-08-31 05:40:54,198.83,3.02,2703.80,-171.8,corridor,2.67,clear,20.995,7.160,377.61,221.93,world
1668.25,2026-08-31 05:40:55,198.47,3.05,2701.34,-171.8,corridor,2.69,clear,19.620,6.423,380.10,222.80,world
1668.75,2026-08-31 05:40:55,198.14,3.31,2699.00,-171.8,corridor,2.71,clear,19.620,6.423,382.46,223.67,world
1669.25,2026-08-31 05:40:56,197.82,3.74,2696.79,-171.8,corridor,2.73,clear,19.766,6.587,384.70,224.54,world
1669.75,2026-08-31 05:40:56,197.51,4.19,2694.59,-171.8,corridor,2.75,clear,19.766,6.587,386.92,225.44,world
1670.25,2026-08-31 05:40:57,197.19,4.59,2692.35,-171.8,corridor,2.77,clear,19.490,6.472,389.17,226.39,world
1670.75,2026-08-31 05:40:57,196.88,5.03,2690.15,-171.8,corridor,2.79,clear,19.490,6.472,391.40,227.36,world
1671.25,2026-08-31 05:40:58,196.58,5.55,2688.03,-171.8,corridor,2.81,clear,20.332,6.747,393.55,228.33,world
1671.75,2026-08-31 05:40:58,196.27,5.98,2685.83,-171.8,corridor,2.83,clear,20.332,6.747,395.77,229.36,world
1672.25,2026-08-31 05:40:59,195.92,6.14,2683.43,-171.8,corridor,2.85,clear,18.442,6.825,398.19,230.51,world
1672.75,2026-08-31 05:40:59,195.57,6.06,2680.93,-171.8,corridor,2.87,clear,18.442,6.825,400.71,231.73,world
1673.25,2026-08-31 05:41:00,195.21,6.03,2678.44,-171.8,corridor,2.89,clear,18.215,6.503,403.23,232.98,world
1673.75,2026-08-31 05:41:00,194.86,6.13,2676.01,-171.8,corridor,2.91,clear,18.215,6.503,405.68,234.25,world
1674.25,2026-08-31 05:41:01,194.51,6.16,2673.55,-171.8,corridor,2.93,clear,20.415,6.751,408.17,235.56,world
1674.75,2026-08-31 05:41:01,194.15,6.06,2671.05,-171.8,corridor,2.95,clear,20.415,6.751,410.70,236.93,world
1675.25,2026-08-31 05:41:02,193.79,6.00,2668.55,-171.8,corridor,2.97,clear,20.308,6.937,413.22,238.34,world
1675.75,2026-08-31 05:41:02,193.43,5.98,2666.07,-171.8,corridor,2.99,clear,20.308,6.937,415.73,239.77,world
1676.25,2026-08-31 05:41:03,193.07,5.87,2663.56,-171.8,corridor,3.01,clear,22.872,7.321,418.26,241.24,world
1676.75,2026-08-31 05:41:03,192.71,5.71,2661.04,-171.8,corridor,3.03,clear,22.872,7.321,420.81,242.76,world
1677.25,2026-08-31 05:41:04,192.35,5.67,2658.55,-171.8,corridor,3.05,clear,20.736,8.191,423.32,244.29,world
1677.75,2026-08-31 05:41:04,191.99,5.71,2656.09,-171.8,corridor,3.07,clear,20.736,8.191,425.81,245.84,world
1678.25,2026-08-31 05:41:05,191.63,5.63,2653.59,-171.8,corridor,3.09,clear,19.207,7.301,428.33,247.44,world
1678.75,2026-08-31 05:41:05,191.26,5.48,2651.08,-171.8,corridor,3.11,clear,19.207,7.301,430.88,249.09,world
1679.25,2026-08-31 05:41:06,190.91,5.46,2648.59,-171.8,corridor,3.13,clear,24.253,18.899,433.38,250.74,world
1679.75,2026-08-31 05:41:06,190.56,5.57,2646.17,-171.8,corridor,3.15,clear,24.253,18.899,435.84,252.40,world
1680.25,2026-08-31 05:41:07,190.21,5.73,2643.77,-171.8,corridor,3.17,clear,25.718,7.088,438.26,254.06,world
1680.75,2026-08-31 05:41:07,189.87,5.99,2641.43,-171.8,corridor,3.19,clear,25.718,7.088,440.62,255.72,world
1681.25,2026-08-31 05:41:08,189.55,6.41,2639.21,-171.8,corridor,3.21,clear,21.643,7.617,442.86,257.33,world
1681.75,2026-08-31 05:41:08,189.24,6.91,2637.07,-171.8,corridor,3.23,clear,21.643,7.617,445.03,258.93,world
1682.25,2026-08-31 05:41:09,188.93,7.41,2634.93,-171.8,corridor,3.25,clear,20.941,9.686,447.20,260.54,world
1682.75,2026-08-31 05:41:09,188.62,7.87,2632.74,-171.8,corridor,3.27,clear,20.941,9.686,449.40,262.20,world
1683.25,2026-08-31 05:41:10,188.30,8.29,2630.53,-171.8,corridor,3.29,clear,23.094,8.643,451.63,262.99,world
1683.75,2026-08-31 05:41:10,187.97,8.66,2628.28,-171.8,corridor,3.31,clear,23.094,8.643,453.91,263.28,world
1684.25,2026-08-31 05:41:11,187.63,8.94,2625.95,-171.8,corridor,3.33,clear,22.514,7.523,456.27,264.06,world
1684.75,2026-08-31 05:41:11,187.27,9.10,2623.55,-171.8,corridor,3.35,clear,22.514,7.523,458.69,264.88,world
1685.25,2026-08-31 05:41:12,186.91,9.03,2621.06,-171.8,corridor,3.37,clear,18.882,6.617,461.21,265.72,world
1685.75,2026-08-31 05:41:12,186.54,8.78,2618.51,-171.8,corridor,3.39,clear,18.882,6.617,463.78,266.58,world
1686.25,2026-08-31 05:41:13,186.17,8.60,2615.99,-171.8,corridor,3.41,clear,24.967,9.935,466.34,267.46,world
1686.75,2026-08-31 05:41:13,185.81,8.62,2613.52,-171.8,corridor,3.43,clear,24.967,9.935,468.83,268.37,world
1687.25,2026-08-31 05:41:14,185.46,8.69,2611.07,-171.8,corridor,3.45,clear,20.001,6.776,471.30,269.29,world
1687.75,2026-08-31 05:41:14,185.10,8.70,2608.61,-171.8,corridor,3.47,clear,20.001,6.776,473.79,270.23,world
1688.25,2026-08-31 05:41:15,184.74,8.62,2606.11,-171.8,corridor,3.49,clear,24.517,8.341,476.32,270.35,world
1688.75,2026-08-31 05:41:15,184.38,8.49,2603.59,-171.8,corridor,3.51,clear,24.517,8.341,478.86,270.48,world
1689.25,2026-08-31 05:41:16,184.03,8.45,2601.10,-171.8,corridor,3.53,clear,18.329,6.845,481.37,270.65,world
1689.75,2026-08-31 05:41:16,183.69,8.56,2598.67,-171.8,corridor,3.55,clear,18.329,6.845,483.83,270.84,world
1690.25,2026-08-31 05:41:17,183.34,8.67,2596.24,-171.8,corridor,3.57,clear,18.074,8.148,486.28,271.07,world
1690.75,2026-08-31 05:41:17,182.99,8.69,2593.78,-171.8,corridor,3.59,clear,18.074,8.148,488.77,271.52,world
1691.25,2026-08-31 05:41:18,182.64,8.70,2591.31,-171.8,corridor,3.61,clear,20.598,7.038,491.26,272.05,world
1691.75,2026-08-31 05:41:18,182.29,8.82,2588.89,-171.8,corridor,3.63,clear,20.598,7.038,493.71,272.58,world
1692.25,2026-08-31 05:41:19,181.94,9.08,2586.55,-171.8,corridor,3.65,clear,21.514,7.142,496.08,273.32,world
1692.75,2026-08-31 05:41:19,181.60,9.36,2584.22,-171.8,corridor,3.67,clear,21.514,7.142,498.43,274.52,world
1693.25,2026-08-31 05:41:20,181.25,9.54,2581.83,-171.8,corridor,3.69,clear,19.167,7.059,500.84,275.76,world
1693.75,2026-08-31 05:41:20,180.88,9.45,2579.33,-171.8,corridor,3.71,clear,19.167,7.059,503.37,277.05,world
1694.25,2026-08-31 05:41:21,180.51,9.20,2576.79,-171.8,corridor,3.73,clear,19.597,6.634,505.94,278.33,world
1694.75,2026-08-31 05:41:21,180.13,9.03,2574.26,-171.8,corridor,3.75,clear,19.597,6.634,508.49,279.04,world
1695.25,2026-08-31 05:41:22,179.76,9.00,2571.78,-171.8,corridor,3.77,clear,19.885,7.467,511.01,279.75,world
1695.75,2026-08-31 05:41:22,179.40,8.91,2569.27,-171.8,corridor,3.79,clear,19.885,7.467,513.54,280.45,world
1696.25,2026-08-31 05:41:23,179.02,8.64,2566.73,-171.8,corridor,3.81,clear,20.170,7.116,516.11,281.04,world
1696.75,2026-08-31 05:41:23,178.65,8.28,2564.17,-171.8,corridor,3.83,clear,20.170,7.116,518.69,281.66,world
1697.25,2026-08-31 05:41:24,178.27,7.98,2561.62,-171.8,corridor,3.85,clear,24.823,8.131,521.27,282.29,world
1697.75,2026-08-31 05:41:24,177.90,7.71,2559.08,-171.8,corridor,3.87,clear,24.823,8.131,523.84,282.94,world
1698.25,2026-08-31 05:41:25,177.52,7.33,2556.53,-171.8,corridor,3.89,clear,19.386,8.064,526.42,283.63,world
1698.75,2026-08-31 05:41:25,177.15,6.77,2553.97,-171.8,corridor,3.91,clear,19.386,8.064,529.00,284.33,world
1699.25,2026-08-31 05:41:26,177.52,6.46,2552.36,-171.7,corridor,3.93,clear,18.352,6.799,530.84,285.34,world
1699.75,2026-08-31 05:41:26,178.01,6.26,2551.31,155.2,corridor,3.95,clear,18.352,6.799,532.00,285.74,world
1700.25,2026-08-31 05:41:27,177.90,5.82,2548.79,-171.7,corridor,3.97,clear,18.329,6.790,534.58,286.12,world
1700.75,2026-08-31 05:41:27,177.53,5.37,2546.23,-171.7,corridor,3.99,clear,18.329,6.790,537.16,286.31,world
1701.25,2026-08-31 05:41:28,177.15,4.88,2543.67,-171.7,corridor,4.01,clear,18.501,6.506,539.75,286.52,world
1701.75,2026-08-31 05:41:28,176.78,4.55,2541.12,-171.7,corridor,4.03,clear,18.501,6.506,542.32,286.75,world
1702.25,2026-08-31 05:41:29,176.41,4.55,2538.65,-171.7,corridor,4.05,clear,34.348,7.664,544.82,286.98,world
1702.75,2026-08-31 05:41:29,176.05,4.82,2536.30,-171.7,corridor,4.07,clear,34.348,7.664,547.20,287.20,world
1703.25,2026-08-31 05:41:30,175.71,5.19,2534.02,-171.7,corridor,4.09,clear,22.277,8.721,549.50,287.42,world
1703.75,2026-08-31 05:41:30,175.37,5.55,2531.74,-171.7,corridor,4.11,clear,22.277,8.721,551.81,287.66,world
1704.25,2026-08-31 05:41:31,175.02,5.83,2529.40,-171.7,corridor,4.13,clear,20.663,6.798,554.17,287.94,world
1704.75,2026-08-31 05:41:31,174.66,5.99,2527.00,-171.7,corridor,4.15,clear,20.663,6.798,556.60,288.28,world
1705.25,2026-08-31 05:41:32,174.30,6.09,2524.56,-171.7,corridor,4.17,clear,18.915,7.391,559.06,288.65,world
1705.75,2026-08-31 05:41:32,173.94,6.20,2522.14,-171.7,corridor,4.19,clear,18.915,7.391,561.52,289.54,world
1706.25,2026-08-31 05:41:33,173.59,6.40,2519.76,-171.7,corridor,4.21,clear,18.776,6.554,563.92,290.48,world
1706.75,2026-08-31 05:41:33,173.23,6.55,2517.36,-171.7,corridor,4.23,clear,18.776,6.554,566.35,291.45,world
1707.25,2026-08-31 05:41:34,172.87,6.66,2514.93,-171.7,corridor,4.25,clear,22.015,9.470,568.81,292.45,world
1707.75,2026-08-31 05:41:34,172.52,6.81,2512.52,-171.7,corridor,4.27,clear,22.015,9.470,571.24,293.45,world
1708.25,2026-08-31 05:41:35,172.17,7.07,2510.17,-171.7,corridor,4.29,clear,19.034,6.735,573.61,294.45,world
1708.75,2026-08-31 05:41:35,171.82,7.38,2507.86,-171.7,corridor,4.31,clear,19.034,6.735,575.95,295.44,world
1709.25,2026-08-31 05:41:36,171.48,7.64,2505.52,-171.7,corridor,4.33,clear,18.882,6.438,578.31,296.63,world
1709.75,2026-08-31 05:41:36,171.12,7.76,2503.10,-171.7,corridor,4.35,clear,18.882,6.438,580.76,298.39,world
1710.25,2026-08-31 05:41:37,170.75,7.60,2500.59,-171.7,corridor,4.37,clear,19.433,7.052,583.31,300.22,world
1710.75,2026-08-31 05:41:37,170.37,7.15,2498.03,-171.7,corridor,4.39,clear,19.433,7.052,585.89,302.08,world
1711.25,2026-08-31 05:41:38,170.00,6.48,2495.48,-171.7,corridor,4.41,clear,20.128,7.792,588.46,303.82,world
1711.75,2026-08-31 05:41:38,169.66,5.56,2492.99,-171.7,corridor,4.43,clear,20.128,7.792,590.98,305.01,world
1712.25,2026-08-31 05:41:39,169.30,4.53,2490.51,-171.7,corridor,4.45,clear,19.067,6.895,593.48,306.19,world
1712.75,2026-08-31 05:41:39,168.94,3.61,2488.02,-171.7,corridor,4.47,clear,19.067,6.895,596.00,307.40,world
1713.25,2026-08-31 05:41:40,168.57,2.94,2485.47,-171.7,corridor,4.49,clear,19.343,7.310,598.58,308.65,world
1713.75,2026-08-31 05:41:40,168.19,2.38,2482.92,-171.7,corridor,4.51,clear,19.343,7.310,601.16,309.92,world
1714.25,2026-08-31 05:41:41,167.82,1.86,2480.36,-171.7,corridor,4.53,clear,18.771,7.546,603.75,310.98,world
1714.75,2026-08-31 05:41:41,167.45,1.50,2477.80,-171.7,corridor,4.55,clear,18.771,7.546,606.33,311.81,world
1715.25,2026-08-31 05:41:42,167.08,1.36,2475.28,-171.7,corridor,4.57,clear,24.745,11.061,608.88,312.64,world
1715.75,2026-08-31 05:41:42,166.71,1.25,2472.77,-171.7,corridor,4.59,clear,24.745,11.061,611.41,313.68,world
1716.25,2026-08-31 05:41:43,166.34,1.07,2470.24,-171.7,corridor,4.61,clear,19.723,7.866,613.97,315.02,world
1716.75,2026-08-31 05:41:43,165.97,0.73,2467.69,-171.7,corridor,4.63,clear,19.723,7.866,616.55,316.39,world
1717.25,2026-08-31 05:41:44,165.60,0.09,2465.15,-171.7,corridor,4.65,clear,19.561,6.824,619.12,317.78,world
1717.75,2026-08-31 05:41:44,165.23,-0.84,2462.66,-171.7,corridor,4.67,clear,19.561,6.824,621.64,319.15,world
1718.25,2026-08-31 05:41:45,164.87,-1.83,2460.18,-171.7,corridor,4.69,clear,24.610,8.367,624.14,320.53,world
1718.75,2026-08-31 05:41:45,164.50,-2.57,2457.64,-171.7,corridor,4.71,clear,24.610,8.367,626.70,322.10,world
1719.25,2026-08-31 05:41:46,164.13,-3.03,2455.08,-171.7,corridor,4.73,clear,18.839,7.858,629.29,323.72,world
1719.75,2026-08-31 05:41:46,163.75,-3.40,2452.52,-171.7,corridor,4.75,clear,18.839,7.858,631.88,325.35,world
1720.25,2026-08-31 05:41:47,163.37,-3.69,2449.97,-171.7,corridor,4.77,clear,18.935,7.453,634.45,327.01,world
1720.75,2026-08-31 05:41:47,163.00,-3.84,2447.45,-171.7,corridor,4.79,clear,18.935,7.453,637.00,328.67,world
1721.25,2026-08-31 05:41:48,162.64,-3.93,2444.95,-171.7,corridor,4.81,clear,24.012,8.756,639.53,330.35,world
1721.75,2026-08-31 05:41:48,162.27,-4.06,2442.43,-171.7,corridor,4.83,clear,24.012,8.756,642.07,331.98,world
1722.25,2026-08-31 05:41:49,161.90,-4.30,2439.90,-171.7,corridor,4.85,clear,19.887,6.513,644.64,332.18,world
1722.75,2026-08-31 05:41:49,161.52,-4.76,2437.34,-171.7,corridor,4.87,clear,19.887,6.513,647.23,329.96,world
1723.25,2026-08-31 05:41:50,161.14,-5.23,2434.78,-171.7,corridor,4.89,clear,26.024,7.474,649.81,327.75,world
1723.75,2026-08-31 05:41:50,160.76,-5.55,2432.23,-171.7,corridor,4.91,clear,26.024,7.474,652.39,325.56,world
1724.25,2026-08-31 05:41:51,160.39,-5.78,2429.69,-171.7,corridor,4.93,clear,19.023,7.744,654.95,323.38,world
1724.75,2026-08-31 05:41:51,160.02,-6.00,2427.15,-171.7,corridor,4.95,clear,19.023,7.744,657.52,321.21,world
1725.25,2026-08-31 05:41:52,159.65,-6.13,2424.64,-171.7,corridor,4.97,clear,24.423,10.537,660.06,319.06,world
1725.75,2026-08-31 05:41:52,159.29,-6.21,2422.14,-171.7,corridor,4.99,clear,24.423,10.537,662.59,316.94,world
1726.25,2026-08-31 05:41:53,158.90,-6.43,2419.61,-171.7,corridor,5.01,clear,20.936,7.164,665.14,314.78,world
1726.75,2026-08-31 05:41:53,158.49,-6.78,2417.14,-171.7,corridor,5.03,clear,20.936,7.164,667.66,312.66,world
1727.25,2026-08-31 05:41:54,158.86,-6.78,2417.09,135.8,corridor,5.05,clear,20.614,6.180,668.02,312.86,world
1727.75,2026-08-31 05:41:54,161.27,-6.71,2416.73,98.3,corridor,5.07,clear,20.614,6.180,670.46,314.21,world
1728.25,2026-08-31 05:41:55,163.72,-6.65,2416.38,98.3,corridor,5.09,clear,18.324,6.584,672.94,315.59,world
1728.75,2026-08-31 05:41:55,166.20,-6.66,2416.02,98.3,corridor,5.11,clear,18.324,6.584,675.45,317.01,world
1729.25,2026-08-31 05:41:56,166.36,-6.99,2413.86,-171.3,corridor,5.13,clear,17.199,7.662,677.87,315.53,world
1729.75,2026-08-31 05:41:56,165.97,-7.18,2411.34,-171.3,corridor,5.15,clear,17.199,7.662,680.42,313.43,world
1730.25,2026-08-31 05:41:57,165.58,-7.23,2408.85,-171.3,corridor,5.17,clear,17.964,5.359,682.94,311.36,world
1730.75,2026-08-31 05:41:57,165.19,-7.30,2406.36,-171.3,corridor,5.19,clear,17.964,5.359,685.46,309.28,world
1731.25,2026-08-31 05:41:58,164.80,-7.44,2403.84,-171.3,corridor,5.21,clear,17.661,5.824,688.01,307.20,world
1731.75,2026-08-31 05:41:58,164.42,-7.53,2401.34,-171.3,corridor,5.23,clear,17.661,5.824,690.54,305.14,world
1732.25,2026-08-31 05:41:59,164.17,-7.52,2398.93,-171.3,corridor,5.25,clear,17.504,5.687,692.99,303.25,world
1732.75,2026-08-31 05:41:59,163.87,-7.41,2396.27,-171.3,corridor,5.27,clear,17.504,5.687,695.68,301.16,world
1733.25,2026-08-31 05:42:00,163.50,-7.24,2393.88,-171.3,corridor,5.29,clear,17.003,6.154,698.09,299.21,world
1733.75,2026-08-31 05:42:00,163.14,-7.06,2391.49,-171.3,corridor,5.31,clear,17.003,6.154,700.51,297.27,world
1734.25,2026-08-31 05:42:01,162.77,-6.95,2389.07,-171.3,corridor,5.33,clear,18.350,6.315,702.96,295.32,world
1734.75,2026-08-31 05:42:01,162.39,-6.91,2386.62,-171.3,corridor,5.35,clear,18.350,6.315,705.44,293.35,world
1735.25,2026-08-31 05:42:02,162.02,-6.85,2384.17,-171.3,corridor,5.37,clear,17.926,5.709,707.91,291.39,world
1735.75,2026-08-31 05:42:02,161.66,-6.64,2381.80,-171.3,corridor,5.39,clear,17.926,5.709,710.31,289.50,world
1736.25,2026-08-31 05:42:03,161.31,-6.29,2379.52,-171.3,corridor,5.41,clear,17.811,5.828,712.61,287.69,world
1736.75,2026-08-31 05:42:03,160.96,-5.95,2377.24,-171.3,corridor,5.43,clear,17.811,5.828,714.92,285.88,world
1737.25,2026-08-31 05:42:04,160.60,-5.77,2374.86,-171.3,corridor,5.45,clear,18.809,6.585,717.33,284.00,world
1737.75,2026-08-31 05:42:04,160.22,-5.79,2372.39,-171.3,corridor,5.47,clear,18.809,6.585,719.84,282.05,world
1738.25,2026-08-31 05:42:05,159.83,-5.98,2369.86,-171.3,corridor,5.49,clear,17.383,6.720,722.39,280.08,world
1738.75,2026-08-31 05:42:05,159.44,-6.33,2367.31,-171.3,corridor,5.51,clear,17.383,6.720,724.98,278.09,world
1739.25,2026-08-31 05:42:06,159.05,-6.72,2364.75,-171.3,corridor,5.53,clear,18.461,6.079,727.56,276.11,world
1739.75,2026-08-31 05:42:06,158.66,-7.05,2362.20,-171.3,corridor,5.55,clear,18.461,6.079,730.14,274.14,world
1740.25,2026-08-31 05:42:07,158.27,-7.26,2359.67,-171.3,corridor,5.57,clear,17.289,5.300,732.70,272.20,world
1740.75,2026-08-31 05:42:07,157.89,-7.33,2357.18,-171.3,corridor,5.59,clear,17.289,5.300,735.22,270.18,world
1741.25,2026-08-31 05:42:08,157.51,-7.24,2354.74,-171.3,corridor,5.61,clear,18.158,5.335,737.69,268.00,world
1741.75,2026-08-31 05:42:08,157.15,-7.07,2352.35,-171.3,corridor,5.63,clear,18.158,5.335,740.11,265.86,world
1742.25,2026-08-31 05:42:09,156.79,-6.90,2349.95,-171.3,corridor,5.65,clear,16.914,5.840,742.53,263.72,world
1742.75,2026-08-31 05:42:09,156.41,-6.82,2347.52,-171.3,corridor,5.67,clear,16.914,5.840,744.99,261.55,world
1743.25,2026-08-31 05:42:10,156.04,-6.79,2345.06,-171.3,corridor,5.69,clear,16.726,5.109,747.48,259.37,world
1743.75,2026-08-31 05:42:10,155.66,-6.79,2342.59,-171.3,corridor,5.71,clear,16.726,5.109,749.98,257.18,world
1744.25,2026-08-31 05:42:11,155.27,-6.94,2340.07,-171.3,corridor,5.73,clear,22.172,6.004,752.52,254.96,world
1744.75,2026-08-31 05:42:11,154.89,-7.25,2337.53,-171.3,corridor,5.75,clear,22.172,6.004,755.10,252.72,world
1745.25,2026-08-31 05:42:12,154.50,-7.51,2334.99,-171.3,corridor,5.77,clear,17.675,5.292,757.67,250.49,world
1745.75,2026-08-31 05:42:12,154.12,-7.58,2332.49,-171.3,corridor,5.79,clear,17.675,5.292,760.19,248.31,world
1746.25,2026-08-31 05:42:13,153.75,-7.50,2330.05,-171.3,corridor,5.81,clear,17.100,5.344,762.66,246.17,world
1746.75,2026-08-31 05:42:13,153.39,-7.29,2327.69,-171.3,corridor,5.83,clear,17.100,5.344,765.05,244.10,world
1747.25,2026-08-31 05:42:14,153.06,-6.84,2325.50,-171.3,corridor,5.85,clear,17.077,5.290,767.27,242.19,world
1747.75,2026-08-31 05:42:14,152.75,-6.24,2323.48,-171.3,corridor,5.87,clear,17.077,5.290,769.31,240.38,world
1748.25,2026-08-31 05:42:15,152.48,-5.69,2321.73,-171.3,corridor,5.89,clear,20.840,5.578,771.08,238.75,world
1748.75,2026-08-31 05:42:15,152.17,-5.13,2319.66,-171.3,corridor,5.91,clear,20.840,5.578,773.18,236.82,world
1749.25,2026-08-31 05:42:16,151.83,-4.66,2317.50,-171.3,corridor,5.93,clear,17.063,5.155,775.36,234.81,world
1749.75,2026-08-31 05:42:16,151.50,-4.17,2315.34,-171.3,corridor,5.95,clear,17.063,5.155,777.54,232.80,world
1750.25,2026-08-31 05:42:17,151.18,-3.65,2313.23,-171.3,corridor,5.97,clear,16.799,5.320,779.68,230.84,world
1750.75,2026-08-31 05:42:17,150.85,-3.18,2311.06,-171.3,corridor,5.99,clear,16.799,5.320,781.87,228.83,world
1751.25,2026-08-31 05:42:18,150.48,-2.96,2308.72,-171.3,corridor,6.01,clear,17.348,5.594,784.25,226.66,world
1751.75,2026-08-31 05:42:18,150.10,-3.09,2306.22,-171.3,corridor,6.03,clear,17.348,5.594,786.78,224.35,world
1752.25,2026-08-31 05:42:19,149.70,-3.38,2303.67,-171.3,corridor,6.05,clear,17.152,5.525,789.35,222.00,world
1752.75,2026-08-31 05:42:19,149.31,-3.58,2301.14,-171.3,corridor,6.07,clear,17.152,5.525,791.91,219.68,world
1753.25,2026-08-31 05:42:20,148.93,-3.65,2298.65,-171.3,corridor,6.09,clear,17.152,5.525,794.43,217.39,world
1753.75,2026-08-31 05:42:20,148.55,-3.64,2296.19,-171.3,corridor,6.11,clear,16.986,5.118,796.93,215.13,world
1754.25,2026-08-31 05:42:21,148.17,-3.60,2293.73,-171.3,corridor,6.13,clear,16.986,5.118,799.40,212.89,world
1754.75,2026-08-31 05:42:21,147.80,-3.55,2291.29,-171.3,corridor,6.15,clear,18.339,5.234,801.88,210.66,world
1755.25,2026-08-31 05:42:22,147.42,-3.47,2288.85,-171.3,corridor,6.17,clear,18.339,5.234,804.35,208.45,world
1755.75,2026-08-31 05:42:22,147.06,-3.28,2286.46,-171.3,corridor,6.19,clear,17.498,5.453,806.76,206.29,world
1756.25,2026-08-31 05:42:23,146.71,-2.95,2284.18,-171.3,corridor,6.21,clear,17.498,5.453,809.07,204.22,world
1756.75,2026-08-31 05:42:23,146.37,-2.55,2281.94,-171.3,corridor,6.23,clear,17.490,5.450,811.34,202.21,world
1757.25,2026-08-31 05:42:24,146.02,-2.23,2279.64,-171.3,corridor,6.25,clear,17.490,5.450,813.66,200.14,world
1757.75,2026-08-31 05:42:24,145.66,-1.97,2277.30,-171.3,corridor,6.27,clear,18.293,5.200,816.03,198.04,world
1758.25,2026-08-31 05:42:25,145.30,-1.72,2274.96,-171.3,corridor,6.29,clear,18.293,5.200,818.40,195.94,world
1758.75,2026-08-31 05:42:25,144.92,-1.65,2272.53,-171.3,corridor,6.31,clear,20.250,5.290,820.86,193.77,world
1759.25,2026-08-31 05:42:26,144.52,-1.93,2269.99,-171.3,corridor,6.33,clear,23.584,8.837,823.43,191.51,world
1759.75,2026-08-31 05:42:26,144.12,-2.49,2267.43,-171.3,corridor,6.35,clear,23.584,8.837,826.02,189.25,world
1760.25,2026-08-31 05:42:27,143.72,-3.03,2264.88,-171.3,corridor,6.37,clear,16.995,5.302,828.61,186.98,world
1760.75,2026-08-31 05:42:27,143.32,-3.51,2262.32,-171.3,corridor,6.39,clear,16.995,5.302,831.20,184.73,world
1761.25,2026-08-31 05:42:28,142.91,-4.03,2259.76,-171.3,corridor,6.41,clear,18.685,6.357,833.78,182.49,world
1761.75,2026-08-31 05:42:28,142.51,-4.53,2257.21,-171.3,corridor,6.43,clear,18.685,6.357,836.36,180.26,world
1762.25,2026-08-31 05:42:29,142.12,-4.87,2254.66,-171.3,corridor,6.45,clear,19.258,5.695,838.94,178.04,world
1762.75,2026-08-31 05:42:29,141.73,-5.06,2252.14,-171.3,corridor,6.47,clear,19.258,5.695,841.50,175.86,world
1763.25,2026-08-31 05:42:30,141.34,-5.22,2249.62,-171.3,corridor,6.49,clear,17.184,5.396,844.05,173.69,world
1763.75,2026-08-31 05:42:30,140.95,-5.38,2247.10,-171.3,corridor,6.51,clear,17.184,5.396,846.60,171.54,world
1764.25,2026-08-31 05:42:31,140.57,-5.54,2244.58,-171.3,corridor,6.53,clear,17.947,5.527,849.14,169.40,world
1764.75,2026-08-31 05:42:31,140.19,-5.56,2242.11,-171.3,corridor,6.55,clear,17.947,5.527,851.65,167.30,world
1765.25,2026-08-31 05:42:32,139.83,-5.41,2239.71,-171.3,corridor,6.57,clear,18.366,5.852,854.08,165.28,world
1765.75,2026-08-31 05:42:32,139.46,-5.25,2237.31,-171.3,corridor,6.59,clear,18.366,5.852,856.50,163.27,world
1766.25,2026-08-31 05:42:33,139.08,-5.20,2234.86,-171.3,corridor,6.61,clear,18.324,5.554,858.97,161.23,world
1766.75,2026-08-31 05:42:33,138.70,-5.20,2232.39,-171.3,corridor,6.63,rain,18.324,5.554,861.47,159.19,world
1767.25,2026-08-31 05:42:34,138.32,-5.13,2229.95,-171.3,corridor,6.65,rain,20.922,6.516,863.95,157.17,world
1767.75,2026-08-31 05:42:34,137.96,-4.85,2227.62,-171.3,corridor,6.67,rain,20.922,6.516,866.30,155.27,world
1768.25,2026-08-31 05:42:35,137.62,-4.43,2225.41,-171.3,corridor,6.69,rain,18.003,5.493,868.55,153.47,world
1768.75,2026-08-31 05:42:35,137.27,-4.03,2223.18,-171.3,corridor,6.71,rain,18.003,5.493,870.80,151.67,world
1769.25,2026-08-31 05:42:36,136.92,-3.70,2220.89,-171.3,corridor,6.73,rain,17.023,6.330,873.11,149.84,world
1769.75,2026-08-31 05:42:36,136.57,-3.39,2218.59,-171.3,corridor,6.75,rain,17.023,6.330,875.44,148.00,world
1770.25,2026-08-31 05:42:37,136.22,-3.03,2216.32,-171.3,corridor,6.77,rain,18.650,5.496,877.74,146.21,world
1770.75,2026-08-31 05:42:37,135.87,-2.66,2214.07,-171.3,corridor,6.79,rain,18.650,5.496,880.02,144.45,world
1771.25,2026-08-31 05:42:38,135.52,-2.32,2211.79,-171.3,corridor,6.81,rain,19.463,6.330,882.32,142.68,world
1771.75,2026-08-31 05:42:38,135.17,-1.97,2209.51,-171.3,corridor,6.83,rain,19.463,6.330,884.63,140.92,world
1772.25,2026-08-31 05:42:39,134.82,-1.57,2207.27,-171.3,corridor,6.85,rain,18.412,6.106,886.89,139.21,world
1772.75,2026-08-31 05:42:39,134.46,-1.21,2205.00,-171.3,corridor,6.87,rain,18.412,6.106,889.19,137.49,world
1773.25,2026-08-31 05:42:40,134.09,-1.04,2202.61,-171.3,corridor,6.89,rain,17.933,6.232,891.61,135.70,world
1773.75,2026-08-31 05:42:40,133.70,-1.09,2200.12,-171.3,corridor,6.91,rain,17.933,6.232,894.13,133.85,world
1774.25,2026-08-31 05:42:41,133.30,-1.19,2197.61,-171.3,corridor,6.93,rain,17.505,5.729,896.67,132.01,world
1774.75,2026-08-31 05:42:41,132.91,-1.20,2195.13,-171.3,corridor,6.95,rain,17.505,5.729,899.18,130.21,world
1775.25,2026-08-31 05:42:42,132.52,-1.12,2192.69,-171.3,corridor,6.97,rain,18.003,5.733,901.66,128.47,world
1775.75,2026-08-31 05:42:42,132.15,-0.96,2190.28,-171.3,corridor,6.99,rain,18.003,5.733,904.09,126.77,world
1776.25,2026-08-31 05:42:43,131.77,-0.76,2187.91,-171.3,corridor,7.01,rain,17.624,5.945,906.50,125.12,world
1776.75,2026-08-31 05:42:43,131.40,-0.54,2185.54,-171.3,corridor,7.03,rain,17.624,5.945,908.90,123.50,world
1777.25,2026-08-31 05:42:44,131.04,-0.32,2183.18,-171.3,corridor,7.05,rain,18.307,5.836,911.28,121.92,world
1777.75,2026-08-31 05:42:44,130.68,-0.05,2180.84,-171.3,corridor,7.07,rain,18.307,5.836,913.65,120.38,world
1778.25,2026-08-31 05:42:45,130.32,0.23,2178.51,-171.3,corridor,7.09,rain,22.779,6.736,916.00,118.87,world
1778.75,2026-08-31 05:42:45,129.96,0.52,2176.19,-171.3,corridor,7.11,rain,22.779,6.736,918.35,117.40,world
1779.25,2026-08-31 05:42:46,129.62,0.90,2173.94,-171.3,corridor,7.13,rain,19.420,5.917,920.63,116.00,world
1779.75,2026-08-31 05:42:46,129.28,1.35,2171.75,-171.3,corridor,7.15,rain,19.420,5.917,922.84,114.66,world
1780.25,2026-08-31 05:42:47,128.95,1.78,2169.55,-171.3,corridor,7.17,rain,18.175,5.618,925.07,113.35,world
1780.75,2026-08-31 05:42:47,128.60,2.07,2167.24,-171.3,corridor,7.19,rain,18.175,5.618,927.41,112.00,world
1781.25,2026-08-31 05:42:48,128.24,2.20,2164.82,-171.3,corridor,7.21,rain,19.525,5.885,929.86,110.63,world
1781.75,2026-08-31 05:42:48,127.87,2.28,2162.37,-171.3,corridor,7.23,rain,19.525,5.885,932.33,109.29,world
1782.25,2026-08-31 05:42:49,127.51,2.42,2159.94,-171.3,corridor,7.25,rain,18.430,5.765,934.79,107.19,world
1782.75,2026-08-31 05:42:49,127.15,2.52,2157.50,-171.3,corridor,7.27,rain,18.430,5.765,937.25,104.78,world
1783.25,2026-08-31 05:42:50,126.78,2.46,2155.01,-171.3,corridor,7.29,rain,18.129,5.913,939.77,102.30,world
1783.75,2026-08-31 05:42:50,126.40,2.19,2152.46,-171.3,corridor,7.31,rain,18.129,5.913,942.35,99.79,world
1784.25,2026-08-31 05:42:51,126.02,1.85,2149.91,-171.3,corridor,7.33,rain,18.333,6.747,944.93,97.26,world
1784.75,2026-08-31 05:42:51,125.64,1.67,2147.37,-171.3,corridor,7.35,rain,18.333,6.747,947.49,94.76,world
1785.25,2026-08-31 05:42:52,125.27,1.51,2144.85,-171.3,corridor,7.37,rain,20.158,7.076,950.04,92.28,world
1785.75,2026-08-31 05:42:52,124.88,1.22,2142.30,-171.3,corridor,7.39,rain,20.158,7.076,952.62,89.77,world
1786.25,2026-08-31 05:42:53,124.50,0.90,2139.75,-171.3,corridor,7.41,rain,19.071,6.804,955.20,87.26,world
1786.75,2026-08-31 05:42:53,124.13,0.77,2137.23,-171.3,corridor,7.43,rain,19.071,6.804,957.75,84.79,world
1787.25,2026-08-31 05:42:54,123.76,0.85,2134.78,-171.3,corridor,7.45,rain,22.373,6.746,960.22,82.39,world
1787.75,2026-08-31 05:42:54,123.40,1.01,2132.37,-171.3,corridor,7.47,rain,22.373,6.746,962.66,80.04,world
1788.25,2026-08-31 05:42:55,123.05,1.19,2129.98,-171.3,corridor,7.49,rain,18.134,5.804,965.08,77.70,world
1788.75,2026-08-31 05:42:55,122.68,1.30,2127.55,-171.3,corridor,7.51,rain,18.134,5.804,967.54,75.33,world
1789.25,2026-08-31 05:42:56,122.31,1.23,2125.05,-171.3,corridor,7.53,rain,20.178,6.779,970.06,72.91,world
1789.75,2026-08-31 05:42:56,121.93,1.02,2122.52,-171.3,corridor,7.55,rain,20.178,6.779,972.62,70.46,world
1790.25,2026-08-31 05:42:57,121.54,0.81,2119.99,-171.3,corridor,7.57,rain,19.007,6.136,975.18,68.02,world
1790.75,2026-08-31 05:42:57,121.17,0.85,2117.53,-171.3,corridor,7.59,rain,19.007,6.136,977.66,65.67,world
1791.25,2026-08-31 05:42:58,120.81,1.08,2115.17,-171.3,corridor,7.61,rain,19.013,5.525,980.05,63.41,world
1791.75,2026-08-31 05:42:58,120.46,1.35,2112.84,-171.3,corridor,7.63,rain,19.013,5.525,982.41,61.19,world
1792.25,2026-08-31 05:42:59,120.10,1.62,2110.50,-171.3,corridor,7.65,rain,18.786,6.504,984.78,58.97,world
1792.75,2026-08-31 05:42:59,119.75,1.87,2108.15,-171.3,corridor,7.67,rain,18.786,6.504,987.15,56.76,world
1793.25,2026-08-31 05:43:00,119.39,2.03,2105.76,-171.3,corridor,7.69,rain,19.713,7.032,989.57,54.52,world
1793.75,2026-08-31 05:43:00,119.01,2.09,2103.31,-171.3,corridor,7.71,rain,19.713,7.032,992.05,52.24,world
1794.25,2026-08-31 05:43:01,118.64,2.11,2100.85,-171.3,corridor,7.73,rain,19.206,6.758,994.54,49.97,world
1794.75,2026-08-31 05:43:01,118.26,2.18,2098.41,-171.3,corridor,7.75,rain,19.206,6.758,997.01,47.74,world
1795.25,2026-08-31 05:43:02,117.89,2.35,2096.02,-171.3,corridor,7.77,rain,19.184,6.573,999.43,45.58,world
1795.75,2026-08-31 05:43:02,117.53,2.61,2093.68,-171.3,corridor,7.79,rain,19.184,6.573,1001.80,43.50,world
1796.25,2026-08-31 05:43:03,117.17,2.86,2091.34,-171.3,corridor,7.81,rain,18.382,5.825,1004.17,41.44,world
1796.75,2026-08-31 05:43:03,116.80,2.99,2088.93,-171.3,corridor,7.83,rain,18.382,5.825,1006.60,39.37,world
1797.25,2026-08-31 05:43:04,116.41,2.90,2086.43,-171.3,corridor,7.85,rain,18.264,6.317,1009.13,37.26,world
1797.75,2026-08-31 05:43:04,116.02,2.65,2083.90,-171.3,corridor,7.87,rain,18.264,6.317,1011.69,35.18,world
1798.25,2026-08-31 05:43:05,115.62,2.35,2081.35,-171.3,corridor,7.89,rain,19.071,5.784,1014.27,33.15,world
1798.75,2026-08-31 05:43:05,115.23,2.12,2078.81,-171.3,corridor,7.91,rain,19.071,5.784,1016.84,31.22,world
1799.25,2026-08-31 05:43:06,114.85,2.04,2076.32,-171.3,corridor,7.93,rain,19.846,6.071,0.00,29.41,world
1799.75,2026-08-31 05:43:06,114.47,2.08,2073.86,-171.3,corridor,7.95,rain,19.846,6.071,0.00,27.73,world
1800.25,2026-08-31 05:43:07,114.09,2.11,2071.40,-171.3,corridor,7.97,rain,18.677,5.743,0.00,26.19,world
1800.75,2026-08-31 05:43:07,113.70,2.02,2068.91,-171.3,corridor,7.99,rain,18.677,5.743,0.00,24.78,world
1801.25,2026-08-31 05:43:08,113.30,1.76,2066.37,-171.3,corridor,8.01,rain,39.856,6.456,0.00,23.55,world
1801.75,2026-08-31 05:43:08,112.91,1.39,2063.82,-171.3,corridor,8.03,rain,39.856,6.456,0.00,22.53,world
1802.25,2026-08-31 05:43:09,112.51,0.97,2061.26,-171.3,corridor,8.05,rain,20.625,6.551,0.00,21.77,world
1802.75,2026-08-31 05:43:09,112.11,0.68,2058.72,-171.3,corridor,8.07,rain,20.625,6.551,0.00,21.30,world
1803.25,2026-08-31 05:43:10,111.73,0.60,2056.22,-171.3,corridor,8.09,rain,18.103,6.562,0.00,20.36,world
1803.75,2026-08-31 05:43:10,111.35,0.62,2053.76,-171.3,corridor,8.11,rain,18.103,6.562,0.00,19.72,world
1804.25,2026-08-31 05:43:11,110.97,0.60,2051.28,-171.3,corridor,8.13,rain,17.864,7.310,0.00,19.35,world
1804.75,2026-08-31 05:43:11,110.58,0.50,2048.78,-171.3,corridor,8.15,rain,17.864,7.310,0.00,19.30,world
1805.25,2026-08-31 05:43:12,110.19,0.40,2046.27,-171.3,corridor,8.17,rain,23.975,13.324,0.00,19.57,world
1805.75,2026-08-31 05:43:12,109.81,0.38,2043.79,-171.3,corridor,8.19,rain,23.975,13.324,0.00,20.71,world
1806.25,2026-08-31 05:43:13,109.43,0.38,2041.33,-171.3,corridor,8.21,rain,18.774,6.701,0.00,22.01,world
1806.75,2026-08-31 05:43:13,109.06,0.49,2038.90,-171.3,corridor,8.23,rain,18.774,6.701,0.00,21.95,world
1807.25,2026-08-31 05:43:14,108.70,0.73,2036.56,-171.3,corridor,8.25,rain,18.489,6.637,0.00,22.16,world
1807.75,2026-08-31 05:43:14,108.34,1.01,2034.23,-171.3,corridor,8.27,rain,18.489,6.637,0.00,22.61,world
1808.25,2026-08-31 05:43:15,107.98,1.14,2031.82,-171.3,corridor,8.29,rain,19.535,7.159,0.00,23.52,world
1808.75,2026-08-31 05:43:15,107.60,1.09,2029.33,-171.3,corridor,8.31,rain,19.535,7.159,0.00,24.46,world
1809.25,2026-08-31 05:43:16,107.22,1.03,2026.84,-171.3,corridor,8.33,rain,19.617,7.299,0.00,25.61,world
1809.75,2026-08-31 05:43:16,106.85,1.00,2024.35,-171.3,corridor,8.35,rain,19.617,7.299,0.00,26.95,world
1810.25,2026-08-31 05:43:17,106.47,0.83,2021.84,-171.3,corridor,8.37,rain,18.748,7.167,0.00,28.46,world
1810.75,2026-08-31 05:43:17,106.08,0.50,2019.29,-171.3,corridor,8.39,rain,18.748,7.167,0.26,30.14,world
1811.25,2026-08-31 05:43:18,105.67,0.09,2016.73,-171.3,corridor,8.41,rain,23.413,7.854,2.85,31.96,world
1811.75,2026-08-31 05:43:18,105.27,-0.31,2014.17,-171.3,corridor,8.43,rain,23.413,7.854,5.43,33.90,world
1812.25,2026-08-31 05:43:19,104.88,-0.68,2011.62,-171.3,corridor,8.45,rain,22.460,7.618,8.02,35.90,world
1812.75,2026-08-31 05:43:19,104.48,-1.08,2009.07,-171.3,corridor,8.47,rain,22.460,7.618,10.60,37.97,world
1813.25,2026-08-31 05:43:20,104.08,-1.58,2006.51,-171.3,corridor,8.49,rain,19.802,6.399,13.19,40.10,world
1813.75,2026-08-31 05:43:20,103.67,-2.15,2003.95,-171.3,corridor,8.51,rain,19.802,6.399,15.78,42.28,world
1814.25,2026-08-31 05:43:21,103.27,-2.61,2001.39,-171.3,corridor,8.53,rain,19.165,5.882,18.37,44.51,world
1814.75,2026-08-31 05:43:21,102.88,-3.03,1998.84,-171.3,corridor,8.55,rain,19.165,5.882,20.96,46.77,world
1815.25,2026-08-31 05:43:22,102.48,-3.55,1996.28,-171.3,corridor,8.57,rain,18.650,5.864,23.55,49.06,world
1815.75,2026-08-31 05:43:22,102.09,-4.12,1993.72,-171.3,corridor,8.59,rain,18.650,5.864,26.14,51.38,world
1816.25,2026-08-31 05:43:23,101.69,-4.56,1991.16,-171.3,corridor,8.61,rain,18.697,6.003,28.73,53.73,world
1816.75,2026-08-31 05:43:23,101.30,-4.79,1988.63,-171.3,corridor,8.63,rain,18.697,6.003,31.29,56.07,world
1817.25,2026-08-31 05:43:24,100.92,-4.93,1986.11,-171.3,corridor,8.65,rain,18.106,6.109,33.83,58.42,world
1817.75,2026-08-31 05:43:24,100.53,-5.19,1983.57,-171.3,corridor,8.67,rain,18.106,6.109,36.40,60.80,world
1818.25,2026-08-31 05:43:25,100.14,-5.63,1981.01,-171.3,corridor,8.69,rain,18.546,5.863,38.99,63.21,world
1818.75,2026-08-31 05:43:25,99.75,-6.12,1978.45,-171.3,corridor,8.71,rain,18.546,5.863,41.59,65.64,world
1819.25,2026-08-31 05:43:26,99.36,-6.54,1975.89,-171.3,corridor,8.73,rain,18.039,6.479,44.17,68.08,world
1819.75,2026-08-31 05:43:26,98.98,-6.87,1973.33,-171.3,corridor,8.75,rain,18.039,6.479,46.76,70.53,world
1820.25,2026-08-31 05:43:27,98.59,-7.09,1970.80,-171.3,corridor,8.77,rain,18.375,6.281,49.32,72.96,world
1820.75,2026-08-31 05:43:27,98.22,-7.11,1968.32,-171.3,corridor,8.79,rain,18.375,6.281,51.83,75.35,world
1821.25,2026-08-31 05:43:28,97.86,-6.97,1965.91,-171.3,corridor,8.81,rain,19.010,6.190,54.27,77.69,world
1821.75,2026-08-31 05:43:28,97.50,-6.77,1963.53,-171.3,corridor,8.83,rain,19.010,6.190,56.68,79.99,world
1822.25,2026-08-31 05:43:29,97.14,-6.60,1961.12,-171.3,corridor,8.85,rain,18.936,5.874,59.11,82.33,world
1822.75,2026-08-31 05:43:29,96.77,-6.56,1958.67,-171.2,corridor,8.87,rain,18.936,5.874,61.59,84.72,world
1823.25,2026-08-31 05:43:30,96.39,-6.66,1956.17,-171.2,corridor,8.89,rain,17.522,5.977,64.12,87.16,world
1823.75,2026-08-31 05:43:30,96.01,-6.80,1953.65,-171.2,corridor,8.91,rain,17.522,5.977,66.66,89.62,world
1824.25,2026-08-31 05:43:31,95.63,-6.84,1951.17,-171.2,corridor,8.93,rain,17.917,5.809,69.17,92.06,world
1824.75,2026-08-31 05:43:31,95.26,-6.74,1948.74,-171.2,corridor,8.95,rain,17.917,5.809,71.63,94.44,world
1825.25,2026-08-31 05:43:32,94.90,-6.59,1946.34,-171.2,corridor,8.97,rain,18.083,5.771,74.06,96.81,world
1825.75,2026-08-31 05:43:32,94.53,-6.42,1943.94,-171.2,corridor,8.99,rain,18.083,5.771,76.49,99.17,world
1826.25,2026-08-31 05:43:33,94.16,-6.34,1941.50,-171.2,corridor,9.01,rain,18.376,7.766,78.95,101.57,world
1826.75,2026-08-31 05:43:33,93.78,-6.40,1939.02,-171.2,corridor,9.03,rain,18.376,7.766,81.47,104.03,world
1827.25,2026-08-31 05:43:34,93.39,-6.56,1936.50,-171.2,corridor,9.05,rain,18.687,5.880,84.01,106.52,world
1827.75,2026-08-31 05:43:34,93.01,-6.73,1933.97,-171.2,corridor,9.07,rain,18.687,5.880,86.57,109.02,world
1828.25,2026-08-31 05:43:35,92.63,-6.88,1931.45,-171.2,corridor,9.09,rain,18.111,5.917,89.12,111.51,world
1828.75,2026-08-31 05:43:35,92.24,-7.06,1928.93,-171.2,corridor,9.11,rain,18.111,5.917,91.67,114.01,world
1829.25,2026-08-31 05:43:36,91.86,-7.24,1926.40,-171.2,corridor,9.13,rain,17.645,6.083,94.23,116.52,world
1829.75,2026-08-31 05:43:36,91.47,-7.39,1923.88,-171.2,corridor,9.15,rain,17.645,6.083,96.77,119.02,world
1830.25,2026-08-31 05:43:37,91.10,-7.41,1921.40,-171.2,corridor,9.17,rain,17.940,5.585,99.28,121.49,world
1830.75,2026-08-31 05:43:37,90.73,-7.30,1918.98,-171.2,corridor,9.19,rain,17.940,5.585,101.73,123.90,world
1831.25,2026-08-31 05:43:38,90.37,-7.12,1916.59,-171.2,corridor,9.21,rain,18.213,5.982,104.15,126.28,world
1831.75,2026-08-31 05:43:38,90.00,-7.04,1914.16,-171.2,corridor,9.23,rain,18.213,5.982,106.61,128.70,world
1832.25,2026-08-31 05:43:39,89.62,-7.01,1911.70,-171.2,corridor,9.25,rain,18.256,5.825,109.10,131.15,world
1832.75,2026-08-31 05:43:39,89.26,-6.81,1909.33,-171.2,corridor,9.27,rain,18.256,5.825,111.50,133.52,world
1833.25,2026-08-31 05:43:40,88.91,-6.47,1907.05,-171.2,corridor,9.29,rain,17.062,5.398,113.81,135.79,world
1833.75,2026-08-31 05:43:40,88.56,-6.11,1904.78,-171.2,corridor,9.31,rain,17.062,5.398,116.09,138.05,world
1834.25,2026-08-31 05:43:41,88.21,-5.79,1902.48,-171.2,corridor,9.33,rain,17.570,5.898,118.42,140.35,world
1834.75,2026-08-31 05:43:41,87.85,-5.53,1900.15,-171.2,corridor,9.35,rain,17.570,5.898,120.78,142.68,world
1835.25,2026-08-31 05:43:42,87.50,-5.24,1897.83,-171.2,corridor,9.37,rain,17.979,5.989,123.13,145.00,world
1835.75,2026-08-31 05:43:42,87.15,-4.92,1895.52,-171.2,corridor,9.39,rain,17.979,5.989,125.46,145.11,world
1836.25,2026-08-31 05:43:43,86.81,-4.59,1893.23,-171.2,corridor,9.41,rain,19.464,6.298,127.78,145.07,world
1836.75,2026-08-31 05:43:43,86.46,-4.27,1890.93,-171.2,corridor,9.43,rain,19.464,6.298,130.10,145.06,world
1837.25,2026-08-31 05:43:44,86.10,-4.04,1888.58,-171.2,corridor,9.45,rain,25.859,6.116,132.49,145.09,world
1837.75,2026-08-31 05:43:44,85.73,-3.89,1886.17,-171.2,corridor,9.47,rain,25.859,6.116,134.92,145.18,world
1838.25,2026-08-31 05:43:45,85.36,-3.73,1883.78,-171.2,corridor,9.49,rain,20.904,8.586,137.34,145.30,world
1838.75,2026-08-31 05:43:45,84.99,-3.62,1881.36,-171.2,corridor,9.51,rain,20.904,8.586,139.79,145.46,world
1839.25,2026-08-31 05:43:46,84.61,-3.60,1878.89,-171.2,corridor,9.53,rain,17.665,6.121,142.28,145.67,world
1839.75,2026-08-31 05:43:46,84.22,-3.61,1876.42,-171.2,corridor,9.55,rain,17.665,6.121,144.78,145.92,world
1840.25,2026-08-31 05:43:47,83.85,-3.47,1874.02,-171.2,corridor,9.57,rain,18.961,5.941,147.22,146.20,world
1840.75,2026-08-31 05:43:47,83.50,-3.19,1871.70,-171.2,corridor,9.59,rain,18.961,5.941,149.57,146.51,world
1841.25,2026-08-31 05:43:48,83.13,-2.98,1869.33,-171.2,corridor,9.61,rain,19.915,5.595,151.96,146.87,world
1841.75,2026-08-31 05:43:48,82.76,-2.93,1866.88,-171.2,corridor,9.63,rain,19.915,5.595,154.44,147.28,world
1842.25,2026-08-31 05:43:49,82.38,-2.92,1864.42,-171.2,corridor,9.65,rain,17.668,6.128,156.93,147.73,world
1842.75,2026-08-31 05:43:49,82.00,-2.86,1861.97,-171.2,corridor,9.67,rain,17.668,6.128,159.41,148.22,world
1843.25,2026-08-31 05:43:50,81.62,-2.77,1859.54,-171.2,corridor,9.69,rain,18.566,5.981,161.87,148.75,world
1843.75,2026-08-31 05:43:50,81.24,-2.64,1857.12,-171.2,corridor,9.71,rain,18.566,5.981,164.32,149.32,world
1844.25,2026-08-31 05:43:51,80.87,-2.43,1854.74,-171.2,corridor,9.73,rain,21.117,7.088,166.72,149.91,world
1844.75,2026-08-31 05:43:51,80.50,-2.20,1852.38,-171.2,corridor,9.75,rain,21.117,7.088,169.11,150.54,world
1845.25,2026-08-31 05:43:52,80.12,-2.09,1849.96,-171.2,corridor,9.77,rain,18.206,7.494,171.56,151.22,world
1845.75,2026-08-31 05:43:52,79.74,-2.07,1847.50,-171.2,corridor,9.79,rain,18.206,7.494,174.06,151.94,world
1846.25,2026-08-31 05:43:53,79.36,-1.98,1845.07,-171.2,corridor,9.81,rain,17.627,5.926,176.52,152.69,world
1846.75,2026-08-31 05:43:53,78.98,-1.83,1842.66,-171.2,corridor,9.83,rain,17.627,5.926,178.95,153.47,world
1847.25,2026-08-31 05:43:54,78.60,-1.77,1840.22,-171.2,corridor,9.85,rain,17.938,5.639,181.43,154.30,world
1847.75,2026-08-31 05:43:54,78.21,-1.76,1837.74,-171.2,corridor,9.87,rain,17.938,5.639,183.93,155.17,world
1848.25,2026-08-31 05:43:55,77.83,-1.72,1835.29,-171.2,corridor,9.89,rain,17.506,5.896,186.41,156.08,world
1848.75,2026-08-31 05:43:55,77.45,-1.56,1832.89,-171.2,corridor,9.91,rain,17.506,5.896,188.84,157.00,world
1849.25,2026-08-31 05:43:56,77.08,-1.33,1830.53,-171.2,corridor,9.93,rain,18.449,5.952,191.23,157.93,world
1849.75,2026-08-31 05:43:56,76.71,-1.09,1828.17,-171.2,corridor,9.95,rain,18.449,5.952,193.62,158.89,world
1850.25,2026-08-31 05:43:57,76.34,-0.87,1825.80,-171.2,corridor,9.97,rain,17.690,5.735,196.02,159.89,world
1850.75,2026-08-31 05:43:57,75.97,-0.65,1823.43,-171.2,corridor,9.99,rain,17.690,5.735,198.42,160.92,world
1851.25,2026-08-31 05:43:58,75.60,-0.41,1821.07,-171.2,corridor,10.01,rain,18.412,5.993,200.80,161.97,world
1851.75,2026-08-31 05:43:58,75.22,-0.21,1818.70,-171.2,corridor,10.03,rain,18.412,5.993,203.21,163.06,world
1852.25,2026-08-31 05:43:59,74.84,-0.15,1816.25,-171.3,corridor,10.05,rain,33.778,10.213,205.69,164.21,world
1852.75,2026-08-31 05:43:59,74.45,-0.13,1813.78,-171.3,corridor,10.07,rain,33.778,10.213,208.19,165.40,world
1853.25,2026-08-31 05:44:00,74.07,-0.01,1811.36,-171.3,corridor,10.09,rain,19.768,6.000,210.64,166.59,world
1853.75,2026-08-31 05:44:00,73.69,0.08,1808.92,-171.3,corridor,10.11,rain,19.768,6.000,213.10,167.82,world
1854.25,2026-08-31 05:44:01,73.30,-0.05,1806.42,-171.3,corridor,10.13,rain,20.342,6.787,215.64,169.11,world
1854.75,2026-08-31 05:44:01,72.90,-0.35,1803.87,-171.3,corridor,10.15,rain,20.342,6.787,218.22,170.46,world
1855.25,2026-08-31 05:44:02,72.50,-0.56,1801.34,-171.3,corridor,10.17,rain,19.421,6.174,220.78,171.82,world
1855.75,2026-08-31 05:44:02,72.11,-0.56,1798.87,-171.3,corridor,10.19,rain,19.421,6.174,223.28,171.79,world
1856.25,2026-08-31 05:44:03,71.74,-0.41,1796.46,-171.3,corridor,10.21,rain,20.336,6.763,225.71,170.57,world
1856.75,2026-08-31 05:44:03,71.37,-0.19,1794.10,-171.3,corridor,10.23,rain,20.336,6.763,228.11,169.39,world
1857.25,2026-08-31 05:44:04,71.02,0.11,1791.79,-171.3,corridor,10.25,rain,19.728,6.951,230.44,168.26,world
1857.75,2026-08-31 05:44:04,70.67,0.50,1789.55,-171.3,corridor,10.27,rain,19.728,6.951,232.71,167.20,world
1858.25,2026-08-31 05:44:05,70.33,0.97,1787.39,-171.3,corridor,10.29,rain,23.130,7.966,234.90,166.19,world
1858.75,2026-08-31 05:44:05,70.00,1.48,1785.27,-171.3,corridor,10.31,rain,23.130,7.966,237.04,165.23,world
1859.25,2026-08-31 05:44:06,69.67,1.97,1783.13,-171.3,corridor,10.33,rain,23.788,7.517,239.20,164.28,world
1859.75,2026-08-31 05:44:06,69.33,2.38,1780.91,-171.3,corridor,10.35,rain,23.788,7.517,241.45,163.32,world
1860.25,2026-08-31 05:44:07,68.97,2.67,1778.60,-171.3,corridor,10.37,rain,19.405,5.835,243.79,162.34,world
1860.75,2026-08-31 05:44:07,68.59,2.79,1776.18,-171.3,corridor,10.39,rain,19.405,5.835,246.24,161.35,world
1861.25,2026-08-31 05:44:08,68.21,2.73,1773.70,-171.3,corridor,10.41,rain,24.016,9.263,248.75,160.37,world
1861.75,2026-08-31 05:44:08,67.82,2.60,1771.18,-171.3,corridor,10.43,rain,24.016,9.263,251.30,159.41,world
1862.25,2026-08-31 05:44:09,67.43,2.57,1768.70,-171.3,corridor,10.45,rain,20.246,8.294,253.81,158.49,world
1862.75,2026-08-31 05:44:09,67.06,2.63,1766.26,-171.3,corridor,10.47,rain,20.246,8.294,256.28,157.62,world
1863.25,2026-08-31 05:44:10,66.68,2.63,1763.79,-171.3,corridor,10.49,rain,18.116,5.820,258.78,156.77,world
1863.75,2026-08-31 05:44:10,66.29,2.49,1761.27,-171.3,corridor,10.51,rain,18.116,5.820,261.32,155.95,world
1864.25,2026-08-31 05:44:11,65.91,2.30,1758.75,-171.3,corridor,10.53,rain,20.324,7.016,263.88,155.15,world
1864.75,2026-08-31 05:44:11,65.52,2.12,1756.22,-171.3,corridor,10.55,rain,20.324,7.016,266.43,154.40,world
1865.25,2026-08-31 05:44:12,65.14,1.88,1753.69,-171.3,corridor,10.57,rain,19.048,6.308,269.00,153.68,world
1865.75,2026-08-31 05:44:12,64.74,1.59,1751.14,-171.3,corridor,10.59,rain,19.048,6.308,271.57,153.00,world
1866.25,2026-08-31 05:44:13,64.35,1.34,1748.60,-171.3,corridor,10.61,rain,18.822,5.918,274.14,152.37,world
1866.75,2026-08-31 05:44:13,63.97,1.23,1746.09,-171.3,corridor,10.63,rain,18.822,5.918,276.68,151.78,world
1867.25,2026-08-31 05:44:14,63.59,1.32,1743.67,-171.3,corridor,10.65,rain,20.122,6.050,279.13,151.25,world
1867.75,2026-08-31 05:44:14,63.22,1.51,1741.28,-171.3,corridor,10.67,rain,20.122,6.050,281.55,150.77,world
1868.25,2026-08-31 05:44:15,62.85,1.57,1738.84,-171.3,corridor,10.69,rain,22.793,5.775,284.01,148.64,world
1868.75,2026-08-31 05:44:15,62.47,1.42,1736.33,-171.3,corridor,10.71,rain,22.793,5.775,286.56,146.16,world
1869.25,2026-08-31 05:44:16,62.08,1.20,1733.80,-171.3,corridor,10.73,rain,22.459,6.541,289.12,143.66,world
1869.75,2026-08-31 05:44:16,61.69,1.05,1731.28,-171.3,corridor,10.75,rain,22.459,6.541,291.67,141.19,world
1870.25,2026-08-31 05:44:17,61.31,0.88,1728.76,-171.3,corridor,10.77,rain,17.751,5.977,294.22,138.71,world
1870.75,2026-08-31 05:44:17,60.92,0.67,1726.23,-171.3,corridor,10.79,rain,17.751,5.977,296.78,136.23,world
1871.25,2026-08-31 05:44:18,60.53,0.49,1723.70,-171.3,corridor,10.81,rain,18.980,6.237,299.34,133.75,world
1871.75,2026-08-31 05:44:18,60.14,0.31,1721.17,-171.3,corridor,10.83,rain,18.980,6.237,301.89,131.28,world
1872.25,2026-08-31 05:44:19,59.76,0.07,1718.64,-171.3,corridor,10.85,rain,19.042,5.809,304.46,128.80,world
1872.75,2026-08-31 05:44:19,59.37,-0.20,1716.09,-171.3,corridor,10.87,rain,19.042,5.809,307.03,126.31,world
1873.25,2026-08-31 05:44:20,58.99,-0.48,1713.55,-171.3,corridor,10.89,rain,18.543,5.745,309.60,123.83,world
1873.75,2026-08-31 05:44:20,58.60,-0.82,1710.99,-171.3,corridor,10.91,rain,18.543,5.745,312.19,121.35,world
1874.25,2026-08-31 05:44:21,58.21,-1.22,1708.44,-171.3,corridor,10.93,rain,19.234,6.131,314.77,118.86,world
1874.75,2026-08-31 05:44:21,57.83,-1.64,1705.88,-171.3,corridor,10.95,rain,19.234,6.131,317.36,116.38,world
1875.25,2026-08-31 05:44:22,57.44,-1.91,1703.34,-171.3,corridor,10.97,rain,19.139,7.744,319.93,113.92,world
1875.75,2026-08-31 05:44:22,57.05,-2.06,1700.82,-171.3,corridor,10.99,rain,19.139,7.744,322.48,111.49,world
1876.25,2026-08-31 05:44:23,56.67,-2.21,1698.31,-171.3,corridor,11.01,rain,18.896,6.284,325.02,109.06,world
1876.75,2026-08-31 05:44:23,56.28,-2.40,1695.78,-171.3,corridor,11.03,rain,18.896,6.284,327.58,106.63,world
1877.25,2026-08-31 05:44:24,55.88,-2.68,1693.24,-171.3,corridor,11.05,rain,26.006,7.309,330.15,104.19,world
1877.75,2026-08-31 05:44:24,55.49,-3.03,1690.68,-171.3,corridor,11.07,rain,26.006,7.309,332.74,101.75,world
1878.25,2026-08-31 05:44:25,55.10,-3.40,1688.13,-171.3,corridor,11.09,rain,18.801,6.183,335.32,99.32,world
1878.75,2026-08-31 05:44:25,54.71,-3.86,1685.57,-171.3,corridor,11.11,rain,18.801,6.183,337.91,96.88,world
1879.25,2026-08-31 05:44:26,54.31,-4.44,1683.01,-171.3,corridor,11.13,rain,19.500,6.972,340.50,94.46,world
1879.75,2026-08-31 05:44:26,53.92,-4.93,1680.45,-171.3,corridor,11.15,rain,19.500,6.972,343.08,92.04,world
1880.25,2026-08-31 05:44:27,53.53,-5.20,1677.91,-171.3,corridor,11.17,rain,19.242,6.246,345.66,89.65,world
1880.75,2026-08-31 05:44:27,53.15,-5.40,1675.38,-171.3,corridor,11.19,rain,19.242,6.246,348.21,87.28,world
1881.25,2026-08-31 05:44:28,52.75,-5.60,1672.86,-171.3,corridor,11.21,rain,25.951,7.066,350.77,84.93,world
1881.75,2026-08-31 05:44:28,52.36,-5.76,1670.34,-171.3,corridor,11.23,rain,25.951,7.066,353.32,82.59,world
1882.25,2026-08-31 05:44:29,51.97,-5.77,1667.86,-171.3,corridor,11.25,rain,20.496,5.818,355.83,80.31,world
1882.75,2026-08-31 05:44:29,51.60,-5.55,1665.49,-171.3,corridor,11.27,rain,20.496,5.818,358.23,78.14,world
1883.25,2026-08-31 05:44:30,51.24,-5.19,1663.21,-171.3,corridor,11.29,rain,20.232,6.441,360.53,76.06,world
1883.75,2026-08-31 05:44:30,50.89,-4.77,1660.99,-171.3,corridor,11.31,rain,20.232,6.441,362.78,74.05,world
1884.25,2026-08-31 05:44:31,50.54,-4.37,1658.75,-171.3,corridor,11.33,rain,20.454,6.709,365.05,72.04,world
1884.75,2026-08-31 05:44:31,50.18,-4.03,1656.46,-171.3,corridor,11.35,rain,20.454,6.709,367.37,70.00,world
1885.25,2026-08-31 05:44:32,49.83,-3.70,1654.17,-171.3,corridor,11.37,rain,19.007,5.729,369.69,67.98,world
1885.75,2026-08-31 05:44:32,49.48,-3.29,1651.94,-171.3,corridor,11.39,rain,19.007,5.729,371.94,66.03,world
1886.25,2026-08-31 05:44:33,49.14,-2.82,1649.78,-171.3,corridor,11.41,rain,17.873,5.601,374.13,64.15,world
1886.75,2026-08-31 05:44:33,48.81,-2.32,1647.65,-171.3,corridor,11.43,rain,17.873,5.601,376.29,62.33,world
1887.25,2026-08-31 05:44:34,48.47,-1.86,1645.48,-171.3,corridor,11.45,rain,18.284,5.827,378.48,60.49,world
1887.75,2026-08-31 05:44:34,48.12,-1.52,1643.20,-171.3,corridor,11.47,rain,18.284,5.827,380.79,58.59,world
1888.25,2026-08-31 05:44:35,47.74,-1.44,1640.77,-171.3,corridor,11.49,rain,18.427,6.118,383.24,56.60,world
1888.75,2026-08-31 05:44:35,47.35,-1.63,1638.25,-171.3,corridor,11.51,rain,18.427,6.118,385.80,54.56,world
1889.25,2026-08-31 05:44:36,46.96,-1.87,1635.71,-171.3,corridor,11.53,rain,18.093,5.861,388.37,52.56,world
1889.75,2026-08-31 05:44:36,46.56,-2.06,1633.18,-171.3,corridor,11.55,rain,18.093,5.861,390.92,50.53,world
1890.25,2026-08-31 05:44:37,46.16,-2.31,1630.65,-171.3,corridor,11.57,rain,19.238,7.457,393.49,48.51,world
1890.75,2026-08-31 05:44:37,45.76,-2.60,1628.10,-171.3,corridor,11.59,rain,19.238,7.457,396.07,46.54,world
1891.25,2026-08-31 05:44:38,45.37,-2.66,1625.60,-171.3,corridor,11.61,rain,18.639,6.349,398.60,44.67,world
1891.75,2026-08-31 05:44:38,44.99,-2.54,1623.17,-171.3,corridor,11.63,rain,18.639,6.349,401.06,42.91,world
1892.25,2026-08-31 05:44:39,44.60,-2.43,1620.74,-171.3,corridor,11.65,rain,21.463,5.923,403.52,41.22,world
1892.75,2026-08-31 05:44:39,44.21,-2.42,1618.26,-171.3,corridor,11.67,rain,21.463,5.923,406.03,39.59,world
1893.25,2026-08-31 05:44:40,43.81,-2.48,1615.76,-171.3,corridor,11.69,rain,19.279,5.970,408.57,38.03,world
1893.75,2026-08-31 05:44:40,43.41,-2.55,1613.25,-171.3,corridor,11.71,rain,19.279,5.970,411.10,36.59,world
1894.25,2026-08-31 05:44:41,43.01,-2.59,1610.75,-171.3,corridor,11.73,rain,18.589,5.733,413.64,35.27,world
1894.75,2026-08-31 05:44:41,42.62,-2.55,1608.28,-171.3,corridor,11.75,rain,18.589,5.733,416.13,34.10,world
1895.25,2026-08-31 05:44:42,42.24,-2.41,1605.86,-171.3,corridor,11.77,rain,19.517,5.806,418.59,33.10,world
1895.75,2026-08-31 05:44:42,41.85,-2.33,1603.41,-171.3,corridor,11.79,rain,19.517,5.806,421.07,32.24,world
1896.25,2026-08-31 05:44:43,41.45,-2.37,1600.91,-171.3,corridor,11.81,rain,20.391,6.234,423.60,31.55,world
1896.75,2026-08-31 05:44:43,41.06,-2.36,1598.43,-171.3,corridor,11.83,rain,20.391,6.234,426.11,31.05,world
1897.25,2026-08-31 05:44:44,40.68,-2.18,1596.02,-171.3,corridor,11.85,rain,21.357,6.513,428.55,30.75,world
1897.75,2026-08-31 05:44:44,40.30,-1.98,1593.62,-171.3,corridor,11.87,rain,21.357,6.513,430.98,30.64,world
1898.25,2026-08-31 05:44:45,39.91,-1.97,1591.15,-171.3,corridor,11.89,rain,55.952,6.898,433.48,30.74,world
1898.75,2026-08-31 05:44:45,39.50,-2.26,1588.60,-171.3,corridor,11.91,rain,55.952,6.898,436.07,31.04,world
1899.25,2026-08-31 05:44:46,39.09,-2.73,1586.04,-171.3,corridor,11.93,rain,45.519,8.608,438.66,31.56,world
1899.75,2026-08-31 05:44:46,38.69,-3.25,1583.48,-171.3,corridor,11.95,rain,45.519,8.608,441.25,32.28,world
1900.25,2026-08-31 05:44:47,38.29,-3.67,1580.93,-171.3,corridor,11.97,rain,20.809,6.520,443.83,33.18,world
1900.75,2026-08-31 05:44:47,37.90,-3.77,1578.43,-171.3,corridor,11.99,rain,20.809,6.520,446.35,33.93,world
1901.25,2026-08-31 05:44:48,37.53,-3.57,1576.06,-171.3,corridor,12.01,rain,20.655,6.228,448.76,34.06,world
1901.75,2026-08-31 05:44:48,37.17,-3.30,1573.73,-171.3,corridor,12.03,rain,20.655,6.228,451.11,34.35,world
1902.25,2026-08-31 05:44:49,36.81,-3.14,1571.34,-171.3,corridor,12.05,rain,22.845,8.047,453.54,34.81,world
1902.75,2026-08-31 05:44:49,36.44,-3.06,1568.90,-171.3,corridor,12.07,rain,22.845,8.047,456.00,35.45,world
1903.25,2026-08-31 05:44:50,36.06,-2.94,1566.48,-171.3,corridor,12.09,rain,19.822,6.056,458.45,36.24,world
1903.75,2026-08-31 05:44:50,35.70,-2.77,1564.09,-171.3,corridor,12.11,rain,19.822,6.056,460.87,37.16,world
1904.25,2026-08-31 05:44:51,35.34,-2.56,1561.72,-171.3,corridor,12.13,rain,20.957,5.726,463.27,38.20,world
1904.75,2026-08-31 05:44:51,34.98,-2.37,1559.34,-171.3,corridor,12.15,rain,20.957,5.726,465.67,39.36,world
1905.25,2026-08-31 05:44:52,34.61,-2.19,1556.95,-171.3,corridor,12.17,rain,20.197,6.084,468.09,40.64,world
1905.75,2026-08-31 05:44:52,34.24,-1.95,1554.60,-171.3,corridor,12.19,rain,20.197,6.084,470.47,42.00,world
1906.25,2026-08-31 05:44:53,33.90,-1.57,1552.34,-171.3,corridor,12.21,rain,22.176,7.106,472.75,43.39,world
1906.75,2026-08-31 05:44:53,33.56,-1.11,1550.17,-171.3,corridor,12.23,rain,22.176,7.106,474.95,44.79,world
1907.25,2026-08-31 05:44:54,33.22,-0.66,1547.98,-171.3,corridor,12.25,rain,21.361,6.753,477.16,46.27,world
1907.75,2026-08-31 05:44:54,32.88,-0.29,1545.73,-171.3,corridor,12.27,rain,21.361,6.753,479.44,47.85,world
1908.25,2026-08-31 05:44:55,32.52,0.04,1543.44,-171.3,corridor,12.29,rain,18.660,5.914,481.76,49.51,world
1908.75,2026-08-31 05:44:55,32.16,0.29,1541.10,-171.3,corridor,12.31,rain,18.660,5.914,484.13,51.27,world
1909.25,2026-08-31 05:44:56,31.78,0.30,1538.64,-171.3,corridor,12.33,rain,17.764,5.722,486.62,53.16,world
1909.75,2026-08-31 05:44:56,31.39,0.03,1536.10,-171.3,corridor,12.35,rain,17.764,5.722,489.18,55.16,world
1910.25,2026-08-31 05:44:57,31.00,-0.36,1533.55,-171.3,corridor,12.37,rain,19.276,5.972,491.77,57.22,world
1910.75,2026-08-31 05:44:57,30.61,-0.70,1531.00,-171.3,corridor,12.39,rain,19.276,5.972,494.35,59.32,world
1911.25,2026-08-31 05:44:58,30.23,-0.94,1528.46,-171.3,corridor,12.41,rain,20.328,5.927,496.91,61.44,world
1911.75,2026-08-31 05:44:58,29.85,-1.02,1525.96,-171.3,corridor,12.43,rain,20.328,5.927,499.44,63.56,world
1912.25,2026-08-31 05:44:59,29.48,-0.94,1523.53,-171.3,corridor,12.45,rain,19.532,6.537,501.91,65.66,world
1912.75,2026-08-31 05:44:59,29.12,-0.71,1521.17,-171.3,corridor,12.47,rain,19.532,6.537,504.29,67.70,world
1913.25,2026-08-31 05:45:00,28.78,-0.30,1518.96,-171.3,corridor,12.49,rain,18.493,5.843,506.53,69.65,world
1913.75,2026-08-31 05:45:00,28.47,0.26,1516.89,-171.3,corridor,12.51,rain,18.493,5.843,508.61,71.48,world
1914.25,2026-08-31 05:45:01,28.16,0.86,1514.89,-171.3,corridor,12.53,rain,43.234,7.485,510.64,73.27,world
1914.75,2026-08-31 05:45:01,27.85,1.43,1512.84,-171.3,corridor,12.55,rain,43.234,7.485,512.71,75.11,world
1915.25,2026-08-31 05:45:02,27.52,1.90,1510.68,-171.3,corridor,12.57,rain,27.505,7.114,514.90,77.07,world
1915.75,2026-08-31 05:45:02,27.18,2.27,1508.43,-171.3,corridor,12.59,rain,27.505,7.114,517.18,79.12,world
1916.25,2026-08-31 05:45:03,26.83,2.57,1506.12,-171.3,corridor,12.61,rain,20.913,8.535,519.51,81.19,world
1916.75,2026-08-31 05:45:03,26.48,2.80,1503.76,-171.3,corridor,12.63,rain,20.913,8.535,521.90,81.05,world
1917.25,2026-08-31 05:45:04,26.11,2.94,1501.35,-171.3,corridor,12.65,rain,23.682,6.525,524.33,80.98,world
1917.75,2026-08-31 05:45:04,25.74,2.93,1498.88,-171.3,corridor,12.67,rain,23.682,6.525,526.83,80.98,world
1918.25,2026-08-31 05:45:05,25.36,2.72,1496.35,-171.3,corridor,12.69,rain,21.086,6.355,529.39,81.06,world
1918.75,2026-08-31 05:45:05,24.97,2.33,1493.79,-171.3,corridor,12.71,rain,21.086,6.355,531.98,81.22,world
1919.25,2026-08-31 05:45:06,24.59,1.73,1491.23,-171.3,corridor,12.73,rain,21.570,7.925,534.57,81.47,world
1919.75,2026-08-31 05:45:06,24.20,1.05,1488.68,-171.3,corridor,12.75,rain,21.570,7.925,537.15,79.15,world
1920.25,2026-08-31 05:45:07,23.82,0.41,1486.13,-171.3,corridor,12.77,rain,20.622,6.956,539.73,76.75,world
1920.75,2026-08-31 05:45:07,23.43,-0.05,1483.56,-171.3,corridor,12.79,rain,20.622,6.956,542.32,74.35,world
1921.25,2026-08-31 05:45:08,23.05,-0.42,1481.01,-171.3,corridor,12.81,rain,27.571,7.306,544.91,71.98,world
1921.75,2026-08-31 05:45:08,22.66,-0.78,1478.45,-171.3,corridor,12.83,rain,27.571,7.306,547.49,69.62,world
1922.25,2026-08-31 05:45:09,22.27,-0.96,1475.93,-171.3,corridor,12.85,rain,21.673,6.453,550.04,67.31,world
1922.75,2026-08-31 05:45:09,21.91,-0.76,1473.55,-171.3,corridor,12.87,rain,21.673,6.453,552.45,65.15,world
1923.25,2026-08-31 05:45:10,21.55,-0.49,1471.23,-171.3,corridor,12.89,rain,18.759,6.362,554.80,63.05,world
1923.75,2026-08-31 05:45:10,21.19,-0.34,1468.83,-171.3,corridor,12.91,rain,18.759,6.362,557.23,60.91,world
1924.25,2026-08-31 05:45:11,20.81,-0.30,1466.37,-171.3,corridor,12.93,rain,19.162,6.441,559.71,58.74,world
1924.75,2026-08-31 05:45:11,20.44,-0.21,1463.94,-171.3,corridor,12.95,rain,19.162,6.441,562.17,56.61,world
1925.25,2026-08-31 05:45:12,20.08,-0.08,1461.52,-171.3,corridor,12.97,rain,20.257,6.197,564.61,54.52,world
1925.75,2026-08-31 05:45:12,19.71,-0.06,1459.06,-171.3,corridor,12.99,rain,20.257,6.197,567.10,52.43,world
1926.25,2026-08-31 05:45:13,19.33,-0.12,1456.57,-171.3,corridor,13.01,rain,19.944,7.020,569.63,50.34,world
1926.75,2026-08-31 05:45:13,18.95,-0.20,1454.07,-171.3,corridor,13.03,rain,19.944,7.020,572.15,47.99,world
1927.25,2026-08-31 05:45:14,18.57,-0.33,1451.56,-171.3,corridor,13.05,rain,27.310,148.868,574.69,45.49,world
1927.75,2026-08-31 05:45:14,18.18,-0.51,1449.03,-171.3,corridor,13.07,rain,27.310,148.868,577.25,42.98,world
1928.25,2026-08-31 05:45:15,17.80,-0.68,1446.51,-171.3,corridor,13.09,rain,28.028,13.873,579.80,40.48,world
1928.75,2026-08-31 05:45:15,17.42,-0.77,1444.01,-171.3,corridor,13.11,rain,28.028,13.873,582.33,38.01,world
1929.25,2026-08-31 05:45:16,17.05,-0.77,1441.54,-171.3,corridor,13.13,rain,23.046,8.313,584.83,35.58,world
1929.75,2026-08-31 05:45:16,16.68,-0.74,1439.08,-171.3,corridor,13.15,rain,23.046,8.313,587.32,33.17,world
1930.25,2026-08-31 05:45:17,16.30,-0.68,1436.63,-171.3,corridor,13.17,rain,22.391,8.586,589.80,30.73,world
1930.75,2026-08-31 05:45:17,15.93,-0.61,1434.19,-171.3,corridor,13.19,rain,22.391,8.586,0.00,27.70,world
1931.25,2026-08-31 05:45:18,15.55,-0.59,1431.73,-171.3,corridor,13.21,rain,26.657,8.860,0.00,24.63,world
1931.75,2026-08-31 05:45:18,15.17,-0.62,1429.24,-171.3,corridor,13.23,rain,26.657,8.860,0.00,21.57,world
1932.25,2026-08-31 05:45:19,14.79,-0.61,1426.78,-171.3,corridor,13.25,rain,24.179,9.329,0.00,18.55,world
1932.75,2026-08-31 05:45:19,14.41,-0.51,1424.35,-171.3,corridor,13.27,rain,24.179,9.329,0.00,15.59,world
1933.25,2026-08-31 05:45:20,14.04,-0.46,1421.90,-171.3,corridor,13.29,rain,23.699,9.390,0.00,12.81,world
1933.75,2026-08-31 05:45:20,13.65,-0.63,1419.38,-171.3,corridor,13.31,rain,23.699,9.390,0.00,10.63,world
1934.25,2026-08-31 05:45:21,13.25,-0.94,1416.83,-171.3,corridor,13.33,rain,25.437,9.040,0.00,8.64,world
1934.75,2026-08-31 05:45:21,12.90,-1.20,1414.54,-171.3,corridor,13.35,rain,25.437,9.040,0.00,7.18,world
1935.25,2026-08-31 05:45:22,12.50,-1.34,1412.02,-171.3,corridor,13.37,rain,24.963,11.444,0.00,6.21,world
1935.75,2026-08-31 05:45:22,12.12,-1.36,1409.53,-171.3,corridor,13.39,rain,24.963,11.444,0.00,6.21,world
1936.25,2026-08-31 05:45:23,11.73,-1.35,1407.07,-171.3,corridor,13.41,rain,24.306,8.424,0.00,7.14,world
1936.75,2026-08-31 05:45:23,11.36,-1.30,1404.62,-171.3,corridor,13.43,rain,24.306,8.424,0.00,7.73,world
1937.25,2026-08-31 05:45:24,10.99,-1.18,1402.20,-171.3,corridor,13.45,rain,20.469,10.630,0.00,8.16,world
1937.75,2026-08-31 05:45:24,10.62,-1.03,1399.79,-171.3,corridor,13.47,rain,20.469,10.630,0.00,9.24,world
1938.25,2026-08-31 05:45:25,10.25,-0.96,1397.35,-171.3,corridor,13.49,rain,22.531,9.977,0.00,10.80,world
1938.75,2026-08-31 05:45:25,9.87,-1.02,1394.87,-171.3,corridor,13.51,rain,22.531,9.977,0.00,12.43,world
1939.25,2026-08-31 05:45:26,9.48,-1.27,1392.33,-171.4,corridor,13.53,rain,25.993,10.202,0.00,14.04,world
1939.75,2026-08-31 05:45:26,9.09,-1.67,1389.78,-171.4,corridor,13.55,rain,25.993,10.202,0.00,13.82,world
1940.25,2026-08-31 05:45:27,8.70,-2.09,1387.22,-171.4,corridor,13.57,rain,21.855,10.387,0.00,12.49,world
1940.75,2026-08-31 05:45:27,8.31,-2.40,1384.67,-171.4,corridor,13.59,rain,21.855,10.387,0.00,11.37,world
1941.25,2026-08-31 05:45:28,7.93,-2.56,1382.15,-171.4,corridor,13.61,rain,22.452,10.490,0.00,10.56,world
1941.75,2026-08-31 05:45:28,7.55,-2.60,1379.67,-171.4,corridor,13.63,rain,22.452,10.490,0.00,10.07,world
1942.25,2026-08-31 05:45:29,7.18,-2.56,1377.21,-171.3,corridor,13.65,rain,22.694,8.610,0.00,10.00,world
1942.75,2026-08-31 05:45:29,6.81,-2.45,1374.79,-171.3,corridor,13.67,rain,22.694,8.610,0.00,10.34,world
1943.25,2026-08-31 05:45:30,6.45,-2.33,1372.37,-171.3,corridor,13.69,rain,23.710,11.341,0.00,11.01,world
1943.75,2026-08-31 05:45:30,6.07,-2.22,1369.95,-171.4,corridor,13.71,rain,23.710,11.341,0.00,11.99,world
1944.25,2026-08-31 05:45:31,5.70,-2.12,1367.51,-171.4,corridor,13.73,rain,22.312,8.010,0.00,13.22,world
1944.75,2026-08-31 05:45:31,5.32,-1.95,1365.11,-171.4,corridor,13.75,rain,22.312,8.010,0.00,14.67,world
1945.25,2026-08-31 05:45:32,4.96,-1.64,1362.78,-171.4,corridor,13.77,rain,22.871,7.420,0.00,16.29,world
1945.75,2026-08-31 05:45:32,4.60,-1.25,1360.51,-171.4,corridor,13.79,rain,22.871,7.420,0.00,18.04,world
1946.25,2026-08-31 05:45:33,4.23,-0.98,1358.15,-171.4,corridor,13.81,rain,21.357,7.055,0.00,19.74,world
1946.75,2026-08-31 05:45:33,3.84,-1.31,1355.61,-171.5,corridor,13.83,rain,21.357,7.055,0.00,21.66,world
1947.25,2026-08-31 05:45:34,3.46,-1.97,1353.05,-171.5,corridor,13.85,rain,23.815,8.520,0.00,23.71,world
1947.75,2026-08-31 05:45:34,3.08,-2.62,1350.50,-171.5,corridor,13.87,rain,23.815,8.520,0.00,25.84,world
1948.25,2026-08-31 05:45:35,2.71,-2.89,1347.97,-171.4,corridor,13.89,rain,21.533,7.726,0.00,28.04,world
1948.75,2026-08-31 05:45:35,2.33,-2.90,1345.49,-171.4,corridor,13.91,rain,21.533,7.726,0.75,30.86,world
1949.25,2026-08-31 05:45:36,1.96,-2.90,1343.02,-171.4,corridor,13.93,rain,21.282,8.138,3.25,31.42,world
1949.75,2026-08-31 05:45:36,1.59,-2.88,1340.56,-171.4,corridor,13.95,rain,21.282,8.138,0.00,29.32,world
1950.25,2026-08-31 05:45:37,1.23,-2.76,1338.14,-171.4,corridor,13.97,rain,20.897,8.611,0.00,27.31,world
1950.77,2026-08-31 05:45:38,1.17,-2.88,1337.71,-171.4,corridor,13.97,rain,301.728,10.756,0.00,26.96,menu_build
1951.32,2026-08-31 05:45:38,1.17,-2.88,1337.71,-171.4,corridor,13.97,rain,301.728,10.756,0.00,26.96,menu_save
1951.83,2026-08-31 05:45:39,1.17,-2.88,1337.71,-171.4,corridor,13.97,rain,97.047,6.164,0.00,26.96,menu_save
1952.33,2026-08-31 05:45:39,1.17,-2.88,1337.71,-171.4,corridor,13.97,rain,97.047,6.164,0.00,26.96,menu_save
1952.83,2026-08-31 05:45:40,1.17,-2.88,1337.71,-171.4,corridor,13.97,rain,26.809,5.169,0.00,26.96,menu_save
1953.33,2026-08-31 05:45:40,1.17,-2.88,1337.71,-171.4,corridor,13.97,rain,26.809,5.169,0.00,26.96,menu_save
1953.83,2026-08-31 05:45:41,1.17,-2.88,1337.71,-171.4,corridor,13.97,rain,25.687,3.002,0.00,26.96,menu_save
