t,wall,x,y,z,heading,region,clock_hour,weather,frame_ms,physics_ms,dead_travel_m,nearest_poi_dist_m,input_context
0.75,2026-08-30 22:38:03,0.00,0.00,0.00,0.0,grandpas_village,0.00,,32.139,10.490,0.00,,title
0.90,2026-08-30 22:38:03,0.00,0.00,0.00,0.0,grandpas_village,0.00,,32.139,10.490,0.00,,title
1.62,2026-08-30 22:38:44,12.29,0.90,-10.18,-85.5,grandpas_village,8.02,clear,18.412,14.175,0.00,9.66,world
2.12,2026-08-30 22:38:44,12.29,0.90,-10.18,-85.5,grandpas_village,8.04,clear,17.698,401.266,0.00,9.66,world
2.62,2026-08-30 22:38:45,12.29,0.90,-10.18,-85.5,grandpas_village,8.06,clear,18.892,4.688,0.00,9.66,world
3.12,2026-08-30 22:38:45,12.29,0.90,-10.18,-85.5,grandpas_village,8.08,clear,18.892,4.688,0.00,9.66,world
3.62,2026-08-30 22:38:46,12.29,0.90,-10.18,-85.5,grandpas_village,8.10,clear,16.360,5.206,0.00,9.66,world
4.13,2026-08-30 22:38:46,12.29,0.90,-10.18,-85.5,grandpas_village,8.12,clear,16.360,5.206,0.00,9.66,world
4.63,2026-08-30 22:38:47,12.29,0.90,-10.18,-85.5,grandpas_village,8.14,clear,16.339,5.044,0.00,9.66,world
5.13,2026-08-30 22:38:47,12.29,0.90,-10.18,-85.5,grandpas_village,8.16,clear,16.339,5.044,0.00,9.66,world
5.63,2026-08-30 22:38:48,12.29,0.90,-10.18,-85.5,grandpas_village,8.18,clear,16.552,5.234,0.00,9.66,world
6.13,2026-08-30 22:38:48,12.29,0.90,-10.18,-85.5,grandpas_village,8.20,clear,16.552,5.234,0.00,9.66,world
6.63,2026-08-30 22:38:49,12.29,0.90,-10.18,-85.5,grandpas_village,8.22,clear,16.157,5.231,0.00,9.66,world
7.13,2026-08-30 22:38:49,12.29,0.90,-10.18,-85.5,grandpas_village,8.24,clear,16.157,5.231,0.00,9.66,world
7.63,2026-08-30 22:38:50,12.29,0.90,-10.18,-85.5,grandpas_village,8.26,clear,16.158,5.051,0.00,9.66,world
8.13,2026-08-30 22:38:50,12.29,0.90,-10.18,-85.5,grandpas_village,8.28,clear,16.158,5.051,0.00,9.66,world
8.63,2026-08-30 22:38:51,12.29,0.90,-10.18,-85.5,grandpas_village,8.30,clear,16.186,5.324,0.00,9.66,world
9.13,2026-08-30 22:38:51,12.29,0.90,-10.18,-85.5,grandpas_village,8.32,clear,16.186,5.324,0.00,9.66,world
9.63,2026-08-30 22:38:52,12.29,0.90,-10.18,-85.5,grandpas_village,8.34,clear,16.633,5.633,0.00,9.66,world
10.13,2026-08-30 22:38:52,12.29,0.90,-10.18,-85.5,grandpas_village,8.36,clear,16.633,5.633,0.00,9.66,world
10.63,2026-08-30 22:38:53,12.29,0.90,-10.18,-85.5,grandpas_village,8.38,clear,17.373,5.450,0.00,9.66,world
11.13,2026-08-30 22:38:53,12.29,0.90,-10.18,-85.5,grandpas_village,8.40,clear,17.373,5.450,0.00,9.66,world
11.63,2026-08-30 22:38:54,12.29,0.90,-10.18,-85.5,grandpas_village,8.42,clear,16.318,5.559,0.00,9.66,world
12.13,2026-08-30 22:38:54,12.29,0.90,-10.18,-85.5,grandpas_village,8.44,clear,16.318,5.559,0.00,9.66,world
12.63,2026-08-30 22:38:55,12.29,0.90,-10.18,-85.5,grandpas_village,8.46,clear,17.390,6.856,0.00,9.66,world
13.13,2026-08-30 22:38:55,12.29,0.90,-10.18,-85.5,grandpas_village,8.48,clear,17.390,6.856,0.00,9.66,world
13.63,2026-08-30 22:38:56,12.29,0.90,-10.18,-85.5,grandpas_village,8.50,clear,16.986,5.655,0.00,9.66,world
14.13,2026-08-30 22:38:56,12.29,0.90,-10.18,-85.5,grandpas_village,8.52,clear,16.986,5.655,0.00,9.66,world
14.63,2026-08-30 22:38:57,12.29,0.90,-10.18,-85.5,grandpas_village,8.54,clear,16.664,5.999,0.00,9.66,world
15.13,2026-08-30 22:38:57,12.29,0.90,-10.18,-85.5,grandpas_village,8.56,clear,16.664,5.999,0.00,9.66,world
15.63,2026-08-30 22:38:58,12.29,0.90,-10.18,-85.5,grandpas_village,8.58,clear,16.371,5.090,0.00,9.66,world
16.13,2026-08-30 22:38:58,12.29,0.90,-10.18,-85.5,grandpas_village,8.60,clear,16.371,5.090,0.00,9.66,world
16.63,2026-08-30 22:38:59,12.29,0.90,-10.18,-85.5,grandpas_village,8.62,clear,16.691,5.332,0.00,9.66,world
17.13,2026-08-30 22:38:59,12.29,0.90,-10.18,-85.5,grandpas_village,8.64,clear,16.691,5.332,0.00,9.66,world
17.63,2026-08-30 22:39:00,12.29,0.90,-10.18,-85.5,grandpas_village,8.66,clear,16.048,5.492,0.00,9.66,world
18.13,2026-08-30 22:39:00,12.29,0.90,-10.18,-85.5,grandpas_village,8.68,clear,16.048,5.492,0.00,9.66,world
18.63,2026-08-30 22:39:01,12.29,0.90,-10.18,-85.5,grandpas_village,8.70,clear,21.026,5.875,0.00,9.66,world
19.13,2026-08-30 22:39:01,12.29,0.90,-10.18,-85.5,grandpas_village,8.72,clear,21.026,5.875,0.00,9.66,world
19.63,2026-08-30 22:39:02,12.29,0.90,-10.18,-85.5,grandpas_village,8.74,clear,17.168,5.713,0.00,9.66,world
20.13,2026-08-30 22:39:02,12.29,0.90,-10.18,-85.5,grandpas_village,8.76,clear,17.168,5.713,0.00,9.66,world
20.63,2026-08-30 22:39:03,12.29,0.90,-10.18,-85.5,grandpas_village,8.78,clear,16.839,5.846,0.00,9.66,world
21.13,2026-08-30 22:39:03,12.29,0.90,-10.18,-85.5,grandpas_village,8.80,clear,16.839,5.846,0.00,9.66,world
21.63,2026-08-30 22:39:04,12.29,0.90,-10.18,-85.5,grandpas_village,8.82,clear,17.539,5.793,0.00,9.66,world
22.13,2026-08-30 22:39:04,12.29,0.90,-10.18,-85.5,grandpas_village,8.84,clear,17.539,5.793,0.00,9.66,world
22.63,2026-08-30 22:39:05,12.29,0.90,-10.18,-85.5,grandpas_village,8.86,clear,16.973,5.573,0.00,9.66,world
23.13,2026-08-30 22:39:05,12.29,0.90,-10.18,-85.5,grandpas_village,8.88,clear,16.973,5.573,0.00,9.66,world
23.63,2026-08-30 22:39:06,12.29,0.90,-10.18,-85.5,grandpas_village,8.90,clear,16.961,6.152,0.00,9.66,world
24.13,2026-08-30 22:39:06,12.29,0.90,-10.18,-85.5,grandpas_village,8.92,clear,16.961,6.152,0.00,9.66,world
24.63,2026-08-30 22:39:07,12.29,0.90,-10.18,-85.5,grandpas_village,8.94,clear,17.228,6.160,0.00,9.66,world
25.13,2026-08-30 22:39:07,12.29,0.90,-10.18,-85.5,grandpas_village,8.96,clear,17.228,6.160,0.00,9.66,world
25.63,2026-08-30 22:39:08,12.29,0.90,-10.18,-85.5,grandpas_village,8.98,clear,17.126,5.678,0.00,9.66,world
26.13,2026-08-30 22:39:08,12.29,0.90,-10.18,-85.5,grandpas_village,9.00,clear,17.126,5.678,0.00,9.66,world
26.63,2026-08-30 22:39:09,12.29,0.90,-10.18,-85.5,grandpas_village,9.02,clear,20.069,6.095,0.00,9.66,world
27.13,2026-08-30 22:39:09,12.29,0.90,-10.18,-85.5,grandpas_village,9.04,clear,20.069,6.095,0.00,9.66,world
27.63,2026-08-30 22:39:10,12.29,0.90,-10.18,-85.5,grandpas_village,9.06,clear,19.407,5.582,0.00,9.66,world
28.13,2026-08-30 22:39:10,12.29,0.90,-10.18,-85.5,grandpas_village,9.08,clear,19.407,5.582,0.00,9.66,world
28.63,2026-08-30 22:39:11,12.29,0.90,-10.18,-85.5,grandpas_village,9.10,clear,22.299,5.709,0.00,9.66,world
29.13,2026-08-30 22:39:11,12.29,0.90,-10.18,-85.5,grandpas_village,9.12,clear,22.299,5.709,0.00,9.66,world
29.63,2026-08-30 22:39:12,12.29,0.90,-10.18,-85.5,grandpas_village,9.14,clear,17.615,5.682,0.00,9.66,world
30.13,2026-08-30 22:39:12,12.29,0.90,-10.18,-85.5,grandpas_village,9.16,clear,17.615,5.682,0.00,9.66,world
30.63,2026-08-30 22:39:13,12.29,0.90,-10.18,-85.5,grandpas_village,9.18,clear,18.660,5.444,0.00,9.66,world
31.13,2026-08-30 22:39:13,12.29,0.90,-10.18,-85.5,grandpas_village,9.20,clear,18.660,5.444,0.00,9.66,world
31.63,2026-08-30 22:39:14,12.29,0.90,-10.18,-85.5,grandpas_village,9.22,clear,21.557,6.428,0.00,9.66,world
32.13,2026-08-30 22:39:14,12.29,0.90,-10.18,-85.5,grandpas_village,9.24,clear,21.557,6.428,0.00,9.66,world
32.63,2026-08-30 22:39:15,12.29,0.90,-10.18,-85.5,grandpas_village,9.26,clear,17.057,6.317,0.00,9.66,world
33.13,2026-08-30 22:39:15,12.29,0.90,-10.18,-85.5,grandpas_village,9.28,clear,17.057,6.317,0.00,9.66,world
33.63,2026-08-30 22:39:16,12.29,0.90,-10.18,-85.5,grandpas_village,9.30,clear,18.183,5.269,0.00,9.66,world
34.13,2026-08-30 22:39:16,12.29,0.90,-10.18,-85.5,grandpas_village,9.32,clear,18.183,5.269,0.00,9.66,world
34.63,2026-08-30 22:39:17,12.29,0.90,-10.18,-85.5,grandpas_village,9.34,clear,17.487,5.720,0.00,9.66,world
35.13,2026-08-30 22:39:17,12.29,0.90,-10.18,-85.5,grandpas_village,9.36,clear,17.487,5.720,0.00,9.66,world
35.63,2026-08-30 22:39:18,12.29,0.90,-10.18,-85.5,grandpas_village,9.38,clear,22.392,6.403,0.00,9.66,world
36.13,2026-08-30 22:39:18,12.29,0.90,-10.18,-85.5,grandpas_village,9.40,clear,22.392,6.403,0.00,9.66,world
36.63,2026-08-30 22:39:19,12.29,0.90,-10.18,-85.5,grandpas_village,9.42,clear,16.011,5.327,0.00,9.66,world
37.13,2026-08-30 22:39:19,12.29,0.90,-10.18,-85.5,grandpas_village,9.44,clear,16.011,5.327,0.00,9.66,world
37.63,2026-08-30 22:39:20,12.29,0.90,-10.18,-85.5,grandpas_village,9.46,clear,16.585,5.370,0.00,9.66,world
38.13,2026-08-30 22:39:20,12.29,0.90,-10.18,-85.5,grandpas_village,9.48,clear,16.585,5.370,0.00,9.66,world
38.63,2026-08-30 22:39:21,12.29,0.90,-10.18,-85.5,grandpas_village,9.50,clear,16.825,6.055,0.00,9.66,world
39.13,2026-08-30 22:39:21,12.29,0.90,-10.18,-85.5,grandpas_village,9.52,clear,16.825,6.055,0.00,9.66,world
39.63,2026-08-30 22:39:22,12.29,0.90,-10.18,-85.5,grandpas_village,9.54,clear,17.275,6.782,0.00,9.66,world
40.13,2026-08-30 22:39:22,12.29,0.90,-10.18,-85.5,grandpas_village,9.56,clear,17.275,6.782,0.00,9.66,world
40.63,2026-08-30 22:39:23,12.29,0.90,-10.18,-85.5,grandpas_village,9.58,clear,18.334,6.859,0.00,9.66,world
41.13,2026-08-30 22:39:23,12.29,0.90,-10.18,-85.5,grandpas_village,9.60,clear,18.334,6.859,0.00,9.66,world
41.63,2026-08-30 22:39:24,12.29,0.90,-10.18,-85.5,grandpas_village,9.62,clear,17.494,6.657,0.00,9.66,world
42.13,2026-08-30 22:39:24,12.29,0.90,-10.18,-85.5,grandpas_village,9.64,clear,17.494,6.657,0.00,9.66,world
42.63,2026-08-30 22:39:25,12.29,0.90,-10.18,-85.5,grandpas_village,9.66,clear,18.021,5.911,0.00,9.66,world
43.13,2026-08-30 22:39:25,12.29,0.90,-10.18,-85.5,grandpas_village,9.68,clear,18.021,5.911,0.00,9.66,world
43.63,2026-08-30 22:39:26,12.29,0.90,-10.18,-85.5,grandpas_village,9.70,clear,16.333,5.169,0.00,9.66,world
44.13,2026-08-30 22:39:26,12.29,0.90,-10.18,-85.5,grandpas_village,9.72,clear,16.333,5.169,0.00,9.66,world
44.63,2026-08-30 22:39:27,12.29,0.90,-10.18,-85.5,grandpas_village,9.74,clear,16.359,5.511,0.00,9.66,world
45.13,2026-08-30 22:39:27,12.29,0.90,-10.18,-85.5,grandpas_village,9.76,clear,16.359,5.511,0.00,9.66,world
45.63,2026-08-30 22:39:28,12.29,0.90,-10.18,-85.5,grandpas_village,9.78,clear,17.016,5.588,0.00,9.66,world
46.13,2026-08-30 22:39:28,12.29,0.90,-10.18,-85.5,grandpas_village,9.80,clear,17.016,5.588,0.00,9.66,world
46.63,2026-08-30 22:39:29,12.29,0.90,-10.18,-85.5,grandpas_village,9.82,clear,20.424,6.264,0.00,9.66,world
47.13,2026-08-30 22:39:29,12.29,0.90,-10.18,-85.5,grandpas_village,9.84,clear,20.424,6.264,0.00,9.66,world
47.63,2026-08-30 22:39:30,12.29,0.90,-10.18,-85.5,grandpas_village,9.86,clear,20.596,6.119,0.00,9.66,world
48.13,2026-08-30 22:39:30,12.29,0.90,-10.18,-85.5,grandpas_village,9.88,clear,20.596,6.119,0.00,9.66,world
48.63,2026-08-30 22:39:31,12.29,0.90,-10.18,-85.5,grandpas_village,9.90,clear,16.829,5.823,0.00,9.66,world
49.13,2026-08-30 22:39:31,12.29,0.90,-10.18,-85.5,grandpas_village,9.92,clear,16.829,5.823,0.00,9.66,world
49.63,2026-08-30 22:39:32,12.29,0.90,-10.18,-85.5,grandpas_village,9.94,clear,18.444,5.266,0.00,9.66,world
50.13,2026-08-30 22:39:32,12.29,0.90,-10.18,-85.5,grandpas_village,9.96,clear,18.444,5.266,0.00,9.66,world
50.63,2026-08-30 22:39:33,12.29,0.90,-10.18,-85.5,grandpas_village,9.98,clear,16.703,5.203,0.00,9.66,world
51.13,2026-08-30 22:39:33,12.29,0.90,-10.18,-85.5,grandpas_village,10.00,clear,16.703,5.203,0.00,9.66,world
51.63,2026-08-30 22:39:34,12.29,0.90,-10.18,-85.5,grandpas_village,10.02,clear,17.561,5.798,0.00,9.66,world
52.13,2026-08-30 22:39:34,12.29,0.90,-10.18,-85.5,grandpas_village,10.04,clear,17.561,5.798,0.00,9.66,world
52.63,2026-08-30 22:39:35,12.29,0.90,-10.18,-85.5,grandpas_village,10.06,clear,17.023,6.019,0.00,9.66,world
53.13,2026-08-30 22:39:35,12.29,0.90,-10.18,-85.5,grandpas_village,10.08,clear,17.023,6.019,0.00,9.66,world
53.63,2026-08-30 22:39:36,12.29,0.90,-10.18,-85.5,grandpas_village,10.10,clear,17.636,5.471,0.00,9.66,world
54.13,2026-08-30 22:39:36,12.29,0.90,-10.18,-85.5,grandpas_village,10.12,clear,17.636,5.471,0.00,9.66,world
54.63,2026-08-30 22:39:37,12.29,0.90,-10.18,-85.5,grandpas_village,10.14,clear,17.252,5.800,0.00,9.66,world
55.13,2026-08-30 22:39:37,12.29,0.90,-10.18,-85.5,grandpas_village,10.16,clear,17.252,5.800,0.00,9.66,world
55.63,2026-08-30 22:39:38,12.29,0.90,-10.18,-85.5,grandpas_village,10.18,clear,18.144,5.492,0.00,9.66,world
56.13,2026-08-30 22:39:38,12.29,0.90,-10.18,-85.5,grandpas_village,10.20,clear,18.144,5.492,0.00,9.66,world
56.63,2026-08-30 22:39:39,12.29,0.90,-10.18,-85.5,grandpas_village,10.22,clear,16.190,5.830,0.00,9.66,world
57.13,2026-08-30 22:39:39,12.29,0.90,-10.18,-85.5,grandpas_village,10.24,clear,16.190,5.830,0.00,9.66,world
57.63,2026-08-30 22:39:40,12.29,0.90,-10.18,-85.5,grandpas_village,10.26,clear,15.950,5.499,0.00,9.66,world
58.13,2026-08-30 22:39:40,12.29,0.90,-10.18,-85.5,grandpas_village,10.28,clear,15.950,5.499,0.00,9.66,world
58.63,2026-08-30 22:39:41,12.29,0.90,-10.18,-85.5,grandpas_village,10.30,clear,17.633,5.498,0.00,9.66,world
59.13,2026-08-30 22:39:41,12.29,0.90,-10.18,-85.5,grandpas_village,10.32,clear,17.633,5.498,0.00,9.66,world
59.63,2026-08-30 22:39:42,12.29,0.90,-10.18,-85.5,grandpas_village,10.34,clear,16.812,5.218,0.00,9.66,world
60.13,2026-08-30 22:39:42,12.29,0.90,-10.18,-85.5,grandpas_village,10.36,clear,16.812,5.218,0.00,9.66,world
60.63,2026-08-30 22:39:43,12.29,0.90,-10.18,-85.5,grandpas_village,10.38,clear,17.140,5.752,0.00,9.66,world
61.13,2026-08-30 22:39:43,12.29,0.90,-10.18,-85.5,grandpas_village,10.40,clear,17.140,5.752,0.00,9.66,world
61.63,2026-08-30 22:39:44,12.29,0.90,-10.18,-85.5,grandpas_village,10.42,clear,16.173,5.488,0.00,9.66,world
62.13,2026-08-30 22:39:44,12.29,0.90,-10.18,-85.5,grandpas_village,10.44,clear,16.173,5.488,0.00,9.66,world
62.63,2026-08-30 22:39:45,12.29,0.90,-10.18,-85.5,grandpas_village,10.46,clear,19.457,6.542,0.00,9.66,world
63.13,2026-08-30 22:39:45,12.29,0.90,-10.18,-85.5,grandpas_village,10.48,clear,19.457,6.542,0.00,9.66,world
63.63,2026-08-30 22:39:46,12.29,0.90,-10.18,-85.5,grandpas_village,10.50,clear,16.841,5.573,0.00,9.66,world
64.13,2026-08-30 22:39:46,12.29,0.90,-10.18,-85.5,grandpas_village,10.52,clear,16.841,5.573,0.00,9.66,world
64.63,2026-08-30 22:39:47,12.29,0.90,-10.18,-85.5,grandpas_village,10.54,clear,16.912,5.840,0.00,9.66,world
65.13,2026-08-30 22:39:47,12.29,0.90,-10.18,-85.5,grandpas_village,10.56,clear,16.912,5.840,0.00,9.66,world
65.63,2026-08-30 22:39:48,12.29,0.90,-10.18,-85.5,grandpas_village,10.58,clear,17.200,5.624,0.00,9.66,world
66.13,2026-08-30 22:39:48,12.29,0.90,-10.18,-85.5,grandpas_village,10.60,clear,17.200,5.624,0.00,9.66,world
66.63,2026-08-30 22:39:49,12.29,0.90,-10.18,-85.5,grandpas_village,10.62,clear,16.374,5.558,0.00,9.66,world
67.13,2026-08-30 22:39:49,12.29,0.90,-10.18,-85.5,grandpas_village,10.64,clear,16.374,5.558,0.00,9.66,world
67.63,2026-08-30 22:39:50,12.29,0.90,-10.18,-85.5,grandpas_village,10.66,clear,15.959,5.094,0.00,9.66,world
68.13,2026-08-30 22:39:50,12.29,0.90,-10.18,-85.5,grandpas_village,10.68,clear,15.959,5.094,0.00,9.66,world
68.63,2026-08-30 22:39:51,12.29,0.90,-10.18,-85.5,grandpas_village,10.70,clear,16.695,5.413,0.00,9.66,world
69.13,2026-08-30 22:39:51,12.29,0.90,-10.18,-85.5,grandpas_village,10.72,clear,16.695,5.413,0.00,9.66,world
69.63,2026-08-30 22:39:52,12.29,0.90,-10.18,-85.5,grandpas_village,10.74,clear,21.198,8.201,0.00,9.66,world
70.13,2026-08-30 22:39:52,12.29,0.90,-10.18,-85.5,grandpas_village,10.76,clear,21.198,8.201,0.00,9.66,world
70.63,2026-08-30 22:39:53,12.29,0.90,-10.18,-85.5,grandpas_village,10.78,clear,16.870,5.840,0.00,9.66,world
71.13,2026-08-30 22:39:53,12.29,0.90,-10.18,-85.5,grandpas_village,10.80,clear,16.870,5.840,0.00,9.66,world
71.63,2026-08-30 22:39:54,12.29,0.90,-10.18,-85.5,grandpas_village,10.82,clear,16.194,5.597,0.00,9.66,world
72.13,2026-08-30 22:39:54,12.29,0.90,-10.18,-85.5,grandpas_village,10.84,clear,16.194,5.597,0.00,9.66,world
72.63,2026-08-30 22:39:55,12.29,0.90,-10.18,-85.5,grandpas_village,10.86,clear,16.368,5.624,0.00,9.66,world
73.13,2026-08-30 22:39:55,12.29,0.90,-10.18,-85.5,grandpas_village,10.88,clear,16.368,5.624,0.00,9.66,world
73.63,2026-08-30 22:39:56,12.29,0.90,-10.18,-85.5,grandpas_village,10.90,clear,17.701,5.320,0.00,9.66,world
74.13,2026-08-30 22:39:56,12.29,0.90,-10.18,-85.5,grandpas_village,10.92,clear,17.701,5.320,0.00,9.66,world
74.63,2026-08-30 22:39:57,12.29,0.90,-10.18,-85.5,grandpas_village,10.94,clear,16.622,5.371,0.00,9.66,world
75.13,2026-08-30 22:39:57,12.29,0.90,-10.18,-85.5,grandpas_village,10.96,clear,16.622,5.371,0.00,9.66,world
75.63,2026-08-30 22:39:58,12.29,0.90,-10.18,-85.5,grandpas_village,10.98,clear,16.236,5.185,0.00,9.66,world
76.13,2026-08-30 22:39:58,12.29,0.90,-10.18,-85.5,grandpas_village,11.00,clear,16.236,5.185,0.00,9.66,world
76.63,2026-08-30 22:39:59,12.29,0.90,-10.18,-85.5,grandpas_village,11.02,clear,18.829,7.332,0.00,9.66,world
77.13,2026-08-30 22:39:59,12.29,0.90,-10.18,-85.5,grandpas_village,11.04,clear,18.829,7.332,0.00,9.66,world
77.63,2026-08-30 22:40:00,12.29,0.90,-10.18,-85.5,grandpas_village,11.06,clear,15.406,5.377,0.00,9.66,world
78.13,2026-08-30 22:40:00,12.29,0.90,-10.18,-85.5,grandpas_village,11.08,clear,15.406,5.377,0.00,9.66,world
78.63,2026-08-30 22:40:01,12.29,0.90,-10.18,-85.5,grandpas_village,11.10,clear,16.218,5.541,0.00,9.66,world
79.13,2026-08-30 22:40:01,12.29,0.90,-10.18,-85.5,grandpas_village,11.12,clear,16.218,5.541,0.00,9.66,world
79.63,2026-08-30 22:40:02,12.29,0.90,-10.18,-85.5,grandpas_village,11.14,clear,16.937,5.410,0.00,9.66,world
80.13,2026-08-30 22:40:02,12.29,0.90,-10.18,-85.5,grandpas_village,11.16,clear,16.937,5.410,0.00,9.66,world
80.63,2026-08-30 22:40:03,12.29,0.90,-10.18,-85.5,grandpas_village,11.18,clear,20.221,5.259,0.00,9.66,world
81.13,2026-08-30 22:40:03,12.29,0.90,-10.18,-85.5,grandpas_village,11.20,clear,20.221,5.259,0.00,9.66,world
81.63,2026-08-30 22:40:04,12.29,0.90,-10.18,-85.5,grandpas_village,11.22,clear,15.774,5.201,0.00,9.66,world
82.13,2026-08-30 22:40:04,12.29,0.90,-10.18,-85.5,grandpas_village,11.24,clear,15.774,5.201,0.00,9.66,world
82.63,2026-08-30 22:40:05,12.29,0.90,-10.18,-85.5,grandpas_village,11.26,clear,15.971,5.607,0.00,9.66,world
83.13,2026-08-30 22:40:05,12.29,0.90,-10.18,-85.5,grandpas_village,11.28,clear,15.971,5.607,0.00,9.66,world
83.63,2026-08-30 22:40:06,12.29,0.90,-10.18,-85.5,grandpas_village,11.30,clear,16.401,5.634,0.00,9.66,world
84.13,2026-08-30 22:40:06,12.29,0.90,-10.18,-85.5,grandpas_village,11.32,clear,16.401,5.634,0.00,9.66,world
84.63,2026-08-30 22:40:07,12.29,0.90,-10.18,-85.5,grandpas_village,11.34,clear,16.802,5.554,0.00,9.66,world
85.13,2026-08-30 22:40:07,12.29,0.90,-10.18,-85.5,grandpas_village,11.36,clear,16.802,5.554,0.00,9.66,world
85.63,2026-08-30 22:40:08,12.29,0.90,-10.18,-85.5,grandpas_village,11.38,clear,16.960,5.341,0.00,9.66,world
86.13,2026-08-30 22:40:08,12.29,0.90,-10.18,-85.5,grandpas_village,11.40,clear,16.960,5.341,0.00,9.66,world
86.63,2026-08-30 22:40:09,12.29,0.90,-10.18,-85.5,grandpas_village,11.42,clear,16.093,5.427,0.00,9.66,world
87.13,2026-08-30 22:40:09,12.29,0.90,-10.18,-85.5,grandpas_village,11.44,clear,16.093,5.427,0.00,9.66,world
87.63,2026-08-30 22:40:10,12.29,0.90,-10.18,-85.5,grandpas_village,11.46,clear,16.691,5.268,0.00,9.66,world
88.13,2026-08-30 22:40:10,12.29,0.90,-10.18,-85.5,grandpas_village,11.48,clear,16.691,5.268,0.00,9.66,world
88.63,2026-08-30 22:40:11,12.29,0.90,-10.18,-85.5,grandpas_village,11.50,clear,16.212,5.518,0.00,9.66,world
89.13,2026-08-30 22:40:11,12.29,0.90,-10.18,-85.5,grandpas_village,11.52,clear,16.212,5.518,0.00,9.66,world
89.63,2026-08-30 22:40:12,12.29,0.90,-10.18,-85.5,grandpas_village,11.54,clear,17.282,5.991,0.00,9.66,world
90.13,2026-08-30 22:40:12,12.29,0.90,-10.18,-85.5,grandpas_village,11.56,clear,17.282,5.991,0.00,9.66,world
90.63,2026-08-30 22:40:13,12.29,0.90,-10.18,-85.5,grandpas_village,11.58,clear,16.867,5.682,0.00,9.66,world
91.13,2026-08-30 22:40:13,12.29,0.90,-10.18,-85.5,grandpas_village,11.60,clear,16.867,5.682,0.00,9.66,world
91.63,2026-08-30 22:40:14,12.29,0.90,-10.18,-85.5,grandpas_village,11.62,clear,15.851,5.370,0.00,9.66,world
92.13,2026-08-30 22:40:14,12.29,0.90,-10.18,-85.5,grandpas_village,11.64,clear,15.851,5.370,0.00,9.66,world
92.63,2026-08-30 22:40:15,12.29,0.90,-10.18,-85.5,grandpas_village,11.66,clear,16.978,5.537,0.00,9.66,world
93.13,2026-08-30 22:40:15,12.29,0.90,-10.18,-85.5,grandpas_village,11.68,clear,16.978,5.537,0.00,9.66,world
93.63,2026-08-30 22:40:16,12.29,0.90,-10.18,-85.5,grandpas_village,11.70,clear,16.229,5.604,0.00,9.66,world
94.13,2026-08-30 22:40:16,12.29,0.90,-10.18,-85.5,grandpas_village,11.72,clear,16.229,5.604,0.00,9.66,world
94.63,2026-08-30 22:40:17,12.29,0.90,-10.18,-85.5,grandpas_village,11.74,clear,16.345,5.135,0.00,9.66,world
95.13,2026-08-30 22:40:17,12.29,0.90,-10.18,-85.5,grandpas_village,11.76,clear,16.345,5.135,0.00,9.66,world
95.63,2026-08-30 22:40:18,12.29,0.90,-10.18,-85.5,grandpas_village,11.78,clear,16.922,5.389,0.00,9.66,world
96.13,2026-08-30 22:40:18,12.29,0.90,-10.18,-85.5,grandpas_village,11.80,clear,16.922,5.389,0.00,9.66,world
96.63,2026-08-30 22:40:19,12.29,0.90,-10.18,-85.5,grandpas_village,11.82,clear,16.399,5.693,0.00,9.66,world
97.13,2026-08-30 22:40:19,12.29,0.90,-10.18,-85.5,grandpas_village,11.84,clear,16.399,5.693,0.00,9.66,world
97.63,2026-08-30 22:40:20,12.29,0.90,-10.18,-85.5,grandpas_village,11.86,clear,16.119,5.364,0.00,9.66,world
98.13,2026-08-30 22:40:20,12.29,0.90,-10.18,-85.5,grandpas_village,11.88,clear,16.119,5.364,0.00,9.66,world
98.63,2026-08-30 22:40:21,12.29,0.90,-10.18,-85.5,grandpas_village,11.90,clear,16.571,5.427,0.00,9.66,world
99.13,2026-08-30 22:40:21,12.29,0.90,-10.18,-85.5,grandpas_village,11.92,clear,16.571,5.427,0.00,9.66,world
99.63,2026-08-30 22:40:22,12.29,0.90,-10.18,-85.5,grandpas_village,11.94,clear,17.425,5.507,0.00,9.66,world
100.13,2026-08-30 22:40:22,12.29,0.90,-10.18,-85.5,grandpas_village,11.96,clear,17.425,5.507,0.00,9.66,world
100.63,2026-08-30 22:40:23,12.29,0.90,-10.18,-85.5,grandpas_village,11.98,clear,16.814,5.416,0.00,9.66,world
101.13,2026-08-30 22:40:23,12.29,0.90,-10.18,-85.5,grandpas_village,12.00,clear,16.814,5.416,0.00,9.66,world
101.63,2026-08-30 22:40:24,12.29,0.90,-10.18,-85.5,grandpas_village,12.02,clear,17.465,5.587,0.00,9.66,world
102.13,2026-08-30 22:40:24,12.29,0.90,-10.18,-85.5,grandpas_village,12.04,clear,17.465,5.587,0.00,9.66,world
102.63,2026-08-30 22:40:25,12.29,0.90,-10.18,-85.5,grandpas_village,12.06,clear,16.406,5.479,0.00,9.66,world
103.13,2026-08-30 22:40:25,12.29,0.90,-10.18,-85.5,grandpas_village,12.08,clear,16.406,5.479,0.00,9.66,world
103.63,2026-08-30 22:40:26,12.29,0.90,-10.18,-85.5,grandpas_village,12.10,clear,15.946,5.519,0.00,9.66,world
104.13,2026-08-30 22:40:26,12.29,0.90,-10.18,-85.5,grandpas_village,12.12,clear,15.946,5.519,0.00,9.66,world
104.63,2026-08-30 22:40:27,12.29,0.90,-10.18,-85.5,grandpas_village,12.14,clear,17.552,5.463,0.00,9.66,world
105.13,2026-08-30 22:40:27,12.29,0.90,-10.18,-85.5,grandpas_village,12.16,clear,17.552,5.463,0.00,9.66,world
105.63,2026-08-30 22:40:28,12.29,0.90,-10.18,-85.5,grandpas_village,12.18,clear,16.707,5.988,0.00,9.66,world
106.13,2026-08-30 22:40:28,12.29,0.90,-10.18,-85.5,grandpas_village,12.20,clear,16.707,5.988,0.00,9.66,world
106.63,2026-08-30 22:40:29,12.29,0.90,-10.18,-85.5,grandpas_village,12.22,clear,16.316,5.498,0.00,9.66,world
107.13,2026-08-30 22:40:29,12.29,0.90,-10.18,-85.5,grandpas_village,12.24,clear,16.316,5.498,0.00,9.66,world
107.63,2026-08-30 22:40:30,12.29,0.90,-10.18,-85.5,grandpas_village,12.26,clear,16.267,5.298,0.00,9.66,world
108.13,2026-08-30 22:40:30,12.29,0.90,-10.18,-85.5,grandpas_village,12.28,clear,16.267,5.298,0.00,9.66,world
108.63,2026-08-30 22:40:30,12.29,0.90,-10.18,-85.5,grandpas_village,12.30,clear,17.291,5.405,0.00,9.66,world
109.13,2026-08-30 22:40:31,12.29,0.90,-10.18,-85.5,grandpas_village,12.32,clear,17.291,5.405,0.00,9.66,world
109.63,2026-08-30 22:40:32,12.29,0.90,-10.18,-85.5,grandpas_village,12.34,clear,16.878,5.484,0.00,9.66,world
110.13,2026-08-30 22:40:32,12.29,0.90,-10.18,-85.5,grandpas_village,12.36,clear,16.878,5.484,0.00,9.66,world
110.63,2026-08-30 22:40:32,12.29,0.90,-10.18,-85.5,grandpas_village,12.38,clear,16.134,5.345,0.00,9.66,world
111.13,2026-08-30 22:40:33,12.29,0.90,-10.18,-85.5,grandpas_village,12.40,clear,16.134,5.345,0.00,9.66,world
111.63,2026-08-30 22:40:33,12.29,0.90,-10.18,-85.5,grandpas_village,12.42,clear,16.591,6.527,0.00,9.66,world
112.13,2026-08-30 22:40:34,12.29,0.90,-10.18,-85.5,grandpas_village,12.44,clear,16.591,6.527,0.00,9.66,world
112.63,2026-08-30 22:40:34,12.29,0.90,-10.18,-85.5,grandpas_village,12.46,clear,16.273,5.777,0.00,9.66,world
113.13,2026-08-30 22:40:35,12.29,0.90,-10.18,-85.5,grandpas_village,12.48,clear,16.273,5.777,0.00,9.66,world
113.63,2026-08-30 22:40:35,12.29,0.90,-10.18,-85.5,grandpas_village,12.50,clear,17.074,5.515,0.00,9.66,world
114.13,2026-08-30 22:40:36,12.29,0.90,-10.18,-85.5,grandpas_village,12.52,clear,17.074,5.515,0.00,9.66,world
114.63,2026-08-30 22:40:36,12.29,0.90,-10.18,-85.5,grandpas_village,12.54,clear,16.822,5.803,0.00,9.66,world
115.13,2026-08-30 22:40:37,12.29,0.90,-10.18,-85.5,grandpas_village,12.56,clear,16.822,5.803,0.00,9.66,world
115.63,2026-08-30 22:40:38,12.29,0.90,-10.18,-85.5,grandpas_village,12.58,clear,17.146,5.916,0.00,9.66,world
116.13,2026-08-30 22:40:38,12.29,0.90,-10.18,-85.5,grandpas_village,12.60,clear,17.146,5.916,0.00,9.66,world
116.63,2026-08-30 22:40:39,12.29,0.90,-10.18,-85.5,grandpas_village,12.62,clear,16.658,5.798,0.00,9.66,world
117.13,2026-08-30 22:40:39,12.29,0.90,-10.18,-85.5,grandpas_village,12.64,clear,16.658,5.798,0.00,9.66,world
117.63,2026-08-30 22:40:40,12.29,0.90,-10.18,-85.5,grandpas_village,12.66,clear,16.884,5.588,0.00,9.66,world
118.13,2026-08-30 22:40:40,12.29,0.90,-10.18,-85.5,grandpas_village,12.68,clear,16.884,5.588,0.00,9.66,world
118.63,2026-08-30 22:40:41,12.29,0.90,-10.18,-85.5,grandpas_village,12.70,clear,17.030,5.799,0.00,9.66,world
119.13,2026-08-30 22:40:41,12.29,0.90,-10.18,-85.5,grandpas_village,12.72,clear,17.030,5.799,0.00,9.66,world
119.63,2026-08-30 22:40:42,12.29,0.90,-10.18,-85.5,grandpas_village,12.74,clear,16.765,6.381,0.00,9.66,world
120.13,2026-08-30 22:40:42,12.29,0.90,-10.18,-85.5,grandpas_village,12.76,clear,16.765,6.381,0.00,9.66,world
120.63,2026-08-30 22:40:43,12.29,0.90,-10.18,-85.5,grandpas_village,12.78,clear,16.067,5.764,0.00,9.66,world
121.13,2026-08-30 22:40:43,12.29,0.90,-10.18,-85.5,grandpas_village,12.80,clear,16.067,5.764,0.00,9.66,world
121.63,2026-08-30 22:40:44,12.29,0.90,-10.18,-85.5,grandpas_village,12.82,clear,19.482,6.059,0.00,9.66,world
122.13,2026-08-30 22:40:44,12.29,0.90,-10.18,-85.5,grandpas_village,12.84,clear,19.482,6.059,0.00,9.66,world
122.63,2026-08-30 22:40:45,12.29,0.90,-10.18,-85.5,grandpas_village,12.86,clear,21.261,6.104,0.00,9.66,world
123.13,2026-08-30 22:40:45,12.29,0.90,-10.18,-85.5,grandpas_village,12.88,clear,21.261,6.104,0.00,9.66,world
123.63,2026-08-30 22:40:46,12.29,0.90,-10.18,-85.5,grandpas_village,12.90,clear,19.878,6.224,0.00,9.66,world
124.13,2026-08-30 22:40:46,12.29,0.90,-10.18,-85.5,grandpas_village,12.92,clear,19.878,6.224,0.00,9.66,world
124.63,2026-08-30 22:40:47,12.29,0.90,-10.18,-85.5,grandpas_village,12.94,clear,17.188,5.658,0.00,9.66,world
125.13,2026-08-30 22:40:47,12.29,0.90,-10.18,-85.5,grandpas_village,12.96,clear,17.188,5.658,0.00,9.66,world
125.63,2026-08-30 22:40:48,12.29,0.90,-10.18,-85.5,grandpas_village,12.98,clear,16.680,5.469,0.00,9.66,world
126.13,2026-08-30 22:40:48,12.29,0.90,-10.18,-85.5,grandpas_village,13.00,clear,16.680,5.469,0.00,9.66,world
126.63,2026-08-30 22:40:49,12.29,0.90,-10.18,-85.5,grandpas_village,13.02,clear,16.050,5.235,0.00,9.66,world
127.13,2026-08-30 22:40:49,12.29,0.90,-10.18,-85.5,grandpas_village,13.04,clear,16.050,5.235,0.00,9.66,world
127.63,2026-08-30 22:40:49,12.29,0.90,-10.18,-85.5,grandpas_village,13.06,clear,16.051,5.500,0.00,9.66,world
128.13,2026-08-30 22:40:50,12.29,0.90,-10.18,-85.5,grandpas_village,13.08,clear,16.051,5.500,0.00,9.66,world
128.63,2026-08-30 22:40:50,12.29,0.90,-10.18,-85.5,grandpas_village,13.10,clear,17.253,5.364,0.00,9.66,world
129.13,2026-08-30 22:40:51,12.29,0.90,-10.18,-85.5,grandpas_village,13.12,clear,17.253,5.364,0.00,9.66,world
129.63,2026-08-30 22:40:51,12.29,0.90,-10.18,-85.5,grandpas_village,13.14,clear,15.778,5.353,0.00,9.66,world
130.13,2026-08-30 22:40:52,12.29,0.90,-10.18,-85.5,grandpas_village,13.16,clear,15.778,5.353,0.00,9.66,world
130.63,2026-08-30 22:40:53,12.29,0.90,-10.18,-85.5,grandpas_village,13.18,clear,16.998,5.616,0.00,9.66,world
131.13,2026-08-30 22:40:53,12.29,0.90,-10.18,-85.5,grandpas_village,13.20,clear,16.998,5.616,0.00,9.66,world
131.63,2026-08-30 22:40:54,12.29,0.90,-10.18,-85.5,grandpas_village,13.22,clear,15.955,5.396,0.00,9.66,world
132.13,2026-08-30 22:40:54,12.29,0.90,-10.18,-85.5,grandpas_village,13.24,clear,15.955,5.396,0.00,9.66,world
132.63,2026-08-30 22:40:54,12.29,0.90,-10.18,-85.5,grandpas_village,13.26,clear,16.163,5.700,0.00,9.66,world
133.13,2026-08-30 22:40:55,12.29,0.90,-10.18,-85.5,grandpas_village,13.28,clear,16.163,5.700,0.00,9.66,world
133.63,2026-08-30 22:40:56,12.29,0.90,-10.18,-85.5,grandpas_village,13.30,clear,16.635,5.348,0.00,9.66,world
134.13,2026-08-30 22:40:56,12.29,0.90,-10.18,-85.5,grandpas_village,13.32,clear,16.635,5.348,0.00,9.66,world
134.63,2026-08-30 22:40:56,12.29,0.90,-10.18,-85.5,grandpas_village,13.34,clear,17.192,5.616,0.00,9.66,world
135.13,2026-08-30 22:40:57,12.29,0.90,-10.18,-85.5,grandpas_village,13.36,clear,17.192,5.616,0.00,9.66,world
135.63,2026-08-30 22:40:57,12.29,0.90,-10.18,-85.5,grandpas_village,13.38,clear,16.328,5.400,0.00,9.66,world
136.13,2026-08-30 22:40:58,12.29,0.90,-10.18,-85.5,grandpas_village,13.40,clear,16.328,5.400,0.00,9.66,world
136.63,2026-08-30 22:40:58,12.29,0.90,-10.18,-85.5,grandpas_village,13.42,clear,16.046,5.174,0.00,9.66,world
137.13,2026-08-30 22:40:59,12.29,0.90,-10.18,-85.5,grandpas_village,13.44,clear,16.046,5.174,0.00,9.66,world
137.63,2026-08-30 22:40:59,12.29,0.90,-10.18,-85.5,grandpas_village,13.46,clear,16.547,6.628,0.00,9.66,world
138.13,2026-08-30 22:41:00,12.29,0.90,-10.18,-85.5,grandpas_village,13.48,clear,16.547,6.628,0.00,9.66,world
138.63,2026-08-30 22:41:00,12.29,0.90,-10.18,-85.5,grandpas_village,13.50,clear,16.390,5.261,0.00,9.66,world
139.13,2026-08-30 22:41:01,12.29,0.90,-10.18,-85.5,grandpas_village,13.52,clear,16.390,5.261,0.00,9.66,world
139.63,2026-08-30 22:41:01,12.29,0.90,-10.18,-85.5,grandpas_village,13.54,clear,21.298,8.470,0.00,9.66,world
140.13,2026-08-30 22:41:02,12.29,0.90,-10.18,-85.5,grandpas_village,13.56,clear,21.298,8.470,0.00,9.66,world
140.63,2026-08-30 22:41:02,12.29,0.90,-10.18,-85.5,grandpas_village,13.58,clear,16.464,6.139,0.00,9.66,world
141.13,2026-08-30 22:41:03,12.29,0.90,-10.18,-85.5,grandpas_village,13.60,clear,16.464,6.139,0.00,9.66,world
141.63,2026-08-30 22:41:03,12.29,0.90,-10.18,-85.5,grandpas_village,13.62,clear,16.521,5.926,0.00,9.66,world
142.13,2026-08-30 22:41:04,12.29,0.90,-10.18,-85.5,grandpas_village,13.64,clear,16.521,5.926,0.00,9.66,world
142.63,2026-08-30 22:41:04,12.29,0.90,-10.18,-85.5,grandpas_village,13.66,clear,15.783,5.394,0.00,9.66,world
143.13,2026-08-30 22:41:05,12.29,0.90,-10.18,-85.5,grandpas_village,13.68,clear,15.783,5.394,0.00,9.66,world
143.63,2026-08-30 22:41:05,12.29,0.90,-10.18,-85.5,grandpas_village,13.70,clear,16.737,5.562,0.00,9.66,world
144.13,2026-08-30 22:41:06,12.29,0.90,-10.18,-85.5,grandpas_village,13.72,clear,16.737,5.562,0.00,9.66,world
144.63,2026-08-30 22:41:06,12.29,0.90,-10.18,-85.5,grandpas_village,13.74,clear,16.337,5.246,0.00,9.66,world
145.13,2026-08-30 22:41:07,12.29,0.90,-10.18,-85.5,grandpas_village,13.76,clear,16.337,5.246,0.00,9.66,world
145.63,2026-08-30 22:41:07,12.29,0.90,-10.18,-85.5,grandpas_village,13.78,clear,16.906,5.651,0.00,9.66,world
146.13,2026-08-30 22:41:08,12.29,0.90,-10.18,-85.5,grandpas_village,13.80,clear,16.906,5.651,0.00,9.66,world
146.63,2026-08-30 22:41:08,12.29,0.90,-10.18,-85.5,grandpas_village,13.82,clear,17.295,5.600,0.00,9.66,world
147.13,2026-08-30 22:41:09,12.29,0.90,-10.18,-85.5,grandpas_village,13.84,clear,17.295,5.600,0.00,9.66,world
147.63,2026-08-30 22:41:09,12.29,0.90,-10.18,-85.5,grandpas_village,13.86,clear,16.552,5.924,0.00,9.66,world
148.13,2026-08-30 22:41:10,12.29,0.90,-10.18,-85.5,grandpas_village,13.88,clear,16.552,5.924,0.00,9.66,world
148.63,2026-08-30 22:41:10,12.29,0.90,-10.18,-85.5,grandpas_village,13.90,clear,16.733,5.387,0.00,9.66,world
149.13,2026-08-30 22:41:11,12.29,0.90,-10.18,-85.5,grandpas_village,13.92,clear,16.733,5.387,0.00,9.66,world
149.63,2026-08-30 22:41:12,12.29,0.90,-10.18,-85.5,grandpas_village,13.94,clear,17.134,5.885,0.00,9.66,world
150.13,2026-08-30 22:41:12,12.29,0.90,-10.18,-85.5,grandpas_village,13.96,clear,17.134,5.885,0.00,9.66,world
150.63,2026-08-30 22:41:13,12.29,0.90,-10.18,-85.5,grandpas_village,13.98,clear,15.872,5.963,0.00,9.66,world
151.13,2026-08-30 22:41:13,12.29,0.90,-10.18,-85.5,grandpas_village,14.00,clear,15.872,5.963,0.00,9.66,world
151.63,2026-08-30 22:41:13,12.29,0.90,-10.18,-85.5,grandpas_village,14.02,clear,15.800,5.255,0.00,9.66,world
152.13,2026-08-30 22:41:14,12.29,0.90,-10.18,-85.5,grandpas_village,14.04,clear,15.800,5.255,0.00,9.66,world
152.63,2026-08-30 22:41:14,12.29,0.90,-10.18,-85.5,grandpas_village,14.06,clear,16.635,5.468,0.00,9.66,world
153.13,2026-08-30 22:41:15,12.29,0.90,-10.18,-85.5,grandpas_village,14.08,clear,16.635,5.468,0.00,9.66,world
153.63,2026-08-30 22:41:16,12.29,0.90,-10.18,-85.5,grandpas_village,14.10,clear,21.666,6.556,0.00,9.66,world
154.13,2026-08-30 22:41:16,12.29,0.90,-10.18,-85.5,grandpas_village,14.12,clear,21.666,6.556,0.00,9.66,world
154.63,2026-08-30 22:41:17,12.29,0.90,-10.18,-85.5,grandpas_village,14.14,clear,23.944,8.263,0.00,9.66,world
155.13,2026-08-30 22:41:17,12.29,0.90,-10.18,-85.5,grandpas_village,14.16,clear,23.944,8.263,0.00,9.66,world
155.63,2026-08-30 22:41:18,12.29,0.90,-10.18,-85.5,grandpas_village,14.18,clear,21.231,6.425,0.00,9.66,world
156.13,2026-08-30 22:41:18,12.29,0.90,-10.18,-85.5,grandpas_village,14.20,clear,21.231,6.425,0.00,9.66,world
156.63,2026-08-30 22:41:19,12.29,0.90,-10.18,-85.5,grandpas_village,14.22,clear,22.565,6.550,0.00,9.66,world
157.13,2026-08-30 22:41:19,12.29,0.90,-10.18,-85.5,grandpas_village,14.24,clear,22.565,6.550,0.00,9.66,world
157.63,2026-08-30 22:41:20,12.29,0.90,-10.18,-85.5,grandpas_village,14.26,clear,15.793,5.224,0.00,9.66,world
158.13,2026-08-30 22:41:20,12.29,0.90,-10.18,-85.5,grandpas_village,14.28,clear,15.793,5.224,0.00,9.66,world
158.63,2026-08-30 22:41:21,12.29,0.90,-10.18,-85.5,grandpas_village,14.30,clear,16.152,5.453,0.00,9.66,world
159.13,2026-08-30 22:41:21,12.29,0.90,-10.18,-85.5,grandpas_village,14.32,clear,16.152,5.453,0.00,9.66,world
159.63,2026-08-30 22:41:22,12.29,0.90,-10.18,-85.5,grandpas_village,14.34,clear,17.831,5.246,0.00,9.66,world
160.13,2026-08-30 22:41:22,12.29,0.90,-10.18,-85.5,grandpas_village,14.36,clear,17.831,5.246,0.00,9.66,world
160.63,2026-08-30 22:41:23,12.29,0.90,-10.18,-85.5,grandpas_village,14.38,clear,16.782,5.623,0.00,9.66,world
161.13,2026-08-30 22:41:23,12.29,0.90,-10.18,-85.5,grandpas_village,14.40,clear,16.782,5.623,0.00,9.66,world
161.63,2026-08-30 22:41:24,12.29,0.90,-10.18,-85.5,grandpas_village,14.42,clear,15.964,5.417,0.00,9.66,world
162.13,2026-08-30 22:41:24,12.29,0.90,-10.18,-85.5,grandpas_village,14.44,clear,15.964,5.417,0.00,9.66,world
162.63,2026-08-30 22:41:25,12.29,0.90,-10.18,-85.5,grandpas_village,14.46,clear,20.350,9.137,0.00,9.66,world
163.13,2026-08-30 22:41:25,12.29,0.90,-10.18,-85.5,grandpas_village,14.48,clear,20.350,9.137,0.00,9.66,world
163.63,2026-08-30 22:41:26,12.29,0.90,-10.18,-85.5,grandpas_village,14.50,clear,16.110,5.266,0.00,9.66,world
164.13,2026-08-30 22:41:26,12.29,0.90,-10.18,-85.5,grandpas_village,14.52,clear,16.110,5.266,0.00,9.66,world
164.63,2026-08-30 22:41:27,12.29,0.90,-10.18,-85.5,grandpas_village,14.54,clear,16.206,5.746,0.00,9.66,world
165.13,2026-08-30 22:41:27,12.29,0.90,-10.18,-85.5,grandpas_village,14.56,clear,16.206,5.746,0.00,9.66,world
165.63,2026-08-30 22:41:28,12.29,0.90,-10.18,-85.5,grandpas_village,14.58,clear,16.171,5.474,0.00,9.66,world
166.13,2026-08-30 22:41:28,12.29,0.90,-10.18,-85.5,grandpas_village,14.60,clear,16.171,5.474,0.00,9.66,world
166.63,2026-08-30 22:41:29,12.29,0.90,-10.18,-85.5,grandpas_village,14.62,clear,16.175,5.496,0.00,9.66,world
167.13,2026-08-30 22:41:29,12.29,0.90,-10.18,-85.5,grandpas_village,14.64,clear,16.175,5.496,0.00,9.66,world
167.63,2026-08-30 22:41:30,12.29,0.90,-10.18,-85.5,grandpas_village,14.66,clear,20.880,6.490,0.00,9.66,world
168.13,2026-08-30 22:41:30,12.29,0.90,-10.18,-85.5,grandpas_village,14.68,clear,20.880,6.490,0.00,9.66,world
168.63,2026-08-30 22:41:31,12.29,0.90,-10.18,-85.5,grandpas_village,14.70,clear,16.849,5.471,0.00,9.66,world
169.13,2026-08-30 22:41:31,12.29,0.90,-10.18,-85.5,grandpas_village,14.72,clear,16.849,5.471,0.00,9.66,world
169.63,2026-08-30 22:41:32,12.29,0.90,-10.18,-85.5,grandpas_village,14.74,clear,20.487,7.786,0.00,9.66,world
170.13,2026-08-30 22:41:32,12.29,0.90,-10.18,-85.5,grandpas_village,14.76,clear,20.487,7.786,0.00,9.66,world
170.63,2026-08-30 22:41:33,12.29,0.90,-10.18,-85.5,grandpas_village,14.78,clear,17.630,5.492,0.00,9.66,world
171.13,2026-08-30 22:41:33,12.29,0.90,-10.18,-85.5,grandpas_village,14.80,clear,17.630,5.492,0.00,9.66,world
171.63,2026-08-30 22:41:34,12.29,0.90,-10.18,-85.5,grandpas_village,14.82,clear,22.382,7.635,0.00,9.66,world
172.13,2026-08-30 22:41:34,12.29,0.90,-10.18,-85.5,grandpas_village,14.84,clear,22.382,7.635,0.00,9.66,world
172.63,2026-08-30 22:41:35,12.29,0.90,-10.18,-85.5,grandpas_village,14.86,clear,18.888,6.039,0.00,9.66,world
173.13,2026-08-30 22:41:35,12.29,0.90,-10.18,-85.5,grandpas_village,14.88,clear,18.888,6.039,0.00,9.66,world
173.63,2026-08-30 22:41:36,12.29,0.90,-10.18,-85.5,grandpas_village,14.90,clear,24.051,5.580,0.00,9.66,world
174.13,2026-08-30 22:41:36,12.29,0.90,-10.18,-85.5,grandpas_village,14.92,clear,24.051,5.580,0.00,9.66,world
174.63,2026-08-30 22:41:37,12.29,0.90,-10.18,-85.5,grandpas_village,14.94,clear,16.688,5.333,0.00,9.66,world
175.13,2026-08-30 22:41:37,12.29,0.90,-10.18,-85.5,grandpas_village,14.96,clear,16.688,5.333,0.00,9.66,world
175.63,2026-08-30 22:41:38,12.29,0.90,-10.18,-85.5,grandpas_village,14.98,clear,21.799,8.010,0.00,9.66,world
176.13,2026-08-30 22:41:38,12.29,0.90,-10.18,-85.5,grandpas_village,15.00,clear,21.799,8.010,0.00,9.66,world
176.63,2026-08-30 22:41:39,12.29,0.90,-10.18,-85.5,grandpas_village,15.02,clear,21.473,6.366,0.00,9.66,world
177.13,2026-08-30 22:41:39,12.29,0.90,-10.18,-85.5,grandpas_village,15.04,clear,21.473,6.366,0.00,9.66,world
177.63,2026-08-30 22:41:40,12.29,0.90,-10.18,-85.5,grandpas_village,15.06,clear,16.517,5.864,0.00,9.66,world
178.13,2026-08-30 22:41:40,12.29,0.90,-10.18,-85.5,grandpas_village,15.08,clear,16.517,5.864,0.00,9.66,world
178.63,2026-08-30 22:41:41,12.29,0.90,-10.18,-85.5,grandpas_village,15.10,clear,16.302,5.511,0.00,9.66,world
179.13,2026-08-30 22:41:41,12.29,0.90,-10.18,-85.5,grandpas_village,15.12,clear,16.302,5.511,0.00,9.66,world
179.63,2026-08-30 22:41:42,12.29,0.90,-10.18,-85.5,grandpas_village,15.14,clear,16.817,5.860,0.00,9.66,world
180.13,2026-08-30 22:41:42,12.29,0.90,-10.18,-85.5,grandpas_village,15.16,clear,16.817,5.860,0.00,9.66,world
180.63,2026-08-30 22:41:43,12.29,0.90,-10.18,-85.5,grandpas_village,15.18,clear,40.503,5.624,0.00,9.66,world
181.13,2026-08-30 22:41:43,12.29,0.90,-10.18,-85.5,grandpas_village,15.20,clear,40.503,5.624,0.00,9.66,world
181.63,2026-08-30 22:41:44,12.29,0.90,-10.18,-85.5,grandpas_village,15.22,clear,17.019,5.718,0.00,9.66,world
182.32,2026-08-30 22:41:44,12.29,0.90,-10.18,-85.5,grandpas_village,15.23,clear,17.019,5.718,0.00,9.66,menu_map
182.82,2026-08-30 22:41:44,12.29,0.90,-10.18,-85.5,grandpas_village,15.23,clear,276.141,41.690,0.00,9.66,menu_map
183.40,2026-08-30 22:41:45,12.29,0.90,-10.18,-85.5,grandpas_village,15.23,clear,276.141,41.690,0.00,9.66,world
183.90,2026-08-30 22:41:45,12.27,0.90,-10.21,-106.6,grandpas_village,15.25,clear,276.141,41.690,0.00,9.66,world
184.40,2026-08-30 22:41:46,10.86,0.90,-12.12,-143.6,grandpas_village,15.27,clear,155.873,7.296,0.00,9.93,world
185.03,2026-08-30 22:41:46,9.60,0.90,-13.83,-143.6,grandpas_village,15.29,clear,18.004,9.763,0.00,8.52,narrative_modal
185.85,2026-08-30 22:41:47,9.60,0.90,-13.83,-143.6,grandpas_village,15.32,clear,18.004,9.763,0.00,8.52,narrative_modal
186.73,2026-08-30 22:41:48,9.60,0.90,-13.83,-143.6,grandpas_village,15.36,clear,17.715,8.103,0.00,8.52,narrative_modal
187.60,2026-08-30 22:41:49,9.60,0.90,-13.83,-143.6,grandpas_village,15.39,clear,19.136,7.749,0.00,8.52,narrative_modal
188.48,2026-08-30 22:41:50,9.60,0.90,-13.83,-143.6,grandpas_village,15.43,clear,16.965,6.854,0.00,8.52,world
189.37,2026-08-30 22:41:51,9.60,0.90,-13.83,-143.6,grandpas_village,15.46,clear,17.590,7.515,0.00,8.52,narrative_modal
190.25,2026-08-30 22:41:51,9.60,0.90,-13.83,-143.6,grandpas_village,15.50,clear,16.667,6.615,0.00,8.52,narrative_modal
191.13,2026-08-30 22:41:52,9.60,0.90,-13.83,-143.6,grandpas_village,15.53,clear,16.667,6.615,0.00,8.52,narrative_modal
191.98,2026-08-30 22:41:53,9.60,0.90,-13.83,-143.6,grandpas_village,15.57,clear,18.499,7.379,0.00,8.52,narrative_modal
192.48,2026-08-30 22:41:54,9.60,0.90,-13.83,-143.6,grandpas_village,15.59,clear,17.047,7.304,0.00,8.52,narrative_modal
192.98,2026-08-30 22:41:54,9.60,0.90,-13.83,-143.6,grandpas_village,15.61,clear,17.047,7.304,0.00,8.52,narrative_modal
193.48,2026-08-30 22:41:55,9.60,0.90,-13.83,-143.6,grandpas_village,15.63,clear,16.167,6.167,0.00,8.52,narrative_modal
193.98,2026-08-30 22:41:55,9.60,0.90,-13.83,-143.6,grandpas_village,15.65,clear,16.167,6.167,0.00,8.52,narrative_modal
194.48,2026-08-30 22:41:56,10.26,0.90,-14.68,142.1,grandpas_village,15.67,clear,17.363,5.991,0.00,7.53,world
194.98,2026-08-30 22:41:56,11.80,0.90,-16.65,142.1,grandpas_village,15.69,clear,17.363,5.991,0.00,5.36,world
195.48,2026-08-30 22:41:57,12.65,0.90,-16.83,64.9,grandpas_village,15.71,clear,19.175,6.282,0.00,5.21,world
195.98,2026-08-30 22:41:57,14.45,0.90,-17.52,145.3,grandpas_village,15.73,clear,19.175,6.282,0.00,5.10,world
196.48,2026-08-30 22:41:58,15.87,0.90,-19.58,145.3,grandpas_village,15.75,clear,18.725,5.873,0.00,4.56,world
196.98,2026-08-30 22:41:58,17.29,0.90,-21.63,145.3,grandpas_village,15.77,clear,18.725,5.873,0.00,5.30,world
197.48,2026-08-30 22:41:59,18.75,0.90,-23.59,145.6,grandpas_village,15.79,clear,17.792,6.300,0.00,5.20,world
197.98,2026-08-30 22:41:59,20.18,0.89,-25.63,145.6,grandpas_village,15.81,clear,17.792,6.300,0.00,4.15,world
198.48,2026-08-30 22:42:00,21.62,0.80,-27.68,145.8,grandpas_village,15.83,clear,19.217,7.157,0.00,4.39,world
198.98,2026-08-30 22:42:00,23.05,0.64,-29.79,145.8,grandpas_village,15.85,clear,19.217,7.157,0.00,4.34,world
199.48,2026-08-30 22:42:01,24.49,0.49,-31.90,145.8,grandpas_village,15.87,clear,18.796,5.914,0.00,3.26,world
199.98,2026-08-30 22:42:01,25.92,0.40,-33.99,145.8,grandpas_village,15.89,clear,18.796,5.914,0.00,3.92,world
200.48,2026-08-30 22:42:02,27.34,0.35,-36.07,145.9,grandpas_village,15.91,clear,20.074,6.012,0.00,5.03,world
201.00,2026-08-30 22:42:03,30.49,0.18,-43.83,-65.5,grandpas_village,15.93,clear,25.323,829.487,0.00,4.13,combat
201.50,2026-08-30 22:42:03,30.49,0.18,-43.83,-65.5,grandpas_village,15.95,clear,20.286,5.842,0.00,4.13,combat
202.00,2026-08-30 22:42:04,30.49,0.18,-43.83,-65.5,grandpas_village,15.97,clear,20.286,5.842,0.00,4.13,combat
202.50,2026-08-30 22:42:04,30.49,0.18,-43.83,-65.5,grandpas_village,15.99,clear,19.254,5.696,0.00,4.13,combat
203.00,2026-08-30 22:42:05,30.49,0.18,-43.83,-65.5,grandpas_village,16.01,clear,19.254,5.696,0.00,4.13,combat
203.50,2026-08-30 22:42:05,30.49,0.18,-43.83,-65.5,grandpas_village,16.03,clear,20.618,11.107,0.00,4.13,combat
204.00,2026-08-30 22:42:06,30.49,0.18,-43.83,-65.5,grandpas_village,16.05,clear,20.618,11.107,0.00,4.13,combat
205.13,2026-08-30 22:42:07,30.49,0.18,-43.83,-65.5,grandpas_village,16.09,clear,19.167,6.429,0.00,4.13,combat
205.85,2026-08-30 22:42:08,30.49,0.18,-43.83,-65.5,grandpas_village,16.12,clear,20.134,9.086,0.00,4.13,combat
206.55,2026-08-30 22:42:08,30.49,0.18,-43.83,-65.5,grandpas_village,16.15,clear,22.840,7.926,0.00,4.13,combat
207.20,2026-08-30 22:42:09,30.49,0.18,-43.83,-65.5,grandpas_village,16.18,clear,22.840,7.926,0.00,4.13,combat
207.88,2026-08-30 22:42:10,30.49,0.18,-43.83,-65.5,grandpas_village,16.20,clear,19.110,7.484,0.00,4.13,combat
208.62,2026-08-30 22:42:11,30.49,0.18,-43.83,-65.5,grandpas_village,16.23,clear,19.176,7.728,0.00,4.13,combat
209.28,2026-08-30 22:42:11,30.49,0.18,-43.83,-65.5,grandpas_village,16.26,clear,19.176,7.728,0.00,4.13,combat
209.93,2026-08-30 22:42:12,30.49,0.18,-43.83,-65.5,grandpas_village,16.29,clear,18.885,7.796,0.00,4.13,combat
210.58,2026-08-30 22:42:13,30.49,0.18,-43.83,-65.5,grandpas_village,16.31,clear,19.022,7.989,0.00,4.13,combat
211.22,2026-08-30 22:42:13,30.49,0.18,-43.83,-65.5,grandpas_village,16.34,clear,19.022,7.989,0.00,4.13,combat
211.87,2026-08-30 22:42:14,30.49,0.18,-43.83,-65.5,grandpas_village,16.36,clear,18.087,7.764,0.00,4.13,combat
212.50,2026-08-30 22:42:15,30.49,0.18,-43.83,-65.5,grandpas_village,16.39,clear,23.263,6.814,0.00,4.13,world
213.15,2026-08-30 22:42:16,30.49,0.18,-43.83,-65.5,grandpas_village,16.42,clear,19.447,368.945,0.00,4.13,world
213.78,2026-08-30 22:42:16,30.49,0.18,-43.83,-65.5,grandpas_village,16.44,clear,19.447,368.945,0.00,4.13,world
214.40,2026-08-30 22:42:17,30.49,0.18,-43.83,-65.5,grandpas_village,16.47,clear,17.396,6.308,0.00,4.13,world
215.00,2026-08-30 22:42:17,30.49,0.18,-43.83,-65.5,grandpas_village,16.49,clear,17.216,5.857,0.00,4.13,world
215.63,2026-08-30 22:42:18,30.49,0.18,-43.83,-65.5,grandpas_village,16.51,clear,17.216,5.857,0.00,4.13,world
216.27,2026-08-30 22:42:19,30.49,0.18,-43.83,-65.5,grandpas_village,16.54,clear,17.514,5.790,0.00,4.13,world
216.87,2026-08-30 22:42:19,30.49,0.18,-43.83,-65.5,grandpas_village,16.56,clear,17.514,5.790,0.00,4.13,world
217.45,2026-08-30 22:42:20,29.57,0.04,-36.70,128.6,grandpas_village,16.59,clear,16.478,5.754,0.00,7.09,combat
217.95,2026-08-30 22:42:20,29.57,0.05,-36.70,128.6,grandpas_village,16.61,clear,16.478,5.754,0.00,6.33,combat
218.45,2026-08-30 22:42:21,29.57,0.05,-36.70,128.6,grandpas_village,16.63,clear,18.621,8.964,0.00,6.06,combat
218.95,2026-08-30 22:42:21,29.57,0.05,-36.70,128.6,grandpas_village,16.65,clear,18.621,8.964,0.00,6.06,combat
219.45,2026-08-30 22:42:22,29.57,0.05,-36.70,128.6,grandpas_village,16.67,clear,18.604,5.621,0.00,6.06,combat
219.95,2026-08-30 22:42:22,29.57,0.05,-36.70,128.6,grandpas_village,16.69,clear,18.604,5.621,0.00,6.08,combat
220.45,2026-08-30 22:42:23,29.57,0.05,-36.70,128.6,grandpas_village,16.71,clear,19.509,8.909,0.00,5.63,combat
220.95,2026-08-30 22:42:23,29.57,0.05,-36.70,128.6,grandpas_village,16.73,clear,19.509,8.909,0.00,4.16,combat
221.45,2026-08-30 22:42:24,29.57,0.05,-36.70,128.6,grandpas_village,16.75,clear,18.036,5.384,0.00,3.41,combat
221.95,2026-08-30 22:42:24,29.57,0.05,-36.70,128.6,grandpas_village,16.77,clear,18.036,5.384,0.00,3.41,combat
222.45,2026-08-30 22:42:25,29.57,0.05,-36.70,128.6,grandpas_village,16.79,clear,20.360,6.967,0.00,5.69,combat
222.95,2026-08-30 22:42:25,29.57,0.05,-36.70,128.6,grandpas_village,16.81,clear,20.360,6.967,0.00,5.45,combat
223.45,2026-08-30 22:42:26,29.57,0.05,-36.70,128.6,grandpas_village,16.83,clear,18.252,5.478,0.00,6.13,combat
223.95,2026-08-30 22:42:27,29.57,0.05,-36.70,128.6,grandpas_village,16.84,clear,18.252,5.478,0.00,6.96,combat
224.45,2026-08-30 22:42:27,29.57,0.05,-36.70,128.6,grandpas_village,16.87,clear,19.514,437.403,0.00,6.89,combat
224.95,2026-08-30 22:42:28,29.57,0.05,-36.70,128.6,grandpas_village,16.89,clear,19.349,5.551,0.00,6.69,combat
225.45,2026-08-30 22:42:28,29.57,0.05,-36.70,128.6,grandpas_village,16.91,clear,19.349,5.551,0.00,6.69,combat
225.95,2026-08-30 22:42:29,29.57,0.05,-36.70,128.6,grandpas_village,16.93,clear,18.312,5.412,0.00,6.69,combat
226.45,2026-08-30 22:42:29,28.60,0.23,-37.24,-119.4,grandpas_village,16.95,clear,18.312,5.412,0.00,6.82,world
226.95,2026-08-30 22:42:30,26.58,0.55,-38.38,-119.4,grandpas_village,16.97,clear,17.637,362.427,0.00,5.65,world
227.45,2026-08-30 22:42:30,25.74,0.67,-38.85,-119.4,grandpas_village,16.99,clear,17.637,362.427,0.00,5.16,world
227.95,2026-08-30 22:42:31,25.74,0.67,-38.85,-119.4,grandpas_village,17.01,clear,19.555,5.741,0.00,5.16,world
228.45,2026-08-30 22:42:31,25.74,0.67,-38.85,-119.4,grandpas_village,17.03,clear,19.555,5.741,0.00,5.16,world
228.95,2026-08-30 22:42:32,25.74,0.67,-38.85,-119.4,grandpas_village,17.05,clear,16.829,5.231,0.00,5.16,world
229.45,2026-08-30 22:42:32,25.74,0.67,-38.85,-119.4,grandpas_village,17.07,clear,16.829,5.231,0.00,5.16,world
229.95,2026-08-30 22:42:33,25.74,0.67,-38.85,-119.4,grandpas_village,17.09,clear,22.021,7.316,0.00,5.16,world
230.78,2026-08-30 22:42:34,25.74,0.67,-38.85,-119.4,grandpas_village,17.12,clear,15.832,5.090,0.00,5.16,world
231.42,2026-08-30 22:42:34,25.74,0.67,-38.85,-119.4,grandpas_village,17.15,clear,15.832,5.090,0.00,5.16,world
231.98,2026-08-30 22:42:35,25.74,0.67,-38.85,-119.4,grandpas_village,17.17,clear,16.596,6.813,0.00,5.16,world
232.58,2026-08-30 22:42:35,25.74,0.67,-38.85,-119.4,grandpas_village,17.19,clear,16.596,6.813,0.00,5.16,world
233.12,2026-08-30 22:42:36,25.74,0.67,-38.85,-119.4,grandpas_village,17.21,clear,21.012,6.436,0.00,5.16,world
233.68,2026-08-30 22:42:36,25.74,0.67,-38.85,-119.4,grandpas_village,17.24,clear,21.012,6.436,0.00,5.16,world
234.35,2026-08-30 22:42:37,25.74,0.67,-38.85,-119.4,grandpas_village,17.26,clear,21.114,8.985,0.00,5.16,world
234.90,2026-08-30 22:42:38,25.74,0.67,-38.85,-119.4,grandpas_village,17.29,clear,20.606,6.765,0.00,5.16,world
235.47,2026-08-30 22:42:38,25.74,0.67,-38.85,-119.4,grandpas_village,17.31,clear,20.606,6.765,0.00,5.16,world
236.05,2026-08-30 22:42:39,25.74,0.67,-38.85,-119.4,grandpas_village,17.33,clear,18.248,8.566,0.00,5.16,world
236.60,2026-08-30 22:42:39,25.74,0.67,-38.85,-119.4,grandpas_village,17.35,clear,18.248,8.566,0.00,5.16,world
237.15,2026-08-30 22:42:40,25.74,0.67,-38.85,-119.4,grandpas_village,17.38,clear,15.880,6.912,0.00,5.16,world
237.72,2026-08-30 22:42:40,25.74,0.67,-38.85,-119.4,grandpas_village,17.40,clear,15.958,6.439,0.00,5.16,world
238.30,2026-08-30 22:42:41,25.74,0.67,-38.85,-119.4,grandpas_village,17.42,clear,15.958,6.439,0.00,5.16,world
238.92,2026-08-30 22:42:42,25.74,0.67,-38.85,-119.4,grandpas_village,17.45,clear,21.675,7.110,0.00,5.16,world
239.45,2026-08-30 22:42:42,25.74,0.67,-38.85,-119.4,grandpas_village,17.47,clear,21.675,7.110,0.00,5.16,world
240.00,2026-08-30 22:42:43,25.74,0.67,-38.85,-119.4,grandpas_village,17.49,clear,15.909,6.041,0.00,5.16,world
240.53,2026-08-30 22:42:43,25.74,0.67,-38.85,-119.4,grandpas_village,17.51,clear,15.909,6.041,0.00,5.16,world
241.07,2026-08-30 22:42:44,25.74,0.67,-38.85,-119.4,grandpas_village,17.53,clear,15.432,6.516,0.00,5.16,world
241.62,2026-08-30 22:42:44,25.74,0.67,-38.85,-119.4,grandpas_village,17.55,clear,15.432,6.516,0.00,5.16,world
242.12,2026-08-30 22:42:45,25.74,0.67,-38.85,-119.4,grandpas_village,17.57,clear,16.322,6.794,0.00,5.16,world
242.62,2026-08-30 22:42:45,25.74,0.67,-38.85,-119.4,grandpas_village,17.59,clear,16.322,6.794,0.00,5.16,world
243.12,2026-08-30 22:42:46,25.74,0.67,-38.85,-119.4,grandpas_village,17.61,clear,16.492,5.499,0.00,5.16,world
243.62,2026-08-30 22:42:46,25.74,0.67,-38.85,-119.4,grandpas_village,17.63,clear,16.492,5.499,0.00,5.16,world
244.12,2026-08-30 22:42:47,25.74,0.67,-38.85,-119.4,grandpas_village,17.65,clear,16.856,5.340,0.00,5.16,world
244.62,2026-08-30 22:42:47,25.74,0.67,-38.85,-119.4,grandpas_village,17.67,clear,16.856,5.340,0.00,5.16,world
245.12,2026-08-30 22:42:48,25.74,0.67,-38.85,-119.4,grandpas_village,17.69,clear,16.673,5.273,0.00,5.16,world
245.62,2026-08-30 22:42:48,25.74,0.67,-38.85,-119.4,grandpas_village,17.71,clear,16.673,5.273,0.00,5.16,world
246.12,2026-08-30 22:42:49,25.74,0.67,-38.85,-119.4,grandpas_village,17.73,clear,16.559,5.345,0.00,5.16,world
246.62,2026-08-30 22:42:49,25.74,0.67,-38.85,-119.4,grandpas_village,17.75,clear,16.559,5.345,0.00,5.16,world
247.12,2026-08-30 22:42:50,25.74,0.67,-38.85,-119.4,grandpas_village,17.77,clear,17.044,5.180,0.00,5.16,world
247.62,2026-08-30 22:42:50,25.74,0.67,-38.85,-119.4,grandpas_village,17.79,clear,17.044,5.180,0.00,5.16,world
248.12,2026-08-30 22:42:51,26.24,0.64,-39.31,133.4,grandpas_village,17.81,clear,16.147,6.151,0.00,4.69,world
248.62,2026-08-30 22:42:52,28.07,0.47,-41.09,135.1,grandpas_village,17.83,clear,18.816,450.341,0.00,3.57,world
249.12,2026-08-30 22:42:52,29.89,0.24,-42.91,135.2,grandpas_village,17.85,clear,18.816,450.341,0.00,3.20,world
249.62,2026-08-30 22:42:53,31.71,-0.00,-44.73,135.2,grandpas_village,17.87,clear,16.340,5.348,0.00,2.62,world
250.12,2026-08-30 22:42:53,33.53,-0.24,-46.55,135.3,grandpas_village,17.89,clear,16.340,5.348,0.00,0.72,world
250.62,2026-08-30 22:42:54,35.35,-0.42,-48.36,135.4,grandpas_village,17.91,clear,17.427,5.730,0.00,2.72,world
251.12,2026-08-30 22:42:54,36.70,-0.51,-49.72,135.5,grandpas_village,17.93,clear,17.427,5.730,0.00,2.68,world
251.62,2026-08-30 22:42:55,36.70,-0.51,-49.72,135.5,grandpas_village,17.95,clear,16.553,5.174,0.00,2.68,world
252.12,2026-08-30 22:42:55,36.70,-0.51,-49.72,135.5,grandpas_village,17.97,clear,16.553,5.174,0.00,2.68,world
252.62,2026-08-30 22:42:56,36.70,-0.51,-49.72,135.5,grandpas_village,17.99,clear,16.196,5.161,0.00,2.68,world
253.12,2026-08-30 22:42:56,36.70,-0.51,-49.72,135.5,grandpas_village,18.01,clear,16.196,5.161,0.00,2.68,world
253.62,2026-08-30 22:42:57,36.70,-0.51,-49.72,135.5,grandpas_village,18.03,clear,15.916,5.129,0.00,2.68,world
254.62,2026-08-30 22:42:57,36.70,-0.51,-49.72,135.5,grandpas_village,18.07,clear,17.081,5.151,0.00,2.68,world
255.15,2026-08-30 22:42:58,36.70,-0.51,-49.72,135.5,grandpas_village,18.10,clear,17.081,5.151,0.00,2.68,world
255.70,2026-08-30 22:42:59,36.70,-0.51,-49.72,135.5,grandpas_village,18.12,clear,16.011,6.554,0.00,2.68,world
256.23,2026-08-30 22:42:59,36.70,-0.51,-49.72,135.5,grandpas_village,18.14,clear,16.011,6.554,0.00,2.68,world
256.78,2026-08-30 22:43:00,36.70,-0.51,-49.72,135.5,grandpas_village,18.16,clear,15.779,6.795,0.00,2.68,world
257.33,2026-08-30 22:43:00,36.70,-0.51,-49.72,135.5,grandpas_village,18.18,clear,15.779,6.795,0.00,2.68,world
257.90,2026-08-30 22:43:01,36.70,-0.51,-49.72,135.5,grandpas_village,18.21,clear,15.680,6.623,0.00,2.68,world
258.48,2026-08-30 22:43:01,36.70,-0.51,-49.72,135.5,grandpas_village,18.23,clear,17.416,8.637,0.00,2.68,world
259.05,2026-08-30 22:43:02,36.70,-0.51,-49.72,135.5,grandpas_village,18.25,clear,17.416,8.637,0.00,2.68,world
259.62,2026-08-30 22:43:02,36.70,-0.51,-49.72,135.5,grandpas_village,18.27,clear,19.297,6.746,0.00,2.68,world
260.22,2026-08-30 22:43:03,36.70,-0.51,-49.72,135.5,grandpas_village,18.30,clear,19.297,6.746,0.00,2.68,world
260.77,2026-08-30 22:43:04,36.70,-0.51,-49.72,135.5,grandpas_village,18.32,clear,17.104,7.232,0.00,2.68,world
261.32,2026-08-30 22:43:04,36.70,-0.51,-49.72,135.5,grandpas_village,18.34,clear,17.104,7.232,0.00,2.68,world
261.88,2026-08-30 22:43:05,36.70,-0.51,-49.72,135.5,grandpas_village,18.36,clear,15.771,6.858,0.00,2.68,world
262.47,2026-08-30 22:43:05,36.70,-0.51,-49.72,135.5,grandpas_village,18.39,clear,15.970,6.960,0.00,2.68,world
263.03,2026-08-30 22:43:06,36.70,-0.51,-49.72,135.5,grandpas_village,18.41,clear,15.970,6.960,0.00,2.68,world
263.62,2026-08-30 22:43:06,36.70,-0.51,-49.72,135.5,grandpas_village,18.43,clear,16.758,6.721,0.00,2.68,world
264.23,2026-08-30 22:43:07,36.70,-0.51,-49.72,135.5,grandpas_village,18.46,clear,16.758,6.721,0.00,2.68,world
264.80,2026-08-30 22:43:08,36.70,-0.51,-49.72,135.5,grandpas_village,18.48,clear,21.856,6.716,0.00,2.68,world
265.38,2026-08-30 22:43:08,36.70,-0.51,-49.72,135.5,grandpas_village,18.50,clear,21.856,6.716,0.00,2.68,world
265.88,2026-08-30 22:43:09,36.70,-0.51,-49.72,135.5,grandpas_village,18.52,clear,16.880,6.847,0.00,2.68,world
266.38,2026-08-30 22:43:09,36.70,-0.51,-49.72,135.5,grandpas_village,18.54,clear,16.880,6.847,0.00,2.68,world
266.88,2026-08-30 22:43:10,36.70,-0.51,-49.72,135.5,grandpas_village,18.56,clear,16.226,6.107,0.00,2.68,world
267.38,2026-08-30 22:43:10,36.70,-0.51,-49.72,135.5,grandpas_village,18.58,clear,16.226,6.107,0.00,2.68,world
267.88,2026-08-30 22:43:11,36.70,-0.51,-49.72,135.5,grandpas_village,18.60,clear,16.195,5.627,0.00,2.68,world
268.38,2026-08-30 22:43:11,36.70,-0.51,-49.72,135.5,grandpas_village,18.62,clear,16.195,5.627,0.00,2.68,world
268.88,2026-08-30 22:43:12,36.70,-0.51,-49.72,135.5,grandpas_village,18.64,clear,16.220,5.833,0.00,2.68,world
269.38,2026-08-30 22:43:12,36.70,-0.51,-49.72,135.5,grandpas_village,18.66,clear,16.220,5.833,0.00,2.68,world
269.88,2026-08-30 22:43:13,36.70,-0.51,-49.72,135.5,grandpas_village,18.68,clear,23.663,6.408,0.00,2.68,world
270.38,2026-08-30 22:43:13,36.70,-0.51,-49.72,135.5,grandpas_village,18.70,clear,23.663,6.408,0.00,2.68,world
270.88,2026-08-30 22:43:14,36.70,-0.51,-49.72,135.5,grandpas_village,18.72,clear,15.750,5.490,0.00,2.68,world
271.38,2026-08-30 22:43:14,36.70,-0.51,-49.72,135.5,grandpas_village,18.74,clear,15.750,5.490,0.00,2.68,world
271.88,2026-08-30 22:43:15,37.17,-0.54,-50.21,135.7,grandpas_village,18.76,clear,16.094,5.358,0.00,2.00,world
272.38,2026-08-30 22:43:16,37.57,-0.57,-50.60,135.7,grandpas_village,18.78,clear,20.645,449.668,0.00,1.44,world
272.88,2026-08-30 22:43:16,37.57,-0.57,-50.60,135.7,grandpas_village,18.80,clear,20.645,449.668,0.00,1.44,world
273.38,2026-08-30 22:43:17,37.57,-0.57,-50.60,135.7,grandpas_village,18.82,clear,15.713,5.394,0.00,1.44,world
273.88,2026-08-30 22:43:17,37.57,-0.57,-50.60,135.7,grandpas_village,18.84,clear,15.713,5.394,0.00,1.44,world
274.38,2026-08-30 22:43:18,37.57,-0.57,-50.60,135.7,grandpas_village,18.86,clear,16.526,5.623,0.00,1.44,world
274.88,2026-08-30 22:43:18,37.57,-0.57,-50.60,135.7,grandpas_village,18.88,clear,16.526,5.623,0.00,1.44,world
275.60,2026-08-30 22:43:19,37.57,-0.57,-50.60,135.7,grandpas_village,18.91,clear,16.250,5.792,0.00,1.44,world
276.23,2026-08-30 22:43:19,37.57,-0.57,-50.60,135.7,grandpas_village,18.94,clear,16.334,6.352,0.00,1.44,world
276.78,2026-08-30 22:43:20,37.57,-0.57,-50.60,135.7,grandpas_village,18.96,clear,16.334,6.352,0.00,1.44,world
277.35,2026-08-30 22:43:21,37.57,-0.57,-50.60,135.7,grandpas_village,18.98,clear,15.462,6.737,0.00,1.44,world
277.95,2026-08-30 22:43:21,37.57,-0.57,-50.60,135.7,grandpas_village,19.01,clear,15.462,6.737,0.00,1.44,world
278.53,2026-08-30 22:43:22,37.57,-0.57,-50.60,135.7,grandpas_village,19.03,clear,16.399,7.422,0.00,1.44,world
279.12,2026-08-30 22:43:22,37.57,-0.57,-50.60,135.7,grandpas_village,19.05,clear,16.399,7.422,0.00,1.44,world
279.72,2026-08-30 22:43:23,37.57,-0.57,-50.60,135.7,grandpas_village,19.08,clear,16.337,6.847,0.00,1.44,world
280.32,2026-08-30 22:43:23,37.57,-0.57,-50.60,135.7,grandpas_village,19.10,clear,20.942,8.255,0.00,1.44,world
280.87,2026-08-30 22:43:24,37.57,-0.57,-50.60,135.7,grandpas_village,19.12,clear,20.942,8.255,0.00,1.44,world
281.43,2026-08-30 22:43:25,37.57,-0.57,-50.60,135.7,grandpas_village,19.15,clear,15.596,6.579,0.00,1.44,world
282.00,2026-08-30 22:43:25,37.57,-0.57,-50.60,135.7,grandpas_village,19.17,clear,15.596,6.579,0.00,1.44,world
282.57,2026-08-30 22:43:26,37.57,-0.57,-50.60,135.7,grandpas_village,19.19,clear,15.733,6.911,0.00,1.44,world
283.10,2026-08-30 22:43:26,37.57,-0.57,-50.60,135.7,grandpas_village,19.21,clear,15.733,6.911,0.00,1.44,world
283.67,2026-08-30 22:43:27,37.57,-0.57,-50.60,135.7,grandpas_village,19.24,clear,15.959,6.719,0.00,1.44,world
284.23,2026-08-30 22:43:27,37.57,-0.57,-50.60,135.7,grandpas_village,19.26,clear,15.766,6.791,0.00,1.44,world
284.83,2026-08-30 22:43:28,37.57,-0.57,-50.60,135.7,grandpas_village,19.28,clear,15.766,6.791,0.00,1.44,world
285.42,2026-08-30 22:43:29,37.57,-0.57,-50.60,135.7,grandpas_village,19.31,clear,16.436,7.205,0.00,1.44,world
286.03,2026-08-30 22:43:29,37.57,-0.57,-50.60,135.7,grandpas_village,19.33,clear,16.436,7.205,0.00,1.44,world
286.57,2026-08-30 22:43:30,37.57,-0.57,-50.60,135.7,grandpas_village,19.35,clear,20.538,8.782,0.00,1.44,world
287.07,2026-08-30 22:43:30,37.57,-0.57,-50.60,135.7,grandpas_village,19.37,clear,20.538,8.782,0.00,1.44,world
287.57,2026-08-30 22:43:31,37.57,-0.57,-50.60,135.7,grandpas_village,19.39,clear,15.452,6.643,0.00,1.44,world
288.07,2026-08-30 22:43:31,37.57,-0.57,-50.60,135.7,grandpas_village,19.41,clear,15.452,6.643,0.00,1.44,world
288.57,2026-08-30 22:43:32,37.57,-0.57,-50.60,135.7,grandpas_village,19.43,clear,17.042,5.543,0.00,1.44,world
289.07,2026-08-30 22:43:32,37.57,-0.57,-50.60,135.7,grandpas_village,19.45,clear,17.042,5.543,0.00,1.44,world
289.57,2026-08-30 22:43:33,37.57,-0.57,-50.60,135.7,grandpas_village,19.47,clear,16.491,5.489,0.00,1.44,world
290.07,2026-08-30 22:43:33,37.57,-0.57,-50.60,135.7,grandpas_village,19.49,clear,16.491,5.489,0.00,1.44,world
290.57,2026-08-30 22:43:34,37.57,-0.57,-50.60,135.7,grandpas_village,19.51,clear,15.821,5.469,0.00,1.44,world
291.07,2026-08-30 22:43:34,37.57,-0.57,-50.60,135.7,grandpas_village,19.53,clear,15.821,5.469,0.00,1.44,world
291.57,2026-08-30 22:43:35,37.57,-0.57,-50.60,135.7,grandpas_village,19.55,clear,15.412,5.526,0.00,1.44,world
292.07,2026-08-30 22:43:35,37.57,-0.57,-50.60,135.7,grandpas_village,19.57,clear,15.412,5.526,0.00,1.44,world
292.57,2026-08-30 22:43:36,37.57,-0.57,-50.60,135.7,grandpas_village,19.59,clear,16.381,5.545,0.00,1.44,world
293.07,2026-08-30 22:43:37,37.31,-0.59,-49.98,20.2,grandpas_village,19.61,clear,21.055,441.081,0.00,2.08,world
293.57,2026-08-30 22:43:37,36.36,-0.72,-47.61,-22.3,grandpas_village,19.63,clear,21.055,441.081,0.00,2.86,world
294.07,2026-08-30 22:43:38,35.41,-0.78,-45.27,-22.4,grandpas_village,19.65,clear,20.235,5.515,0.00,1.59,world
294.57,2026-08-30 22:43:38,34.73,-0.76,-43.62,-22.6,grandpas_village,19.67,clear,20.235,5.515,0.00,1.44,world
295.07,2026-08-30 22:43:39,34.73,-0.76,-43.62,-22.6,grandpas_village,19.69,clear,17.605,6.454,0.00,1.44,world
295.57,2026-08-30 22:43:39,34.73,-0.76,-43.62,-22.6,grandpas_village,19.71,clear,17.605,6.454,0.00,1.44,world
296.07,2026-08-30 22:43:40,34.73,-0.76,-43.62,-22.6,grandpas_village,19.73,clear,16.251,5.354,0.00,1.44,world
296.57,2026-08-30 22:43:40,34.73,-0.76,-43.62,-22.6,grandpas_village,19.75,clear,16.251,5.354,0.00,1.44,world
297.07,2026-08-30 22:43:41,34.73,-0.76,-43.62,-22.6,grandpas_village,19.77,clear,17.919,5.709,0.00,1.44,world
298.03,2026-08-30 22:43:42,34.73,-0.76,-43.62,-22.6,grandpas_village,19.81,clear,16.534,5.920,0.00,1.44,world
298.68,2026-08-30 22:43:42,34.73,-0.76,-43.62,-22.6,grandpas_village,19.84,clear,16.534,5.920,0.00,1.44,world
299.32,2026-08-30 22:43:43,34.73,-0.76,-43.62,-22.6,grandpas_village,19.86,clear,16.434,7.002,0.00,1.44,world
299.88,2026-08-30 22:43:43,34.73,-0.76,-43.62,-22.6,grandpas_village,19.88,clear,16.434,7.002,0.00,1.44,world
300.45,2026-08-30 22:43:44,34.73,-0.76,-43.62,-22.6,grandpas_village,19.91,clear,15.753,6.742,0.00,1.44,world
301.00,2026-08-30 22:43:44,34.73,-0.76,-43.62,-22.6,grandpas_village,19.93,clear,16.590,6.280,0.00,1.44,world
301.55,2026-08-30 22:43:45,34.73,-0.76,-43.62,-22.6,grandpas_village,19.95,clear,16.590,6.280,0.00,1.44,world
302.12,2026-08-30 22:43:45,34.73,-0.76,-43.62,-22.6,grandpas_village,19.97,clear,15.659,6.612,0.00,1.44,world
302.67,2026-08-30 22:43:46,34.73,-0.76,-43.62,-22.6,grandpas_village,20.00,clear,15.659,6.612,0.00,1.44,world
303.30,2026-08-30 22:43:47,34.73,-0.76,-43.62,-22.6,grandpas_village,20.02,clear,18.167,6.602,0.00,1.44,world
304.00,2026-08-30 22:43:47,34.73,-0.76,-43.62,-22.6,grandpas_village,20.05,clear,17.035,9.063,0.00,1.44,world
304.65,2026-08-30 22:43:48,34.73,-0.76,-43.62,-22.6,grandpas_village,20.08,clear,17.035,9.063,0.00,1.44,world
305.28,2026-08-30 22:43:49,34.73,-0.76,-43.62,-22.6,grandpas_village,20.10,clear,17.555,7.953,0.00,1.44,world
305.95,2026-08-30 22:43:49,34.73,-0.76,-43.62,-22.6,grandpas_village,20.13,clear,18.043,8.043,0.00,1.44,world
306.67,2026-08-30 22:43:50,34.73,-0.76,-43.62,-22.6,grandpas_village,20.16,clear,18.043,8.043,0.00,1.44,world
307.40,2026-08-30 22:43:51,34.73,-0.76,-43.62,-22.6,grandpas_village,20.19,clear,19.125,8.520,0.00,1.44,world
308.20,2026-08-30 22:43:52,34.73,-0.76,-43.62,-22.6,grandpas_village,20.22,clear,19.221,9.231,0.00,1.44,world
309.00,2026-08-30 22:43:52,34.73,-0.76,-43.62,-22.6,grandpas_village,20.25,clear,19.503,9.074,0.00,1.44,world
309.70,2026-08-30 22:43:53,34.73,-0.76,-43.62,-22.6,grandpas_village,20.28,clear,19.503,9.074,0.00,1.44,world
310.48,2026-08-30 22:43:54,34.73,-0.76,-43.62,-22.6,grandpas_village,20.31,clear,20.339,9.231,0.00,1.44,world
310.98,2026-08-30 22:43:54,34.73,-0.76,-43.62,-22.6,grandpas_village,20.33,clear,20.598,7.976,0.00,1.44,world
311.48,2026-08-30 22:43:55,34.73,-0.76,-43.62,-22.6,grandpas_village,20.35,clear,20.598,7.976,0.00,1.44,world
311.98,2026-08-30 22:43:55,34.73,-0.76,-43.62,-22.6,grandpas_village,20.37,clear,19.768,7.714,0.00,1.44,world
312.48,2026-08-30 22:43:56,34.73,-0.76,-43.62,-22.6,grandpas_village,20.39,clear,19.768,7.714,0.00,1.44,world
312.98,2026-08-30 22:43:56,34.73,-0.76,-43.62,-22.6,grandpas_village,20.41,clear,27.274,9.294,0.00,1.44,world
313.48,2026-08-30 22:43:57,34.73,-0.76,-43.62,-22.6,grandpas_village,20.43,clear,27.274,9.294,0.00,1.44,world
313.98,2026-08-30 22:43:57,34.73,-0.76,-43.62,-22.6,grandpas_village,20.45,clear,19.261,7.622,0.00,1.44,world
314.48,2026-08-30 22:43:58,34.73,-0.76,-43.62,-22.6,grandpas_village,20.47,clear,19.261,7.622,0.00,1.44,world
314.98,2026-08-30 22:43:58,34.73,-0.76,-43.62,-22.6,grandpas_village,20.49,clear,19.110,7.024,0.00,1.44,world
315.48,2026-08-30 22:43:59,34.73,-0.76,-43.62,-22.6,grandpas_village,20.51,clear,19.110,7.024,0.00,1.44,world
315.98,2026-08-30 22:43:59,34.73,-0.76,-43.62,-22.6,grandpas_village,20.53,clear,20.218,8.021,0.00,1.44,world
316.48,2026-08-30 22:44:00,34.73,-0.76,-43.62,-22.6,grandpas_village,20.55,clear,20.218,8.021,0.00,1.44,world
316.98,2026-08-30 22:44:01,34.60,-0.73,-43.62,-75.1,grandpas_village,20.57,clear,18.925,443.364,0.00,1.40,world
317.48,2026-08-30 22:44:01,32.44,-0.25,-43.66,-91.5,grandpas_village,20.59,clear,18.925,443.364,0.00,2.21,world
317.98,2026-08-30 22:44:02,30.26,0.22,-43.71,-91.5,grandpas_village,20.61,clear,21.561,8.227,0.00,4.17,world
318.48,2026-08-30 22:44:02,28.04,0.65,-43.77,-91.6,grandpas_village,20.63,clear,21.561,8.227,0.00,2.05,world
318.98,2026-08-30 22:44:03,26.42,0.91,-43.81,-91.6,grandpas_village,20.65,clear,19.718,7.527,0.00,0.46,world
319.48,2026-08-30 22:44:03,26.42,0.91,-43.81,-91.6,grandpas_village,20.67,clear,19.718,7.527,0.00,0.46,world
319.98,2026-08-30 22:44:04,26.42,0.91,-43.81,-91.6,grandpas_village,20.69,clear,18.481,7.097,0.00,0.46,world
320.48,2026-08-30 22:44:04,26.42,0.91,-43.81,-91.6,grandpas_village,20.71,clear,18.481,7.097,0.00,0.46,world
320.98,2026-08-30 22:44:05,26.42,0.91,-43.81,-91.6,grandpas_village,20.73,clear,18.507,6.891,0.00,0.46,world
321.48,2026-08-30 22:44:05,26.42,0.91,-43.81,-91.6,grandpas_village,20.75,clear,18.507,6.891,0.00,0.46,world
322.58,2026-08-30 22:44:06,26.42,0.91,-43.81,-91.6,grandpas_village,20.79,clear,18.394,6.599,0.00,0.46,world
323.30,2026-08-30 22:44:07,26.42,0.91,-43.81,-91.6,grandpas_village,20.82,clear,18.394,6.599,0.00,0.46,world
324.05,2026-08-30 22:44:08,26.42,0.91,-43.81,-91.6,grandpas_village,20.85,clear,21.380,8.530,0.00,0.46,world
324.73,2026-08-30 22:44:08,26.42,0.91,-43.81,-91.6,grandpas_village,20.88,clear,22.373,7.843,0.00,0.46,world
325.45,2026-08-30 22:44:09,26.42,0.91,-43.81,-91.6,grandpas_village,20.91,clear,22.373,7.843,0.00,0.46,world
326.17,2026-08-30 22:44:10,26.42,0.91,-43.81,-91.6,grandpas_village,20.94,clear,18.160,8.680,0.00,0.46,world
326.92,2026-08-30 22:44:11,26.42,0.91,-43.81,-91.6,grandpas_village,20.97,clear,19.539,8.422,0.00,0.46,world
327.63,2026-08-30 22:44:11,26.42,0.91,-43.81,-91.6,grandpas_village,20.99,clear,19.633,8.338,0.00,0.46,world
328.33,2026-08-30 22:44:12,26.42,0.91,-43.81,-91.6,grandpas_village,21.02,clear,19.633,8.338,0.00,0.46,world
329.03,2026-08-30 22:44:13,26.42,0.91,-43.81,-91.6,grandpas_village,21.05,clear,18.256,7.739,0.00,0.46,world
329.70,2026-08-30 22:44:13,26.42,0.91,-43.81,-91.6,grandpas_village,21.08,clear,17.480,7.473,0.00,0.46,world
330.40,2026-08-30 22:44:14,26.42,0.91,-43.81,-91.6,grandpas_village,21.11,clear,17.480,7.473,0.00,0.46,world
331.17,2026-08-30 22:44:15,26.42,0.91,-43.81,-91.6,grandpas_village,21.14,clear,18.529,8.786,0.00,0.46,world
331.88,2026-08-30 22:44:16,26.42,0.91,-43.81,-91.6,grandpas_village,21.16,clear,18.835,8.474,0.00,0.46,world
332.63,2026-08-30 22:44:16,26.42,0.91,-43.81,-91.6,grandpas_village,21.19,clear,18.571,8.858,0.00,0.46,world
333.32,2026-08-30 22:44:17,26.42,0.91,-43.81,-91.6,grandpas_village,21.22,clear,18.571,8.858,0.00,0.46,world
334.07,2026-08-30 22:44:18,26.42,0.91,-43.81,-91.6,grandpas_village,21.25,clear,17.913,8.627,0.00,0.46,world
334.73,2026-08-30 22:44:18,26.42,0.91,-43.81,-91.6,grandpas_village,21.28,clear,17.827,7.968,0.00,0.46,world
335.42,2026-08-30 22:44:19,26.42,0.91,-43.81,-91.6,grandpas_village,21.31,clear,17.827,7.968,0.00,0.46,world
336.13,2026-08-30 22:44:20,26.42,0.91,-43.81,-91.6,grandpas_village,21.33,clear,17.958,8.381,0.00,0.46,world
336.63,2026-08-30 22:44:20,26.42,0.91,-43.81,-91.6,grandpas_village,21.35,clear,17.623,7.941,0.00,0.46,world
337.13,2026-08-30 22:44:21,26.42,0.91,-43.81,-91.6,grandpas_village,21.37,clear,17.623,7.941,0.00,0.46,world
337.63,2026-08-30 22:44:21,26.42,0.91,-43.81,-91.6,grandpas_village,21.39,clear,19.196,7.936,0.00,0.46,world
338.13,2026-08-30 22:44:22,26.42,0.91,-43.81,-91.6,grandpas_village,21.41,clear,19.196,7.936,0.00,0.46,world
338.63,2026-08-30 22:44:22,26.42,0.91,-43.81,-91.6,grandpas_village,21.43,clear,19.603,7.093,0.00,0.46,world
339.13,2026-08-30 22:44:23,26.42,0.91,-43.81,-91.6,grandpas_village,21.45,clear,19.603,7.093,0.00,0.46,world
339.63,2026-08-30 22:44:23,26.42,0.91,-43.81,-91.6,grandpas_village,21.47,clear,19.679,7.424,0.00,0.46,world
340.13,2026-08-30 22:44:24,26.42,0.91,-43.81,-91.6,grandpas_village,21.49,clear,19.679,7.424,0.00,0.46,world
340.63,2026-08-30 22:44:24,26.42,0.91,-43.81,-91.6,grandpas_village,21.51,clear,18.678,6.973,0.00,0.46,world
341.13,2026-08-30 22:44:25,26.42,0.91,-43.81,-91.6,grandpas_village,21.53,clear,18.678,6.973,0.00,0.46,world
341.63,2026-08-30 22:44:25,26.42,0.91,-43.81,-91.6,grandpas_village,21.55,clear,25.581,9.578,0.00,0.46,world
342.13,2026-08-30 22:44:26,26.42,0.91,-43.81,-91.6,grandpas_village,21.57,clear,25.581,9.578,0.00,0.46,world
342.63,2026-08-30 22:44:27,26.37,0.90,-43.64,-39.1,grandpas_village,21.59,clear,25.581,9.578,0.00,0.52,world
343.13,2026-08-30 22:44:27,25.63,0.80,-41.23,-17.2,grandpas_village,21.61,clear,20.046,451.182,0.00,2.74,world
343.63,2026-08-30 22:44:28,24.89,0.75,-38.82,-17.2,grandpas_village,21.63,clear,22.152,7.784,0.00,5.04,world
344.13,2026-08-30 22:44:28,24.14,0.70,-36.41,-17.2,grandpas_village,21.65,clear,22.152,7.784,0.00,3.22,world
344.63,2026-08-30 22:44:29,23.40,0.65,-34.00,-17.3,grandpas_village,21.67,clear,19.369,8.003,0.00,1.40,world
345.13,2026-08-30 22:44:29,22.66,0.66,-31.61,-17.3,grandpas_village,21.69,clear,19.369,8.003,0.00,2.48,world
345.63,2026-08-30 22:44:30,21.94,0.74,-29.26,-17.3,grandpas_village,21.71,clear,18.902,8.401,0.00,4.74,world
346.13,2026-08-30 22:44:30,21.53,0.83,-26.89,-17.4,grandpas_village,21.73,clear,18.902,8.401,0.00,3.80,world
346.63,2026-08-30 22:44:31,20.79,0.90,-24.54,-17.4,grandpas_village,21.75,clear,20.063,8.648,0.00,3.25,world
347.13,2026-08-30 22:44:31,20.05,0.90,-22.15,-17.4,grandpas_village,21.77,clear,20.063,8.648,0.00,4.37,world
347.63,2026-08-30 22:44:32,19.30,0.90,-19.77,-17.4,grandpas_village,21.79,clear,20.557,7.859,0.00,3.83,world
348.13,2026-08-30 22:44:32,18.55,0.90,-17.38,-17.4,grandpas_village,21.81,clear,20.557,7.859,0.00,2.01,world
348.63,2026-08-30 22:44:33,17.70,0.90,-15.21,-17.3,grandpas_village,21.83,clear,19.622,7.927,0.00,2.43,world
349.13,2026-08-30 22:44:33,16.96,0.90,-12.82,-17.3,grandpas_village,21.85,clear,19.622,7.927,0.00,4.40,world
349.63,2026-08-30 22:44:34,16.21,0.90,-10.44,-17.3,grandpas_village,21.87,clear,18.579,7.746,0.00,6.73,world
350.13,2026-08-30 22:44:34,15.47,0.90,-8.05,-17.3,grandpas_village,21.89,clear,18.579,7.746,0.00,9.15,world
350.63,2026-08-30 22:44:35,14.72,0.90,-5.66,-17.3,grandpas_village,21.91,clear,19.941,9.157,0.00,11.61,world
351.13,2026-08-30 22:44:35,13.98,0.90,-3.28,-17.3,grandpas_village,21.93,clear,19.941,9.157,0.00,12.32,world
351.63,2026-08-30 22:44:36,13.18,0.90,-0.95,-17.3,grandpas_village,21.95,clear,20.532,8.198,0.00,9.95,world
352.13,2026-08-30 22:44:36,12.43,0.90,1.44,-17.3,grandpas_village,21.97,clear,20.532,8.198,0.00,7.58,world
352.63,2026-08-30 22:44:37,11.69,0.90,3.83,-17.3,grandpas_village,21.99,clear,20.058,6.951,0.00,5.34,world
353.13,2026-08-30 22:44:37,10.95,0.90,6.21,-17.3,grandpas_village,22.01,clear,20.058,6.951,0.00,3.46,world
353.63,2026-08-30 22:44:38,10.20,0.89,8.60,-17.3,grandpas_village,22.03,clear,25.748,9.049,0.00,2.82,world
354.13,2026-08-30 22:44:38,9.45,0.82,11.01,-17.3,grandpas_village,22.05,clear,25.748,9.049,0.00,4.08,world
354.63,2026-08-30 22:44:39,8.70,0.68,13.45,-17.3,grandpas_village,22.07,clear,21.067,7.013,0.00,6.19,world
355.13,2026-08-30 22:44:39,7.94,0.49,15.89,-17.3,grandpas_village,22.09,clear,21.067,7.013,0.00,8.55,world
355.63,2026-08-30 22:44:40,7.19,0.31,18.34,-17.3,grandpas_village,22.11,clear,19.556,7.579,0.00,11.00,world
356.13,2026-08-30 22:44:40,6.44,0.23,20.75,-17.3,grandpas_village,22.13,clear,19.556,7.579,0.00,13.46,world
356.63,2026-08-30 22:44:41,5.70,0.25,23.14,-17.3,grandpas_village,22.15,clear,19.748,7.834,0.00,15.91,world
357.13,2026-08-30 22:44:41,5.24,0.25,24.57,-17.3,grandpas_village,22.17,clear,19.748,7.834,0.00,17.40,world
357.63,2026-08-30 22:44:42,4.45,0.38,24.32,-107.3,grandpas_village,22.19,clear,20.311,7.236,0.00,17.55,world
358.13,2026-08-30 22:44:42,2.18,0.60,23.62,-107.3,grandpas_village,22.21,clear,20.311,7.236,0.00,18.19,world
358.63,2026-08-30 22:44:43,1.24,0.57,25.36,-12.1,grandpas_village,22.23,clear,20.651,6.957,0.00,19.67,world
359.13,2026-08-30 22:44:43,1.04,0.57,25.44,-43.5,grandpas_village,22.25,clear,20.651,6.957,0.00,19.64,world
359.63,2026-08-30 22:44:44,-1.30,0.64,24.95,-102.0,grandpas_village,22.28,clear,18.989,6.510,0.00,18.22,world
360.13,2026-08-30 22:44:44,-3.70,0.73,24.44,-102.0,grandpas_village,22.29,clear,18.989,6.510,0.00,16.99,world
360.63,2026-08-30 22:44:45,-4.82,0.66,25.68,-3.4,grandpas_village,22.31,clear,18.947,6.870,0.00,17.96,world
361.13,2026-08-30 22:44:45,-4.89,0.65,25.77,-34.9,grandpas_village,22.33,clear,18.947,6.870,0.00,18.04,world
361.63,2026-08-30 22:44:46,-7.26,0.77,25.64,-93.4,grandpas_village,22.36,clear,19.132,6.538,0.00,17.65,world
362.13,2026-08-30 22:44:46,-9.72,0.86,25.50,-93.4,grandpas_village,22.37,clear,19.132,6.538,0.00,17.59,world
362.63,2026-08-30 22:44:47,-12.22,0.87,25.36,-93.4,grandpas_village,22.39,clear,40.944,9.177,0.00,17.87,world
363.13,2026-08-30 22:44:47,-12.77,0.69,26.22,8.4,grandpas_village,22.41,clear,40.944,9.177,0.00,18.84,world
363.63,2026-08-30 22:44:48,-11.63,0.73,26.06,98.4,grandpas_village,22.43,clear,21.743,6.679,0.00,18.42,world
364.13,2026-08-30 22:44:48,-9.19,0.81,25.71,98.4,grandpas_village,22.45,clear,21.743,6.679,0.00,17.75,world
364.63,2026-08-30 22:44:49,-8.68,0.74,26.00,2.3,grandpas_village,22.47,clear,19.148,7.048,0.00,18.01,world
365.13,2026-08-30 22:44:49,-8.68,0.74,26.00,2.3,grandpas_village,22.49,clear,19.148,7.048,0.00,18.01,world
365.63,2026-08-30 22:44:50,-9.92,0.75,26.05,-87.7,grandpas_village,22.51,clear,18.636,6.853,0.00,18.15,world
366.13,2026-08-30 22:44:50,-12.44,0.70,26.16,-87.7,grandpas_village,22.53,clear,18.636,6.853,0.00,18.70,world
366.63,2026-08-30 22:44:51,-12.73,0.70,26.20,50.8,grandpas_village,22.55,clear,21.689,10.603,0.00,18.80,world
367.13,2026-08-30 22:44:51,-10.41,0.79,25.85,98.8,grandpas_village,22.57,clear,21.689,10.603,0.00,18.01,world
367.63,2026-08-30 22:44:52,-9.00,0.74,26.01,2.8,grandpas_village,22.59,clear,19.611,7.017,0.00,18.04,world
368.13,2026-08-30 22:44:52,-8.99,0.74,26.01,93.2,grandpas_village,22.61,clear,19.611,7.017,0.00,18.04,world
368.63,2026-08-30 22:44:53,-9.36,0.75,26.03,-39.2,grandpas_village,22.63,clear,20.493,7.272,0.00,18.08,world
369.13,2026-08-30 22:44:53,-11.84,0.70,26.16,-87.2,grandpas_village,22.65,clear,20.493,7.272,0.00,18.57,world
369.63,2026-08-30 22:44:54,-13.32,0.69,26.25,9.2,grandpas_village,22.67,clear,19.496,6.773,0.00,19.01,world
370.13,2026-08-30 22:44:54,-11.53,0.75,25.97,99.2,grandpas_village,22.69,clear,19.496,6.773,0.00,18.32,world
370.63,2026-08-30 22:44:55,-9.28,0.78,25.85,25.7,grandpas_village,22.71,clear,19.417,7.139,0.00,17.90,world
371.13,2026-08-30 22:44:55,-9.23,0.74,26.03,13.6,grandpas_village,22.73,clear,19.417,7.139,0.00,18.07,world
371.63,2026-08-30 22:44:56,-9.22,0.74,26.03,3.1,grandpas_village,22.75,clear,19.576,7.425,0.00,18.07,world
372.13,2026-08-30 22:44:56,-10.72,0.73,26.11,-86.9,grandpas_village,22.77,clear,19.576,7.425,0.00,18.31,world
372.63,2026-08-30 22:44:57,-13.11,0.69,26.24,-34.4,grandpas_village,22.79,clear,18.829,7.150,0.00,18.95,world
373.13,2026-08-30 22:44:57,-12.62,0.71,26.15,99.2,grandpas_village,22.81,clear,18.829,7.150,0.00,18.73,world
373.63,2026-08-30 22:44:58,-10.18,0.81,25.77,99.2,grandpas_village,22.83,clear,19.965,7.389,0.00,17.90,world
374.13,2026-08-30 22:44:58,-9.26,0.74,26.03,13.7,grandpas_village,22.85,clear,19.965,7.389,0.00,18.07,world
374.63,2026-08-30 22:44:59,-9.25,0.74,26.03,61.7,grandpas_village,22.87,clear,18.387,7.384,0.00,18.07,world
375.13,2026-08-30 22:44:59,-9.65,0.75,26.05,-80.9,grandpas_village,22.89,clear,18.387,7.384,0.00,18.13,world
375.63,2026-08-30 22:45:00,-12.17,0.70,26.19,-86.8,grandpas_village,22.91,clear,17.528,6.881,0.00,18.66,world
376.13,2026-08-30 22:45:00,-13.31,0.69,26.25,9.2,grandpas_village,22.93,clear,17.528,6.881,0.00,19.01,world
376.63,2026-08-30 22:45:01,-11.28,0.76,25.93,99.2,grandpas_village,22.95,clear,19.492,7.850,0.00,18.23,world
377.13,2026-08-30 22:45:01,-9.30,0.74,26.03,3.2,grandpas_village,22.97,clear,19.492,7.850,0.00,18.08,world
377.63,2026-08-30 22:45:02,-9.29,0.74,26.03,93.2,grandpas_village,22.99,clear,21.874,8.484,0.00,18.08,world
378.13,2026-08-30 22:45:02,-9.28,0.74,26.03,93.2,grandpas_village,23.01,clear,21.874,8.484,0.00,18.08,world
378.63,2026-08-30 22:45:03,-9.54,0.75,26.04,-86.8,grandpas_village,23.03,clear,19.241,7.453,0.00,18.11,world
379.13,2026-08-30 22:45:03,-9.79,0.75,26.06,4.0,grandpas_village,23.05,clear,19.241,7.453,0.00,18.15,world
379.63,2026-08-30 22:45:04,-8.63,0.75,25.98,94.0,grandpas_village,23.07,clear,19.122,7.062,0.00,17.99,world
380.13,2026-08-30 22:45:04,-6.11,0.69,25.82,94.0,grandpas_village,23.09,clear,19.122,7.062,0.00,17.92,world
380.63,2026-08-30 22:45:05,-5.94,0.67,25.84,-44.0,grandpas_village,23.11,clear,18.640,7.107,0.00,17.95,world
381.13,2026-08-30 22:45:05,-8.36,0.79,25.76,-91.9,grandpas_village,23.13,clear,18.640,7.107,0.00,17.77,world
381.63,2026-08-30 22:45:06,-9.73,0.75,26.06,3.9,grandpas_village,23.15,clear,20.036,7.744,0.00,18.14,world
382.13,2026-08-30 22:45:06,-10.23,0.74,26.08,-53.9,grandpas_village,23.17,clear,20.036,7.744,0.00,18.22,world
382.63,2026-08-30 22:45:07,-10.24,0.74,26.08,4.7,grandpas_village,23.19,clear,19.414,7.048,0.00,18.22,world
383.13,2026-08-30 22:45:07,-8.83,0.75,25.97,94.7,grandpas_village,23.21,clear,19.414,7.048,0.00,17.99,world
383.63,2026-08-30 22:45:08,-6.36,0.70,25.83,63.1,grandpas_village,23.23,clear,23.103,9.151,0.00,17.91,world
384.13,2026-08-30 22:45:08,-6.74,0.71,25.84,-85.6,grandpas_village,23.25,clear,23.103,9.151,0.00,17.88,world
384.63,2026-08-30 22:45:09,-9.20,0.79,25.78,-91.6,grandpas_village,23.27,clear,18.396,6.762,0.00,17.82,world
385.13,2026-08-30 22:45:09,-10.25,0.74,26.08,4.7,grandpas_village,23.29,clear,18.396,6.762,0.00,18.22,world
385.63,2026-08-30 22:45:10,-10.25,0.74,26.08,-55.3,grandpas_village,23.31,clear,19.331,6.622,0.00,18.22,world
386.13,2026-08-30 22:45:10,-9.68,0.75,26.04,88.7,grandpas_village,23.33,clear,19.331,6.622,0.00,18.12,world
386.63,2026-08-30 22:45:11,-7.17,0.73,25.84,94.7,grandpas_village,23.35,clear,19.810,7.296,0.00,17.86,world
387.13,2026-08-30 22:45:11,-6.02,0.67,25.85,-1.7,grandpas_village,23.37,clear,19.810,7.296,0.00,17.96,world
387.63,2026-08-30 22:45:12,-8.22,0.78,25.79,-91.7,grandpas_village,23.39,clear,18.757,7.392,0.00,17.79,world
388.13,2026-08-30 22:45:12,-10.18,0.74,26.08,4.6,grandpas_village,23.41,clear,18.757,7.392,0.00,18.21,world
388.63,2026-08-30 22:45:13,-10.18,0.74,26.08,-69.0,grandpas_village,23.43,clear,19.616,7.274,0.00,18.21,world
389.13,2026-08-30 22:45:13,-10.18,0.74,26.08,4.6,grandpas_village,23.45,clear,19.616,7.274,0.00,18.21,world
389.63,2026-08-30 22:45:14,-8.11,0.75,25.92,94.6,grandpas_village,23.47,clear,18.809,7.284,0.00,17.92,world
390.13,2026-08-30 22:45:14,-6.06,0.68,25.85,-1.6,grandpas_village,23.49,clear,18.809,7.284,0.00,17.96,world
390.63,2026-08-30 22:45:15,-7.32,0.74,25.82,-91.7,grandpas_village,23.51,clear,18.545,8.155,0.00,17.83,world
391.13,2026-08-30 22:45:15,-9.80,0.81,25.75,-91.7,grandpas_village,23.53,clear,18.545,8.155,0.00,17.84,world
391.63,2026-08-30 22:45:16,-10.18,0.74,26.08,4.6,grandpas_village,23.55,clear,19.054,6.804,0.00,18.21,world
392.13,2026-08-30 22:45:16,-10.19,0.74,26.08,4.6,grandpas_village,23.57,clear,19.054,6.804,0.00,18.21,world
392.63,2026-08-30 22:45:17,-9.10,0.75,26.00,94.6,grandpas_village,23.59,clear,19.702,6.807,0.00,18.03,world
393.13,2026-08-30 22:45:17,-9.07,0.75,26.00,94.6,grandpas_village,23.61,clear,19.702,6.807,0.00,18.03,world
393.63,2026-08-30 22:45:18,-9.07,0.75,26.00,94.6,grandpas_village,23.63,clear,19.686,7.095,0.00,18.03,world
394.13,2026-08-30 22:45:18,-9.07,0.75,26.00,94.6,grandpas_village,23.65,clear,19.686,7.095,0.00,18.03,world
394.63,2026-08-30 22:45:19,-9.07,0.75,26.00,94.6,grandpas_village,23.67,clear,20.471,7.188,0.00,18.03,world
395.13,2026-08-30 22:45:19,-9.07,0.75,26.00,94.6,grandpas_village,23.70,clear,20.471,7.188,0.00,18.03,world
396.28,2026-08-30 22:45:20,-9.07,0.75,26.00,94.6,grandpas_village,23.74,clear,20.588,6.535,0.00,18.03,world
397.02,2026-08-30 22:45:21,-9.07,0.75,26.00,94.6,grandpas_village,23.77,clear,20.588,6.535,0.00,18.03,world
397.70,2026-08-30 22:45:22,-9.07,0.75,26.00,94.6,grandpas_village,23.80,clear,21.119,7.882,0.00,18.03,world
398.37,2026-08-30 22:45:22,-9.07,0.75,26.00,94.6,grandpas_village,23.82,clear,18.541,8.249,0.00,18.03,world
399.02,2026-08-30 22:45:23,-9.07,0.75,26.00,94.6,grandpas_village,23.85,clear,18.541,8.249,0.00,18.03,world
399.65,2026-08-30 22:45:24,-9.07,0.75,26.00,94.6,grandpas_village,23.88,clear,17.872,7.196,0.00,18.03,world
400.28,2026-08-30 22:45:24,-9.07,0.75,26.00,94.6,grandpas_village,23.90,clear,25.414,7.346,0.00,18.03,world
400.95,2026-08-30 22:45:25,-9.07,0.75,26.00,94.6,grandpas_village,23.93,clear,25.414,7.346,0.00,18.03,world
401.62,2026-08-30 22:45:26,-9.07,0.75,26.00,94.6,grandpas_village,23.95,clear,18.822,8.294,0.00,18.03,world
402.27,2026-08-30 22:45:26,-9.07,0.75,26.00,94.6,grandpas_village,23.98,clear,18.654,7.428,0.00,18.03,world
402.98,2026-08-30 22:45:27,-9.07,0.75,26.00,94.6,grandpas_village,0.01,clear,18.654,7.428,0.00,18.03,world
403.65,2026-08-30 22:45:28,-9.07,0.75,26.00,94.6,grandpas_village,0.04,clear,18.125,8.045,0.00,18.03,world
404.27,2026-08-30 22:45:28,-9.07,0.75,26.00,94.6,grandpas_village,0.06,clear,18.478,7.776,0.00,18.03,world
404.92,2026-08-30 22:45:29,-9.07,0.75,26.00,94.6,grandpas_village,0.09,clear,18.478,7.776,0.00,18.03,world
405.60,2026-08-30 22:45:30,-9.07,0.75,26.00,94.6,grandpas_village,0.11,clear,18.375,7.683,0.00,18.03,world
406.27,2026-08-30 22:45:30,-9.07,0.75,26.00,94.6,grandpas_village,0.14,clear,19.154,8.660,0.00,18.03,world
406.95,2026-08-30 22:45:31,-9.07,0.75,26.00,94.6,grandpas_village,0.17,clear,19.154,8.660,0.00,18.03,world
407.65,2026-08-30 22:45:32,-9.07,0.75,26.00,94.6,grandpas_village,0.20,clear,17.883,7.801,0.00,18.03,world
408.30,2026-08-30 22:45:33,-9.07,0.75,26.00,94.6,grandpas_village,0.22,clear,18.734,7.754,0.00,18.03,world
409.02,2026-08-30 22:45:33,-9.07,0.75,26.00,94.6,grandpas_village,0.25,clear,18.734,7.754,0.00,18.03,world
409.52,2026-08-30 22:45:34,-9.07,0.75,26.00,94.6,grandpas_village,0.27,clear,19.640,8.006,0.00,18.03,world
410.02,2026-08-30 22:45:34,-9.07,0.75,26.00,94.6,grandpas_village,0.29,clear,19.640,8.006,0.00,18.03,world
410.52,2026-08-30 22:45:35,-9.07,0.75,26.00,94.6,grandpas_village,0.31,clear,18.476,6.431,0.00,18.03,world
411.02,2026-08-30 22:45:35,-9.07,0.75,26.00,94.6,grandpas_village,0.33,clear,18.476,6.431,0.00,18.03,world
411.52,2026-08-30 22:45:36,-9.07,0.75,26.00,94.6,grandpas_village,0.35,clear,22.949,8.480,0.00,18.03,world
412.02,2026-08-30 22:45:36,-9.07,0.75,26.00,94.6,grandpas_village,0.37,clear,22.949,8.480,0.00,18.03,world
412.52,2026-08-30 22:45:37,-9.07,0.75,26.00,94.6,grandpas_village,0.39,clear,18.201,6.596,0.00,18.03,world
413.02,2026-08-30 22:45:37,-9.07,0.75,26.00,94.6,grandpas_village,0.41,clear,18.201,6.596,0.00,18.03,world
413.52,2026-08-30 22:45:38,-9.07,0.75,26.00,94.6,grandpas_village,0.43,clear,20.951,6.720,0.00,18.03,world
414.02,2026-08-30 22:45:38,-9.07,0.75,26.00,94.6,grandpas_village,0.45,clear,20.951,6.720,0.00,18.03,world
414.52,2026-08-30 22:45:39,-9.07,0.75,26.00,94.6,grandpas_village,0.47,clear,18.073,6.621,0.00,18.03,world
415.02,2026-08-30 22:45:39,-9.07,0.75,26.00,94.6,grandpas_village,0.49,clear,18.073,6.621,0.00,18.03,world
415.52,2026-08-30 22:45:40,-8.87,0.81,25.70,147.0,grandpas_village,0.51,clear,21.390,6.781,0.00,17.72,world
416.02,2026-08-30 22:45:41,-7.59,1.08,23.73,147.0,grandpas_village,0.53,clear,27.284,496.955,0.00,15.73,world
416.52,2026-08-30 22:45:41,-6.23,1.09,21.64,147.0,grandpas_village,0.55,clear,27.284,496.955,0.00,13.75,world
417.02,2026-08-30 22:45:42,-4.84,0.97,19.51,147.1,grandpas_village,0.57,clear,27.439,8.791,0.00,11.93,world
417.52,2026-08-30 22:45:42,-3.45,0.84,17.37,147.1,grandpas_village,0.59,clear,27.439,8.791,0.00,10.42,world
418.02,2026-08-30 22:45:43,-2.08,0.79,15.26,147.1,grandpas_village,0.61,clear,25.811,8.926,0.00,9.37,world
418.52,2026-08-30 22:45:43,-0.72,0.79,13.16,147.1,grandpas_village,0.63,clear,25.811,8.926,0.00,8.92,world
419.02,2026-08-30 22:45:44,0.59,0.83,11.14,147.1,grandpas_village,0.65,clear,18.778,6.619,0.00,9.14,world
419.52,2026-08-30 22:45:44,1.76,0.82,11.57,70.0,grandpas_village,0.67,clear,18.778,6.619,0.00,10.39,world
420.02,2026-08-30 22:45:45,3.23,0.86,9.96,148.5,grandpas_village,0.69,clear,19.126,6.451,0.00,9.82,world
420.52,2026-08-30 22:45:45,4.53,0.90,7.84,148.5,grandpas_village,0.71,clear,19.126,6.451,0.00,8.55,world
421.02,2026-08-30 22:45:46,5.84,0.90,5.71,148.5,grandpas_village,0.73,clear,18.495,6.584,0.00,7.89,world
421.52,2026-08-30 22:45:46,7.14,0.90,3.57,148.5,grandpas_village,0.75,clear,18.495,6.584,0.00,7.98,world
422.02,2026-08-30 22:45:47,8.45,0.90,1.44,148.5,grandpas_village,0.77,clear,20.480,7.411,0.00,8.82,world
422.52,2026-08-30 22:45:47,9.75,0.90,-0.69,148.5,grandpas_village,0.79,clear,20.480,7.411,0.00,10.22,world
423.02,2026-08-30 22:45:48,11.06,0.90,-2.82,148.5,grandpas_village,0.81,clear,20.443,7.390,0.00,11.98,world
423.52,2026-08-30 22:45:48,12.37,0.90,-4.95,148.5,grandpas_village,0.83,clear,20.443,7.390,0.00,13.43,world
424.02,2026-08-30 22:45:49,13.31,0.90,-6.50,149.0,grandpas_village,0.85,clear,18.741,6.543,0.00,11.62,world
424.52,2026-08-30 22:45:49,14.93,0.90,-6.08,132.0,grandpas_village,0.87,clear,18.741,6.543,0.00,11.15,world
425.02,2026-08-30 22:45:50,16.11,0.90,-8.24,152.6,grandpas_village,0.89,clear,19.568,7.885,0.00,8.68,world
425.52,2026-08-30 22:45:50,17.25,0.90,-10.47,153.3,grandpas_village,0.91,clear,19.568,7.885,0.00,6.18,world
426.02,2026-08-30 22:45:51,18.36,0.90,-12.71,154.0,grandpas_village,0.93,clear,20.477,7.876,0.00,3.68,world
426.52,2026-08-30 22:45:51,18.05,0.90,-14.44,153.0,grandpas_village,0.95,clear,20.477,7.876,0.00,2.50,world
427.02,2026-08-30 22:45:52,18.21,0.90,-16.30,152.5,grandpas_village,0.97,clear,19.736,7.895,0.00,1.81,world
427.52,2026-08-30 22:45:52,19.35,0.90,-18.53,153.1,grandpas_village,0.99,clear,19.736,7.895,0.00,2.61,world
428.02,2026-08-30 22:45:53,20.48,0.90,-20.76,153.1,grandpas_village,1.01,clear,20.715,7.167,0.00,4.78,world
428.52,2026-08-30 22:45:53,21.62,0.90,-22.99,153.1,grandpas_village,1.03,clear,20.715,7.167,0.00,2.59,world
429.02,2026-08-30 22:45:54,22.76,0.84,-25.24,153.1,grandpas_village,1.05,clear,19.833,7.244,0.00,1.75,world
429.52,2026-08-30 22:45:54,23.91,0.66,-27.52,153.1,grandpas_village,1.07,clear,19.833,7.244,0.00,3.52,world
430.02,2026-08-30 22:45:55,25.02,0.45,-29.79,151.8,grandpas_village,1.09,clear,19.302,8.025,0.00,5.18,world
430.52,2026-08-30 22:45:55,26.28,0.28,-32.02,149.3,grandpas_village,1.11,clear,19.302,8.025,0.00,4.72,world
431.02,2026-08-30 22:45:56,27.63,0.18,-34.16,146.7,grandpas_village,1.13,clear,20.214,8.053,0.00,5.63,world
431.52,2026-08-30 22:45:56,29.08,0.10,-36.24,143.9,grandpas_village,1.15,clear,20.214,8.053,0.00,7.43,world
432.02,2026-08-30 22:45:57,30.63,-0.07,-38.27,142.6,grandpas_village,1.17,clear,20.944,8.276,0.00,7.37,world
432.52,2026-08-30 22:45:57,32.20,-0.32,-40.31,142.6,grandpas_village,1.19,clear,20.944,8.276,0.00,5.97,world
433.02,2026-08-30 22:45:58,33.78,-0.60,-42.36,142.7,grandpas_village,1.21,clear,19.476,8.009,0.00,3.65,world
433.52,2026-08-30 22:45:58,34.96,-0.79,-43.90,142.8,grandpas_village,1.23,clear,19.476,8.009,0.00,2.12,world
434.02,2026-08-30 22:45:59,34.96,-0.79,-43.90,142.8,grandpas_village,1.25,clear,19.958,6.768,0.00,2.12,world
434.52,2026-08-30 22:45:59,34.96,-0.79,-43.90,142.8,grandpas_village,1.27,clear,19.958,6.768,0.00,2.12,world
435.02,2026-08-30 22:46:00,34.96,-0.79,-43.90,142.8,grandpas_village,1.29,clear,19.069,7.187,0.00,2.12,world
435.52,2026-08-30 22:46:00,34.96,-0.79,-43.90,142.8,grandpas_village,1.31,clear,19.069,7.187,0.00,2.12,world
436.02,2026-08-30 22:46:01,34.96,-0.79,-43.90,142.8,grandpas_village,1.33,clear,19.767,7.316,0.00,2.12,world
437.10,2026-08-30 22:46:02,34.96,-0.79,-43.90,142.8,grandpas_village,1.37,clear,19.753,7.389,0.00,2.12,world
437.83,2026-08-30 22:46:02,34.96,-0.79,-43.90,142.8,grandpas_village,1.40,clear,19.253,8.528,0.00,2.12,world
438.55,2026-08-30 22:46:03,34.96,-0.79,-43.90,142.8,grandpas_village,1.43,clear,19.253,8.528,0.00,2.12,world
439.25,2026-08-30 22:46:04,34.96,-0.79,-43.90,142.8,grandpas_village,1.46,clear,18.463,9.138,0.00,2.12,world
439.90,2026-08-30 22:46:04,34.96,-0.79,-43.90,142.8,grandpas_village,1.49,clear,17.310,8.573,0.00,2.12,world
440.65,2026-08-30 22:46:05,34.96,-0.79,-43.90,142.8,grandpas_village,1.52,clear,17.310,8.573,0.00,2.12,world
441.33,2026-08-30 22:46:06,34.96,-0.79,-43.90,142.8,grandpas_village,1.54,clear,18.274,8.980,0.00,2.12,world
442.03,2026-08-30 22:46:07,34.96,-0.79,-43.90,142.8,grandpas_village,1.57,clear,18.225,8.095,0.00,2.12,world
442.77,2026-08-30 22:46:07,34.96,-0.79,-43.90,142.8,grandpas_village,1.60,clear,19.877,10.217,0.00,2.12,world
443.47,2026-08-30 22:46:08,34.96,-0.79,-43.90,142.8,grandpas_village,1.63,clear,19.877,10.217,0.00,2.12,world
444.20,2026-08-30 22:46:09,34.96,-0.79,-43.90,142.8,grandpas_village,1.66,clear,18.829,8.509,0.00,2.12,world
444.88,2026-08-30 22:46:09,34.96,-0.79,-43.90,142.8,grandpas_village,1.68,clear,17.270,8.356,0.00,2.12,world
445.60,2026-08-30 22:46:10,34.96,-0.79,-43.90,142.8,grandpas_village,1.71,clear,17.270,8.356,0.00,2.12,world
446.33,2026-08-30 22:46:11,34.96,-0.79,-43.90,142.8,grandpas_village,1.74,clear,18.337,8.524,0.00,2.12,world
447.03,2026-08-30 22:46:12,34.96,-0.79,-43.90,142.8,grandpas_village,1.77,clear,18.816,8.198,0.00,2.12,world
447.75,2026-08-30 22:46:12,34.96,-0.79,-43.90,142.8,grandpas_village,1.80,clear,18.816,8.198,0.00,2.12,world
448.43,2026-08-30 22:46:13,34.96,-0.79,-43.90,142.8,grandpas_village,1.83,clear,19.388,8.117,0.00,2.12,world
449.10,2026-08-30 22:46:14,34.96,-0.79,-43.90,142.8,grandpas_village,1.85,clear,18.932,7.802,0.00,2.12,world
449.75,2026-08-30 22:46:14,34.96,-0.79,-43.90,142.8,grandpas_village,1.88,clear,18.643,7.602,0.00,2.12,world
450.47,2026-08-30 22:46:15,34.96,-0.79,-43.90,142.8,grandpas_village,1.91,clear,18.643,7.602,0.00,2.12,world
450.97,2026-08-30 22:46:16,34.96,-0.79,-43.90,142.8,grandpas_village,1.93,clear,21.666,12.350,0.00,2.12,world
451.47,2026-08-30 22:46:16,34.96,-0.79,-43.90,142.8,grandpas_village,1.95,clear,21.666,12.350,0.00,2.12,world
451.97,2026-08-30 22:46:17,34.96,-0.79,-43.90,142.8,grandpas_village,1.97,clear,24.674,11.207,0.00,2.12,world
452.47,2026-08-30 22:46:17,34.96,-0.79,-43.90,142.8,grandpas_village,1.99,clear,24.674,11.207,0.00,2.12,world
452.97,2026-08-30 22:46:18,34.96,-0.79,-43.90,142.8,grandpas_village,2.01,clear,18.287,7.184,0.00,2.12,world
453.47,2026-08-30 22:46:18,34.96,-0.79,-43.90,142.8,grandpas_village,2.03,clear,18.287,7.184,0.00,2.12,world
453.97,2026-08-30 22:46:19,34.96,-0.79,-43.90,142.8,grandpas_village,2.05,clear,24.502,8.456,0.00,2.12,world
454.47,2026-08-30 22:46:19,34.96,-0.79,-43.90,142.8,grandpas_village,2.07,clear,24.502,8.456,0.00,2.12,world
454.97,2026-08-30 22:46:20,34.96,-0.79,-43.90,142.8,grandpas_village,2.09,clear,18.809,6.711,0.00,2.12,world
455.47,2026-08-30 22:46:20,34.96,-0.79,-43.90,142.8,grandpas_village,2.11,clear,18.809,6.711,0.00,2.12,world
455.97,2026-08-30 22:46:21,34.96,-0.79,-43.90,142.8,grandpas_village,2.13,clear,18.557,7.249,0.00,2.12,world
456.47,2026-08-30 22:46:21,34.96,-0.79,-43.90,142.8,grandpas_village,2.15,clear,18.557,7.249,0.00,2.12,world
456.97,2026-08-30 22:46:22,34.98,-0.80,-43.93,142.9,grandpas_village,2.17,clear,20.431,7.093,0.00,2.08,world
457.47,2026-08-30 22:46:22,35.56,-0.86,-44.69,143.0,grandpas_village,2.19,clear,21.669,464.475,0.00,1.13,world
457.97,2026-08-30 22:46:23,35.56,-0.86,-44.69,143.0,grandpas_village,2.21,clear,21.669,464.475,0.00,1.13,world
458.47,2026-08-30 22:46:23,35.56,-0.86,-44.69,143.0,grandpas_village,2.23,clear,18.083,6.841,0.00,1.13,world
458.97,2026-08-30 22:46:24,35.56,-0.86,-44.69,143.0,grandpas_village,2.25,clear,18.083,6.841,0.00,1.13,world
459.47,2026-08-30 22:46:24,35.56,-0.86,-44.69,143.0,grandpas_village,2.27,clear,18.776,7.071,0.00,1.13,world
459.97,2026-08-30 22:46:25,35.56,-0.86,-44.69,143.0,grandpas_village,2.29,clear,18.776,7.071,0.00,1.13,world
460.88,2026-08-30 22:46:26,35.56,-0.86,-44.69,143.0,grandpas_village,2.33,clear,20.159,8.812,0.00,1.13,world
461.58,2026-08-30 22:46:26,35.56,-0.86,-44.69,143.0,grandpas_village,2.35,clear,20.510,7.948,0.00,1.13,world
462.32,2026-08-30 22:46:27,35.56,-0.86,-44.69,143.0,grandpas_village,2.38,clear,20.510,7.948,0.00,1.13,world
463.02,2026-08-30 22:46:28,35.56,-0.86,-44.69,143.0,grandpas_village,2.41,clear,18.894,9.929,0.00,1.13,world
463.80,2026-08-30 22:46:29,35.56,-0.86,-44.69,143.0,grandpas_village,2.44,clear,25.001,7.341,0.00,1.13,world
464.48,2026-08-30 22:46:29,35.56,-0.86,-44.69,143.0,grandpas_village,2.47,clear,19.295,7.848,0.00,1.13,world
465.22,2026-08-30 22:46:30,35.56,-0.86,-44.69,143.0,grandpas_village,2.50,clear,19.295,7.848,0.00,1.13,world
465.92,2026-08-30 22:46:31,35.56,-0.86,-44.69,143.0,grandpas_village,2.53,clear,17.754,8.952,0.00,1.13,world
466.60,2026-08-30 22:46:32,35.56,-0.86,-44.69,143.0,grandpas_village,2.55,clear,18.543,7.440,0.00,1.13,world
467.33,2026-08-30 22:46:32,35.56,-0.86,-44.69,143.0,grandpas_village,2.58,clear,18.543,7.440,0.00,1.13,world
468.05,2026-08-30 22:46:33,35.56,-0.86,-44.69,143.0,grandpas_village,2.61,clear,20.213,8.598,0.00,1.13,world
468.70,2026-08-30 22:46:34,35.56,-0.86,-44.69,143.0,grandpas_village,2.64,clear,18.086,7.461,0.00,1.13,world
469.38,2026-08-30 22:46:34,35.56,-0.86,-44.69,143.0,grandpas_village,2.66,clear,18.086,7.461,0.00,1.13,world
470.12,2026-08-30 22:46:35,35.56,-0.86,-44.69,143.0,grandpas_village,2.69,clear,17.802,8.180,0.00,1.13,world
470.82,2026-08-30 22:46:36,35.56,-0.86,-44.69,143.0,grandpas_village,2.72,clear,18.261,8.605,0.00,1.13,world
471.57,2026-08-30 22:46:36,35.56,-0.86,-44.69,143.0,grandpas_village,2.75,clear,20.047,8.466,0.00,1.13,world
472.32,2026-08-30 22:46:37,35.56,-0.86,-44.69,143.0,grandpas_village,2.78,clear,20.047,8.466,0.00,1.13,world
473.05,2026-08-30 22:46:38,35.56,-0.86,-44.69,143.0,grandpas_village,2.81,clear,19.981,8.076,0.00,1.13,world
473.78,2026-08-30 22:46:39,35.56,-0.86,-44.69,143.0,grandpas_village,2.84,clear,20.216,9.616,0.00,1.13,world
474.47,2026-08-30 22:46:39,35.56,-0.86,-44.69,143.0,grandpas_village,2.87,clear,18.040,7.769,0.00,1.13,world
474.97,2026-08-30 22:46:40,35.56,-0.86,-44.69,143.0,grandpas_village,2.89,clear,18.040,7.769,0.00,1.13,world
475.47,2026-08-30 22:46:40,35.56,-0.86,-44.69,143.0,grandpas_village,2.91,clear,19.032,7.590,0.00,1.13,world
475.97,2026-08-30 22:46:41,35.56,-0.86,-44.69,143.0,grandpas_village,2.93,clear,19.032,7.590,0.00,1.13,world
476.47,2026-08-30 22:46:41,35.56,-0.86,-44.69,143.0,grandpas_village,2.95,clear,20.494,7.506,0.00,1.13,world
476.97,2026-08-30 22:46:42,35.56,-0.86,-44.69,143.0,grandpas_village,2.97,clear,20.494,7.506,0.00,1.13,world
477.47,2026-08-30 22:46:42,35.56,-0.86,-44.69,143.0,grandpas_village,2.99,clear,18.858,6.581,0.00,1.13,world
477.97,2026-08-30 22:46:43,35.56,-0.86,-44.69,143.0,grandpas_village,3.01,clear,18.858,6.581,0.00,1.13,world
478.47,2026-08-30 22:46:43,35.56,-0.86,-44.69,143.0,grandpas_village,3.03,clear,20.041,7.092,0.00,1.13,world
478.97,2026-08-30 22:46:44,35.56,-0.86,-44.69,143.0,grandpas_village,3.05,clear,20.041,7.092,0.00,1.13,world
479.47,2026-08-30 22:46:44,35.56,-0.86,-44.69,143.0,grandpas_village,3.07,clear,19.414,9.197,0.00,1.13,world
479.97,2026-08-30 22:46:45,35.56,-0.86,-44.69,143.0,grandpas_village,3.09,clear,19.414,9.197,0.00,1.13,world
480.47,2026-08-30 22:46:45,35.56,-0.86,-44.69,143.0,grandpas_village,3.11,clear,18.759,7.381,0.00,1.13,world
480.97,2026-08-30 22:46:46,35.81,-0.90,-44.80,115.1,grandpas_village,3.12,clear,18.759,7.381,0.00,0.90,world
481.47,2026-08-30 22:46:47,38.05,-1.22,-45.71,117.6,grandpas_village,3.15,clear,20.993,450.041,0.00,1.82,world
481.97,2026-08-30 22:46:47,39.52,-1.30,-46.48,117.7,grandpas_village,3.17,clear,20.993,450.041,0.00,1.16,world
482.47,2026-08-30 22:46:48,39.52,-1.30,-46.48,117.7,grandpas_village,3.19,clear,20.120,7.354,0.00,1.16,world
482.97,2026-08-30 22:46:48,39.52,-1.30,-46.48,117.7,grandpas_village,3.21,clear,20.120,7.354,0.00,1.16,world
483.47,2026-08-30 22:46:49,39.52,-1.30,-46.48,117.7,grandpas_village,3.23,clear,25.919,9.918,0.00,1.16,world
483.97,2026-08-30 22:46:49,39.52,-1.30,-46.48,117.7,grandpas_village,3.25,clear,25.919,9.918,0.00,1.16,world
484.47,2026-08-30 22:46:50,39.52,-1.30,-46.48,117.7,grandpas_village,3.27,clear,21.593,7.286,0.00,1.16,world
485.50,2026-08-30 22:46:51,39.52,-1.30,-46.48,117.7,grandpas_village,3.31,clear,20.084,6.901,0.00,1.16,world
486.20,2026-08-30 22:46:51,39.52,-1.30,-46.48,117.7,grandpas_village,3.34,clear,17.976,7.890,0.00,1.16,world
486.93,2026-08-30 22:46:52,39.52,-1.30,-46.48,117.7,grandpas_village,3.37,clear,17.976,7.890,0.00,1.16,world
487.63,2026-08-30 22:46:53,39.52,-1.30,-46.48,117.7,grandpas_village,3.39,clear,19.049,8.355,0.00,1.16,world
488.30,2026-08-30 22:46:54,39.52,-1.30,-46.48,117.7,grandpas_village,3.42,clear,17.748,8.591,0.00,1.16,world
488.98,2026-08-30 22:46:54,39.52,-1.30,-46.48,117.7,grandpas_village,3.45,clear,17.748,8.591,0.00,1.16,world
489.75,2026-08-30 22:46:55,39.52,-1.30,-46.48,117.7,grandpas_village,3.48,clear,18.673,8.641,0.00,1.16,world
490.47,2026-08-30 22:46:56,39.52,-1.30,-46.48,117.7,grandpas_village,3.51,clear,19.056,7.877,0.00,1.16,world
491.18,2026-08-30 22:46:56,39.52,-1.30,-46.48,117.7,grandpas_village,3.54,clear,18.511,8.187,0.00,1.16,world
491.92,2026-08-30 22:46:57,39.52,-1.30,-46.48,117.7,grandpas_village,3.57,clear,18.511,8.187,0.00,1.16,world
492.60,2026-08-30 22:46:58,39.52,-1.30,-46.48,117.7,grandpas_village,3.59,clear,18.318,8.602,0.00,1.16,world
493.27,2026-08-30 22:46:59,39.52,-1.30,-46.48,117.7,grandpas_village,3.62,clear,17.120,7.984,0.00,1.16,world
493.97,2026-08-30 22:46:59,39.52,-1.30,-46.48,117.7,grandpas_village,3.65,clear,17.120,7.984,0.00,1.16,world
494.68,2026-08-30 22:47:00,39.52,-1.30,-46.48,117.7,grandpas_village,3.68,clear,17.848,8.183,0.00,1.16,world
495.43,2026-08-30 22:47:01,39.52,-1.30,-46.48,117.7,grandpas_village,3.71,clear,19.887,8.030,0.00,1.16,world
496.13,2026-08-30 22:47:01,39.52,-1.30,-46.48,117.7,grandpas_village,3.74,clear,18.275,8.344,0.00,1.16,world
496.87,2026-08-30 22:47:02,39.52,-1.30,-46.48,117.7,grandpas_village,3.76,clear,18.275,8.344,0.00,1.16,world
497.60,2026-08-30 22:47:03,39.52,-1.30,-46.48,117.7,grandpas_village,3.79,clear,19.279,8.132,0.00,1.16,world
498.27,2026-08-30 22:47:04,39.52,-1.30,-46.48,117.7,grandpas_village,3.82,clear,18.188,8.364,0.00,1.16,world
498.95,2026-08-30 22:47:04,39.52,-1.30,-46.48,117.7,grandpas_village,3.85,clear,18.188,8.364,0.00,1.16,world
499.45,2026-08-30 22:47:05,39.52,-1.30,-46.48,117.7,grandpas_village,3.87,clear,18.638,7.994,0.00,1.16,world
499.95,2026-08-30 22:47:05,39.52,-1.30,-46.48,117.7,grandpas_village,3.89,clear,18.638,7.994,0.00,1.16,world
500.45,2026-08-30 22:47:06,39.52,-1.30,-46.48,117.7,grandpas_village,3.91,clear,18.515,7.923,0.00,1.16,world
500.95,2026-08-30 22:47:06,39.52,-1.30,-46.48,117.7,grandpas_village,3.93,clear,18.515,7.923,0.00,1.16,world
501.45,2026-08-30 22:47:07,39.52,-1.30,-46.48,117.7,grandpas_village,3.95,clear,19.025,7.660,0.00,1.16,world
501.95,2026-08-30 22:47:07,39.52,-1.30,-46.48,117.7,grandpas_village,3.97,clear,19.025,7.660,0.00,1.16,world
502.45,2026-08-30 22:47:08,39.52,-1.30,-46.48,117.7,grandpas_village,3.99,clear,19.986,7.108,0.00,1.16,world
502.95,2026-08-30 22:47:08,39.52,-1.30,-46.48,117.7,grandpas_village,4.01,clear,19.986,7.108,0.00,1.16,world
503.45,2026-08-30 22:47:09,39.52,-1.30,-46.48,117.7,grandpas_village,4.03,clear,22.140,7.857,0.00,1.16,world
503.95,2026-08-30 22:47:09,39.52,-1.30,-46.48,117.7,grandpas_village,4.05,clear,22.140,7.857,0.00,1.16,world
504.45,2026-08-30 22:47:10,39.52,-1.30,-46.48,117.7,grandpas_village,4.07,clear,18.165,6.742,0.00,1.16,world
504.95,2026-08-30 22:47:10,39.52,-1.30,-46.48,117.7,grandpas_village,4.09,clear,18.165,6.742,0.00,1.16,world
505.62,2026-08-30 22:47:11,39.52,-1.30,-46.48,117.7,grandpas_village,4.11,clear,19.236,6.788,0.00,1.16,world
506.12,2026-08-30 22:47:11,39.52,-1.30,-46.48,117.7,grandpas_village,4.13,clear,31.758,7.252,0.00,1.16,world
506.63,2026-08-30 22:47:12,39.52,-1.30,-46.48,117.7,grandpas_village,4.15,clear,31.758,7.252,0.00,1.16,menu_backpack
507.20,2026-08-30 22:47:13,39.52,-1.30,-46.48,117.7,grandpas_village,4.16,clear,148.191,7.276,0.00,1.16,world
507.75,2026-08-30 22:47:13,39.52,-1.30,-46.48,117.7,grandpas_village,4.18,clear,148.191,7.276,0.00,1.16,world
508.25,2026-08-30 22:47:14,38.54,-1.35,-44.43,-25.6,grandpas_village,4.20,clear,90.823,9.454,0.00,2.59,world
508.75,2026-08-30 22:47:14,37.47,-1.33,-42.18,-25.6,grandpas_village,4.22,clear,90.823,9.454,0.00,3.63,world
509.25,2026-08-30 22:47:15,36.42,-1.23,-39.95,-25.6,grandpas_village,4.24,clear,20.959,7.850,0.00,4.25,world
509.75,2026-08-30 22:47:15,35.37,-1.09,-37.74,-25.6,grandpas_village,4.26,clear,20.959,7.850,0.00,3.15,world
510.25,2026-08-30 22:47:16,34.31,-1.01,-35.50,-25.6,grandpas_village,4.28,clear,21.034,7.605,0.00,3.72,world
510.75,2026-08-30 22:47:16,33.24,-1.01,-33.24,-25.6,grandpas_village,4.30,clear,21.034,7.605,0.00,5.51,world
511.25,2026-08-30 22:47:17,32.18,-0.92,-31.00,-25.6,grandpas_village,4.32,clear,21.268,7.271,0.00,7.67,world
511.75,2026-08-30 22:47:17,31.16,-0.67,-28.85,-25.6,grandpas_village,4.34,clear,21.268,7.271,0.00,8.65,world
512.25,2026-08-30 22:47:18,30.18,-0.28,-26.79,-25.6,grandpas_village,4.36,clear,20.397,6.758,0.00,6.78,world
512.75,2026-08-30 22:47:18,29.20,0.10,-24.73,-25.7,grandpas_village,4.38,clear,20.397,6.758,0.00,5.26,world
513.25,2026-08-30 22:47:19,28.22,0.48,-22.67,-25.7,grandpas_village,4.40,clear,23.493,7.062,0.00,4.43,world
513.75,2026-08-30 22:47:19,27.21,0.76,-20.55,-25.7,grandpas_village,4.42,clear,23.493,7.062,0.00,4.71,world
514.25,2026-08-30 22:47:20,26.58,0.87,-18.32,-26.4,grandpas_village,4.44,clear,21.016,8.608,0.00,6.24,world
514.75,2026-08-30 22:47:20,25.48,0.90,-16.09,-26.4,grandpas_village,4.46,clear,21.016,8.608,0.00,5.48,world
515.25,2026-08-30 22:47:21,24.36,0.90,-13.85,-26.4,grandpas_village,4.48,clear,22.515,9.852,0.00,4.86,world
515.75,2026-08-30 22:47:21,23.87,0.90,-11.86,-27.5,grandpas_village,4.50,clear,22.515,9.852,0.00,5.67,world
516.25,2026-08-30 22:47:22,22.71,0.90,-9.64,-27.5,grandpas_village,4.52,clear,27.268,10.588,0.00,6.91,world
516.75,2026-08-30 22:47:22,21.56,0.90,-7.42,-27.5,grandpas_village,4.54,clear,27.268,10.588,0.00,8.46,world
517.25,2026-08-30 22:47:23,20.40,0.90,-5.20,-27.5,grandpas_village,4.56,clear,21.780,7.930,0.00,10.00,world
517.75,2026-08-30 22:47:23,19.98,0.90,-3.73,-28.6,grandpas_village,4.58,clear,21.780,7.930,0.00,10.89,world
518.25,2026-08-30 22:47:24,20.46,0.90,-3.26,-31.2,grandpas_village,4.60,clear,21.107,8.203,0.00,10.66,world
518.75,2026-08-30 22:47:24,20.86,0.90,-2.86,-33.4,grandpas_village,4.62,clear,21.107,8.203,0.00,10.49,world
519.25,2026-08-30 22:47:25,21.19,0.90,-2.52,-35.3,grandpas_village,4.64,clear,22.098,7.997,0.00,10.37,world
519.75,2026-08-30 22:47:25,22.73,0.90,-1.39,54.2,grandpas_village,4.66,clear,22.098,7.997,0.00,9.83,world
520.25,2026-08-30 22:47:26,24.35,0.89,0.10,-29.8,grandpas_village,4.68,clear,22.098,7.366,0.00,9.88,world
520.75,2026-08-30 22:47:26,22.43,0.90,1.64,-52.0,grandpas_village,4.70,clear,22.098,7.366,0.00,11.96,world
521.25,2026-08-30 22:47:27,20.46,0.90,3.18,-52.0,grandpas_village,4.72,clear,23.294,7.299,0.00,9.46,world
521.75,2026-08-30 22:47:27,18.49,0.90,4.72,-52.0,grandpas_village,4.74,clear,23.294,7.299,0.00,6.96,world
522.25,2026-08-30 22:47:28,16.52,0.89,6.26,-52.0,grandpas_village,4.76,clear,21.484,6.815,0.00,4.46,world
523.18,2026-08-30 22:47:28,8.70,0.90,4.69,26.8,grandpas_village,4.80,clear,21.934,6.860,0.00,6.09,combat
523.72,2026-08-30 22:47:29,8.70,0.90,4.70,26.8,grandpas_village,4.82,clear,21.934,6.860,0.00,6.09,combat
524.22,2026-08-30 22:47:29,8.70,0.90,4.70,26.8,grandpas_village,4.84,clear,21.548,12.215,0.00,6.09,combat
524.73,2026-08-30 22:47:30,8.70,0.90,4.70,26.8,grandpas_village,4.86,clear,21.548,12.215,0.00,6.09,combat
525.23,2026-08-30 22:47:30,8.70,0.90,4.70,26.8,grandpas_village,4.88,clear,18.452,8.477,0.00,6.09,combat
525.80,2026-08-30 22:47:31,8.70,0.90,4.70,26.8,grandpas_village,4.90,clear,18.452,8.477,0.00,6.09,combat
526.37,2026-08-30 22:47:32,8.70,0.90,4.70,26.8,grandpas_village,4.92,clear,21.642,9.977,0.00,6.09,combat
526.90,2026-08-30 22:47:32,8.70,0.90,4.70,26.8,grandpas_village,4.95,clear,21.642,9.977,0.00,6.09,combat
527.47,2026-08-30 22:47:33,8.70,0.90,4.70,26.8,grandpas_village,4.97,clear,20.132,9.100,0.00,6.09,combat
527.97,2026-08-30 22:47:33,8.70,0.90,4.70,26.8,grandpas_village,4.99,clear,20.132,9.100,0.00,6.09,combat
528.47,2026-08-30 22:47:34,8.70,0.90,4.70,26.8,grandpas_village,5.01,clear,19.631,7.986,0.00,6.09,combat
528.97,2026-08-30 22:47:34,8.70,0.90,4.70,26.8,grandpas_village,5.03,clear,19.631,7.986,0.00,6.09,combat
529.47,2026-08-30 22:47:35,8.70,0.90,4.70,26.8,grandpas_village,5.05,clear,19.735,6.620,0.00,6.09,combat
529.97,2026-08-30 22:47:35,8.70,0.90,4.70,26.8,grandpas_village,5.07,clear,19.735,6.620,0.00,6.09,combat
530.47,2026-08-30 22:47:36,8.70,0.90,4.70,26.8,grandpas_village,5.09,clear,18.094,5.467,0.00,6.09,combat
530.97,2026-08-30 22:47:36,8.70,0.90,4.70,26.8,grandpas_village,5.11,clear,18.094,5.467,0.00,6.09,combat
531.70,2026-08-30 22:47:37,8.70,0.90,4.70,26.8,grandpas_village,5.14,clear,19.679,5.682,0.00,6.09,combat
532.32,2026-08-30 22:47:38,8.70,0.90,4.70,26.8,grandpas_village,5.16,clear,25.059,6.993,0.00,6.09,combat
532.95,2026-08-30 22:47:38,8.70,0.90,4.70,26.8,grandpas_village,5.19,clear,25.059,6.993,0.00,6.09,combat
533.58,2026-08-30 22:47:39,8.70,0.90,4.70,26.8,grandpas_village,5.21,clear,18.232,7.027,0.00,6.09,combat
534.22,2026-08-30 22:47:39,8.70,0.90,4.70,26.8,grandpas_village,5.24,clear,19.067,7.866,0.00,6.09,combat
534.87,2026-08-30 22:47:40,8.70,0.90,4.70,26.8,grandpas_village,5.26,clear,19.067,7.866,0.00,6.09,combat
535.55,2026-08-30 22:47:41,8.70,0.90,4.70,26.8,grandpas_village,5.29,clear,19.267,7.733,0.00,6.09,combat
536.27,2026-08-30 22:47:42,8.70,0.90,4.70,26.8,grandpas_village,5.32,clear,21.026,7.393,0.00,6.09,combat
536.92,2026-08-30 22:47:42,8.70,0.90,4.70,26.8,grandpas_village,5.35,clear,21.026,7.393,0.00,6.09,combat
537.57,2026-08-30 22:47:43,8.70,0.90,4.70,26.8,grandpas_village,5.37,clear,19.651,7.303,0.00,6.09,combat
538.20,2026-08-30 22:47:43,8.70,0.90,4.70,26.8,grandpas_village,5.40,clear,21.233,10.223,0.00,6.09,combat
538.83,2026-08-30 22:47:44,8.70,0.90,4.70,26.8,grandpas_village,5.42,clear,21.233,10.223,0.00,6.09,combat
539.47,2026-08-30 22:47:45,8.70,0.90,4.70,26.8,grandpas_village,5.45,clear,16.974,6.579,0.00,5.76,locked
540.23,2026-08-30 22:47:46,8.70,0.90,4.70,26.8,grandpas_village,5.48,clear,19.690,379.934,0.00,5.76,locked
540.78,2026-08-30 22:47:46,8.70,0.90,4.70,26.8,grandpas_village,5.50,clear,19.690,379.934,0.00,5.76,locked
541.35,2026-08-30 22:47:47,8.70,0.90,4.70,26.8,grandpas_village,5.52,clear,24.215,6.213,0.00,6.09,combat
541.95,2026-08-30 22:47:47,8.70,0.90,4.70,26.8,grandpas_village,5.55,clear,16.753,7.776,0.00,6.09,combat
542.60,2026-08-30 22:47:48,8.70,0.90,4.70,26.8,grandpas_village,5.57,clear,16.753,7.776,0.00,6.09,combat
543.20,2026-08-30 22:47:49,8.70,0.90,4.70,26.8,grandpas_village,5.60,clear,36.971,7.009,0.00,6.09,combat
543.85,2026-08-30 22:47:49,8.70,0.90,4.70,26.8,grandpas_village,5.62,clear,36.971,7.009,0.00,6.09,combat
544.48,2026-08-30 22:47:50,8.70,0.90,4.70,26.8,grandpas_village,5.65,clear,18.793,7.766,0.00,6.09,combat
545.13,2026-08-30 22:47:50,8.70,0.90,4.70,26.8,grandpas_village,5.67,clear,17.069,6.731,0.00,6.09,combat
545.77,2026-08-30 22:47:51,8.70,0.90,4.70,26.8,grandpas_village,5.70,clear,17.069,6.731,0.00,6.09,combat
546.45,2026-08-30 22:47:52,8.70,0.90,4.70,26.8,grandpas_village,5.73,clear,20.107,7.547,0.00,6.09,combat
547.27,2026-08-30 22:47:53,8.70,0.90,4.70,26.8,grandpas_village,5.76,clear,19.421,7.728,0.00,6.09,combat
547.90,2026-08-30 22:47:53,8.70,0.90,4.70,26.8,grandpas_village,5.79,clear,19.421,7.728,0.00,6.09,combat
548.55,2026-08-30 22:47:54,8.70,0.90,4.70,26.8,grandpas_village,5.81,clear,19.259,7.566,0.00,6.09,combat
549.18,2026-08-30 22:47:54,8.70,0.90,4.70,26.8,grandpas_village,5.84,clear,18.068,6.677,0.00,6.09,combat
549.82,2026-08-30 22:47:55,8.70,0.90,4.70,26.8,grandpas_village,5.86,clear,18.068,6.677,0.00,6.09,combat
550.38,2026-08-30 22:47:56,8.70,0.90,4.70,26.8,grandpas_village,5.88,clear,17.297,6.365,0.00,6.09,world
551.22,2026-08-30 22:47:57,8.70,0.90,4.70,26.8,grandpas_village,5.92,clear,21.199,389.608,0.00,6.09,world
551.87,2026-08-30 22:47:57,8.70,0.90,4.70,26.8,grandpas_village,5.94,clear,21.199,389.608,0.00,6.09,world
552.57,2026-08-30 22:47:58,8.70,0.90,4.70,26.8,grandpas_village,5.97,clear,23.802,8.863,0.00,6.09,world
553.20,2026-08-30 22:47:59,8.70,0.90,4.70,26.8,grandpas_village,6.00,clear,19.887,5.823,0.00,6.09,world
553.83,2026-08-30 22:47:59,8.70,0.90,4.70,26.8,grandpas_village,6.02,clear,19.887,5.823,0.00,6.09,world
554.48,2026-08-30 22:48:00,8.70,0.90,4.70,26.8,grandpas_village,6.05,clear,19.295,6.476,0.00,6.09,world
555.12,2026-08-30 22:48:01,8.70,0.90,4.70,26.8,grandpas_village,6.07,clear,18.922,6.384,0.00,6.09,world
555.77,2026-08-30 22:48:01,8.70,0.90,4.70,26.8,grandpas_village,6.10,clear,18.922,6.384,0.00,6.09,world
556.40,2026-08-30 22:48:02,8.70,0.90,4.70,26.8,grandpas_village,6.12,clear,18.812,6.506,0.00,6.09,world
557.03,2026-08-30 22:48:02,8.70,0.90,4.70,26.8,grandpas_village,6.15,clear,18.801,5.874,0.00,6.09,world
557.68,2026-08-30 22:48:03,8.70,0.90,4.70,26.8,grandpas_village,6.18,clear,18.801,5.874,0.00,6.09,world
558.32,2026-08-30 22:48:04,8.70,0.90,4.70,26.8,grandpas_village,6.20,clear,18.354,5.721,0.00,6.09,world
558.93,2026-08-30 22:48:04,8.70,0.90,4.70,26.8,grandpas_village,6.23,clear,18.354,5.721,0.00,6.09,world
559.50,2026-08-30 22:48:05,8.70,0.90,4.70,26.8,grandpas_village,6.25,clear,17.355,5.867,0.00,6.09,world
560.00,2026-08-30 22:48:05,8.70,0.90,4.70,26.8,grandpas_village,6.27,clear,17.355,5.867,0.00,6.09,world
560.50,2026-08-30 22:48:06,8.70,0.90,4.70,26.8,grandpas_village,6.29,clear,17.212,5.863,0.00,6.09,world
561.00,2026-08-30 22:48:06,8.70,0.90,4.70,26.8,grandpas_village,6.31,clear,18.852,4.976,0.00,6.09,world
561.50,2026-08-30 22:48:07,8.70,0.90,4.70,26.8,grandpas_village,6.33,clear,18.852,4.976,0.00,6.09,world
562.00,2026-08-30 22:48:07,8.70,0.90,4.70,26.8,grandpas_village,6.35,clear,19.013,5.216,0.00,6.09,world
562.50,2026-08-30 22:48:08,8.70,0.90,4.70,26.8,grandpas_village,6.37,clear,19.013,5.216,0.00,6.09,world
563.00,2026-08-30 22:48:09,8.70,0.90,4.70,26.8,grandpas_village,6.39,clear,18.592,5.510,0.00,6.09,world
563.50,2026-08-30 22:48:09,8.70,0.90,4.70,26.8,grandpas_village,6.41,clear,18.592,5.510,0.00,6.09,world
564.00,2026-08-30 22:48:09,8.70,0.90,4.70,26.8,grandpas_village,6.43,clear,17.489,5.227,0.00,6.09,world
564.50,2026-08-30 22:48:10,8.70,0.90,4.70,26.8,grandpas_village,6.45,clear,17.489,5.227,0.00,6.09,world
565.00,2026-08-30 22:48:11,8.70,0.90,4.70,26.8,grandpas_village,6.47,clear,19.196,5.383,0.00,6.09,world
565.50,2026-08-30 22:48:11,8.70,0.90,4.70,26.8,grandpas_village,6.49,clear,19.196,5.383,0.00,6.09,world
566.00,2026-08-30 22:48:12,8.70,0.90,4.70,26.8,grandpas_village,6.51,clear,18.878,5.603,0.00,6.09,world
566.50,2026-08-30 22:48:12,8.70,0.90,4.70,26.8,grandpas_village,6.53,clear,18.878,5.603,0.00,6.09,world
567.02,2026-08-30 22:48:13,8.70,0.90,4.70,26.8,grandpas_village,6.54,clear,146.598,5.243,0.00,6.09,menu_backpack
567.57,2026-08-30 22:48:13,8.70,0.90,4.70,26.8,grandpas_village,6.55,clear,146.598,5.243,0.00,6.09,world
568.07,2026-08-30 22:48:14,9.76,0.90,5.16,66.5,grandpas_village,6.57,clear,86.252,6.055,0.00,5.02,world
568.57,2026-08-30 22:48:14,11.05,0.90,3.59,156.1,grandpas_village,6.59,clear,86.252,6.055,0.00,5.75,world
569.07,2026-08-30 22:48:15,12.07,0.90,1.30,156.1,grandpas_village,6.61,clear,20.164,5.838,0.00,7.75,world
569.57,2026-08-30 22:48:15,13.08,0.90,-0.98,156.1,grandpas_village,6.63,clear,20.164,5.838,0.00,9.98,world
570.07,2026-08-30 22:48:16,13.97,0.90,-3.21,151.4,grandpas_village,6.65,clear,21.255,5.659,0.00,12.25,world
570.57,2026-08-30 22:48:16,14.14,0.90,-3.53,151.4,grandpas_village,6.67,clear,21.255,5.659,0.00,12.59,world
571.07,2026-08-30 22:48:17,14.14,0.90,-3.53,151.4,grandpas_village,6.69,clear,20.205,6.032,0.00,12.59,world
571.57,2026-08-30 22:48:17,14.14,0.90,-3.53,151.4,grandpas_village,6.71,clear,20.205,6.032,0.00,12.59,world
572.07,2026-08-30 22:48:18,16.03,0.90,-2.64,61.2,grandpas_village,6.73,clear,21.013,427.579,0.00,12.03,world
572.57,2026-08-30 22:48:18,17.08,0.90,-2.06,61.2,grandpas_village,6.75,clear,20.384,4.982,0.00,11.79,world
573.07,2026-08-30 22:48:19,17.08,0.90,-2.06,61.2,grandpas_village,6.77,clear,20.384,4.982,0.00,11.79,world
573.58,2026-08-30 22:48:20,17.08,0.90,-2.06,61.2,grandpas_village,6.79,clear,20.349,406.923,0.00,11.79,narrative_modal
574.08,2026-08-30 22:48:20,17.08,0.90,-2.06,61.2,grandpas_village,6.81,clear,20.349,406.923,0.00,11.79,panel:ShopPanel
574.58,2026-08-30 22:48:21,17.08,0.90,-2.06,61.2,grandpas_village,6.81,clear,95.560,5.838,0.00,11.79,panel:ShopPanel
575.08,2026-08-30 22:48:21,17.08,0.90,-2.06,61.2,grandpas_village,6.81,clear,95.560,5.838,0.00,11.79,panel:ShopPanel
575.58,2026-08-30 22:48:22,17.08,0.90,-2.06,61.2,grandpas_village,6.81,clear,0.150,3.374,0.00,11.79,panel:ShopPanel
576.08,2026-08-30 22:48:22,17.08,0.90,-2.06,61.2,grandpas_village,6.81,clear,0.150,3.374,0.00,11.79,panel:ShopPanel
576.58,2026-08-30 22:48:23,17.08,0.90,-2.06,61.2,grandpas_village,6.81,clear,0.124,4.258,0.00,11.79,panel:ShopPanel
577.10,2026-08-30 22:48:23,17.08,0.90,-2.06,61.2,grandpas_village,6.82,clear,0.124,4.258,0.00,11.79,menu_backpack
577.65,2026-08-30 22:48:24,17.08,0.90,-2.06,61.2,grandpas_village,6.82,clear,486.879,7.493,0.00,11.79,menu_backpack
578.15,2026-08-30 22:48:25,17.08,0.90,-2.06,61.2,grandpas_village,6.82,clear,508.082,3.258,0.00,11.79,menu_backpack
578.72,2026-08-30 22:48:26,17.08,0.90,-2.06,61.2,grandpas_village,6.82,clear,502.490,3.893,0.00,11.79,menu_backpack
579.23,2026-08-30 22:48:28,17.08,0.90,-2.06,61.2,grandpas_village,6.82,clear,340.125,4.863,0.00,11.79,menu_backpack
579.77,2026-08-30 22:48:29,17.08,0.90,-2.06,61.2,grandpas_village,6.82,clear,341.250,5.276,0.00,11.79,menu_backpack
580.27,2026-08-30 22:48:29,16.89,0.90,-2.21,124.2,grandpas_village,6.83,clear,341.250,5.276,0.00,11.87,world
580.77,2026-08-30 22:48:30,14.95,0.90,-3.74,-138.7,grandpas_village,6.85,clear,343.515,5.697,0.00,12.89,world
581.27,2026-08-30 22:48:30,15.15,0.90,-4.33,168.7,grandpas_village,6.87,clear,343.515,5.697,0.00,12.63,world
581.77,2026-08-30 22:48:31,15.99,0.90,-5.84,91.6,grandpas_village,6.89,clear,20.111,5.461,0.00,10.92,world
582.27,2026-08-30 22:48:31,18.11,0.90,-6.20,87.0,grandpas_village,6.91,clear,20.111,5.461,0.00,9.98,world
583.02,2026-08-30 22:48:32,18.81,0.90,-6.16,87.0,grandpas_village,6.94,clear,20.094,6.643,0.00,9.91,narrative_modal
583.52,2026-08-30 22:48:32,18.81,0.90,-6.16,87.0,grandpas_village,6.96,clear,17.153,7.388,0.00,9.91,panel:SwapPanel
584.02,2026-08-30 22:48:33,18.81,0.90,-6.16,87.0,grandpas_village,6.96,clear,17.153,7.388,0.00,9.91,panel:SwapPanel
584.52,2026-08-30 22:48:33,18.81,0.90,-6.16,87.0,grandpas_village,6.96,clear,86.577,5.247,0.00,9.91,panel:SwapPanel
585.15,2026-08-30 22:48:34,18.81,0.90,-6.16,87.0,grandpas_village,6.97,clear,86.577,5.247,0.00,9.91,world
585.65,2026-08-30 22:48:35,18.53,0.90,-8.39,-172.7,grandpas_village,6.99,clear,81.296,7.238,0.00,7.75,world
586.15,2026-08-30 22:48:35,18.21,0.90,-10.87,-172.7,grandpas_village,7.01,clear,81.296,7.238,0.00,5.44,world
586.65,2026-08-30 22:48:36,17.89,0.90,-13.35,-172.7,grandpas_village,7.03,clear,25.388,13.275,0.00,3.39,world
587.15,2026-08-30 22:48:36,17.57,0.90,-15.83,-172.7,grandpas_village,7.05,clear,25.388,13.275,0.00,2.44,world
587.65,2026-08-30 22:48:37,17.62,0.90,-17.93,-170.8,grandpas_village,7.07,clear,19.403,6.424,0.00,3.06,world
588.15,2026-08-30 22:48:37,17.23,0.90,-20.39,-170.8,grandpas_village,7.09,clear,19.403,6.424,0.00,5.20,world
588.65,2026-08-30 22:48:38,16.83,0.90,-22.86,-170.8,grandpas_village,7.11,clear,21.913,7.122,0.00,4.90,world
589.15,2026-08-30 22:48:38,16.43,0.90,-25.33,-170.8,grandpas_village,7.13,clear,21.913,7.122,0.00,2.70,world
591.35,2026-08-30 22:48:40,16.29,0.90,-26.19,-170.8,grandpas_village,7.22,clear,19.586,3.624,0.00,1.83,world
593.28,2026-08-30 22:48:42,16.29,0.90,-26.19,-170.8,grandpas_village,7.30,clear,19.655,3.368,0.00,1.83,world
593.78,2026-08-30 22:48:43,15.34,0.90,-25.26,-45.7,grandpas_village,7.32,clear,19.988,6.140,0.00,2.81,world
594.28,2026-08-30 22:48:43,13.55,0.90,-23.52,-45.7,grandpas_village,7.34,clear,20.111,6.159,0.00,2.17,world
596.17,2026-08-30 22:48:45,13.35,0.90,-23.32,-45.7,grandpas_village,7.41,clear,18.505,5.559,0.00,1.88,world
597.98,2026-08-30 22:48:47,13.35,0.90,-23.32,-45.7,grandpas_village,7.49,clear,18.954,3.208,0.00,1.88,world
598.48,2026-08-30 22:48:48,14.69,0.90,-21.84,42.3,grandpas_village,7.51,clear,19.568,7.329,0.00,2.70,world
598.98,2026-08-30 22:48:48,13.89,0.90,-20.69,-24.5,grandpas_village,7.53,clear,19.568,7.329,0.00,2.30,world
599.48,2026-08-30 22:48:49,13.83,0.90,-20.61,140.3,grandpas_village,7.55,clear,19.993,6.353,0.00,2.30,world
599.98,2026-08-30 22:48:49,15.21,0.90,-22.69,146.3,grandpas_village,7.57,clear,19.993,6.353,0.00,3.29,world
600.48,2026-08-30 22:48:50,16.54,0.90,-22.44,28.3,grandpas_village,7.59,clear,19.369,6.111,0.00,4.56,world
600.98,2026-08-30 22:48:50,17.72,0.90,-20.24,28.3,grandpas_village,7.61,clear,19.369,6.111,0.00,4.81,world
601.48,2026-08-30 22:48:51,18.90,0.90,-18.04,28.3,grandpas_village,7.63,clear,20.444,6.144,0.00,2.31,world
603.55,2026-08-30 22:48:53,19.12,0.90,-17.64,28.3,grandpas_village,7.71,clear,21.206,4.219,0.00,1.86,narrative_modal
605.38,2026-08-30 22:48:55,19.12,0.90,-17.64,28.3,grandpas_village,7.78,clear,17.247,3.909,0.00,1.86,narrative_modal
605.88,2026-08-30 22:48:55,19.12,0.90,-17.64,28.3,grandpas_village,7.80,clear,17.247,3.909,0.00,1.86,narrative_modal
606.38,2026-08-30 22:48:56,19.12,0.90,-17.64,28.3,grandpas_village,7.82,clear,18.486,6.914,0.00,1.86,narrative_modal
606.88,2026-08-30 22:48:56,19.12,0.90,-17.64,28.3,grandpas_village,7.84,clear,18.486,6.914,0.00,1.86,narrative_modal
607.38,2026-08-30 22:48:57,19.36,0.90,-19.03,170.0,grandpas_village,7.86,clear,19.788,5.920,0.00,3.09,world
607.88,2026-08-30 22:48:57,19.80,0.90,-21.49,170.0,grandpas_village,7.88,clear,19.788,5.920,0.00,4.90,world
608.38,2026-08-30 22:48:58,20.23,0.90,-23.95,170.0,grandpas_village,7.90,clear,19.372,6.624,0.00,3.77,world
608.88,2026-08-30 22:48:58,20.71,0.87,-26.39,170.0,grandpas_village,7.92,clear,19.372,6.624,0.00,4.07,world
609.38,2026-08-30 22:48:59,21.77,0.77,-28.34,177.6,grandpas_village,7.94,clear,21.077,6.647,0.00,4.88,world
609.88,2026-08-30 22:48:59,21.87,0.72,-30.86,177.7,grandpas_village,7.96,clear,21.077,6.647,0.00,3.15,world
612.02,2026-08-30 22:49:01,21.93,0.72,-32.14,177.7,grandpas_village,8.05,clear,17.707,4.567,0.00,1.86,world
613.87,2026-08-30 22:49:03,21.93,0.72,-32.14,177.7,grandpas_village,8.12,clear,17.670,3.049,0.00,1.86,world
614.37,2026-08-30 22:49:04,22.28,0.70,-30.76,14.3,grandpas_village,8.14,clear,18.062,6.131,0.00,3.25,world
614.87,2026-08-30 22:49:04,22.90,0.70,-28.34,14.2,grandpas_village,8.16,clear,18.062,6.131,0.00,4.48,world
615.37,2026-08-30 22:49:05,23.50,0.76,-25.97,14.2,grandpas_village,8.18,clear,19.584,7.224,0.00,2.04,world
617.28,2026-08-30 22:49:07,23.54,0.77,-25.83,14.2,grandpas_village,8.26,clear,19.399,3.196,0.00,1.89,world
619.25,2026-08-30 22:49:09,23.54,0.77,-25.83,14.2,grandpas_village,8.34,clear,19.375,3.215,0.00,1.89,world
619.75,2026-08-30 22:49:09,24.59,0.74,-25.00,51.7,grandpas_village,8.36,clear,19.375,3.215,0.00,1.16,world
620.25,2026-08-30 22:49:10,26.58,0.65,-23.44,51.7,grandpas_village,8.38,clear,18.541,7.520,0.00,2.64,world
620.75,2026-08-30 22:49:10,28.59,0.47,-21.86,51.7,grandpas_village,8.40,clear,18.541,7.520,0.00,5.07,world
621.25,2026-08-30 22:49:10,30.62,0.18,-20.26,51.6,grandpas_village,8.42,clear,19.532,6.156,0.00,3.39,world
621.75,2026-08-30 22:49:11,32.66,-0.23,-18.66,51.5,grandpas_village,8.44,clear,19.532,6.156,0.00,1.89,world
624.18,2026-08-30 22:49:13,34.55,-0.69,-17.17,51.3,grandpas_village,8.53,clear,19.692,3.918,0.00,1.86,world
626.08,2026-08-30 22:49:15,34.55,-0.69,-17.17,51.3,grandpas_village,8.61,clear,18.443,4.549,0.00,1.86,world
626.58,2026-08-30 22:49:16,34.12,-0.45,-16.28,-26.4,grandpas_village,8.63,clear,18.443,4.549,0.00,1.90,world
627.08,2026-08-30 22:49:16,33.12,-0.03,-14.26,-26.5,grandpas_village,8.65,clear,17.769,7.011,0.00,3.36,world
627.58,2026-08-30 22:49:17,32.11,0.35,-12.20,-26.6,grandpas_village,8.67,clear,17.769,7.011,0.00,4.70,world
628.08,2026-08-30 22:49:17,31.04,0.59,-10.07,-26.8,grandpas_village,8.69,clear,20.667,7.359,0.00,2.31,world
630.02,2026-08-30 22:49:19,30.85,0.62,-9.68,-26.8,grandpas_village,8.77,clear,19.702,6.322,0.00,1.88,world
631.90,2026-08-30 22:49:21,30.85,0.62,-9.68,-26.8,grandpas_village,8.84,clear,17.219,3.286,0.00,1.88,world
632.40,2026-08-30 22:49:22,31.85,0.43,-10.76,137.5,grandpas_village,8.86,clear,19.693,6.174,0.00,3.32,world
632.90,2026-08-30 22:49:22,33.61,-0.10,-12.67,137.5,grandpas_village,8.88,clear,19.693,6.174,0.00,4.10,world
633.40,2026-08-30 22:49:23,35.36,-0.78,-14.57,137.5,grandpas_village,8.90,clear,19.646,5.994,0.00,1.57,world
633.90,2026-08-30 22:49:23,37.10,-1.56,-16.45,137.6,grandpas_village,8.92,clear,19.646,5.994,0.00,1.19,world
634.40,2026-08-30 22:49:24,38.83,-2.42,-18.33,137.6,grandpas_village,8.94,clear,18.978,6.218,0.00,3.66,world
634.90,2026-08-30 22:49:24,40.55,-3.23,-20.21,137.7,grandpas_village,8.96,clear,18.978,6.218,0.00,5.12,world
635.40,2026-08-30 22:49:25,42.30,-3.89,-22.12,137.8,grandpas_village,8.98,clear,19.134,6.581,0.00,2.53,world
637.53,2026-08-30 22:49:27,42.75,-4.02,-22.62,137.8,grandpas_village,9.07,clear,21.861,4.661,0.00,1.87,world
639.60,2026-08-30 22:49:29,42.75,-4.02,-22.62,137.8,grandpas_village,9.15,clear,23.371,3.759,0.00,1.87,world
640.10,2026-08-30 22:49:29,43.84,-4.30,-23.49,128.6,grandpas_village,9.17,clear,18.693,6.497,0.00,0.54,world
640.60,2026-08-30 22:49:30,45.86,-4.62,-25.10,128.6,grandpas_village,9.19,clear,18.693,6.497,0.00,2.16,world
641.10,2026-08-30 22:49:30,47.82,-4.64,-26.66,128.6,grandpas_village,9.21,clear,21.013,6.616,0.00,4.66,world
641.60,2026-08-30 22:49:31,49.66,-4.37,-28.13,128.7,the_rise,9.23,clear,21.013,6.616,0.00,3.00,world
643.77,2026-08-30 22:49:33,50.50,-4.19,-28.80,128.7,the_rise,9.32,clear,20.434,5.131,0.00,1.92,world
645.62,2026-08-30 22:49:35,50.50,-4.19,-28.80,128.7,the_rise,9.39,clear,17.555,3.409,0.00,1.92,world
646.12,2026-08-30 22:49:36,48.56,-4.15,-29.91,-120.0,the_rise,9.41,clear,19.271,7.585,0.00,3.44,world
646.62,2026-08-30 22:49:36,47.75,-4.19,-29.82,-122.3,the_rise,9.43,clear,19.271,7.585,0.00,4.26,world
647.12,2026-08-30 22:49:37,47.37,-4.25,-29.44,-124.9,grandpas_village,9.45,clear,21.285,354.502,0.00,4.67,world
647.62,2026-08-30 22:49:37,46.67,-4.40,-28.56,-36.3,grandpas_village,9.47,clear,20.229,5.994,0.00,5.28,world
648.12,2026-08-30 22:49:38,45.17,-4.52,-26.52,-36.3,grandpas_village,9.49,clear,20.229,5.994,0.00,2.78,world
648.62,2026-08-30 22:49:38,44.38,-4.43,-26.45,-156.8,grandpas_village,9.51,clear,18.409,5.657,0.00,2.48,world
649.12,2026-08-30 22:49:39,46.34,-4.52,-27.75,123.7,grandpas_village,9.53,clear,18.409,5.657,0.00,4.42,world
649.62,2026-08-30 22:49:39,47.09,-4.32,-29.09,-127.2,grandpas_village,9.55,clear,18.418,6.169,0.00,4.99,world
650.12,2026-08-30 22:49:40,46.25,-4.44,-28.33,-45.0,grandpas_village,9.57,clear,18.418,6.169,0.00,4.88,world
650.62,2026-08-30 22:49:40,45.92,-4.49,-27.98,149.5,grandpas_village,9.59,clear,23.263,6.855,0.00,4.42,world
651.12,2026-08-30 22:49:41,47.66,-4.23,-29.59,133.1,grandpas_village,9.61,clear,23.263,6.855,0.00,4.36,world
651.62,2026-08-30 22:49:42,49.32,-3.84,-31.13,133.1,the_rise,9.63,clear,20.789,352.515,0.00,2.91,world
652.12,2026-08-30 22:49:42,49.30,-3.79,-31.36,-101.5,the_rise,9.65,clear,20.789,352.515,0.00,3.03,world
652.62,2026-08-30 22:49:43,48.33,-4.31,-29.02,-22.1,the_rise,9.67,clear,19.038,6.365,0.00,3.80,world
653.12,2026-08-30 22:49:43,47.08,-4.52,-27.92,-131.7,grandpas_village,9.69,clear,19.038,6.365,0.00,4.99,world
653.62,2026-08-30 22:49:44,46.33,-4.43,-28.41,-89.7,grandpas_village,9.71,clear,21.116,355.800,0.00,4.99,world
654.12,2026-08-30 22:49:44,44.60,-4.44,-26.66,-45.2,grandpas_village,9.73,clear,21.811,6.323,0.00,2.73,world
654.62,2026-08-30 22:49:45,42.92,-4.20,-24.98,-45.2,grandpas_village,9.75,clear,21.811,6.323,0.00,1.46,world
655.12,2026-08-30 22:49:45,41.58,-3.89,-24.14,-163.3,grandpas_village,9.77,clear,18.416,6.710,0.00,2.42,world
655.62,2026-08-30 22:49:46,43.16,-4.24,-24.83,108.4,grandpas_village,9.79,clear,18.416,6.710,0.00,1.18,world
656.12,2026-08-30 22:49:46,45.60,-4.60,-25.64,118.9,grandpas_village,9.81,clear,18.416,6.710,0.00,2.30,world
656.62,2026-08-30 22:49:47,44.97,-4.46,-27.05,-142.1,grandpas_village,9.83,clear,20.141,6.245,0.00,3.20,world
657.12,2026-08-30 22:49:47,46.12,-4.47,-28.14,132.1,grandpas_village,9.85,clear,20.141,6.245,0.00,4.65,world
657.62,2026-08-30 22:49:48,47.88,-4.21,-29.72,132.1,the_rise,9.87,clear,19.445,6.233,0.00,4.13,world
658.12,2026-08-30 22:49:49,49.56,-3.81,-31.24,132.1,the_rise,9.89,clear,21.639,346.001,0.00,2.73,world
658.62,2026-08-30 22:49:49,49.25,-3.81,-31.26,-80.4,the_rise,9.91,clear,21.639,346.001,0.00,3.03,world
659.12,2026-08-30 22:49:50,48.27,-4.34,-28.86,-22.1,the_rise,9.93,clear,19.608,5.990,0.00,3.90,world
659.62,2026-08-30 22:49:50,46.97,-4.50,-28.03,-131.6,grandpas_village,9.95,clear,19.608,5.990,0.00,5.00,world
660.12,2026-08-30 22:49:51,46.33,-4.42,-28.41,-89.6,grandpas_village,9.97,clear,20.505,356.441,0.00,4.99,world
660.62,2026-08-30 22:49:51,44.61,-4.44,-26.65,-44.3,grandpas_village,9.99,clear,20.505,356.441,0.00,2.72,world
661.12,2026-08-30 22:49:52,42.96,-4.21,-24.94,-44.3,grandpas_village,10.01,clear,18.826,6.342,0.00,1.40,world
661.62,2026-08-30 22:49:52,41.74,-3.93,-24.27,-162.6,grandpas_village,10.03,clear,18.826,6.342,0.00,2.28,world
662.12,2026-08-30 22:49:53,43.45,-4.29,-25.01,109.1,grandpas_village,10.05,clear,19.645,6.477,0.00,1.15,world
662.62,2026-08-30 22:49:53,45.82,-4.62,-25.88,140.7,grandpas_village,10.07,clear,19.645,6.477,0.00,2.62,world
663.12,2026-08-30 22:49:54,45.08,-4.46,-27.16,-141.3,grandpas_village,10.09,clear,20.791,6.810,0.00,3.35,world
663.62,2026-08-30 22:49:54,46.34,-4.43,-28.36,133.0,grandpas_village,10.11,clear,20.791,6.810,0.00,4.95,world
664.12,2026-08-30 22:49:55,48.07,-4.16,-29.97,133.0,the_rise,10.13,clear,19.602,6.150,0.00,3.93,world
664.62,2026-08-30 22:49:56,49.72,-3.75,-31.49,133.0,the_rise,10.15,clear,21.200,365.776,0.00,2.72,world
665.12,2026-08-30 22:49:56,49.34,-3.81,-31.26,-58.5,the_rise,10.17,clear,21.200,365.776,0.00,2.94,world
665.62,2026-08-30 22:49:57,48.40,-4.34,-28.84,-21.1,the_rise,10.19,clear,19.645,6.546,0.00,3.78,world
666.12,2026-08-30 22:49:57,47.06,-4.46,-28.24,-130.6,grandpas_village,10.21,clear,19.645,6.546,0.00,5.23,world
666.62,2026-08-30 22:49:58,46.33,-4.43,-28.40,-57.1,grandpas_village,10.23,clear,23.765,355.769,0.00,4.98,world
667.12,2026-08-30 22:49:58,44.57,-4.44,-26.62,-44.6,grandpas_village,10.25,clear,23.765,355.769,0.00,2.68,world
667.62,2026-08-30 22:49:59,42.91,-4.20,-24.93,-44.6,grandpas_village,10.27,clear,25.448,7.340,0.00,1.43,world
668.12,2026-08-30 22:49:59,41.71,-3.92,-24.24,-162.8,grandpas_village,10.29,clear,25.448,7.340,0.00,2.31,world
668.62,2026-08-30 22:50:00,43.42,-4.29,-24.98,109.0,grandpas_village,10.31,clear,20.376,6.320,0.00,1.14,world
669.12,2026-08-30 22:50:00,45.80,-4.62,-25.84,140.5,grandpas_village,10.33,clear,20.376,6.320,0.00,2.57,world
669.62,2026-08-30 22:50:01,45.06,-4.46,-27.14,-141.5,grandpas_village,10.35,clear,20.061,6.255,0.00,3.31,world
670.12,2026-08-30 22:50:01,46.31,-4.44,-28.34,132.8,grandpas_village,10.37,clear,20.061,6.255,0.00,4.92,world
670.62,2026-08-30 22:50:02,48.05,-4.17,-29.94,132.8,the_rise,10.39,clear,20.431,5.906,0.00,3.95,world
671.12,2026-08-30 22:50:03,49.71,-3.76,-31.46,132.8,the_rise,10.41,clear,24.080,365.666,0.00,2.72,world
671.62,2026-08-30 22:50:03,49.34,-3.81,-31.26,-58.5,the_rise,10.43,clear,24.080,365.666,0.00,2.94,world
672.12,2026-08-30 22:50:04,48.41,-4.34,-28.84,-21.1,the_rise,10.45,clear,27.063,9.028,0.00,3.77,world
672.62,2026-08-30 22:50:04,47.06,-4.46,-28.24,-130.6,grandpas_village,10.47,clear,27.063,9.028,0.00,5.23,world
673.12,2026-08-30 22:50:05,46.33,-4.43,-28.41,-57.1,grandpas_village,10.49,clear,19.992,347.873,0.00,4.98,world
673.62,2026-08-30 22:50:05,44.58,-4.44,-26.62,-44.5,grandpas_village,10.51,clear,19.992,347.873,0.00,2.68,world
674.12,2026-08-30 22:50:06,42.92,-4.20,-24.93,-44.5,grandpas_village,10.53,clear,18.943,6.353,0.00,1.43,world
674.62,2026-08-30 22:50:06,41.71,-3.92,-24.24,-162.7,grandpas_village,10.55,clear,18.943,6.353,0.00,2.30,world
675.12,2026-08-30 22:50:07,43.42,-4.29,-24.98,109.0,grandpas_village,10.57,clear,20.483,6.528,0.00,1.14,world
675.62,2026-08-30 22:50:07,45.80,-4.62,-25.84,140.5,grandpas_village,10.59,clear,20.483,6.528,0.00,2.58,world
676.12,2026-08-30 22:50:08,45.06,-4.46,-27.14,-141.4,grandpas_village,10.61,clear,20.291,6.553,0.00,3.32,world
676.62,2026-08-30 22:50:08,46.32,-4.44,-28.34,132.8,grandpas_village,10.63,clear,20.291,6.553,0.00,4.92,world
677.12,2026-08-30 22:50:09,48.05,-4.17,-29.94,132.8,the_rise,10.65,clear,19.220,6.303,0.00,3.95,world
677.62,2026-08-30 22:50:09,49.71,-3.76,-31.46,132.8,the_rise,10.67,clear,21.090,371.946,0.00,2.72,world
678.12,2026-08-30 22:50:10,49.34,-3.81,-31.26,-58.5,the_rise,10.69,clear,21.090,371.946,0.00,2.94,world
678.62,2026-08-30 22:50:11,48.41,-4.34,-28.84,-21.1,the_rise,10.71,clear,20.038,6.567,0.00,3.78,world
679.12,2026-08-30 22:50:11,47.06,-4.46,-28.24,-130.6,grandpas_village,10.73,clear,20.038,6.567,0.00,5.23,world
679.62,2026-08-30 22:50:12,46.21,-4.45,-28.28,-45.0,grandpas_village,10.75,clear,20.634,366.133,0.00,4.82,world
680.12,2026-08-30 22:50:12,44.62,-4.44,-26.70,-45.4,grandpas_village,10.77,clear,20.634,366.133,0.00,2.77,world
680.62,2026-08-30 22:50:13,44.62,-4.44,-26.70,-144.6,grandpas_village,10.79,clear,19.508,6.387,0.00,2.77,world
681.12,2026-08-30 22:50:13,45.45,-4.49,-27.28,125.4,grandpas_village,10.81,clear,19.508,6.387,0.00,3.59,world
681.62,2026-08-30 22:50:14,47.45,-4.39,-28.70,125.4,grandpas_village,10.83,clear,19.942,6.468,0.00,4.73,world
682.12,2026-08-30 22:50:14,47.21,-4.29,-29.26,-83.5,grandpas_village,10.85,clear,19.942,6.468,0.00,4.84,world
682.62,2026-08-30 22:50:15,45.75,-4.53,-27.20,-35.5,grandpas_village,10.87,clear,18.729,6.464,0.00,3.65,world
683.12,2026-08-30 22:50:15,44.54,-4.44,-26.59,-145.2,grandpas_village,10.89,clear,18.729,6.464,0.00,2.65,world
683.62,2026-08-30 22:50:16,45.93,-4.52,-27.56,124.8,grandpas_village,10.91,clear,19.314,6.833,0.00,4.05,world
684.12,2026-08-30 22:50:16,47.60,-4.35,-28.92,-161.7,grandpas_village,10.93,clear,19.314,6.833,0.00,4.53,world
684.62,2026-08-30 22:50:17,46.74,-4.39,-28.65,-36.1,grandpas_village,10.95,clear,19.893,6.493,0.00,5.39,world
685.12,2026-08-30 22:50:17,45.25,-4.52,-26.59,-36.1,grandpas_village,10.97,clear,19.893,6.493,0.00,2.88,world
685.62,2026-08-30 22:50:18,44.45,-4.43,-26.53,-156.3,grandpas_village,10.99,clear,19.154,6.761,0.00,2.56,world
686.12,2026-08-30 22:50:18,46.40,-4.52,-27.84,124.2,grandpas_village,11.01,clear,19.154,6.761,0.00,4.53,world
686.62,2026-08-30 22:50:19,47.13,-4.30,-29.18,-126.7,grandpas_village,11.03,clear,19.116,6.270,0.00,4.93,world
687.12,2026-08-30 22:50:19,46.32,-4.43,-28.40,-45.0,grandpas_village,11.05,clear,19.116,6.270,0.00,4.97,world
687.62,2026-08-30 22:50:20,46.04,-4.48,-28.09,139.5,grandpas_village,11.07,clear,18.595,6.443,0.00,4.57,world
688.12,2026-08-30 22:50:21,47.75,-4.21,-29.72,133.5,the_rise,11.09,clear,18.595,6.443,0.00,4.26,world
688.62,2026-08-30 22:50:21,49.40,-3.81,-31.27,133.5,the_rise,11.11,clear,20.269,395.087,0.00,2.90,world
689.12,2026-08-30 22:50:22,49.30,-3.79,-31.34,-90.8,the_rise,11.13,clear,20.928,6.525,0.00,3.02,world
689.62,2026-08-30 22:50:22,48.33,-4.32,-28.96,-21.9,the_rise,11.15,clear,20.928,6.525,0.00,3.81,world
690.12,2026-08-30 22:50:23,47.06,-4.51,-27.99,-131.5,grandpas_village,11.17,clear,20.410,355.052,0.00,5.03,world
690.62,2026-08-30 22:50:23,46.26,-4.44,-28.34,-68.5,grandpas_village,11.19,clear,20.410,355.052,0.00,4.90,world
691.12,2026-08-30 22:50:24,44.18,-4.42,-26.19,-45.4,grandpas_village,11.21,clear,20.670,6.158,0.00,2.20,world
691.62,2026-08-30 22:50:24,42.53,-4.11,-24.55,-45.4,grandpas_village,11.23,clear,20.670,6.158,0.00,1.57,world
692.12,2026-08-30 22:50:25,41.26,-3.79,-23.87,-165.1,grandpas_village,11.25,clear,19.106,6.892,0.00,2.75,world
692.62,2026-08-30 22:50:25,42.96,-4.19,-24.57,106.7,grandpas_village,11.27,clear,19.106,6.892,0.00,1.18,world
693.12,2026-08-30 22:50:26,45.41,-4.57,-25.33,127.7,grandpas_village,11.29,clear,21.654,6.948,0.00,1.93,world
693.62,2026-08-30 22:50:26,44.71,-4.44,-26.79,-143.9,grandpas_village,11.31,clear,21.654,6.948,0.00,2.88,world
694.12,2026-08-30 22:50:27,45.80,-4.48,-27.88,166.5,grandpas_village,11.33,clear,20.828,6.521,0.00,4.28,world
694.62,2026-08-30 22:50:27,46.67,-4.37,-28.75,135.5,grandpas_village,11.35,clear,20.828,6.521,0.00,5.44,world
695.12,2026-08-30 22:50:28,50.29,-3.52,-32.37,135.5,the_rise,11.37,clear,19.705,6.367,0.00,2.92,world
695.63,2026-08-30 22:50:29,51.83,-3.08,-33.90,156.5,the_rise,11.39,clear,20.506,354.906,0.00,3.91,world
697.50,2026-08-30 22:50:30,51.86,-3.07,-33.94,156.5,the_rise,11.47,clear,17.597,3.375,0.00,3.94,world
699.33,2026-08-30 22:50:32,51.86,-3.07,-33.94,156.5,the_rise,11.54,clear,18.627,6.596,0.00,3.94,world
699.83,2026-08-30 22:50:33,51.41,-2.92,-34.57,-135.2,the_rise,11.56,clear,17.307,6.284,0.00,4.61,world
700.33,2026-08-30 22:50:33,51.65,-2.79,-35.11,-131.0,the_rise,11.58,clear,17.307,6.284,0.00,5.12,world
700.83,2026-08-30 22:50:34,51.83,-2.70,-35.51,-127.7,the_rise,11.60,clear,18.231,6.522,0.00,5.52,world
701.33,2026-08-30 22:50:34,51.99,-2.62,-35.85,-146.2,the_rise,11.62,clear,18.231,6.522,0.00,5.85,world
701.83,2026-08-30 22:50:35,53.31,-2.35,-37.72,144.9,the_rise,11.64,clear,19.766,6.822,0.00,7.66,world
702.33,2026-08-30 22:50:35,53.41,-2.18,-39.08,-97.0,the_rise,11.66,clear,19.766,6.822,0.00,7.47,world
702.83,2026-08-30 22:50:36,53.06,-2.42,-37.22,-8.7,the_rise,11.68,clear,20.121,6.859,0.00,7.30,world
703.33,2026-08-30 22:50:36,52.60,-2.86,-34.81,-61.2,the_rise,11.70,clear,20.121,6.859,0.00,4.85,world
703.83,2026-08-30 22:50:37,52.15,-2.62,-35.87,141.3,the_rise,11.72,clear,19.659,6.430,0.00,5.87,world
704.33,2026-08-30 22:50:37,53.64,-2.37,-37.72,141.3,the_rise,11.74,clear,19.659,6.430,0.00,7.89,world
704.83,2026-08-30 22:50:38,53.21,-2.23,-38.62,-100.8,the_rise,11.76,clear,20.341,6.178,0.00,7.34,world
705.33,2026-08-30 22:50:38,52.79,-2.55,-36.41,-10.8,the_rise,11.78,clear,20.341,6.178,0.00,6.46,world
705.83,2026-08-30 22:50:39,51.96,-2.85,-34.86,-130.7,the_rise,11.80,clear,19.148,6.228,0.00,4.86,world
706.33,2026-08-30 22:50:39,52.50,-2.57,-36.19,140.1,the_rise,11.82,clear,19.148,6.228,0.00,6.21,world
706.83,2026-08-30 22:50:40,54.00,-2.34,-38.01,161.1,the_rise,11.84,clear,19.399,6.145,0.00,8.25,world
707.33,2026-08-30 22:50:40,53.14,-2.25,-38.46,-102.2,the_rise,11.86,clear,19.399,6.145,0.00,7.30,world
707.83,2026-08-30 22:50:41,52.39,-2.47,-36.78,-116.6,the_rise,11.88,clear,19.066,6.461,0.00,6.79,world
708.33,2026-08-30 22:50:41,52.85,-2.34,-37.65,152.6,the_rise,11.90,clear,19.066,6.461,0.00,7.25,world
708.83,2026-08-30 22:50:42,53.95,-2.09,-39.75,152.6,the_rise,11.92,clear,20.067,6.524,0.00,7.95,world
709.33,2026-08-30 22:50:42,54.83,-1.77,-41.64,-144.4,the_rise,11.94,clear,20.067,6.524,0.00,8.98,world
709.83,2026-08-30 22:50:43,54.42,-2.01,-40.29,7.9,the_rise,11.96,clear,19.322,6.645,0.00,8.42,world
710.33,2026-08-30 22:50:43,54.77,-2.41,-37.72,7.9,the_rise,11.98,clear,19.322,6.645,0.00,8.20,world
710.83,2026-08-30 22:50:44,53.41,-2.42,-37.33,-109.8,the_rise,12.00,clear,17.786,5.619,0.00,7.46,world
711.33,2026-08-30 22:50:44,52.57,-2.41,-37.17,-25.8,the_rise,12.02,clear,17.786,5.619,0.00,7.15,world
711.83,2026-08-30 22:50:45,51.65,-2.79,-35.12,-26.8,the_rise,12.04,clear,20.292,6.855,0.00,5.13,world
712.33,2026-08-30 22:50:45,50.74,-3.31,-33.06,-26.8,the_rise,12.06,clear,20.292,6.855,0.00,3.31,world
712.83,2026-08-30 22:50:46,49.93,-3.63,-32.01,-153.8,the_rise,12.08,clear,19.065,7.019,0.00,2.88,world
713.33,2026-08-30 22:50:46,51.19,-3.38,-32.70,116.9,the_rise,12.10,clear,19.065,7.019,0.00,2.82,world
713.83,2026-08-30 22:50:47,53.22,-3.10,-33.76,148.5,the_rise,12.12,clear,20.501,6.904,0.00,3.96,world
714.33,2026-08-30 22:50:47,51.82,-2.78,-35.17,-129.7,the_rise,12.14,clear,20.501,6.904,0.00,5.17,world
714.83,2026-08-30 22:50:48,51.87,-2.68,-35.61,-126.9,the_rise,12.16,clear,20.082,7.071,0.00,5.61,world
715.33,2026-08-30 22:50:48,52.02,-2.60,-35.92,-145.6,the_rise,12.18,clear,20.082,7.071,0.00,5.92,world
715.83,2026-08-30 22:50:49,53.32,-2.34,-37.81,145.5,the_rise,12.20,clear,18.601,6.304,0.00,7.64,world
716.33,2026-08-30 22:50:49,54.68,-2.10,-39.77,145.5,the_rise,12.22,clear,18.601,6.304,0.00,8.68,world
716.83,2026-08-30 22:50:50,54.10,-1.95,-40.61,-85.7,the_rise,12.24,clear,19.567,6.232,0.00,8.13,world
717.33,2026-08-30 22:50:50,54.13,-2.30,-38.31,3.4,the_rise,12.26,clear,19.567,6.232,0.00,8.30,world
717.83,2026-08-30 22:50:51,53.91,-2.62,-36.26,-101.7,the_rise,12.28,clear,19.202,6.602,0.00,6.55,world
718.33,2026-08-30 22:50:51,52.46,-2.45,-36.93,-115.4,the_rise,12.30,clear,19.202,6.602,0.00,6.95,world
718.83,2026-08-30 22:50:52,52.27,-2.51,-36.50,-25.4,the_rise,12.32,clear,27.624,7.415,0.00,6.51,world
719.33,2026-08-30 22:50:52,51.64,-2.80,-35.08,-25.4,the_rise,12.34,clear,27.624,7.415,0.00,5.09,world
719.83,2026-08-30 22:50:53,50.94,-3.20,-33.51,-46.4,the_rise,12.36,clear,19.515,6.534,0.00,3.66,world
720.33,2026-08-30 22:50:53,51.17,-3.15,-33.68,143.7,the_rise,12.38,clear,19.515,6.534,0.00,3.77,world
720.83,2026-08-30 22:50:54,53.01,-2.81,-35.07,127.2,the_rise,12.40,clear,19.154,6.476,0.00,5.17,world
721.33,2026-08-30 22:50:54,52.86,-2.57,-36.32,-118.2,the_rise,12.42,clear,19.154,6.476,0.00,6.37,world
721.83,2026-08-30 22:50:55,52.31,-2.50,-36.61,-118.2,the_rise,12.44,clear,19.467,6.391,0.00,6.61,world
722.33,2026-08-30 22:50:55,53.20,-2.28,-38.25,151.8,the_rise,12.46,clear,19.467,6.391,0.00,7.41,world
722.83,2026-08-30 22:50:56,54.32,-2.01,-40.32,151.8,the_rise,12.48,clear,19.788,6.495,0.00,8.33,world
723.33,2026-08-30 22:50:56,54.49,-1.80,-41.51,-79.8,the_rise,12.50,clear,19.788,6.495,0.00,8.63,world
723.83,2026-08-30 22:50:57,54.58,-2.14,-39.52,8.4,the_rise,12.52,clear,19.512,6.017,0.00,8.60,world
724.33,2026-08-30 22:50:57,54.84,-2.51,-37.09,-44.1,the_rise,12.54,clear,19.512,6.017,0.00,7.64,world
724.83,2026-08-30 22:50:58,52.80,-2.34,-37.64,-109.1,the_rise,12.56,clear,23.173,6.747,0.00,7.19,world
725.33,2026-08-30 22:50:58,52.34,-2.49,-36.65,-24.7,the_rise,12.58,clear,23.173,6.747,0.00,6.66,world
725.83,2026-08-30 22:50:59,51.48,-2.88,-34.73,-24.7,the_rise,12.60,clear,18.341,6.337,0.00,4.75,world
726.33,2026-08-30 22:50:59,50.65,-3.41,-32.70,-24.7,the_rise,12.62,clear,18.341,6.337,0.00,3.02,world
726.83,2026-08-30 22:51:00,50.08,-3.59,-32.16,-152.5,the_rise,12.64,clear,19.961,6.867,0.00,2.89,world
727.33,2026-08-30 22:51:00,51.84,-3.28,-33.06,117.5,the_rise,12.66,clear,19.961,6.867,0.00,3.07,world
727.83,2026-08-30 22:51:01,52.95,-3.00,-34.22,-129.8,the_rise,12.68,clear,24.636,8.920,0.00,4.32,world
728.33,2026-08-30 22:51:01,51.77,-2.73,-35.36,-128.9,the_rise,12.70,clear,24.636,8.920,0.00,5.37,world
728.83,2026-08-30 22:51:02,51.92,-2.65,-35.71,-126.0,the_rise,12.72,clear,20.502,6.954,0.00,5.71,world
729.33,2026-08-30 22:51:02,52.59,-2.49,-36.73,145.1,the_rise,12.74,clear,20.502,6.954,0.00,6.75,world
729.83,2026-08-30 22:51:03,53.96,-2.25,-38.68,145.1,the_rise,12.76,clear,18.629,6.715,0.00,8.07,world
730.33,2026-08-30 22:51:03,55.16,-1.98,-40.51,-162.3,the_rise,12.78,clear,18.629,6.715,0.00,9.18,world
730.83,2026-08-30 22:51:04,54.03,-2.11,-39.65,3.1,the_rise,12.80,clear,40.540,6.253,0.00,8.04,world
731.33,2026-08-30 22:51:04,54.17,-2.50,-37.07,3.1,the_rise,12.82,clear,40.540,6.253,0.00,7.39,world
731.83,2026-08-30 22:51:05,52.89,-2.50,-36.69,-115.7,the_rise,12.84,clear,19.743,6.595,0.00,6.75,world
732.33,2026-08-30 22:51:05,52.45,-2.45,-36.90,-115.7,the_rise,12.86,clear,19.743,6.595,0.00,6.91,world
732.83,2026-08-30 22:51:06,52.18,-2.55,-36.29,-24.0,the_rise,12.88,clear,18.532,6.088,0.00,6.29,world
733.33,2026-08-30 22:51:06,51.14,-3.06,-33.95,-25.7,the_rise,12.90,clear,18.532,6.088,0.00,4.05,world
733.83,2026-08-30 22:51:07,51.13,-3.09,-33.93,-140.0,the_rise,12.92,clear,19.972,7.313,0.00,4.02,world
734.33,2026-08-30 22:51:07,52.33,-2.79,-35.14,131.6,the_rise,12.94,clear,19.972,7.313,0.00,5.15,world
734.83,2026-08-30 22:51:08,53.94,-2.55,-36.67,-175.9,the_rise,12.96,clear,19.896,6.638,0.00,6.95,world
735.33,2026-08-30 22:51:08,52.64,-2.39,-37.33,-111.9,the_rise,12.98,clear,19.896,6.638,0.00,7.15,world
735.83,2026-08-30 22:51:09,52.30,-2.52,-36.47,102.1,the_rise,13.00,clear,19.297,6.430,0.00,6.47,world
736.33,2026-08-30 22:51:09,52.52,-2.43,-37.07,-92.9,the_rise,13.02,clear,19.297,6.430,0.00,7.09,world
736.83,2026-08-30 22:51:10,51.53,-2.86,-34.81,-23.9,the_rise,13.04,clear,19.225,6.325,0.00,4.83,world
737.33,2026-08-30 22:51:10,50.91,-3.21,-33.44,-143.3,the_rise,13.06,clear,19.225,6.325,0.00,3.61,world
737.83,2026-08-30 22:51:11,52.17,-2.92,-34.59,128.2,the_rise,13.08,clear,20.118,6.426,0.00,4.59,world
738.33,2026-08-30 22:51:11,53.86,-2.65,-36.02,-179.3,the_rise,13.10,clear,20.118,6.426,0.00,6.30,world
738.83,2026-08-30 22:51:12,52.42,-2.46,-36.85,-116.1,the_rise,13.12,clear,18.896,5.917,0.00,6.86,world
739.33,2026-08-30 22:51:12,52.69,-2.38,-37.39,153.9,the_rise,13.14,clear,18.896,5.917,0.00,7.18,world
739.83,2026-08-30 22:51:13,53.74,-2.12,-39.51,153.9,the_rise,13.16,clear,18.817,6.420,0.00,7.75,world
740.33,2026-08-30 22:51:13,54.75,-1.78,-41.58,153.9,the_rise,13.18,clear,18.817,6.420,0.00,8.90,world
740.83,2026-08-30 22:51:14,54.52,-1.84,-41.27,-27.3,the_rise,13.20,clear,18.476,6.793,0.00,8.62,world
741.33,2026-08-30 22:51:14,54.98,-2.27,-38.72,10.1,the_rise,13.22,clear,18.476,6.793,0.00,9.07,world
741.83,2026-08-30 22:51:15,54.17,-2.41,-37.61,-106.3,the_rise,13.24,clear,18.840,6.329,0.00,7.91,world
742.33,2026-08-30 22:51:15,52.92,-2.30,-37.97,-106.3,the_rise,13.26,clear,18.840,6.329,0.00,7.21,world
742.83,2026-08-30 22:51:16,52.07,-2.61,-35.89,-21.9,the_rise,13.28,clear,19.099,6.214,0.00,5.89,world
743.33,2026-08-30 22:51:16,51.10,-3.20,-33.49,-21.9,the_rise,13.30,clear,19.099,6.214,0.00,3.60,world
743.83,2026-08-30 22:51:17,50.12,-3.75,-31.41,-95.4,the_rise,13.32,clear,21.239,7.044,0.00,2.35,world
744.33,2026-08-30 22:51:17,50.44,-3.56,-32.19,115.3,the_rise,13.34,clear,21.239,7.044,0.00,2.69,world
744.83,2026-08-30 22:51:18,52.54,-3.23,-33.17,115.3,the_rise,13.36,clear,21.027,6.297,0.00,3.22,world
745.33,2026-08-30 22:51:18,52.03,-2.93,-34.53,-132.2,the_rise,13.38,clear,21.027,6.297,0.00,4.53,world
745.83,2026-08-30 22:51:19,51.73,-2.75,-35.28,-129.6,the_rise,13.40,clear,18.752,6.216,0.00,5.29,world
746.33,2026-08-30 22:51:19,51.89,-2.67,-35.64,-126.6,the_rise,13.42,clear,18.752,6.216,0.00,5.65,world
746.83,2026-08-30 22:51:20,52.62,-2.49,-36.72,144.6,the_rise,13.44,clear,17.873,6.343,0.00,6.75,world
747.33,2026-08-30 22:51:20,54.00,-2.25,-38.66,144.6,the_rise,13.46,clear,17.873,6.343,0.00,8.11,world
747.83,2026-08-30 22:51:21,55.17,-1.99,-40.45,-152.4,the_rise,13.48,clear,20.268,5.854,0.00,9.18,world
748.33,2026-08-30 22:51:21,54.00,-2.13,-39.51,2.7,the_rise,13.50,clear,20.268,5.854,0.00,8.01,world
748.83,2026-08-30 22:51:22,54.12,-2.52,-36.92,2.7,the_rise,13.52,clear,25.106,7.515,0.00,7.24,world
749.33,2026-08-30 22:51:22,52.77,-2.50,-36.68,-116.2,the_rise,13.54,clear,25.106,7.515,0.00,6.72,world
751.40,2026-08-30 22:51:24,52.42,-2.46,-36.84,-116.2,the_rise,13.62,clear,24.126,4.680,0.00,6.86,world
753.22,2026-08-30 22:51:26,52.42,-2.46,-36.84,-116.2,the_rise,13.70,clear,17.522,3.233,0.00,6.86,world
753.72,2026-08-30 22:51:27,52.37,-2.48,-36.72,-63.1,the_rise,13.71,clear,19.217,7.265,0.00,6.73,world
754.22,2026-08-30 22:51:27,51.61,-2.81,-35.03,-109.3,the_rise,13.73,clear,19.217,7.265,0.00,5.04,world
754.72,2026-08-30 22:51:28,51.05,-3.20,-33.47,-19.6,the_rise,13.76,clear,18.459,6.276,0.00,3.59,world
755.22,2026-08-30 22:51:28,50.14,-3.81,-31.14,-61.6,the_rise,13.78,clear,18.459,6.276,0.00,2.18,world
755.72,2026-08-30 22:51:29,49.02,-3.85,-31.10,-119.2,the_rise,13.80,clear,18.027,6.090,0.00,3.17,world
756.22,2026-08-30 22:51:29,48.54,-3.98,-30.62,-120.6,the_rise,13.82,clear,18.027,6.090,0.00,3.51,world
756.72,2026-08-30 22:51:30,48.09,-4.11,-30.16,-122.0,the_rise,13.84,clear,18.580,6.466,0.00,3.92,world
757.22,2026-08-30 22:51:31,47.69,-4.20,-29.77,-123.2,grandpas_village,13.86,clear,18.580,6.466,0.00,4.32,world
757.72,2026-08-30 22:51:31,47.33,-4.26,-29.41,-124.3,grandpas_village,13.88,clear,25.115,410.296,0.00,4.71,world
758.22,2026-08-30 22:51:31,46.40,-4.47,-28.13,-34.8,grandpas_village,13.90,clear,21.830,6.754,0.00,4.78,world
758.72,2026-08-30 22:51:32,44.96,-4.52,-26.06,-34.8,grandpas_village,13.92,clear,21.830,6.754,0.00,2.28,world
759.22,2026-08-30 22:51:32,43.60,-4.31,-24.41,-108.3,grandpas_village,13.94,clear,26.770,9.281,0.00,0.57,world
759.72,2026-08-30 22:51:33,42.84,-4.19,-25.19,-138.2,grandpas_village,13.96,clear,26.770,9.281,0.00,1.66,world
760.22,2026-08-30 22:51:33,41.96,-4.00,-24.39,-48.2,grandpas_village,13.98,clear,18.287,6.266,0.00,2.08,world
760.72,2026-08-30 22:51:34,40.36,-3.49,-22.96,-48.2,grandpas_village,14.00,clear,18.287,6.266,0.00,3.79,world
761.22,2026-08-30 22:51:34,38.87,-2.87,-21.61,-48.2,grandpas_village,14.02,clear,18.393,6.063,0.00,5.13,world
761.72,2026-08-30 22:51:35,37.56,-2.34,-21.19,-153.1,grandpas_village,14.04,clear,18.393,6.063,0.00,3.75,world
762.22,2026-08-30 22:51:35,36.46,-2.21,-23.39,-153.1,grandpas_village,14.06,clear,25.745,7.498,0.00,4.19,world
762.72,2026-08-30 22:51:36,35.38,-1.97,-25.55,-153.0,grandpas_village,14.08,clear,25.745,7.498,0.00,5.72,world
763.22,2026-08-30 22:51:36,34.33,-1.64,-27.66,-153.0,grandpas_village,14.10,clear,23.622,7.374,0.00,7.66,world
763.72,2026-08-30 22:51:37,33.28,-1.29,-29.73,-153.0,grandpas_village,14.11,clear,23.622,7.374,0.00,7.84,world
764.22,2026-08-30 22:51:37,32.25,-0.90,-31.77,-152.9,grandpas_village,14.14,clear,24.495,9.120,0.00,7.13,world
764.72,2026-08-30 22:51:38,31.23,-0.50,-33.78,-152.9,grandpas_village,14.16,clear,24.495,9.120,0.00,6.79,world
765.22,2026-08-30 22:51:38,30.20,-0.11,-35.81,-152.8,grandpas_village,14.18,clear,24.687,7.143,0.00,4.94,world
765.72,2026-08-30 22:51:39,29.14,0.18,-37.90,-152.8,grandpas_village,14.20,clear,24.687,7.143,0.00,3.60,world
766.22,2026-08-30 22:51:39,28.05,0.42,-40.01,-152.7,grandpas_village,14.22,clear,24.342,7.110,0.00,3.55,world
766.73,2026-08-30 22:51:40,26.95,0.68,-42.16,-152.6,grandpas_village,14.24,clear,24.342,7.110,0.00,2.07,world
768.63,2026-08-30 22:51:42,28.47,0.13,-35.25,148.6,grandpas_village,14.31,clear,18.907,4.365,0.00,6.59,combat
770.53,2026-08-30 22:51:44,28.47,0.13,-35.25,148.6,grandpas_village,14.39,clear,17.968,3.293,0.00,6.09,combat
771.05,2026-08-30 22:51:44,28.47,0.13,-35.25,148.6,grandpas_village,14.41,clear,17.968,3.293,0.00,6.12,combat
771.55,2026-08-30 22:51:45,28.59,0.13,-35.47,152.8,grandpas_village,14.43,clear,21.265,7.332,0.00,5.64,combat_aim
772.05,2026-08-30 22:51:45,29.75,0.07,-37.72,152.8,grandpas_village,14.45,clear,21.265,7.332,0.00,1.90,combat_aim
772.55,2026-08-30 22:51:46,30.92,-0.08,-39.98,152.9,grandpas_village,14.47,clear,18.443,6.495,0.00,2.91,combat_aim
773.05,2026-08-30 22:51:46,32.09,-0.24,-42.26,153.0,grandpas_village,14.49,clear,18.443,6.495,0.00,4.20,combat_aim
775.30,2026-08-30 22:51:49,33.16,-0.37,-44.34,153.2,grandpas_village,14.58,clear,23.410,4.640,0.00,1.86,world
777.20,2026-08-30 22:51:51,33.16,-0.37,-44.34,153.2,grandpas_village,14.65,clear,18.668,3.913,0.00,1.86,world
777.70,2026-08-30 22:51:51,32.06,-0.16,-43.91,-69.2,grandpas_village,14.67,clear,18.668,3.913,0.00,2.85,world
778.20,2026-08-30 22:51:52,29.95,0.24,-43.10,-69.2,grandpas_village,14.69,clear,19.413,7.120,0.00,2.04,world
778.70,2026-08-30 22:51:52,27.79,0.57,-42.28,-69.2,grandpas_village,14.71,clear,19.413,7.120,0.00,1.56,world
779.20,2026-08-30 22:51:53,25.57,0.82,-41.43,-69.2,grandpas_village,14.73,clear,18.667,7.836,0.00,1.59,world
779.70,2026-08-30 22:51:53,23.31,0.99,-40.57,-69.2,grandpas_village,14.75,clear,18.667,7.836,0.00,2.28,world
780.20,2026-08-30 22:51:54,21.03,1.12,-39.70,-69.2,grandpas_village,14.77,clear,19.995,6.682,0.00,4.45,world
780.70,2026-08-30 22:51:54,18.73,1.21,-38.82,-69.3,grandpas_village,14.79,clear,19.995,6.682,0.00,5.83,world
781.20,2026-08-30 22:51:55,16.40,1.22,-37.93,-69.3,grandpas_village,14.81,clear,20.283,7.765,0.00,6.85,world
781.70,2026-08-30 22:51:55,14.03,1.14,-37.03,-69.3,grandpas_village,14.84,clear,20.283,7.765,0.00,8.53,world
782.20,2026-08-30 22:51:56,11.66,1.04,-36.13,-69.3,grandpas_village,14.85,clear,24.685,9.503,0.00,6.05,world
782.70,2026-08-30 22:51:56,9.31,1.00,-35.24,-69.4,grandpas_village,14.88,clear,24.685,9.503,0.00,3.53,world
784.80,2026-08-30 22:51:58,7.79,1.00,-34.67,-69.4,grandpas_village,14.96,clear,17.578,4.795,0.00,1.91,world
786.63,2026-08-30 22:52:00,7.79,1.00,-34.67,-69.4,grandpas_village,15.03,clear,21.278,4.507,0.00,1.91,world
787.13,2026-08-30 22:52:00,6.74,0.96,-33.83,-51.1,grandpas_village,15.05,clear,17.625,7.057,0.00,0.76,world
787.63,2026-08-30 22:52:01,4.79,0.94,-32.25,-51.1,grandpas_village,15.07,clear,17.625,7.057,0.00,2.13,world
789.62,2026-08-30 22:52:03,3.46,0.94,-31.18,-51.1,grandpas_village,15.15,clear,17.800,3.145,0.00,1.88,world
791.27,2026-08-30 22:52:05,3.46,0.94,-31.18,-51.1,grandpas_village,15.22,clear,17.992,3.235,0.00,1.88,world
791.77,2026-08-30 22:52:05,2.48,0.94,-29.16,-26.1,grandpas_village,15.24,clear,17.992,3.235,0.00,0.96,world
792.27,2026-08-30 22:52:06,1.38,0.93,-26.92,-26.1,grandpas_village,15.26,clear,17.745,7.575,0.00,3.15,world
792.77,2026-08-30 22:52:06,0.29,0.93,-24.67,-26.1,grandpas_village,15.28,clear,17.745,7.575,0.00,5.20,world
793.27,2026-08-30 22:52:07,-0.81,0.93,-22.43,-26.1,grandpas_village,15.30,clear,17.506,6.092,0.00,2.70,world
795.23,2026-08-30 22:52:09,-1.16,0.90,-21.71,-26.1,grandpas_village,15.38,clear,19.804,3.952,0.00,1.91,world
797.07,2026-08-30 22:52:10,-1.16,0.90,-21.71,-26.1,grandpas_village,15.45,clear,19.579,3.952,0.00,1.91,world
797.57,2026-08-30 22:52:11,-2.01,0.90,-20.80,-43.1,grandpas_village,15.47,clear,19.579,3.952,0.00,0.80,world
798.07,2026-08-30 22:52:11,-3.72,0.90,-18.98,-43.1,grandpas_village,15.49,clear,19.060,7.057,0.00,2.00,world
798.57,2026-08-30 22:52:12,-5.42,0.90,-17.16,-43.1,grandpas_village,15.51,clear,19.060,7.057,0.00,4.45,world
799.07,2026-08-30 22:52:12,-7.07,1.07,-15.39,-43.1,grandpas_village,15.53,clear,19.297,5.607,0.00,3.24,world
799.57,2026-08-30 22:52:13,-8.76,1.11,-13.58,-43.2,grandpas_village,15.55,clear,19.297,5.607,0.00,1.31,world
800.07,2026-08-30 22:52:13,-10.44,1.20,-11.79,-43.2,grandpas_village,15.57,clear,17.564,5.201,0.00,2.25,world
800.57,2026-08-30 22:52:14,-12.15,1.20,-9.97,-43.2,grandpas_village,15.59,clear,17.564,5.201,0.00,2.70,world
802.53,2026-08-30 22:52:16,-12.69,1.20,-9.39,-43.2,grandpas_village,15.67,clear,23.028,3.158,0.00,1.91,world
804.37,2026-08-30 22:52:18,-12.69,1.20,-9.39,-43.2,grandpas_village,15.74,clear,18.019,2.918,0.00,1.91,world
804.87,2026-08-30 22:52:18,-12.02,1.20,-10.54,149.7,grandpas_village,15.76,clear,18.019,2.918,0.00,3.22,world
807.10,2026-08-30 22:52:20,-10.95,1.20,-12.37,149.7,grandpas_village,15.85,clear,20.269,6.418,0.00,1.89,world
808.93,2026-08-30 22:52:22,-10.95,1.20,-12.37,149.7,grandpas_village,15.92,clear,19.881,3.000,0.00,1.89,world
809.43,2026-08-30 22:52:23,-11.43,1.20,-11.13,-21.0,grandpas_village,15.94,clear,22.316,6.869,0.00,3.21,world
809.93,2026-08-30 22:52:23,-12.32,1.20,-8.80,-21.0,grandpas_village,15.96,clear,22.316,6.869,0.00,1.86,world
810.43,2026-08-30 22:52:24,-13.22,1.15,-6.45,-21.0,grandpas_village,15.98,clear,26.853,7.248,0.00,1.74,world
810.93,2026-08-30 22:52:24,-14.12,1.08,-4.09,-21.0,grandpas_village,16.00,clear,26.853,7.248,0.00,3.91,world
811.43,2026-08-30 22:52:25,-15.02,1.09,-1.77,-21.0,grandpas_village,16.02,clear,21.622,6.789,0.00,6.32,world
811.93,2026-08-30 22:52:25,-15.90,1.16,0.54,-21.0,grandpas_village,16.04,clear,21.622,6.789,0.00,5.85,world
812.43,2026-08-30 22:52:26,-16.77,1.32,2.80,-21.0,grandpas_village,16.06,clear,17.870,6.107,0.00,3.43,world
814.43,2026-08-30 22:52:28,-17.31,1.50,4.21,-21.0,grandpas_village,16.14,clear,17.887,2.612,0.00,1.92,world
816.10,2026-08-30 22:52:29,-17.31,1.50,4.21,-21.0,grandpas_village,16.21,clear,17.098,2.529,0.00,1.92,world
816.60,2026-08-30 22:52:30,-15.99,1.48,4.74,67.8,grandpas_village,16.23,clear,17.098,2.529,0.00,2.37,world
817.10,2026-08-30 22:52:30,-13.64,1.36,5.70,67.8,grandpas_village,16.25,clear,22.397,7.866,0.00,4.37,world
817.60,2026-08-30 22:52:31,-11.26,1.15,6.66,67.7,grandpas_village,16.27,clear,22.397,7.866,0.00,3.53,world
819.68,2026-08-30 22:52:33,-9.73,1.06,7.29,67.7,grandpas_village,16.35,clear,18.201,3.272,0.00,1.87,world
821.38,2026-08-30 22:52:35,-9.73,1.06,7.29,67.7,grandpas_village,16.42,clear,18.080,2.727,0.00,1.87,world
821.88,2026-08-30 22:52:35,-9.55,1.02,5.03,175.5,grandpas_village,16.44,clear,18.080,2.727,0.00,3.35,world
822.38,2026-08-30 22:52:36,-9.35,1.01,2.54,175.5,grandpas_village,16.46,clear,18.401,6.911,0.00,5.63,world
822.88,2026-08-30 22:52:36,-9.15,1.02,0.05,175.5,grandpas_village,16.48,clear,18.401,6.911,0.00,8.04,world
823.38,2026-08-30 22:52:37,-8.96,1.03,-2.44,175.5,grandpas_village,16.50,clear,23.886,6.184,0.00,7.51,world
823.88,2026-08-30 22:52:37,-8.76,1.04,-4.93,175.5,grandpas_village,16.52,clear,23.886,6.184,0.00,6.07,world
824.38,2026-08-30 22:52:38,-8.57,1.05,-7.42,175.5,grandpas_village,16.54,clear,20.239,5.834,0.00,5.47,world
824.88,2026-08-30 22:52:38,-8.36,0.97,-9.93,175.5,grandpas_village,16.56,clear,20.239,5.834,0.00,4.39,world
825.38,2026-08-30 22:52:39,-8.17,1.06,-12.37,175.5,grandpas_village,16.58,clear,18.533,5.684,0.00,2.45,world
825.88,2026-08-30 22:52:39,-7.97,1.11,-14.84,175.5,grandpas_village,16.60,clear,18.533,5.684,0.00,2.20,world
826.38,2026-08-30 22:52:40,-7.77,1.07,-17.33,175.5,grandpas_village,16.62,clear,18.128,5.448,0.00,4.01,world
826.88,2026-08-30 22:52:40,-7.57,1.04,-19.83,175.5,grandpas_village,16.64,clear,18.128,5.448,0.00,5.57,world
827.38,2026-08-30 22:52:41,-7.38,1.05,-22.32,175.5,grandpas_village,16.66,clear,18.052,5.843,0.00,5.86,world
827.88,2026-08-30 22:52:41,-7.18,1.05,-24.81,175.5,grandpas_village,16.68,clear,18.052,5.843,0.00,7.07,world
828.38,2026-08-30 22:52:42,-6.99,1.04,-27.31,175.6,grandpas_village,16.70,clear,18.863,5.602,0.00,8.85,world
828.88,2026-08-30 22:52:42,-6.79,1.07,-29.79,175.6,grandpas_village,16.72,clear,18.863,5.602,0.00,8.80,world
829.38,2026-08-30 22:52:43,-6.60,1.11,-32.26,175.6,grandpas_village,16.74,clear,18.600,5.785,0.00,8.89,world
829.88,2026-08-30 22:52:43,-6.41,1.13,-34.75,175.5,grandpas_village,16.76,clear,18.600,5.785,0.00,9.66,world
830.38,2026-08-30 22:52:44,-6.22,1.11,-37.25,175.5,grandpas_village,16.78,clear,19.131,5.788,0.00,10.96,world
830.92,2026-08-30 22:52:44,-6.14,1.11,-38.21,175.5,grandpas_village,16.79,clear,19.131,5.788,0.00,11.56,menu_build
831.42,2026-08-30 22:52:45,-6.13,1.11,-38.36,175.5,grandpas_village,16.80,clear,206.171,16.339,0.00,11.66,build_catalogue
831.92,2026-08-30 22:52:45,-6.13,1.11,-38.36,175.5,grandpas_village,16.82,clear,206.171,16.339,0.00,11.66,build_catalogue
832.42,2026-08-30 22:52:46,-6.13,1.11,-38.36,175.5,grandpas_village,16.84,clear,21.744,6.167,0.00,11.66,build_catalogue
832.92,2026-08-30 22:52:46,-6.13,1.11,-38.36,175.5,grandpas_village,16.87,clear,21.744,6.167,0.00,11.66,build_catalogue
833.48,2026-08-30 22:52:47,-6.13,1.11,-38.36,175.5,grandpas_village,16.89,clear,18.106,5.614,0.00,11.66,build_catalogue
833.98,2026-08-30 22:52:47,-6.13,1.11,-38.36,175.5,grandpas_village,16.91,clear,18.106,5.614,0.00,11.66,build_catalogue
834.48,2026-08-30 22:52:48,-6.13,1.11,-38.36,175.5,grandpas_village,16.93,clear,19.627,7.125,0.00,11.66,build_catalogue
834.98,2026-08-30 22:52:48,-6.13,1.11,-38.36,175.5,grandpas_village,16.95,clear,19.627,7.125,0.00,11.66,build_catalogue
835.48,2026-08-30 22:52:49,-6.13,1.11,-38.36,175.5,grandpas_village,16.97,clear,23.120,7.215,0.00,11.66,build_catalogue
835.98,2026-08-30 22:52:49,-6.13,1.11,-38.36,175.5,grandpas_village,16.99,clear,23.120,7.215,0.00,11.66,world
836.48,2026-08-30 22:52:50,-6.13,1.11,-38.36,175.5,grandpas_village,17.01,clear,18.637,6.209,0.00,11.66,world
836.98,2026-08-30 22:52:50,-6.13,1.11,-38.36,175.5,grandpas_village,17.03,clear,18.637,6.209,0.00,11.66,world
837.48,2026-08-30 22:52:51,-6.13,1.11,-38.36,175.5,grandpas_village,17.05,clear,19.338,5.824,0.00,11.66,world
837.98,2026-08-30 22:52:51,-6.02,1.12,-38.61,168.2,grandpas_village,17.07,clear,19.338,5.824,0.00,11.76,world
838.48,2026-08-30 22:52:52,-5.51,1.21,-41.02,168.2,grandpas_village,17.09,clear,18.103,6.184,0.00,13.34,world
839.03,2026-08-30 22:52:52,-5.35,1.26,-41.83,168.2,grandpas_village,17.09,clear,18.103,6.184,0.00,13.79,menu_build
839.53,2026-08-30 22:52:53,-5.33,1.27,-41.92,168.2,grandpas_village,17.11,clear,162.624,6.514,0.00,13.82,build_catalogue
840.03,2026-08-30 22:52:53,-5.33,1.27,-41.92,168.2,grandpas_village,17.13,clear,162.624,6.514,0.00,13.82,build_catalogue
840.53,2026-08-30 22:52:54,-5.33,1.27,-41.92,168.2,grandpas_village,17.15,clear,19.557,13.523,0.00,13.82,build_catalogue
841.03,2026-08-30 22:52:54,-5.33,1.27,-41.92,168.2,grandpas_village,17.17,clear,19.557,13.523,0.00,13.82,build_catalogue
841.73,2026-08-30 22:52:55,-5.33,1.27,-41.92,168.2,grandpas_village,17.20,clear,18.987,5.970,0.00,13.82,build_catalogue
842.23,2026-08-30 22:52:56,-5.33,1.27,-41.92,168.2,grandpas_village,17.22,clear,28.416,10.437,0.00,13.82,build_placement
842.73,2026-08-30 22:52:56,-5.33,1.27,-41.92,168.2,grandpas_village,17.24,clear,28.416,10.437,0.00,13.82,build_placement
843.23,2026-08-30 22:52:57,-5.33,1.27,-41.92,168.2,grandpas_village,17.26,clear,16.909,9.681,0.00,13.82,build_placement
843.73,2026-08-30 22:52:57,-5.33,1.27,-41.92,168.2,grandpas_village,17.28,clear,16.909,9.681,0.00,13.82,build_placement
844.23,2026-08-30 22:52:58,-5.33,1.27,-41.92,168.2,grandpas_village,17.30,clear,24.515,7.157,0.00,13.82,build_placement
844.73,2026-08-30 22:52:58,-5.33,1.27,-41.92,168.2,grandpas_village,17.32,clear,24.515,7.157,0.00,13.82,world
845.23,2026-08-30 22:52:59,-5.33,1.27,-41.92,168.2,grandpas_village,17.34,clear,17.130,7.311,0.00,13.82,world
845.73,2026-08-30 22:52:59,-5.33,1.27,-41.92,168.2,grandpas_village,17.36,clear,17.130,7.311,0.00,13.82,world
846.23,2026-08-30 22:53:00,-5.33,1.27,-41.92,168.2,grandpas_village,17.38,clear,17.516,6.164,0.00,13.82,world
846.73,2026-08-30 22:53:00,-5.23,1.30,-42.27,168.2,grandpas_village,17.40,clear,17.516,6.164,0.00,13.95,world
847.23,2026-08-30 22:53:01,-4.74,1.51,-44.63,168.2,grandpas_village,17.42,clear,16.943,5.999,0.00,15.11,world
847.75,2026-08-30 22:53:01,-4.60,1.55,-45.31,168.2,grandpas_village,17.42,clear,16.943,5.999,0.00,15.50,menu_build
848.25,2026-08-30 22:53:02,-4.57,1.56,-45.44,168.2,grandpas_village,17.43,clear,164.548,13.462,0.00,15.58,build_catalogue
848.75,2026-08-30 22:53:02,-4.57,1.56,-45.44,168.2,grandpas_village,17.45,clear,164.548,13.462,0.00,15.58,build_catalogue
849.25,2026-08-30 22:53:03,-4.57,1.56,-45.44,168.2,grandpas_village,17.47,clear,22.571,6.445,0.00,15.58,build_catalogue
849.75,2026-08-30 22:53:03,-4.57,1.56,-45.44,168.2,grandpas_village,17.49,clear,22.571,6.445,0.00,15.58,build_catalogue
850.25,2026-08-30 22:53:04,-4.57,1.56,-45.44,168.2,grandpas_village,17.51,clear,17.304,6.008,0.00,15.58,build_catalogue
850.75,2026-08-30 22:53:04,-4.57,1.56,-45.44,168.2,grandpas_village,17.53,clear,17.304,6.008,0.00,15.58,build_placement
851.25,2026-08-30 22:53:05,-4.57,1.56,-45.44,168.2,grandpas_village,17.55,clear,17.371,7.293,0.00,15.58,build_placement
851.75,2026-08-30 22:53:05,-4.57,1.56,-45.44,168.2,grandpas_village,17.57,clear,17.371,7.293,0.00,15.58,build_placement
852.25,2026-08-30 22:53:06,-4.57,1.56,-45.44,168.2,grandpas_village,17.59,clear,16.344,6.176,0.00,15.58,build_placement
852.85,2026-08-30 22:53:06,-4.57,1.56,-45.44,168.2,grandpas_village,17.62,clear,16.344,6.176,0.00,15.58,world
853.35,2026-08-30 22:53:07,-4.57,1.56,-45.44,168.2,grandpas_village,17.64,clear,19.469,8.648,0.00,15.58,world
853.85,2026-08-30 22:53:07,-4.57,1.56,-45.44,168.2,grandpas_village,17.66,clear,19.469,8.648,0.00,15.58,world
854.35,2026-08-30 22:53:08,-4.57,1.56,-45.44,168.2,grandpas_village,17.68,clear,18.654,6.555,0.00,15.58,world
854.85,2026-08-30 22:53:08,-4.56,1.57,-45.45,157.7,grandpas_village,17.70,clear,18.654,6.555,0.00,15.58,world
855.35,2026-08-30 22:53:09,-4.11,1.81,-47.51,168.2,grandpas_village,17.72,clear,17.348,6.497,0.00,16.87,world
855.88,2026-08-30 22:53:09,-4.11,1.81,-47.51,168.2,grandpas_village,17.73,clear,161.089,5.987,0.00,16.87,menu_quest_log
856.38,2026-08-30 22:53:10,-4.11,1.81,-47.51,168.2,grandpas_village,17.74,clear,161.089,5.987,0.00,16.87,build_catalogue
856.88,2026-08-30 22:53:10,-4.11,1.81,-47.51,168.2,grandpas_village,17.76,clear,161.089,5.987,0.00,16.87,build_catalogue
857.38,2026-08-30 22:53:11,-4.11,1.81,-47.51,168.2,grandpas_village,17.78,clear,21.143,13.612,0.00,16.87,build_catalogue
857.88,2026-08-30 22:53:11,-4.11,1.81,-47.51,168.2,grandpas_village,17.80,clear,18.934,6.407,0.00,16.87,build_catalogue
858.38,2026-08-30 22:53:12,-4.11,1.81,-47.51,168.2,grandpas_village,17.82,clear,18.934,6.407,0.00,16.87,build_catalogue
858.88,2026-08-30 22:53:12,-4.11,1.81,-47.51,168.2,grandpas_village,17.84,clear,18.964,9.179,0.00,16.87,build_placement
859.38,2026-08-30 22:53:13,-4.11,1.81,-47.51,168.2,grandpas_village,17.86,clear,18.964,9.179,0.00,16.87,build_placement
859.88,2026-08-30 22:53:13,-4.11,1.81,-47.51,168.2,grandpas_village,17.88,clear,17.450,6.916,0.00,16.87,build_placement
860.38,2026-08-30 22:53:14,-4.11,1.81,-47.51,168.2,grandpas_village,17.90,clear,17.450,6.916,0.00,16.87,build_placement
860.92,2026-08-30 22:53:15,-4.11,1.81,-47.51,168.2,grandpas_village,17.92,clear,17.218,7.586,0.00,16.87,world
861.42,2026-08-30 22:53:15,-4.11,1.81,-47.51,168.2,grandpas_village,17.94,clear,17.218,7.586,0.00,16.87,world
861.92,2026-08-30 22:53:16,-4.11,1.81,-47.51,168.2,grandpas_village,17.96,clear,18.537,7.373,0.00,16.87,world
862.42,2026-08-30 22:53:16,-4.11,1.81,-47.51,168.2,grandpas_village,17.98,clear,18.537,7.373,0.00,16.87,world
862.92,2026-08-30 22:53:17,-4.11,1.81,-47.51,168.2,grandpas_village,18.00,clear,17.531,5.954,0.00,16.87,world
863.42,2026-08-30 22:53:17,-3.89,1.82,-47.51,168.2,grandpas_village,18.02,clear,17.531,5.954,0.00,16.74,world
864.02,2026-08-30 22:53:18,-3.54,1.85,-47.51,168.2,grandpas_village,18.04,clear,18.101,6.690,0.00,16.54,menu_map
864.62,2026-08-30 22:53:18,-3.54,1.85,-47.51,168.2,grandpas_village,18.05,clear,18.101,6.690,0.00,16.54,build_catalogue
865.12,2026-08-30 22:53:19,-3.54,1.85,-47.51,168.2,grandpas_village,18.07,clear,161.495,12.963,0.00,16.54,build_catalogue
865.62,2026-08-30 22:53:19,-3.54,1.85,-47.51,168.2,grandpas_village,18.09,clear,161.495,12.963,0.00,16.54,build_catalogue
866.12,2026-08-30 22:53:20,-3.54,1.85,-47.51,168.2,grandpas_village,18.11,clear,18.641,6.142,0.00,16.54,build_catalogue
866.63,2026-08-30 22:53:20,-3.54,1.85,-47.51,168.2,grandpas_village,18.13,clear,18.641,6.142,0.00,16.54,build_catalogue
867.13,2026-08-30 22:53:21,-3.54,1.85,-47.51,168.2,grandpas_village,18.15,clear,17.111,6.685,0.00,16.54,build_catalogue
867.63,2026-08-30 22:53:21,-3.54,1.85,-47.51,168.2,grandpas_village,18.17,clear,17.111,6.685,0.00,16.54,build_catalogue
868.13,2026-08-30 22:53:22,-3.54,1.85,-47.51,168.2,grandpas_village,18.19,clear,18.779,6.450,0.00,16.54,build_catalogue
868.63,2026-08-30 22:53:22,-3.54,1.85,-47.51,168.2,grandpas_village,18.21,clear,18.779,6.450,0.00,16.54,build_catalogue
869.17,2026-08-30 22:53:23,-3.54,1.85,-47.51,168.2,grandpas_village,18.23,clear,19.130,6.062,0.00,16.54,world
869.67,2026-08-30 22:53:23,-3.54,1.85,-47.51,168.2,grandpas_village,18.25,clear,19.130,6.062,0.00,16.54,world
870.17,2026-08-30 22:53:24,-3.54,1.85,-47.51,168.2,grandpas_village,18.27,clear,17.340,7.360,0.00,16.54,world
870.67,2026-08-30 22:53:24,-3.54,1.85,-47.51,168.2,grandpas_village,18.29,clear,17.340,7.360,0.00,16.54,world
871.17,2026-08-30 22:53:25,-3.54,1.85,-47.51,168.2,grandpas_village,18.31,clear,24.736,6.961,0.00,16.54,world
871.67,2026-08-30 22:53:25,-3.25,1.86,-47.51,168.2,grandpas_village,18.33,clear,24.736,6.961,0.00,16.37,world
872.23,2026-08-30 22:53:26,-2.80,1.87,-47.56,168.2,grandpas_village,18.34,clear,18.247,6.588,0.00,16.16,menu_map
872.83,2026-08-30 22:53:26,-2.80,1.87,-47.56,168.2,grandpas_village,18.35,clear,167.472,14.335,0.00,16.16,build_catalogue
873.33,2026-08-30 22:53:27,-2.80,1.87,-47.56,168.2,grandpas_village,18.37,clear,167.472,14.335,0.00,16.16,build_catalogue
873.83,2026-08-30 22:53:28,-2.80,1.87,-47.56,168.2,grandpas_village,18.39,clear,19.454,8.042,0.00,16.16,build_catalogue
874.33,2026-08-30 22:53:28,-2.80,1.87,-47.56,168.2,grandpas_village,18.41,clear,19.454,8.042,0.00,16.16,build_catalogue
874.83,2026-08-30 22:53:28,-2.80,1.87,-47.56,168.2,grandpas_village,18.43,clear,22.820,7.113,0.00,16.16,build_catalogue
875.42,2026-08-30 22:53:29,-2.80,1.87,-47.56,168.2,grandpas_village,18.46,clear,22.820,7.113,0.00,16.16,build_catalogue
875.92,2026-08-30 22:53:30,-2.80,1.87,-47.56,168.2,grandpas_village,18.48,clear,20.293,7.384,0.00,16.16,build_catalogue
876.42,2026-08-30 22:53:30,-2.80,1.87,-47.56,168.2,grandpas_village,18.50,clear,20.293,7.384,0.00,16.16,build_catalogue
876.92,2026-08-30 22:53:31,-2.80,1.87,-47.56,168.2,grandpas_village,18.52,clear,21.717,7.047,0.00,16.16,build_catalogue
877.42,2026-08-30 22:53:31,-2.80,1.87,-47.56,168.2,grandpas_village,18.54,clear,21.717,7.047,0.00,16.16,build_catalogue
877.92,2026-08-30 22:53:32,-2.80,1.87,-47.56,168.2,grandpas_village,18.56,clear,18.715,6.066,0.00,16.16,world
878.42,2026-08-30 22:53:32,-2.80,1.87,-47.56,168.2,grandpas_village,18.58,clear,18.715,6.066,0.00,16.16,world
878.92,2026-08-30 22:53:33,-2.80,1.87,-47.56,168.2,grandpas_village,18.60,clear,16.860,5.661,0.00,16.16,world
879.42,2026-08-30 22:53:33,-2.80,1.87,-47.56,168.2,grandpas_village,18.62,clear,16.860,5.661,0.00,16.16,world
879.92,2026-08-30 22:53:34,-2.75,1.87,-47.55,147.2,grandpas_village,18.64,clear,16.387,5.358,0.00,16.13,world
880.42,2026-08-30 22:53:34,-2.75,1.87,-47.55,147.2,grandpas_village,18.66,clear,16.387,5.358,0.00,16.13,world
881.08,2026-08-30 22:53:35,-2.75,1.87,-47.55,147.2,grandpas_village,18.66,clear,161.007,6.189,0.00,16.13,menu_build
881.58,2026-08-30 22:53:35,-2.75,1.87,-47.55,147.2,grandpas_village,18.67,clear,161.007,6.189,0.00,16.13,build_catalogue
882.08,2026-08-30 22:53:36,-2.75,1.87,-47.55,147.2,grandpas_village,18.69,clear,112.724,13.182,0.00,16.13,build_catalogue
882.58,2026-08-30 22:53:36,-2.75,1.87,-47.55,147.2,grandpas_village,18.71,clear,112.724,13.182,0.00,16.13,build_catalogue
883.08,2026-08-30 22:53:37,-2.75,1.87,-47.55,147.2,grandpas_village,18.73,clear,18.572,6.127,0.00,16.13,build_catalogue
883.72,2026-08-30 22:53:37,-2.75,1.87,-47.55,147.2,grandpas_village,18.76,clear,19.304,6.744,0.00,16.13,build_catalogue
884.22,2026-08-30 22:53:38,-2.75,1.87,-47.55,147.2,grandpas_village,18.78,clear,19.304,6.744,0.00,16.13,build_catalogue
884.72,2026-08-30 22:53:38,-2.75,1.87,-47.55,147.2,grandpas_village,18.80,clear,18.229,7.309,0.00,16.13,build_catalogue
885.22,2026-08-30 22:53:39,-2.75,1.87,-47.55,147.2,grandpas_village,18.82,clear,18.229,7.309,0.00,16.13,build_catalogue
885.72,2026-08-30 22:53:39,-2.75,1.87,-47.55,147.2,grandpas_village,18.84,clear,19.079,6.321,0.00,16.13,build_catalogue
886.22,2026-08-30 22:53:40,-2.75,1.87,-47.55,147.2,grandpas_village,18.86,clear,19.079,6.321,0.00,16.13,world
886.72,2026-08-30 22:53:40,-2.75,1.87,-47.55,147.2,grandpas_village,18.88,clear,17.678,6.144,0.00,16.13,world
887.22,2026-08-30 22:53:41,-2.75,1.87,-47.55,147.2,grandpas_village,18.90,clear,17.678,6.144,0.00,16.13,world
887.72,2026-08-30 22:53:41,-2.75,1.87,-47.55,147.2,grandpas_village,18.92,clear,17.637,6.034,0.00,16.13,world
888.22,2026-08-30 22:53:42,-2.74,1.87,-47.54,136.7,grandpas_village,18.94,clear,17.637,6.034,0.00,16.12,world
888.72,2026-08-30 22:53:42,-2.74,1.87,-47.54,136.7,grandpas_village,18.96,clear,19.655,6.131,0.00,16.12,world
889.25,2026-08-30 22:53:43,-2.74,1.87,-47.54,136.7,grandpas_village,18.96,clear,19.655,6.131,0.00,16.12,menu_build
889.75,2026-08-30 22:53:43,-2.74,1.87,-47.54,136.7,grandpas_village,18.97,clear,155.165,11.759,0.00,16.12,build_catalogue
890.25,2026-08-30 22:53:44,-2.74,1.87,-47.54,136.7,grandpas_village,18.99,clear,155.165,11.759,0.00,16.12,build_catalogue
890.75,2026-08-30 22:53:44,-2.74,1.87,-47.54,136.7,grandpas_village,19.01,clear,18.699,6.844,0.00,16.12,build_catalogue
891.25,2026-08-30 22:53:45,-2.74,1.87,-47.54,136.7,grandpas_village,19.03,clear,18.699,6.844,0.00,16.12,build_catalogue
891.82,2026-08-30 22:53:46,-2.74,1.87,-47.54,136.7,grandpas_village,19.06,clear,18.195,5.832,0.00,16.12,build_catalogue
892.32,2026-08-30 22:53:46,-2.74,1.87,-47.54,136.7,grandpas_village,19.08,clear,18.195,5.832,0.00,16.12,build_catalogue
892.82,2026-08-30 22:53:47,-2.74,1.87,-47.54,136.7,grandpas_village,19.10,clear,20.371,7.153,0.00,16.12,build_catalogue
893.32,2026-08-30 22:53:47,-2.74,1.87,-47.54,136.7,grandpas_village,19.12,clear,20.371,7.153,0.00,16.12,build_catalogue
893.83,2026-08-30 22:53:48,-2.74,1.87,-47.54,136.7,grandpas_village,19.14,clear,18.076,7.193,0.00,16.12,build_catalogue
894.33,2026-08-30 22:53:48,-2.74,1.87,-47.54,136.7,grandpas_village,19.16,clear,18.076,7.193,0.00,16.12,world
894.83,2026-08-30 22:53:49,-2.74,1.87,-47.54,136.7,grandpas_village,19.18,clear,18.026,6.703,0.00,16.12,world
895.33,2026-08-30 22:53:49,-2.74,1.87,-47.54,136.7,grandpas_village,19.20,clear,18.026,6.703,0.00,16.12,world
895.83,2026-08-30 22:53:50,-2.74,1.87,-47.54,136.7,grandpas_village,19.22,clear,17.206,5.944,0.00,16.12,world
896.33,2026-08-30 22:53:50,-2.73,1.87,-47.54,126.2,grandpas_village,19.24,clear,17.206,5.944,0.00,16.11,world
896.83,2026-08-30 22:53:51,-2.73,1.87,-47.54,126.2,grandpas_village,19.26,clear,16.976,6.498,0.00,16.11,world
897.33,2026-08-30 22:53:51,-2.15,1.81,-45.96,19.9,grandpas_village,19.28,clear,16.976,6.498,0.00,14.47,world
897.83,2026-08-30 22:53:52,-1.30,1.77,-43.59,19.9,grandpas_village,19.30,clear,24.897,363.155,0.00,12.05,world
898.33,2026-08-30 22:53:52,-0.44,1.60,-41.19,19.9,grandpas_village,19.32,clear,24.897,363.155,0.00,9.65,world
898.83,2026-08-30 22:53:53,0.44,1.37,-38.77,19.9,grandpas_village,19.34,clear,18.552,5.745,0.00,7.33,world
899.33,2026-08-30 22:53:53,1.31,1.19,-36.37,19.9,grandpas_village,19.36,clear,18.552,5.745,0.00,5.25,world
899.83,2026-08-30 22:53:54,2.18,1.05,-33.97,19.9,grandpas_village,19.38,clear,18.298,5.512,0.00,3.82,world
900.33,2026-08-30 22:53:54,3.04,0.95,-31.59,19.9,grandpas_village,19.40,clear,18.298,5.512,0.00,1.90,world
900.83,2026-08-30 22:53:55,3.90,0.93,-29.23,19.9,grandpas_village,19.42,clear,19.201,6.408,0.00,2.05,world
901.33,2026-08-30 22:53:55,4.75,0.92,-26.88,19.9,grandpas_village,19.44,clear,19.201,6.408,0.00,3.36,world
901.83,2026-08-30 22:53:56,5.61,0.90,-24.52,19.9,grandpas_village,19.46,clear,20.935,7.625,0.00,5.49,world
902.33,2026-08-30 22:53:56,6.46,0.90,-22.17,19.9,grandpas_village,19.48,clear,20.935,7.625,0.00,5.54,world
902.83,2026-08-30 22:53:57,7.31,0.90,-19.82,19.9,grandpas_village,19.50,clear,22.477,6.278,0.00,5.17,world
903.33,2026-08-30 22:53:57,8.16,0.90,-17.47,19.9,grandpas_village,19.52,clear,22.477,6.278,0.00,5.94,world
903.83,2026-08-30 22:53:58,9.10,0.90,-15.21,19.9,grandpas_village,19.54,clear,22.956,7.393,0.00,7.38,world
904.33,2026-08-30 22:53:58,9.95,0.90,-12.86,19.9,grandpas_village,19.56,clear,22.956,7.393,0.00,9.37,world
904.83,2026-08-30 22:53:59,10.42,0.90,-11.56,19.9,grandpas_village,19.58,clear,19.382,5.909,0.00,10.56,world
905.33,2026-08-30 22:53:59,12.24,0.90,-11.48,19.9,grandpas_village,19.60,clear,19.382,5.909,0.00,8.98,world
905.83,2026-08-30 22:54:00,13.09,0.90,-9.13,19.9,grandpas_village,19.62,clear,22.662,6.639,0.00,9.74,world
906.33,2026-08-30 22:54:00,14.05,0.90,-7.05,19.9,grandpas_village,19.64,clear,22.662,6.639,0.00,10.75,world
906.83,2026-08-30 22:54:01,14.90,0.90,-4.70,19.9,grandpas_village,19.66,clear,22.752,6.104,0.00,12.40,world
907.33,2026-08-30 22:54:01,15.76,0.90,-2.35,19.9,grandpas_village,19.68,clear,22.752,6.104,0.00,11.68,world
907.83,2026-08-30 22:54:02,17.33,0.90,-0.72,19.9,grandpas_village,19.70,clear,18.800,6.026,0.00,10.65,world
908.33,2026-08-30 22:54:02,18.71,0.90,0.65,19.8,grandpas_village,19.72,clear,18.800,6.026,0.00,10.11,world
908.83,2026-08-30 22:54:03,18.54,0.90,0.19,-74.7,grandpas_village,19.74,clear,18.355,5.519,0.00,10.41,world
909.33,2026-08-30 22:54:03,18.38,0.90,-0.45,-76.1,grandpas_village,19.76,clear,18.355,5.519,0.00,10.87,world
909.83,2026-08-30 22:54:04,18.43,0.90,-0.12,-116.7,grandpas_village,19.78,clear,17.036,5.584,0.00,10.61,world
910.33,2026-08-30 22:54:04,18.49,0.90,-0.13,-34.1,grandpas_village,19.80,clear,17.036,5.584,0.00,10.66,world
910.83,2026-08-30 22:54:05,18.31,0.90,-0.43,-158.7,grandpas_village,19.82,clear,17.936,5.342,0.00,10.82,world
911.33,2026-08-30 22:54:05,18.61,0.90,0.18,7.9,grandpas_village,19.84,clear,17.936,5.342,0.00,10.45,world
911.83,2026-08-30 22:54:06,18.20,0.90,-0.74,-160.2,grandpas_village,19.86,clear,18.510,5.406,0.00,11.04,world
912.33,2026-08-30 22:54:06,18.72,0.90,0.49,19.8,grandpas_village,19.88,clear,18.510,5.406,0.00,10.25,world
912.83,2026-08-30 22:54:07,18.25,0.90,-0.83,-160.2,grandpas_village,19.90,clear,18.421,5.681,0.00,11.15,world
913.33,2026-08-30 22:54:07,18.72,0.90,0.64,19.8,grandpas_village,19.92,clear,18.421,5.681,0.00,10.13,world
913.83,2026-08-30 22:54:08,18.25,0.90,-0.83,-160.2,grandpas_village,19.94,clear,19.135,6.034,0.00,11.15,world
914.33,2026-08-30 22:54:08,18.68,0.90,0.59,-11.7,grandpas_village,19.96,clear,19.135,6.034,0.00,10.15,world
914.83,2026-08-30 22:54:09,18.26,0.90,-0.80,-139.2,grandpas_village,19.98,clear,36.834,6.228,0.00,11.12,world
915.33,2026-08-30 22:54:09,18.59,0.90,0.36,-53.7,grandpas_village,20.00,clear,36.834,6.228,0.00,10.30,world
915.83,2026-08-30 22:54:10,18.33,0.90,-0.60,-97.1,grandpas_village,20.02,clear,21.660,5.733,0.00,10.98,world
916.33,2026-08-30 22:54:10,18.48,0.90,0.04,-95.7,grandpas_village,20.04,clear,21.660,5.733,0.00,10.50,world
916.83,2026-08-30 22:54:11,18.44,0.90,-0.29,-55.1,grandpas_village,20.06,clear,19.642,7.216,0.00,10.77,world
917.33,2026-08-30 22:54:11,18.37,0.90,-0.27,-137.7,grandpas_village,20.08,clear,19.642,7.216,0.00,10.71,world
917.83,2026-08-30 22:54:12,18.55,0.90,0.02,-13.1,grandpas_village,20.10,clear,20.189,7.076,0.00,10.56,world
918.33,2026-08-30 22:54:12,18.26,0.90,-0.59,-160.2,grandpas_village,20.12,clear,20.189,7.076,0.00,10.93,world
918.83,2026-08-30 22:54:13,18.67,0.90,0.34,19.8,grandpas_village,20.14,clear,25.075,8.728,0.00,10.35,world
919.33,2026-08-30 22:54:13,18.23,0.90,-0.81,-160.2,grandpas_village,20.16,clear,25.075,8.728,0.00,11.12,world
919.83,2026-08-30 22:54:14,18.74,0.90,0.61,19.8,grandpas_village,20.18,clear,18.713,7.170,0.00,10.16,world
920.33,2026-08-30 22:54:14,18.25,0.90,-0.83,-160.2,grandpas_village,20.20,clear,18.713,7.170,0.00,11.15,world
920.83,2026-08-30 22:54:15,18.71,0.90,0.64,9.3,grandpas_village,20.22,clear,19.314,7.990,0.00,10.13,world
921.33,2026-08-30 22:54:15,18.25,0.90,-0.83,-160.2,grandpas_village,20.24,clear,19.314,7.990,0.00,11.15,world
921.83,2026-08-30 22:54:16,18.65,0.90,0.49,-32.7,grandpas_village,20.26,clear,21.556,7.342,0.00,10.21,world
922.33,2026-08-30 22:54:16,18.28,0.90,-0.72,-118.2,grandpas_village,20.28,clear,21.556,7.342,0.00,11.07,world
922.83,2026-08-30 22:54:17,18.54,0.90,0.20,-74.7,grandpas_village,20.30,clear,19.411,7.211,0.00,10.40,world
923.33,2026-08-30 22:54:17,18.38,0.90,-0.45,-76.1,grandpas_village,20.32,clear,19.411,7.211,0.00,10.87,world
923.83,2026-08-30 22:54:18,18.43,0.90,-0.12,-116.7,grandpas_village,20.34,clear,19.835,7.434,0.00,10.61,world
924.33,2026-08-30 22:54:18,18.50,0.90,-0.13,-34.1,grandpas_village,20.36,clear,19.835,7.434,0.00,10.66,world
924.83,2026-08-30 22:54:19,18.31,0.90,-0.43,-158.7,grandpas_village,20.38,clear,22.682,8.383,0.00,10.82,world
925.33,2026-08-30 22:54:19,18.61,0.90,0.18,7.9,grandpas_village,20.40,clear,22.682,8.383,0.00,10.45,world
925.83,2026-08-30 22:54:20,18.20,0.90,-0.74,-160.2,grandpas_village,20.42,clear,18.704,6.586,0.00,11.04,world
926.33,2026-08-30 22:54:20,18.72,0.90,0.49,19.8,grandpas_village,20.44,clear,18.704,6.586,0.00,10.25,world
926.83,2026-08-30 22:54:21,18.25,0.90,-0.83,-160.2,grandpas_village,20.46,clear,20.183,7.317,0.00,11.15,world
927.47,2026-08-30 22:54:21,18.25,0.90,-0.82,-149.7,grandpas_village,20.48,clear,19.939,7.435,0.00,11.14,world
927.97,2026-08-30 22:54:22,18.25,0.90,-0.82,-149.7,grandpas_village,20.50,clear,19.939,7.435,0.00,11.14,world
928.47,2026-08-30 22:54:22,18.25,0.90,-0.82,-149.7,grandpas_village,20.52,clear,20.633,8.743,0.00,11.14,world
928.97,2026-08-30 22:54:23,18.25,0.90,-0.82,-149.7,grandpas_village,20.54,clear,20.633,8.743,0.00,11.14,world
929.47,2026-08-30 22:54:23,18.25,0.90,-0.82,-149.7,grandpas_village,20.56,clear,26.346,7.620,0.00,11.14,world
929.97,2026-08-30 22:54:24,18.25,0.90,-0.82,-149.7,grandpas_village,20.58,clear,26.346,7.620,0.00,11.14,world
930.47,2026-08-30 22:54:24,18.25,0.90,-0.82,-149.7,grandpas_village,20.60,clear,24.798,7.971,0.00,11.14,world
930.97,2026-08-30 22:54:25,18.25,0.90,-0.82,-149.7,grandpas_village,20.62,clear,24.798,7.971,0.00,11.14,world
931.47,2026-08-30 22:54:25,18.25,0.90,-0.82,-149.7,grandpas_village,20.64,clear,18.043,6.414,0.00,11.14,world
931.97,2026-08-30 22:54:26,18.25,0.90,-0.82,-149.7,grandpas_village,20.66,clear,18.043,6.414,0.00,11.14,world
932.47,2026-08-30 22:54:26,18.25,0.90,-0.82,-149.7,grandpas_village,20.68,clear,20.790,6.616,0.00,11.14,world
932.97,2026-08-30 22:54:27,18.25,0.90,-0.82,-149.7,grandpas_village,20.70,clear,20.790,6.616,0.00,11.14,world
933.47,2026-08-30 22:54:27,18.25,0.90,-0.82,-149.7,grandpas_village,20.72,clear,19.465,7.151,0.00,11.14,world
933.97,2026-08-30 22:54:28,18.25,0.90,-0.82,-149.7,grandpas_village,20.74,clear,19.465,7.151,0.00,11.14,world
934.47,2026-08-30 22:54:28,18.25,0.90,-0.82,-149.7,grandpas_village,20.76,clear,17.919,6.834,0.00,11.14,world
934.97,2026-08-30 22:54:29,18.25,0.90,-0.82,-149.7,grandpas_village,20.78,clear,17.919,6.834,0.00,11.14,world
935.47,2026-08-30 22:54:29,18.25,0.90,-0.82,-149.7,grandpas_village,20.80,clear,19.431,7.097,0.00,11.14,world
935.97,2026-08-30 22:54:30,18.25,0.90,-0.82,-149.7,grandpas_village,20.82,clear,19.431,7.097,0.00,11.14,world
936.47,2026-08-30 22:54:30,18.25,0.90,-0.82,-149.7,grandpas_village,20.84,clear,23.374,9.204,0.00,11.14,world
936.97,2026-08-30 22:54:31,18.25,0.90,-0.82,-149.7,grandpas_village,20.86,clear,23.374,9.204,0.00,11.14,world
937.47,2026-08-30 22:54:31,18.25,0.90,-0.82,-149.7,grandpas_village,20.88,clear,25.482,10.433,0.00,11.14,world
937.97,2026-08-30 22:54:32,18.25,0.90,-0.82,-149.7,grandpas_village,20.90,clear,25.482,10.433,0.00,11.14,world
938.47,2026-08-30 22:54:32,18.25,0.90,-0.82,-149.7,grandpas_village,20.92,clear,19.647,6.778,0.00,11.14,world
938.97,2026-08-30 22:54:33,18.25,0.90,-0.82,-149.7,grandpas_village,20.94,clear,19.647,6.778,0.00,11.14,world
939.47,2026-08-30 22:54:33,18.25,0.90,-0.82,-149.7,grandpas_village,20.96,clear,18.385,6.486,0.00,11.14,world
939.97,2026-08-30 22:54:34,18.25,0.90,-0.82,-149.7,grandpas_village,20.98,clear,18.385,6.486,0.00,11.14,world
940.47,2026-08-30 22:54:34,18.25,0.90,-0.82,-149.7,grandpas_village,21.00,clear,20.294,6.933,0.00,11.14,world
940.97,2026-08-30 22:54:35,18.25,0.90,-0.82,-149.7,grandpas_village,21.02,clear,20.294,6.933,0.00,11.14,world
941.47,2026-08-30 22:54:35,18.25,0.90,-0.82,-149.7,grandpas_village,21.04,clear,21.667,9.719,0.00,11.14,world
941.97,2026-08-30 22:54:36,18.25,0.90,-0.82,-149.7,grandpas_village,21.06,clear,21.667,9.719,0.00,11.14,world
942.47,2026-08-30 22:54:36,18.25,0.90,-0.82,-149.7,grandpas_village,21.08,clear,21.568,7.177,0.00,11.14,world
942.97,2026-08-30 22:54:37,18.25,0.90,-0.82,-149.7,grandpas_village,21.10,clear,21.568,7.177,0.00,11.14,world
943.47,2026-08-30 22:54:37,18.25,0.90,-0.82,-149.7,grandpas_village,21.12,clear,20.168,7.163,0.00,11.14,world
943.97,2026-08-30 22:54:38,18.25,0.90,-0.82,-149.7,grandpas_village,21.14,clear,20.168,7.163,0.00,11.14,world
944.47,2026-08-30 22:54:38,18.25,0.90,-0.82,-149.7,grandpas_village,21.16,clear,19.898,8.829,0.00,11.14,world
944.97,2026-08-30 22:54:39,18.25,0.90,-0.82,-149.7,grandpas_village,21.18,clear,19.898,8.829,0.00,11.14,world
945.47,2026-08-30 22:54:39,18.25,0.90,-0.82,-149.7,grandpas_village,21.20,clear,20.657,8.336,0.00,11.14,world
945.97,2026-08-30 22:54:40,18.25,0.90,-0.82,-149.7,grandpas_village,21.22,clear,20.657,8.336,0.00,11.14,world
946.47,2026-08-30 22:54:40,18.25,0.90,-0.82,-149.7,grandpas_village,21.24,clear,20.045,9.269,0.00,11.14,world
946.97,2026-08-30 22:54:41,18.25,0.90,-0.82,-149.7,grandpas_village,21.26,clear,20.045,9.269,0.00,11.14,world
947.47,2026-08-30 22:54:41,18.25,0.90,-0.82,-149.7,grandpas_village,21.28,clear,19.092,6.895,0.00,11.14,world
947.97,2026-08-30 22:54:42,18.25,0.90,-0.82,-149.7,grandpas_village,21.30,clear,19.092,6.895,0.00,11.14,world
948.47,2026-08-30 22:54:42,18.25,0.90,-0.82,-149.7,grandpas_village,21.32,clear,18.590,6.593,0.00,11.14,world
948.97,2026-08-30 22:54:43,18.25,0.90,-0.82,-149.7,grandpas_village,21.34,clear,18.590,6.593,0.00,11.14,world
949.47,2026-08-30 22:54:43,18.25,0.90,-0.82,-149.7,grandpas_village,21.36,clear,18.475,6.881,0.00,11.14,world
949.97,2026-08-30 22:54:44,18.25,0.90,-0.82,-149.7,grandpas_village,21.38,clear,18.475,6.881,0.00,11.14,world
950.47,2026-08-30 22:54:44,18.25,0.90,-0.82,-149.7,grandpas_village,21.40,clear,18.105,6.840,0.00,11.14,world
950.97,2026-08-30 22:54:45,18.25,0.90,-0.82,-149.7,grandpas_village,21.42,clear,18.105,6.840,0.00,11.14,world
951.47,2026-08-30 22:54:45,18.25,0.90,-0.82,-149.7,grandpas_village,21.44,clear,18.667,7.366,0.00,11.14,world
951.97,2026-08-30 22:54:46,18.25,0.90,-0.82,-149.7,grandpas_village,21.46,clear,18.667,7.366,0.00,11.14,world
952.47,2026-08-30 22:54:46,18.25,0.90,-0.82,-149.7,grandpas_village,21.48,clear,19.199,7.102,0.00,11.14,world
952.97,2026-08-30 22:54:47,18.25,0.90,-0.82,-149.7,grandpas_village,21.50,clear,19.199,7.102,0.00,11.14,world
953.47,2026-08-30 22:54:47,18.25,0.90,-0.82,-149.7,grandpas_village,21.52,clear,18.180,6.950,0.00,11.14,world
953.97,2026-08-30 22:54:48,18.25,0.90,-0.82,-149.7,grandpas_village,21.54,clear,18.180,6.950,0.00,11.14,world
954.47,2026-08-30 22:54:48,18.25,0.90,-0.82,-149.7,grandpas_village,21.56,clear,18.896,6.713,0.00,11.14,world
954.97,2026-08-30 22:54:49,18.25,0.90,-0.82,-149.7,grandpas_village,21.58,clear,18.896,6.713,0.00,11.14,world
955.47,2026-08-30 22:54:49,18.25,0.90,-0.82,-149.7,grandpas_village,21.60,clear,18.611,7.536,0.00,11.14,world
955.97,2026-08-30 22:54:50,18.25,0.90,-0.82,-149.7,grandpas_village,21.62,clear,18.611,7.536,0.00,11.14,world
956.47,2026-08-30 22:54:50,18.25,0.90,-0.82,-149.7,grandpas_village,21.64,clear,18.148,6.447,0.00,11.14,world
956.97,2026-08-30 22:54:51,18.25,0.90,-0.82,-149.7,grandpas_village,21.66,clear,18.148,6.447,0.00,11.14,world
957.47,2026-08-30 22:54:51,18.25,0.90,-0.82,-149.7,grandpas_village,21.68,clear,18.746,6.675,0.00,11.14,world
957.97,2026-08-30 22:54:52,18.25,0.90,-0.82,-149.7,grandpas_village,21.70,clear,18.746,6.675,0.00,11.14,world
958.47,2026-08-30 22:54:52,18.25,0.90,-0.82,-149.7,grandpas_village,21.72,clear,19.738,6.863,0.00,11.14,world
958.97,2026-08-30 22:54:53,18.25,0.90,-0.82,-149.7,grandpas_village,21.74,clear,19.738,6.863,0.00,11.14,world
959.47,2026-08-30 22:54:53,18.25,0.90,-0.82,-149.7,grandpas_village,21.76,clear,18.479,6.852,0.00,11.14,world
959.97,2026-08-30 22:54:54,18.25,0.90,-0.82,-149.7,grandpas_village,21.78,clear,18.479,6.852,0.00,11.14,world
960.47,2026-08-30 22:54:54,18.25,0.90,-0.82,-149.7,grandpas_village,21.80,clear,20.835,6.937,0.00,11.14,world
960.97,2026-08-30 22:54:55,18.25,0.90,-0.82,-149.7,grandpas_village,21.82,clear,20.835,6.937,0.00,11.14,world
961.47,2026-08-30 22:54:55,18.25,0.90,-0.82,-149.7,grandpas_village,21.84,clear,25.434,9.286,0.00,11.14,world
961.97,2026-08-30 22:54:56,18.25,0.90,-0.82,-149.7,grandpas_village,21.86,clear,25.434,9.286,0.00,11.14,world
962.47,2026-08-30 22:54:56,18.25,0.90,-0.82,-149.7,grandpas_village,21.88,clear,19.551,7.314,0.00,11.14,world
962.97,2026-08-30 22:54:57,18.25,0.90,-0.82,-149.7,grandpas_village,21.90,clear,19.551,7.314,0.00,11.14,world
963.47,2026-08-30 22:54:57,18.25,0.90,-0.82,-149.7,grandpas_village,21.92,clear,18.569,6.662,0.00,11.14,world
963.97,2026-08-30 22:54:58,18.25,0.90,-0.82,-149.7,grandpas_village,21.94,clear,18.569,6.662,0.00,11.14,world
964.47,2026-08-30 22:54:58,18.25,0.90,-0.82,-149.7,grandpas_village,21.96,clear,18.543,6.656,0.00,11.14,world
964.97,2026-08-30 22:54:59,18.25,0.90,-0.82,-149.7,grandpas_village,21.98,clear,18.543,6.656,0.00,11.14,world
965.47,2026-08-30 22:54:59,18.25,0.90,-0.82,-149.7,grandpas_village,22.00,clear,19.087,7.141,0.00,11.14,world
965.97,2026-08-30 22:55:00,18.25,0.90,-0.82,-149.7,grandpas_village,22.02,clear,19.087,7.141,0.00,11.14,world
966.47,2026-08-30 22:55:00,18.25,0.90,-0.82,-149.7,grandpas_village,22.04,clear,20.384,8.139,0.00,11.14,world
966.97,2026-08-30 22:55:01,18.25,0.90,-0.82,-149.7,grandpas_village,22.06,clear,20.384,8.139,0.00,11.14,world
967.47,2026-08-30 22:55:01,18.25,0.90,-0.82,-149.7,grandpas_village,22.08,clear,22.722,9.352,0.00,11.14,world
967.97,2026-08-30 22:55:02,18.25,0.90,-0.82,-149.7,grandpas_village,22.10,clear,22.722,9.352,0.00,11.14,world
968.47,2026-08-30 22:55:02,18.25,0.90,-0.82,-149.7,grandpas_village,22.12,clear,20.643,7.095,0.00,11.14,world
968.97,2026-08-30 22:55:03,18.25,0.90,-0.82,-149.7,grandpas_village,22.14,clear,20.643,7.095,0.00,11.14,world
969.47,2026-08-30 22:55:03,18.25,0.90,-0.82,-149.7,grandpas_village,22.16,clear,19.310,7.315,0.00,11.14,world
969.97,2026-08-30 22:55:04,18.25,0.90,-0.82,-149.7,grandpas_village,22.18,clear,19.310,7.315,0.00,11.14,world
970.47,2026-08-30 22:55:04,18.25,0.90,-0.82,-149.7,grandpas_village,22.20,clear,19.383,7.740,0.00,11.14,world
970.97,2026-08-30 22:55:05,18.25,0.90,-0.82,-149.7,grandpas_village,22.22,clear,19.383,7.740,0.00,11.14,world
971.47,2026-08-30 22:55:05,18.25,0.90,-0.82,-149.7,grandpas_village,22.24,clear,20.133,7.930,0.00,11.14,world
971.97,2026-08-30 22:55:06,18.25,0.90,-0.82,-149.7,grandpas_village,22.26,clear,20.133,7.930,0.00,11.14,world
972.47,2026-08-30 22:55:06,18.25,0.90,-0.82,-149.7,grandpas_village,22.28,clear,20.517,7.369,0.00,11.14,world
972.97,2026-08-30 22:55:07,18.25,0.90,-0.82,-149.7,grandpas_village,22.30,clear,20.517,7.369,0.00,11.14,world
973.47,2026-08-30 22:55:07,18.25,0.90,-0.82,-149.7,grandpas_village,22.32,clear,25.064,8.497,0.00,11.14,world
973.97,2026-08-30 22:55:08,18.25,0.90,-0.82,-149.7,grandpas_village,22.34,clear,25.064,8.497,0.00,11.14,world
974.47,2026-08-30 22:55:08,18.25,0.90,-0.82,-149.7,grandpas_village,22.36,clear,21.449,8.473,0.00,11.14,world
974.97,2026-08-30 22:55:09,18.25,0.90,-0.82,-149.7,grandpas_village,22.38,clear,21.449,8.473,0.00,11.14,world
975.47,2026-08-30 22:55:09,18.25,0.90,-0.82,-149.7,grandpas_village,22.40,clear,25.313,7.475,0.00,11.14,world
975.97,2026-08-30 22:55:10,18.25,0.90,-0.82,-149.7,grandpas_village,22.42,clear,25.313,7.475,0.00,11.14,world
976.47,2026-08-30 22:55:10,18.25,0.90,-0.82,-149.7,grandpas_village,22.44,clear,23.368,8.383,0.00,11.14,world
976.97,2026-08-30 22:55:11,18.25,0.90,-0.82,-149.7,grandpas_village,22.46,clear,23.368,8.383,0.00,11.14,world
977.47,2026-08-30 22:55:11,18.25,0.90,-0.82,-149.7,grandpas_village,22.48,clear,21.700,9.071,0.00,11.14,world
977.97,2026-08-30 22:55:12,18.25,0.90,-0.82,-149.7,grandpas_village,22.50,clear,21.700,9.071,0.00,11.14,world
978.47,2026-08-30 22:55:12,18.25,0.90,-0.82,-149.7,grandpas_village,22.52,clear,19.689,7.684,0.00,11.14,world
978.97,2026-08-30 22:55:13,18.25,0.90,-0.82,-149.7,grandpas_village,22.54,clear,19.689,7.684,0.00,11.14,world
979.47,2026-08-30 22:55:13,18.25,0.90,-0.82,-149.7,grandpas_village,22.56,clear,19.600,7.198,0.00,11.14,world
979.97,2026-08-30 22:55:14,18.25,0.90,-0.82,-149.7,grandpas_village,22.58,clear,19.600,7.198,0.00,11.14,world
980.47,2026-08-30 22:55:14,18.25,0.90,-0.82,-149.7,grandpas_village,22.60,clear,18.796,7.339,0.00,11.14,world
980.97,2026-08-30 22:55:15,18.25,0.90,-0.82,-149.7,grandpas_village,22.62,clear,18.796,7.339,0.00,11.14,world
981.47,2026-08-30 22:55:15,18.25,0.90,-0.82,-149.7,grandpas_village,22.64,clear,19.263,7.158,0.00,11.14,world
981.97,2026-08-30 22:55:16,18.25,0.90,-0.82,-149.7,grandpas_village,22.66,clear,19.263,7.158,0.00,11.14,world
982.47,2026-08-30 22:55:16,18.25,0.90,-0.82,-149.7,grandpas_village,22.68,clear,20.574,7.071,0.00,11.14,world
982.97,2026-08-30 22:55:17,18.25,0.90,-0.82,-149.7,grandpas_village,22.70,clear,20.574,7.071,0.00,11.14,world
983.47,2026-08-30 22:55:17,18.25,0.90,-0.82,-149.7,grandpas_village,22.72,clear,19.940,7.604,0.00,11.14,world
983.97,2026-08-30 22:55:18,18.25,0.90,-0.82,-149.7,grandpas_village,22.74,clear,19.940,7.604,0.00,11.14,world
984.47,2026-08-30 22:55:18,18.25,0.90,-0.82,-149.7,grandpas_village,22.76,clear,18.883,7.190,0.00,11.14,world
984.97,2026-08-30 22:55:19,18.25,0.90,-0.82,-149.7,grandpas_village,22.78,clear,18.883,7.190,0.00,11.14,world
985.47,2026-08-30 22:55:19,18.25,0.90,-0.82,-149.7,grandpas_village,22.80,clear,17.311,7.059,0.00,11.14,world
985.97,2026-08-30 22:55:20,18.25,0.90,-0.82,-149.7,grandpas_village,22.82,clear,17.311,7.059,0.00,11.14,world
986.47,2026-08-30 22:55:20,18.25,0.90,-0.82,-149.7,grandpas_village,22.84,clear,20.259,7.563,0.00,11.14,world
986.97,2026-08-30 22:55:21,18.25,0.90,-0.82,-149.7,grandpas_village,22.86,clear,20.259,7.563,0.00,11.14,world
987.47,2026-08-30 22:55:21,18.25,0.90,-0.82,-149.7,grandpas_village,22.88,clear,20.476,7.516,0.00,11.14,world
987.97,2026-08-30 22:55:22,18.25,0.90,-0.82,-149.7,grandpas_village,22.90,clear,20.476,7.516,0.00,11.14,world
988.47,2026-08-30 22:55:22,18.25,0.90,-0.82,-149.7,grandpas_village,22.92,clear,20.923,8.308,0.00,11.14,world
988.97,2026-08-30 22:55:23,18.25,0.90,-0.82,-149.7,grandpas_village,22.94,clear,20.923,8.308,0.00,11.14,world
989.47,2026-08-30 22:55:23,18.25,0.90,-0.82,-149.7,grandpas_village,22.96,clear,23.534,8.797,0.00,11.14,world
989.97,2026-08-30 22:55:24,18.25,0.90,-0.82,-149.7,grandpas_village,22.98,clear,23.534,8.797,0.00,11.14,world
990.47,2026-08-30 22:55:24,18.25,0.90,-0.82,-149.7,grandpas_village,23.00,clear,20.129,7.183,0.00,11.14,world
990.97,2026-08-30 22:55:25,18.25,0.90,-0.82,-149.7,grandpas_village,23.02,clear,20.129,7.183,0.00,11.14,world
991.47,2026-08-30 22:55:25,18.25,0.90,-0.82,-149.7,grandpas_village,23.04,clear,21.067,8.640,0.00,11.14,world
991.97,2026-08-30 22:55:26,18.25,0.90,-0.82,-149.7,grandpas_village,23.06,clear,21.067,8.640,0.00,11.14,world
992.47,2026-08-30 22:55:26,18.25,0.90,-0.82,-149.7,grandpas_village,23.08,clear,22.729,7.255,0.00,11.14,world
992.97,2026-08-30 22:55:27,18.25,0.90,-0.82,-149.7,grandpas_village,23.10,clear,22.729,7.255,0.00,11.14,world
993.47,2026-08-30 22:55:27,18.25,0.90,-0.82,-149.7,grandpas_village,23.12,clear,19.879,7.570,0.00,11.14,world
993.97,2026-08-30 22:55:28,18.25,0.90,-0.82,-149.7,grandpas_village,23.14,clear,19.879,7.570,0.00,11.14,world
994.47,2026-08-30 22:55:28,18.25,0.90,-0.82,-149.7,grandpas_village,23.16,clear,19.189,7.288,0.00,11.14,world
994.97,2026-08-30 22:55:29,18.25,0.90,-0.82,-149.7,grandpas_village,23.18,clear,19.189,7.288,0.00,11.14,world
995.47,2026-08-30 22:55:29,18.25,0.90,-0.82,-149.7,grandpas_village,23.20,clear,19.409,7.074,0.00,11.14,world
995.97,2026-08-30 22:55:30,18.25,0.90,-0.82,-149.7,grandpas_village,23.22,clear,19.409,7.074,0.00,11.14,world
996.47,2026-08-30 22:55:30,18.25,0.90,-0.82,-149.7,grandpas_village,23.24,clear,19.154,7.285,0.00,11.14,world
996.97,2026-08-30 22:55:31,18.25,0.90,-0.82,-149.7,grandpas_village,23.26,clear,19.154,7.285,0.00,11.14,world
997.47,2026-08-30 22:55:31,18.25,0.90,-0.82,-149.7,grandpas_village,23.28,clear,18.869,7.028,0.00,11.14,world
997.97,2026-08-30 22:55:32,18.25,0.90,-0.82,-149.7,grandpas_village,23.30,clear,18.869,7.028,0.00,11.14,world
998.47,2026-08-30 22:55:32,18.25,0.90,-0.82,-149.7,grandpas_village,23.32,clear,18.330,7.221,0.00,11.14,world
998.97,2026-08-30 22:55:33,18.25,0.90,-0.82,-149.7,grandpas_village,23.34,clear,18.330,7.221,0.00,11.14,world
999.47,2026-08-30 22:55:33,18.25,0.90,-0.82,-149.7,grandpas_village,23.36,clear,18.052,6.990,0.00,11.14,world
999.97,2026-08-30 22:55:34,18.25,0.90,-0.82,-149.7,grandpas_village,23.38,clear,18.052,6.990,0.00,11.14,world
1000.47,2026-08-30 22:55:34,18.25,0.90,-0.82,-149.7,grandpas_village,23.40,clear,19.883,7.342,0.00,11.14,world
1000.97,2026-08-30 22:55:35,18.25,0.90,-0.82,-149.7,grandpas_village,23.42,clear,19.883,7.342,0.00,11.14,world
1001.47,2026-08-30 22:55:35,18.25,0.90,-0.82,-149.7,grandpas_village,23.44,clear,19.313,7.832,0.00,11.14,world
1001.97,2026-08-30 22:55:36,18.25,0.90,-0.82,-149.7,grandpas_village,23.46,clear,19.313,7.832,0.00,11.14,world
1002.47,2026-08-30 22:55:36,18.25,0.90,-0.82,-149.7,grandpas_village,23.48,clear,19.263,7.538,0.00,11.14,world
1002.97,2026-08-30 22:55:37,18.25,0.90,-0.82,-149.7,grandpas_village,23.50,clear,19.263,7.538,0.00,11.14,world
1003.47,2026-08-30 22:55:37,18.25,0.90,-0.82,-149.7,grandpas_village,23.52,clear,25.519,8.000,0.00,11.14,world
1003.97,2026-08-30 22:55:38,18.25,0.90,-0.82,-149.7,grandpas_village,23.54,clear,25.519,8.000,0.00,11.14,world
1004.47,2026-08-30 22:55:38,18.25,0.90,-0.82,-149.7,grandpas_village,23.56,clear,19.868,7.217,0.00,11.14,world
1004.97,2026-08-30 22:55:39,18.25,0.90,-0.82,-149.7,grandpas_village,23.58,clear,19.868,7.217,0.00,11.14,world
1005.47,2026-08-30 22:55:39,18.25,0.90,-0.82,-149.7,grandpas_village,23.60,clear,20.955,7.579,0.00,11.14,world
1005.97,2026-08-30 22:55:40,18.25,0.90,-0.82,-149.7,grandpas_village,23.62,clear,20.955,7.579,0.00,11.14,world
1006.47,2026-08-30 22:55:40,18.25,0.90,-0.82,-149.7,grandpas_village,23.64,clear,24.383,8.960,0.00,11.14,world
1006.97,2026-08-30 22:55:41,18.25,0.90,-0.82,-149.7,grandpas_village,23.66,clear,24.383,8.960,0.00,11.14,world
1007.47,2026-08-30 22:55:41,18.25,0.90,-0.82,-149.7,grandpas_village,23.68,clear,28.582,10.616,0.00,11.14,world
1007.97,2026-08-30 22:55:42,18.25,0.90,-0.82,-149.7,grandpas_village,23.70,clear,28.582,10.616,0.00,11.14,world
1008.47,2026-08-30 22:55:42,18.25,0.90,-0.82,-149.7,grandpas_village,23.72,clear,26.914,9.076,0.00,11.14,world
1008.97,2026-08-30 22:55:43,18.25,0.90,-0.82,-149.7,grandpas_village,23.74,clear,26.914,9.076,0.00,11.14,world
1009.47,2026-08-30 22:55:43,18.25,0.90,-0.82,-149.7,grandpas_village,23.76,clear,19.344,7.073,0.00,11.14,world
1009.97,2026-08-30 22:55:44,18.25,0.90,-0.82,-149.7,grandpas_village,23.78,clear,19.344,7.073,0.00,11.14,world
1010.47,2026-08-30 22:55:44,18.25,0.90,-0.82,-149.7,grandpas_village,23.80,clear,18.674,7.246,0.00,11.14,world
1010.97,2026-08-30 22:55:45,18.25,0.90,-0.82,-149.7,grandpas_village,23.82,clear,18.674,7.246,0.00,11.14,world
1011.47,2026-08-30 22:55:45,18.25,0.90,-0.82,-149.7,grandpas_village,23.84,clear,20.533,7.338,0.00,11.14,world
1011.97,2026-08-30 22:55:46,18.25,0.90,-0.82,-149.7,grandpas_village,23.86,clear,20.533,7.338,0.00,11.14,world
1012.47,2026-08-30 22:55:46,18.25,0.90,-0.82,-149.7,grandpas_village,23.88,clear,19.449,6.740,0.00,11.14,world
1012.97,2026-08-30 22:55:47,18.25,0.90,-0.82,-149.7,grandpas_village,23.90,clear,19.449,6.740,0.00,11.14,world
1013.47,2026-08-30 22:55:47,18.25,0.90,-0.82,-149.7,grandpas_village,23.92,clear,20.532,7.339,0.00,11.14,world
1013.97,2026-08-30 22:55:48,18.25,0.90,-0.82,-149.7,grandpas_village,23.94,clear,20.532,7.339,0.00,11.14,world
1014.47,2026-08-30 22:55:48,18.25,0.90,-0.82,-149.7,grandpas_village,23.96,clear,18.685,6.791,0.00,11.14,world
1014.97,2026-08-30 22:55:49,18.25,0.90,-0.82,-149.7,grandpas_village,23.98,clear,18.685,6.791,0.00,11.14,world
1015.47,2026-08-30 22:55:49,18.25,0.90,-0.82,-149.7,grandpas_village,0.00,clear,18.995,7.566,0.00,11.14,world
1015.97,2026-08-30 22:55:50,18.25,0.90,-0.82,-149.7,grandpas_village,0.02,clear,18.995,7.566,0.00,11.14,world
1016.47,2026-08-30 22:55:50,18.25,0.90,-0.82,-149.7,grandpas_village,0.04,clear,20.012,6.987,0.00,11.14,world
1016.97,2026-08-30 22:55:51,18.25,0.90,-0.82,-149.7,grandpas_village,0.06,clear,20.012,6.987,0.00,11.14,world
1017.47,2026-08-30 22:55:51,18.25,0.90,-0.82,-149.7,grandpas_village,0.08,clear,19.800,7.498,0.00,11.14,world
1017.97,2026-08-30 22:55:52,18.25,0.90,-0.82,-149.7,grandpas_village,0.10,clear,19.800,7.498,0.00,11.14,world
1018.47,2026-08-30 22:55:52,18.25,0.90,-0.82,-149.7,grandpas_village,0.12,clear,18.716,7.055,0.00,11.14,world
1018.97,2026-08-30 22:55:53,18.25,0.90,-0.82,-149.7,grandpas_village,0.14,clear,18.716,7.055,0.00,11.14,world
1019.47,2026-08-30 22:55:53,18.25,0.90,-0.82,-149.7,grandpas_village,0.16,clear,18.627,7.148,0.00,11.14,world
1019.97,2026-08-30 22:55:54,18.25,0.90,-0.82,-149.7,grandpas_village,0.18,clear,18.627,7.148,0.00,11.14,world
1020.47,2026-08-30 22:55:54,18.25,0.90,-0.82,-149.7,grandpas_village,0.20,clear,22.530,9.543,0.00,11.14,world
1020.97,2026-08-30 22:55:55,18.25,0.90,-0.82,-149.7,grandpas_village,0.22,clear,22.530,9.543,0.00,11.14,world
1021.47,2026-08-30 22:55:55,18.25,0.90,-0.82,-149.7,grandpas_village,0.24,clear,19.623,7.488,0.00,11.14,world
1021.97,2026-08-30 22:55:56,18.25,0.90,-0.82,-149.7,grandpas_village,0.26,clear,19.623,7.488,0.00,11.14,world
1022.47,2026-08-30 22:55:56,18.25,0.90,-0.82,-149.7,grandpas_village,0.28,clear,18.705,6.723,0.00,11.14,world
1022.97,2026-08-30 22:55:57,18.25,0.90,-0.82,-149.7,grandpas_village,0.30,clear,18.705,6.723,0.00,11.14,world
1023.47,2026-08-30 22:55:57,18.25,0.90,-0.82,-149.7,grandpas_village,0.32,clear,19.499,9.273,0.00,11.14,world
1023.97,2026-08-30 22:55:58,18.25,0.90,-0.82,-149.7,grandpas_village,0.34,clear,19.499,9.273,0.00,11.14,world
1024.47,2026-08-30 22:55:58,18.25,0.90,-0.82,-149.7,grandpas_village,0.36,clear,23.377,8.225,0.00,11.14,world
1024.97,2026-08-30 22:55:59,18.25,0.90,-0.82,-149.7,grandpas_village,0.38,clear,23.377,8.225,0.00,11.14,world
1025.47,2026-08-30 22:55:59,18.25,0.90,-0.82,-149.7,grandpas_village,0.40,clear,17.785,6.341,0.00,11.14,world
1025.97,2026-08-30 22:56:00,18.25,0.90,-0.82,-149.7,grandpas_village,0.42,clear,17.785,6.341,0.00,11.14,world
1026.47,2026-08-30 22:56:00,18.25,0.90,-0.82,-149.7,grandpas_village,0.44,clear,18.671,7.042,0.00,11.14,world
1026.97,2026-08-30 22:56:01,18.25,0.90,-0.82,-149.7,grandpas_village,0.46,clear,18.671,7.042,0.00,11.14,world
1027.47,2026-08-30 22:56:01,18.25,0.90,-0.82,-149.7,grandpas_village,0.48,clear,18.964,6.843,0.00,11.14,world
1027.97,2026-08-30 22:56:02,18.25,0.90,-0.82,-149.7,grandpas_village,0.50,clear,18.964,6.843,0.00,11.14,world
1028.47,2026-08-30 22:56:02,18.25,0.90,-0.82,-149.7,grandpas_village,0.52,clear,18.642,7.532,0.00,11.14,world
1028.97,2026-08-30 22:56:03,18.25,0.90,-0.82,-149.7,grandpas_village,0.54,clear,18.642,7.532,0.00,11.14,world
1029.47,2026-08-30 22:56:03,18.25,0.90,-0.82,-149.7,grandpas_village,0.56,clear,26.944,10.667,0.00,11.14,world
1029.97,2026-08-30 22:56:04,18.25,0.90,-0.82,-149.7,grandpas_village,0.58,clear,26.944,10.667,0.00,11.14,world
1030.47,2026-08-30 22:56:04,18.25,0.90,-0.82,-149.7,grandpas_village,0.60,clear,22.399,8.824,0.00,11.14,world
1030.97,2026-08-30 22:56:05,18.25,0.90,-0.82,-149.7,grandpas_village,0.62,clear,22.399,8.824,0.00,11.14,world
1031.47,2026-08-30 22:56:05,18.25,0.90,-0.82,-149.7,grandpas_village,0.64,clear,19.046,6.891,0.00,11.14,world
1031.97,2026-08-30 22:56:06,18.25,0.90,-0.82,-149.7,grandpas_village,0.66,clear,19.046,6.891,0.00,11.14,world
1032.47,2026-08-30 22:56:06,18.25,0.90,-0.82,-149.7,grandpas_village,0.68,clear,19.422,7.006,0.00,11.14,world
1032.97,2026-08-30 22:56:07,18.25,0.90,-0.82,-149.7,grandpas_village,0.70,clear,19.422,7.006,0.00,11.14,world
1033.47,2026-08-30 22:56:07,18.25,0.90,-0.82,-149.7,grandpas_village,0.72,clear,19.943,7.338,0.00,11.14,world
1033.97,2026-08-30 22:56:08,18.25,0.90,-0.82,-149.7,grandpas_village,0.74,clear,19.943,7.338,0.00,11.14,world
1034.47,2026-08-30 22:56:08,18.25,0.90,-0.82,-149.7,grandpas_village,0.76,clear,21.775,8.652,0.00,11.14,world
1034.97,2026-08-30 22:56:09,18.25,0.90,-0.82,-149.7,grandpas_village,0.78,clear,21.775,8.652,0.00,11.14,world
1035.47,2026-08-30 22:56:09,18.25,0.90,-0.82,-149.7,grandpas_village,0.80,clear,17.974,7.183,0.00,11.14,world
1035.97,2026-08-30 22:56:10,18.25,0.90,-0.82,-149.7,grandpas_village,0.82,clear,17.974,7.183,0.00,11.14,world
1036.47,2026-08-30 22:56:10,18.25,0.90,-0.82,-149.7,grandpas_village,0.84,clear,19.636,6.845,0.00,11.14,world
1036.97,2026-08-30 22:56:11,18.25,0.90,-0.82,-149.7,grandpas_village,0.86,clear,19.636,6.845,0.00,11.14,world
1037.47,2026-08-30 22:56:11,18.25,0.90,-0.82,-149.7,grandpas_village,0.88,clear,24.543,9.457,0.00,11.14,world
1037.97,2026-08-30 22:56:12,18.25,0.90,-0.82,-149.7,grandpas_village,0.90,clear,24.543,9.457,0.00,11.14,world
1038.47,2026-08-30 22:56:12,18.25,0.90,-0.82,-149.7,grandpas_village,0.92,clear,18.381,6.564,0.00,11.14,world
1038.97,2026-08-30 22:56:13,18.25,0.90,-0.82,-149.7,grandpas_village,0.94,clear,18.381,6.564,0.00,11.14,world
1039.47,2026-08-30 22:56:13,18.25,0.90,-0.82,-149.7,grandpas_village,0.96,clear,17.539,6.348,0.00,11.14,world
1039.97,2026-08-30 22:56:14,18.25,0.90,-0.82,-149.7,grandpas_village,0.98,clear,17.539,6.348,0.00,11.14,world
1040.47,2026-08-30 22:56:14,18.25,0.90,-0.82,-149.7,grandpas_village,1.00,clear,21.098,7.108,0.00,11.14,world
1040.97,2026-08-30 22:56:15,18.25,0.90,-0.82,-149.7,grandpas_village,1.02,clear,21.098,7.108,0.00,11.14,world
1041.47,2026-08-30 22:56:15,18.25,0.90,-0.82,-149.7,grandpas_village,1.04,clear,18.981,7.379,0.00,11.14,world
1041.97,2026-08-30 22:56:16,18.25,0.90,-0.82,-149.7,grandpas_village,1.06,clear,18.981,7.379,0.00,11.14,world
1042.47,2026-08-30 22:56:16,18.25,0.90,-0.82,-149.7,grandpas_village,1.08,clear,22.596,7.631,0.00,11.14,world
1042.97,2026-08-30 22:56:17,18.25,0.90,-0.82,-149.7,grandpas_village,1.10,clear,22.596,7.631,0.00,11.14,world
1043.47,2026-08-30 22:56:17,18.25,0.90,-0.82,-149.7,grandpas_village,1.12,clear,18.744,6.873,0.00,11.14,world
1043.97,2026-08-30 22:56:18,18.25,0.90,-0.82,-149.7,grandpas_village,1.14,clear,18.744,6.873,0.00,11.14,world
1044.47,2026-08-30 22:56:18,18.25,0.90,-0.82,-149.7,grandpas_village,1.16,clear,18.538,6.636,0.00,11.14,world
1044.97,2026-08-30 22:56:19,18.25,0.90,-0.82,-149.7,grandpas_village,1.18,clear,18.538,6.636,0.00,11.14,world
1045.47,2026-08-30 22:56:19,18.25,0.90,-0.82,-149.7,grandpas_village,1.20,clear,18.721,6.331,0.00,11.14,world
1045.97,2026-08-30 22:56:20,18.25,0.90,-0.82,-149.7,grandpas_village,1.22,clear,18.721,6.331,0.00,11.14,world
1046.47,2026-08-30 22:56:20,18.25,0.90,-0.82,-149.7,grandpas_village,1.24,clear,17.767,6.190,0.00,11.14,world
1046.97,2026-08-30 22:56:21,18.25,0.90,-0.82,-149.7,grandpas_village,1.26,clear,17.767,6.190,0.00,11.14,world
1047.47,2026-08-30 22:56:21,18.25,0.90,-0.82,-149.7,grandpas_village,1.28,clear,18.640,7.406,0.00,11.14,world
1047.97,2026-08-30 22:56:22,18.25,0.90,-0.82,-149.7,grandpas_village,1.30,clear,18.640,7.406,0.00,11.14,world
1048.47,2026-08-30 22:56:22,18.25,0.90,-0.82,-149.7,grandpas_village,1.32,clear,21.743,7.560,0.00,11.14,world
1048.97,2026-08-30 22:56:23,18.25,0.90,-0.82,-149.7,grandpas_village,1.34,clear,21.743,7.560,0.00,11.14,world
1049.47,2026-08-30 22:56:23,18.25,0.90,-0.82,-149.7,grandpas_village,1.36,clear,18.383,6.605,0.00,11.14,world
1049.97,2026-08-30 22:56:24,18.25,0.90,-0.82,-149.7,grandpas_village,1.38,clear,18.383,6.605,0.00,11.14,world
1050.47,2026-08-30 22:56:24,18.25,0.90,-0.82,-149.7,grandpas_village,1.40,clear,18.982,7.183,0.00,11.14,world
1051.13,2026-08-30 22:56:25,18.25,0.90,-0.82,-149.7,grandpas_village,1.43,clear,18.982,7.183,0.00,11.14,world
1051.63,2026-08-30 22:56:26,18.20,0.90,-0.65,-144.2,grandpas_village,1.45,clear,19.130,8.716,0.00,10.97,world
1052.13,2026-08-30 22:56:26,18.63,0.90,0.46,-58.7,grandpas_village,1.47,clear,19.130,8.716,0.00,10.23,world
1052.63,2026-08-30 22:56:27,18.63,0.90,-0.29,-101.1,grandpas_village,1.49,clear,19.131,8.059,0.00,10.87,world
1053.13,2026-08-30 22:56:27,16.72,0.90,-1.34,-105.6,grandpas_village,1.51,clear,19.131,8.059,0.00,10.99,world
1053.63,2026-08-30 22:56:28,16.76,0.90,-3.42,160.1,grandpas_village,1.53,clear,19.291,6.724,0.00,12.97,world
1054.13,2026-08-30 22:56:28,17.29,0.90,-4.65,160.2,grandpas_village,1.55,clear,19.291,6.724,0.00,11.67,world
1054.63,2026-08-30 22:56:29,16.87,0.90,-3.48,-19.8,grandpas_village,1.57,clear,18.478,8.392,0.00,12.90,world
1055.13,2026-08-30 22:56:29,16.61,0.90,-2.75,158.8,grandpas_village,1.59,clear,18.478,8.392,0.00,12.29,world
1055.63,2026-08-30 22:56:30,18.14,0.90,-3.08,70.2,grandpas_village,1.61,clear,18.199,7.314,0.00,12.84,world
1056.13,2026-08-30 22:56:30,18.69,0.90,-3.25,133.3,grandpas_village,1.63,clear,18.199,7.314,0.00,12.26,world
1056.63,2026-08-30 22:56:31,18.37,0.90,-3.57,162.3,grandpas_village,1.65,clear,20.855,8.454,0.00,12.44,world
1057.13,2026-08-30 22:56:31,17.61,0.90,-2.04,-17.7,grandpas_village,1.67,clear,20.855,8.454,0.00,11.96,world
1057.63,2026-08-30 22:56:32,17.46,0.90,-2.82,161.4,grandpas_village,1.69,clear,21.769,9.403,0.00,12.63,world
1058.13,2026-08-30 22:56:32,16.12,0.90,-3.48,-108.6,grandpas_village,1.71,clear,21.769,9.403,0.00,12.87,world
1058.63,2026-08-30 22:56:33,14.85,0.90,-4.47,156.9,grandpas_village,1.73,clear,19.826,7.392,0.00,12.63,world
1059.13,2026-08-30 22:56:33,15.83,0.90,-6.77,156.9,grandpas_village,1.75,clear,19.826,7.392,0.00,10.13,world
1059.63,2026-08-30 22:56:34,16.81,0.90,-9.07,156.9,grandpas_village,1.77,clear,19.190,7.677,0.00,7.63,world
1060.13,2026-08-30 22:56:34,17.79,0.90,-11.37,156.9,grandpas_village,1.79,clear,19.190,7.677,0.00,5.13,world
1060.63,2026-08-30 22:56:35,18.38,0.90,-13.53,156.4,grandpas_village,1.81,clear,20.849,7.472,0.00,2.96,world
1061.13,2026-08-30 22:56:35,17.77,0.90,-15.20,153.8,grandpas_village,1.83,clear,20.849,7.472,0.00,2.37,world
1061.63,2026-08-30 22:56:36,18.72,0.90,-17.39,153.5,grandpas_village,1.85,clear,20.105,8.395,0.00,1.88,world
1062.13,2026-08-30 22:56:36,19.84,0.90,-19.62,153.5,grandpas_village,1.87,clear,20.105,8.395,0.00,3.63,world
1062.63,2026-08-30 22:56:37,20.96,0.90,-21.86,153.5,grandpas_village,1.89,clear,19.591,8.866,0.00,3.72,world
1063.13,2026-08-30 22:56:37,22.07,0.89,-24.10,153.5,grandpas_village,1.91,clear,19.591,8.866,0.00,1.93,world
1063.63,2026-08-30 22:56:38,23.21,0.76,-26.38,153.5,grandpas_village,1.93,clear,21.223,8.294,0.00,2.50,world
1064.13,2026-08-30 22:56:38,24.35,0.57,-28.67,153.5,grandpas_village,1.95,clear,21.223,8.294,0.00,4.68,world
1064.63,2026-08-30 22:56:39,25.50,0.38,-30.96,153.5,grandpas_village,1.97,clear,18.729,7.948,0.00,4.64,world
1065.13,2026-08-30 22:56:39,26.64,0.27,-33.23,153.6,grandpas_village,1.99,clear,18.729,7.948,0.00,4.70,world
1065.63,2026-08-30 22:56:40,27.76,0.26,-35.47,153.6,grandpas_village,2.01,clear,19.340,7.621,0.00,5.94,world
1066.13,2026-08-30 22:56:40,28.38,0.24,-36.71,153.7,grandpas_village,2.03,clear,19.340,7.621,0.00,6.93,world
1066.63,2026-08-30 22:56:41,28.38,0.24,-36.71,153.7,grandpas_village,2.05,clear,18.934,9.195,0.00,6.93,world
1067.13,2026-08-30 22:56:41,28.38,0.24,-36.71,153.7,grandpas_village,2.07,clear,18.934,9.195,0.00,6.93,world
1067.63,2026-08-30 22:56:42,28.38,0.24,-36.71,153.7,grandpas_village,2.09,clear,19.135,8.280,0.00,6.93,world
1068.13,2026-08-30 22:56:42,28.38,0.24,-36.71,153.7,grandpas_village,2.11,clear,19.135,8.280,0.00,6.93,world
1068.63,2026-08-30 22:56:43,28.38,0.24,-36.71,153.7,grandpas_village,2.13,clear,23.260,10.171,0.00,6.93,world
1069.15,2026-08-30 22:56:43,28.38,0.24,-36.71,153.7,grandpas_village,2.15,clear,23.260,10.171,0.00,6.93,world
1069.90,2026-08-30 22:56:44,28.38,0.24,-36.71,153.7,grandpas_village,2.18,clear,18.530,8.238,0.00,6.93,world
1070.60,2026-08-30 22:56:45,28.38,0.24,-36.71,153.7,grandpas_village,2.21,clear,19.487,8.195,0.00,6.93,world
1071.37,2026-08-30 22:56:45,28.38,0.24,-36.71,153.7,grandpas_village,2.24,clear,18.796,9.220,0.00,6.93,world
1072.13,2026-08-30 22:56:46,28.38,0.24,-36.71,153.7,grandpas_village,2.27,clear,18.796,9.220,0.00,6.93,world
1072.85,2026-08-30 22:56:47,28.38,0.24,-36.71,153.7,grandpas_village,2.30,clear,18.174,9.202,0.00,6.93,world
1073.57,2026-08-30 22:56:48,28.38,0.24,-36.71,153.7,grandpas_village,2.33,clear,18.489,9.352,0.00,6.93,world
1074.27,2026-08-30 22:56:48,28.38,0.24,-36.71,153.7,grandpas_village,2.35,clear,18.489,9.352,0.00,6.93,world
1074.95,2026-08-30 22:56:49,28.38,0.24,-36.71,153.7,grandpas_village,2.38,clear,19.377,8.957,0.00,6.93,world
1075.70,2026-08-30 22:56:50,28.38,0.24,-36.71,153.7,grandpas_village,2.41,clear,18.919,10.177,0.00,6.93,world
1076.40,2026-08-30 22:56:50,28.38,0.24,-36.71,153.7,grandpas_village,2.44,clear,18.525,8.135,0.00,6.93,world
1077.12,2026-08-30 22:56:51,28.38,0.24,-36.71,153.7,grandpas_village,2.47,clear,18.525,8.135,0.00,6.93,world
1077.90,2026-08-30 22:56:52,28.38,0.24,-36.71,153.7,grandpas_village,2.50,clear,18.925,10.107,0.00,6.93,world
1078.63,2026-08-30 22:56:53,28.38,0.24,-36.71,153.7,grandpas_village,2.53,clear,19.088,9.480,0.00,6.93,world
1079.30,2026-08-30 22:56:53,28.38,0.24,-36.71,153.7,grandpas_village,2.56,clear,19.088,9.480,0.00,6.93,world
1079.95,2026-08-30 22:56:54,28.38,0.24,-36.71,153.7,grandpas_village,2.58,clear,17.613,9.226,0.00,6.93,world
1080.63,2026-08-30 22:56:55,28.38,0.24,-36.71,153.7,grandpas_village,2.61,clear,18.049,8.398,0.00,6.93,world
1081.35,2026-08-30 22:56:55,28.38,0.24,-36.71,153.7,grandpas_village,2.64,clear,18.049,8.398,0.00,6.93,world
1082.07,2026-08-30 22:56:56,28.38,0.24,-36.71,153.7,grandpas_village,2.67,clear,20.089,9.402,0.00,6.93,world
1082.73,2026-08-30 22:56:57,28.38,0.24,-36.71,153.7,grandpas_village,2.69,clear,20.901,8.669,0.00,6.93,world
1083.43,2026-08-30 22:56:57,28.38,0.24,-36.71,153.7,grandpas_village,2.72,clear,18.525,8.878,0.00,6.93,world
1084.15,2026-08-30 22:56:58,28.38,0.24,-36.71,153.7,grandpas_village,2.75,clear,18.525,8.878,0.00,6.93,world
1084.78,2026-08-30 22:56:59,28.38,0.24,-36.71,153.7,grandpas_village,2.77,clear,18.775,9.730,0.00,6.93,world
1085.28,2026-08-30 22:56:59,28.38,0.24,-36.71,153.7,grandpas_village,2.79,clear,18.775,9.730,0.00,6.93,world
1085.78,2026-08-30 22:57:00,28.38,0.24,-36.71,153.7,grandpas_village,2.81,clear,17.759,8.121,0.00,6.93,world
1086.28,2026-08-30 22:57:00,28.38,0.24,-36.71,153.7,grandpas_village,2.83,clear,17.759,8.121,0.00,6.93,world
1086.78,2026-08-30 22:57:01,28.38,0.24,-36.71,153.7,grandpas_village,2.85,clear,18.576,8.673,0.00,6.93,world
1087.28,2026-08-30 22:57:01,28.38,0.24,-36.71,153.7,grandpas_village,2.87,clear,18.576,8.673,0.00,6.93,world
1087.78,2026-08-30 22:57:02,28.38,0.24,-36.71,153.7,grandpas_village,2.89,clear,18.918,7.656,0.00,6.93,world
1088.28,2026-08-30 22:57:02,28.38,0.24,-36.71,153.7,grandpas_village,2.91,clear,18.918,7.656,0.00,6.93,world
1088.78,2026-08-30 22:57:03,28.38,0.24,-36.71,153.7,grandpas_village,2.93,clear,19.186,7.938,0.00,6.93,world
1089.28,2026-08-30 22:57:03,28.38,0.24,-36.71,153.7,grandpas_village,2.95,clear,19.186,7.938,0.00,6.93,world
1089.78,2026-08-30 22:57:04,28.38,0.24,-36.71,153.7,grandpas_village,2.97,clear,20.356,8.250,0.00,6.93,world
1090.28,2026-08-30 22:57:04,28.38,0.24,-36.71,153.7,grandpas_village,2.99,clear,20.356,8.250,0.00,6.93,world
1090.78,2026-08-30 22:57:05,28.38,0.24,-36.71,153.7,grandpas_village,3.01,clear,17.613,7.867,0.00,6.93,world
1091.28,2026-08-30 22:57:05,28.38,0.24,-36.71,153.7,grandpas_village,3.03,clear,17.613,7.867,0.00,6.93,world
1091.78,2026-08-30 22:57:06,28.38,0.24,-36.71,153.7,grandpas_village,3.05,clear,18.973,8.205,0.00,6.93,world
1092.28,2026-08-30 22:57:06,28.38,0.24,-36.71,153.7,grandpas_village,3.07,clear,18.973,8.205,0.00,6.93,world
1092.78,2026-08-30 22:57:07,28.37,0.24,-36.71,164.2,grandpas_village,3.09,clear,19.345,7.611,0.00,6.92,world
1093.28,2026-08-30 22:57:07,26.24,0.52,-36.92,-95.5,grandpas_village,3.11,clear,19.345,7.611,0.00,5.14,world
1093.78,2026-08-30 22:57:08,23.87,0.76,-37.14,-95.5,grandpas_village,3.13,clear,22.236,8.330,0.00,3.66,world
1094.28,2026-08-30 22:57:08,21.48,0.96,-37.37,-95.5,grandpas_village,3.15,clear,22.236,8.330,0.00,3.41,world
1094.78,2026-08-30 22:57:09,19.06,1.11,-37.60,-95.5,grandpas_village,3.17,clear,37.467,7.637,0.00,4.64,world
1095.28,2026-08-30 22:57:09,16.62,1.21,-37.83,-95.5,grandpas_village,3.19,clear,37.467,7.637,0.00,6.60,world
1095.78,2026-08-30 22:57:10,14.15,1.25,-38.06,-95.5,grandpas_village,3.21,clear,18.652,7.741,0.00,8.84,world
1096.28,2026-08-30 22:57:10,11.67,1.30,-38.29,-95.5,grandpas_village,3.23,clear,18.652,7.741,0.00,7.11,world
1096.78,2026-08-30 22:57:11,9.21,1.37,-38.52,-95.5,grandpas_village,3.25,clear,20.581,8.137,0.00,5.55,world
1097.28,2026-08-30 22:57:11,6.74,1.43,-38.76,-95.6,grandpas_village,3.27,clear,20.581,8.137,0.00,4.81,world
1097.78,2026-08-30 22:57:12,4.26,1.44,-38.99,-95.6,grandpas_village,3.29,clear,20.495,7.781,0.00,5.29,world
1098.28,2026-08-30 22:57:12,1.76,1.44,-39.23,-95.7,grandpas_village,3.31,clear,20.495,7.781,0.00,6.73,world
1098.78,2026-08-30 22:57:13,-0.74,1.41,-39.47,-95.7,grandpas_village,3.33,clear,19.316,8.704,0.00,8.68,world
1099.28,2026-08-30 22:57:13,-3.26,1.31,-39.72,-95.7,grandpas_village,3.35,clear,19.316,8.704,0.00,10.88,world
1099.78,2026-08-30 22:57:14,-4.31,1.26,-39.83,-95.8,grandpas_village,3.37,clear,18.229,7.177,0.00,11.68,world
1100.28,2026-08-30 22:57:14,-4.31,1.26,-39.83,-95.8,grandpas_village,3.39,clear,18.229,7.177,0.00,11.68,world
1100.78,2026-08-30 22:57:15,-4.31,1.26,-39.83,-95.8,grandpas_village,3.41,clear,18.452,8.353,0.00,11.68,world
1101.28,2026-08-30 22:57:15,-4.31,1.26,-39.83,-95.8,grandpas_village,3.43,clear,18.452,8.353,0.00,11.68,world
1101.90,2026-08-30 22:57:16,-4.31,2.51,-39.83,-95.8,grandpas_village,3.46,clear,17.867,7.449,0.00,11.68,world
1102.40,2026-08-30 22:57:16,-4.31,1.26,-39.83,-95.8,grandpas_village,3.48,clear,18.134,8.848,0.00,11.68,world
1102.90,2026-08-30 22:57:17,-4.31,1.26,-39.83,-95.8,grandpas_village,3.50,clear,18.134,8.848,0.00,11.68,world
1103.40,2026-08-30 22:57:17,-4.31,1.26,-39.83,-95.8,grandpas_village,3.52,clear,18.533,7.587,0.00,11.68,world
1103.90,2026-08-30 22:57:18,-4.31,1.26,-39.83,-95.8,grandpas_village,3.54,clear,18.533,7.587,0.00,11.68,world
1104.40,2026-08-30 22:57:18,-4.31,1.26,-39.83,-95.8,grandpas_village,3.56,clear,17.878,7.353,0.00,11.68,world
1104.90,2026-08-30 22:57:19,-4.31,1.26,-39.83,-95.8,grandpas_village,3.58,clear,17.878,7.353,0.00,11.68,world
1105.40,2026-08-30 22:57:19,-4.31,1.26,-39.83,-95.8,grandpas_village,3.60,clear,17.733,8.231,0.00,11.68,world
1105.90,2026-08-30 22:57:20,-4.31,1.26,-39.83,-95.8,grandpas_village,3.62,clear,17.733,8.231,0.00,11.68,world
1106.40,2026-08-30 22:57:20,-4.31,1.26,-39.83,-95.8,grandpas_village,3.64,clear,21.447,9.312,0.00,11.68,world
1106.90,2026-08-30 22:57:21,-4.31,1.26,-39.83,-95.8,grandpas_village,3.66,clear,21.447,9.312,0.00,11.68,world
1107.40,2026-08-30 22:57:21,-4.31,1.26,-39.83,-95.8,grandpas_village,3.68,clear,20.031,8.163,0.00,11.68,world
1107.90,2026-08-30 22:57:22,-4.31,1.26,-39.83,-95.8,grandpas_village,3.70,clear,20.031,8.163,0.00,11.68,world
1108.40,2026-08-30 22:57:22,-4.31,1.26,-39.83,-95.8,grandpas_village,3.72,clear,19.496,7.600,0.00,11.68,world
1108.90,2026-08-30 22:57:23,-4.31,1.26,-39.83,-95.8,grandpas_village,3.74,clear,19.496,7.600,0.00,11.68,world
1109.40,2026-08-30 22:57:23,-4.31,1.26,-39.83,-95.8,grandpas_village,3.76,clear,18.519,7.279,0.00,11.68,world
1109.90,2026-08-30 22:57:24,-4.31,1.26,-39.83,-95.8,grandpas_village,3.78,clear,18.519,7.279,0.00,11.68,menu_backpack
1110.40,2026-08-30 22:57:24,-4.31,1.26,-39.83,-95.8,grandpas_village,3.78,clear,208.329,8.789,0.00,11.68,menu_backpack
1110.92,2026-08-30 22:57:25,-4.31,1.26,-39.83,-95.8,grandpas_village,3.78,clear,208.329,8.789,0.00,11.68,menu_backpack
1111.43,2026-08-30 22:57:25,-4.31,1.26,-39.83,-95.8,grandpas_village,3.78,clear,4.939,4.980,0.00,11.68,world
1111.93,2026-08-30 22:57:26,-4.31,1.26,-39.83,-95.8,grandpas_village,3.79,clear,4.939,4.980,0.00,11.68,menu_backpack
1112.45,2026-08-30 22:57:26,-4.31,1.26,-39.83,-95.8,grandpas_village,3.79,clear,127.958,9.034,0.00,11.68,world
1112.95,2026-08-30 22:57:27,-4.31,1.26,-39.83,-95.8,grandpas_village,3.80,clear,127.958,9.034,0.00,11.68,menu_build
1113.45,2026-08-30 22:57:28,-4.31,1.26,-39.83,-95.8,grandpas_village,3.80,clear,174.997,10.007,0.00,11.68,menu_save
1114.17,2026-08-30 22:57:28,-4.31,1.26,-39.83,-95.8,grandpas_village,3.80,clear,174.997,10.007,0.00,11.68,menu_save
1114.67,2026-08-30 22:57:29,-4.31,1.26,-39.83,-95.8,grandpas_village,3.80,clear,23.217,6.381,0.00,11.68,menu_save
1115.17,2026-08-30 22:57:29,-4.31,1.26,-39.83,-95.8,grandpas_village,3.80,clear,23.217,6.381,0.00,11.68,menu_save
1115.67,2026-08-30 22:57:30,-4.31,1.26,-39.83,-95.8,grandpas_village,3.80,clear,23.876,3.427,0.00,11.68,menu_save
1116.17,2026-08-30 22:57:30,-4.31,1.26,-39.83,-95.8,grandpas_village,3.80,clear,23.876,3.427,0.00,11.68,world
