Godot Engine v4.7.stable.official.5b4e0cb0f - https://godotengine.org

GATE A OPENING +0.25s — title interactive
GATE A OPENING +0.37s — answered the character-choice step
[session] hosting via enet (cap 4); local peer id 1
[session] hosting on udp/27015 (cap 4, channels 2); local peer id 1
[lan] advertising udp/27016 for a session on udp/27015
[trainers] spawning a body for peer 1 at (0.0, 0.0)
[trainers] built Trainer_1 for peer 1, authority 1 (this peer is 1)
[trainers] Trainer_1 stands up: authority 1, this peer is 1 (our own proxy)
WARNING: instance_reset_physics_interpolation() is deprecated.
   at: _instance_reset_physics_interpolation_bind_compat_104269 (servers/rendering/rendering_server.compat.inc:62)
   GDScript backtrace (most recent call first):
       [0] _build_terrain (res://scripts/world/playground_world.gd:1173)
       [1] _ready (res://scripts/world/playground_world.gd:806)
GATE A OPENING +5.82s — confirmed the configured trainer-name prefill
GATE A OPENING +5.82s — new game world entered
[playground] spawned at 0.0, 2.9, 0.0
[scatter bake] load phases (ms): read[256 regions, 387893 placements, 431212 skipped]=1079 reorder[16 layers]=2570
[vegetation] grass field is on; 431212 placements across 2 layers left unbuilt (grass, flowers)
[vegetation] boot phases (ms): placements=3868 mark_harvestable=110 group_by_model=460 register_mesh_assets=34 build_batches_total=4933 (of which harvest_points[56283 nodes]=3062, initial_collision_stream[51210 solid]=137) update_mmis=354
[grass_field] grass ring: 62140 instances over 13 lattice layers (tuft_count asked for 75000), 24m cull tiles
[grass_field] stone ring: 6084 instances over 8 lattice layers (count 25000)
[grass_field] cover tier bushes   4876 instances over 4 lattice layers (count 6000)
[grass_field] cover tier flowers  9432 instances over 6 lattice layers (count 12000)
[grass_field] cover tier flowers_gold 5740 instances over 4 lattice layers (count 7000)
[grass_field] cover tier litter   6008 instances over 3 lattice layers (count 15000)
[grass_field] 4 cover tier(s) up
[grass_field] far cover: 1 sheet, 71200 tris, 46225 verts, 6m cell, 40-640m reach
[grass_field] bound: 62140 tufts, radius 72m, region_size 256, vertex_spacing 2.0, 1024 region slots
[grass_field] stone tier: rid_valid=true height_map=<null> region_map=-1 entries
[playground] scattered 386505 props in 36 batches (56283 harvestable, 0 already chopped, 266/51210 collision resident)
[water] pond quads 2538, stream points 46, reeds 152, marginals 32, bank flowers 72, rocks 40, driftwood 5, lilypads 49, jetty 18, level -17.0
[water] stream bank reeds 77, bank scrub 12
[water] river quads 390, bank reeds 134, bank scrub 57
[village] placed 29 structures; static batch folded 768 module meshes in 359 ms
[props] placed 440 props in 55 clusters (6 usable rest points)
[village_npcs] placed 18 of 20
[relay_site] placed 3 of 3
[pond_npc] placed 1 of 1
[trainers] placed 21 trainer(s)
[south_bridge_dressing] placed 1 of 1
[quarry] 2 foundations, 4 pylons, 1 finish treatment standing
[relay] cleared 152 scattered pieces inside the 27m station radius
[relay] station at 350, 3760: 4 wall runs, 2 decks, 1 ramps, 10 pylons
[river] 18 course segments, 18 recovery volumes
[playground] severed spokes standing: river_gorge, storm_road, mountain_trail, stone_gate, high_pass, cliff_road, blighted_road
[playground] placed 198 harvest nodes
[playground] placed 6 farm plots
[playground] placed 147 band pickups (0 already taken, 34 nudged off scatter, 0 unclear, 0 without ground)
[warrens] cleared 821 scattered trees/rocks inside the 30m site radius and the chambers
[warrens] hero clearing: removed 803 more scattered pieces out to 55m (was 30m) so no background tree competes with the mound
[warrens] bank cap closes the dome over the throat (297 quads)
[warrens] planted 20 pieces of ground cover around the site
[warrens] earth bank 65x90m, crest 17.0m above the mouth (9.5x the 1.8m trainer); chamber clearance past the required 1.5m: mouth +4.8m, hall +3.8m, warren +4.1m, den +2.5m, vault +4.1m (worst 2.5m)
[warrens] 4 flora pieces beside the mouth
[warrens] 7 claw scrapes beside the mouth
[warrens] 5 crest trees standing on the bank
[warrens] scattered 78 rubble pieces across the face foot, spoil fans and threshold
[warrens] 220 pieces of growth on the bank
[warrens] 182 pieces of interior rock across 5 chambers
[warrens] 8 connected excavated terrain masses preserve the original collision route
[warrens] 12 root masses
[warrens] 8 fungus clusters, 3 species
[warrens] 40 litter pieces
[warrens] 4 haze cards
[warrens] guardian carries an alert bearing (neck -30, head -12, spine -7 deg)
[warrens] guardian idle faces the den's entrance passage (yaw -169.0 deg)
[approach-drain] 690 drained quads over the approach corridor
[stronghold] approach ramp: 11.3m of rise over 40m (16 degrees)
[stronghold] 407 structural members across 5 spaces
[stronghold] hall massing exterior lift: 1.30x height on 17/18 module(s)
[stronghold] massing grounded: 17 of 35 module foot shaft(s) to skirt y=-18.0
[stronghold] waist: 3 inter-chamber gap(s) wrapped on both flanks
[stronghold] tower pier in warden_arena: 2.6 x 3.1 m at local (-10.8, 78.7), enclosing LargeTower
[stronghold] tower pier in warden_arena: 2.6 x 3.1 m at local (10.8, 78.7), enclosing _MeshInstance3D_66635
[stronghold] tower pier in warden_arena: 2.6 x 3.1 m at local (-10.8, 101.7), enclosing _MeshInstance3D_66636
[stronghold] tower pier in warden_arena: 2.6 x 3.1 m at local (10.8, 101.7), enclosing _MeshInstance3D_66637
[stronghold] tower pier in legendary_chamber: 5.0 x 5.1 m at local (-43.5, 78.7), enclosing PointyTower
[stronghold] tower pier in legendary_chamber: 4.0 x 4.1 m at local (-20.0, 102.2), enclosing _MeshInstance3D_66638
[stronghold] tower pier in legendary_chamber: 4.0 x 4.1 m at local (-44.0, 102.2), enclosing _MeshInstance3D_66639
[stronghold] tower pier in legendary_chamber: 3.5 x 3.6 m at local (-19.7, 77.9), enclosing _MeshInstance3D_66640
[stronghold] 8 tower pier(s) enclosing massing that reached inside a roofed chamber
[stronghold] 87 interior dressing prop(s) in the roofed rooms
[trainers] placed 3 trainer(s) for group 'stronghold'
[stronghold] cleared 90 scattered prop(s) standing inside the five spaces
[stronghold] 21 exterior omni light(s) at the Hall (budget 22), 11 of them flickering fires
[stronghold] 5 spaces on the route (outer_works -> courtyard -> tether_approach -> warden_arena -> legendary_chamber), floor y=6.17, 3 gauntlet trainer(s), 15 approach pylon(s)
[trainers] placed 1 trainer(s) for group 'stronghold_climax'
[climax] the freed stand is 6.00 m from the machine's axis, inside its 8.05 m plinth on that bearing; moved out to 10.55 m
[climax] the legendary stands inside the machine: dais 4.06 m up, void 7.67 m tall, body 7.08 m, headroom 0.59 m
[meadow] the land lies drained: 15161 quads over 8 groups, grass field thinned
GATE A OPENING +85.39s — wake/Get Up complete
GATE A OPENING +89.38s — Grandpa briefing and pack complete
GATE A OPENING +89.38s — starter picker order ["terrapup", "ripplet", "galewisp"]; 0 ui_right press(es) to 'terrapup'
GATE A OPENING +93.40s — starter selected and named (terrapup, uid creature-f69801095f1c8c9f5aa313dde2359432)
GATE A OPENING +95.59s — Grandpa's first-catch supplies received (50 Basic Orbs)
GATE A OPENING +95.84s — Home Key lesson read through physical confirm (2 lines), personal acknowledgement applied
GATE A OPENING +98.25s — usable house/front doorway exited
WILD_APPROACH_SELECTION {"acceptance":false,"anchor":[30.0,0.900941669940948,-40.0],"name":"Wild_bramblebun_0_2","player":[7.94724559783936,0.900941669940948,14.0403776168823],"species":"bramblebun","target":[18.1575946807861,1.09661042690277,-36.4894752502441]}
live farmhouse exit cleared by controller: door=(8.3, 0.9, 14.0) player=(9.660396, 0.900942, 14.04903) floor=true
live catch uses authored Practice Meadow field approach: [(20.0, 0.900942, 14.0), (20.0, 0.900942, -12.0), (20.0, 0.900942, -18.0), (20.0, 0.900942, -26.0), (14.6, 0.900942, -31.0), (21.0, 0.900942, -37.5), (30.0, 0.900942, -40.0)]
live catch field approach 1/7 reached by controller: (19.23486, 0.900928, 14.00293)
live catch field approach 2/7 reached by controller: (19.99067, 0.900877, -11.20596)
live catch field approach 3/7 reached by controller: (19.99909, 0.900934, -17.20594)
live catch field approach 4/7 reached by controller: (19.99994, 0.895093, -25.20603)
live wild approach: exact offered target Wild_bramblebun_0_2
GATE A OPENING +110.08s — engaged exact live target Wild_bramblebun_0_2 (bramblebun)
GATE A OPENING +110.86s — tutorial Bramblebun combat entered
GATE A OPENING +119.43s — Bramblebun naturally weakened to 28/105 HP
GATE A OPENING +119.43s — live catch begins with 50 earned orbs; no HP or inventory fixture
AIM READINESS convergence camera=(21.28405, 2.845885, -16.52909) forward=(-0.055443, -0.019577, -0.99827) player=(19.17032, 0.860524, -32.65724) target=(19.93357, 2.287415, -40.80896) current={ "eligible": false, "first_hit": &"Wild_mudsnout_1070_2", "line_of_sight": false, "reason": "line_of_sight_blocked", "in_front": true, "reticle_offset": 0.08232645690441, "reticle_radius": 1.132625, "inside_body": true } preview={ "eligible": false, "first_hit": &"Wild_mudsnout_1070_2", "line_of_sight": false, "reason": "line_of_sight_blocked", "in_front": true, "reticle_offset": 0.08273746818304, "reticle_radius": 1.132625, "inside_body": true, "trajectory_hits_target": true, "trajectory_offset": 0.20642383396626, "trajectory_blocked": false, "trajectory_blocker": "" }
AIM READINESS post-settle camera=(20.96511, 2.742878, -23.6325) forward=(-0.055443, -0.019577, -0.99827) player=(19.17032, 0.860524, -32.65724) target=(19.92173, 2.287453, -40.79713) current={ "eligible": false, "first_hit": &"Wild_mudsnout_1070_2", "line_of_sight": false, "reason": "line_of_sight_blocked", "in_front": true, "reticle_offset": 0.148911267519, "reticle_radius": 1.132625, "inside_body": true } preview={ "eligible": false, "first_hit": &"Wild_mudsnout_1070_2", "line_of_sight": false, "reason": "line_of_sight_blocked", "in_front": true, "reticle_offset": 0.14157563447952, "reticle_radius": 1.132625, "inside_body": true, "trajectory_hits_target": true, "trajectory_offset": 0.2058165371418, "trajectory_blocked": false, "trajectory_blocker": "" }
aim: line of sight blocked at 8.2m; circling for another angle
AIM READINESS convergence camera=(10.20445, 3.996899, -31.59508) forward=(0.669722, -0.123619, -0.732251) player=(14.23943, 1.258634, -38.12682) target=(19.91807, 2.287545, -40.78413) current={ "eligible": true, "first_hit": &"Wild_bramblebun_0_2", "line_of_sight": true, "reason": "eligible", "in_front": true, "reticle_offset": 0.96727931499481, "reticle_radius": 1.132625, "inside_body": true } preview={ "eligible": true, "first_hit": &"Wild_bramblebun_0_2", "line_of_sight": true, "reason": "eligible", "in_front": true, "reticle_offset": 0.9677991271019, "reticle_radius": 1.132625, "inside_body": true, "trajectory_hits_target": true, "trajectory_offset": 0.1474803686142, "trajectory_blocked": false, "trajectory_blocker": "" }
AIM READINESS post-settle camera=(10.25354, 3.982481, -31.63921) forward=(0.669722, -0.123619, -0.732251) player=(14.23943, 1.258634, -38.12682) target=(19.91724, 2.287303, -40.79433) current={ "eligible": true, "first_hit": &"Wild_bramblebun_0_2", "line_of_sight": true, "reason": "eligible", "in_front": true, "reticle_offset": 0.95304816961288, "reticle_radius": 1.132625, "inside_body": true } preview={ "eligible": true, "first_hit": &"Wild_bramblebun_0_2", "line_of_sight": true, "reason": "eligible", "in_front": true, "reticle_offset": 0.96056658029556, "reticle_radius": 1.132625, "inside_body": true, "trajectory_hits_target": true, "trajectory_offset": 0.14775317907333, "trajectory_blocked": false, "trajectory_blocker": "" }
AIM READINESS convergence camera=(10.25354, 3.982481, -31.63921) forward=(0.669722, -0.123619, -0.732251) player=(14.23943, 1.258634, -38.12682) target=(19.91724, 2.287303, -40.79433) current={ "eligible": true, "first_hit": &"Wild_bramblebun_0_2", "line_of_sight": true, "reason": "eligible", "in_front": true, "reticle_offset": 0.95304816961288, "reticle_radius": 1.132625, "inside_body": true } preview={ "eligible": true, "first_hit": &"Wild_bramblebun_0_2", "line_of_sight": true, "reason": "eligible", "in_front": true, "reticle_offset": 0.96056658029556, "reticle_radius": 1.132625, "inside_body": true, "trajectory_hits_target": true, "trajectory_offset": 0.14775317907333, "trajectory_blocked": false, "trajectory_blocker": "" }
AIM READINESS post-settle camera=(10.31236, 3.968061, -31.69719) forward=(0.669722, -0.123619, -0.732251) player=(14.23943, 1.258634, -38.12682) target=(19.92536, 2.287088, -40.79879) current={ "eligible": true, "first_hit": &"Wild_bramblebun_0_2", "line_of_sight": true, "reason": "eligible", "in_front": true, "reticle_offset": 0.95155841112137, "reticle_radius": 1.132625, "inside_body": true } preview={ "eligible": true, "first_hit": &"Wild_bramblebun_0_2", "line_of_sight": true, "reason": "eligible", "in_front": true, "reticle_offset": 0.94860947132111, "reticle_radius": 1.132625, "inside_body": true, "trajectory_hits_target": true, "trajectory_offset": 0.14792455732822, "trajectory_blocked": false, "trajectory_blocker": "" }
AIM READINESS convergence camera=(10.31236, 3.968061, -31.69719) forward=(0.669722, -0.123619, -0.732251) player=(14.23943, 1.258634, -38.12682) target=(19.92536, 2.287088, -40.79879) current={ "eligible": true, "first_hit": &"Wild_bramblebun_0_2", "line_of_sight": true, "reason": "eligible", "in_front": true, "reticle_offset": 0.95155841112137, "reticle_radius": 1.132625, "inside_body": true } preview={ "eligible": true, "first_hit": &"Wild_bramblebun_0_2", "line_of_sight": true, "reason": "eligible", "in_front": true, "reticle_offset": 0.94860947132111, "reticle_radius": 1.132625, "inside_body": true, "trajectory_hits_target": true, "trajectory_offset": 0.14792455732822, "trajectory_blocked": false, "trajectory_blocker": "" }
AIM READINESS post-settle camera=(10.37766, 3.953641, -31.76438) forward=(0.669722, -0.123619, -0.732251) player=(14.23943, 1.258634, -38.12682) target=(19.93539, 2.287416, -40.81055) current={ "eligible": true, "first_hit": &"Wild_bramblebun_0_2", "line_of_sight": true, "reason": "eligible", "in_front": true, "reticle_offset": 0.94801008701324, "reticle_radius": 1.132625, "inside_body": true } preview={ "eligible": true, "first_hit": &"Wild_bramblebun_0_2", "line_of_sight": true, "reason": "eligible", "in_front": true, "reticle_offset": 0.94842290878296, "reticle_radius": 1.132625, "inside_body": true, "trajectory_hits_target": true, "trajectory_offset": 0.14872235059738, "trajectory_blocked": false, "trajectory_blocker": "" }
AIM READINESS input-commit camera=(10.37766, 3.953641, -31.76438) forward=(0.669722, -0.123619, -0.732251) player=(14.23943, 1.258634, -38.12682) target=(19.93539, 2.287416, -40.81055) current={ "eligible": true, "first_hit": &"Wild_bramblebun_0_2", "line_of_sight": true, "reason": "eligible", "in_front": true, "reticle_offset": 0.94801008701324, "reticle_radius": 1.132625, "inside_body": true } preview={ "eligible": true, "first_hit": &"Wild_bramblebun_0_2", "line_of_sight": true, "reason": "eligible", "in_front": true, "reticle_offset": 0.94842290878296, "reticle_radius": 1.132625, "inside_body": true, "trajectory_hits_target": true, "trajectory_offset": 0.14872235059738, "trajectory_blocked": false, "trajectory_blocker": "" }
catch launch: commit eligible=true reticle=0.946/1.133 first_hit=Wild_bramblebun_0_2 los=true reason=eligible
catch launch: release assist=true predicted=(20.16, 2.29, -41.09) range=5.82 from=(14.77, 2.81, -38.39) dir=(0.89, 0.09, -0.45)
catch launch: placement closest=0.241 clamped=0.241 body_radius=0.666 orb_radius=0.60
catch launch: strike assist=true predicted=(20.16, 2.29, -41.09) offset=0.241
GATE A OPENING +131.44s — catch complete; exploration resumed with two-creature party
MIRA PROVISIONAL APPROACH [(19.21606, -26.72587), (20.0, -26.0), (20.0, -18.0), (20.0, -12.0), (20.0, 6.3), (27.0, 6.65)] original_standoff=(27.0, 0.85, 7.6)
OPENING_PRODUCTION_OBSERVATION {"acceptance":false,"actual_delta":[0.0465831756591797,-0.0037381649017334,-0.0543956756591797],"authored_road_hint":"","callback_own_us":911,"ceiling_frames":0,"checked_start":true,"controller_observation_available":true,"controller_wanted_dir":[-0.679408013820648,0.0,0.7337606549263],"delivered_input":[0.367431849241257,0.930050373077393],"diagnostic_output_outside_physics_cap":true,"floor_angle":0.785399973392487,"frame":1,"live_contacts":[{"collider_path":"/root/MeadowsPlayground/Terrain","collider_rid":"RID(67796058767363)","collider_shape":41,"depth":0.0000651611844659783,"local_shape":0,"normal":[0.0788664147257805,0.996884524822235,-0.00113362446427345],"point":[22.7148303985596,0.659582734107971,-30.5423164367676]}],"live_recovery_travel":[0.00000762939453125,0.000102221965789795,0.0],"live_state_phase":"post","mask":1,"on_ceiling":false,"on_floor":true,"on_wall":false,"physics_frame":3320,"plans":1,"player":[22.7464408874512,0.659166216850281,-30.5427722930908],"progress_m":0.0717137083411217,"provisional_choice":0,"provisional_steering":{"acceptance":false,"heading":[-0.679408073425293,0.0,0.733760595321655],"prediction_motion":[-0.69558447599411,0.0,0.751231133937836],"retry_choice":0,"source":"prospective_step","wall_normal":[0.0,0.0,0.0]},"queries":3,"recoveries":0,"refusal":"","request":[27.0,0.849999964237213,7.59999990463257],"requests":1,"safe_margin":0.00100000004749745,"slide_contacts":[{"collider_path":"/root/MeadowsPlayground/Terrain","collider_rid":"RID(67796058767363)","collider_shape":41,"normal":[0.0788664147257805,0.996884524822235,-0.00113362446427345],"point":[22.6698703765869,0.663199424743652,-30.4897308349609],"slide":0,"swept_depth":0.00104541110340506},{"collider_path":"/root/MeadowsPlayground/Terrain","collider_rid":"RID(67796058767363)","collider_shape":41,"normal":[0.0788664147257805,0.996884524822235,-0.00113362446427345],"point":[22.7148303985596,0.659582853317261,-30.5423164367676],"slide":1,"swept_depth":0.000167842124938034}],"slide_contacts_are_capped_prefix":true,"slide_count":2,"slide_motion":[0.0465831756591797,-0.0037381649017334,-0.0543956756591797],"slide_point_counts":[1,1],"snap":0.400000005960464,"stall_frames":1,"swept_depth":0.00104541110340506,"timing":{"between_callbacks":"controller and other nodes; excluded; not controller-only","between_callbacks_us":8304,"callback_cap_us":10000,"input_flush_us":257,"live_post_us":86,"live_pre_us":109,"movement_progress_us":7,"post_contract_us":26,"post_us":179,"pre_us":727,"provisional_steering_us":197,"serialization_and_print":"deferred; excluded; snapshot included","slide_validation_us":8,"snapshot_us":51,"stage":"post"},"total_queries":3,"wall_frames":0}
OPENING_PRODUCTION_LOG_COST {"cost_line_print_measured":false,"observation_print_us":52,"outside_physics_cap":true,"requests":1,"serialization_us":105}
OPENING_PRODUCTION_OBSERVATION {"acceptance":false,"actual_delta":[0.0387916564941406,-0.00313484668731689,-0.0457382202148438],"authored_road_hint":"","callback_own_us":666,"ceiling_frames":0,"checked_start":true,"controller_observation_available":true,"controller_wanted_dir":[-0.67901623249054,0.0,0.734123229980469],"delivered_input":[0.367928355932236,0.929854154586792],"diagnostic_output_outside_physics_cap":true,"floor_angle":0.785399973392487,"frame":2,"live_contacts":[{"collider_path":"/root/MeadowsPlayground/Terrain","collider_rid":"RID(67796058767363)","collider_shape":41,"depth":0.0000670019871904515,"local_shape":0,"normal":[0.0788664147257805,0.996884524822235,-0.00113362446427345],"point":[22.7536220550537,0.656461775302887,-30.5880546569824]}],"live_recovery_travel":[0.00000762939453125,0.000114262104034424,0.0],"live_state_phase":"post","mask":1,"on_ceiling":false,"on_floor":true,"on_wall":false,"physics_frame":3321,"plans":1,"player":[22.7852325439453,0.656031370162964,-30.5885105133057],"progress_m":0.131768722087145,"provisional_choice":0,"provisional_steering":{"acceptance":false,"heading":[-0.67901623249054,0.0,0.734123289585114],"prediction_motion":[-0.695183277130127,0.0,0.751602411270142],"retry_choice":0,"source":"prospective_step","wall_normal":[0.0,0.0,0.0]},"queries":3,"recoveries":0,"refusal":"","request":[27.0,0.849999964237213,7.59999990463257],"requests":2,"safe_margin":0.00100000004749745,"slide_contacts":[{"collider_path":"/root/MeadowsPlayground/Terrain","collider_rid":"RID(67796058767363)","collider_shape":41,"normal":[0.0788664147257805,0.996884524822235,-0.00113362446427345],"point":[22.7163162231445,0.659463465213776,-30.5439739227295],"slide":0,"swept_depth":0.00115377095062286},{"collider_path":"/root/MeadowsPlayground/Terrain","collider_rid":"RID(67796058767363)","collider_shape":41,"normal":[0.0788664147257805,0.996884524822235,-0.00113362446427345],"point":[22.7536239624023,0.656461834907532,-30.5880546569824],"slide":1,"swept_depth":0.000181780065759085}],"slide_contacts_are_capped_prefix":true,"slide_count":2,"slide_motion":[0.0387916527688503,-0.00313484668731689,-0.0457382202148438],"slide_point_counts":[1,1],"snap":0.400000005960464,"stall_frames":0,"swept_depth":0.00115377095062286,"timing":{"between_callbacks":"controller and other nodes; excluded; not controller-only","between_callbacks_us":7878,"callback_cap_us":10000,"input_flush_us":83,"live_post_us":78,"live_pre_us":100,"movement_progress_us":6,"post_contract_us":21,"post_us":154,"pre_us":508,"provisional_steering_us":188,"serialization_and_print":"deferred; excluded; snapshot included","slide_validation_us":6,"snapshot_us":41,"stage":"post"},"total_queries":6,"wall_frames":0}
OPENING_PRODUCTION_LOG_COST {"cost_line_print_measured":false,"observation_print_us":44,"outside_physics_cap":true,"requests":2,"serialization_us":94}
OPENING_PRODUCTION_OBSERVATION {"acceptance":false,"actual_delta":[0.0309925079345703,-0.00248503684997559,-0.0370807647705078],"authored_road_hint":"","callback_own_us":752,"ceiling_frames":0,"checked_start":true,"controller_observation_available":true,"controller_wanted_dir":[-0.678656101226807,0.0,0.734456181526184],"delivered_input":[0.368384271860123,0.929673373699188],"diagnostic_output_outside_physics_cap":true,"floor_angle":0.785399973392487,"frame":3,"live_contacts":[{"collider_path":"/root/MeadowsPlayground/Terrain","collider_rid":"RID(67796058767363)","collider_shape":41,"depth":0.0000661112280795351,"local_shape":0,"normal":[0.0788664147257805,0.996884524822235,-0.00113362446427345],"point":[22.7846145629883,0.653967976570129,-30.6251354217529]}],"live_recovery_travel":[0.00000762939453125,0.000106453895568848,0.0],"live_state_phase":"post","mask":1,"on_ceiling":false,"on_floor":true,"on_wall":false,"physics_frame":3322,"plans":1,"player":[22.8162250518799,0.653546333312988,-30.6255912780762],"progress_m":0.180159777402878,"provisional_choice":0,"provisional_steering":{"acceptance":false,"heading":[-0.678656041622162,0.0,0.734456121921539],"prediction_motion":[-0.694814562797546,0.0,0.751943171024323],"retry_choice":0,"source":"prospective_step","wall_normal":[0.0,0.0,0.0]},"queries":3,"recoveries":0,"refusal":"","request":[27.0,0.849999964237213,7.59999990463257],"requests":3,"safe_margin":0.00100000004749745,"slide_contacts":[{"collider_path":"/root/MeadowsPlayground/Terrain","collider_rid":"RID(67796058767363)","collider_shape":41,"normal":[0.0788664147257805,0.996884524822235,-0.00113362446427345],"point":[22.7547302246094,0.656372666358948,-30.5892887115479],"slide":0,"swept_depth":0.00108789931982756},{"collider_path":"/root/MeadowsPlayground/Terrain","collider_rid":"RID(67796058767363)","collider_shape":41,"normal":[0.0788664147257805,0.996884524822235,-0.00113362446427345],"point":[22.7846145629883,0.653967976570129,-30.6251354217529],"slide":1,"swept_depth":0.000172833504620939}],"slide_contacts_are_capped_prefix":true,"slide_count":2,"slide_motion":[0.0309925079345703,-0.00248503661714494,-0.0370807684957981],"slide_point_counts":[1,1],"snap":0.400000005960464,"stall_frames":1,"swept_depth":0.00108789931982756,"timing":{"between_callbacks":"controller and other nodes; excluded; not controller-only","between_callbacks_us":7929,"callback_cap_us":10000,"input_flush_us":138,"live_post_us":85,"live_pre_us":111,"movement_progress_us":5,"post_contract_us":21,"post_us":168,"pre_us":579,"provisional_steering_us":177,"serialization_and_print":"deferred; excluded; snapshot included","slide_validation_us":7,"snapshot_us":47,"stage":"post"},"total_queries":9,"wall_frames":0}
OPENING_PRODUCTION_LOG_COST {"cost_line_print_measured":false,"observation_print_us":64,"outside_physics_cap":true,"requests":3,"serialization_us":101}
OPENING_PRODUCTION_OBSERVATION {"acceptance":false,"actual_delta":[0.0231914520263672,-0.00185751914978027,-0.0284214019775391],"authored_road_hint":"","callback_own_us":599,"ceiling_frames":0,"checked_start":true,"controller_observation_available":true,"controller_wanted_dir":[-0.678323686122894,0.0,0.734763264656067],"delivered_input":[0.368805050849915,0.929506719112396],"diagnostic_output_outside_physics_cap":true,"floor_angle":0.785399973392487,"frame":4,"live_contacts":[{"collider_path":"/root/MeadowsPlayground/Terrain","collider_rid":"RID(67796058767363)","collider_shape":41,"depth":0.0000644487226963975,"local_shape":0,"normal":[0.0788664147257805,0.996884524822235,-0.00113362446427345],"point":[22.8078060150146,0.652100801467896,-30.6535568237305]}],"live_recovery_travel":[0.00000762939453125,0.0000984668731689453,0.0],"live_state_phase":"post","mask":1,"on_ceiling":false,"on_floor":true,"on_wall":false,"physics_frame":3323,"plans":1,"player":[22.8394165039062,0.651688814163208,-30.6540126800537],"progress_m":0.216889463365078,"provisional_choice":0,"provisional_steering":{"acceptance":false,"heading":[-0.678323566913605,0.0,0.734763264656067],"prediction_motion":[-0.694474160671234,0.0,0.752257645130157],"retry_choice":0,"source":"prospective_step","wall_normal":[0.0,0.0,0.0]},"queries":3,"recoveries":0,"refusal":"","request":[27.0,0.849999964237213,7.59999990463257],"requests":4,"safe_margin":0.00100000004749745,"slide_contacts":[{"collider_path":"/root/MeadowsPlayground/Terrain","collider_rid":"RID(67796058767363)","collider_shape":41,"normal":[0.0788664147257805,0.996884524822235,-0.00113362446427345],"point":[22.7853908538818,0.653905510902405,-30.6259994506836],"slide":0,"swept_depth":0.00101567001547664},{"collider_path":"/root/MeadowsPlayground/Terrain","collider_rid":"RID(67796058767363)","collider_shape":41,"normal":[0.0788664147257805,0.996884524822235,-0.00113362446427345],"point":[22.8078060150146,0.652100920677185,-30.6535568237305],"slide":1,"swept_depth":0.00016332691302523}],"slide_contacts_are_capped_prefix":true,"slide_count":2,"slide_motion":[0.0231914520263672,-0.00185751914978027,-0.0284214019775391],"slide_point_counts":[1,1],"snap":0.400000005960464,"stall_frames":0,"swept_depth":0.00101567001547664,"timing":{"between_callbacks":"controller and other nodes; excluded; not controller-only","between_callbacks_us":7127,"callback_cap_us":10000,"input_flush_us":68,"live_post_us":83,"live_pre_us":94,"movement_progress_us":5,"post_contract_us":18,"post_us":152,"pre_us":445,"provisional_steering_us":195,"serialization_and_print":"deferred; excluded; snapshot included","slide_validation_us":7,"snapshot_us":37,"stage":"post"},"total_queries":12,"wall_frames":0}
OPENING_PRODUCTION_LOG_COST {"cost_line_print_measured":false,"observation_print_us":29,"outside_physics_cap":true,"requests":4,"serialization_us":108}
OPENING_PRODUCTION_OBSERVATION {"acceptance":false,"actual_delta":[0.0153980255126953,-0.00123053789138794,-0.0197582244873047],"authored_road_hint":"","callback_own_us":580,"ceiling_frames":0,"checked_start":true,"controller_observation_available":true,"controller_wanted_dir":[-0.678015768527985,0.0,0.735047399997711],"delivered_input":[0.369194447994232,0.929352223873138],"diagnostic_output_outside_physics_cap":true,"floor_angle":0.785399973392487,"frame":5,"live_contacts":[{"collider_path":"/root/MeadowsPlayground/Terrain","collider_rid":"RID(67796058767363)","collider_shape":41,"depth":0.0000634988682577386,"local_shape":0,"normal":[0.0788664147257805,0.996884524822235,-0.00113362446427345],"point":[22.8232040405273,0.65086030960083,-30.6733150482178]}],"live_recovery_travel":[0.00000762939453125,0.0000894665718078613,0.0],"live_state_phase":"post","mask":1,"on_ceiling":false,"on_floor":true,"on_wall":false,"physics_frame":3324,"plans":1,"player":[22.8548145294189,0.65045827627182,-30.673770904541],"progress_m":0.241969352588058,"provisional_choice":0,"provisional_steering":{"acceptance":false,"heading":[-0.678015768527985,0.0,0.735047399997711],"prediction_motion":[-0.694159030914307,0.0,0.752548575401306],"retry_choice":0,"source":"prospective_step","wall_normal":[0.0,0.0,0.0]},"queries":3,"recoveries":0,"refusal":"","request":[27.0,0.849999964237213,7.59999990463257],"requests":5,"safe_margin":0.00100000004749745,"slide_contacts":[{"collider_path":"/root/MeadowsPlayground/Terrain","collider_rid":"RID(67796058767363)","collider_shape":41,"normal":[0.0788664147257805,0.996884524822235,-0.00113362446427345],"point":[22.8082942962646,0.652061581611633,-30.6541004180908],"slide":0,"swept_depth":0.000939400284551084},{"collider_path":"/root/MeadowsPlayground/Terrain","collider_rid":"RID(67796058767363)","collider_shape":41,"normal":[0.0788664147257805,0.996884524822235,-0.00113362446427345],"point":[22.8232021331787,0.650860369205475,-30.6733150482178],"slide":1,"swept_depth":0.000153254193719476}],"slide_contacts_are_capped_prefix":true,"slide_count":2,"slide_motion":[0.0153980255126953,-0.00123053777497262,-0.0197582226246595],"slide_point_counts":[1,1],"snap":0.400000005960464,"stall_frames":1,"swept_depth":0.000939400284551084,"timing":{"between_callbacks":"controller and other nodes; excluded; not controller-only","between_callbacks_us":6830,"callback_cap_us":10000,"input_flush_us":74,"live_post_us":84,"live_pre_us":93,"movement_progress_us":6,"post_contract_us":18,"post_us":149,"pre_us":429,"provisional_steering_us":179,"serialization_and_print":"deferred; excluded; snapshot included","slide_validation_us":5,"snapshot_us":34,"stage":"post"},"total_queries":15,"wall_frames":0}
OPENING_PRODUCTION_LOG_COST {"cost_line_print_measured":false,"observation_print_us":39,"outside_physics_cap":true,"requests":5,"serialization_us":88}
OPENING_PRODUCTION_OBSERVATION {"acceptance":false,"actual_delta":[0.00762367248535156,-0.00064241886138916,-0.0110931396484375],"authored_road_hint":"","callback_own_us":590,"ceiling_frames":0,"checked_start":true,"controller_observation_available":true,"controller_wanted_dir":[-0.677731215953827,0.0,0.735309779644012],"delivered_input":[0.369554162025452,0.929209172725677],"diagnostic_output_outside_physics_cap":true,"floor_angle":0.785399973392487,"frame":6,"live_contacts":[{"collider_path":"/root/MeadowsPlayground/Terrain","collider_rid":"RID(67796058767363)","collider_shape":41,"depth":0.0000668238280923106,"local_shape":0,"normal":[0.0788664147257805,0.996884524822235,-0.00113362446427345],"point":[22.8308277130127,0.650244474411011,-30.6844081878662]}],"live_recovery_travel":[0.00000762939453125,0.000112712383270264,0.0],"live_state_phase":"post","mask":1,"on_ceiling":false,"on_floor":true,"on_wall":false,"physics_frame":3325,"plans":1,"player":[22.8624382019043,0.649815857410431,-30.6848640441895],"progress_m":0.255444916896522,"provisional_choice":0,"provisional_steering":{"acceptance":false,"heading":[-0.677731156349182,0.0,0.735309779644012],"prediction_motion":[-0.693867623806,0.0,0.752817153930664],"retry_choice":0,"source":"prospective_step","wall_normal":[0.0,0.0,0.0]},"queries":3,"recoveries":0,"refusal":"","request":[27.0,0.849999964237213,7.59999990463257],"requests":6,"safe_margin":0.00100000004749745,"slide_contacts":[{"collider_path":"/root/MeadowsPlayground/Terrain","collider_rid":"RID(67796058767363)","collider_shape":41,"normal":[0.0788664147257805,0.996884524822235,-0.00113362446427345],"point":[22.8235397338867,0.650833189487457,-30.6736850738525],"slide":0,"swept_depth":0.0011464903363958},{"collider_path":"/root/MeadowsPlayground/Terrain","collider_rid":"RID(67796058767363)","collider_shape":41,"normal":[0.0788664147257805,0.996884524822235,-0.00113362446427345],"point":[22.8308277130127,0.650244474411011,-30.6844081878662],"slide":1,"swept_depth":0.000179727765498683}],"slide_contacts_are_capped_prefix":true,"slide_count":2,"slide_motion":[0.00762367248535156,-0.00064241886138916,-0.0110931396484375],"slide_point_counts":[1,1],"snap":0.400000005960464,"stall_frames":2,"swept_depth":0.0011464903363958,"timing":{"between_callbacks":"controller and other nodes; excluded; not controller-only","between_callbacks_us":6897,"callback_cap_us":10000,"input_flush_us":73,"live_post_us":83,"live_pre_us":94,"movement_progress_us":5,"post_contract_us":18,"post_us":149,"pre_us":438,"provisional_steering_us":185,"serialization_and_print":"deferred; excluded; snapshot included","slide_validation_us":6,"snapshot_us":36,"stage":"post"},"total_queries":18,"wall_frames":0}
OPENING_PRODUCTION_LOG_COST {"cost_line_print_measured":false,"observation_print_us":37,"outside_physics_cap":true,"requests":6,"serialization_us":90}
OPENING_PRODUCTION_OBSERVATION {"acceptance":false,"actual_delta":[-0.000165939331054688,0.0000202059745788574,-0.00242996215820312],"authored_road_hint":"","callback_own_us":586,"ceiling_frames":0,"checked_start":true,"controller_observation_available":true,"controller_wanted_dir":[-0.677469909191132,0.0,0.73555052280426],"delivered_input":[0.369884252548218,0.929077863693237],"diagnostic_output_outside_physics_cap":true,"floor_angle":0.785399973392487,"frame":7,"live_contacts":[{"collider_path":"/root/MeadowsPlayground/Terrain","collider_rid":"RID(67796058767363)","collider_shape":41,"depth":0.0000656361880828626,"local_shape":0,"normal":[0.0788664147257805,0.996884524822235,-0.00113362446427345],"point":[22.8306617736816,0.650254726409912,-30.6868381500244]}],"live_recovery_travel":[0.00000762939453125,0.000103950500488281,0.0],"live_state_phase":"post","mask":1,"on_ceiling":false,"on_floor":true,"on_wall":false,"physics_frame":3326,"plans":1,"player":[22.8622722625732,0.64983606338501,-30.6872940063477],"progress_m":0.257880622288212,"provisional_choice":0,"provisional_steering":{"acceptance":false,"heading":[-0.677469849586487,0.0,0.73555052280426],"prediction_motion":[-0.693600118160248,0.0,0.753063678741455],"retry_choice":0,"source":"prospective_step","wall_normal":[0.0,0.0,0.0]},"queries":3,"recoveries":0,"refusal":"","request":[27.0,0.849999964237213,7.59999990463257],"requests":7,"safe_margin":0.00100000004749745,"slide_contacts":[{"collider_path":"/root/MeadowsPlayground/Terrain","collider_rid":"RID(67796058767363)","collider_shape":41,"normal":[0.0788664147257805,0.996884524822235,-0.00113362446427345],"point":[22.8308982849121,0.650238573551178,-30.6844844818115],"slide":0,"swept_depth":0.00107307266443968},{"collider_path":"/root/MeadowsPlayground/Terrain","collider_rid":"RID(67796058767363)","collider_shape":41,"normal":[0.0788664147257805,0.996884524822235,-0.00113362446427345],"point":[22.8306617736816,0.650254607200623,-30.6868381500244],"slide":1,"swept_depth":0.000169743492733687}],"slide_contacts_are_capped_prefix":true,"slide_count":2,"slide_motion":[-0.000165939331054688,0.0000202059745788574,-0.00242996192537248],"slide_point_counts":[1,1],"snap":0.400000005960464,"stall_frames":3,"swept_depth":0.00107307266443968,"timing":{"between_callbacks":"controller and other nodes; excluded; not controller-only","between_callbacks_us":6998,"callback_cap_us":10000,"input_flush_us":75,"live_post_us":84,"live_pre_us":95,"movement_progress_us":5,"post_contract_us":19,"post_us":152,"pre_us":431,"provisional_steering_us":179,"serialization_and_print":"deferred; excluded; snapshot included","slide_validation_us":6,"snapshot_us":36,"stage":"post"},"total_queries":21,"wall_frames":0}
OPENING_PRODUCTION_LOG_COST {"cost_line_print_measured":false,"observation_print_us":30,"outside_physics_cap":true,"requests":7,"serialization_us":90}
OPENING_PRODUCTION_OBSERVATION {"acceptance":false,"actual_delta":[-0.00794792175292969,0.000633597373962402,0.00624656677246094],"authored_road_hint":"","callback_own_us":597,"ceiling_frames":0,"checked_start":true,"controller_observation_available":true,"controller_wanted_dir":[-0.677228271961212,0.0,0.735773026943207],"delivered_input":[0.370189398527145,0.928956270217896],"diagnostic_output_outside_physics_cap":true,"floor_angle":0.785399973392487,"frame":8,"live_contacts":[{"collider_path":"/root/MeadowsPlayground/Terrain","collider_rid":"RID(67796058767363)","collider_shape":41,"depth":0.00006587370444322,"local_shape":0,"normal":[0.0788664147257805,0.996884524822235,-0.00113362446427345],"point":[22.8227138519287,0.650890707969666,-30.680591583252]}],"live_recovery_travel":[0.00000762939453125,0.000106096267700195,0.0],"live_state_phase":"post","mask":1,"on_ceiling":false,"on_floor":true,"on_wall":false,"physics_frame":3327,"plans":1,"player":[22.8543243408203,0.650469660758972,-30.6810474395752],"progress_m":0.268009318737313,"provisional_choice":0,"provisional_steering":{"acceptance":false,"heading":[-0.677228212356567,0.0,0.735772967338562],"prediction_motion":[-0.693352699279785,0.0,0.753291368484497],"retry_choice":0,"source":"prospective_step","wall_normal":[0.0,0.0,0.0]},"queries":3,"recoveries":0,"refusal":"","request":[27.0,0.849999964237213,7.59999990463257],"requests":8,"safe_margin":0.00100000004749745,"slide_contacts":[{"collider_path":"/root/MeadowsPlayground/Terrain","collider_rid":"RID(67796058767363)","collider_shape":41,"normal":[0.0788664147257805,0.996884524822235,-0.00113362446427345],"point":[22.8304996490479,0.650267839431763,-30.6866512298584],"slide":0,"swept_depth":0.00109098909888417},{"collider_path":"/root/MeadowsPlayground/Terrain","collider_rid":"RID(67796058767363)","collider_shape":41,"normal":[0.0788664147257805,0.996884524822235,-0.00113362446427345],"point":[22.8227138519287,0.650890588760376,-30.680591583252],"slide":1,"swept_depth":0.000172120388015173}],"slide_contacts_are_capped_prefix":true,"slide_count":2,"slide_motion":[-0.00794792175292969,0.000633597373962402,0.00624656677246094],"slide_point_counts":[1,1],"snap":0.400000005960464,"stall_frames":4,"swept_depth":0.00109098909888417,"timing":{"between_callbacks":"controller and other nodes; excluded; not controller-only","between_callbacks_us":6959,"callback_cap_us":10000,"input_flush_us":77,"live_post_us":81,"live_pre_us":94,"movement_progress_us":6,"post_contract_us":19,"post_us":150,"pre_us":444,"provisional_steering_us":187,"serialization_and_print":"deferred; excluded; snapshot included","slide_validation_us":6,"snapshot_us":37,"stage":"post"},"total_queries":24,"wall_frames":0}
OPENING_PRODUCTION_LOG_COST {"cost_line_print_measured":false,"observation_print_us":40,"outside_physics_cap":true,"requests":8,"serialization_us":91}
OPENING_PRODUCTION_OBSERVATION {"acceptance":false,"actual_delta":[-0.00043487548828125,0.000514388084411621,0.12054443359375],"authored_road_hint":"","callback_own_us":768,"ceiling_frames":0,"checked_start":true,"controller_observation_available":true,"controller_wanted_dir":[-0.085828572511673,0.0,0.9963099360466],"delivered_input":[0.861017823219299,0.508574843406677],"diagnostic_output_outside_physics_cap":true,"floor_angle":0.785399973392487,"frame":90,"live_contacts":[{"collider_path":"/root/MeadowsPlayground/Terrain","collider_rid":"RID(67796058767363)","collider_shape":41,"depth":0.0000691413879394531,"local_shape":0,"normal":[0.00181057688314468,0.99998664855957,-0.00485014403238893],"point":[20.6241474151611,0.893359124660492,-25.1361846923828]}],"live_recovery_travel":[0.0,0.000128090381622314,0.0],"live_state_phase":"post","mask":1,"on_ceiling":false,"on_floor":true,"on_wall":false,"physics_frame":3409,"plans":1,"player":[20.6248741149902,0.894156515598297,-25.1381301879883],"progress_m":8.93050158838741,"provisional_choice":0,"provisional_steering":{"acceptance":false,"heading":[-0.0858285576105118,0.0,0.9963099360466],"prediction_motion":[-0.0878720954060555,0.0,1.02003157138824],"retry_choice":0,"source":"prospective_step","wall_normal":[0.0,0.0,0.0]},"queries":3,"recoveries":0,"refusal":"","request":[27.0,0.849999964237213,7.59999990463257],"requests":90,"safe_margin":0.00100000004749745,"slide_contacts":[{"collider_path":"/root/MeadowsPlayground/Terrain","collider_rid":"RID(67796058767363)","collider_shape":41,"normal":[0.00181057688314468,0.99998664855957,-0.00485014403238893],"point":[20.624568939209,0.892794787883759,-25.2523784637451],"slide":0,"swept_depth":0.00128532864619046},{"collider_path":"/root/MeadowsPlayground/Terrain","collider_rid":"RID(67796058767363)","collider_shape":41,"normal":[0.00181057688314468,0.99998664855957,-0.00485014403238893],"point":[20.6241474151611,0.893359124660492,-25.1361865997314],"slide":1,"swept_depth":0.000197181390831247}],"slide_contacts_are_capped_prefix":true,"slide_count":2,"slide_motion":[-0.00043487548828125,0.000514388084411621,0.12054443359375],"slide_point_counts":[1,1],"snap":0.400000005960464,"stall_frames":0,"swept_depth":0.00128532864619046,"timing":{"between_callbacks":"controller and other nodes; excluded; not controller-only","between_callbacks_us":7240,"callback_cap_us":10000,"input_flush_us":108,"live_post_us":106,"live_pre_us":100,"movement_progress_us":7,"post_contract_us":41,"post_us":213,"pre_us":551,"provisional_steering_us":247,"serialization_and_print":"deferred; excluded; snapshot included","slide_validation_us":7,"snapshot_us":51,"stage":"post"},"total_queries":270,"wall_frames":0}
OPENING_PRODUCTION_LOG_COST {"cost_line_print_measured":false,"observation_print_us":65,"outside_physics_cap":true,"requests":90,"serialization_us":103}
OPENING_PRODUCTION_OBSERVATION {"acceptance":false,"actual_delta":[-0.000316619873046875,0.000000298023223876953,0.143332481384277],"authored_road_hint":"","callback_own_us":533,"ceiling_frames":0,"checked_start":true,"controller_observation_available":true,"controller_wanted_dir":[-0.00220696721225977,0.0,0.999997615814209],"delivered_input":[0.303436756134033,0.146502375602722],"diagnostic_output_outside_physics_cap":true,"floor_angle":0.785399973392487,"frame":180,"live_contacts":[{"collider_path":"/root/MeadowsPlayground/Terrain","collider_rid":"RID(67796058767363)","collider_shape":41,"depth":0.0000587105751037598,"local_shape":0,"normal":[0.0,1.0,0.0],"point":[20.0006160736084,0.899999976158142,-12.2792720794678]},{"collider_path":"/root/MeadowsPlayground/Terrain","collider_rid":"RID(67796058767363)","collider_shape":41,"depth":0.0000582337379455566,"local_shape":0,"normal":[0.0,1.0,0.0],"point":[20.0000038146973,0.899999976158142,-12.2792720794678]}],"live_recovery_travel":[0.0,0.00000548362731933594,0.0],"live_state_phase":"post","mask":1,"on_ceiling":false,"on_floor":true,"on_wall":false,"physics_frame":3499,"plans":1,"player":[20.0006160736084,0.900935709476471,-12.2792720794678],"progress_m":21.8162010691594,"provisional_choice":0,"provisional_steering":{"acceptance":false,"heading":[-0.00220700702629983,0.0,0.999997615814209],"prediction_motion":[-0.000932693481445312,0.0,0.422604560852051],"retry_choice":0,"source":"prospective_step","wall_normal":[0.0,0.0,0.0]},"queries":3,"recoveries":0,"refusal":"","request":[27.0,0.849999964237213,7.59999990463257],"requests":180,"safe_margin":0.00100000004749745,"slide_contacts":[{"collider_path":"/root/MeadowsPlayground/Terrain","collider_rid":"RID(67796058767363)","collider_shape":41,"normal":[0.0,1.0,0.0],"point":[20.0009231567383,0.899999976158142,-12.4186849594116],"slide":0,"swept_depth":0.000970661640167236},{"collider_path":"/root/MeadowsPlayground/Terrain","collider_rid":"RID(67796058767363)","collider_shape":41,"normal":[0.0,1.0,0.0],"point":[20.0000019073486,0.899999976158142,-12.4186849594116],"slide":0,"swept_depth":0.000970661640167236},{"collider_path":"/root/MeadowsPlayground/Terrain","collider_rid":"RID(67796058767363)","collider_shape":41,"normal":[0.0,1.0,0.0],"point":[20.0006160736084,0.899999976158142,-12.2792720794678],"slide":1,"swept_depth":0.0000641942024230957},{"collider_path":"/root/MeadowsPlayground/Terrain","collider_rid":"RID(67796058767363)","collider_shape":41,"normal":[0.0,1.0,0.0],"point":[20.0000038146973,0.899999976158142,-12.2792720794678],"slide":1,"swept_depth":0.0000641942024230957}],"slide_contacts_are_capped_prefix":true,"slide_count":2,"slide_motion":[-0.000316619873046875,0.000000298023195455244,0.143332496285439],"slide_point_counts":[2,2],"snap":0.400000005960464,"stall_frames":0,"swept_depth":0.000970661640167236,"timing":{"between_callbacks":"controller and other nodes; excluded; not controller-only","between_callbacks_us":7026,"callback_cap_us":10000,"input_flush_us":103,"live_post_us":70,"live_pre_us":91,"movement_progress_us":6,"post_contract_us":18,"post_us":157,"pre_us":372,"provisional_steering_us":75,"serialization_and_print":"deferred; excluded; snapshot included","slide_validation_us":6,"snapshot_us":55,"stage":"post"},"total_queries":540,"wall_frames":0}
OPENING_PRODUCTION_LOG_COST {"cost_line_print_measured":false,"observation_print_us":62,"outside_physics_cap":true,"requests":180,"serialization_us":113}
OPENING_PRODUCTION_OBSERVATION {"acceptance":false,"actual_delta":[-0.0000019073486328125,0.0,0.0833334922790527],"authored_road_hint":"","callback_own_us":622,"ceiling_frames":0,"checked_start":true,"controller_observation_available":true,"controller_wanted_dir":[-0.000012129545211792,0.0,1.0],"delivered_input":[0.901485562324524,0.432809174060822],"diagnostic_output_outside_physics_cap":true,"floor_angle":0.785399973392487,"frame":270,"live_contacts":[{"collider_path":"/root/MeadowsPlayground/Terrain","collider_rid":"RID(67796058767363)","collider_shape":41,"depth":0.0000582337379455566,"local_shape":0,"normal":[0.0,1.0,0.0],"point":[20.000129699707,0.899999976158142,-4.47426986694336]},{"collider_path":"/root/MeadowsPlayground/Terrain","collider_rid":"RID(67796058767363)","collider_shape":41,"depth":0.0000582337379455566,"local_shape":0,"normal":[0.0,1.0,0.0],"point":[20.000129699707,0.899999976158142,-4.47426986694336]}],"live_recovery_travel":[0.0,0.00000554323196411133,0.0],"live_state_phase":"post","mask":1,"on_ceiling":false,"on_floor":true,"on_wall":false,"physics_frame":3589,"plans":1,"player":[20.000129699707,0.900936126708984,-4.47426986694336],"progress_m":29.6212036393117,"provisional_choice":0,"provisional_steering":{"acceptance":false,"heading":[-0.0000121211887744721,0.0,1.0],"prediction_motion":[-0.000012409788723744,0.0,1.02380955219269],"retry_choice":0,"source":"prospective_step","wall_normal":[0.0,0.0,0.0]},"queries":3,"recoveries":0,"refusal":"","request":[27.0,0.849999964237213,7.59999990463257],"requests":270,"safe_margin":0.00100000004749745,"slide_contacts":[{"collider_path":"/root/MeadowsPlayground/Terrain","collider_rid":"RID(67796058767363)","collider_shape":41,"normal":[0.0,1.0,0.0],"point":[20.0001316070557,0.899999976158142,-4.55532455444336],"slide":0,"swept_depth":0.00096970796585083},{"collider_path":"/root/MeadowsPlayground/Terrain","collider_rid":"RID(67796058767363)","collider_shape":41,"normal":[0.0,1.0,0.0],"point":[20.0001316070557,0.899999976158142,-4.55532455444336],"slide":0,"swept_depth":0.00096970796585083},{"collider_path":"/root/MeadowsPlayground/Terrain","collider_rid":"RID(67796058767363)","collider_shape":41,"normal":[0.0,1.0,0.0],"point":[20.000129699707,0.899999976158142,-4.47426986694336],"slide":1,"swept_depth":0.0000638365745544434},{"collider_path":"/root/MeadowsPlayground/Terrain","collider_rid":"RID(67796058767363)","collider_shape":41,"normal":[0.0,1.0,0.0],"point":[20.000129699707,0.899999976158142,-4.47426986694336],"slide":1,"swept_depth":0.0000638365745544434}],"slide_contacts_are_capped_prefix":true,"slide_count":2,"slide_motion":[-0.0000019073486328125,0.0,0.0833334922790527],"slide_point_counts":[2,2],"snap":0.400000005960464,"stall_frames":0,"swept_depth":0.00096970796585083,"timing":{"between_callbacks":"controller and other nodes; excluded; not controller-only","between_callbacks_us":7161,"callback_cap_us":10000,"input_flush_us":135,"live_post_us":73,"live_pre_us":104,"movement_progress_us":6,"post_contract_us":23,"post_us":167,"pre_us":450,"provisional_steering_us":87,"serialization_and_print":"deferred; excluded; snapshot included","slide_validation_us":9,"snapshot_us":55,"stage":"post"},"total_queries":810,"wall_frames":0}
OPENING_PRODUCTION_LOG_COST {"cost_line_print_measured":false,"observation_print_us":51,"outside_physics_cap":true,"requests":270,"serialization_us":131}
OPENING_PRODUCTION_OBSERVATION {"acceptance":false,"actual_delta":[-0.0000019073486328125,0.0,0.0833332538604736],"authored_road_hint":"","callback_own_us":608,"ceiling_frames":0,"checked_start":true,"controller_observation_available":true,"controller_wanted_dir":[-0.0000119209289550781,0.0,1.0],"delivered_input":[0.901485621929169,0.432808995246887],"diagnostic_output_outside_physics_cap":true,"floor_angle":0.785399973392487,"frame":360,"live_contacts":[{"collider_path":"/root/MeadowsPlayground/Terrain","collider_rid":"RID(67796058767363)","collider_shape":33,"depth":0.0000582337379455566,"local_shape":0,"normal":[0.0,1.0,0.0],"point":[20.0000267028809,0.899999976158142,3.02572894096375]},{"collider_path":"/root/MeadowsPlayground/Terrain","collider_rid":"RID(67796058767363)","collider_shape":33,"depth":0.0000582337379455566,"local_shape":0,"normal":[0.0,1.0,0.0],"point":[20.0000381469727,0.899999976158142,3.02572894096375]}],"live_recovery_travel":[0.0,0.00000554323196411133,0.0],"live_state_phase":"post","mask":1,"on_ceiling":false,"on_floor":true,"on_wall":false,"physics_frame":3679,"plans":1,"player":[20.0000381469727,0.900936126708984,3.02572894096375],"progress_m":37.1212024397682,"provisional_choice":0,"provisional_steering":{"acceptance":false,"heading":[-0.0000119294336400344,0.0,1.0],"prediction_motion":[-0.0000122134679259034,0.0,1.02380955219269],"retry_choice":0,"source":"prospective_step","wall_normal":[0.0,0.0,0.0]},"queries":3,"recoveries":0,"refusal":"","request":[27.0,0.849999964237213,7.59999990463257],"requests":360,"safe_margin":0.00100000004749745,"slide_contacts":[{"collider_path":"/root/MeadowsPlayground/Terrain","collider_rid":"RID(67796058767363)","collider_shape":33,"normal":[0.0,1.0,0.0],"point":[20.0000267028809,0.899999976158142,2.94467425346375],"slide":0,"swept_depth":0.00096970796585083},{"collider_path":"/root/MeadowsPlayground/Terrain","collider_rid":"RID(67796058767363)","collider_shape":33,"normal":[0.0,1.0,0.0],"point":[20.0000400543213,0.899999976158142,2.94467425346375],"slide":0,"swept_depth":0.00096970796585083},{"collider_path":"/root/MeadowsPlayground/Terrain","collider_rid":"RID(67796058767363)","collider_shape":33,"normal":[0.0,1.0,0.0],"point":[20.0000381469727,0.899999976158142,3.02572894096375],"slide":1,"swept_depth":0.0000638365745544434},{"collider_path":"/root/MeadowsPlayground/Terrain","collider_rid":"RID(67796058767363)","collider_shape":33,"normal":[0.0,1.0,0.0],"point":[20.0000381469727,0.899999976158142,3.02572894096375],"slide":1,"swept_depth":0.0000638365745544434}],"slide_contacts_are_capped_prefix":true,"slide_count":2,"slide_motion":[-0.0000019073486328125,0.0,0.0833332538604736],"slide_point_counts":[2,2],"snap":0.400000005960464,"stall_frames":0,"swept_depth":0.00096970796585083,"timing":{"between_callbacks":"controller and other nodes; excluded; not controller-only","between_callbacks_us":5357,"callback_cap_us":10000,"input_flush_us":118,"live_post_us":83,"live_pre_us":109,"movement_progress_us":6,"post_contract_us":19,"post_us":173,"pre_us":430,"provisional_steering_us":94,"serialization_and_print":"deferred; excluded; snapshot included","slide_validation_us":8,"snapshot_us":56,"stage":"post"},"total_queries":1080,"wall_frames":0}
OPENING_PRODUCTION_LOG_COST {"cost_line_print_measured":false,"observation_print_us":59,"outside_physics_cap":true,"requests":360,"serialization_us":113}
OPENING_PRODUCTION_OBSERVATION {"acceptance":false,"actual_delta":[0.0833110809326172,-0.0000368952751159668,0.00193357467651367],"authored_road_hint":"","callback_own_us":553,"ceiling_frames":0,"checked_start":true,"controller_observation_available":true,"controller_wanted_dir":[0.999730885028839,0.0,0.0231997389346361],"delivered_input":[0.45359605550766,-0.891207337379456],"diagnostic_output_outside_physics_cap":true,"floor_angle":0.785399973392487,"frame":450,"live_contacts":[{"collider_path":"/root/MeadowsPlayground/Terrain","collider_rid":"RID(67796058767363)","collider_shape":33,"depth":0.0000688433647155762,"local_shape":0,"normal":[0.0,1.0,0.0],"point":[24.0452003479004,0.899999976158142,6.58143138885498]}],"live_recovery_travel":[0.0,0.000126361846923828,0.0],"live_state_phase":"post","mask":1,"on_ceiling":false,"on_floor":true,"on_wall":false,"physics_frame":3769,"plans":1,"player":[24.0452003479004,0.900804758071899,6.58143138885498],"progress_m":44.4753250598442,"provisional_choice":0,"provisional_steering":{"acceptance":false,"heading":[0.999730825424194,0.0,0.0231997147202492],"prediction_motion":[1.02353394031525,0.0,0.0237520895898342],"retry_choice":0,"source":"prospective_step","wall_normal":[0.0,0.0,0.0]},"queries":3,"recoveries":0,"refusal":"","request":[27.0,0.849999964237213,7.59999990463257],"requests":450,"safe_margin":0.00100000004749745,"slide_contacts":[{"collider_path":"/root/MeadowsPlayground/Terrain","collider_rid":"RID(67796058767363)","collider_shape":33,"normal":[0.0,1.0,0.0],"point":[23.9648990631104,0.899999976158142,6.57956743240356],"slide":0,"swept_depth":0.00126844644546509},{"collider_path":"/root/MeadowsPlayground/Terrain","collider_rid":"RID(67796058767363)","collider_shape":33,"normal":[0.0,1.0,0.0],"point":[24.0452003479004,0.899999976158142,6.58143138885498],"slide":1,"swept_depth":0.000195205211639404}],"slide_contacts_are_capped_prefix":true,"slide_count":2,"slide_motion":[0.0833110809326172,-0.0000368952787539456,0.00193357467651367],"slide_point_counts":[1,1],"snap":0.400000005960464,"stall_frames":0,"swept_depth":0.00126844644546509,"timing":{"between_callbacks":"controller and other nodes; excluded; not controller-only","between_callbacks_us":4791,"callback_cap_us":10000,"input_flush_us":111,"live_post_us":83,"live_pre_us":79,"movement_progress_us":7,"post_contract_us":20,"post_us":190,"pre_us":358,"provisional_steering_us":86,"serialization_and_print":"deferred; excluded; snapshot included","slide_validation_us":5,"snapshot_us":73,"stage":"post"},"total_queries":1350,"wall_frames":0}
OPENING_PRODUCTION_LOG_COST {"cost_line_print_measured":false,"observation_print_us":59,"outside_physics_cap":true,"requests":450,"serialization_us":96}
MIRA ROAD RUN INPUT {"acceptance":false,"auto_run_after":false,"edges":[{"auto_run_before_dispatch":false,"pad_button":15,"physics_frame":3320,"player":[22.699857711792,0.662904381752014,-30.4883766174316],"pressed":true},{"auto_run_before_dispatch":true,"pad_button":15,"physics_frame":3323,"player":[22.8162250518799,0.653546333312988,-30.6255912780762],"pressed":false},{"auto_run_before_dispatch":true,"pad_button":15,"physics_frame":3502,"player":[20.0002975463867,0.900936126708984,-11.9926061630249],"pressed":true},{"auto_run_before_dispatch":false,"pad_button":15,"physics_frame":3505,"player":[20.0002918243408,0.900934517383575,-11.5975971221924],"pressed":false}],"refused":false}
OPENING_PRODUCTION_OBSERVATION {"acceptance":false,"actual_delta":[-0.00104904174804688,0.0,0.0216255187988281],"authored_road_hint":"","callback_own_us":596,"ceiling_frames":0,"checked_start":true,"controller_observation_available":true,"controller_wanted_dir":[0.0365667529404163,0.0,0.99933123588562],"delivered_input":[0.187698855996132,0.08293766528368],"diagnostic_output_outside_physics_cap":true,"floor_angle":0.785399973392487,"frame":540,"live_contacts":[{"collider_path":"/root/MeadowsPlayground/Village/cottage_a_3/Interior/@StaticBody3D@59089","collider_rid":"RID(362057153119607)","collider_shape":0,"depth":0.000068962574005127,"local_shape":0,"normal":[0.0,1.0,0.0],"point":[26.9821739196777,0.919999957084656,2.49430680274963]}],"live_recovery_travel":[0.0,0.000127017498016357,0.0],"live_state_phase":"post","mask":1,"on_ceiling":false,"on_floor":true,"on_wall":false,"physics_frame":3949,"plans":9,"player":[26.9821739196777,0.920804023742676,2.49430680274963],"progress_m":50.9979211559985,"provisional_choice":0,"provisional_steering":{"acceptance":false,"heading":[0.0511887781322002,0.0,0.998688936233521],"prediction_motion":[0.0167770385742188,0.0,0.327318668365479],"retry_choice":0,"source":"prospective_step","wall_normal":[0.0,0.0,0.0]},"queries":3,"recoveries":0,"refusal":"","request":[27.0,0.849999964237213,2.79999995231628],"requests":540,"safe_margin":0.00100000004749745,"slide_contacts":[{"collider_path":"/root/MeadowsPlayground/Village/cottage_a_3/Interior/@StaticBody3D@59089","collider_rid":"RID(362057153119607)","collider_shape":0,"normal":[0.0,1.0,0.0],"point":[26.9831848144531,0.919999957084656,2.47346258163452],"slide":0,"swept_depth":0.00127333402633667},{"collider_path":"/root/MeadowsPlayground/Village/cottage_a_3/Interior/@StaticBody3D@59089","collider_rid":"RID(362057153119607)","collider_shape":0,"normal":[0.0,1.0,0.0],"point":[26.9821739196777,0.919999957084656,2.49430680274963],"slide":1,"swept_depth":0.000195920467376709}],"slide_contacts_are_capped_prefix":true,"slide_count":2,"slide_motion":[-0.00104904174804688,0.0,0.0216255187988281],"slide_point_counts":[1,1],"snap":0.400000005960464,"stall_frames":6,"swept_depth":0.00127333402633667,"timing":{"between_callbacks":"controller and other nodes; excluded; not controller-only","between_callbacks_us":4669,"callback_cap_us":10000,"input_flush_us":83,"live_post_us":94,"live_pre_us":123,"movement_progress_us":6,"post_contract_us":36,"post_us":194,"pre_us":398,"provisional_steering_us":93,"serialization_and_print":"deferred; excluded; snapshot included","slide_validation_us":6,"snapshot_us":49,"stage":"post"},"total_queries":1619,"wall_frames":0}
OPENING_PRODUCTION_LOG_COST {"cost_line_print_measured":false,"observation_print_us":60,"outside_physics_cap":true,"requests":540,"serialization_us":92}
GATE A NPC/GATHER +11.24s — Mira cycle 1 exited and movement resumed
OPENING_PRODUCTION_OBSERVATION {"acceptance":false,"actual_delta":[0.0000820159912109375,-0.0000981688499450684,0.0527777671813965],"authored_road_hint":"","callback_own_us":621,"ceiling_frames":0,"checked_start":true,"controller_observation_available":true,"controller_wanted_dir":[0.00153707817662507,0.0,0.999998807907104],"delivered_input":[0.178731545805931,0.0854697376489639],"diagnostic_output_outside_physics_cap":true,"floor_angle":0.785399973392487,"frame":630,"live_contacts":[{"collider_path":"/root/MeadowsPlayground/Village/cottage_a_3/Interior/@StaticBody3D@59089","collider_rid":"RID(362057153119607)","collider_shape":0,"depth":0.0000638365745544434,"local_shape":0,"normal":[0.0,1.0,0.0],"point":[26.9995861053467,0.919999957084656,4.7301344871521]}],"live_recovery_travel":[0.0,0.0000927448272705078,0.0],"live_state_phase":"post","mask":1,"on_ceiling":false,"on_floor":true,"on_wall":false,"physics_frame":4049,"plans":15,"player":[26.9995861053467,0.920843362808228,4.7301344871521],"progress_m":57.153685769299,"provisional_choice":0,"provisional_steering":{"acceptance":false,"heading":[0.00153702276293188,0.0,0.999998807907104],"prediction_motion":[0.00049591064453125,0.0,0.322643280029297],"retry_choice":0,"source":"prospective_step","wall_normal":[0.0,0.0,0.0]},"queries":3,"recoveries":0,"refusal":"","request":[27.0,0.849999964237213,7.40000009536743],"requests":630,"safe_margin":0.00100000004749745,"slide_contacts":[{"collider_path":"/root/MeadowsPlayground/Village/cottage_a_3/Interior/@StaticBody3D@59089","collider_rid":"RID(362057153119607)","collider_shape":0,"normal":[0.0,1.0,0.0],"point":[26.9995059967041,0.919999957084656,4.67879962921143],"slide":0,"swept_depth":0.000969946384429932},{"collider_path":"/root/MeadowsPlayground/Village/cottage_a_3/Interior/@StaticBody3D@59089","collider_rid":"RID(362057153119607)","collider_shape":0,"normal":[0.0,1.0,0.0],"point":[26.9995861053467,0.919999957084656,4.7301344871521],"slide":1,"swept_depth":0.000156581401824951}],"slide_contacts_are_capped_prefix":true,"slide_count":2,"slide_motion":[0.0000820159912109375,-0.0000981688499450684,0.0527777671813965],"slide_point_counts":[1,1],"snap":0.400000005960464,"stall_frames":1,"swept_depth":0.000969946384429932,"timing":{"between_callbacks":"controller and other nodes; excluded; not controller-only","between_callbacks_us":5093,"callback_cap_us":10000,"input_flush_us":161,"live_post_us":91,"live_pre_us":99,"movement_progress_us":6,"post_contract_us":22,"post_us":174,"pre_us":443,"provisional_steering_us":79,"serialization_and_print":"deferred; excluded; snapshot included","slide_validation_us":8,"snapshot_us":45,"stage":"post"},"total_queries":1881,"wall_frames":0}
OPENING_PRODUCTION_LOG_COST {"cost_line_print_measured":false,"observation_print_us":60,"outside_physics_cap":true,"requests":630,"serialization_us":94}
GATE A NPC/GATHER +12.96s — Mira handed over axe, pickaxe and the Basic Orb pattern through dialogue
OPENING_PRODUCTION_OBSERVATION {"acceptance":false,"actual_delta":[-0.00668716430664062,0.0000622272491455078,0.083064079284668],"authored_road_hint":"","callback_own_us":660,"ceiling_frames":0,"checked_start":true,"controller_observation_available":true,"controller_wanted_dir":[-0.0802406147122383,0.0,0.996775567531586],"delivered_input":[0.863855957984924,0.503738880157471],"diagnostic_output_outside_physics_cap":true,"floor_angle":0.785399973392487,"frame":720,"live_contacts":[{"collider_path":"/root/MeadowsPlayground/Terrain","collider_rid":"RID(67796058767363)","collider_shape":33,"depth":0.0000639557838439941,"local_shape":0,"normal":[0.0,1.0,0.0],"point":[26.6175575256348,0.899999976158142,12.3284950256348]}],"live_recovery_travel":[0.0,0.000094294548034668,0.0],"live_state_phase":"post","mask":1,"on_ceiling":false,"on_floor":true,"on_wall":false,"physics_frame":4144,"plans":17,"player":[26.6175575256348,0.900841653347015,12.3284950256348],"progress_m":64.5307664556894,"provisional_choice":0,"provisional_steering":{"acceptance":false,"heading":[-0.0802406668663025,0.0,0.996775507926941],"prediction_motion":[-0.0821511596441269,0.0,1.02050828933716],"retry_choice":0,"source":"prospective_step","wall_normal":[0.0,0.0,0.0]},"queries":3,"recoveries":0,"refusal":"","request":[26.0,1.93799996376038,20.0],"requests":720,"safe_margin":0.00100000004749745,"slide_contacts":[{"collider_path":"/root/MeadowsPlayground/Terrain","collider_rid":"RID(67796058767363)","collider_shape":33,"normal":[0.0,1.0,0.0],"point":[26.6240615844727,0.899999976158142,12.2477025985718],"slide":0,"swept_depth":0.000983536243438721},{"collider_path":"/root/MeadowsPlayground/Terrain","collider_rid":"RID(67796058767363)","collider_shape":33,"normal":[0.0,1.0,0.0],"point":[26.6175575256348,0.899999976158142,12.3284950256348],"slide":1,"swept_depth":0.000158369541168213}],"slide_contacts_are_capped_prefix":true,"slide_count":2,"slide_motion":[-0.00668716430664062,0.0000622272491455078,0.083064079284668],"slide_point_counts":[1,1],"snap":0.400000005960464,"stall_frames":0,"swept_depth":0.000983536243438721,"timing":{"between_callbacks":"controller and other nodes; excluded; not controller-only","between_callbacks_us":5667,"callback_cap_us":10000,"input_flush_us":150,"live_post_us":88,"live_pre_us":119,"movement_progress_us":7,"post_contract_us":20,"post_us":171,"pre_us":484,"provisional_steering_us":101,"serialization_and_print":"deferred; excluded; snapshot included","slide_validation_us":8,"snapshot_us":47,"stage":"post"},"total_queries":2150,"wall_frames":0}
OPENING_PRODUCTION_LOG_COST {"cost_line_print_measured":false,"observation_print_us":48,"outside_physics_cap":true,"requests":720,"serialization_us":117}
GATE A NPC/GATHER +16.15s — Tam cycle 1 exited and movement resumed
GATE A NPC/GATHER +16.15s — Tam handed over knife, torch and build hammer through dialogue
OPENING_PRODUCTION_OBSERVATION {"acceptance":false,"actual_delta":[0.0751247406005859,-0.0000125765800476074,-0.0360660552978516],"authored_road_hint":"","callback_own_us":609,"ceiling_frames":0,"checked_start":true,"controller_observation_available":true,"controller_wanted_dir":[0.901490807533264,0.0,-0.432798236608505],"delivered_input":[0.0,-1.0],"diagnostic_output_outside_physics_cap":true,"floor_angle":0.785399973392487,"frame":810,"live_contacts":[{"collider_path":"/root/MeadowsPlayground/Terrain","collider_rid":"RID(67796058767363)","collider_shape":33,"depth":0.0000656247138977051,"local_shape":0,"normal":[0.0,1.0,0.0],"point":[28.9141044616699,0.899999976158142,16.2138404846191]}],"live_recovery_travel":[0.0,0.000104308128356934,0.0],"live_state_phase":"post","mask":1,"on_ceiling":false,"on_floor":true,"on_wall":false,"physics_frame":4483,"plans":17,"player":[28.9141044616699,0.900830090045929,16.2138404846191],"progress_m":71.4707275659312,"provisional_choice":0,"provisional_steering":{"acceptance":false,"heading":[0.901490807533264,0.0,-0.432798236608505],"prediction_motion":[0.922954916954041,0.0,-0.443102955818176],"retry_choice":0,"source":"prospective_step","wall_normal":[0.0,0.0,0.0]},"queries":3,"recoveries":0,"refusal":"","request":[0.901490807533264,0.0,-0.432798236608505],"requests":810,"safe_margin":0.00100000004749745,"slide_contacts":[{"collider_path":"/root/MeadowsPlayground/Terrain","collider_rid":"RID(67796058767363)","collider_shape":33,"normal":[0.0,1.0,0.0],"point":[28.8412532806396,0.899999976158142,16.248815536499],"slide":0,"swept_depth":0.00107294321060181},{"collider_path":"/root/MeadowsPlayground/Terrain","collider_rid":"RID(67796058767363)","collider_shape":33,"normal":[0.0,1.0,0.0],"point":[28.9141044616699,0.899999976158142,16.2138404846191],"slide":1,"swept_depth":0.000169813632965088}],"slide_contacts_are_capped_prefix":true,"slide_count":2,"slide_motion":[0.0751247480511665,-0.0000125765800476074,-0.0360660590231419],"slide_point_counts":[1,1],"snap":0.400000005960464,"stall_frames":0,"swept_depth":0.00107294321060181,"timing":{"between_callbacks":"controller and other nodes; excluded; not controller-only","between_callbacks_us":5751,"callback_cap_us":10000,"input_flush_us":125,"live_post_us":104,"live_pre_us":108,"movement_progress_us":8,"post_contract_us":21,"post_us":188,"pre_us":417,"provisional_steering_us":119,"serialization_and_print":"deferred; excluded; snapshot included","slide_validation_us":7,"snapshot_us":45,"stage":"post"},"total_queries":2416,"wall_frames":0}
OPENING_PRODUCTION_LOG_COST {"cost_line_print_measured":false,"observation_print_us":60,"outside_physics_cap":true,"requests":810,"serialization_us":91}
GATE A NPC/GATHER +19.79s — Satchel assigned four tools by focused controller input
F18_RESOURCE_LIFETIME {"event":"watch","instance_id":5542252874641,"path":"/root/MeadowsPlayground/@Node3D@63751","physics_frame":4496,"process_frame":3168,"role":"harvest:wood"}
F18_RESOURCE_LIFETIME {"event":"watch","instance_id":5542554864533,"path":"/root/MeadowsPlayground/@Node3D@63751/@Node3D@63752/DeadTree_22/DeadTree_2","physics_frame":4496,"process_frame":3168,"role":"harvest:wood"}
OPENING_PRODUCTION_OBSERVATION {"acceptance":false,"actual_delta":[-0.0821628570556641,-0.00000113248825073242,-0.0139236450195312],"authored_road_hint":"The Pond","callback_own_us":684,"ceiling_frames":0,"checked_start":true,"controller_observation_available":true,"controller_wanted_dir":[-0.985942661762238,0.0,-0.167084127664566],"delivered_input":[-0.577339053153992,0.816504538059235],"diagnostic_output_outside_physics_cap":true,"floor_angle":0.785399973392487,"frame":900,"live_contacts":[{"collider_path":"/root/MeadowsPlayground/Terrain","collider_rid":"RID(67796058767363)","collider_shape":33,"depth":0.0000595450401306152,"local_shape":0,"normal":[0.0,1.0,0.0],"point":[23.9974803924561,0.899999976158142,14.6774387359619]},{"collider_path":"/root/MeadowsPlayground/Terrain","collider_rid":"RID(67796058767363)","collider_shape":33,"depth":0.0000516772270202637,"local_shape":0,"normal":[0.0,1.0,0.0],"point":[23.9999961853027,0.899999976158142,14.6774387359619]}],"live_recovery_travel":[0.0,0.000162124633789062,0.0],"live_state_phase":"post","mask":1,"on_ceiling":false,"on_floor":true,"on_wall":false,"physics_frame":4573,"plans":18,"player":[23.9974803924561,0.900778293609619,14.6774387359619],"progress_m":78.4608320307452,"provisional_choice":0,"provisional_steering":{"acceptance":false,"heading":[-0.985942661762238,0.0,-0.167084142565727],"prediction_motion":[-1.00941753387451,0.0,-0.171062335371971],"retry_choice":0,"source":"prospective_step","wall_normal":[0.0,0.0,0.0]},"queries":3,"recoveries":0,"refusal":"","request":[36.0,-1.1216254234314,-16.0],"requests":900,"safe_margin":0.00100000004749745,"slide_contacts":[{"collider_path":"/root/MeadowsPlayground/Terrain","collider_rid":"RID(67796058767363)","collider_shape":33,"normal":[0.0,1.0,0.0],"point":[24.076192855835,0.899999976158142,14.6907777786255],"slide":0,"swept_depth":0.00147181749343872},{"collider_path":"/root/MeadowsPlayground/Terrain","collider_rid":"RID(67796058767363)","collider_shape":33,"normal":[0.0,1.0,0.0],"point":[23.9974803924561,0.899999976158142,14.6774387359619],"slide":1,"swept_depth":0.000221669673919678},{"collider_path":"/root/MeadowsPlayground/Terrain","collider_rid":"RID(67796058767363)","collider_shape":33,"normal":[0.0,1.0,0.0],"point":[23.9999961853027,0.899999976158142,14.6774387359619],"slide":1,"swept_depth":0.000221669673919678}],"slide_contacts_are_capped_prefix":true,"slide_count":2,"slide_motion":[-0.0821628570556641,-0.00000113248836441926,-0.0139236450195312],"slide_point_counts":[1,2],"snap":0.400000005960464,"stall_frames":0,"swept_depth":0.00147181749343872,"timing":{"between_callbacks":"controller and other nodes; excluded; not controller-only","between_callbacks_us":5185,"callback_cap_us":10000,"input_flush_us":139,"live_post_us":113,"live_pre_us":119,"movement_progress_us":7,"post_contract_us":22,"post_us":202,"pre_us":478,"provisional_steering_us":99,"serialization_and_print":"deferred; excluded; snapshot included","slide_validation_us":7,"snapshot_us":51,"stage":"post"},"total_queries":2682,"wall_frames":0}
OPENING_PRODUCTION_LOG_COST {"cost_line_print_measured":false,"observation_print_us":66,"outside_physics_cap":true,"requests":900,"serialization_us":114}
OPENING_PRODUCTION_OBSERVATION {"acceptance":false,"actual_delta":[0.000392913818359375,0.0,-0.0833320617675781],"authored_road_hint":"The Pond","callback_own_us":581,"ceiling_frames":0,"checked_start":true,"controller_observation_available":true,"controller_wanted_dir":[0.00470703886821866,0.0,-0.999988913536072],"delivered_input":[-0.899443566799164,-0.437036752700806],"diagnostic_output_outside_physics_cap":true,"floor_angle":0.785399973392487,"frame":990,"live_contacts":[{"collider_path":"/root/MeadowsPlayground/Terrain","collider_rid":"RID(67796058767363)","collider_shape":33,"depth":0.0000639557838439941,"local_shape":0,"normal":[0.0,1.0,0.0],"point":[19.8933563232422,0.899999976158142,10.6562099456787]}],"live_recovery_travel":[0.0,0.0000934004783630371,0.0],"live_state_phase":"post","mask":1,"on_ceiling":false,"on_floor":true,"on_wall":false,"physics_frame":4663,"plans":18,"player":[19.8933563232422,0.900842666625977,10.6562099456787],"progress_m":85.8438709240872,"provisional_choice":0,"provisional_steering":{"acceptance":false,"heading":[0.00470701651647687,0.0,-0.999988853931427],"prediction_motion":[0.00481908861547709,0.0,-1.02379810810089],"retry_choice":0,"source":"prospective_step","wall_normal":[0.0,0.0,0.0]},"queries":3,"recoveries":0,"refusal":"","request":[36.0,-1.1216254234314,-16.0],"requests":990,"safe_margin":0.00100000004749745,"slide_contacts":[{"collider_path":"/root/MeadowsPlayground/Terrain","collider_rid":"RID(67796058767363)","collider_shape":33,"normal":[0.0,1.0,0.0],"point":[19.8929748535156,0.899999976158142,10.7372636795044],"slide":0,"swept_depth":0.000975430011749268},{"collider_path":"/root/MeadowsPlayground/Terrain","collider_rid":"RID(67796058767363)","collider_shape":33,"normal":[0.0,1.0,0.0],"point":[19.8933563232422,0.899999976158142,10.6562099456787],"slide":1,"swept_depth":0.000157296657562256}],"slide_contacts_are_capped_prefix":true,"slide_count":2,"slide_motion":[0.000392913818359375,0.0,-0.0833320617675781],"slide_point_counts":[1,1],"snap":0.400000005960464,"stall_frames":0,"swept_depth":0.000975430011749268,"timing":{"between_callbacks":"controller and other nodes; excluded; not controller-only","between_callbacks_us":6355,"callback_cap_us":10000,"input_flush_us":115,"live_post_us":88,"live_pre_us":89,"movement_progress_us":6,"post_contract_us":30,"post_us":181,"pre_us":396,"provisional_steering_us":90,"serialization_and_print":"deferred; excluded; snapshot included","slide_validation_us":8,"snapshot_us":47,"stage":"post"},"total_queries":2952,"wall_frames":0}
OPENING_PRODUCTION_LOG_COST {"cost_line_print_measured":false,"observation_print_us":47,"outside_physics_cap":true,"requests":990,"serialization_us":98}
OPENING_PRODUCTION_OBSERVATION {"acceptance":false,"actual_delta":[0.000391006469726562,0.0000126957893371582,-0.0833323001861572],"authored_road_hint":"The Pond","callback_own_us":658,"ceiling_frames":0,"checked_start":true,"controller_observation_available":true,"controller_wanted_dir":[0.00470349239185452,0.0,-0.999988973140717],"delivered_input":[-0.899445116519928,-0.437033593654633],"diagnostic_output_outside_physics_cap":true,"floor_angle":0.785399973392487,"frame":1080,"live_contacts":[{"collider_path":"/root/MeadowsPlayground/Terrain","collider_rid":"RID(67796058767363)","collider_shape":33,"depth":0.0000639557838439941,"local_shape":0,"normal":[0.0,1.0,0.0],"point":[19.9287109375,0.899999976158142,3.15624809265137]}],"live_recovery_travel":[0.0,0.0000935792922973633,0.0],"live_state_phase":"post","mask":1,"on_ceiling":false,"on_floor":true,"on_wall":false,"physics_frame":4753,"plans":18,"player":[19.9287109375,0.900842487812042,3.15624809265137],"progress_m":93.343916707905,"provisional_choice":0,"provisional_steering":{"acceptance":false,"heading":[0.00470349425449967,0.0,-0.999988913536072],"prediction_motion":[0.00481548253446817,0.0,-1.02379822731018],"retry_choice":0,"source":"prospective_step","wall_normal":[0.0,0.0,0.0]},"queries":3,"recoveries":0,"refusal":"","request":[36.0,-1.1216254234314,-16.0],"requests":1080,"safe_margin":0.00100000004749745,"slide_contacts":[{"collider_path":"/root/MeadowsPlayground/Terrain","collider_rid":"RID(67796058767363)","collider_shape":33,"normal":[0.0,1.0,0.0],"point":[19.9283313751221,0.899999976158142,3.23730182647705],"slide":0,"swept_depth":0.000977098941802979},{"collider_path":"/root/MeadowsPlayground/Terrain","collider_rid":"RID(67796058767363)","collider_shape":33,"normal":[0.0,1.0,0.0],"point":[19.9287109375,0.899999976158142,3.15624809265137],"slide":1,"swept_depth":0.000157415866851807}],"slide_contacts_are_capped_prefix":true,"slide_count":2,"slide_motion":[0.000391006469726562,0.0000126957893371582,-0.0833323001861572],"slide_point_counts":[1,1],"snap":0.400000005960464,"stall_frames":0,"swept_depth":0.000977098941802979,"timing":{"between_callbacks":"controller and other nodes; excluded; not controller-only","between_callbacks_us":5074,"callback_cap_us":10000,"input_flush_us":131,"live_post_us":91,"live_pre_us":122,"movement_progress_us":6,"post_contract_us":25,"post_us":178,"pre_us":476,"provisional_steering_us":103,"serialization_and_print":"deferred; excluded; snapshot included","slide_validation_us":8,"snapshot_us":44,"stage":"post"},"total_queries":3222,"wall_frames":0}
OPENING_PRODUCTION_LOG_COST {"cost_line_print_measured":false,"observation_print_us":48,"outside_physics_cap":true,"requests":1080,"serialization_us":118}
OPENING_PRODUCTION_OBSERVATION {"acceptance":false,"actual_delta":[0.000391006469726562,-0.0000247359275817871,-0.0833325386047363],"authored_road_hint":"The Pond","callback_own_us":522,"ceiling_frames":0,"checked_start":true,"controller_observation_available":true,"controller_wanted_dir":[0.00470399856567383,0.0,-0.999988973140717],"delivered_input":[-0.899444997310638,-0.437034070491791],"diagnostic_output_outside_physics_cap":true,"floor_angle":0.785399973392487,"frame":1170,"live_contacts":[{"collider_path":"/root/MeadowsPlayground/Terrain","collider_rid":"RID(67796058767363)","collider_shape":41,"depth":0.0000705122947692871,"local_shape":0,"normal":[0.0,1.0,0.0],"point":[19.9639835357666,0.899999976158142,-4.34370756149292]}],"live_recovery_travel":[0.0,0.000137865543365479,0.0],"live_state_phase":"post","mask":1,"on_ceiling":false,"on_floor":true,"on_wall":false,"physics_frame":4843,"plans":18,"player":[19.9639835357666,0.900791585445404,-4.34370756149292],"progress_m":100.843955622287,"provisional_choice":0,"provisional_steering":{"acceptance":false,"heading":[0.00470398366451263,0.0,-0.999988973140717],"prediction_motion":[0.00481598358601332,0.0,-1.02379822731018],"retry_choice":0,"source":"prospective_step","wall_normal":[0.0,0.0,0.0]},"queries":3,"recoveries":0,"refusal":"","request":[36.0,-1.1216254234314,-16.0],"requests":1170,"safe_margin":0.00100000004749745,"slide_contacts":[{"collider_path":"/root/MeadowsPlayground/Terrain","collider_rid":"RID(67796058767363)","collider_shape":41,"normal":[0.0,1.0,0.0],"point":[19.9636077880859,0.899999976158142,-4.26363039016724],"slide":0,"swept_depth":0.0013694167137146},{"collider_path":"/root/MeadowsPlayground/Terrain","collider_rid":"RID(67796058767363)","collider_shape":41,"normal":[0.0,1.0,0.0],"point":[19.9639835357666,0.899999976158142,-4.34370756149292],"slide":1,"swept_depth":0.000208437442779541}],"slide_contacts_are_capped_prefix":true,"slide_count":2,"slide_motion":[0.000391006469726562,-0.0000247359275817871,-0.0833325386047363],"slide_point_counts":[1,1],"snap":0.400000005960464,"stall_frames":0,"swept_depth":0.0013694167137146,"timing":{"between_callbacks":"controller and other nodes; excluded; not controller-only","between_callbacks_us":4591,"callback_cap_us":10000,"input_flush_us":85,"live_post_us":86,"live_pre_us":99,"movement_progress_us":6,"post_contract_us":17,"post_us":158,"pre_us":359,"provisional_steering_us":88,"serialization_and_print":"deferred; excluded; snapshot included","slide_validation_us":5,"snapshot_us":42,"stage":"post"},"total_queries":3492,"wall_frames":0}
OPENING_PRODUCTION_LOG_COST {"cost_line_print_measured":false,"observation_print_us":60,"outside_physics_cap":true,"requests":1170,"serialization_us":91}
OPENING_PRODUCTION_OBSERVATION {"acceptance":false,"actual_delta":[0.00962638854980469,0.00000280141830444336,-0.0761957168579102],"authored_road_hint":"The Pond","callback_own_us":624,"ceiling_frames":0,"checked_start":true,"controller_observation_available":true,"controller_wanted_dir":[0.966643989086151,0.0,-0.256123930215836],"delivered_input":[0.187468439340591,-0.98227059841156],"diagnostic_output_outside_physics_cap":true,"floor_angle":0.785399973392487,"frame":1260,"live_contacts":[{"collider_path":"/root/MeadowsPlayground/Terrain","collider_rid":"RID(67796058767363)","collider_shape":41,"depth":0.000058591365814209,"local_shape":0,"normal":[0.0,1.0,0.0],"point":[20.0084800720215,0.899999976158142,-11.8365001678467]}],"live_recovery_travel":[0.0,0.00000578165054321289,0.0],"live_state_phase":"post","mask":1,"on_ceiling":false,"on_floor":true,"on_wall":false,"physics_frame":4933,"plans":18,"player":[20.0084800720215,0.900935590267181,-11.8365001678467],"progress_m":108.337436215254,"provisional_choice":0,"provisional_steering":{"acceptance":false,"heading":[0.966643929481506,0.0,-0.256123900413513],"prediction_motion":[0.989659309387207,0.0,-0.262222081422806],"retry_choice":0,"source":"prospective_step","wall_normal":[0.0,0.0,0.0]},"queries":3,"recoveries":0,"refusal":"","request":[36.0,-1.1216254234314,-16.0],"requests":1260,"safe_margin":0.00100000004749745,"slide_contacts":[{"collider_path":"/root/MeadowsPlayground/Terrain","collider_rid":"RID(67796058767363)","collider_shape":41,"normal":[0.0,1.0,0.0],"point":[19.999116897583,0.899999976158142,-11.7623882293701],"slide":0,"swept_depth":0.000967562198638916},{"collider_path":"/root/MeadowsPlayground/Terrain","collider_rid":"RID(67796058767363)","collider_shape":41,"normal":[0.0,1.0,0.0],"point":[20.0000057220459,0.899999976158142,-11.7623882293701],"slide":0,"swept_depth":0.000967562198638916},{"collider_path":"/root/MeadowsPlayground/Terrain","collider_rid":"RID(67796058767363)","collider_shape":41,"normal":[0.0,1.0,0.0],"point":[20.0084800720215,0.899999976158142,-11.8365001678467],"slide":1,"swept_depth":0.0000644326210021973}],"slide_contacts_are_capped_prefix":true,"slide_count":2,"slide_motion":[0.00962638761848211,0.00000280141830444336,-0.0761957094073296],"slide_point_counts":[2,1],"snap":0.400000005960464,"stall_frames":1,"swept_depth":0.000967562198638916,"timing":{"between_callbacks":"controller and other nodes; excluded; not controller-only","between_callbacks_us":6546,"callback_cap_us":10000,"input_flush_us":130,"live_post_us":79,"live_pre_us":111,"movement_progress_us":6,"post_contract_us":19,"post_us":162,"pre_us":457,"provisional_steering_us":93,"serialization_and_print":"deferred; excluded; snapshot included","slide_validation_us":9,"snapshot_us":48,"stage":"post"},"total_queries":3762,"wall_frames":0}
OPENING_PRODUCTION_LOG_COST {"cost_line_print_measured":false,"observation_print_us":63,"outside_physics_cap":true,"requests":1260,"serialization_us":105}
OPENING_PRODUCTION_OBSERVATION {"acceptance":false,"actual_delta":[0.0809478759765625,-0.000328004360198975,-0.0197992324829102],"authored_road_hint":"The Pond","callback_own_us":575,"ceiling_frames":0,"checked_start":true,"controller_observation_available":true,"controller_wanted_dir":[0.971369624137878,0.0,-0.237573266029358],"delivered_input":[0.206236928701401,-0.978502035140991],"diagnostic_output_outside_physics_cap":true,"floor_angle":0.785399973392487,"frame":1350,"live_contacts":[{"collider_path":"/root/MeadowsPlayground/Terrain","collider_rid":"RID(67796058767363)","collider_shape":41,"depth":0.0000638961791992188,"local_shape":0,"normal":[0.00329890474677086,0.999989867210388,-0.00308835366740823],"point":[27.050163269043,0.897121787071228,-13.8101758956909]}],"live_recovery_travel":[0.0,0.0000923871994018555,0.0],"live_state_phase":"post","mask":1,"on_ceiling":false,"on_floor":true,"on_wall":false,"physics_frame":5023,"plans":18,"player":[27.0514869689941,0.897961437702179,-13.8114137649536],"progress_m":115.745166571112,"provisional_choice":0,"provisional_steering":{"acceptance":false,"heading":[0.971369564533234,0.0,-0.237573251128197],"prediction_motion":[0.994497418403625,0.0,-0.243229761719704],"retry_choice":0,"source":"prospective_step","wall_normal":[0.0,0.0,0.0]},"queries":3,"recoveries":0,"refusal":"","request":[36.0,-1.1216254234314,-16.0],"requests":1350,"safe_margin":0.00100000004749745,"slide_contacts":[{"collider_path":"/root/MeadowsPlayground/Terrain","collider_rid":"RID(67796058767363)","collider_shape":41,"normal":[0.00329890474677086,0.999989867210388,-0.00308835366740823],"point":[26.9714317321777,0.897441029548645,-13.7909212112427],"slide":0,"swept_depth":0.000966322259046137},{"collider_path":"/root/MeadowsPlayground/Terrain","collider_rid":"RID(67796058767363)","collider_shape":41,"normal":[0.00329890474677086,0.999989867210388,-0.00308835366740823],"point":[27.050163269043,0.897121787071228,-13.8101768493652],"slide":1,"swept_depth":0.000156167079694569}],"slide_contacts_are_capped_prefix":true,"slide_count":2,"slide_motion":[0.0809478685259819,-0.000328004360198975,-0.019799230620265],"slide_point_counts":[1,1],"snap":0.400000005960464,"stall_frames":0,"swept_depth":0.000966322259046137,"timing":{"between_callbacks":"controller and other nodes; excluded; not controller-only","between_callbacks_us":5990,"callback_cap_us":10000,"input_flush_us":99,"live_post_us":87,"live_pre_us":82,"movement_progress_us":7,"post_contract_us":18,"post_us":164,"pre_us":406,"provisional_steering_us":99,"serialization_and_print":"deferred; excluded; snapshot included","slide_validation_us":6,"snapshot_us":45,"stage":"post"},"total_queries":4032,"wall_frames":0}
OPENING_PRODUCTION_LOG_COST {"cost_line_print_measured":false,"observation_print_us":46,"outside_physics_cap":true,"requests":1350,"serialization_us":98}
OPENING_PRODUCTION_OBSERVATION {"acceptance":false,"actual_delta":[0.0786399841308594,-0.0296534299850464,-0.0192270278930664],"authored_road_hint":"The Pond","callback_own_us":447,"ceiling_frames":0,"checked_start":true,"controller_observation_available":true,"controller_wanted_dir":[0.971337378025055,0.0,-0.237705260515213],"delivered_input":[0.206103965640068,-0.978530049324036],"diagnostic_output_outside_physics_cap":true,"floor_angle":0.785399973392487,"frame":1440,"live_contacts":[{"collider_path":"/root/MeadowsPlayground/Terrain","collider_rid":"RID(67796058767363)","collider_shape":41,"depth":0.0000669715445837937,"local_shape":0,"normal":[0.332642406225204,0.941188097000122,-0.05927998945117],"point":[34.0814666748047,-0.411474227905273,-15.539345741272]}],"live_recovery_travel":[0.000041961669921875,0.00010603666305542,-0.00000667572021484375],"live_state_phase":"post","mask":1,"on_ceiling":false,"on_floor":true,"on_wall":false,"physics_frame":5113,"plans":18,"player":[34.2147903442383,-0.434226661920547,-15.5631065368652],"progress_m":123.278468878241,"provisional_choice":0,"provisional_steering":{"acceptance":false,"heading":[0.97133731842041,0.0,-0.237705260515213],"prediction_motion":[0.99446439743042,0.0,-0.243364915251732],"retry_choice":0,"source":"prospective_step","wall_normal":[0.0,0.0,0.0]},"queries":3,"recoveries":0,"refusal":"","request":[36.0,-1.1216254234314,-16.0],"requests":1440,"safe_margin":0.00100000004749745,"slide_contacts":[{"collider_path":"/root/MeadowsPlayground/Terrain","collider_rid":"RID(67796058767363)","collider_shape":41,"normal":[0.332642406225204,0.941188097000122,-0.05927998945117],"point":[34.040111541748,-0.396221429109573,-15.529224395752],"slide":0,"swept_depth":0.00106538610998541},{"collider_path":"/root/MeadowsPlayground/Terrain","collider_rid":"RID(67796058767363)","collider_shape":41,"normal":[0.332642406225204,0.941188097000122,-0.05927998945117],"point":[34.0814628601074,-0.41147255897522,-15.539345741272],"slide":1,"swept_depth":0.000181426134076901}],"slide_contacts_are_capped_prefix":true,"slide_count":2,"slide_motion":[0.0786399766802788,-0.0296534299850464,-0.0192270260304213],"slide_point_counts":[1,1],"snap":0.400000005960464,"stall_frames":0,"swept_depth":0.00106538610998541,"timing":{"between_callbacks":"controller and other nodes; excluded; not controller-only","between_callbacks_us":6009,"callback_cap_us":10000,"input_flush_us":103,"live_post_us":78,"live_pre_us":53,"movement_progress_us":5,"post_contract_us":18,"post_us":151,"pre_us":292,"provisional_steering_us":59,"serialization_and_print":"deferred; excluded; snapshot included","slide_validation_us":6,"snapshot_us":44,"stage":"post"},"total_queries":4302,"wall_frames":0}
OPENING_PRODUCTION_LOG_COST {"cost_line_print_measured":false,"observation_print_us":58,"outside_physics_cap":true,"requests":1440,"serialization_us":94}
GATE A NPC/GATHER +31.33s — axe equipped, swung, gathered +4 Wood
F18_RESOURCE_LIFETIME {"event":"watch","instance_id":5535307107049,"path":"/root/MeadowsPlayground/@Node3D@63697","physics_frame":5173,"process_frame":3511,"role":"harvest:stone"}
F18_RESOURCE_LIFETIME {"event":"watch","instance_id":5535374215916,"path":"/root/MeadowsPlayground/@Node3D@63697/@Node3D@63698/Rock_Medium_22/Rock_Medium_2","physics_frame":5173,"process_frame":3511,"role":"harvest:stone"}
F18_RESOURCE_LIFETIME {"event":"watch","instance_id":15402776191563,"path":"/root/MeadowsPlayground/Player/Model/trainer_lod0/Armature/Skeleton3D/ToolAttachment/Axe_Bronze2","physics_frame":5173,"process_frame":3511,"role":"outgoing:axe"}
F18_RESOURCE_LIFETIME {"event":"watch","instance_id":15402792996039,"path":"/root/MeadowsPlayground/Player/Model/trainer_lod0/Armature/Skeleton3D/ToolAttachment/Axe_Bronze2/Axe_Bronze","physics_frame":5173,"process_frame":3511,"role":"outgoing:axe"}
OPENING_PRODUCTION_OBSERVATION {"acceptance":false,"actual_delta":[-0.0818386077880859,0.00935214757919312,-0.0120735168457031],"authored_road_hint":"Practice Meadow","callback_own_us":675,"ceiling_frames":0,"checked_start":true,"controller_observation_available":true,"controller_wanted_dir":[-0.989363551139832,0.0,-0.145463928580284],"delivered_input":[-0.559329152107239,0.828945517539978],"diagnostic_output_outside_physics_cap":true,"floor_angle":0.785399973392487,"frame":1530,"live_contacts":[{"collider_path":"/root/MeadowsPlayground/Terrain","collider_rid":"RID(67796058767363)","collider_shape":41,"depth":0.00006579834735021,"local_shape":0,"normal":[0.117936179041862,0.992589950561523,-0.0292637813836336],"point":[28.4028835296631,0.798639833927155,-16.7459030151367]}],"live_recovery_travel":[0.0000133514404296875,0.00010305643081665,-0.0000019073486328125],"live_state_phase":"post","mask":1,"on_ceiling":false,"on_floor":true,"on_wall":false,"physics_frame":5259,"plans":19,"player":[28.4501552581787,0.796500027179718,-16.7576332092285],"progress_m":130.51487414469,"provisional_choice":0,"provisional_steering":{"acceptance":false,"heading":[-0.989363491535187,0.0,-0.145463943481445],"prediction_motion":[-1.01291978359222,0.0,-0.148927375674248],"retry_choice":0,"source":"prospective_step","wall_normal":[0.0,0.0,0.0]},"queries":3,"recoveries":0,"refusal":"","request":[47.0,-2.96763777732849,-34.5],"requests":1530,"safe_margin":0.00100000004749745,"slide_contacts":[{"collider_path":"/root/MeadowsPlayground/Terrain","collider_rid":"RID(67796058767363)","collider_shape":41,"normal":[0.117936179041862,0.992589950561523,-0.0292637813836336],"point":[28.4828300476074,0.78948712348938,-16.7341556549072],"slide":0,"swept_depth":0.0011000515660271},{"collider_path":"/root/MeadowsPlayground/Terrain","collider_rid":"RID(67796058767363)","collider_shape":41,"normal":[0.117936179041862,0.992589950561523,-0.0292637813836336],"point":[28.4028816223145,0.798640012741089,-16.7459049224854],"slide":1,"swept_depth":0.000169674909557216}],"slide_contacts_are_capped_prefix":true,"slide_count":2,"slide_motion":[-0.0818386077880859,0.00935214851051569,-0.0120735168457031],"slide_point_counts":[1,1],"snap":0.400000005960464,"stall_frames":0,"swept_depth":0.0011000515660271,"timing":{"between_callbacks":"controller and other nodes; excluded; not controller-only","between_callbacks_us":8470,"callback_cap_us":10000,"input_flush_us":105,"live_post_us":75,"live_pre_us":106,"movement_progress_us":6,"post_contract_us":18,"post_us":151,"pre_us":519,"provisional_steering_us":206,"serialization_and_print":"deferred; excluded; snapshot included","slide_validation_us":6,"snapshot_us":44,"stage":"post"},"total_queries":4572,"wall_frames":0}
OPENING_PRODUCTION_LOG_COST {"cost_line_print_measured":false,"observation_print_us":58,"outside_physics_cap":true,"requests":1530,"serialization_us":95}
OPENING_PRODUCTION_OBSERVATION {"acceptance":false,"actual_delta":[-0.0824489593505859,0.0,-0.012115478515625],"authored_road_hint":"Practice Meadow","callback_own_us":707,"ceiling_frames":0,"checked_start":true,"controller_observation_available":true,"controller_wanted_dir":[-0.989376783370972,0.0,-0.145374104380608],"delivered_input":[-0.559253931045532,0.828996360301971],"diagnostic_output_outside_physics_cap":true,"floor_angle":0.785399973392487,"frame":1620,"live_contacts":[{"collider_path":"/root/MeadowsPlayground/Terrain","collider_rid":"RID(67796058767363)","collider_shape":41,"depth":0.0000656247138977051,"local_shape":0,"normal":[0.0,1.0,0.0],"point":[21.0347652435303,0.899999976158142,-17.847957611084]}],"live_recovery_travel":[0.0,0.000104546546936035,0.0],"live_state_phase":"post","mask":1,"on_ceiling":false,"on_floor":true,"on_wall":false,"physics_frame":5349,"plans":19,"player":[21.0347652435303,0.900829792022705,-17.847957611084],"progress_m":138.013823180692,"provisional_choice":0,"provisional_steering":{"acceptance":false,"heading":[-0.989376723766327,0.0,-0.145374074578285],"prediction_motion":[-1.01293337345123,0.0,-0.148835361003876],"retry_choice":0,"source":"prospective_step","wall_normal":[0.0,0.0,0.0]},"queries":3,"recoveries":0,"refusal":"","request":[47.0,-2.96763777732849,-34.5],"requests":1620,"safe_margin":0.00100000004749745,"slide_contacts":[{"collider_path":"/root/MeadowsPlayground/Terrain","collider_rid":"RID(67796058767363)","collider_shape":41,"normal":[0.0,1.0,0.0],"point":[21.1147174835205,0.899999976158142,-17.8362083435059],"slide":0,"swept_depth":0.00107473134994507},{"collider_path":"/root/MeadowsPlayground/Terrain","collider_rid":"RID(67796058767363)","collider_shape":41,"normal":[0.0,1.0,0.0],"point":[21.0347652435303,0.899999976158142,-17.847957611084],"slide":1,"swept_depth":0.00017017126083374}],"slide_contacts_are_capped_prefix":true,"slide_count":2,"slide_motion":[-0.0824489593505859,0.0,-0.012115478515625],"slide_point_counts":[1,1],"snap":0.400000005960464,"stall_frames":0,"swept_depth":0.00107473134994507,"timing":{"between_callbacks":"controller and other nodes; excluded; not controller-only","between_callbacks_us":8082,"callback_cap_us":10000,"input_flush_us":125,"live_post_us":85,"live_pre_us":125,"movement_progress_us":6,"post_contract_us":20,"post_us":168,"pre_us":534,"provisional_steering_us":157,"serialization_and_print":"deferred; excluded; snapshot included","slide_validation_us":8,"snapshot_us":48,"stage":"post"},"total_queries":4842,"wall_frames":0}
OPENING_PRODUCTION_LOG_COST {"cost_line_print_measured":false,"observation_print_us":65,"outside_physics_cap":true,"requests":1620,"serialization_us":98}
OPENING_PRODUCTION_OBSERVATION {"acceptance":false,"actual_delta":[0.00147819519042969,-0.000398039817810059,-0.0833206176757812],"authored_road_hint":"Practice Meadow","callback_own_us":552,"ceiling_frames":0,"checked_start":true,"controller_observation_available":true,"controller_wanted_dir":[0.0177042800933123,0.0,-0.999843299388885],"delivered_input":[-0.893687069416046,-0.448690623044968],"diagnostic_output_outside_physics_cap":true,"floor_angle":0.785399973392487,"frame":1710,"live_contacts":[{"collider_path":"/root/MeadowsPlayground/Terrain","collider_rid":"RID(67796058767363)","collider_shape":41,"depth":0.000063776969909668,"local_shape":0,"normal":[0.00485009467229247,0.999976515769958,-0.00485009467229247],"point":[19.9686050415039,0.898528635501862,-24.3347473144531]}],"live_recovery_travel":[0.0,0.0000924468040466309,0.0],"live_state_phase":"post","mask":1,"on_ceiling":false,"on_floor":true,"on_wall":false,"physics_frame":5439,"plans":19,"player":[19.9705505371094,0.899362981319427,-24.3366928100586],"progress_m":145.391358017223,"provisional_choice":0,"provisional_steering":{"acceptance":false,"heading":[0.0177042931318283,0.0,-0.999843239784241],"prediction_motion":[0.0181258246302605,0.0,-1.02364909648895],"retry_choice":0,"source":"prospective_step","wall_normal":[0.0,0.0,0.0]},"queries":3,"recoveries":0,"refusal":"","request":[47.0,-2.96763777732849,-34.5],"requests":1710,"safe_margin":0.00100000004749745,"slide_contacts":[{"collider_path":"/root/MeadowsPlayground/Terrain","collider_rid":"RID(67796058767363)","collider_shape":41,"normal":[0.00485009467229247,0.999976515769958,-0.00485009467229247],"point":[19.967170715332,0.898928582668304,-24.2537078857422],"slide":0,"swept_depth":0.000965610321145505},{"collider_path":"/root/MeadowsPlayground/Terrain","collider_rid":"RID(67796058767363)","collider_shape":41,"normal":[0.00485009467229247,0.999976515769958,-0.00485009467229247],"point":[19.9686050415039,0.898528635501862,-24.3347473144531],"slide":1,"swept_depth":0.000156283378601074}],"slide_contacts_are_capped_prefix":true,"slide_count":2,"slide_motion":[0.00147819519042969,-0.000398039817810059,-0.0833206176757812],"slide_point_counts":[1,1],"snap":0.400000005960464,"stall_frames":0,"swept_depth":0.000965610321145505,"timing":{"between_callbacks":"controller and other nodes; excluded; not controller-only","between_callbacks_us":6954,"callback_cap_us":10000,"input_flush_us":111,"live_post_us":77,"live_pre_us":94,"movement_progress_us":7,"post_contract_us":19,"post_us":156,"pre_us":392,"provisional_steering_us":87,"serialization_and_print":"deferred; excluded; snapshot included","slide_validation_us":6,"snapshot_us":45,"stage":"post"},"total_queries":5112,"wall_frames":0}
OPENING_PRODUCTION_LOG_COST {"cost_line_print_measured":false,"observation_print_us":42,"outside_physics_cap":true,"requests":1710,"serialization_us":94}
OPENING_PRODUCTION_OBSERVATION {"acceptance":false,"actual_delta":[-0.0608949661254883,-0.000428497791290283,-0.0568923950195312],"authored_road_hint":"Practice Meadow","callback_own_us":560,"ceiling_frames":0,"checked_start":true,"controller_observation_available":true,"controller_wanted_dir":[-0.730776011943817,0.0,-0.682617425918579],"delivered_input":[-0.931651830673218,0.36335226893425],"diagnostic_output_outside_physics_cap":true,"floor_angle":0.785399973392487,"frame":1800,"live_contacts":[{"collider_path":"/root/MeadowsPlayground/Terrain","collider_rid":"RID(67796058767363)","collider_shape":41,"depth":0.0000653266906738281,"local_shape":0,"normal":[0.00287432665936649,0.999941945075989,-0.0103871459141374],"point":[15.7000761032104,0.874492883682251,-29.9671897888184]}],"live_recovery_travel":[0.0,0.000103116035461426,0.0],"live_state_phase":"post","mask":1,"on_ceiling":false,"on_floor":true,"on_wall":false,"physics_frame":5529,"plans":19,"player":[15.701229095459,0.87530106306076,-29.9713535308838],"progress_m":152.865191257792,"provisional_choice":0,"provisional_steering":{"acceptance":false,"heading":[-0.730776011943817,0.0,-0.68261730670929],"prediction_motion":[-0.748175442218781,0.0,-0.698870122432709],"retry_choice":0,"source":"prospective_step","wall_normal":[0.0,0.0,0.0]},"queries":3,"recoveries":0,"refusal":"","request":[47.0,-2.96763777732849,-34.5],"requests":1800,"safe_margin":0.00100000004749745,"slide_contacts":[{"collider_path":"/root/MeadowsPlayground/Terrain","collider_rid":"RID(67796058767363)","collider_shape":41,"normal":[0.00287432665936649,0.999941945075989,-0.0103871459141374],"point":[15.7591304779053,0.874896109104156,-29.9120311737061],"slide":0,"swept_depth":0.00106025347486138},{"collider_path":"/root/MeadowsPlayground/Terrain","collider_rid":"RID(67796058767363)","collider_shape":41,"normal":[0.00287432665936649,0.999941945075989,-0.0103871459141374],"point":[15.7000770568848,0.874492883682251,-29.967191696167],"slide":1,"swept_depth":0.000168575425050221}],"slide_contacts_are_capped_prefix":true,"slide_count":2,"slide_motion":[-0.0608949661254883,-0.000428497791290283,-0.0568923950195312],"slide_point_counts":[1,1],"snap":0.400000005960464,"stall_frames":0,"swept_depth":0.00106025347486138,"timing":{"between_callbacks":"controller and other nodes; excluded; not controller-only","between_callbacks_us":6916,"callback_cap_us":10000,"input_flush_us":117,"live_post_us":81,"live_pre_us":76,"movement_progress_us":7,"post_contract_us":27,"post_us":174,"pre_us":381,"provisional_steering_us":91,"serialization_and_print":"deferred; excluded; snapshot included","slide_validation_us":7,"snapshot_us":49,"stage":"post"},"total_queries":5382,"wall_frames":0}
OPENING_PRODUCTION_LOG_COST {"cost_line_print_measured":false,"observation_print_us":66,"outside_physics_cap":true,"requests":1800,"serialization_us":103}
OPENING_PRODUCTION_OBSERVATION {"acceptance":false,"actual_delta":[0.0598812103271484,0.00156289339065552,-0.0579147338867188],"authored_road_hint":"Practice Meadow","callback_own_us":718,"ceiling_frames":0,"checked_start":true,"controller_observation_available":true,"controller_wanted_dir":[0.718414604663849,0.0,-0.695615172386169],"delivered_input":[-0.316162049770355,-0.948705196380615],"diagnostic_output_outside_physics_cap":true,"floor_angle":0.785399973392487,"frame":1890,"live_contacts":[{"collider_path":"/root/MeadowsPlayground/Terrain","collider_rid":"RID(67796058767363)","collider_shape":41,"depth":0.0000647520428174175,"local_shape":0,"normal":[0.0274176094681025,0.998094141483307,0.055284820497036],"point":[18.5800094604492,0.979418814182281,-35.1895446777344]}],"live_recovery_travel":[0.0000019073486328125,0.0000974535942077637,0.000003814697265625],"live_state_phase":"post","mask":1,"on_ceiling":false,"on_floor":true,"on_wall":false,"physics_frame":5619,"plans":19,"player":[18.5909996032715,0.979492485523224,-35.1673851013184],"progress_m":160.19705014606,"provisional_choice":0,"provisional_steering":{"acceptance":false,"heading":[0.718414604663849,0.0,-0.695615112781525],"prediction_motion":[0.735519707202911,0.0,-0.712177395820618],"retry_choice":0,"source":"prospective_step","wall_normal":[0.0,0.0,0.0]},"queries":3,"recoveries":0,"refusal":"","request":[47.0,-2.96763777732849,-34.5],"requests":1890,"safe_margin":0.00100000004749745,"slide_contacts":[{"collider_path":"/root/MeadowsPlayground/Terrain","collider_rid":"RID(67796058767363)","collider_shape":41,"normal":[0.0274176094681025,0.998094141483307,0.055284820497036],"point":[18.5217914581299,0.977895021438599,-35.1331634521484],"slide":0,"swept_depth":0.00101725955028087},{"collider_path":"/root/MeadowsPlayground/Terrain","collider_rid":"RID(67796058767363)","collider_shape":41,"normal":[0.0274176094681025,0.998094141483307,0.055284820497036],"point":[18.5800094604492,0.979418635368347,-35.1895446777344],"slide":1,"swept_depth":0.000162051263032481}],"slide_contacts_are_capped_prefix":true,"slide_count":2,"slide_motion":[0.0598812103271484,0.00156289339065552,-0.0579147338867188],"slide_point_counts":[1,1],"snap":0.400000005960464,"stall_frames":0,"swept_depth":0.00101725955028087,"timing":{"between_callbacks":"controller and other nodes; excluded; not controller-only","between_callbacks_us":6511,"callback_cap_us":10000,"input_flush_us":122,"live_post_us":77,"live_pre_us":103,"movement_progress_us":6,"post_contract_us":18,"post_us":156,"pre_us":558,"provisional_steering_us":220,"serialization_and_print":"deferred; excluded; snapshot included","slide_validation_us":8,"snapshot_us":45,"stage":"post"},"total_queries":5652,"wall_frames":0}
OPENING_PRODUCTION_LOG_COST {"cost_line_print_measured":false,"observation_print_us":58,"outside_physics_cap":true,"requests":1890,"serialization_us":98}
OPENING_PRODUCTION_OBSERVATION {"acceptance":false,"actual_delta":[0.0800437927246094,-0.00642853975296021,-0.022552490234375],"authored_road_hint":"Practice Meadow","callback_own_us":600,"ceiling_frames":0,"checked_start":true,"controller_observation_available":true,"controller_wanted_dir":[0.962300717830658,0.0,-0.271987795829773],"delivered_input":[0.171287566423416,-0.985221087932587],"diagnostic_output_outside_physics_cap":true,"floor_angle":0.785399973392487,"frame":1980,"live_contacts":[{"collider_path":"/root/MeadowsPlayground/Terrain","collider_rid":"RID(67796058767363)","collider_shape":41,"depth":0.0000666361811454408,"local_shape":0,"normal":[0.0940577387809753,0.994290471076965,0.0503945648670197],"point":[24.9679946899414,0.731963455677032,-38.6085205078125]}],"live_recovery_travel":[0.000011444091796875,0.000110208988189697,0.000003814697265625],"live_state_phase":"post","mask":1,"on_ceiling":false,"on_floor":true,"on_wall":false,"physics_frame":5709,"plans":19,"player":[25.0056934356689,0.730497479438782,-38.588321685791],"progress_m":167.694229847984,"provisional_choice":0,"provisional_steering":{"acceptance":false,"heading":[0.962300717830658,0.0,-0.271987795829773],"prediction_motion":[0.985212683677673,0.0,-0.278463691473007],"retry_choice":0,"source":"prospective_step","wall_normal":[0.0,0.0,0.0]},"queries":3,"recoveries":0,"refusal":"","request":[47.0,-2.96763777732849,-34.5],"requests":1980,"safe_margin":0.00100000004749745,"slide_contacts":[{"collider_path":"/root/MeadowsPlayground/Terrain","collider_rid":"RID(67796058767363)","collider_shape":41,"normal":[0.0940577387809753,0.994290471076965,0.0503945648670197],"point":[24.8911819458008,0.738129079341888,-38.586799621582],"slide":0,"swept_depth":0.00111139356158674},{"collider_path":"/root/MeadowsPlayground/Terrain","collider_rid":"RID(67796058767363)","collider_shape":41,"normal":[0.0940577387809753,0.994290471076965,0.0503945648670197],"point":[24.9679946899414,0.731963276863098,-38.6085205078125],"slide":1,"swept_depth":0.000177249195985496}],"slide_contacts_are_capped_prefix":true,"slide_count":2,"slide_motion":[0.0800437852740288,-0.00642853975296021,-0.022552490234375],"slide_point_counts":[1,1],"snap":0.400000005960464,"stall_frames":0,"swept_depth":0.00111139356158674,"timing":{"between_callbacks":"controller and other nodes; excluded; not controller-only","between_callbacks_us":6757,"callback_cap_us":10000,"input_flush_us":123,"live_post_us":74,"live_pre_us":106,"movement_progress_us":6,"post_contract_us":18,"post_us":153,"pre_us":443,"provisional_steering_us":96,"serialization_and_print":"deferred; excluded; snapshot included","slide_validation_us":8,"snapshot_us":44,"stage":"post"},"total_queries":5922,"wall_frames":0}
OPENING_PRODUCTION_LOG_COST {"cost_line_print_measured":false,"observation_print_us":46,"outside_physics_cap":true,"requests":1980,"serialization_us":96}
OPENING_PRODUCTION_OBSERVATION {"acceptance":false,"actual_delta":[0.0781898498535156,-0.0154309570789337,0.0250320434570312],"authored_road_hint":"Practice Meadow","callback_own_us":464,"ceiling_frames":0,"checked_start":true,"controller_observation_available":true,"controller_wanted_dir":[0.952289700508118,0.0,0.305195599794388],"delivered_input":[0.687280297279358,-0.726392269134521],"diagnostic_output_outside_physics_cap":true,"floor_angle":0.785399973392487,"frame":2070,"live_contacts":[],"live_recovery_travel":[0.0,0.0,0.0],"live_state_phase":"post","mask":1,"on_ceiling":false,"on_floor":true,"on_wall":false,"physics_frame":5799,"plans":19,"player":[32.1364936828613,-0.330379545688629,-39.2635726928711],"progress_m":175.199621214764,"provisional_choice":0,"provisional_steering":{"acceptance":false,"heading":[0.952289700508118,0.0,0.305195540189743],"prediction_motion":[0.974963307380676,0.0,0.312462121248245],"retry_choice":0,"source":"prospective_step","wall_normal":[0.0,0.0,0.0]},"queries":3,"recoveries":0,"refusal":"","request":[47.0,-2.96763777732849,-34.5],"requests":2070,"safe_margin":0.00100000004749745,"slide_contacts":[{"collider_path":"/root/MeadowsPlayground/Terrain","collider_rid":"RID(67796058767363)","collider_shape":41,"normal":[0.185084149241447,0.982302069664001,0.0287530422210693],"point":[31.9883041381836,-0.309523403644562,-39.2988166809082],"slide":0,"swept_depth":0.000944719300605357},{"collider_path":"/root/MeadowsPlayground/Terrain","collider_rid":"RID(67796058767363)","collider_shape":41,"normal":[0.155778095126152,0.987369179725647,0.0289013646543026],"point":[32.0,-0.311725109815598,-39.2988815307617],"slide":0,"swept_depth":0.000944719300605357}],"slide_contacts_are_capped_prefix":true,"slide_count":1,"slide_motion":[0.078189842402935,-0.0154309570789337,0.0250320434570312],"slide_point_counts":[2],"snap":0.400000005960464,"stall_frames":0,"swept_depth":0.000944719300605357,"timing":{"between_callbacks":"controller and other nodes; excluded; not controller-only","between_callbacks_us":6468,"callback_cap_us":10000,"input_flush_us":77,"live_post_us":75,"live_pre_us":78,"movement_progress_us":6,"post_contract_us":18,"post_us":145,"pre_us":314,"provisional_steering_us":80,"serialization_and_print":"deferred; excluded; snapshot included","slide_validation_us":5,"snapshot_us":40,"stage":"post"},"total_queries":6192,"wall_frames":0}
OPENING_PRODUCTION_LOG_COST {"cost_line_print_measured":false,"observation_print_us":54,"outside_physics_cap":true,"requests":2070,"serialization_us":85}
OPENING_PRODUCTION_OBSERVATION {"acceptance":false,"actual_delta":[0.07855224609375,-0.0126832723617554,0.025238037109375],"authored_road_hint":"Practice Meadow","callback_own_us":530,"ceiling_frames":0,"checked_start":true,"controller_observation_available":true,"controller_wanted_dir":[0.952270805835724,0.0,0.305254638195038],"delivered_input":[0.687325358390808,-0.726349711418152],"diagnostic_output_outside_physics_cap":true,"floor_angle":0.785399973392487,"frame":2160,"live_contacts":[{"collider_path":"/root/MeadowsPlayground/Terrain","collider_rid":"RID(67796058767363)","collider_shape":41,"depth":0.0000636256081634201,"local_shape":0,"normal":[0.121527835726738,0.985626637935638,0.117350094020367],"point":[39.0976638793945,-1.87862646579742,-37.0644950866699]}],"live_recovery_travel":[0.000011444091796875,0.0000900030136108398,0.000011444091796875],"live_state_phase":"post","mask":1,"on_ceiling":false,"on_floor":true,"on_wall":false,"physics_frame":5889,"plans":19,"player":[39.1463775634766,-1.88354289531708,-37.0174560546875],"progress_m":182.723686530488,"provisional_choice":0,"provisional_steering":{"acceptance":false,"heading":[0.952270746231079,0.0,0.305254638195038],"prediction_motion":[0.974943876266479,0.0,0.312522619962692],"retry_choice":0,"source":"prospective_step","wall_normal":[0.0,0.0,0.0]},"queries":3,"recoveries":0,"refusal":"","request":[47.0,-2.96763777732849,-34.5],"requests":2160,"safe_margin":0.00100000004749745,"slide_contacts":[{"collider_path":"/root/MeadowsPlayground/Terrain","collider_rid":"RID(67796058767363)","collider_shape":41,"normal":[0.121527835726738,0.985626637935638,0.117350094020367],"point":[39.0225486755371,-1.86649894714355,-37.088565826416],"slide":0,"swept_depth":0.000913777388632298},{"collider_path":"/root/MeadowsPlayground/Terrain","collider_rid":"RID(67796058767363)","collider_shape":41,"normal":[0.121527835726738,0.985626637935638,0.117350094020367],"point":[39.0976638793945,-1.878626704216,-37.0644950866699],"slide":1,"swept_depth":0.000154836350702681}],"slide_contacts_are_capped_prefix":true,"slide_count":2,"slide_motion":[0.0785522386431694,-0.0126832723617554,0.025238037109375],"slide_point_counts":[1,1],"snap":0.400000005960464,"stall_frames":0,"swept_depth":0.000913777388632298,"timing":{"between_callbacks":"controller and other nodes; excluded; not controller-only","between_callbacks_us":7501,"callback_cap_us":10000,"input_flush_us":88,"live_post_us":77,"live_pre_us":81,"movement_progress_us":6,"post_contract_us":19,"post_us":157,"pre_us":369,"provisional_steering_us":90,"serialization_and_print":"deferred; excluded; snapshot included","slide_validation_us":7,"snapshot_us":46,"stage":"post"},"total_queries":6462,"wall_frames":0}
OPENING_PRODUCTION_LOG_COST {"cost_line_print_measured":false,"observation_print_us":59,"outside_physics_cap":true,"requests":2160,"serialization_us":115}
F18_RESOURCE_LIFETIME {"event":"exiting","instance_id":15402792996039,"path":"/root/MeadowsPlayground/Player/Model/trainer_lod0/Armature/Skeleton3D/ToolAttachment/Axe_Bronze2/Axe_Bronze","physics_frame":5982,"process_frame":3845,"role":"outgoing:axe"}
F18_RESOURCE_LIFETIME {"event":"exiting","instance_id":15402776191563,"path":"/root/MeadowsPlayground/Player/Model/trainer_lod0/Armature/Skeleton3D/ToolAttachment/Axe_Bronze2","physics_frame":5982,"process_frame":3845,"role":"outgoing:axe"}
F18_RESOURCE_LIFETIME {"event":"exited","instance_id":15402792996039,"path":"/root/MeadowsPlayground/Player/Model/trainer_lod0/Armature/Skeleton3D/ToolAttachment/Axe_Bronze2/Axe_Bronze","physics_frame":5982,"process_frame":3845,"role":"outgoing:axe"}
F18_RESOURCE_LIFETIME {"event":"exited","instance_id":15402776191563,"path":"/root/MeadowsPlayground/Player/Model/trainer_lod0/Armature/Skeleton3D/ToolAttachment/Axe_Bronze2","physics_frame":5982,"process_frame":3845,"role":"outgoing:axe"}
GATE A NPC/GATHER +45.85s — pickaxe equipped, swung, gathered +4 Stone
F18_RESOURCE_LIFETIME {"event":"watch","instance_id":5543293062050,"path":"/root/MeadowsPlayground/@Node3D@63757","physics_frame":6030,"process_frame":3861,"role":"harvest:fiber"}
F18_RESOURCE_LIFETIME {"event":"watch","instance_id":5543578274726,"path":"/root/MeadowsPlayground/@Node3D@63757/@Node3D@63758/Plant_7_Big2/Plant_7_Big","physics_frame":6030,"process_frame":3861,"role":"harvest:fiber"}
F18_RESOURCE_LIFETIME {"event":"watch","instance_id":16632210561241,"path":"/root/MeadowsPlayground/Player/Model/trainer_lod0/Armature/Skeleton3D/ToolAttachment/Pickaxe_Bronze2","physics_frame":6030,"process_frame":3861,"role":"outgoing:pickaxe"}
F18_RESOURCE_LIFETIME {"event":"watch","instance_id":16632227351965,"path":"/root/MeadowsPlayground/Player/Model/trainer_lod0/Armature/Skeleton3D/ToolAttachment/Pickaxe_Bronze2/Pickaxe_Bronze","physics_frame":6030,"process_frame":3861,"role":"outgoing:pickaxe"}
OPENING_PRODUCTION_OBSERVATION {"acceptance":false,"actual_delta":[-0.0009613037109375,0.0230722427368164,-0.07989501953125],"authored_road_hint":"","callback_own_us":747,"ceiling_frames":0,"checked_start":true,"controller_observation_available":true,"controller_wanted_dir":[-0.0121797919273376,0.0,-0.999925851821899],"delivered_input":[-0.906695365905762,-0.421786189079285],"diagnostic_output_outside_physics_cap":true,"floor_angle":0.785399973392487,"frame":2250,"live_contacts":[{"collider_path":"/root/MeadowsPlayground/Terrain","collider_rid":"RID(67796058767363)","collider_shape":41,"depth":0.0000650847796350718,"local_shape":0,"normal":[0.0182420089840889,0.9606032371521,0.277324080467224],"point":[46.050365447998,-2.69581818580627,-35.3766021728516]}],"live_recovery_travel":[0.0,0.0000958442687988281,0.000026702880859375],"live_state_phase":"post","mask":1,"on_ceiling":false,"on_floor":true,"on_wall":false,"physics_frame":6039,"plans":20,"player":[46.0576820373535,-2.71077442169189,-35.265438079834],"progress_m":189.975975427078,"provisional_choice":0,"provisional_steering":{"acceptance":false,"heading":[-0.0121797723695636,0.0,-0.999925851821899],"prediction_motion":[-0.0124697675928473,0.0,-1.02373361587524],"retry_choice":0,"source":"prospective_step","wall_normal":[0.0,0.0,0.0]},"queries":3,"recoveries":0,"refusal":"","request":[46.0,-1.73177325725555,-40.0],"requests":2250,"safe_margin":0.00100000004749745,"slide_contacts":[{"collider_path":"/root/MeadowsPlayground/Terrain","collider_rid":"RID(67796058767363)","collider_shape":41,"normal":[0.0182420089840889,0.9606032371521,0.277324080467224],"point":[46.051326751709,-2.7185378074646,-35.2979698181152],"slide":0,"swept_depth":0.00108636822551489},{"collider_path":"/root/MeadowsPlayground/Terrain","collider_rid":"RID(67796058767363)","collider_shape":41,"normal":[0.0182420089840889,0.9606032371521,0.277324080467224],"point":[46.0503692626953,-2.69581866264343,-35.3766021728516],"slide":1,"swept_depth":0.00016415270511061}],"slide_contacts_are_capped_prefix":true,"slide_count":2,"slide_motion":[-0.0009613037109375,0.0230722427368164,-0.0798950120806694],"slide_point_counts":[1,1],"snap":0.400000005960464,"stall_frames":1,"swept_depth":0.00108636822551489,"timing":{"between_callbacks":"controller and other nodes; excluded; not controller-only","between_callbacks_us":8598,"callback_cap_us":10000,"input_flush_us":141,"live_post_us":102,"live_pre_us":108,"movement_progress_us":7,"post_contract_us":27,"post_us":195,"pre_us":547,"provisional_steering_us":171,"serialization_and_print":"deferred; excluded; snapshot included","slide_validation_us":9,"snapshot_us":49,"stage":"post"},"total_queries":6732,"wall_frames":0}
OPENING_PRODUCTION_LOG_COST {"cost_line_print_measured":false,"observation_print_us":60,"outside_physics_cap":true,"requests":2250,"serialization_us":104}
F18_RESOURCE_LIFETIME {"event":"exiting","instance_id":16632227351965,"path":"/root/MeadowsPlayground/Player/Model/trainer_lod0/Armature/Skeleton3D/ToolAttachment/Pickaxe_Bronze2/Pickaxe_Bronze","physics_frame":6091,"process_frame":3880,"role":"outgoing:pickaxe"}
F18_RESOURCE_LIFETIME {"event":"exiting","instance_id":16632210561241,"path":"/root/MeadowsPlayground/Player/Model/trainer_lod0/Armature/Skeleton3D/ToolAttachment/Pickaxe_Bronze2","physics_frame":6091,"process_frame":3880,"role":"outgoing:pickaxe"}
F18_RESOURCE_LIFETIME {"event":"exited","instance_id":16632227351965,"path":"/root/MeadowsPlayground/Player/Model/trainer_lod0/Armature/Skeleton3D/ToolAttachment/Pickaxe_Bronze2/Pickaxe_Bronze","physics_frame":6091,"process_frame":3880,"role":"outgoing:pickaxe"}
F18_RESOURCE_LIFETIME {"event":"exited","instance_id":16632210561241,"path":"/root/MeadowsPlayground/Player/Model/trainer_lod0/Armature/Skeleton3D/ToolAttachment/Pickaxe_Bronze2","physics_frame":6091,"process_frame":3880,"role":"outgoing:pickaxe"}
GATE A NPC/GATHER +48.10s — knife equipped, swung, gathered +4 Fiber
OPENING_PRODUCTION_OBSERVATION {"acceptance":false,"actual_delta":[-0.0830802917480469,0.00196242332458496,-0.00600433349609375],"authored_road_hint":"","callback_own_us":625,"ceiling_frames":0,"checked_start":true,"controller_observation_available":true,"controller_wanted_dir":[-0.997320711612701,0.0,-0.0731539204716682],"delivered_input":[-0.497586190700531,0.867414534091949],"diagnostic_output_outside_physics_cap":true,"floor_angle":0.785399973392487,"frame":2340,"live_contacts":[{"collider_path":"/root/MeadowsPlayground/Terrain","collider_rid":"RID(67796058767363)","collider_shape":41,"depth":0.000062456565501634,"local_shape":0,"normal":[0.0149035388603806,0.992879807949066,0.118184432387352],"point":[42.110725402832,-1.82865917682648,-39.158519744873]}],"live_recovery_travel":[0.0,0.0000853538513183594,0.000011444091796875],"live_state_phase":"post","mask":1,"on_ceiling":false,"on_floor":true,"on_wall":false,"physics_frame":6200,"plans":21,"player":[42.1167030334473,-1.83066177368164,-39.1111450195312],"progress_m":197.212761619361,"provisional_choice":0,"provisional_steering":{"acceptance":false,"heading":[-0.997320652008057,0.0,-0.0731538981199265],"prediction_motion":[-1.02106642723083,0.0,-0.0748956575989723],"retry_choice":0,"source":"prospective_step","wall_normal":[0.0,0.0,0.0]},"queries":3,"recoveries":0,"refusal":"","request":[30.0,1.96799993515015,-40.0],"requests":2340,"safe_margin":0.00100000004749745,"slide_contacts":[{"collider_path":"/root/MeadowsPlayground/Terrain","collider_rid":"RID(67796058767363)","collider_shape":41,"normal":[0.0149035388603806,0.992879807949066,0.118184432387352],"point":[42.1917915344238,-1.83058476448059,-39.1525650024414],"slide":0,"swept_depth":0.000918666773941368},{"collider_path":"/root/MeadowsPlayground/Terrain","collider_rid":"RID(67796058767363)","collider_shape":41,"normal":[0.0149035388603806,0.992879807949066,0.118184432387352],"point":[42.1107292175293,-1.82865881919861,-39.158519744873],"slide":1,"swept_depth":0.000148975610500202}],"slide_contacts_are_capped_prefix":true,"slide_count":2,"slide_motion":[-0.0830802917480469,0.00196242332458496,-0.00600433349609375],"slide_point_counts":[1,1],"snap":0.400000005960464,"stall_frames":0,"swept_depth":0.000918666773941368,"timing":{"between_callbacks":"controller and other nodes; excluded; not controller-only","between_callbacks_us":7335,"callback_cap_us":10000,"input_flush_us":77,"live_post_us":91,"live_pre_us":83,"movement_progress_us":6,"post_contract_us":17,"post_us":167,"pre_us":453,"provisional_steering_us":209,"serialization_and_print":"deferred; excluded; snapshot included","slide_validation_us":5,"snapshot_us":46,"stage":"post"},"total_queries":7002,"wall_frames":0}
OPENING_PRODUCTION_LOG_COST {"cost_line_print_measured":false,"observation_print_us":58,"outside_physics_cap":true,"requests":2340,"serialization_us":101}
OPENING_PRODUCTION_OBSERVATION {"acceptance":false,"actual_delta":[-0.0809288024902344,0.0184140801429749,-0.00595855712890625],"authored_road_hint":"","callback_own_us":666,"ceiling_frames":0,"checked_start":true,"controller_observation_available":true,"controller_wanted_dir":[-0.997284293174744,0.0,-0.0736491084098816],"delivered_input":[-0.498016864061356,0.867167413234711],"diagnostic_output_outside_physics_cap":true,"floor_angle":0.785399973392487,"frame":2430,"live_contacts":[{"collider_path":"/root/MeadowsPlayground/Terrain","collider_rid":"RID(67796058767363)","collider_shape":41,"depth":0.0000633755189483054,"local_shape":0,"normal":[0.219129994511604,0.975105583667755,0.0339272730052471],"point":[34.637939453125,-0.869236648082733,-39.6645889282227]}],"live_recovery_travel":[0.00002288818359375,0.0000894665718078613,0.0],"live_state_phase":"post","mask":1,"on_ceiling":false,"on_floor":true,"on_wall":false,"physics_frame":6290,"plans":21,"player":[34.7257690429688,-0.878370106220245,-39.6509857177734],"progress_m":204.70540171233,"provisional_choice":0,"provisional_steering":{"acceptance":false,"heading":[-0.997284293174744,0.0,-0.0736490711569786],"prediction_motion":[-1.0210292339325,0.0,-0.0754026249051094],"retry_choice":0,"source":"prospective_step","wall_normal":[0.0,0.0,0.0]},"queries":3,"recoveries":0,"refusal":"","request":[30.0,1.96799993515015,-40.0],"requests":2430,"safe_margin":0.00100000004749745,"slide_contacts":[{"collider_path":"/root/MeadowsPlayground/Terrain","collider_rid":"RID(67796058767363)","collider_shape":41,"normal":[0.219129994511604,0.975105583667755,0.0339272730052471],"point":[34.7175369262695,-0.88732922077179,-39.6587104797363],"slide":0,"swept_depth":0.00101085007190704},{"collider_path":"/root/MeadowsPlayground/Terrain","collider_rid":"RID(67796058767363)","collider_shape":41,"normal":[0.219129994511604,0.975105583667755,0.0339272730052471],"point":[34.6379356384277,-0.869236886501312,-39.6645889282227],"slide":1,"swept_depth":0.000154531298903748}],"slide_contacts_are_capped_prefix":true,"slide_count":2,"slide_motion":[-0.0809287950396538,0.01841408200562,-0.00595855712890625],"slide_point_counts":[1,1],"snap":0.400000005960464,"stall_frames":0,"swept_depth":0.00101085007190704,"timing":{"between_callbacks":"controller and other nodes; excluded; not controller-only","between_callbacks_us":8164,"callback_cap_us":10000,"input_flush_us":120,"live_post_us":73,"live_pre_us":103,"movement_progress_us":6,"post_contract_us":18,"post_us":152,"pre_us":510,"provisional_steering_us":176,"serialization_and_print":"deferred; excluded; snapshot included","slide_validation_us":8,"snapshot_us":46,"stage":"post"},"total_queries":7272,"wall_frames":0}
OPENING_PRODUCTION_LOG_COST {"cost_line_print_measured":false,"observation_print_us":59,"outside_physics_cap":true,"requests":2430,"serialization_us":116}
OPENING_PRODUCTION_OBSERVATION {"acceptance":false,"actual_delta":[-0.0800991058349609,0.0100301206111908,0.0202827453613281],"authored_road_hint":"","callback_own_us":719,"ceiling_frames":0,"checked_start":true,"controller_observation_available":true,"controller_wanted_dir":[-0.969583034515381,0.0,0.24476270377636],"delivered_input":[-0.19898247718811,0.98000305891037],"diagnostic_output_outside_physics_cap":true,"floor_angle":0.785399973392487,"frame":2520,"live_contacts":[{"collider_path":"/root/MeadowsPlayground/Terrain","collider_rid":"RID(67796058767363)","collider_shape":41,"depth":0.0000683381804265082,"local_shape":0,"normal":[0.132305756211281,0.990699946880341,0.0317608639597893],"point":[27.4222278594971,0.472918480634689,-39.1472854614258]}],"live_recovery_travel":[0.0000152587890625,0.000119328498840332,0.000003814697265625],"live_state_phase":"post","mask":1,"on_ceiling":false,"on_floor":true,"on_wall":false,"physics_frame":6380,"plans":22,"player":[27.4752578735352,0.470002293586731,-39.1345596313477],"progress_m":212.192870893748,"provisional_choice":0,"provisional_steering":{"acceptance":false,"heading":[-0.969583034515381,0.0,0.244762733578682],"prediction_motion":[-0.992668390274048,0.0,0.250590413808823],"retry_choice":0,"source":"prospective_step","wall_normal":[0.0,0.0,0.0]},"queries":3,"recoveries":0,"refusal":"","request":[21.0,1.96799993515015,-37.5],"requests":2520,"safe_margin":0.00100000004749745,"slide_contacts":[{"collider_path":"/root/MeadowsPlayground/Terrain","collider_rid":"RID(67796058767363)","collider_shape":41,"normal":[0.132305756211281,0.990699946880341,0.0317608639597893],"point":[27.5002708435059,0.463127255439758,-39.1669807434082],"slide":0,"swept_depth":0.00124324869830161},{"collider_path":"/root/MeadowsPlayground/Terrain","collider_rid":"RID(67796058767363)","collider_shape":41,"normal":[0.132305756211281,0.990699946880341,0.0317608639597893],"point":[27.4222278594971,0.472917944192886,-39.1472854614258],"slide":1,"swept_depth":0.000188151025213301}],"slide_contacts_are_capped_prefix":true,"slide_count":2,"slide_motion":[-0.0800990983843803,0.0100301196798682,0.0202827453613281],"slide_point_counts":[1,1],"snap":0.400000005960464,"stall_frames":0,"swept_depth":0.00124324869830161,"timing":{"between_callbacks":"controller and other nodes; excluded; not controller-only","between_callbacks_us":8181,"callback_cap_us":10000,"input_flush_us":149,"live_post_us":70,"live_pre_us":100,"movement_progress_us":6,"post_contract_us":18,"post_us":149,"pre_us":565,"provisional_steering_us":203,"serialization_and_print":"deferred; excluded; snapshot included","slide_validation_us":8,"snapshot_us":46,"stage":"post"},"total_queries":7542,"wall_frames":0}
OPENING_PRODUCTION_LOG_COST {"cost_line_print_measured":false,"observation_print_us":43,"outside_physics_cap":true,"requests":2520,"serialization_us":100}
OPENING_PRODUCTION_OBSERVATION {"acceptance":false,"actual_delta":[-0.0605258941650391,0.000230014324188232,0.0572738647460938],"authored_road_hint":"","callback_own_us":870,"ceiling_frames":0,"checked_start":true,"controller_observation_available":true,"controller_wanted_dir":[-0.727057874202728,0.0,0.686576247215271],"delivered_input":[0.304272770881653,0.952584981918335],"diagnostic_output_outside_physics_cap":true,"floor_angle":0.785399973392487,"frame":2610,"live_contacts":[{"collider_path":"/root/MeadowsPlayground/Terrain","collider_rid":"RID(67796058767363)","collider_shape":41,"depth":0.0000688761501805857,"local_shape":0,"normal":[0.0590090602636337,0.996575653553009,0.0579215250909328],"point":[20.5626392364502,0.973676323890686,-36.6760787963867]}],"live_recovery_travel":[0.00000762939453125,0.000126659870147705,0.00000762939453125],"live_state_phase":"post","mask":1,"on_ceiling":false,"on_floor":true,"on_wall":false,"physics_frame":6470,"plans":23,"player":[20.5862903594971,0.973107814788818,-36.6528625488281],"progress_m":219.682150484296,"provisional_choice":0,"provisional_steering":{"acceptance":false,"heading":[-0.727057874202728,0.0,0.686576187610626],"prediction_motion":[-0.7443687915802,0.0,0.702923238277435],"retry_choice":0,"source":"prospective_step","wall_normal":[0.0,0.0,0.0]},"queries":3,"recoveries":0,"refusal":"","request":[14.6000003814697,1.96799993515015,-31.0],"requests":2610,"safe_margin":0.00100000004749745,"slide_contacts":[{"collider_path":"/root/MeadowsPlayground/Terrain","collider_rid":"RID(67796058767363)","collider_shape":41,"normal":[0.0590090602636337,0.996575653553009,0.0579215250909328],"point":[20.6210441589355,0.973422944545746,-36.7312202453613],"slide":0,"swept_depth":0.00127542391419411},{"collider_path":"/root/MeadowsPlayground/Terrain","collider_rid":"RID(67796058767363)","collider_shape":41,"normal":[0.0590090602636337,0.996575653553009,0.0579215250909328],"point":[20.5626392364502,0.97367650270462,-36.6760787963867],"slide":1,"swept_depth":0.000196231383597478}],"slide_contacts_are_capped_prefix":true,"slide_count":2,"slide_motion":[-0.0605258941650391,0.000230014324188232,0.0572738647460938],"slide_point_counts":[1,1],"snap":0.400000005960464,"stall_frames":0,"swept_depth":0.00127542391419411,"timing":{"between_callbacks":"controller and other nodes; excluded; not controller-only","between_callbacks_us":8232,"callback_cap_us":10000,"input_flush_us":126,"live_post_us":83,"live_pre_us":174,"movement_progress_us":7,"post_contract_us":23,"post_us":185,"pre_us":680,"provisional_steering_us":256,"serialization_and_print":"deferred; excluded; snapshot included","slide_validation_us":7,"snapshot_us":64,"stage":"post"},"total_queries":7812,"wall_frames":0}
OPENING_PRODUCTION_LOG_COST {"cost_line_print_measured":false,"observation_print_us":56,"outside_physics_cap":true,"requests":2610,"serialization_us":99}
OPENING_PRODUCTION_OBSERVATION {"acceptance":false,"actual_delta":[-0.0594263076782227,-0.000314652919769287,0.0584239959716797],"authored_road_hint":"","callback_own_us":511,"ceiling_frames":0,"checked_start":true,"controller_observation_available":true,"controller_wanted_dir":[-0.713070869445801,0.0,0.701091945171356],"delivered_input":[0.293063670396805,0.857462763786316],"diagnostic_output_outside_physics_cap":true,"floor_angle":0.785399973392487,"frame":2700,"live_contacts":[{"collider_path":"/root/MeadowsPlayground/Terrain","collider_rid":"RID(67796058767363)","collider_shape":41,"depth":0.0000654458999633789,"local_shape":0,"normal":[-0.0038795426953584,0.999991178512573,0.00164477562066168],"point":[15.1357154846191,0.872446537017822,-31.5258502960205]}],"live_recovery_travel":[0.0,0.000103771686553955,0.0],"live_state_phase":"post","mask":1,"on_ceiling":false,"on_floor":true,"on_wall":false,"physics_frame":6560,"plans":23,"player":[15.1341600418091,0.87327378988266,-31.5251903533936],"progress_m":227.180976384552,"provisional_choice":0,"provisional_steering":{"acceptance":false,"heading":[-0.713070809841156,0.0,0.701092004776001],"prediction_motion":[-0.593585968017578,0.0,0.583614349365234],"retry_choice":0,"source":"prospective_step","wall_normal":[0.0,0.0,0.0]},"queries":3,"recoveries":0,"refusal":"","request":[14.6000003814697,1.96799993515015,-31.0],"requests":2700,"safe_margin":0.00100000004749745,"slide_contacts":[{"collider_path":"/root/MeadowsPlayground/Terrain","collider_rid":"RID(67796058767363)","collider_shape":41,"normal":[-0.0038795426953584,0.999991178512573,0.00164477562066168],"point":[15.1933393478394,0.872763335704803,-31.5825042724609],"slide":0,"swept_depth":0.00106627598870546},{"collider_path":"/root/MeadowsPlayground/Terrain","collider_rid":"RID(67796058767363)","collider_shape":41,"normal":[-0.0038795426953584,0.999991178512573,0.00164477562066168],"point":[15.1357145309448,0.872446537017822,-31.5258502960205],"slide":1,"swept_depth":0.000169279883266427}],"slide_contacts_are_capped_prefix":true,"slide_count":2,"slide_motion":[-0.0594263076782227,-0.000314652890665457,0.0584239959716797],"slide_point_counts":[1,1],"snap":0.400000005960464,"stall_frames":0,"swept_depth":0.00106627598870546,"timing":{"between_callbacks":"controller and other nodes; excluded; not controller-only","between_callbacks_us":6764,"callback_cap_us":10000,"input_flush_us":117,"live_post_us":66,"live_pre_us":70,"movement_progress_us":6,"post_contract_us":18,"post_us":158,"pre_us":348,"provisional_steering_us":78,"serialization_and_print":"deferred; excluded; snapshot included","slide_validation_us":6,"snapshot_us":61,"stage":"post"},"total_queries":8082,"wall_frames":0}
OPENING_PRODUCTION_LOG_COST {"cost_line_print_measured":false,"observation_print_us":60,"outside_physics_cap":true,"requests":2700,"serialization_us":106}
OPENING_PRODUCTION_OBSERVATION {"acceptance":false,"actual_delta":[0.00078582763671875,0.000832974910736084,0.0833187103271484],"authored_road_hint":"","callback_own_us":625,"ceiling_frames":0,"checked_start":true,"controller_observation_available":true,"controller_wanted_dir":[0.00941571686416864,0.0,0.999955713748932],"delivered_input":[0.905525982379913,0.424290895462036],"diagnostic_output_outside_physics_cap":true,"floor_angle":0.785399973392487,"frame":2790,"live_contacts":[{"collider_path":"/root/MeadowsPlayground/Terrain","collider_rid":"RID(67796058767363)","collider_shape":41,"depth":0.0000642538070678711,"local_shape":0,"normal":[0.00484990747645497,0.999937891960144,-0.0100442487746477],"point":[19.6207370758057,0.891461253166199,-26.0674705505371]}],"live_recovery_travel":[0.0,0.0000957846641540527,0.0],"live_state_phase":"post","mask":1,"on_ceiling":false,"on_floor":true,"on_wall":false,"physics_frame":6650,"plans":25,"player":[19.6226825714111,0.892276287078857,-26.071496963501],"progress_m":234.508493420901,"provisional_choice":0,"provisional_steering":{"acceptance":false,"heading":[0.00941572058945894,0.0,0.999955713748932],"prediction_motion":[0.00963990483433008,0.0,1.02376425266266],"retry_choice":0,"source":"prospective_step","wall_normal":[0.0,0.0,0.0]},"queries":3,"recoveries":0,"refusal":"","request":[20.0,1.96799993515015,14.0],"requests":2790,"safe_margin":0.00100000004749745,"slide_contacts":[{"collider_path":"/root/MeadowsPlayground/Terrain","collider_rid":"RID(67796058767363)","collider_shape":41,"normal":[0.00484990747645497,0.999937891960144,-0.0100442487746477],"point":[19.6199779510498,0.890650808811188,-26.1485195159912],"slide":0,"swept_depth":0.00099849933758378},{"collider_path":"/root/MeadowsPlayground/Terrain","collider_rid":"RID(67796058767363)","collider_shape":41,"normal":[0.00484990747645497,0.999937891960144,-0.0100442487746477],"point":[19.6207370758057,0.891461253166199,-26.0674724578857],"slide":1,"swept_depth":0.000159990231622942}],"slide_contacts_are_capped_prefix":true,"slide_count":2,"slide_motion":[0.00078582763671875,0.000832974910736084,0.0833187103271484],"slide_point_counts":[1,1],"snap":0.400000005960464,"stall_frames":0,"swept_depth":0.00099849933758378,"timing":{"between_callbacks":"controller and other nodes; excluded; not controller-only","between_callbacks_us":7039,"callback_cap_us":10000,"input_flush_us":84,"live_post_us":79,"live_pre_us":86,"movement_progress_us":7,"post_contract_us":24,"post_us":188,"pre_us":433,"provisional_steering_us":172,"serialization_and_print":"deferred; excluded; snapshot included","slide_validation_us":7,"snapshot_us":70,"stage":"post"},"total_queries":8352,"wall_frames":0}
OPENING_PRODUCTION_LOG_COST {"cost_line_print_measured":false,"observation_print_us":43,"outside_physics_cap":true,"requests":2790,"serialization_us":100}
OPENING_PRODUCTION_OBSERVATION {"acceptance":false,"actual_delta":[0.000783920288085938,-0.0000122189521789551,0.0833301544189453],"authored_road_hint":"","callback_own_us":512,"ceiling_frames":0,"checked_start":true,"controller_observation_available":true,"controller_wanted_dir":[0.00941616389900446,0.0,0.999955654144287],"delivered_input":[0.905526041984558,0.424290418624878],"diagnostic_output_outside_physics_cap":true,"floor_angle":0.785399973392487,"frame":2880,"live_contacts":[{"collider_path":"/root/MeadowsPlayground/Terrain","collider_rid":"RID(67796058767363)","collider_shape":41,"depth":0.0000656247138977051,"local_shape":0,"normal":[0.0,1.0,0.0],"point":[19.6932830810547,0.899999976158142,-18.5718250274658]}],"live_recovery_travel":[0.0,0.000104367733001709,0.0],"live_state_phase":"post","mask":1,"on_ceiling":false,"on_floor":true,"on_wall":false,"physics_frame":6740,"plans":25,"player":[19.6932830810547,0.900830030441284,-18.5718250274658],"progress_m":242.008521107258,"provisional_choice":0,"provisional_steering":{"acceptance":false,"heading":[0.00941619090735912,0.0,0.999955594539642],"prediction_motion":[0.00964038632810116,0.0,1.02376413345337],"retry_choice":0,"source":"prospective_step","wall_normal":[0.0,0.0,0.0]},"queries":3,"recoveries":0,"refusal":"","request":[20.0,1.96799993515015,14.0],"requests":2880,"safe_margin":0.00100000004749745,"slide_contacts":[{"collider_path":"/root/MeadowsPlayground/Terrain","collider_rid":"RID(67796058767363)","collider_shape":41,"normal":[0.0,1.0,0.0],"point":[19.6925220489502,0.899999976158142,-18.6526317596436],"slide":0,"swept_depth":0.00107318162918091},{"collider_path":"/root/MeadowsPlayground/Terrain","collider_rid":"RID(67796058767363)","collider_shape":41,"normal":[0.0,1.0,0.0],"point":[19.6932830810547,0.899999976158142,-18.5718250274658],"slide":1,"swept_depth":0.000169932842254639}],"slide_contacts_are_capped_prefix":true,"slide_count":2,"slide_motion":[0.000783920288085938,-0.0000122189521789551,0.0833301544189453],"slide_point_counts":[1,1],"snap":0.400000005960464,"stall_frames":0,"swept_depth":0.00107318162918091,"timing":{"between_callbacks":"controller and other nodes; excluded; not controller-only","between_callbacks_us":6976,"callback_cap_us":10000,"input_flush_us":85,"live_post_us":74,"live_pre_us":88,"movement_progress_us":7,"post_contract_us":18,"post_us":170,"pre_us":337,"provisional_steering_us":80,"serialization_and_print":"deferred; excluded; snapshot included","slide_validation_us":23,"snapshot_us":47,"stage":"post"},"total_queries":8622,"wall_frames":0}
OPENING_PRODUCTION_LOG_COST {"cost_line_print_measured":false,"observation_print_us":58,"outside_physics_cap":true,"requests":2880,"serialization_us":90}
OPENING_PRODUCTION_OBSERVATION {"acceptance":false,"actual_delta":[0.000783920288085938,-0.000025331974029541,0.0833292007446289],"authored_road_hint":"","callback_own_us":518,"ceiling_frames":0,"checked_start":true,"controller_observation_available":true,"controller_wanted_dir":[0.0094180703163147,0.0,0.999955654144287],"delivered_input":[0.90552693605423,0.424288719892502],"diagnostic_output_outside_physics_cap":true,"floor_angle":0.785399973392487,"frame":2970,"live_contacts":[{"collider_path":"/root/MeadowsPlayground/Terrain","collider_rid":"RID(67796058767363)","collider_shape":41,"depth":0.0000671744346618652,"local_shape":0,"normal":[0.0,1.0,0.0],"point":[19.7638568878174,0.899999976158142,-11.0721626281738]}],"live_recovery_travel":[0.0,0.000115454196929932,0.0],"live_state_phase":"post","mask":1,"on_ceiling":false,"on_floor":true,"on_wall":false,"physics_frame":6830,"plans":25,"player":[19.7638568878174,0.900817334651947,-11.0721626281738],"progress_m":249.50851613027,"provisional_choice":0,"provisional_steering":{"acceptance":false,"heading":[0.00941808428615332,0.0,0.999955654144287],"prediction_motion":[0.00964232441037893,0.0,1.02376413345337],"retry_choice":0,"source":"prospective_step","wall_normal":[0.0,0.0,0.0]},"queries":3,"recoveries":0,"refusal":"","request":[20.0,1.96799993515015,14.0],"requests":2970,"safe_margin":0.00100000004749745,"slide_contacts":[{"collider_path":"/root/MeadowsPlayground/Terrain","collider_rid":"RID(67796058767363)","collider_shape":41,"normal":[0.0,1.0,0.0],"point":[19.7630996704102,0.899999976158142,-11.1527252197266],"slide":0,"swept_depth":0.00117069482803345},{"collider_path":"/root/MeadowsPlayground/Terrain","collider_rid":"RID(67796058767363)","collider_shape":41,"normal":[0.0,1.0,0.0],"point":[19.7638568878174,0.899999976158142,-11.0721626281738],"slide":1,"swept_depth":0.000182688236236572}],"slide_contacts_are_capped_prefix":true,"slide_count":2,"slide_motion":[0.000783920288085938,-0.000025331974029541,0.0833292007446289],"slide_point_counts":[1,1],"snap":0.400000005960464,"stall_frames":0,"swept_depth":0.00117069482803345,"timing":{"between_callbacks":"controller and other nodes; excluded; not controller-only","between_callbacks_us":7491,"callback_cap_us":10000,"input_flush_us":101,"live_post_us":74,"live_pre_us":80,"movement_progress_us":6,"post_contract_us":19,"post_us":154,"pre_us":360,"provisional_steering_us":88,"serialization_and_print":"deferred; excluded; snapshot included","slide_validation_us":7,"snapshot_us":47,"stage":"post"},"total_queries":8892,"wall_frames":0}
OPENING_PRODUCTION_LOG_COST {"cost_line_print_measured":false,"observation_print_us":65,"outside_physics_cap":true,"requests":2970,"serialization_us":98}
OPENING_PRODUCTION_OBSERVATION {"acceptance":false,"actual_delta":[0.00078582763671875,0.0,0.0833296775817871],"authored_road_hint":"","callback_own_us":558,"ceiling_frames":0,"checked_start":true,"controller_observation_available":true,"controller_wanted_dir":[0.0094199487939477,0.0,0.999955654144287],"delivered_input":[0.905527710914612,0.424287021160126],"diagnostic_output_outside_physics_cap":true,"floor_angle":0.785399973392487,"frame":3060,"live_contacts":[{"collider_path":"/root/MeadowsPlayground/Terrain","collider_rid":"RID(67796058767363)","collider_shape":41,"depth":0.0000639557838439941,"local_shape":0,"normal":[0.0,1.0,0.0],"point":[19.8344612121582,0.899999976158142,-3.57251930236816]}],"live_recovery_travel":[0.0,0.0000934004783630371,0.0],"live_state_phase":"post","mask":1,"on_ceiling":false,"on_floor":true,"on_wall":false,"physics_frame":6920,"plans":25,"player":[19.8344612121582,0.900842666625977,-3.57251930236816],"progress_m":257.008491938235,"provisional_choice":0,"provisional_steering":{"acceptance":false,"heading":[0.00941995065659285,0.0,0.999955594539642],"prediction_motion":[0.00964423548430204,0.0,1.02376413345337],"retry_choice":0,"source":"prospective_step","wall_normal":[0.0,0.0,0.0]},"queries":3,"recoveries":0,"refusal":"","request":[20.0,1.96799993515015,14.0],"requests":3060,"safe_margin":0.00100000004749745,"slide_contacts":[{"collider_path":"/root/MeadowsPlayground/Terrain","collider_rid":"RID(67796058767363)","collider_shape":41,"normal":[0.0,1.0,0.0],"point":[19.8336963653564,0.899999976158142,-3.65357041358948],"slide":0,"swept_depth":0.000975430011749268},{"collider_path":"/root/MeadowsPlayground/Terrain","collider_rid":"RID(67796058767363)","collider_shape":41,"normal":[0.0,1.0,0.0],"point":[19.8344612121582,0.899999976158142,-3.57251930236816],"slide":1,"swept_depth":0.000157296657562256}],"slide_contacts_are_capped_prefix":true,"slide_count":2,"slide_motion":[0.00078582763671875,0.0,0.0833296775817871],"slide_point_counts":[1,1],"snap":0.400000005960464,"stall_frames":0,"swept_depth":0.000975430011749268,"timing":{"between_callbacks":"controller and other nodes; excluded; not controller-only","between_callbacks_us":6584,"callback_cap_us":10000,"input_flush_us":94,"live_post_us":88,"live_pre_us":98,"movement_progress_us":6,"post_contract_us":23,"post_us":176,"pre_us":378,"provisional_steering_us":94,"serialization_and_print":"deferred; excluded; snapshot included","slide_validation_us":8,"snapshot_us":49,"stage":"post"},"total_queries":9162,"wall_frames":0}
OPENING_PRODUCTION_LOG_COST {"cost_line_print_measured":false,"observation_print_us":49,"outside_physics_cap":true,"requests":3060,"serialization_us":97}
OPENING_PRODUCTION_OBSERVATION {"acceptance":false,"actual_delta":[0.000783920288085938,-0.0000125765800476074,0.0833296775817871],"authored_road_hint":"","callback_own_us":577,"ceiling_frames":0,"checked_start":true,"controller_observation_available":true,"controller_wanted_dir":[0.00941956136375666,0.0,0.999955654144287],"delivered_input":[0.905527532100677,0.424287378787994],"diagnostic_output_outside_physics_cap":true,"floor_angle":0.785399973392487,"frame":3150,"live_contacts":[{"collider_path":"/root/MeadowsPlayground/Terrain","collider_rid":"RID(67796058767363)","collider_shape":33,"depth":0.0000656247138977051,"local_shape":0,"normal":[0.0,1.0,0.0],"point":[19.9051132202148,0.899999976158142,3.9271559715271]}],"live_recovery_travel":[0.0,0.000104308128356934,0.0],"live_state_phase":"post","mask":1,"on_ceiling":false,"on_floor":true,"on_wall":false,"physics_frame":7010,"plans":25,"player":[19.9051132202148,0.900830090045929,3.9271559715271],"progress_m":264.508500267984,"provisional_choice":0,"provisional_steering":{"acceptance":false,"heading":[0.00941953714936972,0.0,0.999955594539642],"prediction_motion":[0.00964381173253059,0.0,1.02376413345337],"retry_choice":0,"source":"prospective_step","wall_normal":[0.0,0.0,0.0]},"queries":3,"recoveries":0,"refusal":"","request":[20.0,1.96799993515015,14.0],"requests":3150,"safe_margin":0.00100000004749745,"slide_contacts":[{"collider_path":"/root/MeadowsPlayground/Terrain","collider_rid":"RID(67796058767363)","collider_shape":33,"normal":[0.0,1.0,0.0],"point":[19.9043521881104,0.899999976158142,3.84634900093079],"slide":0,"swept_depth":0.00107294321060181},{"collider_path":"/root/MeadowsPlayground/Terrain","collider_rid":"RID(67796058767363)","collider_shape":33,"normal":[0.0,1.0,0.0],"point":[19.9051132202148,0.899999976158142,3.9271559715271],"slide":1,"swept_depth":0.000169813632965088}],"slide_contacts_are_capped_prefix":true,"slide_count":2,"slide_motion":[0.000783920288085938,-0.0000125765800476074,0.0833296775817871],"slide_point_counts":[1,1],"snap":0.400000005960464,"stall_frames":0,"swept_depth":0.00107294321060181,"timing":{"between_callbacks":"controller and other nodes; excluded; not controller-only","between_callbacks_us":5492,"callback_cap_us":10000,"input_flush_us":103,"live_post_us":86,"live_pre_us":108,"movement_progress_us":6,"post_contract_us":17,"post_us":163,"pre_us":409,"provisional_steering_us":96,"serialization_and_print":"deferred; excluded; snapshot included","slide_validation_us":7,"snapshot_us":46,"stage":"post"},"total_queries":9432,"wall_frames":0}
OPENING_PRODUCTION_LOG_COST {"cost_line_print_measured":false,"observation_print_us":63,"outside_physics_cap":true,"requests":3150,"serialization_us":93}
OPENING_PRODUCTION_OBSERVATION {"acceptance":false,"actual_delta":[0.000783920288085938,-0.000000298023223876953,0.0833292007446289],"authored_road_hint":"","callback_own_us":613,"ceiling_frames":0,"checked_start":true,"controller_observation_available":true,"controller_wanted_dir":[0.009420245885849,0.0,0.999955654144287],"delivered_input":[0.905527889728546,0.424286782741547],"diagnostic_output_outside_physics_cap":true,"floor_angle":0.785399973392487,"frame":3240,"live_contacts":[{"collider_path":"/root/MeadowsPlayground/Terrain","collider_rid":"RID(67796058767363)","collider_shape":33,"depth":0.0000656247138977051,"local_shape":0,"normal":[0.0,1.0,0.0],"point":[19.975757598877,0.899999976158142,11.4267959594727]}],"live_recovery_travel":[0.0,0.000104546546936035,0.0],"live_state_phase":"post","mask":1,"on_ceiling":false,"on_floor":true,"on_wall":false,"physics_frame":7100,"plans":25,"player":[19.975757598877,0.900829792022705,11.4267959594727],"progress_m":272.008473356487,"provisional_choice":0,"provisional_steering":{"acceptance":false,"heading":[0.00942025147378445,0.0,0.999955654144287],"prediction_motion":[0.00964454375207424,0.0,1.02376413345337],"retry_choice":0,"source":"prospective_step","wall_normal":[0.0,0.0,0.0]},"queries":3,"recoveries":0,"refusal":"","request":[20.0,1.96799993515015,14.0],"requests":3240,"safe_margin":0.00100000004749745,"slide_contacts":[{"collider_path":"/root/MeadowsPlayground/Terrain","collider_rid":"RID(67796058767363)","collider_shape":33,"normal":[0.0,1.0,0.0],"point":[19.9749965667725,0.899999976158142,11.3459892272949],"slide":0,"swept_depth":0.00107461214065552},{"collider_path":"/root/MeadowsPlayground/Terrain","collider_rid":"RID(67796058767363)","collider_shape":33,"normal":[-0.0623889341950417,0.998051881790161,0.0],"point":[19.9999961853027,0.899999976158142,11.3459892272949],"slide":0,"swept_depth":0.00107461214065552},{"collider_path":"/root/MeadowsPlayground/Terrain","collider_rid":"RID(67796058767363)","collider_shape":33,"normal":[0.0,1.0,0.0],"point":[19.975757598877,0.899999976158142,11.4267959594727],"slide":1,"swept_depth":0.00017017126083374}],"slide_contacts_are_capped_prefix":true,"slide_count":2,"slide_motion":[0.000783920288085938,-0.000000298023195455244,0.0833292007446289],"slide_point_counts":[2,1],"snap":0.400000005960464,"stall_frames":0,"swept_depth":0.00107461214065552,"timing":{"between_callbacks":"controller and other nodes; excluded; not controller-only","between_callbacks_us":6023,"callback_cap_us":10000,"input_flush_us":120,"live_post_us":74,"live_pre_us":108,"movement_progress_us":6,"post_contract_us":18,"post_us":154,"pre_us":454,"provisional_steering_us":115,"serialization_and_print":"deferred; excluded; snapshot included","slide_validation_us":7,"snapshot_us":48,"stage":"post"},"total_queries":9702,"wall_frames":0}
OPENING_PRODUCTION_LOG_COST {"cost_line_print_measured":false,"observation_print_us":60,"outside_physics_cap":true,"requests":3240,"serialization_us":103}
OPENING_PRODUCTION_OBSERVATION {"acceptance":false,"actual_delta":[0.0833320617675781,0.0,0.000689506530761719],"authored_road_hint":"","callback_own_us":518,"ceiling_frames":0,"checked_start":true,"controller_observation_available":true,"controller_wanted_dir":[0.999965846538544,0.0,0.00826642010360956],"delivered_input":[0.440235525369644,-0.897882282733917],"diagnostic_output_outside_physics_cap":true,"floor_angle":0.785399973392487,"frame":3330,"live_contacts":[{"collider_path":"/root/MeadowsPlayground/Terrain","collider_rid":"RID(67796058767363)","collider_shape":33,"depth":0.0000656247138977051,"local_shape":0,"normal":[0.0,1.0,0.0],"point":[25.2882385253906,0.899999976158142,13.6799821853638]}],"live_recovery_travel":[0.0,0.000104546546936035,0.0],"live_state_phase":"post","mask":1,"on_ceiling":false,"on_floor":true,"on_wall":false,"physics_frame":7190,"plans":26,"player":[25.2882385253906,0.900829792022705,13.6799821853638],"progress_m":279.356758558424,"provisional_choice":0,"provisional_steering":{"acceptance":false,"heading":[0.999965786933899,0.0,0.00826641544699669],"prediction_motion":[1.02377450466156,0.0,0.0084632346406579],"retry_choice":0,"source":"prospective_step","wall_normal":[0.0,0.0,0.0]},"queries":3,"recoveries":0,"refusal":"","request":[64.0,1.96799993515015,14.0],"requests":3330,"safe_margin":0.00100000004749745,"slide_contacts":[{"collider_path":"/root/MeadowsPlayground/Terrain","collider_rid":"RID(67796058767363)","collider_shape":33,"normal":[0.0,1.0,0.0],"point":[25.2074298858643,0.899999976158142,13.679313659668],"slide":0,"swept_depth":0.00107473134994507},{"collider_path":"/root/MeadowsPlayground/Terrain","collider_rid":"RID(67796058767363)","collider_shape":33,"normal":[0.0,1.0,0.0],"point":[25.2882385253906,0.899999976158142,13.6799821853638],"slide":1,"swept_depth":0.00017017126083374}],"slide_contacts_are_capped_prefix":true,"slide_count":2,"slide_motion":[0.0833320617675781,0.0,0.000689506530761719],"slide_point_counts":[1,1],"snap":0.400000005960464,"stall_frames":0,"swept_depth":0.00107473134994507,"timing":{"between_callbacks":"controller and other nodes; excluded; not controller-only","between_callbacks_us":6163,"callback_cap_us":10000,"input_flush_us":84,"live_post_us":98,"live_pre_us":82,"movement_progress_us":6,"post_contract_us":20,"post_us":178,"pre_us":336,"provisional_steering_us":84,"serialization_and_print":"deferred; excluded; snapshot included","slide_validation_us":6,"snapshot_us":47,"stage":"post"},"total_queries":9972,"wall_frames":0}
OPENING_PRODUCTION_LOG_COST {"cost_line_print_measured":false,"observation_print_us":51,"outside_physics_cap":true,"requests":3330,"serialization_us":98}
OPENING_PRODUCTION_OBSERVATION {"acceptance":false,"actual_delta":[0.0833282470703125,0.0,0.000689506530761719],"authored_road_hint":"","callback_own_us":501,"ceiling_frames":0,"checked_start":true,"controller_observation_available":true,"controller_wanted_dir":[0.999965846538544,0.0,0.00826510787010193],"delivered_input":[0.440234392881393,-0.897882878780365],"diagnostic_output_outside_physics_cap":true,"floor_angle":0.785399973392487,"frame":3420,"live_contacts":[{"collider_path":"/root/MeadowsPlayground/Terrain","collider_rid":"RID(67796058767363)","collider_shape":33,"depth":0.0000639557838439941,"local_shape":0,"normal":[0.0,1.0,0.0],"point":[32.7880973815918,0.899999976158142,13.7420215606689]}],"live_recovery_travel":[0.0,0.0000934004783630371,0.0],"live_state_phase":"post","mask":1,"on_ceiling":false,"on_floor":true,"on_wall":false,"physics_frame":7280,"plans":26,"player":[32.7880973815918,0.900842666625977,13.7420215606689],"progress_m":286.856874519261,"provisional_choice":0,"provisional_steering":{"acceptance":false,"heading":[0.999965846538544,0.0,0.00826512929052114],"prediction_motion":[1.02377462387085,0.0,0.00846191868185997],"retry_choice":0,"source":"prospective_step","wall_normal":[0.0,0.0,0.0]},"queries":3,"recoveries":0,"refusal":"","request":[64.0,1.96799993515015,14.0],"requests":3420,"safe_margin":0.00100000004749745,"slide_contacts":[{"collider_path":"/root/MeadowsPlayground/Terrain","collider_rid":"RID(67796058767363)","collider_shape":33,"normal":[0.0,1.0,0.0],"point":[32.7070465087891,0.899999976158142,13.7413511276245],"slide":0,"swept_depth":0.000975430011749268},{"collider_path":"/root/MeadowsPlayground/Terrain","collider_rid":"RID(67796058767363)","collider_shape":33,"normal":[0.0,1.0,0.0],"point":[32.7880973815918,0.899999976158142,13.7420215606689],"slide":1,"swept_depth":0.000157296657562256}],"slide_contacts_are_capped_prefix":true,"slide_count":2,"slide_motion":[0.0833282470703125,0.0,0.000689506530761719],"slide_point_counts":[1,1],"snap":0.400000005960464,"stall_frames":0,"swept_depth":0.000975430011749268,"timing":{"between_callbacks":"controller and other nodes; excluded; not controller-only","between_callbacks_us":5000,"callback_cap_us":10000,"input_flush_us":75,"live_post_us":76,"live_pre_us":80,"movement_progress_us":6,"post_contract_us":18,"post_us":152,"pre_us":344,"provisional_steering_us":86,"serialization_and_print":"deferred; excluded; snapshot included","slide_validation_us":5,"snapshot_us":46,"stage":"post"},"total_queries":10242,"wall_frames":0}
OPENING_PRODUCTION_LOG_COST {"cost_line_print_measured":false,"observation_print_us":62,"outside_physics_cap":true,"requests":3420,"serialization_us":95}
OPENING_PRODUCTION_OBSERVATION {"acceptance":false,"actual_delta":[0.0833282470703125,0.00000143051147460938,0.000688552856445312],"authored_road_hint":"","callback_own_us":583,"ceiling_frames":0,"checked_start":true,"controller_observation_available":true,"controller_wanted_dir":[0.999965846538544,0.0,0.00826403591781855],"delivered_input":[0.440233409404755,-0.897883355617523],"diagnostic_output_outside_physics_cap":true,"floor_angle":0.785399973392487,"frame":3510,"live_contacts":[{"collider_path":"/root/MeadowsPlayground/Terrain","collider_rid":"RID(67796058767363)","collider_shape":33,"depth":0.0000639557838439941,"local_shape":0,"normal":[0.0,1.0,0.0],"point":[40.2876510620117,0.899999976158142,13.8040332794189]}],"live_recovery_travel":[0.0,0.0000934004783630371,0.0],"live_state_phase":"post","mask":1,"on_ceiling":false,"on_floor":true,"on_wall":false,"physics_frame":7370,"plans":26,"player":[40.2876510620117,0.900842666625977,13.8040332794189],"progress_m":294.356685155304,"provisional_choice":0,"provisional_steering":{"acceptance":false,"heading":[0.999965846538544,0.0,0.00826404523104429],"prediction_motion":[1.02377462387085,0.0,0.00846080854535103],"retry_choice":0,"source":"prospective_step","wall_normal":[0.0,0.0,0.0]},"queries":3,"recoveries":0,"refusal":"","request":[64.0,1.96799993515015,14.0],"requests":3510,"safe_margin":0.00100000004749745,"slide_contacts":[{"collider_path":"/root/MeadowsPlayground/Terrain","collider_rid":"RID(67796058767363)","collider_shape":33,"normal":[0.0,1.0,0.0],"point":[40.206600189209,0.899999976158142,13.8033638000488],"slide":0,"swept_depth":0.000975549221038818},{"collider_path":"/root/MeadowsPlayground/Terrain","collider_rid":"RID(67796058767363)","collider_shape":33,"normal":[0.0,1.0,0.0],"point":[40.2876510620117,0.899999976158142,13.8040332794189],"slide":1,"swept_depth":0.000157296657562256}],"slide_contacts_are_capped_prefix":true,"slide_count":2,"slide_motion":[0.0833282470703125,0.00000143051147460938,0.000688552856445312],"slide_point_counts":[1,1],"snap":0.400000005960464,"stall_frames":0,"swept_depth":0.000975549221038818,"timing":{"between_callbacks":"controller and other nodes; excluded; not controller-only","between_callbacks_us":6297,"callback_cap_us":10000,"input_flush_us":118,"live_post_us":77,"live_pre_us":104,"movement_progress_us":6,"post_contract_us":18,"post_us":155,"pre_us":424,"provisional_steering_us":94,"serialization_and_print":"deferred; excluded; snapshot included","slide_validation_us":7,"snapshot_us":45,"stage":"post"},"total_queries":10512,"wall_frames":0}
OPENING_PRODUCTION_LOG_COST {"cost_line_print_measured":false,"observation_print_us":57,"outside_physics_cap":true,"requests":3510,"serialization_us":92}
OPENING_PRODUCTION_OBSERVATION {"acceptance":false,"actual_delta":[0.0833282470703125,0.0,0.000689506530761719],"authored_road_hint":"","callback_own_us":675,"ceiling_frames":0,"checked_start":true,"controller_observation_available":true,"controller_wanted_dir":[0.999965846538544,0.0,0.00826412532478571],"delivered_input":[0.440233498811722,-0.897883296012878],"diagnostic_output_outside_physics_cap":true,"floor_angle":0.785399973392487,"frame":3600,"live_contacts":[{"collider_path":"/root/MeadowsPlayground/Terrain","collider_rid":"RID(67796058767363)","collider_shape":33,"depth":0.0000639557838439941,"local_shape":0,"normal":[0.0,1.0,0.0],"point":[47.7871971130371,0.899999976158142,13.8660116195679]}],"live_recovery_travel":[0.0,0.0000934004783630371,0.0],"live_state_phase":"post","mask":1,"on_ceiling":false,"on_floor":true,"on_wall":false,"physics_frame":7460,"plans":26,"player":[47.7871971130371,0.900842666625977,13.8660116195679],"progress_m":301.856487640413,"provisional_choice":0,"provisional_steering":{"acceptance":false,"heading":[0.999965846538544,0.0,0.00826412625610828],"prediction_motion":[1.02377462387085,0.0,0.00846089143306017],"retry_choice":0,"source":"prospective_step","wall_normal":[0.0,0.0,0.0]},"queries":3,"recoveries":0,"refusal":"","request":[64.0,1.96799993515015,14.0],"requests":3600,"safe_margin":0.00100000004749745,"slide_contacts":[{"collider_path":"/root/MeadowsPlayground/Terrain","collider_rid":"RID(67796058767363)","collider_shape":33,"normal":[0.0,1.0,0.0],"point":[47.7061462402344,0.899999976158142,13.8653411865234],"slide":0,"swept_depth":0.000975430011749268},{"collider_path":"/root/MeadowsPlayground/Terrain","collider_rid":"RID(67796058767363)","collider_shape":33,"normal":[0.0,1.0,0.0],"point":[47.7871971130371,0.899999976158142,13.8660116195679],"slide":1,"swept_depth":0.000157296657562256}],"slide_contacts_are_capped_prefix":true,"slide_count":2,"slide_motion":[0.0833282470703125,0.0,0.000689506530761719],"slide_point_counts":[1,1],"snap":0.400000005960464,"stall_frames":0,"swept_depth":0.000975430011749268,"timing":{"between_callbacks":"controller and other nodes; excluded; not controller-only","between_callbacks_us":7262,"callback_cap_us":10000,"input_flush_us":158,"live_post_us":86,"live_pre_us":109,"movement_progress_us":6,"post_contract_us":29,"post_us":184,"pre_us":487,"provisional_steering_us":95,"serialization_and_print":"deferred; excluded; snapshot included","slide_validation_us":9,"snapshot_us":51,"stage":"post"},"total_queries":10782,"wall_frames":0}
OPENING_PRODUCTION_LOG_COST {"cost_line_print_measured":false,"observation_print_us":48,"outside_physics_cap":true,"requests":3600,"serialization_us":101}
OPENING_PRODUCTION_OBSERVATION {"acceptance":false,"actual_delta":[0.0833282470703125,0.0000126957893371582,0.000689506530761719],"authored_road_hint":"","callback_own_us":518,"ceiling_frames":0,"checked_start":true,"controller_observation_available":true,"controller_wanted_dir":[0.999965846538544,0.0,0.00826412532478571],"delivered_input":[0.440233498811722,-0.897883296012878],"diagnostic_output_outside_physics_cap":true,"floor_angle":0.785399973392487,"frame":3690,"live_contacts":[{"collider_path":"/root/MeadowsPlayground/Terrain","collider_rid":"RID(67796058767363)","collider_shape":33,"depth":0.0000639557838439941,"local_shape":0,"normal":[0.0,1.0,0.0],"point":[55.286735534668,0.899999976158142,13.9279909133911]}],"live_recovery_travel":[0.0,0.0000935792922973633,0.0],"live_state_phase":"post","mask":1,"on_ceiling":false,"on_floor":true,"on_wall":false,"physics_frame":7550,"plans":26,"player":[55.286735534668,0.900842487812042,13.9279909133911],"progress_m":309.356282645138,"provisional_choice":0,"provisional_steering":{"acceptance":false,"heading":[0.999965846538544,0.0,0.00826412159949541],"prediction_motion":[1.02377462387085,0.0,0.0084608867764473],"retry_choice":0,"source":"prospective_step","wall_normal":[0.0,0.0,0.0]},"queries":3,"recoveries":0,"refusal":"","request":[64.0,1.96799993515015,14.0],"requests":3690,"safe_margin":0.00100000004749745,"slide_contacts":[{"collider_path":"/root/MeadowsPlayground/Terrain","collider_rid":"RID(67796058767363)","collider_shape":33,"normal":[0.0,1.0,0.0],"point":[55.2056846618652,0.899999976158142,13.9273204803467],"slide":0,"swept_depth":0.000977098941802979},{"collider_path":"/root/MeadowsPlayground/Terrain","collider_rid":"RID(67796058767363)","collider_shape":33,"normal":[0.0,1.0,0.0],"point":[55.286735534668,0.899999976158142,13.9279909133911],"slide":1,"swept_depth":0.000157415866851807}],"slide_contacts_are_capped_prefix":true,"slide_count":2,"slide_motion":[0.0833282470703125,0.0000126957893371582,0.000689506530761719],"slide_point_counts":[1,1],"snap":0.400000005960464,"stall_frames":0,"swept_depth":0.000977098941802979,"timing":{"between_callbacks":"controller and other nodes; excluded; not controller-only","between_callbacks_us":5714,"callback_cap_us":10000,"input_flush_us":75,"live_post_us":79,"live_pre_us":104,"movement_progress_us":5,"post_contract_us":31,"post_us":164,"pre_us":349,"provisional_steering_us":84,"serialization_and_print":"deferred; excluded; snapshot included","slide_validation_us":4,"snapshot_us":43,"stage":"post"},"total_queries":11052,"wall_frames":0}
OPENING_PRODUCTION_LOG_COST {"cost_line_print_measured":false,"observation_print_us":57,"outside_physics_cap":true,"requests":3690,"serialization_us":94}
OPENING_PRODUCTION_OBSERVATION {"acceptance":false,"actual_delta":[0.0833282470703125,0.00000226497650146484,0.0006866455078125],"authored_road_hint":"","callback_own_us":516,"ceiling_frames":0,"checked_start":true,"controller_observation_available":true,"controller_wanted_dir":[0.999965250492096,0.0,0.00834566354751587],"delivered_input":[0.440306723117828,-0.897847473621368],"diagnostic_output_outside_physics_cap":true,"floor_angle":0.785399973392487,"frame":3780,"live_contacts":[{"collider_path":"/root/MeadowsPlayground/Terrain","collider_rid":"RID(67796058767363)","collider_shape":33,"depth":0.0000572800636291504,"local_shape":0,"normal":[0.0,1.0,0.0],"point":[62.7862777709961,0.899999976158142,13.9898614883423]}],"live_recovery_travel":[0.0,0.0000482797622680664,0.0],"live_state_phase":"post","mask":1,"on_ceiling":false,"on_floor":true,"on_wall":false,"physics_frame":7640,"plans":26,"player":[62.7862777709961,0.900894463062286,13.9898614883423],"progress_m":316.856080346974,"provisional_choice":0,"provisional_steering":{"acceptance":false,"heading":[0.999965190887451,0.0,0.00834568962454796],"prediction_motion":[1.02377390861511,0.0,0.00854439660906792],"retry_choice":0,"source":"prospective_step","wall_normal":[0.0,0.0,0.0]},"queries":3,"recoveries":0,"refusal":"","request":[64.0,1.96799993515015,14.0],"requests":3780,"safe_margin":0.00100000004749745,"slide_contacts":[{"collider_path":"/root/MeadowsPlayground/Terrain","collider_rid":"RID(67796058767363)","collider_shape":33,"normal":[0.0,1.0,0.0],"point":[62.7052268981934,0.899999976158142,13.9891939163208],"slide":0,"swept_depth":0.000968992710113525},{"collider_path":"/root/MeadowsPlayground/Terrain","collider_rid":"RID(67796058767363)","collider_shape":33,"normal":[0.0,0.999635398387909,-0.0270032677799463],"point":[62.7052268981934,0.899999976158142,14.0],"slide":0,"swept_depth":0.000968992710113525},{"collider_path":"/root/MeadowsPlayground/Terrain","collider_rid":"RID(67796058767363)","collider_shape":33,"normal":[0.0,1.0,0.0],"point":[62.7862777709961,0.899999976158142,13.9898614883423],"slide":1,"swept_depth":0.000105440616607666}],"slide_contacts_are_capped_prefix":true,"slide_count":2,"slide_motion":[0.0833282470703125,0.00000226497672883852,0.0006866455078125],"slide_point_counts":[2,1],"snap":0.400000005960464,"stall_frames":0,"swept_depth":0.000968992710113525,"timing":{"between_callbacks":"controller and other nodes; excluded; not controller-only","between_callbacks_us":5895,"callback_cap_us":10000,"input_flush_us":83,"live_post_us":80,"live_pre_us":81,"movement_progress_us":7,"post_contract_us":25,"post_us":178,"pre_us":333,"provisional_steering_us":85,"serialization_and_print":"deferred; excluded; snapshot included","slide_validation_us":7,"snapshot_us":58,"stage":"post"},"total_queries":11322,"wall_frames":0}
OPENING_PRODUCTION_LOG_COST {"cost_line_print_measured":false,"observation_print_us":64,"outside_physics_cap":true,"requests":3780,"serialization_us":107}
OPENING_PRODUCTION_OBSERVATION {"acceptance":false,"actual_delta":[-0.0319862365722656,0.0000622272491455078,0.0547504425048828],"authored_road_hint":"","callback_own_us":641,"ceiling_frames":0,"checked_start":true,"controller_observation_available":true,"controller_wanted_dir":[-0.984498918056488,0.0,0.175390690565109],"delivered_input":[-0.2679762840271,0.963425517082214],"diagnostic_output_outside_physics_cap":true,"floor_angle":0.785399973392487,"frame":3870,"live_contacts":[{"collider_path":"/root/MeadowsPlayground/Terrain","collider_rid":"RID(67796058767363)","collider_shape":33,"depth":0.0000639557838439941,"local_shape":0,"normal":[0.0,1.0,0.0],"point":[63.8832702636719,0.899999976158142,20.6353912353516]}],"live_recovery_travel":[0.0,0.000094294548034668,0.0],"live_state_phase":"post","mask":1,"on_ceiling":false,"on_floor":true,"on_wall":false,"physics_frame":7730,"plans":28,"player":[63.8832702636719,0.900841653347015,20.6353912353516],"progress_m":324.163711340399,"provisional_choice":0,"provisional_steering":{"acceptance":false,"heading":[-0.984498918056488,0.0,0.175390735268593],"prediction_motion":[-1.00793933868408,0.0,0.179566711187363],"retry_choice":0,"source":"prospective_step","wall_normal":[0.0,0.0,0.0]},"queries":3,"recoveries":0,"refusal":"","request":[61.0,1.96799993515015,21.1000003814697],"requests":3870,"safe_margin":0.00100000004749745,"slide_contacts":[{"collider_path":"/root/MeadowsPlayground/Terrain","collider_rid":"RID(67796058767363)","collider_shape":33,"normal":[0.0,1.0,0.0],"point":[63.9143829345703,0.899999976158142,20.5821380615234],"slide":0,"swept_depth":0.000983536243438721},{"collider_path":"/root/MeadowsPlayground/Terrain","collider_rid":"RID(67796058767363)","collider_shape":33,"normal":[0.0,1.0,0.0],"point":[63.8832702636719,0.899999976158142,20.6353912353516],"slide":1,"swept_depth":0.000158369541168213}],"slide_contacts_are_capped_prefix":true,"slide_count":2,"slide_motion":[-0.0319862365722656,0.0000622272491455078,0.0547504425048828],"slide_point_counts":[1,1],"snap":0.400000005960464,"stall_frames":0,"swept_depth":0.000983536243438721,"timing":{"between_callbacks":"controller and other nodes; excluded; not controller-only","between_callbacks_us":6127,"callback_cap_us":10000,"input_flush_us":127,"live_post_us":80,"live_pre_us":103,"movement_progress_us":6,"post_contract_us":19,"post_us":160,"pre_us":477,"provisional_steering_us":133,"serialization_and_print":"deferred; excluded; snapshot included","slide_validation_us":7,"snapshot_us":46,"stage":"post"},"total_queries":11592,"wall_frames":0}
OPENING_PRODUCTION_LOG_COST {"cost_line_print_measured":false,"observation_print_us":65,"outside_physics_cap":true,"requests":3870,"serialization_us":119}
GATE A NPC/GATHER +76.20s — Oskar cycle 1 exited and movement resumed
OPENING_PRODUCTION_OBSERVATION {"acceptance":false,"actual_delta":[-0.073638916015625,-0.0000251531600952148,-0.0390090942382812],"authored_road_hint":"","callback_own_us":627,"ceiling_frames":0,"checked_start":true,"controller_observation_available":true,"controller_wanted_dir":[-0.883668780326843,0.0,-0.468112677335739],"delivered_input":[-0.804449558258057,0.594020903110504],"diagnostic_output_outside_physics_cap":true,"floor_angle":0.785399973392487,"frame":3960,"live_contacts":[{"collider_path":"/root/MeadowsPlayground/Terrain","collider_rid":"RID(67796058767363)","collider_shape":33,"depth":0.0000671744346618652,"local_shape":0,"normal":[0.0,1.0,0.0],"point":[61.413200378418,0.899999976158142,18.8244304656982]}],"live_recovery_travel":[0.0,0.000115454196929932,0.0],"live_state_phase":"post","mask":1,"on_ceiling":false,"on_floor":true,"on_wall":false,"physics_frame":7873,"plans":29,"player":[61.413200378418,0.900817334651947,18.8244304656982],"progress_m":330.879146423424,"provisional_choice":0,"provisional_steering":{"acceptance":false,"heading":[-0.883668720722198,0.0,-0.468112707138062],"prediction_motion":[-0.904708504676819,0.0,-0.479258269071579],"retry_choice":0,"source":"prospective_step","wall_normal":[0.0,0.0,0.0]},"queries":3,"recoveries":0,"refusal":"","request":[44.0,0.849999964237213,9.60000038146973],"requests":3960,"safe_margin":0.00100000004749745,"slide_contacts":[{"collider_path":"/root/MeadowsPlayground/Terrain","collider_rid":"RID(67796058767363)","collider_shape":33,"normal":[0.0,1.0,0.0],"point":[61.4843940734863,0.899999976158142,18.8621444702148],"slide":0,"swept_depth":0.00117069482803345},{"collider_path":"/root/MeadowsPlayground/Terrain","collider_rid":"RID(67796058767363)","collider_shape":33,"normal":[0.0,1.0,0.0],"point":[61.413200378418,0.899999976158142,18.8244304656982],"slide":1,"swept_depth":0.000182688236236572}],"slide_contacts_are_capped_prefix":true,"slide_count":2,"slide_motion":[-0.0736389234662056,-0.0000251531600952148,-0.039009090512991],"slide_point_counts":[1,1],"snap":0.400000005960464,"stall_frames":0,"swept_depth":0.00117069482803345,"timing":{"between_callbacks":"controller and other nodes; excluded; not controller-only","between_callbacks_us":6145,"callback_cap_us":10000,"input_flush_us":131,"live_post_us":74,"live_pre_us":107,"movement_progress_us":6,"post_contract_us":20,"post_us":171,"pre_us":451,"provisional_steering_us":94,"serialization_and_print":"deferred; excluded; snapshot included","slide_validation_us":7,"snapshot_us":63,"stage":"post"},"total_queries":11858,"wall_frames":0}
OPENING_PRODUCTION_LOG_COST {"cost_line_print_measured":false,"observation_print_us":58,"outside_physics_cap":true,"requests":3960,"serialization_us":94}
OPENING_PRODUCTION_OBSERVATION {"acceptance":false,"actual_delta":[-0.073638916015625,0.000000178813934326172,-0.0390090942382812],"authored_road_hint":"","callback_own_us":598,"ceiling_frames":0,"checked_start":true,"controller_observation_available":true,"controller_wanted_dir":[-0.883670091629028,0.0,-0.468110293149948],"delivered_input":[-0.804447889328003,0.594023108482361],"diagnostic_output_outside_physics_cap":true,"floor_angle":0.785399973392487,"frame":4050,"live_contacts":[{"collider_path":"/root/MeadowsPlayground/Terrain","collider_rid":"RID(67796058767363)","collider_shape":33,"depth":0.0000639557838439941,"local_shape":0,"normal":[0.0,1.0,0.0],"point":[54.7857360839844,0.899999976158142,15.3135738372803]}],"live_recovery_travel":[0.0,0.0000934004783630371,0.0],"live_state_phase":"post","mask":1,"on_ceiling":false,"on_floor":true,"on_wall":false,"physics_frame":7963,"plans":29,"player":[54.7857360839844,0.900842666625977,15.3135738372803],"progress_m":338.37910711416,"provisional_choice":0,"provisional_steering":{"acceptance":false,"heading":[-0.883670032024384,0.0,-0.468110263347626],"prediction_motion":[-0.904709815979004,0.0,-0.479255765676498],"retry_choice":0,"source":"prospective_step","wall_normal":[0.0,0.0,0.0]},"queries":3,"recoveries":0,"refusal":"","request":[44.0,0.849999964237213,9.60000038146973],"requests":4050,"safe_margin":0.00100000004749745,"slide_contacts":[{"collider_path":"/root/MeadowsPlayground/Terrain","collider_rid":"RID(67796058767363)","collider_shape":33,"normal":[0.0,1.0,0.0],"point":[54.8573608398438,0.899999976158142,15.3515167236328],"slide":0,"swept_depth":0.000975430011749268},{"collider_path":"/root/MeadowsPlayground/Terrain","collider_rid":"RID(67796058767363)","collider_shape":33,"normal":[0.0,1.0,0.0],"point":[54.7857360839844,0.899999976158142,15.3135738372803],"slide":1,"swept_depth":0.000157296657562256}],"slide_contacts_are_capped_prefix":true,"slide_count":2,"slide_motion":[-0.0736389234662056,0.000000178813934326172,-0.039009090512991],"slide_point_counts":[1,1],"snap":0.400000005960464,"stall_frames":0,"swept_depth":0.000975430011749268,"timing":{"between_callbacks":"controller and other nodes; excluded; not controller-only","between_callbacks_us":6352,"callback_cap_us":10000,"input_flush_us":116,"live_post_us":86,"live_pre_us":90,"movement_progress_us":7,"post_contract_us":20,"post_us":169,"pre_us":425,"provisional_steering_us":120,"serialization_and_print":"deferred; excluded; snapshot included","slide_validation_us":8,"snapshot_us":47,"stage":"post"},"total_queries":12128,"wall_frames":0}
OPENING_PRODUCTION_LOG_COST {"cost_line_print_measured":false,"observation_print_us":64,"outside_physics_cap":true,"requests":4050,"serialization_us":102}
OPENING_PRODUCTION_OBSERVATION {"acceptance":false,"actual_delta":[-0.073638916015625,0.0,-0.0390090942382812],"authored_road_hint":"","callback_own_us":601,"ceiling_frames":0,"checked_start":true,"controller_observation_available":true,"controller_wanted_dir":[-0.883671224117279,0.0,-0.468108087778091],"delivered_input":[-0.804446458816528,0.594025075435638],"diagnostic_output_outside_physics_cap":true,"floor_angle":0.785399973392487,"frame":4140,"live_contacts":[{"collider_path":"/root/MeadowsPlayground/Terrain","collider_rid":"RID(67796058767363)","collider_shape":33,"depth":0.0000639557838439941,"local_shape":0,"normal":[0.0,1.0,0.0],"point":[48.1582260131836,0.899999976158142,11.8027420043945]}],"live_recovery_travel":[0.0,0.0000934004783630371,0.0],"live_state_phase":"post","mask":1,"on_ceiling":false,"on_floor":true,"on_wall":false,"physics_frame":8053,"plans":29,"player":[48.1582260131836,0.900842666625977,11.8027420043945],"progress_m":345.879096504534,"provisional_choice":0,"provisional_steering":{"acceptance":false,"heading":[-0.883671224117279,0.0,-0.468108177185059],"prediction_motion":[-0.904711067676544,0.0,-0.479253619909286],"retry_choice":0,"source":"prospective_step","wall_normal":[0.0,0.0,0.0]},"queries":3,"recoveries":0,"refusal":"","request":[44.0,0.849999964237213,9.60000038146973],"requests":4140,"safe_margin":0.00100000004749745,"slide_contacts":[{"collider_path":"/root/MeadowsPlayground/Terrain","collider_rid":"RID(67796058767363)","collider_shape":33,"normal":[0.0,1.0,0.0],"point":[48.229850769043,0.899999976158142,11.8406848907471],"slide":0,"swept_depth":0.000975430011749268},{"collider_path":"/root/MeadowsPlayground/Terrain","collider_rid":"RID(67796058767363)","collider_shape":33,"normal":[0.0,1.0,0.0],"point":[48.1582260131836,0.899999976158142,11.8027420043945],"slide":1,"swept_depth":0.000157296657562256}],"slide_contacts_are_capped_prefix":true,"slide_count":2,"slide_motion":[-0.0736389234662056,0.0,-0.039009090512991],"slide_point_counts":[1,1],"snap":0.400000005960464,"stall_frames":0,"swept_depth":0.000975430011749268,"timing":{"between_callbacks":"controller and other nodes; excluded; not controller-only","between_callbacks_us":6547,"callback_cap_us":10000,"input_flush_us":123,"live_post_us":79,"live_pre_us":105,"movement_progress_us":6,"post_contract_us":19,"post_us":158,"pre_us":439,"provisional_steering_us":99,"serialization_and_print":"deferred; excluded; snapshot included","slide_validation_us":8,"snapshot_us":45,"stage":"post"},"total_queries":12398,"wall_frames":0}
OPENING_PRODUCTION_LOG_COST {"cost_line_print_measured":false,"observation_print_us":61,"outside_physics_cap":true,"requests":4140,"serialization_us":96}
MIRA ROAD RUN INPUT {"acceptance":false,"auto_run_after":false,"edges":[{"auto_run_before_dispatch":false,"pad_button":15,"physics_frame":3320,"player":[22.699857711792,0.662904381752014,-30.4883766174316],"pressed":true},{"auto_run_before_dispatch":true,"pad_button":15,"physics_frame":3323,"player":[22.8162250518799,0.653546333312988,-30.6255912780762],"pressed":false},{"auto_run_before_dispatch":true,"pad_button":15,"physics_frame":3502,"player":[20.0002975463867,0.900936126708984,-11.9926061630249],"pressed":true},{"auto_run_before_dispatch":false,"pad_button":15,"physics_frame":3505,"player":[20.0002918243408,0.900934517383575,-11.5975971221924],"pressed":false}],"refused":false}
OPENING_PRODUCTION_OBSERVATION {"acceptance":false,"actual_delta":[-0.00723648071289062,0.0000373125076293945,-0.0830183029174805],"authored_road_hint":"","callback_own_us":526,"ceiling_frames":0,"checked_start":true,"controller_observation_available":true,"controller_wanted_dir":[-0.0868695974349976,0.0,-0.996219754219055],"delivered_input":[-0.935679972171783,-0.352850019931793],"diagnostic_output_outside_physics_cap":true,"floor_angle":0.785399973392487,"frame":4230,"live_contacts":[{"collider_path":"/root/MeadowsPlayground/Village/inn_5/Interior/@StaticBody3D@59221","collider_rid":"RID(363964118599043)","collider_shape":0,"depth":0.0000639557838439941,"local_shape":0,"normal":[0.0,1.0,0.0],"point":[44.1164665222168,0.919999957084656,6.13560724258423]}],"live_recovery_travel":[0.0,0.0000938773155212402,0.0],"live_state_phase":"post","mask":1,"on_ceiling":false,"on_floor":true,"on_wall":false,"physics_frame":8158,"plans":31,"player":[44.1164665222168,0.920842051506042,6.13560724258423],"progress_m":352.999504470499,"provisional_choice":0,"provisional_steering":{"acceptance":false,"heading":[-0.0868695676326752,0.0,-0.996219754219055],"prediction_motion":[-0.0889378935098648,0.0,-1.01993930339813],"retry_choice":0,"source":"prospective_step","wall_normal":[0.0,0.0,0.0]},"queries":3,"recoveries":0,"refusal":"","request":[44.0,0.849999964237213,4.80000019073486],"requests":4230,"safe_margin":0.00100000004749745,"slide_contacts":[{"collider_path":"/root/MeadowsPlayground/Village/inn_5/Interior/@StaticBody3D@59221","collider_rid":"RID(363964118599043)","collider_shape":0,"normal":[0.0,1.0,0.0],"point":[44.1235046386719,0.919999957084656,6.2163553237915],"slide":0,"swept_depth":0.00098031759262085},{"collider_path":"/root/MeadowsPlayground/Village/inn_5/Interior/@StaticBody3D@59221","collider_rid":"RID(363964118599043)","collider_shape":0,"normal":[0.0,1.0,0.0],"point":[44.1164665222168,0.919999957084656,6.13560724258423],"slide":1,"swept_depth":0.00015789270401001}],"slide_contacts_are_capped_prefix":true,"slide_count":2,"slide_motion":[-0.00723648071289062,0.0000373125039914157,-0.0830183029174805],"slide_point_counts":[1,1],"snap":0.400000005960464,"stall_frames":0,"swept_depth":0.00098031759262085,"timing":{"between_callbacks":"controller and other nodes; excluded; not controller-only","between_callbacks_us":6078,"callback_cap_us":10000,"input_flush_us":100,"live_post_us":68,"live_pre_us":90,"movement_progress_us":7,"post_contract_us":20,"post_us":151,"pre_us":371,"provisional_steering_us":83,"serialization_and_print":"deferred; excluded; snapshot included","slide_validation_us":7,"snapshot_us":48,"stage":"post"},"total_queries":12668,"wall_frames":0}
OPENING_PRODUCTION_LOG_COST {"cost_line_print_measured":false,"observation_print_us":46,"outside_physics_cap":true,"requests":4230,"serialization_us":110}
GATE A NPC/GATHER +83.91s — Bram cycle 1 exited and movement resumed
OPENING_PRODUCTION_OBSERVATION {"acceptance":false,"actual_delta":[0.0000457763671875,0.0,-0.0311112403869629],"authored_road_hint":"","callback_own_us":587,"ceiling_frames":0,"checked_start":true,"controller_observation_available":true,"controller_wanted_dir":[0.000399470387492329,0.0,-0.999999940395355],"delivered_input":[-0.901317775249481,-0.433158278465271],"diagnostic_output_outside_physics_cap":true,"floor_angle":0.785399973392487,"frame":4320,"live_contacts":[{"collider_path":"/root/MeadowsPlayground/Village/inn_5/Interior/@StaticBody3D@59221","collider_rid":"RID(363964118599043)","collider_shape":0,"depth":0.0000639557838439941,"local_shape":0,"normal":[0.0,1.0,0.0],"point":[43.9980201721191,0.919999957084656,2.64971685409546]}],"live_recovery_travel":[0.0,0.0000934004783630371,0.0],"live_state_phase":"post","mask":1,"on_ceiling":false,"on_floor":true,"on_wall":false,"physics_frame":8297,"plans":34,"player":[43.9980201721191,0.92084264755249,2.64971685409546],"progress_m":359.709869085578,"provisional_choice":0,"provisional_steering":{"acceptance":false,"heading":[0.00039946215110831,0.0,-0.99999988079071],"prediction_motion":[0.000408973166486248,0.0,-1.0238094329834],"retry_choice":0,"source":"prospective_step","wall_normal":[0.0,0.0,0.0]},"queries":3,"recoveries":0,"refusal":"","request":[44.0,1.96799993515015,-2.39000010490417],"requests":4320,"safe_margin":0.00100000004749745,"slide_contacts":[{"collider_path":"/root/MeadowsPlayground/Village/inn_5/Interior/@StaticBody3D@59221","collider_rid":"RID(363964118599043)","collider_shape":0,"normal":[0.0,1.0,0.0],"point":[43.997974395752,0.919999957084656,2.67997741699219],"slide":0,"swept_depth":0.000975430011749268},{"collider_path":"/root/MeadowsPlayground/Village/inn_5/Interior/@StaticBody3D@59221","collider_rid":"RID(363964118599043)","collider_shape":0,"normal":[0.0,1.0,0.0],"point":[43.9980201721191,0.919999957084656,2.64971685409546],"slide":1,"swept_depth":0.000157296657562256}],"slide_contacts_are_capped_prefix":true,"slide_count":2,"slide_motion":[0.0000457763671875,0.0,-0.0311112403869629],"slide_point_counts":[1,1],"snap":0.400000005960464,"stall_frames":6,"swept_depth":0.000975430011749268,"timing":{"between_callbacks":"controller and other nodes; excluded; not controller-only","between_callbacks_us":5829,"callback_cap_us":10000,"input_flush_us":131,"live_post_us":93,"live_pre_us":92,"movement_progress_us":6,"post_contract_us":19,"post_us":173,"pre_us":409,"provisional_steering_us":86,"serialization_and_print":"deferred; excluded; snapshot included","slide_validation_us":7,"snapshot_us":47,"stage":"post"},"total_queries":12934,"wall_frames":0}
OPENING_PRODUCTION_LOG_COST {"cost_line_print_measured":false,"observation_print_us":61,"outside_physics_cap":true,"requests":4320,"serialization_us":94}
GATE A NPC/GATHER +85.49s — Bram cycle 2 exited and movement resumed
OPENING_PRODUCTION_OBSERVATION {"acceptance":false,"actual_delta":[0.00054168701171875,-0.0000123977661132812,0.0833315849304199],"authored_road_hint":"","callback_own_us":534,"ceiling_frames":0,"checked_start":true,"controller_observation_available":true,"controller_wanted_dir":[0.00651246309280396,0.0,0.99997878074646],"delivered_input":[0.90429025888443,0.426918148994446],"diagnostic_output_outside_physics_cap":true,"floor_angle":0.785399973392487,"frame":4410,"live_contacts":[{"collider_path":"/root/MeadowsPlayground/Village/inn_5/Interior/@StaticBody3D@59221","collider_rid":"RID(363964118599043)","collider_shape":0,"depth":0.0000656247138977051,"local_shape":0,"normal":[0.0,1.0,0.0],"point":[43.9820251464844,0.919999957084656,2.04013180732727]}],"live_recovery_travel":[0.0,0.000104308128356934,0.0],"live_state_phase":"post","mask":1,"on_ceiling":false,"on_floor":true,"on_wall":false,"physics_frame":8471,"plans":37,"player":[43.9820251464844,0.920830070972443,2.04013180732727],"progress_m":366.008058920503,"provisional_choice":0,"provisional_steering":{"acceptance":false,"heading":[0.00651243235915899,0.0,0.99997878074646],"prediction_motion":[0.00666749058291316,0.0,1.02378785610199],"retry_choice":0,"source":"prospective_step","wall_normal":[0.0,0.0,0.0]},"queries":3,"recoveries":0,"refusal":"","request":[44.0,0.849999964237213,4.80000019073486],"requests":4410,"safe_margin":0.00100000004749745,"slide_contacts":[{"collider_path":"/root/MeadowsPlayground/Village/inn_5/Interior/@StaticBody3D@59221","collider_rid":"RID(363964118599043)","collider_shape":0,"normal":[0.0,1.0,0.0],"point":[43.9814987182617,0.919999957084656,1.95932292938232],"slide":0,"swept_depth":0.00107294321060181},{"collider_path":"/root/MeadowsPlayground/Village/inn_5/Interior/@StaticBody3D@59221","collider_rid":"RID(363964118599043)","collider_shape":0,"normal":[0.0,1.0,0.0],"point":[43.9820251464844,0.919999957084656,2.04013180732727],"slide":1,"swept_depth":0.000169813632965088}],"slide_contacts_are_capped_prefix":true,"slide_count":2,"slide_motion":[0.00054168701171875,-0.0000123977661132812,0.0833315849304199],"slide_point_counts":[1,1],"snap":0.400000005960464,"stall_frames":0,"swept_depth":0.00107294321060181,"timing":{"between_callbacks":"controller and other nodes; excluded; not controller-only","between_callbacks_us":5847,"callback_cap_us":10000,"input_flush_us":102,"live_post_us":74,"live_pre_us":77,"movement_progress_us":6,"post_contract_us":18,"post_us":154,"pre_us":375,"provisional_steering_us":82,"serialization_and_print":"deferred; excluded; snapshot included","slide_validation_us":7,"snapshot_us":48,"stage":"post"},"total_queries":13200,"wall_frames":0}
OPENING_PRODUCTION_LOG_COST {"cost_line_print_measured":false,"observation_print_us":67,"outside_physics_cap":true,"requests":4410,"serialization_us":99}
GATE A NPC/GATHER +87.06s — Bram cycle 3 exited and movement resumed
GATE A NPC/GATHER +88.52s — five NPC/modal exits and three equipped-tool gathers returned world control
EARNED WALK START phase=materials purpose=material route target=(30.7, 0.480501, -15.9) tolerance=1.65 budget=1961 frame=8567 player=(44.00002, 0.943417, 9.518283)
EARNED WALK END phase=materials purpose=material route target=(30.7, 0.480501, -15.9) tolerance=1.65 budget=1961 start_frame=8567 end_frame=8952 start_player=(44.00002, 0.943417, 9.518283) player=(31.32019, 0.430437, -14.43505) arrived=true distance=1.59081947803497
EARNED WALK START phase=materials purpose=material route target=(38.72, -2.655684, -19.85) tolerance=2.5 budget=816 frame=8967 player=(31.17973, 0.446105, -14.77337)
EARNED WALK END phase=materials purpose=material route target=(38.72, -2.655684, -19.85) tolerance=2.5 budget=816 start_frame=8967 end_frame=9053 start_player=(31.17973, 0.446105, -14.77337) player=(36.67456, -1.624982, -18.469) arrived=true distance=2.46799397468567
EARNED WALK START phase=materials purpose=material route target=(16.0, 0.894065, -28.0) tolerance=1.65 budget=1628 frame=9076 player=(37.01685, -1.78879, -18.69882)
EARNED WALK END phase=materials purpose=material route target=(16.0, 0.894065, -28.0) tolerance=1.65 budget=1628 start_frame=9076 end_frame=9533 start_player=(37.01685, -1.78879, -18.69882) player=(17.64602, 0.882405, -28.08496) arrived=true distance=1.64821398258209
EARNED WALK START phase=materials purpose=material route target=(26.0, 0.98215, -44.0) tolerance=1.65 budget=1332 frame=9573 player=(17.19396, 0.88585, -28.06175)
EARNED WALK END phase=materials purpose=material route target=(26.0, 0.98215, -44.0) tolerance=1.65 budget=1332 start_frame=9573 end_frame=9947 start_player=(17.19396, 0.88585, -28.06175) player=(25.57138, 0.89388, -42.44124) arrived=true distance=1.61661493778229
EARNED WALK START phase=materials purpose=material route target=(40.5, -3.619068, -28.0) tolerance=1.65 budget=1530 frame=9979 player=(25.71255, 0.9239, -42.94759)
EARNED WALK END phase=materials purpose=material route target=(40.5, -3.619068, -28.0) tolerance=1.65 budget=1530 start_frame=9979 end_frame=10228 start_player=(25.71255, 0.9239, -42.94759) player=(39.38643, -3.184939, -29.13087) arrived=true distance=1.58710730075836
EARNED WALK START phase=materials purpose=material route target=(-8.0, 0.9, 8.0) tolerance=1.65 budget=3865 frame=10260 player=(39.78723, -3.340557, -28.72558)
EARNED WALK END phase=materials purpose=material route target=(-8.0, 0.9, 8.0) tolerance=1.65 budget=3865 start_frame=10260 end_frame=10982 start_player=(39.78723, -3.340557, -28.72558) player=(-6.693407, 0.900817, 6.996794) arrived=true distance=1.64730334281921
EARNED WALK START phase=materials purpose=material route target=(7.0, 0.9, -24.0) tolerance=1.65 budget=2292 frame=11015 player=(-6.987761, 0.900942, 7.2228)
EARNED WALK END phase=materials purpose=material route target=(7.0, 0.9, -24.0) tolerance=1.65 budget=2292 start_frame=11015 end_frame=11417 start_player=(-6.987761, 0.900942, 7.2228) player=(6.331064, 0.900779, -22.50684) arrived=true distance=1.63615846633911
EARNED WALK START phase=materials purpose=material route target=(-14.0, 1.025495, -8.0) tolerance=1.65 budget=1766 frame=11449 player=(6.550931, 0.900942, -22.99761)
EARNED WALK END phase=materials purpose=material route target=(-14.0, 1.025495, -8.0) tolerance=1.65 budget=1766 start_frame=11449 end_frame=11746 start_player=(6.550931, 0.900942, -22.99761) player=(-12.69408, 0.963125, -8.952559) arrived=true distance=1.61641526222229
EARNED WALK START phase=materials purpose=material route target=(22.0, 0.764756, -34.0) tolerance=1.65 budget=2829 frame=11777 player=(-12.98569, 0.978091, -8.739334)
EARNED WALK END phase=materials purpose=material route target=(22.0, 0.764756, -34.0) tolerance=1.65 budget=2829 start_frame=11777 end_frame=12463 start_player=(-12.98569, 0.978091, -8.739334) player=(21.57431, 0.750802, -32.45106) arrived=true distance=1.60637426376343
EARNED WALK START phase=materials purpose=material route target=(12.0, 0.9, -22.0) tolerance=1.65 budget=1110 frame=12504 player=(21.67286, 0.754281, -32.80698)
EARNED WALK END phase=materials purpose=material route target=(12.0, 0.9, -22.0) tolerance=1.65 budget=1110 start_frame=12504 end_frame=12668 start_player=(21.67286, 0.754281, -32.80698) player=(13.10319, 0.90083, -23.18807) arrived=true distance=1.62127459049225
EARNED WALK START phase=materials purpose=material route target=(34.0, -0.425958, -46.0) tolerance=1.65 budget=2120 frame=12709 player=(12.85067, 0.900942, -22.91612)
EARNED WALK END phase=materials purpose=material route target=(34.0, -0.425958, -46.0) tolerance=1.65 budget=2120 start_frame=12709 end_frame=13077 start_player=(12.85067, 0.900942, -22.91612) player=(32.92574, -0.269224, -44.811) arrived=true distance=1.60242140293121
EARNED WALK START phase=materials purpose=material route target=(59.01032, -0.417062, -53.53291) tolerance=1.65 budget=1860 frame=13113 player=(33.30397, -0.318786, -45.2247)
EARNED WALK END phase=materials purpose=material route target=(59.01032, -0.417062, -53.53291) tolerance=1.65 budget=1860 start_frame=13113 end_frame=14466 start_player=(33.30397, -0.318786, -45.2247) player=(60.221, -0.528233, -52.51773) arrived=true distance=1.57997810840607
EARNED WALK START phase=materials purpose=material route target=(60.07959, -0.40381, -54.45318) tolerance=1.5 budget=300 frame=14509 player=(59.93793, -0.488704, -52.75463)
EARNED WALK END phase=materials purpose=material route target=(60.07959, -0.40381, -54.45318) tolerance=1.5 budget=300 start_frame=14509 end_frame=14522 start_player=(59.93793, -0.488704, -52.75463) player=(59.95802, -0.465087, -52.99719) arrived=true distance=1.46105992794037
F18_EARNED_LOOP {"failures":[],"fixtures":false,"input":"parsed harness actions/joypad axes through production UI","receipts":[{"home_keys":1,"phase":"opening","transcript":["title interactive","answered the character-choice step","confirmed the configured trainer-name prefill","new game world entered","wake/Get Up complete","Grandpa briefing and pack complete","starter picker order [\"terrapup\", \"ripplet\", \"galewisp\"]; 0 ui_right press(es) to 'terrapup'","starter selected and named (terrapup, uid creature-f69801095f1c8c9f5aa313dde2359432)","Grandpa's first-catch supplies received (50 Basic Orbs)","Home Key lesson read through physical confirm (2 lines), personal acknowledgement applied","usable house/front doorway exited","engaged exact live target Wild_bramblebun_0_2 (bramblebun)","tutorial Bramblebun combat entered","Bramblebun naturally weakened to 28/105 HP","live catch begins with 50 earned orbs; no HP or inventory fixture","catch complete; exploration resumed with two-creature party"]},{"earned_basic_orbs":50,"home_keys":1,"hotbar":["home_key","","","",""],"owner":"character-f2cecfa2d1ab41282a3d73e75f31d864","phase":"earned_key_starting_bindings"},{"home_keys":1,"hotbar_before_drop":["home_key","","","",""],"hotbar_unchanged":true,"input":["inventory","backpack_drop","ui_accept"],"inventory_unchanged":true,"phase":"protected_drop","reason":"Keys stay with their owner."},{"catch_input":"combat_throw","catch_orb_source":"earned_inventory","home_keys":1,"hotbar_after_binding":["","","","","home_key"],"hotbar_before_binding":["home_key","","","",""],"input":"backpack_assign","inventory_unchanged":true,"owner":"character-f2cecfa2d1ab41282a3d73e75f31d864","phase":"key_binding","production_catch_orb":"orb_basic","slot":4,"starting_hotbar":["home_key","","","",""]},{"actual_safety":{},"binding":4,"channel_created":false,"dialogue":"","epoch":"61ae4fe2d0131a407181ae71292298f9","expected_reason":"Not during a fight.","home_keys":1,"input":"hotbar_5","lesson_layer":-1,"lesson_line":-1,"owner":"character-f2cecfa2d1ab41282a3d73e75f31d864","passed":true,"phase":"combat_key_refusal","portal_actions":[],"readable":true,"realm":"meadows","reason":"Not during a fight.","refusal_layer":21,"source":"/root/MeadowsPlayground/CombatManager","traversal_after":{},"traversal_before":{},"unchanged":true,"visibility_evidence":"structural visibility/layer observation; no rendered acceptance claim"},{"actual_position":"(14.23943, 1.258634, -38.12682)","phase":"village_start"},{"actual_position":"(22.69986, 0.662904, -30.48838)","arrived":true,"confined_resets":0,"grounded":true,"headings":[],"original_frame_budget":3600,"phase":"ordinary_walk","target":"(24.0, 1.0, -32.0)","unstick_count_after":0,"unstick_count_before":0},{"actual_position":"(-5.975502, 0.900843, 21.54727)","arrived":true,"confined_resets":0,"grounded":true,"headings":[],"original_frame_budget":10021,"phase":"ordinary_walk","target":"(-6.0, -0.423613, 22.0)","unstick_count_after":0,"unstick_count_before":0},{"before":{"stone":8,"wood":31},"phase":"paid_workbench","position":"(-6.0, 0.9, 18.0)"},{"actual_position":"(345.2092, 2.140941, 927.7108)","arrived":true,"confined_resets":0,"grounded":true,"headings":["(13.79, 0.0, 14.0)","(14.0, 0.0, 20.0)","(13.79, 0.85, 22.4)","(8.0, 0.0, 90.0)","(-40.0, 0.0, 180.0)","(-120.0, 0.0, 270.0)","(-230.0, 0.0, 330.0)","(-360.0, 0.0, 400.0)","(-430.0, 0.0, 508.0)","(-458.0, 0.0, 518.0)","(-466.0, 0.0, 540.0)","(-469.0, 0.0, 572.0)","(-443.0, 0.0, 600.0)","(-400.0, 0.0, 605.0)","(-345.0, 0.0, 610.0)","(-322.0, 0.0, 594.0)","(-190.0, 0.0, 650.0)","(-50.0, 0.0, 700.0)","(90.0, 0.0, 760.0)","(230.0, 0.0, 830.0)","(360.0, 0.0, 910.0)"],"original_frame_budget":97293,"phase":"ordinary_walk","target":"(344.3, 1.983212, 929.6)","unstick_count_after":0,"unstick_count_before":0},{"phase":"deep_touch","position":"(345.2088, 2.140985, 927.7106)","waystone":"meadows_trail_camp"},{"after":{"actor":{"contact_generation":37624,"contact_position":[96.1999969482422,0.910941302776337,14.0],"instance_id":475600521656,"on_floor":true,"physics_processing":true,"position":[96.1999969482422,0.910941302776337,14.0],"present":true,"unstick_count":0},"arrival":{"contact_generation":null,"fields":[],"journal_started":null,"pending":false,"present":true,"save_wait_notified":null,"seated":null},"character_id":"character-f2cecfa2d1ab41282a3d73e75f31d864","home_keys":1,"input_owner":"","key":{"elapsed_seconds":2.176,"fading":false,"pending":"","phase":"idle","use_id":""},"pending_realm_entry":"","physics_frame":38176,"portal_requests":[],"process_frame":17705,"realm":"meadows","realm_scene_ready":true,"scene":"res://scenes/world/meadows_playground.tscn","scene_instance":475499858328},"before":{"actor":{"contact_generation":37464,"contact_position":[345.208831787109,2.14098525047302,927.710632324219],"instance_id":475600521656,"on_floor":true,"physics_processing":true,"position":[345.208831787109,2.14098525047302,927.710632324219],"present":true,"unstick_count":0},"arrival":{"contact_generation":null,"fields":[],"journal_started":null,"pending":false,"present":true,"save_wait_notified":null,"seated":null},"character_id":"character-f2cecfa2d1ab41282a3d73e75f31d864","home_keys":1,"input_owner":"","key":{"elapsed_seconds":0.0,"fading":false,"pending":"","phase":"idle","use_id":""},"pending_realm_entry":"","physics_frame":38008,"portal_requests":[],"process_frame":17674,"realm":"meadows","realm_scene_ready":true,"scene":"res://scenes/world/meadows_playground.tscn","scene_instance":475499858328},"driver_result":{"arrival_applied":true,"arrived":true,"character_id":"character-f2cecfa2d1ab41282a3d73e75f31d864","durable":true,"kind":"home_key_finish","ok":true,"permit_id":"travel:fb6aca246fb06f6df10d5adef2910632:character-f2cecfa2d1ab41282a3d73e75f31d864:2","reason":"","request_id":"61ae4fe2d0131a407181ae71292298f9:3","saved":true,"session_epoch":"61ae4fe2d0131a407181ae71292298f9","world_instance_id":"fb6aca246fb06f6df10d5adef2910632"},"observer":"read-only before/after; no additional await or input","original_process_frame_budget":7200,"passed":true,"phase":"actual_home_key_completion"},{"actual_safety":{"combat":false,"cutscene":true,"dialogue":false},"binding":4,"channel_created":false,"dialogue":"","epoch":"61ae4fe2d0131a407181ae71292298f9","expected_reason":"Wait until the scene finishes.","home_keys":1,"input":"hotbar_5","lesson_layer":30,"lesson_line":0,"owner":"character-f2cecfa2d1ab41282a3d73e75f31d864","passed":true,"phase":"cutscene_key_refusal","portal_actions":[],"readable":true,"realm":"meadows","reason":"Wait until the scene finishes.","refusal_layer":31,"source":"/root/Game/OnboardingLessons/@CanvasLayer@67457","traversal_after":{},"traversal_before":{},"unchanged":true,"visibility_evidence":"structural visibility/layer observation; no rendered acceptance claim"},{"confirmed_lines":2,"conversation":"lesson_home_key","epoch":"61ae4fe2d0131a407181ae71292298f9","flags_unchanged":true,"input":["inventory","menu_tab_right","ui_accept","hotbar_5","menu_confirm"],"lesson":"home_key","owner":"character-f2cecfa2d1ab41282a3d73e75f31d864","passed":true,"phase":"settings_home_key_replay","released":true,"transaction_receipts_unchanged":true,"unchanged":true},{"actual_safety":{},"binding":4,"channel_created":false,"dialogue":"village_mira_shop_intro","epoch":"61ae4fe2d0131a407181ae71292298f9","expected_reason":"Finish the conversation first.","home_keys":1,"input":"hotbar_5","lesson_layer":-1,"lesson_line":-1,"owner":"character-f2cecfa2d1ab41282a3d73e75f31d864","passed":true,"phase":"dialogue_key_refusal","portal_actions":[],"readable":true,"realm":"meadows","reason":"Finish the conversation first.","refusal_layer":21,"source":"/root/MeadowsPlayground/DialoguePanel","traversal_after":{},"traversal_before":{},"unchanged":true,"visibility_evidence":"structural visibility/layer observation; no rendered acceptance claim"},{"character":"character-f2cecfa2d1ab41282a3d73e75f31d864","elapsed_physics_frames":0,"elapsed_process_frames":0,"final":{"holder_open":true,"holder_owns_input":false,"holder_path":"/root/ShopPanel","holder_script":"res://scripts/ui/shop_panel.gd","interact_just_pressed":false,"interact_pressed":false,"panel_open":true,"panel_path":"/root/ShopPanel","physics_frame":3923,"process_frame":2549,"vendor":"mira"},"initial":{"holder_open":true,"holder_owns_input":false,"holder_path":"/root/ShopPanel","holder_script":"res://scripts/ui/shop_panel.gd","interact_just_pressed":false,"interact_pressed":false,"panel_open":true,"panel_path":"/root/ShopPanel","physics_frame":3923,"process_frame":2549,"vendor":"mira"},"original_process_budget":90,"passed":true,"phase":"earned_shop_input_handoff"},{"attempted_sale":false,"home_key_in_traded_ids":false,"home_key_name":"Home Key","home_keys":1,"inventory_unchanged":true,"passed":true,"phase":"shop_key_offer_absent","reachable_sell_offers":["Fiber x25","Berries x5","Orb x49","Small Potion x3","Revive x10"],"vendor":"mira","vendor_buys_home_key":false,"visible_sell_labels":["Fiber x25","+1","Berries x5","+2","Orb x49","+7","Small Potion x3","+9","Revive x10","+26"]},{"assignment_presses":[{"action":"backpack_assign","after":{"action_just_pressed":false,"action_pressed":false,"gui_focus":"/root/Game/GameMenu/Root/Frame/Panel/Body/Content/@VBoxContainer@4/@HBoxContainer@69560/@PanelContainer@69596/@VBoxContainer@69595/@GridContainer@69594/@Button@69697","gui_inventory_slot":13,"gui_stack":{"id":"hammer","n":1},"hotbar":["hammer","","","","home_key"],"menu_open":true,"physics_frame":4318,"process_frame":2808,"selected_slot":13,"selected_stack":{"id":"hammer","n":1},"status":"Hammer on slot 1.","tab":"backpack"},"before":{"action_just_pressed":false,"action_pressed":false,"gui_focus":"/root/Game/GameMenu/Root/Frame/Panel/Body/Content/@VBoxContainer@4/@HBoxContainer@69560/@PanelContainer@69596/@VBoxContainer@69595/@GridContainer@69594/@Button@69697","gui_inventory_slot":13,"gui_stack":{"id":"hammer","n":1},"hotbar":["","","","","home_key"],"menu_open":true,"physics_frame":4310,"process_frame":2790,"selected_slot":13,"selected_stack":{"id":"hammer","n":1},"status":"","tab":"backpack"},"edges":[{"event":"Joypad Button 7 (Left Stick, Sony L3, Xbox L/LS)","observed":{"action_just_pressed":false,"action_pressed":true,"gui_focus":"/root/Game/GameMenu/Root/Frame/Panel/Body/Content/@VBoxContainer@4/@HBoxContainer@69560/@PanelContainer@69596/@VBoxContainer@69595/@GridContainer@69594/@Button@69697","gui_inventory_slot":13,"gui_stack":{"id":"hammer","n":1},"hotbar":["hammer","","","","home_key"],"menu_open":true,"physics_frame":4313,"process_frame":2797,"selected_slot":13,"selected_stack":{"id":"hammer","n":1},"status":"Hammer on slot 1.","tab":"backpack"},"physics_start":4310,"pressed":true},{"event":"Joypad Button 7 (Left Stick, Sony L3, Xbox L/LS)","observed":{"action_just_pressed":false,"action_pressed":false,"gui_focus":"/root/Game/GameMenu/Root/Frame/Panel/Body/Content/@VBoxContainer@4/@HBoxContainer@69560/@PanelContainer@69596/@VBoxContainer@69595/@GridContainer@69594/@Button@69697","gui_inventory_slot":13,"gui_stack":{"id":"hammer","n":1},"hotbar":["hammer","","","","home_key"],"menu_open":true,"physics_frame":4318,"process_frame":2808,"selected_slot":13,"selected_stack":{"id":"hammer","n":1},"status":"Hammer on slot 1.","tab":"backpack"},"physics_start":4313,"pressed":false}]},{"action":"backpack_assign","after":{"action_just_pressed":false,"action_pressed":false,"gui_focus":"/root/Game/GameMenu/Root/Frame/Panel/Body/Content/@VBoxContainer@4/@HBoxContainer@69560/@PanelContainer@69596/@VBoxContainer@69595/@GridContainer@69594/@Button@69697","gui_inventory_slot":13,"gui_stack":{"id":"hammer","n":1},"hotbar":["","hammer","","","home_key"],"menu_open":true,"physics_frame":4326,"process_frame":2828,"selected_slot":13,"selected_stack":{"id":"hammer","n":1},"status":"Hammer on slot 2.","tab":"backpack"},"before":{"action_just_pressed":false,"action_pressed":false,"gui_focus":"/root/Game/GameMenu/Root/Frame/Panel/Body/Content/@VBoxContainer@4/@HBoxContainer@69560/@PanelContainer@69596/@VBoxContainer@69595/@GridContainer@69594/@Button@69697","gui_inventory_slot":13,"gui_stack":{"id":"hammer","n":1},"hotbar":["hammer","","","","home_key"],"menu_open":true,"physics_frame":4318,"process_frame":2808,"selected_slot":13,"selected_stack":{"id":"hammer","n":1},"status":"Hammer on slot 1.","tab":"backpack"},"edges":[{"event":"Joypad Button 7 (Left Stick, Sony L3, Xbox L/LS)","observed":{"action_just_pressed":false,"action_pressed":true,"gui_focus":"/root/Game/GameMenu/Root/Frame/Panel/Body/Content/@VBoxContainer@4/@HBoxContainer@69560/@PanelContainer@69596/@VBoxContainer@69595/@GridContainer@69594/@Button@69697","gui_inventory_slot":13,"gui_stack":{"id":"hammer","n":1},"hotbar":["","hammer","","","home_key"],"menu_open":true,"physics_frame":4321,"process_frame":2816,"selected_slot":13,"selected_stack":{"id":"hammer","n":1},"status":"Hammer on slot 2.","tab":"backpack"},"physics_start":4318,"pressed":true},{"event":"Joypad Button 7 (Left Stick, Sony L3, Xbox L/LS)","observed":{"action_just_pressed":false,"action_pressed":false,"gui_focus":"/root/Game/GameMenu/Root/Frame/Panel/Body/Content/@VBoxContainer@4/@HBoxContainer@69560/@PanelContainer@69596/@VBoxContainer@69595/@GridContainer@69594/@Button@69697","gui_inventory_slot":13,"gui_stack":{"id":"hammer","n":1},"hotbar":["","hammer","","","home_key"],"menu_open":true,"physics_frame":4326,"process_frame":2828,"selected_slot":13,"selected_stack":{"id":"hammer","n":1},"status":"Hammer on slot 2.","tab":"backpack"},"physics_start":4321,"pressed":false}]},{"action":"backpack_assign","after":{"action_just_pressed":false,"action_pressed":false,"gui_focus":"/root/Game/GameMenu/Root/Frame/Panel/Body/Content/@VBoxContainer@4/@HBoxContainer@69560/@PanelContainer@69596/@VBoxContainer@69595/@GridContainer@69594/@Button@69697","gui_inventory_slot":13,"gui_stack":{"id":"hammer","n":1},"hotbar":["","","hammer","","home_key"],"menu_open":true,"physics_frame":4334,"process_frame":2846,"selected_slot":13,"selected_stack":{"id":"hammer","n":1},"status":"Hammer on slot 3.","tab":"backpack"},"before":{"action_just_pressed":false,"action_pressed":false,"gui_focus":"/root/Game/GameMenu/Root/Frame/Panel/Body/Content/@VBoxContainer@4/@HBoxContainer@69560/@PanelContainer@69596/@VBoxContainer@69595/@GridContainer@69594/@Button@69697","gui_inventory_slot":13,"gui_stack":{"id":"hammer","n":1},"hotbar":["","hammer","","","home_key"],"menu_open":true,"physics_frame":4326,"process_frame":2828,"selected_slot":13,"selected_stack":{"id":"hammer","n":1},"status":"Hammer on slot 2.","tab":"backpack"},"edges":[{"event":"Joypad Button 7 (Left Stick, Sony L3, Xbox L/LS)","observed":{"action_just_pressed":false,"action_pressed":true,"gui_focus":"/root/Game/GameMenu/Root/Frame/Panel/Body/Content/@VBoxContainer@4/@HBoxContainer@69560/@PanelContainer@69596/@VBoxContainer@69595/@GridContainer@69594/@Button@69697","gui_inventory_slot":13,"gui_stack":{"id":"hammer","n":1},"hotbar":["","","hammer","","home_key"],"menu_open":true,"physics_frame":4329,"process_frame":2835,"selected_slot":13,"selected_stack":{"id":"hammer","n":1},"status":"Hammer on slot 3.","tab":"backpack"},"physics_start":4326,"pressed":true},{"event":"Joypad Button 7 (Left Stick, Sony L3, Xbox L/LS)","observed":{"action_just_pressed":false,"action_pressed":false,"gui_focus":"/root/Game/GameMenu/Root/Frame/Panel/Body/Content/@VBoxContainer@4/@HBoxContainer@69560/@PanelContainer@69596/@VBoxContainer@69595/@GridContainer@69594/@Button@69697","gui_inventory_slot":13,"gui_stack":{"id":"hammer","n":1},"hotbar":["","","hammer","","home_key"],"menu_open":true,"physics_frame":4334,"process_frame":2846,"selected_slot":13,"selected_stack":{"id":"hammer","n":1},"status":"Hammer on slot 3.","tab":"backpack"},"physics_start":4329,"pressed":false}]},{"action":"backpack_assign","after":{"action_just_pressed":false,"action_pressed":false,"gui_focus":"/root/Game/GameMenu/Root/Frame/Panel/Body/Content/@VBoxContainer@4/@HBoxContainer@69560/@PanelContainer@69596/@VBoxContainer@69595/@GridContainer@69594/@Button@69697","gui_inventory_slot":13,"gui_stack":{"id":"hammer","n":1},"hotbar":["","","","hammer","home_key"],"menu_open":true,"physics_frame":4342,"process_frame":2866,"selected_slot":13,"selected_stack":{"id":"hammer","n":1},"status":"Hammer on slot 4.","tab":"backpack"},"before":{"action_just_pressed":false,"action_pressed":false,"gui_focus":"/root/Game/GameMenu/Root/Frame/Panel/Body/Content/@VBoxContainer@4/@HBoxContainer@69560/@PanelContainer@69596/@VBoxContainer@69595/@GridContainer@69594/@Button@69697","gui_inventory_slot":13,"gui_stack":{"id":"hammer","n":1},"hotbar":["","","hammer","","home_key"],"menu_open":true,"physics_frame":4334,"process_frame":2846,"selected_slot":13,"selected_stack":{"id":"hammer","n":1},"status":"Hammer on slot 3.","tab":"backpack"},"edges":[{"event":"Joypad Button 7 (Left Stick, Sony L3, Xbox L/LS)","observed":{"action_just_pressed":false,"action_pressed":true,"gui_focus":"/root/Game/GameMenu/Root/Frame/Panel/Body/Content/@VBoxContainer@4/@HBoxContainer@69560/@PanelContainer@69596/@VBoxContainer@69595/@GridContainer@69594/@Button@69697","gui_inventory_slot":13,"gui_stack":{"id":"hammer","n":1},"hotbar":["","","","hammer","home_key"],"menu_open":true,"physics_frame":4337,"process_frame":2854,"selected_slot":13,"selected_stack":{"id":"hammer","n":1},"status":"Hammer on slot 4.","tab":"backpack"},"physics_start":4334,"pressed":true},{"event":"Joypad Button 7 (Left Stick, Sony L3, Xbox L/LS)","observed":{"action_just_pressed":false,"action_pressed":false,"gui_focus":"/root/Game/GameMenu/Root/Frame/Panel/Body/Content/@VBoxContainer@4/@HBoxContainer@69560/@PanelContainer@69596/@VBoxContainer@69595/@GridContainer@69594/@Button@69697","gui_inventory_slot":13,"gui_stack":{"id":"hammer","n":1},"hotbar":["","","","hammer","home_key"],"menu_open":true,"physics_frame":4342,"process_frame":2866,"selected_slot":13,"selected_stack":{"id":"hammer","n":1},"status":"Hammer on slot 4.","tab":"backpack"},"physics_start":4337,"pressed":false}]},{"action":"backpack_assign","after":{"action_just_pressed":false,"action_pressed":false,"gui_focus":"/root/Game/GameMenu/Root/Frame/Panel/Body/Content/@VBoxContainer@4/@HBoxContainer@69560/@PanelContainer@69596/@VBoxContainer@69595/@GridContainer@69594/@Button@69685","gui_inventory_slot":11,"gui_stack":{"id":"knife","n":1},"hotbar":["knife","","","hammer","home_key"],"menu_open":true,"physics_frame":4390,"process_frame":2978,"selected_slot":11,"selected_stack":{"id":"knife","n":1},"status":"Knife on slot 1.","tab":"backpack"},"before":{"action_just_pressed":false,"action_pressed":false,"gui_focus":"/root/Game/GameMenu/Root/Frame/Panel/Body/Content/@VBoxContainer@4/@HBoxContainer@69560/@PanelContainer@69596/@VBoxContainer@69595/@GridContainer@69594/@Button@69685","gui_inventory_slot":11,"gui_stack":{"id":"knife","n":1},"hotbar":["","","","hammer","home_key"],"menu_open":true,"physics_frame":4382,"process_frame":2959,"selected_slot":11,"selected_stack":{"id":"knife","n":1},"status":"Hammer on slot 4.","tab":"backpack"},"edges":[{"event":"Joypad Button 7 (Left Stick, Sony L3, Xbox L/LS)","observed":{"action_just_pressed":false,"action_pressed":true,"gui_focus":"/root/Game/GameMenu/Root/Frame/Panel/Body/Content/@VBoxContainer@4/@HBoxContainer@69560/@PanelContainer@69596/@VBoxContainer@69595/@GridContainer@69594/@Button@69685","gui_inventory_slot":11,"gui_stack":{"id":"knife","n":1},"hotbar":["knife","","","hammer","home_key"],"menu_open":true,"physics_frame":4385,"process_frame":2966,"selected_slot":11,"selected_stack":{"id":"knife","n":1},"status":"Knife on slot 1.","tab":"backpack"},"physics_start":4382,"pressed":true},{"event":"Joypad Button 7 (Left Stick, Sony L3, Xbox L/LS)","observed":{"action_just_pressed":false,"action_pressed":false,"gui_focus":"/root/Game/GameMenu/Root/Frame/Panel/Body/Content/@VBoxContainer@4/@HBoxContainer@69560/@PanelContainer@69596/@VBoxContainer@69595/@GridContainer@69594/@Button@69685","gui_inventory_slot":11,"gui_stack":{"id":"knife","n":1},"hotbar":["knife","","","hammer","home_key"],"menu_open":true,"physics_frame":4390,"process_frame":2978,"selected_slot":11,"selected_stack":{"id":"knife","n":1},"status":"Knife on slot 1.","tab":"backpack"},"physics_start":4385,"pressed":false}]},{"action":"backpack_assign","after":{"action_just_pressed":false,"action_pressed":false,"gui_focus":"/root/Game/GameMenu/Root/Frame/Panel/Body/Content/@VBoxContainer@4/@HBoxContainer@69560/@PanelContainer@69596/@VBoxContainer@69595/@GridContainer@69594/@Button@69685","gui_inventory_slot":11,"gui_stack":{"id":"knife","n":1},"hotbar":["","knife","","hammer","home_key"],"menu_open":true,"physics_frame":4398,"process_frame":2997,"selected_slot":11,"selected_stack":{"id":"knife","n":1},"status":"Knife on slot 2.","tab":"backpack"},"before":{"action_just_pressed":false,"action_pressed":false,"gui_focus":"/root/Game/GameMenu/Root/Frame/Panel/Body/Content/@VBoxContainer@4/@HBoxContainer@69560/@PanelContainer@69596/@VBoxContainer@69595/@GridContainer@69594/@Button@69685","gui_inventory_slot":11,"gui_stack":{"id":"knife","n":1},"hotbar":["knife","","","hammer","home_key"],"menu_open":true,"physics_frame":4390,"process_frame":2978,"selected_slot":11,"selected_stack":{"id":"knife","n":1},"status":"Knife on slot 1.","tab":"backpack"},"edges":[{"event":"Joypad Button 7 (Left Stick, Sony L3, Xbox L/LS)","observed":{"action_just_pressed":false,"action_pressed":true,"gui_focus":"/root/Game/GameMenu/Root/Frame/Panel/Body/Content/@VBoxContainer@4/@HBoxContainer@69560/@PanelContainer@69596/@VBoxContainer@69595/@GridContainer@69594/@Button@69685","gui_inventory_slot":11,"gui_stack":{"id":"knife","n":1},"hotbar":["","knife","","hammer","home_key"],"menu_open":true,"physics_frame":4393,"process_frame":2985,"selected_slot":11,"selected_stack":{"id":"knife","n":1},"status":"Knife on slot 2.","tab":"backpack"},"physics_start":4390,"pressed":true},{"event":"Joypad Button 7 (Left Stick, Sony L3, Xbox L/LS)","observed":{"action_just_pressed":false,"action_pressed":false,"gui_focus":"/root/Game/GameMenu/Root/Frame/Panel/Body/Content/@VBoxContainer@4/@HBoxContainer@69560/@PanelContainer@69596/@VBoxContainer@69595/@GridContainer@69594/@Button@69685","gui_inventory_slot":11,"gui_stack":{"id":"knife","n":1},"hotbar":["","knife","","hammer","home_key"],"menu_open":true,"physics_frame":4398,"process_frame":2997,"selected_slot":11,"selected_stack":{"id":"knife","n":1},"status":"Knife on slot 2.","tab":"backpack"},"physics_start":4393,"pressed":false}]},{"action":"backpack_assign","after":{"action_just_pressed":false,"action_pressed":false,"gui_focus":"/root/Game/GameMenu/Root/Frame/Panel/Body/Content/@VBoxContainer@4/@HBoxContainer@69560/@PanelContainer@69596/@VBoxContainer@69595/@GridContainer@69594/@Button@69685","gui_inventory_slot":11,"gui_stack":{"id":"knife","n":1},"hotbar":["","","knife","hammer","home_key"],"menu_open":true,"physics_frame":4406,"process_frame":3017,"selected_slot":11,"selected_stack":{"id":"knife","n":1},"status":"Knife on slot 3.","tab":"backpack"},"before":{"action_just_pressed":false,"action_pressed":false,"gui_focus":"/root/Game/GameMenu/Root/Frame/Panel/Body/Content/@VBoxContainer@4/@HBoxContainer@69560/@PanelContainer@69596/@VBoxContainer@69595/@GridContainer@69594/@Button@69685","gui_inventory_slot":11,"gui_stack":{"id":"knife","n":1},"hotbar":["","knife","","hammer","home_key"],"menu_open":true,"physics_frame":4398,"process_frame":2997,"selected_slot":11,"selected_stack":{"id":"knife","n":1},"status":"Knife on slot 2.","tab":"backpack"},"edges":[{"event":"Joypad Button 7 (Left Stick, Sony L3, Xbox L/LS)","observed":{"action_just_pressed":false,"action_pressed":true,"gui_focus":"/root/Game/GameMenu/Root/Frame/Panel/Body/Content/@VBoxContainer@4/@HBoxContainer@69560/@PanelContainer@69596/@VBoxContainer@69595/@GridContainer@69594/@Button@69685","gui_inventory_slot":11,"gui_stack":{"id":"knife","n":1},"hotbar":["","","knife","hammer","home_key"],"menu_open":true,"physics_frame":4401,"process_frame":3005,"selected_slot":11,"selected_stack":{"id":"knife","n":1},"status":"Knife on slot 3.","tab":"backpack"},"physics_start":4398,"pressed":true},{"event":"Joypad Button 7 (Left Stick, Sony L3, Xbox L/LS)","observed":{"action_just_pressed":false,"action_pressed":false,"gui_focus":"/root/Game/GameMenu/Root/Frame/Panel/Body/Content/@VBoxContainer@4/@HBoxContainer@69560/@PanelContainer@69596/@VBoxContainer@69595/@GridContainer@69594/@Button@69685","gui_inventory_slot":11,"gui_stack":{"id":"knife","n":1},"hotbar":["","","knife","hammer","home_key"],"menu_open":true,"physics_frame":4406,"process_frame":3017,"selected_slot":11,"selected_stack":{"id":"knife","n":1},"status":"Knife on slot 3.","tab":"backpack"},"physics_start":4401,"pressed":false}]},{"action":"backpack_assign","after":{"action_just_pressed":false,"action_pressed":false,"gui_focus":"/root/Game/GameMenu/Root/Frame/Panel/Body/Content/@VBoxContainer@4/@HBoxContainer@69560/@PanelContainer@69596/@VBoxContainer@69595/@GridContainer@69594/@Button@69667","gui_inventory_slot":8,"gui_stack":{"id":"pickaxe","n":1},"hotbar":["pickaxe","","knife","hammer","home_key"],"menu_open":true,"physics_frame":4438,"process_frame":3093,"selected_slot":8,"selected_stack":{"id":"pickaxe","n":1},"status":"Pickaxe on slot 1.","tab":"backpack"},"before":{"action_just_pressed":false,"action_pressed":false,"gui_focus":"/root/Game/GameMenu/Root/Frame/Panel/Body/Content/@VBoxContainer@4/@HBoxContainer@69560/@PanelContainer@69596/@VBoxContainer@69595/@GridContainer@69594/@Button@69667","gui_inventory_slot":8,"gui_stack":{"id":"pickaxe","n":1},"hotbar":["","","knife","hammer","home_key"],"menu_open":true,"physics_frame":4430,"process_frame":3074,"selected_slot":8,"selected_stack":{"id":"pickaxe","n":1},"status":"Knife on slot 3.","tab":"backpack"},"edges":[{"event":"Joypad Button 7 (Left Stick, Sony L3, Xbox L/LS)","observed":{"action_just_pressed":false,"action_pressed":true,"gui_focus":"/root/Game/GameMenu/Root/Frame/Panel/Body/Content/@VBoxContainer@4/@HBoxContainer@69560/@PanelContainer@69596/@VBoxContainer@69595/@GridContainer@69594/@Button@69667","gui_inventory_slot":8,"gui_stack":{"id":"pickaxe","n":1},"hotbar":["pickaxe","","knife","hammer","home_key"],"menu_open":true,"physics_frame":4433,"process_frame":3081,"selected_slot":8,"selected_stack":{"id":"pickaxe","n":1},"status":"Pickaxe on slot 1.","tab":"backpack"},"physics_start":4430,"pressed":true},{"event":"Joypad Button 7 (Left Stick, Sony L3, Xbox L/LS)","observed":{"action_just_pressed":false,"action_pressed":false,"gui_focus":"/root/Game/GameMenu/Root/Frame/Panel/Body/Content/@VBoxContainer@4/@HBoxContainer@69560/@PanelContainer@69596/@VBoxContainer@69595/@GridContainer@69594/@Button@69667","gui_inventory_slot":8,"gui_stack":{"id":"pickaxe","n":1},"hotbar":["pickaxe","","knife","hammer","home_key"],"menu_open":true,"physics_frame":4438,"process_frame":3093,"selected_slot":8,"selected_stack":{"id":"pickaxe","n":1},"status":"Pickaxe on slot 1.","tab":"backpack"},"physics_start":4433,"pressed":false}]},{"action":"backpack_assign","after":{"action_just_pressed":false,"action_pressed":false,"gui_focus":"/root/Game/GameMenu/Root/Frame/Panel/Body/Content/@VBoxContainer@4/@HBoxContainer@69560/@PanelContainer@69596/@VBoxContainer@69595/@GridContainer@69594/@Button@69667","gui_inventory_slot":8,"gui_stack":{"id":"pickaxe","n":1},"hotbar":["","pickaxe","knife","hammer","home_key"],"menu_open":true,"physics_frame":4446,"process_frame":3112,"selected_slot":8,"selected_stack":{"id":"pickaxe","n":1},"status":"Pickaxe on slot 2.","tab":"backpack"},"before":{"action_just_pressed":false,"action_pressed":false,"gui_focus":"/root/Game/GameMenu/Root/Frame/Panel/Body/Content/@VBoxContainer@4/@HBoxContainer@69560/@PanelContainer@69596/@VBoxContainer@69595/@GridContainer@69594/@Button@69667","gui_inventory_slot":8,"gui_stack":{"id":"pickaxe","n":1},"hotbar":["pickaxe","","knife","hammer","home_key"],"menu_open":true,"physics_frame":4438,"process_frame":3093,"selected_slot":8,"selected_stack":{"id":"pickaxe","n":1},"status":"Pickaxe on slot 1.","tab":"backpack"},"edges":[{"event":"Joypad Button 7 (Left Stick, Sony L3, Xbox L/LS)","observed":{"action_just_pressed":false,"action_pressed":true,"gui_focus":"/root/Game/GameMenu/Root/Frame/Panel/Body/Content/@VBoxContainer@4/@HBoxContainer@69560/@PanelContainer@69596/@VBoxContainer@69595/@GridContainer@69594/@Button@69667","gui_inventory_slot":8,"gui_stack":{"id":"pickaxe","n":1},"hotbar":["","pickaxe","knife","hammer","home_key"],"menu_open":true,"physics_frame":4441,"process_frame":3100,"selected_slot":8,"selected_stack":{"id":"pickaxe","n":1},"status":"Pickaxe on slot 2.","tab":"backpack"},"physics_start":4438,"pressed":true},{"event":"Joypad Button 7 (Left Stick, Sony L3, Xbox L/LS)","observed":{"action_just_pressed":false,"action_pressed":false,"gui_focus":"/root/Game/GameMenu/Root/Frame/Panel/Body/Content/@VBoxContainer@4/@HBoxContainer@69560/@PanelContainer@69596/@VBoxContainer@69595/@GridContainer@69594/@Button@69667","gui_inventory_slot":8,"gui_stack":{"id":"pickaxe","n":1},"hotbar":["","pickaxe","knife","hammer","home_key"],"menu_open":true,"physics_frame":4446,"process_frame":3112,"selected_slot":8,"selected_stack":{"id":"pickaxe","n":1},"status":"Pickaxe on slot 2.","tab":"backpack"},"physics_start":4441,"pressed":false}]},{"action":"backpack_assign","after":{"action_just_pressed":false,"action_pressed":false,"gui_focus":"/root/Game/GameMenu/Root/Frame/Panel/Body/Content/@VBoxContainer@4/@HBoxContainer@69560/@PanelContainer@69596/@VBoxContainer@69595/@GridContainer@69594/@Button@69661","gui_inventory_slot":7,"gui_stack":{"id":"axe","n":1},"hotbar":["axe","pickaxe","knife","hammer","home_key"],"menu_open":true,"physics_frame":4462,"process_frame":3150,"selected_slot":7,"selected_stack":{"id":"axe","n":1},"status":"Axe on slot 1.","tab":"backpack"},"before":{"action_just_pressed":false,"action_pressed":false,"gui_focus":"/root/Game/GameMenu/Root/Frame/Panel/Body/Content/@VBoxContainer@4/@HBoxContainer@69560/@PanelContainer@69596/@VBoxContainer@69595/@GridContainer@69594/@Button@69661","gui_inventory_slot":7,"gui_stack":{"id":"axe","n":1},"hotbar":["","pickaxe","knife","hammer","home_key"],"menu_open":true,"physics_frame":4454,"process_frame":3131,"selected_slot":7,"selected_stack":{"id":"axe","n":1},"status":"Pickaxe on slot 2.","tab":"backpack"},"edges":[{"event":"Joypad Button 7 (Left Stick, Sony L3, Xbox L/LS)","observed":{"action_just_pressed":false,"action_pressed":true,"gui_focus":"/root/Game/GameMenu/Root/Frame/Panel/Body/Content/@VBoxContainer@4/@HBoxContainer@69560/@PanelContainer@69596/@VBoxContainer@69595/@GridContainer@69594/@Button@69661","gui_inventory_slot":7,"gui_stack":{"id":"axe","n":1},"hotbar":["axe","pickaxe","knife","hammer","home_key"],"menu_open":true,"physics_frame":4457,"process_frame":3138,"selected_slot":7,"selected_stack":{"id":"axe","n":1},"status":"Axe on slot 1.","tab":"backpack"},"physics_start":4454,"pressed":true},{"event":"Joypad Button 7 (Left Stick, Sony L3, Xbox L/LS)","observed":{"action_just_pressed":false,"action_pressed":false,"gui_focus":"/root/Game/GameMenu/Root/Frame/Panel/Body/Content/@VBoxContainer@4/@HBoxContainer@69560/@PanelContainer@69596/@VBoxContainer@69595/@GridContainer@69594/@Button@69661","gui_inventory_slot":7,"gui_stack":{"id":"axe","n":1},"hotbar":["axe","pickaxe","knife","hammer","home_key"],"menu_open":true,"physics_frame":4462,"process_frame":3150,"selected_slot":7,"selected_stack":{"id":"axe","n":1},"status":"Axe on slot 1.","tab":"backpack"},"physics_start":4457,"pressed":false}]}],"final":{"action_just_pressed":false,"action_pressed":false,"gui_focus":"","gui_inventory_slot":-1,"gui_stack":{},"hotbar":["axe","pickaxe","knife","hammer","home_key"],"menu_open":false,"physics_frame":4496,"process_frame":3168,"selected_slot":7,"selected_stack":{"id":"axe","n":1},"status":"","tab":"backpack"},"home_key_slot":4,"initial":{"action_just_pressed":false,"action_pressed":false,"gui_focus":"","gui_inventory_slot":-1,"gui_stack":{},"hotbar":["","","","","home_key"],"menu_open":false,"physics_frame":4278,"process_frame":2745,"selected_slot":0,"selected_stack":{"id":"home_key","n":1},"status":"","tab":"settings"},"input":"actual InputMap joypad edges, each flushed through a process frame; original 3/5 physics minima","inventory_unchanged":true,"original_cycle_bound":6,"passed":true,"phase":"earned_tool_bindings"},{"character":"character-f2cecfa2d1ab41282a3d73e75f31d864","elapsed_physics_frames":0,"elapsed_process_frames":0,"final":{"holder_open":true,"holder_owns_input":false,"holder_path":"/root/ShopPanel","holder_script":"res://scripts/ui/shop_panel.gd","interact_just_pressed":false,"interact_pressed":false,"panel_open":true,"panel_path":"/root/ShopPanel","physics_frame":8252,"process_frame":4864,"vendor":"bram"},"initial":{"holder_open":true,"holder_owns_input":false,"holder_path":"/root/ShopPanel","holder_script":"res://scripts/ui/shop_panel.gd","interact_just_pressed":false,"interact_pressed":false,"panel_open":true,"panel_path":"/root/ShopPanel","physics_frame":8252,"process_frame":4864,"vendor":"bram"},"original_process_budget":90,"passed":true,"phase":"earned_shop_input_handoff"},{"attempted_sale":false,"home_key_in_traded_ids":false,"home_key_name":"Home Key","home_keys":1,"inventory_unchanged":true,"passed":true,"phase":"shop_key_offer_absent","reachable_sell_offers":["Berries x5"],"vendor":"bram","vendor_buys_home_key":false,"visible_sell_labels":["Berries x5","+2"]},{"character":"character-f2cecfa2d1ab41282a3d73e75f31d864","elapsed_physics_frames":0,"elapsed_process_frames":0,"final":{"holder_open":true,"holder_owns_input":false,"holder_path":"/root/ShopPanel","holder_script":"res://scripts/ui/shop_panel.gd","interact_just_pressed":false,"interact_pressed":false,"panel_open":true,"panel_path":"/root/ShopPanel","physics_frame":8349,"process_frame":4924,"vendor":"bram"},"initial":{"holder_open":true,"holder_owns_input":false,"holder_path":"/root/ShopPanel","holder_script":"res://scripts/ui/shop_panel.gd","interact_just_pressed":false,"interact_pressed":false,"panel_open":true,"panel_path":"/root/ShopPanel","physics_frame":8349,"process_frame":4924,"vendor":"bram"},"original_process_budget":90,"passed":true,"phase":"earned_shop_input_handoff"},{"attempted_sale":false,"home_key_in_traded_ids":false,"home_key_name":"Home Key","home_keys":1,"inventory_unchanged":true,"passed":true,"phase":"shop_key_offer_absent","reachable_sell_offers":["Berries x5"],"vendor":"bram","vendor_buys_home_key":false,"visible_sell_labels":["Berries x5","+2"]},{"character":"character-f2cecfa2d1ab41282a3d73e75f31d864","elapsed_physics_frames":0,"elapsed_process_frames":0,"final":{"holder_open":true,"holder_owns_input":false,"holder_path":"/root/ShopPanel","holder_script":"res://scripts/ui/shop_panel.gd","interact_just_pressed":false,"interact_pressed":false,"panel_open":true,"panel_path":"/root/ShopPanel","physics_frame":8443,"process_frame":4983,"vendor":"bram"},"initial":{"holder_open":true,"holder_owns_input":false,"holder_path":"/root/ShopPanel","holder_script":"res://scripts/ui/shop_panel.gd","interact_just_pressed":false,"interact_pressed":false,"panel_open":true,"panel_path":"/root/ShopPanel","physics_frame":8443,"process_frame":4983,"vendor":"bram"},"original_process_budget":90,"passed":true,"phase":"earned_shop_input_handoff"},{"attempted_sale":false,"home_key_in_traded_ids":false,"home_key_name":"Home Key","home_keys":1,"inventory_unchanged":true,"passed":true,"phase":"shop_key_offer_absent","reachable_sell_offers":["Berries x5"],"vendor":"bram","vendor_buys_home_key":false,"visible_sell_labels":["Berries x5","+2"]},{"final":{"action_just_pressed":false,"action_pressed":false,"can_afford":true,"category":"","cells":[],"cost":[{"id":"wood","n":10.0},{"id":"stone","n":4.0}],"earned_stock":{"stone":8,"wood":31},"free_build":false,"gui_focus":"","gui_piece":"","inventory":[{"id":"home_key","n":1},{"id":"orb_basic","n":20},{"id":"orb_basic","n":20},{"id":"orb_basic","n":9},{"id":"potion_small","n":3},{"id":"berries","n":5},{"id":"revive","n":10},{"durability":32,"id":"axe","n":1},{"durability":38,"id":"pickaxe","n":1},{"id":"coin","n":140},{"id":"fiber","n":37},{"durability":37,"id":"knife","n":1},{"id":"torch","n":1},{"id":"hammer","n":1},{"id":"wood","n":31},{"id":"stone","n":8},{},{},{},{},{},{},{},{}],"menu_open":false,"message":"","pending_build":"workbench","physics_frame":16417,"process_frame":8529,"selected_piece":""},"initial":{"action_just_pressed":false,"action_pressed":false,"can_afford":true,"category":"","cells":[],"cost":[{"id":"wood","n":10.0},{"id":"stone","n":4.0}],"earned_stock":{"stone":8,"wood":31},"free_build":false,"gui_focus":"","gui_piece":"","inventory":[{"id":"home_key","n":1},{"id":"orb_basic","n":20},{"id":"orb_basic","n":20},{"id":"orb_basic","n":9},{"id":"potion_small","n":3},{"id":"berries","n":5},{"id":"revive","n":10},{"durability":32,"id":"axe","n":1},{"durability":38,"id":"pickaxe","n":1},{"id":"coin","n":140},{"id":"fiber","n":37},{"durability":37,"id":"knife","n":1},{"id":"torch","n":1},{"id":"hammer","n":1},{"id":"wood","n":31},{"id":"stone","n":8},{},{},{},{},{},{},{},{}],"menu_open":false,"message":"","pending_build":"","physics_frame":16323,"process_frame":8466,"selected_piece":""},"input":"actual InputMap joypad edges, each flushed through a process frame; original 2/3 physics minima","inventory_unchanged":true,"passed":true,"phase":"earned_build_selection","physical_edges":[{"action":"menu_tab_right","after":{"action_just_pressed":false,"action_pressed":false,"can_afford":true,"category":"crafting","cells":[{"alpha":1.0,"disabled":false,"focused":true,"id":"workbench","path":"/root/@CanvasLayer@73216/Dock/Row/@PanelContainer@73217/@VBoxContainer@73218/@ScrollContainer@73223/@GridContainer@73224/@Button@73302"},{"alpha":0.400000005960464,"disabled":false,"focused":false,"id":"forge","path":"/root/@CanvasLayer@73216/Dock/Row/@PanelContainer@73217/@VBoxContainer@73218/@ScrollContainer@73223/@GridContainer@73224/@Button@73305"},{"alpha":1.0,"disabled":false,"focused":false,"id":"kitchen","path":"/root/@CanvasLayer@73216/Dock/Row/@PanelContainer@73217/@VBoxContainer@73218/@ScrollContainer@73223/@GridContainer@73224/@Button@73308"},{"alpha":0.400000005960464,"disabled":false,"focused":false,"id":"altar","path":"/root/@CanvasLayer@73216/Dock/Row/@PanelContainer@73217/@VBoxContainer@73218/@ScrollContainer@73223/@GridContainer@73224/@Button@73311"},{"alpha":1.0,"disabled":false,"focused":false,"id":"den","path":"/root/@CanvasLayer@73216/Dock/Row/@PanelContainer@73217/@VBoxContainer@73218/@ScrollContainer@73223/@GridContainer@73224/@Button@73314"},{"alpha":1.0,"disabled":false,"focused":false,"id":"farm","path":"/root/@CanvasLayer@73216/Dock/Row/@PanelContainer@73217/@VBoxContainer@73218/@ScrollContainer@73223/@GridContainer@73224/@Button@73317"},{"alpha":0.400000005960464,"disabled":false,"focused":false,"id":"forge_meadows","path":"/root/@CanvasLayer@73216/Dock/Row/@PanelContainer@73217/@VBoxContainer@73218/@ScrollContainer@73223/@GridContainer@73224/@Button@73320"},{"alpha":0.400000005960464,"disabled":false,"focused":false,"id":"forge_tidewake","path":"/root/@CanvasLayer@73216/Dock/Row/@PanelContainer@73217/@VBoxContainer@73218/@ScrollContainer@73223/@GridContainer@73224/@Button@73323"},{"alpha":0.400000005960464,"disabled":false,"focused":false,"id":"forge_cloudreach","path":"/root/@CanvasLayer@73216/Dock/Row/@PanelContainer@73217/@VBoxContainer@73218/@ScrollContainer@73223/@GridContainer@73224/@Button@73326"},{"alpha":0.400000005960464,"disabled":false,"focused":false,"id":"forge_stormwood","path":"/root/@CanvasLayer@73216/Dock/Row/@PanelContainer@73217/@VBoxContainer@73218/@ScrollContainer@73223/@GridContainer@73224/@Button@73329"},{"alpha":0.400000005960464,"disabled":false,"focused":false,"id":"kitchen_meadows","path":"/root/@CanvasLayer@73216/Dock/Row/@PanelContainer@73217/@VBoxContainer@73218/@ScrollContainer@73223/@GridContainer@73224/@Button@73332"},{"alpha":0.400000005960464,"disabled":false,"focused":false,"id":"kitchen_tidewake","path":"/root/@CanvasLayer@73216/Dock/Row/@PanelContainer@73217/@VBoxContainer@73218/@ScrollContainer@73223/@GridContainer@73224/@Button@73335"},{"alpha":0.400000005960464,"disabled":false,"focused":false,"id":"kitchen_cloudreach","path":"/root/@CanvasLayer@73216/Dock/Row/@PanelContainer@73217/@VBoxContainer@73218/@ScrollContainer@73223/@GridContainer@73224/@Button@73338"},{"alpha":0.400000005960464,"disabled":false,"focused":false,"id":"kitchen_stormwood","path":"/root/@CanvasLayer@73216/Dock/Row/@PanelContainer@73217/@VBoxContainer@73218/@ScrollContainer@73223/@GridContainer@73224/@Button@73341"},{"alpha":0.400000005960464,"disabled":false,"focused":false,"id":"altar_meadows","path":"/root/@CanvasLayer@73216/Dock/Row/@PanelContainer@73217/@VBoxContainer@73218/@ScrollContainer@73223/@GridContainer@73224/@Button@73344"},{"alpha":0.400000005960464,"disabled":false,"focused":false,"id":"altar_tidewake","path":"/root/@CanvasLayer@73216/Dock/Row/@PanelContainer@73217/@VBoxContainer@73218/@ScrollContainer@73223/@GridContainer@73224/@Button@73347"},{"alpha":0.400000005960464,"disabled":false,"focused":false,"id":"altar_cloudreach","path":"/root/@CanvasLayer@73216/Dock/Row/@PanelContainer@73217/@VBoxContainer@73218/@ScrollContainer@73223/@GridContainer@73224/@Button@73350"},{"alpha":0.400000005960464,"disabled":false,"focused":false,"id":"altar_stormwood","path":"/root/@CanvasLayer@73216/Dock/Row/@PanelContainer@73217/@VBoxContainer@73218/@ScrollContainer@73223/@GridContainer@73224/@Button@73353"},{"alpha":0.400000005960464,"disabled":false,"focused":false,"id":"den_meadows","path":"/root/@CanvasLayer@73216/Dock/Row/@PanelContainer@73217/@VBoxContainer@73218/@ScrollContainer@73223/@GridContainer@73224/@Button@73356"},{"alpha":0.400000005960464,"disabled":false,"focused":false,"id":"den_tidewake","path":"/root/@CanvasLayer@73216/Dock/Row/@PanelContainer@73217/@VBoxContainer@73218/@ScrollContainer@73223/@GridContainer@73224/@Button@73359"},{"alpha":0.400000005960464,"disabled":false,"focused":false,"id":"den_cloudreach","path":"/root/@CanvasLayer@73216/Dock/Row/@PanelContainer@73217/@VBoxContainer@73218/@ScrollContainer@73223/@GridContainer@73224/@Button@73362"},{"alpha":0.400000005960464,"disabled":false,"focused":false,"id":"den_stormwood","path":"/root/@CanvasLayer@73216/Dock/Row/@PanelContainer@73217/@VBoxContainer@73218/@ScrollContainer@73223/@GridContainer@73224/@Button@73365"},{"alpha":0.400000005960464,"disabled":false,"focused":false,"id":"greenhouse","path":"/root/@CanvasLayer@73216/Dock/Row/@PanelContainer@73217/@VBoxContainer@73218/@ScrollContainer@73223/@GridContainer@73224/@Button@73368"}],"cost":[{"id":"wood","n":10.0},{"id":"stone","n":4.0}],"earned_stock":{"stone":8,"wood":31},"free_build":false,"gui_focus":"/root/@CanvasLayer@73216/Dock/Row/@PanelContainer@73217/@VBoxContainer@73218/@ScrollContainer@73223/@GridContainer@73224/@Button@73302","gui_piece":"workbench","inventory":[{"id":"home_key","n":1},{"id":"orb_basic","n":20},{"id":"orb_basic","n":20},{"id":"orb_basic","n":9},{"id":"potion_small","n":3},{"id":"berries","n":5},{"id":"revive","n":10},{"durability":32,"id":"axe","n":1},{"durability":38,"id":"pickaxe","n":1},{"id":"coin","n":140},{"id":"fiber","n":37},{"durability":37,"id":"knife","n":1},{"id":"torch","n":1},{"id":"hammer","n":1},{"id":"wood","n":31},{"id":"stone","n":8},{},{},{},{},{},{},{},{}],"menu_open":true,"message":"","pending_build":"","physics_frame":16396,"process_frame":8517,"selected_piece":"workbench"},"before":{"action_just_pressed":false,"action_pressed":false,"can_afford":true,"category":"survival","cells":[{"alpha":1.0,"disabled":false,"focused":true,"id":"tent","path":"/root/@CanvasLayer@73216/Dock/Row/@PanelContainer@73217/@VBoxContainer@73218/@ScrollContainer@73223/@GridContainer@73224/@Button@73248"},{"alpha":1.0,"disabled":false,"focused":false,"id":"campfire","path":"/root/@CanvasLayer@73216/Dock/Row/@PanelContainer@73217/@VBoxContainer@73218/@ScrollContainer@73223/@GridContainer@73224/@Button@73251"},{"alpha":1.0,"disabled":false,"focused":false,"id":"bedroll","path":"/root/@CanvasLayer@73216/Dock/Row/@PanelContainer@73217/@VBoxContainer@73218/@ScrollContainer@73223/@GridContainer@73224/@Button@73254"},{"alpha":0.400000005960464,"disabled":false,"focused":false,"id":"forward_camp","path":"/root/@CanvasLayer@73216/Dock/Row/@PanelContainer@73217/@VBoxContainer@73218/@ScrollContainer@73223/@GridContainer@73224/@Button@73257"}],"cost":[{"id":"wood","n":10.0},{"id":"stone","n":4.0}],"earned_stock":{"stone":8,"wood":31},"free_build":false,"gui_focus":"/root/@CanvasLayer@73216/Dock/Row/@PanelContainer@73217/@VBoxContainer@73218/@ScrollContainer@73223/@GridContainer@73224/@Button@73248","gui_piece":"tent","inventory":[{"id":"home_key","n":1},{"id":"orb_basic","n":20},{"id":"orb_basic","n":20},{"id":"orb_basic","n":9},{"id":"potion_small","n":3},{"id":"berries","n":5},{"id":"revive","n":10},{"durability":32,"id":"axe","n":1},{"durability":38,"id":"pickaxe","n":1},{"id":"coin","n":140},{"id":"fiber","n":37},{"durability":37,"id":"knife","n":1},{"id":"torch","n":1},{"id":"hammer","n":1},{"id":"wood","n":31},{"id":"stone","n":8},{},{},{},{},{},{},{},{}],"menu_open":true,"message":"","pending_build":"","physics_frame":16391,"process_frame":8514,"selected_piece":"tent"},"edges":[{"event":"Joypad Button 10 (Right Shoulder, Sony R1, Xbox RB)","observed":{"action_just_pressed":true,"action_pressed":true,"can_afford":true,"category":"survival","cells":[{"alpha":1.0,"disabled":false,"focused":true,"id":"tent","path":"/root/@CanvasLayer@73216/Dock/Row/@PanelContainer@73217/@VBoxContainer@73218/@ScrollContainer@73223/@GridContainer@73224/@Button@73248"},{"alpha":1.0,"disabled":false,"focused":false,"id":"campfire","path":"/root/@CanvasLayer@73216/Dock/Row/@PanelContainer@73217/@VBoxContainer@73218/@ScrollContainer@73223/@GridContainer@73224/@Button@73251"},{"alpha":1.0,"disabled":false,"focused":false,"id":"bedroll","path":"/root/@CanvasLayer@73216/Dock/Row/@PanelContainer@73217/@VBoxContainer@73218/@ScrollContainer@73223/@GridContainer@73224/@Button@73254"},{"alpha":0.400000005960464,"disabled":false,"focused":false,"id":"forward_camp","path":"/root/@CanvasLayer@73216/Dock/Row/@PanelContainer@73217/@VBoxContainer@73218/@ScrollContainer@73223/@GridContainer@73224/@Button@73257"}],"cost":[{"id":"wood","n":10.0},{"id":"stone","n":4.0}],"earned_stock":{"stone":8,"wood":31},"free_build":false,"gui_focus":"/root/@CanvasLayer@73216/Dock/Row/@PanelContainer@73217/@VBoxContainer@73218/@ScrollContainer@73223/@GridContainer@73224/@Button@73248","gui_piece":"tent","inventory":[{"id":"home_key","n":1},{"id":"orb_basic","n":20},{"id":"orb_basic","n":20},{"id":"orb_basic","n":9},{"id":"potion_small","n":3},{"id":"berries","n":5},{"id":"revive","n":10},{"durability":32,"id":"axe","n":1},{"durability":38,"id":"pickaxe","n":1},{"id":"coin","n":140},{"id":"fiber","n":37},{"durability":37,"id":"knife","n":1},{"id":"torch","n":1},{"id":"hammer","n":1},{"id":"wood","n":31},{"id":"stone","n":8},{},{},{},{},{},{},{},{}],"menu_open":true,"message":"","pending_build":"","physics_frame":16393,"process_frame":8515,"selected_piece":"tent"},"physics_start":16391,"pressed":true},{"event":"Joypad Button 10 (Right Shoulder, Sony R1, Xbox RB)","observed":{"action_just_pressed":false,"action_pressed":false,"can_afford":true,"category":"crafting","cells":[{"alpha":1.0,"disabled":false,"focused":true,"id":"workbench","path":"/root/@CanvasLayer@73216/Dock/Row/@PanelContainer@73217/@VBoxContainer@73218/@ScrollContainer@73223/@GridContainer@73224/@Button@73302"},{"alpha":0.400000005960464,"disabled":false,"focused":false,"id":"forge","path":"/root/@CanvasLayer@73216/Dock/Row/@PanelContainer@73217/@VBoxContainer@73218/@ScrollContainer@73223/@GridContainer@73224/@Button@73305"},{"alpha":1.0,"disabled":false,"focused":false,"id":"kitchen","path":"/root/@CanvasLayer@73216/Dock/Row/@PanelContainer@73217/@VBoxContainer@73218/@ScrollContainer@73223/@GridContainer@73224/@Button@73308"},{"alpha":0.400000005960464,"disabled":false,"focused":false,"id":"altar","path":"/root/@CanvasLayer@73216/Dock/Row/@PanelContainer@73217/@VBoxContainer@73218/@ScrollContainer@73223/@GridContainer@73224/@Button@73311"},{"alpha":1.0,"disabled":false,"focused":false,"id":"den","path":"/root/@CanvasLayer@73216/Dock/Row/@PanelContainer@73217/@VBoxContainer@73218/@ScrollContainer@73223/@GridContainer@73224/@Button@73314"},{"alpha":1.0,"disabled":false,"focused":false,"id":"farm","path":"/root/@CanvasLayer@73216/Dock/Row/@PanelContainer@73217/@VBoxContainer@73218/@ScrollContainer@73223/@GridContainer@73224/@Button@73317"},{"alpha":0.400000005960464,"disabled":false,"focused":false,"id":"forge_meadows","path":"/root/@CanvasLayer@73216/Dock/Row/@PanelContainer@73217/@VBoxContainer@73218/@ScrollContainer@73223/@GridContainer@73224/@Button@73320"},{"alpha":0.400000005960464,"disabled":false,"focused":false,"id":"forge_tidewake","path":"/root/@CanvasLayer@73216/Dock/Row/@PanelContainer@73217/@VBoxContainer@73218/@ScrollContainer@73223/@GridContainer@73224/@Button@73323"},{"alpha":0.400000005960464,"disabled":false,"focused":false,"id":"forge_cloudreach","path":"/root/@CanvasLayer@73216/Dock/Row/@PanelContainer@73217/@VBoxContainer@73218/@ScrollContainer@73223/@GridContainer@73224/@Button@73326"},{"alpha":0.400000005960464,"disabled":false,"focused":false,"id":"forge_stormwood","path":"/root/@CanvasLayer@73216/Dock/Row/@PanelContainer@73217/@VBoxContainer@73218/@ScrollContainer@73223/@GridContainer@73224/@Button@73329"},{"alpha":0.400000005960464,"disabled":false,"focused":false,"id":"kitchen_meadows","path":"/root/@CanvasLayer@73216/Dock/Row/@PanelContainer@73217/@VBoxContainer@73218/@ScrollContainer@73223/@GridContainer@73224/@Button@73332"},{"alpha":0.400000005960464,"disabled":false,"focused":false,"id":"kitchen_tidewake","path":"/root/@CanvasLayer@73216/Dock/Row/@PanelContainer@73217/@VBoxContainer@73218/@ScrollContainer@73223/@GridContainer@73224/@Button@73335"},{"alpha":0.400000005960464,"disabled":false,"focused":false,"id":"kitchen_cloudreach","path":"/root/@CanvasLayer@73216/Dock/Row/@PanelContainer@73217/@VBoxContainer@73218/@ScrollContainer@73223/@GridContainer@73224/@Button@73338"},{"alpha":0.400000005960464,"disabled":false,"focused":false,"id":"kitchen_stormwood","path":"/root/@CanvasLayer@73216/Dock/Row/@PanelContainer@73217/@VBoxContainer@73218/@ScrollContainer@73223/@GridContainer@73224/@Button@73341"},{"alpha":0.400000005960464,"disabled":false,"focused":false,"id":"altar_meadows","path":"/root/@CanvasLayer@73216/Dock/Row/@PanelContainer@73217/@VBoxContainer@73218/@ScrollContainer@73223/@GridContainer@73224/@Button@73344"},{"alpha":0.400000005960464,"disabled":false,"focused":false,"id":"altar_tidewake","path":"/root/@CanvasLayer@73216/Dock/Row/@PanelContainer@73217/@VBoxContainer@73218/@ScrollContainer@73223/@GridContainer@73224/@Button@73347"},{"alpha":0.400000005960464,"disabled":false,"focused":false,"id":"altar_cloudreach","path":"/root/@CanvasLayer@73216/Dock/Row/@PanelContainer@73217/@VBoxContainer@73218/@ScrollContainer@73223/@GridContainer@73224/@Button@73350"},{"alpha":0.400000005960464,"disabled":false,"focused":false,"id":"altar_stormwood","path":"/root/@CanvasLayer@73216/Dock/Row/@PanelContainer@73217/@VBoxContainer@73218/@ScrollContainer@73223/@GridContainer@73224/@Button@73353"},{"alpha":0.400000005960464,"disabled":false,"focused":false,"id":"den_meadows","path":"/root/@CanvasLayer@73216/Dock/Row/@PanelContainer@73217/@VBoxContainer@73218/@ScrollContainer@73223/@GridContainer@73224/@Button@73356"},{"alpha":0.400000005960464,"disabled":false,"focused":false,"id":"den_tidewake","path":"/root/@CanvasLayer@73216/Dock/Row/@PanelContainer@73217/@VBoxContainer@73218/@ScrollContainer@73223/@GridContainer@73224/@Button@73359"},{"alpha":0.400000005960464,"disabled":false,"focused":false,"id":"den_cloudreach","path":"/root/@CanvasLayer@73216/Dock/Row/@PanelContainer@73217/@VBoxContainer@73218/@ScrollContainer@73223/@GridContainer@73224/@Button@73362"},{"alpha":0.400000005960464,"disabled":false,"focused":false,"id":"den_stormwood","path":"/root/@CanvasLayer@73216/Dock/Row/@PanelContainer@73217/@VBoxContainer@73218/@ScrollContainer@73223/@GridContainer@73224/@Button@73365"},{"alpha":0.400000005960464,"disabled":false,"focused":false,"id":"greenhouse","path":"/root/@CanvasLayer@73216/Dock/Row/@PanelContainer@73217/@VBoxContainer@73218/@ScrollContainer@73223/@GridContainer@73224/@Button@73368"}],"cost":[{"id":"wood","n":10.0},{"id":"stone","n":4.0}],"earned_stock":{"stone":8,"wood":31},"free_build":false,"gui_focus":"/root/@CanvasLayer@73216/Dock/Row/@PanelContainer@73217/@VBoxContainer@73218/@ScrollContainer@73223/@GridContainer@73224/@Button@73302","gui_piece":"workbench","inventory":[{"id":"home_key","n":1},{"id":"orb_basic","n":20},{"id":"orb_basic","n":20},{"id":"orb_basic","n":9},{"id":"potion_small","n":3},{"id":"berries","n":5},{"id":"revive","n":10},{"durability":32,"id":"axe","n":1},{"durability":38,"id":"pickaxe","n":1},{"id":"coin","n":140},{"id":"fiber","n":37},{"durability":37,"id":"knife","n":1},{"id":"torch","n":1},{"id":"hammer","n":1},{"id":"wood","n":31},{"id":"stone","n":8},{},{},{},{},{},{},{},{}],"menu_open":true,"message":"","pending_build":"","physics_frame":16396,"process_frame":8517,"selected_piece":"workbench"},"physics_start":16393,"pressed":false}]},{"action":"ui_accept","after":{"action_just_pressed":false,"action_pressed":false,"can_afford":true,"category":"","cells":[],"cost":[{"id":"wood","n":10.0},{"id":"stone","n":4.0}],"earned_stock":{"stone":8,"wood":31},"free_build":false,"gui_focus":"","gui_piece":"","inventory":[{"id":"home_key","n":1},{"id":"orb_basic","n":20},{"id":"orb_basic","n":20},{"id":"orb_basic","n":9},{"id":"potion_small","n":3},{"id":"berries","n":5},{"id":"revive","n":10},{"durability":32,"id":"axe","n":1},{"durability":38,"id":"pickaxe","n":1},{"id":"coin","n":140},{"id":"fiber","n":37},{"durability":37,"id":"knife","n":1},{"id":"torch","n":1},{"id":"hammer","n":1},{"id":"wood","n":31},{"id":"stone","n":8},{},{},{},{},{},{},{},{}],"menu_open":false,"message":"","pending_build":"workbench","physics_frame":16409,"process_frame":8525,"selected_piece":""},"before":{"action_just_pressed":false,"action_pressed":false,"can_afford":true,"category":"crafting","cells":[{"alpha":1.0,"disabled":false,"focused":true,"id":"workbench","path":"/root/@CanvasLayer@73216/Dock/Row/@PanelContainer@73217/@VBoxContainer@73218/@ScrollContainer@73223/@GridContainer@73224/@Button@73302"},{"alpha":0.400000005960464,"disabled":false,"focused":false,"id":"forge","path":"/root/@CanvasLayer@73216/Dock/Row/@PanelContainer@73217/@VBoxContainer@73218/@ScrollContainer@73223/@GridContainer@73224/@Button@73305"},{"alpha":1.0,"disabled":false,"focused":false,"id":"kitchen","path":"/root/@CanvasLayer@73216/Dock/Row/@PanelContainer@73217/@VBoxContainer@73218/@ScrollContainer@73223/@GridContainer@73224/@Button@73308"},{"alpha":0.400000005960464,"disabled":false,"focused":false,"id":"altar","path":"/root/@CanvasLayer@73216/Dock/Row/@PanelContainer@73217/@VBoxContainer@73218/@ScrollContainer@73223/@GridContainer@73224/@Button@73311"},{"alpha":1.0,"disabled":false,"focused":false,"id":"den","path":"/root/@CanvasLayer@73216/Dock/Row/@PanelContainer@73217/@VBoxContainer@73218/@ScrollContainer@73223/@GridContainer@73224/@Button@73314"},{"alpha":1.0,"disabled":false,"focused":false,"id":"farm","path":"/root/@CanvasLayer@73216/Dock/Row/@PanelContainer@73217/@VBoxContainer@73218/@ScrollContainer@73223/@GridContainer@73224/@Button@73317"},{"alpha":0.400000005960464,"disabled":false,"focused":false,"id":"forge_meadows","path":"/root/@CanvasLayer@73216/Dock/Row/@PanelContainer@73217/@VBoxContainer@73218/@ScrollContainer@73223/@GridContainer@73224/@Button@73320"},{"alpha":0.400000005960464,"disabled":false,"focused":false,"id":"forge_tidewake","path":"/root/@CanvasLayer@73216/Dock/Row/@PanelContainer@73217/@VBoxContainer@73218/@ScrollContainer@73223/@GridContainer@73224/@Button@73323"},{"alpha":0.400000005960464,"disabled":false,"focused":false,"id":"forge_cloudreach","path":"/root/@CanvasLayer@73216/Dock/Row/@PanelContainer@73217/@VBoxContainer@73218/@ScrollContainer@73223/@GridContainer@73224/@Button@73326"},{"alpha":0.400000005960464,"disabled":false,"focused":false,"id":"forge_stormwood","path":"/root/@CanvasLayer@73216/Dock/Row/@PanelContainer@73217/@VBoxContainer@73218/@ScrollContainer@73223/@GridContainer@73224/@Button@73329"},{"alpha":0.400000005960464,"disabled":false,"focused":false,"id":"kitchen_meadows","path":"/root/@CanvasLayer@73216/Dock/Row/@PanelContainer@73217/@VBoxContainer@73218/@ScrollContainer@73223/@GridContainer@73224/@Button@73332"},{"alpha":0.400000005960464,"disabled":false,"focused":false,"id":"kitchen_tidewake","path":"/root/@CanvasLayer@73216/Dock/Row/@PanelContainer@73217/@VBoxContainer@73218/@ScrollContainer@73223/@GridContainer@73224/@Button@73335"},{"alpha":0.400000005960464,"disabled":false,"focused":false,"id":"kitchen_cloudreach","path":"/root/@CanvasLayer@73216/Dock/Row/@PanelContainer@73217/@VBoxContainer@73218/@ScrollContainer@73223/@GridContainer@73224/@Button@73338"},{"alpha":0.400000005960464,"disabled":false,"focused":false,"id":"kitchen_stormwood","path":"/root/@CanvasLayer@73216/Dock/Row/@PanelContainer@73217/@VBoxContainer@73218/@ScrollContainer@73223/@GridContainer@73224/@Button@73341"},{"alpha":0.400000005960464,"disabled":false,"focused":false,"id":"altar_meadows","path":"/root/@CanvasLayer@73216/Dock/Row/@PanelContainer@73217/@VBoxContainer@73218/@ScrollContainer@73223/@GridContainer@73224/@Button@73344"},{"alpha":0.400000005960464,"disabled":false,"focused":false,"id":"altar_tidewake","path":"/root/@CanvasLayer@73216/Dock/Row/@PanelContainer@73217/@VBoxContainer@73218/@ScrollContainer@73223/@GridContainer@73224/@Button@73347"},{"alpha":0.400000005960464,"disabled":false,"focused":false,"id":"altar_cloudreach","path":"/root/@CanvasLayer@73216/Dock/Row/@PanelContainer@73217/@VBoxContainer@73218/@ScrollContainer@73223/@GridContainer@73224/@Button@73350"},{"alpha":0.400000005960464,"disabled":false,"focused":false,"id":"altar_stormwood","path":"/root/@CanvasLayer@73216/Dock/Row/@PanelContainer@73217/@VBoxContainer@73218/@ScrollContainer@73223/@GridContainer@73224/@Button@73353"},{"alpha":0.400000005960464,"disabled":false,"focused":false,"id":"den_meadows","path":"/root/@CanvasLayer@73216/Dock/Row/@PanelContainer@73217/@VBoxContainer@73218/@ScrollContainer@73223/@GridContainer@73224/@Button@73356"},{"alpha":0.400000005960464,"disabled":false,"focused":false,"id":"den_tidewake","path":"/root/@CanvasLayer@73216/Dock/Row/@PanelContainer@73217/@VBoxContainer@73218/@ScrollContainer@73223/@GridContainer@73224/@Button@73359"},{"alpha":0.400000005960464,"disabled":false,"focused":false,"id":"den_cloudreach","path":"/root/@CanvasLayer@73216/Dock/Row/@PanelContainer@73217/@VBoxContainer@73218/@ScrollContainer@73223/@GridContainer@73224/@Button@73362"},{"alpha":0.400000005960464,"disabled":false,"focused":false,"id":"den_stormwood","path":"/root/@CanvasLayer@73216/Dock/Row/@PanelContainer@73217/@VBoxContainer@73218/@ScrollContainer@73223/@GridContainer@73224/@Button@73365"},{"alpha":0.400000005960464,"disabled":false,"focused":false,"id":"greenhouse","path":"/root/@CanvasLayer@73216/Dock/Row/@PanelContainer@73217/@VBoxContainer@73218/@ScrollContainer@73223/@GridContainer@73224/@Button@73368"}],"cost":[{"id":"wood","n":10.0},{"id":"stone","n":4.0}],"earned_stock":{"stone":8,"wood":31},"free_build":false,"gui_focus":"/root/@CanvasLayer@73216/Dock/Row/@PanelContainer@73217/@VBoxContainer@73218/@ScrollContainer@73223/@GridContainer@73224/@Button@73302","gui_piece":"workbench","inventory":[{"id":"home_key","n":1},{"id":"orb_basic","n":20},{"id":"orb_basic","n":20},{"id":"orb_basic","n":9},{"id":"potion_small","n":3},{"id":"berries","n":5},{"id":"revive","n":10},{"durability":32,"id":"axe","n":1},{"durability":38,"id":"pickaxe","n":1},{"id":"coin","n":140},{"id":"fiber","n":37},{"durability":37,"id":"knife","n":1},{"id":"torch","n":1},{"id":"hammer","n":1},{"id":"wood","n":31},{"id":"stone","n":8},{},{},{},{},{},{},{},{}],"menu_open":true,"message":"","pending_build":"","physics_frame":16404,"process_frame":8522,"selected_piece":"workbench"},"edges":[{"event":"Joypad Button 0 (Bottom Action, Sony Cross, Xbox A, Nintendo B)","observed":{"action_just_pressed":true,"action_pressed":true,"can_afford":true,"category":"crafting","cells":[{"alpha":1.0,"disabled":false,"focused":true,"id":"workbench","path":"/root/@CanvasLayer@73216/Dock/Row/@PanelContainer@73217/@VBoxContainer@73218/@ScrollContainer@73223/@GridContainer@73224/@Button@73302"},{"alpha":0.400000005960464,"disabled":false,"focused":false,"id":"forge","path":"/root/@CanvasLayer@73216/Dock/Row/@PanelContainer@73217/@VBoxContainer@73218/@ScrollContainer@73223/@GridContainer@73224/@Button@73305"},{"alpha":1.0,"disabled":false,"focused":false,"id":"kitchen","path":"/root/@CanvasLayer@73216/Dock/Row/@PanelContainer@73217/@VBoxContainer@73218/@ScrollContainer@73223/@GridContainer@73224/@Button@73308"},{"alpha":0.400000005960464,"disabled":false,"focused":false,"id":"altar","path":"/root/@CanvasLayer@73216/Dock/Row/@PanelContainer@73217/@VBoxContainer@73218/@ScrollContainer@73223/@GridContainer@73224/@Button@73311"},{"alpha":1.0,"disabled":false,"focused":false,"id":"den","path":"/root/@CanvasLayer@73216/Dock/Row/@PanelContainer@73217/@VBoxContainer@73218/@ScrollContainer@73223/@GridContainer@73224/@Button@73314"},{"alpha":1.0,"disabled":false,"focused":false,"id":"farm","path":"/root/@CanvasLayer@73216/Dock/Row/@PanelContainer@73217/@VBoxContainer@73218/@ScrollContainer@73223/@GridContainer@73224/@Button@73317"},{"alpha":0.400000005960464,"disabled":false,"focused":false,"id":"forge_meadows","path":"/root/@CanvasLayer@73216/Dock/Row/@PanelContainer@73217/@VBoxContainer@73218/@ScrollContainer@73223/@GridContainer@73224/@Button@73320"},{"alpha":0.400000005960464,"disabled":false,"focused":false,"id":"forge_tidewake","path":"/root/@CanvasLayer@73216/Dock/Row/@PanelContainer@73217/@VBoxContainer@73218/@ScrollContainer@73223/@GridContainer@73224/@Button@73323"},{"alpha":0.400000005960464,"disabled":false,"focused":false,"id":"forge_cloudreach","path":"/root/@CanvasLayer@73216/Dock/Row/@PanelContainer@73217/@VBoxContainer@73218/@ScrollContainer@73223/@GridContainer@73224/@Button@73326"},{"alpha":0.400000005960464,"disabled":false,"focused":false,"id":"forge_stormwood","path":"/root/@CanvasLayer@73216/Dock/Row/@PanelContainer@73217/@VBoxContainer@73218/@ScrollContainer@73223/@GridContainer@73224/@Button@73329"},{"alpha":0.400000005960464,"disabled":false,"focused":false,"id":"kitchen_meadows","path":"/root/@CanvasLayer@73216/Dock/Row/@PanelContainer@73217/@VBoxContainer@73218/@ScrollContainer@73223/@GridContainer@73224/@Button@73332"},{"alpha":0.400000005960464,"disabled":false,"focused":false,"id":"kitchen_tidewake","path":"/root/@CanvasLayer@73216/Dock/Row/@PanelContainer@73217/@VBoxContainer@73218/@ScrollContainer@73223/@GridContainer@73224/@Button@73335"},{"alpha":0.400000005960464,"disabled":false,"focused":false,"id":"kitchen_cloudreach","path":"/root/@CanvasLayer@73216/Dock/Row/@PanelContainer@73217/@VBoxContainer@73218/@ScrollContainer@73223/@GridContainer@73224/@Button@73338"},{"alpha":0.400000005960464,"disabled":false,"focused":false,"id":"kitchen_stormwood","path":"/root/@CanvasLayer@73216/Dock/Row/@PanelContainer@73217/@VBoxContainer@73218/@ScrollContainer@73223/@GridContainer@73224/@Button@73341"},{"alpha":0.400000005960464,"disabled":false,"focused":false,"id":"altar_meadows","path":"/root/@CanvasLayer@73216/Dock/Row/@PanelContainer@73217/@VBoxContainer@73218/@ScrollContainer@73223/@GridContainer@73224/@Button@73344"},{"alpha":0.400000005960464,"disabled":false,"focused":false,"id":"altar_tidewake","path":"/root/@CanvasLayer@73216/Dock/Row/@PanelContainer@73217/@VBoxContainer@73218/@ScrollContainer@73223/@GridContainer@73224/@Button@73347"},{"alpha":0.400000005960464,"disabled":false,"focused":false,"id":"altar_cloudreach","path":"/root/@CanvasLayer@73216/Dock/Row/@PanelContainer@73217/@VBoxContainer@73218/@ScrollContainer@73223/@GridContainer@73224/@Button@73350"},{"alpha":0.400000005960464,"disabled":false,"focused":false,"id":"altar_stormwood","path":"/root/@CanvasLayer@73216/Dock/Row/@PanelContainer@73217/@VBoxContainer@73218/@ScrollContainer@73223/@GridContainer@73224/@Button@73353"},{"alpha":0.400000005960464,"disabled":false,"focused":false,"id":"den_meadows","path":"/root/@CanvasLayer@73216/Dock/Row/@PanelContainer@73217/@VBoxContainer@73218/@ScrollContainer@73223/@GridContainer@73224/@Button@73356"},{"alpha":0.400000005960464,"disabled":false,"focused":false,"id":"den_tidewake","path":"/root/@CanvasLayer@73216/Dock/Row/@PanelContainer@73217/@VBoxContainer@73218/@ScrollContainer@73223/@GridContainer@73224/@Button@73359"},{"alpha":0.400000005960464,"disabled":false,"focused":false,"id":"den_cloudreach","path":"/root/@CanvasLayer@73216/Dock/Row/@PanelContainer@73217/@VBoxContainer@73218/@ScrollContainer@73223/@GridContainer@73224/@Button@73362"},{"alpha":0.400000005960464,"disabled":false,"focused":false,"id":"den_stormwood","path":"/root/@CanvasLayer@73216/Dock/Row/@PanelContainer@73217/@VBoxContainer@73218/@ScrollContainer@73223/@GridContainer@73224/@Button@73365"},{"alpha":0.400000005960464,"disabled":false,"focused":false,"id":"greenhouse","path":"/root/@CanvasLayer@73216/Dock/Row/@PanelContainer@73217/@VBoxContainer@73218/@ScrollContainer@73223/@GridContainer@73224/@Button@73368"}],"cost":[{"id":"wood","n":10.0},{"id":"stone","n":4.0}],"earned_stock":{"stone":8,"wood":31},"free_build":false,"gui_focus":"/root/@CanvasLayer@73216/Dock/Row/@PanelContainer@73217/@VBoxContainer@73218/@ScrollContainer@73223/@GridContainer@73224/@Button@73302","gui_piece":"workbench","inventory":[{"id":"home_key","n":1},{"id":"orb_basic","n":20},{"id":"orb_basic","n":20},{"id":"orb_basic","n":9},{"id":"potion_small","n":3},{"id":"berries","n":5},{"id":"revive","n":10},{"durability":32,"id":"axe","n":1},{"durability":38,"id":"pickaxe","n":1},{"id":"coin","n":140},{"id":"fiber","n":37},{"durability":37,"id":"knife","n":1},{"id":"torch","n":1},{"id":"hammer","n":1},{"id":"wood","n":31},{"id":"stone","n":8},{},{},{},{},{},{},{},{}],"menu_open":true,"message":"","pending_build":"","physics_frame":16406,"process_frame":8523,"selected_piece":"workbench"},"physics_start":16404,"pressed":true},{"event":"Joypad Button 0 (Bottom Action, Sony Cross, Xbox A, Nintendo B)","observed":{"action_just_pressed":false,"action_pressed":false,"can_afford":true,"category":"","cells":[],"cost":[{"id":"wood","n":10.0},{"id":"stone","n":4.0}],"earned_stock":{"stone":8,"wood":31},"free_build":false,"gui_focus":"","gui_piece":"","inventory":[{"id":"home_key","n":1},{"id":"orb_basic","n":20},{"id":"orb_basic","n":20},{"id":"orb_basic","n":9},{"id":"potion_small","n":3},{"id":"berries","n":5},{"id":"revive","n":10},{"durability":32,"id":"axe","n":1},{"durability":38,"id":"pickaxe","n":1},{"id":"coin","n":140},{"id":"fiber","n":37},{"durability":37,"id":"knife","n":1},{"id":"torch","n":1},{"id":"hammer","n":1},{"id":"wood","n":31},{"id":"stone","n":8},{},{},{},{},{},{},{},{}],"menu_open":false,"message":"","pending_build":"workbench","physics_frame":16409,"process_frame":8525,"selected_piece":""},"physics_start":16406,"pressed":false}]}],"piece":"workbench"},{"input":"interact","inventory_unchanged":true,"phase":"locked_arch","portal_actions":[],"realm":"meadows","reason":"Tidewake · Recommended Lv 20 · Needs the Tidewake Portal Key"},{"actual_position":"(-6.064154, 0.900768, 21.33282)","arrived":true,"confined_resets":0,"grounded":true,"headings":["(96.2, 1.15, 14.0)","(92.0, 1.0, 14.0)","(89.6, 1.0, 14.0)","(13.79, 0.0, 14.0)","(-5.975502, 0.900843, 21.54727)"],"original_frame_budget":10340,"phase":"ordinary_walk","target":"(-6.0, 1.8, 18.85)","unstick_count_after":0,"unstick_count_before":0},{"expected_counts":{"axe":2,"fiber":35,"stone":1,"wood":17},"phase":"station_craft","receipt":"craft:character-f2cecfa2d1ab41282a3d73e75f31d864:e853de275e7bef0ed98917bf3ec3a134","recipe":"axe"},{"phase":"save_reload","waystone":"meadows_trail_camp"},{"arrival":"(344.3, 2.437186, 926.6)","phase":"portal_return","position":"(344.3, 2.457722, 926.6)"}],"setup":"private save-system directory, preserving developer saves"}
