2026-10-07T06:16:11.5092405Z Current runner version: '2.337.0'
2026-10-07T06:16:11.5116699Z ##[group]Runner Image Provisioner
2026-10-07T06:16:11.5117714Z Hosted Compute Agent
2026-10-07T06:16:11.5118348Z Version: 20260901.588
2026-10-07T06:16:11.5118988Z Commit: f88ec8081b781fac6c440065ac7ff9e710ce3d0b
2026-10-07T06:16:11.5120145Z Build Date: 2026-09-01T19:56:44Z
2026-10-07T06:16:11.5120909Z Worker ID: {a7e0999b-28ac-4a46-a30e-a4c8d7cadae0}
2026-10-07T06:16:11.5121624Z Azure Region: westus
2026-10-07T06:16:11.5122254Z ##[endgroup]
2026-10-07T06:16:11.5123950Z ##[group]Operating System
2026-10-07T06:16:11.5124672Z Ubuntu
2026-10-07T06:16:11.5125260Z 24.04.5
2026-10-07T06:16:11.5125794Z LTS
2026-10-07T06:16:11.5126373Z ##[endgroup]
2026-10-07T06:16:11.5126960Z ##[group]Runner Image
2026-10-07T06:16:11.5127590Z Image: ubuntu-24.04
2026-10-07T06:16:11.5128203Z Version: 20260927.320.1
2026-10-07T06:16:11.5129493Z Included Software: https://github.com/actions/runner-images/blob/ubuntu24/20260927.320/images/ubuntu/Ubuntu2404-Readme.md
2026-10-07T06:16:11.5131103Z Image Release: https://github.com/actions/runner-images/releases/tag/ubuntu24%2F20260927.320
2026-10-07T06:16:11.5132108Z ##[endgroup]
2026-10-07T06:16:11.5133687Z ##[group]GITHUB_TOKEN Permissions
2026-10-07T06:16:11.5135679Z Actions: read
2026-10-07T06:16:11.5136318Z Contents: read
2026-10-07T06:16:11.5136880Z Metadata: read
2026-10-07T06:16:11.5137554Z ##[endgroup]
2026-10-07T06:16:11.5139580Z Secret source: Actions
2026-10-07T06:16:11.5140632Z Cache mode: write
2026-10-07T06:16:11.5141324Z Prepare workflow directory
2026-10-07T06:16:11.5553692Z Prepare all required actions
2026-10-07T06:16:11.5601446Z Getting action download info
2026-10-07T06:16:11.9092745Z Download action repository 'actions/checkout@v4' (SHA:11d5960a326750d5838078e36cf38b85af677262)
2026-10-07T06:16:12.0168983Z Download action repository 'actions/download-artifact@v4' (SHA:d3f86a106a0bac45b974a628896c90dbdf5c8093)
2026-10-07T06:16:12.4628259Z Download action repository 'actions/upload-artifact@v4' (SHA:ea165f8d65b6e75b540449e92b4886f43607fa02)
2026-10-07T06:16:12.6729848Z Complete job name: render
2026-10-07T06:16:12.7464989Z ##[group]Run set -euo pipefail
2026-10-07T06:16:12.7465741Z [36;1mset -euo pipefail[0m
2026-10-07T06:16:12.7466355Z [36;1mfail() { echo "::error::$1"; exit 1; }[0m
2026-10-07T06:16:12.7467302Z [36;1m[[ "$CHECKOUT_REF" =~ ^[A-Za-z0-9._/-]{1,200}$ ]] || fail "checkout_ref has disallowed characters"[0m
2026-10-07T06:16:12.7468380Z [36;1m[[ "$CHECKOUT_REF" != *..* ]] || fail "checkout_ref may not contain .."[0m
2026-10-07T06:16:12.7469349Z [36;1m[[ "$CHECKOUT_REF" != -* ]] || fail "checkout_ref may not start with -"[0m
2026-10-07T06:16:12.7470431Z [36;1m[[ "$SCRIPT" =~ ^(tests|tools)/[A-Za-z0-9_/.-]+\.gd$ ]] || fail "script must be tests/*.gd or tools/*.gd"[0m
2026-10-07T06:16:12.7471445Z [36;1m[[ "$SCRIPT" != *..* ]] || fail "script may not contain .."[0m
2026-10-07T06:16:12.7472336Z [36;1m[[ "$ARGS" =~ ^[A-Za-z0-9_=,./:@+\ -]*$ ]] || fail "args has disallowed characters"[0m
2026-10-07T06:16:12.7473691Z [36;1m[[ "$RES" =~ ^[0-9]{3,4}x[0-9]{3,4}$ ]] || fail "resolution must look like 1280x720"[0m
2026-10-07T06:16:12.7474705Z [36;1m[[ "$TMIN" =~ ^[0-9]{1,3}$ ]] && (( TMIN >= 1 && TMIN <= 150 )) || fail "timeout_minutes must be 1-150"[0m
2026-10-07T06:16:12.7475724Z [36;1m[[ "$LABEL" =~ ^[A-Za-z0-9_.-]{1,60}$ ]] || fail "label must be 1-60 of [A-Za-z0-9_.-]"[0m
2026-10-07T06:16:12.7476681Z [36;1mif [[ -n "$SOURCE_RUN_ID" || -n "$SOURCE_ARTIFACT_NAME" ]]; then[0m
2026-10-07T06:16:12.7477896Z [36;1m  [[ "$SOURCE_RUN_ID" =~ ^[1-9][0-9]{0,19}$ ]] || fail "source_run_id must be a positive decimal run ID; supply both source inputs"[0m
2026-10-07T06:16:12.7479721Z [36;1m  [[ "$SOURCE_ARTIFACT_NAME" =~ ^[A-Za-z0-9][A-Za-z0-9_.-]{0,199}$ ]] || fail "source_artifact_name must be 1-200 of [A-Za-z0-9_.-], beginning with a letter or digit; supply both source inputs"[0m
2026-10-07T06:16:12.7481094Z [36;1mfi[0m
2026-10-07T06:16:12.7482039Z [36;1m[[ "$RENDERING_METHOD" = gl_compatibility || "$RENDERING_METHOD" = forward_plus ]] || fail "unknown rendering method"[0m
2026-10-07T06:16:12.7739646Z shell: /usr/bin/bash -e {0}
2026-10-07T06:16:12.7740642Z env:
2026-10-07T06:16:12.7741204Z   GODOT_VERSION: 4.7-stable
2026-10-07T06:16:12.7741977Z   CHECKOUT_REF: 0cb232d62f6acae9b6e23d129d2e79f0246ba507
2026-10-07T06:16:12.7743072Z   SCRIPT: tests/smoke_f18_earned_loop.gd
2026-10-07T06:16:12.7743811Z   ARGS: 
2026-10-07T06:16:12.7744334Z   RES: 1280x720
2026-10-07T06:16:12.7744873Z   TMIN: 30
2026-10-07T06:16:12.7745442Z   LABEL: r3-f01-main568-f18-0cb232d62f
2026-10-07T06:16:12.7746156Z   SOURCE_RUN_ID: 
2026-10-07T06:16:12.7746742Z   SOURCE_ARTIFACT_NAME: 
2026-10-07T06:16:12.7747407Z   RENDERING_METHOD: gl_compatibility
2026-10-07T06:16:12.7748123Z ##[endgroup]
2026-10-07T06:16:12.8154875Z ##[group]Run actions/checkout@v4
2026-10-07T06:16:12.8155573Z with:
2026-10-07T06:16:12.8156228Z   ref: 0cb232d62f6acae9b6e23d129d2e79f0246ba507
2026-10-07T06:16:12.8156896Z   filter: blob:none
2026-10-07T06:16:12.8157445Z   sparse-checkout-cone-mode: false
2026-10-07T06:16:12.8158204Z   sparse-checkout: /*
!/ralph/
!/docs/
!/shots/
!/assets_raw/
!/archive/

2026-10-07T06:16:12.8159040Z   repository: MJohnsonWellabe/Tetherbound
2026-10-07T06:16:12.8163623Z   token: ***
2026-10-07T06:16:12.8164167Z   ssh-strict: true
2026-10-07T06:16:12.8164657Z   ssh-user: git
2026-10-07T06:16:12.8165139Z   persist-credentials: true
2026-10-07T06:16:12.8165660Z   clean: true
2026-10-07T06:16:12.8166111Z   fetch-depth: 1
2026-10-07T06:16:12.8166585Z   fetch-tags: false
2026-10-07T06:16:12.8167070Z   show-progress: true
2026-10-07T06:16:12.8167555Z   lfs: false
2026-10-07T06:16:12.8167998Z   submodules: false
2026-10-07T06:16:12.8168491Z   set-safe-directory: true
2026-10-07T06:16:12.8169108Z   allow-unsafe-pr-checkout: false
2026-10-07T06:16:12.8169680Z env:
2026-10-07T06:16:12.8170123Z   GODOT_VERSION: 4.7-stable
2026-10-07T06:16:12.8170637Z ##[endgroup]
2026-10-07T06:16:12.9210102Z Syncing repository: MJohnsonWellabe/Tetherbound
2026-10-07T06:16:12.9213181Z ##[group]Getting Git version info
2026-10-07T06:16:12.9214070Z Working directory is '/home/runner/work/Tetherbound/Tetherbound'
2026-10-07T06:16:12.9215256Z [command]/usr/bin/git version
2026-10-07T06:16:12.9267068Z git version 2.55.0
2026-10-07T06:16:12.9297137Z ##[endgroup]
2026-10-07T06:16:12.9311190Z Temporarily overriding HOME='/home/runner/work/_temp/ebeaac62-127b-4185-89fe-ba7a8333a0e9' before making global git config changes
2026-10-07T06:16:12.9314821Z Adding repository directory to the temporary git global config as a safe directory
2026-10-07T06:16:12.9317701Z [command]/usr/bin/git config --global --add safe.directory /home/runner/work/Tetherbound/Tetherbound
2026-10-07T06:16:12.9373384Z Deleting the contents of '/home/runner/work/Tetherbound/Tetherbound'
2026-10-07T06:16:12.9378883Z ##[group]Initializing the repository
2026-10-07T06:16:12.9384111Z [command]/usr/bin/git init /home/runner/work/Tetherbound/Tetherbound
2026-10-07T06:16:12.9509472Z hint: Using 'master' as the name for the initial branch. This default branch name
2026-10-07T06:16:12.9511465Z hint: will change to "main" in Git 3.0. To configure the initial branch name
2026-10-07T06:16:12.9513680Z hint: to use in all of your new repositories, which will suppress this warning,
2026-10-07T06:16:12.9515034Z hint: call:
2026-10-07T06:16:12.9515729Z hint:
2026-10-07T06:16:12.9516644Z hint: 	git config --global init.defaultBranch <name>
2026-10-07T06:16:12.9517846Z hint:
2026-10-07T06:16:12.9518877Z hint: Names commonly chosen instead of 'master' are 'main', 'trunk' and
2026-10-07T06:16:12.9520544Z hint: 'development'. The just-created branch can be renamed via this command:
2026-10-07T06:16:12.9521964Z hint:
2026-10-07T06:16:12.9522982Z hint: 	git branch -m <name>
2026-10-07T06:16:12.9523895Z hint:
2026-10-07T06:16:12.9525006Z hint: Disable this message with "git config set advice.defaultBranchName false"
2026-10-07T06:16:12.9526926Z Initialized empty Git repository in /home/runner/work/Tetherbound/Tetherbound/.git/
2026-10-07T06:16:12.9529429Z [command]/usr/bin/git remote add origin https://github.com/MJohnsonWellabe/Tetherbound
2026-10-07T06:16:12.9575983Z ##[endgroup]
2026-10-07T06:16:12.9577383Z ##[group]Disabling automatic garbage collection
2026-10-07T06:16:12.9578807Z [command]/usr/bin/git config --local gc.auto 0
2026-10-07T06:16:12.9611095Z ##[endgroup]
2026-10-07T06:16:12.9613173Z ##[group]Setting up auth
2026-10-07T06:16:12.9620817Z [command]/usr/bin/git config --local --name-only --get-regexp core\.sshCommand
2026-10-07T06:16:12.9654048Z [command]/usr/bin/git submodule foreach --recursive sh -c "git config --local --name-only --get-regexp 'core\.sshCommand' && git config --local --unset-all 'core.sshCommand' || :"
2026-10-07T06:16:13.0028837Z [command]/usr/bin/git config --local --name-only --get-regexp http\.https\:\/\/github\.com\/\.extraheader
2026-10-07T06:16:13.0076032Z [command]/usr/bin/git submodule foreach --recursive sh -c "git config --local --name-only --get-regexp 'http\.https\:\/\/github\.com\/\.extraheader' && git config --local --unset-all 'http.https://github.com/.extraheader' || :"
2026-10-07T06:16:13.0306446Z [command]/usr/bin/git config --local --name-only --get-regexp ^includeIf\.gitdir:
2026-10-07T06:16:13.0346738Z [command]/usr/bin/git submodule foreach --recursive git config --local --show-origin --name-only --get-regexp remote.origin.url
2026-10-07T06:16:13.0573179Z [command]/usr/bin/git config --local http.https://github.com/.extraheader AUTHORIZATION: basic ***
2026-10-07T06:16:13.0614231Z ##[endgroup]
2026-10-07T06:16:13.0615638Z ##[group]Fetching the repository
2026-10-07T06:16:13.0622927Z [command]/usr/bin/git -c protocol.version=2 fetch --no-tags --prune --no-recurse-submodules --filter=blob:none --depth=1 origin 0cb232d62f6acae9b6e23d129d2e79f0246ba507
2026-10-07T06:16:13.7766876Z From https://github.com/MJohnsonWellabe/Tetherbound
2026-10-07T06:16:13.7768767Z  * branch            0cb232d62f6acae9b6e23d129d2e79f0246ba507 -> FETCH_HEAD
2026-10-07T06:16:13.7773167Z ##[endgroup]
2026-10-07T06:16:13.7774969Z ##[group]Determining the checkout info
2026-10-07T06:16:13.7776722Z ##[endgroup]
2026-10-07T06:16:13.7778077Z ##[group]Setting up sparse checkout
2026-10-07T06:16:13.7781638Z [command]/usr/bin/git config core.sparseCheckout true
2026-10-07T06:16:13.7820075Z [command]/usr/bin/git rev-parse --git-path info/sparse-checkout
2026-10-07T06:16:13.7844715Z .git/info/sparse-checkout
2026-10-07T06:16:13.7852865Z ##[endgroup]
2026-10-07T06:16:13.7854766Z ##[group]Checking out the ref
2026-10-07T06:16:13.7865120Z [command]/usr/bin/git checkout --progress --force 0cb232d62f6acae9b6e23d129d2e79f0246ba507
2026-10-07T06:17:24.7493609Z Updating files:   0% (1/11517)
2026-10-07T06:17:24.8207629Z Updating files:   1% (116/11517)
2026-10-07T06:17:24.8468010Z Updating files:   2% (231/11517)
2026-10-07T06:17:24.8700183Z Updating files:   3% (346/11517)
2026-10-07T06:17:24.8798254Z Updating files:   4% (461/11517)
2026-10-07T06:17:24.9443732Z Updating files:   5% (576/11517)
2026-10-07T06:17:25.0522337Z Updating files:   6% (692/11517)
2026-10-07T06:17:25.4452861Z Updating files:   6% (725/11517)
2026-10-07T06:17:25.7679489Z Updating files:   7% (807/11517)
2026-10-07T06:17:26.0574223Z Updating files:   8% (922/11517)
2026-10-07T06:17:26.0674688Z Updating files:   8% (1017/11517)
2026-10-07T06:17:26.2328084Z Updating files:   9% (1037/11517)
2026-10-07T06:17:26.4808485Z Updating files:  10% (1152/11517)
2026-10-07T06:17:26.6409770Z Updating files:  11% (1267/11517)
2026-10-07T06:17:26.8930441Z Updating files:  12% (1383/11517)
2026-10-07T06:17:27.0503992Z Updating files:  13% (1498/11517)
2026-10-07T06:17:27.0823235Z Updating files:  13% (1587/11517)
2026-10-07T06:17:27.3052111Z Updating files:  14% (1613/11517)
2026-10-07T06:17:27.6667078Z Updating files:  15% (1728/11517)
2026-10-07T06:17:27.9248284Z Updating files:  16% (1843/11517)
2026-10-07T06:17:28.0631175Z Updating files:  17% (1958/11517)
2026-10-07T06:17:28.1373480Z Updating files:  17% (2025/11517)
2026-10-07T06:17:28.3001007Z Updating files:  18% (2074/11517)
2026-10-07T06:17:28.3839675Z Updating files:  19% (2189/11517)
2026-10-07T06:17:28.4085892Z Updating files:  20% (2304/11517)
2026-10-07T06:17:28.5201680Z Updating files:  21% (2419/11517)
2026-10-07T06:17:28.8403785Z Updating files:  22% (2534/11517)
2026-10-07T06:17:28.8668350Z Updating files:  23% (2649/11517)
2026-10-07T06:17:28.9512817Z Updating files:  24% (2765/11517)
2026-10-07T06:17:29.0554338Z Updating files:  25% (2880/11517)
2026-10-07T06:17:29.0841558Z Updating files:  25% (2952/11517)
2026-10-07T06:17:29.0962891Z Updating files:  26% (2995/11517)
2026-10-07T06:17:29.1005972Z Updating files:  27% (3110/11517)
2026-10-07T06:17:29.2099661Z Updating files:  28% (3225/11517)
2026-10-07T06:17:29.2340915Z Updating files:  29% (3340/11517)
2026-10-07T06:17:29.2436503Z Updating files:  30% (3456/11517)
2026-10-07T06:17:29.2532983Z Updating files:  31% (3571/11517)
2026-10-07T06:17:29.2620693Z Updating files:  32% (3686/11517)
2026-10-07T06:17:29.2764145Z Updating files:  33% (3801/11517)
2026-10-07T06:17:29.2875227Z Updating files:  34% (3916/11517)
2026-10-07T06:17:29.3196030Z Updating files:  35% (4031/11517)
2026-10-07T06:17:29.3697846Z Updating files:  36% (4147/11517)
2026-10-07T06:17:29.4319559Z Updating files:  37% (4262/11517)
2026-10-07T06:17:29.4441702Z Updating files:  38% (4377/11517)
2026-10-07T06:17:29.5137739Z Updating files:  39% (4492/11517)
2026-10-07T06:17:29.6163582Z Updating files:  40% (4607/11517)
2026-10-07T06:17:29.6509669Z Updating files:  41% (4722/11517)
2026-10-07T06:17:29.6612961Z Updating files:  42% (4838/11517)
2026-10-07T06:17:29.6688673Z Updating files:  43% (4953/11517)
2026-10-07T06:17:29.6779343Z Updating files:  44% (5068/11517)
2026-10-07T06:17:29.6858509Z Updating files:  45% (5183/11517)
2026-10-07T06:17:29.6956031Z Updating files:  46% (5298/11517)
2026-10-07T06:17:29.7046427Z Updating files:  47% (5413/11517)
2026-10-07T06:17:29.7135234Z Updating files:  48% (5529/11517)
2026-10-07T06:17:29.7236333Z Updating files:  49% (5644/11517)
2026-10-07T06:17:29.7324565Z Updating files:  50% (5759/11517)
2026-10-07T06:17:29.7411371Z Updating files:  51% (5874/11517)
2026-10-07T06:17:29.7479081Z Updating files:  52% (5989/11517)
2026-10-07T06:17:29.7839390Z Updating files:  53% (6105/11517)
2026-10-07T06:17:29.7930440Z Updating files:  54% (6220/11517)
2026-10-07T06:17:29.8023452Z Updating files:  55% (6335/11517)
2026-10-07T06:17:29.8089830Z Updating files:  56% (6450/11517)
2026-10-07T06:17:29.8160900Z Updating files:  57% (6565/11517)
2026-10-07T06:17:29.8229100Z Updating files:  58% (6680/11517)
2026-10-07T06:17:29.8301130Z Updating files:  59% (6796/11517)
2026-10-07T06:17:29.8375081Z Updating files:  60% (6911/11517)
2026-10-07T06:17:29.8473921Z Updating files:  61% (7026/11517)
2026-10-07T06:17:29.8564461Z Updating files:  62% (7141/11517)
2026-10-07T06:17:29.8673594Z Updating files:  63% (7256/11517)
2026-10-07T06:17:29.8767917Z Updating files:  64% (7371/11517)
2026-10-07T06:17:29.8845702Z Updating files:  65% (7487/11517)
2026-10-07T06:17:29.8915518Z Updating files:  66% (7602/11517)
2026-10-07T06:17:29.8987663Z Updating files:  67% (7717/11517)
2026-10-07T06:17:29.9051729Z Updating files:  68% (7832/11517)
2026-10-07T06:17:29.9115837Z Updating files:  69% (7947/11517)
2026-10-07T06:17:29.9181391Z Updating files:  70% (8062/11517)
2026-10-07T06:17:29.9245566Z Updating files:  71% (8178/11517)
2026-10-07T06:17:29.9309293Z Updating files:  72% (8293/11517)
2026-10-07T06:17:29.9370248Z Updating files:  73% (8408/11517)
2026-10-07T06:17:29.9437826Z Updating files:  74% (8523/11517)
2026-10-07T06:17:29.9496020Z Updating files:  75% (8638/11517)
2026-10-07T06:17:29.9558757Z Updating files:  76% (8753/11517)
2026-10-07T06:17:29.9626818Z Updating files:  77% (8869/11517)
2026-10-07T06:17:29.9690738Z Updating files:  78% (8984/11517)
2026-10-07T06:17:29.9752143Z Updating files:  79% (9099/11517)
2026-10-07T06:17:29.9828676Z Updating files:  80% (9214/11517)
2026-10-07T06:17:29.9892808Z Updating files:  81% (9329/11517)
2026-10-07T06:17:29.9950311Z Updating files:  82% (9444/11517)
2026-10-07T06:17:30.0010700Z Updating files:  83% (9560/11517)
2026-10-07T06:17:30.0067170Z Updating files:  84% (9675/11517)
2026-10-07T06:17:30.0125848Z Updating files:  85% (9790/11517)
2026-10-07T06:17:30.0180165Z Updating files:  86% (9905/11517)
2026-10-07T06:17:30.0238293Z Updating files:  87% (10020/11517)
2026-10-07T06:17:30.0329574Z Updating files:  88% (10135/11517)
2026-10-07T06:17:30.0398177Z Updating files:  89% (10251/11517)
2026-10-07T06:17:30.0409162Z Updating files:  90% (10366/11517)
2026-10-07T06:17:30.0464852Z Updating files:  90% (10386/11517)
2026-10-07T06:17:30.0543157Z Updating files:  91% (10481/11517)
2026-10-07T06:17:30.0612030Z Updating files:  92% (10596/11517)
2026-10-07T06:17:30.0690550Z Updating files:  93% (10711/11517)
2026-10-07T06:17:30.0797214Z Updating files:  94% (10826/11517)
2026-10-07T06:17:30.0919596Z Updating files:  95% (10942/11517)
2026-10-07T06:17:30.1020073Z Updating files:  96% (11057/11517)
2026-10-07T06:17:30.1083447Z Updating files:  97% (11172/11517)
2026-10-07T06:17:30.1151765Z Updating files:  98% (11287/11517)
2026-10-07T06:17:30.1219392Z Updating files:  99% (11402/11517)
2026-10-07T06:17:30.1220438Z Updating files: 100% (11517/11517)
2026-10-07T06:17:30.1220885Z Updating files: 100% (11517/11517), done.
2026-10-07T06:17:30.1857109Z Note: switching to '0cb232d62f6acae9b6e23d129d2e79f0246ba507'.
2026-10-07T06:17:30.1857749Z 
2026-10-07T06:17:30.1858146Z You are in 'detached HEAD' state. You can look around, make experimental
2026-10-07T06:17:30.1859137Z changes and commit them, and you can discard any commits you make in this
2026-10-07T06:17:30.1860111Z state without impacting any branches by switching back to a branch.
2026-10-07T06:17:30.1860655Z 
2026-10-07T06:17:30.1860920Z If you want to create a new branch to retain commits you create, you may
2026-10-07T06:17:30.1861519Z do so (now or later) by using -c with the switch command. Example:
2026-10-07T06:17:30.1861860Z 
2026-10-07T06:17:30.1861999Z   git switch -c <new-branch-name>
2026-10-07T06:17:30.1862234Z 
2026-10-07T06:17:30.1862364Z Or undo this operation with:
2026-10-07T06:17:30.1862852Z 
2026-10-07T06:17:30.1863057Z   git switch -
2026-10-07T06:17:30.1863235Z 
2026-10-07T06:17:30.1863532Z Turn off this advice by setting config variable advice.detachedHead to false
2026-10-07T06:17:30.1863951Z 
2026-10-07T06:17:30.1864249Z HEAD is now at 0cb232d6 fix(F01): carry unchanged village repair onto landed batch7 main
2026-10-07T06:17:30.2170430Z ##[endgroup]
2026-10-07T06:17:30.2215656Z [command]/usr/bin/git log -1 --format=%H
2026-10-07T06:17:30.2242988Z 0cb232d62f6acae9b6e23d129d2e79f0246ba507
2026-10-07T06:17:30.2389536Z ##[group]Run test -f "$SCRIPT" || { echo "::error::$SCRIPT not found on $CHECKOUT_REF"; exit 1; }
2026-10-07T06:17:30.2390181Z [36;1mtest -f "$SCRIPT" || { echo "::error::$SCRIPT not found on $CHECKOUT_REF"; exit 1; }[0m
2026-10-07T06:17:30.2456991Z shell: /usr/bin/bash -e {0}
2026-10-07T06:17:30.2457257Z env:
2026-10-07T06:17:30.2457458Z   GODOT_VERSION: 4.7-stable
2026-10-07T06:17:30.2457736Z   SCRIPT: tests/smoke_f18_earned_loop.gd
2026-10-07T06:17:30.2458070Z   CHECKOUT_REF: 0cb232d62f6acae9b6e23d129d2e79f0246ba507
2026-10-07T06:17:30.2458392Z ##[endgroup]
2026-10-07T06:17:30.2726426Z Prepare all required actions
2026-10-07T06:17:30.2727014Z Getting action download info
2026-10-07T06:17:30.5510071Z Download action repository 'actions/cache@v4' (SHA:0057852bfaa89a56745cba8c7296529d2fc39830)
2026-10-07T06:17:30.7364357Z ##[group]Run ./.github/actions/setup-godot
2026-10-07T06:17:30.7364669Z env:
2026-10-07T06:17:30.7364869Z   GODOT_VERSION: 4.7-stable
2026-10-07T06:17:30.7365102Z ##[endgroup]
2026-10-07T06:17:30.7425286Z ##[start-action display=Run actions/cache@v4;id=__self.cache-godot]
2026-10-07T06:17:30.7504232Z ##[group]Run actions/cache@v4
2026-10-07T06:17:30.7504490Z with:
2026-10-07T06:17:30.7504685Z   path: ~/godot-bin
2026-10-07T06:17:30.7504905Z   key: godot-editor-4.7-stable
2026-10-07T06:17:30.7505158Z   enableCrossOsArchive: false
2026-10-07T06:17:30.7505407Z   fail-on-cache-miss: false
2026-10-07T06:17:30.7505859Z   lookup-only: false
2026-10-07T06:17:30.7506066Z   save-always: false
2026-10-07T06:17:30.7506269Z env:
2026-10-07T06:17:30.7506499Z   GODOT_VERSION: 4.7-stable
2026-10-07T06:17:30.7506720Z ##[endgroup]
2026-10-07T06:17:30.8631404Z (node:2343) [DEP0040] DeprecationWarning: The `punycode` module is deprecated. Please use a userland alternative instead.
2026-10-07T06:17:30.8632162Z (Use `node --trace-deprecation ...` to show where the warning was created)
2026-10-07T06:17:31.1067677Z Cache hit for: godot-editor-4.7-stable
2026-10-07T06:17:31.1190021Z (node:2343) [DEP0169] DeprecationWarning: `url.parse()` behavior is not standardized and prone to errors that have security implications. Use the WHATWG URL API instead. CVEs are not issued for `url.parse()` vulnerabilities.
2026-10-07T06:17:32.3803553Z Received 4194304 of 73776973 (5.7%), 4.0 MBs/sec
2026-10-07T06:17:32.8442089Z Received 73776973 of 73776973 (100.0%), 48.1 MBs/sec
2026-10-07T06:17:32.8444846Z Cache Size: ~70 MB (73776973 B)
2026-10-07T06:17:32.8512020Z [command]/usr/bin/tar -xf /home/runner/work/_temp/da3fd2e3-a982-43ac-9b4c-af52324dfd26/cache.tzst -P -C /home/runner/work/Tetherbound/Tetherbound --use-compress-program unzstd
2026-10-07T06:17:33.0806491Z Cache restored successfully
2026-10-07T06:17:33.0911331Z Cache restored from key: godot-editor-4.7-stable
2026-10-07T06:17:33.1042997Z ##[end-action id=__self.cache-godot;outcome=success;conclusion=success;duration_ms=2361]
2026-10-07T06:17:33.1048100Z ##[start-action display=Run set -euo pipefail;id=__self.__run]
2026-10-07T06:17:33.1055860Z ##[end-action id=__self.__run;outcome=skipped;conclusion=skipped;duration_ms=0]
2026-10-07T06:17:33.1057971Z ##[start-action display=Run echo "$HOME/godot-bin" >> "$GITHUB_PATH";id=__self.__run_2]
2026-10-07T06:17:33.2389080Z ##[group]Run echo "$HOME/godot-bin" >> "$GITHUB_PATH"
2026-10-07T06:17:33.2389541Z [36;1mecho "$HOME/godot-bin" >> "$GITHUB_PATH"[0m
2026-10-07T06:17:33.2455162Z shell: /usr/bin/bash --noprofile --norc -e -o pipefail {0}
2026-10-07T06:17:33.2455575Z env:
2026-10-07T06:17:33.2455791Z   GODOT_VERSION: 4.7-stable
2026-10-07T06:17:33.2456043Z ##[endgroup]
2026-10-07T06:17:33.3977476Z ##[end-action id=__self.__run_2;outcome=success;conclusion=success;duration_ms=291]
2026-10-07T06:17:33.3980958Z ##[start-action display=Run actions/cache@v4;id=__self.__actions_cache]
2026-10-07T06:17:35.3336415Z ##[group]Run actions/cache@v4
2026-10-07T06:17:35.3336668Z with:
2026-10-07T06:17:35.3336856Z   path: .godot
2026-10-07T06:17:35.3337254Z   key: import-4.7-stable-de0c944e157463687959d085d027731cdddfe5bc8c33adf8c370eca59e231f29
2026-10-07T06:17:35.3337739Z   restore-keys: import-4.7-stable-
2026-10-07T06:17:35.3338016Z   enableCrossOsArchive: false
2026-10-07T06:17:35.3338269Z   fail-on-cache-miss: false
2026-10-07T06:17:35.3338505Z   lookup-only: false
2026-10-07T06:17:35.3338722Z   save-always: false
2026-10-07T06:17:35.3338920Z env:
2026-10-07T06:17:35.3339109Z   GODOT_VERSION: 4.7-stable
2026-10-07T06:17:35.3339347Z ##[endgroup]
2026-10-07T06:17:35.4442985Z (node:2372) [DEP0040] DeprecationWarning: The `punycode` module is deprecated. Please use a userland alternative instead.
2026-10-07T06:17:35.4444134Z (Use `node --trace-deprecation ...` to show where the warning was created)
2026-10-07T06:17:35.6861690Z Cache hit for: import-4.7-stable-de0c944e157463687959d085d027731cdddfe5bc8c33adf8c370eca59e231f29
2026-10-07T06:17:35.6974967Z (node:2372) [DEP0169] DeprecationWarning: `url.parse()` behavior is not standardized and prone to errors that have security implications. Use the WHATWG URL API instead. CVEs are not issued for `url.parse()` vulnerabilities.
2026-10-07T06:17:36.9559231Z Received 4194304 of 1695760333 (0.2%), 4.0 MBs/sec
2026-10-07T06:17:37.9581077Z Received 134217728 of 1695760333 (7.9%), 63.9 MBs/sec
2026-10-07T06:17:38.9603928Z Received 301989888 of 1695760333 (17.8%), 95.9 MBs/sec
2026-10-07T06:17:39.9574998Z Received 490733568 of 1695760333 (28.9%), 116.9 MBs/sec
2026-10-07T06:17:40.9640759Z Received 671088640 of 1695760333 (39.6%), 127.8 MBs/sec
2026-10-07T06:17:41.9688356Z Received 838860800 of 1695760333 (49.5%), 133.2 MBs/sec
2026-10-07T06:17:42.9652225Z Received 1031798784 of 1695760333 (60.8%), 140.4 MBs/sec
2026-10-07T06:17:43.9657729Z Received 1203765248 of 1695760333 (71.0%), 143.3 MBs/sec
2026-10-07T06:17:44.9660739Z Received 1342177280 of 1695760333 (79.1%), 142.1 MBs/sec
2026-10-07T06:17:45.9715042Z Received 1493172224 of 1695760333 (88.1%), 142.2 MBs/sec
2026-10-07T06:17:46.9727987Z Received 1644167168 of 1695760333 (97.0%), 142.3 MBs/sec
2026-10-07T06:17:47.2919822Z Received 1695760333 of 1695760333 (100.0%), 142.7 MBs/sec
2026-10-07T06:17:47.2922964Z Cache Size: ~1617 MB (1695760333 B)
2026-10-07T06:17:47.3075196Z [command]/usr/bin/tar -xf /home/runner/work/_temp/1914bde0-5b8c-4600-bf4f-7096f68c8b0e/cache.tzst -P -C /home/runner/work/Tetherbound/Tetherbound --use-compress-program unzstd
2026-10-07T06:17:50.9384767Z Cache restored successfully
2026-10-07T06:17:52.7101860Z Cache restored from key: import-4.7-stable-de0c944e157463687959d085d027731cdddfe5bc8c33adf8c370eca59e231f29
2026-10-07T06:17:52.7228036Z ##[end-action id=__self.__actions_cache;outcome=success;conclusion=success;duration_ms=19324]
2026-10-07T06:17:52.7231901Z ##[start-action display=Run godot --headless --path . --import || true;id=__self.__run_3]
2026-10-07T06:17:52.7983781Z ##[group]Run godot --headless --path . --import || true
2026-10-07T06:17:52.7984497Z [36;1mgodot --headless --path . --import || true[0m
2026-10-07T06:17:52.8067840Z shell: /usr/bin/bash --noprofile --norc -e -o pipefail {0}
2026-10-07T06:17:52.8068210Z env:
2026-10-07T06:17:52.8068419Z   GODOT_VERSION: 4.7-stable
2026-10-07T06:17:52.8068673Z ##[endgroup]
2026-10-07T06:17:53.0750592Z Godot Engine v4.7.stable.official.5b4e0cb0f - https://godotengine.org
2026-10-07T06:17:53.1391246Z 
2026-10-07T06:17:56.4556956Z [   0% ] [90m[1mfirst_scan_filesystem[22m | Started Project initialization (5 steps)[39m[0m
2026-10-07T06:17:56.4558191Z [   0% ] [90m[1mfirst_scan_filesystem[22m | Scanning file structure...[39m[0m
2026-10-07T06:17:56.5231337Z [  16% ] [90m[1mfirst_scan_filesystem[22m | Loading global class names...[39m[0m
2026-10-07T06:17:56.9801147Z [  33% ] [90m[1mfirst_scan_filesystem[22m | Verifying GDExtensions...[39m[0m
2026-10-07T06:17:56.9802088Z [  50% ] [90m[1mfirst_scan_filesystem[22m | Creating autoload scripts...[39m[0m
2026-10-07T06:18:01.3120759Z [  66% ] [90m[1mfirst_scan_filesystem[22m | Initializing plugins...[39m[0m
2026-10-07T06:18:01.3134599Z [  83% ] [90m[1mfirst_scan_filesystem[22m | Starting file scan...[39m[0m
2026-10-07T06:18:01.3135509Z [92m[ DONE ][39m [1mfirst_scan_filesystem[22m
2026-10-07T06:18:01.3136029Z [0m
2026-10-07T06:18:07.5476603Z [   0% ] [90m[1mupdate_scripts_classes[22m | Started Registering global classes... (3100 steps)[39m[0m
2026-10-07T06:18:07.5477906Z [   0% ] [90m[1mupdate_scripts_classes[22m | [39m[0m
2026-10-07T06:18:07.5478724Z [   0% ] [90m[1mupdate_scripts_classes[22m | [39m[0m
2026-10-07T06:18:07.5479590Z [   0% ] [90m[1mupdate_scripts_classes[22m | [39m[0m
2026-10-07T06:18:07.5480852Z [   0% ] [90m[1mupdate_scripts_classes[22m | [39m[0m
2026-10-07T06:18:07.5481764Z [   0% ] [90m[1mupdate_scripts_classes[22m | [39m[0m
2026-10-07T06:18:07.5482824Z [   0% ] [90m[1mupdate_scripts_classes[22m | [39m[0m
2026-10-07T06:18:07.5483667Z [   0% ] [90m[1mupdate_scripts_classes[22m | [39m[0m
2026-10-07T06:18:07.5484448Z [   0% ] [90m[1mupdate_scripts_classes[22m | [39m[0m
2026-10-07T06:18:07.5485185Z [   0% ] [90m[1mupdate_scripts_classes[22m | DoubleSlider[39m[0m
2026-10-07T06:18:07.5485920Z [   0% ] [90m[1mupdate_scripts_classes[22m | [39m[0m
2026-10-07T06:18:07.5486615Z [   0% ] [90m[1mupdate_scripts_classes[22m | [39m[0m
2026-10-07T06:18:07.5487337Z [   0% ] [90m[1mupdate_scripts_classes[22m | [39m[0m
2026-10-07T06:18:07.5488043Z [   0% ] [90m[1mupdate_scripts_classes[22m | [39m[0m
2026-10-07T06:18:07.5488760Z [   0% ] [90m[1mupdate_scripts_classes[22m | [39m[0m
2026-10-07T06:18:07.5489746Z [   0% ] [90m[1mupdate_scripts_classes[22m | [39m[0m
2026-10-07T06:18:07.5490445Z [   0% ] [90m[1mupdate_scripts_classes[22m | [39m[0m
2026-10-07T06:18:07.5491085Z [   0% ] [90m[1mupdate_scripts_classes[22m | [39m[0m
2026-10-07T06:18:07.5491770Z [   0% ] [90m[1mupdate_scripts_classes[22m | [39m[0m
2026-10-07T06:18:07.5492932Z [   0% ] [90m[1mupdate_scripts_classes[22m | [39m[0m
2026-10-07T06:18:07.5493783Z [   0% ] [90m[1mupdate_scripts_classes[22m | Terrain3DObjects[39m[0m
2026-10-07T06:18:07.5494609Z [   0% ] [90m[1mupdate_scripts_classes[22m | [39m[0m
2026-10-07T06:18:07.5495299Z [   0% ] [90m[1mupdate_scripts_classes[22m | [39m[0m
2026-10-07T06:18:07.5496003Z [   0% ] [90m[1mupdate_scripts_classes[22m | [39m[0m
2026-10-07T06:18:07.5496684Z [   0% ] [90m[1mupdate_scripts_classes[22m | [39m[0m
2026-10-07T06:18:07.5497390Z [   0% ] [90m[1mupdate_scripts_classes[22m | [39m[0m
2026-10-07T06:18:07.5498091Z [   0% ] [90m[1mupdate_scripts_classes[22m | [39m[0m
2026-10-07T06:18:07.5498772Z [   0% ] [90m[1mupdate_scripts_classes[22m | [39m[0m
2026-10-07T06:18:07.5499484Z [   0% ] [90m[1mupdate_scripts_classes[22m | [39m[0m
2026-10-07T06:18:07.5500173Z [   0% ] [90m[1mupdate_scripts_classes[22m | [39m[0m
2026-10-07T06:18:07.5500865Z [   0% ] [90m[1mupdate_scripts_classes[22m | [39m[0m
2026-10-07T06:18:07.5501461Z [   0% ] [90m[1mupdate_scripts_classes[22m | [39m[0m
2026-10-07T06:18:07.5502211Z [   0% ] [90m[1mupdate_scripts_classes[22m | AudioManager[39m[0m
2026-10-07T06:18:07.5503232Z [   1% ] [90m[1mupdate_scripts_classes[22m | [39m[0m
2026-10-07T06:18:07.5503927Z [   1% ] [90m[1mupdate_scripts_classes[22m | [39m[0m
2026-10-07T06:18:07.5504627Z [   1% ] [90m[1mupdate_scripts_classes[22m | [39m[0m
2026-10-07T06:18:07.5505321Z [   1% ] [90m[1mupdate_scripts_classes[22m | [39m[0m
2026-10-07T06:18:07.5506024Z [   1% ] [90m[1mupdate_scripts_classes[22m | [39m[0m
2026-10-07T06:18:07.5506745Z [   1% ] [90m[1mupdate_scripts_classes[22m | [39m[0m
2026-10-07T06:18:07.5507447Z [   1% ] [90m[1mupdate_scripts_classes[22m | [39m[0m
2026-10-07T06:18:07.5508190Z [   1% ] [90m[1mupdate_scripts_classes[22m | [39m[0m
2026-10-07T06:18:07.5508870Z [   1% ] [90m[1mupdate_scripts_classes[22m | [39m[0m
2026-10-07T06:18:07.5509588Z [   1% ] [90m[1mupdate_scripts_classes[22m | [39m[0m
2026-10-07T06:18:07.5510289Z [   1% ] [90m[1mupdate_scripts_classes[22m | [39m[0m
2026-10-07T06:18:07.5510967Z [   1% ] [90m[1mupdate_scripts_classes[22m | [39m[0m
2026-10-07T06:18:07.5511669Z [   1% ] [90m[1mupdate_scripts_classes[22m | [39m[0m
2026-10-07T06:18:07.5512358Z [   1% ] [90m[1mupdate_scripts_classes[22m | [39m[0m
2026-10-07T06:18:07.5513315Z [   1% ] [90m[1mupdate_scripts_classes[22m | [39m[0m
2026-10-07T06:18:07.5514003Z [   1% ] [90m[1mupdate_scripts_classes[22m | [39m[0m
2026-10-07T06:18:07.5514737Z [   1% ] [90m[1mupdate_scripts_classes[22m | [39m[0m
2026-10-07T06:18:07.5515475Z [   1% ] [90m[1mupdate_scripts_classes[22m | [39m[0m
2026-10-07T06:18:07.5516458Z [   1% ] [90m[1mupdate_scripts_classes[22m | [39m[0m
2026-10-07T06:18:07.5517198Z [   1% ] [90m[1mupdate_scripts_classes[22m | [39m[0m
2026-10-07T06:18:07.5517828Z [   1% ] [90m[1mupdate_scripts_classes[22m | [39m[0m
2026-10-07T06:18:07.5518436Z [   1% ] [90m[1mupdate_scripts_classes[22m | [39m[0m
2026-10-07T06:18:07.5519164Z [   1% ] [90m[1mupdate_scripts_classes[22m | [39m[0m
2026-10-07T06:18:07.5519867Z [   1% ] [90m[1mupdate_scripts_classes[22m | [39m[0m
2026-10-07T06:18:07.5520558Z [   1% ] [90m[1mupdate_scripts_classes[22m | [39m[0m
2026-10-07T06:18:07.5521269Z [   1% ] [90m[1mupdate_scripts_classes[22m | [39m[0m
2026-10-07T06:18:07.5521949Z [   1% ] [90m[1mupdate_scripts_classes[22m | [39m[0m
2026-10-07T06:18:07.5523620Z [   1% ] [90m[1mupdate_scripts_classes[22m | [39m[0m
2026-10-07T06:18:07.5524670Z [   1% ] [90m[1mupdate_scripts_classes[22m | [39m[0m
2026-10-07T06:18:07.5525370Z [   1% ] [90m[1mupdate_scripts_classes[22m | [39m[0m
2026-10-07T06:18:07.5526086Z [   1% ] [90m[1mupdate_scripts_classes[22m | [39m[0m
2026-10-07T06:18:07.5526802Z [   2% ] [90m[1mupdate_scripts_classes[22m | [39m[0m
2026-10-07T06:18:07.5527517Z [   2% ] [90m[1mupdate_scripts_classes[22m | [39m[0m
2026-10-07T06:18:07.5528205Z [   2% ] [90m[1mupdate_scripts_classes[22m | [39m[0m
2026-10-07T06:18:07.5528910Z [   2% ] [90m[1mupdate_scripts_classes[22m | [39m[0m
2026-10-07T06:18:07.5529608Z [   2% ] [90m[1mupdate_scripts_classes[22m | [39m[0m
2026-10-07T06:18:07.5530290Z [   2% ] [90m[1mupdate_scripts_classes[22m | [39m[0m
2026-10-07T06:18:07.5530982Z [   2% ] [90m[1mupdate_scripts_classes[22m | [39m[0m
2026-10-07T06:18:07.5531663Z [   2% ] [90m[1mupdate_scripts_classes[22m | [39m[0m
2026-10-07T06:18:07.5532349Z [   2% ] [90m[1mupdate_scripts_classes[22m | [39m[0m
2026-10-07T06:18:07.5533346Z [   2% ] [90m[1mupdate_scripts_classes[22m | [39m[0m
2026-10-07T06:18:07.5534061Z [   2% ] [90m[1mupdate_scripts_classes[22m | [39m[0m
2026-10-07T06:18:07.5534765Z [   2% ] [90m[1mupdate_scripts_classes[22m | [39m[0m
2026-10-07T06:18:07.5535458Z [   2% ] [90m[1mupdate_scripts_classes[22m | [39m[0m
2026-10-07T06:18:07.5536153Z [   2% ] [90m[1mupdate_scripts_classes[22m | [39m[0m
2026-10-07T06:18:07.5536842Z [   2% ] [90m[1mupdate_scripts_classes[22m | [39m[0m
2026-10-07T06:18:07.5537520Z [   2% ] [90m[1mupdate_scripts_classes[22m | [39m[0m
2026-10-07T06:18:07.5538201Z [   2% ] [90m[1mupdate_scripts_classes[22m | [39m[0m
2026-10-07T06:18:07.5538923Z [   2% ] [90m[1mupdate_scripts_classes[22m | [39m[0m
2026-10-07T06:18:07.5539608Z [   2% ] [90m[1mupdate_scripts_classes[22m | [39m[0m
2026-10-07T06:18:07.5540310Z [   2% ] [90m[1mupdate_scripts_classes[22m | [39m[0m
2026-10-07T06:18:07.5540992Z [   2% ] [90m[1mupdate_scripts_classes[22m | [39m[0m
2026-10-07T06:18:07.5541696Z [   2% ] [90m[1mupdate_scripts_classes[22m | [39m[0m
2026-10-07T06:18:07.5542308Z [   2% ] [90m[1mupdate_scripts_classes[22m | [39m[0m
2026-10-07T06:18:07.5543209Z [   2% ] [90m[1mupdate_scripts_classes[22m | [39m[0m
2026-10-07T06:18:07.5543891Z [   2% ] [90m[1mupdate_scripts_classes[22m | [39m[0m
2026-10-07T06:18:07.5544570Z [   2% ] [90m[1mupdate_scripts_classes[22m | [39m[0m
2026-10-07T06:18:07.5545237Z [   2% ] [90m[1mupdate_scripts_classes[22m | [39m[0m
2026-10-07T06:18:07.5545920Z [   2% ] [90m[1mupdate_scripts_classes[22m | [39m[0m
2026-10-07T06:18:07.5546597Z [   2% ] [90m[1mupdate_scripts_classes[22m | [39m[0m
2026-10-07T06:18:07.5547286Z [   2% ] [90m[1mupdate_scripts_classes[22m | [39m[0m
2026-10-07T06:18:07.5547967Z [   2% ] [90m[1mupdate_scripts_classes[22m | [39m[0m
2026-10-07T06:18:07.5548644Z [   3% ] [90m[1mupdate_scripts_classes[22m | [39m[0m
2026-10-07T06:18:07.5549328Z [   3% ] [90m[1mupdate_scripts_classes[22m | [39m[0m
2026-10-07T06:18:07.5550037Z [   3% ] [90m[1mupdate_scripts_classes[22m | [39m[0m
2026-10-07T06:18:07.5551034Z [   3% ] [90m[1mupdate_scripts_classes[22m | [39m[0m
2026-10-07T06:18:07.5551755Z [   3% ] [90m[1mupdate_scripts_classes[22m | [39m[0m
2026-10-07T06:18:07.5552651Z [   3% ] [90m[1mupdate_scripts_classes[22m | [39m[0m
2026-10-07T06:18:07.5553414Z [   3% ] [90m[1mupdate_scripts_classes[22m | [39m[0m
2026-10-07T06:18:07.5554097Z [   3% ] [90m[1mupdate_scripts_classes[22m | [39m[0m
2026-10-07T06:18:07.5554780Z [   3% ] [90m[1mupdate_scripts_classes[22m | [39m[0m
2026-10-07T06:18:07.5555459Z [   3% ] [90m[1mupdate_scripts_classes[22m | [39m[0m
2026-10-07T06:18:07.5556143Z [   3% ] [90m[1mupdate_scripts_classes[22m | [39m[0m
2026-10-07T06:18:07.5556814Z [   3% ] [90m[1mupdate_scripts_classes[22m | [39m[0m
2026-10-07T06:18:07.5557493Z [   3% ] [90m[1mupdate_scripts_classes[22m | [39m[0m
2026-10-07T06:18:07.5558428Z [   3% ] [90m[1mupdate_scripts_classes[22m | [39m[0m
2026-10-07T06:18:07.5559106Z [   3% ] [90m[1mupdate_scripts_classes[22m | [39m[0m
2026-10-07T06:18:07.5559808Z [   3% ] [90m[1mupdate_scripts_classes[22m | [39m[0m
2026-10-07T06:18:07.5560489Z [   3% ] [90m[1mupdate_scripts_classes[22m | [39m[0m
2026-10-07T06:18:07.5561181Z [   3% ] [90m[1mupdate_scripts_classes[22m | [39m[0m
2026-10-07T06:18:07.5561853Z [   3% ] [90m[1mupdate_scripts_classes[22m | [39m[0m
2026-10-07T06:18:07.5562878Z [   3% ] [90m[1mupdate_scripts_classes[22m | [39m[0m
2026-10-07T06:18:07.5563603Z [   3% ] [90m[1mupdate_scripts_classes[22m | [39m[0m
2026-10-07T06:18:07.5564310Z [   3% ] [90m[1mupdate_scripts_classes[22m | [39m[0m
2026-10-07T06:18:07.5565035Z [   3% ] [90m[1mupdate_scripts_classes[22m | [39m[0m
2026-10-07T06:18:07.5565758Z [   3% ] [90m[1mupdate_scripts_classes[22m | [39m[0m
2026-10-07T06:18:07.5566460Z [   3% ] [90m[1mupdate_scripts_classes[22m | [39m[0m
2026-10-07T06:18:07.5567189Z [   3% ] [90m[1mupdate_scripts_classes[22m | [39m[0m
2026-10-07T06:18:07.5567878Z [   3% ] [90m[1mupdate_scripts_classes[22m | [39m[0m
2026-10-07T06:18:07.5568564Z [   3% ] [90m[1mupdate_scripts_classes[22m | [39m[0m
2026-10-07T06:18:07.5569258Z [   3% ] [90m[1mupdate_scripts_classes[22m | [39m[0m
2026-10-07T06:18:07.5569937Z [   3% ] [90m[1mupdate_scripts_classes[22m | [39m[0m
2026-10-07T06:18:07.5570617Z [   3% ] [90m[1mupdate_scripts_classes[22m | [39m[0m
2026-10-07T06:18:07.5571318Z [   4% ] [90m[1mupdate_scripts_classes[22m | [39m[0m
2026-10-07T06:18:07.5572022Z [   4% ] [90m[1mupdate_scripts_classes[22m | [39m[0m
2026-10-07T06:18:07.5572973Z [   4% ] [90m[1mupdate_scripts_classes[22m | [39m[0m
2026-10-07T06:18:07.5573831Z [   4% ] [90m[1mupdate_scripts_classes[22m | [39m[0m
2026-10-07T06:18:07.5574513Z [   4% ] [90m[1mupdate_scripts_classes[22m | [39m[0m
2026-10-07T06:18:07.5575216Z [   4% ] [90m[1mupdate_scripts_classes[22m | [39m[0m
2026-10-07T06:18:07.5575926Z [   4% ] [90m[1mupdate_scripts_classes[22m | [39m[0m
2026-10-07T06:18:07.5576638Z [   4% ] [90m[1mupdate_scripts_classes[22m | [39m[0m
2026-10-07T06:18:07.5577350Z [   4% ] [90m[1mupdate_scripts_classes[22m | [39m[0m
2026-10-07T06:18:07.5578029Z [   4% ] [90m[1mupdate_scripts_classes[22m | [39m[0m
2026-10-07T06:18:07.5578617Z [   4% ] [90m[1mupdate_scripts_classes[22m | [39m[0m
2026-10-07T06:18:07.5579159Z [   4% ] [90m[1mupdate_scripts_classes[22m | [39m[0m
2026-10-07T06:18:07.5579830Z [   4% ] [90m[1mupdate_scripts_classes[22m | [39m[0m
2026-10-07T06:18:07.5580524Z [   4% ] [90m[1mupdate_scripts_classes[22m | [39m[0m
2026-10-07T06:18:07.5581206Z [   4% ] [90m[1mupdate_scripts_classes[22m | [39m[0m
2026-10-07T06:18:07.5581881Z [   4% ] [90m[1mupdate_scripts_classes[22m | [39m[0m
2026-10-07T06:18:07.5582782Z [   4% ] [90m[1mupdate_scripts_classes[22m | [39m[0m
2026-10-07T06:18:07.5583520Z [   4% ] [90m[1mupdate_scripts_classes[22m | [39m[0m
2026-10-07T06:18:07.5584234Z [   4% ] [90m[1mupdate_scripts_classes[22m | [39m[0m
2026-10-07T06:18:07.5585177Z [   4% ] [90m[1mupdate_scripts_classes[22m | [39m[0m
2026-10-07T06:18:07.5585914Z [   4% ] [90m[1mupdate_scripts_classes[22m | [39m[0m
2026-10-07T06:18:07.5586593Z [   4% ] [90m[1mupdate_scripts_classes[22m | [39m[0m
2026-10-07T06:18:07.5587270Z [   4% ] [90m[1mupdate_scripts_classes[22m | [39m[0m
2026-10-07T06:18:07.5587954Z [   4% ] [90m[1mupdate_scripts_classes[22m | [39m[0m
2026-10-07T06:18:07.5588638Z [   4% ] [90m[1mupdate_scripts_classes[22m | [39m[0m
2026-10-07T06:18:07.5589320Z [   4% ] [90m[1mupdate_scripts_classes[22m | [39m[0m
2026-10-07T06:18:07.5590010Z [   4% ] [90m[1mupdate_scripts_classes[22m | [39m[0m
2026-10-07T06:18:07.5590708Z [   4% ] [90m[1mupdate_scripts_classes[22m | [39m[0m
2026-10-07T06:18:07.5591393Z [   4% ] [90m[1mupdate_scripts_classes[22m | [39m[0m
2026-10-07T06:18:07.5592344Z [   4% ] [90m[1mupdate_scripts_classes[22m | [39m[0m
2026-10-07T06:18:07.5593258Z [   4% ] [90m[1mupdate_scripts_classes[22m | [39m[0m
2026-10-07T06:18:07.5593997Z [   5% ] [90m[1mupdate_scripts_classes[22m | [39m[0m
2026-10-07T06:18:07.5594670Z [   5% ] [90m[1mupdate_scripts_classes[22m | [39m[0m
2026-10-07T06:18:07.5595363Z [   5% ] [90m[1mupdate_scripts_classes[22m | [39m[0m
2026-10-07T06:18:07.5596059Z [   5% ] [90m[1mupdate_scripts_classes[22m | [39m[0m
2026-10-07T06:18:07.5596732Z [   5% ] [90m[1mupdate_scripts_classes[22m | [39m[0m
2026-10-07T06:18:07.5597426Z [   5% ] [90m[1mupdate_scripts_classes[22m | [39m[0m
2026-10-07T06:18:07.5598106Z [   5% ] [90m[1mupdate_scripts_classes[22m | [39m[0m
2026-10-07T06:18:07.5598791Z [   5% ] [90m[1mupdate_scripts_classes[22m | [39m[0m
2026-10-07T06:18:07.5599468Z [   5% ] [90m[1mupdate_scripts_classes[22m | [39m[0m
2026-10-07T06:18:07.5600142Z [   5% ] [90m[1mupdate_scripts_classes[22m | [39m[0m
2026-10-07T06:18:07.5600845Z [   5% ] [90m[1mupdate_scripts_classes[22m | [39m[0m
2026-10-07T06:18:07.5601514Z [   5% ] [90m[1mupdate_scripts_classes[22m | [39m[0m
2026-10-07T06:18:07.5602184Z [   5% ] [90m[1mupdate_scripts_classes[22m | [39m[0m
2026-10-07T06:18:07.5603098Z [   5% ] [90m[1mupdate_scripts_classes[22m | [39m[0m
2026-10-07T06:18:07.5603792Z [   5% ] [90m[1mupdate_scripts_classes[22m | [39m[0m
2026-10-07T06:18:07.5604475Z [   5% ] [90m[1mupdate_scripts_classes[22m | [39m[0m
2026-10-07T06:18:07.5605158Z [   5% ] [90m[1mupdate_scripts_classes[22m | [39m[0m
2026-10-07T06:18:07.5605838Z [   5% ] [90m[1mupdate_scripts_classes[22m | [39m[0m
2026-10-07T06:18:07.5606528Z [   5% ] [90m[1mupdate_scripts_classes[22m | [39m[0m
2026-10-07T06:18:07.5607207Z [   5% ] [90m[1mupdate_scripts_classes[22m | [39m[0m
2026-10-07T06:18:07.5607895Z [   5% ] [90m[1mupdate_scripts_classes[22m | [39m[0m
2026-10-07T06:18:07.5608574Z [   5% ] [90m[1mupdate_scripts_classes[22m | [39m[0m
2026-10-07T06:18:07.5609258Z [   5% ] [90m[1mupdate_scripts_classes[22m | [39m[0m
2026-10-07T06:18:07.5609960Z [   5% ] [90m[1mupdate_scripts_classes[22m | [39m[0m
2026-10-07T06:18:07.5610653Z [   5% ] [90m[1mupdate_scripts_classes[22m | [39m[0m
2026-10-07T06:18:07.5611339Z [   5% ] [90m[1mupdate_scripts_classes[22m | [39m[0m
2026-10-07T06:18:07.5612018Z [   5% ] [90m[1mupdate_scripts_classes[22m | [39m[0m
2026-10-07T06:18:07.5612930Z [   5% ] [90m[1mupdate_scripts_classes[22m | [39m[0m
2026-10-07T06:18:07.5613642Z [   5% ] [90m[1mupdate_scripts_classes[22m | [39m[0m
2026-10-07T06:18:07.5614333Z [   5% ] [90m[1mupdate_scripts_classes[22m | [39m[0m
2026-10-07T06:18:07.5615065Z [   5% ] [90m[1mupdate_scripts_classes[22m | [39m[0m
2026-10-07T06:18:07.5615755Z [   6% ] [90m[1mupdate_scripts_classes[22m | [39m[0m
2026-10-07T06:18:07.5616458Z [   6% ] [90m[1mupdate_scripts_classes[22m | [39m[0m
2026-10-07T06:18:07.5617146Z [   6% ] [90m[1mupdate_scripts_classes[22m | [39m[0m
2026-10-07T06:18:07.5617846Z [   6% ] [90m[1mupdate_scripts_classes[22m | [39m[0m
2026-10-07T06:18:07.5618857Z [   6% ] [90m[1mupdate_scripts_classes[22m | [39m[0m
2026-10-07T06:18:07.5619678Z [   6% ] [90m[1mupdate_scripts_classes[22m | [39m[0m
2026-10-07T06:18:07.5620423Z [   6% ] [90m[1mupdate_scripts_classes[22m | [39m[0m
2026-10-07T06:18:07.5621134Z [   6% ] [90m[1mupdate_scripts_classes[22m | [39m[0m
2026-10-07T06:18:07.5621836Z [   6% ] [90m[1mupdate_scripts_classes[22m | [39m[0m
2026-10-07T06:18:07.5622729Z [   6% ] [90m[1mupdate_scripts_classes[22m | [39m[0m
2026-10-07T06:18:07.5623475Z [   6% ] [90m[1mupdate_scripts_classes[22m | [39m[0m
2026-10-07T06:18:07.5624167Z [   6% ] [90m[1mupdate_scripts_classes[22m | [39m[0m
2026-10-07T06:18:07.5624910Z [   6% ] [90m[1mupdate_scripts_classes[22m | [39m[0m
2026-10-07T06:18:07.5625582Z [   6% ] [90m[1mupdate_scripts_classes[22m | [39m[0m
2026-10-07T06:18:07.5626263Z [   6% ] [90m[1mupdate_scripts_classes[22m | [39m[0m
2026-10-07T06:18:07.5627194Z [   6% ] [90m[1mupdate_scripts_classes[22m | [39m[0m
2026-10-07T06:18:07.5627890Z [   6% ] [90m[1mupdate_scripts_classes[22m | [39m[0m
2026-10-07T06:18:07.5628581Z [   6% ] [90m[1mupdate_scripts_classes[22m | [39m[0m
2026-10-07T06:18:07.5629386Z [   6% ] [90m[1mupdate_scripts_classes[22m | [39m[0m
2026-10-07T06:18:07.5630262Z [   6% ] [90m[1mupdate_scripts_classes[22m | [39m[0m
2026-10-07T06:18:07.5631420Z [   6% ] [90m[1mupdate_scripts_classes[22m | [39m[0m
2026-10-07T06:18:07.5632281Z [   6% ] [90m[1mupdate_scripts_classes[22m | [39m[0m
2026-10-07T06:18:07.5633422Z [   6% ] [90m[1mupdate_scripts_classes[22m | [39m[0m
2026-10-07T06:18:07.5634373Z [   6% ] [90m[1mupdate_scripts_classes[22m | [39m[0m
2026-10-07T06:18:07.5635249Z [   6% ] [90m[1mupdate_scripts_classes[22m | [39m[0m
2026-10-07T06:18:07.5636236Z [   6% ] [90m[1mupdate_scripts_classes[22m | [39m[0m
2026-10-07T06:18:07.5637175Z [   6% ] [90m[1mupdate_scripts_classes[22m | [39m[0m
2026-10-07T06:18:07.5638122Z [   6% ] [90m[1mupdate_scripts_classes[22m | [39m[0m
2026-10-07T06:18:07.5639063Z [   6% ] [90m[1mupdate_scripts_classes[22m | [39m[0m
2026-10-07T06:18:07.5640069Z [   6% ] [90m[1mupdate_scripts_classes[22m | [39m[0m
2026-10-07T06:18:07.5640954Z [   6% ] [90m[1mupdate_scripts_classes[22m | [39m[0m
2026-10-07T06:18:07.5641822Z [   7% ] [90m[1mupdate_scripts_classes[22m | [39m[0m
2026-10-07T06:18:07.5643072Z [   7% ] [90m[1mupdate_scripts_classes[22m | [39m[0m
2026-10-07T06:18:07.5644145Z [   7% ] [90m[1mupdate_scripts_classes[22m | SnapshotTransfer[39m[0m
2026-10-07T06:18:07.5645185Z [   7% ] [90m[1mupdate_scripts_classes[22m | [39m[0m
2026-10-07T06:18:07.5646074Z [   7% ] [90m[1mupdate_scripts_classes[22m | [39m[0m
2026-10-07T06:18:07.5647069Z [   7% ] [90m[1mupdate_scripts_classes[22m | [39m[0m
2026-10-07T06:18:07.5647946Z [   7% ] [90m[1mupdate_scripts_classes[22m | [39m[0m
2026-10-07T06:18:07.5648965Z [   7% ] [90m[1mupdate_scripts_classes[22m | [39m[0m
2026-10-07T06:18:07.5670480Z [   7% ] [90m[1mupdate_scripts_classes[22m | [39m[0m
2026-10-07T06:18:07.5671259Z [   7% ] [90m[1mupdate_scripts_classes[22m | [39m[0m
2026-10-07T06:18:07.5671971Z [   7% ] [90m[1mupdate_scripts_classes[22m | [39m[0m
2026-10-07T06:18:07.5673052Z [   7% ] [90m[1mupdate_scripts_classes[22m | [39m[0m
2026-10-07T06:18:07.5673792Z [   7% ] [90m[1mupdate_scripts_classes[22m | [39m[0m
2026-10-07T06:18:07.5674537Z [   7% ] [90m[1mupdate_scripts_classes[22m | [39m[0m
2026-10-07T06:18:07.5675245Z [   7% ] [90m[1mupdate_scripts_classes[22m | [39m[0m
2026-10-07T06:18:07.5675937Z [   7% ] [90m[1mupdate_scripts_classes[22m | [39m[0m
2026-10-07T06:18:07.5676644Z [   7% ] [90m[1mupdate_scripts_classes[22m | [39m[0m
2026-10-07T06:18:07.5677334Z [   7% ] [90m[1mupdate_scripts_classes[22m | [39m[0m
2026-10-07T06:18:07.5678011Z [   7% ] [90m[1mupdate_scripts_classes[22m | [39m[0m
2026-10-07T06:18:07.5678722Z [   7% ] [90m[1mupdate_scripts_classes[22m | [39m[0m
2026-10-07T06:18:07.5679686Z [   7% ] [90m[1mupdate_scripts_classes[22m | [39m[0m
2026-10-07T06:18:07.5680437Z [   7% ] [90m[1mupdate_scripts_classes[22m | [39m[0m
2026-10-07T06:18:07.5681130Z [   7% ] [90m[1mupdate_scripts_classes[22m | [39m[0m
2026-10-07T06:18:07.5681821Z [   7% ] [90m[1mupdate_scripts_classes[22m | [39m[0m
2026-10-07T06:18:07.5686929Z [   7% ] [90m[1mupdate_scripts_classes[22m | [39m[0m
2026-10-07T06:18:07.5687726Z [   7% ] [90m[1mupdate_scripts_classes[22m | [39m[0m
2026-10-07T06:18:07.5688420Z [   7% ] [90m[1mupdate_scripts_classes[22m | [39m[0m
2026-10-07T06:18:07.5689082Z [   7% ] [90m[1mupdate_scripts_classes[22m | [39m[0m
2026-10-07T06:18:07.5689728Z [   7% ] [90m[1mupdate_scripts_classes[22m | [39m[0m
2026-10-07T06:18:07.5690378Z [   7% ] [90m[1mupdate_scripts_classes[22m | [39m[0m
2026-10-07T06:18:07.5691303Z [   7% ] [90m[1mupdate_scripts_classes[22m | [39m[0m
2026-10-07T06:18:07.5691961Z [   8% ] [90m[1mupdate_scripts_classes[22m | [39m[0m
2026-10-07T06:18:07.5692911Z [   8% ] [90m[1mupdate_scripts_classes[22m | [39m[0m
2026-10-07T06:18:07.5693576Z [   8% ] [90m[1mupdate_scripts_classes[22m | [39m[0m
2026-10-07T06:18:07.5694232Z [   8% ] [90m[1mupdate_scripts_classes[22m | [39m[0m
2026-10-07T06:18:07.5694873Z [   8% ] [90m[1mupdate_scripts_classes[22m | [39m[0m
2026-10-07T06:18:07.5695523Z [   8% ] [90m[1mupdate_scripts_classes[22m | [39m[0m
2026-10-07T06:18:07.5696182Z [   8% ] [90m[1mupdate_scripts_classes[22m | [39m[0m
2026-10-07T06:18:07.5696823Z [   8% ] [90m[1mupdate_scripts_classes[22m | [39m[0m
2026-10-07T06:18:07.5697472Z [   8% ] [90m[1mupdate_scripts_classes[22m | [39m[0m
2026-10-07T06:18:07.5698116Z [   8% ] [90m[1mupdate_scripts_classes[22m | [39m[0m
2026-10-07T06:18:07.5698772Z [   8% ] [90m[1mupdate_scripts_classes[22m | [39m[0m
2026-10-07T06:18:07.5699449Z [   8% ] [90m[1mupdate_scripts_classes[22m | [39m[0m
2026-10-07T06:18:07.5700110Z [   8% ] [90m[1mupdate_scripts_classes[22m | [39m[0m
2026-10-07T06:18:07.5700723Z [   8% ] [90m[1mupdate_scripts_classes[22m | [39m[0m
2026-10-07T06:18:07.5701346Z [   8% ] [90m[1mupdate_scripts_classes[22m | [39m[0m
2026-10-07T06:18:07.5701983Z [   8% ] [90m[1mupdate_scripts_classes[22m | [39m[0m
2026-10-07T06:18:07.5702980Z [   8% ] [90m[1mupdate_scripts_classes[22m | [39m[0m
2026-10-07T06:18:07.5703709Z [   8% ] [90m[1mupdate_scripts_classes[22m | [39m[0m
2026-10-07T06:18:07.5704402Z [   8% ] [90m[1mupdate_scripts_classes[22m | [39m[0m
2026-10-07T06:18:07.5705088Z [   8% ] [90m[1mupdate_scripts_classes[22m | [39m[0m
2026-10-07T06:18:07.5705766Z [   8% ] [90m[1mupdate_scripts_classes[22m | [39m[0m
2026-10-07T06:18:07.5706454Z [   8% ] [90m[1mupdate_scripts_classes[22m | [39m[0m
2026-10-07T06:18:07.5707120Z [   8% ] [90m[1mupdate_scripts_classes[22m | [39m[0m
2026-10-07T06:18:07.5707808Z [   8% ] [90m[1mupdate_scripts_classes[22m | [39m[0m
2026-10-07T06:18:07.5708492Z [   8% ] [90m[1mupdate_scripts_classes[22m | [39m[0m
2026-10-07T06:18:07.5709182Z [   8% ] [90m[1mupdate_scripts_classes[22m | [39m[0m
2026-10-07T06:18:07.5709872Z [   8% ] [90m[1mupdate_scripts_classes[22m | [39m[0m
2026-10-07T06:18:07.5710549Z [   8% ] [90m[1mupdate_scripts_classes[22m | [39m[0m
2026-10-07T06:18:07.5711224Z [   8% ] [90m[1mupdate_scripts_classes[22m | [39m[0m
2026-10-07T06:18:07.5711897Z [   8% ] [90m[1mupdate_scripts_classes[22m | [39m[0m
2026-10-07T06:18:07.5713429Z [   8% ] [90m[1mupdate_scripts_classes[22m | [39m[0m
2026-10-07T06:18:07.5714208Z [   9% ] [90m[1mupdate_scripts_classes[22m | [39m[0m
2026-10-07T06:18:07.5714896Z [   9% ] [90m[1mupdate_scripts_classes[22m | [39m[0m
2026-10-07T06:18:07.5715562Z [   9% ] [90m[1mupdate_scripts_classes[22m | [39m[0m
2026-10-07T06:18:07.5716230Z [   9% ] [90m[1mupdate_scripts_classes[22m | [39m[0m
2026-10-07T06:18:07.5716915Z [   9% ] [90m[1mupdate_scripts_classes[22m | [39m[0m
2026-10-07T06:18:07.5717907Z [   9% ] [90m[1mupdate_scripts_classes[22m | AudioCues[39m[0m
2026-10-07T06:18:07.5718680Z [   9% ] [90m[1mupdate_scripts_classes[22m | [39m[0m
2026-10-07T06:18:07.5719355Z [   9% ] [90m[1mupdate_scripts_classes[22m | [39m[0m
2026-10-07T06:18:07.5720037Z [   9% ] [90m[1mupdate_scripts_classes[22m | [39m[0m
2026-10-07T06:18:07.5720700Z [   9% ] [90m[1mupdate_scripts_classes[22m | [39m[0m
2026-10-07T06:18:07.5721377Z [   9% ] [90m[1mupdate_scripts_classes[22m | [39m[0m
2026-10-07T06:18:07.5722032Z [   9% ] [90m[1mupdate_scripts_classes[22m | [39m[0m
2026-10-07T06:18:07.5722946Z [   9% ] [90m[1mupdate_scripts_classes[22m | [39m[0m
2026-10-07T06:18:07.5723632Z [   9% ] [90m[1mupdate_scripts_classes[22m | [39m[0m
2026-10-07T06:18:07.5724373Z [   9% ] [90m[1mupdate_scripts_classes[22m | [39m[0m
2026-10-07T06:18:07.5725301Z [   9% ] [90m[1mupdate_scripts_classes[22m | [39m[0m
2026-10-07T06:18:07.5725982Z [   9% ] [90m[1mupdate_scripts_classes[22m | [39m[0m
2026-10-07T06:18:07.5726688Z [   9% ] [90m[1mupdate_scripts_classes[22m | [39m[0m
2026-10-07T06:18:07.5727365Z [   9% ] [90m[1mupdate_scripts_classes[22m | [39m[0m
2026-10-07T06:18:07.5728071Z [   9% ] [90m[1mupdate_scripts_classes[22m | [39m[0m
2026-10-07T06:18:07.5728742Z [   9% ] [90m[1mupdate_scripts_classes[22m | [39m[0m
2026-10-07T06:18:07.5729403Z [   9% ] [90m[1mupdate_scripts_classes[22m | [39m[0m
2026-10-07T06:18:07.5730064Z [   9% ] [90m[1mupdate_scripts_classes[22m | [39m[0m
2026-10-07T06:18:07.5730726Z [   9% ] [90m[1mupdate_scripts_classes[22m | [39m[0m
2026-10-07T06:18:07.5731396Z [   9% ] [90m[1mupdate_scripts_classes[22m | [39m[0m
2026-10-07T06:18:07.5732075Z [   9% ] [90m[1mupdate_scripts_classes[22m | [39m[0m
2026-10-07T06:18:07.5733015Z [   9% ] [90m[1mupdate_scripts_classes[22m | [39m[0m
2026-10-07T06:18:07.5733705Z [   9% ] [90m[1mupdate_scripts_classes[22m | [39m[0m
2026-10-07T06:18:07.5734375Z [   9% ] [90m[1mupdate_scripts_classes[22m | [39m[0m
2026-10-07T06:18:07.5735057Z [   9% ] [90m[1mupdate_scripts_classes[22m | [39m[0m
2026-10-07T06:18:07.5735715Z [   9% ] [90m[1mupdate_scripts_classes[22m | [39m[0m
2026-10-07T06:18:07.5736381Z [  10% ] [90m[1mupdate_scripts_classes[22m | [39m[0m
2026-10-07T06:18:07.5737059Z [  10% ] [90m[1mupdate_scripts_classes[22m | [39m[0m
2026-10-07T06:18:07.5737745Z [  10% ] [90m[1mupdate_scripts_classes[22m | [39m[0m
2026-10-07T06:18:07.5738423Z [  10% ] [90m[1mupdate_scripts_classes[22m | [39m[0m
2026-10-07T06:18:07.5739090Z [  10% ] [90m[1mupdate_scripts_classes[22m | [39m[0m
2026-10-07T06:18:07.5739752Z [  10% ] [90m[1mupdate_scripts_classes[22m | [39m[0m
2026-10-07T06:18:07.5740423Z [  10% ] [90m[1mupdate_scripts_classes[22m | [39m[0m
2026-10-07T06:18:07.5741081Z [  10% ] [90m[1mupdate_scripts_classes[22m | [39m[0m
2026-10-07T06:18:07.5741779Z [  10% ] [90m[1mupdate_scripts_classes[22m | [39m[0m
2026-10-07T06:18:07.5742743Z [  10% ] [90m[1mupdate_scripts_classes[22m | [39m[0m
2026-10-07T06:18:07.5743447Z [  10% ] [90m[1mupdate_scripts_classes[22m | [39m[0m
2026-10-07T06:18:07.5744107Z [  10% ] [90m[1mupdate_scripts_classes[22m | [39m[0m
2026-10-07T06:18:07.5744760Z [  10% ] [90m[1mupdate_scripts_classes[22m | [39m[0m
2026-10-07T06:18:07.5745411Z [  10% ] [90m[1mupdate_scripts_classes[22m | [39m[0m
2026-10-07T06:18:07.5746052Z [  10% ] [90m[1mupdate_scripts_classes[22m | [39m[0m
2026-10-07T06:18:07.5746696Z [  10% ] [90m[1mupdate_scripts_classes[22m | [39m[0m
2026-10-07T06:18:07.5747346Z [  10% ] [90m[1mupdate_scripts_classes[22m | [39m[0m
2026-10-07T06:18:07.5747989Z [  10% ] [90m[1mupdate_scripts_classes[22m | [39m[0m
2026-10-07T06:18:07.5748658Z [  10% ] [90m[1mupdate_scripts_classes[22m | [39m[0m
2026-10-07T06:18:07.5749300Z [  10% ] [90m[1mupdate_scripts_classes[22m | [39m[0m
2026-10-07T06:18:07.5749957Z [  10% ] [90m[1mupdate_scripts_classes[22m | [39m[0m
2026-10-07T06:18:07.5750995Z [  10% ] [90m[1mupdate_scripts_classes[22m | [39m[0m
2026-10-07T06:18:07.5751712Z [  10% ] [90m[1mupdate_scripts_classes[22m | [39m[0m
2026-10-07T06:18:07.5752398Z [  10% ] [90m[1mupdate_scripts_classes[22m | [39m[0m
2026-10-07T06:18:07.5753406Z [  10% ] [90m[1mupdate_scripts_classes[22m | [39m[0m
2026-10-07T06:18:07.5754086Z [  10% ] [90m[1mupdate_scripts_classes[22m | [39m[0m
2026-10-07T06:18:07.5754792Z [  10% ] [90m[1mupdate_scripts_classes[22m | [39m[0m
2026-10-07T06:18:07.5755464Z [  10% ] [90m[1mupdate_scripts_classes[22m | [39m[0m
2026-10-07T06:18:07.5756139Z [  10% ] [90m[1mupdate_scripts_classes[22m | [39m[0m
2026-10-07T06:18:07.5756732Z [  10% ] [90m[1mupdate_scripts_classes[22m | [39m[0m
2026-10-07T06:18:07.5757331Z [  10% ] [90m[1mupdate_scripts_classes[22m | [39m[0m
2026-10-07T06:18:07.5758229Z [  11% ] [90m[1mupdate_scripts_classes[22m | [39m[0m
2026-10-07T06:18:07.5758909Z [  11% ] [90m[1mupdate_scripts_classes[22m | [39m[0m
2026-10-07T06:18:07.5759593Z [  11% ] [90m[1mupdate_scripts_classes[22m | [39m[0m
2026-10-07T06:18:07.5760293Z [  11% ] [90m[1mupdate_scripts_classes[22m | [39m[0m
2026-10-07T06:18:07.5760972Z [  11% ] [90m[1mupdate_scripts_classes[22m | [39m[0m
2026-10-07T06:18:07.5761674Z [  11% ] [90m[1mupdate_scripts_classes[22m | [39m[0m
2026-10-07T06:18:07.5762387Z [  11% ] [90m[1mupdate_scripts_classes[22m | [39m[0m
2026-10-07T06:18:07.5763419Z [  11% ] [90m[1mupdate_scripts_classes[22m | UITokens[39m[0m
2026-10-07T06:18:07.5764178Z [  11% ] [90m[1mupdate_scripts_classes[22m | [39m[0m
2026-10-07T06:18:07.5764863Z [  11% ] [90m[1mupdate_scripts_classes[22m | [39m[0m
2026-10-07T06:18:07.5765544Z [  11% ] [90m[1mupdate_scripts_classes[22m | [39m[0m
2026-10-07T06:18:07.5766217Z [  11% ] [90m[1mupdate_scripts_classes[22m | [39m[0m
2026-10-07T06:18:07.5766901Z [  11% ] [90m[1mupdate_scripts_classes[22m | [39m[0m
2026-10-07T06:18:07.5767591Z [  11% ] [90m[1mupdate_scripts_classes[22m | [39m[0m
2026-10-07T06:18:07.5768275Z [  11% ] [90m[1mupdate_scripts_classes[22m | [39m[0m
2026-10-07T06:18:07.5768953Z [  11% ] [90m[1mupdate_scripts_classes[22m | [39m[0m
2026-10-07T06:18:07.5769698Z [  11% ] [90m[1mupdate_scripts_classes[22m | [39m[0m
2026-10-07T06:18:07.5770384Z [  11% ] [90m[1mupdate_scripts_classes[22m | [39m[0m
2026-10-07T06:18:07.5771092Z [  11% ] [90m[1mupdate_scripts_classes[22m | [39m[0m
2026-10-07T06:18:07.5771759Z [  11% ] [90m[1mupdate_scripts_classes[22m | [39m[0m
2026-10-07T06:18:07.5772678Z [  11% ] [90m[1mupdate_scripts_classes[22m | [39m[0m
2026-10-07T06:18:07.5773411Z [  11% ] [90m[1mupdate_scripts_classes[22m | [39m[0m
2026-10-07T06:18:07.5774106Z [  11% ] [90m[1mupdate_scripts_classes[22m | [39m[0m
2026-10-07T06:18:07.5774804Z [  11% ] [90m[1mupdate_scripts_classes[22m | [39m[0m
2026-10-07T06:18:07.5775492Z [  11% ] [90m[1mupdate_scripts_classes[22m | [39m[0m
2026-10-07T06:18:07.5776177Z [  11% ] [90m[1mupdate_scripts_classes[22m | [39m[0m
2026-10-07T06:18:07.5776860Z [  11% ] [90m[1mupdate_scripts_classes[22m | [39m[0m
2026-10-07T06:18:07.5777548Z [  11% ] [90m[1mupdate_scripts_classes[22m | [39m[0m
2026-10-07T06:18:07.5778240Z [  11% ] [90m[1mupdate_scripts_classes[22m | [39m[0m
2026-10-07T06:18:07.5778928Z [  11% ] [90m[1mupdate_scripts_classes[22m | [39m[0m
2026-10-07T06:18:07.5779621Z [  11% ] [90m[1mupdate_scripts_classes[22m | [39m[0m
2026-10-07T06:18:07.5780304Z [  12% ] [90m[1mupdate_scripts_classes[22m | [39m[0m
2026-10-07T06:18:07.5780967Z [  12% ] [90m[1mupdate_scripts_classes[22m | [39m[0m
2026-10-07T06:18:07.5781636Z [  12% ] [90m[1mupdate_scripts_classes[22m | [39m[0m
2026-10-07T06:18:07.5782298Z [  12% ] [90m[1mupdate_scripts_classes[22m | [39m[0m
2026-10-07T06:18:07.5783183Z [  12% ] [90m[1mupdate_scripts_classes[22m | [39m[0m
2026-10-07T06:18:07.5783870Z [  12% ] [90m[1mupdate_scripts_classes[22m | [39m[0m
2026-10-07T06:18:07.5784733Z [  12% ] [90m[1mupdate_scripts_classes[22m | [39m[0m
2026-10-07T06:18:07.5785433Z [  12% ] [90m[1mupdate_scripts_classes[22m | [39m[0m
2026-10-07T06:18:07.5786093Z [  12% ] [90m[1mupdate_scripts_classes[22m | [39m[0m
2026-10-07T06:18:07.5786750Z [  12% ] [90m[1mupdate_scripts_classes[22m | [39m[0m
2026-10-07T06:18:07.5787421Z [  12% ] [90m[1mupdate_scripts_classes[22m | [39m[0m
2026-10-07T06:18:07.5788128Z [  12% ] [90m[1mupdate_scripts_classes[22m | [39m[0m
2026-10-07T06:18:07.5788801Z [  12% ] [90m[1mupdate_scripts_classes[22m | [39m[0m
2026-10-07T06:18:07.5789465Z [  12% ] [90m[1mupdate_scripts_classes[22m | [39m[0m
2026-10-07T06:18:07.5790124Z [  12% ] [90m[1mupdate_scripts_classes[22m | [39m[0m
2026-10-07T06:18:07.5790782Z [  12% ] [90m[1mupdate_scripts_classes[22m | [39m[0m
2026-10-07T06:18:07.5791643Z [  12% ] [90m[1mupdate_scripts_classes[22m | [39m[0m
2026-10-07T06:18:07.5792282Z [  12% ] [90m[1mupdate_scripts_classes[22m | [39m[0m
2026-10-07T06:18:07.5793215Z [  12% ] [90m[1mupdate_scripts_classes[22m | [39m[0m
2026-10-07T06:18:07.5793921Z [  12% ] [90m[1mupdate_scripts_classes[22m | [39m[0m
2026-10-07T06:18:07.5794609Z [  12% ] [90m[1mupdate_scripts_classes[22m | [39m[0m
2026-10-07T06:18:07.5795293Z [  12% ] [90m[1mupdate_scripts_classes[22m | [39m[0m
2026-10-07T06:18:07.5795985Z [  12% ] [90m[1mupdate_scripts_classes[22m | [39m[0m
2026-10-07T06:18:07.5796668Z [  12% ] [90m[1mupdate_scripts_classes[22m | [39m[0m
2026-10-07T06:18:07.5797342Z [  12% ] [90m[1mupdate_scripts_classes[22m | [39m[0m
2026-10-07T06:18:07.5798027Z [  12% ] [90m[1mupdate_scripts_classes[22m | [39m[0m
2026-10-07T06:18:07.5798704Z [  12% ] [90m[1mupdate_scripts_classes[22m | [39m[0m
2026-10-07T06:18:07.5799387Z [  12% ] [90m[1mupdate_scripts_classes[22m | [39m[0m
2026-10-07T06:18:07.5800096Z [  12% ] [90m[1mupdate_scripts_classes[22m | [39m[0m
2026-10-07T06:18:07.5800777Z [  12% ] [90m[1mupdate_scripts_classes[22m | [39m[0m
2026-10-07T06:18:07.5801605Z [  12% ] [90m[1mupdate_scripts_classes[22m | CloudreachGrassRoles[39m[0m
2026-10-07T06:18:07.5802640Z [  13% ] [90m[1mupdate_scripts_classes[22m | [39m[0m
2026-10-07T06:18:07.5803356Z [  13% ] [90m[1mupdate_scripts_classes[22m | [39m[0m
2026-10-07T06:18:07.5804049Z [  13% ] [90m[1mupdate_scripts_classes[22m | [39m[0m
2026-10-07T06:18:07.5804728Z [  13% ] [90m[1mupdate_scripts_classes[22m | [39m[0m
2026-10-07T06:18:07.5805420Z [  13% ] [90m[1mupdate_scripts_classes[22m | [39m[0m
2026-10-07T06:18:07.5806097Z [  13% ] [90m[1mupdate_scripts_classes[22m | [39m[0m
2026-10-07T06:18:07.5806773Z [  13% ] [90m[1mupdate_scripts_classes[22m | [39m[0m
2026-10-07T06:18:07.5807452Z [  13% ] [90m[1mupdate_scripts_classes[22m | [39m[0m
2026-10-07T06:18:07.5808121Z [  13% ] [90m[1mupdate_scripts_classes[22m | [39m[0m
2026-10-07T06:18:07.5808807Z [  13% ] [90m[1mupdate_scripts_classes[22m | [39m[0m
2026-10-07T06:18:07.5809494Z [  13% ] [90m[1mupdate_scripts_classes[22m | [39m[0m
2026-10-07T06:18:07.5810164Z [  13% ] [90m[1mupdate_scripts_classes[22m | [39m[0m
2026-10-07T06:18:07.5810836Z [  13% ] [90m[1mupdate_scripts_classes[22m | [39m[0m
2026-10-07T06:18:07.5811508Z [  13% ] [90m[1mupdate_scripts_classes[22m | [39m[0m
2026-10-07T06:18:07.5812212Z [  13% ] [90m[1mupdate_scripts_classes[22m | [39m[0m
2026-10-07T06:18:07.5813125Z [  13% ] [90m[1mupdate_scripts_classes[22m | [39m[0m
2026-10-07T06:18:07.5813808Z [  13% ] [90m[1mupdate_scripts_classes[22m | [39m[0m
2026-10-07T06:18:07.5814486Z [  13% ] [90m[1mupdate_scripts_classes[22m | [39m[0m
2026-10-07T06:18:07.5815171Z [  13% ] [90m[1mupdate_scripts_classes[22m | [39m[0m
2026-10-07T06:18:07.5815863Z [  13% ] [90m[1mupdate_scripts_classes[22m | [39m[0m
2026-10-07T06:18:07.5816542Z [  13% ] [90m[1mupdate_scripts_classes[22m | [39m[0m
2026-10-07T06:18:07.5817239Z [  13% ] [90m[1mupdate_scripts_classes[22m | [39m[0m
2026-10-07T06:18:07.5818141Z [  13% ] [90m[1mupdate_scripts_classes[22m | [39m[0m
2026-10-07T06:18:07.5818872Z [  13% ] [90m[1mupdate_scripts_classes[22m | [39m[0m
2026-10-07T06:18:07.5819575Z [  13% ] [90m[1mupdate_scripts_classes[22m | [39m[0m
2026-10-07T06:18:07.5820285Z [  13% ] [90m[1mupdate_scripts_classes[22m | [39m[0m
2026-10-07T06:18:07.5820990Z [  13% ] [90m[1mupdate_scripts_classes[22m | [39m[0m
2026-10-07T06:18:07.5821670Z [  13% ] [90m[1mupdate_scripts_classes[22m | [39m[0m
2026-10-07T06:18:07.5822357Z [  13% ] [90m[1mupdate_scripts_classes[22m | [39m[0m
2026-10-07T06:18:07.5823318Z [  13% ] [90m[1mupdate_scripts_classes[22m | [39m[0m
2026-10-07T06:18:07.5824014Z [  13% ] [90m[1mupdate_scripts_classes[22m | [39m[0m
2026-10-07T06:18:07.5824718Z [  14% ] [90m[1mupdate_scripts_classes[22m | [39m[0m
2026-10-07T06:18:07.5825840Z [  14% ] [90m[1mupdate_scripts_classes[22m | [39m[0m
2026-10-07T06:18:07.5826536Z [  14% ] [90m[1mupdate_scripts_classes[22m | [39m[0m
2026-10-07T06:18:07.5827228Z [  14% ] [90m[1mupdate_scripts_classes[22m | [39m[0m
2026-10-07T06:18:07.5827900Z [  14% ] [90m[1mupdate_scripts_classes[22m | [39m[0m
2026-10-07T06:18:07.5828594Z [  14% ] [90m[1mupdate_scripts_classes[22m | [39m[0m
2026-10-07T06:18:07.5829309Z [  14% ] [90m[1mupdate_scripts_classes[22m | [39m[0m
2026-10-07T06:18:07.5829999Z [  14% ] [90m[1mupdate_scripts_classes[22m | [39m[0m
2026-10-07T06:18:07.5830703Z [  14% ] [90m[1mupdate_scripts_classes[22m | [39m[0m
2026-10-07T06:18:07.5831422Z [  14% ] [90m[1mupdate_scripts_classes[22m | [39m[0m
2026-10-07T06:18:07.5832120Z [  14% ] [90m[1mupdate_scripts_classes[22m | [39m[0m
2026-10-07T06:18:07.5833051Z [  14% ] [90m[1mupdate_scripts_classes[22m | [39m[0m
2026-10-07T06:18:07.5833758Z [  14% ] [90m[1mupdate_scripts_classes[22m | [39m[0m
2026-10-07T06:18:07.5834460Z [  14% ] [90m[1mupdate_scripts_classes[22m | [39m[0m
2026-10-07T06:18:07.5835151Z [  14% ] [90m[1mupdate_scripts_classes[22m | [39m[0m
2026-10-07T06:18:07.5835850Z [  14% ] [90m[1mupdate_scripts_classes[22m | [39m[0m
2026-10-07T06:18:07.5836542Z [  14% ] [90m[1mupdate_scripts_classes[22m | [39m[0m
2026-10-07T06:18:07.5837218Z [  14% ] [90m[1mupdate_scripts_classes[22m | [39m[0m
2026-10-07T06:18:07.5837885Z [  14% ] [90m[1mupdate_scripts_classes[22m | [39m[0m
2026-10-07T06:18:07.5838572Z [  14% ] [90m[1mupdate_scripts_classes[22m | [39m[0m
2026-10-07T06:18:07.5839260Z [  14% ] [90m[1mupdate_scripts_classes[22m | [39m[0m
2026-10-07T06:18:07.5839950Z [  14% ] [90m[1mupdate_scripts_classes[22m | [39m[0m
2026-10-07T06:18:07.5840633Z [  14% ] [90m[1mupdate_scripts_classes[22m | [39m[0m
2026-10-07T06:18:07.5841326Z [  14% ] [90m[1mupdate_scripts_classes[22m | [39m[0m
2026-10-07T06:18:07.5842005Z [  14% ] [90m[1mupdate_scripts_classes[22m | [39m[0m
2026-10-07T06:18:07.5842918Z [  14% ] [90m[1mupdate_scripts_classes[22m | [39m[0m
2026-10-07T06:18:07.5843624Z [  14% ] [90m[1mupdate_scripts_classes[22m | [39m[0m
2026-10-07T06:18:07.5844302Z [  14% ] [90m[1mupdate_scripts_classes[22m | [39m[0m
2026-10-07T06:18:07.5844991Z [  14% ] [90m[1mupdate_scripts_classes[22m | [39m[0m
2026-10-07T06:18:07.5845670Z [  14% ] [90m[1mupdate_scripts_classes[22m | [39m[0m
2026-10-07T06:18:07.5846329Z [  14% ] [90m[1mupdate_scripts_classes[22m | [39m[0m
2026-10-07T06:18:07.5847023Z [  15% ] [90m[1mupdate_scripts_classes[22m | [39m[0m
2026-10-07T06:18:07.5847699Z [  15% ] [90m[1mupdate_scripts_classes[22m | [39m[0m
2026-10-07T06:18:07.5848380Z [  15% ] [90m[1mupdate_scripts_classes[22m | [39m[0m
2026-10-07T06:18:07.5849068Z [  15% ] [90m[1mupdate_scripts_classes[22m | [39m[0m
2026-10-07T06:18:07.5849756Z [  15% ] [90m[1mupdate_scripts_classes[22m | [39m[0m
2026-10-07T06:18:07.5850494Z [  15% ] [90m[1mupdate_scripts_classes[22m | [39m[0m
2026-10-07T06:18:07.5851203Z [  15% ] [90m[1mupdate_scripts_classes[22m | [39m[0m
2026-10-07T06:18:07.5852147Z [  15% ] [90m[1mupdate_scripts_classes[22m | [39m[0m
2026-10-07T06:18:07.5853161Z [  15% ] [90m[1mupdate_scripts_classes[22m | [39m[0m
2026-10-07T06:18:07.5853853Z [  15% ] [90m[1mupdate_scripts_classes[22m | [39m[0m
2026-10-07T06:18:07.5854511Z [  15% ] [90m[1mupdate_scripts_classes[22m | [39m[0m
2026-10-07T06:18:07.5855190Z [  15% ] [90m[1mupdate_scripts_classes[22m | [39m[0m
2026-10-07T06:18:07.5855851Z [  15% ] [90m[1mupdate_scripts_classes[22m | [39m[0m
2026-10-07T06:18:07.5856513Z [  15% ] [90m[1mupdate_scripts_classes[22m | [39m[0m
2026-10-07T06:18:07.5857170Z [  15% ] [90m[1mupdate_scripts_classes[22m | [39m[0m
2026-10-07T06:18:07.5857823Z [  15% ] [90m[1mupdate_scripts_classes[22m | [39m[0m
2026-10-07T06:18:07.5858494Z [  15% ] [90m[1mupdate_scripts_classes[22m | [39m[0m
2026-10-07T06:18:07.5859375Z [  15% ] [90m[1mupdate_scripts_classes[22m | [39m[0m
2026-10-07T06:18:07.5860044Z [  15% ] [90m[1mupdate_scripts_classes[22m | [39m[0m
2026-10-07T06:18:07.5860707Z [  15% ] [90m[1mupdate_scripts_classes[22m | [39m[0m
2026-10-07T06:18:07.5861384Z [  15% ] [90m[1mupdate_scripts_classes[22m | [39m[0m
2026-10-07T06:18:07.5862054Z [  15% ] [90m[1mupdate_scripts_classes[22m | [39m[0m
2026-10-07T06:18:07.5863000Z [  15% ] [90m[1mupdate_scripts_classes[22m | [39m[0m
2026-10-07T06:18:07.5863743Z [  15% ] [90m[1mupdate_scripts_classes[22m | [39m[0m
2026-10-07T06:18:07.5864459Z [  15% ] [90m[1mupdate_scripts_classes[22m | [39m[0m
2026-10-07T06:18:07.5865197Z [  15% ] [90m[1mupdate_scripts_classes[22m | [39m[0m
2026-10-07T06:18:07.5865908Z [  15% ] [90m[1mupdate_scripts_classes[22m | [39m[0m
2026-10-07T06:18:07.5866631Z [  15% ] [90m[1mupdate_scripts_classes[22m | [39m[0m
2026-10-07T06:18:07.5867344Z [  15% ] [90m[1mupdate_scripts_classes[22m | [39m[0m
2026-10-07T06:18:07.5868071Z [  15% ] [90m[1mupdate_scripts_classes[22m | [39m[0m
2026-10-07T06:18:07.5868788Z [  15% ] [90m[1mupdate_scripts_classes[22m | [39m[0m
2026-10-07T06:18:07.5869523Z [  16% ] [90m[1mupdate_scripts_classes[22m | [39m[0m
2026-10-07T06:18:07.5870231Z [  16% ] [90m[1mupdate_scripts_classes[22m | [39m[0m
2026-10-07T06:18:07.5870955Z [  16% ] [90m[1mupdate_scripts_classes[22m | [39m[0m
2026-10-07T06:18:07.5871655Z [  16% ] [90m[1mupdate_scripts_classes[22m | [39m[0m
2026-10-07T06:18:07.5872352Z [  16% ] [90m[1mupdate_scripts_classes[22m | [39m[0m
2026-10-07T06:18:07.5873309Z [  16% ] [90m[1mupdate_scripts_classes[22m | [39m[0m
2026-10-07T06:18:07.5874003Z [  16% ] [90m[1mupdate_scripts_classes[22m | [39m[0m
2026-10-07T06:18:07.5874703Z [  16% ] [90m[1mupdate_scripts_classes[22m | [39m[0m
2026-10-07T06:18:07.5875394Z [  16% ] [90m[1mupdate_scripts_classes[22m | [39m[0m
2026-10-07T06:18:07.5876081Z [  16% ] [90m[1mupdate_scripts_classes[22m | [39m[0m
2026-10-07T06:18:07.5876784Z [  16% ] [90m[1mupdate_scripts_classes[22m | [39m[0m
2026-10-07T06:18:07.5877472Z [  16% ] [90m[1mupdate_scripts_classes[22m | [39m[0m
2026-10-07T06:18:07.5878164Z [  16% ] [90m[1mupdate_scripts_classes[22m | [39m[0m
2026-10-07T06:18:07.5878861Z [  16% ] [90m[1mupdate_scripts_classes[22m | [39m[0m
2026-10-07T06:18:07.5879559Z [  16% ] [90m[1mupdate_scripts_classes[22m | [39m[0m
2026-10-07T06:18:07.5880250Z [  16% ] [90m[1mupdate_scripts_classes[22m | [39m[0m
2026-10-07T06:18:07.5880943Z [  16% ] [90m[1mupdate_scripts_classes[22m | [39m[0m
2026-10-07T06:18:07.5881639Z [  16% ] [90m[1mupdate_scripts_classes[22m | [39m[0m
2026-10-07T06:18:07.5882394Z [  16% ] [90m[1mupdate_scripts_classes[22m | [39m[0m
2026-10-07T06:18:07.5883304Z [  16% ] [90m[1mupdate_scripts_classes[22m | [39m[0m
2026-10-07T06:18:07.5884020Z [  16% ] [90m[1mupdate_scripts_classes[22m | [39m[0m
2026-10-07T06:18:07.5884734Z [  16% ] [90m[1mupdate_scripts_classes[22m | [39m[0m
2026-10-07T06:18:07.5885443Z [  16% ] [90m[1mupdate_scripts_classes[22m | [39m[0m
2026-10-07T06:18:07.5886347Z [  16% ] [90m[1mupdate_scripts_classes[22m | [39m[0m
2026-10-07T06:18:07.5887081Z [  16% ] [90m[1mupdate_scripts_classes[22m | [39m[0m
2026-10-07T06:18:07.5887786Z [  16% ] [90m[1mupdate_scripts_classes[22m | [39m[0m
2026-10-07T06:18:07.5888483Z [  16% ] [90m[1mupdate_scripts_classes[22m | [39m[0m
2026-10-07T06:18:07.5889180Z [  16% ] [90m[1mupdate_scripts_classes[22m | [39m[0m
2026-10-07T06:18:07.5889880Z [  16% ] [90m[1mupdate_scripts_classes[22m | [39m[0m
2026-10-07T06:18:07.5890569Z [  16% ] [90m[1mupdate_scripts_classes[22m | [39m[0m
2026-10-07T06:18:07.5891276Z [  16% ] [90m[1mupdate_scripts_classes[22m | [39m[0m
2026-10-07T06:18:07.5891977Z [  17% ] [90m[1mupdate_scripts_classes[22m | [39m[0m
2026-10-07T06:18:07.5892900Z [  17% ] [90m[1mupdate_scripts_classes[22m | [39m[0m
2026-10-07T06:18:07.5893859Z [  17% ] [90m[1mupdate_scripts_classes[22m | [39m[0m
2026-10-07T06:18:07.5894563Z [  17% ] [90m[1mupdate_scripts_classes[22m | [39m[0m
2026-10-07T06:18:07.5895302Z [  17% ] [90m[1mupdate_scripts_classes[22m | [39m[0m
2026-10-07T06:18:07.5896013Z [  17% ] [90m[1mupdate_scripts_classes[22m | [39m[0m
2026-10-07T06:18:07.5896717Z [  17% ] [90m[1mupdate_scripts_classes[22m | [39m[0m
2026-10-07T06:18:07.5897422Z [  17% ] [90m[1mupdate_scripts_classes[22m | [39m[0m
2026-10-07T06:18:07.5898110Z [  17% ] [90m[1mupdate_scripts_classes[22m | [39m[0m
2026-10-07T06:18:07.5898814Z [  17% ] [90m[1mupdate_scripts_classes[22m | [39m[0m
2026-10-07T06:18:07.5899503Z [  17% ] [90m[1mupdate_scripts_classes[22m | [39m[0m
2026-10-07T06:18:07.5900194Z [  17% ] [90m[1mupdate_scripts_classes[22m | [39m[0m
2026-10-07T06:18:07.5900893Z [  17% ] [90m[1mupdate_scripts_classes[22m | [39m[0m
2026-10-07T06:18:07.5901586Z [  17% ] [90m[1mupdate_scripts_classes[22m | [39m[0m
2026-10-07T06:18:07.5902284Z [  17% ] [90m[1mupdate_scripts_classes[22m | [39m[0m
2026-10-07T06:18:07.5903214Z [  17% ] [90m[1mupdate_scripts_classes[22m | [39m[0m
2026-10-07T06:18:07.5903920Z [  17% ] [90m[1mupdate_scripts_classes[22m | [39m[0m
2026-10-07T06:18:07.5904622Z [  17% ] [90m[1mupdate_scripts_classes[22m | [39m[0m
2026-10-07T06:18:07.5905306Z [  17% ] [90m[1mupdate_scripts_classes[22m | [39m[0m
2026-10-07T06:18:07.5906009Z [  17% ] [90m[1mupdate_scripts_classes[22m | [39m[0m
2026-10-07T06:18:07.5906701Z [  17% ] [90m[1mupdate_scripts_classes[22m | [39m[0m
2026-10-07T06:18:07.5907393Z [  17% ] [90m[1mupdate_scripts_classes[22m | [39m[0m
2026-10-07T06:18:07.5908103Z [  17% ] [90m[1mupdate_scripts_classes[22m | [39m[0m
2026-10-07T06:18:07.5908799Z [  17% ] [90m[1mupdate_scripts_classes[22m | [39m[0m
2026-10-07T06:18:07.5909493Z [  17% ] [90m[1mupdate_scripts_classes[22m | [39m[0m
2026-10-07T06:18:07.5910177Z [  17% ] [90m[1mupdate_scripts_classes[22m | [39m[0m
2026-10-07T06:18:07.5910874Z [  17% ] [90m[1mupdate_scripts_classes[22m | [39m[0m
2026-10-07T06:18:07.5911587Z [  17% ] [90m[1mupdate_scripts_classes[22m | [39m[0m
2026-10-07T06:18:07.5912268Z [  17% ] [90m[1mupdate_scripts_classes[22m | [39m[0m
2026-10-07T06:18:07.5913190Z [  17% ] [90m[1mupdate_scripts_classes[22m | [39m[0m
2026-10-07T06:18:07.5913905Z [  17% ] [90m[1mupdate_scripts_classes[22m | [39m[0m
2026-10-07T06:18:07.5914598Z [  18% ] [90m[1mupdate_scripts_classes[22m | [39m[0m
2026-10-07T06:18:07.5915311Z [  18% ] [90m[1mupdate_scripts_classes[22m | [39m[0m
2026-10-07T06:18:07.5916002Z [  18% ] [90m[1mupdate_scripts_classes[22m | [39m[0m
2026-10-07T06:18:07.5916708Z [  18% ] [90m[1mupdate_scripts_classes[22m | [39m[0m
2026-10-07T06:18:07.5917415Z [  18% ] [90m[1mupdate_scripts_classes[22m | [39m[0m
2026-10-07T06:18:07.5918101Z [  18% ] [90m[1mupdate_scripts_classes[22m | [39m[0m
2026-10-07T06:18:07.5918810Z [  18% ] [90m[1mupdate_scripts_classes[22m | [39m[0m
2026-10-07T06:18:07.5919510Z [  18% ] [90m[1mupdate_scripts_classes[22m | [39m[0m
2026-10-07T06:18:07.5920428Z [  18% ] [90m[1mupdate_scripts_classes[22m | [39m[0m
2026-10-07T06:18:07.5921209Z [  18% ] [90m[1mupdate_scripts_classes[22m | [39m[0m
2026-10-07T06:18:07.5921906Z [  18% ] [90m[1mupdate_scripts_classes[22m | [39m[0m
2026-10-07T06:18:07.5922857Z [  18% ] [90m[1mupdate_scripts_classes[22m | [39m[0m
2026-10-07T06:18:07.5923568Z [  18% ] [90m[1mupdate_scripts_classes[22m | [39m[0m
2026-10-07T06:18:07.5924266Z [  18% ] [90m[1mupdate_scripts_classes[22m | [39m[0m
2026-10-07T06:18:07.5924965Z [  18% ] [90m[1mupdate_scripts_classes[22m | [39m[0m
2026-10-07T06:18:07.5925667Z [  18% ] [90m[1mupdate_scripts_classes[22m | [39m[0m
2026-10-07T06:18:07.5926361Z [  18% ] [90m[1mupdate_scripts_classes[22m | [39m[0m
2026-10-07T06:18:07.5927042Z [  18% ] [90m[1mupdate_scripts_classes[22m | [39m[0m
2026-10-07T06:18:07.5927733Z [  18% ] [90m[1mupdate_scripts_classes[22m | [39m[0m
2026-10-07T06:18:07.5928672Z [  18% ] [90m[1mupdate_scripts_classes[22m | [39m[0m
2026-10-07T06:18:07.5929390Z [  18% ] [90m[1mupdate_scripts_classes[22m | [39m[0m
2026-10-07T06:18:07.5930099Z [  18% ] [90m[1mupdate_scripts_classes[22m | [39m[0m
2026-10-07T06:18:07.5930788Z [  18% ] [90m[1mupdate_scripts_classes[22m | [39m[0m
2026-10-07T06:18:07.5931484Z [  18% ] [90m[1mupdate_scripts_classes[22m | [39m[0m
2026-10-07T06:18:07.5932181Z [  18% ] [90m[1mupdate_scripts_classes[22m | [39m[0m
2026-10-07T06:18:07.5933060Z [  18% ] [90m[1mupdate_scripts_classes[22m | [39m[0m
2026-10-07T06:18:07.5933701Z [  18% ] [90m[1mupdate_scripts_classes[22m | [39m[0m
2026-10-07T06:18:07.5934395Z [  18% ] [90m[1mupdate_scripts_classes[22m | [39m[0m
2026-10-07T06:18:07.5935074Z [  18% ] [90m[1mupdate_scripts_classes[22m | [39m[0m
2026-10-07T06:18:07.5935770Z [  18% ] [90m[1mupdate_scripts_classes[22m | [39m[0m
2026-10-07T06:18:07.5936457Z [  18% ] [90m[1mupdate_scripts_classes[22m | [39m[0m
2026-10-07T06:18:07.5937146Z [  19% ] [90m[1mupdate_scripts_classes[22m | [39m[0m
2026-10-07T06:18:07.5937842Z [  19% ] [90m[1mupdate_scripts_classes[22m | [39m[0m
2026-10-07T06:18:07.5938523Z [  19% ] [90m[1mupdate_scripts_classes[22m | [39m[0m
2026-10-07T06:18:07.5939213Z [  19% ] [90m[1mupdate_scripts_classes[22m | [39m[0m
2026-10-07T06:18:07.5939901Z [  19% ] [90m[1mupdate_scripts_classes[22m | [39m[0m
2026-10-07T06:18:07.5940575Z [  19% ] [90m[1mupdate_scripts_classes[22m | [39m[0m
2026-10-07T06:18:07.5941261Z [  19% ] [90m[1mupdate_scripts_classes[22m | [39m[0m
2026-10-07T06:18:07.5941935Z [  19% ] [90m[1mupdate_scripts_classes[22m | [39m[0m
2026-10-07T06:18:07.5942847Z [  19% ] [90m[1mupdate_scripts_classes[22m | [39m[0m
2026-10-07T06:18:07.5943556Z [  19% ] [90m[1mupdate_scripts_classes[22m | [39m[0m
2026-10-07T06:18:07.5944234Z [  19% ] [90m[1mupdate_scripts_classes[22m | [39m[0m
2026-10-07T06:18:07.5944925Z [  19% ] [90m[1mupdate_scripts_classes[22m | [39m[0m
2026-10-07T06:18:07.5945608Z [  19% ] [90m[1mupdate_scripts_classes[22m | [39m[0m
2026-10-07T06:18:07.5946316Z [  19% ] [90m[1mupdate_scripts_classes[22m | [39m[0m
2026-10-07T06:18:07.5947007Z [  19% ] [90m[1mupdate_scripts_classes[22m | [39m[0m
2026-10-07T06:18:07.5947693Z [  19% ] [90m[1mupdate_scripts_classes[22m | [39m[0m
2026-10-07T06:18:07.5948390Z [  19% ] [90m[1mupdate_scripts_classes[22m | [39m[0m
2026-10-07T06:18:07.5949348Z [  19% ] [90m[1mupdate_scripts_classes[22m | [39m[0m
2026-10-07T06:18:07.5950028Z [  19% ] [90m[1mupdate_scripts_classes[22m | [39m[0m
2026-10-07T06:18:07.5950777Z [  19% ] [90m[1mupdate_scripts_classes[22m | [39m[0m
2026-10-07T06:18:07.5951456Z [  19% ] [90m[1mupdate_scripts_classes[22m | [39m[0m
2026-10-07T06:18:07.5952146Z [  19% ] [90m[1mupdate_scripts_classes[22m | [39m[0m
2026-10-07T06:18:07.5953055Z [  19% ] [90m[1mupdate_scripts_classes[22m | [39m[0m
2026-10-07T06:18:07.5953771Z [  19% ] [90m[1mupdate_scripts_classes[22m | [39m[0m
2026-10-07T06:18:07.5954698Z [  19% ] [90m[1mupdate_scripts_classes[22m | [39m[0m
2026-10-07T06:18:07.5955428Z [  19% ] [90m[1mupdate_scripts_classes[22m | [39m[0m
2026-10-07T06:18:07.5956130Z [  19% ] [90m[1mupdate_scripts_classes[22m | [39m[0m
2026-10-07T06:18:07.5956820Z [  19% ] [90m[1mupdate_scripts_classes[22m | [39m[0m
2026-10-07T06:18:07.5957509Z [  19% ] [90m[1mupdate_scripts_classes[22m | [39m[0m
2026-10-07T06:18:07.5958207Z [  19% ] [90m[1mupdate_scripts_classes[22m | [39m[0m
2026-10-07T06:18:07.5958897Z [  19% ] [90m[1mupdate_scripts_classes[22m | [39m[0m
2026-10-07T06:18:07.5959602Z [  20% ] [90m[1mupdate_scripts_classes[22m | [39m[0m
2026-10-07T06:18:07.5960297Z [  20% ] [90m[1mupdate_scripts_classes[22m | [39m[0m
2026-10-07T06:18:07.5960988Z [  20% ] [90m[1mupdate_scripts_classes[22m | [39m[0m
2026-10-07T06:18:07.5961687Z [  20% ] [90m[1mupdate_scripts_classes[22m | [39m[0m
2026-10-07T06:18:07.5962924Z [  20% ] [90m[1mupdate_scripts_classes[22m | [39m[0m
2026-10-07T06:18:07.5963677Z [  20% ] [90m[1mupdate_scripts_classes[22m | [39m[0m
2026-10-07T06:18:07.5964389Z [  20% ] [90m[1mupdate_scripts_classes[22m | [39m[0m
2026-10-07T06:18:07.5965077Z [  20% ] [90m[1mupdate_scripts_classes[22m | [39m[0m
2026-10-07T06:18:07.5965788Z [  20% ] [90m[1mupdate_scripts_classes[22m | [39m[0m
2026-10-07T06:18:07.5966491Z [  20% ] [90m[1mupdate_scripts_classes[22m | [39m[0m
2026-10-07T06:18:07.5967189Z [  20% ] [90m[1mupdate_scripts_classes[22m | [39m[0m
2026-10-07T06:18:07.5967867Z [  20% ] [90m[1mupdate_scripts_classes[22m | [39m[0m
2026-10-07T06:18:07.5968570Z [  20% ] [90m[1mupdate_scripts_classes[22m | [39m[0m
2026-10-07T06:18:07.5969263Z [  20% ] [90m[1mupdate_scripts_classes[22m | [39m[0m
2026-10-07T06:18:07.5969959Z [  20% ] [90m[1mupdate_scripts_classes[22m | [39m[0m
2026-10-07T06:18:07.5970668Z [  20% ] [90m[1mupdate_scripts_classes[22m | [39m[0m
2026-10-07T06:18:07.5971407Z [  20% ] [90m[1mupdate_scripts_classes[22m | [39m[0m
2026-10-07T06:18:07.5972113Z [  20% ] [90m[1mupdate_scripts_classes[22m | [39m[0m
2026-10-07T06:18:07.5973062Z [  20% ] [90m[1mupdate_scripts_classes[22m | [39m[0m
2026-10-07T06:18:07.5973775Z [  20% ] [90m[1mupdate_scripts_classes[22m | [39m[0m
2026-10-07T06:18:07.5974484Z [  20% ] [90m[1mupdate_scripts_classes[22m | [39m[0m
2026-10-07T06:18:07.5975200Z [  20% ] [90m[1mupdate_scripts_classes[22m | [39m[0m
2026-10-07T06:18:07.5975894Z [  20% ] [90m[1mupdate_scripts_classes[22m | [39m[0m
2026-10-07T06:18:07.5976607Z [  20% ] [90m[1mupdate_scripts_classes[22m | [39m[0m
2026-10-07T06:18:07.5977297Z [  20% ] [90m[1mupdate_scripts_classes[22m | [39m[0m
2026-10-07T06:18:07.5977987Z [  20% ] [90m[1mupdate_scripts_classes[22m | [39m[0m
2026-10-07T06:18:07.5978680Z [  20% ] [90m[1mupdate_scripts_classes[22m | [39m[0m
2026-10-07T06:18:07.5979383Z [  20% ] [90m[1mupdate_scripts_classes[22m | [39m[0m
2026-10-07T06:18:07.5980077Z [  20% ] [90m[1mupdate_scripts_classes[22m | [39m[0m
2026-10-07T06:18:07.5980783Z [  20% ] [90m[1mupdate_scripts_classes[22m | [39m[0m
2026-10-07T06:18:07.5981477Z [  20% ] [90m[1mupdate_scripts_classes[22m | [39m[0m
2026-10-07T06:18:07.5982169Z [  21% ] [90m[1mupdate_scripts_classes[22m | [39m[0m
2026-10-07T06:18:07.5983094Z [  21% ] [90m[1mupdate_scripts_classes[22m | [39m[0m
2026-10-07T06:18:07.5983794Z [  21% ] [90m[1mupdate_scripts_classes[22m | [39m[0m
2026-10-07T06:18:07.5984479Z [  21% ] [90m[1mupdate_scripts_classes[22m | [39m[0m
2026-10-07T06:18:07.5985170Z [  21% ] [90m[1mupdate_scripts_classes[22m | [39m[0m
2026-10-07T06:18:07.5985866Z [  21% ] [90m[1mupdate_scripts_classes[22m | [39m[0m
2026-10-07T06:18:07.5986561Z [  21% ] [90m[1mupdate_scripts_classes[22m | [39m[0m
2026-10-07T06:18:07.5987264Z [  21% ] [90m[1mupdate_scripts_classes[22m | [39m[0m
2026-10-07T06:18:07.5987953Z [  21% ] [90m[1mupdate_scripts_classes[22m | [39m[0m
2026-10-07T06:18:07.5988876Z [  21% ] [90m[1mupdate_scripts_classes[22m | [39m[0m
2026-10-07T06:18:07.5989610Z [  21% ] [90m[1mupdate_scripts_classes[22m | [39m[0m
2026-10-07T06:18:07.5990293Z [  21% ] [90m[1mupdate_scripts_classes[22m | [39m[0m
2026-10-07T06:18:07.5990981Z [  21% ] [90m[1mupdate_scripts_classes[22m | [39m[0m
2026-10-07T06:18:07.5991663Z [  21% ] [90m[1mupdate_scripts_classes[22m | [39m[0m
2026-10-07T06:18:07.5992346Z [  21% ] [90m[1mupdate_scripts_classes[22m | [39m[0m
2026-10-07T06:18:07.5993282Z [  21% ] [90m[1mupdate_scripts_classes[22m | [39m[0m
2026-10-07T06:18:07.5993968Z [  21% ] [90m[1mupdate_scripts_classes[22m | [39m[0m
2026-10-07T06:18:07.5994656Z [  21% ] [90m[1mupdate_scripts_classes[22m | [39m[0m
2026-10-07T06:18:07.5995364Z [  21% ] [90m[1mupdate_scripts_classes[22m | [39m[0m
2026-10-07T06:18:07.5996065Z [  21% ] [90m[1mupdate_scripts_classes[22m | [39m[0m
2026-10-07T06:18:07.5997015Z [  21% ] [90m[1mupdate_scripts_classes[22m | [39m[0m
2026-10-07T06:18:07.5997717Z [  21% ] [90m[1mupdate_scripts_classes[22m | [39m[0m
2026-10-07T06:18:07.5998424Z [  21% ] [90m[1mupdate_scripts_classes[22m | [39m[0m
2026-10-07T06:18:07.5999133Z [  21% ] [90m[1mupdate_scripts_classes[22m | [39m[0m
2026-10-07T06:18:07.5999821Z [  21% ] [90m[1mupdate_scripts_classes[22m | [39m[0m
2026-10-07T06:18:07.6000515Z [  21% ] [90m[1mupdate_scripts_classes[22m | [39m[0m
2026-10-07T06:18:07.6001215Z [  21% ] [90m[1mupdate_scripts_classes[22m | [39m[0m
2026-10-07T06:18:07.6001918Z [  21% ] [90m[1mupdate_scripts_classes[22m | [39m[0m
2026-10-07T06:18:07.6002881Z [  21% ] [90m[1mupdate_scripts_classes[22m | [39m[0m
2026-10-07T06:18:07.6003594Z [  21% ] [90m[1mupdate_scripts_classes[22m | [39m[0m
2026-10-07T06:18:07.6004294Z [  21% ] [90m[1mupdate_scripts_classes[22m | [39m[0m
2026-10-07T06:18:07.6004983Z [  22% ] [90m[1mupdate_scripts_classes[22m | [39m[0m
2026-10-07T06:18:07.6005677Z [  22% ] [90m[1mupdate_scripts_classes[22m | [39m[0m
2026-10-07T06:18:07.6006380Z [  22% ] [90m[1mupdate_scripts_classes[22m | [39m[0m
2026-10-07T06:18:07.6007100Z [  22% ] [90m[1mupdate_scripts_classes[22m | [39m[0m
2026-10-07T06:18:07.6007827Z [  22% ] [90m[1mupdate_scripts_classes[22m | [39m[0m
2026-10-07T06:18:07.6008520Z [  22% ] [90m[1mupdate_scripts_classes[22m | [39m[0m
2026-10-07T06:18:07.6009202Z [  22% ] [90m[1mupdate_scripts_classes[22m | [39m[0m
2026-10-07T06:18:07.6009896Z [  22% ] [90m[1mupdate_scripts_classes[22m | [39m[0m
2026-10-07T06:18:07.6010583Z [  22% ] [90m[1mupdate_scripts_classes[22m | [39m[0m
2026-10-07T06:18:07.6011286Z [  22% ] [90m[1mupdate_scripts_classes[22m | [39m[0m
2026-10-07T06:18:07.6011973Z [  22% ] [90m[1mupdate_scripts_classes[22m | [39m[0m
2026-10-07T06:18:07.6012907Z [  22% ] [90m[1mupdate_scripts_classes[22m | [39m[0m
2026-10-07T06:18:07.6013625Z [  22% ] [90m[1mupdate_scripts_classes[22m | [39m[0m
2026-10-07T06:18:07.6014319Z [  22% ] [90m[1mupdate_scripts_classes[22m | [39m[0m
2026-10-07T06:18:07.6015005Z [  22% ] [90m[1mupdate_scripts_classes[22m | [39m[0m
2026-10-07T06:18:07.6015700Z [  22% ] [90m[1mupdate_scripts_classes[22m | [39m[0m
2026-10-07T06:18:07.6016381Z [  22% ] [90m[1mupdate_scripts_classes[22m | [39m[0m
2026-10-07T06:18:07.6017083Z [  22% ] [90m[1mupdate_scripts_classes[22m | [39m[0m
2026-10-07T06:18:07.6017771Z [  22% ] [90m[1mupdate_scripts_classes[22m | [39m[0m
2026-10-07T06:18:07.6018473Z [  22% ] [90m[1mupdate_scripts_classes[22m | [39m[0m
2026-10-07T06:18:07.6019168Z [  22% ] [90m[1mupdate_scripts_classes[22m | [39m[0m
2026-10-07T06:18:07.6019859Z [  22% ] [90m[1mupdate_scripts_classes[22m | [39m[0m
2026-10-07T06:18:07.6020550Z [  22% ] [90m[1mupdate_scripts_classes[22m | [39m[0m
2026-10-07T06:18:07.6021232Z [  22% ] [90m[1mupdate_scripts_classes[22m | [39m[0m
2026-10-07T06:18:07.6021922Z [  22% ] [90m[1mupdate_scripts_classes[22m | [39m[0m
2026-10-07T06:18:07.6023072Z [  22% ] [90m[1mupdate_scripts_classes[22m | [39m[0m
2026-10-07T06:18:07.6023812Z [  22% ] [90m[1mupdate_scripts_classes[22m | [39m[0m
2026-10-07T06:18:07.6024512Z [  22% ] [90m[1mupdate_scripts_classes[22m | [39m[0m
2026-10-07T06:18:07.6025208Z [  22% ] [90m[1mupdate_scripts_classes[22m | [39m[0m
2026-10-07T06:18:07.6025896Z [  22% ] [90m[1mupdate_scripts_classes[22m | [39m[0m
2026-10-07T06:18:07.6026594Z [  22% ] [90m[1mupdate_scripts_classes[22m | [39m[0m
2026-10-07T06:18:07.6027276Z [  23% ] [90m[1mupdate_scripts_classes[22m | [39m[0m
2026-10-07T06:18:07.6027972Z [  23% ] [90m[1mupdate_scripts_classes[22m | [39m[0m
2026-10-07T06:18:07.6028662Z [  23% ] [90m[1mupdate_scripts_classes[22m | [39m[0m
2026-10-07T06:18:07.6029352Z [  23% ] [90m[1mupdate_scripts_classes[22m | [39m[0m
2026-10-07T06:18:07.6030041Z [  23% ] [90m[1mupdate_scripts_classes[22m | [39m[0m
2026-10-07T06:18:07.6030965Z [  23% ] [90m[1mupdate_scripts_classes[22m | [39m[0m
2026-10-07T06:18:07.6031669Z [  23% ] [90m[1mupdate_scripts_classes[22m | [39m[0m
2026-10-07T06:18:07.6032366Z [  23% ] [90m[1mupdate_scripts_classes[22m | [39m[0m
2026-10-07T06:18:07.6033258Z [  23% ] [90m[1mupdate_scripts_classes[22m | [39m[0m
2026-10-07T06:18:07.6033970Z [  23% ] [90m[1mupdate_scripts_classes[22m | [39m[0m
2026-10-07T06:18:07.6034659Z [  23% ] [90m[1mupdate_scripts_classes[22m | [39m[0m
2026-10-07T06:18:07.6035351Z [  23% ] [90m[1mupdate_scripts_classes[22m | [39m[0m
2026-10-07T06:18:07.6036047Z [  23% ] [90m[1mupdate_scripts_classes[22m | [39m[0m
2026-10-07T06:18:07.6036734Z [  23% ] [90m[1mupdate_scripts_classes[22m | [39m[0m
2026-10-07T06:18:07.6037434Z [  23% ] [90m[1mupdate_scripts_classes[22m | [39m[0m
2026-10-07T06:18:07.6038119Z [  23% ] [90m[1mupdate_scripts_classes[22m | [39m[0m
2026-10-07T06:18:07.6038817Z [  23% ] [90m[1mupdate_scripts_classes[22m | [39m[0m
2026-10-07T06:18:07.6039510Z [  23% ] [90m[1mupdate_scripts_classes[22m | [39m[0m
2026-10-07T06:18:07.6040201Z [  23% ] [90m[1mupdate_scripts_classes[22m | [39m[0m
2026-10-07T06:18:07.6040902Z [  23% ] [90m[1mupdate_scripts_classes[22m | [39m[0m
2026-10-07T06:18:07.6041578Z [  23% ] [90m[1mupdate_scripts_classes[22m | [39m[0m
2026-10-07T06:18:07.6042266Z [  23% ] [90m[1mupdate_scripts_classes[22m | [39m[0m
2026-10-07T06:18:07.6043192Z [  23% ] [90m[1mupdate_scripts_classes[22m | [39m[0m
2026-10-07T06:18:07.6043883Z [  23% ] [90m[1mupdate_scripts_classes[22m | [39m[0m
2026-10-07T06:18:07.6044573Z [  23% ] [90m[1mupdate_scripts_classes[22m | [39m[0m
2026-10-07T06:18:07.6045270Z [  23% ] [90m[1mupdate_scripts_classes[22m | [39m[0m
2026-10-07T06:18:07.6045959Z [  23% ] [90m[1mupdate_scripts_classes[22m | [39m[0m
2026-10-07T06:18:07.6046655Z [  23% ] [90m[1mupdate_scripts_classes[22m | [39m[0m
2026-10-07T06:18:07.6047347Z [  23% ] [90m[1mupdate_scripts_classes[22m | [39m[0m
2026-10-07T06:18:07.6048054Z [  23% ] [90m[1mupdate_scripts_classes[22m | [39m[0m
2026-10-07T06:18:07.6048742Z [  23% ] [90m[1mupdate_scripts_classes[22m | [39m[0m
2026-10-07T06:18:07.6049440Z [  24% ] [90m[1mupdate_scripts_classes[22m | [39m[0m
2026-10-07T06:18:07.6050166Z [  24% ] [90m[1mupdate_scripts_classes[22m | [39m[0m
2026-10-07T06:18:07.6050949Z [  24% ] [90m[1mupdate_scripts_classes[22m | [39m[0m
2026-10-07T06:18:07.6051640Z [  24% ] [90m[1mupdate_scripts_classes[22m | [39m[0m
2026-10-07T06:18:07.6052334Z [  24% ] [90m[1mupdate_scripts_classes[22m | [39m[0m
2026-10-07T06:18:07.6053262Z [  24% ] [90m[1mupdate_scripts_classes[22m | [39m[0m
2026-10-07T06:18:07.6053963Z [  24% ] [90m[1mupdate_scripts_classes[22m | [39m[0m
2026-10-07T06:18:07.6054646Z [  24% ] [90m[1mupdate_scripts_classes[22m | [39m[0m
2026-10-07T06:18:07.6055342Z [  24% ] [90m[1mupdate_scripts_classes[22m | [39m[0m
2026-10-07T06:18:07.6056048Z [  24% ] [90m[1mupdate_scripts_classes[22m | [39m[0m
2026-10-07T06:18:07.6056734Z [  24% ] [90m[1mupdate_scripts_classes[22m | [39m[0m
2026-10-07T06:18:07.6057683Z [  24% ] [90m[1mupdate_scripts_classes[22m | [39m[0m
2026-10-07T06:18:07.6058432Z [  24% ] [90m[1mupdate_scripts_classes[22m | [39m[0m
2026-10-07T06:18:07.6059132Z [  24% ] [90m[1mupdate_scripts_classes[22m | [39m[0m
2026-10-07T06:18:07.6059840Z [  24% ] [90m[1mupdate_scripts_classes[22m | [39m[0m
2026-10-07T06:18:07.6060534Z [  24% ] [90m[1mupdate_scripts_classes[22m | [39m[0m
2026-10-07T06:18:07.6061235Z [  24% ] [90m[1mupdate_scripts_classes[22m | [39m[0m
2026-10-07T06:18:07.6061925Z [  24% ] [90m[1mupdate_scripts_classes[22m | [39m[0m
2026-10-07T06:18:07.6062909Z [  24% ] [90m[1mupdate_scripts_classes[22m | [39m[0m
2026-10-07T06:18:07.6063656Z [  24% ] [90m[1mupdate_scripts_classes[22m | [39m[0m
2026-10-07T06:18:07.6064354Z [  24% ] [90m[1mupdate_scripts_classes[22m | [39m[0m
2026-10-07T06:18:07.6065312Z [  24% ] [90m[1mupdate_scripts_classes[22m | [39m[0m
2026-10-07T06:18:07.6066028Z [  24% ] [90m[1mupdate_scripts_classes[22m | [39m[0m
2026-10-07T06:18:07.6066742Z [  24% ] [90m[1mupdate_scripts_classes[22m | [39m[0m
2026-10-07T06:18:07.6067439Z [  24% ] [90m[1mupdate_scripts_classes[22m | [39m[0m
2026-10-07T06:18:07.6068129Z [  24% ] [90m[1mupdate_scripts_classes[22m | [39m[0m
2026-10-07T06:18:07.6068844Z [  24% ] [90m[1mupdate_scripts_classes[22m | [39m[0m
2026-10-07T06:18:07.6069538Z [  24% ] [90m[1mupdate_scripts_classes[22m | [39m[0m
2026-10-07T06:18:07.6070220Z [  24% ] [90m[1mupdate_scripts_classes[22m | [39m[0m
2026-10-07T06:18:07.6070917Z [  24% ] [90m[1mupdate_scripts_classes[22m | [39m[0m
2026-10-07T06:18:07.6071608Z [  24% ] [90m[1mupdate_scripts_classes[22m | [39m[0m
2026-10-07T06:18:07.6072298Z [  25% ] [90m[1mupdate_scripts_classes[22m | [39m[0m
2026-10-07T06:18:07.6073234Z [  25% ] [90m[1mupdate_scripts_classes[22m | [39m[0m
2026-10-07T06:18:07.6073944Z [  25% ] [90m[1mupdate_scripts_classes[22m | [39m[0m
2026-10-07T06:18:07.6074642Z [  25% ] [90m[1mupdate_scripts_classes[22m | [39m[0m
2026-10-07T06:18:07.6075332Z [  25% ] [90m[1mupdate_scripts_classes[22m | [39m[0m
2026-10-07T06:18:07.6076013Z [  25% ] [90m[1mupdate_scripts_classes[22m | [39m[0m
2026-10-07T06:18:07.6076697Z [  25% ] [90m[1mupdate_scripts_classes[22m | [39m[0m
2026-10-07T06:18:07.6077386Z [  25% ] [90m[1mupdate_scripts_classes[22m | [39m[0m
2026-10-07T06:18:07.6078080Z [  25% ] [90m[1mupdate_scripts_classes[22m | [39m[0m
2026-10-07T06:18:07.6078787Z [  25% ] [90m[1mupdate_scripts_classes[22m | [39m[0m
2026-10-07T06:18:07.6079484Z [  25% ] [90m[1mupdate_scripts_classes[22m | [39m[0m
2026-10-07T06:18:07.6080189Z [  25% ] [90m[1mupdate_scripts_classes[22m | [39m[0m
2026-10-07T06:18:07.6080839Z [  25% ] [90m[1mupdate_scripts_classes[22m | [39m[0m
2026-10-07T06:18:07.6081469Z [  25% ] [90m[1mupdate_scripts_classes[22m | [39m[0m
2026-10-07T06:18:07.6082150Z [  25% ] [90m[1mupdate_scripts_classes[22m | [39m[0m
2026-10-07T06:18:07.6083117Z [  25% ] [90m[1mupdate_scripts_classes[22m | [39m[0m
2026-10-07T06:18:07.6083835Z [  25% ] [90m[1mupdate_scripts_classes[22m | [39m[0m
2026-10-07T06:18:07.6084523Z [  25% ] [90m[1mupdate_scripts_classes[22m | [39m[0m
2026-10-07T06:18:07.6085246Z [  25% ] [90m[1mupdate_scripts_classes[22m | [39m[0m
2026-10-07T06:18:07.6085940Z [  25% ] [90m[1mupdate_scripts_classes[22m | [39m[0m
2026-10-07T06:18:07.6086630Z [  25% ] [90m[1mupdate_scripts_classes[22m | [39m[0m
2026-10-07T06:18:07.6087358Z [  25% ] [90m[1mupdate_scripts_classes[22m | [39m[0m
2026-10-07T06:18:07.6088076Z [  25% ] [90m[1mupdate_scripts_classes[22m | [39m[0m
2026-10-07T06:18:07.6088777Z [  25% ] [90m[1mupdate_scripts_classes[22m | [39m[0m
2026-10-07T06:18:07.6089476Z [  25% ] [90m[1mupdate_scripts_classes[22m | [39m[0m
2026-10-07T06:18:07.6090200Z [  25% ] [90m[1mupdate_scripts_classes[22m | [39m[0m
2026-10-07T06:18:07.6090908Z [  25% ] [90m[1mupdate_scripts_classes[22m | [39m[0m
2026-10-07T06:18:07.6091830Z [  25% ] [90m[1mupdate_scripts_classes[22m | [39m[0m
2026-10-07T06:18:07.6092799Z [  25% ] [90m[1mupdate_scripts_classes[22m | [39m[0m
2026-10-07T06:18:07.6093530Z [  25% ] [90m[1mupdate_scripts_classes[22m | [39m[0m
2026-10-07T06:18:07.6094555Z [  25% ] [90m[1mupdate_scripts_classes[22m | [39m[0m
2026-10-07T06:18:07.6095474Z [  26% ] [90m[1mupdate_scripts_classes[22m | [39m[0m
2026-10-07T06:18:07.6096644Z [  26% ] [90m[1mupdate_scripts_classes[22m | [39m[0m
2026-10-07T06:18:07.6097505Z [  26% ] [90m[1mupdate_scripts_classes[22m | [39m[0m
2026-10-07T06:18:07.6121586Z [  26% ] [90m[1mupdate_scripts_classes[22m | [39m[0m
2026-10-07T06:18:07.6122334Z [  26% ] [90m[1mupdate_scripts_classes[22m | [39m[0m
2026-10-07T06:18:07.6123301Z [  26% ] [90m[1mupdate_scripts_classes[22m | [39m[0m
2026-10-07T06:18:07.6124347Z [  26% ] [90m[1mupdate_scripts_classes[22m | [39m[0m
2026-10-07T06:18:07.6125037Z [  26% ] [90m[1mupdate_scripts_classes[22m | [39m[0m
2026-10-07T06:18:07.6125723Z [  26% ] [90m[1mupdate_scripts_classes[22m | [39m[0m
2026-10-07T06:18:07.6126384Z [  26% ] [90m[1mupdate_scripts_classes[22m | [39m[0m
2026-10-07T06:18:07.6127059Z [  26% ] [90m[1mupdate_scripts_classes[22m | [39m[0m
2026-10-07T06:18:07.6127757Z [  26% ] [90m[1mupdate_scripts_classes[22m | [39m[0m
2026-10-07T06:18:07.6128430Z [  26% ] [90m[1mupdate_scripts_classes[22m | [39m[0m
2026-10-07T06:18:07.6129106Z [  26% ] [90m[1mupdate_scripts_classes[22m | [39m[0m
2026-10-07T06:18:07.6129768Z [  26% ] [90m[1mupdate_scripts_classes[22m | [39m[0m
2026-10-07T06:18:07.6130426Z [  26% ] [90m[1mupdate_scripts_classes[22m | [39m[0m
2026-10-07T06:18:07.6131115Z [  26% ] [90m[1mupdate_scripts_classes[22m | [39m[0m
2026-10-07T06:18:07.6131782Z [  26% ] [90m[1mupdate_scripts_classes[22m | [39m[0m
2026-10-07T06:18:07.6132736Z [  26% ] [90m[1mupdate_scripts_classes[22m | [39m[0m
2026-10-07T06:18:07.6133483Z [  26% ] [90m[1mupdate_scripts_classes[22m | [39m[0m
2026-10-07T06:18:07.6134155Z [  26% ] [90m[1mupdate_scripts_classes[22m | [39m[0m
2026-10-07T06:18:07.6134827Z [  26% ] [90m[1mupdate_scripts_classes[22m | [39m[0m
2026-10-07T06:18:07.6135492Z [  26% ] [90m[1mupdate_scripts_classes[22m | [39m[0m
2026-10-07T06:18:07.6136156Z [  26% ] [90m[1mupdate_scripts_classes[22m | [39m[0m
2026-10-07T06:18:07.6136824Z [  26% ] [90m[1mupdate_scripts_classes[22m | [39m[0m
2026-10-07T06:18:07.6137475Z [  26% ] [90m[1mupdate_scripts_classes[22m | [39m[0m
2026-10-07T06:18:07.6138147Z [  26% ] [90m[1mupdate_scripts_classes[22m | [39m[0m
2026-10-07T06:18:07.6138803Z [  26% ] [90m[1mupdate_scripts_classes[22m | [39m[0m
2026-10-07T06:18:07.6139473Z [  26% ] [90m[1mupdate_scripts_classes[22m | [39m[0m
2026-10-07T06:18:07.6140137Z [  26% ] [90m[1mupdate_scripts_classes[22m | [39m[0m
2026-10-07T06:18:07.6140809Z [  26% ] [90m[1mupdate_scripts_classes[22m | [39m[0m
2026-10-07T06:18:07.6141482Z [  27% ] [90m[1mupdate_scripts_classes[22m | [39m[0m
2026-10-07T06:18:07.6142137Z [  27% ] [90m[1mupdate_scripts_classes[22m | [39m[0m
2026-10-07T06:18:07.6143118Z [  27% ] [90m[1mupdate_scripts_classes[22m | [39m[0m
2026-10-07T06:18:07.6143827Z [  27% ] [90m[1mupdate_scripts_classes[22m | [39m[0m
2026-10-07T06:18:07.6144523Z [  27% ] [90m[1mupdate_scripts_classes[22m | [39m[0m
2026-10-07T06:18:07.6145213Z [  27% ] [90m[1mupdate_scripts_classes[22m | [39m[0m
2026-10-07T06:18:07.6145890Z [  27% ] [90m[1mupdate_scripts_classes[22m | [39m[0m
2026-10-07T06:18:07.6146584Z [  27% ] [90m[1mupdate_scripts_classes[22m | [39m[0m
2026-10-07T06:18:07.6147318Z [  27% ] [90m[1mupdate_scripts_classes[22m | [39m[0m
2026-10-07T06:18:07.6148013Z [  27% ] [90m[1mupdate_scripts_classes[22m | [39m[0m
2026-10-07T06:18:07.6148727Z [  27% ] [90m[1mupdate_scripts_classes[22m | [39m[0m
2026-10-07T06:18:07.6149418Z [  27% ] [90m[1mupdate_scripts_classes[22m | [39m[0m
2026-10-07T06:18:07.6150333Z [  27% ] [90m[1mupdate_scripts_classes[22m | [39m[0m
2026-10-07T06:18:07.6151166Z [  27% ] [90m[1mupdate_scripts_classes[22m | [39m[0m
2026-10-07T06:18:07.6151854Z [  27% ] [90m[1mupdate_scripts_classes[22m | [39m[0m
2026-10-07T06:18:07.6152792Z [  27% ] [90m[1mupdate_scripts_classes[22m | [39m[0m
2026-10-07T06:18:07.6153504Z [  27% ] [90m[1mupdate_scripts_classes[22m | [39m[0m
2026-10-07T06:18:07.6154195Z [  27% ] [90m[1mupdate_scripts_classes[22m | [39m[0m
2026-10-07T06:18:07.6154895Z [  27% ] [90m[1mupdate_scripts_classes[22m | [39m[0m
2026-10-07T06:18:07.6155607Z [  27% ] [90m[1mupdate_scripts_classes[22m | [39m[0m
2026-10-07T06:18:07.6156316Z [  27% ] [90m[1mupdate_scripts_classes[22m | [39m[0m
2026-10-07T06:18:07.6157016Z [  27% ] [90m[1mupdate_scripts_classes[22m | [39m[0m
2026-10-07T06:18:07.6158034Z [  27% ] [90m[1mupdate_scripts_classes[22m | [39m[0m
2026-10-07T06:18:07.6158749Z [  27% ] [90m[1mupdate_scripts_classes[22m | [39m[0m
2026-10-07T06:18:07.6159439Z [  27% ] [90m[1mupdate_scripts_classes[22m | [39m[0m
2026-10-07T06:18:07.6160142Z [  27% ] [90m[1mupdate_scripts_classes[22m | [39m[0m
2026-10-07T06:18:07.6160839Z [  27% ] [90m[1mupdate_scripts_classes[22m | [39m[0m
2026-10-07T06:18:07.6161519Z [  27% ] [90m[1mupdate_scripts_classes[22m | [39m[0m
2026-10-07T06:18:07.6162217Z [  27% ] [90m[1mupdate_scripts_classes[22m | [39m[0m
2026-10-07T06:18:07.6163148Z [  27% ] [90m[1mupdate_scripts_classes[22m | [39m[0m
2026-10-07T06:18:07.6163841Z [  27% ] [90m[1mupdate_scripts_classes[22m | [39m[0m
2026-10-07T06:18:07.6164537Z [  28% ] [90m[1mupdate_scripts_classes[22m | [39m[0m
2026-10-07T06:18:07.6165235Z [  28% ] [90m[1mupdate_scripts_classes[22m | [39m[0m
2026-10-07T06:18:07.6165938Z [  28% ] [90m[1mupdate_scripts_classes[22m | [39m[0m
2026-10-07T06:18:07.6166627Z [  28% ] [90m[1mupdate_scripts_classes[22m | [39m[0m
2026-10-07T06:18:07.6167324Z [  28% ] [90m[1mupdate_scripts_classes[22m | [39m[0m
2026-10-07T06:18:07.6168029Z [  28% ] [90m[1mupdate_scripts_classes[22m | [39m[0m
2026-10-07T06:18:07.6168719Z [  28% ] [90m[1mupdate_scripts_classes[22m | [39m[0m
2026-10-07T06:18:07.6169415Z [  28% ] [90m[1mupdate_scripts_classes[22m | [39m[0m
2026-10-07T06:18:07.6170113Z [  28% ] [90m[1mupdate_scripts_classes[22m | [39m[0m
2026-10-07T06:18:07.6170812Z [  28% ] [90m[1mupdate_scripts_classes[22m | [39m[0m
2026-10-07T06:18:07.6171506Z [  28% ] [90m[1mupdate_scripts_classes[22m | [39m[0m
2026-10-07T06:18:07.6172197Z [  28% ] [90m[1mupdate_scripts_classes[22m | [39m[0m
2026-10-07T06:18:07.6173123Z [  28% ] [90m[1mupdate_scripts_classes[22m | [39m[0m
2026-10-07T06:18:07.6173830Z [  28% ] [90m[1mupdate_scripts_classes[22m | [39m[0m
2026-10-07T06:18:07.6174529Z [  28% ] [90m[1mupdate_scripts_classes[22m | [39m[0m
2026-10-07T06:18:07.6175234Z [  28% ] [90m[1mupdate_scripts_classes[22m | [39m[0m
2026-10-07T06:18:07.6175940Z [  28% ] [90m[1mupdate_scripts_classes[22m | [39m[0m
2026-10-07T06:18:07.6176631Z [  28% ] [90m[1mupdate_scripts_classes[22m | [39m[0m
2026-10-07T06:18:07.6177329Z [  28% ] [90m[1mupdate_scripts_classes[22m | [39m[0m
2026-10-07T06:18:07.6178024Z [  28% ] [90m[1mupdate_scripts_classes[22m | [39m[0m
2026-10-07T06:18:07.6178717Z [  28% ] [90m[1mupdate_scripts_classes[22m | [39m[0m
2026-10-07T06:18:07.6179418Z [  28% ] [90m[1mupdate_scripts_classes[22m | [39m[0m
2026-10-07T06:18:07.6180107Z [  28% ] [90m[1mupdate_scripts_classes[22m | [39m[0m
2026-10-07T06:18:07.6180797Z [  28% ] [90m[1mupdate_scripts_classes[22m | [39m[0m
2026-10-07T06:18:07.6181494Z [  28% ] [90m[1mupdate_scripts_classes[22m | [39m[0m
2026-10-07T06:18:07.6182179Z [  28% ] [90m[1mupdate_scripts_classes[22m | [39m[0m
2026-10-07T06:18:07.6183162Z [  28% ] [90m[1mupdate_scripts_classes[22m | [39m[0m
2026-10-07T06:18:07.6183946Z [  28% ] [90m[1mupdate_scripts_classes[22m | [39m[0m
2026-10-07T06:18:07.6184863Z [  28% ] [90m[1mupdate_scripts_classes[22m | [39m[0m
2026-10-07T06:18:07.6185580Z [  28% ] [90m[1mupdate_scripts_classes[22m | [39m[0m
2026-10-07T06:18:07.6186262Z [  28% ] [90m[1mupdate_scripts_classes[22m | [39m[0m
2026-10-07T06:18:07.6186942Z [  29% ] [90m[1mupdate_scripts_classes[22m | [39m[0m
2026-10-07T06:18:07.6187621Z [  29% ] [90m[1mupdate_scripts_classes[22m | [39m[0m
2026-10-07T06:18:07.6188310Z [  29% ] [90m[1mupdate_scripts_classes[22m | [39m[0m
2026-10-07T06:18:07.6188996Z [  29% ] [90m[1mupdate_scripts_classes[22m | [39m[0m
2026-10-07T06:18:07.6189678Z [  29% ] [90m[1mupdate_scripts_classes[22m | [39m[0m
2026-10-07T06:18:07.6190358Z [  29% ] [90m[1mupdate_scripts_classes[22m | [39m[0m
2026-10-07T06:18:07.6191043Z [  29% ] [90m[1mupdate_scripts_classes[22m | [39m[0m
2026-10-07T06:18:07.6191979Z [  29% ] [90m[1mupdate_scripts_classes[22m | [39m[0m
2026-10-07T06:18:07.6192886Z [  29% ] [90m[1mupdate_scripts_classes[22m | [39m[0m
2026-10-07T06:18:07.6193595Z [  29% ] [90m[1mupdate_scripts_classes[22m | [39m[0m
2026-10-07T06:18:07.6194293Z [  29% ] [90m[1mupdate_scripts_classes[22m | [39m[0m
2026-10-07T06:18:07.6194989Z [  29% ] [90m[1mupdate_scripts_classes[22m | [39m[0m
2026-10-07T06:18:07.6195689Z [  29% ] [90m[1mupdate_scripts_classes[22m | [39m[0m
2026-10-07T06:18:07.6196375Z [  29% ] [90m[1mupdate_scripts_classes[22m | [39m[0m
2026-10-07T06:18:07.6197056Z [  29% ] [90m[1mupdate_scripts_classes[22m | [39m[0m
2026-10-07T06:18:07.6197753Z [  29% ] [90m[1mupdate_scripts_classes[22m | [39m[0m
2026-10-07T06:18:07.6198440Z [  29% ] [90m[1mupdate_scripts_classes[22m | [39m[0m
2026-10-07T06:18:07.6199119Z [  29% ] [90m[1mupdate_scripts_classes[22m | [39m[0m
2026-10-07T06:18:07.6199799Z [  29% ] [90m[1mupdate_scripts_classes[22m | [39m[0m
2026-10-07T06:18:07.6200487Z [  29% ] [90m[1mupdate_scripts_classes[22m | [39m[0m
2026-10-07T06:18:07.6201188Z [  29% ] [90m[1mupdate_scripts_classes[22m | [39m[0m
2026-10-07T06:18:07.6201885Z [  29% ] [90m[1mupdate_scripts_classes[22m | [39m[0m
2026-10-07T06:18:07.6202756Z [  29% ] [90m[1mupdate_scripts_classes[22m | [39m[0m
2026-10-07T06:18:07.6203467Z [  29% ] [90m[1mupdate_scripts_classes[22m | [39m[0m
2026-10-07T06:18:07.6204150Z [  29% ] [90m[1mupdate_scripts_classes[22m | [39m[0m
2026-10-07T06:18:07.6204846Z [  29% ] [90m[1mupdate_scripts_classes[22m | [39m[0m
2026-10-07T06:18:07.6205526Z [  29% ] [90m[1mupdate_scripts_classes[22m | [39m[0m
2026-10-07T06:18:07.6206215Z [  29% ] [90m[1mupdate_scripts_classes[22m | [39m[0m
2026-10-07T06:18:07.6206901Z [  29% ] [90m[1mupdate_scripts_classes[22m | [39m[0m
2026-10-07T06:18:07.6207768Z [  29% ] [90m[1mupdate_scripts_classes[22m | [39m[0m
2026-10-07T06:18:07.6208460Z [  29% ] [90m[1mupdate_scripts_classes[22m | [39m[0m
2026-10-07T06:18:07.6209141Z [  30% ] [90m[1mupdate_scripts_classes[22m | [39m[0m
2026-10-07T06:18:07.6209823Z [  30% ] [90m[1mupdate_scripts_classes[22m | [39m[0m
2026-10-07T06:18:07.6210507Z [  30% ] [90m[1mupdate_scripts_classes[22m | [39m[0m
2026-10-07T06:18:07.6211183Z [  30% ] [90m[1mupdate_scripts_classes[22m | [39m[0m
2026-10-07T06:18:07.6211879Z [  30% ] [90m[1mupdate_scripts_classes[22m | [39m[0m
2026-10-07T06:18:07.6213205Z [  30% ] [90m[1mupdate_scripts_classes[22m | [39m[0m
2026-10-07T06:18:07.6213935Z [  30% ] [90m[1mupdate_scripts_classes[22m | [39m[0m
2026-10-07T06:18:07.6214628Z [  30% ] [90m[1mupdate_scripts_classes[22m | [39m[0m
2026-10-07T06:18:07.6215328Z [  30% ] [90m[1mupdate_scripts_classes[22m | [39m[0m
2026-10-07T06:18:07.6216018Z [  30% ] [90m[1mupdate_scripts_classes[22m | [39m[0m
2026-10-07T06:18:07.6216699Z [  30% ] [90m[1mupdate_scripts_classes[22m | [39m[0m
2026-10-07T06:18:07.6217411Z [  30% ] [90m[1mupdate_scripts_classes[22m | [39m[0m
2026-10-07T06:18:07.6218105Z [  30% ] [90m[1mupdate_scripts_classes[22m | [39m[0m
2026-10-07T06:18:07.6219032Z [  30% ] [90m[1mupdate_scripts_classes[22m | [39m[0m
2026-10-07T06:18:07.6219759Z [  30% ] [90m[1mupdate_scripts_classes[22m | [39m[0m
2026-10-07T06:18:07.6220440Z [  30% ] [90m[1mupdate_scripts_classes[22m | [39m[0m
2026-10-07T06:18:07.6221115Z [  30% ] [90m[1mupdate_scripts_classes[22m | [39m[0m
2026-10-07T06:18:07.6221796Z [  30% ] [90m[1mupdate_scripts_classes[22m | [39m[0m
2026-10-07T06:18:07.6222685Z [  30% ] [90m[1mupdate_scripts_classes[22m | [39m[0m
2026-10-07T06:18:07.6223408Z [  30% ] [90m[1mupdate_scripts_classes[22m | [39m[0m
2026-10-07T06:18:07.6224099Z [  30% ] [90m[1mupdate_scripts_classes[22m | [39m[0m
2026-10-07T06:18:07.6224791Z [  30% ] [90m[1mupdate_scripts_classes[22m | [39m[0m
2026-10-07T06:18:07.6225480Z [  30% ] [90m[1mupdate_scripts_classes[22m | [39m[0m
2026-10-07T06:18:07.6226409Z [  30% ] [90m[1mupdate_scripts_classes[22m | [39m[0m
2026-10-07T06:18:07.6227108Z [  30% ] [90m[1mupdate_scripts_classes[22m | [39m[0m
2026-10-07T06:18:07.6227812Z [  30% ] [90m[1mupdate_scripts_classes[22m | [39m[0m
2026-10-07T06:18:07.6228482Z [  30% ] [90m[1mupdate_scripts_classes[22m | [39m[0m
2026-10-07T06:18:07.6229156Z [  30% ] [90m[1mupdate_scripts_classes[22m | [39m[0m
2026-10-07T06:18:07.6229830Z [  30% ] [90m[1mupdate_scripts_classes[22m | [39m[0m
2026-10-07T06:18:07.6230512Z [  30% ] [90m[1mupdate_scripts_classes[22m | [39m[0m
2026-10-07T06:18:07.6231192Z [  30% ] [90m[1mupdate_scripts_classes[22m | [39m[0m
2026-10-07T06:18:07.6231863Z [  31% ] [90m[1mupdate_scripts_classes[22m | [39m[0m
2026-10-07T06:18:07.6232741Z [  31% ] [90m[1mupdate_scripts_classes[22m | [39m[0m
2026-10-07T06:18:07.6233454Z [  31% ] [90m[1mupdate_scripts_classes[22m | [39m[0m
2026-10-07T06:18:07.6234135Z [  31% ] [90m[1mupdate_scripts_classes[22m | [39m[0m
2026-10-07T06:18:07.6234837Z [  31% ] [90m[1mupdate_scripts_classes[22m | [39m[0m
2026-10-07T06:18:07.6235534Z [  31% ] [90m[1mupdate_scripts_classes[22m | [39m[0m
2026-10-07T06:18:07.6236215Z [  31% ] [90m[1mupdate_scripts_classes[22m | [39m[0m
2026-10-07T06:18:07.6236908Z [  31% ] [90m[1mupdate_scripts_classes[22m | [39m[0m
2026-10-07T06:18:07.6237591Z [  31% ] [90m[1mupdate_scripts_classes[22m | [39m[0m
2026-10-07T06:18:07.6238277Z [  31% ] [90m[1mupdate_scripts_classes[22m | [39m[0m
2026-10-07T06:18:07.6238955Z [  31% ] [90m[1mupdate_scripts_classes[22m | [39m[0m
2026-10-07T06:18:07.6239628Z [  31% ] [90m[1mupdate_scripts_classes[22m | [39m[0m
2026-10-07T06:18:07.6240315Z [  31% ] [90m[1mupdate_scripts_classes[22m | [39m[0m
2026-10-07T06:18:07.6240995Z [  31% ] [90m[1mupdate_scripts_classes[22m | [39m[0m
2026-10-07T06:18:07.6241685Z [  31% ] [90m[1mupdate_scripts_classes[22m | [39m[0m
2026-10-07T06:18:07.6242362Z [  31% ] [90m[1mupdate_scripts_classes[22m | [39m[0m
2026-10-07T06:18:07.6243276Z [  31% ] [90m[1mupdate_scripts_classes[22m | [39m[0m
2026-10-07T06:18:07.6243984Z [  31% ] [90m[1mupdate_scripts_classes[22m | [39m[0m
2026-10-07T06:18:07.6244674Z [  31% ] [90m[1mupdate_scripts_classes[22m | [39m[0m
2026-10-07T06:18:07.6245383Z [  31% ] [90m[1mupdate_scripts_classes[22m | [39m[0m
2026-10-07T06:18:07.6246072Z [  31% ] [90m[1mupdate_scripts_classes[22m | [39m[0m
2026-10-07T06:18:07.6246751Z [  31% ] [90m[1mupdate_scripts_classes[22m | [39m[0m
2026-10-07T06:18:07.6247435Z [  31% ] [90m[1mupdate_scripts_classes[22m | [39m[0m
2026-10-07T06:18:07.6248123Z [  31% ] [90m[1mupdate_scripts_classes[22m | [39m[0m
2026-10-07T06:18:07.6248849Z [  31% ] [90m[1mupdate_scripts_classes[22m | [39m[0m
2026-10-07T06:18:07.6249523Z [  31% ] [90m[1mupdate_scripts_classes[22m | [39m[0m
2026-10-07T06:18:07.6250217Z [  31% ] [90m[1mupdate_scripts_classes[22m | [39m[0m
2026-10-07T06:18:07.6250966Z [  31% ] [90m[1mupdate_scripts_classes[22m | [39m[0m
2026-10-07T06:18:07.6251658Z [  31% ] [90m[1mupdate_scripts_classes[22m | [39m[0m
2026-10-07T06:18:07.6252797Z [  31% ] [90m[1mupdate_scripts_classes[22m | [39m[0m
2026-10-07T06:18:07.6253581Z [  31% ] [90m[1mupdate_scripts_classes[22m | [39m[0m
2026-10-07T06:18:07.6254264Z [  32% ] [90m[1mupdate_scripts_classes[22m | [39m[0m
2026-10-07T06:18:07.6254940Z [  32% ] [90m[1mupdate_scripts_classes[22m | [39m[0m
2026-10-07T06:18:07.6255624Z [  32% ] [90m[1mupdate_scripts_classes[22m | [39m[0m
2026-10-07T06:18:07.6256288Z [  32% ] [90m[1mupdate_scripts_classes[22m | [39m[0m
2026-10-07T06:18:07.6256976Z [  32% ] [90m[1mupdate_scripts_classes[22m | [39m[0m
2026-10-07T06:18:07.6257658Z [  32% ] [90m[1mupdate_scripts_classes[22m | [39m[0m
2026-10-07T06:18:07.6258336Z [  32% ] [90m[1mupdate_scripts_classes[22m | [39m[0m
2026-10-07T06:18:07.6259012Z [  32% ] [90m[1mupdate_scripts_classes[22m | [39m[0m
2026-10-07T06:18:07.6259910Z [  32% ] [90m[1mupdate_scripts_classes[22m | [39m[0m
2026-10-07T06:18:07.6260588Z [  32% ] [90m[1mupdate_scripts_classes[22m | [39m[0m
2026-10-07T06:18:07.6261284Z [  32% ] [90m[1mupdate_scripts_classes[22m | [39m[0m
2026-10-07T06:18:07.6261981Z [  32% ] [90m[1mupdate_scripts_classes[22m | [39m[0m
2026-10-07T06:18:07.6262881Z [  32% ] [90m[1mupdate_scripts_classes[22m | [39m[0m
2026-10-07T06:18:07.6263579Z [  32% ] [90m[1mupdate_scripts_classes[22m | [39m[0m
2026-10-07T06:18:07.6264266Z [  32% ] [90m[1mupdate_scripts_classes[22m | [39m[0m
2026-10-07T06:18:07.6264956Z [  32% ] [90m[1mupdate_scripts_classes[22m | [39m[0m
2026-10-07T06:18:07.6265648Z [  32% ] [90m[1mupdate_scripts_classes[22m | [39m[0m
2026-10-07T06:18:07.6266321Z [  32% ] [90m[1mupdate_scripts_classes[22m | [39m[0m
2026-10-07T06:18:07.6267009Z [  32% ] [90m[1mupdate_scripts_classes[22m | [39m[0m
2026-10-07T06:18:07.6267686Z [  32% ] [90m[1mupdate_scripts_classes[22m | [39m[0m
2026-10-07T06:18:07.6268376Z [  32% ] [90m[1mupdate_scripts_classes[22m | [39m[0m
2026-10-07T06:18:07.6269044Z [  32% ] [90m[1mupdate_scripts_classes[22m | [39m[0m
2026-10-07T06:18:07.6269728Z [  32% ] [90m[1mupdate_scripts_classes[22m | [39m[0m
2026-10-07T06:18:07.6270414Z [  32% ] [90m[1mupdate_scripts_classes[22m | [39m[0m
2026-10-07T06:18:07.6271093Z [  32% ] [90m[1mupdate_scripts_classes[22m | [39m[0m
2026-10-07T06:18:07.6271781Z [  32% ] [90m[1mupdate_scripts_classes[22m | [39m[0m
2026-10-07T06:18:07.6272654Z [  32% ] [90m[1mupdate_scripts_classes[22m | [39m[0m
2026-10-07T06:18:07.6273350Z [  32% ] [90m[1mupdate_scripts_classes[22m | [39m[0m
2026-10-07T06:18:07.6274041Z [  32% ] [90m[1mupdate_scripts_classes[22m | [39m[0m
2026-10-07T06:18:07.6274716Z [  32% ] [90m[1mupdate_scripts_classes[22m | [39m[0m
2026-10-07T06:18:07.6275389Z [  32% ] [90m[1mupdate_scripts_classes[22m | [39m[0m
2026-10-07T06:18:07.6275710Z [  33% ] [90m[1mupdate_scripts_classes[22m | [39m[0m
2026-10-07T06:18:07.6276037Z [  33% ] [90m[1mupdate_scripts_classes[22m | [39m[0m
2026-10-07T06:18:07.6276354Z [  33% ] [90m[1mupdate_scripts_classes[22m | [39m[0m
2026-10-07T06:18:07.6276664Z [  33% ] [90m[1mupdate_scripts_classes[22m | [39m[0m
2026-10-07T06:18:07.6276977Z [  33% ] [90m[1mupdate_scripts_classes[22m | [39m[0m
2026-10-07T06:18:07.6277294Z [  33% ] [90m[1mupdate_scripts_classes[22m | [39m[0m
2026-10-07T06:18:07.6277606Z [  33% ] [90m[1mupdate_scripts_classes[22m | [39m[0m
2026-10-07T06:18:07.6277910Z [  33% ] [90m[1mupdate_scripts_classes[22m | [39m[0m
2026-10-07T06:18:07.6278228Z [  33% ] [90m[1mupdate_scripts_classes[22m | [39m[0m
2026-10-07T06:18:07.6278540Z [  33% ] [90m[1mupdate_scripts_classes[22m | [39m[0m
2026-10-07T06:18:07.6278845Z [  33% ] [90m[1mupdate_scripts_classes[22m | [39m[0m
2026-10-07T06:18:07.6279149Z [  33% ] [90m[1mupdate_scripts_classes[22m | [39m[0m
2026-10-07T06:18:07.6279457Z [  33% ] [90m[1mupdate_scripts_classes[22m | [39m[0m
2026-10-07T06:18:07.6279782Z [  33% ] [90m[1mupdate_scripts_classes[22m | [39m[0m
2026-10-07T06:18:07.6280288Z [  33% ] [90m[1mupdate_scripts_classes[22m | [39m[0m
2026-10-07T06:18:07.6280632Z [  33% ] [90m[1mupdate_scripts_classes[22m | [39m[0m
2026-10-07T06:18:07.6280948Z [  33% ] [90m[1mupdate_scripts_classes[22m | [39m[0m
2026-10-07T06:18:07.6281258Z [  33% ] [90m[1mupdate_scripts_classes[22m | [39m[0m
2026-10-07T06:18:07.6281569Z [  33% ] [90m[1mupdate_scripts_classes[22m | [39m[0m
2026-10-07T06:18:07.6281876Z [  33% ] [90m[1mupdate_scripts_classes[22m | [39m[0m
2026-10-07T06:18:07.6282194Z [  33% ] [90m[1mupdate_scripts_classes[22m | [39m[0m
2026-10-07T06:18:07.6282702Z [  33% ] [90m[1mupdate_scripts_classes[22m | [39m[0m
2026-10-07T06:18:07.6283048Z [  33% ] [90m[1mupdate_scripts_classes[22m | [39m[0m
2026-10-07T06:18:07.6283365Z [  33% ] [90m[1mupdate_scripts_classes[22m | [39m[0m
2026-10-07T06:18:07.6283893Z [  33% ] [90m[1mupdate_scripts_classes[22m | [39m[0m
2026-10-07T06:18:07.6284209Z [  33% ] [90m[1mupdate_scripts_classes[22m | [39m[0m
2026-10-07T06:18:07.6284527Z [  33% ] [90m[1mupdate_scripts_classes[22m | [39m[0m
2026-10-07T06:18:07.6284844Z [  33% ] [90m[1mupdate_scripts_classes[22m | [39m[0m
2026-10-07T06:18:07.6285150Z [  33% ] [90m[1mupdate_scripts_classes[22m | [39m[0m
2026-10-07T06:18:07.6285471Z [  33% ] [90m[1mupdate_scripts_classes[22m | [39m[0m
2026-10-07T06:18:07.6285788Z [  33% ] [90m[1mupdate_scripts_classes[22m | [39m[0m
2026-10-07T06:18:07.6286091Z [  34% ] [90m[1mupdate_scripts_classes[22m | [39m[0m
2026-10-07T06:18:07.6286400Z [  34% ] [90m[1mupdate_scripts_classes[22m | [39m[0m
2026-10-07T06:18:07.6286713Z [  34% ] [90m[1mupdate_scripts_classes[22m | [39m[0m
2026-10-07T06:18:07.6287029Z [  34% ] [90m[1mupdate_scripts_classes[22m | [39m[0m
2026-10-07T06:18:07.6287343Z [  34% ] [90m[1mupdate_scripts_classes[22m | [39m[0m
2026-10-07T06:18:07.6287667Z [  34% ] [90m[1mupdate_scripts_classes[22m | [39m[0m
2026-10-07T06:18:07.6287980Z [  34% ] [90m[1mupdate_scripts_classes[22m | [39m[0m
2026-10-07T06:18:07.6288288Z [  34% ] [90m[1mupdate_scripts_classes[22m | [39m[0m
2026-10-07T06:18:07.6288604Z [  34% ] [90m[1mupdate_scripts_classes[22m | [39m[0m
2026-10-07T06:18:07.6288914Z [  34% ] [90m[1mupdate_scripts_classes[22m | [39m[0m
2026-10-07T06:18:07.6289198Z [  34% ] [90m[1mupdate_scripts_classes[22m | [39m[0m
2026-10-07T06:18:07.6289481Z [  34% ] [90m[1mupdate_scripts_classes[22m | [39m[0m
2026-10-07T06:18:07.6289780Z [  34% ] [90m[1mupdate_scripts_classes[22m | [39m[0m
2026-10-07T06:18:07.6290086Z [  34% ] [90m[1mupdate_scripts_classes[22m | [39m[0m
2026-10-07T06:18:07.6290393Z [  34% ] [90m[1mupdate_scripts_classes[22m | [39m[0m
2026-10-07T06:18:07.6290711Z [  34% ] [90m[1mupdate_scripts_classes[22m | [39m[0m
2026-10-07T06:18:07.6291021Z [  34% ] [90m[1mupdate_scripts_classes[22m | [39m[0m
2026-10-07T06:18:07.6291343Z [  34% ] [90m[1mupdate_scripts_classes[22m | [39m[0m
2026-10-07T06:18:07.6291655Z [  34% ] [90m[1mupdate_scripts_classes[22m | [39m[0m
2026-10-07T06:18:07.6291980Z [  34% ] [90m[1mupdate_scripts_classes[22m | [39m[0m
2026-10-07T06:18:07.6292296Z [  34% ] [90m[1mupdate_scripts_classes[22m | [39m[0m
2026-10-07T06:18:07.6292804Z [  34% ] [90m[1mupdate_scripts_classes[22m | [39m[0m
2026-10-07T06:18:07.6293132Z [  34% ] [90m[1mupdate_scripts_classes[22m | [39m[0m
2026-10-07T06:18:07.6293455Z [  34% ] [90m[1mupdate_scripts_classes[22m | [39m[0m
2026-10-07T06:18:07.6293772Z [  34% ] [90m[1mupdate_scripts_classes[22m | [39m[0m
2026-10-07T06:18:07.6294072Z [  34% ] [90m[1mupdate_scripts_classes[22m | [39m[0m
2026-10-07T06:18:07.6294382Z [  34% ] [90m[1mupdate_scripts_classes[22m | [39m[0m
2026-10-07T06:18:07.6294702Z [  34% ] [90m[1mupdate_scripts_classes[22m | [39m[0m
2026-10-07T06:18:07.6295006Z [  34% ] [90m[1mupdate_scripts_classes[22m | [39m[0m
2026-10-07T06:18:07.6295330Z [  34% ] [90m[1mupdate_scripts_classes[22m | [39m[0m
2026-10-07T06:18:07.6295856Z [  34% ] [90m[1mupdate_scripts_classes[22m | [39m[0m
2026-10-07T06:18:07.6296200Z [  35% ] [90m[1mupdate_scripts_classes[22m | [39m[0m
2026-10-07T06:18:07.6296506Z [  35% ] [90m[1mupdate_scripts_classes[22m | [39m[0m
2026-10-07T06:18:07.6296823Z [  35% ] [90m[1mupdate_scripts_classes[22m | [39m[0m
2026-10-07T06:18:07.6297136Z [  35% ] [90m[1mupdate_scripts_classes[22m | [39m[0m
2026-10-07T06:18:07.6297439Z [  35% ] [90m[1mupdate_scripts_classes[22m | [39m[0m
2026-10-07T06:18:07.6297758Z [  35% ] [90m[1mupdate_scripts_classes[22m | [39m[0m
2026-10-07T06:18:07.6298066Z [  35% ] [90m[1mupdate_scripts_classes[22m | [39m[0m
2026-10-07T06:18:07.6298381Z [  35% ] [90m[1mupdate_scripts_classes[22m | [39m[0m
2026-10-07T06:18:07.6298685Z [  35% ] [90m[1mupdate_scripts_classes[22m | [39m[0m
2026-10-07T06:18:07.6299219Z [  35% ] [90m[1mupdate_scripts_classes[22m | [39m[0m
2026-10-07T06:18:07.6299543Z [  35% ] [90m[1mupdate_scripts_classes[22m | [39m[0m
2026-10-07T06:18:07.6299850Z [  35% ] [90m[1mupdate_scripts_classes[22m | [39m[0m
2026-10-07T06:18:07.6300157Z [  35% ] [90m[1mupdate_scripts_classes[22m | [39m[0m
2026-10-07T06:18:07.6300475Z [  35% ] [90m[1mupdate_scripts_classes[22m | [39m[0m
2026-10-07T06:18:07.6300788Z [  35% ] [90m[1mupdate_scripts_classes[22m | [39m[0m
2026-10-07T06:18:07.6301093Z [  35% ] [90m[1mupdate_scripts_classes[22m | [39m[0m
2026-10-07T06:18:07.6301409Z [  35% ] [90m[1mupdate_scripts_classes[22m | [39m[0m
2026-10-07T06:18:07.6301717Z [  35% ] [90m[1mupdate_scripts_classes[22m | [39m[0m
2026-10-07T06:18:07.6302023Z [  35% ] [90m[1mupdate_scripts_classes[22m | [39m[0m
2026-10-07T06:18:07.6302333Z [  35% ] [90m[1mupdate_scripts_classes[22m | [39m[0m
2026-10-07T06:18:07.6302886Z [  35% ] [90m[1mupdate_scripts_classes[22m | [39m[0m
2026-10-07T06:18:07.6303226Z [  35% ] [90m[1mupdate_scripts_classes[22m | [39m[0m
2026-10-07T06:18:07.6303541Z [  35% ] [90m[1mupdate_scripts_classes[22m | [39m[0m
2026-10-07T06:18:07.6303856Z [  35% ] [90m[1mupdate_scripts_classes[22m | [39m[0m
2026-10-07T06:18:07.6304182Z [  35% ] [90m[1mupdate_scripts_classes[22m | [39m[0m
2026-10-07T06:18:07.6304490Z [  35% ] [90m[1mupdate_scripts_classes[22m | [39m[0m
2026-10-07T06:18:07.6304795Z [  35% ] [90m[1mupdate_scripts_classes[22m | [39m[0m
2026-10-07T06:18:07.6305101Z [  35% ] [90m[1mupdate_scripts_classes[22m | [39m[0m
2026-10-07T06:18:07.6305412Z [  35% ] [90m[1mupdate_scripts_classes[22m | [39m[0m
2026-10-07T06:18:07.6305724Z [  35% ] [90m[1mupdate_scripts_classes[22m | [39m[0m
2026-10-07T06:18:07.6306025Z [  35% ] [90m[1mupdate_scripts_classes[22m | [39m[0m
2026-10-07T06:18:07.6306337Z [  36% ] [90m[1mupdate_scripts_classes[22m | [39m[0m
2026-10-07T06:18:07.6306648Z [  36% ] [90m[1mupdate_scripts_classes[22m | [39m[0m
2026-10-07T06:18:07.6306956Z [  36% ] [90m[1mupdate_scripts_classes[22m | [39m[0m
2026-10-07T06:18:07.6307277Z [  36% ] [90m[1mupdate_scripts_classes[22m | [39m[0m
2026-10-07T06:18:07.6307581Z [  36% ] [90m[1mupdate_scripts_classes[22m | [39m[0m
2026-10-07T06:18:07.6307894Z [  36% ] [90m[1mupdate_scripts_classes[22m | [39m[0m
2026-10-07T06:18:07.6308189Z [  36% ] [90m[1mupdate_scripts_classes[22m | [39m[0m
2026-10-07T06:18:07.6308498Z [  36% ] [90m[1mupdate_scripts_classes[22m | [39m[0m
2026-10-07T06:18:07.6308813Z [  36% ] [90m[1mupdate_scripts_classes[22m | [39m[0m
2026-10-07T06:18:07.6309119Z [  36% ] [90m[1mupdate_scripts_classes[22m | [39m[0m
2026-10-07T06:18:07.6309435Z [  36% ] [90m[1mupdate_scripts_classes[22m | [39m[0m
2026-10-07T06:18:07.6309744Z [  36% ] [90m[1mupdate_scripts_classes[22m | [39m[0m
2026-10-07T06:18:07.6310060Z [  36% ] [90m[1mupdate_scripts_classes[22m | [39m[0m
2026-10-07T06:18:07.6310367Z [  36% ] [90m[1mupdate_scripts_classes[22m | [39m[0m
2026-10-07T06:18:07.6310686Z [  36% ] [90m[1mupdate_scripts_classes[22m | [39m[0m
2026-10-07T06:18:07.6311208Z [  36% ] [90m[1mupdate_scripts_classes[22m | [39m[0m
2026-10-07T06:18:07.6311534Z [  36% ] [90m[1mupdate_scripts_classes[22m | [39m[0m
2026-10-07T06:18:07.6311848Z [  36% ] [90m[1mupdate_scripts_classes[22m | [39m[0m
2026-10-07T06:18:07.6312165Z [  36% ] [90m[1mupdate_scripts_classes[22m | [39m[0m
2026-10-07T06:18:07.6312667Z [  36% ] [90m[1mupdate_scripts_classes[22m | [39m[0m
2026-10-07T06:18:07.6312987Z [  36% ] [90m[1mupdate_scripts_classes[22m | [39m[0m
2026-10-07T06:18:07.6313310Z [  36% ] [90m[1mupdate_scripts_classes[22m | [39m[0m
2026-10-07T06:18:07.6313626Z [  36% ] [90m[1mupdate_scripts_classes[22m | [39m[0m
2026-10-07T06:18:07.6313935Z [  36% ] [90m[1mupdate_scripts_classes[22m | [39m[0m
2026-10-07T06:18:07.6314249Z [  36% ] [90m[1mupdate_scripts_classes[22m | [39m[0m
2026-10-07T06:18:07.6314557Z [  36% ] [90m[1mupdate_scripts_classes[22m | [39m[0m
2026-10-07T06:18:07.6315079Z [  36% ] [90m[1mupdate_scripts_classes[22m | [39m[0m
2026-10-07T06:18:07.6315399Z [  36% ] [90m[1mupdate_scripts_classes[22m | [39m[0m
2026-10-07T06:18:07.6315712Z [  36% ] [90m[1mupdate_scripts_classes[22m | [39m[0m
2026-10-07T06:18:07.6316025Z [  36% ] [90m[1mupdate_scripts_classes[22m | [39m[0m
2026-10-07T06:18:07.6316332Z [  36% ] [90m[1mupdate_scripts_classes[22m | [39m[0m
2026-10-07T06:18:07.6316645Z [  37% ] [90m[1mupdate_scripts_classes[22m | [39m[0m
2026-10-07T06:18:07.6316961Z [  37% ] [90m[1mupdate_scripts_classes[22m | [39m[0m
2026-10-07T06:18:07.6317272Z [  37% ] [90m[1mupdate_scripts_classes[22m | [39m[0m
2026-10-07T06:18:07.6317577Z [  37% ] [90m[1mupdate_scripts_classes[22m | [39m[0m
2026-10-07T06:18:07.6317887Z [  37% ] [90m[1mupdate_scripts_classes[22m | [39m[0m
2026-10-07T06:18:07.6318200Z [  37% ] [90m[1mupdate_scripts_classes[22m | [39m[0m
2026-10-07T06:18:07.6318516Z [  37% ] [90m[1mupdate_scripts_classes[22m | [39m[0m
2026-10-07T06:18:07.6318827Z [  37% ] [90m[1mupdate_scripts_classes[22m | [39m[0m
2026-10-07T06:18:07.6319157Z [  37% ] [90m[1mupdate_scripts_classes[22m | [39m[0m
2026-10-07T06:18:07.6319473Z [  37% ] [90m[1mupdate_scripts_classes[22m | [39m[0m
2026-10-07T06:18:07.6319783Z [  37% ] [90m[1mupdate_scripts_classes[22m | [39m[0m
2026-10-07T06:18:07.6320092Z [  37% ] [90m[1mupdate_scripts_classes[22m | [39m[0m
2026-10-07T06:18:07.6320406Z [  37% ] [90m[1mupdate_scripts_classes[22m | [39m[0m
2026-10-07T06:18:07.6320720Z [  37% ] [90m[1mupdate_scripts_classes[22m | [39m[0m
2026-10-07T06:18:07.6321026Z [  37% ] [90m[1mupdate_scripts_classes[22m | [39m[0m
2026-10-07T06:18:07.6321347Z [  37% ] [90m[1mupdate_scripts_classes[22m | [39m[0m
2026-10-07T06:18:07.6321655Z [  37% ] [90m[1mupdate_scripts_classes[22m | [39m[0m
2026-10-07T06:18:07.6321959Z [  37% ] [90m[1mupdate_scripts_classes[22m | [39m[0m
2026-10-07T06:18:07.6322283Z [  37% ] [90m[1mupdate_scripts_classes[22m | [39m[0m
2026-10-07T06:18:07.6322801Z [  37% ] [90m[1mupdate_scripts_classes[22m | [39m[0m
2026-10-07T06:18:07.6323133Z [  37% ] [90m[1mupdate_scripts_classes[22m | [39m[0m
2026-10-07T06:18:07.6323455Z [  37% ] [90m[1mupdate_scripts_classes[22m | [39m[0m
2026-10-07T06:18:07.6323763Z [  37% ] [90m[1mupdate_scripts_classes[22m | [39m[0m
2026-10-07T06:18:07.6324077Z [  37% ] [90m[1mupdate_scripts_classes[22m | [39m[0m
2026-10-07T06:18:07.6324386Z [  37% ] [90m[1mupdate_scripts_classes[22m | [39m[0m
2026-10-07T06:18:07.6324666Z [  37% ] [90m[1mupdate_scripts_classes[22m | [39m[0m
2026-10-07T06:18:07.6324919Z [  37% ] [90m[1mupdate_scripts_classes[22m | [39m[0m
2026-10-07T06:18:07.6325157Z [  37% ] [90m[1mupdate_scripts_classes[22m | [39m[0m
2026-10-07T06:18:07.6325397Z [  37% ] [90m[1mupdate_scripts_classes[22m | [39m[0m
2026-10-07T06:18:07.6325637Z [  37% ] [90m[1mupdate_scripts_classes[22m | [39m[0m
2026-10-07T06:18:07.6325883Z [  37% ] [90m[1mupdate_scripts_classes[22m | [39m[0m
2026-10-07T06:18:07.6326298Z [  38% ] [90m[1mupdate_scripts_classes[22m | [39m[0m
2026-10-07T06:18:07.6326558Z [  38% ] [90m[1mupdate_scripts_classes[22m | [39m[0m
2026-10-07T06:18:07.6326800Z [  38% ] [90m[1mupdate_scripts_classes[22m | [39m[0m
2026-10-07T06:18:07.6327047Z [  38% ] [90m[1mupdate_scripts_classes[22m | [39m[0m
2026-10-07T06:18:07.6327289Z [  38% ] [90m[1mupdate_scripts_classes[22m | [39m[0m
2026-10-07T06:18:07.6327528Z [  38% ] [90m[1mupdate_scripts_classes[22m | [39m[0m
2026-10-07T06:18:07.6327765Z [  38% ] [90m[1mupdate_scripts_classes[22m | [39m[0m
2026-10-07T06:18:07.6327996Z [  38% ] [90m[1mupdate_scripts_classes[22m | [39m[0m
2026-10-07T06:18:07.6328235Z [  38% ] [90m[1mupdate_scripts_classes[22m | [39m[0m
2026-10-07T06:18:07.6328474Z [  38% ] [90m[1mupdate_scripts_classes[22m | [39m[0m
2026-10-07T06:18:07.6328708Z [  38% ] [90m[1mupdate_scripts_classes[22m | [39m[0m
2026-10-07T06:18:07.6329107Z [  38% ] [90m[1mupdate_scripts_classes[22m | [39m[0m
2026-10-07T06:18:07.6329351Z [  38% ] [90m[1mupdate_scripts_classes[22m | [39m[0m
2026-10-07T06:18:07.6329593Z [  38% ] [90m[1mupdate_scripts_classes[22m | [39m[0m
2026-10-07T06:18:07.6329827Z [  38% ] [90m[1mupdate_scripts_classes[22m | [39m[0m
2026-10-07T06:18:07.6330068Z [  38% ] [90m[1mupdate_scripts_classes[22m | [39m[0m
2026-10-07T06:18:07.6330310Z [  38% ] [90m[1mupdate_scripts_classes[22m | [39m[0m
2026-10-07T06:18:07.6330543Z [  38% ] [90m[1mupdate_scripts_classes[22m | [39m[0m
2026-10-07T06:18:07.6330780Z [  38% ] [90m[1mupdate_scripts_classes[22m | [39m[0m
2026-10-07T06:18:07.6331017Z [  38% ] [90m[1mupdate_scripts_classes[22m | [39m[0m
2026-10-07T06:18:07.6331254Z [  38% ] [90m[1mupdate_scripts_classes[22m | [39m[0m
2026-10-07T06:18:07.6331488Z [  38% ] [90m[1mupdate_scripts_classes[22m | [39m[0m
2026-10-07T06:18:07.6331754Z [  38% ] [90m[1mupdate_scripts_classes[22m | [39m[0m
2026-10-07T06:18:07.6332028Z [  38% ] [90m[1mupdate_scripts_classes[22m | [39m[0m
2026-10-07T06:18:07.6332294Z [  38% ] [90m[1mupdate_scripts_classes[22m | [39m[0m
2026-10-07T06:18:07.6332800Z [  38% ] [90m[1mupdate_scripts_classes[22m | [39m[0m
2026-10-07T06:18:07.6333096Z [  38% ] [90m[1mupdate_scripts_classes[22m | [39m[0m
2026-10-07T06:18:07.6333388Z [  38% ] [90m[1mupdate_scripts_classes[22m | [39m[0m
2026-10-07T06:18:07.6333679Z [  38% ] [90m[1mupdate_scripts_classes[22m | [39m[0m
2026-10-07T06:18:07.6333967Z [  38% ] [90m[1mupdate_scripts_classes[22m | [39m[0m
2026-10-07T06:18:07.6334249Z [  38% ] [90m[1mupdate_scripts_classes[22m | [39m[0m
2026-10-07T06:18:07.6334529Z [  39% ] [90m[1mupdate_scripts_classes[22m | [39m[0m
2026-10-07T06:18:07.6334791Z [  39% ] [90m[1mupdate_scripts_classes[22m | [39m[0m
2026-10-07T06:18:07.6335084Z [  39% ] [90m[1mupdate_scripts_classes[22m | [39m[0m
2026-10-07T06:18:07.6335381Z [  39% ] [90m[1mupdate_scripts_classes[22m | [39m[0m
2026-10-07T06:18:07.6335666Z [  39% ] [90m[1mupdate_scripts_classes[22m | [39m[0m
2026-10-07T06:18:07.6335971Z [  39% ] [90m[1mupdate_scripts_classes[22m | [39m[0m
2026-10-07T06:18:07.6336271Z [  39% ] [90m[1mupdate_scripts_classes[22m | [39m[0m
2026-10-07T06:18:07.6336591Z [  39% ] [90m[1mupdate_scripts_classes[22m | [39m[0m
2026-10-07T06:18:07.6336916Z [  39% ] [90m[1mupdate_scripts_classes[22m | [39m[0m
2026-10-07T06:18:07.6337208Z [  39% ] [90m[1mupdate_scripts_classes[22m | [39m[0m
2026-10-07T06:18:07.6337467Z [  39% ] [90m[1mupdate_scripts_classes[22m | [39m[0m
2026-10-07T06:18:07.6337731Z [  39% ] [90m[1mupdate_scripts_classes[22m | [39m[0m
2026-10-07T06:18:07.6338035Z [  39% ] [90m[1mupdate_scripts_classes[22m | [39m[0m
2026-10-07T06:18:07.6338341Z [  39% ] [90m[1mupdate_scripts_classes[22m | [39m[0m
2026-10-07T06:18:07.6338640Z [  39% ] [90m[1mupdate_scripts_classes[22m | [39m[0m
2026-10-07T06:18:07.6338935Z [  39% ] [90m[1mupdate_scripts_classes[22m | [39m[0m
2026-10-07T06:18:07.6339451Z [  39% ] [90m[1mupdate_scripts_classes[22m | [39m[0m
2026-10-07T06:18:07.6339766Z [  39% ] [90m[1mupdate_scripts_classes[22m | [39m[0m
2026-10-07T06:18:07.6340060Z [  39% ] [90m[1mupdate_scripts_classes[22m | [39m[0m
2026-10-07T06:18:07.6340359Z [  39% ] [90m[1mupdate_scripts_classes[22m | [39m[0m
2026-10-07T06:18:07.6340660Z [  39% ] [90m[1mupdate_scripts_classes[22m | [39m[0m
2026-10-07T06:18:07.6340958Z [  39% ] [90m[1mupdate_scripts_classes[22m | [39m[0m
2026-10-07T06:18:07.6341256Z [  39% ] [90m[1mupdate_scripts_classes[22m | [39m[0m
2026-10-07T06:18:07.6341555Z [  39% ] [90m[1mupdate_scripts_classes[22m | [39m[0m
2026-10-07T06:18:07.6341864Z [  39% ] [90m[1mupdate_scripts_classes[22m | [39m[0m
2026-10-07T06:18:07.6342157Z [  39% ] [90m[1mupdate_scripts_classes[22m | [39m[0m
2026-10-07T06:18:07.6342686Z [  39% ] [90m[1mupdate_scripts_classes[22m | [39m[0m
2026-10-07T06:18:07.6343302Z [  39% ] [90m[1mupdate_scripts_classes[22m | [39m[0m
2026-10-07T06:18:07.6343617Z [  39% ] [90m[1mupdate_scripts_classes[22m | [39m[0m
2026-10-07T06:18:07.6343945Z [  39% ] [90m[1mupdate_scripts_classes[22m | [39m[0m
2026-10-07T06:18:07.6344271Z [  39% ] [90m[1mupdate_scripts_classes[22m | [39m[0m
2026-10-07T06:18:07.6344580Z [  40% ] [90m[1mupdate_scripts_classes[22m | [39m[0m
2026-10-07T06:18:07.6344884Z [  40% ] [90m[1mupdate_scripts_classes[22m | [39m[0m
2026-10-07T06:18:07.6345196Z [  40% ] [90m[1mupdate_scripts_classes[22m | [39m[0m
2026-10-07T06:18:07.6345507Z [  40% ] [90m[1mupdate_scripts_classes[22m | [39m[0m
2026-10-07T06:18:07.6345816Z [  40% ] [90m[1mupdate_scripts_classes[22m | [39m[0m
2026-10-07T06:18:07.6346122Z [  40% ] [90m[1mupdate_scripts_classes[22m | [39m[0m
2026-10-07T06:18:07.6346437Z [  40% ] [90m[1mupdate_scripts_classes[22m | [39m[0m
2026-10-07T06:18:07.6346760Z [  40% ] [90m[1mupdate_scripts_classes[22m | [39m[0m
2026-10-07T06:18:07.6347063Z [  40% ] [90m[1mupdate_scripts_classes[22m | [39m[0m
2026-10-07T06:18:07.6347373Z [  40% ] [90m[1mupdate_scripts_classes[22m | [39m[0m
2026-10-07T06:18:07.6347674Z [  40% ] [90m[1mupdate_scripts_classes[22m | [39m[0m
2026-10-07T06:18:07.6347979Z [  40% ] [90m[1mupdate_scripts_classes[22m | [39m[0m
2026-10-07T06:18:07.6348280Z [  40% ] [90m[1mupdate_scripts_classes[22m | [39m[0m
2026-10-07T06:18:07.6348597Z [  40% ] [90m[1mupdate_scripts_classes[22m | [39m[0m
2026-10-07T06:18:07.6348920Z [  40% ] [90m[1mupdate_scripts_classes[22m | [39m[0m
2026-10-07T06:18:07.6349220Z [  40% ] [90m[1mupdate_scripts_classes[22m | [39m[0m
2026-10-07T06:18:07.6349530Z [  40% ] [90m[1mupdate_scripts_classes[22m | [39m[0m
2026-10-07T06:18:07.6349835Z [  40% ] [90m[1mupdate_scripts_classes[22m | [39m[0m
2026-10-07T06:18:07.6350133Z [  40% ] [90m[1mupdate_scripts_classes[22m | [39m[0m
2026-10-07T06:18:07.6350453Z [  40% ] [90m[1mupdate_scripts_classes[22m | [39m[0m
2026-10-07T06:18:07.6350828Z [  40% ] [90m[1mupdate_scripts_classes[22m | [39m[0m
2026-10-07T06:18:07.6351147Z [  40% ] [90m[1mupdate_scripts_classes[22m | [39m[0m
2026-10-07T06:18:07.6351451Z [  40% ] [90m[1mupdate_scripts_classes[22m | [39m[0m
2026-10-07T06:18:07.6351758Z [  40% ] [90m[1mupdate_scripts_classes[22m | [39m[0m
2026-10-07T06:18:07.6352057Z [  40% ] [90m[1mupdate_scripts_classes[22m | [39m[0m
2026-10-07T06:18:07.6352357Z [  40% ] [90m[1mupdate_scripts_classes[22m | [39m[0m
2026-10-07T06:18:07.6352921Z [  40% ] [90m[1mupdate_scripts_classes[22m | [39m[0m
2026-10-07T06:18:07.6353233Z [  40% ] [90m[1mupdate_scripts_classes[22m | [39m[0m
2026-10-07T06:18:07.6353552Z [  40% ] [90m[1mupdate_scripts_classes[22m | [39m[0m
2026-10-07T06:18:07.6353859Z [  40% ] [90m[1mupdate_scripts_classes[22m | [39m[0m
2026-10-07T06:18:07.6354171Z [  40% ] [90m[1mupdate_scripts_classes[22m | [39m[0m
2026-10-07T06:18:07.6354486Z [  41% ] [90m[1mupdate_scripts_classes[22m | [39m[0m
2026-10-07T06:18:07.6354981Z [  41% ] [90m[1mupdate_scripts_classes[22m | [39m[0m
2026-10-07T06:18:07.6355315Z [  41% ] [90m[1mupdate_scripts_classes[22m | [39m[0m
2026-10-07T06:18:07.6355628Z [  41% ] [90m[1mupdate_scripts_classes[22m | [39m[0m
2026-10-07T06:18:07.6355949Z [  41% ] [90m[1mupdate_scripts_classes[22m | [39m[0m
2026-10-07T06:18:07.6356249Z [  41% ] [90m[1mupdate_scripts_classes[22m | [39m[0m
2026-10-07T06:18:07.6356558Z [  41% ] [90m[1mupdate_scripts_classes[22m | [39m[0m
2026-10-07T06:18:07.6356863Z [  41% ] [90m[1mupdate_scripts_classes[22m | [39m[0m
2026-10-07T06:18:07.6357162Z [  41% ] [90m[1mupdate_scripts_classes[22m | [39m[0m
2026-10-07T06:18:07.6357477Z [  41% ] [90m[1mupdate_scripts_classes[22m | [39m[0m
2026-10-07T06:18:07.6357776Z [  41% ] [90m[1mupdate_scripts_classes[22m | [39m[0m
2026-10-07T06:18:07.6358090Z [  41% ] [90m[1mupdate_scripts_classes[22m | [39m[0m
2026-10-07T06:18:07.6358563Z [  41% ] [90m[1mupdate_scripts_classes[22m | [39m[0m
2026-10-07T06:18:07.6358860Z [  41% ] [90m[1mupdate_scripts_classes[22m | [39m[0m
2026-10-07T06:18:07.6359175Z [  41% ] [90m[1mupdate_scripts_classes[22m | [39m[0m
2026-10-07T06:18:07.6359473Z [  41% ] [90m[1mupdate_scripts_classes[22m | [39m[0m
2026-10-07T06:18:07.6359774Z [  41% ] [90m[1mupdate_scripts_classes[22m | [39m[0m
2026-10-07T06:18:07.6360080Z [  41% ] [90m[1mupdate_scripts_classes[22m | [39m[0m
2026-10-07T06:18:07.6360386Z [  41% ] [90m[1mupdate_scripts_classes[22m | [39m[0m
2026-10-07T06:18:07.6360683Z [  41% ] [90m[1mupdate_scripts_classes[22m | [39m[0m
2026-10-07T06:18:07.6360992Z [  41% ] [90m[1mupdate_scripts_classes[22m | [39m[0m
2026-10-07T06:18:07.6361296Z [  41% ] [90m[1mupdate_scripts_classes[22m | [39m[0m
2026-10-07T06:18:07.6361595Z [  41% ] [90m[1mupdate_scripts_classes[22m | [39m[0m
2026-10-07T06:18:07.6361898Z [  41% ] [90m[1mupdate_scripts_classes[22m | [39m[0m
2026-10-07T06:18:07.6362218Z [  41% ] [90m[1mupdate_scripts_classes[22m | [39m[0m
2026-10-07T06:18:07.6362770Z [  41% ] [90m[1mupdate_scripts_classes[22m | [39m[0m
2026-10-07T06:18:07.6363088Z [  41% ] [90m[1mupdate_scripts_classes[22m | [39m[0m
2026-10-07T06:18:07.6363405Z [  41% ] [90m[1mupdate_scripts_classes[22m | [39m[0m
2026-10-07T06:18:07.6363725Z [  41% ] [90m[1mupdate_scripts_classes[22m | [39m[0m
2026-10-07T06:18:07.6364025Z [  41% ] [90m[1mupdate_scripts_classes[22m | [39m[0m
2026-10-07T06:18:07.6364329Z [  41% ] [90m[1mupdate_scripts_classes[22m | [39m[0m
2026-10-07T06:18:07.6364634Z [  42% ] [90m[1mupdate_scripts_classes[22m | [39m[0m
2026-10-07T06:18:07.6364940Z [  42% ] [90m[1mupdate_scripts_classes[22m | [39m[0m
2026-10-07T06:18:07.6365235Z [  42% ] [90m[1mupdate_scripts_classes[22m | [39m[0m
2026-10-07T06:18:07.6365542Z [  42% ] [90m[1mupdate_scripts_classes[22m | [39m[0m
2026-10-07T06:18:07.6365862Z [  42% ] [90m[1mupdate_scripts_classes[22m | [39m[0m
2026-10-07T06:18:07.6366157Z [  42% ] [90m[1mupdate_scripts_classes[22m | [39m[0m
2026-10-07T06:18:07.6366469Z [  42% ] [90m[1mupdate_scripts_classes[22m | [39m[0m
2026-10-07T06:18:07.6366765Z [  42% ] [90m[1mupdate_scripts_classes[22m | [39m[0m
2026-10-07T06:18:07.6367068Z [  42% ] [90m[1mupdate_scripts_classes[22m | [39m[0m
2026-10-07T06:18:07.6367372Z [  42% ] [90m[1mupdate_scripts_classes[22m | [39m[0m
2026-10-07T06:18:07.6367677Z [  42% ] [90m[1mupdate_scripts_classes[22m | [39m[0m
2026-10-07T06:18:07.6368000Z [  42% ] [90m[1mupdate_scripts_classes[22m | [39m[0m
2026-10-07T06:18:07.6368312Z [  42% ] [90m[1mupdate_scripts_classes[22m | [39m[0m
2026-10-07T06:18:07.6368687Z [  42% ] [90m[1mupdate_scripts_classes[22m | TestCase[39m[0m
2026-10-07T06:18:07.6368992Z [  42% ] [90m[1mupdate_scripts_classes[22m | [39m[0m
2026-10-07T06:18:07.6369297Z [  42% ] [90m[1mupdate_scripts_classes[22m | [39m[0m
2026-10-07T06:18:07.6369598Z [  42% ] [90m[1mupdate_scripts_classes[22m | [39m[0m
2026-10-07T06:18:07.6370102Z [  42% ] [90m[1mupdate_scripts_classes[22m | [39m[0m
2026-10-07T06:18:07.6370441Z [  42% ] [90m[1mupdate_scripts_classes[22m | [39m[0m
2026-10-07T06:18:07.6370752Z [  42% ] [90m[1mupdate_scripts_classes[22m | [39m[0m
2026-10-07T06:18:07.6371062Z [  42% ] [90m[1mupdate_scripts_classes[22m | [39m[0m
2026-10-07T06:18:07.6371376Z [  42% ] [90m[1mupdate_scripts_classes[22m | [39m[0m
2026-10-07T06:18:07.6371696Z [  42% ] [90m[1mupdate_scripts_classes[22m | [39m[0m
2026-10-07T06:18:07.6371988Z [  42% ] [90m[1mupdate_scripts_classes[22m | [39m[0m
2026-10-07T06:18:07.6372304Z [  42% ] [90m[1mupdate_scripts_classes[22m | [39m[0m
2026-10-07T06:18:07.6372859Z [  42% ] [90m[1mupdate_scripts_classes[22m | [39m[0m
2026-10-07T06:18:07.6373168Z [  42% ] [90m[1mupdate_scripts_classes[22m | [39m[0m
2026-10-07T06:18:07.6373479Z [  42% ] [90m[1mupdate_scripts_classes[22m | [39m[0m
2026-10-07T06:18:07.6374008Z [  42% ] [90m[1mupdate_scripts_classes[22m | [39m[0m
2026-10-07T06:18:07.6374324Z [  42% ] [90m[1mupdate_scripts_classes[22m | [39m[0m
2026-10-07T06:18:07.6374623Z [  42% ] [90m[1mupdate_scripts_classes[22m | [39m[0m
2026-10-07T06:18:07.6374928Z [  43% ] [90m[1mupdate_scripts_classes[22m | [39m[0m
2026-10-07T06:18:07.6375231Z [  43% ] [90m[1mupdate_scripts_classes[22m | [39m[0m
2026-10-07T06:18:07.6375531Z [  43% ] [90m[1mupdate_scripts_classes[22m | [39m[0m
2026-10-07T06:18:07.6375833Z [  43% ] [90m[1mupdate_scripts_classes[22m | [39m[0m
2026-10-07T06:18:07.6376140Z [  43% ] [90m[1mupdate_scripts_classes[22m | [39m[0m
2026-10-07T06:18:07.6376450Z [  43% ] [90m[1mupdate_scripts_classes[22m | [39m[0m
2026-10-07T06:18:07.6376741Z [  43% ] [90m[1mupdate_scripts_classes[22m | [39m[0m
2026-10-07T06:18:07.6377048Z [  43% ] [90m[1mupdate_scripts_classes[22m | [39m[0m
2026-10-07T06:18:07.6377377Z [  43% ] [90m[1mupdate_scripts_classes[22m | [39m[0m
2026-10-07T06:18:07.6377692Z [  43% ] [90m[1mupdate_scripts_classes[22m | [39m[0m
2026-10-07T06:18:07.6378005Z [  43% ] [90m[1mupdate_scripts_classes[22m | [39m[0m
2026-10-07T06:18:07.6378312Z [  43% ] [90m[1mupdate_scripts_classes[22m | [39m[0m
2026-10-07T06:18:07.6378621Z [  43% ] [90m[1mupdate_scripts_classes[22m | [39m[0m
2026-10-07T06:18:07.6378920Z [  43% ] [90m[1mupdate_scripts_classes[22m | [39m[0m
2026-10-07T06:18:07.6379222Z [  43% ] [90m[1mupdate_scripts_classes[22m | [39m[0m
2026-10-07T06:18:07.6379531Z [  43% ] [90m[1mupdate_scripts_classes[22m | [39m[0m
2026-10-07T06:18:07.6379828Z [  43% ] [90m[1mupdate_scripts_classes[22m | [39m[0m
2026-10-07T06:18:07.6380131Z [  43% ] [90m[1mupdate_scripts_classes[22m | [39m[0m
2026-10-07T06:18:07.6380432Z [  43% ] [90m[1mupdate_scripts_classes[22m | [39m[0m
2026-10-07T06:18:07.6380738Z [  43% ] [90m[1mupdate_scripts_classes[22m | [39m[0m
2026-10-07T06:18:07.6381046Z [  43% ] [90m[1mupdate_scripts_classes[22m | [39m[0m
2026-10-07T06:18:07.6381348Z [  43% ] [90m[1mupdate_scripts_classes[22m | [39m[0m
2026-10-07T06:18:07.6381673Z [  43% ] [90m[1mupdate_scripts_classes[22m | [39m[0m
2026-10-07T06:18:07.6381987Z [  43% ] [90m[1mupdate_scripts_classes[22m | [39m[0m
2026-10-07T06:18:07.6382292Z [  43% ] [90m[1mupdate_scripts_classes[22m | [39m[0m
2026-10-07T06:18:07.6382841Z [  43% ] [90m[1mupdate_scripts_classes[22m | [39m[0m
2026-10-07T06:18:07.6383161Z [  43% ] [90m[1mupdate_scripts_classes[22m | [39m[0m
2026-10-07T06:18:07.6383455Z [  43% ] [90m[1mupdate_scripts_classes[22m | [39m[0m
2026-10-07T06:18:07.6383762Z [  43% ] [90m[1mupdate_scripts_classes[22m | [39m[0m
2026-10-07T06:18:07.6384066Z [  43% ] [90m[1mupdate_scripts_classes[22m | [39m[0m
2026-10-07T06:18:07.6384365Z [  43% ] [90m[1mupdate_scripts_classes[22m | [39m[0m
2026-10-07T06:18:07.6384670Z [  44% ] [90m[1mupdate_scripts_classes[22m | [39m[0m
2026-10-07T06:18:07.6384985Z [  44% ] [90m[1mupdate_scripts_classes[22m | [39m[0m
2026-10-07T06:18:07.6385292Z [  44% ] [90m[1mupdate_scripts_classes[22m | [39m[0m
2026-10-07T06:18:07.6385774Z [  44% ] [90m[1mupdate_scripts_classes[22m | [39m[0m
2026-10-07T06:18:07.6386096Z [  44% ] [90m[1mupdate_scripts_classes[22m | [39m[0m
2026-10-07T06:18:07.6386411Z [  44% ] [90m[1mupdate_scripts_classes[22m | [39m[0m
2026-10-07T06:18:07.6386719Z [  44% ] [90m[1mupdate_scripts_classes[22m | [39m[0m
2026-10-07T06:18:07.6387030Z [  44% ] [90m[1mupdate_scripts_classes[22m | [39m[0m
2026-10-07T06:18:07.6387333Z [  44% ] [90m[1mupdate_scripts_classes[22m | [39m[0m
2026-10-07T06:18:07.6387637Z [  44% ] [90m[1mupdate_scripts_classes[22m | [39m[0m
2026-10-07T06:18:07.6387936Z [  44% ] [90m[1mupdate_scripts_classes[22m | [39m[0m
2026-10-07T06:18:07.6388241Z [  44% ] [90m[1mupdate_scripts_classes[22m | [39m[0m
2026-10-07T06:18:07.6388549Z [  44% ] [90m[1mupdate_scripts_classes[22m | [39m[0m
2026-10-07T06:18:07.6389055Z [  44% ] [90m[1mupdate_scripts_classes[22m | [39m[0m
2026-10-07T06:18:07.6389377Z [  44% ] [90m[1mupdate_scripts_classes[22m | [39m[0m
2026-10-07T06:18:07.6389686Z [  44% ] [90m[1mupdate_scripts_classes[22m | [39m[0m
2026-10-07T06:18:07.6389989Z [  44% ] [90m[1mupdate_scripts_classes[22m | [39m[0m
2026-10-07T06:18:07.6390292Z [  44% ] [90m[1mupdate_scripts_classes[22m | [39m[0m
2026-10-07T06:18:07.6390592Z [  44% ] [90m[1mupdate_scripts_classes[22m | [39m[0m
2026-10-07T06:18:07.6390908Z [  44% ] [90m[1mupdate_scripts_classes[22m | [39m[0m
2026-10-07T06:18:07.6391217Z [  44% ] [90m[1mupdate_scripts_classes[22m | [39m[0m
2026-10-07T06:18:07.6391526Z [  44% ] [90m[1mupdate_scripts_classes[22m | [39m[0m
2026-10-07T06:18:07.6391830Z [  44% ] [90m[1mupdate_scripts_classes[22m | [39m[0m
2026-10-07T06:18:07.6392138Z [  44% ] [90m[1mupdate_scripts_classes[22m | [39m[0m
2026-10-07T06:18:07.6392659Z [  44% ] [90m[1mupdate_scripts_classes[22m | [39m[0m
2026-10-07T06:18:07.6392998Z [  44% ] [90m[1mupdate_scripts_classes[22m | [39m[0m
2026-10-07T06:18:07.6393314Z [  44% ] [90m[1mupdate_scripts_classes[22m | [39m[0m
2026-10-07T06:18:07.6393624Z [  44% ] [90m[1mupdate_scripts_classes[22m | [39m[0m
2026-10-07T06:18:07.6393925Z [  44% ] [90m[1mupdate_scripts_classes[22m | [39m[0m
2026-10-07T06:18:07.6394235Z [  44% ] [90m[1mupdate_scripts_classes[22m | [39m[0m
2026-10-07T06:18:07.6394536Z [  44% ] [90m[1mupdate_scripts_classes[22m | [39m[0m
2026-10-07T06:18:07.6394842Z [  45% ] [90m[1mupdate_scripts_classes[22m | [39m[0m
2026-10-07T06:18:07.6395147Z [  45% ] [90m[1mupdate_scripts_classes[22m | [39m[0m
2026-10-07T06:18:07.6395453Z [  45% ] [90m[1mupdate_scripts_classes[22m | [39m[0m
2026-10-07T06:18:07.6395767Z [  45% ] [90m[1mupdate_scripts_classes[22m | [39m[0m
2026-10-07T06:18:07.6396084Z [  45% ] [90m[1mupdate_scripts_classes[22m | [39m[0m
2026-10-07T06:18:07.6396403Z [  45% ] [90m[1mupdate_scripts_classes[22m | [39m[0m
2026-10-07T06:18:07.6396717Z [  45% ] [90m[1mupdate_scripts_classes[22m | [39m[0m
2026-10-07T06:18:07.6397019Z [  45% ] [90m[1mupdate_scripts_classes[22m | [39m[0m
2026-10-07T06:18:07.6397321Z [  45% ] [90m[1mupdate_scripts_classes[22m | [39m[0m
2026-10-07T06:18:07.6397630Z [  45% ] [90m[1mupdate_scripts_classes[22m | [39m[0m
2026-10-07T06:18:07.6397928Z [  45% ] [90m[1mupdate_scripts_classes[22m | [39m[0m
2026-10-07T06:18:07.6398234Z [  45% ] [90m[1mupdate_scripts_classes[22m | [39m[0m
2026-10-07T06:18:07.6398544Z [  45% ] [90m[1mupdate_scripts_classes[22m | [39m[0m
2026-10-07T06:18:07.6398847Z [  45% ] [90m[1mupdate_scripts_classes[22m | [39m[0m
2026-10-07T06:18:07.6399144Z [  45% ] [90m[1mupdate_scripts_classes[22m | [39m[0m
2026-10-07T06:18:07.6399457Z [  45% ] [90m[1mupdate_scripts_classes[22m | [39m[0m
2026-10-07T06:18:07.6399754Z [  45% ] [90m[1mupdate_scripts_classes[22m | [39m[0m
2026-10-07T06:18:07.6400067Z [  45% ] [90m[1mupdate_scripts_classes[22m | [39m[0m
2026-10-07T06:18:07.6400387Z [  45% ] [90m[1mupdate_scripts_classes[22m | [39m[0m
2026-10-07T06:18:07.6400889Z [  45% ] [90m[1mupdate_scripts_classes[22m | [39m[0m
2026-10-07T06:18:07.6401215Z [  45% ] [90m[1mupdate_scripts_classes[22m | [39m[0m
2026-10-07T06:18:07.6401515Z [  45% ] [90m[1mupdate_scripts_classes[22m | [39m[0m
2026-10-07T06:18:07.6401828Z [  45% ] [90m[1mupdate_scripts_classes[22m | [39m[0m
2026-10-07T06:18:07.6402139Z [  45% ] [90m[1mupdate_scripts_classes[22m | [39m[0m
2026-10-07T06:18:07.6402685Z [  45% ] [90m[1mupdate_scripts_classes[22m | [39m[0m
2026-10-07T06:18:07.6403027Z [  45% ] [90m[1mupdate_scripts_classes[22m | [39m[0m
2026-10-07T06:18:07.6403344Z [  45% ] [90m[1mupdate_scripts_classes[22m | [39m[0m
2026-10-07T06:18:07.6403657Z [  45% ] [90m[1mupdate_scripts_classes[22m | [39m[0m
2026-10-07T06:18:07.6403953Z [  45% ] [90m[1mupdate_scripts_classes[22m | [39m[0m
2026-10-07T06:18:07.6404457Z [  45% ] [90m[1mupdate_scripts_classes[22m | [39m[0m
2026-10-07T06:18:07.6404776Z [  45% ] [90m[1mupdate_scripts_classes[22m | [39m[0m
2026-10-07T06:18:07.6405105Z [  46% ] [90m[1mupdate_scripts_classes[22m | [39m[0m
2026-10-07T06:18:07.6405418Z [  46% ] [90m[1mupdate_scripts_classes[22m | [39m[0m
2026-10-07T06:18:07.6405733Z [  46% ] [90m[1mupdate_scripts_classes[22m | [39m[0m
2026-10-07T06:18:07.6406034Z [  46% ] [90m[1mupdate_scripts_classes[22m | [39m[0m
2026-10-07T06:18:07.6406332Z [  46% ] [90m[1mupdate_scripts_classes[22m | [39m[0m
2026-10-07T06:18:07.6406632Z [  46% ] [90m[1mupdate_scripts_classes[22m | [39m[0m
2026-10-07T06:18:07.6406937Z [  46% ] [90m[1mupdate_scripts_classes[22m | [39m[0m
2026-10-07T06:18:07.6407235Z [  46% ] [90m[1mupdate_scripts_classes[22m | [39m[0m
2026-10-07T06:18:07.6407540Z [  46% ] [90m[1mupdate_scripts_classes[22m | [39m[0m
2026-10-07T06:18:07.6407851Z [  46% ] [90m[1mupdate_scripts_classes[22m | [39m[0m
2026-10-07T06:18:07.6408165Z [  46% ] [90m[1mupdate_scripts_classes[22m | [39m[0m
2026-10-07T06:18:07.6408467Z [  46% ] [90m[1mupdate_scripts_classes[22m | [39m[0m
2026-10-07T06:18:07.6408780Z [  46% ] [90m[1mupdate_scripts_classes[22m | [39m[0m
2026-10-07T06:18:07.6409076Z [  46% ] [90m[1mupdate_scripts_classes[22m | [39m[0m
2026-10-07T06:18:07.6409384Z [  46% ] [90m[1mupdate_scripts_classes[22m | [39m[0m
2026-10-07T06:18:07.6409701Z [  46% ] [90m[1mupdate_scripts_classes[22m | [39m[0m
2026-10-07T06:18:07.6410011Z [  46% ] [90m[1mupdate_scripts_classes[22m | [39m[0m
2026-10-07T06:18:07.6410324Z [  46% ] [90m[1mupdate_scripts_classes[22m | [39m[0m
2026-10-07T06:18:07.6410621Z [  46% ] [90m[1mupdate_scripts_classes[22m | [39m[0m
2026-10-07T06:18:07.6410926Z [  46% ] [90m[1mupdate_scripts_classes[22m | [39m[0m
2026-10-07T06:18:07.6411229Z [  46% ] [90m[1mupdate_scripts_classes[22m | [39m[0m
2026-10-07T06:18:07.6411536Z [  46% ] [90m[1mupdate_scripts_classes[22m | [39m[0m
2026-10-07T06:18:07.6411846Z [  46% ] [90m[1mupdate_scripts_classes[22m | [39m[0m
2026-10-07T06:18:07.6412158Z [  46% ] [90m[1mupdate_scripts_classes[22m | [39m[0m
2026-10-07T06:18:07.6412665Z [  46% ] [90m[1mupdate_scripts_classes[22m | [39m[0m
2026-10-07T06:18:07.6412981Z [  46% ] [90m[1mupdate_scripts_classes[22m | [39m[0m
2026-10-07T06:18:07.6413287Z [  46% ] [90m[1mupdate_scripts_classes[22m | [39m[0m
2026-10-07T06:18:07.6413600Z [  46% ] [90m[1mupdate_scripts_classes[22m | [39m[0m
2026-10-07T06:18:07.6413896Z [  46% ] [90m[1mupdate_scripts_classes[22m | [39m[0m
2026-10-07T06:18:07.6414216Z [  46% ] [90m[1mupdate_scripts_classes[22m | [39m[0m
2026-10-07T06:18:07.6414535Z [  46% ] [90m[1mupdate_scripts_classes[22m | [39m[0m
2026-10-07T06:18:07.6414842Z [  47% ] [90m[1mupdate_scripts_classes[22m | [39m[0m
2026-10-07T06:18:07.6415141Z [  47% ] [90m[1mupdate_scripts_classes[22m | [39m[0m
2026-10-07T06:18:07.6415456Z [  47% ] [90m[1mupdate_scripts_classes[22m | [39m[0m
2026-10-07T06:18:07.6415758Z [  47% ] [90m[1mupdate_scripts_classes[22m | [39m[0m
2026-10-07T06:18:07.6416245Z [  47% ] [90m[1mupdate_scripts_classes[22m | [39m[0m
2026-10-07T06:18:07.6416576Z [  47% ] [90m[1mupdate_scripts_classes[22m | [39m[0m
2026-10-07T06:18:07.6416889Z [  47% ] [90m[1mupdate_scripts_classes[22m | [39m[0m
2026-10-07T06:18:07.6417201Z [  47% ] [90m[1mupdate_scripts_classes[22m | [39m[0m
2026-10-07T06:18:07.6417497Z [  47% ] [90m[1mupdate_scripts_classes[22m | [39m[0m
2026-10-07T06:18:07.6417800Z [  47% ] [90m[1mupdate_scripts_classes[22m | [39m[0m
2026-10-07T06:18:07.6418109Z [  47% ] [90m[1mupdate_scripts_classes[22m | [39m[0m
2026-10-07T06:18:07.6418404Z [  47% ] [90m[1mupdate_scripts_classes[22m | [39m[0m
2026-10-07T06:18:07.6418713Z [  47% ] [90m[1mupdate_scripts_classes[22m | [39m[0m
2026-10-07T06:18:07.6419041Z [  47% ] [90m[1mupdate_scripts_classes[22m | [39m[0m
2026-10-07T06:18:07.6419549Z [  47% ] [90m[1mupdate_scripts_classes[22m | [39m[0m
2026-10-07T06:18:07.6419864Z [  47% ] [90m[1mupdate_scripts_classes[22m | [39m[0m
2026-10-07T06:18:07.6420171Z [  47% ] [90m[1mupdate_scripts_classes[22m | [39m[0m
2026-10-07T06:18:07.6420476Z [  47% ] [90m[1mupdate_scripts_classes[22m | [39m[0m
2026-10-07T06:18:07.6420775Z [  47% ] [90m[1mupdate_scripts_classes[22m | [39m[0m
2026-10-07T06:18:07.6421077Z [  47% ] [90m[1mupdate_scripts_classes[22m | [39m[0m
2026-10-07T06:18:07.6421387Z [  47% ] [90m[1mupdate_scripts_classes[22m | [39m[0m
2026-10-07T06:18:07.6421688Z [  47% ] [90m[1mupdate_scripts_classes[22m | [39m[0m
2026-10-07T06:18:07.6421986Z [  47% ] [90m[1mupdate_scripts_classes[22m | [39m[0m
2026-10-07T06:18:07.6422293Z [  47% ] [90m[1mupdate_scripts_classes[22m | [39m[0m
2026-10-07T06:18:07.6422850Z [  47% ] [90m[1mupdate_scripts_classes[22m | [39m[0m
2026-10-07T06:18:07.6423170Z [  47% ] [90m[1mupdate_scripts_classes[22m | [39m[0m
2026-10-07T06:18:07.6423483Z [  47% ] [90m[1mupdate_scripts_classes[22m | [39m[0m
2026-10-07T06:18:07.6423825Z [  47% ] [90m[1mupdate_scripts_classes[22m | [39m[0m
2026-10-07T06:18:07.6424132Z [  47% ] [90m[1mupdate_scripts_classes[22m | [39m[0m
2026-10-07T06:18:07.6424444Z [  47% ] [90m[1mupdate_scripts_classes[22m | [39m[0m
2026-10-07T06:18:07.6424752Z [  47% ] [90m[1mupdate_scripts_classes[22m | [39m[0m
2026-10-07T06:18:07.6425056Z [  48% ] [90m[1mupdate_scripts_classes[22m | [39m[0m
2026-10-07T06:18:07.6425349Z [  48% ] [90m[1mupdate_scripts_classes[22m | [39m[0m
2026-10-07T06:18:07.6425652Z [  48% ] [90m[1mupdate_scripts_classes[22m | [39m[0m
2026-10-07T06:18:07.6425963Z [  48% ] [90m[1mupdate_scripts_classes[22m | [39m[0m
2026-10-07T06:18:07.6426272Z [  48% ] [90m[1mupdate_scripts_classes[22m | [39m[0m
2026-10-07T06:18:07.6426583Z [  48% ] [90m[1mupdate_scripts_classes[22m | [39m[0m
2026-10-07T06:18:07.6426886Z [  48% ] [90m[1mupdate_scripts_classes[22m | [39m[0m
2026-10-07T06:18:07.6427200Z [  48% ] [90m[1mupdate_scripts_classes[22m | [39m[0m
2026-10-07T06:18:07.6427509Z [  48% ] [90m[1mupdate_scripts_classes[22m | [39m[0m
2026-10-07T06:18:07.6427809Z [  48% ] [90m[1mupdate_scripts_classes[22m | [39m[0m
2026-10-07T06:18:07.6428123Z [  48% ] [90m[1mupdate_scripts_classes[22m | [39m[0m
2026-10-07T06:18:07.6428433Z [  48% ] [90m[1mupdate_scripts_classes[22m | [39m[0m
2026-10-07T06:18:07.6428744Z [  48% ] [90m[1mupdate_scripts_classes[22m | [39m[0m
2026-10-07T06:18:07.6429053Z [  48% ] [90m[1mupdate_scripts_classes[22m | [39m[0m
2026-10-07T06:18:07.6429356Z [  48% ] [90m[1mupdate_scripts_classes[22m | [39m[0m
2026-10-07T06:18:07.6429658Z [  48% ] [90m[1mupdate_scripts_classes[22m | [39m[0m
2026-10-07T06:18:07.6429961Z [  48% ] [90m[1mupdate_scripts_classes[22m | [39m[0m
2026-10-07T06:18:07.6430271Z [  48% ] [90m[1mupdate_scripts_classes[22m | [39m[0m
2026-10-07T06:18:07.6430582Z [  48% ] [90m[1mupdate_scripts_classes[22m | [39m[0m
2026-10-07T06:18:07.6430886Z [  48% ] [90m[1mupdate_scripts_classes[22m | [39m[0m
2026-10-07T06:18:07.6431376Z [  48% ] [90m[1mupdate_scripts_classes[22m | [39m[0m
2026-10-07T06:18:07.6431701Z [  48% ] [90m[1mupdate_scripts_classes[22m | [39m[0m
2026-10-07T06:18:07.6432020Z [  48% ] [90m[1mupdate_scripts_classes[22m | [39m[0m
2026-10-07T06:18:07.6432322Z [  48% ] [90m[1mupdate_scripts_classes[22m | [39m[0m
2026-10-07T06:18:07.6432847Z [  48% ] [90m[1mupdate_scripts_classes[22m | [39m[0m
2026-10-07T06:18:07.6433168Z [  48% ] [90m[1mupdate_scripts_classes[22m | [39m[0m
2026-10-07T06:18:07.6433482Z [  48% ] [90m[1mupdate_scripts_classes[22m | [39m[0m
2026-10-07T06:18:07.6433789Z [  48% ] [90m[1mupdate_scripts_classes[22m | [39m[0m
2026-10-07T06:18:07.6434096Z [  48% ] [90m[1mupdate_scripts_classes[22m | [39m[0m
2026-10-07T06:18:07.6434384Z [  48% ] [90m[1mupdate_scripts_classes[22m | [39m[0m
2026-10-07T06:18:07.6434904Z [  48% ] [90m[1mupdate_scripts_classes[22m | [39m[0m
2026-10-07T06:18:07.6435206Z [  49% ] [90m[1mupdate_scripts_classes[22m | [39m[0m
2026-10-07T06:18:07.6435501Z [  49% ] [90m[1mupdate_scripts_classes[22m | [39m[0m
2026-10-07T06:18:07.6435783Z [  49% ] [90m[1mupdate_scripts_classes[22m | [39m[0m
2026-10-07T06:18:07.6436061Z [  49% ] [90m[1mupdate_scripts_classes[22m | [39m[0m
2026-10-07T06:18:07.6436341Z [  49% ] [90m[1mupdate_scripts_classes[22m | [39m[0m
2026-10-07T06:18:07.6436613Z [  49% ] [90m[1mupdate_scripts_classes[22m | [39m[0m
2026-10-07T06:18:07.6436888Z [  49% ] [90m[1mupdate_scripts_classes[22m | [39m[0m
2026-10-07T06:18:07.6437169Z [  49% ] [90m[1mupdate_scripts_classes[22m | [39m[0m
2026-10-07T06:18:07.6437439Z [  49% ] [90m[1mupdate_scripts_classes[22m | [39m[0m
2026-10-07T06:18:07.6437722Z [  49% ] [90m[1mupdate_scripts_classes[22m | [39m[0m
2026-10-07T06:18:07.6437999Z [  49% ] [90m[1mupdate_scripts_classes[22m | [39m[0m
2026-10-07T06:18:07.6438285Z [  49% ] [90m[1mupdate_scripts_classes[22m | [39m[0m
2026-10-07T06:18:07.6438566Z [  49% ] [90m[1mupdate_scripts_classes[22m | [39m[0m
2026-10-07T06:18:07.6438845Z [  49% ] [90m[1mupdate_scripts_classes[22m | [39m[0m
2026-10-07T06:18:07.6439122Z [  49% ] [90m[1mupdate_scripts_classes[22m | [39m[0m
2026-10-07T06:18:07.6439395Z [  49% ] [90m[1mupdate_scripts_classes[22m | [39m[0m
2026-10-07T06:18:07.6439674Z [  49% ] [90m[1mupdate_scripts_classes[22m | [39m[0m
2026-10-07T06:18:07.6439952Z [  49% ] [90m[1mupdate_scripts_classes[22m | [39m[0m
2026-10-07T06:18:07.6440227Z [  49% ] [90m[1mupdate_scripts_classes[22m | [39m[0m
2026-10-07T06:18:07.6440495Z [  49% ] [90m[1mupdate_scripts_classes[22m | [39m[0m
2026-10-07T06:18:07.6440776Z [  49% ] [90m[1mupdate_scripts_classes[22m | [39m[0m
2026-10-07T06:18:07.6441056Z [  49% ] [90m[1mupdate_scripts_classes[22m | [39m[0m
2026-10-07T06:18:07.6441328Z [  49% ] [90m[1mupdate_scripts_classes[22m | [39m[0m
2026-10-07T06:18:07.6441610Z [  49% ] [90m[1mupdate_scripts_classes[22m | [39m[0m
2026-10-07T06:18:07.6441890Z [  49% ] [90m[1mupdate_scripts_classes[22m | [39m[0m
2026-10-07T06:18:07.6442168Z [  49% ] [90m[1mupdate_scripts_classes[22m | [39m[0m
2026-10-07T06:18:07.6442662Z [  49% ] [90m[1mupdate_scripts_classes[22m | [39m[0m
2026-10-07T06:18:07.6442953Z [  49% ] [90m[1mupdate_scripts_classes[22m | [39m[0m
2026-10-07T06:18:07.6443237Z [  49% ] [90m[1mupdate_scripts_classes[22m | [39m[0m
2026-10-07T06:18:07.6443513Z [  49% ] [90m[1mupdate_scripts_classes[22m | [39m[0m
2026-10-07T06:18:07.6443797Z [  49% ] [90m[1mupdate_scripts_classes[22m | [39m[0m
2026-10-07T06:18:07.6444076Z [  50% ] [90m[1mupdate_scripts_classes[22m | [39m[0m
2026-10-07T06:18:07.6444357Z [  50% ] [90m[1mupdate_scripts_classes[22m | [39m[0m
2026-10-07T06:18:07.6444629Z [  50% ] [90m[1mupdate_scripts_classes[22m | [39m[0m
2026-10-07T06:18:07.6444913Z [  50% ] [90m[1mupdate_scripts_classes[22m | [39m[0m
2026-10-07T06:18:07.6445196Z [  50% ] [90m[1mupdate_scripts_classes[22m | [39m[0m
2026-10-07T06:18:07.6445688Z [  50% ] [90m[1mupdate_scripts_classes[22m | [39m[0m
2026-10-07T06:18:07.6445999Z [  50% ] [90m[1mupdate_scripts_classes[22m | [39m[0m
2026-10-07T06:18:07.6446282Z [  50% ] [90m[1mupdate_scripts_classes[22m | [39m[0m
2026-10-07T06:18:07.6446563Z [  50% ] [90m[1mupdate_scripts_classes[22m | [39m[0m
2026-10-07T06:18:07.6446841Z [  50% ] [90m[1mupdate_scripts_classes[22m | [39m[0m
2026-10-07T06:18:07.6447126Z [  50% ] [90m[1mupdate_scripts_classes[22m | [39m[0m
2026-10-07T06:18:07.6447406Z [  50% ] [90m[1mupdate_scripts_classes[22m | [39m[0m
2026-10-07T06:18:07.6447674Z [  50% ] [90m[1mupdate_scripts_classes[22m | [39m[0m
2026-10-07T06:18:07.6447950Z [  50% ] [90m[1mupdate_scripts_classes[22m | [39m[0m
2026-10-07T06:18:07.6448232Z [  50% ] [90m[1mupdate_scripts_classes[22m | [39m[0m
2026-10-07T06:18:07.6448666Z [  50% ] [90m[1mupdate_scripts_classes[22m | [39m[0m
2026-10-07T06:18:07.6448938Z [  50% ] [90m[1mupdate_scripts_classes[22m | [39m[0m
2026-10-07T06:18:07.6449229Z [  50% ] [90m[1mupdate_scripts_classes[22m | [39m[0m
2026-10-07T06:18:07.6449508Z [  50% ] [90m[1mupdate_scripts_classes[22m | [39m[0m
2026-10-07T06:18:07.6449780Z [  50% ] [90m[1mupdate_scripts_classes[22m | [39m[0m
2026-10-07T06:18:07.6450077Z [  50% ] [90m[1mupdate_scripts_classes[22m | [39m[0m
2026-10-07T06:18:07.6450384Z [  50% ] [90m[1mupdate_scripts_classes[22m | [39m[0m
2026-10-07T06:18:07.6450739Z [  50% ] [90m[1mupdate_scripts_classes[22m | [39m[0m
2026-10-07T06:18:07.6451016Z [  50% ] [90m[1mupdate_scripts_classes[22m | [39m[0m
2026-10-07T06:18:07.6451297Z [  50% ] [90m[1mupdate_scripts_classes[22m | [39m[0m
2026-10-07T06:18:07.6451571Z [  50% ] [90m[1mupdate_scripts_classes[22m | [39m[0m
2026-10-07T06:18:07.6451841Z [  50% ] [90m[1mupdate_scripts_classes[22m | [39m[0m
2026-10-07T06:18:07.6452129Z [  50% ] [90m[1mupdate_scripts_classes[22m | [39m[0m
2026-10-07T06:18:07.6452588Z [  50% ] [90m[1mupdate_scripts_classes[22m | [39m[0m
2026-10-07T06:18:07.6452881Z [  50% ] [90m[1mupdate_scripts_classes[22m | [39m[0m
2026-10-07T06:18:07.6453159Z [  50% ] [90m[1mupdate_scripts_classes[22m | [39m[0m
2026-10-07T06:18:07.6453438Z [  51% ] [90m[1mupdate_scripts_classes[22m | [39m[0m
2026-10-07T06:18:07.6453727Z [  51% ] [90m[1mupdate_scripts_classes[22m | [39m[0m
2026-10-07T06:18:07.6454026Z [  51% ] [90m[1mupdate_scripts_classes[22m | [39m[0m
2026-10-07T06:18:07.6454325Z [  51% ] [90m[1mupdate_scripts_classes[22m | [39m[0m
2026-10-07T06:18:07.6454651Z [  51% ] [90m[1mupdate_scripts_classes[22m | [39m[0m
2026-10-07T06:18:07.6454966Z [  51% ] [90m[1mupdate_scripts_classes[22m | [39m[0m
2026-10-07T06:18:07.6455267Z [  51% ] [90m[1mupdate_scripts_classes[22m | [39m[0m
2026-10-07T06:18:07.6455572Z [  51% ] [90m[1mupdate_scripts_classes[22m | [39m[0m
2026-10-07T06:18:07.6455893Z [  51% ] [90m[1mupdate_scripts_classes[22m | [39m[0m
2026-10-07T06:18:07.6456194Z [  51% ] [90m[1mupdate_scripts_classes[22m | [39m[0m
2026-10-07T06:18:07.6456505Z [  51% ] [90m[1mupdate_scripts_classes[22m | [39m[0m
2026-10-07T06:18:07.6456800Z [  51% ] [90m[1mupdate_scripts_classes[22m | [39m[0m
2026-10-07T06:18:07.6457084Z [  51% ] [90m[1mupdate_scripts_classes[22m | [39m[0m
2026-10-07T06:18:07.6457368Z [  51% ] [90m[1mupdate_scripts_classes[22m | [39m[0m
2026-10-07T06:18:07.6457658Z [  51% ] [90m[1mupdate_scripts_classes[22m | [39m[0m
2026-10-07T06:18:07.6457936Z [  51% ] [90m[1mupdate_scripts_classes[22m | [39m[0m
2026-10-07T06:18:07.6458209Z [  51% ] [90m[1mupdate_scripts_classes[22m | [39m[0m
2026-10-07T06:18:07.6458487Z [  51% ] [90m[1mupdate_scripts_classes[22m | [39m[0m
2026-10-07T06:18:07.6458779Z [  51% ] [90m[1mupdate_scripts_classes[22m | [39m[0m
2026-10-07T06:18:07.6459073Z [  51% ] [90m[1mupdate_scripts_classes[22m | [39m[0m
2026-10-07T06:18:07.6459341Z [  51% ] [90m[1mupdate_scripts_classes[22m | [39m[0m
2026-10-07T06:18:07.6459833Z [  51% ] [90m[1mupdate_scripts_classes[22m | [39m[0m
2026-10-07T06:18:07.6460127Z [  51% ] [90m[1mupdate_scripts_classes[22m | [39m[0m
2026-10-07T06:18:07.6460402Z [  51% ] [90m[1mupdate_scripts_classes[22m | [39m[0m
2026-10-07T06:18:07.6460685Z [  51% ] [90m[1mupdate_scripts_classes[22m | [39m[0m
2026-10-07T06:18:07.6460960Z [  51% ] [90m[1mupdate_scripts_classes[22m | [39m[0m
2026-10-07T06:18:07.6461241Z [  51% ] [90m[1mupdate_scripts_classes[22m | [39m[0m
2026-10-07T06:18:07.6461514Z [  51% ] [90m[1mupdate_scripts_classes[22m | [39m[0m
2026-10-07T06:18:07.6461793Z [  51% ] [90m[1mupdate_scripts_classes[22m | [39m[0m
2026-10-07T06:18:07.6462080Z [  51% ] [90m[1mupdate_scripts_classes[22m | [39m[0m
2026-10-07T06:18:07.6462352Z [  51% ] [90m[1mupdate_scripts_classes[22m | [39m[0m
2026-10-07T06:18:07.6463091Z [  52% ] [90m[1mupdate_scripts_classes[22m | [39m[0m
2026-10-07T06:18:07.6463376Z [  52% ] [90m[1mupdate_scripts_classes[22m | [39m[0m
2026-10-07T06:18:07.6463666Z [  52% ] [90m[1mupdate_scripts_classes[22m | [39m[0m
2026-10-07T06:18:07.6463942Z [  52% ] [90m[1mupdate_scripts_classes[22m | [39m[0m
2026-10-07T06:18:07.6464240Z [  52% ] [90m[1mupdate_scripts_classes[22m | [39m[0m
2026-10-07T06:18:07.6464527Z [  52% ] [90m[1mupdate_scripts_classes[22m | [39m[0m
2026-10-07T06:18:07.6464796Z [  52% ] [90m[1mupdate_scripts_classes[22m | [39m[0m
2026-10-07T06:18:07.6465079Z [  52% ] [90m[1mupdate_scripts_classes[22m | [39m[0m
2026-10-07T06:18:07.6465353Z [  52% ] [90m[1mupdate_scripts_classes[22m | [39m[0m
2026-10-07T06:18:07.6465633Z [  52% ] [90m[1mupdate_scripts_classes[22m | [39m[0m
2026-10-07T06:18:07.6465901Z [  52% ] [90m[1mupdate_scripts_classes[22m | [39m[0m
2026-10-07T06:18:07.6466181Z [  52% ] [90m[1mupdate_scripts_classes[22m | [39m[0m
2026-10-07T06:18:07.6466467Z [  52% ] [90m[1mupdate_scripts_classes[22m | [39m[0m
2026-10-07T06:18:07.6466745Z [  52% ] [90m[1mupdate_scripts_classes[22m | [39m[0m
2026-10-07T06:18:07.6467026Z [  52% ] [90m[1mupdate_scripts_classes[22m | [39m[0m
2026-10-07T06:18:07.6467307Z [  52% ] [90m[1mupdate_scripts_classes[22m | [39m[0m
2026-10-07T06:18:07.6467584Z [  52% ] [90m[1mupdate_scripts_classes[22m | [39m[0m
2026-10-07T06:18:07.6467853Z [  52% ] [90m[1mupdate_scripts_classes[22m | [39m[0m
2026-10-07T06:18:07.6468143Z [  52% ] [90m[1mupdate_scripts_classes[22m | [39m[0m
2026-10-07T06:18:07.6468420Z [  52% ] [90m[1mupdate_scripts_classes[22m | [39m[0m
2026-10-07T06:18:07.6468695Z [  52% ] [90m[1mupdate_scripts_classes[22m | [39m[0m
2026-10-07T06:18:07.6468975Z [  52% ] [90m[1mupdate_scripts_classes[22m | [39m[0m
2026-10-07T06:18:07.6469261Z [  52% ] [90m[1mupdate_scripts_classes[22m | [39m[0m
2026-10-07T06:18:07.6469543Z [  52% ] [90m[1mupdate_scripts_classes[22m | [39m[0m
2026-10-07T06:18:07.6469817Z [  52% ] [90m[1mupdate_scripts_classes[22m | [39m[0m
2026-10-07T06:18:07.6470102Z [  52% ] [90m[1mupdate_scripts_classes[22m | [39m[0m
2026-10-07T06:18:07.6470379Z [  52% ] [90m[1mupdate_scripts_classes[22m | [39m[0m
2026-10-07T06:18:07.6470652Z [  52% ] [90m[1mupdate_scripts_classes[22m | [39m[0m
2026-10-07T06:18:07.6470935Z [  52% ] [90m[1mupdate_scripts_classes[22m | [39m[0m
2026-10-07T06:18:07.6471224Z [  52% ] [90m[1mupdate_scripts_classes[22m | [39m[0m
2026-10-07T06:18:07.6471513Z [  52% ] [90m[1mupdate_scripts_classes[22m | [39m[0m
2026-10-07T06:18:07.6471782Z [  53% ] [90m[1mupdate_scripts_classes[22m | [39m[0m
2026-10-07T06:18:07.6472060Z [  53% ] [90m[1mupdate_scripts_classes[22m | [39m[0m
2026-10-07T06:18:07.6472336Z [  53% ] [90m[1mupdate_scripts_classes[22m | [39m[0m
2026-10-07T06:18:07.6472775Z [  53% ] [90m[1mupdate_scripts_classes[22m | [39m[0m
2026-10-07T06:18:07.6473078Z [  53% ] [90m[1mupdate_scripts_classes[22m | [39m[0m
2026-10-07T06:18:07.6473399Z [  53% ] [90m[1mupdate_scripts_classes[22m | [39m[0m
2026-10-07T06:18:07.6473850Z [  53% ] [90m[1mupdate_scripts_classes[22m | [39m[0m
2026-10-07T06:18:07.6474138Z [  53% ] [90m[1mupdate_scripts_classes[22m | [39m[0m
2026-10-07T06:18:07.6474417Z [  53% ] [90m[1mupdate_scripts_classes[22m | [39m[0m
2026-10-07T06:18:07.6474695Z [  53% ] [90m[1mupdate_scripts_classes[22m | [39m[0m
2026-10-07T06:18:07.6474966Z [  53% ] [90m[1mupdate_scripts_classes[22m | [39m[0m
2026-10-07T06:18:07.6475245Z [  53% ] [90m[1mupdate_scripts_classes[22m | [39m[0m
2026-10-07T06:18:07.6475831Z [  53% ] [90m[1mupdate_scripts_classes[22m | [39m[0m
2026-10-07T06:18:07.6476119Z [  53% ] [90m[1mupdate_scripts_classes[22m | [39m[0m
2026-10-07T06:18:07.6476398Z [  53% ] [90m[1mupdate_scripts_classes[22m | [39m[0m
2026-10-07T06:18:07.6476704Z [  53% ] [90m[1mupdate_scripts_classes[22m | [39m[0m
2026-10-07T06:18:07.6477191Z [  53% ] [90m[1mupdate_scripts_classes[22m | [39m[0m
2026-10-07T06:18:07.6477521Z [  53% ] [90m[1mupdate_scripts_classes[22m | [39m[0m
2026-10-07T06:18:07.6477839Z [  53% ] [90m[1mupdate_scripts_classes[22m | [39m[0m
2026-10-07T06:18:07.6478147Z [  53% ] [90m[1mupdate_scripts_classes[22m | [39m[0m
2026-10-07T06:18:07.6478449Z [  53% ] [90m[1mupdate_scripts_classes[22m | [39m[0m
2026-10-07T06:18:07.6478745Z [  53% ] [90m[1mupdate_scripts_classes[22m | [39m[0m
2026-10-07T06:18:07.6479050Z [  53% ] [90m[1mupdate_scripts_classes[22m | [39m[0m
2026-10-07T06:18:07.6479359Z [  53% ] [90m[1mupdate_scripts_classes[22m | [39m[0m
2026-10-07T06:18:07.6479650Z [  53% ] [90m[1mupdate_scripts_classes[22m | [39m[0m
2026-10-07T06:18:07.6479925Z [  53% ] [90m[1mupdate_scripts_classes[22m | [39m[0m
2026-10-07T06:18:07.6480203Z [  53% ] [90m[1mupdate_scripts_classes[22m | [39m[0m
2026-10-07T06:18:07.6480478Z [  53% ] [90m[1mupdate_scripts_classes[22m | [39m[0m
2026-10-07T06:18:07.6480756Z [  53% ] [90m[1mupdate_scripts_classes[22m | [39m[0m
2026-10-07T06:18:07.6481033Z [  53% ] [90m[1mupdate_scripts_classes[22m | [39m[0m
2026-10-07T06:18:07.6481314Z [  53% ] [90m[1mupdate_scripts_classes[22m | [39m[0m
2026-10-07T06:18:07.6481596Z [  54% ] [90m[1mupdate_scripts_classes[22m | [39m[0m
2026-10-07T06:18:07.6481875Z [  54% ] [90m[1mupdate_scripts_classes[22m | [39m[0m
2026-10-07T06:18:07.6482150Z [  54% ] [90m[1mupdate_scripts_classes[22m | [39m[0m
2026-10-07T06:18:07.6482647Z [  54% ] [90m[1mupdate_scripts_classes[22m | [39m[0m
2026-10-07T06:18:07.6482937Z [  54% ] [90m[1mupdate_scripts_classes[22m | [39m[0m
2026-10-07T06:18:07.6483212Z [  54% ] [90m[1mupdate_scripts_classes[22m | [39m[0m
2026-10-07T06:18:07.6483496Z [  54% ] [90m[1mupdate_scripts_classes[22m | [39m[0m
2026-10-07T06:18:07.6483774Z [  54% ] [90m[1mupdate_scripts_classes[22m | [39m[0m
2026-10-07T06:18:07.6484048Z [  54% ] [90m[1mupdate_scripts_classes[22m | [39m[0m
2026-10-07T06:18:07.6484331Z [  54% ] [90m[1mupdate_scripts_classes[22m | [39m[0m
2026-10-07T06:18:07.6484611Z [  54% ] [90m[1mupdate_scripts_classes[22m | [39m[0m
2026-10-07T06:18:07.6484884Z [  54% ] [90m[1mupdate_scripts_classes[22m | [39m[0m
2026-10-07T06:18:07.6485166Z [  54% ] [90m[1mupdate_scripts_classes[22m | [39m[0m
2026-10-07T06:18:07.6485441Z [  54% ] [90m[1mupdate_scripts_classes[22m | [39m[0m
2026-10-07T06:18:07.6485725Z [  54% ] [90m[1mupdate_scripts_classes[22m | [39m[0m
2026-10-07T06:18:07.6485996Z [  54% ] [90m[1mupdate_scripts_classes[22m | [39m[0m
2026-10-07T06:18:07.6486277Z [  54% ] [90m[1mupdate_scripts_classes[22m | [39m[0m
2026-10-07T06:18:07.6486552Z [  54% ] [90m[1mupdate_scripts_classes[22m | [39m[0m
2026-10-07T06:18:07.6486821Z [  54% ] [90m[1mupdate_scripts_classes[22m | [39m[0m
2026-10-07T06:18:07.6487103Z [  54% ] [90m[1mupdate_scripts_classes[22m | [39m[0m
2026-10-07T06:18:07.6487376Z [  54% ] [90m[1mupdate_scripts_classes[22m | [39m[0m
2026-10-07T06:18:07.6487662Z [  54% ] [90m[1mupdate_scripts_classes[22m | [39m[0m
2026-10-07T06:18:07.6488119Z [  54% ] [90m[1mupdate_scripts_classes[22m | [39m[0m
2026-10-07T06:18:07.6488406Z [  54% ] [90m[1mupdate_scripts_classes[22m | [39m[0m
2026-10-07T06:18:07.6488687Z [  54% ] [90m[1mupdate_scripts_classes[22m | [39m[0m
2026-10-07T06:18:07.6488960Z [  54% ] [90m[1mupdate_scripts_classes[22m | [39m[0m
2026-10-07T06:18:07.6489238Z [  54% ] [90m[1mupdate_scripts_classes[22m | [39m[0m
2026-10-07T06:18:07.6489518Z [  54% ] [90m[1mupdate_scripts_classes[22m | [39m[0m
2026-10-07T06:18:07.6489794Z [  54% ] [90m[1mupdate_scripts_classes[22m | [39m[0m
2026-10-07T06:18:07.6490066Z [  54% ] [90m[1mupdate_scripts_classes[22m | [39m[0m
2026-10-07T06:18:07.6490344Z [  54% ] [90m[1mupdate_scripts_classes[22m | [39m[0m
2026-10-07T06:18:07.6490621Z [  55% ] [90m[1mupdate_scripts_classes[22m | [39m[0m
2026-10-07T06:18:07.6491044Z [  55% ] [90m[1mupdate_scripts_classes[22m | [39m[0m
2026-10-07T06:18:07.6491328Z [  55% ] [90m[1mupdate_scripts_classes[22m | [39m[0m
2026-10-07T06:18:07.6491608Z [  55% ] [90m[1mupdate_scripts_classes[22m | [39m[0m
2026-10-07T06:18:07.6491890Z [  55% ] [90m[1mupdate_scripts_classes[22m | [39m[0m
2026-10-07T06:18:07.6492158Z [  55% ] [90m[1mupdate_scripts_classes[22m | [39m[0m
2026-10-07T06:18:07.6492609Z [  55% ] [90m[1mupdate_scripts_classes[22m | [39m[0m
2026-10-07T06:18:07.6492896Z [  55% ] [90m[1mupdate_scripts_classes[22m | [39m[0m
2026-10-07T06:18:07.6493170Z [  55% ] [90m[1mupdate_scripts_classes[22m | [39m[0m
2026-10-07T06:18:07.6493449Z [  55% ] [90m[1mupdate_scripts_classes[22m | [39m[0m
2026-10-07T06:18:07.6493729Z [  55% ] [90m[1mupdate_scripts_classes[22m | [39m[0m
2026-10-07T06:18:07.6494007Z [  55% ] [90m[1mupdate_scripts_classes[22m | [39m[0m
2026-10-07T06:18:07.6494280Z [  55% ] [90m[1mupdate_scripts_classes[22m | [39m[0m
2026-10-07T06:18:07.6494581Z [  55% ] [90m[1mupdate_scripts_classes[22m | [39m[0m
2026-10-07T06:18:07.6494889Z [  55% ] [90m[1mupdate_scripts_classes[22m | [39m[0m
2026-10-07T06:18:07.6495178Z [  55% ] [90m[1mupdate_scripts_classes[22m | [39m[0m
2026-10-07T06:18:07.6495463Z [  55% ] [90m[1mupdate_scripts_classes[22m | [39m[0m
2026-10-07T06:18:07.6495740Z [  55% ] [90m[1mupdate_scripts_classes[22m | [39m[0m
2026-10-07T06:18:07.6496017Z [  55% ] [90m[1mupdate_scripts_classes[22m | [39m[0m
2026-10-07T06:18:07.6496292Z [  55% ] [90m[1mupdate_scripts_classes[22m | [39m[0m
2026-10-07T06:18:07.6496566Z [  55% ] [90m[1mupdate_scripts_classes[22m | [39m[0m
2026-10-07T06:18:07.6496847Z [  55% ] [90m[1mupdate_scripts_classes[22m | [39m[0m
2026-10-07T06:18:07.6497117Z [  55% ] [90m[1mupdate_scripts_classes[22m | [39m[0m
2026-10-07T06:18:07.6497397Z [  55% ] [90m[1mupdate_scripts_classes[22m | [39m[0m
2026-10-07T06:18:07.6497672Z [  55% ] [90m[1mupdate_scripts_classes[22m | [39m[0m
2026-10-07T06:18:07.6497965Z [  55% ] [90m[1mupdate_scripts_classes[22m | [39m[0m
2026-10-07T06:18:07.6498268Z [  55% ] [90m[1mupdate_scripts_classes[22m | [39m[0m
2026-10-07T06:18:07.6498571Z [  55% ] [90m[1mupdate_scripts_classes[22m | [39m[0m
2026-10-07T06:18:07.6498893Z [  55% ] [90m[1mupdate_scripts_classes[22m | [39m[0m
2026-10-07T06:18:07.6499199Z [  55% ] [90m[1mupdate_scripts_classes[22m | [39m[0m
2026-10-07T06:18:07.6499508Z [  55% ] [90m[1mupdate_scripts_classes[22m | [39m[0m
2026-10-07T06:18:07.6499811Z [  56% ] [90m[1mupdate_scripts_classes[22m | [39m[0m
2026-10-07T06:18:07.6500116Z [  56% ] [90m[1mupdate_scripts_classes[22m | [39m[0m
2026-10-07T06:18:07.6500412Z [  56% ] [90m[1mupdate_scripts_classes[22m | [39m[0m
2026-10-07T06:18:07.6500718Z [  56% ] [90m[1mupdate_scripts_classes[22m | [39m[0m
2026-10-07T06:18:07.6501007Z [  56% ] [90m[1mupdate_scripts_classes[22m | [39m[0m
2026-10-07T06:18:07.6501279Z [  56% ] [90m[1mupdate_scripts_classes[22m | [39m[0m
2026-10-07T06:18:07.6501568Z [  56% ] [90m[1mupdate_scripts_classes[22m | [39m[0m
2026-10-07T06:18:07.6502026Z [  56% ] [90m[1mupdate_scripts_classes[22m | [39m[0m
2026-10-07T06:18:07.6502319Z [  56% ] [90m[1mupdate_scripts_classes[22m | [39m[0m
2026-10-07T06:18:07.6502839Z [  56% ] [90m[1mupdate_scripts_classes[22m | [39m[0m
2026-10-07T06:18:07.6503129Z [  56% ] [90m[1mupdate_scripts_classes[22m | [39m[0m
2026-10-07T06:18:07.6503758Z [  56% ] [90m[1mupdate_scripts_classes[22m | [39m[0m
2026-10-07T06:18:07.6504106Z [  56% ] [90m[1mupdate_scripts_classes[22m | [39m[0m
2026-10-07T06:18:07.6504464Z [  56% ] [90m[1mupdate_scripts_classes[22m | [39m[0m
2026-10-07T06:18:07.6504824Z [  56% ] [90m[1mupdate_scripts_classes[22m | [39m[0m
2026-10-07T06:18:07.6505138Z [  56% ] [90m[1mupdate_scripts_classes[22m | [39m[0m
2026-10-07T06:18:07.6505600Z [  56% ] [90m[1mupdate_scripts_classes[22m | [39m[0m
2026-10-07T06:18:07.6506163Z [  56% ] [90m[1mupdate_scripts_classes[22m | [39m[0m
2026-10-07T06:18:07.6506534Z [  56% ] [90m[1mupdate_scripts_classes[22m | [39m[0m
2026-10-07T06:18:07.6506855Z [  56% ] [90m[1mupdate_scripts_classes[22m | [39m[0m
2026-10-07T06:18:07.6507200Z [  56% ] [90m[1mupdate_scripts_classes[22m | [39m[0m
2026-10-07T06:18:07.6507650Z [  56% ] [90m[1mupdate_scripts_classes[22m | [39m[0m
2026-10-07T06:18:07.6507968Z [  56% ] [90m[1mupdate_scripts_classes[22m | [39m[0m
2026-10-07T06:18:07.6508336Z [  56% ] [90m[1mupdate_scripts_classes[22m | [39m[0m
2026-10-07T06:18:07.6508739Z [  56% ] [90m[1mupdate_scripts_classes[22m | [39m[0m
2026-10-07T06:18:07.6509145Z [  56% ] [90m[1mupdate_scripts_classes[22m | [39m[0m
2026-10-07T06:18:07.6509490Z [  56% ] [90m[1mupdate_scripts_classes[22m | [39m[0m
2026-10-07T06:18:07.6509851Z [  56% ] [90m[1mupdate_scripts_classes[22m | [39m[0m
2026-10-07T06:18:07.6510212Z [  56% ] [90m[1mupdate_scripts_classes[22m | [39m[0m
2026-10-07T06:18:07.6510533Z [  56% ] [90m[1mupdate_scripts_classes[22m | [39m[0m
2026-10-07T06:18:07.6510947Z [  56% ] [90m[1mupdate_scripts_classes[22m | [39m[0m
2026-10-07T06:18:07.6511301Z [  57% ] [90m[1mupdate_scripts_classes[22m | [39m[0m
2026-10-07T06:18:07.6531656Z [  57% ] [90m[1mupdate_scripts_classes[22m | [39m[0m
2026-10-07T06:18:07.6532044Z [  57% ] [90m[1mupdate_scripts_classes[22m | [39m[0m
2026-10-07T06:18:07.6532347Z [  57% ] [90m[1mupdate_scripts_classes[22m | [39m[0m
2026-10-07T06:18:07.6532858Z [  57% ] [90m[1mupdate_scripts_classes[22m | [39m[0m
2026-10-07T06:18:07.6533166Z [  57% ] [90m[1mupdate_scripts_classes[22m | [39m[0m
2026-10-07T06:18:07.6533451Z [  57% ] [90m[1mupdate_scripts_classes[22m | [39m[0m
2026-10-07T06:18:07.6533730Z [  57% ] [90m[1mupdate_scripts_classes[22m | [39m[0m
2026-10-07T06:18:07.6534009Z [  57% ] [90m[1mupdate_scripts_classes[22m | [39m[0m
2026-10-07T06:18:07.6534293Z [  57% ] [90m[1mupdate_scripts_classes[22m | [39m[0m
2026-10-07T06:18:07.6534596Z [  57% ] [90m[1mupdate_scripts_classes[22m | [39m[0m
2026-10-07T06:18:07.6534876Z [  57% ] [90m[1mupdate_scripts_classes[22m | [39m[0m
2026-10-07T06:18:07.6535155Z [  57% ] [90m[1mupdate_scripts_classes[22m | [39m[0m
2026-10-07T06:18:07.6535436Z [  57% ] [90m[1mupdate_scripts_classes[22m | [39m[0m
2026-10-07T06:18:07.6535709Z [  57% ] [90m[1mupdate_scripts_classes[22m | [39m[0m
2026-10-07T06:18:07.6535992Z [  57% ] [90m[1mupdate_scripts_classes[22m | [39m[0m
2026-10-07T06:18:07.6536274Z [  57% ] [90m[1mupdate_scripts_classes[22m | [39m[0m
2026-10-07T06:18:07.6536563Z [  57% ] [90m[1mupdate_scripts_classes[22m | [39m[0m
2026-10-07T06:18:07.6536840Z [  57% ] [90m[1mupdate_scripts_classes[22m | [39m[0m
2026-10-07T06:18:07.6537121Z [  57% ] [90m[1mupdate_scripts_classes[22m | [39m[0m
2026-10-07T06:18:07.6537417Z [  57% ] [90m[1mupdate_scripts_classes[22m | [39m[0m
2026-10-07T06:18:07.6537721Z [  57% ] [90m[1mupdate_scripts_classes[22m | [39m[0m
2026-10-07T06:18:07.6538033Z [  57% ] [90m[1mupdate_scripts_classes[22m | [39m[0m
2026-10-07T06:18:07.6538508Z [  57% ] [90m[1mupdate_scripts_classes[22m | [39m[0m
2026-10-07T06:18:07.6538800Z [  57% ] [90m[1mupdate_scripts_classes[22m | [39m[0m
2026-10-07T06:18:07.6539078Z [  57% ] [90m[1mupdate_scripts_classes[22m | [39m[0m
2026-10-07T06:18:07.6539360Z [  57% ] [90m[1mupdate_scripts_classes[22m | [39m[0m
2026-10-07T06:18:07.6539643Z [  57% ] [90m[1mupdate_scripts_classes[22m | [39m[0m
2026-10-07T06:18:07.6539920Z [  57% ] [90m[1mupdate_scripts_classes[22m | [39m[0m
2026-10-07T06:18:07.6540200Z [  57% ] [90m[1mupdate_scripts_classes[22m | [39m[0m
2026-10-07T06:18:07.6540484Z [  57% ] [90m[1mupdate_scripts_classes[22m | [39m[0m
2026-10-07T06:18:07.6540765Z [  58% ] [90m[1mupdate_scripts_classes[22m | [39m[0m
2026-10-07T06:18:07.6541071Z [  58% ] [90m[1mupdate_scripts_classes[22m | [39m[0m
2026-10-07T06:18:07.6541376Z [  58% ] [90m[1mupdate_scripts_classes[22m | [39m[0m
2026-10-07T06:18:07.6541883Z [  58% ] [90m[1mupdate_scripts_classes[22m | [39m[0m
2026-10-07T06:18:07.6542211Z [  58% ] [90m[1mupdate_scripts_classes[22m | [39m[0m
2026-10-07T06:18:07.6542755Z [  58% ] [90m[1mupdate_scripts_classes[22m | [39m[0m
2026-10-07T06:18:07.6543083Z [  58% ] [90m[1mupdate_scripts_classes[22m | [39m[0m
2026-10-07T06:18:07.6543393Z [  58% ] [90m[1mupdate_scripts_classes[22m | [39m[0m
2026-10-07T06:18:07.6543695Z [  58% ] [90m[1mupdate_scripts_classes[22m | [39m[0m
2026-10-07T06:18:07.6544008Z [  58% ] [90m[1mupdate_scripts_classes[22m | [39m[0m
2026-10-07T06:18:07.6544310Z [  58% ] [90m[1mupdate_scripts_classes[22m | [39m[0m
2026-10-07T06:18:07.6544589Z [  58% ] [90m[1mupdate_scripts_classes[22m | [39m[0m
2026-10-07T06:18:07.6544873Z [  58% ] [90m[1mupdate_scripts_classes[22m | [39m[0m
2026-10-07T06:18:07.6545154Z [  58% ] [90m[1mupdate_scripts_classes[22m | [39m[0m
2026-10-07T06:18:07.6545445Z [  58% ] [90m[1mupdate_scripts_classes[22m | [39m[0m
2026-10-07T06:18:07.6545717Z [  58% ] [90m[1mupdate_scripts_classes[22m | [39m[0m
2026-10-07T06:18:07.6546004Z [  58% ] [90m[1mupdate_scripts_classes[22m | [39m[0m
2026-10-07T06:18:07.6546284Z [  58% ] [90m[1mupdate_scripts_classes[22m | [39m[0m
2026-10-07T06:18:07.6546555Z [  58% ] [90m[1mupdate_scripts_classes[22m | [39m[0m
2026-10-07T06:18:07.6546838Z [  58% ] [90m[1mupdate_scripts_classes[22m | [39m[0m
2026-10-07T06:18:07.6547120Z [  58% ] [90m[1mupdate_scripts_classes[22m | [39m[0m
2026-10-07T06:18:07.6547402Z [  58% ] [90m[1mupdate_scripts_classes[22m | [39m[0m
2026-10-07T06:18:07.6547673Z [  58% ] [90m[1mupdate_scripts_classes[22m | [39m[0m
2026-10-07T06:18:07.6547949Z [  58% ] [90m[1mupdate_scripts_classes[22m | [39m[0m
2026-10-07T06:18:07.6548228Z [  58% ] [90m[1mupdate_scripts_classes[22m | [39m[0m
2026-10-07T06:18:07.6548501Z [  58% ] [90m[1mupdate_scripts_classes[22m | [39m[0m
2026-10-07T06:18:07.6548789Z [  58% ] [90m[1mupdate_scripts_classes[22m | [39m[0m
2026-10-07T06:18:07.6549072Z [  58% ] [90m[1mupdate_scripts_classes[22m | [39m[0m
2026-10-07T06:18:07.6549354Z [  58% ] [90m[1mupdate_scripts_classes[22m | [39m[0m
2026-10-07T06:18:07.6549630Z [  58% ] [90m[1mupdate_scripts_classes[22m | [39m[0m
2026-10-07T06:18:07.6549910Z [  58% ] [90m[1mupdate_scripts_classes[22m | [39m[0m
2026-10-07T06:18:07.6550185Z [  59% ] [90m[1mupdate_scripts_classes[22m | [39m[0m
2026-10-07T06:18:07.6550457Z [  59% ] [90m[1mupdate_scripts_classes[22m | [39m[0m
2026-10-07T06:18:07.6550812Z [  59% ] [90m[1mupdate_scripts_classes[22m | [39m[0m
2026-10-07T06:18:07.6551096Z [  59% ] [90m[1mupdate_scripts_classes[22m | [39m[0m
2026-10-07T06:18:07.6551374Z [  59% ] [90m[1mupdate_scripts_classes[22m | [39m[0m
2026-10-07T06:18:07.6551646Z [  59% ] [90m[1mupdate_scripts_classes[22m | [39m[0m
2026-10-07T06:18:07.6551923Z [  59% ] [90m[1mupdate_scripts_classes[22m | [39m[0m
2026-10-07T06:18:07.6552209Z [  59% ] [90m[1mupdate_scripts_classes[22m | [39m[0m
2026-10-07T06:18:07.6552827Z [  59% ] [90m[1mupdate_scripts_classes[22m | [39m[0m
2026-10-07T06:18:07.6553137Z [  59% ] [90m[1mupdate_scripts_classes[22m | [39m[0m
2026-10-07T06:18:07.6553416Z [  59% ] [90m[1mupdate_scripts_classes[22m | [39m[0m
2026-10-07T06:18:07.6553700Z [  59% ] [90m[1mupdate_scripts_classes[22m | [39m[0m
2026-10-07T06:18:07.6553972Z [  59% ] [90m[1mupdate_scripts_classes[22m | [39m[0m
2026-10-07T06:18:07.6554253Z [  59% ] [90m[1mupdate_scripts_classes[22m | [39m[0m
2026-10-07T06:18:07.6554535Z [  59% ] [90m[1mupdate_scripts_classes[22m | [39m[0m
2026-10-07T06:18:07.6554805Z [  59% ] [90m[1mupdate_scripts_classes[22m | [39m[0m
2026-10-07T06:18:07.6555086Z [  59% ] [90m[1mupdate_scripts_classes[22m | [39m[0m
2026-10-07T06:18:07.6555370Z [  59% ] [90m[1mupdate_scripts_classes[22m | [39m[0m
2026-10-07T06:18:07.6555650Z [  59% ] [90m[1mupdate_scripts_classes[22m | [39m[0m
2026-10-07T06:18:07.6556142Z [  59% ] [90m[1mupdate_scripts_classes[22m | [39m[0m
2026-10-07T06:18:07.6556426Z [  59% ] [90m[1mupdate_scripts_classes[22m | [39m[0m
2026-10-07T06:18:07.6556709Z [  59% ] [90m[1mupdate_scripts_classes[22m | [39m[0m
2026-10-07T06:18:07.6556979Z [  59% ] [90m[1mupdate_scripts_classes[22m | [39m[0m
2026-10-07T06:18:07.6557262Z [  59% ] [90m[1mupdate_scripts_classes[22m | [39m[0m
2026-10-07T06:18:07.6557543Z [  59% ] [90m[1mupdate_scripts_classes[22m | [39m[0m
2026-10-07T06:18:07.6557823Z [  59% ] [90m[1mupdate_scripts_classes[22m | [39m[0m
2026-10-07T06:18:07.6558099Z [  59% ] [90m[1mupdate_scripts_classes[22m | [39m[0m
2026-10-07T06:18:07.6558390Z [  59% ] [90m[1mupdate_scripts_classes[22m | [39m[0m
2026-10-07T06:18:07.6558674Z [  59% ] [90m[1mupdate_scripts_classes[22m | [39m[0m
2026-10-07T06:18:07.6558948Z [  59% ] [90m[1mupdate_scripts_classes[22m | [39m[0m
2026-10-07T06:18:07.6559253Z [  59% ] [90m[1mupdate_scripts_classes[22m | [39m[0m
2026-10-07T06:18:07.6559563Z [  60% ] [90m[1mupdate_scripts_classes[22m | [39m[0m
2026-10-07T06:18:07.6559858Z [  60% ] [90m[1mupdate_scripts_classes[22m | [39m[0m
2026-10-07T06:18:07.6560135Z [  60% ] [90m[1mupdate_scripts_classes[22m | [39m[0m
2026-10-07T06:18:07.6560425Z [  60% ] [90m[1mupdate_scripts_classes[22m | [39m[0m
2026-10-07T06:18:07.6560708Z [  60% ] [90m[1mupdate_scripts_classes[22m | [39m[0m
2026-10-07T06:18:07.6560984Z [  60% ] [90m[1mupdate_scripts_classes[22m | [39m[0m
2026-10-07T06:18:07.6561260Z [  60% ] [90m[1mupdate_scripts_classes[22m | [39m[0m
2026-10-07T06:18:07.6561543Z [  60% ] [90m[1mupdate_scripts_classes[22m | [39m[0m
2026-10-07T06:18:07.6561819Z [  60% ] [90m[1mupdate_scripts_classes[22m | [39m[0m
2026-10-07T06:18:07.6562095Z [  60% ] [90m[1mupdate_scripts_classes[22m | [39m[0m
2026-10-07T06:18:07.6562373Z [  60% ] [90m[1mupdate_scripts_classes[22m | [39m[0m
2026-10-07T06:18:07.6562877Z [  60% ] [90m[1mupdate_scripts_classes[22m | [39m[0m
2026-10-07T06:18:07.6563177Z [  60% ] [90m[1mupdate_scripts_classes[22m | [39m[0m
2026-10-07T06:18:07.6563489Z [  60% ] [90m[1mupdate_scripts_classes[22m | [39m[0m
2026-10-07T06:18:07.6563818Z [  60% ] [90m[1mupdate_scripts_classes[22m | [39m[0m
2026-10-07T06:18:07.6564132Z [  60% ] [90m[1mupdate_scripts_classes[22m | [39m[0m
2026-10-07T06:18:07.6564437Z [  60% ] [90m[1mupdate_scripts_classes[22m | [39m[0m
2026-10-07T06:18:07.6564741Z [  60% ] [90m[1mupdate_scripts_classes[22m | [39m[0m
2026-10-07T06:18:07.6565045Z [  60% ] [90m[1mupdate_scripts_classes[22m | [39m[0m
2026-10-07T06:18:07.6565342Z [  60% ] [90m[1mupdate_scripts_classes[22m | [39m[0m
2026-10-07T06:18:07.6565654Z [  60% ] [90m[1mupdate_scripts_classes[22m | [39m[0m
2026-10-07T06:18:07.6565954Z [  60% ] [90m[1mupdate_scripts_classes[22m | [39m[0m
2026-10-07T06:18:07.6566238Z [  60% ] [90m[1mupdate_scripts_classes[22m | [39m[0m
2026-10-07T06:18:07.6566521Z [  60% ] [90m[1mupdate_scripts_classes[22m | [39m[0m
2026-10-07T06:18:07.6566986Z [  60% ] [90m[1mupdate_scripts_classes[22m | [39m[0m
2026-10-07T06:18:07.6567279Z [  60% ] [90m[1mupdate_scripts_classes[22m | [39m[0m
2026-10-07T06:18:07.6567559Z [  60% ] [90m[1mupdate_scripts_classes[22m | [39m[0m
2026-10-07T06:18:07.6567841Z [  60% ] [90m[1mupdate_scripts_classes[22m | [39m[0m
2026-10-07T06:18:07.6568130Z [  60% ] [90m[1mupdate_scripts_classes[22m | [39m[0m
2026-10-07T06:18:07.6568413Z [  60% ] [90m[1mupdate_scripts_classes[22m | [39m[0m
2026-10-07T06:18:07.6568684Z [  60% ] [90m[1mupdate_scripts_classes[22m | [39m[0m
2026-10-07T06:18:07.6568969Z [  61% ] [90m[1mupdate_scripts_classes[22m | [39m[0m
2026-10-07T06:18:07.6569244Z [  61% ] [90m[1mupdate_scripts_classes[22m | [39m[0m
2026-10-07T06:18:07.6569516Z [  61% ] [90m[1mupdate_scripts_classes[22m | [39m[0m
2026-10-07T06:18:07.6569794Z [  61% ] [90m[1mupdate_scripts_classes[22m | [39m[0m
2026-10-07T06:18:07.6570238Z [  61% ] [90m[1mupdate_scripts_classes[22m | [39m[0m
2026-10-07T06:18:07.6570526Z [  61% ] [90m[1mupdate_scripts_classes[22m | [39m[0m
2026-10-07T06:18:07.6570800Z [  61% ] [90m[1mupdate_scripts_classes[22m | [39m[0m
2026-10-07T06:18:07.6571077Z [  61% ] [90m[1mupdate_scripts_classes[22m | [39m[0m
2026-10-07T06:18:07.6571360Z [  61% ] [90m[1mupdate_scripts_classes[22m | [39m[0m
2026-10-07T06:18:07.6571629Z [  61% ] [90m[1mupdate_scripts_classes[22m | [39m[0m
2026-10-07T06:18:07.6571910Z [  61% ] [90m[1mupdate_scripts_classes[22m | [39m[0m
2026-10-07T06:18:07.6572193Z [  61% ] [90m[1mupdate_scripts_classes[22m | [39m[0m
2026-10-07T06:18:07.6572712Z [  61% ] [90m[1mupdate_scripts_classes[22m | [39m[0m
2026-10-07T06:18:07.6573003Z [  61% ] [90m[1mupdate_scripts_classes[22m | [39m[0m
2026-10-07T06:18:07.6573285Z [  61% ] [90m[1mupdate_scripts_classes[22m | [39m[0m
2026-10-07T06:18:07.6573564Z [  61% ] [90m[1mupdate_scripts_classes[22m | [39m[0m
2026-10-07T06:18:07.6573853Z [  61% ] [90m[1mupdate_scripts_classes[22m | [39m[0m
2026-10-07T06:18:07.6574135Z [  61% ] [90m[1mupdate_scripts_classes[22m | [39m[0m
2026-10-07T06:18:07.6574415Z [  61% ] [90m[1mupdate_scripts_classes[22m | [39m[0m
2026-10-07T06:18:07.6574684Z [  61% ] [90m[1mupdate_scripts_classes[22m | [39m[0m
2026-10-07T06:18:07.6574962Z [  61% ] [90m[1mupdate_scripts_classes[22m | [39m[0m
2026-10-07T06:18:07.6575236Z [  61% ] [90m[1mupdate_scripts_classes[22m | [39m[0m
2026-10-07T06:18:07.6575502Z [  61% ] [90m[1mupdate_scripts_classes[22m | [39m[0m
2026-10-07T06:18:07.6575781Z [  61% ] [90m[1mupdate_scripts_classes[22m | [39m[0m
2026-10-07T06:18:07.6576062Z [  61% ] [90m[1mupdate_scripts_classes[22m | [39m[0m
2026-10-07T06:18:07.6576336Z [  61% ] [90m[1mupdate_scripts_classes[22m | [39m[0m
2026-10-07T06:18:07.6576605Z [  61% ] [90m[1mupdate_scripts_classes[22m | [39m[0m
2026-10-07T06:18:07.6576888Z [  61% ] [90m[1mupdate_scripts_classes[22m | [39m[0m
2026-10-07T06:18:07.6577162Z [  61% ] [90m[1mupdate_scripts_classes[22m | [39m[0m
2026-10-07T06:18:07.6577439Z [  61% ] [90m[1mupdate_scripts_classes[22m | [39m[0m
2026-10-07T06:18:07.6577716Z [  61% ] [90m[1mupdate_scripts_classes[22m | [39m[0m
2026-10-07T06:18:07.6577992Z [  62% ] [90m[1mupdate_scripts_classes[22m | [39m[0m
2026-10-07T06:18:07.6578268Z [  62% ] [90m[1mupdate_scripts_classes[22m | [39m[0m
2026-10-07T06:18:07.6578537Z [  62% ] [90m[1mupdate_scripts_classes[22m | [39m[0m
2026-10-07T06:18:07.6578815Z [  62% ] [90m[1mupdate_scripts_classes[22m | [39m[0m
2026-10-07T06:18:07.6579087Z [  62% ] [90m[1mupdate_scripts_classes[22m | [39m[0m
2026-10-07T06:18:07.6579358Z [  62% ] [90m[1mupdate_scripts_classes[22m | [39m[0m
2026-10-07T06:18:07.6579629Z [  62% ] [90m[1mupdate_scripts_classes[22m | [39m[0m
2026-10-07T06:18:07.6579901Z [  62% ] [90m[1mupdate_scripts_classes[22m | [39m[0m
2026-10-07T06:18:07.6580181Z [  62% ] [90m[1mupdate_scripts_classes[22m | [39m[0m
2026-10-07T06:18:07.6580608Z [  62% ] [90m[1mupdate_scripts_classes[22m | [39m[0m
2026-10-07T06:18:07.6580927Z [  62% ] [90m[1mupdate_scripts_classes[22m | [39m[0m
2026-10-07T06:18:07.6581221Z [  62% ] [90m[1mupdate_scripts_classes[22m | [39m[0m
2026-10-07T06:18:07.6581494Z [  62% ] [90m[1mupdate_scripts_classes[22m | [39m[0m
2026-10-07T06:18:07.6581775Z [  62% ] [90m[1mupdate_scripts_classes[22m | [39m[0m
2026-10-07T06:18:07.6582049Z [  62% ] [90m[1mupdate_scripts_classes[22m | [39m[0m
2026-10-07T06:18:07.6582320Z [  62% ] [90m[1mupdate_scripts_classes[22m | [39m[0m
2026-10-07T06:18:07.6582810Z [  62% ] [90m[1mupdate_scripts_classes[22m | [39m[0m
2026-10-07T06:18:07.6583096Z [  62% ] [90m[1mupdate_scripts_classes[22m | [39m[0m
2026-10-07T06:18:07.6583373Z [  62% ] [90m[1mupdate_scripts_classes[22m | [39m[0m
2026-10-07T06:18:07.6583649Z [  62% ] [90m[1mupdate_scripts_classes[22m | [39m[0m
2026-10-07T06:18:07.6584101Z [  62% ] [90m[1mupdate_scripts_classes[22m | [39m[0m
2026-10-07T06:18:07.6584410Z [  62% ] [90m[1mupdate_scripts_classes[22m | [39m[0m
2026-10-07T06:18:07.6584710Z [  62% ] [90m[1mupdate_scripts_classes[22m | [39m[0m
2026-10-07T06:18:07.6585008Z [  62% ] [90m[1mupdate_scripts_classes[22m | [39m[0m
2026-10-07T06:18:07.6585333Z [  62% ] [90m[1mupdate_scripts_classes[22m | [39m[0m
2026-10-07T06:18:07.6585655Z [  62% ] [90m[1mupdate_scripts_classes[22m | [39m[0m
2026-10-07T06:18:07.6585956Z [  62% ] [90m[1mupdate_scripts_classes[22m | [39m[0m
2026-10-07T06:18:07.6586252Z [  62% ] [90m[1mupdate_scripts_classes[22m | [39m[0m
2026-10-07T06:18:07.6586554Z [  62% ] [90m[1mupdate_scripts_classes[22m | [39m[0m
2026-10-07T06:18:07.6586854Z [  62% ] [90m[1mupdate_scripts_classes[22m | [39m[0m
2026-10-07T06:18:07.6587151Z [  62% ] [90m[1mupdate_scripts_classes[22m | [39m[0m
2026-10-07T06:18:07.6587440Z [  63% ] [90m[1mupdate_scripts_classes[22m | [39m[0m
2026-10-07T06:18:07.6587726Z [  63% ] [90m[1mupdate_scripts_classes[22m | [39m[0m
2026-10-07T06:18:07.6588007Z [  63% ] [90m[1mupdate_scripts_classes[22m | [39m[0m
2026-10-07T06:18:07.6588282Z [  63% ] [90m[1mupdate_scripts_classes[22m | [39m[0m
2026-10-07T06:18:07.6588556Z [  63% ] [90m[1mupdate_scripts_classes[22m | [39m[0m
2026-10-07T06:18:07.6588832Z [  63% ] [90m[1mupdate_scripts_classes[22m | [39m[0m
2026-10-07T06:18:07.6589112Z [  63% ] [90m[1mupdate_scripts_classes[22m | [39m[0m
2026-10-07T06:18:07.6589389Z [  63% ] [90m[1mupdate_scripts_classes[22m | [39m[0m
2026-10-07T06:18:07.6589665Z [  63% ] [90m[1mupdate_scripts_classes[22m | [39m[0m
2026-10-07T06:18:07.6589935Z [  63% ] [90m[1mupdate_scripts_classes[22m | [39m[0m
2026-10-07T06:18:07.6590208Z [  63% ] [90m[1mupdate_scripts_classes[22m | [39m[0m
2026-10-07T06:18:07.6590487Z [  63% ] [90m[1mupdate_scripts_classes[22m | [39m[0m
2026-10-07T06:18:07.6590767Z [  63% ] [90m[1mupdate_scripts_classes[22m | [39m[0m
2026-10-07T06:18:07.6591042Z [  63% ] [90m[1mupdate_scripts_classes[22m | [39m[0m
2026-10-07T06:18:07.6591322Z [  63% ] [90m[1mupdate_scripts_classes[22m | [39m[0m
2026-10-07T06:18:07.6591597Z [  63% ] [90m[1mupdate_scripts_classes[22m | [39m[0m
2026-10-07T06:18:07.6591867Z [  63% ] [90m[1mupdate_scripts_classes[22m | [39m[0m
2026-10-07T06:18:07.6592144Z [  63% ] [90m[1mupdate_scripts_classes[22m | [39m[0m
2026-10-07T06:18:07.6592631Z [  63% ] [90m[1mupdate_scripts_classes[22m | [39m[0m
2026-10-07T06:18:07.6592929Z [  63% ] [90m[1mupdate_scripts_classes[22m | [39m[0m
2026-10-07T06:18:07.6593205Z [  63% ] [90m[1mupdate_scripts_classes[22m | [39m[0m
2026-10-07T06:18:07.6593482Z [  63% ] [90m[1mupdate_scripts_classes[22m | [39m[0m
2026-10-07T06:18:07.6593756Z [  63% ] [90m[1mupdate_scripts_classes[22m | [39m[0m
2026-10-07T06:18:07.6594024Z [  63% ] [90m[1mupdate_scripts_classes[22m | [39m[0m
2026-10-07T06:18:07.6594312Z [  63% ] [90m[1mupdate_scripts_classes[22m | [39m[0m
2026-10-07T06:18:07.6594588Z [  63% ] [90m[1mupdate_scripts_classes[22m | [39m[0m
2026-10-07T06:18:07.6595046Z [  63% ] [90m[1mupdate_scripts_classes[22m | [39m[0m
2026-10-07T06:18:07.6595334Z [  63% ] [90m[1mupdate_scripts_classes[22m | [39m[0m
2026-10-07T06:18:07.6595615Z [  63% ] [90m[1mupdate_scripts_classes[22m | [39m[0m
2026-10-07T06:18:07.6595907Z [  63% ] [90m[1mupdate_scripts_classes[22m | [39m[0m
2026-10-07T06:18:07.6596178Z [  63% ] [90m[1mupdate_scripts_classes[22m | [39m[0m
2026-10-07T06:18:07.6596463Z [  64% ] [90m[1mupdate_scripts_classes[22m | [39m[0m
2026-10-07T06:18:07.6596742Z [  64% ] [90m[1mupdate_scripts_classes[22m | [39m[0m
2026-10-07T06:18:07.6597020Z [  64% ] [90m[1mupdate_scripts_classes[22m | [39m[0m
2026-10-07T06:18:07.6597295Z [  64% ] [90m[1mupdate_scripts_classes[22m | [39m[0m
2026-10-07T06:18:07.6597571Z [  64% ] [90m[1mupdate_scripts_classes[22m | [39m[0m
2026-10-07T06:18:07.6598010Z [  64% ] [90m[1mupdate_scripts_classes[22m | [39m[0m
2026-10-07T06:18:07.6598296Z [  64% ] [90m[1mupdate_scripts_classes[22m | [39m[0m
2026-10-07T06:18:07.6598580Z [  64% ] [90m[1mupdate_scripts_classes[22m | [39m[0m
2026-10-07T06:18:07.6598861Z [  64% ] [90m[1mupdate_scripts_classes[22m | [39m[0m
2026-10-07T06:18:07.6599139Z [  64% ] [90m[1mupdate_scripts_classes[22m | [39m[0m
2026-10-07T06:18:07.6599409Z [  64% ] [90m[1mupdate_scripts_classes[22m | [39m[0m
2026-10-07T06:18:07.6599689Z [  64% ] [90m[1mupdate_scripts_classes[22m | [39m[0m
2026-10-07T06:18:07.6599964Z [  64% ] [90m[1mupdate_scripts_classes[22m | [39m[0m
2026-10-07T06:18:07.6600240Z [  64% ] [90m[1mupdate_scripts_classes[22m | [39m[0m
2026-10-07T06:18:07.6600516Z [  64% ] [90m[1mupdate_scripts_classes[22m | [39m[0m
2026-10-07T06:18:07.6600793Z [  64% ] [90m[1mupdate_scripts_classes[22m | [39m[0m
2026-10-07T06:18:07.6601075Z [  64% ] [90m[1mupdate_scripts_classes[22m | [39m[0m
2026-10-07T06:18:07.6601352Z [  64% ] [90m[1mupdate_scripts_classes[22m | [39m[0m
2026-10-07T06:18:07.6601640Z [  64% ] [90m[1mupdate_scripts_classes[22m | [39m[0m
2026-10-07T06:18:07.6601922Z [  64% ] [90m[1mupdate_scripts_classes[22m | [39m[0m
2026-10-07T06:18:07.6602201Z [  64% ] [90m[1mupdate_scripts_classes[22m | [39m[0m
2026-10-07T06:18:07.6602766Z [  64% ] [90m[1mupdate_scripts_classes[22m | [39m[0m
2026-10-07T06:18:07.6603082Z [  64% ] [90m[1mupdate_scripts_classes[22m | [39m[0m
2026-10-07T06:18:07.6603364Z [  64% ] [90m[1mupdate_scripts_classes[22m | [39m[0m
2026-10-07T06:18:07.6603641Z [  64% ] [90m[1mupdate_scripts_classes[22m | [39m[0m
2026-10-07T06:18:07.6603917Z [  64% ] [90m[1mupdate_scripts_classes[22m | [39m[0m
2026-10-07T06:18:07.6604197Z [  64% ] [90m[1mupdate_scripts_classes[22m | [39m[0m
2026-10-07T06:18:07.6604470Z [  64% ] [90m[1mupdate_scripts_classes[22m | [39m[0m
2026-10-07T06:18:07.6604764Z [  64% ] [90m[1mupdate_scripts_classes[22m | [39m[0m
2026-10-07T06:18:07.6605041Z [  64% ] [90m[1mupdate_scripts_classes[22m | [39m[0m
2026-10-07T06:18:07.6605325Z [  64% ] [90m[1mupdate_scripts_classes[22m | [39m[0m
2026-10-07T06:18:07.6605596Z [  65% ] [90m[1mupdate_scripts_classes[22m | [39m[0m
2026-10-07T06:18:07.6605895Z [  65% ] [90m[1mupdate_scripts_classes[22m | [39m[0m
2026-10-07T06:18:07.6606205Z [  65% ] [90m[1mupdate_scripts_classes[22m | [39m[0m
2026-10-07T06:18:07.6606501Z [  65% ] [90m[1mupdate_scripts_classes[22m | [39m[0m
2026-10-07T06:18:07.6606823Z [  65% ] [90m[1mupdate_scripts_classes[22m | [39m[0m
2026-10-07T06:18:07.6607167Z [  65% ] [90m[1mupdate_scripts_classes[22m | [39m[0m
2026-10-07T06:18:07.6607491Z [  65% ] [90m[1mupdate_scripts_classes[22m | [39m[0m
2026-10-07T06:18:07.6607805Z [  65% ] [90m[1mupdate_scripts_classes[22m | [39m[0m
2026-10-07T06:18:07.6608138Z [  65% ] [90m[1mupdate_scripts_classes[22m | [39m[0m
2026-10-07T06:18:07.6608484Z [  65% ] [90m[1mupdate_scripts_classes[22m | [39m[0m
2026-10-07T06:18:07.6608800Z [  65% ] [90m[1mupdate_scripts_classes[22m | [39m[0m
2026-10-07T06:18:07.6609287Z [  65% ] [90m[1mupdate_scripts_classes[22m | [39m[0m
2026-10-07T06:18:07.6609612Z [  65% ] [90m[1mupdate_scripts_classes[22m | [39m[0m
2026-10-07T06:18:07.6609918Z [  65% ] [90m[1mupdate_scripts_classes[22m | [39m[0m
2026-10-07T06:18:07.6610214Z [  65% ] [90m[1mupdate_scripts_classes[22m | [39m[0m
2026-10-07T06:18:07.6610504Z [  65% ] [90m[1mupdate_scripts_classes[22m | [39m[0m
2026-10-07T06:18:07.6610813Z [  65% ] [90m[1mupdate_scripts_classes[22m | [39m[0m
2026-10-07T06:18:07.6611128Z [  65% ] [90m[1mupdate_scripts_classes[22m | [39m[0m
2026-10-07T06:18:07.6611440Z [  65% ] [90m[1mupdate_scripts_classes[22m | [39m[0m
2026-10-07T06:18:07.6611747Z [  65% ] [90m[1mupdate_scripts_classes[22m | [39m[0m
2026-10-07T06:18:07.6612067Z [  65% ] [90m[1mupdate_scripts_classes[22m | [39m[0m
2026-10-07T06:18:07.6612973Z [  65% ] [90m[1mupdate_scripts_classes[22m | [39m[0m
2026-10-07T06:18:07.6613343Z [  65% ] [90m[1mupdate_scripts_classes[22m | [39m[0m
2026-10-07T06:18:07.6613661Z [  65% ] [90m[1mupdate_scripts_classes[22m | [39m[0m
2026-10-07T06:18:07.6613951Z [  65% ] [90m[1mupdate_scripts_classes[22m | [39m[0m
2026-10-07T06:18:07.6614253Z [  65% ] [90m[1mupdate_scripts_classes[22m | [39m[0m
2026-10-07T06:18:07.6614562Z [  65% ] [90m[1mupdate_scripts_classes[22m | [39m[0m
2026-10-07T06:18:07.6614871Z [  65% ] [90m[1mupdate_scripts_classes[22m | [39m[0m
2026-10-07T06:18:07.6615179Z [  65% ] [90m[1mupdate_scripts_classes[22m | [39m[0m
2026-10-07T06:18:07.6615499Z [  65% ] [90m[1mupdate_scripts_classes[22m | [39m[0m
2026-10-07T06:18:07.6615820Z [  65% ] [90m[1mupdate_scripts_classes[22m | [39m[0m
2026-10-07T06:18:07.6616115Z [  66% ] [90m[1mupdate_scripts_classes[22m | [39m[0m
2026-10-07T06:18:07.6616415Z [  66% ] [90m[1mupdate_scripts_classes[22m | [39m[0m
2026-10-07T06:18:07.6616729Z [  66% ] [90m[1mupdate_scripts_classes[22m | [39m[0m
2026-10-07T06:18:07.6617046Z [  66% ] [90m[1mupdate_scripts_classes[22m | [39m[0m
2026-10-07T06:18:07.6617336Z [  66% ] [90m[1mupdate_scripts_classes[22m | [39m[0m
2026-10-07T06:18:07.6617641Z [  66% ] [90m[1mupdate_scripts_classes[22m | [39m[0m
2026-10-07T06:18:07.6617952Z [  66% ] [90m[1mupdate_scripts_classes[22m | [39m[0m
2026-10-07T06:18:07.6618251Z [  66% ] [90m[1mupdate_scripts_classes[22m | [39m[0m
2026-10-07T06:18:07.6618556Z [  66% ] [90m[1mupdate_scripts_classes[22m | [39m[0m
2026-10-07T06:18:07.6618878Z [  66% ] [90m[1mupdate_scripts_classes[22m | [39m[0m
2026-10-07T06:18:07.6619188Z [  66% ] [90m[1mupdate_scripts_classes[22m | [39m[0m
2026-10-07T06:18:07.6619486Z [  66% ] [90m[1mupdate_scripts_classes[22m | [39m[0m
2026-10-07T06:18:07.6619791Z [  66% ] [90m[1mupdate_scripts_classes[22m | [39m[0m
2026-10-07T06:18:07.6620098Z [  66% ] [90m[1mupdate_scripts_classes[22m | [39m[0m
2026-10-07T06:18:07.6620407Z [  66% ] [90m[1mupdate_scripts_classes[22m | [39m[0m
2026-10-07T06:18:07.6620713Z [  66% ] [90m[1mupdate_scripts_classes[22m | [39m[0m
2026-10-07T06:18:07.6620998Z [  66% ] [90m[1mupdate_scripts_classes[22m | [39m[0m
2026-10-07T06:18:07.6621285Z [  66% ] [90m[1mupdate_scripts_classes[22m | [39m[0m
2026-10-07T06:18:07.6621580Z [  66% ] [90m[1mupdate_scripts_classes[22m | [39m[0m
2026-10-07T06:18:07.6621877Z [  66% ] [90m[1mupdate_scripts_classes[22m | [39m[0m
2026-10-07T06:18:07.6622179Z [  66% ] [90m[1mupdate_scripts_classes[22m | [39m[0m
2026-10-07T06:18:07.6622716Z [  66% ] [90m[1mupdate_scripts_classes[22m | [39m[0m
2026-10-07T06:18:07.6623061Z [  66% ] [90m[1mupdate_scripts_classes[22m | [39m[0m
2026-10-07T06:18:07.6623378Z [  66% ] [90m[1mupdate_scripts_classes[22m | [39m[0m
2026-10-07T06:18:07.6623706Z [  66% ] [90m[1mupdate_scripts_classes[22m | [39m[0m
2026-10-07T06:18:07.6624016Z [  66% ] [90m[1mupdate_scripts_classes[22m | [39m[0m
2026-10-07T06:18:07.6624318Z [  66% ] [90m[1mupdate_scripts_classes[22m | [39m[0m
2026-10-07T06:18:07.6624846Z [  66% ] [90m[1mupdate_scripts_classes[22m | [39m[0m
2026-10-07T06:18:07.6625184Z [  66% ] [90m[1mupdate_scripts_classes[22m | [39m[0m
2026-10-07T06:18:07.6625469Z [  66% ] [90m[1mupdate_scripts_classes[22m | [39m[0m
2026-10-07T06:18:07.6625767Z [  66% ] [90m[1mupdate_scripts_classes[22m | [39m[0m
2026-10-07T06:18:07.6626072Z [  67% ] [90m[1mupdate_scripts_classes[22m | [39m[0m
2026-10-07T06:18:07.6626371Z [  67% ] [90m[1mupdate_scripts_classes[22m | [39m[0m
2026-10-07T06:18:07.6626672Z [  67% ] [90m[1mupdate_scripts_classes[22m | [39m[0m
2026-10-07T06:18:07.6626990Z [  67% ] [90m[1mupdate_scripts_classes[22m | [39m[0m
2026-10-07T06:18:07.6627328Z [  67% ] [90m[1mupdate_scripts_classes[22m | [39m[0m
2026-10-07T06:18:07.6627642Z [  67% ] [90m[1mupdate_scripts_classes[22m | [39m[0m
2026-10-07T06:18:07.6628177Z [  67% ] [90m[1mupdate_scripts_classes[22m | [39m[0m
2026-10-07T06:18:07.6628488Z [  67% ] [90m[1mupdate_scripts_classes[22m | [39m[0m
2026-10-07T06:18:07.6628790Z [  67% ] [90m[1mupdate_scripts_classes[22m | [39m[0m
2026-10-07T06:18:07.6629120Z [  67% ] [90m[1mupdate_scripts_classes[22m | [39m[0m
2026-10-07T06:18:07.6629438Z [  67% ] [90m[1mupdate_scripts_classes[22m | [39m[0m
2026-10-07T06:18:07.6629713Z [  67% ] [90m[1mupdate_scripts_classes[22m | [39m[0m
2026-10-07T06:18:07.6629995Z [  67% ] [90m[1mupdate_scripts_classes[22m | [39m[0m
2026-10-07T06:18:07.6630298Z [  67% ] [90m[1mupdate_scripts_classes[22m | [39m[0m
2026-10-07T06:18:07.6630592Z [  67% ] [90m[1mupdate_scripts_classes[22m | [39m[0m
2026-10-07T06:18:07.6630887Z [  67% ] [90m[1mupdate_scripts_classes[22m | [39m[0m
2026-10-07T06:18:07.6631189Z [  67% ] [90m[1mupdate_scripts_classes[22m | [39m[0m
2026-10-07T06:18:07.6631498Z [  67% ] [90m[1mupdate_scripts_classes[22m | [39m[0m
2026-10-07T06:18:07.6631847Z [  67% ] [90m[1mupdate_scripts_classes[22m | [39m[0m
2026-10-07T06:18:07.6632217Z [  67% ] [90m[1mupdate_scripts_classes[22m | [39m[0m
2026-10-07T06:18:07.6632858Z [  67% ] [90m[1mupdate_scripts_classes[22m | [39m[0m
2026-10-07T06:18:07.6633203Z [  67% ] [90m[1mupdate_scripts_classes[22m | [39m[0m
2026-10-07T06:18:07.6633510Z [  67% ] [90m[1mupdate_scripts_classes[22m | [39m[0m
2026-10-07T06:18:07.6633841Z [  67% ] [90m[1mupdate_scripts_classes[22m | [39m[0m
2026-10-07T06:18:07.6634163Z [  67% ] [90m[1mupdate_scripts_classes[22m | [39m[0m
2026-10-07T06:18:07.6634457Z [  67% ] [90m[1mupdate_scripts_classes[22m | [39m[0m
2026-10-07T06:18:07.6634756Z [  67% ] [90m[1mupdate_scripts_classes[22m | [39m[0m
2026-10-07T06:18:07.6635065Z [  67% ] [90m[1mupdate_scripts_classes[22m | [39m[0m
2026-10-07T06:18:07.6635369Z [  67% ] [90m[1mupdate_scripts_classes[22m | [39m[0m
2026-10-07T06:18:07.6635662Z [  67% ] [90m[1mupdate_scripts_classes[22m | [39m[0m
2026-10-07T06:18:07.6636008Z [  67% ] [90m[1mupdate_scripts_classes[22m | [39m[0m
2026-10-07T06:18:07.6636335Z [  68% ] [90m[1mupdate_scripts_classes[22m | [39m[0m
2026-10-07T06:18:07.6636646Z [  68% ] [90m[1mupdate_scripts_classes[22m | [39m[0m
2026-10-07T06:18:07.6636948Z [  68% ] [90m[1mupdate_scripts_classes[22m | [39m[0m
2026-10-07T06:18:07.6637252Z [  68% ] [90m[1mupdate_scripts_classes[22m | [39m[0m
2026-10-07T06:18:07.6637554Z [  68% ] [90m[1mupdate_scripts_classes[22m | [39m[0m
2026-10-07T06:18:07.6637854Z [  68% ] [90m[1mupdate_scripts_classes[22m | [39m[0m
2026-10-07T06:18:07.6638151Z [  68% ] [90m[1mupdate_scripts_classes[22m | [39m[0m
2026-10-07T06:18:07.6638443Z [  68% ] [90m[1mupdate_scripts_classes[22m | [39m[0m
2026-10-07T06:18:07.6638736Z [  68% ] [90m[1mupdate_scripts_classes[22m | [39m[0m
2026-10-07T06:18:07.6639037Z [  68% ] [90m[1mupdate_scripts_classes[22m | [39m[0m
2026-10-07T06:18:07.6639349Z [  68% ] [90m[1mupdate_scripts_classes[22m | [39m[0m
2026-10-07T06:18:07.6639659Z [  68% ] [90m[1mupdate_scripts_classes[22m | [39m[0m
2026-10-07T06:18:07.6640176Z [  68% ] [90m[1mupdate_scripts_classes[22m | [39m[0m
2026-10-07T06:18:07.6640518Z [  68% ] [90m[1mupdate_scripts_classes[22m | [39m[0m
2026-10-07T06:18:07.6640820Z [  68% ] [90m[1mupdate_scripts_classes[22m | [39m[0m
2026-10-07T06:18:07.6641116Z [  68% ] [90m[1mupdate_scripts_classes[22m | [39m[0m
2026-10-07T06:18:07.6641418Z [  68% ] [90m[1mupdate_scripts_classes[22m | [39m[0m
2026-10-07T06:18:07.6641725Z [  68% ] [90m[1mupdate_scripts_classes[22m | [39m[0m
2026-10-07T06:18:07.6642022Z [  68% ] [90m[1mupdate_scripts_classes[22m | [39m[0m
2026-10-07T06:18:07.6642296Z [  68% ] [90m[1mupdate_scripts_classes[22m | [39m[0m
2026-10-07T06:18:07.6642812Z [  68% ] [90m[1mupdate_scripts_classes[22m | [39m[0m
2026-10-07T06:18:07.6643103Z [  68% ] [90m[1mupdate_scripts_classes[22m | [39m[0m
2026-10-07T06:18:07.6643571Z [  68% ] [90m[1mupdate_scripts_classes[22m | [39m[0m
2026-10-07T06:18:07.6643857Z [  68% ] [90m[1mupdate_scripts_classes[22m | [39m[0m
2026-10-07T06:18:07.6644142Z [  68% ] [90m[1mupdate_scripts_classes[22m | [39m[0m
2026-10-07T06:18:07.6644423Z [  68% ] [90m[1mupdate_scripts_classes[22m | [39m[0m
2026-10-07T06:18:07.6644699Z [  68% ] [90m[1mupdate_scripts_classes[22m | [39m[0m
2026-10-07T06:18:07.6644974Z [  68% ] [90m[1mupdate_scripts_classes[22m | [39m[0m
2026-10-07T06:18:07.6645254Z [  68% ] [90m[1mupdate_scripts_classes[22m | [39m[0m
2026-10-07T06:18:07.6645525Z [  68% ] [90m[1mupdate_scripts_classes[22m | [39m[0m
2026-10-07T06:18:07.6645805Z [  68% ] [90m[1mupdate_scripts_classes[22m | [39m[0m
2026-10-07T06:18:07.6646088Z [  69% ] [90m[1mupdate_scripts_classes[22m | [39m[0m
2026-10-07T06:18:07.6646365Z [  69% ] [90m[1mupdate_scripts_classes[22m | [39m[0m
2026-10-07T06:18:07.6646636Z [  69% ] [90m[1mupdate_scripts_classes[22m | [39m[0m
2026-10-07T06:18:07.6646927Z [  69% ] [90m[1mupdate_scripts_classes[22m | [39m[0m
2026-10-07T06:18:07.6647209Z [  69% ] [90m[1mupdate_scripts_classes[22m | [39m[0m
2026-10-07T06:18:07.6647486Z [  69% ] [90m[1mupdate_scripts_classes[22m | [39m[0m
2026-10-07T06:18:07.6647765Z [  69% ] [90m[1mupdate_scripts_classes[22m | [39m[0m
2026-10-07T06:18:07.6648046Z [  69% ] [90m[1mupdate_scripts_classes[22m | [39m[0m
2026-10-07T06:18:07.6648323Z [  69% ] [90m[1mupdate_scripts_classes[22m | [39m[0m
2026-10-07T06:18:07.6648590Z [  69% ] [90m[1mupdate_scripts_classes[22m | [39m[0m
2026-10-07T06:18:07.6648871Z [  69% ] [90m[1mupdate_scripts_classes[22m | [39m[0m
2026-10-07T06:18:07.6649147Z [  69% ] [90m[1mupdate_scripts_classes[22m | [39m[0m
2026-10-07T06:18:07.6649420Z [  69% ] [90m[1mupdate_scripts_classes[22m | [39m[0m
2026-10-07T06:18:07.6649697Z [  69% ] [90m[1mupdate_scripts_classes[22m | [39m[0m
2026-10-07T06:18:07.6649974Z [  69% ] [90m[1mupdate_scripts_classes[22m | [39m[0m
2026-10-07T06:18:07.6650262Z [  69% ] [90m[1mupdate_scripts_classes[22m | [39m[0m
2026-10-07T06:18:07.6650542Z [  69% ] [90m[1mupdate_scripts_classes[22m | [39m[0m
2026-10-07T06:18:07.6650900Z [  69% ] [90m[1mupdate_scripts_classes[22m | [39m[0m
2026-10-07T06:18:07.6651188Z [  69% ] [90m[1mupdate_scripts_classes[22m | [39m[0m
2026-10-07T06:18:07.6651459Z [  69% ] [90m[1mupdate_scripts_classes[22m | [39m[0m
2026-10-07T06:18:07.6651737Z [  69% ] [90m[1mupdate_scripts_classes[22m | [39m[0m
2026-10-07T06:18:07.6652014Z [  69% ] [90m[1mupdate_scripts_classes[22m | [39m[0m
2026-10-07T06:18:07.6652292Z [  69% ] [90m[1mupdate_scripts_classes[22m | [39m[0m
2026-10-07T06:18:07.6652721Z [  69% ] [90m[1mupdate_scripts_classes[22m | [39m[0m
2026-10-07T06:18:07.6653006Z [  69% ] [90m[1mupdate_scripts_classes[22m | [39m[0m
2026-10-07T06:18:07.6653289Z [  69% ] [90m[1mupdate_scripts_classes[22m | [39m[0m
2026-10-07T06:18:07.6653569Z [  69% ] [90m[1mupdate_scripts_classes[22m | [39m[0m
2026-10-07T06:18:07.6653843Z [  69% ] [90m[1mupdate_scripts_classes[22m | [39m[0m
2026-10-07T06:18:07.6654303Z [  69% ] [90m[1mupdate_scripts_classes[22m | [39m[0m
2026-10-07T06:18:07.6654598Z [  69% ] [90m[1mupdate_scripts_classes[22m | [39m[0m
2026-10-07T06:18:07.6654876Z [  69% ] [90m[1mupdate_scripts_classes[22m | [39m[0m
2026-10-07T06:18:07.6655163Z [  70% ] [90m[1mupdate_scripts_classes[22m | [39m[0m
2026-10-07T06:18:07.6655440Z [  70% ] [90m[1mupdate_scripts_classes[22m | [39m[0m
2026-10-07T06:18:07.6655716Z [  70% ] [90m[1mupdate_scripts_classes[22m | [39m[0m
2026-10-07T06:18:07.6655994Z [  70% ] [90m[1mupdate_scripts_classes[22m | [39m[0m
2026-10-07T06:18:07.6656272Z [  70% ] [90m[1mupdate_scripts_classes[22m | [39m[0m
2026-10-07T06:18:07.6656553Z [  70% ] [90m[1mupdate_scripts_classes[22m | [39m[0m
2026-10-07T06:18:07.6656826Z [  70% ] [90m[1mupdate_scripts_classes[22m | [39m[0m
2026-10-07T06:18:07.6657260Z [  70% ] [90m[1mupdate_scripts_classes[22m | [39m[0m
2026-10-07T06:18:07.6657547Z [  70% ] [90m[1mupdate_scripts_classes[22m | [39m[0m
2026-10-07T06:18:07.6657824Z [  70% ] [90m[1mupdate_scripts_classes[22m | [39m[0m
2026-10-07T06:18:07.6658107Z [  70% ] [90m[1mupdate_scripts_classes[22m | [39m[0m
2026-10-07T06:18:07.6658386Z [  70% ] [90m[1mupdate_scripts_classes[22m | [39m[0m
2026-10-07T06:18:07.6658665Z [  70% ] [90m[1mupdate_scripts_classes[22m | [39m[0m
2026-10-07T06:18:07.6658936Z [  70% ] [90m[1mupdate_scripts_classes[22m | [39m[0m
2026-10-07T06:18:07.6659220Z [  70% ] [90m[1mupdate_scripts_classes[22m | [39m[0m
2026-10-07T06:18:07.6659502Z [  70% ] [90m[1mupdate_scripts_classes[22m | [39m[0m
2026-10-07T06:18:07.6659779Z [  70% ] [90m[1mupdate_scripts_classes[22m | [39m[0m
2026-10-07T06:18:07.6660265Z [  70% ] [90m[1mupdate_scripts_classes[22m | RoadCreatureVisibilityModel[39m[0m
2026-10-07T06:18:07.6660556Z [  70% ] [90m[1mupdate_scripts_classes[22m | [39m[0m
2026-10-07T06:18:07.6660845Z [  70% ] [90m[1mupdate_scripts_classes[22m | [39m[0m
2026-10-07T06:18:07.6661124Z [  70% ] [90m[1mupdate_scripts_classes[22m | [39m[0m
2026-10-07T06:18:07.6661405Z [  70% ] [90m[1mupdate_scripts_classes[22m | [39m[0m
2026-10-07T06:18:07.6661685Z [  70% ] [90m[1mupdate_scripts_classes[22m | [39m[0m
2026-10-07T06:18:07.6661959Z [  70% ] [90m[1mupdate_scripts_classes[22m | [39m[0m
2026-10-07T06:18:07.6662244Z [  70% ] [90m[1mupdate_scripts_classes[22m | [39m[0m
2026-10-07T06:18:07.6662755Z [  70% ] [90m[1mupdate_scripts_classes[22m | [39m[0m
2026-10-07T06:18:07.6663047Z [  70% ] [90m[1mupdate_scripts_classes[22m | [39m[0m
2026-10-07T06:18:07.6663327Z [  70% ] [90m[1mupdate_scripts_classes[22m | [39m[0m
2026-10-07T06:18:07.6663607Z [  70% ] [90m[1mupdate_scripts_classes[22m | [39m[0m
2026-10-07T06:18:07.6663889Z [  70% ] [90m[1mupdate_scripts_classes[22m | [39m[0m
2026-10-07T06:18:07.6664181Z [  70% ] [90m[1mupdate_scripts_classes[22m | [39m[0m
2026-10-07T06:18:07.6664460Z [  71% ] [90m[1mupdate_scripts_classes[22m | [39m[0m
2026-10-07T06:18:07.6664740Z [  71% ] [90m[1mupdate_scripts_classes[22m | [39m[0m
2026-10-07T06:18:07.6665022Z [  71% ] [90m[1mupdate_scripts_classes[22m | [39m[0m
2026-10-07T06:18:07.6665302Z [  71% ] [90m[1mupdate_scripts_classes[22m | [39m[0m
2026-10-07T06:18:07.6665582Z [  71% ] [90m[1mupdate_scripts_classes[22m | [39m[0m
2026-10-07T06:18:07.6665860Z [  71% ] [90m[1mupdate_scripts_classes[22m | [39m[0m
2026-10-07T06:18:07.6666134Z [  71% ] [90m[1mupdate_scripts_classes[22m | [39m[0m
2026-10-07T06:18:07.6666414Z [  71% ] [90m[1mupdate_scripts_classes[22m | [39m[0m
2026-10-07T06:18:07.6666701Z [  71% ] [90m[1mupdate_scripts_classes[22m | [39m[0m
2026-10-07T06:18:07.6666979Z [  71% ] [90m[1mupdate_scripts_classes[22m | [39m[0m
2026-10-07T06:18:07.6667257Z [  71% ] [90m[1mupdate_scripts_classes[22m | [39m[0m
2026-10-07T06:18:07.6667551Z [  71% ] [90m[1mupdate_scripts_classes[22m | [39m[0m
2026-10-07T06:18:07.6667834Z [  71% ] [90m[1mupdate_scripts_classes[22m | [39m[0m
2026-10-07T06:18:07.6668262Z [  71% ] [90m[1mupdate_scripts_classes[22m | [39m[0m
2026-10-07T06:18:07.6668549Z [  71% ] [90m[1mupdate_scripts_classes[22m | [39m[0m
2026-10-07T06:18:07.6668828Z [  71% ] [90m[1mupdate_scripts_classes[22m | [39m[0m
2026-10-07T06:18:07.6669111Z [  71% ] [90m[1mupdate_scripts_classes[22m | [39m[0m
2026-10-07T06:18:07.6669387Z [  71% ] [90m[1mupdate_scripts_classes[22m | [39m[0m
2026-10-07T06:18:07.6669668Z [  71% ] [90m[1mupdate_scripts_classes[22m | [39m[0m
2026-10-07T06:18:07.6669945Z [  71% ] [90m[1mupdate_scripts_classes[22m | [39m[0m
2026-10-07T06:18:07.6670220Z [  71% ] [90m[1mupdate_scripts_classes[22m | [39m[0m
2026-10-07T06:18:07.6670498Z [  71% ] [90m[1mupdate_scripts_classes[22m | [39m[0m
2026-10-07T06:18:07.6670774Z [  71% ] [90m[1mupdate_scripts_classes[22m | [39m[0m
2026-10-07T06:18:07.6671253Z [  71% ] [90m[1mupdate_scripts_classes[22m | [39m[0m
2026-10-07T06:18:07.6671536Z [  71% ] [90m[1mupdate_scripts_classes[22m | [39m[0m
2026-10-07T06:18:07.6671816Z [  71% ] [90m[1mupdate_scripts_classes[22m | [39m[0m
2026-10-07T06:18:07.6672100Z [  71% ] [90m[1mupdate_scripts_classes[22m | [39m[0m
2026-10-07T06:18:07.6672371Z [  71% ] [90m[1mupdate_scripts_classes[22m | [39m[0m
2026-10-07T06:18:07.6672846Z [  71% ] [90m[1mupdate_scripts_classes[22m | [39m[0m
2026-10-07T06:18:07.6673127Z [  71% ] [90m[1mupdate_scripts_classes[22m | [39m[0m
2026-10-07T06:18:07.6673407Z [  71% ] [90m[1mupdate_scripts_classes[22m | [39m[0m
2026-10-07T06:18:07.6673700Z [  72% ] [90m[1mupdate_scripts_classes[22m | [39m[0m
2026-10-07T06:18:07.6674000Z [  72% ] [90m[1mupdate_scripts_classes[22m | [39m[0m
2026-10-07T06:18:07.6674288Z [  72% ] [90m[1mupdate_scripts_classes[22m | [39m[0m
2026-10-07T06:18:07.6674562Z [  72% ] [90m[1mupdate_scripts_classes[22m | [39m[0m
2026-10-07T06:18:07.6674859Z [  72% ] [90m[1mupdate_scripts_classes[22m | [39m[0m
2026-10-07T06:18:07.6675142Z [  72% ] [90m[1mupdate_scripts_classes[22m | [39m[0m
2026-10-07T06:18:07.6675428Z [  72% ] [90m[1mupdate_scripts_classes[22m | [39m[0m
2026-10-07T06:18:07.6675698Z [  72% ] [90m[1mupdate_scripts_classes[22m | [39m[0m
2026-10-07T06:18:07.6675977Z [  72% ] [90m[1mupdate_scripts_classes[22m | [39m[0m
2026-10-07T06:18:07.6676256Z [  72% ] [90m[1mupdate_scripts_classes[22m | [39m[0m
2026-10-07T06:18:07.6676527Z [  72% ] [90m[1mupdate_scripts_classes[22m | [39m[0m
2026-10-07T06:18:07.6676806Z [  72% ] [90m[1mupdate_scripts_classes[22m | [39m[0m
2026-10-07T06:18:07.6677087Z [  72% ] [90m[1mupdate_scripts_classes[22m | [39m[0m
2026-10-07T06:18:07.6677364Z [  72% ] [90m[1mupdate_scripts_classes[22m | [39m[0m
2026-10-07T06:18:07.6677640Z [  72% ] [90m[1mupdate_scripts_classes[22m | [39m[0m
2026-10-07T06:18:07.6677923Z [  72% ] [90m[1mupdate_scripts_classes[22m | [39m[0m
2026-10-07T06:18:07.6678211Z [  72% ] [90m[1mupdate_scripts_classes[22m | [39m[0m
2026-10-07T06:18:07.6678487Z [  72% ] [90m[1mupdate_scripts_classes[22m | [39m[0m
2026-10-07T06:18:07.6678763Z [  72% ] [90m[1mupdate_scripts_classes[22m | [39m[0m
2026-10-07T06:18:07.6679043Z [  72% ] [90m[1mupdate_scripts_classes[22m | [39m[0m
2026-10-07T06:18:07.6679316Z [  72% ] [90m[1mupdate_scripts_classes[22m | [39m[0m
2026-10-07T06:18:07.6679593Z [  72% ] [90m[1mupdate_scripts_classes[22m | [39m[0m
2026-10-07T06:18:07.6679871Z [  72% ] [90m[1mupdate_scripts_classes[22m | [39m[0m
2026-10-07T06:18:07.6680147Z [  72% ] [90m[1mupdate_scripts_classes[22m | [39m[0m
2026-10-07T06:18:07.6680431Z [  72% ] [90m[1mupdate_scripts_classes[22m | [39m[0m
2026-10-07T06:18:07.6680736Z [  72% ] [90m[1mupdate_scripts_classes[22m | [39m[0m
2026-10-07T06:18:07.6681038Z [  72% ] [90m[1mupdate_scripts_classes[22m | [39m[0m
2026-10-07T06:18:07.6681362Z [  72% ] [90m[1mupdate_scripts_classes[22m | [39m[0m
2026-10-07T06:18:07.6681688Z [  72% ] [90m[1mupdate_scripts_classes[22m | [39m[0m
2026-10-07T06:18:07.6682282Z [  72% ] [90m[1mupdate_scripts_classes[22m | [39m[0m
2026-10-07T06:18:07.6682897Z [  72% ] [90m[1mupdate_scripts_classes[22m | [39m[0m
2026-10-07T06:18:07.6683221Z [  73% ] [90m[1mupdate_scripts_classes[22m | [39m[0m
2026-10-07T06:18:07.6683539Z [  73% ] [90m[1mupdate_scripts_classes[22m | [39m[0m
2026-10-07T06:18:07.6683850Z [  73% ] [90m[1mupdate_scripts_classes[22m | [39m[0m
2026-10-07T06:18:07.6684140Z [  73% ] [90m[1mupdate_scripts_classes[22m | [39m[0m
2026-10-07T06:18:07.6684421Z [  73% ] [90m[1mupdate_scripts_classes[22m | [39m[0m
2026-10-07T06:18:07.6684701Z [  73% ] [90m[1mupdate_scripts_classes[22m | [39m[0m
2026-10-07T06:18:07.6684988Z [  73% ] [90m[1mupdate_scripts_classes[22m | [39m[0m
2026-10-07T06:18:07.6685262Z [  73% ] [90m[1mupdate_scripts_classes[22m | [39m[0m
2026-10-07T06:18:07.6685734Z [  73% ] [90m[1mupdate_scripts_classes[22m | [39m[0m
2026-10-07T06:18:07.6686014Z [  73% ] [90m[1mupdate_scripts_classes[22m | [39m[0m
2026-10-07T06:18:07.6686306Z [  73% ] [90m[1mupdate_scripts_classes[22m | [39m[0m
2026-10-07T06:18:07.6686582Z [  73% ] [90m[1mupdate_scripts_classes[22m | [39m[0m
2026-10-07T06:18:07.6686863Z [  73% ] [90m[1mupdate_scripts_classes[22m | [39m[0m
2026-10-07T06:18:07.6687141Z [  73% ] [90m[1mupdate_scripts_classes[22m | [39m[0m
2026-10-07T06:18:07.6687416Z [  73% ] [90m[1mupdate_scripts_classes[22m | [39m[0m
2026-10-07T06:18:07.6687702Z [  73% ] [90m[1mupdate_scripts_classes[22m | [39m[0m
2026-10-07T06:18:07.6687977Z [  73% ] [90m[1mupdate_scripts_classes[22m | [39m[0m
2026-10-07T06:18:07.6688261Z [  73% ] [90m[1mupdate_scripts_classes[22m | [39m[0m
2026-10-07T06:18:07.6688532Z [  73% ] [90m[1mupdate_scripts_classes[22m | [39m[0m
2026-10-07T06:18:07.6688814Z [  73% ] [90m[1mupdate_scripts_classes[22m | [39m[0m
2026-10-07T06:18:07.6689098Z [  73% ] [90m[1mupdate_scripts_classes[22m | [39m[0m
2026-10-07T06:18:07.6689372Z [  73% ] [90m[1mupdate_scripts_classes[22m | [39m[0m
2026-10-07T06:18:07.6689651Z [  73% ] [90m[1mupdate_scripts_classes[22m | [39m[0m
2026-10-07T06:18:07.6689929Z [  73% ] [90m[1mupdate_scripts_classes[22m | [39m[0m
2026-10-07T06:18:07.6690210Z [  73% ] [90m[1mupdate_scripts_classes[22m | [39m[0m
2026-10-07T06:18:07.6690484Z [  73% ] [90m[1mupdate_scripts_classes[22m | [39m[0m
2026-10-07T06:18:07.6690763Z [  73% ] [90m[1mupdate_scripts_classes[22m | [39m[0m
2026-10-07T06:18:07.6691043Z [  73% ] [90m[1mupdate_scripts_classes[22m | [39m[0m
2026-10-07T06:18:07.6691314Z [  73% ] [90m[1mupdate_scripts_classes[22m | [39m[0m
2026-10-07T06:18:07.6691589Z [  73% ] [90m[1mupdate_scripts_classes[22m | [39m[0m
2026-10-07T06:18:07.6691871Z [  73% ] [90m[1mupdate_scripts_classes[22m | [39m[0m
2026-10-07T06:18:07.6692147Z [  74% ] [90m[1mupdate_scripts_classes[22m | [39m[0m
2026-10-07T06:18:07.6692583Z [  74% ] [90m[1mupdate_scripts_classes[22m | [39m[0m
2026-10-07T06:18:07.6692882Z [  74% ] [90m[1mupdate_scripts_classes[22m | [39m[0m
2026-10-07T06:18:07.6693167Z [  74% ] [90m[1mupdate_scripts_classes[22m | [39m[0m
2026-10-07T06:18:07.6693439Z [  74% ] [90m[1mupdate_scripts_classes[22m | [39m[0m
2026-10-07T06:18:07.6693722Z [  74% ] [90m[1mupdate_scripts_classes[22m | [39m[0m
2026-10-07T06:18:07.6694004Z [  74% ] [90m[1mupdate_scripts_classes[22m | [39m[0m
2026-10-07T06:18:07.6694286Z [  74% ] [90m[1mupdate_scripts_classes[22m | [39m[0m
2026-10-07T06:18:07.6694556Z [  74% ] [90m[1mupdate_scripts_classes[22m | [39m[0m
2026-10-07T06:18:07.6694833Z [  74% ] [90m[1mupdate_scripts_classes[22m | [39m[0m
2026-10-07T06:18:07.6695114Z [  74% ] [90m[1mupdate_scripts_classes[22m | [39m[0m
2026-10-07T06:18:07.6695383Z [  74% ] [90m[1mupdate_scripts_classes[22m | [39m[0m
2026-10-07T06:18:07.6695670Z [  74% ] [90m[1mupdate_scripts_classes[22m | [39m[0m
2026-10-07T06:18:07.6695946Z [  74% ] [90m[1mupdate_scripts_classes[22m | [39m[0m
2026-10-07T06:18:07.6696383Z [  74% ] [90m[1mupdate_scripts_classes[22m | [39m[0m
2026-10-07T06:18:07.6696672Z [  74% ] [90m[1mupdate_scripts_classes[22m | [39m[0m
2026-10-07T06:18:07.6696956Z [  74% ] [90m[1mupdate_scripts_classes[22m | [39m[0m
2026-10-07T06:18:07.6697235Z [  74% ] [90m[1mupdate_scripts_classes[22m | [39m[0m
2026-10-07T06:18:07.6697512Z [  74% ] [90m[1mupdate_scripts_classes[22m | [39m[0m
2026-10-07T06:18:07.6697787Z [  74% ] [90m[1mupdate_scripts_classes[22m | [39m[0m
2026-10-07T06:18:07.6698070Z [  74% ] [90m[1mupdate_scripts_classes[22m | [39m[0m
2026-10-07T06:18:07.6698347Z [  74% ] [90m[1mupdate_scripts_classes[22m | [39m[0m
2026-10-07T06:18:07.6698616Z [  74% ] [90m[1mupdate_scripts_classes[22m | [39m[0m
2026-10-07T06:18:07.6698893Z [  74% ] [90m[1mupdate_scripts_classes[22m | [39m[0m
2026-10-07T06:18:07.6699337Z [  74% ] [90m[1mupdate_scripts_classes[22m | [39m[0m
2026-10-07T06:18:07.6699609Z [  74% ] [90m[1mupdate_scripts_classes[22m | [39m[0m
2026-10-07T06:18:07.6699897Z [  74% ] [90m[1mupdate_scripts_classes[22m | [39m[0m
2026-10-07T06:18:07.6700174Z [  74% ] [90m[1mupdate_scripts_classes[22m | [39m[0m
2026-10-07T06:18:07.6700453Z [  74% ] [90m[1mupdate_scripts_classes[22m | [39m[0m
2026-10-07T06:18:07.6700725Z [  74% ] [90m[1mupdate_scripts_classes[22m | [39m[0m
2026-10-07T06:18:07.6701000Z [  74% ] [90m[1mupdate_scripts_classes[22m | [39m[0m
2026-10-07T06:18:07.6701278Z [  75% ] [90m[1mupdate_scripts_classes[22m | [39m[0m
2026-10-07T06:18:07.6701552Z [  75% ] [90m[1mupdate_scripts_classes[22m | [39m[0m
2026-10-07T06:18:07.6701828Z [  75% ] [90m[1mupdate_scripts_classes[22m | [39m[0m
2026-10-07T06:18:07.6702108Z [  75% ] [90m[1mupdate_scripts_classes[22m | [39m[0m
2026-10-07T06:18:07.6702389Z [  75% ] [90m[1mupdate_scripts_classes[22m | [39m[0m
2026-10-07T06:18:07.6702887Z [  75% ] [90m[1mupdate_scripts_classes[22m | [39m[0m
2026-10-07T06:18:07.6703180Z [  75% ] [90m[1mupdate_scripts_classes[22m | [39m[0m
2026-10-07T06:18:07.6703459Z [  75% ] [90m[1mupdate_scripts_classes[22m | [39m[0m
2026-10-07T06:18:07.6703738Z [  75% ] [90m[1mupdate_scripts_classes[22m | [39m[0m
2026-10-07T06:18:07.6704014Z [  75% ] [90m[1mupdate_scripts_classes[22m | [39m[0m
2026-10-07T06:18:07.6704310Z [  75% ] [90m[1mupdate_scripts_classes[22m | [39m[0m
2026-10-07T06:18:07.6704595Z [  75% ] [90m[1mupdate_scripts_classes[22m | [39m[0m
2026-10-07T06:18:07.6704869Z [  75% ] [90m[1mupdate_scripts_classes[22m | [39m[0m
2026-10-07T06:18:07.6705166Z [  75% ] [90m[1mupdate_scripts_classes[22m | [39m[0m
2026-10-07T06:18:07.6705461Z [  75% ] [90m[1mupdate_scripts_classes[22m | [39m[0m
2026-10-07T06:18:07.6705734Z [  75% ] [90m[1mupdate_scripts_classes[22m | [39m[0m
2026-10-07T06:18:07.6706023Z [  75% ] [90m[1mupdate_scripts_classes[22m | [39m[0m
2026-10-07T06:18:07.6706311Z [  75% ] [90m[1mupdate_scripts_classes[22m | [39m[0m
2026-10-07T06:18:07.6706593Z [  75% ] [90m[1mupdate_scripts_classes[22m | [39m[0m
2026-10-07T06:18:07.6706872Z [  75% ] [90m[1mupdate_scripts_classes[22m | [39m[0m
2026-10-07T06:18:07.6707147Z [  75% ] [90m[1mupdate_scripts_classes[22m | [39m[0m
2026-10-07T06:18:07.6707429Z [  75% ] [90m[1mupdate_scripts_classes[22m | [39m[0m
2026-10-07T06:18:07.6707698Z [  75% ] [90m[1mupdate_scripts_classes[22m | [39m[0m
2026-10-07T06:18:07.6707985Z [  75% ] [90m[1mupdate_scripts_classes[22m | [39m[0m
2026-10-07T06:18:07.6708261Z [  75% ] [90m[1mupdate_scripts_classes[22m | [39m[0m
2026-10-07T06:18:07.6708543Z [  75% ] [90m[1mupdate_scripts_classes[22m | [39m[0m
2026-10-07T06:18:07.6708819Z [  75% ] [90m[1mupdate_scripts_classes[22m | [39m[0m
2026-10-07T06:18:07.6709099Z [  75% ] [90m[1mupdate_scripts_classes[22m | [39m[0m
2026-10-07T06:18:07.6709385Z [  75% ] [90m[1mupdate_scripts_classes[22m | [39m[0m
2026-10-07T06:18:07.6709655Z [  75% ] [90m[1mupdate_scripts_classes[22m | [39m[0m
2026-10-07T06:18:07.6710128Z [  75% ] [90m[1mupdate_scripts_classes[22m | [39m[0m
2026-10-07T06:18:07.6710449Z [  76% ] [90m[1mupdate_scripts_classes[22m | [39m[0m
2026-10-07T06:18:07.6710742Z [  76% ] [90m[1mupdate_scripts_classes[22m | [39m[0m
2026-10-07T06:18:07.6711012Z [  76% ] [90m[1mupdate_scripts_classes[22m | [39m[0m
2026-10-07T06:18:07.6711294Z [  76% ] [90m[1mupdate_scripts_classes[22m | [39m[0m
2026-10-07T06:18:07.6711572Z [  76% ] [90m[1mupdate_scripts_classes[22m | [39m[0m
2026-10-07T06:18:07.6711878Z [  76% ] [90m[1mupdate_scripts_classes[22m | [39m[0m
2026-10-07T06:18:07.6712159Z [  76% ] [90m[1mupdate_scripts_classes[22m | [39m[0m
2026-10-07T06:18:07.6712660Z [  76% ] [90m[1mupdate_scripts_classes[22m | [39m[0m
2026-10-07T06:18:07.6712947Z [  76% ] [90m[1mupdate_scripts_classes[22m | [39m[0m
2026-10-07T06:18:07.6713423Z [  76% ] [90m[1mupdate_scripts_classes[22m | [39m[0m
2026-10-07T06:18:07.6713700Z [  76% ] [90m[1mupdate_scripts_classes[22m | [39m[0m
2026-10-07T06:18:07.6713994Z [  76% ] [90m[1mupdate_scripts_classes[22m | [39m[0m
2026-10-07T06:18:07.6714278Z [  76% ] [90m[1mupdate_scripts_classes[22m | [39m[0m
2026-10-07T06:18:07.6714552Z [  76% ] [90m[1mupdate_scripts_classes[22m | [39m[0m
2026-10-07T06:18:07.6714832Z [  76% ] [90m[1mupdate_scripts_classes[22m | [39m[0m
2026-10-07T06:18:07.6715112Z [  76% ] [90m[1mupdate_scripts_classes[22m | [39m[0m
2026-10-07T06:18:07.6715390Z [  76% ] [90m[1mupdate_scripts_classes[22m | [39m[0m
2026-10-07T06:18:07.6715665Z [  76% ] [90m[1mupdate_scripts_classes[22m | [39m[0m
2026-10-07T06:18:07.6715947Z [  76% ] [90m[1mupdate_scripts_classes[22m | [39m[0m
2026-10-07T06:18:07.6716227Z [  76% ] [90m[1mupdate_scripts_classes[22m | [39m[0m
2026-10-07T06:18:07.6716518Z [  76% ] [90m[1mupdate_scripts_classes[22m | [39m[0m
2026-10-07T06:18:07.6716858Z [  76% ] [90m[1mupdate_scripts_classes[22m | [39m[0m
2026-10-07T06:18:07.6717179Z [  76% ] [90m[1mupdate_scripts_classes[22m | [39m[0m
2026-10-07T06:18:07.6717470Z [  76% ] [90m[1mupdate_scripts_classes[22m | [39m[0m
2026-10-07T06:18:07.6717746Z [  76% ] [90m[1mupdate_scripts_classes[22m | [39m[0m
2026-10-07T06:18:07.6718026Z [  76% ] [90m[1mupdate_scripts_classes[22m | [39m[0m
2026-10-07T06:18:07.6718305Z [  76% ] [90m[1mupdate_scripts_classes[22m | [39m[0m
2026-10-07T06:18:07.6718574Z [  76% ] [90m[1mupdate_scripts_classes[22m | [39m[0m
2026-10-07T06:18:07.6718858Z [  76% ] [90m[1mupdate_scripts_classes[22m | [39m[0m
2026-10-07T06:18:07.6719135Z [  76% ] [90m[1mupdate_scripts_classes[22m | [39m[0m
2026-10-07T06:18:07.6719419Z [  76% ] [90m[1mupdate_scripts_classes[22m | [39m[0m
2026-10-07T06:18:07.6719695Z [  77% ] [90m[1mupdate_scripts_classes[22m | [39m[0m
2026-10-07T06:18:07.6719978Z [  77% ] [90m[1mupdate_scripts_classes[22m | [39m[0m
2026-10-07T06:18:07.6720265Z [  77% ] [90m[1mupdate_scripts_classes[22m | [39m[0m
2026-10-07T06:18:07.6720542Z [  77% ] [90m[1mupdate_scripts_classes[22m | [39m[0m
2026-10-07T06:18:07.6720822Z [  77% ] [90m[1mupdate_scripts_classes[22m | [39m[0m
2026-10-07T06:18:07.6721104Z [  77% ] [90m[1mupdate_scripts_classes[22m | [39m[0m
2026-10-07T06:18:07.6721389Z [  77% ] [90m[1mupdate_scripts_classes[22m | [39m[0m
2026-10-07T06:18:07.6721661Z [  77% ] [90m[1mupdate_scripts_classes[22m | [39m[0m
2026-10-07T06:18:07.6721941Z [  77% ] [90m[1mupdate_scripts_classes[22m | [39m[0m
2026-10-07T06:18:07.6722217Z [  77% ] [90m[1mupdate_scripts_classes[22m | [39m[0m
2026-10-07T06:18:07.6722730Z [  77% ] [90m[1mupdate_scripts_classes[22m | [39m[0m
2026-10-07T06:18:07.6723022Z [  77% ] [90m[1mupdate_scripts_classes[22m | [39m[0m
2026-10-07T06:18:07.6723300Z [  77% ] [90m[1mupdate_scripts_classes[22m | [39m[0m
2026-10-07T06:18:07.6723595Z [  77% ] [90m[1mupdate_scripts_classes[22m | [39m[0m
2026-10-07T06:18:07.6723901Z [  77% ] [90m[1mupdate_scripts_classes[22m | [39m[0m
2026-10-07T06:18:07.6724443Z [  77% ] [90m[1mupdate_scripts_classes[22m | [39m[0m
2026-10-07T06:18:07.6724797Z [  77% ] [90m[1mupdate_scripts_classes[22m | [39m[0m
2026-10-07T06:18:07.6725100Z [  77% ] [90m[1mupdate_scripts_classes[22m | [39m[0m
2026-10-07T06:18:07.6725410Z [  77% ] [90m[1mupdate_scripts_classes[22m | [39m[0m
2026-10-07T06:18:07.6725715Z [  77% ] [90m[1mupdate_scripts_classes[22m | [39m[0m
2026-10-07T06:18:07.6726028Z [  77% ] [90m[1mupdate_scripts_classes[22m | [39m[0m
2026-10-07T06:18:07.6726324Z [  77% ] [90m[1mupdate_scripts_classes[22m | [39m[0m
2026-10-07T06:18:07.6726639Z [  77% ] [90m[1mupdate_scripts_classes[22m | [39m[0m
2026-10-07T06:18:07.6726936Z [  77% ] [90m[1mupdate_scripts_classes[22m | [39m[0m
2026-10-07T06:18:07.6727210Z [  77% ] [90m[1mupdate_scripts_classes[22m | [39m[0m
2026-10-07T06:18:07.6727676Z [  77% ] [90m[1mupdate_scripts_classes[22m | [39m[0m
2026-10-07T06:18:07.6727966Z [  77% ] [90m[1mupdate_scripts_classes[22m | [39m[0m
2026-10-07T06:18:07.6728252Z [  77% ] [90m[1mupdate_scripts_classes[22m | [39m[0m
2026-10-07T06:18:07.6728529Z [  77% ] [90m[1mupdate_scripts_classes[22m | [39m[0m
2026-10-07T06:18:07.6728808Z [  77% ] [90m[1mupdate_scripts_classes[22m | [39m[0m
2026-10-07T06:18:07.6729090Z [  77% ] [90m[1mupdate_scripts_classes[22m | [39m[0m
2026-10-07T06:18:07.6729361Z [  78% ] [90m[1mupdate_scripts_classes[22m | [39m[0m
2026-10-07T06:18:07.6729635Z [  78% ] [90m[1mupdate_scripts_classes[22m | [39m[0m
2026-10-07T06:18:07.6729918Z [  78% ] [90m[1mupdate_scripts_classes[22m | [39m[0m
2026-10-07T06:18:07.6730195Z [  78% ] [90m[1mupdate_scripts_classes[22m | [39m[0m
2026-10-07T06:18:07.6730471Z [  78% ] [90m[1mupdate_scripts_classes[22m | [39m[0m
2026-10-07T06:18:07.6730749Z [  78% ] [90m[1mupdate_scripts_classes[22m | [39m[0m
2026-10-07T06:18:07.6731034Z [  78% ] [90m[1mupdate_scripts_classes[22m | [39m[0m
2026-10-07T06:18:07.6731304Z [  78% ] [90m[1mupdate_scripts_classes[22m | [39m[0m
2026-10-07T06:18:07.6731589Z [  78% ] [90m[1mupdate_scripts_classes[22m | [39m[0m
2026-10-07T06:18:07.6731869Z [  78% ] [90m[1mupdate_scripts_classes[22m | [39m[0m
2026-10-07T06:18:07.6732152Z [  78% ] [90m[1mupdate_scripts_classes[22m | [39m[0m
2026-10-07T06:18:07.6732643Z [  78% ] [90m[1mupdate_scripts_classes[22m | [39m[0m
2026-10-07T06:18:07.6732942Z [  78% ] [90m[1mupdate_scripts_classes[22m | [39m[0m
2026-10-07T06:18:07.6733230Z [  78% ] [90m[1mupdate_scripts_classes[22m | [39m[0m
2026-10-07T06:18:07.6733505Z [  78% ] [90m[1mupdate_scripts_classes[22m | [39m[0m
2026-10-07T06:18:07.6733790Z [  78% ] [90m[1mupdate_scripts_classes[22m | [39m[0m
2026-10-07T06:18:07.6734069Z [  78% ] [90m[1mupdate_scripts_classes[22m | [39m[0m
2026-10-07T06:18:07.6734352Z [  78% ] [90m[1mupdate_scripts_classes[22m | [39m[0m
2026-10-07T06:18:07.6734630Z [  78% ] [90m[1mupdate_scripts_classes[22m | [39m[0m
2026-10-07T06:18:07.6734918Z [  78% ] [90m[1mupdate_scripts_classes[22m | [39m[0m
2026-10-07T06:18:07.6735199Z [  78% ] [90m[1mupdate_scripts_classes[22m | [39m[0m
2026-10-07T06:18:07.6735469Z [  78% ] [90m[1mupdate_scripts_classes[22m | [39m[0m
2026-10-07T06:18:07.6735746Z [  78% ] [90m[1mupdate_scripts_classes[22m | [39m[0m
2026-10-07T06:18:07.6736025Z [  78% ] [90m[1mupdate_scripts_classes[22m | [39m[0m
2026-10-07T06:18:07.6736304Z [  78% ] [90m[1mupdate_scripts_classes[22m | [39m[0m
2026-10-07T06:18:07.6736589Z [  78% ] [90m[1mupdate_scripts_classes[22m | [39m[0m
2026-10-07T06:18:07.6736868Z [  78% ] [90m[1mupdate_scripts_classes[22m | [39m[0m
2026-10-07T06:18:07.6737150Z [  78% ] [90m[1mupdate_scripts_classes[22m | [39m[0m
2026-10-07T06:18:07.6737421Z [  78% ] [90m[1mupdate_scripts_classes[22m | [39m[0m
2026-10-07T06:18:07.6737697Z [  78% ] [90m[1mupdate_scripts_classes[22m | [39m[0m
2026-10-07T06:18:07.6737984Z [  78% ] [90m[1mupdate_scripts_classes[22m | [39m[0m
2026-10-07T06:18:07.6738416Z [  79% ] [90m[1mupdate_scripts_classes[22m | [39m[0m
2026-10-07T06:18:07.6738698Z [  79% ] [90m[1mupdate_scripts_classes[22m | [39m[0m
2026-10-07T06:18:07.6738981Z [  79% ] [90m[1mupdate_scripts_classes[22m | [39m[0m
2026-10-07T06:18:07.6739258Z [  79% ] [90m[1mupdate_scripts_classes[22m | [39m[0m
2026-10-07T06:18:07.6739528Z [  79% ] [90m[1mupdate_scripts_classes[22m | [39m[0m
2026-10-07T06:18:07.6739816Z [  79% ] [90m[1mupdate_scripts_classes[22m | [39m[0m
2026-10-07T06:18:07.6740096Z [  79% ] [90m[1mupdate_scripts_classes[22m | [39m[0m
2026-10-07T06:18:07.6740380Z [  79% ] [90m[1mupdate_scripts_classes[22m | [39m[0m
2026-10-07T06:18:07.6740649Z [  79% ] [90m[1mupdate_scripts_classes[22m | [39m[0m
2026-10-07T06:18:07.6740925Z [  79% ] [90m[1mupdate_scripts_classes[22m | [39m[0m
2026-10-07T06:18:07.6741356Z [  79% ] [90m[1mupdate_scripts_classes[22m | [39m[0m
2026-10-07T06:18:07.6741632Z [  79% ] [90m[1mupdate_scripts_classes[22m | [39m[0m
2026-10-07T06:18:07.6741913Z [  79% ] [90m[1mupdate_scripts_classes[22m | [39m[0m
2026-10-07T06:18:07.6742213Z [  79% ] [90m[1mupdate_scripts_classes[22m | [39m[0m
2026-10-07T06:18:07.6742689Z [  79% ] [90m[1mupdate_scripts_classes[22m | [39m[0m
2026-10-07T06:18:07.6742976Z [  79% ] [90m[1mupdate_scripts_classes[22m | [39m[0m
2026-10-07T06:18:07.6743290Z [  79% ] [90m[1mupdate_scripts_classes[22m | [39m[0m
2026-10-07T06:18:07.6743574Z [  79% ] [90m[1mupdate_scripts_classes[22m | [39m[0m
2026-10-07T06:18:07.6743847Z [  79% ] [90m[1mupdate_scripts_classes[22m | [39m[0m
2026-10-07T06:18:07.6744142Z [  79% ] [90m[1mupdate_scripts_classes[22m | [39m[0m
2026-10-07T06:18:07.6744423Z [  79% ] [90m[1mupdate_scripts_classes[22m | [39m[0m
2026-10-07T06:18:07.6744702Z [  79% ] [90m[1mupdate_scripts_classes[22m | [39m[0m
2026-10-07T06:18:07.6744982Z [  79% ] [90m[1mupdate_scripts_classes[22m | [39m[0m
2026-10-07T06:18:07.6745262Z [  79% ] [90m[1mupdate_scripts_classes[22m | [39m[0m
2026-10-07T06:18:07.6745543Z [  79% ] [90m[1mupdate_scripts_classes[22m | [39m[0m
2026-10-07T06:18:07.6745818Z [  79% ] [90m[1mupdate_scripts_classes[22m | [39m[0m
2026-10-07T06:18:07.6746103Z [  79% ] [90m[1mupdate_scripts_classes[22m | [39m[0m
2026-10-07T06:18:07.6746382Z [  79% ] [90m[1mupdate_scripts_classes[22m | [39m[0m
2026-10-07T06:18:07.6746684Z [  79% ] [90m[1mupdate_scripts_classes[22m | [39m[0m
2026-10-07T06:18:07.6746959Z [  79% ] [90m[1mupdate_scripts_classes[22m | [39m[0m
2026-10-07T06:18:07.6747237Z [  79% ] [90m[1mupdate_scripts_classes[22m | [39m[0m
2026-10-07T06:18:07.6747517Z [  80% ] [90m[1mupdate_scripts_classes[22m | [39m[0m
2026-10-07T06:18:07.6747791Z [  80% ] [90m[1mupdate_scripts_classes[22m | [39m[0m
2026-10-07T06:18:07.6748070Z [  80% ] [90m[1mupdate_scripts_classes[22m | [39m[0m
2026-10-07T06:18:07.6748366Z [  80% ] [90m[1mupdate_scripts_classes[22m | [39m[0m
2026-10-07T06:18:07.6748664Z [  80% ] [90m[1mupdate_scripts_classes[22m | [39m[0m
2026-10-07T06:18:07.6748936Z [  80% ] [90m[1mupdate_scripts_classes[22m | [39m[0m
2026-10-07T06:18:07.6749217Z [  80% ] [90m[1mupdate_scripts_classes[22m | [39m[0m
2026-10-07T06:18:07.6749493Z [  80% ] [90m[1mupdate_scripts_classes[22m | [39m[0m
2026-10-07T06:18:07.6749780Z [  80% ] [90m[1mupdate_scripts_classes[22m | [39m[0m
2026-10-07T06:18:07.6750067Z [  80% ] [90m[1mupdate_scripts_classes[22m | [39m[0m
2026-10-07T06:18:07.6750346Z [  80% ] [90m[1mupdate_scripts_classes[22m | [39m[0m
2026-10-07T06:18:07.6750624Z [  80% ] [90m[1mupdate_scripts_classes[22m | [39m[0m
2026-10-07T06:18:07.6750967Z [  80% ] [90m[1mupdate_scripts_classes[22m | [39m[0m
2026-10-07T06:18:07.6751253Z [  80% ] [90m[1mupdate_scripts_classes[22m | [39m[0m
2026-10-07T06:18:07.6751531Z [  80% ] [90m[1mupdate_scripts_classes[22m | [39m[0m
2026-10-07T06:18:07.6751811Z [  80% ] [90m[1mupdate_scripts_classes[22m | [39m[0m
2026-10-07T06:18:07.6752257Z [  80% ] [90m[1mupdate_scripts_classes[22m | [39m[0m
2026-10-07T06:18:07.6752726Z [  80% ] [90m[1mupdate_scripts_classes[22m | [39m[0m
2026-10-07T06:18:07.6753012Z [  80% ] [90m[1mupdate_scripts_classes[22m | [39m[0m
2026-10-07T06:18:07.6753289Z [  80% ] [90m[1mupdate_scripts_classes[22m | [39m[0m
2026-10-07T06:18:07.6753566Z [  80% ] [90m[1mupdate_scripts_classes[22m | [39m[0m
2026-10-07T06:18:07.6753843Z [  80% ] [90m[1mupdate_scripts_classes[22m | [39m[0m
2026-10-07T06:18:07.6754114Z [  80% ] [90m[1mupdate_scripts_classes[22m | [39m[0m
2026-10-07T06:18:07.6754394Z [  80% ] [90m[1mupdate_scripts_classes[22m | [39m[0m
2026-10-07T06:18:07.6754673Z [  80% ] [90m[1mupdate_scripts_classes[22m | [39m[0m
2026-10-07T06:18:07.6754960Z [  80% ] [90m[1mupdate_scripts_classes[22m | [39m[0m
2026-10-07T06:18:07.6755423Z [  80% ] [90m[1mupdate_scripts_classes[22m | [39m[0m
2026-10-07T06:18:07.6755713Z [  80% ] [90m[1mupdate_scripts_classes[22m | [39m[0m
2026-10-07T06:18:07.6756006Z [  80% ] [90m[1mupdate_scripts_classes[22m | [39m[0m
2026-10-07T06:18:07.6756284Z [  80% ] [90m[1mupdate_scripts_classes[22m | [39m[0m
2026-10-07T06:18:07.6756565Z [  80% ] [90m[1mupdate_scripts_classes[22m | [39m[0m
2026-10-07T06:18:07.6756844Z [  81% ] [90m[1mupdate_scripts_classes[22m | [39m[0m
2026-10-07T06:18:07.6757130Z [  81% ] [90m[1mupdate_scripts_classes[22m | [39m[0m
2026-10-07T06:18:07.6757401Z [  81% ] [90m[1mupdate_scripts_classes[22m | [39m[0m
2026-10-07T06:18:07.6757684Z [  81% ] [90m[1mupdate_scripts_classes[22m | [39m[0m
2026-10-07T06:18:07.6757964Z [  81% ] [90m[1mupdate_scripts_classes[22m | [39m[0m
2026-10-07T06:18:07.6758243Z [  81% ] [90m[1mupdate_scripts_classes[22m | [39m[0m
2026-10-07T06:18:07.6758524Z [  81% ] [90m[1mupdate_scripts_classes[22m | [39m[0m
2026-10-07T06:18:07.6758815Z [  81% ] [90m[1mupdate_scripts_classes[22m | [39m[0m
2026-10-07T06:18:07.6759094Z [  81% ] [90m[1mupdate_scripts_classes[22m | [39m[0m
2026-10-07T06:18:07.6759379Z [  81% ] [90m[1mupdate_scripts_classes[22m | [39m[0m
2026-10-07T06:18:07.6759679Z [  81% ] [90m[1mupdate_scripts_classes[22m | [39m[0m
2026-10-07T06:18:07.6759988Z [  81% ] [90m[1mupdate_scripts_classes[22m | [39m[0m
2026-10-07T06:18:07.6760271Z [  81% ] [90m[1mupdate_scripts_classes[22m | [39m[0m
2026-10-07T06:18:07.6760558Z [  81% ] [90m[1mupdate_scripts_classes[22m | [39m[0m
2026-10-07T06:18:07.6760836Z [  81% ] [90m[1mupdate_scripts_classes[22m | [39m[0m
2026-10-07T06:18:07.6761117Z [  81% ] [90m[1mupdate_scripts_classes[22m | [39m[0m
2026-10-07T06:18:07.6761397Z [  81% ] [90m[1mupdate_scripts_classes[22m | [39m[0m
2026-10-07T06:18:07.6761673Z [  81% ] [90m[1mupdate_scripts_classes[22m | [39m[0m
2026-10-07T06:18:07.6761951Z [  81% ] [90m[1mupdate_scripts_classes[22m | [39m[0m
2026-10-07T06:18:07.6762230Z [  81% ] [90m[1mupdate_scripts_classes[22m | [39m[0m
2026-10-07T06:18:07.6762798Z [  81% ] [90m[1mupdate_scripts_classes[22m | [39m[0m
2026-10-07T06:18:07.6763154Z [  81% ] [90m[1mupdate_scripts_classes[22m | [39m[0m
2026-10-07T06:18:07.6763334Z [  81% ] [90m[1mupdate_scripts_classes[22m | [39m[0m
2026-10-07T06:18:07.6763493Z [  81% ] [90m[1mupdate_scripts_classes[22m | [39m[0m
2026-10-07T06:18:07.6763667Z [  81% ] [90m[1mupdate_scripts_classes[22m | [39m[0m
2026-10-07T06:18:07.6763841Z [  81% ] [90m[1mupdate_scripts_classes[22m | [39m[0m
2026-10-07T06:18:07.6764009Z [  81% ] [90m[1mupdate_scripts_classes[22m | [39m[0m
2026-10-07T06:18:07.6764172Z [  81% ] [90m[1mupdate_scripts_classes[22m | [39m[0m
2026-10-07T06:18:07.6764335Z [  81% ] [90m[1mupdate_scripts_classes[22m | [39m[0m
2026-10-07T06:18:07.6764498Z [  81% ] [90m[1mupdate_scripts_classes[22m | [39m[0m
2026-10-07T06:18:07.6764655Z [  81% ] [90m[1mupdate_scripts_classes[22m | [39m[0m
2026-10-07T06:18:07.6764830Z [  82% ] [90m[1mupdate_scripts_classes[22m | [39m[0m
2026-10-07T06:18:07.6765139Z [  82% ] [90m[1mupdate_scripts_classes[22m | [39m[0m
2026-10-07T06:18:07.6765322Z [  82% ] [90m[1mupdate_scripts_classes[22m | [39m[0m
2026-10-07T06:18:07.6765489Z [  82% ] [90m[1mupdate_scripts_classes[22m | [39m[0m
2026-10-07T06:18:07.6765652Z [  82% ] [90m[1mupdate_scripts_classes[22m | [39m[0m
2026-10-07T06:18:07.6765820Z [  82% ] [90m[1mupdate_scripts_classes[22m | [39m[0m
2026-10-07T06:18:07.6765976Z [  82% ] [90m[1mupdate_scripts_classes[22m | [39m[0m
2026-10-07T06:18:07.6766150Z [  82% ] [90m[1mupdate_scripts_classes[22m | [39m[0m
2026-10-07T06:18:07.6766313Z [  82% ] [90m[1mupdate_scripts_classes[22m | [39m[0m
2026-10-07T06:18:07.6766470Z [  82% ] [90m[1mupdate_scripts_classes[22m | [39m[0m
2026-10-07T06:18:07.6766632Z [  82% ] [90m[1mupdate_scripts_classes[22m | [39m[0m
2026-10-07T06:18:07.6766795Z [  82% ] [90m[1mupdate_scripts_classes[22m | [39m[0m
2026-10-07T06:18:07.6767104Z [  82% ] [90m[1mupdate_scripts_classes[22m | [39m[0m
2026-10-07T06:18:07.6767266Z [  82% ] [90m[1mupdate_scripts_classes[22m | [39m[0m
2026-10-07T06:18:07.6767432Z [  82% ] [90m[1mupdate_scripts_classes[22m | [39m[0m
2026-10-07T06:18:07.6767594Z [  82% ] [90m[1mupdate_scripts_classes[22m | [39m[0m
2026-10-07T06:18:07.6767751Z [  82% ] [90m[1mupdate_scripts_classes[22m | [39m[0m
2026-10-07T06:18:07.6767912Z [  82% ] [90m[1mupdate_scripts_classes[22m | [39m[0m
2026-10-07T06:18:07.6768075Z [  82% ] [90m[1mupdate_scripts_classes[22m | [39m[0m
2026-10-07T06:18:07.6768241Z [  82% ] [90m[1mupdate_scripts_classes[22m | [39m[0m
2026-10-07T06:18:07.6768523Z [  82% ] [90m[1mupdate_scripts_classes[22m | [39m[0m
2026-10-07T06:18:07.6768821Z [  82% ] [90m[1mupdate_scripts_classes[22m | [39m[0m
2026-10-07T06:18:07.6769113Z [  82% ] [90m[1mupdate_scripts_classes[22m | [39m[0m
2026-10-07T06:18:07.6769406Z [  82% ] [90m[1mupdate_scripts_classes[22m | [39m[0m
2026-10-07T06:18:07.6769697Z [  82% ] [90m[1mupdate_scripts_classes[22m | [39m[0m
2026-10-07T06:18:07.6769875Z [  82% ] [90m[1mupdate_scripts_classes[22m | [39m[0m
2026-10-07T06:18:07.6770041Z [  82% ] [90m[1mupdate_scripts_classes[22m | [39m[0m
2026-10-07T06:18:07.6770200Z [  82% ] [90m[1mupdate_scripts_classes[22m | [39m[0m
2026-10-07T06:18:07.6770367Z [  82% ] [90m[1mupdate_scripts_classes[22m | [39m[0m
2026-10-07T06:18:07.6770532Z [  82% ] [90m[1mupdate_scripts_classes[22m | [39m[0m
2026-10-07T06:18:07.6770690Z [  82% ] [90m[1mupdate_scripts_classes[22m | [39m[0m
2026-10-07T06:18:07.6770851Z [  83% ] [90m[1mupdate_scripts_classes[22m | [39m[0m
2026-10-07T06:18:07.6771013Z [  83% ] [90m[1mupdate_scripts_classes[22m | [39m[0m
2026-10-07T06:18:07.6771177Z [  83% ] [90m[1mupdate_scripts_classes[22m | [39m[0m
2026-10-07T06:18:07.6771335Z [  83% ] [90m[1mupdate_scripts_classes[22m | [39m[0m
2026-10-07T06:18:07.6771502Z [  83% ] [90m[1mupdate_scripts_classes[22m | [39m[0m
2026-10-07T06:18:07.6771666Z [  83% ] [90m[1mupdate_scripts_classes[22m | [39m[0m
2026-10-07T06:18:07.6771828Z [  83% ] [90m[1mupdate_scripts_classes[22m | [39m[0m
2026-10-07T06:18:07.6771991Z [  83% ] [90m[1mupdate_scripts_classes[22m | [39m[0m
2026-10-07T06:18:07.6772156Z [  83% ] [90m[1mupdate_scripts_classes[22m | [39m[0m
2026-10-07T06:18:07.6772321Z [  83% ] [90m[1mupdate_scripts_classes[22m | [39m[0m
2026-10-07T06:18:07.6772629Z [  83% ] [90m[1mupdate_scripts_classes[22m | [39m[0m
2026-10-07T06:18:07.6772806Z [  83% ] [90m[1mupdate_scripts_classes[22m | [39m[0m
2026-10-07T06:18:07.6772973Z [  83% ] [90m[1mupdate_scripts_classes[22m | [39m[0m
2026-10-07T06:18:07.6773136Z [  83% ] [90m[1mupdate_scripts_classes[22m | [39m[0m
2026-10-07T06:18:07.6773301Z [  83% ] [90m[1mupdate_scripts_classes[22m | [39m[0m
2026-10-07T06:18:07.6773469Z [  83% ] [90m[1mupdate_scripts_classes[22m | [39m[0m
2026-10-07T06:18:07.6773637Z [  83% ] [90m[1mupdate_scripts_classes[22m | [39m[0m
2026-10-07T06:18:07.6773967Z [  83% ] [90m[1mupdate_scripts_classes[22m | [39m[0m
2026-10-07T06:18:07.6774142Z [  83% ] [90m[1mupdate_scripts_classes[22m | [39m[0m
2026-10-07T06:18:07.6774305Z [  83% ] [90m[1mupdate_scripts_classes[22m | [39m[0m
2026-10-07T06:18:07.6774463Z [  83% ] [90m[1mupdate_scripts_classes[22m | [39m[0m
2026-10-07T06:18:07.6774627Z [  83% ] [90m[1mupdate_scripts_classes[22m | [39m[0m
2026-10-07T06:18:07.6774795Z [  83% ] [90m[1mupdate_scripts_classes[22m | [39m[0m
2026-10-07T06:18:07.6774957Z [  83% ] [90m[1mupdate_scripts_classes[22m | [39m[0m
2026-10-07T06:18:07.6775113Z [  83% ] [90m[1mupdate_scripts_classes[22m | [39m[0m
2026-10-07T06:18:07.6775277Z [  83% ] [90m[1mupdate_scripts_classes[22m | [39m[0m
2026-10-07T06:18:07.6775441Z [  83% ] [90m[1mupdate_scripts_classes[22m | [39m[0m
2026-10-07T06:18:07.6775599Z [  83% ] [90m[1mupdate_scripts_classes[22m | [39m[0m
2026-10-07T06:18:07.6775872Z [  83% ] [90m[1mupdate_scripts_classes[22m | [39m[0m
2026-10-07T06:18:07.6776039Z [  83% ] [90m[1mupdate_scripts_classes[22m | [39m[0m
2026-10-07T06:18:07.6776201Z [  83% ] [90m[1mupdate_scripts_classes[22m | [39m[0m
2026-10-07T06:18:07.6776359Z [  84% ] [90m[1mupdate_scripts_classes[22m | [39m[0m
2026-10-07T06:18:07.6776521Z [  84% ] [90m[1mupdate_scripts_classes[22m | [39m[0m
2026-10-07T06:18:07.6776684Z [  84% ] [90m[1mupdate_scripts_classes[22m | [39m[0m
2026-10-07T06:18:07.6776841Z [  84% ] [90m[1mupdate_scripts_classes[22m | [39m[0m
2026-10-07T06:18:07.6777001Z [  84% ] [90m[1mupdate_scripts_classes[22m | [39m[0m
2026-10-07T06:18:07.6777163Z [  84% ] [90m[1mupdate_scripts_classes[22m | [39m[0m
2026-10-07T06:18:07.6777327Z [  84% ] [90m[1mupdate_scripts_classes[22m | [39m[0m
2026-10-07T06:18:07.6777484Z [  84% ] [90m[1mupdate_scripts_classes[22m | [39m[0m
2026-10-07T06:18:07.6777651Z [  84% ] [90m[1mupdate_scripts_classes[22m | [39m[0m
2026-10-07T06:18:07.6777813Z [  84% ] [90m[1mupdate_scripts_classes[22m | [39m[0m
2026-10-07T06:18:07.6777971Z [  84% ] [90m[1mupdate_scripts_classes[22m | [39m[0m
2026-10-07T06:18:07.6778134Z [  84% ] [90m[1mupdate_scripts_classes[22m | [39m[0m
2026-10-07T06:18:07.6778295Z [  84% ] [90m[1mupdate_scripts_classes[22m | [39m[0m
2026-10-07T06:18:07.6778461Z [  84% ] [90m[1mupdate_scripts_classes[22m | [39m[0m
2026-10-07T06:18:07.6778619Z [  84% ] [90m[1mupdate_scripts_classes[22m | [39m[0m
2026-10-07T06:18:07.6778784Z [  84% ] [90m[1mupdate_scripts_classes[22m | [39m[0m
2026-10-07T06:18:07.6778946Z [  84% ] [90m[1mupdate_scripts_classes[22m | [39m[0m
2026-10-07T06:18:07.6779104Z [  84% ] [90m[1mupdate_scripts_classes[22m | [39m[0m
2026-10-07T06:18:07.6779271Z [  84% ] [90m[1mupdate_scripts_classes[22m | [39m[0m
2026-10-07T06:18:07.6779433Z [  84% ] [90m[1mupdate_scripts_classes[22m | [39m[0m
2026-10-07T06:18:07.6779601Z [  84% ] [90m[1mupdate_scripts_classes[22m | [39m[0m
2026-10-07T06:18:07.6779759Z [  84% ] [90m[1mupdate_scripts_classes[22m | [39m[0m
2026-10-07T06:18:07.6779922Z [  84% ] [90m[1mupdate_scripts_classes[22m | [39m[0m
2026-10-07T06:18:07.6780083Z [  84% ] [90m[1mupdate_scripts_classes[22m | [39m[0m
2026-10-07T06:18:07.6780238Z [  84% ] [90m[1mupdate_scripts_classes[22m | [39m[0m
2026-10-07T06:18:07.6780399Z [  84% ] [90m[1mupdate_scripts_classes[22m | [39m[0m
2026-10-07T06:18:07.6780561Z [  84% ] [90m[1mupdate_scripts_classes[22m | [39m[0m
2026-10-07T06:18:07.6780725Z [  84% ] [90m[1mupdate_scripts_classes[22m | [39m[0m
2026-10-07T06:18:07.6780882Z [  84% ] [90m[1mupdate_scripts_classes[22m | [39m[0m
2026-10-07T06:18:07.6781044Z [  84% ] [90m[1mupdate_scripts_classes[22m | [39m[0m
2026-10-07T06:18:07.6781207Z [  84% ] [90m[1mupdate_scripts_classes[22m | [39m[0m
2026-10-07T06:18:07.6781365Z [  85% ] [90m[1mupdate_scripts_classes[22m | [39m[0m
2026-10-07T06:18:07.6781532Z [  85% ] [90m[1mupdate_scripts_classes[22m | [39m[0m
2026-10-07T06:18:07.6781782Z [  85% ] [90m[1mupdate_scripts_classes[22m | [39m[0m
2026-10-07T06:18:07.6781951Z [  85% ] [90m[1mupdate_scripts_classes[22m | [39m[0m
2026-10-07T06:18:07.6782108Z [  85% ] [90m[1mupdate_scripts_classes[22m | [39m[0m
2026-10-07T06:18:07.6782272Z [  85% ] [90m[1mupdate_scripts_classes[22m | [39m[0m
2026-10-07T06:18:07.6782611Z [  85% ] [90m[1mupdate_scripts_classes[22m | [39m[0m
2026-10-07T06:18:07.6782788Z [  85% ] [90m[1mupdate_scripts_classes[22m | [39m[0m
2026-10-07T06:18:07.6782956Z [  85% ] [90m[1mupdate_scripts_classes[22m | [39m[0m
2026-10-07T06:18:07.6783129Z [  85% ] [90m[1mupdate_scripts_classes[22m | [39m[0m
2026-10-07T06:18:07.6783306Z [  85% ] [90m[1mupdate_scripts_classes[22m | [39m[0m
2026-10-07T06:18:07.6783472Z [  85% ] [90m[1mupdate_scripts_classes[22m | [39m[0m
2026-10-07T06:18:07.6783636Z [  85% ] [90m[1mupdate_scripts_classes[22m | [39m[0m
2026-10-07T06:18:07.6783929Z [  85% ] [90m[1mupdate_scripts_classes[22m | [39m[0m
2026-10-07T06:18:07.6784097Z [  85% ] [90m[1mupdate_scripts_classes[22m | [39m[0m
2026-10-07T06:18:07.6784261Z [  85% ] [90m[1mupdate_scripts_classes[22m | [39m[0m
2026-10-07T06:18:07.6784423Z [  85% ] [90m[1mupdate_scripts_classes[22m | [39m[0m
2026-10-07T06:18:07.6784586Z [  85% ] [90m[1mupdate_scripts_classes[22m | [39m[0m
2026-10-07T06:18:07.6784743Z [  85% ] [90m[1mupdate_scripts_classes[22m | [39m[0m
2026-10-07T06:18:07.6784904Z [  85% ] [90m[1mupdate_scripts_classes[22m | [39m[0m
2026-10-07T06:18:07.6785065Z [  85% ] [90m[1mupdate_scripts_classes[22m | [39m[0m
2026-10-07T06:18:07.6785221Z [  85% ] [90m[1mupdate_scripts_classes[22m | [39m[0m
2026-10-07T06:18:07.6785382Z [  85% ] [90m[1mupdate_scripts_classes[22m | [39m[0m
2026-10-07T06:18:07.6785560Z [  85% ] [90m[1mupdate_scripts_classes[22m | [39m[0m
2026-10-07T06:18:07.6785727Z [  85% ] [90m[1mupdate_scripts_classes[22m | [39m[0m
2026-10-07T06:18:07.6785888Z [  85% ] [90m[1mupdate_scripts_classes[22m | [39m[0m
2026-10-07T06:18:07.6786053Z [  85% ] [90m[1mupdate_scripts_classes[22m | [39m[0m
2026-10-07T06:18:07.6786221Z [  85% ] [90m[1mupdate_scripts_classes[22m | [39m[0m
2026-10-07T06:18:07.6786377Z [  85% ] [90m[1mupdate_scripts_classes[22m | [39m[0m
2026-10-07T06:18:07.6786541Z [  85% ] [90m[1mupdate_scripts_classes[22m | [39m[0m
2026-10-07T06:18:07.6786704Z [  85% ] [90m[1mupdate_scripts_classes[22m | [39m[0m
2026-10-07T06:18:07.6786868Z [  86% ] [90m[1mupdate_scripts_classes[22m | [39m[0m
2026-10-07T06:18:07.6787028Z [  86% ] [90m[1mupdate_scripts_classes[22m | [39m[0m
2026-10-07T06:18:07.6787190Z [  86% ] [90m[1mupdate_scripts_classes[22m | [39m[0m
2026-10-07T06:18:07.6787353Z [  86% ] [90m[1mupdate_scripts_classes[22m | [39m[0m
2026-10-07T06:18:07.6787519Z [  86% ] [90m[1mupdate_scripts_classes[22m | [39m[0m
2026-10-07T06:18:07.6787687Z [  86% ] [90m[1mupdate_scripts_classes[22m | [39m[0m
2026-10-07T06:18:07.6787851Z [  86% ] [90m[1mupdate_scripts_classes[22m | [39m[0m
2026-10-07T06:18:07.6788018Z [  86% ] [90m[1mupdate_scripts_classes[22m | [39m[0m
2026-10-07T06:18:07.6788175Z [  86% ] [90m[1mupdate_scripts_classes[22m | [39m[0m
2026-10-07T06:18:07.6788340Z [  86% ] [90m[1mupdate_scripts_classes[22m | [39m[0m
2026-10-07T06:18:07.6788503Z [  86% ] [90m[1mupdate_scripts_classes[22m | [39m[0m
2026-10-07T06:18:07.6788660Z [  86% ] [90m[1mupdate_scripts_classes[22m | [39m[0m
2026-10-07T06:18:07.6788823Z [  86% ] [90m[1mupdate_scripts_classes[22m | [39m[0m
2026-10-07T06:18:07.6788985Z [  86% ] [90m[1mupdate_scripts_classes[22m | [39m[0m
2026-10-07T06:18:07.6789147Z [  86% ] [90m[1mupdate_scripts_classes[22m | [39m[0m
2026-10-07T06:18:07.6789305Z [  86% ] [90m[1mupdate_scripts_classes[22m | [39m[0m
2026-10-07T06:18:07.6789468Z [  86% ] [90m[1mupdate_scripts_classes[22m | [39m[0m
2026-10-07T06:18:07.6789637Z [  86% ] [90m[1mupdate_scripts_classes[22m | [39m[0m
2026-10-07T06:18:07.6789928Z [  86% ] [90m[1mupdate_scripts_classes[22m | [39m[0m
2026-10-07T06:18:07.6790099Z [  86% ] [90m[1mupdate_scripts_classes[22m | [39m[0m
2026-10-07T06:18:07.6790264Z [  86% ] [90m[1mupdate_scripts_classes[22m | [39m[0m
2026-10-07T06:18:07.6790425Z [  86% ] [90m[1mupdate_scripts_classes[22m | [39m[0m
2026-10-07T06:18:07.6790584Z [  86% ] [90m[1mupdate_scripts_classes[22m | [39m[0m
2026-10-07T06:18:07.6790747Z [  86% ] [90m[1mupdate_scripts_classes[22m | [39m[0m
2026-10-07T06:18:07.6790911Z [  86% ] [90m[1mupdate_scripts_classes[22m | [39m[0m
2026-10-07T06:18:07.6791067Z [  86% ] [90m[1mupdate_scripts_classes[22m | [39m[0m
2026-10-07T06:18:07.6791232Z [  86% ] [90m[1mupdate_scripts_classes[22m | [39m[0m
2026-10-07T06:18:07.6791394Z [  86% ] [90m[1mupdate_scripts_classes[22m | [39m[0m
2026-10-07T06:18:07.6791556Z [  86% ] [90m[1mupdate_scripts_classes[22m | [39m[0m
2026-10-07T06:18:07.6791804Z [  86% ] [90m[1mupdate_scripts_classes[22m | [39m[0m
2026-10-07T06:18:07.6791971Z [  86% ] [90m[1mupdate_scripts_classes[22m | [39m[0m
2026-10-07T06:18:07.6792134Z [  87% ] [90m[1mupdate_scripts_classes[22m | [39m[0m
2026-10-07T06:18:07.6792291Z [  87% ] [90m[1mupdate_scripts_classes[22m | [39m[0m
2026-10-07T06:18:07.6792605Z [  87% ] [90m[1mupdate_scripts_classes[22m | [39m[0m
2026-10-07T06:18:07.6792772Z [  87% ] [90m[1mupdate_scripts_classes[22m | [39m[0m
2026-10-07T06:18:07.6792935Z [  87% ] [90m[1mupdate_scripts_classes[22m | [39m[0m
2026-10-07T06:18:07.6793092Z [  87% ] [90m[1mupdate_scripts_classes[22m | [39m[0m
2026-10-07T06:18:07.6793256Z [  87% ] [90m[1mupdate_scripts_classes[22m | [39m[0m
2026-10-07T06:18:07.6793419Z [  87% ] [90m[1mupdate_scripts_classes[22m | [39m[0m
2026-10-07T06:18:07.6793578Z [  87% ] [90m[1mupdate_scripts_classes[22m | [39m[0m
2026-10-07T06:18:07.6793740Z [  87% ] [90m[1mupdate_scripts_classes[22m | [39m[0m
2026-10-07T06:18:07.6793908Z [  87% ] [90m[1mupdate_scripts_classes[22m | [39m[0m
2026-10-07T06:18:07.6794072Z [  87% ] [90m[1mupdate_scripts_classes[22m | [39m[0m
2026-10-07T06:18:07.6794231Z [  87% ] [90m[1mupdate_scripts_classes[22m | [39m[0m
2026-10-07T06:18:07.6794394Z [  87% ] [90m[1mupdate_scripts_classes[22m | [39m[0m
2026-10-07T06:18:07.6794557Z [  87% ] [90m[1mupdate_scripts_classes[22m | [39m[0m
2026-10-07T06:18:07.6794716Z [  87% ] [90m[1mupdate_scripts_classes[22m | [39m[0m
2026-10-07T06:18:07.6794878Z [  87% ] [90m[1mupdate_scripts_classes[22m | [39m[0m
2026-10-07T06:18:07.6795041Z [  87% ] [90m[1mupdate_scripts_classes[22m | [39m[0m
2026-10-07T06:18:07.6795204Z [  87% ] [90m[1mupdate_scripts_classes[22m | [39m[0m
2026-10-07T06:18:07.6795363Z [  87% ] [90m[1mupdate_scripts_classes[22m | [39m[0m
2026-10-07T06:18:07.6795526Z [  87% ] [90m[1mupdate_scripts_classes[22m | [39m[0m
2026-10-07T06:18:07.6795694Z [  87% ] [90m[1mupdate_scripts_classes[22m | [39m[0m
2026-10-07T06:18:07.6795854Z [  87% ] [90m[1mupdate_scripts_classes[22m | [39m[0m
2026-10-07T06:18:07.6796024Z [  87% ] [90m[1mupdate_scripts_classes[22m | [39m[0m
2026-10-07T06:18:07.6796197Z [  87% ] [90m[1mupdate_scripts_classes[22m | [39m[0m
2026-10-07T06:18:07.6796359Z [  87% ] [90m[1mupdate_scripts_classes[22m | [39m[0m
2026-10-07T06:18:07.6796517Z [  87% ] [90m[1mupdate_scripts_classes[22m | [39m[0m
2026-10-07T06:18:07.6796684Z [  87% ] [90m[1mupdate_scripts_classes[22m | [39m[0m
2026-10-07T06:18:07.6796847Z [  87% ] [90m[1mupdate_scripts_classes[22m | [39m[0m
2026-10-07T06:18:07.6797005Z [  87% ] [90m[1mupdate_scripts_classes[22m | [39m[0m
2026-10-07T06:18:07.6797168Z [  87% ] [90m[1mupdate_scripts_classes[22m | [39m[0m
2026-10-07T06:18:07.6797331Z [  88% ] [90m[1mupdate_scripts_classes[22m | [39m[0m
2026-10-07T06:18:07.6797494Z [  88% ] [90m[1mupdate_scripts_classes[22m | [39m[0m
2026-10-07T06:18:07.6797657Z [  88% ] [90m[1mupdate_scripts_classes[22m | [39m[0m
2026-10-07T06:18:07.6797820Z [  88% ] [90m[1mupdate_scripts_classes[22m | [39m[0m
2026-10-07T06:18:07.6798108Z [  88% ] [90m[1mupdate_scripts_classes[22m | [39m[0m
2026-10-07T06:18:07.6798272Z [  88% ] [90m[1mupdate_scripts_classes[22m | [39m[0m
2026-10-07T06:18:07.6798436Z [  88% ] [90m[1mupdate_scripts_classes[22m | [39m[0m
2026-10-07T06:18:07.6798601Z [  88% ] [90m[1mupdate_scripts_classes[22m | [39m[0m
2026-10-07T06:18:07.6798766Z [  88% ] [90m[1mupdate_scripts_classes[22m | [39m[0m
2026-10-07T06:18:07.6798925Z [  88% ] [90m[1mupdate_scripts_classes[22m | [39m[0m
2026-10-07T06:18:07.6799088Z [  88% ] [90m[1mupdate_scripts_classes[22m | [39m[0m
2026-10-07T06:18:07.6799254Z [  88% ] [90m[1mupdate_scripts_classes[22m | [39m[0m
2026-10-07T06:18:07.6799411Z [  88% ] [90m[1mupdate_scripts_classes[22m | [39m[0m
2026-10-07T06:18:07.6799578Z [  88% ] [90m[1mupdate_scripts_classes[22m | [39m[0m
2026-10-07T06:18:07.6799895Z [  88% ] [90m[1mupdate_scripts_classes[22m | [39m[0m
2026-10-07T06:18:07.6800071Z [  88% ] [90m[1mupdate_scripts_classes[22m | [39m[0m
2026-10-07T06:18:07.6800231Z [  88% ] [90m[1mupdate_scripts_classes[22m | [39m[0m
2026-10-07T06:18:07.6800394Z [  88% ] [90m[1mupdate_scripts_classes[22m | [39m[0m
2026-10-07T06:18:07.6800557Z [  88% ] [90m[1mupdate_scripts_classes[22m | [39m[0m
2026-10-07T06:18:07.6800714Z [  88% ] [90m[1mupdate_scripts_classes[22m | [39m[0m
2026-10-07T06:18:07.6800879Z [  88% ] [90m[1mupdate_scripts_classes[22m | [39m[0m
2026-10-07T06:18:07.6801044Z [  88% ] [90m[1mupdate_scripts_classes[22m | [39m[0m
2026-10-07T06:18:07.6801208Z [  88% ] [90m[1mupdate_scripts_classes[22m | [39m[0m
2026-10-07T06:18:07.6801363Z [  88% ] [90m[1mupdate_scripts_classes[22m | [39m[0m
2026-10-07T06:18:07.6801524Z [  88% ] [90m[1mupdate_scripts_classes[22m | [39m[0m
2026-10-07T06:18:07.6801686Z [  88% ] [90m[1mupdate_scripts_classes[22m | [39m[0m
2026-10-07T06:18:07.6801851Z [  88% ] [90m[1mupdate_scripts_classes[22m | [39m[0m
2026-10-07T06:18:07.6802017Z [  88% ] [90m[1mupdate_scripts_classes[22m | [39m[0m
2026-10-07T06:18:07.6802182Z [  88% ] [90m[1mupdate_scripts_classes[22m | [39m[0m
2026-10-07T06:18:07.6802345Z [  88% ] [90m[1mupdate_scripts_classes[22m | [39m[0m
2026-10-07T06:18:07.6802696Z [  88% ] [90m[1mupdate_scripts_classes[22m | [39m[0m
2026-10-07T06:18:07.6802865Z [  89% ] [90m[1mupdate_scripts_classes[22m | [39m[0m
2026-10-07T06:18:07.6803028Z [  89% ] [90m[1mupdate_scripts_classes[22m | [39m[0m
2026-10-07T06:18:07.6803185Z [  89% ] [90m[1mupdate_scripts_classes[22m | [39m[0m
2026-10-07T06:18:07.6803349Z [  89% ] [90m[1mupdate_scripts_classes[22m | [39m[0m
2026-10-07T06:18:07.6803514Z [  89% ] [90m[1mupdate_scripts_classes[22m | [39m[0m
2026-10-07T06:18:07.6803675Z [  89% ] [90m[1mupdate_scripts_classes[22m | [39m[0m
2026-10-07T06:18:07.6803843Z [  89% ] [90m[1mupdate_scripts_classes[22m | [39m[0m
2026-10-07T06:18:07.6804007Z [  89% ] [90m[1mupdate_scripts_classes[22m | [39m[0m
2026-10-07T06:18:07.6804173Z [  89% ] [90m[1mupdate_scripts_classes[22m | [39m[0m
2026-10-07T06:18:07.6804330Z [  89% ] [90m[1mupdate_scripts_classes[22m | [39m[0m
2026-10-07T06:18:07.6804493Z [  89% ] [90m[1mupdate_scripts_classes[22m | [39m[0m
2026-10-07T06:18:07.6804663Z [  89% ] [90m[1mupdate_scripts_classes[22m | [39m[0m
2026-10-07T06:18:07.6804828Z [  89% ] [90m[1mupdate_scripts_classes[22m | [39m[0m
2026-10-07T06:18:07.6804986Z [  89% ] [90m[1mupdate_scripts_classes[22m | [39m[0m
2026-10-07T06:18:07.6805148Z [  89% ] [90m[1mupdate_scripts_classes[22m | [39m[0m
2026-10-07T06:18:07.6805310Z [  89% ] [90m[1mupdate_scripts_classes[22m | [39m[0m
2026-10-07T06:18:07.6805468Z [  89% ] [90m[1mupdate_scripts_classes[22m | [39m[0m
2026-10-07T06:18:07.6805632Z [  89% ] [90m[1mupdate_scripts_classes[22m | [39m[0m
2026-10-07T06:18:07.6805797Z [  89% ] [90m[1mupdate_scripts_classes[22m | [39m[0m
2026-10-07T06:18:07.6805961Z [  89% ] [90m[1mupdate_scripts_classes[22m | [39m[0m
2026-10-07T06:18:07.6806270Z [  89% ] [90m[1mupdate_scripts_classes[22m | [39m[0m
2026-10-07T06:18:07.6806449Z [  89% ] [90m[1mupdate_scripts_classes[22m | [39m[0m
2026-10-07T06:18:07.6806615Z [  89% ] [90m[1mupdate_scripts_classes[22m | [39m[0m
2026-10-07T06:18:07.6806773Z [  89% ] [90m[1mupdate_scripts_classes[22m | [39m[0m
2026-10-07T06:18:07.6806939Z [  89% ] [90m[1mupdate_scripts_classes[22m | [39m[0m
2026-10-07T06:18:07.6807102Z [  89% ] [90m[1mupdate_scripts_classes[22m | [39m[0m
2026-10-07T06:18:07.6807264Z [  89% ] [90m[1mupdate_scripts_classes[22m | [39m[0m
2026-10-07T06:18:07.6807424Z [  89% ] [90m[1mupdate_scripts_classes[22m | [39m[0m
2026-10-07T06:18:07.6807587Z [  89% ] [90m[1mupdate_scripts_classes[22m | [39m[0m
2026-10-07T06:18:07.6807750Z [  89% ] [90m[1mupdate_scripts_classes[22m | [39m[0m
2026-10-07T06:18:07.6808020Z [  89% ] [90m[1mupdate_scripts_classes[22m | [39m[0m
2026-10-07T06:18:07.6808188Z [  90% ] [90m[1mupdate_scripts_classes[22m | [39m[0m
2026-10-07T06:18:07.6808355Z [  90% ] [90m[1mupdate_scripts_classes[22m | [39m[0m
2026-10-07T06:18:07.6808518Z [  90% ] [90m[1mupdate_scripts_classes[22m | [39m[0m
2026-10-07T06:18:07.6808676Z [  90% ] [90m[1mupdate_scripts_classes[22m | [39m[0m
2026-10-07T06:18:07.6808839Z [  90% ] [90m[1mupdate_scripts_classes[22m | [39m[0m
2026-10-07T06:18:07.6809001Z [  90% ] [90m[1mupdate_scripts_classes[22m | [39m[0m
2026-10-07T06:18:07.6809162Z [  90% ] [90m[1mupdate_scripts_classes[22m | [39m[0m
2026-10-07T06:18:07.6809328Z [  90% ] [90m[1mupdate_scripts_classes[22m | [39m[0m
2026-10-07T06:18:07.6809490Z [  90% ] [90m[1mupdate_scripts_classes[22m | [39m[0m
2026-10-07T06:18:07.6809654Z [  90% ] [90m[1mupdate_scripts_classes[22m | [39m[0m
2026-10-07T06:18:07.6809812Z [  90% ] [90m[1mupdate_scripts_classes[22m | [39m[0m
2026-10-07T06:18:07.6809980Z [  90% ] [90m[1mupdate_scripts_classes[22m | [39m[0m
2026-10-07T06:18:07.6810151Z [  90% ] [90m[1mupdate_scripts_classes[22m | [39m[0m
2026-10-07T06:18:07.6810310Z [  90% ] [90m[1mupdate_scripts_classes[22m | [39m[0m
2026-10-07T06:18:07.6810473Z [  90% ] [90m[1mupdate_scripts_classes[22m | [39m[0m
2026-10-07T06:18:07.6810636Z [  90% ] [90m[1mupdate_scripts_classes[22m | [39m[0m
2026-10-07T06:18:07.6810936Z [  90% ] [90m[1mupdate_scripts_classes[22m | [39m[0m
2026-10-07T06:18:07.6811240Z [  90% ] [90m[1mupdate_scripts_classes[22m | [39m[0m
2026-10-07T06:18:07.6811534Z [  90% ] [90m[1mupdate_scripts_classes[22m | [39m[0m
2026-10-07T06:18:07.6811823Z [  90% ] [90m[1mupdate_scripts_classes[22m | [39m[0m
2026-10-07T06:18:07.6812100Z [  90% ] [90m[1mupdate_scripts_classes[22m | [39m[0m
2026-10-07T06:18:07.6812278Z [  90% ] [90m[1mupdate_scripts_classes[22m | [39m[0m
2026-10-07T06:18:07.6812600Z [  90% ] [90m[1mupdate_scripts_classes[22m | [39m[0m
2026-10-07T06:18:07.6812774Z [  90% ] [90m[1mupdate_scripts_classes[22m | [39m[0m
2026-10-07T06:18:07.6812940Z [  90% ] [90m[1mupdate_scripts_classes[22m | [39m[0m
2026-10-07T06:18:07.6813105Z [  90% ] [90m[1mupdate_scripts_classes[22m | [39m[0m
2026-10-07T06:18:07.6813275Z [  90% ] [90m[1mupdate_scripts_classes[22m | [39m[0m
2026-10-07T06:18:07.6813436Z [  90% ] [90m[1mupdate_scripts_classes[22m | [39m[0m
2026-10-07T06:18:07.6813604Z [  90% ] [90m[1mupdate_scripts_classes[22m | [39m[0m
2026-10-07T06:18:07.6813769Z [  90% ] [90m[1mupdate_scripts_classes[22m | [39m[0m
2026-10-07T06:18:07.6813939Z [  90% ] [90m[1mupdate_scripts_classes[22m | [39m[0m
2026-10-07T06:18:07.6814097Z [  91% ] [90m[1mupdate_scripts_classes[22m | [39m[0m
2026-10-07T06:18:07.6814261Z [  91% ] [90m[1mupdate_scripts_classes[22m | [39m[0m
2026-10-07T06:18:07.6814427Z [  91% ] [90m[1mupdate_scripts_classes[22m | [39m[0m
2026-10-07T06:18:07.6814591Z [  91% ] [90m[1mupdate_scripts_classes[22m | [39m[0m
2026-10-07T06:18:07.6814755Z [  91% ] [90m[1mupdate_scripts_classes[22m | [39m[0m
2026-10-07T06:18:07.6815083Z [  91% ] [90m[1mupdate_scripts_classes[22m | [39m[0m
2026-10-07T06:18:07.6815256Z [  91% ] [90m[1mupdate_scripts_classes[22m | [39m[0m
2026-10-07T06:18:07.6815415Z [  91% ] [90m[1mupdate_scripts_classes[22m | [39m[0m
2026-10-07T06:18:07.6815577Z [  91% ] [90m[1mupdate_scripts_classes[22m | [39m[0m
2026-10-07T06:18:07.6815743Z [  91% ] [90m[1mupdate_scripts_classes[22m | [39m[0m
2026-10-07T06:18:07.6815900Z [  91% ] [90m[1mupdate_scripts_classes[22m | [39m[0m
2026-10-07T06:18:07.6816063Z [  91% ] [90m[1mupdate_scripts_classes[22m | [39m[0m
2026-10-07T06:18:07.6816224Z [  91% ] [90m[1mupdate_scripts_classes[22m | [39m[0m
2026-10-07T06:18:07.6816386Z [  91% ] [90m[1mupdate_scripts_classes[22m | [39m[0m
2026-10-07T06:18:07.6816551Z [  91% ] [90m[1mupdate_scripts_classes[22m | [39m[0m
2026-10-07T06:18:07.6816823Z [  91% ] [90m[1mupdate_scripts_classes[22m | [39m[0m
2026-10-07T06:18:07.6816992Z [  91% ] [90m[1mupdate_scripts_classes[22m | [39m[0m
2026-10-07T06:18:07.6817149Z [  91% ] [90m[1mupdate_scripts_classes[22m | [39m[0m
2026-10-07T06:18:07.6817313Z [  91% ] [90m[1mupdate_scripts_classes[22m | [39m[0m
2026-10-07T06:18:07.6817475Z [  91% ] [90m[1mupdate_scripts_classes[22m | [39m[0m
2026-10-07T06:18:07.6817637Z [  91% ] [90m[1mupdate_scripts_classes[22m | [39m[0m
2026-10-07T06:18:07.6817795Z [  91% ] [90m[1mupdate_scripts_classes[22m | [39m[0m
2026-10-07T06:18:07.6817958Z [  91% ] [90m[1mupdate_scripts_classes[22m | [39m[0m
2026-10-07T06:18:07.6818122Z [  91% ] [90m[1mupdate_scripts_classes[22m | [39m[0m
2026-10-07T06:18:07.6818279Z [  91% ] [90m[1mupdate_scripts_classes[22m | [39m[0m
2026-10-07T06:18:07.6818442Z [  91% ] [90m[1mupdate_scripts_classes[22m | [39m[0m
2026-10-07T06:18:07.6818606Z [  91% ] [90m[1mupdate_scripts_classes[22m | [39m[0m
2026-10-07T06:18:07.6818773Z [  91% ] [90m[1mupdate_scripts_classes[22m | [39m[0m
2026-10-07T06:18:07.6818933Z [  91% ] [90m[1mupdate_scripts_classes[22m | [39m[0m
2026-10-07T06:18:07.6819095Z [  91% ] [90m[1mupdate_scripts_classes[22m | [39m[0m
2026-10-07T06:18:07.6819259Z [  91% ] [90m[1mupdate_scripts_classes[22m | [39m[0m
2026-10-07T06:18:07.6819416Z [  92% ] [90m[1mupdate_scripts_classes[22m | [39m[0m
2026-10-07T06:18:07.6819580Z [  92% ] [90m[1mupdate_scripts_classes[22m | [39m[0m
2026-10-07T06:18:07.6819744Z [  92% ] [90m[1mupdate_scripts_classes[22m | [39m[0m
2026-10-07T06:18:07.6819908Z [  92% ] [90m[1mupdate_scripts_classes[22m | [39m[0m
2026-10-07T06:18:07.6820064Z [  92% ] [90m[1mupdate_scripts_classes[22m | [39m[0m
2026-10-07T06:18:07.6820227Z [  92% ] [90m[1mupdate_scripts_classes[22m | [39m[0m
2026-10-07T06:18:07.6820389Z [  92% ] [90m[1mupdate_scripts_classes[22m | [39m[0m
2026-10-07T06:18:07.6820548Z [  92% ] [90m[1mupdate_scripts_classes[22m | [39m[0m
2026-10-07T06:18:07.6820714Z [  92% ] [90m[1mupdate_scripts_classes[22m | [39m[0m
2026-10-07T06:18:07.6820880Z [  92% ] [90m[1mupdate_scripts_classes[22m | [39m[0m
2026-10-07T06:18:07.6821043Z [  92% ] [90m[1mupdate_scripts_classes[22m | [39m[0m
2026-10-07T06:18:07.6821205Z [  92% ] [90m[1mupdate_scripts_classes[22m | [39m[0m
2026-10-07T06:18:07.6821375Z [  92% ] [90m[1mupdate_scripts_classes[22m | [39m[0m
2026-10-07T06:18:07.6821540Z [  92% ] [90m[1mupdate_scripts_classes[22m | [39m[0m
2026-10-07T06:18:07.6821698Z [  92% ] [90m[1mupdate_scripts_classes[22m | [39m[0m
2026-10-07T06:18:07.6821862Z [  92% ] [90m[1mupdate_scripts_classes[22m | [39m[0m
2026-10-07T06:18:07.6822026Z [  92% ] [90m[1mupdate_scripts_classes[22m | [39m[0m
2026-10-07T06:18:07.6822184Z [  92% ] [90m[1mupdate_scripts_classes[22m | [39m[0m
2026-10-07T06:18:07.6822352Z [  92% ] [90m[1mupdate_scripts_classes[22m | [39m[0m
2026-10-07T06:18:07.6822685Z [  92% ] [90m[1mupdate_scripts_classes[22m | [39m[0m
2026-10-07T06:18:07.6822855Z [  92% ] [90m[1mupdate_scripts_classes[22m | [39m[0m
2026-10-07T06:18:07.6823135Z [  92% ] [90m[1mupdate_scripts_classes[22m | [39m[0m
2026-10-07T06:18:07.6823310Z [  92% ] [90m[1mupdate_scripts_classes[22m | [39m[0m
2026-10-07T06:18:07.6823477Z [  92% ] [90m[1mupdate_scripts_classes[22m | [39m[0m
2026-10-07T06:18:07.6823635Z [  92% ] [90m[1mupdate_scripts_classes[22m | [39m[0m
2026-10-07T06:18:07.6823799Z [  92% ] [90m[1mupdate_scripts_classes[22m | [39m[0m
2026-10-07T06:18:07.6823962Z [  92% ] [90m[1mupdate_scripts_classes[22m | [39m[0m
2026-10-07T06:18:07.6824126Z [  92% ] [90m[1mupdate_scripts_classes[22m | [39m[0m
2026-10-07T06:18:07.6824283Z [  92% ] [90m[1mupdate_scripts_classes[22m | [39m[0m
2026-10-07T06:18:07.6824448Z [  92% ] [90m[1mupdate_scripts_classes[22m | [39m[0m
2026-10-07T06:18:07.6824614Z [  92% ] [90m[1mupdate_scripts_classes[22m | [39m[0m
2026-10-07T06:18:07.6824883Z [  93% ] [90m[1mupdate_scripts_classes[22m | [39m[0m
2026-10-07T06:18:07.6825051Z [  93% ] [90m[1mupdate_scripts_classes[22m | [39m[0m
2026-10-07T06:18:07.6825217Z [  93% ] [90m[1mupdate_scripts_classes[22m | [39m[0m
2026-10-07T06:18:07.6825385Z [  93% ] [90m[1mupdate_scripts_classes[22m | [39m[0m
2026-10-07T06:18:07.6825544Z [  93% ] [90m[1mupdate_scripts_classes[22m | [39m[0m
2026-10-07T06:18:07.6825710Z [  93% ] [90m[1mupdate_scripts_classes[22m | [39m[0m
2026-10-07T06:18:07.6825874Z [  93% ] [90m[1mupdate_scripts_classes[22m | [39m[0m
2026-10-07T06:18:07.6826033Z [  93% ] [90m[1mupdate_scripts_classes[22m | [39m[0m
2026-10-07T06:18:07.6826198Z [  93% ] [90m[1mupdate_scripts_classes[22m | [39m[0m
2026-10-07T06:18:07.6826363Z [  93% ] [90m[1mupdate_scripts_classes[22m | [39m[0m
2026-10-07T06:18:07.6826527Z [  93% ] [90m[1mupdate_scripts_classes[22m | [39m[0m
2026-10-07T06:18:07.6826686Z [  93% ] [90m[1mupdate_scripts_classes[22m | [39m[0m
2026-10-07T06:18:07.6826855Z [  93% ] [90m[1mupdate_scripts_classes[22m | [39m[0m
2026-10-07T06:18:07.6827024Z [  93% ] [90m[1mupdate_scripts_classes[22m | [39m[0m
2026-10-07T06:18:07.6827183Z [  93% ] [90m[1mupdate_scripts_classes[22m | [39m[0m
2026-10-07T06:18:07.6827347Z [  93% ] [90m[1mupdate_scripts_classes[22m | [39m[0m
2026-10-07T06:18:07.6827511Z [  93% ] [90m[1mupdate_scripts_classes[22m | [39m[0m
2026-10-07T06:18:07.6827676Z [  93% ] [90m[1mupdate_scripts_classes[22m | [39m[0m
2026-10-07T06:18:07.6827834Z [  93% ] [90m[1mupdate_scripts_classes[22m | [39m[0m
2026-10-07T06:18:07.6828001Z [  93% ] [90m[1mupdate_scripts_classes[22m | [39m[0m
2026-10-07T06:18:07.6828168Z [  93% ] [90m[1mupdate_scripts_classes[22m | [39m[0m
2026-10-07T06:18:07.6828327Z [  93% ] [90m[1mupdate_scripts_classes[22m | [39m[0m
2026-10-07T06:18:07.6828490Z [  93% ] [90m[1mupdate_scripts_classes[22m | [39m[0m
2026-10-07T06:18:07.6828654Z [  93% ] [90m[1mupdate_scripts_classes[22m | [39m[0m
2026-10-07T06:18:07.6828819Z [  93% ] [90m[1mupdate_scripts_classes[22m | [39m[0m
2026-10-07T06:18:07.6828978Z [  93% ] [90m[1mupdate_scripts_classes[22m | [39m[0m
2026-10-07T06:18:07.6829146Z [  93% ] [90m[1mupdate_scripts_classes[22m | [39m[0m
2026-10-07T06:18:07.6829309Z [  93% ] [90m[1mupdate_scripts_classes[22m | [39m[0m
2026-10-07T06:18:07.6829467Z [  93% ] [90m[1mupdate_scripts_classes[22m | [39m[0m
2026-10-07T06:18:07.6829631Z [  93% ] [90m[1mupdate_scripts_classes[22m | [39m[0m
2026-10-07T06:18:07.6829795Z [  93% ] [90m[1mupdate_scripts_classes[22m | [39m[0m
2026-10-07T06:18:07.6829956Z [  94% ] [90m[1mupdate_scripts_classes[22m | [39m[0m
2026-10-07T06:18:07.6830112Z [  94% ] [90m[1mupdate_scripts_classes[22m | [39m[0m
2026-10-07T06:18:07.6830273Z [  94% ] [90m[1mupdate_scripts_classes[22m | [39m[0m
2026-10-07T06:18:07.6830434Z [  94% ] [90m[1mupdate_scripts_classes[22m | [39m[0m
2026-10-07T06:18:07.6830594Z [  94% ] [90m[1mupdate_scripts_classes[22m | [39m[0m
2026-10-07T06:18:07.6830760Z [  94% ] [90m[1mupdate_scripts_classes[22m | [39m[0m
2026-10-07T06:18:07.6831004Z [  94% ] [90m[1mupdate_scripts_classes[22m | [39m[0m
2026-10-07T06:18:07.6831170Z [  94% ] [90m[1mupdate_scripts_classes[22m | [39m[0m
2026-10-07T06:18:07.6831327Z [  94% ] [90m[1mupdate_scripts_classes[22m | [39m[0m
2026-10-07T06:18:07.6831491Z [  94% ] [90m[1mupdate_scripts_classes[22m | [39m[0m
2026-10-07T06:18:07.6831655Z [  94% ] [90m[1mupdate_scripts_classes[22m | [39m[0m
2026-10-07T06:18:07.6831812Z [  94% ] [90m[1mupdate_scripts_classes[22m | [39m[0m
2026-10-07T06:18:07.6831974Z [  94% ] [90m[1mupdate_scripts_classes[22m | [39m[0m
2026-10-07T06:18:07.6832141Z [  94% ] [90m[1mupdate_scripts_classes[22m | [39m[0m
2026-10-07T06:18:07.6832304Z [  94% ] [90m[1mupdate_scripts_classes[22m | [39m[0m
2026-10-07T06:18:07.6832599Z [  94% ] [90m[1mupdate_scripts_classes[22m | [39m[0m
2026-10-07T06:18:07.6832889Z [  94% ] [90m[1mupdate_scripts_classes[22m | [39m[0m
2026-10-07T06:18:07.6833052Z [  94% ] [90m[1mupdate_scripts_classes[22m | [39m[0m
2026-10-07T06:18:07.6833214Z [  94% ] [90m[1mupdate_scripts_classes[22m | [39m[0m
2026-10-07T06:18:07.6833377Z [  94% ] [90m[1mupdate_scripts_classes[22m | [39m[0m
2026-10-07T06:18:07.6833544Z [  94% ] [90m[1mupdate_scripts_classes[22m | [39m[0m
2026-10-07T06:18:07.6833706Z [  94% ] [90m[1mupdate_scripts_classes[22m | [39m[0m
2026-10-07T06:18:07.6833863Z [  94% ] [90m[1mupdate_scripts_classes[22m | [39m[0m
2026-10-07T06:18:07.6834028Z [  94% ] [90m[1mupdate_scripts_classes[22m | [39m[0m
2026-10-07T06:18:07.6834191Z [  94% ] [90m[1mupdate_scripts_classes[22m | [39m[0m
2026-10-07T06:18:07.6834349Z [  94% ] [90m[1mupdate_scripts_classes[22m | [39m[0m
2026-10-07T06:18:07.6834513Z [  94% ] [90m[1mupdate_scripts_classes[22m | [39m[0m
2026-10-07T06:18:07.6834677Z [  94% ] [90m[1mupdate_scripts_classes[22m | [39m[0m
2026-10-07T06:18:07.6834844Z [  94% ] [90m[1mupdate_scripts_classes[22m | [39m[0m
2026-10-07T06:18:07.6835005Z [  94% ] [90m[1mupdate_scripts_classes[22m | [39m[0m
2026-10-07T06:18:07.6835169Z [  94% ] [90m[1mupdate_scripts_classes[22m | [39m[0m
2026-10-07T06:18:07.6835333Z [  95% ] [90m[1mupdate_scripts_classes[22m | [39m[0m
2026-10-07T06:18:07.6835490Z [  95% ] [90m[1mupdate_scripts_classes[22m | [39m[0m
2026-10-07T06:18:07.6835657Z [  95% ] [90m[1mupdate_scripts_classes[22m | [39m[0m
2026-10-07T06:18:07.6835821Z [  95% ] [90m[1mupdate_scripts_classes[22m | [39m[0m
2026-10-07T06:18:07.6835985Z [  95% ] [90m[1mupdate_scripts_classes[22m | [39m[0m
2026-10-07T06:18:07.6836144Z [  95% ] [90m[1mupdate_scripts_classes[22m | [39m[0m
2026-10-07T06:18:07.6836308Z [  95% ] [90m[1mupdate_scripts_classes[22m | [39m[0m
2026-10-07T06:18:07.6836470Z [  95% ] [90m[1mupdate_scripts_classes[22m | [39m[0m
2026-10-07T06:18:07.6836628Z [  95% ] [90m[1mupdate_scripts_classes[22m | [39m[0m
2026-10-07T06:18:07.6836795Z [  95% ] [90m[1mupdate_scripts_classes[22m | [39m[0m
2026-10-07T06:18:07.6836961Z [  95% ] [90m[1mupdate_scripts_classes[22m | [39m[0m
2026-10-07T06:18:07.6845137Z [  95% ] [90m[1mupdate_scripts_classes[22m | [39m[0m
2026-10-07T06:18:07.6845414Z [  95% ] [90m[1mupdate_scripts_classes[22m | [39m[0m
2026-10-07T06:18:07.6845603Z [  95% ] [90m[1mupdate_scripts_classes[22m | [39m[0m
2026-10-07T06:18:07.6845776Z [  95% ] [90m[1mupdate_scripts_classes[22m | [39m[0m
2026-10-07T06:18:07.6845937Z [  95% ] [90m[1mupdate_scripts_classes[22m | [39m[0m
2026-10-07T06:18:07.6846106Z [  95% ] [90m[1mupdate_scripts_classes[22m | [39m[0m
2026-10-07T06:18:07.6846271Z [  95% ] [90m[1mupdate_scripts_classes[22m | [39m[0m
2026-10-07T06:18:07.6846435Z [  95% ] [90m[1mupdate_scripts_classes[22m | [39m[0m
2026-10-07T06:18:07.6846594Z [  95% ] [90m[1mupdate_scripts_classes[22m | [39m[0m
2026-10-07T06:18:07.6846762Z [  95% ] [90m[1mupdate_scripts_classes[22m | [39m[0m
2026-10-07T06:18:07.6846937Z [  95% ] [90m[1mupdate_scripts_classes[22m | [39m[0m
2026-10-07T06:18:07.6847421Z [  95% ] [90m[1mupdate_scripts_classes[22m | [39m[0m
2026-10-07T06:18:07.6847612Z [  95% ] [90m[1mupdate_scripts_classes[22m | [39m[0m
2026-10-07T06:18:07.6847780Z [  95% ] [90m[1mupdate_scripts_classes[22m | [39m[0m
2026-10-07T06:18:07.6847945Z [  95% ] [90m[1mupdate_scripts_classes[22m | [39m[0m
2026-10-07T06:18:07.6848103Z [  95% ] [90m[1mupdate_scripts_classes[22m | [39m[0m
2026-10-07T06:18:07.6848268Z [  95% ] [90m[1mupdate_scripts_classes[22m | [39m[0m
2026-10-07T06:18:07.6848434Z [  95% ] [90m[1mupdate_scripts_classes[22m | [39m[0m
2026-10-07T06:18:07.6848603Z [  95% ] [90m[1mupdate_scripts_classes[22m | [39m[0m
2026-10-07T06:18:07.6848774Z [  95% ] [90m[1mupdate_scripts_classes[22m | [39m[0m
2026-10-07T06:18:07.6848943Z [  96% ] [90m[1mupdate_scripts_classes[22m | [39m[0m
2026-10-07T06:18:07.6849232Z [  96% ] [90m[1mupdate_scripts_classes[22m | [39m[0m
2026-10-07T06:18:07.6849391Z [  96% ] [90m[1mupdate_scripts_classes[22m | [39m[0m
2026-10-07T06:18:07.6849561Z [  96% ] [90m[1mupdate_scripts_classes[22m | [39m[0m
2026-10-07T06:18:07.6849901Z [  96% ] [90m[1mupdate_scripts_classes[22m | [39m[0m
2026-10-07T06:18:07.6850205Z [  96% ] [90m[1mupdate_scripts_classes[22m | [39m[0m
2026-10-07T06:18:07.6850498Z [  96% ] [90m[1mupdate_scripts_classes[22m | [39m[0m
2026-10-07T06:18:07.6850853Z [  96% ] [90m[1mupdate_scripts_classes[22m | [39m[0m
2026-10-07T06:18:07.6851132Z [  96% ] [90m[1mupdate_scripts_classes[22m | [39m[0m
2026-10-07T06:18:07.6851303Z [  96% ] [90m[1mupdate_scripts_classes[22m | [39m[0m
2026-10-07T06:18:07.6851468Z [  96% ] [90m[1mupdate_scripts_classes[22m | [39m[0m
2026-10-07T06:18:07.6851639Z [  96% ] [90m[1mupdate_scripts_classes[22m | [39m[0m
2026-10-07T06:18:07.6851803Z [  96% ] [90m[1mupdate_scripts_classes[22m | [39m[0m
2026-10-07T06:18:07.6851975Z [  96% ] [90m[1mupdate_scripts_classes[22m | [39m[0m
2026-10-07T06:18:07.6852142Z [  96% ] [90m[1mupdate_scripts_classes[22m | [39m[0m
2026-10-07T06:18:07.6852304Z [  96% ] [90m[1mupdate_scripts_classes[22m | [39m[0m
2026-10-07T06:18:07.6852641Z [  96% ] [90m[1mupdate_scripts_classes[22m | [39m[0m
2026-10-07T06:18:07.6852956Z [  96% ] [90m[1mupdate_scripts_classes[22m | [39m[0m
2026-10-07T06:18:07.6853258Z [  96% ] [90m[1mupdate_scripts_classes[22m | [39m[0m
2026-10-07T06:18:07.6853542Z [  96% ] [90m[1mupdate_scripts_classes[22m | [39m[0m
2026-10-07T06:18:07.6853838Z [  96% ] [90m[1mupdate_scripts_classes[22m | [39m[0m
2026-10-07T06:18:07.6854082Z [  96% ] [90m[1mupdate_scripts_classes[22m | [39m[0m
2026-10-07T06:18:07.6854257Z [  96% ] [90m[1mupdate_scripts_classes[22m | [39m[0m
2026-10-07T06:18:07.6854419Z [  96% ] [90m[1mupdate_scripts_classes[22m | [39m[0m
2026-10-07T06:18:07.6854586Z [  96% ] [90m[1mupdate_scripts_classes[22m | [39m[0m
2026-10-07T06:18:07.6854756Z [  96% ] [90m[1mupdate_scripts_classes[22m | [39m[0m
2026-10-07T06:18:07.6854917Z [  96% ] [90m[1mupdate_scripts_classes[22m | [39m[0m
2026-10-07T06:18:07.6855082Z [  96% ] [90m[1mupdate_scripts_classes[22m | [39m[0m
2026-10-07T06:18:07.6855246Z [  96% ] [90m[1mupdate_scripts_classes[22m | [39m[0m
2026-10-07T06:18:07.6855409Z [  96% ] [90m[1mupdate_scripts_classes[22m | [39m[0m
2026-10-07T06:18:07.6855568Z [  96% ] [90m[1mupdate_scripts_classes[22m | [39m[0m
2026-10-07T06:18:07.6855731Z [  97% ] [90m[1mupdate_scripts_classes[22m | [39m[0m
2026-10-07T06:18:07.6855996Z [  97% ] [90m[1mupdate_scripts_classes[22m | [39m[0m
2026-10-07T06:18:07.6856293Z [  97% ] [90m[1mupdate_scripts_classes[22m | [39m[0m
2026-10-07T06:18:07.6856584Z [  97% ] [90m[1mupdate_scripts_classes[22m | [39m[0m
2026-10-07T06:18:07.6856875Z [  97% ] [90m[1mupdate_scripts_classes[22m | [39m[0m
2026-10-07T06:18:07.6857140Z [  97% ] [90m[1mupdate_scripts_classes[22m | [39m[0m
2026-10-07T06:18:07.6857311Z [  97% ] [90m[1mupdate_scripts_classes[22m | [39m[0m
2026-10-07T06:18:07.6857624Z [  97% ] [90m[1mupdate_scripts_classes[22m | [39m[0m
2026-10-07T06:18:07.6857800Z [  97% ] [90m[1mupdate_scripts_classes[22m | [39m[0m
2026-10-07T06:18:07.6857961Z [  97% ] [90m[1mupdate_scripts_classes[22m | [39m[0m
2026-10-07T06:18:07.6858126Z [  97% ] [90m[1mupdate_scripts_classes[22m | [39m[0m
2026-10-07T06:18:07.6858292Z [  97% ] [90m[1mupdate_scripts_classes[22m | [39m[0m
2026-10-07T06:18:07.6858455Z [  97% ] [90m[1mupdate_scripts_classes[22m | [39m[0m
2026-10-07T06:18:07.6858613Z [  97% ] [90m[1mupdate_scripts_classes[22m | [39m[0m
2026-10-07T06:18:07.6858776Z [  97% ] [90m[1mupdate_scripts_classes[22m | [39m[0m
2026-10-07T06:18:07.6859040Z [  97% ] [90m[1mupdate_scripts_classes[22m | [39m[0m
2026-10-07T06:18:07.6859345Z [  97% ] [90m[1mupdate_scripts_classes[22m | [39m[0m
2026-10-07T06:18:07.6859808Z [  97% ] [90m[1mupdate_scripts_classes[22m | [39m[0m
2026-10-07T06:18:07.6860112Z [  97% ] [90m[1mupdate_scripts_classes[22m | [39m[0m
2026-10-07T06:18:07.6860301Z [  97% ] [90m[1mupdate_scripts_classes[22m | [39m[0m
2026-10-07T06:18:07.6860463Z [  97% ] [90m[1mupdate_scripts_classes[22m | [39m[0m
2026-10-07T06:18:07.6860633Z [  97% ] [90m[1mupdate_scripts_classes[22m | [39m[0m
2026-10-07T06:18:07.6860798Z [  97% ] [90m[1mupdate_scripts_classes[22m | [39m[0m
2026-10-07T06:18:07.6860956Z [  97% ] [90m[1mupdate_scripts_classes[22m | [39m[0m
2026-10-07T06:18:07.6861122Z [  97% ] [90m[1mupdate_scripts_classes[22m | [39m[0m
2026-10-07T06:18:07.6861292Z [  97% ] [90m[1mupdate_scripts_classes[22m | [39m[0m
2026-10-07T06:18:07.6861458Z [  97% ] [90m[1mupdate_scripts_classes[22m | [39m[0m
2026-10-07T06:18:07.6861618Z [  97% ] [90m[1mupdate_scripts_classes[22m | [39m[0m
2026-10-07T06:18:07.6861785Z [  97% ] [90m[1mupdate_scripts_classes[22m | [39m[0m
2026-10-07T06:18:07.6861998Z [  97% ] [90m[1mupdate_scripts_classes[22m | [39m[0m
2026-10-07T06:18:07.6862308Z [  97% ] [90m[1mupdate_scripts_classes[22m | [39m[0m
2026-10-07T06:18:07.6862821Z [  98% ] [90m[1mupdate_scripts_classes[22m | [39m[0m
2026-10-07T06:18:07.6863135Z [  98% ] [90m[1mupdate_scripts_classes[22m | [39m[0m
2026-10-07T06:18:07.6863333Z [  98% ] [90m[1mupdate_scripts_classes[22m | [39m[0m
2026-10-07T06:18:07.6863496Z [  98% ] [90m[1mupdate_scripts_classes[22m | [39m[0m
2026-10-07T06:18:07.6863668Z [  98% ] [90m[1mupdate_scripts_classes[22m | [39m[0m
2026-10-07T06:18:07.6863834Z [  98% ] [90m[1mupdate_scripts_classes[22m | [39m[0m
2026-10-07T06:18:07.6863992Z [  98% ] [90m[1mupdate_scripts_classes[22m | [39m[0m
2026-10-07T06:18:07.6864155Z [  98% ] [90m[1mupdate_scripts_classes[22m | [39m[0m
2026-10-07T06:18:07.6864319Z [  98% ] [90m[1mupdate_scripts_classes[22m | [39m[0m
2026-10-07T06:18:07.6864484Z [  98% ] [90m[1mupdate_scripts_classes[22m | [39m[0m
2026-10-07T06:18:07.6864647Z [  98% ] [90m[1mupdate_scripts_classes[22m | [39m[0m
2026-10-07T06:18:07.6864815Z [  98% ] [90m[1mupdate_scripts_classes[22m | [39m[0m
2026-10-07T06:18:07.6864987Z [  98% ] [90m[1mupdate_scripts_classes[22m | [39m[0m
2026-10-07T06:18:07.6865146Z [  98% ] [90m[1mupdate_scripts_classes[22m | [39m[0m
2026-10-07T06:18:07.6865380Z [  98% ] [90m[1mupdate_scripts_classes[22m | [39m[0m
2026-10-07T06:18:07.6865694Z [  98% ] [90m[1mupdate_scripts_classes[22m | [39m[0m
2026-10-07T06:18:07.6865988Z [  98% ] [90m[1mupdate_scripts_classes[22m | [39m[0m
2026-10-07T06:18:07.6866277Z [  98% ] [90m[1mupdate_scripts_classes[22m | [39m[0m
2026-10-07T06:18:07.6866536Z [  98% ] [90m[1mupdate_scripts_classes[22m | [39m[0m
2026-10-07T06:18:07.6866711Z [  98% ] [90m[1mupdate_scripts_classes[22m | [39m[0m
2026-10-07T06:18:07.6866870Z [  98% ] [90m[1mupdate_scripts_classes[22m | [39m[0m
2026-10-07T06:18:07.6867036Z [  98% ] [90m[1mupdate_scripts_classes[22m | [39m[0m
2026-10-07T06:18:07.6867208Z [  98% ] [90m[1mupdate_scripts_classes[22m | [39m[0m
2026-10-07T06:18:07.6867512Z [  98% ] [90m[1mupdate_scripts_classes[22m | [39m[0m
2026-10-07T06:18:07.6867680Z [  98% ] [90m[1mupdate_scripts_classes[22m | [39m[0m
2026-10-07T06:18:07.6867846Z [  98% ] [90m[1mupdate_scripts_classes[22m | [39m[0m
2026-10-07T06:18:07.6868013Z [  98% ] [90m[1mupdate_scripts_classes[22m | [39m[0m
2026-10-07T06:18:07.6868170Z [  98% ] [90m[1mupdate_scripts_classes[22m | [39m[0m
2026-10-07T06:18:07.6868340Z [  98% ] [90m[1mupdate_scripts_classes[22m | [39m[0m
2026-10-07T06:18:07.6868508Z [  98% ] [90m[1mupdate_scripts_classes[22m | [39m[0m
2026-10-07T06:18:07.6868689Z [  98% ] [90m[1mupdate_scripts_classes[22m | [39m[0m
2026-10-07T06:18:07.6868853Z [  99% ] [90m[1mupdate_scripts_classes[22m | [39m[0m
2026-10-07T06:18:07.6869018Z [  99% ] [90m[1mupdate_scripts_classes[22m | [39m[0m
2026-10-07T06:18:07.6869289Z [  99% ] [90m[1mupdate_scripts_classes[22m | [39m[0m
2026-10-07T06:18:07.6869448Z [  99% ] [90m[1mupdate_scripts_classes[22m | [39m[0m
2026-10-07T06:18:07.6869618Z [  99% ] [90m[1mupdate_scripts_classes[22m | [39m[0m
2026-10-07T06:18:07.6869786Z [  99% ] [90m[1mupdate_scripts_classes[22m | [39m[0m
2026-10-07T06:18:07.6869949Z [  99% ] [90m[1mupdate_scripts_classes[22m | [39m[0m
2026-10-07T06:18:07.6870106Z [  99% ] [90m[1mupdate_scripts_classes[22m | [39m[0m
2026-10-07T06:18:07.6870269Z [  99% ] [90m[1mupdate_scripts_classes[22m | [39m[0m
2026-10-07T06:18:07.6870432Z [  99% ] [90m[1mupdate_scripts_classes[22m | [39m[0m
2026-10-07T06:18:07.6870592Z [  99% ] [90m[1mupdate_scripts_classes[22m | [39m[0m
2026-10-07T06:18:07.6870885Z [  99% ] [90m[1mupdate_scripts_classes[22m | [39m[0m
2026-10-07T06:18:07.6871193Z [  99% ] [90m[1mupdate_scripts_classes[22m | [39m[0m
2026-10-07T06:18:07.6871485Z [  99% ] [90m[1mupdate_scripts_classes[22m | [39m[0m
2026-10-07T06:18:07.6871783Z [  99% ] [90m[1mupdate_scripts_classes[22m | [39m[0m
2026-10-07T06:18:07.6872015Z [  99% ] [90m[1mupdate_scripts_classes[22m | [39m[0m
2026-10-07T06:18:07.6872185Z [  99% ] [90m[1mupdate_scripts_classes[22m | [39m[0m
2026-10-07T06:18:07.6872343Z [  99% ] [90m[1mupdate_scripts_classes[22m | [39m[0m
2026-10-07T06:18:07.6872650Z [  99% ] [90m[1mupdate_scripts_classes[22m | [39m[0m
2026-10-07T06:18:07.6872817Z [  99% ] [90m[1mupdate_scripts_classes[22m | [39m[0m
2026-10-07T06:18:07.6872980Z [  99% ] [90m[1mupdate_scripts_classes[22m | [39m[0m
2026-10-07T06:18:07.6873137Z [  99% ] [90m[1mupdate_scripts_classes[22m | [39m[0m
2026-10-07T06:18:07.6873301Z [  99% ] [90m[1mupdate_scripts_classes[22m | [39m[0m
2026-10-07T06:18:07.6873464Z [  99% ] [90m[1mupdate_scripts_classes[22m | [39m[0m
2026-10-07T06:18:07.6873623Z [  99% ] [90m[1mupdate_scripts_classes[22m | [39m[0m
2026-10-07T06:18:07.6873787Z [  99% ] [90m[1mupdate_scripts_classes[22m | [39m[0m
2026-10-07T06:18:07.6873959Z [  99% ] [90m[1mupdate_scripts_classes[22m | [39m[0m
2026-10-07T06:18:07.6874127Z [  99% ] [90m[1mupdate_scripts_classes[22m | [39m[0m
2026-10-07T06:18:07.6874447Z [  99% ] [90m[1mupdate_scripts_classes[22m | [39m[0m
2026-10-07T06:18:07.6874744Z [  99% ] [90m[1mupdate_scripts_classes[22m | [39m[0m
2026-10-07T06:18:07.6875028Z [92m[ DONE ][39m [1mupdate_scripts_classes[22m
2026-10-07T06:18:07.6875196Z [0m
2026-10-07T06:18:07.6875596Z [   0% ] [90m[1m_update_scan_actions[22m | Started Scanning actions... (1389 steps)[39m[0m
2026-10-07T06:18:07.6875818Z [   0% ] [90m[1m_update_scan_actions[22m | autoshader.svg[39m[0m
2026-10-07T06:18:07.6876027Z [   0% ] [90m[1m_update_scan_actions[22m | color_paint.svg[39m[0m
2026-10-07T06:18:07.6876241Z [   0% ] [90m[1m_update_scan_actions[22m | height_add.svg[39m[0m
2026-10-07T06:18:07.6876444Z [   0% ] [90m[1m_update_scan_actions[22m | height_div.svg[39m[0m
2026-10-07T06:18:07.6876647Z [   0% ] [90m[1m_update_scan_actions[22m | height_flat.svg[39m[0m
2026-10-07T06:18:07.6876863Z [   0% ] [90m[1m_update_scan_actions[22m | height_mul.svg[39m[0m
2026-10-07T06:18:07.6877238Z [   0% ] [90m[1m_update_scan_actions[22m | height_slope.svg[39m[0m
2026-10-07T06:18:07.6877478Z [   0% ] [90m[1m_update_scan_actions[22m | height_smooth.svg[39m[0m
2026-10-07T06:18:07.6877890Z [   0% ] [90m[1m_update_scan_actions[22m | height_sub.svg[39m[0m
2026-10-07T06:18:07.6878232Z [   0% ] [90m[1m_update_scan_actions[22m | holes.svg[39m[0m
2026-10-07T06:18:07.6878572Z [   0% ] [90m[1m_update_scan_actions[22m | layers.svg[39m[0m
2026-10-07T06:18:07.6878845Z [   0% ] [90m[1m_update_scan_actions[22m | multimesh.svg[39m[0m
2026-10-07T06:18:07.6879047Z [   0% ] [90m[1m_update_scan_actions[22m | navigation.svg[39m[0m
2026-10-07T06:18:07.6879273Z [   0% ] [90m[1m_update_scan_actions[22m | picker_checked.svg[39m[0m
2026-10-07T06:18:07.6879472Z [   1% ] [90m[1m_update_scan_actions[22m | region_add.svg[39m[0m
2026-10-07T06:18:07.6879817Z [   1% ] [90m[1m_update_scan_actions[22m | region_remove.svg[39m[0m
2026-10-07T06:18:07.6880025Z [   1% ] [90m[1m_update_scan_actions[22m | terrain3d.svg[39m[0m
2026-10-07T06:18:07.6880237Z [   1% ] [90m[1m_update_scan_actions[22m | texture_paint.svg[39m[0m
2026-10-07T06:18:07.6880447Z [   1% ] [90m[1m_update_scan_actions[22m | texture_spray.svg[39m[0m
2026-10-07T06:18:07.6880638Z [   1% ] [90m[1m_update_scan_actions[22m | wetness.svg[39m[0m
2026-10-07T06:18:07.6880863Z [   1% ] [90m[1m_update_scan_actions[22m | ironwood_canopy.wav[39m[0m
2026-10-07T06:18:07.6881213Z [   1% ] [90m[1m_update_scan_actions[22m | meadow_birds.wav[39m[0m
2026-10-07T06:18:07.6881605Z [   1% ] [90m[1m_update_scan_actions[22m | night_insects.wav[39m[0m
2026-10-07T06:18:07.6881969Z [   1% ] [90m[1m_update_scan_actions[22m | quarry_stone.wav[39m[0m
2026-10-07T06:18:07.6882315Z [   1% ] [90m[1m_update_scan_actions[22m | river_water.wav[39m[0m
2026-10-07T06:18:07.6882758Z [   1% ] [90m[1m_update_scan_actions[22m | tether_drone.wav[39m[0m
2026-10-07T06:18:07.6882967Z [   1% ] [90m[1m_update_scan_actions[22m | wind_high.wav[39m[0m
2026-10-07T06:18:07.6883167Z [   1% ] [90m[1m_update_scan_actions[22m | wind_low.wav[39m[0m
2026-10-07T06:18:07.6883383Z [   2% ] [90m[1m_update_scan_actions[22m | chirp_alert.wav[39m[0m
2026-10-07T06:18:07.6883588Z [   2% ] [90m[1m_update_scan_actions[22m | chirp_idle.wav[39m[0m
2026-10-07T06:18:07.6883786Z [   2% ] [90m[1m_update_scan_actions[22m | growl_alert.wav[39m[0m
2026-10-07T06:18:07.6883987Z [   2% ] [90m[1m_update_scan_actions[22m | growl_idle.wav[39m[0m
2026-10-07T06:18:07.6884191Z [   2% ] [90m[1m_update_scan_actions[22m | rumble_alert.wav[39m[0m
2026-10-07T06:18:07.6884383Z [   2% ] [90m[1m_update_scan_actions[22m | rumble_idle.wav[39m[0m
2026-10-07T06:18:07.6884583Z [   2% ] [90m[1m_update_scan_actions[22m | trill_alert.wav[39m[0m
2026-10-07T06:18:07.6884784Z [   2% ] [90m[1m_update_scan_actions[22m | trill_idle.wav[39m[0m
2026-10-07T06:18:07.6885104Z [   2% ] [90m[1m_update_scan_actions[22m | music_combat.wav[39m[0m
2026-10-07T06:18:07.6885521Z [   2% ] [90m[1m_update_scan_actions[22m | music_exploration.wav[39m[0m
2026-10-07T06:18:07.6885898Z [   2% ] [90m[1m_update_scan_actions[22m | music_release.wav[39m[0m
2026-10-07T06:18:07.6886217Z [   2% ] [90m[1m_update_scan_actions[22m | music_village.wav[39m[0m
2026-10-07T06:18:07.6886423Z [   2% ] [90m[1m_update_scan_actions[22m | music_warden.wav[39m[0m
2026-10-07T06:18:07.6886633Z [   2% ] [90m[1m_update_scan_actions[22m | ability_cue_1.wav[39m[0m
2026-10-07T06:18:07.6886839Z [   3% ] [90m[1m_update_scan_actions[22m | ability_cue_2.wav[39m[0m
2026-10-07T06:18:07.6887044Z [   3% ] [90m[1m_update_scan_actions[22m | attack_miss_1.wav[39m[0m
2026-10-07T06:18:07.6887242Z [   3% ] [90m[1m_update_scan_actions[22m | attack_miss_2.wav[39m[0m
2026-10-07T06:18:07.6887453Z [   3% ] [90m[1m_update_scan_actions[22m | attack_miss_3.wav[39m[0m
2026-10-07T06:18:07.6887819Z [   3% ] [90m[1m_update_scan_actions[22m | bond_milestone.wav[39m[0m
2026-10-07T06:18:07.6888070Z [   3% ] [90m[1m_update_scan_actions[22m | build_place_thud_1.wav[39m[0m
2026-10-07T06:18:07.6888291Z [   3% ] [90m[1m_update_scan_actions[22m | build_place_thud_2.wav[39m[0m
2026-10-07T06:18:07.6888701Z [   3% ] [90m[1m_update_scan_actions[22m | catch_fail.wav[39m[0m
2026-10-07T06:18:07.6889071Z [   3% ] [90m[1m_update_scan_actions[22m | chop_wood_1.wav[39m[0m
2026-10-07T06:18:07.6889421Z [   3% ] [90m[1m_update_scan_actions[22m | chop_wood_2.wav[39m[0m
2026-10-07T06:18:07.6892466Z [   3% ] [90m[1m_update_scan_actions[22m | chop_wood_3.wav[39m[0m
2026-10-07T06:18:07.6896977Z [   3% ] [90m[1m_update_scan_actions[22m | combat_start.wav[39m[0m
2026-10-07T06:18:07.6901274Z [   3% ] [90m[1m_update_scan_actions[22m | combat_win.wav[39m[0m
2026-10-07T06:18:07.6905117Z [   3% ] [90m[1m_update_scan_actions[22m | craft_done.wav[39m[0m
2026-10-07T06:18:07.6908460Z [   4% ] [90m[1m_update_scan_actions[22m | damage_taken_1.wav[39m[0m
2026-10-07T06:18:07.6911739Z [   4% ] [90m[1m_update_scan_actions[22m | damage_taken_2.wav[39m[0m
2026-10-07T06:18:07.6915406Z [   4% ] [90m[1m_update_scan_actions[22m | damage_taken_3.wav[39m[0m
2026-10-07T06:18:07.6920078Z [   4% ] [90m[1m_update_scan_actions[22m | faint.wav[39m[0m
2026-10-07T06:18:07.6923346Z [   4% ] [90m[1m_update_scan_actions[22m | gather_plant_1.wav[39m[0m
2026-10-07T06:18:07.6926669Z [   4% ] [90m[1m_update_scan_actions[22m | gather_plant_2.wav[39m[0m
2026-10-07T06:18:07.6929906Z [   4% ] [90m[1m_update_scan_actions[22m | gather_plant_3.wav[39m[0m
2026-10-07T06:18:07.6933214Z [   4% ] [90m[1m_update_scan_actions[22m | impact_normal_1.wav[39m[0m
2026-10-07T06:18:07.6936566Z [   4% ] [90m[1m_update_scan_actions[22m | impact_normal_2.wav[39m[0m
2026-10-07T06:18:07.6939774Z [   4% ] [90m[1m_update_scan_actions[22m | impact_normal_3.wav[39m[0m
2026-10-07T06:18:07.6943260Z [   4% ] [90m[1m_update_scan_actions[22m | impact_super_1.wav[39m[0m
2026-10-07T06:18:07.6946856Z [   4% ] [90m[1m_update_scan_actions[22m | impact_super_2.wav[39m[0m
2026-10-07T06:18:07.6950303Z [   4% ] [90m[1m_update_scan_actions[22m | impact_super_3.wav[39m[0m
2026-10-07T06:18:07.6953372Z [   4% ] [90m[1m_update_scan_actions[22m | impact_weak_1.wav[39m[0m
2026-10-07T06:18:07.6956550Z [   5% ] [90m[1m_update_scan_actions[22m | impact_weak_2.wav[39m[0m
2026-10-07T06:18:07.6959549Z [   5% ] [90m[1m_update_scan_actions[22m | impact_weak_3.wav[39m[0m
2026-10-07T06:18:07.6964881Z [   5% ] [90m[1m_update_scan_actions[22m | level_up.wav[39m[0m
2026-10-07T06:18:07.6968475Z [   5% ] [90m[1m_update_scan_actions[22m | mine_stone_1.wav[39m[0m
2026-10-07T06:18:07.6972083Z [   5% ] [90m[1m_update_scan_actions[22m | mine_stone_2.wav[39m[0m
2026-10-07T06:18:07.6976067Z [   5% ] [90m[1m_update_scan_actions[22m | mine_stone_3.wav[39m[0m
2026-10-07T06:18:07.6979138Z [   5% ] [90m[1m_update_scan_actions[22m | orb_shake_1.wav[39m[0m
2026-10-07T06:18:07.6982251Z [   5% ] [90m[1m_update_scan_actions[22m | orb_shake_2.wav[39m[0m
2026-10-07T06:18:07.6995034Z [   5% ] [90m[1m_update_scan_actions[22m | orb_throw_1.wav[39m[0m
2026-10-07T06:18:07.6998343Z [   5% ] [90m[1m_update_scan_actions[22m | orb_throw_2.wav[39m[0m
2026-10-07T06:18:07.7001611Z [   5% ] [90m[1m_update_scan_actions[22m | pickup_item.wav[39m[0m
2026-10-07T06:18:07.7004979Z [   5% ] [90m[1m_update_scan_actions[22m | step_grass_1.wav[39m[0m
2026-10-07T06:18:07.7007940Z [   5% ] [90m[1m_update_scan_actions[22m | step_grass_2.wav[39m[0m
2026-10-07T06:18:07.7010978Z [   5% ] [90m[1m_update_scan_actions[22m | step_grass_3.wav[39m[0m
2026-10-07T06:18:07.7015734Z [   6% ] [90m[1m_update_scan_actions[22m | step_grass_4.wav[39m[0m
2026-10-07T06:18:07.7018719Z [   6% ] [90m[1m_update_scan_actions[22m | step_stone_1.wav[39m[0m
2026-10-07T06:18:07.7021624Z [   6% ] [90m[1m_update_scan_actions[22m | step_stone_2.wav[39m[0m
2026-10-07T06:18:07.7025130Z [   6% ] [90m[1m_update_scan_actions[22m | step_stone_3.wav[39m[0m
2026-10-07T06:18:07.7027804Z [   6% ] [90m[1m_update_scan_actions[22m | step_stone_4.wav[39m[0m
2026-10-07T06:18:07.7030950Z [   6% ] [90m[1m_update_scan_actions[22m | step_water_1.wav[39m[0m
2026-10-07T06:18:07.7034417Z [   6% ] [90m[1m_update_scan_actions[22m | step_water_2.wav[39m[0m
2026-10-07T06:18:07.7037605Z [   6% ] [90m[1m_update_scan_actions[22m | step_water_3.wav[39m[0m
2026-10-07T06:18:07.7040629Z [   6% ] [90m[1m_update_scan_actions[22m | step_wood_1.wav[39m[0m
2026-10-07T06:18:07.7043920Z [   6% ] [90m[1m_update_scan_actions[22m | step_wood_2.wav[39m[0m
2026-10-07T06:18:07.7046887Z [   6% ] [90m[1m_update_scan_actions[22m | step_wood_3.wav[39m[0m
2026-10-07T06:18:07.7072385Z [   6% ] [90m[1m_update_scan_actions[22m | release_forest_sky_bed.wav[39m[0m
2026-10-07T06:18:07.7078648Z [   6% ] [90m[1m_update_scan_actions[22m | strike_body.wav[39m[0m
2026-10-07T06:18:07.7082573Z [   6% ] [90m[1m_update_scan_actions[22m | strike_crack.wav[39m[0m
2026-10-07T06:18:07.7095287Z [   7% ] [90m[1m_update_scan_actions[22m | strike_decay.wav[39m[0m
2026-10-07T06:18:07.7100251Z [   7% ] [90m[1m_update_scan_actions[22m | strike_warning.wav[39m[0m
2026-10-07T06:18:07.7125727Z [   7% ] [90m[1m_update_scan_actions[22m | surge_break_bed.wav[39m[0m
2026-10-07T06:18:07.7151111Z [   7% ] [90m[1m_update_scan_actions[22m | surge_building_bed.wav[39m[0m
2026-10-07T06:18:07.7176664Z [   7% ] [90m[1m_update_scan_actions[22m | surge_calm_bed.wav[39m[0m
2026-10-07T06:18:07.7202102Z [   7% ] [90m[1m_update_scan_actions[22m | surge_fading_decay.wav[39m[0m
2026-10-07T06:18:07.7205829Z [   7% ] [90m[1m_update_scan_actions[22m | Banner.obj[39m[0m
2026-10-07T06:18:07.7210086Z [   7% ] [90m[1m_update_scan_actions[22m | LargeSimpleTower.obj[39m[0m
2026-10-07T06:18:07.7214806Z [   7% ] [90m[1m_update_scan_actions[22m | LargeSquareTower.obj[39m[0m
2026-10-07T06:18:07.7219819Z [   7% ] [90m[1m_update_scan_actions[22m | LargeSquareTowerBricks.obj[39m[0m
2026-10-07T06:18:07.7224429Z [   7% ] [90m[1m_update_scan_actions[22m | LargeTower.obj[39m[0m
2026-10-07T06:18:07.7229077Z [   7% ] [90m[1m_update_scan_actions[22m | PointyTower.obj[39m[0m
2026-10-07T06:18:07.7232646Z [   7% ] [90m[1m_update_scan_actions[22m | Simpletower.obj[39m[0m
2026-10-07T06:18:07.7236834Z [   7% ] [90m[1m_update_scan_actions[22m | SimpleTowerBricks.obj[39m[0m
2026-10-07T06:18:07.7241016Z [   8% ] [90m[1m_update_scan_actions[22m | SmallSquareTower.obj[39m[0m
2026-10-07T06:18:07.7245917Z [   8% ] [90m[1m_update_scan_actions[22m | SmallSquareTowerBricks.obj[39m[0m
2026-10-07T06:18:07.7249897Z [   8% ] [90m[1m_update_scan_actions[22m | SmallTower.obj[39m[0m
2026-10-07T06:18:07.7253262Z [   8% ] [90m[1m_update_scan_actions[22m | TallWall.obj[39m[0m
2026-10-07T06:18:07.7256991Z [   8% ] [90m[1m_update_scan_actions[22m | TallWallBricks.obj[39m[0m
2026-10-07T06:18:07.7260711Z [   8% ] [90m[1m_update_scan_actions[22m | TallWallEntrance.obj[39m[0m
2026-10-07T06:18:07.7265582Z [   8% ] [90m[1m_update_scan_actions[22m | Tower.obj[39m[0m
2026-10-07T06:18:07.7268939Z [   8% ] [90m[1m_update_scan_actions[22m | Wall.obj[39m[0m
2026-10-07T06:18:07.7272601Z [   8% ] [90m[1m_update_scan_actions[22m | WallBricks.obj[39m[0m
2026-10-07T06:18:07.7276535Z [   8% ] [90m[1m_update_scan_actions[22m | WallEntrance.obj[39m[0m
2026-10-07T06:18:07.7280310Z [   8% ] [90m[1m_update_scan_actions[22m | WallEntranceBricks.obj[39m[0m
2026-10-07T06:18:07.7284497Z [   8% ] [90m[1m_update_scan_actions[22m | Watchtower.obj[39m[0m
2026-10-07T06:18:07.7294950Z [   8% ] [90m[1m_update_scan_actions[22m | WatchTowerWRoof.obj[39m[0m
2026-10-07T06:18:07.7297967Z [   8% ] [90m[1m_update_scan_actions[22m | Balcony_Cross_Corner.gltf[39m[0m
2026-10-07T06:18:07.7300810Z [   9% ] [90m[1m_update_scan_actions[22m | Balcony_Cross_Straight.gltf[39m[0m
2026-10-07T06:18:07.7304801Z [   9% ] [90m[1m_update_scan_actions[22m | Balcony_Simple_Corner.gltf[39m[0m
2026-10-07T06:18:07.7307633Z [   9% ] [90m[1m_update_scan_actions[22m | Balcony_Simple_Straight.gltf[39m[0m
2026-10-07T06:18:07.7310386Z [   9% ] [90m[1m_update_scan_actions[22m | Corner_ExteriorWide_Wood.gltf[39m[0m
2026-10-07T06:18:07.7314946Z [   9% ] [90m[1m_update_scan_actions[22m | Corner_Exterior_Brick.gltf[39m[0m
2026-10-07T06:18:07.7317652Z [   9% ] [90m[1m_update_scan_actions[22m | Corner_Exterior_Wood.gltf[39m[0m
2026-10-07T06:18:07.7320458Z [   9% ] [90m[1m_update_scan_actions[22m | DoorFrame_Flat_WoodDark.gltf[39m[0m
2026-10-07T06:18:07.7323601Z [   9% ] [90m[1m_update_scan_actions[22m | Door_1_Flat.gltf[39m[0m
2026-10-07T06:18:07.7328771Z [   9% ] [90m[1m_update_scan_actions[22m | Door_2_Flat.gltf[39m[0m
2026-10-07T06:18:07.7332075Z [   9% ] [90m[1m_update_scan_actions[22m | Door_8_Flat.gltf[39m[0m
2026-10-07T06:18:07.7335188Z [   9% ] [90m[1m_update_scan_actions[22m | Floor_UnevenBrick.gltf[39m[0m
2026-10-07T06:18:07.7337859Z [   9% ] [90m[1m_update_scan_actions[22m | Floor_WoodDark.gltf[39m[0m
2026-10-07T06:18:07.7340921Z [   9% ] [90m[1m_update_scan_actions[22m | Overhang_Plaster_Corner.gltf[39m[0m
2026-10-07T06:18:07.7344161Z [  10% ] [90m[1m_update_scan_actions[22m | Overhang_Plaster_Corner_Front.gltf[39m[0m
2026-10-07T06:18:07.7346960Z [  10% ] [90m[1m_update_scan_actions[22m | Overhang_Plaster_Long.gltf[39m[0m
2026-10-07T06:18:07.7349871Z [  10% ] [90m[1m_update_scan_actions[22m | Overhang_Plaster_Short.gltf[39m[0m
2026-10-07T06:18:07.7352726Z [  10% ] [90m[1m_update_scan_actions[22m | Overhang_RoofIncline_Plaster.gltf[39m[0m
2026-10-07T06:18:07.7355732Z [  10% ] [90m[1m_update_scan_actions[22m | Overhang_Roof_Plaster.gltf[39m[0m
2026-10-07T06:18:07.7358478Z [  10% ] [90m[1m_update_scan_actions[22m | Prop_Brick1.gltf[39m[0m
2026-10-07T06:18:07.7361192Z [  10% ] [90m[1m_update_scan_actions[22m | Prop_Brick2.gltf[39m[0m
2026-10-07T06:18:07.7364367Z [  10% ] [90m[1m_update_scan_actions[22m | Prop_Brick3.gltf[39m[0m
2026-10-07T06:18:07.7367164Z [  10% ] [90m[1m_update_scan_actions[22m | Prop_Brick4.gltf[39m[0m
2026-10-07T06:18:07.7369961Z [  10% ] [90m[1m_update_scan_actions[22m | Prop_Chimney2.gltf[39m[0m
2026-10-07T06:18:07.7373222Z [  10% ] [90m[1m_update_scan_actions[22m | Prop_Chimney.gltf[39m[0m
2026-10-07T06:18:07.7376215Z [  10% ] [90m[1m_update_scan_actions[22m | Prop_Crate.gltf[39m[0m
2026-10-07T06:18:07.7379090Z [  10% ] [90m[1m_update_scan_actions[22m | Prop_ExteriorBorder_Corner.gltf[39m[0m
2026-10-07T06:18:07.7381850Z [  10% ] [90m[1m_update_scan_actions[22m | Prop_ExteriorBorder_Straight1.gltf[39m[0m
2026-10-07T06:18:07.7384923Z [  11% ] [90m[1m_update_scan_actions[22m | Prop_ExteriorBorder_Straight2.gltf[39m[0m
2026-10-07T06:18:07.7389694Z [  11% ] [90m[1m_update_scan_actions[22m | Prop_MetalFence_Ornament.gltf[39m[0m
2026-10-07T06:18:07.7393905Z [  11% ] [90m[1m_update_scan_actions[22m | Prop_MetalFence_Simple.gltf[39m[0m
2026-10-07T06:18:07.7396585Z [  11% ] [90m[1m_update_scan_actions[22m | Prop_Support.gltf[39m[0m
2026-10-07T06:18:07.7399337Z [  11% ] [90m[1m_update_scan_actions[22m | Prop_Vine1.gltf[39m[0m
2026-10-07T06:18:07.7402112Z [  11% ] [90m[1m_update_scan_actions[22m | Prop_Vine2.gltf[39m[0m
2026-10-07T06:18:07.7405193Z [  11% ] [90m[1m_update_scan_actions[22m | Prop_Vine4.gltf[39m[0m
2026-10-07T06:18:07.7408002Z [  11% ] [90m[1m_update_scan_actions[22m | Prop_Vine5.gltf[39m[0m
2026-10-07T06:18:07.7410814Z [  11% ] [90m[1m_update_scan_actions[22m | Prop_Vine6.gltf[39m[0m
2026-10-07T06:18:07.7413909Z [  11% ] [90m[1m_update_scan_actions[22m | Prop_Vine9.gltf[39m[0m
2026-10-07T06:18:07.7417657Z [  11% ] [90m[1m_update_scan_actions[22m | Prop_Wagon.gltf[39m[0m
2026-10-07T06:18:07.7420610Z [  11% ] [90m[1m_update_scan_actions[22m | Prop_WoodenFence_Extension1.gltf[39m[0m
2026-10-07T06:18:07.7423825Z [  11% ] [90m[1m_update_scan_actions[22m | Prop_WoodenFence_Extension2.gltf[39m[0m
2026-10-07T06:18:07.7427214Z [  11% ] [90m[1m_update_scan_actions[22m | Prop_WoodenFence_Single.gltf[39m[0m
2026-10-07T06:18:07.7430645Z [  12% ] [90m[1m_update_scan_actions[22m | Roof_Dormer_RoundTile.gltf[39m[0m
2026-10-07T06:18:07.7433392Z [  12% ] [90m[1m_update_scan_actions[22m | Roof_FrontSupports.gltf[39m[0m
2026-10-07T06:18:07.7436945Z [  12% ] [90m[1m_update_scan_actions[22m | Roof_Front_Brick4.gltf[39m[0m
2026-10-07T06:18:07.7440197Z [  12% ] [90m[1m_update_scan_actions[22m | Roof_Front_Brick6.gltf[39m[0m
2026-10-07T06:18:07.7443240Z [  12% ] [90m[1m_update_scan_actions[22m | Roof_Front_Brick8.gltf[39m[0m
2026-10-07T06:18:07.7446199Z [  12% ] [90m[1m_update_scan_actions[22m | Roof_Log.gltf[39m[0m
2026-10-07T06:18:07.7450197Z [  12% ] [90m[1m_update_scan_actions[22m | Roof_RoundTiles_4x4.gltf[39m[0m
2026-10-07T06:18:07.7454775Z [  12% ] [90m[1m_update_scan_actions[22m | Roof_RoundTiles_4x6.gltf[39m[0m
2026-10-07T06:18:07.7459339Z [  12% ] [90m[1m_update_scan_actions[22m | Roof_RoundTiles_4x8.gltf[39m[0m
2026-10-07T06:18:07.7463225Z [  12% ] [90m[1m_update_scan_actions[22m | Roof_RoundTiles_6x4.gltf[39m[0m
2026-10-07T06:18:07.7467901Z [  12% ] [90m[1m_update_scan_actions[22m | Roof_RoundTiles_6x6.gltf[39m[0m
2026-10-07T06:18:07.7472757Z [  12% ] [90m[1m_update_scan_actions[22m | Roof_RoundTiles_6x8.gltf[39m[0m
2026-10-07T06:18:07.7478259Z [  12% ] [90m[1m_update_scan_actions[22m | Roof_RoundTiles_6x10.gltf[39m[0m
2026-10-07T06:18:07.7481377Z [  12% ] [90m[1m_update_scan_actions[22m | Roof_RoundTile_2x1.gltf[39m[0m
2026-10-07T06:18:07.7503609Z [  13% ] [90m[1m_update_scan_actions[22m | Roof_RoundTile_2x1_Long.gltf[39m[0m
2026-10-07T06:18:07.7504668Z [  13% ] [90m[1m_update_scan_actions[22m | Roof_Support2.gltf[39m[0m
2026-10-07T06:18:07.7505697Z [  13% ] [90m[1m_update_scan_actions[22m | Stairs_Exterior_Platform.gltf[39m[0m
2026-10-07T06:18:07.7506778Z [  13% ] [90m[1m_update_scan_actions[22m | Stairs_Exterior_Straight.gltf[39m[0m
2026-10-07T06:18:07.7578597Z [  13% ] [90m[1m_update_scan_actions[22m | T_Brick_BaseColor.png[39m[0m
2026-10-07T06:18:07.7701109Z [  13% ] [90m[1m_update_scan_actions[22m | T_Brick_Normal.png[39m[0m
2026-10-07T06:18:07.7754529Z [  13% ] [90m[1m_update_scan_actions[22m | T_Brick_Roughness.png[39m[0m
2026-10-07T06:18:07.7780042Z [  13% ] [90m[1m_update_scan_actions[22m | T_MetalOrnaments_BaseColor.png[39m[0m
2026-10-07T06:18:07.7787642Z [  13% ] [90m[1m_update_scan_actions[22m | T_MetalOrnaments_Roughness.png[39m[0m
2026-10-07T06:18:07.7887198Z [  13% ] [90m[1m_update_scan_actions[22m | T_Plaster_BaseColor.png[39m[0m
2026-10-07T06:18:07.8008673Z [  13% ] [90m[1m_update_scan_actions[22m | T_Plaster_Normal.png[39m[0m
2026-10-07T06:18:07.8093175Z [  13% ] [90m[1m_update_scan_actions[22m | T_Plaster_ORM.png[39m[0m
2026-10-07T06:18:07.8177987Z [  13% ] [90m[1m_update_scan_actions[22m | T_RedBrick_BaseColor.png[39m[0m
2026-10-07T06:18:07.8252312Z [  13% ] [90m[1m_update_scan_actions[22m | T_RockTrim_BaseColor.png[39m[0m
2026-10-07T06:18:07.8362939Z [  14% ] [90m[1m_update_scan_actions[22m | T_RockTrim_Normal.png[39m[0m
2026-10-07T06:18:07.8432226Z [  14% ] [90m[1m_update_scan_actions[22m | T_RockTrim_ORM.png[39m[0m
2026-10-07T06:18:07.8549642Z [  14% ] [90m[1m_update_scan_actions[22m | T_RoundTiles_BaseColor.png[39m[0m
2026-10-07T06:18:07.8656707Z [  14% ] [90m[1m_update_scan_actions[22m | T_RoundTiles_Normal.png[39m[0m
2026-10-07T06:18:07.8725759Z [  14% ] [90m[1m_update_scan_actions[22m | T_RoundTiles_Roughness.png[39m[0m
2026-10-07T06:18:07.8831113Z [  14% ] [90m[1m_update_scan_actions[22m | T_UnevenBrick_BaseColor.png[39m[0m
2026-10-07T06:18:07.8952519Z [  14% ] [90m[1m_update_scan_actions[22m | T_UnevenBrick_Normal.png[39m[0m
2026-10-07T06:18:07.9029044Z [  14% ] [90m[1m_update_scan_actions[22m | T_UnevenBrick_Roughness.png[39m[0m
2026-10-07T06:18:07.9039274Z [  14% ] [90m[1m_update_scan_actions[22m | T_VineLeaf_png.png[39m[0m
2026-10-07T06:18:07.9129386Z [  14% ] [90m[1m_update_scan_actions[22m | T_WoodTrim_BaseColor.png[39m[0m
2026-10-07T06:18:07.9247070Z [  14% ] [90m[1m_update_scan_actions[22m | T_WoodTrim_Normal.png[39m[0m
2026-10-07T06:18:07.9330015Z [  14% ] [90m[1m_update_scan_actions[22m | T_WoodTrim_Roughness.png[39m[0m
2026-10-07T06:18:07.9332957Z [  14% ] [90m[1m_update_scan_actions[22m | Wall_Arch.gltf[39m[0m
2026-10-07T06:18:07.9336269Z [  14% ] [90m[1m_update_scan_actions[22m | Wall_BottomCover.gltf[39m[0m
2026-10-07T06:18:07.9339322Z [  15% ] [90m[1m_update_scan_actions[22m | Wall_Plaster_Door_Flat.gltf[39m[0m
2026-10-07T06:18:07.9342190Z [  15% ] [90m[1m_update_scan_actions[22m | Wall_Plaster_Straight.gltf[39m[0m
2026-10-07T06:18:07.9345532Z [  15% ] [90m[1m_update_scan_actions[22m | Wall_Plaster_Straight_Base.gltf[39m[0m
2026-10-07T06:18:07.9348439Z [  15% ] [90m[1m_update_scan_actions[22m | Wall_Plaster_Straight_L.gltf[39m[0m
2026-10-07T06:18:07.9351283Z [  15% ] [90m[1m_update_scan_actions[22m | Wall_Plaster_Straight_R.gltf[39m[0m
2026-10-07T06:18:07.9354658Z [  15% ] [90m[1m_update_scan_actions[22m | Wall_Plaster_Window_Thin_Round.gltf[39m[0m
2026-10-07T06:18:07.9357568Z [  15% ] [90m[1m_update_scan_actions[22m | Wall_Plaster_Window_Wide_Flat2.gltf[39m[0m
2026-10-07T06:18:07.9360457Z [  15% ] [90m[1m_update_scan_actions[22m | Wall_Plaster_Window_Wide_Flat.gltf[39m[0m
2026-10-07T06:18:07.9363406Z [  15% ] [90m[1m_update_scan_actions[22m | Wall_Plaster_WoodGrid.gltf[39m[0m
2026-10-07T06:18:07.9366506Z [  15% ] [90m[1m_update_scan_actions[22m | Wall_UnevenBrick_Door_Flat.gltf[39m[0m
2026-10-07T06:18:07.9369366Z [  15% ] [90m[1m_update_scan_actions[22m | Wall_UnevenBrick_Straight.gltf[39m[0m
2026-10-07T06:18:07.9372316Z [  15% ] [90m[1m_update_scan_actions[22m | Wall_UnevenBrick_Window_Wide_Flat.gltf[39m[0m
2026-10-07T06:18:07.9375402Z [  15% ] [90m[1m_update_scan_actions[22m | WindowShutters_Thin_Flat_Open.gltf[39m[0m
2026-10-07T06:18:07.9378192Z [  15% ] [90m[1m_update_scan_actions[22m | WindowShutters_Wide_Flat_Open.gltf[39m[0m
2026-10-07T06:18:07.9381107Z [  16% ] [90m[1m_update_scan_actions[22m | Window_Thin_Flat1.gltf[39m[0m
2026-10-07T06:18:07.9384326Z [  16% ] [90m[1m_update_scan_actions[22m | Window_Wide_Flat1.gltf[39m[0m
2026-10-07T06:18:07.9560832Z [  16% ] [90m[1m_update_scan_actions[22m | alpha_tracker_lod0.glb[39m[0m
2026-10-07T06:18:07.9709632Z [  16% ] [90m[1m_update_scan_actions[22m | alpha_tracker_lod0_texture_0.png[39m[0m
2026-10-07T06:18:07.9868756Z [  16% ] [90m[1m_update_scan_actions[22m | captain_a_lod0.glb[39m[0m
2026-10-07T06:18:07.9984317Z [  16% ] [90m[1m_update_scan_actions[22m | captain_a_lod0_texture_0.png[39m[0m
2026-10-07T06:18:08.0146128Z [  16% ] [90m[1m_update_scan_actions[22m | captain_b_lod0.glb[39m[0m
2026-10-07T06:18:08.0264094Z [  16% ] [90m[1m_update_scan_actions[22m | captain_b_lod0_texture_0.png[39m[0m
2026-10-07T06:18:08.0441651Z [  16% ] [90m[1m_update_scan_actions[22m | courier_lod0.glb[39m[0m
2026-10-07T06:18:08.0591959Z [  16% ] [90m[1m_update_scan_actions[22m | courier_lod0_texture_0.png[39m[0m
2026-10-07T06:18:08.0714437Z [  16% ] [90m[1m_update_scan_actions[22m | craftsperson_cloth_clean.png[39m[0m
2026-10-07T06:18:08.0898184Z [  16% ] [90m[1m_update_scan_actions[22m | craftsperson_lod0.glb[39m[0m
2026-10-07T06:18:08.1047706Z [  16% ] [90m[1m_update_scan_actions[22m | craftsperson_lod0_texture_0.png[39m[0m
2026-10-07T06:18:08.1212025Z [  16% ] [90m[1m_update_scan_actions[22m | creature_caretaker_lod0.glb[39m[0m
2026-10-07T06:18:08.1349370Z [  17% ] [90m[1m_update_scan_actions[22m | creature_caretaker_lod0_texture_0.png[39m[0m
2026-10-07T06:18:08.1507727Z [  17% ] [90m[1m_update_scan_actions[22m | farmer_lod0.glb[39m[0m
2026-10-07T06:18:08.1646625Z [  17% ] [90m[1m_update_scan_actions[22m | farmer_lod0_texture_0.png[39m[0m
2026-10-07T06:18:08.1818479Z [  17% ] [90m[1m_update_scan_actions[22m | field_researcher_lod0.glb[39m[0m
2026-10-07T06:18:08.1963278Z [  17% ] [90m[1m_update_scan_actions[22m | field_researcher_lod0_texture_0.png[39m[0m
2026-10-07T06:18:08.2117118Z [  17% ] [90m[1m_update_scan_actions[22m | former_tether_member_lod0.glb[39m[0m
2026-10-07T06:18:08.2248171Z [  17% ] [90m[1m_update_scan_actions[22m | former_tether_member_lod0_texture_0.png[39m[0m
2026-10-07T06:18:08.2438062Z [  17% ] [90m[1m_update_scan_actions[22m | grandpa_lod0.glb[39m[0m
2026-10-07T06:18:08.2640373Z [  17% ] [90m[1m_update_scan_actions[22m | grandpa_lod0_texture_0.png[39m[0m
2026-10-07T06:18:08.2795725Z [  17% ] [90m[1m_update_scan_actions[22m | grunt_lod0.glb[39m[0m
2026-10-07T06:18:08.2960810Z [  17% ] [90m[1m_update_scan_actions[22m | grunt_lod0_texture_0.png[39m[0m
2026-10-07T06:18:08.3108641Z [  17% ] [90m[1m_update_scan_actions[22m | grunt_a_lod0.glb[39m[0m
2026-10-07T06:18:08.3218943Z [  17% ] [90m[1m_update_scan_actions[22m | grunt_a_lod0_texture_0.png[39m[0m
2026-10-07T06:18:08.3374212Z [  17% ] [90m[1m_update_scan_actions[22m | grunt_b_lod0.glb[39m[0m
2026-10-07T06:18:08.3485651Z [  18% ] [90m[1m_update_scan_actions[22m | grunt_b_lod0_texture_0.png[39m[0m
2026-10-07T06:18:08.3638024Z [  18% ] [90m[1m_update_scan_actions[22m | grunt_c_lod0.glb[39m[0m
2026-10-07T06:18:08.3753778Z [  18% ] [90m[1m_update_scan_actions[22m | grunt_c_lod0_texture_0.png[39m[0m
2026-10-07T06:18:08.3919558Z [  18% ] [90m[1m_update_scan_actions[22m | innkeeper_lod0.glb[39m[0m
2026-10-07T06:18:08.4063101Z [  18% ] [90m[1m_update_scan_actions[22m | innkeeper_lod0_texture_0.png[39m[0m
2026-10-07T06:18:08.4221544Z [  18% ] [90m[1m_update_scan_actions[22m | inn_helper_lod0.glb[39m[0m
2026-10-07T06:18:08.4355285Z [  18% ] [90m[1m_update_scan_actions[22m | inn_helper_lod0_texture_0.png[39m[0m
2026-10-07T06:18:08.4562764Z [  18% ] [90m[1m_update_scan_actions[22m | kael_lod0.glb[39m[0m
2026-10-07T06:18:08.4721988Z [  18% ] [90m[1m_update_scan_actions[22m | kael_lod0_texture_0.png[39m[0m
2026-10-07T06:18:08.4884327Z [  18% ] [90m[1m_update_scan_actions[22m | local_historian_lod0.glb[39m[0m
2026-10-07T06:18:08.5020099Z [  18% ] [90m[1m_update_scan_actions[22m | local_historian_lod0_texture_0.png[39m[0m
2026-10-07T06:18:08.5175775Z [  18% ] [90m[1m_update_scan_actions[22m | lost_traveler_lod0.glb[39m[0m
2026-10-07T06:18:08.5308476Z [  18% ] [90m[1m_update_scan_actions[22m | lost_traveler_lod0_texture_0.png[39m[0m
2026-10-07T06:18:08.5528383Z [  18% ] [90m[1m_update_scan_actions[22m | lyra_lod0.glb[39m[0m
2026-10-07T06:18:08.5691263Z [  19% ] [90m[1m_update_scan_actions[22m | lyra_lod0_texture_0.png[39m[0m
2026-10-07T06:18:08.5847227Z [  19% ] [90m[1m_update_scan_actions[22m | officer_a_lod0.glb[39m[0m
2026-10-07T06:18:08.5961718Z [  19% ] [90m[1m_update_scan_actions[22m | officer_a_lod0_texture_0.png[39m[0m
2026-10-07T06:18:08.6115076Z [  19% ] [90m[1m_update_scan_actions[22m | officer_b_lod0.glb[39m[0m
2026-10-07T06:18:08.6223963Z [  19% ] [90m[1m_update_scan_actions[22m | officer_b_lod0_texture_0.png[39m[0m
2026-10-07T06:18:08.6394901Z [  19% ] [90m[1m_update_scan_actions[22m | rival_trainer_lod0.glb[39m[0m
2026-10-07T06:18:08.6542145Z [  19% ] [90m[1m_update_scan_actions[22m | rival_trainer_lod0_texture_0.png[39m[0m
2026-10-07T06:18:08.6745168Z [  19% ] [90m[1m_update_scan_actions[22m | sera_lod0.glb[39m[0m
2026-10-07T06:18:08.6897990Z [  19% ] [90m[1m_update_scan_actions[22m | sera_lod0_texture_0.png[39m[0m
2026-10-07T06:18:08.7059117Z [  19% ] [90m[1m_update_scan_actions[22m | trader_lod0.glb[39m[0m
2026-10-07T06:18:08.7191712Z [  19% ] [90m[1m_update_scan_actions[22m | trader_lod0_texture_0.png[39m[0m
2026-10-07T06:18:08.7377186Z [  19% ] [90m[1m_update_scan_actions[22m | trainer_lod0.glb[39m[0m
2026-10-07T06:18:08.7576459Z [  19% ] [90m[1m_update_scan_actions[22m | trainer_lod0_texture_0.png[39m[0m
2026-10-07T06:18:08.7767175Z [  20% ] [90m[1m_update_scan_actions[22m | trainer_teal_accent.png[39m[0m
2026-10-07T06:18:08.7940916Z [  20% ] [90m[1m_update_scan_actions[22m | villager_female_lod0.glb[39m[0m
2026-10-07T06:18:08.7988891Z [  20% ] [90m[1m_update_scan_actions[22m | villager_female_lod0_hair_mask.png[39m[0m
2026-10-07T06:18:08.8048484Z [  20% ] [90m[1m_update_scan_actions[22m | villager_female_lod0_shins_tex.png[39m[0m
2026-10-07T06:18:08.8226009Z [  20% ] [90m[1m_update_scan_actions[22m | villager_female_lod0_texture_0.png[39m[0m
2026-10-07T06:18:08.8418370Z [  20% ] [90m[1m_update_scan_actions[22m | villager_male_lod0.glb[39m[0m
2026-10-07T06:18:08.8463546Z [  20% ] [90m[1m_update_scan_actions[22m | villager_male_lod0_hair_mask.png[39m[0m
2026-10-07T06:18:08.8640955Z [  20% ] [90m[1m_update_scan_actions[22m | villager_male_lod0_texture_0.png[39m[0m
2026-10-07T06:18:08.8720604Z [  20% ] [90m[1m_update_scan_actions[22m | villager_male_lod0_trousers_tex.png[39m[0m
2026-10-07T06:18:08.8892966Z [  20% ] [90m[1m_update_scan_actions[22m | wandering_trainer_lod0.glb[39m[0m
2026-10-07T06:18:08.9077135Z [  20% ] [90m[1m_update_scan_actions[22m | wandering_trainer_lod0_texture_0.png[39m[0m
2026-10-07T06:18:08.9256088Z [  20% ] [90m[1m_update_scan_actions[22m | warden_lod0.glb[39m[0m
2026-10-07T06:18:08.9439963Z [  20% ] [90m[1m_update_scan_actions[22m | warden_lod0_texture_0.png[39m[0m
2026-10-07T06:18:08.9612758Z [  20% ] [90m[1m_update_scan_actions[22m | young_trainer_lod0.glb[39m[0m
2026-10-07T06:18:08.9759393Z [  21% ] [90m[1m_update_scan_actions[22m | young_trainer_lod0_texture_0.png[39m[0m
2026-10-07T06:18:08.9775121Z [  21% ] [90m[1m_update_scan_actions[22m | Ranger.glb[39m[0m
2026-10-07T06:18:08.9790986Z [  21% ] [90m[1m_update_scan_actions[22m | Ranger_ranger_texture.png[39m[0m
2026-10-07T06:18:08.9814793Z [  21% ] [90m[1m_update_scan_actions[22m | Rig_Medium_General.glb[39m[0m
2026-10-07T06:18:08.9834719Z [  21% ] [90m[1m_update_scan_actions[22m | Rig_Medium_MovementBasic.glb[39m[0m
2026-10-07T06:18:08.9893251Z [  21% ] [90m[1m_update_scan_actions[22m | bruno-the-bear.glb[39m[0m
2026-10-07T06:18:08.9926380Z [  21% ] [90m[1m_update_scan_actions[22m | bruno-the-bear_0.png[39m[0m
2026-10-07T06:18:08.9937836Z [  21% ] [90m[1m_update_scan_actions[22m | bruno-the-bear_1.png[39m[0m
2026-10-07T06:18:08.9942660Z [  21% ] [90m[1m_update_scan_actions[22m | bruno-the-bear_2.png[39m[0m
2026-10-07T06:18:08.9947506Z [  21% ] [90m[1m_update_scan_actions[22m | bruno-the-bear_3.png[39m[0m
2026-10-07T06:18:08.9952344Z [  21% ] [90m[1m_update_scan_actions[22m | bruno-the-bear_4.png[39m[0m
2026-10-07T06:18:09.0008842Z [  21% ] [90m[1m_update_scan_actions[22m | ernie-the-duck.glb[39m[0m
2026-10-07T06:18:09.0042969Z [  21% ] [90m[1m_update_scan_actions[22m | ernie-the-duck_0.png[39m[0m
2026-10-07T06:18:09.0054379Z [  21% ] [90m[1m_update_scan_actions[22m | ernie-the-duck_1.png[39m[0m
2026-10-07T06:18:09.0059138Z [  22% ] [90m[1m_update_scan_actions[22m | ernie-the-duck_2.png[39m[0m
2026-10-07T06:18:09.0064331Z [  22% ] [90m[1m_update_scan_actions[22m | ernie-the-duck_3.png[39m[0m
2026-10-07T06:18:09.0069646Z [  22% ] [90m[1m_update_scan_actions[22m | ernie-the-duck_4.png[39m[0m
2026-10-07T06:18:09.0129303Z [  22% ] [90m[1m_update_scan_actions[22m | ollie-the-songbird.glb[39m[0m
2026-10-07T06:18:09.0166053Z [  22% ] [90m[1m_update_scan_actions[22m | ollie-the-songbird_0.png[39m[0m
2026-10-07T06:18:09.0177878Z [  22% ] [90m[1m_update_scan_actions[22m | ollie-the-songbird_1.png[39m[0m
2026-10-07T06:18:09.0183062Z [  22% ] [90m[1m_update_scan_actions[22m | ollie-the-songbird_2.png[39m[0m
2026-10-07T06:18:09.0188213Z [  22% ] [90m[1m_update_scan_actions[22m | ollie-the-songbird_3.png[39m[0m
2026-10-07T06:18:09.0193728Z [  22% ] [90m[1m_update_scan_actions[22m | ollie-the-songbird_4.png[39m[0m
2026-10-07T06:18:09.0427269Z [  22% ] [90m[1m_update_scan_actions[22m | abyssal_guardian_extracted_base_color.png[39m[0m
2026-10-07T06:18:09.0465436Z [  22% ] [90m[1m_update_scan_actions[22m | abyssal_guardian_extracted_base_color_vivid.png[39m[0m
2026-10-07T06:18:09.0660984Z [  22% ] [90m[1m_update_scan_actions[22m | creature_abyssal_guardian_lod0.glb[39m[0m
2026-10-07T06:18:09.0789655Z [  22% ] [90m[1m_update_scan_actions[22m | creature_abyssal_guardian_lod0_Image_0.jpg[39m[0m
2026-10-07T06:18:09.0872840Z [  22% ] [90m[1m_update_scan_actions[22m | creature_abyssal_guardian_lod0_Image_1.jpg[39m[0m
2026-10-07T06:18:09.0979017Z [  23% ] [90m[1m_update_scan_actions[22m | creature_abyssal_guardian_lod0_Image_2.jpg[39m[0m
2026-10-07T06:18:09.1012944Z [  23% ] [90m[1m_update_scan_actions[22m | aeriex_extracted_base_color_vivid.png[39m[0m
2026-10-07T06:18:09.1158448Z [  23% ] [90m[1m_update_scan_actions[22m | creature_aeriex_lod0.glb[39m[0m
2026-10-07T06:18:09.1255128Z [  23% ] [90m[1m_update_scan_actions[22m | creature_aeriex_lod0_Image_0.jpg[39m[0m
2026-10-07T06:18:09.1294135Z [  23% ] [90m[1m_update_scan_actions[22m | aquaryn_extracted_base_color_shiny.png[39m[0m
2026-10-07T06:18:09.1331590Z [  23% ] [90m[1m_update_scan_actions[22m | aquaryn_extracted_base_color_vivid.png[39m[0m
2026-10-07T06:18:09.1475706Z [  23% ] [90m[1m_update_scan_actions[22m | creature_aquaryn_lod0.glb[39m[0m
2026-10-07T06:18:09.1580353Z [  23% ] [90m[1m_update_scan_actions[22m | creature_aquaryn_lod0_Image_0.jpg[39m[0m
2026-10-07T06:18:09.1581950Z [  23% ] [90m[1m_update_scan_actions[22m | bramblebun_extracted_base_color.png[39m[0m
2026-10-07T06:18:09.1621836Z [  23% ] [90m[1m_update_scan_actions[22m | bramblebun_extracted_base_color_shiny.png[39m[0m
2026-10-07T06:18:09.1661775Z [  23% ] [90m[1m_update_scan_actions[22m | bramblebun_extracted_base_color_vivid.png[39m[0m
2026-10-07T06:18:09.1663532Z [  23% ] [90m[1m_update_scan_actions[22m | bramblebun_extracted_emissive.png[39m[0m
2026-10-07T06:18:09.1680690Z [  23% ] [90m[1m_update_scan_actions[22m | bramblebun_extracted_emissive_shiny.png[39m[0m
2026-10-07T06:18:09.1698491Z [  23% ] [90m[1m_update_scan_actions[22m | bramblebun_extracted_emissive_vivid.png[39m[0m
2026-10-07T06:18:09.1856666Z [  24% ] [90m[1m_update_scan_actions[22m | creature_bramblebun_lod0.glb[39m[0m
2026-10-07T06:18:09.1966412Z [  24% ] [90m[1m_update_scan_actions[22m | creature_bramblebun_lod0_base_color.jpg[39m[0m
2026-10-07T06:18:09.2020999Z [  24% ] [90m[1m_update_scan_actions[22m | creature_bramblebun_lod0_emissive.jpg[39m[0m
2026-10-07T06:18:09.2097238Z [  24% ] [90m[1m_update_scan_actions[22m | creature_bramblebun_lod0_metallic_roughness.jpg[39m[0m
2026-10-07T06:18:09.2237510Z [  24% ] [90m[1m_update_scan_actions[22m | creature_bramblebun_lod0_normal.jpg[39m[0m
2026-10-07T06:18:09.2435237Z [  24% ] [90m[1m_update_scan_actions[22m | bramblebun_redesign_extracted_base_color.png[39m[0m
2026-10-07T06:18:09.2466631Z [  24% ] [90m[1m_update_scan_actions[22m | bramblebun_redesign_extracted_base_color_vivid.png[39m[0m
2026-10-07T06:18:09.2676014Z [  24% ] [90m[1m_update_scan_actions[22m | creature_bramblebun_redesign_lod0.glb[39m[0m
2026-10-07T06:18:09.2790065Z [  24% ] [90m[1m_update_scan_actions[22m | creature_bramblebun_redesign_lod0_base_color.jpg[39m[0m
2026-10-07T06:18:09.2870418Z [  24% ] [90m[1m_update_scan_actions[22m | creature_bramblebun_redesign_lod0_metallic_roughness.jpg[39m[0m
2026-10-07T06:18:09.2966588Z [  24% ] [90m[1m_update_scan_actions[22m | creature_bramblebun_redesign_lod0_normal.jpg[39m[0m
2026-10-07T06:18:09.3010286Z [  24% ] [90m[1m_update_scan_actions[22m | breezetail_extracted_base_color_shiny.png[39m[0m
2026-10-07T06:18:09.3049730Z [  24% ] [90m[1m_update_scan_actions[22m | breezetail_extracted_base_color_vivid.png[39m[0m
2026-10-07T06:18:09.3170993Z [  24% ] [90m[1m_update_scan_actions[22m | creature_breezetail_lod0.glb[39m[0m
2026-10-07T06:18:09.3268145Z [  25% ] [90m[1m_update_scan_actions[22m | creature_breezetail_lod0_Image_0.jpg[39m[0m
2026-10-07T06:18:09.3487799Z [  25% ] [90m[1m_update_scan_actions[22m | creature_brooktail_lod0.glb[39m[0m
2026-10-07T06:18:09.3650545Z [  25% ] [90m[1m_update_scan_actions[22m | creature_brooktail_lod0_base_color.png[39m[0m
2026-10-07T06:18:09.3688028Z [  25% ] [90m[1m_update_scan_actions[22m | creature_brooktail_lod0_base_color_shiny.png[39m[0m
2026-10-07T06:18:09.3723530Z [  25% ] [90m[1m_update_scan_actions[22m | creature_brooktail_lod0_base_color_vivid.png[39m[0m
2026-10-07T06:18:09.3726995Z [  25% ] [90m[1m_update_scan_actions[22m | creature_brooktail_lod0_emissive.png[39m[0m
2026-10-07T06:18:09.3730124Z [  25% ] [90m[1m_update_scan_actions[22m | creature_brooktail_lod0_emissive_shiny.png[39m[0m
2026-10-07T06:18:09.3733689Z [  25% ] [90m[1m_update_scan_actions[22m | creature_brooktail_lod0_emissive_vivid.png[39m[0m
2026-10-07T06:18:09.3820626Z [  25% ] [90m[1m_update_scan_actions[22m | creature_brooktail_lod0_metallic_roughness.png[39m[0m
2026-10-07T06:18:09.3911168Z [  25% ] [90m[1m_update_scan_actions[22m | creature_brooktail_lod0_normal.jpg[39m[0m
2026-10-07T06:18:09.4129687Z [  25% ] [90m[1m_update_scan_actions[22m | creature_burrowback_lod0.glb[39m[0m
2026-10-07T06:18:09.4271658Z [  25% ] [90m[1m_update_scan_actions[22m | creature_burrowback_lod0_base_color.png[39m[0m
2026-10-07T06:18:09.4305580Z [  25% ] [90m[1m_update_scan_actions[22m | creature_burrowback_lod0_base_color_alpha.png[39m[0m
2026-10-07T06:18:09.4339674Z [  25% ] [90m[1m_update_scan_actions[22m | creature_burrowback_lod0_base_color_nightburrow.png[39m[0m
2026-10-07T06:18:09.4370518Z [  26% ] [90m[1m_update_scan_actions[22m | creature_burrowback_lod0_base_color_shiny.png[39m[0m
2026-10-07T06:18:09.4404783Z [  26% ] [90m[1m_update_scan_actions[22m | creature_burrowback_lod0_base_color_vivid.png[39m[0m
2026-10-07T06:18:09.4407585Z [  26% ] [90m[1m_update_scan_actions[22m | creature_burrowback_lod0_emissive.png[39m[0m
2026-10-07T06:18:09.4410544Z [  26% ] [90m[1m_update_scan_actions[22m | creature_burrowback_lod0_emissive_alpha.png[39m[0m
2026-10-07T06:18:09.4426962Z [  26% ] [90m[1m_update_scan_actions[22m | creature_burrowback_lod0_emissive_nightburrow.png[39m[0m
2026-10-07T06:18:09.4429880Z [  26% ] [90m[1m_update_scan_actions[22m | creature_burrowback_lod0_emissive_shiny.png[39m[0m
2026-10-07T06:18:09.4433017Z [  26% ] [90m[1m_update_scan_actions[22m | creature_burrowback_lod0_emissive_vivid.png[39m[0m
2026-10-07T06:18:09.4525253Z [  26% ] [90m[1m_update_scan_actions[22m | creature_burrowback_lod0_metallic_roughness.png[39m[0m
2026-10-07T06:18:09.4613753Z [  26% ] [90m[1m_update_scan_actions[22m | creature_burrowback_lod0_normal.jpg[39m[0m
2026-10-07T06:18:09.4658189Z [  26% ] [90m[1m_update_scan_actions[22m | cannonback_extracted_base_color_shiny.png[39m[0m
2026-10-07T06:18:09.4698786Z [  26% ] [90m[1m_update_scan_actions[22m | cannonback_extracted_base_color_vivid.png[39m[0m
2026-10-07T06:18:09.4831752Z [  26% ] [90m[1m_update_scan_actions[22m | creature_cannonback_lod0.glb[39m[0m
2026-10-07T06:18:09.4936923Z [  26% ] [90m[1m_update_scan_actions[22m | creature_cannonback_lod0_Image_0.jpg[39m[0m
2026-10-07T06:18:09.5101665Z [  26% ] [90m[1m_update_scan_actions[22m | creature_cindercub_lod0.glb[39m[0m
2026-10-07T06:18:09.5201216Z [  27% ] [90m[1m_update_scan_actions[22m | creature_cindercub_lod0_base_color.jpg[39m[0m
2026-10-07T06:18:09.5273776Z [  27% ] [90m[1m_update_scan_actions[22m | creature_cindercub_lod0_metallic_roughness.jpg[39m[0m
2026-10-07T06:18:09.5356154Z [  27% ] [90m[1m_update_scan_actions[22m | creature_cindercub_lod0_normal.jpg[39m[0m
2026-10-07T06:18:09.5407256Z [  27% ] [90m[1m_update_scan_actions[22m | cliffspike_extracted_base_color_shiny.png[39m[0m
2026-10-07T06:18:09.5453867Z [  27% ] [90m[1m_update_scan_actions[22m | cliffspike_extracted_base_color_vivid.png[39m[0m
2026-10-07T06:18:09.5626198Z [  27% ] [90m[1m_update_scan_actions[22m | creature_cliffspike_lod0.glb[39m[0m
2026-10-07T06:18:09.5740372Z [  27% ] [90m[1m_update_scan_actions[22m | creature_cliffspike_lod0_Image_0.jpg[39m[0m
2026-10-07T06:18:09.5771515Z [  27% ] [90m[1m_update_scan_actions[22m | cloudfang_extracted_base_color_shiny.png[39m[0m
2026-10-07T06:18:09.5805475Z [  27% ] [90m[1m_update_scan_actions[22m | cloudfang_extracted_base_color_vivid.png[39m[0m
2026-10-07T06:18:09.5945032Z [  27% ] [90m[1m_update_scan_actions[22m | creature_cloudfang_lod0.glb[39m[0m
2026-10-07T06:18:09.6039560Z [  27% ] [90m[1m_update_scan_actions[22m | creature_cloudfang_lod0_Image_0.jpg[39m[0m
2026-10-07T06:18:09.6040969Z [  27% ] [90m[1m_update_scan_actions[22m | cragclaw_extracted_base_color.png[39m[0m
2026-10-07T06:18:09.6079612Z [  27% ] [90m[1m_update_scan_actions[22m | cragclaw_extracted_base_color_vivid.png[39m[0m
2026-10-07T06:18:09.6214111Z [  27% ] [90m[1m_update_scan_actions[22m | creature_cragclaw_lod0.glb[39m[0m
2026-10-07T06:18:09.6316552Z [  28% ] [90m[1m_update_scan_actions[22m | creature_cragclaw_lod0_Image_0.jpg[39m[0m
2026-10-07T06:18:09.6351667Z [  28% ] [90m[1m_update_scan_actions[22m | craghorn_extracted_base_color_vivid.png[39m[0m
2026-10-07T06:18:09.6469046Z [  28% ] [90m[1m_update_scan_actions[22m | creature_craghorn_lod0.glb[39m[0m
2026-10-07T06:18:09.6559357Z [  28% ] [90m[1m_update_scan_actions[22m | creature_craghorn_lod0_Image_0.jpg[39m[0m
2026-10-07T06:18:09.6802283Z [  28% ] [90m[1m_update_scan_actions[22m | creature_duskhush_lod0.glb[39m[0m
2026-10-07T06:18:09.6974060Z [  28% ] [90m[1m_update_scan_actions[22m | creature_duskhush_lod0_base_color.png[39m[0m
2026-10-07T06:18:09.7017334Z [  28% ] [90m[1m_update_scan_actions[22m | creature_duskhush_lod0_base_color_shiny.png[39m[0m
2026-10-07T06:18:09.7056545Z [  28% ] [90m[1m_update_scan_actions[22m | creature_duskhush_lod0_base_color_vivid.png[39m[0m
2026-10-07T06:18:09.7059594Z [  28% ] [90m[1m_update_scan_actions[22m | creature_duskhush_lod0_emissive.png[39m[0m
2026-10-07T06:18:09.7063236Z [  28% ] [90m[1m_update_scan_actions[22m | creature_duskhush_lod0_emissive_shiny.png[39m[0m
2026-10-07T06:18:09.7066292Z [  28% ] [90m[1m_update_scan_actions[22m | creature_duskhush_lod0_emissive_vivid.png[39m[0m
2026-10-07T06:18:09.7162727Z [  28% ] [90m[1m_update_scan_actions[22m | creature_duskhush_lod0_metallic_roughness.png[39m[0m
2026-10-07T06:18:09.7257091Z [  28% ] [90m[1m_update_scan_actions[22m | creature_duskhush_lod0_normal.jpg[39m[0m
2026-10-07T06:18:09.7444894Z [  28% ] [90m[1m_update_scan_actions[22m | creature_frostclaw_lod0.glb[39m[0m
2026-10-07T06:18:09.7555783Z [  29% ] [90m[1m_update_scan_actions[22m | creature_frostclaw_lod0_base_color.jpg[39m[0m
2026-10-07T06:18:09.7629016Z [  29% ] [90m[1m_update_scan_actions[22m | creature_frostclaw_lod0_metallic_roughness.jpg[39m[0m
2026-10-07T06:18:09.7724765Z [  29% ] [90m[1m_update_scan_actions[22m | creature_frostclaw_lod0_normal.jpg[39m[0m
2026-10-07T06:18:09.7847032Z [  29% ] [90m[1m_update_scan_actions[22m | creature_fulgocobra_lod0.glb[39m[0m
2026-10-07T06:18:09.7947806Z [  29% ] [90m[1m_update_scan_actions[22m | creature_fulgocobra_lod0_Image_0.jpg[39m[0m
2026-10-07T06:18:09.7987681Z [  29% ] [90m[1m_update_scan_actions[22m | fulgocobra_extracted_base_color_shiny.png[39m[0m
2026-10-07T06:18:09.8024113Z [  29% ] [90m[1m_update_scan_actions[22m | fulgocobra_extracted_base_color_vivid.png[39m[0m
2026-10-07T06:18:09.8167559Z [  29% ] [90m[1m_update_scan_actions[22m | creature_galecrest_lod0.glb[39m[0m
2026-10-07T06:18:09.8286352Z [  29% ] [90m[1m_update_scan_actions[22m | creature_galecrest_lod0_Image_0.jpg[39m[0m
2026-10-07T06:18:09.8426681Z [  29% ] [90m[1m_update_scan_actions[22m | galecrest_extracted_base_color_alpha.png[39m[0m
2026-10-07T06:18:09.8564569Z [  29% ] [90m[1m_update_scan_actions[22m | galecrest_extracted_base_color_shiny.png[39m[0m
2026-10-07T06:18:09.8719987Z [  29% ] [90m[1m_update_scan_actions[22m | galecrest_extracted_base_color_vivid.png[39m[0m
2026-10-07T06:18:09.8923254Z [  29% ] [90m[1m_update_scan_actions[22m | creature_galewisp_lod0.glb[39m[0m
2026-10-07T06:18:09.9033663Z [  30% ] [90m[1m_update_scan_actions[22m | creature_galewisp_lod0_base_color.jpg[39m[0m
2026-10-07T06:18:09.9194242Z [  30% ] [90m[1m_update_scan_actions[22m | creature_galewisp_lod0_base_color.png[39m[0m
2026-10-07T06:18:09.9232285Z [  30% ] [90m[1m_update_scan_actions[22m | creature_galewisp_lod0_base_color_shiny.png[39m[0m
2026-10-07T06:18:09.9317354Z [  30% ] [90m[1m_update_scan_actions[22m | creature_galewisp_lod0_base_color_vivid.png[39m[0m
2026-10-07T06:18:09.9371552Z [  30% ] [90m[1m_update_scan_actions[22m | creature_galewisp_lod0_emissive.jpg[39m[0m
2026-10-07T06:18:09.9374527Z [  30% ] [90m[1m_update_scan_actions[22m | creature_galewisp_lod0_emissive.png[39m[0m
2026-10-07T06:18:09.9377885Z [  30% ] [90m[1m_update_scan_actions[22m | creature_galewisp_lod0_emissive_shiny.png[39m[0m
2026-10-07T06:18:09.9380693Z [  30% ] [90m[1m_update_scan_actions[22m | creature_galewisp_lod0_emissive_vivid.png[39m[0m
2026-10-07T06:18:09.9450173Z [  30% ] [90m[1m_update_scan_actions[22m | creature_galewisp_lod0_metallic_roughness.png[39m[0m
2026-10-07T06:18:09.9540797Z [  30% ] [90m[1m_update_scan_actions[22m | creature_galewisp_lod0_normal.jpg[39m[0m
2026-10-07T06:18:09.9678455Z [  30% ] [90m[1m_update_scan_actions[22m | creature_glimmermoth_lod0.glb[39m[0m
2026-10-07T06:18:09.9786618Z [  30% ] [90m[1m_update_scan_actions[22m | creature_glimmermoth_lod0_Image_0.jpg[39m[0m
2026-10-07T06:18:09.9825975Z [  30% ] [90m[1m_update_scan_actions[22m | glimmermoth_extracted_base_color_vivid.png[39m[0m
2026-10-07T06:18:09.9945474Z [  30% ] [90m[1m_update_scan_actions[22m | creature_mangrove_monitor_lod0.glb[39m[0m
2026-10-07T06:18:10.0041456Z [  31% ] [90m[1m_update_scan_actions[22m | creature_mangrove_monitor_lod0_Image_0.jpg[39m[0m
2026-10-07T06:18:10.0043322Z [  31% ] [90m[1m_update_scan_actions[22m | mangrove_monitor_extracted_base_color.png[39m[0m
2026-10-07T06:18:10.0079533Z [  31% ] [90m[1m_update_scan_actions[22m | mangrove_monitor_extracted_base_color_vivid.png[39m[0m
2026-10-07T06:18:10.0286782Z [  31% ] [90m[1m_update_scan_actions[22m | creature_meadowhart_lod0.glb[39m[0m
2026-10-07T06:18:10.0440612Z [  31% ] [90m[1m_update_scan_actions[22m | creature_meadowhart_lod0_base_color.png[39m[0m
2026-10-07T06:18:10.0476089Z [  31% ] [90m[1m_update_scan_actions[22m | creature_meadowhart_lod0_base_color_shiny.png[39m[0m
2026-10-07T06:18:10.0513289Z [  31% ] [90m[1m_update_scan_actions[22m | creature_meadowhart_lod0_base_color_vivid.png[39m[0m
2026-10-07T06:18:10.0516174Z [  31% ] [90m[1m_update_scan_actions[22m | creature_meadowhart_lod0_emissive.png[39m[0m
2026-10-07T06:18:10.0520093Z [  31% ] [90m[1m_update_scan_actions[22m | creature_meadowhart_lod0_emissive_shiny.png[39m[0m
2026-10-07T06:18:10.0522710Z [  31% ] [90m[1m_update_scan_actions[22m | creature_meadowhart_lod0_emissive_vivid.png[39m[0m
2026-10-07T06:18:10.0611337Z [  31% ] [90m[1m_update_scan_actions[22m | creature_meadowhart_lod0_metallic_roughness.png[39m[0m
2026-10-07T06:18:10.0697285Z [  31% ] [90m[1m_update_scan_actions[22m | creature_meadowhart_lod0_normal.jpg[39m[0m
2026-10-07T06:18:10.0864936Z [  31% ] [90m[1m_update_scan_actions[22m | creature_meadowhart_bare_lod0.glb[39m[0m
2026-10-07T06:18:10.0968473Z [  31% ] [90m[1m_update_scan_actions[22m | creature_meadowhart_bare_lod0_Image_0.jpg[39m[0m
2026-10-07T06:18:10.1093963Z [  32% ] [90m[1m_update_scan_actions[22m | creature_meadowhart_bare_lod0_normal.png[39m[0m
2026-10-07T06:18:10.1211940Z [  32% ] [90m[1m_update_scan_actions[22m | meadowhart_bare_extracted_base_color_shiny.png[39m[0m
2026-10-07T06:18:10.1350675Z [  32% ] [90m[1m_update_scan_actions[22m | creature_mirejaw_lod0.glb[39m[0m
2026-10-07T06:18:10.1446271Z [  32% ] [90m[1m_update_scan_actions[22m | creature_mirejaw_lod0_Image_0.jpg[39m[0m
2026-10-07T06:18:10.1447633Z [  32% ] [90m[1m_update_scan_actions[22m | mirejaw_extracted_base_color.png[39m[0m
2026-10-07T06:18:10.1482851Z [  32% ] [90m[1m_update_scan_actions[22m | mirejaw_extracted_base_color_shiny.png[39m[0m
2026-10-07T06:18:10.1518908Z [  32% ] [90m[1m_update_scan_actions[22m | mirejaw_extracted_base_color_vivid.png[39m[0m
2026-10-07T06:18:10.1793984Z [  32% ] [90m[1m_update_scan_actions[22m | creature_mosshell_lod0.glb[39m[0m
2026-10-07T06:18:10.1983257Z [  32% ] [90m[1m_update_scan_actions[22m | creature_mosshell_lod0_base_color.png[39m[0m
2026-10-07T06:18:10.2023185Z [  32% ] [90m[1m_update_scan_actions[22m | creature_mosshell_lod0_base_color_shiny.png[39m[0m
2026-10-07T06:18:10.2067388Z [  32% ] [90m[1m_update_scan_actions[22m | creature_mosshell_lod0_base_color_vivid.png[39m[0m
2026-10-07T06:18:10.2070282Z [  32% ] [90m[1m_update_scan_actions[22m | creature_mosshell_lod0_emissive.png[39m[0m
2026-10-07T06:18:10.2074201Z [  32% ] [90m[1m_update_scan_actions[22m | creature_mosshell_lod0_emissive_shiny.png[39m[0m
2026-10-07T06:18:10.2076884Z [  32% ] [90m[1m_update_scan_actions[22m | creature_mosshell_lod0_emissive_vivid.png[39m[0m
2026-10-07T06:18:10.2179359Z [  33% ] [90m[1m_update_scan_actions[22m | creature_mosshell_lod0_metallic_roughness.png[39m[0m
2026-10-07T06:18:10.2279428Z [  33% ] [90m[1m_update_scan_actions[22m | creature_mosshell_lod0_normal.jpg[39m[0m
2026-10-07T06:18:10.2412369Z [  33% ] [90m[1m_update_scan_actions[22m | creature_mosshock_lod0.glb[39m[0m
2026-10-07T06:18:10.2518554Z [  33% ] [90m[1m_update_scan_actions[22m | creature_mosshock_lod0_Image_0.jpg[39m[0m
2026-10-07T06:18:10.2555315Z [  33% ] [90m[1m_update_scan_actions[22m | mosshock_extracted_base_color_vivid.png[39m[0m
2026-10-07T06:18:10.2712305Z [  33% ] [90m[1m_update_scan_actions[22m | creature_mudsnout_lod0.glb[39m[0m
2026-10-07T06:18:10.2823863Z [  33% ] [90m[1m_update_scan_actions[22m | creature_mudsnout_lod0_base_color.jpg[39m[0m
2026-10-07T06:18:10.2878409Z [  33% ] [90m[1m_update_scan_actions[22m | creature_mudsnout_lod0_emissive.jpg[39m[0m
2026-10-07T06:18:10.2954933Z [  33% ] [90m[1m_update_scan_actions[22m | creature_mudsnout_lod0_metallic_roughness.jpg[39m[0m
2026-10-07T06:18:10.3097280Z [  33% ] [90m[1m_update_scan_actions[22m | creature_mudsnout_lod0_normal.jpg[39m[0m
2026-10-07T06:18:10.3098349Z [  33% ] [90m[1m_update_scan_actions[22m | mudsnout_extracted_base_color.png[39m[0m
2026-10-07T06:18:10.3136028Z [  33% ] [90m[1m_update_scan_actions[22m | mudsnout_extracted_base_color_shiny.png[39m[0m
2026-10-07T06:18:10.3166905Z [  33% ] [90m[1m_update_scan_actions[22m | mudsnout_extracted_base_color_vivid.png[39m[0m
2026-10-07T06:18:10.3168158Z [  33% ] [90m[1m_update_scan_actions[22m | mudsnout_extracted_emissive.png[39m[0m
2026-10-07T06:18:10.3183222Z [  34% ] [90m[1m_update_scan_actions[22m | mudsnout_extracted_emissive_shiny.png[39m[0m
2026-10-07T06:18:10.3197649Z [  34% ] [90m[1m_update_scan_actions[22m | mudsnout_extracted_emissive_vivid.png[39m[0m
2026-10-07T06:18:10.3434412Z [  34% ] [90m[1m_update_scan_actions[22m | creature_paddlenewt_lod0.glb[39m[0m
2026-10-07T06:18:10.3604851Z [  34% ] [90m[1m_update_scan_actions[22m | creature_paddlenewt_lod0_base_color.png[39m[0m
2026-10-07T06:18:10.3644590Z [  34% ] [90m[1m_update_scan_actions[22m | creature_paddlenewt_lod0_base_color_riftfrill.png[39m[0m
2026-10-07T06:18:10.3687307Z [  34% ] [90m[1m_update_scan_actions[22m | creature_paddlenewt_lod0_base_color_shiny.png[39m[0m
2026-10-07T06:18:10.3724788Z [  34% ] [90m[1m_update_scan_actions[22m | creature_paddlenewt_lod0_base_color_vivid.png[39m[0m
2026-10-07T06:18:10.3727716Z [  34% ] [90m[1m_update_scan_actions[22m | creature_paddlenewt_lod0_emissive.png[39m[0m
2026-10-07T06:18:10.3747065Z [  34% ] [90m[1m_update_scan_actions[22m | creature_paddlenewt_lod0_emissive_riftfrill.png[39m[0m
2026-10-07T06:18:10.3749719Z [  34% ] [90m[1m_update_scan_actions[22m | creature_paddlenewt_lod0_emissive_shiny.png[39m[0m
2026-10-07T06:18:10.3752766Z [  34% ] [90m[1m_update_scan_actions[22m | creature_paddlenewt_lod0_emissive_vivid.png[39m[0m
2026-10-07T06:18:10.3849045Z [  34% ] [90m[1m_update_scan_actions[22m | creature_paddlenewt_lod0_metallic_roughness.png[39m[0m
2026-10-07T06:18:10.3940089Z [  34% ] [90m[1m_update_scan_actions[22m | creature_paddlenewt_lod0_normal.jpg[39m[0m
2026-10-07T06:18:10.4073289Z [  34% ] [90m[1m_update_scan_actions[22m | creature_pebbik_lod0.glb[39m[0m
2026-10-07T06:18:10.4172471Z [  35% ] [90m[1m_update_scan_actions[22m | creature_pebbik_lod0_Image_0.jpg[39m[0m
2026-10-07T06:18:10.4214515Z [  35% ] [90m[1m_update_scan_actions[22m | pebbik_extracted_base_color_shiny.png[39m[0m
2026-10-07T06:18:10.4253715Z [  35% ] [90m[1m_update_scan_actions[22m | pebbik_extracted_base_color_vivid.png[39m[0m
2026-10-07T06:18:10.4468589Z [  35% ] [90m[1m_update_scan_actions[22m | creature_pipwing_lod0.glb[39m[0m
2026-10-07T06:18:10.4628543Z [  35% ] [90m[1m_update_scan_actions[22m | creature_pipwing_lod0_base_color.png[39m[0m
2026-10-07T06:18:10.4667401Z [  35% ] [90m[1m_update_scan_actions[22m | creature_pipwing_lod0_base_color_shiny.png[39m[0m
2026-10-07T06:18:10.4702385Z [  35% ] [90m[1m_update_scan_actions[22m | creature_pipwing_lod0_base_color_vivid.png[39m[0m
2026-10-07T06:18:10.4705357Z [  35% ] [90m[1m_update_scan_actions[22m | creature_pipwing_lod0_emissive.png[39m[0m
2026-10-07T06:18:10.4708546Z [  35% ] [90m[1m_update_scan_actions[22m | creature_pipwing_lod0_emissive_shiny.png[39m[0m
2026-10-07T06:18:10.4711499Z [  35% ] [90m[1m_update_scan_actions[22m | creature_pipwing_lod0_emissive_vivid.png[39m[0m
2026-10-07T06:18:10.4798040Z [  35% ] [90m[1m_update_scan_actions[22m | creature_pipwing_lod0_metallic_roughness.png[39m[0m
2026-10-07T06:18:10.4885461Z [  35% ] [90m[1m_update_scan_actions[22m | creature_pipwing_lod0_normal.jpg[39m[0m
2026-10-07T06:18:10.5120253Z [  35% ] [90m[1m_update_scan_actions[22m | creature_reedwing_lod0.glb[39m[0m
2026-10-07T06:18:10.5287705Z [  35% ] [90m[1m_update_scan_actions[22m | creature_reedwing_lod0_base_color.png[39m[0m
2026-10-07T06:18:10.5323236Z [  36% ] [90m[1m_update_scan_actions[22m | creature_reedwing_lod0_base_color_shiny.png[39m[0m
2026-10-07T06:18:10.5361548Z [  36% ] [90m[1m_update_scan_actions[22m | creature_reedwing_lod0_base_color_vivid.png[39m[0m
2026-10-07T06:18:10.5364560Z [  36% ] [90m[1m_update_scan_actions[22m | creature_reedwing_lod0_emissive.png[39m[0m
2026-10-07T06:18:10.5367698Z [  36% ] [90m[1m_update_scan_actions[22m | creature_reedwing_lod0_emissive_shiny.png[39m[0m
2026-10-07T06:18:10.5370701Z [  36% ] [90m[1m_update_scan_actions[22m | creature_reedwing_lod0_emissive_vivid.png[39m[0m
2026-10-07T06:18:10.5463709Z [  36% ] [90m[1m_update_scan_actions[22m | creature_reedwing_lod0_metallic_roughness.png[39m[0m
2026-10-07T06:18:10.5554625Z [  36% ] [90m[1m_update_scan_actions[22m | creature_reedwing_lod0_normal.jpg[39m[0m
2026-10-07T06:18:10.5673157Z [  36% ] [90m[1m_update_scan_actions[22m | creature_ribbonray_lod0.glb[39m[0m
2026-10-07T06:18:10.5763819Z [  36% ] [90m[1m_update_scan_actions[22m | creature_ribbonray_lod0_Image_0.jpg[39m[0m
2026-10-07T06:18:10.5795485Z [  36% ] [90m[1m_update_scan_actions[22m | ribbonray_extracted_base_color_vivid.png[39m[0m
2026-10-07T06:18:10.6017106Z [  36% ] [90m[1m_update_scan_actions[22m | creature_ripplet_lod0.glb[39m[0m
2026-10-07T06:18:10.6118231Z [  36% ] [90m[1m_update_scan_actions[22m | creature_ripplet_lod0_base_color.jpg[39m[0m
2026-10-07T06:18:10.6261327Z [  36% ] [90m[1m_update_scan_actions[22m | creature_ripplet_lod0_base_color.png[39m[0m
2026-10-07T06:18:10.6293341Z [  36% ] [90m[1m_update_scan_actions[22m | creature_ripplet_lod0_base_color_shiny.png[39m[0m
2026-10-07T06:18:10.6361851Z [  37% ] [90m[1m_update_scan_actions[22m | creature_ripplet_lod0_base_color_vivid.png[39m[0m
2026-10-07T06:18:10.6435933Z [  37% ] [90m[1m_update_scan_actions[22m | creature_ripplet_lod0_emissive.jpg[39m[0m
2026-10-07T06:18:10.6438724Z [  37% ] [90m[1m_update_scan_actions[22m | creature_ripplet_lod0_emissive.png[39m[0m
2026-10-07T06:18:10.6441928Z [  37% ] [90m[1m_update_scan_actions[22m | creature_ripplet_lod0_emissive_shiny.png[39m[0m
2026-10-07T06:18:10.6445916Z [  37% ] [90m[1m_update_scan_actions[22m | creature_ripplet_lod0_emissive_vivid.png[39m[0m
2026-10-07T06:18:10.6516789Z [  37% ] [90m[1m_update_scan_actions[22m | creature_ripplet_lod0_metallic_roughness.png[39m[0m
2026-10-07T06:18:10.6599996Z [  37% ] [90m[1m_update_scan_actions[22m | creature_ripplet_lod0_normal.jpg[39m[0m
2026-10-07T06:18:10.6740751Z [  37% ] [90m[1m_update_scan_actions[22m | creature_riptusk_lod0.glb[39m[0m
2026-10-07T06:18:10.6843017Z [  37% ] [90m[1m_update_scan_actions[22m | creature_riptusk_lod0_Image_0.jpg[39m[0m
2026-10-07T06:18:10.6844326Z [  37% ] [90m[1m_update_scan_actions[22m | riptusk_extracted_base_color.png[39m[0m
2026-10-07T06:18:10.6887479Z [  37% ] [90m[1m_update_scan_actions[22m | riptusk_extracted_base_color_shiny.png[39m[0m
2026-10-07T06:18:10.6927721Z [  37% ] [90m[1m_update_scan_actions[22m | riptusk_extracted_base_color_vivid.png[39m[0m
2026-10-07T06:18:10.7048554Z [  37% ] [90m[1m_update_scan_actions[22m | creature_riverdrake_lod0.glb[39m[0m
2026-10-07T06:18:10.7144276Z [  37% ] [90m[1m_update_scan_actions[22m | creature_riverdrake_lod0_Image_0.jpg[39m[0m
2026-10-07T06:18:10.7179498Z [  38% ] [90m[1m_update_scan_actions[22m | riverdrake_extracted_base_color_vivid.png[39m[0m
2026-10-07T06:18:10.7350991Z [  38% ] [90m[1m_update_scan_actions[22m | creature_shadelet_lod0.glb[39m[0m
2026-10-07T06:18:10.7450376Z [  38% ] [90m[1m_update_scan_actions[22m | creature_shadelet_lod0_base_color.jpg[39m[0m
2026-10-07T06:18:10.7526098Z [  38% ] [90m[1m_update_scan_actions[22m | creature_shadelet_lod0_metallic_roughness.jpg[39m[0m
2026-10-07T06:18:10.7610074Z [  38% ] [90m[1m_update_scan_actions[22m | creature_shadelet_lod0_normal.jpg[39m[0m
2026-10-07T06:18:10.7744196Z [  38% ] [90m[1m_update_scan_actions[22m | creature_sirenseal_lod0.glb[39m[0m
2026-10-07T06:18:10.7840906Z [  38% ] [90m[1m_update_scan_actions[22m | creature_sirenseal_lod0_Image_0.jpg[39m[0m
2026-10-07T06:18:10.7843691Z [  38% ] [90m[1m_update_scan_actions[22m | sirenseal_extracted_base_color.png[39m[0m
2026-10-07T06:18:10.7878231Z [  38% ] [90m[1m_update_scan_actions[22m | sirenseal_extracted_base_color_vivid.png[39m[0m
2026-10-07T06:18:10.8073089Z [  38% ] [90m[1m_update_scan_actions[22m | creature_skyrill_lod0.glb[39m[0m
2026-10-07T06:18:10.8201236Z [  38% ] [90m[1m_update_scan_actions[22m | creature_skyrill_lod0_Image_0.jpg[39m[0m
2026-10-07T06:18:10.8282351Z [  38% ] [90m[1m_update_scan_actions[22m | creature_skyrill_lod0_Image_1.jpg[39m[0m
2026-10-07T06:18:10.8385814Z [  38% ] [90m[1m_update_scan_actions[22m | creature_skyrill_lod0_Image_2.jpg[39m[0m
2026-10-07T06:18:10.8614957Z [  38% ] [90m[1m_update_scan_actions[22m | skyrill_extracted_base_color.png[39m[0m
2026-10-07T06:18:10.8656875Z [  39% ] [90m[1m_update_scan_actions[22m | skyrill_extracted_base_color_vivid.png[39m[0m
2026-10-07T06:18:10.8777764Z [  39% ] [90m[1m_update_scan_actions[22m | creature_solmane_lod0.glb[39m[0m
2026-10-07T06:18:10.8875802Z [  39% ] [90m[1m_update_scan_actions[22m | creature_solmane_lod0_Image_0.jpg[39m[0m
2026-10-07T06:18:10.8919570Z [  39% ] [90m[1m_update_scan_actions[22m | solmane_extracted_base_color_shiny.png[39m[0m
2026-10-07T06:18:10.8958153Z [  39% ] [90m[1m_update_scan_actions[22m | solmane_extracted_base_color_vivid.png[39m[0m
2026-10-07T06:18:10.9147757Z [  39% ] [90m[1m_update_scan_actions[22m | creature_sparkit_lod0.glb[39m[0m
2026-10-07T06:18:10.9260137Z [  39% ] [90m[1m_update_scan_actions[22m | creature_sparkit_lod0_base_color.jpg[39m[0m
2026-10-07T06:18:10.9332052Z [  39% ] [90m[1m_update_scan_actions[22m | creature_sparkit_lod0_metallic_roughness.jpg[39m[0m
2026-10-07T06:18:10.9424499Z [  39% ] [90m[1m_update_scan_actions[22m | creature_sparkit_lod0_normal.jpg[39m[0m
2026-10-07T06:18:10.9548054Z [  39% ] [90m[1m_update_scan_actions[22m | creature_staticub_lod0.glb[39m[0m
2026-10-07T06:18:10.9703433Z [  39% ] [90m[1m_update_scan_actions[22m | creature_staticub_lod0_Image_0.jpg[39m[0m
2026-10-07T06:18:10.9704647Z [  39% ] [90m[1m_update_scan_actions[22m | staticub_extracted_base_color_shiny.png[39m[0m
2026-10-07T06:18:10.9720085Z [  39% ] [90m[1m_update_scan_actions[22m | staticub_extracted_base_color_vivid.png[39m[0m
2026-10-07T06:18:10.9894173Z [  40% ] [90m[1m_update_scan_actions[22m | creature_stormbrush_lod0.glb[39m[0m
2026-10-07T06:18:11.0004933Z [  40% ] [90m[1m_update_scan_actions[22m | creature_stormbrush_lod0_Image_0.jpg[39m[0m
2026-10-07T06:18:11.0045213Z [  40% ] [90m[1m_update_scan_actions[22m | stormbrush_extracted_base_color_vivid.png[39m[0m
2026-10-07T06:18:11.0176527Z [  40% ] [90m[1m_update_scan_actions[22m | creature_stormcapra_lod0.glb[39m[0m
2026-10-07T06:18:11.0271968Z [  40% ] [90m[1m_update_scan_actions[22m | creature_stormcapra_lod0_Image_0.jpg[39m[0m
2026-10-07T06:18:11.0309288Z [  40% ] [90m[1m_update_scan_actions[22m | stormcapra_extracted_base_color_shiny.png[39m[0m
2026-10-07T06:18:11.0343009Z [  40% ] [90m[1m_update_scan_actions[22m | stormcapra_extracted_base_color_vivid.png[39m[0m
2026-10-07T06:18:11.0489762Z [  40% ] [90m[1m_update_scan_actions[22m | creature_stormraven_lod0.glb[39m[0m
2026-10-07T06:18:11.0587423Z [  40% ] [90m[1m_update_scan_actions[22m | creature_stormraven_lod0_Image_0.jpg[39m[0m
2026-10-07T06:18:11.0620899Z [  40% ] [90m[1m_update_scan_actions[22m | stormraven_extracted_base_color_vivid.png[39m[0m
2026-10-07T06:18:11.0758693Z [  40% ] [90m[1m_update_scan_actions[22m | creature_tanglevolt_lod0.glb[39m[0m
2026-10-07T06:18:11.0856240Z [  40% ] [90m[1m_update_scan_actions[22m | creature_tanglevolt_lod0_Image_0.jpg[39m[0m
2026-10-07T06:18:11.0892917Z [  40% ] [90m[1m_update_scan_actions[22m | tanglevolt_extracted_base_color_vivid.png[39m[0m
2026-10-07T06:18:11.1019344Z [  40% ] [90m[1m_update_scan_actions[22m | creature_tempestwing_lod0.glb[39m[0m
2026-10-07T06:18:11.1116503Z [  41% ] [90m[1m_update_scan_actions[22m | creature_tempestwing_lod0_Image_0.jpg[39m[0m
2026-10-07T06:18:11.1154947Z [  41% ] [90m[1m_update_scan_actions[22m | tempestwing_extracted_base_color_vivid.png[39m[0m
2026-10-07T06:18:11.1348262Z [  41% ] [90m[1m_update_scan_actions[22m | creature_terrapup_lod0.glb[39m[0m
2026-10-07T06:18:11.1453753Z [  41% ] [90m[1m_update_scan_actions[22m | creature_terrapup_lod0_base_color.jpg[39m[0m
2026-10-07T06:18:11.1610730Z [  41% ] [90m[1m_update_scan_actions[22m | creature_terrapup_lod0_base_color.png[39m[0m
2026-10-07T06:18:11.1643687Z [  41% ] [90m[1m_update_scan_actions[22m | creature_terrapup_lod0_base_color_shiny.png[39m[0m
2026-10-07T06:18:11.1676017Z [  41% ] [90m[1m_update_scan_actions[22m | creature_terrapup_lod0_base_color_vivid.png[39m[0m
2026-10-07T06:18:11.1730562Z [  41% ] [90m[1m_update_scan_actions[22m | creature_terrapup_lod0_emissive.jpg[39m[0m
2026-10-07T06:18:11.1784955Z [  41% ] [90m[1m_update_scan_actions[22m | creature_terrapup_lod0_emissive.png[39m[0m
2026-10-07T06:18:11.1800139Z [  41% ] [90m[1m_update_scan_actions[22m | creature_terrapup_lod0_emissive_shiny.png[39m[0m
2026-10-07T06:18:11.1815129Z [  41% ] [90m[1m_update_scan_actions[22m | creature_terrapup_lod0_emissive_vivid.png[39m[0m
2026-10-07T06:18:11.1892866Z [  41% ] [90m[1m_update_scan_actions[22m | creature_terrapup_lod0_metallic_roughness.jpg[39m[0m
2026-10-07T06:18:11.1963241Z [  41% ] [90m[1m_update_scan_actions[22m | creature_terrapup_lod0_metallic_roughness.png[39m[0m
2026-10-07T06:18:11.2054312Z [  41% ] [90m[1m_update_scan_actions[22m | creature_terrapup_lod0_normal.jpg[39m[0m
2026-10-07T06:18:11.2146152Z [  42% ] [90m[1m_update_scan_actions[22m | creature_terrapup_lod0_normal.png[39m[0m
2026-10-07T06:18:11.2290135Z [  42% ] [90m[1m_update_scan_actions[22m | creature_thundertunnel_lod0.glb[39m[0m
2026-10-07T06:18:11.2388676Z [  42% ] [90m[1m_update_scan_actions[22m | creature_thundertunnel_lod0_Image_0.jpg[39m[0m
2026-10-07T06:18:11.2422374Z [  42% ] [90m[1m_update_scan_actions[22m | thundertunnel_extracted_base_color_vivid.png[39m[0m
2026-10-07T06:18:11.2553154Z [  42% ] [90m[1m_update_scan_actions[22m | creature_tidecoil_lod0.glb[39m[0m
2026-10-07T06:18:11.2652309Z [  42% ] [90m[1m_update_scan_actions[22m | creature_tidecoil_lod0_Image_0.jpg[39m[0m
2026-10-07T06:18:11.2689064Z [  42% ] [90m[1m_update_scan_actions[22m | tidecoil_extracted_base_color_shiny.png[39m[0m
2026-10-07T06:18:11.2724488Z [  42% ] [90m[1m_update_scan_actions[22m | tidecoil_extracted_base_color_vivid.png[39m[0m
2026-10-07T06:18:11.2904318Z [  42% ] [90m[1m_update_scan_actions[22m | creature_torrentoad_lod0.glb[39m[0m
2026-10-07T06:18:11.3024396Z [  42% ] [90m[1m_update_scan_actions[22m | creature_torrentoad_lod0_Image_0.jpg[39m[0m
2026-10-07T06:18:11.3107913Z [  42% ] [90m[1m_update_scan_actions[22m | creature_torrentoad_lod0_Image_1.jpg[39m[0m
2026-10-07T06:18:11.3203800Z [  42% ] [90m[1m_update_scan_actions[22m | creature_torrentoad_lod0_Image_2.jpg[39m[0m
2026-10-07T06:18:11.3416553Z [  42% ] [90m[1m_update_scan_actions[22m | torrentoad_extracted_base_color.png[39m[0m
2026-10-07T06:18:11.3455131Z [  42% ] [90m[1m_update_scan_actions[22m | torrentoad_extracted_base_color_vivid.png[39m[0m
2026-10-07T06:18:11.3615813Z [  43% ] [90m[1m_update_scan_actions[22m | creature_trailpup_lod0.glb[39m[0m
2026-10-07T06:18:11.3730058Z [  43% ] [90m[1m_update_scan_actions[22m | creature_trailpup_lod0_base_color.jpg[39m[0m
2026-10-07T06:18:11.3784059Z [  43% ] [90m[1m_update_scan_actions[22m | creature_trailpup_lod0_emissive.jpg[39m[0m
2026-10-07T06:18:11.3856459Z [  43% ] [90m[1m_update_scan_actions[22m | creature_trailpup_lod0_metallic_roughness.jpg[39m[0m
2026-10-07T06:18:11.3999261Z [  43% ] [90m[1m_update_scan_actions[22m | creature_trailpup_lod0_normal.jpg[39m[0m
2026-10-07T06:18:11.4000851Z [  43% ] [90m[1m_update_scan_actions[22m | trailpup_extracted_base_color.png[39m[0m
2026-10-07T06:18:11.4033099Z [  43% ] [90m[1m_update_scan_actions[22m | trailpup_extracted_base_color_shiny.png[39m[0m
2026-10-07T06:18:11.4065625Z [  43% ] [90m[1m_update_scan_actions[22m | trailpup_extracted_base_color_stormtrail.png[39m[0m
2026-10-07T06:18:11.4096680Z [  43% ] [90m[1m_update_scan_actions[22m | trailpup_extracted_base_color_vivid.png[39m[0m
2026-10-07T06:18:11.4098177Z [  43% ] [90m[1m_update_scan_actions[22m | trailpup_extracted_emissive.png[39m[0m
2026-10-07T06:18:11.4116025Z [  43% ] [90m[1m_update_scan_actions[22m | trailpup_extracted_emissive_shiny.png[39m[0m
2026-10-07T06:18:11.4136279Z [  43% ] [90m[1m_update_scan_actions[22m | trailpup_extracted_emissive_stormtrail.png[39m[0m
2026-10-07T06:18:11.4151886Z [  43% ] [90m[1m_update_scan_actions[22m | trailpup_extracted_emissive_vivid.png[39m[0m
2026-10-07T06:18:11.4367451Z [  43% ] [90m[1m_update_scan_actions[22m | creature_tuskroot_lod0.glb[39m[0m
2026-10-07T06:18:11.4527835Z [  44% ] [90m[1m_update_scan_actions[22m | creature_tuskroot_lod0_base_color.png[39m[0m
2026-10-07T06:18:11.4563112Z [  44% ] [90m[1m_update_scan_actions[22m | creature_tuskroot_lod0_base_color_ashtusk.png[39m[0m
2026-10-07T06:18:11.4599861Z [  44% ] [90m[1m_update_scan_actions[22m | creature_tuskroot_lod0_base_color_shiny.png[39m[0m
2026-10-07T06:18:11.4634314Z [  44% ] [90m[1m_update_scan_actions[22m | creature_tuskroot_lod0_base_color_vivid.png[39m[0m
2026-10-07T06:18:11.4637456Z [  44% ] [90m[1m_update_scan_actions[22m | creature_tuskroot_lod0_emissive.png[39m[0m
2026-10-07T06:18:11.4652963Z [  44% ] [90m[1m_update_scan_actions[22m | creature_tuskroot_lod0_emissive_ashtusk.png[39m[0m
2026-10-07T06:18:11.4656052Z [  44% ] [90m[1m_update_scan_actions[22m | creature_tuskroot_lod0_emissive_shiny.png[39m[0m
2026-10-07T06:18:11.4659439Z [  44% ] [90m[1m_update_scan_actions[22m | creature_tuskroot_lod0_emissive_vivid.png[39m[0m
2026-10-07T06:18:11.4747152Z [  44% ] [90m[1m_update_scan_actions[22m | creature_tuskroot_lod0_metallic_roughness.png[39m[0m
2026-10-07T06:18:11.4834482Z [  44% ] [90m[1m_update_scan_actions[22m | creature_tuskroot_lod0_normal.jpg[39m[0m
2026-10-07T06:18:11.5003607Z [  44% ] [90m[1m_update_scan_actions[22m | creature_veridian_lod0.glb[39m[0m
2026-10-07T06:18:11.5116960Z [  44% ] [90m[1m_update_scan_actions[22m | creature_veridian_lod0_base_color.jpg[39m[0m
2026-10-07T06:18:11.5174106Z [  44% ] [90m[1m_update_scan_actions[22m | creature_veridian_lod0_emissive.jpg[39m[0m
2026-10-07T06:18:11.5254360Z [  44% ] [90m[1m_update_scan_actions[22m | creature_veridian_lod0_metallic_roughness.jpg[39m[0m
2026-10-07T06:18:11.5396490Z [  45% ] [90m[1m_update_scan_actions[22m | creature_veridian_lod0_normal.jpg[39m[0m
2026-10-07T06:18:11.5397940Z [  45% ] [90m[1m_update_scan_actions[22m | veridian_extracted_base_color.png[39m[0m
2026-10-07T06:18:11.5439973Z [  45% ] [90m[1m_update_scan_actions[22m | veridian_extracted_base_color_shiny.png[39m[0m
2026-10-07T06:18:11.5478850Z [  45% ] [90m[1m_update_scan_actions[22m | veridian_extracted_base_color_vivid.png[39m[0m
2026-10-07T06:18:11.5480353Z [  45% ] [90m[1m_update_scan_actions[22m | veridian_extracted_emissive.png[39m[0m
2026-10-07T06:18:11.5498114Z [  45% ] [90m[1m_update_scan_actions[22m | veridian_extracted_emissive_shiny.png[39m[0m
2026-10-07T06:18:11.5514851Z [  45% ] [90m[1m_update_scan_actions[22m | veridian_extracted_emissive_vivid.png[39m[0m
2026-10-07T06:18:11.5636852Z [  45% ] [90m[1m_update_scan_actions[22m | creature_voltarach_lod0.glb[39m[0m
2026-10-07T06:18:11.5733431Z [  45% ] [90m[1m_update_scan_actions[22m | creature_voltarach_lod0_Image_0.jpg[39m[0m
2026-10-07T06:18:11.5765308Z [  45% ] [90m[1m_update_scan_actions[22m | voltarach_extracted_base_color_alpha.png[39m[0m
2026-10-07T06:18:11.5803729Z [  45% ] [90m[1m_update_scan_actions[22m | voltarach_extracted_base_color_shiny.png[39m[0m
2026-10-07T06:18:11.5838747Z [  45% ] [90m[1m_update_scan_actions[22m | voltarach_extracted_base_color_vivid.png[39m[0m
2026-10-07T06:18:11.5963093Z [  45% ] [90m[1m_update_scan_actions[22m | creature_voltwig_lod0.glb[39m[0m
2026-10-07T06:18:11.6062851Z [  45% ] [90m[1m_update_scan_actions[22m | creature_voltwig_lod0_Image_0.jpg[39m[0m
2026-10-07T06:18:11.6100164Z [  46% ] [90m[1m_update_scan_actions[22m | voltwig_extracted_base_color_shiny.png[39m[0m
2026-10-07T06:18:11.6134400Z [  46% ] [90m[1m_update_scan_actions[22m | voltwig_extracted_base_color_vivid.png[39m[0m
2026-10-07T06:18:11.6159091Z [  46% ] [90m[1m_update_scan_actions[22m | bramblit.fbx[39m[0m
2026-10-07T06:18:11.6180164Z [  46% ] [90m[1m_update_scan_actions[22m | meadow_hopper.fbx[39m[0m
2026-10-07T06:18:11.6207770Z [  46% ] [90m[1m_update_scan_actions[22m | thornback.fbx[39m[0m
2026-10-07T06:18:11.6281120Z [  46% ] [90m[1m_update_scan_actions[22m | limestone_buttress.glb[39m[0m
2026-10-07T06:18:11.6386354Z [  46% ] [90m[1m_update_scan_actions[22m | limestone_buttress_CloudreachLimestoneColour.png[39m[0m
2026-10-07T06:18:11.6437234Z [  46% ] [90m[1m_update_scan_actions[22m | cloud_bank_v1.png[39m[0m
2026-10-07T06:18:11.6449347Z [  46% ] [90m[1m_update_scan_actions[22m | limestone_spire_1.obj[39m[0m
2026-10-07T06:18:11.6461582Z [  46% ] [90m[1m_update_scan_actions[22m | limestone_spire_2.obj[39m[0m
2026-10-07T06:18:11.6473369Z [  46% ] [90m[1m_update_scan_actions[22m | limestone_spire_3.obj[39m[0m
2026-10-07T06:18:11.6605448Z [  46% ] [90m[1m_update_scan_actions[22m | ironwood_ancient_tree.glb[39m[0m
2026-10-07T06:18:11.6727038Z [  46% ] [90m[1m_update_scan_actions[22m | ironwood_ancient_tree_0.jpg[39m[0m
2026-10-07T06:18:11.6728675Z [  46% ] [90m[1m_update_scan_actions[22m | flower_purpleA.glb[39m[0m
2026-10-07T06:18:11.6731538Z [  47% ] [90m[1m_update_scan_actions[22m | flower_redA.glb[39m[0m
2026-10-07T06:18:11.6734923Z [  47% ] [90m[1m_update_scan_actions[22m | flower_yellowA.glb[39m[0m
2026-10-07T06:18:11.6737924Z [  47% ] [90m[1m_update_scan_actions[22m | flower_yellowB.glb[39m[0m
2026-10-07T06:18:11.6740872Z [  47% ] [90m[1m_update_scan_actions[22m | grass.glb[39m[0m
2026-10-07T06:18:11.6744272Z [  47% ] [90m[1m_update_scan_actions[22m | grass_large.glb[39m[0m
2026-10-07T06:18:11.6747037Z [  47% ] [90m[1m_update_scan_actions[22m | grass_leafs.glb[39m[0m
2026-10-07T06:18:11.6750191Z [  47% ] [90m[1m_update_scan_actions[22m | grass_leafsLarge.glb[39m[0m
2026-10-07T06:18:11.6753074Z [  47% ] [90m[1m_update_scan_actions[22m | log.glb[39m[0m
2026-10-07T06:18:11.6756233Z [  47% ] [90m[1m_update_scan_actions[22m | log_large.glb[39m[0m
2026-10-07T06:18:11.6759052Z [  47% ] [90m[1m_update_scan_actions[22m | mushroom_red.glb[39m[0m
2026-10-07T06:18:11.6761788Z [  47% ] [90m[1m_update_scan_actions[22m | plant_bush.glb[39m[0m
2026-10-07T06:18:11.6765065Z [  47% ] [90m[1m_update_scan_actions[22m | plant_bushDetailed.glb[39m[0m
2026-10-07T06:18:11.6767812Z [  47% ] [90m[1m_update_scan_actions[22m | plant_bushLarge.glb[39m[0m
2026-10-07T06:18:11.6770501Z [  47% ] [90m[1m_update_scan_actions[22m | plant_bushSmall.glb[39m[0m
2026-10-07T06:18:11.6773342Z [  48% ] [90m[1m_update_scan_actions[22m | rock_largeA.glb[39m[0m
2026-10-07T06:18:11.6776270Z [  48% ] [90m[1m_update_scan_actions[22m | rock_largeC.glb[39m[0m
2026-10-07T06:18:11.6778993Z [  48% ] [90m[1m_update_scan_actions[22m | rock_smallA.glb[39m[0m
2026-10-07T06:18:11.6781731Z [  48% ] [90m[1m_update_scan_actions[22m | rock_smallD.glb[39m[0m
2026-10-07T06:18:11.6784979Z [  48% ] [90m[1m_update_scan_actions[22m | rock_tallA.glb[39m[0m
2026-10-07T06:18:11.6787756Z [  48% ] [90m[1m_update_scan_actions[22m | stump_round.glb[39m[0m
2026-10-07T06:18:11.6790554Z [  48% ] [90m[1m_update_scan_actions[22m | stump_square.glb[39m[0m
2026-10-07T06:18:11.6793747Z [  48% ] [90m[1m_update_scan_actions[22m | tree_blocks.glb[39m[0m
2026-10-07T06:18:11.6796677Z [  48% ] [90m[1m_update_scan_actions[22m | tree_default.glb[39m[0m
2026-10-07T06:18:11.6800077Z [  48% ] [90m[1m_update_scan_actions[22m | tree_detailed.glb[39m[0m
2026-10-07T06:18:11.6802795Z [  48% ] [90m[1m_update_scan_actions[22m | tree_fat.glb[39m[0m
2026-10-07T06:18:11.6806021Z [  48% ] [90m[1m_update_scan_actions[22m | tree_oak.glb[39m[0m
2026-10-07T06:18:11.6928743Z [  48% ] [90m[1m_update_scan_actions[22m | day.hdr[39m[0m
2026-10-07T06:18:11.7062137Z [  48% ] [90m[1m_update_scan_actions[22m | golden.hdr[39m[0m
2026-10-07T06:18:11.7068906Z [  49% ] [90m[1m_update_scan_actions[22m | Grass_C_dune_sage_straw.png[39m[0m
2026-10-07T06:18:11.7077827Z [  49% ] [90m[1m_update_scan_actions[22m | Leaves_NormalTree_C_desat55.png[39m[0m
2026-10-07T06:18:11.7086956Z [  49% ] [90m[1m_update_scan_actions[22m | Leaves_NormalTree_C_desat55_b100.png[39m[0m
2026-10-07T06:18:11.7097023Z [  49% ] [90m[1m_update_scan_actions[22m | Bark_DeadTree.png[39m[0m
2026-10-07T06:18:11.7108888Z [  49% ] [90m[1m_update_scan_actions[22m | Bark_DeadTree_Normal.png[39m[0m
2026-10-07T06:18:11.7118960Z [  49% ] [90m[1m_update_scan_actions[22m | Bark_NormalTree.png[39m[0m
2026-10-07T06:18:11.7129978Z [  49% ] [90m[1m_update_scan_actions[22m | Bark_NormalTree_Normal.png[39m[0m
2026-10-07T06:18:11.7140946Z [  49% ] [90m[1m_update_scan_actions[22m | Bark_TwistedTree.png[39m[0m
2026-10-07T06:18:11.7152746Z [  49% ] [90m[1m_update_scan_actions[22m | Bark_TwistedTree_Normal.png[39m[0m
2026-10-07T06:18:11.7156934Z [  49% ] [90m[1m_update_scan_actions[22m | Bush_Common.gltf[39m[0m
2026-10-07T06:18:11.7160603Z [  49% ] [90m[1m_update_scan_actions[22m | Bush_Common_Flowers.gltf[39m[0m
2026-10-07T06:18:11.7176923Z [  49% ] [90m[1m_update_scan_actions[22m | CherryBlossom_3.gltf[39m[0m
2026-10-07T06:18:11.7179854Z [  49% ] [90m[1m_update_scan_actions[22m | Clover_1.gltf[39m[0m
2026-10-07T06:18:11.7183308Z [  50% ] [90m[1m_update_scan_actions[22m | Clover_2.gltf[39m[0m
2026-10-07T06:18:11.7190720Z [  50% ] [90m[1m_update_scan_actions[22m | CommonTree_1.gltf[39m[0m
2026-10-07T06:18:11.7197750Z [  50% ] [90m[1m_update_scan_actions[22m | CommonTree_2.gltf[39m[0m
2026-10-07T06:18:11.7203255Z [  50% ] [90m[1m_update_scan_actions[22m | CommonTree_3.gltf[39m[0m
2026-10-07T06:18:11.7209073Z [  50% ] [90m[1m_update_scan_actions[22m | CommonTree_4.gltf[39m[0m
2026-10-07T06:18:11.7214479Z [  50% ] [90m[1m_update_scan_actions[22m | CommonTree_5.gltf[39m[0m
2026-10-07T06:18:11.7221411Z [  50% ] [90m[1m_update_scan_actions[22m | DeadTree_1.gltf[39m[0m
2026-10-07T06:18:11.7229129Z [  50% ] [90m[1m_update_scan_actions[22m | DeadTree_2.gltf[39m[0m
2026-10-07T06:18:11.7236200Z [  50% ] [90m[1m_update_scan_actions[22m | DeadTree_3.gltf[39m[0m
2026-10-07T06:18:11.7239050Z [  50% ] [90m[1m_update_scan_actions[22m | Fern_1.gltf[39m[0m
2026-10-07T06:18:11.7251536Z [  50% ] [90m[1m_update_scan_actions[22m | Flowers.png[39m[0m
2026-10-07T06:18:11.7255024Z [  50% ] [90m[1m_update_scan_actions[22m | Flower_3_Group.gltf[39m[0m
2026-10-07T06:18:11.7257911Z [  50% ] [90m[1m_update_scan_actions[22m | Flower_3_Single.gltf[39m[0m
2026-10-07T06:18:11.7261487Z [  50% ] [90m[1m_update_scan_actions[22m | Flower_4_Group.gltf[39m[0m
2026-10-07T06:18:11.7264911Z [  51% ] [90m[1m_update_scan_actions[22m | Flower_4_Single.gltf[39m[0m
2026-10-07T06:18:11.7271325Z [  51% ] [90m[1m_update_scan_actions[22m | Grass.png[39m[0m
2026-10-07T06:18:11.7274595Z [  51% ] [90m[1m_update_scan_actions[22m | Grass_Common_Short.gltf[39m[0m
2026-10-07T06:18:11.7277697Z [  51% ] [90m[1m_update_scan_actions[22m | Grass_Common_Tall.gltf[39m[0m
2026-10-07T06:18:11.7281157Z [  51% ] [90m[1m_update_scan_actions[22m | Grass_Wheat.gltf[39m[0m
2026-10-07T06:18:11.7284471Z [  51% ] [90m[1m_update_scan_actions[22m | Grass_Wide_Short.gltf[39m[0m
2026-10-07T06:18:11.7287439Z [  51% ] [90m[1m_update_scan_actions[22m | Grass_Wide_Tall.gltf[39m[0m
2026-10-07T06:18:11.7290535Z [  51% ] [90m[1m_update_scan_actions[22m | Grass_Wispy_Short.gltf[39m[0m
2026-10-07T06:18:11.7293849Z [  51% ] [90m[1m_update_scan_actions[22m | Grass_Wispy_Tall.gltf[39m[0m
2026-10-07T06:18:11.7306820Z [  51% ] [90m[1m_update_scan_actions[22m | Leaves.png[39m[0m
2026-10-07T06:18:11.7329676Z [  51% ] [90m[1m_update_scan_actions[22m | Leaves_CherryBlossom_C.png[39m[0m
2026-10-07T06:18:11.7340207Z [  51% ] [90m[1m_update_scan_actions[22m | Leaves_NormalTree_C.png[39m[0m
2026-10-07T06:18:11.7350483Z [  51% ] [90m[1m_update_scan_actions[22m | Leaves_TwistedTree_C.png[39m[0m
2026-10-07T06:18:11.7362630Z [  51% ] [90m[1m_update_scan_actions[22m | Mushrooms.png[39m[0m
2026-10-07T06:18:11.7366172Z [  52% ] [90m[1m_update_scan_actions[22m | Mushroom_Common.gltf[39m[0m
2026-10-07T06:18:11.7370754Z [  52% ] [90m[1m_update_scan_actions[22m | Mushroom_Laetiporus.gltf[39m[0m
2026-10-07T06:18:11.7374701Z [  52% ] [90m[1m_update_scan_actions[22m | Mushroom_Oyster.gltf[39m[0m
2026-10-07T06:18:11.7377804Z [  52% ] [90m[1m_update_scan_actions[22m | Mushroom_RedCap.gltf[39m[0m
2026-10-07T06:18:11.7388837Z [  52% ] [90m[1m_update_scan_actions[22m | PathRocks_Diffuse.png[39m[0m
2026-10-07T06:18:11.7391695Z [  52% ] [90m[1m_update_scan_actions[22m | Pebble_Round_1.gltf[39m[0m
2026-10-07T06:18:11.7394788Z [  52% ] [90m[1m_update_scan_actions[22m | Pebble_Round_2.gltf[39m[0m
2026-10-07T06:18:11.7397589Z [  52% ] [90m[1m_update_scan_actions[22m | Pebble_Round_3.gltf[39m[0m
2026-10-07T06:18:11.7400640Z [  52% ] [90m[1m_update_scan_actions[22m | Plant_1.gltf[39m[0m
2026-10-07T06:18:11.7403374Z [  52% ] [90m[1m_update_scan_actions[22m | Plant_1_Big.gltf[39m[0m
2026-10-07T06:18:11.7406246Z [  52% ] [90m[1m_update_scan_actions[22m | Plant_7.gltf[39m[0m
2026-10-07T06:18:11.7409038Z [  52% ] [90m[1m_update_scan_actions[22m | Plant_7_Big.gltf[39m[0m
2026-10-07T06:18:11.7412655Z [  52% ] [90m[1m_update_scan_actions[22m | RockPath_Round_Small_1.gltf[39m[0m
2026-10-07T06:18:11.7416478Z [  52% ] [90m[1m_update_scan_actions[22m | RockPath_Round_Small_2.gltf[39m[0m
2026-10-07T06:18:11.7420770Z [  53% ] [90m[1m_update_scan_actions[22m | RockPath_Round_Thin.gltf[39m[0m
2026-10-07T06:18:11.7426310Z [  53% ] [90m[1m_update_scan_actions[22m | RockPath_Round_Wide.gltf[39m[0m
2026-10-07T06:18:11.7437963Z [  53% ] [90m[1m_update_scan_actions[22m | Rocks_Diffuse.png[39m[0m
2026-10-07T06:18:11.7450631Z [  53% ] [90m[1m_update_scan_actions[22m | Rocks_Diffuse_meadows.png[39m[0m
2026-10-07T06:18:11.7453739Z [  53% ] [90m[1m_update_scan_actions[22m | Rock_Medium_1.gltf[39m[0m
2026-10-07T06:18:11.7456732Z [  53% ] [90m[1m_update_scan_actions[22m | Rock_Medium_2.gltf[39m[0m
2026-10-07T06:18:11.7459824Z [  53% ] [90m[1m_update_scan_actions[22m | Rock_Medium_3.gltf[39m[0m
2026-10-07T06:18:11.7469856Z [  53% ] [90m[1m_update_scan_actions[22m | TwistedTree_1.gltf[39m[0m
2026-10-07T06:18:11.7479602Z [  53% ] [90m[1m_update_scan_actions[22m | TwistedTree_2.gltf[39m[0m
2026-10-07T06:18:11.7490168Z [  53% ] [90m[1m_update_scan_actions[22m | TwistedTree_3.gltf[39m[0m
2026-10-07T06:18:11.7501018Z [  53% ] [90m[1m_update_scan_actions[22m | TwistedTree_4.gltf[39m[0m
2026-10-07T06:18:11.7511707Z [  53% ] [90m[1m_update_scan_actions[22m | TwistedTree_5.gltf[39m[0m
2026-10-07T06:18:11.7518752Z [  53% ] [90m[1m_update_scan_actions[22m | rift_siphon_wall_machine.glb[39m[0m
2026-10-07T06:18:11.7524519Z [  53% ] [90m[1m_update_scan_actions[22m | team_tether_banner_rig.glb[39m[0m
2026-10-07T06:18:11.7531003Z [  54% ] [90m[1m_update_scan_actions[22m | team_tether_boiler_chimney.glb[39m[0m
2026-10-07T06:18:11.7536119Z [  54% ] [90m[1m_update_scan_actions[22m | team_tether_scaffold_tower.glb[39m[0m
2026-10-07T06:18:11.7539226Z [  54% ] [90m[1m_update_scan_actions[22m | tt_pipe_bracket.glb[39m[0m
2026-10-07T06:18:11.7542790Z [  54% ] [90m[1m_update_scan_actions[22m | tt_pipe_elbow.glb[39m[0m
2026-10-07T06:18:11.7546465Z [  54% ] [90m[1m_update_scan_actions[22m | tt_pipe_straight.glb[39m[0m
2026-10-07T06:18:11.7550235Z [  54% ] [90m[1m_update_scan_actions[22m | tt_pipe_tee.glb[39m[0m
2026-10-07T06:18:11.7554330Z [  54% ] [90m[1m_update_scan_actions[22m | tt_pipe_valve.glb[39m[0m
2026-10-07T06:18:11.7568298Z [  54% ] [90m[1m_update_scan_actions[22m | machine_hardware.glb[39m[0m
2026-10-07T06:18:11.7606536Z [  54% ] [90m[1m_update_scan_actions[22m | relay_apparatus.glb[39m[0m
2026-10-07T06:18:11.7687977Z [  54% ] [90m[1m_update_scan_actions[22m | relay_apparatus_0.jpg[39m[0m
2026-10-07T06:18:11.7768738Z [  54% ] [90m[1m_update_scan_actions[22m | south_bridge_gate.glb[39m[0m
2026-10-07T06:18:11.7888367Z [  54% ] [90m[1m_update_scan_actions[22m | south_bridge_gate_0.jpg[39m[0m
2026-10-07T06:18:11.7929444Z [  54% ] [90m[1m_update_scan_actions[22m | tether_machine.glb[39m[0m
2026-10-07T06:18:11.8008977Z [  54% ] [90m[1m_update_scan_actions[22m | tether_machine_0.jpg[39m[0m
2026-10-07T06:18:11.8016090Z [  55% ] [90m[1m_update_scan_actions[22m | tether_pylon.glb[39m[0m
2026-10-07T06:18:11.8061839Z [  55% ] [90m[1m_update_scan_actions[22m | tether_pylon_albedo.png[39m[0m
2026-10-07T06:18:11.8107563Z [  55% ] [90m[1m_update_scan_actions[22m | tether_pylon_albedo_dead.png[39m[0m
2026-10-07T06:18:11.8140403Z [  55% ] [90m[1m_update_scan_actions[22m | dirt_path_Color.png[39m[0m
2026-10-07T06:18:11.8176195Z [  55% ] [90m[1m_update_scan_actions[22m | dirt_path_NormalGL.png[39m[0m
2026-10-07T06:18:11.8204646Z [  55% ] [90m[1m_update_scan_actions[22m | forest_floor_Color.png[39m[0m
2026-10-07T06:18:11.8233248Z [  55% ] [90m[1m_update_scan_actions[22m | forest_floor_NormalGL.png[39m[0m
2026-10-07T06:18:11.8262847Z [  55% ] [90m[1m_update_scan_actions[22m | meadow_grass_Color.png[39m[0m
2026-10-07T06:18:11.8295085Z [  55% ] [90m[1m_update_scan_actions[22m | meadow_grass_NormalGL.png[39m[0m
2026-10-07T06:18:11.8331319Z [  55% ] [90m[1m_update_scan_actions[22m | rock_scree_Color.png[39m[0m
2026-10-07T06:18:11.8383305Z [  55% ] [90m[1m_update_scan_actions[22m | rock_scree_NormalGL.png[39m[0m
2026-10-07T06:18:11.8414190Z [  55% ] [90m[1m_update_scan_actions[22m | verge_grass_Color.png[39m[0m
2026-10-07T06:18:11.8443304Z [  55% ] [90m[1m_update_scan_actions[22m | verge_grass_NormalGL.png[39m[0m
2026-10-07T06:18:11.8468901Z [  55% ] [90m[1m_update_scan_actions[22m | wet_earth_Color.png[39m[0m
2026-10-07T06:18:11.8491951Z [  56% ] [90m[1m_update_scan_actions[22m | wet_earth_NormalGL.png[39m[0m
2026-10-07T06:18:11.8542729Z [  56% ] [90m[1m_update_scan_actions[22m | Grass004_Color.jpg[39m[0m
2026-10-07T06:18:11.8599730Z [  56% ] [90m[1m_update_scan_actions[22m | Grass004_NormalGL.jpg[39m[0m
2026-10-07T06:18:11.8630356Z [  56% ] [90m[1m_update_scan_actions[22m | Grass004_Roughness.jpg[39m[0m
2026-10-07T06:18:11.8655129Z [  56% ] [90m[1m_update_scan_actions[22m | Grass005_Color.jpg[39m[0m
2026-10-07T06:18:11.8680759Z [  56% ] [90m[1m_update_scan_actions[22m | Grass005_NormalGL.jpg[39m[0m
2026-10-07T06:18:11.8706056Z [  56% ] [90m[1m_update_scan_actions[22m | Grass005_Roughness.jpg[39m[0m
2026-10-07T06:18:11.8729574Z [  56% ] [90m[1m_update_scan_actions[22m | Grass008_Color.jpg[39m[0m
2026-10-07T06:18:11.8753031Z [  56% ] [90m[1m_update_scan_actions[22m | Grass008_NormalGL.jpg[39m[0m
2026-10-07T06:18:11.8777920Z [  56% ] [90m[1m_update_scan_actions[22m | Grass008_Roughness.jpg[39m[0m
2026-10-07T06:18:11.8805969Z [  56% ] [90m[1m_update_scan_actions[22m | Ground003_Color.jpg[39m[0m
2026-10-07T06:18:11.8865715Z [  56% ] [90m[1m_update_scan_actions[22m | Ground003_NormalGL.jpg[39m[0m
2026-10-07T06:18:11.8894930Z [  56% ] [90m[1m_update_scan_actions[22m | Ground003_Roughness.jpg[39m[0m
2026-10-07T06:18:11.8917474Z [  56% ] [90m[1m_update_scan_actions[22m | Ground030_Color.jpg[39m[0m
2026-10-07T06:18:11.8974578Z [  57% ] [90m[1m_update_scan_actions[22m | Ground030_NormalGL.jpg[39m[0m
2026-10-07T06:18:11.9028606Z [  57% ] [90m[1m_update_scan_actions[22m | Ground037_Color.jpg[39m[0m
2026-10-07T06:18:11.9087872Z [  57% ] [90m[1m_update_scan_actions[22m | Ground037_NormalGL.jpg[39m[0m
2026-10-07T06:18:11.9117402Z [  57% ] [90m[1m_update_scan_actions[22m | Rock030_Color.jpg[39m[0m
2026-10-07T06:18:11.9177364Z [  57% ] [90m[1m_update_scan_actions[22m | Rock030_NormalGL.jpg[39m[0m
2026-10-07T06:18:11.9205013Z [  57% ] [90m[1m_update_scan_actions[22m | Rock030_Roughness.jpg[39m[0m
2026-10-07T06:18:11.9286261Z [  57% ] [90m[1m_update_scan_actions[22m | tidewake_dune_sand_v1.png[39m[0m
2026-10-07T06:18:11.9308344Z [  57% ] [90m[1m_update_scan_actions[22m | heart_banner.glb[39m[0m
2026-10-07T06:18:11.9335686Z [  57% ] [90m[1m_update_scan_actions[22m | heart_banner_albedo.png[39m[0m
2026-10-07T06:18:11.9369330Z [  57% ] [90m[1m_update_scan_actions[22m | heart_banner_heart_banner_albedo.png[39m[0m
2026-10-07T06:18:11.9372963Z [  57% ] [90m[1m_update_scan_actions[22m | heart_crystal.glb[39m[0m
2026-10-07T06:18:11.9471692Z [  57% ] [90m[1m_update_scan_actions[22m | fall_ribbons.obj[39m[0m
2026-10-07T06:18:11.9482195Z [  57% ] [90m[1m_update_scan_actions[22m | fall_threads.obj[39m[0m
2026-10-07T06:18:11.9518442Z [  57% ] [90m[1m_update_scan_actions[22m | plunge_crowns.obj[39m[0m
2026-10-07T06:18:11.9527240Z [  58% ] [90m[1m_update_scan_actions[22m | plunge_mist.obj[39m[0m
2026-10-07T06:18:11.9539391Z [  58% ] [90m[1m_update_scan_actions[22m | receiving_water.obj[39m[0m
2026-10-07T06:18:11.9550383Z [  58% ] [90m[1m_update_scan_actions[22m | source_and_basin_stone.obj[39m[0m
2026-10-07T06:18:11.9558599Z [  58% ] [90m[1m_update_scan_actions[22m | splash_arcs.obj[39m[0m
2026-10-07T06:18:11.9677746Z [  58% ] [90m[1m_update_scan_actions[22m | pump_station.glb[39m[0m
2026-10-07T06:18:11.9784617Z [  58% ] [90m[1m_update_scan_actions[22m | pump_station_Image_0.jpg[39m[0m
2026-10-07T06:18:11.9859801Z [  58% ] [90m[1m_update_scan_actions[22m | sluice_frame_18.glb[39m[0m
2026-10-07T06:18:11.9949904Z [  58% ] [90m[1m_update_scan_actions[22m | sluice_frame_18_T_WoodTrim_BaseColor.png[39m[0m
2026-10-07T06:18:12.0025191Z [  58% ] [90m[1m_update_scan_actions[22m | sluice_frame_30.glb[39m[0m
2026-10-07T06:18:12.0115766Z [  58% ] [90m[1m_update_scan_actions[22m | sluice_frame_30_T_WoodTrim_BaseColor.png[39m[0m
2026-10-07T06:18:12.0224085Z [  58% ] [90m[1m_update_scan_actions[22m | sluice_leaf_18.glb[39m[0m
2026-10-07T06:18:12.0314449Z [  58% ] [90m[1m_update_scan_actions[22m | sluice_leaf_18_T_WoodTrim_BaseColor.png[39m[0m
2026-10-07T06:18:12.0465331Z [  58% ] [90m[1m_update_scan_actions[22m | sluice_leaf_30.glb[39m[0m
2026-10-07T06:18:12.0553812Z [  58% ] [90m[1m_update_scan_actions[22m | sluice_leaf_30_T_WoodTrim_BaseColor.png[39m[0m
2026-10-07T06:18:12.0614579Z [  59% ] [90m[1m_update_scan_actions[22m | candy_pickup.glb[39m[0m
2026-10-07T06:18:12.0719343Z [  59% ] [90m[1m_update_scan_actions[22m | candy_pickup_0.png[39m[0m
2026-10-07T06:18:12.0895310Z [  59% ] [90m[1m_update_scan_actions[22m | campfire_stone_ring.glb[39m[0m
2026-10-07T06:18:12.1001564Z [  59% ] [90m[1m_update_scan_actions[22m | campfire_stone_ring_base_color.jpg[39m[0m
2026-10-07T06:18:12.1081360Z [  59% ] [90m[1m_update_scan_actions[22m | campfire_stone_ring_metallic_roughness.jpg[39m[0m
2026-10-07T06:18:12.1175137Z [  59% ] [90m[1m_update_scan_actions[22m | campfire_stone_ring_normal.jpg[39m[0m
2026-10-07T06:18:12.1283851Z [  59% ] [90m[1m_update_scan_actions[22m | camp_bed.glb[39m[0m
2026-10-07T06:18:12.1390724Z [  59% ] [90m[1m_update_scan_actions[22m | camp_bed_0.jpg[39m[0m
2026-10-07T06:18:12.1577527Z [  59% ] [90m[1m_update_scan_actions[22m | camp_firewood.glb[39m[0m
2026-10-07T06:18:12.1681128Z [  59% ] [90m[1m_update_scan_actions[22m | camp_firewood_base_color.jpg[39m[0m
2026-10-07T06:18:12.1758431Z [  59% ] [90m[1m_update_scan_actions[22m | camp_firewood_metallic_roughness.jpg[39m[0m
2026-10-07T06:18:12.1848506Z [  59% ] [90m[1m_update_scan_actions[22m | camp_firewood_normal.jpg[39m[0m
2026-10-07T06:18:12.2020885Z [  59% ] [90m[1m_update_scan_actions[22m | camp_flame.glb[39m[0m
2026-10-07T06:18:12.2124639Z [  60% ] [90m[1m_update_scan_actions[22m | camp_flame_base_color.jpg[39m[0m
2026-10-07T06:18:12.2194085Z [  60% ] [90m[1m_update_scan_actions[22m | camp_flame_metallic_roughness.jpg[39m[0m
2026-10-07T06:18:12.2280707Z [  60% ] [90m[1m_update_scan_actions[22m | camp_flame_normal.jpg[39m[0m
2026-10-07T06:18:12.2389821Z [  60% ] [90m[1m_update_scan_actions[22m | camp_tent.glb[39m[0m
2026-10-07T06:18:12.2492772Z [  60% ] [90m[1m_update_scan_actions[22m | camp_tent_0.jpg[39m[0m
2026-10-07T06:18:12.2597220Z [  60% ] [90m[1m_update_scan_actions[22m | camp_tent_base_color.jpg[39m[0m
2026-10-07T06:18:12.2671207Z [  60% ] [90m[1m_update_scan_actions[22m | camp_tent_metallic_roughness.jpg[39m[0m
2026-10-07T06:18:12.2760576Z [  60% ] [90m[1m_update_scan_actions[22m | camp_tent_normal.jpg[39m[0m
2026-10-07T06:18:12.2766377Z [  60% ] [90m[1m_update_scan_actions[22m | colormap.png[39m[0m
2026-10-07T06:18:12.2769094Z [  60% ] [90m[1m_update_scan_actions[22m | bedroll-frame.glb[39m[0m
2026-10-07T06:18:12.2772188Z [  60% ] [90m[1m_update_scan_actions[22m | bedroll-packed.glb[39m[0m
2026-10-07T06:18:12.2775351Z [  60% ] [90m[1m_update_scan_actions[22m | bedroll.glb[39m[0m
2026-10-07T06:18:12.2779373Z [  60% ] [90m[1m_update_scan_actions[22m | bedroll.obj[39m[0m
2026-10-07T06:18:12.2783287Z [  60% ] [90m[1m_update_scan_actions[22m | campfire-pit.glb[39m[0m
2026-10-07T06:18:12.2786294Z [  61% ] [90m[1m_update_scan_actions[22m | tent-canvas.glb[39m[0m
2026-10-07T06:18:12.2789383Z [  61% ] [90m[1m_update_scan_actions[22m | tent.glb[39m[0m
2026-10-07T06:18:12.2792436Z [  61% ] [90m[1m_update_scan_actions[22m | tree-log-small.glb[39m[0m
2026-10-07T06:18:12.2795686Z [  61% ] [90m[1m_update_scan_actions[22m | tree-log.glb[39m[0m
2026-10-07T06:18:12.2808222Z [  61% ] [90m[1m_update_scan_actions[22m | mushroom_pickup.glb[39m[0m
2026-10-07T06:18:12.2830030Z [  61% ] [90m[1m_update_scan_actions[22m | mushroom_pickup_0.png[39m[0m
2026-10-07T06:18:12.2926375Z [  61% ] [90m[1m_update_scan_actions[22m | potion_plant.glb[39m[0m
2026-10-07T06:18:12.3064416Z [  61% ] [90m[1m_update_scan_actions[22m | potion_plant_0.png[39m[0m
2026-10-07T06:18:12.3118911Z [  61% ] [90m[1m_update_scan_actions[22m | potion_plant_1.png[39m[0m
2026-10-07T06:18:12.3122879Z [  61% ] [90m[1m_update_scan_actions[22m | Anvil.gltf[39m[0m
2026-10-07T06:18:12.3128294Z [  61% ] [90m[1m_update_scan_actions[22m | Anvil_Log.gltf[39m[0m
2026-10-07T06:18:12.3132028Z [  61% ] [90m[1m_update_scan_actions[22m | Axe_Bronze.gltf[39m[0m
2026-10-07T06:18:12.3136019Z [  61% ] [90m[1m_update_scan_actions[22m | Bag.gltf[39m[0m
2026-10-07T06:18:12.3139569Z [  61% ] [90m[1m_update_scan_actions[22m | Banner_1.gltf[39m[0m
2026-10-07T06:18:12.3143063Z [  62% ] [90m[1m_update_scan_actions[22m | Banner_1_Cloth.gltf[39m[0m
2026-10-07T06:18:12.3148178Z [  62% ] [90m[1m_update_scan_actions[22m | Banner_2.gltf[39m[0m
2026-10-07T06:18:12.3150875Z [  62% ] [90m[1m_update_scan_actions[22m | Banner_2_Cloth.gltf[39m[0m
2026-10-07T06:18:12.3154976Z [  62% ] [90m[1m_update_scan_actions[22m | Barrel.gltf[39m[0m
2026-10-07T06:18:12.3159626Z [  62% ] [90m[1m_update_scan_actions[22m | Barrel_Apples.gltf[39m[0m
2026-10-07T06:18:12.3164591Z [  62% ] [90m[1m_update_scan_actions[22m | Barrel_Holder.gltf[39m[0m
2026-10-07T06:18:12.3168820Z [  62% ] [90m[1m_update_scan_actions[22m | Bed_Twin1.gltf[39m[0m
2026-10-07T06:18:12.3172265Z [  62% ] [90m[1m_update_scan_actions[22m | Bench.gltf[39m[0m
2026-10-07T06:18:12.3176936Z [  62% ] [90m[1m_update_scan_actions[22m | Bookcase_2.gltf[39m[0m
2026-10-07T06:18:12.3180513Z [  62% ] [90m[1m_update_scan_actions[22m | BookGroup_Medium_1.gltf[39m[0m
2026-10-07T06:18:12.3184632Z [  62% ] [90m[1m_update_scan_actions[22m | BookStand.gltf[39m[0m
2026-10-07T06:18:12.3188198Z [  62% ] [90m[1m_update_scan_actions[22m | Bucket_Metal.gltf[39m[0m
2026-10-07T06:18:12.3191980Z [  62% ] [90m[1m_update_scan_actions[22m | Bucket_Wooden_1.gltf[39m[0m
2026-10-07T06:18:12.3196626Z [  62% ] [90m[1m_update_scan_actions[22m | Cabinet.gltf[39m[0m
2026-10-07T06:18:12.3201805Z [  63% ] [90m[1m_update_scan_actions[22m | Cage_Small.gltf[39m[0m
2026-10-07T06:18:12.3208438Z [  63% ] [90m[1m_update_scan_actions[22m | CandleStick_Stand.gltf[39m[0m
2026-10-07T06:18:12.3212684Z [  63% ] [90m[1m_update_scan_actions[22m | Cauldron.gltf[39m[0m
2026-10-07T06:18:12.3217997Z [  63% ] [90m[1m_update_scan_actions[22m | Chain_Coil.gltf[39m[0m
2026-10-07T06:18:12.3222832Z [  63% ] [90m[1m_update_scan_actions[22m | Chest_Wood.gltf[39m[0m
2026-10-07T06:18:12.3227789Z [  63% ] [90m[1m_update_scan_actions[22m | Crate_Metal.gltf[39m[0m
2026-10-07T06:18:12.3231811Z [  63% ] [90m[1m_update_scan_actions[22m | Crate_Wooden.gltf[39m[0m
2026-10-07T06:18:12.3236782Z [  63% ] [90m[1m_update_scan_actions[22m | Dummy.gltf[39m[0m
2026-10-07T06:18:12.3242099Z [  63% ] [90m[1m_update_scan_actions[22m | FarmCrate_Apple.gltf[39m[0m
2026-10-07T06:18:12.3246544Z [  63% ] [90m[1m_update_scan_actions[22m | FarmCrate_Empty.gltf[39m[0m
2026-10-07T06:18:12.3251228Z [  63% ] [90m[1m_update_scan_actions[22m | Lantern_Wall.gltf[39m[0m
2026-10-07T06:18:12.3255502Z [  63% ] [90m[1m_update_scan_actions[22m | Peg_Rack.gltf[39m[0m
2026-10-07T06:18:12.3258868Z [  63% ] [90m[1m_update_scan_actions[22m | Pickaxe_Bronze.gltf[39m[0m
2026-10-07T06:18:12.3262693Z [  63% ] [90m[1m_update_scan_actions[22m | Pot_1.gltf[39m[0m
2026-10-07T06:18:12.3266668Z [  64% ] [90m[1m_update_scan_actions[22m | Pouch_Large.gltf[39m[0m
2026-10-07T06:18:12.3270786Z [  64% ] [90m[1m_update_scan_actions[22m | Rope_1.gltf[39m[0m
2026-10-07T06:18:12.3275034Z [  64% ] [90m[1m_update_scan_actions[22m | Rope_2.gltf[39m[0m
2026-10-07T06:18:12.3279122Z [  64% ] [90m[1m_update_scan_actions[22m | Rope_3.gltf[39m[0m
2026-10-07T06:18:12.3282717Z [  64% ] [90m[1m_update_scan_actions[22m | Shelf_Simple.gltf[39m[0m
2026-10-07T06:18:12.3287023Z [  64% ] [90m[1m_update_scan_actions[22m | Shield_Wooden.gltf[39m[0m
2026-10-07T06:18:12.3292512Z [  64% ] [90m[1m_update_scan_actions[22m | Stall_Cart_Empty.gltf[39m[0m
2026-10-07T06:18:12.3296975Z [  64% ] [90m[1m_update_scan_actions[22m | Stall_Empty.gltf[39m[0m
2026-10-07T06:18:12.3300370Z [  64% ] [90m[1m_update_scan_actions[22m | Stool.gltf[39m[0m
2026-10-07T06:18:12.3305051Z [  64% ] [90m[1m_update_scan_actions[22m | Sword_Bronze.gltf[39m[0m
2026-10-07T06:18:12.3308866Z [  64% ] [90m[1m_update_scan_actions[22m | Table_Large.gltf[39m[0m
2026-10-07T06:18:12.3319497Z [  64% ] [90m[1m_update_scan_actions[22m | tidewake_chart.svg[39m[0m
2026-10-07T06:18:12.3323305Z [  64% ] [90m[1m_update_scan_actions[22m | Torch_Metal.gltf[39m[0m
2026-10-07T06:18:12.3611408Z [  64% ] [90m[1m_update_scan_actions[22m | T_Page_Noise.png[39m[0m
2026-10-07T06:18:12.3687703Z [  65% ] [90m[1m_update_scan_actions[22m | T_Trim_Cloth_BaseColor.png[39m[0m
2026-10-07T06:18:12.3798468Z [  65% ] [90m[1m_update_scan_actions[22m | T_Trim_Cloth_Normal.png[39m[0m
2026-10-07T06:18:12.3850051Z [  65% ] [90m[1m_update_scan_actions[22m | T_Trim_Cloth_ORM.png[39m[0m
2026-10-07T06:18:12.3930485Z [  65% ] [90m[1m_update_scan_actions[22m | T_Trim_Furniture_BaseColor.png[39m[0m
2026-10-07T06:18:12.4033359Z [  65% ] [90m[1m_update_scan_actions[22m | T_Trim_Furniture_Normal.png[39m[0m
2026-10-07T06:18:12.4110637Z [  65% ] [90m[1m_update_scan_actions[22m | T_Trim_Furniture_ORM.png[39m[0m
2026-10-07T06:18:12.4175543Z [  65% ] [90m[1m_update_scan_actions[22m | T_Trim_Metal_BaseColor.png[39m[0m
2026-10-07T06:18:12.4280856Z [  65% ] [90m[1m_update_scan_actions[22m | T_Trim_Metal_Normal.png[39m[0m
2026-10-07T06:18:12.4354557Z [  65% ] [90m[1m_update_scan_actions[22m | T_Trim_Metal_ORM.png[39m[0m
2026-10-07T06:18:12.4435161Z [  65% ] [90m[1m_update_scan_actions[22m | T_Trim_Props_BaseColor.png[39m[0m
2026-10-07T06:18:12.4553993Z [  65% ] [90m[1m_update_scan_actions[22m | T_Trim_Props_Normal.png[39m[0m
2026-10-07T06:18:12.4647933Z [  65% ] [90m[1m_update_scan_actions[22m | T_Trim_Props_ORM.png[39m[0m
2026-10-07T06:18:12.4652090Z [  65% ] [90m[1m_update_scan_actions[22m | Vase_Rubble_Medium.gltf[39m[0m
2026-10-07T06:18:12.4656676Z [  65% ] [90m[1m_update_scan_actions[22m | WeaponStand.gltf[39m[0m
2026-10-07T06:18:12.4661078Z [  66% ] [90m[1m_update_scan_actions[22m | Whetstone.gltf[39m[0m
2026-10-07T06:18:12.4665523Z [  66% ] [90m[1m_update_scan_actions[22m | Workbench.gltf[39m[0m
2026-10-07T06:18:12.4681592Z [  66% ] [90m[1m_update_scan_actions[22m | BedDouble.obj[39m[0m
2026-10-07T06:18:12.4695111Z [  66% ] [90m[1m_update_scan_actions[22m | BedTwin.obj[39m[0m
2026-10-07T06:18:12.4705019Z [  66% ] [90m[1m_update_scan_actions[22m | Bookcase.obj[39m[0m
2026-10-07T06:18:12.4732431Z [  66% ] [90m[1m_update_scan_actions[22m | Bookcase_Books.obj[39m[0m
2026-10-07T06:18:12.4738109Z [  66% ] [90m[1m_update_scan_actions[22m | Chair.obj[39m[0m
2026-10-07T06:18:12.4749363Z [  66% ] [90m[1m_update_scan_actions[22m | Closet.obj[39m[0m
2026-10-07T06:18:12.4759032Z [  66% ] [90m[1m_update_scan_actions[22m | Desk.obj[39m[0m
2026-10-07T06:18:12.4767607Z [  66% ] [90m[1m_update_scan_actions[22m | Door1.obj[39m[0m
2026-10-07T06:18:12.4775740Z [  66% ] [90m[1m_update_scan_actions[22m | NightStand.obj[39m[0m
2026-10-07T06:18:12.4789814Z [  66% ] [90m[1m_update_scan_actions[22m | ShortCloset.obj[39m[0m
2026-10-07T06:18:12.4794882Z [  66% ] [90m[1m_update_scan_actions[22m | Stool.obj[39m[0m
2026-10-07T06:18:12.4801664Z [  66% ] [90m[1m_update_scan_actions[22m | Table2.obj[39m[0m
2026-10-07T06:18:12.4808224Z [  67% ] [90m[1m_update_scan_actions[22m | Table.obj[39m[0m
2026-10-07T06:18:12.4812438Z [  67% ] [90m[1m_update_scan_actions[22m | Axe.obj[39m[0m
2026-10-07T06:18:12.4820604Z [  67% ] [90m[1m_update_scan_actions[22m | Backpack.obj[39m[0m
2026-10-07T06:18:12.4825980Z [  67% ] [90m[1m_update_scan_actions[22m | Bonfire.obj[39m[0m
2026-10-07T06:18:12.4830981Z [  67% ] [90m[1m_update_scan_actions[22m | Bonfire_Fire.obj[39m[0m
2026-10-07T06:18:12.4835500Z [  67% ] [90m[1m_update_scan_actions[22m | Knife.obj[39m[0m
2026-10-07T06:18:12.5065020Z [  67% ] [90m[1m_update_scan_actions[22m | realm_gate_frame.glb[39m[0m
2026-10-07T06:18:12.5190782Z [  67% ] [90m[1m_update_scan_actions[22m | realm_gate_frame_Image_0.jpg[39m[0m
2026-10-07T06:18:12.5280181Z [  67% ] [90m[1m_update_scan_actions[22m | realm_gate_frame_Image_1.png[39m[0m
2026-10-07T06:18:12.5430277Z [  67% ] [90m[1m_update_scan_actions[22m | realm_gate_frame_normal.png[39m[0m
2026-10-07T06:18:12.5511876Z [  67% ] [90m[1m_update_scan_actions[22m | revive_flower.glb[39m[0m
2026-10-07T06:18:12.5636298Z [  67% ] [90m[1m_update_scan_actions[22m | revive_flower_0.png[39m[0m
2026-10-07T06:18:12.5693147Z [  67% ] [90m[1m_update_scan_actions[22m | riding_saddle.glb[39m[0m
2026-10-07T06:18:12.5792369Z [  67% ] [90m[1m_update_scan_actions[22m | riding_saddle_0.jpg[39m[0m
2026-10-07T06:18:12.5795946Z [  68% ] [90m[1m_update_scan_actions[22m | attack_tonic_badge.glb[39m[0m
2026-10-07T06:18:12.5862754Z [  68% ] [90m[1m_update_scan_actions[22m | bottle_base.glb[39m[0m
2026-10-07T06:18:12.5965893Z [  68% ] [90m[1m_update_scan_actions[22m | bottle_base_Image_0.jpg[39m[0m
2026-10-07T06:18:12.5969030Z [  68% ] [90m[1m_update_scan_actions[22m | elixir_guard_badge.glb[39m[0m
2026-10-07T06:18:12.5972260Z [  68% ] [90m[1m_update_scan_actions[22m | elixir_might_badge.glb[39m[0m
2026-10-07T06:18:12.5975893Z [  68% ] [90m[1m_update_scan_actions[22m | elixir_vigour_badge.glb[39m[0m
2026-10-07T06:18:12.5978845Z [  68% ] [90m[1m_update_scan_actions[22m | stoneguard_brew_badge.glb[39m[0m
2026-10-07T06:18:12.5981715Z [  68% ] [90m[1m_update_scan_actions[22m | swift_tonic_badge.glb[39m[0m
2026-10-07T06:18:12.6062806Z [  68% ] [90m[1m_update_scan_actions[22m | tideglass_shrine.glb[39m[0m
2026-10-07T06:18:12.6174159Z [  68% ] [90m[1m_update_scan_actions[22m | tideglass_shrine_0.jpg[39m[0m
2026-10-07T06:18:12.6274966Z [  68% ] [90m[1m_update_scan_actions[22m | tm_orb.glb[39m[0m
2026-10-07T06:18:12.6379469Z [  68% ] [90m[1m_update_scan_actions[22m | tm_orb_0.jpg[39m[0m
2026-10-07T06:18:12.6420053Z [  68% ] [90m[1m_update_scan_actions[22m | tm_orb_emissive_mask.png[39m[0m
2026-10-07T06:18:12.6549569Z [  68% ] [90m[1m_update_scan_actions[22m | tm_orb_shell.png[39m[0m
2026-10-07T06:18:12.6552736Z [  69% ] [90m[1m_update_scan_actions[22m | aim_enter.wav[39m[0m
2026-10-07T06:18:12.6556152Z [  69% ] [90m[1m_update_scan_actions[22m | build_place.wav[39m[0m
2026-10-07T06:18:12.6558993Z [  69% ] [90m[1m_update_scan_actions[22m | build_snap.wav[39m[0m
2026-10-07T06:18:12.6562052Z [  69% ] [90m[1m_update_scan_actions[22m | capture_success.wav[39m[0m
2026-10-07T06:18:12.6565110Z [  69% ] [90m[1m_update_scan_actions[22m | ui_accept.wav[39m[0m
2026-10-07T06:18:12.6567859Z [  69% ] [90m[1m_update_scan_actions[22m | ui_cancel.wav[39m[0m
2026-10-07T06:18:12.6570631Z [  69% ] [90m[1m_update_scan_actions[22m | ui_error.wav[39m[0m
2026-10-07T06:18:12.6573325Z [  69% ] [90m[1m_update_scan_actions[22m | ui_focus.wav[39m[0m
2026-10-07T06:18:12.6576749Z [  69% ] [90m[1m_update_scan_actions[22m | ui_tab.wav[39m[0m
2026-10-07T06:18:12.6579773Z [  69% ] [90m[1m_update_scan_actions[22m | kenney_future.ttf[39m[0m
2026-10-07T06:18:12.6583255Z [  69% ] [90m[1m_update_scan_actions[22m | kenney_future_narrow.ttf[39m[0m
2026-10-07T06:18:12.6586312Z [  69% ] [90m[1m_update_scan_actions[22m | bedroll.png[39m[0m
2026-10-07T06:18:12.6589219Z [  69% ] [90m[1m_update_scan_actions[22m | campfire.png[39m[0m
2026-10-07T06:18:12.6592403Z [  70% ] [90m[1m_update_scan_actions[22m | creature_bed.png[39m[0m
2026-10-07T06:18:12.6595742Z [  70% ] [90m[1m_update_scan_actions[22m | door.png[39m[0m
2026-10-07T06:18:12.6598887Z [  70% ] [90m[1m_update_scan_actions[22m | fence.png[39m[0m
2026-10-07T06:18:12.6602001Z [  70% ] [90m[1m_update_scan_actions[22m | floor.png[39m[0m
2026-10-07T06:18:12.6605818Z [  70% ] [90m[1m_update_scan_actions[22m | roof.png[39m[0m
2026-10-07T06:18:12.6609110Z [  70% ] [90m[1m_update_scan_actions[22m | storage.png[39m[0m
2026-10-07T06:18:12.6611999Z [  70% ] [90m[1m_update_scan_actions[22m | tent.png[39m[0m
2026-10-07T06:18:12.6615105Z [  70% ] [90m[1m_update_scan_actions[22m | torch.png[39m[0m
2026-10-07T06:18:12.6618168Z [  70% ] [90m[1m_update_scan_actions[22m | wall.png[39m[0m
2026-10-07T06:18:12.6621271Z [  70% ] [90m[1m_update_scan_actions[22m | workbench.png[39m[0m
2026-10-07T06:18:12.6646038Z [  70% ] [90m[1m_update_scan_actions[22m | creatures_paw.png[39m[0m
2026-10-07T06:18:12.6669049Z [  70% ] [90m[1m_update_scan_actions[22m | hp_heart.png[39m[0m
2026-10-07T06:18:12.6706632Z [  70% ] [90m[1m_update_scan_actions[22m | orb_capture.png[39m[0m
2026-10-07T06:18:12.6722245Z [  70% ] [90m[1m_update_scan_actions[22m | stamina_bolt.png[39m[0m
2026-10-07T06:18:12.6725455Z [  71% ] [90m[1m_update_scan_actions[22m | armor_backpack.png[39m[0m
2026-10-07T06:18:12.6728189Z [  71% ] [90m[1m_update_scan_actions[22m | armor_boots.png[39m[0m
2026-10-07T06:18:12.6731145Z [  71% ] [90m[1m_update_scan_actions[22m | armor_helmet.png[39m[0m
2026-10-07T06:18:12.6734350Z [  71% ] [90m[1m_update_scan_actions[22m | armor_leggings.png[39m[0m
2026-10-07T06:18:12.6737209Z [  71% ] [90m[1m_update_scan_actions[22m | armor_vest.png[39m[0m
2026-10-07T06:18:12.6740040Z [  71% ] [90m[1m_update_scan_actions[22m | attack_tonic.png[39m[0m
2026-10-07T06:18:12.6742853Z [  71% ] [90m[1m_update_scan_actions[22m | axe.png[39m[0m
2026-10-07T06:18:12.6745818Z [  71% ] [90m[1m_update_scan_actions[22m | berries.png[39m[0m
2026-10-07T06:18:12.6748771Z [  71% ] [90m[1m_update_scan_actions[22m | castle_gate_key.png[39m[0m
2026-10-07T06:18:12.6751725Z [  71% ] [90m[1m_update_scan_actions[22m | coin.png[39m[0m
2026-10-07T06:18:12.6755106Z [  71% ] [90m[1m_update_scan_actions[22m | elixir_guard.png[39m[0m
2026-10-07T06:18:12.6758050Z [  71% ] [90m[1m_update_scan_actions[22m | elixir_might.png[39m[0m
2026-10-07T06:18:12.6761002Z [  71% ] [90m[1m_update_scan_actions[22m | elixir_vigour.png[39m[0m
2026-10-07T06:18:12.6764252Z [  71% ] [90m[1m_update_scan_actions[22m | fiber.png[39m[0m
2026-10-07T06:18:12.6767281Z [  72% ] [90m[1m_update_scan_actions[22m | field_sigil.png[39m[0m
2026-10-07T06:18:12.6770108Z [  72% ] [90m[1m_update_scan_actions[22m | fishing_rod.png[39m[0m
2026-10-07T06:18:12.6772937Z [  72% ] [90m[1m_update_scan_actions[22m | good_candy.png[39m[0m
2026-10-07T06:18:12.6776099Z [  72% ] [90m[1m_update_scan_actions[22m | great_candy.png[39m[0m
2026-10-07T06:18:12.6778852Z [  72% ] [90m[1m_update_scan_actions[22m | hammer.png[39m[0m
2026-10-07T06:18:12.6781838Z [  72% ] [90m[1m_update_scan_actions[22m | ironwood.png[39m[0m
2026-10-07T06:18:12.6784899Z [  72% ] [90m[1m_update_scan_actions[22m | knife.png[39m[0m
2026-10-07T06:18:12.6787859Z [  72% ] [90m[1m_update_scan_actions[22m | mill_bridge_gear.png[39m[0m
2026-10-07T06:18:12.6790849Z [  72% ] [90m[1m_update_scan_actions[22m | orb_basic.png[39m[0m
2026-10-07T06:18:12.6793777Z [  72% ] [90m[1m_update_scan_actions[22m | orb_greater.png[39m[0m
2026-10-07T06:18:12.6796746Z [  72% ] [90m[1m_update_scan_actions[22m | orb_prime.png[39m[0m
2026-10-07T06:18:12.6799769Z [  72% ] [90m[1m_update_scan_actions[22m | pickaxe.png[39m[0m
2026-10-07T06:18:12.6802652Z [  72% ] [90m[1m_update_scan_actions[22m | potion_large.png[39m[0m
2026-10-07T06:18:12.6806025Z [  72% ] [90m[1m_update_scan_actions[22m | potion_small.png[39m[0m
2026-10-07T06:18:12.6808722Z [  73% ] [90m[1m_update_scan_actions[22m | rare_candy.png[39m[0m
2026-10-07T06:18:12.6811667Z [  73% ] [90m[1m_update_scan_actions[22m | revive.png[39m[0m
2026-10-07T06:18:12.6814951Z [  73% ] [90m[1m_update_scan_actions[22m | ridge_sigil.png[39m[0m
2026-10-07T06:18:12.6817857Z [  73% ] [90m[1m_update_scan_actions[22m | river_sigil.png[39m[0m
2026-10-07T06:18:12.6820886Z [  73% ] [90m[1m_update_scan_actions[22m | rootstone.png[39m[0m
2026-10-07T06:18:12.6824082Z [  73% ] [90m[1m_update_scan_actions[22m | saddle_frame.png[39m[0m
2026-10-07T06:18:12.6826950Z [  73% ] [90m[1m_update_scan_actions[22m | south_bridge_key.png[39m[0m
2026-10-07T06:18:12.6829821Z [  73% ] [90m[1m_update_scan_actions[22m | speed_mushroom.png[39m[0m
2026-10-07T06:18:12.6832681Z [  73% ] [90m[1m_update_scan_actions[22m | stamina_mushroom.png[39m[0m
2026-10-07T06:18:12.6835789Z [  73% ] [90m[1m_update_scan_actions[22m | stone.png[39m[0m
2026-10-07T06:18:12.6838705Z [  73% ] [90m[1m_update_scan_actions[22m | stoneguard_brew.png[39m[0m
2026-10-07T06:18:12.6841573Z [  73% ] [90m[1m_update_scan_actions[22m | swift_tonic.png[39m[0m
2026-10-07T06:18:12.6845025Z [  73% ] [90m[1m_update_scan_actions[22m | tm_burrow_strike.png[39m[0m
2026-10-07T06:18:12.6848111Z [  73% ] [90m[1m_update_scan_actions[22m | tm_charged.png[39m[0m
2026-10-07T06:18:12.6851035Z [  74% ] [90m[1m_update_scan_actions[22m | tm_quick.png[39m[0m
2026-10-07T06:18:12.6854323Z [  74% ] [90m[1m_update_scan_actions[22m | tm_stone_rush.png[39m[0m
2026-10-07T06:18:12.6857135Z [  74% ] [90m[1m_update_scan_actions[22m | wild_mushroom.png[39m[0m
2026-10-07T06:18:12.6859912Z [  74% ] [90m[1m_update_scan_actions[22m | wood.png[39m[0m
2026-10-07T06:18:12.6862858Z [  74% ] [90m[1m_update_scan_actions[22m | alpha.png[39m[0m
2026-10-07T06:18:12.6866184Z [  74% ] [90m[1m_update_scan_actions[22m | bridge.png[39m[0m
2026-10-07T06:18:12.6869272Z [  74% ] [90m[1m_update_scan_actions[22m | camp.png[39m[0m
2026-10-07T06:18:12.6872242Z [  74% ] [90m[1m_update_scan_actions[22m | cave.png[39m[0m
2026-10-07T06:18:12.6875621Z [  74% ] [90m[1m_update_scan_actions[22m | death_satchel.png[39m[0m
2026-10-07T06:18:12.6878546Z [  74% ] [90m[1m_update_scan_actions[22m | gate.png[39m[0m
2026-10-07T06:18:12.6881505Z [  74% ] [90m[1m_update_scan_actions[22m | home.png[39m[0m
2026-10-07T06:18:12.6885049Z [  74% ] [90m[1m_update_scan_actions[22m | objective.png[39m[0m
2026-10-07T06:18:12.6888366Z [  74% ] [90m[1m_update_scan_actions[22m | question.png[39m[0m
2026-10-07T06:18:12.6891409Z [  74% ] [90m[1m_update_scan_actions[22m | relay.png[39m[0m
2026-10-07T06:18:12.6894947Z [  75% ] [90m[1m_update_scan_actions[22m | rift.png[39m[0m
2026-10-07T06:18:12.6897998Z [  75% ] [90m[1m_update_scan_actions[22m | stronghold.png[39m[0m
2026-10-07T06:18:12.6900970Z [  75% ] [90m[1m_update_scan_actions[22m | village.png[39m[0m
2026-10-07T06:18:12.6904016Z [  75% ] [90m[1m_update_scan_actions[22m | bond.png[39m[0m
2026-10-07T06:18:12.6906810Z [  75% ] [90m[1m_update_scan_actions[22m | cat_crafting.png[39m[0m
2026-10-07T06:18:12.6909518Z [  75% ] [90m[1m_update_scan_actions[22m | cat_furniture.png[39m[0m
2026-10-07T06:18:12.6912239Z [  75% ] [90m[1m_update_scan_actions[22m | cat_structures.png[39m[0m
2026-10-07T06:18:12.6915247Z [  75% ] [90m[1m_update_scan_actions[22m | cat_survival.png[39m[0m
2026-10-07T06:18:12.6918199Z [  75% ] [90m[1m_update_scan_actions[22m | move_charged.png[39m[0m
2026-10-07T06:18:12.6920674Z [  75% ] [90m[1m_update_scan_actions[22m | move_quick.png[39m[0m
2026-10-07T06:18:12.6923591Z [  75% ] [90m[1m_update_scan_actions[22m | orb_tier_basic.png[39m[0m
2026-10-07T06:18:12.6926374Z [  75% ] [90m[1m_update_scan_actions[22m | type_air.png[39m[0m
2026-10-07T06:18:12.6929122Z [  75% ] [90m[1m_update_scan_actions[22m | type_ground.png[39m[0m
2026-10-07T06:18:12.6931884Z [  75% ] [90m[1m_update_scan_actions[22m | type_water.png[39m[0m
2026-10-07T06:18:12.6934777Z [  76% ] [90m[1m_update_scan_actions[22m | keyboard_1.png[39m[0m
2026-10-07T06:18:12.6937406Z [  76% ] [90m[1m_update_scan_actions[22m | keyboard_2.png[39m[0m
2026-10-07T06:18:12.6939964Z [  76% ] [90m[1m_update_scan_actions[22m | keyboard_3.png[39m[0m
2026-10-07T06:18:12.6942589Z [  76% ] [90m[1m_update_scan_actions[22m | keyboard_4.png[39m[0m
2026-10-07T06:18:12.6945461Z [  76% ] [90m[1m_update_scan_actions[22m | keyboard_5.png[39m[0m
2026-10-07T06:18:12.6948148Z [  76% ] [90m[1m_update_scan_actions[22m | keyboard_arrow_left.png[39m[0m
2026-10-07T06:18:12.6950765Z [  76% ] [90m[1m_update_scan_actions[22m | keyboard_arrow_right.png[39m[0m
2026-10-07T06:18:12.6953326Z [  76% ] [90m[1m_update_scan_actions[22m | keyboard_b.png[39m[0m
2026-10-07T06:18:12.6956064Z [  76% ] [90m[1m_update_scan_actions[22m | keyboard_c.png[39m[0m
2026-10-07T06:18:12.6958647Z [  76% ] [90m[1m_update_scan_actions[22m | keyboard_e.png[39m[0m
2026-10-07T06:18:12.6961316Z [  76% ] [90m[1m_update_scan_actions[22m | keyboard_escape.png[39m[0m
2026-10-07T06:18:12.6964177Z [  76% ] [90m[1m_update_scan_actions[22m | keyboard_f.png[39m[0m
2026-10-07T06:18:12.6966784Z [  76% ] [90m[1m_update_scan_actions[22m | keyboard_h.png[39m[0m
2026-10-07T06:18:12.6969496Z [  76% ] [90m[1m_update_scan_actions[22m | keyboard_i.png[39m[0m
2026-10-07T06:18:12.6972124Z [  77% ] [90m[1m_update_scan_actions[22m | keyboard_l.png[39m[0m
2026-10-07T06:18:12.6975142Z [  77% ] [90m[1m_update_scan_actions[22m | keyboard_m.png[39m[0m
2026-10-07T06:18:12.6977770Z [  77% ] [90m[1m_update_scan_actions[22m | keyboard_p.png[39m[0m
2026-10-07T06:18:12.6980370Z [  77% ] [90m[1m_update_scan_actions[22m | keyboard_q.png[39m[0m
2026-10-07T06:18:12.6982972Z [  77% ] [90m[1m_update_scan_actions[22m | keyboard_r.png[39m[0m
2026-10-07T06:18:12.6985752Z [  77% ] [90m[1m_update_scan_actions[22m | keyboard_return.png[39m[0m
2026-10-07T06:18:12.6988300Z [  77% ] [90m[1m_update_scan_actions[22m | mouse_left.png[39m[0m
2026-10-07T06:18:12.6991076Z [  77% ] [90m[1m_update_scan_actions[22m | mouse_right.png[39m[0m
2026-10-07T06:18:12.6994012Z [  77% ] [90m[1m_update_scan_actions[22m | xbox_button_a.png[39m[0m
2026-10-07T06:18:12.6996689Z [  77% ] [90m[1m_update_scan_actions[22m | xbox_button_b.png[39m[0m
2026-10-07T06:18:12.6999326Z [  77% ] [90m[1m_update_scan_actions[22m | xbox_button_start.png[39m[0m
2026-10-07T06:18:12.7001989Z [  77% ] [90m[1m_update_scan_actions[22m | xbox_button_view.png[39m[0m
2026-10-07T06:18:12.7004918Z [  77% ] [90m[1m_update_scan_actions[22m | xbox_button_x.png[39m[0m
2026-10-07T06:18:12.7007509Z [  77% ] [90m[1m_update_scan_actions[22m | xbox_button_y.png[39m[0m
2026-10-07T06:18:12.7010163Z [  78% ] [90m[1m_update_scan_actions[22m | xbox_dpad_down.png[39m[0m
2026-10-07T06:18:12.7012770Z [  78% ] [90m[1m_update_scan_actions[22m | xbox_dpad_left.png[39m[0m
2026-10-07T06:18:12.7015845Z [  78% ] [90m[1m_update_scan_actions[22m | xbox_dpad_right.png[39m[0m
2026-10-07T06:18:12.7018402Z [  78% ] [90m[1m_update_scan_actions[22m | xbox_dpad_up.png[39m[0m
2026-10-07T06:18:12.7020998Z [  78% ] [90m[1m_update_scan_actions[22m | xbox_lb.png[39m[0m
2026-10-07T06:18:12.7023904Z [  78% ] [90m[1m_update_scan_actions[22m | xbox_lt.png[39m[0m
2026-10-07T06:18:12.7026552Z [  78% ] [90m[1m_update_scan_actions[22m | xbox_rb.png[39m[0m
2026-10-07T06:18:12.7029325Z [  78% ] [90m[1m_update_scan_actions[22m | xbox_rt.png[39m[0m
2026-10-07T06:18:12.7031951Z [  78% ] [90m[1m_update_scan_actions[22m | xbox_stick_r_press.png[39m[0m
2026-10-07T06:18:12.7059750Z [  78% ] [90m[1m_update_scan_actions[22m | abyssal_guardian.png[39m[0m
2026-10-07T06:18:12.7089838Z [  78% ] [90m[1m_update_scan_actions[22m | aeriex.png[39m[0m
2026-10-07T06:18:12.7125269Z [  78% ] [90m[1m_update_scan_actions[22m | aquaryn.png[39m[0m
2026-10-07T06:18:12.7142467Z [  78% ] [90m[1m_update_scan_actions[22m | bramblebun.png[39m[0m
2026-10-07T06:18:12.7176627Z [  78% ] [90m[1m_update_scan_actions[22m | breezetail.png[39m[0m
2026-10-07T06:18:12.7193025Z [  79% ] [90m[1m_update_scan_actions[22m | brooktail.png[39m[0m
2026-10-07T06:18:12.7209878Z [  79% ] [90m[1m_update_scan_actions[22m | burrowback.png[39m[0m
2026-10-07T06:18:12.7245348Z [  79% ] [90m[1m_update_scan_actions[22m | cannonback.png[39m[0m
2026-10-07T06:18:12.7259464Z [  79% ] [90m[1m_update_scan_actions[22m | cindercub.png[39m[0m
2026-10-07T06:18:12.7296239Z [  79% ] [90m[1m_update_scan_actions[22m | cliffspike.png[39m[0m
2026-10-07T06:18:12.7326265Z [  79% ] [90m[1m_update_scan_actions[22m | cloudfang.png[39m[0m
2026-10-07T06:18:12.7362051Z [  79% ] [90m[1m_update_scan_actions[22m | cragclaw.png[39m[0m
2026-10-07T06:18:12.7394869Z [  79% ] [90m[1m_update_scan_actions[22m | craghorn.png[39m[0m
2026-10-07T06:18:12.7417122Z [  79% ] [90m[1m_update_scan_actions[22m | duskhush.png[39m[0m
2026-10-07T06:18:12.7427136Z [  79% ] [90m[1m_update_scan_actions[22m | frostclaw.png[39m[0m
2026-10-07T06:18:12.7455449Z [  79% ] [90m[1m_update_scan_actions[22m | fulgocobra.png[39m[0m
2026-10-07T06:18:12.7467045Z [  79% ] [90m[1m_update_scan_actions[22m | galecrest.png[39m[0m
2026-10-07T06:18:12.7484082Z [  79% ] [90m[1m_update_scan_actions[22m | galewisp.png[39m[0m
2026-10-07T06:18:12.7516365Z [  80% ] [90m[1m_update_scan_actions[22m | glimmermoth.png[39m[0m
2026-10-07T06:18:12.7545224Z [  80% ] [90m[1m_update_scan_actions[22m | mangrove_monitor.png[39m[0m
2026-10-07T06:18:12.7561131Z [  80% ] [90m[1m_update_scan_actions[22m | meadowhart.png[39m[0m
2026-10-07T06:18:12.7590447Z [  80% ] [90m[1m_update_scan_actions[22m | mirejaw.png[39m[0m
2026-10-07T06:18:12.7608853Z [  80% ] [90m[1m_update_scan_actions[22m | mosshell.png[39m[0m
2026-10-07T06:18:12.7641253Z [  80% ] [90m[1m_update_scan_actions[22m | mosshock.png[39m[0m
2026-10-07T06:18:12.7661275Z [  80% ] [90m[1m_update_scan_actions[22m | mudsnout.png[39m[0m
2026-10-07T06:18:12.7677995Z [  80% ] [90m[1m_update_scan_actions[22m | paddlenewt.png[39m[0m
2026-10-07T06:18:12.7709905Z [  80% ] [90m[1m_update_scan_actions[22m | pebbik.png[39m[0m
2026-10-07T06:18:12.7729881Z [  80% ] [90m[1m_update_scan_actions[22m | pipwing.png[39m[0m
2026-10-07T06:18:12.7742740Z [  80% ] [90m[1m_update_scan_actions[22m | reedwing.png[39m[0m
2026-10-07T06:18:12.7772611Z [  80% ] [90m[1m_update_scan_actions[22m | ribbonray.png[39m[0m
2026-10-07T06:18:12.7791566Z [  80% ] [90m[1m_update_scan_actions[22m | ripplet.png[39m[0m
2026-10-07T06:18:12.7822976Z [  80% ] [90m[1m_update_scan_actions[22m | riptusk.png[39m[0m
2026-10-07T06:18:12.7853196Z [  81% ] [90m[1m_update_scan_actions[22m | riverdrake.png[39m[0m
2026-10-07T06:18:12.7862790Z [  81% ] [90m[1m_update_scan_actions[22m | shadelet.png[39m[0m
2026-10-07T06:18:12.7891777Z [  81% ] [90m[1m_update_scan_actions[22m | sirenseal.png[39m[0m
2026-10-07T06:18:12.7919999Z [  81% ] [90m[1m_update_scan_actions[22m | skyrill.png[39m[0m
2026-10-07T06:18:12.7951350Z [  81% ] [90m[1m_update_scan_actions[22m | solmane.png[39m[0m
2026-10-07T06:18:12.7961794Z [  81% ] [90m[1m_update_scan_actions[22m | sparkit.png[39m[0m
2026-10-07T06:18:12.7997170Z [  81% ] [90m[1m_update_scan_actions[22m | staticub.png[39m[0m
2026-10-07T06:18:12.8030470Z [  81% ] [90m[1m_update_scan_actions[22m | stormbrush.png[39m[0m
2026-10-07T06:18:12.8063503Z [  81% ] [90m[1m_update_scan_actions[22m | stormcapra.png[39m[0m
2026-10-07T06:18:12.8092866Z [  81% ] [90m[1m_update_scan_actions[22m | stormraven.png[39m[0m
2026-10-07T06:18:12.8123054Z [  81% ] [90m[1m_update_scan_actions[22m | tanglevolt.png[39m[0m
2026-10-07T06:18:12.8153227Z [  81% ] [90m[1m_update_scan_actions[22m | tempestwing.png[39m[0m
2026-10-07T06:18:12.8172702Z [  81% ] [90m[1m_update_scan_actions[22m | terrapup.png[39m[0m
2026-10-07T06:18:12.8206913Z [  81% ] [90m[1m_update_scan_actions[22m | thundertunnel.png[39m[0m
2026-10-07T06:18:12.8238842Z [  82% ] [90m[1m_update_scan_actions[22m | tidecoil.png[39m[0m
2026-10-07T06:18:12.8275706Z [  82% ] [90m[1m_update_scan_actions[22m | torrentoad.png[39m[0m
2026-10-07T06:18:12.8291853Z [  82% ] [90m[1m_update_scan_actions[22m | trailpup.png[39m[0m
2026-10-07T06:18:12.8310720Z [  82% ] [90m[1m_update_scan_actions[22m | tuskroot.png[39m[0m
2026-10-07T06:18:12.8327856Z [  82% ] [90m[1m_update_scan_actions[22m | veridian.png[39m[0m
2026-10-07T06:18:12.8362471Z [  82% ] [90m[1m_update_scan_actions[22m | voltarach.png[39m[0m
2026-10-07T06:18:12.8394942Z [  82% ] [90m[1m_update_scan_actions[22m | voltwig.png[39m[0m
2026-10-07T06:18:12.8400456Z [  82% ] [90m[1m_update_scan_actions[22m | ada.png[39m[0m
2026-10-07T06:18:12.8405232Z [  82% ] [90m[1m_update_scan_actions[22m | bram.png[39m[0m
2026-10-07T06:18:12.8409846Z [  82% ] [90m[1m_update_scan_actions[22m | bryn.png[39m[0m
2026-10-07T06:18:12.8414962Z [  82% ] [90m[1m_update_scan_actions[22m | captain.png[39m[0m
2026-10-07T06:18:12.8419874Z [  82% ] [90m[1m_update_scan_actions[22m | captain_a.png[39m[0m
2026-10-07T06:18:12.8425182Z [  82% ] [90m[1m_update_scan_actions[22m | captain_b.png[39m[0m
2026-10-07T06:18:12.8484335Z [  82% ] [90m[1m_update_scan_actions[22m | cloudreach_aila_clean.png[39m[0m
2026-10-07T06:18:12.8489446Z [  83% ] [90m[1m_update_scan_actions[22m | corin.png[39m[0m
2026-10-07T06:18:12.8494204Z [  83% ] [90m[1m_update_scan_actions[22m | doss.png[39m[0m
2026-10-07T06:18:12.8498910Z [  83% ] [90m[1m_update_scan_actions[22m | fenn.png[39m[0m
2026-10-07T06:18:12.8503990Z [  83% ] [90m[1m_update_scan_actions[22m | garrick.png[39m[0m
2026-10-07T06:18:12.8508906Z [  83% ] [90m[1m_update_scan_actions[22m | grandpa.png[39m[0m
2026-10-07T06:18:12.8513683Z [  83% ] [90m[1m_update_scan_actions[22m | grunt.png[39m[0m
2026-10-07T06:18:12.8518027Z [  83% ] [90m[1m_update_scan_actions[22m | grunt_a.png[39m[0m
2026-10-07T06:18:12.8522216Z [  83% ] [90m[1m_update_scan_actions[22m | grunt_b.png[39m[0m
2026-10-07T06:18:12.8526883Z [  83% ] [90m[1m_update_scan_actions[22m | grunt_c.png[39m[0m
2026-10-07T06:18:12.8531901Z [  83% ] [90m[1m_update_scan_actions[22m | halda.png[39m[0m
2026-10-07T06:18:12.8536932Z [  83% ] [90m[1m_update_scan_actions[22m | juno.png[39m[0m
2026-10-07T06:18:12.8541132Z [  83% ] [90m[1m_update_scan_actions[22m | kael.png[39m[0m
2026-10-07T06:18:12.8546226Z [  83% ] [90m[1m_update_scan_actions[22m | kell.png[39m[0m
2026-10-07T06:18:12.8551183Z [  83% ] [90m[1m_update_scan_actions[22m | lark.png[39m[0m
2026-10-07T06:18:12.8555279Z [  84% ] [90m[1m_update_scan_actions[22m | lyra.png[39m[0m
2026-10-07T06:18:12.8560250Z [  84% ] [90m[1m_update_scan_actions[22m | maren.png[39m[0m
2026-10-07T06:18:12.8565092Z [  84% ] [90m[1m_update_scan_actions[22m | mira.png[39m[0m
2026-10-07T06:18:12.8569856Z [  84% ] [90m[1m_update_scan_actions[22m | nessa.png[39m[0m
2026-10-07T06:18:12.8574604Z [  84% ] [90m[1m_update_scan_actions[22m | officer.png[39m[0m
2026-10-07T06:18:12.8579479Z [  84% ] [90m[1m_update_scan_actions[22m | officer_a.png[39m[0m
2026-10-07T06:18:12.8584022Z [  84% ] [90m[1m_update_scan_actions[22m | officer_b.png[39m[0m
2026-10-07T06:18:12.8588855Z [  84% ] [90m[1m_update_scan_actions[22m | old_perrin.png[39m[0m
2026-10-07T06:18:12.8593615Z [  84% ] [90m[1m_update_scan_actions[22m | oskar.png[39m[0m
2026-10-07T06:18:12.8598227Z [  84% ] [90m[1m_update_scan_actions[22m | quarry_foreman.png[39m[0m
2026-10-07T06:18:12.8602785Z [  84% ] [90m[1m_update_scan_actions[22m | rae.png[39m[0m
2026-10-07T06:18:12.8608059Z [  84% ] [90m[1m_update_scan_actions[22m | ren.png[39m[0m
2026-10-07T06:18:12.8611957Z [  84% ] [90m[1m_update_scan_actions[22m | sera.png[39m[0m
2026-10-07T06:18:12.8617598Z [  84% ] [90m[1m_update_scan_actions[22m | sorrel.png[39m[0m
2026-10-07T06:18:12.8622077Z [  85% ] [90m[1m_update_scan_actions[22m | tam.png[39m[0m
2026-10-07T06:18:12.8627224Z [  85% ] [90m[1m_update_scan_actions[22m | tobin.png[39m[0m
2026-10-07T06:18:12.8632171Z [  85% ] [90m[1m_update_scan_actions[22m | trainer.png[39m[0m
2026-10-07T06:18:12.8637040Z [  85% ] [90m[1m_update_scan_actions[22m | villager_female.png[39m[0m
2026-10-07T06:18:12.8641529Z [  85% ] [90m[1m_update_scan_actions[22m | villager_male.png[39m[0m
2026-10-07T06:18:12.8646383Z [  85% ] [90m[1m_update_scan_actions[22m | villager_ranger.png[39m[0m
2026-10-07T06:18:12.8651683Z [  85% ] [90m[1m_update_scan_actions[22m | wandering_trainer.png[39m[0m
2026-10-07T06:18:12.8656922Z [  85% ] [90m[1m_update_scan_actions[22m | warden.png[39m[0m
2026-10-07T06:18:12.8662203Z [  85% ] [90m[1m_update_scan_actions[22m | wilhelm.png[39m[0m
2026-10-07T06:18:12.8665728Z [  85% ] [90m[1m_update_scan_actions[22m | bubble_volley_impact.wav[39m[0m
2026-10-07T06:18:12.8668861Z [  85% ] [90m[1m_update_scan_actions[22m | bubble_volley_impact_mastery.wav[39m[0m
2026-10-07T06:18:12.8671525Z [  85% ] [90m[1m_update_scan_actions[22m | bubble_volley_launch.wav[39m[0m
2026-10-07T06:18:12.8674634Z [  85% ] [90m[1m_update_scan_actions[22m | bubble_volley_launch_mastery.wav[39m[0m
2026-10-07T06:18:12.8677766Z [  85% ] [90m[1m_update_scan_actions[22m | bubble_volley_launch_travel.wav[39m[0m
2026-10-07T06:18:12.8681062Z [  86% ] [90m[1m_update_scan_actions[22m | bubble_volley_launch_travel_mastery.wav[39m[0m
2026-10-07T06:18:12.8684318Z [  86% ] [90m[1m_update_scan_actions[22m | bubble_volley_travel.wav[39m[0m
2026-10-07T06:18:12.8687237Z [  86% ] [90m[1m_update_scan_actions[22m | buff_aura_impact.wav[39m[0m
2026-10-07T06:18:12.8690244Z [  86% ] [90m[1m_update_scan_actions[22m | buff_aura_impact_mastery.wav[39m[0m
2026-10-07T06:18:12.8692889Z [  86% ] [90m[1m_update_scan_actions[22m | buff_aura_launch.wav[39m[0m
2026-10-07T06:18:12.8695971Z [  86% ] [90m[1m_update_scan_actions[22m | buff_aura_launch_mastery.wav[39m[0m
2026-10-07T06:18:12.8699223Z [  86% ] [90m[1m_update_scan_actions[22m | buff_aura_launch_travel.wav[39m[0m
2026-10-07T06:18:12.8702498Z [  86% ] [90m[1m_update_scan_actions[22m | buff_aura_launch_travel_mastery.wav[39m[0m
2026-10-07T06:18:12.8705956Z [  86% ] [90m[1m_update_scan_actions[22m | buff_aura_travel.wav[39m[0m
2026-10-07T06:18:12.8709145Z [  86% ] [90m[1m_update_scan_actions[22m | catch_tether_beam_impact.wav[39m[0m
2026-10-07T06:18:12.8712203Z [  86% ] [90m[1m_update_scan_actions[22m | catch_tether_beam_impact_mastery.wav[39m[0m
2026-10-07T06:18:12.8715205Z [  86% ] [90m[1m_update_scan_actions[22m | catch_tether_beam_launch.wav[39m[0m
2026-10-07T06:18:12.8718031Z [  86% ] [90m[1m_update_scan_actions[22m | catch_tether_beam_launch_mastery.wav[39m[0m
2026-10-07T06:18:12.8721202Z [  86% ] [90m[1m_update_scan_actions[22m | catch_tether_beam_launch_travel.wav[39m[0m
2026-10-07T06:18:12.8724705Z [  87% ] [90m[1m_update_scan_actions[22m | catch_tether_beam_launch_travel_mastery.wav[39m[0m
2026-10-07T06:18:12.8727698Z [  87% ] [90m[1m_update_scan_actions[22m | catch_tether_beam_travel.wav[39m[0m
2026-10-07T06:18:12.8730690Z [  87% ] [90m[1m_update_scan_actions[22m | chain_lightning_impact.wav[39m[0m
2026-10-07T06:18:12.8734116Z [  87% ] [90m[1m_update_scan_actions[22m | chain_lightning_impact_mastery.wav[39m[0m
2026-10-07T06:18:12.8737215Z [  87% ] [90m[1m_update_scan_actions[22m | chain_lightning_launch.wav[39m[0m
2026-10-07T06:18:12.8739851Z [  87% ] [90m[1m_update_scan_actions[22m | chain_lightning_launch_mastery.wav[39m[0m
2026-10-07T06:18:12.8742986Z [  87% ] [90m[1m_update_scan_actions[22m | chain_lightning_launch_travel.wav[39m[0m
2026-10-07T06:18:12.8746455Z [  87% ] [90m[1m_update_scan_actions[22m | chain_lightning_launch_travel_mastery.wav[39m[0m
2026-10-07T06:18:12.8749484Z [  87% ] [90m[1m_update_scan_actions[22m | chain_lightning_travel.wav[39m[0m
2026-10-07T06:18:12.8752391Z [  87% ] [90m[1m_update_scan_actions[22m | charge_dash_impact.wav[39m[0m
2026-10-07T06:18:12.8755725Z [  87% ] [90m[1m_update_scan_actions[22m | charge_dash_impact_mastery.wav[39m[0m
2026-10-07T06:18:12.8758525Z [  87% ] [90m[1m_update_scan_actions[22m | charge_dash_launch.wav[39m[0m
2026-10-07T06:18:12.8761350Z [  87% ] [90m[1m_update_scan_actions[22m | charge_dash_launch_mastery.wav[39m[0m
2026-10-07T06:18:12.8764797Z [  87% ] [90m[1m_update_scan_actions[22m | charge_dash_launch_travel.wav[39m[0m
2026-10-07T06:18:12.8768012Z [  88% ] [90m[1m_update_scan_actions[22m | charge_dash_launch_travel_mastery.wav[39m[0m
2026-10-07T06:18:12.8771064Z [  88% ] [90m[1m_update_scan_actions[22m | charge_dash_travel.wav[39m[0m
2026-10-07T06:18:12.8774323Z [  88% ] [90m[1m_update_scan_actions[22m | debuff_hex_impact.wav[39m[0m
2026-10-07T06:18:12.8777379Z [  88% ] [90m[1m_update_scan_actions[22m | debuff_hex_impact_mastery.wav[39m[0m
2026-10-07T06:18:12.8780153Z [  88% ] [90m[1m_update_scan_actions[22m | debuff_hex_launch.wav[39m[0m
2026-10-07T06:18:12.8783171Z [  88% ] [90m[1m_update_scan_actions[22m | debuff_hex_launch_mastery.wav[39m[0m
2026-10-07T06:18:12.8786439Z [  88% ] [90m[1m_update_scan_actions[22m | debuff_hex_launch_travel.wav[39m[0m
2026-10-07T06:18:12.8789650Z [  88% ] [90m[1m_update_scan_actions[22m | debuff_hex_launch_travel_mastery.wav[39m[0m
2026-10-07T06:18:12.8792632Z [  88% ] [90m[1m_update_scan_actions[22m | debuff_hex_travel.wav[39m[0m
2026-10-07T06:18:12.8795792Z [  88% ] [90m[1m_update_scan_actions[22m | ember_burst_impact.wav[39m[0m
2026-10-07T06:18:12.8798793Z [  88% ] [90m[1m_update_scan_actions[22m | ember_burst_impact_mastery.wav[39m[0m
2026-10-07T06:18:12.8801418Z [  88% ] [90m[1m_update_scan_actions[22m | ember_burst_launch.wav[39m[0m
2026-10-07T06:18:12.8804581Z [  88% ] [90m[1m_update_scan_actions[22m | ember_burst_launch_mastery.wav[39m[0m
2026-10-07T06:18:12.8808350Z [  88% ] [90m[1m_update_scan_actions[22m | ember_burst_launch_travel.wav[39m[0m
2026-10-07T06:18:12.8811630Z [  89% ] [90m[1m_update_scan_actions[22m | ember_burst_launch_travel_mastery.wav[39m[0m
2026-10-07T06:18:12.8815043Z [  89% ] [90m[1m_update_scan_actions[22m | ember_burst_travel.wav[39m[0m
2026-10-07T06:18:12.8817978Z [  89% ] [90m[1m_update_scan_actions[22m | fireball_impact.wav[39m[0m
2026-10-07T06:18:12.8821091Z [  89% ] [90m[1m_update_scan_actions[22m | fireball_impact_mastery.wav[39m[0m
2026-10-07T06:18:12.8824061Z [  89% ] [90m[1m_update_scan_actions[22m | fireball_launch.wav[39m[0m
2026-10-07T06:18:12.8826877Z [  89% ] [90m[1m_update_scan_actions[22m | fireball_launch_mastery.wav[39m[0m
2026-10-07T06:18:12.8830037Z [  89% ] [90m[1m_update_scan_actions[22m | fireball_launch_travel.wav[39m[0m
2026-10-07T06:18:12.8833322Z [  89% ] [90m[1m_update_scan_actions[22m | fireball_launch_travel_mastery.wav[39m[0m
2026-10-07T06:18:12.8836546Z [  89% ] [90m[1m_update_scan_actions[22m | fireball_travel.wav[39m[0m
2026-10-07T06:18:12.8839459Z [  89% ] [90m[1m_update_scan_actions[22m | flame_cone_impact.wav[39m[0m
2026-10-07T06:18:12.8842484Z [  89% ] [90m[1m_update_scan_actions[22m | flame_cone_impact_mastery.wav[39m[0m
2026-10-07T06:18:12.8845401Z [  89% ] [90m[1m_update_scan_actions[22m | flame_cone_launch.wav[39m[0m
2026-10-07T06:18:12.8848232Z [  89% ] [90m[1m_update_scan_actions[22m | flame_cone_launch_mastery.wav[39m[0m
2026-10-07T06:18:12.8851548Z [  90% ] [90m[1m_update_scan_actions[22m | flame_cone_launch_travel.wav[39m[0m
2026-10-07T06:18:12.8855091Z [  90% ] [90m[1m_update_scan_actions[22m | flame_cone_launch_travel_mastery.wav[39m[0m
2026-10-07T06:18:12.8858286Z [  90% ] [90m[1m_update_scan_actions[22m | flame_cone_travel.wav[39m[0m
2026-10-07T06:18:12.8861423Z [  90% ] [90m[1m_update_scan_actions[22m | frost_breath_impact.wav[39m[0m
2026-10-07T06:18:12.8864824Z [  90% ] [90m[1m_update_scan_actions[22m | frost_breath_impact_mastery.wav[39m[0m
2026-10-07T06:18:12.8867415Z [  90% ] [90m[1m_update_scan_actions[22m | frost_breath_launch.wav[39m[0m
2026-10-07T06:18:12.8870287Z [  90% ] [90m[1m_update_scan_actions[22m | frost_breath_launch_mastery.wav[39m[0m
2026-10-07T06:18:12.8873605Z [  90% ] [90m[1m_update_scan_actions[22m | frost_breath_launch_travel.wav[39m[0m
2026-10-07T06:18:12.8876896Z [  90% ] [90m[1m_update_scan_actions[22m | frost_breath_launch_travel_mastery.wav[39m[0m
2026-10-07T06:18:12.8879918Z [  90% ] [90m[1m_update_scan_actions[22m | frost_breath_travel.wav[39m[0m
2026-10-07T06:18:12.8882859Z [  90% ] [90m[1m_update_scan_actions[22m | guard_flash_impact.wav[39m[0m
2026-10-07T06:18:12.8886201Z [  90% ] [90m[1m_update_scan_actions[22m | guard_flash_impact_mastery.wav[39m[0m
2026-10-07T06:18:12.8888936Z [  90% ] [90m[1m_update_scan_actions[22m | guard_flash_launch.wav[39m[0m
2026-10-07T06:18:12.8891771Z [  90% ] [90m[1m_update_scan_actions[22m | guard_flash_launch_mastery.wav[39m[0m
2026-10-07T06:18:12.8895241Z [  91% ] [90m[1m_update_scan_actions[22m | guard_flash_launch_travel.wav[39m[0m
2026-10-07T06:18:12.8898483Z [  91% ] [90m[1m_update_scan_actions[22m | guard_flash_launch_travel_mastery.wav[39m[0m
2026-10-07T06:18:12.8901552Z [  91% ] [90m[1m_update_scan_actions[22m | guard_flash_travel.wav[39m[0m
2026-10-07T06:18:12.8904728Z [  91% ] [90m[1m_update_scan_actions[22m | heal_pulse_impact.wav[39m[0m
2026-10-07T06:18:12.8907794Z [  91% ] [90m[1m_update_scan_actions[22m | heal_pulse_impact_mastery.wav[39m[0m
2026-10-07T06:18:12.8910457Z [  91% ] [90m[1m_update_scan_actions[22m | heal_pulse_launch.wav[39m[0m
2026-10-07T06:18:12.8913512Z [  91% ] [90m[1m_update_scan_actions[22m | heal_pulse_launch_mastery.wav[39m[0m
2026-10-07T06:18:12.8916721Z [  91% ] [90m[1m_update_scan_actions[22m | heal_pulse_launch_travel.wav[39m[0m
2026-10-07T06:18:12.8919936Z [  91% ] [90m[1m_update_scan_actions[22m | heal_pulse_launch_travel_mastery.wav[39m[0m
2026-10-07T06:18:12.8923197Z [  91% ] [90m[1m_update_scan_actions[22m | heal_pulse_travel.wav[39m[0m
2026-10-07T06:18:12.8926375Z [  91% ] [90m[1m_update_scan_actions[22m | ice_shard_volley_impact.wav[39m[0m
2026-10-07T06:18:12.8929434Z [  91% ] [90m[1m_update_scan_actions[22m | ice_shard_volley_impact_mastery.wav[39m[0m
2026-10-07T06:18:12.8932160Z [  91% ] [90m[1m_update_scan_actions[22m | ice_shard_volley_launch.wav[39m[0m
2026-10-07T06:18:12.8935375Z [  91% ] [90m[1m_update_scan_actions[22m | ice_shard_volley_launch_mastery.wav[39m[0m
2026-10-07T06:18:12.8938549Z [  92% ] [90m[1m_update_scan_actions[22m | ice_shard_volley_launch_travel.wav[39m[0m
2026-10-07T06:18:12.8941770Z [  92% ] [90m[1m_update_scan_actions[22m | ice_shard_volley_launch_travel_mastery.wav[39m[0m
2026-10-07T06:18:12.8945166Z [  92% ] [90m[1m_update_scan_actions[22m | ice_shard_volley_travel.wav[39m[0m
2026-10-07T06:18:12.8948164Z [  92% ] [90m[1m_update_scan_actions[22m | psychic_pulse_impact.wav[39m[0m
2026-10-07T06:18:12.8951262Z [  92% ] [90m[1m_update_scan_actions[22m | psychic_pulse_impact_mastery.wav[39m[0m
2026-10-07T06:18:12.8954298Z [  92% ] [90m[1m_update_scan_actions[22m | psychic_pulse_launch.wav[39m[0m
2026-10-07T06:18:12.8957163Z [  92% ] [90m[1m_update_scan_actions[22m | psychic_pulse_launch_mastery.wav[39m[0m
2026-10-07T06:18:12.8960342Z [  92% ] [90m[1m_update_scan_actions[22m | psychic_pulse_launch_travel.wav[39m[0m
2026-10-07T06:18:12.8964226Z [  92% ] [90m[1m_update_scan_actions[22m | psychic_pulse_launch_travel_mastery.wav[39m[0m
2026-10-07T06:18:12.8967126Z [  92% ] [90m[1m_update_scan_actions[22m | psychic_pulse_travel.wav[39m[0m
2026-10-07T06:18:12.8970101Z [  92% ] [90m[1m_update_scan_actions[22m | quake_ring_impact.wav[39m[0m
2026-10-07T06:18:12.8973130Z [  92% ] [90m[1m_update_scan_actions[22m | quake_ring_impact_mastery.wav[39m[0m
2026-10-07T06:18:12.8975972Z [  92% ] [90m[1m_update_scan_actions[22m | quake_ring_launch.wav[39m[0m
2026-10-07T06:18:12.8978754Z [  92% ] [90m[1m_update_scan_actions[22m | quake_ring_launch_mastery.wav[39m[0m
2026-10-07T06:18:12.8981913Z [  93% ] [90m[1m_update_scan_actions[22m | quake_ring_launch_travel.wav[39m[0m
2026-10-07T06:18:12.8985429Z [  93% ] [90m[1m_update_scan_actions[22m | quake_ring_launch_travel_mastery.wav[39m[0m
2026-10-07T06:18:12.8988467Z [  93% ] [90m[1m_update_scan_actions[22m | quake_ring_travel.wav[39m[0m
2026-10-07T06:18:12.8991436Z [  93% ] [90m[1m_update_scan_actions[22m | root_stone_spikes_impact.wav[39m[0m
2026-10-07T06:18:12.8994796Z [  93% ] [90m[1m_update_scan_actions[22m | root_stone_spikes_impact_mastery.wav[39m[0m
2026-10-07T06:18:12.8997526Z [  93% ] [90m[1m_update_scan_actions[22m | root_stone_spikes_launch.wav[39m[0m
2026-10-07T06:18:12.9000400Z [  93% ] [90m[1m_update_scan_actions[22m | root_stone_spikes_launch_mastery.wav[39m[0m
2026-10-07T06:18:12.9003835Z [  93% ] [90m[1m_update_scan_actions[22m | root_stone_spikes_launch_travel.wav[39m[0m
2026-10-07T06:18:12.9007194Z [  93% ] [90m[1m_update_scan_actions[22m | root_stone_spikes_launch_travel_mastery.wav[39m[0m
2026-10-07T06:18:12.9010229Z [  93% ] [90m[1m_update_scan_actions[22m | root_stone_spikes_travel.wav[39m[0m
2026-10-07T06:18:12.9013178Z [  93% ] [90m[1m_update_scan_actions[22m | shadow_bolt_impact.wav[39m[0m
2026-10-07T06:18:12.9016383Z [  93% ] [90m[1m_update_scan_actions[22m | shadow_bolt_impact_mastery.wav[39m[0m
2026-10-07T06:18:12.9019050Z [  93% ] [90m[1m_update_scan_actions[22m | shadow_bolt_launch.wav[39m[0m
2026-10-07T06:18:12.9021896Z [  93% ] [90m[1m_update_scan_actions[22m | shadow_bolt_launch_mastery.wav[39m[0m
2026-10-07T06:18:12.9025452Z [  94% ] [90m[1m_update_scan_actions[22m | shadow_bolt_launch_travel.wav[39m[0m
2026-10-07T06:18:12.9028708Z [  94% ] [90m[1m_update_scan_actions[22m | shadow_bolt_launch_travel_mastery.wav[39m[0m
2026-10-07T06:18:12.9031716Z [  94% ] [90m[1m_update_scan_actions[22m | shadow_bolt_travel.wav[39m[0m
2026-10-07T06:18:12.9035131Z [  94% ] [90m[1m_update_scan_actions[22m | sky_lightning_impact.wav[39m[0m
2026-10-07T06:18:12.9038232Z [  94% ] [90m[1m_update_scan_actions[22m | sky_lightning_impact_mastery.wav[39m[0m
2026-10-07T06:18:12.9040985Z [  94% ] [90m[1m_update_scan_actions[22m | sky_lightning_launch.wav[39m[0m
2026-10-07T06:18:12.9044005Z [  94% ] [90m[1m_update_scan_actions[22m | sky_lightning_launch_mastery.wav[39m[0m
2026-10-07T06:18:12.9047180Z [  94% ] [90m[1m_update_scan_actions[22m | sky_lightning_launch_travel.wav[39m[0m
2026-10-07T06:18:12.9050458Z [  94% ] [90m[1m_update_scan_actions[22m | sky_lightning_launch_travel_mastery.wav[39m[0m
2026-10-07T06:18:12.9053637Z [  94% ] [90m[1m_update_scan_actions[22m | sky_lightning_travel.wav[39m[0m
2026-10-07T06:18:12.9056637Z [  94% ] [90m[1m_update_scan_actions[22m | slash_trail_impact.wav[39m[0m
2026-10-07T06:18:12.9059688Z [  94% ] [90m[1m_update_scan_actions[22m | slash_trail_impact_mastery.wav[39m[0m
2026-10-07T06:18:12.9062388Z [  94% ] [90m[1m_update_scan_actions[22m | slash_trail_launch.wav[39m[0m
2026-10-07T06:18:12.9065570Z [  94% ] [90m[1m_update_scan_actions[22m | slash_trail_launch_mastery.wav[39m[0m
2026-10-07T06:18:12.9068770Z [  95% ] [90m[1m_update_scan_actions[22m | slash_trail_launch_travel.wav[39m[0m
2026-10-07T06:18:12.9072281Z [  95% ] [90m[1m_update_scan_actions[22m | slash_trail_launch_travel_mastery.wav[39m[0m
2026-10-07T06:18:12.9075392Z [  95% ] [90m[1m_update_scan_actions[22m | slash_trail_travel.wav[39m[0m
2026-10-07T06:18:12.9078364Z [  95% ] [90m[1m_update_scan_actions[22m | stone_boulder_impact.wav[39m[0m
2026-10-07T06:18:12.9081387Z [  95% ] [90m[1m_update_scan_actions[22m | stone_boulder_impact_mastery.wav[39m[0m
2026-10-07T06:18:12.9084346Z [  95% ] [90m[1m_update_scan_actions[22m | stone_boulder_launch.wav[39m[0m
2026-10-07T06:18:12.9087163Z [  95% ] [90m[1m_update_scan_actions[22m | stone_boulder_launch_mastery.wav[39m[0m
2026-10-07T06:18:12.9090297Z [  95% ] [90m[1m_update_scan_actions[22m | stone_boulder_launch_travel.wav[39m[0m
2026-10-07T06:18:12.9093793Z [  95% ] [90m[1m_update_scan_actions[22m | stone_boulder_launch_travel_mastery.wav[39m[0m
2026-10-07T06:18:12.9096880Z [  95% ] [90m[1m_update_scan_actions[22m | stone_boulder_travel.wav[39m[0m
2026-10-07T06:18:12.9099821Z [  95% ] [90m[1m_update_scan_actions[22m | stone_throw_impact.wav[39m[0m
2026-10-07T06:18:12.9102886Z [  95% ] [90m[1m_update_scan_actions[22m | stone_throw_impact_mastery.wav[39m[0m
2026-10-07T06:18:12.9105851Z [  95% ] [90m[1m_update_scan_actions[22m | stone_throw_launch.wav[39m[0m
2026-10-07T06:18:12.9108681Z [  95% ] [90m[1m_update_scan_actions[22m | stone_throw_launch_mastery.wav[39m[0m
2026-10-07T06:18:12.9111798Z [  96% ] [90m[1m_update_scan_actions[22m | stone_throw_launch_travel.wav[39m[0m
2026-10-07T06:18:12.9115375Z [  96% ] [90m[1m_update_scan_actions[22m | stone_throw_launch_travel_mastery.wav[39m[0m
2026-10-07T06:18:12.9118385Z [  96% ] [90m[1m_update_scan_actions[22m | stone_throw_travel.wav[39m[0m
2026-10-07T06:18:12.9121311Z [  96% ] [90m[1m_update_scan_actions[22m | tidal_wave_impact.wav[39m[0m
2026-10-07T06:18:12.9124721Z [  96% ] [90m[1m_update_scan_actions[22m | tidal_wave_impact_mastery.wav[39m[0m
2026-10-07T06:18:12.9127409Z [  96% ] [90m[1m_update_scan_actions[22m | tidal_wave_launch.wav[39m[0m
2026-10-07T06:18:12.9130199Z [  96% ] [90m[1m_update_scan_actions[22m | tidal_wave_launch_mastery.wav[39m[0m
2026-10-07T06:18:12.9133347Z [  96% ] [90m[1m_update_scan_actions[22m | tidal_wave_launch_travel.wav[39m[0m
2026-10-07T06:18:12.9136757Z [  96% ] [90m[1m_update_scan_actions[22m | tidal_wave_launch_travel_mastery.wav[39m[0m
2026-10-07T06:18:12.9139750Z [  96% ] [90m[1m_update_scan_actions[22m | tidal_wave_travel.wav[39m[0m
2026-10-07T06:18:12.9142657Z [  96% ] [90m[1m_update_scan_actions[22m | tornado_impact.wav[39m[0m
2026-10-07T06:18:12.9145946Z [  96% ] [90m[1m_update_scan_actions[22m | tornado_impact_mastery.wav[39m[0m
2026-10-07T06:18:12.9148616Z [  96% ] [90m[1m_update_scan_actions[22m | tornado_launch.wav[39m[0m
2026-10-07T06:18:12.9151376Z [  96% ] [90m[1m_update_scan_actions[22m | tornado_launch_mastery.wav[39m[0m
2026-10-07T06:18:12.9154791Z [  97% ] [90m[1m_update_scan_actions[22m | tornado_launch_travel.wav[39m[0m
2026-10-07T06:18:12.9157982Z [  97% ] [90m[1m_update_scan_actions[22m | tornado_launch_travel_mastery.wav[39m[0m
2026-10-07T06:18:12.9160967Z [  97% ] [90m[1m_update_scan_actions[22m | tornado_travel.wav[39m[0m
2026-10-07T06:18:12.9164237Z [  97% ] [90m[1m_update_scan_actions[22m | water_jet_impact.wav[39m[0m
2026-10-07T06:18:12.9167293Z [  97% ] [90m[1m_update_scan_actions[22m | water_jet_impact_mastery.wav[39m[0m
2026-10-07T06:18:12.9170074Z [  97% ] [90m[1m_update_scan_actions[22m | water_jet_launch.wav[39m[0m
2026-10-07T06:18:12.9172900Z [  97% ] [90m[1m_update_scan_actions[22m | water_jet_launch_mastery.wav[39m[0m
2026-10-07T06:18:12.9176305Z [  97% ] [90m[1m_update_scan_actions[22m | water_jet_launch_travel.wav[39m[0m
2026-10-07T06:18:12.9179557Z [  97% ] [90m[1m_update_scan_actions[22m | water_jet_launch_travel_mastery.wav[39m[0m
2026-10-07T06:18:12.9182562Z [  97% ] [90m[1m_update_scan_actions[22m | water_jet_travel.wav[39m[0m
2026-10-07T06:18:12.9186267Z [  97% ] [90m[1m_update_scan_actions[22m | wind_blade_impact.wav[39m[0m
2026-10-07T06:18:12.9189060Z [  97% ] [90m[1m_update_scan_actions[22m | wind_blade_impact_mastery.wav[39m[0m
2026-10-07T06:18:12.9191717Z [  97% ] [90m[1m_update_scan_actions[22m | wind_blade_launch.wav[39m[0m
2026-10-07T06:18:12.9194984Z [  97% ] [90m[1m_update_scan_actions[22m | wind_blade_launch_mastery.wav[39m[0m
2026-10-07T06:18:12.9198057Z [  98% ] [90m[1m_update_scan_actions[22m | wind_blade_launch_travel.wav[39m[0m
2026-10-07T06:18:12.9201328Z [  98% ] [90m[1m_update_scan_actions[22m | wind_blade_launch_travel_mastery.wav[39m[0m
2026-10-07T06:18:12.9204821Z [  98% ] [90m[1m_update_scan_actions[22m | wind_blade_travel.wav[39m[0m
2026-10-07T06:18:12.9242996Z [  98% ] [90m[1m_update_scan_actions[22m | flame_tongue_v2.png[39m[0m
2026-10-07T06:18:12.9246827Z [  98% ] [90m[1m_update_scan_actions[22m | procedural_provenance.csv[39m[0m
2026-10-07T06:18:12.9248235Z [  98% ] [90m[1m_update_scan_actions[22m | 01-spawn-outward.jpg[39m[0m
2026-10-07T06:18:12.9249335Z [  98% ] [90m[1m_update_scan_actions[22m | 02-arena-opens.jpg[39m[0m
2026-10-07T06:18:12.9250382Z [  98% ] [90m[1m_update_scan_actions[22m | 03-rise-overlook.jpg[39m[0m
2026-10-07T06:18:12.9251491Z [  98% ] [90m[1m_update_scan_actions[22m | 06-charged-attack-lands.jpg[39m[0m
2026-10-07T06:18:12.9252823Z [  98% ] [90m[1m_update_scan_actions[22m | aim-arc.jpg[39m[0m
2026-10-07T06:18:12.9253788Z [  98% ] [90m[1m_update_scan_actions[22m | camp-dusk.jpg[39m[0m
2026-10-07T06:18:12.9254735Z [  98% ] [90m[1m_update_scan_actions[22m | hero-meadow.jpg[39m[0m
2026-10-07T06:18:12.9255601Z [  98% ] [90m[1m_update_scan_actions[22m | mill-crossing.jpg[39m[0m
2026-10-07T06:18:12.9256538Z [  98% ] [90m[1m_update_scan_actions[22m | opening-bedroom.jpg[39m[0m
2026-10-07T06:18:12.9257476Z [  99% ] [90m[1m_update_scan_actions[22m | page-board.jpg[39m[0m
2026-10-07T06:18:12.9258437Z [  99% ] [90m[1m_update_scan_actions[22m | relay-approach.jpg[39m[0m
2026-10-07T06:18:12.9259349Z [  99% ] [90m[1m_update_scan_actions[22m | relay-machines.jpg[39m[0m
2026-10-07T06:18:12.9260320Z [  99% ] [90m[1m_update_scan_actions[22m | roster.jpg[39m[0m
2026-10-07T06:18:12.9261545Z [  99% ] [90m[1m_update_scan_actions[22m | severed-road.jpg[39m[0m
2026-10-07T06:18:12.9262589Z [  99% ] [90m[1m_update_scan_actions[22m | starter-orbs.jpg[39m[0m
2026-10-07T06:18:12.9263789Z [  99% ] [90m[1m_update_scan_actions[22m | tether-site.jpg[39m[0m
2026-10-07T06:18:12.9264703Z [  99% ] [90m[1m_update_scan_actions[22m | village-square.jpg[39m[0m
2026-10-07T06:18:12.9265755Z [  99% ] [90m[1m_update_scan_actions[22m | village-talk.jpg[39m[0m
2026-10-07T06:18:12.9266561Z [  99% ] [90m[1m_update_scan_actions[22m | warden.jpg[39m[0m
2026-10-07T06:18:12.9267688Z [  99% ] [90m[1m_update_scan_actions[22m | weather-rain.jpg[39m[0m
2026-10-07T06:18:12.9270867Z [  99% ] [90m[1m_update_scan_actions[22m | icon.svg[39m[0m
2026-10-07T06:18:12.9271564Z [92m[ DONE ][39m [1m_update_scan_actions[22m
2026-10-07T06:18:12.9271908Z [0m
2026-10-07T06:18:12.9277194Z [   0% ] [90m[1mreimport[22m | Started (Re)Importing Assets (21 steps)[39m[0m
2026-10-07T06:18:12.9278008Z [   0% ] [90m[1mreimport[22m | Preparing files to reimport...[39m[0m
2026-10-07T06:18:12.9278818Z [   4% ] [90m[1mreimport[22m | Preparing files to reimport...[39m[0m
2026-10-07T06:18:12.9279889Z [   9% ] [90m[1mreimport[22m | Preparing files to reimport...[39m[0m
2026-10-07T06:18:12.9280853Z [  13% ] [90m[1mreimport[22m | Preparing files to reimport...[39m[0m
2026-10-07T06:18:12.9281779Z [  18% ] [90m[1mreimport[22m | Preparing files to reimport...[39m[0m
2026-10-07T06:18:12.9282885Z [  22% ] [90m[1mreimport[22m | Preparing files to reimport...[39m[0m
2026-10-07T06:18:12.9283963Z [  27% ] [90m[1mreimport[22m | Preparing files to reimport...[39m[0m
2026-10-07T06:18:12.9284841Z [  31% ] [90m[1mreimport[22m | Preparing files to reimport...[39m[0m
2026-10-07T06:18:12.9286077Z [  36% ] [90m[1mreimport[22m | Preparing files to reimport...[39m[0m
2026-10-07T06:18:12.9286941Z [  40% ] [90m[1mreimport[22m | Preparing files to reimport...[39m[0m
2026-10-07T06:18:12.9287821Z [  45% ] [90m[1mreimport[22m | Preparing files to reimport...[39m[0m
2026-10-07T06:18:12.9288646Z [  50% ] [90m[1mreimport[22m | Preparing files to reimport...[39m[0m
2026-10-07T06:18:12.9289560Z [  54% ] [90m[1mreimport[22m | Preparing files to reimport...[39m[0m
2026-10-07T06:18:12.9290385Z [  59% ] [90m[1mreimport[22m | Preparing files to reimport...[39m[0m
2026-10-07T06:18:12.9291434Z [  63% ] [90m[1mreimport[22m | Preparing files to reimport...[39m[0m
2026-10-07T06:18:12.9292275Z [  68% ] [90m[1mreimport[22m | Preparing files to reimport...[39m[0m
2026-10-07T06:18:12.9293506Z [  72% ] [90m[1mreimport[22m | Preparing files to reimport...[39m[0m
2026-10-07T06:18:12.9294536Z [  77% ] [90m[1mreimport[22m | Preparing files to reimport...[39m[0m
2026-10-07T06:18:12.9295390Z [  81% ] [90m[1mreimport[22m | Preparing files to reimport...[39m[0m
2026-10-07T06:18:12.9296241Z [  86% ] [90m[1mreimport[22m | Preparing files to reimport...[39m[0m
2026-10-07T06:18:12.9297273Z [  90% ] [90m[1mreimport[22m | Preparing files to reimport...[39m[0m
2026-10-07T06:18:12.9298178Z [   0% ] [90m[1mreimport[22m | Executing pre-reimport operations...[39m[0m
2026-10-07T06:18:12.9300820Z [   0% ] [90m[1mreimport[22m | procedural_provenance.csv[39m[0m
2026-10-07T06:18:12.9442928Z [   4% ] [90m[1mreimport[22m | weather-rain.jpg[39m[0m
2026-10-07T06:18:13.0484586Z [   9% ] [90m[1mreimport[22m | warden.jpg[39m[0m
2026-10-07T06:18:13.1581392Z [  13% ] [90m[1mreimport[22m | village-talk.jpg[39m[0m
2026-10-07T06:18:13.2902405Z [  18% ] [90m[1mreimport[22m | village-square.jpg[39m[0m
2026-10-07T06:18:13.4159722Z [  22% ] [90m[1mreimport[22m | tether-site.jpg[39m[0m
2026-10-07T06:18:13.6298810Z [  27% ] [90m[1mreimport[22m | starter-orbs.jpg[39m[0m
2026-10-07T06:18:13.6988631Z [  31% ] [90m[1mreimport[22m | severed-road.jpg[39m[0m
2026-10-07T06:18:13.8963993Z [  36% ] [90m[1mreimport[22m | roster.jpg[39m[0m
2026-10-07T06:18:14.0297710Z [  40% ] [90m[1mreimport[22m | relay-machines.jpg[39m[0m
2026-10-07T06:18:14.1500697Z [  45% ] [90m[1mreimport[22m | relay-approach.jpg[39m[0m
2026-10-07T06:18:14.2699815Z [  50% ] [90m[1mreimport[22m | page-board.jpg[39m[0m
2026-10-07T06:18:14.5046909Z [  54% ] [90m[1mreimport[22m | opening-bedroom.jpg[39m[0m
2026-10-07T06:18:14.6188713Z [  59% ] [90m[1mreimport[22m | mill-crossing.jpg[39m[0m
2026-10-07T06:18:14.7506463Z [  63% ] [90m[1mreimport[22m | hero-meadow.jpg[39m[0m
2026-10-07T06:18:14.9597796Z [  68% ] [90m[1mreimport[22m | camp-dusk.jpg[39m[0m
2026-10-07T06:18:15.0765912Z [  72% ] [90m[1mreimport[22m | aim-arc.jpg[39m[0m
2026-10-07T06:18:15.2125901Z [  77% ] [90m[1mreimport[22m | 06-charged-attack-lands.jpg[39m[0m
2026-10-07T06:18:15.4522656Z [  81% ] [90m[1mreimport[22m | 03-rise-overlook.jpg[39m[0m
2026-10-07T06:18:15.6524582Z [  86% ] [90m[1mreimport[22m | 02-arena-opens.jpg[39m[0m
2026-10-07T06:18:15.8673473Z [  90% ] [90m[1mreimport[22m | 01-spawn-outward.jpg[39m[0m
2026-10-07T06:18:16.0763785Z [  95% ] [90m[1mreimport[22m | Finalizing Asset Import...[39m[0m
2026-10-07T06:18:16.0867806Z [92m[ DONE ][39m [1mreimport[22m
2026-10-07T06:18:16.0868448Z [0m
2026-10-07T06:18:16.0869029Z [   0% ] [90m[1mreimport[22m | Started (Re)Importing Assets (21 steps)[39m[0m
2026-10-07T06:18:16.0869895Z [   0% ] [90m[1mreimport[22m | Executing post-reimport operations...[39m[0m
2026-10-07T06:18:16.0870536Z [92m[ DONE ][39m [1mreimport[22m
2026-10-07T06:18:16.0870935Z [0m
2026-10-07T06:18:16.1659125Z [   0% ] [90m[1mloading_editor_layout[22m | Started Loading editor (5 steps)[39m[0m
2026-10-07T06:18:16.1660150Z [   0% ] [90m[1mloading_editor_layout[22m | Loading editor layout...[39m[0m
2026-10-07T06:18:16.1661350Z [  16% ] [90m[1mloading_editor_layout[22m | Loading docks...[39m[0m
2026-10-07T06:18:16.1662025Z [92m[ DONE ][39m [1mloading_editor_layout[22m
2026-10-07T06:18:16.1662756Z [0m
2026-10-07T06:18:17.8058549Z ##[end-action id=__self.__run_3;outcome=success;conclusion=success;duration_ms=25082]
2026-10-07T06:18:17.8061215Z ##[start-action display=Run set -euo pipefail;id=__self.__run_4]
2026-10-07T06:18:17.8080046Z ##[group]Run set -euo pipefail
2026-10-07T06:18:17.8080357Z [36;1mset -euo pipefail[0m
2026-10-07T06:18:17.8080718Z [36;1mgodot --headless --path . --import 2>&1 | tee /tmp/import.log[0m
2026-10-07T06:18:17.8081304Z [36;1mif grep -qiE 'SCRIPT ERROR|Parse Error|Failed to load|ERROR: Cannot open' /tmp/import.log; then[0m
2026-10-07T06:18:17.8081869Z [36;1m  echo '::error::import produced script or resource errors'[0m
2026-10-07T06:18:17.8082619Z [36;1m  exit 1[0m
2026-10-07T06:18:17.8082843Z [36;1mfi[0m
2026-10-07T06:18:17.8145526Z shell: /usr/bin/bash --noprofile --norc -e -o pipefail {0}
2026-10-07T06:18:17.8145886Z env:
2026-10-07T06:18:17.8146100Z   GODOT_VERSION: 4.7-stable
2026-10-07T06:18:17.8146339Z ##[endgroup]
2026-10-07T06:18:17.8450070Z Godot Engine v4.7.stable.official.5b4e0cb0f - https://godotengine.org
2026-10-07T06:18:17.8736311Z 
2026-10-07T06:18:19.9399288Z [   0% ] [90m[1mfirst_scan_filesystem[22m | Started Project initialization (5 steps)[39m[0m
2026-10-07T06:18:19.9400818Z [   0% ] [90m[1mfirst_scan_filesystem[22m | Scanning file structure...[39m[0m
2026-10-07T06:18:20.0045133Z [  16% ] [90m[1mfirst_scan_filesystem[22m | Loading global class names...[39m[0m
2026-10-07T06:18:20.4395562Z [  33% ] [90m[1mfirst_scan_filesystem[22m | Verifying GDExtensions...[39m[0m
2026-10-07T06:18:20.4396673Z [  50% ] [90m[1mfirst_scan_filesystem[22m | Creating autoload scripts...[39m[0m
2026-10-07T06:18:24.8349969Z [  66% ] [90m[1mfirst_scan_filesystem[22m | Initializing plugins...[39m[0m
2026-10-07T06:18:24.8358174Z [  83% ] [90m[1mfirst_scan_filesystem[22m | Starting file scan...[39m[0m
2026-10-07T06:18:24.8358909Z [92m[ DONE ][39m [1mfirst_scan_filesystem[22m
2026-10-07T06:18:24.8359369Z [0m
2026-10-07T06:18:25.3591247Z [   0% ] [90m[1m_update_scan_actions[22m | Started Scanning actions... (13 steps)[39m[0m
2026-10-07T06:18:25.3593566Z [   0% ] [90m[1m_update_scan_actions[22m | bramblebun_extracted_base_color.png[39m[0m
2026-10-07T06:18:25.3595588Z [   7% ] [90m[1m_update_scan_actions[22m | bramblebun_extracted_emissive.png[39m[0m
2026-10-07T06:18:25.3597750Z [  14% ] [90m[1m_update_scan_actions[22m | cragclaw_extracted_base_color.png[39m[0m
2026-10-07T06:18:25.3600092Z [  21% ] [90m[1m_update_scan_actions[22m | mangrove_monitor_extracted_base_color.png[39m[0m
2026-10-07T06:18:25.3602136Z [  28% ] [90m[1m_update_scan_actions[22m | mirejaw_extracted_base_color.png[39m[0m
2026-10-07T06:18:25.3605171Z [  35% ] [90m[1m_update_scan_actions[22m | mudsnout_extracted_base_color.png[39m[0m
2026-10-07T06:18:25.3607452Z [  42% ] [90m[1m_update_scan_actions[22m | mudsnout_extracted_emissive.png[39m[0m
2026-10-07T06:18:25.3609543Z [  50% ] [90m[1m_update_scan_actions[22m | riptusk_extracted_base_color.png[39m[0m
2026-10-07T06:18:25.3611323Z [  57% ] [90m[1m_update_scan_actions[22m | sirenseal_extracted_base_color.png[39m[0m
2026-10-07T06:18:25.3613235Z [  64% ] [90m[1m_update_scan_actions[22m | trailpup_extracted_base_color.png[39m[0m
2026-10-07T06:18:25.3617102Z [  71% ] [90m[1m_update_scan_actions[22m | trailpup_extracted_emissive.png[39m[0m
2026-10-07T06:18:25.3618005Z [  78% ] [90m[1m_update_scan_actions[22m | veridian_extracted_base_color.png[39m[0m
2026-10-07T06:18:25.3619129Z [  85% ] [90m[1m_update_scan_actions[22m | veridian_extracted_emissive.png[39m[0m
2026-10-07T06:18:25.3619887Z [92m[ DONE ][39m [1m_update_scan_actions[22m
2026-10-07T06:18:25.3620431Z [0m
2026-10-07T06:18:25.4508302Z [   0% ] [90m[1mloading_editor_layout[22m | Started Loading editor (5 steps)[39m[0m
2026-10-07T06:18:25.4510285Z [   0% ] [90m[1mloading_editor_layout[22m | Loading editor layout...[39m[0m
2026-10-07T06:18:25.4514110Z [  16% ] [90m[1mloading_editor_layout[22m | Loading docks...[39m[0m
2026-10-07T06:18:25.4514998Z [92m[ DONE ][39m [1mloading_editor_layout[22m
2026-10-07T06:18:25.4515669Z [0m
2026-10-07T06:18:26.4192225Z ##[end-action id=__self.__run_4;outcome=success;conclusion=success;duration_ms=8613]
2026-10-07T06:18:26.4243020Z ##[group]Run set -uo pipefail
2026-10-07T06:18:26.4243411Z [36;1mset -uo pipefail[0m
2026-10-07T06:18:26.4243716Z [36;1mexport XDG_DATA_HOME="$RUNNER_TEMP/userdata"[0m
2026-10-07T06:18:26.4244092Z [36;1mmkdir -p "$XDG_DATA_HOME" "$RUNNER_TEMP/out"[0m
2026-10-07T06:18:26.4244420Z [36;1mread -r -a user_args <<< "$ARGS"[0m
2026-10-07T06:18:26.4244697Z [36;1mextra=()[0m
2026-10-07T06:18:26.4245166Z [36;1m[ ${#user_args[@]} -gt 0 ] && extra=(-- "${user_args[@]}")[0m
2026-10-07T06:18:26.4245538Z [36;1mtouch "$RUNNER_TEMP/start_marker"[0m
2026-10-07T06:18:26.4245814Z [36;1mt0=$SECONDS[0m
2026-10-07T06:18:26.4246041Z [36;1mif [ "$MODE" = render ]; then[0m
2026-10-07T06:18:26.4246312Z [36;1m  driver=opengl3[0m
2026-10-07T06:18:26.4246647Z [36;1m  if [ "$RENDERING_METHOD" = forward_plus ]; then driver=vulkan; fi[0m
2026-10-07T06:18:26.4247114Z [36;1m  timeout "$((TMIN * 60))" xvfb-run -a -s "-screen 0 ${RES}x24" \[0m
2026-10-07T06:18:26.4247839Z [36;1m    godot --path . --rendering-method "$RENDERING_METHOD" --rendering-driver "$driver" --audio-driver Dummy --resolution "$RES" \[0m
2026-10-07T06:18:26.4248539Z [36;1m    --script "$SCRIPT" "${extra[@]}" > "$RUNNER_TEMP/out/run.log" 2>&1[0m
2026-10-07T06:18:26.4248911Z [36;1melse[0m
2026-10-07T06:18:26.4249184Z [36;1m  timeout "$((TMIN * 60))" godot --headless --path . \[0m
2026-10-07T06:18:26.4249611Z [36;1m    --script "$SCRIPT" "${extra[@]}" > "$RUNNER_TEMP/out/run.log" 2>&1[0m
2026-10-07T06:18:26.4249981Z [36;1mfi[0m
2026-10-07T06:18:26.4250246Z [36;1mrc=$?[0m
2026-10-07T06:18:26.4250578Z [36;1mecho "exit=$rc took=$((SECONDS - t0))s" | tee -a "$RUNNER_TEMP/out/run.log"[0m
2026-10-07T06:18:26.4251001Z [36;1mtail -60 "$RUNNER_TEMP/out/run.log"[0m
2026-10-07T06:18:26.4251319Z [36;1mecho "$rc" > "$RUNNER_TEMP/out/exit_code"[0m
2026-10-07T06:18:26.4314002Z shell: /usr/bin/bash -e {0}
2026-10-07T06:18:26.4314268Z env:
2026-10-07T06:18:26.4314482Z   GODOT_VERSION: 4.7-stable
2026-10-07T06:18:26.4314759Z   SCRIPT: tests/smoke_f18_earned_loop.gd
2026-10-07T06:18:26.4315041Z   ARGS: 
2026-10-07T06:18:26.4315237Z   RES: 1280x720
2026-10-07T06:18:26.4315438Z   TMIN: 30
2026-10-07T06:18:26.4315634Z   MODE: headless
2026-10-07T06:18:26.4315857Z   RENDERING_METHOD: gl_compatibility
2026-10-07T06:18:26.4316131Z ##[endgroup]
2026-10-07T06:31:35.8718886Z exit=0 took=789s
2026-10-07T06:31:35.8750389Z OPENING_PRODUCTION_OBSERVATION {"acceptance":false,"actual_delta":[0.0833320617675781,0.0,0.000689506530761719],"authored_road_hint":"","callback_own_us":518,"ceiling_frames":0,"checked_start":true,"controller_observation_available":true,"controller_wanted_dir":[0.999965846538544,0.0,0.00826642010360956],"delivered_input":[0.440235525369644,-0.897882282733917],"diagnostic_output_outside_physics_cap":true,"floor_angle":0.785399973392487,"frame":3330,"live_contacts":[{"collider_path":"/root/MeadowsPlayground/Terrain","collider_rid":"RID(67796058767363)","collider_shape":33,"depth":0.0000656247138977051,"local_shape":0,"normal":[0.0,1.0,0.0],"point":[25.2882385253906,0.899999976158142,13.6799821853638]}],"live_recovery_travel":[0.0,0.000104546546936035,0.0],"live_state_phase":"post","mask":1,"on_ceiling":false,"on_floor":true,"on_wall":false,"physics_frame":7190,"plans":26,"player":[25.2882385253906,0.900829792022705,13.6799821853638],"progress_m":279.356758558424,"provisional_choice":0,"provisional_steering":{"acceptance":false,"heading":[0.999965786933899,0.0,0.00826641544699669],"prediction_motion":[1.02377450466156,0.0,0.0084632346406579],"retry_choice":0,"source":"prospective_step","wall_normal":[0.0,0.0,0.0]},"queries":3,"recoveries":0,"refusal":"","request":[64.0,1.96799993515015,14.0],"requests":3330,"safe_margin":0.00100000004749745,"slide_contacts":[{"collider_path":"/root/MeadowsPlayground/Terrain","collider_rid":"RID(67796058767363)","collider_shape":33,"normal":[0.0,1.0,0.0],"point":[25.2074298858643,0.899999976158142,13.679313659668],"slide":0,"swept_depth":0.00107473134994507},{"collider_path":"/root/MeadowsPlayground/Terrain","collider_rid":"RID(67796058767363)","collider_shape":33,"normal":[0.0,1.0,0.0],"point":[25.2882385253906,0.899999976158142,13.6799821853638],"slide":1,"swept_depth":0.00017017126083374}],"slide_contacts_are_capped_prefix":true,"slide_count":2,"slide_motion":[0.0833320617675781,0.0,0.000689506530761719],"slide_point_counts":[1,1],"snap":0.400000005960464,"stall_frames":0,"swept_depth":0.00107473134994507,"timing":{"between_callbacks":"controller and other nodes; excluded; not controller-only","between_callbacks_us":6163,"callback_cap_us":10000,"input_flush_us":84,"live_post_us":98,"live_pre_us":82,"movement_progress_us":6,"post_contract_us":20,"post_us":178,"pre_us":336,"provisional_steering_us":84,"serialization_and_print":"deferred; excluded; snapshot included","slide_validation_us":6,"snapshot_us":47,"stage":"post"},"total_queries":9972,"wall_frames":0}
2026-10-07T06:31:35.8760620Z OPENING_PRODUCTION_LOG_COST {"cost_line_print_measured":false,"observation_print_us":51,"outside_physics_cap":true,"requests":3330,"serialization_us":98}
2026-10-07T06:31:35.8769483Z OPENING_PRODUCTION_OBSERVATION {"acceptance":false,"actual_delta":[0.0833282470703125,0.0,0.000689506530761719],"authored_road_hint":"","callback_own_us":501,"ceiling_frames":0,"checked_start":true,"controller_observation_available":true,"controller_wanted_dir":[0.999965846538544,0.0,0.00826510787010193],"delivered_input":[0.440234392881393,-0.897882878780365],"diagnostic_output_outside_physics_cap":true,"floor_angle":0.785399973392487,"frame":3420,"live_contacts":[{"collider_path":"/root/MeadowsPlayground/Terrain","collider_rid":"RID(67796058767363)","collider_shape":33,"depth":0.0000639557838439941,"local_shape":0,"normal":[0.0,1.0,0.0],"point":[32.7880973815918,0.899999976158142,13.7420215606689]}],"live_recovery_travel":[0.0,0.0000934004783630371,0.0],"live_state_phase":"post","mask":1,"on_ceiling":false,"on_floor":true,"on_wall":false,"physics_frame":7280,"plans":26,"player":[32.7880973815918,0.900842666625977,13.7420215606689],"progress_m":286.856874519261,"provisional_choice":0,"provisional_steering":{"acceptance":false,"heading":[0.999965846538544,0.0,0.00826512929052114],"prediction_motion":[1.02377462387085,0.0,0.00846191868185997],"retry_choice":0,"source":"prospective_step","wall_normal":[0.0,0.0,0.0]},"queries":3,"recoveries":0,"refusal":"","request":[64.0,1.96799993515015,14.0],"requests":3420,"safe_margin":0.00100000004749745,"slide_contacts":[{"collider_path":"/root/MeadowsPlayground/Terrain","collider_rid":"RID(67796058767363)","collider_shape":33,"normal":[0.0,1.0,0.0],"point":[32.7070465087891,0.899999976158142,13.7413511276245],"slide":0,"swept_depth":0.000975430011749268},{"collider_path":"/root/MeadowsPlayground/Terrain","collider_rid":"RID(67796058767363)","collider_shape":33,"normal":[0.0,1.0,0.0],"point":[32.7880973815918,0.899999976158142,13.7420215606689],"slide":1,"swept_depth":0.000157296657562256}],"slide_contacts_are_capped_prefix":true,"slide_count":2,"slide_motion":[0.0833282470703125,0.0,0.000689506530761719],"slide_point_counts":[1,1],"snap":0.400000005960464,"stall_frames":0,"swept_depth":0.000975430011749268,"timing":{"between_callbacks":"controller and other nodes; excluded; not controller-only","between_callbacks_us":5000,"callback_cap_us":10000,"input_flush_us":75,"live_post_us":76,"live_pre_us":80,"movement_progress_us":6,"post_contract_us":18,"post_us":152,"pre_us":344,"provisional_steering_us":86,"serialization_and_print":"deferred; excluded; snapshot included","slide_validation_us":5,"snapshot_us":46,"stage":"post"},"total_queries":10242,"wall_frames":0}
2026-10-07T06:31:35.8778305Z OPENING_PRODUCTION_LOG_COST {"cost_line_print_measured":false,"observation_print_us":62,"outside_physics_cap":true,"requests":3420,"serialization_us":95}
2026-10-07T06:31:35.8787339Z OPENING_PRODUCTION_OBSERVATION {"acceptance":false,"actual_delta":[0.0833282470703125,0.00000143051147460938,0.000688552856445312],"authored_road_hint":"","callback_own_us":583,"ceiling_frames":0,"checked_start":true,"controller_observation_available":true,"controller_wanted_dir":[0.999965846538544,0.0,0.00826403591781855],"delivered_input":[0.440233409404755,-0.897883355617523],"diagnostic_output_outside_physics_cap":true,"floor_angle":0.785399973392487,"frame":3510,"live_contacts":[{"collider_path":"/root/MeadowsPlayground/Terrain","collider_rid":"RID(67796058767363)","collider_shape":33,"depth":0.0000639557838439941,"local_shape":0,"normal":[0.0,1.0,0.0],"point":[40.2876510620117,0.899999976158142,13.8040332794189]}],"live_recovery_travel":[0.0,0.0000934004783630371,0.0],"live_state_phase":"post","mask":1,"on_ceiling":false,"on_floor":true,"on_wall":false,"physics_frame":7370,"plans":26,"player":[40.2876510620117,0.900842666625977,13.8040332794189],"progress_m":294.356685155304,"provisional_choice":0,"provisional_steering":{"acceptance":false,"heading":[0.999965846538544,0.0,0.00826404523104429],"prediction_motion":[1.02377462387085,0.0,0.00846080854535103],"retry_choice":0,"source":"prospective_step","wall_normal":[0.0,0.0,0.0]},"queries":3,"recoveries":0,"refusal":"","request":[64.0,1.96799993515015,14.0],"requests":3510,"safe_margin":0.00100000004749745,"slide_contacts":[{"collider_path":"/root/MeadowsPlayground/Terrain","collider_rid":"RID(67796058767363)","collider_shape":33,"normal":[0.0,1.0,0.0],"point":[40.206600189209,0.899999976158142,13.8033638000488],"slide":0,"swept_depth":0.000975549221038818},{"collider_path":"/root/MeadowsPlayground/Terrain","collider_rid":"RID(67796058767363)","collider_shape":33,"normal":[0.0,1.0,0.0],"point":[40.2876510620117,0.899999976158142,13.8040332794189],"slide":1,"swept_depth":0.000157296657562256}],"slide_contacts_are_capped_prefix":true,"slide_count":2,"slide_motion":[0.0833282470703125,0.00000143051147460938,0.000688552856445312],"slide_point_counts":[1,1],"snap":0.400000005960464,"stall_frames":0,"swept_depth":0.000975549221038818,"timing":{"between_callbacks":"controller and other nodes; excluded; not controller-only","between_callbacks_us":6297,"callback_cap_us":10000,"input_flush_us":118,"live_post_us":77,"live_pre_us":104,"movement_progress_us":6,"post_contract_us":18,"post_us":155,"pre_us":424,"provisional_steering_us":94,"serialization_and_print":"deferred; excluded; snapshot included","slide_validation_us":7,"snapshot_us":45,"stage":"post"},"total_queries":10512,"wall_frames":0}
2026-10-07T06:31:35.8798290Z OPENING_PRODUCTION_LOG_COST {"cost_line_print_measured":false,"observation_print_us":57,"outside_physics_cap":true,"requests":3510,"serialization_us":92}
2026-10-07T06:31:35.8807393Z OPENING_PRODUCTION_OBSERVATION {"acceptance":false,"actual_delta":[0.0833282470703125,0.0,0.000689506530761719],"authored_road_hint":"","callback_own_us":675,"ceiling_frames":0,"checked_start":true,"controller_observation_available":true,"controller_wanted_dir":[0.999965846538544,0.0,0.00826412532478571],"delivered_input":[0.440233498811722,-0.897883296012878],"diagnostic_output_outside_physics_cap":true,"floor_angle":0.785399973392487,"frame":3600,"live_contacts":[{"collider_path":"/root/MeadowsPlayground/Terrain","collider_rid":"RID(67796058767363)","collider_shape":33,"depth":0.0000639557838439941,"local_shape":0,"normal":[0.0,1.0,0.0],"point":[47.7871971130371,0.899999976158142,13.8660116195679]}],"live_recovery_travel":[0.0,0.0000934004783630371,0.0],"live_state_phase":"post","mask":1,"on_ceiling":false,"on_floor":true,"on_wall":false,"physics_frame":7460,"plans":26,"player":[47.7871971130371,0.900842666625977,13.8660116195679],"progress_m":301.856487640413,"provisional_choice":0,"provisional_steering":{"acceptance":false,"heading":[0.999965846538544,0.0,0.00826412625610828],"prediction_motion":[1.02377462387085,0.0,0.00846089143306017],"retry_choice":0,"source":"prospective_step","wall_normal":[0.0,0.0,0.0]},"queries":3,"recoveries":0,"refusal":"","request":[64.0,1.96799993515015,14.0],"requests":3600,"safe_margin":0.00100000004749745,"slide_contacts":[{"collider_path":"/root/MeadowsPlayground/Terrain","collider_rid":"RID(67796058767363)","collider_shape":33,"normal":[0.0,1.0,0.0],"point":[47.7061462402344,0.899999976158142,13.8653411865234],"slide":0,"swept_depth":0.000975430011749268},{"collider_path":"/root/MeadowsPlayground/Terrain","collider_rid":"RID(67796058767363)","collider_shape":33,"normal":[0.0,1.0,0.0],"point":[47.7871971130371,0.899999976158142,13.8660116195679],"slide":1,"swept_depth":0.000157296657562256}],"slide_contacts_are_capped_prefix":true,"slide_count":2,"slide_motion":[0.0833282470703125,0.0,0.000689506530761719],"slide_point_counts":[1,1],"snap":0.400000005960464,"stall_frames":0,"swept_depth":0.000975430011749268,"timing":{"between_callbacks":"controller and other nodes; excluded; not controller-only","between_callbacks_us":7262,"callback_cap_us":10000,"input_flush_us":158,"live_post_us":86,"live_pre_us":109,"movement_progress_us":6,"post_contract_us":29,"post_us":184,"pre_us":487,"provisional_steering_us":95,"serialization_and_print":"deferred; excluded; snapshot included","slide_validation_us":9,"snapshot_us":51,"stage":"post"},"total_queries":10782,"wall_frames":0}
2026-10-07T06:31:35.8816425Z OPENING_PRODUCTION_LOG_COST {"cost_line_print_measured":false,"observation_print_us":48,"outside_physics_cap":true,"requests":3600,"serialization_us":101}
2026-10-07T06:31:35.8825346Z OPENING_PRODUCTION_OBSERVATION {"acceptance":false,"actual_delta":[0.0833282470703125,0.0000126957893371582,0.000689506530761719],"authored_road_hint":"","callback_own_us":518,"ceiling_frames":0,"checked_start":true,"controller_observation_available":true,"controller_wanted_dir":[0.999965846538544,0.0,0.00826412532478571],"delivered_input":[0.440233498811722,-0.897883296012878],"diagnostic_output_outside_physics_cap":true,"floor_angle":0.785399973392487,"frame":3690,"live_contacts":[{"collider_path":"/root/MeadowsPlayground/Terrain","collider_rid":"RID(67796058767363)","collider_shape":33,"depth":0.0000639557838439941,"local_shape":0,"normal":[0.0,1.0,0.0],"point":[55.286735534668,0.899999976158142,13.9279909133911]}],"live_recovery_travel":[0.0,0.0000935792922973633,0.0],"live_state_phase":"post","mask":1,"on_ceiling":false,"on_floor":true,"on_wall":false,"physics_frame":7550,"plans":26,"player":[55.286735534668,0.900842487812042,13.9279909133911],"progress_m":309.356282645138,"provisional_choice":0,"provisional_steering":{"acceptance":false,"heading":[0.999965846538544,0.0,0.00826412159949541],"prediction_motion":[1.02377462387085,0.0,0.0084608867764473],"retry_choice":0,"source":"prospective_step","wall_normal":[0.0,0.0,0.0]},"queries":3,"recoveries":0,"refusal":"","request":[64.0,1.96799993515015,14.0],"requests":3690,"safe_margin":0.00100000004749745,"slide_contacts":[{"collider_path":"/root/MeadowsPlayground/Terrain","collider_rid":"RID(67796058767363)","collider_shape":33,"normal":[0.0,1.0,0.0],"point":[55.2056846618652,0.899999976158142,13.9273204803467],"slide":0,"swept_depth":0.000977098941802979},{"collider_path":"/root/MeadowsPlayground/Terrain","collider_rid":"RID(67796058767363)","collider_shape":33,"normal":[0.0,1.0,0.0],"point":[55.286735534668,0.899999976158142,13.9279909133911],"slide":1,"swept_depth":0.000157415866851807}],"slide_contacts_are_capped_prefix":true,"slide_count":2,"slide_motion":[0.0833282470703125,0.0000126957893371582,0.000689506530761719],"slide_point_counts":[1,1],"snap":0.400000005960464,"stall_frames":0,"swept_depth":0.000977098941802979,"timing":{"between_callbacks":"controller and other nodes; excluded; not controller-only","between_callbacks_us":5714,"callback_cap_us":10000,"input_flush_us":75,"live_post_us":79,"live_pre_us":104,"movement_progress_us":5,"post_contract_us":31,"post_us":164,"pre_us":349,"provisional_steering_us":84,"serialization_and_print":"deferred; excluded; snapshot included","slide_validation_us":4,"snapshot_us":43,"stage":"post"},"total_queries":11052,"wall_frames":0}
2026-10-07T06:31:35.8834284Z OPENING_PRODUCTION_LOG_COST {"cost_line_print_measured":false,"observation_print_us":57,"outside_physics_cap":true,"requests":3690,"serialization_us":94}
2026-10-07T06:31:35.8844080Z OPENING_PRODUCTION_OBSERVATION {"acceptance":false,"actual_delta":[0.0833282470703125,0.00000226497650146484,0.0006866455078125],"authored_road_hint":"","callback_own_us":516,"ceiling_frames":0,"checked_start":true,"controller_observation_available":true,"controller_wanted_dir":[0.999965250492096,0.0,0.00834566354751587],"delivered_input":[0.440306723117828,-0.897847473621368],"diagnostic_output_outside_physics_cap":true,"floor_angle":0.785399973392487,"frame":3780,"live_contacts":[{"collider_path":"/root/MeadowsPlayground/Terrain","collider_rid":"RID(67796058767363)","collider_shape":33,"depth":0.0000572800636291504,"local_shape":0,"normal":[0.0,1.0,0.0],"point":[62.7862777709961,0.899999976158142,13.9898614883423]}],"live_recovery_travel":[0.0,0.0000482797622680664,0.0],"live_state_phase":"post","mask":1,"on_ceiling":false,"on_floor":true,"on_wall":false,"physics_frame":7640,"plans":26,"player":[62.7862777709961,0.900894463062286,13.9898614883423],"progress_m":316.856080346974,"provisional_choice":0,"provisional_steering":{"acceptance":false,"heading":[0.999965190887451,0.0,0.00834568962454796],"prediction_motion":[1.02377390861511,0.0,0.00854439660906792],"retry_choice":0,"source":"prospective_step","wall_normal":[0.0,0.0,0.0]},"queries":3,"recoveries":0,"refusal":"","request":[64.0,1.96799993515015,14.0],"requests":3780,"safe_margin":0.00100000004749745,"slide_contacts":[{"collider_path":"/root/MeadowsPlayground/Terrain","collider_rid":"RID(67796058767363)","collider_shape":33,"normal":[0.0,1.0,0.0],"point":[62.7052268981934,0.899999976158142,13.9891939163208],"slide":0,"swept_depth":0.000968992710113525},{"collider_path":"/root/MeadowsPlayground/Terrain","collider_rid":"RID(67796058767363)","collider_shape":33,"normal":[0.0,0.999635398387909,-0.0270032677799463],"point":[62.7052268981934,0.899999976158142,14.0],"slide":0,"swept_depth":0.000968992710113525},{"collider_path":"/root/MeadowsPlayground/Terrain","collider_rid":"RID(67796058767363)","collider_shape":33,"normal":[0.0,1.0,0.0],"point":[62.7862777709961,0.899999976158142,13.9898614883423],"slide":1,"swept_depth":0.000105440616607666}],"slide_contacts_are_capped_prefix":true,"slide_count":2,"slide_motion":[0.0833282470703125,0.00000226497672883852,0.0006866455078125],"slide_point_counts":[2,1],"snap":0.400000005960464,"stall_frames":0,"swept_depth":0.000968992710113525,"timing":{"between_callbacks":"controller and other nodes; excluded; not controller-only","between_callbacks_us":5895,"callback_cap_us":10000,"input_flush_us":83,"live_post_us":80,"live_pre_us":81,"movement_progress_us":7,"post_contract_us":25,"post_us":178,"pre_us":333,"provisional_steering_us":85,"serialization_and_print":"deferred; excluded; snapshot included","slide_validation_us":7,"snapshot_us":58,"stage":"post"},"total_queries":11322,"wall_frames":0}
2026-10-07T06:31:35.8853920Z OPENING_PRODUCTION_LOG_COST {"cost_line_print_measured":false,"observation_print_us":64,"outside_physics_cap":true,"requests":3780,"serialization_us":107}
2026-10-07T06:31:35.8862903Z OPENING_PRODUCTION_OBSERVATION {"acceptance":false,"actual_delta":[-0.0319862365722656,0.0000622272491455078,0.0547504425048828],"authored_road_hint":"","callback_own_us":641,"ceiling_frames":0,"checked_start":true,"controller_observation_available":true,"controller_wanted_dir":[-0.984498918056488,0.0,0.175390690565109],"delivered_input":[-0.2679762840271,0.963425517082214],"diagnostic_output_outside_physics_cap":true,"floor_angle":0.785399973392487,"frame":3870,"live_contacts":[{"collider_path":"/root/MeadowsPlayground/Terrain","collider_rid":"RID(67796058767363)","collider_shape":33,"depth":0.0000639557838439941,"local_shape":0,"normal":[0.0,1.0,0.0],"point":[63.8832702636719,0.899999976158142,20.6353912353516]}],"live_recovery_travel":[0.0,0.000094294548034668,0.0],"live_state_phase":"post","mask":1,"on_ceiling":false,"on_floor":true,"on_wall":false,"physics_frame":7730,"plans":28,"player":[63.8832702636719,0.900841653347015,20.6353912353516],"progress_m":324.163711340399,"provisional_choice":0,"provisional_steering":{"acceptance":false,"heading":[-0.984498918056488,0.0,0.175390735268593],"prediction_motion":[-1.00793933868408,0.0,0.179566711187363],"retry_choice":0,"source":"prospective_step","wall_normal":[0.0,0.0,0.0]},"queries":3,"recoveries":0,"refusal":"","request":[61.0,1.96799993515015,21.1000003814697],"requests":3870,"safe_margin":0.00100000004749745,"slide_contacts":[{"collider_path":"/root/MeadowsPlayground/Terrain","collider_rid":"RID(67796058767363)","collider_shape":33,"normal":[0.0,1.0,0.0],"point":[63.9143829345703,0.899999976158142,20.5821380615234],"slide":0,"swept_depth":0.000983536243438721},{"collider_path":"/root/MeadowsPlayground/Terrain","collider_rid":"RID(67796058767363)","collider_shape":33,"normal":[0.0,1.0,0.0],"point":[63.8832702636719,0.899999976158142,20.6353912353516],"slide":1,"swept_depth":0.000158369541168213}],"slide_contacts_are_capped_prefix":true,"slide_count":2,"slide_motion":[-0.0319862365722656,0.0000622272491455078,0.0547504425048828],"slide_point_counts":[1,1],"snap":0.400000005960464,"stall_frames":0,"swept_depth":0.000983536243438721,"timing":{"between_callbacks":"controller and other nodes; excluded; not controller-only","between_callbacks_us":6127,"callback_cap_us":10000,"input_flush_us":127,"live_post_us":80,"live_pre_us":103,"movement_progress_us":6,"post_contract_us":19,"post_us":160,"pre_us":477,"provisional_steering_us":133,"serialization_and_print":"deferred; excluded; snapshot included","slide_validation_us":7,"snapshot_us":46,"stage":"post"},"total_queries":11592,"wall_frames":0}
2026-10-07T06:31:35.8871803Z OPENING_PRODUCTION_LOG_COST {"cost_line_print_measured":false,"observation_print_us":65,"outside_physics_cap":true,"requests":3870,"serialization_us":119}
2026-10-07T06:31:35.8873056Z GATE A NPC/GATHER +76.20s — Oskar cycle 1 exited and movement resumed
2026-10-07T06:31:35.8881569Z OPENING_PRODUCTION_OBSERVATION {"acceptance":false,"actual_delta":[-0.073638916015625,-0.0000251531600952148,-0.0390090942382812],"authored_road_hint":"","callback_own_us":627,"ceiling_frames":0,"checked_start":true,"controller_observation_available":true,"controller_wanted_dir":[-0.883668780326843,0.0,-0.468112677335739],"delivered_input":[-0.804449558258057,0.594020903110504],"diagnostic_output_outside_physics_cap":true,"floor_angle":0.785399973392487,"frame":3960,"live_contacts":[{"collider_path":"/root/MeadowsPlayground/Terrain","collider_rid":"RID(67796058767363)","collider_shape":33,"depth":0.0000671744346618652,"local_shape":0,"normal":[0.0,1.0,0.0],"point":[61.413200378418,0.899999976158142,18.8244304656982]}],"live_recovery_travel":[0.0,0.000115454196929932,0.0],"live_state_phase":"post","mask":1,"on_ceiling":false,"on_floor":true,"on_wall":false,"physics_frame":7873,"plans":29,"player":[61.413200378418,0.900817334651947,18.8244304656982],"progress_m":330.879146423424,"provisional_choice":0,"provisional_steering":{"acceptance":false,"heading":[-0.883668720722198,0.0,-0.468112707138062],"prediction_motion":[-0.904708504676819,0.0,-0.479258269071579],"retry_choice":0,"source":"prospective_step","wall_normal":[0.0,0.0,0.0]},"queries":3,"recoveries":0,"refusal":"","request":[44.0,0.849999964237213,9.60000038146973],"requests":3960,"safe_margin":0.00100000004749745,"slide_contacts":[{"collider_path":"/root/MeadowsPlayground/Terrain","collider_rid":"RID(67796058767363)","collider_shape":33,"normal":[0.0,1.0,0.0],"point":[61.4843940734863,0.899999976158142,18.8621444702148],"slide":0,"swept_depth":0.00117069482803345},{"collider_path":"/root/MeadowsPlayground/Terrain","collider_rid":"RID(67796058767363)","collider_shape":33,"normal":[0.0,1.0,0.0],"point":[61.413200378418,0.899999976158142,18.8244304656982],"slide":1,"swept_depth":0.000182688236236572}],"slide_contacts_are_capped_prefix":true,"slide_count":2,"slide_motion":[-0.0736389234662056,-0.0000251531600952148,-0.039009090512991],"slide_point_counts":[1,1],"snap":0.400000005960464,"stall_frames":0,"swept_depth":0.00117069482803345,"timing":{"between_callbacks":"controller and other nodes; excluded; not controller-only","between_callbacks_us":6145,"callback_cap_us":10000,"input_flush_us":131,"live_post_us":74,"live_pre_us":107,"movement_progress_us":6,"post_contract_us":20,"post_us":171,"pre_us":451,"provisional_steering_us":94,"serialization_and_print":"deferred; excluded; snapshot included","slide_validation_us":7,"snapshot_us":63,"stage":"post"},"total_queries":11858,"wall_frames":0}
2026-10-07T06:31:35.8890456Z OPENING_PRODUCTION_LOG_COST {"cost_line_print_measured":false,"observation_print_us":58,"outside_physics_cap":true,"requests":3960,"serialization_us":94}
2026-10-07T06:31:35.8899415Z OPENING_PRODUCTION_OBSERVATION {"acceptance":false,"actual_delta":[-0.073638916015625,0.000000178813934326172,-0.0390090942382812],"authored_road_hint":"","callback_own_us":598,"ceiling_frames":0,"checked_start":true,"controller_observation_available":true,"controller_wanted_dir":[-0.883670091629028,0.0,-0.468110293149948],"delivered_input":[-0.804447889328003,0.594023108482361],"diagnostic_output_outside_physics_cap":true,"floor_angle":0.785399973392487,"frame":4050,"live_contacts":[{"collider_path":"/root/MeadowsPlayground/Terrain","collider_rid":"RID(67796058767363)","collider_shape":33,"depth":0.0000639557838439941,"local_shape":0,"normal":[0.0,1.0,0.0],"point":[54.7857360839844,0.899999976158142,15.3135738372803]}],"live_recovery_travel":[0.0,0.0000934004783630371,0.0],"live_state_phase":"post","mask":1,"on_ceiling":false,"on_floor":true,"on_wall":false,"physics_frame":7963,"plans":29,"player":[54.7857360839844,0.900842666625977,15.3135738372803],"progress_m":338.37910711416,"provisional_choice":0,"provisional_steering":{"acceptance":false,"heading":[-0.883670032024384,0.0,-0.468110263347626],"prediction_motion":[-0.904709815979004,0.0,-0.479255765676498],"retry_choice":0,"source":"prospective_step","wall_normal":[0.0,0.0,0.0]},"queries":3,"recoveries":0,"refusal":"","request":[44.0,0.849999964237213,9.60000038146973],"requests":4050,"safe_margin":0.00100000004749745,"slide_contacts":[{"collider_path":"/root/MeadowsPlayground/Terrain","collider_rid":"RID(67796058767363)","collider_shape":33,"normal":[0.0,1.0,0.0],"point":[54.8573608398438,0.899999976158142,15.3515167236328],"slide":0,"swept_depth":0.000975430011749268},{"collider_path":"/root/MeadowsPlayground/Terrain","collider_rid":"RID(67796058767363)","collider_shape":33,"normal":[0.0,1.0,0.0],"point":[54.7857360839844,0.899999976158142,15.3135738372803],"slide":1,"swept_depth":0.000157296657562256}],"slide_contacts_are_capped_prefix":true,"slide_count":2,"slide_motion":[-0.0736389234662056,0.000000178813934326172,-0.039009090512991],"slide_point_counts":[1,1],"snap":0.400000005960464,"stall_frames":0,"swept_depth":0.000975430011749268,"timing":{"between_callbacks":"controller and other nodes; excluded; not controller-only","between_callbacks_us":6352,"callback_cap_us":10000,"input_flush_us":116,"live_post_us":86,"live_pre_us":90,"movement_progress_us":7,"post_contract_us":20,"post_us":169,"pre_us":425,"provisional_steering_us":120,"serialization_and_print":"deferred; excluded; snapshot included","slide_validation_us":8,"snapshot_us":47,"stage":"post"},"total_queries":12128,"wall_frames":0}
2026-10-07T06:31:35.8908359Z OPENING_PRODUCTION_LOG_COST {"cost_line_print_measured":false,"observation_print_us":64,"outside_physics_cap":true,"requests":4050,"serialization_us":102}
2026-10-07T06:31:35.8917117Z OPENING_PRODUCTION_OBSERVATION {"acceptance":false,"actual_delta":[-0.073638916015625,0.0,-0.0390090942382812],"authored_road_hint":"","callback_own_us":601,"ceiling_frames":0,"checked_start":true,"controller_observation_available":true,"controller_wanted_dir":[-0.883671224117279,0.0,-0.468108087778091],"delivered_input":[-0.804446458816528,0.594025075435638],"diagnostic_output_outside_physics_cap":true,"floor_angle":0.785399973392487,"frame":4140,"live_contacts":[{"collider_path":"/root/MeadowsPlayground/Terrain","collider_rid":"RID(67796058767363)","collider_shape":33,"depth":0.0000639557838439941,"local_shape":0,"normal":[0.0,1.0,0.0],"point":[48.1582260131836,0.899999976158142,11.8027420043945]}],"live_recovery_travel":[0.0,0.0000934004783630371,0.0],"live_state_phase":"post","mask":1,"on_ceiling":false,"on_floor":true,"on_wall":false,"physics_frame":8053,"plans":29,"player":[48.1582260131836,0.900842666625977,11.8027420043945],"progress_m":345.879096504534,"provisional_choice":0,"provisional_steering":{"acceptance":false,"heading":[-0.883671224117279,0.0,-0.468108177185059],"prediction_motion":[-0.904711067676544,0.0,-0.479253619909286],"retry_choice":0,"source":"prospective_step","wall_normal":[0.0,0.0,0.0]},"queries":3,"recoveries":0,"refusal":"","request":[44.0,0.849999964237213,9.60000038146973],"requests":4140,"safe_margin":0.00100000004749745,"slide_contacts":[{"collider_path":"/root/MeadowsPlayground/Terrain","collider_rid":"RID(67796058767363)","collider_shape":33,"normal":[0.0,1.0,0.0],"point":[48.229850769043,0.899999976158142,11.8406848907471],"slide":0,"swept_depth":0.000975430011749268},{"collider_path":"/root/MeadowsPlayground/Terrain","collider_rid":"RID(67796058767363)","collider_shape":33,"normal":[0.0,1.0,0.0],"point":[48.1582260131836,0.899999976158142,11.8027420043945],"slide":1,"swept_depth":0.000157296657562256}],"slide_contacts_are_capped_prefix":true,"slide_count":2,"slide_motion":[-0.0736389234662056,0.0,-0.039009090512991],"slide_point_counts":[1,1],"snap":0.400000005960464,"stall_frames":0,"swept_depth":0.000975430011749268,"timing":{"between_callbacks":"controller and other nodes; excluded; not controller-only","between_callbacks_us":6547,"callback_cap_us":10000,"input_flush_us":123,"live_post_us":79,"live_pre_us":105,"movement_progress_us":6,"post_contract_us":19,"post_us":158,"pre_us":439,"provisional_steering_us":99,"serialization_and_print":"deferred; excluded; snapshot included","slide_validation_us":8,"snapshot_us":45,"stage":"post"},"total_queries":12398,"wall_frames":0}
2026-10-07T06:31:35.8926003Z OPENING_PRODUCTION_LOG_COST {"cost_line_print_measured":false,"observation_print_us":61,"outside_physics_cap":true,"requests":4140,"serialization_us":96}
2026-10-07T06:31:35.8928653Z MIRA ROAD RUN INPUT {"acceptance":false,"auto_run_after":false,"edges":[{"auto_run_before_dispatch":false,"pad_button":15,"physics_frame":3320,"player":[22.699857711792,0.662904381752014,-30.4883766174316],"pressed":true},{"auto_run_before_dispatch":true,"pad_button":15,"physics_frame":3323,"player":[22.8162250518799,0.653546333312988,-30.6255912780762],"pressed":false},{"auto_run_before_dispatch":true,"pad_button":15,"physics_frame":3502,"player":[20.0002975463867,0.900936126708984,-11.9926061630249],"pressed":true},{"auto_run_before_dispatch":false,"pad_button":15,"physics_frame":3505,"player":[20.0002918243408,0.900934517383575,-11.5975971221924],"pressed":false}],"refused":false}
2026-10-07T06:31:35.8939605Z OPENING_PRODUCTION_OBSERVATION {"acceptance":false,"actual_delta":[-0.00723648071289062,0.0000373125076293945,-0.0830183029174805],"authored_road_hint":"","callback_own_us":526,"ceiling_frames":0,"checked_start":true,"controller_observation_available":true,"controller_wanted_dir":[-0.0868695974349976,0.0,-0.996219754219055],"delivered_input":[-0.935679972171783,-0.352850019931793],"diagnostic_output_outside_physics_cap":true,"floor_angle":0.785399973392487,"frame":4230,"live_contacts":[{"collider_path":"/root/MeadowsPlayground/Village/inn_5/Interior/@StaticBody3D@59221","collider_rid":"RID(363964118599043)","collider_shape":0,"depth":0.0000639557838439941,"local_shape":0,"normal":[0.0,1.0,0.0],"point":[44.1164665222168,0.919999957084656,6.13560724258423]}],"live_recovery_travel":[0.0,0.0000938773155212402,0.0],"live_state_phase":"post","mask":1,"on_ceiling":false,"on_floor":true,"on_wall":false,"physics_frame":8158,"plans":31,"player":[44.1164665222168,0.920842051506042,6.13560724258423],"progress_m":352.999504470499,"provisional_choice":0,"provisional_steering":{"acceptance":false,"heading":[-0.0868695676326752,0.0,-0.996219754219055],"prediction_motion":[-0.0889378935098648,0.0,-1.01993930339813],"retry_choice":0,"source":"prospective_step","wall_normal":[0.0,0.0,0.0]},"queries":3,"recoveries":0,"refusal":"","request":[44.0,0.849999964237213,4.80000019073486],"requests":4230,"safe_margin":0.00100000004749745,"slide_contacts":[{"collider_path":"/root/MeadowsPlayground/Village/inn_5/Interior/@StaticBody3D@59221","collider_rid":"RID(363964118599043)","collider_shape":0,"normal":[0.0,1.0,0.0],"point":[44.1235046386719,0.919999957084656,6.2163553237915],"slide":0,"swept_depth":0.00098031759262085},{"collider_path":"/root/MeadowsPlayground/Village/inn_5/Interior/@StaticBody3D@59221","collider_rid":"RID(363964118599043)","collider_shape":0,"normal":[0.0,1.0,0.0],"point":[44.1164665222168,0.919999957084656,6.13560724258423],"slide":1,"swept_depth":0.00015789270401001}],"slide_contacts_are_capped_prefix":true,"slide_count":2,"slide_motion":[-0.00723648071289062,0.0000373125039914157,-0.0830183029174805],"slide_point_counts":[1,1],"snap":0.400000005960464,"stall_frames":0,"swept_depth":0.00098031759262085,"timing":{"between_callbacks":"controller and other nodes; excluded; not controller-only","between_callbacks_us":6078,"callback_cap_us":10000,"input_flush_us":100,"live_post_us":68,"live_pre_us":90,"movement_progress_us":7,"post_contract_us":20,"post_us":151,"pre_us":371,"provisional_steering_us":83,"serialization_and_print":"deferred; excluded; snapshot included","slide_validation_us":7,"snapshot_us":48,"stage":"post"},"total_queries":12668,"wall_frames":0}
2026-10-07T06:31:35.8949037Z OPENING_PRODUCTION_LOG_COST {"cost_line_print_measured":false,"observation_print_us":46,"outside_physics_cap":true,"requests":4230,"serialization_us":110}
2026-10-07T06:31:35.8949895Z GATE A NPC/GATHER +83.91s — Bram cycle 1 exited and movement resumed
2026-10-07T06:31:35.8958714Z OPENING_PRODUCTION_OBSERVATION {"acceptance":false,"actual_delta":[0.0000457763671875,0.0,-0.0311112403869629],"authored_road_hint":"","callback_own_us":587,"ceiling_frames":0,"checked_start":true,"controller_observation_available":true,"controller_wanted_dir":[0.000399470387492329,0.0,-0.999999940395355],"delivered_input":[-0.901317775249481,-0.433158278465271],"diagnostic_output_outside_physics_cap":true,"floor_angle":0.785399973392487,"frame":4320,"live_contacts":[{"collider_path":"/root/MeadowsPlayground/Village/inn_5/Interior/@StaticBody3D@59221","collider_rid":"RID(363964118599043)","collider_shape":0,"depth":0.0000639557838439941,"local_shape":0,"normal":[0.0,1.0,0.0],"point":[43.9980201721191,0.919999957084656,2.64971685409546]}],"live_recovery_travel":[0.0,0.0000934004783630371,0.0],"live_state_phase":"post","mask":1,"on_ceiling":false,"on_floor":true,"on_wall":false,"physics_frame":8297,"plans":34,"player":[43.9980201721191,0.92084264755249,2.64971685409546],"progress_m":359.709869085578,"provisional_choice":0,"provisional_steering":{"acceptance":false,"heading":[0.00039946215110831,0.0,-0.99999988079071],"prediction_motion":[0.000408973166486248,0.0,-1.0238094329834],"retry_choice":0,"source":"prospective_step","wall_normal":[0.0,0.0,0.0]},"queries":3,"recoveries":0,"refusal":"","request":[44.0,1.96799993515015,-2.39000010490417],"requests":4320,"safe_margin":0.00100000004749745,"slide_contacts":[{"collider_path":"/root/MeadowsPlayground/Village/inn_5/Interior/@StaticBody3D@59221","collider_rid":"RID(363964118599043)","collider_shape":0,"normal":[0.0,1.0,0.0],"point":[43.997974395752,0.919999957084656,2.67997741699219],"slide":0,"swept_depth":0.000975430011749268},{"collider_path":"/root/MeadowsPlayground/Village/inn_5/Interior/@StaticBody3D@59221","collider_rid":"RID(363964118599043)","collider_shape":0,"normal":[0.0,1.0,0.0],"point":[43.9980201721191,0.919999957084656,2.64971685409546],"slide":1,"swept_depth":0.000157296657562256}],"slide_contacts_are_capped_prefix":true,"slide_count":2,"slide_motion":[0.0000457763671875,0.0,-0.0311112403869629],"slide_point_counts":[1,1],"snap":0.400000005960464,"stall_frames":6,"swept_depth":0.000975430011749268,"timing":{"between_callbacks":"controller and other nodes; excluded; not controller-only","between_callbacks_us":5829,"callback_cap_us":10000,"input_flush_us":131,"live_post_us":93,"live_pre_us":92,"movement_progress_us":6,"post_contract_us":19,"post_us":173,"pre_us":409,"provisional_steering_us":86,"serialization_and_print":"deferred; excluded; snapshot included","slide_validation_us":7,"snapshot_us":47,"stage":"post"},"total_queries":12934,"wall_frames":0}
2026-10-07T06:31:35.8967791Z OPENING_PRODUCTION_LOG_COST {"cost_line_print_measured":false,"observation_print_us":61,"outside_physics_cap":true,"requests":4320,"serialization_us":94}
2026-10-07T06:31:35.8968586Z GATE A NPC/GATHER +85.49s — Bram cycle 2 exited and movement resumed
2026-10-07T06:31:35.8977499Z OPENING_PRODUCTION_OBSERVATION {"acceptance":false,"actual_delta":[0.00054168701171875,-0.0000123977661132812,0.0833315849304199],"authored_road_hint":"","callback_own_us":534,"ceiling_frames":0,"checked_start":true,"controller_observation_available":true,"controller_wanted_dir":[0.00651246309280396,0.0,0.99997878074646],"delivered_input":[0.90429025888443,0.426918148994446],"diagnostic_output_outside_physics_cap":true,"floor_angle":0.785399973392487,"frame":4410,"live_contacts":[{"collider_path":"/root/MeadowsPlayground/Village/inn_5/Interior/@StaticBody3D@59221","collider_rid":"RID(363964118599043)","collider_shape":0,"depth":0.0000656247138977051,"local_shape":0,"normal":[0.0,1.0,0.0],"point":[43.9820251464844,0.919999957084656,2.04013180732727]}],"live_recovery_travel":[0.0,0.000104308128356934,0.0],"live_state_phase":"post","mask":1,"on_ceiling":false,"on_floor":true,"on_wall":false,"physics_frame":8471,"plans":37,"player":[43.9820251464844,0.920830070972443,2.04013180732727],"progress_m":366.008058920503,"provisional_choice":0,"provisional_steering":{"acceptance":false,"heading":[0.00651243235915899,0.0,0.99997878074646],"prediction_motion":[0.00666749058291316,0.0,1.02378785610199],"retry_choice":0,"source":"prospective_step","wall_normal":[0.0,0.0,0.0]},"queries":3,"recoveries":0,"refusal":"","request":[44.0,0.849999964237213,4.80000019073486],"requests":4410,"safe_margin":0.00100000004749745,"slide_contacts":[{"collider_path":"/root/MeadowsPlayground/Village/inn_5/Interior/@StaticBody3D@59221","collider_rid":"RID(363964118599043)","collider_shape":0,"normal":[0.0,1.0,0.0],"point":[43.9814987182617,0.919999957084656,1.95932292938232],"slide":0,"swept_depth":0.00107294321060181},{"collider_path":"/root/MeadowsPlayground/Village/inn_5/Interior/@StaticBody3D@59221","collider_rid":"RID(363964118599043)","collider_shape":0,"normal":[0.0,1.0,0.0],"point":[43.9820251464844,0.919999957084656,2.04013180732727],"slide":1,"swept_depth":0.000169813632965088}],"slide_contacts_are_capped_prefix":true,"slide_count":2,"slide_motion":[0.00054168701171875,-0.0000123977661132812,0.0833315849304199],"slide_point_counts":[1,1],"snap":0.400000005960464,"stall_frames":0,"swept_depth":0.00107294321060181,"timing":{"between_callbacks":"controller and other nodes; excluded; not controller-only","between_callbacks_us":5847,"callback_cap_us":10000,"input_flush_us":102,"live_post_us":74,"live_pre_us":77,"movement_progress_us":6,"post_contract_us":18,"post_us":154,"pre_us":375,"provisional_steering_us":82,"serialization_and_print":"deferred; excluded; snapshot included","slide_validation_us":7,"snapshot_us":48,"stage":"post"},"total_queries":13200,"wall_frames":0}
2026-10-07T06:31:35.8986586Z OPENING_PRODUCTION_LOG_COST {"cost_line_print_measured":false,"observation_print_us":67,"outside_physics_cap":true,"requests":4410,"serialization_us":99}
2026-10-07T06:31:35.8987381Z GATE A NPC/GATHER +87.06s — Bram cycle 3 exited and movement resumed
2026-10-07T06:31:35.8988028Z GATE A NPC/GATHER +88.52s — five NPC/modal exits and three equipped-tool gathers returned world control
2026-10-07T06:31:35.8988897Z EARNED WALK START phase=materials purpose=material route target=(30.7, 0.480501, -15.9) tolerance=1.65 budget=1961 frame=8567 player=(44.00002, 0.943417, 9.518283)
2026-10-07T06:31:35.8990223Z EARNED WALK END phase=materials purpose=material route target=(30.7, 0.480501, -15.9) tolerance=1.65 budget=1961 start_frame=8567 end_frame=8952 start_player=(44.00002, 0.943417, 9.518283) player=(31.32019, 0.430437, -14.43505) arrived=true distance=1.59081947803497
2026-10-07T06:31:35.8991680Z EARNED WALK START phase=materials purpose=material route target=(38.72, -2.655684, -19.85) tolerance=2.5 budget=816 frame=8967 player=(31.17973, 0.446105, -14.77337)
2026-10-07T06:31:35.8993170Z EARNED WALK END phase=materials purpose=material route target=(38.72, -2.655684, -19.85) tolerance=2.5 budget=816 start_frame=8967 end_frame=9053 start_player=(31.17973, 0.446105, -14.77337) player=(36.67456, -1.624982, -18.469) arrived=true distance=2.46799397468567
2026-10-07T06:31:35.8994654Z EARNED WALK START phase=materials purpose=material route target=(16.0, 0.894065, -28.0) tolerance=1.65 budget=1628 frame=9076 player=(37.01685, -1.78879, -18.69882)
2026-10-07T06:31:35.8995978Z EARNED WALK END phase=materials purpose=material route target=(16.0, 0.894065, -28.0) tolerance=1.65 budget=1628 start_frame=9076 end_frame=9533 start_player=(37.01685, -1.78879, -18.69882) player=(17.64602, 0.882405, -28.08496) arrived=true distance=1.64821398258209
2026-10-07T06:31:35.8997296Z EARNED WALK START phase=materials purpose=material route target=(26.0, 0.98215, -44.0) tolerance=1.65 budget=1332 frame=9573 player=(17.19396, 0.88585, -28.06175)
2026-10-07T06:31:35.8998601Z EARNED WALK END phase=materials purpose=material route target=(26.0, 0.98215, -44.0) tolerance=1.65 budget=1332 start_frame=9573 end_frame=9947 start_player=(17.19396, 0.88585, -28.06175) player=(25.57138, 0.89388, -42.44124) arrived=true distance=1.61661493778229
2026-10-07T06:31:35.8999910Z EARNED WALK START phase=materials purpose=material route target=(40.5, -3.619068, -28.0) tolerance=1.65 budget=1530 frame=9979 player=(25.71255, 0.9239, -42.94759)
2026-10-07T06:31:35.9001231Z EARNED WALK END phase=materials purpose=material route target=(40.5, -3.619068, -28.0) tolerance=1.65 budget=1530 start_frame=9979 end_frame=10228 start_player=(25.71255, 0.9239, -42.94759) player=(39.38643, -3.184939, -29.13087) arrived=true distance=1.58710730075836
2026-10-07T06:31:35.9002649Z EARNED WALK START phase=materials purpose=material route target=(-8.0, 0.9, 8.0) tolerance=1.65 budget=3865 frame=10260 player=(39.78723, -3.340557, -28.72558)
2026-10-07T06:31:35.9004559Z EARNED WALK END phase=materials purpose=material route target=(-8.0, 0.9, 8.0) tolerance=1.65 budget=3865 start_frame=10260 end_frame=10982 start_player=(39.78723, -3.340557, -28.72558) player=(-6.693407, 0.900817, 6.996794) arrived=true distance=1.64730334281921
2026-10-07T06:31:35.9005925Z EARNED WALK START phase=materials purpose=material route target=(7.0, 0.9, -24.0) tolerance=1.65 budget=2292 frame=11015 player=(-6.987761, 0.900942, 7.2228)
2026-10-07T06:31:35.9007247Z EARNED WALK END phase=materials purpose=material route target=(7.0, 0.9, -24.0) tolerance=1.65 budget=2292 start_frame=11015 end_frame=11417 start_player=(-6.987761, 0.900942, 7.2228) player=(6.331064, 0.900779, -22.50684) arrived=true distance=1.63615846633911
2026-10-07T06:31:35.9008545Z EARNED WALK START phase=materials purpose=material route target=(-14.0, 1.025495, -8.0) tolerance=1.65 budget=1766 frame=11449 player=(6.550931, 0.900942, -22.99761)
2026-10-07T06:31:35.9009879Z EARNED WALK END phase=materials purpose=material route target=(-14.0, 1.025495, -8.0) tolerance=1.65 budget=1766 start_frame=11449 end_frame=11746 start_player=(6.550931, 0.900942, -22.99761) player=(-12.69408, 0.963125, -8.952559) arrived=true distance=1.61641526222229
2026-10-07T06:31:35.9011214Z EARNED WALK START phase=materials purpose=material route target=(22.0, 0.764756, -34.0) tolerance=1.65 budget=2829 frame=11777 player=(-12.98569, 0.978091, -8.739334)
2026-10-07T06:31:35.9012688Z EARNED WALK END phase=materials purpose=material route target=(22.0, 0.764756, -34.0) tolerance=1.65 budget=2829 start_frame=11777 end_frame=12463 start_player=(-12.98569, 0.978091, -8.739334) player=(21.57431, 0.750802, -32.45106) arrived=true distance=1.60637426376343
2026-10-07T06:31:35.9014010Z EARNED WALK START phase=materials purpose=material route target=(12.0, 0.9, -22.0) tolerance=1.65 budget=1110 frame=12504 player=(21.67286, 0.754281, -32.80698)
2026-10-07T06:31:35.9015443Z EARNED WALK END phase=materials purpose=material route target=(12.0, 0.9, -22.0) tolerance=1.65 budget=1110 start_frame=12504 end_frame=12668 start_player=(21.67286, 0.754281, -32.80698) player=(13.10319, 0.90083, -23.18807) arrived=true distance=1.62127459049225
2026-10-07T06:31:35.9016749Z EARNED WALK START phase=materials purpose=material route target=(34.0, -0.425958, -46.0) tolerance=1.65 budget=2120 frame=12709 player=(12.85067, 0.900942, -22.91612)
2026-10-07T06:31:35.9018188Z EARNED WALK END phase=materials purpose=material route target=(34.0, -0.425958, -46.0) tolerance=1.65 budget=2120 start_frame=12709 end_frame=13077 start_player=(12.85067, 0.900942, -22.91612) player=(32.92574, -0.269224, -44.811) arrived=true distance=1.60242140293121
2026-10-07T06:31:35.9019545Z EARNED WALK START phase=materials purpose=material route target=(59.01032, -0.417062, -53.53291) tolerance=1.65 budget=1860 frame=13113 player=(33.30397, -0.318786, -45.2247)
2026-10-07T06:31:35.9020945Z EARNED WALK END phase=materials purpose=material route target=(59.01032, -0.417062, -53.53291) tolerance=1.65 budget=1860 start_frame=13113 end_frame=14466 start_player=(33.30397, -0.318786, -45.2247) player=(60.221, -0.528233, -52.51773) arrived=true distance=1.57997810840607
2026-10-07T06:31:35.9022318Z EARNED WALK START phase=materials purpose=material route target=(60.07959, -0.40381, -54.45318) tolerance=1.5 budget=300 frame=14509 player=(59.93793, -0.488704, -52.75463)
2026-10-07T06:31:35.9023829Z EARNED WALK END phase=materials purpose=material route target=(60.07959, -0.40381, -54.45318) tolerance=1.5 budget=300 start_frame=14509 end_frame=14522 start_player=(59.93793, -0.488704, -52.75463) player=(59.95802, -0.465087, -52.99719) arrived=true distance=1.46105992794037
2026-10-07T06:31:35.9281197Z F18_EARNED_LOOP {"failures":[],"fixtures":false,"input":"parsed harness actions/joypad axes through production UI","receipts":[{"home_keys":1,"phase":"opening","transcript":["title interactive","answered the character-choice step","confirmed the configured trainer-name prefill","new game world entered","wake/Get Up complete","Grandpa briefing and pack complete","starter picker order [\"terrapup\", \"ripplet\", \"galewisp\"]; 0 ui_right press(es) to 'terrapup'","starter selected and named (terrapup, uid creature-f69801095f1c8c9f5aa313dde2359432)","Grandpa's first-catch supplies received (50 Basic Orbs)","Home Key lesson read through physical confirm (2 lines), personal acknowledgement applied","usable house/front doorway exited","engaged exact live target Wild_bramblebun_0_2 (bramblebun)","tutorial Bramblebun combat entered","Bramblebun naturally weakened to 28/105 HP","live catch begins with 50 earned orbs; no HP or inventory fixture","catch complete; exploration resumed with two-creature party"]},{"earned_basic_orbs":50,"home_keys":1,"hotbar":["home_key","","","",""],"owner":"character-f2cecfa2d1ab41282a3d73e75f31d864","phase":"earned_key_starting_bindings"},{"home_keys":1,"hotbar_before_drop":["home_key","","","",""],"hotbar_unchanged":true,"input":["inventory","backpack_drop","ui_accept"],"inventory_unchanged":true,"phase":"protected_drop","reason":"Keys stay with their owner."},{"catch_input":"combat_throw","catch_orb_source":"earned_inventory","home_keys":1,"hotbar_after_binding":["","","","","home_key"],"hotbar_before_binding":["home_key","","","",""],"input":"backpack_assign","inventory_unchanged":true,"owner":"character-f2cecfa2d1ab41282a3d73e75f31d864","phase":"key_binding","production_catch_orb":"orb_basic","slot":4,"starting_hotbar":["home_key","","","",""]},{"actual_safety":{},"binding":4,"channel_created":false,"dialogue":"","epoch":"61ae4fe2d0131a407181ae71292298f9","expected_reason":"Not during a fight.","home_keys":1,"input":"hotbar_5","lesson_layer":-1,"lesson_line":-1,"owner":"character-f2cecfa2d1ab41282a3d73e75f31d864","passed":true,"phase":"combat_key_refusal","portal_actions":[],"readable":true,"realm":"meadows","reason":"Not during a fight.","refusal_layer":21,"source":"/root/MeadowsPlayground/CombatManager","traversal_after":{},"traversal_before":{},"unchanged":true,"visibility_evidence":"structural visibility/layer observation; no rendered acceptance claim"},{"actual_position":"(14.23943, 1.258634, -38.12682)","phase":"village_start"},{"actual_position":"(22.69986, 0.662904, -30.48838)","arrived":true,"confined_resets":0,"grounded":true,"headings":[],"original_frame_budget":3600,"phase":"ordinary_walk","target":"(24.0, 1.0, -32.0)","unstick_count_after":0,"unstick_count_before":0},{"actual_position":"(-5.975502, 0.900843, 21.54727)","arrived":true,"confined_resets":0,"grounded":true,"headings":[],"original_frame_budget":10021,"phase":"ordinary_walk","target":"(-6.0, -0.423613, 22.0)","unstick_count_after":0,"unstick_count_before":0},{"before":{"stone":8,"wood":31},"phase":"paid_workbench","position":"(-6.0, 0.9, 18.0)"},{"actual_position":"(345.2092, 2.140941, 927.7108)","arrived":true,"confined_resets":0,"grounded":true,"headings":["(13.79, 0.0, 14.0)","(14.0, 0.0, 20.0)","(13.79, 0.85, 22.4)","(8.0, 0.0, 90.0)","(-40.0, 0.0, 180.0)","(-120.0, 0.0, 270.0)","(-230.0, 0.0, 330.0)","(-360.0, 0.0, 400.0)","(-430.0, 0.0, 508.0)","(-458.0, 0.0, 518.0)","(-466.0, 0.0, 540.0)","(-469.0, 0.0, 572.0)","(-443.0, 0.0, 600.0)","(-400.0, 0.0, 605.0)","(-345.0, 0.0, 610.0)","(-322.0, 0.0, 594.0)","(-190.0, 0.0, 650.0)","(-50.0, 0.0, 700.0)","(90.0, 0.0, 760.0)","(230.0, 0.0, 830.0)","(360.0, 0.0, 910.0)"],"original_frame_budget":97293,"phase":"ordinary_walk","target":"(344.3, 1.983212, 929.6)","unstick_count_after":0,"unstick_count_before":0},{"phase":"deep_touch","position":"(345.2088, 2.140985, 927.7106)","waystone":"meadows_trail_camp"},{"after":{"actor":{"contact_generation":37624,"contact_position":[96.1999969482422,0.910941302776337,14.0],"instance_id":475600521656,"on_floor":true,"physics_processing":true,"position":[96.1999969482422,0.910941302776337,14.0],"present":true,"unstick_count":0},"arrival":{"contact_generation":null,"fields":[],"journal_started":null,"pending":false,"present":true,"save_wait_notified":null,"seated":null},"character_id":"character-f2cecfa2d1ab41282a3d73e75f31d864","home_keys":1,"input_owner":"","key":{"elapsed_seconds":2.176,"fading":false,"pending":"","phase":"idle","use_id":""},"pending_realm_entry":"","physics_frame":38176,"portal_requests":[],"process_frame":17705,"realm":"meadows","realm_scene_ready":true,"scene":"res://scenes/world/meadows_playground.tscn","scene_instance":475499858328},"before":{"actor":{"contact_generation":37464,"contact_position":[345.208831787109,2.14098525047302,927.710632324219],"instance_id":475600521656,"on_floor":true,"physics_processing":true,"position":[345.208831787109,2.14098525047302,927.710632324219],"present":true,"unstick_count":0},"arrival":{"contact_generation":null,"fields":[],"journal_started":null,"pending":false,"present":true,"save_wait_notified":null,"seated":null},"character_id":"character-f2cecfa2d1ab41282a3d73e75f31d864","home_keys":1,"input_owner":"","key":{"elapsed_seconds":0.0,"fading":false,"pending":"","phase":"idle","use_id":""},"pending_realm_entry":"","physics_frame":38008,"portal_requests":[],"process_frame":17674,"realm":"meadows","realm_scene_ready":true,"scene":"res://scenes/world/meadows_playground.tscn","scene_instance":475499858328},"driver_result":{"arrival_applied":true,"arrived":true,"character_id":"character-f2cecfa2d1ab41282a3d73e75f31d864","durable":true,"kind":"home_key_finish","ok":true,"permit_id":"travel:fb6aca246fb06f6df10d5adef2910632:character-f2cecfa2d1ab41282a3d73e75f31d864:2","reason":"","request_id":"61ae4fe2d0131a407181ae71292298f9:3","saved":true,"session_epoch":"61ae4fe2d0131a407181ae71292298f9","world_instance_id":"fb6aca246fb06f6df10d5adef2910632"},"observer":"read-only before/after; no additional await or input","original_process_frame_budget":7200,"passed":true,"phase":"actual_home_key_completion"},{"actual_safety":{"combat":false,"cutscene":true,"dialogue":false},"binding":4,"channel_created":false,"dialogue":"","epoch":"61ae4fe2d0131a407181ae71292298f9","expected_reason":"Wait until the scene finishes.","home_keys":1,"input":"hotbar_5","lesson_layer":30,"lesson_line":0,"owner":"character-f2cecfa2d1ab41282a3d73e75f31d864","passed":true,"phase":"cutscene_key_refusal","portal_actions":[],"readable":true,"realm":"meadows","reason":"Wait until the scene finishes.","refusal_layer":31,"source":"/root/Game/OnboardingLessons/@CanvasLayer@67457","traversal_after":{},"traversal_before":{},"unchanged":true,"visibility_evidence":"structural visibility/layer observation; no rendered acceptance claim"},{"confirmed_lines":2,"conversation":"lesson_home_key","epoch":"61ae4fe2d0131a407181ae71292298f9","flags_unchanged":true,"input":["inventory","menu_tab_right","ui_accept","hotbar_5","menu_confirm"],"lesson":"home_key","owner":"character-f2cecfa2d1ab41282a3d73e75f31d864","passed":true,"phase":"settings_home_key_replay","released":true,"transaction_receipts_unchanged":true,"unchanged":true},{"actual_safety":{},"binding":4,"channel_created":false,"dialogue":"village_mira_shop_intro","epoch":"61ae4fe2d0131a407181ae71292298f9","expected_reason":"Finish the conversation first.","home_keys":1,"input":"hotbar_5","lesson_layer":-1,"lesson_line":-1,"owner":"character-f2cecfa2d1ab41282a3d73e75f31d864","passed":true,"phase":"dialogue_key_refusal","portal_actions":[],"readable":true,"realm":"meadows","reason":"Finish the conversation first.","refusal_layer":21,"source":"/root/MeadowsPlayground/DialoguePanel","traversal_after":{},"traversal_before":{},"unchanged":true,"visibility_evidence":"structural visibility/layer observation; no rendered acceptance claim"},{"character":"character-f2cecfa2d1ab41282a3d73e75f31d864","elapsed_physics_frames":0,"elapsed_process_frames":0,"final":{"holder_open":true,"holder_owns_input":false,"holder_path":"/root/ShopPanel","holder_script":"res://scripts/ui/shop_panel.gd","interact_just_pressed":false,"interact_pressed":false,"panel_open":true,"panel_path":"/root/ShopPanel","physics_frame":3923,"process_frame":2549,"vendor":"mira"},"initial":{"holder_open":true,"holder_owns_input":false,"holder_path":"/root/ShopPanel","holder_script":"res://scripts/ui/shop_panel.gd","interact_just_pressed":false,"interact_pressed":false,"panel_open":true,"panel_path":"/root/ShopPanel","physics_frame":3923,"process_frame":2549,"vendor":"mira"},"original_process_budget":90,"passed":true,"phase":"earned_shop_input_handoff"},{"attempted_sale":false,"home_key_in_traded_ids":false,"home_key_name":"Home Key","home_keys":1,"inventory_unchanged":true,"passed":true,"phase":"shop_key_offer_absent","reachable_sell_offers":["Fiber x25","Berries x5","Orb x49","Small Potion x3","Revive x10"],"vendor":"mira","vendor_buys_home_key":false,"visible_sell_labels":["Fiber x25","+1","Berries x5","+2","Orb x49","+7","Small Potion x3","+9","Revive x10","+26"]},{"assignment_presses":[{"action":"backpack_assign","after":{"action_just_pressed":false,"action_pressed":false,"gui_focus":"/root/Game/GameMenu/Root/Frame/Panel/Body/Content/@VBoxContainer@4/@HBoxContainer@69560/@PanelContainer@69596/@VBoxContainer@69595/@GridContainer@69594/@Button@69697","gui_inventory_slot":13,"gui_stack":{"id":"hammer","n":1},"hotbar":["hammer","","","","home_key"],"menu_open":true,"physics_frame":4318,"process_frame":2808,"selected_slot":13,"selected_stack":{"id":"hammer","n":1},"status":"Hammer on slot 1.","tab":"backpack"},"before":{"action_just_pressed":false,"action_pressed":false,"gui_focus":"/root/Game/GameMenu/Root/Frame/Panel/Body/Content/@VBoxContainer@4/@HBoxContainer@69560/@PanelContainer@69596/@VBoxContainer@69595/@GridContainer@69594/@Button@69697","gui_inventory_slot":13,"gui_stack":{"id":"hammer","n":1},"hotbar":["","","","","home_key"],"menu_open":true,"physics_frame":4310,"process_frame":2790,"selected_slot":13,"selected_stack":{"id":"hammer","n":1},"status":"","tab":"backpack"},"edges":[{"event":"Joypad Button 7 (Left Stick, Sony L3, Xbox L/LS)","observed":{"action_just_pressed":false,"action_pressed":true,"gui_focus":"/root/Game/GameMenu/Root/Frame/Panel/Body/Content/@VBoxContainer@4/@HBoxContainer@69560/@PanelContainer@69596/@VBoxContainer@69595/@GridContainer@69594/@Button@69697","gui_inventory_slot":13,"gui_stack":{"id":"hammer","n":1},"hotbar":["hammer","","","","home_key"],"menu_open":true,"physics_frame":4313,"process_frame":2797,"selected_slot":13,"selected_stack":{"id":"hammer","n":1},"status":"Hammer on slot 1.","tab":"backpack"},"physics_start":4310,"pressed":true},{"event":"Joypad Button 7 (Left Stick, Sony L3, Xbox L/LS)","observed":{"action_just_pressed":false,"action_pressed":false,"gui_focus":"/root/Game/GameMenu/Root/Frame/Panel/Body/Content/@VBoxContainer@4/@HBoxContainer@69560/@PanelContainer@69596/@VBoxContainer@69595/@GridContainer@69594/@Button@69697","gui_inventory_slot":13,"gui_stack":{"id":"hammer","n":1},"hotbar":["hammer","","","","home_key"],"menu_open":true,"physics_frame":4318,"process_frame":2808,"selected_slot":13,"selected_stack":{"id":"hammer","n":1},"status":"Hammer on slot 1.","tab":"backpack"},"physics_start":4313,"pressed":false}]},{"action":"backpack_assign","after":{"action_just_pressed":false,"action_pressed":false,"gui_focus":"/root/Game/GameMenu/Root/Frame/Panel/Body/Content/@VBoxContainer@4/@HBoxContainer@69560/@PanelContainer@69596/@VBoxContainer@69595/@GridContainer@69594/@Button@69697","gui_inventory_slot":13,"gui_stack":{"id":"hammer","n":1},"hotbar":["","hammer","","","home_key"],"menu_open":true,"physics_frame":4326,"process_frame":2828,"selected_slot":13,"selected_stack":{"id":"hammer","n":1},"status":"Hammer on slot 2.","tab":"backpack"},"before":{"action_just_pressed":false,"action_pressed":false,"gui_focus":"/root/Game/GameMenu/Root/Frame/Panel/Body/Content/@VBoxContainer@4/@HBoxContainer@69560/@PanelContainer@69596/@VBoxContainer@69595/@GridContainer@69594/@Button@69697","gui_inventory_slot":13,"gui_stack":{"id":"hammer","n":1},"hotbar":["hammer","","","","home_key"],"menu_open":true,"physics_frame":4318,"process_frame":2808,"selected_slot":13,"selected_stack":{"id":"hammer","n":1},"status":"Hammer on slot 1.","tab":"backpack"},"edges":[{"event":"Joypad Button 7 (Left Stick, Sony L3, Xbox L/LS)","observed":{"action_just_pressed":false,"action_pressed":true,"gui_focus":"/root/Game/GameMenu/Root/Frame/Panel/Body/Content/@VBoxContainer@4/@HBoxContainer@69560/@PanelContainer@69596/@VBoxContainer@69595/@GridContainer@69594/@Button@69697","gui_inventory_slot":13,"gui_stack":{"id":"hammer","n":1},"hotbar":["","hammer","","","home_key"],"menu_open":true,"physics_frame":4321,"process_frame":2816,"selected_slot":13,"selected_stack":{"id":"hammer","n":1},"status":"Hammer on slot 2.","tab":"backpack"},"physics_start":4318,"pressed":true},{"event":"Joypad Button 7 (Left Stick, Sony L3, Xbox L/LS)","observed":{"action_just_pressed":false,"action_pressed":false,"gui_focus":"/root/Game/GameMenu/Root/Frame/Panel/Body/Content/@VBoxContainer@4/@HBoxContainer@69560/@PanelContainer@69596/@VBoxContainer@69595/@GridContainer@69594/@Button@69697","gui_inventory_slot":13,"gui_stack":{"id":"hammer","n":1},"hotbar":["","hammer","","","home_key"],"menu_open":true,"physics_frame":4326,"process_frame":2828,"selected_slot":13,"selected_stack":{"id":"hammer","n":1},"status":"Hammer on slot 2.","tab":"backpack"},"physics_start":4321,"pressed":false}]},{"action":"backpack_assign","after":{"action_just_pressed":false,"action_pressed":false,"gui_focus":"/root/Game/GameMenu/Root/Frame/Panel/Body/Content/@VBoxContainer@4/@HBoxContainer@69560/@PanelContainer@69596/@VBoxContainer@69595/@GridContainer@69594/@Button@69697","gui_inventory_slot":13,"gui_stack":{"id":"hammer","n":1},"hotbar":["","","hammer","","home_key"],"menu_open":true,"physics_frame":4334,"process_frame":2846,"selected_slot":13,"selected_stack":{"id":"hammer","n":1},"status":"Hammer on slot 3.","tab":"backpack"},"before":{"action_just_pressed":false,"action_pressed":false,"gui_focus":"/root/Game/GameMenu/Root/Frame/Panel/Body/Content/@VBoxContainer@4/@HBoxContainer@69560/@PanelContainer@69596/@VBoxContainer@69595/@GridContainer@69594/@Button@69697","gui_inventory_slot":13,"gui_stack":{"id":"hammer","n":1},"hotbar":["","hammer","","","home_key"],"menu_open":true,"physics_frame":4326,"process_frame":2828,"selected_slot":13,"selected_stack":{"id":"hammer","n":1},"status":"Hammer on slot 2.","tab":"backpack"},"edges":[{"event":"Joypad Button 7 (Left Stick, Sony L3, Xbox L/LS)","observed":{"action_just_pressed":false,"action_pressed":true,"gui_focus":"/root/Game/GameMenu/Root/Frame/Panel/Body/Content/@VBoxContainer@4/@HBoxContainer@69560/@PanelContainer@69596/@VBoxContainer@69595/@GridContainer@69594/@Button@69697","gui_inventory_slot":13,"gui_stack":{"id":"hammer","n":1},"hotbar":["","","hammer","","home_key"],"menu_open":true,"physics_frame":4329,"process_frame":2835,"selected_slot":13,"selected_stack":{"id":"hammer","n":1},"status":"Hammer on slot 3.","tab":"backpack"},"physics_start":4326,"pressed":true},{"event":"Joypad Button 7 (Left Stick, Sony L3, Xbox L/LS)","observed":{"action_just_pressed":false,"action_pressed":false,"gui_focus":"/root/Game/GameMenu/Root/Frame/Panel/Body/Content/@VBoxContainer@4/@HBoxContainer@69560/@PanelContainer@69596/@VBoxContainer@69595/@GridContainer@69594/@Button@69697","gui_inventory_slot":13,"gui_stack":{"id":"hammer","n":1},"hotbar":["","","hammer","","home_key"],"menu_open":true,"physics_frame":4334,"process_frame":2846,"selected_slot":13,"selected_stack":{"id":"hammer","n":1},"status":"Hammer on slot 3.","tab":"backpack"},"physics_start":4329,"pressed":false}]},{"action":"backpack_assign","after":{"action_just_pressed":false,"action_pressed":false,"gui_focus":"/root/Game/GameMenu/Root/Frame/Panel/Body/Content/@VBoxContainer@4/@HBoxContainer@69560/@PanelContainer@69596/@VBoxContainer@69595/@GridContainer@69594/@Button@69697","gui_inventory_slot":13,"gui_stack":{"id":"hammer","n":1},"hotbar":["","","","hammer","home_key"],"menu_open":true,"physics_frame":4342,"process_frame":2866,"selected_slot":13,"selected_stack":{"id":"hammer","n":1},"status":"Hammer on slot 4.","tab":"backpack"},"before":{"action_just_pressed":false,"action_pressed":false,"gui_focus":"/root/Game/GameMenu/Root/Frame/Panel/Body/Content/@VBoxContainer@4/@HBoxContainer@69560/@PanelContainer@69596/@VBoxContainer@69595/@GridContainer@69594/@Button@69697","gui_inventory_slot":13,"gui_stack":{"id":"hammer","n":1},"hotbar":["","","hammer","","home_key"],"menu_open":true,"physics_frame":4334,"process_frame":2846,"selected_slot":13,"selected_stack":{"id":"hammer","n":1},"status":"Hammer on slot 3.","tab":"backpack"},"edges":[{"event":"Joypad Button 7 (Left Stick, Sony L3, Xbox L/LS)","observed":{"action_just_pressed":false,"action_pressed":true,"gui_focus":"/root/Game/GameMenu/Root/Frame/Panel/Body/Content/@VBoxContainer@4/@HBoxContainer@69560/@PanelContainer@69596/@VBoxContainer@69595/@GridContainer@69594/@Button@69697","gui_inventory_slot":13,"gui_stack":{"id":"hammer","n":1},"hotbar":["","","","hammer","home_key"],"menu_open":true,"physics_frame":4337,"process_frame":2854,"selected_slot":13,"selected_stack":{"id":"hammer","n":1},"status":"Hammer on slot 4.","tab":"backpack"},"physics_start":4334,"pressed":true},{"event":"Joypad Button 7 (Left Stick, Sony L3, Xbox L/LS)","observed":{"action_just_pressed":false,"action_pressed":false,"gui_focus":"/root/Game/GameMenu/Root/Frame/Panel/Body/Content/@VBoxContainer@4/@HBoxContainer@69560/@PanelContainer@69596/@VBoxContainer@69595/@GridContainer@69594/@Button@69697","gui_inventory_slot":13,"gui_stack":{"id":"hammer","n":1},"hotbar":["","","","hammer","home_key"],"menu_open":true,"physics_frame":4342,"process_frame":2866,"selected_slot":13,"selected_stack":{"id":"hammer","n":1},"status":"Hammer on slot 4.","tab":"backpack"},"physics_start":4337,"pressed":false}]},{"action":"backpack_assign","after":{"action_just_pressed":false,"action_pressed":false,"gui_focus":"/root/Game/GameMenu/Root/Frame/Panel/Body/Content/@VBoxContainer@4/@HBoxContainer@69560/@PanelContainer@69596/@VBoxContainer@69595/@GridContainer@69594/@Button@69685","gui_inventory_slot":11,"gui_stack":{"id":"knife","n":1},"hotbar":["knife","","","hammer","home_key"],"menu_open":true,"physics_frame":4390,"process_frame":2978,"selected_slot":11,"selected_stack":{"id":"knife","n":1},"status":"Knife on slot 1.","tab":"backpack"},"before":{"action_just_pressed":false,"action_pressed":false,"gui_focus":"/root/Game/GameMenu/Root/Frame/Panel/Body/Content/@VBoxContainer@4/@HBoxContainer@69560/@PanelContainer@69596/@VBoxContainer@69595/@GridContainer@69594/@Button@69685","gui_inventory_slot":11,"gui_stack":{"id":"knife","n":1},"hotbar":["","","","hammer","home_key"],"menu_open":true,"physics_frame":4382,"process_frame":2959,"selected_slot":11,"selected_stack":{"id":"knife","n":1},"status":"Hammer on slot 4.","tab":"backpack"},"edges":[{"event":"Joypad Button 7 (Left Stick, Sony L3, Xbox L/LS)","observed":{"action_just_pressed":false,"action_pressed":true,"gui_focus":"/root/Game/GameMenu/Root/Frame/Panel/Body/Content/@VBoxContainer@4/@HBoxContainer@69560/@PanelContainer@69596/@VBoxContainer@69595/@GridContainer@69594/@Button@69685","gui_inventory_slot":11,"gui_stack":{"id":"knife","n":1},"hotbar":["knife","","","hammer","home_key"],"menu_open":true,"physics_frame":4385,"process_frame":2966,"selected_slot":11,"selected_stack":{"id":"knife","n":1},"status":"Knife on slot 1.","tab":"backpack"},"physics_start":4382,"pressed":true},{"event":"Joypad Button 7 (Left Stick, Sony L3, Xbox L/LS)","observed":{"action_just_pressed":false,"action_pressed":false,"gui_focus":"/root/Game/GameMenu/Root/Frame/Panel/Body/Content/@VBoxContainer@4/@HBoxContainer@69560/@PanelContainer@69596/@VBoxContainer@69595/@GridContainer@69594/@Button@69685","gui_inventory_slot":11,"gui_stack":{"id":"knife","n":1},"hotbar":["knife","","","hammer","home_key"],"menu_open":true,"physics_frame":4390,"process_frame":2978,"selected_slot":11,"selected_stack":{"id":"knife","n":1},"status":"Knife on slot 1.","tab":"backpack"},"physics_start":4385,"pressed":false}]},{"action":"backpack_assign","after":{"action_just_pressed":false,"action_pressed":false,"gui_focus":"/root/Game/GameMenu/Root/Frame/Panel/Body/Content/@VBoxContainer@4/@HBoxContainer@69560/@PanelContainer@69596/@VBoxContainer@69595/@GridContainer@69594/@Button@69685","gui_inventory_slot":11,"gui_stack":{"id":"knife","n":1},"hotbar":["","knife","","hammer","home_key"],"menu_open":true,"physics_frame":4398,"process_frame":2997,"selected_slot":11,"selected_stack":{"id":"knife","n":1},"status":"Knife on slot 2.","tab":"backpack"},"before":{"action_just_pressed":false,"action_pressed":false,"gui_focus":"/root/Game/GameMenu/Root/Frame/Panel/Body/Content/@VBoxContainer@4/@HBoxContainer@69560/@PanelContainer@69596/@VBoxContainer@69595/@GridContainer@69594/@Button@69685","gui_inventory_slot":11,"gui_stack":{"id":"knife","n":1},"hotbar":["knife","","","hammer","home_key"],"menu_open":true,"physics_frame":4390,"process_frame":2978,"selected_slot":11,"selected_stack":{"id":"knife","n":1},"status":"Knife on slot 1.","tab":"backpack"},"edges":[{"event":"Joypad Button 7 (Left Stick, Sony L3, Xbox L/LS)","observed":{"action_just_pressed":false,"action_pressed":true,"gui_focus":"/root/Game/GameMenu/Root/Frame/Panel/Body/Content/@VBoxContainer@4/@HBoxContainer@69560/@PanelContainer@69596/@VBoxContainer@69595/@GridContainer@69594/@Button@69685","gui_inventory_slot":11,"gui_stack":{"id":"knife","n":1},"hotbar":["","knife","","hammer","home_key"],"menu_open":true,"physics_frame":4393,"process_frame":2985,"selected_slot":11,"selected_stack":{"id":"knife","n":1},"status":"Knife on slot 2.","tab":"backpack"},"physics_start":4390,"pressed":true},{"event":"Joypad Button 7 (Left Stick, Sony L3, Xbox L/LS)","observed":{"action_just_pressed":false,"action_pressed":false,"gui_focus":"/root/Game/GameMenu/Root/Frame/Panel/Body/Content/@VBoxContainer@4/@HBoxContainer@69560/@PanelContainer@69596/@VBoxContainer@69595/@GridContainer@69594/@Button@69685","gui_inventory_slot":11,"gui_stack":{"id":"knife","n":1},"hotbar":["","knife","","hammer","home_key"],"menu_open":true,"physics_frame":4398,"process_frame":2997,"selected_slot":11,"selected_stack":{"id":"knife","n":1},"status":"Knife on slot 2.","tab":"backpack"},"physics_start":4393,"pressed":false}]},{"action":"backpack_assign","after":{"action_just_pressed":false,"action_pressed":false,"gui_focus":"/root/Game/GameMenu/Root/Frame/Panel/Body/Content/@VBoxContainer@4/@HBoxContainer@69560/@PanelContainer@69596/@VBoxContainer@69595/@GridContainer@69594/@Button@69685","gui_inventory_slot":11,"gui_stack":{"id":"knife","n":1},"hotbar":["","","knife","hammer","home_key"],"menu_open":true,"physics_frame":4406,"process_frame":3017,"selected_slot":11,"selected_stack":{"id":"knife","n":1},"status":"Knife on slot 3.","tab":"backpack"},"before":{"action_just_pressed":false,"action_pressed":false,"gui_focus":"/root/Game/GameMenu/Root/Frame/Panel/Body/Content/@VBoxContainer@4/@HBoxContainer@69560/@PanelContainer@69596/@VBoxContainer@69595/@GridContainer@69594/@Button@69685","gui_inventory_slot":11,"gui_stack":{"id":"knife","n":1},"hotbar":["","knife","","hammer","home_key"],"menu_open":true,"physics_frame":4398,"process_frame":2997,"selected_slot":11,"selected_stack":{"id":"knife","n":1},"status":"Knife on slot 2.","tab":"backpack"},"edges":[{"event":"Joypad Button 7 (Left Stick, Sony L3, Xbox L/LS)","observed":{"action_just_pressed":false,"action_pressed":true,"gui_focus":"/root/Game/GameMenu/Root/Frame/Panel/Body/Content/@VBoxContainer@4/@HBoxContainer@69560/@PanelContainer@69596/@VBoxContainer@69595/@GridContainer@69594/@Button@69685","gui_inventory_slot":11,"gui_stack":{"id":"knife","n":1},"hotbar":["","","knife","hammer","home_key"],"menu_open":true,"physics_frame":4401,"process_frame":3005,"selected_slot":11,"selected_stack":{"id":"knife","n":1},"status":"Knife on slot 3.","tab":"backpack"},"physics_start":4398,"pressed":true},{"event":"Joypad Button 7 (Left Stick, Sony L3, Xbox L/LS)","observed":{"action_just_pressed":false,"action_pressed":false,"gui_focus":"/root/Game/GameMenu/Root/Frame/Panel/Body/Content/@VBoxContainer@4/@HBoxContainer@69560/@PanelContainer@69596/@VBoxContainer@69595/@GridContainer@69594/@Button@69685","gui_inventory_slot":11,"gui_stack":{"id":"knife","n":1},"hotbar":["","","knife","hammer","home_key"],"menu_open":true,"physics_frame":4406,"process_frame":3017,"selected_slot":11,"selected_stack":{"id":"knife","n":1},"status":"Knife on slot 3.","tab":"backpack"},"physics_start":4401,"pressed":false}]},{"action":"backpack_assign","after":{"action_just_pressed":false,"action_pressed":false,"gui_focus":"/root/Game/GameMenu/Root/Frame/Panel/Body/Content/@VBoxContainer@4/@HBoxContainer@69560/@PanelContainer@69596/@VBoxContainer@69595/@GridContainer@69594/@Button@69667","gui_inventory_slot":8,"gui_stack":{"id":"pickaxe","n":1},"hotbar":["pickaxe","","knife","hammer","home_key"],"menu_open":true,"physics_frame":4438,"process_frame":3093,"selected_slot":8,"selected_stack":{"id":"pickaxe","n":1},"status":"Pickaxe on slot 1.","tab":"backpack"},"before":{"action_just_pressed":false,"action_pressed":false,"gui_focus":"/root/Game/GameMenu/Root/Frame/Panel/Body/Content/@VBoxContainer@4/@HBoxContainer@69560/@PanelContainer@69596/@VBoxContainer@69595/@GridContainer@69594/@Button@69667","gui_inventory_slot":8,"gui_stack":{"id":"pickaxe","n":1},"hotbar":["","","knife","hammer","home_key"],"menu_open":true,"physics_frame":4430,"process_frame":3074,"selected_slot":8,"selected_stack":{"id":"pickaxe","n":1},"status":"Knife on slot 3.","tab":"backpack"},"edges":[{"event":"Joypad Button 7 (Left Stick, Sony L3, Xbox L/LS)","observed":{"action_just_pressed":false,"action_pressed":true,"gui_focus":"/root/Game/GameMenu/Root/Frame/Panel/Body/Content/@VBoxContainer@4/@HBoxContainer@69560/@PanelContainer@69596/@VBoxContainer@69595/@GridContainer@69594/@Button@69667","gui_inventory_slot":8,"gui_stack":{"id":"pickaxe","n":1},"hotbar":["pickaxe","","knife","hammer","home_key"],"menu_open":true,"physics_frame":4433,"process_frame":3081,"selected_slot":8,"selected_stack":{"id":"pickaxe","n":1},"status":"Pickaxe on slot 1.","tab":"backpack"},"physics_start":4430,"pressed":true},{"event":"Joypad Button 7 (Left Stick, Sony L3, Xbox L/LS)","observed":{"action_just_pressed":false,"action_pressed":false,"gui_focus":"/root/Game/GameMenu/Root/Frame/Panel/Body/Content/@VBoxContainer@4/@HBoxContainer@69560/@PanelContainer@69596/@VBoxContainer@69595/@GridContainer@69594/@Button@69667","gui_inventory_slot":8,"gui_stack":{"id":"pickaxe","n":1},"hotbar":["pickaxe","","knife","hammer","home_key"],"menu_open":true,"physics_frame":4438,"process_frame":3093,"selected_slot":8,"selected_stack":{"id":"pickaxe","n":1},"status":"Pickaxe on slot 1.","tab":"backpack"},"physics_start":4433,"pressed":false}]},{"action":"backpack_assign","after":{"action_just_pressed":false,"action_pressed":false,"gui_focus":"/root/Game/GameMenu/Root/Frame/Panel/Body/Content/@VBoxContainer@4/@HBoxContainer@69560/@PanelContainer@69596/@VBoxContainer@69595/@GridContainer@69594/@Button@69667","gui_inventory_slot":8,"gui_stack":{"id":"pickaxe","n":1},"hotbar":["","pickaxe","knife","hammer","home_key"],"menu_open":true,"physics_frame":4446,"process_frame":3112,"selected_slot":8,"selected_stack":{"id":"pickaxe","n":1},"status":"Pickaxe on slot 2.","tab":"backpack"},"before":{"action_just_pressed":false,"action_pressed":false,"gui_focus":"/root/Game/GameMenu/Root/Frame/Panel/Body/Content/@VBoxContainer@4/@HBoxContainer@69560/@PanelContainer@69596/@VBoxContainer@69595/@GridContainer@69594/@Button@69667","gui_inventory_slot":8,"gui_stack":{"id":"pickaxe","n":1},"hotbar":["pickaxe","","knife","hammer","home_key"],"menu_open":true,"physics_frame":4438,"process_frame":3093,"selected_slot":8,"selected_stack":{"id":"pickaxe","n":1},"status":"Pickaxe on slot 1.","tab":"backpack"},"edges":[{"event":"Joypad Button 7 (Left Stick, Sony L3, Xbox L/LS)","observed":{"action_just_pressed":false,"action_pressed":true,"gui_focus":"/root/Game/GameMenu/Root/Frame/Panel/Body/Content/@VBoxContainer@4/@HBoxContainer@69560/@PanelContainer@69596/@VBoxContainer@69595/@GridContainer@69594/@Button@69667","gui_inventory_slot":8,"gui_stack":{"id":"pickaxe","n":1},"hotbar":["","pickaxe","knife","hammer","home_key"],"menu_open":true,"physics_frame":4441,"process_frame":3100,"selected_slot":8,"selected_stack":{"id":"pickaxe","n":1},"status":"Pickaxe on slot 2.","tab":"backpack"},"physics_start":4438,"pressed":true},{"event":"Joypad Button 7 (Left Stick, Sony L3, Xbox L/LS)","observed":{"action_just_pressed":false,"action_pressed":false,"gui_focus":"/root/Game/GameMenu/Root/Frame/Panel/Body/Content/@VBoxContainer@4/@HBoxContainer@69560/@PanelContainer@69596/@VBoxContainer@69595/@GridContainer@69594/@Button@69667","gui_inventory_slot":8,"gui_stack":{"id":"pickaxe","n":1},"hotbar":["","pickaxe","knife","hammer","home_key"],"menu_open":true,"physics_frame":4446,"process_frame":3112,"selected_slot":8,"selected_stack":{"id":"pickaxe","n":1},"status":"Pickaxe on slot 2.","tab":"backpack"},"physics_start":4441,"pressed":false}]},{"action":"backpack_assign","after":{"action_just_pressed":false,"action_pressed":false,"gui_focus":"/root/Game/GameMenu/Root/Frame/Panel/Body/Content/@VBoxContainer@4/@HBoxContainer@69560/@PanelContainer@69596/@VBoxContainer@69595/@GridContainer@69594/@Button@69661","gui_inventory_slot":7,"gui_stack":{"id":"axe","n":1},"hotbar":["axe","pickaxe","knife","hammer","home_key"],"menu_open":true,"physics_frame":4462,"process_frame":3150,"selected_slot":7,"selected_stack":{"id":"axe","n":1},"status":"Axe on slot 1.","tab":"backpack"},"before":{"action_just_pressed":false,"action_pressed":false,"gui_focus":"/root/Game/GameMenu/Root/Frame/Panel/Body/Content/@VBoxContainer@4/@HBoxContainer@69560/@PanelContainer@69596/@VBoxContainer@69595/@GridContainer@69594/@Button@69661","gui_inventory_slot":7,"gui_stack":{"id":"axe","n":1},"hotbar":["","pickaxe","knife","hammer","home_key"],"menu_open":true,"physics_frame":4454,"process_frame":3131,"selected_slot":7,"selected_stack":{"id":"axe","n":1},"status":"Pickaxe on slot 2.","tab":"backpack"},"edges":[{"event":"Joypad Button 7 (Left Stick, Sony L3, Xbox L/LS)","observed":{"action_just_pressed":false,"action_pressed":true,"gui_focus":"/root/Game/GameMenu/Root/Frame/Panel/Body/Content/@VBoxContainer@4/@HBoxContainer@69560/@PanelContainer@69596/@VBoxContainer@69595/@GridContainer@69594/@Button@69661","gui_inventory_slot":7,"gui_stack":{"id":"axe","n":1},"hotbar":["axe","pickaxe","knife","hammer","home_key"],"menu_open":true,"physics_frame":4457,"process_frame":3138,"selected_slot":7,"selected_stack":{"id":"axe","n":1},"status":"Axe on slot 1.","tab":"backpack"},"physics_start":4454,"pressed":true},{"event":"Joypad Button 7 (Left Stick, Sony L3, Xbox L/LS)","observed":{"action_just_pressed":false,"action_pressed":false,"gui_focus":"/root/Game/GameMenu/Root/Frame/Panel/Body/Content/@VBoxContainer@4/@HBoxContainer@69560/@PanelContainer@69596/@VBoxContainer@69595/@GridContainer@69594/@Button@69661","gui_inventory_slot":7,"gui_stack":{"id":"axe","n":1},"hotbar":["axe","pickaxe","knife","hammer","home_key"],"menu_open":true,"physics_frame":4462,"process_frame":3150,"selected_slot":7,"selected_stack":{"id":"axe","n":1},"status":"Axe on slot 1.","tab":"backpack"},"physics_start":4457,"pressed":false}]}],"final":{"action_just_pressed":false,"action_pressed":false,"gui_focus":"","gui_inventory_slot":-1,"gui_stack":{},"hotbar":["axe","pickaxe","knife","hammer","home_key"],"menu_open":false,"physics_frame":4496,"process_frame":3168,"selected_slot":7,"selected_stack":{"id":"axe","n":1},"status":"","tab":"backpack"},"home_key_slot":4,"initial":{"action_just_pressed":false,"action_pressed":false,"gui_focus":"","gui_inventory_slot":-1,"gui_stack":{},"hotbar":["","","","","home_key"],"menu_open":false,"physics_frame":4278,"process_frame":2745,"selected_slot":0,"selected_stack":{"id":"home_key","n":1},"status":"","tab":"settings"},"input":"actual InputMap joypad edges, each flushed through a process frame; original 3/5 physics minima","inventory_unchanged":true,"original_cycle_bound":6,"passed":true,"phase":"earned_tool_bindings"},{"character":"character-f2cecfa2d1ab41282a3d73e75f31d864","elapsed_physics_frames":0,"elapsed_process_frames":0,"final":{"holder_open":true,"holder_owns_input":false,"holder_path":"/root/ShopPanel","holder_script":"res://scripts/ui/shop_panel.gd","interact_just_pressed":false,"interact_pressed":false,"panel_open":true,"panel_path":"/root/ShopPanel","physics_frame":8252,"process_frame":4864,"vendor":"bram"},"initial":{"holder_open":true,"holder_owns_input":false,"holder_path":"/root/ShopPanel","holder_script":"res://scripts/ui/shop_panel.gd","interact_just_pressed":false,"interact_pressed":false,"panel_open":true,"panel_path":"/root/ShopPanel","physics_frame":8252,"process_frame":4864,"vendor":"bram"},"original_process_budget":90,"passed":true,"phase":"earned_shop_input_handoff"},{"attempted_sale":false,"home_key_in_traded_ids":false,"home_key_name":"Home Key","home_keys":1,"inventory_unchanged":true,"passed":true,"phase":"shop_key_offer_absent","reachable_sell_offers":["Berries x5"],"vendor":"bram","vendor_buys_home_key":false,"visible_sell_labels":["Berries x5","+2"]},{"character":"character-f2cecfa2d1ab41282a3d73e75f31d864","elapsed_physics_frames":0,"elapsed_process_frames":0,"final":{"holder_open":true,"holder_owns_input":false,"holder_path":"/root/ShopPanel","holder_script":"res://scripts/ui/shop_panel.gd","interact_just_pressed":false,"interact_pressed":false,"panel_open":true,"panel_path":"/root/ShopPanel","physics_frame":8349,"process_frame":4924,"vendor":"bram"},"initial":{"holder_open":true,"holder_owns_input":false,"holder_path":"/root/ShopPanel","holder_script":"res://scripts/ui/shop_panel.gd","interact_just_pressed":false,"interact_pressed":false,"panel_open":true,"panel_path":"/root/ShopPanel","physics_frame":8349,"process_frame":4924,"vendor":"bram"},"original_process_budget":90,"passed":true,"phase":"earned_shop_input_handoff"},{"attempted_sale":false,"home_key_in_traded_ids":false,"home_key_name":"Home Key","home_keys":1,"inventory_unchanged":true,"passed":true,"phase":"shop_key_offer_absent","reachable_sell_offers":["Berries x5"],"vendor":"bram","vendor_buys_home_key":false,"visible_sell_labels":["Berries x5","+2"]},{"character":"character-f2cecfa2d1ab41282a3d73e75f31d864","elapsed_physics_frames":0,"elapsed_process_frames":0,"final":{"holder_open":true,"holder_owns_input":false,"holder_path":"/root/ShopPanel","holder_script":"res://scripts/ui/shop_panel.gd","interact_just_pressed":false,"interact_pressed":false,"panel_open":true,"panel_path":"/root/ShopPanel","physics_frame":8443,"process_frame":4983,"vendor":"bram"},"initial":{"holder_open":true,"holder_owns_input":false,"holder_path":"/root/ShopPanel","holder_script":"res://scripts/ui/shop_panel.gd","interact_just_pressed":false,"interact_pressed":false,"panel_open":true,"panel_path":"/root/ShopPanel","physics_frame":8443,"process_frame":4983,"vendor":"bram"},"original_process_budget":90,"passed":true,"phase":"earned_shop_input_handoff"},{"attempted_sale":false,"home_key_in_traded_ids":false,"home_key_name":"Home Key","home_keys":1,"inventory_unchanged":true,"passed":true,"phase":"shop_key_offer_absent","reachable_sell_offers":["Berries x5"],"vendor":"bram","vendor_buys_home_key":false,"visible_sell_labels":["Berries x5","+2"]},{"final":{"action_just_pressed":false,"action_pressed":false,"can_afford":true,"category":"","cells":[],"cost":[{"id":"wood","n":10.0},{"id":"stone","n":4.0}],"earned_stock":{"stone":8,"wood":31},"free_build":false,"gui_focus":"","gui_piece":"","inventory":[{"id":"home_key","n":1},{"id":"orb_basic","n":20},{"id":"orb_basic","n":20},{"id":"orb_basic","n":9},{"id":"potion_small","n":3},{"id":"berries","n":5},{"id":"revive","n":10},{"durability":32,"id":"axe","n":1},{"durability":38,"id":"pickaxe","n":1},{"id":"coin","n":140},{"id":"fiber","n":37},{"durability":37,"id":"knife","n":1},{"id":"torch","n":1},{"id":"hammer","n":1},{"id":"wood","n":31},{"id":"stone","n":8},{},{},{},{},{},{},{},{}],"menu_open":false,"message":"","pending_build":"workbench","physics_frame":16417,"process_frame":8529,"selected_piece":""},"initial":{"action_just_pressed":false,"action_pressed":false,"can_afford":true,"category":"","cells":[],"cost":[{"id":"wood","n":10.0},{"id":"stone","n":4.0}],"earned_stock":{"stone":8,"wood":31},"free_build":false,"gui_focus":"","gui_piece":"","inventory":[{"id":"home_key","n":1},{"id":"orb_basic","n":20},{"id":"orb_basic","n":20},{"id":"orb_basic","n":9},{"id":"potion_small","n":3},{"id":"berries","n":5},{"id":"revive","n":10},{"durability":32,"id":"axe","n":1},{"durability":38,"id":"pickaxe","n":1},{"id":"coin","n":140},{"id":"fiber","n":37},{"durability":37,"id":"knife","n":1},{"id":"torch","n":1},{"id":"hammer","n":1},{"id":"wood","n":31},{"id":"stone","n":8},{},{},{},{},{},{},{},{}],"menu_open":false,"message":"","pending_build":"","physics_frame":16323,"process_frame":8466,"selected_piece":""},"input":"actual InputMap joypad edges, each flushed through a process frame; original 2/3 physics minima","inventory_unchanged":true,"passed":true,"phase":"earned_build_selection","physical_edges":[{"action":"menu_tab_right","after":{"action_just_pressed":false,"action_pressed":false,"can_afford":true,"category":"crafting","cells":[{"alpha":1.0,"disabled":false,"focused":true,"id":"workbench","path":"/root/@CanvasLayer@73216/Dock/Row/@PanelContainer@73217/@VBoxContainer@73218/@ScrollContainer@73223/@GridContainer@73224/@Button@73302"},{"alpha":0.400000005960464,"disabled":false,"focused":false,"id":"forge","path":"/root/@CanvasLayer@73216/Dock/Row/@PanelContainer@73217/@VBoxContainer@73218/@ScrollContainer@73223/@GridContainer@73224/@Button@73305"},{"alpha":1.0,"disabled":false,"focused":false,"id":"kitchen","path":"/root/@CanvasLayer@73216/Dock/Row/@PanelContainer@73217/@VBoxContainer@73218/@ScrollContainer@73223/@GridContainer@73224/@Button@73308"},{"alpha":0.400000005960464,"disabled":false,"focused":false,"id":"altar","path":"/root/@CanvasLayer@73216/Dock/Row/@PanelContainer@73217/@VBoxContainer@73218/@ScrollContainer@73223/@GridContainer@73224/@Button@73311"},{"alpha":1.0,"disabled":false,"focused":false,"id":"den","path":"/root/@CanvasLayer@73216/Dock/Row/@PanelContainer@73217/@VBoxContainer@73218/@ScrollContainer@73223/@GridContainer@73224/@Button@73314"},{"alpha":1.0,"disabled":false,"focused":false,"id":"farm","path":"/root/@CanvasLayer@73216/Dock/Row/@PanelContainer@73217/@VBoxContainer@73218/@ScrollContainer@73223/@GridContainer@73224/@Button@73317"},{"alpha":0.400000005960464,"disabled":false,"focused":false,"id":"forge_meadows","path":"/root/@CanvasLayer@73216/Dock/Row/@PanelContainer@73217/@VBoxContainer@73218/@ScrollContainer@73223/@GridContainer@73224/@Button@73320"},{"alpha":0.400000005960464,"disabled":false,"focused":false,"id":"forge_tidewake","path":"/root/@CanvasLayer@73216/Dock/Row/@PanelContainer@73217/@VBoxContainer@73218/@ScrollContainer@73223/@GridContainer@73224/@Button@73323"},{"alpha":0.400000005960464,"disabled":false,"focused":false,"id":"forge_cloudreach","path":"/root/@CanvasLayer@73216/Dock/Row/@PanelContainer@73217/@VBoxContainer@73218/@ScrollContainer@73223/@GridContainer@73224/@Button@73326"},{"alpha":0.400000005960464,"disabled":false,"focused":false,"id":"forge_stormwood","path":"/root/@CanvasLayer@73216/Dock/Row/@PanelContainer@73217/@VBoxContainer@73218/@ScrollContainer@73223/@GridContainer@73224/@Button@73329"},{"alpha":0.400000005960464,"disabled":false,"focused":false,"id":"kitchen_meadows","path":"/root/@CanvasLayer@73216/Dock/Row/@PanelContainer@73217/@VBoxContainer@73218/@ScrollContainer@73223/@GridContainer@73224/@Button@73332"},{"alpha":0.400000005960464,"disabled":false,"focused":false,"id":"kitchen_tidewake","path":"/root/@CanvasLayer@73216/Dock/Row/@PanelContainer@73217/@VBoxContainer@73218/@ScrollContainer@73223/@GridContainer@73224/@Button@73335"},{"alpha":0.400000005960464,"disabled":false,"focused":false,"id":"kitchen_cloudreach","path":"/root/@CanvasLayer@73216/Dock/Row/@PanelContainer@73217/@VBoxContainer@73218/@ScrollContainer@73223/@GridContainer@73224/@Button@73338"},{"alpha":0.400000005960464,"disabled":false,"focused":false,"id":"kitchen_stormwood","path":"/root/@CanvasLayer@73216/Dock/Row/@PanelContainer@73217/@VBoxContainer@73218/@ScrollContainer@73223/@GridContainer@73224/@Button@73341"},{"alpha":0.400000005960464,"disabled":false,"focused":false,"id":"altar_meadows","path":"/root/@CanvasLayer@73216/Dock/Row/@PanelContainer@73217/@VBoxContainer@73218/@ScrollContainer@73223/@GridContainer@73224/@Button@73344"},{"alpha":0.400000005960464,"disabled":false,"focused":false,"id":"altar_tidewake","path":"/root/@CanvasLayer@73216/Dock/Row/@PanelContainer@73217/@VBoxContainer@73218/@ScrollContainer@73223/@GridContainer@73224/@Button@73347"},{"alpha":0.400000005960464,"disabled":false,"focused":false,"id":"altar_cloudreach","path":"/root/@CanvasLayer@73216/Dock/Row/@PanelContainer@73217/@VBoxContainer@73218/@ScrollContainer@73223/@GridContainer@73224/@Button@73350"},{"alpha":0.400000005960464,"disabled":false,"focused":false,"id":"altar_stormwood","path":"/root/@CanvasLayer@73216/Dock/Row/@PanelContainer@73217/@VBoxContainer@73218/@ScrollContainer@73223/@GridContainer@73224/@Button@73353"},{"alpha":0.400000005960464,"disabled":false,"focused":false,"id":"den_meadows","path":"/root/@CanvasLayer@73216/Dock/Row/@PanelContainer@73217/@VBoxContainer@73218/@ScrollContainer@73223/@GridContainer@73224/@Button@73356"},{"alpha":0.400000005960464,"disabled":false,"focused":false,"id":"den_tidewake","path":"/root/@CanvasLayer@73216/Dock/Row/@PanelContainer@73217/@VBoxContainer@73218/@ScrollContainer@73223/@GridContainer@73224/@Button@73359"},{"alpha":0.400000005960464,"disabled":false,"focused":false,"id":"den_cloudreach","path":"/root/@CanvasLayer@73216/Dock/Row/@PanelContainer@73217/@VBoxContainer@73218/@ScrollContainer@73223/@GridContainer@73224/@Button@73362"},{"alpha":0.400000005960464,"disabled":false,"focused":false,"id":"den_stormwood","path":"/root/@CanvasLayer@73216/Dock/Row/@PanelContainer@73217/@VBoxContainer@73218/@ScrollContainer@73223/@GridContainer@73224/@Button@73365"},{"alpha":0.400000005960464,"disabled":false,"focused":false,"id":"greenhouse","path":"/root/@CanvasLayer@73216/Dock/Row/@PanelContainer@73217/@VBoxContainer@73218/@ScrollContainer@73223/@GridContainer@73224/@Button@73368"}],"cost":[{"id":"wood","n":10.0},{"id":"stone","n":4.0}],"earned_stock":{"stone":8,"wood":31},"free_build":false,"gui_focus":"/root/@CanvasLayer@73216/Dock/Row/@PanelContainer@73217/@VBoxContainer@73218/@ScrollContainer@73223/@GridContainer@73224/@Button@73302","gui_piece":"workbench","inventory":[{"id":"home_key","n":1},{"id":"orb_basic","n":20},{"id":"orb_basic","n":20},{"id":"orb_basic","n":9},{"id":"potion_small","n":3},{"id":"berries","n":5},{"id":"revive","n":10},{"durability":32,"id":"axe","n":1},{"durability":38,"id":"pickaxe","n":1},{"id":"coin","n":140},{"id":"fiber","n":37},{"durability":37,"id":"knife","n":1},{"id":"torch","n":1},{"id":"hammer","n":1},{"id":"wood","n":31},{"id":"stone","n":8},{},{},{},{},{},{},{},{}],"menu_open":true,"message":"","pending_build":"","physics_frame":16396,"process_frame":8517,"selected_piece":"workbench"},"before":{"action_just_pressed":false,"action_pressed":false,"can_afford":true,"category":"survival","cells":[{"alpha":1.0,"disabled":false,"focused":true,"id":"tent","path":"/root/@CanvasLayer@73216/Dock/Row/@PanelContainer@73217/@VBoxContainer@73218/@ScrollContainer@73223/@GridContainer@73224/@Button@73248"},{"alpha":1.0,"disabled":false,"focused":false,"id":"campfire","path":"/root/@CanvasLayer@73216/Dock/Row/@PanelContainer@73217/@VBoxContainer@73218/@ScrollContainer@73223/@GridContainer@73224/@Button@73251"},{"alpha":1.0,"disabled":false,"focused":false,"id":"bedroll","path":"/root/@CanvasLayer@73216/Dock/Row/@PanelContainer@73217/@VBoxContainer@73218/@ScrollContainer@73223/@GridContainer@73224/@Button@73254"},{"alpha":0.400000005960464,"disabled":false,"focused":false,"id":"forward_camp","path":"/root/@CanvasLayer@73216/Dock/Row/@PanelContainer@73217/@VBoxContainer@73218/@ScrollContainer@73223/@GridContainer@73224/@Button@73257"}],"cost":[{"id":"wood","n":10.0},{"id":"stone","n":4.0}],"earned_stock":{"stone":8,"wood":31},"free_build":false,"gui_focus":"/root/@CanvasLayer@73216/Dock/Row/@PanelContainer@73217/@VBoxContainer@73218/@ScrollContainer@73223/@GridContainer@73224/@Button@73248","gui_piece":"tent","inventory":[{"id":"home_key","n":1},{"id":"orb_basic","n":20},{"id":"orb_basic","n":20},{"id":"orb_basic","n":9},{"id":"potion_small","n":3},{"id":"berries","n":5},{"id":"revive","n":10},{"durability":32,"id":"axe","n":1},{"durability":38,"id":"pickaxe","n":1},{"id":"coin","n":140},{"id":"fiber","n":37},{"durability":37,"id":"knife","n":1},{"id":"torch","n":1},{"id":"hammer","n":1},{"id":"wood","n":31},{"id":"stone","n":8},{},{},{},{},{},{},{},{}],"menu_open":true,"message":"","pending_build":"","physics_frame":16391,"process_frame":8514,"selected_piece":"tent"},"edges":[{"event":"Joypad Button 10 (Right Shoulder, Sony R1, Xbox RB)","observed":{"action_just_pressed":true,"action_pressed":true,"can_afford":true,"category":"survival","cells":[{"alpha":1.0,"disabled":false,"focused":true,"id":"tent","path":"/root/@CanvasLayer@73216/Dock/Row/@PanelContainer@73217/@VBoxContainer@73218/@ScrollContainer@73223/@GridContainer@73224/@Button@73248"},{"alpha":1.0,"disabled":false,"focused":false,"id":"campfire","path":"/root/@CanvasLayer@73216/Dock/Row/@PanelContainer@73217/@VBoxContainer@73218/@ScrollContainer@73223/@GridContainer@73224/@Button@73251"},{"alpha":1.0,"disabled":false,"focused":false,"id":"bedroll","path":"/root/@CanvasLayer@73216/Dock/Row/@PanelContainer@73217/@VBoxContainer@73218/@ScrollContainer@73223/@GridContainer@73224/@Button@73254"},{"alpha":0.400000005960464,"disabled":false,"focused":false,"id":"forward_camp","path":"/root/@CanvasLayer@73216/Dock/Row/@PanelContainer@73217/@VBoxContainer@73218/@ScrollContainer@73223/@GridContainer@73224/@Button@73257"}],"cost":[{"id":"wood","n":10.0},{"id":"stone","n":4.0}],"earned_stock":{"stone":8,"wood":31},"free_build":false,"gui_focus":"/root/@CanvasLayer@73216/Dock/Row/@PanelContainer@73217/@VBoxContainer@73218/@ScrollContainer@73223/@GridContainer@73224/@Button@73248","gui_piece":"tent","inventory":[{"id":"home_key","n":1},{"id":"orb_basic","n":20},{"id":"orb_basic","n":20},{"id":"orb_basic","n":9},{"id":"potion_small","n":3},{"id":"berries","n":5},{"id":"revive","n":10},{"durability":32,"id":"axe","n":1},{"durability":38,"id":"pickaxe","n":1},{"id":"coin","n":140},{"id":"fiber","n":37},{"durability":37,"id":"knife","n":1},{"id":"torch","n":1},{"id":"hammer","n":1},{"id":"wood","n":31},{"id":"stone","n":8},{},{},{},{},{},{},{},{}],"menu_open":true,"message":"","pending_build":"","physics_frame":16393,"process_frame":8515,"selected_piece":"tent"},"physics_start":16391,"pressed":true},{"event":"Joypad Button 10 (Right Shoulder, Sony R1, Xbox RB)","observed":{"action_just_pressed":false,"action_pressed":false,"can_afford":true,"category":"crafting","cells":[{"alpha":1.0,"disabled":false,"focused":true,"id":"workbench","path":"/root/@CanvasLayer@73216/Dock/Row/@PanelContainer@73217/@VBoxContainer@73218/@ScrollContainer@73223/@GridContainer@73224/@Button@73302"},{"alpha":0.400000005960464,"disabled":false,"focused":false,"id":"forge","path":"/root/@CanvasLayer@73216/Dock/Row/@PanelContainer@73217/@VBoxContainer@73218/@ScrollContainer@73223/@GridContainer@73224/@Button@73305"},{"alpha":1.0,"disabled":false,"focused":false,"id":"kitchen","path":"/root/@CanvasLayer@73216/Dock/Row/@PanelContainer@73217/@VBoxContainer@73218/@ScrollContainer@73223/@GridContainer@73224/@Button@73308"},{"alpha":0.400000005960464,"disabled":false,"focused":false,"id":"altar","path":"/root/@CanvasLayer@73216/Dock/Row/@PanelContainer@73217/@VBoxContainer@73218/@ScrollContainer@73223/@GridContainer@73224/@Button@73311"},{"alpha":1.0,"disabled":false,"focused":false,"id":"den","path":"/root/@CanvasLayer@73216/Dock/Row/@PanelContainer@73217/@VBoxContainer@73218/@ScrollContainer@73223/@GridContainer@73224/@Button@73314"},{"alpha":1.0,"disabled":false,"focused":false,"id":"farm","path":"/root/@CanvasLayer@73216/Dock/Row/@PanelContainer@73217/@VBoxContainer@73218/@ScrollContainer@73223/@GridContainer@73224/@Button@73317"},{"alpha":0.400000005960464,"disabled":false,"focused":false,"id":"forge_meadows","path":"/root/@CanvasLayer@73216/Dock/Row/@PanelContainer@73217/@VBoxContainer@73218/@ScrollContainer@73223/@GridContainer@73224/@Button@73320"},{"alpha":0.400000005960464,"disabled":false,"focused":false,"id":"forge_tidewake","path":"/root/@CanvasLayer@73216/Dock/Row/@PanelContainer@73217/@VBoxContainer@73218/@ScrollContainer@73223/@GridContainer@73224/@Button@73323"},{"alpha":0.400000005960464,"disabled":false,"focused":false,"id":"forge_cloudreach","path":"/root/@CanvasLayer@73216/Dock/Row/@PanelContainer@73217/@VBoxContainer@73218/@ScrollContainer@73223/@GridContainer@73224/@Button@73326"},{"alpha":0.400000005960464,"disabled":false,"focused":false,"id":"forge_stormwood","path":"/root/@CanvasLayer@73216/Dock/Row/@PanelContainer@73217/@VBoxContainer@73218/@ScrollContainer@73223/@GridContainer@73224/@Button@73329"},{"alpha":0.400000005960464,"disabled":false,"focused":false,"id":"kitchen_meadows","path":"/root/@CanvasLayer@73216/Dock/Row/@PanelContainer@73217/@VBoxContainer@73218/@ScrollContainer@73223/@GridContainer@73224/@Button@73332"},{"alpha":0.400000005960464,"disabled":false,"focused":false,"id":"kitchen_tidewake","path":"/root/@CanvasLayer@73216/Dock/Row/@PanelContainer@73217/@VBoxContainer@73218/@ScrollContainer@73223/@GridContainer@73224/@Button@73335"},{"alpha":0.400000005960464,"disabled":false,"focused":false,"id":"kitchen_cloudreach","path":"/root/@CanvasLayer@73216/Dock/Row/@PanelContainer@73217/@VBoxContainer@73218/@ScrollContainer@73223/@GridContainer@73224/@Button@73338"},{"alpha":0.400000005960464,"disabled":false,"focused":false,"id":"kitchen_stormwood","path":"/root/@CanvasLayer@73216/Dock/Row/@PanelContainer@73217/@VBoxContainer@73218/@ScrollContainer@73223/@GridContainer@73224/@Button@73341"},{"alpha":0.400000005960464,"disabled":false,"focused":false,"id":"altar_meadows","path":"/root/@CanvasLayer@73216/Dock/Row/@PanelContainer@73217/@VBoxContainer@73218/@ScrollContainer@73223/@GridContainer@73224/@Button@73344"},{"alpha":0.400000005960464,"disabled":false,"focused":false,"id":"altar_tidewake","path":"/root/@CanvasLayer@73216/Dock/Row/@PanelContainer@73217/@VBoxContainer@73218/@ScrollContainer@73223/@GridContainer@73224/@Button@73347"},{"alpha":0.400000005960464,"disabled":false,"focused":false,"id":"altar_cloudreach","path":"/root/@CanvasLayer@73216/Dock/Row/@PanelContainer@73217/@VBoxContainer@73218/@ScrollContainer@73223/@GridContainer@73224/@Button@73350"},{"alpha":0.400000005960464,"disabled":false,"focused":false,"id":"altar_stormwood","path":"/root/@CanvasLayer@73216/Dock/Row/@PanelContainer@73217/@VBoxContainer@73218/@ScrollContainer@73223/@GridContainer@73224/@Button@73353"},{"alpha":0.400000005960464,"disabled":false,"focused":false,"id":"den_meadows","path":"/root/@CanvasLayer@73216/Dock/Row/@PanelContainer@73217/@VBoxContainer@73218/@ScrollContainer@73223/@GridContainer@73224/@Button@73356"},{"alpha":0.400000005960464,"disabled":false,"focused":false,"id":"den_tidewake","path":"/root/@CanvasLayer@73216/Dock/Row/@PanelContainer@73217/@VBoxContainer@73218/@ScrollContainer@73223/@GridContainer@73224/@Button@73359"},{"alpha":0.400000005960464,"disabled":false,"focused":false,"id":"den_cloudreach","path":"/root/@CanvasLayer@73216/Dock/Row/@PanelContainer@73217/@VBoxContainer@73218/@ScrollContainer@73223/@GridContainer@73224/@Button@73362"},{"alpha":0.400000005960464,"disabled":false,"focused":false,"id":"den_stormwood","path":"/root/@CanvasLayer@73216/Dock/Row/@PanelContainer@73217/@VBoxContainer@73218/@ScrollContainer@73223/@GridContainer@73224/@Button@73365"},{"alpha":0.400000005960464,"disabled":false,"focused":false,"id":"greenhouse","path":"/root/@CanvasLayer@73216/Dock/Row/@PanelContainer@73217/@VBoxContainer@73218/@ScrollContainer@73223/@GridContainer@73224/@Button@73368"}],"cost":[{"id":"wood","n":10.0},{"id":"stone","n":4.0}],"earned_stock":{"stone":8,"wood":31},"free_build":false,"gui_focus":"/root/@CanvasLayer@73216/Dock/Row/@PanelContainer@73217/@VBoxContainer@73218/@ScrollContainer@73223/@GridContainer@73224/@Button@73302","gui_piece":"workbench","inventory":[{"id":"home_key","n":1},{"id":"orb_basic","n":20},{"id":"orb_basic","n":20},{"id":"orb_basic","n":9},{"id":"potion_small","n":3},{"id":"berries","n":5},{"id":"revive","n":10},{"durability":32,"id":"axe","n":1},{"durability":38,"id":"pickaxe","n":1},{"id":"coin","n":140},{"id":"fiber","n":37},{"durability":37,"id":"knife","n":1},{"id":"torch","n":1},{"id":"hammer","n":1},{"id":"wood","n":31},{"id":"stone","n":8},{},{},{},{},{},{},{},{}],"menu_open":true,"message":"","pending_build":"","physics_frame":16396,"process_frame":8517,"selected_piece":"workbench"},"physics_start":16393,"pressed":false}]},{"action":"ui_accept","after":{"action_just_pressed":false,"action_pressed":false,"can_afford":true,"category":"","cells":[],"cost":[{"id":"wood","n":10.0},{"id":"stone","n":4.0}],"earned_stock":{"stone":8,"wood":31},"free_build":false,"gui_focus":"","gui_piece":"","inventory":[{"id":"home_key","n":1},{"id":"orb_basic","n":20},{"id":"orb_basic","n":20},{"id":"orb_basic","n":9},{"id":"potion_small","n":3},{"id":"berries","n":5},{"id":"revive","n":10},{"durability":32,"id":"axe","n":1},{"durability":38,"id":"pickaxe","n":1},{"id":"coin","n":140},{"id":"fiber","n":37},{"durability":37,"id":"knife","n":1},{"id":"torch","n":1},{"id":"hammer","n":1},{"id":"wood","n":31},{"id":"stone","n":8},{},{},{},{},{},{},{},{}],"menu_open":false,"message":"","pending_build":"workbench","physics_frame":16409,"process_frame":8525,"selected_piece":""},"before":{"action_just_pressed":false,"action_pressed":false,"can_afford":true,"category":"crafting","cells":[{"alpha":1.0,"disabled":false,"focused":true,"id":"workbench","path":"/root/@CanvasLayer@73216/Dock/Row/@PanelContainer@73217/@VBoxContainer@73218/@ScrollContainer@73223/@GridContainer@73224/@Button@73302"},{"alpha":0.400000005960464,"disabled":false,"focused":false,"id":"forge","path":"/root/@CanvasLayer@73216/Dock/Row/@PanelContainer@73217/@VBoxContainer@73218/@ScrollContainer@73223/@GridContainer@73224/@Button@73305"},{"alpha":1.0,"disabled":false,"focused":false,"id":"kitchen","path":"/root/@CanvasLayer@73216/Dock/Row/@PanelContainer@73217/@VBoxContainer@73218/@ScrollContainer@73223/@GridContainer@73224/@Button@73308"},{"alpha":0.400000005960464,"disabled":false,"focused":false,"id":"altar","path":"/root/@CanvasLayer@73216/Dock/Row/@PanelContainer@73217/@VBoxContainer@73218/@ScrollContainer@73223/@GridContainer@73224/@Button@73311"},{"alpha":1.0,"disabled":false,"focused":false,"id":"den","path":"/root/@CanvasLayer@73216/Dock/Row/@PanelContainer@73217/@VBoxContainer@73218/@ScrollContainer@73223/@GridContainer@73224/@Button@73314"},{"alpha":1.0,"disabled":false,"focused":false,"id":"farm","path":"/root/@CanvasLayer@73216/Dock/Row/@PanelContainer@73217/@VBoxContainer@73218/@ScrollContainer@73223/@GridContainer@73224/@Button@73317"},{"alpha":0.400000005960464,"disabled":false,"focused":false,"id":"forge_meadows","path":"/root/@CanvasLayer@73216/Dock/Row/@PanelContainer@73217/@VBoxContainer@73218/@ScrollContainer@73223/@GridContainer@73224/@Button@73320"},{"alpha":0.400000005960464,"disabled":false,"focused":false,"id":"forge_tidewake","path":"/root/@CanvasLayer@73216/Dock/Row/@PanelContainer@73217/@VBoxContainer@73218/@ScrollContainer@73223/@GridContainer@73224/@Button@73323"},{"alpha":0.400000005960464,"disabled":false,"focused":false,"id":"forge_cloudreach","path":"/root/@CanvasLayer@73216/Dock/Row/@PanelContainer@73217/@VBoxContainer@73218/@ScrollContainer@73223/@GridContainer@73224/@Button@73326"},{"alpha":0.400000005960464,"disabled":false,"focused":false,"id":"forge_stormwood","path":"/root/@CanvasLayer@73216/Dock/Row/@PanelContainer@73217/@VBoxContainer@73218/@ScrollContainer@73223/@GridContainer@73224/@Button@73329"},{"alpha":0.400000005960464,"disabled":false,"focused":false,"id":"kitchen_meadows","path":"/root/@CanvasLayer@73216/Dock/Row/@PanelContainer@73217/@VBoxContainer@73218/@ScrollContainer@73223/@GridContainer@73224/@Button@73332"},{"alpha":0.400000005960464,"disabled":false,"focused":false,"id":"kitchen_tidewake","path":"/root/@CanvasLayer@73216/Dock/Row/@PanelContainer@73217/@VBoxContainer@73218/@ScrollContainer@73223/@GridContainer@73224/@Button@73335"},{"alpha":0.400000005960464,"disabled":false,"focused":false,"id":"kitchen_cloudreach","path":"/root/@CanvasLayer@73216/Dock/Row/@PanelContainer@73217/@VBoxContainer@73218/@ScrollContainer@73223/@GridContainer@73224/@Button@73338"},{"alpha":0.400000005960464,"disabled":false,"focused":false,"id":"kitchen_stormwood","path":"/root/@CanvasLayer@73216/Dock/Row/@PanelContainer@73217/@VBoxContainer@73218/@ScrollContainer@73223/@GridContainer@73224/@Button@73341"},{"alpha":0.400000005960464,"disabled":false,"focused":false,"id":"altar_meadows","path":"/root/@CanvasLayer@73216/Dock/Row/@PanelContainer@73217/@VBoxContainer@73218/@ScrollContainer@73223/@GridContainer@73224/@Button@73344"},{"alpha":0.400000005960464,"disabled":false,"focused":false,"id":"altar_tidewake","path":"/root/@CanvasLayer@73216/Dock/Row/@PanelContainer@73217/@VBoxContainer@73218/@ScrollContainer@73223/@GridContainer@73224/@Button@73347"},{"alpha":0.400000005960464,"disabled":false,"focused":false,"id":"altar_cloudreach","path":"/root/@CanvasLayer@73216/Dock/Row/@PanelContainer@73217/@VBoxContainer@73218/@ScrollContainer@73223/@GridContainer@73224/@Button@73350"},{"alpha":0.400000005960464,"disabled":false,"focused":false,"id":"altar_stormwood","path":"/root/@CanvasLayer@73216/Dock/Row/@PanelContainer@73217/@VBoxContainer@73218/@ScrollContainer@73223/@GridContainer@73224/@Button@73353"},{"alpha":0.400000005960464,"disabled":false,"focused":false,"id":"den_meadows","path":"/root/@CanvasLayer@73216/Dock/Row/@PanelContainer@73217/@VBoxContainer@73218/@ScrollContainer@73223/@GridContainer@73224/@Button@73356"},{"alpha":0.400000005960464,"disabled":false,"focused":false,"id":"den_tidewake","path":"/root/@CanvasLayer@73216/Dock/Row/@PanelContainer@73217/@VBoxContainer@73218/@ScrollContainer@73223/@GridContainer@73224/@Button@73359"},{"alpha":0.400000005960464,"disabled":false,"focused":false,"id":"den_cloudreach","path":"/root/@CanvasLayer@73216/Dock/Row/@PanelContainer@73217/@VBoxContainer@73218/@ScrollContainer@73223/@GridContainer@73224/@Button@73362"},{"alpha":0.400000005960464,"disabled":false,"focused":false,"id":"den_stormwood","path":"/root/@CanvasLayer@73216/Dock/Row/@PanelContainer@73217/@VBoxContainer@73218/@ScrollContainer@73223/@GridContainer@73224/@Button@73365"},{"alpha":0.400000005960464,"disabled":false,"focused":false,"id":"greenhouse","path":"/root/@CanvasLayer@73216/Dock/Row/@PanelContainer@73217/@VBoxContainer@73218/@ScrollContainer@73223/@GridContainer@73224/@Button@73368"}],"cost":[{"id":"wood","n":10.0},{"id":"stone","n":4.0}],"earned_stock":{"stone":8,"wood":31},"free_build":false,"gui_focus":"/root/@CanvasLayer@73216/Dock/Row/@PanelContainer@73217/@VBoxContainer@73218/@ScrollContainer@73223/@GridContainer@73224/@Button@73302","gui_piece":"workbench","inventory":[{"id":"home_key","n":1},{"id":"orb_basic","n":20},{"id":"orb_basic","n":20},{"id":"orb_basic","n":9},{"id":"potion_small","n":3},{"id":"berries","n":5},{"id":"revive","n":10},{"durability":32,"id":"axe","n":1},{"durability":38,"id":"pickaxe","n":1},{"id":"coin","n":140},{"id":"fiber","n":37},{"durability":37,"id":"knife","n":1},{"id":"torch","n":1},{"id":"hammer","n":1},{"id":"wood","n":31},{"id":"stone","n":8},{},{},{},{},{},{},{},{}],"menu_open":true,"message":"","pending_build":"","physics_frame":16404,"process_frame":8522,"selected_piece":"workbench"},"edges":[{"event":"Joypad Button 0 (Bottom Action, Sony Cross, Xbox A, Nintendo B)","observed":{"action_just_pressed":true,"action_pressed":true,"can_afford":true,"category":"crafting","cells":[{"alpha":1.0,"disabled":false,"focused":true,"id":"workbench","path":"/root/@CanvasLayer@73216/Dock/Row/@PanelContainer@73217/@VBoxContainer@73218/@ScrollContainer@73223/@GridContainer@73224/@Button@73302"},{"alpha":0.400000005960464,"disabled":false,"focused":false,"id":"forge","path":"/root/@CanvasLayer@73216/Dock/Row/@PanelContainer@73217/@VBoxContainer@73218/@ScrollContainer@73223/@GridContainer@73224/@Button@73305"},{"alpha":1.0,"disabled":false,"focused":false,"id":"kitchen","path":"/root/@CanvasLayer@73216/Dock/Row/@PanelContainer@73217/@VBoxContainer@73218/@ScrollContainer@73223/@GridContainer@73224/@Button@73308"},{"alpha":0.400000005960464,"disabled":false,"focused":false,"id":"altar","path":"/root/@CanvasLayer@73216/Dock/Row/@PanelContainer@73217/@VBoxContainer@73218/@ScrollContainer@73223/@GridContainer@73224/@Button@73311"},{"alpha":1.0,"disabled":false,"focused":false,"id":"den","path":"/root/@CanvasLayer@73216/Dock/Row/@PanelContainer@73217/@VBoxContainer@73218/@ScrollContainer@73223/@GridContainer@73224/@Button@73314"},{"alpha":1.0,"disabled":false,"focused":false,"id":"farm","path":"/root/@CanvasLayer@73216/Dock/Row/@PanelContainer@73217/@VBoxContainer@73218/@ScrollContainer@73223/@GridContainer@73224/@Button@73317"},{"alpha":0.400000005960464,"disabled":false,"focused":false,"id":"forge_meadows","path":"/root/@CanvasLayer@73216/Dock/Row/@PanelContainer@73217/@VBoxContainer@73218/@ScrollContainer@73223/@GridContainer@73224/@Button@73320"},{"alpha":0.400000005960464,"disabled":false,"focused":false,"id":"forge_tidewake","path":"/root/@CanvasLayer@73216/Dock/Row/@PanelContainer@73217/@VBoxContainer@73218/@ScrollContainer@73223/@GridContainer@73224/@Button@73323"},{"alpha":0.400000005960464,"disabled":false,"focused":false,"id":"forge_cloudreach","path":"/root/@CanvasLayer@73216/Dock/Row/@PanelContainer@73217/@VBoxContainer@73218/@ScrollContainer@73223/@GridContainer@73224/@Button@73326"},{"alpha":0.400000005960464,"disabled":false,"focused":false,"id":"forge_stormwood","path":"/root/@CanvasLayer@73216/Dock/Row/@PanelContainer@73217/@VBoxContainer@73218/@ScrollContainer@73223/@GridContainer@73224/@Button@73329"},{"alpha":0.400000005960464,"disabled":false,"focused":false,"id":"kitchen_meadows","path":"/root/@CanvasLayer@73216/Dock/Row/@PanelContainer@73217/@VBoxContainer@73218/@ScrollContainer@73223/@GridContainer@73224/@Button@73332"},{"alpha":0.400000005960464,"disabled":false,"focused":false,"id":"kitchen_tidewake","path":"/root/@CanvasLayer@73216/Dock/Row/@PanelContainer@73217/@VBoxContainer@73218/@ScrollContainer@73223/@GridContainer@73224/@Button@73335"},{"alpha":0.400000005960464,"disabled":false,"focused":false,"id":"kitchen_cloudreach","path":"/root/@CanvasLayer@73216/Dock/Row/@PanelContainer@73217/@VBoxContainer@73218/@ScrollContainer@73223/@GridContainer@73224/@Button@73338"},{"alpha":0.400000005960464,"disabled":false,"focused":false,"id":"kitchen_stormwood","path":"/root/@CanvasLayer@73216/Dock/Row/@PanelContainer@73217/@VBoxContainer@73218/@ScrollContainer@73223/@GridContainer@73224/@Button@73341"},{"alpha":0.400000005960464,"disabled":false,"focused":false,"id":"altar_meadows","path":"/root/@CanvasLayer@73216/Dock/Row/@PanelContainer@73217/@VBoxContainer@73218/@ScrollContainer@73223/@GridContainer@73224/@Button@73344"},{"alpha":0.400000005960464,"disabled":false,"focused":false,"id":"altar_tidewake","path":"/root/@CanvasLayer@73216/Dock/Row/@PanelContainer@73217/@VBoxContainer@73218/@ScrollContainer@73223/@GridContainer@73224/@Button@73347"},{"alpha":0.400000005960464,"disabled":false,"focused":false,"id":"altar_cloudreach","path":"/root/@CanvasLayer@73216/Dock/Row/@PanelContainer@73217/@VBoxContainer@73218/@ScrollContainer@73223/@GridContainer@73224/@Button@73350"},{"alpha":0.400000005960464,"disabled":false,"focused":false,"id":"altar_stormwood","path":"/root/@CanvasLayer@73216/Dock/Row/@PanelContainer@73217/@VBoxContainer@73218/@ScrollContainer@73223/@GridContainer@73224/@Button@73353"},{"alpha":0.400000005960464,"disabled":false,"focused":false,"id":"den_meadows","path":"/root/@CanvasLayer@73216/Dock/Row/@PanelContainer@73217/@VBoxContainer@73218/@ScrollContainer@73223/@GridContainer@73224/@Button@73356"},{"alpha":0.400000005960464,"disabled":false,"focused":false,"id":"den_tidewake","path":"/root/@CanvasLayer@73216/Dock/Row/@PanelContainer@73217/@VBoxContainer@73218/@ScrollContainer@73223/@GridContainer@73224/@Button@73359"},{"alpha":0.400000005960464,"disabled":false,"focused":false,"id":"den_cloudreach","path":"/root/@CanvasLayer@73216/Dock/Row/@PanelContainer@73217/@VBoxContainer@73218/@ScrollContainer@73223/@GridContainer@73224/@Button@73362"},{"alpha":0.400000005960464,"disabled":false,"focused":false,"id":"den_stormwood","path":"/root/@CanvasLayer@73216/Dock/Row/@PanelContainer@73217/@VBoxContainer@73218/@ScrollContainer@73223/@GridContainer@73224/@Button@73365"},{"alpha":0.400000005960464,"disabled":false,"focused":false,"id":"greenhouse","path":"/root/@CanvasLayer@73216/Dock/Row/@PanelContainer@73217/@VBoxContainer@73218/@ScrollContainer@73223/@GridContainer@73224/@Button@73368"}],"cost":[{"id":"wood","n":10.0},{"id":"stone","n":4.0}],"earned_stock":{"stone":8,"wood":31},"free_build":false,"gui_focus":"/root/@CanvasLayer@73216/Dock/Row/@PanelContainer@73217/@VBoxContainer@73218/@ScrollContainer@73223/@GridContainer@73224/@Button@73302","gui_piece":"workbench","inventory":[{"id":"home_key","n":1},{"id":"orb_basic","n":20},{"id":"orb_basic","n":20},{"id":"orb_basic","n":9},{"id":"potion_small","n":3},{"id":"berries","n":5},{"id":"revive","n":10},{"durability":32,"id":"axe","n":1},{"durability":38,"id":"pickaxe","n":1},{"id":"coin","n":140},{"id":"fiber","n":37},{"durability":37,"id":"knife","n":1},{"id":"torch","n":1},{"id":"hammer","n":1},{"id":"wood","n":31},{"id":"stone","n":8},{},{},{},{},{},{},{},{}],"menu_open":true,"message":"","pending_build":"","physics_frame":16406,"process_frame":8523,"selected_piece":"workbench"},"physics_start":16404,"pressed":true},{"event":"Joypad Button 0 (Bottom Action, Sony Cross, Xbox A, Nintendo B)","observed":{"action_just_pressed":false,"action_pressed":false,"can_afford":true,"category":"","cells":[],"cost":[{"id":"wood","n":10.0},{"id":"stone","n":4.0}],"earned_stock":{"stone":8,"wood":31},"free_build":false,"gui_focus":"","gui_piece":"","inventory":[{"id":"home_key","n":1},{"id":"orb_basic","n":20},{"id":"orb_basic","n":20},{"id":"orb_basic","n":9},{"id":"potion_small","n":3},{"id":"berries","n":5},{"id":"revive","n":10},{"durability":32,"id":"axe","n":1},{"durability":38,"id":"pickaxe","n":1},{"id":"coin","n":140},{"id":"fiber","n":37},{"durability":37,"id":"knife","n":1},{"id":"torch","n":1},{"id":"hammer","n":1},{"id":"wood","n":31},{"id":"stone","n":8},{},{},{},{},{},{},{},{}],"menu_open":false,"message":"","pending_build":"workbench","physics_frame":16409,"process_frame":8525,"selected_piece":""},"physics_start":16406,"pressed":false}]}],"piece":"workbench"},{"input":"interact","inventory_unchanged":true,"phase":"locked_arch","portal_actions":[],"realm":"meadows","reason":"Tidewake · Recommended Lv 20 · Needs the Tidewake Portal Key"},{"actual_position":"(-6.064154, 0.900768, 21.33282)","arrived":true,"confined_resets":0,"grounded":true,"headings":["(96.2, 1.15, 14.0)","(92.0, 1.0, 14.0)","(89.6, 1.0, 14.0)","(13.79, 0.0, 14.0)","(-5.975502, 0.900843, 21.54727)"],"original_frame_budget":10340,"phase":"ordinary_walk","target":"(-6.0, 1.8, 18.85)","unstick_count_after":0,"unstick_count_before":0},{"expected_counts":{"axe":2,"fiber":35,"stone":1,"wood":17},"phase":"station_craft","receipt":"craft:character-f2cecfa2d1ab41282a3d73e75f31d864:e853de275e7bef0ed98917bf3ec3a134","recipe":"axe"},{"phase":"save_reload","waystone":"meadows_trail_camp"},{"arrival":"(344.3, 2.437186, 926.6)","phase":"portal_return","position":"(344.3, 2.457722, 926.6)"}],"setup":"private save-system directory, preserving developer saves"}
2026-10-07T06:31:35.9496026Z exit=0 took=789s
2026-10-07T06:31:35.9530155Z ##[group]Run set -uo pipefail
2026-10-07T06:31:35.9530523Z [36;1mset -uo pipefail[0m
2026-10-07T06:31:35.9530782Z [36;1mout="$RUNNER_TEMP/out"[0m
2026-10-07T06:31:35.9531062Z [36;1mmkdir -p "$out/tree" "$out/user"[0m
2026-10-07T06:31:35.9531449Z [36;1m# Every file the run created or modified in the working tree,[0m
2026-10-07T06:31:35.9531922Z [36;1m# ignored paths (shots/ etc.) included, by mtime against a marker[0m
2026-10-07T06:31:35.9532605Z [36;1m# touched just before the run. NUL-separated, so any path is safe.[0m
2026-10-07T06:31:35.9533049Z [36;1mif [ -f "$RUNNER_TEMP/start_marker" ]; then[0m
2026-10-07T06:31:35.9533435Z [36;1m  find . \( -path ./.git -o -path ./.godot \) -prune -o \[0m
2026-10-07T06:31:35.9533859Z [36;1m    -type f -newer "$RUNNER_TEMP/start_marker" -print0 \[0m
2026-10-07T06:31:35.9534254Z [36;1m    | xargs -0 -r cp --parents -t "$out/tree/"[0m
2026-10-07T06:31:35.9534559Z [36;1mfi[0m
2026-10-07T06:31:35.9534889Z [36;1m# Bare native net smokes use /tmp/net-run-<unique invocation>.[0m
2026-10-07T06:31:35.9535376Z [36;1m# Retain this run's peer logs/saves without changing their runtime paths.[0m
2026-10-07T06:31:35.9535817Z [36;1mif [ -f "$RUNNER_TEMP/start_marker" ]; then[0m
2026-10-07T06:31:35.9536127Z [36;1m  mkdir -p "$out/net-runs"[0m
2026-10-07T06:31:35.9536553Z [36;1m  find /tmp -maxdepth 1 -type d -name 'net-run-*' -newer "$RUNNER_TEMP/start_marker" \[0m
2026-10-07T06:31:35.9537025Z [36;1m    -exec cp -a -- {} "$out/net-runs/" \;[0m
2026-10-07T06:31:35.9537311Z [36;1mfi[0m
2026-10-07T06:31:35.9537608Z [36;1m# user:// minus Godot's shader cache (tens of MB nobody reads).[0m
2026-10-07T06:31:35.9538200Z [36;1m(cd "$RUNNER_TEMP/userdata" 2>/dev/null && find . -path '*/shader_cache' -prune -o -type f -print0 \[0m
2026-10-07T06:31:35.9538756Z [36;1m  | xargs -0 -r cp --parents -t "$out/user/") || true[0m
2026-10-07T06:31:35.9539217Z [36;1m# A log-spamming script can write gigabytes (a capture tool once wrote[0m
2026-10-07T06:31:35.9539719Z [36;1m# ~12 GB of run.log and godot.log). Keep the first 5 MB and last 20 MB[0m
2026-10-07T06:31:35.9540180Z [36;1m# of any log over 25 MB so the artifact stays downloadable.[0m
2026-10-07T06:31:35.9540677Z [36;1mfind "$out" -type f -name '*.log' -size +25M -print0 | while IFS= read -r -d '' f; do[0m
2026-10-07T06:31:35.9541466Z [36;1m  { head -c 5000000 "$f"; printf '\n\n[... truncated by render.yml: %s bytes total ...]\n\n' "$(stat -c%s "$f")"; tail -c 20000000 "$f"; } > "$f.cut" && mv "$f.cut" "$f"[0m
2026-10-07T06:31:35.9542087Z [36;1mdone[0m
2026-10-07T06:31:35.9542396Z [36;1mfind "$out" -type f | sed "s|$out/||" | sort > "$out/MANIFEST.txt"[0m
2026-10-07T06:31:35.9543192Z [36;1mecho "files=$(wc -l < "$out/MANIFEST.txt")"[0m
2026-10-07T06:31:35.9604821Z shell: /usr/bin/bash -e {0}
2026-10-07T06:31:35.9605091Z env:
2026-10-07T06:31:35.9605297Z   GODOT_VERSION: 4.7-stable
2026-10-07T06:31:35.9605544Z ##[endgroup]
2026-10-07T06:31:36.0301798Z files=13
2026-10-07T06:31:36.0351286Z ##[group]Run actions/upload-artifact@v4
2026-10-07T06:31:36.0351601Z with:
2026-10-07T06:31:36.0351872Z   name: render-r3-f01-main568-f18-0cb232d62f-37580310976
2026-10-07T06:31:36.0352220Z   path: /home/runner/work/_temp/out/
2026-10-07T06:31:36.0352821Z   retention-days: 7
2026-10-07T06:31:36.0353121Z   if-no-files-found: warn
2026-10-07T06:31:36.0353374Z   compression-level: 6
2026-10-07T06:31:36.0353604Z   overwrite: false
2026-10-07T06:31:36.0353834Z   include-hidden-files: false
2026-10-07T06:31:36.0354269Z env:
2026-10-07T06:31:36.0354460Z   GODOT_VERSION: 4.7-stable
2026-10-07T06:31:36.0354692Z ##[endgroup]
2026-10-07T06:31:36.2075081Z (node:2696) [DEP0040] DeprecationWarning: The `punycode` module is deprecated. Please use a userland alternative instead.
2026-10-07T06:31:36.2075826Z (Use `node --trace-deprecation ...` to show where the warning was created)
2026-10-07T06:31:36.2222953Z With the provided path, there will be 13 files uploaded
2026-10-07T06:31:36.2228842Z Artifact name is valid!
2026-10-07T06:31:36.2229298Z Root directory input is valid!
2026-10-07T06:31:36.6094572Z Beginning upload of artifact content to blob storage
2026-10-07T06:31:36.7317662Z (node:2696) [DEP0169] DeprecationWarning: `url.parse()` behavior is not standardized and prone to errors that have security implications. Use the WHATWG URL API instead. CVEs are not issued for `url.parse()` vulnerabilities.
2026-10-07T06:31:37.4255133Z Uploaded bytes 1103525
2026-10-07T06:31:37.5059390Z Finished uploading artifact content to blob storage!
2026-10-07T06:31:37.5060606Z SHA256 digest of uploaded artifact zip is bab344be3c4f9d6084ca72534bc0c03ae5460381c110c1897812119ef118a6e2
2026-10-07T06:31:37.5062287Z Finalizing artifact upload
2026-10-07T06:31:37.7843183Z Artifact render-r3-f01-main568-f18-0cb232d62f-37580310976.zip successfully finalized. Artifact ID 11464393933
2026-10-07T06:31:37.7845306Z Artifact render-r3-f01-main568-f18-0cb232d62f-37580310976 has been successfully uploaded! Final size is 1103525 bytes. Artifact ID is 11464393933
2026-10-07T06:31:37.7852193Z Artifact download URL: https://github.com/MJohnsonWellabe/Tetherbound/actions/runs/37580310976/artifacts/11464393933
2026-10-07T06:31:37.7993599Z ##[group]Run rc=$(cat "$RUNNER_TEMP/out/exit_code" 2>/dev/null || echo 1)
2026-10-07T06:31:37.7994527Z [36;1mrc=$(cat "$RUNNER_TEMP/out/exit_code" 2>/dev/null || echo 1)[0m
2026-10-07T06:31:37.7995390Z [36;1m[ "$rc" = 0 ] || { echo "::error::script exited $rc (124 = timeout)"; exit 1; }[0m
2026-10-07T06:31:37.8064896Z shell: /usr/bin/bash -e {0}
2026-10-07T06:31:37.8065173Z env:
2026-10-07T06:31:37.8065393Z   GODOT_VERSION: 4.7-stable
2026-10-07T06:31:37.8065649Z ##[endgroup]
2026-10-07T06:31:37.8258714Z Post job cleanup.
2026-10-07T06:31:37.8263235Z ##[start-action display=Run actions/cache@v4;id=__1dd8e6a9-8c12-488a-ab17-d05e3534ddb0.__actions_cache]
2026-10-07T06:31:39.7632918Z Post job cleanup.
2026-10-07T06:31:39.8787039Z Cache hit occurred on the primary key import-4.7-stable-de0c944e157463687959d085d027731cdddfe5bc8c33adf8c370eca59e231f29, not saving cache.
2026-10-07T06:31:39.8788903Z (node:2722) [DEP0040] DeprecationWarning: The `punycode` module is deprecated. Please use a userland alternative instead.
2026-10-07T06:31:39.8789786Z (Use `node --trace-deprecation ...` to show where the warning was created)
2026-10-07T06:31:39.8849211Z ##[end-action id=__1dd8e6a9-8c12-488a-ab17-d05e3534ddb0.__actions_cache;outcome=success;conclusion=success;duration_ms=2058]
2026-10-07T06:31:39.8852966Z ##[start-action display=Run actions/cache@v4;id=__1dd8e6a9-8c12-488a-ab17-d05e3534ddb0.cache-godot]
2026-10-07T06:31:39.8892132Z Post job cleanup.
2026-10-07T06:31:40.0001278Z Cache hit occurred on the primary key godot-editor-4.7-stable, not saving cache.
2026-10-07T06:31:40.0003598Z (node:2730) [DEP0040] DeprecationWarning: The `punycode` module is deprecated. Please use a userland alternative instead.
2026-10-07T06:31:40.0005107Z (Use `node --trace-deprecation ...` to show where the warning was created)
2026-10-07T06:31:40.0069279Z ##[end-action id=__1dd8e6a9-8c12-488a-ab17-d05e3534ddb0.cache-godot;outcome=success;conclusion=success;duration_ms=121]
2026-10-07T06:31:40.0174749Z Post job cleanup.
2026-10-07T06:31:40.1088409Z [command]/usr/bin/git version
2026-10-07T06:31:40.1125721Z git version 2.55.0
2026-10-07T06:31:40.1170933Z Temporarily overriding HOME='/home/runner/work/_temp/0126a83d-8b4a-4396-987f-1ca8e65165e4' before making global git config changes
2026-10-07T06:31:40.1171771Z Adding repository directory to the temporary git global config as a safe directory
2026-10-07T06:31:40.1182074Z [command]/usr/bin/git config --global --add safe.directory /home/runner/work/Tetherbound/Tetherbound
2026-10-07T06:31:40.1217723Z [command]/usr/bin/git config --local --name-only --get-regexp core\.sshCommand
2026-10-07T06:31:40.1258887Z [command]/usr/bin/git submodule foreach --recursive sh -c "git config --local --name-only --get-regexp 'core\.sshCommand' && git config --local --unset-all 'core.sshCommand' || :"
2026-10-07T06:31:40.1583717Z [command]/usr/bin/git config --local --name-only --get-regexp http\.https\:\/\/github\.com\/\.extraheader
2026-10-07T06:31:40.1616954Z http.https://github.com/.extraheader
2026-10-07T06:31:40.1631328Z [command]/usr/bin/git config --local --unset-all http.https://github.com/.extraheader
2026-10-07T06:31:40.1677328Z [command]/usr/bin/git submodule foreach --recursive sh -c "git config --local --name-only --get-regexp 'http\.https\:\/\/github\.com\/\.extraheader' && git config --local --unset-all 'http.https://github.com/.extraheader' || :"
2026-10-07T06:31:40.1988386Z [command]/usr/bin/git config --local --name-only --get-regexp ^includeIf\.gitdir:
2026-10-07T06:31:40.2043604Z [command]/usr/bin/git submodule foreach --recursive git config --local --show-origin --name-only --get-regexp remote.origin.url
2026-10-07T06:31:40.2492958Z Cleaning up orphan processes
2026-10-07T06:31:40.2896378Z ##[warning]Node.js 20 is deprecated. The following actions target Node.js 20 but are being forced to run on Node.js 24: actions/cache@v4, actions/checkout@v4, actions/upload-artifact@v4. For more information see: https://github.blog/changelog/2025-09-19-deprecation-of-node-20-on-github-actions-runners/
