t,wall,x,y,z,heading,region,clock_hour,weather,frame_ms,physics_ms,dead_travel_m,nearest_poi_dist_m,input_context
0.75,2026-08-31 12:25:09,0.00,0.00,0.00,0.0,grandpas_village,0.00,,21.001,8.517,0.00,,title
0.90,2026-08-31 12:25:09,0.00,0.00,0.00,0.0,grandpas_village,0.00,,21.001,8.517,0.00,,title
1.62,2026-08-31 12:25:47,12.30,0.90,-10.18,-85.6,grandpas_village,8.02,clear,29051.791,5264.361,0.00,9.65,world
2.12,2026-08-31 12:25:47,12.30,0.90,-10.18,-85.6,grandpas_village,8.04,clear,15.693,375.402,0.00,9.65,world
2.62,2026-08-31 12:25:48,12.30,0.90,-10.18,-85.6,grandpas_village,8.06,clear,15.693,375.402,0.00,9.65,world
3.12,2026-08-31 12:25:48,12.30,0.90,-10.18,-85.6,grandpas_village,8.08,clear,16.209,5.193,0.00,9.65,world
3.62,2026-08-31 12:25:49,12.30,0.90,-10.18,-85.6,grandpas_village,8.10,clear,16.209,5.193,0.00,9.65,world
4.13,2026-08-31 12:25:49,12.30,0.90,-10.18,-85.6,grandpas_village,8.12,clear,16.834,6.870,0.00,9.65,world
4.63,2026-08-31 12:25:50,12.30,0.90,-10.18,-85.6,grandpas_village,8.14,clear,16.834,6.870,0.00,9.65,world
5.13,2026-08-31 12:25:50,12.30,0.90,-10.18,-85.6,grandpas_village,8.16,clear,16.019,7.089,0.00,9.65,world
5.63,2026-08-31 12:25:51,12.30,0.90,-10.18,-85.6,grandpas_village,8.18,clear,16.019,7.089,0.00,9.65,world
6.13,2026-08-31 12:25:51,12.30,0.90,-10.18,-85.6,grandpas_village,8.20,clear,14.668,5.954,0.00,9.65,world
6.63,2026-08-31 12:25:52,12.30,0.90,-10.18,-85.6,grandpas_village,8.22,clear,14.668,5.954,0.00,9.65,world
7.13,2026-08-31 12:25:52,12.30,0.90,-10.18,-85.6,grandpas_village,8.24,clear,15.029,5.662,0.00,9.65,world
7.63,2026-08-31 12:25:53,12.30,0.90,-10.18,-85.6,grandpas_village,8.26,clear,15.029,5.662,0.00,9.65,world
8.13,2026-08-31 12:25:53,12.30,0.90,-10.18,-85.6,grandpas_village,8.28,clear,14.500,5.605,0.00,9.65,world
8.63,2026-08-31 12:25:54,12.30,0.90,-10.18,-85.6,grandpas_village,8.30,clear,14.500,5.605,0.00,9.65,world
9.13,2026-08-31 12:25:54,12.30,0.90,-10.18,-85.6,grandpas_village,8.32,clear,16.176,5.688,0.00,9.65,world
9.63,2026-08-31 12:25:55,12.30,0.90,-10.18,-85.6,grandpas_village,8.34,clear,16.176,5.688,0.00,9.65,world
10.13,2026-08-31 12:25:55,12.30,0.90,-10.18,-85.6,grandpas_village,8.36,clear,16.344,6.683,0.00,9.65,world
10.63,2026-08-31 12:25:56,12.30,0.90,-10.18,-85.6,grandpas_village,8.38,clear,16.344,6.683,0.00,9.65,world
11.13,2026-08-31 12:25:56,12.30,0.90,-10.18,-85.6,grandpas_village,8.40,clear,14.475,5.878,0.00,9.65,world
11.63,2026-08-31 12:25:57,12.30,0.90,-10.18,-85.6,grandpas_village,8.42,clear,14.475,5.878,0.00,9.65,world
12.13,2026-08-31 12:25:57,12.30,0.90,-10.18,-85.6,grandpas_village,8.44,clear,13.795,4.723,0.00,9.65,world
12.63,2026-08-31 12:25:58,12.30,0.90,-10.18,-85.6,grandpas_village,8.46,clear,13.795,4.723,0.00,9.65,world
13.13,2026-08-31 12:25:58,12.30,0.90,-10.18,-85.6,grandpas_village,8.48,clear,13.958,5.693,0.00,9.65,world
13.63,2026-08-31 12:25:59,12.30,0.90,-10.18,-85.6,grandpas_village,8.50,clear,13.958,5.693,0.00,9.65,world
14.13,2026-08-31 12:25:59,12.30,0.90,-10.18,-85.6,grandpas_village,8.52,clear,14.745,6.247,0.00,9.65,world
14.63,2026-08-31 12:26:00,12.30,0.90,-10.18,-85.6,grandpas_village,8.54,clear,14.745,6.247,0.00,9.65,world
15.13,2026-08-31 12:26:00,12.30,0.90,-10.18,-85.6,grandpas_village,8.56,clear,14.489,5.353,0.00,9.65,world
15.63,2026-08-31 12:26:01,12.30,0.90,-10.18,-85.6,grandpas_village,8.58,clear,14.489,5.353,0.00,9.65,world
16.13,2026-08-31 12:26:01,12.30,0.90,-10.18,-85.6,grandpas_village,8.60,clear,15.166,5.273,0.00,9.65,world
16.63,2026-08-31 12:26:02,12.30,0.90,-10.18,-85.6,grandpas_village,8.62,clear,15.166,5.273,0.00,9.65,world
17.13,2026-08-31 12:26:02,12.30,0.90,-10.18,-85.6,grandpas_village,8.64,clear,15.221,6.420,0.00,9.65,world
17.63,2026-08-31 12:26:03,12.30,0.90,-10.18,-85.6,grandpas_village,8.66,clear,15.221,6.420,0.00,9.65,world
18.13,2026-08-31 12:26:03,12.30,0.90,-10.18,-85.6,grandpas_village,8.68,clear,12.008,4.744,0.00,9.65,world
18.63,2026-08-31 12:26:04,12.30,0.90,-10.18,-85.6,grandpas_village,8.70,clear,12.008,4.744,0.00,9.65,world
19.13,2026-08-31 12:26:04,12.30,0.90,-10.18,-85.6,grandpas_village,8.72,clear,14.479,6.244,0.00,9.65,world
19.63,2026-08-31 12:26:05,12.30,0.90,-10.18,-85.6,grandpas_village,8.74,clear,14.479,6.244,0.00,9.65,world
20.13,2026-08-31 12:26:05,12.30,0.90,-10.18,-85.6,grandpas_village,8.76,clear,15.075,5.508,0.00,9.65,world
20.63,2026-08-31 12:26:06,12.30,0.90,-10.18,-85.6,grandpas_village,8.78,clear,15.075,5.508,0.00,9.65,world
21.13,2026-08-31 12:26:06,12.30,0.90,-10.18,-85.6,grandpas_village,8.80,clear,14.850,5.906,0.00,9.65,world
21.63,2026-08-31 12:26:07,12.30,0.90,-10.18,-85.6,grandpas_village,8.82,clear,14.850,5.906,0.00,9.65,world
22.13,2026-08-31 12:26:07,12.30,0.90,-10.18,-85.6,grandpas_village,8.84,clear,16.565,6.220,0.00,9.65,world
22.63,2026-08-31 12:26:08,12.30,0.90,-10.18,-85.6,grandpas_village,8.86,clear,16.565,6.220,0.00,9.65,world
23.13,2026-08-31 12:26:08,12.30,0.90,-10.18,-85.6,grandpas_village,8.88,clear,14.585,5.784,0.00,9.65,world
23.63,2026-08-31 12:26:09,12.30,0.90,-10.18,-85.6,grandpas_village,8.90,clear,14.585,5.784,0.00,9.65,world
24.13,2026-08-31 12:26:09,12.30,0.90,-10.18,-85.6,grandpas_village,8.92,clear,14.950,6.595,0.00,9.65,world
24.63,2026-08-31 12:26:10,12.30,0.90,-10.18,-85.6,grandpas_village,8.94,clear,14.950,6.595,0.00,9.65,world
25.13,2026-08-31 12:26:10,12.30,0.90,-10.18,-85.6,grandpas_village,8.96,clear,15.619,5.623,0.00,9.65,world
25.63,2026-08-31 12:26:11,12.30,0.90,-10.18,-85.6,grandpas_village,8.98,clear,15.619,5.623,0.00,9.65,world
26.13,2026-08-31 12:26:11,12.30,0.90,-10.18,-85.6,grandpas_village,9.00,clear,14.861,5.581,0.00,9.65,world
26.63,2026-08-31 12:26:12,12.30,0.90,-10.18,-85.6,grandpas_village,9.02,clear,14.861,5.581,0.00,9.65,world
27.13,2026-08-31 12:26:12,12.30,0.90,-10.18,-85.6,grandpas_village,9.04,clear,14.593,5.042,0.00,9.65,world
27.63,2026-08-31 12:26:13,12.30,0.90,-10.18,-85.6,grandpas_village,9.06,clear,14.593,5.042,0.00,9.65,world
28.13,2026-08-31 12:26:13,12.30,0.90,-10.18,-85.6,grandpas_village,9.08,clear,17.169,5.918,0.00,9.65,world
28.63,2026-08-31 12:26:14,12.30,0.90,-10.18,-85.6,grandpas_village,9.10,clear,17.169,5.918,0.00,9.65,world
29.13,2026-08-31 12:26:14,12.30,0.90,-10.18,-85.6,grandpas_village,9.12,clear,14.377,6.357,0.00,9.65,world
29.63,2026-08-31 12:26:15,12.30,0.90,-10.18,-85.6,grandpas_village,9.14,clear,14.377,6.357,0.00,9.65,world
30.13,2026-08-31 12:26:15,12.30,0.90,-10.18,-85.6,grandpas_village,9.16,clear,15.953,6.248,0.00,9.65,world
30.63,2026-08-31 12:26:16,12.30,0.90,-10.18,-85.6,grandpas_village,9.18,clear,15.953,6.248,0.00,9.65,world
31.13,2026-08-31 12:26:16,12.30,0.90,-10.18,-85.6,grandpas_village,9.20,clear,19.507,6.447,0.00,9.65,world
31.63,2026-08-31 12:26:17,12.30,0.90,-10.18,-85.6,grandpas_village,9.22,clear,19.507,6.447,0.00,9.65,world
32.13,2026-08-31 12:26:17,12.30,0.90,-10.18,-85.6,grandpas_village,9.24,clear,14.085,5.540,0.00,9.65,world
32.63,2026-08-31 12:26:18,12.30,0.90,-10.18,-85.6,grandpas_village,9.26,clear,14.085,5.540,0.00,9.65,world
33.13,2026-08-31 12:26:18,12.30,0.90,-10.18,-85.6,grandpas_village,9.28,clear,15.069,5.627,0.00,9.65,world
33.63,2026-08-31 12:26:19,12.30,0.90,-10.18,-85.6,grandpas_village,9.30,clear,15.069,5.627,0.00,9.65,world
34.13,2026-08-31 12:26:19,12.30,0.90,-10.18,-85.6,grandpas_village,9.32,clear,14.319,5.903,0.00,9.65,world
34.63,2026-08-31 12:26:20,12.30,0.90,-10.18,-85.6,grandpas_village,9.34,clear,14.319,5.903,0.00,9.65,world
35.13,2026-08-31 12:26:20,12.30,0.90,-10.18,-85.6,grandpas_village,9.36,clear,14.104,6.131,0.00,9.65,world
35.63,2026-08-31 12:26:21,12.30,0.90,-10.18,-85.6,grandpas_village,9.38,clear,14.104,6.131,0.00,9.65,world
36.13,2026-08-31 12:26:21,12.30,0.90,-10.18,-85.6,grandpas_village,9.40,clear,14.454,5.717,0.00,9.65,world
36.63,2026-08-31 12:26:22,12.30,0.90,-10.18,-85.6,grandpas_village,9.42,clear,14.454,5.717,0.00,9.65,world
37.13,2026-08-31 12:26:22,12.30,0.90,-10.18,-85.6,grandpas_village,9.44,clear,15.330,6.214,0.00,9.65,world
37.63,2026-08-31 12:26:23,12.30,0.90,-10.18,-85.6,grandpas_village,9.46,clear,15.330,6.214,0.00,9.65,world
38.13,2026-08-31 12:26:23,12.30,0.90,-10.18,-85.6,grandpas_village,9.48,clear,16.079,6.138,0.00,9.65,world
38.63,2026-08-31 12:26:24,12.30,0.90,-10.18,-85.6,grandpas_village,9.50,clear,16.079,6.138,0.00,9.65,world
39.13,2026-08-31 12:26:24,12.30,0.90,-10.18,-85.6,grandpas_village,9.52,clear,16.184,6.333,0.00,9.65,world
39.63,2026-08-31 12:26:25,12.30,0.90,-10.18,-85.6,grandpas_village,9.54,clear,16.184,6.333,0.00,9.65,world
40.13,2026-08-31 12:26:25,12.30,0.90,-10.18,-85.6,grandpas_village,9.56,clear,14.954,6.939,0.00,9.65,world
40.63,2026-08-31 12:26:26,12.30,0.90,-10.18,-85.6,grandpas_village,9.58,clear,14.954,6.939,0.00,9.65,world
41.13,2026-08-31 12:26:26,12.30,0.90,-10.18,-85.6,grandpas_village,9.60,clear,15.943,6.627,0.00,9.65,world
41.63,2026-08-31 12:26:27,12.30,0.90,-10.18,-85.6,grandpas_village,9.62,clear,15.943,6.627,0.00,9.65,world
42.13,2026-08-31 12:26:27,12.30,0.90,-10.18,-85.6,grandpas_village,9.64,clear,17.004,5.861,0.00,9.65,world
42.63,2026-08-31 12:26:28,12.30,0.90,-10.18,-85.6,grandpas_village,9.66,clear,17.004,5.861,0.00,9.65,world
43.13,2026-08-31 12:26:28,12.30,0.90,-10.18,-85.6,grandpas_village,9.68,clear,16.607,6.349,0.00,9.65,world
43.63,2026-08-31 12:26:29,12.30,0.90,-10.18,-85.6,grandpas_village,9.70,clear,16.607,6.349,0.00,9.65,world
44.13,2026-08-31 12:26:29,12.30,0.90,-10.18,-85.6,grandpas_village,9.72,clear,15.019,5.612,0.00,9.65,world
44.63,2026-08-31 12:26:30,12.30,0.90,-10.18,-85.6,grandpas_village,9.74,clear,15.019,5.612,0.00,9.65,world
45.13,2026-08-31 12:26:30,12.30,0.90,-10.18,-85.6,grandpas_village,9.76,clear,19.538,6.918,0.00,9.65,world
45.63,2026-08-31 12:26:31,12.30,0.90,-10.18,-85.6,grandpas_village,9.78,clear,19.538,6.918,0.00,9.65,world
46.13,2026-08-31 12:26:31,12.30,0.90,-10.18,-85.6,grandpas_village,9.80,clear,13.938,6.162,0.00,9.65,world
46.63,2026-08-31 12:26:32,12.30,0.90,-10.18,-85.6,grandpas_village,9.82,clear,13.938,6.162,0.00,9.65,world
47.13,2026-08-31 12:26:32,12.30,0.90,-10.18,-85.6,grandpas_village,9.84,clear,13.847,6.004,0.00,9.65,world
47.63,2026-08-31 12:26:33,12.30,0.90,-10.18,-85.6,grandpas_village,9.86,clear,13.847,6.004,0.00,9.65,world
48.13,2026-08-31 12:26:33,12.30,0.90,-10.18,-85.6,grandpas_village,9.88,clear,16.926,5.924,0.00,9.65,world
48.63,2026-08-31 12:26:34,12.30,0.90,-10.18,-85.6,grandpas_village,9.90,clear,16.926,5.924,0.00,9.65,world
49.13,2026-08-31 12:26:34,12.30,0.90,-10.18,-85.6,grandpas_village,9.92,clear,14.760,5.966,0.00,9.65,world
49.63,2026-08-31 12:26:35,12.30,0.90,-10.18,-85.6,grandpas_village,9.94,clear,14.760,5.966,0.00,9.65,world
50.13,2026-08-31 12:26:35,12.30,0.90,-10.18,-85.6,grandpas_village,9.96,clear,13.649,4.793,0.00,9.65,world
50.63,2026-08-31 12:26:36,12.30,0.90,-10.18,-85.6,grandpas_village,9.98,clear,13.649,4.793,0.00,9.65,world
51.13,2026-08-31 12:26:36,12.30,0.90,-10.18,-85.6,grandpas_village,10.00,clear,14.134,5.204,0.00,9.65,world
51.63,2026-08-31 12:26:37,12.30,0.90,-10.18,-85.6,grandpas_village,10.02,clear,14.134,5.204,0.00,9.65,world
52.13,2026-08-31 12:26:37,12.30,0.90,-10.18,-85.6,grandpas_village,10.04,clear,13.803,5.797,0.00,9.65,world
52.63,2026-08-31 12:26:38,12.30,0.90,-10.18,-85.6,grandpas_village,10.06,clear,13.803,5.797,0.00,9.65,world
53.13,2026-08-31 12:26:38,12.30,0.90,-10.18,-85.6,grandpas_village,10.08,clear,13.689,6.142,0.00,9.65,world
53.63,2026-08-31 12:26:39,12.30,0.90,-10.18,-85.6,grandpas_village,10.10,clear,13.689,6.142,0.00,9.65,world
54.13,2026-08-31 12:26:39,12.30,0.90,-10.18,-85.6,grandpas_village,10.12,clear,15.200,6.359,0.00,9.65,world
54.63,2026-08-31 12:26:40,12.30,0.90,-10.18,-85.6,grandpas_village,10.14,clear,15.200,6.359,0.00,9.65,world
55.13,2026-08-31 12:26:40,12.30,0.90,-10.18,-85.6,grandpas_village,10.16,clear,14.320,5.889,0.00,9.65,world
55.63,2026-08-31 12:26:41,12.30,0.90,-10.18,-85.6,grandpas_village,10.18,clear,14.320,5.889,0.00,9.65,world
56.13,2026-08-31 12:26:41,12.30,0.90,-10.18,-85.6,grandpas_village,10.20,clear,15.253,5.807,0.00,9.65,world
56.63,2026-08-31 12:26:42,12.30,0.90,-10.18,-85.6,grandpas_village,10.22,clear,15.253,5.807,0.00,9.65,world
57.13,2026-08-31 12:26:42,12.30,0.90,-10.18,-85.6,grandpas_village,10.24,clear,14.938,6.412,0.00,9.65,world
57.63,2026-08-31 12:26:43,12.30,0.90,-10.18,-85.6,grandpas_village,10.26,clear,14.938,6.412,0.00,9.65,world
58.13,2026-08-31 12:26:43,12.30,0.90,-10.18,-85.6,grandpas_village,10.28,clear,16.238,6.338,0.00,9.65,world
58.63,2026-08-31 12:26:44,12.30,0.90,-10.18,-85.6,grandpas_village,10.30,clear,16.238,6.338,0.00,9.65,world
59.13,2026-08-31 12:26:44,12.30,0.90,-10.18,-85.6,grandpas_village,10.32,clear,14.552,5.632,0.00,9.65,world
59.63,2026-08-31 12:26:45,12.30,0.90,-10.18,-85.6,grandpas_village,10.34,clear,14.552,5.632,0.00,9.65,world
60.13,2026-08-31 12:26:45,12.30,0.90,-10.18,-85.6,grandpas_village,10.36,clear,15.938,5.879,0.00,9.65,world
60.63,2026-08-31 12:26:46,12.30,0.90,-10.18,-85.6,grandpas_village,10.38,clear,15.938,5.879,0.00,9.65,world
61.13,2026-08-31 12:26:46,12.30,0.90,-10.18,-85.6,grandpas_village,10.40,clear,14.719,5.781,0.00,9.65,world
61.63,2026-08-31 12:26:47,12.30,0.90,-10.18,-85.6,grandpas_village,10.42,clear,14.719,5.781,0.00,9.65,world
62.13,2026-08-31 12:26:47,12.30,0.90,-10.18,-85.6,grandpas_village,10.44,clear,15.375,6.348,0.00,9.65,world
62.63,2026-08-31 12:26:48,12.30,0.90,-10.18,-85.6,grandpas_village,10.46,clear,15.375,6.348,0.00,9.65,world
63.13,2026-08-31 12:26:48,12.30,0.90,-10.18,-85.6,grandpas_village,10.48,clear,13.595,5.589,0.00,9.65,world
63.63,2026-08-31 12:26:49,12.30,0.90,-10.18,-85.6,grandpas_village,10.50,clear,13.595,5.589,0.00,9.65,world
64.13,2026-08-31 12:26:49,12.30,0.90,-10.18,-85.6,grandpas_village,10.52,clear,14.126,5.775,0.00,9.65,world
64.63,2026-08-31 12:26:50,12.30,0.90,-10.18,-85.6,grandpas_village,10.54,clear,14.126,5.775,0.00,9.65,world
65.13,2026-08-31 12:26:50,12.30,0.90,-10.18,-85.6,grandpas_village,10.56,clear,15.916,6.360,0.00,9.65,world
65.63,2026-08-31 12:26:51,12.30,0.90,-10.18,-85.6,grandpas_village,10.58,clear,15.916,6.360,0.00,9.65,world
66.13,2026-08-31 12:26:51,12.30,0.90,-10.18,-85.6,grandpas_village,10.60,clear,14.166,5.838,0.00,9.65,world
66.63,2026-08-31 12:26:52,12.30,0.90,-10.18,-85.6,grandpas_village,10.62,clear,14.166,5.838,0.00,9.65,world
67.13,2026-08-31 12:26:52,12.30,0.90,-10.18,-85.6,grandpas_village,10.64,clear,14.118,5.382,0.00,9.65,world
67.63,2026-08-31 12:26:53,12.30,0.90,-10.18,-85.6,grandpas_village,10.66,clear,14.118,5.382,0.00,9.65,world
68.13,2026-08-31 12:26:53,12.30,0.90,-10.18,-85.6,grandpas_village,10.68,clear,14.307,6.064,0.00,9.65,world
68.63,2026-08-31 12:26:54,12.30,0.90,-10.18,-85.6,grandpas_village,10.70,clear,14.307,6.064,0.00,9.65,world
69.13,2026-08-31 12:26:54,12.30,0.90,-10.18,-85.6,grandpas_village,10.72,clear,13.923,5.570,0.00,9.65,world
69.63,2026-08-31 12:26:55,12.30,0.90,-10.18,-85.6,grandpas_village,10.74,clear,13.923,5.570,0.00,9.65,world
70.13,2026-08-31 12:26:55,12.30,0.90,-10.18,-85.6,grandpas_village,10.76,clear,15.003,5.627,0.00,9.65,world
70.63,2026-08-31 12:26:56,12.30,0.90,-10.18,-85.6,grandpas_village,10.78,clear,15.003,5.627,0.00,9.65,world
71.13,2026-08-31 12:26:56,12.30,0.90,-10.18,-85.6,grandpas_village,10.80,clear,14.535,5.695,0.00,9.65,world
71.63,2026-08-31 12:26:57,12.30,0.90,-10.18,-85.6,grandpas_village,10.82,clear,14.535,5.695,0.00,9.65,world
72.13,2026-08-31 12:26:57,12.30,0.90,-10.18,-85.6,grandpas_village,10.84,clear,15.234,6.230,0.00,9.65,world
72.63,2026-08-31 12:26:58,12.30,0.90,-10.18,-85.6,grandpas_village,10.86,clear,15.234,6.230,0.00,9.65,world
73.13,2026-08-31 12:26:58,12.30,0.90,-10.18,-85.6,grandpas_village,10.88,clear,14.390,5.805,0.00,9.65,world
73.63,2026-08-31 12:26:59,12.30,0.90,-10.18,-85.6,grandpas_village,10.90,clear,14.390,5.805,0.00,9.65,world
74.13,2026-08-31 12:26:59,12.30,0.90,-10.18,-85.6,grandpas_village,10.92,clear,14.992,5.628,0.00,9.65,world
74.63,2026-08-31 12:27:00,12.30,0.90,-10.18,-85.6,grandpas_village,10.94,clear,14.992,5.628,0.00,9.65,world
75.13,2026-08-31 12:27:00,12.30,0.90,-10.18,-85.6,grandpas_village,10.96,clear,15.455,5.511,0.00,9.65,world
75.63,2026-08-31 12:27:01,12.30,0.90,-10.18,-85.6,grandpas_village,10.98,clear,15.455,5.511,0.00,9.65,world
76.13,2026-08-31 12:27:01,12.30,0.90,-10.18,-85.6,grandpas_village,11.00,clear,14.394,5.885,0.00,9.65,world
76.63,2026-08-31 12:27:02,12.30,0.90,-10.18,-85.6,grandpas_village,11.02,clear,14.394,5.885,0.00,9.65,world
77.13,2026-08-31 12:27:02,12.30,0.90,-10.18,-85.6,grandpas_village,11.04,clear,15.660,6.518,0.00,9.65,world
77.63,2026-08-31 12:27:03,12.30,0.90,-10.18,-85.6,grandpas_village,11.06,clear,15.660,6.518,0.00,9.65,world
78.13,2026-08-31 12:27:03,12.30,0.90,-10.18,-85.6,grandpas_village,11.08,clear,14.811,5.913,0.00,9.65,world
78.63,2026-08-31 12:27:04,12.30,0.90,-10.18,-85.6,grandpas_village,11.10,clear,14.811,5.913,0.00,9.65,world
79.13,2026-08-31 12:27:04,12.30,0.90,-10.18,-85.6,grandpas_village,11.12,clear,14.262,5.351,0.00,9.65,world
79.63,2026-08-31 12:27:05,12.30,0.90,-10.18,-85.6,grandpas_village,11.14,clear,14.262,5.351,0.00,9.65,world
80.13,2026-08-31 12:27:05,12.30,0.90,-10.18,-85.6,grandpas_village,11.16,clear,13.372,5.753,0.00,9.65,world
80.63,2026-08-31 12:27:06,12.30,0.90,-10.18,-85.6,grandpas_village,11.18,clear,13.372,5.753,0.00,9.65,world
81.13,2026-08-31 12:27:06,12.30,0.90,-10.18,-85.6,grandpas_village,11.20,clear,13.157,5.224,0.00,9.65,world
81.63,2026-08-31 12:27:07,12.30,0.90,-10.18,-85.6,grandpas_village,11.22,clear,13.157,5.224,0.00,9.65,world
82.13,2026-08-31 12:27:07,12.30,0.90,-10.18,-85.6,grandpas_village,11.24,clear,14.560,5.760,0.00,9.65,world
82.63,2026-08-31 12:27:08,12.30,0.90,-10.18,-85.6,grandpas_village,11.26,clear,14.560,5.760,0.00,9.65,world
83.13,2026-08-31 12:27:08,12.30,0.90,-10.18,-85.6,grandpas_village,11.28,clear,13.924,5.075,0.00,9.65,world
83.63,2026-08-31 12:27:09,12.30,0.90,-10.18,-85.6,grandpas_village,11.30,clear,13.924,5.075,0.00,9.65,world
84.13,2026-08-31 12:27:09,12.30,0.90,-10.18,-85.6,grandpas_village,11.32,clear,14.223,6.247,0.00,9.65,world
84.63,2026-08-31 12:27:10,12.30,0.90,-10.18,-85.6,grandpas_village,11.34,clear,14.223,6.247,0.00,9.65,world
85.13,2026-08-31 12:27:10,12.30,0.90,-10.18,-85.6,grandpas_village,11.36,clear,15.510,5.675,0.00,9.65,world
85.63,2026-08-31 12:27:11,12.30,0.90,-10.18,-85.6,grandpas_village,11.38,clear,15.510,5.675,0.00,9.65,world
86.13,2026-08-31 12:27:11,12.30,0.90,-10.18,-85.6,grandpas_village,11.40,clear,15.945,5.951,0.00,9.65,world
86.63,2026-08-31 12:27:12,12.30,0.90,-10.18,-85.6,grandpas_village,11.42,clear,15.945,5.951,0.00,9.65,world
87.13,2026-08-31 12:27:12,12.30,0.90,-10.18,-85.6,grandpas_village,11.44,clear,15.912,5.947,0.00,9.65,world
87.63,2026-08-31 12:27:13,12.30,0.90,-10.18,-85.6,grandpas_village,11.46,clear,15.912,5.947,0.00,9.65,world
88.13,2026-08-31 12:27:13,12.30,0.90,-10.18,-85.6,grandpas_village,11.48,clear,17.534,6.137,0.00,9.65,world
88.63,2026-08-31 12:27:14,12.30,0.90,-10.18,-85.6,grandpas_village,11.50,clear,17.534,6.137,0.00,9.65,world
89.13,2026-08-31 12:27:14,12.30,0.90,-10.18,-85.6,grandpas_village,11.52,clear,14.960,5.407,0.00,9.65,world
89.63,2026-08-31 12:27:15,12.30,0.90,-10.18,-85.6,grandpas_village,11.54,clear,14.960,5.407,0.00,9.65,world
90.13,2026-08-31 12:27:15,12.30,0.90,-10.18,-85.6,grandpas_village,11.56,clear,17.088,6.008,0.00,9.65,world
90.63,2026-08-31 12:27:16,12.30,0.90,-10.18,-85.6,grandpas_village,11.58,clear,17.088,6.008,0.00,9.65,world
91.13,2026-08-31 12:27:16,12.30,0.90,-10.18,-85.6,grandpas_village,11.60,clear,14.491,5.671,0.00,9.65,world
91.63,2026-08-31 12:27:17,12.30,0.90,-10.18,-85.6,grandpas_village,11.62,clear,14.491,5.671,0.00,9.65,world
92.13,2026-08-31 12:27:17,12.30,0.90,-10.18,-85.6,grandpas_village,11.64,clear,14.146,5.751,0.00,9.65,world
92.63,2026-08-31 12:27:18,12.30,0.90,-10.18,-85.6,grandpas_village,11.66,clear,14.146,5.751,0.00,9.65,world
93.13,2026-08-31 12:27:18,12.30,0.90,-10.18,-85.6,grandpas_village,11.68,clear,12.027,5.024,0.00,9.65,world
93.63,2026-08-31 12:27:19,12.30,0.90,-10.18,-85.6,grandpas_village,11.70,clear,12.027,5.024,0.00,9.65,world
94.13,2026-08-31 12:27:19,12.30,0.90,-10.18,-85.6,grandpas_village,11.72,clear,13.919,4.697,0.00,9.65,world
94.63,2026-08-31 12:27:20,12.30,0.90,-10.18,-85.6,grandpas_village,11.74,clear,13.919,4.697,0.00,9.65,world
95.13,2026-08-31 12:27:20,12.30,0.90,-10.18,-85.6,grandpas_village,11.76,clear,14.407,6.042,0.00,9.65,world
95.63,2026-08-31 12:27:21,12.30,0.90,-10.18,-85.6,grandpas_village,11.78,clear,14.407,6.042,0.00,9.65,world
96.13,2026-08-31 12:27:21,12.30,0.90,-10.18,-85.6,grandpas_village,11.80,clear,13.899,5.830,0.00,9.65,world
96.63,2026-08-31 12:27:22,12.30,0.90,-10.18,-85.6,grandpas_village,11.82,clear,13.899,5.830,0.00,9.65,world
97.13,2026-08-31 12:27:22,12.30,0.90,-10.18,-85.6,grandpas_village,11.84,clear,14.117,5.904,0.00,9.65,world
97.63,2026-08-31 12:27:23,12.30,0.90,-10.18,-85.6,grandpas_village,11.86,clear,14.117,5.904,0.00,9.65,world
98.13,2026-08-31 12:27:23,12.30,0.90,-10.18,-85.6,grandpas_village,11.88,clear,14.791,6.334,0.00,9.65,world
98.63,2026-08-31 12:27:24,12.30,0.90,-10.18,-85.6,grandpas_village,11.90,clear,14.791,6.334,0.00,9.65,world
99.13,2026-08-31 12:27:24,12.30,0.90,-10.18,-85.6,grandpas_village,11.92,clear,14.739,5.637,0.00,9.65,world
99.63,2026-08-31 12:27:25,12.30,0.90,-10.18,-85.6,grandpas_village,11.94,clear,14.739,5.637,0.00,9.65,world
100.13,2026-08-31 12:27:25,12.30,0.90,-10.18,-85.6,grandpas_village,11.96,clear,11.541,4.758,0.00,9.65,world
100.63,2026-08-31 12:27:26,12.30,0.90,-10.18,-85.6,grandpas_village,11.98,clear,11.541,4.758,0.00,9.65,world
101.13,2026-08-31 12:27:26,12.30,0.90,-10.18,-85.6,grandpas_village,12.00,clear,14.125,5.855,0.00,9.65,world
101.63,2026-08-31 12:27:27,12.30,0.90,-10.18,-85.6,grandpas_village,12.02,clear,14.125,5.855,0.00,9.65,world
102.13,2026-08-31 12:27:27,12.30,0.90,-10.18,-85.6,grandpas_village,12.04,clear,14.301,5.732,0.00,9.65,world
102.63,2026-08-31 12:27:28,12.30,0.90,-10.18,-85.6,grandpas_village,12.06,clear,14.301,5.732,0.00,9.65,world
103.13,2026-08-31 12:27:28,12.30,0.90,-10.18,-85.6,grandpas_village,12.08,clear,15.769,5.607,0.00,9.65,world
103.63,2026-08-31 12:27:29,12.30,0.90,-10.18,-85.6,grandpas_village,12.10,clear,15.769,5.607,0.00,9.65,world
104.13,2026-08-31 12:27:29,12.30,0.90,-10.18,-85.6,grandpas_village,12.12,clear,14.058,5.532,0.00,9.65,world
104.63,2026-08-31 12:27:30,12.30,0.90,-10.18,-85.6,grandpas_village,12.14,clear,14.058,5.532,0.00,9.65,world
105.13,2026-08-31 12:27:30,12.30,0.90,-10.18,-85.6,grandpas_village,12.16,clear,13.949,5.989,0.00,9.65,world
105.63,2026-08-31 12:27:31,12.30,0.90,-10.18,-85.6,grandpas_village,12.18,clear,13.949,5.989,0.00,9.65,world
106.13,2026-08-31 12:27:31,12.30,0.90,-10.18,-85.6,grandpas_village,12.20,clear,14.547,6.220,0.00,9.65,world
106.63,2026-08-31 12:27:32,12.30,0.90,-10.18,-85.6,grandpas_village,12.22,clear,14.547,6.220,0.00,9.65,world
107.13,2026-08-31 12:27:32,12.30,0.90,-10.18,-85.6,grandpas_village,12.24,clear,15.667,5.846,0.00,9.65,world
107.63,2026-08-31 12:27:33,12.30,0.90,-10.18,-85.6,grandpas_village,12.26,clear,15.667,5.846,0.00,9.65,world
108.13,2026-08-31 12:27:33,12.30,0.90,-10.18,-85.6,grandpas_village,12.28,clear,15.395,5.690,0.00,9.65,world
108.63,2026-08-31 12:27:34,12.30,0.90,-10.18,-85.6,grandpas_village,12.30,clear,15.395,5.690,0.00,9.65,world
109.13,2026-08-31 12:27:34,12.30,0.90,-10.18,-85.6,grandpas_village,12.32,clear,15.394,6.019,0.00,9.65,world
109.63,2026-08-31 12:27:35,12.30,0.90,-10.18,-85.6,grandpas_village,12.34,clear,15.394,6.019,0.00,9.65,world
110.13,2026-08-31 12:27:35,12.30,0.90,-10.18,-85.6,grandpas_village,12.36,clear,14.320,5.292,0.00,9.65,world
110.63,2026-08-31 12:27:36,12.30,0.90,-10.18,-85.6,grandpas_village,12.38,clear,14.320,5.292,0.00,9.65,world
111.13,2026-08-31 12:27:36,12.30,0.90,-10.18,-85.6,grandpas_village,12.40,clear,13.925,4.902,0.00,9.65,world
111.63,2026-08-31 12:27:37,12.30,0.90,-10.18,-85.6,grandpas_village,12.42,clear,13.925,4.902,0.00,9.65,world
112.13,2026-08-31 12:27:37,12.30,0.90,-10.18,-85.6,grandpas_village,12.44,clear,12.457,4.827,0.00,9.65,world
112.63,2026-08-31 12:27:38,12.30,0.90,-10.18,-85.6,grandpas_village,12.46,clear,12.457,4.827,0.00,9.65,world
113.13,2026-08-31 12:27:38,12.30,0.90,-10.18,-85.6,grandpas_village,12.48,clear,12.867,5.148,0.00,9.65,world
113.63,2026-08-31 12:27:39,12.30,0.90,-10.18,-85.6,grandpas_village,12.50,clear,12.867,5.148,0.00,9.65,world
114.13,2026-08-31 12:27:39,12.30,0.90,-10.18,-85.6,grandpas_village,12.52,clear,14.798,6.346,0.00,9.65,world
114.63,2026-08-31 12:27:40,12.30,0.90,-10.18,-85.6,grandpas_village,12.54,clear,14.798,6.346,0.00,9.65,world
115.13,2026-08-31 12:27:40,12.30,0.90,-10.18,-85.6,grandpas_village,12.56,clear,14.069,5.581,0.00,9.65,world
115.63,2026-08-31 12:27:41,12.30,0.90,-10.18,-85.6,grandpas_village,12.58,clear,14.069,5.581,0.00,9.65,world
116.13,2026-08-31 12:27:41,12.30,0.90,-10.18,-85.6,grandpas_village,12.60,clear,14.808,5.598,0.00,9.65,world
116.63,2026-08-31 12:27:42,12.30,0.90,-10.18,-85.6,grandpas_village,12.62,clear,14.808,5.598,0.00,9.65,world
117.13,2026-08-31 12:27:42,12.30,0.90,-10.18,-85.6,grandpas_village,12.64,clear,13.692,4.808,0.00,9.65,world
117.63,2026-08-31 12:27:43,12.30,0.90,-10.18,-85.6,grandpas_village,12.66,clear,13.692,4.808,0.00,9.65,world
118.13,2026-08-31 12:27:43,12.30,0.90,-10.18,-85.6,grandpas_village,12.68,clear,16.509,5.540,0.00,9.65,world
118.63,2026-08-31 12:27:44,12.30,0.90,-10.18,-85.6,grandpas_village,12.70,clear,16.509,5.540,0.00,9.65,world
119.13,2026-08-31 12:27:44,12.30,0.90,-10.18,-85.6,grandpas_village,12.72,clear,15.359,6.075,0.00,9.65,world
119.63,2026-08-31 12:27:45,12.30,0.90,-10.18,-85.6,grandpas_village,12.74,clear,15.359,6.075,0.00,9.65,world
120.13,2026-08-31 12:27:45,12.30,0.90,-10.18,-85.6,grandpas_village,12.76,clear,14.742,6.113,0.00,9.65,world
120.63,2026-08-31 12:27:46,12.30,0.90,-10.18,-85.6,grandpas_village,12.78,clear,14.742,6.113,0.00,9.65,world
121.13,2026-08-31 12:27:46,12.30,0.90,-10.18,-85.6,grandpas_village,12.80,clear,14.900,6.735,0.00,9.65,world
121.63,2026-08-31 12:27:47,12.30,0.90,-10.18,-85.6,grandpas_village,12.82,clear,14.900,6.735,0.00,9.65,world
122.13,2026-08-31 12:27:47,12.30,0.90,-10.18,-85.6,grandpas_village,12.84,clear,14.657,5.774,0.00,9.65,world
122.63,2026-08-31 12:27:48,12.30,0.90,-10.18,-85.6,grandpas_village,12.86,clear,14.657,5.774,0.00,9.65,world
123.13,2026-08-31 12:27:48,12.30,0.90,-10.18,-85.6,grandpas_village,12.88,clear,13.122,5.169,0.00,9.65,world
123.63,2026-08-31 12:27:49,12.30,0.90,-10.18,-85.6,grandpas_village,12.90,clear,13.122,5.169,0.00,9.65,world
124.13,2026-08-31 12:27:49,12.30,0.90,-10.18,-85.6,grandpas_village,12.92,clear,14.328,5.608,0.00,9.65,world
124.63,2026-08-31 12:27:50,12.30,0.90,-10.18,-85.6,grandpas_village,12.94,clear,14.328,5.608,0.00,9.65,world
125.13,2026-08-31 12:27:50,12.30,0.90,-10.18,-85.6,grandpas_village,12.96,clear,21.105,7.078,0.00,9.65,world
125.63,2026-08-31 12:27:51,12.30,0.90,-10.18,-85.6,grandpas_village,12.98,clear,21.105,7.078,0.00,9.65,world
126.13,2026-08-31 12:27:51,12.30,0.90,-10.18,-85.6,grandpas_village,13.00,clear,14.683,5.605,0.00,9.65,world
126.63,2026-08-31 12:27:52,12.30,0.90,-10.18,-85.6,grandpas_village,13.02,clear,14.683,5.605,0.00,9.65,world
127.13,2026-08-31 12:27:52,12.30,0.90,-10.18,-85.6,grandpas_village,13.04,clear,14.230,5.224,0.00,9.65,world
127.63,2026-08-31 12:27:53,12.30,0.90,-10.18,-85.6,grandpas_village,13.06,clear,14.230,5.224,0.00,9.65,world
128.13,2026-08-31 12:27:53,12.30,0.90,-10.18,-85.6,grandpas_village,13.08,clear,14.922,5.702,0.00,9.65,world
128.63,2026-08-31 12:27:54,12.30,0.90,-10.18,-85.6,grandpas_village,13.10,clear,14.922,5.702,0.00,9.65,world
129.13,2026-08-31 12:27:54,12.30,0.90,-10.18,-85.6,grandpas_village,13.12,clear,15.415,6.426,0.00,9.65,world
129.63,2026-08-31 12:27:55,12.30,0.90,-10.18,-85.6,grandpas_village,13.14,clear,15.415,6.426,0.00,9.65,world
130.13,2026-08-31 12:27:55,12.30,0.90,-10.18,-85.6,grandpas_village,13.16,clear,14.806,5.885,0.00,9.65,world
130.63,2026-08-31 12:27:56,12.30,0.90,-10.18,-85.6,grandpas_village,13.18,clear,14.806,5.885,0.00,9.65,world
131.13,2026-08-31 12:27:56,12.30,0.90,-10.18,-85.6,grandpas_village,13.20,clear,17.695,6.077,0.00,9.65,world
131.63,2026-08-31 12:27:57,12.30,0.90,-10.18,-85.6,grandpas_village,13.22,clear,17.695,6.077,0.00,9.65,world
132.13,2026-08-31 12:27:57,12.30,0.90,-10.18,-85.6,grandpas_village,13.24,clear,13.638,5.614,0.00,9.65,world
132.63,2026-08-31 12:27:58,12.30,0.90,-10.18,-85.6,grandpas_village,13.26,clear,13.638,5.614,0.00,9.65,world
133.13,2026-08-31 12:27:58,12.30,0.90,-10.18,-85.6,grandpas_village,13.28,clear,16.053,4.891,0.00,9.65,world
133.63,2026-08-31 12:27:59,12.30,0.90,-10.18,-85.6,grandpas_village,13.30,clear,16.053,4.891,0.00,9.65,world
134.13,2026-08-31 12:27:59,12.30,0.90,-10.18,-85.6,grandpas_village,13.32,clear,14.925,6.652,0.00,9.65,world
134.63,2026-08-31 12:28:00,12.30,0.90,-10.18,-85.6,grandpas_village,13.34,clear,14.925,6.652,0.00,9.65,world
135.13,2026-08-31 12:28:00,12.30,0.90,-10.18,-85.6,grandpas_village,13.36,clear,17.261,6.334,0.00,9.65,world
135.63,2026-08-31 12:28:01,12.30,0.90,-10.18,-85.6,grandpas_village,13.38,clear,17.261,6.334,0.00,9.65,world
136.13,2026-08-31 12:28:01,12.30,0.90,-10.18,-85.6,grandpas_village,13.40,clear,16.295,5.962,0.00,9.65,world
136.63,2026-08-31 12:28:02,12.30,0.90,-10.18,-85.6,grandpas_village,13.42,clear,16.295,5.962,0.00,9.65,world
137.13,2026-08-31 12:28:02,12.30,0.90,-10.18,-85.6,grandpas_village,13.44,clear,14.159,5.668,0.00,9.65,world
137.63,2026-08-31 12:28:03,12.30,0.90,-10.18,-85.6,grandpas_village,13.46,clear,14.159,5.668,0.00,9.65,world
138.13,2026-08-31 12:28:03,12.30,0.90,-10.18,-85.6,grandpas_village,13.48,clear,13.954,5.804,0.00,9.65,world
138.63,2026-08-31 12:28:04,12.30,0.90,-10.18,-85.6,grandpas_village,13.50,clear,13.954,5.804,0.00,9.65,world
139.13,2026-08-31 12:28:04,12.30,0.90,-10.18,-85.6,grandpas_village,13.52,clear,13.947,6.084,0.00,9.65,world
139.63,2026-08-31 12:28:05,12.30,0.90,-10.18,-85.6,grandpas_village,13.54,clear,13.947,6.084,0.00,9.65,world
140.13,2026-08-31 12:28:05,12.30,0.90,-10.18,-85.6,grandpas_village,13.56,clear,12.020,4.942,0.00,9.65,world
140.63,2026-08-31 12:28:06,12.30,0.90,-10.18,-85.6,grandpas_village,13.58,clear,12.020,4.942,0.00,9.65,world
141.13,2026-08-31 12:28:06,12.30,0.90,-10.18,-85.6,grandpas_village,13.60,clear,14.645,5.825,0.00,9.65,world
141.63,2026-08-31 12:28:07,12.30,0.90,-10.18,-85.6,grandpas_village,13.62,clear,14.645,5.825,0.00,9.65,world
142.13,2026-08-31 12:28:07,12.30,0.90,-10.18,-85.6,grandpas_village,13.64,clear,15.203,5.730,0.00,9.65,world
142.63,2026-08-31 12:28:08,12.30,0.90,-10.18,-85.6,grandpas_village,13.66,clear,15.203,5.730,0.00,9.65,world
143.13,2026-08-31 12:28:08,12.30,0.90,-10.18,-85.6,grandpas_village,13.68,clear,14.577,5.252,0.00,9.65,world
143.63,2026-08-31 12:28:09,12.30,0.90,-10.18,-85.6,grandpas_village,13.70,clear,14.577,5.252,0.00,9.65,world
144.13,2026-08-31 12:28:09,12.30,0.90,-10.18,-85.6,grandpas_village,13.72,clear,18.159,6.497,0.00,9.65,world
144.63,2026-08-31 12:28:10,12.30,0.90,-10.18,-85.6,grandpas_village,13.74,clear,18.159,6.497,0.00,9.65,world
145.13,2026-08-31 12:28:10,12.30,0.90,-10.18,-85.6,grandpas_village,13.76,clear,15.779,5.761,0.00,9.65,world
145.63,2026-08-31 12:28:11,12.30,0.90,-10.18,-85.6,grandpas_village,13.78,clear,15.779,5.761,0.00,9.65,world
146.13,2026-08-31 12:28:11,12.30,0.90,-10.18,-85.6,grandpas_village,13.80,clear,15.415,5.525,0.00,9.65,world
146.63,2026-08-31 12:28:12,12.30,0.90,-10.18,-85.6,grandpas_village,13.82,clear,15.415,5.525,0.00,9.65,world
147.13,2026-08-31 12:28:12,12.30,0.90,-10.18,-85.6,grandpas_village,13.84,clear,14.383,5.973,0.00,9.65,world
147.63,2026-08-31 12:28:13,12.30,0.90,-10.18,-85.6,grandpas_village,13.86,clear,14.383,5.973,0.00,9.65,world
148.13,2026-08-31 12:28:13,12.30,0.90,-10.18,-85.6,grandpas_village,13.88,clear,15.323,9.558,0.00,9.65,world
148.63,2026-08-31 12:28:14,12.30,0.90,-10.18,-85.6,grandpas_village,13.90,clear,15.323,9.558,0.00,9.65,world
149.13,2026-08-31 12:28:14,12.30,0.90,-10.18,-85.6,grandpas_village,13.92,clear,14.180,6.201,0.00,9.65,world
149.63,2026-08-31 12:28:15,12.30,0.90,-10.18,-85.6,grandpas_village,13.94,clear,14.180,6.201,0.00,9.65,world
150.13,2026-08-31 12:28:15,12.30,0.90,-10.18,-85.6,grandpas_village,13.96,clear,17.445,6.755,0.00,9.65,world
150.63,2026-08-31 12:28:16,12.30,0.90,-10.18,-85.6,grandpas_village,13.98,clear,17.445,6.755,0.00,9.65,world
151.13,2026-08-31 12:28:16,12.30,0.90,-10.18,-85.6,grandpas_village,14.00,clear,14.419,5.619,0.00,9.65,world
151.63,2026-08-31 12:28:17,12.30,0.90,-10.18,-85.6,grandpas_village,14.02,clear,14.419,5.619,0.00,9.65,world
152.13,2026-08-31 12:28:17,12.30,0.90,-10.18,-85.6,grandpas_village,14.04,clear,12.647,4.576,0.00,9.65,world
152.63,2026-08-31 12:28:18,12.30,0.90,-10.18,-85.6,grandpas_village,14.06,clear,12.647,4.576,0.00,9.65,world
153.13,2026-08-31 12:28:18,12.30,0.90,-10.18,-85.6,grandpas_village,14.08,clear,15.129,5.158,0.00,9.65,world
153.63,2026-08-31 12:28:19,12.30,0.90,-10.18,-85.6,grandpas_village,14.10,clear,15.129,5.158,0.00,9.65,world
154.13,2026-08-31 12:28:19,12.30,0.90,-10.18,-85.6,grandpas_village,14.12,clear,14.244,5.674,0.00,9.65,world
154.63,2026-08-31 12:28:20,12.30,0.90,-10.18,-85.6,grandpas_village,14.14,clear,14.244,5.674,0.00,9.65,world
155.13,2026-08-31 12:28:20,12.30,0.90,-10.18,-85.6,grandpas_village,14.16,clear,15.238,6.011,0.00,9.65,world
155.63,2026-08-31 12:28:21,12.30,0.90,-10.18,-85.6,grandpas_village,14.18,clear,15.238,6.011,0.00,9.65,world
156.13,2026-08-31 12:28:21,12.30,0.90,-10.18,-85.6,grandpas_village,14.20,clear,15.191,5.869,0.00,9.65,world
156.63,2026-08-31 12:28:22,12.30,0.90,-10.18,-85.6,grandpas_village,14.22,clear,15.191,5.869,0.00,9.65,world
157.13,2026-08-31 12:28:22,12.30,0.90,-10.18,-85.6,grandpas_village,14.24,clear,13.356,5.896,0.00,9.65,world
157.63,2026-08-31 12:28:23,12.30,0.90,-10.18,-85.6,grandpas_village,14.26,clear,13.356,5.896,0.00,9.65,world
158.13,2026-08-31 12:28:23,12.30,0.90,-10.18,-85.6,grandpas_village,14.28,clear,14.437,5.665,0.00,9.65,world
158.63,2026-08-31 12:28:24,12.30,0.90,-10.18,-85.6,grandpas_village,14.30,clear,14.437,5.665,0.00,9.65,world
159.13,2026-08-31 12:28:24,12.30,0.90,-10.18,-85.6,grandpas_village,14.32,clear,14.425,5.232,0.00,9.65,world
159.63,2026-08-31 12:28:25,12.30,0.90,-10.18,-85.6,grandpas_village,14.34,clear,14.425,5.232,0.00,9.65,world
160.13,2026-08-31 12:28:25,12.30,0.90,-10.18,-85.6,grandpas_village,14.36,clear,12.901,4.608,0.00,9.65,world
160.63,2026-08-31 12:28:26,12.30,0.90,-10.18,-85.6,grandpas_village,14.38,clear,12.901,4.608,0.00,9.65,world
161.13,2026-08-31 12:28:26,12.30,0.90,-10.18,-85.6,grandpas_village,14.40,clear,14.439,6.398,0.00,9.65,world
161.63,2026-08-31 12:28:27,12.30,0.90,-10.18,-85.6,grandpas_village,14.42,clear,14.439,6.398,0.00,9.65,world
162.13,2026-08-31 12:28:27,12.30,0.90,-10.18,-85.6,grandpas_village,14.44,clear,17.016,5.988,0.00,9.65,world
162.63,2026-08-31 12:28:28,12.30,0.90,-10.18,-85.6,grandpas_village,14.46,clear,17.016,5.988,0.00,9.65,world
163.13,2026-08-31 12:28:28,12.30,0.90,-10.18,-85.6,grandpas_village,14.48,clear,14.816,6.853,0.00,9.65,world
163.63,2026-08-31 12:28:29,12.30,0.90,-10.18,-85.6,grandpas_village,14.50,clear,14.816,6.853,0.00,9.65,world
164.13,2026-08-31 12:28:29,12.30,0.90,-10.18,-85.6,grandpas_village,14.52,clear,15.068,5.905,0.00,9.65,world
164.63,2026-08-31 12:28:30,12.30,0.90,-10.18,-85.6,grandpas_village,14.54,clear,15.068,5.905,0.00,9.65,world
165.13,2026-08-31 12:28:30,12.30,0.90,-10.18,-85.6,grandpas_village,14.56,clear,14.400,5.589,0.00,9.65,world
165.63,2026-08-31 12:28:31,12.30,0.90,-10.18,-85.6,grandpas_village,14.58,clear,14.400,5.589,0.00,9.65,world
166.13,2026-08-31 12:28:31,12.30,0.90,-10.18,-85.6,grandpas_village,14.60,clear,13.927,5.510,0.00,9.65,world
166.63,2026-08-31 12:28:32,12.30,0.90,-10.18,-85.6,grandpas_village,14.62,clear,13.927,5.510,0.00,9.65,world
167.13,2026-08-31 12:28:32,12.30,0.90,-10.18,-85.6,grandpas_village,14.64,clear,14.230,5.918,0.00,9.65,world
167.63,2026-08-31 12:28:33,12.30,0.90,-10.18,-85.6,grandpas_village,14.66,clear,14.230,5.918,0.00,9.65,world
168.13,2026-08-31 12:28:33,12.30,0.90,-10.18,-85.6,grandpas_village,14.68,clear,13.113,5.205,0.00,9.65,world
168.63,2026-08-31 12:28:34,12.30,0.90,-10.18,-85.6,grandpas_village,14.70,clear,13.113,5.205,0.00,9.65,world
169.13,2026-08-31 12:28:34,12.30,0.90,-10.18,-85.6,grandpas_village,14.72,clear,14.810,5.952,0.00,9.65,world
169.63,2026-08-31 12:28:35,12.30,0.90,-10.18,-85.6,grandpas_village,14.74,clear,14.810,5.952,0.00,9.65,world
170.13,2026-08-31 12:28:35,12.30,0.90,-10.18,-85.6,grandpas_village,14.76,clear,15.133,5.577,0.00,9.65,world
170.63,2026-08-31 12:28:36,12.30,0.90,-10.18,-85.6,grandpas_village,14.78,clear,15.133,5.577,0.00,9.65,world
171.13,2026-08-31 12:28:36,12.30,0.90,-10.18,-85.6,grandpas_village,14.80,clear,13.514,5.306,0.00,9.65,world
171.63,2026-08-31 12:28:37,12.30,0.90,-10.18,-85.6,grandpas_village,14.82,clear,13.514,5.306,0.00,9.65,world
172.13,2026-08-31 12:28:37,12.30,0.90,-10.18,-85.6,grandpas_village,14.84,clear,14.058,5.322,0.00,9.65,world
172.63,2026-08-31 12:28:38,12.30,0.90,-10.18,-85.6,grandpas_village,14.86,clear,14.058,5.322,0.00,9.65,world
173.13,2026-08-31 12:28:38,12.30,0.90,-10.18,-85.6,grandpas_village,14.88,clear,13.900,5.122,0.00,9.65,world
173.63,2026-08-31 12:28:39,12.30,0.90,-10.18,-85.6,grandpas_village,14.90,clear,13.900,5.122,0.00,9.65,world
174.13,2026-08-31 12:28:39,12.30,0.90,-10.18,-85.6,grandpas_village,14.92,clear,14.308,5.728,0.00,9.65,world
174.63,2026-08-31 12:28:40,12.30,0.90,-10.18,-85.6,grandpas_village,14.94,clear,14.308,5.728,0.00,9.65,world
175.13,2026-08-31 12:28:40,12.30,0.90,-10.18,-85.6,grandpas_village,14.96,clear,14.990,5.079,0.00,9.65,world
175.63,2026-08-31 12:28:41,12.30,0.90,-10.18,-85.6,grandpas_village,14.98,clear,14.990,5.079,0.00,9.65,world
176.13,2026-08-31 12:28:41,12.30,0.90,-10.18,-85.6,grandpas_village,15.00,clear,15.927,5.586,0.00,9.65,world
176.63,2026-08-31 12:28:42,12.30,0.90,-10.18,-85.6,grandpas_village,15.02,clear,15.927,5.586,0.00,9.65,world
177.13,2026-08-31 12:28:42,12.30,0.90,-10.18,-85.6,grandpas_village,15.04,clear,14.945,5.721,0.00,9.65,world
177.63,2026-08-31 12:28:43,12.30,0.90,-10.18,-85.6,grandpas_village,15.06,clear,14.945,5.721,0.00,9.65,world
178.13,2026-08-31 12:28:43,12.30,0.90,-10.18,-85.6,grandpas_village,15.08,clear,16.771,7.110,0.00,9.65,world
178.63,2026-08-31 12:28:44,12.30,0.90,-10.18,-85.6,grandpas_village,15.10,clear,16.771,7.110,0.00,9.65,world
179.13,2026-08-31 12:28:44,12.30,0.90,-10.18,-85.6,grandpas_village,15.12,clear,17.460,5.679,0.00,9.65,world
179.63,2026-08-31 12:28:45,12.30,0.90,-10.18,-85.6,grandpas_village,15.14,clear,17.460,5.679,0.00,9.65,world
180.13,2026-08-31 12:28:45,12.30,0.90,-10.18,-85.6,grandpas_village,15.16,clear,16.553,5.938,0.00,9.65,world
180.63,2026-08-31 12:28:46,12.30,0.90,-10.18,-85.6,grandpas_village,15.18,clear,16.553,5.938,0.00,9.65,world
181.13,2026-08-31 12:28:46,12.30,0.90,-10.18,-85.6,grandpas_village,15.20,clear,33.973,5.698,0.00,9.65,world
181.63,2026-08-31 12:28:47,12.30,0.90,-10.18,-85.6,grandpas_village,15.22,clear,33.973,5.698,0.00,9.65,world
182.13,2026-08-31 12:28:48,12.30,0.90,-10.18,-85.6,grandpas_village,15.23,clear,246.702,6.152,0.00,9.65,menu_map
182.67,2026-08-31 12:28:48,12.30,0.90,-10.18,-85.6,grandpas_village,15.23,clear,246.702,6.152,0.00,9.65,world
183.17,2026-08-31 12:28:49,12.16,0.90,-10.37,-143.6,grandpas_village,15.24,clear,161.718,5.968,0.00,9.65,world
183.67,2026-08-31 12:28:49,10.67,0.90,-12.38,-143.6,grandpas_village,15.26,clear,161.718,5.968,0.00,9.71,world
184.42,2026-08-31 12:28:50,9.61,0.90,-13.82,-143.6,grandpas_village,15.30,clear,91.211,5.958,0.00,8.52,narrative_modal
185.03,2026-08-31 12:28:50,9.61,0.90,-13.82,-143.6,grandpas_village,15.32,clear,13.481,9.932,0.00,8.52,world
185.75,2026-08-31 12:28:51,9.61,0.90,-13.82,-143.6,grandpas_village,15.35,clear,13.481,9.932,0.00,8.52,narrative_modal
186.42,2026-08-31 12:28:52,9.61,0.90,-13.82,-143.6,grandpas_village,15.38,clear,15.407,7.346,0.00,8.52,narrative_modal
187.08,2026-08-31 12:28:53,9.61,0.90,-13.82,-143.6,grandpas_village,15.40,clear,14.923,6.306,0.00,8.52,narrative_modal
187.80,2026-08-31 12:28:53,9.61,0.90,-13.82,-143.6,grandpas_village,15.43,clear,14.923,6.306,0.00,8.52,narrative_modal
188.50,2026-08-31 12:28:54,9.61,0.90,-13.82,-143.6,grandpas_village,15.46,clear,15.788,7.967,0.00,8.52,world
189.18,2026-08-31 12:28:55,9.61,0.90,-13.82,-143.6,grandpas_village,15.49,clear,14.472,7.064,0.00,8.52,narrative_modal
189.68,2026-08-31 12:28:55,9.61,0.90,-13.82,-143.6,grandpas_village,15.51,clear,14.472,7.064,0.00,8.52,narrative_modal
190.18,2026-08-31 12:28:56,9.61,0.90,-13.82,-143.6,grandpas_village,15.53,clear,15.005,6.152,0.00,8.52,narrative_modal
190.68,2026-08-31 12:28:56,9.61,0.90,-13.82,-143.6,grandpas_village,15.55,clear,15.005,6.152,0.00,8.52,narrative_modal
191.18,2026-08-31 12:28:57,9.61,0.90,-13.82,-143.6,grandpas_village,15.57,clear,16.779,6.196,0.00,8.52,narrative_modal
191.68,2026-08-31 12:28:57,9.61,0.90,-13.82,-143.6,grandpas_village,15.59,clear,16.779,6.196,0.00,8.52,narrative_modal
192.18,2026-08-31 12:28:58,10.89,0.90,-15.46,142.1,grandpas_village,15.61,clear,16.048,5.317,0.00,6.64,world
192.68,2026-08-31 12:28:58,12.14,0.90,-17.07,142.1,grandpas_village,15.63,clear,16.048,5.317,0.00,4.93,world
193.18,2026-08-31 12:28:59,13.56,0.90,-16.50,97.7,grandpas_village,15.65,clear,14.733,5.806,0.00,5.72,world
193.68,2026-08-31 12:28:59,15.04,0.90,-18.38,145.3,grandpas_village,15.67,clear,14.733,5.806,0.00,4.72,world
194.18,2026-08-31 12:29:00,16.46,0.90,-20.44,145.3,grandpas_village,15.69,clear,14.714,6.448,0.00,4.73,world
194.68,2026-08-31 12:29:00,17.88,0.90,-22.49,145.3,grandpas_village,15.71,clear,14.714,6.448,0.00,5.82,world
195.18,2026-08-31 12:29:01,19.34,0.90,-24.42,145.6,grandpas_village,15.73,clear,15.485,6.467,0.00,4.68,world
195.68,2026-08-31 12:29:01,20.77,0.86,-26.47,145.7,grandpas_village,15.75,clear,15.485,6.467,0.00,4.07,world
196.18,2026-08-31 12:29:02,22.20,0.74,-28.54,145.8,grandpas_village,15.77,clear,16.306,6.165,0.00,4.89,world
196.68,2026-08-31 12:29:02,23.64,0.59,-30.65,145.8,grandpas_village,15.79,clear,16.306,6.165,0.00,3.73,world
197.18,2026-08-31 12:29:03,25.08,0.45,-32.76,145.8,grandpas_village,15.81,clear,15.598,5.755,0.00,3.32,world
197.68,2026-08-31 12:29:03,26.50,0.37,-34.84,145.8,grandpas_village,15.83,clear,15.598,5.755,0.00,4.58,world
198.18,2026-08-31 12:29:04,27.87,0.32,-36.92,166.9,grandpas_village,15.85,clear,15.698,6.177,0.00,6.56,world
198.68,2026-08-31 12:29:05,27.87,0.42,-39.37,-179.5,grandpas_village,15.87,clear,14.633,778.155,0.00,4.49,world
199.18,2026-08-31 12:29:05,27.86,0.53,-41.83,-179.4,grandpas_village,15.89,clear,13.836,5.760,0.00,2.04,world
199.68,2026-08-31 12:29:06,27.86,0.55,-42.18,-179.4,grandpas_village,15.91,clear,13.836,5.760,0.00,1.68,world
200.18,2026-08-31 12:29:06,27.86,0.55,-42.18,-179.4,grandpas_village,15.93,clear,13.956,5.743,0.00,1.68,world
200.68,2026-08-31 12:29:07,27.86,0.55,-42.18,-179.4,grandpas_village,15.95,clear,13.956,5.743,0.00,1.68,world
201.18,2026-08-31 12:29:07,27.86,0.55,-42.18,-179.4,grandpas_village,15.97,clear,14.315,6.041,0.00,1.68,world
201.68,2026-08-31 12:29:08,27.86,0.55,-42.18,-179.4,grandpas_village,15.99,clear,14.315,6.041,0.00,1.68,world
202.18,2026-08-31 12:29:08,27.86,0.55,-42.18,-179.4,grandpas_village,16.01,clear,14.066,5.548,0.00,1.68,world
202.72,2026-08-31 12:29:09,27.86,0.55,-42.18,-179.4,grandpas_village,16.03,clear,14.066,5.548,0.00,1.68,world
203.63,2026-08-31 12:29:10,27.86,0.55,-42.18,-179.4,grandpas_village,16.06,clear,14.244,6.041,0.00,1.68,world
204.13,2026-08-31 12:29:10,27.86,0.55,-42.18,-179.4,grandpas_village,16.08,clear,14.244,6.041,0.00,1.68,world
204.63,2026-08-31 12:29:11,27.86,0.55,-42.18,-179.4,grandpas_village,16.10,clear,17.471,5.190,0.00,1.68,world
205.13,2026-08-31 12:29:11,27.86,0.55,-42.18,-179.4,grandpas_village,16.12,clear,17.471,5.190,0.00,1.68,world
205.63,2026-08-31 12:29:12,27.86,0.55,-42.18,-179.4,grandpas_village,16.14,clear,13.425,5.341,0.00,1.68,world
206.13,2026-08-31 12:29:12,27.86,0.55,-42.18,-179.4,grandpas_village,16.16,clear,13.425,5.341,0.00,1.68,world
206.63,2026-08-31 12:29:13,27.86,0.55,-42.18,-179.4,grandpas_village,16.18,clear,14.587,4.711,0.00,1.68,world
207.13,2026-08-31 12:29:13,27.86,0.55,-42.18,-179.4,grandpas_village,16.20,clear,14.587,4.711,0.00,1.68,world
207.63,2026-08-31 12:29:14,27.86,0.55,-42.18,-179.4,grandpas_village,16.22,clear,16.504,5.895,0.00,1.68,world
208.13,2026-08-31 12:29:14,27.86,0.55,-42.18,-179.4,grandpas_village,16.24,clear,16.504,5.895,0.00,1.68,world
208.63,2026-08-31 12:29:15,27.86,0.55,-42.18,-179.4,grandpas_village,16.26,clear,13.964,5.486,0.00,1.68,world
209.13,2026-08-31 12:29:15,27.86,0.55,-42.18,-179.4,grandpas_village,16.28,clear,13.964,5.486,0.00,1.68,world
209.63,2026-08-31 12:29:16,27.86,0.55,-42.18,-179.4,grandpas_village,16.30,clear,15.945,5.813,0.00,1.68,world
210.13,2026-08-31 12:29:16,27.86,0.55,-42.18,-179.4,grandpas_village,16.32,clear,14.454,397.496,0.00,1.68,world
210.63,2026-08-31 12:29:17,27.86,0.55,-42.18,-179.4,grandpas_village,16.34,clear,14.454,397.496,0.00,1.68,world
211.13,2026-08-31 12:29:17,27.86,0.55,-42.18,-179.4,grandpas_village,16.36,clear,14.531,5.487,0.00,1.68,world
211.63,2026-08-31 12:29:18,27.86,0.55,-42.18,-179.4,grandpas_village,16.38,clear,14.531,5.487,0.00,1.68,world
212.13,2026-08-31 12:29:18,27.86,0.55,-42.18,-179.4,grandpas_village,16.40,clear,14.129,5.502,0.00,1.68,world
212.63,2026-08-31 12:29:19,27.86,0.55,-42.18,-179.4,grandpas_village,16.42,clear,14.129,5.502,0.00,1.68,world
213.30,2026-08-31 12:29:20,27.86,0.55,-42.18,-179.4,grandpas_village,16.45,clear,13.966,5.580,0.00,1.68,world
213.80,2026-08-31 12:29:20,27.86,0.55,-42.18,-179.4,grandpas_village,16.47,clear,13.966,5.580,0.00,1.68,world
214.30,2026-08-31 12:29:21,27.86,0.55,-42.18,-179.4,grandpas_village,16.49,clear,17.875,6.334,0.00,1.68,world
214.80,2026-08-31 12:29:21,27.86,0.55,-42.18,-179.4,grandpas_village,16.51,clear,17.875,6.334,0.00,1.68,world
215.30,2026-08-31 12:29:22,27.86,0.55,-42.18,-179.4,grandpas_village,16.53,clear,17.518,6.929,0.00,1.68,world
215.80,2026-08-31 12:29:22,27.86,0.55,-42.18,-179.4,grandpas_village,16.55,clear,17.518,6.929,0.00,1.68,world
216.30,2026-08-31 12:29:23,27.86,0.55,-42.18,-179.4,grandpas_village,16.57,clear,14.146,5.354,0.00,1.68,world
216.80,2026-08-31 12:29:23,27.86,0.55,-42.18,-179.4,grandpas_village,16.59,clear,14.146,5.354,0.00,1.68,world
217.30,2026-08-31 12:29:24,27.86,0.55,-42.18,-179.4,grandpas_village,16.61,clear,14.093,5.011,0.00,1.68,world
217.80,2026-08-31 12:29:24,27.86,0.55,-42.18,-179.4,grandpas_village,16.63,clear,14.093,5.011,0.00,1.68,world
218.30,2026-08-31 12:29:25,27.86,0.55,-42.18,-179.4,grandpas_village,16.65,clear,13.172,4.742,0.00,1.68,world
218.80,2026-08-31 12:29:25,27.86,0.55,-42.18,-179.4,grandpas_village,16.67,clear,13.172,4.742,0.00,1.68,world
219.30,2026-08-31 12:29:26,27.86,0.55,-42.18,-179.4,grandpas_village,16.69,clear,12.451,5.169,0.00,1.68,world
219.80,2026-08-31 12:29:26,27.86,0.55,-42.18,-179.4,grandpas_village,16.71,clear,12.451,5.169,0.00,1.68,world
220.30,2026-08-31 12:29:27,27.86,0.55,-42.18,-179.4,grandpas_village,16.73,clear,13.136,5.200,0.00,1.68,world
220.80,2026-08-31 12:29:27,27.86,0.55,-42.18,-179.4,grandpas_village,16.75,clear,15.202,430.782,0.00,1.68,world
221.30,2026-08-31 12:29:28,27.86,0.55,-42.18,-179.4,grandpas_village,16.77,clear,15.202,430.782,0.00,1.68,world
221.80,2026-08-31 12:29:28,27.86,0.55,-42.18,-179.4,grandpas_village,16.79,clear,16.587,5.771,0.00,1.68,world
222.30,2026-08-31 12:29:29,27.86,0.55,-42.18,-179.4,grandpas_village,16.81,clear,16.587,5.771,0.00,1.68,world
222.80,2026-08-31 12:29:29,27.86,0.55,-42.18,-179.4,grandpas_village,16.83,clear,14.328,5.453,0.00,1.68,world
223.30,2026-08-31 12:29:30,27.86,0.55,-42.18,-179.4,grandpas_village,16.85,clear,14.328,5.453,0.00,1.68,world
223.92,2026-08-31 12:29:31,27.86,0.55,-42.18,-179.4,grandpas_village,16.88,clear,16.578,5.903,0.00,1.68,world
224.85,2026-08-31 12:29:32,27.86,0.55,-42.18,-179.4,grandpas_village,16.91,clear,15.558,4.603,0.00,1.68,world
225.35,2026-08-31 12:29:32,27.86,0.55,-42.18,-179.4,grandpas_village,16.93,clear,15.558,4.603,0.00,1.68,world
225.85,2026-08-31 12:29:33,27.86,0.55,-42.18,-179.4,grandpas_village,16.95,clear,16.162,6.613,0.00,1.68,world
226.35,2026-08-31 12:29:33,27.86,0.55,-42.18,-179.4,grandpas_village,16.97,clear,16.162,6.613,0.00,1.68,world
226.85,2026-08-31 12:29:34,27.86,0.55,-42.18,-179.4,grandpas_village,16.99,clear,14.558,5.561,0.00,1.68,world
227.35,2026-08-31 12:29:34,27.86,0.55,-42.18,-179.4,grandpas_village,17.01,clear,14.558,5.561,0.00,1.68,world
227.85,2026-08-31 12:29:35,27.86,0.55,-42.18,-179.4,grandpas_village,17.03,clear,15.066,5.871,0.00,1.68,world
228.35,2026-08-31 12:29:35,27.86,0.55,-42.18,-179.4,grandpas_village,17.05,clear,15.066,5.871,0.00,1.68,world
228.85,2026-08-31 12:29:36,27.86,0.55,-42.18,-179.4,grandpas_village,17.07,clear,15.811,5.758,0.00,1.68,world
229.35,2026-08-31 12:29:36,27.86,0.55,-42.18,-179.4,grandpas_village,17.09,clear,15.811,5.758,0.00,1.68,world
229.85,2026-08-31 12:29:37,27.86,0.55,-42.18,-179.4,grandpas_village,17.11,clear,14.600,6.028,0.00,1.68,world
230.35,2026-08-31 12:29:37,27.86,0.55,-42.18,-179.4,grandpas_village,17.13,clear,14.600,6.028,0.00,1.68,world
230.85,2026-08-31 12:29:38,27.86,0.55,-42.18,-179.4,grandpas_village,17.15,clear,14.185,5.366,0.00,1.68,world
231.35,2026-08-31 12:29:38,27.86,0.55,-42.18,-179.4,grandpas_village,17.17,clear,13.940,435.666,0.00,1.68,world
231.85,2026-08-31 12:29:39,27.86,0.55,-42.18,-179.4,grandpas_village,17.19,clear,13.940,435.666,0.00,1.68,world
232.35,2026-08-31 12:29:39,27.86,0.55,-42.18,-179.4,grandpas_village,17.21,clear,15.216,5.910,0.00,1.68,world
232.85,2026-08-31 12:29:40,27.86,0.55,-42.18,-179.4,grandpas_village,17.23,clear,15.216,5.910,0.00,1.68,world
233.35,2026-08-31 12:29:40,27.86,0.55,-42.18,-179.4,grandpas_village,17.25,clear,14.386,6.035,0.00,1.68,world
233.85,2026-08-31 12:29:41,27.86,0.55,-42.18,-179.4,grandpas_village,17.27,clear,14.386,6.035,0.00,1.68,world
234.45,2026-08-31 12:29:41,27.86,0.55,-42.18,-179.4,grandpas_village,17.30,clear,14.488,6.052,0.00,1.68,world
235.35,2026-08-31 12:29:42,27.86,0.55,-42.18,-179.4,grandpas_village,17.33,clear,13.768,5.146,0.00,1.68,world
235.85,2026-08-31 12:29:43,27.86,0.55,-42.18,-179.4,grandpas_village,17.35,clear,13.768,5.146,0.00,1.68,world
236.35,2026-08-31 12:29:43,27.86,0.55,-42.18,-179.4,grandpas_village,17.37,clear,14.614,6.332,0.00,1.68,world
236.85,2026-08-31 12:29:44,27.86,0.55,-42.18,-179.4,grandpas_village,17.39,clear,14.614,6.332,0.00,1.68,world
237.35,2026-08-31 12:29:44,27.86,0.55,-42.18,-179.4,grandpas_village,17.41,clear,14.286,6.107,0.00,1.68,world
237.85,2026-08-31 12:29:45,27.86,0.55,-42.18,-179.4,grandpas_village,17.43,clear,14.286,6.107,0.00,1.68,world
238.35,2026-08-31 12:29:45,27.86,0.55,-42.18,-179.4,grandpas_village,17.45,clear,14.070,5.359,0.00,1.68,world
238.85,2026-08-31 12:29:46,27.86,0.55,-42.18,-179.4,grandpas_village,17.47,clear,14.070,5.359,0.00,1.68,world
239.35,2026-08-31 12:29:46,27.86,0.55,-42.18,-179.4,grandpas_village,17.49,clear,12.703,4.955,0.00,1.68,world
239.85,2026-08-31 12:29:47,27.86,0.55,-42.18,-179.4,grandpas_village,17.51,clear,12.703,4.955,0.00,1.68,world
240.35,2026-08-31 12:29:47,27.86,0.55,-42.18,-179.4,grandpas_village,17.53,clear,15.360,5.785,0.00,1.68,world
240.85,2026-08-31 12:29:48,27.86,0.55,-42.18,-179.4,grandpas_village,17.55,clear,15.360,5.785,0.00,1.68,world
241.35,2026-08-31 12:29:48,27.86,0.55,-42.18,-179.4,grandpas_village,17.57,clear,16.227,6.165,0.00,1.68,world
241.85,2026-08-31 12:29:49,27.86,0.55,-42.18,-179.4,grandpas_village,17.59,clear,16.227,6.165,0.00,1.68,world
242.35,2026-08-31 12:29:50,27.86,0.55,-42.18,-179.4,grandpas_village,17.61,clear,14.181,435.092,0.00,1.68,world
242.85,2026-08-31 12:29:50,27.86,0.55,-42.18,-179.4,grandpas_village,17.63,clear,14.181,435.092,0.00,1.68,world
243.35,2026-08-31 12:29:51,27.86,0.55,-42.18,-179.4,grandpas_village,17.65,clear,14.747,6.107,0.00,1.68,world
243.85,2026-08-31 12:29:51,27.86,0.55,-42.18,-179.4,grandpas_village,17.67,clear,14.747,6.107,0.00,1.68,world
244.35,2026-08-31 12:29:52,27.86,0.55,-42.18,-179.4,grandpas_village,17.69,clear,14.864,6.852,0.00,1.68,world
245.00,2026-08-31 12:29:52,27.86,0.55,-42.18,-179.4,grandpas_village,17.72,clear,14.864,6.852,0.00,1.68,world
245.95,2026-08-31 12:29:53,27.86,0.55,-42.18,-179.4,grandpas_village,17.76,clear,14.441,6.200,0.00,1.68,world
246.45,2026-08-31 12:29:54,27.86,0.55,-42.18,-179.4,grandpas_village,17.78,clear,15.322,6.361,0.00,1.68,world
246.95,2026-08-31 12:29:54,27.86,0.55,-42.18,-179.4,grandpas_village,17.80,clear,15.322,6.361,0.00,1.68,world
247.45,2026-08-31 12:29:55,27.86,0.55,-42.18,-179.4,grandpas_village,17.82,clear,13.852,5.270,0.00,1.68,world
247.95,2026-08-31 12:29:55,27.86,0.55,-42.18,-179.4,grandpas_village,17.84,clear,13.852,5.270,0.00,1.68,world
248.45,2026-08-31 12:29:56,27.86,0.55,-42.18,-179.4,grandpas_village,17.86,clear,14.141,4.678,0.00,1.68,world
248.95,2026-08-31 12:29:56,27.86,0.55,-42.18,-179.4,grandpas_village,17.88,clear,14.141,4.678,0.00,1.68,world
249.45,2026-08-31 12:29:57,27.86,0.55,-42.18,-179.4,grandpas_village,17.90,clear,12.871,5.203,0.00,1.68,world
249.95,2026-08-31 12:29:57,27.86,0.55,-42.18,-179.4,grandpas_village,17.92,clear,12.871,5.203,0.00,1.68,world
250.45,2026-08-31 12:29:58,27.86,0.55,-42.18,-179.4,grandpas_village,17.94,clear,13.956,5.901,0.00,1.68,world
250.95,2026-08-31 12:29:58,27.86,0.55,-42.18,-179.4,grandpas_village,17.96,clear,13.956,5.901,0.00,1.68,world
251.45,2026-08-31 12:29:59,27.86,0.55,-42.18,-179.4,grandpas_village,17.98,clear,15.406,5.523,0.00,1.68,world
251.95,2026-08-31 12:29:59,27.86,0.55,-42.18,-179.4,grandpas_village,18.00,clear,15.406,5.523,0.00,1.68,world
252.45,2026-08-31 12:30:00,27.86,0.55,-42.18,-179.4,grandpas_village,18.02,clear,15.122,5.974,0.00,1.68,world
252.95,2026-08-31 12:30:01,27.86,0.55,-42.18,-179.4,grandpas_village,18.04,clear,15.196,437.513,0.00,1.68,world
253.45,2026-08-31 12:30:01,27.86,0.55,-42.18,-179.4,grandpas_village,18.06,clear,15.196,437.513,0.00,1.68,world
253.95,2026-08-31 12:30:02,27.86,0.55,-42.18,-179.4,grandpas_village,18.08,clear,19.604,6.193,0.00,1.68,world
254.45,2026-08-31 12:30:02,27.86,0.55,-42.18,-179.4,grandpas_village,18.10,clear,19.604,6.193,0.00,1.68,world
254.95,2026-08-31 12:30:03,27.86,0.55,-42.18,-179.4,grandpas_village,18.12,clear,15.445,6.318,0.00,1.68,world
255.62,2026-08-31 12:30:03,27.86,0.55,-42.18,-179.4,grandpas_village,18.14,clear,15.445,6.318,0.00,1.68,world
256.57,2026-08-31 12:30:04,27.86,0.55,-42.18,-179.4,grandpas_village,18.18,clear,14.685,6.745,0.00,1.68,world
257.07,2026-08-31 12:30:05,27.86,0.55,-42.18,-179.4,grandpas_village,18.20,clear,14.922,6.796,0.00,1.68,world
257.57,2026-08-31 12:30:05,27.86,0.55,-42.18,-179.4,grandpas_village,18.22,clear,14.922,6.796,0.00,1.68,world
258.07,2026-08-31 12:30:06,27.86,0.55,-42.18,-179.4,grandpas_village,18.24,clear,14.582,5.033,0.00,1.68,world
258.57,2026-08-31 12:30:06,27.86,0.55,-42.18,-179.4,grandpas_village,18.26,clear,14.582,5.033,0.00,1.68,world
259.07,2026-08-31 12:30:07,27.86,0.55,-42.18,-179.4,grandpas_village,18.28,clear,14.092,4.411,0.00,1.68,world
259.57,2026-08-31 12:30:07,27.86,0.55,-42.18,-179.4,grandpas_village,18.30,clear,14.092,4.411,0.00,1.68,world
260.07,2026-08-31 12:30:08,27.86,0.55,-42.18,-179.4,grandpas_village,18.32,clear,15.217,5.619,0.00,1.68,world
260.57,2026-08-31 12:30:08,27.86,0.55,-42.18,-179.4,grandpas_village,18.34,clear,15.217,5.619,0.00,1.68,world
261.07,2026-08-31 12:30:09,27.86,0.55,-42.18,-179.4,grandpas_village,18.36,clear,15.289,5.938,0.00,1.68,world
261.57,2026-08-31 12:30:09,27.86,0.55,-42.18,-179.4,grandpas_village,18.38,clear,15.289,5.938,0.00,1.68,world
262.07,2026-08-31 12:30:10,27.86,0.55,-42.18,-179.4,grandpas_village,18.40,clear,14.931,6.146,0.00,1.68,world
262.57,2026-08-31 12:30:10,27.86,0.55,-42.18,-179.4,grandpas_village,18.42,clear,14.931,6.146,0.00,1.68,world
263.07,2026-08-31 12:30:11,27.86,0.55,-42.18,-179.4,grandpas_village,18.44,clear,16.124,492.237,0.00,1.68,world
263.57,2026-08-31 12:30:11,27.86,0.55,-42.18,-179.4,grandpas_village,18.46,clear,19.693,5.956,0.00,1.68,world
264.07,2026-08-31 12:30:12,27.86,0.55,-42.18,-179.4,grandpas_village,18.48,clear,19.693,5.956,0.00,1.68,world
264.57,2026-08-31 12:30:12,27.86,0.55,-42.18,-179.4,grandpas_village,18.50,clear,15.483,5.573,0.00,1.68,world
265.07,2026-08-31 12:30:13,27.86,0.55,-42.18,-179.4,grandpas_village,18.52,clear,15.483,5.573,0.00,1.68,world
265.57,2026-08-31 12:30:13,27.86,0.55,-42.18,-179.4,grandpas_village,18.54,clear,14.972,5.924,0.00,1.68,world
266.27,2026-08-31 12:30:14,27.86,0.55,-42.18,-179.4,grandpas_village,18.57,clear,14.972,5.924,0.00,1.68,world
267.13,2026-08-31 12:30:15,27.86,0.55,-42.18,-179.4,grandpas_village,18.60,clear,15.225,7.463,0.00,1.68,world
267.63,2026-08-31 12:30:16,27.86,0.55,-42.18,-179.4,grandpas_village,18.62,clear,13.627,5.337,0.00,1.68,world
268.13,2026-08-31 12:30:16,27.86,0.55,-42.18,-179.4,grandpas_village,18.64,clear,13.627,5.337,0.00,1.68,world
268.63,2026-08-31 12:30:17,27.86,0.55,-42.18,-179.4,grandpas_village,18.66,clear,14.587,5.633,0.00,1.68,world
269.13,2026-08-31 12:30:17,27.86,0.55,-42.18,-179.4,grandpas_village,18.68,clear,14.587,5.633,0.00,1.68,world
269.63,2026-08-31 12:30:18,27.86,0.55,-42.18,-179.4,grandpas_village,18.70,clear,13.774,23.747,0.00,1.68,world
270.13,2026-08-31 12:30:18,27.86,0.55,-42.18,-179.4,grandpas_village,18.72,clear,13.774,23.747,0.00,1.68,world
270.63,2026-08-31 12:30:19,27.86,0.55,-42.18,-179.4,grandpas_village,18.74,clear,15.730,5.875,0.00,1.68,world
271.13,2026-08-31 12:30:19,27.86,0.55,-42.18,-179.4,grandpas_village,18.76,clear,15.730,5.875,0.00,1.68,world
271.63,2026-08-31 12:30:20,27.86,0.55,-42.18,-179.4,grandpas_village,18.78,clear,15.001,5.284,0.00,1.68,world
272.13,2026-08-31 12:30:20,27.86,0.55,-42.18,-179.4,grandpas_village,18.80,clear,15.001,5.284,0.00,1.68,world
272.63,2026-08-31 12:30:21,27.86,0.55,-42.18,-179.4,grandpas_village,18.82,clear,15.558,5.722,0.00,1.68,world
273.13,2026-08-31 12:30:21,27.86,0.55,-42.18,-179.4,grandpas_village,18.84,clear,15.558,5.722,0.00,1.68,world
273.63,2026-08-31 12:30:22,27.86,0.55,-42.18,-179.4,grandpas_village,18.86,clear,14.962,420.421,0.00,1.68,world
274.13,2026-08-31 12:30:22,27.86,0.55,-42.18,-179.4,grandpas_village,18.88,clear,13.926,5.031,0.00,1.68,world
274.63,2026-08-31 12:30:23,27.86,0.55,-42.18,-179.4,grandpas_village,18.90,clear,13.926,5.031,0.00,1.68,world
275.13,2026-08-31 12:30:23,27.86,0.55,-42.18,-179.4,grandpas_village,18.92,clear,15.307,5.368,0.00,1.68,world
275.63,2026-08-31 12:30:24,27.86,0.55,-42.18,-179.4,grandpas_village,18.94,clear,15.307,5.368,0.00,1.68,world
276.13,2026-08-31 12:30:24,27.86,0.55,-42.18,-179.4,grandpas_village,18.96,clear,14.052,5.699,0.00,1.68,world
276.67,2026-08-31 12:30:25,27.86,0.55,-42.18,-179.4,grandpas_village,18.99,clear,14.052,5.699,0.00,1.68,world
277.53,2026-08-31 12:30:26,27.86,0.55,-42.18,-179.4,grandpas_village,19.02,clear,12.625,5.131,0.00,1.68,world
278.03,2026-08-31 12:30:26,27.86,0.55,-42.18,-179.4,grandpas_village,19.04,clear,12.625,5.131,0.00,1.68,world
278.53,2026-08-31 12:30:27,27.86,0.55,-42.18,-179.4,grandpas_village,19.06,clear,12.619,5.321,0.00,1.68,world
279.03,2026-08-31 12:30:27,27.86,0.55,-42.18,-179.4,grandpas_village,19.08,clear,12.619,5.321,0.00,1.68,world
279.53,2026-08-31 12:30:28,27.86,0.55,-42.18,-179.4,grandpas_village,19.10,clear,14.416,5.520,0.00,1.68,world
280.03,2026-08-31 12:30:28,27.86,0.55,-42.18,-179.4,grandpas_village,19.12,clear,14.416,5.520,0.00,1.68,world
280.53,2026-08-31 12:30:29,27.86,0.55,-42.18,-179.4,grandpas_village,19.14,clear,15.461,25.309,0.00,1.68,world
281.03,2026-08-31 12:30:29,27.86,0.55,-42.18,-179.4,grandpas_village,19.16,clear,15.461,25.309,0.00,1.68,world
281.53,2026-08-31 12:30:30,27.86,0.55,-42.18,-179.4,grandpas_village,19.18,clear,14.127,5.357,0.00,1.68,world
282.03,2026-08-31 12:30:30,27.86,0.55,-42.18,-179.4,grandpas_village,19.20,clear,14.127,5.357,0.00,1.68,world
282.53,2026-08-31 12:30:31,27.86,0.55,-42.18,-179.4,grandpas_village,19.22,clear,14.126,5.927,0.00,1.68,world
283.03,2026-08-31 12:30:31,27.86,0.55,-42.18,-179.4,grandpas_village,19.24,clear,14.126,5.927,0.00,1.68,world
283.53,2026-08-31 12:30:32,27.86,0.55,-42.18,-179.4,grandpas_village,19.26,clear,13.317,4.783,0.00,1.68,world
284.03,2026-08-31 12:30:33,27.86,0.55,-42.18,-179.4,grandpas_village,19.28,clear,14.232,441.664,0.00,1.68,world
284.53,2026-08-31 12:30:33,27.86,0.55,-42.18,-179.4,grandpas_village,19.30,clear,14.232,441.664,0.00,1.68,world
285.03,2026-08-31 12:30:34,27.86,0.55,-42.18,-179.4,grandpas_village,19.32,clear,14.576,5.650,0.00,1.68,world
285.53,2026-08-31 12:30:34,27.86,0.55,-42.18,-179.4,grandpas_village,19.34,clear,14.576,5.650,0.00,1.68,world
286.03,2026-08-31 12:30:35,27.86,0.55,-42.18,-179.4,grandpas_village,19.36,clear,13.646,5.267,0.00,1.68,world
286.53,2026-08-31 12:30:35,27.86,0.55,-42.18,-179.4,grandpas_village,19.38,clear,13.646,5.267,0.00,1.68,world
287.23,2026-08-31 12:30:36,27.86,0.55,-42.18,-179.4,grandpas_village,19.41,clear,16.491,6.511,0.00,1.68,world
287.77,2026-08-31 12:30:36,27.86,0.55,-42.18,-179.4,grandpas_village,19.43,clear,18.904,6.401,0.00,1.68,world
288.27,2026-08-31 12:30:37,27.86,0.55,-42.18,-179.4,grandpas_village,19.45,cloudy,18.904,6.401,0.00,1.68,world
288.77,2026-08-31 12:30:37,27.86,0.55,-42.18,-179.4,grandpas_village,19.47,cloudy,14.677,6.896,0.00,1.68,world
289.27,2026-08-31 12:30:38,27.86,0.55,-42.18,-179.4,grandpas_village,19.49,cloudy,14.677,6.896,0.00,1.68,world
289.77,2026-08-31 12:30:38,27.86,0.55,-42.18,-179.4,grandpas_village,19.51,cloudy,19.321,6.005,0.00,1.68,world
290.27,2026-08-31 12:30:39,27.86,0.55,-42.18,-179.4,grandpas_village,19.53,cloudy,19.321,6.005,0.00,1.68,world
290.77,2026-08-31 12:30:39,27.86,0.55,-42.18,-179.4,grandpas_village,19.55,cloudy,15.705,6.044,0.00,1.68,world
291.27,2026-08-31 12:30:40,27.86,0.55,-42.18,-179.4,grandpas_village,19.57,cloudy,15.705,6.044,0.00,1.68,world
291.77,2026-08-31 12:30:40,27.86,0.55,-42.18,-179.4,grandpas_village,19.59,cloudy,16.180,5.731,0.00,1.68,world
292.27,2026-08-31 12:30:41,27.86,0.55,-42.18,-179.4,grandpas_village,19.61,cloudy,16.180,5.731,0.00,1.68,world
292.77,2026-08-31 12:30:41,27.86,0.55,-42.18,-179.4,grandpas_village,19.63,cloudy,15.580,5.466,0.00,1.68,world
293.27,2026-08-31 12:30:42,27.86,0.55,-42.18,-179.4,grandpas_village,19.65,cloudy,15.580,5.466,0.00,1.68,world
293.77,2026-08-31 12:30:42,27.86,0.55,-42.18,-179.4,grandpas_village,19.67,cloudy,14.942,5.947,0.00,1.68,world
294.27,2026-08-31 12:30:43,27.86,0.55,-42.18,-179.4,grandpas_village,19.69,cloudy,14.942,5.947,0.00,1.68,world
294.77,2026-08-31 12:30:44,27.86,0.55,-42.18,-179.4,grandpas_village,19.71,cloudy,15.615,464.014,0.00,1.68,world
295.27,2026-08-31 12:30:44,27.86,0.55,-42.18,-179.4,grandpas_village,19.73,cloudy,15.615,464.014,0.00,1.68,world
295.77,2026-08-31 12:30:45,27.86,0.55,-42.18,-179.4,grandpas_village,19.75,cloudy,15.675,5.867,0.00,1.68,world
296.27,2026-08-31 12:30:45,27.86,0.55,-42.18,-179.4,grandpas_village,19.77,cloudy,15.675,5.867,0.00,1.68,world
296.77,2026-08-31 12:30:46,27.86,0.55,-42.18,-179.4,grandpas_village,19.79,cloudy,16.874,5.278,0.00,1.68,world
297.27,2026-08-31 12:30:46,27.86,0.55,-42.18,-179.4,grandpas_village,19.81,cloudy,16.874,5.278,0.00,1.68,world
297.93,2026-08-31 12:30:47,27.86,0.55,-42.18,-179.4,grandpas_village,19.84,cloudy,17.641,5.253,0.00,1.68,world
298.87,2026-08-31 12:30:48,27.86,0.55,-42.18,-179.4,grandpas_village,19.87,cloudy,15.149,6.458,0.00,1.68,world
299.37,2026-08-31 12:30:48,27.86,0.55,-42.18,-179.4,grandpas_village,19.89,cloudy,15.149,6.458,0.00,1.68,world
299.87,2026-08-31 12:30:49,27.86,0.55,-42.18,-179.4,grandpas_village,19.91,cloudy,14.012,5.804,0.00,1.68,world
300.37,2026-08-31 12:30:49,27.86,0.55,-42.18,-179.4,grandpas_village,19.93,cloudy,14.012,5.804,0.00,1.68,world
300.87,2026-08-31 12:30:50,27.86,0.55,-42.18,-179.4,grandpas_village,19.95,cloudy,15.380,5.444,0.00,1.68,world
301.37,2026-08-31 12:30:50,27.86,0.55,-42.18,-179.4,grandpas_village,19.97,cloudy,15.380,5.444,0.00,1.68,world
301.87,2026-08-31 12:30:51,27.86,0.55,-42.18,-179.4,grandpas_village,19.99,cloudy,13.602,4.921,0.00,1.68,world
302.37,2026-08-31 12:30:51,27.86,0.55,-42.18,-179.4,grandpas_village,20.01,cloudy,13.602,4.921,0.00,1.68,world
302.87,2026-08-31 12:30:52,27.86,0.55,-42.18,-179.4,grandpas_village,20.03,cloudy,16.566,6.397,0.00,1.68,world
303.37,2026-08-31 12:30:52,27.86,0.55,-42.18,-179.4,grandpas_village,20.05,cloudy,16.566,6.397,0.00,1.68,world
303.87,2026-08-31 12:30:53,27.86,0.55,-42.18,-179.4,grandpas_village,20.07,cloudy,18.657,6.823,0.00,1.68,world
304.37,2026-08-31 12:30:53,27.86,0.55,-42.18,-179.4,grandpas_village,20.09,cloudy,18.657,6.823,0.00,1.68,world
304.87,2026-08-31 12:30:54,27.86,0.55,-42.18,-179.4,grandpas_village,20.11,cloudy,18.296,7.340,0.00,1.68,world
305.37,2026-08-31 12:30:54,27.86,0.55,-42.18,-179.4,grandpas_village,20.13,cloudy,18.296,7.340,0.00,1.68,world
305.87,2026-08-31 12:30:55,27.86,0.55,-42.18,-179.4,grandpas_village,20.15,cloudy,17.955,9.221,0.00,1.68,world
306.37,2026-08-31 12:30:55,27.86,0.55,-42.18,-179.4,grandpas_village,20.16,cloudy,17.955,9.221,0.00,1.68,menu_backpack
306.88,2026-08-31 12:30:56,27.86,0.55,-42.18,-179.4,grandpas_village,20.17,cloudy,141.432,6.043,0.00,1.68,world
307.38,2026-08-31 12:30:56,27.44,0.54,-40.73,-16.2,grandpas_village,20.19,cloudy,86.518,7.143,0.00,3.16,world
307.88,2026-08-31 12:30:57,26.75,0.53,-38.32,-16.2,grandpas_village,20.21,cloudy,86.518,7.143,0.00,5.65,world
308.38,2026-08-31 12:30:57,26.05,0.49,-35.90,-16.2,grandpas_village,20.23,cloudy,19.904,8.522,0.00,4.48,world
308.88,2026-08-31 12:30:58,25.35,0.44,-33.48,-16.2,grandpas_village,20.25,cloudy,19.904,8.522,0.00,3.39,world
309.38,2026-08-31 12:30:58,24.67,0.48,-31.09,-16.2,grandpas_village,20.27,cloudy,19.350,9.536,0.00,3.94,world
309.88,2026-08-31 12:30:59,23.99,0.61,-28.75,-16.2,grandpas_village,20.29,cloudy,19.350,9.536,0.00,4.75,world
310.38,2026-08-31 12:30:59,23.31,0.76,-26.41,-16.2,grandpas_village,20.31,cloudy,19.350,9.536,0.00,2.51,world
310.88,2026-08-31 12:31:00,22.63,0.88,-24.06,-16.2,grandpas_village,20.33,cloudy,19.038,7.962,0.00,1.37,world
311.38,2026-08-31 12:31:00,21.93,0.90,-21.67,-16.2,grandpas_village,20.35,cloudy,14.453,6.662,0.00,3.11,world
311.88,2026-08-31 12:31:01,21.23,0.90,-19.27,-16.2,grandpas_village,20.37,cloudy,14.453,6.662,0.00,3.50,world
312.38,2026-08-31 12:31:01,20.54,0.90,-16.87,-16.2,grandpas_village,20.39,cloudy,17.619,7.929,0.00,1.02,world
312.88,2026-08-31 12:31:02,19.25,0.90,-16.16,-14.2,grandpas_village,20.41,cloudy,17.619,7.929,0.00,0.77,world
313.38,2026-08-31 12:31:02,17.96,0.90,-15.68,-11.5,grandpas_village,20.43,cloudy,17.619,7.929,0.00,2.06,world
313.88,2026-08-31 12:31:03,17.37,0.90,-13.44,-11.0,grandpas_village,20.45,cloudy,15.567,8.122,0.00,3.67,world
314.38,2026-08-31 12:31:03,16.89,0.90,-10.99,-11.0,grandpas_village,20.47,cloudy,16.224,6.947,0.00,5.89,world
314.88,2026-08-31 12:31:04,16.42,0.90,-8.54,-11.0,grandpas_village,20.49,cloudy,16.224,6.947,0.00,8.28,world
315.38,2026-08-31 12:31:04,15.94,0.90,-6.08,-11.0,grandpas_village,20.51,cloudy,17.398,8.731,0.00,10.72,world
315.88,2026-08-31 12:31:05,14.99,0.90,-4.11,-8.9,grandpas_village,20.53,cloudy,17.398,8.731,0.00,12.90,world
316.38,2026-08-31 12:31:05,13.74,0.90,-2.59,-3.7,grandpas_village,20.55,cloudy,16.322,8.076,0.00,11.61,world
316.88,2026-08-31 12:31:06,13.58,0.90,-0.09,-3.6,grandpas_village,20.57,cloudy,16.322,8.076,0.00,9.11,world
317.38,2026-08-31 12:31:06,13.42,0.90,2.40,-3.6,grandpas_village,20.59,cloudy,16.322,8.076,0.00,6.61,world
317.88,2026-08-31 12:31:07,13.26,0.90,4.90,-3.6,grandpas_village,20.61,cloudy,15.502,6.946,0.00,4.11,world
318.52,2026-08-31 12:31:07,13.20,0.90,5.85,-3.6,grandpas_village,20.64,cloudy,15.135,7.104,0.00,3.16,world
319.30,2026-08-31 12:31:08,13.20,0.90,5.85,-3.6,grandpas_village,20.67,cloudy,15.135,7.104,0.00,3.16,narrative_modal
320.05,2026-08-31 12:31:09,13.20,0.90,5.85,-3.6,grandpas_village,20.70,cloudy,15.687,7.217,0.00,3.16,narrative_modal
320.78,2026-08-31 12:31:10,13.20,0.90,5.85,-3.6,grandpas_village,20.73,cloudy,15.721,7.579,0.00,3.16,world
321.47,2026-08-31 12:31:10,13.20,0.90,5.85,-3.6,grandpas_village,20.76,cloudy,14.475,6.810,0.00,3.16,narrative_modal
321.97,2026-08-31 12:31:11,13.20,0.90,5.85,-3.6,grandpas_village,20.78,cloudy,14.475,6.810,0.00,3.16,narrative_modal
322.47,2026-08-31 12:31:11,13.20,0.90,5.85,-3.6,grandpas_village,20.80,cloudy,16.553,7.315,0.00,3.16,narrative_modal
322.97,2026-08-31 12:31:12,13.20,0.90,5.85,-3.6,grandpas_village,20.82,cloudy,16.553,7.315,0.00,3.16,narrative_modal
323.47,2026-08-31 12:31:12,13.20,0.90,5.85,-3.6,grandpas_village,20.84,cloudy,15.794,7.320,0.00,3.16,narrative_modal
323.97,2026-08-31 12:31:13,13.20,0.90,5.85,-3.6,grandpas_village,20.86,cloudy,15.794,7.320,0.00,3.16,narrative_modal
324.47,2026-08-31 12:31:13,13.20,0.90,5.85,-3.6,grandpas_village,20.88,cloudy,15.840,6.829,0.00,3.16,narrative_modal
325.47,2026-08-31 12:31:14,13.20,0.90,5.85,-3.6,grandpas_village,20.92,cloudy,16.549,6.618,0.00,3.16,narrative_modal
326.00,2026-08-31 12:31:15,13.20,0.90,5.85,-3.6,grandpas_village,20.94,cloudy,16.549,6.618,0.00,3.16,narrative_modal
326.58,2026-08-31 12:31:15,13.20,0.90,5.85,-3.6,grandpas_village,20.96,cloudy,15.840,7.488,0.00,3.16,narrative_modal
327.13,2026-08-31 12:31:16,13.20,0.90,5.85,-3.6,grandpas_village,20.98,cloudy,15.840,7.488,0.00,3.16,narrative_modal
327.70,2026-08-31 12:31:17,13.20,0.90,5.85,-3.6,grandpas_village,21.01,cloudy,16.459,7.397,0.00,3.16,narrative_modal
328.27,2026-08-31 12:31:17,13.20,0.90,5.85,-3.6,grandpas_village,21.03,cloudy,16.459,7.397,0.00,3.16,narrative_modal
328.87,2026-08-31 12:31:18,13.20,0.90,5.85,-3.6,grandpas_village,21.05,cloudy,16.042,6.849,0.00,3.16,narrative_modal
329.42,2026-08-31 12:31:18,13.20,0.90,5.85,-3.6,grandpas_village,21.08,cloudy,16.034,7.307,0.00,3.16,narrative_modal
329.92,2026-08-31 12:31:19,13.20,0.90,5.85,-3.6,grandpas_village,21.10,cloudy,16.034,7.307,0.00,3.16,narrative_modal
330.43,2026-08-31 12:31:19,13.20,0.90,5.85,-3.6,grandpas_village,21.12,cloudy,16.844,6.482,0.00,3.16,narrative_modal
331.00,2026-08-31 12:31:20,13.20,0.90,5.85,-3.6,grandpas_village,21.14,cloudy,16.844,6.482,0.00,3.16,narrative_modal
331.58,2026-08-31 12:31:20,13.20,0.90,5.85,-3.6,grandpas_village,21.16,cloudy,15.256,7.653,0.00,3.16,narrative_modal
332.22,2026-08-31 12:31:21,13.20,0.90,5.85,-3.6,grandpas_village,21.19,cloudy,15.256,7.653,0.00,3.16,narrative_modal
332.82,2026-08-31 12:31:22,13.20,0.90,5.85,-3.6,grandpas_village,21.21,cloudy,15.896,8.612,0.00,3.16,narrative_modal
333.37,2026-08-31 12:31:22,13.20,0.90,5.85,-3.6,grandpas_village,21.23,cloudy,15.896,8.612,0.00,3.16,narrative_modal
333.90,2026-08-31 12:31:23,13.20,0.90,5.85,-3.6,grandpas_village,21.26,cloudy,16.560,7.786,0.00,3.16,narrative_modal
334.50,2026-08-31 12:31:23,13.20,0.90,5.85,-3.6,grandpas_village,21.28,cloudy,15.651,6.978,0.00,3.16,narrative_modal
335.08,2026-08-31 12:31:24,13.20,0.90,5.85,-3.6,grandpas_village,21.30,cloudy,15.651,6.978,0.00,3.16,narrative_modal
335.72,2026-08-31 12:31:25,13.20,0.90,5.85,-3.6,grandpas_village,21.33,cloudy,16.562,8.051,0.00,3.16,narrative_modal
336.28,2026-08-31 12:31:25,13.20,0.90,5.85,-3.6,grandpas_village,21.35,cloudy,16.562,8.051,0.00,3.16,narrative_modal
336.83,2026-08-31 12:31:26,13.20,0.90,5.85,-3.6,grandpas_village,21.37,cloudy,16.268,7.173,0.00,3.16,narrative_modal
337.42,2026-08-31 12:31:26,13.20,0.90,5.85,-3.6,grandpas_village,21.40,cloudy,16.576,7.386,0.00,3.16,narrative_modal
337.97,2026-08-31 12:31:27,13.20,0.90,5.85,-3.6,grandpas_village,21.42,cloudy,16.576,7.386,0.00,3.16,narrative_modal
338.53,2026-08-31 12:31:27,13.20,0.90,5.85,-3.6,grandpas_village,21.44,cloudy,17.223,7.548,0.00,3.16,narrative_modal
339.35,2026-08-31 12:31:28,13.20,0.90,5.85,-3.6,grandpas_village,21.47,cloudy,17.223,7.548,0.00,3.16,narrative_modal
339.97,2026-08-31 12:31:29,13.20,0.90,5.85,-3.6,grandpas_village,21.50,cloudy,16.580,8.272,0.00,3.16,narrative_modal
340.55,2026-08-31 12:31:29,13.20,0.90,5.85,-3.6,grandpas_village,21.52,cloudy,17.104,7.496,0.00,3.16,narrative_modal
341.07,2026-08-31 12:31:30,13.20,0.90,5.85,-3.6,grandpas_village,21.54,cloudy,17.104,7.496,0.00,3.16,narrative_modal
341.63,2026-08-31 12:31:31,13.20,0.90,5.85,-3.6,grandpas_village,21.56,cloudy,15.554,7.604,0.00,3.16,narrative_modal
342.20,2026-08-31 12:31:31,13.20,0.90,5.85,-3.6,grandpas_village,21.59,cloudy,15.554,7.604,0.00,3.16,narrative_modal
343.23,2026-08-31 12:31:32,13.20,0.90,5.85,-3.6,grandpas_village,21.63,cloudy,16.311,7.523,0.00,3.16,narrative_modal
343.82,2026-08-31 12:31:33,13.20,0.90,5.85,-3.6,grandpas_village,21.65,cloudy,15.290,7.697,0.00,3.16,narrative_modal
344.42,2026-08-31 12:31:33,13.20,0.90,5.85,-3.6,grandpas_village,21.68,cloudy,15.568,7.166,0.00,3.16,narrative_modal
344.97,2026-08-31 12:31:34,13.20,0.90,5.85,-3.6,grandpas_village,21.70,cloudy,15.568,7.166,0.00,3.16,narrative_modal
345.55,2026-08-31 12:31:34,13.20,0.90,5.85,-3.6,grandpas_village,21.72,cloudy,16.018,6.968,0.00,3.16,narrative_modal
346.05,2026-08-31 12:31:35,13.20,0.90,5.85,-3.6,grandpas_village,21.74,cloudy,16.018,6.968,0.00,3.16,narrative_modal
346.60,2026-08-31 12:31:36,13.20,0.90,5.85,-3.6,grandpas_village,21.76,cloudy,16.172,6.340,0.00,3.16,narrative_modal
347.17,2026-08-31 12:31:36,13.20,0.90,5.85,-3.6,grandpas_village,21.79,cloudy,16.172,6.340,0.00,3.16,narrative_modal
347.75,2026-08-31 12:31:37,13.20,0.90,5.85,-3.6,grandpas_village,21.81,cloudy,15.845,8.627,0.00,3.16,narrative_modal
348.35,2026-08-31 12:31:37,13.20,0.90,5.85,-3.6,grandpas_village,21.83,cloudy,15.845,8.627,0.00,3.16,narrative_modal
348.97,2026-08-31 12:31:38,13.20,0.90,5.85,-3.6,grandpas_village,21.86,cloudy,17.531,8.681,0.00,3.16,narrative_modal
349.55,2026-08-31 12:31:38,13.20,0.90,5.85,-3.6,grandpas_village,21.88,cloudy,16.955,8.049,0.00,3.16,narrative_modal
350.10,2026-08-31 12:31:39,13.20,0.90,5.85,-3.6,grandpas_village,21.90,cloudy,16.955,8.049,0.00,3.16,narrative_modal
350.60,2026-08-31 12:31:40,13.20,0.90,5.85,-3.6,grandpas_village,21.92,cloudy,15.591,7.242,0.00,3.16,narrative_modal
351.10,2026-08-31 12:31:40,13.20,0.90,5.85,-3.6,grandpas_village,21.94,cloudy,15.591,7.242,0.00,3.16,narrative_modal
351.60,2026-08-31 12:31:41,13.20,0.90,5.85,-3.6,grandpas_village,21.96,cloudy,15.782,6.427,0.00,3.16,narrative_modal
352.10,2026-08-31 12:31:41,13.20,0.90,5.85,-3.6,grandpas_village,21.98,cloudy,15.782,6.427,0.00,3.16,narrative_modal
352.60,2026-08-31 12:31:42,13.20,0.90,5.85,-3.6,grandpas_village,22.00,cloudy,16.684,7.070,0.00,3.16,narrative_modal
353.10,2026-08-31 12:31:42,13.20,0.90,5.85,-3.6,grandpas_village,22.02,cloudy,16.684,7.070,0.00,3.16,narrative_modal
353.60,2026-08-31 12:31:42,13.20,0.90,5.85,-3.6,grandpas_village,22.04,cloudy,15.916,7.293,0.00,3.16,narrative_modal
354.10,2026-08-31 12:31:43,13.20,0.90,5.85,-3.6,grandpas_village,22.06,cloudy,15.916,7.293,0.00,3.16,narrative_modal
354.60,2026-08-31 12:31:43,13.20,0.90,5.85,-3.6,grandpas_village,22.08,cloudy,15.701,7.403,0.00,3.16,narrative_modal
355.10,2026-08-31 12:31:44,13.20,0.90,5.85,-3.6,grandpas_village,22.10,cloudy,15.701,7.403,0.00,3.16,narrative_modal
355.60,2026-08-31 12:31:44,13.20,0.90,5.85,-3.6,grandpas_village,22.12,cloudy,17.577,7.829,0.00,3.16,narrative_modal
356.10,2026-08-31 12:31:45,13.20,0.90,5.85,-3.6,grandpas_village,22.14,cloudy,17.577,7.829,0.00,3.16,narrative_modal
356.60,2026-08-31 12:31:46,13.20,0.90,5.85,-3.6,grandpas_village,22.16,cloudy,17.725,8.353,0.00,3.16,narrative_modal
357.10,2026-08-31 12:31:46,13.20,0.90,5.85,-3.6,grandpas_village,22.18,cloudy,17.725,8.353,0.00,3.16,narrative_modal
358.15,2026-08-31 12:31:47,13.20,0.90,5.85,-3.6,grandpas_village,22.23,cloudy,16.996,7.243,0.00,3.16,narrative_modal
358.65,2026-08-31 12:31:48,13.20,1.04,5.85,-3.6,grandpas_village,22.25,cloudy,16.943,7.623,0.00,3.16,world
359.20,2026-08-31 12:31:48,13.20,1.37,5.85,-3.6,grandpas_village,22.27,cloudy,16.943,7.623,0.00,3.16,world
359.70,2026-08-31 12:31:49,13.45,0.90,3.87,172.8,grandpas_village,22.29,cloudy,17.951,8.902,0.00,5.15,world
360.20,2026-08-31 12:31:49,13.77,0.90,1.39,172.8,grandpas_village,22.31,cloudy,17.951,8.902,0.00,7.65,world
360.70,2026-08-31 12:31:50,14.08,0.90,-1.09,172.8,grandpas_village,22.33,cloudy,17.533,8.192,0.00,10.15,world
361.20,2026-08-31 12:31:50,13.77,0.90,-2.81,153.0,grandpas_village,22.35,cloudy,17.533,8.192,0.00,11.84,world
361.70,2026-08-31 12:31:51,14.16,0.90,-3.57,151.1,grandpas_village,22.37,cloudy,22.237,10.699,0.00,12.62,world
362.20,2026-08-31 12:31:51,14.16,0.90,-3.57,151.1,grandpas_village,22.39,cloudy,22.237,10.699,0.00,12.62,world
362.70,2026-08-31 12:31:52,14.16,0.90,-3.57,151.1,grandpas_village,22.41,cloudy,34.806,23.037,0.00,12.62,world
363.20,2026-08-31 12:31:52,15.11,0.90,-3.13,61.3,grandpas_village,22.43,cloudy,17.347,473.862,0.00,12.31,world
363.70,2026-08-31 12:31:53,17.11,0.90,-2.04,61.3,grandpas_village,22.45,cloudy,17.347,473.862,0.00,11.78,world
364.20,2026-08-31 12:31:53,17.12,0.90,-2.03,61.3,grandpas_village,22.47,cloudy,14.885,7.603,0.00,11.78,world
364.77,2026-08-31 12:31:54,17.12,0.90,-2.03,61.3,grandpas_village,22.49,cloudy,18.706,487.887,0.00,11.78,narrative_modal
365.27,2026-08-31 12:31:55,17.12,0.90,-2.03,61.3,grandpas_village,22.51,cloudy,18.706,487.887,0.00,11.78,narrative_modal
365.77,2026-08-31 12:31:55,17.12,0.90,-2.03,61.3,grandpas_village,22.52,cloudy,117.755,7.944,0.00,11.78,panel:ShopPanel
366.27,2026-08-31 12:31:56,17.12,0.90,-2.03,61.3,grandpas_village,22.52,cloudy,117.755,7.944,0.00,11.78,panel:ShopPanel
366.77,2026-08-31 12:31:56,17.12,0.90,-2.03,61.3,grandpas_village,22.52,cloudy,0.130,3.463,0.00,11.78,panel:ShopPanel
367.27,2026-08-31 12:31:57,17.12,0.90,-2.03,61.3,grandpas_village,22.52,cloudy,0.130,3.463,0.00,11.78,panel:ShopPanel
367.77,2026-08-31 12:31:57,17.12,0.90,-2.03,61.3,grandpas_village,22.52,cloudy,0.145,3.368,0.00,11.78,panel:ShopPanel
368.57,2026-08-31 12:31:58,17.12,0.90,-2.03,61.3,grandpas_village,22.53,cloudy,0.145,3.368,0.00,11.78,menu_backpack
369.10,2026-08-31 12:31:59,17.12,0.90,-2.03,61.3,grandpas_village,22.53,cloudy,488.558,6.493,0.00,11.78,menu_backpack
369.60,2026-08-31 12:32:00,17.12,0.90,-2.03,61.3,grandpas_village,22.53,cloudy,309.356,3.465,0.00,11.78,menu_backpack
370.12,2026-08-31 12:32:01,17.12,0.90,-2.03,61.3,grandpas_village,22.53,cloudy,440.411,3.746,0.00,11.78,menu_backpack
370.62,2026-08-31 12:32:02,17.12,0.90,-2.03,61.3,grandpas_village,22.53,cloudy,433.410,3.411,0.00,11.78,menu_backpack
371.12,2026-08-31 12:32:02,16.40,0.90,-2.60,-151.6,grandpas_village,22.55,cloudy,222.048,6.391,0.00,12.09,world
371.62,2026-08-31 12:32:03,15.03,0.90,-4.00,137.8,grandpas_village,22.57,cloudy,222.048,6.391,0.00,12.99,world
372.12,2026-08-31 12:32:03,15.00,0.90,-4.95,-170.1,grandpas_village,22.59,cloudy,15.336,6.592,0.00,12.13,world
372.62,2026-08-31 12:32:04,14.57,0.90,-7.41,-170.1,grandpas_village,22.61,cloudy,15.336,6.592,0.00,10.16,world
373.12,2026-08-31 12:32:04,15.09,0.90,-8.72,68.5,grandpas_village,22.63,cloudy,17.349,7.727,0.00,8.78,world
373.62,2026-08-31 12:32:05,17.42,0.90,-7.81,68.5,grandpas_village,22.65,cloudy,17.349,7.727,0.00,8.59,world
374.18,2026-08-31 12:32:05,19.08,0.90,-7.15,68.5,grandpas_village,22.67,cloudy,16.609,7.667,0.00,8.90,narrative_modal
375.03,2026-08-31 12:32:06,19.08,0.90,-7.15,68.5,grandpas_village,22.70,cloudy,16.134,8.291,0.00,8.90,panel:SwapPanel
375.62,2026-08-31 12:32:07,19.08,0.90,-7.15,68.5,grandpas_village,22.70,cloudy,16.134,8.291,0.00,8.90,panel:SwapPanel
376.12,2026-08-31 12:32:07,19.08,0.90,-7.15,68.5,grandpas_village,22.70,cloudy,104.860,4.966,0.00,8.90,panel:SwapPanel
376.75,2026-08-31 12:32:08,19.08,0.90,-7.15,68.5,grandpas_village,22.72,cloudy,104.860,4.966,0.00,8.90,world
377.25,2026-08-31 12:32:09,18.75,0.90,-9.37,-171.6,grandpas_village,22.74,cloudy,84.733,7.944,0.00,6.75,world
377.75,2026-08-31 12:32:09,18.39,0.90,-11.84,-171.6,grandpas_village,22.76,cloudy,84.733,7.944,0.00,4.46,world
378.25,2026-08-31 12:32:10,18.02,0.90,-14.32,-171.6,grandpas_village,22.78,cloudy,16.747,6.944,0.00,2.60,world
378.75,2026-08-31 12:32:10,17.67,0.90,-16.64,-171.8,grandpas_village,22.80,cloudy,16.747,6.944,0.00,2.41,world
379.25,2026-08-31 12:32:11,17.45,0.90,-19.00,-170.8,grandpas_village,22.82,cloudy,19.610,10.460,0.00,3.94,world
379.75,2026-08-31 12:32:11,17.05,0.90,-21.47,-170.8,grandpas_village,22.84,cloudy,19.610,10.460,0.00,5.08,world
380.25,2026-08-31 12:32:12,16.65,0.90,-23.94,-170.8,grandpas_village,22.86,cloudy,21.305,9.219,0.00,4.11,world
382.55,2026-08-31 12:32:14,16.30,0.90,-26.12,-170.8,grandpas_village,22.95,cloudy,17.082,6.638,0.00,1.91,world
384.20,2026-08-31 12:32:15,16.30,0.90,-26.12,-170.8,grandpas_village,23.01,cloudy,16.179,5.642,0.00,1.91,world
384.70,2026-08-31 12:32:16,15.35,0.90,-25.20,-46.3,grandpas_village,23.03,cloudy,16.179,5.642,0.00,2.88,world
385.20,2026-08-31 12:32:16,13.54,0.90,-23.47,-46.3,grandpas_village,23.05,cloudy,16.582,8.475,0.00,2.13,world
386.77,2026-08-31 12:32:18,13.33,0.90,-23.27,-46.3,grandpas_village,23.12,cloudy,16.774,7.781,0.00,1.84,world
388.18,2026-08-31 12:32:19,13.33,0.90,-23.27,-46.3,grandpas_village,23.17,cloudy,13.279,5.167,0.00,1.84,world
388.68,2026-08-31 12:32:20,14.68,0.90,-21.80,42.5,grandpas_village,23.19,cloudy,13.279,5.167,0.00,2.68,world
389.18,2026-08-31 12:32:20,13.91,0.90,-20.72,-24.5,grandpas_village,23.21,cloudy,17.075,7.884,0.00,2.30,world
389.68,2026-08-31 12:32:21,13.80,0.90,-20.56,129.6,grandpas_village,23.23,cloudy,17.075,7.884,0.00,2.30,world
390.18,2026-08-31 12:32:21,15.20,0.90,-22.64,146.1,grandpas_village,23.25,cloudy,17.322,8.222,0.00,3.26,world
390.68,2026-08-31 12:32:22,16.49,0.90,-22.52,28.3,grandpas_village,23.27,cloudy,17.322,8.222,0.00,4.52,world
391.18,2026-08-31 12:32:22,17.68,0.90,-20.32,28.3,grandpas_village,23.29,cloudy,15.753,7.688,0.00,4.91,world
391.68,2026-08-31 12:32:23,18.86,0.90,-18.12,28.3,grandpas_village,23.31,cloudy,15.753,7.688,0.00,2.41,world
393.50,2026-08-31 12:32:25,19.12,0.90,-17.64,28.3,grandpas_village,23.39,cloudy,17.603,5.761,0.00,1.87,narrative_modal
395.10,2026-08-31 12:32:26,19.12,0.90,-17.64,28.3,grandpas_village,23.45,cloudy,15.599,4.901,0.00,1.87,narrative_modal
395.60,2026-08-31 12:32:27,19.12,0.90,-17.64,28.3,grandpas_village,23.47,cloudy,15.599,4.901,0.00,1.87,narrative_modal
396.10,2026-08-31 12:32:27,19.12,0.90,-17.64,28.3,grandpas_village,23.49,cloudy,16.305,9.057,0.00,1.87,narrative_modal
396.60,2026-08-31 12:32:28,19.12,0.90,-17.64,28.3,grandpas_village,23.51,cloudy,16.305,9.057,0.00,1.87,narrative_modal
397.10,2026-08-31 12:32:28,19.37,0.90,-19.11,170.0,grandpas_village,23.53,cloudy,15.914,7.318,0.00,3.18,world
397.60,2026-08-31 12:32:29,19.81,0.90,-21.58,170.0,grandpas_village,23.55,cloudy,15.914,7.318,0.00,4.84,world
398.10,2026-08-31 12:32:29,20.24,0.90,-24.04,170.0,grandpas_village,23.57,cloudy,16.842,8.508,0.00,3.76,world
398.60,2026-08-31 12:32:30,20.76,0.87,-26.46,170.4,grandpas_village,23.59,cloudy,16.842,8.508,0.00,4.07,world
399.10,2026-08-31 12:32:30,21.77,0.77,-28.42,177.6,grandpas_village,23.61,cloudy,15.911,7.737,0.00,4.95,world
399.60,2026-08-31 12:32:31,21.88,0.72,-30.94,177.7,grandpas_village,23.63,cloudy,15.911,7.737,0.00,3.06,world
401.23,2026-08-31 12:32:33,21.93,0.72,-32.14,177.7,grandpas_village,23.70,cloudy,13.682,3.997,0.00,1.86,world
402.63,2026-08-31 12:32:34,21.93,0.72,-32.14,177.7,grandpas_village,23.75,cloudy,17.877,6.981,0.00,1.86,world
403.13,2026-08-31 12:32:34,22.32,0.69,-30.60,14.3,grandpas_village,23.77,cloudy,13.044,6.973,0.00,3.42,world
403.63,2026-08-31 12:32:35,22.94,0.70,-28.18,14.2,grandpas_village,23.79,cloudy,13.044,6.973,0.00,4.31,world
405.70,2026-08-31 12:32:37,23.54,0.77,-25.83,14.2,grandpas_village,23.87,cloudy,16.690,6.182,0.00,1.89,world
407.48,2026-08-31 12:32:39,23.54,0.77,-25.83,14.2,grandpas_village,23.95,cloudy,16.610,4.990,0.00,1.89,world
407.98,2026-08-31 12:32:39,24.46,0.75,-25.11,51.7,grandpas_village,23.96,cloudy,16.610,4.990,0.00,1.20,world
408.48,2026-08-31 12:32:40,26.45,0.66,-23.54,51.7,grandpas_village,23.99,cloudy,20.916,8.062,0.00,2.49,world
408.98,2026-08-31 12:32:40,28.46,0.49,-21.96,51.7,grandpas_village,0.00,cloudy,20.916,8.062,0.00,4.90,world
409.48,2026-08-31 12:32:41,30.49,0.20,-20.37,51.6,grandpas_village,0.03,cloudy,16.437,7.019,0.00,3.53,world
409.98,2026-08-31 12:32:41,32.53,-0.20,-18.76,51.5,grandpas_village,0.05,cloudy,16.437,7.019,0.00,1.92,world
410.48,2026-08-31 12:32:42,34.49,-0.67,-17.22,51.3,grandpas_village,0.07,cloudy,16.245,7.829,0.00,1.94,world
412.17,2026-08-31 12:32:43,34.55,-0.69,-17.17,51.3,grandpas_village,0.13,cloudy,17.255,5.323,0.00,1.86,world
413.60,2026-08-31 12:32:45,34.55,-0.69,-17.17,51.3,grandpas_village,0.19,cloudy,14.411,7.232,0.00,1.86,world
414.10,2026-08-31 12:32:45,33.99,-0.39,-16.01,-26.5,grandpas_village,0.21,cloudy,14.470,7.074,0.00,2.01,world
414.60,2026-08-31 12:32:46,32.99,0.03,-13.98,-26.5,grandpas_village,0.23,cloudy,14.470,7.074,0.00,3.62,world
415.10,2026-08-31 12:32:46,31.97,0.38,-11.92,-26.6,grandpas_village,0.25,cloudy,16.292,8.027,0.00,4.38,world
415.62,2026-08-31 12:32:47,30.89,0.61,-9.76,-26.8,grandpas_village,0.27,cloudy,16.292,8.027,0.00,1.97,world
417.43,2026-08-31 12:32:49,30.85,0.62,-9.68,-26.8,grandpas_village,0.34,cloudy,17.166,5.289,0.00,1.88,world
419.15,2026-08-31 12:32:50,30.85,0.62,-9.68,-26.8,grandpas_village,0.41,cloudy,15.544,4.494,0.00,1.88,world
419.65,2026-08-31 12:32:51,31.53,0.48,-10.97,152.2,grandpas_village,0.43,cloudy,15.544,4.494,0.00,3.34,world
420.15,2026-08-31 12:32:51,32.75,0.13,-13.25,152.3,grandpas_village,0.45,cloudy,15.627,8.166,0.00,4.26,world
420.65,2026-08-31 12:32:52,33.97,-0.35,-15.55,152.3,grandpas_village,0.47,cloudy,15.627,8.166,0.00,2.08,world
421.15,2026-08-31 12:32:52,35.18,-0.99,-17.84,152.4,grandpas_village,0.49,cloudy,16.764,8.414,0.00,2.01,world
421.65,2026-08-31 12:32:53,36.38,-1.74,-20.11,152.4,grandpas_village,0.51,cloudy,16.764,8.414,0.00,2.38,world
422.15,2026-08-31 12:32:53,37.37,-2.42,-22.31,151.3,grandpas_village,0.53,cloudy,15.498,9.460,0.00,4.08,world
422.65,2026-08-31 12:32:54,38.62,-3.09,-24.57,151.3,grandpas_village,0.55,cloudy,15.498,9.460,0.00,3.91,world
424.65,2026-08-31 12:32:56,39.61,-3.45,-26.36,151.4,grandpas_village,0.63,cloudy,18.053,6.617,0.00,1.86,world
426.20,2026-08-31 12:32:57,39.61,-3.45,-26.36,151.4,grandpas_village,0.69,cloudy,15.405,4.866,0.00,1.86,world
426.70,2026-08-31 12:32:58,40.55,-3.65,-27.39,137.8,grandpas_village,0.71,cloudy,15.405,4.866,0.00,0.61,world
427.20,2026-08-31 12:32:58,42.28,-3.80,-29.27,137.9,grandpas_village,0.73,cloudy,16.249,8.620,0.00,2.19,world
427.70,2026-08-31 12:32:59,43.94,-3.69,-31.10,138.0,grandpas_village,0.75,cloudy,16.249,8.620,0.00,4.58,world
428.20,2026-08-31 12:32:59,45.51,-3.38,-32.83,138.2,grandpas_village,0.77,cloudy,18.555,8.470,0.00,2.24,world
429.85,2026-08-31 12:33:01,45.73,-3.32,-33.07,138.2,grandpas_village,0.84,cloudy,14.774,6.892,0.00,1.91,world
431.72,2026-08-31 12:33:03,45.73,-3.32,-33.07,138.2,grandpas_village,0.91,cloudy,18.470,6.237,0.00,1.91,world
432.22,2026-08-31 12:33:03,43.79,-3.00,-33.79,-110.8,grandpas_village,0.93,cloudy,19.391,9.889,0.00,3.28,world
432.72,2026-08-31 12:33:04,41.68,-2.59,-34.59,-110.9,grandpas_village,0.95,cloudy,19.391,9.889,0.00,3.94,world
434.83,2026-08-31 12:33:06,39.81,-2.19,-35.31,-111.0,grandpas_village,1.04,cloudy,16.149,6.541,0.00,1.93,world
436.50,2026-08-31 12:33:08,39.81,-2.19,-35.31,-111.0,grandpas_village,1.11,cloudy,17.102,5.780,0.00,1.93,world
437.00,2026-08-31 12:33:08,40.74,-2.19,-36.01,127.2,grandpas_village,1.13,cloudy,17.102,5.780,0.00,2.74,world
437.50,2026-08-31 12:33:09,42.70,-2.08,-37.49,127.3,grandpas_village,1.15,cloudy,16.945,8.711,0.00,4.15,world
439.42,2026-08-31 12:33:11,44.50,-1.88,-38.85,127.4,grandpas_village,1.22,cloudy,17.465,5.228,0.00,1.89,world
441.22,2026-08-31 12:33:12,44.50,-1.88,-38.85,127.4,grandpas_village,1.29,cloudy,15.978,5.423,0.00,1.89,world
441.72,2026-08-31 12:33:13,43.25,-1.82,-39.20,-105.6,grandpas_village,1.31,cloudy,15.978,5.423,0.00,2.87,world
442.22,2026-08-31 12:33:13,40.87,-1.73,-39.85,-105.6,grandpas_village,1.33,cloudy,16.511,8.341,0.00,4.81,world
442.72,2026-08-31 12:33:14,38.55,-1.55,-40.50,-105.6,grandpas_village,1.35,cloudy,16.511,8.341,0.00,4.53,world
443.22,2026-08-31 12:33:14,36.35,-1.19,-41.11,-105.6,grandpas_village,1.37,cloudy,15.316,7.025,0.00,4.66,world
443.72,2026-08-31 12:33:15,34.25,-0.72,-41.70,-105.6,grandpas_village,1.39,cloudy,15.316,7.025,0.00,2.54,world
444.22,2026-08-31 12:33:15,32.14,-0.25,-42.29,-105.6,grandpas_village,1.41,cloudy,13.872,6.380,0.00,0.90,world
444.72,2026-08-31 12:33:16,30.03,0.21,-42.88,-105.6,grandpas_village,1.43,cloudy,13.872,6.380,0.00,2.17,world
445.22,2026-08-31 12:33:16,27.96,0.64,-43.45,-105.6,grandpas_village,1.45,cloudy,14.484,6.836,0.00,2.03,world
446.68,2026-08-31 12:33:18,27.89,0.65,-43.47,-105.6,grandpas_village,1.51,cloudy,13.681,6.201,0.00,1.96,world
448.30,2026-08-31 12:33:20,27.89,0.65,-43.47,-105.6,grandpas_village,1.58,cloudy,15.478,5.007,0.00,1.96,world
448.80,2026-08-31 12:33:20,29.41,0.42,-44.10,112.5,grandpas_village,1.60,cloudy,15.478,5.007,0.00,3.41,world
449.30,2026-08-31 12:33:21,31.81,0.01,-45.09,112.6,grandpas_village,1.62,cloudy,16.769,8.191,0.00,2.37,world
451.08,2026-08-31 12:33:22,32.34,-0.09,-45.31,112.7,grandpas_village,1.69,cloudy,15.462,4.929,0.00,1.79,world
452.75,2026-08-31 12:33:24,32.34,-0.09,-45.31,112.7,grandpas_village,1.76,cloudy,15.532,8.733,0.00,1.79,world
453.25,2026-08-31 12:33:25,31.25,0.11,-44.83,-66.8,grandpas_village,1.78,cloudy,16.259,8.297,0.00,2.99,world
453.75,2026-08-31 12:33:25,29.13,0.46,-43.91,-66.8,grandpas_village,1.80,cloudy,16.259,8.297,0.00,3.13,world
454.25,2026-08-31 12:33:26,26.98,0.75,-42.99,-66.8,grandpas_village,1.82,cloudy,19.834,8.943,0.00,1.41,world
454.75,2026-08-31 12:33:26,24.77,0.94,-42.03,-66.8,grandpas_village,1.84,cloudy,19.834,8.943,0.00,2.32,world
455.25,2026-08-31 12:33:27,22.53,1.09,-41.07,-66.8,grandpas_village,1.86,cloudy,16.775,7.868,0.00,2.63,world
455.75,2026-08-31 12:33:27,20.28,1.19,-40.10,-66.9,grandpas_village,1.88,cloudy,16.775,7.868,0.00,3.28,world
456.25,2026-08-31 12:33:28,18.01,1.27,-39.13,-66.9,grandpas_village,1.90,cloudy,16.106,7.310,0.00,5.18,world
456.75,2026-08-31 12:33:28,15.71,1.25,-38.14,-66.9,grandpas_village,1.92,cloudy,16.106,7.310,0.00,7.45,world
457.25,2026-08-31 12:33:29,13.38,1.15,-37.14,-66.9,grandpas_village,1.94,cloudy,14.812,6.550,0.00,8.02,world
457.75,2026-08-31 12:33:29,11.04,1.04,-36.14,-67.0,grandpas_village,1.96,cloudy,14.812,6.550,0.00,5.48,world
458.25,2026-08-31 12:33:30,8.73,1.01,-35.16,-67.0,grandpas_village,1.98,cloudy,15.630,7.388,0.00,2.97,world
460.17,2026-08-31 12:33:31,7.69,1.00,-34.72,-67.1,grandpas_village,2.05,cloudy,16.678,5.633,0.00,1.84,world
461.95,2026-08-31 12:33:33,7.69,1.00,-34.72,-67.1,grandpas_village,2.12,cloudy,17.144,9.064,0.00,1.84,world
462.45,2026-08-31 12:33:34,6.60,0.97,-33.80,-50.4,grandpas_village,2.14,cloudy,17.037,9.716,0.00,0.63,world
462.95,2026-08-31 12:33:34,4.66,0.94,-32.20,-50.4,grandpas_village,2.16,cloudy,17.037,9.716,0.00,2.24,world
465.07,2026-08-31 12:33:36,3.41,0.94,-31.17,-50.4,grandpas_village,2.25,cloudy,17.126,5.571,0.00,1.84,world
466.63,2026-08-31 12:33:38,3.41,0.94,-31.17,-50.4,grandpas_village,2.31,cloudy,15.578,8.402,0.00,1.84,world
467.13,2026-08-31 12:33:38,2.44,0.94,-29.15,-25.9,grandpas_village,2.33,cloudy,15.652,8.397,0.00,0.95,world
467.63,2026-08-31 12:33:39,1.35,0.93,-26.90,-25.9,grandpas_village,2.35,cloudy,15.652,8.397,0.00,3.17,world
468.13,2026-08-31 12:33:39,0.26,0.93,-24.65,-25.9,grandpas_village,2.37,cloudy,18.396,8.195,0.00,5.17,world
468.63,2026-08-31 12:33:40,-0.83,0.93,-22.40,-25.9,grandpas_village,2.39,cloudy,18.396,8.195,0.00,2.67,world
470.55,2026-08-31 12:33:42,-1.18,0.90,-21.69,-25.9,grandpas_village,2.47,cloudy,17.290,5.638,0.00,1.88,world
472.23,2026-08-31 12:33:43,-1.18,0.90,-21.69,-25.9,grandpas_village,2.53,cloudy,16.997,5.439,0.00,1.88,world
472.73,2026-08-31 12:33:44,-2.25,0.92,-20.54,-43.1,grandpas_village,2.56,cloudy,16.997,5.439,0.00,0.60,world
473.23,2026-08-31 12:33:45,-3.96,0.90,-18.71,-43.1,grandpas_village,2.58,cloudy,12.836,6.443,0.00,2.35,world
473.73,2026-08-31 12:33:45,-5.67,0.90,-16.89,-43.1,grandpas_village,2.59,cloudy,12.836,6.443,0.00,4.81,world
474.23,2026-08-31 12:33:45,-7.31,1.09,-15.14,-43.2,grandpas_village,2.62,cloudy,17.246,7.311,0.00,2.92,world
474.73,2026-08-31 12:33:46,-9.00,1.13,-13.33,-43.2,grandpas_village,2.64,cloudy,17.246,7.311,0.00,1.20,world
475.23,2026-08-31 12:33:47,-10.69,1.20,-11.53,-43.2,grandpas_village,2.65,cloudy,16.337,7.651,0.00,2.57,world
475.73,2026-08-31 12:33:47,-12.40,1.20,-9.70,-43.2,grandpas_village,2.68,cloudy,16.337,7.651,0.00,2.34,world
477.42,2026-08-31 12:33:49,-12.71,1.20,-9.37,-43.2,grandpas_village,2.74,cloudy,15.494,4.411,0.00,1.88,world
479.07,2026-08-31 12:33:50,-12.71,1.20,-9.37,-43.2,grandpas_village,2.81,cloudy,16.976,4.829,0.00,1.88,world
479.57,2026-08-31 12:33:51,-12.00,1.20,-10.59,149.6,grandpas_village,2.83,cloudy,16.976,4.829,0.00,3.27,world
481.55,2026-08-31 12:33:53,-10.93,1.20,-12.42,149.6,grandpas_village,2.91,cloudy,16.361,4.508,0.00,1.83,world
483.12,2026-08-31 12:33:54,-10.93,1.20,-12.42,149.6,grandpas_village,2.97,cloudy,15.783,4.639,0.00,1.83,world
483.62,2026-08-31 12:33:55,-11.40,1.20,-11.18,-21.0,grandpas_village,2.99,cloudy,15.783,4.639,0.00,3.15,world
484.12,2026-08-31 12:33:55,-12.30,1.20,-8.85,-21.0,grandpas_village,3.01,cloudy,17.410,7.233,0.00,1.90,world
484.62,2026-08-31 12:33:56,-13.20,1.14,-6.50,-21.0,grandpas_village,3.03,cloudy,17.410,7.233,0.00,1.70,world
485.12,2026-08-31 12:33:56,-14.10,1.08,-4.15,-21.0,grandpas_village,3.05,cloudy,16.764,7.332,0.00,3.86,world
485.62,2026-08-31 12:33:57,-14.99,1.09,-1.82,-21.0,grandpas_village,3.07,cloudy,16.764,7.332,0.00,6.26,world
486.12,2026-08-31 12:33:57,-15.88,1.16,0.49,-21.0,grandpas_village,3.09,cloudy,19.528,7.351,0.00,5.91,world
486.62,2026-08-31 12:33:58,-16.75,1.31,2.75,-21.0,grandpas_village,3.11,cloudy,19.528,7.351,0.00,3.48,world
488.65,2026-08-31 12:34:00,-17.32,1.50,4.23,-21.0,grandpas_village,3.19,cloudy,18.323,4.343,0.00,1.89,world
490.37,2026-08-31 12:34:02,-17.32,1.50,4.23,-21.0,grandpas_village,3.26,cloudy,17.258,4.876,0.00,1.89,world
490.87,2026-08-31 12:34:02,-16.00,1.48,4.76,68.0,grandpas_village,3.28,cloudy,17.258,4.876,0.00,2.35,world
491.37,2026-08-31 12:34:03,-13.64,1.36,5.71,67.9,grandpas_village,3.30,cloudy,16.726,7.069,0.00,4.37,world
491.87,2026-08-31 12:34:03,-11.26,1.15,6.67,67.9,grandpas_village,3.32,cloudy,16.726,7.069,0.00,3.52,world
493.73,2026-08-31 12:34:05,-9.73,1.06,7.30,67.8,grandpas_village,3.39,cloudy,15.980,5.940,0.00,1.87,world
495.33,2026-08-31 12:34:07,-9.73,1.06,7.30,67.8,grandpas_village,3.46,cloudy,15.624,4.646,0.00,1.87,world
495.83,2026-08-31 12:34:07,-9.55,1.02,5.04,175.5,grandpas_village,3.48,cloudy,15.624,4.646,0.00,3.34,world
496.33,2026-08-31 12:34:08,-9.35,1.01,2.54,175.5,grandpas_village,3.50,cloudy,17.329,9.578,0.00,5.62,world
496.83,2026-08-31 12:34:08,-9.15,1.02,0.05,175.5,grandpas_village,3.52,cloudy,17.329,9.578,0.00,8.03,world
497.33,2026-08-31 12:34:09,-8.96,1.03,-2.43,175.5,grandpas_village,3.54,cloudy,16.605,8.345,0.00,7.51,world
497.83,2026-08-31 12:34:09,-8.76,1.04,-4.92,175.5,grandpas_village,3.56,cloudy,16.605,8.345,0.00,6.08,world
498.33,2026-08-31 12:34:10,-8.57,1.05,-7.41,175.5,grandpas_village,3.58,cloudy,15.651,6.614,0.00,5.47,world
498.83,2026-08-31 12:34:10,-8.36,0.97,-9.92,175.5,grandpas_village,3.60,cloudy,15.651,6.614,0.00,4.40,world
499.33,2026-08-31 12:34:11,-8.17,1.06,-12.37,175.5,grandpas_village,3.62,cloudy,16.747,6.843,0.00,2.45,world
499.83,2026-08-31 12:34:11,-7.97,1.11,-14.83,175.5,grandpas_village,3.64,cloudy,16.747,6.843,0.00,2.19,world
500.33,2026-08-31 12:34:12,-7.77,1.07,-17.32,175.5,grandpas_village,3.66,cloudy,17.211,7.690,0.00,4.00,world
500.83,2026-08-31 12:34:12,-7.57,1.04,-19.83,175.5,grandpas_village,3.68,cloudy,17.211,7.690,0.00,5.57,world
501.33,2026-08-31 12:34:13,-7.38,1.05,-22.32,175.5,grandpas_village,3.70,cloudy,17.516,7.774,0.00,5.85,world
501.83,2026-08-31 12:34:13,-7.18,1.05,-24.81,175.5,grandpas_village,3.72,cloudy,17.516,7.774,0.00,7.07,world
502.33,2026-08-31 12:34:14,-6.99,1.04,-27.30,175.6,grandpas_village,3.74,cloudy,21.242,9.518,0.00,8.84,world
502.83,2026-08-31 12:34:14,-6.79,1.07,-29.79,175.6,grandpas_village,3.76,cloudy,21.242,9.518,0.00,8.80,world
503.33,2026-08-31 12:34:15,-6.60,1.11,-32.26,175.6,grandpas_village,3.78,cloudy,22.003,8.159,0.00,8.89,world
503.83,2026-08-31 12:34:15,-6.41,1.13,-34.75,175.5,grandpas_village,3.80,cloudy,22.003,8.159,0.00,9.66,world
504.33,2026-08-31 12:34:16,-6.22,1.11,-37.25,175.5,grandpas_village,3.82,cloudy,18.447,7.775,0.00,10.96,world
504.85,2026-08-31 12:34:16,-6.14,1.11,-38.21,175.5,grandpas_village,3.83,cloudy,18.447,7.775,0.00,11.56,menu_build
505.35,2026-08-31 12:34:17,-6.13,1.11,-38.36,175.5,grandpas_village,3.84,cloudy,242.083,7.260,0.00,11.66,build_catalogue
505.85,2026-08-31 12:34:17,-6.13,1.11,-38.36,175.5,grandpas_village,3.86,cloudy,242.083,7.260,0.00,11.66,build_catalogue
506.35,2026-08-31 12:34:18,-6.13,1.11,-38.36,175.5,grandpas_village,3.88,cloudy,19.171,14.885,0.00,11.66,build_catalogue
506.85,2026-08-31 12:34:18,-6.13,1.11,-38.36,175.5,grandpas_village,3.90,cloudy,19.171,14.885,0.00,11.66,build_catalogue
507.47,2026-08-31 12:34:19,-6.13,1.11,-38.36,175.5,grandpas_village,3.93,cloudy,17.579,8.671,0.00,11.66,build_placement
507.97,2026-08-31 12:34:19,-6.13,1.11,-38.36,175.5,grandpas_village,3.95,cloudy,17.322,11.134,0.00,11.66,build_placement
508.47,2026-08-31 12:34:20,-6.13,1.11,-38.36,175.5,grandpas_village,3.97,cloudy,17.322,11.134,0.00,11.66,build_placement
508.97,2026-08-31 12:34:20,-6.13,1.11,-38.36,175.5,grandpas_village,3.99,cloudy,21.440,8.392,0.00,11.66,build_placement
509.47,2026-08-31 12:34:21,-6.13,1.11,-38.36,175.5,grandpas_village,4.01,cloudy,21.440,8.392,0.00,11.66,build_placement
510.00,2026-08-31 12:34:22,-6.20,1.11,-38.55,175.5,grandpas_village,4.03,cloudy,16.060,416.795,0.00,11.84,world
510.50,2026-08-31 12:34:22,-6.20,1.11,-38.55,175.5,grandpas_village,4.05,cloudy,16.060,416.795,0.00,11.84,world
511.00,2026-08-31 12:34:23,-6.20,1.11,-38.55,175.5,grandpas_village,4.07,cloudy,16.914,8.315,0.00,11.84,world
511.50,2026-08-31 12:34:23,-6.20,1.11,-38.55,175.5,grandpas_village,4.09,cloudy,16.914,8.315,0.00,11.84,world
512.00,2026-08-31 12:34:24,-6.21,1.11,-38.55,-174.0,grandpas_village,4.11,cloudy,18.626,8.532,0.00,11.86,world
512.50,2026-08-31 12:34:24,-7.00,1.07,-38.20,-70.6,grandpas_village,4.13,cloudy,18.626,8.532,0.00,12.18,world
513.00,2026-08-31 12:34:25,-7.00,1.07,-38.18,-70.6,grandpas_village,4.14,cloudy,15.033,7.302,0.00,12.16,menu_quest_log
513.50,2026-08-31 12:34:25,-7.00,1.07,-38.18,-70.6,grandpas_village,4.15,cloudy,15.033,7.302,0.00,12.16,build_catalogue
514.00,2026-08-31 12:34:26,-7.00,1.07,-38.18,-70.6,grandpas_village,4.17,cloudy,147.714,11.024,0.00,12.16,build_catalogue
514.50,2026-08-31 12:34:26,-7.00,1.07,-38.18,-70.6,grandpas_village,4.19,cloudy,147.714,11.024,0.00,12.16,build_catalogue
515.00,2026-08-31 12:34:27,-7.00,1.07,-38.18,-70.6,grandpas_village,4.21,cloudy,16.352,7.261,0.00,12.16,build_catalogue
515.50,2026-08-31 12:34:27,-7.00,1.07,-38.18,-70.6,grandpas_village,4.23,cloudy,16.352,7.261,0.00,12.16,build_catalogue
516.05,2026-08-31 12:34:28,-7.00,1.07,-38.18,-70.6,grandpas_village,4.25,cloudy,16.937,9.380,0.00,12.16,build_catalogue
516.65,2026-08-31 12:34:28,-7.00,1.07,-38.18,-70.6,grandpas_village,4.27,cloudy,17.836,10.862,0.00,12.16,build_placement
517.15,2026-08-31 12:34:29,-7.00,1.07,-38.18,-70.6,grandpas_village,4.29,cloudy,17.836,10.862,0.00,12.16,build_placement
517.65,2026-08-31 12:34:29,-7.00,1.07,-38.18,-70.6,grandpas_village,4.31,cloudy,15.799,8.028,0.00,12.16,build_placement
518.15,2026-08-31 12:34:30,-7.00,1.07,-38.18,-70.6,grandpas_village,4.33,cloudy,15.799,8.028,0.00,12.16,build_placement
518.67,2026-08-31 12:34:30,-7.00,1.07,-38.18,-70.6,grandpas_village,4.35,cloudy,15.737,7.672,0.00,12.16,build_placement
519.17,2026-08-31 12:34:31,-7.00,1.07,-38.18,-70.6,grandpas_village,4.37,cloudy,15.737,7.672,0.00,12.16,world
519.67,2026-08-31 12:34:31,-7.00,1.07,-38.18,-70.6,grandpas_village,4.39,cloudy,21.180,10.375,0.00,12.16,world
520.17,2026-08-31 12:34:32,-7.00,1.07,-38.18,-70.6,grandpas_village,4.41,cloudy,21.180,10.375,0.00,12.16,world
520.67,2026-08-31 12:34:32,-7.00,1.07,-38.18,-70.6,grandpas_village,4.43,cloudy,15.942,7.614,0.00,12.16,world
521.17,2026-08-31 12:34:33,-7.00,1.07,-38.18,-81.1,grandpas_village,4.45,cloudy,15.942,7.614,0.00,12.17,world
521.67,2026-08-31 12:34:33,-7.00,1.07,-38.18,-81.1,grandpas_village,4.47,cloudy,15.673,7.966,0.00,12.17,world
522.17,2026-08-31 12:34:34,-7.00,1.07,-38.18,-86.5,grandpas_village,4.49,cloudy,15.673,7.966,0.00,12.17,world
522.67,2026-08-31 12:34:35,-7.00,1.07,-38.37,-176.5,grandpas_village,4.51,cloudy,17.007,377.137,0.00,12.29,world
523.17,2026-08-31 12:34:35,-7.00,1.07,-38.37,-63.0,grandpas_village,4.53,cloudy,17.007,377.137,0.00,12.29,world
523.78,2026-08-31 12:34:36,-7.00,2.41,-37.71,7.0,grandpas_village,4.56,cloudy,17.221,8.659,0.00,11.85,world
524.28,2026-08-31 12:34:36,-7.00,1.07,-37.71,7.0,grandpas_village,4.58,cloudy,17.221,8.659,0.00,11.85,world
524.78,2026-08-31 12:34:37,-7.00,1.07,-37.71,7.0,grandpas_village,4.60,cloudy,16.093,6.865,0.00,11.85,world
525.28,2026-08-31 12:34:37,-7.00,1.07,-37.71,7.0,grandpas_village,4.62,cloudy,16.093,6.865,0.00,11.85,world
525.78,2026-08-31 12:34:38,-7.00,1.07,-37.71,7.0,grandpas_village,4.64,cloudy,15.105,7.123,0.00,11.85,world
526.28,2026-08-31 12:34:38,-7.00,1.07,-37.71,7.0,grandpas_village,4.66,cloudy,15.105,7.123,0.00,11.85,world
526.78,2026-08-31 12:34:39,-7.00,1.07,-37.71,7.0,grandpas_village,4.68,cloudy,15.887,7.735,0.00,11.85,world
527.28,2026-08-31 12:34:39,-7.00,1.07,-37.71,7.0,grandpas_village,4.70,cloudy,15.887,7.735,0.00,11.85,world
527.78,2026-08-31 12:34:40,-7.00,1.07,-37.71,7.0,grandpas_village,4.72,cloudy,17.026,7.534,0.00,11.85,world
528.28,2026-08-31 12:34:40,-7.00,1.07,-37.71,7.0,grandpas_village,4.74,cloudy,17.026,7.534,0.00,11.85,world
528.78,2026-08-31 12:34:41,-7.00,1.07,-37.71,7.0,grandpas_village,4.76,cloudy,17.515,7.496,0.00,11.85,world
529.28,2026-08-31 12:34:41,-7.00,1.07,-37.71,7.0,grandpas_village,4.78,cloudy,17.515,7.496,0.00,11.85,world
529.78,2026-08-31 12:34:42,-7.00,1.07,-37.71,7.0,grandpas_village,4.80,cloudy,17.012,7.732,0.00,11.85,world
530.28,2026-08-31 12:34:42,-7.00,1.07,-37.71,7.0,grandpas_village,4.82,cloudy,17.012,7.732,0.00,11.85,world
530.78,2026-08-31 12:34:43,-7.00,1.07,-37.71,7.0,grandpas_village,4.84,cloudy,16.680,7.343,0.00,11.85,world
531.28,2026-08-31 12:34:43,-7.00,1.07,-37.71,7.0,grandpas_village,4.86,cloudy,16.680,7.343,0.00,11.85,world
531.78,2026-08-31 12:34:44,-7.00,1.07,-37.71,7.0,grandpas_village,4.88,cloudy,17.611,8.226,0.00,11.85,world
532.28,2026-08-31 12:34:44,-7.00,1.07,-37.71,7.0,grandpas_village,4.90,cloudy,17.611,8.226,0.00,11.85,world
532.78,2026-08-31 12:34:45,-7.00,1.07,-37.71,7.0,grandpas_village,4.92,cloudy,20.821,7.836,0.00,11.85,world
533.28,2026-08-31 12:34:45,-7.00,1.07,-37.71,7.0,grandpas_village,4.94,cloudy,20.821,7.836,0.00,11.85,world
533.78,2026-08-31 12:34:46,-7.00,1.07,-37.71,7.0,grandpas_village,4.96,cloudy,18.732,9.173,0.00,11.85,world
534.28,2026-08-31 12:34:46,-7.00,1.07,-37.71,7.0,grandpas_village,4.98,cloudy,18.732,9.173,0.00,11.85,world
534.78,2026-08-31 12:34:47,-7.00,1.07,-37.71,7.0,grandpas_village,5.00,cloudy,17.254,7.357,0.00,11.85,world
535.28,2026-08-31 12:34:47,-7.00,1.07,-37.71,7.0,grandpas_village,5.02,cloudy,17.254,7.357,0.00,11.85,world
535.78,2026-08-31 12:34:48,-7.00,1.07,-37.71,7.0,grandpas_village,5.04,cloudy,16.968,7.851,0.00,11.85,world
536.28,2026-08-31 12:34:48,-7.00,1.07,-37.71,7.0,grandpas_village,5.06,cloudy,16.968,7.851,0.00,11.85,world
536.78,2026-08-31 12:34:49,-7.00,1.07,-37.71,7.0,grandpas_village,5.08,cloudy,14.868,5.871,0.00,11.85,world
537.28,2026-08-31 12:34:49,-7.00,1.07,-37.71,7.0,grandpas_village,5.10,cloudy,14.868,5.871,0.00,11.85,world
537.78,2026-08-31 12:34:50,-7.00,1.07,-37.71,7.0,grandpas_village,5.12,cloudy,17.145,6.798,0.00,11.85,world
538.28,2026-08-31 12:34:50,-7.00,1.07,-37.71,7.0,grandpas_village,5.14,cloudy,17.145,6.798,0.00,11.85,world
538.78,2026-08-31 12:34:51,-7.00,1.07,-37.71,7.0,grandpas_village,5.16,fog,15.693,6.427,0.00,11.85,world
539.28,2026-08-31 12:34:51,-7.00,1.07,-37.71,7.0,grandpas_village,5.18,fog,15.693,6.427,0.00,11.85,world
539.78,2026-08-31 12:34:52,-7.00,1.07,-37.71,7.0,grandpas_village,5.20,fog,19.198,6.714,0.00,11.85,world
540.28,2026-08-31 12:34:52,-7.00,1.07,-37.71,7.0,grandpas_village,5.22,fog,19.198,6.714,0.00,11.85,world
540.78,2026-08-31 12:34:53,-7.00,1.07,-37.71,7.0,grandpas_village,5.24,fog,15.705,5.724,0.00,11.85,world
541.28,2026-08-31 12:34:53,-7.00,1.07,-37.71,7.0,grandpas_village,5.26,fog,15.705,5.724,0.00,11.85,world
541.78,2026-08-31 12:34:54,-7.00,1.07,-37.71,7.0,grandpas_village,5.28,fog,15.199,6.005,0.00,11.85,world
542.28,2026-08-31 12:34:54,-7.00,1.07,-37.71,7.0,grandpas_village,5.30,fog,15.199,6.005,0.00,11.85,world
542.78,2026-08-31 12:34:55,-7.00,1.07,-37.71,7.0,grandpas_village,5.32,fog,16.682,6.991,0.00,11.85,world
543.28,2026-08-31 12:34:55,-7.00,1.07,-37.71,7.0,grandpas_village,5.34,fog,16.682,6.991,0.00,11.85,world
543.78,2026-08-31 12:34:56,-7.00,1.07,-37.71,7.0,grandpas_village,5.36,fog,17.466,6.319,0.00,11.85,world
544.28,2026-08-31 12:34:56,-7.00,1.07,-37.71,7.0,grandpas_village,5.38,fog,17.466,6.319,0.00,11.85,world
544.78,2026-08-31 12:34:57,-7.00,1.07,-37.71,7.0,grandpas_village,5.40,fog,16.073,6.386,0.00,11.85,world
545.28,2026-08-31 12:34:57,-7.00,1.07,-37.71,7.0,grandpas_village,5.42,fog,16.073,6.386,0.00,11.85,world
545.78,2026-08-31 12:34:58,-7.00,1.07,-37.71,7.0,grandpas_village,5.44,fog,15.783,6.336,0.00,11.85,world
546.28,2026-08-31 12:34:58,-7.00,1.07,-37.71,7.0,grandpas_village,5.46,fog,15.783,6.336,0.00,11.85,world
546.78,2026-08-31 12:34:59,-7.00,1.07,-37.71,7.0,grandpas_village,5.48,fog,15.825,5.709,0.00,11.85,world
547.28,2026-08-31 12:34:59,-7.00,1.07,-37.71,7.0,grandpas_village,5.50,fog,15.825,5.709,0.00,11.85,world
547.78,2026-08-31 12:35:00,-7.00,1.07,-37.71,7.0,grandpas_village,5.52,fog,15.850,6.047,0.00,11.85,world
548.28,2026-08-31 12:35:00,-7.00,1.07,-37.71,7.0,grandpas_village,5.54,fog,15.850,6.047,0.00,11.85,world
548.78,2026-08-31 12:35:01,-7.00,1.07,-37.71,7.0,grandpas_village,5.56,fog,14.619,6.641,0.00,11.85,world
549.28,2026-08-31 12:35:01,-7.00,1.07,-37.71,7.0,grandpas_village,5.58,fog,14.619,6.641,0.00,11.85,world
549.78,2026-08-31 12:35:02,-7.00,1.07,-37.71,7.0,grandpas_village,5.60,fog,31.872,6.716,0.00,11.85,world
550.28,2026-08-31 12:35:02,-7.00,1.07,-37.71,7.0,grandpas_village,5.62,fog,31.872,6.716,0.00,11.85,world
550.78,2026-08-31 12:35:03,-7.00,1.07,-37.71,7.0,grandpas_village,5.64,fog,15.844,6.414,0.00,11.85,world
551.28,2026-08-31 12:35:03,-7.00,1.07,-37.71,7.0,grandpas_village,5.66,fog,15.844,6.414,0.00,11.85,world
551.78,2026-08-31 12:35:04,-7.00,1.07,-37.71,7.0,grandpas_village,5.68,fog,15.999,6.574,0.00,11.85,world
552.28,2026-08-31 12:35:04,-7.00,1.07,-37.71,7.0,grandpas_village,5.70,fog,15.999,6.574,0.00,11.85,world
552.78,2026-08-31 12:35:05,-7.00,1.07,-37.71,7.0,grandpas_village,5.72,fog,13.978,5.681,0.00,11.85,world
553.28,2026-08-31 12:35:05,-7.00,1.07,-37.71,7.0,grandpas_village,5.74,fog,13.978,5.681,0.00,11.85,world
553.78,2026-08-31 12:35:06,-7.00,1.07,-37.71,7.0,grandpas_village,5.76,fog,16.934,6.424,0.00,11.85,world
554.28,2026-08-31 12:35:06,-7.00,1.07,-37.71,7.0,grandpas_village,5.78,fog,16.934,6.424,0.00,11.85,world
554.78,2026-08-31 12:35:07,-7.00,1.07,-37.71,7.0,grandpas_village,5.80,fog,17.052,6.667,0.00,11.85,world
555.28,2026-08-31 12:35:07,-7.00,1.07,-37.71,7.0,grandpas_village,5.82,fog,17.052,6.667,0.00,11.85,world
555.78,2026-08-31 12:35:08,-7.00,1.07,-37.71,7.0,grandpas_village,5.84,fog,16.194,6.224,0.00,11.85,world
556.28,2026-08-31 12:35:08,-7.00,1.07,-37.71,7.0,grandpas_village,5.86,fog,16.194,6.224,0.00,11.85,world
556.78,2026-08-31 12:35:09,-7.00,1.07,-37.71,7.0,grandpas_village,5.88,fog,14.729,5.573,0.00,11.85,world
557.28,2026-08-31 12:35:09,-7.00,1.07,-37.71,7.0,grandpas_village,5.90,fog,14.729,5.573,0.00,11.85,world
557.78,2026-08-31 12:35:10,-7.00,1.07,-37.71,7.0,grandpas_village,5.92,fog,15.519,6.450,0.00,11.85,world
558.28,2026-08-31 12:35:10,-7.00,1.07,-37.71,7.0,grandpas_village,5.94,fog,15.519,6.450,0.00,11.85,world
558.78,2026-08-31 12:35:11,-7.00,1.07,-37.71,7.0,grandpas_village,5.96,fog,20.637,6.444,0.00,11.85,world
559.28,2026-08-31 12:35:11,-7.00,1.07,-37.71,7.0,grandpas_village,5.98,fog,20.637,6.444,0.00,11.85,world
559.78,2026-08-31 12:35:12,-7.00,1.07,-37.71,7.0,grandpas_village,6.00,fog,17.099,6.712,0.00,11.85,world
560.28,2026-08-31 12:35:12,-7.00,1.07,-37.71,7.0,grandpas_village,6.02,fog,17.099,6.712,0.00,11.85,world
560.78,2026-08-31 12:35:13,-7.00,1.07,-37.71,7.0,grandpas_village,6.04,fog,15.855,6.134,0.00,11.85,world
561.28,2026-08-31 12:35:13,-7.00,1.07,-37.71,7.0,grandpas_village,6.06,fog,15.855,6.134,0.00,11.85,world
561.78,2026-08-31 12:35:14,-7.00,1.07,-37.71,7.0,grandpas_village,6.08,fog,16.481,6.084,0.00,11.85,world
562.28,2026-08-31 12:35:14,-7.00,1.07,-37.71,7.0,grandpas_village,6.10,fog,16.481,6.084,0.00,11.85,world
562.78,2026-08-31 12:35:15,-7.00,1.07,-37.71,7.0,grandpas_village,6.12,fog,15.316,6.059,0.00,11.85,world
563.28,2026-08-31 12:35:15,-7.00,1.07,-37.71,7.0,grandpas_village,6.14,fog,15.316,6.059,0.00,11.85,world
563.78,2026-08-31 12:35:16,-7.00,1.07,-37.71,7.0,grandpas_village,6.16,fog,16.295,5.865,0.00,11.85,world
564.28,2026-08-31 12:35:16,-7.00,1.07,-37.71,7.0,grandpas_village,6.18,fog,16.295,5.865,0.00,11.85,world
564.78,2026-08-31 12:35:17,-7.00,1.07,-37.71,7.0,grandpas_village,6.20,fog,15.965,5.930,0.00,11.85,world
565.28,2026-08-31 12:35:17,-7.00,1.07,-37.71,7.0,grandpas_village,6.22,fog,15.965,5.930,0.00,11.85,world
565.78,2026-08-31 12:35:18,-7.00,1.07,-37.71,7.0,grandpas_village,6.24,fog,15.015,5.421,0.00,11.85,world
566.28,2026-08-31 12:35:18,-7.00,1.07,-37.71,7.0,grandpas_village,6.26,fog,15.015,5.421,0.00,11.85,world
566.78,2026-08-31 12:35:19,-7.00,1.07,-37.71,7.0,grandpas_village,6.28,fog,15.112,5.848,0.00,11.85,world
567.28,2026-08-31 12:35:19,-7.00,1.07,-37.71,7.0,grandpas_village,6.30,fog,15.112,5.848,0.00,11.85,world
567.78,2026-08-31 12:35:20,-7.00,1.07,-37.71,7.0,grandpas_village,6.32,fog,15.545,6.140,0.00,11.85,world
568.28,2026-08-31 12:35:20,-7.00,1.07,-37.71,7.0,grandpas_village,6.34,fog,15.545,6.140,0.00,11.85,world
568.78,2026-08-31 12:35:21,-7.00,1.07,-37.71,7.0,grandpas_village,6.36,fog,16.485,5.724,0.00,11.85,world
569.28,2026-08-31 12:35:21,-7.00,1.07,-37.71,7.0,grandpas_village,6.38,fog,16.485,5.724,0.00,11.85,world
569.78,2026-08-31 12:35:22,-7.00,1.07,-37.71,7.0,grandpas_village,6.40,fog,16.018,5.937,0.00,11.85,world
570.28,2026-08-31 12:35:22,-7.00,1.07,-37.71,7.0,grandpas_village,6.42,fog,16.018,5.937,0.00,11.85,world
570.78,2026-08-31 12:35:23,-7.00,1.07,-37.71,7.0,grandpas_village,6.44,fog,14.602,5.423,0.00,11.85,world
571.28,2026-08-31 12:35:23,-7.00,1.07,-37.71,7.0,grandpas_village,6.46,fog,14.602,5.423,0.00,11.85,world
571.78,2026-08-31 12:35:24,-7.00,1.07,-37.71,7.0,grandpas_village,6.48,fog,15.391,5.555,0.00,11.85,world
572.28,2026-08-31 12:35:24,-7.00,1.07,-37.71,7.0,grandpas_village,6.50,fog,15.391,5.555,0.00,11.85,world
572.78,2026-08-31 12:35:25,-7.00,1.07,-37.71,7.0,grandpas_village,6.52,fog,14.545,4.747,0.00,11.85,world
573.28,2026-08-31 12:35:25,-7.00,1.07,-37.71,7.0,grandpas_village,6.54,fog,14.545,4.747,0.00,11.85,world
573.78,2026-08-31 12:35:26,-7.00,1.07,-37.71,7.0,grandpas_village,6.56,fog,14.197,5.557,0.00,11.85,world
574.28,2026-08-31 12:35:26,-7.00,1.07,-37.71,7.0,grandpas_village,6.58,fog,14.197,5.557,0.00,11.85,world
574.78,2026-08-31 12:35:27,-7.00,1.07,-37.71,7.0,grandpas_village,6.60,fog,16.227,6.068,0.00,11.85,world
575.28,2026-08-31 12:35:27,-7.00,1.07,-37.71,7.0,grandpas_village,6.62,fog,16.227,6.068,0.00,11.85,world
575.78,2026-08-31 12:35:28,-7.00,1.07,-37.71,7.0,grandpas_village,6.64,fog,19.780,6.103,0.00,11.85,world
576.28,2026-08-31 12:35:28,-7.00,1.07,-37.71,7.0,grandpas_village,6.66,fog,19.780,6.103,0.00,11.85,world
576.78,2026-08-31 12:35:29,-7.00,1.07,-37.71,7.0,grandpas_village,6.68,fog,14.851,5.868,0.00,11.85,world
577.28,2026-08-31 12:35:29,-7.00,1.07,-37.71,7.0,grandpas_village,6.70,fog,14.851,5.868,0.00,11.85,world
577.78,2026-08-31 12:35:30,-7.00,1.07,-37.71,7.0,grandpas_village,6.72,fog,14.674,5.767,0.00,11.85,world
578.28,2026-08-31 12:35:30,-7.00,1.07,-37.71,7.0,grandpas_village,6.74,fog,14.674,5.767,0.00,11.85,world
578.78,2026-08-31 12:35:31,-7.00,1.07,-37.71,7.0,grandpas_village,6.76,fog,14.696,5.471,0.00,11.85,world
579.28,2026-08-31 12:35:31,-7.00,1.07,-37.71,7.0,grandpas_village,6.78,fog,14.696,5.471,0.00,11.85,world
579.78,2026-08-31 12:35:32,-7.00,1.07,-37.71,7.0,grandpas_village,6.80,fog,15.798,6.178,0.00,11.85,world
580.28,2026-08-31 12:35:32,-7.00,1.07,-37.71,7.0,grandpas_village,6.82,fog,15.798,6.178,0.00,11.85,world
580.78,2026-08-31 12:35:33,-7.00,1.07,-37.71,7.0,grandpas_village,6.84,fog,13.207,5.569,0.00,11.85,world
581.28,2026-08-31 12:35:33,-7.00,1.07,-37.71,7.0,grandpas_village,6.86,fog,13.207,5.569,0.00,11.85,world
581.78,2026-08-31 12:35:34,-7.00,1.07,-37.71,7.0,grandpas_village,6.88,fog,15.708,5.442,0.00,11.85,world
582.28,2026-08-31 12:35:34,-7.00,1.07,-37.71,7.0,grandpas_village,6.90,fog,15.708,5.442,0.00,11.85,world
582.78,2026-08-31 12:35:35,-7.00,1.07,-37.71,7.0,grandpas_village,6.92,fog,16.398,6.388,0.00,11.85,world
583.28,2026-08-31 12:35:35,-7.00,1.07,-37.71,7.0,grandpas_village,6.94,fog,16.398,6.388,0.00,11.85,world
583.78,2026-08-31 12:35:36,-7.00,1.07,-37.71,7.0,grandpas_village,6.96,fog,14.657,5.363,0.00,11.85,world
584.28,2026-08-31 12:35:36,-7.00,1.07,-37.71,7.0,grandpas_village,6.98,fog,14.657,5.363,0.00,11.85,world
584.78,2026-08-31 12:35:37,-7.00,1.07,-37.71,7.0,grandpas_village,7.00,fog,15.676,5.600,0.00,11.85,world
585.28,2026-08-31 12:35:37,-7.00,1.07,-37.71,7.0,grandpas_village,7.02,fog,15.676,5.600,0.00,11.85,world
585.78,2026-08-31 12:35:38,-7.00,1.07,-37.71,7.0,grandpas_village,7.04,fog,14.949,5.534,0.00,11.85,world
586.28,2026-08-31 12:35:38,-7.00,1.07,-37.71,7.0,grandpas_village,7.06,fog,14.949,5.534,0.00,11.85,world
586.78,2026-08-31 12:35:39,-7.00,1.07,-37.71,7.0,grandpas_village,7.08,fog,13.763,5.374,0.00,11.85,world
587.28,2026-08-31 12:35:39,-7.00,1.07,-37.71,7.0,grandpas_village,7.10,fog,13.763,5.374,0.00,11.85,world
587.78,2026-08-31 12:35:40,-7.00,1.07,-37.71,7.0,grandpas_village,7.12,fog,15.334,6.414,0.00,11.85,world
588.28,2026-08-31 12:35:40,-7.00,1.07,-37.71,7.0,grandpas_village,7.14,fog,15.334,6.414,0.00,11.85,world
588.78,2026-08-31 12:35:41,-7.00,1.07,-37.71,7.0,grandpas_village,7.16,fog,16.259,6.138,0.00,11.85,world
589.28,2026-08-31 12:35:41,-7.00,1.07,-37.71,7.0,grandpas_village,7.18,fog,16.259,6.138,0.00,11.85,world
589.78,2026-08-31 12:35:42,-7.00,1.07,-37.71,7.0,grandpas_village,7.20,fog,15.280,6.010,0.00,11.85,world
590.28,2026-08-31 12:35:42,-7.00,1.07,-37.71,7.0,grandpas_village,7.22,fog,15.280,6.010,0.00,11.85,world
590.78,2026-08-31 12:35:43,-7.00,1.07,-37.71,7.0,grandpas_village,7.24,fog,15.618,6.026,0.00,11.85,world
591.28,2026-08-31 12:35:43,-7.00,1.07,-37.71,7.0,grandpas_village,7.26,fog,15.618,6.026,0.00,11.85,world
591.78,2026-08-31 12:35:44,-7.00,1.07,-37.71,7.0,grandpas_village,7.28,fog,15.546,6.703,0.00,11.85,world
592.28,2026-08-31 12:35:44,-7.00,1.07,-37.71,7.0,grandpas_village,7.30,fog,15.546,6.703,0.00,11.85,world
592.78,2026-08-31 12:35:45,-7.00,1.07,-37.71,7.0,grandpas_village,7.32,fog,16.425,7.036,0.00,11.85,world
593.28,2026-08-31 12:35:45,-7.00,1.07,-37.71,7.0,grandpas_village,7.34,fog,16.425,7.036,0.00,11.85,world
593.78,2026-08-31 12:35:46,-7.00,1.07,-37.71,7.0,grandpas_village,7.36,fog,15.269,6.117,0.00,11.85,world
594.28,2026-08-31 12:35:46,-7.00,1.07,-37.71,7.0,grandpas_village,7.38,fog,15.269,6.117,0.00,11.85,world
594.78,2026-08-31 12:35:47,-7.00,1.07,-37.71,7.0,grandpas_village,7.40,fog,14.813,5.519,0.00,11.85,world
595.28,2026-08-31 12:35:47,-7.00,1.07,-37.71,7.0,grandpas_village,7.42,fog,14.813,5.519,0.00,11.85,world
595.78,2026-08-31 12:35:48,-7.00,1.07,-37.71,7.0,grandpas_village,7.44,fog,16.326,6.099,0.00,11.85,world
596.28,2026-08-31 12:35:48,-7.00,1.07,-37.71,7.0,grandpas_village,7.46,fog,16.326,6.099,0.00,11.85,world
596.78,2026-08-31 12:35:49,-7.00,1.07,-37.71,7.0,grandpas_village,7.48,fog,14.884,5.675,0.00,11.85,world
597.28,2026-08-31 12:35:49,-7.00,1.07,-37.71,7.0,grandpas_village,7.50,fog,14.884,5.675,0.00,11.85,world
597.78,2026-08-31 12:35:50,-7.00,1.07,-37.71,7.0,grandpas_village,7.52,fog,15.140,5.923,0.00,11.85,world
598.28,2026-08-31 12:35:50,-7.00,1.07,-37.71,7.0,grandpas_village,7.54,fog,15.140,5.923,0.00,11.85,world
598.78,2026-08-31 12:35:51,-7.00,1.07,-37.71,7.0,grandpas_village,7.56,fog,17.688,6.207,0.00,11.85,world
599.28,2026-08-31 12:35:51,-7.00,1.07,-37.71,7.0,grandpas_village,7.58,fog,17.688,6.207,0.00,11.85,world
599.78,2026-08-31 12:35:52,-7.00,1.07,-37.71,7.0,grandpas_village,7.60,fog,16.866,6.835,0.00,11.85,world
600.28,2026-08-31 12:35:52,-7.00,1.07,-37.71,7.0,grandpas_village,7.62,fog,16.866,6.835,0.00,11.85,world
600.78,2026-08-31 12:35:53,-7.00,1.07,-37.71,7.0,grandpas_village,7.64,fog,17.001,5.763,0.00,11.85,world
601.28,2026-08-31 12:35:53,-7.00,1.07,-37.71,7.0,grandpas_village,7.66,fog,17.001,5.763,0.00,11.85,world
601.78,2026-08-31 12:35:54,-7.00,1.07,-37.71,7.0,grandpas_village,7.68,fog,14.407,6.235,0.00,11.85,world
602.28,2026-08-31 12:35:54,-7.00,1.07,-37.71,7.0,grandpas_village,7.70,fog,14.407,6.235,0.00,11.85,world
602.78,2026-08-31 12:35:55,-7.00,1.07,-37.71,7.0,grandpas_village,7.72,fog,15.269,5.932,0.00,11.85,world
603.28,2026-08-31 12:35:55,-7.00,1.07,-37.71,7.0,grandpas_village,7.74,fog,15.269,5.932,0.00,11.85,world
603.78,2026-08-31 12:35:56,-7.00,1.07,-37.71,7.0,grandpas_village,7.76,fog,15.923,5.932,0.00,11.85,world
604.28,2026-08-31 12:35:56,-7.00,1.07,-37.71,7.0,grandpas_village,7.78,fog,15.923,5.932,0.00,11.85,world
604.78,2026-08-31 12:35:57,-7.00,1.07,-37.71,7.0,grandpas_village,7.80,fog,15.417,5.451,0.00,11.85,world
605.28,2026-08-31 12:35:57,-7.00,1.07,-37.71,7.0,grandpas_village,7.82,fog,15.417,5.451,0.00,11.85,world
605.78,2026-08-31 12:35:58,-7.00,1.07,-37.71,7.0,grandpas_village,7.84,fog,14.816,5.707,0.00,11.85,world
606.28,2026-08-31 12:35:58,-7.00,1.07,-37.71,7.0,grandpas_village,7.86,fog,14.816,5.707,0.00,11.85,world
606.78,2026-08-31 12:35:59,-7.00,1.07,-37.71,7.0,grandpas_village,7.88,fog,14.794,6.807,0.00,11.85,world
607.28,2026-08-31 12:35:59,-7.00,1.07,-37.71,7.0,grandpas_village,7.90,fog,14.794,6.807,0.00,11.85,world
607.78,2026-08-31 12:36:00,-7.00,1.07,-37.71,7.0,grandpas_village,7.92,fog,14.929,6.202,0.00,11.85,world
608.28,2026-08-31 12:36:00,-7.00,1.07,-37.71,7.0,grandpas_village,7.94,fog,14.929,6.202,0.00,11.85,world
608.78,2026-08-31 12:36:01,-7.00,1.07,-37.71,7.0,grandpas_village,7.96,fog,18.593,6.193,0.00,11.85,world
609.28,2026-08-31 12:36:01,-7.00,1.07,-37.71,7.0,grandpas_village,7.98,fog,18.593,6.193,0.00,11.85,world
609.78,2026-08-31 12:36:02,-7.00,1.07,-37.71,7.0,grandpas_village,8.00,fog,15.671,5.873,0.00,11.85,world
610.28,2026-08-31 12:36:02,-7.00,1.07,-37.71,7.0,grandpas_village,8.02,fog,15.671,5.873,0.00,11.85,world
610.78,2026-08-31 12:36:03,-7.00,1.07,-37.71,7.0,grandpas_village,8.04,fog,14.335,4.970,0.00,11.85,world
611.28,2026-08-31 12:36:03,-7.00,1.07,-37.71,7.0,grandpas_village,8.06,fog,14.335,4.970,0.00,11.85,world
611.78,2026-08-31 12:36:04,-7.00,1.07,-37.71,7.0,grandpas_village,8.08,fog,15.001,5.374,0.00,11.85,world
612.28,2026-08-31 12:36:04,-7.00,1.07,-37.71,7.0,grandpas_village,8.10,fog,15.001,5.374,0.00,11.85,world
612.78,2026-08-31 12:36:05,-7.00,1.07,-37.71,7.0,grandpas_village,8.12,fog,15.672,6.224,0.00,11.85,world
613.28,2026-08-31 12:36:05,-7.00,1.07,-37.71,7.0,grandpas_village,8.14,fog,15.672,6.224,0.00,11.85,world
613.78,2026-08-31 12:36:06,-7.00,1.07,-37.71,7.0,grandpas_village,8.16,fog,18.233,5.930,0.00,11.85,world
614.28,2026-08-31 12:36:06,-7.00,1.07,-37.71,7.0,grandpas_village,8.18,fog,18.233,5.930,0.00,11.85,world
614.78,2026-08-31 12:36:07,-7.00,1.07,-37.71,7.0,grandpas_village,8.20,fog,17.708,7.212,0.00,11.85,world
615.28,2026-08-31 12:36:07,-7.00,1.07,-37.71,7.0,grandpas_village,8.22,fog,17.708,7.212,0.00,11.85,world
615.78,2026-08-31 12:36:08,-7.00,1.07,-37.71,7.0,grandpas_village,8.24,fog,20.137,6.013,0.00,11.85,world
616.28,2026-08-31 12:36:08,-7.00,1.07,-37.71,7.0,grandpas_village,8.26,fog,20.137,6.013,0.00,11.85,world
616.78,2026-08-31 12:36:09,-7.00,1.07,-37.71,7.0,grandpas_village,8.28,fog,15.454,5.527,0.00,11.85,world
617.28,2026-08-31 12:36:09,-7.00,1.07,-37.71,7.0,grandpas_village,8.30,fog,15.454,5.527,0.00,11.85,world
617.78,2026-08-31 12:36:10,-7.00,1.07,-37.71,7.0,grandpas_village,8.32,fog,14.977,4.861,0.00,11.85,world
618.28,2026-08-31 12:36:10,-7.00,1.07,-37.71,7.0,grandpas_village,8.34,fog,14.977,4.861,0.00,11.85,world
618.78,2026-08-31 12:36:11,-7.00,1.07,-37.71,7.0,grandpas_village,8.36,fog,16.126,4.788,0.00,11.85,world
619.28,2026-08-31 12:36:11,-7.00,1.07,-37.71,7.0,grandpas_village,8.38,fog,16.126,4.788,0.00,11.85,world
619.78,2026-08-31 12:36:12,-7.00,1.07,-37.71,7.0,grandpas_village,8.40,fog,16.395,6.017,0.00,11.85,world
620.28,2026-08-31 12:36:12,-7.00,1.07,-37.71,7.0,grandpas_village,8.42,fog,16.395,6.017,0.00,11.85,world
620.78,2026-08-31 12:36:13,-7.00,1.07,-37.71,7.0,grandpas_village,8.44,fog,16.330,6.197,0.00,11.85,world
621.28,2026-08-31 12:36:13,-7.00,1.07,-37.71,7.0,grandpas_village,8.46,fog,16.330,6.197,0.00,11.85,world
621.78,2026-08-31 12:36:14,-7.00,1.07,-37.71,7.0,grandpas_village,8.48,fog,16.594,6.272,0.00,11.85,world
622.28,2026-08-31 12:36:14,-7.00,1.07,-37.71,7.0,grandpas_village,8.50,fog,16.594,6.272,0.00,11.85,world
622.78,2026-08-31 12:36:15,-7.00,1.07,-37.71,7.0,grandpas_village,8.52,fog,14.945,5.381,0.00,11.85,world
623.28,2026-08-31 12:36:15,-7.00,1.07,-37.71,7.0,grandpas_village,8.54,fog,14.945,5.381,0.00,11.85,world
623.78,2026-08-31 12:36:16,-7.00,1.07,-37.71,7.0,grandpas_village,8.56,fog,14.687,6.419,0.00,11.85,world
624.28,2026-08-31 12:36:16,-7.00,1.07,-37.71,7.0,grandpas_village,8.58,fog,14.687,6.419,0.00,11.85,world
624.78,2026-08-31 12:36:17,-7.00,1.07,-37.71,7.0,grandpas_village,8.60,fog,15.714,5.957,0.00,11.85,world
625.28,2026-08-31 12:36:17,-7.00,1.07,-37.71,7.0,grandpas_village,8.62,fog,15.714,5.957,0.00,11.85,world
625.78,2026-08-31 12:36:18,-7.00,1.07,-37.71,7.0,grandpas_village,8.64,fog,14.613,5.356,0.00,11.85,world
626.28,2026-08-31 12:36:18,-7.00,1.07,-37.71,7.0,grandpas_village,8.66,fog,14.613,5.356,0.00,11.85,world
626.78,2026-08-31 12:36:19,-7.00,1.07,-37.71,7.0,grandpas_village,8.68,fog,13.846,5.718,0.00,11.85,world
627.28,2026-08-31 12:36:19,-7.00,1.07,-37.71,7.0,grandpas_village,8.70,fog,13.846,5.718,0.00,11.85,world
627.78,2026-08-31 12:36:20,-7.00,1.07,-37.71,7.0,grandpas_village,8.72,fog,15.990,6.136,0.00,11.85,world
628.28,2026-08-31 12:36:20,-7.00,1.07,-37.71,7.0,grandpas_village,8.74,fog,15.990,6.136,0.00,11.85,world
628.78,2026-08-31 12:36:21,-7.00,1.07,-37.71,7.0,grandpas_village,8.76,fog,14.511,5.352,0.00,11.85,world
629.28,2026-08-31 12:36:21,-7.00,1.07,-37.71,7.0,grandpas_village,8.78,fog,14.511,5.352,0.00,11.85,world
629.78,2026-08-31 12:36:22,-7.00,1.07,-37.71,7.0,grandpas_village,8.80,fog,13.904,4.752,0.00,11.85,world
630.28,2026-08-31 12:36:22,-7.00,1.07,-37.71,7.0,grandpas_village,8.82,fog,13.904,4.752,0.00,11.85,world
630.78,2026-08-31 12:36:23,-7.00,1.07,-37.71,7.0,grandpas_village,8.84,fog,15.682,6.147,0.00,11.85,world
631.28,2026-08-31 12:36:23,-7.00,1.07,-37.71,7.0,grandpas_village,8.86,fog,15.682,6.147,0.00,11.85,world
631.78,2026-08-31 12:36:24,-7.00,1.07,-37.71,7.0,grandpas_village,8.88,fog,15.894,6.077,0.00,11.85,world
632.28,2026-08-31 12:36:24,-7.00,1.07,-37.71,7.0,grandpas_village,8.90,fog,15.894,6.077,0.00,11.85,world
632.78,2026-08-31 12:36:25,-7.00,1.07,-37.71,7.0,grandpas_village,8.92,fog,15.884,5.704,0.00,11.85,world
633.28,2026-08-31 12:36:25,-7.00,1.07,-37.71,7.0,grandpas_village,8.94,fog,15.884,5.704,0.00,11.85,world
633.78,2026-08-31 12:36:26,-7.00,1.07,-37.71,7.0,grandpas_village,8.96,fog,15.540,6.340,0.00,11.85,world
634.28,2026-08-31 12:36:26,-7.00,1.07,-37.71,7.0,grandpas_village,8.98,fog,15.540,6.340,0.00,11.85,world
634.78,2026-08-31 12:36:27,-7.00,1.07,-37.71,7.0,grandpas_village,9.00,fog,14.761,5.824,0.00,11.85,world
635.28,2026-08-31 12:36:27,-7.00,1.07,-37.71,7.0,grandpas_village,9.02,fog,14.761,5.824,0.00,11.85,world
635.78,2026-08-31 12:36:28,-7.00,1.07,-37.71,7.0,grandpas_village,9.04,fog,15.880,5.916,0.00,11.85,world
636.28,2026-08-31 12:36:28,-7.00,1.07,-37.71,7.0,grandpas_village,9.06,fog,15.880,5.916,0.00,11.85,world
636.78,2026-08-31 12:36:29,-7.00,1.07,-37.71,7.0,grandpas_village,9.08,fog,15.044,5.728,0.00,11.85,world
637.28,2026-08-31 12:36:29,-7.00,1.07,-37.71,7.0,grandpas_village,9.10,fog,15.044,5.728,0.00,11.85,world
637.78,2026-08-31 12:36:30,-7.00,1.07,-37.71,7.0,grandpas_village,9.12,fog,14.836,5.978,0.00,11.85,world
638.28,2026-08-31 12:36:30,-7.00,1.07,-37.71,7.0,grandpas_village,9.14,fog,14.836,5.978,0.00,11.85,world
638.78,2026-08-31 12:36:31,-7.00,1.07,-37.71,7.0,grandpas_village,9.16,fog,14.345,6.025,0.00,11.85,world
639.28,2026-08-31 12:36:31,-7.00,1.07,-37.71,7.0,grandpas_village,9.18,fog,14.345,6.025,0.00,11.85,world
639.78,2026-08-31 12:36:32,-7.00,1.07,-37.71,7.0,grandpas_village,9.20,fog,19.485,5.861,0.00,11.85,world
640.28,2026-08-31 12:36:32,-7.00,1.07,-37.71,7.0,grandpas_village,9.22,fog,19.485,5.861,0.00,11.85,world
640.78,2026-08-31 12:36:33,-7.00,1.07,-37.71,7.0,grandpas_village,9.24,fog,14.896,5.896,0.00,11.85,world
641.28,2026-08-31 12:36:33,-7.00,1.07,-37.71,7.0,grandpas_village,9.26,fog,14.896,5.896,0.00,11.85,world
641.78,2026-08-31 12:36:34,-7.00,1.07,-37.71,7.0,grandpas_village,9.28,fog,15.181,5.943,0.00,11.85,world
642.28,2026-08-31 12:36:34,-7.00,1.07,-37.71,7.0,grandpas_village,9.30,fog,15.181,5.943,0.00,11.85,world
642.78,2026-08-31 12:36:35,-7.00,1.07,-37.71,7.0,grandpas_village,9.32,fog,15.767,6.427,0.00,11.85,world
643.28,2026-08-31 12:36:35,-7.00,1.07,-37.71,7.0,grandpas_village,9.34,fog,15.767,6.427,0.00,11.85,world
643.78,2026-08-31 12:36:36,-7.00,1.07,-37.71,7.0,grandpas_village,9.36,fog,14.926,5.757,0.00,11.85,world
644.28,2026-08-31 12:36:36,-7.00,1.07,-37.71,7.0,grandpas_village,9.38,fog,14.926,5.757,0.00,11.85,world
644.78,2026-08-31 12:36:37,-7.00,1.07,-37.71,7.0,grandpas_village,9.40,fog,16.672,5.920,0.00,11.85,world
645.28,2026-08-31 12:36:37,-7.00,1.07,-37.71,7.0,grandpas_village,9.42,fog,16.672,5.920,0.00,11.85,world
645.78,2026-08-31 12:36:38,-7.00,1.07,-37.71,7.0,grandpas_village,9.44,fog,15.394,6.162,0.00,11.85,world
646.28,2026-08-31 12:36:38,-7.00,1.07,-37.71,7.0,grandpas_village,9.46,fog,15.394,6.162,0.00,11.85,world
646.78,2026-08-31 12:36:39,-7.00,1.07,-37.71,7.0,grandpas_village,9.48,fog,17.809,10.566,0.00,11.85,world
647.28,2026-08-31 12:36:39,-6.68,1.39,-37.72,49.0,grandpas_village,9.50,fog,17.809,10.566,0.00,11.61,world
647.78,2026-08-31 12:36:40,-4.47,1.19,-37.83,93.6,grandpas_village,9.52,fog,13.795,5.406,0.00,10.16,world
648.28,2026-08-31 12:36:40,-2.02,1.28,-37.98,93.6,grandpas_village,9.54,fog,13.795,5.406,0.00,8.94,world
648.78,2026-08-31 12:36:41,0.46,1.31,-38.13,93.6,grandpas_village,9.56,fog,15.053,5.519,0.00,6.91,world
649.28,2026-08-31 12:36:41,2.95,1.34,-38.29,93.6,grandpas_village,9.58,fog,15.053,5.519,0.00,5.26,world
649.78,2026-08-31 12:36:42,5.43,1.38,-38.44,93.6,grandpas_village,9.60,fog,14.005,5.582,0.00,4.47,world
650.28,2026-08-31 12:36:42,7.92,1.40,-38.59,93.7,grandpas_village,9.62,fog,14.005,5.582,0.00,4.97,world
650.78,2026-08-31 12:36:43,10.43,1.39,-38.74,93.7,grandpas_village,9.64,fog,14.097,5.760,0.00,6.49,world
651.28,2026-08-31 12:36:43,12.93,1.38,-38.90,93.7,grandpas_village,9.66,fog,14.097,5.760,0.00,8.48,world
651.78,2026-08-31 12:36:44,15.43,1.35,-39.05,93.7,grandpas_village,9.68,fog,16.820,5.784,0.00,8.29,world
652.28,2026-08-31 12:36:44,17.96,1.28,-39.21,93.7,grandpas_village,9.70,fog,16.820,5.784,0.00,6.60,world
652.78,2026-08-31 12:36:45,20.50,1.14,-39.38,93.8,grandpas_village,9.72,fog,15.668,7.055,0.00,5.58,world
653.28,2026-08-31 12:36:45,23.05,0.95,-39.54,93.8,grandpas_village,9.74,fog,15.668,7.055,0.00,5.35,world
653.78,2026-08-31 12:36:46,25.62,0.72,-39.71,93.8,grandpas_village,9.76,fog,15.609,6.152,0.00,4.31,world
654.28,2026-08-31 12:36:46,26.36,0.64,-39.76,93.8,grandpas_village,9.78,fog,15.609,6.152,0.00,4.26,world
654.78,2026-08-31 12:36:47,26.36,0.64,-39.76,93.8,grandpas_village,9.80,fog,15.252,5.885,0.00,4.26,world
655.28,2026-08-31 12:36:47,26.36,0.64,-39.76,93.8,grandpas_village,9.82,fog,15.252,5.885,0.00,4.26,world
655.78,2026-08-31 12:36:48,26.36,0.64,-39.76,93.8,grandpas_village,9.84,fog,15.607,5.663,0.00,4.26,world
656.28,2026-08-31 12:36:48,26.36,0.64,-39.76,93.8,grandpas_village,9.86,fog,15.607,5.663,0.00,4.26,world
656.78,2026-08-31 12:36:49,26.36,0.64,-39.76,93.8,grandpas_village,9.88,fog,15.827,5.832,0.00,4.26,world
657.58,2026-08-31 12:36:50,26.36,0.64,-39.76,93.8,grandpas_village,9.91,fog,15.061,6.399,0.00,4.26,world
658.08,2026-08-31 12:36:50,26.36,0.64,-39.76,93.8,grandpas_village,9.93,fog,15.061,6.399,0.00,4.26,world
658.60,2026-08-31 12:36:51,26.36,0.64,-39.76,93.8,grandpas_village,9.95,fog,14.982,6.086,0.00,4.26,world
659.13,2026-08-31 12:36:51,26.36,0.64,-39.76,93.8,grandpas_village,9.97,fog,14.982,6.086,0.00,4.26,world
659.68,2026-08-31 12:36:52,26.36,0.64,-39.76,93.8,grandpas_village,9.99,fog,15.846,6.376,0.00,4.26,world
660.22,2026-08-31 12:36:52,26.36,0.64,-39.76,93.8,grandpas_village,10.02,fog,15.846,6.376,0.00,4.26,world
660.72,2026-08-31 12:36:53,26.36,0.64,-39.76,93.8,grandpas_village,10.04,fog,16.268,6.330,0.00,4.26,world
661.68,2026-08-31 12:36:54,26.36,0.64,-39.76,93.8,grandpas_village,10.07,fog,14.831,6.743,0.00,4.26,world
662.22,2026-08-31 12:36:54,26.36,0.64,-39.76,93.8,grandpas_village,10.10,fog,14.831,6.743,0.00,4.26,world
662.73,2026-08-31 12:36:55,26.36,0.64,-39.76,93.8,grandpas_village,10.12,fog,15.593,7.106,0.00,4.26,world
663.25,2026-08-31 12:36:55,26.36,0.64,-39.76,93.8,grandpas_village,10.14,fog,15.593,7.106,0.00,4.26,world
663.75,2026-08-31 12:36:56,26.36,0.64,-39.76,93.8,grandpas_village,10.16,fog,17.154,6.467,0.00,4.26,world
664.28,2026-08-31 12:36:56,26.36,0.64,-39.76,93.8,grandpas_village,10.18,fog,17.154,6.467,0.00,4.26,world
664.78,2026-08-31 12:36:57,26.36,0.64,-39.76,93.8,grandpas_village,10.20,fog,16.583,7.058,0.00,4.26,world
665.30,2026-08-31 12:36:57,26.36,0.64,-39.76,93.8,grandpas_village,10.22,fog,16.583,7.058,0.00,4.26,world
666.13,2026-08-31 12:36:58,26.36,0.64,-39.76,93.8,grandpas_village,10.25,fog,15.287,5.748,0.00,4.26,world
667.03,2026-08-31 12:36:59,26.36,0.64,-39.76,93.8,grandpas_village,10.29,fog,13.305,5.749,0.00,4.26,world
667.53,2026-08-31 12:36:59,26.36,0.64,-39.76,93.8,grandpas_village,10.31,fog,14.204,6.722,0.00,4.26,world
668.03,2026-08-31 12:37:00,26.36,0.64,-39.76,93.8,grandpas_village,10.33,fog,14.204,6.722,0.00,4.26,world
668.53,2026-08-31 12:37:00,26.36,0.64,-39.76,93.8,grandpas_village,10.35,fog,14.828,5.922,0.00,4.26,world
669.03,2026-08-31 12:37:01,26.36,0.64,-39.76,93.8,grandpas_village,10.37,fog,14.828,5.922,0.00,4.26,world
669.53,2026-08-31 12:37:01,26.36,0.64,-39.76,93.8,grandpas_village,10.39,fog,16.063,5.695,0.00,4.26,world
670.03,2026-08-31 12:37:02,26.36,0.64,-39.76,93.8,grandpas_village,10.41,fog,16.063,5.695,0.00,4.26,world
670.53,2026-08-31 12:37:02,26.36,0.64,-39.76,93.8,grandpas_village,10.43,fog,15.309,5.811,0.00,4.26,world
671.03,2026-08-31 12:37:03,26.36,0.64,-39.76,93.8,grandpas_village,10.45,fog,15.309,5.811,0.00,4.26,world
671.53,2026-08-31 12:37:03,26.36,0.64,-39.76,93.8,grandpas_village,10.47,fog,17.316,5.958,0.00,4.26,world
672.03,2026-08-31 12:37:04,26.36,0.64,-39.76,93.8,grandpas_village,10.49,fog,17.316,5.958,0.00,4.26,world
672.53,2026-08-31 12:37:04,26.36,0.64,-39.76,93.8,grandpas_village,10.51,fog,15.032,5.749,0.00,4.26,world
673.03,2026-08-31 12:37:05,26.36,0.64,-39.76,93.8,grandpas_village,10.53,fog,15.032,5.749,0.00,4.26,world
673.53,2026-08-31 12:37:05,26.36,0.64,-39.76,93.8,grandpas_village,10.55,fog,15.012,5.573,0.00,4.26,world
674.03,2026-08-31 12:37:06,26.36,0.64,-39.76,93.8,grandpas_village,10.57,fog,15.012,5.573,0.00,4.26,world
674.53,2026-08-31 12:37:06,26.36,0.64,-39.76,93.8,grandpas_village,10.59,fog,15.051,5.427,0.00,4.26,world
675.03,2026-08-31 12:37:07,26.36,0.64,-39.76,93.8,grandpas_village,10.61,fog,15.051,5.427,0.00,4.26,world
675.53,2026-08-31 12:37:07,26.36,0.64,-39.76,93.8,grandpas_village,10.63,fog,12.828,5.333,0.00,4.26,world
676.03,2026-08-31 12:37:08,26.30,0.65,-39.76,125.3,grandpas_village,10.65,fog,12.828,5.333,0.00,4.25,world
676.53,2026-08-31 12:37:08,24.01,0.89,-39.77,-90.4,grandpas_village,10.67,fog,12.680,4.974,0.00,4.67,world
677.03,2026-08-31 12:37:09,21.60,1.08,-39.79,-90.4,grandpas_village,10.69,fog,12.680,4.974,0.00,5.80,world
677.53,2026-08-31 12:37:09,19.18,1.25,-39.80,-90.4,grandpas_village,10.71,fog,13.043,4.742,0.00,6.45,world
678.03,2026-08-31 12:37:10,16.74,1.38,-39.82,-90.5,grandpas_village,10.73,fog,13.043,4.742,0.00,7.84,world
678.53,2026-08-31 12:37:10,14.28,1.46,-39.84,-90.5,grandpas_village,10.75,fog,15.545,6.152,0.00,9.68,world
679.03,2026-08-31 12:37:11,11.80,1.52,-39.85,-90.5,grandpas_village,10.77,fog,15.545,6.152,0.00,8.24,world
679.53,2026-08-31 12:37:11,9.32,1.58,-39.86,-90.5,grandpas_village,10.79,fog,16.420,6.509,0.00,6.74,world
680.03,2026-08-31 12:37:12,6.82,1.59,-39.88,-90.5,grandpas_village,10.81,fog,16.420,6.509,0.00,5.94,world
680.53,2026-08-31 12:37:12,4.31,1.56,-39.90,-90.6,grandpas_village,10.83,fog,19.312,6.646,0.00,6.13,world
681.03,2026-08-31 12:37:13,1.79,1.52,-39.92,-90.6,grandpas_village,10.85,fog,19.312,6.646,0.00,7.26,world
681.53,2026-08-31 12:37:13,-0.74,1.45,-39.94,-90.7,grandpas_village,10.87,fog,17.810,6.508,0.00,8.98,world
682.03,2026-08-31 12:37:14,-3.28,1.33,-39.97,-90.7,grandpas_village,10.89,fog,17.810,6.508,0.00,11.03,world
682.53,2026-08-31 12:37:14,-4.34,1.26,-39.98,-90.8,grandpas_village,10.91,fog,15.767,6.670,0.00,11.82,world
683.03,2026-08-31 12:37:15,-4.34,1.26,-39.98,-90.8,grandpas_village,10.93,fog,15.767,6.670,0.00,11.82,world
683.53,2026-08-31 12:37:15,-4.34,1.26,-39.98,-90.8,grandpas_village,10.95,fog,15.300,5.452,0.00,11.82,world
684.03,2026-08-31 12:37:16,-4.34,1.26,-39.98,-90.8,grandpas_village,10.97,fog,15.300,5.452,0.00,11.82,world
684.55,2026-08-31 12:37:16,-4.34,2.33,-39.98,-90.8,grandpas_village,10.99,fog,15.008,5.845,0.00,11.82,world
685.05,2026-08-31 12:37:17,-4.34,1.26,-39.98,-90.8,grandpas_village,11.01,fog,15.008,5.845,0.00,11.82,world
685.55,2026-08-31 12:37:17,-4.34,1.26,-39.98,-90.8,grandpas_village,11.03,fog,15.776,5.594,0.00,11.82,world
686.05,2026-08-31 12:37:18,-4.34,1.26,-39.98,-90.8,grandpas_village,11.05,fog,15.776,5.594,0.00,11.82,world
686.55,2026-08-31 12:37:18,-4.34,1.26,-39.98,-90.8,grandpas_village,11.07,fog,15.102,5.982,0.00,11.82,world
687.05,2026-08-31 12:37:19,-4.34,1.26,-39.98,-90.8,grandpas_village,11.09,fog,15.102,5.982,0.00,11.82,world
687.55,2026-08-31 12:37:19,-4.34,1.26,-39.98,-90.8,grandpas_village,11.11,fog,14.073,5.653,0.00,11.82,world
688.05,2026-08-31 12:37:20,-4.34,1.26,-39.98,-90.8,grandpas_village,11.13,fog,14.073,5.653,0.00,11.82,world
688.55,2026-08-31 12:37:20,-4.34,1.26,-39.98,-90.8,grandpas_village,11.15,fog,15.733,6.079,0.00,11.82,world
689.05,2026-08-31 12:37:21,-4.34,1.26,-39.98,-90.8,grandpas_village,11.17,fog,15.733,6.079,0.00,11.82,world
689.55,2026-08-31 12:37:21,-4.34,1.26,-39.98,-90.8,grandpas_village,11.19,fog,16.478,5.913,0.00,11.82,world
690.05,2026-08-31 12:37:22,-4.34,1.26,-39.98,-90.8,grandpas_village,11.21,fog,16.478,5.913,0.00,11.82,world
690.55,2026-08-31 12:37:22,-4.34,1.26,-39.98,-90.8,grandpas_village,11.23,fog,14.006,5.948,0.00,11.82,world
691.05,2026-08-31 12:37:23,-4.34,1.26,-39.98,-90.8,grandpas_village,11.25,fog,14.006,5.948,0.00,11.82,world
691.55,2026-08-31 12:37:23,-4.34,1.26,-39.98,-90.8,grandpas_village,11.27,fog,15.524,5.494,0.00,11.82,world
692.05,2026-08-31 12:37:24,-4.34,1.26,-39.98,-90.8,grandpas_village,11.29,fog,15.524,5.494,0.00,11.82,world
692.55,2026-08-31 12:37:25,-4.34,1.26,-39.98,-90.8,grandpas_village,11.31,fog,15.746,5.527,0.00,11.82,menu_backpack
693.05,2026-08-31 12:37:25,-4.34,1.26,-39.98,-90.8,grandpas_village,11.31,fog,15.746,5.527,0.00,11.82,menu_backpack
693.57,2026-08-31 12:37:26,-4.34,1.26,-39.98,-90.8,grandpas_village,11.31,fog,213.276,6.380,0.00,11.82,menu_backpack
694.10,2026-08-31 12:37:26,-4.34,1.26,-39.98,-90.8,grandpas_village,11.31,fog,213.276,6.380,0.00,11.82,world
694.62,2026-08-31 12:37:27,-4.34,1.26,-39.98,-90.8,grandpas_village,11.32,fog,134.310,5.765,0.00,11.82,menu_backpack
695.22,2026-08-31 12:37:27,-4.34,1.26,-39.98,-90.8,grandpas_village,11.32,fog,134.310,5.765,0.00,11.82,menu_backpack
695.73,2026-08-31 12:37:28,-4.34,1.26,-39.98,-90.8,grandpas_village,11.32,fog,136.000,3.773,0.00,11.82,menu_backpack
696.27,2026-08-31 12:37:28,-4.34,1.26,-39.98,-90.8,grandpas_village,11.33,fog,136.000,3.773,0.00,11.82,menu_backpack
696.80,2026-08-31 12:37:29,-4.34,1.26,-39.98,-90.8,grandpas_village,11.33,fog,130.316,4.755,0.00,11.82,menu_map
697.30,2026-08-31 12:37:29,-4.34,1.26,-39.98,-90.8,grandpas_village,11.33,fog,99.108,3.482,0.00,11.82,world
697.92,2026-08-31 12:37:30,-4.34,1.26,-39.98,-90.8,grandpas_village,11.34,fog,99.108,3.482,0.00,11.82,menu_save
698.42,2026-08-31 12:37:30,-4.34,1.26,-39.98,-90.8,grandpas_village,11.34,fog,151.285,6.049,0.00,11.82,menu_save
698.92,2026-08-31 12:37:31,-4.34,1.26,-39.98,-90.8,grandpas_village,11.34,fog,151.285,6.049,0.00,11.82,menu_save
699.42,2026-08-31 12:37:31,-4.34,1.26,-39.98,-90.8,grandpas_village,11.34,fog,22.120,3.315,0.00,11.82,menu_save
699.92,2026-08-31 12:37:32,-4.34,1.26,-39.98,-90.8,grandpas_village,11.34,fog,22.120,3.315,0.00,11.82,menu_save
700.42,2026-08-31 12:37:32,-4.34,1.26,-39.98,-90.8,grandpas_village,11.34,fog,20.965,3.167,0.00,11.82,menu_save
700.92,2026-08-31 12:37:33,-4.34,1.26,-39.98,-90.8,grandpas_village,11.34,fog,20.965,3.167,0.00,11.82,world
