t,wall,x,y,z,heading,region,clock_hour,weather,frame_ms,physics_ms,dead_travel_m,nearest_poi_dist_m,input_context
0.73,2026-08-29 03:33:38,0.00,0.00,0.00,0.0,grandpas_village,0.00,,31.316,4.822,0.00,,title
0.88,2026-08-29 03:33:38,0.00,0.00,0.00,0.0,grandpas_village,0.00,,31.316,4.822,0.00,,title
1.50,2026-08-29 03:34:40,22.17,0.90,-2.83,-177.0,grandpas_village,8.02,clear,6.219,11.651,0.00,9.38,world
2.00,2026-08-29 03:34:40,22.17,0.90,-2.83,-177.0,grandpas_village,8.04,clear,5.391,354.459,0.00,9.38,world
2.50,2026-08-29 03:34:41,22.17,0.90,-2.83,-177.0,grandpas_village,8.06,clear,5.717,4.584,0.00,9.38,world
3.00,2026-08-29 03:34:41,22.17,0.90,-2.83,-177.0,grandpas_village,8.08,clear,5.717,4.584,0.00,9.38,world
3.50,2026-08-29 03:34:42,22.17,0.90,-2.83,-177.0,grandpas_village,8.10,clear,7.769,6.785,0.00,9.38,world
4.00,2026-08-29 03:34:42,22.17,0.90,-2.83,-177.0,grandpas_village,8.12,clear,7.769,6.785,0.00,9.38,world
4.50,2026-08-29 03:34:43,22.17,0.90,-2.83,-177.0,grandpas_village,8.14,clear,5.072,6.123,0.00,9.38,world
5.00,2026-08-29 03:34:43,22.17,0.90,-2.83,-177.0,grandpas_village,8.16,clear,5.072,6.123,0.00,9.38,world
5.50,2026-08-29 03:34:44,22.17,0.90,-2.83,-177.0,grandpas_village,8.18,clear,4.668,6.145,0.00,9.38,world
6.00,2026-08-29 03:34:44,22.17,0.90,-2.83,-177.0,grandpas_village,8.20,clear,4.668,6.145,0.00,9.38,world
6.50,2026-08-29 03:34:45,22.17,0.90,-2.83,-177.0,grandpas_village,8.22,clear,8.135,6.962,0.00,9.38,world
7.00,2026-08-29 03:34:45,22.17,0.90,-2.83,-177.0,grandpas_village,8.24,clear,8.135,6.962,0.00,9.38,world
7.50,2026-08-29 03:34:46,22.17,0.90,-2.83,-177.0,grandpas_village,8.26,clear,5.322,6.380,0.00,9.38,world
8.00,2026-08-29 03:34:46,22.17,0.90,-2.83,-177.0,grandpas_village,8.28,clear,5.322,6.380,0.00,9.38,world
8.50,2026-08-29 03:34:47,22.17,0.90,-2.83,-177.0,grandpas_village,8.30,clear,5.618,5.983,0.00,9.38,world
9.00,2026-08-29 03:34:47,22.17,0.90,-2.83,-177.0,grandpas_village,8.32,clear,5.618,5.983,0.00,9.38,world
9.50,2026-08-29 03:34:48,22.17,0.90,-2.83,-177.0,grandpas_village,8.34,clear,4.259,6.129,0.00,9.38,world
10.00,2026-08-29 03:34:48,22.17,0.90,-2.83,-177.0,grandpas_village,8.36,clear,4.259,6.129,0.00,9.38,world
10.50,2026-08-29 03:34:49,22.17,0.90,-2.83,-177.0,grandpas_village,8.38,clear,6.464,6.185,0.00,9.38,world
11.00,2026-08-29 03:34:49,22.17,0.90,-2.83,-177.0,grandpas_village,8.40,clear,6.464,6.185,0.00,9.38,world
11.50,2026-08-29 03:34:50,22.17,0.90,-2.83,-177.0,grandpas_village,8.42,clear,5.650,6.710,0.00,9.38,world
12.00,2026-08-29 03:34:50,22.17,0.90,-2.83,-177.0,grandpas_village,8.44,clear,5.650,6.710,0.00,9.38,world
12.50,2026-08-29 03:34:51,22.17,0.90,-2.83,-177.0,grandpas_village,8.46,clear,4.587,5.944,0.00,9.38,world
13.00,2026-08-29 03:34:51,22.17,0.90,-2.83,-177.0,grandpas_village,8.48,clear,4.587,5.944,0.00,9.38,world
13.50,2026-08-29 03:34:52,22.17,0.90,-2.83,-177.0,grandpas_village,8.50,clear,5.573,7.231,0.00,9.38,world
14.00,2026-08-29 03:34:52,22.17,0.90,-2.83,-177.0,grandpas_village,8.52,clear,5.573,7.231,0.00,9.38,world
14.50,2026-08-29 03:34:53,22.17,0.90,-2.83,-177.0,grandpas_village,8.54,clear,6.078,6.820,0.00,9.38,world
15.00,2026-08-29 03:34:53,22.17,0.90,-2.83,-177.0,grandpas_village,8.56,clear,6.078,6.820,0.00,9.38,world
15.50,2026-08-29 03:34:54,22.17,0.90,-2.83,-177.0,grandpas_village,8.58,clear,4.753,6.078,0.00,9.38,world
16.00,2026-08-29 03:34:54,22.17,0.90,-2.83,-177.0,grandpas_village,8.60,clear,4.753,6.078,0.00,9.38,world
16.50,2026-08-29 03:34:55,22.17,0.90,-2.83,-177.0,grandpas_village,8.62,clear,4.387,5.662,0.00,9.38,world
17.00,2026-08-29 03:34:55,22.17,0.90,-2.83,-177.0,grandpas_village,8.64,clear,4.387,5.662,0.00,9.38,world
17.50,2026-08-29 03:34:56,22.17,0.90,-2.83,-177.0,grandpas_village,8.66,clear,3.863,5.809,0.00,9.38,world
18.00,2026-08-29 03:34:56,22.17,0.90,-2.83,-177.0,grandpas_village,8.68,clear,3.863,5.809,0.00,9.38,world
18.50,2026-08-29 03:34:57,22.17,0.90,-2.83,-177.0,grandpas_village,8.70,clear,4.176,5.715,0.00,9.38,world
19.00,2026-08-29 03:34:57,22.17,0.90,-2.83,-177.0,grandpas_village,8.72,clear,4.176,5.715,0.00,9.38,world
19.50,2026-08-29 03:34:58,22.17,0.90,-2.83,-177.0,grandpas_village,8.74,clear,4.925,6.164,0.00,9.38,world
20.00,2026-08-29 03:34:58,22.17,0.90,-2.83,-177.0,grandpas_village,8.76,clear,4.925,6.164,0.00,9.38,world
20.50,2026-08-29 03:34:59,22.17,0.90,-2.83,-177.0,grandpas_village,8.78,clear,4.804,7.004,0.00,9.38,world
21.00,2026-08-29 03:34:59,22.17,0.90,-2.83,-177.0,grandpas_village,8.80,clear,4.804,7.004,0.00,9.38,world
21.50,2026-08-29 03:35:00,22.17,0.90,-2.83,-177.0,grandpas_village,8.82,clear,5.300,6.069,0.00,9.38,world
22.00,2026-08-29 03:35:00,22.17,0.90,-2.83,-177.0,grandpas_village,8.84,clear,5.300,6.069,0.00,9.38,world
22.50,2026-08-29 03:35:01,22.17,0.90,-2.83,-177.0,grandpas_village,8.86,clear,5.327,6.239,0.00,9.38,world
23.00,2026-08-29 03:35:01,22.17,0.90,-2.83,-177.0,grandpas_village,8.88,clear,5.327,6.239,0.00,9.38,world
23.50,2026-08-29 03:35:02,22.17,0.90,-2.83,-177.0,grandpas_village,8.90,clear,4.791,5.850,0.00,9.38,world
24.00,2026-08-29 03:35:02,22.17,0.90,-2.83,-177.0,grandpas_village,8.92,clear,4.791,5.850,0.00,9.38,world
24.50,2026-08-29 03:35:03,22.17,0.90,-2.83,-177.0,grandpas_village,8.94,clear,5.277,6.177,0.00,9.38,world
25.00,2026-08-29 03:35:03,22.17,0.90,-2.83,-177.0,grandpas_village,8.96,clear,5.277,6.177,0.00,9.38,world
25.50,2026-08-29 03:35:04,22.17,0.90,-2.83,-177.0,grandpas_village,8.98,clear,4.354,6.182,0.00,9.38,world
26.00,2026-08-29 03:35:04,22.17,0.90,-2.83,-177.0,grandpas_village,9.00,clear,4.354,6.182,0.00,9.38,world
26.50,2026-08-29 03:35:05,22.17,0.90,-2.83,-177.0,grandpas_village,9.02,clear,5.051,6.432,0.00,9.38,world
27.00,2026-08-29 03:35:05,22.17,0.90,-2.83,-177.0,grandpas_village,9.04,clear,5.051,6.432,0.00,9.38,world
27.50,2026-08-29 03:35:06,22.17,0.90,-2.83,-177.0,grandpas_village,9.06,clear,7.711,7.654,0.00,9.38,world
28.00,2026-08-29 03:35:06,22.17,0.90,-2.83,-177.0,grandpas_village,9.08,clear,7.711,7.654,0.00,9.38,world
28.50,2026-08-29 03:35:07,22.17,0.90,-2.83,-177.0,grandpas_village,9.10,clear,5.989,6.722,0.00,9.38,world
29.00,2026-08-29 03:35:07,22.17,0.90,-2.83,-177.0,grandpas_village,9.12,clear,5.989,6.722,0.00,9.38,world
29.50,2026-08-29 03:35:08,22.17,0.90,-2.83,-177.0,grandpas_village,9.14,clear,4.733,6.208,0.00,9.38,world
30.00,2026-08-29 03:35:08,22.17,0.90,-2.83,-177.0,grandpas_village,9.16,clear,4.733,6.208,0.00,9.38,world
30.50,2026-08-29 03:35:09,22.17,0.90,-2.83,-177.0,grandpas_village,9.18,clear,5.351,6.699,0.00,9.38,world
31.00,2026-08-29 03:35:09,22.17,0.90,-2.83,-177.0,grandpas_village,9.20,clear,5.351,6.699,0.00,9.38,world
31.50,2026-08-29 03:35:10,22.17,0.90,-2.83,-177.0,grandpas_village,9.22,clear,6.424,6.529,0.00,9.38,world
32.00,2026-08-29 03:35:10,22.17,0.90,-2.83,-177.0,grandpas_village,9.24,clear,6.424,6.529,0.00,9.38,world
32.50,2026-08-29 03:35:11,22.17,0.90,-2.83,-177.0,grandpas_village,9.26,clear,6.017,6.336,0.00,9.38,world
33.00,2026-08-29 03:35:11,22.17,0.90,-2.83,-177.0,grandpas_village,9.28,clear,6.017,6.336,0.00,9.38,world
33.50,2026-08-29 03:35:12,22.17,0.90,-2.83,-177.0,grandpas_village,9.30,clear,5.963,7.885,0.00,9.38,world
34.00,2026-08-29 03:35:12,22.17,0.90,-2.83,-177.0,grandpas_village,9.32,clear,5.963,7.885,0.00,9.38,world
34.50,2026-08-29 03:35:13,22.17,0.90,-2.83,-177.0,grandpas_village,9.34,clear,4.666,5.944,0.00,9.38,world
35.00,2026-08-29 03:35:13,22.17,0.90,-2.83,-177.0,grandpas_village,9.36,clear,4.666,5.944,0.00,9.38,world
35.50,2026-08-29 03:35:14,22.17,0.90,-2.83,-177.0,grandpas_village,9.38,clear,5.395,6.892,0.00,9.38,world
36.00,2026-08-29 03:35:14,22.17,0.90,-2.83,-177.0,grandpas_village,9.40,clear,5.395,6.892,0.00,9.38,world
36.50,2026-08-29 03:35:15,22.17,0.90,-2.83,-177.0,grandpas_village,9.42,clear,4.729,6.547,0.00,9.38,world
37.00,2026-08-29 03:35:15,22.17,0.90,-2.83,-177.0,grandpas_village,9.44,clear,4.729,6.547,0.00,9.38,world
37.50,2026-08-29 03:35:16,22.17,0.90,-2.83,-177.0,grandpas_village,9.46,clear,4.105,5.730,0.00,9.38,world
38.00,2026-08-29 03:35:16,22.17,0.90,-2.83,-177.0,grandpas_village,9.48,clear,4.105,5.730,0.00,9.38,world
38.50,2026-08-29 03:35:17,22.17,0.90,-2.83,-177.0,grandpas_village,9.50,clear,4.684,6.288,0.00,9.38,world
39.00,2026-08-29 03:35:17,22.17,0.90,-2.83,-177.0,grandpas_village,9.52,clear,4.684,6.288,0.00,9.38,world
39.50,2026-08-29 03:35:18,22.17,0.90,-2.83,-177.0,grandpas_village,9.54,clear,5.158,6.152,0.00,9.38,world
40.00,2026-08-29 03:35:18,22.17,0.90,-2.83,-177.0,grandpas_village,9.56,clear,5.158,6.152,0.00,9.38,world
40.50,2026-08-29 03:35:19,22.17,0.90,-2.83,-177.0,grandpas_village,9.58,clear,4.319,7.802,0.00,9.38,world
41.00,2026-08-29 03:35:19,22.17,0.90,-2.83,-177.0,grandpas_village,9.60,clear,4.319,7.802,0.00,9.38,world
41.50,2026-08-29 03:35:20,22.17,0.90,-2.83,-177.0,grandpas_village,9.62,clear,6.038,8.052,0.00,9.38,world
42.00,2026-08-29 03:35:20,22.17,0.90,-2.83,-177.0,grandpas_village,9.64,clear,6.038,8.052,0.00,9.38,world
42.50,2026-08-29 03:35:21,22.17,0.90,-2.83,-177.0,grandpas_village,9.66,clear,5.369,6.385,0.00,9.38,world
43.00,2026-08-29 03:35:21,22.17,0.90,-2.83,-177.0,grandpas_village,9.68,clear,5.369,6.385,0.00,9.38,world
43.50,2026-08-29 03:35:22,22.17,0.90,-2.83,-177.0,grandpas_village,9.70,clear,4.978,5.894,0.00,9.38,world
44.00,2026-08-29 03:35:22,22.17,0.90,-2.83,-177.0,grandpas_village,9.72,clear,4.978,5.894,0.00,9.38,world
44.50,2026-08-29 03:35:23,22.17,0.90,-2.83,-177.0,grandpas_village,9.74,clear,4.585,5.728,0.00,9.38,world
45.00,2026-08-29 03:35:23,22.17,0.90,-2.83,-177.0,grandpas_village,9.76,clear,4.585,5.728,0.00,9.38,world
45.50,2026-08-29 03:35:24,22.17,0.90,-2.83,-177.0,grandpas_village,9.78,clear,6.763,6.206,0.00,9.38,world
46.00,2026-08-29 03:35:24,22.17,0.90,-2.83,-177.0,grandpas_village,9.80,clear,6.763,6.206,0.00,9.38,world
46.50,2026-08-29 03:35:25,22.17,0.90,-2.83,-177.0,grandpas_village,9.82,clear,4.437,6.511,0.00,9.38,world
47.00,2026-08-29 03:35:25,22.17,0.90,-2.83,-177.0,grandpas_village,9.84,clear,4.437,6.511,0.00,9.38,world
47.50,2026-08-29 03:35:26,22.17,0.90,-2.83,-177.0,grandpas_village,9.86,clear,4.250,5.874,0.00,9.38,world
48.00,2026-08-29 03:35:26,22.17,0.90,-2.83,-177.0,grandpas_village,9.88,clear,4.250,5.874,0.00,9.38,world
48.50,2026-08-29 03:35:27,22.17,0.90,-2.83,-177.0,grandpas_village,9.90,clear,4.131,5.621,0.00,9.38,world
49.00,2026-08-29 03:35:27,22.17,0.90,-2.83,-177.0,grandpas_village,9.92,clear,4.131,5.621,0.00,9.38,world
49.50,2026-08-29 03:35:28,22.17,0.90,-2.83,-177.0,grandpas_village,9.94,clear,5.250,7.032,0.00,9.38,world
50.00,2026-08-29 03:35:28,22.17,0.90,-2.83,-177.0,grandpas_village,9.96,clear,5.250,7.032,0.00,9.38,world
50.50,2026-08-29 03:35:29,22.17,0.90,-2.83,-177.0,grandpas_village,9.98,clear,4.986,6.253,0.00,9.38,world
51.00,2026-08-29 03:35:29,22.17,0.90,-2.83,-177.0,grandpas_village,10.00,clear,4.986,6.253,0.00,9.38,world
51.50,2026-08-29 03:35:30,22.17,0.90,-2.83,-177.0,grandpas_village,10.02,clear,6.380,6.767,0.00,9.38,world
52.00,2026-08-29 03:35:30,22.17,0.90,-2.83,-177.0,grandpas_village,10.04,clear,6.380,6.767,0.00,9.38,world
52.50,2026-08-29 03:35:31,22.17,0.90,-2.83,-177.0,grandpas_village,10.06,clear,5.742,6.770,0.00,9.38,world
53.00,2026-08-29 03:35:31,22.17,0.90,-2.83,-177.0,grandpas_village,10.08,clear,5.742,6.770,0.00,9.38,world
53.50,2026-08-29 03:35:32,22.17,0.90,-2.83,-177.0,grandpas_village,10.10,clear,5.706,6.598,0.00,9.38,world
54.00,2026-08-29 03:35:32,22.17,0.90,-2.83,-177.0,grandpas_village,10.12,clear,5.706,6.598,0.00,9.38,world
54.50,2026-08-29 03:35:33,22.17,0.90,-2.83,-177.0,grandpas_village,10.14,clear,4.808,6.639,0.00,9.38,world
55.00,2026-08-29 03:35:33,22.17,0.90,-2.83,-177.0,grandpas_village,10.16,clear,4.808,6.639,0.00,9.38,world
55.50,2026-08-29 03:35:34,22.17,0.90,-2.83,-177.0,grandpas_village,10.18,clear,5.475,6.615,0.00,9.38,world
56.00,2026-08-29 03:35:34,22.17,0.90,-2.83,-177.0,grandpas_village,10.20,clear,5.475,6.615,0.00,9.38,world
56.50,2026-08-29 03:35:35,22.17,0.90,-2.83,-177.0,grandpas_village,10.22,clear,5.575,6.289,0.00,9.38,world
57.00,2026-08-29 03:35:35,22.17,0.90,-2.83,-177.0,grandpas_village,10.24,clear,5.575,6.289,0.00,9.38,world
57.50,2026-08-29 03:35:36,22.17,0.90,-2.83,-177.0,grandpas_village,10.26,clear,4.737,6.564,0.00,9.38,world
58.00,2026-08-29 03:35:36,22.17,0.90,-2.83,-177.0,grandpas_village,10.28,clear,4.737,6.564,0.00,9.38,world
58.50,2026-08-29 03:35:37,22.17,0.90,-2.83,-177.0,grandpas_village,10.30,clear,5.186,7.574,0.00,9.38,world
59.00,2026-08-29 03:35:37,22.17,0.90,-2.83,-177.0,grandpas_village,10.32,clear,5.186,7.574,0.00,9.38,world
59.50,2026-08-29 03:35:38,22.17,0.90,-2.83,-177.0,grandpas_village,10.34,clear,4.690,6.471,0.00,9.38,world
60.00,2026-08-29 03:35:38,22.17,0.90,-2.83,-177.0,grandpas_village,10.36,clear,4.690,6.471,0.00,9.38,world
60.50,2026-08-29 03:35:39,22.17,0.90,-2.83,-177.0,grandpas_village,10.38,clear,5.101,6.331,0.00,9.38,world
61.00,2026-08-29 03:35:39,22.17,0.90,-2.83,-177.0,grandpas_village,10.40,clear,5.101,6.331,0.00,9.38,world
61.50,2026-08-29 03:35:40,22.17,0.90,-2.83,-177.0,grandpas_village,10.42,clear,5.502,6.346,0.00,9.38,world
62.00,2026-08-29 03:35:40,22.17,0.90,-2.83,-177.0,grandpas_village,10.44,clear,5.502,6.346,0.00,9.38,world
62.50,2026-08-29 03:35:41,22.17,0.90,-2.83,-177.0,grandpas_village,10.46,clear,5.162,5.980,0.00,9.38,world
63.00,2026-08-29 03:35:41,22.17,0.90,-2.83,-177.0,grandpas_village,10.48,clear,5.162,5.980,0.00,9.38,world
63.50,2026-08-29 03:35:42,22.17,0.90,-2.83,-177.0,grandpas_village,10.50,clear,4.572,6.811,0.00,9.38,world
64.00,2026-08-29 03:35:42,22.17,0.90,-2.83,-177.0,grandpas_village,10.52,clear,4.572,6.811,0.00,9.38,world
64.50,2026-08-29 03:35:43,22.17,0.90,-2.83,-177.0,grandpas_village,10.54,clear,6.691,7.475,0.00,9.38,world
65.00,2026-08-29 03:35:43,22.17,0.90,-2.83,-177.0,grandpas_village,10.56,clear,6.691,7.475,0.00,9.38,world
65.50,2026-08-29 03:35:44,22.17,0.90,-2.83,-177.0,grandpas_village,10.58,clear,4.731,6.166,0.00,9.38,world
66.00,2026-08-29 03:35:44,22.17,0.90,-2.83,-177.0,grandpas_village,10.60,clear,4.731,6.166,0.00,9.38,world
66.50,2026-08-29 03:35:45,22.17,0.90,-2.83,-177.0,grandpas_village,10.62,clear,4.399,5.674,0.00,9.38,world
67.00,2026-08-29 03:35:45,22.17,0.90,-2.83,-177.0,grandpas_village,10.64,clear,4.399,5.674,0.00,9.38,world
67.50,2026-08-29 03:35:46,22.17,0.90,-2.83,-177.0,grandpas_village,10.66,clear,4.265,6.068,0.00,9.38,world
68.00,2026-08-29 03:35:46,22.17,0.90,-2.83,-177.0,grandpas_village,10.68,clear,4.265,6.068,0.00,9.38,world
68.50,2026-08-29 03:35:47,22.17,0.90,-2.83,-177.0,grandpas_village,10.70,clear,6.615,7.019,0.00,9.38,world
69.00,2026-08-29 03:35:47,22.17,0.90,-2.83,-177.0,grandpas_village,10.72,clear,6.615,7.019,0.00,9.38,world
69.50,2026-08-29 03:35:48,22.17,0.90,-2.83,-177.0,grandpas_village,10.74,clear,5.610,6.401,0.00,9.38,world
70.00,2026-08-29 03:35:48,22.17,0.90,-2.83,-177.0,grandpas_village,10.76,clear,5.610,6.401,0.00,9.38,world
70.50,2026-08-29 03:35:49,22.17,0.90,-2.83,-177.0,grandpas_village,10.78,clear,6.665,8.451,0.00,9.38,world
71.00,2026-08-29 03:35:49,22.17,0.90,-2.83,-177.0,grandpas_village,10.80,clear,6.665,8.451,0.00,9.38,world
71.50,2026-08-29 03:35:50,22.17,0.90,-2.83,-177.0,grandpas_village,10.82,clear,7.363,7.249,0.00,9.38,world
72.00,2026-08-29 03:35:50,22.17,0.90,-2.83,-177.0,grandpas_village,10.84,clear,7.363,7.249,0.00,9.38,world
72.50,2026-08-29 03:35:51,22.17,0.90,-2.83,-177.0,grandpas_village,10.86,clear,7.933,7.026,0.00,9.38,world
73.00,2026-08-29 03:35:51,22.17,0.90,-2.83,-177.0,grandpas_village,10.88,clear,7.933,7.026,0.00,9.38,world
73.50,2026-08-29 03:35:52,22.17,0.90,-2.83,-177.0,grandpas_village,10.90,clear,5.653,7.346,0.00,9.38,world
74.00,2026-08-29 03:35:52,22.17,0.90,-2.83,-177.0,grandpas_village,10.92,clear,5.653,7.346,0.00,9.38,world
74.50,2026-08-29 03:35:53,22.17,0.90,-2.83,-177.0,grandpas_village,10.94,clear,6.746,6.852,0.00,9.38,world
75.00,2026-08-29 03:35:53,22.17,0.90,-2.83,-177.0,grandpas_village,10.96,clear,6.746,6.852,0.00,9.38,world
75.50,2026-08-29 03:35:54,22.17,0.90,-2.83,-177.0,grandpas_village,10.98,clear,6.516,7.759,0.00,9.38,world
76.00,2026-08-29 03:35:54,22.17,0.90,-2.83,-177.0,grandpas_village,11.00,clear,6.516,7.759,0.00,9.38,world
76.50,2026-08-29 03:35:55,22.17,0.90,-2.83,-177.0,grandpas_village,11.02,clear,6.130,7.001,0.00,9.38,world
77.00,2026-08-29 03:35:55,22.17,0.90,-2.83,-177.0,grandpas_village,11.04,clear,6.130,7.001,0.00,9.38,world
77.50,2026-08-29 03:35:56,22.17,0.90,-2.83,-177.0,grandpas_village,11.06,clear,6.896,7.084,0.00,9.38,world
78.00,2026-08-29 03:35:56,22.17,0.90,-2.83,-177.0,grandpas_village,11.08,clear,6.896,7.084,0.00,9.38,world
78.50,2026-08-29 03:35:57,22.17,0.90,-2.83,-177.0,grandpas_village,11.10,clear,7.395,7.235,0.00,9.38,world
79.00,2026-08-29 03:35:57,22.17,0.90,-2.83,-177.0,grandpas_village,11.12,clear,7.395,7.235,0.00,9.38,world
79.50,2026-08-29 03:35:58,22.17,0.90,-2.83,-177.0,grandpas_village,11.14,clear,5.918,6.669,0.00,9.38,world
80.00,2026-08-29 03:35:58,22.17,0.90,-2.83,-177.0,grandpas_village,11.16,clear,5.918,6.669,0.00,9.38,world
80.50,2026-08-29 03:35:59,22.17,0.90,-2.83,-177.0,grandpas_village,11.18,clear,6.633,7.168,0.00,9.38,world
81.00,2026-08-29 03:35:59,22.17,0.90,-2.83,-177.0,grandpas_village,11.20,clear,6.633,7.168,0.00,9.38,world
81.50,2026-08-29 03:36:00,22.17,0.90,-2.83,-177.0,grandpas_village,11.22,clear,5.493,7.037,0.00,9.38,world
82.00,2026-08-29 03:36:00,22.17,0.90,-2.83,-177.0,grandpas_village,11.24,clear,5.493,7.037,0.00,9.38,world
82.50,2026-08-29 03:36:01,22.17,0.90,-2.83,-177.0,grandpas_village,11.26,clear,4.471,6.181,0.00,9.38,world
83.00,2026-08-29 03:36:01,22.17,0.90,-2.83,-177.0,grandpas_village,11.28,clear,4.471,6.181,0.00,9.38,world
83.50,2026-08-29 03:36:02,22.17,0.90,-2.83,-177.0,grandpas_village,11.30,clear,6.463,6.773,0.00,9.38,world
84.00,2026-08-29 03:36:02,22.17,0.90,-2.83,-177.0,grandpas_village,11.32,clear,6.463,6.773,0.00,9.38,world
84.50,2026-08-29 03:36:03,22.17,0.90,-2.83,-177.0,grandpas_village,11.34,clear,5.965,6.989,0.00,9.38,world
85.00,2026-08-29 03:36:03,22.17,0.90,-2.83,-177.0,grandpas_village,11.36,clear,5.965,6.989,0.00,9.38,world
85.50,2026-08-29 03:36:04,22.17,0.90,-2.83,-177.0,grandpas_village,11.38,clear,6.687,7.241,0.00,9.38,world
86.00,2026-08-29 03:36:04,22.17,0.90,-2.83,-177.0,grandpas_village,11.40,clear,6.687,7.241,0.00,9.38,world
86.50,2026-08-29 03:36:05,22.17,0.90,-2.83,-177.0,grandpas_village,11.42,clear,5.876,7.380,0.00,9.38,world
87.00,2026-08-29 03:36:05,22.17,0.90,-2.83,-177.0,grandpas_village,11.44,clear,5.876,7.380,0.00,9.38,world
87.50,2026-08-29 03:36:06,22.17,0.90,-2.83,-177.0,grandpas_village,11.46,clear,5.916,6.691,0.00,9.38,world
88.00,2026-08-29 03:36:06,22.17,0.90,-2.83,-177.0,grandpas_village,11.48,clear,5.916,6.691,0.00,9.38,world
88.50,2026-08-29 03:36:07,22.17,0.90,-2.83,-177.0,grandpas_village,11.50,clear,6.308,6.553,0.00,9.38,world
89.00,2026-08-29 03:36:07,22.17,0.90,-2.83,-177.0,grandpas_village,11.52,clear,6.308,6.553,0.00,9.38,world
89.50,2026-08-29 03:36:08,22.17,0.90,-2.83,-177.0,grandpas_village,11.54,clear,5.800,6.723,0.00,9.38,world
90.00,2026-08-29 03:36:08,22.17,0.90,-2.83,-177.0,grandpas_village,11.56,clear,5.800,6.723,0.00,9.38,world
90.50,2026-08-29 03:36:09,22.17,0.90,-2.83,-177.0,grandpas_village,11.58,clear,6.347,6.684,0.00,9.38,world
91.00,2026-08-29 03:36:09,22.17,0.90,-2.83,-177.0,grandpas_village,11.60,clear,6.347,6.684,0.00,9.38,world
91.50,2026-08-29 03:36:10,22.17,0.90,-2.83,-177.0,grandpas_village,11.62,clear,6.599,7.061,0.00,9.38,world
92.00,2026-08-29 03:36:10,22.17,0.90,-2.83,-177.0,grandpas_village,11.64,clear,6.599,7.061,0.00,9.38,world
92.50,2026-08-29 03:36:11,22.17,0.90,-2.83,-177.0,grandpas_village,11.66,clear,6.879,6.813,0.00,9.38,world
93.00,2026-08-29 03:36:11,22.17,0.90,-2.83,-177.0,grandpas_village,11.68,clear,6.879,6.813,0.00,9.38,world
93.50,2026-08-29 03:36:12,22.17,0.90,-2.83,-177.0,grandpas_village,11.70,clear,5.576,6.660,0.00,9.38,world
94.00,2026-08-29 03:36:12,22.17,0.90,-2.83,-177.0,grandpas_village,11.72,clear,5.576,6.660,0.00,9.38,world
94.50,2026-08-29 03:36:13,22.17,0.90,-2.83,-177.0,grandpas_village,11.74,clear,7.211,7.359,0.00,9.38,world
95.00,2026-08-29 03:36:13,22.17,0.90,-2.83,-177.0,grandpas_village,11.76,clear,7.211,7.359,0.00,9.38,world
95.50,2026-08-29 03:36:14,22.17,0.90,-2.83,-177.0,grandpas_village,11.78,clear,5.703,8.234,0.00,9.38,world
96.00,2026-08-29 03:36:14,22.17,0.90,-2.83,-177.0,grandpas_village,11.80,clear,5.703,8.234,0.00,9.38,world
96.50,2026-08-29 03:36:15,22.17,0.90,-2.83,-177.0,grandpas_village,11.82,clear,6.223,7.979,0.00,9.38,world
97.00,2026-08-29 03:36:15,22.17,0.90,-2.83,-177.0,grandpas_village,11.84,clear,6.223,7.979,0.00,9.38,world
97.50,2026-08-29 03:36:16,22.17,0.90,-2.83,-177.0,grandpas_village,11.86,clear,6.996,7.758,0.00,9.38,world
98.00,2026-08-29 03:36:16,22.17,0.90,-2.83,-177.0,grandpas_village,11.88,clear,6.996,7.758,0.00,9.38,world
98.50,2026-08-29 03:36:17,22.17,0.90,-2.83,-177.0,grandpas_village,11.90,clear,7.520,7.102,0.00,9.38,world
99.00,2026-08-29 03:36:17,22.17,0.90,-2.83,-177.0,grandpas_village,11.92,clear,7.520,7.102,0.00,9.38,world
99.50,2026-08-29 03:36:18,22.17,0.90,-2.83,-177.0,grandpas_village,11.94,clear,7.680,6.929,0.00,9.38,world
100.00,2026-08-29 03:36:18,22.17,0.90,-2.83,-177.0,grandpas_village,11.96,clear,7.680,6.929,0.00,9.38,world
100.50,2026-08-29 03:36:19,22.17,0.90,-2.83,-177.0,grandpas_village,11.98,clear,5.408,6.867,0.00,9.38,world
101.00,2026-08-29 03:36:19,22.17,0.90,-2.83,-177.0,grandpas_village,12.00,clear,5.408,6.867,0.00,9.38,world
101.50,2026-08-29 03:36:20,22.17,0.90,-2.83,-177.0,grandpas_village,12.02,clear,6.827,7.014,0.00,9.38,world
102.00,2026-08-29 03:36:20,22.17,0.90,-2.83,-177.0,grandpas_village,12.04,clear,6.827,7.014,0.00,9.38,world
102.50,2026-08-29 03:36:21,22.17,0.90,-2.83,-177.0,grandpas_village,12.06,clear,5.950,6.781,0.00,9.38,world
103.00,2026-08-29 03:36:21,22.17,0.90,-2.83,-177.0,grandpas_village,12.08,clear,5.950,6.781,0.00,9.38,world
103.50,2026-08-29 03:36:22,22.17,0.90,-2.83,-177.0,grandpas_village,12.10,clear,6.068,6.640,0.00,9.38,world
104.00,2026-08-29 03:36:22,22.17,0.90,-2.83,-177.0,grandpas_village,12.12,clear,6.068,6.640,0.00,9.38,world
104.50,2026-08-29 03:36:23,22.17,0.90,-2.83,-177.0,grandpas_village,12.14,clear,7.721,7.732,0.00,9.38,world
105.00,2026-08-29 03:36:23,22.17,0.90,-2.83,-177.0,grandpas_village,12.16,clear,7.721,7.732,0.00,9.38,world
105.50,2026-08-29 03:36:24,22.17,0.90,-2.83,-177.0,grandpas_village,12.18,clear,6.826,7.862,0.00,9.38,world
106.00,2026-08-29 03:36:24,22.17,0.90,-2.83,-177.0,grandpas_village,12.20,clear,6.826,7.862,0.00,9.38,world
106.50,2026-08-29 03:36:25,22.17,0.90,-2.83,-177.0,grandpas_village,12.22,clear,6.946,6.565,0.00,9.38,world
107.00,2026-08-29 03:36:25,22.17,0.90,-2.83,-177.0,grandpas_village,12.24,clear,6.946,6.565,0.00,9.38,world
107.50,2026-08-29 03:36:26,22.17,0.90,-2.83,-177.0,grandpas_village,12.26,clear,7.359,7.943,0.00,9.38,world
108.00,2026-08-29 03:36:26,22.17,0.90,-2.83,-177.0,grandpas_village,12.28,clear,7.359,7.943,0.00,9.38,world
108.50,2026-08-29 03:36:27,22.17,0.90,-2.83,-177.0,grandpas_village,12.30,clear,5.743,6.767,0.00,9.38,world
109.00,2026-08-29 03:36:27,22.17,0.90,-2.83,-177.0,grandpas_village,12.32,clear,5.743,6.767,0.00,9.38,world
109.50,2026-08-29 03:36:28,22.17,0.90,-2.83,-177.0,grandpas_village,12.34,clear,5.764,6.837,0.00,9.38,world
110.00,2026-08-29 03:36:28,22.17,0.90,-2.83,-177.0,grandpas_village,12.36,clear,5.764,6.837,0.00,9.38,world
110.50,2026-08-29 03:36:29,22.17,0.90,-2.83,-177.0,grandpas_village,12.38,clear,5.585,8.358,0.00,9.38,world
111.00,2026-08-29 03:36:29,22.17,0.90,-2.83,-177.0,grandpas_village,12.40,clear,5.585,8.358,0.00,9.38,world
111.50,2026-08-29 03:36:30,22.17,0.90,-2.83,-177.0,grandpas_village,12.42,clear,6.652,8.226,0.00,9.38,world
112.00,2026-08-29 03:36:30,22.17,0.90,-2.83,-177.0,grandpas_village,12.44,clear,6.652,8.226,0.00,9.38,world
112.50,2026-08-29 03:36:31,22.17,0.90,-2.83,-177.0,grandpas_village,12.46,clear,6.414,7.021,0.00,9.38,world
113.00,2026-08-29 03:36:31,22.17,0.90,-2.83,-177.0,grandpas_village,12.48,clear,6.414,7.021,0.00,9.38,world
113.50,2026-08-29 03:36:32,22.17,0.90,-2.83,-177.0,grandpas_village,12.50,clear,6.549,7.662,0.00,9.38,world
114.00,2026-08-29 03:36:32,22.17,0.90,-2.83,-177.0,grandpas_village,12.52,clear,6.549,7.662,0.00,9.38,world
114.50,2026-08-29 03:36:33,22.17,0.90,-2.83,-177.0,grandpas_village,12.54,clear,6.051,6.876,0.00,9.38,world
115.00,2026-08-29 03:36:33,22.17,0.90,-2.83,-177.0,grandpas_village,12.56,clear,6.051,6.876,0.00,9.38,world
115.50,2026-08-29 03:36:34,22.17,0.90,-2.83,-177.0,grandpas_village,12.58,clear,6.601,6.736,0.00,9.38,world
116.00,2026-08-29 03:36:34,22.17,0.90,-2.83,-177.0,grandpas_village,12.60,clear,6.601,6.736,0.00,9.38,world
116.50,2026-08-29 03:36:35,22.17,0.90,-2.83,-177.0,grandpas_village,12.62,clear,6.116,7.082,0.00,9.38,world
117.00,2026-08-29 03:36:35,22.17,0.90,-2.83,-177.0,grandpas_village,12.64,clear,6.116,7.082,0.00,9.38,world
117.50,2026-08-29 03:36:36,22.17,0.90,-2.83,-177.0,grandpas_village,12.66,clear,5.789,7.231,0.00,9.38,world
118.00,2026-08-29 03:36:36,22.17,0.90,-2.83,-177.0,grandpas_village,12.68,clear,5.789,7.231,0.00,9.38,world
118.50,2026-08-29 03:36:37,22.17,0.90,-2.83,-177.0,grandpas_village,12.70,clear,5.561,7.331,0.00,9.38,world
119.00,2026-08-29 03:36:37,22.17,0.90,-2.83,-177.0,grandpas_village,12.72,clear,5.561,7.331,0.00,9.38,world
119.50,2026-08-29 03:36:38,22.17,0.90,-2.83,-177.0,grandpas_village,12.74,clear,6.367,6.771,0.00,9.38,world
120.00,2026-08-29 03:36:38,22.17,0.90,-2.83,-177.0,grandpas_village,12.76,clear,6.367,6.771,0.00,9.38,world
120.50,2026-08-29 03:36:39,22.17,0.90,-2.83,-177.0,grandpas_village,12.78,clear,6.258,7.310,0.00,9.38,world
121.00,2026-08-29 03:36:39,22.17,0.90,-2.83,-177.0,grandpas_village,12.80,clear,6.258,7.310,0.00,9.38,world
121.50,2026-08-29 03:36:40,22.17,0.90,-2.83,-177.0,grandpas_village,12.82,clear,6.577,6.625,0.00,9.38,world
122.00,2026-08-29 03:36:40,22.17,0.90,-2.83,-177.0,grandpas_village,12.84,clear,6.577,6.625,0.00,9.38,world
122.50,2026-08-29 03:36:41,22.17,0.90,-2.83,-177.0,grandpas_village,12.86,clear,6.532,8.132,0.00,9.38,world
123.00,2026-08-29 03:36:41,22.17,0.90,-2.83,-177.0,grandpas_village,12.88,clear,6.532,8.132,0.00,9.38,world
123.50,2026-08-29 03:36:42,22.17,0.90,-2.83,-177.0,grandpas_village,12.90,clear,7.273,7.740,0.00,9.38,world
124.00,2026-08-29 03:36:42,22.17,0.90,-2.83,-177.0,grandpas_village,12.92,clear,7.273,7.740,0.00,9.38,world
124.50,2026-08-29 03:36:43,22.17,0.90,-2.83,-177.0,grandpas_village,12.94,clear,6.513,7.320,0.00,9.38,world
125.00,2026-08-29 03:36:43,22.17,0.90,-2.83,-177.0,grandpas_village,12.96,clear,6.513,7.320,0.00,9.38,world
125.50,2026-08-29 03:36:44,22.17,0.90,-2.83,-177.0,grandpas_village,12.98,clear,6.005,6.629,0.00,9.38,world
126.00,2026-08-29 03:36:44,22.17,0.90,-2.83,-177.0,grandpas_village,13.00,clear,6.005,6.629,0.00,9.38,world
126.50,2026-08-29 03:36:45,22.17,0.90,-2.83,-177.0,grandpas_village,13.02,clear,6.339,6.693,0.00,9.38,world
127.00,2026-08-29 03:36:45,22.17,0.90,-2.83,-177.0,grandpas_village,13.04,clear,6.339,6.693,0.00,9.38,world
127.50,2026-08-29 03:36:46,22.17,0.90,-2.83,-177.0,grandpas_village,13.06,clear,5.862,7.019,0.00,9.38,world
128.00,2026-08-29 03:36:46,22.17,0.90,-2.83,-177.0,grandpas_village,13.08,clear,5.862,7.019,0.00,9.38,world
128.50,2026-08-29 03:36:47,22.17,0.90,-2.83,-177.0,grandpas_village,13.10,clear,6.925,7.279,0.00,9.38,world
129.00,2026-08-29 03:36:47,22.17,0.90,-2.83,-177.0,grandpas_village,13.12,clear,6.925,7.279,0.00,9.38,world
129.50,2026-08-29 03:36:48,22.17,0.90,-2.83,-177.0,grandpas_village,13.14,clear,6.431,6.550,0.00,9.38,world
130.00,2026-08-29 03:36:48,22.17,0.90,-2.83,-177.0,grandpas_village,13.16,clear,6.431,6.550,0.00,9.38,world
130.50,2026-08-29 03:36:49,22.17,0.90,-2.83,-177.0,grandpas_village,13.18,clear,6.123,6.770,0.00,9.38,world
131.00,2026-08-29 03:36:49,22.17,0.90,-2.83,-177.0,grandpas_village,13.20,clear,6.123,6.770,0.00,9.38,world
131.50,2026-08-29 03:36:50,22.17,0.90,-2.83,-177.0,grandpas_village,13.22,clear,7.733,7.040,0.00,9.38,world
132.00,2026-08-29 03:36:50,22.17,0.90,-2.83,-177.0,grandpas_village,13.24,clear,7.733,7.040,0.00,9.38,world
132.50,2026-08-29 03:36:51,22.17,0.90,-2.83,-177.0,grandpas_village,13.26,clear,5.961,6.700,0.00,9.38,world
133.00,2026-08-29 03:36:51,22.17,0.90,-2.83,-177.0,grandpas_village,13.28,clear,5.961,6.700,0.00,9.38,world
133.50,2026-08-29 03:36:52,22.17,0.90,-2.83,-177.0,grandpas_village,13.30,clear,5.923,6.827,0.00,9.38,world
134.00,2026-08-29 03:36:52,22.17,0.90,-2.83,-177.0,grandpas_village,13.32,clear,5.923,6.827,0.00,9.38,world
134.50,2026-08-29 03:36:53,22.17,0.90,-2.83,-177.0,grandpas_village,13.34,clear,6.243,6.080,0.00,9.38,world
135.00,2026-08-29 03:36:53,22.17,0.90,-2.83,-177.0,grandpas_village,13.36,clear,6.243,6.080,0.00,9.38,world
135.50,2026-08-29 03:36:54,22.17,0.90,-2.83,-177.0,grandpas_village,13.38,clear,5.323,6.616,0.00,9.38,world
136.00,2026-08-29 03:36:54,22.17,0.90,-2.83,-177.0,grandpas_village,13.40,clear,5.323,6.616,0.00,9.38,world
136.50,2026-08-29 03:36:55,22.17,0.90,-2.83,-177.0,grandpas_village,13.42,clear,4.408,5.566,0.00,9.38,world
137.00,2026-08-29 03:36:55,22.17,0.90,-2.83,-177.0,grandpas_village,13.44,clear,4.408,5.566,0.00,9.38,world
137.50,2026-08-29 03:36:56,22.17,0.90,-2.83,-177.0,grandpas_village,13.46,clear,4.044,5.372,0.00,9.38,world
138.00,2026-08-29 03:36:56,22.17,0.90,-2.83,-177.0,grandpas_village,13.48,clear,4.044,5.372,0.00,9.38,world
138.50,2026-08-29 03:36:57,22.17,0.90,-2.83,-177.0,grandpas_village,13.50,clear,4.879,5.337,0.00,9.38,world
139.00,2026-08-29 03:36:57,22.17,0.90,-2.83,-177.0,grandpas_village,13.52,clear,4.879,5.337,0.00,9.38,world
139.50,2026-08-29 03:36:58,22.17,0.90,-2.83,-177.0,grandpas_village,13.54,clear,5.211,6.062,0.00,9.38,world
140.00,2026-08-29 03:36:58,22.17,0.90,-2.83,-177.0,grandpas_village,13.56,clear,5.211,6.062,0.00,9.38,world
140.50,2026-08-29 03:36:59,22.17,0.90,-2.83,-177.0,grandpas_village,13.58,clear,4.964,6.060,0.00,9.38,world
141.00,2026-08-29 03:36:59,22.17,0.90,-2.83,-177.0,grandpas_village,13.60,clear,4.964,6.060,0.00,9.38,world
141.50,2026-08-29 03:37:00,22.17,0.90,-2.83,-177.0,grandpas_village,13.62,clear,5.635,5.927,0.00,9.38,world
142.00,2026-08-29 03:37:00,22.17,0.90,-2.83,-177.0,grandpas_village,13.64,clear,5.635,5.927,0.00,9.38,world
142.50,2026-08-29 03:37:01,22.17,0.90,-2.83,-177.0,grandpas_village,13.66,clear,5.791,5.739,0.00,9.38,world
143.00,2026-08-29 03:37:01,22.17,0.90,-2.83,-177.0,grandpas_village,13.68,clear,5.791,5.739,0.00,9.38,world
143.50,2026-08-29 03:37:02,22.17,0.90,-2.83,-177.0,grandpas_village,13.70,clear,6.999,7.230,0.00,9.38,world
144.00,2026-08-29 03:37:02,22.17,0.90,-2.83,-177.0,grandpas_village,13.72,clear,6.999,7.230,0.00,9.38,world
144.50,2026-08-29 03:37:03,22.17,0.90,-2.83,-177.0,grandpas_village,13.74,clear,4.553,6.054,0.00,9.38,world
145.00,2026-08-29 03:37:03,22.17,0.90,-2.83,-177.0,grandpas_village,13.76,clear,4.553,6.054,0.00,9.38,world
145.50,2026-08-29 03:37:04,22.17,0.90,-2.83,-177.0,grandpas_village,13.78,clear,4.850,5.689,0.00,9.38,world
146.00,2026-08-29 03:37:04,22.17,0.90,-2.83,-177.0,grandpas_village,13.80,clear,4.850,5.689,0.00,9.38,world
146.50,2026-08-29 03:37:05,22.17,0.90,-2.83,-177.0,grandpas_village,13.82,clear,5.149,6.545,0.00,9.38,world
147.00,2026-08-29 03:37:05,22.17,0.90,-2.83,-177.0,grandpas_village,13.84,clear,5.149,6.545,0.00,9.38,world
147.50,2026-08-29 03:37:06,22.17,0.90,-2.83,-177.0,grandpas_village,13.86,clear,5.667,8.171,0.00,9.38,world
148.00,2026-08-29 03:37:06,22.17,0.90,-2.83,-177.0,grandpas_village,13.88,clear,5.667,8.171,0.00,9.38,world
148.50,2026-08-29 03:37:07,22.17,0.90,-2.83,-177.0,grandpas_village,13.90,clear,4.331,6.119,0.00,9.38,world
149.00,2026-08-29 03:37:07,22.17,0.90,-2.83,-177.0,grandpas_village,13.92,clear,4.331,6.119,0.00,9.38,world
149.50,2026-08-29 03:37:08,22.17,0.90,-2.83,-177.0,grandpas_village,13.94,clear,4.503,5.960,0.00,9.38,world
150.00,2026-08-29 03:37:08,22.17,0.90,-2.83,-177.0,grandpas_village,13.96,clear,4.503,5.960,0.00,9.38,world
150.50,2026-08-29 03:37:09,22.17,0.90,-2.83,-177.0,grandpas_village,13.98,clear,5.082,5.711,0.00,9.38,world
151.00,2026-08-29 03:37:09,22.17,0.90,-2.83,-177.0,grandpas_village,14.00,clear,5.082,5.711,0.00,9.38,world
151.50,2026-08-29 03:37:10,22.17,0.90,-2.83,-177.0,grandpas_village,14.02,clear,4.341,6.400,0.00,9.38,world
152.00,2026-08-29 03:37:10,22.17,0.90,-2.83,-177.0,grandpas_village,14.04,clear,4.341,6.400,0.00,9.38,world
152.50,2026-08-29 03:37:11,22.17,0.90,-2.83,-177.0,grandpas_village,14.06,clear,4.623,6.082,0.00,9.38,world
153.00,2026-08-29 03:37:11,22.17,0.90,-2.83,-177.0,grandpas_village,14.08,clear,4.623,6.082,0.00,9.38,world
153.50,2026-08-29 03:37:12,22.17,0.90,-2.83,-177.0,grandpas_village,14.10,clear,4.953,5.744,0.00,9.38,world
154.00,2026-08-29 03:37:12,22.17,0.90,-2.83,-177.0,grandpas_village,14.12,clear,4.953,5.744,0.00,9.38,world
154.50,2026-08-29 03:37:13,22.17,0.90,-2.83,-177.0,grandpas_village,14.14,clear,7.108,6.977,0.00,9.38,world
155.00,2026-08-29 03:37:13,22.17,0.90,-2.83,-177.0,grandpas_village,14.16,clear,7.108,6.977,0.00,9.38,world
155.50,2026-08-29 03:37:14,22.17,0.90,-2.83,-177.0,grandpas_village,14.18,clear,4.982,6.460,0.00,9.38,world
156.00,2026-08-29 03:37:14,22.17,0.90,-2.83,-177.0,grandpas_village,14.20,clear,4.982,6.460,0.00,9.38,world
156.50,2026-08-29 03:37:15,22.17,0.90,-2.83,-177.0,grandpas_village,14.22,clear,5.562,6.262,0.00,9.38,world
157.00,2026-08-29 03:37:15,22.17,0.90,-2.83,-177.0,grandpas_village,14.24,clear,5.562,6.262,0.00,9.38,world
157.50,2026-08-29 03:37:16,22.17,0.90,-2.83,-177.0,grandpas_village,14.26,clear,5.127,5.770,0.00,9.38,world
158.00,2026-08-29 03:37:16,22.17,0.90,-2.83,-177.0,grandpas_village,14.28,clear,5.127,5.770,0.00,9.38,world
158.50,2026-08-29 03:37:17,22.17,0.90,-2.83,-177.0,grandpas_village,14.30,clear,5.086,5.910,0.00,9.38,world
159.00,2026-08-29 03:37:17,22.17,0.90,-2.83,-177.0,grandpas_village,14.32,clear,5.086,5.910,0.00,9.38,world
159.50,2026-08-29 03:37:18,22.17,0.90,-2.83,-177.0,grandpas_village,14.34,clear,4.629,6.223,0.00,9.38,world
160.00,2026-08-29 03:37:18,22.17,0.90,-2.83,-177.0,grandpas_village,14.36,clear,4.629,6.223,0.00,9.38,world
160.50,2026-08-29 03:37:19,22.17,0.90,-2.83,-177.0,grandpas_village,14.38,clear,4.474,6.247,0.00,9.38,world
161.00,2026-08-29 03:37:19,22.17,0.90,-2.83,-177.0,grandpas_village,14.40,clear,4.474,6.247,0.00,9.38,world
161.50,2026-08-29 03:37:20,22.17,0.90,-2.83,-177.0,grandpas_village,14.42,clear,4.219,6.960,0.00,9.38,world
162.00,2026-08-29 03:37:20,22.17,0.90,-2.83,-177.0,grandpas_village,14.44,clear,4.219,6.960,0.00,9.38,world
162.50,2026-08-29 03:37:21,22.17,0.90,-2.83,-177.0,grandpas_village,14.46,clear,4.460,6.630,0.00,9.38,world
163.00,2026-08-29 03:37:21,22.17,0.90,-2.83,-177.0,grandpas_village,14.48,clear,4.460,6.630,0.00,9.38,world
163.50,2026-08-29 03:37:22,22.17,0.90,-2.83,-177.0,grandpas_village,14.50,clear,5.068,5.824,0.00,9.38,world
164.00,2026-08-29 03:37:22,22.17,0.90,-2.83,-177.0,grandpas_village,14.52,clear,5.068,5.824,0.00,9.38,world
164.50,2026-08-29 03:37:23,22.17,0.90,-2.83,-177.0,grandpas_village,14.54,clear,5.836,6.955,0.00,9.38,world
165.00,2026-08-29 03:37:23,22.17,0.90,-2.83,-177.0,grandpas_village,14.56,clear,5.836,6.955,0.00,9.38,world
165.50,2026-08-29 03:37:24,22.17,0.90,-2.83,-177.0,grandpas_village,14.58,clear,4.583,5.738,0.00,9.38,world
166.00,2026-08-29 03:37:24,22.17,0.90,-2.83,-177.0,grandpas_village,14.60,clear,4.583,5.738,0.00,9.38,world
166.50,2026-08-29 03:37:25,22.17,0.90,-2.83,-177.0,grandpas_village,14.62,clear,5.808,6.854,0.00,9.38,world
167.00,2026-08-29 03:37:25,22.17,0.90,-2.83,-177.0,grandpas_village,14.64,clear,5.808,6.854,0.00,9.38,world
167.50,2026-08-29 03:37:26,22.17,0.90,-2.83,-177.0,grandpas_village,14.66,clear,5.545,5.981,0.00,9.38,world
168.00,2026-08-29 03:37:26,22.17,0.90,-2.83,-177.0,grandpas_village,14.68,clear,5.545,5.981,0.00,9.38,world
168.50,2026-08-29 03:37:27,22.17,0.90,-2.83,-177.0,grandpas_village,14.70,clear,5.359,5.956,0.00,9.38,world
169.00,2026-08-29 03:37:27,22.17,0.90,-2.83,-177.0,grandpas_village,14.72,clear,5.359,5.956,0.00,9.38,world
169.50,2026-08-29 03:37:28,22.17,0.90,-2.83,-177.0,grandpas_village,14.74,clear,4.989,6.169,0.00,9.38,world
170.00,2026-08-29 03:37:28,22.17,0.90,-2.83,-177.0,grandpas_village,14.76,clear,4.989,6.169,0.00,9.38,world
170.50,2026-08-29 03:37:29,22.17,0.90,-2.83,-177.0,grandpas_village,14.78,clear,5.360,6.068,0.00,9.38,world
171.00,2026-08-29 03:37:29,22.17,0.90,-2.83,-177.0,grandpas_village,14.80,clear,5.360,6.068,0.00,9.38,world
171.50,2026-08-29 03:37:30,22.17,0.90,-2.83,-177.0,grandpas_village,14.82,clear,5.408,6.230,0.00,9.38,world
172.00,2026-08-29 03:37:30,22.17,0.90,-2.83,-177.0,grandpas_village,14.84,clear,5.408,6.230,0.00,9.38,world
172.50,2026-08-29 03:37:31,22.17,0.90,-2.83,-177.0,grandpas_village,14.86,clear,6.055,6.772,0.00,9.38,world
173.00,2026-08-29 03:37:31,22.17,0.90,-2.83,-177.0,grandpas_village,14.88,clear,6.055,6.772,0.00,9.38,world
173.50,2026-08-29 03:37:32,22.17,0.90,-2.83,-177.0,grandpas_village,14.90,clear,4.672,6.057,0.00,9.38,world
174.00,2026-08-29 03:37:32,22.17,0.90,-2.83,-177.0,grandpas_village,14.92,clear,4.672,6.057,0.00,9.38,world
174.50,2026-08-29 03:37:33,22.17,0.90,-2.83,-177.0,grandpas_village,14.94,clear,5.093,6.184,0.00,9.38,world
175.00,2026-08-29 03:37:33,22.17,0.90,-2.83,-177.0,grandpas_village,14.96,clear,5.093,6.184,0.00,9.38,world
175.50,2026-08-29 03:37:34,22.17,0.90,-2.83,-177.0,grandpas_village,14.98,clear,5.072,6.474,0.00,9.38,world
176.00,2026-08-29 03:37:34,22.17,0.90,-2.83,-177.0,grandpas_village,15.00,clear,5.072,6.474,0.00,9.38,world
176.50,2026-08-29 03:37:35,22.17,0.90,-2.83,-177.0,grandpas_village,15.02,clear,7.820,6.456,0.00,9.38,world
177.00,2026-08-29 03:37:35,22.17,0.90,-2.83,-177.0,grandpas_village,15.04,clear,7.820,6.456,0.00,9.38,world
177.50,2026-08-29 03:37:36,22.17,0.90,-2.83,-177.0,grandpas_village,15.06,clear,6.083,7.094,0.00,9.38,world
178.00,2026-08-29 03:37:36,22.17,0.90,-2.83,-177.0,grandpas_village,15.08,clear,6.083,7.094,0.00,9.38,world
178.50,2026-08-29 03:37:37,22.17,0.90,-2.83,-177.0,grandpas_village,15.10,clear,6.246,7.341,0.00,9.38,world
179.00,2026-08-29 03:37:37,22.17,0.90,-2.83,-177.0,grandpas_village,15.12,clear,6.246,7.341,0.00,9.38,world
179.50,2026-08-29 03:37:38,22.17,0.90,-2.83,-177.0,grandpas_village,15.14,clear,5.731,6.266,0.00,9.38,world
180.00,2026-08-29 03:37:38,22.17,0.90,-2.83,-177.0,grandpas_village,15.16,clear,5.731,6.266,0.00,9.38,world
180.50,2026-08-29 03:37:39,22.17,0.90,-2.83,-177.0,grandpas_village,15.18,clear,32.858,6.933,0.00,9.38,world
181.00,2026-08-29 03:37:39,22.17,0.90,-2.83,-177.0,grandpas_village,15.20,clear,32.858,6.933,0.00,9.38,world
181.50,2026-08-29 03:37:40,22.17,0.90,-2.83,-177.0,grandpas_village,15.22,clear,5.770,8.271,0.00,9.38,world
182.02,2026-08-29 03:37:40,22.17,0.90,-2.83,-177.0,grandpas_village,15.22,clear,5.770,8.271,0.00,9.38,menu_map
182.52,2026-08-29 03:37:41,22.34,0.90,-1.85,25.4,grandpas_village,15.24,clear,257.383,40.456,0.00,9.82,world
183.02,2026-08-29 03:37:41,22.77,0.90,0.61,9.9,grandpas_village,15.26,clear,257.383,40.456,0.00,11.24,world
183.52,2026-08-29 03:37:42,23.20,0.85,3.09,9.9,grandpas_village,15.28,clear,13.048,7.508,0.00,11.79,world
184.02,2026-08-29 03:37:42,23.64,0.68,5.60,9.9,grandpas_village,15.30,clear,13.048,7.508,0.00,11.18,world
184.52,2026-08-29 03:37:43,24.09,0.32,8.14,9.9,grandpas_village,15.32,clear,8.749,6.252,0.00,11.13,world
185.02,2026-08-29 03:37:43,24.55,-0.23,10.70,9.9,grandpas_village,15.34,clear,8.749,6.252,0.00,11.67,world
185.52,2026-08-29 03:37:44,25.00,-0.91,13.24,9.9,grandpas_village,15.36,clear,8.656,6.832,0.00,12.73,world
186.02,2026-08-29 03:37:44,25.45,-1.65,15.78,9.9,grandpas_village,15.38,clear,8.656,6.832,0.00,14.18,world
186.52,2026-08-29 03:37:45,25.91,-2.30,18.32,9.9,grandpas_village,15.40,clear,10.330,7.708,0.00,15.92,world
187.02,2026-08-29 03:37:45,26.36,-2.66,20.87,9.9,grandpas_village,15.42,clear,10.330,7.708,0.00,17.87,world
187.52,2026-08-29 03:37:46,26.81,-2.76,23.37,9.9,grandpas_village,15.44,clear,7.713,6.597,0.00,19.93,world
188.02,2026-08-29 03:37:46,27.25,-2.69,25.81,9.9,grandpas_village,15.46,clear,7.713,6.597,0.00,22.04,world
188.52,2026-08-29 03:37:47,27.69,-2.63,28.25,9.9,grandpas_village,15.48,clear,9.197,7.215,0.00,24.22,world
189.02,2026-08-29 03:37:47,28.14,-2.74,30.76,9.9,grandpas_village,15.50,clear,9.197,7.215,0.00,26.51,world
189.52,2026-08-29 03:37:48,28.60,-2.99,33.30,9.9,grandpas_village,15.52,clear,6.762,6.036,0.00,28.88,world
190.02,2026-08-29 03:37:48,29.06,-3.29,35.84,9.9,corridor,15.54,clear,6.762,6.036,1.38,31.28,world
190.52,2026-08-29 03:37:49,29.51,-3.49,38.37,9.9,corridor,15.56,clear,8.830,417.055,3.95,33.70,world
191.02,2026-08-29 03:37:49,29.96,-3.49,40.84,9.9,corridor,15.58,clear,8.830,417.055,6.45,35.93,world
191.52,2026-08-29 03:37:50,30.39,-3.33,43.23,9.9,corridor,15.60,clear,8.853,7.367,8.89,33.64,world
192.02,2026-08-29 03:37:50,30.82,-3.17,45.63,9.9,corridor,15.62,clear,8.853,7.367,11.32,31.36,world
192.52,2026-08-29 03:37:51,31.26,-3.20,48.10,9.9,corridor,15.64,clear,8.069,6.528,0.00,29.04,world
193.02,2026-08-29 03:37:51,31.71,-3.43,50.63,9.9,corridor,15.66,clear,8.069,6.528,0.00,26.69,world
193.52,2026-08-29 03:37:52,32.15,-3.74,53.17,9.9,corridor,15.68,clear,7.075,6.830,0.00,24.38,world
194.02,2026-08-29 03:37:52,32.60,-4.15,55.73,9.9,corridor,15.70,clear,7.075,6.830,0.00,22.17,world
194.52,2026-08-29 03:37:53,33.05,-4.51,58.28,9.9,corridor,15.72,clear,7.000,6.651,0.00,20.11,world
195.02,2026-08-29 03:37:53,33.49,-4.57,60.76,9.9,corridor,15.74,clear,7.000,6.651,0.00,18.14,world
195.52,2026-08-29 03:37:54,33.90,-4.36,63.11,9.9,corridor,15.76,clear,11.036,6.975,0.00,16.29,world
196.02,2026-08-29 03:37:54,34.30,-4.01,65.37,9.9,corridor,15.78,clear,11.036,6.975,0.00,14.55,world
196.52,2026-08-29 03:37:55,34.70,-3.63,67.61,9.9,corridor,15.80,clear,8.744,7.571,0.00,12.86,world
197.02,2026-08-29 03:37:55,35.10,-3.25,69.84,9.9,corridor,15.82,clear,8.744,7.571,0.00,11.21,world
197.52,2026-08-29 03:37:56,35.50,-2.89,72.10,9.9,corridor,15.84,clear,9.022,7.492,0.00,9.62,world
198.02,2026-08-29 03:37:56,35.91,-2.67,74.45,9.9,corridor,15.86,clear,9.022,7.492,0.00,8.31,world
198.52,2026-08-29 03:37:57,36.35,-2.66,76.91,9.9,corridor,15.88,clear,7.986,7.746,0.00,7.54,world
199.02,2026-08-29 03:37:57,36.80,-2.83,79.43,9.9,corridor,15.90,clear,7.986,7.746,0.00,7.56,world
199.52,2026-08-29 03:37:58,37.24,-3.11,81.96,9.9,corridor,15.92,clear,8.444,7.993,0.00,8.40,world
200.02,2026-08-29 03:37:58,37.69,-3.51,84.52,9.9,corridor,15.94,clear,8.444,7.993,0.00,9.87,world
200.52,2026-08-29 03:37:59,38.13,-3.98,87.08,9.9,corridor,15.96,clear,8.430,8.252,0.00,11.57,world
201.02,2026-08-29 03:37:59,38.57,-4.31,89.62,9.9,corridor,15.98,clear,8.430,8.252,0.00,10.64,world
201.52,2026-08-29 03:38:00,39.01,-4.46,92.13,9.9,corridor,16.00,clear,7.755,8.060,0.00,10.01,world
202.02,2026-08-29 03:38:00,39.44,-4.59,94.64,9.9,corridor,16.02,clear,7.755,8.060,0.00,8.57,world
202.52,2026-08-29 03:38:01,39.88,-4.80,97.17,9.9,corridor,16.04,clear,9.696,8.175,0.00,6.01,world
203.02,2026-08-29 03:38:01,40.32,-5.03,99.70,9.9,corridor,16.06,clear,9.696,8.175,0.00,3.48,world
203.52,2026-08-29 03:38:02,40.76,-5.13,102.20,9.9,corridor,16.08,clear,9.191,7.497,0.00,1.11,world
204.02,2026-08-29 03:38:02,41.35,-5.05,104.81,9.9,corridor,16.10,clear,9.191,7.497,0.00,2.00,world
204.52,2026-08-29 03:38:03,41.77,-4.98,107.25,9.9,corridor,16.12,clear,8.366,8.796,0.00,4.35,world
205.02,2026-08-29 03:38:03,42.20,-5.03,109.73,9.9,corridor,16.14,clear,8.366,8.796,0.00,6.01,world
205.52,2026-08-29 03:38:04,42.63,-5.08,112.21,9.9,corridor,16.16,clear,9.106,7.946,0.00,8.13,world
206.02,2026-08-29 03:38:04,43.04,-4.90,114.59,9.9,corridor,16.18,clear,9.106,7.946,0.00,10.33,world
206.52,2026-08-29 03:38:05,43.43,-4.55,116.86,9.9,corridor,16.20,clear,8.733,7.483,0.00,12.50,world
207.02,2026-08-29 03:38:05,43.82,-4.20,119.13,9.9,corridor,16.22,clear,8.733,7.483,0.00,14.71,world
207.52,2026-08-29 03:38:06,44.22,-3.96,121.47,9.9,corridor,16.24,clear,8.066,7.593,0.00,17.18,world
208.02,2026-08-29 03:38:06,44.64,-3.80,123.87,9.9,corridor,16.26,clear,8.066,7.593,0.00,19.56,world
208.52,2026-08-29 03:38:07,45.05,-3.67,126.28,9.9,corridor,16.28,clear,9.123,7.251,0.00,21.95,world
209.02,2026-08-29 03:38:07,45.47,-3.60,128.72,9.9,corridor,16.30,clear,9.123,7.251,0.00,24.38,world
209.52,2026-08-29 03:38:08,45.89,-3.59,131.18,9.9,corridor,16.32,clear,10.148,8.153,0.00,26.34,world
210.02,2026-08-29 03:38:08,46.23,-3.06,133.21,9.9,corridor,16.34,clear,10.148,8.153,0.00,27.06,world
210.52,2026-08-29 03:38:09,46.33,-2.84,133.77,-70.2,corridor,16.36,clear,8.561,7.730,0.00,26.94,world
211.02,2026-08-29 03:38:09,44.32,-3.84,133.87,-80.1,corridor,16.38,clear,8.561,7.730,0.00,24.83,world
211.52,2026-08-29 03:38:10,42.30,-3.99,134.45,10.1,corridor,16.40,clear,8.735,7.684,0.00,23.11,world
212.02,2026-08-29 03:38:10,42.51,-3.13,135.75,10.1,corridor,16.42,clear,8.735,7.684,0.00,23.76,world
212.52,2026-08-29 03:38:11,41.13,-3.89,135.87,-79.9,corridor,16.44,clear,8.410,7.538,0.00,22.54,world
213.02,2026-08-29 03:38:11,38.44,-5.08,135.83,-79.9,corridor,16.46,clear,8.410,7.538,0.00,20.49,world
213.52,2026-08-29 03:38:12,35.95,-5.21,136.18,-79.9,corridor,16.48,clear,7.440,6.960,0.00,19.25,world
214.02,2026-08-29 03:38:12,35.56,-4.98,137.88,10.3,corridor,16.50,clear,7.440,6.960,0.00,20.57,world
214.52,2026-08-29 03:38:13,35.71,-4.19,138.67,10.3,corridor,16.52,clear,6.566,7.206,0.00,21.34,world
215.02,2026-08-29 03:38:13,35.86,-3.39,139.46,10.3,corridor,16.54,clear,6.566,7.206,0.00,22.12,world
215.52,2026-08-29 03:38:14,36.05,-2.42,140.51,10.3,corridor,16.56,clear,6.392,6.400,0.00,23.41,world
216.02,2026-08-29 03:38:14,36.21,-1.53,141.49,10.3,corridor,16.58,clear,6.392,6.400,0.00,24.88,world
216.52,2026-08-29 03:38:15,36.50,-0.72,143.14,10.4,corridor,16.60,clear,7.477,6.876,0.00,27.03,world
217.02,2026-08-29 03:38:15,36.85,-0.06,145.19,10.4,corridor,16.62,clear,7.477,6.876,0.00,29.06,world
217.52,2026-08-29 03:38:16,36.54,0.02,145.84,-69.8,corridor,16.64,clear,7.399,6.102,0.00,29.57,world
218.02,2026-08-29 03:38:16,33.96,-0.81,146.12,-79.6,corridor,16.66,clear,7.399,6.102,0.00,29.08,world
218.52,2026-08-29 03:38:17,31.44,-0.99,146.56,-79.6,corridor,16.68,clear,7.651,6.144,0.00,28.99,world
219.02,2026-08-29 03:38:17,28.92,-1.61,147.01,-79.6,corridor,16.70,clear,7.651,6.144,0.00,29.12,world
219.52,2026-08-29 03:38:18,27.84,-1.36,147.80,10.7,corridor,16.72,clear,6.045,5.890,0.00,29.85,world
220.02,2026-08-29 03:38:18,28.11,-0.52,149.29,10.7,corridor,16.74,clear,6.045,5.890,1.37,31.35,world
220.52,2026-08-29 03:38:19,28.46,0.13,151.13,10.7,corridor,16.76,clear,7.531,6.499,3.23,33.20,world
221.02,2026-08-29 03:38:19,28.87,0.67,153.21,10.7,corridor,16.78,clear,7.531,6.499,5.36,35.30,world
221.52,2026-08-29 03:38:20,29.46,0.67,153.79,10.7,corridor,16.80,clear,9.768,7.431,6.45,35.92,world
222.02,2026-08-29 03:38:21,29.82,0.56,153.81,10.7,corridor,16.82,clear,9.768,7.431,6.83,35.97,world
222.52,2026-08-29 03:38:21,29.31,0.71,153.75,-79.3,corridor,16.84,clear,8.870,6.009,7.37,35.87,world
223.02,2026-08-29 03:38:21,26.65,0.89,154.07,-79.3,corridor,16.86,clear,8.870,6.009,10.08,34.24,world
223.52,2026-08-29 03:38:22,25.95,0.64,155.78,10.8,corridor,16.88,clear,6.640,5.817,12.47,34.29,world
224.02,2026-08-29 03:38:22,26.37,0.51,158.11,10.8,corridor,16.90,clear,6.640,5.817,14.84,35.74,world
224.52,2026-08-29 03:38:23,26.68,1.38,159.81,10.8,corridor,16.92,clear,6.670,7.596,16.56,36.84,world
225.02,2026-08-29 03:38:23,27.01,2.19,161.71,10.8,corridor,16.94,clear,6.670,7.596,18.50,38.13,world
225.52,2026-08-29 03:38:24,27.41,2.73,163.88,10.8,corridor,16.96,clear,7.748,6.926,20.70,39.67,world
226.02,2026-08-29 03:38:24,27.63,3.67,165.13,10.8,corridor,16.98,clear,7.748,6.926,21.97,40.58,world
226.52,2026-08-29 03:38:25,27.69,4.59,166.87,10.8,corridor,17.00,clear,8.271,6.144,23.75,41.69,world
227.02,2026-08-29 03:38:25,26.98,4.31,167.96,10.9,corridor,17.02,clear,8.271,6.144,25.52,41.82,world
227.52,2026-08-29 03:38:26,24.48,1.26,168.06,11.0,corridor,17.04,clear,6.686,6.115,28.04,40.02,world
228.02,2026-08-29 03:38:26,23.73,0.46,169.78,11.0,corridor,17.06,clear,6.686,6.115,30.66,40.67,world
228.52,2026-08-29 03:38:27,23.64,0.44,169.82,-20.5,corridor,17.08,clear,6.510,6.292,30.78,40.63,world
229.02,2026-08-29 03:38:27,22.49,0.19,169.82,11.0,corridor,17.10,clear,6.510,6.292,31.93,39.83,world
229.52,2026-08-29 03:38:28,22.63,0.22,169.82,-31.0,corridor,17.12,clear,6.811,5.880,32.39,39.93,world
230.02,2026-08-29 03:38:28,21.94,0.19,171.39,11.1,corridor,17.14,clear,6.811,5.880,34.81,40.61,world
230.52,2026-08-29 03:38:29,21.95,0.20,171.90,11.1,corridor,17.16,clear,5.688,6.567,35.33,41.00,world
231.02,2026-08-29 03:38:29,21.95,0.21,171.91,11.1,corridor,17.18,clear,5.688,6.567,35.40,41.01,world
231.52,2026-08-29 03:38:30,21.94,0.21,171.92,11.1,corridor,17.20,clear,7.019,6.254,35.41,41.01,world
232.02,2026-08-29 03:38:30,21.95,0.21,171.91,11.1,corridor,17.22,clear,7.019,6.254,35.46,41.01,world
232.52,2026-08-29 03:38:31,21.95,0.19,171.89,11.1,corridor,17.24,clear,6.616,11.619,35.49,41.00,world
233.02,2026-08-29 03:38:31,21.95,0.21,171.91,11.1,corridor,17.26,clear,6.616,11.619,35.52,41.01,world
233.52,2026-08-29 03:38:32,21.95,0.20,171.91,11.1,corridor,17.28,clear,7.118,5.896,35.57,41.01,world
234.02,2026-08-29 03:38:32,21.95,0.21,171.92,11.1,corridor,17.30,clear,7.118,5.896,35.58,41.01,world
234.52,2026-08-29 03:38:33,21.95,0.21,171.91,11.1,corridor,17.32,clear,6.463,6.926,35.63,41.01,world
235.02,2026-08-29 03:38:33,21.94,0.21,171.92,11.1,corridor,17.34,clear,6.463,6.926,35.64,41.01,world
235.52,2026-08-29 03:38:34,21.95,0.21,171.91,11.1,corridor,17.36,clear,10.087,7.166,35.70,41.01,world
236.02,2026-08-29 03:38:34,21.94,0.21,171.92,11.1,corridor,17.38,clear,10.087,7.166,35.71,41.01,world
236.52,2026-08-29 03:38:35,21.94,0.22,171.92,11.1,corridor,17.40,clear,5.771,6.618,35.71,41.01,world
237.02,2026-08-29 03:38:35,21.94,0.22,171.93,11.1,corridor,17.42,clear,5.771,6.618,35.72,41.02,world
237.52,2026-08-29 03:38:36,21.94,0.22,171.93,11.1,corridor,17.44,clear,5.342,5.117,35.73,41.02,world
238.02,2026-08-29 03:38:36,21.94,0.22,171.93,11.1,corridor,17.46,clear,5.342,5.117,35.74,41.02,world
238.52,2026-08-29 03:38:37,21.94,0.21,171.92,11.1,corridor,17.48,clear,7.053,5.925,35.77,41.01,world
239.02,2026-08-29 03:38:37,21.94,0.22,171.93,11.1,corridor,17.50,clear,7.053,5.925,35.77,41.02,world
239.52,2026-08-29 03:38:38,21.94,0.22,171.93,11.1,corridor,17.52,clear,6.198,5.197,35.78,41.02,world
240.02,2026-08-29 03:38:38,21.94,0.22,171.93,11.1,corridor,17.54,clear,6.198,5.197,35.80,41.02,world
240.52,2026-08-29 03:38:39,21.94,0.22,171.93,11.1,corridor,17.56,clear,6.030,5.619,35.81,41.02,world
241.02,2026-08-29 03:38:39,21.95,0.21,171.91,11.1,corridor,17.58,clear,6.030,5.619,35.86,41.01,world
241.52,2026-08-29 03:38:40,21.94,0.21,171.92,11.1,corridor,17.60,clear,6.492,5.854,35.87,41.01,world
242.02,2026-08-29 03:38:40,21.94,0.22,171.92,11.1,corridor,17.62,clear,6.492,5.854,35.88,41.01,world
242.52,2026-08-29 03:38:41,21.94,0.22,171.93,11.1,corridor,17.64,clear,7.201,5.522,35.89,41.02,world
243.02,2026-08-29 03:38:41,21.94,0.22,171.93,11.1,corridor,17.66,clear,7.201,5.522,35.90,41.02,world
243.52,2026-08-29 03:38:42,21.94,0.23,171.94,11.1,corridor,17.68,clear,5.719,5.852,35.91,41.02,world
244.02,2026-08-29 03:38:42,21.95,0.21,171.91,11.1,corridor,17.70,clear,5.719,5.852,35.98,41.01,world
244.52,2026-08-29 03:38:43,21.95,0.21,171.91,11.1,corridor,17.72,clear,5.793,5.848,36.00,41.01,world
245.02,2026-08-29 03:38:43,21.94,0.21,171.92,11.1,corridor,17.74,clear,5.793,5.848,36.00,41.01,world
245.52,2026-08-29 03:38:44,21.94,0.21,171.92,11.1,corridor,17.76,clear,6.404,6.435,36.01,41.01,world
246.02,2026-08-29 03:38:44,21.94,0.22,171.93,11.1,corridor,17.78,clear,6.404,6.435,36.02,41.02,world
246.52,2026-08-29 03:38:45,21.94,0.22,171.93,11.1,corridor,17.80,clear,5.816,5.913,36.03,41.02,world
247.02,2026-08-29 03:38:45,21.94,0.22,171.93,11.1,corridor,17.82,clear,5.816,5.913,36.04,41.02,world
247.52,2026-08-29 03:38:46,21.94,0.23,171.93,11.1,corridor,17.84,clear,6.371,6.059,36.05,41.02,world
248.02,2026-08-29 03:38:46,21.94,0.22,171.93,11.1,corridor,17.86,clear,6.371,6.059,36.07,41.02,world
248.52,2026-08-29 03:38:47,21.93,0.24,171.95,11.1,corridor,17.88,clear,6.381,5.818,36.10,41.03,world
249.02,2026-08-29 03:38:47,21.94,0.22,171.93,11.1,corridor,17.90,clear,6.381,5.818,36.12,41.02,world
249.52,2026-08-29 03:38:48,21.95,0.21,171.91,11.1,corridor,17.92,clear,8.036,6.921,36.18,41.01,world
250.02,2026-08-29 03:38:48,21.95,0.20,171.91,11.1,corridor,17.94,clear,8.036,6.921,36.24,41.01,world
250.52,2026-08-29 03:38:49,21.95,0.21,171.91,11.1,corridor,17.96,clear,6.270,5.668,36.24,41.01,world
251.02,2026-08-29 03:38:49,21.95,0.21,171.91,11.1,corridor,17.98,clear,6.270,5.668,36.30,41.01,world
251.52,2026-08-29 03:38:50,21.95,0.21,171.91,11.1,corridor,18.00,clear,5.670,6.026,36.31,41.01,world
252.02,2026-08-29 03:38:50,21.95,0.21,171.91,11.1,corridor,18.02,clear,5.670,6.026,36.36,41.01,world
252.52,2026-08-29 03:38:51,21.95,0.20,171.90,11.1,corridor,18.04,fog,5.873,6.022,36.40,41.00,world
253.02,2026-08-29 03:38:51,21.95,0.21,171.91,11.1,corridor,18.06,fog,5.873,6.022,36.42,41.01,world
253.52,2026-08-29 03:38:52,21.95,0.21,171.91,11.1,corridor,18.08,fog,5.922,6.058,36.47,41.01,world
254.02,2026-08-29 03:38:52,21.95,0.21,171.91,11.1,corridor,18.10,fog,5.922,6.058,36.48,41.01,world
254.52,2026-08-29 03:38:53,21.95,0.20,171.91,11.1,corridor,18.12,fog,5.578,5.761,36.53,41.01,world
255.02,2026-08-29 03:38:53,21.95,0.19,171.89,11.1,corridor,18.14,fog,5.578,5.761,36.56,41.00,world
255.52,2026-08-29 03:38:54,21.95,0.21,171.91,11.1,corridor,18.16,fog,5.779,5.924,36.59,41.01,world
256.02,2026-08-29 03:38:54,21.95,0.21,171.91,11.1,corridor,18.18,fog,5.779,5.924,36.64,41.01,world
256.52,2026-08-29 03:38:55,21.95,0.21,171.92,11.1,corridor,18.20,fog,5.502,5.468,36.65,41.01,world
257.02,2026-08-29 03:38:55,21.95,0.21,171.91,11.1,corridor,18.22,fog,5.502,5.468,36.71,41.01,world
257.52,2026-08-29 03:38:56,21.94,0.21,171.92,11.1,corridor,18.24,fog,8.589,5.645,36.72,41.01,world
258.02,2026-08-29 03:38:56,21.94,0.21,171.92,11.1,corridor,18.26,fog,8.589,5.645,36.72,41.01,world
258.52,2026-08-29 03:38:57,21.94,0.22,171.92,11.1,corridor,18.28,fog,5.622,5.611,36.73,41.01,world
259.02,2026-08-29 03:38:57,21.94,0.22,171.93,11.1,corridor,18.30,fog,5.622,5.611,36.74,41.02,world
259.52,2026-08-29 03:38:58,21.94,0.22,171.93,11.1,corridor,18.32,fog,6.182,6.069,36.75,41.02,world
260.02,2026-08-29 03:38:58,21.94,0.22,171.93,11.1,corridor,18.34,fog,6.182,6.069,36.77,41.02,world
260.52,2026-08-29 03:38:59,21.95,0.20,171.91,11.1,corridor,18.36,fog,6.256,5.346,36.81,41.00,world
261.02,2026-08-29 03:38:59,21.95,0.21,171.91,11.1,corridor,18.38,fog,6.256,5.346,36.82,41.01,world
261.52,2026-08-29 03:39:00,21.95,0.21,171.92,11.1,corridor,18.40,fog,6.911,8.420,36.83,41.01,world
262.02,2026-08-29 03:39:00,21.94,0.21,171.92,11.1,corridor,18.42,fog,6.911,8.420,36.84,41.01,world
262.52,2026-08-29 03:39:01,21.94,0.22,171.92,11.1,corridor,18.44,fog,7.300,5.732,36.84,41.01,world
263.02,2026-08-29 03:39:01,21.94,0.22,171.93,11.1,corridor,18.46,fog,7.300,5.732,36.85,41.02,world
263.52,2026-08-29 03:39:02,21.95,0.21,171.91,11.1,corridor,18.48,fog,5.927,5.612,36.88,41.01,world
264.02,2026-08-29 03:39:02,21.95,0.21,171.91,11.1,corridor,18.50,fog,5.927,5.612,36.92,41.01,world
264.52,2026-08-29 03:39:03,21.94,0.21,171.92,11.1,corridor,18.52,fog,5.964,6.070,36.92,41.01,world
265.02,2026-08-29 03:39:03,21.94,0.22,171.92,11.1,corridor,18.54,fog,5.964,6.070,36.93,41.01,world
265.52,2026-08-29 03:39:04,21.94,0.22,171.93,11.1,corridor,18.56,fog,8.356,6.604,36.94,41.02,world
266.02,2026-08-29 03:39:04,21.94,0.22,171.93,11.1,corridor,18.58,fog,8.356,6.604,36.95,41.02,world
266.52,2026-08-29 03:39:05,21.94,0.22,171.92,11.1,corridor,18.60,fog,7.612,6.258,36.97,41.01,world
267.02,2026-08-29 03:39:05,21.94,0.22,171.93,11.1,corridor,18.62,fog,7.612,6.258,36.98,41.02,world
267.52,2026-08-29 03:39:06,21.95,0.21,171.91,11.1,corridor,18.64,fog,7.043,6.026,37.02,41.01,world
268.02,2026-08-29 03:39:06,21.95,0.21,171.91,11.1,corridor,18.66,fog,7.043,6.026,37.04,41.01,world
268.52,2026-08-29 03:39:07,21.94,0.21,171.92,11.1,corridor,18.68,fog,7.103,5.230,37.05,41.01,world
269.02,2026-08-29 03:39:07,21.94,0.21,171.92,11.1,corridor,18.70,fog,7.103,5.230,37.06,41.01,world
269.52,2026-08-29 03:39:08,21.94,0.22,171.93,11.1,corridor,18.72,fog,6.410,6.065,37.06,41.02,world
270.02,2026-08-29 03:39:08,21.94,0.22,171.93,11.1,corridor,18.74,fog,6.410,6.065,37.07,41.02,world
270.52,2026-08-29 03:39:09,21.94,0.22,171.92,11.1,corridor,18.76,fog,7.406,7.863,37.09,41.01,world
271.02,2026-08-29 03:39:09,21.94,0.22,171.93,11.1,corridor,18.78,fog,7.406,7.863,37.10,41.02,world
271.52,2026-08-29 03:39:10,21.94,0.22,171.93,11.1,corridor,18.80,fog,5.932,6.046,37.12,41.02,world
272.02,2026-08-29 03:39:10,21.94,0.22,171.92,11.1,corridor,18.82,fog,5.932,6.046,37.14,41.01,world
272.52,2026-08-29 03:39:11,21.95,0.21,171.91,11.1,corridor,18.84,fog,7.192,5.661,37.19,41.01,world
273.02,2026-08-29 03:39:11,21.94,0.21,171.92,11.1,corridor,18.86,fog,7.192,5.661,37.19,41.01,world
273.52,2026-08-29 03:39:12,21.94,0.21,171.92,11.1,corridor,18.88,fog,7.864,5.954,37.20,41.01,world
274.02,2026-08-29 03:39:13,21.94,0.22,171.92,11.1,corridor,18.90,fog,7.864,5.954,37.21,41.01,world
274.52,2026-08-29 03:39:13,21.94,0.22,171.93,11.1,corridor,18.92,fog,6.690,6.210,37.22,41.02,world
275.02,2026-08-29 03:39:13,21.94,0.22,171.93,11.1,corridor,18.94,fog,6.690,6.210,37.23,41.02,world
275.52,2026-08-29 03:39:14,21.95,0.20,171.91,11.1,corridor,18.96,fog,6.681,6.548,37.28,41.01,world
276.02,2026-08-29 03:39:14,21.95,0.21,171.91,11.1,corridor,18.98,fog,6.681,6.548,37.29,41.01,world
276.52,2026-08-29 03:39:15,21.94,0.21,171.92,11.1,corridor,19.00,fog,6.072,6.086,37.30,41.01,world
277.02,2026-08-29 03:39:15,21.94,0.21,171.92,11.1,corridor,19.02,fog,6.072,6.086,37.31,41.01,world
277.52,2026-08-29 03:39:16,21.94,0.22,171.92,11.1,corridor,19.04,fog,8.445,6.376,37.32,41.01,world
278.02,2026-08-29 03:39:16,21.94,0.22,171.93,11.1,corridor,19.06,fog,8.445,6.376,37.32,41.02,world
278.52,2026-08-29 03:39:17,21.94,0.22,171.93,11.1,corridor,19.08,fog,7.356,6.737,37.33,41.02,world
279.02,2026-08-29 03:39:17,21.94,0.22,171.93,11.1,corridor,19.10,fog,7.356,6.737,37.36,41.02,world
279.52,2026-08-29 03:39:18,21.94,0.22,171.93,11.1,corridor,19.12,fog,5.881,5.481,37.37,41.02,world
280.02,2026-08-29 03:39:18,21.94,0.22,171.93,11.1,corridor,19.14,fog,5.881,5.481,37.38,41.02,world
280.52,2026-08-29 03:39:19,21.94,0.21,171.92,11.1,corridor,19.16,fog,7.812,5.930,37.44,41.01,world
281.02,2026-08-29 03:39:19,21.94,0.21,171.92,11.1,corridor,19.18,fog,7.812,5.930,37.46,41.01,world
281.52,2026-08-29 03:39:20,21.94,0.21,171.92,11.1,corridor,19.20,fog,6.619,5.675,37.47,41.01,world
282.02,2026-08-29 03:39:20,21.94,0.22,171.93,11.1,corridor,19.22,fog,6.619,5.675,37.47,41.02,world
282.52,2026-08-29 03:39:21,21.94,0.22,171.93,11.1,corridor,19.24,fog,7.696,7.925,37.48,41.02,world
283.02,2026-08-29 03:39:21,21.95,0.20,171.91,11.1,corridor,19.26,fog,7.696,7.925,37.54,41.01,world
283.52,2026-08-29 03:39:22,21.95,0.21,171.91,11.1,corridor,19.28,fog,6.649,6.138,37.55,41.01,world
284.02,2026-08-29 03:39:22,21.95,0.21,171.91,11.1,corridor,19.30,fog,6.649,6.138,37.60,41.00,world
284.52,2026-08-29 03:39:23,21.95,0.19,171.89,11.1,corridor,19.32,fog,6.809,5.802,37.64,41.00,world
285.02,2026-08-29 03:39:23,21.95,0.20,171.91,11.1,corridor,19.34,fog,6.809,5.802,37.67,41.01,world
285.52,2026-08-29 03:39:24,21.95,0.20,171.91,11.1,corridor,19.36,fog,6.797,6.111,37.73,41.01,world
286.02,2026-08-29 03:39:24,21.95,0.21,171.92,11.1,corridor,19.38,fog,6.797,6.111,37.74,41.01,world
286.52,2026-08-29 03:39:25,21.95,0.21,171.91,11.1,corridor,19.40,fog,7.174,6.294,37.79,41.01,world
287.02,2026-08-29 03:39:25,21.94,0.21,171.92,11.1,corridor,19.42,fog,7.174,6.294,37.80,41.01,world
287.52,2026-08-29 03:39:26,21.94,0.21,171.92,11.1,corridor,19.44,fog,6.677,6.264,37.81,41.01,world
288.02,2026-08-29 03:39:26,21.94,0.22,171.92,11.1,corridor,19.46,fog,6.677,6.264,37.82,41.02,world
288.52,2026-08-29 03:39:27,21.94,0.22,171.93,11.1,corridor,19.48,fog,6.653,5.674,37.83,41.02,world
289.02,2026-08-29 03:39:27,21.94,0.22,171.93,11.1,corridor,19.50,fog,6.653,5.674,37.84,41.02,world
289.52,2026-08-29 03:39:28,21.95,0.20,171.90,11.1,corridor,19.52,fog,7.224,7.050,37.90,41.00,world
290.02,2026-08-29 03:39:28,21.95,0.21,171.91,11.1,corridor,19.54,fog,7.224,7.050,37.97,41.01,world
290.52,2026-08-29 03:39:29,21.95,0.21,171.91,11.1,corridor,19.56,fog,6.385,5.717,37.98,41.01,world
291.02,2026-08-29 03:39:29,21.95,0.21,171.91,11.1,corridor,19.58,fog,6.385,5.717,38.03,41.01,world
291.52,2026-08-29 03:39:30,21.95,0.20,171.90,11.1,corridor,19.60,fog,7.757,8.533,38.07,41.00,world
292.02,2026-08-29 03:39:30,21.95,0.21,171.91,11.1,corridor,19.62,fog,7.757,8.533,38.09,41.01,world
292.52,2026-08-29 03:39:31,21.95,0.21,171.91,11.1,corridor,19.64,fog,7.649,6.474,38.14,41.01,world
293.02,2026-08-29 03:39:31,21.95,0.21,171.91,11.1,corridor,19.66,fog,7.649,6.474,38.15,41.01,world
293.52,2026-08-29 03:39:32,21.95,0.20,171.91,11.1,corridor,19.68,fog,5.945,6.543,38.20,41.01,world
294.02,2026-08-29 03:39:32,21.95,0.19,171.89,11.1,corridor,19.70,fog,5.945,6.543,38.23,41.00,world
294.52,2026-08-29 03:39:33,21.95,0.21,171.91,11.1,corridor,19.72,fog,6.259,5.542,38.26,41.01,world
295.02,2026-08-29 03:39:33,21.94,0.21,171.92,11.1,corridor,19.74,fog,6.259,5.542,38.27,41.01,world
295.52,2026-08-29 03:39:34,21.94,0.21,171.92,11.1,corridor,19.76,fog,7.128,5.841,38.28,41.01,world
296.02,2026-08-29 03:39:34,21.94,0.22,171.93,11.1,corridor,19.78,fog,7.128,5.841,38.28,41.02,world
296.52,2026-08-29 03:39:35,21.94,0.22,171.93,11.1,corridor,19.80,fog,5.979,5.538,38.29,41.02,world
297.02,2026-08-29 03:39:35,21.94,0.22,171.93,11.1,corridor,19.82,fog,5.979,5.538,38.30,41.02,world
297.52,2026-08-29 03:39:36,21.94,0.22,171.93,11.1,corridor,19.84,fog,6.007,5.946,38.32,41.02,world
298.02,2026-08-29 03:39:36,21.95,0.21,171.92,11.1,corridor,19.86,fog,6.007,5.946,38.38,41.01,world
298.52,2026-08-29 03:39:37,21.94,0.21,171.92,11.1,corridor,19.88,fog,5.532,6.839,38.39,41.01,world
299.02,2026-08-29 03:39:37,21.94,0.22,171.92,11.1,corridor,19.90,fog,5.532,6.839,38.40,41.01,world
299.52,2026-08-29 03:39:38,21.94,0.22,171.93,11.1,corridor,19.92,fog,8.059,5.703,38.41,41.02,world
300.02,2026-08-29 03:39:38,21.94,0.22,171.93,11.1,corridor,19.94,fog,8.059,5.703,38.42,41.02,world
300.52,2026-08-29 03:39:39,21.94,0.23,171.94,11.1,corridor,19.96,fog,7.114,5.710,38.44,41.02,world
301.02,2026-08-29 03:39:39,21.94,0.22,171.93,11.1,corridor,19.98,fog,7.114,5.710,38.46,41.02,world
301.52,2026-08-29 03:39:40,21.94,0.24,171.95,11.1,corridor,20.00,fog,6.343,6.346,38.49,41.03,world
302.02,2026-08-29 03:39:41,21.94,0.22,171.93,11.1,corridor,20.02,fog,6.343,6.346,38.51,41.02,world
302.52,2026-08-29 03:39:41,21.94,0.22,171.93,11.1,corridor,20.04,fog,7.711,7.239,38.53,41.02,world
303.02,2026-08-29 03:39:42,21.94,0.22,171.93,11.1,corridor,20.06,fog,7.711,7.239,38.55,41.02,world
303.52,2026-08-29 03:39:42,21.94,0.22,171.93,11.1,corridor,20.08,fog,9.438,7.434,38.57,41.02,world
304.02,2026-08-29 03:39:42,21.94,0.22,171.93,11.1,corridor,20.10,fog,9.438,7.434,38.58,41.02,world
304.52,2026-08-29 03:39:43,21.94,0.22,171.93,11.1,corridor,20.12,fog,9.790,8.007,38.59,41.02,world
305.02,2026-08-29 03:39:43,21.94,0.22,171.92,11.1,corridor,20.14,fog,9.790,8.007,38.62,41.01,world
305.52,2026-08-29 03:39:44,21.94,0.22,171.93,11.1,corridor,20.16,fog,11.060,8.043,38.63,41.02,world
306.02,2026-08-29 03:39:44,21.94,0.22,171.93,11.1,corridor,20.18,fog,11.060,8.043,38.64,41.02,world
306.52,2026-08-29 03:39:45,21.95,0.21,171.91,11.1,corridor,20.20,fog,10.528,7.607,38.68,41.01,world
307.02,2026-08-29 03:39:45,21.95,0.19,171.89,11.1,corridor,20.22,fog,10.528,7.607,38.72,41.00,world
307.52,2026-08-29 03:39:46,21.95,0.21,171.91,11.1,corridor,20.24,fog,8.324,7.021,38.74,41.01,world
308.02,2026-08-29 03:39:46,21.95,0.21,171.91,11.1,corridor,20.26,fog,8.324,7.021,38.80,41.01,world
308.52,2026-08-29 03:39:47,21.95,0.21,171.91,11.1,corridor,20.28,fog,7.896,7.489,38.80,41.01,world
309.02,2026-08-29 03:39:47,21.95,0.20,171.91,11.1,corridor,20.30,fog,7.896,7.489,38.86,41.01,world
309.52,2026-08-29 03:39:48,21.95,0.21,171.92,11.1,corridor,20.32,fog,7.581,7.012,38.86,41.01,world
310.02,2026-08-29 03:39:48,21.95,0.21,171.91,11.1,corridor,20.34,fog,7.581,7.012,38.92,41.01,world
310.52,2026-08-29 03:39:49,21.95,0.19,171.89,11.1,corridor,20.36,fog,8.752,6.710,38.95,41.00,world
311.02,2026-08-29 03:39:49,21.95,0.20,171.91,11.1,corridor,20.38,fog,8.752,6.710,38.98,41.01,world
311.52,2026-08-29 03:39:50,21.95,0.20,171.91,11.1,corridor,20.40,fog,7.282,7.242,39.04,41.01,world
312.02,2026-08-29 03:39:50,21.95,0.21,171.91,11.1,corridor,20.42,fog,7.282,7.242,39.05,41.01,world
312.52,2026-08-29 03:39:51,21.95,0.21,171.91,11.1,corridor,20.44,fog,7.738,6.849,39.10,41.01,world
313.02,2026-08-29 03:39:52,21.95,0.21,171.92,11.1,corridor,20.46,fog,7.738,6.849,39.11,41.01,world
313.52,2026-08-29 03:39:52,21.95,0.21,171.91,11.1,corridor,20.48,fog,8.997,7.723,39.16,41.01,world
314.02,2026-08-29 03:39:52,21.95,0.20,171.90,11.1,corridor,20.50,fog,8.997,7.723,39.20,41.00,world
314.52,2026-08-29 03:39:53,21.95,0.21,171.91,11.1,corridor,20.52,fog,7.991,6.822,39.22,41.01,world
315.02,2026-08-29 03:39:53,21.95,0.20,171.91,11.1,corridor,20.54,fog,7.991,6.822,39.27,41.01,world
315.52,2026-08-29 03:39:54,21.95,0.21,171.91,11.1,corridor,20.56,fog,7.088,5.933,39.28,41.01,world
316.02,2026-08-29 03:39:54,21.95,0.21,171.91,11.1,corridor,20.58,fog,7.088,5.933,39.33,41.01,world
316.52,2026-08-29 03:39:55,21.95,0.21,171.91,11.1,corridor,20.60,fog,6.844,6.010,39.35,41.01,world
317.02,2026-08-29 03:39:55,21.95,0.21,171.91,11.1,corridor,20.62,fog,6.844,6.010,39.39,41.01,world
317.52,2026-08-29 03:39:56,21.95,0.20,171.90,11.1,corridor,20.64,fog,6.801,6.577,39.43,41.00,world
318.02,2026-08-29 03:39:56,21.95,0.21,171.91,11.1,corridor,20.66,fog,6.801,6.577,39.45,41.01,world
318.52,2026-08-29 03:39:57,21.95,0.21,171.91,11.1,corridor,20.68,fog,6.346,7.198,39.50,41.01,world
319.02,2026-08-29 03:39:57,21.95,0.21,171.92,11.1,corridor,20.70,fog,6.346,7.198,39.51,41.01,world
319.52,2026-08-29 03:39:58,21.95,0.21,171.91,11.1,corridor,20.72,fog,7.764,6.534,39.56,41.01,world
320.02,2026-08-29 03:39:58,21.95,0.19,171.89,11.1,corridor,20.74,fog,7.764,6.534,39.59,41.00,world
320.52,2026-08-29 03:39:59,21.95,0.21,171.91,11.1,corridor,20.76,fog,7.648,7.875,39.62,41.01,world
321.02,2026-08-29 03:39:59,21.94,0.21,171.92,11.1,corridor,20.78,fog,7.648,7.875,39.63,41.01,world
321.52,2026-08-29 03:40:00,21.94,0.21,171.92,11.1,corridor,20.80,fog,7.601,6.545,39.64,41.01,world
322.02,2026-08-29 03:40:00,21.94,0.22,171.93,11.1,corridor,20.82,fog,7.601,6.545,39.64,41.02,world
322.52,2026-08-29 03:40:01,21.94,0.22,171.93,11.1,corridor,20.84,fog,7.096,6.462,39.65,41.02,world
323.02,2026-08-29 03:40:01,21.94,0.22,171.93,11.1,corridor,20.86,fog,7.096,6.462,39.67,41.02,world
323.52,2026-08-29 03:40:02,21.94,0.22,171.93,11.1,corridor,20.88,fog,9.742,8.188,39.68,41.02,world
324.02,2026-08-29 03:40:02,21.95,0.20,171.91,11.1,corridor,20.90,fog,9.742,8.188,39.74,41.01,world
324.52,2026-08-29 03:40:03,21.95,0.21,171.91,11.1,corridor,20.92,fog,10.733,7.812,39.74,41.01,world
325.02,2026-08-29 03:40:03,21.95,0.21,171.92,11.1,corridor,20.94,fog,10.733,7.812,39.75,41.01,world
325.52,2026-08-29 03:40:04,21.94,0.21,171.92,11.1,corridor,20.96,fog,9.660,6.833,39.76,41.01,world
326.02,2026-08-29 03:40:04,21.94,0.22,171.92,11.1,corridor,20.98,fog,9.660,6.833,39.77,41.01,world
326.52,2026-08-29 03:40:05,21.94,0.22,171.93,11.1,corridor,21.00,fog,11.725,7.668,39.78,41.02,world
327.02,2026-08-29 03:40:05,21.94,0.22,171.92,11.1,corridor,21.02,fog,11.725,7.668,39.80,41.01,world
327.52,2026-08-29 03:40:06,21.94,0.22,171.93,11.1,corridor,21.04,fog,11.113,7.333,39.81,41.02,world
328.02,2026-08-29 03:40:07,21.94,0.22,171.92,11.1,corridor,21.06,fog,11.113,7.333,39.83,41.01,world
328.52,2026-08-29 03:40:07,21.94,0.22,171.93,11.1,corridor,21.08,fog,10.114,9.441,39.84,41.02,world
329.02,2026-08-29 03:40:07,21.94,0.22,171.93,11.1,corridor,21.10,fog,10.114,9.441,39.85,41.02,world
329.52,2026-08-29 03:40:08,21.94,0.22,171.92,11.1,corridor,21.12,fog,14.134,9.350,39.87,41.01,world
330.02,2026-08-29 03:40:08,21.94,0.22,171.93,11.1,corridor,21.14,fog,14.134,9.350,39.88,41.02,world
330.52,2026-08-29 03:40:09,21.95,0.20,171.90,11.1,corridor,21.16,fog,9.686,7.336,39.92,41.00,world
331.02,2026-08-29 03:40:09,21.95,0.20,171.91,11.1,corridor,21.18,fog,9.686,7.336,39.93,41.01,world
331.52,2026-08-29 03:40:10,21.95,0.21,171.91,11.1,corridor,21.20,fog,12.125,8.104,39.94,41.01,world
332.02,2026-08-29 03:40:11,21.94,0.21,171.92,11.1,corridor,21.22,fog,12.125,8.104,39.95,41.01,world
332.52,2026-08-29 03:40:11,21.94,0.21,171.92,11.1,corridor,21.24,fog,9.405,7.599,39.96,41.01,world
333.02,2026-08-29 03:40:11,21.94,0.22,171.93,11.1,corridor,21.26,fog,9.405,7.599,39.97,41.02,world
333.52,2026-08-29 03:40:12,21.94,0.22,171.93,11.1,corridor,21.28,fog,7.725,6.246,39.98,41.02,world
334.02,2026-08-29 03:40:12,21.94,0.22,171.93,11.1,corridor,21.30,fog,7.725,6.246,39.99,41.02,world
334.52,2026-08-29 03:40:13,21.95,0.21,171.91,11.1,corridor,21.32,fog,7.709,6.332,40.05,41.01,world
335.02,2026-08-29 03:40:13,21.95,0.21,171.92,11.1,corridor,21.34,fog,7.709,6.332,40.06,41.01,world
335.52,2026-08-29 03:40:14,21.94,0.21,171.92,11.1,corridor,21.36,fog,9.085,7.147,40.06,41.01,world
336.02,2026-08-29 03:40:14,21.94,0.22,171.92,11.1,corridor,21.38,fog,9.085,7.147,40.07,41.01,world
336.52,2026-08-29 03:40:15,21.94,0.22,171.93,11.1,corridor,21.40,fog,10.190,7.836,40.08,41.02,world
337.02,2026-08-29 03:40:15,21.94,0.22,171.93,11.1,corridor,21.42,fog,10.190,7.836,40.09,41.02,world
337.52,2026-08-29 03:40:16,21.94,0.22,171.92,11.1,corridor,21.44,fog,10.611,8.543,40.12,41.01,world
338.02,2026-08-29 03:40:17,21.94,0.22,171.92,11.1,corridor,21.46,fog,10.611,8.543,40.14,41.01,world
338.52,2026-08-29 03:40:17,21.94,0.22,171.93,11.1,corridor,21.48,fog,10.748,7.415,40.15,41.02,world
339.02,2026-08-29 03:40:17,21.94,0.21,171.92,11.1,corridor,21.50,fog,10.748,7.415,40.17,41.01,world
339.52,2026-08-29 03:40:18,21.94,0.22,171.92,11.1,corridor,21.52,fog,10.368,8.079,40.18,41.02,world
340.02,2026-08-29 03:40:18,21.94,0.22,171.93,11.1,corridor,21.54,fog,10.368,8.079,40.19,41.02,world
340.52,2026-08-29 03:40:19,21.94,0.22,171.93,11.1,corridor,21.56,fog,12.833,8.490,40.20,41.02,world
341.02,2026-08-29 03:40:20,21.94,0.23,171.93,11.1,corridor,21.58,fog,12.833,8.490,40.21,41.02,world
341.52,2026-08-29 03:40:20,21.94,0.21,171.92,11.1,corridor,21.60,fog,11.907,8.162,40.24,41.01,world
342.02,2026-08-29 03:40:20,21.94,0.21,171.92,11.1,corridor,21.62,fog,11.907,8.162,40.25,41.01,world
342.52,2026-08-29 03:40:21,21.94,0.22,171.93,11.1,corridor,21.64,fog,12.409,8.417,40.26,41.02,world
343.02,2026-08-29 03:40:21,21.94,0.23,171.93,11.1,corridor,21.66,fog,12.409,8.417,40.27,41.02,world
343.52,2026-08-29 03:40:22,21.94,0.22,171.93,11.1,corridor,21.68,fog,13.703,8.632,40.28,41.02,world
344.02,2026-08-29 03:40:22,21.94,0.22,171.93,11.1,corridor,21.70,fog,13.703,8.632,40.30,41.02,world
344.52,2026-08-29 03:40:23,21.95,0.21,171.91,11.1,corridor,21.72,fog,12.404,15.131,40.34,41.01,world
345.02,2026-08-29 03:40:23,21.95,0.21,171.91,11.1,corridor,21.74,fog,12.404,15.131,40.35,41.01,world
345.52,2026-08-29 03:40:24,21.95,0.20,171.91,11.1,corridor,21.76,fog,11.162,8.130,40.40,41.00,world
346.02,2026-08-29 03:40:24,21.96,0.19,171.89,11.1,corridor,21.78,fog,11.162,8.130,40.43,41.00,world
346.52,2026-08-29 03:40:25,21.95,0.21,171.91,11.1,corridor,21.80,fog,11.800,8.463,40.47,41.01,world
347.02,2026-08-29 03:40:25,21.95,0.21,171.91,11.1,corridor,21.82,fog,11.800,8.463,40.53,41.01,world
347.52,2026-08-29 03:40:26,21.95,0.21,171.91,11.1,corridor,21.84,fog,10.355,7.234,40.54,41.01,world
348.02,2026-08-29 03:40:26,21.95,0.20,171.91,11.1,corridor,21.86,fog,10.355,7.234,40.59,41.01,world
348.52,2026-08-29 03:40:27,21.95,0.21,171.91,11.1,corridor,21.88,fog,11.921,23.542,40.60,41.01,world
349.02,2026-08-29 03:40:27,21.95,0.21,171.91,11.1,corridor,21.90,fog,11.921,23.542,40.65,41.01,world
349.52,2026-08-29 03:40:28,21.95,0.19,171.89,11.1,corridor,21.92,fog,11.057,8.333,40.68,41.00,world
350.02,2026-08-29 03:40:29,21.95,0.21,171.91,11.1,corridor,21.94,fog,11.057,8.333,40.72,41.01,world
350.52,2026-08-29 03:40:29,21.95,0.20,171.91,11.1,corridor,21.96,fog,10.348,8.255,40.77,41.01,world
351.02,2026-08-29 03:40:29,21.95,0.21,171.91,11.1,corridor,21.98,fog,10.348,8.255,40.78,41.01,world
351.52,2026-08-29 03:40:30,21.95,0.20,171.91,11.1,corridor,22.00,fog,11.871,8.818,40.83,41.01,world
352.02,2026-08-29 03:40:31,21.95,0.21,171.92,11.1,corridor,22.02,fog,11.871,8.818,40.84,41.01,world
352.52,2026-08-29 03:40:31,21.95,0.21,171.91,11.1,corridor,22.04,fog,13.888,9.913,40.89,41.01,world
353.02,2026-08-29 03:40:31,21.95,0.20,171.90,11.1,corridor,22.06,fog,13.888,9.913,40.93,41.00,world
353.52,2026-08-29 03:40:32,21.95,0.20,171.91,11.1,corridor,22.08,fog,12.720,9.686,40.95,41.01,world
354.02,2026-08-29 03:40:32,21.95,0.20,171.91,11.1,corridor,22.10,fog,12.720,9.686,41.01,41.01,world
354.52,2026-08-29 03:40:33,21.95,0.21,171.92,11.1,corridor,22.12,fog,10.893,7.664,41.01,41.01,world
355.02,2026-08-29 03:40:34,21.95,0.21,171.91,11.1,corridor,22.14,fog,10.893,7.664,41.08,41.01,world
355.52,2026-08-29 03:40:34,21.94,0.21,171.92,11.1,corridor,22.16,fog,11.900,9.212,41.08,41.01,world
356.02,2026-08-29 03:40:35,21.94,0.22,171.92,11.1,corridor,22.18,fog,11.900,9.212,41.09,41.01,world
356.52,2026-08-29 03:40:35,21.94,0.22,171.92,11.1,corridor,22.20,fog,11.960,7.730,41.10,41.02,world
357.02,2026-08-29 03:40:35,21.94,0.22,171.93,11.1,corridor,22.22,fog,11.960,7.730,41.11,41.02,world
357.52,2026-08-29 03:40:36,21.94,0.23,171.94,11.1,corridor,22.24,fog,14.676,9.686,41.12,41.02,world
358.02,2026-08-29 03:40:37,21.95,0.21,171.91,11.1,corridor,22.26,fog,14.676,9.686,41.18,41.01,world
358.52,2026-08-29 03:40:37,21.95,0.21,171.92,11.1,corridor,22.28,fog,10.925,8.379,41.19,41.01,world
359.02,2026-08-29 03:40:38,21.94,0.21,171.92,11.1,corridor,22.30,fog,10.925,8.379,41.19,41.01,world
359.52,2026-08-29 03:40:38,21.94,0.22,171.92,11.1,corridor,22.32,fog,12.834,8.609,41.20,41.01,world
360.02,2026-08-29 03:40:38,21.94,0.22,171.93,11.1,corridor,22.34,fog,12.834,8.609,41.21,41.02,world
360.52,2026-08-29 03:40:39,21.94,0.22,171.92,11.1,corridor,22.36,fog,13.789,9.835,41.24,41.01,world
361.02,2026-08-29 03:40:39,21.94,0.22,171.93,11.1,corridor,22.38,fog,13.789,9.835,41.24,41.02,world
361.52,2026-08-29 03:40:40,21.94,0.22,171.93,11.1,corridor,22.40,fog,34.670,7.523,41.25,41.02,world
362.02,2026-08-29 03:40:41,21.94,0.22,171.93,11.1,corridor,22.42,fog,34.670,7.523,41.27,41.02,world
362.52,2026-08-29 03:40:41,21.95,0.21,171.91,11.1,corridor,22.44,fog,10.115,7.885,41.31,41.01,world
363.02,2026-08-29 03:40:41,21.95,0.21,171.91,11.1,corridor,22.46,fog,10.115,7.885,41.32,41.01,world
363.52,2026-08-29 03:40:42,21.95,0.20,171.91,11.1,corridor,22.48,fog,10.385,8.393,41.38,41.01,world
364.02,2026-08-29 03:40:42,21.95,0.21,171.91,11.1,corridor,22.50,fog,10.385,8.393,41.38,41.01,world
364.52,2026-08-29 03:40:43,21.95,0.20,171.91,11.1,corridor,22.52,fog,11.280,7.718,41.44,41.01,world
365.02,2026-08-29 03:40:43,21.95,0.21,171.92,11.1,corridor,22.54,fog,11.280,7.718,41.44,41.01,world
365.52,2026-08-29 03:40:44,21.95,0.21,171.91,11.1,corridor,22.56,fog,10.477,7.575,41.50,41.01,world
366.02,2026-08-29 03:40:45,21.95,0.20,171.90,11.1,corridor,22.58,fog,10.477,7.575,41.53,41.00,world
366.52,2026-08-29 03:40:45,21.95,0.21,171.91,11.1,corridor,22.60,fog,11.183,7.661,41.56,41.01,world
367.02,2026-08-29 03:40:46,21.95,0.20,171.91,11.1,corridor,22.62,fog,11.183,7.661,41.61,41.01,world
367.52,2026-08-29 03:40:46,21.95,0.21,171.91,11.1,corridor,22.64,fog,13.125,8.316,41.62,41.01,world
368.02,2026-08-29 03:40:47,21.95,0.21,171.91,11.1,corridor,22.66,fog,13.125,8.316,41.67,41.01,world
368.52,2026-08-29 03:40:47,21.95,0.21,171.91,11.1,corridor,22.68,fog,10.663,8.337,41.69,41.01,world
369.02,2026-08-29 03:40:47,21.95,0.21,171.91,11.1,corridor,22.70,fog,10.663,8.337,41.73,41.01,world
369.52,2026-08-29 03:40:48,21.95,0.20,171.90,11.1,corridor,22.72,fog,10.053,8.222,41.77,41.00,world
370.02,2026-08-29 03:40:49,21.95,0.21,171.91,11.1,corridor,22.74,fog,10.053,8.222,41.79,41.01,world
370.52,2026-08-29 03:40:49,21.95,0.21,171.91,11.1,corridor,22.76,fog,11.507,8.041,41.84,41.01,world
371.02,2026-08-29 03:40:49,21.95,0.21,171.91,11.1,corridor,22.78,fog,11.507,8.041,41.85,41.01,world
371.52,2026-08-29 03:40:50,21.95,0.20,171.91,11.1,corridor,22.80,fog,11.550,8.509,41.90,41.01,world
372.02,2026-08-29 03:40:50,21.95,0.21,171.91,11.1,corridor,22.82,fog,11.550,8.509,41.91,41.01,world
372.52,2026-08-29 03:40:51,21.95,0.21,171.92,11.1,corridor,22.84,fog,13.903,10.163,41.92,41.01,world
373.02,2026-08-29 03:40:51,21.94,0.21,171.92,11.1,corridor,22.86,fog,13.903,10.163,41.93,41.01,world
373.52,2026-08-29 03:40:52,21.94,0.22,171.92,11.1,corridor,22.88,fog,11.633,10.890,41.93,41.01,world
374.02,2026-08-29 03:40:53,21.94,0.22,171.93,11.1,corridor,22.90,fog,11.633,10.890,41.94,41.02,world
374.52,2026-08-29 03:40:53,21.94,0.23,171.93,11.1,corridor,22.92,fog,11.012,8.940,41.95,41.02,world
375.02,2026-08-29 03:40:53,21.94,0.22,171.93,11.1,corridor,22.94,fog,11.012,8.940,41.97,41.02,world
375.52,2026-08-29 03:40:54,21.94,0.22,171.93,11.1,corridor,22.96,fog,10.404,8.175,41.98,41.02,world
376.02,2026-08-29 03:40:54,21.93,0.24,171.95,11.1,corridor,22.98,fog,10.404,8.175,42.01,41.03,world
376.52,2026-08-29 03:40:55,21.94,0.22,171.92,11.1,corridor,23.00,fog,15.532,9.701,42.05,41.01,world
377.02,2026-08-29 03:40:56,21.94,0.22,171.93,11.1,corridor,23.02,fog,15.532,9.701,42.06,41.02,world
377.52,2026-08-29 03:40:56,21.94,0.22,171.93,11.1,corridor,23.04,fog,10.234,8.466,42.07,41.02,world
378.02,2026-08-29 03:40:56,21.94,0.22,171.92,11.1,corridor,23.06,fog,10.234,8.466,42.09,41.01,world
378.52,2026-08-29 03:40:57,21.94,0.22,171.93,11.1,corridor,23.08,fog,12.351,8.745,42.10,41.02,world
379.02,2026-08-29 03:40:57,21.94,0.21,171.92,11.1,corridor,23.10,fog,12.351,8.745,42.12,41.01,world
379.52,2026-08-29 03:40:58,21.94,0.22,171.92,11.1,corridor,23.12,fog,9.251,6.992,42.13,41.02,world
380.02,2026-08-29 03:40:58,21.94,0.22,171.93,11.1,corridor,23.14,fog,9.251,6.992,42.14,41.02,world
380.52,2026-08-29 03:40:59,21.94,0.22,171.93,11.1,corridor,23.16,fog,11.184,8.177,42.15,41.02,world
381.02,2026-08-29 03:40:59,21.94,0.23,171.94,11.1,corridor,23.18,fog,11.184,8.177,42.16,41.02,world
381.52,2026-08-29 03:41:00,21.95,0.22,171.91,11.1,corridor,23.20,fog,11.225,8.674,42.20,41.02,world
382.02,2026-08-29 03:41:00,21.95,0.21,171.91,11.1,corridor,23.22,fog,11.225,8.674,42.24,41.01,world
382.52,2026-08-29 03:41:01,21.95,0.21,171.91,11.1,corridor,23.24,fog,9.562,7.688,42.30,41.01,world
383.02,2026-08-29 03:41:01,21.95,0.21,171.91,11.1,corridor,23.26,fog,9.562,7.688,42.31,41.01,world
383.52,2026-08-29 03:41:02,21.94,0.21,171.92,11.1,corridor,23.28,fog,10.141,7.993,42.31,41.01,world
384.02,2026-08-29 03:41:02,21.94,0.22,171.92,11.1,corridor,23.30,fog,10.141,7.993,42.32,41.01,world
384.52,2026-08-29 03:41:03,21.94,0.22,171.93,11.1,corridor,23.32,fog,10.200,7.434,42.33,41.02,world
385.02,2026-08-29 03:41:03,21.94,0.22,171.93,11.1,corridor,23.34,fog,10.200,7.434,42.34,41.02,world
385.52,2026-08-29 03:41:04,21.95,0.21,171.91,11.1,corridor,23.36,fog,9.331,7.522,42.40,41.01,world
386.02,2026-08-29 03:41:04,21.95,0.21,171.92,11.1,corridor,23.38,fog,9.331,7.522,42.41,41.01,world
386.52,2026-08-29 03:41:05,21.94,0.21,171.92,11.1,corridor,23.40,fog,10.541,7.637,42.41,41.01,world
387.02,2026-08-29 03:41:05,21.94,0.22,171.92,11.1,corridor,23.42,fog,10.541,7.637,42.42,41.01,world
387.52,2026-08-29 03:41:06,21.94,0.22,171.93,11.1,corridor,23.44,fog,9.316,7.754,42.43,41.02,world
388.02,2026-08-29 03:41:06,21.94,0.22,171.92,11.1,corridor,23.46,fog,9.316,7.754,42.46,41.01,world
388.52,2026-08-29 03:41:07,21.94,0.22,171.93,11.1,corridor,23.48,fog,10.216,7.441,42.47,41.02,world
389.02,2026-08-29 03:41:08,21.94,0.22,171.93,11.1,corridor,23.50,fog,10.216,7.441,42.48,41.02,world
389.52,2026-08-29 03:41:08,21.95,0.20,171.91,11.1,corridor,23.52,fog,9.565,7.551,42.52,41.01,world
390.02,2026-08-29 03:41:08,21.95,0.21,171.92,11.1,corridor,23.54,fog,9.565,7.551,42.53,41.01,world
390.52,2026-08-29 03:41:09,21.95,0.21,171.91,11.1,corridor,23.56,fog,9.929,7.551,42.58,41.01,world
391.02,2026-08-29 03:41:09,21.95,0.21,171.92,11.1,corridor,23.58,fog,9.929,7.551,42.59,41.01,world
391.52,2026-08-29 03:41:10,21.95,0.21,171.91,11.1,corridor,23.60,fog,10.620,7.590,42.64,41.01,world
392.02,2026-08-29 03:41:10,21.95,0.20,171.90,11.1,corridor,23.62,fog,10.620,7.590,42.68,41.00,world
392.52,2026-08-29 03:41:11,21.95,0.21,171.91,11.1,corridor,23.64,fog,11.015,7.709,42.70,41.01,world
393.02,2026-08-29 03:41:11,21.94,0.21,171.92,11.1,corridor,23.66,fog,11.015,7.709,42.71,41.01,world
393.52,2026-08-29 03:41:12,21.94,0.21,171.92,11.1,corridor,23.68,fog,9.820,7.533,42.71,41.01,world
394.02,2026-08-29 03:41:12,21.94,0.22,171.92,11.1,corridor,23.70,fog,9.820,7.533,42.72,41.02,world
394.52,2026-08-29 03:41:13,21.94,0.22,171.93,11.1,corridor,23.72,fog,9.693,7.398,42.73,41.02,world
395.02,2026-08-29 03:41:13,21.94,0.22,171.93,11.1,corridor,23.74,fog,9.693,7.398,42.75,41.02,world
395.52,2026-08-29 03:41:14,21.94,0.21,171.92,11.1,corridor,23.76,fog,11.021,7.532,42.77,41.01,world
396.02,2026-08-29 03:41:14,21.94,0.22,171.92,11.1,corridor,23.78,fog,11.021,7.532,42.79,41.01,world
396.52,2026-08-29 03:41:15,21.94,0.22,171.93,11.1,corridor,23.80,fog,9.780,8.054,42.80,41.02,world
397.02,2026-08-29 03:41:15,21.94,0.22,171.93,11.1,corridor,23.82,fog,9.780,8.054,42.82,41.02,world
397.52,2026-08-29 03:41:16,21.95,0.21,171.91,11.1,corridor,23.84,fog,10.638,7.569,42.86,41.01,world
398.02,2026-08-29 03:41:16,21.95,0.19,171.89,11.1,corridor,23.86,fog,10.638,7.569,42.90,41.00,world
398.52,2026-08-29 03:41:17,21.95,0.21,171.91,11.1,corridor,23.88,fog,10.630,8.309,42.93,41.01,world
399.02,2026-08-29 03:41:18,21.95,0.21,171.91,11.1,corridor,23.90,fog,10.630,8.309,42.98,41.01,world
399.52,2026-08-29 03:41:18,21.95,0.21,171.91,11.1,corridor,23.92,fog,10.486,7.872,42.99,41.01,world
400.02,2026-08-29 03:41:18,21.95,0.20,171.91,11.1,corridor,23.94,fog,10.486,7.872,43.04,41.01,world
400.52,2026-08-29 03:41:19,21.95,0.21,171.92,11.1,corridor,23.96,fog,10.649,7.804,43.05,41.01,world
401.02,2026-08-29 03:41:19,21.95,0.21,171.91,11.1,corridor,23.98,fog,10.649,7.804,43.10,41.01,world
401.52,2026-08-29 03:41:20,21.95,0.19,171.89,11.1,corridor,24.00,fog,10.902,7.989,43.14,41.00,world
402.02,2026-08-29 03:41:20,21.95,0.21,171.91,11.1,corridor,0.02,fog,10.902,7.989,43.17,41.01,world
402.52,2026-08-29 03:41:21,21.95,0.20,171.91,11.1,corridor,0.04,fog,7.618,7.515,43.22,41.01,world
403.02,2026-08-29 03:41:21,21.95,0.21,171.91,11.1,corridor,0.06,fog,7.618,7.515,43.23,41.01,world
403.52,2026-08-29 03:41:22,21.95,0.20,171.91,11.1,corridor,0.08,fog,7.841,6.732,43.28,41.01,world
404.02,2026-08-29 03:41:22,21.95,0.21,171.91,11.1,corridor,0.10,fog,7.841,6.732,43.29,41.01,world
404.52,2026-08-29 03:41:23,21.95,0.21,171.91,11.1,corridor,0.12,fog,9.238,7.545,43.34,41.01,world
405.02,2026-08-29 03:41:23,21.95,0.20,171.90,11.1,corridor,0.14,fog,9.238,7.545,43.38,41.00,world
405.52,2026-08-29 03:41:24,21.95,0.21,171.91,11.1,corridor,0.16,fog,8.917,7.017,43.40,41.01,world
406.02,2026-08-29 03:41:24,21.95,0.20,171.91,11.1,corridor,0.18,fog,8.917,7.017,43.45,41.01,world
406.52,2026-08-29 03:41:25,21.95,0.21,171.92,11.1,corridor,0.20,fog,6.498,6.414,43.46,41.01,world
407.02,2026-08-29 03:41:25,21.95,0.21,171.91,11.1,corridor,0.22,fog,6.498,6.414,43.52,41.01,world
407.52,2026-08-29 03:41:26,21.95,0.21,171.92,11.1,corridor,0.24,fog,6.538,5.986,43.53,41.01,world
408.02,2026-08-29 03:41:26,21.94,0.21,171.92,11.1,corridor,0.26,fog,6.538,5.986,43.54,41.01,world
408.52,2026-08-29 03:41:27,21.94,0.22,171.92,11.1,corridor,0.28,fog,6.230,6.704,43.55,41.01,world
409.02,2026-08-29 03:41:27,21.94,0.22,171.93,11.1,corridor,0.30,fog,6.230,6.704,43.55,41.02,world
409.52,2026-08-29 03:41:28,21.94,0.22,171.93,11.1,corridor,0.32,fog,6.212,6.257,43.56,41.02,world
410.02,2026-08-29 03:41:28,21.95,0.21,171.91,11.1,corridor,0.34,fog,6.212,6.257,43.60,41.01,world
410.52,2026-08-29 03:41:29,21.94,0.21,171.92,11.1,corridor,0.36,fog,8.572,7.501,43.61,41.01,world
411.02,2026-08-29 03:41:29,21.94,0.22,171.92,11.1,corridor,0.38,fog,8.572,7.501,43.61,41.01,world
411.52,2026-08-29 03:41:30,21.94,0.22,171.93,11.1,corridor,0.40,fog,8.991,6.615,43.62,41.02,world
412.02,2026-08-29 03:41:30,21.94,0.22,171.93,11.1,corridor,0.42,fog,8.991,6.615,43.63,41.02,world
412.52,2026-08-29 03:41:31,21.94,0.22,171.92,11.1,corridor,0.44,fog,9.500,7.853,43.66,41.01,world
413.02,2026-08-29 03:41:31,21.95,0.21,171.91,11.1,corridor,0.46,fog,9.500,7.853,43.70,41.01,world
413.52,2026-08-29 03:41:32,21.94,0.21,171.92,11.1,corridor,0.48,fog,9.529,7.437,43.71,41.01,world
414.02,2026-08-29 03:41:32,21.95,0.21,171.91,11.1,corridor,0.50,fog,9.529,7.437,43.77,41.01,world
414.52,2026-08-29 03:41:33,21.94,0.21,171.92,11.1,corridor,0.52,fog,9.286,7.992,43.78,41.01,world
415.02,2026-08-29 03:41:34,21.94,0.21,171.92,11.1,corridor,0.54,fog,9.286,7.992,43.79,41.01,world
415.52,2026-08-29 03:41:34,21.94,0.22,171.93,11.1,corridor,0.56,fog,11.419,9.317,43.79,41.02,world
416.02,2026-08-29 03:41:34,21.94,0.22,171.93,11.1,corridor,0.58,fog,11.419,9.317,43.80,41.02,world
416.52,2026-08-29 03:41:35,21.95,0.20,171.91,11.1,corridor,0.60,fog,10.077,7.519,43.86,41.01,world
417.02,2026-08-29 03:41:36,21.95,0.21,171.92,11.1,corridor,0.62,fog,10.077,7.519,43.87,41.01,world
417.52,2026-08-29 03:41:36,21.95,0.21,171.91,11.1,corridor,0.64,fog,11.140,7.330,43.92,41.01,world
418.02,2026-08-29 03:41:37,21.95,0.20,171.90,11.1,corridor,0.66,fog,11.140,7.330,43.96,41.00,world
418.52,2026-08-29 03:41:37,21.95,0.21,171.91,11.1,corridor,0.68,fog,10.742,7.442,43.98,41.01,world
419.02,2026-08-29 03:41:37,21.95,0.20,171.91,11.1,corridor,0.70,fog,10.742,7.442,44.03,41.01,world
419.52,2026-08-29 03:41:38,21.95,0.21,171.91,11.1,corridor,0.72,fog,11.266,6.978,44.04,41.01,world
420.02,2026-08-29 03:41:38,21.95,0.21,171.91,11.1,corridor,0.74,fog,11.266,6.978,44.09,41.01,world
420.52,2026-08-29 03:41:39,21.95,0.21,171.91,11.1,corridor,0.76,fog,8.929,7.009,44.11,41.01,world
421.02,2026-08-29 03:41:40,21.95,0.21,171.91,11.1,corridor,0.78,fog,8.929,7.009,44.16,41.01,world
421.52,2026-08-29 03:41:40,21.95,0.20,171.90,11.1,corridor,0.80,fog,9.669,7.204,44.20,41.00,world
422.02,2026-08-29 03:41:40,21.95,0.21,171.91,11.1,corridor,0.82,fog,9.669,7.204,44.22,41.01,world
422.52,2026-08-29 03:41:41,21.95,0.21,171.91,11.1,corridor,0.84,fog,10.525,7.883,44.27,41.01,world
423.02,2026-08-29 03:41:41,21.95,0.21,171.91,11.1,corridor,0.86,fog,10.525,7.883,44.28,41.01,world
423.52,2026-08-29 03:41:42,21.95,0.21,171.91,11.1,corridor,0.88,fog,8.931,7.265,44.33,41.01,world
424.02,2026-08-29 03:41:42,21.95,0.21,171.92,11.1,corridor,0.90,fog,8.931,7.265,44.34,41.01,world
424.52,2026-08-29 03:41:43,21.94,0.21,171.92,11.1,corridor,0.92,fog,10.287,7.520,44.35,41.01,world
425.02,2026-08-29 03:41:43,21.94,0.22,171.92,11.1,corridor,0.94,fog,10.287,7.520,44.35,41.01,world
425.52,2026-08-29 03:41:44,21.94,0.22,171.93,11.1,corridor,0.96,fog,11.177,7.680,44.36,41.02,world
426.02,2026-08-29 03:41:45,21.95,0.20,171.91,11.1,corridor,0.98,fog,11.177,7.680,44.40,41.01,world
426.52,2026-08-29 03:41:45,21.95,0.21,171.91,11.1,corridor,1.00,fog,8.882,7.350,44.41,41.01,world
427.02,2026-08-29 03:41:45,21.95,0.21,171.91,11.1,corridor,1.02,fog,8.882,7.350,44.46,41.00,world
427.52,2026-08-29 03:41:46,21.96,0.19,171.89,11.1,corridor,1.04,fog,13.038,9.711,44.50,41.00,world
428.02,2026-08-29 03:41:46,21.95,0.21,171.91,11.1,corridor,1.06,fog,13.038,9.711,44.53,41.01,world
428.52,2026-08-29 03:41:47,21.95,0.20,171.91,11.1,corridor,1.08,fog,8.876,7.482,44.59,41.01,world
429.02,2026-08-29 03:41:47,21.95,0.21,171.91,11.1,corridor,1.10,fog,8.876,7.482,44.60,41.01,world
429.52,2026-08-29 03:41:48,21.94,0.21,171.92,11.1,corridor,1.12,fog,8.259,6.325,44.61,41.01,world
430.02,2026-08-29 03:41:48,21.94,0.21,171.92,11.1,corridor,1.14,fog,8.259,6.325,44.62,41.01,world
430.52,2026-08-29 03:41:49,21.94,0.22,171.93,11.1,corridor,1.16,fog,8.105,6.133,44.63,41.02,world
431.02,2026-08-29 03:41:49,21.94,0.22,171.93,11.1,corridor,1.18,fog,8.105,6.133,44.64,41.02,world
431.52,2026-08-29 03:41:50,21.94,0.22,171.93,11.1,corridor,1.20,fog,9.607,7.840,44.66,41.02,world
432.02,2026-08-29 03:41:50,21.94,0.22,171.93,11.1,corridor,1.22,fog,9.607,7.840,44.67,41.02,world
432.52,2026-08-29 03:41:51,21.94,0.22,171.93,11.1,corridor,1.24,fog,9.426,7.016,44.68,41.02,world
433.02,2026-08-29 03:41:51,21.94,0.22,171.93,11.1,corridor,1.26,fog,9.426,7.016,44.70,41.02,world
433.52,2026-08-29 03:41:52,21.94,0.22,171.93,11.1,corridor,1.28,fog,11.282,7.779,44.71,41.02,world
434.02,2026-08-29 03:41:52,21.94,0.22,171.93,11.1,corridor,1.30,fog,11.282,7.779,44.72,41.02,world
434.52,2026-08-29 03:41:53,21.94,0.22,171.93,11.1,corridor,1.32,fog,10.689,8.196,44.73,41.02,world
435.02,2026-08-29 03:41:53,21.95,0.21,171.91,11.1,corridor,1.34,fog,10.689,8.196,44.78,41.01,world
435.52,2026-08-29 03:41:54,21.95,0.21,171.91,11.1,corridor,1.36,fog,10.494,7.557,44.84,41.01,world
436.02,2026-08-29 03:41:54,21.94,0.21,171.92,11.1,corridor,1.38,fog,10.494,7.557,44.85,41.01,world
436.52,2026-08-29 03:41:55,21.95,0.21,171.91,11.1,corridor,1.40,fog,11.284,8.448,44.91,41.01,world
437.02,2026-08-29 03:41:55,21.94,0.21,171.92,11.1,corridor,1.42,fog,11.284,8.448,44.92,41.01,world
437.52,2026-08-29 03:41:56,21.94,0.21,171.92,11.1,corridor,1.44,fog,11.305,7.719,44.93,41.01,world
438.02,2026-08-29 03:41:56,21.94,0.22,171.93,11.1,corridor,1.46,fog,11.305,7.719,44.94,41.02,world
438.52,2026-08-29 03:41:57,21.94,0.22,171.93,11.1,corridor,1.48,fog,11.905,7.794,44.94,41.02,world
439.02,2026-08-29 03:41:57,21.94,0.22,171.93,11.1,corridor,1.50,fog,11.905,7.794,44.96,41.02,world
439.52,2026-08-29 03:41:58,21.94,0.22,171.93,11.1,corridor,1.52,fog,6.528,6.143,44.97,41.02,world
440.02,2026-08-29 03:41:58,21.94,0.23,171.93,11.1,corridor,1.54,fog,6.528,6.143,44.98,41.02,world
440.52,2026-08-29 03:41:59,21.94,0.22,171.93,11.1,corridor,1.56,fog,7.850,6.863,45.01,41.02,world
441.02,2026-08-29 03:41:59,21.94,0.22,171.93,11.1,corridor,1.58,fog,7.850,6.863,45.02,41.02,world
441.52,2026-08-29 03:42:00,21.95,0.20,171.91,11.1,corridor,1.60,fog,9.217,8.386,45.05,41.01,world
442.02,2026-08-29 03:42:00,21.95,0.21,171.91,11.1,corridor,1.62,fog,9.217,8.386,45.06,41.01,world
442.52,2026-08-29 03:42:01,21.95,0.21,171.91,11.1,corridor,1.64,fog,8.266,7.146,45.12,41.01,world
443.02,2026-08-29 03:42:01,21.95,0.21,171.92,11.1,corridor,1.66,fog,8.266,7.146,45.12,41.01,world
443.52,2026-08-29 03:42:02,21.95,0.21,171.91,11.1,corridor,1.68,fog,9.561,8.460,45.18,41.01,world
444.02,2026-08-29 03:42:03,21.95,0.20,171.90,11.1,corridor,1.70,fog,9.561,8.460,45.22,41.00,world
444.52,2026-08-29 03:42:03,21.95,0.21,171.91,11.1,corridor,1.72,fog,8.278,6.729,45.24,41.01,world
445.02,2026-08-29 03:42:03,21.95,0.20,171.91,11.1,corridor,1.74,fog,8.278,6.729,45.29,41.01,world
445.52,2026-08-29 03:42:04,21.95,0.21,171.91,11.1,corridor,1.76,fog,7.222,6.348,45.30,41.01,world
446.02,2026-08-29 03:42:04,21.95,0.21,171.91,11.1,corridor,1.78,fog,7.222,6.348,45.35,41.01,world
446.52,2026-08-29 03:42:05,21.95,0.21,171.91,11.1,corridor,1.80,fog,8.368,6.677,45.37,41.01,world
447.02,2026-08-29 03:42:05,21.95,0.21,171.91,11.1,corridor,1.82,fog,8.368,6.677,45.41,41.01,world
447.52,2026-08-29 03:42:06,21.95,0.20,171.90,11.1,corridor,1.84,fog,11.970,8.237,45.45,41.00,world
448.02,2026-08-29 03:42:06,21.95,0.21,171.91,11.1,corridor,1.86,fog,11.970,8.237,45.47,41.01,world
448.52,2026-08-29 03:42:07,21.95,0.21,171.91,11.1,corridor,1.88,fog,7.492,6.630,45.52,41.01,world
449.02,2026-08-29 03:42:07,21.95,0.21,171.92,11.1,corridor,1.90,fog,7.492,6.630,45.53,41.01,world
449.52,2026-08-29 03:42:08,21.95,0.21,171.91,11.1,corridor,1.92,fog,7.846,6.627,45.58,41.01,world
450.02,2026-08-29 03:42:08,21.95,0.19,171.89,11.1,corridor,1.94,fog,7.846,6.627,45.61,41.00,world
450.52,2026-08-29 03:42:09,21.95,0.21,171.91,11.1,corridor,1.96,fog,7.422,6.646,45.64,41.01,world
451.02,2026-08-29 03:42:09,21.95,0.20,171.91,11.1,corridor,1.98,fog,7.422,6.646,45.70,41.01,world
451.52,2026-08-29 03:42:10,21.95,0.21,171.92,11.1,corridor,2.00,fog,7.759,6.503,45.71,41.01,world
452.02,2026-08-29 03:42:10,21.94,0.21,171.92,11.1,corridor,2.02,fog,7.759,6.503,45.72,41.01,world
452.52,2026-08-29 03:42:11,21.94,0.22,171.92,11.1,corridor,2.04,fog,9.335,6.788,45.73,41.01,world
453.02,2026-08-29 03:42:12,21.94,0.22,171.93,11.1,corridor,2.06,fog,9.335,6.788,45.73,41.02,world
453.52,2026-08-29 03:42:12,21.94,0.22,171.93,11.1,corridor,2.08,fog,10.493,7.390,45.75,41.02,world
454.02,2026-08-29 03:42:13,21.94,0.22,171.93,11.1,corridor,2.10,fog,11.694,8.074,45.76,41.02,world
454.52,2026-08-29 03:42:13,21.94,0.23,171.94,11.1,corridor,2.12,fog,11.694,8.074,45.78,41.02,world
455.02,2026-08-29 03:42:13,21.95,0.21,171.91,11.1,corridor,2.14,fog,11.694,8.074,45.86,41.01,world
455.52,2026-08-29 03:42:14,21.95,0.21,171.91,11.1,corridor,2.16,fog,8.073,7.643,45.91,41.01,world
456.02,2026-08-29 03:42:14,21.94,0.21,171.92,11.1,corridor,2.18,fog,8.073,7.643,45.92,41.01,world
456.52,2026-08-29 03:42:15,21.95,0.20,171.91,11.1,corridor,2.20,fog,6.769,6.651,45.98,41.01,world
457.02,2026-08-29 03:42:15,21.95,0.20,171.89,11.1,corridor,2.22,fog,6.769,6.651,46.02,41.00,world
457.52,2026-08-29 03:42:16,21.95,0.21,171.91,11.1,corridor,2.24,fog,7.794,7.108,46.05,41.01,world
458.02,2026-08-29 03:42:16,21.95,0.21,171.91,11.1,corridor,2.26,fog,7.794,7.108,46.11,41.01,world
458.52,2026-08-29 03:42:17,21.94,0.21,171.92,11.1,corridor,2.28,fog,8.421,6.546,46.11,41.01,world
459.02,2026-08-29 03:42:17,21.94,0.21,171.92,11.1,corridor,2.30,fog,8.421,6.546,46.12,41.01,world
459.52,2026-08-29 03:42:18,21.94,0.22,171.92,11.1,corridor,2.32,fog,6.878,6.740,46.13,41.01,world
460.02,2026-08-29 03:42:18,21.94,0.22,171.93,11.1,corridor,2.34,fog,6.878,6.740,46.14,41.02,world
460.52,2026-08-29 03:42:19,21.94,0.22,171.93,11.1,corridor,2.36,fog,7.527,6.303,46.15,41.02,world
461.02,2026-08-29 03:42:19,21.94,0.22,171.93,11.1,corridor,2.38,fog,7.527,6.303,46.17,41.02,world
461.52,2026-08-29 03:42:20,21.94,0.22,171.93,11.1,corridor,2.40,fog,7.971,6.828,46.18,41.02,world
462.02,2026-08-29 03:42:20,21.94,0.21,171.91,11.1,corridor,2.42,fog,7.971,6.828,46.24,41.01,world
462.52,2026-08-29 03:42:21,21.95,0.21,171.91,11.1,corridor,2.44,fog,8.795,6.775,46.30,41.01,world
463.02,2026-08-29 03:42:21,21.94,0.21,171.92,11.1,corridor,2.46,fog,8.795,6.775,46.30,41.01,world
463.52,2026-08-29 03:42:22,21.94,0.21,171.92,11.1,corridor,2.48,fog,7.569,6.227,46.31,41.01,world
464.02,2026-08-29 03:42:22,21.94,0.22,171.92,11.1,corridor,2.50,fog,7.569,6.227,46.32,41.01,world
464.52,2026-08-29 03:42:23,21.94,0.22,171.93,11.1,corridor,2.52,fog,7.011,6.824,46.33,41.02,world
465.02,2026-08-29 03:42:23,21.94,0.23,171.93,11.1,corridor,2.54,fog,7.011,6.824,46.34,41.02,world
465.52,2026-08-29 03:42:24,21.94,0.23,171.93,11.1,corridor,2.56,fog,6.957,6.550,46.36,41.02,world
466.02,2026-08-29 03:42:24,21.94,0.22,171.93,11.1,corridor,2.58,fog,6.957,6.550,46.37,41.02,world
466.52,2026-08-29 03:42:25,21.94,0.22,171.93,11.1,corridor,2.60,fog,8.231,6.317,46.39,41.02,world
467.02,2026-08-29 03:42:25,21.94,0.22,171.93,11.1,corridor,2.62,fog,8.231,6.317,46.40,41.02,world
467.52,2026-08-29 03:42:26,21.94,0.22,171.93,11.1,corridor,2.64,fog,7.328,6.566,46.42,41.02,world
468.02,2026-08-29 03:42:26,21.95,0.21,171.91,11.1,corridor,2.66,fog,7.328,6.566,46.47,41.01,world
468.52,2026-08-29 03:42:27,21.95,0.21,171.91,11.1,corridor,2.68,fog,8.149,6.621,46.48,41.01,world
469.02,2026-08-29 03:42:27,21.94,0.21,171.92,11.1,corridor,2.70,fog,8.149,6.621,46.49,41.01,world
469.52,2026-08-29 03:42:28,21.94,0.21,171.92,11.1,corridor,2.72,fog,9.343,6.358,46.50,41.01,world
470.02,2026-08-29 03:42:28,21.94,0.22,171.92,11.1,corridor,2.74,fog,9.343,6.358,46.51,41.02,world
470.52,2026-08-29 03:42:29,21.94,0.22,171.93,11.1,corridor,2.76,fog,7.506,6.147,46.52,41.02,world
471.02,2026-08-29 03:42:29,21.94,0.22,171.93,11.1,corridor,2.78,fog,7.506,6.147,46.53,41.02,world
471.52,2026-08-29 03:42:30,21.94,0.22,171.93,11.1,corridor,2.80,fog,7.474,6.736,46.54,41.02,world
472.02,2026-08-29 03:42:31,21.94,0.22,171.93,11.1,corridor,2.82,fog,7.474,6.736,46.56,41.02,world
472.52,2026-08-29 03:42:31,21.94,0.22,171.93,11.1,corridor,2.84,fog,8.509,7.351,46.57,41.02,world
473.02,2026-08-29 03:42:31,21.95,0.21,171.91,11.1,corridor,2.86,fog,8.509,7.351,46.63,41.01,world
473.52,2026-08-29 03:42:32,21.95,0.21,171.92,11.1,corridor,2.88,fog,9.689,8.554,46.64,41.01,world
474.02,2026-08-29 03:42:32,21.94,0.21,171.92,11.1,corridor,2.90,fog,9.689,8.554,46.65,41.01,world
474.52,2026-08-29 03:42:33,21.94,0.21,171.92,11.1,corridor,2.92,fog,7.409,7.458,46.65,41.01,world
475.02,2026-08-29 03:42:33,21.94,0.22,171.93,11.1,corridor,2.94,fog,7.409,7.458,46.66,41.02,world
475.52,2026-08-29 03:42:34,21.94,0.22,171.93,11.1,corridor,2.96,fog,7.236,6.323,46.67,41.02,world
476.02,2026-08-29 03:42:34,21.95,0.20,171.90,11.1,corridor,2.98,fog,7.236,6.323,46.72,41.00,world
476.52,2026-08-29 03:42:35,21.95,0.21,171.91,11.1,corridor,3.00,fog,7.210,7.291,46.74,41.01,world
477.02,2026-08-29 03:42:35,21.95,0.21,171.91,11.1,corridor,3.02,fog,7.210,7.291,46.79,41.01,world
477.52,2026-08-29 03:42:36,21.95,0.21,171.91,11.1,corridor,3.04,fog,8.109,6.308,46.80,41.01,world
478.02,2026-08-29 03:42:36,21.95,0.20,171.91,11.1,corridor,3.06,fog,8.109,6.308,46.85,41.01,world
478.52,2026-08-29 03:42:37,21.95,0.21,171.92,11.1,corridor,3.08,fog,7.997,6.807,46.86,41.01,world
479.02,2026-08-29 03:42:37,21.95,0.21,171.91,11.1,corridor,3.10,fog,7.997,6.807,46.91,41.01,world
479.52,2026-08-29 03:42:38,21.95,0.19,171.89,11.1,corridor,3.12,fog,7.495,6.123,46.94,41.00,world
480.02,2026-08-29 03:42:39,21.95,0.20,171.91,11.1,corridor,3.14,fog,7.495,6.123,46.97,41.01,world
480.52,2026-08-29 03:42:39,21.95,0.20,171.91,11.1,corridor,3.16,fog,12.520,7.522,47.03,41.01,world
481.02,2026-08-29 03:42:39,21.94,0.21,171.92,11.1,corridor,3.18,fog,12.520,7.522,47.04,41.01,world
481.52,2026-08-29 03:42:40,21.95,0.20,171.91,11.1,corridor,3.20,fog,10.697,7.845,47.10,41.01,world
482.02,2026-08-29 03:42:41,21.95,0.21,171.91,11.1,corridor,3.22,fog,10.697,7.845,47.11,41.01,world
482.52,2026-08-29 03:42:41,21.95,0.21,171.91,11.1,corridor,3.24,fog,10.119,6.898,47.16,41.01,world
483.02,2026-08-29 03:42:41,21.95,0.20,171.90,11.1,corridor,3.26,fog,10.119,6.898,47.20,41.00,world
483.52,2026-08-29 03:42:42,21.95,0.21,171.91,11.1,corridor,3.28,fog,8.387,6.982,47.22,41.01,world
484.02,2026-08-29 03:42:42,21.95,0.20,171.91,11.1,corridor,3.30,fog,8.387,6.982,47.27,41.01,world
484.52,2026-08-29 03:42:43,21.95,0.21,171.91,11.1,corridor,3.32,fog,9.069,7.605,47.28,41.01,world
485.02,2026-08-29 03:42:43,21.95,0.21,171.91,11.1,corridor,3.34,fog,9.069,7.605,47.33,41.01,world
485.52,2026-08-29 03:42:44,21.95,0.21,171.91,11.1,corridor,3.36,fog,8.403,7.322,47.35,41.01,world
486.02,2026-08-29 03:42:44,21.95,0.21,171.91,11.1,corridor,3.38,fog,8.403,7.322,47.39,41.01,world
486.52,2026-08-29 03:42:45,21.95,0.20,171.90,11.1,corridor,3.40,fog,7.055,6.659,47.43,41.00,world
487.02,2026-08-29 03:42:45,21.95,0.21,171.91,11.1,corridor,3.42,fog,7.055,6.659,47.45,41.01,world
487.52,2026-08-29 03:42:46,21.95,0.21,171.91,11.1,corridor,3.44,fog,7.851,6.349,47.50,41.01,world
488.02,2026-08-29 03:42:46,21.95,0.21,171.91,11.1,corridor,3.46,fog,7.851,6.349,47.51,41.01,world
488.52,2026-08-29 03:42:47,21.95,0.21,171.91,11.1,corridor,3.48,fog,8.143,6.570,47.56,41.01,world
489.02,2026-08-29 03:42:47,21.95,0.19,171.89,11.1,corridor,3.50,fog,8.143,6.570,47.60,41.00,world
489.52,2026-08-29 03:42:48,21.95,0.21,171.91,11.1,corridor,3.52,fog,8.650,6.605,47.62,41.01,world
490.02,2026-08-29 03:42:48,21.95,0.21,171.91,11.1,corridor,3.54,fog,8.650,6.605,47.68,41.01,world
490.52,2026-08-29 03:42:49,21.95,0.21,171.91,11.1,corridor,3.56,fog,6.908,6.846,47.68,41.01,world
491.02,2026-08-29 03:42:49,21.95,0.20,171.91,11.1,corridor,3.58,fog,6.908,6.846,47.74,41.01,world
491.52,2026-08-29 03:42:50,21.95,0.21,171.91,11.1,corridor,3.60,fog,6.786,8.446,47.74,41.01,world
492.02,2026-08-29 03:42:50,21.95,0.21,171.91,11.1,corridor,3.62,fog,6.786,8.446,47.79,41.01,world
492.52,2026-08-29 03:42:51,21.95,0.19,171.89,11.1,corridor,3.64,fog,7.185,6.843,47.83,41.00,world
493.02,2026-08-29 03:42:51,21.95,0.21,171.91,11.1,corridor,3.66,fog,7.185,6.843,47.86,41.01,world
493.52,2026-08-29 03:42:52,21.95,0.20,171.91,11.1,corridor,3.68,fog,5.792,6.478,47.91,41.01,world
494.02,2026-08-29 03:42:52,21.95,0.21,171.91,11.1,corridor,3.70,fog,5.792,6.478,47.92,41.01,world
494.52,2026-08-29 03:42:53,21.95,0.20,171.91,11.1,corridor,3.72,fog,7.472,6.045,47.97,41.01,world
495.02,2026-08-29 03:42:53,21.95,0.21,171.92,11.1,corridor,3.74,fog,7.472,6.045,47.97,41.01,world
495.52,2026-08-29 03:42:54,21.95,0.21,171.91,11.1,corridor,3.76,fog,6.388,6.265,48.03,41.01,world
496.02,2026-08-29 03:42:54,21.95,0.20,171.90,11.1,corridor,3.78,fog,6.388,6.265,48.06,41.00,world
496.52,2026-08-29 03:42:55,21.95,0.21,171.91,11.1,corridor,3.80,fog,7.080,6.504,48.09,41.01,world
497.02,2026-08-29 03:42:55,21.95,0.21,171.91,11.1,corridor,3.82,fog,7.080,6.504,48.14,41.01,world
497.53,2026-08-29 03:42:56,21.95,0.21,171.91,11.1,corridor,3.84,fog,6.914,6.229,48.15,41.01,world
498.03,2026-08-29 03:42:57,21.95,0.21,171.91,11.1,corridor,3.86,fog,6.156,6.009,48.15,41.01,world
498.53,2026-08-29 03:42:57,21.95,0.21,171.91,11.1,corridor,3.88,fog,6.156,6.009,48.15,41.01,world
499.03,2026-08-29 03:42:58,21.95,0.21,171.91,11.1,corridor,3.90,fog,6.156,6.009,48.15,41.01,world
499.53,2026-08-29 03:42:58,21.95,0.21,171.91,11.1,corridor,3.92,fog,7.479,6.519,48.15,41.01,world
500.03,2026-08-29 03:42:59,21.95,0.21,171.91,11.1,corridor,3.94,fog,7.144,6.015,48.15,41.01,world
500.53,2026-08-29 03:42:59,21.95,0.21,171.91,11.1,corridor,3.96,fog,7.144,6.015,48.15,41.01,world
501.03,2026-08-29 03:43:00,21.95,0.21,171.91,11.1,corridor,3.98,fog,8.311,5.842,48.15,41.01,world
501.53,2026-08-29 03:43:00,21.95,0.21,171.91,11.1,corridor,4.00,fog,8.311,5.842,48.15,41.01,world
502.03,2026-08-29 03:43:01,21.95,0.21,171.91,11.1,corridor,4.02,fog,10.045,10.695,48.15,41.01,world
502.53,2026-08-29 03:43:01,21.95,0.21,171.91,11.1,corridor,4.04,fog,10.045,10.695,48.15,41.01,world
503.23,2026-08-29 03:43:02,21.95,0.21,171.91,11.1,corridor,4.07,fog,7.121,6.132,48.15,41.01,world
503.93,2026-08-29 03:43:02,21.95,0.21,171.91,11.1,corridor,4.10,fog,7.121,6.132,48.15,41.01,world
504.63,2026-08-29 03:43:03,21.95,0.21,171.91,11.1,corridor,4.12,fog,7.554,6.258,48.15,41.01,world
505.33,2026-08-29 03:43:04,21.95,0.21,171.91,11.1,corridor,4.15,fog,7.763,6.162,48.15,41.01,world
505.83,2026-08-29 03:43:04,21.95,0.21,171.91,11.1,corridor,4.17,fog,7.763,6.162,48.15,41.01,world
506.57,2026-08-29 03:43:05,21.95,0.21,171.91,11.1,corridor,4.20,fog,7.501,6.479,48.15,41.01,world
507.07,2026-08-29 03:43:06,21.95,0.21,171.91,11.1,corridor,4.22,fog,8.446,6.836,48.15,41.01,world
507.77,2026-08-29 03:43:06,21.95,0.21,171.91,11.1,corridor,4.25,fog,8.446,6.836,48.15,41.01,world
508.47,2026-08-29 03:43:07,21.95,0.21,171.91,11.1,corridor,4.28,fog,7.738,6.995,48.15,41.01,world
509.17,2026-08-29 03:43:08,21.95,0.21,171.91,11.1,corridor,4.30,fog,7.150,6.084,48.15,41.01,world
509.88,2026-08-29 03:43:08,21.95,0.21,171.91,11.1,corridor,4.33,fog,7.150,6.084,48.15,41.01,world
510.38,2026-08-29 03:43:09,21.95,0.21,171.91,11.1,corridor,4.35,fog,8.526,6.353,48.15,41.01,world
510.88,2026-08-29 03:43:09,21.95,0.21,171.91,11.1,corridor,4.37,fog,8.526,6.353,48.15,41.01,world
511.38,2026-08-29 03:43:10,21.95,0.21,171.91,11.1,corridor,4.39,fog,8.415,6.426,48.15,41.01,world
511.88,2026-08-29 03:43:10,21.95,0.21,171.91,11.1,corridor,4.41,fog,8.415,6.426,48.15,41.01,world
512.38,2026-08-29 03:43:11,21.95,0.21,171.91,11.1,corridor,4.43,fog,7.128,6.301,48.15,41.01,world
512.88,2026-08-29 03:43:11,21.95,0.21,171.91,11.1,corridor,4.45,fog,7.128,6.301,48.15,41.01,world
513.38,2026-08-29 03:43:12,21.95,0.21,171.91,11.1,corridor,4.47,fog,10.577,7.642,48.15,41.01,world
513.88,2026-08-29 03:43:12,21.95,0.21,171.91,11.1,corridor,4.49,fog,10.577,7.642,48.15,41.01,world
514.38,2026-08-29 03:43:13,21.95,0.21,171.91,11.1,corridor,4.51,fog,10.634,6.679,48.15,41.01,world
514.88,2026-08-29 03:43:13,21.95,0.21,171.91,11.1,corridor,4.53,fog,10.634,6.679,48.15,41.01,world
515.38,2026-08-29 03:43:14,21.95,0.21,171.91,11.1,corridor,4.55,fog,9.049,6.958,48.15,41.01,world
515.88,2026-08-29 03:43:14,21.95,0.21,171.91,11.1,corridor,4.57,fog,9.049,6.958,48.15,41.01,world
516.38,2026-08-29 03:43:15,21.95,0.21,171.91,11.1,corridor,4.59,fog,8.340,6.123,48.15,41.01,world
516.88,2026-08-29 03:43:15,21.95,0.21,171.91,11.1,corridor,4.61,fog,8.340,6.123,48.15,41.01,world
517.38,2026-08-29 03:43:16,21.95,0.21,171.91,11.1,corridor,4.63,fog,8.076,6.272,48.15,41.01,world
517.88,2026-08-29 03:43:16,21.95,0.21,171.91,11.1,corridor,4.65,fog,8.076,6.272,48.15,41.01,world
518.38,2026-08-29 03:43:17,21.95,0.21,171.92,13.2,corridor,4.67,fog,7.638,6.261,48.15,41.01,world
518.88,2026-08-29 03:43:17,21.94,0.21,171.92,13.2,corridor,4.69,fog,7.638,6.261,48.16,41.01,world
519.38,2026-08-29 03:43:18,21.95,0.20,171.91,13.2,corridor,4.71,fog,7.228,6.478,48.21,41.00,world
519.88,2026-08-29 03:43:18,21.95,0.20,171.91,13.2,corridor,4.73,fog,7.228,6.478,48.22,41.01,world
520.38,2026-08-29 03:43:19,21.95,0.21,171.92,13.2,corridor,4.75,fog,6.912,6.775,48.23,41.01,world
520.88,2026-08-29 03:43:19,21.94,0.21,171.92,13.2,corridor,4.77,fog,6.912,6.775,48.24,41.01,world
521.38,2026-08-29 03:43:20,21.94,0.22,171.92,13.2,corridor,4.79,fog,7.638,7.110,48.24,41.01,world
521.88,2026-08-29 03:43:20,21.94,0.22,171.92,13.2,corridor,4.81,fog,7.638,7.110,48.25,41.02,world
522.38,2026-08-29 03:43:21,21.94,0.22,171.93,13.2,corridor,4.83,fog,10.375,7.770,48.26,41.02,world
522.88,2026-08-29 03:43:21,21.94,0.22,171.93,2.7,corridor,4.85,fog,10.375,7.770,48.27,41.02,world
523.38,2026-08-29 03:43:22,21.94,0.22,171.92,13.2,corridor,4.87,fog,9.278,8.124,48.30,41.01,world
523.88,2026-08-29 03:43:22,21.94,0.22,171.93,13.2,corridor,4.89,fog,9.278,8.124,48.30,41.02,world
524.38,2026-08-29 03:43:23,21.94,0.22,171.93,13.2,corridor,4.91,fog,10.647,7.326,48.31,41.02,world
524.88,2026-08-29 03:43:23,21.94,0.22,171.93,13.2,corridor,4.93,fog,10.647,7.326,48.33,41.02,world
525.38,2026-08-29 03:43:24,21.95,0.21,171.91,13.2,corridor,4.95,fog,11.831,10.943,48.37,41.01,world
525.88,2026-08-29 03:43:24,21.95,0.21,171.92,13.2,corridor,4.97,fog,11.831,10.943,48.37,41.01,world
526.38,2026-08-29 03:43:25,21.95,0.21,171.91,13.2,corridor,4.99,fog,9.338,8.049,48.42,41.00,world
526.88,2026-08-29 03:43:25,21.95,0.21,171.91,13.2,corridor,5.01,fog,9.338,8.049,48.43,41.01,world
527.38,2026-08-29 03:43:26,21.95,0.21,171.91,13.2,corridor,5.03,fog,9.595,6.505,48.44,41.01,world
527.88,2026-08-29 03:43:26,21.94,0.21,171.92,13.2,corridor,5.05,fog,9.595,6.505,48.45,41.01,world
528.38,2026-08-29 03:43:27,21.94,0.21,171.92,13.2,corridor,5.07,fog,6.441,5.897,48.45,41.01,world
528.88,2026-08-29 03:43:27,21.94,0.22,171.92,13.2,corridor,5.09,fog,6.441,5.897,48.46,41.02,world
529.38,2026-08-29 03:43:28,21.94,0.22,171.93,23.7,corridor,5.11,fog,10.364,8.279,48.47,41.02,world
529.88,2026-08-29 03:43:28,21.94,0.22,171.93,13.2,corridor,5.13,fog,10.364,8.279,48.48,41.02,world
530.38,2026-08-29 03:43:29,21.95,0.21,171.91,13.2,corridor,5.15,fog,7.250,5.606,48.53,41.01,world
530.88,2026-08-29 03:43:29,21.95,0.21,171.91,13.2,corridor,5.17,fog,7.250,5.606,48.54,41.01,world
531.38,2026-08-29 03:43:30,21.95,0.20,171.91,13.2,corridor,5.19,fog,5.749,5.803,48.59,41.00,world
531.88,2026-08-29 03:43:30,21.95,0.21,171.91,13.2,corridor,5.21,fog,5.749,5.803,48.59,41.01,world
532.38,2026-08-29 03:43:31,21.95,0.21,171.91,13.2,corridor,5.23,fog,6.708,5.493,48.60,41.01,world
532.88,2026-08-29 03:43:31,21.94,0.21,171.92,13.2,corridor,5.25,fog,6.708,5.493,48.61,41.01,world
533.38,2026-08-29 03:43:32,21.94,0.21,171.92,13.2,corridor,5.27,fog,5.615,5.572,48.62,41.01,world
533.88,2026-08-29 03:43:32,21.94,0.21,171.92,13.2,corridor,5.29,fog,5.615,5.572,48.62,41.01,world
534.38,2026-08-29 03:43:33,21.94,0.22,171.93,13.2,corridor,5.31,fog,6.355,5.090,48.63,41.02,world
534.88,2026-08-29 03:43:33,21.94,0.22,171.93,13.2,corridor,5.33,fog,6.355,5.090,48.64,41.02,world
535.38,2026-08-29 03:43:34,21.94,0.23,171.93,13.2,corridor,5.35,fog,5.567,6.305,48.66,41.02,world
535.88,2026-08-29 03:43:34,21.95,0.21,171.91,2.7,corridor,5.37,fog,5.567,6.305,48.72,41.01,world
536.38,2026-08-29 03:43:35,21.95,0.21,171.91,13.2,corridor,5.39,fog,6.130,5.569,48.73,41.01,world
536.88,2026-08-29 03:43:35,21.94,0.21,171.92,13.2,corridor,5.41,fog,6.130,5.569,48.73,41.01,world
537.38,2026-08-29 03:43:36,21.94,0.22,171.92,13.2,corridor,5.43,fog,5.754,5.174,48.74,41.01,world
537.88,2026-08-29 03:43:36,21.94,0.22,171.93,13.2,corridor,5.45,fog,5.754,5.174,48.75,41.02,world
538.38,2026-08-29 03:43:37,21.94,0.22,171.93,13.2,corridor,5.47,fog,5.518,6.864,48.76,41.02,world
538.88,2026-08-29 03:43:37,21.94,0.22,171.92,13.2,corridor,5.49,fog,5.518,6.864,48.77,41.02,world
539.38,2026-08-29 03:43:38,21.94,0.22,171.93,13.2,corridor,5.51,fog,6.280,5.525,48.78,41.02,world
539.88,2026-08-29 03:43:38,21.94,0.22,171.93,13.2,corridor,5.53,fog,6.280,5.525,48.79,41.02,world
540.38,2026-08-29 03:43:39,21.94,0.22,171.92,13.2,corridor,5.55,fog,6.202,5.973,48.81,41.01,world
540.88,2026-08-29 03:43:39,21.94,0.22,171.93,13.2,corridor,5.57,fog,6.202,5.973,48.82,41.02,world
541.38,2026-08-29 03:43:40,21.94,0.22,171.93,13.2,corridor,5.59,fog,25.239,5.260,48.83,41.02,world
541.88,2026-08-29 03:43:40,21.94,0.23,171.93,13.2,corridor,5.61,fog,25.239,5.260,48.84,41.02,world
542.38,2026-08-29 03:43:41,21.95,0.22,171.92,23.7,corridor,5.63,fog,7.092,5.520,48.86,41.02,world
542.88,2026-08-29 03:43:41,21.95,0.21,171.91,13.2,corridor,5.65,fog,7.092,5.520,48.89,41.01,world
543.38,2026-08-29 03:43:42,21.95,0.20,171.90,13.2,corridor,5.67,fog,7.105,6.109,48.94,41.00,world
543.88,2026-08-29 03:43:42,21.95,0.21,171.91,13.2,corridor,5.69,fog,7.105,6.109,48.96,41.01,world
544.38,2026-08-29 03:43:43,21.94,0.21,171.92,13.2,corridor,5.71,fog,10.768,6.841,48.96,41.01,world
544.88,2026-08-29 03:43:43,21.94,0.21,171.92,13.2,corridor,5.73,fog,10.768,6.841,48.97,41.01,world
545.38,2026-08-29 03:43:44,21.94,0.22,171.92,13.2,corridor,5.75,fog,9.515,6.285,48.98,41.01,world
545.88,2026-08-29 03:43:44,21.94,0.22,171.93,13.2,corridor,5.77,fog,9.515,6.285,48.99,41.02,world
546.38,2026-08-29 03:43:45,21.94,0.22,171.93,13.2,corridor,5.79,fog,7.334,6.141,49.00,41.02,world
546.88,2026-08-29 03:43:45,21.94,0.23,171.93,13.2,corridor,5.81,fog,7.334,6.141,49.01,41.02,world
547.38,2026-08-29 03:43:46,21.94,0.23,171.93,13.2,corridor,5.83,fog,8.217,6.059,49.02,41.02,world
547.88,2026-08-29 03:43:46,21.94,0.22,171.93,13.2,corridor,5.85,fog,8.217,6.059,49.03,41.02,world
548.38,2026-08-29 03:43:47,21.94,0.22,171.93,13.2,corridor,5.87,fog,6.964,5.902,49.05,41.02,world
548.88,2026-08-29 03:43:47,21.95,0.21,171.91,2.7,corridor,5.89,fog,6.964,5.902,49.10,41.01,world
549.38,2026-08-29 03:43:48,21.94,0.21,171.92,13.2,corridor,5.91,fog,9.775,6.597,49.11,41.01,world
549.88,2026-08-29 03:43:48,21.94,0.21,171.92,13.2,corridor,5.93,fog,9.775,6.597,49.11,41.01,world
550.38,2026-08-29 03:43:49,21.94,0.22,171.92,13.2,corridor,5.95,fog,8.103,7.082,49.12,41.01,world
550.88,2026-08-29 03:43:49,21.94,0.22,171.93,13.2,corridor,5.97,fog,8.103,7.082,49.13,41.02,world
551.38,2026-08-29 03:43:50,21.94,0.22,171.93,13.2,corridor,5.99,fog,7.615,5.663,49.14,41.02,world
551.88,2026-08-29 03:43:50,21.94,0.22,171.93,13.2,corridor,6.01,fog,7.615,5.663,49.15,41.02,world
552.38,2026-08-29 03:43:51,21.95,0.21,171.92,13.2,corridor,6.03,fog,9.075,6.305,49.21,41.01,world
552.88,2026-08-29 03:43:51,21.94,0.21,171.92,13.2,corridor,6.05,fog,9.075,6.305,49.21,41.01,world
553.38,2026-08-29 03:43:52,21.94,0.21,171.92,13.2,corridor,6.07,fog,9.413,6.567,49.22,41.01,world
553.88,2026-08-29 03:43:52,21.94,0.22,171.92,13.2,corridor,6.09,fog,9.413,6.567,49.23,41.01,world
554.38,2026-08-29 03:43:53,21.94,0.22,171.93,13.2,corridor,6.11,fog,9.841,8.919,49.24,41.02,world
554.88,2026-08-29 03:43:53,21.94,0.22,171.93,13.2,corridor,6.13,fog,9.841,8.919,49.25,41.02,world
555.38,2026-08-29 03:43:54,21.94,0.22,171.93,23.7,corridor,6.15,fog,9.178,6.277,49.26,41.02,world
555.88,2026-08-29 03:43:54,21.93,0.24,171.95,13.2,corridor,6.17,fog,9.178,6.277,49.30,41.03,world
556.38,2026-08-29 03:43:55,21.94,0.23,171.94,13.2,corridor,6.19,fog,7.714,5.657,49.32,41.02,world
556.88,2026-08-29 03:43:55,21.94,0.21,171.92,13.2,corridor,6.21,fog,7.714,5.657,49.35,41.01,world
557.38,2026-08-29 03:43:56,21.95,0.20,171.91,13.2,corridor,6.23,fog,8.241,6.837,49.41,41.01,world
557.88,2026-08-29 03:43:56,21.95,0.21,171.91,13.2,corridor,6.25,fog,8.241,6.837,49.41,41.01,world
558.38,2026-08-29 03:43:57,21.94,0.21,171.92,13.2,corridor,6.27,fog,8.742,7.240,49.42,41.01,world
558.88,2026-08-29 03:43:57,21.94,0.21,171.92,13.2,corridor,6.29,fog,8.742,7.240,49.43,41.01,world
559.38,2026-08-29 03:43:58,21.94,0.23,171.94,13.2,corridor,6.31,fog,9.177,6.238,49.46,41.02,world
559.88,2026-08-29 03:43:58,21.94,0.21,171.92,13.2,corridor,6.33,fog,9.177,6.238,49.50,41.01,world
560.38,2026-08-29 03:43:59,21.94,0.22,171.92,13.2,corridor,6.35,fog,8.245,6.146,49.51,41.01,world
560.88,2026-08-29 03:43:59,21.95,0.21,171.91,13.2,corridor,6.37,fog,8.245,6.146,49.56,41.01,world
561.38,2026-08-29 03:44:00,21.95,0.21,171.91,13.2,corridor,6.39,fog,7.270,6.123,49.56,41.01,world
561.88,2026-08-29 03:44:00,21.94,0.21,171.92,2.7,corridor,6.41,fog,7.270,6.123,49.57,41.01,world
562.38,2026-08-29 03:44:01,21.94,0.21,171.92,13.2,corridor,6.43,fog,7.099,5.706,49.58,41.01,world
562.88,2026-08-29 03:44:01,21.94,0.22,171.92,13.2,corridor,6.45,fog,7.099,5.706,49.59,41.01,world
563.38,2026-08-29 03:44:02,21.94,0.22,171.93,13.2,corridor,6.47,fog,6.944,5.305,49.59,41.02,world
563.88,2026-08-29 03:44:02,21.94,0.22,171.93,13.2,corridor,6.49,fog,6.944,5.305,49.60,41.02,world
564.38,2026-08-29 03:44:03,21.94,0.22,171.93,13.2,corridor,6.51,fog,6.994,5.937,49.61,41.02,world
564.88,2026-08-29 03:44:03,21.94,0.22,171.93,13.2,corridor,6.53,fog,6.994,5.937,49.63,41.02,world
565.38,2026-08-29 03:44:04,21.94,0.21,171.92,13.2,corridor,6.55,fog,7.671,6.055,49.66,41.01,world
565.88,2026-08-29 03:44:04,21.95,0.20,171.90,13.2,corridor,6.57,fog,7.671,6.055,49.70,41.00,world
566.38,2026-08-29 03:44:05,21.95,0.20,171.91,13.2,corridor,6.59,fog,8.888,30.151,49.72,41.01,world
566.88,2026-08-29 03:44:05,21.95,0.21,171.91,13.2,corridor,6.61,fog,8.888,30.151,49.73,41.01,world
567.38,2026-08-29 03:44:06,21.94,0.21,171.92,13.2,corridor,6.63,fog,7.663,6.174,49.74,41.01,world
567.88,2026-08-29 03:44:06,21.94,0.21,171.92,13.2,corridor,6.65,fog,7.663,6.174,49.74,41.01,world
568.38,2026-08-29 03:44:07,21.94,0.22,171.92,23.7,corridor,6.67,fog,8.587,7.015,49.75,41.01,world
568.88,2026-08-29 03:44:07,21.94,0.22,171.93,13.2,corridor,6.69,fog,8.587,7.015,49.76,41.02,world
569.38,2026-08-29 03:44:08,21.94,0.22,171.93,13.2,corridor,6.71,fog,10.509,6.744,49.77,41.02,world
569.88,2026-08-29 03:44:08,21.94,0.22,171.92,13.2,corridor,6.73,fog,10.509,6.744,49.78,41.01,world
570.38,2026-08-29 03:44:09,21.94,0.22,171.93,13.2,corridor,6.75,fog,7.653,6.517,49.79,41.02,world
570.88,2026-08-29 03:44:09,21.94,0.22,171.93,13.2,corridor,6.77,fog,7.653,6.517,49.80,41.02,world
571.38,2026-08-29 03:44:10,21.95,0.20,171.91,13.2,corridor,6.79,fog,6.936,5.595,49.84,41.01,world
571.88,2026-08-29 03:44:10,21.95,0.19,171.89,13.2,corridor,6.81,fog,6.936,5.595,49.87,41.00,world
572.38,2026-08-29 03:44:11,21.95,0.21,171.91,13.2,corridor,6.83,fog,6.059,5.573,49.90,41.01,world
572.88,2026-08-29 03:44:11,21.95,0.21,171.92,13.2,corridor,6.85,fog,6.059,5.573,49.91,41.01,world
573.38,2026-08-29 03:44:12,21.94,0.21,171.92,13.2,corridor,6.87,fog,6.227,5.424,49.92,41.01,world
573.88,2026-08-29 03:44:12,21.94,0.22,171.92,13.2,corridor,6.89,fog,6.227,5.424,49.93,41.01,world
574.38,2026-08-29 03:44:13,21.94,0.22,171.93,13.2,corridor,6.91,fog,7.910,5.398,49.93,41.02,world
574.88,2026-08-29 03:44:13,21.94,0.22,171.93,2.7,corridor,6.93,fog,7.910,5.398,49.94,41.02,world
575.38,2026-08-29 03:44:14,21.94,0.22,171.92,13.2,corridor,6.95,fog,6.044,5.660,49.96,41.01,world
575.88,2026-08-29 03:44:14,21.94,0.22,171.92,13.2,corridor,6.97,fog,6.044,5.660,49.97,41.01,world
576.38,2026-08-29 03:44:15,21.94,0.22,171.93,13.2,corridor,6.99,fog,6.312,5.452,49.98,41.02,world
576.88,2026-08-29 03:44:15,21.94,0.22,171.93,13.2,corridor,7.01,fog,6.312,5.452,49.99,41.02,world
577.38,2026-08-29 03:44:16,21.94,0.22,171.93,13.2,corridor,7.03,fog,6.920,5.973,50.00,41.02,world
577.88,2026-08-29 03:44:16,21.94,0.22,171.93,13.2,corridor,7.05,fog,6.920,5.973,50.02,41.02,world
578.38,2026-08-29 03:44:17,21.95,0.21,171.91,13.2,corridor,7.07,fog,6.787,6.275,50.07,41.01,world
578.88,2026-08-29 03:44:17,21.95,0.21,171.92,13.2,corridor,7.09,fog,6.787,6.275,50.07,41.01,world
579.38,2026-08-29 03:44:18,21.94,0.21,171.92,13.2,corridor,7.11,fog,6.950,6.342,50.08,41.01,world
579.88,2026-08-29 03:44:18,21.94,0.21,171.92,13.2,corridor,7.13,fog,6.950,6.342,50.09,41.01,world
580.38,2026-08-29 03:44:19,21.94,0.22,171.93,13.2,corridor,7.15,fog,7.516,5.812,50.10,41.02,world
580.88,2026-08-29 03:44:19,21.94,0.22,171.93,13.2,corridor,7.17,fog,7.516,5.812,50.10,41.02,world
581.38,2026-08-29 03:44:20,21.94,0.22,171.93,23.7,corridor,7.19,fog,6.813,5.797,50.12,41.02,world
581.88,2026-08-29 03:44:20,21.94,0.22,171.93,13.2,corridor,7.21,fog,6.813,5.797,50.14,41.01,world
582.38,2026-08-29 03:44:21,21.96,0.19,171.89,13.2,corridor,7.23,fog,6.925,5.996,50.22,40.99,world
582.88,2026-08-29 03:44:21,21.95,0.20,171.91,13.2,corridor,7.25,fog,6.925,5.996,50.25,41.01,world
583.38,2026-08-29 03:44:22,21.95,0.21,171.91,13.2,corridor,7.27,fog,6.877,6.926,50.26,41.01,world
583.88,2026-08-29 03:44:22,21.95,0.21,171.92,13.2,corridor,7.29,fog,6.877,6.926,50.27,41.01,world
584.38,2026-08-29 03:44:23,21.94,0.21,171.92,13.2,corridor,7.31,fog,6.693,6.654,50.27,41.01,world
584.88,2026-08-29 03:44:23,21.94,0.21,171.92,13.2,corridor,7.33,fog,6.693,6.654,50.28,41.01,world
585.38,2026-08-29 03:44:24,21.94,0.22,171.93,13.2,corridor,7.35,fog,6.811,5.887,50.29,41.02,world
585.88,2026-08-29 03:44:24,21.94,0.22,171.93,13.2,corridor,7.37,fog,6.811,5.887,50.30,41.02,world
586.38,2026-08-29 03:44:25,21.94,0.22,171.93,13.2,corridor,7.39,fog,6.081,5.495,50.31,41.02,world
586.88,2026-08-29 03:44:25,21.95,0.21,171.91,13.2,corridor,7.41,fog,6.081,5.495,50.37,41.01,world
587.38,2026-08-29 03:44:26,21.95,0.21,171.91,13.2,corridor,7.43,fog,6.712,5.655,50.37,41.01,world
587.88,2026-08-29 03:44:26,21.94,0.21,171.92,2.7,corridor,7.45,fog,6.712,5.655,50.38,41.01,world
588.38,2026-08-29 03:44:27,21.94,0.21,171.92,13.2,corridor,7.47,fog,6.256,6.694,50.39,41.01,world
588.88,2026-08-29 03:44:27,21.94,0.22,171.92,13.2,corridor,7.49,fog,6.256,6.694,50.40,41.01,world
589.38,2026-08-29 03:44:28,21.94,0.22,171.93,13.2,corridor,7.51,fog,7.388,5.733,50.41,41.02,world
589.88,2026-08-29 03:44:28,21.93,0.25,171.96,13.2,corridor,7.53,fog,7.388,5.733,50.46,41.04,world
590.38,2026-08-29 03:44:29,21.93,0.24,171.95,13.2,corridor,7.55,fog,7.324,5.664,50.47,41.03,world
590.88,2026-08-29 03:44:29,21.94,0.24,171.95,13.2,corridor,7.57,fog,7.324,5.664,50.48,41.03,world
591.38,2026-08-29 03:44:30,21.94,0.22,171.93,13.2,corridor,7.59,fog,7.141,6.368,50.53,41.02,world
591.88,2026-08-29 03:44:30,21.95,0.20,171.90,13.2,corridor,7.61,fog,7.141,6.368,50.58,41.00,world
592.38,2026-08-29 03:44:31,21.95,0.20,171.91,13.2,corridor,7.63,fog,6.822,5.636,50.59,41.01,world
592.88,2026-08-29 03:44:31,21.95,0.21,171.91,13.2,corridor,7.65,fog,6.822,5.636,50.59,41.01,world
593.38,2026-08-29 03:44:32,21.94,0.21,171.92,13.2,corridor,7.67,fog,8.276,6.237,50.60,41.01,world
593.88,2026-08-29 03:44:32,21.94,0.21,171.92,13.2,corridor,7.69,fog,8.276,6.237,50.61,41.01,world
594.38,2026-08-29 03:44:33,21.94,0.22,171.92,23.7,corridor,7.71,fog,7.680,5.913,50.62,41.01,world
594.88,2026-08-29 03:44:33,21.94,0.22,171.93,13.2,corridor,7.73,fog,7.680,5.913,50.62,41.02,world
595.38,2026-08-29 03:44:34,21.94,0.22,171.93,13.2,corridor,7.75,fog,8.712,5.859,50.63,41.02,world
595.88,2026-08-29 03:44:34,21.94,0.23,171.93,13.2,corridor,7.77,fog,8.712,5.859,50.64,41.02,world
596.38,2026-08-29 03:44:35,21.94,0.23,171.93,13.2,corridor,7.79,fog,8.920,5.957,50.65,41.02,world
596.88,2026-08-29 03:44:35,21.94,0.22,171.92,13.2,corridor,7.81,fog,8.920,5.957,50.68,41.01,world
597.38,2026-08-29 03:44:36,21.94,0.22,171.93,13.2,corridor,7.83,fog,7.132,5.958,50.69,41.02,world
597.88,2026-08-29 03:44:36,21.94,0.22,171.93,13.2,corridor,7.85,fog,7.132,5.958,50.70,41.02,world
598.38,2026-08-29 03:44:37,21.94,0.22,171.93,13.2,corridor,7.87,fog,5.998,5.397,50.71,41.02,world
598.88,2026-08-29 03:44:37,21.94,0.22,171.93,13.2,corridor,7.89,fog,5.998,5.397,50.74,41.02,world
599.38,2026-08-29 03:44:38,21.94,0.22,171.93,13.2,corridor,7.91,cloudy,8.195,6.526,50.75,41.02,world
599.88,2026-08-29 03:44:38,21.95,0.20,171.91,13.2,corridor,7.93,cloudy,8.195,6.526,50.79,41.01,world
600.38,2026-08-29 03:44:39,21.95,0.21,171.91,13.2,corridor,7.95,cloudy,7.068,5.420,50.80,41.01,world
600.88,2026-08-29 03:44:39,21.95,0.21,171.91,2.7,corridor,7.97,cloudy,7.068,5.420,50.86,41.01,world
601.38,2026-08-29 03:44:40,21.95,0.21,171.91,13.2,corridor,7.99,cloudy,6.443,5.481,50.86,41.01,world
601.88,2026-08-29 03:44:40,21.94,0.21,171.92,13.2,corridor,8.01,cloudy,6.443,5.481,50.87,41.01,world
602.38,2026-08-29 03:44:41,21.94,0.22,171.92,13.2,corridor,8.03,cloudy,6.627,5.814,50.88,41.01,world
602.88,2026-08-29 03:44:41,21.94,0.22,171.93,13.2,corridor,8.05,cloudy,6.627,5.814,50.89,41.02,world
603.38,2026-08-29 03:44:42,21.94,0.22,171.93,13.2,corridor,8.07,cloudy,8.111,6.359,50.90,41.02,world
603.88,2026-08-29 03:44:42,21.94,0.22,171.93,13.2,corridor,8.09,cloudy,8.111,6.359,50.91,41.02,world
604.38,2026-08-29 03:44:43,21.95,0.20,171.91,13.2,corridor,8.11,cloudy,7.400,5.777,50.95,41.01,world
604.88,2026-08-29 03:44:43,21.95,0.19,171.90,13.2,corridor,8.13,cloudy,7.400,5.777,50.99,41.00,world
605.38,2026-08-29 03:44:44,21.95,0.21,171.91,13.2,corridor,8.15,cloudy,6.712,5.504,51.02,41.01,world
605.88,2026-08-29 03:44:44,21.94,0.21,171.92,13.2,corridor,8.17,cloudy,6.712,5.504,51.02,41.01,world
606.38,2026-08-29 03:44:45,21.94,0.21,171.92,13.2,corridor,8.19,cloudy,7.357,5.665,51.03,41.01,world
606.88,2026-08-29 03:44:45,21.94,0.21,171.92,13.2,corridor,8.21,cloudy,7.357,5.665,51.04,41.01,world
607.38,2026-08-29 03:44:46,21.94,0.22,171.93,23.7,corridor,8.23,cloudy,6.404,5.609,51.05,41.02,world
607.88,2026-08-29 03:44:46,21.94,0.22,171.93,13.2,corridor,8.25,cloudy,6.404,5.609,51.06,41.02,world
608.38,2026-08-29 03:44:47,21.95,0.21,171.91,13.2,corridor,8.27,cloudy,7.428,5.616,51.10,41.01,world
608.88,2026-08-29 03:44:47,21.95,0.21,171.91,13.2,corridor,8.29,cloudy,7.428,5.616,51.11,41.01,world
609.38,2026-08-29 03:44:48,21.95,0.20,171.91,13.2,corridor,8.31,cloudy,6.340,5.437,51.16,41.00,world
609.88,2026-08-29 03:44:48,21.95,0.21,171.91,13.2,corridor,8.33,cloudy,6.340,5.437,51.16,41.01,world
610.38,2026-08-29 03:44:49,21.95,0.21,171.91,13.2,corridor,8.35,cloudy,5.572,5.263,51.17,41.01,world
610.88,2026-08-29 03:44:49,21.95,0.21,171.92,13.2,corridor,8.37,cloudy,5.572,5.263,51.18,41.01,world
611.38,2026-08-29 03:44:50,21.94,0.21,171.92,13.2,corridor,8.39,cloudy,5.625,5.538,51.19,41.01,world
611.88,2026-08-29 03:44:50,21.94,0.21,171.92,13.2,corridor,8.41,cloudy,5.625,5.538,51.19,41.01,world
612.38,2026-08-29 03:44:51,21.94,0.22,171.93,13.2,corridor,8.43,cloudy,8.584,6.456,51.20,41.02,world
612.88,2026-08-29 03:44:51,21.94,0.22,171.93,13.2,corridor,8.45,cloudy,8.584,6.456,51.21,41.02,world
613.38,2026-08-29 03:44:52,21.94,0.22,171.93,13.2,corridor,8.47,cloudy,7.618,7.786,51.23,41.02,world
613.88,2026-08-29 03:44:52,21.94,0.22,171.93,2.7,corridor,8.49,cloudy,7.618,7.786,51.24,41.02,world
614.38,2026-08-29 03:44:53,21.96,0.19,171.89,13.2,corridor,8.51,cloudy,5.381,5.551,51.31,41.00,world
614.88,2026-08-29 03:44:53,21.95,0.21,171.91,13.2,corridor,8.53,cloudy,5.381,5.551,51.35,41.01,world
615.38,2026-08-29 03:44:54,21.95,0.20,171.90,13.2,corridor,8.55,cloudy,6.111,5.419,51.40,41.00,world
615.88,2026-08-29 03:44:54,21.95,0.20,171.91,13.2,corridor,8.57,cloudy,6.111,5.419,51.41,41.01,world
616.38,2026-08-29 03:44:55,21.95,0.21,171.91,13.2,corridor,8.59,cloudy,6.265,5.419,51.41,41.01,world
616.88,2026-08-29 03:44:55,21.94,0.21,171.92,13.2,corridor,8.61,cloudy,6.265,5.419,51.42,41.01,world
617.38,2026-08-29 03:44:56,21.94,0.22,171.92,13.2,corridor,8.63,cloudy,5.842,5.697,51.43,41.01,world
617.88,2026-08-29 03:44:56,21.94,0.22,171.92,13.2,corridor,8.65,cloudy,5.842,5.697,51.44,41.01,world
618.38,2026-08-29 03:44:57,21.94,0.22,171.93,13.2,corridor,8.67,cloudy,6.334,5.323,51.44,41.02,world
618.88,2026-08-29 03:44:57,21.94,0.22,171.93,13.2,corridor,8.69,cloudy,6.334,5.323,51.45,41.02,world
619.38,2026-08-29 03:44:58,21.94,0.22,171.93,13.2,corridor,8.71,cloudy,6.568,5.699,51.47,41.02,world
619.88,2026-08-29 03:44:58,21.95,0.21,171.91,13.2,corridor,8.73,cloudy,6.568,5.699,51.51,41.01,world
620.38,2026-08-29 03:44:59,21.95,0.21,171.91,23.7,corridor,8.75,cloudy,5.928,5.286,51.53,41.01,world
620.88,2026-08-29 03:44:59,21.95,0.20,171.91,13.2,corridor,8.77,cloudy,5.928,5.286,51.58,41.01,world
621.38,2026-08-29 03:45:00,21.95,0.21,171.91,13.2,corridor,8.79,cloudy,5.966,5.255,51.58,41.01,world
621.88,2026-08-29 03:45:00,21.94,0.21,171.92,13.2,corridor,8.81,cloudy,5.966,5.255,51.59,41.01,world
622.38,2026-08-29 03:45:01,21.94,0.21,171.92,13.2,corridor,8.83,cloudy,7.320,5.892,51.60,41.01,world
622.88,2026-08-29 03:45:01,21.94,0.22,171.92,13.2,corridor,8.85,cloudy,7.320,5.892,51.61,41.01,world
623.93,2026-08-29 03:45:03,21.94,0.21,171.92,13.2,corridor,8.90,cloudy,7.188,415.987,51.61,41.01,world
624.72,2026-08-29 03:45:03,21.94,0.21,171.92,13.2,corridor,8.92,cloudy,7.188,415.987,51.61,41.01,menu_map
625.22,2026-08-29 03:45:04,21.94,0.21,171.92,13.2,corridor,8.93,cloudy,193.787,5.317,51.61,41.01,build_catalogue
625.72,2026-08-29 03:45:04,21.94,0.21,171.92,13.2,corridor,8.95,cloudy,193.787,5.317,51.61,41.01,build_catalogue
626.22,2026-08-29 03:45:05,21.94,0.21,171.92,13.2,corridor,8.97,cloudy,25.709,13.287,51.61,41.01,build_catalogue
626.72,2026-08-29 03:45:05,21.94,0.21,171.92,13.2,corridor,8.99,cloudy,25.709,13.287,51.61,41.01,build_catalogue
627.28,2026-08-29 03:45:06,21.94,0.21,171.92,13.2,corridor,9.01,cloudy,13.235,8.477,51.61,41.01,build_catalogue
627.78,2026-08-29 03:45:07,21.94,0.21,171.92,13.2,corridor,9.03,cloudy,10.684,6.114,51.61,41.01,build_catalogue
628.28,2026-08-29 03:45:07,21.94,0.21,171.92,13.2,corridor,9.05,cloudy,10.684,6.114,51.61,41.01,build_catalogue
628.78,2026-08-29 03:45:08,21.94,0.21,171.92,13.2,corridor,9.07,cloudy,6.872,5.806,51.61,41.01,build_catalogue
629.28,2026-08-29 03:45:08,21.94,0.21,171.92,13.2,corridor,9.09,cloudy,6.872,5.806,51.61,41.01,build_catalogue
629.78,2026-08-29 03:45:09,21.94,0.21,171.92,13.2,corridor,9.11,cloudy,7.478,5.425,51.61,41.01,build_catalogue
630.28,2026-08-29 03:45:09,21.94,0.21,171.92,13.2,corridor,9.13,cloudy,7.478,5.425,51.61,41.01,build_catalogue
630.78,2026-08-29 03:45:10,21.94,0.21,171.92,13.2,corridor,9.15,cloudy,7.105,5.565,51.61,41.01,build_catalogue
631.28,2026-08-29 03:45:10,21.94,0.21,171.92,13.2,corridor,9.17,cloudy,7.105,5.565,51.61,41.01,build_catalogue
631.78,2026-08-29 03:45:11,21.94,0.21,171.92,13.2,corridor,9.19,cloudy,6.453,5.582,51.61,41.01,build_catalogue
632.28,2026-08-29 03:45:11,21.94,0.21,171.92,13.2,corridor,9.21,cloudy,6.453,5.582,51.61,41.01,build_catalogue
632.78,2026-08-29 03:45:12,21.94,0.21,171.92,13.2,corridor,9.23,cloudy,6.334,5.606,51.61,41.01,build_catalogue
633.28,2026-08-29 03:45:12,21.94,0.21,171.92,13.2,corridor,9.25,cloudy,6.334,5.606,51.61,41.01,build_catalogue
633.78,2026-08-29 03:45:13,21.94,0.21,171.92,13.2,corridor,9.27,cloudy,12.558,7.011,51.61,41.01,build_catalogue
634.28,2026-08-29 03:45:13,21.94,0.21,171.92,13.2,corridor,9.29,cloudy,12.558,7.011,51.61,41.01,build_catalogue
634.78,2026-08-29 03:45:14,21.94,0.21,171.92,13.2,corridor,9.31,cloudy,8.219,14.696,51.61,41.01,build_catalogue
635.28,2026-08-29 03:45:14,21.94,0.21,171.92,13.2,corridor,9.33,cloudy,8.219,14.696,51.61,41.01,build_catalogue
635.78,2026-08-29 03:45:15,21.94,0.21,171.92,13.2,corridor,9.35,cloudy,7.117,5.482,51.61,41.01,build_catalogue
636.28,2026-08-29 03:45:15,21.94,0.21,171.92,13.2,corridor,9.37,cloudy,7.117,5.482,51.61,41.01,build_catalogue
636.78,2026-08-29 03:45:16,21.94,0.21,171.92,13.2,corridor,9.39,cloudy,6.597,5.558,51.61,41.01,build_catalogue
637.28,2026-08-29 03:45:16,21.94,0.21,171.92,13.2,corridor,9.41,cloudy,6.597,5.558,51.61,41.01,build_catalogue
637.78,2026-08-29 03:45:17,21.94,0.21,171.92,13.2,corridor,9.43,cloudy,12.275,7.147,51.61,41.01,build_catalogue
638.28,2026-08-29 03:45:17,21.92,0.29,172.01,-10.9,corridor,9.45,cloudy,12.275,7.147,51.73,41.07,world
638.78,2026-08-29 03:45:18,21.91,0.33,172.08,-10.9,corridor,9.47,cloudy,9.417,6.815,51.81,41.11,world
639.28,2026-08-29 03:45:18,21.91,0.35,172.10,-10.9,corridor,9.49,cloudy,9.417,6.815,51.84,41.13,world
639.78,2026-08-29 03:45:19,21.91,0.36,172.12,-10.9,corridor,9.51,cloudy,9.109,6.594,51.86,41.14,world
640.28,2026-08-29 03:45:19,21.91,0.37,172.14,-10.9,corridor,9.53,cloudy,9.109,6.594,51.87,41.15,world
640.78,2026-08-29 03:45:20,21.91,0.38,172.15,-10.9,corridor,9.55,cloudy,10.120,13.674,51.89,41.16,world
641.28,2026-08-29 03:45:20,21.91,0.38,172.16,-10.9,corridor,9.57,cloudy,10.120,13.674,51.90,41.17,world
641.78,2026-08-29 03:45:21,21.91,0.38,172.17,-10.9,corridor,9.59,cloudy,7.860,6.110,51.91,41.18,world
642.28,2026-08-29 03:45:21,21.91,0.39,172.18,-10.9,corridor,9.61,cloudy,7.860,6.110,51.92,41.18,world
642.78,2026-08-29 03:45:22,21.91,0.39,172.18,-10.9,corridor,9.63,cloudy,6.443,5.825,51.93,41.19,world
643.28,2026-08-29 03:45:22,21.91,0.40,172.20,-10.9,corridor,9.65,cloudy,6.443,5.825,51.94,41.20,world
643.78,2026-08-29 03:45:23,21.91,0.41,172.21,-10.9,corridor,9.67,cloudy,6.544,6.034,51.95,41.21,world
644.28,2026-08-29 03:45:23,21.91,0.42,172.22,-10.9,corridor,9.69,cloudy,6.544,6.034,51.97,41.22,world
644.78,2026-08-29 03:45:24,21.91,0.42,172.23,-10.9,corridor,9.71,cloudy,6.783,6.080,51.98,41.23,world
645.28,2026-08-29 03:45:24,21.91,0.43,172.25,-10.9,corridor,9.73,cloudy,6.783,6.080,51.99,41.24,world
645.78,2026-08-29 03:45:25,21.91,0.44,172.26,-10.9,corridor,9.75,cloudy,8.073,6.478,52.01,41.25,world
646.28,2026-08-29 03:45:25,21.91,0.44,172.27,-10.9,corridor,9.77,cloudy,8.073,6.478,52.02,41.26,world
646.78,2026-08-29 03:45:26,21.91,0.45,172.29,-10.9,corridor,9.79,cloudy,10.153,6.875,52.04,41.27,world
647.28,2026-08-29 03:45:26,21.91,0.45,172.30,-10.9,corridor,9.81,cloudy,10.153,6.875,52.05,41.27,world
647.78,2026-08-29 03:45:27,21.91,0.46,172.31,-10.9,corridor,9.83,cloudy,7.306,5.971,52.07,41.29,world
648.28,2026-08-29 03:45:27,21.91,0.47,172.33,-31.9,corridor,9.85,cloudy,7.306,5.971,52.08,41.30,world
648.78,2026-08-29 03:45:28,21.91,0.47,172.34,-10.9,corridor,9.87,cloudy,9.061,5.895,52.10,41.30,world
649.28,2026-08-29 03:45:28,21.91,0.48,172.35,-10.9,corridor,9.89,cloudy,9.061,5.895,52.11,41.31,world
649.78,2026-08-29 03:45:29,21.91,0.49,172.36,-10.9,corridor,9.91,cloudy,9.167,6.240,52.12,41.32,world
650.28,2026-08-29 03:45:29,21.91,0.50,172.38,-10.9,corridor,9.93,cloudy,9.167,6.240,52.14,41.33,world
650.78,2026-08-29 03:45:30,21.91,0.50,172.39,-10.9,corridor,9.95,cloudy,7.959,6.290,52.15,41.34,world
651.28,2026-08-29 03:45:30,21.91,0.51,172.40,-10.9,corridor,9.97,cloudy,7.959,6.290,52.17,41.35,world
651.78,2026-08-29 03:45:31,21.91,0.52,172.41,-10.9,corridor,9.99,cloudy,7.284,5.963,52.18,41.36,world
652.28,2026-08-29 03:45:31,21.91,0.52,172.43,-10.9,corridor,10.01,cloudy,7.284,5.963,52.20,41.37,world
652.78,2026-08-29 03:45:32,21.91,0.53,172.44,-10.9,corridor,10.03,cloudy,8.439,6.050,52.21,41.38,world
653.28,2026-08-29 03:45:32,21.91,0.54,172.45,-10.9,corridor,10.05,cloudy,8.439,6.050,52.22,41.39,world
653.78,2026-08-29 03:45:33,21.91,0.55,172.47,-10.9,corridor,10.07,cloudy,8.872,33.781,52.24,41.40,world
654.28,2026-08-29 03:45:33,21.91,0.55,172.48,-10.9,corridor,10.09,cloudy,8.872,33.781,52.25,41.41,world
654.78,2026-08-29 03:45:34,21.91,0.56,172.49,-10.9,corridor,10.11,cloudy,7.466,5.838,52.27,41.42,world
655.28,2026-08-29 03:45:34,21.91,0.57,172.51,-10.9,corridor,10.13,cloudy,7.466,5.838,52.28,41.43,world
655.78,2026-08-29 03:45:35,21.91,0.57,172.52,-10.9,corridor,10.15,cloudy,7.647,5.662,52.30,41.44,world
656.28,2026-08-29 03:45:35,21.91,0.58,172.53,-10.9,corridor,10.17,cloudy,7.647,5.662,52.31,41.45,world
656.78,2026-08-29 03:45:36,21.91,0.58,172.54,-10.9,corridor,10.19,cloudy,7.413,5.728,52.32,41.46,world
657.28,2026-08-29 03:45:36,21.91,0.60,172.56,-10.9,corridor,10.21,cloudy,7.413,5.728,52.34,41.47,world
657.78,2026-08-29 03:45:37,21.91,0.60,172.57,-10.9,corridor,10.23,cloudy,9.442,5.730,52.35,41.48,world
658.28,2026-08-29 03:45:37,21.91,0.61,172.58,-10.9,corridor,10.25,cloudy,9.442,5.730,52.37,41.49,world
658.78,2026-08-29 03:45:38,21.91,0.62,172.60,-10.9,corridor,10.27,cloudy,9.397,6.624,52.39,41.50,world
659.28,2026-08-29 03:45:38,21.91,0.62,172.61,-10.9,corridor,10.29,cloudy,9.397,6.624,52.40,41.51,world
659.78,2026-08-29 03:45:39,21.91,0.63,172.63,-10.9,corridor,10.31,cloudy,8.424,6.657,52.42,41.52,world
660.28,2026-08-29 03:45:39,21.91,0.64,172.64,-10.9,corridor,10.33,cloudy,8.424,6.657,52.43,41.53,world
660.78,2026-08-29 03:45:40,21.91,0.65,172.65,-10.9,corridor,10.35,cloudy,8.654,6.599,52.44,41.54,world
661.28,2026-08-29 03:45:40,21.91,0.65,172.67,-31.9,corridor,10.37,cloudy,8.654,6.599,52.46,41.55,world
661.78,2026-08-29 03:45:41,21.91,0.66,172.68,-10.9,corridor,10.39,cloudy,8.395,5.808,52.47,41.56,world
662.28,2026-08-29 03:45:41,21.91,0.67,172.69,-10.9,corridor,10.41,cloudy,8.395,5.808,52.49,41.58,world
662.78,2026-08-29 03:45:42,21.91,0.67,172.71,-10.9,corridor,10.43,cloudy,9.918,6.611,52.50,41.59,world
663.28,2026-08-29 03:45:42,21.91,0.68,172.72,-10.9,corridor,10.45,cloudy,9.918,6.611,52.52,41.60,world
663.78,2026-08-29 03:45:43,21.91,0.69,172.73,-10.9,corridor,10.47,cloudy,8.405,6.801,52.53,41.61,world
664.28,2026-08-29 03:45:43,21.91,0.70,172.75,-10.9,corridor,10.49,cloudy,8.405,6.801,52.55,41.62,world
664.78,2026-08-29 03:45:44,21.91,0.71,172.76,-10.9,corridor,10.51,cloudy,8.868,6.182,52.56,41.63,world
665.28,2026-08-29 03:45:44,21.91,0.71,172.78,-10.9,corridor,10.53,cloudy,8.868,6.182,52.58,41.64,world
665.78,2026-08-29 03:45:45,21.91,0.72,172.79,-10.9,corridor,10.55,cloudy,7.169,5.864,52.59,41.65,world
666.28,2026-08-29 03:45:45,21.91,0.72,172.80,-10.9,corridor,10.57,cloudy,7.169,5.864,52.61,41.66,world
666.78,2026-08-29 03:45:46,21.91,0.73,172.81,-10.9,corridor,10.59,cloudy,9.252,6.841,52.62,41.67,world
667.28,2026-08-29 03:45:46,21.91,0.74,172.83,-10.9,corridor,10.61,cloudy,9.252,6.841,52.63,41.68,world
667.78,2026-08-29 03:45:47,21.91,0.74,172.84,-10.9,corridor,10.63,cloudy,8.654,6.157,52.65,41.69,world
668.28,2026-08-29 03:45:47,21.91,0.75,172.86,-10.9,corridor,10.65,cloudy,8.654,6.157,52.66,41.70,world
668.78,2026-08-29 03:45:48,21.91,0.76,172.87,-10.9,corridor,10.67,cloudy,8.271,5.902,52.68,41.71,world
669.28,2026-08-29 03:45:48,21.91,0.77,172.88,-10.9,corridor,10.69,cloudy,8.271,5.902,52.69,41.72,world
669.78,2026-08-29 03:45:49,21.91,0.77,172.89,-10.9,corridor,10.71,cloudy,9.192,6.216,52.71,41.73,world
670.28,2026-08-29 03:45:49,21.91,0.78,172.91,-10.9,corridor,10.73,cloudy,9.192,6.216,52.72,41.74,world
670.78,2026-08-29 03:45:50,21.91,0.79,172.92,-10.9,corridor,10.75,cloudy,8.240,6.330,52.74,41.75,world
671.28,2026-08-29 03:45:50,21.91,0.79,172.93,-10.9,corridor,10.77,cloudy,8.240,6.330,52.75,41.76,world
671.78,2026-08-29 03:45:51,21.91,0.80,172.95,-10.9,corridor,10.79,cloudy,7.567,6.001,52.77,41.77,world
672.28,2026-08-29 03:45:51,21.91,0.81,172.96,-10.9,corridor,10.81,cloudy,7.567,6.001,52.78,41.78,world
672.78,2026-08-29 03:45:52,21.91,0.82,172.97,-10.9,corridor,10.83,cloudy,9.236,7.171,52.80,41.79,world
673.28,2026-08-29 03:45:52,21.91,0.82,172.99,-10.9,corridor,10.85,cloudy,9.236,7.171,52.81,41.80,world
673.78,2026-08-29 03:45:53,21.91,0.83,173.00,-10.9,corridor,10.87,cloudy,6.430,5.722,52.82,41.81,world
674.28,2026-08-29 03:45:53,21.91,0.84,173.01,-31.9,corridor,10.89,cloudy,6.430,5.722,52.84,41.82,world
674.78,2026-08-29 03:45:54,21.91,0.84,173.03,-10.9,corridor,10.91,cloudy,6.624,5.481,52.85,41.83,world
675.28,2026-08-29 03:45:54,21.91,0.85,173.04,-10.9,corridor,10.93,cloudy,6.624,5.481,52.87,41.84,world
675.78,2026-08-29 03:45:55,21.91,0.86,173.05,-10.9,corridor,10.95,cloudy,8.535,6.667,52.88,41.85,world
676.28,2026-08-29 03:45:55,21.91,0.87,173.07,-10.9,corridor,10.97,cloudy,8.535,6.667,52.90,41.86,world
676.78,2026-08-29 03:45:56,21.91,0.87,173.08,-10.9,corridor,10.99,cloudy,8.662,6.300,52.91,41.87,world
677.28,2026-08-29 03:45:56,21.91,0.88,173.09,-10.9,corridor,11.01,cloudy,8.662,6.300,52.93,41.88,world
677.78,2026-08-29 03:45:57,21.91,0.89,173.10,-10.9,corridor,11.03,cloudy,5.640,5.485,52.94,41.89,world
678.28,2026-08-29 03:45:57,21.91,0.89,173.12,-10.9,corridor,11.05,cloudy,5.640,5.485,52.95,41.90,world
678.78,2026-08-29 03:45:58,21.91,0.90,173.13,-10.9,corridor,11.07,cloudy,5.682,6.022,52.97,41.91,world
679.28,2026-08-29 03:45:58,21.91,0.90,173.14,-10.9,corridor,11.09,cloudy,5.682,6.022,52.98,41.92,world
679.78,2026-08-29 03:45:59,21.91,0.92,173.15,-10.9,corridor,11.11,cloudy,6.178,5.589,53.00,41.93,world
680.28,2026-08-29 03:45:59,21.91,0.92,173.17,-10.9,corridor,11.13,cloudy,6.178,5.589,53.01,41.94,world
680.78,2026-08-29 03:46:00,21.91,0.93,173.18,-10.9,corridor,11.15,cloudy,6.439,5.851,53.02,41.95,world
681.28,2026-08-29 03:46:00,21.72,1.25,173.49,-10.9,corridor,11.17,cloudy,6.439,5.851,53.41,42.07,world
681.78,2026-08-29 03:46:01,21.86,1.23,173.90,-10.9,corridor,11.19,cloudy,8.127,5.873,54.03,42.47,world
682.28,2026-08-29 03:46:01,21.86,1.24,173.91,-31.9,corridor,11.21,cloudy,8.127,5.873,54.07,42.48,world
682.78,2026-08-29 03:46:02,21.86,1.22,173.89,-10.9,corridor,11.23,cloudy,8.063,6.139,54.10,42.47,world
683.28,2026-08-29 03:46:02,21.86,1.21,173.87,-10.9,corridor,11.25,cloudy,8.063,6.139,54.14,42.45,world
683.78,2026-08-29 03:46:03,21.86,1.21,173.88,-10.9,corridor,11.27,cloudy,6.777,5.711,54.15,42.46,world
684.28,2026-08-29 03:46:03,21.86,1.21,173.86,-10.9,corridor,11.29,cloudy,6.777,5.711,54.19,42.45,world
684.78,2026-08-29 03:46:04,21.86,1.21,173.87,-10.9,corridor,11.31,cloudy,6.121,5.888,54.20,42.45,world
685.28,2026-08-29 03:46:04,21.86,1.20,173.86,-10.9,corridor,11.33,cloudy,6.121,5.888,54.23,42.44,world
685.78,2026-08-29 03:46:05,21.58,1.38,173.78,-52.9,corridor,11.35,cloudy,7.498,5.736,54.53,42.20,world
686.28,2026-08-29 03:46:05,20.23,2.23,173.51,-100.9,corridor,11.37,cloudy,7.498,5.736,55.90,41.16,world
686.78,2026-08-29 03:46:06,18.76,2.47,174.24,-10.8,corridor,11.39,cloudy,7.529,5.650,58.04,40.86,world
687.28,2026-08-29 03:46:06,18.30,2.62,176.59,-10.8,corridor,11.41,cloudy,7.529,5.650,60.44,42.54,world
687.78,2026-08-29 03:46:07,17.80,2.19,179.13,-10.8,corridor,11.43,cloudy,9.496,6.734,63.03,44.43,world
688.28,2026-08-29 03:46:07,17.26,1.04,181.60,-10.8,corridor,11.45,cloudy,9.496,6.734,65.56,44.10,world
688.78,2026-08-29 03:46:08,16.77,-0.03,184.10,-10.8,corridor,11.47,cloudy,6.920,6.007,68.11,43.39,world
689.28,2026-08-29 03:46:08,16.29,-1.01,186.60,-10.8,corridor,11.49,cloudy,6.920,6.007,70.65,42.82,world
689.78,2026-08-29 03:46:09,15.82,-1.35,189.14,-10.8,corridor,11.51,cloudy,6.098,5.859,73.24,42.41,world
690.28,2026-08-29 03:46:09,15.34,-1.50,191.65,-10.8,corridor,11.53,cloudy,6.098,5.859,75.79,42.15,world
690.78,2026-08-29 03:46:10,14.88,-1.57,194.13,-10.8,corridor,11.55,cloudy,9.714,6.415,78.32,42.05,world
691.28,2026-08-29 03:46:10,14.41,-1.68,196.63,-10.8,corridor,11.57,cloudy,9.714,6.415,80.86,42.10,world
691.78,2026-08-29 03:46:11,13.94,-1.76,199.12,-10.8,corridor,11.59,cloudy,7.138,5.714,83.40,42.30,world
692.28,2026-08-29 03:46:11,13.47,-1.80,201.59,-10.8,corridor,11.61,cloudy,7.138,5.714,85.91,42.65,world
692.78,2026-08-29 03:46:12,13.01,-1.77,204.04,-10.8,corridor,11.63,cloudy,7.775,5.461,88.40,43.13,world
693.28,2026-08-29 03:46:12,12.55,-1.66,206.45,-10.8,corridor,11.65,cloudy,7.775,5.461,90.85,43.74,world
693.78,2026-08-29 03:46:13,12.10,-1.51,208.84,-10.8,corridor,11.67,cloudy,6.949,5.340,93.28,44.47,world
694.28,2026-08-29 03:46:13,11.65,-1.32,211.20,-10.8,corridor,11.69,cloudy,6.949,5.340,95.69,45.31,world
694.78,2026-08-29 03:46:14,11.20,-1.15,213.58,-10.8,corridor,11.71,cloudy,7.707,6.040,98.10,46.26,world
695.28,2026-08-29 03:46:14,10.74,-1.11,216.01,-10.8,corridor,11.73,cloudy,7.707,6.040,100.59,47.34,world
695.78,2026-08-29 03:46:15,10.26,-1.24,218.51,-10.8,corridor,11.75,cloudy,7.015,5.630,103.13,48.56,world
696.28,2026-08-29 03:46:15,9.77,-1.45,221.03,-10.8,corridor,11.77,cloudy,7.015,5.630,105.69,49.89,world
696.78,2026-08-29 03:46:16,9.30,-1.56,223.52,-10.8,corridor,11.79,cloudy,7.234,5.466,108.23,51.30,world
697.28,2026-08-29 03:46:16,8.83,-1.52,225.96,-10.8,corridor,11.81,cloudy,7.234,5.466,110.71,52.75,world
697.78,2026-08-29 03:46:17,8.36,-1.48,228.40,-10.8,corridor,11.83,cloudy,8.690,6.130,113.19,54.28,world
698.28,2026-08-29 03:46:17,7.89,-1.48,230.85,-10.8,corridor,11.85,cloudy,8.690,6.130,115.70,55.90,world
698.78,2026-08-29 03:46:18,7.43,-1.35,233.24,-10.8,corridor,11.87,cloudy,7.220,5.693,118.13,57.53,world
699.28,2026-08-29 03:46:18,7.00,-0.97,235.47,-10.8,corridor,11.89,cloudy,7.220,5.693,120.40,59.09,world
699.78,2026-08-29 03:46:19,6.59,-0.50,237.62,-10.8,corridor,11.91,cloudy,11.052,16.737,122.59,60.65,world
700.28,2026-08-29 03:46:19,6.15,-0.16,239.88,-10.8,corridor,11.93,cloudy,11.052,16.737,124.89,62.32,world
700.78,2026-08-29 03:46:20,5.69,-0.07,242.29,-10.8,corridor,11.95,cloudy,10.286,6.902,127.34,64.16,world
701.28,2026-08-29 03:46:20,5.22,-0.03,244.73,-10.8,corridor,11.97,cloudy,10.286,6.902,129.83,65.67,world
701.78,2026-08-29 03:46:21,4.76,0.13,247.11,-10.8,corridor,11.99,cloudy,7.916,5.948,132.25,67.12,world
702.28,2026-08-29 03:46:21,4.31,0.42,249.41,-10.8,corridor,12.01,cloudy,7.916,5.948,134.60,68.57,world
702.78,2026-08-29 03:46:22,3.87,0.75,251.69,-10.8,corridor,12.03,cloudy,7.729,8.067,136.91,70.06,world
703.28,2026-08-29 03:46:22,3.44,1.14,253.91,-10.8,corridor,12.05,cloudy,7.729,8.067,139.18,71.55,world
703.78,2026-08-29 03:46:23,3.03,1.62,256.05,-10.8,corridor,12.07,cloudy,7.505,5.899,141.36,73.02,world
704.28,2026-08-29 03:46:23,2.62,2.16,258.12,-10.8,corridor,12.09,cloudy,7.505,5.899,143.47,74.49,world
704.78,2026-08-29 03:46:24,2.22,2.73,260.18,-10.8,corridor,12.11,cloudy,8.250,6.014,145.56,75.96,world
705.28,2026-08-29 03:46:24,1.82,3.28,262.24,-10.8,corridor,12.13,cloudy,8.250,6.014,147.67,77.48,world
705.78,2026-08-29 03:46:25,1.42,3.82,264.32,-10.8,corridor,12.15,cloudy,5.999,5.524,149.78,79.03,world
706.28,2026-08-29 03:46:25,1.01,4.36,266.39,-10.8,corridor,12.17,cloudy,5.999,5.524,151.90,80.60,world
706.78,2026-08-29 03:46:26,0.60,4.88,268.50,-10.8,corridor,12.19,cloudy,7.271,5.884,154.04,82.23,world
707.28,2026-08-29 03:46:26,0.05,5.38,270.83,-10.8,corridor,12.21,cloudy,7.271,5.884,156.45,84.00,world
707.78,2026-08-29 03:46:27,-0.37,5.77,273.05,-10.8,corridor,12.23,cloudy,6.249,5.714,158.71,85.77,world
708.28,2026-08-29 03:46:27,-0.80,6.13,275.30,-10.8,corridor,12.25,cloudy,6.249,5.714,160.99,87.58,world
708.78,2026-08-29 03:46:28,-1.22,6.51,277.53,-10.8,corridor,12.27,cloudy,11.906,5.362,163.26,86.57,world
709.28,2026-08-29 03:46:28,-1.63,6.97,279.69,-10.8,corridor,12.29,cloudy,11.906,5.362,165.47,85.60,world
709.78,2026-08-29 03:46:29,-2.03,7.47,281.82,-10.8,corridor,12.31,cloudy,7.152,5.718,167.63,84.70,world
710.28,2026-08-29 03:46:29,-0.99,7.34,282.30,67.7,corridor,12.33,cloudy,7.152,5.718,168.82,85.60,world
710.78,2026-08-29 03:46:30,-0.76,7.58,284.24,-10.9,corridor,12.35,cloudy,8.081,5.957,171.05,85.42,world
711.28,2026-08-29 03:46:30,-1.27,7.75,284.82,-10.8,corridor,12.37,cloudy,8.081,5.957,171.95,84.81,world
711.78,2026-08-29 03:46:31,-1.83,7.86,284.71,-100.8,corridor,12.39,cloudy,10.137,6.669,172.52,84.28,world
712.28,2026-08-29 03:46:31,-4.14,8.13,284.26,-100.8,corridor,12.41,cloudy,10.137,6.669,174.87,82.11,world
712.78,2026-08-29 03:46:32,-5.18,8.16,283.94,-142.9,corridor,12.43,cloudy,7.443,6.114,176.06,81.16,world
713.28,2026-08-29 03:46:32,-5.46,8.26,285.85,-10.7,corridor,12.45,cloudy,7.443,6.114,178.17,80.50,world
713.78,2026-08-29 03:46:33,-5.52,8.27,286.13,-21.3,corridor,12.47,cloudy,7.802,6.086,178.47,80.38,world
714.28,2026-08-29 03:46:33,-7.80,8.26,285.70,-100.7,corridor,12.49,cloudy,7.802,6.086,180.79,78.23,world
714.78,2026-08-29 03:46:34,-10.27,8.21,285.23,-100.7,corridor,12.51,cloudy,8.359,7.280,183.31,75.90,world
715.28,2026-08-29 03:46:34,-12.76,8.11,284.75,-100.7,corridor,12.53,cloudy,8.359,7.280,185.84,73.58,world
715.78,2026-08-29 03:46:35,-13.49,8.17,286.78,-10.5,corridor,12.55,cloudy,8.046,5.659,188.10,72.44,world
716.28,2026-08-29 03:46:35,-13.94,8.31,289.17,-10.5,corridor,12.57,cloudy,8.046,5.659,190.53,71.55,world
716.78,2026-08-29 03:46:36,-14.40,8.39,291.60,-10.5,corridor,12.59,cloudy,7.146,5.698,193.00,70.73,world
717.28,2026-08-29 03:46:36,-14.86,8.43,294.04,-10.5,corridor,12.61,cloudy,7.146,5.698,195.48,69.98,world
717.78,2026-08-29 03:46:37,-15.31,8.55,296.44,-10.5,corridor,12.63,cloudy,8.199,6.508,197.93,69.33,world
718.28,2026-08-29 03:46:37,-15.74,8.82,298.75,-10.5,corridor,12.65,cloudy,8.199,6.508,200.28,68.77,world
718.78,2026-08-29 03:46:38,-16.17,9.14,301.04,-10.5,corridor,12.67,cloudy,8.990,6.130,202.60,68.29,world
719.28,2026-08-29 03:46:38,-16.61,9.34,303.40,-10.5,corridor,12.69,cloudy,8.990,6.130,205.00,67.88,world
719.78,2026-08-29 03:46:39,-17.07,9.43,305.81,-10.5,corridor,12.71,cloudy,10.746,7.082,207.46,67.55,world
720.28,2026-08-29 03:46:39,-17.52,9.46,308.26,-10.5,corridor,12.73,cloudy,10.746,7.082,209.95,67.30,world
720.78,2026-08-29 03:46:40,-17.99,9.37,310.74,-10.5,corridor,12.75,cloudy,9.986,6.182,212.48,67.14,world
721.28,2026-08-29 03:46:40,-18.47,9.15,313.26,-10.5,corridor,12.77,cloudy,9.986,6.182,215.04,67.08,world
721.78,2026-08-29 03:46:41,-18.95,8.83,315.80,-10.5,corridor,12.79,cloudy,38.335,6.348,217.63,67.11,world
722.28,2026-08-29 03:46:41,-19.43,8.42,318.35,-10.5,corridor,12.81,cloudy,38.335,6.348,220.22,67.23,world
722.78,2026-08-29 03:46:42,-19.92,7.89,320.90,-10.5,corridor,12.83,cloudy,12.610,6.326,222.82,67.46,world
723.28,2026-08-29 03:46:42,-20.41,7.32,323.45,-10.5,corridor,12.85,cloudy,12.610,6.326,225.42,67.79,world
723.78,2026-08-29 03:46:43,-20.89,6.82,326.00,-10.5,corridor,12.87,cloudy,10.916,6.362,228.01,68.21,world
724.28,2026-08-29 03:46:43,-21.37,6.32,328.55,-10.5,corridor,12.89,cloudy,10.916,6.362,230.61,68.73,world
724.78,2026-08-29 03:46:44,-22.60,6.15,328.55,-91.0,corridor,12.91,cloudy,9.609,6.700,231.84,67.61,world
725.28,2026-08-29 03:46:44,-23.51,5.67,330.58,-10.5,corridor,12.93,cloudy,9.609,6.700,234.32,67.63,world
725.78,2026-08-29 03:46:45,-23.99,5.17,333.13,-10.5,corridor,12.95,cloudy,8.884,6.339,236.92,68.35,world
726.28,2026-08-29 03:46:45,-24.37,4.76,335.22,-10.5,corridor,12.97,cloudy,8.884,6.339,239.04,69.01,world
726.78,2026-08-29 03:46:46,-23.86,4.74,335.25,86.0,corridor,12.99,cloudy,7.175,6.319,239.55,69.47,world
727.28,2026-08-29 03:46:46,-22.77,4.68,335.36,79.5,corridor,13.01,cloudy,7.175,6.319,240.65,70.49,world
727.78,2026-08-29 03:46:47,-23.10,4.27,337.16,-10.5,corridor,13.03,cloudy,8.794,5.865,242.47,71.08,world
728.28,2026-08-29 03:46:47,-22.81,3.89,338.89,-10.6,corridor,13.05,cloudy,8.794,5.865,244.38,72.22,world
728.78,2026-08-29 03:46:48,-23.40,3.45,341.20,-10.6,corridor,13.07,cloudy,8.771,5.774,246.82,72.95,world
729.28,2026-08-29 03:46:48,-23.88,2.87,343.75,-10.6,corridor,13.09,cloudy,8.771,5.774,249.41,73.99,world
729.78,2026-08-29 03:46:49,-24.26,2.50,345.04,-10.5,corridor,13.11,cloudy,9.676,6.395,250.79,74.43,world
730.28,2026-08-29 03:46:49,-25.28,1.92,347.10,-10.5,corridor,13.13,cloudy,9.676,6.395,253.13,74.85,world
730.78,2026-08-29 03:46:50,-25.75,1.38,349.64,-10.5,corridor,13.15,cloudy,11.680,6.046,255.73,76.07,world
731.28,2026-08-29 03:46:50,-26.22,1.06,352.18,-10.5,corridor,13.17,cloudy,11.680,6.046,258.31,77.35,world
731.78,2026-08-29 03:46:51,-26.69,0.77,354.72,-10.5,corridor,13.19,cloudy,8.973,5.462,260.89,78.70,world
732.28,2026-08-29 03:46:51,-26.94,0.41,356.94,-10.5,corridor,13.21,cloudy,8.973,5.462,263.21,80.05,world
732.78,2026-08-29 03:46:52,-26.61,0.28,357.61,-10.5,corridor,13.23,cloudy,7.542,5.886,263.97,80.74,world
733.28,2026-08-29 03:46:52,-26.61,0.28,357.60,79.5,corridor,13.25,cloudy,7.542,5.886,263.97,80.74,world
733.78,2026-08-29 03:46:53,-26.60,0.29,357.59,79.5,corridor,13.27,cloudy,6.607,5.718,263.98,80.74,world
734.28,2026-08-29 03:46:53,-26.62,0.28,357.61,-10.5,corridor,13.29,cloudy,6.607,5.718,264.00,80.74,world
734.78,2026-08-29 03:46:54,-26.62,0.28,357.61,79.5,corridor,13.31,cloudy,13.211,7.803,264.00,80.74,world
735.28,2026-08-29 03:46:54,-26.62,0.28,357.61,79.5,corridor,13.33,cloudy,13.211,7.803,264.00,80.74,world
735.78,2026-08-29 03:46:55,-26.62,0.28,357.61,79.5,corridor,13.35,cloudy,6.879,5.947,264.00,80.74,world
736.28,2026-08-29 03:46:55,-26.62,0.28,357.61,-10.5,corridor,13.37,cloudy,6.879,5.947,264.00,80.74,world
736.78,2026-08-29 03:46:56,-26.62,0.28,357.60,-100.5,corridor,13.39,cloudy,6.272,5.819,264.02,80.74,world
737.28,2026-08-29 03:46:56,-26.62,0.28,357.60,-100.5,corridor,13.41,cloudy,6.272,5.819,264.02,80.74,world
737.78,2026-08-29 03:46:57,-26.62,0.28,357.60,-42.1,corridor,13.43,cloudy,9.069,6.660,264.04,80.74,world
738.28,2026-08-29 03:46:57,-26.62,0.28,357.60,-100.5,corridor,13.45,cloudy,9.069,6.660,264.04,80.74,world
738.78,2026-08-29 03:46:58,-26.62,0.28,357.60,-100.5,corridor,13.47,cloudy,7.621,5.907,264.04,80.74,world
739.28,2026-08-29 03:46:58,-26.62,0.28,357.61,-10.5,corridor,13.49,cloudy,7.621,5.907,264.04,80.74,world
739.78,2026-08-29 03:46:59,-26.62,0.28,357.61,-100.5,corridor,13.51,cloudy,7.108,5.584,264.04,80.74,world
740.28,2026-08-29 03:46:59,-26.62,0.28,357.61,-100.5,corridor,13.53,cloudy,7.108,5.584,264.04,80.74,world
740.78,2026-08-29 03:47:00,-26.62,0.28,357.61,-100.5,corridor,13.55,cloudy,7.001,5.827,264.04,80.74,world
741.28,2026-08-29 03:47:00,-26.62,0.28,357.61,-10.5,corridor,13.57,cloudy,7.001,5.827,264.04,80.74,world
741.78,2026-08-29 03:47:01,-26.62,0.28,357.61,79.5,corridor,13.59,cloudy,6.529,5.659,264.04,80.74,world
742.28,2026-08-29 03:47:01,-26.62,0.28,357.61,-10.5,corridor,13.61,cloudy,6.529,5.659,264.04,80.74,world
742.78,2026-08-29 03:47:02,-26.62,0.28,357.61,79.5,corridor,13.63,cloudy,6.626,5.562,264.04,80.74,world
743.28,2026-08-29 03:47:02,-26.62,0.28,357.61,79.5,corridor,13.65,cloudy,6.626,5.562,264.04,80.74,world
743.78,2026-08-29 03:47:03,-26.62,0.28,357.61,37.4,corridor,13.67,cloudy,6.724,5.536,264.04,80.74,world
744.28,2026-08-29 03:47:03,-26.62,0.28,357.61,79.5,corridor,13.69,cloudy,6.724,5.536,264.04,80.74,world
744.78,2026-08-29 03:47:04,-26.62,0.28,357.61,79.5,corridor,13.71,cloudy,7.237,5.436,264.04,80.74,world
745.28,2026-08-29 03:47:04,-26.62,0.28,357.61,79.5,corridor,13.73,cloudy,7.237,5.436,264.04,80.74,world
745.78,2026-08-29 03:47:05,-26.62,0.28,357.61,47.9,corridor,13.75,cloudy,6.634,5.589,264.04,80.74,world
746.28,2026-08-29 03:47:05,-26.62,0.28,357.61,-94.6,corridor,13.77,cloudy,6.634,5.589,264.05,80.74,world
746.78,2026-08-29 03:47:06,-26.62,0.28,357.60,-100.5,corridor,13.79,cloudy,7.846,6.047,264.05,80.74,world
747.28,2026-08-29 03:47:06,-26.62,0.28,357.61,-10.5,corridor,13.81,cloudy,7.846,6.047,264.06,80.74,world
747.78,2026-08-29 03:47:07,-26.62,0.28,357.61,-100.5,corridor,13.83,cloudy,7.508,7.245,264.06,80.74,world
748.28,2026-08-29 03:47:07,-26.62,0.28,357.61,-100.5,corridor,13.85,cloudy,7.508,7.245,264.06,80.74,world
748.78,2026-08-29 03:47:08,-26.62,0.28,357.61,-10.5,corridor,13.87,cloudy,5.661,5.371,264.06,80.74,world
749.28,2026-08-29 03:47:08,-26.62,0.28,357.60,-100.5,corridor,13.89,cloudy,5.661,5.371,264.07,80.74,world
749.78,2026-08-29 03:47:09,-26.62,0.28,357.60,-100.5,corridor,13.91,cloudy,8.734,6.040,264.07,80.74,world
750.28,2026-08-29 03:47:09,-26.62,0.28,357.60,-100.5,corridor,13.93,cloudy,8.734,6.040,264.07,80.74,world
750.78,2026-08-29 03:47:10,-26.62,0.28,357.60,-10.5,corridor,13.95,cloudy,7.966,5.479,264.07,80.74,world
751.28,2026-08-29 03:47:10,-26.57,0.29,357.56,79.5,corridor,13.97,cloudy,7.966,5.479,264.13,80.74,world
751.78,2026-08-29 03:47:11,-26.57,0.29,357.56,37.4,corridor,13.99,cloudy,5.842,5.442,264.13,80.74,world
752.28,2026-08-29 03:47:11,-26.57,0.29,357.56,79.4,corridor,14.01,cloudy,5.842,5.442,264.13,80.74,world
752.78,2026-08-29 03:47:12,-26.57,0.29,357.56,79.4,corridor,14.03,cloudy,6.341,5.368,264.13,80.74,world
753.28,2026-08-29 03:47:12,-26.57,0.29,357.56,79.4,corridor,14.05,cloudy,6.341,5.368,264.13,80.74,world
753.78,2026-08-29 03:47:13,-26.57,0.29,357.56,21.0,corridor,14.07,cloudy,7.934,6.025,264.13,80.74,world
754.28,2026-08-29 03:47:13,-26.57,0.29,357.56,79.4,corridor,14.09,cloudy,7.934,6.025,264.13,80.74,world
754.78,2026-08-29 03:47:14,-26.57,0.29,357.56,79.4,corridor,14.11,cloudy,9.635,6.966,264.13,80.74,world
755.28,2026-08-29 03:47:14,-26.57,0.29,357.56,79.4,corridor,14.13,cloudy,9.635,6.966,264.13,80.74,world
755.78,2026-08-29 03:47:15,-26.61,0.29,357.56,-31.6,corridor,14.15,cloudy,7.499,5.661,264.16,80.72,world
756.28,2026-08-29 03:47:15,-26.68,0.33,357.33,-100.6,corridor,14.17,cloudy,7.499,5.661,264.41,80.50,world
756.78,2026-08-29 03:47:16,-26.68,0.33,357.33,-10.5,corridor,14.19,cloudy,7.718,6.015,264.41,80.50,world
757.28,2026-08-29 03:47:16,-26.68,0.33,357.33,-100.5,corridor,14.21,cloudy,7.718,6.015,264.41,80.50,world
757.78,2026-08-29 03:47:17,-26.68,0.33,357.33,-100.5,corridor,14.23,cloudy,7.130,10.811,264.41,80.50,world
758.28,2026-08-29 03:47:17,-26.68,0.33,357.33,-10.5,corridor,14.25,cloudy,7.130,10.811,264.41,80.50,world
758.78,2026-08-29 03:47:18,-26.68,0.33,357.33,-100.5,corridor,14.27,cloudy,6.325,5.475,264.41,80.50,world
759.28,2026-08-29 03:47:18,-26.68,0.33,357.33,-100.5,corridor,14.29,cloudy,6.325,5.475,264.41,80.50,world
759.78,2026-08-29 03:47:19,-26.68,0.33,357.33,-100.5,corridor,14.31,cloudy,9.789,5.953,264.41,80.50,world
760.28,2026-08-29 03:47:19,-26.68,0.33,357.33,-10.5,corridor,14.33,cloudy,9.789,5.953,264.41,80.50,world
760.78,2026-08-29 03:47:20,-25.55,0.34,357.40,79.5,corridor,14.35,cloudy,6.560,5.889,265.55,81.36,world
761.28,2026-08-29 03:47:20,-22.99,0.48,357.62,79.5,corridor,14.37,cloudy,6.560,5.889,268.18,83.39,world
761.78,2026-08-29 03:47:21,-22.62,0.26,359.62,-10.7,corridor,14.39,cloudy,7.600,5.844,270.49,85.02,world
762.28,2026-08-29 03:47:21,-23.10,-0.05,362.15,-10.7,corridor,14.41,cloudy,7.600,5.844,273.07,86.43,world
762.78,2026-08-29 03:47:22,-23.59,-0.35,364.69,-10.7,corridor,14.43,cloudy,9.107,5.498,275.65,87.90,world
763.28,2026-08-29 03:47:22,-24.08,-0.85,367.24,-10.7,corridor,14.45,cloudy,9.107,5.498,278.25,89.43,world
763.78,2026-08-29 03:47:23,-24.56,-1.50,369.78,-10.7,corridor,14.47,cloudy,8.787,5.173,280.83,91.00,world
764.28,2026-08-29 03:47:23,-25.05,-2.02,372.33,-10.7,corridor,14.49,cloudy,8.787,5.173,283.43,92.62,world
764.78,2026-08-29 03:47:24,-25.53,-2.19,374.83,-10.7,corridor,14.51,cloudy,7.638,5.155,285.98,94.25,world
765.28,2026-08-29 03:47:24,-25.99,-2.16,377.28,-10.7,corridor,14.53,cloudy,7.638,5.155,288.47,95.89,world
765.78,2026-08-29 03:47:25,-26.44,-2.05,379.69,-10.7,corridor,14.55,cloudy,7.688,5.028,290.92,97.54,world
766.28,2026-08-29 03:47:25,-26.88,-1.84,382.05,-10.7,corridor,14.57,cloudy,7.688,5.028,293.32,99.19,world
766.78,2026-08-29 03:47:26,-27.32,-1.60,384.38,-10.7,corridor,14.59,cloudy,6.753,4.893,295.69,100.85,world
767.28,2026-08-29 03:47:26,-27.76,-1.39,386.73,-10.7,corridor,14.61,cloudy,6.753,4.893,298.09,102.56,world
767.78,2026-08-29 03:47:27,-28.22,-1.25,389.13,-10.7,corridor,14.63,cloudy,7.714,5.532,300.53,104.32,world
768.28,2026-08-29 03:47:27,-28.68,-1.22,391.57,-10.7,corridor,14.65,cloudy,7.714,5.532,303.01,106.14,world
768.78,2026-08-29 03:47:28,-29.15,-1.34,394.06,-10.7,corridor,14.67,cloudy,13.807,5.790,305.55,108.02,world
769.28,2026-08-29 03:47:28,-29.63,-1.69,396.61,-10.7,corridor,14.69,cloudy,13.807,5.790,308.14,109.98,world
769.78,2026-08-29 03:47:29,-30.11,-2.19,399.16,-10.7,corridor,14.71,cloudy,11.236,7.361,310.73,111.96,world
770.28,2026-08-29 03:47:29,-30.59,-2.75,401.71,-10.7,corridor,14.73,cloudy,11.236,7.361,313.33,113.97,world
770.78,2026-08-29 03:47:30,-31.07,-3.22,404.26,-10.7,corridor,14.75,cloudy,11.142,8.721,315.92,116.00,world
771.28,2026-08-29 03:47:30,-31.54,-3.41,406.77,-10.7,corridor,14.77,cloudy,11.142,8.721,318.48,118.02,world
771.78,2026-08-29 03:47:31,-32.00,-3.37,409.21,-10.7,corridor,14.79,cloudy,9.874,6.100,320.96,120.01,world
772.28,2026-08-29 03:47:31,-32.44,-3.23,411.60,-10.7,corridor,14.81,cloudy,9.874,6.100,323.39,121.97,world
772.78,2026-08-29 03:47:32,-32.88,-3.02,413.96,-10.7,corridor,14.83,cloudy,9.636,6.249,325.79,123.93,world
773.28,2026-08-29 03:47:32,-33.32,-2.79,416.30,-10.7,corridor,14.85,cloudy,9.636,6.249,328.17,125.88,world
773.78,2026-08-29 03:47:33,-33.77,-2.62,418.68,-10.7,corridor,14.87,cloudy,12.123,6.707,330.59,127.88,world
774.28,2026-08-29 03:47:33,-34.23,-2.60,421.12,-10.7,corridor,14.89,cloudy,12.123,6.707,333.08,129.95,world
774.78,2026-08-29 03:47:34,-34.69,-2.77,423.63,-10.7,corridor,14.91,cloudy,10.633,7.575,335.63,132.09,world
775.28,2026-08-29 03:47:34,-35.17,-3.11,426.17,-10.7,corridor,14.93,cloudy,10.633,7.575,338.22,134.27,world
775.78,2026-08-29 03:47:35,-35.64,-3.47,428.72,-10.7,corridor,14.95,cloudy,14.477,8.306,340.81,136.47,world
776.28,2026-08-29 03:47:35,-36.11,-3.74,431.25,-10.7,corridor,14.97,cloudy,14.477,8.306,343.38,138.68,world
776.78,2026-08-29 03:47:36,-36.58,-3.88,433.76,-10.7,corridor,14.99,cloudy,11.710,7.160,345.93,140.87,world
777.28,2026-08-29 03:47:36,-37.04,-3.93,436.23,-10.7,corridor,15.01,cloudy,11.710,7.160,348.45,143.05,world
777.78,2026-08-29 03:47:37,-37.50,-3.99,438.71,-10.7,corridor,15.03,cloudy,11.907,6.769,350.97,145.24,world
778.28,2026-08-29 03:47:37,-37.97,-4.13,441.22,-10.7,corridor,15.05,cloudy,11.907,6.769,353.52,147.46,world
778.78,2026-08-29 03:47:38,-38.44,-4.29,443.73,-10.7,corridor,15.07,cloudy,11.793,34.423,356.07,149.70,world
779.28,2026-08-29 03:47:38,-38.90,-4.33,446.19,-10.7,corridor,15.09,cloudy,11.793,34.423,358.58,151.91,world
779.78,2026-08-29 03:47:39,-39.35,-4.18,448.58,-10.7,corridor,15.11,cloudy,8.240,5.616,361.01,154.05,world
780.28,2026-08-29 03:47:39,-39.79,-3.90,450.88,-10.7,corridor,15.13,cloudy,8.240,5.616,363.36,156.13,world
780.78,2026-08-29 03:47:40,-40.22,-3.50,453.10,-10.7,corridor,15.15,cloudy,9.667,6.577,365.62,158.14,world
781.28,2026-08-29 03:47:40,-40.65,-3.08,455.32,-10.7,corridor,15.17,cloudy,9.667,6.577,367.88,160.15,world
781.78,2026-08-29 03:47:41,-41.09,-2.76,457.62,-10.7,corridor,15.19,cloudy,9.154,7.163,370.22,162.24,world
782.28,2026-08-29 03:47:41,-41.54,-2.49,459.95,-10.7,corridor,15.21,cloudy,9.154,7.163,372.59,164.38,world
782.78,2026-08-29 03:47:42,-41.99,-2.19,462.26,-10.7,corridor,15.23,cloudy,6.277,5.995,374.95,166.49,world
783.28,2026-08-29 03:47:42,-42.43,-1.87,464.56,-10.7,corridor,15.25,cloudy,6.277,5.995,377.28,168.60,world
783.78,2026-08-29 03:47:43,-42.89,-1.67,466.92,-10.7,corridor,15.27,cloudy,7.084,5.245,379.69,170.78,world
784.28,2026-08-29 03:47:43,-43.36,-1.70,469.39,-10.7,corridor,15.29,cloudy,7.084,5.245,382.21,173.07,world
784.78,2026-08-29 03:47:44,-43.84,-1.84,471.90,-10.7,corridor,15.31,cloudy,7.770,5.506,384.76,175.39,world
785.28,2026-08-29 03:47:44,-44.32,-1.97,474.40,-10.7,corridor,15.33,cloudy,7.770,5.506,387.30,173.23,world
785.78,2026-08-29 03:47:45,-44.79,-1.96,476.85,-10.7,corridor,15.35,cloudy,7.725,6.073,389.80,170.74,world
786.28,2026-08-29 03:47:45,-45.24,-1.78,479.22,-10.7,corridor,15.37,cloudy,7.725,6.073,392.21,168.34,world
786.78,2026-08-29 03:47:46,-45.68,-1.52,481.54,-10.7,corridor,15.39,cloudy,7.580,5.921,394.58,165.99,world
787.28,2026-08-29 03:47:46,-46.12,-1.32,483.90,-10.7,corridor,15.41,cloudy,7.580,5.921,396.97,163.60,world
787.78,2026-08-29 03:47:47,-46.58,-1.28,486.34,-10.7,corridor,15.43,cloudy,7.585,5.513,399.46,161.13,world
788.28,2026-08-29 03:47:47,-47.05,-1.32,488.81,-10.7,corridor,15.45,cloudy,7.585,5.513,401.97,158.63,world
788.78,2026-08-29 03:47:48,-47.52,-1.33,491.27,-10.7,corridor,15.47,cloudy,7.784,5.555,404.48,156.13,world
789.28,2026-08-29 03:47:48,-47.98,-1.30,493.72,-10.7,corridor,15.49,cloudy,7.784,5.555,406.97,153.66,world
789.78,2026-08-29 03:47:49,-48.45,-1.31,496.18,-10.7,corridor,15.51,cloudy,6.922,5.629,409.48,151.17,world
790.28,2026-08-29 03:47:49,-48.92,-1.33,498.65,-10.7,corridor,15.53,cloudy,6.922,5.629,411.99,148.67,world
790.78,2026-08-29 03:47:50,-49.38,-1.30,501.09,-10.7,corridor,15.55,cloudy,9.126,5.608,414.47,146.20,world
791.28,2026-08-29 03:47:50,-49.85,-1.29,503.54,-10.7,corridor,15.57,cloudy,9.126,5.608,416.97,143.72,world
791.78,2026-08-29 03:47:51,-50.32,-1.42,506.04,-10.7,corridor,15.59,cloudy,7.408,6.248,419.51,141.19,world
792.28,2026-08-29 03:47:51,-50.80,-1.60,508.55,-10.7,corridor,15.61,cloudy,7.408,6.248,422.07,138.65,world
792.78,2026-08-29 03:47:52,-51.27,-1.74,511.05,-10.7,corridor,15.63,cloudy,9.267,5.981,424.61,136.12,world
793.28,2026-08-29 03:47:52,-51.75,-1.87,513.55,-10.7,corridor,15.65,cloudy,9.267,5.981,427.16,133.60,world
793.78,2026-08-29 03:47:53,-52.22,-1.99,516.05,-10.7,corridor,15.67,cloudy,7.941,5.533,429.70,131.07,world
794.28,2026-08-29 03:47:53,-52.70,-2.04,518.53,-10.7,corridor,15.69,cloudy,7.941,5.533,432.22,128.57,world
794.78,2026-08-29 03:47:54,-53.16,-1.99,520.97,-10.7,corridor,15.71,cloudy,8.101,5.572,434.70,126.11,world
795.28,2026-08-29 03:47:54,-53.62,-1.81,523.35,-10.7,corridor,15.73,cloudy,8.101,5.572,437.13,123.70,world
795.78,2026-08-29 03:47:55,-54.07,-1.58,525.70,-10.7,corridor,15.75,cloudy,8.110,5.587,439.52,121.33,world
796.28,2026-08-29 03:47:55,-54.53,-1.39,528.07,-10.7,corridor,15.77,cloudy,8.110,5.587,441.94,118.93,world
796.78,2026-08-29 03:47:56,-54.99,-1.25,530.47,-10.7,corridor,15.79,cloudy,8.500,5.851,444.38,116.51,world
797.28,2026-08-29 03:47:56,-55.45,-1.21,532.91,-10.7,corridor,15.81,cloudy,8.500,5.851,446.87,114.05,world
797.78,2026-08-29 03:47:57,-55.93,-1.29,535.40,-10.7,corridor,15.83,cloudy,9.523,6.677,449.40,111.54,world
798.28,2026-08-29 03:47:57,-56.41,-1.43,537.91,-10.7,corridor,15.85,cloudy,9.523,6.677,451.95,109.01,world
798.78,2026-08-29 03:47:58,-57.10,-1.65,539.55,-10.6,corridor,15.87,cloudy,7.763,5.660,453.92,107.23,world
799.28,2026-08-29 03:47:58,-58.15,-1.91,540.40,-10.6,corridor,15.89,cloudy,7.763,5.660,455.29,106.09,world
799.78,2026-08-29 03:47:59,-58.81,-2.18,542.81,-10.6,corridor,15.91,cloudy,9.009,6.062,457.80,103.60,world
800.28,2026-08-29 03:47:59,-59.29,-2.54,545.35,-10.6,corridor,15.93,cloudy,9.009,6.062,460.39,101.04,world
800.78,2026-08-29 03:48:00,-59.77,-2.95,547.89,-10.6,corridor,15.95,cloudy,7.122,5.823,462.98,98.48,world
801.28,2026-08-29 03:48:00,-60.25,-3.13,550.40,-10.6,corridor,15.97,cloudy,7.122,5.823,465.53,95.96,world
801.78,2026-08-29 03:48:01,-60.70,-2.94,552.76,-10.6,corridor,15.99,cloudy,8.629,6.974,467.94,93.58,world
802.28,2026-08-29 03:48:01,-61.12,-2.53,554.98,-10.6,corridor,16.01,cloudy,8.629,6.974,470.19,91.35,world
802.78,2026-08-29 03:48:02,-61.54,-2.08,557.16,-10.6,corridor,16.03,cloudy,9.369,5.772,472.41,89.16,world
803.28,2026-08-29 03:48:02,-61.96,-1.64,559.37,-10.6,corridor,16.05,cloudy,9.369,5.772,474.66,86.94,world
803.78,2026-08-29 03:48:03,-62.40,-1.24,561.61,-10.6,corridor,16.07,cloudy,8.242,5.738,476.95,84.68,world
804.28,2026-08-29 03:48:03,-62.84,-0.92,563.91,-10.6,corridor,16.09,cloudy,8.242,5.738,479.29,82.38,world
804.78,2026-08-29 03:48:04,-63.29,-0.59,566.21,-10.6,corridor,16.11,cloudy,7.372,5.734,481.63,80.07,world
805.28,2026-08-29 03:48:04,-63.72,-0.22,568.47,-10.6,corridor,16.13,cloudy,7.372,5.734,483.93,77.81,world
805.78,2026-08-29 03:48:05,-64.14,0.21,570.67,-10.6,corridor,16.15,cloudy,8.279,5.917,486.17,75.61,world
806.28,2026-08-29 03:48:05,-64.55,0.68,572.82,-10.6,corridor,16.17,cloudy,8.279,5.917,488.36,73.46,world
806.78,2026-08-29 03:48:06,-64.96,1.17,574.96,-10.6,corridor,16.19,cloudy,7.315,5.650,490.54,71.33,world
807.28,2026-08-29 03:48:06,-65.37,1.64,577.12,-10.6,corridor,16.21,cloudy,7.315,5.650,492.74,69.18,world
807.78,2026-08-29 03:48:07,-65.80,1.99,579.38,-10.6,corridor,16.23,cloudy,9.161,6.254,495.04,66.93,world
808.28,2026-08-29 03:48:07,-66.26,2.18,581.75,-10.6,corridor,16.25,cloudy,9.161,6.254,497.45,64.57,world
808.78,2026-08-29 03:48:08,-66.71,2.42,584.10,-10.6,corridor,16.27,cloudy,9.268,6.334,499.84,62.25,world
809.28,2026-08-29 03:48:08,-67.13,2.84,586.31,-10.6,corridor,16.29,cloudy,9.268,6.334,502.10,60.05,world
809.78,2026-08-29 03:48:09,-67.55,3.29,588.49,-10.6,corridor,16.31,cloudy,7.149,5.697,504.31,57.91,world
810.28,2026-08-29 03:48:09,-67.97,3.66,590.73,-10.6,corridor,16.33,cloudy,7.149,5.697,506.59,55.70,world
810.78,2026-08-29 03:48:10,-68.42,3.87,593.08,-10.6,corridor,16.35,cloudy,8.661,6.661,508.99,53.39,world
811.28,2026-08-29 03:48:10,-68.86,4.07,595.44,-10.6,corridor,16.37,cloudy,8.661,6.661,511.38,51.09,world
811.78,2026-08-29 03:48:11,-69.30,4.31,597.77,-10.6,corridor,16.39,cloudy,7.854,6.046,513.76,48.82,world
812.28,2026-08-29 03:48:11,-69.74,4.47,600.16,-10.6,corridor,16.41,cloudy,7.854,6.046,516.18,46.51,world
812.78,2026-08-29 03:48:12,-70.19,4.52,602.60,-10.6,corridor,16.43,cloudy,7.446,5.987,518.67,44.17,world
813.28,2026-08-29 03:48:12,-70.64,4.47,605.07,-10.6,corridor,16.45,cloudy,7.446,5.987,521.18,41.81,world
813.78,2026-08-29 03:48:13,-71.10,4.43,607.55,-10.6,corridor,16.47,cloudy,7.692,5.867,523.70,39.46,world
814.28,2026-08-29 03:48:13,-71.55,4.41,610.02,-10.6,corridor,16.49,cloudy,7.692,5.867,526.22,37.14,world
814.78,2026-08-29 03:48:14,-71.99,4.53,612.43,-10.6,corridor,16.51,cloudy,8.144,6.307,528.67,34.91,world
815.28,2026-08-29 03:48:14,-72.41,4.84,614.74,-10.6,corridor,16.53,cloudy,8.144,6.307,531.01,32.80,world
815.78,2026-08-29 03:48:15,-73.00,5.22,617.21,-10.6,corridor,16.55,cloudy,8.633,5.498,533.56,30.49,world
816.28,2026-08-29 03:48:15,-73.43,5.47,619.55,-10.6,corridor,16.57,cloudy,8.633,5.498,0.00,28.43,world
816.78,2026-08-29 03:48:16,-73.86,5.72,621.89,-10.6,corridor,16.59,cloudy,8.008,5.851,0.00,26.42,world
817.28,2026-08-29 03:48:16,-74.28,6.06,624.16,-10.6,corridor,16.61,cloudy,8.008,5.851,0.00,24.53,world
817.78,2026-08-29 03:48:17,-74.69,6.46,626.38,-10.6,corridor,16.63,cloudy,10.075,6.845,0.00,22.76,world
818.28,2026-08-29 03:48:17,-75.11,6.76,628.66,-10.6,corridor,16.65,cloudy,10.075,6.845,0.00,21.03,world
818.78,2026-08-29 03:48:18,-75.56,6.85,631.08,-10.6,corridor,16.67,cloudy,8.618,6.692,0.00,19.34,world
819.28,2026-08-29 03:48:18,-76.03,6.76,633.57,-10.6,corridor,16.69,cloudy,8.618,6.692,0.00,17.78,world
819.78,2026-08-29 03:48:19,-76.50,6.54,636.08,-10.6,corridor,16.71,cloudy,7.648,7.218,0.00,16.45,world
820.28,2026-08-29 03:48:19,-76.98,6.27,638.61,-10.6,corridor,16.73,cloudy,7.648,7.218,0.00,15.43,world
820.78,2026-08-29 03:48:20,-77.45,6.02,641.14,-10.6,corridor,16.75,cloudy,7.959,7.101,0.00,14.80,world
821.28,2026-08-29 03:48:20,-77.93,5.72,643.67,-10.6,corridor,16.77,cloudy,7.959,7.101,0.00,14.14,world
821.78,2026-08-29 03:48:21,-78.32,5.34,646.15,-10.6,corridor,16.79,cloudy,6.737,6.994,0.00,13.21,world
822.28,2026-08-29 03:48:21,-78.43,4.98,648.50,-10.6,corridor,16.81,cloudy,6.737,6.994,0.00,12.46,world
822.78,2026-08-29 03:48:22,-78.91,4.64,651.04,-10.6,corridor,16.83,cloudy,7.484,7.179,0.00,8.99,world
823.28,2026-08-29 03:48:22,-79.38,4.20,653.59,-10.6,corridor,16.85,cloudy,7.484,7.179,0.00,4.92,world
823.78,2026-08-29 03:48:23,-86.53,4.76,652.84,30.4,corridor,16.87,cloudy,9.282,9.163,0.00,6.63,combat
824.28,2026-08-29 03:48:23,-86.54,4.76,652.88,9.4,corridor,16.89,cloudy,9.282,9.163,0.00,5.35,combat_aim
824.78,2026-08-29 03:48:24,-86.98,4.56,655.28,-10.4,corridor,16.91,cloudy,6.563,7.797,0.00,5.21,combat_aim
825.28,2026-08-29 03:48:24,-87.42,4.50,657.76,-10.4,corridor,16.93,cloudy,6.563,7.797,0.00,5.44,combat_aim
825.78,2026-08-29 03:48:25,-87.87,4.50,660.23,-10.4,corridor,16.95,cloudy,8.203,7.924,0.00,6.96,combat_aim
826.28,2026-08-29 03:48:25,-88.32,4.39,662.73,-10.4,corridor,16.97,cloudy,8.203,7.924,0.00,6.53,combat_aim
826.78,2026-08-29 03:48:26,-88.77,4.22,665.24,-10.4,corridor,16.99,cloudy,9.293,9.899,0.00,5.96,combat_aim
827.28,2026-08-29 03:48:26,-89.22,4.03,667.77,-10.4,corridor,17.01,cloudy,9.293,9.899,0.00,6.07,combat_aim
827.78,2026-08-29 03:48:27,-89.68,3.84,670.28,-10.4,corridor,17.03,cloudy,7.357,8.275,0.00,6.52,combat_aim
828.28,2026-08-29 03:48:27,-90.14,3.62,672.80,-10.4,corridor,17.05,cloudy,7.357,8.275,0.00,7.13,combat_aim
828.78,2026-08-29 03:48:28,-90.60,3.44,675.32,-10.4,corridor,17.07,cloudy,10.023,9.013,0.00,7.82,combat_aim
829.28,2026-08-29 03:48:28,-91.05,3.37,677.80,-10.4,corridor,17.09,cloudy,10.023,9.013,0.00,8.51,combat_aim
829.78,2026-08-29 03:48:29,-91.50,3.43,680.23,-10.4,corridor,17.11,cloudy,7.345,8.404,0.00,9.18,combat_aim
830.28,2026-08-29 03:48:29,-91.95,3.50,682.66,-10.4,corridor,17.13,cloudy,7.345,8.404,0.00,9.85,combat_aim
830.78,2026-08-29 03:48:30,-92.40,3.52,685.11,-10.4,corridor,17.15,cloudy,9.330,7.458,0.00,10.56,combat_aim
831.28,2026-08-29 03:48:30,-92.85,3.49,687.58,-10.4,corridor,17.17,cloudy,9.330,7.458,0.00,11.32,combat_aim
831.78,2026-08-29 03:48:31,-93.30,3.43,690.06,-10.4,corridor,17.19,cloudy,8.136,8.227,0.00,12.13,combat_aim
832.28,2026-08-29 03:48:31,-93.75,3.36,692.54,-10.4,corridor,17.21,cloudy,8.136,8.227,0.00,13.31,combat_aim
832.78,2026-08-29 03:48:32,-94.19,3.47,694.96,-10.4,corridor,17.23,cloudy,6.895,8.113,0.00,15.76,combat_aim
833.28,2026-08-29 03:48:32,-94.62,3.65,697.34,-10.4,corridor,17.25,cloudy,6.895,8.113,0.00,18.18,combat_aim
833.78,2026-08-29 03:48:33,-95.06,3.71,699.77,-10.4,corridor,17.27,cloudy,9.060,6.918,0.00,20.65,combat_aim
834.28,2026-08-29 03:48:33,-95.52,3.50,702.28,-10.4,corridor,17.29,cloudy,9.060,6.918,0.00,23.20,combat_aim
834.78,2026-08-29 03:48:34,-95.98,3.23,704.82,-10.4,corridor,17.31,cloudy,7.569,8.012,0.00,22.65,combat_aim
835.28,2026-08-29 03:48:34,-96.43,3.09,707.32,-10.4,corridor,17.33,cloudy,7.569,8.012,0.00,21.16,combat_aim
835.78,2026-08-29 03:48:35,-96.88,3.03,709.80,-10.4,corridor,17.35,cloudy,11.753,10.033,0.00,19.89,combat_aim
836.28,2026-08-29 03:48:35,-97.34,2.91,712.30,-10.4,corridor,17.37,cloudy,11.753,10.033,0.00,18.81,combat_aim
836.78,2026-08-29 03:48:36,-97.80,2.64,714.83,-10.4,corridor,17.39,cloudy,9.506,8.338,0.00,17.42,combat_aim
837.28,2026-08-29 03:48:36,-98.26,2.28,717.38,-10.4,corridor,17.41,cloudy,9.506,8.338,0.00,16.27,combat_aim
837.78,2026-08-29 03:48:37,-98.73,1.88,719.93,-10.4,corridor,17.43,cloudy,10.195,8.520,0.00,15.44,combat_aim
838.28,2026-08-29 03:48:37,-99.19,1.56,722.47,-10.4,corridor,17.45,cloudy,10.195,8.520,0.00,15.47,combat_aim
838.78,2026-08-29 03:48:38,-99.65,1.38,724.98,-10.4,corridor,17.47,cloudy,7.561,8.430,0.00,16.18,combat_aim
839.28,2026-08-29 03:48:38,-100.12,1.15,727.50,-10.4,corridor,17.49,cloudy,7.561,8.430,0.00,17.26,combat_aim
839.78,2026-08-29 03:48:39,-100.59,0.76,730.04,-10.4,corridor,17.51,cloudy,8.643,9.382,0.00,18.64,combat_aim
840.28,2026-08-29 03:48:39,-101.06,0.44,732.58,-10.4,corridor,17.53,cloudy,8.643,9.382,0.00,20.25,combat_aim
840.78,2026-08-29 03:48:40,-101.54,0.23,735.10,-10.4,corridor,17.55,cloudy,9.228,8.205,0.00,19.30,combat_aim
841.28,2026-08-29 03:48:40,-102.01,0.11,737.60,-10.4,corridor,17.57,cloudy,9.228,8.205,0.00,18.51,combat_aim
841.78,2026-08-29 03:48:41,-102.47,0.05,740.09,-10.4,corridor,17.59,cloudy,7.926,8.422,0.00,18.13,combat_aim
842.28,2026-08-29 03:48:41,-102.92,0.04,742.54,-10.4,corridor,17.61,cloudy,7.926,8.422,0.00,18.20,combat_aim
842.78,2026-08-29 03:48:42,-103.37,0.11,744.97,-10.4,corridor,17.63,cloudy,8.450,7.758,0.00,18.69,combat_aim
843.28,2026-08-29 03:48:42,-103.81,0.24,747.38,-10.4,corridor,17.65,cloudy,8.450,7.758,0.00,19.58,combat_aim
843.78,2026-08-29 03:48:43,-104.25,0.30,749.81,-10.4,corridor,17.67,cloudy,6.843,8.281,0.00,20.82,combat_aim
844.28,2026-08-29 03:48:43,-104.72,0.02,752.34,-10.4,corridor,17.69,cloudy,6.843,8.281,0.00,22.44,combat_aim
844.78,2026-08-29 03:48:44,-105.18,-0.59,754.89,-10.4,corridor,17.71,cloudy,8.197,8.694,0.00,24.34,combat_aim
845.28,2026-08-29 03:48:44,-105.64,-1.22,757.43,-10.4,corridor,17.73,cloudy,8.197,8.694,0.00,26.35,combat_aim
845.78,2026-08-29 03:48:45,-106.11,-1.87,759.98,-10.4,corridor,17.75,cloudy,6.253,7.228,0.00,28.34,combat_aim
846.28,2026-08-29 03:48:45,-106.57,-2.59,762.52,-10.4,corridor,17.77,cloudy,6.253,7.228,0.51,30.42,combat_aim
846.78,2026-08-29 03:48:46,-107.03,-3.29,765.05,-10.4,corridor,17.79,cloudy,7.207,6.559,0.95,32.57,combat_aim
847.28,2026-08-29 03:48:46,-107.50,-3.73,767.60,-10.4,corridor,17.81,cloudy,7.207,6.559,3.54,34.78,combat_aim
847.78,2026-08-29 03:48:47,-107.95,-3.86,770.10,-10.4,corridor,17.83,cloudy,7.471,6.529,6.08,37.00,combat_aim
848.28,2026-08-29 03:48:47,-108.41,-3.92,772.58,-10.4,corridor,17.85,cloudy,7.471,6.529,8.60,39.25,combat_aim
848.78,2026-08-29 03:48:48,-108.87,-4.04,775.08,-10.4,corridor,17.87,cloudy,5.303,6.341,11.14,41.54,combat_aim
849.28,2026-08-29 03:48:48,-109.32,-4.12,777.56,-10.4,corridor,17.89,cloudy,5.303,6.341,1.77,43.85,combat_aim
849.78,2026-08-29 03:48:49,-109.77,-4.11,780.02,-10.4,corridor,17.91,cloudy,6.041,6.445,4.26,46.15,combat_aim
850.28,2026-08-29 03:48:49,-110.23,-4.11,782.47,-10.4,corridor,17.93,cloudy,6.041,6.445,6.76,48.47,combat_aim
850.78,2026-08-29 03:48:50,-110.69,-4.14,784.94,-10.4,corridor,17.95,cloudy,6.450,377.734,1.17,50.83,world
851.28,2026-08-29 03:48:50,-111.15,-4.18,787.42,-10.4,corridor,17.97,cloudy,6.450,377.734,3.69,53.20,world
851.78,2026-08-29 03:48:51,-111.61,-4.14,789.87,-10.4,corridor,17.99,cloudy,6.638,6.332,6.18,55.57,world
852.28,2026-08-29 03:48:51,-112.06,-3.98,792.27,-10.4,corridor,18.01,cloudy,6.638,6.332,8.63,57.89,world
852.78,2026-08-29 03:48:52,-112.50,-3.70,794.59,-10.4,corridor,18.03,cloudy,5.519,6.380,10.99,60.16,world
853.28,2026-08-29 03:48:52,-112.93,-3.36,796.88,-10.4,corridor,18.05,cloudy,5.519,6.380,13.31,62.39,world
853.78,2026-08-29 03:48:53,-113.35,-2.96,799.11,-10.4,corridor,18.07,cloudy,5.090,5.968,15.59,64.58,world
854.28,2026-08-29 03:48:53,-113.76,-2.48,801.28,-10.4,corridor,18.09,cloudy,5.090,5.968,17.80,66.71,world
854.78,2026-08-29 03:48:54,-114.16,-1.96,803.42,-10.4,corridor,18.11,cloudy,4.938,6.187,19.97,68.81,world
855.28,2026-08-29 03:48:54,-114.58,-1.51,805.61,-10.4,corridor,18.13,cloudy,4.938,6.187,22.21,70.98,world
855.78,2026-08-29 03:48:55,-115.01,-1.21,807.92,-10.4,corridor,18.15,cloudy,4.893,6.147,24.55,73.26,world
856.28,2026-08-29 03:48:55,-115.46,-1.13,810.34,-10.4,corridor,18.17,cloudy,4.893,6.147,27.02,75.65,world
856.78,2026-08-29 03:48:56,-115.92,-1.19,812.82,-10.4,corridor,18.19,cloudy,5.035,6.041,29.54,78.11,world
857.28,2026-08-29 03:48:56,-116.39,-1.32,815.32,-10.4,corridor,18.21,cloudy,5.035,6.041,32.08,80.52,world
857.78,2026-08-29 03:48:57,-116.85,-1.41,817.81,-10.4,corridor,18.23,cloudy,5.194,6.047,34.62,82.79,world
858.28,2026-08-29 03:48:57,-117.30,-1.36,820.25,-10.4,corridor,18.25,cloudy,5.194,6.047,37.10,85.03,world
858.78,2026-08-29 03:48:58,-117.74,-1.09,822.58,-10.4,corridor,18.27,cloudy,5.293,5.726,39.46,87.18,world
859.28,2026-08-29 03:48:58,-118.14,-0.66,824.76,-10.4,corridor,18.29,cloudy,5.293,5.726,41.69,89.21,world
859.78,2026-08-29 03:48:59,-118.53,-0.14,826.86,-10.4,corridor,18.31,cloudy,4.853,6.268,43.82,91.17,world
860.28,2026-08-29 03:48:59,-118.92,0.40,828.94,-10.4,corridor,18.33,cloudy,4.853,6.268,45.94,93.12,world
860.78,2026-08-29 03:49:00,-119.31,0.93,831.03,-10.4,corridor,18.35,cloudy,8.155,6.703,48.06,95.08,world
861.28,2026-08-29 03:49:00,-119.70,1.44,833.13,-10.4,corridor,18.37,cloudy,8.155,6.703,50.20,97.07,world
861.78,2026-08-29 03:49:01,-120.09,1.95,835.25,-10.4,corridor,18.39,cloudy,5.457,5.767,52.35,99.07,world
862.28,2026-08-29 03:49:01,-120.48,2.48,837.33,-10.4,corridor,18.41,cloudy,5.457,5.767,54.46,101.04,world
862.78,2026-08-29 03:49:02,-120.85,3.06,839.36,-10.4,corridor,18.43,cloudy,5.832,6.710,56.53,102.97,world
863.28,2026-08-29 03:49:02,-121.23,3.67,841.35,-10.4,corridor,18.45,cloudy,5.832,6.710,58.56,104.88,world
863.78,2026-08-29 03:49:03,-121.60,4.28,843.35,-10.4,corridor,18.47,cloudy,5.459,6.670,60.59,106.79,world
864.28,2026-08-29 03:49:03,-121.98,4.87,845.38,-10.4,corridor,18.49,cloudy,5.459,6.670,62.66,108.74,world
864.78,2026-08-29 03:49:04,-122.37,5.40,847.47,-10.4,corridor,18.51,cloudy,6.191,6.301,64.78,110.75,world
865.28,2026-08-29 03:49:04,-122.78,5.85,849.65,-10.4,corridor,18.53,cloudy,6.191,6.301,67.00,112.85,world
865.78,2026-08-29 03:49:05,-123.21,6.13,851.96,-10.4,corridor,18.55,cloudy,6.060,6.941,69.35,115.08,world
866.28,2026-08-29 03:49:05,-123.67,6.27,854.36,-10.4,corridor,18.57,cloudy,6.060,6.941,71.80,117.41,world
866.78,2026-08-29 03:49:06,-124.12,6.36,856.79,-10.4,corridor,18.59,cloudy,9.369,8.238,74.27,119.77,world
867.28,2026-08-29 03:49:06,-124.58,6.49,859.21,-10.4,corridor,18.61,cloudy,9.369,8.238,76.73,122.11,world
867.78,2026-08-29 03:49:07,-125.03,6.52,861.65,-10.4,corridor,18.63,cloudy,5.894,6.663,79.21,124.49,world
868.28,2026-08-29 03:49:07,-125.50,6.37,864.16,-10.4,corridor,18.65,cloudy,5.894,6.663,81.76,126.93,world
868.78,2026-08-29 03:49:08,-125.97,6.05,866.70,-10.4,corridor,18.67,cloudy,6.955,6.985,84.34,129.41,world
869.28,2026-08-29 03:49:08,-126.44,5.73,869.24,-10.4,corridor,18.69,cloudy,6.955,6.985,86.93,131.89,world
869.78,2026-08-29 03:49:09,-126.91,5.46,871.77,-10.4,corridor,18.71,cloudy,5.884,7.182,89.50,134.37,world
870.28,2026-08-29 03:49:09,-127.38,5.33,874.27,-10.4,corridor,18.73,cloudy,5.884,7.182,92.04,136.82,world
870.78,2026-08-29 03:49:10,-127.84,5.26,876.75,-10.4,corridor,18.75,cloudy,6.255,6.923,94.57,139.26,world
871.28,2026-08-29 03:49:10,-128.31,5.16,879.25,-10.4,corridor,18.77,cloudy,6.255,6.923,97.11,138.72,world
871.78,2026-08-29 03:49:11,-128.78,5.04,881.75,-10.4,corridor,18.79,cloudy,7.278,6.998,99.65,136.94,world
872.28,2026-08-29 03:49:11,-129.24,4.91,884.25,-10.4,corridor,18.81,cloudy,7.278,6.998,102.19,135.19,world
872.78,2026-08-29 03:49:12,-129.71,4.67,886.77,-10.4,corridor,18.83,cloudy,6.233,7.057,104.76,133.44,world
873.28,2026-08-29 03:49:12,-130.18,4.32,889.32,-10.4,corridor,18.85,cloudy,6.233,7.057,107.35,131.70,world
873.78,2026-08-29 03:49:13,-130.65,4.07,891.84,-10.4,corridor,18.87,cloudy,6.440,7.061,109.92,130.01,world
874.28,2026-08-29 03:49:13,-131.11,4.00,894.33,-10.4,corridor,18.89,cloudy,6.440,7.061,112.45,128.37,world
874.78,2026-08-29 03:49:14,-131.57,3.92,896.81,-10.4,corridor,18.91,cloudy,8.189,35.529,114.98,126.76,world
875.28,2026-08-29 03:49:14,-132.03,3.81,899.31,-10.4,corridor,18.93,cloudy,8.189,35.529,117.51,125.18,world
875.78,2026-08-29 03:49:15,-132.49,3.77,901.78,-10.4,corridor,18.95,cloudy,6.169,6.583,120.03,123.65,world
876.28,2026-08-29 03:49:15,-132.93,3.87,904.20,-10.4,corridor,18.97,cloudy,6.169,6.583,122.49,122.18,world
876.78,2026-08-29 03:49:16,-133.36,4.03,906.58,-10.4,corridor,18.99,cloudy,7.189,7.165,124.91,120.77,world
877.28,2026-08-29 03:49:16,-133.80,4.23,908.95,-10.4,corridor,19.01,cloudy,7.189,7.165,127.31,119.39,world
877.78,2026-08-29 03:49:17,-134.23,4.39,911.33,-10.4,corridor,19.03,cloudy,6.214,6.974,129.74,118.04,world
878.28,2026-08-29 03:49:17,-134.69,4.34,913.80,-10.4,corridor,19.05,cloudy,6.214,6.974,132.25,116.68,world
878.78,2026-08-29 03:49:18,-135.15,4.17,916.31,-10.4,corridor,19.07,cloudy,4.912,6.236,134.80,115.33,world
879.28,2026-08-29 03:49:18,-135.60,4.20,918.75,-10.4,corridor,19.09,cloudy,4.912,6.236,137.28,114.06,world
879.78,2026-08-29 03:49:19,-136.03,4.46,921.08,-10.4,corridor,19.11,cloudy,5.331,6.609,139.65,112.89,world
880.28,2026-08-29 03:49:19,-136.45,4.78,923.36,-10.4,corridor,19.13,cloudy,5.331,6.609,141.97,111.77,world
880.78,2026-08-29 03:49:20,-136.86,5.13,925.62,-10.4,corridor,19.15,cloudy,5.907,6.922,144.27,110.70,world
881.28,2026-08-29 03:49:20,-137.28,5.46,927.89,-10.4,corridor,19.17,cloudy,5.907,6.922,146.57,109.67,world
881.78,2026-08-29 03:49:21,-137.70,5.72,930.22,-10.4,corridor,19.19,cloudy,5.141,5.878,148.94,108.66,world
882.28,2026-08-29 03:49:21,-138.14,5.89,932.60,-10.4,corridor,19.21,cloudy,5.141,5.878,151.36,107.66,world
882.78,2026-08-29 03:49:22,-138.58,6.00,935.01,-10.4,corridor,19.23,cloudy,5.309,6.561,153.81,106.70,world
883.28,2026-08-29 03:49:22,-139.02,6.12,937.41,-10.4,corridor,19.25,cloudy,5.309,6.561,156.25,105.80,world
883.78,2026-08-29 03:49:23,-139.46,6.11,939.87,-10.4,corridor,19.27,cloudy,5.266,6.364,158.75,104.92,world
884.28,2026-08-29 03:49:23,-139.92,5.79,942.41,-10.4,corridor,19.29,cloudy,5.266,6.364,161.33,104.07,world
884.78,2026-08-29 03:49:24,-140.38,5.27,944.96,-10.4,corridor,19.31,cloudy,5.289,8.072,163.93,103.27,world
885.28,2026-08-29 03:49:24,-140.84,4.65,947.51,-10.4,corridor,19.33,cloudy,5.289,8.072,166.52,102.54,world
885.78,2026-08-29 03:49:25,-141.30,3.94,950.05,-10.4,corridor,19.35,cloudy,5.463,6.388,169.09,101.86,world
886.28,2026-08-29 03:49:25,-141.77,3.18,952.58,-10.4,corridor,19.37,cloudy,5.463,6.388,171.67,101.25,world
886.78,2026-08-29 03:49:26,-142.23,2.41,955.11,-10.4,corridor,19.39,cloudy,6.301,6.674,174.24,100.70,world
887.28,2026-08-29 03:49:26,-142.68,1.56,957.62,-10.4,corridor,19.41,cloudy,6.301,6.674,176.79,100.21,world
887.78,2026-08-29 03:49:27,-143.14,0.66,960.11,-10.4,corridor,19.43,cloudy,8.009,6.970,179.32,99.80,world
888.28,2026-08-29 03:49:27,-143.60,-0.06,962.64,-10.4,corridor,19.45,cloudy,8.009,6.970,181.89,99.43,world
888.78,2026-08-29 03:49:28,-144.07,-0.54,965.19,-10.4,corridor,19.47,cloudy,6.099,6.834,184.49,99.13,world
889.28,2026-08-29 03:49:28,-144.54,-0.92,967.74,-10.4,corridor,19.49,cloudy,6.099,6.834,187.08,98.89,world
889.78,2026-08-29 03:49:29,-145.02,-1.29,970.28,-10.4,corridor,19.51,cloudy,5.232,6.553,189.66,98.72,world
890.28,2026-08-29 03:49:29,-145.49,-1.61,972.82,-10.4,corridor,19.53,cloudy,5.232,6.553,192.25,98.62,world
890.78,2026-08-29 03:49:30,-145.95,-1.78,975.33,-10.4,corridor,19.55,cloudy,5.475,6.274,194.80,98.58,world
891.28,2026-08-29 03:49:30,-146.30,-1.91,977.20,-10.4,corridor,19.57,cloudy,5.475,6.274,196.70,98.60,world
891.78,2026-08-29 03:49:31,-146.96,-1.95,977.05,-103.8,corridor,19.59,cloudy,5.576,6.907,197.38,97.92,world
892.28,2026-08-29 03:49:31,-149.38,-2.09,976.47,-100.4,corridor,19.61,cloudy,5.576,6.907,199.89,95.43,world
892.78,2026-08-29 03:49:32,-150.43,-2.28,978.14,-10.2,corridor,19.63,cloudy,4.428,5.814,202.30,94.75,world
893.28,2026-08-29 03:49:32,-150.90,-2.68,980.69,-10.2,corridor,19.65,cloudy,4.428,5.814,204.89,94.89,world
893.78,2026-08-29 03:49:33,-151.36,-3.23,983.24,-10.2,corridor,19.67,cloudy,5.149,6.149,207.48,95.10,world
894.28,2026-08-29 03:49:33,-151.82,-3.82,985.79,-10.2,corridor,19.69,cloudy,5.149,6.149,210.07,95.39,world
894.78,2026-08-29 03:49:34,-152.58,-3.94,986.34,-85.3,corridor,19.71,cloudy,5.623,5.900,211.24,94.83,world
895.28,2026-08-29 03:49:34,-153.85,-4.26,987.97,-10.2,corridor,19.73,cloudy,5.623,5.900,213.72,94.13,world
895.78,2026-08-29 03:49:35,-154.31,-4.59,990.51,-10.2,corridor,19.75,cloudy,5.491,6.336,216.30,94.56,world
896.28,2026-08-29 03:49:35,-154.76,-4.76,993.03,-10.2,corridor,19.77,cloudy,5.491,6.336,218.85,95.05,world
896.78,2026-08-29 03:49:36,-155.21,-4.94,995.54,-10.2,corridor,19.79,cloudy,7.757,7.250,221.41,95.60,world
897.28,2026-08-29 03:49:36,-155.67,-5.19,998.07,-10.2,corridor,19.81,cloudy,7.757,7.250,223.98,96.23,world
897.78,2026-08-29 03:49:37,-156.12,-5.42,1000.59,-10.2,corridor,19.83,cloudy,5.245,6.334,226.54,96.91,world
898.28,2026-08-29 03:49:37,-156.57,-5.56,1003.10,-10.2,corridor,19.85,cloudy,5.245,6.334,229.09,97.66,world
898.78,2026-08-29 03:49:38,-157.02,-5.71,1005.61,-10.2,corridor,19.87,cloudy,4.830,6.380,231.64,98.46,world
899.28,2026-08-29 03:49:38,-157.48,-5.92,1008.13,-10.2,corridor,19.89,cloudy,4.830,6.380,234.20,99.32,world
899.78,2026-08-29 03:49:39,-157.94,-6.11,1010.64,-10.2,corridor,19.91,cloudy,5.188,6.675,236.76,100.24,world
900.28,2026-08-29 03:49:39,-158.39,-6.19,1013.13,-10.2,corridor,19.93,cloudy,5.188,6.675,239.28,101.21,world
900.78,2026-08-29 03:49:40,-158.82,-6.16,1015.58,-10.2,corridor,19.95,cloudy,7.389,6.849,241.77,102.22,world
901.28,2026-08-29 03:49:40,-159.25,-6.03,1017.98,-10.2,corridor,19.97,cloudy,7.389,6.849,244.21,103.25,world
901.78,2026-08-29 03:49:41,-159.67,-5.83,1020.35,-10.2,corridor,19.99,cloudy,26.629,6.255,246.61,104.32,world
902.28,2026-08-29 03:49:41,-160.09,-5.65,1022.72,-10.2,corridor,20.01,cloudy,26.629,6.255,249.03,105.44,world
902.78,2026-08-29 03:49:42,-160.53,-5.61,1025.17,-10.2,corridor,20.03,cloudy,6.248,7.132,251.51,106.64,world
903.28,2026-08-29 03:49:42,-160.97,-5.68,1027.65,-10.2,corridor,20.05,cloudy,6.248,7.132,254.03,107.90,world
903.78,2026-08-29 03:49:43,-161.40,-5.69,1030.12,-10.2,corridor,20.07,cloudy,8.827,9.157,256.54,109.20,world
904.28,2026-08-29 03:49:43,-161.83,-5.61,1032.56,-10.2,corridor,20.09,cloudy,8.827,9.157,259.01,110.52,world
904.78,2026-08-29 03:49:44,-162.25,-5.47,1034.96,-10.2,corridor,20.11,cloudy,8.808,9.213,261.45,111.86,world
905.28,2026-08-29 03:49:44,-162.67,-5.26,1037.34,-10.2,corridor,20.13,cloudy,8.808,9.213,263.86,113.22,world
905.78,2026-08-29 03:49:45,-163.09,-5.07,1039.71,-10.2,corridor,20.15,cloudy,7.163,7.695,266.27,114.62,world
906.28,2026-08-29 03:49:45,-163.51,-4.90,1042.09,-10.2,corridor,20.17,cloudy,7.163,7.695,268.69,116.05,world
906.78,2026-08-29 03:49:46,-163.94,-4.76,1044.48,-10.2,corridor,20.19,cloudy,8.362,8.164,271.12,117.52,world
907.28,2026-08-29 03:49:46,-164.38,-4.68,1046.91,-10.2,corridor,20.21,cloudy,8.362,8.164,273.59,119.04,world
907.78,2026-08-29 03:49:47,-164.83,-4.69,1049.38,-10.2,corridor,20.23,cloudy,9.206,8.685,276.10,120.61,world
908.28,2026-08-29 03:49:47,-165.27,-4.68,1051.83,-10.2,corridor,20.25,cloudy,9.206,8.685,278.59,122.21,world
908.78,2026-08-29 03:49:48,-165.70,-4.58,1054.25,-10.2,corridor,20.27,cloudy,6.566,7.486,281.05,123.82,world
909.28,2026-08-29 03:49:48,-166.13,-4.40,1056.63,-10.2,corridor,20.29,cloudy,6.566,7.486,283.46,125.43,world
909.78,2026-08-29 03:49:49,-166.56,-4.27,1059.03,-10.2,corridor,20.31,cloudy,6.642,7.570,285.90,127.08,world
910.28,2026-08-29 03:49:49,-166.98,-4.15,1061.44,-10.2,corridor,20.33,cloudy,6.642,7.570,288.35,128.76,world
910.78,2026-08-29 03:49:50,-167.40,-3.93,1063.80,-10.2,corridor,20.35,cloudy,8.103,8.562,290.74,130.43,world
911.28,2026-08-29 03:49:50,-167.91,-3.67,1065.54,-10.2,corridor,20.37,cloudy,8.103,8.562,292.67,131.56,world
911.78,2026-08-29 03:49:51,-168.92,-3.43,1066.12,-10.1,corridor,20.39,cloudy,6.163,8.003,293.85,131.47,world
912.28,2026-08-29 03:49:51,-169.76,-2.98,1068.61,-10.1,corridor,20.41,cloudy,6.163,8.003,296.53,133.07,world
912.78,2026-08-29 03:49:52,-170.17,-2.72,1070.95,-10.1,corridor,20.43,cloudy,10.221,10.640,298.90,134.81,world
913.28,2026-08-29 03:49:52,-170.59,-2.55,1073.34,-10.1,corridor,20.45,cloudy,10.221,10.640,301.32,136.60,world
913.78,2026-08-29 03:49:53,-171.01,-2.46,1075.76,-10.1,corridor,20.47,cloudy,8.102,8.309,303.78,138.44,world
914.28,2026-08-29 03:49:53,-171.44,-2.38,1078.19,-10.1,corridor,20.49,cloudy,8.102,8.309,306.25,140.31,world
914.78,2026-08-29 03:49:54,-171.87,-2.26,1080.60,-10.1,corridor,20.51,cloudy,6.022,7.705,308.70,138.32,world
915.28,2026-08-29 03:49:54,-172.29,-2.13,1083.00,-10.1,corridor,20.53,cloudy,6.022,7.705,311.14,135.94,world
915.78,2026-08-29 03:49:55,-172.72,-1.99,1085.40,-10.1,corridor,20.55,cloudy,7.099,8.076,313.58,133.56,world
916.28,2026-08-29 03:49:55,-173.14,-1.78,1087.76,-10.1,corridor,20.57,cloudy,7.099,8.076,315.97,131.23,world
916.78,2026-08-29 03:49:56,-173.53,-1.37,1089.97,-10.1,corridor,20.59,cloudy,9.246,7.812,318.22,129.04,world
917.28,2026-08-29 03:49:56,-173.88,-0.76,1091.95,-10.1,corridor,20.61,cloudy,9.246,7.812,320.23,127.08,world
917.78,2026-08-29 03:49:57,-174.21,-0.06,1093.78,-10.1,corridor,20.63,cloudy,6.920,7.552,322.08,125.28,world
918.28,2026-08-29 03:49:57,-174.54,0.64,1095.61,-10.1,corridor,20.65,cloudy,6.920,7.552,323.95,123.47,world
918.78,2026-08-29 03:49:58,-174.90,1.29,1097.56,-10.1,corridor,20.67,cloudy,6.767,7.457,325.93,121.55,world
919.28,2026-08-29 03:49:58,-175.26,1.91,1099.54,-10.1,corridor,20.69,cloudy,6.767,7.457,327.94,119.60,world
919.78,2026-08-29 03:49:59,-175.61,2.58,1101.45,-10.1,corridor,20.71,cloudy,6.592,7.452,329.88,117.73,world
920.28,2026-08-29 03:49:59,-175.95,3.28,1103.31,-10.1,corridor,20.73,cloudy,6.592,7.452,331.78,115.90,world
920.78,2026-08-29 03:50:00,-176.30,3.94,1105.23,-10.1,corridor,20.75,cloudy,6.718,7.525,333.73,114.02,world
921.28,2026-08-29 03:50:00,-176.68,4.48,1107.31,-10.1,corridor,20.77,cloudy,6.718,7.525,335.84,111.98,world
921.78,2026-08-29 03:50:01,-177.09,4.82,1109.57,-10.1,corridor,20.79,cloudy,7.286,7.574,338.14,109.77,world
922.28,2026-08-29 03:50:01,-177.51,5.03,1111.94,-10.1,corridor,20.81,cloudy,7.286,7.574,340.54,107.46,world
922.78,2026-08-29 03:50:02,-177.94,5.27,1114.28,-10.1,corridor,20.83,cloudy,7.124,7.988,342.92,105.17,world
923.28,2026-08-29 03:50:02,-178.36,5.53,1116.61,-10.1,corridor,20.85,cloudy,7.124,7.988,345.29,102.90,world
923.78,2026-08-29 03:50:03,-178.78,5.77,1118.96,-10.1,corridor,20.87,cloudy,7.124,7.832,347.68,100.62,world
924.28,2026-08-29 03:50:03,-179.20,5.96,1121.32,-10.1,corridor,20.89,cloudy,7.124,7.832,350.08,98.33,world
924.78,2026-08-29 03:50:04,-179.63,6.13,1123.71,-10.1,corridor,20.91,cloudy,6.955,7.570,352.50,96.02,world
925.28,2026-08-29 03:50:04,-180.06,6.27,1126.10,-10.1,corridor,20.93,cloudy,6.955,7.570,354.94,93.71,world
925.78,2026-08-29 03:50:05,-180.48,6.42,1128.50,-10.1,corridor,20.95,cloudy,6.298,7.634,357.37,91.41,world
926.28,2026-08-29 03:50:05,-180.91,6.62,1130.87,-10.1,corridor,20.97,cloudy,6.298,7.634,359.77,89.14,world
926.78,2026-08-29 03:50:06,-181.33,6.79,1133.25,-10.1,corridor,20.99,cloudy,10.177,10.373,362.19,86.86,world
927.28,2026-08-29 03:50:06,-181.77,6.88,1135.67,-10.1,corridor,21.01,cloudy,10.177,10.373,364.66,84.55,world
927.78,2026-08-29 03:50:07,-182.20,6.94,1138.11,-10.1,corridor,21.03,cloudy,8.368,8.775,367.13,82.24,world
928.28,2026-08-29 03:50:07,-182.63,7.15,1140.47,-10.1,corridor,21.05,cloudy,8.368,8.775,369.53,80.01,world
928.78,2026-08-29 03:50:08,-183.04,7.49,1142.74,-10.1,corridor,21.07,cloudy,8.257,8.244,371.84,77.87,world
929.28,2026-08-29 03:50:08,-183.45,7.86,1145.00,-10.1,corridor,21.09,cloudy,8.257,8.244,374.13,75.76,world
929.78,2026-08-29 03:50:09,-183.86,8.18,1147.29,-10.1,corridor,21.11,cloudy,9.875,8.361,376.46,73.63,world
930.28,2026-08-29 03:50:09,-184.28,8.45,1149.61,-10.1,corridor,21.13,cloudy,9.875,8.361,378.82,71.48,world
930.78,2026-08-29 03:50:10,-184.70,8.70,1151.95,-10.1,corridor,21.15,cloudy,7.298,8.053,381.20,69.33,world
931.28,2026-08-29 03:50:10,-185.13,8.84,1154.35,-10.1,corridor,21.17,cloudy,7.298,8.053,383.63,67.14,world
931.78,2026-08-29 03:50:11,-185.59,8.64,1156.86,-10.1,corridor,21.19,cloudy,6.306,7.249,386.18,64.87,world
932.28,2026-08-29 03:50:11,-186.05,8.09,1159.40,-10.1,corridor,21.21,cloudy,6.306,7.249,388.77,62.58,world
932.78,2026-08-29 03:50:12,-186.51,7.45,1161.95,-10.1,corridor,21.23,cloudy,7.779,7.240,391.36,60.32,world
933.28,2026-08-29 03:50:12,-186.97,7.06,1164.49,-10.1,corridor,21.25,cloudy,7.779,7.240,393.94,58.09,world
933.78,2026-08-29 03:50:13,-187.42,6.91,1167.00,-10.1,corridor,21.27,cloudy,7.518,8.073,396.49,55.92,world
934.28,2026-08-29 03:50:13,-187.87,6.88,1169.47,-10.1,corridor,21.29,cloudy,7.518,8.073,399.00,53.82,world
934.78,2026-08-29 03:50:14,-188.31,6.92,1171.92,-10.1,corridor,21.31,cloudy,7.012,7.733,401.49,51.77,world
935.28,2026-08-29 03:50:14,-188.73,7.03,1174.33,-10.1,corridor,21.33,cloudy,7.012,7.733,403.94,49.78,world
935.78,2026-08-29 03:50:15,-189.16,7.11,1176.76,-10.1,corridor,21.35,cloudy,7.109,7.776,406.40,47.83,world
936.28,2026-08-29 03:50:15,-189.60,6.99,1179.25,-10.1,corridor,21.37,cloudy,7.109,7.776,408.94,45.87,world
936.78,2026-08-29 03:50:16,-190.06,6.64,1181.79,-10.1,corridor,21.39,cloudy,6.592,8.931,411.52,43.94,world
937.28,2026-08-29 03:50:16,-190.51,6.28,1184.34,-10.1,corridor,21.41,cloudy,6.592,8.931,414.10,42.08,world
937.78,2026-08-29 03:50:17,-190.95,6.17,1186.83,-10.1,corridor,21.43,cloudy,7.594,8.121,416.64,40.33,world
938.28,2026-08-29 03:50:17,-191.37,6.25,1189.27,-10.1,corridor,21.45,cloudy,7.594,8.121,419.10,38.70,world
938.78,2026-08-29 03:50:18,-191.80,6.30,1191.71,-10.1,corridor,21.47,cloudy,6.614,7.500,421.59,37.16,world
939.28,2026-08-29 03:50:18,-192.23,6.25,1194.20,-10.1,corridor,21.49,cloudy,6.614,7.500,424.11,35.70,world
939.78,2026-08-29 03:50:19,-192.66,6.24,1196.67,-10.1,corridor,21.51,cloudy,6.814,7.495,426.62,34.37,world
940.28,2026-08-29 03:50:19,-193.08,6.32,1199.11,-10.1,corridor,21.53,cloudy,6.814,7.495,429.10,33.19,world
940.78,2026-08-29 03:50:20,-193.50,6.44,1201.53,-10.1,corridor,21.55,cloudy,6.000,7.162,431.56,32.16,world
941.28,2026-08-29 03:50:20,-193.93,6.49,1203.98,-10.1,corridor,21.57,cloudy,6.000,7.162,434.04,31.29,world
941.78,2026-08-29 03:50:21,-194.36,6.41,1206.48,-10.1,corridor,21.59,cloudy,6.923,7.388,436.58,30.58,world
942.28,2026-08-29 03:50:21,-194.80,6.29,1208.98,-10.1,corridor,21.61,cloudy,6.923,7.388,439.11,30.08,world
942.78,2026-08-29 03:50:22,-195.24,6.13,1211.49,-10.1,corridor,21.63,cloudy,6.003,6.670,0.00,29.78,world
943.28,2026-08-29 03:50:22,-195.70,5.90,1214.01,-10.1,corridor,21.65,cloudy,6.003,6.670,0.00,29.71,world
943.78,2026-08-29 03:50:23,-196.15,5.54,1216.56,-10.1,corridor,21.67,cloudy,5.975,6.391,0.00,29.86,world
944.28,2026-08-29 03:50:23,-196.60,5.29,1219.08,-10.1,corridor,21.69,cloudy,5.975,6.391,1.45,30.22,world
944.78,2026-08-29 03:50:24,-197.04,5.21,1221.57,-10.1,corridor,21.71,cloudy,6.812,6.644,3.97,30.79,world
945.28,2026-08-29 03:50:24,-197.48,5.13,1224.06,-10.1,corridor,21.73,cloudy,6.812,6.644,6.50,31.54,world
945.78,2026-08-29 03:50:25,-197.94,4.84,1226.59,-10.1,corridor,21.75,cloudy,6.756,7.559,9.08,32.50,world
946.28,2026-08-29 03:50:25,-198.39,4.51,1229.13,-10.1,corridor,21.77,cloudy,6.756,7.559,11.66,33.63,world
946.78,2026-08-29 03:50:26,-198.84,4.34,1231.64,-10.1,corridor,21.79,cloudy,5.738,6.912,14.21,34.90,world
947.28,2026-08-29 03:50:26,-199.28,4.24,1234.13,-10.1,corridor,21.81,cloudy,5.738,6.912,16.74,36.30,world
947.78,2026-08-29 03:50:27,-199.73,4.05,1236.65,-10.1,corridor,21.83,cloudy,6.749,7.209,19.29,37.83,world
948.28,2026-08-29 03:50:27,-200.19,3.81,1239.18,-10.1,corridor,21.85,cloudy,6.749,7.209,21.86,39.47,world
948.78,2026-08-29 03:50:28,-200.64,3.71,1241.67,-10.1,corridor,21.87,cloudy,8.543,8.741,24.40,41.18,world
949.28,2026-08-29 03:50:28,-201.07,3.79,1244.10,-10.1,corridor,21.89,cloudy,8.543,8.741,26.86,42.93,world
949.78,2026-08-29 03:50:29,-201.21,3.97,1246.84,-10.1,corridor,21.91,cloudy,6.602,7.345,29.68,44.70,world
950.28,2026-08-29 03:50:29,-201.63,4.15,1249.21,-10.1,corridor,21.93,cloudy,6.602,7.345,32.09,46.55,world
950.78,2026-08-29 03:50:30,-202.06,4.24,1251.63,-10.1,corridor,21.95,cloudy,9.240,8.537,34.54,48.48,world
951.28,2026-08-29 03:50:30,-202.50,4.22,1254.10,-10.1,corridor,21.97,cloudy,9.240,8.537,37.05,50.49,world
951.78,2026-08-29 03:50:31,-202.94,4.07,1256.60,-10.1,corridor,21.99,cloudy,6.919,6.614,39.60,52.58,world
952.28,2026-08-29 03:50:31,-203.39,3.91,1259.11,-10.1,corridor,22.01,cloudy,6.919,6.614,42.15,54.72,world
952.78,2026-08-29 03:50:32,-203.84,3.73,1261.63,-10.1,corridor,22.03,cloudy,7.037,7.217,44.70,56.89,world
953.28,2026-08-29 03:50:32,-204.29,3.39,1264.17,-10.1,corridor,22.05,cloudy,7.037,7.217,47.28,59.11,world
953.78,2026-08-29 03:50:33,-204.75,2.98,1266.71,-10.1,corridor,22.07,cloudy,7.707,6.995,49.87,61.37,world
954.28,2026-08-29 03:50:33,-205.21,2.68,1269.25,-10.1,corridor,22.09,cloudy,7.707,6.995,52.44,63.65,world
954.78,2026-08-29 03:50:34,-205.66,2.48,1271.77,-10.1,corridor,22.11,cloudy,6.229,6.249,55.00,65.93,world
955.28,2026-08-29 03:50:34,-206.12,2.38,1274.26,-10.1,corridor,22.13,cloudy,6.229,6.249,57.54,68.22,world
955.78,2026-08-29 03:50:35,-206.56,2.35,1276.73,-10.1,corridor,22.15,cloudy,5.979,6.412,60.05,70.50,world
956.28,2026-08-29 03:50:35,-207.01,2.38,1279.19,-10.1,corridor,22.17,cloudy,5.979,6.412,62.54,72.77,world
956.78,2026-08-29 03:50:36,-207.45,2.44,1281.62,-10.1,corridor,22.19,cloudy,6.268,7.394,65.02,75.04,world
957.28,2026-08-29 03:50:36,-207.88,2.53,1284.04,-10.1,corridor,22.21,cloudy,6.268,7.394,67.48,77.31,world
957.78,2026-08-29 03:50:37,-208.30,2.82,1286.35,-10.1,corridor,22.23,cloudy,5.545,6.624,69.83,79.49,world
958.28,2026-08-29 03:50:37,-208.69,3.27,1288.53,-10.1,corridor,22.25,cloudy,5.545,6.624,72.03,81.55,world
958.78,2026-08-29 03:50:38,-209.07,3.79,1290.63,-10.1,corridor,22.27,cloudy,5.642,6.092,74.17,83.54,world
959.28,2026-08-29 03:50:38,-209.44,4.31,1292.72,-10.1,corridor,22.29,cloudy,5.642,6.092,76.30,85.54,world
959.78,2026-08-29 03:50:39,-209.82,4.78,1294.86,-10.1,corridor,22.31,cloudy,5.852,7.154,78.47,87.58,world
960.28,2026-08-29 03:50:39,-210.23,5.10,1297.15,-10.1,corridor,22.33,cloudy,5.852,7.154,80.79,89.77,world
960.78,2026-08-29 03:50:40,-210.65,5.26,1299.53,-10.1,corridor,22.35,cloudy,5.693,5.961,83.21,92.06,world
961.28,2026-08-29 03:50:40,-211.07,5.39,1301.93,-10.1,corridor,22.37,cloudy,5.693,5.961,85.65,94.38,world
961.78,2026-08-29 03:50:41,-211.49,5.65,1304.26,-10.1,corridor,22.39,cloudy,5.642,6.325,88.02,96.62,world
962.28,2026-08-29 03:50:41,-211.89,6.02,1306.51,-10.1,corridor,22.41,cloudy,5.642,6.325,90.30,98.81,world
962.78,2026-08-29 03:50:42,-212.30,6.31,1308.82,-10.1,corridor,22.43,cloudy,6.032,6.516,92.64,101.04,world
963.28,2026-08-29 03:50:42,-212.73,6.46,1311.21,-10.1,corridor,22.45,cloudy,6.032,6.516,95.07,103.37,world
963.78,2026-08-29 03:50:43,-213.16,6.54,1313.63,-10.1,corridor,22.47,cloudy,7.644,8.387,97.53,105.73,world
964.28,2026-08-29 03:50:43,-213.59,6.68,1316.03,-10.1,corridor,22.49,cloudy,7.644,8.387,99.97,108.08,world
964.78,2026-08-29 03:50:44,-214.01,6.86,1318.41,-10.1,corridor,22.51,cloudy,6.495,6.955,102.39,110.40,world
965.28,2026-08-29 03:50:44,-214.43,7.10,1320.75,-10.1,corridor,22.53,cloudy,6.495,6.955,104.77,112.70,world
965.78,2026-08-29 03:50:45,-214.86,6.26,1323.14,-10.1,corridor,22.55,cloudy,5.799,7.111,107.19,115.04,world
966.28,2026-08-29 03:50:45,-215.30,3.29,1325.60,-10.1,corridor,22.57,cloudy,5.799,7.111,109.69,117.46,world
966.78,2026-08-29 03:50:46,-215.75,-3.05,1328.11,-10.1,corridor,22.59,cloudy,6.370,7.414,112.24,119.93,world
967.28,2026-08-29 03:50:46,-216.17,-2.79,1330.44,-10.1,corridor,22.61,cloudy,6.370,7.414,114.61,122.23,world
967.78,2026-08-29 03:50:47,-216.54,-2.31,1332.55,-10.1,corridor,22.63,cloudy,6.608,8.589,116.76,124.31,world
968.28,2026-08-29 03:50:47,-216.74,-1.89,1333.66,-10.1,corridor,22.65,cloudy,6.608,8.589,117.88,125.40,world
968.78,2026-08-29 03:50:48,-218.01,-1.98,1333.43,-100.1,corridor,22.67,cloudy,6.108,7.234,119.17,125.71,world
969.28,2026-08-29 03:50:48,-220.55,-2.36,1332.96,-100.1,corridor,22.69,cloudy,6.108,7.234,121.75,126.35,world
969.78,2026-08-29 03:50:49,-223.00,-2.84,1332.64,-47.6,corridor,22.71,cloudy,5.928,7.136,124.25,127.14,world
970.28,2026-08-29 03:50:49,-223.28,-2.59,1333.66,-20.3,corridor,22.73,cloudy,5.928,7.136,125.34,128.17,world
970.78,2026-08-29 03:50:50,-225.34,-3.03,1333.66,-9.7,corridor,22.75,cloudy,6.712,7.721,127.41,129.10,world
971.28,2026-08-29 03:50:50,-226.06,-3.19,1333.67,-9.7,corridor,22.77,cloudy,6.712,7.721,128.16,129.44,world
971.78,2026-08-29 03:50:51,-226.68,-3.36,1333.65,-9.7,corridor,22.79,cloudy,6.778,7.544,128.81,129.71,world
972.28,2026-08-29 03:50:51,-227.28,-3.50,1333.67,-9.6,corridor,22.81,cloudy,6.778,7.544,129.46,130.00,world
972.78,2026-08-29 03:50:52,-227.91,-3.66,1333.67,-9.6,corridor,22.83,cloudy,7.115,7.533,130.12,130.30,world
973.28,2026-08-29 03:50:52,-228.52,-3.84,1333.66,-9.6,corridor,22.85,cloudy,7.115,7.533,130.77,130.58,world
973.78,2026-08-29 03:50:53,-229.14,-4.00,1333.66,-9.5,corridor,22.87,cloudy,6.368,7.508,131.44,130.88,world
974.28,2026-08-29 03:50:53,-229.77,-4.17,1333.67,-9.5,corridor,22.89,cloudy,6.368,7.508,132.12,131.18,world
974.78,2026-08-29 03:50:54,-230.39,-4.35,1333.66,-9.5,corridor,22.91,cloudy,6.035,7.293,132.77,131.48,world
975.28,2026-08-29 03:50:54,-231.01,-4.54,1333.65,-9.4,corridor,22.93,cloudy,6.035,7.293,133.44,131.77,world
975.78,2026-08-29 03:50:55,-231.62,-4.71,1333.65,-9.4,corridor,22.95,cloudy,5.945,7.608,134.08,132.07,world
976.28,2026-08-29 03:50:55,-232.23,-4.89,1333.65,-9.4,corridor,22.97,cloudy,5.945,7.608,134.73,132.38,world
976.78,2026-08-29 03:50:56,-232.86,-5.08,1333.64,-9.4,corridor,22.99,cloudy,6.414,7.280,135.41,132.69,world
977.28,2026-08-29 03:50:56,-233.47,-5.24,1333.66,-9.3,corridor,23.01,cloudy,6.414,7.280,136.07,133.01,world
977.78,2026-08-29 03:50:57,-234.07,-5.41,1333.66,-9.3,corridor,23.03,cloudy,7.240,8.113,136.71,133.31,world
978.28,2026-08-29 03:50:57,-235.17,-5.78,1333.53,-99.3,corridor,23.05,cloudy,7.240,8.113,137.83,133.76,world
978.78,2026-08-29 03:50:58,-237.70,-6.59,1333.10,-99.3,corridor,23.07,cloudy,7.011,7.313,140.39,134.71,world
979.28,2026-08-29 03:50:58,7.89,-2.25,1316.98,-99.3,corridor,23.09,cloudy,7.011,7.313,0.00,6.80,world
979.78,2026-08-29 03:50:59,5.87,-2.90,1316.79,-46.8,corridor,23.11,cloudy,25.857,10.818,0.00,8.59,world
980.28,2026-08-29 03:50:59,5.55,-2.90,1318.80,69.7,corridor,23.13,cloudy,25.857,10.818,0.00,9.72,world
980.78,2026-08-29 03:51:00,7.90,-2.90,1319.67,69.7,corridor,23.15,cloudy,9.590,8.679,0.00,8.33,world
981.28,2026-08-29 03:51:00,8.21,-2.78,1320.90,-20.4,corridor,23.17,cloudy,9.590,8.679,0.00,9.00,world
981.78,2026-08-29 03:51:01,7.34,-2.78,1320.90,-20.4,corridor,23.19,cloudy,8.205,7.623,0.00,9.59,world
982.28,2026-08-29 03:51:01,6.42,-2.90,1321.01,-20.4,corridor,23.21,cloudy,8.205,7.623,0.00,10.32,world
982.78,2026-08-29 03:51:02,5.53,-4.17,1323.29,-20.4,corridor,23.23,cloudy,5.413,8.293,0.00,12.57,world
983.28,2026-08-29 03:51:02,7.91,-2.89,1317.25,-20.4,corridor,23.25,cloudy,5.413,8.293,0.00,6.90,world
983.78,2026-08-29 03:51:03,8.63,-2.90,1318.77,69.6,corridor,23.27,cloudy,9.193,9.272,0.00,7.19,world
984.28,2026-08-29 03:51:03,10.97,-2.90,1319.64,69.6,corridor,23.29,cloudy,9.193,9.272,0.00,6.41,world
984.78,2026-08-29 03:51:04,12.93,-2.89,1320.69,-14.4,corridor,23.31,cloudy,8.300,9.092,0.00,6.78,world
985.28,2026-08-29 03:51:04,12.06,-3.64,1323.03,-20.6,corridor,23.33,cloudy,8.300,9.092,0.00,9.23,world
985.78,2026-08-29 03:51:05,7.96,-2.32,1317.11,-20.4,corridor,23.35,cloudy,9.426,8.614,0.00,6.79,world
986.28,2026-08-29 03:51:05,8.23,-2.90,1318.63,69.6,corridor,23.37,cloudy,9.426,8.614,0.00,7.39,world
986.78,2026-08-29 03:51:06,10.58,-2.90,1319.50,69.6,corridor,23.39,cloudy,9.292,10.125,0.00,6.48,world
987.28,2026-08-29 03:51:06,12.92,-2.90,1320.37,69.6,corridor,23.41,cloudy,9.292,10.125,0.00,6.46,world
987.78,2026-08-29 03:51:07,14.77,-2.69,1321.37,-14.4,corridor,23.43,cloudy,12.105,9.309,0.00,7.41,world
988.28,2026-08-29 03:51:07,13.88,-4.40,1323.76,-20.7,corridor,23.45,cloudy,12.105,9.309,0.00,9.76,world
988.78,2026-08-29 03:51:08,7.98,-2.09,1317.05,-20.4,corridor,23.47,cloudy,11.790,9.295,0.00,6.75,world
989.28,2026-08-29 03:51:08,6.99,-2.90,1318.17,-110.4,corridor,23.49,cloudy,11.790,9.295,0.00,8.15,world
989.78,2026-08-29 03:51:09,4.65,-2.90,1317.30,-110.4,corridor,23.51,cloudy,9.751,8.954,0.00,9.91,world
990.28,2026-08-29 03:51:09,3.31,-2.90,1318.62,-20.2,corridor,23.53,cloudy,9.751,8.954,0.00,11.64,world
990.78,2026-08-29 03:51:10,2.45,-2.90,1320.96,-20.2,corridor,23.55,cloudy,8.986,10.654,0.00,13.48,world
991.28,2026-08-29 03:51:10,1.59,-3.98,1323.31,-20.2,corridor,23.57,cloudy,8.986,10.654,0.00,15.51,world
991.78,2026-08-29 03:51:11,0.73,-6.91,1325.65,-20.2,corridor,23.59,cloudy,9.374,8.035,0.00,17.66,world
992.28,2026-08-29 03:51:11,7.51,-2.90,1318.17,-51.9,corridor,23.61,cloudy,9.374,8.035,0.00,7.71,world
992.78,2026-08-29 03:51:12,5.27,-2.90,1317.53,-110.4,corridor,23.63,cloudy,9.224,8.804,0.00,9.41,world
993.28,2026-08-29 03:51:12,2.93,-2.90,1316.66,-110.4,corridor,23.65,cloudy,9.224,8.804,0.00,11.38,world
993.78,2026-08-29 03:51:13,1.45,-2.89,1317.65,-20.1,corridor,23.67,cloudy,10.344,8.959,0.00,13.07,world
994.28,2026-08-29 03:51:13,0.60,-2.84,1319.98,-20.1,corridor,23.69,cloudy,10.344,8.959,0.00,14.67,world
994.78,2026-08-29 03:51:14,-0.20,-2.61,1322.19,-20.1,corridor,23.71,cloudy,8.231,9.051,0.00,16.40,world
995.28,2026-08-29 03:51:14,-1.06,-4.54,1324.54,-20.1,corridor,23.73,cloudy,8.231,9.051,0.00,18.38,world
995.78,2026-08-29 03:51:15,7.93,-2.63,1317.18,-20.4,corridor,23.75,cloudy,9.990,7.763,0.00,6.85,world
996.28,2026-08-29 03:51:15,6.52,-2.90,1317.99,-110.4,corridor,23.77,cloudy,9.990,7.763,0.00,8.47,world
996.78,2026-08-29 03:51:16,4.18,-2.90,1317.12,-110.4,corridor,23.79,cloudy,10.373,9.487,0.00,10.30,world
997.28,2026-08-29 03:51:16,1.84,-2.90,1316.25,-110.4,corridor,23.81,cloudy,10.373,9.487,0.00,12.37,world
997.78,2026-08-29 03:51:17,-0.17,-2.86,1316.07,-20.0,corridor,23.83,cloudy,10.914,9.087,0.00,14.32,world
998.28,2026-08-29 03:51:17,-1.00,-2.73,1318.37,-20.0,corridor,23.85,cloudy,10.914,9.087,0.00,15.63,world
998.78,2026-08-29 03:51:18,-1.79,-2.42,1320.56,-20.0,corridor,23.87,cloudy,8.736,9.772,0.00,17.10,world
999.28,2026-08-29 03:51:18,-2.58,-2.64,1322.75,-20.0,corridor,23.89,cloudy,8.736,9.772,0.00,18.75,world
999.78,2026-08-29 03:51:19,-3.43,-4.95,1325.16,-20.0,corridor,23.91,cloudy,10.281,9.477,0.00,20.70,world
1000.28,2026-08-29 03:51:19,7.86,-2.90,1317.38,-20.4,corridor,23.93,cloudy,10.281,9.477,0.00,7.01,world
1000.78,2026-08-29 03:51:20,8.86,-2.90,1318.86,69.6,corridor,23.95,cloudy,9.070,10.764,0.00,7.07,world
1001.28,2026-08-29 03:51:20,10.98,-2.90,1319.84,6.6,corridor,23.97,cloudy,9.070,10.764,0.00,6.57,world
1001.78,2026-08-29 03:51:21,10.17,-2.92,1322.15,-20.5,corridor,23.99,cloudy,12.363,9.419,0.00,9.00,world
1002.28,2026-08-29 03:51:21,8.00,-1.90,1317.00,-20.6,corridor,0.01,cloudy,12.363,9.419,0.00,6.71,world
1002.78,2026-08-29 03:51:22,7.64,-2.90,1318.32,32.2,corridor,0.03,cloudy,9.453,8.862,0.00,7.68,world
1003.28,2026-08-29 03:51:22,9.88,-2.90,1319.24,69.6,corridor,0.05,cloudy,9.453,8.862,0.00,6.67,world
1003.78,2026-08-29 03:51:23,12.22,-2.90,1320.11,69.6,corridor,0.07,cloudy,10.376,9.154,0.00,6.36,world
1004.28,2026-08-29 03:51:23,12.48,-2.90,1321.93,-20.6,corridor,0.09,cloudy,10.376,9.154,0.00,8.08,world
1004.78,2026-08-29 03:51:24,11.59,-6.12,1324.64,-20.6,corridor,0.11,cloudy,9.700,8.986,0.00,10.90,world
1005.28,2026-08-29 03:51:24,7.63,-2.90,1318.00,-20.4,corridor,0.13,cloudy,9.700,8.986,0.00,7.52,world
1005.78,2026-08-29 03:51:25,9.48,-2.90,1319.09,69.6,corridor,0.15,cloudy,9.932,9.055,0.00,6.81,world
1006.28,2026-08-29 03:51:25,11.83,-2.90,1319.96,69.6,corridor,0.17,cloudy,9.932,9.055,0.00,6.35,world
1006.78,2026-08-29 03:51:26,14.15,-2.85,1320.83,69.6,corridor,0.19,cloudy,10.259,9.327,0.00,6.83,world
1007.28,2026-08-29 03:51:26,14.30,-3.18,1322.63,-20.7,corridor,0.21,cloudy,10.259,9.327,0.00,8.63,world
1007.78,2026-08-29 03:51:27,13.41,-5.82,1325.01,-20.7,corridor,0.23,cloudy,9.887,9.409,0.00,11.02,world
1008.28,2026-08-29 03:51:27,7.72,-2.90,1317.76,-20.4,corridor,0.25,cloudy,9.887,9.409,0.00,7.33,world
1008.78,2026-08-29 03:51:28,5.74,-2.90,1317.70,-110.4,corridor,0.27,cloudy,9.182,9.346,0.00,9.05,world
1009.28,2026-08-29 03:51:28,3.72,-2.90,1317.52,-20.2,corridor,0.29,cloudy,9.182,9.346,0.00,10.87,world
1009.78,2026-08-29 03:51:29,2.85,-2.90,1319.87,-20.2,corridor,0.31,cloudy,10.751,15.558,0.00,12.59,world
1010.28,2026-08-29 03:51:29,1.99,-2.94,1322.21,-20.2,corridor,0.33,cloudy,10.751,15.558,0.00,14.55,world
1010.78,2026-08-29 03:51:30,1.13,-5.01,1324.56,-20.2,corridor,0.35,cloudy,9.647,8.209,0.00,16.65,world
1011.28,2026-08-29 03:51:30,7.91,-2.89,1317.25,-20.4,corridor,0.37,cloudy,9.647,8.209,0.00,6.90,world
1011.78,2026-08-29 03:51:31,6.37,-2.90,1317.94,-110.4,corridor,0.39,cloudy,10.175,8.466,0.00,8.59,world
1012.28,2026-08-29 03:51:31,4.02,-2.90,1317.06,-110.4,corridor,0.41,cloudy,10.175,8.466,0.00,10.44,world
1012.78,2026-08-29 03:51:32,1.86,-2.90,1316.57,-26.3,corridor,0.43,cloudy,8.483,9.352,0.00,12.41,world
1013.28,2026-08-29 03:51:32,0.99,-2.89,1318.90,-20.1,corridor,0.45,cloudy,8.483,9.352,0.00,13.90,world
1013.78,2026-08-29 03:51:33,0.17,-2.72,1321.17,-20.1,corridor,0.47,cloudy,9.994,10.671,0.00,15.58,world
1014.28,2026-08-29 03:51:33,-0.66,-3.67,1323.45,-20.1,corridor,0.49,cloudy,9.994,10.671,0.00,17.44,world
1014.78,2026-08-29 03:51:34,-1.52,-6.87,1325.79,-20.1,corridor,0.51,cloudy,9.020,7.847,0.00,19.49,world
1015.28,2026-08-29 03:51:34,7.51,-2.90,1318.17,-51.9,corridor,0.53,cloudy,9.020,7.847,0.00,7.71,world
1015.78,2026-08-29 03:51:35,5.27,-2.90,1317.53,-110.4,corridor,0.55,cloudy,9.546,10.573,0.00,9.41,world
1016.28,2026-08-29 03:51:35,2.93,-2.90,1316.66,-110.4,corridor,0.57,cloudy,9.546,10.573,0.00,11.38,world
1016.78,2026-08-29 03:51:36,0.59,-2.88,1315.79,-110.4,corridor,0.59,cloudy,11.969,11.772,0.00,13.53,world
1017.28,2026-08-29 03:51:36,-0.62,-2.80,1317.30,-20.0,corridor,0.61,cloudy,11.969,11.772,0.00,14.99,world
1017.78,2026-08-29 03:51:37,-1.43,-2.59,1319.56,-20.0,corridor,0.63,cloudy,8.640,8.583,0.00,16.40,world
1018.28,2026-08-29 03:51:37,-2.20,-2.19,1321.68,-20.0,corridor,0.65,cloudy,8.640,8.583,0.00,17.93,world
1018.78,2026-08-29 03:51:38,-3.04,-3.74,1324.00,-20.0,corridor,0.67,cloudy,8.580,8.966,0.00,19.76,world
1019.28,2026-08-29 03:51:38,7.99,-1.95,1317.01,-20.4,corridor,0.69,cloudy,8.580,8.966,0.00,6.72,world
1019.78,2026-08-29 03:51:39,7.78,-2.90,1318.45,63.7,corridor,0.71,cloudy,8.735,8.615,0.00,7.65,world
1020.28,2026-08-29 03:51:39,10.11,-2.90,1319.33,69.6,corridor,0.73,cloudy,8.735,8.615,0.00,6.59,world
1020.78,2026-08-29 03:51:40,10.58,-2.90,1321.05,-20.5,corridor,0.75,cloudy,11.656,9.354,0.00,7.84,world
1021.28,2026-08-29 03:51:40,9.71,-4.41,1323.50,-20.5,corridor,0.77,cloudy,11.656,9.354,0.00,10.42,world
1021.78,2026-08-29 03:51:41,7.88,-2.90,1317.33,-20.4,corridor,0.79,cloudy,10.716,9.209,0.00,6.97,world
1022.28,2026-08-29 03:51:41,8.78,-2.90,1318.83,69.6,corridor,0.81,cloudy,10.716,9.209,0.00,7.11,world
1022.78,2026-08-29 03:51:42,11.13,-2.90,1319.70,69.6,corridor,0.83,cloudy,11.972,8.968,0.00,6.39,world
1023.28,2026-08-29 03:51:42,12.89,-2.89,1320.84,-20.6,corridor,0.85,cloudy,11.972,8.968,0.00,6.93,world
1023.78,2026-08-29 03:51:43,12.00,-3.85,1323.18,-20.6,corridor,0.87,cloudy,9.871,9.684,0.00,9.40,world
1024.28,2026-08-29 03:51:43,7.94,-2.52,1317.15,-20.4,corridor,0.89,cloudy,9.871,9.684,0.00,6.83,world
1024.78,2026-08-29 03:51:44,8.39,-2.90,1318.69,69.6,corridor,0.91,cloudy,11.399,10.802,0.00,7.31,world
1025.28,2026-08-29 03:51:44,10.73,-2.90,1319.56,69.6,corridor,0.93,cloudy,11.399,10.802,0.00,6.45,world
1025.78,2026-08-29 03:51:45,13.08,-2.90,1320.43,69.6,corridor,0.95,cloudy,12.061,11.431,0.00,6.49,world
1026.28,2026-08-29 03:51:45,14.72,-2.70,1321.52,-20.7,corridor,0.97,cloudy,12.061,11.431,0.00,7.55,world
1026.78,2026-08-29 03:51:46,13.82,-4.55,1323.92,-20.7,corridor,0.99,cloudy,12.797,12.804,0.00,9.92,world
1027.28,2026-08-29 03:51:46,7.97,-2.23,1317.08,-20.4,corridor,1.01,cloudy,12.797,12.804,0.00,6.77,world
1027.78,2026-08-29 03:51:47,6.84,-2.90,1318.11,-110.4,corridor,1.03,cloudy,11.227,9.547,0.00,8.26,world
1028.28,2026-08-29 03:51:47,4.49,-2.90,1317.24,-110.4,corridor,1.05,cloudy,11.227,9.547,0.00,10.04,world
1028.78,2026-08-29 03:51:48,3.26,-2.90,1318.77,-20.2,corridor,1.07,cloudy,14.343,10.628,0.00,11.76,world
1029.28,2026-08-29 03:51:48,2.40,-2.90,1321.12,-20.2,corridor,1.09,cloudy,14.343,10.628,0.00,13.61,world
1029.78,2026-08-29 03:51:49,1.53,-4.13,1323.46,-20.2,corridor,1.11,cloudy,7.970,8.648,0.00,15.65,world
1030.28,2026-08-29 03:51:49,8.00,-1.90,1317.00,-20.2,corridor,1.13,cloudy,7.970,8.648,0.00,6.71,world
1030.78,2026-08-29 03:51:50,7.41,-2.90,1318.23,-72.9,corridor,1.15,cloudy,11.620,8.771,0.00,7.83,world
1031.28,2026-08-29 03:51:50,5.12,-2.90,1317.47,-110.4,corridor,1.17,cloudy,11.620,8.771,0.00,9.54,world
1031.78,2026-08-29 03:51:51,2.77,-2.90,1316.60,-110.4,corridor,1.19,cloudy,8.655,8.533,0.00,11.52,world
1032.28,2026-08-29 03:51:51,1.39,-2.89,1317.81,-20.1,corridor,1.21,cloudy,8.655,8.533,0.00,13.17,world
1032.78,2026-08-29 03:51:52,0.54,-2.84,1320.14,-20.1,corridor,1.23,cloudy,9.925,11.135,0.00,14.79,world
1033.28,2026-08-29 03:51:52,-0.26,-2.73,1322.35,-20.1,corridor,1.25,cloudy,9.925,11.135,0.00,16.52,world
1033.78,2026-08-29 03:51:53,-1.12,-4.70,1324.70,-20.1,corridor,1.27,cloudy,9.687,7.617,0.00,18.52,world
1034.28,2026-08-29 03:51:53,7.91,-2.89,1317.25,-20.4,corridor,1.29,cloudy,9.687,7.617,0.00,6.90,world
1034.78,2026-08-29 03:51:54,6.37,-2.90,1317.94,-110.4,corridor,1.31,cloudy,9.473,9.763,0.00,8.59,world
1035.28,2026-08-29 03:51:54,4.02,-2.90,1317.06,-110.4,corridor,1.33,cloudy,9.473,9.763,0.00,10.43,world
1035.78,2026-08-29 03:51:55,1.68,-2.90,1316.19,-110.4,corridor,1.35,cloudy,10.790,9.960,0.00,12.51,world
1036.28,2026-08-29 03:51:55,-0.23,-2.85,1316.22,-20.0,corridor,1.37,cloudy,10.790,9.960,0.00,14.40,world
1036.78,2026-08-29 03:51:56,-1.06,-2.72,1318.52,-20.0,corridor,1.39,clear,9.222,9.041,0.00,15.72,world
1037.28,2026-08-29 03:51:56,-1.84,-2.39,1320.70,-20.0,corridor,1.41,clear,9.222,9.041,0.00,17.20,world
1037.78,2026-08-29 03:51:57,-2.64,-2.78,1322.90,-20.0,corridor,1.43,clear,8.840,9.063,0.00,18.87,world
1038.28,2026-08-29 03:51:57,-3.49,-5.23,1325.32,-20.0,corridor,1.45,clear,8.840,9.063,0.00,20.83,world
1038.78,2026-08-29 03:51:58,7.80,-2.90,1317.53,-20.4,corridor,1.47,clear,9.496,8.008,0.00,7.13,world
1039.28,2026-08-29 03:51:58,9.02,-2.90,1318.92,69.6,corridor,1.49,clear,9.496,8.008,0.00,7.00,world
1039.78,2026-08-29 03:51:59,10.98,-2.90,1319.97,-14.4,corridor,1.51,clear,9.647,8.851,0.00,6.69,world
1040.28,2026-08-29 03:51:59,10.12,-3.00,1322.30,-20.5,corridor,1.53,clear,9.647,8.851,0.00,9.17,world
1040.78,2026-08-29 03:52:00,8.00,-1.92,1317.01,-20.4,corridor,1.55,clear,10.959,9.030,0.00,6.71,world
1041.28,2026-08-29 03:52:00,7.72,-2.90,1318.41,53.2,corridor,1.57,clear,10.959,9.030,0.00,7.67,world
1041.78,2026-08-29 03:52:01,10.03,-2.90,1319.30,69.6,corridor,1.59,clear,9.549,9.140,0.00,6.62,world
1042.28,2026-08-29 03:52:01,12.38,-2.90,1320.17,69.6,corridor,1.61,clear,9.549,9.140,0.00,6.38,world
1042.78,2026-08-29 03:52:02,12.42,-2.90,1322.09,-20.6,corridor,1.63,clear,7.421,8.310,0.00,8.25,world
1043.28,2026-08-29 03:52:02,11.53,-6.64,1324.79,-20.6,corridor,1.65,clear,7.421,8.310,0.00,11.07,world
1043.78,2026-08-29 03:52:03,7.60,-2.90,1318.14,0.6,corridor,1.67,clear,10.899,8.427,0.00,7.62,world
1044.28,2026-08-29 03:52:03,9.64,-2.90,1319.15,69.6,corridor,1.69,clear,10.899,8.427,0.00,6.75,world
1044.78,2026-08-29 03:52:04,11.98,-2.90,1320.02,69.6,corridor,1.71,clear,9.579,8.873,0.00,6.35,world
1045.28,2026-08-29 03:52:04,14.28,-2.81,1320.88,69.6,corridor,1.73,clear,9.579,8.873,0.00,6.88,world
1045.78,2026-08-29 03:52:05,14.24,-3.26,1322.78,-20.7,corridor,1.75,clear,8.755,9.690,0.00,8.78,world
1046.28,2026-08-29 03:52:05,13.35,-6.15,1325.16,-20.7,corridor,1.77,clear,8.755,9.690,0.00,11.18,world
1046.78,2026-08-29 03:52:06,7.66,-2.90,1317.92,-20.4,corridor,1.79,clear,7.033,8.845,0.00,7.46,world
1047.28,2026-08-29 03:52:06,5.59,-2.90,1317.64,-110.4,corridor,1.81,clear,7.033,8.845,0.00,9.17,world
1047.78,2026-08-29 03:52:07,3.66,-2.90,1317.68,-20.2,corridor,1.83,clear,7.356,7.732,0.00,10.97,world
1048.28,2026-08-29 03:52:07,2.80,-2.90,1320.02,-20.2,corridor,1.85,clear,7.356,7.732,0.00,12.72,world
1048.78,2026-08-29 03:52:08,1.94,-3.08,1322.37,-20.2,corridor,1.87,clear,6.628,8.137,0.00,14.68,world
1049.28,2026-08-29 03:52:08,1.07,-5.17,1324.71,-20.2,corridor,1.89,clear,6.628,8.137,0.00,16.79,world
1049.78,2026-08-29 03:52:09,7.88,-2.90,1317.33,-20.4,corridor,1.91,clear,9.012,8.593,0.00,6.97,world
1050.28,2026-08-29 03:52:09,6.21,-2.90,1317.88,-110.4,corridor,1.93,clear,9.012,8.593,0.00,8.70,world
1050.78,2026-08-29 03:52:10,3.87,-2.90,1317.01,-110.4,corridor,1.95,clear,10.654,10.988,0.00,10.57,world
1051.28,2026-08-29 03:52:10,1.79,-2.90,1316.72,-20.1,corridor,1.97,clear,10.654,10.988,0.00,12.50,world
1051.78,2026-08-29 03:52:11,0.94,-2.88,1319.06,-20.1,corridor,1.99,clear,10.110,9.598,0.00,14.01,world
1052.28,2026-08-29 03:52:11,0.12,-2.70,1321.32,-20.1,corridor,2.01,clear,10.110,9.598,0.00,15.70,world
1052.78,2026-08-29 03:52:12,-0.72,-3.80,1323.60,-20.1,corridor,2.03,clear,6.353,6.610,0.00,17.57,world
1053.28,2026-08-29 03:52:12,8.00,-1.90,1317.00,-20.1,corridor,2.05,clear,6.353,6.610,0.00,6.71,world
1053.78,2026-08-29 03:52:13,7.41,-2.90,1318.23,-72.9,corridor,2.07,clear,5.808,6.387,0.00,7.83,world
1054.28,2026-08-29 03:52:13,5.12,-2.90,1317.47,-110.4,corridor,2.09,clear,5.808,6.387,0.00,9.54,world
1054.78,2026-08-29 03:52:14,2.77,-2.90,1316.60,-110.4,corridor,2.11,clear,7.840,7.578,0.00,11.52,world
1055.28,2026-08-29 03:52:14,0.44,-2.88,1315.73,-110.4,corridor,2.13,clear,7.840,7.578,0.00,13.67,world
1055.78,2026-08-29 03:52:15,-0.67,-2.79,1317.45,-20.0,corridor,2.15,clear,6.243,7.468,0.00,15.08,world
1056.28,2026-08-29 03:52:15,-1.49,-2.57,1319.70,-20.0,corridor,2.17,clear,6.243,7.468,0.00,16.50,world
1056.78,2026-08-29 03:52:16,-2.25,-2.16,1321.82,-20.0,corridor,2.19,clear,6.024,6.079,0.00,18.03,world
1057.28,2026-08-29 03:52:16,-3.10,-3.97,1324.16,-20.0,corridor,2.21,clear,6.024,6.079,0.00,19.89,world
1057.78,2026-08-29 03:52:17,7.99,-2.03,1317.04,-20.4,corridor,2.23,clear,6.133,6.068,0.00,6.74,world
1058.28,2026-08-29 03:52:17,7.92,-2.90,1318.51,69.6,corridor,2.25,clear,6.133,6.068,0.00,7.57,world
1058.78,2026-08-29 03:52:18,10.27,-2.90,1319.38,69.6,corridor,2.27,clear,9.978,9.940,0.00,6.55,world
1059.28,2026-08-29 03:52:18,10.53,-2.90,1321.21,-20.5,corridor,2.29,clear,9.978,9.940,0.00,8.00,world
1059.78,2026-08-29 03:52:19,9.65,-4.69,1323.75,-20.5,corridor,2.31,clear,5.793,7.052,0.00,10.67,world
1060.28,2026-08-29 03:52:19,7.83,-2.90,1317.45,-20.4,corridor,2.33,clear,5.793,7.052,0.00,7.07,world
1060.78,2026-08-29 03:52:20,8.94,-2.90,1318.89,69.6,corridor,2.35,clear,7.136,10.691,0.00,7.04,world
1061.28,2026-08-29 03:52:20,11.28,-2.90,1319.76,69.6,corridor,2.37,clear,7.136,10.691,0.00,6.37,world
1061.78,2026-08-29 03:52:21,12.83,-2.89,1321.00,-20.6,corridor,2.39,clear,5.900,7.991,0.00,7.10,world
1062.28,2026-08-29 03:52:21,11.95,-4.10,1323.34,-20.6,corridor,2.41,clear,5.900,7.991,0.00,9.56,world
1062.78,2026-08-29 03:52:22,7.92,-2.75,1317.21,-20.4,corridor,2.43,clear,11.987,10.726,0.00,6.88,world
1063.28,2026-08-29 03:52:22,8.55,-2.90,1318.74,69.6,corridor,2.45,clear,11.987,10.726,0.00,7.23,world
1063.78,2026-08-29 03:52:23,10.89,-2.90,1319.62,69.6,corridor,2.47,clear,9.377,9.160,0.00,6.42,world
1064.28,2026-08-29 03:52:23,13.23,-2.90,1320.49,69.6,corridor,2.49,clear,9.377,9.160,0.00,6.53,world
1064.78,2026-08-29 03:52:24,14.66,-2.72,1321.68,-20.7,corridor,2.51,clear,9.339,9.115,0.00,7.71,world
1065.28,2026-08-29 03:52:24,13.76,-4.66,1324.07,-20.7,corridor,2.53,clear,9.339,9.115,0.00,10.08,world
1065.78,2026-08-29 03:52:25,7.95,-2.41,1317.13,-20.4,corridor,2.55,clear,9.152,9.267,0.00,6.81,world
1066.28,2026-08-29 03:52:25,6.68,-2.90,1318.05,-110.4,corridor,2.57,clear,9.152,9.267,0.00,8.37,world
1066.78,2026-08-29 03:52:26,4.34,-2.90,1317.18,-110.4,corridor,2.59,clear,7.653,8.032,0.00,10.17,world
1067.28,2026-08-29 03:52:26,3.20,-2.90,1318.93,-20.2,corridor,2.61,clear,7.653,8.032,0.00,11.87,world
1067.78,2026-08-29 03:52:27,2.34,-2.89,1321.27,-20.2,corridor,2.63,clear,7.664,8.565,0.00,13.74,world
1068.28,2026-08-29 03:52:27,1.47,-4.28,1323.62,-20.2,corridor,2.65,clear,7.664,8.565,0.00,15.79,world
1068.78,2026-08-29 03:52:28,8.00,-1.92,1317.01,-20.4,corridor,2.67,clear,9.139,8.014,0.00,6.71,world
1069.28,2026-08-29 03:52:28,7.29,-2.90,1318.25,-93.9,corridor,2.69,clear,9.139,8.014,0.00,7.94,world
1069.78,2026-08-29 03:52:29,4.96,-2.90,1317.41,-110.4,corridor,2.71,clear,10.520,9.433,0.00,9.66,world
1070.28,2026-08-29 03:52:29,2.62,-2.90,1316.54,-110.4,corridor,2.73,clear,10.520,9.433,0.00,11.66,world
1070.78,2026-08-29 03:52:30,1.34,-2.89,1317.97,-20.1,corridor,2.75,clear,10.147,113.146,0.00,13.27,world
1071.28,2026-08-29 03:52:30,0.49,-2.84,1320.29,-20.1,corridor,2.77,clear,10.147,113.146,0.00,14.91,world
1071.78,2026-08-29 03:52:31,-0.32,-2.87,1322.51,-20.1,corridor,2.79,clear,5.913,7.995,0.00,16.65,world
1072.28,2026-08-29 03:52:31,-1.17,-4.89,1324.85,-20.1,corridor,2.81,clear,5.913,7.995,0.00,18.66,world
1072.78,2026-08-29 03:52:32,7.88,-2.90,1317.33,-20.4,corridor,2.83,clear,8.659,9.589,0.00,6.97,world
1073.28,2026-08-29 03:52:32,6.21,-2.90,1317.88,-110.4,corridor,2.85,clear,8.659,9.589,0.00,8.70,world
1073.78,2026-08-29 03:52:33,3.87,-2.90,1317.01,-110.4,corridor,2.87,clear,8.314,8.682,0.00,10.57,world
1074.28,2026-08-29 03:52:33,1.53,-2.89,1316.13,-110.4,corridor,2.89,clear,8.314,8.682,0.00,12.65,world
1074.78,2026-08-29 03:52:34,-0.28,-2.84,1316.38,-20.0,corridor,2.91,clear,7.091,7.748,0.00,14.48,world
1075.28,2026-08-29 03:52:34,-1.11,-2.70,1318.67,-20.0,corridor,2.93,clear,7.091,7.748,0.00,15.82,world
1075.78,2026-08-29 03:52:35,-1.89,-2.36,1320.84,-20.0,corridor,2.95,clear,6.843,7.824,0.00,17.30,world
1076.28,2026-08-29 03:52:35,-2.70,-2.92,1323.06,-20.0,corridor,2.97,clear,6.843,7.824,0.00,19.00,world
1076.78,2026-08-29 03:52:36,-3.55,-5.54,1325.47,-20.0,corridor,2.99,clear,8.566,8.810,0.00,20.96,world
1077.28,2026-08-29 03:52:36,7.75,-2.90,1317.69,-20.4,corridor,3.01,clear,8.566,8.810,0.00,7.26,world
1077.78,2026-08-29 03:52:37,9.17,-2.90,1318.98,69.6,corridor,3.03,clear,12.788,9.358,0.00,6.93,world
1078.28,2026-08-29 03:52:37,10.94,-2.90,1320.12,-20.5,corridor,3.05,clear,12.788,9.358,0.00,6.84,world
1078.78,2026-08-29 03:52:38,10.06,-3.10,1322.46,-20.5,corridor,3.07,clear,9.778,9.390,0.00,9.33,world
1079.28,2026-08-29 03:52:38,7.99,-1.99,1317.02,-20.4,corridor,3.09,clear,9.778,9.390,0.00,6.73,world
1079.78,2026-08-29 03:52:39,7.85,-2.90,1318.48,69.6,corridor,3.11,clear,11.146,11.350,0.00,7.61,world
1080.28,2026-08-29 03:52:39,10.19,-2.90,1319.35,69.6,corridor,3.13,clear,11.146,11.350,0.00,6.57,world
1080.78,2026-08-29 03:52:40,12.53,-2.90,1320.23,69.6,corridor,3.15,clear,11.653,9.986,0.00,6.40,world
1081.28,2026-08-29 03:52:40,12.36,-2.98,1322.25,-20.6,corridor,3.17,clear,11.653,9.986,0.00,8.41,world
1081.78,2026-08-29 03:52:41,11.47,-7.21,1324.95,-20.6,corridor,3.19,clear,41.357,10.071,0.00,11.23,world
1082.28,2026-08-29 03:52:41,7.62,-2.90,1318.26,21.7,corridor,3.21,clear,41.357,10.071,0.00,7.67,world
1082.78,2026-08-29 03:52:42,9.80,-2.90,1319.21,69.6,corridor,3.23,clear,10.846,10.365,0.00,6.69,world
1083.28,2026-08-29 03:52:42,12.14,-2.90,1320.08,69.6,corridor,3.25,clear,10.846,10.365,0.00,6.36,world
1083.78,2026-08-29 03:52:43,14.42,-2.78,1320.93,69.6,corridor,3.27,clear,9.723,10.898,0.00,6.94,world
1084.28,2026-08-29 03:52:43,14.18,-3.37,1322.94,-20.7,corridor,3.29,clear,9.723,10.898,0.00,8.94,world
1084.78,2026-08-29 03:52:44,13.29,-6.52,1325.32,-20.7,corridor,3.31,clear,12.392,9.294,0.00,11.34,world
1085.28,2026-08-29 03:52:44,7.60,-2.90,1318.07,-30.9,corridor,3.33,clear,12.392,9.294,0.00,7.59,world
1085.78,2026-08-29 03:52:45,5.43,-2.90,1317.59,-110.4,corridor,3.35,clear,11.211,9.544,0.00,9.29,world
1086.28,2026-08-29 03:52:45,3.60,-2.90,1317.83,-20.2,corridor,3.37,clear,11.211,9.544,0.00,11.08,world
1086.78,2026-08-29 03:52:46,2.74,-2.90,1320.18,-20.2,corridor,3.39,clear,10.077,10.082,0.00,12.84,world
1087.28,2026-08-29 03:52:46,1.88,-3.23,1322.52,-20.2,corridor,3.41,clear,10.077,10.082,0.00,14.82,world
1087.78,2026-08-29 03:52:47,1.01,-5.36,1324.87,-20.2,corridor,3.43,clear,10.598,8.352,0.00,16.93,world
1088.28,2026-08-29 03:52:47,7.83,-2.90,1317.45,-20.4,corridor,3.45,clear,10.598,8.352,0.00,7.07,world
1088.78,2026-08-29 03:52:48,6.06,-2.90,1317.82,-110.4,corridor,3.47,clear,10.941,10.661,0.00,8.81,world
1089.28,2026-08-29 03:52:48,3.71,-2.90,1316.95,-110.4,corridor,3.49,clear,10.941,10.661,0.00,10.70,world
1089.78,2026-08-29 03:52:49,1.74,-2.90,1316.87,-20.1,corridor,3.51,clear,8.801,10.528,0.00,12.59,world
1090.28,2026-08-29 03:52:49,0.88,-2.88,1319.21,-20.1,corridor,3.53,clear,8.801,10.528,0.00,14.12,world
1090.78,2026-08-29 03:52:50,0.06,-2.67,1321.46,-20.1,corridor,3.55,clear,9.639,8.898,0.00,15.81,world
1091.28,2026-08-29 03:52:50,-0.77,-3.94,1323.76,-20.1,corridor,3.57,clear,9.639,8.898,0.00,17.71,world
1091.78,2026-08-29 03:52:51,8.00,-1.92,1317.01,-20.4,corridor,3.59,clear,9.569,8.186,0.00,6.71,world
1092.28,2026-08-29 03:52:51,7.29,-2.90,1318.25,-93.9,corridor,3.61,clear,9.569,8.186,0.00,7.94,world
1092.78,2026-08-29 03:52:52,4.96,-2.90,1317.41,-110.4,corridor,3.63,clear,11.365,9.920,0.00,9.66,world
1093.28,2026-08-29 03:52:52,2.62,-2.90,1316.54,-110.4,corridor,3.65,clear,11.365,9.920,0.00,11.66,world
1093.78,2026-08-29 03:52:53,0.29,-2.88,1315.68,-99.9,corridor,3.67,clear,10.998,10.304,0.00,13.82,world
1094.28,2026-08-29 03:52:53,-0.73,-2.78,1317.61,-20.0,corridor,3.69,clear,10.998,10.304,0.00,15.16,world
1094.78,2026-08-29 03:52:54,-1.54,-2.55,1319.85,-20.0,corridor,3.71,clear,8.868,9.380,0.00,16.60,world
1095.28,2026-08-29 03:52:54,-2.30,-2.13,1321.97,-20.0,corridor,3.73,clear,8.868,9.380,0.00,18.14,world
1095.78,2026-08-29 03:52:55,-3.15,-4.18,1324.37,-20.0,corridor,3.75,clear,8.753,8.025,0.00,20.04,world
1096.28,2026-08-29 03:52:55,7.98,-2.16,1317.07,-20.4,corridor,3.77,clear,8.753,8.025,0.00,6.76,world
1096.78,2026-08-29 03:52:56,8.08,-2.90,1318.57,69.6,corridor,3.79,clear,8.932,9.128,0.00,7.48,world
1097.28,2026-08-29 03:52:56,10.42,-2.90,1319.44,69.6,corridor,3.81,clear,8.932,9.128,0.00,6.51,world
1097.78,2026-08-29 03:52:57,10.47,-2.90,1321.37,-20.5,corridor,3.83,clear,12.045,12.345,0.00,8.17,world
1098.28,2026-08-29 03:52:57,9.59,-5.00,1324.02,-20.5,corridor,3.85,clear,12.045,12.345,0.00,10.94,world
1098.78,2026-08-29 03:52:58,7.77,-2.90,1317.61,-20.4,corridor,3.87,clear,10.561,10.596,0.00,7.20,world
1099.28,2026-08-29 03:52:58,9.09,-2.90,1318.95,69.6,corridor,3.89,clear,10.561,10.596,0.00,6.97,world
1099.78,2026-08-29 03:52:59,11.44,-2.90,1319.82,69.6,corridor,3.91,clear,10.385,9.585,0.00,6.36,world
1100.28,2026-08-29 03:52:59,12.77,-2.89,1321.15,-20.6,corridor,3.93,clear,10.385,9.585,0.00,7.26,world
1100.78,2026-08-29 03:53:00,11.89,-4.39,1323.51,-20.6,corridor,3.95,clear,10.291,9.704,0.00,9.74,world
1101.28,2026-08-29 03:53:00,7.90,-2.90,1317.28,-20.4,corridor,3.97,clear,10.291,9.704,0.00,6.93,world
1101.78,2026-08-29 03:53:01,8.70,-2.90,1318.80,69.6,corridor,3.99,clear,12.510,9.343,0.00,7.15,world
1102.28,2026-08-29 03:53:01,11.05,-2.90,1319.67,69.6,corridor,4.01,clear,12.510,9.343,0.00,6.40,world
1102.78,2026-08-29 03:53:02,13.39,-2.90,1320.55,69.6,corridor,4.03,clear,10.182,9.452,0.00,6.57,world
1103.28,2026-08-29 03:53:02,14.60,-2.73,1321.84,-20.7,corridor,4.05,clear,10.182,9.452,0.00,7.86,world
1103.78,2026-08-29 03:53:03,13.71,-4.75,1324.23,-20.7,corridor,4.07,clear,10.609,9.196,0.00,10.23,world
1104.28,2026-08-29 03:53:03,7.93,-2.63,1317.18,-20.4,corridor,4.09,clear,10.609,9.196,0.00,6.85,world
1104.78,2026-08-29 03:53:04,6.52,-2.90,1317.99,-110.4,corridor,4.11,clear,9.768,8.789,0.00,8.47,world
1105.28,2026-08-29 03:53:04,4.19,-2.90,1317.13,-99.9,corridor,4.13,clear,9.768,8.789,0.00,10.30,world
1105.78,2026-08-29 03:53:05,3.14,-2.90,1319.08,-20.2,corridor,4.15,clear,9.528,9.116,0.00,11.99,world
1106.28,2026-08-29 03:53:05,2.28,-2.89,1321.43,-20.2,corridor,4.17,clear,9.528,9.116,0.00,13.87,world
1106.78,2026-08-29 03:53:06,1.42,-4.42,1323.77,-20.2,corridor,4.19,clear,9.313,10.304,0.00,15.93,world
1107.28,2026-08-29 03:53:06,7.99,-1.99,1317.02,-20.4,corridor,4.21,clear,9.313,10.304,0.00,6.73,world
1107.78,2026-08-29 03:53:07,7.15,-2.90,1318.22,-110.4,corridor,4.23,clear,9.760,9.743,0.00,8.05,world
1108.28,2026-08-29 03:53:07,4.81,-2.90,1317.35,-110.4,corridor,4.25,clear,9.760,9.743,0.00,9.79,world
1108.78,2026-08-29 03:53:08,2.46,-2.90,1316.48,-110.4,corridor,4.27,clear,10.591,10.071,0.00,11.80,world
1109.28,2026-08-29 03:53:08,1.28,-2.89,1318.12,-20.1,corridor,4.29,clear,10.591,10.071,0.00,13.37,world
1109.78,2026-08-29 03:53:09,0.43,-2.83,1320.45,-20.1,corridor,4.31,clear,10.467,10.109,0.00,15.02,world
1110.28,2026-08-29 03:53:09,-0.37,-3.00,1322.66,-20.1,corridor,4.33,clear,10.467,10.109,0.00,16.78,world
1110.78,2026-08-29 03:53:10,-1.23,-5.12,1325.01,-20.1,corridor,4.35,clear,10.616,9.602,0.00,18.80,world
1111.28,2026-08-29 03:53:10,7.83,-2.90,1317.45,-20.4,corridor,4.37,clear,10.616,9.602,0.00,7.07,world
1111.78,2026-08-29 03:53:11,6.06,-2.90,1317.82,-110.4,corridor,4.39,clear,11.582,9.007,0.00,8.81,world
1112.28,2026-08-29 03:53:11,3.71,-2.90,1316.95,-110.4,corridor,4.41,clear,11.582,9.007,0.00,10.70,world
1112.78,2026-08-29 03:53:12,1.37,-2.89,1316.08,-110.4,corridor,4.43,clear,12.268,11.266,0.00,12.80,world
1113.28,2026-08-29 03:53:12,-0.34,-2.84,1316.53,-20.0,corridor,4.45,clear,12.268,11.266,0.00,14.56,world
1113.78,2026-08-29 03:53:13,-1.17,-2.69,1318.82,-20.0,corridor,4.47,clear,10.614,11.645,0.00,15.92,world
1114.28,2026-08-29 03:53:13,-1.94,-2.33,1320.98,-20.0,corridor,4.49,clear,10.614,11.645,0.00,17.41,world
1114.78,2026-08-29 03:53:14,-2.75,-3.06,1323.22,-20.0,corridor,4.51,clear,9.220,7.965,0.00,19.12,world
1115.28,2026-08-29 03:53:14,-3.60,-5.89,1325.63,-20.0,corridor,4.53,clear,9.220,7.965,0.00,21.10,world
1115.78,2026-08-29 03:53:15,7.69,-2.90,1317.84,-20.4,corridor,4.55,clear,8.381,7.714,0.00,7.39,world
1116.28,2026-08-29 03:53:15,9.33,-2.90,1319.04,69.6,corridor,4.57,clear,8.381,7.714,0.00,6.87,world
1116.78,2026-08-29 03:53:16,10.88,-2.90,1320.28,-20.5,corridor,4.59,clear,10.272,9.067,0.00,7.01,world
1117.28,2026-08-29 03:53:16,10.00,-3.23,1322.62,-20.5,corridor,4.61,clear,10.272,9.067,0.00,9.50,world
1117.78,2026-08-29 03:53:17,7.98,-2.09,1317.05,-20.4,corridor,4.63,clear,7.672,7.856,0.00,6.75,world
1118.28,2026-08-29 03:53:17,8.00,-2.90,1318.54,69.6,corridor,4.65,clear,7.672,7.856,0.00,7.52,world
1118.78,2026-08-29 03:53:18,10.34,-2.90,1319.41,69.6,corridor,4.67,clear,10.859,10.048,0.00,6.53,world
1119.28,2026-08-29 03:53:18,12.69,-2.90,1320.28,69.6,corridor,4.69,clear,10.859,10.048,0.00,6.42,world
1119.78,2026-08-29 03:53:19,12.30,-3.13,1322.40,-20.6,corridor,4.71,clear,8.027,10.134,0.00,8.57,world
1120.28,2026-08-29 03:53:19,8.00,-1.91,1317.00,-20.4,corridor,4.73,clear,8.027,10.134,0.00,6.71,world
1120.78,2026-08-29 03:53:20,7.68,-2.90,1318.36,42.7,corridor,4.75,clear,10.864,9.931,0.00,7.68,world
1121.28,2026-08-29 03:53:20,9.95,-2.90,1319.27,69.6,corridor,4.77,clear,10.864,9.931,0.00,6.64,world
1121.78,2026-08-29 03:53:21,12.30,-2.90,1320.14,69.6,corridor,4.79,clear,11.730,11.430,0.00,6.37,world
1122.28,2026-08-29 03:53:21,14.55,-2.75,1320.98,69.6,corridor,4.81,clear,11.730,11.430,0.00,7.00,world
1122.78,2026-08-29 03:53:22,14.12,-3.53,1323.09,-20.7,corridor,4.83,clear,9.877,9.588,0.00,9.09,world
1123.28,2026-08-29 03:53:22,13.23,-6.92,1325.48,-20.7,corridor,4.85,clear,9.877,9.588,0.00,11.50,world
1123.78,2026-08-29 03:53:23,7.51,-2.90,1318.17,-51.9,corridor,4.87,clear,10.895,9.243,0.00,7.71,world
1124.28,2026-08-29 03:53:23,5.27,-2.90,1317.53,-110.4,corridor,4.89,clear,10.895,9.243,0.00,9.41,world
1124.78,2026-08-29 03:53:24,3.54,-2.90,1317.99,-20.2,corridor,4.91,clear,11.765,10.578,0.00,11.19,world
1125.28,2026-08-29 03:53:24,2.68,-2.90,1320.34,-20.2,corridor,4.93,clear,11.765,10.578,0.00,12.97,world
1125.78,2026-08-29 03:53:25,1.82,-3.38,1322.68,-20.2,corridor,4.95,clear,10.480,10.434,0.00,14.96,world
1126.28,2026-08-29 03:53:25,0.96,-5.59,1325.03,-20.2,corridor,4.97,clear,10.480,10.434,0.00,17.08,world
1126.78,2026-08-29 03:53:26,7.77,-2.90,1317.61,-20.4,corridor,4.99,clear,8.439,8.284,0.00,7.20,world
1127.28,2026-08-29 03:53:26,5.90,-2.90,1317.76,-110.4,corridor,5.01,clear,8.439,8.284,0.00,8.93,world
1127.78,2026-08-29 03:53:27,3.56,-2.90,1316.89,-110.4,corridor,5.03,clear,10.512,8.567,0.00,10.84,world
1128.28,2026-08-29 03:53:27,1.68,-2.90,1317.03,-20.1,corridor,5.05,clear,10.512,8.567,0.00,12.69,world
1128.78,2026-08-29 03:53:28,0.83,-2.87,1319.37,-20.1,corridor,5.07,clear,9.936,8.136,0.00,14.23,world
1129.28,2026-08-29 03:53:28,0.01,-2.65,1321.61,-20.1,corridor,5.09,clear,9.936,8.136,0.00,15.92,world
1129.78,2026-08-29 03:53:29,-0.83,-4.08,1323.92,-20.1,corridor,5.11,clear,8.540,7.048,0.00,17.84,world
1130.28,2026-08-29 03:53:29,7.99,-1.99,1317.02,-20.4,corridor,5.13,clear,8.540,7.048,0.00,6.73,world
1130.78,2026-08-29 03:53:30,7.15,-2.90,1318.22,-110.4,corridor,5.15,clear,9.749,7.675,0.00,8.05,world
1131.28,2026-08-29 03:53:30,4.81,-2.90,1317.35,-110.4,corridor,5.17,clear,9.749,7.675,0.00,9.79,world
1131.78,2026-08-29 03:53:31,2.46,-2.90,1316.48,-110.4,corridor,5.19,clear,8.151,8.194,0.00,11.80,world
1132.28,2026-08-29 03:53:31,0.16,-2.88,1315.68,-78.9,corridor,5.21,clear,8.151,8.194,0.00,13.94,world
1132.78,2026-08-29 03:53:32,-0.78,-2.77,1317.76,-20.0,corridor,5.23,clear,9.273,7.996,0.00,15.25,world
1133.28,2026-08-29 03:53:32,-1.59,-2.53,1320.00,-20.0,corridor,5.25,clear,9.273,7.996,0.00,16.71,world
1133.78,2026-08-29 03:53:33,-2.35,-2.13,1322.12,-20.0,corridor,5.27,clear,8.475,7.329,0.00,18.26,world
1134.28,2026-08-29 03:53:33,-3.20,-4.26,1324.53,-20.0,corridor,5.29,clear,8.475,7.329,0.00,20.17,world
1134.78,2026-08-29 03:53:34,7.96,-2.32,1317.11,-20.4,corridor,5.31,clear,9.894,7.027,0.00,6.79,world
1135.28,2026-08-29 03:53:34,8.23,-2.90,1318.63,69.6,corridor,5.33,clear,9.894,7.027,0.00,7.39,world
1135.78,2026-08-29 03:53:35,10.58,-2.90,1319.50,69.6,corridor,5.35,clear,9.766,8.386,0.00,6.48,world
1136.28,2026-08-29 03:53:35,10.41,-2.90,1321.52,-20.5,corridor,5.37,clear,9.766,8.386,0.00,8.33,world
1136.78,2026-08-29 03:53:36,9.53,-5.33,1324.30,-20.5,corridor,5.39,clear,10.943,8.568,0.00,11.23,world
1137.28,2026-08-29 03:53:36,7.72,-2.90,1317.76,-20.4,corridor,5.41,clear,10.943,8.568,0.00,7.33,world
1137.78,2026-08-29 03:53:37,9.25,-2.90,1319.01,69.6,corridor,5.43,clear,10.170,8.048,0.00,6.90,world
1138.28,2026-08-29 03:53:37,11.59,-2.90,1319.88,69.6,corridor,5.45,clear,10.170,8.048,0.00,6.35,world
1138.78,2026-08-29 03:53:38,12.71,-2.89,1321.31,-20.6,corridor,5.47,clear,9.291,8.461,0.00,7.42,world
1139.28,2026-08-29 03:53:38,11.83,-4.65,1323.74,-20.6,corridor,5.49,clear,9.291,8.461,0.00,9.98,world
1139.78,2026-08-29 03:53:39,7.86,-2.90,1317.38,-20.4,corridor,5.51,clear,10.221,7.893,0.00,7.01,world
1140.28,2026-08-29 03:53:39,8.86,-2.90,1318.86,69.6,corridor,5.53,clear,10.221,7.893,0.00,7.07,world
1140.78,2026-08-29 03:53:40,11.20,-2.90,1319.73,69.6,corridor,5.55,clear,10.994,11.363,0.00,6.38,world
1141.28,2026-08-29 03:53:40,13.55,-2.89,1320.60,69.6,corridor,5.57,clear,10.994,11.363,0.00,6.62,world
1141.78,2026-08-29 03:53:41,14.54,-2.74,1322.00,-20.7,corridor,5.59,clear,9.131,8.262,0.00,8.02,world
1142.28,2026-08-29 03:53:41,13.65,-4.89,1324.39,-20.7,corridor,5.61,clear,9.131,8.262,0.00,10.39,world
1142.78,2026-08-29 03:53:42,7.91,-2.89,1317.25,-20.4,corridor,5.63,clear,9.213,8.914,0.00,6.90,world
1143.28,2026-08-29 03:53:42,6.37,-2.90,1317.94,-110.4,corridor,5.65,clear,9.213,8.914,0.00,8.59,world
1143.78,2026-08-29 03:53:43,4.05,-2.90,1317.13,-78.9,corridor,5.67,clear,10.548,8.946,0.00,10.43,world
1144.28,2026-08-29 03:53:43,3.08,-2.90,1319.24,-20.2,corridor,5.69,clear,10.548,8.946,0.00,12.11,world
1144.78,2026-08-29 03:53:44,2.22,-2.89,1321.58,-20.2,corridor,5.71,clear,9.369,8.623,0.00,14.01,world
1145.28,2026-08-29 03:53:44,1.36,-4.55,1323.93,-20.2,corridor,5.73,clear,9.369,8.623,0.00,16.07,world
1145.78,2026-08-29 03:53:45,7.98,-2.09,1317.05,-20.4,corridor,5.75,clear,10.266,7.625,0.00,6.75,world
1146.28,2026-08-29 03:53:45,6.99,-2.90,1318.17,-110.4,corridor,5.77,clear,10.266,7.625,0.00,8.15,world
1146.78,2026-08-29 03:53:46,4.65,-2.90,1317.30,-110.4,corridor,5.79,clear,11.023,8.331,0.00,9.91,world
1147.28,2026-08-29 03:53:46,2.31,-2.90,1316.42,-110.4,corridor,5.81,clear,11.023,8.331,0.00,11.94,world
1147.78,2026-08-29 03:53:47,1.22,-2.89,1318.28,-20.1,corridor,5.83,clear,8.911,8.008,0.00,13.47,world
1148.28,2026-08-29 03:53:47,0.38,-2.81,1320.59,-20.1,corridor,5.85,clear,8.911,8.008,0.00,15.13,world
1148.78,2026-08-29 03:53:48,-0.43,-3.13,1322.82,-20.1,corridor,5.87,clear,10.004,8.421,0.00,16.91,world
1149.28,2026-08-29 03:53:48,-1.29,-5.39,1325.17,-20.1,corridor,5.89,clear,10.004,8.421,0.00,18.93,world
1149.78,2026-08-29 03:53:49,7.77,-2.90,1317.61,-20.4,corridor,5.91,clear,8.636,6.647,0.00,7.20,world
1150.28,2026-08-29 03:53:49,5.90,-2.90,1317.76,-110.4,corridor,5.93,clear,8.636,6.647,0.00,8.93,world
1150.78,2026-08-29 03:53:50,3.56,-2.90,1316.89,-110.4,corridor,5.95,clear,10.844,8.939,0.00,10.84,world
1151.28,2026-08-29 03:53:50,1.22,-2.89,1316.02,-110.4,corridor,5.97,clear,10.844,8.939,0.00,12.94,world
1151.78,2026-08-29 03:53:51,-0.40,-2.83,1316.68,-20.0,corridor,5.99,clear,9.815,8.510,0.00,14.64,world
1152.28,2026-08-29 03:53:51,-1.22,-2.67,1318.97,-20.0,corridor,6.01,clear,9.815,8.510,0.00,16.01,world
1152.78,2026-08-29 03:53:52,-1.99,-2.30,1321.12,-20.0,corridor,6.03,clear,9.530,8.654,0.00,17.51,world
1153.28,2026-08-29 03:53:52,-2.81,-3.20,1323.37,-20.0,corridor,6.05,clear,9.530,8.654,0.00,19.25,world
1153.78,2026-08-29 03:53:53,-3.66,-6.27,1325.79,-20.0,corridor,6.07,clear,8.661,7.180,0.00,21.23,world
1154.28,2026-08-29 03:53:53,7.63,-2.90,1318.00,-20.4,corridor,6.09,clear,8.661,7.180,0.00,7.52,world
1154.78,2026-08-29 03:53:54,9.48,-2.90,1319.09,69.6,corridor,6.11,clear,11.283,9.132,0.00,6.81,world
1155.28,2026-08-29 03:53:54,10.82,-2.90,1320.43,-20.5,corridor,6.13,clear,11.283,9.132,0.00,7.18,world
1155.78,2026-08-29 03:53:55,9.94,-3.41,1322.77,-20.5,corridor,6.15,clear,9.595,9.401,0.00,9.67,world
1156.28,2026-08-29 03:53:55,7.97,-2.23,1317.08,-20.4,corridor,6.17,clear,9.595,9.401,0.00,6.77,world
1156.78,2026-08-29 03:53:56,8.16,-2.90,1318.60,69.6,corridor,6.19,clear,10.840,9.561,0.00,7.44,world
1157.28,2026-08-29 03:53:56,10.50,-2.90,1319.47,69.6,corridor,6.21,clear,10.840,9.561,0.00,6.49,world
1157.78,2026-08-29 03:53:57,12.81,-2.90,1320.36,48.6,corridor,6.23,clear,10.935,9.001,0.00,6.47,world
1158.28,2026-08-29 03:53:57,12.24,-3.24,1322.56,-20.6,corridor,6.25,clear,10.935,9.001,0.00,8.74,world
1158.78,2026-08-29 03:53:58,7.99,-1.95,1317.01,-20.4,corridor,6.27,clear,9.919,8.407,0.00,6.72,world
1159.28,2026-08-29 03:53:58,7.78,-2.90,1318.45,63.7,corridor,6.29,clear,9.919,8.407,0.00,7.65,world
1159.78,2026-08-29 03:53:59,10.11,-2.90,1319.33,69.6,corridor,6.31,clear,10.771,8.602,0.00,6.59,world
1160.28,2026-08-29 03:53:59,12.45,-2.90,1320.20,69.6,corridor,6.33,clear,10.771,8.602,0.00,6.39,world
1160.78,2026-08-29 03:54:00,14.66,-2.72,1321.04,48.6,corridor,6.35,clear,10.355,8.750,0.00,7.07,world
1161.28,2026-08-29 03:54:00,14.06,-3.72,1323.25,-20.7,corridor,6.37,clear,10.355,8.750,0.00,9.25,world
1161.78,2026-08-29 03:54:01,8.00,-1.90,1317.00,-20.7,corridor,6.39,clear,11.061,9.561,0.00,6.71,world
1162.28,2026-08-29 03:54:01,7.41,-2.90,1318.23,-72.9,corridor,6.41,clear,11.061,9.561,0.00,7.83,world
1162.78,2026-08-29 03:54:02,5.12,-2.90,1317.47,-110.4,corridor,6.43,clear,11.313,8.234,0.00,9.54,world
1163.28,2026-08-29 03:54:02,3.49,-2.90,1318.15,-20.2,corridor,6.45,clear,11.313,8.234,0.00,11.30,world
1163.78,2026-08-29 03:54:03,2.62,-2.90,1320.49,-20.2,corridor,6.47,clear,9.591,8.247,0.00,13.10,world
1164.28,2026-08-29 03:54:03,1.76,-3.53,1322.84,-20.2,corridor,6.49,clear,9.591,8.247,0.00,15.09,world
1164.78,2026-08-29 03:54:04,0.90,-5.86,1325.18,-20.2,corridor,6.51,clear,11.143,7.598,0.00,17.22,world
1165.28,2026-08-29 03:54:04,7.72,-2.90,1317.76,-20.4,corridor,6.53,clear,11.143,7.598,0.00,7.33,world
1165.78,2026-08-29 03:54:05,5.74,-2.90,1317.70,-110.4,corridor,6.55,clear,10.944,8.386,0.00,9.05,world
1166.28,2026-08-29 03:54:05,3.40,-2.90,1316.83,-110.4,corridor,6.57,clear,10.944,8.386,0.00,10.97,world
1166.78,2026-08-29 03:54:06,1.62,-2.90,1317.19,-20.1,corridor,6.59,clear,9.541,22.732,0.00,12.78,world
1167.28,2026-08-29 03:54:06,0.77,-2.86,1319.52,-20.1,corridor,6.61,clear,9.541,22.732,0.00,14.34,world
1167.78,2026-08-29 03:54:07,-0.04,-2.63,1321.75,-20.1,corridor,6.63,clear,22.509,10.879,0.00,16.04,world
1168.28,2026-08-29 03:54:07,-0.89,-4.21,1324.07,-20.1,corridor,6.65,clear,22.509,10.879,0.00,17.98,world
1168.78,2026-08-29 03:54:08,7.98,-2.09,1317.05,-20.4,corridor,6.67,clear,10.058,7.182,0.00,6.75,world
1169.28,2026-08-29 03:54:08,6.99,-2.90,1318.17,-110.4,corridor,6.69,clear,10.058,7.182,0.00,8.15,world
1169.78,2026-08-29 03:54:09,4.65,-2.90,1317.30,-110.4,corridor,6.71,clear,10.739,8.265,0.00,9.91,world
1170.28,2026-08-29 03:54:09,2.31,-2.90,1316.42,-110.4,corridor,6.73,clear,10.739,8.265,0.00,11.94,world
1170.78,2026-08-29 03:54:10,0.04,-2.88,1315.72,-57.8,corridor,6.75,clear,9.813,8.477,0.00,14.06,world
1171.28,2026-08-29 03:54:10,-0.84,-2.76,1317.91,-20.0,corridor,6.77,clear,9.813,8.477,0.00,15.35,world
1171.78,2026-08-29 03:54:11,-1.64,-2.50,1320.14,-20.0,corridor,6.79,clear,24.903,7.914,0.00,16.81,world
1172.28,2026-08-29 03:54:11,-2.41,-2.22,1322.28,-20.0,corridor,6.81,clear,24.903,7.914,0.00,18.38,world
1172.78,2026-08-29 03:54:12,-3.26,-4.37,1324.69,-20.0,corridor,6.83,clear,9.726,6.887,0.00,20.30,world
1173.28,2026-08-29 03:54:12,7.94,-2.52,1317.15,-20.4,corridor,6.85,clear,9.726,6.887,0.00,6.83,world
1173.78,2026-08-29 03:54:13,8.39,-2.90,1318.69,69.6,corridor,6.87,clear,11.786,8.670,0.00,7.31,world
1174.28,2026-08-29 03:54:13,10.73,-2.90,1319.56,69.6,corridor,6.89,clear,11.786,8.670,0.00,6.45,world
1174.78,2026-08-29 03:54:14,10.35,-2.90,1321.68,-20.5,corridor,6.91,clear,8.841,8.942,0.00,8.50,world
1175.28,2026-08-29 03:54:14,9.47,-5.76,1324.53,-20.6,corridor,6.93,clear,8.841,8.942,0.00,11.47,world
1175.78,2026-08-29 03:54:15,7.66,-2.90,1317.92,-20.4,corridor,6.95,clear,9.695,9.620,0.00,7.46,world
1176.28,2026-08-29 03:54:15,9.41,-2.90,1319.06,69.6,corridor,6.97,clear,9.695,9.620,0.00,6.84,world
1176.78,2026-08-29 03:54:16,11.75,-2.90,1319.94,69.6,corridor,6.99,clear,9.928,8.610,0.00,6.35,world
1177.28,2026-08-29 03:54:16,12.65,-2.89,1321.47,-20.6,corridor,7.01,clear,9.928,8.610,0.00,7.59,world
1177.78,2026-08-29 03:54:17,11.77,-4.93,1323.99,-20.6,corridor,7.03,clear,9.808,8.472,0.00,10.24,world
1178.28,2026-08-29 03:54:17,7.80,-2.90,1317.53,-20.4,corridor,7.05,clear,9.808,8.472,0.00,7.13,world
1178.78,2026-08-29 03:54:18,9.02,-2.90,1318.92,69.6,corridor,7.07,clear,8.681,7.375,0.00,7.00,world
1179.28,2026-08-29 03:54:18,11.36,-2.90,1319.79,69.6,corridor,7.09,clear,8.681,7.375,0.00,6.36,world
1179.78,2026-08-29 03:54:19,13.70,-2.89,1320.66,69.6,corridor,7.11,clear,10.137,10.661,0.00,6.67,world
1180.28,2026-08-29 03:54:19,14.48,-2.79,1322.16,-20.7,corridor,7.13,clear,10.137,10.661,0.00,8.17,world
1180.78,2026-08-29 03:54:20,13.59,-5.06,1324.54,-20.7,corridor,7.15,clear,10.649,10.909,0.00,10.55,world
1181.28,2026-08-29 03:54:20,7.88,-2.90,1317.33,-20.4,corridor,7.17,clear,10.649,10.909,0.00,6.97,world
1181.78,2026-08-29 03:54:21,6.21,-2.90,1317.88,-110.4,corridor,7.19,clear,10.162,8.360,0.00,8.70,world
1182.28,2026-08-29 03:54:21,3.94,-2.90,1317.17,-57.8,corridor,7.21,clear,10.162,8.360,0.00,10.54,world
1182.78,2026-08-29 03:54:22,3.03,-2.90,1319.40,-20.2,corridor,7.23,clear,9.519,7.941,0.00,12.23,world
1183.28,2026-08-29 03:54:22,2.17,-2.89,1321.74,-20.2,corridor,7.25,clear,9.519,7.941,0.00,14.14,world
1183.78,2026-08-29 03:54:23,1.30,-4.69,1324.09,-20.2,corridor,7.27,clear,10.948,7.977,0.00,16.22,world
1184.28,2026-08-29 03:54:23,7.97,-2.23,1317.08,-20.4,corridor,7.29,clear,10.948,7.977,0.00,6.77,world
1184.78,2026-08-29 03:54:24,6.84,-2.90,1318.11,-110.4,corridor,7.31,clear,10.145,7.680,0.00,8.26,world
1185.28,2026-08-29 03:54:24,4.49,-2.90,1317.24,-110.4,corridor,7.33,clear,10.145,7.680,0.00,10.04,world
1185.78,2026-08-29 03:54:25,2.16,-2.90,1316.40,-89.4,corridor,7.35,clear,10.058,8.266,0.00,12.08,world
1186.28,2026-08-29 03:54:25,1.17,-2.89,1318.43,-20.1,corridor,7.37,clear,10.058,8.266,0.00,13.58,world
1186.78,2026-08-29 03:54:26,0.33,-2.78,1320.74,-20.1,corridor,7.39,clear,9.485,10.087,0.00,15.24,world
1187.28,2026-08-29 03:54:26,-0.49,-3.27,1322.98,-20.1,corridor,7.41,clear,9.485,10.087,0.00,17.04,world
1187.78,2026-08-29 03:54:27,-1.35,-5.71,1325.32,-20.1,corridor,7.43,clear,11.173,7.348,0.00,19.07,world
1188.28,2026-08-29 03:54:27,7.72,-2.90,1317.76,-20.4,corridor,7.45,clear,11.173,7.348,0.00,7.33,world
1188.78,2026-08-29 03:54:28,5.74,-2.90,1317.70,-110.4,corridor,7.47,clear,11.599,8.060,0.00,9.05,world
1189.28,2026-08-29 03:54:28,3.40,-2.90,1316.83,-110.4,corridor,7.49,clear,11.599,8.060,0.00,10.97,world
1189.78,2026-08-29 03:54:29,1.06,-2.89,1315.96,-110.4,corridor,7.51,clear,9.596,9.309,0.00,13.09,world
1190.28,2026-08-29 03:54:29,-0.45,-2.82,1316.84,-20.0,corridor,7.53,clear,9.596,9.309,0.00,14.73,world
1190.78,2026-08-29 03:54:30,-1.27,-2.65,1319.12,-20.0,corridor,7.55,clear,10.616,8.422,0.00,16.11,world
1191.28,2026-08-29 03:54:30,-2.05,-2.27,1321.26,-20.0,corridor,7.57,clear,10.616,8.422,0.00,17.61,world
1191.78,2026-08-29 03:54:31,-2.87,-3.28,1323.53,-20.0,corridor,7.59,clear,9.128,7.007,0.00,19.37,world
1192.28,2026-08-29 03:54:31,-3.72,-6.70,1325.94,-20.0,corridor,7.61,clear,9.128,7.007,0.00,21.37,world
1192.78,2026-08-29 03:54:32,7.60,-2.90,1318.14,0.6,corridor,7.63,clear,10.675,6.712,0.00,7.62,world
1193.28,2026-08-29 03:54:32,9.64,-2.90,1319.15,69.6,corridor,7.65,clear,10.675,6.712,0.00,6.75,world
1193.78,2026-08-29 03:54:33,10.76,-2.90,1320.59,-20.5,corridor,7.67,clear,10.228,8.136,0.00,7.34,world
1194.28,2026-08-29 03:54:33,9.88,-3.62,1322.93,-20.5,corridor,7.69,clear,10.228,8.136,0.00,9.83,world
1194.78,2026-08-29 03:54:34,7.95,-2.41,1317.13,-20.4,corridor,7.71,clear,6.898,7.275,0.00,6.81,world
1195.28,2026-08-29 03:54:34,8.31,-2.90,1318.66,69.6,corridor,7.73,clear,6.898,7.275,0.00,7.35,world
1195.78,2026-08-29 03:54:35,10.66,-2.90,1319.53,69.6,corridor,7.75,clear,8.024,7.223,0.00,6.46,world
1196.28,2026-08-29 03:54:35,12.90,-2.90,1320.45,27.6,corridor,7.77,clear,8.024,7.223,0.00,6.55,world
1196.78,2026-08-29 03:54:36,12.18,-3.33,1322.72,-20.6,corridor,7.79,clear,6.622,7.332,0.00,8.90,world
1197.28,2026-08-29 03:54:36,7.99,-2.03,1317.04,-20.4,corridor,7.81,clear,6.622,7.332,0.00,6.74,world
1197.78,2026-08-29 03:54:37,7.92,-2.90,1318.51,69.6,corridor,7.83,clear,6.585,8.017,0.00,7.57,world
1198.28,2026-08-29 03:54:37,10.27,-2.90,1319.38,69.6,corridor,7.85,clear,6.585,8.017,0.00,6.55,world
1198.78,2026-08-29 03:54:38,12.61,-2.90,1320.25,69.6,corridor,7.87,clear,5.823,7.752,0.00,6.41,world
1199.28,2026-08-29 03:54:38,14.73,-2.70,1321.13,27.6,corridor,7.89,clear,5.823,7.752,0.00,7.17,world
1199.78,2026-08-29 03:54:39,14.00,-3.95,1323.40,-20.7,corridor,7.91,clear,7.146,7.512,0.00,9.40,world
1200.28,2026-08-29 03:54:39,8.00,-1.92,1317.01,-20.4,corridor,7.93,clear,7.146,7.512,0.00,6.71,world
1200.78,2026-08-29 03:54:40,7.29,-2.90,1318.25,-93.9,corridor,7.95,clear,6.858,6.913,0.00,7.94,world
1201.28,2026-08-29 03:54:40,4.96,-2.90,1317.41,-110.4,corridor,7.97,clear,6.858,6.913,0.00,9.66,world
1201.78,2026-08-29 03:54:41,3.43,-2.90,1318.30,-20.2,corridor,7.99,clear,8.836,7.444,0.00,11.41,world
1202.28,2026-08-29 03:54:41,2.57,-2.90,1320.65,-20.2,corridor,8.01,clear,8.836,7.444,0.00,13.22,world
1202.78,2026-08-29 03:54:42,1.70,-3.68,1322.99,-20.2,corridor,8.03,clear,7.310,7.018,0.00,15.23,world
1203.28,2026-08-29 03:54:42,0.84,-6.17,1325.34,-20.2,corridor,8.05,clear,7.310,7.018,0.00,17.37,world
1203.78,2026-08-29 03:54:43,7.66,-2.90,1317.92,-20.4,corridor,8.07,clear,6.144,7.189,0.00,7.46,world
1204.28,2026-08-29 03:54:43,5.59,-2.90,1317.64,-110.4,corridor,8.09,clear,6.144,7.189,0.00,9.17,world
1204.78,2026-08-29 03:54:44,3.24,-2.90,1316.77,-110.4,corridor,8.11,clear,7.499,8.130,0.00,11.11,world
1205.28,2026-08-29 03:54:44,1.57,-2.90,1317.34,-20.1,corridor,8.13,clear,7.499,8.130,0.00,12.88,world
1205.78,2026-08-29 03:54:45,0.71,-2.86,1319.67,-20.1,corridor,8.15,clear,7.194,7.160,0.00,14.45,world
1206.28,2026-08-29 03:54:45,-0.09,-2.60,1321.89,-20.1,corridor,8.17,clear,7.194,7.160,0.00,16.15,world
1206.78,2026-08-29 03:54:46,-0.95,-4.35,1324.23,-20.1,corridor,8.19,clear,6.544,5.976,0.00,18.11,world
1207.28,2026-08-29 03:54:46,7.97,-2.23,1317.08,-20.4,corridor,8.21,clear,6.544,5.976,0.00,6.77,world
1207.78,2026-08-29 03:54:47,6.84,-2.90,1318.11,-110.4,corridor,8.23,clear,6.189,6.373,0.00,8.26,world
1208.28,2026-08-29 03:54:47,4.49,-2.90,1317.24,-110.4,corridor,8.25,clear,6.189,6.373,0.00,10.04,world
1208.78,2026-08-29 03:54:48,2.15,-2.90,1316.37,-110.4,corridor,8.27,clear,7.077,7.960,0.00,12.08,world
1209.28,2026-08-29 03:54:48,-0.05,-2.87,1315.79,-36.8,corridor,8.29,clear,7.077,7.960,0.00,14.16,world
1209.78,2026-08-29 03:54:49,-0.89,-2.75,1318.06,-20.0,corridor,8.31,clear,7.605,7.457,0.00,15.44,world
1210.28,2026-08-29 03:54:49,-1.69,-2.48,1320.28,-20.0,corridor,8.33,clear,7.605,7.457,0.00,16.91,world
1210.78,2026-08-29 03:54:50,-2.47,-2.36,1322.43,-20.0,corridor,8.35,clear,6.709,6.236,0.00,18.50,world
1211.28,2026-08-29 03:54:50,-3.32,-4.53,1324.85,-20.0,corridor,8.37,clear,6.709,6.236,0.00,20.43,world
1211.78,2026-08-29 03:54:51,7.92,-2.75,1317.21,-20.4,corridor,8.39,clear,9.374,6.847,0.00,6.88,world
1212.28,2026-08-29 03:54:51,8.55,-2.90,1318.74,69.6,corridor,8.41,clear,9.374,6.847,0.00,7.23,world
1212.78,2026-08-29 03:54:52,10.86,-2.90,1319.63,48.6,corridor,8.43,clear,9.652,8.021,0.00,6.45,world
1213.28,2026-08-29 03:54:52,10.29,-2.90,1321.83,-20.5,corridor,8.45,clear,9.652,8.021,0.00,8.67,world
1213.78,2026-08-29 03:54:53,9.41,-6.28,1324.69,-20.6,corridor,8.47,clear,7.647,7.653,0.00,11.63,world
1214.28,2026-08-29 03:54:53,7.61,-2.90,1318.07,-9.9,corridor,8.49,clear,7.647,7.653,0.00,7.58,world
1214.78,2026-08-29 03:54:54,9.56,-2.90,1319.12,69.6,corridor,8.51,clear,7.721,7.396,0.00,6.78,world
1215.28,2026-08-29 03:54:54,11.91,-2.90,1319.99,69.6,corridor,8.53,clear,7.721,7.396,0.00,6.35,world
1215.78,2026-08-29 03:54:55,12.59,-2.89,1321.62,-20.6,corridor,8.55,clear,7.857,7.020,0.00,7.75,world
1216.28,2026-08-29 03:54:55,11.71,-5.24,1324.26,-20.6,corridor,8.57,clear,7.857,7.020,0.00,10.51,world
1216.78,2026-08-29 03:54:56,7.75,-2.90,1317.69,-20.4,corridor,8.59,clear,6.085,7.141,0.00,7.26,world
1217.28,2026-08-29 03:54:56,9.17,-2.90,1318.98,69.6,corridor,8.61,clear,6.085,7.141,0.00,6.93,world
1217.78,2026-08-29 03:54:57,11.52,-2.90,1319.85,69.6,corridor,8.63,clear,6.910,7.352,0.00,6.35,world
1218.28,2026-08-29 03:54:57,13.86,-2.89,1320.72,69.6,corridor,8.65,clear,6.910,7.352,0.00,6.72,world
1218.78,2026-08-29 03:54:58,14.42,-2.91,1322.31,-20.7,corridor,8.67,clear,6.675,7.014,0.00,8.32,world
1219.28,2026-08-29 03:54:58,13.53,-5.27,1324.70,-20.7,corridor,8.69,clear,6.675,7.014,0.00,10.71,world
1219.78,2026-08-29 03:54:59,7.83,-2.90,1317.45,-20.4,corridor,8.71,clear,6.302,9.090,0.00,7.07,world
1220.28,2026-08-29 03:54:59,6.06,-2.90,1317.82,-110.4,corridor,8.73,clear,6.302,9.090,0.00,8.81,world
1220.78,2026-08-29 03:55:00,3.85,-2.90,1317.24,-36.8,corridor,8.75,clear,6.541,7.050,0.00,10.66,world
1221.28,2026-08-29 03:55:00,2.97,-2.90,1319.55,-20.2,corridor,8.77,clear,6.541,7.050,0.00,12.35,world
1221.78,2026-08-29 03:55:01,2.11,-2.89,1321.89,-20.2,corridor,8.79,clear,6.492,9.024,0.00,14.27,world
1222.28,2026-08-29 03:55:01,1.24,-4.82,1324.24,-20.2,corridor,8.81,clear,6.492,9.024,0.00,16.36,world
1222.78,2026-08-29 03:55:02,7.95,-2.41,1317.13,-20.4,corridor,8.83,clear,6.286,5.690,0.00,6.81,world
1223.28,2026-08-29 03:55:02,6.68,-2.90,1318.05,-110.4,corridor,8.85,clear,6.286,5.690,0.00,8.37,world
1223.78,2026-08-29 03:55:03,4.34,-2.90,1317.18,-110.4,corridor,8.87,clear,7.977,7.842,0.00,10.17,world
1224.28,2026-08-29 03:55:03,2.04,-2.90,1316.41,-68.3,corridor,8.89,clear,7.977,7.842,0.00,12.20,world
1224.78,2026-08-29 03:55:04,1.11,-2.89,1318.59,-20.1,corridor,8.91,clear,6.805,7.082,0.00,13.68,world
1225.28,2026-08-29 03:55:04,0.27,-2.76,1320.88,-20.1,corridor,8.93,clear,6.805,7.082,0.00,15.36,world
1225.78,2026-08-29 03:55:05,-0.54,-3.40,1323.13,-20.1,corridor,8.95,clear,10.375,7.703,0.00,17.17,world
1226.28,2026-08-29 03:55:05,-1.40,-6.06,1325.48,-20.1,corridor,8.97,clear,10.375,7.703,0.00,19.21,world
1226.78,2026-08-29 03:55:06,7.66,-2.90,1317.92,-20.4,corridor,8.99,clear,6.692,7.071,0.00,7.46,world
1227.28,2026-08-29 03:55:06,5.59,-2.90,1317.64,-110.4,corridor,9.01,clear,6.692,7.071,0.00,9.17,world
1227.78,2026-08-29 03:55:07,3.24,-2.90,1316.77,-110.4,corridor,9.03,clear,8.114,6.954,0.00,11.11,world
1228.28,2026-08-29 03:55:07,0.90,-2.89,1315.90,-110.4,corridor,9.05,clear,8.114,6.954,0.00,13.23,world
1228.78,2026-08-29 03:55:08,-0.51,-2.82,1316.99,-20.0,corridor,9.07,clear,5.476,6.607,0.00,14.81,world
1229.28,2026-08-29 03:55:08,-1.33,-2.63,1319.26,-20.0,corridor,9.09,clear,5.476,6.607,0.00,16.21,world
1229.78,2026-08-29 03:55:09,-2.10,-2.24,1321.40,-20.0,corridor,9.11,clear,5.867,5.640,0.00,17.72,world
1230.28,2026-08-29 03:55:09,-2.92,-3.39,1323.69,-20.0,corridor,9.13,clear,5.867,5.640,0.00,19.50,world
1230.78,2026-08-29 03:55:10,-3.77,-7.17,1326.10,-20.0,corridor,9.15,clear,6.635,5.511,0.00,21.50,world
1231.28,2026-08-29 03:55:10,7.62,-2.90,1318.26,21.7,corridor,9.17,clear,6.635,5.511,0.00,7.67,world
1231.78,2026-08-29 03:55:11,9.80,-2.90,1319.21,69.6,corridor,9.19,clear,7.733,7.097,0.00,6.69,world
1232.28,2026-08-29 03:55:11,10.70,-2.90,1320.74,-20.5,corridor,9.21,clear,7.733,7.097,0.00,7.51,world
1232.78,2026-08-29 03:55:12,9.82,-3.87,1323.08,-20.5,corridor,9.23,clear,6.681,7.062,0.00,10.00,world
1233.28,2026-08-29 03:55:12,7.93,-2.63,1317.18,-20.4,corridor,9.25,clear,6.681,7.062,0.00,6.85,world
1233.78,2026-08-29 03:55:13,8.47,-2.90,1318.72,69.6,corridor,9.27,clear,6.945,6.996,0.00,7.27,world
1234.28,2026-08-29 03:55:13,10.81,-2.90,1319.59,69.6,corridor,9.29,clear,6.945,6.996,0.00,6.43,world
1234.78,2026-08-29 03:55:14,12.93,-2.90,1320.56,6.6,corridor,9.31,clear,6.962,6.537,0.00,6.65,world
1235.28,2026-08-29 03:55:14,12.12,-3.47,1322.87,-20.6,corridor,9.33,clear,6.962,6.537,0.00,9.07,world
1235.78,2026-08-29 03:55:15,7.98,-2.16,1317.07,-20.4,corridor,9.35,clear,6.264,6.534,0.00,6.76,world
1236.28,2026-08-29 03:55:15,8.08,-2.90,1318.57,69.6,corridor,9.37,clear,6.264,6.534,0.00,7.48,world
1236.78,2026-08-29 03:55:16,10.42,-2.90,1319.44,69.6,corridor,9.39,clear,7.358,6.683,0.00,6.51,world
1237.28,2026-08-29 03:55:16,12.77,-2.90,1320.31,69.6,corridor,9.41,clear,7.358,6.683,0.00,6.43,world
1237.78,2026-08-29 03:55:17,14.77,-2.69,1321.23,6.6,corridor,9.43,clear,5.737,6.996,0.00,7.28,world
1238.28,2026-08-29 03:55:17,13.94,-4.22,1323.57,-20.7,corridor,9.45,clear,5.737,6.996,0.00,9.57,world
1238.78,2026-08-29 03:55:18,7.99,-1.99,1317.02,-20.4,corridor,9.47,clear,6.386,7.163,0.00,6.73,world
1239.28,2026-08-29 03:55:18,7.15,-2.90,1318.22,-110.4,corridor,9.49,clear,6.386,7.163,0.00,8.05,world
1239.78,2026-08-29 03:55:19,4.81,-2.90,1317.35,-110.4,corridor,9.51,clear,7.168,7.049,0.00,9.79,world
1240.28,2026-08-29 03:55:19,3.37,-2.90,1318.46,-20.2,corridor,9.53,clear,7.168,7.049,0.00,11.53,world
1240.78,2026-08-29 03:55:20,2.51,-2.90,1320.80,-20.2,corridor,9.55,clear,6.112,7.052,0.00,13.35,world
1241.28,2026-08-29 03:55:20,1.65,-3.83,1323.15,-20.2,corridor,9.57,clear,6.112,7.052,0.00,15.37,world
1241.78,2026-08-29 03:55:21,0.78,-6.52,1325.50,-20.2,corridor,9.59,clear,7.637,6.687,0.00,17.52,world
1242.28,2026-08-29 03:55:21,7.60,-2.90,1318.07,-30.9,corridor,9.61,clear,7.637,6.687,0.00,7.59,world
1242.78,2026-08-29 03:55:22,5.43,-2.90,1317.59,-110.4,corridor,9.63,clear,7.205,7.194,0.00,9.29,world
1243.28,2026-08-29 03:55:22,3.09,-2.90,1316.72,-110.4,corridor,9.65,clear,7.205,7.194,0.00,11.25,world
1243.78,2026-08-29 03:55:23,1.51,-2.89,1317.50,-20.1,corridor,9.67,clear,6.518,7.076,0.00,12.97,world
1244.28,2026-08-29 03:55:23,0.66,-2.85,1319.83,-20.1,corridor,9.69,clear,6.518,7.076,0.00,14.56,world
1244.78,2026-08-29 03:55:24,-0.14,-2.57,1322.03,-20.1,corridor,9.71,clear,6.126,7.167,0.00,16.27,world
1245.28,2026-08-29 03:55:24,-1.00,-4.43,1324.39,-20.1,corridor,9.73,clear,6.126,7.167,0.00,18.25,world
1245.78,2026-08-29 03:55:25,7.95,-2.41,1317.13,-20.4,corridor,9.75,clear,6.488,5.882,0.00,6.81,world
1246.28,2026-08-29 03:55:25,6.68,-2.90,1318.05,-110.4,corridor,9.77,clear,6.488,5.882,0.00,8.37,world
1246.78,2026-08-29 03:55:26,4.34,-2.90,1317.18,-110.4,corridor,9.79,clear,7.767,7.408,0.00,10.17,world
1247.28,2026-08-29 03:55:26,1.99,-2.90,1316.31,-110.4,corridor,9.81,clear,7.767,7.408,0.00,12.23,world
1247.78,2026-08-29 03:55:27,-0.12,-2.86,1315.91,-20.0,corridor,9.83,clear,6.420,7.438,0.00,14.25,world
1248.28,2026-08-29 03:55:27,-0.95,-2.74,1318.22,-20.0,corridor,9.85,clear,6.420,7.438,0.00,15.53,world
1248.78,2026-08-29 03:55:28,-1.74,-2.45,1320.42,-20.0,corridor,9.87,clear,7.304,7.131,0.00,17.00,world
1249.28,2026-08-29 03:55:28,-2.53,-2.50,1322.59,-20.0,corridor,9.89,clear,7.304,7.131,0.00,18.62,world
1249.78,2026-08-29 03:55:29,-3.37,-4.72,1325.00,-20.0,corridor,9.91,clear,7.005,5.665,0.00,20.57,world
1250.28,2026-08-29 03:55:29,7.90,-2.90,1317.28,-20.4,corridor,9.93,clear,7.005,5.665,0.00,6.93,world
1250.78,2026-08-29 03:55:30,8.70,-2.90,1318.80,69.6,corridor,9.95,clear,7.488,8.864,0.00,7.15,world
1251.28,2026-08-29 03:55:30,10.94,-2.90,1319.73,27.6,corridor,9.97,clear,7.488,8.864,0.00,6.49,world
1251.78,2026-08-29 03:55:31,10.23,-2.90,1321.99,-20.5,corridor,9.99,clear,7.918,7.262,0.00,8.83,world
1252.28,2026-08-29 03:55:31,9.36,-6.84,1324.85,-20.6,corridor,10.01,clear,7.918,7.262,0.00,11.80,world
1252.78,2026-08-29 03:55:32,7.61,-2.90,1318.20,11.1,corridor,10.03,clear,7.128,6.289,0.00,7.65,world
1253.28,2026-08-29 03:55:32,9.72,-2.90,1319.18,69.6,corridor,10.05,clear,7.128,6.289,0.00,6.72,world
1253.78,2026-08-29 03:55:33,12.06,-2.90,1320.05,69.6,corridor,10.07,clear,6.467,7.008,0.00,6.35,world
1254.28,2026-08-29 03:55:33,12.53,-2.90,1321.78,-20.6,corridor,10.09,clear,6.467,7.008,0.00,7.92,world
1254.78,2026-08-29 03:55:34,11.65,-5.63,1324.48,-20.6,corridor,10.11,clear,6.972,7.445,0.00,10.74,world
1255.28,2026-08-29 03:55:34,7.69,-2.90,1317.84,-20.4,corridor,10.13,clear,6.972,7.445,0.00,7.39,world
1255.78,2026-08-29 03:55:35,9.33,-2.90,1319.03,69.6,corridor,10.15,clear,7.230,8.016,0.00,6.87,world
1256.28,2026-08-29 03:55:35,11.67,-2.90,1319.91,69.6,corridor,10.17,clear,7.230,8.016,0.00,6.35,world
1256.78,2026-08-29 03:55:36,14.01,-2.88,1320.78,69.6,corridor,10.19,clear,7.980,7.310,0.00,6.78,world
1257.28,2026-08-29 03:55:36,14.36,-3.05,1322.47,-20.7,corridor,10.21,clear,7.980,7.310,0.00,8.48,world
1257.78,2026-08-29 03:55:37,13.47,-5.53,1324.85,-20.7,corridor,10.23,clear,7.123,8.372,0.00,10.87,world
1258.28,2026-08-29 03:55:37,7.77,-2.90,1317.61,-20.4,corridor,10.25,clear,7.123,8.372,0.00,7.20,world
1258.78,2026-08-29 03:55:38,5.90,-2.90,1317.76,-110.4,corridor,10.27,clear,7.953,13.411,0.00,8.93,world
1259.28,2026-08-29 03:55:38,3.78,-2.90,1317.37,-20.2,corridor,10.29,clear,7.953,13.411,0.00,10.76,world
1259.78,2026-08-29 03:55:39,2.91,-2.90,1319.71,-20.2,corridor,10.31,clear,7.605,8.721,0.00,12.47,world
1260.28,2026-08-29 03:55:39,2.05,-2.89,1322.05,-20.2,corridor,10.33,clear,7.605,8.721,0.00,14.41,world
1260.78,2026-08-29 03:55:40,1.19,-4.90,1324.40,-20.2,corridor,10.35,clear,6.631,6.697,0.00,16.50,world
1261.28,2026-08-29 03:55:40,7.93,-2.63,1317.18,-20.4,corridor,10.37,clear,6.631,6.697,0.00,6.85,world
1261.78,2026-08-29 03:55:41,6.52,-2.90,1317.99,-110.4,corridor,10.39,clear,25.824,7.193,0.00,8.47,world
1262.28,2026-08-29 03:55:41,4.18,-2.90,1317.12,-110.4,corridor,10.41,clear,25.824,7.193,0.00,10.30,world
1262.78,2026-08-29 03:55:42,1.94,-2.90,1316.47,-47.3,corridor,10.43,clear,8.486,7.502,0.00,12.31,world
1263.28,2026-08-29 03:55:42,1.05,-2.89,1318.75,-20.1,corridor,10.45,clear,8.486,7.502,0.00,13.79,world
1263.78,2026-08-29 03:55:43,0.22,-2.74,1321.03,-20.1,corridor,10.47,clear,8.509,7.154,0.00,15.47,world
1264.28,2026-08-29 03:55:43,-0.60,-3.53,1323.29,-20.1,corridor,10.49,clear,8.509,7.154,0.00,17.31,world
1264.78,2026-08-29 03:55:44,-1.46,-6.44,1325.64,-20.1,corridor,10.51,clear,6.462,7.480,0.00,19.35,world
1265.28,2026-08-29 03:55:44,7.60,-2.90,1318.07,-30.9,corridor,10.53,clear,6.462,7.480,0.00,7.59,world
1265.78,2026-08-29 03:55:45,5.43,-2.90,1317.59,-110.4,corridor,10.55,clear,7.942,6.697,0.00,9.29,world
1266.28,2026-08-29 03:55:45,3.09,-2.90,1316.71,-110.4,corridor,10.57,clear,7.942,6.697,0.00,11.25,world
1266.78,2026-08-29 03:55:46,0.75,-2.88,1315.85,-110.4,corridor,10.59,clear,7.395,7.869,0.00,13.38,world
1267.28,2026-08-29 03:55:46,-0.56,-2.81,1317.15,-20.0,corridor,10.61,clear,7.395,7.869,0.00,14.90,world
1267.78,2026-08-29 03:55:47,-1.38,-2.61,1319.41,-20.0,corridor,10.63,clear,6.675,7.604,0.00,16.30,world
1268.28,2026-08-29 03:55:47,-2.15,-2.21,1321.54,-20.0,corridor,10.65,clear,6.675,7.604,0.00,17.82,world
1268.78,2026-08-29 03:55:48,-2.98,-3.55,1323.84,-20.0,corridor,10.67,clear,8.580,7.222,0.00,19.63,world
1269.28,2026-08-29 03:55:48,8.00,-1.91,1317.00,-20.1,corridor,10.69,clear,8.580,7.222,0.00,6.71,world
1269.78,2026-08-29 03:55:49,7.68,-2.90,1318.36,42.7,corridor,10.71,clear,7.420,6.990,0.00,7.68,world
1270.28,2026-08-29 03:55:49,9.95,-2.90,1319.27,69.6,corridor,10.73,clear,7.420,6.990,0.00,6.64,world
1270.78,2026-08-29 03:55:50,10.64,-2.90,1320.90,-20.5,corridor,10.75,clear,7.378,7.445,0.00,7.67,world
1271.28,2026-08-29 03:55:50,9.77,-4.14,1323.26,-20.5,corridor,10.77,clear,7.378,7.445,0.00,10.19,world
1271.78,2026-08-29 03:55:51,7.91,-2.89,1317.25,-20.4,corridor,10.79,clear,6.491,7.276,0.00,6.90,world
1272.28,2026-08-29 03:55:51,8.63,-2.90,1318.77,69.6,corridor,10.81,clear,6.491,7.276,0.00,7.19,world
1272.78,2026-08-29 03:55:52,10.97,-2.90,1319.64,69.6,corridor,10.83,clear,6.654,7.711,0.00,6.41,world
1273.28,2026-08-29 03:55:52,12.93,-2.89,1320.69,-14.4,corridor,10.85,clear,6.654,7.711,0.00,6.78,world
1273.78,2026-08-29 03:55:53,12.06,-3.64,1323.03,-20.6,corridor,10.87,clear,6.717,7.918,0.00,9.23,world
1274.28,2026-08-29 03:55:53,7.96,-2.32,1317.11,-20.4,corridor,10.89,clear,6.717,7.918,0.00,6.79,world
1274.78,2026-08-29 03:55:54,8.23,-2.90,1318.63,69.6,corridor,10.91,clear,9.619,8.206,0.00,7.39,world
1275.28,2026-08-29 03:55:54,10.58,-2.90,1319.50,69.6,corridor,10.93,clear,9.619,8.206,0.00,6.48,world
1275.78,2026-08-29 03:55:55,12.92,-2.90,1320.37,69.6,corridor,10.95,clear,10.472,8.594,0.00,6.46,world
1276.28,2026-08-29 03:55:55,14.77,-2.69,1321.37,-14.4,corridor,10.97,clear,10.472,8.594,0.00,7.41,world
1276.78,2026-08-29 03:55:56,13.88,-4.40,1323.76,-20.7,corridor,10.99,clear,9.472,9.269,0.00,9.76,world
1277.28,2026-08-29 03:55:56,7.98,-2.09,1317.05,-20.4,corridor,11.01,clear,9.472,9.269,0.00,6.75,world
1277.78,2026-08-29 03:55:57,6.99,-2.90,1318.17,-110.4,corridor,11.03,clear,6.060,6.447,0.00,8.15,world
1278.28,2026-08-29 03:55:57,4.65,-2.90,1317.30,-110.4,corridor,11.05,clear,6.060,6.447,0.00,9.91,world
1278.78,2026-08-29 03:55:58,3.31,-2.90,1318.62,-20.2,corridor,11.07,clear,6.426,7.053,0.00,11.64,world
1279.28,2026-08-29 03:55:58,2.45,-2.90,1320.96,-20.2,corridor,11.09,clear,6.426,7.053,0.00,13.48,world
1279.78,2026-08-29 03:55:59,1.59,-3.98,1323.31,-20.2,corridor,11.11,clear,8.373,6.547,0.00,15.51,world
1280.28,2026-08-29 03:55:59,0.73,-6.91,1325.65,-20.2,corridor,11.13,clear,8.373,6.547,0.00,17.66,world
1280.78,2026-08-29 03:56:00,7.51,-2.90,1318.17,-51.9,corridor,11.15,clear,7.147,7.648,0.00,7.71,world
1281.28,2026-08-29 03:56:00,5.27,-2.90,1317.53,-110.4,corridor,11.17,clear,7.147,7.648,0.00,9.41,world
1281.78,2026-08-29 03:56:01,2.93,-2.90,1316.66,-110.4,corridor,11.19,clear,6.993,7.243,0.00,11.38,world
1282.28,2026-08-29 03:56:01,1.45,-2.89,1317.65,-20.1,corridor,11.21,clear,6.993,7.243,0.00,13.07,world
1282.78,2026-08-29 03:56:02,0.60,-2.84,1319.98,-20.1,corridor,11.23,clear,6.433,9.465,0.00,14.67,world
1283.28,2026-08-29 03:56:02,-0.20,-2.61,1322.19,-20.1,corridor,11.25,clear,6.433,9.465,0.00,16.40,world
1283.78,2026-08-29 03:56:03,-1.06,-4.54,1324.54,-20.1,corridor,11.27,clear,6.301,6.901,0.00,18.38,world
1284.28,2026-08-29 03:56:03,7.93,-2.63,1317.18,-20.4,corridor,11.29,clear,6.301,6.901,0.00,6.85,world
1284.78,2026-08-29 03:56:04,6.52,-2.90,1317.99,-110.4,corridor,11.31,clear,8.797,7.538,0.00,8.47,world
1285.28,2026-08-29 03:56:04,4.18,-2.90,1317.12,-110.4,corridor,11.33,clear,8.797,7.538,0.00,10.30,world
1285.78,2026-08-29 03:56:05,1.84,-2.90,1316.25,-110.4,corridor,11.35,clear,8.179,9.641,0.00,12.37,world
1286.28,2026-08-29 03:56:05,-0.17,-2.86,1316.07,-20.0,corridor,11.37,clear,8.179,9.641,0.00,14.32,world
1286.78,2026-08-29 03:56:06,-1.00,-2.73,1318.37,-20.0,corridor,11.39,clear,10.407,7.313,0.00,15.63,world
1287.28,2026-08-29 03:56:06,-1.79,-2.42,1320.56,-20.0,corridor,11.41,clear,10.407,7.313,0.00,17.10,world
1287.78,2026-08-29 03:56:07,-2.58,-2.64,1322.75,-20.0,corridor,11.43,clear,9.071,7.312,0.00,18.75,world
1288.28,2026-08-29 03:56:07,-3.43,-4.95,1325.16,-20.0,corridor,11.45,clear,9.071,7.312,0.00,20.70,world
1288.78,2026-08-29 03:56:08,7.86,-2.90,1317.38,-20.4,corridor,11.47,clear,9.732,7.778,0.00,7.01,world
1289.28,2026-08-29 03:56:08,8.86,-2.90,1318.86,69.6,corridor,11.49,clear,9.732,7.778,0.00,7.07,world
1289.78,2026-08-29 03:56:09,10.98,-2.90,1319.84,6.6,corridor,11.51,clear,12.138,9.329,0.00,6.57,world
1290.28,2026-08-29 03:56:09,10.17,-2.92,1322.15,-20.5,corridor,11.53,clear,12.138,9.329,0.00,9.00,world
1290.78,2026-08-29 03:56:10,8.00,-1.90,1317.00,-20.6,corridor,11.55,clear,9.779,9.573,0.00,6.71,world
1291.28,2026-08-29 03:56:10,7.64,-2.90,1318.32,32.2,corridor,11.57,clear,9.779,9.573,0.00,7.68,world
1291.78,2026-08-29 03:56:11,9.88,-2.90,1319.24,69.6,corridor,11.59,clear,10.749,8.073,0.00,6.67,world
1292.28,2026-08-29 03:56:11,12.22,-2.90,1320.11,69.6,corridor,11.61,clear,10.749,8.073,0.00,6.36,world
1292.78,2026-08-29 03:56:12,12.48,-2.90,1321.93,-20.6,corridor,11.63,clear,9.603,8.052,0.00,8.08,world
1293.28,2026-08-29 03:56:12,11.59,-6.12,1324.64,-20.6,corridor,11.65,clear,9.603,8.052,0.00,10.90,world
1293.78,2026-08-29 03:56:13,7.63,-2.90,1318.00,-20.4,corridor,11.67,clear,9.075,8.123,0.00,7.52,world
1294.28,2026-08-29 03:56:13,9.48,-2.90,1319.09,69.6,corridor,11.69,clear,9.075,8.123,0.00,6.81,world
1294.78,2026-08-29 03:56:14,11.83,-2.90,1319.96,69.6,corridor,11.71,clear,9.316,8.710,0.00,6.35,world
1295.28,2026-08-29 03:56:14,14.15,-2.85,1320.83,69.6,corridor,11.73,clear,9.316,8.710,0.00,6.83,world
1295.78,2026-08-29 03:56:15,14.30,-3.18,1322.63,-20.7,corridor,11.75,clear,8.243,8.308,0.00,8.63,world
1296.28,2026-08-29 03:56:15,13.41,-5.82,1325.01,-20.7,corridor,11.77,clear,8.243,8.308,0.00,11.02,world
1296.78,2026-08-29 03:56:16,7.72,-2.90,1317.76,-20.4,corridor,11.79,clear,8.790,7.807,0.00,7.33,world
1297.28,2026-08-29 03:56:16,5.74,-2.90,1317.70,-110.4,corridor,11.81,clear,8.790,7.807,0.00,9.05,world
1297.78,2026-08-29 03:56:17,3.72,-2.90,1317.52,-20.2,corridor,11.83,clear,8.547,7.856,0.00,10.87,world
1298.28,2026-08-29 03:56:17,2.85,-2.90,1319.87,-20.2,corridor,11.85,clear,8.547,7.856,0.00,12.59,world
1298.78,2026-08-29 03:56:18,1.99,-2.94,1322.21,-20.2,corridor,11.87,clear,6.930,7.907,0.00,14.55,world
1299.28,2026-08-29 03:56:18,1.13,-5.01,1324.56,-20.2,corridor,11.89,clear,6.930,7.907,0.00,16.65,world
1299.78,2026-08-29 03:56:19,7.91,-2.89,1317.25,-20.4,corridor,11.91,clear,9.446,6.641,0.00,6.90,world
1300.28,2026-08-29 03:56:19,6.37,-2.90,1317.94,-110.4,corridor,11.93,clear,9.446,6.641,0.00,8.59,world
1300.78,2026-08-29 03:56:20,4.02,-2.90,1317.06,-110.4,corridor,11.95,clear,10.582,8.219,0.00,10.44,world
1301.28,2026-08-29 03:56:20,1.86,-2.90,1316.57,-26.3,corridor,11.97,clear,10.582,8.219,0.00,12.41,world
1301.78,2026-08-29 03:56:21,0.99,-2.89,1318.90,-20.1,corridor,11.99,clear,9.470,7.908,0.00,13.90,world
1302.28,2026-08-29 03:56:21,0.17,-2.72,1321.17,-20.1,corridor,12.01,clear,9.470,7.908,0.00,15.58,world
1302.78,2026-08-29 03:56:22,-0.66,-3.67,1323.45,-20.1,corridor,12.03,clear,8.956,7.181,0.00,17.44,world
1303.28,2026-08-29 03:56:22,-1.52,-6.87,1325.79,-20.1,corridor,12.05,clear,8.956,7.181,0.00,19.49,world
1303.78,2026-08-29 03:56:23,7.51,-2.90,1318.17,-51.9,corridor,12.07,clear,9.279,6.534,0.00,7.71,world
1304.28,2026-08-29 03:56:23,5.27,-2.90,1317.53,-110.4,corridor,12.09,clear,9.279,6.534,0.00,9.41,world
1304.78,2026-08-29 03:56:24,2.93,-2.90,1316.66,-110.4,corridor,12.11,clear,8.863,8.079,0.00,11.38,world
1305.28,2026-08-29 03:56:24,0.59,-2.88,1315.79,-110.4,corridor,12.13,clear,8.863,8.079,0.00,13.53,world
1305.78,2026-08-29 03:56:25,-0.62,-2.80,1317.30,-20.0,corridor,12.15,clear,8.318,8.500,0.00,14.99,world
1306.28,2026-08-29 03:56:25,-1.43,-2.59,1319.56,-20.0,corridor,12.17,clear,8.318,8.500,0.00,16.40,world
1306.78,2026-08-29 03:56:26,-2.20,-2.19,1321.68,-20.0,corridor,12.19,clear,9.628,9.946,0.00,17.93,world
1307.28,2026-08-29 03:56:26,-3.04,-3.74,1324.00,-20.0,corridor,12.21,clear,9.628,9.946,0.00,19.76,world
1307.78,2026-08-29 03:56:27,7.99,-1.95,1317.01,-20.4,corridor,12.23,clear,10.397,6.809,0.00,6.72,world
1308.28,2026-08-29 03:56:27,7.78,-2.90,1318.45,63.7,corridor,12.25,clear,10.397,6.809,0.00,7.65,world
1308.78,2026-08-29 03:56:28,10.11,-2.90,1319.33,69.6,corridor,12.27,clear,10.896,8.436,0.00,6.59,world
1309.28,2026-08-29 03:56:28,10.58,-2.90,1321.05,-20.5,corridor,12.29,clear,10.896,8.436,0.00,7.84,world
1309.78,2026-08-29 03:56:29,9.71,-4.41,1323.50,-20.5,corridor,12.31,clear,8.297,7.827,0.00,10.42,world
1310.28,2026-08-29 03:56:29,7.88,-2.90,1317.33,-20.4,corridor,12.33,clear,8.297,7.827,0.00,6.97,world
1310.78,2026-08-29 03:56:30,8.78,-2.90,1318.83,69.6,corridor,12.35,clear,11.204,7.855,0.00,7.11,world
1311.28,2026-08-29 03:56:30,11.13,-2.90,1319.70,69.6,corridor,12.37,clear,11.204,7.855,0.00,6.39,world
1311.78,2026-08-29 03:56:31,12.89,-2.89,1320.84,-20.6,corridor,12.39,clear,9.513,8.316,0.00,6.93,world
1312.28,2026-08-29 03:56:31,12.00,-3.85,1323.18,-20.6,corridor,12.41,clear,9.513,8.316,0.00,9.40,world
1312.78,2026-08-29 03:56:32,7.94,-2.52,1317.15,-20.4,corridor,12.43,clear,10.107,8.167,0.00,6.83,world
1313.28,2026-08-29 03:56:32,8.39,-2.90,1318.69,69.6,corridor,12.45,clear,10.107,8.167,0.00,7.31,world
1313.78,2026-08-29 03:56:33,10.73,-2.90,1319.56,69.6,corridor,12.47,clear,10.600,8.045,0.00,6.45,world
1314.28,2026-08-29 03:56:33,13.08,-2.90,1320.43,69.6,corridor,12.49,clear,10.600,8.045,0.00,6.49,world
1314.78,2026-08-29 03:56:34,14.72,-2.70,1321.52,-20.7,corridor,12.51,clear,8.404,8.222,0.00,7.55,world
1315.28,2026-08-29 03:56:34,13.82,-4.55,1323.92,-20.7,corridor,12.53,clear,8.404,8.222,0.00,9.92,world
1315.78,2026-08-29 03:56:35,7.97,-2.23,1317.08,-20.4,corridor,12.55,clear,7.828,8.781,0.00,6.77,world
1316.28,2026-08-29 03:56:35,6.84,-2.90,1318.11,-110.4,corridor,12.57,clear,7.828,8.781,0.00,8.26,world
1316.78,2026-08-29 03:56:36,4.49,-2.90,1317.24,-110.4,corridor,12.59,clear,9.035,7.327,0.00,10.04,world
1317.28,2026-08-29 03:56:36,3.26,-2.90,1318.77,-20.2,corridor,12.61,clear,9.035,7.327,0.00,11.76,world
1317.78,2026-08-29 03:56:37,2.40,-2.90,1321.12,-20.2,corridor,12.63,clear,7.064,7.403,0.00,13.61,world
1318.28,2026-08-29 03:56:37,1.53,-4.13,1323.46,-20.2,corridor,12.65,clear,7.064,7.403,0.00,15.65,world
1318.78,2026-08-29 03:56:38,8.00,-1.90,1317.00,-20.2,corridor,12.67,clear,9.511,7.524,0.00,6.71,world
1319.28,2026-08-29 03:56:38,7.41,-2.90,1318.23,-72.9,corridor,12.69,clear,9.511,7.524,0.00,7.83,world
1319.78,2026-08-29 03:56:39,5.12,-2.90,1317.47,-110.4,corridor,12.71,clear,10.823,8.390,0.00,9.54,world
1320.28,2026-08-29 03:56:39,2.77,-2.90,1316.60,-110.4,corridor,12.73,clear,10.823,8.390,0.00,11.52,world
1320.78,2026-08-29 03:56:40,1.39,-2.89,1317.81,-20.1,corridor,12.75,clear,11.077,9.570,0.00,13.17,world
1321.28,2026-08-29 03:56:40,0.54,-2.84,1320.14,-20.1,corridor,12.77,clear,11.077,9.570,0.00,14.79,world
1321.78,2026-08-29 03:56:41,-0.26,-2.73,1322.35,-20.1,corridor,12.79,clear,11.185,9.273,0.00,16.52,world
1322.28,2026-08-29 03:56:41,-1.12,-4.70,1324.70,-20.1,corridor,12.81,clear,11.185,9.273,0.00,18.52,world
1322.78,2026-08-29 03:56:42,7.91,-2.89,1317.25,-20.4,corridor,12.83,clear,10.850,7.259,0.00,6.90,world
1323.28,2026-08-29 03:56:42,6.37,-2.90,1317.94,-110.4,corridor,12.85,clear,10.850,7.259,0.00,8.59,world
1323.78,2026-08-29 03:56:43,4.02,-2.90,1317.06,-110.4,corridor,12.87,clear,11.083,8.390,0.00,10.43,world
1324.28,2026-08-29 03:56:43,1.68,-2.90,1316.19,-110.4,corridor,12.89,clear,11.083,8.390,0.00,12.51,world
1324.78,2026-08-29 03:56:44,-0.23,-2.85,1316.22,-20.0,corridor,12.91,clear,9.417,7.058,0.00,14.40,world
1325.28,2026-08-29 03:56:44,-1.06,-2.72,1318.52,-20.0,corridor,12.93,clear,9.417,7.058,0.00,15.72,world
1325.78,2026-08-29 03:56:45,-1.84,-2.39,1320.70,-20.0,corridor,12.95,clear,6.571,6.521,0.00,17.20,world
1326.28,2026-08-29 03:56:45,-2.64,-2.78,1322.90,-20.0,corridor,12.97,clear,6.571,6.521,0.00,18.87,world
1326.78,2026-08-29 03:56:46,-3.49,-5.23,1325.32,-20.0,corridor,12.99,clear,8.849,6.947,0.00,20.83,world
1327.28,2026-08-29 03:56:46,7.80,-2.90,1317.53,-20.4,corridor,13.01,clear,8.849,6.947,0.00,7.13,world
1327.78,2026-08-29 03:56:47,9.02,-2.90,1318.92,69.6,corridor,13.03,clear,13.310,8.068,0.00,7.00,world
1328.28,2026-08-29 03:56:47,10.98,-2.90,1319.97,-14.4,corridor,13.05,clear,13.310,8.068,0.00,6.69,world
1328.78,2026-08-29 03:56:48,10.12,-3.00,1322.30,-20.5,corridor,13.07,clear,7.777,7.375,0.00,9.17,world
1329.28,2026-08-29 03:56:48,8.00,-1.92,1317.01,-20.4,corridor,13.09,clear,7.777,7.375,0.00,6.71,world
1329.78,2026-08-29 03:56:49,7.72,-2.90,1318.41,53.2,corridor,13.11,clear,10.531,6.852,0.00,7.67,world
1330.28,2026-08-29 03:56:49,10.03,-2.90,1319.30,69.6,corridor,13.13,clear,10.531,6.852,0.00,6.62,world
1330.78,2026-08-29 03:56:50,12.38,-2.90,1320.17,69.6,corridor,13.15,clear,7.281,7.021,0.00,6.38,world
1331.28,2026-08-29 03:56:50,12.42,-2.90,1322.09,-20.6,corridor,13.17,clear,7.281,7.021,0.00,8.25,world
1331.78,2026-08-29 03:56:51,11.53,-6.64,1324.79,-20.6,corridor,13.19,clear,7.293,6.716,0.00,11.07,world
1332.28,2026-08-29 03:56:51,7.60,-2.90,1318.14,0.6,corridor,13.21,clear,7.293,6.716,0.00,7.62,world
1332.78,2026-08-29 03:56:52,9.64,-2.90,1319.15,69.6,corridor,13.23,clear,6.816,6.656,0.00,6.75,world
1333.28,2026-08-29 03:56:52,11.98,-2.90,1320.02,69.6,corridor,13.25,clear,6.816,6.656,0.00,6.35,world
1333.78,2026-08-29 03:56:53,14.28,-2.81,1320.88,69.6,corridor,13.27,clear,7.331,7.531,0.00,6.88,world
1334.28,2026-08-29 03:56:53,14.24,-3.26,1322.78,-20.7,corridor,13.29,clear,7.331,7.531,0.00,8.78,world
1334.78,2026-08-29 03:56:54,13.35,-6.15,1325.16,-20.7,corridor,13.31,clear,6.546,7.309,0.00,11.18,world
1335.28,2026-08-29 03:56:54,7.66,-2.90,1317.92,-20.4,corridor,13.33,clear,6.546,7.309,0.00,7.46,world
1335.78,2026-08-29 03:56:55,5.59,-2.90,1317.64,-110.4,corridor,13.35,clear,7.558,6.715,0.00,9.17,world
1336.28,2026-08-29 03:56:55,3.66,-2.90,1317.68,-20.2,corridor,13.37,clear,7.558,6.715,0.00,10.97,world
1336.78,2026-08-29 03:56:56,2.80,-2.90,1320.02,-20.2,corridor,13.39,clear,7.295,7.592,0.00,12.72,world
1337.28,2026-08-29 03:56:56,1.94,-3.08,1322.37,-20.2,corridor,13.41,clear,7.295,7.592,0.00,14.68,world
1337.78,2026-08-29 03:56:57,1.07,-5.17,1324.71,-20.2,corridor,13.43,clear,7.208,7.056,0.00,16.79,world
1338.28,2026-08-29 03:56:57,7.88,-2.90,1317.33,-20.4,corridor,13.45,clear,7.208,7.056,0.00,6.97,world
1338.78,2026-08-29 03:56:58,6.21,-2.90,1317.88,-110.4,corridor,13.47,clear,8.135,7.462,0.00,8.70,world
1339.28,2026-08-29 03:56:58,3.87,-2.90,1317.01,-110.4,corridor,13.49,clear,8.135,7.462,0.00,10.57,world
1339.78,2026-08-29 03:56:59,1.79,-2.90,1316.72,-20.1,corridor,13.51,clear,6.952,7.271,0.00,12.50,world
1340.28,2026-08-29 03:56:59,0.94,-2.88,1319.06,-20.1,corridor,13.53,clear,6.952,7.271,0.00,14.01,world
1340.78,2026-08-29 03:57:00,0.12,-2.70,1321.32,-20.1,corridor,13.55,clear,6.557,6.853,0.00,15.70,world
1341.28,2026-08-29 03:57:00,-0.72,-3.80,1323.60,-20.1,corridor,13.57,clear,6.557,6.853,0.00,17.57,world
1341.78,2026-08-29 03:57:01,8.00,-1.90,1317.00,-20.1,corridor,13.59,clear,7.615,6.782,0.00,6.71,world
1342.28,2026-08-29 03:57:01,7.41,-2.90,1318.23,-72.9,corridor,13.61,clear,7.615,6.782,0.00,7.83,world
1342.78,2026-08-29 03:57:02,5.12,-2.90,1317.47,-110.4,corridor,13.63,clear,7.090,7.378,0.00,9.54,world
1343.28,2026-08-29 03:57:02,2.77,-2.90,1316.60,-110.4,corridor,13.65,clear,7.090,7.378,0.00,11.52,world
1343.78,2026-08-29 03:57:03,0.44,-2.88,1315.73,-110.4,corridor,13.67,clear,7.130,7.559,0.00,13.67,world
1344.28,2026-08-29 03:57:03,-0.67,-2.79,1317.45,-20.0,corridor,13.69,clear,7.130,7.559,0.00,15.08,world
1344.78,2026-08-29 03:57:04,-1.49,-2.57,1319.70,-20.0,corridor,13.71,clear,7.020,7.187,0.00,16.50,world
1345.28,2026-08-29 03:57:04,-2.25,-2.16,1321.82,-20.0,corridor,13.73,clear,7.020,7.187,0.00,18.03,world
1345.78,2026-08-29 03:57:05,-3.10,-3.97,1324.16,-20.0,corridor,13.75,clear,6.918,6.262,0.00,19.89,world
1346.28,2026-08-29 03:57:05,7.99,-2.03,1317.04,-20.4,corridor,13.77,clear,6.918,6.262,0.00,6.74,world
1346.78,2026-08-29 03:57:06,7.92,-2.90,1318.51,69.6,corridor,13.79,clear,10.521,7.639,0.00,7.57,world
1347.28,2026-08-29 03:57:06,10.27,-2.90,1319.38,69.6,corridor,13.81,clear,10.521,7.639,0.00,6.55,world
1347.78,2026-08-29 03:57:07,10.53,-2.90,1321.21,-20.5,corridor,13.83,clear,9.131,7.494,0.00,8.00,world
1348.28,2026-08-29 03:57:07,9.65,-4.69,1323.75,-20.5,corridor,13.85,clear,9.131,7.494,0.00,10.67,world
1348.78,2026-08-29 03:57:08,7.83,-2.90,1317.45,-20.4,corridor,13.87,clear,7.384,7.611,0.00,7.07,world
1349.28,2026-08-29 03:57:08,8.94,-2.90,1318.89,69.6,corridor,13.89,clear,7.384,7.611,0.00,7.04,world
1349.78,2026-08-29 03:57:09,11.28,-2.90,1319.76,69.6,corridor,13.91,clear,7.171,7.793,0.00,6.37,world
1350.28,2026-08-29 03:57:09,12.83,-2.89,1321.00,-20.6,corridor,13.93,clear,7.171,7.793,0.00,7.10,world
1350.78,2026-08-29 03:57:10,11.95,-4.10,1323.34,-20.6,corridor,13.95,clear,7.681,7.167,0.00,9.56,world
1351.28,2026-08-29 03:57:10,7.92,-2.75,1317.21,-20.4,corridor,13.97,clear,7.681,7.167,0.00,6.88,world
1351.78,2026-08-29 03:57:11,8.55,-2.90,1318.74,69.6,corridor,13.99,clear,7.746,6.945,0.00,7.23,world
1352.28,2026-08-29 03:57:11,10.89,-2.90,1319.62,69.6,corridor,14.01,clear,7.746,6.945,0.00,6.42,world
1352.78,2026-08-29 03:57:12,13.23,-2.90,1320.49,69.6,corridor,14.03,clear,6.987,8.582,0.00,6.53,world
1353.28,2026-08-29 03:57:12,14.66,-2.72,1321.68,-20.7,corridor,14.05,clear,6.987,8.582,0.00,7.71,world
1353.78,2026-08-29 03:57:13,13.76,-4.66,1324.07,-20.7,corridor,14.07,clear,7.545,7.569,0.00,10.08,world
1354.28,2026-08-29 03:57:13,7.95,-2.41,1317.13,-20.4,corridor,14.09,clear,7.545,7.569,0.00,6.81,world
1354.78,2026-08-29 03:57:14,6.68,-2.90,1318.05,-110.4,corridor,14.11,clear,7.210,7.060,0.00,8.37,world
1355.28,2026-08-29 03:57:14,4.34,-2.90,1317.18,-110.4,corridor,14.13,clear,7.210,7.060,0.00,10.17,world
1355.78,2026-08-29 03:57:15,3.20,-2.90,1318.93,-20.2,corridor,14.15,clear,7.580,7.421,0.00,11.87,world
1356.28,2026-08-29 03:57:15,2.34,-2.89,1321.27,-20.2,corridor,14.17,clear,7.580,7.421,0.00,13.74,world
1356.78,2026-08-29 03:57:16,1.47,-4.28,1323.62,-20.2,corridor,14.19,clear,9.955,8.646,0.00,15.79,world
1357.28,2026-08-29 03:57:16,8.00,-1.92,1317.01,-20.4,corridor,14.21,clear,9.955,8.646,0.00,6.71,world
1357.78,2026-08-29 03:57:17,7.29,-2.90,1318.25,-93.9,corridor,14.23,clear,9.932,6.964,0.00,7.94,world
1358.28,2026-08-29 03:57:17,4.96,-2.90,1317.41,-110.4,corridor,14.25,clear,9.932,6.964,0.00,9.66,world
1358.78,2026-08-29 03:57:18,2.62,-2.90,1316.54,-110.4,corridor,14.27,clear,10.043,8.292,0.00,11.66,world
1359.28,2026-08-29 03:57:18,1.34,-2.89,1317.97,-20.1,corridor,14.29,clear,10.043,8.292,0.00,13.27,world
1359.78,2026-08-29 03:57:19,0.49,-2.84,1320.29,-20.1,corridor,14.31,clear,10.715,8.182,0.00,14.91,world
1360.28,2026-08-29 03:57:19,-0.32,-2.87,1322.51,-20.1,corridor,14.33,clear,10.715,8.182,0.00,16.65,world
1360.78,2026-08-29 03:57:20,-1.18,-4.89,1324.86,-20.1,corridor,14.35,clear,10.555,7.498,0.00,18.66,world
1361.28,2026-08-29 03:57:20,7.88,-2.90,1317.33,-20.4,corridor,14.37,clear,10.555,7.498,0.00,6.97,world
1361.78,2026-08-29 03:57:21,6.21,-2.90,1317.88,-110.4,corridor,14.39,clear,11.612,7.717,0.00,8.70,world
1362.28,2026-08-29 03:57:21,3.87,-2.90,1317.01,-110.4,corridor,14.41,clear,11.612,7.717,0.00,10.57,world
1362.78,2026-08-29 03:57:22,1.53,-2.89,1316.13,-110.4,corridor,14.43,clear,10.668,10.393,0.00,12.65,world
1363.28,2026-08-29 03:57:22,-0.28,-2.84,1316.38,-20.0,corridor,14.45,clear,10.668,10.393,0.00,14.48,world
1363.78,2026-08-29 03:57:23,-1.11,-2.70,1318.67,-20.0,corridor,14.47,clear,11.639,9.775,0.00,15.82,world
1364.28,2026-08-29 03:57:23,-1.89,-2.36,1320.84,-20.0,corridor,14.49,clear,11.639,9.775,0.00,17.30,world
1364.78,2026-08-29 03:57:24,-2.70,-2.92,1323.06,-20.0,corridor,14.51,clear,9.137,6.969,0.00,19.00,world
1365.28,2026-08-29 03:57:24,-3.55,-5.54,1325.47,-20.0,corridor,14.53,clear,9.137,6.969,0.00,20.96,world
1365.78,2026-08-29 03:57:25,7.75,-2.90,1317.69,-20.4,corridor,14.55,clear,11.041,10.595,0.00,7.26,world
1366.28,2026-08-29 03:57:25,9.17,-2.90,1318.98,69.6,corridor,14.57,clear,11.041,10.595,0.00,6.93,world
1366.78,2026-08-29 03:57:26,10.94,-2.90,1320.12,-20.5,corridor,14.59,clear,9.489,8.181,0.00,6.84,world
1367.28,2026-08-29 03:57:26,10.06,-3.10,1322.46,-20.5,corridor,14.61,clear,9.489,8.181,0.00,9.33,world
1367.78,2026-08-29 03:57:27,7.99,-1.99,1317.02,-20.4,corridor,14.63,clear,9.106,8.281,0.00,6.73,world
1368.28,2026-08-29 03:57:27,7.85,-2.90,1318.48,69.6,corridor,14.65,clear,9.106,8.281,0.00,7.61,world
1368.78,2026-08-29 03:57:28,10.19,-2.90,1319.35,69.6,corridor,14.67,clear,10.725,7.900,0.00,6.57,world
1369.28,2026-08-29 03:57:28,12.53,-2.90,1320.23,69.6,corridor,14.69,clear,10.725,7.900,0.00,6.40,world
1369.78,2026-08-29 03:57:29,12.36,-2.98,1322.25,-20.6,corridor,14.71,clear,9.154,9.841,0.00,8.41,world
1370.28,2026-08-29 03:57:29,11.47,-7.21,1324.95,-20.6,corridor,14.73,clear,9.154,9.841,0.00,11.23,world
1370.78,2026-08-29 03:57:30,7.62,-2.90,1318.26,21.7,corridor,14.75,clear,8.871,8.133,0.00,7.67,world
1371.28,2026-08-29 03:57:30,9.80,-2.90,1319.21,69.6,corridor,14.77,clear,8.871,8.133,0.00,6.69,world
1371.78,2026-08-29 03:57:31,12.14,-2.90,1320.08,69.6,corridor,14.79,clear,10.258,8.683,0.00,6.36,world
1372.28,2026-08-29 03:57:31,14.42,-2.78,1320.93,69.6,corridor,14.81,clear,10.258,8.683,0.00,6.94,world
1372.78,2026-08-29 03:57:32,14.18,-3.37,1322.94,-20.7,corridor,14.83,clear,9.573,8.797,0.00,8.94,world
1373.28,2026-08-29 03:57:32,13.29,-6.52,1325.32,-20.7,corridor,14.85,clear,9.573,8.797,0.00,11.34,world
1373.78,2026-08-29 03:57:33,7.65,-2.90,1318.06,-15.7,corridor,14.87,clear,8.658,7.476,0.00,7.54,world
1374.28,2026-08-29 03:57:34,6.98,-2.90,1320.47,-15.7,corridor,14.89,clear,9.927,467.126,0.00,9.55,world
1374.78,2026-08-29 03:57:34,6.33,-2.90,1321.14,-15.7,corridor,14.91,clear,9.927,467.126,0.00,10.48,world
1375.28,2026-08-29 03:57:35,5.65,-4.59,1323.65,-15.7,corridor,14.93,clear,9.278,8.379,0.00,12.77,world
1375.78,2026-08-29 03:57:35,7.89,-2.90,1317.39,-15.7,corridor,14.95,clear,9.278,8.379,0.00,6.99,world
1376.28,2026-08-29 03:57:36,6.21,-2.90,1318.00,-105.7,corridor,14.97,clear,10.494,9.063,0.00,8.76,world
1376.78,2026-08-29 03:57:36,3.92,-2.90,1317.54,-42.7,corridor,14.99,clear,10.494,9.063,0.00,10.68,world
1377.28,2026-08-29 03:57:37,3.22,-2.90,1319.88,-15.5,corridor,15.01,clear,9.035,8.486,0.00,12.28,world
1377.78,2026-08-29 03:57:37,2.55,-2.99,1322.29,-15.5,corridor,15.03,clear,9.035,8.486,0.00,14.14,world
1378.28,2026-08-29 03:57:38,1.87,-5.33,1324.73,-15.5,corridor,15.05,clear,10.068,8.369,0.00,16.19,world
1378.78,2026-08-29 03:57:38,7.89,-2.90,1317.39,-15.7,corridor,15.07,clear,10.068,8.369,0.00,6.99,world
1379.28,2026-08-29 03:57:39,6.21,-2.90,1318.00,-105.7,corridor,15.09,clear,10.860,9.067,0.00,8.76,world
1379.78,2026-08-29 03:57:39,3.80,-2.90,1317.33,-105.7,corridor,15.11,clear,10.860,9.067,0.00,10.73,world
1380.28,2026-08-29 03:57:40,1.77,-2.90,1317.31,-15.4,corridor,15.13,clear,9.334,8.744,0.00,12.67,world
1380.78,2026-08-29 03:57:40,1.11,-2.87,1319.71,-15.4,corridor,15.15,clear,9.334,8.744,0.00,14.10,world
1381.28,2026-08-29 03:57:41,0.47,-2.67,1322.03,-15.4,corridor,15.17,clear,9.808,8.677,0.00,15.73,world
1381.78,2026-08-29 03:57:41,-0.19,-4.64,1324.44,-15.4,corridor,15.19,clear,9.808,8.677,0.00,17.62,world
1382.28,2026-08-29 03:57:42,7.96,-2.52,1317.16,-15.7,corridor,15.21,clear,10.851,25.046,0.00,6.82,world
1382.78,2026-08-29 03:57:42,6.69,-2.90,1318.14,-105.7,corridor,15.23,clear,10.851,25.046,0.00,8.40,world
1383.28,2026-08-29 03:57:43,4.28,-2.90,1317.46,-105.7,corridor,15.25,clear,10.617,8.357,0.00,10.31,world
1383.78,2026-08-29 03:57:43,1.88,-2.90,1316.79,-105.7,corridor,15.27,clear,10.617,8.357,0.00,12.44,world
1384.28,2026-08-29 03:57:44,-0.20,-2.85,1316.66,-15.4,corridor,15.29,clear,10.731,8.702,0.00,14.44,world
1384.78,2026-08-29 03:57:44,-0.84,-2.73,1319.02,-15.4,corridor,15.31,clear,10.731,8.702,0.00,15.67,world
1385.28,2026-08-29 03:57:45,-1.44,-2.39,1321.26,-15.4,corridor,15.33,clear,9.744,8.079,0.00,17.06,world
1385.78,2026-08-29 03:57:45,-2.08,-3.52,1323.59,-15.4,corridor,15.35,clear,9.744,8.079,0.00,18.72,world
1386.28,2026-08-29 03:57:46,8.00,-1.91,1317.00,-15.5,corridor,15.37,clear,9.891,7.342,0.00,6.71,world
1386.78,2026-08-29 03:57:46,7.79,-2.90,1318.39,47.3,corridor,15.39,clear,9.891,7.342,0.00,7.60,world
1387.28,2026-08-29 03:57:47,10.13,-2.90,1319.10,74.3,corridor,15.41,clear,10.867,8.417,0.00,6.40,world
1387.78,2026-08-29 03:57:47,10.95,-2.90,1320.67,-15.9,corridor,15.43,clear,10.867,8.417,0.00,7.33,world
1388.28,2026-08-29 03:57:48,10.27,-3.78,1323.08,-15.9,corridor,15.45,clear,10.151,8.675,0.00,9.81,world
1388.78,2026-08-29 03:57:48,7.96,-2.52,1317.16,-15.7,corridor,15.47,clear,10.151,8.675,0.00,6.82,world
1389.28,2026-08-29 03:57:49,8.53,-2.90,1318.65,74.3,corridor,15.49,clear,10.822,8.117,0.00,7.18,world
1389.78,2026-08-29 03:57:49,10.93,-2.90,1319.32,74.3,corridor,15.51,clear,10.822,8.117,0.00,6.14,world
1390.28,2026-08-29 03:57:50,13.19,-2.90,1320.09,21.8,corridor,15.53,clear,9.821,8.720,0.00,6.14,world
1390.78,2026-08-29 03:57:50,12.61,-3.15,1322.43,-15.9,corridor,15.55,clear,9.821,8.720,0.00,8.55,world
1391.28,2026-08-29 03:57:51,11.89,-7.31,1325.04,-15.9,corridor,15.57,clear,10.165,8.802,0.00,11.24,world
1391.78,2026-08-29 03:57:51,7.72,-2.90,1318.29,26.3,corridor,15.59,clear,10.165,8.802,0.00,7.60,world
1392.28,2026-08-29 03:57:52,9.97,-2.90,1319.05,74.3,corridor,15.61,clear,10.813,8.265,0.00,6.46,world
1392.78,2026-08-29 03:57:52,12.38,-2.90,1319.73,74.3,corridor,15.63,clear,10.813,8.265,0.00,5.95,world
1393.28,2026-08-29 03:57:53,14.71,-2.77,1320.39,74.3,corridor,15.65,clear,10.605,9.758,0.00,6.43,world
1393.78,2026-08-29 03:57:53,14.66,-2.89,1322.36,-16.0,corridor,15.67,clear,10.605,9.758,0.00,8.39,world
1394.28,2026-08-29 03:57:54,13.88,-6.59,1324.97,-16.0,corridor,15.69,clear,10.232,8.216,0.00,10.97,world
1394.78,2026-08-29 03:57:54,7.65,-2.90,1318.16,-36.7,corridor,15.71,clear,10.232,8.216,0.00,7.59,world
1395.28,2026-08-29 03:57:55,5.41,-2.90,1317.78,-105.7,corridor,15.73,clear,9.506,8.102,0.00,9.39,world
1395.78,2026-08-29 03:57:55,3.66,-2.90,1318.28,-15.5,corridor,15.75,clear,9.506,8.102,0.00,11.19,world
1396.28,2026-08-29 03:57:56,2.99,-2.90,1320.69,-15.5,corridor,15.77,clear,14.931,17.922,0.00,12.88,world
1396.78,2026-08-29 03:57:56,2.32,-3.86,1323.10,-15.5,corridor,15.79,clear,14.931,17.922,0.00,14.80,world
1397.28,2026-08-29 03:57:57,1.65,-6.69,1325.53,-15.5,corridor,15.81,clear,9.757,7.018,0.00,16.90,world
1397.78,2026-08-29 03:57:57,7.65,-2.90,1318.16,-36.7,corridor,15.83,clear,9.757,7.018,0.00,7.59,world
1398.28,2026-08-29 03:57:58,5.41,-2.90,1317.78,-105.7,corridor,15.85,clear,10.186,8.112,0.00,9.39,world
1398.78,2026-08-29 03:57:58,3.00,-2.90,1317.10,-105.7,corridor,15.87,clear,10.186,8.112,0.00,11.43,world
1399.28,2026-08-29 03:57:59,1.55,-2.89,1318.12,-15.4,corridor,15.89,clear,7.844,8.867,0.00,13.11,world
1399.78,2026-08-29 03:57:59,0.89,-2.85,1320.51,-15.4,corridor,15.91,clear,7.844,8.867,0.00,14.64,world
1400.28,2026-08-29 03:58:00,0.25,-3.29,1322.83,-15.4,corridor,15.93,clear,9.240,7.570,0.00,16.34,world
1400.78,2026-08-29 03:58:00,-0.42,-5.60,1325.24,-15.4,corridor,15.95,clear,9.240,7.570,0.00,18.28,world
1401.28,2026-08-29 03:58:01,7.80,-2.90,1317.71,-15.7,corridor,15.97,clear,9.386,6.854,0.00,7.22,world
1401.78,2026-08-29 03:58:01,5.89,-2.90,1317.91,-105.7,corridor,15.99,clear,9.386,6.854,0.00,9.00,world
1402.28,2026-08-29 03:58:02,3.48,-2.90,1317.24,-105.7,corridor,16.01,clear,10.392,8.109,0.00,11.00,world
1402.78,2026-08-29 03:58:02,1.08,-2.89,1316.56,-105.7,corridor,16.03,clear,10.392,8.109,0.00,13.17,world
1403.28,2026-08-29 03:58:03,-0.41,-2.83,1317.45,-15.4,corridor,16.05,clear,8.035,8.014,0.00,14.82,world
1403.78,2026-08-29 03:58:03,-1.04,-2.64,1319.78,-15.4,corridor,16.07,clear,8.035,8.014,0.00,16.12,world
1404.28,2026-08-29 03:58:04,-1.64,-2.25,1321.98,-15.4,corridor,16.09,clear,8.896,6.781,0.00,17.56,world
1404.78,2026-08-29 03:58:04,-2.30,-4.15,1324.39,-15.4,corridor,16.11,clear,8.896,6.781,0.00,19.33,world
1405.28,2026-08-29 03:58:05,7.96,-2.52,1317.16,-15.7,corridor,16.13,clear,9.523,7.643,0.00,6.82,world
1405.78,2026-08-29 03:58:05,8.53,-2.90,1318.65,74.3,corridor,16.15,clear,9.523,7.643,0.00,7.18,world
1406.28,2026-08-29 03:58:06,10.93,-2.90,1319.32,74.3,corridor,16.17,clear,9.740,8.625,0.00,6.14,world
1406.78,2026-08-29 03:58:06,10.72,-2.90,1321.47,-15.9,corridor,16.19,clear,9.740,8.625,0.00,8.16,world
1407.28,2026-08-29 03:58:07,10.03,-5.23,1324.22,-15.9,corridor,16.21,clear,9.863,8.591,0.00,10.96,world
1407.78,2026-08-29 03:58:07,7.80,-2.90,1317.71,-15.7,corridor,16.23,clear,9.863,8.591,0.00,7.22,world
1408.28,2026-08-29 03:58:08,9.33,-2.90,1318.87,74.3,corridor,16.25,clear,12.515,57.155,0.00,6.75,world
1408.78,2026-08-29 03:58:08,11.74,-2.90,1319.55,74.3,corridor,16.27,clear,12.515,57.155,0.00,5.99,world
1409.28,2026-08-29 03:58:09,13.07,-2.89,1320.83,-15.9,corridor,16.29,clear,9.406,8.571,0.00,6.89,world
1409.78,2026-08-29 03:58:09,12.38,-3.80,1323.23,-15.9,corridor,16.31,clear,9.406,8.571,0.00,9.37,world
1410.28,2026-08-29 03:58:10,7.97,-2.32,1317.11,-15.7,corridor,16.33,clear,9.398,7.933,0.00,6.78,world
1410.78,2026-08-29 03:58:10,8.37,-2.90,1318.60,74.3,corridor,16.35,clear,9.398,7.933,0.00,7.28,world
1411.28,2026-08-29 03:58:11,10.77,-2.90,1319.28,74.3,corridor,16.37,clear,11.476,8.001,0.00,6.19,world
1411.78,2026-08-29 03:58:11,13.18,-2.90,1319.95,74.3,corridor,16.39,clear,11.476,8.001,0.00,6.01,world
1412.28,2026-08-29 03:58:12,15.11,-2.68,1320.77,-9.7,corridor,16.41,clear,8.075,7.865,0.00,6.86,world
1412.78,2026-08-29 03:58:12,14.43,-3.49,1323.16,-16.0,corridor,16.43,clear,8.075,7.865,0.00,9.17,world
1413.28,2026-08-29 03:58:13,7.98,-2.16,1317.07,-15.7,corridor,16.45,clear,8.236,11.206,0.00,6.76,world
1413.78,2026-08-29 03:58:13,7.01,-2.90,1318.22,-105.7,corridor,16.47,clear,8.236,11.206,0.00,8.17,world
1414.28,2026-08-29 03:58:14,4.60,-2.90,1317.55,-105.7,corridor,16.49,clear,9.047,7.822,0.00,10.04,world
1414.78,2026-08-29 03:58:14,3.44,-2.90,1319.08,-15.5,corridor,16.51,clear,9.047,7.822,0.00,11.72,world
1415.28,2026-08-29 03:58:15,2.77,-2.90,1321.49,-15.5,corridor,16.53,clear,8.431,8.534,0.00,13.50,world
1415.78,2026-08-29 03:58:15,2.09,-4.67,1323.93,-15.5,corridor,16.55,clear,8.431,8.534,0.00,15.50,world
1416.28,2026-08-29 03:58:16,7.98,-2.16,1317.07,-15.7,corridor,16.57,clear,8.834,6.906,0.00,6.76,world
1416.78,2026-08-29 03:58:16,7.01,-2.90,1318.22,-105.7,corridor,16.59,clear,8.834,6.906,0.00,8.17,world
1417.28,2026-08-29 03:58:17,4.60,-2.90,1317.55,-105.7,corridor,16.61,clear,9.783,7.958,0.00,10.04,world
1417.78,2026-08-29 03:58:17,2.20,-2.90,1316.89,-95.2,corridor,16.63,clear,9.783,7.958,0.00,12.14,world
1418.28,2026-08-29 03:58:18,1.33,-2.89,1318.92,-15.4,corridor,16.65,clear,9.601,8.250,0.00,13.59,world
1418.78,2026-08-29 03:58:18,0.68,-2.78,1321.28,-15.4,corridor,16.67,clear,9.601,8.250,0.00,15.18,world
1419.28,2026-08-29 03:58:19,0.03,-4.00,1323.64,-15.4,corridor,16.69,clear,9.991,7.020,0.00,16.97,world
1419.78,2026-08-29 03:58:19,8.00,-1.91,1317.00,-15.5,corridor,16.71,clear,9.991,7.020,0.00,6.71,world
1420.28,2026-08-29 03:58:20,7.46,-2.90,1318.29,-78.7,corridor,16.73,clear,11.890,8.585,0.00,7.83,world
1420.78,2026-08-29 03:58:20,5.09,-2.90,1317.69,-105.7,corridor,16.75,clear,11.890,8.585,0.00,9.65,world
1421.28,2026-08-29 03:58:21,2.68,-2.90,1317.01,-105.7,corridor,16.77,clear,9.756,8.229,0.00,11.71,world
1421.78,2026-08-29 03:58:21,0.28,-2.88,1316.34,-105.7,corridor,16.79,clear,9.756,8.229,0.00,13.92,world
1422.28,2026-08-29 03:58:22,-0.63,-2.78,1318.24,-15.4,corridor,16.81,clear,8.997,7.997,0.00,15.23,world
1422.78,2026-08-29 03:58:22,-1.25,-2.54,1320.53,-15.4,corridor,16.83,clear,8.997,7.997,0.00,16.59,world
1423.28,2026-08-29 03:58:23,-1.86,-2.80,1322.78,-15.4,corridor,16.85,clear,9.329,6.903,0.00,18.13,world
1423.78,2026-08-29 03:58:23,-2.52,-5.41,1325.19,-15.4,corridor,16.87,clear,9.329,6.903,0.00,19.96,world
1424.28,2026-08-29 03:58:24,7.80,-2.90,1317.71,-15.7,corridor,16.89,clear,12.065,7.044,0.00,7.22,world
1424.78,2026-08-29 03:58:24,9.33,-2.90,1318.87,74.3,corridor,16.91,clear,12.065,7.044,0.00,6.75,world
1425.28,2026-08-29 03:58:25,11.18,-2.90,1319.87,-15.9,corridor,16.93,clear,9.443,8.955,0.00,6.51,world
1425.78,2026-08-29 03:58:25,10.49,-3.01,1322.27,-15.9,corridor,16.95,clear,9.443,8.955,0.00,8.99,world
1426.28,2026-08-29 03:58:26,8.00,-1.91,1317.00,-15.7,corridor,16.97,clear,10.553,11.205,0.00,6.71,world
1426.78,2026-08-29 03:58:26,7.79,-2.90,1318.39,47.3,corridor,16.99,clear,10.553,11.205,0.00,7.60,world
1427.28,2026-08-29 03:58:27,10.13,-2.90,1319.10,74.3,corridor,17.01,clear,9.286,8.151,0.00,6.40,world
1427.78,2026-08-29 03:58:27,12.54,-2.90,1319.77,74.3,corridor,17.03,clear,9.286,8.151,0.00,5.96,world
1428.28,2026-08-29 03:58:28,12.84,-2.89,1321.63,-15.9,corridor,17.05,clear,9.601,8.614,0.00,7.72,world
1428.78,2026-08-29 03:58:28,12.14,-5.07,1324.14,-15.9,corridor,17.07,clear,9.601,8.614,0.00,10.31,world
1429.28,2026-08-29 03:58:29,7.85,-2.90,1317.54,-15.7,corridor,17.09,clear,9.853,9.535,0.00,7.10,world
1429.78,2026-08-29 03:58:29,9.17,-2.90,1318.83,74.3,corridor,17.11,clear,9.853,9.535,0.00,6.83,world
1430.28,2026-08-29 03:58:30,11.58,-2.90,1319.50,74.3,corridor,17.13,clear,10.105,10.671,0.00,6.01,world
1430.78,2026-08-29 03:58:30,13.98,-2.89,1320.18,74.3,corridor,17.15,clear,10.105,10.671,0.00,6.18,world
1431.28,2026-08-29 03:58:31,14.89,-2.66,1321.55,-16.0,corridor,17.17,clear,9.805,8.226,0.00,7.60,world
1431.78,2026-08-29 03:58:31,14.16,-4.57,1324.04,-16.0,corridor,17.19,clear,9.805,8.226,0.00,10.04,world
1432.28,2026-08-29 03:58:32,7.89,-2.90,1317.39,-15.7,corridor,17.21,clear,10.334,8.460,0.00,6.99,world
1432.78,2026-08-29 03:58:32,6.21,-2.90,1318.00,-105.7,corridor,17.23,clear,10.334,8.460,0.00,8.76,world
1433.28,2026-08-29 03:58:33,3.92,-2.90,1317.54,-42.7,corridor,17.25,clear,9.477,8.630,0.00,10.68,world
1433.78,2026-08-29 03:58:33,3.22,-2.90,1319.88,-15.5,corridor,17.27,clear,9.477,8.630,0.00,12.28,world
1434.28,2026-08-29 03:58:34,2.55,-2.99,1322.29,-15.5,corridor,17.29,clear,9.662,8.373,0.00,14.14,world
1434.78,2026-08-29 03:58:34,1.87,-5.33,1324.73,-15.5,corridor,17.31,clear,9.662,8.373,0.00,16.19,world
1435.28,2026-08-29 03:58:35,7.89,-2.90,1317.39,-15.7,corridor,17.33,clear,10.760,7.024,0.00,6.99,world
1435.78,2026-08-29 03:58:35,6.21,-2.90,1318.00,-105.7,corridor,17.35,clear,10.760,7.024,0.00,8.76,world
1436.28,2026-08-29 03:58:36,3.80,-2.90,1317.33,-105.7,corridor,17.37,clear,10.044,8.948,0.00,10.73,world
1436.78,2026-08-29 03:58:36,1.77,-2.90,1317.31,-15.4,corridor,17.39,clear,10.044,8.948,0.00,12.67,world
1437.28,2026-08-29 03:58:37,1.11,-2.87,1319.71,-15.4,corridor,17.41,clear,10.025,8.510,0.00,14.10,world
1437.78,2026-08-29 03:58:37,0.47,-2.67,1322.03,-15.4,corridor,17.43,clear,10.025,8.510,0.00,15.73,world
1438.28,2026-08-29 03:58:38,-0.19,-4.64,1324.44,-15.4,corridor,17.45,clear,8.931,7.409,0.00,17.62,world
1438.78,2026-08-29 03:58:38,7.96,-2.52,1317.16,-15.7,corridor,17.47,clear,8.931,7.409,0.00,6.82,world
1439.28,2026-08-29 03:58:39,6.69,-2.90,1318.14,-105.7,corridor,17.49,clear,11.743,8.900,0.00,8.40,world
1439.78,2026-08-29 03:58:39,4.28,-2.90,1317.46,-105.7,corridor,17.51,clear,11.743,8.900,0.00,10.31,world
1440.28,2026-08-29 03:58:40,1.88,-2.90,1316.79,-105.7,corridor,17.53,clear,37.604,8.008,0.00,12.44,world
1440.78,2026-08-29 03:58:40,-0.20,-2.85,1316.66,-15.4,corridor,17.55,clear,37.604,8.008,0.00,14.44,world
1441.28,2026-08-29 03:58:41,-0.84,-2.73,1319.02,-15.4,corridor,17.57,clear,27.245,8.286,0.00,15.67,world
1441.78,2026-08-29 03:58:41,-1.44,-2.39,1321.26,-15.4,corridor,17.59,clear,27.245,8.286,0.00,17.06,world
1442.28,2026-08-29 03:58:42,-2.08,-3.52,1323.59,-15.4,corridor,17.61,clear,8.942,7.410,0.00,18.72,world
1442.78,2026-08-29 03:58:42,8.00,-1.91,1317.00,-15.5,corridor,17.63,clear,8.942,7.410,0.00,6.71,world
1443.28,2026-08-29 03:58:43,7.79,-2.90,1318.39,47.3,corridor,17.65,clear,11.330,8.073,0.00,7.60,world
1443.78,2026-08-29 03:58:43,10.13,-2.90,1319.10,74.3,corridor,17.67,clear,11.330,8.073,0.00,6.40,world
1444.28,2026-08-29 03:58:44,10.95,-2.90,1320.67,-15.9,corridor,17.69,clear,8.656,8.152,0.00,7.33,world
1444.78,2026-08-29 03:58:44,10.27,-3.78,1323.08,-15.9,corridor,17.71,clear,8.656,8.152,0.00,9.81,world
1445.28,2026-08-29 03:58:45,7.96,-2.52,1317.16,-15.7,corridor,17.73,clear,8.694,8.769,0.00,6.82,world
1445.78,2026-08-29 03:58:45,8.53,-2.90,1318.65,74.3,corridor,17.75,clear,8.694,8.769,0.00,7.18,world
1446.28,2026-08-29 03:58:46,10.93,-2.90,1319.32,74.3,corridor,17.77,clear,10.882,8.037,0.00,6.14,world
1446.78,2026-08-29 03:58:46,13.19,-2.90,1320.09,21.8,corridor,17.79,clear,10.882,8.037,0.00,6.14,world
1447.28,2026-08-29 03:58:47,12.61,-3.15,1322.43,-15.9,corridor,17.81,clear,9.762,8.415,0.00,8.55,world
1447.78,2026-08-29 03:58:47,11.89,-7.31,1325.04,-15.9,corridor,17.83,clear,9.762,8.415,0.00,11.24,world
1448.28,2026-08-29 03:58:48,7.72,-2.90,1318.29,26.3,corridor,17.85,clear,9.268,8.425,0.00,7.60,world
1448.78,2026-08-29 03:58:48,9.97,-2.90,1319.05,74.3,corridor,17.87,clear,9.268,8.425,0.00,6.46,world
1449.28,2026-08-29 03:58:49,12.38,-2.90,1319.73,74.3,corridor,17.89,clear,9.780,7.871,0.00,5.95,world
1449.78,2026-08-29 03:58:49,14.71,-2.77,1320.39,74.3,corridor,17.91,clear,9.780,7.871,0.00,6.43,world
1450.28,2026-08-29 03:58:50,14.66,-2.89,1322.36,-16.0,corridor,17.93,clear,9.966,10.183,0.00,8.39,world
1450.78,2026-08-29 03:58:50,13.88,-6.59,1324.97,-16.0,corridor,17.95,clear,9.966,10.183,0.00,10.97,world
1451.28,2026-08-29 03:58:51,7.65,-2.90,1318.16,-36.7,corridor,17.97,clear,9.668,8.736,0.00,7.59,world
1451.78,2026-08-29 03:58:51,5.41,-2.90,1317.78,-105.7,corridor,17.99,clear,9.668,8.736,0.00,9.39,world
1452.28,2026-08-29 03:58:52,3.66,-2.90,1318.28,-15.5,corridor,18.01,clear,10.493,8.193,0.00,11.19,world
1452.78,2026-08-29 03:58:52,2.99,-2.90,1320.69,-15.5,corridor,18.03,clear,10.493,8.193,0.00,12.88,world
1453.28,2026-08-29 03:58:53,2.32,-3.86,1323.10,-15.5,corridor,18.05,clear,9.010,7.997,0.00,14.80,world
1453.78,2026-08-29 03:58:53,1.65,-6.69,1325.53,-15.5,corridor,18.07,clear,9.010,7.997,0.00,16.90,world
1454.28,2026-08-29 03:58:54,7.65,-2.90,1318.16,-36.7,corridor,18.09,clear,9.118,7.067,0.00,7.59,world
1454.78,2026-08-29 03:58:54,5.41,-2.90,1317.78,-105.7,corridor,18.11,clear,9.118,7.067,0.00,9.39,world
1455.28,2026-08-29 03:58:55,3.00,-2.90,1317.10,-105.7,corridor,18.13,clear,11.073,8.571,0.00,11.43,world
1455.78,2026-08-29 03:58:55,1.55,-2.89,1318.12,-15.4,corridor,18.15,clear,11.073,8.571,0.00,13.11,world
1456.28,2026-08-29 03:58:56,0.89,-2.85,1320.51,-15.4,corridor,18.17,clear,9.275,8.424,0.00,14.64,world
1456.78,2026-08-29 03:58:56,0.25,-3.29,1322.83,-15.4,corridor,18.19,clear,9.275,8.424,0.00,16.34,world
1457.28,2026-08-29 03:58:57,-0.42,-5.60,1325.24,-15.4,corridor,18.21,clear,9.063,7.675,0.00,18.28,world
1457.78,2026-08-29 03:58:57,7.80,-2.90,1317.71,-15.7,corridor,18.23,clear,9.063,7.675,0.00,7.22,world
1458.28,2026-08-29 03:58:58,5.89,-2.90,1317.91,-105.7,corridor,18.25,clear,11.609,9.181,0.00,9.00,world
1458.78,2026-08-29 03:58:58,3.48,-2.90,1317.24,-105.7,corridor,18.27,clear,11.609,9.181,0.00,11.00,world
1459.28,2026-08-29 03:58:59,1.08,-2.89,1316.56,-105.7,corridor,18.29,clear,9.679,8.607,0.00,13.17,world
1459.78,2026-08-29 03:58:59,-0.41,-2.83,1317.45,-15.4,corridor,18.31,clear,9.679,8.607,0.00,14.82,world
1460.28,2026-08-29 03:59:00,-1.04,-2.64,1319.78,-15.4,corridor,18.33,clear,9.549,8.363,0.00,16.12,world
1460.78,2026-08-29 03:59:00,-1.64,-2.25,1321.98,-15.4,corridor,18.35,clear,9.549,8.363,0.00,17.56,world
1461.28,2026-08-29 03:59:01,-2.30,-4.15,1324.39,-15.4,corridor,18.37,clear,9.472,10.290,0.00,19.33,world
1461.78,2026-08-29 03:59:01,7.96,-2.52,1317.16,-15.7,corridor,18.39,clear,9.472,10.290,0.00,6.82,world
1462.28,2026-08-29 03:59:02,8.53,-2.90,1318.65,74.3,corridor,18.41,clear,10.248,8.181,0.00,7.18,world
1462.78,2026-08-29 03:59:02,10.93,-2.90,1319.32,74.3,corridor,18.43,clear,10.248,8.181,0.00,6.14,world
1463.28,2026-08-29 03:59:03,10.72,-2.90,1321.47,-15.9,corridor,18.45,clear,10.337,9.575,0.00,8.16,world
1463.78,2026-08-29 03:59:03,10.03,-5.23,1324.22,-15.9,corridor,18.47,clear,10.337,9.575,0.00,10.96,world
1464.28,2026-08-29 03:59:04,7.80,-2.90,1317.71,-15.7,corridor,18.49,clear,9.489,8.894,0.00,7.22,world
1464.78,2026-08-29 03:59:04,9.33,-2.90,1318.87,74.3,corridor,18.51,clear,9.489,8.894,0.00,6.75,world
1465.28,2026-08-29 03:59:05,11.74,-2.90,1319.55,74.3,corridor,18.53,clear,9.321,8.256,0.00,5.99,world
1465.78,2026-08-29 03:59:05,13.07,-2.89,1320.83,-15.9,corridor,18.55,clear,9.321,8.256,0.00,6.89,world
1466.28,2026-08-29 03:59:06,12.38,-3.80,1323.23,-15.9,corridor,18.57,clear,9.689,8.213,0.00,9.37,world
1466.78,2026-08-29 03:59:06,7.97,-2.32,1317.11,-15.7,corridor,18.59,clear,9.689,8.213,0.00,6.78,world
1467.28,2026-08-29 03:59:07,8.37,-2.90,1318.60,74.3,corridor,18.61,clear,8.848,7.827,0.00,7.28,world
1467.78,2026-08-29 03:59:07,10.77,-2.90,1319.28,74.3,corridor,18.63,clear,8.848,7.827,0.00,6.19,world
1468.28,2026-08-29 03:59:08,13.18,-2.90,1319.95,74.3,corridor,18.65,clear,10.459,8.183,0.00,6.01,world
1468.78,2026-08-29 03:59:08,15.11,-2.68,1320.77,-9.7,corridor,18.67,clear,10.459,8.183,0.00,6.86,world
1469.28,2026-08-29 03:59:09,14.43,-3.49,1323.16,-16.0,corridor,18.69,clear,10.091,24.326,0.00,9.17,world
1469.78,2026-08-29 03:59:09,7.98,-2.16,1317.07,-15.7,corridor,18.71,clear,10.091,24.326,0.00,6.76,world
1470.28,2026-08-29 03:59:10,7.01,-2.90,1318.22,-105.7,corridor,18.73,clear,9.834,8.898,0.00,8.17,world
1470.78,2026-08-29 03:59:10,4.60,-2.90,1317.55,-105.7,corridor,18.75,clear,9.834,8.898,0.00,10.04,world
1471.28,2026-08-29 03:59:11,3.44,-2.90,1319.08,-15.5,corridor,18.77,clear,9.327,8.510,0.00,11.72,world
1471.78,2026-08-29 03:59:11,2.77,-2.90,1321.49,-15.5,corridor,18.79,clear,9.327,8.510,0.00,13.50,world
1472.28,2026-08-29 03:59:12,2.09,-4.67,1323.93,-15.5,corridor,18.81,clear,10.361,8.263,0.00,15.50,world
1472.78,2026-08-29 03:59:12,7.98,-2.16,1317.07,-15.7,corridor,18.83,clear,10.361,8.263,0.00,6.76,world
1473.28,2026-08-29 03:59:13,7.01,-2.90,1318.22,-105.7,corridor,18.85,clear,10.303,8.679,0.00,8.17,world
1473.78,2026-08-29 03:59:13,4.60,-2.90,1317.55,-105.7,corridor,18.87,clear,10.303,8.679,0.00,10.04,world
1474.28,2026-08-29 03:59:14,2.20,-2.90,1316.89,-95.2,corridor,18.89,clear,8.682,8.105,0.00,12.14,world
1474.78,2026-08-29 03:59:14,1.33,-2.89,1318.92,-15.4,corridor,18.91,clear,8.682,8.105,0.00,13.59,world
1475.28,2026-08-29 03:59:15,0.68,-2.78,1321.28,-15.4,corridor,18.93,clear,8.589,7.716,0.00,15.18,world
1475.78,2026-08-29 03:59:15,0.03,-4.00,1323.64,-15.4,corridor,18.95,clear,8.589,7.716,0.00,16.97,world
1476.28,2026-08-29 03:59:16,8.00,-1.91,1317.00,-15.5,corridor,18.97,clear,8.933,7.124,0.00,6.71,world
1476.78,2026-08-29 03:59:16,7.46,-2.90,1318.29,-78.7,corridor,18.99,clear,8.933,7.124,0.00,7.83,world
1477.28,2026-08-29 03:59:17,5.09,-2.90,1317.69,-105.7,corridor,19.01,clear,11.000,8.228,0.00,9.65,world
1477.78,2026-08-29 03:59:17,2.68,-2.90,1317.01,-105.7,corridor,19.03,clear,11.000,8.228,0.00,11.71,world
1478.28,2026-08-29 03:59:18,0.28,-2.88,1316.34,-105.7,corridor,19.05,clear,9.149,8.665,0.00,13.92,world
1478.78,2026-08-29 03:59:18,-0.63,-2.78,1318.24,-15.4,corridor,19.07,clear,9.149,8.665,0.00,15.23,world
1479.28,2026-08-29 03:59:19,-1.25,-2.54,1320.53,-15.4,corridor,19.09,clear,9.321,7.844,0.00,16.59,world
1479.78,2026-08-29 03:59:19,-1.86,-2.80,1322.78,-15.4,corridor,19.11,clear,9.321,7.844,0.00,18.13,world
1480.28,2026-08-29 03:59:20,-2.52,-5.41,1325.19,-15.4,corridor,19.13,clear,9.090,7.188,0.00,19.96,world
1480.78,2026-08-29 03:59:20,7.80,-2.90,1317.71,-15.7,corridor,19.15,clear,9.090,7.188,0.00,7.22,world
1481.28,2026-08-29 03:59:21,9.33,-2.90,1318.87,74.3,corridor,19.17,clear,11.673,7.952,0.00,6.75,world
1481.78,2026-08-29 03:59:21,11.18,-2.90,1319.87,-15.9,corridor,19.19,clear,11.673,7.952,0.00,6.51,world
1482.28,2026-08-29 03:59:22,10.49,-3.01,1322.27,-15.9,corridor,19.21,clear,9.785,8.650,0.00,8.99,world
1482.78,2026-08-29 03:59:22,8.00,-1.91,1317.00,-15.7,corridor,19.23,clear,9.785,8.650,0.00,6.71,world
1483.28,2026-08-29 03:59:23,7.79,-2.90,1318.39,47.3,corridor,19.25,clear,9.684,8.731,0.00,7.60,world
1483.78,2026-08-29 03:59:23,10.13,-2.90,1319.10,74.3,corridor,19.27,clear,9.684,8.731,0.00,6.40,world
1484.28,2026-08-29 03:59:24,12.54,-2.90,1319.77,74.3,corridor,19.29,clear,9.412,9.015,0.00,5.96,world
1484.78,2026-08-29 03:59:24,12.84,-2.89,1321.63,-15.9,corridor,19.31,clear,9.412,9.015,0.00,7.72,world
1485.28,2026-08-29 03:59:25,12.14,-5.07,1324.14,-15.9,corridor,19.33,clear,11.409,9.709,0.00,10.31,world
1485.78,2026-08-29 03:59:25,7.85,-2.90,1317.54,-15.7,corridor,19.35,clear,11.409,9.709,0.00,7.10,world
1486.28,2026-08-29 03:59:26,9.17,-2.90,1318.83,74.3,corridor,19.37,clear,11.086,13.790,0.00,6.83,world
1486.78,2026-08-29 03:59:26,11.58,-2.90,1319.50,74.3,corridor,19.39,clear,11.086,13.790,0.00,6.01,world
1487.28,2026-08-29 03:59:27,13.98,-2.89,1320.18,74.3,corridor,19.41,clear,8.173,8.205,0.00,6.18,world
1487.78,2026-08-29 03:59:27,14.89,-2.66,1321.55,-16.0,corridor,19.43,clear,8.173,8.205,0.00,7.60,world
1488.28,2026-08-29 03:59:28,14.16,-4.57,1324.04,-16.0,corridor,19.45,clear,6.809,8.024,0.00,10.04,world
1488.78,2026-08-29 03:59:28,7.89,-2.90,1317.39,-15.7,corridor,19.47,clear,6.809,8.024,0.00,6.99,world
1489.28,2026-08-29 03:59:29,6.21,-2.90,1318.00,-105.7,corridor,19.49,clear,8.801,7.037,0.00,8.76,world
1489.78,2026-08-29 03:59:29,3.92,-2.90,1317.54,-42.7,corridor,19.51,clear,8.801,7.037,0.00,10.68,world
1490.28,2026-08-29 03:59:30,3.22,-2.90,1319.88,-15.5,corridor,19.53,clear,9.796,9.228,0.00,12.28,world
1490.78,2026-08-29 03:59:30,2.55,-2.99,1322.29,-15.5,corridor,19.55,clear,9.796,9.228,0.00,14.14,world
1491.28,2026-08-29 03:59:31,1.87,-5.33,1324.73,-15.5,corridor,19.57,clear,7.408,8.598,0.00,16.19,world
1491.78,2026-08-29 03:59:31,7.89,-2.90,1317.39,-15.7,corridor,19.59,clear,7.408,8.598,0.00,6.99,world
1492.28,2026-08-29 03:59:32,6.21,-2.90,1318.00,-105.7,corridor,19.61,clear,8.457,8.218,0.00,8.76,world
1492.78,2026-08-29 03:59:32,3.80,-2.90,1317.33,-105.7,corridor,19.63,clear,8.457,8.218,0.00,10.73,world
1493.28,2026-08-29 03:59:33,1.77,-2.90,1317.31,-15.4,corridor,19.65,clear,7.641,8.049,0.00,12.67,world
1493.78,2026-08-29 03:59:33,1.19,-2.88,1319.43,-15.4,corridor,19.67,clear,7.641,8.049,0.00,13.92,world
1494.28,2026-08-29 03:59:34,1.19,-2.88,1319.43,-15.4,corridor,19.69,clear,5.760,7.014,0.00,13.92,world
1494.78,2026-08-29 03:59:34,1.19,-2.88,1319.43,-15.4,corridor,19.71,clear,5.760,7.014,0.00,13.92,world
1495.28,2026-08-29 03:59:35,1.19,-2.88,1319.43,-15.4,corridor,19.73,clear,5.439,6.056,0.00,13.92,world
1495.78,2026-08-29 03:59:35,1.19,-2.88,1319.43,-15.4,corridor,19.75,clear,5.439,6.056,0.00,13.92,world
1496.28,2026-08-29 03:59:36,1.19,-2.88,1319.43,-15.4,corridor,19.77,clear,5.595,6.088,0.00,13.92,world
1496.78,2026-08-29 03:59:36,1.19,-2.88,1319.43,-15.4,corridor,19.79,clear,5.595,6.088,0.00,13.92,world
1497.28,2026-08-29 03:59:37,1.19,-2.88,1319.43,-15.4,corridor,19.81,clear,5.911,5.774,0.00,13.92,world
1497.78,2026-08-29 03:59:37,1.18,-2.88,1319.46,-15.3,corridor,19.83,clear,5.911,5.774,0.00,13.94,world
1498.28,2026-08-29 03:59:38,0.58,-2.72,1321.67,-15.3,corridor,19.85,clear,5.851,6.235,0.00,15.46,world
1498.78,2026-08-29 03:59:38,-0.07,-4.37,1324.07,-15.3,corridor,19.87,clear,5.851,6.235,0.00,17.30,world
1499.28,2026-08-29 03:59:39,7.99,-2.09,1317.05,-15.5,corridor,19.89,clear,6.175,6.850,0.00,6.74,world
1499.78,2026-08-29 03:59:39,7.10,-2.90,1318.25,-105.5,corridor,19.91,clear,6.175,6.850,0.00,8.11,world
1500.28,2026-08-29 03:59:40,4.69,-2.90,1317.58,-105.5,corridor,19.93,clear,8.016,6.953,0.00,9.98,world
1500.78,2026-08-29 03:59:40,3.47,-2.90,1319.01,-15.4,corridor,19.95,clear,8.016,6.953,0.00,11.66,world
1501.28,2026-08-29 03:59:41,2.81,-2.90,1321.43,-15.4,corridor,19.97,clear,6.546,7.305,0.00,13.43,world
1501.78,2026-08-29 03:59:41,2.14,-4.61,1323.86,-15.4,corridor,19.99,clear,6.546,7.305,0.00,15.42,world
1502.28,2026-08-29 03:59:42,7.99,-2.09,1317.05,-15.5,corridor,20.01,clear,6.042,5.640,0.00,6.74,world
1502.78,2026-08-29 03:59:42,7.10,-2.90,1318.25,-105.5,corridor,20.03,clear,6.042,5.640,0.00,8.11,world
1503.28,2026-08-29 03:59:43,4.69,-2.90,1317.58,-105.5,corridor,20.05,clear,10.403,7.836,0.00,9.98,world
1503.78,2026-08-29 03:59:43,2.28,-2.90,1316.92,-105.5,corridor,20.07,clear,10.403,7.836,0.00,12.08,world
1504.28,2026-08-29 03:59:44,1.35,-2.89,1318.86,-15.3,corridor,20.09,clear,6.124,7.389,0.00,13.55,world
1504.78,2026-08-29 03:59:44,0.71,-2.79,1321.22,-15.3,corridor,20.11,clear,6.124,7.389,0.00,15.13,world
1505.28,2026-08-29 03:59:45,0.07,-3.96,1323.58,-15.3,corridor,20.13,clear,7.388,6.170,0.00,16.91,world
1505.78,2026-08-29 03:59:45,8.00,-1.90,1317.00,-15.3,corridor,20.15,clear,7.388,6.170,0.00,6.71,world
1506.28,2026-08-29 03:59:46,7.52,-2.90,1318.28,-68.0,corridor,20.17,clear,6.285,7.289,0.00,7.77,world
1506.78,2026-08-29 03:59:46,5.17,-2.90,1317.72,-105.5,corridor,20.19,clear,6.285,7.289,0.00,9.58,world
1507.28,2026-08-29 03:59:47,2.76,-2.90,1317.05,-105.5,corridor,20.21,clear,7.212,8.910,0.00,11.65,world
1507.78,2026-08-29 03:59:47,0.36,-2.88,1316.38,-105.5,corridor,20.23,clear,7.212,8.910,0.00,13.85,world
1508.28,2026-08-29 03:59:48,-0.60,-2.79,1318.19,-15.2,corridor,20.25,clear,5.783,8.726,0.00,15.19,world
1508.78,2026-08-29 03:59:48,-1.22,-2.55,1320.49,-15.2,corridor,20.27,clear,5.783,8.726,0.00,16.54,world
1509.28,2026-08-29 03:59:49,-1.82,-2.76,1322.74,-15.2,corridor,20.29,clear,7.353,6.137,0.00,18.07,world
1509.78,2026-08-29 03:59:49,-2.47,-5.28,1325.15,-15.2,corridor,20.31,clear,7.353,6.137,0.00,19.89,world
1510.28,2026-08-29 03:59:50,7.83,-2.90,1317.63,-15.5,corridor,20.33,clear,8.483,18.309,0.00,7.16,world
1510.78,2026-08-29 03:59:50,9.26,-2.90,1318.85,74.5,corridor,20.35,clear,8.483,18.309,0.00,6.78,world
1511.28,2026-08-29 03:59:51,11.21,-2.90,1319.78,-15.7,corridor,20.37,clear,7.701,7.414,0.00,6.41,world
1511.78,2026-08-29 03:59:51,10.53,-2.95,1322.19,-15.7,corridor,20.39,clear,7.701,7.414,0.00,8.89,world
1512.28,2026-08-29 03:59:52,8.00,-1.90,1317.00,-15.7,corridor,20.41,clear,6.141,7.190,0.00,6.71,world
1512.78,2026-08-29 03:59:52,7.76,-2.90,1318.34,37.0,corridor,20.43,clear,6.141,7.190,0.00,7.61,world
1513.28,2026-08-29 03:59:53,10.06,-2.90,1319.07,74.5,corridor,20.45,clear,6.217,7.412,0.00,6.42,world
1513.78,2026-08-29 03:59:53,12.47,-2.90,1319.74,74.5,corridor,20.47,clear,6.217,7.412,0.00,5.94,world
1514.28,2026-08-29 03:59:54,12.88,-2.89,1321.53,-15.8,corridor,20.49,clear,5.605,8.263,0.00,7.61,world
1514.78,2026-08-29 03:59:54,12.19,-4.85,1323.96,-15.8,corridor,20.51,clear,5.605,8.263,0.00,10.12,world
1515.28,2026-08-29 03:59:55,7.87,-2.90,1317.46,-15.5,corridor,20.53,clear,7.252,8.553,0.00,7.04,world
1515.78,2026-08-29 03:59:55,9.09,-2.90,1318.80,74.5,corridor,20.55,clear,7.252,8.553,0.00,6.87,world
1516.28,2026-08-29 03:59:56,11.50,-2.90,1319.47,74.5,corridor,20.57,clear,8.697,8.304,0.00,6.01,world
1516.78,2026-08-29 03:59:56,13.91,-2.90,1320.14,74.5,corridor,20.59,clear,8.697,8.304,0.00,6.14,world
1517.28,2026-08-29 03:59:57,14.94,-2.65,1321.44,-15.8,corridor,20.61,clear,6.233,8.369,0.00,7.50,world
1517.78,2026-08-29 03:59:57,14.23,-4.42,1323.91,-15.8,corridor,20.63,clear,6.233,8.369,0.00,9.91,world
1518.28,2026-08-29 03:59:58,7.91,-2.90,1317.34,-15.5,corridor,20.65,clear,6.043,8.261,0.00,6.95,world
1518.78,2026-08-29 03:59:58,6.29,-2.90,1318.03,-105.5,corridor,20.67,clear,6.043,8.261,0.00,8.70,world
1519.28,2026-08-29 03:59:59,3.97,-2.90,1317.51,-53.0,corridor,20.69,clear,7.211,9.061,0.00,10.63,world
1519.78,2026-08-29 03:59:59,3.25,-2.90,1319.82,-15.4,corridor,20.71,clear,7.211,9.061,0.00,12.23,world
1520.28,2026-08-29 04:00:00,2.59,-2.97,1322.23,-15.4,corridor,20.73,clear,6.936,8.663,0.00,14.07,world
1520.78,2026-08-29 04:00:00,1.92,-5.27,1324.66,-15.4,corridor,20.75,clear,6.936,8.663,0.00,16.11,world
1521.28,2026-08-29 04:00:01,7.91,-2.90,1317.34,-15.5,corridor,20.77,clear,6.722,6.622,0.00,6.95,world
1521.78,2026-08-29 04:00:01,6.29,-2.90,1318.03,-105.5,corridor,20.79,clear,6.722,6.622,0.00,8.70,world
1522.28,2026-08-29 04:00:02,3.88,-2.90,1317.36,-105.5,corridor,20.81,clear,7.015,8.305,0.00,10.66,world
1522.78,2026-08-29 04:00:02,1.79,-2.90,1317.25,-15.3,corridor,20.83,clear,7.015,8.305,0.00,12.63,world
1523.28,2026-08-29 04:00:03,1.14,-2.87,1319.66,-15.3,corridor,20.85,clear,5.568,7.462,0.00,14.05,world
1523.78,2026-08-29 04:00:03,0.51,-2.68,1321.98,-15.3,corridor,20.87,clear,5.568,7.462,0.00,15.67,world
1524.28,2026-08-29 04:00:04,-0.15,-4.60,1324.39,-15.3,corridor,20.89,clear,6.917,6.357,0.00,17.55,world
1524.78,2026-08-29 04:00:04,7.96,-2.41,1317.13,-15.5,corridor,20.91,clear,6.917,6.357,0.00,6.80,world
1525.28,2026-08-29 04:00:05,6.77,-2.90,1318.16,-105.5,corridor,20.93,clear,10.582,7.984,0.00,8.34,world
1525.78,2026-08-29 04:00:05,4.37,-2.90,1317.49,-105.5,corridor,20.95,clear,10.582,7.984,0.00,10.25,world
1526.28,2026-08-29 04:00:06,1.96,-2.90,1316.83,-105.5,corridor,20.97,clear,6.191,8.079,0.00,12.37,world
1526.78,2026-08-29 04:00:06,-0.17,-2.86,1316.61,-15.2,corridor,20.99,clear,6.191,8.079,0.00,14.41,world
1527.28,2026-08-29 04:00:07,-0.81,-2.74,1318.97,-15.2,corridor,21.01,clear,7.122,7.357,0.00,15.62,world
1527.78,2026-08-29 04:00:07,-1.41,-2.41,1321.21,-15.2,corridor,21.03,clear,7.122,7.357,0.00,17.02,world
1528.28,2026-08-29 04:00:08,-2.04,-3.49,1323.54,-15.2,corridor,21.05,clear,6.647,7.267,0.00,18.66,world
1528.78,2026-08-29 04:00:08,8.00,-1.90,1317.00,-15.2,corridor,21.07,clear,6.647,7.267,0.00,6.71,world
1529.28,2026-08-29 04:00:09,7.76,-2.90,1318.34,37.0,corridor,21.09,clear,7.222,6.352,0.00,7.61,world
1529.78,2026-08-29 04:00:09,10.06,-2.90,1319.07,74.5,corridor,21.11,clear,7.222,6.352,0.00,6.42,world
1530.28,2026-08-29 04:00:10,10.98,-2.90,1320.58,-15.7,corridor,21.13,clear,5.912,7.603,0.00,7.24,world
1530.78,2026-08-29 04:00:10,10.31,-3.65,1322.99,-15.7,corridor,21.15,clear,5.912,7.603,0.00,9.72,world
1531.28,2026-08-29 04:00:11,7.96,-2.41,1317.13,-15.5,corridor,21.17,clear,7.105,8.794,0.00,6.80,world
1531.78,2026-08-29 04:00:11,8.45,-2.90,1318.63,74.5,corridor,21.19,clear,7.105,8.794,0.00,7.22,world
1532.28,2026-08-29 04:00:12,10.86,-2.90,1319.29,74.5,corridor,21.21,clear,7.119,7.511,0.00,6.15,world
1532.78,2026-08-29 04:00:12,13.17,-2.90,1320.02,32.5,corridor,21.23,clear,7.119,7.511,0.00,6.08,world
1533.28,2026-08-29 04:00:13,12.65,-3.06,1322.34,-15.8,corridor,21.25,clear,6.071,8.688,0.00,8.44,world
1533.78,2026-08-29 04:00:13,11.94,-6.86,1324.92,-15.8,corridor,21.27,clear,6.071,8.688,0.00,11.11,world
1534.28,2026-08-29 04:00:14,7.71,-2.90,1318.23,16.0,corridor,21.29,clear,6.614,7.858,0.00,7.58,world
1534.78,2026-08-29 04:00:14,9.90,-2.90,1319.03,74.5,corridor,21.31,clear,6.614,7.858,0.00,6.49,world
1535.28,2026-08-29 04:00:15,12.31,-2.90,1319.69,74.5,corridor,21.33,clear,7.227,8.336,0.00,5.94,world
1535.78,2026-08-29 04:00:15,14.65,-2.79,1320.34,74.5,corridor,21.35,clear,7.227,8.336,0.00,6.37,world
1536.28,2026-08-29 04:00:16,14.70,-2.80,1322.26,-15.8,corridor,21.37,clear,8.342,10.247,0.00,8.29,world
1536.78,2026-08-29 04:00:16,13.93,-6.29,1324.87,-15.8,corridor,21.39,clear,8.342,10.247,0.00,10.87,world
1537.28,2026-08-29 04:00:17,7.69,-2.90,1318.10,-26.0,corridor,21.41,clear,9.585,9.401,0.00,7.53,world
1537.78,2026-08-29 04:00:17,5.49,-2.90,1317.81,-105.5,corridor,21.43,clear,9.585,9.401,0.00,9.32,world
1538.28,2026-08-29 04:00:18,3.69,-2.90,1318.21,-15.4,corridor,21.45,clear,7.592,9.441,0.00,11.14,world
1538.78,2026-08-29 04:00:18,3.03,-2.90,1320.62,-15.4,corridor,21.47,clear,7.592,9.441,0.00,12.82,world
1539.28,2026-08-29 04:00:19,2.37,-3.74,1323.03,-15.4,corridor,21.49,clear,6.406,7.252,0.00,14.73,world
1539.78,2026-08-29 04:00:19,1.70,-6.53,1325.47,-15.4,corridor,21.51,clear,6.406,7.252,0.00,16.82,world
1540.28,2026-08-29 04:00:20,7.69,-2.90,1318.10,-26.0,corridor,21.53,clear,8.277,7.042,0.00,7.53,world
1540.78,2026-08-29 04:00:20,5.49,-2.90,1317.81,-105.5,corridor,21.55,clear,8.277,7.042,0.00,9.32,world
1541.28,2026-08-29 04:00:21,3.08,-2.90,1317.14,-105.5,corridor,21.57,clear,7.863,9.468,0.00,11.36,world
1541.78,2026-08-29 04:00:21,1.57,-2.89,1318.05,-15.3,corridor,21.59,clear,7.863,9.468,0.00,13.07,world
1542.28,2026-08-29 04:00:22,0.92,-2.85,1320.45,-15.3,corridor,21.61,clear,7.350,8.907,0.00,14.58,world
1542.78,2026-08-29 04:00:22,0.29,-3.25,1322.78,-15.3,corridor,21.63,clear,7.350,8.907,0.00,16.28,world
1543.28,2026-08-29 04:00:23,-0.37,-5.56,1325.19,-15.3,corridor,21.65,clear,8.342,7.532,0.00,18.21,world
1543.78,2026-08-29 04:00:23,7.83,-2.90,1317.63,-15.5,corridor,21.67,clear,8.342,7.532,0.00,7.16,world
1544.28,2026-08-29 04:00:24,5.97,-2.90,1317.94,-105.5,corridor,21.69,clear,6.870,8.474,0.00,8.94,world
1544.78,2026-08-29 04:00:24,3.56,-2.90,1317.27,-105.5,corridor,21.71,clear,6.870,8.474,0.00,10.94,world
1545.28,2026-08-29 04:00:25,1.16,-2.89,1316.61,-105.5,corridor,21.73,clear,7.020,8.024,0.00,13.10,world
1545.78,2026-08-29 04:00:25,-0.39,-2.83,1317.40,-15.2,corridor,21.75,clear,7.020,8.024,0.00,14.79,world
1546.28,2026-08-29 04:00:26,-1.02,-2.65,1319.74,-15.2,corridor,21.77,clear,6.060,8.037,0.00,16.07,world
1546.78,2026-08-29 04:00:26,-1.60,-2.26,1321.94,-15.2,corridor,21.79,clear,6.060,8.037,0.00,17.51,world
1547.28,2026-08-29 04:00:27,-2.26,-4.11,1324.35,-15.2,corridor,21.81,clear,9.531,8.023,0.00,19.27,world
1547.78,2026-08-29 04:00:27,7.97,-2.41,1317.13,-15.5,corridor,21.83,clear,9.531,8.023,0.00,6.80,world
1548.28,2026-08-29 04:00:28,7.94,-2.90,1317.23,-15.5,corridor,21.85,clear,11.096,8.473,0.00,6.87,world
1548.78,2026-08-29 04:00:28,7.94,-2.90,1317.23,-15.5,corridor,21.87,clear,11.096,8.473,0.00,6.87,world
1549.28,2026-08-29 04:00:29,7.94,-2.90,1317.23,-15.5,corridor,21.89,clear,7.560,8.669,0.00,6.87,world
1549.78,2026-08-29 04:00:29,7.94,-2.90,1317.23,-15.5,corridor,21.91,clear,7.560,8.669,0.00,6.87,world
1550.28,2026-08-29 04:00:30,7.94,-2.90,1317.23,-15.5,corridor,21.93,clear,9.140,9.552,0.00,6.87,world
1550.78,2026-08-29 04:00:30,7.94,-2.90,1317.23,-15.5,corridor,21.95,clear,9.140,9.552,0.00,6.87,world
1551.35,2026-08-29 04:00:31,7.94,-2.90,1317.23,-15.5,corridor,21.97,clear,9.483,9.992,0.00,6.87,world
1551.85,2026-08-29 04:00:31,7.94,-2.90,1317.23,-15.5,corridor,21.99,clear,9.483,9.992,0.00,6.87,world
1552.53,2026-08-29 04:00:32,7.94,-2.90,1317.23,-15.5,corridor,22.02,clear,7.155,8.778,0.00,6.87,world
1553.23,2026-08-29 04:00:33,7.94,-2.90,1317.23,-15.5,corridor,22.05,clear,6.511,7.686,0.00,6.87,world
1553.93,2026-08-29 04:00:33,7.94,-2.90,1317.23,-15.5,corridor,22.08,clear,6.511,7.686,0.00,6.87,world
1554.63,2026-08-29 04:00:34,7.94,-2.90,1317.23,-15.5,corridor,22.11,clear,6.557,7.727,0.00,6.87,world
1555.33,2026-08-29 04:00:35,7.94,-2.90,1317.23,-15.5,corridor,22.13,clear,6.460,8.259,0.00,6.87,world
1555.87,2026-08-29 04:00:35,7.94,-2.90,1317.23,-15.5,corridor,22.15,clear,6.460,8.259,0.00,6.87,world
1556.57,2026-08-29 04:00:36,7.94,-2.90,1317.23,-15.5,corridor,22.18,clear,8.568,8.342,0.00,6.87,world
1557.27,2026-08-29 04:00:37,7.94,-2.90,1317.23,-15.5,corridor,22.21,clear,7.032,7.470,0.00,6.87,world
1557.95,2026-08-29 04:00:37,7.94,-2.90,1317.23,-15.5,corridor,22.24,clear,7.032,7.470,0.00,6.87,world
1558.57,2026-08-29 04:00:38,7.94,-2.90,1317.23,-15.5,corridor,22.26,clear,9.009,8.809,0.00,6.87,world
1559.28,2026-08-29 04:00:39,7.94,-2.90,1317.23,-15.5,corridor,22.29,clear,10.358,10.693,0.00,6.87,world
1559.90,2026-08-29 04:00:39,7.94,-2.90,1317.23,-15.5,corridor,22.32,clear,10.358,10.693,0.00,6.87,world
1560.50,2026-08-29 04:00:40,7.94,-2.90,1317.23,-15.5,corridor,22.34,clear,10.759,10.160,0.00,6.87,world
1561.03,2026-08-29 04:00:40,7.94,-2.90,1317.23,-15.5,corridor,22.36,clear,10.759,10.160,0.00,6.87,world
1561.65,2026-08-29 04:00:41,7.94,-2.90,1317.23,-15.5,corridor,22.39,clear,8.853,9.355,0.00,6.87,world
1562.18,2026-08-29 04:00:42,7.94,-2.90,1317.23,-15.5,corridor,22.41,clear,8.784,8.810,0.00,6.87,world
1562.72,2026-08-29 04:00:42,7.94,-2.90,1317.23,-15.5,corridor,22.43,clear,8.784,8.810,0.00,6.87,world
1563.22,2026-08-29 04:00:43,7.94,-2.90,1317.23,-15.5,corridor,22.45,clear,7.641,8.699,0.00,6.87,world
1563.72,2026-08-29 04:00:43,7.94,-2.90,1317.23,-15.5,corridor,22.47,clear,7.641,8.699,0.00,6.87,world
1564.22,2026-08-29 04:00:44,7.94,-2.90,1317.23,-15.5,corridor,22.49,clear,9.440,8.480,0.00,6.87,world
1564.72,2026-08-29 04:00:44,7.94,-2.90,1317.23,-15.5,corridor,22.51,clear,9.440,8.480,0.00,6.87,world
1565.22,2026-08-29 04:00:45,7.94,-2.90,1317.23,-15.5,corridor,22.53,clear,5.767,6.923,0.00,6.87,world
1565.72,2026-08-29 04:00:45,7.94,-2.90,1317.23,-15.5,corridor,22.55,clear,5.767,6.923,0.00,6.87,world
1566.22,2026-08-29 04:00:46,7.94,-2.90,1317.23,-15.5,corridor,22.57,clear,8.234,7.683,0.00,6.87,world
1566.72,2026-08-29 04:00:46,7.94,-2.90,1317.23,-15.5,corridor,22.59,clear,8.234,7.683,0.00,6.87,world
1567.22,2026-08-29 04:00:47,7.94,-2.90,1317.23,-15.5,corridor,22.61,clear,6.038,7.854,0.00,6.87,world
1567.72,2026-08-29 04:00:47,7.94,-2.90,1317.23,-15.5,corridor,22.63,clear,6.038,7.854,0.00,6.87,world
1568.22,2026-08-29 04:00:48,7.94,-2.90,1317.23,-15.5,corridor,22.65,clear,8.337,7.930,0.00,6.87,world
1568.72,2026-08-29 04:00:48,7.94,-2.90,1317.23,-15.5,corridor,22.67,clear,8.337,7.930,0.00,6.87,world
1569.22,2026-08-29 04:00:49,7.94,-2.90,1317.23,-15.5,corridor,22.69,clear,7.142,7.822,0.00,6.87,world
1569.72,2026-08-29 04:00:49,7.94,-2.90,1317.23,-15.5,corridor,22.71,clear,7.142,7.822,0.00,6.87,world
1570.22,2026-08-29 04:00:50,7.94,-2.90,1317.23,-15.5,corridor,22.73,clear,10.312,8.467,0.00,6.87,world
1570.72,2026-08-29 04:00:50,7.94,-2.90,1317.23,-15.5,corridor,22.75,clear,10.312,8.467,0.00,6.87,world
1571.22,2026-08-29 04:00:51,7.61,-2.90,1318.35,-16.2,corridor,22.77,clear,8.781,8.250,0.00,7.72,world
1571.72,2026-08-29 04:00:51,6.95,-2.81,1320.64,-16.2,corridor,22.79,clear,8.781,8.250,0.00,9.69,world
1572.22,2026-08-29 04:00:52,6.16,-2.90,1321.69,-16.1,corridor,22.81,clear,11.060,9.643,0.00,10.98,world
1572.72,2026-08-29 04:00:52,5.47,-5.85,1324.53,-16.1,corridor,22.83,clear,11.060,9.643,0.00,13.55,world
1573.22,2026-08-29 04:00:53,7.73,-2.90,1317.94,-16.2,corridor,22.85,clear,11.153,8.739,0.00,7.41,world
1573.72,2026-08-29 04:00:53,5.64,-2.90,1317.82,-106.2,corridor,22.87,clear,11.153,8.739,0.00,9.19,world
1574.22,2026-08-29 04:00:54,3.71,-2.90,1318.00,-16.0,corridor,22.89,clear,10.877,9.009,0.00,11.04,world
1574.72,2026-08-29 04:00:54,3.02,-2.90,1320.41,-16.0,corridor,22.91,clear,10.877,9.009,0.00,12.71,world
1575.22,2026-08-29 04:00:55,2.33,-3.42,1322.81,-16.0,corridor,22.93,clear,9.645,9.146,0.00,14.62,world
1575.72,2026-08-29 04:00:55,1.63,-6.12,1325.24,-16.0,corridor,22.95,clear,9.645,9.146,0.00,16.71,world
1576.22,2026-08-29 04:00:56,7.75,-2.90,1317.86,-16.2,corridor,22.97,clear,11.926,8.267,0.00,7.35,world
1576.72,2026-08-29 04:00:56,5.72,-2.90,1317.85,-106.2,corridor,22.99,clear,11.926,8.267,0.00,9.13,world
1577.22,2026-08-29 04:00:57,3.32,-2.90,1317.15,-106.2,corridor,23.01,clear,12.450,10.141,0.00,11.13,world
1577.72,2026-08-29 04:00:57,1.60,-2.90,1317.74,-15.9,corridor,23.03,clear,12.450,10.141,0.00,12.95,world
1578.22,2026-08-29 04:00:58,0.92,-2.86,1320.13,-15.9,corridor,23.05,clear,11.922,10.750,0.00,14.45,world
1578.72,2026-08-29 04:00:58,0.27,-2.93,1322.44,-15.9,corridor,23.07,clear,11.922,10.750,0.00,16.12,world
1579.22,2026-08-29 04:00:59,-0.42,-5.01,1324.85,-15.9,corridor,23.09,clear,11.986,9.635,0.00,18.04,world
1579.72,2026-08-29 04:00:59,7.90,-2.90,1317.34,-16.2,corridor,23.11,clear,11.986,9.635,0.00,6.95,world
1580.22,2026-08-29 04:01:00,6.28,-2.90,1318.01,-106.2,corridor,23.13,clear,12.444,10.283,0.00,8.70,world
1580.72,2026-08-29 04:01:00,3.88,-2.90,1317.31,-106.2,corridor,23.15,clear,12.444,10.283,0.00,10.65,world
1581.22,2026-08-29 04:01:01,1.48,-2.89,1316.62,-106.2,corridor,23.17,clear,10.492,10.159,0.00,12.79,world
1581.72,2026-08-29 04:01:01,-0.32,-2.84,1316.99,-15.8,corridor,23.19,clear,10.492,10.159,0.00,14.63,world
1582.22,2026-08-29 04:01:02,-0.98,-2.69,1319.33,-15.8,corridor,23.21,clear,9.879,9.248,0.00,15.90,world
1582.72,2026-08-29 04:01:02,-1.59,-2.32,1321.54,-15.8,corridor,23.23,clear,9.879,9.248,0.00,17.32,world
1583.22,2026-08-29 04:01:03,-2.26,-3.79,1323.90,-15.8,corridor,23.25,clear,11.376,8.345,0.00,19.03,world
1583.72,2026-08-29 04:01:03,7.99,-2.03,1317.04,-16.2,corridor,23.27,clear,11.376,8.345,0.00,6.73,world
1584.22,2026-08-29 04:01:04,8.03,-2.90,1318.52,73.8,corridor,23.29,clear,11.868,10.080,0.00,7.48,world
1584.72,2026-08-29 04:01:04,10.43,-2.90,1319.21,73.8,corridor,23.31,clear,11.868,10.080,0.00,6.31,world
1585.22,2026-08-29 04:01:05,10.83,-2.90,1321.01,-16.3,corridor,23.33,clear,11.404,10.310,0.00,7.70,world
1585.72,2026-08-29 04:01:05,10.12,-4.41,1323.50,-16.3,corridor,23.35,clear,11.404,10.310,0.00,10.26,world
1586.22,2026-08-29 04:01:06,7.90,-2.90,1317.34,-16.2,corridor,23.37,clear,15.235,13.874,0.00,6.95,world
1586.72,2026-08-29 04:01:06,8.91,-2.90,1318.77,73.8,corridor,23.39,clear,15.235,13.874,0.00,6.97,world
1587.22,2026-08-29 04:01:07,11.32,-2.90,1319.47,73.8,corridor,23.41,clear,10.837,9.638,0.00,6.09,world
1587.72,2026-08-29 04:01:07,13.15,-2.90,1320.47,-16.4,corridor,23.43,clear,10.837,9.638,0.00,6.52,world
1588.22,2026-08-29 04:01:08,12.45,-3.49,1322.87,-16.4,corridor,23.45,clear,9.488,9.444,0.00,9.00,world
1588.72,2026-08-29 04:01:08,7.99,-2.03,1317.04,-16.2,corridor,23.47,clear,9.488,9.444,0.00,6.73,world
1589.22,2026-08-29 04:01:09,8.03,-2.90,1318.52,73.8,corridor,23.49,clear,10.929,9.093,0.00,7.48,world
1589.72,2026-08-29 04:01:09,10.43,-2.90,1319.21,73.8,corridor,23.51,clear,10.929,9.093,0.00,6.31,world
1590.22,2026-08-29 04:01:10,12.84,-2.90,1319.91,73.8,corridor,23.53,clear,9.857,9.900,0.00,6.02,world
1590.72,2026-08-29 04:01:10,15.02,-2.71,1320.62,31.8,corridor,23.55,clear,9.857,9.900,0.00,6.70,world
1591.22,2026-08-29 04:01:11,14.46,-3.32,1322.90,-16.5,corridor,23.57,clear,10.579,11.371,0.00,8.91,world
1591.72,2026-08-29 04:01:11,13.68,-6.35,1325.46,-16.5,corridor,23.59,clear,10.579,11.371,0.00,11.46,world
1592.22,2026-08-29 04:01:12,7.70,-2.90,1318.02,-16.2,corridor,23.61,clear,12.092,8.895,0.00,7.47,world
1592.72,2026-08-29 04:01:12,5.56,-2.90,1317.80,-106.2,corridor,23.63,clear,12.092,8.895,0.00,9.25,world
1593.22,2026-08-29 04:01:13,3.68,-2.90,1318.08,-16.0,corridor,23.65,clear,9.702,9.935,0.00,11.09,world
1593.72,2026-08-29 04:01:13,2.99,-2.90,1320.49,-16.0,corridor,23.67,clear,9.702,9.935,0.00,12.78,world
1594.22,2026-08-29 04:01:14,2.31,-3.52,1322.89,-16.0,corridor,23.69,clear,10.829,9.688,0.00,14.69,world
1594.72,2026-08-29 04:01:14,1.61,-6.28,1325.32,-16.0,corridor,23.71,clear,10.829,9.688,0.00,16.78,world
1595.22,2026-08-29 04:01:15,7.73,-2.90,1317.94,-16.2,corridor,23.73,clear,11.106,8.338,0.00,7.41,world
1595.72,2026-08-29 04:01:15,5.64,-2.90,1317.82,-106.2,corridor,23.75,clear,11.106,8.338,0.00,9.19,world
1596.22,2026-08-29 04:01:16,3.24,-2.90,1317.13,-106.2,corridor,23.77,clear,9.553,9.950,0.00,11.20,world
1596.72,2026-08-29 04:01:16,1.59,-2.90,1317.82,-15.9,corridor,23.79,clear,9.553,9.950,0.00,12.98,world
1597.22,2026-08-29 04:01:17,0.91,-2.85,1320.21,-15.9,corridor,23.81,clear,9.927,10.582,0.00,14.49,world
1597.72,2026-08-29 04:01:17,0.26,-3.00,1322.52,-15.9,corridor,23.83,clear,9.927,10.582,0.00,16.17,world
1598.22,2026-08-29 04:01:18,-0.43,-5.13,1324.93,-15.9,corridor,23.85,clear,10.267,8.400,0.00,18.10,world
1598.72,2026-08-29 04:01:18,7.89,-2.90,1317.39,-16.2,corridor,23.87,clear,10.267,8.400,0.00,6.99,world
1599.22,2026-08-29 04:01:19,6.20,-2.90,1317.98,-106.2,corridor,23.89,clear,10.687,9.600,0.00,8.76,world
1599.72,2026-08-29 04:01:19,3.80,-2.90,1317.29,-106.2,corridor,23.91,clear,10.687,9.600,0.00,10.72,world
1600.22,2026-08-29 04:01:20,1.40,-2.89,1316.59,-106.2,corridor,23.93,clear,11.534,9.114,0.00,12.86,world
1600.72,2026-08-29 04:01:20,-0.34,-2.84,1317.07,-15.8,corridor,23.95,clear,11.534,9.114,0.00,14.66,world
1601.22,2026-08-29 04:01:21,-1.00,-2.68,1319.41,-15.8,corridor,23.97,clear,9.760,9.661,0.00,15.94,world
1601.72,2026-08-29 04:01:21,-1.61,-2.31,1321.61,-15.8,corridor,23.99,clear,9.760,9.661,0.00,17.37,world
1602.22,2026-08-29 04:01:22,-2.28,-3.86,1323.98,-15.8,corridor,0.01,clear,11.250,8.566,0.00,19.09,world
1602.72,2026-08-29 04:01:22,7.99,-2.09,1317.05,-16.2,corridor,0.03,clear,11.250,8.566,0.00,6.74,world
1603.22,2026-08-29 04:01:23,8.11,-2.90,1318.54,73.8,corridor,0.05,clear,11.069,9.116,0.00,7.43,world
1603.72,2026-08-29 04:01:23,10.51,-2.90,1319.23,73.8,corridor,0.07,clear,11.069,9.116,0.00,6.29,world
1604.22,2026-08-29 04:01:24,10.80,-2.90,1321.09,-16.3,corridor,0.09,clear,12.248,9.402,0.00,7.78,world
1604.72,2026-08-29 04:01:24,10.10,-4.55,1323.62,-16.3,corridor,0.11,clear,12.248,9.402,0.00,10.39,world
1605.22,2026-08-29 04:01:25,7.89,-2.90,1317.39,-16.2,corridor,0.13,clear,10.862,9.575,0.00,6.99,world
1605.72,2026-08-29 04:01:25,8.99,-2.90,1318.79,73.8,corridor,0.15,clear,10.862,9.575,0.00,6.93,world
1606.22,2026-08-29 04:01:26,11.40,-2.90,1319.49,73.8,corridor,0.17,clear,10.427,9.427,0.00,6.08,world
1606.72,2026-08-29 04:01:26,13.13,-2.90,1320.55,-16.4,corridor,0.19,clear,10.427,9.427,0.00,6.61,world
1607.22,2026-08-29 04:01:27,12.42,-3.55,1322.95,-16.4,corridor,0.21,clear,9.732,9.938,0.00,9.09,world
1607.72,2026-08-29 04:01:27,7.99,-2.09,1317.05,-16.2,corridor,0.23,clear,9.732,9.938,0.00,6.74,world
1608.22,2026-08-29 04:01:28,8.11,-2.90,1318.54,73.8,corridor,0.25,clear,10.106,9.239,0.00,7.43,world
1608.72,2026-08-29 04:01:28,10.51,-2.90,1319.23,73.8,corridor,0.27,clear,10.106,9.239,0.00,6.29,world
1609.22,2026-08-29 04:01:29,12.92,-2.90,1319.93,73.8,corridor,0.29,clear,11.841,11.901,0.00,6.03,world
1609.72,2026-08-29 04:01:29,15.05,-2.70,1320.66,21.3,corridor,0.31,clear,11.841,11.901,0.00,6.74,world
1610.22,2026-08-29 04:01:30,14.44,-3.37,1322.98,-16.5,corridor,0.33,clear,10.194,9.858,0.00,8.99,world
1610.72,2026-08-29 04:01:30,13.66,-6.53,1325.54,-16.5,corridor,0.35,clear,10.194,9.858,0.00,11.54,world
1611.22,2026-08-29 04:01:31,7.67,-2.90,1318.09,-26.7,corridor,0.37,clear,12.226,11.608,0.00,7.53,world
1611.72,2026-08-29 04:01:31,5.48,-2.90,1317.78,-106.2,corridor,0.39,clear,12.226,11.608,0.00,9.32,world
1612.22,2026-08-29 04:01:32,3.66,-2.90,1318.16,-16.0,corridor,0.41,clear,10.940,9.527,0.00,11.15,world
1612.72,2026-08-29 04:01:32,2.97,-2.90,1320.57,-16.0,corridor,0.43,clear,10.940,9.527,0.00,12.84,world
1613.22,2026-08-29 04:01:33,2.28,-3.63,1322.97,-16.0,corridor,0.45,clear,11.201,9.275,0.00,14.76,world
1613.72,2026-08-29 04:01:33,1.59,-6.45,1325.40,-16.0,corridor,0.47,clear,11.201,9.275,0.00,16.85,world
1614.22,2026-08-29 04:01:34,7.70,-2.90,1318.02,-16.2,corridor,0.49,clear,11.550,10.897,0.00,7.47,world
1614.72,2026-08-29 04:01:34,5.56,-2.90,1317.80,-106.2,corridor,0.51,clear,11.550,10.897,0.00,9.25,world
1615.22,2026-08-29 04:01:35,3.16,-2.90,1317.10,-106.2,corridor,0.53,clear,11.372,9.984,0.00,11.28,world
1615.72,2026-08-29 04:01:35,1.57,-2.89,1317.90,-15.9,corridor,0.55,clear,11.372,9.984,0.00,13.03,world
1616.22,2026-08-29 04:01:36,0.89,-2.85,1320.29,-15.9,corridor,0.57,clear,10.109,9.778,0.00,14.54,world
1616.72,2026-08-29 04:01:36,0.24,-3.07,1322.60,-15.9,corridor,0.59,clear,10.109,9.778,0.00,16.23,world
1617.22,2026-08-29 04:01:37,-0.45,-5.25,1325.01,-15.9,corridor,0.61,clear,9.907,8.190,0.00,18.17,world
1617.72,2026-08-29 04:01:37,7.87,-2.90,1317.46,-16.2,corridor,0.63,clear,9.907,8.190,0.00,7.04,world
1618.22,2026-08-29 04:01:38,6.12,-2.90,1317.96,-106.2,corridor,0.65,clear,11.140,9.014,0.00,8.82,world
1618.72,2026-08-29 04:01:38,3.72,-2.90,1317.26,-106.2,corridor,0.67,clear,11.140,9.014,0.00,10.79,world
1619.22,2026-08-29 04:01:39,1.32,-2.89,1316.57,-106.2,corridor,0.69,clear,10.083,14.091,0.00,12.94,world
1619.72,2026-08-29 04:01:39,-0.36,-2.83,1317.15,-15.8,corridor,0.71,clear,10.083,14.091,0.00,14.70,world
1620.22,2026-08-29 04:01:40,-1.02,-2.67,1319.48,-15.8,corridor,0.73,clear,12.140,9.568,0.00,15.99,world
1620.72,2026-08-29 04:01:40,-1.63,-2.29,1321.69,-15.8,corridor,0.75,clear,12.140,9.568,0.00,17.42,world
1621.72,2026-08-29 04:01:41,-2.00,-2.97,1323.00,-15.8,corridor,0.79,clear,27.642,8.228,0.00,18.36,world
1622.38,2026-08-29 04:01:42,-2.00,-2.97,1323.00,-15.8,corridor,0.82,clear,10.423,8.018,0.00,18.36,world
1622.88,2026-08-29 04:01:42,-2.58,-5.38,1325.18,-15.0,corridor,0.84,clear,10.423,8.018,0.00,20.00,world
1623.38,2026-08-29 04:01:43,7.81,-2.90,1317.71,-15.3,corridor,0.86,clear,9.485,8.069,0.00,7.22,world
1623.88,2026-08-29 04:01:43,5.89,-2.90,1317.92,-105.3,corridor,0.87,clear,9.485,8.069,0.00,9.01,world
1624.38,2026-08-29 04:01:44,3.79,-2.90,1317.83,-15.2,corridor,0.89,clear,13.376,10.488,0.00,10.91,world
1624.88,2026-08-29 04:01:44,3.13,-2.90,1320.24,-15.2,corridor,0.91,clear,13.376,10.488,0.00,12.53,world
1625.38,2026-08-29 04:01:45,2.48,-3.24,1322.65,-15.2,corridor,0.94,clear,11.197,9.131,0.00,14.41,world
1625.88,2026-08-29 04:01:45,1.82,-5.80,1325.08,-15.2,corridor,0.95,clear,11.197,9.131,0.00,16.47,world
1626.38,2026-08-29 04:01:46,7.81,-2.90,1317.71,-15.3,corridor,0.97,clear,11.774,8.576,0.00,7.22,world
1626.88,2026-08-29 04:01:46,5.89,-2.90,1317.92,-105.3,corridor,0.99,clear,11.774,8.576,0.00,9.01,world
1627.38,2026-08-29 04:01:47,3.48,-2.90,1317.26,-105.3,corridor,1.01,clear,11.564,10.038,0.00,11.01,world
1627.88,2026-08-29 04:01:47,1.67,-2.90,1317.68,-15.1,corridor,1.04,clear,11.564,10.038,0.00,12.87,world
1628.38,2026-08-29 04:01:48,1.02,-2.86,1320.08,-15.1,corridor,1.06,clear,9.662,10.025,0.00,14.33,world
1628.88,2026-08-29 04:01:48,0.40,-2.91,1322.40,-15.1,corridor,1.08,clear,9.662,10.025,0.00,15.98,world
1629.38,2026-08-29 04:01:49,-0.25,-4.99,1324.82,-15.1,corridor,1.10,clear,9.818,8.562,0.00,17.89,world
1629.88,2026-08-29 04:01:49,7.91,-2.90,1317.34,-15.3,corridor,1.12,clear,9.818,8.562,0.00,6.95,world
1630.38,2026-08-29 04:01:50,6.30,-2.90,1318.03,-105.3,corridor,1.14,clear,12.127,9.365,0.00,8.70,world
1630.88,2026-08-29 04:01:50,3.89,-2.90,1317.37,-105.3,corridor,1.16,clear,12.127,9.365,0.00,10.66,world
1631.38,2026-08-29 04:01:51,1.48,-2.89,1316.71,-105.3,corridor,1.18,clear,12.664,11.441,0.00,12.82,world
1631.88,2026-08-29 04:01:51,-0.32,-2.84,1317.11,-15.0,corridor,1.20,clear,12.664,11.441,0.00,14.65,world
1632.38,2026-08-29 04:01:52,-0.94,-2.68,1319.46,-15.0,corridor,1.21,clear,10.124,8.913,0.00,15.91,world
1632.88,2026-08-29 04:01:52,-1.53,-2.32,1321.68,-15.0,corridor,1.24,clear,10.124,8.913,0.00,17.32,world
1633.38,2026-08-29 04:01:53,-2.16,-3.96,1324.06,-15.0,corridor,1.26,clear,11.734,8.689,0.00,19.04,world
1633.88,2026-08-29 04:01:53,7.99,-2.09,1317.05,-15.3,corridor,1.28,clear,11.734,8.689,0.00,6.74,world
1634.38,2026-08-29 04:01:54,8.14,-2.90,1318.54,74.7,corridor,1.29,clear,10.851,8.505,0.00,7.41,world
1634.88,2026-08-29 04:01:54,10.55,-2.90,1319.20,74.7,corridor,1.32,clear,10.851,8.505,0.00,6.24,world
1635.38,2026-08-29 04:01:55,10.86,-2.90,1321.05,-15.5,corridor,1.34,clear,10.105,9.515,0.00,7.72,world
1635.88,2026-08-29 04:01:55,10.19,-4.45,1323.54,-15.5,corridor,1.36,clear,10.105,9.515,0.00,10.27,world
1636.38,2026-08-29 04:01:56,7.91,-2.90,1317.34,-15.3,corridor,1.38,clear,8.494,8.802,0.00,6.95,world
1636.88,2026-08-29 04:01:56,8.94,-2.90,1318.76,74.7,corridor,1.39,clear,8.494,8.802,0.00,6.94,world
1637.38,2026-08-29 04:01:57,11.35,-2.90,1319.42,74.7,corridor,1.42,clear,10.450,9.165,0.00,6.03,world
1637.88,2026-08-29 04:01:57,13.20,-2.90,1320.39,-15.6,corridor,1.44,clear,10.450,9.165,0.00,6.44,world
1638.38,2026-08-29 04:01:58,12.53,-3.50,1322.80,-15.6,corridor,1.45,clear,12.191,27.133,0.00,8.92,world
1638.88,2026-08-29 04:01:58,7.99,-1.99,1317.02,-15.3,corridor,1.48,clear,12.191,27.133,0.00,6.72,world
1639.38,2026-08-29 04:01:59,7.98,-2.90,1318.49,74.7,corridor,1.50,clear,9.459,10.466,0.00,7.51,world
1639.88,2026-08-29 04:01:59,10.39,-2.90,1319.15,74.7,corridor,1.52,clear,9.459,10.466,0.00,6.29,world
1640.38,2026-08-29 04:02:00,12.80,-2.90,1319.81,74.7,corridor,1.54,clear,8.456,9.573,0.00,5.93,world
1640.88,2026-08-29 04:02:00,15.06,-2.73,1320.48,43.2,corridor,1.56,clear,8.456,9.573,0.00,6.56,world
1641.38,2026-08-29 04:02:01,14.59,-3.18,1322.71,-15.6,corridor,1.58,clear,8.182,9.014,0.00,8.73,world
1641.88,2026-08-29 04:02:01,8.00,-1.91,1317.00,-15.6,corridor,1.60,clear,8.182,9.014,0.00,6.71,world
1642.38,2026-08-29 04:02:02,7.46,-2.90,1318.30,-78.3,corridor,1.62,clear,7.790,8.000,0.00,7.82,world
1642.88,2026-08-29 04:02:02,5.09,-2.90,1317.70,-105.3,corridor,1.64,clear,7.790,8.000,0.00,9.65,world
1643.38,2026-08-29 04:02:03,3.57,-2.90,1318.63,-15.2,corridor,1.66,clear,10.470,8.278,0.00,11.41,world
1643.88,2026-08-29 04:02:03,2.92,-2.90,1321.04,-15.2,corridor,1.68,clear,10.470,8.278,0.00,13.13,world
1644.38,2026-08-29 04:02:04,2.26,-4.24,1323.47,-15.2,corridor,1.70,clear,9.906,9.283,0.00,15.09,world
1644.88,2026-08-29 04:02:04,8.00,-1.91,1317.00,-15.3,corridor,1.72,clear,9.906,9.283,0.00,6.71,world
1645.38,2026-08-29 04:02:05,7.47,-2.90,1318.30,-78.3,corridor,1.74,clear,10.618,8.928,0.00,7.82,world
1645.88,2026-08-29 04:02:05,5.09,-2.90,1317.70,-105.3,corridor,1.76,clear,10.618,8.928,0.00,9.65,world
1646.38,2026-08-29 04:02:06,2.68,-2.90,1317.04,-105.3,corridor,1.78,clear,10.326,10.328,0.00,11.72,world
1646.88,2026-08-29 04:02:06,1.45,-2.89,1318.48,-15.1,corridor,1.80,clear,10.326,10.328,0.00,13.32,world
1647.38,2026-08-29 04:02:07,0.81,-2.84,1320.87,-15.1,corridor,1.82,clear,6.077,7.712,0.00,14.87,world
1647.88,2026-08-29 04:02:07,0.19,-3.63,1323.21,-15.1,corridor,1.84,clear,6.077,7.712,0.00,16.60,world
1648.38,2026-08-29 04:02:08,-0.46,-6.44,1325.62,-15.1,corridor,1.86,clear,8.578,7.918,0.00,18.56,world
1648.88,2026-08-29 04:02:08,7.69,-2.90,1318.10,-25.8,corridor,1.88,clear,8.578,7.918,0.00,7.52,world
1649.38,2026-08-29 04:02:09,5.49,-2.90,1317.81,-105.3,corridor,1.90,clear,9.037,7.987,0.00,9.32,world
1649.88,2026-08-29 04:02:09,3.08,-2.90,1317.15,-105.3,corridor,1.92,clear,9.037,7.987,0.00,11.36,world
1650.38,2026-08-29 04:02:10,0.67,-2.89,1316.49,-105.3,corridor,1.94,clear,6.463,7.935,0.00,13.56,world
1650.88,2026-08-29 04:02:10,-0.53,-2.81,1317.91,-15.0,corridor,1.96,clear,6.463,7.935,0.00,15.04,world
1651.38,2026-08-29 04:02:11,-1.14,-2.59,1320.22,-15.0,corridor,1.98,clear,8.173,7.159,0.00,16.37,world
1651.88,2026-08-29 04:02:11,-1.73,-2.51,1322.45,-15.0,corridor,2.00,clear,8.173,7.159,0.00,17.86,world
1652.38,2026-08-29 04:02:12,-2.38,-4.73,1324.87,-15.0,corridor,2.02,clear,8.387,8.850,0.00,19.65,world
1652.88,2026-08-29 04:02:12,7.91,-2.90,1317.34,-15.3,corridor,2.04,clear,8.387,8.850,0.00,6.95,world
1653.38,2026-08-29 04:02:13,8.94,-2.90,1318.76,74.7,corridor,2.06,clear,8.264,7.524,0.00,6.94,world
1653.88,2026-08-29 04:02:13,11.20,-2.90,1319.50,22.2,corridor,2.08,clear,8.264,7.524,0.00,6.17,world
1654.38,2026-08-29 04:02:14,10.64,-2.90,1321.85,-15.5,corridor,2.10,clear,6.186,7.725,0.00,8.54,world
1654.88,2026-08-29 04:02:14,9.96,-6.38,1324.69,-15.5,corridor,2.12,clear,6.186,7.725,0.00,11.43,world
1655.38,2026-08-29 04:02:15,7.71,-2.90,1318.10,-4.8,corridor,2.14,clear,7.880,7.718,0.00,7.51,world
1655.88,2026-08-29 04:02:15,9.74,-2.90,1318.98,74.7,corridor,2.16,clear,7.880,7.718,0.00,6.55,world
1656.38,2026-08-29 04:02:16,12.15,-2.90,1319.64,74.7,corridor,2.18,clear,8.375,9.501,0.00,5.93,world
1656.88,2026-08-29 04:02:16,12.98,-2.89,1321.19,-15.6,corridor,2.20,clear,8.375,9.501,0.00,7.26,world
1657.38,2026-08-29 04:02:17,12.31,-4.27,1323.60,-15.6,corridor,2.22,clear,9.486,8.890,0.00,9.75,world
1657.88,2026-08-29 04:02:17,7.93,-2.89,1317.25,-15.3,corridor,2.24,clear,9.486,8.890,0.00,6.89,world
1658.38,2026-08-29 04:02:18,8.78,-2.90,1318.71,74.7,corridor,2.26,clear,9.769,10.033,0.00,7.03,world
1658.88,2026-08-29 04:02:18,11.19,-2.90,1319.37,74.7,corridor,2.28,clear,9.769,10.033,0.00,6.06,world
1659.38,2026-08-29 04:02:19,13.60,-2.90,1320.03,74.7,corridor,2.29,clear,9.813,11.525,0.00,6.04,world
1659.88,2026-08-29 04:02:19,15.05,-2.63,1321.09,-15.6,corridor,2.31,clear,9.813,11.525,0.00,7.16,world
1660.38,2026-08-29 04:02:20,14.37,-3.85,1323.51,-15.6,corridor,2.34,clear,11.404,9.463,0.00,9.52,world
1660.88,2026-08-29 04:02:20,7.96,-2.52,1317.16,-15.3,corridor,2.36,clear,11.404,9.463,0.00,6.82,world
1661.38,2026-08-29 04:02:21,6.70,-2.90,1318.14,-105.3,corridor,2.38,clear,11.389,8.802,0.00,8.40,world
1661.88,2026-08-29 04:02:21,4.29,-2.90,1317.48,-105.3,corridor,2.40,clear,11.389,8.802,0.00,10.32,world
1662.38,2026-08-29 04:02:22,3.35,-2.90,1319.43,-15.2,corridor,2.42,clear,10.652,9.159,0.00,11.96,world
1662.88,2026-08-29 04:02:22,2.70,-2.89,1321.85,-15.2,corridor,2.44,clear,10.652,9.159,0.00,13.76,world
1663.38,2026-08-29 04:02:23,2.04,-5.02,1324.28,-15.2,corridor,2.46,clear,5.917,6.803,0.00,15.77,world
1663.88,2026-08-29 04:02:23,7.96,-2.52,1317.16,-15.3,corridor,2.48,clear,5.917,6.803,0.00,6.82,world
1664.38,2026-08-29 04:02:24,6.70,-2.90,1318.14,-105.3,corridor,2.50,clear,7.239,7.356,0.00,8.40,world
1664.88,2026-08-29 04:02:24,4.29,-2.90,1317.48,-105.3,corridor,2.52,clear,7.239,7.356,0.00,10.32,world
1665.38,2026-08-29 04:02:25,1.95,-2.90,1316.98,-52.8,corridor,2.54,clear,6.287,7.000,0.00,12.41,world
1665.88,2026-08-29 04:02:25,1.24,-2.89,1319.29,-15.1,corridor,2.56,clear,6.287,7.000,0.00,13.81,world
1666.38,2026-08-29 04:02:26,0.61,-2.73,1321.62,-15.1,corridor,2.58,clear,9.288,7.880,0.00,15.41,world
1666.88,2026-08-29 04:02:26,-0.03,-4.34,1324.01,-15.1,corridor,2.60,clear,9.288,7.880,0.00,17.24,world
1667.38,2026-08-29 04:02:27,7.99,-2.09,1317.05,-15.3,corridor,2.62,clear,10.908,8.020,0.00,6.74,world
1667.88,2026-08-29 04:02:27,7.10,-2.90,1318.25,-105.3,corridor,2.64,clear,10.908,8.020,0.00,8.11,world
1668.38,2026-08-29 04:02:28,4.69,-2.90,1317.59,-105.3,corridor,2.66,clear,10.809,10.691,0.00,9.98,world
1668.88,2026-08-29 04:02:28,2.28,-2.90,1316.93,-105.3,corridor,2.68,clear,10.809,10.691,0.00,12.08,world
1669.38,2026-08-29 04:02:29,-0.05,-2.87,1316.43,-52.8,corridor,2.70,clear,6.971,7.298,0.00,14.25,world
1669.88,2026-08-29 04:02:29,-0.74,-2.76,1318.69,-15.0,corridor,2.72,clear,6.971,7.298,0.00,15.46,world
1670.38,2026-08-29 04:02:30,-1.33,-2.46,1320.96,-15.0,corridor,2.74,clear,6.923,7.272,0.00,16.84,world
1670.88,2026-08-29 04:02:30,-1.95,-3.23,1323.26,-15.0,corridor,2.76,clear,6.923,7.272,0.00,18.44,world
1671.38,2026-08-29 04:02:31,-2.59,-6.48,1325.67,-15.0,corridor,2.78,clear,6.627,6.792,0.00,20.29,world
1671.88,2026-08-29 04:02:31,7.71,-2.90,1318.10,-4.8,corridor,2.80,clear,6.627,6.792,0.00,7.51,world
1672.40,2026-08-29 04:02:32,9.79,-2.90,1318.99,74.7,corridor,2.82,clear,9.038,7.522,0.00,6.53,world
1672.90,2026-08-29 04:02:32,9.94,-2.90,1319.03,74.7,corridor,2.84,clear,9.038,7.522,0.00,6.46,world
1673.40,2026-08-29 04:02:33,9.94,-2.90,1319.03,74.7,corridor,2.86,clear,6.354,7.902,0.00,6.46,world
1673.90,2026-08-29 04:02:33,9.94,-2.90,1319.03,74.7,corridor,2.88,clear,6.354,7.902,0.00,6.46,world
1674.40,2026-08-29 04:02:34,9.94,-2.90,1319.03,74.7,corridor,2.90,clear,7.443,9.020,0.00,6.46,world
1674.90,2026-08-29 04:02:34,9.94,-2.90,1319.03,74.7,corridor,2.92,clear,7.443,9.020,0.00,6.46,world
1675.40,2026-08-29 04:02:35,9.94,-2.90,1319.03,74.7,corridor,2.94,clear,7.200,8.602,0.00,6.46,world
1675.92,2026-08-29 04:02:35,9.94,-2.90,1319.03,74.7,corridor,2.96,clear,7.200,8.602,0.00,6.46,world
1676.62,2026-08-29 04:02:36,9.94,-2.90,1319.03,74.7,corridor,2.98,clear,11.338,10.880,0.00,6.46,world
1677.12,2026-08-29 04:02:36,9.94,-2.90,1319.03,74.7,corridor,3.00,clear,11.338,10.880,0.00,6.46,world
1677.83,2026-08-29 04:02:37,9.94,-2.90,1319.03,74.7,corridor,3.03,clear,8.319,8.600,0.00,6.46,world
1678.53,2026-08-29 04:02:38,9.94,-2.90,1319.03,74.7,corridor,3.06,clear,8.081,8.576,0.00,6.46,world
1679.23,2026-08-29 04:02:39,9.94,-2.90,1319.03,74.7,corridor,3.09,clear,6.997,7.892,0.00,6.46,world
1679.93,2026-08-29 04:02:39,9.94,-2.90,1319.03,74.7,corridor,3.12,clear,6.997,7.892,0.00,6.46,world
1680.63,2026-08-29 04:02:40,9.94,-2.90,1319.03,74.7,corridor,3.15,clear,7.791,7.702,0.00,6.46,world
1681.33,2026-08-29 04:02:41,9.94,-2.90,1319.03,74.7,corridor,3.17,clear,6.441,7.907,0.00,6.46,world
1682.03,2026-08-29 04:02:41,9.94,-2.90,1319.03,74.7,corridor,3.20,clear,6.441,7.907,0.00,6.46,world
1682.75,2026-08-29 04:02:42,9.94,-2.90,1319.03,74.7,corridor,3.23,clear,8.772,8.311,0.00,6.46,world
1683.25,2026-08-29 04:02:43,9.94,-2.90,1319.03,74.7,corridor,3.25,clear,7.503,8.395,0.00,6.46,world
1683.93,2026-08-29 04:02:43,9.94,-2.90,1319.03,74.7,corridor,3.28,clear,7.503,8.395,0.00,6.46,world
1684.50,2026-08-29 04:02:44,9.94,-2.90,1319.03,74.7,corridor,3.30,clear,7.216,8.472,0.00,6.46,world
1685.20,2026-08-29 04:02:45,9.94,-2.90,1319.03,74.7,corridor,3.33,clear,6.818,8.263,0.00,6.46,world
1685.90,2026-08-29 04:02:45,9.94,-2.90,1319.03,74.7,corridor,3.36,clear,6.818,8.263,0.00,6.46,world
1686.60,2026-08-29 04:02:46,9.94,-2.90,1319.03,74.7,corridor,3.38,clear,7.149,8.543,0.00,6.46,world
1687.30,2026-08-29 04:02:47,9.94,-2.90,1319.03,74.7,corridor,3.41,clear,6.145,8.158,0.00,6.46,world
1688.00,2026-08-29 04:02:47,9.94,-2.90,1319.03,74.7,corridor,3.44,clear,6.145,8.158,0.00,6.46,world
1688.70,2026-08-29 04:02:48,9.94,-2.90,1319.03,74.7,corridor,3.47,clear,7.104,7.747,0.00,6.46,world
1689.40,2026-08-29 04:02:49,9.94,-2.90,1319.03,74.7,corridor,3.50,clear,6.697,8.392,0.00,6.46,world
1689.90,2026-08-29 04:02:49,9.94,-2.90,1319.03,74.7,corridor,3.52,clear,6.697,8.392,0.00,6.46,world
1690.40,2026-08-29 04:02:50,9.94,-2.90,1319.03,74.7,corridor,3.54,clear,7.453,9.440,0.00,6.46,world
1690.95,2026-08-29 04:02:50,9.94,-2.90,1319.03,74.7,corridor,3.56,clear,7.453,9.440,0.00,6.46,world
1691.65,2026-08-29 04:02:51,9.94,-2.90,1319.03,74.7,corridor,3.59,clear,6.503,7.946,0.00,6.46,world
1692.35,2026-08-29 04:02:52,9.94,-2.90,1319.03,74.7,corridor,3.61,clear,7.647,8.142,0.00,6.46,world
1693.10,2026-08-29 04:02:52,9.94,-2.90,1319.03,74.7,corridor,3.64,clear,7.647,8.142,0.00,6.46,world
1693.80,2026-08-29 04:02:53,9.94,-2.90,1319.03,74.7,corridor,3.67,clear,8.371,8.953,0.00,6.46,world
1694.50,2026-08-29 04:02:54,9.94,-2.90,1319.03,74.7,corridor,3.70,clear,8.750,8.050,0.00,6.46,world
1695.00,2026-08-29 04:02:54,9.94,-2.90,1319.03,74.7,corridor,3.72,clear,8.750,8.050,0.00,6.46,world
1695.50,2026-08-29 04:02:55,9.94,-2.90,1319.03,74.7,corridor,3.74,clear,7.445,8.132,0.00,6.46,world
1696.00,2026-08-29 04:02:55,9.94,-2.90,1319.03,74.7,corridor,3.76,clear,7.445,8.132,0.00,6.46,world
1696.50,2026-08-29 04:02:56,9.94,-2.90,1319.03,74.7,corridor,3.78,clear,9.404,8.476,0.00,6.46,world
1697.00,2026-08-29 04:02:56,9.94,-2.90,1319.03,74.7,corridor,3.80,clear,9.404,8.476,0.00,6.46,world
1697.50,2026-08-29 04:02:57,9.94,-2.90,1319.03,74.7,corridor,3.82,clear,9.005,8.902,0.00,6.46,world
1698.00,2026-08-29 04:02:57,9.94,-2.90,1319.03,74.7,corridor,3.84,clear,9.005,8.902,0.00,6.46,world
1698.50,2026-08-29 04:02:58,9.94,-2.90,1319.03,74.7,corridor,3.86,clear,9.007,8.828,0.00,6.46,world
1699.00,2026-08-29 04:02:58,9.94,-2.90,1319.03,74.7,corridor,3.88,clear,9.007,8.828,0.00,6.46,world
1699.50,2026-08-29 04:02:59,9.94,-2.90,1319.03,74.7,corridor,3.90,clear,7.414,7.844,0.00,6.46,world
1700.00,2026-08-29 04:02:59,9.94,-2.90,1319.03,74.7,corridor,3.92,clear,7.414,7.844,0.00,6.46,world
1700.50,2026-08-29 04:03:00,9.94,-2.90,1319.03,74.7,corridor,3.94,clear,6.699,7.906,0.00,6.46,world
1701.00,2026-08-29 04:03:00,9.94,-2.90,1319.03,74.7,corridor,3.96,clear,6.699,7.906,0.00,6.46,world
1701.50,2026-08-29 04:03:01,9.94,-2.90,1319.03,74.7,corridor,3.98,clear,7.161,8.630,0.00,6.46,world
1702.00,2026-08-29 04:03:01,9.94,-2.90,1319.03,74.7,corridor,4.00,clear,7.161,8.630,0.00,6.46,world
1702.50,2026-08-29 04:03:02,9.94,-2.90,1319.03,74.7,corridor,4.02,clear,6.416,8.040,0.00,6.46,world
1703.00,2026-08-29 04:03:02,9.94,-2.90,1319.03,74.7,corridor,4.04,clear,6.416,8.040,0.00,6.46,world
1703.50,2026-08-29 04:03:03,9.94,-2.90,1319.03,74.7,corridor,4.06,clear,5.688,6.844,0.00,6.46,world
1704.00,2026-08-29 04:03:03,9.94,-2.90,1319.03,74.7,corridor,4.08,clear,5.688,6.844,0.00,6.46,world
1704.50,2026-08-29 04:03:04,9.94,-2.90,1319.03,74.7,corridor,4.10,clear,7.418,7.592,0.00,6.46,world
1705.00,2026-08-29 04:03:04,9.94,-2.90,1319.03,74.7,corridor,4.12,clear,7.418,7.592,0.00,6.46,world
1705.50,2026-08-29 04:03:05,9.91,-2.90,1319.14,32.7,corridor,4.14,clear,6.311,7.744,0.00,6.57,world
1706.00,2026-08-29 04:03:05,9.44,-2.90,1320.92,-14.8,corridor,4.16,clear,6.311,7.744,0.00,8.29,world
1706.50,2026-08-29 04:03:06,10.92,-2.90,1321.61,17.0,corridor,4.18,clear,7.110,8.996,0.00,8.21,world
1707.00,2026-08-29 04:03:06,10.35,-5.55,1324.46,-14.9,corridor,4.20,clear,7.110,8.996,0.00,11.08,world
1707.50,2026-08-29 04:03:07,7.77,-2.90,1317.87,-14.7,corridor,4.22,clear,8.634,7.935,0.00,7.33,world
1708.00,2026-08-29 04:03:07,5.74,-2.90,1317.90,-104.7,corridor,4.24,clear,8.634,7.935,0.00,9.13,world
1708.50,2026-08-29 04:03:08,3.75,-2.90,1318.03,-14.6,corridor,4.26,clear,6.866,7.540,0.00,11.01,world
1709.00,2026-08-29 04:03:08,3.13,-2.90,1320.45,-14.6,corridor,4.28,clear,6.866,7.540,0.00,12.64,world
1709.50,2026-08-29 04:03:09,2.50,-3.50,1322.87,-14.6,corridor,4.30,clear,7.130,8.161,0.00,14.52,world
1710.00,2026-08-29 04:03:09,1.87,-6.21,1325.31,-14.6,corridor,4.32,clear,7.130,8.161,0.00,16.59,world
1710.50,2026-08-29 04:03:10,7.75,-2.90,1317.95,-14.7,corridor,4.34,clear,8.784,6.578,0.00,7.39,world
1711.00,2026-08-29 04:03:10,5.66,-2.90,1317.88,-104.7,corridor,4.36,clear,8.784,6.578,0.00,9.20,world
1711.50,2026-08-29 04:03:11,3.24,-2.90,1317.24,-104.7,corridor,4.38,clear,8.613,9.547,0.00,11.23,world
1712.00,2026-08-29 04:03:11,1.62,-2.90,1317.98,-14.5,corridor,4.40,clear,8.613,9.547,0.00,13.01,world
1712.50,2026-08-29 04:03:12,1.00,-2.86,1320.38,-14.5,corridor,4.42,clear,8.569,8.333,0.00,14.49,world
1713.00,2026-08-29 04:03:12,0.40,-3.22,1322.72,-14.5,corridor,4.44,clear,8.569,8.333,0.00,16.16,world
1713.50,2026-08-29 04:03:13,-0.23,-5.47,1325.15,-14.5,corridor,4.46,clear,7.760,7.176,0.00,18.07,world
1714.00,2026-08-29 04:03:13,7.84,-2.90,1317.63,-14.7,corridor,4.48,clear,7.760,7.176,0.00,7.15,world
1714.50,2026-08-29 04:03:14,5.99,-2.90,1317.96,-104.7,corridor,4.50,clear,6.737,8.335,0.00,8.94,world
1715.00,2026-08-29 04:03:14,3.57,-2.90,1317.33,-104.7,corridor,4.52,clear,6.737,8.335,0.00,10.95,world
1715.50,2026-08-29 04:03:15,1.15,-2.89,1316.69,-104.7,corridor,4.54,clear,9.673,8.598,0.00,13.13,world
1716.00,2026-08-29 04:03:15,-0.40,-2.83,1317.51,-14.4,corridor,4.56,clear,9.673,8.598,0.00,14.82,world
1716.50,2026-08-29 04:03:16,-0.99,-2.65,1319.86,-14.4,corridor,4.58,clear,6.928,7.953,0.00,16.09,world
1717.00,2026-08-29 04:03:16,-1.55,-2.27,1322.07,-14.4,corridor,4.60,clear,6.928,7.953,0.00,17.52,world
1717.50,2026-08-29 04:03:17,-2.17,-4.26,1324.50,-14.4,corridor,4.62,clear,7.571,7.375,0.00,19.28,world
1718.00,2026-08-29 04:03:17,7.96,-2.52,1317.16,-14.7,corridor,4.64,clear,7.571,7.375,0.00,6.82,world
1718.50,2026-08-29 04:03:18,8.56,-2.90,1318.64,75.3,corridor,4.66,clear,7.015,8.423,0.00,7.15,world
1719.00,2026-08-29 04:03:18,10.97,-2.90,1319.28,75.3,corridor,4.68,clear,7.015,8.423,0.00,6.08,world
1719.50,2026-08-29 04:03:19,10.80,-2.90,1321.42,-14.9,corridor,4.70,clear,8.920,8.246,0.00,8.09,world
1720.00,2026-08-29 04:03:19,10.15,-5.19,1324.19,-14.9,corridor,4.72,clear,8.920,8.246,0.00,10.89,world
1720.50,2026-08-29 04:03:20,7.81,-2.90,1317.71,-14.7,corridor,4.74,clear,7.344,8.735,0.00,7.21,world
1721.00,2026-08-29 04:03:20,9.36,-2.90,1318.85,75.3,corridor,4.76,clear,7.344,8.735,0.00,6.71,world
1721.50,2026-08-29 04:03:21,11.78,-2.90,1319.49,75.3,corridor,4.78,clear,7.879,8.258,0.00,5.92,world
1722.00,2026-08-29 04:03:21,13.13,-2.89,1320.74,-15.0,corridor,4.80,clear,7.879,8.258,0.00,6.80,world
1722.50,2026-08-29 04:03:22,12.49,-3.73,1323.16,-15.0,corridor,4.82,clear,7.937,8.380,0.00,9.29,world
1723.00,2026-08-29 04:03:22,7.98,-2.23,1317.09,-14.7,corridor,4.84,clear,7.937,8.380,0.00,6.77,world
1723.50,2026-08-29 04:03:23,8.31,-2.90,1318.58,75.3,corridor,4.86,clear,7.493,7.945,0.00,7.30,world
1724.00,2026-08-29 04:03:23,10.73,-2.90,1319.21,75.3,corridor,4.88,clear,7.493,7.945,0.00,6.15,world
1724.50,2026-08-29 04:03:24,13.15,-2.90,1319.85,75.3,corridor,4.90,clear,6.606,7.566,0.00,5.91,world
1725.00,2026-08-29 04:03:24,15.19,-2.70,1320.60,1.8,corridor,4.92,clear,6.606,7.566,0.00,6.70,world
1725.50,2026-08-29 04:03:25,14.57,-3.34,1322.96,-15.0,corridor,4.94,clear,6.644,8.013,0.00,8.98,world
1726.00,2026-08-29 04:03:25,7.99,-1.99,1317.02,-14.7,corridor,4.96,clear,6.644,8.013,0.00,6.72,world
1726.50,2026-08-29 04:03:26,7.27,-2.90,1318.30,-104.7,corridor,4.98,clear,6.254,7.568,0.00,7.98,world
1727.00,2026-08-29 04:03:26,4.86,-2.90,1317.67,-104.7,corridor,5.00,clear,6.254,7.568,0.00,9.85,world
1727.50,2026-08-29 04:03:27,3.52,-2.90,1318.91,-14.6,corridor,5.02,clear,6.508,8.227,0.00,11.57,world
1728.00,2026-08-29 04:03:27,2.89,-2.90,1321.33,-14.6,corridor,5.04,clear,6.508,8.227,0.00,13.31,world
1728.50,2026-08-29 04:03:28,2.26,-4.54,1323.77,-14.6,corridor,5.06,clear,6.351,7.297,0.00,15.27,world
1729.00,2026-08-29 04:03:28,7.99,-2.03,1317.04,-14.7,corridor,5.08,clear,6.351,7.297,0.00,6.73,world
1729.50,2026-08-29 04:03:29,7.19,-2.90,1318.28,-104.7,corridor,5.10,clear,6.912,6.825,0.00,8.04,world
1730.00,2026-08-29 04:03:29,4.78,-2.90,1317.65,-104.7,corridor,5.12,clear,6.912,6.825,0.00,9.92,world
1730.50,2026-08-29 04:03:30,2.36,-2.90,1317.01,-104.7,corridor,5.14,clear,7.428,6.500,0.00,12.02,world
1731.00,2026-08-29 04:03:30,1.39,-2.89,1318.87,-14.5,corridor,5.16,clear,7.428,6.500,0.00,13.52,world
1731.50,2026-08-29 04:03:31,0.78,-2.79,1321.24,-14.5,corridor,5.18,clear,6.139,6.284,0.00,15.08,world
1732.00,2026-08-29 04:03:31,0.17,-4.00,1323.61,-14.5,corridor,5.20,clear,6.139,6.284,0.00,16.84,world
1732.50,2026-08-29 04:03:32,8.00,-1.91,1317.00,-14.7,corridor,5.22,clear,6.851,6.789,0.00,6.71,world
1733.00,2026-08-29 04:03:32,7.48,-2.90,1318.30,-77.7,corridor,5.24,clear,6.851,6.789,0.00,7.81,world
1733.50,2026-08-29 04:03:33,5.10,-2.90,1317.73,-104.7,corridor,5.26,clear,7.497,8.081,0.00,9.65,world
1734.00,2026-08-29 04:03:33,2.68,-2.90,1317.09,-104.7,corridor,5.28,clear,7.497,8.081,0.00,11.73,world
1734.50,2026-08-29 04:03:34,0.27,-2.88,1316.46,-104.7,corridor,5.30,clear,6.820,6.941,0.00,13.95,world
1735.00,2026-08-29 04:03:34,-0.62,-2.78,1318.38,-14.4,corridor,5.32,clear,6.820,6.941,0.00,15.26,world
1735.50,2026-08-29 04:03:35,-1.20,-2.53,1320.68,-14.4,corridor,5.34,clear,6.942,6.171,0.00,16.61,world
1736.00,2026-08-29 04:03:35,-1.78,-2.98,1322.96,-14.4,corridor,5.36,clear,6.942,6.171,0.00,18.15,world
1736.50,2026-08-29 04:03:36,-2.40,-5.70,1325.38,-14.4,corridor,5.38,clear,8.137,6.965,0.00,19.96,world
1737.00,2026-08-29 04:03:36,7.79,-2.90,1317.79,-14.7,corridor,5.40,clear,8.137,6.965,0.00,7.27,world
1737.50,2026-08-29 04:03:37,9.44,-2.90,1318.87,75.3,corridor,5.42,clear,7.612,8.109,0.00,6.67,world
1738.00,2026-08-29 04:03:37,11.20,-2.90,1319.89,-14.9,corridor,5.44,clear,7.612,8.109,0.00,6.52,world
1738.50,2026-08-29 04:03:38,10.56,-3.01,1322.31,-14.9,corridor,5.46,clear,9.007,7.869,0.00,9.00,world
1739.00,2026-08-29 04:03:38,8.00,-1.92,1317.01,-14.7,corridor,5.48,clear,9.007,7.869,0.00,6.71,world
1739.50,2026-08-29 04:03:39,7.86,-2.90,1318.43,58.8,corridor,5.50,clear,9.186,7.534,0.00,7.57,world
1740.00,2026-08-29 04:03:39,10.25,-2.90,1319.09,75.3,corridor,5.52,clear,9.186,7.534,0.00,6.32,world
1740.50,2026-08-29 04:03:40,12.67,-2.90,1319.72,75.3,corridor,5.54,clear,6.834,6.838,0.00,5.88,world
1741.00,2026-08-29 04:03:40,12.90,-2.89,1321.63,-15.0,corridor,5.56,clear,6.834,6.838,0.00,7.71,world
1741.50,2026-08-29 04:03:41,12.24,-5.01,1324.11,-15.0,corridor,5.58,clear,9.058,7.869,0.00,10.26,world
1742.00,2026-08-29 04:03:41,7.86,-2.90,1317.55,-14.7,corridor,5.60,clear,9.058,7.869,0.00,7.09,world
1742.50,2026-08-29 04:03:42,9.20,-2.90,1318.81,75.3,corridor,5.62,clear,9.718,8.072,0.00,6.80,world
1743.00,2026-08-29 04:03:42,11.62,-2.90,1319.45,75.3,corridor,5.64,clear,9.718,8.072,0.00,5.95,world
1743.50,2026-08-29 04:03:43,14.02,-2.88,1320.08,75.3,corridor,5.66,clear,8.770,7.750,0.00,6.08,world
1744.00,2026-08-29 04:03:43,14.99,-2.64,1321.42,-15.0,corridor,5.68,clear,8.770,7.750,0.00,7.49,world
1744.50,2026-08-29 04:03:44,14.33,-4.34,1323.86,-15.0,corridor,5.70,clear,6.978,8.213,0.00,9.87,world
1745.00,2026-08-29 04:03:44,7.92,-2.90,1317.29,-14.7,corridor,5.72,clear,6.978,8.213,0.00,6.91,world
1745.50,2026-08-29 04:03:45,6.39,-2.90,1318.07,-104.7,corridor,5.74,clear,8.915,7.456,0.00,8.63,world
1746.00,2026-08-29 04:03:45,4.02,-2.90,1317.54,-62.7,corridor,5.76,clear,8.915,7.456,0.00,10.59,world
1746.50,2026-08-29 04:03:46,3.29,-2.90,1319.80,-14.6,corridor,5.78,clear,9.851,9.355,0.00,12.18,world
1747.00,2026-08-29 04:03:46,2.66,-2.96,1322.22,-14.6,corridor,5.80,clear,9.851,9.355,0.00,14.00,world
1747.50,2026-08-29 04:03:47,2.03,-5.28,1324.66,-14.6,corridor,5.82,clear,6.289,7.232,0.00,16.03,world
1748.00,2026-08-29 04:03:47,7.91,-2.90,1317.34,-14.7,corridor,5.84,clear,6.289,7.232,0.00,6.94,world
1748.50,2026-08-29 04:03:48,6.31,-2.90,1318.05,-104.7,corridor,5.86,clear,7.890,6.276,0.00,8.69,world
1749.00,2026-08-29 04:03:48,3.89,-2.90,1317.41,-104.7,corridor,5.88,clear,7.890,6.276,0.00,10.67,world
1749.50,2026-08-29 04:03:49,1.78,-2.90,1317.33,-14.5,corridor,5.90,clear,6.609,6.747,0.00,12.67,world
1750.00,2026-08-29 04:03:49,1.16,-2.87,1319.75,-14.5,corridor,5.92,clear,6.609,6.747,0.00,14.07,world
1750.50,2026-08-29 04:03:50,0.56,-2.69,1322.08,-14.5,corridor,5.94,clear,7.470,7.008,0.00,15.68,world
1751.00,2026-08-29 04:03:50,-0.06,-4.70,1324.50,-14.5,corridor,5.96,clear,7.470,7.008,0.00,17.55,world
1751.50,2026-08-29 04:03:51,7.95,-2.63,1317.19,-14.7,corridor,5.98,clear,7.257,5.883,0.00,6.84,world
1752.00,2026-08-29 04:03:51,6.63,-2.90,1318.13,-104.7,corridor,6.00,clear,7.257,5.883,0.00,8.45,world
1752.50,2026-08-29 04:03:52,4.21,-2.90,1317.50,-104.7,corridor,6.02,clear,7.624,6.953,0.00,10.39,world
1753.00,2026-08-29 04:03:52,1.79,-2.90,1316.86,-104.7,corridor,6.04,clear,7.624,6.953,0.00,12.54,world
1753.50,2026-08-29 04:03:53,-0.24,-2.85,1316.88,-14.4,corridor,6.06,clear,6.527,7.628,0.00,14.52,world
1754.00,2026-08-29 04:03:53,-0.84,-2.72,1319.24,-14.4,corridor,6.08,clear,6.527,7.628,0.00,15.74,world
1754.50,2026-08-29 04:03:54,-1.40,-2.37,1321.48,-14.4,corridor,6.10,clear,8.412,8.608,0.00,17.12,world
1755.00,2026-08-29 04:03:54,-2.01,-3.78,1323.85,-14.4,corridor,6.12,clear,8.412,8.608,0.00,18.79,world
1755.55,2026-08-29 04:03:55,8.00,-2.09,1317.00,-14.4,corridor,6.14,clear,6.174,5.849,0.00,6.71,world
1756.05,2026-08-29 04:03:55,7.53,-2.90,1318.67,-15.7,corridor,6.16,clear,6.174,5.849,0.00,7.98,world
1756.55,2026-08-29 04:03:56,6.90,-2.78,1320.90,-15.7,corridor,6.18,clear,7.395,7.334,0.00,9.90,world
1757.05,2026-08-29 04:03:56,6.12,-2.90,1321.84,-15.7,corridor,6.20,clear,7.395,7.334,0.00,11.11,world
1757.55,2026-08-29 04:03:57,5.45,-6.36,1324.70,-15.7,corridor,6.22,clear,6.479,7.296,0.00,13.70,world
1758.05,2026-08-29 04:03:57,7.68,-2.90,1318.10,-26.2,corridor,6.24,clear,6.479,7.296,0.00,7.53,world
1758.55,2026-08-29 04:03:58,5.49,-2.90,1317.80,-105.7,corridor,6.26,clear,8.170,6.890,0.00,9.32,world
1759.05,2026-08-29 04:03:58,3.67,-2.90,1318.20,-15.5,corridor,6.28,clear,8.170,6.890,0.00,11.15,world
1759.55,2026-08-29 04:03:59,3.00,-2.90,1320.61,-15.5,corridor,6.30,clear,6.425,7.167,0.00,12.83,world
1760.05,2026-08-29 04:03:59,2.33,-3.73,1323.02,-15.5,corridor,6.32,clear,6.425,7.167,0.00,14.75,world
1760.55,2026-08-29 04:04:00,1.66,-6.51,1325.46,-15.5,corridor,6.34,clear,7.229,6.043,0.00,16.84,world
1761.05,2026-08-29 04:04:00,7.68,-2.90,1318.10,-26.2,corridor,6.36,clear,7.229,6.043,0.00,7.53,world
1761.55,2026-08-29 04:04:01,5.49,-2.90,1317.80,-105.7,corridor,6.38,clear,8.428,6.676,0.00,9.32,world
1762.05,2026-08-29 04:04:01,3.08,-2.90,1317.12,-105.7,corridor,6.40,clear,8.428,6.676,0.00,11.36,world
1762.55,2026-08-29 04:04:02,1.56,-2.89,1318.04,-15.4,corridor,6.42,clear,6.713,7.498,0.00,13.08,world
1763.05,2026-08-29 04:04:02,0.90,-2.85,1320.43,-15.4,corridor,6.44,clear,6.713,7.498,0.00,14.60,world
1763.55,2026-08-29 04:04:03,0.26,-3.22,1322.75,-15.4,corridor,6.46,clear,6.481,6.455,0.00,16.29,world
1764.05,2026-08-29 04:04:03,-0.41,-5.46,1325.16,-15.4,corridor,6.48,clear,6.481,6.455,0.00,18.22,world
1764.55,2026-08-29 04:04:04,7.82,-2.90,1317.63,-15.7,corridor,6.50,clear,6.959,5.920,0.00,7.16,world
1765.05,2026-08-29 04:04:04,5.97,-2.90,1317.93,-105.7,corridor,6.52,clear,6.959,5.920,0.00,8.94,world
1765.55,2026-08-29 04:04:05,3.56,-2.90,1317.26,-105.7,corridor,6.54,clear,7.752,7.416,0.00,10.93,world
1766.05,2026-08-29 04:04:05,1.16,-2.89,1316.58,-105.7,corridor,6.56,clear,7.752,7.416,0.00,13.10,world
1766.55,2026-08-29 04:04:06,-0.41,-2.83,1317.38,-15.4,corridor,6.58,clear,6.898,8.051,0.00,14.80,world
1767.05,2026-08-29 04:04:06,-1.04,-2.65,1319.71,-15.4,corridor,6.60,clear,6.898,8.051,0.00,16.09,world
1767.55,2026-08-29 04:04:07,-1.63,-2.26,1321.91,-15.4,corridor,6.62,clear,6.540,6.510,0.00,17.52,world
1768.05,2026-08-29 04:04:07,-2.29,-4.08,1324.31,-15.4,corridor,6.64,clear,6.540,6.510,0.00,19.28,world
1768.55,2026-08-29 04:04:08,7.96,-2.41,1317.13,-15.7,corridor,6.66,clear,8.080,6.208,0.00,6.80,world
1769.05,2026-08-29 04:04:08,8.45,-2.90,1318.63,74.3,corridor,6.68,clear,8.080,6.208,0.00,7.23,world
1769.55,2026-08-29 04:04:09,10.85,-2.90,1319.30,74.3,corridor,6.70,clear,7.561,6.878,0.00,6.16,world
1770.05,2026-08-29 04:04:09,10.74,-2.90,1321.39,-15.9,corridor,6.72,clear,7.561,6.878,0.00,8.07,world
1770.55,2026-08-29 04:04:10,10.05,-5.07,1324.07,-15.9,corridor,6.74,clear,6.713,7.649,0.00,10.82,world
1771.05,2026-08-29 04:04:10,7.82,-2.90,1317.63,-15.7,corridor,6.76,clear,6.713,7.649,0.00,7.16,world
1771.55,2026-08-29 04:04:11,9.25,-2.90,1318.85,74.3,corridor,6.78,clear,6.803,6.963,0.00,6.79,world
1772.05,2026-08-29 04:04:11,11.66,-2.90,1319.53,74.3,corridor,6.80,clear,6.803,6.963,0.00,6.00,world
1772.55,2026-08-29 04:04:12,13.09,-2.89,1320.74,-15.9,corridor,6.82,clear,6.926,7.156,0.00,6.80,world
1773.05,2026-08-29 04:04:12,12.40,-3.72,1323.15,-15.9,corridor,6.84,clear,6.926,7.156,0.00,9.29,world
1773.55,2026-08-29 04:04:13,7.98,-2.23,1317.09,-15.7,corridor,6.86,clear,6.234,7.054,0.00,6.77,world
1774.05,2026-08-29 04:04:13,8.29,-2.90,1318.58,74.3,corridor,6.88,clear,6.234,7.054,0.00,7.32,world
1774.55,2026-08-29 04:04:14,10.69,-2.90,1319.26,74.3,corridor,6.90,clear,7.021,6.431,0.00,6.21,world
1775.05,2026-08-29 04:04:14,13.10,-2.90,1319.93,74.3,corridor,6.92,clear,7.021,6.431,0.00,6.00,world
1775.55,2026-08-29 04:04:15,15.11,-2.69,1320.71,0.8,corridor,6.94,clear,6.317,7.133,0.00,6.80,world
1776.05,2026-08-29 04:04:15,14.45,-3.43,1323.08,-16.0,corridor,6.96,clear,6.317,7.133,0.00,9.09,world
1776.55,2026-08-29 04:04:16,7.99,-2.09,1317.05,-15.7,corridor,6.98,clear,8.794,11.535,0.00,6.74,world
1777.05,2026-08-29 04:04:16,7.09,-2.90,1318.25,-105.7,corridor,7.00,clear,8.794,11.535,0.00,8.11,world
1777.55,2026-08-29 04:04:17,4.68,-2.90,1317.57,-105.7,corridor,7.02,clear,8.026,8.182,0.00,9.98,world
1778.05,2026-08-29 04:04:17,3.45,-2.90,1319.00,-15.5,corridor,7.04,clear,8.026,8.182,0.00,11.68,world
1778.55,2026-08-29 04:04:18,2.78,-2.90,1321.41,-15.5,corridor,7.06,clear,5.827,7.180,0.00,13.45,world
1779.05,2026-08-29 04:04:18,2.10,-4.60,1323.85,-15.5,corridor,7.08,clear,5.827,7.180,0.00,15.45,world
1779.55,2026-08-29 04:04:19,7.99,-2.09,1317.05,-15.7,corridor,7.10,clear,6.842,6.180,0.00,6.74,world
1780.05,2026-08-29 04:04:19,7.09,-2.90,1318.25,-105.7,corridor,7.12,clear,6.842,6.180,0.00,8.11,world
1780.55,2026-08-29 04:04:20,4.69,-2.90,1317.57,-105.7,corridor,7.14,clear,7.608,7.748,0.00,9.98,world
1781.05,2026-08-29 04:04:20,2.28,-2.90,1316.90,-105.7,corridor,7.16,clear,7.608,7.748,0.00,12.07,world
1781.55,2026-08-29 04:04:21,1.33,-2.89,1318.84,-15.4,corridor,7.18,clear,7.227,7.815,0.00,13.56,world
1782.05,2026-08-29 04:04:21,0.68,-2.79,1321.20,-15.4,corridor,7.20,clear,7.227,7.815,0.00,15.14,world
1782.55,2026-08-29 04:04:22,0.04,-3.92,1323.56,-15.4,corridor,7.22,clear,6.267,5.909,0.00,16.92,world
1783.05,2026-08-29 04:04:22,8.00,-1.90,1317.00,-15.4,corridor,7.24,clear,6.267,5.909,0.00,6.71,world
1783.55,2026-08-29 04:04:23,7.51,-2.90,1318.28,-68.2,corridor,7.26,clear,8.119,6.153,0.00,7.77,world
1784.05,2026-08-29 04:04:23,5.17,-2.90,1317.71,-105.7,corridor,7.28,clear,8.119,6.153,0.00,9.58,world
1784.55,2026-08-29 04:04:24,2.76,-2.90,1317.03,-105.7,corridor,7.30,clear,8.586,7.674,0.00,11.64,world
1785.05,2026-08-29 04:04:24,0.36,-2.88,1316.36,-105.7,corridor,7.32,clear,8.586,7.674,0.00,13.84,world
1785.55,2026-08-29 04:04:25,-0.62,-2.79,1318.17,-15.4,corridor,7.34,clear,7.121,6.849,0.00,15.20,world
1786.05,2026-08-29 04:04:25,-1.24,-2.54,1320.46,-15.4,corridor,7.36,clear,7.121,6.849,0.00,16.56,world
1786.55,2026-08-29 04:04:26,-1.85,-2.73,1322.71,-15.4,corridor,7.38,clear,7.263,6.005,0.00,18.08,world
1787.05,2026-08-29 04:04:26,-2.51,-5.24,1325.12,-15.4,corridor,7.40,clear,7.263,6.005,0.00,19.91,world
1787.55,2026-08-29 04:04:27,7.82,-2.90,1317.63,-15.7,corridor,7.42,clear,8.661,6.841,0.00,7.16,world
1788.05,2026-08-29 04:04:27,9.25,-2.90,1318.85,74.3,corridor,7.44,clear,8.661,6.841,0.00,6.79,world
1788.55,2026-08-29 04:04:28,11.20,-2.90,1319.78,-15.9,corridor,7.46,clear,10.924,26.957,0.00,6.43,world
1789.05,2026-08-29 04:04:28,10.52,-2.95,1322.19,-15.9,corridor,7.48,clear,10.924,26.957,0.00,8.90,world
1789.55,2026-08-29 04:04:29,8.00,-1.90,1317.00,-15.9,corridor,7.50,clear,7.304,7.196,0.00,6.71,world
1790.05,2026-08-29 04:04:29,7.75,-2.90,1318.34,36.8,corridor,7.52,clear,7.304,7.196,0.00,7.61,world
1790.55,2026-08-29 04:04:30,10.05,-2.90,1319.08,74.3,corridor,7.54,clear,10.405,9.236,0.00,6.43,world
1791.05,2026-08-29 04:04:30,12.46,-2.90,1319.75,74.3,corridor,7.56,clear,10.405,9.236,0.00,5.95,world
1791.55,2026-08-29 04:04:31,12.86,-2.89,1321.54,-15.9,corridor,7.58,clear,6.881,7.493,0.00,7.63,world
1792.05,2026-08-29 04:04:31,12.16,-4.92,1324.01,-15.9,corridor,7.60,clear,6.881,7.493,0.00,10.18,world
1792.55,2026-08-29 04:04:32,7.87,-2.90,1317.46,-15.7,corridor,7.62,clear,6.841,7.794,0.00,7.04,world
1793.05,2026-08-29 04:04:32,9.09,-2.90,1318.81,74.3,corridor,7.64,clear,6.841,7.794,0.00,6.87,world
1793.55,2026-08-29 04:04:33,11.50,-2.90,1319.48,74.3,corridor,7.66,clear,7.367,7.564,0.00,6.03,world
1794.05,2026-08-29 04:04:33,13.90,-2.90,1320.16,74.3,corridor,7.68,clear,7.367,7.564,0.00,6.16,world
1794.55,2026-08-29 04:04:34,14.92,-2.66,1321.46,-16.0,corridor,7.70,clear,9.936,9.171,0.00,7.52,world
1795.05,2026-08-29 04:04:34,14.20,-4.45,1323.92,-16.0,corridor,7.72,clear,9.936,9.171,0.00,9.93,world
1795.55,2026-08-29 04:04:35,7.91,-2.90,1317.34,-15.7,corridor,7.74,clear,8.316,8.001,0.00,6.95,world
1796.05,2026-08-29 04:04:35,6.29,-2.90,1318.02,-105.7,corridor,7.76,clear,8.316,8.001,0.00,8.70,world
1796.55,2026-08-29 04:04:36,3.96,-2.90,1317.50,-53.2,corridor,7.78,clear,10.189,7.957,0.00,10.64,world
1797.05,2026-08-29 04:04:36,3.22,-2.90,1319.81,-15.5,corridor,7.80,clear,10.189,7.957,0.00,12.24,world
1797.55,2026-08-29 04:04:37,2.55,-2.96,1322.22,-15.5,corridor,7.82,clear,8.226,8.079,0.00,14.09,world
1798.05,2026-08-29 04:04:37,1.88,-5.25,1324.65,-15.5,corridor,7.84,clear,8.226,8.079,0.00,16.14,world
1798.55,2026-08-29 04:04:38,7.91,-2.90,1317.34,-15.7,corridor,7.86,clear,13.495,7.010,0.00,6.95,world
1799.05,2026-08-29 04:04:38,6.29,-2.90,1318.02,-105.7,corridor,7.88,clear,13.495,7.010,0.00,8.70,world
1799.55,2026-08-29 04:04:39,3.88,-2.90,1317.35,-105.7,corridor,7.90,clear,10.898,8.177,0.00,10.66,world
1800.05,2026-08-29 04:04:39,1.78,-2.90,1317.24,-15.4,corridor,7.92,clear,10.898,8.177,0.00,12.64,world
1800.55,2026-08-29 04:04:40,1.11,-2.87,1319.64,-15.4,corridor,7.94,clear,8.092,8.071,0.00,14.07,world
1801.05,2026-08-29 04:04:40,0.48,-2.68,1321.95,-15.4,corridor,7.96,clear,8.092,8.071,0.00,15.69,world
1801.55,2026-08-29 04:04:41,-0.18,-4.59,1324.36,-15.4,corridor,7.98,clear,27.294,6.962,0.00,17.56,world
1802.05,2026-08-29 04:04:41,7.96,-2.41,1317.13,-15.7,corridor,8.00,clear,27.294,6.962,0.00,6.80,world
1802.55,2026-08-29 04:04:42,6.77,-2.90,1318.16,-105.7,corridor,8.02,clear,9.160,8.240,0.00,8.34,world
1803.05,2026-08-29 04:04:42,4.36,-2.90,1317.48,-105.7,corridor,8.04,clear,9.160,8.240,0.00,10.25,world
1803.55,2026-08-29 04:04:43,1.96,-2.90,1316.81,-105.7,corridor,8.06,clear,9.530,8.204,0.00,12.37,world
1804.05,2026-08-29 04:04:43,-0.19,-2.86,1316.59,-15.4,corridor,8.08,clear,9.530,8.204,0.00,14.42,world
1804.55,2026-08-29 04:04:44,-0.83,-2.73,1318.95,-15.4,corridor,8.10,clear,8.977,7.876,0.00,15.63,world
1805.05,2026-08-29 04:04:44,-1.44,-2.41,1321.19,-15.4,corridor,8.12,clear,8.977,7.876,0.00,17.03,world
1805.57,2026-08-29 04:04:45,-2.09,-3.51,1323.58,-15.4,corridor,8.14,clear,8.314,7.206,0.00,18.73,world
1806.07,2026-08-29 04:04:45,8.00,-1.91,1317.00,-15.9,corridor,8.16,clear,8.314,7.206,0.00,6.71,world
1806.57,2026-08-29 04:04:46,7.45,-2.90,1318.29,-78.9,corridor,8.18,clear,9.091,8.231,0.00,7.83,world
1807.07,2026-08-29 04:04:46,5.08,-2.90,1317.68,-105.9,corridor,8.20,clear,9.091,8.231,0.00,9.64,world
1807.57,2026-08-29 04:04:47,3.55,-2.90,1318.59,-15.6,corridor,8.22,clear,9.852,7.912,0.00,11.41,world
1808.07,2026-08-29 04:04:47,2.88,-2.90,1321.00,-15.6,corridor,8.24,clear,9.852,7.912,0.00,13.14,world
1808.57,2026-08-29 04:04:48,2.20,-4.18,1323.43,-15.6,corridor,8.26,clear,7.967,7.612,0.00,15.10,world
1809.07,2026-08-29 04:04:48,8.00,-1.91,1317.00,-15.9,corridor,8.28,clear,7.967,7.612,0.00,6.71,world
1809.57,2026-08-29 04:04:49,7.45,-2.90,1318.29,-78.9,corridor,8.30,clear,6.447,6.912,0.00,7.83,world
1810.07,2026-08-29 04:04:49,5.08,-2.90,1317.68,-105.9,corridor,8.32,clear,6.447,6.912,0.00,9.64,world
1810.57,2026-08-29 04:04:50,2.68,-2.90,1316.99,-105.9,corridor,8.34,clear,9.694,7.436,0.00,11.71,world
1811.07,2026-08-29 04:04:50,1.44,-2.89,1318.42,-15.5,corridor,8.36,clear,9.694,7.436,0.00,13.31,world
1811.57,2026-08-29 04:04:51,0.78,-2.84,1320.81,-15.5,corridor,8.38,clear,8.419,7.933,0.00,14.87,world
1812.07,2026-08-29 04:04:51,0.14,-3.55,1323.14,-15.5,corridor,8.40,clear,8.419,7.933,0.00,16.60,world
1812.57,2026-08-29 04:04:52,-0.53,-6.24,1325.55,-15.5,corridor,8.42,clear,9.667,6.843,0.00,18.56,world
1813.07,2026-08-29 04:04:52,7.71,-2.90,1318.03,-15.9,corridor,8.44,clear,9.667,6.843,0.00,7.47,world
1813.57,2026-08-29 04:04:53,5.57,-2.90,1317.81,-105.9,corridor,8.46,clear,9.864,8.157,0.00,9.26,world
1814.07,2026-08-29 04:04:53,3.16,-2.90,1317.13,-105.9,corridor,8.48,clear,9.864,8.157,0.00,11.28,world
1814.57,2026-08-29 04:04:54,0.76,-2.89,1316.45,-105.9,corridor,8.50,clear,9.617,8.024,0.00,13.46,world
1815.07,2026-08-29 04:04:54,-0.51,-2.81,1317.75,-15.4,corridor,8.52,clear,9.617,8.024,0.00,14.99,world
1815.57,2026-08-29 04:04:55,-1.14,-2.60,1320.06,-15.4,corridor,8.54,clear,9.594,8.076,0.00,16.31,world
1816.07,2026-08-29 04:04:55,-1.74,-2.34,1322.28,-15.4,corridor,8.56,clear,9.594,8.076,0.00,17.79,world
1816.57,2026-08-29 04:04:56,-2.41,-4.51,1324.69,-15.4,corridor,8.58,clear,8.870,6.989,0.00,19.58,world
1817.07,2026-08-29 04:04:56,7.92,-2.90,1317.29,-15.9,corridor,8.60,clear,8.870,6.989,0.00,6.91,world
1817.57,2026-08-29 04:04:57,8.84,-2.90,1318.74,74.1,corridor,8.62,clear,11.198,8.050,0.00,7.01,world
1818.07,2026-08-29 04:04:57,11.15,-2.90,1319.48,32.1,corridor,8.64,clear,11.198,8.050,0.00,6.18,world
1818.57,2026-08-29 04:04:58,10.61,-2.90,1321.79,-16.1,corridor,8.66,clear,9.027,8.196,0.00,8.50,world
1819.07,2026-08-29 04:04:58,9.91,-6.15,1324.60,-16.1,corridor,8.68,clear,9.027,8.196,0.00,11.37,world
1819.57,2026-08-29 04:04:59,7.71,-2.90,1318.03,-15.9,corridor,8.70,clear,7.971,7.705,0.00,7.47,world
1820.07,2026-08-29 04:04:59,9.64,-2.90,1318.97,74.1,corridor,8.72,clear,7.971,7.705,0.00,6.61,world
1820.57,2026-08-29 04:05:00,12.05,-2.90,1319.65,74.1,corridor,8.74,clear,11.761,10.245,0.00,5.98,world
1821.07,2026-08-29 04:05:00,12.96,-2.89,1321.16,-16.2,corridor,8.76,clear,11.761,10.245,0.00,7.23,world
1821.57,2026-08-29 04:05:01,12.26,-4.24,1323.56,-16.2,corridor,8.78,clear,8.133,9.778,0.00,9.72,world
1822.07,2026-08-29 04:05:01,7.94,-2.75,1317.22,-15.9,corridor,8.80,clear,8.133,9.778,0.00,6.86,world
1822.57,2026-08-29 04:05:02,8.68,-2.90,1318.70,74.1,corridor,8.82,clear,10.215,7.621,0.00,7.09,world
1823.07,2026-08-29 04:05:02,11.09,-2.90,1319.38,74.1,corridor,8.84,clear,10.215,7.621,0.00,6.12,world
1823.57,2026-08-29 04:05:03,13.49,-2.90,1320.06,74.1,corridor,8.86,clear,8.446,7.933,0.00,6.08,world
1824.07,2026-08-29 04:05:03,15.02,-2.63,1321.08,-16.3,corridor,8.88,clear,8.446,7.933,0.00,7.15,world
1824.57,2026-08-29 04:05:04,14.31,-3.86,1323.50,-16.3,corridor,8.90,clear,7.413,7.791,0.00,9.50,world
1825.07,2026-08-29 04:05:04,7.95,-2.52,1317.16,-15.9,corridor,8.92,clear,7.413,7.791,0.00,6.82,world
1825.57,2026-08-29 04:05:05,6.69,-2.90,1318.13,-105.9,corridor,8.94,clear,7.818,6.681,0.00,8.40,world
1826.07,2026-08-29 04:05:05,4.28,-2.90,1317.45,-105.9,corridor,8.96,clear,7.818,6.681,0.00,10.31,world
1826.57,2026-08-29 04:05:06,3.33,-2.90,1319.39,-15.6,corridor,8.98,clear,7.264,7.357,0.00,11.95,world
1827.07,2026-08-29 04:05:06,2.66,-2.89,1321.80,-15.6,corridor,9.00,clear,7.264,7.357,0.00,13.77,world
1827.57,2026-08-29 04:05:07,1.98,-4.96,1324.23,-15.6,corridor,9.02,clear,8.446,9.025,0.00,15.79,world
1828.07,2026-08-29 04:05:07,7.95,-2.52,1317.16,-15.9,corridor,9.04,clear,8.446,9.025,0.00,6.82,world
1828.57,2026-08-29 04:05:08,6.69,-2.90,1318.13,-105.9,corridor,9.06,clear,10.132,7.682,0.00,8.40,world
1829.07,2026-08-29 04:05:08,4.28,-2.90,1317.45,-105.9,corridor,9.08,clear,10.132,7.682,0.00,10.31,world
1829.57,2026-08-29 04:05:09,1.95,-2.90,1316.92,-53.3,corridor,9.10,clear,9.073,7.639,0.00,12.40,world
1830.07,2026-08-29 04:05:09,1.22,-2.89,1319.22,-15.5,corridor,9.12,clear,9.073,7.639,0.00,13.81,world
1830.57,2026-08-29 04:05:10,0.58,-2.73,1321.56,-15.5,corridor,9.14,clear,6.227,6.661,0.00,15.41,world
1831.07,2026-08-29 04:05:10,-0.08,-4.25,1323.94,-15.5,corridor,9.16,clear,6.227,6.661,0.00,17.24,world
1831.57,2026-08-29 04:05:11,7.99,-2.03,1317.04,-15.9,corridor,9.18,clear,6.676,6.035,0.00,6.73,world
1832.07,2026-08-29 04:05:11,7.17,-2.90,1318.27,-105.9,corridor,9.20,clear,6.676,6.035,0.00,8.05,world
1832.57,2026-08-29 04:05:12,4.76,-2.90,1317.59,-105.9,corridor,9.22,clear,8.903,7.474,0.00,9.91,world
1833.07,2026-08-29 04:05:12,2.36,-2.90,1316.90,-105.9,corridor,9.24,clear,8.903,7.474,0.00,12.00,world
1833.57,2026-08-29 04:05:13,0.01,-2.88,1316.33,-63.8,corridor,9.26,clear,8.203,7.929,0.00,14.18,world
1834.07,2026-08-29 04:05:13,-0.73,-2.76,1318.53,-15.4,corridor,9.28,clear,8.203,7.929,0.00,15.41,world
1834.57,2026-08-29 04:05:14,-1.34,-2.48,1320.80,-15.4,corridor,9.30,clear,6.571,6.590,0.00,16.78,world
1835.07,2026-08-29 04:05:14,-1.96,-3.06,1323.08,-15.4,corridor,9.32,clear,6.571,6.590,0.00,18.37,world
1835.57,2026-08-29 04:05:15,-2.63,-6.16,1325.49,-15.4,corridor,9.34,clear,8.282,6.350,0.00,20.21,world
1836.07,2026-08-29 04:05:15,7.71,-2.90,1318.03,-15.9,corridor,9.36,clear,8.282,6.350,0.00,7.47,world
1836.57,2026-08-29 04:05:16,9.64,-2.90,1318.97,74.1,corridor,9.38,clear,8.397,7.530,0.00,6.61,world
1837.07,2026-08-29 04:05:16,11.08,-2.90,1320.19,-16.1,corridor,9.40,clear,8.397,7.530,0.00,6.85,world
1837.57,2026-08-29 04:05:17,10.38,-3.20,1322.60,-16.1,corridor,9.42,clear,7.703,7.554,0.00,9.33,world
1838.07,2026-08-29 04:05:17,7.99,-2.03,1317.04,-15.9,corridor,9.44,clear,7.703,7.554,0.00,6.73,world
1838.57,2026-08-29 04:05:18,8.04,-2.90,1318.51,74.1,corridor,9.46,clear,8.304,8.211,0.00,7.48,world
1839.07,2026-08-29 04:05:18,10.45,-2.90,1319.20,74.1,corridor,9.48,clear,8.304,8.211,0.00,6.30,world
1839.57,2026-08-29 04:05:19,12.85,-2.90,1319.88,74.1,corridor,9.50,clear,7.389,7.288,0.00,5.99,world
1840.07,2026-08-29 04:05:19,12.73,-2.89,1321.96,-16.2,corridor,9.52,clear,7.389,7.288,0.00,8.06,world
1840.57,2026-08-29 04:05:20,12.00,-5.81,1324.56,-16.2,corridor,9.54,clear,7.893,8.507,0.00,10.75,world
1841.07,2026-08-29 04:05:20,7.75,-2.90,1317.86,-15.9,corridor,9.56,clear,7.893,8.507,0.00,7.35,world
1841.57,2026-08-29 04:05:21,9.48,-2.90,1318.92,74.1,corridor,9.58,clear,7.885,7.328,0.00,6.68,world
1842.07,2026-08-29 04:05:21,11.89,-2.90,1319.60,74.1,corridor,9.60,clear,7.885,7.328,0.00,5.99,world
1842.57,2026-08-29 04:05:22,14.25,-2.83,1320.27,74.1,corridor,9.62,clear,7.341,7.614,0.00,6.28,world
1843.07,2026-08-29 04:05:22,14.78,-2.69,1321.89,-16.3,corridor,9.64,clear,7.341,7.614,0.00,7.93,world
1843.57,2026-08-29 04:05:23,13.99,-5.21,1324.49,-16.3,corridor,9.66,clear,5.961,8.566,0.00,10.49,world
1844.07,2026-08-29 04:05:23,7.80,-2.90,1317.70,-15.9,corridor,9.68,clear,5.961,8.566,0.00,7.22,world
1844.57,2026-08-29 04:05:24,5.89,-2.90,1317.90,-105.9,corridor,9.70,clear,7.988,7.695,0.00,9.00,world
1845.07,2026-08-29 04:05:24,3.78,-2.90,1317.79,-15.6,corridor,9.72,clear,7.988,7.695,0.00,10.90,world
1845.57,2026-08-29 04:05:25,3.11,-2.90,1320.19,-15.6,corridor,9.74,clear,7.154,7.666,0.00,12.53,world
1846.07,2026-08-29 04:05:25,2.43,-3.20,1322.60,-15.6,corridor,9.76,clear,7.154,7.666,0.00,14.42,world
1846.57,2026-08-29 04:05:26,1.75,-5.73,1325.03,-15.6,corridor,9.78,clear,11.071,6.740,0.00,16.48,world
1847.07,2026-08-29 04:05:26,7.80,-2.90,1317.70,-15.9,corridor,9.80,clear,11.071,6.740,0.00,7.22,world
1847.57,2026-08-29 04:05:27,5.89,-2.90,1317.90,-105.9,corridor,9.82,clear,7.492,7.271,0.00,9.00,world
1848.07,2026-08-29 04:05:27,3.48,-2.90,1317.22,-105.9,corridor,9.84,clear,7.492,7.271,0.00,11.00,world
1848.57,2026-08-29 04:05:28,1.67,-2.90,1317.62,-15.5,corridor,9.86,clear,7.303,7.740,0.00,12.85,world
1849.07,2026-08-29 04:05:28,1.00,-2.86,1320.01,-15.5,corridor,9.88,clear,7.303,7.740,0.00,14.32,world
1849.57,2026-08-29 04:05:29,0.36,-2.83,1322.33,-15.5,corridor,9.90,clear,8.121,7.842,0.00,15.98,world
1850.07,2026-08-29 04:05:29,-0.31,-4.88,1324.74,-15.5,corridor,9.92,clear,8.121,7.842,0.00,17.89,world
1850.57,2026-08-29 04:05:30,7.92,-2.90,1317.29,-15.9,corridor,9.94,clear,8.057,6.808,0.00,6.91,world
1851.07,2026-08-29 04:05:30,6.37,-2.90,1318.04,-105.9,corridor,9.96,clear,8.057,6.808,0.00,8.64,world
1851.57,2026-08-29 04:05:31,3.96,-2.90,1317.36,-105.9,corridor,9.98,clear,7.923,7.361,0.00,10.58,world
1852.07,2026-08-29 04:05:31,1.56,-2.90,1316.68,-105.9,corridor,10.00,clear,7.923,7.361,0.00,12.73,world
1852.57,2026-08-29 04:05:32,-0.30,-2.84,1316.96,-15.4,corridor,10.02,clear,8.669,7.618,0.00,14.60,world
1853.07,2026-08-29 04:05:32,-0.94,-2.70,1319.31,-15.4,corridor,10.04,clear,8.669,7.618,0.00,15.85,world
1853.57,2026-08-29 04:05:33,-1.54,-2.34,1321.53,-15.4,corridor,10.06,clear,6.963,6.688,0.00,17.27,world
1854.07,2026-08-29 04:05:33,-2.19,-3.78,1323.88,-15.4,corridor,10.08,clear,6.963,6.688,0.00,18.96,world
1854.57,2026-08-29 04:05:34,7.99,-2.03,1317.04,-15.9,corridor,10.10,clear,8.324,6.216,0.00,6.73,world
1855.07,2026-08-29 04:05:34,8.04,-2.90,1318.51,74.1,corridor,10.12,clear,8.324,6.216,0.00,7.48,world
1855.57,2026-08-29 04:05:35,10.45,-2.90,1319.20,74.1,corridor,10.14,clear,9.590,7.206,0.00,6.30,world
1856.07,2026-08-29 04:05:35,10.84,-2.90,1320.99,-16.1,corridor,10.16,clear,9.590,7.206,0.00,7.67,world
1856.57,2026-08-29 04:05:36,10.15,-4.33,1323.43,-16.1,corridor,10.18,clear,6.441,7.723,0.00,10.19,world
1857.07,2026-08-29 04:05:36,7.92,-2.90,1317.29,-15.9,corridor,10.20,clear,6.441,7.723,0.00,6.91,world
1857.57,2026-08-29 04:05:37,8.84,-2.90,1318.74,74.1,corridor,10.22,clear,7.745,9.373,0.00,7.01,world
1858.07,2026-08-29 04:05:37,11.25,-2.90,1319.42,74.1,corridor,10.24,clear,7.745,9.373,0.00,6.08,world
1858.57,2026-08-29 04:05:38,13.19,-2.90,1320.36,-16.2,corridor,10.26,clear,8.322,7.698,0.00,6.41,world
1859.07,2026-08-29 04:05:38,12.50,-3.47,1322.76,-16.2,corridor,10.28,clear,8.322,7.698,0.00,8.89,world
1859.57,2026-08-29 04:05:39,8.00,-1.95,1317.01,-15.9,corridor,10.30,clear,7.479,7.308,0.00,6.72,world
1860.07,2026-08-29 04:05:39,7.89,-2.90,1318.46,68.2,corridor,10.32,clear,7.479,7.308,0.00,7.56,world
1860.57,2026-08-29 04:05:40,10.29,-2.90,1319.15,74.1,corridor,10.34,clear,6.822,7.067,0.00,6.35,world
1861.07,2026-08-29 04:05:40,12.69,-2.90,1319.83,74.1,corridor,10.36,clear,6.822,7.067,0.00,5.98,world
1861.57,2026-08-29 04:05:41,14.97,-2.73,1320.50,53.1,corridor,10.38,clear,9.361,8.613,0.00,6.57,world
1862.07,2026-08-29 04:05:41,14.54,-3.18,1322.70,-16.3,corridor,10.40,clear,9.361,8.613,0.00,8.71,world
1862.57,2026-08-29 04:05:42,8.00,-1.91,1317.00,-16.3,corridor,10.42,clear,6.901,8.580,0.00,6.71,world
1863.07,2026-08-29 04:05:42,7.45,-2.90,1318.29,-78.9,corridor,10.44,clear,6.901,8.580,0.00,7.83,world
1863.57,2026-08-29 04:05:43,5.08,-2.90,1317.68,-105.9,corridor,10.46,clear,7.144,6.561,0.00,9.64,world
1864.07,2026-08-29 04:05:43,3.55,-2.90,1318.59,-15.6,corridor,10.48,clear,7.144,6.561,0.00,11.41,world
1864.57,2026-08-29 04:05:44,2.88,-2.90,1321.00,-15.6,corridor,10.50,clear,7.014,7.210,0.00,13.14,world
1865.07,2026-08-29 04:05:44,2.20,-4.18,1323.43,-15.6,corridor,10.52,clear,7.014,7.210,0.00,15.10,world
1865.57,2026-08-29 04:05:45,8.00,-1.91,1317.00,-15.9,corridor,10.54,clear,6.232,6.546,0.00,6.71,world
1866.07,2026-08-29 04:05:45,7.45,-2.90,1318.29,-78.9,corridor,10.56,clear,6.232,6.546,0.00,7.83,world
1866.57,2026-08-29 04:05:46,5.08,-2.90,1317.68,-105.9,corridor,10.58,clear,9.766,7.552,0.00,9.64,world
1867.07,2026-08-29 04:05:46,2.68,-2.90,1316.99,-105.9,corridor,10.60,clear,9.766,7.552,0.00,11.71,world
1867.57,2026-08-29 04:05:47,1.44,-2.89,1318.42,-15.5,corridor,10.62,clear,7.055,7.721,0.00,13.31,world
1868.07,2026-08-29 04:05:47,0.78,-2.84,1320.81,-15.5,corridor,10.64,clear,7.055,7.721,0.00,14.87,world
1868.57,2026-08-29 04:05:48,0.14,-3.55,1323.14,-15.5,corridor,10.66,clear,7.312,6.353,0.00,16.60,world
1869.07,2026-08-29 04:05:48,-0.53,-6.24,1325.55,-15.5,corridor,10.68,clear,7.312,6.353,0.00,18.56,world
1869.57,2026-08-29 04:05:49,7.71,-2.90,1318.03,-15.9,corridor,10.70,clear,7.059,5.642,0.00,7.47,world
1870.07,2026-08-29 04:05:49,5.57,-2.90,1317.81,-105.9,corridor,10.72,clear,7.059,5.642,0.00,9.26,world
1870.57,2026-08-29 04:05:50,3.16,-2.90,1317.13,-105.9,corridor,10.74,clear,8.562,7.005,0.00,11.28,world
1871.07,2026-08-29 04:05:50,0.76,-2.89,1316.45,-105.9,corridor,10.76,clear,8.562,7.005,0.00,13.46,world
1871.57,2026-08-29 04:05:51,-0.51,-2.81,1317.75,-15.4,corridor,10.78,clear,6.028,7.566,0.00,14.99,world
1872.07,2026-08-29 04:05:51,-1.14,-2.60,1320.06,-15.4,corridor,10.80,clear,6.028,7.566,0.00,16.31,world
1872.57,2026-08-29 04:05:52,-1.74,-2.34,1322.28,-15.4,corridor,10.82,clear,6.684,6.184,0.00,17.79,world
1873.07,2026-08-29 04:05:52,-2.41,-4.51,1324.69,-15.4,corridor,10.84,clear,6.684,6.184,0.00,19.58,world
1873.57,2026-08-29 04:05:53,7.92,-2.90,1317.29,-15.9,corridor,10.86,clear,6.728,5.860,0.00,6.91,world
1874.07,2026-08-29 04:05:53,8.84,-2.90,1318.74,74.1,corridor,10.88,clear,6.728,5.860,0.00,7.01,world
1874.57,2026-08-29 04:05:54,11.15,-2.90,1319.48,32.1,corridor,10.90,clear,8.095,6.957,0.00,6.18,world
1875.07,2026-08-29 04:05:54,10.61,-2.90,1321.79,-16.1,corridor,10.92,clear,8.095,6.957,0.00,8.50,world
1875.57,2026-08-29 04:05:55,9.91,-6.15,1324.60,-16.1,corridor,10.94,clear,9.762,6.785,0.00,11.37,world
1876.07,2026-08-29 04:05:55,7.71,-2.90,1318.03,-15.9,corridor,10.96,clear,9.762,6.785,0.00,7.47,world
1876.57,2026-08-29 04:05:56,9.64,-2.90,1318.97,74.1,corridor,10.98,clear,7.971,7.411,0.00,6.61,world
1877.07,2026-08-29 04:05:56,12.05,-2.90,1319.65,74.1,corridor,11.00,clear,7.971,7.411,0.00,5.98,world
1877.57,2026-08-29 04:05:57,12.96,-2.89,1321.16,-16.2,corridor,11.02,clear,6.288,7.518,0.00,7.23,world
1878.07,2026-08-29 04:05:57,12.26,-4.24,1323.56,-16.2,corridor,11.04,clear,6.288,7.518,0.00,9.72,world
1878.57,2026-08-29 04:05:58,7.94,-2.75,1317.22,-15.9,corridor,11.06,clear,9.613,7.670,0.00,6.86,world
1879.07,2026-08-29 04:05:58,8.68,-2.90,1318.70,74.1,corridor,11.08,clear,9.613,7.670,0.00,7.09,world
1879.57,2026-08-29 04:05:59,11.09,-2.90,1319.38,74.1,corridor,11.10,clear,7.682,7.393,0.00,6.12,world
1880.07,2026-08-29 04:05:59,13.49,-2.90,1320.06,74.1,corridor,11.12,clear,7.682,7.393,0.00,6.08,world
1880.57,2026-08-29 04:06:00,15.02,-2.63,1321.08,-16.3,corridor,11.14,clear,7.359,8.853,0.00,7.15,world
1881.07,2026-08-29 04:06:00,14.31,-3.86,1323.50,-16.3,corridor,11.16,clear,7.359,8.853,0.00,9.50,world
1881.57,2026-08-29 04:06:01,7.95,-2.52,1317.16,-15.9,corridor,11.18,clear,9.397,8.259,0.00,6.82,world
1882.07,2026-08-29 04:06:01,6.69,-2.90,1318.13,-105.9,corridor,11.20,clear,9.397,8.259,0.00,8.40,world
1882.57,2026-08-29 04:06:02,4.28,-2.90,1317.45,-105.9,corridor,11.22,clear,9.244,7.909,0.00,10.31,world
1883.07,2026-08-29 04:06:02,3.33,-2.90,1319.39,-15.6,corridor,11.24,clear,9.244,7.909,0.00,11.95,world
1883.57,2026-08-29 04:06:03,2.66,-2.89,1321.80,-15.6,corridor,11.26,clear,9.852,9.601,0.00,13.77,world
1884.07,2026-08-29 04:06:03,1.98,-4.96,1324.23,-15.6,corridor,11.28,clear,9.852,9.601,0.00,15.79,world
1884.57,2026-08-29 04:06:04,7.95,-2.52,1317.16,-15.9,corridor,11.30,clear,6.565,6.394,0.00,6.82,world
1885.07,2026-08-29 04:06:04,6.69,-2.90,1318.13,-105.9,corridor,11.32,clear,6.565,6.394,0.00,8.40,world
1885.57,2026-08-29 04:06:05,4.28,-2.90,1317.45,-105.9,corridor,11.34,clear,9.368,7.266,0.00,10.31,world
1886.07,2026-08-29 04:06:05,1.95,-2.90,1316.92,-53.3,corridor,11.36,clear,9.368,7.266,0.00,12.40,world
1886.57,2026-08-29 04:06:06,1.22,-2.89,1319.22,-15.5,corridor,11.38,clear,6.607,7.059,0.00,13.81,world
1887.07,2026-08-29 04:06:06,0.58,-2.73,1321.56,-15.5,corridor,11.40,clear,6.607,7.059,0.00,15.41,world
1887.57,2026-08-29 04:06:07,-0.08,-4.25,1323.94,-15.5,corridor,11.42,clear,11.391,8.529,0.00,17.24,world
1888.07,2026-08-29 04:06:07,7.99,-2.03,1317.04,-15.9,corridor,11.44,clear,11.391,8.529,0.00,6.73,world
1888.57,2026-08-29 04:06:08,7.17,-2.90,1318.27,-105.9,corridor,11.46,clear,10.601,6.978,0.00,8.05,world
1889.07,2026-08-29 04:06:08,4.76,-2.90,1317.59,-105.9,corridor,11.48,clear,10.601,6.978,0.00,9.91,world
1889.57,2026-08-29 04:06:09,2.36,-2.90,1316.90,-105.9,corridor,11.50,clear,6.284,7.504,0.00,12.00,world
1890.07,2026-08-29 04:06:09,0.01,-2.88,1316.33,-63.8,corridor,11.52,clear,6.284,7.504,0.00,14.18,world
1890.57,2026-08-29 04:06:10,-0.73,-2.76,1318.53,-15.4,corridor,11.54,clear,7.972,7.385,0.00,15.41,world
1891.07,2026-08-29 04:06:10,-1.34,-2.48,1320.80,-15.4,corridor,11.56,clear,7.972,7.385,0.00,16.78,world
1891.57,2026-08-29 04:06:11,-1.96,-3.06,1323.08,-15.4,corridor,11.58,clear,7.666,7.547,0.00,18.37,world
1892.07,2026-08-29 04:06:11,-2.63,-6.16,1325.49,-15.4,corridor,11.60,clear,7.666,7.547,0.00,20.21,world
1892.57,2026-08-29 04:06:12,7.71,-2.90,1318.03,-15.9,corridor,11.62,clear,8.591,7.008,0.00,7.47,world
1893.07,2026-08-29 04:06:12,9.64,-2.90,1318.97,74.1,corridor,11.64,clear,8.591,7.008,0.00,6.61,world
1893.57,2026-08-29 04:06:13,11.08,-2.90,1320.19,-16.1,corridor,11.66,clear,9.950,7.783,0.00,6.85,world
1894.07,2026-08-29 04:06:13,10.38,-3.20,1322.60,-16.1,corridor,11.68,clear,9.950,7.783,0.00,9.33,world
1894.57,2026-08-29 04:06:14,7.99,-2.03,1317.04,-15.9,corridor,11.70,clear,8.188,7.869,0.00,6.73,world
1895.07,2026-08-29 04:06:14,8.04,-2.90,1318.51,74.1,corridor,11.72,clear,8.188,7.869,0.00,7.48,world
1895.57,2026-08-29 04:06:15,10.45,-2.90,1319.20,74.1,corridor,11.74,clear,10.803,8.427,0.00,6.30,world
1896.07,2026-08-29 04:06:15,12.85,-2.90,1319.88,74.1,corridor,11.76,clear,10.803,8.427,0.00,5.99,world
1896.57,2026-08-29 04:06:16,12.73,-2.89,1321.96,-16.2,corridor,11.78,clear,8.107,7.657,0.00,8.06,world
1897.07,2026-08-29 04:06:16,12.00,-5.81,1324.56,-16.2,corridor,11.80,clear,8.107,7.657,0.00,10.75,world
1897.57,2026-08-29 04:06:17,7.75,-2.90,1317.86,-15.9,corridor,11.82,clear,9.974,7.859,0.00,7.35,world
1898.07,2026-08-29 04:06:17,9.48,-2.90,1318.92,74.1,corridor,11.84,clear,9.974,7.859,0.00,6.68,world
1898.57,2026-08-29 04:06:18,11.89,-2.90,1319.60,74.1,corridor,11.86,clear,10.384,7.960,0.00,5.99,world
1899.07,2026-08-29 04:06:18,14.25,-2.83,1320.27,74.1,corridor,11.88,clear,10.384,7.960,0.00,6.28,world
1899.57,2026-08-29 04:06:19,14.78,-2.69,1321.89,-16.3,corridor,11.90,clear,9.456,8.707,0.00,7.93,world
1900.07,2026-08-29 04:06:19,13.99,-5.21,1324.49,-16.3,corridor,11.92,clear,9.456,8.707,0.00,10.49,world
1900.57,2026-08-29 04:06:20,7.80,-2.90,1317.70,-15.9,corridor,11.94,clear,9.123,8.471,0.00,7.22,world
1901.07,2026-08-29 04:06:20,5.89,-2.90,1317.90,-105.9,corridor,11.96,clear,9.123,8.471,0.00,9.00,world
1901.57,2026-08-29 04:06:21,3.78,-2.90,1317.79,-15.6,corridor,11.98,clear,9.754,8.174,0.00,10.90,world
1902.07,2026-08-29 04:06:21,3.11,-2.90,1320.19,-15.6,corridor,12.00,clear,9.754,8.174,0.00,12.53,world
1902.57,2026-08-29 04:06:22,2.43,-3.20,1322.60,-15.6,corridor,12.02,clear,10.306,8.092,0.00,14.42,world
1903.07,2026-08-29 04:06:22,1.75,-5.73,1325.03,-15.6,corridor,12.04,clear,10.306,8.092,0.00,16.48,world
1903.57,2026-08-29 04:06:23,7.80,-2.90,1317.70,-15.9,corridor,12.06,clear,6.585,5.582,0.00,7.22,world
1904.07,2026-08-29 04:06:23,5.89,-2.90,1317.90,-105.9,corridor,12.08,clear,6.585,5.582,0.00,9.00,world
1904.57,2026-08-29 04:06:24,3.48,-2.90,1317.22,-105.9,corridor,12.10,clear,7.508,6.936,0.00,11.00,world
1905.07,2026-08-29 04:06:24,1.67,-2.90,1317.62,-15.5,corridor,12.12,clear,7.508,6.936,0.00,12.85,world
1905.57,2026-08-29 04:06:25,1.00,-2.86,1320.01,-15.5,corridor,12.14,clear,6.347,6.426,0.00,14.32,world
1906.07,2026-08-29 04:06:25,0.36,-2.83,1322.33,-15.5,corridor,12.16,clear,6.347,6.426,0.00,15.98,world
1906.57,2026-08-29 04:06:26,-0.31,-4.88,1324.74,-15.5,corridor,12.18,clear,7.158,6.476,0.00,17.89,world
1907.07,2026-08-29 04:06:26,7.92,-2.90,1317.29,-15.9,corridor,12.20,clear,7.158,6.476,0.00,6.91,world
1907.57,2026-08-29 04:06:27,6.37,-2.90,1318.04,-105.9,corridor,12.22,clear,6.687,7.283,0.00,8.64,world
1908.07,2026-08-29 04:06:27,3.96,-2.90,1317.36,-105.9,corridor,12.24,clear,6.687,7.283,0.00,10.58,world
1908.57,2026-08-29 04:06:28,1.56,-2.90,1316.68,-105.9,corridor,12.26,clear,7.240,7.412,0.00,12.73,world
1909.07,2026-08-29 04:06:28,-0.30,-2.84,1316.96,-15.4,corridor,12.28,clear,7.240,7.412,0.00,14.60,world
1909.57,2026-08-29 04:06:29,-0.94,-2.70,1319.31,-15.4,corridor,12.30,clear,6.423,7.529,0.00,15.85,world
1910.07,2026-08-29 04:06:29,-1.54,-2.34,1321.53,-15.4,corridor,12.32,clear,6.423,7.529,0.00,17.27,world
1910.57,2026-08-29 04:06:30,-2.19,-3.78,1323.88,-15.4,corridor,12.34,clear,7.421,6.968,0.00,18.96,world
1911.07,2026-08-29 04:06:30,7.99,-2.03,1317.04,-15.9,corridor,12.36,clear,7.421,6.968,0.00,6.73,world
1911.57,2026-08-29 04:06:31,8.04,-2.90,1318.51,74.1,corridor,12.38,clear,6.115,6.760,0.00,7.48,world
1912.07,2026-08-29 04:06:31,10.45,-2.90,1319.20,74.1,corridor,12.40,clear,6.115,6.760,0.00,6.30,world
1912.57,2026-08-29 04:06:32,10.84,-2.90,1320.99,-16.1,corridor,12.42,clear,8.293,7.259,0.00,7.67,world
1913.07,2026-08-29 04:06:32,10.15,-4.33,1323.43,-16.1,corridor,12.44,clear,8.293,7.259,0.00,10.19,world
1913.57,2026-08-29 04:06:33,7.92,-2.90,1317.29,-15.9,corridor,12.46,clear,6.834,7.138,0.00,6.91,world
1914.07,2026-08-29 04:06:33,8.84,-2.90,1318.74,74.1,corridor,12.48,clear,6.834,7.138,0.00,7.01,world
1914.57,2026-08-29 04:06:34,11.25,-2.90,1319.42,74.1,corridor,12.50,clear,8.919,8.576,0.00,6.08,world
1915.07,2026-08-29 04:06:34,13.19,-2.90,1320.36,-16.2,corridor,12.52,clear,8.919,8.576,0.00,6.41,world
1915.57,2026-08-29 04:06:35,12.50,-3.47,1322.76,-16.2,corridor,12.54,clear,7.081,6.892,0.00,8.89,world
1916.07,2026-08-29 04:06:35,8.00,-1.95,1317.01,-15.9,corridor,12.56,clear,7.081,6.892,0.00,6.72,world
1916.57,2026-08-29 04:06:36,7.89,-2.90,1318.46,68.2,corridor,12.58,clear,7.413,7.088,0.00,7.56,world
1917.07,2026-08-29 04:06:36,10.29,-2.90,1319.15,74.1,corridor,12.60,clear,7.413,7.088,0.00,6.35,world
1917.57,2026-08-29 04:06:37,12.69,-2.90,1319.83,74.1,corridor,12.62,clear,7.424,7.454,0.00,5.98,world
1918.07,2026-08-29 04:06:37,14.97,-2.73,1320.50,53.1,corridor,12.64,clear,7.424,7.454,0.00,6.57,world
1918.57,2026-08-29 04:06:38,14.54,-3.18,1322.70,-16.3,corridor,12.66,clear,7.752,8.788,0.00,8.71,world
1919.07,2026-08-29 04:06:38,8.00,-1.91,1317.00,-16.3,corridor,12.68,clear,7.752,8.788,0.00,6.71,world
1919.57,2026-08-29 04:06:39,7.45,-2.90,1318.29,-78.9,corridor,12.70,clear,5.919,6.684,0.00,7.83,world
1920.07,2026-08-29 04:06:39,5.08,-2.90,1317.68,-105.9,corridor,12.72,clear,5.919,6.684,0.00,9.64,world
1920.57,2026-08-29 04:06:40,3.55,-2.90,1318.59,-15.6,corridor,12.74,clear,7.785,7.838,0.00,11.41,world
1921.07,2026-08-29 04:06:40,2.88,-2.90,1321.00,-15.6,corridor,12.76,clear,7.785,7.838,0.00,13.14,world
1921.57,2026-08-29 04:06:41,2.20,-4.18,1323.43,-15.6,corridor,12.78,clear,6.683,7.190,0.00,15.10,world
1922.07,2026-08-29 04:06:41,8.00,-1.91,1317.00,-15.9,corridor,12.80,clear,6.683,7.190,0.00,6.71,world
1922.57,2026-08-29 04:06:42,7.45,-2.90,1318.29,-78.9,corridor,12.82,clear,7.476,7.223,0.00,7.83,world
1923.07,2026-08-29 04:06:42,5.08,-2.90,1317.68,-105.9,corridor,12.84,clear,7.476,7.223,0.00,9.64,world
1923.57,2026-08-29 04:06:43,2.68,-2.90,1316.99,-105.9,corridor,12.86,clear,8.015,7.197,0.00,11.71,world
1924.07,2026-08-29 04:06:43,1.44,-2.89,1318.42,-15.5,corridor,12.88,clear,8.015,7.197,0.00,13.31,world
1924.57,2026-08-29 04:06:44,0.78,-2.84,1320.81,-15.5,corridor,12.90,clear,6.712,7.094,0.00,14.87,world
1925.07,2026-08-29 04:06:44,0.14,-3.55,1323.14,-15.5,corridor,12.92,clear,6.712,7.094,0.00,16.60,world
1925.57,2026-08-29 04:06:45,-0.53,-6.24,1325.55,-15.5,corridor,12.94,clear,7.367,5.928,0.00,18.56,world
1926.07,2026-08-29 04:06:45,7.71,-2.90,1318.03,-15.9,corridor,12.96,clear,7.367,5.928,0.00,7.47,world
1926.57,2026-08-29 04:06:46,5.57,-2.90,1317.81,-105.9,corridor,12.98,clear,8.525,7.612,0.00,9.26,world
1927.07,2026-08-29 04:06:46,3.16,-2.90,1317.13,-105.9,corridor,13.00,clear,8.525,7.612,0.00,11.28,world
1927.57,2026-08-29 04:06:47,0.76,-2.89,1316.45,-105.9,corridor,13.02,clear,9.004,7.381,0.00,13.46,world
1928.07,2026-08-29 04:06:47,-0.51,-2.81,1317.75,-15.4,corridor,13.04,clear,9.004,7.381,0.00,14.99,world
1928.57,2026-08-29 04:06:48,-1.14,-2.60,1320.06,-15.4,corridor,13.06,clear,7.507,7.397,0.00,16.31,world
1929.07,2026-08-29 04:06:48,-1.74,-2.34,1322.28,-15.4,corridor,13.08,clear,7.507,7.397,0.00,17.79,world
1929.57,2026-08-29 04:06:49,-2.41,-4.51,1324.69,-15.4,corridor,13.10,clear,6.719,8.515,0.00,19.58,world
1930.07,2026-08-29 04:06:49,7.92,-2.90,1317.29,-15.9,corridor,13.12,clear,6.719,8.515,0.00,6.91,world
1930.57,2026-08-29 04:06:50,8.84,-2.90,1318.74,74.1,corridor,13.14,clear,10.723,7.809,0.00,7.01,world
1931.07,2026-08-29 04:06:50,11.15,-2.90,1319.48,32.1,corridor,13.16,clear,10.723,7.809,0.00,6.18,world
1931.57,2026-08-29 04:06:51,10.61,-2.90,1321.79,-16.1,corridor,13.18,clear,7.718,7.577,0.00,8.50,world
1932.07,2026-08-29 04:06:51,9.91,-6.15,1324.60,-16.1,corridor,13.20,clear,7.718,7.577,0.00,11.37,world
1932.57,2026-08-29 04:06:52,7.71,-2.90,1318.03,-15.9,corridor,13.22,clear,8.136,6.818,0.00,7.47,world
1933.07,2026-08-29 04:06:52,9.64,-2.90,1318.97,74.1,corridor,13.24,clear,8.136,6.818,0.00,6.61,world
1933.57,2026-08-29 04:06:53,12.05,-2.90,1319.65,74.1,corridor,13.26,clear,8.422,7.370,0.00,5.98,world
1934.07,2026-08-29 04:06:53,12.96,-2.89,1321.16,-16.2,corridor,13.28,clear,8.422,7.370,0.00,7.23,world
1934.57,2026-08-29 04:06:54,12.26,-4.24,1323.56,-16.2,corridor,13.30,clear,7.182,7.588,0.00,9.72,world
1935.07,2026-08-29 04:06:54,7.94,-2.75,1317.22,-15.9,corridor,13.32,clear,7.182,7.588,0.00,6.86,world
1935.57,2026-08-29 04:06:55,8.68,-2.90,1318.70,74.1,corridor,13.34,clear,6.987,6.809,0.00,7.09,world
1936.07,2026-08-29 04:06:55,11.09,-2.90,1319.38,74.1,corridor,13.36,clear,6.987,6.809,0.00,6.12,world
1936.57,2026-08-29 04:06:56,13.49,-2.90,1320.06,74.1,corridor,13.38,clear,7.990,7.795,0.00,6.08,world
1937.07,2026-08-29 04:06:56,15.02,-2.63,1321.08,-16.3,corridor,13.40,clear,7.990,7.795,0.00,7.15,world
1937.57,2026-08-29 04:06:57,14.31,-3.86,1323.50,-16.3,corridor,13.42,clear,6.926,7.321,0.00,9.50,world
1938.07,2026-08-29 04:06:57,7.95,-2.52,1317.16,-15.9,corridor,13.44,clear,6.926,7.321,0.00,6.82,world
1938.57,2026-08-29 04:06:58,6.69,-2.90,1318.13,-105.9,corridor,13.46,clear,7.256,7.232,0.00,8.40,world
1939.07,2026-08-29 04:06:58,4.28,-2.90,1317.45,-105.9,corridor,13.48,clear,7.256,7.232,0.00,10.31,world
1939.57,2026-08-29 04:06:59,3.33,-2.90,1319.39,-15.6,corridor,13.50,clear,8.272,7.585,0.00,11.95,world
1940.07,2026-08-29 04:06:59,2.66,-2.89,1321.80,-15.6,corridor,13.52,clear,8.272,7.585,0.00,13.77,world
1940.57,2026-08-29 04:07:00,1.98,-4.96,1324.23,-15.6,corridor,13.54,clear,7.816,7.248,0.00,15.79,world
1941.07,2026-08-29 04:07:00,7.95,-2.52,1317.16,-15.9,corridor,13.56,clear,7.816,7.248,0.00,6.82,world
1941.57,2026-08-29 04:07:01,6.69,-2.90,1318.13,-105.9,corridor,13.58,clear,8.454,7.159,0.00,8.40,world
1942.07,2026-08-29 04:07:01,4.28,-2.90,1317.45,-105.9,corridor,13.60,clear,8.454,7.159,0.00,10.31,world
1942.57,2026-08-29 04:07:02,1.95,-2.90,1316.92,-53.3,corridor,13.62,clear,6.619,7.166,0.00,12.40,world
1943.07,2026-08-29 04:07:02,1.22,-2.89,1319.22,-15.5,corridor,13.64,clear,6.619,7.166,0.00,13.81,world
1943.57,2026-08-29 04:07:03,0.58,-2.73,1321.56,-15.5,corridor,13.66,clear,6.875,7.899,0.00,15.41,world
1944.07,2026-08-29 04:07:03,-0.08,-4.25,1323.94,-15.5,corridor,13.68,clear,6.875,7.899,0.00,17.24,world
1944.57,2026-08-29 04:07:04,7.99,-2.03,1317.04,-15.9,corridor,13.70,clear,8.382,6.048,0.00,6.73,world
1945.07,2026-08-29 04:07:04,7.17,-2.90,1318.27,-105.9,corridor,13.72,clear,8.382,6.048,0.00,8.05,world
1945.57,2026-08-29 04:07:05,4.76,-2.90,1317.59,-105.9,corridor,13.74,clear,8.081,7.293,0.00,9.91,world
1946.07,2026-08-29 04:07:05,2.36,-2.90,1316.90,-105.9,corridor,13.76,clear,8.081,7.293,0.00,12.00,world
1946.57,2026-08-29 04:07:06,0.01,-2.88,1316.33,-63.8,corridor,13.78,clear,6.547,7.645,0.00,14.18,world
1947.07,2026-08-29 04:07:06,-0.73,-2.76,1318.53,-15.4,corridor,13.80,clear,6.547,7.645,0.00,15.41,world
1947.57,2026-08-29 04:07:07,-1.34,-2.48,1320.80,-15.4,corridor,13.82,clear,7.753,6.729,0.00,16.78,world
1948.07,2026-08-29 04:07:07,-1.96,-3.06,1323.08,-15.4,corridor,13.84,clear,7.753,6.729,0.00,18.37,world
1948.57,2026-08-29 04:07:08,-2.63,-6.16,1325.49,-15.4,corridor,13.86,clear,7.095,6.492,0.00,20.21,world
1949.07,2026-08-29 04:07:08,7.71,-2.90,1318.03,-15.9,corridor,13.88,clear,7.095,6.492,0.00,7.47,world
1949.57,2026-08-29 04:07:09,9.64,-2.90,1318.97,74.1,corridor,13.90,clear,11.104,8.006,0.00,6.61,world
1950.07,2026-08-29 04:07:09,11.08,-2.90,1320.19,-16.1,corridor,13.92,clear,11.104,8.006,0.00,6.85,world
1950.57,2026-08-29 04:07:10,10.38,-3.20,1322.60,-16.1,corridor,13.94,clear,8.434,7.444,0.00,9.33,world
1951.07,2026-08-29 04:07:10,7.99,-2.03,1317.04,-15.9,corridor,13.96,clear,8.434,7.444,0.00,6.73,world
1951.57,2026-08-29 04:07:11,8.04,-2.90,1318.51,74.1,corridor,13.98,clear,7.321,6.748,0.00,7.48,world
1952.07,2026-08-29 04:07:11,10.45,-2.90,1319.20,74.1,corridor,14.00,clear,7.321,6.748,0.00,6.30,world
1952.57,2026-08-29 04:07:12,12.85,-2.90,1319.88,74.1,corridor,14.02,clear,7.216,7.530,0.00,5.99,world
1953.07,2026-08-29 04:07:12,12.73,-2.89,1321.96,-16.2,corridor,14.04,clear,7.216,7.530,0.00,8.06,world
1953.57,2026-08-29 04:07:13,12.00,-5.81,1324.56,-16.2,corridor,14.06,clear,6.426,7.228,0.00,10.75,world
1954.07,2026-08-29 04:07:13,7.75,-2.90,1317.86,-15.9,corridor,14.08,clear,6.426,7.228,0.00,7.35,world
1954.57,2026-08-29 04:07:14,9.48,-2.90,1318.92,74.1,corridor,14.10,clear,8.511,7.835,0.00,6.68,world
1955.07,2026-08-29 04:07:14,11.89,-2.90,1319.60,74.1,corridor,14.12,clear,8.511,7.835,0.00,5.99,world
1955.57,2026-08-29 04:07:15,14.25,-2.83,1320.27,74.1,corridor,14.14,clear,6.344,7.379,0.00,6.28,world
1956.07,2026-08-29 04:07:15,14.78,-2.69,1321.89,-16.3,corridor,14.16,clear,6.344,7.379,0.00,7.93,world
1956.57,2026-08-29 04:07:16,13.99,-5.21,1324.49,-16.3,corridor,14.18,clear,7.023,7.267,0.00,10.49,world
1957.07,2026-08-29 04:07:16,7.80,-2.90,1317.70,-15.9,corridor,14.20,clear,7.023,7.267,0.00,7.22,world
1957.57,2026-08-29 04:07:17,5.89,-2.90,1317.90,-105.9,corridor,14.22,clear,7.450,6.886,0.00,9.00,world
1958.07,2026-08-29 04:07:17,3.78,-2.90,1317.79,-15.6,corridor,14.24,clear,7.450,6.886,0.00,10.90,world
1958.57,2026-08-29 04:07:18,3.11,-2.90,1320.19,-15.6,corridor,14.26,clear,7.211,7.058,0.00,12.53,world
1959.07,2026-08-29 04:07:18,2.43,-3.20,1322.60,-15.6,corridor,14.28,clear,7.211,7.058,0.00,14.42,world
1959.57,2026-08-29 04:07:19,1.75,-5.73,1325.03,-15.6,corridor,14.30,clear,5.998,5.979,0.00,16.48,world
1960.07,2026-08-29 04:07:19,7.80,-2.90,1317.70,-15.9,corridor,14.32,clear,5.998,5.979,0.00,7.22,world
1960.57,2026-08-29 04:07:20,5.89,-2.90,1317.90,-105.9,corridor,14.34,clear,8.805,7.392,0.00,9.00,world
1961.07,2026-08-29 04:07:20,3.48,-2.90,1317.22,-105.9,corridor,14.36,clear,8.805,7.392,0.00,11.00,world
1961.57,2026-08-29 04:07:21,1.67,-2.90,1317.62,-15.5,corridor,14.38,clear,5.728,6.863,0.00,12.85,world
1962.07,2026-08-29 04:07:21,1.00,-2.86,1320.01,-15.5,corridor,14.40,clear,5.728,6.863,0.00,14.32,world
1962.57,2026-08-29 04:07:22,0.36,-2.83,1322.33,-15.5,corridor,14.42,clear,6.654,6.422,0.00,15.98,world
1963.07,2026-08-29 04:07:22,-0.31,-4.88,1324.74,-15.5,corridor,14.44,clear,6.654,6.422,0.00,17.89,world
1963.57,2026-08-29 04:07:23,7.92,-2.90,1317.29,-15.9,corridor,14.46,clear,6.908,5.547,0.00,6.91,world
1964.07,2026-08-29 04:07:23,6.37,-2.90,1318.04,-105.9,corridor,14.48,clear,6.908,5.547,0.00,8.64,world
1964.57,2026-08-29 04:07:24,3.96,-2.90,1317.36,-105.9,corridor,14.50,clear,8.046,7.243,0.00,10.58,world
1965.07,2026-08-29 04:07:24,1.56,-2.90,1316.68,-105.9,corridor,14.52,clear,8.046,7.243,0.00,12.73,world
1965.57,2026-08-29 04:07:25,-0.30,-2.84,1316.96,-15.4,corridor,14.54,clear,7.597,6.524,0.00,14.60,world
1966.07,2026-08-29 04:07:25,-0.94,-2.70,1319.31,-15.4,corridor,14.56,clear,7.597,6.524,0.00,15.85,world
1966.57,2026-08-29 04:07:26,-1.54,-2.34,1321.53,-15.4,corridor,14.58,clear,6.174,6.552,0.00,17.27,world
1967.07,2026-08-29 04:07:26,-2.19,-3.78,1323.88,-15.4,corridor,14.60,clear,6.174,6.552,0.00,18.96,world
1967.57,2026-08-29 04:07:27,7.99,-2.03,1317.04,-15.9,corridor,14.62,clear,8.912,5.579,0.00,6.73,world
1968.07,2026-08-29 04:07:27,8.04,-2.90,1318.51,74.1,corridor,14.64,clear,8.912,5.579,0.00,7.48,world
1968.57,2026-08-29 04:07:28,10.45,-2.90,1319.20,74.1,corridor,14.66,clear,7.695,8.057,0.00,6.30,world
1969.07,2026-08-29 04:07:28,10.84,-2.90,1320.99,-16.1,corridor,14.68,rain,7.695,8.057,0.00,7.67,world
1969.57,2026-08-29 04:07:29,10.15,-4.33,1323.43,-16.1,corridor,14.70,rain,5.820,7.590,0.00,10.19,world
1970.07,2026-08-29 04:07:29,7.92,-2.90,1317.29,-15.9,corridor,14.72,rain,5.820,7.590,0.00,6.91,world
1970.57,2026-08-29 04:07:30,8.84,-2.90,1318.74,74.1,corridor,14.74,rain,7.743,7.556,0.00,7.01,world
1971.07,2026-08-29 04:07:30,11.25,-2.90,1319.42,74.1,corridor,14.76,rain,7.743,7.556,0.00,6.08,world
1971.57,2026-08-29 04:07:31,13.19,-2.90,1320.36,-16.2,corridor,14.78,rain,7.975,7.475,0.00,6.41,world
1972.07,2026-08-29 04:07:31,12.50,-3.47,1322.76,-16.2,corridor,14.80,rain,7.975,7.475,0.00,8.89,world
1972.57,2026-08-29 04:07:32,8.00,-1.95,1317.01,-15.9,corridor,14.82,rain,6.071,7.448,0.00,6.72,world
1973.07,2026-08-29 04:07:32,7.89,-2.90,1318.46,68.2,corridor,14.84,rain,6.071,7.448,0.00,7.56,world
1973.57,2026-08-29 04:07:33,10.29,-2.90,1319.15,74.1,corridor,14.86,rain,7.975,7.262,0.00,6.35,world
1974.07,2026-08-29 04:07:33,12.69,-2.90,1319.83,74.1,corridor,14.88,rain,7.975,7.262,0.00,5.98,world
1974.57,2026-08-29 04:07:34,14.97,-2.73,1320.50,53.1,corridor,14.90,rain,7.262,7.831,0.00,6.57,world
1975.07,2026-08-29 04:07:34,14.54,-3.18,1322.70,-16.3,corridor,14.92,rain,7.262,7.831,0.00,8.71,world
1975.57,2026-08-29 04:07:35,8.00,-1.91,1317.00,-16.3,corridor,14.94,rain,6.452,7.283,0.00,6.71,world
1976.07,2026-08-29 04:07:35,7.45,-2.90,1318.29,-78.9,corridor,14.96,rain,6.452,7.283,0.00,7.83,world
1976.57,2026-08-29 04:07:36,5.08,-2.90,1317.68,-105.9,corridor,14.98,rain,8.022,7.562,0.00,9.64,world
1977.07,2026-08-29 04:07:36,3.55,-2.90,1318.59,-15.6,corridor,15.00,rain,8.022,7.562,0.00,11.41,world
1977.57,2026-08-29 04:07:37,2.88,-2.90,1321.00,-15.6,corridor,15.02,rain,8.923,7.448,0.00,13.14,world
1978.07,2026-08-29 04:07:37,2.20,-4.18,1323.43,-15.6,corridor,15.04,rain,8.923,7.448,0.00,15.10,world
1978.57,2026-08-29 04:07:38,8.00,-1.91,1317.00,-15.9,corridor,15.06,rain,7.713,6.415,0.00,6.71,world
1979.07,2026-08-29 04:07:38,7.45,-2.90,1318.29,-78.9,corridor,15.08,rain,7.713,6.415,0.00,7.83,world
1979.57,2026-08-29 04:07:39,5.08,-2.90,1317.68,-105.9,corridor,15.10,rain,7.686,7.557,0.00,9.64,world
1980.07,2026-08-29 04:07:39,2.68,-2.90,1316.99,-105.9,corridor,15.12,rain,7.686,7.557,0.00,11.71,world
1980.57,2026-08-29 04:07:40,1.44,-2.89,1318.42,-15.5,corridor,15.14,rain,7.005,7.632,0.00,13.31,world
1981.07,2026-08-29 04:07:40,0.78,-2.84,1320.81,-15.5,corridor,15.16,rain,7.005,7.632,0.00,14.87,world
1981.57,2026-08-29 04:07:41,0.14,-3.55,1323.14,-15.5,corridor,15.18,rain,25.527,7.106,0.00,16.60,world
1982.07,2026-08-29 04:07:41,-0.53,-6.24,1325.55,-15.5,corridor,15.20,rain,25.527,7.106,0.00,18.56,world
1982.57,2026-08-29 04:07:42,7.71,-2.90,1318.03,-15.9,corridor,15.22,rain,6.681,6.141,0.00,7.47,world
1983.07,2026-08-29 04:07:42,5.57,-2.90,1317.81,-105.9,corridor,15.24,rain,6.681,6.141,0.00,9.26,world
1983.57,2026-08-29 04:07:43,3.16,-2.90,1317.13,-105.9,corridor,15.26,rain,7.983,7.863,0.00,11.28,world
1984.07,2026-08-29 04:07:43,0.76,-2.89,1316.45,-105.9,corridor,15.28,rain,7.983,7.863,0.00,13.46,world
1984.57,2026-08-29 04:07:44,-0.51,-2.81,1317.75,-15.4,corridor,15.30,rain,7.980,7.271,0.00,14.99,world
1985.07,2026-08-29 04:07:44,-1.14,-2.60,1320.06,-15.4,corridor,15.32,rain,7.980,7.271,0.00,16.31,world
1985.57,2026-08-29 04:07:45,-1.74,-2.34,1322.28,-15.4,corridor,15.34,rain,7.708,6.452,0.00,17.79,world
1986.07,2026-08-29 04:07:45,-2.41,-4.51,1324.69,-15.4,corridor,15.36,rain,7.708,6.452,0.00,19.58,world
1986.57,2026-08-29 04:07:46,7.92,-2.90,1317.29,-15.9,corridor,15.38,rain,8.554,7.059,0.00,6.91,world
1987.07,2026-08-29 04:07:46,8.84,-2.90,1318.74,74.1,corridor,15.40,rain,8.554,7.059,0.00,7.01,world
1987.57,2026-08-29 04:07:47,11.15,-2.90,1319.48,32.1,corridor,15.42,rain,7.763,7.197,0.00,6.18,world
1988.07,2026-08-29 04:07:47,10.61,-2.90,1321.79,-16.1,corridor,15.44,rain,7.763,7.197,0.00,8.50,world
1988.57,2026-08-29 04:07:48,9.91,-6.15,1324.60,-16.1,corridor,15.46,rain,7.249,7.007,0.00,11.37,world
1989.07,2026-08-29 04:07:48,7.71,-2.90,1318.03,-15.9,corridor,15.48,rain,7.249,7.007,0.00,7.47,world
1989.57,2026-08-29 04:07:49,9.64,-2.90,1318.97,74.1,corridor,15.50,rain,7.400,6.905,0.00,6.61,world
1990.07,2026-08-29 04:07:49,12.05,-2.90,1319.65,74.1,corridor,15.52,rain,7.400,6.905,0.00,5.98,world
1990.57,2026-08-29 04:07:50,12.96,-2.89,1321.16,-16.2,corridor,15.54,rain,7.293,7.664,0.00,7.23,world
1991.07,2026-08-29 04:07:50,12.26,-4.24,1323.56,-16.2,corridor,15.56,rain,7.293,7.664,0.00,9.72,world
1991.57,2026-08-29 04:07:51,7.94,-2.75,1317.22,-15.9,corridor,15.58,rain,6.839,9.030,0.00,6.86,world
1992.07,2026-08-29 04:07:51,8.68,-2.90,1318.70,74.1,corridor,15.60,rain,6.839,9.030,0.00,7.09,world
1992.57,2026-08-29 04:07:52,11.09,-2.90,1319.38,74.1,corridor,15.62,rain,7.324,7.623,0.00,6.12,world
1993.07,2026-08-29 04:07:52,13.49,-2.90,1320.06,74.1,corridor,15.64,rain,7.324,7.623,0.00,6.08,world
1993.57,2026-08-29 04:07:53,15.02,-2.63,1321.08,-16.3,corridor,15.66,rain,7.351,7.592,0.00,7.15,world
1994.07,2026-08-29 04:07:53,14.31,-3.86,1323.50,-16.3,corridor,15.68,rain,7.351,7.592,0.00,9.50,world
1994.57,2026-08-29 04:07:54,7.95,-2.52,1317.16,-15.9,corridor,15.70,rain,7.094,8.309,0.00,6.82,world
1995.07,2026-08-29 04:07:54,6.69,-2.90,1318.13,-105.9,corridor,15.72,rain,7.094,8.309,0.00,8.40,world
1995.57,2026-08-29 04:07:55,4.28,-2.90,1317.45,-105.9,corridor,15.74,rain,8.588,7.381,0.00,10.31,world
1996.07,2026-08-29 04:07:55,3.33,-2.90,1319.39,-15.6,corridor,15.76,rain,8.588,7.381,0.00,11.95,world
1996.57,2026-08-29 04:07:56,2.66,-2.89,1321.80,-15.6,corridor,15.78,rain,7.256,7.903,0.00,13.77,world
1997.07,2026-08-29 04:07:56,1.98,-4.96,1324.23,-15.6,corridor,15.80,rain,7.256,7.903,0.00,15.79,world
1997.57,2026-08-29 04:07:57,7.95,-2.52,1317.16,-15.9,corridor,15.82,rain,8.369,6.525,0.00,6.82,world
1998.07,2026-08-29 04:07:57,6.69,-2.90,1318.13,-105.9,corridor,15.84,rain,8.369,6.525,0.00,8.40,world
1998.57,2026-08-29 04:07:58,4.28,-2.90,1317.45,-105.9,corridor,15.86,rain,8.964,7.806,0.00,10.31,world
1999.07,2026-08-29 04:07:58,1.95,-2.90,1316.92,-53.3,corridor,15.88,rain,8.964,7.806,0.00,12.40,world
1999.57,2026-08-29 04:07:59,1.22,-2.89,1319.22,-15.5,corridor,15.90,rain,6.677,8.183,0.00,13.81,world
2000.07,2026-08-29 04:07:59,0.58,-2.73,1321.56,-15.5,corridor,15.92,rain,6.677,8.183,0.00,15.41,world
2000.57,2026-08-29 04:08:00,-0.08,-4.25,1323.94,-15.5,corridor,15.94,rain,6.882,6.606,0.00,17.24,world
2001.07,2026-08-29 04:08:00,7.99,-2.03,1317.04,-15.9,corridor,15.96,rain,6.882,6.606,0.00,6.73,world
2001.57,2026-08-29 04:08:01,7.17,-2.90,1318.27,-105.9,corridor,15.98,rain,8.212,7.558,0.00,8.05,world
2002.07,2026-08-29 04:08:01,4.76,-2.90,1317.59,-105.9,corridor,16.00,rain,8.212,7.558,0.00,9.91,world
2002.57,2026-08-29 04:08:02,2.36,-2.90,1316.90,-105.9,corridor,16.02,rain,8.303,48.357,0.00,12.00,world
2003.07,2026-08-29 04:08:02,0.01,-2.88,1316.33,-63.8,corridor,16.04,rain,8.303,48.357,0.00,14.18,world
2003.57,2026-08-29 04:08:03,-0.73,-2.76,1318.53,-15.4,corridor,16.06,rain,7.877,9.253,0.00,15.41,world
2004.07,2026-08-29 04:08:03,-1.34,-2.48,1320.80,-15.4,corridor,16.08,rain,7.877,9.253,0.00,16.78,world
2004.57,2026-08-29 04:08:04,-1.96,-3.06,1323.08,-15.4,corridor,16.10,rain,6.678,6.509,0.00,18.37,world
2005.07,2026-08-29 04:08:04,-2.63,-6.16,1325.49,-15.4,corridor,16.12,rain,6.678,6.509,0.00,20.21,world
2005.57,2026-08-29 04:08:05,7.71,-2.90,1318.03,-15.9,corridor,16.14,rain,7.041,5.922,0.00,7.47,world
2006.07,2026-08-29 04:08:05,9.64,-2.90,1318.97,74.1,corridor,16.16,rain,7.041,5.922,0.00,6.61,world
2006.57,2026-08-29 04:08:06,11.08,-2.90,1320.19,-16.1,corridor,16.18,rain,8.218,8.109,0.00,6.85,world
2007.07,2026-08-29 04:08:06,10.38,-3.20,1322.60,-16.1,corridor,16.20,rain,8.218,8.109,0.00,9.33,world
2007.57,2026-08-29 04:08:07,7.99,-2.03,1317.04,-15.9,corridor,16.22,rain,7.555,8.545,0.00,6.73,world
2008.07,2026-08-29 04:08:07,8.04,-2.90,1318.51,74.1,corridor,16.24,rain,7.555,8.545,0.00,7.48,world
2008.57,2026-08-29 04:08:08,10.45,-2.90,1319.20,74.1,corridor,16.26,rain,8.893,7.221,0.00,6.30,world
2009.07,2026-08-29 04:08:08,12.85,-2.90,1319.88,74.1,corridor,16.28,rain,8.893,7.221,0.00,5.99,world
2009.57,2026-08-29 04:08:09,12.73,-2.89,1321.96,-16.2,corridor,16.30,rain,6.908,8.107,0.00,8.06,world
2010.07,2026-08-29 04:08:09,12.00,-5.81,1324.56,-16.2,corridor,16.32,rain,6.908,8.107,0.00,10.75,world
2010.57,2026-08-29 04:08:10,7.75,-2.90,1317.86,-15.9,corridor,16.34,rain,7.049,7.583,0.00,7.35,world
2011.07,2026-08-29 04:08:10,9.48,-2.90,1318.92,74.1,corridor,16.36,rain,7.049,7.583,0.00,6.68,world
2011.57,2026-08-29 04:08:11,11.89,-2.90,1319.60,74.1,corridor,16.38,rain,7.537,8.517,0.00,5.99,world
2012.07,2026-08-29 04:08:11,14.25,-2.83,1320.27,74.1,corridor,16.40,rain,7.537,8.517,0.00,6.28,world
2012.57,2026-08-29 04:08:12,14.78,-2.69,1321.89,-16.3,corridor,16.42,rain,5.812,7.372,0.00,7.93,world
2013.07,2026-08-29 04:08:12,13.99,-5.21,1324.49,-16.3,corridor,16.44,rain,5.812,7.372,0.00,10.49,world
2013.57,2026-08-29 04:08:13,7.80,-2.90,1317.70,-15.9,corridor,16.46,rain,8.569,7.876,0.00,7.22,world
2014.07,2026-08-29 04:08:13,5.89,-2.90,1317.90,-105.9,corridor,16.48,rain,8.569,7.876,0.00,9.00,world
2014.57,2026-08-29 04:08:14,3.78,-2.90,1317.79,-15.6,corridor,16.50,rain,7.188,7.354,0.00,10.90,world
2015.07,2026-08-29 04:08:14,3.11,-2.90,1320.19,-15.6,corridor,16.52,rain,7.188,7.354,0.00,12.53,world
2015.57,2026-08-29 04:08:15,2.43,-3.20,1322.60,-15.6,corridor,16.54,rain,6.939,7.295,0.00,14.42,world
2016.07,2026-08-29 04:08:15,1.75,-5.73,1325.03,-15.6,corridor,16.56,rain,6.939,7.295,0.00,16.48,world
2016.57,2026-08-29 04:08:16,7.80,-2.90,1317.70,-15.9,corridor,16.58,rain,7.078,6.015,0.00,7.22,world
2017.07,2026-08-29 04:08:16,5.89,-2.90,1317.90,-105.9,corridor,16.60,rain,7.078,6.015,0.00,9.00,world
2017.57,2026-08-29 04:08:17,3.48,-2.90,1317.22,-105.9,corridor,16.62,rain,7.094,8.024,0.00,11.00,world
2018.07,2026-08-29 04:08:17,1.67,-2.90,1317.62,-15.5,corridor,16.64,rain,7.094,8.024,0.00,12.85,world
2018.57,2026-08-29 04:08:18,1.00,-2.86,1320.01,-15.5,corridor,16.66,rain,7.121,19.980,0.00,14.32,world
2019.07,2026-08-29 04:08:18,0.36,-2.83,1322.33,-15.5,corridor,16.68,rain,7.121,19.980,0.00,15.98,world
2019.57,2026-08-29 04:08:19,-0.31,-4.88,1324.74,-15.5,corridor,16.70,rain,6.139,7.217,0.00,17.89,world
2020.07,2026-08-29 04:08:19,7.92,-2.90,1317.29,-15.9,corridor,16.72,rain,6.139,7.217,0.00,6.91,world
2020.57,2026-08-29 04:08:20,6.37,-2.90,1318.04,-105.9,corridor,16.74,rain,8.391,7.189,0.00,8.64,world
2021.07,2026-08-29 04:08:20,3.96,-2.90,1317.36,-105.9,corridor,16.76,rain,8.391,7.189,0.00,10.58,world
2021.57,2026-08-29 04:08:21,1.56,-2.90,1316.68,-105.9,corridor,16.78,rain,7.658,8.144,0.00,12.73,world
2022.07,2026-08-29 04:08:21,-0.30,-2.84,1316.96,-15.4,corridor,16.80,rain,7.658,8.144,0.00,14.60,world
2022.57,2026-08-29 04:08:22,-0.94,-2.70,1319.31,-15.4,corridor,16.82,rain,6.956,7.785,0.00,15.85,world
2023.07,2026-08-29 04:08:22,-1.54,-2.34,1321.53,-15.4,corridor,16.84,rain,6.956,7.785,0.00,17.27,world
2023.57,2026-08-29 04:08:23,-2.19,-3.78,1323.88,-15.4,corridor,16.86,rain,6.855,6.716,0.00,18.96,world
2024.07,2026-08-29 04:08:23,7.99,-2.03,1317.04,-15.9,corridor,16.88,rain,6.855,6.716,0.00,6.73,world
2024.57,2026-08-29 04:08:24,8.04,-2.90,1318.51,74.1,corridor,16.90,rain,8.575,7.163,0.00,7.48,world
2025.07,2026-08-29 04:08:24,10.45,-2.90,1319.20,74.1,corridor,16.92,rain,8.575,7.163,0.00,6.30,world
2025.57,2026-08-29 04:08:25,10.84,-2.90,1320.99,-16.1,corridor,16.94,rain,7.053,8.232,0.00,7.67,world
2026.07,2026-08-29 04:08:25,10.15,-4.33,1323.43,-16.1,corridor,16.96,rain,7.053,8.232,0.00,10.19,world
2026.57,2026-08-29 04:08:26,7.92,-2.90,1317.29,-15.9,corridor,16.98,rain,6.911,7.828,0.00,6.91,world
2027.07,2026-08-29 04:08:26,8.84,-2.90,1318.74,74.1,corridor,17.00,rain,6.911,7.828,0.00,7.01,world
2027.57,2026-08-29 04:08:27,11.25,-2.90,1319.42,74.1,corridor,17.02,rain,8.931,9.126,0.00,6.08,world
2028.07,2026-08-29 04:08:27,13.19,-2.90,1320.36,-16.2,corridor,17.04,rain,8.931,9.126,0.00,6.41,world
2028.57,2026-08-29 04:08:28,12.50,-3.47,1322.76,-16.2,corridor,17.06,rain,6.568,7.826,0.00,8.89,world
2029.07,2026-08-29 04:08:28,8.00,-1.95,1317.01,-15.9,corridor,17.08,rain,6.568,7.826,0.00,6.72,world
2029.57,2026-08-29 04:08:29,7.89,-2.90,1318.46,68.2,corridor,17.10,rain,6.293,7.695,0.00,7.56,world
2030.07,2026-08-29 04:08:29,10.29,-2.90,1319.15,74.1,corridor,17.12,rain,6.293,7.695,0.00,6.35,world
2030.57,2026-08-29 04:08:30,12.69,-2.90,1319.83,74.1,corridor,17.14,rain,8.847,7.122,0.00,5.98,world
2031.07,2026-08-29 04:08:30,14.97,-2.73,1320.50,53.1,corridor,17.16,rain,8.847,7.122,0.00,6.57,world
2031.57,2026-08-29 04:08:31,14.54,-3.18,1322.70,-16.3,corridor,17.18,rain,6.921,7.308,0.00,8.71,world
2032.07,2026-08-29 04:08:31,8.00,-1.91,1317.00,-16.3,corridor,17.20,rain,6.921,7.308,0.00,6.71,world
2032.57,2026-08-29 04:08:32,7.45,-2.90,1318.29,-78.9,corridor,17.22,rain,7.113,7.064,0.00,7.83,world
2033.07,2026-08-29 04:08:32,5.08,-2.90,1317.68,-105.9,corridor,17.24,rain,7.113,7.064,0.00,9.64,world
2033.57,2026-08-29 04:08:33,3.55,-2.90,1318.59,-15.6,corridor,17.26,rain,7.251,7.914,0.00,11.41,world
2034.07,2026-08-29 04:08:33,2.88,-2.90,1321.00,-15.6,corridor,17.28,rain,7.251,7.914,0.00,13.14,world
2034.57,2026-08-29 04:08:34,2.20,-4.18,1323.43,-15.6,corridor,17.30,rain,6.785,7.219,0.00,15.10,world
2035.07,2026-08-29 04:08:34,8.00,-1.91,1317.00,-15.9,corridor,17.32,rain,6.785,7.219,0.00,6.71,world
2035.57,2026-08-29 04:08:35,7.45,-2.90,1318.29,-78.9,corridor,17.34,rain,8.039,7.047,0.00,7.83,world
2036.07,2026-08-29 04:08:35,5.08,-2.90,1317.68,-105.9,corridor,17.36,rain,8.039,7.047,0.00,9.64,world
2036.57,2026-08-29 04:08:36,2.68,-2.90,1316.99,-105.9,corridor,17.38,rain,8.290,7.302,0.00,11.71,world
2037.07,2026-08-29 04:08:36,1.44,-2.89,1318.42,-15.5,corridor,17.40,rain,8.290,7.302,0.00,13.31,world
2037.57,2026-08-29 04:08:37,0.78,-2.84,1320.81,-15.5,corridor,17.42,rain,7.328,7.859,0.00,14.87,world
2038.07,2026-08-29 04:08:37,0.14,-3.55,1323.14,-15.5,corridor,17.44,rain,7.328,7.859,0.00,16.60,world
2038.57,2026-08-29 04:08:38,-0.53,-6.24,1325.55,-15.5,corridor,17.46,rain,7.291,6.079,0.00,18.56,world
2039.07,2026-08-29 04:08:38,7.71,-2.90,1318.03,-15.9,corridor,17.48,rain,7.291,6.079,0.00,7.47,world
2039.57,2026-08-29 04:08:39,5.57,-2.90,1317.81,-105.9,corridor,17.50,rain,7.660,7.038,0.00,9.26,world
2040.07,2026-08-29 04:08:39,3.16,-2.90,1317.13,-105.9,corridor,17.52,rain,7.660,7.038,0.00,11.28,world
2040.57,2026-08-29 04:08:40,0.76,-2.89,1316.45,-105.9,corridor,17.54,rain,7.808,7.735,0.00,13.46,world
2041.07,2026-08-29 04:08:40,-0.51,-2.81,1317.75,-15.4,corridor,17.56,rain,7.808,7.735,0.00,14.99,world
2041.57,2026-08-29 04:08:41,-1.14,-2.60,1320.06,-15.4,corridor,17.58,rain,6.086,6.439,0.00,16.31,world
2042.07,2026-08-29 04:08:41,-1.74,-2.34,1322.28,-15.4,corridor,17.60,rain,6.086,6.439,0.00,17.79,world
2042.57,2026-08-29 04:08:42,-2.41,-4.51,1324.69,-15.4,corridor,17.62,rain,5.808,6.432,0.00,19.58,world
2043.07,2026-08-29 04:08:42,7.92,-2.90,1317.29,-15.9,corridor,17.64,rain,5.808,6.432,0.00,6.91,world
2043.57,2026-08-29 04:08:43,8.84,-2.90,1318.74,74.1,corridor,17.66,rain,6.523,7.233,0.00,7.01,world
2044.07,2026-08-29 04:08:43,11.15,-2.90,1319.48,32.1,corridor,17.68,rain,6.523,7.233,0.00,6.18,world
2044.57,2026-08-29 04:08:44,10.61,-2.90,1321.79,-16.1,corridor,17.70,rain,8.098,7.329,0.00,8.50,world
2045.07,2026-08-29 04:08:44,9.91,-6.15,1324.60,-16.1,corridor,17.72,rain,8.098,7.329,0.00,11.37,world
2045.57,2026-08-29 04:08:45,7.71,-2.90,1318.03,-15.9,corridor,17.74,rain,7.592,7.440,0.00,7.47,world
2046.07,2026-08-29 04:08:45,9.64,-2.90,1318.97,74.1,corridor,17.76,rain,7.592,7.440,0.00,6.61,world
2046.57,2026-08-29 04:08:46,12.05,-2.90,1319.65,74.1,corridor,17.78,rain,8.332,7.724,0.00,5.98,world
2047.07,2026-08-29 04:08:46,12.96,-2.89,1321.16,-16.2,corridor,17.80,rain,8.332,7.724,0.00,7.23,world
2047.57,2026-08-29 04:08:47,12.26,-4.24,1323.56,-16.2,corridor,17.82,rain,7.762,10.423,0.00,9.72,world
2048.07,2026-08-29 04:08:47,7.94,-2.75,1317.22,-15.9,corridor,17.84,rain,7.762,10.423,0.00,6.86,world
2048.57,2026-08-29 04:08:48,8.68,-2.90,1318.70,74.1,corridor,17.86,rain,8.571,8.007,0.00,7.09,world
2049.07,2026-08-29 04:08:48,11.09,-2.90,1319.38,74.1,corridor,17.88,rain,8.571,8.007,0.00,6.12,world
2049.57,2026-08-29 04:08:49,13.49,-2.90,1320.06,74.1,corridor,17.90,rain,8.474,8.693,0.00,6.08,world
2050.07,2026-08-29 04:08:49,15.02,-2.63,1321.08,-16.3,corridor,17.92,rain,8.474,8.693,0.00,7.15,world
2050.57,2026-08-29 04:08:50,14.31,-3.86,1323.50,-16.3,corridor,17.94,rain,8.022,8.617,0.00,9.50,world
2051.07,2026-08-29 04:08:50,7.95,-2.52,1317.16,-15.9,corridor,17.96,rain,8.022,8.617,0.00,6.82,world
2051.57,2026-08-29 04:08:51,6.69,-2.90,1318.13,-105.9,corridor,17.98,rain,7.017,7.806,0.00,8.40,world
2052.07,2026-08-29 04:08:51,4.28,-2.90,1317.45,-105.9,corridor,18.00,rain,7.017,7.806,0.00,10.31,world
2052.57,2026-08-29 04:08:52,3.33,-2.90,1319.39,-15.6,corridor,18.02,rain,10.685,12.709,0.00,11.95,world
2053.07,2026-08-29 04:08:52,2.66,-2.89,1321.80,-15.6,corridor,18.04,rain,10.685,12.709,0.00,13.77,world
2053.57,2026-08-29 04:08:53,1.98,-4.96,1324.23,-15.6,corridor,18.06,rain,7.158,6.782,0.00,15.79,world
2054.07,2026-08-29 04:08:53,7.95,-2.52,1317.16,-15.9,corridor,18.08,rain,7.158,6.782,0.00,6.82,world
2054.57,2026-08-29 04:08:54,6.69,-2.90,1318.13,-105.9,corridor,18.10,rain,8.739,7.078,0.00,8.40,world
2055.07,2026-08-29 04:08:54,4.28,-2.90,1317.45,-105.9,corridor,18.12,rain,8.739,7.078,0.00,10.31,world
2055.57,2026-08-29 04:08:55,1.95,-2.90,1316.92,-53.3,corridor,18.14,rain,7.003,7.028,0.00,12.40,world
2056.07,2026-08-29 04:08:55,1.22,-2.89,1319.22,-15.5,corridor,18.16,rain,7.003,7.028,0.00,13.81,world
2056.57,2026-08-29 04:08:56,0.58,-2.73,1321.56,-15.5,corridor,18.18,rain,7.589,7.103,0.00,15.41,world
2057.07,2026-08-29 04:08:56,-0.08,-4.25,1323.94,-15.5,corridor,18.20,rain,7.589,7.103,0.00,17.24,world
2057.57,2026-08-29 04:08:57,7.99,-2.03,1317.04,-15.9,corridor,18.22,rain,7.231,6.744,0.00,6.73,world
2058.07,2026-08-29 04:08:57,7.17,-2.90,1318.27,-105.9,corridor,18.24,rain,7.231,6.744,0.00,8.05,world
2058.57,2026-08-29 04:08:58,4.76,-2.90,1317.59,-105.9,corridor,18.26,rain,10.349,8.436,0.00,9.91,world
2059.07,2026-08-29 04:08:58,2.36,-2.90,1316.90,-105.9,corridor,18.28,rain,10.349,8.436,0.00,12.00,world
2059.57,2026-08-29 04:08:59,0.01,-2.88,1316.33,-63.8,corridor,18.30,rain,7.062,8.572,0.00,14.18,world
2060.07,2026-08-29 04:08:59,-0.73,-2.76,1318.53,-15.4,corridor,18.32,rain,7.062,8.572,0.00,15.41,world
2060.57,2026-08-29 04:09:00,-1.34,-2.48,1320.80,-15.4,corridor,18.34,rain,9.119,7.396,0.00,16.78,world
2061.07,2026-08-29 04:09:00,-1.96,-3.06,1323.08,-15.4,corridor,18.36,rain,9.119,7.396,0.00,18.37,world
2061.57,2026-08-29 04:09:01,-2.63,-6.16,1325.49,-15.4,corridor,18.38,rain,7.337,6.064,0.00,20.21,world
2062.07,2026-08-29 04:09:01,7.71,-2.90,1318.03,-15.9,corridor,18.40,rain,7.337,6.064,0.00,7.47,world
2062.57,2026-08-29 04:09:02,9.64,-2.90,1318.97,74.1,corridor,18.42,rain,8.043,7.107,0.00,6.61,world
2063.07,2026-08-29 04:09:02,11.08,-2.90,1320.19,-16.1,corridor,18.44,rain,8.043,7.107,0.00,6.85,world
2063.57,2026-08-29 04:09:03,10.38,-3.20,1322.60,-16.1,corridor,18.46,rain,6.711,7.508,0.00,9.33,world
2064.07,2026-08-29 04:09:03,7.99,-2.03,1317.04,-15.9,corridor,18.48,rain,6.711,7.508,0.00,6.73,world
2064.57,2026-08-29 04:09:04,8.04,-2.90,1318.51,74.1,corridor,18.50,rain,7.798,8.914,0.00,7.48,world
2065.07,2026-08-29 04:09:04,10.45,-2.90,1319.20,74.1,corridor,18.52,rain,7.798,8.914,0.00,6.30,world
2065.57,2026-08-29 04:09:05,12.85,-2.90,1319.88,74.1,corridor,18.54,rain,7.272,9.221,0.00,5.99,world
2066.07,2026-08-29 04:09:05,12.73,-2.89,1321.96,-16.2,corridor,18.56,rain,7.272,9.221,0.00,8.06,world
2066.57,2026-08-29 04:09:06,12.00,-5.81,1324.56,-16.2,corridor,18.58,rain,9.407,7.355,0.00,10.75,world
2067.07,2026-08-29 04:09:06,7.75,-2.90,1317.86,-15.9,corridor,18.60,rain,9.407,7.355,0.00,7.35,world
2067.57,2026-08-29 04:09:07,9.48,-2.90,1318.92,74.1,corridor,18.62,rain,7.913,7.597,0.00,6.68,world
2068.07,2026-08-29 04:09:07,11.89,-2.90,1319.60,74.1,corridor,18.64,rain,7.913,7.597,0.00,5.99,world
2068.57,2026-08-29 04:09:08,14.25,-2.83,1320.27,74.1,corridor,18.66,rain,8.200,7.668,0.00,6.28,world
2069.07,2026-08-29 04:09:08,14.78,-2.69,1321.89,-16.3,corridor,18.68,rain,8.200,7.668,0.00,7.93,world
2069.57,2026-08-29 04:09:09,13.99,-5.21,1324.49,-16.3,corridor,18.70,rain,7.109,8.002,0.00,10.49,world
2070.07,2026-08-29 04:09:09,7.80,-2.90,1317.70,-15.9,corridor,18.72,rain,7.109,8.002,0.00,7.22,world
2070.57,2026-08-29 04:09:10,5.89,-2.90,1317.90,-105.9,corridor,18.74,rain,8.373,7.678,0.00,9.00,world
2071.07,2026-08-29 04:09:10,3.78,-2.90,1317.79,-15.6,corridor,18.76,rain,8.373,7.678,0.00,10.90,world
2071.57,2026-08-29 04:09:11,3.11,-2.90,1320.19,-15.6,corridor,18.78,rain,7.977,8.637,0.00,12.53,world
2072.07,2026-08-29 04:09:11,2.43,-3.20,1322.60,-15.6,corridor,18.80,rain,7.977,8.637,0.00,14.42,world
2072.57,2026-08-29 04:09:12,1.75,-5.73,1325.03,-15.6,corridor,18.82,rain,8.238,7.022,0.00,16.48,world
2073.07,2026-08-29 04:09:12,7.80,-2.90,1317.70,-15.9,corridor,18.84,rain,8.238,7.022,0.00,7.22,world
2073.57,2026-08-29 04:09:13,5.89,-2.90,1317.90,-105.9,corridor,18.86,rain,9.493,6.884,0.00,9.00,world
2074.07,2026-08-29 04:09:13,3.48,-2.90,1317.22,-105.9,corridor,18.88,rain,9.493,6.884,0.00,11.00,world
2074.57,2026-08-29 04:09:14,1.67,-2.90,1317.62,-15.5,corridor,18.90,rain,6.804,7.407,0.00,12.85,world
2075.07,2026-08-29 04:09:14,1.00,-2.86,1320.01,-15.5,corridor,18.92,rain,6.804,7.407,0.00,14.32,world
2075.57,2026-08-29 04:09:15,0.36,-2.83,1322.33,-15.5,corridor,18.94,rain,9.271,7.732,0.00,15.98,world
2076.07,2026-08-29 04:09:15,-0.31,-4.88,1324.74,-15.5,corridor,18.96,rain,9.271,7.732,0.00,17.89,world
2076.57,2026-08-29 04:09:16,7.92,-2.90,1317.29,-15.9,corridor,18.98,rain,7.804,6.723,0.00,6.91,world
2077.07,2026-08-29 04:09:16,6.37,-2.90,1318.04,-105.9,corridor,19.00,rain,7.804,6.723,0.00,8.64,world
2077.57,2026-08-29 04:09:17,3.96,-2.90,1317.36,-105.9,corridor,19.02,rain,9.596,7.819,0.00,10.58,world
2078.07,2026-08-29 04:09:17,1.56,-2.90,1316.68,-105.9,corridor,19.04,rain,9.596,7.819,0.00,12.73,world
2078.57,2026-08-29 04:09:18,-0.30,-2.84,1316.96,-15.4,corridor,19.06,rain,9.730,8.409,0.00,14.60,world
2079.07,2026-08-29 04:09:18,-0.94,-2.70,1319.31,-15.4,corridor,19.08,rain,9.730,8.409,0.00,15.85,world
2079.57,2026-08-29 04:09:19,-1.54,-2.34,1321.53,-15.4,corridor,19.10,rain,8.977,7.710,0.00,17.27,world
2080.07,2026-08-29 04:09:19,-2.19,-3.78,1323.88,-15.4,corridor,19.12,rain,8.977,7.710,0.00,18.96,world
2080.57,2026-08-29 04:09:20,7.99,-2.03,1317.04,-15.9,corridor,19.14,rain,6.783,6.206,0.00,6.73,world
2081.07,2026-08-29 04:09:20,8.04,-2.90,1318.51,74.1,corridor,19.16,rain,6.783,6.206,0.00,7.48,world
2081.57,2026-08-29 04:09:21,10.45,-2.90,1319.20,74.1,corridor,19.18,rain,8.056,7.985,0.00,6.30,world
2082.07,2026-08-29 04:09:21,10.84,-2.90,1320.99,-16.1,corridor,19.20,rain,8.056,7.985,0.00,7.67,world
2082.57,2026-08-29 04:09:22,10.15,-4.33,1323.43,-16.1,corridor,19.22,rain,6.187,7.246,0.00,10.19,world
2083.07,2026-08-29 04:09:22,7.92,-2.90,1317.29,-15.9,corridor,19.24,rain,6.187,7.246,0.00,6.91,world
2083.57,2026-08-29 04:09:23,8.84,-2.90,1318.74,74.1,corridor,19.26,rain,8.323,7.345,0.00,7.01,world
2084.07,2026-08-29 04:09:23,11.25,-2.90,1319.42,74.1,corridor,19.28,rain,8.323,7.345,0.00,6.08,world
2084.57,2026-08-29 04:09:24,13.19,-2.90,1320.36,-16.2,corridor,19.30,rain,7.820,7.802,0.00,6.41,world
2085.07,2026-08-29 04:09:24,12.50,-3.47,1322.76,-16.2,corridor,19.32,rain,7.820,7.802,0.00,8.89,world
2085.57,2026-08-29 04:09:25,8.00,-1.95,1317.01,-15.9,corridor,19.34,rain,7.799,7.467,0.00,6.72,world
2086.07,2026-08-29 04:09:25,7.89,-2.90,1318.46,68.2,corridor,19.36,rain,7.799,7.467,0.00,7.56,world
2086.57,2026-08-29 04:09:26,10.29,-2.90,1319.15,74.1,corridor,19.38,rain,9.224,7.403,0.00,6.35,world
2087.07,2026-08-29 04:09:26,12.69,-2.90,1319.83,74.1,corridor,19.40,rain,9.224,7.403,0.00,5.98,world
2087.57,2026-08-29 04:09:27,14.97,-2.73,1320.50,53.1,corridor,19.42,rain,7.105,7.658,0.00,6.57,world
2088.07,2026-08-29 04:09:27,14.54,-3.18,1322.70,-16.3,corridor,19.44,rain,7.105,7.658,0.00,8.71,world
2088.57,2026-08-29 04:09:28,8.00,-1.91,1317.00,-16.3,corridor,19.46,rain,7.997,7.675,0.00,6.71,world
2089.07,2026-08-29 04:09:28,7.45,-2.90,1318.29,-78.9,corridor,19.48,rain,7.997,7.675,0.00,7.83,world
2089.57,2026-08-29 04:09:29,5.08,-2.90,1317.68,-105.9,corridor,19.50,rain,8.466,7.619,0.00,9.64,world
2090.07,2026-08-29 04:09:29,3.55,-2.90,1318.59,-15.6,corridor,19.52,rain,8.466,7.619,0.00,11.41,world
2090.57,2026-08-29 04:09:30,2.88,-2.90,1321.00,-15.6,corridor,19.54,rain,6.678,7.545,0.00,13.14,world
2091.07,2026-08-29 04:09:30,2.20,-4.18,1323.43,-15.6,corridor,19.56,rain,6.678,7.545,0.00,15.10,world
2091.57,2026-08-29 04:09:31,8.00,-1.91,1317.00,-15.9,corridor,19.58,rain,7.168,6.724,0.00,6.71,world
2092.07,2026-08-29 04:09:31,7.45,-2.90,1318.29,-78.9,corridor,19.60,rain,7.168,6.724,0.00,7.83,world
2092.57,2026-08-29 04:09:32,5.08,-2.90,1317.68,-105.9,corridor,19.62,rain,8.166,6.839,0.00,9.64,world
2093.07,2026-08-29 04:09:32,2.68,-2.90,1316.99,-105.9,corridor,19.64,rain,8.166,6.839,0.00,11.71,world
2093.57,2026-08-29 04:09:33,1.44,-2.89,1318.42,-15.5,corridor,19.66,rain,7.160,7.874,0.00,13.31,world
2094.07,2026-08-29 04:09:33,0.78,-2.84,1320.81,-15.5,corridor,19.68,rain,7.160,7.874,0.00,14.87,world
2094.57,2026-08-29 04:09:34,0.14,-3.55,1323.14,-15.5,corridor,19.70,rain,7.645,7.589,0.00,16.60,world
2095.07,2026-08-29 04:09:34,-0.53,-6.24,1325.55,-15.5,corridor,19.72,rain,7.645,7.589,0.00,18.56,world
2095.57,2026-08-29 04:09:35,7.71,-2.90,1318.03,-15.9,corridor,19.74,rain,7.309,6.028,0.00,7.47,world
2096.07,2026-08-29 04:09:35,5.57,-2.90,1317.81,-105.9,corridor,19.76,rain,7.309,6.028,0.00,9.26,world
2096.57,2026-08-29 04:09:36,3.16,-2.90,1317.13,-105.9,corridor,19.78,rain,8.828,7.509,0.00,11.28,world
2097.07,2026-08-29 04:09:36,0.76,-2.89,1316.45,-105.9,corridor,19.80,rain,8.828,7.509,0.00,13.46,world
2097.57,2026-08-29 04:09:37,-0.51,-2.81,1317.75,-15.4,corridor,19.82,rain,7.887,7.575,0.00,14.99,world
2098.07,2026-08-29 04:09:37,-1.14,-2.60,1320.06,-15.4,corridor,19.84,rain,7.887,7.575,0.00,16.31,world
2098.57,2026-08-29 04:09:38,-1.74,-2.34,1322.28,-15.4,corridor,19.86,rain,8.817,7.425,0.00,17.79,world
2099.07,2026-08-29 04:09:38,-2.41,-4.51,1324.69,-15.4,corridor,19.88,rain,8.817,7.425,0.00,19.58,world
2099.57,2026-08-29 04:09:39,7.92,-2.90,1317.29,-15.9,corridor,19.90,rain,6.762,6.426,0.00,6.91,world
2100.07,2026-08-29 04:09:39,8.84,-2.90,1318.74,74.1,corridor,19.92,rain,6.762,6.426,0.00,7.01,world
2100.57,2026-08-29 04:09:40,11.15,-2.90,1319.48,32.1,corridor,19.94,rain,11.741,6.928,0.00,6.18,world
2101.07,2026-08-29 04:09:40,10.61,-2.90,1321.79,-16.1,corridor,19.96,rain,11.741,6.928,0.00,8.50,world
2101.57,2026-08-29 04:09:41,9.91,-6.15,1324.60,-16.1,corridor,19.98,rain,6.529,7.407,0.00,11.37,world
2102.07,2026-08-29 04:09:41,7.71,-2.90,1318.03,-15.9,corridor,20.00,rain,6.529,7.407,0.00,7.47,world
2102.57,2026-08-29 04:09:42,9.64,-2.90,1318.97,74.1,corridor,20.02,rain,7.869,7.429,0.00,6.61,world
2103.07,2026-08-29 04:09:42,12.05,-2.90,1319.65,74.1,corridor,20.04,rain,7.869,7.429,0.00,5.98,world
2103.57,2026-08-29 04:09:43,12.96,-2.89,1321.16,-16.2,corridor,20.06,rain,7.464,7.402,0.00,7.23,world
2104.07,2026-08-29 04:09:43,12.26,-4.24,1323.56,-16.2,corridor,20.08,rain,7.464,7.402,0.00,9.72,world
2104.57,2026-08-29 04:09:44,7.94,-2.75,1317.22,-15.9,corridor,20.10,rain,6.696,7.663,0.00,6.86,world
2105.07,2026-08-29 04:09:44,8.68,-2.90,1318.70,74.1,corridor,20.12,rain,6.696,7.663,0.00,7.09,world
2105.57,2026-08-29 04:09:45,11.09,-2.90,1319.38,74.1,corridor,20.14,rain,7.616,7.639,0.00,6.12,world
2106.07,2026-08-29 04:09:45,13.49,-2.90,1320.06,74.1,corridor,20.16,rain,7.616,7.639,0.00,6.08,world
2106.57,2026-08-29 04:09:46,15.02,-2.63,1321.08,-16.3,corridor,20.18,rain,7.418,7.889,0.00,7.15,world
2107.07,2026-08-29 04:09:46,14.31,-3.86,1323.50,-16.3,corridor,20.20,rain,7.418,7.889,0.00,9.50,world
2107.57,2026-08-29 04:09:47,7.95,-2.52,1317.16,-15.9,corridor,20.22,rain,7.856,8.753,0.00,6.82,world
2108.07,2026-08-29 04:09:47,6.69,-2.90,1318.13,-105.9,corridor,20.24,rain,7.856,8.753,0.00,8.40,world
2108.57,2026-08-29 04:09:48,4.28,-2.90,1317.45,-105.9,corridor,20.26,rain,7.635,8.284,0.00,10.31,world
2109.07,2026-08-29 04:09:48,3.33,-2.90,1319.39,-15.6,corridor,20.28,rain,7.635,8.284,0.00,11.95,world
2109.57,2026-08-29 04:09:49,2.66,-2.89,1321.80,-15.6,corridor,20.30,rain,7.643,8.876,0.00,13.77,world
2110.07,2026-08-29 04:09:49,1.98,-4.96,1324.23,-15.6,corridor,20.32,rain,7.643,8.876,0.00,15.79,world
2110.57,2026-08-29 04:09:50,7.95,-2.52,1317.16,-15.9,corridor,20.34,rain,7.134,8.027,0.00,6.82,world
2111.07,2026-08-29 04:09:50,6.69,-2.90,1318.13,-105.9,corridor,20.36,rain,7.134,8.027,0.00,8.40,world
2111.57,2026-08-29 04:09:51,4.28,-2.90,1317.45,-105.9,corridor,20.38,rain,8.793,8.772,0.00,10.31,world
2112.07,2026-08-29 04:09:51,1.95,-2.90,1316.92,-53.3,corridor,20.40,rain,8.793,8.772,0.00,12.40,world
2112.57,2026-08-29 04:09:52,1.22,-2.89,1319.22,-15.5,corridor,20.42,rain,9.437,10.583,0.00,13.81,world
2113.07,2026-08-29 04:09:52,0.58,-2.73,1321.56,-15.5,corridor,20.44,rain,9.437,10.583,0.00,15.41,world
2113.57,2026-08-29 04:09:53,-0.08,-4.25,1323.94,-15.5,corridor,20.46,rain,8.155,7.245,0.00,17.24,world
2114.07,2026-08-29 04:09:53,7.99,-2.03,1317.04,-15.9,corridor,20.48,rain,8.155,7.245,0.00,6.73,world
2114.57,2026-08-29 04:09:54,7.17,-2.90,1318.27,-105.9,corridor,20.50,rain,7.225,8.768,0.00,8.05,world
2115.07,2026-08-29 04:09:54,4.76,-2.90,1317.59,-105.9,corridor,20.52,rain,7.225,8.768,0.00,9.91,world
2115.57,2026-08-29 04:09:55,2.36,-2.90,1316.90,-105.9,corridor,20.54,rain,11.322,10.629,0.00,12.00,world
2116.07,2026-08-29 04:09:55,0.01,-2.88,1316.33,-63.8,corridor,20.56,rain,11.322,10.629,0.00,14.18,world
2116.57,2026-08-29 04:09:56,-0.73,-2.76,1318.53,-15.4,corridor,20.58,rain,10.010,10.027,0.00,15.41,world
2117.07,2026-08-29 04:09:56,-1.34,-2.48,1320.80,-15.4,corridor,20.60,rain,10.010,10.027,0.00,16.78,world
2117.57,2026-08-29 04:09:57,-1.96,-3.06,1323.08,-15.4,corridor,20.62,rain,10.827,8.572,0.00,18.37,world
2118.07,2026-08-29 04:09:57,-2.63,-6.16,1325.49,-15.4,corridor,20.64,rain,10.827,8.572,0.00,20.21,world
2118.57,2026-08-29 04:09:58,7.71,-2.90,1318.03,-15.9,corridor,20.66,rain,9.861,8.332,0.00,7.47,world
2119.07,2026-08-29 04:09:58,9.64,-2.90,1318.97,74.1,corridor,20.68,rain,9.861,8.332,0.00,6.61,world
2119.57,2026-08-29 04:09:59,11.08,-2.90,1320.19,-16.1,corridor,20.70,rain,9.106,121.789,0.00,6.85,world
2120.07,2026-08-29 04:09:59,10.38,-3.20,1322.60,-16.1,corridor,20.72,rain,9.106,121.789,0.00,9.33,world
2120.58,2026-08-29 04:10:01,7.99,-2.09,1317.04,-15.9,corridor,20.74,rain,10.641,9.576,0.00,6.74,menu_map
2121.10,2026-08-29 04:10:01,7.99,-2.09,1317.04,-15.9,corridor,20.74,rain,208.230,460.006,0.00,6.74,menu_save
2121.60,2026-08-29 04:10:01,7.99,-2.09,1317.04,-15.9,corridor,20.74,rain,208.230,460.006,0.00,6.74,menu_save
2122.25,2026-08-29 04:10:02,7.99,-2.09,1317.04,-15.9,corridor,20.74,rain,94.291,4.731,0.00,6.74,menu_save
2122.75,2026-08-29 04:10:03,7.99,-2.09,1317.04,-15.9,corridor,20.74,rain,46.529,5.365,0.00,6.74,menu_save
2123.25,2026-08-29 04:10:03,7.99,-2.09,1317.04,-15.9,corridor,20.74,rain,46.529,5.365,0.00,6.74,menu_save
2123.75,2026-08-29 04:10:04,7.99,-2.09,1317.04,-15.9,corridor,20.74,rain,28.711,3.988,0.00,6.74,menu_save
2124.25,2026-08-29 04:10:04,7.99,-2.09,1317.04,-15.9,corridor,20.74,rain,28.711,3.988,0.00,6.74,world
