t,wall,x,y,z,heading,region,clock_hour,weather,frame_ms,physics_ms,dead_travel_m,nearest_poi_dist_m,input_context
4.25,2026-08-30 01:32:09,-25.40,4.93,-15.60,0.0,grandpas_village,8.16,clear,7.302,5.074,0.00,13.70,world
4.57,2026-08-30 01:32:09,-25.40,4.93,-15.60,0.0,grandpas_village,8.17,clear,7.302,5.074,0.00,13.70,world
5.07,2026-08-30 01:32:09,-25.40,4.93,-15.60,0.0,grandpas_village,8.19,clear,6.901,449.516,0.00,13.70,world
5.57,2026-08-30 01:32:10,-25.40,4.93,-15.60,0.0,grandpas_village,8.21,clear,6.901,449.516,0.00,13.70,world
6.07,2026-08-30 01:32:10,-25.40,4.93,-15.60,0.0,grandpas_village,8.23,clear,6.643,6.916,0.00,13.70,world
6.57,2026-08-30 01:32:11,-25.40,4.93,-15.60,0.0,grandpas_village,8.25,clear,6.643,6.916,0.00,13.70,world
7.07,2026-08-30 01:32:11,-25.40,4.93,-15.60,0.0,grandpas_village,8.27,clear,6.857,7.214,0.00,13.70,world
7.57,2026-08-30 01:32:12,-25.40,4.93,-15.60,0.0,grandpas_village,8.29,clear,6.857,7.214,0.00,13.70,world
8.07,2026-08-30 01:32:12,-25.40,4.93,-15.60,0.0,grandpas_village,8.31,clear,7.381,9.568,0.00,13.70,world
8.57,2026-08-30 01:32:13,-25.40,4.93,-15.60,0.0,grandpas_village,8.33,clear,7.381,9.568,0.00,13.70,world
9.07,2026-08-30 01:32:13,-25.40,4.93,-15.60,0.0,grandpas_village,8.35,clear,6.388,7.476,0.00,13.70,world
9.57,2026-08-30 01:32:14,-25.40,4.93,-15.60,0.0,grandpas_village,8.37,clear,6.388,7.476,0.00,13.70,world
10.07,2026-08-30 01:32:14,-25.40,4.93,-15.60,0.0,grandpas_village,8.39,clear,6.052,7.907,0.00,13.70,world
10.57,2026-08-30 01:32:15,-25.40,4.93,-15.60,0.0,grandpas_village,8.41,clear,6.052,7.907,0.00,13.70,world
11.07,2026-08-30 01:32:15,-25.40,4.93,-15.60,0.0,grandpas_village,8.43,clear,7.941,6.874,0.00,13.70,world
11.57,2026-08-30 01:32:16,-25.40,4.93,-15.60,0.0,grandpas_village,8.45,clear,7.941,6.874,0.00,13.70,world
12.07,2026-08-30 01:32:16,-25.40,4.93,-15.60,0.0,grandpas_village,8.47,clear,8.003,8.189,0.00,13.70,world
12.57,2026-08-30 01:32:17,-25.40,4.93,-15.60,0.0,grandpas_village,8.49,clear,8.003,8.189,0.00,13.70,world
13.07,2026-08-30 01:32:17,-25.40,4.93,-15.60,0.0,grandpas_village,8.51,clear,7.291,7.845,0.00,13.70,world
13.57,2026-08-30 01:32:18,-25.40,4.93,-15.60,0.0,grandpas_village,8.53,clear,7.291,7.845,0.00,13.70,world
14.07,2026-08-30 01:32:18,-25.40,4.93,-15.60,0.0,grandpas_village,8.55,clear,6.300,8.185,0.00,13.70,world
15.57,2026-08-30 01:32:20,10.00,1.77,-10.00,0.0,grandpas_village,8.61,clear,7.582,11.989,0.00,11.66,world
16.07,2026-08-30 01:32:21,10.00,1.77,-10.00,0.0,grandpas_village,8.63,clear,6.816,521.221,0.00,11.66,world
16.57,2026-08-30 01:32:21,10.00,1.77,-10.00,0.0,grandpas_village,8.65,clear,6.902,8.514,0.00,11.66,world
17.07,2026-08-30 01:32:22,10.00,1.77,-10.00,0.0,grandpas_village,8.67,clear,6.902,8.514,0.00,11.66,world
17.57,2026-08-30 01:32:22,10.00,1.77,-10.00,0.0,grandpas_village,8.69,clear,6.148,9.492,0.00,11.66,world
18.07,2026-08-30 01:32:23,10.00,1.77,-10.00,0.0,grandpas_village,8.71,clear,6.148,9.492,0.00,11.66,world
18.57,2026-08-30 01:32:23,10.00,1.77,-10.00,0.0,grandpas_village,8.73,clear,7.964,10.600,0.00,11.66,world
19.07,2026-08-30 01:32:24,10.00,1.77,-10.00,0.0,grandpas_village,8.75,clear,7.964,10.600,0.00,11.66,world
19.57,2026-08-30 01:32:24,10.00,1.77,-10.00,0.0,grandpas_village,8.77,clear,6.452,9.189,0.00,11.66,world
20.07,2026-08-30 01:32:25,10.00,1.77,-10.00,0.0,grandpas_village,8.79,clear,6.452,9.189,0.00,11.66,world
20.57,2026-08-30 01:32:25,10.00,1.77,-10.00,0.0,grandpas_village,8.81,clear,7.215,8.962,0.00,11.66,world
21.07,2026-08-30 01:32:26,10.00,1.77,-10.00,0.0,grandpas_village,8.83,clear,7.215,8.962,0.00,11.66,world
21.57,2026-08-30 01:32:26,10.00,1.77,-10.00,0.0,grandpas_village,8.85,clear,7.048,9.040,0.00,11.66,world
22.07,2026-08-30 01:32:27,10.00,1.77,-10.00,0.0,grandpas_village,8.87,clear,7.048,9.040,0.00,11.66,world
22.57,2026-08-30 01:32:27,10.00,1.77,-10.00,0.0,grandpas_village,8.89,clear,6.848,8.982,0.00,11.66,world
23.07,2026-08-30 01:32:28,10.00,1.77,-10.00,0.0,grandpas_village,8.91,clear,6.848,8.982,0.00,11.66,world
23.57,2026-08-30 01:32:28,10.00,1.77,-10.00,0.0,grandpas_village,8.93,clear,6.932,9.305,0.00,11.66,world
24.07,2026-08-30 01:32:29,10.00,1.77,-10.00,0.0,grandpas_village,8.95,clear,6.932,9.305,0.00,11.66,world
24.57,2026-08-30 01:32:29,10.00,1.77,-10.00,0.0,grandpas_village,8.97,clear,6.387,9.135,0.00,11.66,world
25.07,2026-08-30 01:32:30,10.00,1.77,-10.00,0.0,grandpas_village,8.99,clear,6.387,9.135,0.00,11.66,world
25.57,2026-08-30 01:32:30,10.00,1.77,-10.00,0.0,grandpas_village,9.01,clear,5.746,10.659,0.00,11.66,world
26.07,2026-08-30 01:32:31,10.00,1.77,-10.00,0.0,grandpas_village,9.03,clear,5.746,10.659,0.00,11.66,world
26.57,2026-08-30 01:32:31,10.00,1.77,-10.00,0.0,grandpas_village,9.05,clear,5.851,23.828,0.00,11.66,world
27.07,2026-08-30 01:32:32,10.00,1.77,-10.00,0.0,grandpas_village,9.07,clear,5.851,23.828,0.00,11.66,world
27.57,2026-08-30 01:32:32,10.00,1.73,-10.00,0.0,grandpas_village,9.09,clear,5.292,9.072,0.00,11.66,world
28.07,2026-08-30 01:32:33,10.00,1.73,-10.00,0.0,grandpas_village,9.11,clear,5.292,9.072,0.00,11.66,world
28.57,2026-08-30 01:32:33,10.00,1.73,-10.00,0.0,grandpas_village,9.13,clear,4.937,11.119,0.00,11.66,world
29.07,2026-08-30 01:32:34,10.00,1.73,-10.00,0.0,grandpas_village,9.15,clear,4.937,11.119,0.00,11.66,world
29.57,2026-08-30 01:32:34,10.00,1.73,-10.00,0.0,grandpas_village,9.17,clear,6.021,11.364,0.00,11.66,world
30.07,2026-08-30 01:32:35,10.00,1.73,-10.00,0.0,grandpas_village,9.19,clear,6.021,11.364,0.00,11.66,world
30.57,2026-08-30 01:32:36,10.00,1.73,-10.00,0.0,grandpas_village,9.21,clear,6.784,9.068,0.00,11.66,world
31.07,2026-08-30 01:32:36,10.00,1.73,-10.00,0.0,grandpas_village,9.23,clear,8.966,508.284,0.00,11.66,world
31.57,2026-08-30 01:32:36,10.00,1.73,-10.00,0.0,grandpas_village,9.25,clear,8.966,508.284,0.00,11.66,world
32.07,2026-08-30 01:32:37,10.00,1.73,-10.00,0.0,grandpas_village,9.27,clear,6.692,9.315,0.00,11.66,world
32.57,2026-08-30 01:32:37,10.00,1.73,-10.00,0.0,grandpas_village,9.29,clear,6.692,9.315,0.00,11.66,world
33.07,2026-08-30 01:32:38,10.00,1.73,-10.00,0.0,grandpas_village,9.31,clear,6.547,8.899,0.00,11.66,world
33.57,2026-08-30 01:32:38,10.00,1.73,-10.00,0.0,grandpas_village,9.33,clear,6.547,8.899,0.00,11.66,world
34.07,2026-08-30 01:32:39,10.00,1.73,-10.00,0.0,grandpas_village,9.35,clear,6.351,10.210,0.00,11.66,world
34.57,2026-08-30 01:32:39,10.00,1.73,-10.00,0.0,grandpas_village,9.37,clear,6.351,10.210,0.00,11.66,world
35.07,2026-08-30 01:32:40,10.00,1.73,-10.00,0.0,grandpas_village,9.39,clear,5.989,9.668,0.00,11.66,world
35.57,2026-08-30 01:32:40,10.00,1.77,-10.00,0.0,grandpas_village,9.41,clear,5.989,9.668,0.00,11.66,world
36.07,2026-08-30 01:32:41,10.00,1.77,-10.00,0.0,grandpas_village,9.43,clear,7.494,9.466,0.00,11.66,world
36.57,2026-08-30 01:32:41,10.00,1.77,-10.00,0.0,grandpas_village,9.45,clear,7.494,9.466,0.00,11.66,world
37.07,2026-08-30 01:32:42,10.00,1.77,-10.00,0.0,grandpas_village,9.47,clear,6.925,9.342,0.00,11.66,world
37.57,2026-08-30 01:32:42,10.00,1.77,-10.00,0.0,grandpas_village,9.49,clear,6.925,9.342,0.00,11.66,world
38.07,2026-08-30 01:32:43,10.00,1.77,-10.00,0.0,grandpas_village,9.51,clear,7.623,8.964,0.00,11.66,world
38.57,2026-08-30 01:32:43,10.00,1.77,-10.00,0.0,grandpas_village,9.53,clear,7.623,8.964,0.00,11.66,world
39.07,2026-08-30 01:32:44,10.00,1.77,-10.00,0.0,grandpas_village,9.55,clear,8.146,9.066,0.00,11.66,world
39.57,2026-08-30 01:32:44,10.00,1.77,-10.00,0.0,grandpas_village,9.57,clear,8.146,9.066,0.00,11.66,world
40.07,2026-08-30 01:32:45,10.00,1.77,-10.00,0.0,grandpas_village,9.59,clear,8.554,9.070,0.00,11.66,world
40.57,2026-08-30 01:32:45,10.00,1.77,-10.00,0.0,grandpas_village,9.61,clear,8.554,9.070,0.00,11.66,world
41.07,2026-08-30 01:32:46,10.00,1.77,-10.00,0.0,grandpas_village,9.63,clear,8.871,10.566,0.00,11.66,world
41.57,2026-08-30 01:32:46,10.00,1.77,-10.00,0.0,grandpas_village,9.65,clear,8.871,10.566,0.00,11.66,world
42.07,2026-08-30 01:32:47,10.00,1.77,-10.00,0.0,grandpas_village,9.67,clear,7.818,9.345,0.00,11.66,world
42.57,2026-08-30 01:32:47,10.00,1.77,-10.00,0.0,grandpas_village,9.69,clear,7.818,9.345,0.00,11.66,world
43.07,2026-08-30 01:32:48,10.00,1.77,-10.00,0.0,grandpas_village,9.71,clear,7.789,9.382,0.00,11.66,world
43.57,2026-08-30 01:32:48,10.00,1.77,-10.00,0.0,grandpas_village,9.73,clear,7.789,9.382,0.00,11.66,world
44.07,2026-08-30 01:32:49,10.00,1.77,-10.00,0.0,grandpas_village,9.75,clear,7.810,10.890,0.00,11.66,world
44.57,2026-08-30 01:32:49,10.00,1.77,-10.00,0.0,grandpas_village,9.77,clear,7.810,10.890,0.00,11.66,world
45.07,2026-08-30 01:32:50,10.00,1.77,-10.00,0.0,grandpas_village,9.79,clear,6.263,8.679,0.00,11.66,world
45.57,2026-08-30 01:32:50,10.00,1.77,-10.00,0.0,grandpas_village,9.81,clear,6.263,8.679,0.00,11.66,world
46.07,2026-08-30 01:32:51,10.00,1.77,-10.00,0.0,grandpas_village,9.83,clear,7.845,8.639,0.00,11.66,world
46.57,2026-08-30 01:32:51,10.00,1.77,-10.00,0.0,grandpas_village,9.85,clear,7.845,8.639,0.00,11.66,world
47.07,2026-08-30 01:32:52,10.00,1.77,-10.00,0.0,grandpas_village,9.87,clear,7.248,12.180,0.00,11.66,world
47.57,2026-08-30 01:32:52,10.00,1.77,-10.00,0.0,grandpas_village,9.89,clear,7.248,12.180,0.00,11.66,world
48.07,2026-08-30 01:32:53,10.00,1.77,-10.00,0.0,grandpas_village,9.91,clear,7.168,8.165,0.00,11.66,world
48.57,2026-08-30 01:32:53,10.00,1.77,-10.00,0.0,grandpas_village,9.93,clear,7.168,8.165,0.00,11.66,world
49.07,2026-08-30 01:32:54,10.00,1.77,-10.00,0.0,grandpas_village,9.95,clear,6.380,7.902,0.00,11.66,world
49.57,2026-08-30 01:32:54,10.00,1.77,-10.00,0.0,grandpas_village,9.97,clear,6.380,7.902,0.00,11.66,world
50.07,2026-08-30 01:32:55,10.00,1.77,-10.00,0.0,grandpas_village,9.99,clear,5.892,7.855,0.00,11.66,world
50.57,2026-08-30 01:32:55,10.00,1.77,-10.00,0.0,grandpas_village,10.01,clear,5.892,7.855,0.00,11.66,world
51.07,2026-08-30 01:32:56,10.00,1.77,-10.00,0.0,grandpas_village,10.03,clear,10.015,11.632,0.00,11.66,world
51.57,2026-08-30 01:32:56,10.00,1.77,-10.00,0.0,grandpas_village,10.05,clear,10.015,11.632,0.00,11.66,world
52.07,2026-08-30 01:32:57,10.00,1.77,-10.00,0.0,grandpas_village,10.07,clear,5.685,7.542,0.00,11.66,world
52.57,2026-08-30 01:32:57,10.00,1.77,-10.00,0.0,grandpas_village,10.09,clear,5.685,7.542,0.00,11.66,world
53.07,2026-08-30 01:32:58,10.00,1.77,-10.00,0.0,grandpas_village,10.11,clear,5.376,7.684,0.00,11.66,world
53.57,2026-08-30 01:32:58,10.00,1.73,-10.00,0.0,grandpas_village,10.13,clear,5.376,7.684,0.00,11.66,world
54.07,2026-08-30 01:32:59,10.00,1.73,-10.00,0.0,grandpas_village,10.15,clear,8.816,10.403,0.00,11.66,world
54.57,2026-08-30 01:32:59,10.00,1.73,-10.00,0.0,grandpas_village,10.17,clear,8.816,10.403,0.00,11.66,world
55.07,2026-08-30 01:33:00,10.00,1.73,-10.00,0.0,grandpas_village,10.19,clear,6.467,8.336,0.00,11.66,world
55.57,2026-08-30 01:33:00,10.00,1.73,-10.00,0.0,grandpas_village,10.21,clear,6.467,8.336,0.00,11.66,world
56.07,2026-08-30 01:33:01,10.00,1.73,-10.00,0.0,grandpas_village,10.23,clear,5.785,7.919,0.00,11.66,world
56.57,2026-08-30 01:33:01,10.00,1.73,-10.00,0.0,grandpas_village,10.25,clear,5.785,7.919,0.00,11.66,world
57.07,2026-08-30 01:33:02,10.00,1.73,-10.00,0.0,grandpas_village,10.27,clear,5.757,7.753,0.00,11.66,world
57.57,2026-08-30 01:33:02,10.00,1.73,-10.00,0.0,grandpas_village,10.29,clear,5.757,7.753,0.00,11.66,world
58.07,2026-08-30 01:33:03,10.00,1.73,-10.00,0.0,grandpas_village,10.31,clear,6.225,25.708,0.00,11.66,world
58.57,2026-08-30 01:33:03,10.00,1.73,-10.00,0.0,grandpas_village,10.33,clear,6.225,25.708,0.00,11.66,world
59.07,2026-08-30 01:33:04,10.00,1.73,-10.00,0.0,grandpas_village,10.35,clear,5.266,7.436,0.00,11.66,world
59.57,2026-08-30 01:33:04,10.00,1.73,-10.00,0.0,grandpas_village,10.37,clear,5.266,7.436,0.00,11.66,world
60.07,2026-08-30 01:33:05,10.00,1.73,-10.00,0.0,grandpas_village,10.39,clear,4.801,8.017,0.00,11.66,world
60.57,2026-08-30 01:33:05,10.00,1.73,-10.00,0.0,grandpas_village,10.41,clear,4.801,8.017,0.00,11.66,world
61.07,2026-08-30 01:33:06,10.00,1.73,-10.00,0.0,grandpas_village,10.43,clear,4.997,11.175,0.00,11.66,world
61.57,2026-08-30 01:33:06,10.00,1.73,-10.00,0.0,grandpas_village,10.45,clear,4.997,11.175,0.00,11.66,world
62.07,2026-08-30 01:33:07,10.00,1.73,-10.00,0.0,grandpas_village,10.47,clear,6.613,8.384,0.00,11.66,world
62.57,2026-08-30 01:33:07,10.00,1.73,-10.00,0.0,grandpas_village,10.49,clear,6.613,8.384,0.00,11.66,world
63.07,2026-08-30 01:33:08,10.00,1.73,-10.00,0.0,grandpas_village,10.51,clear,6.041,10.255,0.00,11.66,world
63.57,2026-08-30 01:33:08,10.00,1.73,-10.00,0.0,grandpas_village,10.53,clear,6.041,10.255,0.00,11.66,world
64.07,2026-08-30 01:33:09,10.00,1.73,-10.00,0.0,grandpas_village,10.55,clear,5.427,8.703,0.00,11.66,world
64.57,2026-08-30 01:33:09,10.00,1.73,-10.00,0.0,grandpas_village,10.57,clear,5.427,8.703,0.00,11.66,world
65.07,2026-08-30 01:33:10,10.00,1.73,-10.00,0.0,grandpas_village,10.59,clear,5.687,7.629,0.00,11.66,world
65.57,2026-08-30 01:33:10,10.00,1.73,-10.00,0.0,grandpas_village,10.61,clear,5.687,7.629,0.00,11.66,world
66.07,2026-08-30 01:33:11,10.00,1.73,-10.00,0.0,grandpas_village,10.63,clear,5.237,7.515,0.00,11.66,world
66.57,2026-08-30 01:33:11,10.00,1.73,-10.00,0.0,grandpas_village,10.65,clear,5.237,7.515,0.00,11.66,world
67.07,2026-08-30 01:33:12,10.00,1.73,-10.00,0.0,grandpas_village,10.67,clear,5.701,7.787,0.00,11.66,world
67.57,2026-08-30 01:33:12,10.00,1.73,-10.00,0.0,grandpas_village,10.69,clear,5.701,7.787,0.00,11.66,world
68.07,2026-08-30 01:33:13,10.00,1.73,-10.00,0.0,grandpas_village,10.71,clear,6.314,7.520,0.00,11.66,world
68.57,2026-08-30 01:33:13,10.00,1.73,-10.00,0.0,grandpas_village,10.73,clear,6.314,7.520,0.00,11.66,world
69.07,2026-08-30 01:33:14,10.00,1.73,-10.00,0.0,grandpas_village,10.75,clear,5.716,7.815,0.00,11.66,world
69.57,2026-08-30 01:33:14,10.00,1.73,-10.00,0.0,grandpas_village,10.77,clear,5.716,7.815,0.00,11.66,world
70.07,2026-08-30 01:33:15,10.00,1.73,-10.00,0.0,grandpas_village,10.79,clear,6.230,8.144,0.00,11.66,world
70.57,2026-08-30 01:33:15,10.00,1.73,-10.00,0.0,grandpas_village,10.81,clear,6.230,8.144,0.00,11.66,world
71.07,2026-08-30 01:33:16,10.00,1.73,-10.00,0.0,grandpas_village,10.83,clear,6.451,7.846,0.00,11.66,world
71.57,2026-08-30 01:33:16,10.00,1.73,-10.00,0.0,grandpas_village,10.85,clear,6.451,7.846,0.00,11.66,world
72.07,2026-08-30 01:33:17,10.00,1.73,-10.00,0.0,grandpas_village,10.87,clear,5.763,7.535,0.00,11.66,world
72.57,2026-08-30 01:33:17,10.00,1.73,-10.00,0.0,grandpas_village,10.89,clear,5.763,7.535,0.00,11.66,world
73.07,2026-08-30 01:33:18,10.00,1.73,-10.00,0.0,grandpas_village,10.91,clear,5.482,7.259,0.00,11.66,world
73.57,2026-08-30 01:33:18,10.00,1.73,-10.00,0.0,grandpas_village,10.93,clear,5.482,7.259,0.00,11.66,world
74.07,2026-08-30 01:33:19,10.00,1.73,-10.00,0.0,grandpas_village,10.95,clear,4.884,7.812,0.00,11.66,world
74.57,2026-08-30 01:33:19,10.00,1.73,-10.00,0.0,grandpas_village,10.97,clear,4.884,7.812,0.00,11.66,world
75.07,2026-08-30 01:33:20,10.00,1.73,-10.00,0.0,grandpas_village,10.99,clear,5.470,8.091,0.00,11.66,world
75.57,2026-08-30 01:33:20,10.00,1.73,-10.00,0.0,grandpas_village,11.01,clear,5.470,8.091,0.00,11.66,world
76.07,2026-08-30 01:33:21,10.00,1.73,-10.00,0.0,grandpas_village,11.03,clear,5.310,8.155,0.00,11.66,world
76.57,2026-08-30 01:33:21,10.00,1.73,-10.00,0.0,grandpas_village,11.05,clear,5.310,8.155,0.00,11.66,world
77.07,2026-08-30 01:33:22,10.00,1.73,-10.00,0.0,grandpas_village,11.07,clear,5.973,8.178,0.00,11.66,world
77.57,2026-08-30 01:33:22,10.00,1.73,-10.00,0.0,grandpas_village,11.09,clear,5.973,8.178,0.00,11.66,world
78.07,2026-08-30 01:33:23,10.00,1.73,-10.00,0.0,grandpas_village,11.11,clear,6.336,7.561,0.00,11.66,world
78.57,2026-08-30 01:33:23,10.00,1.73,-10.00,0.0,grandpas_village,11.13,clear,6.336,7.561,0.00,11.66,world
79.07,2026-08-30 01:33:24,10.00,1.73,-10.00,0.0,grandpas_village,11.15,clear,6.065,7.884,0.00,11.66,world
79.57,2026-08-30 01:33:24,10.00,1.73,-10.00,0.0,grandpas_village,11.17,clear,6.065,7.884,0.00,11.66,world
80.07,2026-08-30 01:33:25,10.00,1.73,-10.00,0.0,grandpas_village,11.19,clear,5.799,7.526,0.00,11.66,world
80.57,2026-08-30 01:33:25,10.00,1.73,-10.00,0.0,grandpas_village,11.21,clear,5.799,7.526,0.00,11.66,world
81.07,2026-08-30 01:33:26,10.00,1.73,-10.00,0.0,grandpas_village,11.23,clear,5.770,8.448,0.00,11.66,world
81.57,2026-08-30 01:33:26,10.00,1.73,-10.00,0.0,grandpas_village,11.25,clear,5.770,8.448,0.00,11.66,world
82.07,2026-08-30 01:33:27,10.00,1.73,-10.00,0.0,grandpas_village,11.27,clear,5.891,10.037,0.00,11.66,world
82.57,2026-08-30 01:33:27,10.00,1.73,-10.00,0.0,grandpas_village,11.29,clear,5.891,10.037,0.00,11.66,world
83.07,2026-08-30 01:33:28,10.00,1.73,-10.00,0.0,grandpas_village,11.31,clear,6.871,9.604,0.00,11.66,world
83.57,2026-08-30 01:33:28,10.00,1.73,-10.00,0.0,grandpas_village,11.33,clear,6.871,9.604,0.00,11.66,world
84.07,2026-08-30 01:33:29,10.00,1.73,-10.00,0.0,grandpas_village,11.35,clear,5.105,8.107,0.00,11.66,world
84.57,2026-08-30 01:33:29,10.00,1.73,-10.00,0.0,grandpas_village,11.37,clear,5.105,8.107,0.00,11.66,world
85.07,2026-08-30 01:33:30,10.00,1.73,-10.00,0.0,grandpas_village,11.39,clear,6.166,7.856,0.00,11.66,world
85.57,2026-08-30 01:33:30,10.00,1.73,-10.00,0.0,grandpas_village,11.41,clear,6.166,7.856,0.00,11.66,world
86.07,2026-08-30 01:33:31,10.00,1.73,-10.00,0.0,grandpas_village,11.43,clear,6.119,7.696,0.00,11.66,world
86.57,2026-08-30 01:33:31,10.00,1.73,-10.00,0.0,grandpas_village,11.45,clear,6.119,7.696,0.00,11.66,world
87.07,2026-08-30 01:33:32,10.00,1.73,-10.00,0.0,grandpas_village,11.47,clear,5.730,7.357,0.00,11.66,world
87.57,2026-08-30 01:33:32,10.00,1.73,-10.00,0.0,grandpas_village,11.49,clear,5.730,7.357,0.00,11.66,world
88.07,2026-08-30 01:33:33,10.00,1.73,-10.00,0.0,grandpas_village,11.51,clear,7.560,9.720,0.00,11.66,world
88.57,2026-08-30 01:33:33,10.00,1.73,-10.00,0.0,grandpas_village,11.53,clear,7.560,9.720,0.00,11.66,world
89.07,2026-08-30 01:33:34,10.00,1.73,-10.00,0.0,grandpas_village,11.55,clear,6.461,7.672,0.00,11.66,world
89.57,2026-08-30 01:33:34,10.00,1.73,-10.00,0.0,grandpas_village,11.57,clear,6.461,7.672,0.00,11.66,world
90.07,2026-08-30 01:33:35,10.00,1.73,-10.00,0.0,grandpas_village,11.59,clear,5.845,7.918,0.00,11.66,world
90.57,2026-08-30 01:33:35,10.00,1.72,-10.00,-10.5,grandpas_village,11.61,clear,5.845,7.918,0.00,11.66,world
91.07,2026-08-30 01:33:36,10.00,1.72,-10.00,180.0,grandpas_village,11.63,clear,7.946,10.004,0.00,11.66,world
91.57,2026-08-30 01:33:36,10.00,1.72,-10.00,180.0,grandpas_village,11.65,clear,7.946,10.004,0.00,11.66,world
92.07,2026-08-30 01:33:37,10.00,1.78,-10.00,180.0,grandpas_village,11.67,clear,5.116,8.235,0.00,11.66,world
92.57,2026-08-30 01:33:37,-25.40,4.93,-15.60,180.0,grandpas_village,11.69,clear,5.116,8.235,0.00,13.70,world
93.07,2026-08-30 01:33:38,-25.40,4.95,-17.79,180.0,grandpas_village,11.71,clear,7.858,7.703,0.00,15.03,world
93.57,2026-08-30 01:33:38,-25.89,4.65,-18.26,-90.0,grandpas_village,11.73,clear,7.858,7.703,0.00,15.71,world
94.07,2026-08-30 01:33:39,-26.26,4.65,-18.26,180.0,grandpas_village,11.75,clear,5.688,6.732,0.00,15.99,world
94.57,2026-08-30 01:33:39,-26.26,4.65,-18.26,180.0,grandpas_village,11.77,clear,5.688,6.732,0.00,15.99,world
95.07,2026-08-30 01:33:40,-26.26,4.65,-18.26,180.0,grandpas_village,11.79,clear,5.507,7.726,0.00,15.99,world
95.57,2026-08-30 01:33:40,-26.26,4.65,-18.26,180.0,grandpas_village,11.81,clear,5.507,7.726,0.00,15.99,world
96.07,2026-08-30 01:33:41,-26.26,4.65,-18.26,180.0,grandpas_village,11.83,clear,6.364,7.226,0.00,15.99,world
96.57,2026-08-30 01:33:41,-26.26,4.65,-18.26,180.0,grandpas_village,11.85,clear,6.364,7.226,0.00,15.99,world
97.07,2026-08-30 01:33:42,-26.26,4.65,-18.26,180.0,grandpas_village,11.87,clear,5.672,8.169,0.00,15.99,world
97.57,2026-08-30 01:33:42,-26.26,4.65,-18.26,180.0,grandpas_village,11.89,clear,5.672,8.169,0.00,15.99,world
98.07,2026-08-30 01:33:43,-26.26,4.65,-18.26,180.0,grandpas_village,11.91,clear,6.315,7.144,0.00,15.99,world
98.57,2026-08-30 01:33:43,-26.26,4.65,-18.26,180.0,grandpas_village,11.93,clear,6.315,7.144,0.00,15.99,world
99.07,2026-08-30 01:33:44,-26.26,4.65,-18.26,180.0,grandpas_village,11.95,clear,5.397,6.847,0.00,15.99,world
99.57,2026-08-30 01:33:44,-26.26,4.65,-18.26,180.0,grandpas_village,11.97,clear,5.397,6.847,0.00,15.99,world
100.07,2026-08-30 01:33:45,-26.26,4.65,-18.26,180.0,grandpas_village,11.99,clear,4.964,6.838,0.00,15.99,world
100.57,2026-08-30 01:33:45,-26.26,4.65,-18.26,180.0,grandpas_village,12.01,clear,4.964,6.838,0.00,15.99,world
101.07,2026-08-30 01:33:46,-26.26,4.65,-18.26,180.0,grandpas_village,12.03,clear,5.184,9.957,0.00,15.99,world
101.57,2026-08-30 01:33:46,-26.26,4.65,-18.26,180.0,grandpas_village,12.05,clear,5.184,9.957,0.00,15.99,world
102.07,2026-08-30 01:33:47,-26.26,4.65,-18.26,180.0,grandpas_village,12.07,clear,5.842,7.084,0.00,15.99,world
102.57,2026-08-30 01:33:47,-26.26,4.65,-18.26,180.0,grandpas_village,12.09,clear,5.842,7.084,0.00,15.99,world
103.07,2026-08-30 01:33:48,-26.26,4.65,-18.26,180.0,grandpas_village,12.11,clear,6.791,8.667,0.00,15.99,world
103.57,2026-08-30 01:33:48,-26.26,4.65,-18.26,180.0,grandpas_village,12.13,clear,6.791,8.667,0.00,15.99,world
104.07,2026-08-30 01:33:49,-26.26,4.65,-18.26,180.0,grandpas_village,12.15,clear,5.180,6.825,0.00,15.99,world
104.57,2026-08-30 01:33:49,-26.26,4.65,-18.26,180.0,grandpas_village,12.17,clear,5.180,6.825,0.00,15.99,world
105.07,2026-08-30 01:33:50,-26.26,4.65,-18.26,180.0,grandpas_village,12.19,clear,6.303,8.909,0.00,15.99,world
105.57,2026-08-30 01:33:50,-26.26,4.65,-18.26,180.0,grandpas_village,12.21,clear,6.303,8.909,0.00,15.99,world
106.07,2026-08-30 01:33:51,-26.26,4.65,-18.26,180.0,grandpas_village,12.23,clear,6.200,6.634,0.00,15.99,world
106.57,2026-08-30 01:33:51,-26.26,4.65,-18.26,180.0,grandpas_village,12.25,clear,6.200,6.634,0.00,15.99,world
107.07,2026-08-30 01:33:52,-26.26,4.65,-18.26,180.0,grandpas_village,12.27,clear,7.363,11.554,0.00,15.99,world
107.57,2026-08-30 01:33:52,-26.26,4.65,-18.26,180.0,grandpas_village,12.29,clear,7.363,11.554,0.00,15.99,world
108.07,2026-08-30 01:33:53,-26.26,4.65,-18.26,180.0,grandpas_village,12.31,clear,6.294,8.190,0.00,15.99,world
108.57,2026-08-30 01:33:53,-26.26,4.65,-18.26,180.0,grandpas_village,12.33,clear,6.294,8.190,0.00,15.99,world
109.07,2026-08-30 01:33:54,-26.26,4.65,-18.26,180.0,grandpas_village,12.35,clear,6.054,7.495,0.00,15.99,world
109.57,2026-08-30 01:33:54,-26.26,4.65,-18.26,180.0,grandpas_village,12.37,clear,6.054,7.495,0.00,15.99,world
110.07,2026-08-30 01:33:55,-26.26,4.65,-18.26,180.0,grandpas_village,12.39,clear,8.936,9.205,0.00,15.99,world
110.57,2026-08-30 01:33:55,-26.26,4.65,-18.26,180.0,grandpas_village,12.41,clear,8.936,9.205,0.00,15.99,world
111.07,2026-08-30 01:33:56,-26.26,4.65,-18.26,180.0,grandpas_village,12.43,clear,8.601,8.828,0.00,15.99,world
111.57,2026-08-30 01:33:56,-26.26,4.65,-18.26,180.0,grandpas_village,12.45,clear,8.601,8.828,0.00,15.99,world
112.07,2026-08-30 01:33:57,-26.26,4.65,-18.26,180.0,grandpas_village,12.47,clear,8.811,8.416,0.00,15.99,world
112.57,2026-08-30 01:33:57,-26.26,4.65,-18.26,180.0,grandpas_village,12.49,clear,8.811,8.416,0.00,15.99,world
113.07,2026-08-30 01:33:58,-26.26,4.65,-18.26,180.0,grandpas_village,12.51,clear,6.461,8.329,0.00,15.99,world
113.57,2026-08-30 01:33:58,-26.26,4.65,-18.26,180.0,grandpas_village,12.53,clear,6.461,8.329,0.00,15.99,world
114.07,2026-08-30 01:33:59,-26.26,4.65,-18.26,180.0,grandpas_village,12.55,clear,6.504,9.568,0.00,15.99,world
114.57,2026-08-30 01:33:59,-26.26,4.65,-18.26,180.0,grandpas_village,12.57,clear,6.504,9.568,0.00,15.99,world
115.07,2026-08-30 01:34:00,-26.26,4.65,-18.26,180.0,grandpas_village,12.59,clear,5.616,7.155,0.00,15.99,world
115.57,2026-08-30 01:34:00,-26.26,4.65,-18.26,180.0,grandpas_village,12.61,clear,5.616,7.155,0.00,15.99,world
116.07,2026-08-30 01:34:01,-26.26,4.65,-18.26,180.0,grandpas_village,12.63,clear,6.416,7.509,0.00,15.99,world
116.57,2026-08-30 01:34:01,-26.26,4.65,-18.26,180.0,grandpas_village,12.65,clear,6.416,7.509,0.00,15.99,world
117.07,2026-08-30 01:34:02,-26.26,4.65,-18.26,180.0,grandpas_village,12.67,clear,6.231,7.999,0.00,15.99,world
117.57,2026-08-30 01:34:02,-26.26,4.65,-18.26,180.0,grandpas_village,12.69,clear,6.231,7.999,0.00,15.99,world
118.07,2026-08-30 01:34:03,-26.26,4.65,-18.26,180.0,grandpas_village,12.71,clear,8.185,9.960,0.00,15.99,world
118.57,2026-08-30 01:34:03,-26.26,4.65,-18.26,180.0,grandpas_village,12.73,clear,8.185,9.960,0.00,15.99,world
119.07,2026-08-30 01:34:04,-26.26,4.65,-18.26,180.0,grandpas_village,12.75,clear,6.308,8.566,0.00,15.99,world
119.57,2026-08-30 01:34:04,-26.26,4.65,-18.26,180.0,grandpas_village,12.77,clear,6.308,8.566,0.00,15.99,world
120.07,2026-08-30 01:34:05,-26.26,4.65,-18.26,180.0,grandpas_village,12.79,clear,7.144,11.345,0.00,15.99,world
120.57,2026-08-30 01:34:05,-26.26,4.65,-18.26,180.0,grandpas_village,12.81,clear,7.144,11.345,0.00,15.99,world
121.07,2026-08-30 01:34:06,-26.26,4.65,-18.26,180.0,grandpas_village,12.83,clear,7.158,8.216,0.00,15.99,world
121.57,2026-08-30 01:34:06,-26.26,4.65,-18.26,180.0,grandpas_village,12.85,clear,7.158,8.216,0.00,15.99,world
122.07,2026-08-30 01:34:07,-26.26,4.65,-18.26,180.0,grandpas_village,12.87,clear,10.888,8.236,0.00,15.99,world
122.57,2026-08-30 01:34:07,-26.26,4.65,-18.26,180.0,grandpas_village,12.89,clear,10.888,8.236,0.00,15.99,world
123.07,2026-08-30 01:34:08,-26.26,4.65,-18.26,180.0,grandpas_village,12.91,clear,10.036,7.770,0.00,15.99,world
123.57,2026-08-30 01:34:08,-26.26,4.65,-18.26,180.0,grandpas_village,12.93,clear,10.036,7.770,0.00,15.99,world
124.07,2026-08-30 01:34:09,-26.26,4.65,-18.26,180.0,grandpas_village,12.95,clear,9.259,8.454,0.00,15.99,world
124.57,2026-08-30 01:34:09,-26.26,4.65,-18.26,180.0,grandpas_village,12.97,clear,9.259,8.454,0.00,15.99,world
125.07,2026-08-30 01:34:10,-26.26,4.65,-18.26,180.0,grandpas_village,12.99,clear,6.149,11.312,0.00,15.99,world
125.57,2026-08-30 01:34:10,-26.26,4.65,-18.26,180.0,grandpas_village,13.01,clear,6.149,11.312,0.00,15.99,world
126.07,2026-08-30 01:34:11,-26.26,4.65,-18.26,180.0,grandpas_village,13.03,clear,5.901,7.055,0.00,15.99,world
126.57,2026-08-30 01:34:11,-26.26,4.65,-18.26,180.0,grandpas_village,13.05,clear,5.901,7.055,0.00,15.99,world
127.07,2026-08-30 01:34:12,-26.26,4.65,-18.26,180.0,grandpas_village,13.07,clear,5.983,7.041,0.00,15.99,world
127.57,2026-08-30 01:34:12,-26.26,4.65,-18.26,180.0,grandpas_village,13.09,clear,5.983,7.041,0.00,15.99,world
128.07,2026-08-30 01:34:13,-26.26,4.65,-18.26,180.0,grandpas_village,13.11,clear,6.525,8.764,0.00,15.99,world
128.57,2026-08-30 01:34:13,-26.26,4.65,-18.26,180.0,grandpas_village,13.13,clear,6.525,8.764,0.00,15.99,world
129.07,2026-08-30 01:34:14,-26.26,4.65,-18.26,180.0,grandpas_village,13.15,clear,7.086,8.323,0.00,15.99,world
129.57,2026-08-30 01:34:14,-26.26,4.65,-18.26,180.0,grandpas_village,13.17,clear,7.086,8.323,0.00,15.99,world
130.07,2026-08-30 01:34:15,-26.26,4.65,-18.26,180.0,grandpas_village,13.19,clear,6.518,8.053,0.00,15.99,world
130.57,2026-08-30 01:34:15,-26.26,4.65,-18.26,180.0,grandpas_village,13.21,clear,6.518,8.053,0.00,15.99,world
131.07,2026-08-30 01:34:16,-26.26,4.65,-18.26,180.0,grandpas_village,13.23,clear,8.166,7.065,0.00,15.99,world
131.57,2026-08-30 01:34:16,-26.26,4.65,-18.26,180.0,grandpas_village,13.25,clear,8.166,7.065,0.00,15.99,world
132.07,2026-08-30 01:34:17,-26.26,4.65,-18.26,180.0,grandpas_village,13.27,clear,6.482,8.121,0.00,15.99,world
132.57,2026-08-30 01:34:17,-26.26,4.65,-18.26,180.0,grandpas_village,13.29,clear,6.482,8.121,0.00,15.99,world
133.07,2026-08-30 01:34:18,-26.26,4.65,-18.26,180.0,grandpas_village,13.31,clear,6.592,7.792,0.00,15.99,world
133.57,2026-08-30 01:34:18,-26.26,4.65,-18.26,180.0,grandpas_village,13.33,clear,6.592,7.792,0.00,15.99,world
134.07,2026-08-30 01:34:19,-26.26,4.65,-18.26,180.0,grandpas_village,13.35,clear,12.879,7.006,0.00,15.99,world
134.57,2026-08-30 01:34:19,-26.26,4.65,-18.26,180.0,grandpas_village,13.37,clear,12.879,7.006,0.00,15.99,world
135.07,2026-08-30 01:34:20,-26.26,4.65,-18.26,180.0,grandpas_village,13.39,clear,6.518,7.814,0.00,15.99,world
135.57,2026-08-30 01:34:20,-26.26,4.65,-18.26,180.0,grandpas_village,13.41,clear,6.518,7.814,0.00,15.99,world
136.07,2026-08-30 01:34:21,-26.26,4.65,-18.26,180.0,grandpas_village,13.43,clear,6.252,7.158,0.00,15.99,world
136.57,2026-08-30 01:34:21,-26.26,4.65,-18.26,180.0,grandpas_village,13.45,clear,6.252,7.158,0.00,15.99,world
137.07,2026-08-30 01:34:22,-26.26,4.65,-18.26,180.0,grandpas_village,13.47,clear,9.119,10.235,0.00,15.99,world
137.57,2026-08-30 01:34:22,-26.26,4.65,-18.26,180.0,grandpas_village,13.49,clear,9.119,10.235,0.00,15.99,world
138.07,2026-08-30 01:34:23,-26.26,4.65,-18.26,180.0,grandpas_village,13.51,clear,6.196,10.342,0.00,15.99,world
138.57,2026-08-30 01:34:23,-26.26,4.65,-18.26,180.0,grandpas_village,13.53,clear,6.196,10.342,0.00,15.99,world
139.07,2026-08-30 01:34:24,-26.26,4.65,-18.26,180.0,grandpas_village,13.55,clear,7.058,9.772,0.00,15.99,world
139.57,2026-08-30 01:34:24,-26.26,4.65,-18.26,180.0,grandpas_village,13.57,clear,7.058,9.772,0.00,15.99,world
140.07,2026-08-30 01:34:25,-26.26,4.65,-18.26,180.0,grandpas_village,13.59,clear,6.587,7.430,0.00,15.99,world
140.57,2026-08-30 01:34:25,-26.26,4.65,-18.26,180.0,grandpas_village,13.61,clear,6.587,7.430,0.00,15.99,world
141.07,2026-08-30 01:34:26,-26.26,4.65,-18.26,180.0,grandpas_village,13.63,clear,7.129,9.039,0.00,15.99,world
141.57,2026-08-30 01:34:26,-26.26,4.65,-18.26,180.0,grandpas_village,13.65,clear,7.129,9.039,0.00,15.99,world
142.07,2026-08-30 01:34:27,-26.26,4.65,-18.26,180.0,grandpas_village,13.67,clear,6.584,10.347,0.00,15.99,world
142.57,2026-08-30 01:34:27,-26.26,4.65,-18.26,180.0,grandpas_village,13.69,clear,6.584,10.347,0.00,15.99,world
143.07,2026-08-30 01:34:28,-26.26,4.65,-18.26,180.0,grandpas_village,13.71,clear,7.802,8.230,0.00,15.99,world
143.57,2026-08-30 01:34:28,-26.26,4.65,-18.26,180.0,grandpas_village,13.73,clear,7.802,8.230,0.00,15.99,world
144.07,2026-08-30 01:34:29,-26.26,4.65,-18.26,180.0,grandpas_village,13.75,clear,9.125,8.046,0.00,15.99,world
144.57,2026-08-30 01:34:29,-26.26,4.65,-18.26,180.0,grandpas_village,13.77,clear,9.125,8.046,0.00,15.99,world
145.07,2026-08-30 01:34:30,-26.26,4.65,-18.26,180.0,grandpas_village,13.79,clear,6.418,8.121,0.00,15.99,world
145.57,2026-08-30 01:34:30,-26.26,4.65,-18.26,180.0,grandpas_village,13.81,clear,6.418,8.121,0.00,15.99,world
146.07,2026-08-30 01:34:31,-26.26,4.65,-18.26,180.0,grandpas_village,13.83,clear,7.768,8.504,0.00,15.99,world
146.57,2026-08-30 01:34:31,-26.26,4.65,-18.26,180.0,grandpas_village,13.85,clear,7.768,8.504,0.00,15.99,world
147.07,2026-08-30 01:34:32,-26.26,4.65,-18.26,180.0,grandpas_village,13.87,clear,7.642,9.225,0.00,15.99,world
147.57,2026-08-30 01:34:32,-26.26,4.65,-18.26,180.0,grandpas_village,13.89,clear,7.642,9.225,0.00,15.99,world
148.07,2026-08-30 01:34:33,-26.26,4.65,-18.26,180.0,grandpas_village,13.91,clear,6.831,8.309,0.00,15.99,world
148.57,2026-08-30 01:34:33,-26.26,4.65,-18.26,180.0,grandpas_village,13.93,clear,6.831,8.309,0.00,15.99,world
149.07,2026-08-30 01:34:34,-26.26,4.65,-18.26,180.0,grandpas_village,13.95,clear,7.410,8.613,0.00,15.99,world
149.57,2026-08-30 01:34:34,-26.26,4.65,-18.26,180.0,grandpas_village,13.97,clear,7.410,8.613,0.00,15.99,world
150.07,2026-08-30 01:34:35,-26.26,4.65,-18.26,180.0,grandpas_village,13.99,clear,7.814,8.581,0.00,15.99,world
151.58,2026-08-30 01:34:38,0.00,-4.68,700.00,180.0,corridor,14.05,clear,25.982,16.150,0.00,19.50,world
152.08,2026-08-30 01:34:38,0.00,-4.68,700.00,180.0,corridor,14.07,clear,10.021,553.534,0.00,19.50,world
152.58,2026-08-30 01:34:38,0.00,-4.68,700.00,180.0,corridor,14.09,clear,6.908,9.322,0.00,19.44,world
153.08,2026-08-30 01:34:39,0.00,-4.68,700.00,180.0,corridor,14.11,clear,6.908,9.322,0.00,19.07,world
153.58,2026-08-30 01:34:39,0.00,-4.68,700.00,180.0,corridor,14.13,clear,6.986,9.618,0.00,18.72,world
154.08,2026-08-30 01:34:40,0.00,-4.68,700.00,180.0,corridor,14.15,clear,6.986,9.618,0.00,18.39,world
154.58,2026-08-30 01:34:40,0.00,-4.68,700.00,180.0,corridor,14.17,clear,8.080,8.676,0.00,18.09,world
155.08,2026-08-30 01:34:41,0.00,-4.68,700.00,180.0,corridor,14.19,clear,8.080,8.676,0.00,17.83,world
155.58,2026-08-30 01:34:41,0.00,-4.68,700.00,180.0,corridor,14.21,clear,7.741,9.021,0.00,17.60,world
156.08,2026-08-30 01:34:42,0.00,-4.68,700.00,180.0,corridor,14.23,clear,7.741,9.021,0.00,17.43,world
156.58,2026-08-30 01:34:42,0.00,-4.68,700.00,180.0,corridor,14.25,clear,7.360,8.311,0.00,17.43,world
157.08,2026-08-30 01:34:43,0.00,-4.68,700.00,180.0,corridor,14.27,clear,7.360,8.311,0.00,17.43,world
157.58,2026-08-30 01:34:43,0.00,-4.68,700.00,180.0,corridor,14.29,clear,8.125,8.635,0.00,17.43,world
158.08,2026-08-30 01:34:44,0.00,-4.68,700.00,180.0,corridor,14.31,clear,8.125,8.635,0.00,17.43,world
158.58,2026-08-30 01:34:44,0.00,-4.68,700.00,180.0,corridor,14.33,clear,9.264,9.097,0.00,17.43,world
159.08,2026-08-30 01:34:45,0.00,-4.68,700.00,180.0,corridor,14.35,clear,9.264,9.097,0.00,17.43,world
159.58,2026-08-30 01:34:45,0.00,-4.68,700.00,180.0,corridor,14.37,clear,8.119,8.724,0.00,17.57,world
160.08,2026-08-30 01:34:46,0.00,-4.68,700.00,180.0,corridor,14.39,clear,8.119,8.724,0.00,17.77,world
160.58,2026-08-30 01:34:46,0.00,-4.68,700.00,180.0,corridor,14.41,clear,8.869,8.843,0.00,17.99,world
161.08,2026-08-30 01:34:47,0.00,-4.68,700.00,180.0,corridor,14.43,clear,8.869,8.843,0.00,18.20,world
161.58,2026-08-30 01:34:47,0.00,-4.68,700.00,180.0,corridor,14.45,clear,7.847,8.433,0.00,18.42,world
162.08,2026-08-30 01:34:48,0.00,-4.68,700.00,180.0,corridor,14.47,clear,7.847,8.433,0.00,18.69,world
162.58,2026-08-30 01:34:48,0.00,-4.68,700.00,180.0,corridor,14.49,clear,7.494,8.838,0.00,18.95,world
163.08,2026-08-30 01:34:49,0.00,-4.68,700.00,180.0,corridor,14.51,clear,7.494,8.838,0.00,18.95,world
163.58,2026-08-30 01:34:49,0.00,-4.68,700.00,180.0,corridor,14.53,clear,9.413,8.837,0.00,18.95,world
164.08,2026-08-30 01:34:50,0.00,-4.68,700.00,180.0,corridor,14.55,clear,9.413,8.837,0.00,18.95,world
164.58,2026-08-30 01:34:50,0.00,-4.68,700.00,180.0,corridor,14.57,clear,7.792,9.120,0.00,18.95,world
165.08,2026-08-30 01:34:51,0.00,-4.68,700.00,180.0,corridor,14.59,clear,7.792,9.120,0.00,18.95,world
165.58,2026-08-30 01:34:51,0.00,-4.68,700.00,180.0,corridor,14.61,clear,8.180,9.304,0.00,18.91,world
166.08,2026-08-30 01:34:52,0.00,-4.68,700.00,180.0,corridor,14.63,clear,8.180,9.304,0.00,18.86,world
166.58,2026-08-30 01:34:53,0.00,-4.68,700.00,180.0,corridor,14.65,clear,8.922,8.542,0.00,18.83,world
167.08,2026-08-30 01:34:53,0.00,-4.68,700.00,180.0,corridor,14.67,clear,6.956,505.668,0.00,18.82,world
167.58,2026-08-30 01:34:54,0.00,-4.68,700.00,180.0,corridor,14.69,clear,6.956,505.668,0.00,18.81,world
168.08,2026-08-30 01:34:54,0.00,-4.68,700.00,180.0,corridor,14.71,clear,8.685,8.510,0.00,18.82,world
168.58,2026-08-30 01:34:55,0.00,-4.68,700.00,180.0,corridor,14.73,clear,8.685,8.510,0.00,18.85,world
169.08,2026-08-30 01:34:55,0.00,-4.68,700.00,180.0,corridor,14.75,clear,8.792,9.343,0.00,18.89,world
169.58,2026-08-30 01:34:56,0.00,-4.68,700.00,180.0,corridor,14.77,clear,8.792,9.343,0.00,18.95,world
170.08,2026-08-30 01:34:56,0.00,-4.68,700.00,180.0,corridor,14.79,clear,8.803,9.376,0.00,18.99,world
170.58,2026-08-30 01:34:57,0.00,-4.68,700.00,180.0,corridor,14.81,clear,8.803,9.376,0.00,18.99,world
171.08,2026-08-30 01:34:57,0.00,-4.68,700.00,180.0,corridor,14.83,clear,8.655,8.787,0.00,18.99,world
171.58,2026-08-30 01:34:58,0.00,-4.68,700.00,180.0,corridor,14.85,clear,8.655,8.787,0.00,18.99,world
172.08,2026-08-30 01:34:58,0.00,-4.68,700.00,180.0,corridor,14.87,clear,8.516,9.346,0.00,18.99,world
172.58,2026-08-30 01:34:59,0.00,-4.68,700.00,180.0,corridor,14.89,clear,8.516,9.346,0.00,18.99,world
173.08,2026-08-30 01:34:59,0.00,-4.68,700.00,180.0,corridor,14.91,clear,7.863,9.873,0.00,18.87,world
173.58,2026-08-30 01:35:00,0.00,-4.68,700.00,180.0,corridor,14.93,clear,7.863,9.873,0.00,18.52,world
174.08,2026-08-30 01:35:00,0.00,-4.68,700.00,180.0,corridor,14.95,clear,8.400,9.921,0.00,18.23,world
174.58,2026-08-30 01:35:01,0.00,-4.68,700.00,180.0,corridor,14.97,clear,8.400,9.921,0.00,18.23,world
175.08,2026-08-30 01:35:01,0.00,-4.68,700.00,180.0,corridor,14.99,clear,8.416,9.265,0.00,18.23,world
175.58,2026-08-30 01:35:02,0.00,-4.68,700.00,180.0,corridor,15.01,clear,8.416,9.265,0.00,18.23,world
176.08,2026-08-30 01:35:02,0.00,-4.68,700.00,180.0,corridor,15.03,clear,9.485,9.064,0.00,18.23,world
176.58,2026-08-30 01:35:03,0.00,-4.68,700.00,180.0,corridor,15.05,clear,9.485,9.064,0.00,18.23,world
177.08,2026-08-30 01:35:03,0.00,-4.68,700.00,180.0,corridor,15.07,clear,9.918,9.992,0.00,18.23,world
177.58,2026-08-30 01:35:04,0.00,-4.68,700.00,180.0,corridor,15.09,clear,9.918,9.992,0.00,18.24,world
178.08,2026-08-30 01:35:04,0.00,-4.68,700.00,180.0,corridor,15.11,clear,10.138,11.190,0.00,18.70,world
178.58,2026-08-30 01:35:05,0.00,-4.68,700.00,180.0,corridor,15.13,clear,10.138,11.190,0.00,19.19,world
179.08,2026-08-30 01:35:05,0.00,-4.68,700.00,180.0,corridor,15.15,clear,10.012,11.387,0.00,19.71,world
179.58,2026-08-30 01:35:06,0.00,-4.68,700.00,180.0,corridor,15.17,clear,10.012,11.387,0.00,20.24,world
180.08,2026-08-30 01:35:06,0.00,-4.68,700.00,180.0,corridor,15.19,clear,9.745,10.014,0.00,20.78,world
180.58,2026-08-30 01:35:07,0.00,-4.68,700.00,180.0,corridor,15.21,clear,9.745,10.014,0.00,20.97,world
181.08,2026-08-30 01:35:07,0.00,-4.68,700.00,180.0,corridor,15.23,clear,41.517,14.197,0.00,20.97,world
181.58,2026-08-30 01:35:08,0.00,-4.68,700.00,180.0,corridor,15.25,clear,41.517,14.197,0.00,20.97,world
182.08,2026-08-30 01:35:08,0.00,-4.68,700.00,180.0,corridor,15.27,clear,8.113,8.626,0.00,20.97,world
182.58,2026-08-30 01:35:09,0.00,-4.68,700.00,180.0,corridor,15.29,clear,8.113,8.626,0.00,20.97,world
183.08,2026-08-30 01:35:09,0.00,-4.68,700.00,180.0,corridor,15.31,clear,9.024,8.739,0.00,20.97,world
183.58,2026-08-30 01:35:10,0.00,-4.68,700.00,180.0,corridor,15.33,clear,9.024,8.739,0.00,20.97,world
184.08,2026-08-30 01:35:10,0.00,-4.68,700.00,180.0,corridor,15.35,clear,8.211,8.467,0.00,20.97,world
184.58,2026-08-30 01:35:11,0.00,-4.68,700.00,180.0,corridor,15.37,clear,8.211,8.467,0.00,20.99,world
185.08,2026-08-30 01:35:11,0.00,-4.68,700.00,180.0,corridor,15.39,clear,8.463,10.082,0.00,21.05,world
185.58,2026-08-30 01:35:12,0.00,-4.68,700.00,180.0,corridor,15.41,clear,8.463,10.082,0.00,21.05,world
186.08,2026-08-30 01:35:12,0.00,-4.68,700.00,180.0,corridor,15.43,clear,7.864,9.766,0.00,21.05,world
186.58,2026-08-30 01:35:13,0.00,-4.68,700.00,180.0,corridor,15.45,clear,7.864,9.766,0.00,21.05,world
187.08,2026-08-30 01:35:13,0.00,-4.68,700.00,180.0,corridor,15.47,clear,8.202,9.196,0.00,21.05,world
187.58,2026-08-30 01:35:14,0.00,-4.68,700.00,180.0,corridor,15.49,clear,8.202,9.196,0.00,20.87,world
188.08,2026-08-30 01:35:14,0.00,-4.68,700.00,180.0,corridor,15.51,clear,7.268,8.747,0.00,20.49,world
188.58,2026-08-30 01:35:15,0.00,-4.68,700.00,180.0,corridor,15.53,clear,7.268,8.747,0.00,20.15,world
189.08,2026-08-30 01:35:15,0.00,-4.68,700.00,180.0,corridor,15.55,clear,8.903,10.936,0.00,19.83,world
189.58,2026-08-30 01:35:16,0.00,-4.68,700.00,180.0,corridor,15.57,clear,8.903,10.936,0.00,19.52,world
190.08,2026-08-30 01:35:16,0.00,-4.68,700.00,180.0,corridor,15.59,clear,8.930,8.902,0.00,19.22,world
190.58,2026-08-30 01:35:17,0.00,-4.68,700.00,180.0,corridor,15.61,clear,8.930,8.902,0.00,18.95,world
191.08,2026-08-30 01:35:17,0.00,-4.68,700.00,180.0,corridor,15.63,clear,7.921,9.317,0.00,18.70,world
191.58,2026-08-30 01:35:18,0.00,-4.68,700.00,180.0,corridor,15.65,clear,7.921,9.317,0.00,18.46,world
192.08,2026-08-30 01:35:18,0.00,-4.68,700.00,180.0,corridor,15.67,clear,7.703,8.621,0.00,18.22,world
192.58,2026-08-30 01:35:19,0.00,-4.68,700.00,180.0,corridor,15.69,clear,7.703,8.621,0.00,18.00,world
193.08,2026-08-30 01:35:19,0.00,-4.68,700.00,180.0,corridor,15.71,clear,7.193,8.660,0.00,17.79,world
193.58,2026-08-30 01:35:20,0.00,-4.68,700.00,180.0,corridor,15.73,clear,7.193,8.660,0.00,17.59,world
194.08,2026-08-30 01:35:20,0.00,-4.68,700.00,180.0,corridor,15.75,clear,8.974,9.350,0.00,17.41,world
194.58,2026-08-30 01:35:21,0.00,-4.68,700.00,180.0,corridor,15.77,clear,8.974,9.350,0.00,17.24,world
195.08,2026-08-30 01:35:21,0.00,-4.68,700.00,180.0,corridor,15.79,clear,8.943,9.006,0.00,17.09,world
195.58,2026-08-30 01:35:22,0.00,-4.68,700.00,180.0,corridor,15.81,clear,8.943,9.006,0.00,16.97,world
196.08,2026-08-30 01:35:22,0.00,-4.68,700.00,180.0,corridor,15.83,clear,8.590,8.801,0.00,16.87,world
196.58,2026-08-30 01:35:23,0.00,-4.68,700.00,180.0,corridor,15.85,clear,8.590,8.801,0.00,16.80,world
197.08,2026-08-30 01:35:23,0.00,-4.68,700.00,180.0,corridor,15.87,clear,8.387,8.963,0.00,16.79,world
197.58,2026-08-30 01:35:24,0.00,-4.68,700.00,180.0,corridor,15.89,clear,8.387,8.963,0.00,16.79,world
198.08,2026-08-30 01:35:24,0.00,-4.68,700.00,180.0,corridor,15.91,clear,7.537,8.475,0.00,16.79,world
198.58,2026-08-30 01:35:25,0.00,-4.68,700.00,180.0,corridor,15.93,clear,7.537,8.475,0.00,16.79,world
199.08,2026-08-30 01:35:25,0.00,-4.68,700.00,180.0,corridor,15.95,clear,7.572,9.129,0.00,16.66,world
199.58,2026-08-30 01:35:26,0.00,-4.68,700.00,180.0,corridor,15.97,clear,7.572,9.129,0.00,16.43,world
200.08,2026-08-30 01:35:26,0.00,-4.68,700.00,180.0,corridor,15.99,clear,6.515,9.454,0.00,16.23,world
200.58,2026-08-30 01:35:27,0.00,-4.68,700.00,180.0,corridor,16.01,clear,6.515,9.454,0.00,16.07,world
201.08,2026-08-30 01:35:27,0.00,-4.68,700.00,180.0,corridor,16.03,clear,8.604,8.821,0.00,15.94,world
201.58,2026-08-30 01:35:28,0.00,-4.68,700.00,180.0,corridor,16.05,clear,8.604,8.821,0.00,15.85,world
202.08,2026-08-30 01:35:28,0.00,-4.68,700.00,180.0,corridor,16.07,clear,7.478,11.244,0.00,15.82,world
202.58,2026-08-30 01:35:29,0.00,-4.68,700.00,180.0,corridor,16.09,clear,7.478,11.244,0.00,15.82,world
203.08,2026-08-30 01:35:29,0.00,-4.68,700.00,180.0,corridor,16.11,clear,8.674,8.868,0.00,15.82,world
203.58,2026-08-30 01:35:30,0.00,-4.68,700.00,180.0,corridor,16.13,clear,8.674,8.868,0.00,15.82,world
204.08,2026-08-30 01:35:30,0.00,-4.68,700.00,180.0,corridor,16.15,clear,9.050,9.069,0.00,15.82,world
204.58,2026-08-30 01:35:31,0.00,-4.68,700.00,180.0,corridor,16.17,clear,9.050,9.069,0.00,15.82,world
205.08,2026-08-30 01:35:31,0.00,-4.68,700.00,180.0,corridor,16.19,clear,8.755,9.349,0.00,15.82,world
205.58,2026-08-30 01:35:32,0.00,-4.68,700.00,180.0,corridor,16.21,clear,8.755,9.349,0.00,15.82,world
206.08,2026-08-30 01:35:32,0.00,-4.68,700.00,180.0,corridor,16.23,clear,7.414,11.149,0.00,16.11,world
206.58,2026-08-30 01:35:33,0.00,-4.68,700.00,180.0,corridor,16.25,clear,7.414,11.149,0.00,16.69,world
207.08,2026-08-30 01:35:33,0.00,-4.68,700.00,180.0,corridor,16.27,clear,7.148,9.450,0.00,17.27,world
207.58,2026-08-30 01:35:34,0.00,-4.68,700.00,180.0,corridor,16.29,clear,7.148,9.450,0.00,17.86,world
208.08,2026-08-30 01:35:34,0.00,-4.68,700.00,180.0,corridor,16.31,clear,6.800,39.311,0.00,18.48,world
208.58,2026-08-30 01:35:35,0.00,-4.68,700.00,180.0,corridor,16.33,clear,6.800,39.311,0.00,19.15,world
209.08,2026-08-30 01:35:35,0.00,-4.68,700.00,180.0,corridor,16.35,clear,7.017,7.956,0.00,19.83,world
209.58,2026-08-30 01:35:36,0.00,-4.68,700.00,180.0,corridor,16.37,clear,7.017,7.956,0.00,20.05,world
210.08,2026-08-30 01:35:36,0.00,-4.68,700.00,180.0,corridor,16.39,clear,6.852,7.753,0.00,20.05,world
210.58,2026-08-30 01:35:37,0.00,-4.68,700.00,180.0,corridor,16.41,clear,6.852,7.753,0.00,20.05,world
211.08,2026-08-30 01:35:37,0.00,-4.68,700.00,180.0,corridor,16.43,clear,6.238,7.668,0.00,20.05,world
211.58,2026-08-30 01:35:38,0.00,-4.68,700.00,180.0,corridor,16.45,clear,6.238,7.668,0.00,20.04,world
212.08,2026-08-30 01:35:38,0.00,-4.68,700.00,180.0,corridor,16.47,clear,7.293,7.838,0.00,19.82,world
212.58,2026-08-30 01:35:39,0.00,-4.68,700.00,180.0,corridor,16.49,clear,7.293,7.838,0.00,19.61,world
213.08,2026-08-30 01:35:39,0.00,-4.68,700.00,180.0,corridor,16.51,clear,8.126,9.164,0.00,19.41,world
213.58,2026-08-30 01:35:40,0.00,-4.68,700.00,180.0,corridor,16.53,clear,8.126,9.164,0.00,19.23,world
214.08,2026-08-30 01:35:40,0.00,-4.68,700.00,180.0,corridor,16.55,clear,7.970,10.856,0.00,19.06,world
214.58,2026-08-30 01:35:41,0.00,-4.68,700.00,180.0,corridor,16.57,clear,7.970,10.856,0.00,18.90,world
215.08,2026-08-30 01:35:41,0.00,-4.68,700.00,180.0,corridor,16.59,clear,8.420,8.944,0.00,18.76,world
215.58,2026-08-30 01:35:42,0.00,-4.68,700.00,180.0,corridor,16.61,clear,8.420,8.944,0.00,18.64,world
216.08,2026-08-30 01:35:42,0.00,-4.68,700.00,180.0,corridor,16.63,clear,6.705,8.702,0.00,18.54,world
216.58,2026-08-30 01:35:43,0.00,-4.68,700.00,180.0,corridor,16.65,clear,6.705,8.702,0.00,18.47,world
217.08,2026-08-30 01:35:43,0.00,-4.68,700.00,180.0,corridor,16.67,clear,9.164,9.752,0.00,18.44,world
217.58,2026-08-30 01:35:44,0.00,-4.68,700.00,180.0,corridor,16.69,clear,9.164,9.752,0.00,18.44,world
218.08,2026-08-30 01:35:44,0.00,-4.68,700.00,180.0,corridor,16.71,clear,7.907,8.726,0.00,18.44,world
218.58,2026-08-30 01:35:45,0.00,-4.68,700.00,180.0,corridor,16.73,clear,7.907,8.726,0.00,18.44,world
219.08,2026-08-30 01:35:45,0.00,-4.68,700.00,180.0,corridor,16.75,clear,8.086,10.466,0.00,18.66,world
219.58,2026-08-30 01:35:46,0.00,-4.68,700.00,180.0,corridor,16.77,clear,8.086,10.466,0.00,18.94,world
220.08,2026-08-30 01:35:46,0.00,-4.68,700.00,180.0,corridor,16.79,clear,8.383,8.614,0.00,19.24,world
220.58,2026-08-30 01:35:47,0.00,-4.68,700.00,180.0,corridor,16.81,clear,8.383,8.614,0.00,19.58,world
221.08,2026-08-30 01:35:47,0.00,-4.68,700.00,180.0,corridor,16.83,clear,8.533,10.332,0.00,19.93,world
221.58,2026-08-30 01:35:48,0.00,-4.68,700.00,180.0,corridor,16.85,clear,8.533,10.332,0.00,20.33,world
222.08,2026-08-30 01:35:48,0.00,-4.68,700.00,180.0,corridor,16.87,clear,8.479,9.273,0.00,20.75,world
222.58,2026-08-30 01:35:49,0.00,-4.68,700.00,180.0,corridor,16.89,clear,8.479,9.273,0.00,21.19,world
223.08,2026-08-30 01:35:49,0.00,-4.68,700.00,180.0,corridor,16.91,clear,9.074,9.219,0.00,21.66,world
223.58,2026-08-30 01:35:50,0.00,-4.68,700.00,180.0,corridor,16.93,clear,9.074,9.219,0.00,22.14,world
224.08,2026-08-30 01:35:50,0.00,-4.68,700.00,180.0,corridor,16.95,clear,9.146,10.316,0.00,22.63,world
224.58,2026-08-30 01:35:51,0.00,-4.68,700.00,180.0,corridor,16.97,clear,9.146,10.316,0.00,22.82,world
225.08,2026-08-30 01:35:51,0.00,-4.68,700.00,180.0,corridor,16.99,clear,8.942,10.411,0.00,22.82,world
225.58,2026-08-30 01:35:52,0.00,-4.68,700.00,180.0,corridor,17.01,clear,8.942,10.411,0.00,22.82,world
226.08,2026-08-30 01:35:52,0.00,-4.68,700.00,180.0,corridor,17.03,clear,7.971,9.354,0.00,22.82,world
226.58,2026-08-30 01:35:53,0.00,-4.68,699.99,180.0,corridor,17.05,clear,7.971,9.354,0.00,22.82,world
227.08,2026-08-30 01:35:53,0.00,-4.46,697.80,180.0,corridor,17.07,clear,10.100,9.109,0.00,24.24,world
227.58,2026-08-30 01:35:54,0.00,-4.26,695.39,180.0,corridor,17.09,clear,10.100,9.109,0.00,25.24,world
228.08,2026-08-30 01:35:54,-0.00,-4.24,692.91,180.0,corridor,17.11,clear,9.275,9.851,0.00,25.00,world
228.58,2026-08-30 01:35:55,0.00,-4.36,690.37,180.0,corridor,17.13,clear,9.275,9.851,0.00,22.69,world
229.08,2026-08-30 01:35:55,0.00,-4.39,687.86,180.0,corridor,17.15,clear,9.002,9.134,0.00,20.47,world
229.58,2026-08-30 01:35:56,0.00,-4.22,685.43,180.0,corridor,17.17,clear,9.002,9.134,0.00,18.39,world
230.08,2026-08-30 01:35:56,0.00,-4.05,683.01,180.0,corridor,17.19,clear,8.276,8.198,0.00,16.41,world
230.58,2026-08-30 01:35:57,0.01,-3.95,680.55,180.0,corridor,17.21,clear,8.276,8.198,0.00,14.53,world
231.08,2026-08-30 01:35:57,0.01,-3.84,678.10,180.0,corridor,17.23,clear,8.271,10.276,0.00,12.86,world
231.58,2026-08-30 01:35:58,0.02,-3.68,675.67,180.0,corridor,17.25,clear,8.271,10.276,0.00,11.48,world
232.08,2026-08-30 01:35:58,0.02,-3.49,673.26,180.0,corridor,17.27,clear,23.162,13.012,0.00,10.50,world
232.58,2026-08-30 01:35:59,0.02,-3.33,670.84,180.0,corridor,17.29,clear,23.162,13.012,0.00,10.01,world
233.08,2026-08-30 01:35:59,0.02,-3.25,668.37,180.0,corridor,17.31,clear,8.931,9.762,0.00,10.11,world
233.58,2026-08-30 01:36:00,0.03,-3.24,665.88,180.0,corridor,17.33,clear,8.931,9.762,0.00,10.79,world
234.08,2026-08-30 01:36:00,0.03,-3.11,663.44,180.0,corridor,17.35,clear,11.242,9.241,0.00,11.94,world
234.58,2026-08-30 01:36:01,0.03,-2.82,661.09,180.0,corridor,17.37,clear,11.242,9.241,0.00,13.37,world
235.08,2026-08-30 01:36:01,0.03,-2.48,658.78,180.0,corridor,17.39,clear,7.058,8.404,0.00,15.01,world
235.58,2026-08-30 01:36:02,0.04,-2.16,656.45,180.0,corridor,17.41,clear,7.058,8.404,0.00,16.82,world
236.08,2026-08-30 01:36:02,0.05,-1.84,654.13,180.0,corridor,17.43,clear,8.592,9.566,0.00,18.74,world
236.58,2026-08-30 01:36:03,0.05,-1.53,651.80,180.0,corridor,17.45,clear,8.592,9.566,0.00,20.75,world
237.08,2026-08-30 01:36:03,0.06,-1.30,649.41,180.0,corridor,17.47,clear,7.477,8.627,0.00,22.86,world
237.58,2026-08-30 01:36:04,0.06,-1.24,646.94,180.0,corridor,17.49,clear,7.477,8.627,0.00,25.11,world
238.08,2026-08-30 01:36:04,0.06,-1.28,644.43,180.0,corridor,17.51,clear,7.738,11.191,0.00,27.44,world
238.58,2026-08-30 01:36:05,0.06,-1.25,641.94,180.0,corridor,17.53,clear,7.738,11.191,0.00,29.77,world
239.08,2026-08-30 01:36:05,0.05,-1.07,639.52,180.0,corridor,17.55,clear,10.314,10.133,2.26,32.06,world
239.58,2026-08-30 01:36:06,0.05,-0.87,637.11,180.0,corridor,17.57,clear,10.314,10.133,4.66,34.36,world
240.08,2026-08-30 01:36:06,0.05,-0.70,634.69,180.0,corridor,17.59,clear,9.834,10.868,7.08,36.68,world
240.58,2026-08-30 01:36:07,0.04,-0.49,632.29,180.0,corridor,17.61,clear,9.834,10.868,9.48,39.00,world
241.08,2026-08-30 01:36:07,0.04,-0.18,629.96,180.0,corridor,17.63,clear,8.097,8.046,11.81,41.26,world
241.58,2026-08-30 01:36:08,0.05,0.16,627.65,180.0,corridor,17.65,clear,8.097,8.046,14.12,43.50,world
242.08,2026-08-30 01:36:08,0.05,0.54,625.39,180.0,corridor,17.67,clear,11.340,9.598,16.39,45.71,world
242.58,2026-08-30 01:36:09,0.06,1.02,623.20,180.0,corridor,17.69,clear,11.340,9.598,18.57,47.84,world
243.08,2026-08-30 01:36:09,0.06,1.52,621.05,180.0,corridor,17.71,clear,9.954,9.014,20.72,49.95,world
243.58,2026-08-30 01:36:10,0.06,1.97,618.84,180.0,corridor,17.73,clear,9.954,9.014,22.93,52.11,world
244.08,2026-08-30 01:36:10,0.07,2.29,616.53,180.0,corridor,17.75,clear,11.902,9.173,25.24,54.38,world
244.58,2026-08-30 01:36:11,0.07,2.52,614.15,180.0,corridor,17.77,clear,11.902,9.173,27.63,56.73,world
245.08,2026-08-30 01:36:11,0.07,2.74,611.76,180.0,corridor,17.79,clear,10.605,8.958,30.02,59.08,world
245.58,2026-08-30 01:36:12,0.07,2.92,609.34,180.0,corridor,17.81,clear,10.605,8.958,32.44,61.47,world
246.08,2026-08-30 01:36:12,0.07,2.96,606.86,180.0,corridor,17.83,clear,15.539,10.201,34.91,63.92,world
246.58,2026-08-30 01:36:13,0.07,2.82,604.32,180.0,corridor,17.85,clear,15.539,10.201,37.46,66.43,world
247.08,2026-08-30 01:36:13,0.07,2.41,601.73,180.0,corridor,17.87,clear,14.234,8.700,40.04,68.99,world
247.58,2026-08-30 01:36:14,0.07,1.88,599.14,180.0,corridor,17.89,clear,14.234,8.700,42.64,71.56,world
248.08,2026-08-30 01:36:14,0.07,1.49,596.55,180.0,corridor,17.91,clear,6.772,8.612,45.22,74.12,world
248.58,2026-08-30 01:36:15,0.07,1.42,594.03,180.0,corridor,17.93,clear,6.772,8.612,47.74,76.62,world
249.08,2026-08-30 01:36:15,0.07,1.64,591.63,180.0,corridor,17.95,clear,6.878,8.233,50.14,78.99,world
249.58,2026-08-30 01:36:16,0.07,1.99,589.34,180.0,corridor,17.97,clear,6.878,8.233,52.44,81.27,world
250.08,2026-08-30 01:36:16,0.07,2.45,587.14,180.0,corridor,17.99,clear,8.222,8.110,54.64,83.45,world
250.58,2026-08-30 01:36:17,0.07,2.92,584.96,180.0,corridor,18.01,clear,8.222,8.110,56.82,85.62,world
251.08,2026-08-30 01:36:17,0.06,3.28,582.67,180.0,corridor,18.03,clear,6.466,7.866,59.11,87.89,world
251.58,2026-08-30 01:36:18,0.06,3.46,580.26,180.0,corridor,18.05,clear,6.466,7.866,61.52,90.29,world
252.08,2026-08-30 01:36:18,0.05,3.58,577.81,180.0,corridor,18.07,clear,7.948,8.038,63.97,92.73,world
252.58,2026-08-30 01:36:19,0.05,3.79,575.41,180.0,corridor,18.09,clear,7.948,8.038,66.37,95.11,world
253.08,2026-08-30 01:36:19,0.05,4.04,573.04,180.0,corridor,18.11,clear,6.712,7.110,68.74,97.47,world
253.58,2026-08-30 01:36:20,0.05,4.22,570.63,180.0,corridor,18.13,clear,6.712,7.110,71.15,99.87,world
254.08,2026-08-30 01:36:20,0.06,4.32,568.17,180.0,corridor,18.15,clear,6.466,7.925,73.61,102.32,world
254.58,2026-08-30 01:36:21,0.06,4.40,565.70,180.0,corridor,18.17,clear,6.466,7.925,76.08,104.77,world
255.08,2026-08-30 01:36:21,0.07,4.51,563.24,180.0,corridor,18.19,clear,11.862,8.953,78.53,107.22,world
255.58,2026-08-30 01:36:22,0.07,4.60,560.78,180.0,corridor,18.21,clear,11.862,8.953,80.99,109.67,world
256.10,2026-08-30 01:36:22,0.08,4.61,558.20,180.0,corridor,18.23,clear,8.485,8.268,83.57,112.24,world
256.60,2026-08-30 01:36:23,0.08,4.49,555.66,180.0,corridor,18.25,clear,8.485,8.268,86.11,114.77,world
257.10,2026-08-30 01:36:23,0.08,4.24,553.09,180.0,corridor,18.27,clear,8.684,9.742,88.68,117.33,world
257.60,2026-08-30 01:36:24,0.08,3.97,550.52,180.0,corridor,18.29,clear,8.684,9.742,91.26,119.89,world
258.10,2026-08-30 01:36:24,0.08,3.82,547.97,180.0,corridor,18.31,clear,8.091,10.646,93.80,122.43,world
258.60,2026-08-30 01:36:25,0.08,3.67,545.43,180.0,corridor,18.33,clear,8.091,10.646,96.35,124.97,world
259.10,2026-08-30 01:36:25,0.08,3.44,542.86,180.0,corridor,18.35,clear,10.317,7.534,98.92,127.53,world
259.60,2026-08-30 01:36:26,0.08,3.15,540.28,180.0,corridor,18.37,clear,10.317,7.534,101.49,130.10,world
260.10,2026-08-30 01:36:26,0.07,2.85,537.70,180.0,corridor,18.39,clear,7.757,7.509,104.07,132.67,world
260.60,2026-08-30 01:36:27,0.07,2.50,535.11,180.0,corridor,18.41,clear,7.757,7.509,106.66,135.25,world
261.10,2026-08-30 01:36:27,0.06,2.23,532.54,180.0,corridor,18.43,clear,8.278,8.378,109.24,137.82,world
261.60,2026-08-30 01:36:28,0.05,2.27,530.05,180.0,corridor,18.45,clear,8.278,8.378,111.73,140.30,world
262.10,2026-08-30 01:36:28,0.04,2.57,527.69,180.0,corridor,18.47,clear,7.361,7.689,114.08,142.65,world
262.60,2026-08-30 01:36:29,0.02,2.88,525.34,180.0,corridor,18.49,clear,7.361,7.689,116.43,145.00,world
263.10,2026-08-30 01:36:29,0.01,3.09,522.93,180.0,corridor,18.51,clear,6.666,7.162,118.84,147.40,world
263.60,2026-08-30 01:36:30,-0.00,3.23,520.49,180.0,corridor,18.53,clear,6.666,7.162,121.28,149.84,world
264.10,2026-08-30 01:36:30,-0.01,3.32,518.02,180.0,corridor,18.55,clear,6.274,6.936,123.75,152.31,world
264.60,2026-08-30 01:36:31,-0.02,3.14,515.47,180.0,corridor,18.57,clear,6.274,6.936,126.30,154.85,world
265.10,2026-08-30 01:36:31,-0.03,2.67,512.88,180.0,corridor,18.59,clear,7.152,8.677,128.90,157.44,world
265.60,2026-08-30 01:36:32,-0.05,2.16,510.28,180.0,corridor,18.61,clear,7.152,8.677,131.50,159.85,world
266.10,2026-08-30 01:36:32,-0.06,1.85,507.69,180.0,corridor,18.63,clear,7.539,7.537,134.08,161.96,world
266.60,2026-08-30 01:36:33,-0.07,1.70,505.14,180.0,corridor,18.65,clear,7.539,7.537,136.64,164.06,world
267.10,2026-08-30 01:36:33,-0.08,1.62,502.61,180.0,corridor,18.67,clear,6.584,7.371,139.17,166.16,world
267.60,2026-08-30 01:36:34,-0.08,1.67,500.13,180.0,corridor,18.69,clear,6.584,7.371,141.65,168.23,world
268.10,2026-08-30 01:36:34,-0.08,1.87,497.73,180.0,corridor,18.71,clear,7.048,8.270,144.05,170.24,world
268.60,2026-08-30 01:36:35,-0.09,2.12,495.35,180.0,corridor,18.73,clear,7.048,8.270,146.42,172.24,world
269.10,2026-08-30 01:36:35,-0.09,2.29,492.93,180.0,corridor,18.75,clear,14.156,11.929,148.84,174.28,world
269.60,2026-08-30 01:36:36,-0.10,2.40,490.48,180.0,corridor,18.77,clear,14.156,11.929,151.30,176.37,world
270.10,2026-08-30 01:36:36,-0.11,2.48,488.01,180.0,corridor,18.79,clear,8.448,8.202,153.77,178.48,world
270.60,2026-08-30 01:36:37,-0.03,2.39,485.51,180.0,corridor,18.81,clear,8.448,8.202,156.28,180.66,world
271.10,2026-08-30 01:36:37,-0.04,2.06,482.93,180.0,corridor,18.83,clear,9.191,7.445,158.86,182.88,world
271.60,2026-08-30 01:36:38,-0.05,1.55,480.33,180.0,corridor,18.85,clear,9.191,7.445,161.45,185.12,world
272.10,2026-08-30 01:36:38,-0.06,1.02,478.00,180.0,corridor,18.87,clear,7.670,7.946,163.80,187.14,world
272.60,2026-08-30 01:36:39,-0.56,0.71,476.65,180.0,corridor,18.89,clear,7.670,7.946,165.37,188.08,world
273.10,2026-08-30 01:36:39,-0.57,0.25,474.05,180.0,corridor,18.91,clear,9.564,8.213,167.96,190.34,world
273.60,2026-08-30 01:36:40,-0.57,-0.05,471.47,180.0,corridor,18.93,clear,9.564,8.213,170.54,189.75,world
274.10,2026-08-30 01:36:40,-0.57,-0.28,468.90,180.0,corridor,18.95,clear,8.841,8.629,173.11,187.44,world
274.60,2026-08-30 01:36:41,-0.58,-0.48,466.34,180.0,corridor,18.97,clear,8.841,8.629,175.68,185.16,world
275.10,2026-08-30 01:36:41,-0.58,-0.54,463.82,180.0,corridor,18.99,clear,9.618,9.982,178.20,182.91,world
275.60,2026-08-30 01:36:42,-0.57,-0.46,461.36,180.0,corridor,19.01,clear,9.618,9.982,180.66,180.73,world
276.10,2026-08-30 01:36:42,-0.63,-0.38,459.04,180.0,corridor,19.03,clear,9.321,7.537,183.01,178.66,world
276.60,2026-08-30 01:36:43,-1.19,-0.32,457.12,180.0,corridor,19.05,clear,9.321,7.537,185.14,176.70,world
277.10,2026-08-30 01:36:43,-1.18,-0.39,454.60,180.0,corridor,19.07,clear,10.523,8.823,187.67,174.48,world
277.60,2026-08-30 01:36:44,-1.19,-0.60,452.04,180.0,corridor,19.09,clear,10.523,8.823,190.23,172.23,world
278.10,2026-08-30 01:36:44,-1.19,-0.88,449.46,180.0,corridor,19.11,clear,9.701,8.688,192.80,169.98,world
278.60,2026-08-30 01:36:45,-1.20,-1.07,446.90,180.0,corridor,19.13,clear,9.701,8.688,195.36,167.75,world
279.10,2026-08-30 01:36:45,-1.20,-1.26,444.34,180.0,corridor,19.15,clear,8.285,8.012,197.93,165.52,world
279.60,2026-08-30 01:36:46,-1.21,-1.61,441.75,180.0,corridor,19.17,clear,8.285,8.012,200.51,163.29,world
280.10,2026-08-30 01:36:46,-1.21,-2.02,439.16,180.0,corridor,19.19,clear,9.098,8.717,203.11,161.06,world
280.60,2026-08-30 01:36:47,-1.22,-2.28,436.58,180.0,corridor,19.21,clear,9.098,8.717,205.68,158.86,world
281.10,2026-08-30 01:36:47,-1.22,-2.27,434.09,180.0,corridor,19.23,clear,10.231,8.885,208.18,156.74,world
281.60,2026-08-30 01:36:48,-1.23,-2.10,431.66,180.0,corridor,19.25,clear,10.231,8.885,210.60,154.69,world
282.10,2026-08-30 01:36:48,-1.24,-1.91,429.25,180.0,corridor,19.27,clear,8.748,7.572,213.01,152.65,world
282.60,2026-08-30 01:36:49,-1.25,-1.73,426.83,180.0,corridor,19.29,clear,8.748,7.572,215.44,150.62,world
283.10,2026-08-30 01:36:49,-1.25,-1.57,424.40,180.0,corridor,19.31,clear,8.688,8.029,217.86,148.61,world
283.60,2026-08-30 01:36:50,-1.25,-1.38,422.00,180.0,corridor,19.33,clear,8.688,8.029,220.27,146.62,world
284.10,2026-08-30 01:36:50,-1.25,-1.04,419.69,180.0,corridor,19.35,clear,10.235,8.792,222.58,144.72,world
284.60,2026-08-30 01:36:51,-1.25,-0.64,417.44,180.0,corridor,19.37,clear,10.235,8.792,224.82,142.89,world
285.10,2026-08-30 01:36:51,-1.25,-0.28,415.16,180.0,corridor,19.39,clear,8.677,8.093,227.10,141.04,world
285.60,2026-08-30 01:36:52,-1.25,-0.08,412.77,180.0,corridor,19.41,clear,8.677,8.093,229.50,139.12,world
286.10,2026-08-30 01:36:52,-1.25,-0.06,410.28,180.0,corridor,19.43,clear,8.553,8.414,231.98,137.13,world
287.60,2026-08-30 01:36:54,0.00,-6.29,2200.00,180.0,corridor,19.49,clear,29.252,20.008,234.32,51.86,world
288.10,2026-08-30 01:36:55,0.00,-6.29,2200.00,180.0,corridor,19.51,clear,6.630,523.234,234.32,51.86,world
288.60,2026-08-30 01:36:55,0.00,-6.29,2200.00,180.0,corridor,19.53,clear,7.552,8.292,234.32,51.86,world
289.10,2026-08-30 01:36:56,0.00,-6.29,2200.00,180.0,corridor,19.55,clear,7.552,8.292,234.32,51.86,world
289.60,2026-08-30 01:36:56,0.00,-6.29,2200.00,180.0,corridor,19.57,clear,6.731,8.065,234.32,51.86,world
290.10,2026-08-30 01:36:57,0.00,-6.29,2200.00,180.0,corridor,19.59,clear,6.731,8.065,234.32,51.86,world
290.60,2026-08-30 01:36:57,0.00,-6.29,2200.00,180.0,corridor,19.61,clear,7.368,8.716,234.32,51.86,world
291.10,2026-08-30 01:36:58,0.00,-6.29,2200.00,180.0,corridor,19.63,clear,7.368,8.716,234.32,51.86,world
291.60,2026-08-30 01:36:58,0.00,-6.29,2200.00,180.0,corridor,19.65,clear,5.798,8.300,234.32,51.86,world
292.10,2026-08-30 01:36:59,0.00,-6.29,2200.00,180.0,corridor,19.67,clear,5.798,8.300,234.32,51.86,world
292.60,2026-08-30 01:36:59,0.00,-6.29,2200.00,180.0,corridor,19.69,clear,5.597,7.373,234.32,51.86,world
293.10,2026-08-30 01:37:00,0.00,-6.29,2200.00,180.0,corridor,19.71,clear,5.597,7.373,234.32,51.86,world
293.60,2026-08-30 01:37:00,0.00,-6.29,2200.00,180.0,corridor,19.73,clear,5.652,7.117,234.32,51.86,world
294.10,2026-08-30 01:37:01,0.00,-6.29,2200.00,180.0,corridor,19.75,clear,5.652,7.117,234.32,51.86,world
294.60,2026-08-30 01:37:01,0.00,-6.29,2200.00,180.0,corridor,19.77,clear,4.957,7.242,234.32,51.86,world
295.10,2026-08-30 01:37:02,0.00,-6.29,2200.00,180.0,corridor,19.79,clear,4.957,7.242,234.32,51.86,world
295.60,2026-08-30 01:37:02,0.00,-6.29,2200.00,180.0,corridor,19.81,clear,5.690,7.072,234.32,51.86,world
296.10,2026-08-30 01:37:03,0.00,-6.29,2200.00,180.0,corridor,19.83,clear,5.690,7.072,234.32,51.86,world
296.60,2026-08-30 01:37:03,0.00,-6.29,2200.00,180.0,corridor,19.85,clear,8.296,8.870,234.32,51.86,world
297.10,2026-08-30 01:37:04,0.00,-6.29,2200.00,180.0,corridor,19.87,clear,8.296,8.870,234.32,51.86,world
297.60,2026-08-30 01:37:04,0.00,-6.29,2200.00,180.0,corridor,19.89,clear,5.537,8.415,234.32,51.86,world
298.10,2026-08-30 01:37:05,0.00,-6.29,2200.00,180.0,corridor,19.91,clear,5.537,8.415,234.32,51.86,world
298.60,2026-08-30 01:37:05,0.00,-6.29,2200.00,180.0,corridor,19.93,clear,5.391,7.403,234.32,51.86,world
299.10,2026-08-30 01:37:06,0.00,-6.29,2200.00,180.0,corridor,19.95,clear,5.391,7.403,234.32,51.86,world
299.60,2026-08-30 01:37:06,0.00,-6.29,2200.00,180.0,corridor,19.97,clear,5.424,7.163,234.32,51.86,world
300.10,2026-08-30 01:37:07,0.00,-6.29,2200.00,180.0,corridor,19.99,clear,5.424,7.163,234.32,51.86,world
300.60,2026-08-30 01:37:07,0.00,-6.29,2200.00,180.0,corridor,20.01,clear,8.165,9.632,234.32,51.86,world
301.10,2026-08-30 01:37:08,0.00,-6.29,2200.00,180.0,corridor,20.03,clear,8.165,9.632,234.32,51.86,world
301.60,2026-08-30 01:37:08,0.00,-6.29,2200.00,180.0,corridor,20.05,clear,6.362,10.784,234.32,51.86,world
302.10,2026-08-30 01:37:09,0.00,-6.29,2200.00,180.0,corridor,20.07,clear,6.362,10.784,234.32,51.86,world
302.60,2026-08-30 01:37:10,0.00,-6.29,2200.00,180.0,corridor,20.09,clear,8.095,11.041,234.32,51.86,world
303.10,2026-08-30 01:37:10,0.00,-6.29,2200.00,180.0,corridor,20.11,clear,9.392,504.991,234.32,51.86,world
303.60,2026-08-30 01:37:10,0.00,-6.29,2200.00,180.0,corridor,20.13,clear,9.392,504.991,234.32,51.86,world
304.10,2026-08-30 01:37:11,0.00,-6.29,2200.00,180.0,corridor,20.15,clear,9.136,13.074,234.32,51.86,world
304.60,2026-08-30 01:37:11,0.00,-6.29,2200.00,180.0,corridor,20.17,clear,9.136,13.074,234.32,51.86,world
305.10,2026-08-30 01:37:12,0.00,-6.29,2200.00,180.0,corridor,20.19,clear,8.580,14.435,234.32,51.86,world
305.60,2026-08-30 01:37:12,0.00,-6.29,2200.00,180.0,corridor,20.21,clear,8.580,14.435,234.32,51.86,world
306.10,2026-08-30 01:37:13,0.00,-6.29,2200.00,180.0,corridor,20.23,clear,7.854,12.270,234.32,51.86,world
306.60,2026-08-30 01:37:13,0.00,-6.29,2200.00,180.0,corridor,20.25,clear,7.854,12.270,234.32,51.86,world
307.10,2026-08-30 01:37:14,0.00,-6.29,2200.00,180.0,corridor,20.27,clear,10.047,12.467,234.32,51.86,world
307.60,2026-08-30 01:37:14,0.00,-6.29,2200.00,180.0,corridor,20.29,clear,10.047,12.467,234.32,51.86,world
308.10,2026-08-30 01:37:15,0.00,-6.29,2200.00,180.0,corridor,20.31,clear,8.400,12.084,234.32,51.86,world
308.60,2026-08-30 01:37:15,0.00,-6.29,2200.00,180.0,corridor,20.33,clear,8.400,12.084,234.32,51.86,world
309.10,2026-08-30 01:37:16,0.00,-6.29,2200.00,180.0,corridor,20.35,clear,8.807,13.312,234.32,51.86,world
309.60,2026-08-30 01:37:16,0.00,-6.29,2200.00,180.0,corridor,20.37,clear,8.807,13.312,234.32,51.86,world
310.10,2026-08-30 01:37:17,0.00,-6.29,2200.00,180.0,corridor,20.39,clear,9.406,14.473,234.32,51.86,world
310.60,2026-08-30 01:37:17,0.00,-6.29,2200.00,180.0,corridor,20.41,clear,9.406,14.473,234.32,51.86,world
311.10,2026-08-30 01:37:18,0.00,-6.29,2200.00,180.0,corridor,20.43,clear,8.647,13.969,234.32,51.86,world
311.60,2026-08-30 01:37:18,0.00,-6.29,2200.00,180.0,corridor,20.45,clear,8.647,13.969,234.32,51.86,world
312.10,2026-08-30 01:37:19,0.00,-6.29,2200.00,180.0,corridor,20.47,clear,8.564,13.631,234.32,51.86,world
312.60,2026-08-30 01:37:19,0.00,-6.29,2200.00,180.0,corridor,20.49,clear,8.564,13.631,234.32,51.86,world
313.10,2026-08-30 01:37:20,0.00,-6.29,2200.00,180.0,corridor,20.51,clear,8.443,13.270,234.32,51.86,world
313.60,2026-08-30 01:37:20,0.00,-6.29,2200.00,180.0,corridor,20.53,clear,8.443,13.270,234.32,51.86,world
314.10,2026-08-30 01:37:21,0.00,-6.29,2200.00,180.0,corridor,20.55,clear,8.550,11.863,234.32,51.86,world
314.60,2026-08-30 01:37:21,0.00,-6.29,2200.00,180.0,corridor,20.57,clear,8.550,11.863,234.32,51.86,world
315.10,2026-08-30 01:37:22,0.00,-6.29,2200.00,180.0,corridor,20.59,clear,8.344,12.421,234.32,51.86,world
315.60,2026-08-30 01:37:22,0.00,-6.29,2200.00,180.0,corridor,20.61,clear,8.344,12.421,234.32,51.86,world
316.10,2026-08-30 01:37:23,0.00,-6.29,2200.00,180.0,corridor,20.63,clear,8.628,13.228,234.32,51.86,world
316.60,2026-08-30 01:37:23,0.00,-6.29,2200.00,180.0,corridor,20.65,clear,8.628,13.228,234.32,51.86,world
317.10,2026-08-30 01:37:24,0.00,-6.29,2200.00,180.0,corridor,20.67,clear,9.063,12.597,234.32,51.86,world
317.60,2026-08-30 01:37:24,0.00,-6.29,2200.00,180.0,corridor,20.69,clear,9.063,12.597,234.32,51.86,world
318.10,2026-08-30 01:37:25,0.00,-6.29,2200.00,180.0,corridor,20.71,clear,7.332,11.981,234.32,51.86,world
318.60,2026-08-30 01:37:25,0.00,-6.29,2200.00,180.0,corridor,20.73,clear,7.332,11.981,234.32,51.86,world
319.10,2026-08-30 01:37:26,0.00,-6.29,2200.00,180.0,corridor,20.75,clear,7.510,13.081,234.32,51.86,world
319.60,2026-08-30 01:37:26,0.00,-6.29,2200.00,180.0,corridor,20.77,clear,7.510,13.081,234.32,51.86,world
320.10,2026-08-30 01:37:27,0.00,-6.29,2200.00,180.0,corridor,20.79,clear,9.090,14.128,234.32,51.86,world
320.60,2026-08-30 01:37:27,0.00,-6.29,2200.00,180.0,corridor,20.81,clear,9.090,14.128,234.32,51.86,world
321.10,2026-08-30 01:37:28,0.00,-6.29,2200.00,180.0,corridor,20.83,clear,8.891,13.554,234.32,51.86,world
321.60,2026-08-30 01:37:28,0.00,-6.29,2200.00,180.0,corridor,20.85,clear,8.891,13.554,234.32,51.86,world
322.10,2026-08-30 01:37:29,0.00,-6.29,2200.00,180.0,corridor,20.87,clear,7.780,13.400,234.32,51.86,world
322.60,2026-08-30 01:37:29,0.00,-6.29,2200.00,180.0,corridor,20.89,clear,7.780,13.400,234.32,51.86,world
323.10,2026-08-30 01:37:30,0.00,-6.29,2200.00,180.0,corridor,20.91,clear,8.097,12.647,234.32,51.86,world
323.60,2026-08-30 01:37:30,0.00,-6.29,2200.00,180.0,corridor,20.93,clear,8.097,12.647,234.32,51.86,world
324.10,2026-08-30 01:37:31,0.00,-6.29,2200.00,180.0,corridor,20.95,clear,7.113,12.032,234.32,51.86,world
324.60,2026-08-30 01:37:31,0.00,-6.29,2200.00,180.0,corridor,20.97,clear,7.113,12.032,234.32,51.86,world
325.10,2026-08-30 01:37:32,0.00,-6.29,2200.00,180.0,corridor,20.99,clear,8.098,12.732,234.32,51.86,world
325.60,2026-08-30 01:37:32,0.00,-6.29,2200.00,180.0,corridor,21.01,clear,8.098,12.732,234.32,51.86,world
326.10,2026-08-30 01:37:33,0.00,-6.29,2200.00,180.0,corridor,21.03,clear,8.475,12.479,234.32,51.86,world
326.60,2026-08-30 01:37:33,0.00,-6.29,2200.00,180.0,corridor,21.05,clear,8.475,12.479,234.32,51.86,world
327.10,2026-08-30 01:37:34,0.00,-6.29,2200.00,180.0,corridor,21.07,clear,7.397,12.686,234.32,51.86,world
327.60,2026-08-30 01:37:34,0.00,-6.29,2200.00,180.0,corridor,21.09,clear,7.397,12.686,234.32,51.86,world
328.10,2026-08-30 01:37:35,0.00,-6.29,2200.00,180.0,corridor,21.11,clear,8.323,12.774,234.32,51.86,world
328.60,2026-08-30 01:37:35,0.00,-6.29,2200.00,180.0,corridor,21.13,clear,8.323,12.774,234.32,51.86,world
329.10,2026-08-30 01:37:36,0.00,-6.29,2200.00,180.0,corridor,21.15,clear,8.588,12.622,234.32,51.86,world
329.60,2026-08-30 01:37:36,0.00,-6.29,2200.00,180.0,corridor,21.17,clear,8.588,12.622,234.32,51.86,world
330.10,2026-08-30 01:37:37,0.00,-6.29,2200.00,180.0,corridor,21.19,clear,10.979,14.113,234.32,51.86,world
330.60,2026-08-30 01:37:37,0.00,-6.29,2200.00,180.0,corridor,21.21,clear,10.979,14.113,234.32,51.86,world
331.10,2026-08-30 01:37:38,0.00,-6.29,2200.00,180.0,corridor,21.23,clear,9.989,14.312,234.32,51.86,world
331.60,2026-08-30 01:37:38,0.00,-6.29,2200.00,180.0,corridor,21.25,clear,9.989,14.312,234.32,51.86,world
332.10,2026-08-30 01:37:39,0.00,-6.29,2200.00,180.0,corridor,21.27,clear,12.921,20.346,234.32,51.86,world
332.60,2026-08-30 01:37:40,0.00,-6.29,2200.00,180.0,corridor,21.29,clear,12.921,20.346,234.32,51.86,world
333.10,2026-08-30 01:37:40,0.00,-6.29,2200.00,180.0,corridor,21.31,clear,12.305,15.306,234.32,51.86,world
333.60,2026-08-30 01:37:41,0.00,-6.29,2200.00,180.0,corridor,21.33,clear,12.305,15.306,234.32,51.86,world
334.10,2026-08-30 01:37:41,0.00,-6.29,2200.00,180.0,corridor,21.35,clear,11.876,16.232,234.32,51.86,world
334.60,2026-08-30 01:37:41,0.00,-6.29,2200.00,180.0,corridor,21.37,clear,11.876,16.232,234.32,51.86,world
335.10,2026-08-30 01:37:42,0.00,-6.29,2200.00,180.0,corridor,21.39,clear,8.798,15.739,234.32,51.86,world
335.60,2026-08-30 01:37:42,0.00,-6.29,2200.00,180.0,corridor,21.41,clear,8.798,15.739,234.32,51.86,world
336.10,2026-08-30 01:37:43,0.00,-6.29,2200.00,180.0,corridor,21.43,clear,11.227,14.344,234.32,51.86,world
336.60,2026-08-30 01:37:43,0.00,-6.29,2200.00,180.0,corridor,21.45,clear,11.227,14.344,234.32,51.86,world
337.10,2026-08-30 01:37:44,0.00,-6.29,2200.00,180.0,corridor,21.47,clear,10.020,14.670,234.32,51.86,world
337.60,2026-08-30 01:37:44,0.00,-6.29,2200.00,180.0,corridor,21.49,clear,10.020,14.670,234.32,51.86,world
338.10,2026-08-30 01:37:45,0.00,-6.29,2200.00,180.0,corridor,21.51,clear,8.531,11.372,234.32,51.86,world
338.60,2026-08-30 01:37:45,0.00,-6.29,2200.00,180.0,corridor,21.53,clear,8.531,11.372,234.32,51.86,world
339.10,2026-08-30 01:37:46,0.00,-6.29,2200.00,180.0,corridor,21.55,clear,7.455,12.169,234.32,51.86,world
339.60,2026-08-30 01:37:46,0.00,-6.29,2200.00,180.0,corridor,21.57,clear,7.455,12.169,234.32,51.86,world
340.10,2026-08-30 01:37:47,0.00,-6.29,2200.00,180.0,corridor,21.59,clear,7.870,14.099,234.32,51.86,world
340.60,2026-08-30 01:37:47,0.00,-6.29,2200.00,180.0,corridor,21.61,clear,7.870,14.099,234.32,51.86,world
341.10,2026-08-30 01:37:48,0.00,-6.29,2200.00,180.0,corridor,21.63,clear,9.802,13.443,234.32,51.86,world
341.60,2026-08-30 01:37:49,0.00,-6.29,2200.00,180.0,corridor,21.65,clear,9.802,13.443,234.32,51.86,world
342.10,2026-08-30 01:37:49,0.00,-6.29,2200.00,180.0,corridor,21.67,clear,10.734,14.354,234.32,51.86,world
342.60,2026-08-30 01:37:49,0.00,-6.29,2200.00,180.0,corridor,21.69,clear,10.734,14.354,234.32,51.86,world
343.10,2026-08-30 01:37:50,0.00,-6.29,2200.00,180.0,corridor,21.71,clear,10.290,12.251,234.32,51.86,world
343.60,2026-08-30 01:37:50,0.00,-6.29,2200.00,180.0,corridor,21.73,clear,10.290,12.251,234.32,51.86,world
344.10,2026-08-30 01:37:51,0.00,-6.29,2200.00,180.0,corridor,21.75,clear,10.919,14.806,234.32,51.86,world
344.60,2026-08-30 01:37:51,0.00,-6.29,2200.00,180.0,corridor,21.77,clear,10.919,14.806,234.32,51.86,world
345.10,2026-08-30 01:37:52,0.00,-6.29,2200.00,180.0,corridor,21.79,clear,11.077,15.516,234.32,51.86,world
345.60,2026-08-30 01:37:53,0.00,-6.29,2200.00,180.0,corridor,21.81,clear,11.077,15.516,234.32,51.86,world
346.10,2026-08-30 01:37:53,0.00,-6.29,2200.00,180.0,corridor,21.83,clear,12.373,15.443,234.32,51.86,world
346.60,2026-08-30 01:37:54,0.00,-6.29,2200.00,180.0,corridor,21.85,clear,12.373,15.443,234.32,51.86,world
347.10,2026-08-30 01:37:54,0.00,-6.29,2200.00,180.0,corridor,21.87,clear,10.731,13.769,234.32,51.86,world
347.60,2026-08-30 01:37:54,0.00,-6.29,2200.00,180.0,corridor,21.89,clear,10.731,13.769,234.32,51.86,world
348.10,2026-08-30 01:37:55,0.00,-6.29,2200.00,180.0,corridor,21.91,clear,11.791,14.955,234.32,51.86,world
348.60,2026-08-30 01:37:55,0.00,-6.29,2200.00,180.0,corridor,21.93,clear,11.791,14.955,234.32,51.86,world
349.10,2026-08-30 01:37:56,0.00,-6.29,2200.00,180.0,corridor,21.95,clear,11.450,14.715,234.32,51.86,world
349.60,2026-08-30 01:37:56,0.00,-6.29,2200.00,180.0,corridor,21.97,clear,11.450,14.715,234.32,51.86,world
350.10,2026-08-30 01:37:57,0.00,-6.29,2200.00,180.0,corridor,21.99,clear,10.835,13.559,234.32,51.86,world
350.60,2026-08-30 01:37:58,0.00,-6.29,2200.00,180.0,corridor,22.01,clear,10.835,13.559,234.32,51.86,world
351.10,2026-08-30 01:37:58,0.00,-6.29,2200.00,180.0,corridor,22.03,clear,12.578,14.961,234.32,51.86,world
351.60,2026-08-30 01:37:58,0.00,-6.29,2200.00,180.0,corridor,22.05,clear,12.578,14.961,234.32,51.86,world
352.10,2026-08-30 01:37:59,0.00,-6.29,2200.00,180.0,corridor,22.07,clear,13.656,16.118,234.32,51.86,world
352.60,2026-08-30 01:37:59,0.00,-6.29,2200.00,180.0,corridor,22.09,clear,13.656,16.118,234.32,51.86,world
353.10,2026-08-30 01:38:00,0.00,-6.29,2200.00,180.0,corridor,22.11,clear,9.075,12.281,234.32,51.86,world
353.60,2026-08-30 01:38:01,0.00,-6.29,2200.00,180.0,corridor,22.13,clear,9.075,12.281,234.32,51.86,world
354.10,2026-08-30 01:38:01,0.00,-6.29,2200.00,180.0,corridor,22.15,clear,10.514,13.720,234.32,51.86,world
354.60,2026-08-30 01:38:02,0.00,-6.29,2200.00,180.0,corridor,22.17,clear,10.514,13.720,234.32,51.86,world
355.10,2026-08-30 01:38:02,0.00,-6.29,2200.00,180.0,corridor,22.19,clear,12.344,14.967,234.32,51.86,world
355.60,2026-08-30 01:38:02,0.00,-6.29,2200.00,180.0,corridor,22.21,clear,12.344,14.967,234.32,51.86,world
356.10,2026-08-30 01:38:03,0.00,-6.29,2200.00,180.0,corridor,22.23,clear,12.250,16.723,234.32,51.86,world
356.60,2026-08-30 01:38:03,0.00,-6.29,2200.00,180.0,corridor,22.25,clear,12.250,16.723,234.32,51.86,world
357.10,2026-08-30 01:38:04,0.00,-6.29,2200.00,180.0,corridor,22.27,clear,12.286,15.384,234.32,51.86,world
357.60,2026-08-30 01:38:05,0.00,-6.29,2200.00,180.0,corridor,22.29,clear,12.286,15.384,234.32,51.86,world
358.10,2026-08-30 01:38:05,0.00,-6.29,2200.00,180.0,corridor,22.31,clear,12.286,15.384,234.32,51.86,world
358.60,2026-08-30 01:38:05,0.00,-6.29,2200.00,180.0,corridor,22.33,clear,12.167,16.026,234.32,51.86,world
359.10,2026-08-30 01:38:06,0.00,-6.29,2200.00,180.0,corridor,22.35,clear,12.872,14.962,234.32,51.86,world
359.60,2026-08-30 01:38:06,0.00,-6.29,2200.00,180.0,corridor,22.37,clear,12.872,14.962,234.32,51.86,world
360.10,2026-08-30 01:38:07,0.00,-6.29,2200.00,180.0,corridor,22.39,clear,28.807,14.314,234.32,51.86,world
360.60,2026-08-30 01:38:07,0.00,-6.29,2200.00,180.0,corridor,22.41,clear,28.807,14.314,234.32,51.86,world
361.10,2026-08-30 01:38:08,0.00,-6.29,2200.00,180.0,corridor,22.43,clear,13.727,17.035,234.32,51.86,world
361.60,2026-08-30 01:38:08,0.00,-6.29,2200.00,180.0,corridor,22.45,clear,13.727,17.035,234.32,51.86,world
362.10,2026-08-30 01:38:09,0.00,-6.29,2200.00,180.0,corridor,22.47,clear,9.522,14.012,234.32,51.86,world
362.60,2026-08-30 01:38:09,0.00,-6.28,2199.99,180.0,corridor,22.49,clear,9.522,14.012,234.32,51.86,world
363.10,2026-08-30 01:38:10,0.01,-5.93,2197.88,180.0,corridor,22.51,clear,9.134,13.852,236.44,51.23,world
363.60,2026-08-30 01:38:10,0.02,-5.55,2195.59,180.0,corridor,22.53,clear,9.134,13.852,238.72,50.64,world
364.10,2026-08-30 01:38:11,0.03,-5.18,2193.30,180.0,corridor,22.55,clear,9.134,13.852,241.02,50.14,world
364.60,2026-08-30 01:38:12,0.03,-4.84,2190.99,180.0,corridor,22.57,clear,11.685,16.657,243.33,49.74,world
365.10,2026-08-30 01:38:12,0.04,-4.52,2188.67,180.0,corridor,22.59,clear,13.319,17.502,245.65,49.44,world
365.60,2026-08-30 01:38:13,0.04,-4.20,2186.34,180.0,corridor,22.61,clear,13.319,17.502,247.97,47.20,world
366.10,2026-08-30 01:38:13,0.05,-3.88,2184.02,180.0,corridor,22.63,clear,16.687,17.072,250.29,44.89,world
366.60,2026-08-30 01:38:13,0.19,-3.49,2181.83,180.0,corridor,22.65,clear,16.687,17.072,252.51,42.70,world
367.10,2026-08-30 01:38:14,0.20,-2.93,2179.72,180.0,corridor,22.67,clear,12.026,14.372,254.63,40.59,world
367.60,2026-08-30 01:38:14,0.20,-2.28,2177.72,180.0,corridor,22.69,clear,12.026,14.372,256.62,38.60,world
368.10,2026-08-30 01:38:15,0.21,-1.62,2175.76,180.0,corridor,22.71,clear,10.632,13.823,258.58,36.64,world
368.60,2026-08-30 01:38:15,0.22,-0.97,2173.76,180.0,corridor,22.73,clear,10.632,13.823,260.58,34.64,world
369.10,2026-08-30 01:38:16,0.22,-0.38,2171.70,180.0,corridor,22.75,clear,9.859,13.319,262.64,32.59,world
369.60,2026-08-30 01:38:16,0.23,0.14,2169.55,180.0,corridor,22.77,clear,9.859,13.319,264.79,30.44,world
370.10,2026-08-30 01:38:17,0.24,0.58,2167.32,180.0,corridor,22.79,clear,10.941,19.727,0.00,28.22,world
370.60,2026-08-30 01:38:18,0.24,0.98,2165.06,180.0,corridor,22.81,clear,10.941,19.727,0.00,25.96,world
371.10,2026-08-30 01:38:18,0.25,1.39,2162.80,180.0,corridor,22.83,clear,12.684,16.839,0.00,23.71,world
371.60,2026-08-30 01:38:19,0.25,1.84,2160.59,180.0,corridor,22.85,clear,12.684,16.839,0.00,21.51,world
372.10,2026-08-30 01:38:19,0.25,2.28,2158.36,180.0,corridor,22.87,clear,12.684,16.839,0.00,19.29,world
372.60,2026-08-30 01:38:20,0.26,2.61,2156.05,180.0,corridor,22.89,clear,13.188,18.551,0.00,16.99,world
373.10,2026-08-30 01:38:20,0.26,2.84,2153.66,180.0,corridor,22.91,clear,13.360,18.102,0.00,14.62,world
373.60,2026-08-30 01:38:21,0.26,3.03,2151.53,180.0,corridor,22.93,clear,13.360,18.102,0.00,12.70,world
374.10,2026-08-30 01:38:21,0.26,3.32,2149.18,180.0,corridor,22.95,clear,13.549,16.612,0.00,11.07,world
374.60,2026-08-30 01:38:22,0.26,3.63,2146.85,180.0,corridor,22.97,clear,13.549,16.612,0.00,9.46,world
375.10,2026-08-30 01:38:22,0.26,3.86,2144.47,180.0,corridor,22.99,clear,13.809,17.263,0.00,7.34,world
375.60,2026-08-30 01:38:23,0.26,3.95,2142.01,180.0,corridor,23.01,clear,13.809,17.263,0.00,4.99,world
376.10,2026-08-30 01:38:23,0.26,3.94,2139.51,180.0,corridor,23.03,clear,13.401,19.294,0.00,2.81,world
376.60,2026-08-30 01:38:24,0.26,3.89,2137.00,180.0,corridor,23.05,clear,13.401,19.294,0.00,1.83,world
377.10,2026-08-30 01:38:24,0.65,3.83,2135.20,180.0,corridor,23.07,clear,12.937,16.310,0.00,0.78,world
377.60,2026-08-30 01:38:25,0.75,3.66,2132.73,180.0,corridor,23.09,clear,12.937,16.310,0.00,2.23,world
378.10,2026-08-30 01:38:25,0.75,3.38,2130.16,180.0,corridor,23.11,clear,16.601,17.463,0.00,4.72,world
378.60,2026-08-30 01:38:26,0.75,3.09,2127.59,180.0,corridor,23.13,clear,16.601,17.463,0.00,7.27,world
379.10,2026-08-30 01:38:26,0.75,2.91,2125.04,180.0,corridor,23.15,clear,12.448,17.624,0.00,9.36,world
379.60,2026-08-30 01:38:26,0.76,2.78,2122.50,180.0,corridor,23.17,clear,12.448,17.624,0.00,6.82,world
380.10,2026-08-30 01:38:27,0.76,2.72,2119.98,180.0,corridor,23.19,clear,10.900,14.636,0.00,4.30,world
380.60,2026-08-30 01:38:27,0.77,2.58,2117.43,180.0,corridor,23.21,clear,10.900,14.636,0.00,1.76,world
381.10,2026-08-30 01:38:28,0.95,2.49,2116.41,127.5,corridor,23.23,clear,10.841,13.314,0.00,0.80,world
381.60,2026-08-30 01:38:29,2.46,2.26,2115.11,180.0,corridor,23.25,clear,10.841,13.314,0.00,1.92,world
382.10,2026-08-30 01:38:29,2.46,1.97,2112.54,180.0,corridor,23.27,clear,11.679,15.274,0.00,3.64,world
382.60,2026-08-30 01:38:30,2.47,1.79,2109.99,180.0,corridor,23.29,clear,11.679,15.274,0.00,5.98,world
383.10,2026-08-30 01:38:30,2.47,1.80,2107.49,180.0,corridor,23.31,clear,11.679,15.274,0.00,8.39,world
383.60,2026-08-30 01:38:31,2.47,1.83,2105.01,180.0,corridor,23.33,clear,12.533,16.633,0.00,10.87,world
384.10,2026-08-30 01:38:31,2.47,1.76,2102.48,180.0,corridor,23.35,clear,12.033,15.586,0.00,13.45,world
384.60,2026-08-30 01:38:32,2.47,1.62,2099.94,180.0,corridor,23.37,clear,12.033,15.586,0.00,16.05,world
385.10,2026-08-30 01:38:32,2.48,1.45,2097.39,180.0,corridor,23.39,clear,11.797,15.409,0.00,18.66,world
385.60,2026-08-30 01:38:32,2.48,1.20,2094.82,180.0,corridor,23.41,clear,11.797,15.409,0.00,21.29,world
386.10,2026-08-30 01:38:33,2.48,0.85,2092.24,180.0,corridor,23.43,clear,12.034,13.258,0.00,23.86,world
386.60,2026-08-30 01:38:34,2.49,0.46,2089.66,180.0,corridor,23.45,clear,12.034,13.258,0.00,26.39,world
387.10,2026-08-30 01:38:34,2.49,0.11,2087.07,180.0,corridor,23.47,clear,12.004,13.930,0.00,28.93,world
387.60,2026-08-30 01:38:34,2.50,-0.16,2084.50,180.0,corridor,23.49,clear,12.004,13.930,1.54,31.47,world
388.10,2026-08-30 01:38:35,2.50,-0.31,2081.95,180.0,corridor,23.51,clear,13.093,14.078,4.09,33.99,world
388.60,2026-08-30 01:38:35,2.51,-0.36,2079.44,180.0,corridor,23.53,clear,13.093,14.078,6.61,36.48,world
389.10,2026-08-30 01:38:36,2.51,-0.27,2076.98,180.0,corridor,23.55,clear,10.529,11.693,9.07,38.92,world
389.60,2026-08-30 01:38:36,2.51,0.01,2074.63,180.0,corridor,23.57,clear,10.529,11.693,11.42,41.25,world
390.10,2026-08-30 01:38:37,2.50,0.38,2072.35,180.0,corridor,23.59,clear,10.902,12.172,13.70,43.51,world
390.60,2026-08-30 01:38:38,2.50,0.67,2070.00,180.0,corridor,23.61,clear,10.902,12.172,16.04,45.84,world
391.10,2026-08-30 01:38:38,2.50,0.69,2067.52,180.0,corridor,23.63,clear,11.325,13.027,18.53,48.32,world
391.60,2026-08-30 01:38:38,2.49,0.61,2064.99,180.0,corridor,23.65,clear,11.325,13.027,21.06,50.83,world
392.10,2026-08-30 01:38:39,2.49,0.61,2062.49,180.0,corridor,23.67,clear,10.831,13.932,23.56,53.32,world
392.60,2026-08-30 01:38:39,2.49,0.62,2059.99,180.0,corridor,23.69,clear,10.831,13.932,26.05,55.80,world
393.10,2026-08-30 01:38:40,2.49,0.54,2057.47,180.0,corridor,23.71,clear,9.833,11.846,28.58,58.32,world
393.60,2026-08-30 01:38:40,2.48,0.44,2054.93,180.0,corridor,23.73,clear,9.833,11.846,31.11,60.84,world
394.10,2026-08-30 01:38:41,2.48,0.39,2052.42,180.0,corridor,23.75,clear,8.193,10.671,33.63,63.35,world
394.60,2026-08-30 01:38:41,2.48,0.40,2049.93,180.0,corridor,23.77,clear,8.193,10.671,36.12,65.84,world
395.10,2026-08-30 01:38:42,2.49,0.37,2047.42,180.0,corridor,23.79,clear,7.324,10.273,38.62,68.33,world
395.60,2026-08-30 01:38:42,2.49,0.11,2044.86,180.0,corridor,23.81,clear,7.324,10.273,41.18,70.89,world
396.10,2026-08-30 01:38:43,2.49,-0.36,2042.27,180.0,corridor,23.83,clear,9.543,11.918,43.77,73.47,world
396.60,2026-08-30 01:38:43,2.48,-0.95,2039.69,180.0,corridor,23.85,clear,9.543,11.918,46.36,76.05,world
397.10,2026-08-30 01:38:44,2.48,-1.55,2037.10,180.0,corridor,23.87,clear,9.828,13.685,48.95,78.63,world
397.60,2026-08-30 01:38:44,2.48,-2.02,2034.51,180.0,corridor,23.89,clear,9.828,13.685,51.53,81.22,world
398.10,2026-08-30 01:38:45,2.48,-2.30,2031.94,180.0,corridor,23.91,clear,8.047,12.466,54.11,83.78,world
398.60,2026-08-30 01:38:45,2.47,-2.45,2029.39,180.0,corridor,23.93,clear,8.047,12.466,56.65,86.33,world
399.10,2026-08-30 01:38:46,2.47,-2.63,2026.84,180.0,corridor,23.95,clear,8.125,12.079,59.21,88.87,world
399.60,2026-08-30 01:38:46,2.47,-2.81,2024.28,180.0,corridor,23.97,clear,8.125,12.079,61.76,91.42,world
400.10,2026-08-30 01:38:47,2.48,-2.81,2021.79,180.0,corridor,23.99,clear,10.196,14.114,64.26,93.92,world
400.60,2026-08-30 01:38:47,2.48,-2.64,2019.37,180.0,corridor,0.01,clear,10.196,14.114,66.67,96.33,world
401.10,2026-08-30 01:38:48,2.47,-2.45,2016.96,180.0,corridor,0.03,clear,9.299,12.772,69.08,98.74,world
401.60,2026-08-30 01:38:48,2.48,-2.33,2014.52,180.0,corridor,0.05,clear,9.299,12.772,71.52,101.18,world
402.10,2026-08-30 01:38:49,2.48,-2.29,2012.04,180.0,corridor,0.07,clear,9.227,11.752,74.01,103.66,world
402.60,2026-08-30 01:38:49,2.48,-2.32,2009.53,180.0,corridor,0.09,clear,9.227,11.752,76.52,106.16,world
403.10,2026-08-30 01:38:50,2.48,-2.41,2007.00,180.0,corridor,0.11,clear,9.822,12.989,79.05,108.69,world
403.60,2026-08-30 01:38:50,2.49,-2.54,2004.45,180.0,corridor,0.13,clear,9.822,12.989,81.59,111.23,world
404.10,2026-08-30 01:38:51,2.49,-2.70,2001.91,180.0,corridor,0.15,clear,7.961,11.998,84.14,113.78,world
404.60,2026-08-30 01:38:51,2.49,-2.92,1999.35,180.0,corridor,0.17,clear,7.961,11.998,86.70,116.33,world
405.10,2026-08-30 01:38:52,2.49,-3.09,1996.80,180.0,corridor,0.19,clear,10.234,12.010,89.25,118.88,world
405.60,2026-08-30 01:38:52,2.48,-3.28,1994.24,180.0,corridor,0.21,clear,10.234,12.010,91.80,121.43,world
406.10,2026-08-30 01:38:53,2.48,-3.56,1991.67,180.0,corridor,0.23,clear,9.869,11.588,94.37,124.00,world
406.60,2026-08-30 01:38:53,2.48,-3.87,1989.09,180.0,corridor,0.25,clear,9.869,11.588,96.95,126.58,world
407.10,2026-08-30 01:38:54,2.47,-4.06,1986.54,180.0,corridor,0.27,clear,8.459,10.816,99.51,129.13,world
407.60,2026-08-30 01:38:54,2.47,-4.05,1984.04,180.0,corridor,0.29,clear,8.459,10.816,102.00,131.63,world
408.10,2026-08-30 01:38:55,2.46,-4.03,1981.55,180.0,corridor,0.31,clear,8.115,10.531,104.50,134.12,world
408.60,2026-08-30 01:38:55,2.45,-4.11,1979.02,180.0,corridor,0.33,clear,8.115,10.531,107.02,136.64,world
409.10,2026-08-30 01:38:56,2.45,-4.25,1976.48,180.0,corridor,0.35,clear,9.913,12.919,109.56,139.18,world
409.60,2026-08-30 01:38:56,2.45,-4.38,1973.94,180.0,corridor,0.37,clear,9.913,12.919,112.10,141.72,world
410.10,2026-08-30 01:38:57,2.45,-4.47,1971.41,180.0,corridor,0.39,clear,8.522,11.168,114.63,144.25,world
410.60,2026-08-30 01:38:57,2.45,-4.56,1968.89,180.0,corridor,0.41,clear,8.522,11.168,117.16,146.77,world
411.10,2026-08-30 01:38:58,2.45,-4.65,1966.36,180.0,corridor,0.43,clear,8.798,11.872,119.69,148.36,world
411.60,2026-08-30 01:38:58,2.45,-4.83,1963.81,180.0,corridor,0.45,clear,8.798,11.872,122.24,149.57,world
412.10,2026-08-30 01:38:59,2.46,-5.18,1961.23,180.0,corridor,0.47,clear,7.941,10.621,124.82,150.84,world
412.60,2026-08-30 01:38:59,2.46,-5.60,1958.64,180.0,corridor,0.49,clear,7.941,10.621,127.40,152.14,world
413.10,2026-08-30 01:39:00,2.46,-6.05,1956.05,180.0,corridor,0.51,clear,8.537,11.161,129.99,153.47,world
413.60,2026-08-30 01:39:00,2.46,-6.53,1953.46,180.0,corridor,0.53,clear,8.537,11.161,132.58,154.83,world
414.10,2026-08-30 01:39:01,2.46,-7.06,1950.87,180.0,corridor,0.55,clear,8.724,10.761,135.17,156.23,world
414.60,2026-08-30 01:39:01,2.46,-7.64,1948.29,180.0,corridor,0.57,clear,8.724,10.761,137.76,157.65,world
415.10,2026-08-30 01:39:02,2.46,-8.17,1945.70,180.0,corridor,0.59,clear,8.961,14.785,140.35,159.11,world
415.60,2026-08-30 01:39:02,2.45,-8.47,1943.13,180.0,corridor,0.61,clear,8.961,14.785,142.92,160.59,world
416.10,2026-08-30 01:39:03,2.45,-8.48,1940.63,180.0,corridor,0.63,clear,8.501,12.061,145.41,162.05,world
416.60,2026-08-30 01:39:03,2.45,-8.32,1938.21,180.0,corridor,0.65,clear,8.501,12.061,147.84,163.49,world
417.10,2026-08-30 01:39:04,2.45,-8.07,1935.84,180.0,corridor,0.67,clear,9.012,10.972,150.21,164.92,world
417.60,2026-08-30 01:39:04,2.45,-7.79,1933.49,180.0,corridor,0.69,clear,9.012,10.972,152.56,166.35,world
418.10,2026-08-30 01:39:05,2.45,-7.51,1931.14,180.0,corridor,0.71,clear,9.194,11.074,154.91,167.81,world
418.60,2026-08-30 01:39:05,2.45,-7.20,1928.81,180.0,corridor,0.73,clear,9.194,11.074,157.23,169.28,world
419.10,2026-08-30 01:39:06,2.44,-6.80,1926.54,180.0,corridor,0.75,clear,8.522,10.678,159.50,170.73,world
419.60,2026-08-30 01:39:06,2.43,-6.43,1924.25,180.0,corridor,0.77,clear,8.522,10.678,161.79,172.21,world
420.10,2026-08-30 01:39:07,2.42,-6.26,1921.83,180.0,corridor,0.79,clear,7.658,11.204,164.21,173.81,world
420.60,2026-08-30 01:39:07,2.41,-6.26,1919.32,180.0,corridor,0.81,clear,7.658,11.204,166.72,175.47,world
421.10,2026-08-30 01:39:08,2.40,-6.23,1916.82,180.0,corridor,0.83,clear,10.797,15.629,169.22,177.15,world
421.60,2026-08-30 01:39:08,2.39,-6.11,1914.37,180.0,corridor,0.85,clear,10.797,15.629,171.68,178.82,world
422.10,2026-08-30 01:39:09,2.38,-6.04,1911.89,180.0,corridor,0.87,clear,9.509,12.079,174.15,180.52,world
423.62,2026-08-30 01:39:11,0.00,-5.45,4000.00,180.0,corridor,0.93,clear,13.130,19.739,176.60,49.36,world
424.12,2026-08-30 01:39:11,0.00,-5.45,4000.00,180.0,corridor,0.95,clear,10.658,450.919,176.60,49.33,world
424.62,2026-08-30 01:39:12,0.00,-5.45,4000.00,180.0,corridor,0.97,clear,10.658,450.919,176.60,49.30,world
425.12,2026-08-30 01:39:12,0.00,-5.45,4000.00,180.0,corridor,0.99,clear,10.247,10.053,176.60,49.29,world
425.62,2026-08-30 01:39:13,0.00,-5.45,4000.00,180.0,corridor,1.01,clear,10.247,10.053,176.60,49.28,world
426.12,2026-08-30 01:39:13,0.00,-5.45,4000.00,180.0,corridor,1.03,clear,11.809,13.976,176.60,49.28,world
426.62,2026-08-30 01:39:14,0.00,-5.45,4000.00,180.0,corridor,1.05,clear,11.809,13.976,176.60,49.30,world
427.12,2026-08-30 01:39:14,0.00,-5.45,4000.00,180.0,corridor,1.07,clear,9.096,8.855,176.60,49.32,world
427.62,2026-08-30 01:39:15,0.00,-5.45,4000.00,180.0,corridor,1.09,clear,9.096,8.855,176.60,49.33,world
428.12,2026-08-30 01:39:15,0.00,-5.45,4000.00,180.0,corridor,1.11,clear,9.509,8.191,176.60,49.33,world
428.62,2026-08-30 01:39:16,0.00,-5.45,4000.00,180.0,corridor,1.13,clear,9.509,8.191,176.60,49.33,world
429.12,2026-08-30 01:39:16,0.00,-5.45,4000.00,180.0,corridor,1.15,clear,7.473,8.342,176.60,49.33,world
429.62,2026-08-30 01:39:17,0.00,-5.45,4000.00,180.0,corridor,1.17,clear,7.473,8.342,176.60,49.33,world
430.12,2026-08-30 01:39:17,0.00,-5.45,4000.00,180.0,corridor,1.19,clear,10.100,10.190,176.60,49.33,world
430.62,2026-08-30 01:39:18,0.00,-5.45,4000.00,180.0,corridor,1.21,clear,10.100,10.190,176.60,49.25,world
431.12,2026-08-30 01:39:18,0.00,-5.45,4000.00,180.0,corridor,1.23,clear,7.955,9.491,176.60,49.17,world
431.62,2026-08-30 01:39:19,0.00,-5.45,4000.00,180.0,corridor,1.25,clear,7.955,9.491,176.60,49.10,world
432.12,2026-08-30 01:39:19,0.00,-5.45,4000.00,180.0,corridor,1.27,clear,9.459,9.716,176.60,49.04,world
432.62,2026-08-30 01:39:20,0.00,-5.45,4000.00,180.0,corridor,1.29,clear,9.459,9.716,176.60,48.99,world
433.12,2026-08-30 01:39:20,0.00,-5.45,4000.00,180.0,corridor,1.31,clear,9.622,9.372,176.60,48.97,world
433.62,2026-08-30 01:39:21,0.00,-5.45,4000.00,180.0,corridor,1.33,clear,9.622,9.372,176.60,48.97,world
434.12,2026-08-30 01:39:21,0.00,-5.45,4000.00,180.0,corridor,1.35,clear,8.682,8.416,176.60,48.97,world
434.62,2026-08-30 01:39:22,0.00,-5.45,4000.00,180.0,corridor,1.37,clear,8.682,8.416,176.60,48.97,world
435.12,2026-08-30 01:39:22,0.00,-5.45,4000.00,180.0,corridor,1.39,clear,8.494,9.019,176.60,48.97,world
435.62,2026-08-30 01:39:23,0.00,-5.45,4000.00,180.0,corridor,1.41,clear,8.494,9.019,176.60,48.97,world
436.12,2026-08-30 01:39:23,0.00,-5.45,4000.00,180.0,corridor,1.43,clear,9.162,9.375,176.60,48.97,world
436.62,2026-08-30 01:39:24,0.00,-5.45,4000.00,180.0,corridor,1.45,clear,9.162,9.375,176.60,48.97,world
437.12,2026-08-30 01:39:24,0.00,-5.45,4000.00,180.0,corridor,1.47,clear,11.170,11.003,176.60,48.75,world
437.62,2026-08-30 01:39:25,0.00,-5.45,4000.00,180.0,corridor,1.49,clear,11.170,11.003,176.60,48.48,world
438.12,2026-08-30 01:39:25,0.00,-5.45,4000.00,180.0,corridor,1.51,clear,12.619,11.690,176.60,48.22,world
438.62,2026-08-30 01:39:26,0.00,-5.45,4000.00,180.0,corridor,1.53,clear,12.619,11.690,176.60,47.96,world
439.12,2026-08-30 01:39:27,0.00,-5.45,4000.00,180.0,corridor,1.55,clear,11.761,457.396,176.60,47.71,world
439.62,2026-08-30 01:39:27,0.00,-5.45,4000.00,180.0,corridor,1.57,clear,11.587,9.426,176.60,47.47,world
440.12,2026-08-30 01:39:28,0.00,-5.45,4000.00,180.0,corridor,1.59,clear,11.587,9.426,176.60,47.25,world
440.62,2026-08-30 01:39:28,0.00,-5.45,4000.00,180.0,corridor,1.61,clear,10.246,9.365,176.60,47.03,world
441.12,2026-08-30 01:39:29,0.00,-5.45,4000.00,180.0,corridor,1.63,clear,10.246,9.365,176.60,46.82,world
441.62,2026-08-30 01:39:29,0.00,-5.45,4000.00,180.0,corridor,1.65,clear,9.091,9.447,176.60,46.62,world
442.12,2026-08-30 01:39:30,0.00,-5.45,4000.00,180.0,corridor,1.67,clear,9.091,9.447,176.60,46.57,world
442.62,2026-08-30 01:39:30,0.00,-5.45,4000.00,180.0,corridor,1.69,clear,9.785,8.940,176.60,46.57,world
443.12,2026-08-30 01:39:31,0.00,-5.45,4000.00,180.0,corridor,1.71,clear,9.785,8.940,176.60,46.57,world
443.62,2026-08-30 01:39:31,0.00,-5.45,4000.00,180.0,corridor,1.73,clear,12.649,10.546,176.60,46.57,world
444.12,2026-08-30 01:39:32,0.00,-5.45,4000.00,180.0,corridor,1.75,clear,12.649,10.546,176.60,46.57,world
444.62,2026-08-30 01:39:32,0.00,-5.45,4000.00,180.0,corridor,1.77,clear,10.168,10.826,176.60,46.50,world
445.12,2026-08-30 01:39:33,0.00,-5.45,4000.00,180.0,corridor,1.79,clear,10.168,10.826,176.60,46.28,world
445.62,2026-08-30 01:39:33,0.00,-5.45,4000.00,180.0,corridor,1.81,clear,9.186,9.497,176.60,46.28,world
446.12,2026-08-30 01:39:34,0.00,-5.45,4000.00,180.0,corridor,1.83,clear,9.186,9.497,176.60,46.28,world
446.62,2026-08-30 01:39:34,0.00,-5.45,4000.00,180.0,corridor,1.85,clear,10.362,10.425,176.60,46.28,world
447.12,2026-08-30 01:39:35,0.00,-5.45,4000.00,180.0,corridor,1.87,clear,10.362,10.425,176.60,46.28,world
447.62,2026-08-30 01:39:35,0.00,-5.45,4000.00,180.0,corridor,1.89,clear,8.167,8.474,176.60,46.85,world
448.12,2026-08-30 01:39:36,0.00,-5.45,4000.00,180.0,corridor,1.91,clear,8.167,8.474,176.60,47.50,world
448.62,2026-08-30 01:39:36,0.00,-5.45,4000.00,180.0,corridor,1.93,clear,7.965,8.705,176.60,48.16,world
449.12,2026-08-30 01:39:37,0.00,-5.45,4000.00,180.0,corridor,1.95,clear,7.965,8.705,176.60,48.81,world
449.62,2026-08-30 01:39:37,0.00,-5.45,4000.00,180.0,corridor,1.97,clear,11.096,10.625,176.60,49.47,world
450.12,2026-08-30 01:39:38,0.00,-5.45,4000.00,180.0,corridor,1.99,clear,11.096,10.625,176.60,50.12,world
450.62,2026-08-30 01:39:38,0.00,-5.45,4000.00,180.0,corridor,2.01,clear,10.717,8.635,176.60,50.25,world
451.12,2026-08-30 01:39:39,0.00,-5.45,4000.00,180.0,corridor,2.03,clear,10.717,8.635,176.60,50.25,world
451.62,2026-08-30 01:39:39,0.00,-5.45,4000.00,180.0,corridor,2.05,clear,9.774,10.390,176.60,50.25,world
452.12,2026-08-30 01:39:40,0.00,-5.45,4000.00,180.0,corridor,2.07,clear,9.774,10.390,176.60,50.02,world
452.62,2026-08-30 01:39:40,0.00,-5.45,4000.00,180.0,corridor,2.09,clear,11.693,15.230,176.60,49.61,world
453.12,2026-08-30 01:39:41,0.00,-5.45,4000.00,180.0,corridor,2.11,clear,11.693,15.230,176.60,49.20,world
453.62,2026-08-30 01:39:41,0.00,-5.45,4000.00,180.0,corridor,2.13,clear,10.923,12.224,176.60,48.82,world
454.12,2026-08-30 01:39:42,0.00,-5.45,4000.00,180.0,corridor,2.15,clear,10.923,12.224,176.60,48.82,world
454.62,2026-08-30 01:39:42,0.00,-5.45,4000.00,180.0,corridor,2.17,clear,8.465,10.565,176.60,48.82,world
455.12,2026-08-30 01:39:43,0.00,-5.45,4000.00,180.0,corridor,2.19,clear,8.465,10.565,176.60,48.82,world
455.62,2026-08-30 01:39:43,0.00,-5.45,4000.00,180.0,corridor,2.21,clear,11.399,10.633,176.60,48.82,world
456.12,2026-08-30 01:39:44,0.00,-5.45,4000.00,180.0,corridor,2.23,clear,11.399,10.633,176.60,48.82,world
456.62,2026-08-30 01:39:44,0.00,-5.45,4000.00,180.0,corridor,2.25,clear,12.541,10.632,176.60,48.82,world
457.12,2026-08-30 01:39:45,0.00,-5.45,4000.00,180.0,corridor,2.27,clear,12.541,10.632,176.60,48.85,world
457.62,2026-08-30 01:39:45,0.00,-5.45,4000.00,180.0,corridor,2.29,clear,9.267,10.883,176.60,48.92,world
458.12,2026-08-30 01:39:46,0.00,-5.45,4000.00,180.0,corridor,2.31,clear,9.267,10.883,176.60,49.01,world
458.62,2026-08-30 01:39:46,0.00,-5.45,4000.00,180.0,corridor,2.33,clear,9.242,8.565,176.60,49.11,world
459.12,2026-08-30 01:39:47,0.00,-5.45,4000.00,180.0,corridor,2.35,clear,9.242,8.565,176.60,49.22,world
459.62,2026-08-30 01:39:47,0.00,-5.45,4000.00,180.0,corridor,2.37,clear,7.926,9.711,176.60,49.34,world
460.12,2026-08-30 01:39:48,0.00,-5.45,4000.00,180.0,corridor,2.39,clear,7.926,9.711,176.60,49.46,world
460.62,2026-08-30 01:39:48,0.00,-5.45,4000.00,180.0,corridor,2.41,clear,9.303,10.446,176.60,49.60,world
461.12,2026-08-30 01:39:49,0.00,-5.45,4000.00,180.0,corridor,2.43,clear,9.303,10.446,176.60,49.75,world
461.62,2026-08-30 01:39:49,0.00,-5.45,4000.00,180.0,corridor,2.45,clear,10.604,11.255,176.60,49.91,world
462.12,2026-08-30 01:39:50,0.00,-5.45,4000.00,180.0,corridor,2.47,clear,10.604,11.255,176.60,49.97,world
462.62,2026-08-30 01:39:50,0.00,-5.45,4000.00,180.0,corridor,2.49,clear,10.885,8.770,176.60,49.97,world
463.12,2026-08-30 01:39:51,0.00,-5.45,4000.00,180.0,corridor,2.51,clear,10.885,8.770,176.60,49.97,world
463.62,2026-08-30 01:39:51,0.00,-5.45,4000.00,180.0,corridor,2.53,clear,10.810,10.775,176.60,49.97,world
464.12,2026-08-30 01:39:52,0.00,-5.45,4000.00,180.0,corridor,2.55,clear,10.810,10.775,176.60,49.63,world
464.62,2026-08-30 01:39:52,0.00,-5.45,4000.00,180.0,corridor,2.57,clear,10.579,10.980,176.60,49.16,world
465.12,2026-08-30 01:39:53,0.00,-5.45,4000.00,180.0,corridor,2.59,clear,10.579,10.980,176.60,48.68,world
465.62,2026-08-30 01:39:53,0.00,-5.45,4000.00,180.0,corridor,2.61,clear,9.494,9.877,176.60,48.22,world
466.12,2026-08-30 01:39:54,0.00,-5.45,4000.00,180.0,corridor,2.63,clear,9.494,9.877,176.60,47.76,world
466.62,2026-08-30 01:39:54,0.00,-5.45,4000.00,180.0,corridor,2.65,clear,7.951,8.169,176.60,47.31,world
467.12,2026-08-30 01:39:55,0.00,-5.45,4000.00,180.0,corridor,2.67,clear,7.951,8.169,176.60,47.17,world
467.62,2026-08-30 01:39:55,0.00,-5.45,4000.00,180.0,corridor,2.69,clear,11.020,8.423,176.60,47.17,world
468.12,2026-08-30 01:39:56,0.00,-5.45,4000.00,180.0,corridor,2.71,clear,11.020,8.423,176.60,47.17,world
468.62,2026-08-30 01:39:56,0.00,-5.45,4000.00,180.0,corridor,2.73,clear,10.234,10.163,176.60,47.17,world
469.12,2026-08-30 01:39:57,0.00,-5.45,4000.00,180.0,corridor,2.75,clear,10.234,10.163,176.60,47.17,world
469.62,2026-08-30 01:39:57,0.00,-5.45,4000.00,180.0,corridor,2.77,clear,7.314,9.101,176.60,47.17,world
470.12,2026-08-30 01:39:58,0.00,-5.45,4000.00,180.0,corridor,2.79,clear,7.314,9.101,176.60,47.31,world
470.62,2026-08-30 01:39:58,0.00,-5.45,4000.00,180.0,corridor,2.81,clear,7.369,9.073,176.60,47.91,world
471.12,2026-08-30 01:39:59,0.00,-5.45,4000.00,180.0,corridor,2.83,clear,7.369,9.073,176.60,48.51,world
471.62,2026-08-30 01:39:59,0.00,-5.45,4000.00,180.0,corridor,2.85,clear,7.307,8.221,176.60,48.61,world
472.12,2026-08-30 01:40:00,0.00,-5.45,4000.00,180.0,corridor,2.87,clear,7.307,8.221,176.60,48.61,world
472.62,2026-08-30 01:40:00,0.00,-5.45,4000.00,180.0,corridor,2.89,clear,7.861,8.615,176.60,48.61,world
473.12,2026-08-30 01:40:01,0.00,-5.45,4000.00,180.0,corridor,2.91,clear,7.861,8.615,176.60,48.61,world
473.62,2026-08-30 01:40:01,0.00,-5.45,4000.00,180.0,corridor,2.93,clear,7.115,8.221,176.60,48.85,world
474.12,2026-08-30 01:40:02,0.00,-5.45,4000.00,180.0,corridor,2.95,clear,7.115,8.221,176.60,49.29,world
474.62,2026-08-30 01:40:02,0.00,-5.45,4000.00,180.0,corridor,2.97,clear,9.136,8.172,176.60,49.75,world
475.12,2026-08-30 01:40:03,0.00,-5.45,4000.00,180.0,corridor,2.99,clear,9.136,8.172,176.60,50.20,world
475.62,2026-08-30 01:40:03,0.00,-5.45,4000.00,180.0,corridor,3.01,clear,9.376,8.019,176.60,50.65,world
476.12,2026-08-30 01:40:04,0.00,-5.45,4000.00,180.0,corridor,3.03,clear,9.376,8.019,176.60,50.65,world
476.62,2026-08-30 01:40:04,0.00,-5.45,4000.00,180.0,corridor,3.05,clear,7.254,9.843,176.60,50.65,world
477.12,2026-08-30 01:40:05,0.00,-5.45,4000.00,180.0,corridor,3.07,clear,7.254,9.843,176.60,50.65,world
477.62,2026-08-30 01:40:05,0.00,-5.45,4000.00,180.0,corridor,3.09,clear,8.380,8.333,176.60,50.57,world
478.12,2026-08-30 01:40:06,0.00,-5.45,4000.00,180.0,corridor,3.11,clear,8.380,8.333,176.60,49.94,world
478.62,2026-08-30 01:40:06,0.00,-5.45,4000.00,180.0,corridor,3.13,clear,7.973,8.899,176.60,49.77,world
479.12,2026-08-30 01:40:07,0.00,-5.45,4000.00,180.0,corridor,3.15,clear,7.973,8.899,176.60,49.38,world
479.62,2026-08-30 01:40:07,0.00,-5.45,4000.00,180.0,corridor,3.17,clear,7.485,8.482,176.60,48.99,world
480.12,2026-08-30 01:40:08,0.00,-5.45,4000.00,180.0,corridor,3.19,clear,7.485,8.482,176.60,48.61,world
480.62,2026-08-30 01:40:08,0.00,-5.45,4000.00,180.0,corridor,3.21,clear,7.813,8.863,176.60,48.24,world
481.12,2026-08-30 01:40:09,0.00,-5.45,4000.00,180.0,corridor,3.23,clear,7.813,8.863,176.60,47.87,world
481.62,2026-08-30 01:40:09,0.00,-5.45,4000.00,180.0,corridor,3.25,clear,9.464,8.367,176.60,47.51,world
482.12,2026-08-30 01:40:10,0.00,-5.45,4000.00,180.0,corridor,3.27,clear,9.464,8.367,176.60,47.16,world
482.62,2026-08-30 01:40:10,0.00,-5.45,4000.00,180.0,corridor,3.29,clear,8.030,9.629,176.60,46.82,world
483.12,2026-08-30 01:40:11,0.00,-5.45,4000.00,180.0,corridor,3.31,clear,8.030,9.629,176.60,46.48,world
483.62,2026-08-30 01:40:11,0.00,-5.45,4000.00,180.0,corridor,3.33,clear,7.964,8.348,176.60,46.16,world
484.12,2026-08-30 01:40:12,0.00,-5.45,4000.00,180.0,corridor,3.35,clear,7.964,8.348,176.60,45.83,world
484.62,2026-08-30 01:40:12,0.00,-5.45,4000.00,180.0,corridor,3.37,clear,9.077,9.756,176.60,45.52,world
485.12,2026-08-30 01:40:13,0.00,-5.45,4000.00,180.0,corridor,3.39,clear,9.077,9.756,176.60,45.27,world
485.62,2026-08-30 01:40:13,0.00,-5.45,4000.00,180.0,corridor,3.41,clear,8.286,9.192,176.60,45.27,world
486.12,2026-08-30 01:40:14,0.00,-5.45,4000.00,180.0,corridor,3.43,clear,8.286,9.192,176.60,45.27,world
486.62,2026-08-30 01:40:14,0.00,-5.45,4000.00,180.0,corridor,3.45,clear,8.752,9.342,176.60,45.27,world
487.12,2026-08-30 01:40:15,0.00,-5.45,4000.00,180.0,corridor,3.47,clear,8.752,9.342,176.60,45.27,world
487.62,2026-08-30 01:40:15,0.00,-5.45,4000.00,180.0,corridor,3.49,clear,7.951,8.296,176.60,45.27,world
488.12,2026-08-30 01:40:16,0.00,-5.45,4000.00,180.0,corridor,3.51,clear,7.951,8.296,176.60,45.27,world
488.62,2026-08-30 01:40:16,0.00,-5.45,4000.00,180.0,corridor,3.53,clear,7.649,8.398,176.60,45.27,world
489.12,2026-08-30 01:40:17,0.00,-5.45,4000.00,180.0,corridor,3.55,clear,7.649,8.398,176.60,45.24,world
489.62,2026-08-30 01:40:17,0.00,-5.45,4000.00,180.0,corridor,3.57,clear,16.676,16.131,176.60,45.06,world
490.12,2026-08-30 01:40:18,0.00,-5.45,4000.00,180.0,corridor,3.59,clear,16.676,16.131,176.60,44.89,world
490.62,2026-08-30 01:40:18,0.00,-5.45,4000.00,180.0,corridor,3.61,clear,9.039,10.647,176.60,44.72,world
491.12,2026-08-30 01:40:19,0.00,-5.45,4000.00,180.0,corridor,3.63,clear,9.039,10.647,176.60,44.57,world
491.62,2026-08-30 01:40:19,0.00,-5.45,4000.00,180.0,corridor,3.65,clear,13.752,18.774,176.60,44.43,world
492.12,2026-08-30 01:40:20,0.00,-5.45,4000.00,180.0,corridor,3.67,clear,13.752,18.774,176.60,44.30,world
492.62,2026-08-30 01:40:20,0.00,-5.45,4000.00,180.0,corridor,3.69,clear,10.079,10.358,176.60,44.19,world
493.12,2026-08-30 01:40:21,0.00,-5.45,4000.00,180.0,corridor,3.71,clear,10.079,10.358,176.60,44.09,world
493.62,2026-08-30 01:40:21,0.00,-5.45,4000.00,180.0,corridor,3.73,clear,19.705,24.583,176.60,44.09,world
494.12,2026-08-30 01:40:22,0.00,-5.45,4000.00,180.0,corridor,3.75,clear,19.705,24.583,176.60,44.09,world
494.62,2026-08-30 01:40:22,0.00,-5.45,4000.00,180.0,corridor,3.77,clear,11.033,9.202,176.60,44.09,world
495.12,2026-08-30 01:40:23,0.00,-5.45,4000.00,180.0,corridor,3.79,clear,11.033,9.202,176.60,44.09,world
495.62,2026-08-30 01:40:23,0.00,-5.45,4000.00,180.0,corridor,3.81,clear,21.159,26.164,176.60,44.60,world
496.12,2026-08-30 01:40:24,0.00,-5.45,4000.00,180.0,corridor,3.83,clear,21.159,26.164,176.60,45.18,world
496.62,2026-08-30 01:40:24,0.00,-5.45,4000.00,180.0,corridor,3.85,clear,9.511,9.816,176.60,45.77,world
497.12,2026-08-30 01:40:25,0.00,-5.45,4000.00,180.0,corridor,3.87,clear,9.511,9.816,176.60,46.37,world
497.62,2026-08-30 01:40:25,0.00,-5.45,4000.00,180.0,corridor,3.89,clear,12.218,13.809,176.60,46.96,world
498.12,2026-08-30 01:40:26,0.00,-5.45,4000.00,180.0,corridor,3.91,clear,12.218,13.809,176.60,47.56,world
498.62,2026-08-30 01:40:26,0.00,-5.45,3999.98,180.0,corridor,3.93,clear,10.986,9.735,176.62,48.18,world
499.12,2026-08-30 01:40:27,0.01,-5.74,3997.58,180.0,corridor,3.95,clear,10.986,9.735,179.02,51.14,world
499.62,2026-08-30 01:40:27,0.02,-5.82,3995.05,180.0,corridor,3.97,clear,13.502,10.777,181.55,52.23,world
500.12,2026-08-30 01:40:28,0.03,-5.69,3992.60,180.0,corridor,3.99,clear,13.502,10.777,184.00,51.46,world
500.62,2026-08-30 01:40:28,0.04,-5.46,3990.22,180.0,corridor,4.01,clear,11.094,9.819,186.38,50.80,world
501.12,2026-08-30 01:40:29,0.04,-5.29,3987.80,180.0,corridor,4.03,clear,11.094,9.819,188.80,50.25,world
501.62,2026-08-30 01:40:29,0.05,-5.20,3985.34,180.0,corridor,4.05,clear,13.682,10.103,191.26,49.81,world
502.12,2026-08-30 01:40:30,0.05,-5.04,3982.92,180.0,corridor,4.07,clear,13.682,10.103,193.68,49.49,world
502.62,2026-08-30 01:40:30,0.05,-4.70,3980.61,180.0,corridor,4.09,clear,13.816,11.884,195.99,49.29,world
503.12,2026-08-30 01:40:31,0.05,-4.34,3978.32,180.0,corridor,4.11,clear,13.816,11.884,198.28,49.20,world
503.62,2026-08-30 01:40:31,0.06,-4.14,3975.92,180.0,corridor,4.13,clear,10.634,9.472,200.68,49.21,world
504.12,2026-08-30 01:40:32,0.07,-4.16,3973.41,180.0,corridor,4.15,clear,10.634,9.472,203.19,49.35,world
504.62,2026-08-30 01:40:32,0.08,-4.14,3970.91,180.0,corridor,4.17,clear,10.520,9.986,205.69,49.62,world
505.12,2026-08-30 01:40:33,0.09,-3.98,3968.48,180.0,corridor,4.19,clear,10.520,9.986,208.11,49.99,world
505.62,2026-08-30 01:40:33,0.09,-3.77,3966.08,180.0,corridor,4.21,clear,12.103,12.482,210.51,50.48,world
506.12,2026-08-30 01:40:34,0.10,-3.63,3963.64,180.0,corridor,4.23,clear,12.103,12.482,212.96,51.08,world
506.62,2026-08-30 01:40:34,0.12,-3.50,3961.19,180.0,corridor,4.25,clear,11.210,10.065,215.41,51.79,world
507.12,2026-08-30 01:40:35,0.13,-3.23,3958.81,180.0,corridor,4.27,clear,11.210,10.065,217.79,52.58,world
507.62,2026-08-30 01:40:35,0.14,-2.83,3956.53,180.0,corridor,4.29,clear,10.793,10.532,220.07,53.43,world
508.12,2026-08-30 01:40:36,0.15,-2.43,3954.26,180.0,corridor,4.31,clear,10.793,10.532,222.34,54.35,world
508.62,2026-08-30 01:40:36,0.16,-2.07,3951.95,180.0,corridor,4.33,clear,10.855,9.016,224.65,55.37,world
509.12,2026-08-30 01:40:37,0.17,-1.81,3949.57,180.0,corridor,4.35,clear,10.855,9.016,227.03,56.50,world
509.62,2026-08-30 01:40:37,0.18,-1.69,3947.12,180.0,corridor,4.37,clear,12.311,10.533,229.48,57.75,world
510.12,2026-08-30 01:40:38,0.19,-1.66,3944.62,180.0,corridor,4.39,clear,12.311,10.533,231.98,59.10,world
510.62,2026-08-30 01:40:38,0.20,-1.64,3942.12,180.0,corridor,4.41,clear,10.965,10.920,234.48,60.52,world
511.12,2026-08-30 01:40:39,0.21,-1.54,3939.65,180.0,corridor,4.43,clear,10.965,10.920,236.95,61.99,world
511.62,2026-08-30 01:40:39,0.23,-1.45,3937.19,180.0,corridor,4.45,clear,12.324,9.688,239.41,63.52,world
512.12,2026-08-30 01:40:40,0.24,-1.52,3934.66,180.0,corridor,4.47,clear,12.324,9.688,241.94,65.14,world
512.62,2026-08-30 01:40:40,0.25,-1.80,3932.09,180.0,corridor,4.49,clear,10.257,10.309,244.51,66.86,world
513.12,2026-08-30 01:40:41,0.26,-2.21,3929.50,180.0,corridor,4.51,clear,10.257,10.309,247.10,68.64,world
513.62,2026-08-30 01:40:41,0.26,-2.53,3926.92,180.0,corridor,4.53,clear,10.669,10.707,249.68,70.47,world
514.12,2026-08-30 01:40:42,0.26,-2.71,3924.37,180.0,corridor,4.55,clear,10.669,10.707,252.23,72.32,world
514.62,2026-08-30 01:40:42,0.27,-2.90,3921.82,180.0,corridor,4.57,clear,12.144,10.656,254.78,74.22,world
515.12,2026-08-30 01:40:43,0.26,-3.23,3919.24,180.0,corridor,4.59,clear,12.144,10.656,257.36,76.17,world
515.62,2026-08-30 01:40:43,0.26,-3.60,3916.66,180.0,corridor,4.61,clear,11.731,10.312,259.94,78.17,world
516.12,2026-08-30 01:40:44,0.26,-3.96,3914.07,180.0,corridor,4.63,clear,11.731,10.312,262.53,80.21,world
516.62,2026-08-30 01:40:44,0.25,-4.28,3911.49,180.0,corridor,4.65,clear,11.535,10.172,265.11,82.27,world
517.12,2026-08-30 01:40:45,0.24,-4.56,3908.92,180.0,corridor,4.67,clear,11.535,10.172,267.68,84.35,world
517.62,2026-08-30 01:40:45,0.24,-4.77,3906.36,180.0,corridor,4.69,clear,12.230,10.753,270.24,86.45,world
518.12,2026-08-30 01:40:46,0.23,-4.93,3903.80,180.0,corridor,4.71,clear,12.230,10.753,272.80,88.58,world
518.62,2026-08-30 01:40:46,0.22,-5.15,3901.24,180.0,corridor,4.73,clear,10.602,11.446,275.36,90.73,world
519.12,2026-08-30 01:40:47,0.21,-5.49,3898.65,180.0,corridor,4.75,clear,10.602,11.446,277.95,92.92,world
519.62,2026-08-30 01:40:47,0.20,-5.90,3896.06,180.0,corridor,4.77,clear,11.028,10.596,280.54,95.13,world
520.12,2026-08-30 01:40:48,0.19,-6.29,3893.48,180.0,corridor,4.79,clear,11.028,10.596,283.12,97.36,world
520.62,2026-08-30 01:40:48,0.18,-6.58,3890.91,180.0,corridor,4.81,clear,11.004,10.665,285.69,99.60,world
521.12,2026-08-30 01:40:49,0.18,-6.68,3888.38,180.0,corridor,4.83,clear,11.004,10.665,288.22,101.80,world
521.62,2026-08-30 01:40:49,0.17,-6.54,3885.94,180.0,corridor,4.85,clear,12.151,12.250,290.66,103.95,world
522.12,2026-08-30 01:40:50,0.17,-6.32,3883.55,180.0,corridor,4.87,clear,12.151,12.250,293.05,106.07,world
522.62,2026-08-30 01:40:50,0.16,-6.22,3881.09,180.0,corridor,4.89,clear,11.534,10.931,295.51,108.25,world
523.12,2026-08-30 01:40:51,0.15,-6.23,3878.59,180.0,corridor,4.91,clear,11.534,10.931,298.01,110.50,world
523.62,2026-08-30 01:40:51,0.15,-6.20,3876.10,180.0,corridor,4.93,clear,10.182,10.610,300.50,112.73,world
524.12,2026-08-30 01:40:52,0.14,-5.99,3873.70,180.0,corridor,4.95,clear,10.182,10.610,302.90,114.90,world
524.62,2026-08-30 01:40:52,0.13,-5.69,3871.36,180.0,corridor,4.97,clear,11.604,12.938,305.24,117.02,world
525.12,2026-08-30 01:40:53,0.13,-5.35,3869.05,180.0,corridor,4.99,clear,11.604,12.938,307.55,119.13,world
525.62,2026-08-30 01:40:53,0.12,-4.99,3866.73,180.0,corridor,5.01,clear,11.875,10.778,309.87,121.25,world
526.12,2026-08-30 01:40:54,0.10,-4.61,3864.42,180.0,corridor,5.03,clear,11.875,10.778,312.18,123.37,world
526.62,2026-08-30 01:40:54,0.09,-4.21,3862.12,180.0,corridor,5.05,clear,9.561,8.861,314.48,125.48,world
527.12,2026-08-30 01:40:55,0.07,-3.80,3859.83,180.0,corridor,5.07,clear,9.561,8.861,316.77,127.61,world
527.62,2026-08-30 01:40:55,0.06,-3.42,3857.53,180.0,corridor,5.09,clear,9.086,8.585,319.08,129.74,world
528.12,2026-08-30 01:40:56,0.05,-3.09,3855.19,180.0,corridor,5.11,clear,9.086,8.585,321.41,131.90,world
528.62,2026-08-30 01:40:56,0.04,-2.81,3852.83,180.0,corridor,5.13,clear,9.543,9.059,323.77,134.10,world
529.12,2026-08-30 01:40:57,0.03,-2.52,3850.48,180.0,corridor,5.15,clear,9.543,9.059,326.12,136.30,world
529.62,2026-08-30 01:40:57,0.02,-2.22,3848.13,180.0,corridor,5.17,clear,11.575,11.111,328.47,138.49,world
530.12,2026-08-30 01:40:58,0.01,-1.97,3845.76,180.0,corridor,5.19,clear,11.575,11.111,330.84,140.71,world
530.62,2026-08-30 01:40:58,0.01,-1.82,3843.32,180.0,corridor,5.21,clear,9.866,9.142,333.28,143.00,world
531.12,2026-08-30 01:40:59,0.01,-1.87,3840.81,180.0,corridor,5.23,clear,9.866,9.142,335.79,145.36,world
531.62,2026-08-30 01:40:59,0.00,-2.12,3838.25,180.0,corridor,5.25,clear,8.749,8.620,338.35,147.78,world
532.12,2026-08-30 01:41:00,0.00,-2.32,3836.25,180.0,corridor,5.27,clear,8.749,8.620,340.36,149.67,world
532.62,2026-08-30 01:41:00,0.00,-2.45,3833.72,180.0,corridor,5.29,clear,9.154,8.589,342.88,152.06,world
533.12,2026-08-30 01:41:01,0.00,-2.51,3831.20,180.0,corridor,5.31,clear,9.154,8.589,345.40,154.44,world
533.62,2026-08-30 01:41:01,0.00,-2.64,3828.66,180.0,corridor,5.33,clear,12.434,11.090,347.94,156.85,world
534.12,2026-08-30 01:41:02,-0.00,-2.80,3826.11,180.0,corridor,5.35,clear,12.434,11.090,350.49,159.27,world
534.62,2026-08-30 01:41:02,-0.00,-2.80,3823.61,180.0,corridor,5.37,clear,9.909,9.145,352.99,161.66,world
535.12,2026-08-30 01:41:03,-0.01,-2.62,3821.19,180.0,corridor,5.39,clear,9.909,9.145,355.41,163.96,world
535.62,2026-08-30 01:41:03,-0.02,-2.30,3818.86,180.0,corridor,5.41,clear,8.458,9.021,357.74,166.19,world
536.12,2026-08-30 01:41:04,-0.03,-1.86,3816.62,180.0,corridor,5.43,clear,8.458,9.021,359.98,168.33,world
536.62,2026-08-30 01:41:04,0.85,-1.42,3815.13,180.0,corridor,5.45,clear,8.591,8.590,361.80,169.50,world
537.12,2026-08-30 01:41:05,0.85,-0.98,3812.91,180.0,corridor,5.47,clear,8.591,8.590,364.02,171.64,world
537.62,2026-08-30 01:41:05,0.84,-0.57,3810.65,180.0,corridor,5.49,clear,7.231,7.763,366.28,173.80,world
538.12,2026-08-30 01:41:06,0.84,-0.17,3808.39,180.0,corridor,5.51,clear,7.231,7.763,368.55,175.98,world
538.62,2026-08-30 01:41:06,0.83,0.20,3806.10,180.0,corridor,5.53,clear,8.856,7.658,370.83,178.18,world
539.12,2026-08-30 01:41:07,0.82,0.50,3803.76,180.0,corridor,5.55,clear,8.856,7.658,373.17,180.43,world
539.62,2026-08-30 01:41:07,0.82,0.77,3801.39,180.0,corridor,5.57,clear,8.651,9.411,375.54,178.59,world
540.12,2026-08-30 01:41:08,0.81,1.07,3799.04,180.0,corridor,5.59,clear,8.651,9.411,377.89,176.49,world
540.62,2026-08-30 01:41:08,0.80,1.32,3796.66,180.0,corridor,5.61,clear,28.733,9.879,380.27,174.39,world
541.12,2026-08-30 01:41:09,0.79,1.31,3794.17,180.0,corridor,5.63,clear,28.733,9.879,382.76,172.18,world
541.62,2026-08-30 01:41:09,0.79,1.01,3791.59,180.0,corridor,5.65,clear,9.144,8.571,385.34,169.91,world
542.12,2026-08-30 01:41:10,0.79,0.67,3789.01,180.0,corridor,5.67,clear,9.144,8.571,387.92,167.64,world
542.62,2026-08-30 01:41:10,0.78,0.49,3786.46,180.0,corridor,5.69,clear,7.156,7.753,390.47,165.41,world
543.12,2026-08-30 01:41:11,0.78,0.36,3783.93,180.0,corridor,5.71,clear,7.156,7.753,393.00,163.20,world
543.62,2026-08-30 01:41:11,0.78,0.11,3781.49,180.0,corridor,5.73,clear,6.991,7.616,395.44,161.09,world
544.12,2026-08-30 01:41:12,0.78,0.11,3781.49,180.0,corridor,5.75,clear,6.991,7.616,395.44,161.09,world
544.62,2026-08-30 01:41:12,0.78,0.11,3781.49,180.0,corridor,5.77,clear,9.317,8.942,395.44,161.09,world
545.12,2026-08-30 01:41:13,0.78,0.11,3781.49,180.0,corridor,5.79,clear,9.317,8.942,395.44,161.09,world
545.62,2026-08-30 01:41:13,0.78,0.11,3781.49,180.0,corridor,5.81,clear,7.808,7.972,395.44,161.09,world
546.12,2026-08-30 01:41:14,0.78,0.11,3781.49,180.0,corridor,5.83,clear,7.808,7.972,395.44,161.09,world
546.62,2026-08-30 01:41:14,0.78,0.11,3781.49,180.0,corridor,5.85,clear,7.734,7.793,395.44,161.09,world
547.12,2026-08-30 01:41:15,0.78,0.11,3781.49,180.0,corridor,5.87,clear,7.734,7.793,395.44,161.09,world
547.62,2026-08-30 01:41:15,0.78,0.11,3781.49,180.0,corridor,5.89,clear,9.125,8.920,395.44,161.09,world
548.12,2026-08-30 01:41:16,0.78,0.11,3781.49,180.0,corridor,5.91,clear,9.125,8.920,395.44,161.09,world
548.62,2026-08-30 01:41:16,0.78,0.11,3781.49,180.0,corridor,5.93,clear,7.034,10.274,395.44,161.09,world
549.12,2026-08-30 01:41:17,0.78,0.11,3781.49,180.0,corridor,5.95,clear,7.034,10.274,395.44,161.09,world
549.62,2026-08-30 01:41:17,0.78,0.11,3781.49,180.0,corridor,5.97,clear,6.826,7.717,395.44,161.09,world
550.12,2026-08-30 01:41:18,0.78,0.11,3781.49,180.0,corridor,5.99,clear,6.826,7.717,395.44,161.09,world
550.62,2026-08-30 01:41:18,0.78,0.11,3781.49,180.0,corridor,6.01,clear,6.277,8.473,395.44,161.09,world
551.12,2026-08-30 01:41:19,0.78,0.11,3781.49,180.0,corridor,6.03,clear,6.277,8.473,395.44,161.09,world
551.62,2026-08-30 01:41:19,0.78,0.11,3781.49,180.0,corridor,6.05,clear,5.808,6.973,395.44,161.09,world
552.12,2026-08-30 01:41:20,0.78,0.11,3781.49,180.0,corridor,6.07,clear,5.808,6.973,395.44,161.09,world
552.62,2026-08-30 01:41:20,0.78,0.11,3781.49,180.0,corridor,6.09,clear,9.414,7.472,395.44,161.09,world
553.12,2026-08-30 01:41:21,0.78,0.11,3781.49,180.0,corridor,6.11,clear,9.414,7.472,395.44,161.09,world
553.62,2026-08-30 01:41:21,0.78,0.11,3781.49,180.0,corridor,6.13,clear,5.747,7.605,395.44,161.09,world
554.12,2026-08-30 01:41:22,0.78,0.11,3781.49,180.0,corridor,6.15,clear,5.747,7.605,395.44,161.09,world
554.62,2026-08-30 01:41:22,0.78,0.11,3781.49,180.0,corridor,6.17,clear,6.811,8.598,395.44,161.09,world
555.12,2026-08-30 01:41:23,0.78,0.11,3781.49,180.0,corridor,6.19,clear,6.811,8.598,395.44,161.09,world
555.62,2026-08-30 01:41:23,0.78,0.11,3781.49,180.0,corridor,6.21,clear,7.457,7.214,395.44,161.09,world
556.12,2026-08-30 01:41:24,0.78,0.11,3781.49,180.0,corridor,6.23,clear,7.457,7.214,395.44,161.09,world
556.62,2026-08-30 01:41:24,0.78,0.11,3781.49,180.0,corridor,6.25,clear,5.672,7.335,395.44,161.09,world
557.12,2026-08-30 01:41:25,0.78,0.11,3781.49,180.0,corridor,6.27,clear,5.672,7.335,395.44,161.09,world
557.62,2026-08-30 01:41:25,0.78,0.11,3781.49,180.0,corridor,6.29,clear,7.403,7.244,395.44,161.09,world
558.12,2026-08-30 01:41:26,0.78,0.11,3781.49,180.0,corridor,6.31,clear,7.403,7.244,395.44,161.09,world
559.63,2026-08-30 01:41:28,0.00,1.09,6000.00,180.0,corridor,6.37,clear,6.617,21.196,395.44,193.62,world
560.13,2026-08-30 01:41:28,0.00,1.09,6000.00,180.0,corridor,6.40,clear,6.906,466.635,395.44,193.62,world
560.63,2026-08-30 01:41:28,0.00,1.09,6000.00,180.0,corridor,6.42,clear,6.906,466.635,395.44,193.62,world
561.13,2026-08-30 01:41:29,0.00,1.09,6000.00,180.0,corridor,6.44,clear,6.268,7.229,395.44,193.62,world
561.63,2026-08-30 01:41:29,0.00,1.09,6000.00,180.0,corridor,6.46,clear,6.268,7.229,395.44,193.62,world
562.13,2026-08-30 01:41:30,0.00,1.09,6000.00,180.0,corridor,6.48,clear,6.195,7.293,395.44,193.62,world
562.63,2026-08-30 01:41:30,0.00,1.09,6000.00,180.0,corridor,6.49,clear,6.195,7.293,395.44,193.62,world
563.13,2026-08-30 01:41:31,0.00,1.09,6000.00,180.0,corridor,6.52,clear,7.019,7.402,395.44,193.62,world
563.63,2026-08-30 01:41:31,0.00,1.09,6000.00,180.0,corridor,6.54,clear,7.019,7.402,395.44,193.62,world
564.13,2026-08-30 01:41:32,0.00,1.09,6000.00,180.0,corridor,6.55,clear,8.404,11.224,395.44,193.62,world
564.63,2026-08-30 01:41:32,0.00,1.09,6000.00,180.0,corridor,6.58,clear,8.404,11.224,395.44,193.62,world
565.13,2026-08-30 01:41:33,0.00,1.09,6000.00,180.0,corridor,6.60,clear,5.436,7.174,395.44,193.62,world
565.63,2026-08-30 01:41:33,0.00,1.09,6000.00,180.0,corridor,6.62,clear,5.436,7.174,395.44,193.62,world
566.13,2026-08-30 01:41:34,0.00,1.09,6000.00,180.0,corridor,6.64,clear,5.451,6.836,395.44,193.62,world
566.63,2026-08-30 01:41:34,0.00,1.09,6000.00,180.0,corridor,6.66,clear,5.451,6.836,395.44,193.62,world
567.13,2026-08-30 01:41:35,0.00,1.09,6000.00,180.0,corridor,6.68,clear,6.182,6.695,395.44,193.62,world
567.63,2026-08-30 01:41:35,0.00,1.09,6000.00,180.0,corridor,6.70,clear,6.182,6.695,395.44,193.62,world
568.13,2026-08-30 01:41:36,0.00,1.09,6000.00,180.0,corridor,6.72,clear,5.666,6.852,395.44,193.62,world
568.63,2026-08-30 01:41:36,0.00,1.09,6000.00,180.0,corridor,6.74,clear,5.666,6.852,395.44,193.62,world
569.13,2026-08-30 01:41:37,0.00,1.09,6000.00,180.0,corridor,6.76,clear,7.666,7.941,395.44,193.62,world
569.63,2026-08-30 01:41:37,0.00,1.09,6000.00,180.0,corridor,6.78,clear,7.666,7.941,395.44,193.62,world
570.13,2026-08-30 01:41:38,0.00,1.09,6000.00,180.0,corridor,6.79,clear,8.202,8.127,395.44,193.62,world
570.63,2026-08-30 01:41:38,0.00,1.09,6000.00,180.0,corridor,6.82,clear,8.202,8.127,395.44,193.62,world
571.13,2026-08-30 01:41:39,0.00,1.09,6000.00,180.0,corridor,6.83,clear,5.348,6.862,395.44,193.62,world
571.63,2026-08-30 01:41:39,0.00,1.09,6000.00,180.0,corridor,6.86,clear,5.348,6.862,395.44,193.62,world
572.13,2026-08-30 01:41:40,0.00,1.09,6000.00,180.0,corridor,6.87,clear,5.846,7.796,395.44,193.62,world
572.63,2026-08-30 01:41:40,0.00,1.09,6000.00,180.0,corridor,6.90,clear,5.846,7.796,395.44,193.62,world
573.13,2026-08-30 01:41:41,0.00,1.09,6000.00,180.0,corridor,6.91,clear,5.862,6.929,395.44,193.62,world
573.63,2026-08-30 01:41:41,0.00,1.09,6000.00,180.0,corridor,6.94,clear,5.862,6.929,395.44,193.62,world
574.13,2026-08-30 01:41:42,0.00,1.09,6000.00,180.0,corridor,6.95,clear,6.536,7.132,395.44,193.62,world
574.63,2026-08-30 01:41:43,0.00,1.09,6000.00,180.0,corridor,6.97,clear,6.536,7.132,395.44,193.62,world
575.13,2026-08-30 01:41:43,0.00,1.09,6000.00,180.0,corridor,7.00,clear,6.669,429.252,395.44,193.62,world
575.63,2026-08-30 01:41:44,0.00,1.09,6000.00,180.0,corridor,7.02,clear,6.669,429.252,395.44,193.62,world
576.13,2026-08-30 01:41:44,0.00,1.09,6000.00,180.0,corridor,7.04,clear,6.508,9.418,395.44,193.62,world
576.63,2026-08-30 01:41:45,0.00,1.09,6000.00,180.0,corridor,7.05,clear,6.508,9.418,395.44,193.62,world
577.13,2026-08-30 01:41:45,0.00,1.09,6000.00,180.0,corridor,7.08,clear,6.376,8.704,395.44,193.62,world
577.63,2026-08-30 01:41:46,0.00,1.09,6000.00,180.0,corridor,7.09,clear,6.376,8.704,395.44,193.62,world
578.13,2026-08-30 01:41:46,0.00,1.09,6000.00,180.0,corridor,7.12,clear,8.001,7.148,395.44,193.62,world
578.63,2026-08-30 01:41:47,0.00,1.09,6000.00,180.0,corridor,7.13,clear,8.001,7.148,395.44,193.62,world
579.13,2026-08-30 01:41:47,0.00,1.09,6000.00,180.0,corridor,7.16,clear,6.332,7.954,395.44,193.62,world
579.63,2026-08-30 01:41:48,0.00,1.09,6000.00,180.0,corridor,7.18,clear,6.332,7.954,395.44,193.62,world
580.13,2026-08-30 01:41:48,0.00,1.09,6000.00,180.0,corridor,7.20,clear,7.143,7.272,395.44,193.62,world
580.63,2026-08-30 01:41:49,0.00,1.09,6000.00,180.0,corridor,7.22,clear,7.143,7.272,395.44,193.62,world
581.13,2026-08-30 01:41:49,0.00,1.09,6000.00,180.0,corridor,7.24,clear,5.846,7.321,395.44,193.62,world
581.63,2026-08-30 01:41:50,0.00,1.09,6000.00,180.0,corridor,7.26,clear,5.846,7.321,395.44,193.62,world
582.13,2026-08-30 01:41:50,0.00,1.09,6000.00,180.0,corridor,7.28,clear,6.517,7.184,395.44,193.62,world
582.63,2026-08-30 01:41:51,0.00,1.09,6000.00,180.0,corridor,7.30,clear,6.517,7.184,395.44,193.62,world
583.13,2026-08-30 01:41:51,0.00,1.09,6000.00,180.0,corridor,7.32,clear,6.667,10.425,395.44,193.62,world
583.63,2026-08-30 01:41:52,0.00,1.09,6000.00,180.0,corridor,7.34,clear,6.667,10.425,395.44,193.62,world
584.13,2026-08-30 01:41:52,0.00,1.09,6000.00,180.0,corridor,7.36,clear,6.324,6.817,395.44,193.62,world
584.63,2026-08-30 01:41:53,0.00,1.09,6000.00,180.0,corridor,7.38,clear,6.324,6.817,395.44,193.62,world
585.13,2026-08-30 01:41:53,0.00,1.09,6000.00,180.0,corridor,7.40,clear,6.342,7.391,395.44,193.62,world
585.63,2026-08-30 01:41:54,0.00,1.09,6000.00,180.0,corridor,7.42,clear,6.342,7.391,395.44,193.62,world
586.13,2026-08-30 01:41:54,0.00,1.09,6000.00,180.0,corridor,7.44,clear,7.205,7.594,395.44,193.62,world
586.63,2026-08-30 01:41:55,0.00,1.09,6000.00,180.0,corridor,7.46,clear,7.205,7.594,395.44,193.62,world
587.13,2026-08-30 01:41:55,0.00,1.09,6000.00,180.0,corridor,7.47,clear,7.525,7.901,395.44,193.62,world
587.63,2026-08-30 01:41:56,0.00,1.09,6000.00,180.0,corridor,7.50,clear,7.525,7.901,395.44,193.62,world
588.13,2026-08-30 01:41:56,0.00,1.09,6000.00,180.0,corridor,7.52,clear,5.987,7.453,395.44,193.62,world
588.63,2026-08-30 01:41:57,0.00,1.09,6000.00,180.0,corridor,7.53,clear,5.987,7.453,395.44,193.62,world
589.13,2026-08-30 01:41:57,0.00,1.09,6000.00,180.0,corridor,7.56,clear,7.363,7.740,395.44,193.62,world
589.63,2026-08-30 01:41:58,0.00,1.09,6000.00,180.0,corridor,7.58,clear,7.363,7.740,395.44,193.62,world
590.13,2026-08-30 01:41:58,0.00,1.09,6000.00,180.0,corridor,7.60,clear,5.398,6.857,395.44,193.62,world
590.63,2026-08-30 01:41:59,0.00,1.09,6000.00,180.0,corridor,7.62,clear,5.398,6.857,395.44,193.62,world
591.13,2026-08-30 01:41:59,0.00,1.09,6000.00,180.0,corridor,7.64,clear,6.040,7.221,395.44,193.62,world
591.63,2026-08-30 01:42:00,0.00,1.09,6000.00,180.0,corridor,7.66,clear,6.040,7.221,395.44,193.62,world
592.13,2026-08-30 01:42:00,0.00,1.09,6000.00,180.0,corridor,7.68,clear,8.750,8.336,395.44,193.62,world
592.63,2026-08-30 01:42:01,0.00,1.09,6000.00,180.0,corridor,7.70,clear,8.750,8.336,395.44,193.62,world
593.13,2026-08-30 01:42:01,0.00,1.09,6000.00,180.0,corridor,7.72,clear,6.165,6.778,395.44,193.62,world
593.63,2026-08-30 01:42:02,0.00,1.09,6000.00,180.0,corridor,7.74,clear,6.165,6.778,395.44,193.62,world
594.13,2026-08-30 01:42:02,0.00,1.09,6000.00,180.0,corridor,7.76,clear,5.858,7.168,395.44,193.62,world
594.63,2026-08-30 01:42:03,0.00,1.09,6000.00,180.0,corridor,7.78,clear,5.858,7.168,395.44,193.62,world
595.13,2026-08-30 01:42:03,0.00,1.09,6000.00,180.0,corridor,7.80,clear,7.403,7.252,395.44,193.62,world
595.63,2026-08-30 01:42:04,0.00,1.09,6000.00,180.0,corridor,7.81,clear,7.403,7.252,395.44,193.62,world
596.13,2026-08-30 01:42:04,0.00,1.09,6000.00,180.0,corridor,7.84,clear,9.285,7.629,395.44,193.62,world
596.63,2026-08-30 01:42:05,0.00,1.09,6000.00,180.0,corridor,7.86,clear,9.285,7.629,395.44,193.62,world
597.13,2026-08-30 01:42:05,0.00,1.09,6000.00,180.0,corridor,7.88,clear,7.954,7.393,395.44,193.62,world
597.63,2026-08-30 01:42:06,0.00,1.09,6000.00,180.0,corridor,7.90,clear,7.954,7.393,395.44,193.62,world
598.13,2026-08-30 01:42:06,0.00,1.09,6000.00,180.0,corridor,7.92,clear,5.788,7.031,395.44,193.62,world
598.63,2026-08-30 01:42:07,0.00,1.09,6000.00,180.0,corridor,7.94,clear,5.788,7.031,395.44,193.62,world
599.13,2026-08-30 01:42:07,0.00,1.09,6000.00,180.0,corridor,7.96,clear,6.307,7.697,395.44,193.62,world
599.63,2026-08-30 01:42:08,0.00,1.09,6000.00,180.0,corridor,7.98,clear,6.307,7.697,395.44,193.62,world
600.13,2026-08-30 01:42:08,0.00,1.09,6000.00,180.0,corridor,8.00,clear,6.430,6.847,395.44,193.62,world
600.63,2026-08-30 01:42:09,0.00,1.09,6000.00,180.0,corridor,8.02,clear,6.430,6.847,395.44,193.62,world
601.13,2026-08-30 01:42:09,0.00,1.09,6000.00,180.0,corridor,8.03,clear,6.487,8.400,395.44,193.62,world
601.63,2026-08-30 01:42:10,0.00,1.09,6000.00,180.0,corridor,8.05,clear,6.487,8.400,395.44,193.62,world
602.13,2026-08-30 01:42:10,0.00,1.09,6000.00,180.0,corridor,8.07,clear,6.174,6.822,395.44,193.62,world
602.63,2026-08-30 01:42:11,0.00,1.09,6000.00,180.0,corridor,8.09,clear,6.174,6.822,395.44,193.62,world
603.13,2026-08-30 01:42:11,0.00,1.09,6000.00,180.0,corridor,8.11,clear,6.226,7.258,395.44,193.62,world
603.63,2026-08-30 01:42:12,0.00,1.09,6000.00,180.0,corridor,8.14,clear,6.226,7.258,395.44,193.62,world
604.13,2026-08-30 01:42:12,0.00,1.09,6000.00,180.0,corridor,8.16,clear,6.229,7.137,395.44,193.62,world
604.63,2026-08-30 01:42:13,0.00,1.09,6000.00,180.0,corridor,8.18,clear,6.229,7.137,395.44,193.62,world
605.13,2026-08-30 01:42:13,0.00,1.09,6000.00,180.0,corridor,8.20,clear,6.059,6.888,395.44,193.62,world
605.63,2026-08-30 01:42:14,0.00,1.09,6000.00,180.0,corridor,8.22,clear,6.059,6.888,395.44,193.62,world
606.13,2026-08-30 01:42:14,0.00,1.09,6000.00,180.0,corridor,8.24,clear,6.086,6.962,395.44,193.62,world
606.63,2026-08-30 01:42:15,0.00,1.09,6000.00,180.0,corridor,8.26,clear,6.086,6.962,395.44,193.62,world
607.13,2026-08-30 01:42:15,0.00,1.09,6000.00,180.0,corridor,8.28,clear,6.079,7.018,395.44,193.62,world
607.63,2026-08-30 01:42:16,0.00,1.09,6000.00,180.0,corridor,8.30,clear,6.079,7.018,395.44,193.62,world
608.13,2026-08-30 01:42:16,0.00,1.09,6000.00,180.0,corridor,8.32,clear,5.740,7.249,395.44,193.62,world
608.63,2026-08-30 01:42:17,0.00,1.09,6000.00,180.0,corridor,8.34,clear,5.740,7.249,395.44,193.62,world
609.13,2026-08-30 01:42:17,0.00,1.09,6000.00,180.0,corridor,8.36,clear,5.900,6.861,395.44,193.62,world
609.63,2026-08-30 01:42:18,0.00,1.09,6000.00,180.0,corridor,8.38,clear,5.900,6.861,395.44,193.62,world
610.13,2026-08-30 01:42:18,0.00,1.09,6000.00,180.0,corridor,8.40,clear,5.520,7.032,395.44,193.62,world
610.63,2026-08-30 01:42:19,0.00,1.09,6000.00,180.0,corridor,8.42,clear,5.520,7.032,395.44,193.62,world
611.13,2026-08-30 01:42:19,0.00,1.09,6000.00,180.0,corridor,8.44,clear,5.537,6.882,395.44,193.62,world
611.63,2026-08-30 01:42:20,0.00,1.09,6000.00,180.0,corridor,8.45,clear,5.537,6.882,395.44,193.62,world
612.13,2026-08-30 01:42:20,0.00,1.09,6000.00,180.0,corridor,8.48,clear,5.735,7.031,395.44,193.62,world
612.63,2026-08-30 01:42:21,0.00,1.09,6000.00,180.0,corridor,8.50,clear,5.735,7.031,395.44,193.62,world
613.13,2026-08-30 01:42:21,0.00,1.09,6000.00,180.0,corridor,8.52,clear,6.665,7.197,395.44,193.62,world
613.63,2026-08-30 01:42:22,0.00,1.09,6000.00,180.0,corridor,8.53,clear,6.665,7.197,395.44,193.62,world
614.13,2026-08-30 01:42:22,0.00,1.09,6000.00,180.0,corridor,8.55,clear,6.295,6.966,395.44,193.62,world
614.63,2026-08-30 01:42:23,0.00,1.09,6000.00,180.0,corridor,8.58,clear,6.295,6.966,395.44,193.62,world
615.13,2026-08-30 01:42:23,0.00,1.09,6000.00,180.0,corridor,8.60,clear,6.795,7.880,395.44,193.62,world
615.63,2026-08-30 01:42:24,0.00,1.09,6000.00,180.0,corridor,8.61,clear,6.795,7.880,395.44,193.62,world
616.13,2026-08-30 01:42:24,0.00,1.09,6000.00,180.0,corridor,8.63,clear,8.271,8.454,395.44,193.62,world
616.63,2026-08-30 01:42:25,0.00,1.09,6000.00,180.0,corridor,8.65,clear,8.271,8.454,395.44,193.62,world
617.13,2026-08-30 01:42:25,0.00,1.09,6000.00,180.0,corridor,8.67,clear,9.085,9.163,395.44,193.62,world
617.63,2026-08-30 01:42:26,0.00,1.09,6000.00,180.0,corridor,8.70,clear,9.085,9.163,395.44,193.62,world
618.13,2026-08-30 01:42:26,0.00,1.09,6000.00,180.0,corridor,8.71,clear,9.363,8.134,395.44,193.62,world
618.63,2026-08-30 01:42:27,0.00,1.09,6000.00,180.0,corridor,8.74,clear,9.363,8.134,395.44,193.62,world
619.13,2026-08-30 01:42:27,0.00,1.09,6000.00,180.0,corridor,8.76,clear,5.835,7.352,395.44,193.62,world
619.63,2026-08-30 01:42:28,0.00,1.09,6000.00,180.0,corridor,8.77,clear,5.835,7.352,395.44,193.62,world
620.13,2026-08-30 01:42:28,0.00,1.09,6000.00,180.0,corridor,8.80,clear,7.301,7.881,395.44,193.62,world
620.63,2026-08-30 01:42:29,0.00,1.09,6000.00,180.0,corridor,8.82,clear,7.301,7.881,395.44,193.62,world
621.13,2026-08-30 01:42:29,0.00,1.09,6000.00,180.0,corridor,8.84,clear,6.775,7.316,395.44,193.62,world
621.63,2026-08-30 01:42:30,0.00,1.09,6000.00,180.0,corridor,8.85,clear,6.775,7.316,395.44,193.62,world
622.13,2026-08-30 01:42:30,0.00,1.09,6000.00,180.0,corridor,8.87,clear,6.219,7.851,395.44,193.62,world
622.63,2026-08-30 01:42:31,0.00,1.09,6000.00,180.0,corridor,8.89,clear,6.219,7.851,395.44,193.62,world
623.13,2026-08-30 01:42:31,0.00,1.09,6000.00,180.0,corridor,8.91,clear,5.921,9.374,395.44,193.62,world
623.63,2026-08-30 01:42:32,0.00,1.09,6000.00,180.0,corridor,8.94,clear,5.921,9.374,395.44,193.62,world
624.13,2026-08-30 01:42:32,0.00,1.09,6000.00,180.0,corridor,8.96,clear,6.324,7.793,395.44,193.62,world
624.63,2026-08-30 01:42:33,0.00,1.09,6000.00,180.0,corridor,8.98,clear,6.324,7.793,395.44,193.62,world
625.13,2026-08-30 01:42:33,0.00,1.09,6000.00,180.0,corridor,9.00,clear,7.155,8.827,395.44,193.62,world
625.63,2026-08-30 01:42:34,0.00,1.09,6000.00,180.0,corridor,9.02,clear,7.155,8.827,395.44,193.62,world
626.13,2026-08-30 01:42:34,0.00,1.09,6000.00,180.0,corridor,9.03,clear,5.230,7.066,395.44,193.62,world
626.63,2026-08-30 01:42:35,0.00,1.09,6000.00,180.0,corridor,9.06,clear,5.230,7.066,395.44,193.62,world
627.13,2026-08-30 01:42:35,0.00,1.09,6000.00,180.0,corridor,9.07,clear,6.611,7.684,395.44,193.62,world
627.63,2026-08-30 01:42:36,0.00,1.09,6000.00,180.0,corridor,9.09,clear,6.611,7.684,395.44,193.62,world
628.13,2026-08-30 01:42:36,0.00,1.09,6000.00,180.0,corridor,9.11,clear,6.379,7.143,395.44,193.62,world
628.63,2026-08-30 01:42:37,0.00,1.09,6000.00,180.0,corridor,9.14,clear,6.379,7.143,395.44,193.62,world
629.13,2026-08-30 01:42:37,0.00,1.09,6000.00,180.0,corridor,9.16,clear,7.183,7.210,395.44,193.62,world
629.63,2026-08-30 01:42:38,0.00,1.09,6000.00,180.0,corridor,9.18,clear,7.183,7.210,395.44,193.62,world
630.13,2026-08-30 01:42:38,0.00,1.09,6000.00,180.0,corridor,9.20,clear,6.386,7.249,395.44,193.62,world
630.63,2026-08-30 01:42:39,0.00,1.09,6000.00,180.0,corridor,9.22,clear,6.386,7.249,395.44,193.62,world
631.13,2026-08-30 01:42:39,0.00,1.09,6000.00,180.0,corridor,9.23,clear,11.434,7.056,395.44,193.62,world
631.63,2026-08-30 01:42:40,0.00,1.09,6000.00,180.0,corridor,9.26,clear,11.434,7.056,395.44,193.62,world
632.13,2026-08-30 01:42:40,0.00,1.09,6000.00,180.0,corridor,9.27,clear,5.534,6.848,395.44,193.62,world
632.63,2026-08-30 01:42:41,0.00,1.09,6000.00,180.0,corridor,9.30,clear,5.534,6.848,395.44,193.62,world
633.13,2026-08-30 01:42:41,0.00,1.09,6000.00,180.0,corridor,9.32,clear,6.324,7.114,395.44,193.62,world
633.63,2026-08-30 01:42:42,0.00,1.09,6000.00,180.0,corridor,9.34,clear,6.324,7.114,395.44,193.62,world
634.13,2026-08-30 01:42:42,0.00,1.09,6000.00,180.0,corridor,9.36,clear,6.526,6.989,395.44,193.62,world
634.63,2026-08-30 01:42:43,0.00,1.08,5999.98,180.0,corridor,9.38,clear,6.526,6.989,395.46,193.63,world
635.13,2026-08-30 01:42:43,0.01,0.70,5997.57,180.0,corridor,9.40,clear,5.797,7.256,397.87,195.36,world
635.63,2026-08-30 01:42:44,0.02,0.46,5995.26,180.0,corridor,9.42,clear,5.797,7.256,400.19,197.04,world
636.13,2026-08-30 01:42:44,0.03,0.40,5992.73,180.0,corridor,9.44,clear,6.069,7.007,402.71,198.89,world
636.63,2026-08-30 01:42:45,0.04,0.50,5990.26,180.0,corridor,9.46,clear,6.069,7.007,405.18,200.70,world
637.13,2026-08-30 01:42:45,0.04,0.67,5987.84,180.0,corridor,9.48,clear,6.840,21.053,407.61,202.51,world
637.63,2026-08-30 01:42:46,0.05,0.83,5985.40,180.0,corridor,9.50,clear,6.840,21.053,410.04,204.32,world
638.13,2026-08-30 01:42:46,0.05,0.88,5982.92,180.0,corridor,9.51,clear,7.275,9.058,412.52,206.20,world
638.63,2026-08-30 01:42:47,0.06,0.81,5980.40,180.0,corridor,9.54,clear,7.275,9.058,415.05,208.11,world
639.13,2026-08-30 01:42:47,0.06,0.68,5977.84,180.0,corridor,9.56,clear,6.233,7.702,417.60,210.06,world
639.63,2026-08-30 01:42:48,0.07,0.60,5975.31,180.0,corridor,9.58,clear,6.233,7.702,420.13,212.01,world
640.13,2026-08-30 01:42:48,0.08,0.54,5972.79,180.0,corridor,9.60,clear,6.359,8.816,422.66,213.96,world
640.63,2026-08-30 01:42:49,0.08,0.51,5970.27,180.0,corridor,9.62,clear,6.359,8.816,425.18,215.92,world
641.13,2026-08-30 01:42:49,0.09,0.58,5967.78,180.0,corridor,9.63,clear,6.468,7.683,427.66,217.86,world
641.63,2026-08-30 01:42:50,0.10,0.77,5965.37,180.0,corridor,9.66,clear,6.468,7.683,430.08,219.76,world
642.13,2026-08-30 01:42:50,0.10,1.05,5963.00,180.0,corridor,9.68,clear,6.528,7.348,432.44,221.63,world
642.63,2026-08-30 01:42:51,0.11,1.40,5960.69,180.0,corridor,9.70,clear,6.528,7.348,434.76,223.47,world
643.13,2026-08-30 01:42:51,0.11,1.75,5958.38,180.0,corridor,9.71,clear,8.058,8.881,437.07,225.32,world
643.63,2026-08-30 01:42:52,-0.43,2.02,5956.37,180.0,corridor,9.74,clear,8.058,8.881,439.25,227.26,world
644.13,2026-08-30 01:42:52,-0.43,2.16,5953.93,180.0,corridor,9.75,clear,8.169,8.182,441.69,229.22,world
644.63,2026-08-30 01:42:53,-0.43,2.04,5951.39,180.0,corridor,9.77,clear,8.169,8.182,444.23,231.27,world
645.13,2026-08-30 01:42:53,-0.43,1.73,5948.82,180.0,corridor,9.79,clear,9.424,9.304,446.80,233.37,world
645.63,2026-08-30 01:42:54,-0.43,1.29,5946.23,180.0,corridor,9.82,clear,9.424,9.304,449.39,235.48,world
646.13,2026-08-30 01:42:54,-0.43,0.82,5943.89,180.0,corridor,9.83,clear,8.655,8.985,451.73,237.40,world
646.63,2026-08-30 01:42:55,-0.43,0.38,5941.55,180.0,corridor,9.86,clear,8.655,8.985,454.07,239.33,world
647.13,2026-08-30 01:42:55,-0.43,0.02,5938.97,180.0,corridor,9.87,clear,7.623,8.155,456.65,241.47,world
647.63,2026-08-30 01:42:56,-0.43,-0.22,5936.40,180.0,corridor,9.89,clear,7.623,8.155,459.22,243.60,world
648.13,2026-08-30 01:42:56,-0.44,-0.33,5933.86,180.0,corridor,9.91,clear,8.701,8.843,461.76,245.72,world
648.63,2026-08-30 01:42:57,-0.44,-0.49,5931.31,180.0,corridor,9.94,clear,8.701,8.843,464.31,247.85,world
649.13,2026-08-30 01:42:57,-1.02,-0.70,5929.49,180.0,corridor,9.96,clear,7.820,10.003,466.34,249.69,world
649.63,2026-08-30 01:42:58,-1.02,-1.01,5926.92,180.0,corridor,9.98,clear,7.820,10.003,468.91,251.86,world
650.13,2026-08-30 01:42:58,-1.02,-1.07,5924.40,180.0,corridor,10.00,clear,7.867,8.583,471.44,253.99,world
650.63,2026-08-30 01:42:59,-1.03,-0.84,5922.01,180.0,corridor,10.02,clear,7.867,8.583,473.82,256.01,world
651.13,2026-08-30 01:42:59,-1.03,-0.40,5919.78,180.0,corridor,10.04,clear,8.088,8.636,476.05,257.91,world
651.63,2026-08-30 01:43:00,-1.04,0.09,5917.60,180.0,corridor,10.06,clear,8.088,8.636,478.24,259.77,world
652.13,2026-08-30 01:43:00,-1.04,0.58,5915.42,180.0,corridor,10.08,clear,9.766,7.805,480.41,261.63,world
652.63,2026-08-30 01:43:01,-1.04,1.05,5913.23,180.0,corridor,10.10,clear,9.766,7.805,482.61,263.50,world
653.13,2026-08-30 01:43:01,-1.05,1.51,5911.01,180.0,corridor,10.12,clear,9.052,8.693,484.82,265.39,world
653.63,2026-08-30 01:43:02,-1.05,1.94,5908.77,180.0,corridor,10.13,clear,9.052,8.693,487.06,267.31,world
654.13,2026-08-30 01:43:02,-1.05,2.27,5906.46,180.0,corridor,10.16,clear,9.761,9.520,489.38,269.29,world
654.63,2026-08-30 01:43:03,-1.06,2.39,5904.01,180.0,corridor,10.17,clear,9.761,9.520,491.83,271.40,world
655.13,2026-08-30 01:43:03,-1.06,2.33,5901.48,180.0,corridor,10.20,clear,8.346,9.039,494.35,273.58,world
655.63,2026-08-30 01:43:04,-1.06,2.31,5898.98,180.0,corridor,10.22,clear,8.346,9.039,496.86,275.75,world
656.13,2026-08-30 01:43:04,-1.06,2.33,5896.48,180.0,corridor,10.23,clear,7.962,7.330,499.35,277.91,world
656.63,2026-08-30 01:43:05,-1.05,2.30,5893.96,180.0,corridor,10.26,clear,7.962,7.330,501.87,280.09,world
657.13,2026-08-30 01:43:05,-1.05,2.22,5891.43,180.0,corridor,10.28,clear,7.511,7.702,504.40,282.30,world
657.63,2026-08-30 01:43:06,-1.04,2.33,5888.98,180.0,corridor,10.30,clear,7.511,7.702,506.85,284.44,world
658.13,2026-08-30 01:43:06,-1.04,2.61,5886.62,180.0,corridor,10.32,clear,5.597,8.111,509.21,286.50,world
658.63,2026-08-30 01:43:07,-1.04,2.86,5884.24,180.0,corridor,10.33,clear,5.597,8.111,511.59,288.58,world
659.13,2026-08-30 01:43:07,-1.03,2.90,5881.76,180.0,corridor,10.35,clear,9.252,7.515,514.08,290.76,world
659.63,2026-08-30 01:43:08,-1.03,2.81,5879.22,180.0,corridor,10.37,clear,9.252,7.515,516.61,293.00,world
660.13,2026-08-30 01:43:08,-1.02,2.76,5876.70,180.0,corridor,10.40,clear,9.630,9.131,519.14,295.22,world
660.63,2026-08-30 01:43:09,-1.02,2.75,5874.19,180.0,corridor,10.41,clear,9.630,9.131,521.65,297.44,world
661.13,2026-08-30 01:43:09,-1.02,2.67,5871.66,180.0,corridor,10.43,clear,8.515,10.049,524.18,298.28,world
661.63,2026-08-30 01:43:10,-1.01,2.58,5869.12,180.0,corridor,10.45,clear,8.515,10.049,526.71,295.74,world
662.13,2026-08-30 01:43:10,-1.01,2.56,5866.61,180.0,corridor,10.48,clear,9.132,8.462,529.22,293.23,world
662.63,2026-08-30 01:43:11,-1.01,2.56,5864.11,180.0,corridor,10.50,clear,9.132,8.462,531.72,290.73,world
663.13,2026-08-30 01:43:11,-1.02,2.43,5861.57,180.0,corridor,10.52,clear,7.604,8.485,534.27,288.19,world
663.63,2026-08-30 01:43:12,-1.03,2.33,5859.03,180.0,corridor,10.53,clear,7.604,8.485,536.81,285.66,world
664.13,2026-08-30 01:43:12,-1.04,2.32,5856.51,180.0,corridor,10.56,clear,8.364,7.391,539.32,283.15,world
664.63,2026-08-30 01:43:13,-1.04,2.32,5854.00,180.0,corridor,10.57,clear,8.364,7.391,541.83,280.64,world
665.13,2026-08-30 01:43:13,-1.05,2.26,5851.48,180.0,corridor,10.59,clear,9.191,9.798,544.35,278.11,world
665.63,2026-08-30 01:43:14,-1.06,2.34,5849.00,180.0,corridor,10.62,clear,9.191,9.798,546.84,275.63,world
666.13,2026-08-30 01:43:14,-1.08,2.61,5846.61,180.0,corridor,10.64,clear,6.362,7.630,549.22,273.25,world
666.63,2026-08-30 01:43:15,-1.09,2.91,5844.25,180.0,corridor,10.66,clear,6.362,7.630,551.58,270.89,world
667.13,2026-08-30 01:43:15,-1.10,3.14,5841.85,180.0,corridor,10.68,clear,6.735,7.634,553.98,268.50,world
667.63,2026-08-30 01:43:16,-1.11,3.27,5839.39,180.0,corridor,10.70,clear,6.735,7.634,556.44,266.04,world
668.13,2026-08-30 01:43:16,-1.12,3.32,5836.90,180.0,corridor,10.72,clear,6.562,7.583,558.93,263.55,world
668.63,2026-08-30 01:43:17,-1.12,3.37,5834.67,180.0,corridor,10.73,clear,6.562,7.583,561.16,261.32,world
669.13,2026-08-30 01:43:17,-1.13,3.53,5832.24,180.0,corridor,10.76,clear,10.627,8.028,563.59,258.89,world
669.63,2026-08-30 01:43:18,-1.13,3.90,5829.95,180.0,corridor,10.77,clear,10.627,8.028,565.89,256.60,world
670.13,2026-08-30 01:43:18,-1.14,4.40,5827.77,180.0,corridor,10.80,clear,7.066,8.633,568.07,254.42,world
670.63,2026-08-30 01:43:19,-1.14,4.86,5825.56,180.0,corridor,10.82,clear,7.066,8.633,570.27,252.22,world
671.13,2026-08-30 01:43:19,-1.14,5.19,5823.24,180.0,corridor,10.84,clear,7.418,7.391,572.59,249.90,world
671.63,2026-08-30 01:43:20,-1.15,5.38,5820.82,180.0,corridor,10.85,clear,7.418,7.391,575.01,247.49,world
672.13,2026-08-30 01:43:20,-1.16,5.47,5818.36,180.0,corridor,10.88,clear,6.669,7.715,577.48,245.03,world
672.63,2026-08-30 01:43:21,-1.16,5.41,5815.83,180.0,corridor,10.89,clear,6.669,7.715,580.00,242.50,world
673.13,2026-08-30 01:43:21,-1.17,5.16,5813.26,180.0,corridor,10.91,clear,6.063,8.666,582.57,239.94,world
673.63,2026-08-30 01:43:22,-1.18,4.84,5810.68,180.0,corridor,10.94,clear,6.063,8.666,585.15,237.36,world
674.13,2026-08-30 01:43:22,-1.18,4.53,5808.11,180.0,corridor,10.96,clear,7.119,7.709,587.73,234.79,world
674.63,2026-08-30 01:43:23,-1.19,4.31,5805.54,180.0,corridor,10.98,clear,7.119,7.709,590.29,232.22,world
675.13,2026-08-30 01:43:23,-1.19,4.14,5802.99,180.0,corridor,11.00,clear,7.483,7.243,592.85,229.67,world
675.63,2026-08-30 01:43:24,-1.20,3.99,5800.43,180.0,corridor,11.01,clear,7.483,7.243,595.40,227.12,world
676.13,2026-08-30 01:43:24,-1.20,3.76,5797.86,180.0,corridor,11.04,clear,6.573,7.335,597.97,224.55,world
676.63,2026-08-30 01:43:25,-1.21,3.44,5795.28,180.0,corridor,11.06,clear,6.573,7.335,600.55,221.97,world
677.13,2026-08-30 01:43:25,-1.21,3.20,5792.71,180.0,corridor,11.07,clear,6.389,8.229,603.13,219.41,world
677.63,2026-08-30 01:43:26,-1.22,2.98,5790.15,180.0,corridor,11.10,clear,6.389,8.229,605.69,216.85,world
678.13,2026-08-30 01:43:26,-1.22,2.64,5787.57,180.0,corridor,11.12,clear,6.143,7.432,608.26,214.27,world
678.63,2026-08-30 01:43:27,-1.22,2.13,5784.98,180.0,corridor,11.14,clear,6.143,7.432,610.85,211.69,world
679.13,2026-08-30 01:43:27,-1.21,1.57,5782.39,180.0,corridor,11.16,clear,6.372,7.405,613.44,209.10,world
679.63,2026-08-30 01:43:28,-1.21,1.00,5779.80,180.0,corridor,11.18,clear,6.372,7.405,616.03,206.52,world
680.13,2026-08-30 01:43:28,-1.20,0.41,5777.22,180.0,corridor,11.20,clear,6.870,7.222,618.62,203.93,world
680.63,2026-08-30 01:43:29,-1.19,-0.14,5774.63,180.0,corridor,11.22,clear,6.870,7.222,621.21,201.35,world
681.13,2026-08-30 01:43:29,-1.19,-0.54,5772.04,180.0,corridor,11.24,clear,6.465,8.391,623.79,198.76,world
681.63,2026-08-30 01:43:30,-1.18,-0.73,5769.48,180.0,corridor,11.26,clear,6.465,8.391,626.35,196.21,world
682.13,2026-08-30 01:43:30,-1.17,-0.70,5766.99,180.0,corridor,11.28,clear,6.950,7.493,628.85,193.72,world
682.63,2026-08-30 01:43:31,-1.17,-0.55,5764.55,180.0,corridor,11.30,clear,6.950,7.493,631.29,191.28,world
683.13,2026-08-30 01:43:31,-1.16,-0.39,5762.11,180.0,corridor,11.32,clear,7.026,8.932,633.72,188.85,world
683.63,2026-08-30 01:43:32,-1.16,-0.35,5759.63,180.0,corridor,11.34,clear,7.026,8.932,636.21,186.37,world
684.13,2026-08-30 01:43:32,-1.16,-0.37,5757.11,180.0,corridor,11.36,clear,7.525,9.338,638.72,183.86,world
684.63,2026-08-30 01:43:33,-1.15,-0.41,5754.85,180.0,corridor,11.37,clear,7.525,9.338,640.99,181.59,world
685.13,2026-08-30 01:43:33,-1.15,-0.51,5752.31,180.0,corridor,11.40,clear,9.734,9.234,643.52,179.07,world
685.63,2026-08-30 01:43:34,-1.15,-0.68,5749.76,180.0,corridor,11.42,clear,9.734,9.234,646.07,176.52,world
686.13,2026-08-30 01:43:34,-1.16,-0.74,5747.24,180.0,corridor,11.44,clear,7.042,8.941,648.59,174.00,world
686.63,2026-08-30 01:43:35,-1.16,-0.68,5744.76,180.0,corridor,11.46,clear,7.042,8.941,651.07,171.53,world
687.13,2026-08-30 01:43:35,-1.16,-0.65,5742.27,180.0,corridor,11.48,clear,9.340,7.741,653.56,169.04,world
687.63,2026-08-30 01:43:36,-1.15,-0.65,5739.77,180.0,corridor,11.49,clear,9.340,7.741,656.07,166.54,world
688.13,2026-08-30 01:43:36,-1.15,-0.50,5737.33,180.0,corridor,11.51,clear,7.940,9.246,658.51,164.11,world
688.63,2026-08-30 01:43:37,-1.15,-0.19,5734.99,180.0,corridor,11.53,clear,7.940,9.246,660.84,161.78,world
689.13,2026-08-30 01:43:37,-1.15,0.09,5732.64,180.0,corridor,11.55,clear,8.775,8.742,663.19,159.43,world
689.63,2026-08-30 01:43:38,-1.15,0.12,5730.15,180.0,corridor,11.58,clear,8.775,8.742,665.68,156.95,world
690.13,2026-08-30 01:43:38,-1.15,-0.11,5727.59,180.0,corridor,11.60,clear,9.779,9.436,668.25,154.39,world
690.63,2026-08-30 01:43:39,-1.14,-0.36,5725.02,180.0,corridor,11.62,clear,9.779,9.436,670.82,151.83,world
691.13,2026-08-30 01:43:39,-1.14,-0.53,5722.46,180.0,corridor,11.63,clear,6.061,7.716,673.37,149.28,world
691.63,2026-08-30 01:43:40,-1.13,-0.67,5719.91,180.0,corridor,11.66,clear,6.061,7.716,675.92,146.73,world
692.13,2026-08-30 01:43:40,-1.13,-0.78,5717.38,180.0,corridor,11.68,clear,9.204,8.940,678.46,144.20,world
692.63,2026-08-30 01:43:41,-1.12,-0.84,5714.85,180.0,corridor,11.70,clear,9.204,8.940,680.98,141.69,world
693.13,2026-08-30 01:43:41,-1.11,-0.86,5712.33,180.0,corridor,11.71,clear,7.522,7.511,683.50,139.17,world
693.63,2026-08-30 01:43:42,-1.10,-0.82,5709.84,180.0,corridor,11.73,clear,7.522,7.511,686.00,136.68,world
694.13,2026-08-30 01:43:42,-1.09,-0.80,5707.34,180.0,corridor,11.76,clear,7.942,9.561,688.50,134.19,world
695.65,2026-08-30 01:43:44,0.00,-4.58,7500.00,180.0,corridor,11.82,clear,9.616,15.085,0.00,9.64,world
696.15,2026-08-30 01:43:45,0.00,-4.58,7500.00,180.0,corridor,11.84,clear,19.394,550.400,0.00,9.64,world
696.65,2026-08-30 01:43:45,0.00,-4.58,7500.00,180.0,corridor,11.86,clear,8.854,9.974,0.00,9.59,world
697.15,2026-08-30 01:43:46,0.00,-4.58,7500.00,180.0,corridor,11.88,clear,8.854,9.974,0.00,9.47,world
697.65,2026-08-30 01:43:46,0.00,-4.58,7500.00,180.0,corridor,11.90,clear,8.452,10.131,0.00,9.30,world
698.15,2026-08-30 01:43:47,0.00,-4.58,7500.00,180.0,corridor,11.92,clear,8.452,10.131,0.00,9.21,world
698.65,2026-08-30 01:43:47,0.00,-4.58,7500.00,180.0,corridor,11.94,clear,7.958,11.860,0.00,9.10,world
699.15,2026-08-30 01:43:48,0.00,-4.58,7500.00,180.0,corridor,11.96,clear,7.958,11.860,0.00,9.10,world
699.65,2026-08-30 01:43:48,0.00,-4.58,7500.00,180.0,corridor,11.98,clear,12.469,12.478,0.00,9.10,world
700.15,2026-08-30 01:43:49,0.00,-4.58,7500.00,180.0,corridor,12.00,clear,12.469,12.478,0.00,9.10,world
700.65,2026-08-30 01:43:49,0.00,-4.58,7500.00,180.0,corridor,12.02,clear,8.464,13.113,0.00,9.10,world
701.15,2026-08-30 01:43:50,0.00,-4.58,7500.00,180.0,corridor,12.04,clear,8.464,13.113,0.00,9.10,world
701.65,2026-08-30 01:43:50,0.00,-4.58,7500.00,180.0,corridor,12.06,clear,8.428,11.326,0.00,9.10,world
702.15,2026-08-30 01:43:51,0.00,-4.58,7500.00,180.0,corridor,12.08,clear,8.428,11.326,0.00,9.10,world
702.65,2026-08-30 01:43:51,0.00,-4.58,7500.00,180.0,corridor,12.10,clear,9.321,11.883,0.00,9.10,world
703.15,2026-08-30 01:43:52,0.00,-4.58,7500.00,180.0,corridor,12.12,clear,9.321,11.883,0.00,9.10,world
703.65,2026-08-30 01:43:52,0.00,-4.58,7500.00,180.0,corridor,12.14,clear,11.100,15.331,0.00,9.10,world
704.15,2026-08-30 01:43:53,0.00,-4.58,7500.00,180.0,corridor,12.16,clear,11.100,15.331,0.00,9.10,world
704.65,2026-08-30 01:43:53,0.00,-4.58,7500.00,180.0,corridor,12.18,clear,10.615,13.580,0.00,9.10,world
705.15,2026-08-30 01:43:54,0.00,-4.58,7500.00,180.0,corridor,12.20,clear,10.615,13.580,0.00,9.10,world
705.65,2026-08-30 01:43:54,0.00,-4.58,7500.00,180.0,corridor,12.22,clear,9.378,14.395,0.00,9.10,world
706.15,2026-08-30 01:43:55,0.00,-4.58,7500.00,180.0,corridor,12.24,clear,9.378,14.395,0.00,9.10,world
706.65,2026-08-30 01:43:55,0.00,-4.58,7500.00,180.0,corridor,12.26,clear,9.561,12.256,0.00,9.10,world
707.15,2026-08-30 01:43:56,0.00,-4.58,7500.00,180.0,corridor,12.28,clear,9.561,12.256,0.00,9.10,world
707.65,2026-08-30 01:43:56,0.00,-4.58,7500.00,180.0,corridor,12.30,clear,9.277,12.267,0.00,9.10,world
708.15,2026-08-30 01:43:57,0.00,-4.58,7500.00,180.0,corridor,12.32,clear,9.277,12.267,0.00,9.10,world
708.65,2026-08-30 01:43:57,0.00,-4.58,7500.00,180.0,corridor,12.34,clear,10.055,12.130,0.00,9.10,world
709.15,2026-08-30 01:43:58,0.00,-4.58,7500.00,180.0,corridor,12.36,clear,10.055,12.130,0.00,9.10,world
709.65,2026-08-30 01:43:58,0.00,-4.58,7500.00,180.0,corridor,12.38,clear,11.473,13.292,0.00,9.10,world
710.15,2026-08-30 01:43:59,0.00,-4.58,7500.00,180.0,corridor,12.40,clear,11.473,13.292,0.00,9.10,world
710.65,2026-08-30 01:44:00,0.00,-4.58,7500.00,180.0,corridor,12.42,clear,11.212,13.651,0.00,9.10,world
711.15,2026-08-30 01:44:00,0.00,-4.58,7500.00,180.0,corridor,12.44,clear,9.609,503.391,0.00,9.10,world
711.65,2026-08-30 01:44:01,0.00,-4.58,7500.00,180.0,corridor,12.46,clear,9.609,503.391,0.00,9.10,world
712.15,2026-08-30 01:44:01,0.00,-4.58,7500.00,180.0,corridor,12.48,clear,9.819,11.818,0.00,9.10,world
712.65,2026-08-30 01:44:02,0.00,-4.58,7500.00,180.0,corridor,12.50,clear,9.819,11.818,0.00,9.10,world
713.15,2026-08-30 01:44:02,0.00,-4.58,7500.00,180.0,corridor,12.52,clear,10.688,12.696,0.00,9.10,world
713.65,2026-08-30 01:44:03,0.00,-4.58,7500.00,180.0,corridor,12.54,clear,10.688,12.696,0.00,9.10,world
714.15,2026-08-30 01:44:03,0.00,-4.58,7500.00,180.0,corridor,12.56,clear,9.397,13.496,0.00,9.10,world
714.65,2026-08-30 01:44:04,0.00,-4.58,7500.00,180.0,corridor,12.58,clear,9.397,13.496,0.00,9.10,world
715.15,2026-08-30 01:44:04,0.00,-4.58,7500.00,180.0,corridor,12.60,clear,8.512,11.075,0.00,9.10,world
715.65,2026-08-30 01:44:05,0.00,-4.58,7500.00,180.0,corridor,12.62,clear,8.512,11.075,0.00,9.10,world
716.15,2026-08-30 01:44:05,0.00,-4.58,7500.00,180.0,corridor,12.64,clear,8.413,11.557,0.00,9.10,world
716.65,2026-08-30 01:44:06,0.00,-4.58,7500.00,180.0,corridor,12.66,clear,8.413,11.557,0.00,9.10,world
717.15,2026-08-30 01:44:06,0.00,-4.58,7500.00,180.0,corridor,12.68,clear,10.073,11.201,0.00,9.10,world
717.65,2026-08-30 01:44:07,0.00,-4.58,7500.00,180.0,corridor,12.70,clear,10.073,11.201,0.00,9.10,world
718.15,2026-08-30 01:44:07,0.00,-4.58,7500.00,180.0,corridor,12.72,clear,9.200,11.550,0.00,9.10,world
718.65,2026-08-30 01:44:08,0.00,-4.58,7500.00,180.0,corridor,12.74,clear,9.200,11.550,0.00,9.10,world
719.15,2026-08-30 01:44:08,0.00,-4.58,7500.00,180.0,corridor,12.76,clear,9.564,12.281,0.00,9.10,world
719.65,2026-08-30 01:44:09,0.00,-4.58,7500.00,180.0,corridor,12.78,clear,9.564,12.281,0.00,9.10,world
720.15,2026-08-30 01:44:09,0.00,-4.58,7500.00,180.0,corridor,12.80,clear,38.415,12.071,0.00,9.10,world
720.65,2026-08-30 01:44:10,0.00,-4.58,7500.00,180.0,corridor,12.82,clear,38.415,12.071,0.00,9.10,world
721.15,2026-08-30 01:44:10,0.00,-4.58,7500.00,180.0,corridor,12.84,clear,8.955,12.869,0.00,9.10,world
721.65,2026-08-30 01:44:11,0.00,-4.58,7500.00,180.0,corridor,12.86,clear,8.955,12.869,0.00,9.10,world
722.15,2026-08-30 01:44:11,0.00,-4.58,7500.00,180.0,corridor,12.88,clear,8.443,10.962,0.00,9.10,world
722.65,2026-08-30 01:44:12,0.00,-4.58,7500.00,180.0,corridor,12.90,clear,8.443,10.962,0.00,9.10,world
723.15,2026-08-30 01:44:12,0.00,-4.58,7500.00,180.0,corridor,12.92,clear,9.027,10.881,0.00,9.10,world
723.65,2026-08-30 01:44:13,0.00,-4.58,7500.00,180.0,corridor,12.94,clear,9.027,10.881,0.00,9.10,world
724.15,2026-08-30 01:44:13,0.00,-4.58,7500.00,180.0,corridor,12.96,clear,10.025,12.126,0.00,9.10,world
724.65,2026-08-30 01:44:14,0.00,-4.58,7500.00,180.0,corridor,12.98,clear,10.025,12.126,0.00,9.10,world
725.15,2026-08-30 01:44:14,0.00,-4.58,7500.00,180.0,corridor,13.00,clear,8.143,11.025,0.00,9.10,world
725.65,2026-08-30 01:44:15,0.00,-4.58,7500.00,180.0,corridor,13.02,clear,8.143,11.025,0.00,9.10,world
726.15,2026-08-30 01:44:15,0.00,-4.58,7500.00,180.0,corridor,13.04,clear,8.049,10.794,0.00,9.10,world
726.65,2026-08-30 01:44:16,0.00,-4.58,7500.00,180.0,corridor,13.06,clear,8.049,10.794,0.00,9.10,world
727.15,2026-08-30 01:44:16,0.00,-4.58,7500.00,180.0,corridor,13.08,clear,8.173,10.422,0.00,9.10,world
727.65,2026-08-30 01:44:17,0.00,-4.58,7500.00,180.0,corridor,13.10,clear,8.173,10.422,0.00,9.10,world
728.15,2026-08-30 01:44:17,0.00,-4.58,7500.00,180.0,corridor,13.12,clear,9.223,12.609,0.00,9.10,world
728.65,2026-08-30 01:44:18,0.00,-4.58,7500.00,180.0,corridor,13.14,clear,9.223,12.609,0.00,9.10,world
729.15,2026-08-30 01:44:18,0.00,-4.58,7500.00,180.0,corridor,13.16,clear,8.476,12.394,0.00,9.10,world
729.65,2026-08-30 01:44:19,0.00,-4.58,7500.00,180.0,corridor,13.18,clear,8.476,12.394,0.00,9.10,world
730.15,2026-08-30 01:44:19,0.00,-4.58,7500.00,180.0,corridor,13.20,clear,9.830,12.650,0.00,9.10,world
730.65,2026-08-30 01:44:20,0.00,-4.58,7500.00,180.0,corridor,13.22,clear,9.830,12.650,0.00,9.10,world
731.15,2026-08-30 01:44:20,0.00,-4.58,7500.00,180.0,corridor,13.24,clear,8.077,11.658,0.00,9.10,world
731.65,2026-08-30 01:44:21,0.00,-4.58,7500.00,180.0,corridor,13.26,clear,8.077,11.658,0.00,9.10,world
732.15,2026-08-30 01:44:21,0.00,-4.58,7500.00,180.0,corridor,13.28,clear,9.838,11.405,0.00,9.10,world
732.65,2026-08-30 01:44:22,0.00,-4.58,7500.00,180.0,corridor,13.30,clear,9.838,11.405,0.00,9.10,world
733.15,2026-08-30 01:44:22,0.00,-4.58,7500.00,180.0,corridor,13.32,clear,10.488,14.168,0.00,9.10,world
733.65,2026-08-30 01:44:23,0.00,-4.58,7500.00,180.0,corridor,13.33,clear,10.488,14.168,0.00,9.10,world
734.15,2026-08-30 01:44:23,0.00,-4.58,7500.00,180.0,corridor,13.36,clear,10.686,34.549,0.00,9.10,world
734.65,2026-08-30 01:44:24,0.00,-4.58,7500.00,180.0,corridor,13.38,clear,10.686,34.549,0.00,9.10,world
735.15,2026-08-30 01:44:24,0.00,-4.58,7500.00,180.0,corridor,13.40,clear,8.954,17.316,0.00,9.10,world
735.65,2026-08-30 01:44:25,0.00,-4.58,7500.00,180.0,corridor,13.42,clear,8.954,17.316,0.00,9.10,world
736.15,2026-08-30 01:44:25,0.00,-4.58,7500.00,180.0,corridor,13.44,clear,6.370,13.414,0.00,9.10,world
736.65,2026-08-30 01:44:26,0.00,-4.58,7500.00,180.0,corridor,13.46,clear,6.370,13.414,0.00,9.10,world
737.15,2026-08-30 01:44:26,0.00,-4.58,7500.00,180.0,corridor,13.48,clear,9.469,11.767,0.00,9.10,world
737.65,2026-08-30 01:44:27,0.00,-4.58,7500.00,180.0,corridor,13.50,clear,9.469,11.767,0.00,9.10,world
738.15,2026-08-30 01:44:27,0.00,-4.58,7500.00,180.0,corridor,13.52,clear,6.367,12.264,0.00,9.10,world
738.65,2026-08-30 01:44:28,0.00,-4.58,7500.00,180.0,corridor,13.54,clear,6.367,12.264,0.00,9.10,world
739.15,2026-08-30 01:44:28,0.00,-4.58,7500.00,180.0,corridor,13.56,clear,7.331,12.057,0.00,9.10,world
739.65,2026-08-30 01:44:29,0.00,-4.58,7500.00,180.0,corridor,13.58,clear,7.331,12.057,0.00,9.10,world
740.15,2026-08-30 01:44:29,0.00,-4.58,7500.00,180.0,corridor,13.60,clear,7.416,10.924,0.00,9.10,world
740.65,2026-08-30 01:44:30,0.00,-4.58,7500.00,180.0,corridor,13.62,clear,7.416,10.924,0.00,9.10,world
741.15,2026-08-30 01:44:30,0.00,-4.58,7500.00,180.0,corridor,13.64,clear,6.278,10.451,0.00,9.10,world
741.65,2026-08-30 01:44:31,0.00,-4.58,7500.00,180.0,corridor,13.66,clear,6.278,10.451,0.00,9.10,world
742.15,2026-08-30 01:44:31,0.00,-4.58,7500.00,180.0,corridor,13.68,clear,22.917,20.770,0.00,9.10,world
742.65,2026-08-30 01:44:32,0.00,-4.58,7500.00,180.0,corridor,13.70,clear,22.917,20.770,0.00,9.10,world
743.15,2026-08-30 01:44:32,0.00,-4.58,7500.00,180.0,corridor,13.72,clear,7.739,11.795,0.00,9.10,world
743.65,2026-08-30 01:44:33,0.00,-4.58,7500.00,180.0,corridor,13.74,clear,7.739,11.795,0.00,9.10,world
744.15,2026-08-30 01:44:33,0.00,-4.58,7500.00,180.0,corridor,13.76,clear,17.600,22.124,0.00,9.10,world
744.65,2026-08-30 01:44:34,0.00,-4.58,7500.00,180.0,corridor,13.78,clear,17.600,22.124,0.00,9.10,world
745.15,2026-08-30 01:44:34,0.00,-4.58,7500.00,180.0,corridor,13.80,clear,7.253,12.168,0.00,9.10,world
745.65,2026-08-30 01:44:35,0.00,-4.58,7500.00,180.0,corridor,13.82,clear,7.253,12.168,0.00,9.10,world
746.15,2026-08-30 01:44:35,0.00,-4.58,7500.00,180.0,corridor,13.84,clear,9.150,20.904,0.00,9.10,world
746.65,2026-08-30 01:44:36,0.00,-4.58,7500.00,180.0,corridor,13.86,clear,9.150,20.904,0.00,9.10,world
747.15,2026-08-30 01:44:36,0.00,-4.58,7500.00,180.0,corridor,13.88,clear,6.072,9.763,0.00,9.10,world
747.65,2026-08-30 01:44:37,0.00,-4.58,7500.00,180.0,corridor,13.90,clear,6.072,9.763,0.00,9.10,world
748.15,2026-08-30 01:44:37,0.00,-4.58,7500.00,180.0,corridor,13.92,clear,14.135,19.686,0.00,9.10,world
748.65,2026-08-30 01:44:38,0.00,-4.58,7500.00,180.0,corridor,13.94,clear,14.135,19.686,0.00,9.10,world
749.15,2026-08-30 01:44:38,0.00,-4.58,7500.00,180.0,corridor,13.96,clear,7.815,11.558,0.00,9.10,world
749.65,2026-08-30 01:44:39,0.00,-4.58,7500.00,180.0,corridor,13.98,clear,7.815,11.558,0.00,9.10,world
750.15,2026-08-30 01:44:39,0.00,-4.58,7500.00,180.0,corridor,14.00,clear,13.898,16.184,0.00,9.10,world
750.65,2026-08-30 01:44:40,0.00,-4.58,7500.00,180.0,corridor,14.02,clear,13.898,16.184,0.00,9.10,world
751.15,2026-08-30 01:44:40,0.00,-4.58,7500.00,180.0,corridor,14.04,clear,6.216,12.155,0.00,9.10,world
751.65,2026-08-30 01:44:41,0.00,-4.58,7500.00,180.0,corridor,14.06,clear,6.216,12.155,0.00,9.10,world
752.15,2026-08-30 01:44:41,0.00,-4.58,7500.00,180.0,corridor,14.08,clear,9.183,11.905,0.00,9.10,world
752.65,2026-08-30 01:44:42,0.00,-4.58,7500.00,180.0,corridor,14.10,clear,9.183,11.905,0.00,9.10,world
753.15,2026-08-30 01:44:42,0.00,-4.58,7500.00,180.0,corridor,14.12,clear,7.582,10.508,0.00,9.10,world
753.65,2026-08-30 01:44:43,0.00,-4.58,7500.00,180.0,corridor,14.14,clear,7.582,10.508,0.00,9.10,world
754.15,2026-08-30 01:44:43,0.00,-4.58,7500.00,180.0,corridor,14.16,clear,6.189,9.606,0.00,9.10,world
754.65,2026-08-30 01:44:44,0.00,-4.58,7500.00,180.0,corridor,14.18,clear,6.189,9.606,0.00,9.10,world
755.15,2026-08-30 01:44:44,0.00,-4.58,7500.00,180.0,corridor,14.20,clear,6.485,9.448,0.00,9.10,world
755.65,2026-08-30 01:44:45,0.00,-4.58,7500.00,180.0,corridor,14.22,clear,6.485,9.448,0.00,9.10,world
756.15,2026-08-30 01:44:45,0.00,-4.58,7500.00,180.0,corridor,14.24,clear,7.691,10.103,0.00,9.10,world
756.65,2026-08-30 01:44:46,0.00,-4.58,7500.00,180.0,corridor,14.26,clear,7.691,10.103,0.00,9.10,world
757.15,2026-08-30 01:44:46,0.00,-4.58,7500.00,180.0,corridor,14.28,clear,9.665,10.550,0.00,9.10,world
757.65,2026-08-30 01:44:47,0.00,-4.58,7500.00,180.0,corridor,14.30,clear,9.665,10.550,0.00,9.10,world
758.15,2026-08-30 01:44:47,0.00,-4.58,7500.00,180.0,corridor,14.32,clear,9.103,12.875,0.00,9.10,world
758.65,2026-08-30 01:44:48,0.00,-4.58,7500.00,180.0,corridor,14.34,clear,9.103,12.875,0.00,9.10,world
759.15,2026-08-30 01:44:48,0.00,-4.58,7500.00,180.0,corridor,14.36,clear,9.224,12.261,0.00,9.10,world
759.65,2026-08-30 01:44:49,0.00,-4.58,7500.00,180.0,corridor,14.38,clear,9.224,12.261,0.00,9.10,world
760.15,2026-08-30 01:44:49,0.00,-4.58,7500.00,180.0,corridor,14.40,clear,9.206,10.742,0.00,9.10,world
760.65,2026-08-30 01:44:50,0.00,-4.58,7500.00,180.0,corridor,14.42,clear,9.206,10.742,0.00,9.10,world
761.15,2026-08-30 01:44:50,0.00,-4.58,7500.00,180.0,corridor,14.44,clear,9.239,11.031,0.00,9.10,world
761.65,2026-08-30 01:44:51,0.00,-4.58,7500.00,180.0,corridor,14.46,clear,9.239,11.031,0.00,9.10,world
762.15,2026-08-30 01:44:51,0.00,-4.58,7500.00,180.0,corridor,14.48,clear,7.618,11.459,0.00,9.10,world
762.65,2026-08-30 01:44:52,0.00,-4.58,7500.00,180.0,corridor,14.50,clear,7.618,11.459,0.00,9.10,world
763.15,2026-08-30 01:44:52,0.00,-4.58,7500.00,180.0,corridor,14.52,clear,7.972,11.570,0.00,9.10,world
763.65,2026-08-30 01:44:53,0.00,-4.58,7500.00,180.0,corridor,14.54,clear,7.972,11.570,0.00,9.10,world
764.15,2026-08-30 01:44:53,0.00,-4.58,7500.00,180.0,corridor,14.56,clear,8.575,11.684,0.00,9.10,world
764.65,2026-08-30 01:44:54,0.00,-4.58,7500.00,180.0,corridor,14.58,clear,8.575,11.684,0.00,9.10,world
765.15,2026-08-30 01:44:54,0.00,-4.58,7500.00,180.0,corridor,14.60,clear,9.590,14.421,0.00,9.10,world
765.65,2026-08-30 01:44:55,0.00,-4.58,7500.00,180.0,corridor,14.62,clear,9.590,14.421,0.00,9.10,world
766.15,2026-08-30 01:44:55,0.00,-4.58,7500.00,180.0,corridor,14.64,clear,8.645,11.037,0.00,9.10,world
766.65,2026-08-30 01:44:56,0.00,-4.58,7500.00,180.0,corridor,14.66,clear,8.645,11.037,0.00,9.10,world
767.15,2026-08-30 01:44:56,0.00,-4.58,7500.00,180.0,corridor,14.68,clear,8.970,10.440,0.00,9.10,world
767.65,2026-08-30 01:44:57,0.00,-4.58,7500.00,180.0,corridor,14.70,clear,8.970,10.440,0.00,9.10,world
768.15,2026-08-30 01:44:57,0.00,-4.58,7500.00,180.0,corridor,14.72,clear,9.396,10.983,0.00,9.10,world
768.65,2026-08-30 01:44:58,0.00,-4.58,7500.00,180.0,corridor,14.74,clear,9.396,10.983,0.00,9.10,world
769.15,2026-08-30 01:44:58,0.00,-4.58,7500.00,180.0,corridor,14.76,clear,9.825,12.421,0.00,9.10,world
769.65,2026-08-30 01:44:59,0.00,-4.58,7500.00,180.0,corridor,14.78,clear,9.825,12.421,0.00,9.10,world
770.15,2026-08-30 01:44:59,0.00,-4.58,7500.00,180.0,corridor,14.80,clear,7.736,12.968,0.00,9.10,world
770.65,2026-08-30 01:45:00,0.00,-4.58,7499.98,180.0,corridor,14.82,clear,7.736,12.968,0.00,9.11,world
771.15,2026-08-30 01:45:00,0.01,-4.73,7497.61,180.0,corridor,14.84,clear,10.030,14.457,0.00,9.48,world
771.65,2026-08-30 01:45:01,0.02,-4.72,7495.10,180.0,corridor,14.86,clear,10.030,14.457,0.00,9.48,world
772.15,2026-08-30 01:45:01,0.03,-4.68,7492.60,180.0,corridor,14.88,clear,7.446,11.407,0.00,10.49,world
772.65,2026-08-30 01:45:02,0.04,-4.64,7490.11,180.0,corridor,14.90,clear,7.446,11.407,0.00,11.95,world
773.15,2026-08-30 01:45:02,0.05,-4.55,7487.63,180.0,corridor,14.92,clear,8.980,11.204,0.00,13.72,world
773.65,2026-08-30 01:45:03,0.05,-4.43,7485.17,180.0,corridor,14.94,clear,8.980,11.204,0.00,15.69,world
774.15,2026-08-30 01:45:03,0.06,-4.27,7482.74,180.0,corridor,14.96,clear,11.242,13.941,0.00,17.76,world
774.65,2026-08-30 01:45:04,0.07,-4.04,7480.34,180.0,corridor,14.98,clear,11.242,13.941,0.00,18.07,world
775.15,2026-08-30 01:45:04,0.07,-3.79,7478.23,180.0,corridor,15.00,clear,8.002,11.268,0.00,16.83,world
775.65,2026-08-30 01:45:05,0.08,-3.57,7475.84,180.0,corridor,15.02,clear,8.002,11.268,0.00,15.65,world
776.15,2026-08-30 01:45:05,0.08,-3.43,7473.39,180.0,corridor,15.04,clear,10.254,11.565,0.00,14.75,world
776.65,2026-08-30 01:45:06,0.08,-3.31,7470.94,180.0,corridor,15.06,clear,10.254,11.565,0.00,14.22,world
777.15,2026-08-30 01:45:06,0.08,-3.11,7468.54,180.0,corridor,15.08,clear,47.291,12.014,0.00,14.09,world
777.65,2026-08-30 01:45:07,0.09,-2.85,7466.16,180.0,corridor,15.10,clear,47.291,12.014,0.00,14.37,world
778.15,2026-08-30 01:45:07,0.08,-2.65,7463.76,180.0,corridor,15.12,clear,10.747,12.559,0.00,15.03,world
778.65,2026-08-30 01:45:08,0.09,-2.47,7461.34,180.0,corridor,15.14,clear,10.747,12.559,0.00,16.04,world
779.15,2026-08-30 01:45:08,0.10,-2.15,7459.00,180.0,corridor,15.16,clear,8.683,9.280,0.00,17.29,world
779.65,2026-08-30 01:45:09,0.11,-1.78,7456.97,180.0,corridor,15.18,clear,8.683,9.280,0.00,18.54,world
780.15,2026-08-30 01:45:09,0.11,-1.74,7456.74,180.0,corridor,15.20,clear,8.683,8.481,0.00,18.69,world
780.65,2026-08-30 01:45:10,0.11,-1.74,7456.74,180.0,corridor,15.22,clear,8.683,8.481,0.00,18.69,world
781.15,2026-08-30 01:45:10,0.11,-1.74,7456.74,180.0,corridor,15.24,clear,7.158,8.213,0.00,18.69,world
781.65,2026-08-30 01:45:11,0.11,-1.74,7456.74,180.0,corridor,15.26,clear,7.158,8.213,0.00,18.69,world
782.15,2026-08-30 01:45:11,0.11,-1.74,7456.74,180.0,corridor,15.28,clear,9.855,9.095,0.00,18.69,world
782.65,2026-08-30 01:45:12,0.11,-1.74,7456.74,180.0,corridor,15.30,clear,9.855,9.095,0.00,18.69,world
783.15,2026-08-30 01:45:12,0.11,-1.74,7456.74,180.0,corridor,15.32,clear,9.466,9.396,0.00,18.69,world
783.65,2026-08-30 01:45:13,0.11,-1.74,7456.74,180.0,corridor,15.34,clear,9.466,9.396,0.00,18.69,world
784.15,2026-08-30 01:45:13,0.11,-1.74,7456.74,180.0,corridor,15.36,clear,8.623,8.608,0.00,18.69,world
784.65,2026-08-30 01:45:14,0.11,-1.74,7456.74,180.0,corridor,15.38,clear,8.623,8.608,0.00,18.69,world
785.15,2026-08-30 01:45:14,0.11,-1.74,7456.74,180.0,corridor,15.40,clear,9.026,9.818,0.00,18.69,world
785.65,2026-08-30 01:45:15,0.11,-1.74,7456.74,180.0,corridor,15.42,clear,9.026,9.818,0.00,18.69,world
786.15,2026-08-30 01:45:15,0.11,-1.74,7456.74,180.0,corridor,15.44,clear,9.308,9.168,0.00,18.69,world
786.65,2026-08-30 01:45:16,0.11,-1.74,7456.74,180.0,corridor,15.46,clear,9.308,9.168,0.00,18.69,world
787.15,2026-08-30 01:45:16,0.11,-1.74,7456.74,180.0,corridor,15.48,clear,8.325,9.265,0.00,18.69,world
787.65,2026-08-30 01:45:17,0.11,-1.74,7456.74,180.0,corridor,15.50,clear,8.325,9.265,0.00,18.69,world
788.15,2026-08-30 01:45:17,0.11,-1.74,7456.74,180.0,corridor,15.52,clear,9.368,9.348,0.00,18.69,world
788.65,2026-08-30 01:45:18,0.11,-1.74,7456.74,180.0,corridor,15.54,clear,9.368,9.348,0.00,18.69,world
789.15,2026-08-30 01:45:18,0.11,-1.74,7456.74,180.0,corridor,15.56,clear,9.406,9.879,0.00,18.69,world
789.65,2026-08-30 01:45:19,0.11,-1.74,7456.74,180.0,corridor,15.58,clear,9.406,9.879,0.00,18.69,world
790.15,2026-08-30 01:45:19,0.11,-1.74,7456.74,180.0,corridor,15.60,clear,8.308,9.485,0.00,18.69,world
790.65,2026-08-30 01:45:20,0.11,-1.74,7456.74,180.0,corridor,15.62,clear,8.308,9.485,0.00,18.69,world
791.15,2026-08-30 01:45:20,0.11,-1.74,7456.74,180.0,corridor,15.64,clear,8.591,9.314,0.00,18.69,world
791.65,2026-08-30 01:45:21,0.11,-1.74,7456.74,180.0,corridor,15.66,clear,8.591,9.314,0.00,18.69,world
792.15,2026-08-30 01:45:21,0.11,-1.74,7456.74,180.0,corridor,15.68,clear,8.052,8.621,0.00,18.69,world
792.65,2026-08-30 01:45:22,0.11,-1.74,7456.74,180.0,corridor,15.70,clear,8.052,8.621,0.00,18.69,world
793.15,2026-08-30 01:45:22,0.11,-1.74,7456.74,180.0,corridor,15.72,clear,8.140,9.063,0.00,18.69,world
793.65,2026-08-30 01:45:23,0.11,-1.74,7456.74,180.0,corridor,15.74,clear,8.140,9.063,0.00,18.69,world
794.15,2026-08-30 01:45:23,0.11,-1.74,7456.74,180.0,corridor,15.76,clear,7.429,9.048,0.00,18.69,world
794.65,2026-08-30 01:45:24,0.11,-1.74,7456.74,180.0,corridor,15.78,clear,7.429,9.048,0.00,18.69,world
795.15,2026-08-30 01:45:24,0.11,-1.74,7456.74,180.0,corridor,15.80,clear,6.633,8.381,0.00,18.69,world
795.65,2026-08-30 01:45:25,0.11,-1.74,7456.74,180.0,corridor,15.82,clear,6.633,8.381,0.00,18.69,world
796.15,2026-08-30 01:45:25,0.11,-1.74,7456.74,180.0,corridor,15.84,clear,7.946,10.001,0.00,18.69,world
796.65,2026-08-30 01:45:26,0.11,-1.74,7456.74,180.0,corridor,15.86,clear,7.946,10.001,0.00,18.69,world
797.15,2026-08-30 01:45:26,0.11,-1.74,7456.74,180.0,corridor,15.88,clear,8.979,9.246,0.00,18.69,world
797.65,2026-08-30 01:45:27,0.11,-1.74,7456.74,180.0,corridor,15.90,clear,8.979,9.246,0.00,18.69,world
798.15,2026-08-30 01:45:27,0.11,-1.74,7456.74,180.0,corridor,15.92,clear,7.336,8.661,0.00,18.69,world
798.65,2026-08-30 01:45:28,0.11,-1.74,7456.74,180.0,corridor,15.94,clear,7.336,8.661,0.00,18.69,world
799.15,2026-08-30 01:45:28,0.11,-1.74,7456.74,180.0,corridor,15.96,clear,7.398,8.248,0.00,18.69,world
799.65,2026-08-30 01:45:29,0.11,-1.74,7456.74,180.0,corridor,15.98,clear,7.398,8.248,0.00,18.69,world
800.15,2026-08-30 01:45:29,0.11,-1.74,7456.74,180.0,corridor,16.00,clear,8.842,9.875,0.00,18.69,world
800.65,2026-08-30 01:45:30,0.11,-1.74,7456.74,180.0,corridor,16.02,clear,8.842,9.875,0.00,18.69,world
801.15,2026-08-30 01:45:30,0.11,-1.74,7456.74,180.0,corridor,16.04,clear,8.236,8.082,0.00,18.69,world
801.65,2026-08-30 01:45:31,0.11,-1.74,7456.74,180.0,corridor,16.06,clear,8.236,8.082,0.00,18.69,world
802.15,2026-08-30 01:45:31,0.11,-1.74,7456.74,180.0,corridor,16.08,clear,9.912,12.057,0.00,18.69,world
802.65,2026-08-30 01:45:32,0.11,-1.74,7456.74,180.0,corridor,16.10,clear,9.912,12.057,0.00,18.69,world
803.15,2026-08-30 01:45:32,0.11,-1.74,7456.74,180.0,corridor,16.12,clear,6.313,7.843,0.00,18.69,world
803.65,2026-08-30 01:45:33,0.11,-1.74,7456.74,180.0,corridor,16.14,clear,6.313,7.843,0.00,18.69,world
804.15,2026-08-30 01:45:33,0.11,-1.74,7456.74,180.0,corridor,16.16,cloudy,9.582,8.838,0.00,18.69,world
804.65,2026-08-30 01:45:34,0.11,-1.74,7456.74,180.0,corridor,16.18,cloudy,9.582,8.838,0.00,18.69,world
805.15,2026-08-30 01:45:34,0.11,-1.74,7456.74,180.0,corridor,16.20,cloudy,9.872,9.589,0.00,18.69,world
805.65,2026-08-30 01:45:35,0.11,-1.74,7456.74,180.0,corridor,16.22,cloudy,9.872,9.589,0.00,18.69,world
806.15,2026-08-30 01:45:35,0.11,-1.74,7456.74,180.0,corridor,16.24,cloudy,7.892,9.553,0.00,18.69,world
806.65,2026-08-30 01:45:36,0.11,-1.74,7456.74,180.0,corridor,16.26,cloudy,7.892,9.553,0.00,18.69,world
807.15,2026-08-30 01:45:36,0.11,-1.74,7456.74,180.0,corridor,16.28,cloudy,8.196,11.066,0.00,18.69,world
807.65,2026-08-30 01:45:37,0.11,-1.74,7456.74,180.0,corridor,16.30,cloudy,8.196,11.066,0.00,18.69,world
808.15,2026-08-30 01:45:37,0.11,-1.74,7456.74,180.0,corridor,16.32,cloudy,7.851,8.732,0.00,18.69,world
808.65,2026-08-30 01:45:38,0.11,-1.74,7456.74,180.0,corridor,16.34,cloudy,7.851,8.732,0.00,18.69,world
809.15,2026-08-30 01:45:38,0.11,-1.74,7456.74,180.0,corridor,16.36,cloudy,8.862,8.943,0.00,18.69,world
809.65,2026-08-30 01:45:39,0.11,-1.74,7456.74,180.0,corridor,16.38,cloudy,8.862,8.943,0.00,18.69,world
810.15,2026-08-30 01:45:39,0.11,-1.74,7456.74,180.0,corridor,16.40,cloudy,8.982,9.846,0.00,18.69,world
810.65,2026-08-30 01:45:40,0.11,-1.74,7456.74,180.0,corridor,16.42,cloudy,8.982,9.846,0.00,18.69,world
811.15,2026-08-30 01:45:40,0.11,-1.74,7456.74,180.0,corridor,16.44,cloudy,9.146,10.228,0.00,18.69,world
811.65,2026-08-30 01:45:41,0.11,-1.74,7456.74,180.0,corridor,16.46,cloudy,9.146,10.228,0.00,18.69,world
812.15,2026-08-30 01:45:41,0.11,-1.74,7456.74,180.0,corridor,16.48,cloudy,9.453,11.345,0.00,18.69,world
812.65,2026-08-30 01:45:42,0.11,-1.74,7456.74,180.0,corridor,16.50,cloudy,9.453,11.345,0.00,18.69,world
813.15,2026-08-30 01:45:42,0.11,-1.74,7456.74,180.0,corridor,16.52,cloudy,8.686,9.234,0.00,18.69,world
813.65,2026-08-30 01:45:43,0.11,-1.74,7456.74,180.0,corridor,16.54,cloudy,8.686,9.234,0.00,18.69,world
814.15,2026-08-30 01:45:43,0.11,-1.74,7456.74,180.0,corridor,16.56,cloudy,9.743,12.109,0.00,18.69,world
814.65,2026-08-30 01:45:44,0.11,-1.74,7456.74,180.0,corridor,16.58,cloudy,9.743,12.109,0.00,18.69,world
815.15,2026-08-30 01:45:44,0.11,-1.74,7456.74,180.0,corridor,16.60,cloudy,9.148,9.174,0.00,18.69,world
815.65,2026-08-30 01:45:45,0.11,-1.74,7456.74,180.0,corridor,16.62,cloudy,9.148,9.174,0.00,18.69,world
816.15,2026-08-30 01:45:45,0.11,-1.74,7456.74,180.0,corridor,16.64,cloudy,9.019,10.041,0.00,18.69,world
816.65,2026-08-30 01:45:46,0.11,-1.74,7456.74,180.0,corridor,16.66,cloudy,9.019,10.041,0.00,18.69,world
817.15,2026-08-30 01:45:46,0.11,-1.74,7456.74,180.0,corridor,16.68,cloudy,7.445,8.960,0.00,18.69,world
817.65,2026-08-30 01:45:47,0.11,-1.74,7456.74,180.0,corridor,16.70,cloudy,7.445,8.960,0.00,18.69,world
818.15,2026-08-30 01:45:47,0.11,-1.74,7456.74,180.0,corridor,16.72,cloudy,8.501,8.997,0.00,18.69,world
818.65,2026-08-30 01:45:48,0.11,-1.74,7456.74,180.0,corridor,16.74,cloudy,8.501,8.997,0.00,18.69,world
819.15,2026-08-30 01:45:48,0.11,-1.74,7456.74,180.0,corridor,16.76,cloudy,8.446,8.911,0.00,18.69,world
819.65,2026-08-30 01:45:49,0.11,-1.74,7456.74,180.0,corridor,16.78,cloudy,8.446,8.911,0.00,18.69,world
820.15,2026-08-30 01:45:49,0.11,-1.74,7456.74,180.0,corridor,16.80,cloudy,7.781,9.664,0.00,18.69,world
820.65,2026-08-30 01:45:50,0.11,-1.74,7456.74,180.0,corridor,16.82,cloudy,7.781,9.664,0.00,18.69,world
821.15,2026-08-30 01:45:50,0.11,-1.74,7456.74,180.0,corridor,16.84,cloudy,9.209,9.451,0.00,18.69,world
821.65,2026-08-30 01:45:51,0.11,-1.74,7456.74,180.0,corridor,16.86,cloudy,9.209,9.451,0.00,18.69,world
822.15,2026-08-30 01:45:51,0.11,-1.74,7456.74,180.0,corridor,16.88,cloudy,9.972,8.926,0.00,18.69,world
822.65,2026-08-30 01:45:52,0.11,-1.74,7456.74,180.0,corridor,16.90,cloudy,9.972,8.926,0.00,18.69,world
823.15,2026-08-30 01:45:52,0.11,-1.74,7456.74,180.0,corridor,16.92,cloudy,10.120,10.430,0.00,18.69,world
823.65,2026-08-30 01:45:53,0.11,-1.74,7456.74,180.0,corridor,16.94,cloudy,10.120,10.430,0.00,18.69,world
824.15,2026-08-30 01:45:53,0.11,-1.74,7456.74,180.0,corridor,16.96,cloudy,12.967,13.388,0.00,18.69,world
824.65,2026-08-30 01:45:54,0.11,-1.74,7456.74,180.0,corridor,16.98,cloudy,12.967,13.388,0.00,18.69,world
825.15,2026-08-30 01:45:54,0.11,-1.74,7456.74,180.0,corridor,17.00,cloudy,11.309,9.429,0.00,18.69,world
825.65,2026-08-30 01:45:55,0.11,-1.74,7456.74,180.0,corridor,17.02,cloudy,11.309,9.429,0.00,18.69,world
826.15,2026-08-30 01:45:55,0.11,-1.74,7456.74,180.0,corridor,17.04,cloudy,8.843,8.765,0.00,18.69,world
826.65,2026-08-30 01:45:56,0.11,-1.74,7456.74,180.0,corridor,17.06,cloudy,8.843,8.765,0.00,18.69,world
827.15,2026-08-30 01:45:56,0.11,-1.74,7456.74,180.0,corridor,17.08,cloudy,9.100,8.780,0.00,18.69,world
827.65,2026-08-30 01:45:57,0.11,-1.74,7456.74,180.0,corridor,17.10,cloudy,9.100,8.780,0.00,18.69,world
828.15,2026-08-30 01:45:57,0.11,-1.74,7456.74,180.0,corridor,17.12,cloudy,9.129,9.424,0.00,18.69,world
828.65,2026-08-30 01:45:58,0.11,-1.74,7456.74,180.0,corridor,17.14,cloudy,9.129,9.424,0.00,18.69,world
829.15,2026-08-30 01:45:58,0.11,-1.74,7456.74,180.0,corridor,17.16,cloudy,9.929,10.426,0.00,18.69,world
829.65,2026-08-30 01:45:59,0.11,-1.74,7456.74,180.0,corridor,17.18,cloudy,9.929,10.426,0.00,18.69,world
830.15,2026-08-30 01:45:59,0.11,-1.74,7456.74,180.0,corridor,17.20,cloudy,9.716,9.555,0.00,18.69,world
