t,wall,x,y,z,heading,region,clock_hour,weather,frame_ms,physics_ms,dead_travel_m,nearest_poi_dist_m,input_context
0.77,2026-08-31 22:41:44,0.00,0.00,0.00,0.0,grandpas_village,0.00,,0.339,17.213,0.00,,title
0.92,2026-08-31 22:41:45,0.00,0.00,0.00,0.0,grandpas_village,0.00,,37.182,0.964,0.00,,title
1.72,2026-08-31 22:43:19,12.23,0.90,-10.17,-85.6,grandpas_village,8.02,clear,22.235,16.191,0.00,9.71,world
2.22,2026-08-31 22:43:20,12.23,0.90,-10.17,-85.6,grandpas_village,8.04,clear,21.024,480.690,0.00,9.71,world
2.72,2026-08-31 22:43:20,12.23,0.90,-10.17,-85.6,grandpas_village,8.06,clear,21.024,480.690,0.00,9.71,world
3.22,2026-08-31 22:43:21,12.23,0.90,-10.17,-85.6,grandpas_village,8.08,clear,21.645,7.599,0.00,9.71,world
3.72,2026-08-31 22:43:21,12.23,0.90,-10.17,-85.6,grandpas_village,8.10,clear,21.645,7.599,0.00,9.71,world
4.22,2026-08-31 22:43:22,12.23,0.90,-10.17,-85.6,grandpas_village,8.12,clear,31.001,10.843,0.00,9.71,world
4.72,2026-08-31 22:43:22,12.23,0.90,-10.17,-85.6,grandpas_village,8.14,clear,31.001,10.843,0.00,9.71,world
5.22,2026-08-31 22:43:23,12.23,0.90,-10.17,-85.6,grandpas_village,8.16,clear,23.022,8.786,0.00,9.71,world
5.72,2026-08-31 22:43:23,12.23,0.90,-10.17,-85.6,grandpas_village,8.18,clear,23.022,8.786,0.00,9.71,world
6.22,2026-08-31 22:43:24,12.23,0.90,-10.17,-85.6,grandpas_village,8.20,clear,21.730,9.369,0.00,9.71,world
6.72,2026-08-31 22:43:24,12.23,0.90,-10.17,-85.6,grandpas_village,8.22,clear,21.730,9.369,0.00,9.71,world
7.22,2026-08-31 22:43:25,12.23,0.90,-10.17,-85.6,grandpas_village,8.24,clear,29.672,10.720,0.00,9.71,world
7.72,2026-08-31 22:43:25,12.23,0.90,-10.17,-85.6,grandpas_village,8.26,clear,29.672,10.720,0.00,9.71,world
8.22,2026-08-31 22:43:26,12.23,0.90,-10.17,-85.6,grandpas_village,8.28,clear,21.071,9.527,0.00,9.71,world
8.72,2026-08-31 22:43:26,12.23,0.90,-10.17,-85.6,grandpas_village,8.30,clear,21.071,9.527,0.00,9.71,world
9.22,2026-08-31 22:43:27,12.23,0.90,-10.17,-85.6,grandpas_village,8.32,clear,23.860,20.159,0.00,9.71,world
9.72,2026-08-31 22:43:27,12.23,0.90,-10.17,-85.6,grandpas_village,8.34,clear,23.860,20.159,0.00,9.71,world
10.22,2026-08-31 22:43:28,12.23,0.90,-10.17,-85.6,grandpas_village,8.36,clear,28.276,13.252,0.00,9.71,world
10.72,2026-08-31 22:43:28,12.23,0.90,-10.17,-85.6,grandpas_village,8.38,clear,28.276,13.252,0.00,9.71,world
11.22,2026-08-31 22:43:29,12.23,0.90,-10.17,-85.6,grandpas_village,8.40,clear,25.788,12.742,0.00,9.71,world
11.72,2026-08-31 22:43:29,12.23,0.90,-10.17,-85.6,grandpas_village,8.42,clear,25.788,12.742,0.00,9.71,world
12.22,2026-08-31 22:43:30,12.23,0.90,-10.17,-85.6,grandpas_village,8.44,clear,22.863,10.393,0.00,9.71,world
12.72,2026-08-31 22:43:30,12.23,0.90,-10.17,-85.6,grandpas_village,8.46,clear,22.863,10.393,0.00,9.71,world
13.22,2026-08-31 22:43:31,12.23,0.90,-10.17,-85.6,grandpas_village,8.48,clear,50.619,10.182,0.00,9.71,world
13.72,2026-08-31 22:43:31,12.23,0.90,-10.17,-85.6,grandpas_village,8.50,clear,50.619,10.182,0.00,9.71,world
14.22,2026-08-31 22:43:32,12.23,0.90,-10.17,-85.6,grandpas_village,8.52,clear,21.456,9.147,0.00,9.71,world
14.72,2026-08-31 22:43:32,12.23,0.90,-10.17,-85.6,grandpas_village,8.54,clear,21.456,9.147,0.00,9.71,world
15.22,2026-08-31 22:43:33,12.23,0.90,-10.17,-85.6,grandpas_village,8.56,clear,24.261,9.113,0.00,9.71,world
15.72,2026-08-31 22:43:33,12.23,0.90,-10.17,-85.6,grandpas_village,8.58,clear,24.261,9.113,0.00,9.71,world
16.23,2026-08-31 22:43:34,12.23,0.90,-10.17,-85.6,grandpas_village,8.60,clear,21.705,9.199,0.00,9.71,world
16.73,2026-08-31 22:43:34,12.23,0.90,-10.17,-85.6,grandpas_village,8.62,clear,21.705,9.199,0.00,9.71,world
17.23,2026-08-31 22:43:35,12.23,0.90,-10.17,-85.6,grandpas_village,8.64,clear,22.805,10.012,0.00,9.71,world
17.73,2026-08-31 22:43:35,12.23,0.90,-10.17,-85.6,grandpas_village,8.66,clear,22.805,10.012,0.00,9.71,world
18.23,2026-08-31 22:43:36,12.23,0.90,-10.17,-85.6,grandpas_village,8.68,clear,23.899,13.001,0.00,9.71,world
18.73,2026-08-31 22:43:36,12.23,0.90,-10.17,-85.6,grandpas_village,8.70,clear,23.899,13.001,0.00,9.71,world
19.23,2026-08-31 22:43:37,12.23,0.90,-10.17,-85.6,grandpas_village,8.72,clear,22.712,11.695,0.00,9.71,world
19.73,2026-08-31 22:43:37,12.23,0.90,-10.17,-85.6,grandpas_village,8.74,clear,22.712,11.695,0.00,9.71,world
20.23,2026-08-31 22:43:38,12.23,0.90,-10.17,-85.6,grandpas_village,8.76,clear,24.489,10.440,0.00,9.71,world
20.73,2026-08-31 22:43:38,12.23,0.90,-10.17,-85.6,grandpas_village,8.78,clear,24.489,10.440,0.00,9.71,world
21.23,2026-08-31 22:43:39,12.23,0.90,-10.17,-85.6,grandpas_village,8.80,clear,22.477,9.598,0.00,9.71,world
21.73,2026-08-31 22:43:39,12.23,0.90,-10.17,-85.6,grandpas_village,8.82,clear,22.477,9.598,0.00,9.71,world
22.23,2026-08-31 22:43:40,12.23,0.90,-10.17,-85.6,grandpas_village,8.84,clear,23.183,8.789,0.00,9.71,world
22.73,2026-08-31 22:43:40,12.23,0.90,-10.17,-85.6,grandpas_village,8.86,clear,23.183,8.789,0.00,9.71,world
23.23,2026-08-31 22:43:41,12.23,0.90,-10.17,-85.6,grandpas_village,8.88,clear,23.429,10.228,0.00,9.71,world
23.73,2026-08-31 22:43:41,12.23,0.90,-10.17,-85.6,grandpas_village,8.90,clear,23.429,10.228,0.00,9.71,world
24.23,2026-08-31 22:43:42,12.23,0.90,-10.17,-85.6,grandpas_village,8.92,clear,23.455,10.033,0.00,9.71,world
24.73,2026-08-31 22:43:42,12.23,0.90,-10.17,-85.6,grandpas_village,8.94,clear,23.455,10.033,0.00,9.71,world
25.23,2026-08-31 22:43:43,12.23,0.90,-10.17,-85.6,grandpas_village,8.96,clear,33.303,11.999,0.00,9.71,world
25.73,2026-08-31 22:43:43,12.23,0.90,-10.17,-85.6,grandpas_village,8.98,clear,33.303,11.999,0.00,9.71,world
26.23,2026-08-31 22:43:44,12.23,0.90,-10.17,-85.6,grandpas_village,9.00,clear,23.410,9.790,0.00,9.71,world
26.73,2026-08-31 22:43:44,12.23,0.90,-10.17,-85.6,grandpas_village,9.02,clear,23.410,9.790,0.00,9.71,world
27.23,2026-08-31 22:43:45,12.23,0.90,-10.17,-85.6,grandpas_village,9.04,clear,32.447,10.748,0.00,9.71,world
27.73,2026-08-31 22:43:45,12.23,0.90,-10.17,-85.6,grandpas_village,9.06,clear,32.447,10.748,0.00,9.71,world
28.23,2026-08-31 22:43:46,12.23,0.90,-10.17,-85.6,grandpas_village,9.08,clear,23.886,10.669,0.00,9.71,world
28.73,2026-08-31 22:43:46,12.23,0.90,-10.17,-85.6,grandpas_village,9.10,clear,23.886,10.669,0.00,9.71,world
29.23,2026-08-31 22:43:47,12.23,0.90,-10.17,-85.6,grandpas_village,9.12,clear,23.037,9.876,0.00,9.71,world
29.73,2026-08-31 22:43:47,12.23,0.90,-10.17,-85.6,grandpas_village,9.14,clear,23.037,9.876,0.00,9.71,world
30.23,2026-08-31 22:43:48,12.23,0.90,-10.17,-85.6,grandpas_village,9.16,clear,25.153,11.672,0.00,9.71,world
30.73,2026-08-31 22:43:48,12.23,0.90,-10.17,-85.6,grandpas_village,9.18,clear,25.153,11.672,0.00,9.71,world
31.23,2026-08-31 22:43:49,12.23,0.90,-10.17,-85.6,grandpas_village,9.20,clear,23.779,9.624,0.00,9.71,world
31.73,2026-08-31 22:43:49,12.23,0.90,-10.17,-85.6,grandpas_village,9.22,clear,23.779,9.624,0.00,9.71,world
32.23,2026-08-31 22:43:50,12.23,0.90,-10.17,-85.6,grandpas_village,9.24,clear,25.100,34.509,0.00,9.71,world
32.73,2026-08-31 22:43:50,12.23,0.90,-10.17,-85.6,grandpas_village,9.26,clear,25.100,34.509,0.00,9.71,world
33.23,2026-08-31 22:43:51,12.23,0.90,-10.17,-85.6,grandpas_village,9.28,clear,23.728,13.416,0.00,9.71,world
33.73,2026-08-31 22:43:51,12.23,0.90,-10.17,-85.6,grandpas_village,9.30,clear,23.728,13.416,0.00,9.71,world
34.23,2026-08-31 22:43:52,12.23,0.90,-10.17,-85.6,grandpas_village,9.32,clear,24.995,12.636,0.00,9.71,world
34.73,2026-08-31 22:43:52,12.23,0.90,-10.17,-85.6,grandpas_village,9.34,clear,24.995,12.636,0.00,9.71,world
35.23,2026-08-31 22:43:53,12.23,0.90,-10.17,-85.6,grandpas_village,9.36,clear,31.101,14.151,0.00,9.71,world
35.73,2026-08-31 22:43:53,12.23,0.90,-10.17,-85.6,grandpas_village,9.38,clear,31.101,14.151,0.00,9.71,world
36.23,2026-08-31 22:43:54,12.23,0.90,-10.17,-85.6,grandpas_village,9.40,clear,22.779,9.674,0.00,9.71,world
36.73,2026-08-31 22:43:54,12.23,0.90,-10.17,-85.6,grandpas_village,9.42,clear,22.779,9.674,0.00,9.71,world
37.23,2026-08-31 22:43:55,12.23,0.90,-10.17,-85.6,grandpas_village,9.44,clear,29.508,8.871,0.00,9.71,world
37.73,2026-08-31 22:43:55,12.23,0.90,-10.17,-85.6,grandpas_village,9.46,clear,29.508,8.871,0.00,9.71,world
38.23,2026-08-31 22:43:56,12.23,0.90,-10.17,-85.6,grandpas_village,9.48,clear,22.794,9.276,0.00,9.71,world
38.73,2026-08-31 22:43:56,12.23,0.90,-10.17,-85.6,grandpas_village,9.50,clear,22.794,9.276,0.00,9.71,world
39.23,2026-08-31 22:43:57,12.23,0.90,-10.17,-85.6,grandpas_village,9.52,clear,24.656,12.492,0.00,9.71,world
39.73,2026-08-31 22:43:57,12.23,0.90,-10.17,-85.6,grandpas_village,9.54,clear,24.656,12.492,0.00,9.71,world
40.23,2026-08-31 22:43:58,12.23,0.90,-10.17,-85.6,grandpas_village,9.56,clear,24.372,11.198,0.00,9.71,world
40.73,2026-08-31 22:43:58,12.23,0.90,-10.17,-85.6,grandpas_village,9.58,clear,24.372,11.198,0.00,9.71,world
41.23,2026-08-31 22:43:59,12.23,0.90,-10.17,-85.6,grandpas_village,9.60,clear,30.188,11.850,0.00,9.71,world
41.73,2026-08-31 22:43:59,12.23,0.90,-10.17,-85.6,grandpas_village,9.62,clear,30.188,11.850,0.00,9.71,world
42.23,2026-08-31 22:44:00,12.23,0.90,-10.17,-85.6,grandpas_village,9.64,clear,24.699,39.405,0.00,9.71,world
42.73,2026-08-31 22:44:00,12.23,0.90,-10.17,-85.6,grandpas_village,9.66,clear,24.699,39.405,0.00,9.71,world
43.23,2026-08-31 22:44:01,12.23,0.90,-10.17,-85.6,grandpas_village,9.68,clear,24.926,13.112,0.00,9.71,world
43.73,2026-08-31 22:44:01,12.23,0.90,-10.17,-85.6,grandpas_village,9.70,clear,24.926,13.112,0.00,9.71,world
44.23,2026-08-31 22:44:02,12.23,0.90,-10.17,-85.6,grandpas_village,9.72,clear,24.655,10.368,0.00,9.71,world
44.73,2026-08-31 22:44:02,12.23,0.90,-10.17,-85.6,grandpas_village,9.74,clear,24.655,10.368,0.00,9.71,world
45.23,2026-08-31 22:44:03,12.23,0.90,-10.17,-85.6,grandpas_village,9.76,clear,28.931,14.668,0.00,9.71,world
45.73,2026-08-31 22:44:03,12.23,0.90,-10.17,-85.6,grandpas_village,9.78,clear,28.931,14.668,0.00,9.71,world
46.23,2026-08-31 22:44:04,12.23,0.90,-10.17,-85.6,grandpas_village,9.80,clear,23.772,10.170,0.00,9.71,world
46.73,2026-08-31 22:44:04,12.23,0.90,-10.17,-85.6,grandpas_village,9.82,clear,23.772,10.170,0.00,9.71,world
47.23,2026-08-31 22:44:05,12.23,0.90,-10.17,-85.6,grandpas_village,9.84,clear,23.713,9.876,0.00,9.71,world
47.73,2026-08-31 22:44:05,12.23,0.90,-10.17,-85.6,grandpas_village,9.86,clear,23.713,9.876,0.00,9.71,world
48.23,2026-08-31 22:44:06,12.23,0.90,-10.17,-85.6,grandpas_village,9.88,clear,30.904,11.303,0.00,9.71,world
48.73,2026-08-31 22:44:06,12.23,0.90,-10.17,-85.6,grandpas_village,9.90,clear,30.904,11.303,0.00,9.71,world
49.23,2026-08-31 22:44:07,12.23,0.90,-10.17,-85.6,grandpas_village,9.92,clear,24.313,10.895,0.00,9.71,world
49.73,2026-08-31 22:44:07,12.23,0.90,-10.17,-85.6,grandpas_village,9.94,clear,24.313,10.895,0.00,9.71,world
50.23,2026-08-31 22:44:08,12.23,0.90,-10.17,-85.6,grandpas_village,9.96,clear,25.014,12.674,0.00,9.71,world
50.73,2026-08-31 22:44:08,12.23,0.90,-10.17,-85.6,grandpas_village,9.98,clear,25.014,12.674,0.00,9.71,world
51.23,2026-08-31 22:44:09,12.23,0.90,-10.17,-85.6,grandpas_village,10.00,clear,24.541,9.893,0.00,9.71,world
51.73,2026-08-31 22:44:09,12.23,0.90,-10.17,-85.6,grandpas_village,10.02,clear,24.541,9.893,0.00,9.71,world
52.23,2026-08-31 22:44:10,12.23,0.90,-10.17,-85.6,grandpas_village,10.04,clear,25.132,10.639,0.00,9.71,world
52.73,2026-08-31 22:44:10,12.23,0.90,-10.17,-85.6,grandpas_village,10.06,clear,25.132,10.639,0.00,9.71,world
53.23,2026-08-31 22:44:11,12.23,0.90,-10.17,-85.6,grandpas_village,10.08,clear,24.139,9.409,0.00,9.71,world
53.73,2026-08-31 22:44:11,12.23,0.90,-10.17,-85.6,grandpas_village,10.10,clear,24.139,9.409,0.00,9.71,world
54.23,2026-08-31 22:44:12,12.23,0.90,-10.17,-85.6,grandpas_village,10.12,clear,22.544,10.183,0.00,9.71,world
54.73,2026-08-31 22:44:12,12.23,0.90,-10.17,-85.6,grandpas_village,10.14,clear,22.544,10.183,0.00,9.71,world
55.23,2026-08-31 22:44:13,12.23,0.90,-10.17,-85.6,grandpas_village,10.16,clear,28.151,12.032,0.00,9.71,world
55.73,2026-08-31 22:44:13,12.23,0.90,-10.17,-85.6,grandpas_village,10.18,clear,28.151,12.032,0.00,9.71,world
56.23,2026-08-31 22:44:14,12.23,0.90,-10.17,-85.6,grandpas_village,10.20,clear,25.273,10.387,0.00,9.71,world
56.73,2026-08-31 22:44:14,12.23,0.90,-10.17,-85.6,grandpas_village,10.22,clear,25.273,10.387,0.00,9.71,world
57.23,2026-08-31 22:44:15,12.23,0.90,-10.17,-85.6,grandpas_village,10.24,clear,22.024,9.025,0.00,9.71,world
57.73,2026-08-31 22:44:15,12.23,0.90,-10.17,-85.6,grandpas_village,10.26,clear,22.024,9.025,0.00,9.71,world
58.23,2026-08-31 22:44:16,12.23,0.90,-10.17,-85.6,grandpas_village,10.28,clear,29.334,10.580,0.00,9.71,world
58.73,2026-08-31 22:44:16,12.23,0.90,-10.17,-85.6,grandpas_village,10.30,clear,29.334,10.580,0.00,9.71,world
59.23,2026-08-31 22:44:17,12.23,0.90,-10.17,-85.6,grandpas_village,10.32,clear,25.906,9.658,0.00,9.71,world
59.73,2026-08-31 22:44:17,12.23,0.90,-10.17,-85.6,grandpas_village,10.34,clear,25.906,9.658,0.00,9.71,world
60.23,2026-08-31 22:44:18,12.23,0.90,-10.17,-85.6,grandpas_village,10.36,clear,26.681,11.312,0.00,9.71,world
60.73,2026-08-31 22:44:18,12.23,0.90,-10.17,-85.6,grandpas_village,10.38,clear,26.681,11.312,0.00,9.71,world
61.23,2026-08-31 22:44:19,12.23,0.90,-10.17,-85.6,grandpas_village,10.40,clear,22.870,10.748,0.00,9.71,world
61.73,2026-08-31 22:44:19,12.23,0.90,-10.17,-85.6,grandpas_village,10.42,clear,22.870,10.748,0.00,9.71,world
62.23,2026-08-31 22:44:20,12.23,0.90,-10.17,-85.6,grandpas_village,10.44,clear,21.499,8.676,0.00,9.71,world
62.73,2026-08-31 22:44:20,12.23,0.90,-10.17,-85.6,grandpas_village,10.46,clear,21.499,8.676,0.00,9.71,world
63.23,2026-08-31 22:44:21,12.23,0.90,-10.17,-85.6,grandpas_village,10.48,clear,23.840,9.465,0.00,9.71,world
63.73,2026-08-31 22:44:21,12.23,0.90,-10.17,-85.6,grandpas_village,10.50,clear,23.840,9.465,0.00,9.71,world
64.23,2026-08-31 22:44:22,12.23,0.90,-10.17,-85.6,grandpas_village,10.52,clear,23.560,8.731,0.00,9.71,world
64.73,2026-08-31 22:44:22,12.23,0.90,-10.17,-85.6,grandpas_village,10.54,clear,23.560,8.731,0.00,9.71,world
65.23,2026-08-31 22:44:23,12.23,0.90,-10.17,-85.6,grandpas_village,10.56,clear,26.830,9.882,0.00,9.71,world
65.73,2026-08-31 22:44:23,12.23,0.90,-10.17,-85.6,grandpas_village,10.58,clear,26.830,9.882,0.00,9.71,world
66.23,2026-08-31 22:44:24,12.23,0.90,-10.17,-85.6,grandpas_village,10.60,clear,25.249,10.133,0.00,9.71,world
66.73,2026-08-31 22:44:24,12.23,0.90,-10.17,-85.6,grandpas_village,10.62,clear,25.249,10.133,0.00,9.71,world
67.23,2026-08-31 22:44:25,12.23,0.90,-10.17,-85.6,grandpas_village,10.64,clear,22.732,9.604,0.00,9.71,world
67.73,2026-08-31 22:44:25,12.23,0.90,-10.17,-85.6,grandpas_village,10.66,clear,22.732,9.604,0.00,9.71,world
68.23,2026-08-31 22:44:26,12.23,0.90,-10.17,-85.6,grandpas_village,10.68,clear,26.459,21.380,0.00,9.71,world
68.73,2026-08-31 22:44:26,12.23,0.90,-10.17,-85.6,grandpas_village,10.70,clear,26.459,21.380,0.00,9.71,world
69.23,2026-08-31 22:44:27,12.23,0.90,-10.17,-85.6,grandpas_village,10.72,clear,22.966,8.897,0.00,9.71,world
69.73,2026-08-31 22:44:27,12.23,0.90,-10.17,-85.6,grandpas_village,10.74,clear,22.966,8.897,0.00,9.71,world
70.23,2026-08-31 22:44:28,12.23,0.90,-10.17,-85.6,grandpas_village,10.76,clear,30.372,13.144,0.00,9.71,world
70.73,2026-08-31 22:44:28,12.23,0.90,-10.17,-85.6,grandpas_village,10.78,clear,30.372,13.144,0.00,9.71,world
71.23,2026-08-31 22:44:29,12.23,0.90,-10.17,-85.6,grandpas_village,10.80,clear,22.101,9.604,0.00,9.71,world
71.73,2026-08-31 22:44:29,12.23,0.90,-10.17,-85.6,grandpas_village,10.82,clear,22.101,9.604,0.00,9.71,world
72.23,2026-08-31 22:44:30,12.23,0.90,-10.17,-85.6,grandpas_village,10.84,clear,22.985,40.862,0.00,9.71,world
72.73,2026-08-31 22:44:30,12.23,0.90,-10.17,-85.6,grandpas_village,10.86,clear,22.985,40.862,0.00,9.71,world
73.23,2026-08-31 22:44:31,12.23,0.90,-10.17,-85.6,grandpas_village,10.88,clear,23.129,8.965,0.00,9.71,world
73.73,2026-08-31 22:44:31,12.23,0.90,-10.17,-85.6,grandpas_village,10.90,clear,23.129,8.965,0.00,9.71,world
74.23,2026-08-31 22:44:32,12.23,0.90,-10.17,-85.6,grandpas_village,10.92,clear,23.294,9.752,0.00,9.71,world
74.73,2026-08-31 22:44:32,12.23,0.90,-10.17,-85.6,grandpas_village,10.94,clear,23.294,9.752,0.00,9.71,world
75.23,2026-08-31 22:44:33,12.23,0.90,-10.17,-85.6,grandpas_village,10.96,clear,23.456,21.174,0.00,9.71,world
75.73,2026-08-31 22:44:33,12.23,0.90,-10.17,-85.6,grandpas_village,10.98,clear,23.456,21.174,0.00,9.71,world
76.23,2026-08-31 22:44:34,12.23,0.90,-10.17,-85.6,grandpas_village,11.00,clear,23.674,10.445,0.00,9.71,world
76.73,2026-08-31 22:44:34,12.23,0.90,-10.17,-85.6,grandpas_village,11.02,clear,23.674,10.445,0.00,9.71,world
77.23,2026-08-31 22:44:35,12.23,0.90,-10.17,-85.6,grandpas_village,11.04,clear,24.861,9.967,0.00,9.71,world
77.73,2026-08-31 22:44:35,12.23,0.90,-10.17,-85.6,grandpas_village,11.06,clear,24.861,9.967,0.00,9.71,world
78.23,2026-08-31 22:44:36,12.23,0.90,-10.17,-85.6,grandpas_village,11.08,clear,32.405,15.520,0.00,9.71,world
78.73,2026-08-31 22:44:36,12.23,0.90,-10.17,-85.6,grandpas_village,11.10,clear,32.405,15.520,0.00,9.71,world
79.23,2026-08-31 22:44:37,12.23,0.90,-10.17,-85.6,grandpas_village,11.12,clear,25.319,10.503,0.00,9.71,world
79.73,2026-08-31 22:44:37,12.23,0.90,-10.17,-85.6,grandpas_village,11.14,clear,25.319,10.503,0.00,9.71,world
80.23,2026-08-31 22:44:38,12.23,0.90,-10.17,-85.6,grandpas_village,11.16,clear,30.134,20.376,0.00,9.71,world
80.73,2026-08-31 22:44:38,12.23,0.90,-10.17,-85.6,grandpas_village,11.18,clear,30.134,20.376,0.00,9.71,world
81.23,2026-08-31 22:44:39,12.23,0.90,-10.17,-85.6,grandpas_village,11.20,clear,23.804,31.524,0.00,9.71,world
81.73,2026-08-31 22:44:39,12.23,0.90,-10.17,-85.6,grandpas_village,11.22,clear,23.804,31.524,0.00,9.71,world
82.23,2026-08-31 22:44:40,12.23,0.90,-10.17,-85.6,grandpas_village,11.24,clear,25.061,12.152,0.00,9.71,world
82.73,2026-08-31 22:44:40,12.23,0.90,-10.17,-85.6,grandpas_village,11.26,clear,25.061,12.152,0.00,9.71,world
83.23,2026-08-31 22:44:41,12.23,0.90,-10.17,-85.6,grandpas_village,11.28,clear,25.079,10.755,0.00,9.71,world
83.73,2026-08-31 22:44:41,12.23,0.90,-10.17,-85.6,grandpas_village,11.30,clear,25.079,10.755,0.00,9.71,world
84.23,2026-08-31 22:44:42,12.23,0.90,-10.17,-85.6,grandpas_village,11.32,clear,27.011,10.871,0.00,9.71,world
84.73,2026-08-31 22:44:42,12.23,0.90,-10.17,-85.6,grandpas_village,11.34,clear,27.011,10.871,0.00,9.71,world
85.23,2026-08-31 22:44:43,12.23,0.90,-10.17,-85.6,grandpas_village,11.36,clear,27.435,11.737,0.00,9.71,world
85.73,2026-08-31 22:44:43,12.23,0.90,-10.17,-85.6,grandpas_village,11.38,clear,27.435,11.737,0.00,9.71,world
86.23,2026-08-31 22:44:44,12.23,0.90,-10.17,-85.6,grandpas_village,11.40,clear,23.726,10.972,0.00,9.71,world
86.73,2026-08-31 22:44:44,12.23,0.90,-10.17,-85.6,grandpas_village,11.42,clear,23.726,10.972,0.00,9.71,world
87.23,2026-08-31 22:44:45,12.23,0.90,-10.17,-85.6,grandpas_village,11.44,clear,24.200,11.056,0.00,9.71,world
87.73,2026-08-31 22:44:45,12.23,0.90,-10.17,-85.6,grandpas_village,11.46,clear,24.200,11.056,0.00,9.71,world
88.23,2026-08-31 22:44:46,12.23,0.90,-10.17,-85.6,grandpas_village,11.48,clear,31.300,12.997,0.00,9.71,world
88.73,2026-08-31 22:44:46,12.23,0.90,-10.17,-85.6,grandpas_village,11.50,clear,31.300,12.997,0.00,9.71,world
89.23,2026-08-31 22:44:47,12.23,0.90,-10.17,-85.6,grandpas_village,11.52,clear,29.668,14.562,0.00,9.71,world
89.73,2026-08-31 22:44:47,12.23,0.90,-10.17,-85.6,grandpas_village,11.54,clear,29.668,14.562,0.00,9.71,world
90.23,2026-08-31 22:44:48,12.23,0.90,-10.17,-85.6,grandpas_village,11.56,clear,23.904,12.247,0.00,9.71,world
90.73,2026-08-31 22:44:48,12.23,0.90,-10.17,-85.6,grandpas_village,11.58,clear,23.904,12.247,0.00,9.71,world
91.23,2026-08-31 22:44:49,12.23,0.90,-10.17,-85.6,grandpas_village,11.60,clear,24.652,10.289,0.00,9.71,world
91.73,2026-08-31 22:44:49,12.23,0.90,-10.17,-85.6,grandpas_village,11.62,clear,24.652,10.289,0.00,9.71,world
92.23,2026-08-31 22:44:50,12.23,0.90,-10.17,-85.6,grandpas_village,11.64,clear,23.872,31.359,0.00,9.71,world
92.73,2026-08-31 22:44:50,12.23,0.90,-10.17,-85.6,grandpas_village,11.66,clear,23.872,31.359,0.00,9.71,world
93.23,2026-08-31 22:44:51,12.23,0.90,-10.17,-85.6,grandpas_village,11.68,clear,24.319,10.692,0.00,9.71,world
93.73,2026-08-31 22:44:51,12.23,0.90,-10.17,-85.6,grandpas_village,11.70,clear,24.319,10.692,0.00,9.71,world
94.23,2026-08-31 22:44:52,12.23,0.90,-10.17,-85.6,grandpas_village,11.72,clear,27.666,11.209,0.00,9.71,world
94.73,2026-08-31 22:44:52,12.23,0.90,-10.17,-85.6,grandpas_village,11.74,clear,27.666,11.209,0.00,9.71,world
95.23,2026-08-31 22:44:53,12.23,0.90,-10.17,-85.6,grandpas_village,11.76,clear,27.050,11.280,0.00,9.71,world
95.73,2026-08-31 22:44:53,12.23,0.90,-10.17,-85.6,grandpas_village,11.78,clear,27.050,11.280,0.00,9.71,world
96.23,2026-08-31 22:44:54,12.23,0.90,-10.17,-85.6,grandpas_village,11.80,clear,24.748,11.878,0.00,9.71,world
96.73,2026-08-31 22:44:54,12.23,0.90,-10.17,-85.6,grandpas_village,11.82,clear,24.748,11.878,0.00,9.71,world
97.23,2026-08-31 22:44:55,12.23,0.90,-10.17,-85.6,grandpas_village,11.84,clear,26.983,13.202,0.00,9.71,world
97.73,2026-08-31 22:44:55,12.23,0.90,-10.17,-85.6,grandpas_village,11.86,clear,26.983,13.202,0.00,9.71,world
98.23,2026-08-31 22:44:56,12.23,0.90,-10.17,-85.6,grandpas_village,11.88,clear,22.977,10.723,0.00,9.71,world
98.73,2026-08-31 22:44:56,12.23,0.90,-10.17,-85.6,grandpas_village,11.90,clear,22.977,10.723,0.00,9.71,world
99.23,2026-08-31 22:44:57,12.23,0.90,-10.17,-85.6,grandpas_village,11.92,clear,23.876,9.997,0.00,9.71,world
99.73,2026-08-31 22:44:57,12.23,0.90,-10.17,-85.6,grandpas_village,11.94,clear,23.876,9.997,0.00,9.71,world
100.23,2026-08-31 22:44:58,12.23,0.90,-10.17,-85.6,grandpas_village,11.96,clear,32.260,13.396,0.00,9.71,world
100.73,2026-08-31 22:44:58,12.23,0.90,-10.17,-85.6,grandpas_village,11.98,clear,32.260,13.396,0.00,9.71,world
101.23,2026-08-31 22:44:59,12.23,0.90,-10.17,-85.6,grandpas_village,12.00,clear,23.975,9.843,0.00,9.71,world
101.73,2026-08-31 22:44:59,12.23,0.90,-10.17,-85.6,grandpas_village,12.02,clear,23.975,9.843,0.00,9.71,world
102.23,2026-08-31 22:45:00,12.23,0.90,-10.17,-85.6,grandpas_village,12.04,clear,24.893,10.188,0.00,9.71,world
102.73,2026-08-31 22:45:00,12.23,0.90,-10.17,-85.6,grandpas_village,12.06,clear,24.893,10.188,0.00,9.71,world
103.23,2026-08-31 22:45:01,12.23,0.90,-10.17,-85.6,grandpas_village,12.08,clear,25.404,10.720,0.00,9.71,world
103.73,2026-08-31 22:45:01,12.23,0.90,-10.17,-85.6,grandpas_village,12.10,clear,25.404,10.720,0.00,9.71,world
104.23,2026-08-31 22:45:02,12.23,0.90,-10.17,-85.6,grandpas_village,12.12,clear,23.170,10.954,0.00,9.71,world
104.73,2026-08-31 22:45:02,12.23,0.90,-10.17,-85.6,grandpas_village,12.14,clear,23.170,10.954,0.00,9.71,world
105.23,2026-08-31 22:45:03,12.23,0.90,-10.17,-85.6,grandpas_village,12.16,clear,25.049,9.982,0.00,9.71,world
105.73,2026-08-31 22:45:03,12.23,0.90,-10.17,-85.6,grandpas_village,12.18,clear,25.049,9.982,0.00,9.71,world
106.23,2026-08-31 22:45:04,12.23,0.90,-10.17,-85.6,grandpas_village,12.20,clear,23.161,9.419,0.00,9.71,world
106.73,2026-08-31 22:45:04,12.23,0.90,-10.17,-85.6,grandpas_village,12.22,clear,23.161,9.419,0.00,9.71,world
107.23,2026-08-31 22:45:05,12.23,0.90,-10.17,-85.6,grandpas_village,12.24,clear,31.133,11.267,0.00,9.71,world
107.73,2026-08-31 22:45:05,12.23,0.90,-10.17,-85.6,grandpas_village,12.26,clear,31.133,11.267,0.00,9.71,world
108.23,2026-08-31 22:45:06,12.23,0.90,-10.17,-85.6,grandpas_village,12.28,clear,23.383,10.628,0.00,9.71,world
108.73,2026-08-31 22:45:06,12.23,0.90,-10.17,-85.6,grandpas_village,12.30,clear,23.383,10.628,0.00,9.71,world
109.23,2026-08-31 22:45:07,12.23,0.90,-10.17,-85.6,grandpas_village,12.32,clear,27.330,10.755,0.00,9.71,world
109.73,2026-08-31 22:45:07,12.23,0.90,-10.17,-85.6,grandpas_village,12.34,clear,27.330,10.755,0.00,9.71,world
110.23,2026-08-31 22:45:08,12.23,0.90,-10.17,-85.6,grandpas_village,12.36,clear,24.233,10.066,0.00,9.71,world
110.73,2026-08-31 22:45:08,12.23,0.90,-10.17,-85.6,grandpas_village,12.38,clear,24.233,10.066,0.00,9.71,world
111.23,2026-08-31 22:45:09,12.23,0.90,-10.17,-85.6,grandpas_village,12.40,clear,23.126,9.600,0.00,9.71,world
111.73,2026-08-31 22:45:09,12.23,0.90,-10.17,-85.6,grandpas_village,12.42,clear,23.126,9.600,0.00,9.71,world
112.23,2026-08-31 22:45:10,12.23,0.90,-10.17,-85.6,grandpas_village,12.44,clear,23.551,9.777,0.00,9.71,world
112.73,2026-08-31 22:45:10,12.23,0.90,-10.17,-85.6,grandpas_village,12.46,clear,23.551,9.777,0.00,9.71,world
113.23,2026-08-31 22:45:11,12.23,0.90,-10.17,-85.6,grandpas_village,12.48,clear,22.854,16.685,0.00,9.71,world
113.73,2026-08-31 22:45:11,12.23,0.90,-10.17,-85.6,grandpas_village,12.50,clear,22.854,16.685,0.00,9.71,world
114.23,2026-08-31 22:45:12,12.23,0.90,-10.17,-85.6,grandpas_village,12.52,clear,22.400,10.007,0.00,9.71,world
114.73,2026-08-31 22:45:12,12.23,0.90,-10.17,-85.6,grandpas_village,12.54,clear,22.400,10.007,0.00,9.71,world
115.23,2026-08-31 22:45:13,12.23,0.90,-10.17,-85.6,grandpas_village,12.56,clear,24.885,10.510,0.00,9.71,world
115.73,2026-08-31 22:45:13,12.23,0.90,-10.17,-85.6,grandpas_village,12.58,clear,24.885,10.510,0.00,9.71,world
116.23,2026-08-31 22:45:14,12.23,0.90,-10.17,-85.6,grandpas_village,12.60,clear,25.928,10.571,0.00,9.71,world
116.73,2026-08-31 22:45:14,12.23,0.90,-10.17,-85.6,grandpas_village,12.62,clear,25.928,10.571,0.00,9.71,world
117.23,2026-08-31 22:45:15,12.23,0.90,-10.17,-85.6,grandpas_village,12.64,clear,26.946,11.560,0.00,9.71,world
117.73,2026-08-31 22:45:15,12.23,0.90,-10.17,-85.6,grandpas_village,12.66,clear,26.946,11.560,0.00,9.71,world
118.23,2026-08-31 22:45:16,12.23,0.90,-10.17,-85.6,grandpas_village,12.68,clear,28.878,10.635,0.00,9.71,world
118.73,2026-08-31 22:45:16,12.23,0.90,-10.17,-85.6,grandpas_village,12.70,clear,28.878,10.635,0.00,9.71,world
119.23,2026-08-31 22:45:17,12.23,0.90,-10.17,-85.6,grandpas_village,12.72,clear,24.457,11.937,0.00,9.71,world
119.73,2026-08-31 22:45:17,12.23,0.90,-10.17,-85.6,grandpas_village,12.74,clear,24.457,11.937,0.00,9.71,world
120.23,2026-08-31 22:45:18,12.23,0.90,-10.17,-85.6,grandpas_village,12.76,clear,23.976,10.606,0.00,9.71,world
120.73,2026-08-31 22:45:18,12.23,0.90,-10.17,-85.6,grandpas_village,12.78,clear,23.976,10.606,0.00,9.71,world
121.23,2026-08-31 22:45:19,12.23,0.90,-10.17,-85.6,grandpas_village,12.80,clear,23.646,10.407,0.00,9.71,world
121.73,2026-08-31 22:45:19,12.23,0.90,-10.17,-85.6,grandpas_village,12.82,clear,23.646,10.407,0.00,9.71,world
122.23,2026-08-31 22:45:20,12.23,0.90,-10.17,-85.6,grandpas_village,12.84,clear,24.635,9.587,0.00,9.71,world
122.73,2026-08-31 22:45:20,12.23,0.90,-10.17,-85.6,grandpas_village,12.86,clear,24.635,9.587,0.00,9.71,world
123.23,2026-08-31 22:45:21,12.23,0.90,-10.17,-85.6,grandpas_village,12.88,clear,24.197,11.145,0.00,9.71,world
123.73,2026-08-31 22:45:21,12.23,0.90,-10.17,-85.6,grandpas_village,12.90,clear,24.197,11.145,0.00,9.71,world
124.23,2026-08-31 22:45:22,12.23,0.90,-10.17,-85.6,grandpas_village,12.92,clear,24.961,11.796,0.00,9.71,world
124.73,2026-08-31 22:45:22,12.23,0.90,-10.17,-85.6,grandpas_village,12.94,clear,24.961,11.796,0.00,9.71,world
125.23,2026-08-31 22:45:23,12.23,0.90,-10.17,-85.6,grandpas_village,12.96,clear,23.592,11.370,0.00,9.71,world
125.73,2026-08-31 22:45:23,12.23,0.90,-10.17,-85.6,grandpas_village,12.98,clear,23.592,11.370,0.00,9.71,world
126.23,2026-08-31 22:45:24,12.23,0.90,-10.17,-85.6,grandpas_village,13.00,clear,23.836,10.848,0.00,9.71,world
126.73,2026-08-31 22:45:24,12.23,0.90,-10.17,-85.6,grandpas_village,13.02,clear,23.836,10.848,0.00,9.71,world
127.23,2026-08-31 22:45:25,12.23,0.90,-10.17,-85.6,grandpas_village,13.04,clear,24.154,11.682,0.00,9.71,world
127.73,2026-08-31 22:45:25,12.23,0.90,-10.17,-85.6,grandpas_village,13.06,clear,24.154,11.682,0.00,9.71,world
128.25,2026-08-31 22:45:26,12.23,0.90,-10.17,-85.6,grandpas_village,13.08,clear,25.685,12.231,0.00,9.71,world
128.75,2026-08-31 22:45:26,12.23,0.90,-10.17,-85.6,grandpas_village,13.10,clear,25.685,12.231,0.00,9.71,world
129.25,2026-08-31 22:45:27,12.23,0.90,-10.17,-85.6,grandpas_village,13.12,clear,25.227,13.679,0.00,9.71,world
129.75,2026-08-31 22:45:27,12.23,0.90,-10.17,-85.6,grandpas_village,13.14,clear,25.227,13.679,0.00,9.71,world
130.25,2026-08-31 22:45:28,12.23,0.90,-10.17,-85.6,grandpas_village,13.16,clear,31.548,12.554,0.00,9.71,world
130.75,2026-08-31 22:45:28,12.23,0.90,-10.17,-85.6,grandpas_village,13.18,clear,31.548,12.554,0.00,9.71,world
131.25,2026-08-31 22:45:29,12.23,0.90,-10.17,-85.6,grandpas_village,13.20,clear,29.478,12.239,0.00,9.71,world
131.75,2026-08-31 22:45:29,12.23,0.90,-10.17,-85.6,grandpas_village,13.22,clear,29.478,12.239,0.00,9.71,world
132.25,2026-08-31 22:45:30,12.23,0.90,-10.17,-85.6,grandpas_village,13.24,clear,24.889,11.990,0.00,9.71,world
132.75,2026-08-31 22:45:30,12.23,0.90,-10.17,-85.6,grandpas_village,13.26,clear,24.889,11.990,0.00,9.71,world
133.25,2026-08-31 22:45:31,12.23,0.90,-10.17,-85.6,grandpas_village,13.28,clear,25.211,10.803,0.00,9.71,world
133.75,2026-08-31 22:45:31,12.23,0.90,-10.17,-85.6,grandpas_village,13.30,clear,25.211,10.803,0.00,9.71,world
134.25,2026-08-31 22:45:32,12.23,0.90,-10.17,-85.6,grandpas_village,13.32,clear,22.812,8.891,0.00,9.71,world
134.75,2026-08-31 22:45:32,12.23,0.90,-10.17,-85.6,grandpas_village,13.34,clear,22.812,8.891,0.00,9.71,world
135.25,2026-08-31 22:45:33,12.23,0.90,-10.17,-85.6,grandpas_village,13.36,clear,25.966,12.789,0.00,9.71,world
135.75,2026-08-31 22:45:33,12.23,0.90,-10.17,-85.6,grandpas_village,13.38,clear,25.966,12.789,0.00,9.71,world
136.25,2026-08-31 22:45:34,12.23,0.90,-10.17,-85.6,grandpas_village,13.40,clear,22.709,8.793,0.00,9.71,world
136.75,2026-08-31 22:45:34,12.23,0.90,-10.17,-85.6,grandpas_village,13.42,clear,22.709,8.793,0.00,9.71,world
137.25,2026-08-31 22:45:35,12.23,0.90,-10.17,-85.6,grandpas_village,13.44,clear,24.048,10.914,0.00,9.71,world
137.75,2026-08-31 22:45:35,12.23,0.90,-10.17,-85.6,grandpas_village,13.46,clear,24.048,10.914,0.00,9.71,world
138.25,2026-08-31 22:45:36,12.23,0.90,-10.17,-85.6,grandpas_village,13.48,clear,24.311,9.693,0.00,9.71,world
138.75,2026-08-31 22:45:36,12.23,0.90,-10.17,-85.6,grandpas_village,13.50,clear,24.311,9.693,0.00,9.71,world
139.25,2026-08-31 22:45:37,12.23,0.90,-10.17,-85.6,grandpas_village,13.52,clear,28.213,13.568,0.00,9.71,world
139.75,2026-08-31 22:45:37,12.23,0.90,-10.17,-85.6,grandpas_village,13.54,clear,28.213,13.568,0.00,9.71,world
140.25,2026-08-31 22:45:38,12.23,0.90,-10.17,-85.6,grandpas_village,13.56,clear,23.825,11.267,0.00,9.71,world
140.75,2026-08-31 22:45:38,12.23,0.90,-10.17,-85.6,grandpas_village,13.58,clear,23.825,11.267,0.00,9.71,world
141.25,2026-08-31 22:45:39,12.23,0.90,-10.17,-85.6,grandpas_village,13.60,clear,23.385,10.100,0.00,9.71,world
141.75,2026-08-31 22:45:39,12.23,0.90,-10.17,-85.6,grandpas_village,13.62,clear,23.385,10.100,0.00,9.71,world
142.25,2026-08-31 22:45:40,12.23,0.90,-10.17,-85.6,grandpas_village,13.64,clear,22.759,10.129,0.00,9.71,world
142.75,2026-08-31 22:45:40,12.23,0.90,-10.17,-85.6,grandpas_village,13.66,clear,22.759,10.129,0.00,9.71,world
143.25,2026-08-31 22:45:41,12.23,0.90,-10.17,-85.6,grandpas_village,13.68,clear,25.590,10.917,0.00,9.71,world
143.75,2026-08-31 22:45:41,12.23,0.90,-10.17,-85.6,grandpas_village,13.70,clear,25.590,10.917,0.00,9.71,world
144.25,2026-08-31 22:45:42,12.23,0.90,-10.17,-85.6,grandpas_village,13.72,clear,27.786,11.950,0.00,9.71,world
144.75,2026-08-31 22:45:42,12.23,0.90,-10.17,-85.6,grandpas_village,13.74,clear,27.786,11.950,0.00,9.71,world
145.25,2026-08-31 22:45:43,12.23,0.90,-10.17,-85.6,grandpas_village,13.76,clear,24.143,10.038,0.00,9.71,world
145.75,2026-08-31 22:45:43,12.23,0.90,-10.17,-85.6,grandpas_village,13.78,clear,24.143,10.038,0.00,9.71,world
146.25,2026-08-31 22:45:44,12.23,0.90,-10.17,-85.6,grandpas_village,13.80,clear,24.581,9.906,0.00,9.71,world
146.75,2026-08-31 22:45:44,12.23,0.90,-10.17,-85.6,grandpas_village,13.82,clear,24.581,9.906,0.00,9.71,world
147.25,2026-08-31 22:45:45,12.23,0.90,-10.17,-85.6,grandpas_village,13.84,clear,25.843,11.176,0.00,9.71,world
147.75,2026-08-31 22:45:45,12.23,0.90,-10.17,-85.6,grandpas_village,13.86,clear,25.843,11.176,0.00,9.71,world
148.25,2026-08-31 22:45:46,12.23,0.90,-10.17,-85.6,grandpas_village,13.88,clear,24.633,10.088,0.00,9.71,world
148.75,2026-08-31 22:45:46,12.23,0.90,-10.17,-85.6,grandpas_village,13.90,clear,24.633,10.088,0.00,9.71,world
149.25,2026-08-31 22:45:47,12.23,0.90,-10.17,-85.6,grandpas_village,13.92,clear,31.456,36.175,0.00,9.71,world
149.75,2026-08-31 22:45:47,12.23,0.90,-10.17,-85.6,grandpas_village,13.94,clear,31.456,36.175,0.00,9.71,world
150.25,2026-08-31 22:45:48,12.23,0.90,-10.17,-85.6,grandpas_village,13.96,clear,26.170,31.497,0.00,9.71,world
150.75,2026-08-31 22:45:48,12.23,0.90,-10.17,-85.6,grandpas_village,13.98,clear,26.170,31.497,0.00,9.71,world
151.25,2026-08-31 22:45:49,12.23,0.90,-10.17,-85.6,grandpas_village,14.00,clear,22.867,11.196,0.00,9.71,world
151.75,2026-08-31 22:45:49,12.23,0.90,-10.17,-85.6,grandpas_village,14.02,clear,22.867,11.196,0.00,9.71,world
152.25,2026-08-31 22:45:50,12.23,0.90,-10.17,-85.6,grandpas_village,14.04,clear,23.898,9.424,0.00,9.71,world
152.75,2026-08-31 22:45:50,12.23,0.90,-10.17,-85.6,grandpas_village,14.06,clear,23.898,9.424,0.00,9.71,world
153.25,2026-08-31 22:45:51,12.23,0.90,-10.17,-85.6,grandpas_village,14.08,clear,24.002,9.033,0.00,9.71,world
153.75,2026-08-31 22:45:51,12.23,0.90,-10.17,-85.6,grandpas_village,14.10,clear,24.002,9.033,0.00,9.71,world
154.25,2026-08-31 22:45:52,12.23,0.90,-10.17,-85.6,grandpas_village,14.12,clear,28.370,10.589,0.00,9.71,world
154.75,2026-08-31 22:45:52,12.23,0.90,-10.17,-85.6,grandpas_village,14.14,clear,28.370,10.589,0.00,9.71,world
155.25,2026-08-31 22:45:53,12.23,0.90,-10.17,-85.6,grandpas_village,14.16,clear,30.700,15.416,0.00,9.71,world
155.75,2026-08-31 22:45:53,12.23,0.90,-10.17,-85.6,grandpas_village,14.18,clear,30.700,15.416,0.00,9.71,world
156.25,2026-08-31 22:45:54,12.23,0.90,-10.17,-85.6,grandpas_village,14.20,clear,22.403,9.766,0.00,9.71,world
156.75,2026-08-31 22:45:54,12.23,0.90,-10.17,-85.6,grandpas_village,14.22,clear,22.403,9.766,0.00,9.71,world
157.25,2026-08-31 22:45:55,12.23,0.90,-10.17,-85.6,grandpas_village,14.24,clear,23.615,9.763,0.00,9.71,world
157.75,2026-08-31 22:45:55,12.23,0.90,-10.17,-85.6,grandpas_village,14.26,clear,23.615,9.763,0.00,9.71,world
158.25,2026-08-31 22:45:56,12.23,0.90,-10.17,-85.6,grandpas_village,14.28,clear,28.236,11.591,0.00,9.71,world
158.75,2026-08-31 22:45:56,12.23,0.90,-10.17,-85.6,grandpas_village,14.30,clear,28.236,11.591,0.00,9.71,world
159.25,2026-08-31 22:45:57,12.23,0.90,-10.17,-85.6,grandpas_village,14.32,clear,26.440,9.884,0.00,9.71,world
159.75,2026-08-31 22:45:57,12.23,0.90,-10.17,-85.6,grandpas_village,14.34,clear,26.440,9.884,0.00,9.71,world
160.25,2026-08-31 22:45:58,12.23,0.90,-10.17,-85.6,grandpas_village,14.36,clear,21.780,9.334,0.00,9.71,world
160.75,2026-08-31 22:45:58,12.23,0.90,-10.17,-85.6,grandpas_village,14.38,clear,21.780,9.334,0.00,9.71,world
161.25,2026-08-31 22:45:59,12.23,0.90,-10.17,-85.6,grandpas_village,14.40,clear,25.892,31.143,0.00,9.71,world
161.75,2026-08-31 22:45:59,12.23,0.90,-10.17,-85.6,grandpas_village,14.42,clear,25.892,31.143,0.00,9.71,world
162.25,2026-08-31 22:46:00,12.23,0.90,-10.17,-85.6,grandpas_village,14.44,clear,26.887,11.759,0.00,9.71,world
162.75,2026-08-31 22:46:00,12.23,0.90,-10.17,-85.6,grandpas_village,14.46,clear,26.887,11.759,0.00,9.71,world
163.25,2026-08-31 22:46:01,12.23,0.90,-10.17,-85.6,grandpas_village,14.48,clear,26.225,12.354,0.00,9.71,world
163.75,2026-08-31 22:46:01,12.23,0.90,-10.17,-85.6,grandpas_village,14.50,clear,26.225,12.354,0.00,9.71,world
164.25,2026-08-31 22:46:02,12.23,0.90,-10.17,-85.6,grandpas_village,14.52,clear,29.315,10.471,0.00,9.71,world
164.75,2026-08-31 22:46:02,12.23,0.90,-10.17,-85.6,grandpas_village,14.54,clear,29.315,10.471,0.00,9.71,world
165.25,2026-08-31 22:46:03,12.23,0.90,-10.17,-85.6,grandpas_village,14.56,clear,22.484,9.015,0.00,9.71,world
165.75,2026-08-31 22:46:03,12.23,0.90,-10.17,-85.6,grandpas_village,14.58,clear,22.484,9.015,0.00,9.71,world
166.25,2026-08-31 22:46:04,12.23,0.90,-10.17,-85.6,grandpas_village,14.60,clear,22.053,9.667,0.00,9.71,world
166.75,2026-08-31 22:46:04,12.23,0.90,-10.17,-85.6,grandpas_village,14.62,clear,22.053,9.667,0.00,9.71,world
167.25,2026-08-31 22:46:05,12.23,0.90,-10.17,-85.6,grandpas_village,14.64,clear,22.191,8.635,0.00,9.71,world
167.75,2026-08-31 22:46:05,12.23,0.90,-10.17,-85.6,grandpas_village,14.66,clear,22.191,8.635,0.00,9.71,world
168.25,2026-08-31 22:46:06,12.23,0.90,-10.17,-85.6,grandpas_village,14.68,clear,22.675,9.705,0.00,9.71,world
168.75,2026-08-31 22:46:06,12.23,0.90,-10.17,-85.6,grandpas_village,14.70,clear,22.675,9.705,0.00,9.71,world
169.25,2026-08-31 22:46:07,12.23,0.90,-10.17,-85.6,grandpas_village,14.72,clear,21.725,10.247,0.00,9.71,world
169.75,2026-08-31 22:46:07,12.23,0.90,-10.17,-85.6,grandpas_village,14.74,clear,21.725,10.247,0.00,9.71,world
170.25,2026-08-31 22:46:08,12.23,0.90,-10.17,-85.6,grandpas_village,14.76,clear,27.557,48.668,0.00,9.71,world
170.75,2026-08-31 22:46:08,12.23,0.90,-10.17,-85.6,grandpas_village,14.78,clear,27.557,48.668,0.00,9.71,world
171.25,2026-08-31 22:46:09,12.23,0.90,-10.17,-85.6,grandpas_village,14.80,clear,21.486,8.682,0.00,9.71,world
171.75,2026-08-31 22:46:09,12.23,0.90,-10.17,-85.6,grandpas_village,14.82,clear,21.486,8.682,0.00,9.71,world
172.25,2026-08-31 22:46:10,12.23,0.90,-10.17,-85.6,grandpas_village,14.84,clear,23.543,8.628,0.00,9.71,world
172.75,2026-08-31 22:46:10,12.23,0.90,-10.17,-85.6,grandpas_village,14.86,clear,23.543,8.628,0.00,9.71,world
173.25,2026-08-31 22:46:11,12.23,0.90,-10.17,-85.6,grandpas_village,14.88,clear,23.202,8.526,0.00,9.71,world
173.75,2026-08-31 22:46:11,12.23,0.90,-10.17,-85.6,grandpas_village,14.90,clear,23.202,8.526,0.00,9.71,world
174.25,2026-08-31 22:46:12,12.23,0.90,-10.17,-85.6,grandpas_village,14.92,clear,30.187,10.963,0.00,9.71,world
174.75,2026-08-31 22:46:12,12.23,0.90,-10.17,-85.6,grandpas_village,14.94,clear,30.187,10.963,0.00,9.71,world
175.25,2026-08-31 22:46:13,12.23,0.90,-10.17,-85.6,grandpas_village,14.96,clear,22.975,10.155,0.00,9.71,world
175.75,2026-08-31 22:46:13,12.23,0.90,-10.17,-85.6,grandpas_village,14.98,clear,22.975,10.155,0.00,9.71,world
176.25,2026-08-31 22:46:14,12.23,0.90,-10.17,-85.6,grandpas_village,15.00,clear,22.940,9.864,0.00,9.71,world
176.75,2026-08-31 22:46:14,12.23,0.90,-10.17,-85.6,grandpas_village,15.02,clear,22.940,9.864,0.00,9.71,world
177.25,2026-08-31 22:46:15,12.23,0.90,-10.17,-85.6,grandpas_village,15.04,clear,24.013,10.782,0.00,9.71,world
177.75,2026-08-31 22:46:15,12.23,0.90,-10.17,-85.6,grandpas_village,15.06,clear,24.013,10.782,0.00,9.71,world
178.25,2026-08-31 22:46:16,12.23,0.90,-10.17,-85.6,grandpas_village,15.08,clear,29.597,12.301,0.00,9.71,world
178.75,2026-08-31 22:46:16,12.23,0.90,-10.17,-85.6,grandpas_village,15.10,clear,29.597,12.301,0.00,9.71,world
179.25,2026-08-31 22:46:17,12.23,0.90,-10.17,-85.6,grandpas_village,15.12,clear,24.241,11.960,0.00,9.71,world
179.75,2026-08-31 22:46:17,12.23,0.90,-10.17,-85.6,grandpas_village,15.14,clear,24.241,11.960,0.00,9.71,world
180.25,2026-08-31 22:46:18,12.23,0.90,-10.17,-85.6,grandpas_village,15.16,clear,79.283,9.751,0.00,9.71,world
180.75,2026-08-31 22:46:18,12.23,0.90,-10.17,-85.6,grandpas_village,15.18,clear,79.283,9.751,0.00,9.71,world
181.25,2026-08-31 22:46:19,12.23,0.90,-10.17,-85.6,grandpas_village,15.20,clear,23.424,10.383,0.00,9.71,world
181.75,2026-08-31 22:46:19,12.23,0.90,-10.17,-85.6,grandpas_village,15.22,clear,23.424,10.383,0.00,9.71,world
182.25,2026-08-31 22:46:20,12.23,0.90,-10.17,-85.6,grandpas_village,15.24,clear,326.967,47.576,0.00,9.71,menu_map
182.80,2026-08-31 22:46:21,12.23,0.90,-10.17,-85.6,grandpas_village,15.24,clear,326.967,47.576,0.00,9.71,menu_map
183.37,2026-08-31 22:46:21,12.23,0.90,-10.17,-85.6,grandpas_village,15.25,clear,139.453,6.518,0.00,9.71,menu_map
183.87,2026-08-31 22:46:22,12.04,0.90,-10.44,-144.0,grandpas_village,15.27,clear,244.221,9.488,0.00,9.71,world
184.37,2026-08-31 22:46:22,10.57,0.90,-12.46,-144.0,grandpas_village,15.29,clear,244.221,9.488,0.00,9.65,world
185.07,2026-08-31 22:46:23,9.57,0.90,-13.84,-144.0,grandpas_village,15.32,clear,29.062,14.896,0.00,8.52,narrative_modal
185.73,2026-08-31 22:46:24,9.57,0.90,-13.84,-144.0,grandpas_village,15.34,clear,29.062,14.896,0.00,8.52,narrative_modal
186.47,2026-08-31 22:46:24,9.57,0.90,-13.84,-144.0,grandpas_village,15.37,clear,23.418,12.087,0.00,8.52,narrative_modal
187.23,2026-08-31 22:46:25,9.57,0.90,-13.84,-144.0,grandpas_village,15.40,clear,49.208,14.827,0.00,8.52,world
188.02,2026-08-31 22:46:26,9.57,0.90,-13.84,-144.0,grandpas_village,15.43,clear,35.482,12.146,0.00,8.52,narrative_modal
188.67,2026-08-31 22:46:27,9.57,0.90,-13.84,-144.0,grandpas_village,15.46,clear,35.482,12.146,0.00,8.52,narrative_modal
189.30,2026-08-31 22:46:27,9.57,0.90,-13.84,-144.0,grandpas_village,15.49,clear,23.799,11.035,0.00,8.52,narrative_modal
190.00,2026-08-31 22:46:28,9.57,0.90,-13.84,-144.0,grandpas_village,15.51,clear,27.496,56.885,0.00,8.52,narrative_modal
190.63,2026-08-31 22:46:28,9.57,0.90,-13.84,-144.0,grandpas_village,15.54,clear,27.496,56.885,0.00,8.52,world
191.40,2026-08-31 22:46:29,9.57,0.90,-13.84,-144.0,grandpas_village,15.57,clear,26.109,11.034,0.00,8.52,narrative_modal
192.03,2026-08-31 22:46:30,9.57,0.90,-13.84,-144.0,grandpas_village,15.59,clear,34.040,9.916,0.00,8.52,narrative_modal
192.67,2026-08-31 22:46:31,9.57,0.90,-13.84,-144.0,grandpas_village,15.62,clear,34.040,9.916,0.00,8.52,narrative_modal
193.38,2026-08-31 22:46:31,9.57,0.90,-13.84,-144.0,grandpas_village,15.65,clear,23.455,11.416,0.00,8.52,narrative_modal
194.05,2026-08-31 22:46:32,9.57,0.90,-13.84,-144.0,grandpas_village,15.68,clear,26.808,10.336,0.00,8.52,world
194.78,2026-08-31 22:46:33,9.57,0.90,-13.84,-144.0,grandpas_village,15.70,clear,26.808,10.336,0.00,8.52,narrative_modal
195.45,2026-08-31 22:46:33,9.57,0.90,-13.84,-144.0,grandpas_village,15.73,clear,27.879,11.027,0.00,8.52,narrative_modal
196.07,2026-08-31 22:46:34,9.57,0.90,-13.84,-144.0,grandpas_village,15.76,clear,23.300,11.080,0.00,8.52,narrative_modal
196.57,2026-08-31 22:46:34,9.57,0.90,-13.84,-144.0,grandpas_village,15.78,clear,23.300,11.080,0.00,8.52,narrative_modal
197.07,2026-08-31 22:46:35,9.57,0.90,-13.84,-144.0,grandpas_village,15.80,clear,24.017,10.370,0.00,8.52,narrative_modal
197.57,2026-08-31 22:46:35,9.57,0.90,-13.84,-144.0,grandpas_village,15.82,clear,24.017,10.370,0.00,8.52,narrative_modal
198.08,2026-08-31 22:46:36,9.57,0.90,-13.84,-144.0,grandpas_village,15.84,clear,23.711,10.940,0.00,8.52,narrative_modal
198.58,2026-08-31 22:46:36,9.72,0.90,-14.03,153.0,grandpas_village,15.86,clear,23.711,10.940,0.00,8.29,world
199.08,2026-08-31 22:46:37,11.26,0.90,-16.00,142.0,grandpas_village,15.88,clear,25.748,10.214,0.00,6.05,world
199.58,2026-08-31 22:46:37,12.11,0.90,-17.09,142.0,grandpas_village,15.90,clear,25.748,10.214,0.00,4.92,world
200.08,2026-08-31 22:46:38,13.90,0.90,-16.73,145.3,grandpas_village,15.92,clear,26.451,11.344,0.00,5.61,world
200.58,2026-08-31 22:46:38,15.32,0.90,-18.78,145.3,grandpas_village,15.94,clear,26.451,11.344,0.00,4.63,world
201.08,2026-08-31 22:46:39,16.74,0.90,-20.84,145.3,grandpas_village,15.96,clear,25.420,11.081,0.00,4.88,world
201.58,2026-08-31 22:46:39,18.21,0.90,-22.78,145.5,grandpas_village,15.98,clear,25.420,11.081,0.00,5.67,world
202.08,2026-08-31 22:46:40,19.62,0.90,-24.84,145.6,grandpas_village,16.00,clear,29.571,12.338,0.00,4.46,world
202.58,2026-08-31 22:46:40,21.06,0.85,-26.88,145.7,grandpas_village,16.02,clear,29.571,12.338,0.00,4.12,world
203.08,2026-08-31 22:46:41,22.49,0.71,-28.97,145.8,grandpas_village,16.03,clear,26.440,14.834,0.00,5.06,world
203.58,2026-08-31 22:46:41,23.93,0.56,-31.07,145.8,grandpas_village,16.06,clear,26.440,14.834,0.00,3.51,world
204.08,2026-08-31 22:46:42,25.36,0.43,-33.18,145.8,grandpas_village,16.08,clear,28.223,12.079,0.00,3.46,world
204.58,2026-08-31 22:46:42,26.79,0.36,-35.26,145.9,grandpas_village,16.10,clear,28.223,12.079,0.00,4.95,world
205.08,2026-08-31 22:46:44,27.74,0.36,-37.22,-130.0,grandpas_village,16.11,clear,26.499,11.549,0.00,6.58,world
205.58,2026-08-31 22:46:44,25.92,0.65,-38.69,-128.6,grandpas_village,16.14,clear,24.672,1107.416,0.00,5.31,world
206.08,2026-08-31 22:46:45,24.07,0.90,-40.17,-128.6,grandpas_village,16.16,clear,24.081,9.347,0.00,4.29,world
206.58,2026-08-31 22:46:45,22.22,1.15,-41.65,-128.6,grandpas_village,16.18,clear,24.081,9.347,0.00,2.45,world
207.08,2026-08-31 22:46:46,22.44,1.73,-49.21,-49.8,grandpas_village,16.20,clear,33.635,15.353,0.00,6.31,combat
207.58,2026-08-31 22:46:46,22.44,1.73,-49.21,-49.8,grandpas_village,16.22,clear,33.635,15.353,0.00,6.05,combat
208.08,2026-08-31 22:46:47,22.44,1.73,-49.21,-49.8,grandpas_village,16.24,clear,26.733,12.130,0.00,6.05,combat
208.58,2026-08-31 22:46:47,22.44,1.73,-49.21,-49.8,grandpas_village,16.26,clear,26.733,12.130,0.00,6.05,combat
209.08,2026-08-31 22:46:48,22.44,1.73,-49.21,-49.8,grandpas_village,16.28,clear,34.615,15.418,0.00,6.06,combat
209.58,2026-08-31 22:46:48,22.44,1.73,-49.21,-49.8,grandpas_village,16.30,clear,34.615,15.418,0.00,6.03,combat
210.08,2026-08-31 22:46:49,22.44,1.73,-49.21,-49.8,grandpas_village,16.32,clear,29.230,13.063,0.00,4.60,combat
210.58,2026-08-31 22:46:49,22.44,1.73,-49.21,-49.8,grandpas_village,16.34,clear,29.230,13.063,0.00,3.17,combat
211.85,2026-08-31 22:46:51,22.44,1.73,-49.21,-49.8,grandpas_village,16.39,clear,37.347,13.461,0.00,3.52,combat
212.98,2026-08-31 22:46:52,22.44,1.73,-49.21,-49.8,grandpas_village,16.43,clear,33.618,11.931,0.00,4.20,combat
214.28,2026-08-31 22:46:53,22.44,1.73,-49.21,-49.8,grandpas_village,16.48,clear,29.751,11.526,0.00,4.20,combat_aim
215.03,2026-08-31 22:46:54,22.44,1.73,-49.21,-49.8,grandpas_village,16.51,clear,30.824,13.782,0.00,6.17,combat
215.53,2026-08-31 22:46:54,22.44,1.73,-49.21,-49.8,grandpas_village,16.53,clear,30.824,13.782,0.00,6.31,combat
216.03,2026-08-31 22:46:55,22.44,1.73,-49.21,-49.8,grandpas_village,16.55,clear,26.697,12.481,0.00,6.31,combat
216.53,2026-08-31 22:46:55,22.44,1.73,-49.21,-49.8,grandpas_village,16.57,clear,26.697,12.481,0.00,4.55,combat
217.03,2026-08-31 22:46:56,22.44,1.73,-49.21,-49.8,grandpas_village,16.59,clear,39.195,30.594,0.00,4.74,combat
217.53,2026-08-31 22:46:56,22.44,1.73,-49.21,-49.8,grandpas_village,16.61,clear,39.195,30.594,0.00,5.12,combat
218.03,2026-08-31 22:46:57,22.44,1.73,-49.21,-49.8,grandpas_village,16.64,clear,26.364,12.727,0.00,4.92,combat
218.53,2026-08-31 22:46:57,22.44,1.73,-49.21,-49.8,grandpas_village,16.65,clear,26.364,12.727,0.00,4.80,combat
219.03,2026-08-31 22:46:58,22.44,1.73,-49.21,-49.8,grandpas_village,16.67,clear,29.272,12.796,0.00,3.64,combat
219.53,2026-08-31 22:46:58,22.44,1.73,-49.21,-49.8,grandpas_village,16.69,clear,29.272,12.796,0.00,4.09,combat
220.03,2026-08-31 22:46:59,22.44,1.73,-49.21,-49.8,grandpas_village,16.72,clear,28.214,13.371,0.00,5.63,combat
220.53,2026-08-31 22:46:59,22.44,1.73,-49.21,-49.8,grandpas_village,16.73,clear,28.214,13.371,0.00,6.31,combat
221.03,2026-08-31 22:47:01,22.44,1.73,-49.21,-49.8,grandpas_village,16.75,clear,28.140,20.927,0.00,6.02,combat
221.53,2026-08-31 22:47:01,22.44,1.73,-49.21,-49.8,grandpas_village,16.77,clear,27.693,676.366,0.00,4.08,combat
222.03,2026-08-31 22:47:01,22.44,1.73,-49.21,-49.8,grandpas_village,16.79,clear,27.693,676.366,0.00,4.24,combat
222.53,2026-08-31 22:47:02,22.44,1.73,-49.21,-49.8,grandpas_village,16.81,clear,27.006,11.378,0.00,4.53,combat
223.03,2026-08-31 22:47:02,22.44,1.73,-49.21,-49.8,grandpas_village,16.83,clear,27.006,11.378,0.00,4.31,combat
223.53,2026-08-31 22:47:03,22.44,1.73,-49.21,-49.8,grandpas_village,16.85,clear,26.407,13.131,0.00,4.19,combat
224.03,2026-08-31 22:47:04,22.44,1.73,-49.21,-49.8,grandpas_village,16.87,clear,26.407,13.131,0.00,3.12,combat
224.53,2026-08-31 22:47:04,22.44,1.73,-49.21,-49.8,grandpas_village,16.89,clear,29.555,12.403,0.00,3.55,combat
225.03,2026-08-31 22:47:04,22.44,1.73,-49.21,-49.8,grandpas_village,16.91,clear,29.555,12.403,0.00,5.13,combat
225.53,2026-08-31 22:47:05,22.44,1.73,-49.21,-49.8,grandpas_village,16.93,clear,32.121,12.062,0.00,5.89,combat
226.03,2026-08-31 22:47:05,22.44,1.73,-49.21,-49.8,grandpas_village,16.95,clear,32.121,12.062,0.00,5.57,combat
226.53,2026-08-31 22:47:06,22.44,1.73,-49.21,-49.8,grandpas_village,16.98,clear,29.634,11.451,0.00,3.65,combat
227.03,2026-08-31 22:47:06,22.44,1.73,-49.21,-49.8,grandpas_village,17.00,clear,29.634,11.451,0.00,4.00,combat
227.53,2026-08-31 22:47:07,22.44,1.73,-49.21,-49.8,grandpas_village,17.01,clear,33.979,14.002,0.00,4.95,combat
228.03,2026-08-31 22:47:07,22.44,1.73,-49.21,-49.8,grandpas_village,17.03,clear,33.979,14.002,0.00,5.21,combat
228.53,2026-08-31 22:47:08,22.44,1.73,-49.21,-49.8,grandpas_village,17.05,clear,29.763,11.745,0.00,4.78,combat
229.03,2026-08-31 22:47:08,22.44,1.73,-49.21,-49.8,grandpas_village,17.07,clear,29.763,11.745,0.00,3.15,combat
229.53,2026-08-31 22:47:09,22.44,1.73,-49.21,-49.8,grandpas_village,17.09,clear,27.164,15.379,0.00,3.15,combat
230.03,2026-08-31 22:47:09,22.44,1.73,-49.21,-49.8,grandpas_village,17.11,clear,27.164,15.379,0.00,3.15,combat
230.53,2026-08-31 22:47:10,22.10,1.74,-48.29,-20.0,grandpas_village,17.13,clear,26.990,10.606,0.00,2.17,world
231.03,2026-08-31 22:47:11,21.92,1.73,-47.77,-20.0,grandpas_village,17.15,clear,24.687,556.586,0.00,1.62,world
231.53,2026-08-31 22:47:11,21.92,1.73,-47.77,-20.0,grandpas_village,17.17,clear,24.687,556.586,0.00,1.62,world
232.03,2026-08-31 22:47:12,21.92,1.73,-47.77,-20.0,grandpas_village,17.19,clear,24.069,9.590,0.00,1.62,world
232.53,2026-08-31 22:47:12,21.92,1.73,-47.77,-20.0,grandpas_village,17.21,clear,24.069,9.590,0.00,1.62,world
233.03,2026-08-31 22:47:13,21.92,1.73,-47.77,-20.0,grandpas_village,17.23,clear,22.883,9.576,0.00,1.62,world
233.53,2026-08-31 22:47:13,21.92,1.73,-47.77,-20.0,grandpas_village,17.25,clear,22.883,9.576,0.00,1.62,world
234.50,2026-08-31 22:47:14,21.92,1.73,-47.77,-20.0,grandpas_village,17.29,clear,22.461,9.373,0.00,1.62,world
235.40,2026-08-31 22:47:15,21.92,1.73,-47.77,-20.0,grandpas_village,17.33,clear,26.321,9.907,0.00,1.62,world
236.30,2026-08-31 22:47:16,21.92,1.73,-47.77,-20.0,grandpas_village,17.37,clear,24.219,10.321,0.00,1.62,world
236.80,2026-08-31 22:47:17,21.92,1.73,-47.77,-20.0,grandpas_village,17.39,clear,25.631,8.912,0.00,1.62,world
237.30,2026-08-31 22:47:17,21.92,1.73,-47.77,-20.0,grandpas_village,17.41,clear,25.631,8.912,0.00,1.62,world
237.80,2026-08-31 22:47:18,21.92,1.73,-47.77,-20.0,grandpas_village,17.43,clear,21.769,9.122,0.00,1.62,world
238.30,2026-08-31 22:47:18,21.92,1.73,-47.77,-20.0,grandpas_village,17.44,clear,21.769,9.122,0.00,1.62,world
238.80,2026-08-31 22:47:19,21.92,1.73,-47.77,-20.0,grandpas_village,17.47,clear,23.075,8.757,0.00,1.62,world
239.30,2026-08-31 22:47:19,21.92,1.73,-47.77,-20.0,grandpas_village,17.49,clear,23.075,8.757,0.00,1.62,world
239.80,2026-08-31 22:47:20,21.92,1.73,-47.77,-20.0,grandpas_village,17.51,clear,21.154,8.277,0.00,1.62,world
240.30,2026-08-31 22:47:20,21.92,1.73,-47.77,-20.0,grandpas_village,17.53,clear,21.154,8.277,0.00,1.62,world
240.80,2026-08-31 22:47:21,21.92,1.73,-47.77,-20.0,grandpas_village,17.54,clear,22.605,8.865,0.00,1.62,world
241.30,2026-08-31 22:47:21,21.92,1.73,-47.77,-20.0,grandpas_village,17.57,clear,22.605,8.865,0.00,1.62,world
241.80,2026-08-31 22:47:22,21.92,1.73,-47.77,-20.0,grandpas_village,17.58,clear,30.411,10.983,0.00,1.62,world
242.30,2026-08-31 22:47:22,21.92,1.73,-47.77,-20.0,grandpas_village,17.61,clear,30.411,10.983,0.00,1.62,world
242.80,2026-08-31 22:47:23,21.92,1.73,-47.77,-20.0,grandpas_village,17.63,clear,25.682,693.109,0.00,1.62,world
243.30,2026-08-31 22:47:24,21.92,1.73,-47.77,-20.0,grandpas_village,17.64,clear,27.399,29.769,0.00,1.62,world
243.80,2026-08-31 22:47:24,21.92,1.73,-47.77,-20.0,grandpas_village,17.67,clear,27.399,29.769,0.00,1.62,world
244.30,2026-08-31 22:47:25,21.92,1.73,-47.77,-20.0,grandpas_village,17.69,clear,24.304,10.642,0.00,1.62,world
244.80,2026-08-31 22:47:25,21.92,1.73,-47.77,-20.0,grandpas_village,17.71,clear,24.304,10.642,0.00,1.62,world
245.30,2026-08-31 22:47:26,21.92,1.73,-47.77,-20.0,grandpas_village,17.73,clear,22.873,9.189,0.00,1.62,world
246.33,2026-08-31 22:47:27,21.92,1.73,-47.77,-20.0,grandpas_village,17.77,clear,20.979,9.716,0.00,1.62,world
247.12,2026-08-31 22:47:28,21.92,1.73,-47.77,-20.0,grandpas_village,17.80,clear,20.979,9.716,0.00,1.62,world
247.97,2026-08-31 22:47:28,21.92,1.73,-47.77,-20.0,grandpas_village,17.83,clear,21.481,8.107,0.00,1.62,world
248.47,2026-08-31 22:47:29,21.92,1.73,-47.77,-20.0,grandpas_village,17.85,clear,23.252,9.715,0.00,1.62,world
248.97,2026-08-31 22:47:29,21.92,1.73,-47.77,-20.0,grandpas_village,17.87,clear,23.252,9.715,0.00,1.62,world
249.47,2026-08-31 22:47:30,21.92,1.73,-47.77,-20.0,grandpas_village,17.89,clear,21.891,8.491,0.00,1.62,world
249.97,2026-08-31 22:47:30,21.92,1.73,-47.77,-20.0,grandpas_village,17.91,clear,21.891,8.491,0.00,1.62,world
250.47,2026-08-31 22:47:31,21.92,1.73,-47.77,-20.0,grandpas_village,17.93,clear,23.272,10.292,0.00,1.62,world
250.97,2026-08-31 22:47:31,21.92,1.73,-47.77,-20.0,grandpas_village,17.95,clear,23.272,10.292,0.00,1.62,world
251.47,2026-08-31 22:47:32,21.92,1.73,-47.77,-20.0,grandpas_village,17.97,clear,22.956,10.894,0.00,1.62,world
251.97,2026-08-31 22:47:32,21.92,1.73,-47.77,-20.0,grandpas_village,17.99,clear,22.956,10.894,0.00,1.62,world
252.47,2026-08-31 22:47:33,21.92,1.73,-47.77,-20.0,grandpas_village,18.01,clear,24.693,11.715,0.00,1.62,world
252.97,2026-08-31 22:47:33,21.92,1.73,-47.77,-20.0,grandpas_village,18.03,clear,24.693,11.715,0.00,1.62,world
253.47,2026-08-31 22:47:34,21.92,1.73,-47.77,-20.0,grandpas_village,18.05,clear,23.616,9.882,0.00,1.62,world
253.97,2026-08-31 22:47:34,21.92,1.73,-47.77,-20.0,grandpas_village,18.07,clear,23.616,9.882,0.00,1.62,world
254.47,2026-08-31 22:47:36,21.92,1.73,-47.77,-20.0,grandpas_village,18.09,clear,24.623,11.136,0.00,1.62,world
254.97,2026-08-31 22:47:36,21.92,1.73,-47.77,-20.0,grandpas_village,18.11,clear,24.457,699.724,0.00,1.62,world
255.47,2026-08-31 22:47:37,21.92,1.73,-47.77,-20.0,grandpas_village,18.13,clear,24.457,699.724,0.00,1.62,world
255.97,2026-08-31 22:47:37,21.92,1.73,-47.77,-20.0,grandpas_village,18.15,clear,23.580,9.707,0.00,1.62,world
256.48,2026-08-31 22:47:38,21.92,1.73,-47.77,-20.0,grandpas_village,18.17,clear,23.580,9.707,0.00,1.62,world
256.98,2026-08-31 22:47:38,21.92,1.73,-47.77,-20.0,grandpas_village,18.19,clear,22.665,9.937,0.00,1.62,world
258.17,2026-08-31 22:47:39,21.92,1.73,-47.77,-20.0,grandpas_village,18.24,clear,23.312,8.830,0.00,1.62,world
259.07,2026-08-31 22:47:40,21.92,1.73,-47.77,-20.0,grandpas_village,18.28,clear,23.339,9.967,0.00,1.62,world
259.98,2026-08-31 22:47:41,21.92,1.73,-47.77,-20.0,grandpas_village,18.31,clear,23.460,30.839,0.00,1.62,world
260.48,2026-08-31 22:47:42,21.92,1.73,-47.77,-20.0,grandpas_village,18.33,clear,23.460,30.839,0.00,1.62,world
260.98,2026-08-31 22:47:42,21.92,1.73,-47.77,-20.0,grandpas_village,18.35,clear,22.647,9.416,0.00,1.62,world
261.48,2026-08-31 22:47:43,21.92,1.73,-47.77,-20.0,grandpas_village,18.37,clear,22.647,9.416,0.00,1.62,world
261.98,2026-08-31 22:47:43,21.92,1.73,-47.77,-20.0,grandpas_village,18.39,clear,23.308,10.405,0.00,1.62,world
262.48,2026-08-31 22:47:44,21.92,1.73,-47.77,-20.0,grandpas_village,18.41,clear,23.308,10.405,0.00,1.62,world
262.98,2026-08-31 22:47:44,21.92,1.73,-47.77,-20.0,grandpas_village,18.43,clear,22.792,11.225,0.00,1.62,world
263.48,2026-08-31 22:47:45,21.92,1.73,-47.77,-20.0,grandpas_village,18.45,clear,22.792,11.225,0.00,1.62,world
263.98,2026-08-31 22:47:45,21.92,1.73,-47.77,-20.0,grandpas_village,18.47,clear,25.174,11.587,0.00,1.62,world
264.48,2026-08-31 22:47:46,21.92,1.73,-47.77,-20.0,grandpas_village,18.49,clear,25.174,11.587,0.00,1.62,world
264.98,2026-08-31 22:47:46,21.92,1.73,-47.77,-20.0,grandpas_village,18.51,clear,24.185,10.121,0.00,1.62,world
265.48,2026-08-31 22:47:47,21.92,1.73,-47.77,-20.0,grandpas_village,18.53,clear,24.185,10.121,0.00,1.62,world
265.98,2026-08-31 22:47:47,21.92,1.73,-47.77,-20.0,grandpas_village,18.55,clear,22.951,10.619,0.00,1.62,world
266.48,2026-08-31 22:47:48,21.92,1.73,-47.77,-20.0,grandpas_village,18.57,clear,24.516,685.221,0.00,1.62,world
266.98,2026-08-31 22:47:49,21.92,1.73,-47.77,-20.0,grandpas_village,18.59,clear,24.516,685.221,0.00,1.62,world
267.48,2026-08-31 22:47:49,21.92,1.73,-47.77,-20.0,grandpas_village,18.61,clear,22.684,8.960,0.00,1.62,world
267.98,2026-08-31 22:47:50,21.92,1.73,-47.77,-20.0,grandpas_village,18.63,clear,22.684,8.960,0.00,1.62,world
268.48,2026-08-31 22:47:50,21.92,1.73,-47.77,-20.0,grandpas_village,18.65,clear,23.058,10.052,0.00,1.62,world
268.98,2026-08-31 22:47:51,21.92,1.73,-47.77,-20.0,grandpas_village,18.67,clear,23.355,8.999,0.00,1.62,world
270.23,2026-08-31 22:47:52,21.92,1.73,-47.77,-20.0,grandpas_village,18.72,clear,25.503,9.708,0.00,1.62,world
271.13,2026-08-31 22:47:53,21.92,1.73,-47.77,-20.0,grandpas_village,18.76,clear,22.571,10.543,0.00,1.62,world
272.05,2026-08-31 22:47:54,21.92,1.73,-47.77,-20.0,grandpas_village,18.80,clear,24.267,9.274,0.00,1.62,world
272.55,2026-08-31 22:47:54,21.92,1.73,-47.77,-20.0,grandpas_village,18.82,clear,24.267,9.274,0.00,1.62,world
273.05,2026-08-31 22:47:55,21.92,1.73,-47.77,-20.0,grandpas_village,18.84,clear,23.210,10.150,0.00,1.62,world
273.55,2026-08-31 22:47:55,21.92,1.73,-47.77,-20.0,grandpas_village,18.86,clear,23.210,10.150,0.00,1.62,world
274.05,2026-08-31 22:47:56,21.92,1.73,-47.77,-20.0,grandpas_village,18.87,clear,23.074,9.177,0.00,1.62,world
274.55,2026-08-31 22:47:56,21.92,1.73,-47.77,-20.0,grandpas_village,18.90,clear,23.074,9.177,0.00,1.62,world
275.05,2026-08-31 22:47:57,21.92,1.73,-47.77,-20.0,grandpas_village,18.91,clear,22.913,8.839,0.00,1.62,world
275.55,2026-08-31 22:47:57,21.92,1.73,-47.77,-20.0,grandpas_village,18.94,clear,22.913,8.839,0.00,1.62,world
276.05,2026-08-31 22:47:58,21.92,1.73,-47.77,-20.0,grandpas_village,18.96,clear,21.791,8.666,0.00,1.62,world
276.55,2026-08-31 22:47:58,21.92,1.73,-47.77,-20.0,grandpas_village,18.98,clear,21.791,8.666,0.00,1.62,world
277.05,2026-08-31 22:47:59,21.92,1.73,-47.77,-20.0,grandpas_village,18.99,clear,23.732,10.016,0.00,1.62,world
277.55,2026-08-31 22:47:59,21.92,1.73,-47.77,-20.0,grandpas_village,19.01,clear,23.732,10.016,0.00,1.62,world
278.05,2026-08-31 22:48:00,21.92,1.73,-47.77,-20.0,grandpas_village,19.04,clear,22.628,8.954,0.00,1.62,world
278.55,2026-08-31 22:48:01,21.92,1.73,-47.77,-20.0,grandpas_village,19.05,clear,22.356,684.555,0.00,1.62,world
279.05,2026-08-31 22:48:01,21.92,1.73,-47.77,-20.0,grandpas_village,19.07,clear,22.356,684.555,0.00,1.62,world
279.55,2026-08-31 22:48:02,21.92,1.73,-47.77,-20.0,grandpas_village,19.10,clear,22.132,10.017,0.00,1.62,world
280.05,2026-08-31 22:48:02,21.92,1.73,-47.77,-20.0,grandpas_village,19.11,clear,22.132,10.017,0.00,1.62,world
280.55,2026-08-31 22:48:03,21.92,1.73,-47.77,-20.0,grandpas_village,19.14,clear,26.110,9.840,0.00,1.62,world
281.05,2026-08-31 22:48:03,21.92,1.73,-47.77,-20.0,grandpas_village,19.16,clear,26.110,9.840,0.00,1.62,world
282.18,2026-08-31 22:48:04,21.92,1.73,-47.77,-20.0,grandpas_village,19.20,clear,22.789,8.355,0.00,1.62,world
283.07,2026-08-31 22:48:05,21.92,1.73,-47.77,-20.0,grandpas_village,19.24,clear,22.581,9.291,0.00,1.62,world
283.93,2026-08-31 22:48:06,21.92,1.73,-47.77,-20.0,grandpas_village,19.27,clear,25.052,9.123,0.00,1.62,world
284.43,2026-08-31 22:48:07,21.92,1.73,-47.77,-20.0,grandpas_village,19.29,clear,22.247,8.827,0.00,1.62,world
284.93,2026-08-31 22:48:07,21.92,1.73,-47.77,-20.0,grandpas_village,19.31,clear,22.247,8.827,0.00,1.62,world
285.43,2026-08-31 22:48:08,21.92,1.73,-47.77,-20.0,grandpas_village,19.33,clear,29.280,10.793,0.00,1.62,world
285.93,2026-08-31 22:48:08,21.92,1.73,-47.77,-20.0,grandpas_village,19.35,clear,29.280,10.793,0.00,1.62,world
286.43,2026-08-31 22:48:09,21.92,1.73,-47.77,-20.0,grandpas_village,19.37,clear,25.803,11.059,0.00,1.62,world
286.93,2026-08-31 22:48:09,21.92,1.73,-47.77,-20.0,grandpas_village,19.39,clear,25.803,11.059,0.00,1.62,world
287.43,2026-08-31 22:48:10,21.92,1.73,-47.77,-20.0,grandpas_village,19.41,clear,25.803,11.059,0.00,1.62,world
287.93,2026-08-31 22:48:10,21.92,1.73,-47.77,-20.0,grandpas_village,19.43,clear,31.603,13.149,0.00,1.62,world
288.43,2026-08-31 22:48:11,21.92,1.73,-47.77,-20.0,grandpas_village,19.45,clear,28.564,10.920,0.00,1.62,world
288.93,2026-08-31 22:48:11,21.92,1.73,-47.77,-20.0,grandpas_village,19.47,clear,28.564,10.920,0.00,1.62,world
289.43,2026-08-31 22:48:12,21.92,1.73,-47.77,-20.0,grandpas_village,19.49,clear,26.617,12.164,0.00,1.62,world
289.93,2026-08-31 22:48:12,21.92,1.73,-47.77,-20.0,grandpas_village,19.51,clear,26.617,12.164,0.00,1.62,world
290.43,2026-08-31 22:48:13,21.92,1.73,-47.77,-20.0,grandpas_village,19.53,clear,26.906,579.379,0.00,1.62,world
290.93,2026-08-31 22:48:14,21.92,1.73,-47.77,-20.0,grandpas_village,19.55,clear,26.906,579.379,0.00,1.62,world
291.43,2026-08-31 22:48:14,21.92,1.73,-47.77,-20.0,grandpas_village,19.57,clear,21.647,8.847,0.00,1.62,world
291.93,2026-08-31 22:48:15,21.92,1.73,-47.77,-20.0,grandpas_village,19.59,clear,29.896,10.678,0.00,1.62,world
292.43,2026-08-31 22:48:15,21.92,1.73,-47.77,-20.0,grandpas_village,19.61,clear,29.896,10.678,0.00,1.62,world
292.93,2026-08-31 22:48:16,21.92,1.73,-47.77,-20.0,grandpas_village,19.63,clear,29.896,10.678,0.00,1.62,world
294.10,2026-08-31 22:48:17,21.92,1.73,-47.77,-20.0,grandpas_village,19.68,clear,24.540,9.065,0.00,1.62,world
295.10,2026-08-31 22:48:18,21.92,1.73,-47.77,-20.0,grandpas_village,19.72,clear,30.444,12.148,0.00,1.62,world
296.02,2026-08-31 22:48:19,21.92,1.73,-47.77,-20.0,grandpas_village,19.75,clear,23.465,10.182,0.00,1.62,world
296.52,2026-08-31 22:48:19,21.92,1.73,-47.77,-20.0,grandpas_village,19.77,clear,23.465,10.182,0.00,1.62,world
297.02,2026-08-31 22:48:20,21.92,1.73,-47.77,-20.0,grandpas_village,19.79,clear,24.496,11.824,0.00,1.62,world
297.52,2026-08-31 22:48:20,21.92,1.73,-47.77,-20.0,grandpas_village,19.81,clear,24.496,11.824,0.00,1.62,world
298.02,2026-08-31 22:48:21,21.92,1.73,-47.77,-20.0,grandpas_village,19.83,clear,25.981,11.328,0.00,1.62,world
298.52,2026-08-31 22:48:21,21.92,1.73,-47.77,-20.0,grandpas_village,19.85,clear,25.981,11.328,0.00,1.62,world
299.02,2026-08-31 22:48:22,21.92,1.73,-47.77,-20.0,grandpas_village,19.87,clear,23.794,10.959,0.00,1.62,world
299.52,2026-08-31 22:48:22,21.92,1.73,-47.77,-20.0,grandpas_village,19.89,clear,23.794,10.959,0.00,1.62,world
300.02,2026-08-31 22:48:23,21.92,1.73,-47.77,-20.0,grandpas_village,19.91,clear,25.886,12.114,0.00,1.62,world
300.52,2026-08-31 22:48:23,21.92,1.73,-47.77,-20.0,grandpas_village,19.93,clear,25.886,12.114,0.00,1.62,world
301.02,2026-08-31 22:48:24,21.92,1.73,-47.77,-20.0,grandpas_village,19.95,clear,25.027,10.940,0.00,1.62,world
301.52,2026-08-31 22:48:24,21.92,1.73,-47.77,-20.0,grandpas_village,19.97,clear,25.027,10.940,0.00,1.62,world
302.02,2026-08-31 22:48:25,21.92,1.73,-47.77,-20.0,grandpas_village,19.99,clear,32.203,10.607,0.00,1.62,world
302.52,2026-08-31 22:48:26,21.92,1.73,-47.77,-20.0,grandpas_village,20.01,clear,28.864,688.941,0.00,1.62,world
303.02,2026-08-31 22:48:26,21.92,1.73,-47.77,-20.0,grandpas_village,20.03,clear,28.864,688.941,0.00,1.62,world
303.52,2026-08-31 22:48:27,21.92,1.73,-47.77,-20.0,grandpas_village,20.05,clear,24.162,12.463,0.00,1.62,world
304.02,2026-08-31 22:48:27,21.92,1.73,-47.77,-20.0,grandpas_village,20.07,clear,24.162,12.463,0.00,1.62,world
304.52,2026-08-31 22:48:28,21.92,1.73,-47.77,-20.0,grandpas_village,20.09,clear,28.230,14.626,0.00,1.62,world
305.02,2026-08-31 22:48:28,21.92,1.73,-47.77,-20.0,grandpas_village,20.11,clear,28.230,14.626,0.00,1.62,world
306.75,2026-08-31 22:48:30,21.92,1.73,-47.77,-20.0,grandpas_village,20.18,clear,26.919,12.096,0.00,1.62,world
308.10,2026-08-31 22:48:31,21.92,1.73,-47.77,-20.0,grandpas_village,20.24,clear,28.714,14.154,0.00,1.62,world
309.65,2026-08-31 22:48:33,21.92,1.73,-47.77,-20.0,grandpas_village,20.30,clear,29.840,9.956,0.00,1.62,world
310.15,2026-08-31 22:48:34,21.92,1.73,-47.77,-20.0,grandpas_village,20.32,clear,29.840,9.956,0.00,1.62,world
310.65,2026-08-31 22:48:34,21.92,1.73,-47.77,-20.0,grandpas_village,20.34,clear,28.780,12.615,0.00,1.62,world
311.15,2026-08-31 22:48:35,21.92,1.73,-47.77,-20.0,grandpas_village,20.36,clear,28.780,12.615,0.00,1.62,world
311.65,2026-08-31 22:48:35,21.92,1.73,-47.77,-20.0,grandpas_village,20.38,clear,36.664,15.506,0.00,1.62,world
312.15,2026-08-31 22:48:36,21.92,1.73,-47.77,-20.0,grandpas_village,20.40,clear,36.664,15.506,0.00,1.62,world
312.65,2026-08-31 22:48:36,21.92,1.73,-47.77,-20.0,grandpas_village,20.42,clear,30.955,15.215,0.00,1.62,world
313.15,2026-08-31 22:48:37,21.92,1.73,-47.77,-20.0,grandpas_village,20.44,clear,30.955,15.215,0.00,1.62,world
313.65,2026-08-31 22:48:37,21.92,1.73,-47.77,-20.0,grandpas_village,20.46,clear,29.012,13.257,0.00,1.62,world
314.15,2026-08-31 22:48:38,21.92,1.73,-47.77,-20.0,grandpas_village,20.48,clear,29.012,13.257,0.00,1.62,world
314.65,2026-08-31 22:48:38,21.92,1.73,-47.77,-20.0,grandpas_village,20.50,clear,30.042,18.249,0.00,1.62,world
315.15,2026-08-31 22:48:39,21.92,1.73,-47.77,-20.0,grandpas_village,20.52,clear,30.042,18.249,0.00,1.62,world
315.65,2026-08-31 22:48:39,21.92,1.73,-47.77,-20.0,grandpas_village,20.54,clear,30.585,17.483,0.00,1.62,world
316.15,2026-08-31 22:48:40,21.92,1.73,-47.77,-20.0,grandpas_village,20.55,clear,30.585,17.483,0.00,1.62,world
316.65,2026-08-31 22:48:41,21.92,1.73,-47.77,-20.0,grandpas_village,20.58,clear,28.241,17.192,0.00,1.62,world
317.15,2026-08-31 22:48:41,21.92,1.73,-47.77,-20.0,grandpas_village,20.60,clear,28.241,17.192,0.00,1.62,world
317.65,2026-08-31 22:48:42,21.92,1.73,-47.77,-20.0,grandpas_village,20.62,clear,29.302,14.808,0.00,1.62,world
318.15,2026-08-31 22:48:42,21.92,1.73,-47.77,-20.0,grandpas_village,20.64,clear,29.302,14.808,0.00,1.62,world
318.65,2026-08-31 22:48:43,21.92,1.73,-47.77,-20.0,grandpas_village,20.66,clear,28.233,15.107,0.00,1.62,world
320.23,2026-08-31 22:48:44,21.92,1.73,-47.77,-20.0,grandpas_village,20.72,clear,30.588,13.307,0.00,1.62,world
321.40,2026-08-31 22:48:45,21.92,1.73,-47.77,-20.0,grandpas_village,20.77,clear,25.927,11.018,0.00,1.62,world
322.65,2026-08-31 22:48:47,21.92,1.73,-47.77,-20.0,grandpas_village,20.82,clear,26.681,8.795,0.00,1.62,world
323.15,2026-08-31 22:48:47,21.92,1.73,-47.77,-20.0,grandpas_village,20.84,clear,26.681,8.795,0.00,1.62,world
323.65,2026-08-31 22:48:48,21.92,1.73,-47.77,-20.0,grandpas_village,20.86,clear,33.185,15.529,0.00,1.62,world
324.15,2026-08-31 22:48:48,21.92,1.73,-47.77,-20.0,grandpas_village,20.88,clear,33.185,15.529,0.00,1.62,world
324.65,2026-08-31 22:48:49,21.92,1.73,-47.77,-20.0,grandpas_village,20.90,clear,24.677,10.637,0.00,1.62,world
325.15,2026-08-31 22:48:49,21.92,1.73,-47.77,-20.0,grandpas_village,20.92,clear,24.677,10.637,0.00,1.62,world
325.65,2026-08-31 22:48:50,21.92,1.73,-47.77,-20.0,grandpas_village,20.94,clear,25.791,11.722,0.00,1.62,world
326.15,2026-08-31 22:48:50,21.92,1.73,-47.77,-20.0,grandpas_village,20.96,clear,25.791,11.722,0.00,1.62,world
326.65,2026-08-31 22:48:51,21.92,1.73,-47.77,-20.0,grandpas_village,20.98,clear,27.281,12.425,0.00,1.62,world
327.15,2026-08-31 22:48:51,21.92,1.73,-47.77,-20.0,grandpas_village,21.00,clear,27.281,12.425,0.00,1.62,world
327.65,2026-08-31 22:48:52,21.92,1.73,-47.77,-20.0,grandpas_village,21.02,clear,25.794,12.714,0.00,1.62,world
328.15,2026-08-31 22:48:52,21.92,1.73,-47.77,-20.0,grandpas_village,21.04,clear,25.794,12.714,0.00,1.62,world
328.65,2026-08-31 22:48:53,21.92,1.73,-47.77,-20.0,grandpas_village,21.06,clear,26.042,12.673,0.00,1.62,world
329.15,2026-08-31 22:48:54,21.92,1.73,-47.77,-20.0,grandpas_village,21.08,clear,26.042,12.673,0.00,1.62,world
329.65,2026-08-31 22:48:54,21.92,1.73,-47.77,-20.0,grandpas_village,21.10,clear,26.913,688.120,0.00,1.62,world
330.15,2026-08-31 22:48:55,21.92,1.73,-47.77,-20.0,grandpas_village,21.12,clear,27.378,11.526,0.00,1.62,world
330.65,2026-08-31 22:48:55,21.92,1.73,-47.77,-20.0,grandpas_village,21.14,clear,27.378,11.526,0.00,1.62,world
331.15,2026-08-31 22:48:56,21.92,1.73,-47.77,-20.0,grandpas_village,21.16,clear,26.536,13.708,0.00,1.62,world
331.65,2026-08-31 22:48:56,21.92,1.73,-47.77,-20.0,grandpas_village,21.18,clear,26.536,13.708,0.00,1.62,world
332.18,2026-08-31 22:48:57,21.92,1.73,-47.77,-20.0,grandpas_village,21.20,clear,27.727,16.317,0.00,1.62,world
333.58,2026-08-31 22:48:58,21.92,1.73,-47.77,-20.0,grandpas_village,21.26,clear,28.794,13.914,0.00,1.62,world
334.85,2026-08-31 22:49:00,21.92,1.73,-47.77,-20.0,grandpas_village,21.31,clear,27.781,14.211,0.00,1.62,world
336.22,2026-08-31 22:49:01,21.92,1.73,-47.77,-20.0,grandpas_village,21.36,clear,29.711,9.807,0.00,1.62,world
336.72,2026-08-31 22:49:01,21.92,1.73,-47.77,-20.0,grandpas_village,21.38,clear,29.711,9.807,0.00,1.62,world
337.22,2026-08-31 22:49:02,21.92,1.73,-47.77,-20.0,grandpas_village,21.40,clear,28.663,14.143,0.00,1.62,world
337.72,2026-08-31 22:49:02,21.92,1.73,-47.77,-20.0,grandpas_village,21.42,clear,28.663,14.143,0.00,1.62,world
338.22,2026-08-31 22:49:03,21.92,1.73,-47.77,-20.0,grandpas_village,21.44,clear,25.878,13.883,0.00,1.62,world
338.72,2026-08-31 22:49:03,21.92,1.73,-47.77,-20.0,grandpas_village,21.46,clear,25.878,13.883,0.00,1.62,world
339.22,2026-08-31 22:49:04,21.92,1.73,-47.77,-20.0,grandpas_village,21.48,clear,27.773,14.716,0.00,1.62,world
339.72,2026-08-31 22:49:04,21.92,1.73,-47.77,-20.0,grandpas_village,21.50,clear,27.773,14.716,0.00,1.62,world
340.22,2026-08-31 22:49:05,21.92,1.73,-47.77,-20.0,grandpas_village,21.52,clear,31.683,16.480,0.00,1.62,world
340.72,2026-08-31 22:49:05,21.92,1.73,-47.77,-20.0,grandpas_village,21.54,clear,31.683,16.480,0.00,1.62,world
341.22,2026-08-31 22:49:06,21.92,1.73,-47.77,-20.0,grandpas_village,21.56,clear,35.617,18.585,0.00,1.62,world
341.72,2026-08-31 22:49:06,21.92,1.73,-47.77,-20.0,grandpas_village,21.58,clear,35.617,18.585,0.00,1.62,world
342.22,2026-08-31 22:49:07,21.92,1.73,-47.77,-20.0,grandpas_village,21.60,clear,30.910,16.982,0.00,1.62,world
342.78,2026-08-31 22:49:08,21.92,1.73,-47.77,-20.0,grandpas_village,21.62,clear,30.910,16.982,0.00,1.62,world
343.28,2026-08-31 22:49:08,21.92,1.73,-47.77,-20.0,grandpas_village,21.64,clear,45.432,14.429,0.00,1.62,world
343.78,2026-08-31 22:49:09,21.92,1.73,-47.77,-20.0,grandpas_village,21.66,clear,45.432,14.429,0.00,1.62,world
344.32,2026-08-31 22:49:09,21.92,1.73,-47.77,-20.0,grandpas_village,21.68,clear,30.964,15.057,0.00,1.62,menu_backpack
344.85,2026-08-31 22:49:10,21.92,1.73,-47.77,-20.0,grandpas_village,21.68,clear,30.964,15.057,0.00,1.62,menu_backpack
345.62,2026-08-31 22:49:10,21.92,1.73,-47.77,-20.0,grandpas_village,21.71,clear,195.566,13.138,0.00,1.62,world
346.12,2026-08-31 22:49:11,22.07,1.57,-46.06,-9.3,grandpas_village,21.73,clear,142.046,12.967,0.00,0.73,world
346.62,2026-08-31 22:49:11,21.65,1.34,-43.52,-9.4,grandpas_village,21.75,clear,142.046,12.967,0.00,2.74,world
347.12,2026-08-31 22:49:12,21.24,1.18,-41.00,-9.4,grandpas_village,21.77,clear,31.001,14.159,0.00,5.25,world
347.62,2026-08-31 22:49:12,20.83,1.06,-38.49,-9.4,grandpas_village,21.79,clear,31.001,14.159,0.00,4.64,world
348.12,2026-08-31 22:49:13,20.42,0.94,-35.98,-9.4,grandpas_village,21.81,clear,28.005,12.814,0.00,2.54,world
348.62,2026-08-31 22:49:13,20.01,0.86,-33.49,-9.4,grandpas_village,21.83,clear,28.005,12.814,0.00,2.05,world
349.12,2026-08-31 22:49:14,19.60,0.83,-31.01,-9.4,grandpas_village,21.85,clear,29.639,12.023,0.00,3.83,world
349.62,2026-08-31 22:49:14,19.20,0.85,-28.55,-9.4,grandpas_village,21.87,clear,29.639,12.023,0.00,3.25,world
350.12,2026-08-31 22:49:15,18.80,0.90,-26.10,-9.4,grandpas_village,21.89,clear,31.156,13.470,0.00,3.38,world
350.62,2026-08-31 22:49:15,17.87,0.90,-24.01,-8.6,grandpas_village,21.91,clear,31.156,13.470,0.00,4.41,world
351.12,2026-08-31 22:49:16,17.09,0.90,-21.84,-7.6,grandpas_village,21.93,clear,28.215,15.026,0.00,5.09,world
351.62,2026-08-31 22:49:16,16.76,0.90,-19.36,-7.6,grandpas_village,21.95,clear,28.215,15.026,0.00,4.67,world
352.12,2026-08-31 22:49:17,16.24,0.90,-17.09,-7.1,grandpas_village,21.97,clear,34.493,14.247,0.00,3.91,world
352.62,2026-08-31 22:49:17,15.93,0.90,-14.61,-7.1,grandpas_village,21.99,clear,34.493,14.247,0.00,4.30,world
353.12,2026-08-31 22:49:18,15.62,0.90,-12.12,-7.1,grandpas_village,22.01,clear,31.767,13.904,0.00,5.85,world
353.62,2026-08-31 22:49:18,15.31,0.90,-9.64,-7.1,grandpas_village,22.03,clear,31.767,13.904,0.00,7.90,world
354.12,2026-08-31 22:49:19,15.01,0.90,-7.16,-7.1,grandpas_village,22.05,clear,27.550,14.283,0.00,10.15,world
354.62,2026-08-31 22:49:19,14.70,0.90,-4.68,-7.1,grandpas_village,22.07,clear,27.550,14.283,0.00,12.50,world
355.12,2026-08-31 22:49:20,13.77,0.90,-2.84,-4.6,grandpas_village,22.09,clear,32.996,16.461,0.00,11.87,world
355.62,2026-08-31 22:49:20,13.59,0.90,-0.37,-3.6,grandpas_village,22.11,clear,32.996,16.461,0.00,9.39,world
356.12,2026-08-31 22:49:21,13.43,0.90,2.13,-3.6,grandpas_village,22.13,clear,31.699,13.219,0.00,6.89,world
356.62,2026-08-31 22:49:21,13.27,0.90,4.62,-3.6,grandpas_village,22.15,clear,31.699,13.219,0.00,4.39,world
357.43,2026-08-31 22:49:22,13.20,0.90,5.82,-3.6,grandpas_village,22.18,clear,33.640,13.175,0.00,3.18,narrative_modal
358.37,2026-08-31 22:49:23,6.92,0.88,9.34,75.2,grandpas_village,22.22,clear,32.995,16.976,0.00,6.09,combat
359.37,2026-08-31 22:49:24,6.92,0.88,9.34,75.2,grandpas_village,22.26,clear,29.353,18.523,0.00,6.09,combat
360.38,2026-08-31 22:49:25,6.92,0.88,9.34,75.2,grandpas_village,22.30,clear,31.380,13.379,0.00,6.09,combat
361.58,2026-08-31 22:49:26,6.92,0.88,9.34,75.2,grandpas_village,22.35,clear,38.468,14.150,0.00,6.09,combat
362.73,2026-08-31 22:49:28,6.92,0.88,9.34,75.2,grandpas_village,22.40,clear,48.457,14.106,0.00,6.09,combat
363.82,2026-08-31 22:49:29,6.92,0.88,9.34,75.2,grandpas_village,22.44,clear,30.078,12.985,0.00,6.09,combat
364.98,2026-08-31 22:49:30,6.92,0.88,9.34,75.2,grandpas_village,22.49,clear,29.548,9.173,0.00,6.09,combat
366.20,2026-08-31 22:49:31,6.92,0.88,9.34,75.2,grandpas_village,22.53,clear,34.560,14.799,0.00,6.09,combat
367.28,2026-08-31 22:49:32,6.92,0.88,9.34,75.2,grandpas_village,22.58,clear,31.393,17.047,0.00,6.09,combat
368.32,2026-08-31 22:49:33,6.92,0.88,9.34,75.2,grandpas_village,22.62,clear,32.698,15.775,0.00,6.09,combat
368.82,2026-08-31 22:49:34,6.92,0.88,9.34,75.2,grandpas_village,22.64,clear,32.698,15.775,0.00,6.09,combat
369.32,2026-08-31 22:49:34,6.92,0.88,9.34,75.2,grandpas_village,22.66,clear,32.555,15.730,0.00,6.09,combat
369.82,2026-08-31 22:49:35,6.92,0.88,9.34,75.2,grandpas_village,22.68,clear,32.555,15.730,0.00,6.09,combat
370.32,2026-08-31 22:49:35,6.92,0.88,9.34,75.2,grandpas_village,22.70,clear,30.010,15.682,0.00,6.09,combat
370.82,2026-08-31 22:49:36,6.92,0.88,9.34,75.2,grandpas_village,22.72,clear,30.010,15.682,0.00,6.09,combat
371.35,2026-08-31 22:49:36,6.92,0.88,9.34,75.2,grandpas_village,22.74,clear,32.632,14.741,0.00,6.09,combat
372.98,2026-08-31 22:49:38,6.92,0.88,9.34,75.2,grandpas_village,22.81,clear,31.923,9.764,0.00,6.09,combat
374.60,2026-08-31 22:49:39,6.92,0.88,9.34,75.2,grandpas_village,22.87,clear,30.980,33.913,0.00,6.09,combat
376.42,2026-08-31 22:49:41,6.92,0.88,9.34,75.2,grandpas_village,22.94,clear,34.852,11.138,0.00,6.09,combat
378.05,2026-08-31 22:49:43,6.92,0.88,9.34,75.2,grandpas_village,23.01,clear,29.556,9.559,0.00,6.09,combat
379.48,2026-08-31 22:49:44,6.92,0.88,9.34,75.2,grandpas_village,23.07,clear,30.160,15.887,0.00,6.09,combat
380.82,2026-08-31 22:49:46,6.92,0.88,9.34,75.2,grandpas_village,23.12,clear,30.179,13.180,0.00,6.09,world
382.28,2026-08-31 22:49:48,6.92,0.88,9.34,75.2,grandpas_village,23.18,clear,26.732,8.475,0.00,6.09,world
383.73,2026-08-31 22:49:49,6.92,0.88,9.34,75.2,grandpas_village,23.24,clear,28.009,42.430,0.00,6.09,world
385.02,2026-08-31 22:49:50,6.92,0.88,9.34,75.2,grandpas_village,23.29,clear,29.592,57.760,0.00,6.09,world
386.22,2026-08-31 22:49:51,6.92,0.88,9.34,75.2,grandpas_village,23.34,clear,27.796,11.807,0.00,6.09,world
387.55,2026-08-31 22:49:53,6.92,0.88,9.34,75.2,grandpas_village,23.39,clear,33.556,9.136,0.00,6.09,world
388.90,2026-08-31 22:49:54,6.92,0.88,9.34,75.2,grandpas_village,23.44,clear,28.983,13.811,0.00,6.09,world
390.45,2026-08-31 22:49:56,6.92,0.88,9.34,75.2,grandpas_village,23.50,clear,33.496,22.955,0.00,6.09,world
391.80,2026-08-31 22:49:57,6.92,0.88,9.34,75.2,grandpas_village,23.56,clear,38.277,28.683,0.00,6.09,world
393.17,2026-08-31 22:49:58,6.92,0.88,9.34,75.2,grandpas_village,23.61,clear,28.359,13.297,0.00,6.09,world
394.53,2026-08-31 22:50:00,6.92,0.88,9.34,75.2,grandpas_village,23.67,clear,31.492,8.850,0.00,6.09,world
395.95,2026-08-31 22:50:01,6.92,0.88,9.34,75.2,grandpas_village,23.72,clear,29.645,13.083,0.00,6.09,world
397.35,2026-08-31 22:50:03,6.92,0.88,9.34,75.2,grandpas_village,23.78,clear,29.121,13.397,0.00,6.09,world
398.48,2026-08-31 22:50:04,6.92,0.88,9.34,75.2,grandpas_village,23.83,clear,26.456,7.847,0.00,6.09,world
399.65,2026-08-31 22:50:05,6.92,0.88,9.34,75.2,grandpas_village,23.87,clear,27.331,12.703,0.00,6.09,world
400.90,2026-08-31 22:50:06,6.92,0.88,9.34,75.2,grandpas_village,23.92,clear,29.136,11.732,0.00,6.09,world
402.23,2026-08-31 22:50:08,6.92,0.88,9.34,75.2,grandpas_village,23.98,clear,27.769,14.605,0.00,6.09,world
403.52,2026-08-31 22:50:09,6.92,0.88,9.34,75.2,grandpas_village,0.03,clear,27.740,8.273,0.00,6.09,world
405.00,2026-08-31 22:50:10,6.92,0.88,9.34,75.2,grandpas_village,0.09,clear,36.502,12.823,0.00,6.09,world
405.52,2026-08-31 22:50:11,6.92,0.88,9.34,75.2,grandpas_village,0.11,clear,41.793,11.799,0.00,6.09,world
406.98,2026-08-31 22:50:12,6.92,0.88,9.34,75.2,grandpas_village,0.17,clear,30.610,12.415,0.00,6.09,world
408.50,2026-08-31 22:50:14,6.92,0.88,9.34,75.2,grandpas_village,0.23,clear,35.353,10.949,0.00,6.09,world
409.90,2026-08-31 22:50:15,6.92,0.88,9.34,75.2,grandpas_village,0.28,clear,29.054,12.406,0.00,6.09,world
411.33,2026-08-31 22:50:17,6.92,0.88,9.34,75.2,grandpas_village,0.34,clear,31.796,12.543,0.00,6.09,world
412.87,2026-08-31 22:50:18,6.92,0.88,9.34,75.2,grandpas_village,0.40,clear,31.895,10.907,0.00,6.09,world
414.38,2026-08-31 22:50:20,6.92,0.88,9.34,75.2,grandpas_village,0.46,clear,31.856,12.060,0.00,6.09,world
416.17,2026-08-31 22:50:21,6.92,0.88,9.34,75.2,grandpas_village,0.53,clear,34.248,12.411,0.00,6.09,world
417.77,2026-08-31 22:50:23,6.92,0.88,9.34,75.2,grandpas_village,0.60,clear,33.222,10.417,0.00,6.09,world
419.48,2026-08-31 22:50:25,6.92,0.88,9.34,75.2,grandpas_village,0.67,clear,38.028,27.306,0.00,6.09,world
420.97,2026-08-31 22:50:26,6.92,0.88,9.34,75.2,grandpas_village,0.73,clear,31.522,12.539,0.00,6.09,world
422.43,2026-08-31 22:50:28,6.92,0.88,9.34,75.2,grandpas_village,0.78,clear,28.978,9.927,0.00,6.09,world
423.83,2026-08-31 22:50:29,6.92,0.88,9.34,75.2,grandpas_village,0.84,clear,28.897,11.756,0.00,6.09,world
425.10,2026-08-31 22:50:30,6.92,0.88,9.34,75.2,grandpas_village,0.89,clear,27.051,12.276,0.00,6.09,world
426.45,2026-08-31 22:50:32,6.92,0.88,9.34,75.2,grandpas_village,0.94,clear,30.606,8.936,0.00,6.09,world
427.80,2026-08-31 22:50:33,6.92,0.88,9.34,75.2,grandpas_village,1.00,clear,27.903,15.371,0.00,6.09,world
429.10,2026-08-31 22:50:34,6.92,0.88,9.34,75.2,grandpas_village,1.05,clear,27.166,10.901,0.00,6.09,world
430.38,2026-08-31 22:50:36,6.92,0.88,9.34,75.2,grandpas_village,1.10,clear,32.943,10.841,0.00,6.09,world
431.62,2026-08-31 22:50:37,6.92,0.88,9.34,75.2,grandpas_village,1.15,clear,28.785,12.373,0.00,6.09,world
432.88,2026-08-31 22:50:38,6.92,0.88,9.34,75.2,grandpas_village,1.20,clear,27.630,10.744,0.00,6.09,world
434.15,2026-08-31 22:50:39,6.92,0.88,9.34,75.2,grandpas_village,1.25,clear,27.420,10.453,0.00,6.09,world
434.65,2026-08-31 22:50:40,6.92,0.88,9.34,75.2,grandpas_village,1.27,clear,30.068,11.653,0.00,6.09,world
435.15,2026-08-31 22:50:40,6.92,0.88,9.34,75.2,grandpas_village,1.29,clear,30.068,11.653,0.00,6.09,world
435.65,2026-08-31 22:50:41,6.92,0.88,9.34,75.2,grandpas_village,1.31,clear,29.330,11.842,0.00,6.09,world
436.15,2026-08-31 22:50:41,6.92,0.88,9.34,75.2,grandpas_village,1.33,clear,29.330,11.842,0.00,6.09,world
436.65,2026-08-31 22:50:42,6.92,0.88,9.34,75.2,grandpas_village,1.35,clear,31.401,12.429,0.00,6.09,world
437.15,2026-08-31 22:50:42,6.92,0.88,9.34,75.2,grandpas_village,1.37,clear,31.401,12.429,0.00,6.09,world
437.65,2026-08-31 22:50:43,6.92,0.88,9.34,75.2,grandpas_village,1.39,clear,31.750,13.652,0.00,6.09,world
438.15,2026-08-31 22:50:43,6.92,0.88,9.34,75.2,grandpas_village,1.41,clear,31.750,13.652,0.00,6.09,world
438.65,2026-08-31 22:50:44,6.92,0.88,9.34,75.2,grandpas_village,1.43,clear,31.127,12.790,0.00,6.09,world
439.15,2026-08-31 22:50:44,6.92,0.88,9.34,75.2,grandpas_village,1.45,clear,31.127,12.790,0.00,6.09,world
439.65,2026-08-31 22:50:45,6.92,0.88,9.34,75.2,grandpas_village,1.47,clear,29.882,13.889,0.00,6.09,world
440.20,2026-08-31 22:50:46,6.92,0.88,9.34,75.2,grandpas_village,1.49,clear,29.882,13.889,0.00,6.09,world
440.73,2026-08-31 22:50:46,6.92,0.88,9.34,75.2,grandpas_village,1.52,clear,32.175,17.033,0.00,6.09,world
441.23,2026-08-31 22:50:47,6.92,0.88,9.34,75.2,grandpas_village,1.53,clear,32.175,17.033,0.00,6.09,world
441.80,2026-08-31 22:50:47,6.92,0.88,9.34,75.2,grandpas_village,1.56,clear,30.754,20.065,0.00,6.09,menu_backpack
442.30,2026-08-31 22:50:48,6.92,0.88,9.34,75.2,grandpas_village,1.56,clear,251.063,12.972,0.00,6.09,menu_backpack
443.00,2026-08-31 22:50:48,6.92,0.88,9.34,75.2,grandpas_village,1.58,clear,251.063,12.972,0.00,6.09,world
443.50,2026-08-31 22:50:49,8.01,0.90,7.39,150.7,grandpas_village,1.60,clear,140.047,12.649,0.00,5.24,world
444.00,2026-08-31 22:50:49,9.23,0.90,5.21,150.7,grandpas_village,1.62,clear,140.047,12.649,0.00,5.34,world
444.50,2026-08-31 22:50:50,10.45,0.90,3.03,150.7,grandpas_village,1.64,clear,32.107,33.723,0.00,6.49,world
445.00,2026-08-31 22:50:50,11.68,0.90,0.85,150.7,grandpas_village,1.66,clear,32.107,33.723,0.00,8.26,world
445.50,2026-08-31 22:50:51,12.90,0.90,-1.33,150.7,grandpas_village,1.68,clear,30.695,13.414,0.00,10.33,world
446.05,2026-08-31 22:50:52,14.14,0.90,-3.54,150.7,grandpas_village,1.70,clear,30.695,13.414,0.00,12.59,world
446.58,2026-08-31 22:50:52,14.14,0.90,-3.55,150.7,grandpas_village,1.72,clear,33.854,14.268,0.00,12.60,world
447.10,2026-08-31 22:50:53,14.14,0.90,-3.55,150.7,grandpas_village,1.74,clear,33.854,14.268,0.00,12.60,world
447.60,2026-08-31 22:50:53,14.14,0.90,-3.55,150.7,grandpas_village,1.77,clear,32.331,14.264,0.00,12.60,world
448.10,2026-08-31 22:50:54,14.14,0.90,-3.55,150.7,grandpas_village,1.78,clear,32.331,14.264,0.00,12.60,world
448.60,2026-08-31 22:50:55,15.52,0.90,-2.92,61.2,grandpas_village,1.80,clear,33.922,676.715,0.00,12.19,world
449.10,2026-08-31 22:50:55,17.08,0.90,-2.06,61.2,grandpas_village,1.82,clear,31.917,11.734,0.00,11.79,world
449.60,2026-08-31 22:50:56,17.08,0.90,-2.06,61.2,grandpas_village,1.84,clear,31.917,11.734,0.00,11.79,world
450.17,2026-08-31 22:50:57,17.08,0.90,-2.06,61.2,grandpas_village,1.87,clear,29.003,657.447,0.00,11.79,narrative_modal
450.70,2026-08-31 22:50:57,17.08,0.90,-2.06,61.2,grandpas_village,1.89,clear,29.003,657.447,0.00,11.79,narrative_modal
451.23,2026-08-31 22:50:58,17.08,0.90,-2.06,61.2,grandpas_village,1.91,clear,29.583,18.619,0.00,11.79,narrative_modal
451.78,2026-08-31 22:50:59,17.08,0.90,-2.06,61.2,grandpas_village,1.93,clear,29.583,18.619,0.00,11.79,panel:ShopPanel
452.28,2026-08-31 22:50:59,17.08,0.90,-2.06,61.2,grandpas_village,1.93,clear,179.499,15.768,0.00,11.79,panel:ShopPanel
452.78,2026-08-31 22:50:59,17.08,0.90,-2.06,61.2,grandpas_village,1.93,clear,179.499,15.768,0.00,11.79,panel:ShopPanel
453.28,2026-08-31 22:51:00,17.08,0.90,-2.06,61.2,grandpas_village,1.93,clear,0.280,5.338,0.00,11.79,panel:ShopPanel
453.78,2026-08-31 22:51:00,17.08,0.90,-2.06,61.2,grandpas_village,1.93,clear,0.280,5.338,0.00,11.79,panel:ShopPanel
454.28,2026-08-31 22:51:01,17.08,0.90,-2.06,61.2,grandpas_village,1.93,clear,0.184,5.490,0.00,11.79,panel:ShopPanel
455.07,2026-08-31 22:51:02,17.08,0.90,-2.06,61.2,grandpas_village,1.95,clear,158.737,10.404,0.00,11.79,menu_backpack
455.57,2026-08-31 22:51:03,17.08,0.90,-2.06,61.2,grandpas_village,1.95,clear,678.968,5.650,0.00,11.79,menu_backpack
456.10,2026-08-31 22:51:04,17.08,0.90,-2.06,61.2,grandpas_village,1.95,clear,433.021,5.228,0.00,11.79,menu_backpack
456.65,2026-08-31 22:51:06,17.08,0.90,-2.06,61.2,grandpas_village,1.95,clear,642.743,5.341,0.00,11.79,menu_backpack
457.20,2026-08-31 22:51:07,17.08,0.90,-2.06,61.2,grandpas_village,1.95,clear,420.579,3.196,0.00,11.79,menu_backpack
457.72,2026-08-31 22:51:08,17.08,0.90,-2.06,61.2,grandpas_village,1.96,clear,429.688,5.316,0.00,11.79,world
458.22,2026-08-31 22:51:08,15.91,0.90,-2.98,-128.2,grandpas_village,1.97,clear,429.688,5.316,0.00,12.33,world
458.72,2026-08-31 22:51:09,15.18,0.90,-4.08,105.7,grandpas_village,2.00,clear,102.395,12.957,0.00,12.85,world
459.22,2026-08-31 22:51:10,15.00,0.90,-5.54,167.1,grandpas_village,2.02,clear,102.395,12.957,0.00,11.60,world
459.72,2026-08-31 22:51:10,16.97,0.90,-6.10,89.4,grandpas_village,2.04,clear,28.584,14.133,0.00,10.36,world
460.22,2026-08-31 22:51:11,18.85,0.90,-6.16,87.0,grandpas_village,2.06,clear,28.584,14.133,0.00,9.90,narrative_modal
461.52,2026-08-31 22:51:12,18.85,0.90,-6.16,87.0,grandpas_village,2.11,clear,24.498,11.239,0.00,9.90,narrative_modal
462.43,2026-08-31 22:51:13,18.85,0.90,-6.16,87.0,grandpas_village,2.14,clear,101.442,12.482,0.00,9.90,panel:SwapPanel
463.02,2026-08-31 22:51:13,18.85,0.90,-6.16,87.0,grandpas_village,2.14,clear,101.442,12.482,0.00,9.90,panel:SwapPanel
463.52,2026-08-31 22:51:14,18.85,0.90,-6.16,87.0,grandpas_village,2.14,clear,1.931,5.950,0.00,9.90,panel:SwapPanel
464.37,2026-08-31 22:51:15,18.85,0.90,-6.16,87.0,grandpas_village,2.17,clear,1.931,5.950,0.00,9.90,world
464.87,2026-08-31 22:51:15,18.56,0.90,-8.39,-172.6,grandpas_village,2.18,clear,79.250,12.397,0.00,7.75,world
465.37,2026-08-31 22:51:16,18.24,0.90,-10.87,-172.6,grandpas_village,2.20,clear,79.250,12.397,0.00,5.43,world
465.87,2026-08-31 22:51:16,17.92,0.90,-13.35,-172.6,grandpas_village,2.22,clear,29.488,17.074,0.00,3.37,world
466.37,2026-08-31 22:51:17,17.59,0.90,-15.83,-172.6,grandpas_village,2.24,clear,29.488,17.074,0.00,2.41,world
466.87,2026-08-31 22:51:17,17.62,0.90,-17.96,-170.8,grandpas_village,2.27,clear,28.277,14.939,0.00,3.09,world
467.37,2026-08-31 22:51:18,17.22,0.90,-20.43,-170.8,grandpas_village,2.28,clear,28.277,14.939,0.00,5.23,world
467.87,2026-08-31 22:51:18,16.82,0.90,-22.90,-170.8,grandpas_village,2.31,clear,28.229,12.311,0.00,4.91,world
468.37,2026-08-31 22:51:19,16.42,0.90,-25.37,-170.8,grandpas_village,2.32,clear,28.229,12.311,0.00,2.67,world
472.67,2026-08-31 22:51:23,16.30,0.90,-26.15,-170.8,grandpas_village,2.50,clear,28.258,8.676,0.00,1.88,world
476.72,2026-08-31 22:51:27,16.30,0.90,-26.15,-170.8,grandpas_village,2.66,clear,28.446,8.143,0.00,1.88,world
477.22,2026-08-31 22:51:28,16.00,0.90,-25.86,-86.8,grandpas_village,2.68,clear,28.446,8.143,0.00,2.14,world
477.72,2026-08-31 22:51:28,14.20,0.90,-24.13,-46.0,grandpas_village,2.70,clear,28.072,11.825,0.00,3.06,world
482.47,2026-08-31 22:51:33,13.34,0.90,-23.29,-46.0,grandpas_village,2.89,clear,32.010,11.217,0.00,1.86,world
486.83,2026-08-31 22:51:37,13.34,0.90,-23.29,-46.0,grandpas_village,3.06,clear,29.307,10.161,0.00,1.86,world
487.33,2026-08-31 22:51:38,14.68,0.90,-21.82,42.4,grandpas_village,3.08,clear,29.307,10.161,0.00,2.69,world
487.83,2026-08-31 22:51:38,13.88,0.90,-20.67,-24.5,grandpas_village,3.10,clear,29.059,12.649,0.00,2.30,world
488.33,2026-08-31 22:51:39,13.81,0.90,-20.59,140.4,grandpas_village,3.12,clear,29.059,12.649,0.00,2.30,world
488.83,2026-08-31 22:51:39,15.20,0.90,-22.68,146.5,grandpas_village,3.14,clear,30.915,54.276,0.00,3.27,world
489.33,2026-08-31 22:51:40,16.49,0.90,-22.42,28.7,grandpas_village,3.16,clear,30.915,54.276,0.00,4.51,world
489.83,2026-08-31 22:51:40,17.69,0.90,-20.23,28.7,grandpas_village,3.18,cloudy,29.393,12.842,0.00,4.82,world
490.33,2026-08-31 22:51:41,18.89,0.90,-18.04,28.7,grandpas_village,3.20,cloudy,29.393,12.842,0.00,2.32,world
495.10,2026-08-31 22:51:45,19.10,0.90,-17.64,28.7,grandpas_village,3.40,cloudy,28.732,8.897,0.00,1.87,narrative_modal
498.87,2026-08-31 22:51:49,19.10,0.90,-17.64,28.7,grandpas_village,3.55,cloudy,25.390,8.878,0.00,1.87,narrative_modal
499.37,2026-08-31 22:51:50,19.10,0.90,-17.64,28.7,grandpas_village,3.56,cloudy,25.390,8.878,0.00,1.87,narrative_modal
499.87,2026-08-31 22:51:50,19.10,0.90,-17.64,28.7,grandpas_village,3.58,cloudy,28.355,13.970,0.00,1.87,narrative_modal
500.37,2026-08-31 22:51:51,19.10,0.90,-17.64,28.7,grandpas_village,3.60,cloudy,28.355,13.970,0.00,1.87,narrative_modal
500.87,2026-08-31 22:51:51,19.10,0.90,-17.64,28.7,grandpas_village,3.62,cloudy,26.143,13.125,0.00,1.87,narrative_modal
501.37,2026-08-31 22:51:52,19.38,0.90,-19.19,170.0,grandpas_village,3.64,cloudy,26.143,13.125,0.00,3.25,world
501.87,2026-08-31 22:51:52,19.81,0.90,-21.65,170.0,grandpas_village,3.66,cloudy,27.747,11.829,0.00,4.80,world
502.37,2026-08-31 22:51:53,20.25,0.90,-24.12,170.0,grandpas_village,3.68,cloudy,27.747,11.829,0.00,3.75,world
502.87,2026-08-31 22:51:53,20.80,0.86,-26.51,170.6,grandpas_village,3.71,cloudy,29.708,12.355,0.00,4.07,world
503.37,2026-08-31 22:51:54,21.77,0.77,-28.50,177.6,grandpas_village,3.73,cloudy,29.708,12.355,0.00,5.02,world
503.87,2026-08-31 22:51:54,21.88,0.72,-31.02,177.6,grandpas_village,3.74,cloudy,34.474,16.074,0.00,2.99,world
508.82,2026-08-31 22:51:59,21.92,0.72,-32.13,177.7,grandpas_village,3.94,cloudy,40.870,13.623,0.00,1.87,world
513.57,2026-08-31 22:52:04,21.92,0.72,-32.13,177.7,grandpas_village,4.13,cloudy,33.187,9.969,0.00,1.87,world
514.07,2026-08-31 22:52:04,21.93,0.72,-32.12,167.2,grandpas_village,4.15,cloudy,33.187,9.969,0.00,1.88,world
514.57,2026-08-31 22:52:05,22.51,0.68,-29.86,14.3,grandpas_village,4.17,cloudy,31.193,14.507,0.00,4.17,world
515.07,2026-08-31 22:52:05,23.12,0.72,-27.45,14.2,grandpas_village,4.19,cloudy,31.193,14.507,0.00,3.56,world
520.20,2026-08-31 22:52:11,23.54,0.77,-25.83,14.2,grandpas_village,4.40,cloudy,31.503,10.225,0.00,1.88,world
525.67,2026-08-31 22:52:16,23.54,0.77,-25.83,14.2,grandpas_village,4.62,cloudy,38.799,13.121,0.00,1.88,world
526.17,2026-08-31 22:52:16,23.54,0.77,-25.83,14.2,grandpas_village,4.64,cloudy,38.799,13.121,0.00,1.88,world
526.67,2026-08-31 22:52:17,25.32,0.72,-24.43,51.7,grandpas_village,4.66,cloudy,31.864,15.764,0.00,1.39,world
527.17,2026-08-31 22:52:17,27.32,0.60,-22.86,51.7,grandpas_village,4.68,cloudy,31.864,15.764,0.00,3.51,world
527.67,2026-08-31 22:52:18,29.34,0.38,-21.27,51.7,grandpas_village,4.70,cloudy,31.168,14.997,0.00,4.83,world
528.17,2026-08-31 22:52:18,31.37,0.04,-19.67,51.6,grandpas_village,4.72,cloudy,31.168,14.997,0.00,2.65,world
528.67,2026-08-31 22:52:19,33.41,-0.40,-18.06,51.4,grandpas_village,4.73,cloudy,33.145,14.484,0.00,2.02,world
534.62,2026-08-31 22:52:25,34.55,-0.69,-17.16,51.3,grandpas_village,4.98,cloudy,33.668,10.622,0.00,1.86,world
538.75,2026-08-31 22:52:29,34.55,-0.69,-17.16,51.3,grandpas_village,5.14,cloudy,28.671,7.012,0.00,1.86,world
539.25,2026-08-31 22:52:30,34.31,-0.56,-16.66,-26.5,grandpas_village,5.16,cloudy,28.671,7.012,0.00,1.81,world
539.75,2026-08-31 22:52:30,33.33,-0.11,-14.66,-26.5,grandpas_village,5.18,cloudy,27.422,11.677,0.00,2.99,world
540.25,2026-08-31 22:52:31,32.31,0.28,-12.61,-26.6,grandpas_village,5.20,cloudy,27.422,11.677,0.00,5.01,world
540.75,2026-08-31 22:52:31,31.26,0.54,-10.49,-26.8,grandpas_village,5.22,cloudy,31.852,11.634,0.00,2.79,world
544.10,2026-08-31 22:52:34,30.85,0.62,-9.68,-26.8,grandpas_village,5.35,cloudy,25.737,4.950,0.00,1.88,world
547.50,2026-08-31 22:52:38,30.85,0.62,-9.68,-26.8,grandpas_village,5.49,cloudy,27.868,6.488,0.00,1.88,world
548.00,2026-08-31 22:52:38,31.09,0.58,-10.13,67.7,grandpas_village,5.51,cloudy,27.868,6.488,0.00,2.40,world
548.50,2026-08-31 22:52:39,32.30,0.28,-12.41,152.3,grandpas_village,5.53,cloudy,29.406,11.530,0.00,4.98,world
549.00,2026-08-31 22:52:39,33.52,-0.17,-14.71,152.3,grandpas_village,5.55,cloudy,29.406,11.530,0.00,2.80,world
549.50,2026-08-31 22:52:40,34.74,-0.74,-17.00,152.3,grandpas_village,5.57,cloudy,55.174,11.734,0.00,1.61,world
550.00,2026-08-31 22:52:40,35.94,-1.46,-19.28,152.4,grandpas_village,5.59,cloudy,55.174,11.734,0.00,2.07,world
550.50,2026-08-31 22:52:41,37.14,-2.24,-21.55,152.5,grandpas_village,5.61,cloudy,32.179,12.472,0.00,3.50,world
551.00,2026-08-31 22:52:41,38.16,-2.88,-23.74,151.2,grandpas_village,5.63,cloudy,32.179,12.472,0.00,4.87,world
551.50,2026-08-31 22:52:42,39.41,-3.40,-26.01,151.4,grandpas_village,5.65,cloudy,27.488,11.581,0.00,2.27,world
555.12,2026-08-31 22:52:45,39.61,-3.45,-26.36,151.4,grandpas_village,5.80,cloudy,29.126,6.697,0.00,1.86,world
558.28,2026-08-31 22:52:49,39.61,-3.45,-26.36,151.4,grandpas_village,5.92,cloudy,25.437,6.187,0.00,1.86,world
558.78,2026-08-31 22:52:49,40.09,-3.57,-26.88,137.8,grandpas_village,5.94,cloudy,29.432,12.174,0.00,1.19,world
559.28,2026-08-31 22:52:50,41.82,-3.79,-28.78,137.9,grandpas_village,5.96,cloudy,29.432,12.174,0.00,1.53,world
559.78,2026-08-31 22:52:50,43.50,-3.74,-30.62,138.0,grandpas_village,5.98,cloudy,24.892,9.517,0.00,3.98,world
560.28,2026-08-31 22:52:51,45.09,-3.48,-32.37,138.1,grandpas_village,6.00,cloudy,24.892,9.517,0.00,2.86,world
563.68,2026-08-31 22:52:54,45.73,-3.32,-33.07,138.2,grandpas_village,6.14,cloudy,33.571,8.780,0.00,1.91,world
566.72,2026-08-31 22:52:57,45.73,-3.32,-33.07,138.2,grandpas_village,6.26,cloudy,26.927,6.209,0.00,1.91,world
567.22,2026-08-31 22:52:58,43.79,-3.00,-33.79,-110.8,grandpas_village,6.28,cloudy,26.927,6.209,0.00,3.28,world
567.72,2026-08-31 22:52:58,41.68,-2.59,-34.59,-110.9,grandpas_village,6.30,cloudy,26.269,11.235,0.00,3.94,world
568.25,2026-08-31 22:52:59,39.80,-2.19,-35.31,-111.0,grandpas_village,6.32,cloudy,26.269,11.235,0.00,1.93,world
571.58,2026-08-31 22:53:02,39.80,-2.19,-35.31,-111.0,grandpas_village,6.45,cloudy,27.146,6.182,0.00,1.93,world
574.82,2026-08-31 22:53:05,39.80,-2.19,-35.31,-111.0,grandpas_village,6.58,cloudy,35.491,7.009,0.00,1.93,world
575.32,2026-08-31 22:53:06,40.21,-2.20,-35.61,154.4,grandpas_village,6.60,cloudy,35.491,7.009,0.00,2.24,world
575.82,2026-08-31 22:53:06,42.18,-2.13,-37.10,127.3,grandpas_village,6.62,cloudy,31.569,13.513,0.00,4.32,world
576.32,2026-08-31 22:53:07,44.09,-1.91,-38.54,127.4,grandpas_village,6.64,cloudy,31.569,13.513,0.00,2.40,world
579.48,2026-08-31 22:53:10,44.50,-1.88,-38.85,127.4,grandpas_village,6.77,cloudy,25.821,5.521,0.00,1.89,world
582.53,2026-08-31 22:53:13,44.50,-1.88,-38.85,127.4,grandpas_village,6.89,cloudy,26.569,6.088,0.00,1.89,world
583.03,2026-08-31 22:53:13,43.80,-1.84,-39.04,-106.6,grandpas_village,6.91,cloudy,26.569,6.088,0.00,2.40,world
583.53,2026-08-31 22:53:14,41.43,-1.75,-39.70,-105.6,grandpas_village,6.93,cloudy,34.605,10.611,0.00,3.90,world
584.03,2026-08-31 22:53:14,39.09,-1.60,-40.35,-105.6,grandpas_village,6.95,cloudy,34.605,10.611,0.00,3.31,world
584.53,2026-08-31 22:53:15,36.86,-1.28,-40.97,-105.6,grandpas_village,6.97,cloudy,25.848,10.615,0.00,1.05,world
585.03,2026-08-31 22:53:15,34.96,-0.87,-41.87,-103.4,grandpas_village,6.99,cloudy,25.848,10.615,0.00,1.32,world
585.53,2026-08-31 22:53:16,32.85,-0.40,-42.37,-103.4,grandpas_village,7.01,cloudy,24.942,11.169,0.00,3.34,world
586.03,2026-08-31 22:53:16,30.72,0.08,-42.88,-103.4,grandpas_village,7.03,cloudy,24.942,11.169,0.00,4.53,world
586.53,2026-08-31 22:53:17,28.58,0.53,-43.39,-103.4,grandpas_village,7.05,cloudy,27.349,10.702,0.00,2.65,world
589.83,2026-08-31 22:53:20,27.84,0.67,-43.56,-103.4,grandpas_village,7.18,cloudy,27.444,5.503,0.00,1.89,world
592.70,2026-08-31 22:53:23,27.84,0.67,-43.56,-103.4,grandpas_village,7.30,cloudy,27.680,4.992,0.00,1.89,world
593.20,2026-08-31 22:53:23,28.81,0.52,-43.94,111.6,grandpas_village,7.32,cloudy,27.680,4.992,0.00,2.81,world
593.70,2026-08-31 22:53:24,31.22,0.13,-44.89,111.8,grandpas_village,7.34,cloudy,25.852,9.505,0.00,2.99,world
596.95,2026-08-31 22:53:27,32.33,-0.09,-45.33,111.8,grandpas_village,7.47,cloudy,32.620,7.674,0.00,1.80,world
600.03,2026-08-31 22:53:30,32.33,-0.09,-45.33,111.8,grandpas_village,7.59,cloudy,27.425,5.698,0.00,1.80,world
600.53,2026-08-31 22:53:31,31.93,-0.01,-45.15,17.3,grandpas_village,7.61,cloudy,30.122,12.367,0.00,2.24,world
601.03,2026-08-31 22:53:31,29.83,0.36,-44.24,-66.7,grandpas_village,7.63,cloudy,30.122,12.367,0.00,3.83,world
601.53,2026-08-31 22:53:32,27.69,0.67,-43.31,-66.8,grandpas_village,7.65,cloudy,29.767,11.413,0.00,1.82,world
602.03,2026-08-31 22:53:32,25.50,0.89,-42.37,-66.8,grandpas_village,7.67,cloudy,29.767,11.413,0.00,1.71,world
602.53,2026-08-31 22:53:33,23.27,1.05,-41.40,-66.8,grandpas_village,7.69,cloudy,28.701,11.849,0.00,2.75,world
603.03,2026-08-31 22:53:33,21.02,1.16,-40.43,-66.8,grandpas_village,7.71,cloudy,28.701,11.849,0.00,4.48,world
603.53,2026-08-31 22:53:34,18.76,1.25,-39.46,-66.8,grandpas_village,7.73,cloudy,27.218,11.676,0.00,6.35,world
604.03,2026-08-31 22:53:34,16.47,1.27,-38.48,-66.8,grandpas_village,7.75,cloudy,27.218,11.676,0.00,7.12,world
604.53,2026-08-31 22:53:35,14.14,1.19,-37.48,-66.9,grandpas_village,7.77,cloudy,37.453,21.721,0.00,8.59,world
605.03,2026-08-31 22:53:35,11.81,1.08,-36.48,-66.9,grandpas_village,7.79,cloudy,37.453,21.721,0.00,6.31,world
605.53,2026-08-31 22:53:36,9.49,1.02,-35.48,-67.0,grandpas_village,7.81,cloudy,30.406,12.465,0.00,3.79,world
609.38,2026-08-31 22:53:40,7.68,1.00,-34.71,-67.0,grandpas_village,7.97,cloudy,29.444,5.934,0.00,1.83,world
612.75,2026-08-31 22:53:43,7.68,1.00,-34.71,-67.0,grandpas_village,8.10,cloudy,31.981,7.302,0.00,1.83,world
613.25,2026-08-31 22:53:44,7.17,0.98,-34.28,-50.3,grandpas_village,8.12,cloudy,31.981,7.302,0.00,1.20,world
613.75,2026-08-31 22:53:44,5.23,0.95,-32.68,-50.4,grandpas_village,8.14,cloudy,32.454,9.895,0.00,1.53,world
614.25,2026-08-31 22:53:45,3.48,0.94,-31.22,-50.4,grandpas_village,8.16,cloudy,32.454,9.895,0.00,1.92,world
617.23,2026-08-31 22:53:48,3.47,0.94,-31.22,-50.4,grandpas_village,8.28,cloudy,25.361,5.895,0.00,1.91,world
620.50,2026-08-31 22:53:51,3.47,0.94,-31.22,-50.4,grandpas_village,8.41,cloudy,29.473,7.853,0.00,1.91,world
621.00,2026-08-31 22:53:51,2.49,0.94,-29.20,-26.0,grandpas_village,8.43,cloudy,29.473,7.853,0.00,0.94,world
621.50,2026-08-31 22:53:52,1.39,0.93,-26.95,-26.0,grandpas_village,8.45,cloudy,29.529,11.960,0.00,3.11,world
622.00,2026-08-31 22:53:52,0.30,0.93,-24.71,-26.0,grandpas_village,8.47,cloudy,29.529,11.960,0.00,5.24,world
622.50,2026-08-31 22:53:53,-0.80,0.93,-22.46,-26.1,grandpas_village,8.49,cloudy,29.176,13.226,0.00,2.74,world
626.28,2026-08-31 22:53:57,-1.18,0.90,-21.67,-26.1,grandpas_village,8.64,cloudy,37.635,7.772,0.00,1.86,world
629.62,2026-08-31 22:54:00,-1.18,0.90,-21.67,-26.1,grandpas_village,8.78,cloudy,31.761,7.303,0.00,1.86,world
630.12,2026-08-31 22:54:00,-1.41,0.90,-21.43,-43.2,grandpas_village,8.80,cloudy,31.761,7.303,0.00,1.55,world
630.62,2026-08-31 22:54:01,-3.11,0.90,-19.61,-43.2,grandpas_village,8.82,cloudy,27.399,30.455,0.00,1.18,world
631.12,2026-08-31 22:54:01,-4.82,0.90,-17.79,-43.2,grandpas_village,8.84,cloudy,27.399,30.455,0.00,3.58,world
631.62,2026-08-31 22:54:02,-6.50,0.98,-16.00,-43.2,grandpas_village,8.85,cloudy,29.921,13.578,0.00,4.03,world
632.12,2026-08-31 22:54:02,-8.17,1.07,-14.21,-43.2,grandpas_village,8.87,cloudy,29.921,13.578,0.00,1.84,world
632.62,2026-08-31 22:54:03,-9.85,1.19,-12.42,-43.2,grandpas_village,8.90,cloudy,32.243,12.683,0.00,1.59,world
633.12,2026-08-31 22:54:03,-11.55,1.20,-10.60,-43.2,grandpas_village,8.92,cloudy,32.243,12.683,0.00,3.57,world
636.58,2026-08-31 22:54:07,-12.72,1.20,-9.36,-43.2,grandpas_village,9.05,cloudy,26.139,4.292,0.00,1.87,world
639.55,2026-08-31 22:54:10,-12.72,1.20,-9.36,-43.2,grandpas_village,9.17,cloudy,29.140,43.958,0.00,1.87,world
640.05,2026-08-31 22:54:10,-12.51,1.20,-9.71,-127.3,grandpas_village,9.19,cloudy,29.140,43.958,0.00,2.27,world
640.55,2026-08-31 22:54:11,-11.25,1.20,-11.87,149.6,grandpas_village,9.21,cloudy,29.938,10.903,0.00,2.47,world
643.85,2026-08-31 22:54:14,-10.93,1.20,-12.41,149.6,grandpas_village,9.35,cloudy,39.491,6.661,0.00,1.85,world
647.00,2026-08-31 22:54:17,-10.93,1.20,-12.41,149.6,grandpas_village,9.47,cloudy,28.591,5.397,0.00,1.85,world
647.50,2026-08-31 22:54:18,-11.20,1.20,-11.71,23.6,grandpas_village,9.49,cloudy,29.829,9.834,0.00,2.58,world
648.00,2026-08-31 22:54:18,-12.10,1.20,-9.38,-21.0,grandpas_village,9.51,cloudy,29.829,9.834,0.00,2.35,world
648.50,2026-08-31 22:54:19,-13.00,1.13,-7.03,-21.0,grandpas_village,9.53,cloudy,33.263,13.758,0.00,1.40,world
649.00,2026-08-31 22:54:19,-13.89,1.11,-4.69,-21.0,grandpas_village,9.55,cloudy,33.263,13.758,0.00,3.31,world
649.50,2026-08-31 22:54:20,-14.79,1.10,-2.35,-21.0,grandpas_village,9.57,cloudy,28.862,10.958,0.00,5.70,world
650.00,2026-08-31 22:54:20,-15.68,1.13,-0.03,-21.0,grandpas_village,9.59,cloudy,28.862,10.958,0.00,6.46,world
650.50,2026-08-31 22:54:21,-16.56,1.27,2.24,-21.0,grandpas_village,9.61,cloudy,28.292,13.524,0.00,4.02,world
651.02,2026-08-31 22:54:21,-17.33,1.50,4.25,-21.0,grandpas_village,9.63,cloudy,28.292,13.524,0.00,1.88,world
654.13,2026-08-31 22:54:24,-17.33,1.50,4.25,-21.0,grandpas_village,9.76,cloudy,30.625,4.533,0.00,1.88,world
657.23,2026-08-31 22:54:27,-17.33,1.50,4.25,-21.0,grandpas_village,9.88,cloudy,33.451,8.912,0.00,1.88,world
657.73,2026-08-31 22:54:28,-16.63,1.49,4.53,68.1,grandpas_village,9.90,cloudy,31.909,9.356,0.00,2.01,world
658.23,2026-08-31 22:54:28,-14.28,1.40,5.47,68.0,grandpas_village,9.92,cloudy,31.909,9.356,0.00,3.76,world
658.73,2026-08-31 22:54:29,-11.90,1.20,6.42,68.0,grandpas_village,9.94,cloudy,27.660,9.016,0.00,4.20,world
659.23,2026-08-31 22:54:30,-9.74,1.07,7.29,67.9,grandpas_village,9.96,cloudy,27.660,9.016,0.00,1.88,world
662.38,2026-08-31 22:54:33,-9.73,1.07,7.30,67.9,grandpas_village,10.09,cloudy,28.420,4.934,0.00,1.87,world
665.38,2026-08-31 22:54:36,-9.73,1.07,7.30,67.9,grandpas_village,10.21,cloudy,29.267,5.369,0.00,1.87,world
665.88,2026-08-31 22:54:36,-9.55,1.02,5.04,175.5,grandpas_village,10.22,cloudy,28.253,10.401,0.00,3.34,world
666.38,2026-08-31 22:54:37,-9.35,1.01,2.54,175.5,grandpas_village,10.25,cloudy,28.253,10.401,0.00,5.62,world
666.88,2026-08-31 22:54:37,-9.15,1.02,0.06,175.5,grandpas_village,10.26,cloudy,34.303,12.316,0.00,8.03,world
667.38,2026-08-31 22:54:38,-8.96,1.03,-2.43,175.5,grandpas_village,10.29,cloudy,34.303,12.316,0.00,7.51,world
667.88,2026-08-31 22:54:38,-8.76,1.04,-4.92,175.5,grandpas_village,10.31,cloudy,31.073,34.398,0.00,6.08,world
668.38,2026-08-31 22:54:39,-8.57,1.05,-7.41,175.5,grandpas_village,10.33,cloudy,31.073,34.398,0.00,5.47,world
668.88,2026-08-31 22:54:39,-8.37,0.97,-9.92,175.5,grandpas_village,10.34,cloudy,28.925,20.431,0.00,4.40,world
669.38,2026-08-31 22:54:40,-8.17,1.06,-12.36,175.5,grandpas_village,10.37,cloudy,28.925,20.431,0.00,2.46,world
669.88,2026-08-31 22:54:40,-7.97,1.11,-14.83,175.5,grandpas_village,10.39,cloudy,30.299,12.102,0.00,2.19,world
670.38,2026-08-31 22:54:41,-7.77,1.07,-17.32,175.5,grandpas_village,10.41,cloudy,30.299,12.102,0.00,4.00,world
670.88,2026-08-31 22:54:41,-7.57,1.04,-19.83,175.5,grandpas_village,10.43,cloudy,29.811,11.516,0.00,5.57,world
671.38,2026-08-31 22:54:42,-7.38,1.05,-22.32,175.5,grandpas_village,10.45,cloudy,29.811,11.516,0.00,5.85,world
671.88,2026-08-31 22:54:42,-7.18,1.05,-24.81,175.5,grandpas_village,10.47,cloudy,27.798,11.062,0.00,7.07,world
672.38,2026-08-31 22:54:43,-6.99,1.04,-27.30,175.6,grandpas_village,10.49,cloudy,27.798,11.062,0.00,8.84,world
672.88,2026-08-31 22:54:43,-6.79,1.07,-29.79,175.6,grandpas_village,10.51,cloudy,27.968,12.525,0.00,8.80,world
673.38,2026-08-31 22:54:44,-6.60,1.11,-32.26,175.6,grandpas_village,10.53,cloudy,27.968,12.525,0.00,8.89,world
673.88,2026-08-31 22:54:44,-6.41,1.13,-34.75,175.5,grandpas_village,10.55,cloudy,29.169,12.211,0.00,9.66,world
674.38,2026-08-31 22:54:45,-6.22,1.11,-37.25,175.5,grandpas_village,10.57,cloudy,29.169,12.211,0.00,10.96,world
674.95,2026-08-31 22:54:45,-6.14,1.11,-38.21,175.5,grandpas_village,10.57,cloudy,27.311,11.964,0.00,11.56,menu_build
675.47,2026-08-31 22:54:46,-6.13,1.11,-38.36,175.5,grandpas_village,10.59,cloudy,263.033,21.188,0.00,11.66,build_catalogue
675.97,2026-08-31 22:54:46,-6.13,1.11,-38.36,175.5,grandpas_village,10.61,cloudy,263.033,21.188,0.00,11.66,build_catalogue
676.47,2026-08-31 22:54:47,-6.13,1.11,-38.36,175.5,grandpas_village,10.63,cloudy,29.140,30.979,0.00,11.66,build_catalogue
676.97,2026-08-31 22:54:47,-6.13,1.11,-38.36,175.5,grandpas_village,10.65,cloudy,29.140,30.979,0.00,11.66,build_catalogue
677.47,2026-08-31 22:54:48,-6.13,1.11,-38.36,175.5,grandpas_village,10.67,cloudy,26.409,11.023,0.00,11.66,build_catalogue
677.97,2026-08-31 22:54:48,-6.13,1.11,-38.36,175.5,grandpas_village,10.69,cloudy,26.409,11.023,0.00,11.66,build_catalogue
678.47,2026-08-31 22:54:49,-6.13,1.11,-38.36,175.5,grandpas_village,10.71,cloudy,28.437,9.433,0.00,11.66,build_catalogue
678.97,2026-08-31 22:54:49,-6.13,1.11,-38.36,175.5,grandpas_village,10.73,cloudy,28.437,9.433,0.00,11.66,build_catalogue
679.47,2026-08-31 22:54:50,-6.13,1.11,-38.36,175.5,grandpas_village,10.75,cloudy,27.386,8.724,0.00,11.66,build_catalogue
680.22,2026-08-31 22:54:51,-6.13,1.11,-38.36,175.5,grandpas_village,10.78,cloudy,27.386,8.724,0.00,11.66,world
680.72,2026-08-31 22:54:51,-6.13,1.11,-38.36,175.5,grandpas_village,10.80,cloudy,30.431,10.435,0.00,11.66,world
681.22,2026-08-31 22:54:52,-6.13,1.11,-38.36,175.5,grandpas_village,10.82,cloudy,30.431,10.435,0.00,11.66,world
681.72,2026-08-31 22:54:52,-6.13,1.11,-38.36,175.5,grandpas_village,10.84,cloudy,36.633,11.879,0.00,11.66,world
682.22,2026-08-31 22:54:53,-6.13,1.11,-38.36,175.5,grandpas_village,10.86,cloudy,36.633,11.879,0.00,11.66,world
682.72,2026-08-31 22:54:53,-6.74,1.08,-38.14,-69.0,grandpas_village,10.88,cloudy,25.710,10.034,0.00,11.95,world
683.22,2026-08-31 22:54:54,-9.07,1.02,-37.17,-67.4,grandpas_village,10.90,cloudy,25.710,10.034,0.00,13.19,world
683.75,2026-08-31 22:54:54,-9.55,1.01,-36.97,-67.4,grandpas_village,10.90,cloudy,28.971,11.080,0.00,13.49,menu_build
684.25,2026-08-31 22:54:55,-9.65,1.01,-36.93,-67.4,grandpas_village,10.92,cloudy,233.834,15.644,0.00,13.55,build_catalogue
684.75,2026-08-31 22:54:55,-9.65,1.01,-36.93,-67.4,grandpas_village,10.94,cloudy,233.834,15.644,0.00,13.55,build_catalogue
685.25,2026-08-31 22:54:56,-9.65,1.01,-36.93,-67.4,grandpas_village,10.96,cloudy,29.200,9.333,0.00,13.55,build_catalogue
685.75,2026-08-31 22:54:56,-9.65,1.01,-36.93,-67.4,grandpas_village,10.98,cloudy,29.200,9.333,0.00,13.55,build_catalogue
686.25,2026-08-31 22:54:57,-9.65,1.01,-36.93,-67.4,grandpas_village,11.00,cloudy,34.233,43.869,0.00,13.55,build_catalogue
686.75,2026-08-31 22:54:57,-9.65,1.01,-36.93,-67.4,grandpas_village,11.02,cloudy,34.233,43.869,0.00,13.55,build_catalogue
687.62,2026-08-31 22:54:58,-9.65,1.01,-36.93,-67.4,grandpas_village,11.05,cloudy,31.886,10.182,0.00,13.55,build_catalogue
688.12,2026-08-31 22:54:59,-9.65,1.01,-36.93,-67.4,grandpas_village,11.07,cloudy,31.886,10.182,0.00,13.55,build_catalogue
688.62,2026-08-31 22:54:59,-9.65,1.01,-36.93,-67.4,grandpas_village,11.09,cloudy,30.694,8.809,0.00,13.55,build_catalogue
689.12,2026-08-31 22:55:00,-9.65,1.01,-36.93,-67.4,grandpas_village,11.11,cloudy,30.694,8.809,0.00,13.55,build_catalogue
689.62,2026-08-31 22:55:00,-9.65,1.01,-36.93,-67.4,grandpas_village,11.13,cloudy,25.950,7.329,0.00,13.55,build_catalogue
690.12,2026-08-31 22:55:01,-9.65,1.01,-36.93,-67.4,grandpas_village,11.15,cloudy,25.950,7.329,0.00,13.55,build_catalogue
690.68,2026-08-31 22:55:01,-9.65,1.01,-36.93,-67.4,grandpas_village,11.17,cloudy,26.510,9.099,0.00,13.55,world
691.18,2026-08-31 22:55:02,-9.65,1.01,-36.93,-67.4,grandpas_village,11.19,cloudy,26.010,8.235,0.00,13.55,world
691.68,2026-08-31 22:55:02,-9.65,1.01,-36.93,-67.4,grandpas_village,11.21,cloudy,26.010,8.235,0.00,13.55,world
692.18,2026-08-31 22:55:03,-9.65,1.01,-36.93,-67.4,grandpas_village,11.23,cloudy,26.106,9.155,0.00,13.55,world
692.68,2026-08-31 22:55:03,-9.65,1.01,-36.94,-77.9,grandpas_village,11.25,cloudy,26.106,9.155,0.00,13.56,world
693.18,2026-08-31 22:55:04,-9.67,1.01,-36.97,-88.4,grandpas_village,11.27,cloudy,25.843,8.451,0.00,13.59,world
693.68,2026-08-31 22:55:05,-9.33,1.01,-36.04,20.2,grandpas_village,11.29,cloudy,25.843,8.451,0.00,12.84,world
694.18,2026-08-31 22:55:05,-8.47,1.06,-33.72,20.2,grandpas_village,11.31,cloudy,25.973,439.909,0.00,11.11,world
694.68,2026-08-31 22:55:06,-7.61,1.08,-31.38,20.2,grandpas_village,11.33,cloudy,25.973,439.909,0.00,9.71,world
695.18,2026-08-31 22:55:06,-6.74,1.05,-29.02,20.2,grandpas_village,11.35,cloudy,30.115,12.355,0.00,8.80,world
695.68,2026-08-31 22:55:07,-5.87,1.02,-26.67,20.2,grandpas_village,11.37,cloudy,30.115,12.355,0.00,7.71,world
696.18,2026-08-31 22:55:07,-5.01,1.03,-24.32,20.2,grandpas_village,11.39,cloudy,25.811,11.205,0.00,5.27,world
696.68,2026-08-31 22:55:08,-4.15,1.04,-21.98,20.2,grandpas_village,11.41,cloudy,25.811,11.205,0.00,2.92,world
697.18,2026-08-31 22:55:08,-3.27,0.90,-19.59,20.2,grandpas_village,11.43,cloudy,26.831,11.729,0.00,1.33,world
697.68,2026-08-31 22:55:09,-2.40,0.90,-17.25,20.2,grandpas_village,11.45,cloudy,26.831,11.729,0.00,2.78,world
698.18,2026-08-31 22:55:09,-1.54,0.90,-14.90,20.2,grandpas_village,11.47,cloudy,27.111,9.782,0.00,5.12,world
698.68,2026-08-31 22:55:10,-0.67,0.90,-12.63,20.2,grandpas_village,11.49,cloudy,27.111,9.782,0.00,7.49,world
699.18,2026-08-31 22:55:10,0.19,0.90,-12.63,20.2,grandpas_village,11.51,cloudy,27.181,42.674,0.00,7.69,world
699.68,2026-08-31 22:55:11,1.05,0.90,-12.63,20.2,grandpas_village,11.53,cloudy,27.181,42.674,0.00,7.98,world
700.18,2026-08-31 22:55:11,1.91,0.90,-12.63,20.2,grandpas_village,11.55,cloudy,28.399,10.241,0.00,8.35,world
700.68,2026-08-31 22:55:12,2.78,0.90,-12.63,20.1,grandpas_village,11.57,cloudy,28.399,10.241,0.00,8.79,world
701.18,2026-08-31 22:55:12,3.64,0.90,-12.63,20.1,grandpas_village,11.59,cloudy,35.036,12.218,0.00,9.28,world
701.68,2026-08-31 22:55:13,4.57,0.90,-11.08,20.1,grandpas_village,11.61,cloudy,35.036,12.218,0.00,11.08,world
702.18,2026-08-31 22:55:13,5.43,0.90,-8.73,20.1,grandpas_village,11.63,cloudy,28.497,12.820,0.00,13.49,world
702.68,2026-08-31 22:55:14,6.29,0.90,-6.39,20.1,grandpas_village,11.65,cloudy,28.497,12.820,0.00,15.94,world
703.18,2026-08-31 22:55:14,7.15,0.90,-4.04,20.1,grandpas_village,11.67,cloudy,29.546,12.234,0.00,14.29,world
703.68,2026-08-31 22:55:15,8.01,0.90,-1.69,20.1,grandpas_village,11.69,cloudy,29.546,12.234,0.00,11.80,world
704.18,2026-08-31 22:55:15,9.08,0.90,0.53,20.1,grandpas_village,11.71,cloudy,32.414,13.198,0.00,9.33,world
704.68,2026-08-31 22:55:16,9.94,0.90,2.88,20.1,grandpas_village,11.73,cloudy,32.414,13.198,0.00,6.84,world
705.18,2026-08-31 22:55:16,10.80,0.90,5.23,20.1,grandpas_village,11.75,cloudy,30.600,10.856,0.00,4.37,world
705.68,2026-08-31 22:55:17,11.66,0.90,7.58,20.1,grandpas_village,11.77,cloudy,30.600,10.856,0.00,1.96,world
706.18,2026-08-31 22:55:17,12.52,0.85,9.94,20.1,grandpas_village,11.79,cloudy,27.997,9.836,0.00,1.06,world
706.68,2026-08-31 22:55:18,13.40,0.64,12.35,20.1,grandpas_village,11.81,cloudy,27.997,9.836,0.00,3.37,world
707.18,2026-08-31 22:55:18,14.29,0.27,14.78,20.1,grandpas_village,11.83,cloudy,27.699,11.064,0.00,5.92,world
707.68,2026-08-31 22:55:19,15.19,-0.19,17.22,20.1,grandpas_village,11.85,cloudy,27.699,11.064,0.00,8.50,world
708.18,2026-08-31 22:55:19,16.08,-0.66,19.65,20.1,grandpas_village,11.87,cloudy,31.463,11.849,0.00,11.09,world
708.68,2026-08-31 22:55:20,16.51,-0.88,20.81,20.1,grandpas_village,11.89,cloudy,31.463,11.849,0.00,12.32,world
709.18,2026-08-31 22:55:20,16.51,-0.88,20.81,3.4,grandpas_village,11.91,cloudy,27.599,10.027,0.00,12.32,world
709.68,2026-08-31 22:55:21,17.00,-0.92,20.63,110.1,grandpas_village,11.93,cloudy,27.599,10.027,0.00,12.30,world
710.18,2026-08-31 22:55:21,19.00,-1.05,19.32,110.1,grandpas_village,11.95,cloudy,27.702,10.818,0.00,11.94,world
710.68,2026-08-31 22:55:22,19.61,-1.08,18.81,20.0,grandpas_village,11.97,cloudy,27.702,10.818,0.00,11.83,world
711.18,2026-08-31 22:55:22,17.68,-0.87,19.52,-70.0,grandpas_village,11.99,cloudy,26.941,10.615,0.00,11.52,world
711.68,2026-08-31 22:55:23,16.27,-0.85,20.82,20.1,grandpas_village,12.01,cloudy,26.941,10.615,0.00,12.27,world
712.18,2026-08-31 22:55:23,16.30,-0.86,20.88,66.4,grandpas_village,12.03,cloudy,27.536,9.724,0.00,12.33,world
712.68,2026-08-31 22:55:24,15.99,-0.84,20.98,-27.9,grandpas_village,12.05,cloudy,27.536,9.724,0.00,12.35,world
713.18,2026-08-31 22:55:24,16.39,-0.87,20.84,110.1,grandpas_village,12.07,cloudy,26.505,9.148,0.00,12.32,world
713.68,2026-08-31 22:55:25,18.55,-1.03,19.69,110.1,grandpas_village,12.09,cloudy,26.505,9.148,0.00,12.05,world
714.18,2026-08-31 22:55:25,19.23,-1.06,19.13,20.0,grandpas_village,12.11,cloudy,27.955,10.411,0.00,11.89,world
714.68,2026-08-31 22:55:26,17.37,-0.87,19.81,-70.0,grandpas_village,12.13,cloudy,27.955,10.411,0.00,11.66,world
715.18,2026-08-31 22:55:26,15.81,-0.83,21.04,20.1,grandpas_village,12.15,cloudy,29.874,12.010,0.00,12.37,world
715.68,2026-08-31 22:55:27,15.81,-0.83,21.04,55.9,grandpas_village,12.17,cloudy,29.874,12.010,0.00,12.37,world
716.18,2026-08-31 22:55:27,15.81,-0.83,21.04,104.1,grandpas_village,12.19,cloudy,28.805,10.036,0.00,12.37,world
716.68,2026-08-31 22:55:28,15.82,-0.83,21.04,20.1,grandpas_village,12.21,cloudy,28.805,10.036,0.00,12.37,world
717.18,2026-08-31 22:55:28,15.82,-0.83,21.04,-59.6,grandpas_village,12.23,cloudy,35.055,12.053,0.00,12.37,world
717.68,2026-08-31 22:55:29,15.90,-0.83,21.01,99.2,grandpas_village,12.25,cloudy,35.055,12.053,0.00,12.36,world
718.18,2026-08-31 22:55:29,18.13,-1.01,20.04,110.1,grandpas_village,12.27,cloudy,26.216,8.701,0.00,12.18,world
718.68,2026-08-31 22:55:30,19.04,-1.05,19.28,20.0,grandpas_village,12.29,cloudy,26.216,8.701,0.00,11.93,world
719.18,2026-08-31 22:55:30,17.49,-0.89,19.86,-70.0,grandpas_village,12.31,cloudy,25.467,11.466,0.00,11.75,world
719.68,2026-08-31 22:55:31,15.57,-0.78,20.90,14.0,grandpas_village,12.33,cloudy,25.467,11.466,0.00,12.18,world
720.18,2026-08-31 22:55:31,15.63,-0.81,21.10,87.4,grandpas_village,12.35,cloudy,26.349,8.893,0.00,12.39,world
720.68,2026-08-31 22:55:32,15.63,-0.81,21.10,72.6,grandpas_village,12.37,cloudy,26.349,8.893,0.00,12.39,world
721.18,2026-08-31 22:55:32,15.64,-0.82,21.10,34.9,grandpas_village,12.39,cloudy,26.086,10.826,0.00,12.39,world
721.68,2026-08-31 22:55:33,15.64,-0.81,21.10,-28.1,grandpas_village,12.41,cloudy,26.086,10.826,0.00,12.38,world
722.18,2026-08-31 22:55:33,15.66,-0.82,21.09,87.4,grandpas_village,12.43,cloudy,25.903,10.530,0.00,12.38,world
722.68,2026-08-31 22:55:34,17.87,-1.00,20.26,110.1,grandpas_village,12.45,cloudy,25.903,10.530,0.00,12.27,world
723.18,2026-08-31 22:55:34,18.98,-1.05,19.34,20.0,grandpas_village,12.47,cloudy,25.080,10.122,0.00,11.94,world
723.82,2026-08-31 22:55:35,17.91,0.40,19.73,-43.0,grandpas_village,12.50,cloudy,26.429,9.214,0.00,11.80,world
724.32,2026-08-31 22:55:35,17.29,-0.88,19.96,-43.0,grandpas_village,12.52,cloudy,26.429,9.214,0.00,11.77,world
724.82,2026-08-31 22:55:36,17.29,-0.88,19.96,-43.0,grandpas_village,12.54,cloudy,26.429,9.214,0.00,11.77,world
725.32,2026-08-31 22:55:36,17.29,-0.88,19.96,-43.0,grandpas_village,12.56,cloudy,25.154,8.737,0.00,11.77,world
725.82,2026-08-31 22:55:37,17.29,-0.88,19.96,-43.0,grandpas_village,12.58,cloudy,25.154,8.737,0.00,11.77,world
726.32,2026-08-31 22:55:37,17.29,-0.88,19.96,-43.0,grandpas_village,12.60,cloudy,26.025,9.182,0.00,11.77,world
726.82,2026-08-31 22:55:38,17.29,-0.88,19.96,-43.0,grandpas_village,12.62,cloudy,26.025,9.182,0.00,11.77,world
727.32,2026-08-31 22:55:38,17.29,-0.88,19.96,-43.0,grandpas_village,12.64,cloudy,37.762,11.745,0.00,11.77,world
727.82,2026-08-31 22:55:39,17.29,-0.88,19.96,-43.0,grandpas_village,12.66,cloudy,24.855,7.870,0.00,11.77,world
728.32,2026-08-31 22:55:39,17.29,-0.88,19.96,-43.0,grandpas_village,12.68,cloudy,24.855,7.870,0.00,11.77,world
728.82,2026-08-31 22:55:40,17.29,-0.88,19.96,-43.0,grandpas_village,12.70,cloudy,25.154,8.631,0.00,11.77,world
729.32,2026-08-31 22:55:40,17.29,-0.88,19.96,-43.0,grandpas_village,12.72,cloudy,25.154,8.631,0.00,11.77,world
729.82,2026-08-31 22:55:41,17.29,-0.88,19.96,-43.0,grandpas_village,12.74,cloudy,25.154,8.631,0.00,11.77,world
730.32,2026-08-31 22:55:41,17.29,-0.88,19.96,-43.0,grandpas_village,12.76,cloudy,26.252,9.452,0.00,11.77,world
730.82,2026-08-31 22:55:42,17.29,-0.88,19.96,-43.0,grandpas_village,12.78,cloudy,26.252,9.452,0.00,11.77,world
731.32,2026-08-31 22:55:42,17.29,-0.88,19.96,-43.0,grandpas_village,12.80,cloudy,58.078,28.453,0.00,11.77,world
731.82,2026-08-31 22:55:43,17.29,-0.88,19.96,-43.0,grandpas_village,12.82,cloudy,26.160,8.793,0.00,11.77,world
732.32,2026-08-31 22:55:43,17.29,-0.88,19.96,-43.0,grandpas_village,12.84,cloudy,26.160,8.793,0.00,11.77,world
732.82,2026-08-31 22:55:44,17.29,-0.88,19.96,-43.0,grandpas_village,12.86,cloudy,26.160,8.793,0.00,11.77,world
733.32,2026-08-31 22:55:44,17.29,-0.88,19.96,-43.0,grandpas_village,12.88,cloudy,34.673,10.834,0.00,11.77,world
733.82,2026-08-31 22:55:45,17.29,-0.88,19.96,-43.0,grandpas_village,12.90,cloudy,34.673,10.834,0.00,11.77,world
734.32,2026-08-31 22:55:45,17.29,-0.88,19.96,-43.0,grandpas_village,12.92,cloudy,26.261,8.626,0.00,11.77,world
734.82,2026-08-31 22:55:46,17.29,-0.88,19.96,-43.0,grandpas_village,12.94,cloudy,25.763,9.806,0.00,11.77,world
735.32,2026-08-31 22:55:46,17.29,-0.88,19.96,-43.0,grandpas_village,12.96,cloudy,25.763,9.806,0.00,11.77,world
735.82,2026-08-31 22:55:47,17.29,-0.88,19.96,-43.0,grandpas_village,12.98,cloudy,25.763,9.806,0.00,11.77,world
736.32,2026-08-31 22:55:47,17.29,-0.88,19.96,-43.0,grandpas_village,13.00,cloudy,26.452,9.478,0.00,11.77,world
736.82,2026-08-31 22:55:48,17.29,-0.88,19.96,-43.0,grandpas_village,13.02,cloudy,33.886,35.386,0.00,11.77,world
737.32,2026-08-31 22:55:48,17.29,-0.88,19.96,-43.0,grandpas_village,13.04,cloudy,33.886,35.386,0.00,11.77,world
737.82,2026-08-31 22:55:49,17.29,-0.88,19.96,-43.0,grandpas_village,13.06,cloudy,33.886,35.386,0.00,11.77,world
738.32,2026-08-31 22:55:49,17.29,-0.88,19.96,-43.0,grandpas_village,13.08,cloudy,26.592,10.037,0.00,11.77,world
738.82,2026-08-31 22:55:50,17.29,-0.88,19.96,-43.0,grandpas_village,13.10,cloudy,25.784,9.189,0.00,11.77,world
739.32,2026-08-31 22:55:50,17.29,-0.88,19.96,-43.0,grandpas_village,13.12,cloudy,25.784,9.189,0.00,11.77,world
739.82,2026-08-31 22:55:51,17.29,-0.88,19.96,-43.0,grandpas_village,13.14,cloudy,25.784,9.189,0.00,11.77,world
740.32,2026-08-31 22:55:51,17.29,-0.88,19.96,-43.0,grandpas_village,13.16,cloudy,25.517,8.532,0.00,11.77,world
740.82,2026-08-31 22:55:52,17.29,-0.88,19.96,-43.0,grandpas_village,13.18,cloudy,25.517,8.532,0.00,11.77,world
741.32,2026-08-31 22:55:52,17.29,-0.88,19.96,-43.0,grandpas_village,13.20,cloudy,26.437,9.581,0.00,11.77,world
741.82,2026-08-31 22:55:53,17.29,-0.88,19.96,-43.0,grandpas_village,13.22,cloudy,26.437,9.581,0.00,11.77,world
742.32,2026-08-31 22:55:53,17.29,-0.88,19.96,-43.0,grandpas_village,13.24,cloudy,25.969,10.169,0.00,11.77,world
742.82,2026-08-31 22:55:54,17.29,-0.88,19.96,-43.0,grandpas_village,13.26,cloudy,25.969,10.169,0.00,11.77,world
743.32,2026-08-31 22:55:54,17.29,-0.88,19.96,-43.0,grandpas_village,13.28,cloudy,25.315,9.178,0.00,11.77,world
743.82,2026-08-31 22:55:55,17.29,-0.88,19.96,-43.0,grandpas_village,13.30,cloudy,25.315,9.178,0.00,11.77,world
744.32,2026-08-31 22:55:55,17.29,-0.88,19.96,-43.0,grandpas_village,13.32,cloudy,25.155,8.140,0.00,11.77,world
744.82,2026-08-31 22:55:56,17.29,-0.88,19.96,-43.0,grandpas_village,13.34,cloudy,25.155,8.140,0.00,11.77,world
745.32,2026-08-31 22:55:56,17.29,-0.88,19.96,-43.0,grandpas_village,13.36,cloudy,25.641,8.043,0.00,11.77,world
745.82,2026-08-31 22:55:57,17.29,-0.88,19.96,-43.0,grandpas_village,13.38,cloudy,31.171,9.036,0.00,11.77,world
746.32,2026-08-31 22:55:57,17.29,-0.88,19.96,-43.0,grandpas_village,13.40,cloudy,31.171,9.036,0.00,11.77,world
746.82,2026-08-31 22:55:58,17.29,-0.88,19.96,-43.0,grandpas_village,13.42,cloudy,26.422,8.526,0.00,11.77,world
747.32,2026-08-31 22:55:58,17.29,-0.88,19.96,-43.0,grandpas_village,13.44,cloudy,26.422,8.526,0.00,11.77,world
747.82,2026-08-31 22:55:59,17.29,-0.88,19.96,-43.0,grandpas_village,13.46,cloudy,26.422,8.526,0.00,11.77,world
748.32,2026-08-31 22:55:59,17.29,-0.88,19.96,-43.0,grandpas_village,13.48,cloudy,25.802,8.216,0.00,11.77,world
748.82,2026-08-31 22:56:00,17.29,-0.88,19.96,-43.0,grandpas_village,13.50,cloudy,24.859,9.164,0.00,11.77,world
749.32,2026-08-31 22:56:00,17.29,-0.88,19.96,-43.0,grandpas_village,13.52,cloudy,24.859,9.164,0.00,11.77,world
749.82,2026-08-31 22:56:01,17.29,-0.88,19.96,-43.0,grandpas_village,13.54,cloudy,26.102,9.233,0.00,11.77,world
750.32,2026-08-31 22:56:01,17.29,-0.88,19.96,-43.0,grandpas_village,13.56,cloudy,26.102,9.233,0.00,11.77,world
750.82,2026-08-31 22:56:02,17.29,-0.88,19.96,-43.0,grandpas_village,13.58,cloudy,24.130,8.894,0.00,11.77,world
751.32,2026-08-31 22:56:02,17.29,-0.88,19.96,-43.0,grandpas_village,13.60,cloudy,24.130,8.894,0.00,11.77,world
751.82,2026-08-31 22:56:03,17.29,-0.88,19.96,-43.0,grandpas_village,13.62,cloudy,24.130,8.894,0.00,11.77,world
752.32,2026-08-31 22:56:03,17.29,-0.88,19.96,-43.0,grandpas_village,13.64,cloudy,29.898,8.860,0.00,11.77,world
752.82,2026-08-31 22:56:04,17.29,-0.88,19.96,-43.0,grandpas_village,13.66,cloudy,26.411,8.366,0.00,11.77,world
753.32,2026-08-31 22:56:04,17.29,-0.88,19.96,-43.0,grandpas_village,13.68,cloudy,26.411,8.366,0.00,11.77,world
753.82,2026-08-31 22:56:05,17.29,-0.88,19.96,-43.0,grandpas_village,13.70,cloudy,26.411,8.366,0.00,11.77,world
754.32,2026-08-31 22:56:05,17.29,-0.88,19.96,-43.0,grandpas_village,13.72,cloudy,27.222,8.993,0.00,11.77,world
754.82,2026-08-31 22:56:06,17.29,-0.88,19.96,-43.0,grandpas_village,13.74,cloudy,27.222,8.993,0.00,11.77,world
755.32,2026-08-31 22:56:06,17.29,-0.88,19.96,-43.0,grandpas_village,13.76,cloudy,28.254,10.337,0.00,11.77,world
755.82,2026-08-31 22:56:07,17.29,-0.88,19.96,-43.0,grandpas_village,13.78,cloudy,34.254,9.510,0.00,11.77,world
756.32,2026-08-31 22:56:07,17.29,-0.88,19.96,-43.0,grandpas_village,13.80,cloudy,34.254,9.510,0.00,11.77,world
756.82,2026-08-31 22:56:08,17.29,-0.88,19.96,-43.0,grandpas_village,13.82,cloudy,26.657,11.349,0.00,11.77,world
757.32,2026-08-31 22:56:08,17.29,-0.88,19.96,-43.0,grandpas_village,13.84,cloudy,26.657,11.349,0.00,11.77,world
757.82,2026-08-31 22:56:09,17.29,-0.88,19.96,-43.0,grandpas_village,13.86,cloudy,28.972,8.873,0.00,11.77,world
758.32,2026-08-31 22:56:09,17.29,-0.88,19.96,-43.0,grandpas_village,13.88,cloudy,28.972,8.873,0.00,11.77,world
758.82,2026-08-31 22:56:10,17.29,-0.88,19.96,-43.0,grandpas_village,13.90,cloudy,29.040,10.645,0.00,11.77,world
759.32,2026-08-31 22:56:10,17.29,-0.88,19.96,-43.0,grandpas_village,13.92,cloudy,29.040,10.645,0.00,11.77,world
759.82,2026-08-31 22:56:11,17.29,-0.88,19.96,-43.0,grandpas_village,13.94,cloudy,29.040,10.645,0.00,11.77,world
760.32,2026-08-31 22:56:11,17.29,-0.88,19.96,-43.0,grandpas_village,13.96,cloudy,27.651,9.497,0.00,11.77,world
760.82,2026-08-31 22:56:12,17.29,-0.88,19.96,-43.0,grandpas_village,13.98,cloudy,27.651,9.497,0.00,11.77,world
761.32,2026-08-31 22:56:12,17.29,-0.88,19.96,-43.0,grandpas_village,14.00,cloudy,24.593,8.263,0.00,11.77,world
761.82,2026-08-31 22:56:13,17.29,-0.88,19.96,-43.0,grandpas_village,14.02,cloudy,25.381,7.493,0.00,11.77,world
762.32,2026-08-31 22:56:13,17.29,-0.88,19.96,-43.0,grandpas_village,14.04,cloudy,25.381,7.493,0.00,11.77,world
762.82,2026-08-31 22:56:14,17.29,-0.88,19.96,-43.0,grandpas_village,14.06,cloudy,25.381,7.493,0.00,11.77,world
763.32,2026-08-31 22:56:14,17.29,-0.88,19.96,-43.0,grandpas_village,14.08,cloudy,26.095,8.352,0.00,11.77,world
763.82,2026-08-31 22:56:15,17.29,-0.88,19.96,-43.0,grandpas_village,14.10,cloudy,26.095,8.352,0.00,11.77,world
764.32,2026-08-31 22:56:15,17.29,-0.88,19.96,-43.0,grandpas_village,14.12,cloudy,26.965,8.317,0.00,11.77,world
764.82,2026-08-31 22:56:16,17.29,-0.88,19.96,-43.0,grandpas_village,14.14,cloudy,26.965,8.317,0.00,11.77,world
765.32,2026-08-31 22:56:16,17.29,-0.88,19.96,-43.0,grandpas_village,14.16,cloudy,27.689,9.371,0.00,11.77,world
765.82,2026-08-31 22:56:17,17.29,-0.88,19.96,-43.0,grandpas_village,14.18,cloudy,27.689,9.371,0.00,11.77,world
766.32,2026-08-31 22:56:17,17.29,-0.88,19.96,-43.0,grandpas_village,14.20,cloudy,29.272,12.455,0.00,11.77,world
766.82,2026-08-31 22:56:18,17.29,-0.88,19.96,-43.0,grandpas_village,14.22,cloudy,29.989,11.310,0.00,11.77,world
767.32,2026-08-31 22:56:18,17.29,-0.88,19.96,-43.0,grandpas_village,14.24,cloudy,29.989,11.310,0.00,11.77,world
767.82,2026-08-31 22:56:19,17.29,-0.88,19.96,-43.0,grandpas_village,14.26,cloudy,29.989,11.310,0.00,11.77,world
768.32,2026-08-31 22:56:19,17.29,-0.88,19.96,-43.0,grandpas_village,14.28,cloudy,26.534,8.090,0.00,11.77,world
768.82,2026-08-31 22:56:20,17.29,-0.88,19.96,-43.0,grandpas_village,14.30,cloudy,30.283,36.052,0.00,11.77,world
769.32,2026-08-31 22:56:20,17.29,-0.88,19.96,-43.0,grandpas_village,14.32,cloudy,30.283,36.052,0.00,11.77,world
769.82,2026-08-31 22:56:21,17.29,-0.88,19.96,-43.0,grandpas_village,14.34,cloudy,30.283,36.052,0.00,11.77,world
770.32,2026-08-31 22:56:21,17.29,-0.88,19.96,-43.0,grandpas_village,14.36,cloudy,26.740,9.677,0.00,11.77,world
770.82,2026-08-31 22:56:22,17.29,-0.88,19.96,-43.0,grandpas_village,14.38,cloudy,27.542,10.866,0.00,11.77,world
771.32,2026-08-31 22:56:22,17.29,-0.88,19.96,-43.0,grandpas_village,14.40,cloudy,27.542,10.866,0.00,11.77,world
771.82,2026-08-31 22:56:23,17.29,-0.88,19.96,-43.0,grandpas_village,14.42,cloudy,27.542,10.866,0.00,11.77,world
772.32,2026-08-31 22:56:23,17.29,-0.88,19.96,-43.0,grandpas_village,14.44,cloudy,28.231,9.958,0.00,11.77,world
772.82,2026-08-31 22:56:24,17.29,-0.88,19.96,-43.0,grandpas_village,14.46,cloudy,27.484,10.765,0.00,11.77,world
773.32,2026-08-31 22:56:24,17.29,-0.88,19.96,-43.0,grandpas_village,14.48,cloudy,27.484,10.765,0.00,11.77,world
773.82,2026-08-31 22:56:25,17.29,-0.88,19.96,-43.0,grandpas_village,14.50,cloudy,27.484,10.765,0.00,11.77,world
774.32,2026-08-31 22:56:25,17.29,-0.88,19.96,-43.0,grandpas_village,14.52,cloudy,36.892,9.906,0.00,11.77,world
774.82,2026-08-31 22:56:26,17.29,-0.88,19.96,-43.0,grandpas_village,14.54,cloudy,29.665,10.297,0.00,11.77,world
775.32,2026-08-31 22:56:26,17.29,-0.88,19.96,-43.0,grandpas_village,14.56,cloudy,29.665,10.297,0.00,11.77,world
775.82,2026-08-31 22:56:27,17.29,-0.88,19.96,-43.0,grandpas_village,14.58,cloudy,28.725,11.151,0.00,11.77,world
776.32,2026-08-31 22:56:27,17.29,-0.88,19.96,-43.0,grandpas_village,14.60,cloudy,28.725,11.151,0.00,11.77,world
776.82,2026-08-31 22:56:28,17.29,-0.88,19.96,-43.0,grandpas_village,14.62,cloudy,28.725,11.151,0.00,11.77,world
777.32,2026-08-31 22:56:28,17.29,-0.88,19.96,-43.0,grandpas_village,14.64,cloudy,28.575,10.414,0.00,11.77,world
777.82,2026-08-31 22:56:29,17.29,-0.88,19.96,-43.0,grandpas_village,14.66,cloudy,31.855,10.678,0.00,11.77,world
778.32,2026-08-31 22:56:29,17.29,-0.88,19.96,-43.0,grandpas_village,14.68,cloudy,31.855,10.678,0.00,11.77,world
778.82,2026-08-31 22:56:30,17.29,-0.88,19.96,-43.0,grandpas_village,14.70,cloudy,31.855,10.678,0.00,11.77,world
779.32,2026-08-31 22:56:30,17.29,-0.88,19.96,-43.0,grandpas_village,14.72,cloudy,29.802,9.949,0.00,11.77,world
779.82,2026-08-31 22:56:31,17.29,-0.88,19.96,-43.0,grandpas_village,14.74,cloudy,28.611,10.087,0.00,11.77,world
780.32,2026-08-31 22:56:31,17.29,-0.88,19.96,-43.0,grandpas_village,14.76,cloudy,28.611,10.087,0.00,11.77,world
780.82,2026-08-31 22:56:32,17.29,-0.88,19.96,-43.0,grandpas_village,14.78,cloudy,28.611,10.087,0.00,11.77,world
781.32,2026-08-31 22:56:32,17.29,-0.88,19.96,-43.0,grandpas_village,14.80,cloudy,27.950,12.092,0.00,11.77,world
781.82,2026-08-31 22:56:33,17.29,-0.88,19.96,-43.0,grandpas_village,14.82,cloudy,27.950,12.092,0.00,11.77,world
782.32,2026-08-31 22:56:33,17.29,-0.88,19.96,-43.0,grandpas_village,14.84,cloudy,27.893,10.598,0.00,11.77,world
782.82,2026-08-31 22:56:34,17.29,-0.88,19.96,-43.0,grandpas_village,14.86,cloudy,27.893,10.598,0.00,11.77,world
783.32,2026-08-31 22:56:34,17.29,-0.88,19.96,-43.0,grandpas_village,14.88,cloudy,28.562,10.544,0.00,11.77,world
783.82,2026-08-31 22:56:35,17.29,-0.88,19.96,-43.0,grandpas_village,14.90,cloudy,28.562,10.544,0.00,11.77,world
784.32,2026-08-31 22:56:35,17.29,-0.88,19.96,-43.0,grandpas_village,14.92,cloudy,29.029,13.877,0.00,11.77,world
784.82,2026-08-31 22:56:36,17.29,-0.88,19.96,-43.0,grandpas_village,14.94,cloudy,28.896,8.752,0.00,11.77,world
785.32,2026-08-31 22:56:36,17.29,-0.88,19.96,-43.0,grandpas_village,14.96,cloudy,28.896,8.752,0.00,11.77,world
785.82,2026-08-31 22:56:37,17.29,-0.88,19.96,-43.0,grandpas_village,14.98,cloudy,29.534,9.166,0.00,11.77,world
786.32,2026-08-31 22:56:37,17.29,-0.88,19.96,-43.0,grandpas_village,15.00,cloudy,29.534,9.166,0.00,11.77,world
786.82,2026-08-31 22:56:38,17.29,-0.88,19.96,-43.0,grandpas_village,15.02,cloudy,29.534,9.166,0.00,11.77,world
787.32,2026-08-31 22:56:38,17.29,-0.88,19.96,-43.0,grandpas_village,15.04,cloudy,35.532,12.775,0.00,11.77,world
787.82,2026-08-31 22:56:39,17.29,-0.88,19.96,-43.0,grandpas_village,15.06,cloudy,26.868,10.111,0.00,11.77,world
788.32,2026-08-31 22:56:39,17.29,-0.88,19.96,-43.0,grandpas_village,15.08,cloudy,26.868,10.111,0.00,11.77,world
788.82,2026-08-31 22:56:40,17.29,-0.88,19.96,-43.0,grandpas_village,15.10,cloudy,26.868,10.111,0.00,11.77,world
789.32,2026-08-31 22:56:40,17.29,-0.88,19.96,-43.0,grandpas_village,15.12,cloudy,28.651,12.914,0.00,11.77,world
789.82,2026-08-31 22:56:41,17.29,-0.88,19.96,-43.0,grandpas_village,15.14,cloudy,28.063,11.191,0.00,11.77,world
790.32,2026-08-31 22:56:41,17.29,-0.88,19.96,-43.0,grandpas_village,15.16,cloudy,28.063,11.191,0.00,11.77,world
790.82,2026-08-31 22:56:42,17.29,-0.88,19.96,-43.0,grandpas_village,15.18,cloudy,26.839,9.212,0.00,11.77,world
791.32,2026-08-31 22:56:42,17.29,-0.88,19.96,-43.0,grandpas_village,15.20,cloudy,26.839,9.212,0.00,11.77,world
791.82,2026-08-31 22:56:43,17.29,-0.88,19.96,-43.0,grandpas_village,15.22,cloudy,26.839,9.212,0.00,11.77,world
792.32,2026-08-31 22:56:43,17.29,-0.88,19.96,-43.0,grandpas_village,15.24,cloudy,35.936,42.409,0.00,11.77,world
792.82,2026-08-31 22:56:44,17.29,-0.88,19.96,-43.0,grandpas_village,15.26,cloudy,35.936,42.409,0.00,11.77,world
793.32,2026-08-31 22:56:44,17.29,-0.88,19.96,-43.0,grandpas_village,15.28,cloudy,34.520,11.034,0.00,11.77,world
793.82,2026-08-31 22:56:45,17.29,-0.88,19.96,-43.0,grandpas_village,15.30,cloudy,34.520,11.034,0.00,11.77,world
794.32,2026-08-31 22:56:45,17.29,-0.88,19.96,-43.0,grandpas_village,15.32,cloudy,29.768,9.569,0.00,11.77,world
794.82,2026-08-31 22:56:46,17.29,-0.88,19.96,-43.0,grandpas_village,15.34,cloudy,29.768,9.569,0.00,11.77,world
795.32,2026-08-31 22:56:46,17.29,-0.88,19.96,-43.0,grandpas_village,15.36,cloudy,28.686,10.489,0.00,11.77,world
795.82,2026-08-31 22:56:47,17.29,-0.88,19.96,-43.0,grandpas_village,15.38,cloudy,28.686,10.489,0.00,11.77,world
796.32,2026-08-31 22:56:47,17.29,-0.88,19.96,-43.0,grandpas_village,15.40,cloudy,31.977,13.807,0.00,11.77,world
796.82,2026-08-31 22:56:48,17.29,-0.88,19.96,-43.0,grandpas_village,15.42,cloudy,31.977,13.807,0.00,11.77,world
797.32,2026-08-31 22:56:48,17.29,-0.88,19.96,-43.0,grandpas_village,15.44,cloudy,29.995,11.707,0.00,11.77,world
797.82,2026-08-31 22:56:49,17.29,-0.88,19.96,-43.0,grandpas_village,15.46,cloudy,27.339,8.424,0.00,11.77,world
798.32,2026-08-31 22:56:49,17.29,-0.88,19.96,-43.0,grandpas_village,15.48,cloudy,27.339,8.424,0.00,11.77,world
798.82,2026-08-31 22:56:50,17.29,-0.88,19.96,-43.0,grandpas_village,15.50,cloudy,26.902,8.486,0.00,11.77,world
799.32,2026-08-31 22:56:50,17.29,-0.88,19.96,-43.0,grandpas_village,15.52,cloudy,26.902,8.486,0.00,11.77,world
799.82,2026-08-31 22:56:51,17.29,-0.88,19.96,-43.0,grandpas_village,15.54,cloudy,28.247,8.867,0.00,11.77,world
800.32,2026-08-31 22:56:51,17.29,-0.88,19.96,-43.0,grandpas_village,15.56,cloudy,28.247,8.867,0.00,11.77,world
800.82,2026-08-31 22:56:52,17.29,-0.88,19.96,-43.0,grandpas_village,15.58,cloudy,27.099,9.658,0.00,11.77,world
801.32,2026-08-31 22:56:52,17.29,-0.88,19.96,-43.0,grandpas_village,15.60,cloudy,27.099,9.658,0.00,11.77,world
801.82,2026-08-31 22:56:53,17.29,-0.88,19.96,-43.0,grandpas_village,15.62,cloudy,27.099,9.658,0.00,11.77,world
802.32,2026-08-31 22:56:53,17.29,-0.88,19.96,-43.0,grandpas_village,15.64,cloudy,28.561,12.352,0.00,11.77,world
802.82,2026-08-31 22:56:54,17.29,-0.88,19.96,-43.0,grandpas_village,15.66,cloudy,28.561,12.352,0.00,11.77,world
803.32,2026-08-31 22:56:54,17.29,-0.88,19.96,-43.0,grandpas_village,15.68,cloudy,26.868,10.352,0.00,11.77,world
803.82,2026-08-31 22:56:55,17.29,-0.88,19.96,-43.0,grandpas_village,15.70,cloudy,27.427,9.474,0.00,11.77,world
804.32,2026-08-31 22:56:55,17.29,-0.88,19.96,-43.0,grandpas_village,15.72,cloudy,27.427,9.474,0.00,11.77,world
804.82,2026-08-31 22:56:56,17.29,-0.88,19.96,-43.0,grandpas_village,15.74,cloudy,26.903,9.519,0.00,11.77,world
805.32,2026-08-31 22:56:56,17.29,-0.88,19.96,-43.0,grandpas_village,15.76,cloudy,26.903,9.519,0.00,11.77,world
805.82,2026-08-31 22:56:57,17.29,-0.88,19.96,-43.0,grandpas_village,15.78,cloudy,29.494,9.109,0.00,11.77,world
806.32,2026-08-31 22:56:57,17.29,-0.88,19.96,-43.0,grandpas_village,15.80,cloudy,29.494,9.109,0.00,11.77,world
806.82,2026-08-31 22:56:58,17.29,-0.88,19.96,-43.0,grandpas_village,15.82,cloudy,29.494,9.109,0.00,11.77,world
807.32,2026-08-31 22:56:58,17.29,-0.88,19.96,-43.0,grandpas_village,15.84,cloudy,28.530,9.743,0.00,11.77,world
807.82,2026-08-31 22:56:59,17.29,-0.88,19.96,-43.0,grandpas_village,15.86,cloudy,28.530,9.743,0.00,11.77,world
808.32,2026-08-31 22:56:59,17.29,-0.88,19.96,-43.0,grandpas_village,15.88,cloudy,27.225,9.701,0.00,11.77,world
808.82,2026-08-31 22:57:00,17.29,-0.88,19.96,-43.0,grandpas_village,15.90,cloudy,28.260,10.401,0.00,11.77,world
809.32,2026-08-31 22:57:00,17.29,-0.88,19.96,-43.0,grandpas_village,15.92,cloudy,28.260,10.401,0.00,11.77,world
809.82,2026-08-31 22:57:01,17.29,-0.88,19.96,-43.0,grandpas_village,15.94,cloudy,40.075,16.907,0.00,11.77,world
810.32,2026-08-31 22:57:01,17.29,-0.88,19.96,-43.0,grandpas_village,15.96,cloudy,40.075,16.907,0.00,11.77,world
810.82,2026-08-31 22:57:02,17.29,-0.88,19.96,-43.0,grandpas_village,15.98,cloudy,40.075,16.907,0.00,11.77,world
811.32,2026-08-31 22:57:02,17.29,-0.88,19.96,-43.0,grandpas_village,16.00,cloudy,28.949,18.983,0.00,11.77,world
811.82,2026-08-31 22:57:03,17.29,-0.88,19.96,-43.0,grandpas_village,16.02,cloudy,28.949,18.983,0.00,11.77,world
812.32,2026-08-31 22:57:03,17.29,-0.88,19.96,-43.0,grandpas_village,16.04,cloudy,34.411,10.546,0.00,11.77,world
812.82,2026-08-31 22:57:04,17.29,-0.88,19.96,-43.0,grandpas_village,16.06,cloudy,27.371,9.182,0.00,11.77,world
813.32,2026-08-31 22:57:04,17.29,-0.88,19.96,-43.0,grandpas_village,16.08,cloudy,27.371,9.182,0.00,11.77,world
813.82,2026-08-31 22:57:05,17.29,-0.88,19.96,-43.0,grandpas_village,16.10,cloudy,27.371,9.182,0.00,11.77,world
814.32,2026-08-31 22:57:05,17.29,-0.88,19.96,-43.0,grandpas_village,16.12,cloudy,28.919,11.005,0.00,11.77,world
814.82,2026-08-31 22:57:06,17.29,-0.88,19.96,-43.0,grandpas_village,16.14,cloudy,28.737,11.044,0.00,11.77,world
815.32,2026-08-31 22:57:06,17.29,-0.88,19.96,-43.0,grandpas_village,16.16,cloudy,28.737,11.044,0.00,11.77,world
815.82,2026-08-31 22:57:07,17.29,-0.88,19.96,-43.0,grandpas_village,16.18,cloudy,28.737,11.044,0.00,11.77,world
816.32,2026-08-31 22:57:07,17.29,-0.88,19.96,-43.0,grandpas_village,16.20,cloudy,33.005,10.726,0.00,11.77,world
816.82,2026-08-31 22:57:08,17.29,-0.88,19.96,-43.0,grandpas_village,16.22,cloudy,29.180,11.018,0.00,11.77,world
817.32,2026-08-31 22:57:08,17.29,-0.88,19.96,-43.0,grandpas_village,16.24,cloudy,29.180,11.018,0.00,11.77,world
817.82,2026-08-31 22:57:09,17.29,-0.88,19.96,-43.0,grandpas_village,16.26,cloudy,29.180,11.018,0.00,11.77,world
818.32,2026-08-31 22:57:09,17.29,-0.88,19.96,-43.0,grandpas_village,16.28,cloudy,29.043,11.626,0.00,11.77,world
818.82,2026-08-31 22:57:10,17.29,-0.88,19.96,-43.0,grandpas_village,16.30,cloudy,28.169,11.114,0.00,11.77,world
819.32,2026-08-31 22:57:10,17.29,-0.88,19.96,-43.0,grandpas_village,16.32,cloudy,28.169,11.114,0.00,11.77,world
819.82,2026-08-31 22:57:11,17.29,-0.88,19.96,-43.0,grandpas_village,16.34,cloudy,28.169,11.114,0.00,11.77,world
820.32,2026-08-31 22:57:11,17.29,-0.88,19.96,-43.0,grandpas_village,16.36,cloudy,29.552,10.169,0.00,11.77,world
820.82,2026-08-31 22:57:12,17.29,-0.88,19.96,-43.0,grandpas_village,16.38,cloudy,34.519,14.174,0.00,11.77,world
821.32,2026-08-31 22:57:12,17.29,-0.88,19.96,-43.0,grandpas_village,16.40,cloudy,34.519,14.174,0.00,11.77,world
821.82,2026-08-31 22:57:13,17.29,-0.88,19.96,-43.0,grandpas_village,16.42,cloudy,26.893,10.878,0.00,11.77,world
822.32,2026-08-31 22:57:13,17.29,-0.88,19.96,-43.0,grandpas_village,16.44,cloudy,26.893,10.878,0.00,11.77,world
822.82,2026-08-31 22:57:14,17.29,-0.88,19.96,-43.0,grandpas_village,16.46,cloudy,32.233,10.357,0.00,11.77,world
823.32,2026-08-31 22:57:14,17.29,-0.88,19.96,-43.0,grandpas_village,16.48,cloudy,32.233,10.357,0.00,11.77,world
823.82,2026-08-31 22:57:15,17.29,-0.88,19.96,-43.0,grandpas_village,16.50,cloudy,26.012,9.632,0.00,11.77,world
824.32,2026-08-31 22:57:15,17.29,-0.88,19.96,-43.0,grandpas_village,16.52,cloudy,26.012,9.632,0.00,11.77,world
824.82,2026-08-31 22:57:16,17.29,-0.88,19.96,-43.0,grandpas_village,16.54,cloudy,26.012,9.632,0.00,11.77,world
825.32,2026-08-31 22:57:16,17.29,-0.88,19.96,-43.0,grandpas_village,16.56,cloudy,29.118,11.031,0.00,11.77,world
825.82,2026-08-31 22:57:17,17.29,-0.88,19.96,-43.0,grandpas_village,16.58,cloudy,29.118,11.031,0.00,11.77,world
826.32,2026-08-31 22:57:17,17.29,-0.88,19.96,-43.0,grandpas_village,16.60,cloudy,37.842,10.954,0.00,11.77,world
826.82,2026-08-31 22:57:18,17.29,-0.88,19.96,-43.0,grandpas_village,16.62,cloudy,37.842,10.954,0.00,11.77,world
827.32,2026-08-31 22:57:18,17.29,-0.88,19.96,-43.0,grandpas_village,16.64,cloudy,29.590,11.455,0.00,11.77,world
827.82,2026-08-31 22:57:19,17.29,-0.88,19.96,-43.0,grandpas_village,16.66,cloudy,27.379,9.975,0.00,11.77,world
828.32,2026-08-31 22:57:19,17.29,-0.88,19.96,-43.0,grandpas_village,16.68,cloudy,27.379,9.975,0.00,11.77,world
828.82,2026-08-31 22:57:20,17.29,-0.88,19.96,-43.0,grandpas_village,16.70,cloudy,27.687,10.296,0.00,11.77,world
829.32,2026-08-31 22:57:20,17.29,-0.88,19.96,-43.0,grandpas_village,16.72,cloudy,27.687,10.296,0.00,11.77,world
829.82,2026-08-31 22:57:21,17.29,-0.88,19.96,-43.0,grandpas_village,16.74,cloudy,27.687,10.296,0.00,11.77,world
830.32,2026-08-31 22:57:21,17.29,-0.88,19.96,-43.0,grandpas_village,16.76,cloudy,27.113,9.159,0.00,11.77,world
830.82,2026-08-31 22:57:22,17.29,-0.88,19.96,-43.0,grandpas_village,16.78,cloudy,37.856,26.874,0.00,11.77,world
831.32,2026-08-31 22:57:22,17.29,-0.88,19.96,-43.0,grandpas_village,16.80,cloudy,37.856,26.874,0.00,11.77,world
831.82,2026-08-31 22:57:23,17.29,-0.88,19.96,-43.0,grandpas_village,16.82,cloudy,37.856,26.874,0.00,11.77,world
832.32,2026-08-31 22:57:23,17.29,-0.88,19.96,-43.0,grandpas_village,16.84,cloudy,29.063,25.548,0.00,11.77,world
832.82,2026-08-31 22:57:24,17.29,-0.88,19.96,-43.0,grandpas_village,16.86,cloudy,29.063,25.548,0.00,11.77,world
833.32,2026-08-31 22:57:24,17.29,-0.88,19.96,-43.0,grandpas_village,16.88,cloudy,28.493,10.725,0.00,11.77,world
833.82,2026-08-31 22:57:25,17.29,-0.88,19.96,-43.0,grandpas_village,16.90,cloudy,30.267,9.447,0.00,11.77,world
834.32,2026-08-31 22:57:25,17.29,-0.88,19.96,-43.0,grandpas_village,16.92,cloudy,30.267,9.447,0.00,11.77,world
834.82,2026-08-31 22:57:26,17.29,-0.88,19.96,-43.0,grandpas_village,16.94,cloudy,30.267,9.447,0.00,11.77,world
835.32,2026-08-31 22:57:26,17.29,-0.88,19.96,-43.0,grandpas_village,16.96,cloudy,29.120,9.270,0.00,11.77,world
835.82,2026-08-31 22:57:27,17.29,-0.88,19.96,-43.0,grandpas_village,16.98,cloudy,28.744,8.815,0.00,11.77,world
836.32,2026-08-31 22:57:27,17.29,-0.88,19.96,-43.0,grandpas_village,17.00,cloudy,28.744,8.815,0.00,11.77,world
836.82,2026-08-31 22:57:28,17.29,-0.88,19.96,-43.0,grandpas_village,17.02,cloudy,28.744,8.815,0.00,11.77,world
837.32,2026-08-31 22:57:28,17.29,-0.88,19.96,-43.0,grandpas_village,17.04,cloudy,27.309,9.170,0.00,11.77,world
837.82,2026-08-31 22:57:29,17.29,-0.88,19.96,-43.0,grandpas_village,17.06,cloudy,26.620,8.604,0.00,11.77,world
838.32,2026-08-31 22:57:29,17.29,-0.88,19.96,-43.0,grandpas_village,17.08,cloudy,26.620,8.604,0.00,11.77,world
838.82,2026-08-31 22:57:30,17.29,-0.88,19.96,-43.0,grandpas_village,17.10,cloudy,32.667,9.225,0.00,11.77,world
839.32,2026-08-31 22:57:30,17.29,-0.88,19.96,-43.0,grandpas_village,17.12,cloudy,32.667,9.225,0.00,11.77,world
839.82,2026-08-31 22:57:31,17.29,-0.88,19.96,-43.0,grandpas_village,17.14,cloudy,31.228,10.674,0.00,11.77,world
840.32,2026-08-31 22:57:31,17.29,-0.88,19.96,-43.0,grandpas_village,17.16,cloudy,31.228,10.674,0.00,11.77,world
840.82,2026-08-31 22:57:32,17.29,-0.88,19.96,-43.0,grandpas_village,17.18,cloudy,27.698,8.755,0.00,11.77,world
841.32,2026-08-31 22:57:32,17.29,-0.88,19.96,-43.0,grandpas_village,17.20,cloudy,27.698,8.755,0.00,11.77,world
841.82,2026-08-31 22:57:33,17.29,-0.88,19.96,-43.0,grandpas_village,17.22,cloudy,27.713,11.846,0.00,11.77,world
842.32,2026-08-31 22:57:33,17.29,-0.88,19.96,-43.0,grandpas_village,17.24,cloudy,27.713,11.846,0.00,11.77,world
842.82,2026-08-31 22:57:34,17.29,-0.88,19.96,-43.0,grandpas_village,17.26,cloudy,32.224,12.925,0.00,11.77,world
843.32,2026-08-31 22:57:34,17.29,-0.88,19.96,-43.0,grandpas_village,17.28,cloudy,32.224,12.925,0.00,11.77,world
843.82,2026-08-31 22:57:35,17.29,-0.88,19.96,-43.0,grandpas_village,17.30,cloudy,32.224,12.925,0.00,11.77,world
844.48,2026-08-31 22:57:35,17.29,-0.88,19.96,-43.0,grandpas_village,17.33,cloudy,31.271,10.326,0.00,11.77,world
844.98,2026-08-31 22:57:36,17.29,-0.88,19.96,-43.0,grandpas_village,17.34,cloudy,32.526,12.255,0.00,11.77,world
845.48,2026-08-31 22:57:36,17.29,-0.88,19.96,-43.0,grandpas_village,17.36,cloudy,32.526,12.255,0.00,11.77,world
845.98,2026-08-31 22:57:37,17.29,-0.88,19.96,-43.0,grandpas_village,17.38,cloudy,27.638,10.268,0.00,11.77,world
846.48,2026-08-31 22:57:37,17.29,-0.88,19.96,-43.0,grandpas_village,17.41,cloudy,27.638,10.268,0.00,11.77,world
846.98,2026-08-31 22:57:38,17.29,-0.88,19.96,-43.0,grandpas_village,17.42,cloudy,30.665,9.692,0.00,11.77,world
847.50,2026-08-31 22:57:38,17.29,-0.88,19.96,-43.0,grandpas_village,17.45,cloudy,30.665,9.692,0.00,11.77,world
848.17,2026-08-31 22:57:39,17.29,-0.88,19.96,-43.0,grandpas_village,17.47,cloudy,27.095,10.070,0.00,11.77,world
848.67,2026-08-31 22:57:40,17.73,-0.62,17.90,168.0,grandpas_village,17.49,cloudy,27.095,10.070,0.00,10.08,world
849.17,2026-08-31 22:57:40,18.22,-0.29,15.64,168.0,grandpas_village,17.51,cloudy,27.803,10.211,0.00,8.44,world
849.67,2026-08-31 22:57:41,18.71,0.06,13.38,168.1,grandpas_village,17.53,cloudy,27.803,10.211,0.00,7.20,world
850.17,2026-08-31 22:57:41,19.19,0.39,11.12,168.1,grandpas_village,17.55,cloudy,28.822,10.325,0.00,6.55,world
850.67,2026-08-31 22:57:42,19.68,0.67,8.83,168.1,grandpas_village,17.57,cloudy,28.822,10.325,0.00,6.68,world
851.17,2026-08-31 22:57:42,20.18,0.84,6.46,168.1,grandpas_village,17.59,cloudy,28.924,10.113,0.00,7.62,world
851.67,2026-08-31 22:57:43,20.70,0.90,4.04,168.1,grandpas_village,17.61,cloudy,28.924,10.113,0.00,7.56,world
852.17,2026-08-31 22:57:43,21.21,0.90,1.60,168.1,grandpas_village,17.63,cloudy,33.170,10.745,0.00,8.09,world
852.67,2026-08-31 22:57:44,21.85,0.90,-0.72,168.2,grandpas_village,17.65,cloudy,33.170,10.745,0.00,9.11,world
853.17,2026-08-31 22:57:44,22.59,0.90,-2.93,168.7,grandpas_village,17.67,cloudy,28.695,9.898,0.00,8.98,world
853.67,2026-08-31 22:57:45,23.08,0.90,-5.38,168.7,grandpas_village,17.69,cloudy,28.695,9.898,0.00,7.40,world
854.17,2026-08-31 22:57:45,23.57,0.90,-7.84,168.7,grandpas_village,17.71,cloudy,29.885,12.134,0.00,6.43,world
854.67,2026-08-31 22:57:46,24.06,0.90,-10.29,168.7,grandpas_village,17.73,cloudy,29.885,12.134,0.00,6.37,world
855.17,2026-08-31 22:57:46,24.55,0.90,-12.74,168.7,grandpas_village,17.75,cloudy,31.899,11.213,0.00,5.60,world
855.67,2026-08-31 22:57:47,25.04,0.90,-15.19,168.7,grandpas_village,17.77,cloudy,31.899,11.213,0.00,5.10,world
856.17,2026-08-31 22:57:47,25.53,0.90,-17.64,168.7,grandpas_village,17.79,cloudy,29.964,12.255,0.00,5.77,world
856.67,2026-08-31 22:57:48,25.37,0.90,-18.46,-117.8,grandpas_village,17.81,cloudy,29.964,12.255,0.00,5.71,world
857.17,2026-08-31 22:57:48,24.48,0.90,-20.17,164.4,grandpas_village,17.83,cloudy,29.302,12.592,0.00,3.86,world
857.67,2026-08-31 22:57:49,25.16,0.83,-22.60,164.4,grandpas_village,17.85,cloudy,29.302,12.592,0.00,1.81,world
858.17,2026-08-31 22:57:49,25.85,0.63,-25.07,164.5,grandpas_village,17.87,cloudy,28.098,11.503,0.00,2.14,world
858.67,2026-08-31 22:57:50,26.46,0.40,-27.24,164.5,grandpas_village,17.89,cloudy,28.098,11.503,0.00,4.07,world
859.17,2026-08-31 22:57:50,26.89,0.34,-27.13,74.5,grandpas_village,17.91,cloudy,28.869,10.707,0.00,4.26,world
859.67,2026-08-31 22:57:51,29.38,-0.08,-26.44,74.5,grandpas_village,17.93,cloudy,28.869,10.707,0.00,5.91,world
860.17,2026-08-31 22:57:51,30.46,-0.42,-27.58,-177.9,grandpas_village,17.95,cloudy,29.101,45.691,0.00,7.03,world
860.67,2026-08-31 22:57:52,30.38,-0.50,-30.12,-177.8,grandpas_village,17.97,cloudy,29.101,45.691,0.00,4.51,world
861.17,2026-08-31 22:57:52,30.30,-0.39,-32.58,-177.7,grandpas_village,17.99,cloudy,38.026,18.679,0.00,2.09,world
861.67,2026-08-31 22:57:53,30.07,-0.14,-35.17,-179.1,grandpas_village,18.01,cloudy,38.026,18.679,0.00,0.96,world
862.28,2026-08-31 22:57:53,26.31,0.28,-30.08,104.6,grandpas_village,18.04,cloudy,28.812,13.444,0.00,5.83,combat
862.78,2026-08-31 22:57:54,26.31,0.28,-30.08,104.6,grandpas_village,18.06,cloudy,28.812,13.444,0.00,5.83,combat
863.28,2026-08-31 22:57:54,26.31,0.28,-30.08,104.6,grandpas_village,18.08,cloudy,33.118,19.075,0.00,5.83,combat
863.78,2026-08-31 22:57:55,26.31,0.28,-30.08,104.6,grandpas_village,18.10,cloudy,33.118,19.075,0.00,5.83,combat
864.28,2026-08-31 22:57:55,26.31,0.28,-30.08,104.6,grandpas_village,18.12,cloudy,28.063,10.464,0.00,5.83,combat
864.78,2026-08-31 22:57:56,26.31,0.28,-30.08,104.6,grandpas_village,18.14,cloudy,28.063,10.464,0.00,5.83,combat
865.32,2026-08-31 22:57:56,26.31,0.28,-30.08,104.6,grandpas_village,18.16,cloudy,30.213,13.082,0.00,4.47,combat
866.62,2026-08-31 22:57:57,26.31,0.28,-30.08,104.6,grandpas_village,18.21,cloudy,27.796,10.890,0.00,4.41,combat
867.82,2026-08-31 22:57:59,26.31,0.28,-30.08,104.6,grandpas_village,18.26,cloudy,37.347,15.394,0.00,4.41,combat
869.07,2026-08-31 22:58:00,26.31,0.28,-30.08,104.6,grandpas_village,18.31,cloudy,39.427,10.441,0.00,4.67,combat
870.35,2026-08-31 22:58:01,26.31,0.28,-30.08,104.6,grandpas_village,18.36,cloudy,30.320,12.280,0.00,5.83,combat
871.68,2026-08-31 22:58:03,26.31,0.28,-30.08,104.6,grandpas_village,18.41,cloudy,28.610,12.240,0.00,5.83,combat
873.00,2026-08-31 22:58:04,26.31,0.28,-30.08,104.6,grandpas_village,18.47,cloudy,36.039,9.320,0.00,5.53,combat
874.22,2026-08-31 22:58:05,26.31,0.28,-30.08,104.6,grandpas_village,18.51,cloudy,29.444,12.332,0.00,5.53,combat
875.33,2026-08-31 22:58:07,26.31,0.28,-30.08,104.6,grandpas_village,18.56,cloudy,29.574,25.579,0.00,5.53,world
876.60,2026-08-31 22:58:08,26.31,0.28,-30.08,104.6,grandpas_village,18.61,cloudy,28.553,7.020,0.00,5.53,world
877.80,2026-08-31 22:58:09,26.31,0.28,-30.08,104.6,grandpas_village,18.66,cloudy,29.394,12.253,0.00,5.53,world
878.92,2026-08-31 22:58:10,26.31,0.28,-30.08,104.6,grandpas_village,18.70,cloudy,30.452,11.551,0.00,5.83,world
880.12,2026-08-31 22:58:11,26.31,0.28,-30.08,104.6,grandpas_village,18.75,cloudy,30.675,23.176,0.00,5.83,world
881.27,2026-08-31 22:58:13,26.31,0.28,-30.08,104.6,grandpas_village,18.80,cloudy,29.864,10.833,0.00,5.83,world
882.40,2026-08-31 22:58:14,26.31,0.28,-30.08,104.6,grandpas_village,18.84,cloudy,27.334,10.579,0.00,5.83,world
883.50,2026-08-31 22:58:15,26.31,0.28,-30.08,104.6,grandpas_village,18.89,cloudy,27.440,8.214,0.00,5.83,world
884.67,2026-08-31 22:58:16,26.31,0.28,-30.08,104.6,grandpas_village,18.93,cloudy,29.992,10.896,0.00,5.83,world
885.80,2026-08-31 22:58:17,26.31,0.28,-30.08,104.6,grandpas_village,18.98,cloudy,27.902,11.241,0.00,5.83,world
887.00,2026-08-31 22:58:18,26.31,0.28,-30.08,104.6,grandpas_village,19.03,cloudy,28.292,11.491,0.00,5.83,world
888.15,2026-08-31 22:58:19,26.31,0.28,-30.08,104.6,grandpas_village,19.07,cloudy,34.075,10.383,0.00,5.83,world
889.40,2026-08-31 22:58:21,26.31,0.28,-30.08,104.6,grandpas_village,19.12,cloudy,28.682,11.655,0.00,5.83,world
890.68,2026-08-31 22:58:22,26.31,0.28,-30.08,104.6,grandpas_village,19.17,cloudy,29.457,8.972,0.00,5.83,world
891.82,2026-08-31 22:58:23,26.31,0.28,-30.08,104.6,grandpas_village,19.22,cloudy,30.497,12.419,0.00,5.83,world
892.32,2026-08-31 22:58:24,26.31,0.28,-30.08,104.6,grandpas_village,19.24,cloudy,30.497,12.419,0.00,5.83,world
892.82,2026-08-31 22:58:24,26.31,0.28,-30.08,104.6,grandpas_village,19.26,cloudy,28.684,10.644,0.00,5.83,world
893.32,2026-08-31 22:58:25,26.31,0.28,-30.08,104.6,grandpas_village,19.28,cloudy,28.684,10.644,0.00,5.83,world
893.82,2026-08-31 22:58:25,26.31,0.28,-30.08,104.6,grandpas_village,19.30,cloudy,31.427,13.144,0.00,5.83,world
894.32,2026-08-31 22:58:26,26.31,0.28,-30.08,104.6,grandpas_village,19.32,cloudy,31.427,13.144,0.00,5.83,world
894.82,2026-08-31 22:58:26,26.31,0.28,-30.08,104.6,grandpas_village,19.34,cloudy,34.734,10.789,0.00,5.83,world
895.32,2026-08-31 22:58:27,26.31,0.28,-30.08,104.6,grandpas_village,19.36,cloudy,34.734,10.789,0.00,5.83,world
895.82,2026-08-31 22:58:27,26.31,0.28,-30.08,104.6,grandpas_village,19.38,cloudy,25.096,7.722,0.00,5.83,world
896.32,2026-08-31 22:58:28,26.31,0.28,-30.08,104.6,grandpas_village,19.40,cloudy,25.096,7.722,0.00,5.83,world
896.82,2026-08-31 22:58:28,26.31,0.28,-30.08,104.6,grandpas_village,19.42,cloudy,33.063,13.371,0.00,5.83,world
897.32,2026-08-31 22:58:29,26.31,0.28,-30.08,104.6,grandpas_village,19.44,cloudy,33.063,13.371,0.00,5.83,world
897.82,2026-08-31 22:58:29,26.31,0.28,-30.08,104.6,grandpas_village,19.46,cloudy,26.176,9.782,0.00,5.83,world
898.32,2026-08-31 22:58:30,26.31,0.28,-30.08,104.6,grandpas_village,19.48,cloudy,26.176,9.782,0.00,5.83,world
898.82,2026-08-31 22:58:30,26.31,0.28,-30.08,104.6,grandpas_village,19.50,cloudy,26.881,9.251,0.00,5.83,world
899.32,2026-08-31 22:58:31,26.31,0.28,-30.08,104.6,grandpas_village,19.52,cloudy,26.881,9.251,0.00,5.83,world
899.82,2026-08-31 22:58:31,26.31,0.28,-30.08,115.1,grandpas_village,19.54,cloudy,32.503,10.319,0.00,5.82,world
900.32,2026-08-31 22:58:32,24.24,0.53,-30.72,-107.1,grandpas_village,19.56,cloudy,32.503,10.319,0.00,3.97,world
900.82,2026-08-31 22:58:32,21.94,0.72,-31.43,-107.1,grandpas_village,19.58,cloudy,24.987,9.946,0.00,2.57,world
901.32,2026-08-31 22:58:33,19.60,0.83,-32.15,-107.1,grandpas_village,19.60,cloudy,24.987,9.946,0.00,3.03,world
901.82,2026-08-31 22:58:33,17.23,0.90,-32.87,-107.1,grandpas_village,19.62,cloudy,26.976,9.928,0.00,4.90,world
902.32,2026-08-31 22:58:34,14.85,0.91,-33.60,-107.1,grandpas_village,19.64,cloudy,26.976,9.928,0.00,5.72,world
902.82,2026-08-31 22:58:34,12.46,0.92,-34.33,-107.1,grandpas_village,19.66,cloudy,37.589,15.735,0.00,6.47,world
903.32,2026-08-31 22:58:35,10.09,0.98,-35.06,-107.1,grandpas_village,19.68,cloudy,37.589,15.735,0.00,4.23,world
903.82,2026-08-31 22:58:35,7.74,1.07,-35.78,-107.1,grandpas_village,19.70,cloudy,26.410,10.149,0.00,2.49,world
904.32,2026-08-31 22:58:36,5.39,1.17,-36.49,-107.1,grandpas_village,19.72,cloudy,26.410,10.149,0.00,2.57,world
904.82,2026-08-31 22:58:36,3.03,1.24,-37.22,-107.1,grandpas_village,19.74,cloudy,26.125,10.735,0.00,4.38,world
905.32,2026-08-31 22:58:37,0.66,1.29,-37.94,-107.1,grandpas_village,19.76,cloudy,26.125,10.735,0.00,6.64,world
905.82,2026-08-31 22:58:37,-1.72,1.33,-38.67,-107.2,grandpas_village,19.78,cloudy,26.456,16.033,0.00,9.02,world
906.32,2026-08-31 22:58:38,-4.13,1.26,-39.42,-107.2,grandpas_village,19.80,cloudy,26.456,16.033,0.00,11.24,world
906.82,2026-08-31 22:58:38,-4.41,1.24,-39.51,-107.2,grandpas_village,19.82,cloudy,26.592,10.875,0.00,11.47,world
907.32,2026-08-31 22:58:39,-4.41,1.24,-39.51,-107.2,grandpas_village,19.84,cloudy,26.592,10.875,0.00,11.47,world
907.82,2026-08-31 22:58:39,-4.41,1.24,-39.51,-107.2,grandpas_village,19.86,cloudy,27.611,8.588,0.00,11.47,world
908.32,2026-08-31 22:58:40,-4.41,1.24,-39.51,-107.2,grandpas_village,19.88,cloudy,27.611,8.588,0.00,11.47,world
909.13,2026-08-31 22:58:40,-4.41,2.62,-39.51,-107.2,grandpas_village,19.91,cloudy,27.116,11.222,0.00,11.47,world
909.63,2026-08-31 22:58:41,-4.41,1.24,-39.51,-107.2,grandpas_village,19.93,cloudy,27.464,10.910,0.00,11.47,world
910.13,2026-08-31 22:58:41,-4.41,1.24,-39.51,-107.2,grandpas_village,19.95,cloudy,27.464,10.910,0.00,11.47,world
910.63,2026-08-31 22:58:42,-4.41,1.24,-39.51,-107.2,grandpas_village,19.97,cloudy,48.925,11.187,0.00,11.47,world
911.13,2026-08-31 22:58:42,-4.41,1.24,-39.51,-107.2,grandpas_village,19.99,cloudy,48.925,11.187,0.00,11.47,world
911.63,2026-08-31 22:58:43,-4.41,1.24,-39.51,-107.2,grandpas_village,20.01,cloudy,35.561,12.459,0.00,11.47,world
912.13,2026-08-31 22:58:43,-4.41,1.24,-39.51,-107.2,grandpas_village,20.03,cloudy,35.561,12.459,0.00,11.47,world
912.63,2026-08-31 22:58:44,-4.41,1.24,-39.51,-107.2,grandpas_village,20.05,cloudy,31.426,14.066,0.00,11.47,world
913.13,2026-08-31 22:58:44,-4.41,1.24,-39.51,-107.2,grandpas_village,20.07,cloudy,31.426,14.066,0.00,11.47,world
913.63,2026-08-31 22:58:45,-4.41,1.24,-39.51,-107.2,grandpas_village,20.09,cloudy,32.183,16.224,0.00,11.47,world
914.13,2026-08-31 22:58:45,-4.41,1.24,-39.51,-107.2,grandpas_village,20.11,cloudy,32.183,16.224,0.00,11.47,world
914.63,2026-08-31 22:58:46,-4.41,1.24,-39.51,-107.2,grandpas_village,20.13,cloudy,33.689,14.320,0.00,11.47,world
915.13,2026-08-31 22:58:46,-4.41,1.24,-39.51,-107.2,grandpas_village,20.15,cloudy,33.689,14.320,0.00,11.47,world
915.63,2026-08-31 22:58:47,-4.41,1.24,-39.51,-107.2,grandpas_village,20.17,cloudy,30.405,11.755,0.00,11.47,world
916.13,2026-08-31 22:58:47,-4.41,1.24,-39.51,-107.2,grandpas_village,20.19,cloudy,30.405,11.755,0.00,11.47,world
916.63,2026-08-31 22:58:48,-4.41,1.24,-39.51,-107.2,grandpas_village,20.21,cloudy,32.361,13.390,0.00,11.47,world
917.17,2026-08-31 22:58:49,-4.41,1.24,-39.51,-107.2,grandpas_village,20.23,cloudy,32.361,13.390,0.00,11.47,menu_backpack
917.67,2026-08-31 22:58:49,-4.41,1.24,-39.51,-107.2,grandpas_village,20.23,cloudy,194.929,12.994,0.00,11.47,menu_backpack
918.18,2026-08-31 22:58:49,-4.41,1.24,-39.51,-107.2,grandpas_village,20.23,cloudy,194.929,12.994,0.00,11.47,menu_backpack
918.68,2026-08-31 22:58:50,-4.41,1.24,-39.51,-107.2,grandpas_village,20.23,cloudy,7.415,5.949,0.00,11.47,world
919.18,2026-08-31 22:58:51,-4.41,1.24,-39.51,-107.2,grandpas_village,20.24,cloudy,7.415,5.949,0.00,11.47,menu_backpack
919.83,2026-08-31 22:58:51,-4.41,1.24,-39.51,-107.2,grandpas_village,20.25,cloudy,162.408,13.684,0.00,11.47,world
920.33,2026-08-31 22:58:52,-4.41,1.24,-39.51,-107.2,grandpas_village,20.26,cloudy,163.446,22.518,0.00,11.47,menu_backpack
920.85,2026-08-31 22:58:52,-4.41,1.24,-39.51,-107.2,grandpas_village,20.26,cloudy,163.446,22.518,0.00,11.47,menu_backpack
921.57,2026-08-31 22:58:53,-4.41,1.24,-39.51,-107.2,grandpas_village,20.27,cloudy,110.798,37.644,0.00,11.47,menu_backpack
922.17,2026-08-31 22:58:54,-4.41,1.24,-39.51,-107.2,grandpas_village,20.27,cloudy,110.798,37.644,0.00,11.47,menu_map
922.68,2026-08-31 22:58:54,-4.41,1.24,-39.51,-107.2,grandpas_village,20.28,cloudy,165.112,132.375,0.00,11.47,world
923.30,2026-08-31 22:58:55,-4.41,1.24,-39.51,-107.2,grandpas_village,20.29,cloudy,224.402,15.142,0.00,11.47,menu_quest_log
924.23,2026-08-31 22:58:56,-4.41,1.24,-39.51,-107.2,grandpas_village,20.29,cloudy,189.507,8.871,0.00,11.47,menu_save
924.83,2026-08-31 22:58:56,-4.41,1.24,-39.51,-107.2,grandpas_village,20.29,cloudy,189.507,8.871,0.00,11.47,menu_save
925.50,2026-08-31 22:58:57,-4.41,1.24,-39.51,-107.2,grandpas_village,20.29,cloudy,41.928,5.757,0.00,11.47,menu_save
926.00,2026-08-31 22:58:58,-4.41,1.24,-39.51,-107.2,grandpas_village,20.29,cloudy,41.928,5.757,0.00,11.47,menu_save
926.50,2026-08-31 22:58:58,-4.41,1.24,-39.51,-107.2,grandpas_village,20.29,cloudy,43.701,6.046,0.00,11.47,menu_save
927.00,2026-08-31 22:58:59,-4.41,1.24,-39.51,-107.2,grandpas_village,20.29,cloudy,43.701,6.046,0.00,11.47,menu_save
927.52,2026-08-31 22:58:59,-4.41,1.24,-39.51,-107.2,grandpas_village,20.29,cloudy,43.663,6.149,0.00,11.47,world
