t,wall,x,y,z,heading,region,clock_hour,weather,frame_ms,physics_ms,dead_travel_m,nearest_poi_dist_m,input_context
0.75,2026-08-31 01:53:37,0.00,0.00,0.00,0.0,grandpas_village,0.00,,23.778,4.128,0.00,,title
0.90,2026-08-31 01:53:37,0.00,0.00,0.00,0.0,grandpas_village,0.00,,23.778,4.128,0.00,,title
1.60,2026-08-31 01:54:13,-180.00,23.55,2730.00,30.0,corridor,8.02,clear,28307.220,3525.222,0.00,,world
2.10,2026-08-31 01:54:13,-180.00,14.12,2730.00,30.0,corridor,8.04,clear,28307.220,3525.222,0.00,,world
2.60,2026-08-31 01:54:14,-180.00,-2.91,2730.00,30.0,corridor,8.06,clear,17.998,2.911,0.00,,world
3.10,2026-08-31 01:54:14,-180.00,-2.91,2730.00,30.0,corridor,8.08,clear,17.998,2.911,0.00,,world
3.60,2026-08-31 01:54:15,-180.00,-2.91,2730.00,30.0,corridor,8.10,clear,18.963,4.292,0.00,,world
4.10,2026-08-31 01:54:15,-180.00,-2.91,2730.00,30.0,corridor,8.12,clear,18.963,4.292,0.00,,world
4.60,2026-08-31 01:54:16,-180.00,-2.91,2730.00,30.0,corridor,8.14,clear,18.498,4.281,0.00,,world
5.10,2026-08-31 01:54:16,-180.00,-2.91,2730.00,30.0,corridor,8.16,clear,18.498,4.281,0.00,,world
5.60,2026-08-31 01:54:17,-180.00,-2.91,2730.00,30.0,corridor,8.18,clear,15.667,9.342,0.00,,world
6.10,2026-08-31 01:54:17,-180.00,-2.91,2730.00,30.0,corridor,8.20,clear,15.667,9.342,0.00,,world
6.60,2026-08-31 01:54:18,-180.00,-2.91,2730.00,30.0,corridor,8.22,clear,15.445,3.608,0.00,,world
7.10,2026-08-31 01:54:18,-180.00,-2.91,2730.00,30.0,corridor,8.24,clear,15.445,3.608,0.00,,world
7.60,2026-08-31 01:54:19,-180.00,-2.91,2730.00,30.0,corridor,8.26,clear,15.495,3.423,0.00,,world
8.10,2026-08-31 01:54:19,-180.00,-2.91,2730.00,30.0,corridor,8.28,clear,15.495,3.423,0.00,,world
8.60,2026-08-31 01:54:20,-180.00,-2.91,2730.00,30.0,corridor,8.30,clear,16.116,3.520,0.00,,world
9.10,2026-08-31 01:54:20,-180.00,-2.91,2730.00,30.0,corridor,8.32,clear,16.116,3.520,0.00,,world
9.60,2026-08-31 01:54:21,-180.00,-2.91,2730.00,30.0,corridor,8.34,clear,14.970,3.207,0.00,,world
10.10,2026-08-31 01:54:21,-180.00,-2.91,2730.00,30.0,corridor,8.36,clear,14.970,3.207,0.00,,world
10.60,2026-08-31 01:54:22,-180.00,-2.91,2730.00,30.0,corridor,8.38,clear,15.685,3.938,0.00,,world
11.10,2026-08-31 01:54:22,-180.00,-2.91,2730.00,30.0,corridor,8.40,clear,15.685,3.938,0.00,,world
11.60,2026-08-31 01:54:23,-180.00,-2.91,2730.00,30.0,corridor,8.42,clear,16.383,4.186,0.00,,world
12.10,2026-08-31 01:54:23,-180.00,-2.91,2730.00,30.0,corridor,8.44,clear,16.383,4.186,0.00,,world
12.60,2026-08-31 01:54:24,-180.00,-2.91,2730.00,30.0,corridor,8.46,clear,16.657,4.889,0.00,,world
13.10,2026-08-31 01:54:24,-180.00,-2.91,2730.00,30.0,corridor,8.48,clear,16.657,4.889,0.00,,world
13.60,2026-08-31 01:54:25,-180.00,-2.91,2730.00,30.0,corridor,8.50,clear,15.975,3.939,0.00,,world
14.10,2026-08-31 01:54:25,-180.00,-2.91,2730.00,30.0,corridor,8.52,clear,15.975,3.939,0.00,,world
14.60,2026-08-31 01:54:26,-180.00,-2.91,2730.00,30.0,corridor,8.54,clear,16.936,3.735,0.00,,world
15.10,2026-08-31 01:54:26,-180.00,-2.91,2730.00,30.0,corridor,8.56,clear,16.936,3.735,0.00,,world
15.60,2026-08-31 01:54:27,-180.00,-2.91,2730.00,30.0,corridor,8.58,clear,15.785,3.871,0.00,,world
16.10,2026-08-31 01:54:27,-180.00,-2.91,2730.00,30.0,corridor,8.60,clear,15.785,3.871,0.00,,world
16.60,2026-08-31 01:54:28,-180.00,-2.91,2730.00,30.0,corridor,8.62,clear,15.311,4.652,0.00,,world
17.10,2026-08-31 01:54:28,-180.00,-2.91,2730.00,30.0,corridor,8.64,clear,15.311,4.652,0.00,,world
17.60,2026-08-31 01:54:29,-180.00,-2.91,2730.00,30.0,corridor,8.66,clear,16.059,3.797,0.00,,world
18.10,2026-08-31 01:54:29,-180.00,-2.91,2730.00,30.0,corridor,8.68,clear,16.059,3.797,0.00,,world
18.60,2026-08-31 01:54:30,-180.00,-2.91,2730.00,30.0,corridor,8.70,clear,15.836,4.499,0.00,,world
19.10,2026-08-31 01:54:30,-180.00,-2.91,2730.00,30.0,corridor,8.72,clear,15.836,4.499,0.00,,world
19.60,2026-08-31 01:54:31,-180.00,-2.91,2730.00,30.0,corridor,8.74,clear,15.491,3.775,0.00,,world
20.10,2026-08-31 01:54:31,-180.00,-2.91,2730.00,30.0,corridor,8.76,clear,15.491,3.775,0.00,,world
20.60,2026-08-31 01:54:32,-180.00,-2.91,2730.00,30.0,corridor,8.78,clear,17.360,4.681,0.00,,world
21.10,2026-08-31 01:54:32,-180.00,-2.91,2730.00,30.0,corridor,8.80,clear,17.360,4.681,0.00,,world
21.60,2026-08-31 01:54:33,-180.00,-2.91,2730.00,30.0,corridor,8.82,clear,18.787,3.956,0.00,,world
22.10,2026-08-31 01:54:33,-180.00,-2.91,2730.00,30.0,corridor,8.84,clear,18.787,3.956,0.00,,world
22.60,2026-08-31 01:54:34,-180.00,-2.91,2730.00,30.0,corridor,8.86,clear,18.311,32.421,0.00,,world
23.10,2026-08-31 01:54:34,-180.00,-2.91,2730.00,30.0,corridor,8.88,clear,18.311,32.421,0.00,,world
23.60,2026-08-31 01:54:35,-180.00,-2.91,2730.00,30.0,corridor,8.90,clear,15.619,3.428,0.00,,world
24.10,2026-08-31 01:54:35,-180.00,-2.91,2730.00,30.0,corridor,8.92,clear,15.619,3.428,0.00,,world
24.60,2026-08-31 01:54:36,-180.00,-2.91,2730.00,30.0,corridor,8.94,clear,15.312,3.576,0.00,,world
25.10,2026-08-31 01:54:36,-180.00,-2.91,2730.00,30.0,corridor,8.96,clear,15.312,3.576,0.00,,world
25.60,2026-08-31 01:54:37,-180.00,-2.91,2730.00,30.0,corridor,8.98,clear,15.058,3.628,0.00,,world
26.10,2026-08-31 01:54:37,-180.00,-2.91,2730.00,30.0,corridor,9.00,clear,15.058,3.628,0.00,,world
26.60,2026-08-31 01:54:38,-180.00,-2.91,2730.00,30.0,corridor,9.02,clear,15.145,5.543,0.00,,world
27.10,2026-08-31 01:54:38,-180.00,-2.91,2730.00,30.0,corridor,9.04,clear,15.145,5.543,0.00,,world
27.60,2026-08-31 01:54:39,-180.00,-2.91,2730.00,30.0,corridor,9.06,clear,15.579,4.130,0.00,,world
28.10,2026-08-31 01:54:39,-180.00,-2.91,2730.00,30.0,corridor,9.08,clear,15.579,4.130,0.00,,world
28.60,2026-08-31 01:54:40,-180.00,-2.91,2730.00,30.0,corridor,9.10,clear,16.199,42.970,0.00,,world
29.10,2026-08-31 01:54:40,-180.00,-2.91,2730.00,30.0,corridor,9.12,clear,16.199,42.970,0.00,,world
29.60,2026-08-31 01:54:41,-180.00,-2.91,2730.00,30.0,corridor,9.14,clear,15.779,3.998,0.00,,world
30.10,2026-08-31 01:54:41,-180.00,-2.91,2730.00,30.0,corridor,9.16,clear,15.779,3.998,0.00,,world
30.60,2026-08-31 01:54:42,-180.00,-2.91,2730.00,30.0,corridor,9.18,clear,17.349,4.484,0.00,,world
31.10,2026-08-31 01:54:42,-180.00,-2.91,2730.00,30.0,corridor,9.20,clear,17.349,4.484,0.00,,world
31.60,2026-08-31 01:54:43,-180.00,-2.91,2730.00,30.0,corridor,9.22,clear,15.544,3.594,0.00,,world
32.10,2026-08-31 01:54:43,-180.00,-2.91,2730.00,30.0,corridor,9.24,clear,15.544,3.594,0.00,,world
32.60,2026-08-31 01:54:44,-180.00,-2.91,2730.00,30.0,corridor,9.26,clear,15.512,4.197,0.00,,world
33.10,2026-08-31 01:54:44,-180.00,-2.91,2730.00,30.0,corridor,9.28,clear,15.512,4.197,0.00,,world
33.60,2026-08-31 01:54:45,-180.00,-2.91,2730.00,30.0,corridor,9.30,clear,16.061,3.635,0.00,,world
34.10,2026-08-31 01:54:45,-180.00,-2.91,2730.00,30.0,corridor,9.32,clear,16.061,3.635,0.00,,world
34.60,2026-08-31 01:54:46,-180.00,-2.91,2730.00,30.0,corridor,9.34,clear,14.757,3.896,0.00,,world
35.10,2026-08-31 01:54:46,-180.00,-2.91,2730.00,30.0,corridor,9.36,clear,14.757,3.896,0.00,,world
35.60,2026-08-31 01:54:47,-180.00,-2.91,2730.00,30.0,corridor,9.38,clear,15.203,3.877,0.00,,world
36.10,2026-08-31 01:54:47,-180.00,-2.91,2730.00,30.0,corridor,9.40,clear,15.203,3.877,0.00,,world
36.60,2026-08-31 01:54:48,-180.00,-2.91,2730.00,30.0,corridor,9.42,clear,18.503,5.390,0.00,,world
37.10,2026-08-31 01:54:48,-180.00,-2.91,2730.00,30.0,corridor,9.44,clear,18.503,5.390,0.00,,world
37.60,2026-08-31 01:54:49,-180.00,-2.91,2730.00,30.0,corridor,9.46,clear,15.828,4.624,0.00,,world
38.10,2026-08-31 01:54:49,-180.00,-2.91,2730.00,30.0,corridor,9.48,clear,15.828,4.624,0.00,,world
38.60,2026-08-31 01:54:50,-180.00,-2.91,2730.00,30.0,corridor,9.50,clear,16.723,5.091,0.00,,world
39.10,2026-08-31 01:54:50,-180.00,-2.91,2730.00,30.0,corridor,9.52,clear,16.723,5.091,0.00,,world
39.60,2026-08-31 01:54:51,-180.00,-2.91,2730.00,30.0,corridor,9.54,clear,15.567,5.602,0.00,,world
40.10,2026-08-31 01:54:51,-180.00,-2.91,2730.00,30.0,corridor,9.56,clear,15.567,5.602,0.00,,world
40.60,2026-08-31 01:54:52,-180.00,-2.91,2730.00,30.0,corridor,9.58,clear,17.043,4.293,0.00,,world
41.10,2026-08-31 01:54:52,-180.00,-2.91,2730.00,30.0,corridor,9.60,clear,17.043,4.293,0.00,,world
41.60,2026-08-31 01:54:53,-180.00,-2.91,2730.00,30.0,corridor,9.62,clear,15.828,4.359,0.00,,world
42.10,2026-08-31 01:54:53,-180.00,-2.91,2730.00,30.0,corridor,9.64,clear,15.828,4.359,0.00,,world
42.60,2026-08-31 01:54:54,-180.00,-2.91,2730.00,30.0,corridor,9.66,clear,17.268,4.512,0.00,,world
43.10,2026-08-31 01:54:54,-180.00,-2.91,2730.00,30.0,corridor,9.68,clear,17.268,4.512,0.00,,world
43.60,2026-08-31 01:54:55,-180.00,-2.91,2730.00,30.0,corridor,9.70,clear,17.185,5.385,0.00,,world
44.10,2026-08-31 01:54:55,-180.00,-2.91,2730.00,30.0,corridor,9.72,clear,17.185,5.385,0.00,,world
44.60,2026-08-31 01:54:56,-180.00,-2.91,2730.00,30.0,corridor,9.74,clear,19.813,5.719,0.00,,world
45.10,2026-08-31 01:54:56,-180.00,-2.91,2730.00,30.0,corridor,9.76,clear,19.813,5.719,0.00,,world
45.60,2026-08-31 01:54:57,-180.00,-2.91,2730.00,30.0,corridor,9.78,clear,19.698,5.159,0.00,,world
46.10,2026-08-31 01:54:57,-180.00,-2.91,2730.00,30.0,corridor,9.80,clear,19.698,5.159,0.00,,world
46.60,2026-08-31 01:54:58,-180.00,-2.91,2730.00,30.0,corridor,9.82,clear,18.377,4.629,0.00,,world
47.10,2026-08-31 01:54:58,-180.00,-2.91,2730.00,30.0,corridor,9.84,clear,18.377,4.629,0.00,,world
47.60,2026-08-31 01:54:59,-180.00,-2.91,2730.00,30.0,corridor,9.86,clear,16.027,4.563,0.00,,world
48.10,2026-08-31 01:54:59,-180.00,-2.91,2730.00,30.0,corridor,9.88,clear,16.027,4.563,0.00,,world
48.60,2026-08-31 01:55:00,-180.00,-2.91,2730.00,30.0,corridor,9.90,clear,14.695,3.895,0.00,,world
49.10,2026-08-31 01:55:00,-180.00,-2.91,2730.00,30.0,corridor,9.92,clear,14.695,3.895,0.00,,world
49.60,2026-08-31 01:55:01,-180.00,-2.91,2730.00,30.0,corridor,9.94,clear,15.437,4.148,0.00,,world
50.10,2026-08-31 01:55:01,-180.00,-2.91,2730.00,30.0,corridor,9.96,clear,15.437,4.148,0.00,,world
50.60,2026-08-31 01:55:02,-180.00,-2.91,2730.00,30.0,corridor,9.98,clear,15.571,4.821,0.00,,world
51.10,2026-08-31 01:55:02,-180.00,-2.91,2730.00,30.0,corridor,10.00,clear,15.571,4.821,0.00,,world
51.60,2026-08-31 01:55:03,-180.00,-2.91,2730.00,30.0,corridor,10.02,clear,15.066,4.785,0.00,,world
52.10,2026-08-31 01:55:03,-180.00,-2.91,2730.00,30.0,corridor,10.04,clear,15.066,4.785,0.00,,world
52.60,2026-08-31 01:55:04,-180.00,-2.91,2730.00,30.0,corridor,10.06,clear,20.102,5.292,0.00,,world
53.10,2026-08-31 01:55:04,-180.00,-2.91,2730.00,30.0,corridor,10.08,clear,20.102,5.292,0.00,,world
53.60,2026-08-31 01:55:05,-180.00,-2.91,2730.00,30.0,corridor,10.10,clear,17.937,4.644,0.00,,world
54.10,2026-08-31 01:55:05,-180.00,-2.91,2730.00,30.0,corridor,10.12,clear,17.937,4.644,0.00,,world
54.60,2026-08-31 01:55:06,-180.00,-2.91,2730.00,30.0,corridor,10.14,clear,17.515,4.214,0.00,,world
55.10,2026-08-31 01:55:06,-180.00,-2.91,2730.00,30.0,corridor,10.16,clear,17.515,4.214,0.00,,world
55.60,2026-08-31 01:55:07,-180.00,-2.91,2730.00,30.0,corridor,10.18,clear,18.315,4.748,0.00,,world
56.10,2026-08-31 01:55:07,-180.00,-2.91,2730.00,30.0,corridor,10.20,clear,18.315,4.748,0.00,,world
56.60,2026-08-31 01:55:08,-180.00,-2.91,2730.00,30.0,corridor,10.22,clear,16.645,4.142,0.00,,world
57.10,2026-08-31 01:55:08,-180.00,-2.91,2730.00,30.0,corridor,10.24,clear,16.645,4.142,0.00,,world
57.60,2026-08-31 01:55:09,-180.00,-2.91,2730.00,30.0,corridor,10.26,clear,16.160,4.886,0.00,,world
58.10,2026-08-31 01:55:09,-180.00,-2.91,2730.00,30.0,corridor,10.28,clear,16.160,4.886,0.00,,world
58.60,2026-08-31 01:55:10,-180.00,-2.91,2730.00,30.0,corridor,10.30,clear,16.512,5.621,0.00,,world
59.10,2026-08-31 01:55:10,-180.00,-2.91,2730.00,30.0,corridor,10.32,clear,16.512,5.621,0.00,,world
59.60,2026-08-31 01:55:11,-180.00,-2.91,2730.00,30.0,corridor,10.34,clear,16.038,4.529,0.00,,world
60.10,2026-08-31 01:55:11,-180.00,-2.91,2730.00,30.0,corridor,10.36,clear,16.038,4.529,0.00,,world
60.60,2026-08-31 01:55:12,-180.00,-2.91,2730.00,30.0,corridor,10.38,clear,15.858,14.914,0.00,,world
61.10,2026-08-31 01:55:12,-180.00,-2.91,2730.00,30.0,corridor,10.40,clear,15.858,14.914,0.00,,world
61.60,2026-08-31 01:55:13,-180.00,-2.91,2730.00,30.0,corridor,10.42,clear,15.279,6.129,0.00,,world
62.10,2026-08-31 01:55:13,-180.00,-2.91,2730.00,30.0,corridor,10.44,clear,15.279,6.129,0.00,,world
62.60,2026-08-31 01:55:14,-180.00,-2.91,2730.00,30.0,corridor,10.46,clear,15.219,4.014,0.00,,world
63.10,2026-08-31 01:55:14,-180.00,-2.91,2730.00,30.0,corridor,10.48,clear,15.219,4.014,0.00,,world
63.60,2026-08-31 01:55:15,-180.00,-2.91,2730.00,30.0,corridor,10.50,clear,16.319,4.520,0.00,,world
64.10,2026-08-31 01:55:15,-180.00,-2.91,2730.00,30.0,corridor,10.52,clear,16.319,4.520,0.00,,world
64.60,2026-08-31 01:55:16,-180.00,-2.91,2730.00,30.0,corridor,10.54,clear,14.991,4.256,0.00,,world
65.10,2026-08-31 01:55:16,-180.00,-2.91,2730.00,30.0,corridor,10.56,clear,14.991,4.256,0.00,,world
65.60,2026-08-31 01:55:17,-180.00,-2.91,2730.00,30.0,corridor,10.58,clear,15.026,3.715,0.00,,world
66.10,2026-08-31 01:55:17,-180.00,-2.91,2730.00,30.0,corridor,10.60,clear,15.026,3.715,0.00,,world
66.60,2026-08-31 01:55:18,-180.00,-2.91,2730.00,30.0,corridor,10.62,clear,15.747,3.994,0.00,,world
67.10,2026-08-31 01:55:18,-180.00,-2.91,2730.00,30.0,corridor,10.64,clear,15.747,3.994,0.00,,world
67.60,2026-08-31 01:55:19,-180.00,-2.91,2730.00,30.0,corridor,10.66,clear,17.390,5.053,0.00,,world
68.10,2026-08-31 01:55:19,-180.00,-2.91,2730.00,30.0,corridor,10.68,clear,17.390,5.053,0.00,,world
68.60,2026-08-31 01:55:20,-180.00,-2.91,2730.00,30.0,corridor,10.70,clear,16.248,4.345,0.00,,world
69.10,2026-08-31 01:55:20,-180.00,-2.91,2730.00,30.0,corridor,10.72,clear,16.248,4.345,0.00,,world
69.60,2026-08-31 01:55:21,-180.00,-2.91,2730.00,30.0,corridor,10.74,clear,16.092,5.145,0.00,,world
70.10,2026-08-31 01:55:21,-180.00,-2.91,2730.00,30.0,corridor,10.76,clear,16.092,5.145,0.00,,world
70.60,2026-08-31 01:55:22,-180.00,-2.91,2730.00,30.0,corridor,10.78,clear,16.769,4.481,0.00,,world
71.10,2026-08-31 01:55:22,-180.00,-2.91,2730.00,30.0,corridor,10.80,clear,16.769,4.481,0.00,,world
71.60,2026-08-31 01:55:23,-180.00,-2.91,2730.00,30.0,corridor,10.82,clear,15.462,3.716,0.00,,world
72.10,2026-08-31 01:55:23,-180.00,-2.91,2730.00,30.0,corridor,10.84,clear,15.462,3.716,0.00,,world
72.60,2026-08-31 01:55:24,-180.00,-2.91,2730.00,30.0,corridor,10.86,clear,18.215,3.866,0.00,,world
73.10,2026-08-31 01:55:24,-180.00,-2.91,2730.00,30.0,corridor,10.88,clear,18.215,3.866,0.00,,world
73.60,2026-08-31 01:55:25,-180.00,-2.91,2730.00,30.0,corridor,10.90,clear,16.367,25.308,0.00,,world
74.10,2026-08-31 01:55:25,-180.00,-2.91,2730.00,30.0,corridor,10.92,clear,16.367,25.308,0.00,,world
74.60,2026-08-31 01:55:26,-180.00,-2.91,2730.00,30.0,corridor,10.94,clear,17.023,4.461,0.00,,world
75.10,2026-08-31 01:55:26,-180.00,-2.91,2730.00,30.0,corridor,10.96,clear,17.023,4.461,0.00,,world
75.60,2026-08-31 01:55:27,-180.00,-2.91,2730.00,30.0,corridor,10.98,clear,16.216,4.180,0.00,,world
76.10,2026-08-31 01:55:27,-180.00,-2.91,2730.00,30.0,corridor,11.00,clear,16.216,4.180,0.00,,world
76.60,2026-08-31 01:55:28,-180.00,-2.91,2730.00,30.0,corridor,11.02,clear,16.941,4.285,0.00,,world
77.10,2026-08-31 01:55:28,-180.00,-2.91,2730.00,30.0,corridor,11.04,clear,16.941,4.285,0.00,,world
77.60,2026-08-31 01:55:29,-180.00,-2.91,2730.00,30.0,corridor,11.06,clear,16.008,4.948,0.00,,world
78.10,2026-08-31 01:55:29,-180.00,-2.91,2730.00,30.0,corridor,11.08,clear,16.008,4.948,0.00,,world
78.60,2026-08-31 01:55:30,-180.00,-2.91,2730.00,30.0,corridor,11.10,clear,15.537,4.437,0.00,,world
79.10,2026-08-31 01:55:30,-180.00,-2.91,2730.00,30.0,corridor,11.12,clear,15.537,4.437,0.00,,world
79.60,2026-08-31 01:55:31,-180.00,-2.91,2730.00,30.0,corridor,11.14,clear,15.902,4.161,0.00,,world
80.10,2026-08-31 01:55:31,-180.00,-2.91,2730.00,30.0,corridor,11.16,clear,15.902,4.161,0.00,,world
80.60,2026-08-31 01:55:32,-180.00,-2.91,2730.00,30.0,corridor,11.18,clear,19.776,5.016,0.00,,world
81.10,2026-08-31 01:55:32,-180.00,-2.91,2730.00,30.0,corridor,11.20,clear,19.776,5.016,0.00,,world
81.60,2026-08-31 01:55:33,-180.00,-2.91,2730.00,30.0,corridor,11.22,clear,16.327,4.147,0.00,,world
82.10,2026-08-31 01:55:33,-180.00,-2.91,2730.00,30.0,corridor,11.24,clear,16.327,4.147,0.00,,world
82.60,2026-08-31 01:55:34,-180.00,-2.91,2730.00,30.0,corridor,11.26,clear,17.507,5.269,0.00,,world
83.10,2026-08-31 01:55:34,-180.00,-2.91,2730.00,30.0,corridor,11.28,clear,17.507,5.269,0.00,,world
83.60,2026-08-31 01:55:35,-180.00,-2.91,2730.00,30.0,corridor,11.30,clear,17.350,6.241,0.00,,world
84.10,2026-08-31 01:55:35,-180.00,-2.91,2730.00,30.0,corridor,11.32,clear,17.350,6.241,0.00,,world
84.60,2026-08-31 01:55:36,-180.00,-2.91,2730.00,30.0,corridor,11.34,clear,16.443,5.108,0.00,,world
85.10,2026-08-31 01:55:36,-180.00,-2.91,2730.00,30.0,corridor,11.36,clear,16.443,5.108,0.00,,world
85.60,2026-08-31 01:55:37,-180.00,-2.91,2730.00,30.0,corridor,11.38,clear,15.306,4.143,0.00,,world
86.10,2026-08-31 01:55:37,-180.00,-2.91,2730.00,30.0,corridor,11.40,clear,15.306,4.143,0.00,,world
86.60,2026-08-31 01:55:38,-180.00,-2.91,2730.00,30.0,corridor,11.42,clear,16.068,3.804,0.00,,world
87.10,2026-08-31 01:55:38,-180.00,-2.91,2730.00,30.0,corridor,11.44,clear,16.068,3.804,0.00,,world
87.60,2026-08-31 01:55:39,-180.00,-2.91,2730.00,30.0,corridor,11.46,clear,15.310,3.819,0.00,,world
88.10,2026-08-31 01:55:39,-180.00,-2.91,2730.00,30.0,corridor,11.48,clear,15.310,3.819,0.00,,world
88.60,2026-08-31 01:55:40,-180.00,-2.91,2730.00,30.0,corridor,11.50,clear,14.977,3.813,0.00,,world
89.10,2026-08-31 01:55:40,-180.00,-2.91,2730.00,30.0,corridor,11.52,clear,14.977,3.813,0.00,,world
89.60,2026-08-31 01:55:41,-180.00,-2.91,2730.00,30.0,corridor,11.54,clear,15.654,4.107,0.00,,world
90.10,2026-08-31 01:55:41,-180.00,-2.91,2730.00,30.0,corridor,11.56,clear,15.654,4.107,0.00,,world
90.60,2026-08-31 01:55:42,-180.00,-2.91,2730.00,30.0,corridor,11.58,clear,15.322,4.491,0.00,,world
91.10,2026-08-31 01:55:42,-180.00,-2.91,2730.00,30.0,corridor,11.60,clear,15.322,4.491,0.00,,world
91.60,2026-08-31 01:55:43,-180.00,-2.91,2730.00,30.0,corridor,11.62,clear,16.962,4.662,0.00,,world
92.10,2026-08-31 01:55:43,-180.00,-2.91,2730.00,30.0,corridor,11.64,clear,16.962,4.662,0.00,,world
92.60,2026-08-31 01:55:44,-180.00,-2.91,2730.00,30.0,corridor,11.66,clear,17.844,4.667,0.00,,world
93.10,2026-08-31 01:55:44,-180.00,-2.91,2730.00,30.0,corridor,11.68,clear,17.844,4.667,0.00,,world
93.60,2026-08-31 01:55:45,-180.00,-2.91,2730.00,30.0,corridor,11.70,clear,15.833,4.020,0.00,,world
94.10,2026-08-31 01:55:45,-180.00,-2.91,2730.00,30.0,corridor,11.72,clear,15.833,4.020,0.00,,world
94.60,2026-08-31 01:55:46,-180.00,-2.91,2730.00,30.0,corridor,11.74,clear,14.824,4.101,0.00,,world
95.10,2026-08-31 01:55:46,-180.00,-2.91,2730.00,30.0,corridor,11.76,clear,14.824,4.101,0.00,,world
95.60,2026-08-31 01:55:47,-180.00,-2.91,2730.00,30.0,corridor,11.78,clear,15.307,4.253,0.00,,world
96.10,2026-08-31 01:55:47,-180.00,-2.91,2730.00,30.0,corridor,11.80,clear,15.307,4.253,0.00,,world
96.60,2026-08-31 01:55:48,-180.00,-2.91,2730.00,30.0,corridor,11.82,clear,14.700,3.851,0.00,,world
97.10,2026-08-31 01:55:48,-180.00,-2.91,2730.00,30.0,corridor,11.84,clear,14.700,3.851,0.00,,world
97.60,2026-08-31 01:55:49,-180.00,-2.91,2730.00,30.0,corridor,11.86,clear,15.646,4.155,0.00,,world
98.10,2026-08-31 01:55:49,-180.00,-2.91,2730.00,30.0,corridor,11.88,clear,15.646,4.155,0.00,,world
98.60,2026-08-31 01:55:50,-180.00,-2.91,2730.00,30.0,corridor,11.90,clear,15.864,4.581,0.00,,world
99.10,2026-08-31 01:55:50,-180.00,-2.91,2730.00,30.0,corridor,11.92,clear,15.864,4.581,0.00,,world
99.60,2026-08-31 01:55:51,-180.00,-2.91,2730.00,30.0,corridor,11.94,clear,15.469,4.494,0.00,,world
100.10,2026-08-31 01:55:51,-180.00,-2.91,2730.00,30.0,corridor,11.96,clear,15.469,4.494,0.00,,world
100.60,2026-08-31 01:55:52,-180.00,-2.91,2730.00,30.0,corridor,11.98,clear,16.333,20.153,0.00,,world
101.10,2026-08-31 01:55:52,-180.00,-2.91,2730.00,30.0,corridor,12.00,clear,16.333,20.153,0.00,,world
101.60,2026-08-31 01:55:53,-180.00,-2.91,2730.00,30.0,corridor,12.02,clear,16.458,3.949,0.00,,world
102.10,2026-08-31 01:55:53,-180.00,-2.91,2730.00,30.0,corridor,12.04,clear,16.458,3.949,0.00,,world
102.60,2026-08-31 01:55:54,-180.00,-2.91,2730.00,30.0,corridor,12.06,clear,16.266,4.687,0.00,,world
103.10,2026-08-31 01:55:54,-180.00,-2.91,2730.00,30.0,corridor,12.08,clear,16.266,4.687,0.00,,world
103.60,2026-08-31 01:55:55,-180.00,-2.91,2730.00,30.0,corridor,12.10,clear,16.541,4.125,0.00,,world
104.10,2026-08-31 01:55:55,-180.00,-2.91,2730.00,30.0,corridor,12.12,clear,16.541,4.125,0.00,,world
104.60,2026-08-31 01:55:56,-180.00,-2.91,2730.00,30.0,corridor,12.14,clear,17.568,5.540,0.00,,world
105.10,2026-08-31 01:55:56,-180.00,-2.91,2730.00,30.0,corridor,12.16,clear,17.568,5.540,0.00,,world
105.60,2026-08-31 01:55:57,-180.00,-2.91,2730.00,30.0,corridor,12.18,clear,16.420,4.172,0.00,,world
106.10,2026-08-31 01:55:57,-180.00,-2.91,2730.00,30.0,corridor,12.20,clear,16.420,4.172,0.00,,world
106.60,2026-08-31 01:55:58,-180.00,-2.91,2730.00,30.0,corridor,12.22,clear,14.603,3.892,0.00,,world
107.10,2026-08-31 01:55:58,-180.00,-2.91,2730.00,30.0,corridor,12.24,clear,14.603,3.892,0.00,,world
107.60,2026-08-31 01:55:59,-180.00,-2.91,2730.00,30.0,corridor,12.26,clear,16.171,4.963,0.00,,world
108.10,2026-08-31 01:55:59,-180.00,-2.91,2730.00,30.0,corridor,12.28,clear,16.171,4.963,0.00,,world
108.60,2026-08-31 01:56:00,-180.00,-2.91,2730.00,30.0,corridor,12.30,clear,16.251,4.171,0.00,,world
109.10,2026-08-31 01:56:00,-180.00,-2.91,2730.00,30.0,corridor,12.32,clear,16.251,4.171,0.00,,world
109.60,2026-08-31 01:56:01,-180.00,-2.91,2730.00,30.0,corridor,12.34,clear,16.017,4.454,0.00,,world
110.10,2026-08-31 01:56:01,-180.00,-2.91,2730.00,30.0,corridor,12.36,clear,16.017,4.454,0.00,,world
110.60,2026-08-31 01:56:02,-180.00,-2.91,2730.00,30.0,corridor,12.38,clear,15.636,4.082,0.00,,world
111.10,2026-08-31 01:56:02,-180.00,-2.91,2730.00,30.0,corridor,12.40,clear,15.636,4.082,0.00,,world
111.60,2026-08-31 01:56:03,-180.00,-2.91,2730.00,30.0,corridor,12.42,clear,14.587,3.897,0.00,,world
112.10,2026-08-31 01:56:03,-180.00,-2.91,2730.00,30.0,corridor,12.44,clear,14.587,3.897,0.00,,world
112.60,2026-08-31 01:56:04,-180.00,-2.91,2730.00,30.0,corridor,12.46,clear,15.730,4.481,0.00,,world
113.10,2026-08-31 01:56:04,-180.00,-2.91,2730.00,30.0,corridor,12.48,clear,15.730,4.481,0.00,,world
113.60,2026-08-31 01:56:05,-180.00,-2.91,2730.00,30.0,corridor,12.50,clear,17.132,4.767,0.00,,world
114.10,2026-08-31 01:56:05,-180.00,-2.91,2730.00,30.0,corridor,12.52,clear,17.132,4.767,0.00,,world
114.60,2026-08-31 01:56:06,-180.00,-2.91,2730.00,30.0,corridor,12.54,clear,16.788,4.177,0.00,,world
115.10,2026-08-31 01:56:06,-180.00,-2.91,2730.00,30.0,corridor,12.56,clear,16.788,4.177,0.00,,world
115.60,2026-08-31 01:56:07,-180.00,-2.91,2730.00,30.0,corridor,12.58,clear,15.729,3.876,0.00,,world
116.10,2026-08-31 01:56:07,-180.00,-2.91,2730.00,30.0,corridor,12.60,clear,15.729,3.876,0.00,,world
116.60,2026-08-31 01:56:08,-180.00,-2.91,2730.00,30.0,corridor,12.62,clear,17.593,5.310,0.00,,world
117.10,2026-08-31 01:56:08,-180.00,-2.91,2730.00,30.0,corridor,12.64,clear,17.593,5.310,0.00,,world
117.60,2026-08-31 01:56:09,-180.00,-2.91,2730.00,30.0,corridor,12.66,clear,15.825,4.213,0.00,,world
118.10,2026-08-31 01:56:09,-180.00,-2.91,2730.00,30.0,corridor,12.68,clear,15.825,4.213,0.00,,world
118.60,2026-08-31 01:56:10,-180.00,-2.91,2730.00,30.0,corridor,12.70,clear,15.537,4.439,0.00,,world
119.10,2026-08-31 01:56:10,-180.00,-2.91,2730.00,30.0,corridor,12.72,clear,15.537,4.439,0.00,,world
119.60,2026-08-31 01:56:11,-180.00,-2.91,2730.00,30.0,corridor,12.74,clear,15.483,4.038,0.00,,world
120.10,2026-08-31 01:56:11,-180.00,-2.91,2730.00,30.0,corridor,12.76,clear,15.483,4.038,0.00,,world
120.60,2026-08-31 01:56:12,-180.00,-2.91,2730.00,30.0,corridor,12.78,clear,16.005,4.237,0.00,,world
121.10,2026-08-31 01:56:12,-180.00,-2.91,2730.00,30.0,corridor,12.80,clear,16.005,4.237,0.00,,world
121.60,2026-08-31 01:56:13,-180.00,-2.91,2730.00,30.0,corridor,12.82,clear,15.444,4.647,0.00,,world
122.10,2026-08-31 01:56:13,-180.00,-2.91,2730.00,30.0,corridor,12.84,clear,15.444,4.647,0.00,,world
122.60,2026-08-31 01:56:14,-180.00,-2.91,2730.00,30.0,corridor,12.86,clear,16.803,4.503,0.00,,world
123.10,2026-08-31 01:56:14,-180.00,-2.91,2730.00,30.0,corridor,12.88,clear,16.803,4.503,0.00,,world
123.60,2026-08-31 01:56:15,-180.00,-2.91,2730.00,30.0,corridor,12.90,clear,16.488,4.307,0.00,,world
124.10,2026-08-31 01:56:15,-180.00,-2.91,2730.00,30.0,corridor,12.92,clear,16.488,4.307,0.00,,world
124.60,2026-08-31 01:56:16,-180.00,-2.91,2730.00,30.0,corridor,12.94,clear,15.714,3.810,0.00,,world
125.10,2026-08-31 01:56:16,-180.00,-2.91,2730.00,30.0,corridor,12.96,clear,15.714,3.810,0.00,,world
125.60,2026-08-31 01:56:17,-180.00,-2.91,2730.00,30.0,corridor,12.98,clear,15.199,4.029,0.00,,world
126.10,2026-08-31 01:56:17,-180.00,-2.91,2730.00,30.0,corridor,13.00,clear,15.199,4.029,0.00,,world
126.60,2026-08-31 01:56:18,-180.00,-2.91,2730.00,30.0,corridor,13.02,clear,15.883,4.162,0.00,,world
127.10,2026-08-31 01:56:18,-180.00,-2.91,2730.00,30.0,corridor,13.04,clear,15.883,4.162,0.00,,world
127.60,2026-08-31 01:56:19,-180.00,-2.91,2730.00,30.0,corridor,13.06,clear,19.206,4.935,0.00,,world
128.10,2026-08-31 01:56:19,-180.00,-2.91,2730.00,30.0,corridor,13.08,clear,19.206,4.935,0.00,,world
128.60,2026-08-31 01:56:20,-180.00,-2.91,2730.00,30.0,corridor,13.10,clear,15.933,4.608,0.00,,world
129.10,2026-08-31 01:56:20,-180.00,-2.91,2730.00,30.0,corridor,13.12,clear,15.933,4.608,0.00,,world
129.60,2026-08-31 01:56:21,-180.00,-2.91,2730.00,30.0,corridor,13.14,clear,16.212,4.767,0.00,,world
130.10,2026-08-31 01:56:21,-180.00,-2.91,2730.00,30.0,corridor,13.16,clear,16.212,4.767,0.00,,world
130.60,2026-08-31 01:56:22,-180.00,-2.91,2730.00,30.0,corridor,13.18,clear,17.255,4.707,0.00,,world
131.10,2026-08-31 01:56:22,-180.00,-2.91,2730.00,30.0,corridor,13.20,clear,17.255,4.707,0.00,,world
131.60,2026-08-31 01:56:23,-180.00,-2.91,2730.00,30.0,corridor,13.22,clear,16.343,4.403,0.00,,world
132.10,2026-08-31 01:56:23,-180.00,-2.91,2730.00,30.0,corridor,13.24,clear,16.343,4.403,0.00,,world
132.60,2026-08-31 01:56:24,-180.00,-2.91,2730.00,30.0,corridor,13.26,clear,19.788,5.147,0.00,,world
133.10,2026-08-31 01:56:24,-180.00,-2.91,2730.00,30.0,corridor,13.28,clear,19.788,5.147,0.00,,world
133.60,2026-08-31 01:56:25,-180.00,-2.91,2730.00,30.0,corridor,13.30,clear,16.659,8.363,0.00,,world
134.10,2026-08-31 01:56:25,-180.00,-2.91,2730.00,30.0,corridor,13.32,clear,16.659,8.363,0.00,,world
134.60,2026-08-31 01:56:26,-180.00,-2.91,2730.00,30.0,corridor,13.34,clear,15.628,4.129,0.00,,world
135.10,2026-08-31 01:56:26,-180.00,-2.91,2730.00,30.0,corridor,13.36,clear,15.628,4.129,0.00,,world
135.60,2026-08-31 01:56:27,-180.00,-2.91,2730.00,30.0,corridor,13.38,clear,17.439,3.857,0.00,,world
136.10,2026-08-31 01:56:27,-180.00,-2.91,2730.00,30.0,corridor,13.40,clear,17.439,3.857,0.00,,world
136.60,2026-08-31 01:56:28,-180.00,-2.91,2730.00,30.0,corridor,13.42,clear,15.111,3.886,0.00,,world
137.10,2026-08-31 01:56:28,-180.00,-2.91,2730.00,30.0,corridor,13.44,clear,15.111,3.886,0.00,,world
137.60,2026-08-31 01:56:29,-180.00,-2.91,2730.00,30.0,corridor,13.46,clear,15.475,4.055,0.00,,world
138.10,2026-08-31 01:56:29,-180.00,-2.91,2730.00,30.0,corridor,13.48,clear,15.475,4.055,0.00,,world
138.60,2026-08-31 01:56:30,-180.00,-2.91,2730.00,30.0,corridor,13.50,clear,16.187,3.982,0.00,,world
139.10,2026-08-31 01:56:30,-180.00,-2.91,2730.00,30.0,corridor,13.52,clear,16.187,3.982,0.00,,world
139.60,2026-08-31 01:56:31,-180.00,-2.91,2730.00,30.0,corridor,13.54,clear,16.531,4.651,0.00,,world
140.10,2026-08-31 01:56:31,-180.00,-2.91,2730.00,30.0,corridor,13.56,clear,16.531,4.651,0.00,,world
140.60,2026-08-31 01:56:32,-180.00,-2.91,2730.00,30.0,corridor,13.58,clear,16.033,4.560,0.00,,world
141.10,2026-08-31 01:56:32,-180.00,-2.91,2730.00,30.0,corridor,13.60,clear,16.033,4.560,0.00,,world
141.60,2026-08-31 01:56:33,-180.00,-2.91,2730.00,30.0,corridor,13.62,clear,15.247,4.830,0.00,,world
142.10,2026-08-31 01:56:33,-180.00,-2.91,2730.00,30.0,corridor,13.64,clear,15.247,4.830,0.00,,world
142.60,2026-08-31 01:56:34,-180.00,-2.91,2730.00,30.0,corridor,13.66,clear,16.365,3.933,0.00,,world
143.10,2026-08-31 01:56:34,-180.00,-2.91,2730.00,30.0,corridor,13.68,clear,16.365,3.933,0.00,,world
143.60,2026-08-31 01:56:35,-180.00,-2.91,2730.00,30.0,corridor,13.70,clear,19.227,4.920,0.00,,world
144.10,2026-08-31 01:56:35,-180.00,-2.91,2730.00,30.0,corridor,13.72,clear,19.227,4.920,0.00,,world
144.60,2026-08-31 01:56:36,-180.00,-2.91,2730.00,30.0,corridor,13.74,clear,14.851,3.920,0.00,,world
145.10,2026-08-31 01:56:36,-180.00,-2.91,2730.00,30.0,corridor,13.76,clear,14.851,3.920,0.00,,world
145.60,2026-08-31 01:56:37,-180.00,-2.91,2730.00,30.0,corridor,13.78,clear,18.307,3.792,0.00,,world
146.10,2026-08-31 01:56:37,-180.00,-2.91,2730.00,30.0,corridor,13.80,clear,18.307,3.792,0.00,,world
146.60,2026-08-31 01:56:38,-180.00,-2.91,2730.00,30.0,corridor,13.82,clear,15.389,3.943,0.00,,world
147.10,2026-08-31 01:56:38,-180.00,-2.91,2730.00,30.0,corridor,13.84,clear,15.389,3.943,0.00,,world
147.60,2026-08-31 01:56:39,-180.00,-2.91,2730.00,30.0,corridor,13.86,clear,17.437,4.245,0.00,,world
148.10,2026-08-31 01:56:39,-180.00,-2.91,2730.00,30.0,corridor,13.88,clear,17.437,4.245,0.00,,world
148.60,2026-08-31 01:56:40,-180.00,-2.91,2730.00,30.0,corridor,13.90,clear,15.324,4.528,0.00,,world
149.10,2026-08-31 01:56:40,-180.00,-2.91,2730.00,30.0,corridor,13.92,clear,15.324,4.528,0.00,,world
149.60,2026-08-31 01:56:41,-180.00,-2.91,2730.00,30.0,corridor,13.94,clear,15.896,5.271,0.00,,world
150.10,2026-08-31 01:56:41,-180.00,-2.91,2730.00,30.0,corridor,13.96,clear,15.896,5.271,0.00,,world
150.60,2026-08-31 01:56:42,-180.00,-2.91,2730.00,30.0,corridor,13.98,clear,15.818,4.278,0.00,,world
151.10,2026-08-31 01:56:42,-180.00,-2.91,2730.00,30.0,corridor,14.00,clear,15.818,4.278,0.00,,world
151.60,2026-08-31 01:56:43,-180.00,-2.91,2730.00,30.0,corridor,14.02,clear,16.994,4.422,0.00,,world
152.10,2026-08-31 01:56:43,-180.00,-2.91,2730.00,30.0,corridor,14.04,clear,16.994,4.422,0.00,,world
152.60,2026-08-31 01:56:44,-180.00,-2.91,2730.00,30.0,corridor,14.06,clear,14.861,3.888,0.00,,world
153.10,2026-08-31 01:56:44,-180.00,-2.91,2730.00,30.0,corridor,14.08,clear,14.861,3.888,0.00,,world
153.60,2026-08-31 01:56:45,-180.00,-2.91,2730.00,30.0,corridor,14.10,clear,14.796,3.675,0.00,,world
154.10,2026-08-31 01:56:45,-180.00,-2.91,2730.00,30.0,corridor,14.12,clear,14.796,3.675,0.00,,world
154.60,2026-08-31 01:56:46,-180.00,-2.91,2730.00,30.0,corridor,14.14,clear,15.052,4.169,0.00,,world
155.10,2026-08-31 01:56:46,-180.00,-2.91,2730.00,30.0,corridor,14.16,clear,15.052,4.169,0.00,,world
155.60,2026-08-31 01:56:47,-180.00,-2.91,2730.00,30.0,corridor,14.18,clear,15.236,3.832,0.00,,world
156.10,2026-08-31 01:56:47,-180.00,-2.91,2730.00,30.0,corridor,14.20,clear,15.236,3.832,0.00,,world
156.60,2026-08-31 01:56:48,-180.00,-2.91,2730.00,30.0,corridor,14.22,clear,15.581,3.796,0.00,,world
157.10,2026-08-31 01:56:48,-180.00,-2.91,2730.00,30.0,corridor,14.24,clear,15.581,3.796,0.00,,world
157.60,2026-08-31 01:56:49,-180.00,-2.91,2730.00,30.0,corridor,14.26,clear,14.713,4.057,0.00,,world
158.10,2026-08-31 01:56:49,-180.00,-2.91,2730.00,30.0,corridor,14.28,clear,14.713,4.057,0.00,,world
158.60,2026-08-31 01:56:50,-180.00,-2.91,2730.00,30.0,corridor,14.30,clear,15.660,3.847,0.00,,world
159.10,2026-08-31 01:56:50,-180.00,-2.91,2730.00,30.0,corridor,14.32,clear,15.660,3.847,0.00,,world
159.60,2026-08-31 01:56:51,-180.00,-2.91,2730.00,30.0,corridor,14.34,clear,15.800,3.699,0.00,,world
160.10,2026-08-31 01:56:51,-180.00,-2.91,2730.00,30.0,corridor,14.36,clear,15.800,3.699,0.00,,world
160.60,2026-08-31 01:56:52,-180.00,-2.91,2730.00,30.0,corridor,14.38,clear,15.518,3.754,0.00,,world
161.10,2026-08-31 01:56:52,-180.00,-2.91,2730.00,30.0,corridor,14.40,clear,15.518,3.754,0.00,,world
161.60,2026-08-31 01:56:53,-180.00,-2.91,2730.00,30.0,corridor,14.42,clear,16.982,5.528,0.00,,world
162.10,2026-08-31 01:56:53,-180.00,-2.91,2730.00,30.0,corridor,14.44,clear,16.982,5.528,0.00,,world
162.60,2026-08-31 01:56:54,-180.00,-2.91,2730.00,30.0,corridor,14.46,clear,16.159,3.900,0.00,,world
163.10,2026-08-31 01:56:54,-180.00,-2.91,2730.00,30.0,corridor,14.48,clear,16.159,3.900,0.00,,world
163.60,2026-08-31 01:56:55,-180.00,-2.91,2730.00,30.0,corridor,14.50,clear,16.907,4.533,0.00,,world
164.10,2026-08-31 01:56:55,-180.00,-2.91,2730.00,30.0,corridor,14.52,clear,16.907,4.533,0.00,,world
164.60,2026-08-31 01:56:56,-180.00,-2.91,2730.00,30.0,corridor,14.54,clear,15.781,4.423,0.00,,world
165.10,2026-08-31 01:56:56,-180.00,-2.91,2730.00,30.0,corridor,14.56,clear,15.781,4.423,0.00,,world
165.60,2026-08-31 01:56:57,-180.00,-2.91,2730.00,30.0,corridor,14.58,clear,14.895,3.824,0.00,,world
166.10,2026-08-31 01:56:57,-180.00,-2.91,2730.00,30.0,corridor,14.60,clear,14.895,3.824,0.00,,world
166.60,2026-08-31 01:56:58,-180.00,-2.91,2730.00,30.0,corridor,14.62,clear,15.477,3.838,0.00,,world
167.10,2026-08-31 01:56:58,-180.00,-2.91,2730.00,30.0,corridor,14.64,clear,15.477,3.838,0.00,,world
167.60,2026-08-31 01:56:59,-180.00,-2.91,2730.00,30.0,corridor,14.66,clear,16.279,3.696,0.00,,world
168.10,2026-08-31 01:56:59,-180.00,-2.91,2730.00,30.0,corridor,14.68,clear,16.279,3.696,0.00,,world
168.60,2026-08-31 01:57:00,-180.00,-2.91,2730.00,30.0,corridor,14.70,clear,16.279,3.696,0.00,,world
169.10,2026-08-31 01:57:00,-180.00,-2.91,2730.00,30.0,corridor,14.72,clear,14.455,3.788,0.00,,world
169.60,2026-08-31 01:57:01,-180.00,-2.91,2730.00,30.0,corridor,14.74,clear,14.455,3.788,0.00,,world
170.10,2026-08-31 01:57:01,-180.00,-2.91,2730.00,30.0,corridor,14.76,clear,15.676,3.928,0.00,,world
170.60,2026-08-31 01:57:02,-180.00,-2.91,2730.00,30.0,corridor,14.78,clear,15.676,3.928,0.00,,world
171.10,2026-08-31 01:57:02,-180.00,-2.91,2730.00,30.0,corridor,14.80,clear,15.565,3.779,0.00,,world
171.60,2026-08-31 01:57:03,-180.00,-2.91,2730.00,30.0,corridor,14.82,clear,15.565,3.779,0.00,,world
172.10,2026-08-31 01:57:03,-180.00,-2.91,2730.00,30.0,corridor,14.84,clear,15.992,3.853,0.00,,world
172.60,2026-08-31 01:57:04,-180.00,-2.91,2730.00,30.0,corridor,14.86,clear,16.691,3.954,0.00,,world
173.10,2026-08-31 01:57:04,-180.00,-2.91,2730.00,30.0,corridor,14.88,clear,16.691,3.954,0.00,,world
173.60,2026-08-31 01:57:05,-180.00,-2.91,2730.00,30.0,corridor,14.90,clear,15.929,4.088,0.00,,world
174.10,2026-08-31 01:57:05,-180.00,-2.91,2730.00,30.0,corridor,14.92,clear,15.929,4.088,0.00,,world
174.60,2026-08-31 01:57:06,-180.00,-2.91,2730.00,30.0,corridor,14.94,clear,16.173,5.248,0.00,,world
175.10,2026-08-31 01:57:06,-180.00,-2.91,2730.00,30.0,corridor,14.96,clear,16.173,5.248,0.00,,world
175.60,2026-08-31 01:57:07,-180.00,-2.91,2730.00,30.0,corridor,14.98,clear,15.187,3.738,0.00,,world
176.10,2026-08-31 01:57:07,-180.00,-2.91,2730.00,30.0,corridor,15.00,clear,15.187,3.738,0.00,,world
176.60,2026-08-31 01:57:08,-180.00,-2.91,2730.00,30.0,corridor,15.02,clear,15.187,3.738,0.00,,world
177.10,2026-08-31 01:57:08,-180.00,-2.91,2730.00,30.0,corridor,15.04,clear,15.049,4.258,0.00,,world
177.60,2026-08-31 01:57:09,-180.00,-2.91,2730.00,30.0,corridor,15.06,clear,16.274,4.577,0.00,,world
178.10,2026-08-31 01:57:09,-180.00,-2.91,2730.00,30.0,corridor,15.08,clear,16.274,4.577,0.00,,world
178.60,2026-08-31 01:57:10,-180.00,-2.91,2730.00,30.0,corridor,15.10,clear,16.575,4.430,0.00,,world
179.10,2026-08-31 01:57:10,-180.00,-2.91,2730.00,30.0,corridor,15.12,clear,16.575,4.430,0.00,,world
179.60,2026-08-31 01:57:11,-180.00,-2.91,2730.00,30.0,corridor,15.14,clear,15.543,4.214,0.00,,world
180.10,2026-08-31 01:57:11,-180.00,-2.91,2730.00,30.0,corridor,15.16,clear,15.543,4.214,0.00,,world
180.60,2026-08-31 01:57:12,-180.00,-2.91,2730.00,30.0,corridor,15.18,clear,37.302,3.991,0.00,,world
181.10,2026-08-31 01:57:12,-180.00,-2.91,2730.00,30.0,corridor,15.20,clear,37.302,3.991,0.00,,world
181.60,2026-08-31 01:57:13,-180.00,-2.91,2730.00,30.0,corridor,15.22,clear,16.210,4.975,0.00,,world
182.10,2026-08-31 01:57:14,-180.00,-2.91,2730.00,30.0,corridor,15.24,clear,258.606,303.729,0.00,,menu_map
182.63,2026-08-31 01:57:14,-180.00,-2.91,2730.00,30.0,corridor,15.24,clear,258.606,303.729,0.00,,world
183.13,2026-08-31 01:57:15,-178.81,-2.59,2731.67,35.8,corridor,15.26,clear,86.896,5.413,2.05,,world
183.63,2026-08-31 01:57:15,-177.47,-2.25,2733.54,35.8,corridor,15.28,clear,86.896,5.413,4.36,,world
184.13,2026-08-31 01:57:16,-176.11,-1.94,2735.44,35.8,corridor,15.30,clear,19.096,4.976,6.69,,world
184.63,2026-08-31 01:57:16,-174.72,-1.70,2737.37,35.8,corridor,15.32,clear,19.096,4.976,9.07,,world
185.13,2026-08-31 01:57:17,-173.32,-1.50,2739.33,35.8,corridor,15.34,clear,19.570,5.090,11.47,,world
185.63,2026-08-31 01:57:17,-171.90,-1.37,2741.31,35.8,corridor,15.36,clear,19.570,5.090,13.91,,world
186.13,2026-08-31 01:57:18,-170.46,-1.28,2743.31,35.8,corridor,15.38,clear,19.905,5.381,16.37,,world
186.63,2026-08-31 01:57:18,-169.03,-1.17,2745.31,35.8,corridor,15.40,clear,19.905,5.381,18.83,,world
187.13,2026-08-31 01:57:19,-167.59,-1.11,2747.32,35.8,corridor,15.42,clear,18.145,4.824,21.30,,world
187.63,2026-08-31 01:57:19,-166.13,-1.11,2749.35,35.8,corridor,15.44,clear,18.145,4.824,23.81,,world
188.13,2026-08-31 01:57:20,-164.68,-1.09,2751.38,35.8,corridor,15.46,clear,21.923,5.739,26.30,,world
188.63,2026-08-31 01:57:20,-163.24,-1.01,2753.38,35.8,corridor,15.48,clear,21.923,5.739,28.77,,world
189.13,2026-08-31 01:57:21,-161.80,-0.95,2755.39,35.8,corridor,15.50,clear,19.518,5.539,31.24,,world
189.63,2026-08-31 01:57:21,-160.31,-1.14,2757.46,35.8,corridor,15.52,clear,19.518,5.539,33.79,,world
190.13,2026-08-31 01:57:22,-158.79,-1.51,2759.56,35.8,corridor,15.54,clear,18.192,4.640,36.38,,world
190.63,2026-08-31 01:57:22,-157.28,-1.92,2761.66,35.8,corridor,15.56,clear,18.192,4.640,38.97,,world
191.13,2026-08-31 01:57:23,-155.77,-2.32,2763.76,35.8,corridor,15.58,clear,20.311,6.127,41.55,,world
191.63,2026-08-31 01:57:23,-154.26,-2.73,2765.86,35.8,corridor,15.60,clear,20.311,6.127,44.14,,world
192.13,2026-08-31 01:57:24,-152.75,-3.08,2767.96,35.8,corridor,15.62,clear,20.050,6.583,46.73,,world
192.63,2026-08-31 01:57:24,-151.26,-3.19,2770.02,35.8,corridor,15.64,clear,20.050,6.583,49.27,,world
193.13,2026-08-31 01:57:25,-149.84,-3.06,2772.00,35.8,corridor,15.66,clear,20.090,4.685,51.71,,world
193.63,2026-08-31 01:57:25,-148.44,-2.84,2773.94,35.8,corridor,15.68,clear,20.090,4.685,54.10,,world
194.13,2026-08-31 01:57:26,-147.08,-2.53,2775.83,35.8,corridor,15.70,clear,19.668,4.265,56.43,,world
194.63,2026-08-31 01:57:26,-145.77,-2.11,2777.65,35.8,corridor,15.72,clear,19.668,4.265,58.67,,world
195.13,2026-08-31 01:57:27,-144.50,-1.63,2779.42,35.8,corridor,15.74,clear,17.404,4.576,60.85,,world
195.63,2026-08-31 01:57:27,-143.20,-1.21,2781.23,35.8,corridor,15.76,clear,17.404,4.576,63.08,,world
196.13,2026-08-31 01:57:28,-141.86,-0.87,2783.11,35.8,corridor,15.78,clear,18.410,4.768,65.38,,world
196.63,2026-08-31 01:57:28,-140.48,-0.63,2785.04,35.8,corridor,15.80,clear,18.410,4.768,67.76,,world
197.13,2026-08-31 01:57:29,-139.10,-0.37,2786.96,35.8,corridor,15.82,clear,21.617,6.318,70.13,,world
197.63,2026-08-31 01:57:29,-137.74,-0.06,2788.86,35.8,corridor,15.84,clear,21.617,6.318,72.47,,world
198.13,2026-08-31 01:57:30,-136.39,0.28,2790.75,35.8,corridor,15.86,clear,18.346,5.814,74.78,,world
198.63,2026-08-31 01:57:30,-134.99,0.48,2792.70,35.8,corridor,15.88,clear,18.346,5.814,77.18,,world
199.13,2026-08-31 01:57:31,-133.54,0.51,2794.71,35.8,corridor,15.90,clear,17.184,6.591,79.66,,world
199.63,2026-08-31 01:57:31,-132.06,0.41,2796.77,35.8,corridor,15.92,clear,17.184,6.591,82.20,,world
200.13,2026-08-31 01:57:32,-130.59,0.33,2798.82,35.8,corridor,15.94,clear,17.389,6.125,84.72,,world
200.63,2026-08-31 01:57:32,-129.11,0.25,2800.87,35.8,corridor,15.96,clear,17.389,6.125,87.25,,world
201.13,2026-08-31 01:57:33,-127.63,0.14,2802.93,35.8,corridor,15.98,clear,17.276,6.650,89.79,,world
201.63,2026-08-31 01:57:33,-126.13,-0.04,2805.00,35.8,corridor,16.00,clear,17.276,6.650,92.34,,world
202.13,2026-08-31 01:57:34,-124.78,-0.14,2806.63,35.8,corridor,16.02,clear,18.984,7.491,94.54,,world
202.63,2026-08-31 01:57:34,-123.18,-0.15,2807.80,35.6,corridor,16.04,clear,18.984,7.491,96.65,,world
203.13,2026-08-31 01:57:35,-121.73,-0.16,2809.83,35.6,corridor,16.06,clear,18.681,7.320,99.16,,world
203.63,2026-08-31 01:57:35,-120.26,-0.23,2811.89,35.6,corridor,16.08,clear,18.681,7.320,101.68,,world
204.13,2026-08-31 01:57:36,-118.78,-0.37,2813.96,35.6,corridor,16.10,clear,17.560,6.276,104.23,,world
204.63,2026-08-31 01:57:36,-117.32,-0.44,2816.01,35.6,corridor,16.12,clear,17.560,6.276,106.75,,world
205.13,2026-08-31 01:57:37,-115.87,-0.40,2818.03,35.6,corridor,16.14,clear,17.838,9.998,109.23,,world
205.63,2026-08-31 01:57:37,-114.45,-0.28,2820.03,35.6,corridor,16.16,clear,17.838,9.998,111.68,,world
206.13,2026-08-31 01:57:38,-113.09,0.01,2821.94,35.6,corridor,16.18,clear,18.092,6.688,114.03,,world
206.63,2026-08-31 01:57:38,-111.79,0.43,2823.77,35.6,corridor,16.20,clear,18.092,6.688,116.27,,world
207.13,2026-08-31 01:57:39,-110.50,0.86,2825.59,35.6,corridor,16.22,clear,18.131,7.634,118.50,,world
207.63,2026-08-31 01:57:39,-109.14,1.14,2827.50,35.6,corridor,16.24,clear,18.131,7.634,120.85,,world
208.13,2026-08-31 01:57:40,-107.71,1.23,2829.50,35.6,corridor,16.26,clear,16.611,7.052,123.31,,world
208.63,2026-08-31 01:57:40,-106.25,1.15,2831.56,35.6,corridor,16.28,clear,16.611,7.052,125.83,,world
209.13,2026-08-31 01:57:41,-104.78,1.08,2833.61,35.6,corridor,16.30,clear,16.224,8.105,128.36,,world
209.63,2026-08-31 01:57:41,-103.34,1.13,2835.63,35.6,corridor,16.32,clear,16.224,8.105,130.84,,world
210.13,2026-08-31 01:57:42,-101.93,1.28,2837.62,35.6,corridor,16.34,clear,19.678,7.696,133.27,,world
210.63,2026-08-31 01:57:42,-100.50,1.37,2839.62,35.6,corridor,16.36,clear,19.678,7.696,135.74,,world
211.13,2026-08-31 01:57:43,-99.05,1.38,2841.66,35.6,corridor,16.38,clear,17.253,7.087,138.23,,world
211.63,2026-08-31 01:57:43,-97.61,1.42,2843.69,35.6,corridor,16.40,clear,17.253,7.087,140.72,,world
212.13,2026-08-31 01:57:44,-96.20,1.58,2845.66,35.6,corridor,16.42,clear,17.228,6.408,143.15,,world
212.63,2026-08-31 01:57:44,-94.85,1.89,2847.56,35.6,corridor,16.44,clear,17.228,6.408,145.48,,world
213.13,2026-08-31 01:57:45,-93.53,2.28,2849.42,35.6,corridor,16.46,clear,18.653,5.715,147.76,,world
213.63,2026-08-31 01:57:45,-92.22,2.68,2851.26,35.6,corridor,16.48,clear,18.653,5.715,150.02,,world
214.13,2026-08-31 01:57:46,-90.87,2.99,2853.17,35.6,corridor,16.50,clear,18.404,45.450,152.36,,world
214.63,2026-08-31 01:57:46,-89.46,3.14,2855.14,35.6,corridor,16.52,clear,18.404,45.450,154.78,,world
215.13,2026-08-31 01:57:47,-88.00,3.10,2857.19,35.6,corridor,16.54,clear,18.070,5.007,157.29,,world
215.63,2026-08-31 01:57:47,-86.52,2.95,2859.26,35.6,corridor,16.56,clear,18.070,5.007,159.84,,world
216.13,2026-08-31 01:57:48,-85.04,2.77,2861.34,35.6,corridor,16.58,clear,20.968,5.345,162.40,,world
216.63,2026-08-31 01:57:48,-83.55,2.59,2863.42,35.6,corridor,16.60,clear,20.968,5.345,164.95,,world
217.13,2026-08-31 01:57:49,-82.07,2.41,2865.50,35.6,corridor,16.62,clear,20.017,5.232,167.50,,world
217.63,2026-08-31 01:57:49,-80.60,2.29,2867.56,35.6,corridor,16.64,clear,20.017,5.232,170.04,,world
218.13,2026-08-31 01:57:50,-79.14,2.27,2869.60,35.6,corridor,16.66,clear,17.134,4.440,172.55,,world
218.63,2026-08-31 01:57:50,-77.67,2.22,2871.65,35.6,corridor,16.68,clear,17.134,4.440,175.07,,world
219.13,2026-08-31 01:57:51,-76.19,2.01,2873.73,35.6,corridor,16.70,clear,17.216,4.160,177.63,,world
219.63,2026-08-31 01:57:51,-74.68,1.57,2875.84,35.6,corridor,16.72,clear,17.216,4.160,180.21,,world
220.13,2026-08-31 01:57:52,-73.17,1.00,2877.93,35.6,corridor,16.74,clear,19.472,5.691,182.79,,world
220.63,2026-08-31 01:57:52,-71.66,0.51,2880.04,35.6,corridor,16.76,clear,19.472,5.691,185.38,,world
221.13,2026-08-31 01:57:53,-70.16,0.19,2882.14,35.6,corridor,16.78,clear,19.097,5.235,187.97,,world
221.63,2026-08-31 01:57:53,-68.67,0.04,2884.21,35.6,corridor,16.80,clear,19.097,5.235,190.52,,world
222.13,2026-08-31 01:57:54,-67.21,0.00,2886.25,35.6,corridor,16.82,clear,17.047,4.810,193.03,,world
222.63,2026-08-31 01:57:54,-65.76,0.04,2888.27,35.6,corridor,16.84,clear,17.047,4.810,195.51,,world
223.13,2026-08-31 01:57:55,-64.35,0.21,2890.24,35.6,corridor,16.86,clear,18.267,5.865,197.93,,world
223.63,2026-08-31 01:57:55,-63.00,0.52,2892.13,35.6,corridor,16.88,clear,18.267,5.865,200.26,,world
224.13,2026-08-31 01:57:56,-61.68,0.91,2893.98,35.6,corridor,16.90,clear,23.793,7.196,202.53,,world
224.63,2026-08-31 01:57:56,-60.50,1.25,2896.09,35.8,corridor,16.92,clear,23.793,7.196,204.99,,world
225.13,2026-08-31 01:57:57,-59.07,1.37,2898.07,35.8,corridor,16.94,clear,18.810,6.391,207.44,,world
225.63,2026-08-31 01:57:57,-57.60,1.32,2900.12,35.8,corridor,16.96,clear,18.810,6.391,209.96,,world
226.13,2026-08-31 01:57:58,-56.79,1.23,2901.81,36.0,corridor,16.98,clear,17.488,5.749,211.98,,world
226.63,2026-08-31 01:57:58,-55.70,1.04,2903.81,36.2,corridor,17.00,clear,17.488,5.749,214.32,,world
227.13,2026-08-31 01:57:59,-54.18,0.66,2905.89,36.2,corridor,17.02,clear,16.744,5.195,216.90,,world
227.63,2026-08-31 01:57:59,-52.65,0.09,2907.98,36.2,corridor,17.04,clear,16.744,5.195,219.49,,world
228.13,2026-08-31 01:58:00,-52.17,-0.09,2908.63,36.2,corridor,17.06,clear,17.315,4.967,220.29,,world
228.63,2026-08-31 01:58:00,-53.68,-0.14,2909.54,-53.8,corridor,17.08,clear,17.315,4.967,222.06,,world
229.13,2026-08-31 01:58:01,-55.20,-0.31,2911.12,38.7,corridor,17.10,clear,17.525,5.196,224.45,,world
229.63,2026-08-31 01:58:01,-53.58,-0.66,2913.04,38.7,corridor,17.12,clear,17.525,5.196,226.98,,world
230.13,2026-08-31 01:58:02,-51.94,-0.93,2914.48,38.4,corridor,17.14,clear,17.417,5.227,229.25,,world
230.63,2026-08-31 01:58:02,-50.64,-1.05,2915.59,38.2,corridor,17.16,clear,17.417,5.227,231.03,,world
231.13,2026-08-31 01:58:03,-49.06,-1.18,2917.59,38.2,corridor,17.18,clear,16.538,5.011,233.57,,world
231.63,2026-08-31 01:58:03,-47.50,-1.28,2919.58,38.2,corridor,17.20,clear,16.538,5.011,236.10,,world
232.13,2026-08-31 01:58:04,-45.95,-1.33,2921.56,38.2,corridor,17.22,clear,18.173,5.079,238.62,,world
232.63,2026-08-31 01:58:04,-44.42,-1.26,2923.50,38.2,corridor,17.24,clear,18.173,5.079,241.09,,world
233.13,2026-08-31 01:58:05,-42.90,-1.18,2925.44,38.2,corridor,17.26,clear,17.580,5.190,243.56,,world
233.63,2026-08-31 01:58:05,-41.37,-1.13,2927.40,38.2,corridor,17.28,clear,17.580,5.190,246.04,,world
234.13,2026-08-31 01:58:06,-39.83,-1.11,2929.36,38.2,corridor,17.30,clear,17.052,4.853,248.53,,world
234.63,2026-08-31 01:58:06,-38.32,-1.01,2931.30,38.2,corridor,17.32,clear,17.052,4.853,250.99,,world
235.13,2026-08-31 01:58:07,-36.83,-0.82,2933.19,38.2,corridor,17.34,clear,16.099,4.805,253.40,,world
235.63,2026-08-31 01:58:07,-35.37,-0.58,2935.07,38.2,corridor,17.36,clear,16.099,4.805,255.78,,world
236.13,2026-08-31 01:58:08,-33.90,-0.34,2936.94,38.2,corridor,17.38,clear,17.254,5.665,258.16,,world
236.63,2026-08-31 01:58:08,-32.41,-0.15,2938.84,38.2,corridor,17.40,clear,17.254,5.665,260.57,,world
237.13,2026-08-31 01:58:09,-30.89,-0.07,2940.77,38.2,corridor,17.42,clear,17.179,5.602,263.03,,world
237.63,2026-08-31 01:58:09,-29.36,-0.03,2942.73,38.2,corridor,17.44,clear,17.179,5.602,265.51,,world
238.13,2026-08-31 01:58:10,-27.82,0.01,2944.68,38.2,corridor,17.46,clear,17.088,5.155,268.00,,world
238.63,2026-08-31 01:58:10,-26.29,0.08,2946.62,38.2,corridor,17.48,clear,17.088,5.155,270.47,,world
239.13,2026-08-31 01:58:11,-24.74,0.05,2948.59,38.2,corridor,17.50,clear,16.326,3.897,272.97,,world
239.63,2026-08-31 01:58:11,-23.16,-0.12,2950.59,38.2,corridor,17.52,clear,16.326,3.897,275.52,,world
240.13,2026-08-31 01:58:12,-21.58,-0.35,2952.61,38.2,corridor,17.54,clear,15.989,4.754,278.09,,world
240.63,2026-08-31 01:58:12,-19.99,-0.57,2954.62,38.2,corridor,17.56,clear,15.989,4.754,280.65,,world
241.13,2026-08-31 01:58:13,-18.40,-0.88,2956.64,38.2,corridor,17.58,clear,16.351,4.439,283.23,,world
241.63,2026-08-31 01:58:13,-16.80,-1.34,2958.68,38.2,corridor,17.60,clear,16.351,4.439,285.82,,world
242.13,2026-08-31 01:58:14,-15.20,-1.89,2960.71,38.2,corridor,17.62,clear,20.657,5.765,288.40,,world
242.63,2026-08-31 01:58:14,-13.60,-2.47,2962.74,38.2,corridor,17.64,clear,20.657,5.765,290.99,,world
243.13,2026-08-31 01:58:15,-12.00,-3.04,2964.77,38.2,corridor,17.66,clear,17.794,5.633,293.58,,world
243.63,2026-08-31 01:58:15,-10.39,-3.40,2966.80,38.2,corridor,17.68,clear,17.794,5.633,296.16,,world
244.13,2026-08-31 01:58:16,-8.82,-3.55,2968.80,38.2,corridor,17.70,clear,18.000,5.075,298.71,,world
244.63,2026-08-31 01:58:16,-7.24,-3.70,2970.80,38.2,corridor,17.72,clear,18.000,5.075,301.25,,world
245.13,2026-08-31 01:58:17,-5.64,-3.94,2972.82,38.1,corridor,17.74,clear,17.268,4.730,303.83,,world
245.63,2026-08-31 01:58:17,-4.05,-4.23,2974.84,38.1,corridor,17.76,clear,17.268,4.730,306.41,,world
246.18,2026-08-31 01:58:18,-2.84,-4.43,2976.37,38.1,corridor,17.79,clear,16.582,4.470,308.35,,world
246.98,2026-08-31 01:58:19,-2.84,-4.43,2976.37,38.1,corridor,17.82,clear,16.582,4.470,308.35,,world
247.80,2026-08-31 01:58:19,-2.84,-4.43,2976.37,38.1,corridor,17.85,clear,17.289,4.195,308.35,,world
248.62,2026-08-31 01:58:20,-2.84,-4.43,2976.37,38.1,corridor,17.88,clear,16.086,3.900,308.35,,world
249.48,2026-08-31 01:58:21,-2.84,-4.43,2976.37,38.1,corridor,17.92,clear,17.123,4.591,308.35,,world
250.33,2026-08-31 01:58:22,-2.84,-4.43,2976.37,38.1,corridor,17.95,clear,17.797,4.495,308.35,,world
250.83,2026-08-31 01:58:22,-2.84,-4.43,2976.37,38.1,corridor,17.97,clear,17.797,4.495,308.35,,world
251.33,2026-08-31 01:58:23,-2.84,-4.43,2976.37,38.1,corridor,17.99,clear,17.379,4.257,308.35,,world
251.83,2026-08-31 01:58:23,-2.84,-4.43,2976.37,38.1,corridor,18.01,clear,17.379,4.257,308.35,,world
252.33,2026-08-31 01:58:24,-2.84,-4.43,2976.37,38.1,corridor,18.03,clear,16.565,3.985,308.35,,world
252.83,2026-08-31 01:58:24,-2.84,-4.43,2976.37,38.1,corridor,18.05,clear,16.565,3.985,308.35,,world
253.33,2026-08-31 01:58:25,-2.84,-4.43,2976.37,38.1,corridor,18.07,clear,16.813,4.634,308.35,,world
253.95,2026-08-31 01:58:26,-2.84,-4.43,2976.37,38.1,corridor,18.10,clear,16.813,4.634,308.35,,world
254.50,2026-08-31 01:58:26,-2.84,-4.43,2976.37,38.1,corridor,18.12,clear,21.115,6.446,308.35,,world
255.15,2026-08-31 01:58:27,-2.84,-4.43,2976.37,38.1,corridor,18.14,clear,21.360,11.829,308.35,,world
255.73,2026-08-31 01:58:27,-2.84,-4.43,2976.37,38.1,corridor,18.17,clear,21.360,11.829,308.35,,world
256.42,2026-08-31 01:58:28,-2.84,-4.43,2976.37,38.1,corridor,18.19,clear,18.704,14.313,308.35,,world
256.97,2026-08-31 01:58:29,-2.84,-4.43,2976.37,38.1,corridor,18.22,clear,18.704,14.313,308.35,,world
257.57,2026-08-31 01:58:29,-2.84,-4.43,2976.37,38.1,corridor,18.24,clear,17.658,4.513,308.35,,world
258.17,2026-08-31 01:58:30,-2.84,-4.43,2976.37,38.1,corridor,18.27,clear,17.113,3.969,308.35,,world
258.75,2026-08-31 01:58:30,-2.84,-4.43,2976.37,38.1,corridor,18.29,clear,17.113,3.969,308.35,,world
259.40,2026-08-31 01:58:31,-2.84,-4.43,2976.37,38.1,corridor,18.31,clear,17.438,5.602,308.35,,world
260.02,2026-08-31 01:58:32,-2.84,-4.43,2976.37,38.1,corridor,18.34,clear,17.438,5.602,308.35,,world
260.57,2026-08-31 01:58:32,-2.84,-4.43,2976.37,38.1,corridor,18.36,clear,17.349,4.126,308.35,,world
261.12,2026-08-31 01:58:33,-2.84,-4.43,2976.37,38.1,corridor,18.38,clear,15.811,3.532,308.35,,world
261.73,2026-08-31 01:58:33,-2.84,-4.43,2976.37,38.1,corridor,18.41,clear,15.811,3.532,308.35,,world
262.33,2026-08-31 01:58:34,-2.84,-4.43,2976.37,38.1,corridor,18.43,clear,18.127,3.852,308.35,,world
262.98,2026-08-31 01:58:35,-2.84,-4.43,2976.37,38.1,corridor,18.46,clear,18.127,3.852,308.35,,world
263.63,2026-08-31 01:58:35,-2.84,-4.43,2976.37,38.1,corridor,18.48,clear,19.133,4.711,308.35,,world
264.23,2026-08-31 01:58:36,-2.84,-4.43,2976.37,38.1,corridor,18.51,clear,19.124,4.487,308.35,,world
264.80,2026-08-31 01:58:36,-2.84,-4.43,2976.37,38.1,corridor,18.53,clear,19.124,4.487,308.35,,world
265.40,2026-08-31 01:58:37,-2.84,-4.43,2976.37,38.1,corridor,18.55,clear,16.848,5.156,308.35,,world
266.03,2026-08-31 01:58:38,-2.84,-4.43,2976.37,38.1,corridor,18.58,clear,16.848,5.156,308.35,,world
266.67,2026-08-31 01:58:38,-2.84,-4.43,2976.37,38.1,corridor,18.60,clear,17.550,4.248,308.35,,world
267.27,2026-08-31 01:58:39,-2.84,-4.43,2976.37,38.1,corridor,18.63,clear,16.663,6.910,308.35,,world
267.90,2026-08-31 01:58:40,-2.84,-4.43,2976.37,38.1,corridor,18.65,clear,16.663,6.910,308.35,,world
268.53,2026-08-31 01:58:40,-2.84,-4.43,2976.37,38.1,corridor,18.68,clear,17.829,4.509,308.35,,world
269.13,2026-08-31 01:58:41,-2.84,-4.43,2976.37,38.1,corridor,18.70,clear,17.405,4.326,308.35,,world
269.72,2026-08-31 01:58:41,-2.84,-4.43,2976.37,38.1,corridor,18.73,clear,17.405,4.326,308.35,,world
270.35,2026-08-31 01:58:42,-2.84,-4.43,2976.37,38.1,corridor,18.75,clear,17.518,5.065,308.35,,world
270.92,2026-08-31 01:58:43,-2.84,-4.43,2976.37,38.1,corridor,18.77,clear,17.518,5.065,308.35,,world
271.53,2026-08-31 01:58:43,-2.84,-4.43,2976.37,38.1,corridor,18.80,clear,16.443,4.629,308.35,,world
272.03,2026-08-31 01:58:44,-2.84,-4.43,2976.37,38.1,corridor,18.82,clear,16.443,4.629,308.35,,world
272.53,2026-08-31 01:58:44,-2.84,-4.43,2976.37,38.1,corridor,18.84,clear,17.138,5.253,308.35,,world
273.03,2026-08-31 01:58:45,-2.84,-4.43,2976.37,38.1,corridor,18.86,clear,17.138,5.253,308.35,,world
273.53,2026-08-31 01:58:45,-2.84,-4.43,2976.37,38.1,corridor,18.88,clear,17.062,4.857,308.35,,world
274.03,2026-08-31 01:58:46,-2.84,-4.43,2976.37,38.1,corridor,18.90,clear,17.062,4.857,308.35,,world
274.53,2026-08-31 01:58:46,-2.84,-4.43,2976.37,38.1,corridor,18.92,clear,16.580,4.554,308.35,,world
275.03,2026-08-31 01:58:47,-2.84,-4.43,2976.37,38.1,corridor,18.94,clear,16.580,4.554,308.35,,world
275.53,2026-08-31 01:58:47,-2.84,-4.43,2976.37,38.1,corridor,18.96,clear,18.009,4.238,308.35,,world
276.03,2026-08-31 01:58:48,-2.84,-4.43,2976.37,38.1,corridor,18.98,clear,15.973,4.154,308.35,,world
276.53,2026-08-31 01:58:48,-2.84,-4.43,2976.37,38.1,corridor,19.00,clear,15.973,4.154,308.35,,world
277.03,2026-08-31 01:58:49,-2.84,-4.43,2976.37,38.1,corridor,19.02,clear,15.973,4.154,308.35,,world
277.53,2026-08-31 01:58:49,-2.84,-4.43,2976.37,38.1,corridor,19.04,clear,17.353,7.734,308.35,,world
278.03,2026-08-31 01:58:50,-2.84,-4.43,2976.37,38.1,corridor,19.06,clear,17.353,7.734,308.35,,world
278.53,2026-08-31 01:58:50,-2.84,-4.43,2976.37,38.1,corridor,19.08,clear,17.149,4.604,308.35,,world
279.03,2026-08-31 01:58:51,-2.84,-4.43,2976.37,38.1,corridor,19.10,clear,15.812,4.455,308.35,,world
279.53,2026-08-31 01:58:51,-2.84,-4.43,2976.38,27.6,corridor,19.12,clear,15.812,4.455,308.36,,world
280.03,2026-08-31 01:58:52,-2.17,-4.64,2978.67,16.3,corridor,19.14,clear,18.622,6.154,310.75,,world
280.53,2026-08-31 01:58:52,-1.44,-5.06,2981.15,16.3,corridor,19.16,clear,18.622,6.154,313.33,,world
281.03,2026-08-31 01:58:53,-0.71,-5.62,2983.64,16.3,corridor,19.18,clear,16.953,4.674,315.92,,world
281.53,2026-08-31 01:58:53,0.03,-6.07,2986.12,16.3,corridor,19.20,clear,16.953,4.674,318.51,,world
282.03,2026-08-31 01:58:54,0.74,-6.21,2988.56,16.3,corridor,19.22,clear,16.953,4.674,321.06,,world
282.53,2026-08-31 01:58:54,1.45,-6.25,2990.98,16.3,corridor,19.24,clear,17.671,5.269,323.58,,world
283.03,2026-08-31 01:58:55,2.16,-6.30,2993.40,16.3,corridor,19.26,clear,16.883,5.502,326.10,,world
283.53,2026-08-31 01:58:55,2.86,-6.33,2995.81,16.3,corridor,19.28,clear,16.883,5.502,328.61,,world
284.03,2026-08-31 01:58:56,3.56,-6.25,2998.18,16.3,corridor,19.30,clear,16.883,5.502,331.08,,world
284.53,2026-08-31 01:58:56,4.23,-6.05,3000.49,16.3,corridor,19.32,clear,16.608,4.622,333.49,,world
285.03,2026-08-31 01:58:57,4.89,-5.76,3002.75,16.3,corridor,19.34,clear,16.846,4.542,335.84,,world
285.53,2026-08-31 01:58:57,5.54,-5.36,3004.93,16.3,corridor,19.36,clear,16.846,4.542,338.12,,world
286.03,2026-08-31 01:58:58,6.17,-4.91,3007.08,16.3,corridor,19.38,clear,16.846,4.542,340.35,,world
286.53,2026-08-31 01:58:58,6.80,-4.47,3009.22,16.3,corridor,19.40,clear,17.443,4.191,342.59,,world
287.03,2026-08-31 01:58:59,7.44,-4.06,3011.40,16.3,corridor,19.42,clear,18.024,4.107,344.86,,world
287.53,2026-08-31 01:58:59,8.10,-3.78,3013.66,16.3,corridor,19.44,clear,18.024,4.107,347.21,,world
288.03,2026-08-31 01:59:00,8.78,-3.65,3016.00,16.3,corridor,19.46,clear,18.024,4.107,349.65,,world
288.53,2026-08-31 01:59:00,9.26,-3.63,3018.56,16.3,corridor,19.48,clear,17.249,3.747,352.31,,world
289.03,2026-08-31 01:59:01,9.98,-3.55,3021.19,16.3,corridor,19.50,clear,18.357,3.896,355.03,,world
289.53,2026-08-31 01:59:01,10.66,-3.44,3023.54,16.3,corridor,19.52,clear,18.357,3.896,357.49,,world
290.03,2026-08-31 01:59:02,11.36,-3.41,3025.93,16.3,corridor,19.54,clear,18.163,5.242,359.97,,world
290.53,2026-08-31 01:59:02,12.16,-3.45,3027.63,16.3,corridor,19.56,clear,18.163,5.242,361.91,,world
291.03,2026-08-31 01:59:03,13.17,-3.39,3027.34,106.3,corridor,19.58,clear,16.454,5.590,362.96,,world
291.53,2026-08-31 01:59:03,15.51,-3.26,3026.65,106.3,corridor,19.60,clear,16.454,5.590,365.40,,world
292.03,2026-08-31 01:59:04,16.61,-3.25,3028.27,15.8,corridor,19.62,clear,16.454,5.590,367.73,,world
292.53,2026-08-31 01:59:04,16.91,-3.25,3029.21,15.8,corridor,19.64,clear,20.983,6.554,368.72,,world
293.03,2026-08-31 01:59:05,18.71,-3.17,3028.69,105.8,corridor,19.66,clear,20.983,6.554,370.60,,world
293.53,2026-08-31 01:59:05,21.33,-3.10,3028.09,105.8,corridor,19.68,clear,17.880,6.442,373.30,,world
294.03,2026-08-31 01:59:06,23.31,-3.13,3028.19,15.0,corridor,19.70,clear,17.880,6.442,375.65,,world
294.53,2026-08-31 01:59:06,23.97,-3.38,3030.67,15.0,corridor,19.72,clear,18.170,6.649,378.22,,world
295.03,2026-08-31 01:59:07,24.64,-3.67,3033.16,15.0,corridor,19.74,clear,18.170,6.649,380.80,,world
295.53,2026-08-31 01:59:07,25.31,-3.87,3035.64,15.0,corridor,19.76,clear,18.006,6.599,383.36,,world
296.03,2026-08-31 01:59:08,25.97,-3.99,3038.09,15.0,corridor,19.78,clear,18.006,6.599,385.90,,world
296.53,2026-08-31 01:59:08,26.61,-3.96,3040.49,15.0,corridor,19.80,clear,17.468,6.271,388.39,,world
297.03,2026-08-31 01:59:09,27.24,-3.81,3042.84,15.0,corridor,19.82,clear,16.034,6.616,390.82,,world
297.53,2026-08-31 01:59:09,27.84,-3.49,3045.09,15.0,corridor,19.84,clear,16.034,6.616,393.15,,world
298.03,2026-08-31 01:59:10,28.17,-3.08,3047.20,15.1,corridor,19.86,clear,16.034,6.616,395.31,,world
298.53,2026-08-31 01:59:10,28.08,-3.06,3047.30,-27.0,corridor,19.88,clear,17.050,7.030,395.50,,world
299.03,2026-08-31 01:59:11,25.70,-3.04,3047.94,-74.9,corridor,19.90,clear,19.418,7.002,397.97,,world
299.53,2026-08-31 01:59:11,24.66,-2.81,3049.27,15.5,corridor,19.92,clear,19.418,7.002,400.19,,world
300.03,2026-08-31 01:59:12,25.50,-2.29,3051.45,15.5,corridor,19.94,clear,19.418,7.002,402.57,,world
300.53,2026-08-31 01:59:12,26.08,-1.81,3053.56,15.5,corridor,19.96,clear,16.462,5.808,404.75,,world
301.03,2026-08-31 01:59:13,26.68,-1.43,3055.74,15.5,corridor,19.98,clear,16.462,5.808,407.02,,world
301.53,2026-08-31 01:59:13,27.32,-1.25,3058.07,15.5,corridor,20.00,clear,16.828,5.800,409.43,,world
302.03,2026-08-31 01:59:14,27.99,-1.28,3060.49,15.5,corridor,20.02,clear,17.898,8.931,411.94,,world
302.53,2026-08-31 01:59:14,28.65,-1.22,3062.87,15.5,corridor,20.04,clear,17.898,8.931,414.42,,world
303.03,2026-08-31 01:59:15,29.29,-1.02,3065.19,15.5,corridor,20.06,clear,19.968,10.343,416.82,,world
303.53,2026-08-31 01:59:15,29.92,-0.75,3067.46,15.5,corridor,20.08,clear,19.968,10.343,419.18,,world
304.03,2026-08-31 01:59:16,30.75,-0.42,3069.86,15.5,corridor,20.10,clear,19.968,10.343,421.74,,world
304.53,2026-08-31 01:59:16,31.70,-0.10,3071.78,15.4,corridor,20.12,clear,19.209,10.021,423.98,,world
305.03,2026-08-31 01:59:17,32.29,0.36,3073.88,15.4,corridor,20.14,clear,19.209,10.021,426.17,,world
305.53,2026-08-31 01:59:17,32.84,0.97,3075.85,15.4,corridor,20.16,clear,18.611,9.927,428.22,,world
306.03,2026-08-31 01:59:18,33.34,1.65,3077.73,15.4,corridor,20.18,clear,18.611,9.927,430.16,,world
306.53,2026-08-31 01:59:18,33.85,2.32,3079.63,15.4,corridor,20.20,clear,17.932,10.757,432.12,,world
307.03,2026-08-31 01:59:19,34.40,2.89,3081.65,15.4,corridor,20.22,clear,19.976,14.646,434.22,,world
307.53,2026-08-31 01:59:19,35.00,3.28,3083.83,15.4,corridor,20.24,clear,19.976,14.646,436.48,,world
308.03,2026-08-31 01:59:20,35.62,3.51,3086.14,15.4,corridor,20.26,clear,19.976,14.646,438.87,,world
308.53,2026-08-31 01:59:20,36.26,3.69,3088.47,15.4,corridor,20.28,clear,18.530,11.070,441.29,,world
309.03,2026-08-31 01:59:21,36.90,3.88,3090.80,15.5,corridor,20.30,clear,18.396,11.230,443.70,,world
309.53,2026-08-31 01:59:21,37.55,4.02,3093.14,15.5,corridor,20.32,clear,18.396,11.230,446.14,,world
310.03,2026-08-31 01:59:22,38.22,3.98,3095.56,15.5,corridor,20.34,clear,19.414,10.585,448.65,,world
310.53,2026-08-31 01:59:22,38.90,3.84,3098.02,15.5,corridor,20.36,clear,19.414,10.585,451.20,,world
311.03,2026-08-31 01:59:23,39.57,3.83,3100.44,15.4,corridor,20.38,clear,19.414,10.585,453.70,,world
311.53,2026-08-31 01:59:23,40.23,3.89,3102.82,15.4,corridor,20.40,clear,26.927,11.091,456.18,,world
312.03,2026-08-31 01:59:24,40.89,3.93,3105.22,15.4,corridor,20.42,clear,26.927,11.091,458.67,,world
312.53,2026-08-31 01:59:24,41.55,3.96,3107.62,15.5,corridor,20.44,clear,22.641,12.542,461.15,,world
313.03,2026-08-31 01:59:25,42.20,4.06,3109.99,15.5,corridor,20.46,clear,22.641,12.542,463.61,,world
313.53,2026-08-31 01:59:25,42.85,4.22,3112.33,15.5,corridor,20.48,clear,21.337,12.731,466.04,,world
314.03,2026-08-31 01:59:26,43.49,4.35,3114.69,15.5,corridor,20.50,clear,21.337,12.731,468.49,,world
314.53,2026-08-31 01:59:26,44.15,4.44,3117.06,15.5,corridor,20.52,clear,20.525,11.130,470.95,,world
315.03,2026-08-31 01:59:27,44.79,4.59,3119.42,15.5,corridor,20.54,clear,19.293,11.289,473.39,,world
315.53,2026-08-31 01:59:27,45.42,4.79,3121.74,15.5,corridor,20.56,clear,19.293,11.289,475.80,,world
316.03,2026-08-31 01:59:28,46.05,5.03,3124.04,15.5,corridor,20.58,clear,19.293,11.289,478.19,,world
316.53,2026-08-31 01:59:28,46.66,5.35,3126.29,15.5,corridor,20.60,clear,20.376,10.898,480.52,,world
317.03,2026-08-31 01:59:29,47.26,5.73,3128.49,15.5,corridor,20.62,clear,20.334,9.939,482.79,,world
317.53,2026-08-31 01:59:29,47.86,6.15,3130.65,15.5,corridor,20.64,clear,20.334,9.939,485.03,,world
318.03,2026-08-31 01:59:30,48.46,6.55,3132.83,15.5,corridor,20.66,clear,20.334,9.939,487.30,,world
318.53,2026-08-31 01:59:30,49.07,6.85,3135.08,15.5,corridor,20.68,clear,19.831,11.013,489.63,,world
319.03,2026-08-31 01:59:31,49.71,7.05,3137.40,15.5,corridor,20.70,clear,19.831,11.013,492.04,,world
319.53,2026-08-31 01:59:31,50.36,7.21,3139.74,15.5,corridor,20.72,clear,21.074,11.359,494.46,,world
320.03,2026-08-31 01:59:32,50.99,7.46,3142.03,15.5,corridor,20.74,clear,21.074,11.359,496.84,,world
320.53,2026-08-31 01:59:32,51.62,7.72,3144.31,15.5,corridor,20.76,clear,20.790,8.400,499.20,,world
321.03,2026-08-31 01:59:33,52.28,7.80,3146.68,15.5,corridor,20.78,clear,17.952,8.443,501.67,,world
321.53,2026-08-31 01:59:33,52.95,7.72,3149.12,15.5,corridor,20.80,clear,17.952,8.443,504.19,,world
322.03,2026-08-31 01:59:34,53.63,7.69,3151.54,15.5,corridor,20.82,clear,21.632,9.595,506.71,,world
322.53,2026-08-31 01:59:34,54.29,7.74,3153.94,15.5,corridor,20.84,clear,21.632,9.595,509.19,,world
323.03,2026-08-31 01:59:35,54.96,7.71,3156.36,15.5,corridor,20.86,clear,21.632,9.595,511.70,,world
323.53,2026-08-31 01:59:35,55.64,7.56,3158.81,15.5,corridor,20.88,clear,21.303,9.193,514.25,,world
324.03,2026-08-31 01:59:36,56.32,7.45,3161.26,15.5,corridor,20.90,clear,19.202,8.268,516.79,,world
324.53,2026-08-31 01:59:36,56.99,7.41,3163.69,15.5,corridor,20.92,clear,19.202,8.268,519.31,,world
325.03,2026-08-31 01:59:37,57.65,7.42,3166.09,15.5,corridor,20.94,clear,19.202,8.268,521.81,,world
325.53,2026-08-31 01:59:37,58.31,7.49,3168.48,15.5,corridor,20.96,clear,17.212,8.291,524.28,,world
326.03,2026-08-31 01:59:38,58.96,7.64,3170.82,15.5,corridor,20.98,clear,17.212,8.291,526.71,,world
326.53,2026-08-31 01:59:38,59.60,7.84,3173.14,15.5,corridor,21.00,clear,21.615,8.899,529.12,,world
327.03,2026-08-31 01:59:39,60.25,7.97,3175.50,15.5,corridor,21.02,clear,21.615,8.899,531.56,,world
327.53,2026-08-31 01:59:39,60.92,8.00,3177.90,15.5,corridor,21.04,clear,19.650,8.979,534.06,,world
328.03,2026-08-31 01:59:40,61.59,8.00,3180.31,15.5,corridor,21.06,clear,19.650,8.979,536.56,,world
328.53,2026-08-31 01:59:40,62.10,7.94,3182.14,15.5,corridor,21.08,clear,21.744,10.272,538.46,,world
329.03,2026-08-31 01:59:41,63.81,7.71,3182.25,38.7,corridor,21.10,clear,25.261,10.976,540.20,,world
329.53,2026-08-31 01:59:41,64.53,7.40,3184.69,15.2,corridor,21.12,clear,25.261,10.976,542.75,,world
330.03,2026-08-31 01:59:42,65.21,6.91,3187.19,15.2,corridor,21.14,clear,19.563,13.668,545.34,,world
330.53,2026-08-31 01:59:42,66.00,6.55,3188.80,15.1,corridor,21.16,clear,19.563,13.668,547.30,,world
331.03,2026-08-31 01:59:43,66.89,6.20,3190.83,15.0,corridor,21.18,clear,19.563,13.668,549.58,,world
331.53,2026-08-31 01:59:43,67.56,5.80,3193.33,15.0,corridor,21.20,clear,20.335,7.942,552.17,,world
332.03,2026-08-31 01:59:44,68.22,5.44,3195.82,15.0,corridor,21.22,clear,20.335,7.942,554.75,,world
332.53,2026-08-31 01:59:44,68.89,5.15,3198.31,15.0,corridor,21.24,clear,20.643,7.892,557.32,,world
333.03,2026-08-31 01:59:45,69.55,4.79,3200.81,15.0,corridor,21.26,clear,22.547,8.442,559.91,,world
333.53,2026-08-31 01:59:45,70.22,4.26,3203.30,15.1,corridor,21.28,clear,22.547,8.442,562.49,,world
334.03,2026-08-31 01:59:46,70.88,3.61,3205.79,15.1,corridor,21.30,clear,22.547,8.442,565.07,,world
334.53,2026-08-31 01:59:46,71.54,2.90,3208.27,15.1,corridor,21.32,clear,19.394,8.278,567.63,,world
335.03,2026-08-31 01:59:47,72.14,2.21,3210.52,15.1,corridor,21.34,clear,19.394,8.278,569.96,,world
335.53,2026-08-31 01:59:47,72.80,1.38,3212.97,15.1,corridor,21.36,clear,18.490,8.491,572.50,,world
336.03,2026-08-31 01:59:48,73.46,0.55,3215.42,15.1,corridor,21.38,clear,18.490,8.491,575.04,,world
336.53,2026-08-31 01:59:48,74.13,-0.11,3217.91,15.1,corridor,21.40,clear,19.263,8.361,577.61,,world
337.03,2026-08-31 01:59:49,74.80,-0.49,3220.40,15.1,corridor,21.42,clear,19.263,8.361,580.20,,world
337.53,2026-08-31 01:59:49,75.47,-0.76,3222.89,15.1,corridor,21.44,clear,18.928,8.282,582.77,,world
338.03,2026-08-31 01:59:50,76.13,-1.04,3225.38,15.1,corridor,21.46,clear,18.928,8.282,585.35,,world
338.53,2026-08-31 01:59:50,76.81,-1.38,3227.87,15.1,corridor,21.48,clear,18.518,7.675,587.93,,world
339.03,2026-08-31 01:59:51,77.48,-1.84,3230.37,15.1,corridor,21.50,clear,18.693,7.049,590.52,,world
339.53,2026-08-31 01:59:51,78.15,-2.43,3232.87,15.1,corridor,21.52,clear,18.693,7.049,593.10,,world
340.03,2026-08-31 01:59:52,78.83,-3.05,3235.36,15.1,corridor,21.54,clear,19.837,9.496,595.68,,world
340.53,2026-08-31 01:59:52,79.50,-3.52,3237.86,15.1,corridor,21.56,clear,19.837,9.496,598.28,,world
341.03,2026-08-31 01:59:53,80.18,-3.85,3240.35,15.1,corridor,21.58,clear,19.837,9.496,600.86,,world
341.53,2026-08-31 01:59:53,80.85,-4.13,3242.84,15.1,corridor,21.60,clear,18.771,8.854,603.43,,world
342.03,2026-08-31 01:59:54,81.51,-4.36,3245.32,15.1,corridor,21.62,clear,19.397,9.038,606.00,,world
342.53,2026-08-31 01:59:54,82.17,-4.49,3247.78,15.1,corridor,21.64,clear,19.397,9.038,608.54,,world
343.03,2026-08-31 01:59:55,82.82,-4.50,3250.20,15.1,corridor,21.66,clear,19.367,9.263,611.05,,world
343.53,2026-08-31 01:59:55,83.45,-4.43,3252.59,15.1,corridor,21.68,clear,19.367,9.263,613.52,,world
344.03,2026-08-31 01:59:56,84.08,-4.27,3254.94,15.1,corridor,21.70,clear,19.367,9.263,615.95,,world
344.53,2026-08-31 01:59:56,84.69,-4.01,3257.23,15.1,corridor,21.72,clear,21.103,10.115,618.32,,world
345.03,2026-08-31 01:59:57,85.29,-3.69,3259.47,15.1,corridor,21.74,clear,21.103,10.115,620.65,,world
345.53,2026-08-31 01:59:57,85.89,-3.38,3261.73,15.1,corridor,21.76,clear,19.161,8.768,622.98,,world
346.03,2026-08-31 01:59:58,86.52,-3.17,3264.04,15.1,corridor,21.78,clear,19.161,8.768,625.38,,world
346.53,2026-08-31 01:59:58,87.16,-3.09,3266.42,15.1,corridor,21.80,clear,17.644,8.401,627.84,,world
347.03,2026-08-31 01:59:59,87.80,-3.03,3268.81,15.1,corridor,21.82,clear,17.644,8.401,630.32,,world
347.53,2026-08-31 01:59:59,88.43,-2.89,3271.17,15.1,corridor,21.84,clear,17.655,7.189,632.76,,world
348.03,2026-08-31 02:00:00,89.05,-2.71,3273.50,15.1,corridor,21.86,clear,17.655,7.189,635.17,,world
348.53,2026-08-31 02:00:00,89.68,-2.50,3275.81,15.1,corridor,21.88,clear,18.329,7.220,637.57,,world
349.03,2026-08-31 02:00:01,90.30,-2.32,3278.15,15.1,corridor,21.90,clear,18.329,7.220,639.98,,world
349.53,2026-08-31 02:00:01,90.94,-2.25,3280.53,15.1,corridor,21.92,clear,18.465,7.963,642.45,,world
350.03,2026-08-31 02:00:02,91.59,-2.30,3282.96,15.1,corridor,21.94,clear,22.232,8.845,644.97,,world
350.53,2026-08-31 02:00:02,92.25,-2.40,3285.41,15.1,corridor,21.96,clear,22.232,8.845,647.51,,world
351.03,2026-08-31 02:00:03,92.90,-2.39,3287.83,15.1,corridor,21.98,clear,23.737,17.501,650.01,,world
351.53,2026-08-31 02:00:03,93.53,-2.24,3290.18,15.1,corridor,22.00,clear,23.737,17.501,652.44,,world
352.03,2026-08-31 02:00:04,94.16,-2.04,3292.50,15.1,corridor,22.02,clear,23.737,17.501,654.84,,world
352.53,2026-08-31 02:00:04,94.79,-1.89,3294.84,15.1,corridor,22.04,clear,19.273,8.240,657.27,,world
353.03,2026-08-31 02:00:05,95.43,-1.81,3297.23,15.1,corridor,22.06,clear,19.273,8.240,659.74,,world
353.53,2026-08-31 02:00:05,96.09,-1.81,3299.65,15.1,corridor,22.08,clear,18.725,8.256,662.25,,world
354.03,2026-08-31 02:00:06,96.75,-1.87,3302.08,15.1,corridor,22.10,clear,18.725,8.256,664.77,,world
354.53,2026-08-31 02:00:06,97.40,-1.90,3304.51,15.1,corridor,22.12,clear,19.841,8.885,667.28,,world
355.03,2026-08-31 02:00:07,98.05,-1.90,3306.92,15.1,corridor,22.14,clear,19.841,8.885,669.78,,world
355.53,2026-08-31 02:00:07,98.71,-1.89,3309.34,15.1,corridor,22.16,clear,19.608,8.947,672.29,,world
356.03,2026-08-31 02:00:08,99.36,-1.85,3311.74,15.1,corridor,22.18,clear,19.608,8.947,674.77,,world
356.53,2026-08-31 02:00:08,100.00,-1.77,3314.12,15.1,corridor,22.20,clear,19.391,8.429,677.24,,world
357.03,2026-08-31 02:00:09,100.64,-1.70,3316.51,15.1,corridor,22.22,clear,19.391,8.429,679.71,,world
357.53,2026-08-31 02:00:09,101.29,-1.67,3318.91,15.1,corridor,22.24,clear,20.262,33.424,682.21,,world
358.03,2026-08-31 02:00:10,101.93,-1.60,3321.30,15.1,corridor,22.26,clear,20.262,33.424,684.68,,world
358.53,2026-08-31 02:00:10,102.56,-1.44,3323.64,15.1,corridor,22.28,clear,19.356,9.520,687.10,,world
359.03,2026-08-31 02:00:11,103.19,-1.28,3325.99,15.1,corridor,22.30,clear,19.356,9.520,689.53,,world
359.53,2026-08-31 02:00:11,103.83,-1.25,3328.39,15.1,corridor,22.32,clear,19.865,8.635,692.01,,world
360.03,2026-08-31 02:00:12,104.49,-1.32,3330.83,15.1,corridor,22.34,clear,19.865,8.635,694.54,,world
360.53,2026-08-31 02:00:12,105.15,-1.50,3333.29,15.1,corridor,22.36,clear,21.189,8.499,697.09,,world
361.03,2026-08-31 02:00:13,105.82,-1.84,3335.78,15.1,corridor,22.38,clear,21.189,8.499,699.67,,world
361.53,2026-08-31 02:00:13,106.49,-2.40,3338.28,15.1,corridor,22.40,clear,46.537,9.408,702.26,,world
362.03,2026-08-31 02:00:14,107.16,-3.05,3340.76,15.1,corridor,22.42,clear,46.537,9.408,704.83,,world
362.53,2026-08-31 02:00:14,107.84,-3.65,3343.26,15.1,corridor,22.44,clear,19.870,11.120,707.41,,world
363.03,2026-08-31 02:00:15,108.51,-4.12,3345.76,15.1,corridor,22.46,clear,19.870,11.120,710.00,,world
363.53,2026-08-31 02:00:15,109.19,-4.50,3348.25,15.1,corridor,22.48,clear,19.560,9.992,712.59,,world
364.03,2026-08-31 02:00:16,109.85,-4.78,3350.74,15.1,corridor,22.50,clear,19.560,9.992,715.16,,world
364.53,2026-08-31 02:00:16,110.50,-4.82,3353.17,15.1,corridor,22.52,clear,19.178,7.752,717.68,,world
365.03,2026-08-31 02:00:17,111.13,-4.71,3355.54,15.1,corridor,22.54,clear,19.178,7.752,720.14,,world
365.53,2026-08-31 02:00:17,111.74,-4.50,3357.87,15.1,corridor,22.56,clear,18.152,8.892,722.54,,world
366.03,2026-08-31 02:00:18,112.35,-4.20,3360.14,15.1,corridor,22.58,clear,18.208,8.253,724.89,,world
366.53,2026-08-31 02:00:18,112.95,-3.90,3362.40,15.1,corridor,22.60,clear,18.208,8.253,727.23,,world
367.03,2026-08-31 02:00:19,113.55,-3.60,3364.66,15.1,corridor,22.62,clear,22.072,10.517,729.57,,world
367.53,2026-08-31 02:00:19,114.15,-3.25,3366.89,15.1,corridor,22.64,clear,22.072,10.517,731.87,,world
368.03,2026-08-31 02:00:20,114.72,-2.83,3369.06,15.1,corridor,22.66,clear,22.072,10.517,734.12,,world
368.53,2026-08-31 02:00:20,115.28,-2.33,3371.15,15.1,corridor,22.68,clear,17.906,8.146,736.29,,world
369.03,2026-08-31 02:00:21,115.82,-1.77,3373.19,15.1,corridor,22.70,clear,17.906,8.146,738.40,,world
369.53,2026-08-31 02:00:21,116.36,-1.22,3375.23,15.1,corridor,22.72,clear,17.638,7.450,740.50,,world
370.03,2026-08-31 02:00:22,116.91,-0.69,3377.29,15.1,corridor,22.74,clear,19.790,8.210,742.64,,world
370.53,2026-08-31 02:00:22,117.49,-0.25,3379.43,15.1,corridor,22.76,clear,19.790,8.210,744.85,,world
371.03,2026-08-31 02:00:23,118.10,0.03,3381.69,15.1,corridor,22.78,clear,18.168,7.762,747.20,,world
371.53,2026-08-31 02:00:23,118.75,0.09,3384.08,15.1,corridor,22.80,clear,18.168,7.762,749.67,,world
372.03,2026-08-31 02:00:24,119.40,0.14,3386.48,15.1,corridor,22.82,clear,18.168,7.762,752.16,,world
372.53,2026-08-31 02:00:24,120.02,0.35,3388.79,15.1,corridor,22.84,clear,18.061,7.657,754.55,,world
373.03,2026-08-31 02:00:25,120.61,0.75,3390.98,15.1,corridor,22.86,clear,18.061,7.657,756.82,,world
373.53,2026-08-31 02:00:25,121.20,1.18,3393.14,15.1,corridor,22.88,clear,18.050,7.097,759.05,,world
374.03,2026-08-31 02:00:26,121.80,1.51,3395.37,15.1,corridor,22.90,clear,18.050,7.097,761.37,,world
374.53,2026-08-31 02:00:26,122.44,1.62,3397.74,15.1,corridor,22.92,clear,18.017,5.878,763.82,,world
375.03,2026-08-31 02:00:27,123.10,1.53,3400.19,15.1,corridor,22.94,clear,17.902,6.611,766.36,,world
375.53,2026-08-31 02:00:27,123.77,1.43,3402.64,15.1,corridor,22.96,clear,17.902,6.611,768.89,,world
376.03,2026-08-31 02:00:28,124.42,1.44,3405.05,15.1,corridor,22.98,clear,18.195,6.512,771.39,,world
376.53,2026-08-31 02:00:28,125.06,1.56,3407.41,15.1,corridor,23.00,clear,18.195,6.512,773.84,,world
377.03,2026-08-31 02:00:29,125.68,1.81,3409.71,15.1,corridor,23.02,clear,18.195,6.512,776.22,,world
377.53,2026-08-31 02:00:29,126.28,2.20,3411.91,15.1,corridor,23.04,clear,18.797,6.805,778.50,,world
378.03,2026-08-31 02:00:30,126.84,2.73,3413.99,15.1,corridor,23.06,clear,18.797,6.805,780.65,,world
378.53,2026-08-31 02:00:30,127.38,3.33,3415.97,15.1,corridor,23.08,clear,19.098,6.629,782.71,,world
379.03,2026-08-31 02:00:31,127.92,3.94,3417.95,15.1,corridor,23.10,clear,19.098,6.629,784.76,,world
379.53,2026-08-31 02:00:31,128.48,4.48,3420.01,15.1,corridor,23.12,clear,17.607,6.765,786.90,,world
380.03,2026-08-31 02:00:32,129.06,4.94,3422.16,15.1,corridor,23.14,clear,17.607,6.765,789.12,,world
380.53,2026-08-31 02:00:32,129.65,5.35,3424.33,15.1,corridor,23.16,clear,19.542,5.788,791.37,,world
381.03,2026-08-31 02:00:33,130.23,5.77,3426.50,15.1,corridor,23.18,clear,19.542,5.788,793.62,,world
381.53,2026-08-31 02:00:33,130.82,6.19,3428.67,15.1,corridor,23.20,clear,18.085,6.038,795.87,,world
382.03,2026-08-31 02:00:34,131.40,6.62,3430.84,15.1,corridor,23.22,clear,19.445,7.119,798.11,,world
382.53,2026-08-31 02:00:34,131.98,7.04,3433.01,15.1,corridor,23.24,clear,19.445,7.119,800.36,,world
383.03,2026-08-31 02:00:35,132.58,7.43,3435.21,15.1,corridor,23.26,clear,19.445,7.119,802.63,,world
383.53,2026-08-31 02:00:35,133.19,7.75,3437.45,15.0,corridor,23.28,clear,21.959,6.777,804.96,,world
384.03,2026-08-31 02:00:36,133.81,7.96,3439.77,15.0,corridor,23.30,clear,21.959,6.777,807.37,,world
384.53,2026-08-31 02:00:36,134.44,8.11,3442.12,15.0,corridor,23.32,clear,18.162,6.606,809.80,,world
385.03,2026-08-31 02:00:37,135.08,8.20,3444.50,15.0,corridor,23.34,clear,18.162,6.606,812.26,,world
385.53,2026-08-31 02:00:37,135.73,8.20,3446.92,15.0,corridor,23.36,clear,19.330,7.721,814.76,,world
386.03,2026-08-31 02:00:38,136.39,8.15,3449.35,15.0,corridor,23.38,clear,19.330,7.721,817.28,,world
386.53,2026-08-31 02:00:38,137.04,8.10,3451.79,15.0,corridor,23.40,clear,20.227,6.913,819.81,,world
387.03,2026-08-31 02:00:39,137.70,7.99,3454.24,15.0,corridor,23.42,clear,20.227,6.913,822.34,,world
387.53,2026-08-31 02:00:39,138.36,7.84,3456.70,15.0,corridor,23.44,clear,19.299,7.558,824.89,,world
388.03,2026-08-31 02:00:40,139.02,7.74,3459.15,15.0,corridor,23.46,clear,19.299,7.558,827.43,,world
388.53,2026-08-31 02:00:40,139.67,7.65,3461.59,15.1,corridor,23.48,clear,21.279,8.459,829.96,,world
389.03,2026-08-31 02:00:41,140.33,7.42,3464.07,15.1,corridor,23.50,clear,21.279,8.459,832.53,,world
389.53,2026-08-31 02:00:41,141.00,6.98,3466.57,15.1,corridor,23.52,clear,25.162,7.503,835.11,,world
390.03,2026-08-31 02:00:42,141.67,6.52,3469.07,15.1,corridor,23.54,clear,25.162,7.503,837.70,,world
390.53,2026-08-31 02:00:42,142.34,6.01,3471.57,15.1,corridor,23.56,clear,21.971,7.902,840.29,,world
391.03,2026-08-31 02:00:43,143.00,5.34,3474.06,15.1,corridor,23.58,clear,18.537,6.404,842.86,,world
391.53,2026-08-31 02:00:43,143.66,4.50,3476.51,15.1,corridor,23.60,clear,18.537,6.404,845.40,,world
392.03,2026-08-31 02:00:44,144.31,3.61,3478.95,15.1,corridor,23.62,clear,18.537,6.404,847.92,,world
392.53,2026-08-31 02:00:44,144.97,2.80,3481.41,15.1,corridor,23.64,clear,21.098,7.766,850.47,,world
393.03,2026-08-31 02:00:45,145.64,2.21,3483.90,15.2,corridor,23.66,clear,21.098,7.766,853.05,,world
393.53,2026-08-31 02:00:45,146.31,1.82,3486.40,15.2,corridor,23.68,clear,18.344,6.435,855.64,,world
394.03,2026-08-31 02:00:46,146.98,1.42,3488.90,15.2,corridor,23.70,clear,18.871,6.483,858.23,,world
394.53,2026-08-31 02:00:46,147.66,0.99,3491.40,15.2,corridor,23.72,clear,18.871,6.483,860.81,,world
395.03,2026-08-31 02:00:47,148.33,0.70,3493.88,15.2,corridor,23.74,clear,18.871,6.483,863.39,,world
395.53,2026-08-31 02:00:47,149.34,0.70,3496.14,26.6,corridor,23.76,clear,17.673,6.572,865.87,,world
396.03,2026-08-31 02:00:48,150.43,0.84,3498.32,26.6,corridor,23.78,clear,19.901,8.700,868.30,,world
396.53,2026-08-31 02:00:48,151.52,0.96,3500.51,26.6,corridor,23.80,clear,19.901,8.700,870.75,,world
397.03,2026-08-31 02:00:49,152.64,0.95,3502.74,26.6,corridor,23.82,clear,19.901,8.700,873.25,,world
397.53,2026-08-31 02:00:49,153.77,0.84,3505.01,26.6,corridor,23.84,clear,20.645,6.646,875.78,,world
398.03,2026-08-31 02:00:50,154.91,0.64,3507.30,26.6,corridor,23.86,clear,20.645,6.646,878.34,,world
398.53,2026-08-31 02:00:50,156.06,0.43,3509.59,26.6,corridor,23.88,clear,19.212,7.522,880.90,,world
399.03,2026-08-31 02:00:51,157.21,0.18,3511.88,26.6,corridor,23.90,clear,20.158,6.730,883.47,,world
399.53,2026-08-31 02:00:51,158.36,-0.04,3514.18,26.6,corridor,23.92,clear,20.158,6.730,886.04,,world
400.03,2026-08-31 02:00:52,159.51,-0.20,3516.45,26.6,corridor,23.94,clear,20.158,6.730,888.59,,world
400.53,2026-08-31 02:00:52,160.61,-0.14,3518.67,26.6,corridor,23.96,clear,24.999,8.110,891.06,,world
401.03,2026-08-31 02:00:53,161.67,0.11,3520.79,26.6,corridor,23.98,clear,24.607,7.818,893.43,,world
401.53,2026-08-31 02:00:53,162.75,0.34,3522.92,26.6,corridor,24.00,clear,24.607,7.818,895.82,,world
402.03,2026-08-31 02:00:54,163.85,0.47,3525.11,26.6,corridor,0.02,clear,19.557,8.021,898.26,,world
402.53,2026-08-31 02:00:54,164.95,0.58,3527.30,26.6,corridor,0.04,clear,19.557,8.021,900.72,,world
403.03,2026-08-31 02:00:55,166.04,0.71,3529.49,26.6,corridor,0.06,clear,19.557,8.021,903.17,,world
403.53,2026-08-31 02:00:55,167.15,0.77,3531.70,26.6,corridor,0.08,clear,18.392,6.527,905.64,,world
404.03,2026-08-31 02:00:56,168.29,0.64,3533.97,26.6,corridor,0.10,clear,17.813,6.512,908.18,,world
404.53,2026-08-31 02:00:56,169.44,0.40,3536.26,26.6,corridor,0.12,clear,17.813,6.512,910.75,,world
405.03,2026-08-31 02:00:57,170.59,0.20,3538.55,26.6,corridor,0.14,clear,17.813,6.512,913.31,,world
405.53,2026-08-31 02:00:57,171.74,0.03,3540.84,26.6,corridor,0.16,clear,18.837,6.298,915.87,,world
406.03,2026-08-31 02:00:58,172.88,-0.10,3543.11,26.6,corridor,0.18,clear,18.578,13.971,918.41,,world
406.53,2026-08-31 02:00:58,174.02,-0.31,3545.40,26.6,corridor,0.20,clear,18.578,13.971,920.97,,world
407.03,2026-08-31 02:00:59,175.17,-0.57,3547.70,26.6,corridor,0.22,clear,18.762,6.098,923.54,,world
407.53,2026-08-31 02:00:59,176.32,-0.78,3549.99,26.6,corridor,0.24,clear,18.762,6.098,926.10,,world
408.03,2026-08-31 02:01:00,177.45,-0.86,3552.25,26.6,corridor,0.26,clear,19.240,6.608,928.62,,world
408.53,2026-08-31 02:01:00,178.59,-1.08,3554.53,26.6,corridor,0.28,clear,19.240,6.608,931.18,,world
409.03,2026-08-31 02:01:01,179.75,-1.51,3556.85,26.6,corridor,0.30,clear,18.550,6.631,933.77,,world
409.53,2026-08-31 02:01:01,180.92,-1.99,3559.16,26.5,corridor,0.32,clear,18.550,6.631,936.36,,world
410.03,2026-08-31 02:01:02,182.08,-2.32,3561.47,26.5,corridor,0.34,clear,18.550,6.631,938.94,,world
410.53,2026-08-31 02:01:02,183.23,-2.52,3563.76,26.5,corridor,0.36,clear,18.195,6.978,941.50,,world
411.03,2026-08-31 02:01:03,184.39,-2.75,3566.01,26.5,corridor,0.38,clear,18.195,6.978,944.05,,world
411.53,2026-08-31 02:01:03,185.68,-3.09,3568.07,26.4,corridor,0.40,clear,23.160,8.365,946.52,,world
412.03,2026-08-31 02:01:04,186.84,-3.39,3570.38,26.4,corridor,0.42,clear,23.160,8.365,949.10,,world
412.53,2026-08-31 02:01:04,187.91,-3.65,3572.52,26.4,corridor,0.44,clear,20.817,8.140,951.49,,world
413.03,2026-08-31 02:01:05,189.18,-3.89,3571.95,114.2,corridor,0.46,clear,20.817,8.140,952.89,,world
413.53,2026-08-31 02:01:05,190.50,-4.18,3573.77,25.6,corridor,0.48,clear,20.639,8.013,955.33,,world
414.03,2026-08-31 02:01:06,191.62,-4.45,3576.09,25.6,corridor,0.50,clear,20.050,7.639,957.90,,world
414.53,2026-08-31 02:01:06,192.74,-4.74,3578.41,25.5,corridor,0.52,clear,20.050,7.639,960.48,,world
415.03,2026-08-31 02:01:07,193.48,-4.98,3580.09,25.6,corridor,0.54,clear,20.050,7.639,962.34,,world
415.53,2026-08-31 02:01:07,192.87,-4.87,3580.38,-64.4,corridor,0.56,clear,20.381,7.289,963.01,,world
416.03,2026-08-31 02:01:08,190.75,-4.60,3581.41,-64.4,corridor,0.58,clear,19.847,8.829,965.37,,world
416.53,2026-08-31 02:01:08,190.93,-4.95,3583.38,27.5,corridor,0.60,clear,19.847,8.829,967.79,,world
417.03,2026-08-31 02:01:09,191.98,-5.54,3585.66,27.6,corridor,0.62,clear,20.883,8.777,970.32,,world
417.53,2026-08-31 02:01:09,193.18,-6.10,3587.95,27.6,corridor,0.64,clear,20.883,8.777,972.91,,world
418.03,2026-08-31 02:01:10,194.39,-6.55,3590.24,27.6,corridor,0.66,clear,21.228,9.156,975.50,,world
418.53,2026-08-31 02:01:10,195.59,-6.85,3592.53,27.6,corridor,0.68,clear,21.228,9.156,978.08,,world
419.03,2026-08-31 02:01:11,196.67,-7.03,3593.98,27.4,corridor,0.70,clear,21.228,9.156,980.04,,world
419.53,2026-08-31 02:01:11,198.00,-7.21,3595.46,27.1,corridor,0.72,clear,21.919,8.631,982.14,,world
420.03,2026-08-31 02:01:12,199.41,-7.24,3597.55,26.9,corridor,0.74,cloudy,21.919,8.631,984.72,,world
420.53,2026-08-31 02:01:12,200.52,-7.12,3599.73,26.9,corridor,0.76,cloudy,20.960,8.724,987.16,,world
421.03,2026-08-31 02:01:13,201.59,-6.86,3601.85,26.9,corridor,0.78,cloudy,20.960,8.724,989.53,,world
421.53,2026-08-31 02:01:13,202.65,-6.58,3603.95,26.9,corridor,0.80,cloudy,19.113,7.755,991.89,,world
422.03,2026-08-31 02:01:14,203.71,-6.29,3606.05,26.9,corridor,0.82,cloudy,19.113,7.755,994.24,,world
422.53,2026-08-31 02:01:14,204.79,-6.09,3608.20,27.0,corridor,0.84,cloudy,19.890,7.685,996.64,,world
423.03,2026-08-31 02:01:15,205.90,-5.99,3610.39,27.0,corridor,0.86,cloudy,19.890,7.685,999.10,,world
423.53,2026-08-31 02:01:15,207.03,-5.97,3612.60,27.0,corridor,0.88,cloudy,23.827,9.410,1001.59,,world
424.03,2026-08-31 02:01:16,208.16,-5.93,3614.81,27.0,corridor,0.90,cloudy,23.827,9.410,1004.07,,world
424.53,2026-08-31 02:01:16,209.30,-6.00,3617.06,27.0,corridor,0.92,cloudy,21.542,7.212,1006.58,,world
425.03,2026-08-31 02:01:17,210.46,-6.20,3619.34,26.9,corridor,0.94,cloudy,26.145,12.750,1009.14,,world
425.53,2026-08-31 02:01:17,211.62,-6.39,3621.61,26.9,corridor,0.96,cloudy,26.145,12.750,1011.70,,world
426.03,2026-08-31 02:01:18,212.76,-6.46,3623.86,26.9,corridor,0.98,cloudy,26.145,12.750,1014.22,,world
426.53,2026-08-31 02:01:18,213.91,-6.54,3626.11,26.9,corridor,1.00,cloudy,25.837,9.561,1016.74,,world
427.03,2026-08-31 02:01:19,215.14,-6.63,3628.15,26.8,corridor,1.02,cloudy,25.837,9.561,1019.16,,world
427.53,2026-08-31 02:01:19,216.24,-6.56,3630.35,26.8,corridor,1.04,cloudy,18.591,9.689,1021.62,,world
428.03,2026-08-31 02:01:20,217.29,-6.26,3632.44,26.8,corridor,1.06,cloudy,18.591,9.689,1023.96,,world
428.53,2026-08-31 02:01:20,218.33,-5.91,3634.50,26.8,corridor,1.08,cloudy,19.031,7.321,1026.27,,world
429.03,2026-08-31 02:01:21,219.39,-5.63,3636.61,26.8,corridor,1.10,cloudy,18.340,8.259,1028.63,,world
429.53,2026-08-31 02:01:21,220.47,-5.39,3638.73,26.8,corridor,1.12,cloudy,18.340,8.259,1031.01,,world
430.03,2026-08-31 02:01:22,220.67,-5.35,3639.14,26.8,corridor,1.14,cloudy,18.340,8.259,1031.47,,world
430.53,2026-08-31 02:01:22,218.55,-5.27,3640.21,-63.2,corridor,1.16,cloudy,18.342,8.765,1033.85,,world
431.03,2026-08-31 02:01:23,216.30,-5.30,3641.34,-63.2,corridor,1.18,cloudy,19.078,7.945,1036.37,,world
431.53,2026-08-31 02:01:23,215.64,-5.15,3642.80,34.6,corridor,1.20,cloudy,19.078,7.945,1038.58,,world
432.03,2026-08-31 02:01:24,216.96,-4.83,3644.71,34.6,corridor,1.22,cloudy,19.078,7.945,1040.91,,world
432.53,2026-08-31 02:01:24,218.29,-4.54,3646.64,34.6,corridor,1.24,cloudy,20.839,8.975,1043.25,,world
433.03,2026-08-31 02:01:25,219.66,-4.36,3648.62,34.6,corridor,1.26,cloudy,23.003,8.429,1045.66,,world
433.53,2026-08-31 02:01:25,221.09,-4.38,3650.69,34.6,corridor,1.28,cloudy,23.003,8.429,1048.16,,world
434.03,2026-08-31 02:01:26,222.53,-4.51,3652.78,34.6,corridor,1.30,cloudy,21.593,9.463,1050.71,,world
434.53,2026-08-31 02:01:26,223.99,-4.67,3654.88,34.6,corridor,1.32,cloudy,21.593,9.463,1053.26,,world
435.03,2026-08-31 02:01:27,225.43,-4.75,3656.97,34.6,corridor,1.34,cloudy,21.593,9.463,1055.80,,world
435.53,2026-08-31 02:01:27,226.84,-4.70,3659.01,34.6,corridor,1.36,cloudy,20.745,8.937,1058.28,,world
436.03,2026-08-31 02:01:28,228.22,-4.55,3661.02,34.6,corridor,1.38,cloudy,23.092,7.021,1060.72,,world
436.53,2026-08-31 02:01:28,229.59,-4.37,3663.00,34.6,corridor,1.40,cloudy,23.092,7.021,1063.13,,world
437.03,2026-08-31 02:01:29,230.95,-4.17,3664.98,34.6,corridor,1.42,cloudy,23.092,7.021,1065.53,,world
437.53,2026-08-31 02:01:29,232.32,-4.01,3666.98,34.6,corridor,1.44,cloudy,21.466,7.992,1067.95,,world
438.03,2026-08-31 02:01:30,233.71,-3.90,3669.00,34.6,corridor,1.46,cloudy,20.893,7.250,1070.41,,world
438.53,2026-08-31 02:01:30,235.13,-3.89,3671.06,34.6,corridor,1.48,cloudy,20.893,7.250,1072.91,,world
439.03,2026-08-31 02:01:31,236.53,-3.83,3673.10,34.6,corridor,1.50,cloudy,20.893,7.250,1075.38,,world
439.53,2026-08-31 02:01:31,237.92,-3.69,3675.10,34.6,corridor,1.52,cloudy,19.779,7.504,1077.82,,world
440.03,2026-08-31 02:01:32,239.31,-3.55,3677.11,34.6,corridor,1.54,cloudy,19.779,7.504,1080.26,,world
440.78,2026-08-31 02:01:33,236.75,-3.91,3684.05,113.4,corridor,1.57,cloudy,20.759,6.832,0.00,,combat
441.58,2026-08-31 02:01:33,236.75,-3.91,3684.05,113.4,corridor,1.60,cloudy,26.562,91.567,0.00,,combat
442.18,2026-08-31 02:01:34,236.75,-3.91,3684.05,113.4,corridor,1.63,cloudy,21.420,6.582,0.00,,combat
442.77,2026-08-31 02:01:34,236.75,-3.91,3684.05,113.4,corridor,1.65,cloudy,21.420,6.582,0.00,,combat
443.40,2026-08-31 02:01:35,236.75,-3.91,3684.05,113.4,corridor,1.67,cloudy,20.180,9.605,0.00,,combat
444.05,2026-08-31 02:01:36,236.75,-3.91,3684.05,113.4,corridor,1.70,cloudy,22.340,7.410,0.00,,combat
444.65,2026-08-31 02:01:36,236.75,-3.91,3684.05,113.4,corridor,1.72,cloudy,22.340,7.410,0.00,,combat
445.28,2026-08-31 02:01:37,236.75,-3.91,3684.05,113.4,corridor,1.75,cloudy,25.136,7.500,0.00,,combat
445.85,2026-08-31 02:01:38,236.75,-3.91,3684.05,113.4,corridor,1.77,cloudy,25.136,7.500,0.00,,combat
446.52,2026-08-31 02:01:38,236.75,-3.91,3684.05,113.4,corridor,1.80,cloudy,21.899,8.528,0.00,,combat
447.02,2026-08-31 02:01:39,236.75,-3.91,3684.05,113.4,corridor,1.82,cloudy,21.899,8.528,0.00,,combat
447.52,2026-08-31 02:01:39,236.75,-3.91,3684.05,113.4,corridor,1.84,cloudy,23.078,8.158,0.00,,combat
448.02,2026-08-31 02:01:40,236.75,-3.91,3684.05,113.4,corridor,1.86,cloudy,23.078,8.158,0.00,,combat
448.52,2026-08-31 02:01:40,236.75,-3.91,3684.05,113.4,corridor,1.88,cloudy,19.184,6.590,0.00,,combat
449.02,2026-08-31 02:01:41,236.75,-3.91,3684.05,113.4,corridor,1.90,cloudy,19.184,6.590,0.00,,combat
449.52,2026-08-31 02:01:41,236.75,-3.91,3684.05,113.4,corridor,1.92,cloudy,21.569,6.879,0.00,,combat
450.43,2026-08-31 02:01:42,236.75,-3.91,3684.05,113.4,corridor,1.96,cloudy,21.300,10.529,0.00,,combat
451.30,2026-08-31 02:01:43,236.75,-3.91,3684.05,113.4,corridor,1.99,cloudy,20.063,8.542,0.00,,combat
452.15,2026-08-31 02:01:44,236.75,-3.91,3684.05,113.4,corridor,2.02,cloudy,19.775,7.198,0.00,,combat
452.98,2026-08-31 02:01:45,236.75,-3.91,3684.05,113.4,corridor,2.06,cloudy,19.775,7.198,0.00,,combat
453.78,2026-08-31 02:01:45,236.75,-3.91,3684.05,113.4,corridor,2.09,cloudy,19.543,8.491,0.00,,combat
454.57,2026-08-31 02:01:46,236.75,-3.91,3684.05,113.4,corridor,2.12,cloudy,21.116,8.476,0.00,,combat
455.42,2026-08-31 02:01:47,236.75,-3.91,3684.05,113.4,corridor,2.15,cloudy,19.021,6.990,0.00,,combat
456.27,2026-08-31 02:01:48,236.75,-3.91,3684.05,113.4,corridor,2.19,cloudy,20.492,10.019,0.00,,combat
457.07,2026-08-31 02:01:49,236.75,-3.91,3684.05,113.4,corridor,2.22,cloudy,19.465,7.910,0.00,,combat
457.88,2026-08-31 02:01:50,236.75,-3.91,3684.05,113.4,corridor,2.25,cloudy,19.465,7.910,0.00,,combat
458.63,2026-08-31 02:01:50,236.75,-3.91,3684.05,113.4,corridor,2.28,cloudy,19.752,7.173,0.00,,combat
459.35,2026-08-31 02:01:51,236.75,-3.91,3684.05,113.4,corridor,2.31,cloudy,18.801,6.037,0.00,6.10,locked
460.22,2026-08-31 02:01:52,236.75,-3.91,3684.05,113.4,corridor,2.35,cloudy,25.098,437.203,0.00,6.10,locked
461.12,2026-08-31 02:01:53,236.75,-3.91,3684.05,113.4,corridor,2.38,cloudy,27.087,89.724,0.00,6.10,combat
461.95,2026-08-31 02:01:54,236.75,-3.91,3684.05,113.4,corridor,2.42,cloudy,19.388,9.960,0.00,6.10,combat
462.92,2026-08-31 02:01:55,236.75,-3.91,3684.05,113.4,corridor,2.45,cloudy,21.442,11.113,0.00,6.10,combat
463.82,2026-08-31 02:01:56,236.75,-3.91,3684.05,113.4,corridor,2.49,cloudy,23.838,10.844,0.00,6.10,combat
464.60,2026-08-31 02:01:57,236.75,-3.91,3684.05,113.4,corridor,2.52,cloudy,23.838,10.844,0.00,6.10,combat
465.42,2026-08-31 02:01:57,236.75,-3.91,3684.05,113.4,corridor,2.56,cloudy,18.062,10.613,0.00,6.10,combat
466.28,2026-08-31 02:01:58,236.75,-3.91,3684.05,113.4,corridor,2.59,cloudy,19.295,9.859,0.00,6.10,combat
467.08,2026-08-31 02:01:59,236.75,-3.91,3684.05,113.4,corridor,2.62,cloudy,19.867,9.254,0.00,6.10,combat
467.93,2026-08-31 02:02:00,236.75,-3.91,3684.05,113.4,corridor,2.66,cloudy,19.882,9.590,0.00,6.10,combat
468.82,2026-08-31 02:02:01,236.75,-3.91,3684.05,113.4,corridor,2.69,cloudy,20.827,10.379,0.00,6.10,combat
469.70,2026-08-31 02:02:02,236.75,-3.91,3684.05,113.4,corridor,2.73,cloudy,20.827,10.379,0.00,6.10,combat
470.52,2026-08-31 02:02:02,236.75,-3.91,3684.05,113.4,corridor,2.76,cloudy,20.307,10.551,0.00,6.10,combat
471.33,2026-08-31 02:02:03,236.75,-3.91,3684.05,113.4,corridor,2.79,cloudy,21.952,9.447,0.00,6.10,combat
472.12,2026-08-31 02:02:04,236.75,-3.91,3684.05,113.4,corridor,2.82,cloudy,19.786,9.406,0.00,4.36,world
472.97,2026-08-31 02:02:05,236.75,-3.91,3684.05,113.4,corridor,2.86,cloudy,21.235,375.361,0.00,4.36,world
473.70,2026-08-31 02:02:06,236.75,-3.91,3684.05,113.4,corridor,2.89,cloudy,17.990,8.447,0.00,4.36,world
474.45,2026-08-31 02:02:07,236.75,-3.91,3684.05,113.4,corridor,2.92,cloudy,17.990,8.447,0.00,6.10,world
475.13,2026-08-31 02:02:07,236.75,-3.91,3684.05,113.4,corridor,2.94,cloudy,18.357,8.715,0.00,6.10,world
475.82,2026-08-31 02:02:08,236.75,-3.91,3684.05,113.4,corridor,2.97,cloudy,17.507,7.283,0.00,6.10,world
476.32,2026-08-31 02:02:09,236.75,-3.91,3684.05,113.4,corridor,2.99,cloudy,17.507,7.283,0.00,6.10,world
476.82,2026-08-31 02:02:09,236.75,-3.91,3684.05,113.4,corridor,3.01,cloudy,17.846,7.803,0.00,6.10,world
477.32,2026-08-31 02:02:10,236.75,-3.91,3684.05,113.4,corridor,3.03,cloudy,17.846,7.803,0.00,6.10,world
477.82,2026-08-31 02:02:10,236.75,-3.91,3684.05,113.4,corridor,3.05,cloudy,19.118,7.990,0.00,6.10,world
478.32,2026-08-31 02:02:11,236.75,-3.91,3684.05,113.4,corridor,3.07,cloudy,19.118,7.990,0.00,6.10,world
478.82,2026-08-31 02:02:11,236.75,-3.91,3684.05,113.4,corridor,3.09,cloudy,19.097,57.801,0.00,6.10,world
479.32,2026-08-31 02:02:12,236.75,-3.91,3684.05,113.4,corridor,3.11,cloudy,19.097,57.801,0.00,6.10,world
479.82,2026-08-31 02:02:12,236.75,-3.91,3684.05,113.4,corridor,3.13,cloudy,22.690,9.260,0.00,6.10,world
480.32,2026-08-31 02:02:13,236.75,-3.91,3684.05,113.4,corridor,3.15,cloudy,22.690,9.260,0.00,6.10,world
480.82,2026-08-31 02:02:13,236.75,-3.91,3684.05,113.4,corridor,3.17,cloudy,18.087,7.431,0.00,6.10,world
481.32,2026-08-31 02:02:14,236.75,-3.91,3684.05,113.4,corridor,3.19,cloudy,18.087,7.431,0.00,6.10,world
481.82,2026-08-31 02:02:14,236.75,-3.91,3684.05,113.4,corridor,3.21,cloudy,20.848,9.730,0.00,6.10,world
482.32,2026-08-31 02:02:15,236.75,-3.91,3684.05,113.4,corridor,3.23,cloudy,20.848,9.730,0.00,6.10,world
482.82,2026-08-31 02:02:15,236.75,-3.91,3684.05,113.4,corridor,3.25,cloudy,21.762,8.186,0.00,6.10,world
483.32,2026-08-31 02:02:16,236.75,-3.91,3684.05,113.4,corridor,3.27,cloudy,21.762,8.186,0.00,6.10,world
483.82,2026-08-31 02:02:16,236.76,-3.91,3684.06,102.9,corridor,3.29,cloudy,22.232,8.152,0.00,6.09,world
484.32,2026-08-31 02:02:17,238.76,-3.88,3685.18,60.8,corridor,3.31,cloudy,22.232,8.152,0.00,5.77,world
484.82,2026-08-31 02:02:17,240.90,-3.77,3686.39,60.8,corridor,3.33,cloudy,20.421,11.076,0.00,6.40,world
485.32,2026-08-31 02:02:18,242.99,-3.55,3687.56,60.8,corridor,3.35,cloudy,20.421,11.076,0.00,7.74,world
485.82,2026-08-31 02:02:18,245.29,-3.27,3688.69,60.6,corridor,3.37,cloudy,20.415,9.271,0.00,9.56,world
486.32,2026-08-31 02:02:19,247.34,-2.99,3689.85,60.6,corridor,3.39,cloudy,20.415,9.271,0.00,11.55,world
486.82,2026-08-31 02:02:19,249.39,-2.72,3691.01,60.6,corridor,3.41,cloudy,19.242,7.615,0.00,13.66,world
487.32,2026-08-31 02:02:20,251.42,-2.42,3692.16,60.6,corridor,3.43,cloudy,19.242,7.615,0.00,15.82,world
487.82,2026-08-31 02:02:20,253.43,-2.08,3693.29,60.6,corridor,3.45,cloudy,20.176,7.936,0.00,17.99,world
488.32,2026-08-31 02:02:21,255.36,-1.64,3694.38,60.6,corridor,3.47,cloudy,20.176,7.936,0.00,20.11,world
488.82,2026-08-31 02:02:21,257.17,-1.08,3695.41,60.6,corridor,3.49,cloudy,19.487,7.522,0.00,22.12,world
489.32,2026-08-31 02:02:22,258.99,-0.52,3696.43,60.6,corridor,3.51,cloudy,19.487,7.522,0.00,24.15,world
489.82,2026-08-31 02:02:22,260.88,-0.04,3697.50,60.7,corridor,3.53,cloudy,19.352,8.846,0.00,26.26,world
490.32,2026-08-31 02:02:23,262.86,0.33,3698.62,60.7,corridor,3.55,cloudy,19.352,8.846,0.00,24.24,world
490.82,2026-08-31 02:02:23,264.89,0.65,3699.76,60.7,corridor,3.57,cloudy,19.732,12.959,0.00,21.92,world
491.32,2026-08-31 02:02:24,266.87,1.03,3700.88,60.7,corridor,3.59,cloudy,19.732,12.959,0.00,19.65,world
491.82,2026-08-31 02:02:24,268.84,1.42,3701.99,60.7,corridor,3.61,cloudy,18.923,8.178,0.00,17.39,world
492.32,2026-08-31 02:02:25,270.90,1.66,3703.16,60.7,corridor,3.63,cloudy,18.923,8.178,0.00,15.01,world
492.82,2026-08-31 02:02:25,273.03,1.80,3704.35,60.7,corridor,3.65,cloudy,20.417,8.027,0.00,12.58,world
493.32,2026-08-31 02:02:26,275.13,1.99,3705.53,60.8,corridor,3.67,cloudy,20.417,8.027,0.00,10.17,world
493.82,2026-08-31 02:02:26,277.07,2.40,3706.63,60.8,corridor,3.69,cloudy,18.357,7.761,0.00,7.93,world
494.32,2026-08-31 02:02:27,278.92,2.93,3707.67,60.9,corridor,3.71,cloudy,18.357,7.761,0.00,5.82,world
494.82,2026-08-31 02:02:27,280.77,3.45,3708.71,60.9,corridor,3.73,cloudy,20.776,7.270,0.00,3.69,world
495.47,2026-08-31 02:02:28,281.16,3.56,3708.92,61.0,corridor,3.76,cloudy,26.365,87.252,0.00,3.25,narrative_modal
496.02,2026-08-31 02:02:28,281.63,3.64,3716.10,139.7,corridor,3.78,cloudy,26.365,87.252,0.00,6.09,combat
496.63,2026-08-31 02:02:29,281.63,3.64,3716.10,139.7,corridor,3.80,cloudy,19.336,95.168,0.00,6.09,combat
497.55,2026-08-31 02:02:30,281.63,3.64,3716.10,139.7,corridor,3.84,cloudy,17.980,8.085,0.00,6.09,combat
498.57,2026-08-31 02:02:31,281.63,3.64,3716.10,139.7,corridor,3.88,cloudy,19.840,8.193,0.00,6.09,combat
499.13,2026-08-31 02:02:31,281.63,3.64,3716.10,139.7,corridor,3.90,cloudy,19.840,8.193,0.00,6.09,combat
499.65,2026-08-31 02:02:32,281.63,3.64,3716.10,139.7,corridor,3.92,cloudy,20.219,9.601,0.00,6.09,combat
500.17,2026-08-31 02:02:32,281.63,3.64,3716.10,139.7,corridor,3.94,cloudy,20.219,9.601,0.00,6.09,combat
500.67,2026-08-31 02:02:33,281.63,3.64,3716.10,139.7,corridor,3.96,cloudy,18.155,8.959,0.00,6.09,combat
501.17,2026-08-31 02:02:33,281.63,3.64,3716.10,139.7,corridor,3.98,cloudy,18.155,8.959,0.00,6.09,combat
501.67,2026-08-31 02:02:34,281.63,3.64,3716.10,139.7,corridor,4.00,cloudy,19.592,8.987,0.00,6.09,combat
502.17,2026-08-31 02:02:34,281.63,3.64,3716.10,139.7,corridor,4.02,cloudy,19.592,8.987,0.00,6.09,combat
502.67,2026-08-31 02:02:35,281.63,3.64,3716.10,139.7,corridor,4.04,cloudy,18.016,8.514,0.00,6.09,combat
503.17,2026-08-31 02:02:35,281.63,3.64,3716.10,139.7,corridor,4.06,cloudy,18.016,8.514,0.00,6.09,combat
504.45,2026-08-31 02:02:37,281.63,3.64,3716.10,139.7,corridor,4.12,cloudy,18.878,8.118,0.00,6.09,combat
505.20,2026-08-31 02:02:37,281.63,3.64,3716.10,139.7,corridor,4.15,cloudy,20.133,10.700,0.00,6.09,combat
505.97,2026-08-31 02:02:38,281.63,3.64,3716.10,139.7,corridor,4.18,cloudy,18.203,9.609,0.00,6.09,combat
506.75,2026-08-31 02:02:39,281.63,3.64,3716.10,139.7,corridor,4.21,cloudy,19.906,10.656,0.00,6.09,combat
507.52,2026-08-31 02:02:40,281.63,3.64,3716.10,139.7,corridor,4.24,cloudy,19.033,10.697,0.00,6.09,combat
508.25,2026-08-31 02:02:40,281.63,3.64,3716.10,139.7,corridor,4.27,cloudy,19.033,10.697,0.00,6.09,combat
509.03,2026-08-31 02:02:41,281.63,3.64,3716.10,139.7,corridor,4.30,cloudy,19.688,10.421,0.00,6.09,combat
509.83,2026-08-31 02:02:42,281.63,3.64,3716.10,139.7,corridor,4.33,cloudy,19.010,9.838,0.00,6.09,combat
510.58,2026-08-31 02:02:43,281.63,3.64,3716.10,139.7,corridor,4.36,cloudy,20.664,9.873,0.00,6.09,combat
511.43,2026-08-31 02:02:44,281.63,3.64,3716.10,139.7,corridor,4.40,cloudy,20.664,9.873,0.00,6.09,combat
512.20,2026-08-31 02:02:44,281.63,3.64,3716.10,139.7,corridor,4.43,cloudy,18.729,10.692,0.00,6.09,combat
512.93,2026-08-31 02:02:45,281.63,3.64,3716.10,139.7,corridor,4.46,cloudy,18.300,11.065,0.00,6.09,combat
513.73,2026-08-31 02:02:46,281.63,3.64,3716.10,139.7,corridor,4.49,cloudy,18.655,10.476,0.00,6.09,combat
514.45,2026-08-31 02:02:47,281.63,3.64,3716.10,139.7,corridor,4.52,cloudy,17.576,10.405,0.00,6.09,combat
515.18,2026-08-31 02:02:47,281.63,3.64,3716.10,139.7,corridor,4.55,cloudy,17.576,10.405,0.00,6.09,combat
516.02,2026-08-31 02:02:48,281.63,3.64,3716.10,139.7,corridor,4.58,cloudy,19.711,10.664,0.00,6.09,combat
516.73,2026-08-31 02:02:49,281.63,3.64,3716.10,139.7,corridor,4.61,cloudy,19.918,9.916,0.00,6.09,combat
517.45,2026-08-31 02:02:50,281.63,3.64,3716.10,139.7,corridor,4.64,cloudy,18.452,11.122,0.00,6.09,combat
518.27,2026-08-31 02:02:50,281.63,3.64,3716.10,139.7,corridor,4.67,cloudy,18.452,11.122,0.00,6.09,combat
519.00,2026-08-31 02:02:51,281.63,3.64,3716.10,139.7,corridor,4.70,cloudy,18.506,11.214,0.00,6.09,combat
519.72,2026-08-31 02:02:52,281.63,3.64,3716.10,139.7,corridor,4.73,cloudy,18.503,9.754,0.00,6.09,combat
520.53,2026-08-31 02:02:53,281.63,3.64,3716.10,139.7,corridor,4.76,cloudy,22.664,10.059,0.00,1.46,locked
521.42,2026-08-31 02:02:54,281.63,3.64,3716.10,139.7,corridor,4.80,cloudy,20.109,400.732,0.00,1.46,locked
522.40,2026-08-31 02:02:55,281.63,3.64,3716.10,139.7,corridor,4.83,cloudy,29.853,102.290,0.00,6.09,combat
523.27,2026-08-31 02:02:56,281.63,3.64,3716.10,139.7,corridor,4.87,cloudy,22.767,13.523,0.00,6.09,combat
524.18,2026-08-31 02:02:57,281.63,3.64,3716.10,139.7,corridor,4.91,cloudy,22.767,13.523,0.00,6.09,combat
525.13,2026-08-31 02:02:58,281.63,3.64,3716.10,139.7,corridor,4.94,cloudy,21.160,11.825,0.00,6.09,combat
526.08,2026-08-31 02:02:59,281.63,3.64,3716.10,139.7,corridor,4.98,cloudy,21.970,36.915,0.00,6.09,combat
526.98,2026-08-31 02:02:59,281.63,3.64,3716.10,139.7,corridor,5.02,cloudy,22.506,10.876,0.00,6.09,combat
527.65,2026-08-31 02:03:00,281.63,3.64,3716.10,139.7,corridor,5.04,cloudy,22.310,9.000,0.00,6.09,combat
528.37,2026-08-31 02:03:01,281.63,3.64,3716.10,139.7,corridor,5.07,cloudy,21.146,8.820,0.00,6.09,combat
529.10,2026-08-31 02:03:02,281.63,3.64,3716.10,139.7,corridor,5.10,cloudy,21.146,8.820,0.00,6.09,combat
529.60,2026-08-31 02:03:02,281.63,3.64,3716.10,139.7,corridor,5.12,cloudy,24.324,20.712,0.00,6.09,combat
530.10,2026-08-31 02:03:03,281.63,3.64,3716.10,139.7,corridor,5.14,cloudy,24.324,20.712,0.00,6.09,combat
530.60,2026-08-31 02:03:03,281.63,3.64,3716.10,139.7,corridor,5.16,cloudy,23.197,393.472,0.00,6.09,world
531.10,2026-08-31 02:03:04,281.63,3.64,3716.10,139.7,corridor,5.18,cloudy,19.164,6.303,0.00,6.09,world
531.60,2026-08-31 02:03:04,281.63,3.64,3716.10,139.7,corridor,5.20,cloudy,19.164,6.303,0.00,6.09,world
532.10,2026-08-31 02:03:05,281.63,3.64,3716.10,139.7,corridor,5.22,cloudy,18.995,6.306,0.00,6.09,world
532.60,2026-08-31 02:03:05,281.63,3.64,3716.10,139.7,corridor,5.24,cloudy,18.995,6.306,0.00,6.09,world
533.10,2026-08-31 02:03:06,281.63,3.64,3716.10,139.7,corridor,5.26,cloudy,17.805,6.492,0.00,6.09,world
533.60,2026-08-31 02:03:06,281.63,3.64,3716.10,139.7,corridor,5.28,cloudy,17.805,6.492,0.00,6.09,world
534.10,2026-08-31 02:03:07,281.63,3.64,3716.10,139.7,corridor,5.30,cloudy,19.425,6.002,0.00,6.09,world
534.60,2026-08-31 02:03:07,281.63,3.64,3716.10,139.7,corridor,5.32,cloudy,19.425,6.002,0.00,6.09,world
535.10,2026-08-31 02:03:08,281.63,3.64,3716.10,139.7,corridor,5.34,cloudy,19.080,5.913,0.00,6.09,world
535.60,2026-08-31 02:03:08,281.63,3.64,3716.10,139.7,corridor,5.36,cloudy,19.080,5.913,0.00,6.09,world
536.10,2026-08-31 02:03:09,281.63,3.64,3716.10,139.7,corridor,5.38,cloudy,18.043,5.754,0.00,6.09,world
536.60,2026-08-31 02:03:09,281.63,3.64,3716.10,139.7,corridor,5.40,cloudy,18.043,5.754,0.00,6.09,world
537.10,2026-08-31 02:03:10,281.63,3.64,3716.11,129.2,corridor,5.42,cloudy,18.219,6.455,0.00,6.09,world
537.60,2026-08-31 02:03:10,283.07,4.13,3717.45,47.5,corridor,5.44,cloudy,18.219,6.455,0.00,7.01,world
538.10,2026-08-31 02:03:11,284.62,4.70,3718.88,47.5,corridor,5.46,cloudy,17.923,7.030,0.00,8.40,world
538.60,2026-08-31 02:03:11,286.17,5.26,3720.31,47.5,corridor,5.48,cloudy,17.923,7.030,0.00,10.05,world
539.10,2026-08-31 02:03:12,287.78,5.76,3721.80,47.5,corridor,5.50,cloudy,17.960,6.444,0.00,11.92,world
539.60,2026-08-31 02:03:12,289.47,6.11,3723.36,47.5,corridor,5.52,cloudy,17.960,6.444,0.00,13.98,world
540.10,2026-08-31 02:03:13,291.23,6.33,3724.99,47.5,corridor,5.54,cloudy,19.971,6.865,0.00,16.19,world
540.60,2026-08-31 02:03:13,293.03,6.46,3726.64,47.5,corridor,5.56,cloudy,19.971,6.865,0.00,17.92,world
541.10,2026-08-31 02:03:14,294.82,6.60,3728.29,47.5,corridor,5.58,cloudy,37.765,7.037,0.00,17.48,world
541.60,2026-08-31 02:03:14,296.58,6.82,3729.91,47.5,corridor,5.60,cloudy,37.765,7.037,0.00,17.99,world
542.10,2026-08-31 02:03:15,298.37,6.97,3731.56,47.5,corridor,5.62,cloudy,18.690,6.583,0.00,18.84,world
542.60,2026-08-31 02:03:15,300.19,7.05,3733.23,47.5,corridor,5.64,cloudy,18.690,6.583,0.00,19.39,world
543.10,2026-08-31 02:03:16,301.98,7.21,3734.88,47.5,corridor,5.66,cloudy,17.223,6.225,0.00,20.10,world
543.60,2026-08-31 02:03:16,303.69,7.52,3736.46,47.5,corridor,5.68,cloudy,17.223,6.225,0.00,21.03,world
544.10,2026-08-31 02:03:17,305.38,7.89,3738.01,47.6,the_tether_relay,5.70,cloudy,20.234,355.347,0.00,22.14,world
544.60,2026-08-31 02:03:18,307.14,8.12,3739.63,47.6,the_tether_relay,5.72,cloudy,20.234,355.347,0.00,23.97,world
545.10,2026-08-31 02:03:18,308.95,8.22,3741.30,47.6,the_tether_relay,5.74,cloudy,18.905,6.584,0.00,26.27,world
545.60,2026-08-31 02:03:19,310.79,8.25,3742.98,47.6,the_tether_relay,5.76,cloudy,18.905,6.584,0.00,28.67,world
546.10,2026-08-31 02:03:19,310.07,8.01,3743.97,-36.4,the_tether_relay,5.78,cloudy,18.620,6.208,0.00,28.66,world
546.60,2026-08-31 02:03:20,311.23,8.00,3745.67,50.0,the_tether_relay,5.80,cloudy,18.620,6.208,0.57,30.55,world
547.10,2026-08-31 02:03:20,313.11,8.09,3747.26,50.0,the_tether_relay,5.82,cloudy,20.816,7.276,3.03,33.19,world
547.60,2026-08-31 02:03:21,314.98,8.20,3748.84,50.0,the_tether_relay,5.84,cloudy,20.816,7.276,5.49,35.67,world
548.10,2026-08-31 02:03:21,316.85,8.33,3750.42,50.0,the_tether_relay,5.86,cloudy,18.026,6.102,7.93,33.32,world
548.60,2026-08-31 02:03:22,318.73,8.43,3752.00,50.0,the_tether_relay,5.88,cloudy,18.026,6.102,10.39,30.98,world
549.10,2026-08-31 02:03:22,320.64,8.44,3753.60,50.0,the_tether_relay,5.90,cloudy,20.178,5.720,0.00,28.63,world
549.60,2026-08-31 02:03:23,322.38,8.40,3755.05,50.0,the_tether_relay,5.92,cloudy,20.178,5.720,0.00,26.50,world
550.10,2026-08-31 02:03:23,324.32,8.30,3756.69,50.0,the_tether_relay,5.94,cloudy,18.740,5.410,0.00,24.16,world
550.60,2026-08-31 02:03:24,326.28,8.15,3758.32,50.0,the_tether_relay,5.96,cloudy,18.740,5.410,0.00,21.84,world
551.10,2026-08-31 02:03:24,328.24,8.01,3759.96,50.0,the_tether_relay,5.98,cloudy,20.551,31.770,0.00,19.58,world
551.60,2026-08-31 02:03:25,329.00,7.95,3760.60,50.0,the_tether_relay,6.00,cloudy,20.551,31.770,0.00,18.73,world
552.10,2026-08-31 02:03:25,327.81,8.09,3762.01,-40.0,the_tether_relay,6.02,cloudy,20.934,17.363,0.00,19.75,world
552.60,2026-08-31 02:03:26,326.52,8.08,3763.87,33.5,the_tether_relay,6.04,cloudy,20.934,17.363,0.00,20.98,world
553.10,2026-08-31 02:03:26,328.73,7.93,3765.01,63.8,the_tether_relay,6.06,cloudy,17.775,5.546,0.00,18.83,world
553.60,2026-08-31 02:03:27,331.03,7.71,3766.15,63.8,the_tether_relay,6.08,cloudy,17.775,5.546,0.00,16.68,world
554.10,2026-08-31 02:03:27,333.35,7.39,3767.28,63.8,the_tether_relay,6.10,cloudy,19.829,5.875,0.00,14.65,world
554.60,2026-08-31 02:03:28,335.52,7.10,3768.57,65.2,the_tether_relay,6.12,cloudy,19.829,5.875,0.00,13.01,world
555.10,2026-08-31 02:03:28,336.44,6.99,3769.20,67.0,the_tether_relay,6.14,cloudy,19.286,6.293,0.00,12.45,world
555.60,2026-08-31 02:03:29,335.98,7.03,3770.16,-23.0,the_tether_relay,6.16,cloudy,19.286,6.293,0.00,13.31,world
556.10,2026-08-31 02:03:29,335.02,7.11,3772.44,-23.0,the_tether_relay,6.18,cloudy,18.135,5.862,0.00,15.35,world
556.60,2026-08-31 02:03:30,334.53,7.11,3774.31,82.1,the_tether_relay,6.20,cloudy,18.135,5.862,0.00,16.88,world
557.10,2026-08-31 02:03:30,336.38,6.96,3774.60,19.8,the_tether_relay,6.22,cloudy,17.849,5.334,0.00,15.72,world
557.60,2026-08-31 02:03:31,337.23,6.88,3776.99,19.8,the_tether_relay,6.24,cloudy,17.849,5.334,0.00,16.95,world
558.10,2026-08-31 02:03:31,338.09,6.76,3779.38,19.8,the_tether_relay,6.26,cloudy,18.857,5.082,0.00,18.46,world
558.60,2026-08-31 02:03:32,338.96,6.62,3781.25,114.3,the_tether_relay,6.28,cloudy,18.857,5.082,0.00,19.70,world
559.10,2026-08-31 02:03:32,338.74,6.73,3779.51,-107.9,the_tether_relay,6.30,cloudy,19.559,6.548,0.00,18.25,world
559.60,2026-08-31 02:03:33,336.41,6.83,3778.76,-107.9,the_tether_relay,6.32,cloudy,19.559,6.548,0.00,18.86,world
560.10,2026-08-31 02:03:33,337.07,6.88,3777.17,137.9,the_tether_relay,6.34,cloudy,17.476,5.605,0.00,17.20,world
560.60,2026-08-31 02:03:34,338.74,6.89,3775.32,137.9,the_tether_relay,6.36,cloudy,17.476,5.605,0.00,14.71,world
561.10,2026-08-31 02:03:34,340.32,6.81,3773.36,143.9,the_tether_relay,6.38,cloudy,19.173,9.505,0.00,12.20,world
561.60,2026-08-31 02:03:35,341.83,6.61,3771.29,143.9,the_tether_relay,6.40,cloudy,19.173,9.505,0.00,9.64,world
562.10,2026-08-31 02:03:35,343.34,6.35,3769.22,144.0,the_tether_relay,6.42,cloudy,20.175,5.894,0.00,7.07,world
562.60,2026-08-31 02:03:36,344.86,6.07,3767.14,144.0,the_tether_relay,6.44,cloudy,20.175,5.894,0.00,4.50,world
563.40,2026-08-31 02:03:37,345.96,5.82,3765.63,144.0,the_tether_relay,6.47,cloudy,34.222,407.862,0.00,2.63,narrative_modal
564.02,2026-08-31 02:03:37,338.77,6.65,3765.24,42.8,the_tether_relay,6.50,cloudy,34.222,407.862,0.00,8.90,combat
564.65,2026-08-31 02:03:38,338.90,7.32,3765.39,42.8,the_tether_relay,6.52,cloudy,22.434,123.201,0.00,8.81,combat
565.15,2026-08-31 02:03:38,338.90,7.32,3765.39,42.8,the_tether_relay,6.54,cloudy,22.434,123.201,0.00,8.81,combat
566.02,2026-08-31 02:03:39,338.90,7.32,3765.39,42.8,the_tether_relay,6.58,cloudy,19.354,7.132,0.00,8.81,combat
566.95,2026-08-31 02:03:40,338.90,7.32,3765.39,42.8,the_tether_relay,6.62,cloudy,19.573,7.294,0.00,8.81,combat
567.82,2026-08-31 02:03:41,338.90,7.32,3765.39,42.8,the_tether_relay,6.65,cloudy,18.757,7.218,0.00,8.81,combat
568.32,2026-08-31 02:03:42,338.90,7.32,3765.39,42.8,the_tether_relay,6.67,cloudy,18.757,7.218,0.00,8.81,combat
568.82,2026-08-31 02:03:42,338.90,7.32,3765.39,42.8,the_tether_relay,6.69,cloudy,20.099,7.558,0.00,8.81,combat
569.32,2026-08-31 02:03:43,338.90,7.32,3765.39,42.8,the_tether_relay,6.71,cloudy,20.099,7.558,0.00,8.81,combat
569.82,2026-08-31 02:03:43,338.90,7.32,3765.39,42.8,the_tether_relay,6.73,cloudy,20.422,5.886,0.00,8.81,combat
570.32,2026-08-31 02:03:44,338.90,7.32,3765.39,42.8,the_tether_relay,6.75,cloudy,20.422,5.886,0.00,8.81,combat
570.82,2026-08-31 02:03:44,338.90,7.32,3765.39,42.8,the_tether_relay,6.77,cloudy,18.788,5.543,0.00,8.81,combat
571.93,2026-08-31 02:03:45,338.90,7.32,3765.39,42.8,the_tether_relay,6.82,cloudy,20.638,6.694,0.00,8.81,combat
572.58,2026-08-31 02:03:46,338.90,7.32,3765.39,42.8,the_tether_relay,6.84,cloudy,21.569,8.703,0.00,8.81,combat
573.22,2026-08-31 02:03:47,338.90,7.32,3765.39,42.8,the_tether_relay,6.87,cloudy,21.569,8.703,0.00,8.81,combat
573.95,2026-08-31 02:03:47,338.90,7.32,3765.39,42.8,the_tether_relay,6.90,cloudy,23.228,10.080,0.00,8.81,combat
574.65,2026-08-31 02:03:48,338.90,7.32,3765.39,42.8,the_tether_relay,6.92,cloudy,20.544,7.859,0.00,8.81,combat
575.30,2026-08-31 02:03:49,338.90,7.32,3765.39,42.8,the_tether_relay,6.95,cloudy,20.544,7.859,0.00,8.81,combat
576.02,2026-08-31 02:03:49,338.90,7.32,3765.39,42.8,the_tether_relay,6.98,cloudy,19.517,7.751,0.00,8.81,combat
576.70,2026-08-31 02:03:50,338.90,7.32,3765.39,42.8,the_tether_relay,7.01,cloudy,19.527,7.731,0.00,8.81,combat
577.38,2026-08-31 02:03:51,338.90,7.32,3765.39,42.8,the_tether_relay,7.03,cloudy,19.251,8.041,0.00,8.81,combat
578.07,2026-08-31 02:03:51,338.90,7.32,3765.39,42.8,the_tether_relay,7.06,cloudy,19.251,8.041,0.00,8.81,combat
578.78,2026-08-31 02:03:52,338.90,7.32,3765.39,42.8,the_tether_relay,7.09,cloudy,20.612,8.682,0.00,8.81,combat
579.43,2026-08-31 02:03:53,338.90,7.32,3765.39,42.8,the_tether_relay,7.12,cloudy,18.806,7.790,0.00,8.81,combat
580.15,2026-08-31 02:03:53,338.90,7.32,3765.39,42.8,the_tether_relay,7.14,cloudy,18.806,7.790,0.00,8.81,combat
580.88,2026-08-31 02:03:54,338.90,7.32,3765.39,42.8,the_tether_relay,7.17,cloudy,21.128,9.209,0.00,8.81,combat
581.58,2026-08-31 02:03:55,338.90,7.32,3765.39,42.8,the_tether_relay,7.20,cloudy,19.911,8.476,0.00,8.81,combat
582.25,2026-08-31 02:03:56,338.90,7.32,3765.39,42.8,the_tether_relay,7.23,cloudy,19.911,8.476,0.00,8.81,combat
582.93,2026-08-31 02:03:56,338.90,7.32,3765.39,42.8,the_tether_relay,7.26,cloudy,20.838,8.056,0.00,8.81,combat
583.62,2026-08-31 02:03:57,338.90,7.32,3765.39,42.8,the_tether_relay,7.28,cloudy,20.320,8.749,0.00,8.81,combat
584.25,2026-08-31 02:03:58,338.90,7.32,3765.39,42.8,the_tether_relay,7.31,cloudy,20.320,8.749,0.00,8.81,combat
584.90,2026-08-31 02:03:58,338.90,7.32,3765.39,42.8,the_tether_relay,7.33,cloudy,19.379,7.752,0.00,8.81,combat
585.60,2026-08-31 02:03:59,338.90,7.32,3765.39,42.8,the_tether_relay,7.36,cloudy,21.383,7.666,0.00,8.81,combat
586.27,2026-08-31 02:04:00,338.90,7.32,3765.39,42.8,the_tether_relay,7.39,cloudy,21.383,7.666,0.00,8.81,combat
586.97,2026-08-31 02:04:00,338.90,7.32,3765.39,42.8,the_tether_relay,7.42,cloudy,20.931,8.222,0.00,8.81,combat
587.67,2026-08-31 02:04:01,338.90,7.32,3765.39,42.8,the_tether_relay,7.44,cloudy,19.792,8.365,0.00,8.81,combat
588.37,2026-08-31 02:04:02,338.90,7.32,3765.39,42.8,the_tether_relay,7.47,cloudy,19.326,7.678,0.00,8.81,combat
589.07,2026-08-31 02:04:02,338.90,7.32,3765.39,42.8,the_tether_relay,7.50,cloudy,19.326,7.678,0.00,8.81,combat
589.82,2026-08-31 02:04:03,338.90,7.32,3765.39,42.8,the_tether_relay,7.53,cloudy,20.195,12.095,0.00,8.81,combat
590.55,2026-08-31 02:04:04,338.90,7.32,3765.39,42.8,the_tether_relay,7.56,cloudy,24.530,9.252,0.00,8.81,combat
591.25,2026-08-31 02:04:05,338.90,7.32,3765.39,42.8,the_tether_relay,7.59,cloudy,24.530,9.252,0.00,8.81,combat
591.90,2026-08-31 02:04:05,338.90,7.32,3765.39,42.8,the_tether_relay,7.61,cloudy,21.004,8.089,0.00,8.81,combat
592.60,2026-08-31 02:04:06,338.90,7.32,3765.39,42.8,the_tether_relay,7.64,cloudy,21.509,8.380,0.00,8.81,combat
593.33,2026-08-31 02:04:07,338.90,7.32,3765.39,42.8,the_tether_relay,7.67,cloudy,21.509,8.380,0.00,8.81,combat
594.03,2026-08-31 02:04:07,338.90,7.32,3765.39,42.8,the_tether_relay,7.70,cloudy,21.375,8.766,0.00,8.81,combat
594.70,2026-08-31 02:04:08,338.90,7.32,3765.39,42.8,the_tether_relay,7.73,cloudy,21.205,8.188,0.00,8.81,combat
595.20,2026-08-31 02:04:09,338.90,7.32,3765.39,42.8,the_tether_relay,7.75,cloudy,21.205,8.188,0.00,8.81,combat
595.70,2026-08-31 02:04:09,338.90,7.32,3765.39,42.8,the_tether_relay,7.77,cloudy,20.347,7.466,0.00,8.81,combat
596.20,2026-08-31 02:04:10,338.90,7.32,3765.39,42.8,the_tether_relay,7.79,cloudy,20.398,387.243,0.00,8.81,locked
596.70,2026-08-31 02:04:10,338.90,7.32,3765.39,42.8,the_tether_relay,7.81,cloudy,20.398,387.243,0.00,8.81,locked
597.20,2026-08-31 02:04:11,338.90,7.32,3765.39,42.8,the_tether_relay,7.83,cloudy,18.971,5.301,0.00,8.81,locked
597.70,2026-08-31 02:04:11,338.86,7.31,3765.42,42.8,the_tether_relay,7.85,cloudy,18.971,5.301,0.00,8.86,combat
598.20,2026-08-31 02:04:12,338.86,7.31,3765.42,42.8,the_tether_relay,7.87,cloudy,25.968,119.692,0.00,8.86,combat
598.70,2026-08-31 02:04:12,338.86,7.31,3765.42,42.8,the_tether_relay,7.89,cloudy,25.968,119.692,0.00,8.86,combat
599.20,2026-08-31 02:04:13,338.86,7.31,3765.42,42.8,the_tether_relay,7.91,cloudy,19.256,5.858,0.00,8.86,combat
599.70,2026-08-31 02:04:13,338.86,7.31,3765.42,42.8,the_tether_relay,7.93,cloudy,19.256,5.858,0.00,8.86,combat
600.20,2026-08-31 02:04:14,338.86,7.31,3765.42,42.8,the_tether_relay,7.95,cloudy,18.860,6.208,0.00,8.86,combat
600.70,2026-08-31 02:04:14,338.86,7.31,3765.42,42.8,the_tether_relay,7.97,cloudy,18.860,6.208,0.00,8.86,combat
601.20,2026-08-31 02:04:15,338.86,7.31,3765.42,42.8,the_tether_relay,7.99,cloudy,20.880,5.403,0.00,8.86,combat
601.70,2026-08-31 02:04:15,338.86,7.31,3765.42,42.8,the_tether_relay,8.01,cloudy,20.880,5.403,0.00,8.86,combat
602.20,2026-08-31 02:04:16,338.86,7.31,3765.42,42.8,the_tether_relay,8.03,cloudy,20.065,5.434,0.00,8.86,combat
602.70,2026-08-31 02:04:16,338.86,7.31,3765.42,42.8,the_tether_relay,8.05,cloudy,20.065,5.434,0.00,8.86,combat
603.20,2026-08-31 02:04:17,338.86,7.31,3765.42,42.8,the_tether_relay,8.07,cloudy,19.588,6.352,0.00,8.86,combat
603.70,2026-08-31 02:04:17,338.86,7.31,3765.42,42.8,the_tether_relay,8.09,cloudy,19.588,6.352,0.00,8.86,combat
604.20,2026-08-31 02:04:18,338.86,7.31,3765.42,42.8,the_tether_relay,8.11,cloudy,16.311,5.614,0.00,8.86,combat
604.70,2026-08-31 02:04:18,338.86,7.31,3765.42,42.8,the_tether_relay,8.13,cloudy,16.311,5.614,0.00,8.86,combat
605.20,2026-08-31 02:04:19,338.86,7.31,3765.42,42.8,the_tether_relay,8.15,cloudy,20.335,5.988,0.00,8.86,combat
605.70,2026-08-31 02:04:19,338.86,7.31,3765.42,42.8,the_tether_relay,8.17,cloudy,20.335,5.988,0.00,8.86,combat
606.20,2026-08-31 02:04:20,338.86,7.31,3765.42,42.8,the_tether_relay,8.19,cloudy,18.966,5.646,0.00,8.86,combat
606.70,2026-08-31 02:04:20,338.86,7.31,3765.42,42.8,the_tether_relay,8.21,cloudy,18.966,5.646,0.00,8.86,combat
607.20,2026-08-31 02:04:21,338.86,7.31,3765.42,42.8,the_tether_relay,8.23,cloudy,18.743,6.702,0.00,8.86,combat
607.70,2026-08-31 02:04:21,338.86,7.31,3765.42,42.8,the_tether_relay,8.25,cloudy,18.743,6.702,0.00,8.86,combat
608.20,2026-08-31 02:04:22,338.86,7.31,3765.42,42.8,the_tether_relay,8.27,cloudy,18.682,6.802,0.00,8.86,combat
608.70,2026-08-31 02:04:22,338.86,7.31,3765.42,42.8,the_tether_relay,8.29,cloudy,18.682,6.802,0.00,8.86,combat
609.20,2026-08-31 02:04:23,338.86,7.31,3765.42,42.8,the_tether_relay,8.31,cloudy,20.503,6.000,0.00,8.86,combat
609.70,2026-08-31 02:04:23,338.86,7.31,3765.42,42.8,the_tether_relay,8.33,cloudy,20.503,6.000,0.00,8.86,combat
610.20,2026-08-31 02:04:24,338.86,7.31,3765.42,42.8,the_tether_relay,8.35,cloudy,19.634,7.022,0.00,8.86,combat
610.70,2026-08-31 02:04:24,338.86,7.31,3765.42,42.8,the_tether_relay,8.37,cloudy,19.634,7.022,0.00,8.86,combat
611.20,2026-08-31 02:04:25,338.86,7.31,3765.42,42.8,the_tether_relay,8.39,cloudy,21.756,7.837,0.00,8.86,combat
611.70,2026-08-31 02:04:25,338.86,7.31,3765.42,42.8,the_tether_relay,8.41,cloudy,21.756,7.837,0.00,8.86,combat
612.20,2026-08-31 02:04:26,338.86,7.31,3765.42,42.8,the_tether_relay,8.43,cloudy,20.007,6.164,0.00,8.86,combat
612.70,2026-08-31 02:04:26,338.86,7.31,3765.42,42.8,the_tether_relay,8.45,cloudy,20.007,6.164,0.00,8.86,combat
613.20,2026-08-31 02:04:27,338.86,7.31,3765.42,42.8,the_tether_relay,8.47,cloudy,21.985,6.668,0.00,8.86,combat
613.70,2026-08-31 02:04:27,338.86,7.31,3765.42,42.8,the_tether_relay,8.49,cloudy,21.985,6.668,0.00,8.86,combat
614.20,2026-08-31 02:04:28,338.86,7.31,3765.42,42.8,the_tether_relay,8.51,cloudy,21.212,7.585,0.00,8.86,combat
614.70,2026-08-31 02:04:28,338.86,7.31,3765.42,42.8,the_tether_relay,8.53,cloudy,21.212,7.585,0.00,8.86,combat
615.20,2026-08-31 02:04:29,338.86,7.31,3765.42,42.8,the_tether_relay,8.55,cloudy,18.506,6.685,0.00,8.86,combat
615.70,2026-08-31 02:04:29,338.86,7.31,3765.42,42.8,the_tether_relay,8.57,cloudy,18.506,6.685,0.00,8.86,combat
616.20,2026-08-31 02:04:30,338.86,7.31,3765.42,42.8,the_tether_relay,8.59,cloudy,17.579,5.893,0.00,8.86,combat
616.70,2026-08-31 02:04:30,338.86,7.31,3765.42,42.8,the_tether_relay,8.61,cloudy,17.579,5.893,0.00,8.86,combat
617.20,2026-08-31 02:04:31,338.86,7.31,3765.42,42.8,the_tether_relay,8.63,cloudy,19.901,6.947,0.00,8.86,combat
617.70,2026-08-31 02:04:31,338.86,7.31,3765.42,42.8,the_tether_relay,8.65,cloudy,19.901,6.947,0.00,8.86,combat
618.20,2026-08-31 02:04:32,338.86,7.31,3765.42,42.8,the_tether_relay,8.67,cloudy,19.385,5.793,0.00,8.86,combat
618.70,2026-08-31 02:04:32,338.86,7.31,3765.42,42.8,the_tether_relay,8.69,cloudy,19.385,5.793,0.00,8.86,combat
619.20,2026-08-31 02:04:33,338.86,7.31,3765.42,42.8,the_tether_relay,8.71,cloudy,19.896,7.205,0.00,8.86,combat
619.70,2026-08-31 02:04:33,338.86,7.31,3765.42,42.8,the_tether_relay,8.73,cloudy,19.896,7.205,0.00,8.86,combat
620.20,2026-08-31 02:04:34,338.86,7.31,3765.42,42.8,the_tether_relay,8.75,cloudy,18.554,6.012,0.00,8.86,combat
620.70,2026-08-31 02:04:34,338.86,7.31,3765.42,42.8,the_tether_relay,8.77,cloudy,18.554,6.012,0.00,8.86,combat
621.20,2026-08-31 02:04:35,338.86,7.31,3765.42,42.8,the_tether_relay,8.79,cloudy,19.996,6.121,0.00,8.86,combat
621.70,2026-08-31 02:04:35,338.86,7.31,3765.42,42.8,the_tether_relay,8.81,cloudy,19.996,6.121,0.00,8.86,combat
622.20,2026-08-31 02:04:36,338.86,7.31,3765.42,42.8,the_tether_relay,8.83,cloudy,18.671,6.103,0.00,8.86,combat
622.70,2026-08-31 02:04:36,338.86,7.31,3765.42,42.8,the_tether_relay,8.85,cloudy,18.671,6.103,0.00,8.86,combat
623.20,2026-08-31 02:04:37,338.86,7.31,3765.42,42.8,the_tether_relay,8.87,cloudy,18.151,5.889,0.00,8.86,combat
623.70,2026-08-31 02:04:37,338.86,7.31,3765.42,42.8,the_tether_relay,8.89,cloudy,18.151,5.889,0.00,8.86,combat
624.20,2026-08-31 02:04:38,338.86,7.31,3765.42,42.8,the_tether_relay,8.91,cloudy,20.007,6.043,0.00,8.86,combat
624.70,2026-08-31 02:04:38,338.86,7.31,3765.42,42.8,the_tether_relay,8.93,cloudy,20.007,6.043,0.00,8.86,combat
625.20,2026-08-31 02:04:39,338.86,7.31,3765.42,42.8,the_tether_relay,8.95,cloudy,23.558,8.781,0.00,8.86,combat
625.70,2026-08-31 02:04:39,338.86,7.31,3765.42,42.8,the_tether_relay,8.97,cloudy,23.558,8.781,0.00,8.86,combat
626.20,2026-08-31 02:04:40,338.86,7.31,3765.42,42.8,the_tether_relay,8.99,cloudy,20.092,5.371,0.00,8.86,combat
626.70,2026-08-31 02:04:40,338.86,7.31,3765.42,42.8,the_tether_relay,9.01,cloudy,20.092,5.371,0.00,8.86,combat
627.20,2026-08-31 02:04:41,338.86,7.31,3765.42,42.8,the_tether_relay,9.03,cloudy,20.300,5.930,0.00,8.86,combat
627.70,2026-08-31 02:04:41,338.86,7.31,3765.42,42.8,the_tether_relay,9.05,cloudy,20.300,5.930,0.00,8.86,combat
628.20,2026-08-31 02:04:42,338.86,7.31,3765.42,42.8,the_tether_relay,9.07,cloudy,20.350,6.514,0.00,8.86,combat
628.70,2026-08-31 02:04:42,338.86,7.31,3765.42,42.8,the_tether_relay,9.09,cloudy,20.350,6.514,0.00,8.86,combat
629.20,2026-08-31 02:04:43,338.86,7.31,3765.42,42.8,the_tether_relay,9.11,cloudy,19.338,6.899,0.00,8.86,combat
629.70,2026-08-31 02:04:43,338.86,7.31,3765.42,42.8,the_tether_relay,9.13,cloudy,19.338,6.899,0.00,8.86,combat
630.20,2026-08-31 02:04:44,338.86,7.31,3765.42,42.8,the_tether_relay,9.15,cloudy,17.492,5.756,0.00,8.86,combat
630.70,2026-08-31 02:04:44,338.86,7.31,3765.42,42.8,the_tether_relay,9.17,cloudy,17.492,5.756,0.00,8.86,combat
631.20,2026-08-31 02:04:45,338.86,7.31,3765.42,42.8,the_tether_relay,9.19,cloudy,18.725,6.030,0.00,8.86,combat
631.70,2026-08-31 02:04:45,338.86,7.31,3765.42,42.8,the_tether_relay,9.21,cloudy,18.725,6.030,0.00,8.86,combat
632.20,2026-08-31 02:04:46,339.31,7.39,3765.13,122.6,the_tether_relay,9.23,cloudy,17.609,363.770,0.00,6.33,world
632.70,2026-08-31 02:04:47,341.38,6.23,3763.81,122.7,the_tether_relay,9.25,cloudy,17.609,363.770,0.00,4.14,world
633.20,2026-08-31 02:04:47,343.56,5.82,3762.41,122.7,the_tether_relay,9.27,cloudy,16.583,5.485,0.00,2.46,world
633.70,2026-08-31 02:04:48,345.75,5.38,3761.01,122.7,the_tether_relay,9.29,cloudy,16.583,5.485,0.00,2.90,world
634.20,2026-08-31 02:04:48,347.93,4.87,3759.62,122.8,the_tether_relay,9.31,cloudy,18.286,5.455,0.00,3.91,world
634.92,2026-08-31 02:04:49,349.80,4.40,3758.42,122.8,the_tether_relay,9.34,cloudy,23.874,106.714,0.00,2.61,narrative_modal
635.43,2026-08-31 02:04:49,343.25,5.44,3755.45,21.6,the_tether_relay,9.36,cloudy,23.874,106.714,0.00,8.89,combat
635.93,2026-08-31 02:04:50,343.25,5.44,3755.45,21.6,the_tether_relay,9.38,cloudy,26.410,117.183,0.00,8.89,combat
636.43,2026-08-31 02:04:50,343.25,5.44,3755.45,21.6,the_tether_relay,9.40,cloudy,26.410,117.183,0.00,8.89,combat
636.93,2026-08-31 02:04:51,343.25,5.44,3755.45,21.6,the_tether_relay,9.42,cloudy,18.949,5.441,0.00,8.89,combat
637.43,2026-08-31 02:04:51,343.25,5.44,3755.45,21.6,the_tether_relay,9.44,cloudy,18.949,5.441,0.00,8.89,combat
637.93,2026-08-31 02:04:52,343.25,5.44,3755.45,21.6,the_tether_relay,9.46,cloudy,20.419,9.596,0.00,8.89,combat
638.43,2026-08-31 02:04:52,343.25,5.44,3755.45,21.6,the_tether_relay,9.48,cloudy,20.419,9.596,0.00,8.89,combat
638.93,2026-08-31 02:04:53,343.25,5.44,3755.45,21.6,the_tether_relay,9.50,cloudy,20.157,5.821,0.00,8.89,combat
640.02,2026-08-31 02:04:54,343.25,5.44,3755.45,21.6,the_tether_relay,9.54,cloudy,20.193,7.609,0.00,8.89,combat
640.75,2026-08-31 02:04:55,343.25,5.44,3755.45,21.6,the_tether_relay,9.57,cloudy,20.193,7.609,0.00,8.89,combat
641.43,2026-08-31 02:04:55,343.25,5.44,3755.45,21.6,the_tether_relay,9.60,cloudy,21.022,10.235,0.00,8.89,combat
642.12,2026-08-31 02:04:56,343.25,5.44,3755.45,21.6,the_tether_relay,9.62,cloudy,23.726,7.916,0.00,8.89,combat
642.77,2026-08-31 02:04:57,343.25,5.44,3755.45,21.6,the_tether_relay,9.65,cloudy,23.726,7.916,0.00,8.89,combat
643.43,2026-08-31 02:04:57,343.25,5.44,3755.45,21.6,the_tether_relay,9.68,cloudy,22.225,8.313,0.00,8.89,combat
644.10,2026-08-31 02:04:58,343.25,5.44,3755.45,21.6,the_tether_relay,9.70,cloudy,18.981,8.094,0.00,8.89,combat
644.83,2026-08-31 02:04:59,343.25,5.44,3755.45,21.6,the_tether_relay,9.73,cloudy,18.981,8.094,0.00,8.89,combat
645.55,2026-08-31 02:04:59,343.25,5.44,3755.45,21.6,the_tether_relay,9.76,cloudy,21.606,8.165,0.00,8.89,combat
646.20,2026-08-31 02:05:00,343.25,5.44,3755.45,21.6,the_tether_relay,9.79,cloudy,19.569,7.616,0.00,8.89,combat
647.17,2026-08-31 02:05:01,343.25,5.44,3755.45,21.6,the_tether_relay,9.82,cloudy,24.932,9.197,0.00,8.89,combat
647.90,2026-08-31 02:05:02,343.25,5.44,3755.45,21.6,the_tether_relay,9.85,cloudy,22.344,9.247,0.00,8.89,combat
648.53,2026-08-31 02:05:02,343.25,5.44,3755.45,21.6,the_tether_relay,9.88,cloudy,22.344,9.247,0.00,8.89,combat
649.15,2026-08-31 02:05:03,343.25,5.44,3755.45,21.6,the_tether_relay,9.90,cloudy,18.587,8.394,0.00,8.89,combat
649.87,2026-08-31 02:05:04,343.25,5.44,3755.45,21.6,the_tether_relay,9.93,cloudy,20.827,8.013,0.00,8.89,combat
650.48,2026-08-31 02:05:04,343.25,5.44,3755.45,21.6,the_tether_relay,9.96,cloudy,20.827,8.013,0.00,8.89,combat
651.12,2026-08-31 02:05:05,343.25,5.44,3755.45,21.6,the_tether_relay,9.98,cloudy,18.128,8.382,0.00,8.89,combat
651.73,2026-08-31 02:05:06,343.25,5.44,3755.45,21.6,the_tether_relay,10.01,cloudy,18.128,8.382,0.00,8.89,combat
652.42,2026-08-31 02:05:06,343.25,5.44,3755.45,21.6,the_tether_relay,10.03,cloudy,19.437,7.917,0.00,8.89,combat
653.05,2026-08-31 02:05:07,343.25,5.44,3755.45,21.6,the_tether_relay,10.06,cloudy,17.775,8.417,0.00,8.89,combat
653.87,2026-08-31 02:05:08,343.25,5.44,3755.45,21.6,the_tether_relay,10.09,cloudy,19.769,9.560,0.00,8.89,combat
654.48,2026-08-31 02:05:08,343.25,5.44,3755.45,21.6,the_tether_relay,10.12,cloudy,19.769,9.560,0.00,8.89,combat
655.05,2026-08-31 02:05:09,343.25,5.44,3755.45,21.6,the_tether_relay,10.14,cloudy,22.365,8.887,0.00,8.89,combat
655.63,2026-08-31 02:05:09,343.25,5.44,3755.45,21.6,the_tether_relay,10.16,cloudy,22.365,8.887,0.00,8.89,combat
656.33,2026-08-31 02:05:10,343.25,5.44,3755.45,21.6,the_tether_relay,10.19,cloudy,18.060,355.186,0.00,8.89,locked
656.88,2026-08-31 02:05:11,343.25,5.44,3755.45,21.6,the_tether_relay,10.21,cloudy,17.412,6.334,0.00,8.89,locked
657.68,2026-08-31 02:05:12,343.25,5.44,3755.45,21.6,the_tether_relay,10.25,cloudy,30.955,115.891,0.00,8.89,combat
658.33,2026-08-31 02:05:12,343.25,5.44,3755.45,21.6,the_tether_relay,10.27,cloudy,30.955,115.891,0.00,8.89,combat
658.97,2026-08-31 02:05:13,343.25,5.44,3755.45,21.6,the_tether_relay,10.30,cloudy,18.597,8.586,0.00,8.89,combat
659.67,2026-08-31 02:05:14,343.25,5.44,3755.45,21.6,the_tether_relay,10.32,cloudy,20.359,7.020,0.00,8.89,combat
660.57,2026-08-31 02:05:15,343.25,5.44,3755.45,21.6,the_tether_relay,10.36,cloudy,20.359,7.020,0.00,8.89,combat
661.22,2026-08-31 02:05:15,343.25,5.44,3755.45,21.6,the_tether_relay,10.39,cloudy,22.842,10.604,0.00,8.89,combat
661.90,2026-08-31 02:05:16,343.25,5.44,3755.45,21.6,the_tether_relay,10.41,cloudy,19.024,8.136,0.00,8.89,combat
662.57,2026-08-31 02:05:17,343.25,5.44,3755.45,21.6,the_tether_relay,10.44,cloudy,19.024,8.136,0.00,8.89,combat
663.23,2026-08-31 02:05:17,343.25,5.44,3755.45,21.6,the_tether_relay,10.47,cloudy,18.789,8.252,0.00,8.89,combat
663.90,2026-08-31 02:05:18,343.25,5.44,3755.45,21.6,the_tether_relay,10.49,cloudy,18.564,7.920,0.00,8.89,combat
664.58,2026-08-31 02:05:19,343.25,5.44,3755.45,21.6,the_tether_relay,10.52,cloudy,18.564,7.920,0.00,8.89,combat
665.28,2026-08-31 02:05:19,343.25,5.44,3755.45,21.6,the_tether_relay,10.55,cloudy,19.786,8.019,0.00,8.89,combat
665.92,2026-08-31 02:05:20,343.25,5.44,3755.45,21.6,the_tether_relay,10.58,cloudy,19.768,8.308,0.00,8.89,combat
666.58,2026-08-31 02:05:21,343.25,5.44,3755.45,21.6,the_tether_relay,10.60,cloudy,19.768,8.308,0.00,8.89,combat
667.28,2026-08-31 02:05:21,343.25,5.44,3755.45,21.6,the_tether_relay,10.63,cloudy,19.581,8.124,0.00,8.89,combat
667.95,2026-08-31 02:05:22,343.25,5.44,3755.45,21.6,the_tether_relay,10.66,cloudy,19.548,7.856,0.00,8.89,combat
668.63,2026-08-31 02:05:23,343.25,5.44,3755.45,21.6,the_tether_relay,10.68,cloudy,19.974,9.250,0.00,8.89,combat
669.55,2026-08-31 02:05:24,343.25,5.44,3755.45,21.6,the_tether_relay,10.72,cloudy,19.974,9.250,0.00,8.89,combat
670.18,2026-08-31 02:05:24,343.25,5.44,3755.45,21.6,the_tether_relay,10.75,cloudy,19.284,11.872,0.00,8.89,combat
670.82,2026-08-31 02:05:25,343.25,5.44,3755.45,21.6,the_tether_relay,10.77,cloudy,18.009,9.012,0.00,8.89,combat
671.43,2026-08-31 02:05:26,343.25,5.44,3755.45,21.6,the_tether_relay,10.80,cloudy,18.009,9.012,0.00,4.60,locked
672.12,2026-08-31 02:05:26,343.25,5.44,3755.45,21.6,the_tether_relay,10.82,cloudy,19.863,369.743,0.00,4.60,locked
672.67,2026-08-31 02:05:27,343.25,5.44,3755.45,21.6,the_tether_relay,10.85,cloudy,17.238,6.588,0.00,4.60,locked
673.38,2026-08-31 02:05:28,343.25,5.44,3755.45,21.6,the_tether_relay,10.87,cloudy,25.457,103.486,0.00,8.89,combat
674.00,2026-08-31 02:05:28,343.25,5.44,3755.45,21.6,the_tether_relay,10.90,cloudy,25.457,103.486,0.00,8.89,combat
674.58,2026-08-31 02:05:29,343.25,5.44,3755.45,21.6,the_tether_relay,10.92,cloudy,18.853,10.402,0.00,8.89,combat
675.25,2026-08-31 02:05:30,343.25,5.44,3755.45,21.6,the_tether_relay,10.95,cloudy,18.853,10.402,0.00,8.89,combat
675.90,2026-08-31 02:05:30,343.25,5.44,3755.45,21.6,the_tether_relay,10.97,cloudy,21.065,8.184,0.00,8.89,combat
676.53,2026-08-31 02:05:31,343.25,5.44,3755.45,21.6,the_tether_relay,11.00,cloudy,19.067,8.489,0.00,8.89,combat
677.18,2026-08-31 02:05:32,343.25,5.44,3755.45,21.6,the_tether_relay,11.03,cloudy,19.067,8.489,0.00,8.89,combat
677.68,2026-08-31 02:05:32,343.25,5.44,3755.45,21.6,the_tether_relay,11.05,cloudy,20.650,8.061,0.00,8.89,combat
678.18,2026-08-31 02:05:33,343.25,5.44,3755.45,21.6,the_tether_relay,11.07,cloudy,20.650,8.061,0.00,8.89,combat
679.30,2026-08-31 02:05:34,343.25,5.44,3755.45,21.6,the_tether_relay,11.11,cloudy,22.874,6.040,0.00,8.89,combat
680.00,2026-08-31 02:05:34,343.25,5.44,3755.45,21.6,the_tether_relay,11.14,cloudy,21.291,8.174,0.00,8.89,combat
680.70,2026-08-31 02:05:35,343.25,5.44,3755.45,21.6,the_tether_relay,11.17,cloudy,22.666,8.867,0.00,8.89,combat
681.33,2026-08-31 02:05:36,343.25,5.44,3755.45,21.6,the_tether_relay,11.19,cloudy,22.666,8.867,0.00,8.89,combat
681.98,2026-08-31 02:05:36,343.25,5.44,3755.45,21.6,the_tether_relay,11.22,cloudy,19.154,8.494,0.00,8.89,combat
682.68,2026-08-31 02:05:37,343.25,5.44,3755.45,21.6,the_tether_relay,11.25,cloudy,20.208,8.947,0.00,8.89,combat
683.33,2026-08-31 02:05:38,343.25,5.44,3755.45,21.6,the_tether_relay,11.27,cloudy,20.208,8.947,0.00,8.89,combat
684.00,2026-08-31 02:05:38,343.25,5.44,3755.45,21.6,the_tether_relay,11.30,cloudy,21.142,8.542,0.00,8.89,combat
684.70,2026-08-31 02:05:39,343.25,5.44,3755.45,21.6,the_tether_relay,11.33,cloudy,19.737,8.163,0.00,8.89,combat
685.35,2026-08-31 02:05:40,343.25,5.44,3755.45,21.6,the_tether_relay,11.35,cloudy,18.963,8.749,0.00,8.89,combat
686.22,2026-08-31 02:05:41,343.25,5.44,3755.45,21.6,the_tether_relay,11.39,cloudy,18.963,8.749,0.00,7.06,world
686.98,2026-08-31 02:05:42,343.25,5.44,3755.45,21.6,the_tether_relay,11.42,cloudy,20.951,357.944,0.00,7.06,world
687.62,2026-08-31 02:05:42,343.25,5.44,3755.45,21.6,the_tether_relay,11.44,cloudy,21.101,6.937,0.00,7.06,world
688.23,2026-08-31 02:05:43,343.25,5.44,3755.45,21.6,the_tether_relay,11.47,cloudy,17.627,7.625,0.00,8.89,world
688.83,2026-08-31 02:05:43,343.25,5.44,3755.45,21.6,the_tether_relay,11.49,cloudy,17.627,7.625,0.00,8.89,world
689.43,2026-08-31 02:05:44,343.25,5.44,3755.45,21.6,the_tether_relay,11.52,cloudy,18.155,6.714,0.00,8.89,world
690.07,2026-08-31 02:05:45,343.25,5.44,3755.45,21.6,the_tether_relay,11.54,cloudy,18.155,6.714,0.00,8.89,world
690.67,2026-08-31 02:05:45,343.25,5.44,3755.45,21.6,the_tether_relay,11.56,cloudy,17.610,6.976,0.00,8.89,world
691.25,2026-08-31 02:05:46,343.25,5.44,3755.45,21.6,the_tether_relay,11.59,cloudy,17.575,6.306,0.00,8.89,world
691.83,2026-08-31 02:05:46,343.25,5.44,3755.45,21.6,the_tether_relay,11.61,cloudy,17.575,6.306,0.00,8.89,world
692.33,2026-08-31 02:05:47,343.25,5.44,3755.45,21.6,the_tether_relay,11.63,cloudy,17.422,6.946,0.00,8.89,world
692.83,2026-08-31 02:05:47,343.25,5.44,3755.45,21.6,the_tether_relay,11.65,cloudy,17.422,6.946,0.00,8.89,world
693.33,2026-08-31 02:05:48,343.25,5.44,3755.45,21.6,the_tether_relay,11.67,cloudy,18.338,5.709,0.00,8.89,world
693.83,2026-08-31 02:05:48,343.25,5.44,3755.45,21.6,the_tether_relay,11.69,cloudy,18.338,5.709,0.00,8.89,world
694.33,2026-08-31 02:05:49,343.25,5.44,3755.45,21.6,the_tether_relay,11.71,cloudy,17.798,5.491,0.00,8.89,world
694.83,2026-08-31 02:05:49,343.25,5.44,3755.45,21.6,the_tether_relay,11.73,cloudy,17.798,5.491,0.00,8.89,world
695.33,2026-08-31 02:05:50,343.25,5.44,3755.45,21.6,the_tether_relay,11.75,cloudy,17.273,5.202,0.00,8.89,world
695.83,2026-08-31 02:05:50,343.25,5.44,3755.45,21.6,the_tether_relay,11.77,cloudy,17.273,5.202,0.00,8.89,world
696.33,2026-08-31 02:05:51,343.25,5.44,3755.45,21.6,the_tether_relay,11.79,cloudy,17.598,5.789,0.00,8.89,world
696.83,2026-08-31 02:05:51,343.25,5.44,3755.45,21.6,the_tether_relay,11.81,cloudy,17.598,5.789,0.00,8.89,world
697.33,2026-08-31 02:05:52,343.25,5.44,3755.45,21.6,the_tether_relay,11.83,cloudy,19.850,5.812,0.00,8.89,world
697.83,2026-08-31 02:05:52,343.25,5.44,3755.45,21.6,the_tether_relay,11.85,cloudy,19.850,5.812,0.00,8.89,world
698.33,2026-08-31 02:05:53,343.25,5.44,3755.45,21.6,the_tether_relay,11.87,cloudy,17.116,5.471,0.00,8.89,world
698.83,2026-08-31 02:05:53,343.25,5.44,3755.45,21.6,the_tether_relay,11.89,cloudy,17.116,5.471,0.00,8.89,world
699.33,2026-08-31 02:05:54,343.25,5.44,3755.45,21.6,the_tether_relay,11.91,cloudy,17.856,5.578,0.00,8.89,world
699.83,2026-08-31 02:05:54,343.25,5.44,3755.45,21.6,the_tether_relay,11.93,cloudy,17.856,5.578,0.00,8.89,world
700.33,2026-08-31 02:05:55,343.25,5.44,3755.45,21.6,the_tether_relay,11.95,cloudy,16.849,6.663,0.00,8.89,world
700.83,2026-08-31 02:05:55,343.25,5.44,3755.45,21.6,the_tether_relay,11.97,cloudy,16.849,6.663,0.00,8.89,world
701.33,2026-08-31 02:05:56,343.25,5.44,3755.45,21.6,the_tether_relay,11.99,cloudy,18.744,5.991,0.00,8.89,world
701.83,2026-08-31 02:05:56,343.26,5.44,3755.45,32.1,the_tether_relay,12.01,cloudy,18.744,5.991,0.00,8.88,world
702.33,2026-08-31 02:05:57,345.62,5.16,3755.00,100.9,the_tether_relay,12.03,cloudy,17.208,6.083,0.00,6.69,world
702.83,2026-08-31 02:05:57,347.14,4.98,3753.99,96.6,the_tether_relay,12.05,cloudy,17.208,6.083,0.00,5.71,world
703.33,2026-08-31 02:05:58,349.54,4.61,3753.61,95.4,the_tether_relay,12.07,cloudy,17.261,5.810,0.00,4.19,world
703.83,2026-08-31 02:05:58,352.13,4.17,3753.37,95.4,the_tether_relay,12.09,cloudy,17.261,5.810,0.00,3.64,world
704.35,2026-08-31 02:05:59,353.91,3.81,3753.20,95.4,the_tether_relay,12.11,cloudy,19.284,5.645,0.00,4.26,narrative_modal
705.12,2026-08-31 02:06:00,353.91,3.81,3753.20,95.4,the_tether_relay,12.14,cloudy,16.134,7.038,0.00,4.26,narrative_modal
705.90,2026-08-31 02:06:00,353.91,3.81,3753.20,95.4,the_tether_relay,12.17,cloudy,16.134,7.038,0.00,4.26,narrative_modal
706.70,2026-08-31 02:06:01,353.91,3.81,3753.20,95.4,the_tether_relay,12.21,cloudy,18.153,8.470,0.00,4.26,world
707.57,2026-08-31 02:06:02,353.91,3.81,3753.20,95.4,the_tether_relay,12.24,cloudy,21.822,8.704,0.00,4.26,world
708.40,2026-08-31 02:06:03,353.91,3.81,3753.20,95.4,the_tether_relay,12.27,cloudy,19.220,7.069,0.00,4.26,world
709.28,2026-08-31 02:06:04,353.91,3.81,3753.20,95.4,the_tether_relay,12.31,cloudy,17.796,7.134,0.00,4.26,world
710.10,2026-08-31 02:06:05,353.91,3.81,3753.20,95.4,the_tether_relay,12.34,cloudy,17.796,7.134,0.00,4.26,world
710.60,2026-08-31 02:06:05,352.81,3.88,3755.12,-30.0,the_tether_relay,12.36,cloudy,17.516,6.144,0.00,2.04,world
711.10,2026-08-31 02:06:06,352.14,3.94,3756.25,-29.8,the_tether_relay,12.38,cloudy,17.516,6.144,0.00,0.76,world
711.60,2026-08-31 02:06:06,353.18,3.67,3756.45,79.2,the_tether_relay,12.40,cloudy,17.964,5.810,0.00,1.30,world
712.10,2026-08-31 02:06:07,355.46,3.02,3757.60,49.7,the_tether_relay,12.42,cloudy,17.964,5.810,0.00,3.51,world
712.60,2026-08-31 02:06:07,354.26,3.23,3758.61,-6.7,the_tether_relay,12.44,cloudy,18.686,6.143,0.00,2.77,world
713.10,2026-08-31 02:06:08,355.09,3.00,3760.99,20.3,the_tether_relay,12.46,cloudy,18.686,6.143,0.00,5.04,world
713.60,2026-08-31 02:06:08,355.97,2.98,3763.34,20.3,the_tether_relay,12.48,cloudy,19.694,29.448,0.00,7.48,world
714.10,2026-08-31 02:06:09,355.07,3.18,3763.37,-123.6,the_tether_relay,12.50,cloudy,18.252,6.286,0.00,7.07,world
714.60,2026-08-31 02:06:09,353.78,3.63,3764.71,-33.6,the_tether_relay,12.52,cloudy,18.252,6.286,0.00,6.40,world
715.10,2026-08-31 02:06:10,352.65,4.22,3766.43,-33.6,the_tether_relay,12.54,cloudy,18.252,6.286,0.00,5.92,world
715.60,2026-08-31 02:06:10,351.52,4.82,3768.15,-33.6,the_tether_relay,12.56,cloudy,20.086,5.943,0.00,6.15,world
716.10,2026-08-31 02:06:11,350.89,4.90,3767.39,-173.1,the_tether_relay,12.58,cloudy,20.086,5.943,0.00,5.16,world
716.60,2026-08-31 02:06:11,352.91,4.18,3766.66,96.9,the_tether_relay,12.60,cloudy,19.123,6.468,0.00,6.27,world
717.10,2026-08-31 02:06:12,354.49,3.64,3765.91,-142.8,the_tether_relay,12.62,cloudy,19.123,6.468,0.00,7.39,world
717.60,2026-08-31 02:06:12,353.01,3.75,3763.94,-142.7,the_tether_relay,12.64,cloudy,19.710,6.161,0.00,5.53,world
718.10,2026-08-31 02:06:13,351.57,4.01,3762.04,-142.5,the_tether_relay,12.66,cloudy,19.710,6.161,0.00,4.32,world
718.77,2026-08-31 02:06:13,351.36,4.06,3761.77,-142.5,the_tether_relay,12.69,cloudy,19.820,23.709,0.00,4.23,world
719.58,2026-08-31 02:06:14,351.36,4.06,3761.77,-142.5,the_tether_relay,12.72,cloudy,18.154,12.770,0.00,4.23,world
720.43,2026-08-31 02:06:15,351.36,4.06,3761.77,-142.5,the_tether_relay,12.76,cloudy,17.993,8.427,0.00,4.23,world
721.33,2026-08-31 02:06:16,351.36,4.06,3761.77,-142.5,the_tether_relay,12.79,cloudy,38.216,6.142,0.00,4.23,world
722.13,2026-08-31 02:06:17,351.36,4.06,3761.77,-142.5,the_tether_relay,12.82,cloudy,18.535,6.514,0.00,4.23,world
722.63,2026-08-31 02:06:17,351.18,4.13,3761.93,-68.9,the_tether_relay,12.84,cloudy,18.535,6.514,0.00,4.00,world
723.13,2026-08-31 02:06:18,349.65,4.74,3763.26,-49.2,the_tether_relay,12.86,cloudy,18.047,6.064,0.00,2.16,world
723.63,2026-08-31 02:06:18,348.10,5.33,3764.61,-49.2,the_tether_relay,12.88,cloudy,18.047,6.064,0.00,1.26,world
724.13,2026-08-31 02:06:19,346.43,5.78,3766.04,-49.2,the_tether_relay,12.90,cloudy,19.119,7.861,0.00,2.76,world
724.63,2026-08-31 02:06:19,344.69,6.11,3767.55,-49.2,the_tether_relay,12.92,cloudy,19.119,7.861,0.00,4.93,world
725.13,2026-08-31 02:06:20,342.90,6.38,3769.09,-49.2,the_tether_relay,12.94,cloudy,18.138,5.964,0.00,7.24,world
725.63,2026-08-31 02:06:20,341.11,6.63,3770.65,-49.2,the_tether_relay,12.96,cloudy,18.138,5.964,0.00,9.59,world
726.13,2026-08-31 02:06:21,339.29,6.83,3772.21,-49.2,the_tether_relay,12.98,cloudy,17.916,5.933,0.00,11.97,world
726.63,2026-08-31 02:06:21,337.43,6.94,3773.81,-49.2,the_tether_relay,13.00,cloudy,17.916,5.933,0.00,14.41,world
727.13,2026-08-31 02:06:22,335.55,6.99,3775.43,-49.2,the_tether_relay,13.02,cloudy,18.915,7.315,0.00,16.89,world
727.63,2026-08-31 02:06:22,333.71,7.12,3777.03,-49.2,the_tether_relay,13.04,cloudy,18.915,7.315,0.00,19.32,world
728.13,2026-08-31 02:06:23,331.91,7.37,3778.58,-49.2,the_tether_relay,13.06,cloudy,18.864,5.894,0.00,21.69,world
728.63,2026-08-31 02:06:23,330.11,7.60,3780.14,-49.2,the_tether_relay,13.08,cloudy,18.864,5.894,0.00,24.07,world
729.13,2026-08-31 02:06:24,328.28,7.78,3781.72,-49.2,the_tether_relay,13.10,cloudy,20.471,6.865,0.00,26.48,world
729.63,2026-08-31 02:06:24,326.48,8.01,3783.28,-49.2,the_tether_relay,13.12,cloudy,20.471,6.865,0.00,28.86,world
730.13,2026-08-31 02:06:25,324.69,8.27,3784.82,-49.2,the_tether_relay,13.14,cloudy,19.683,6.170,1.24,30.47,world
730.63,2026-08-31 02:06:25,322.89,8.49,3786.38,-49.2,the_tether_relay,13.16,cloudy,19.683,6.170,0.00,28.18,world
731.13,2026-08-31 02:06:26,321.02,8.58,3787.99,-49.2,the_tether_relay,13.18,cloudy,19.755,6.239,0.00,25.84,world
731.63,2026-08-31 02:06:26,319.10,8.44,3789.65,-49.2,the_tether_relay,13.20,cloudy,19.755,6.239,0.00,23.44,world
732.13,2026-08-31 02:06:27,317.33,8.12,3791.17,-49.2,the_tether_relay,13.22,cloudy,18.628,7.100,0.00,21.27,world
732.63,2026-08-31 02:06:27,315.36,7.68,3792.86,-49.2,corridor,13.24,cloudy,18.628,7.100,0.00,18.91,world
733.13,2026-08-31 02:06:28,313.40,7.24,3794.55,-49.2,corridor,13.26,cloudy,23.814,391.170,0.00,16.61,world
733.63,2026-08-31 02:06:28,311.43,6.73,3796.24,-49.2,corridor,13.28,cloudy,23.814,391.170,0.00,14.42,world
734.13,2026-08-31 02:06:29,309.47,6.18,3797.92,-49.2,corridor,13.30,cloudy,20.092,8.261,0.00,11.84,world
734.63,2026-08-31 02:06:29,307.51,5.70,3799.61,-49.2,corridor,13.32,cloudy,20.092,8.261,0.00,9.38,world
735.13,2026-08-31 02:06:30,305.55,5.34,3801.30,-49.2,corridor,13.34,cloudy,18.932,7.471,0.00,7.81,world
735.63,2026-08-31 02:06:30,303.59,5.01,3802.98,-49.2,corridor,13.36,cloudy,18.932,7.471,0.00,7.05,world
736.13,2026-08-31 02:06:31,301.63,4.66,3804.67,-49.2,corridor,13.38,cloudy,20.792,7.355,0.00,6.28,world
736.63,2026-08-31 02:06:31,299.66,4.22,3806.36,-49.2,corridor,13.40,cloudy,20.792,7.355,0.00,3.80,world
737.13,2026-08-31 02:06:32,297.69,3.67,3808.05,-49.2,corridor,13.42,cloudy,18.771,7.023,0.00,1.70,world
737.63,2026-08-31 02:06:32,295.72,3.10,3809.73,-49.2,corridor,13.44,cloudy,18.771,7.023,0.00,2.19,world
738.13,2026-08-31 02:06:33,293.75,2.62,3811.42,-49.2,corridor,13.46,cloudy,18.649,7.280,0.00,1.23,world
738.63,2026-08-31 02:06:33,292.04,2.35,3812.29,-49.2,corridor,13.48,cloudy,18.649,7.280,0.00,1.04,world
739.13,2026-08-31 02:06:34,290.08,1.98,3813.98,-49.2,corridor,13.50,cloudy,19.418,7.424,0.00,3.36,world
739.63,2026-08-31 02:06:34,288.12,1.62,3815.67,-49.2,corridor,13.52,cloudy,19.418,7.424,0.00,5.90,world
740.13,2026-08-31 02:06:35,286.19,1.43,3817.34,-49.2,corridor,13.54,cloudy,19.916,25.119,0.00,8.44,world
740.63,2026-08-31 02:06:35,284.31,1.47,3818.96,-49.2,corridor,13.56,cloudy,19.916,25.119,0.00,11.32,world
741.13,2026-08-31 02:06:36,282.48,1.65,3820.54,-49.2,corridor,13.58,cloudy,20.337,7.151,0.00,12.49,world
741.63,2026-08-31 02:06:36,280.66,1.83,3822.12,-49.2,corridor,13.60,cloudy,20.337,7.151,0.00,10.87,world
742.13,2026-08-31 02:06:37,278.85,2.04,3823.68,-49.2,corridor,13.62,cloudy,18.644,7.493,0.00,9.59,world
742.63,2026-08-31 02:06:37,277.04,2.25,3825.25,-49.2,corridor,13.64,cloudy,18.644,7.493,0.00,8.78,world
743.13,2026-08-31 02:06:38,275.17,2.34,3826.86,-49.2,corridor,13.66,cloudy,19.688,7.686,0.00,8.59,world
743.63,2026-08-31 02:06:38,273.27,2.29,3828.50,-49.2,corridor,13.68,cloudy,19.688,7.686,0.00,9.11,world
744.13,2026-08-31 02:06:39,271.35,2.19,3830.15,-49.2,corridor,13.70,cloudy,17.781,7.237,0.00,10.24,world
744.63,2026-08-31 02:06:39,269.45,2.16,3831.79,-49.2,corridor,13.72,cloudy,17.781,7.237,0.00,11.81,world
745.13,2026-08-31 02:06:40,267.59,2.25,3833.40,-49.2,corridor,13.74,cloudy,19.761,7.203,0.00,13.62,world
745.63,2026-08-31 02:06:40,265.77,2.43,3834.98,-49.2,corridor,13.76,cloudy,19.761,7.203,0.00,15.57,world
746.13,2026-08-31 02:06:41,263.91,2.53,3836.59,-49.2,corridor,13.78,cloudy,17.721,7.612,0.00,17.67,world
746.63,2026-08-31 02:06:41,261.99,2.40,3838.25,-49.2,corridor,13.80,cloudy,17.721,7.612,0.00,19.93,world
747.13,2026-08-31 02:06:42,260.03,1.95,3839.94,-49.2,corridor,13.82,cloudy,21.267,8.040,0.00,19.38,world
747.63,2026-08-31 02:06:42,258.08,1.39,3841.63,-49.2,corridor,13.84,cloudy,21.267,8.040,0.00,17.49,world
748.13,2026-08-31 02:06:43,256.12,0.86,3843.32,-49.2,corridor,13.86,cloudy,18.066,7.612,0.00,15.79,world
748.63,2026-08-31 02:06:43,254.36,0.46,3844.86,-49.2,corridor,13.88,cloudy,18.066,7.612,0.00,14.53,world
749.13,2026-08-31 02:06:44,252.41,0.16,3846.54,-49.2,corridor,13.90,cloudy,18.811,6.922,0.00,13.92,world
749.63,2026-08-31 02:06:44,250.47,-0.03,3848.21,-49.2,corridor,13.92,cloudy,18.811,6.922,0.00,13.74,world
750.13,2026-08-31 02:06:45,248.55,-0.18,3849.88,-49.2,corridor,13.94,cloudy,18.873,7.061,0.00,13.70,world
750.63,2026-08-31 02:06:45,246.62,-0.37,3851.55,-49.2,corridor,13.96,cloudy,18.873,7.061,0.00,14.13,world
751.13,2026-08-31 02:06:46,244.69,-0.51,3853.22,-49.2,corridor,13.98,cloudy,17.570,7.016,0.00,14.99,world
751.63,2026-08-31 02:06:46,242.79,-0.57,3854.87,-49.2,corridor,14.00,cloudy,17.570,7.016,0.00,16.19,world
752.13,2026-08-31 02:06:47,240.86,-0.73,3856.53,-49.2,corridor,14.02,cloudy,17.721,6.774,0.00,17.56,world
752.63,2026-08-31 02:06:47,238.90,-1.05,3858.22,-49.2,corridor,14.04,cloudy,17.721,6.774,0.00,18.87,world
753.13,2026-08-31 02:06:48,236.96,-1.29,3859.89,-49.2,corridor,14.06,cloudy,17.796,6.694,0.00,17.49,world
753.63,2026-08-31 02:06:48,235.03,-1.45,3861.56,-49.2,corridor,14.08,cloudy,17.796,6.694,0.00,15.53,world
754.13,2026-08-31 02:06:49,233.08,-1.72,3863.24,-49.2,corridor,14.10,cloudy,20.238,7.515,0.00,13.75,world
754.63,2026-08-31 02:06:49,231.11,-2.20,3864.93,-49.2,corridor,14.12,cloudy,20.238,7.515,0.00,12.26,world
755.13,2026-08-31 02:06:50,229.15,-2.76,3866.62,-49.2,corridor,14.14,cloudy,20.187,7.322,0.00,11.48,world
755.63,2026-08-31 02:06:50,227.18,-3.31,3868.31,-49.2,corridor,14.16,cloudy,20.187,7.322,0.00,11.37,world
756.13,2026-08-31 02:06:51,225.22,-3.84,3870.00,-49.2,corridor,14.18,cloudy,23.911,7.935,0.00,11.85,world
756.63,2026-08-31 02:06:51,223.27,-4.12,3871.68,-49.2,corridor,14.20,cloudy,23.911,7.935,0.00,12.86,world
757.13,2026-08-31 02:06:52,221.42,-4.01,3873.28,-49.2,corridor,14.22,cloudy,18.348,6.531,0.00,14.23,world
757.63,2026-08-31 02:06:52,219.66,-3.68,3874.79,-49.2,corridor,14.24,cloudy,18.348,6.531,0.00,15.80,world
758.13,2026-08-31 02:06:53,217.93,-3.30,3876.28,-49.2,corridor,14.26,cloudy,18.771,6.405,0.00,17.22,world
758.63,2026-08-31 02:06:53,216.21,-2.90,3877.76,-49.2,corridor,14.28,cloudy,18.771,6.405,0.00,18.77,world
759.13,2026-08-31 02:06:54,214.51,-2.48,3879.22,-49.2,corridor,14.30,cloudy,18.522,7.594,0.00,20.43,world
759.63,2026-08-31 02:06:54,212.80,-2.06,3880.69,-49.2,corridor,14.32,cloudy,18.522,7.594,0.00,22.21,world
760.13,2026-08-31 02:06:55,211.04,-1.75,3882.21,-49.2,corridor,14.34,cloudy,20.408,8.265,0.00,24.13,world
760.63,2026-08-31 02:06:55,209.16,-1.69,3883.83,-49.2,corridor,14.36,cloudy,20.408,8.265,0.00,26.24,world
761.13,2026-08-31 02:06:56,207.22,-1.87,3885.50,-49.2,corridor,14.38,cloudy,20.602,6.378,0.00,28.49,world
761.63,2026-08-31 02:06:56,205.26,-2.15,3887.18,-49.2,corridor,14.40,cloudy,20.602,6.378,0.94,30.80,world
762.13,2026-08-31 02:06:57,203.30,-2.40,3888.86,-49.2,corridor,14.42,cloudy,17.895,5.741,3.52,33.15,world
762.63,2026-08-31 02:06:57,201.36,-2.59,3890.54,-49.2,corridor,14.44,cloudy,17.895,5.741,6.09,35.52,world
763.13,2026-08-31 02:06:58,199.40,-2.83,3892.21,-49.2,corridor,14.46,cloudy,20.069,6.976,8.67,37.93,world
763.63,2026-08-31 02:06:58,197.44,-3.13,3893.90,-49.2,corridor,14.48,cloudy,20.069,6.976,11.25,40.36,world
764.13,2026-08-31 02:06:59,195.48,-3.44,3895.59,-49.2,corridor,14.50,cloudy,21.409,7.509,13.84,42.82,world
764.63,2026-08-31 02:06:59,193.51,-3.83,3897.27,-49.2,corridor,14.52,cloudy,21.409,7.509,16.43,44.42,world
765.13,2026-08-31 02:07:00,191.54,-4.23,3898.96,-49.2,corridor,14.54,cloudy,19.660,7.202,19.03,42.16,world
765.63,2026-08-31 02:07:00,189.58,-4.58,3900.65,-49.2,corridor,14.56,cloudy,19.660,7.202,21.62,39.95,world
766.13,2026-08-31 02:07:01,187.63,-4.87,3902.33,-49.2,corridor,14.58,cloudy,17.708,6.910,24.19,37.80,world
766.63,2026-08-31 02:07:01,185.70,-5.02,3904.00,-49.2,corridor,14.60,cloudy,17.708,6.910,26.74,35.72,world
767.13,2026-08-31 02:07:02,183.82,-4.97,3905.62,-49.2,corridor,14.62,cloudy,21.460,8.549,29.22,33.76,world
767.63,2026-08-31 02:07:02,181.96,-4.88,3907.23,-49.2,corridor,14.64,cloudy,21.460,8.549,31.68,31.89,world
768.13,2026-08-31 02:07:03,180.06,-4.94,3908.87,-49.2,corridor,14.66,cloudy,17.498,6.323,34.20,30.06,world
768.63,2026-08-31 02:07:03,178.11,-5.18,3910.55,-49.2,corridor,14.68,cloudy,17.498,6.323,0.00,28.30,world
769.13,2026-08-31 02:07:04,176.17,-5.41,3912.23,-49.2,corridor,14.70,cloudy,19.015,7.206,0.00,26.68,world
769.63,2026-08-31 02:07:04,174.23,-5.63,3913.91,-49.2,corridor,14.72,cloudy,19.015,7.206,0.00,25.21,world
770.13,2026-08-31 02:07:05,172.28,-5.94,3915.60,-49.2,corridor,14.74,cloudy,17.988,7.429,0.00,23.93,world
770.63,2026-08-31 02:07:05,170.31,-6.37,3917.29,-49.2,corridor,14.76,cloudy,17.988,7.429,0.00,22.86,world
771.13,2026-08-31 02:07:06,168.35,-6.79,3918.98,-49.2,corridor,14.78,cloudy,17.139,6.974,0.00,22.05,world
771.63,2026-08-31 02:07:06,166.41,-7.01,3920.65,-49.2,corridor,14.80,cloudy,17.139,6.974,0.00,21.52,world
772.13,2026-08-31 02:07:07,164.53,-6.96,3922.27,-49.2,corridor,14.82,cloudy,18.311,6.286,0.00,21.29,world
772.63,2026-08-31 02:07:07,162.68,-6.84,3923.87,-49.2,corridor,14.84,cloudy,18.311,6.286,0.00,21.84,world
773.13,2026-08-31 02:07:08,161.02,-6.75,3925.31,-49.2,corridor,14.86,cloudy,20.596,8.713,0.00,22.78,world
773.63,2026-08-31 02:07:08,159.14,-6.71,3926.94,-49.2,corridor,14.88,cloudy,20.596,8.713,0.00,24.05,world
774.13,2026-08-31 02:07:09,157.26,-6.65,3928.55,-49.2,corridor,14.90,cloudy,19.476,9.754,0.00,25.46,world
774.63,2026-08-31 02:07:09,155.40,-6.56,3930.16,-49.2,corridor,14.92,cloudy,19.476,9.754,0.00,26.55,world
775.13,2026-08-31 02:07:10,153.55,-6.46,3931.76,-49.2,corridor,14.94,cloudy,17.577,7.662,0.00,27.81,world
775.63,2026-08-31 02:07:10,151.70,-6.33,3933.35,-49.2,corridor,14.96,cloudy,17.577,7.662,0.00,28.62,world
776.13,2026-08-31 02:07:11,149.86,-6.19,3934.94,-49.2,corridor,14.98,cloudy,19.167,7.123,0.00,25.70,world
776.63,2026-08-31 02:07:11,148.01,-6.05,3936.54,-49.2,corridor,15.00,clear,19.167,7.123,0.00,22.76,world
777.13,2026-08-31 02:07:12,146.17,-5.90,3938.13,-49.2,corridor,15.02,clear,19.329,7.267,0.00,19.86,world
777.63,2026-08-31 02:07:12,144.36,-5.67,3939.69,-49.2,corridor,15.04,clear,19.329,7.267,0.00,17.05,world
778.13,2026-08-31 02:07:13,142.59,-5.37,3941.21,-49.2,corridor,15.06,clear,18.858,6.619,0.00,14.34,world
778.63,2026-08-31 02:07:13,140.78,-5.15,3942.78,-49.2,corridor,15.08,clear,18.858,6.619,0.00,11.76,world
779.13,2026-08-31 02:07:14,138.90,-5.08,3944.40,-49.2,corridor,15.10,clear,19.060,6.740,0.00,9.47,world
779.63,2026-08-31 02:07:14,137.00,-5.11,3946.04,-49.2,corridor,15.12,clear,19.060,6.740,0.00,7.29,world
780.13,2026-08-31 02:07:15,135.11,-5.10,3947.67,-49.2,corridor,15.14,clear,19.390,7.121,0.00,5.40,world
780.63,2026-08-31 02:07:15,133.27,-4.94,3949.25,-49.2,corridor,15.16,clear,19.390,7.121,0.00,4.23,world
781.13,2026-08-31 02:07:16,131.48,-4.68,3950.80,-49.2,corridor,15.18,clear,17.896,6.372,0.00,4.26,world
781.63,2026-08-31 02:07:16,129.67,-4.46,3952.36,-49.2,corridor,15.20,clear,17.896,6.372,0.00,5.46,world
782.13,2026-08-31 02:07:17,127.79,-4.44,3953.99,-49.2,corridor,15.22,clear,17.771,6.871,0.00,7.36,world
782.63,2026-08-31 02:07:17,125.86,-4.57,3955.65,-49.2,corridor,15.24,clear,17.771,6.871,0.00,9.58,world
783.13,2026-08-31 02:07:18,123.99,-4.50,3957.27,-49.2,corridor,15.26,clear,23.080,9.202,0.00,9.53,world
783.63,2026-08-31 02:07:18,122.20,-4.24,3958.81,-49.2,corridor,15.28,clear,23.080,9.202,0.00,8.55,world
784.13,2026-08-31 02:07:19,120.45,-3.90,3960.32,-49.2,corridor,15.30,clear,19.108,6.764,0.00,8.16,world
784.63,2026-08-31 02:07:19,118.68,-3.60,3961.84,-49.2,corridor,15.32,clear,19.108,6.764,0.00,8.41,world
785.13,2026-08-31 02:07:20,116.88,-3.37,3963.40,-49.2,corridor,15.34,clear,18.906,6.941,0.00,7.67,world
785.63,2026-08-31 02:07:20,115.07,-3.16,3964.96,-49.2,corridor,15.36,clear,18.906,6.941,0.00,7.09,world
786.13,2026-08-31 02:07:21,113.27,-2.92,3966.52,-49.2,corridor,15.38,clear,17.760,6.690,0.00,7.29,world
786.63,2026-08-31 02:07:21,111.46,-2.71,3968.08,-49.2,corridor,15.40,clear,17.760,6.690,0.00,8.21,world
787.13,2026-08-31 02:07:22,109.62,-2.56,3969.67,-49.2,corridor,15.42,clear,18.343,7.332,0.00,9.68,world
787.63,2026-08-31 02:07:22,107.75,-2.49,3971.28,-49.2,corridor,15.44,clear,18.343,7.332,0.00,11.51,world
788.13,2026-08-31 02:07:23,105.90,-2.36,3972.88,-49.2,corridor,15.46,clear,18.832,8.224,0.00,13.52,world
788.63,2026-08-31 02:07:23,104.09,-2.14,3974.45,-49.2,corridor,15.48,clear,18.832,8.224,0.00,15.61,world
789.13,2026-08-31 02:07:24,102.26,-1.95,3976.02,-49.2,corridor,15.50,clear,18.291,7.535,0.00,17.79,world
789.63,2026-08-31 02:07:24,100.40,-1.87,3977.63,-49.2,corridor,15.52,clear,18.291,7.535,0.00,20.08,world
790.13,2026-08-31 02:07:25,98.53,-1.79,3979.25,-49.2,corridor,15.54,clear,18.634,6.460,0.00,22.40,world
790.63,2026-08-31 02:07:25,96.66,-1.73,3980.86,-49.2,corridor,15.56,clear,18.634,6.460,0.00,24.76,world
791.13,2026-08-31 02:07:26,94.77,-1.73,3982.50,-49.2,corridor,15.58,clear,18.255,6.694,0.00,27.17,world
791.63,2026-08-31 02:07:26,92.88,-1.73,3984.13,-49.2,corridor,15.60,clear,18.255,6.694,0.00,29.59,world
792.13,2026-08-31 02:07:27,91.02,-1.61,3985.73,-49.2,corridor,15.62,clear,18.106,6.301,0.00,29.36,world
792.63,2026-08-31 02:07:27,89.22,-1.38,3987.29,-49.2,corridor,15.64,clear,18.106,6.301,0.00,28.14,world
793.13,2026-08-31 02:07:28,87.42,-1.15,3988.84,-49.2,corridor,15.66,clear,18.740,6.434,0.00,26.44,world
793.63,2026-08-31 02:07:28,85.58,-1.01,3990.44,-49.2,corridor,15.68,clear,18.740,6.434,0.00,24.54,world
794.13,2026-08-31 02:07:29,83.72,-0.91,3992.05,-49.2,corridor,15.70,clear,19.405,7.079,0.00,22.74,world
794.63,2026-08-31 02:07:29,81.84,-0.86,3993.67,-49.2,corridor,15.72,clear,19.405,7.079,0.00,21.04,world
795.13,2026-08-31 02:07:30,79.94,-0.87,3995.30,-49.2,corridor,15.74,clear,18.561,7.504,0.00,19.51,world
795.63,2026-08-31 02:07:30,78.02,-0.93,3996.95,-49.2,corridor,15.76,clear,18.561,7.504,0.00,18.18,world
796.13,2026-08-31 02:07:31,76.12,-0.94,3998.59,-49.2,corridor,15.78,clear,19.434,7.125,0.00,17.12,world
796.63,2026-08-31 02:07:31,74.25,-0.84,4000.21,-49.2,corridor,15.80,clear,19.434,7.125,0.00,16.42,world
797.13,2026-08-31 02:07:32,72.39,-0.70,4001.80,-49.2,corridor,15.82,clear,18.731,8.041,0.00,16.54,world
797.63,2026-08-31 02:07:32,70.55,-0.53,4003.39,-49.2,corridor,15.84,clear,18.731,8.041,0.00,16.92,world
798.13,2026-08-31 02:07:33,68.74,-0.30,4004.96,-49.2,corridor,15.86,clear,18.646,8.186,0.00,17.52,world
798.63,2026-08-31 02:07:33,66.95,-0.01,4006.50,-49.2,corridor,15.88,clear,18.646,8.186,0.00,16.88,world
799.13,2026-08-31 02:07:34,65.19,0.32,4008.02,-49.2,corridor,15.90,clear,20.911,8.255,0.00,16.13,world
799.63,2026-08-31 02:07:34,63.42,0.65,4009.53,-49.2,corridor,15.92,clear,20.911,8.255,0.00,15.65,world
800.13,2026-08-31 02:07:35,61.63,0.91,4011.09,-49.2,corridor,15.94,clear,19.352,7.587,0.00,15.36,world
800.63,2026-08-31 02:07:35,59.76,1.01,4012.70,-49.2,corridor,15.96,clear,19.352,7.587,0.00,15.74,world
801.13,2026-08-31 02:07:36,57.83,0.90,4014.35,-49.2,corridor,15.98,clear,19.473,7.326,0.00,16.82,world
801.63,2026-08-31 02:07:36,55.88,0.69,4016.03,-49.2,corridor,16.00,clear,19.473,7.326,0.00,18.21,world
802.13,2026-08-31 02:07:37,53.93,0.47,4017.71,-49.2,corridor,16.02,clear,18.186,6.868,0.00,19.84,world
802.63,2026-08-31 02:07:37,51.96,0.14,4019.40,-49.2,corridor,16.04,clear,18.186,6.868,0.00,21.67,world
803.13,2026-08-31 02:07:38,49.99,-0.38,4021.08,-49.2,corridor,16.06,clear,18.643,8.175,0.00,23.64,world
803.63,2026-08-31 02:07:38,48.02,-0.91,4022.78,-49.2,corridor,16.08,clear,18.643,8.175,0.00,25.73,world
804.13,2026-08-31 02:07:39,46.07,-1.13,4024.45,-49.2,corridor,16.10,clear,19.144,6.484,0.00,27.88,world
804.63,2026-08-31 02:07:39,44.17,-1.11,4026.09,-49.2,corridor,16.12,clear,19.144,6.484,0.08,30.04,world
805.13,2026-08-31 02:07:40,42.28,-1.06,4027.71,-49.2,corridor,16.14,clear,21.225,6.807,2.58,32.24,world
805.63,2026-08-31 02:07:40,40.39,-0.98,4029.33,-49.2,corridor,16.16,clear,21.225,6.807,5.06,34.47,world
806.13,2026-08-31 02:07:41,38.57,-0.75,4030.90,-49.2,corridor,16.18,clear,19.109,6.275,7.47,36.66,world
806.63,2026-08-31 02:07:41,36.78,-0.45,4032.45,-49.2,corridor,16.20,clear,19.109,6.275,9.84,38.84,world
807.13,2026-08-31 02:07:42,34.94,-0.26,4034.03,-49.2,corridor,16.22,clear,20.754,6.505,12.26,41.10,world
807.63,2026-08-31 02:07:42,33.04,-0.23,4035.66,-49.2,corridor,16.24,clear,20.754,6.505,14.76,43.45,world
808.13,2026-08-31 02:07:43,31.12,-0.30,4037.31,-49.2,corridor,16.26,clear,18.855,6.858,17.30,45.84,world
808.63,2026-08-31 02:07:43,29.19,-0.38,4038.97,-49.2,corridor,16.28,clear,18.855,6.858,19.84,48.25,world
809.13,2026-08-31 02:07:44,27.27,-0.47,4040.63,-49.2,corridor,16.30,clear,21.173,7.874,22.38,50.68,world
809.63,2026-08-31 02:07:44,25.34,-0.59,4042.29,-49.2,corridor,16.32,clear,21.173,7.874,24.93,53.12,world
810.13,2026-08-31 02:07:45,23.39,-0.80,4043.97,-49.2,corridor,16.34,clear,22.891,6.924,27.49,55.60,world
810.63,2026-08-31 02:07:45,21.44,-1.08,4045.65,-49.2,corridor,16.36,clear,22.891,6.924,30.07,58.09,world
811.13,2026-08-31 02:07:46,19.51,-1.24,4047.32,-49.2,corridor,16.38,clear,17.912,6.366,32.63,60.56,world
811.63,2026-08-31 02:07:46,17.64,-1.18,4048.93,-49.2,corridor,16.40,clear,17.912,6.366,35.10,59.51,world
812.13,2026-08-31 02:07:47,15.83,-0.97,4050.51,-49.2,corridor,16.42,clear,18.794,6.310,37.50,57.23,world
812.63,2026-08-31 02:07:47,14.03,-0.74,4052.07,-49.2,corridor,16.44,clear,18.794,6.310,39.88,54.98,world
813.13,2026-08-31 02:07:48,12.20,-0.58,4053.66,-49.2,corridor,16.46,clear,18.135,6.426,42.31,52.70,world
813.63,2026-08-31 02:07:48,10.35,-0.47,4055.27,-49.2,corridor,16.48,clear,18.135,6.426,44.76,50.41,world
814.13,2026-08-31 02:07:49,8.47,-0.43,4056.90,-49.2,corridor,16.50,clear,20.191,6.395,47.24,48.10,world
814.63,2026-08-31 02:07:49,6.59,-0.39,4058.52,-49.2,corridor,16.52,clear,20.191,6.395,49.73,45.82,world
815.13,2026-08-31 02:07:50,4.74,-0.29,4060.13,-49.2,corridor,16.54,clear,19.074,7.198,52.18,43.58,world
815.63,2026-08-31 02:07:50,2.88,-0.20,4061.75,-49.2,corridor,16.56,clear,19.074,7.198,54.64,41.36,world
816.13,2026-08-31 02:07:51,1.18,-0.21,4063.21,-49.2,corridor,16.58,clear,18.967,6.833,56.89,39.36,world
816.63,2026-08-31 02:07:51,-0.72,-0.37,4064.88,-49.2,corridor,16.60,clear,18.967,6.833,59.42,37.15,world
817.13,2026-08-31 02:07:52,-2.10,-0.57,4066.60,-49.3,corridor,16.62,clear,20.192,5.992,61.71,35.49,world
817.63,2026-08-31 02:07:52,-4.04,-0.79,4068.27,-49.3,corridor,16.64,clear,20.192,5.992,64.27,33.34,world
818.13,2026-08-31 02:07:53,-5.97,-0.92,4069.93,-49.3,corridor,16.66,clear,20.948,7.100,66.81,31.26,world
818.63,2026-08-31 02:07:53,-6.81,-0.94,4070.65,-49.3,corridor,16.68,clear,20.948,7.100,67.92,30.38,world
819.13,2026-08-31 02:07:54,-5.83,-0.95,4071.78,40.7,corridor,16.70,clear,22.055,7.596,69.42,31.33,world
819.63,2026-08-31 02:07:54,-4.38,-0.94,4073.66,-11.8,corridor,16.72,clear,22.055,7.596,71.82,32.81,world
820.13,2026-08-31 02:07:55,-5.53,-1.03,4074.73,-50.5,corridor,16.74,clear,23.569,7.056,73.41,31.73,world
820.63,2026-08-31 02:07:55,-4.79,-1.11,4076.33,-48.7,corridor,16.76,clear,23.569,7.056,75.30,32.64,world
821.13,2026-08-31 02:07:56,-6.77,-1.31,4077.94,-51.0,corridor,16.78,clear,21.548,10.085,77.86,30.79,world
821.63,2026-08-31 02:07:56,-8.76,-1.52,4079.55,-51.0,corridor,16.80,clear,21.548,10.085,0.00,28.82,world
822.13,2026-08-31 02:07:57,-10.73,-1.61,4081.14,-51.0,corridor,16.82,clear,22.709,8.405,0.00,26.93,world
822.63,2026-08-31 02:07:57,-12.90,-1.58,4082.77,-51.0,corridor,16.84,clear,22.709,8.405,0.00,24.98,world
823.13,2026-08-31 02:07:58,-13.60,-1.55,4083.34,-51.0,corridor,16.86,clear,19.476,7.304,0.00,24.51,world
823.63,2026-08-31 02:07:58,-13.03,-1.50,4084.05,39.0,corridor,16.88,clear,19.476,7.304,0.00,25.30,world
824.13,2026-08-31 02:07:59,-14.85,-1.40,4085.52,-51.3,corridor,16.90,clear,18.304,6.820,0.00,24.25,world
824.63,2026-08-31 02:07:59,-16.77,-1.30,4087.06,-51.2,corridor,16.92,clear,18.304,6.820,0.00,23.35,world
825.13,2026-08-31 02:08:00,-18.64,-1.25,4088.51,-51.2,corridor,16.94,clear,19.608,7.502,0.00,22.66,world
825.63,2026-08-31 02:08:00,-18.44,-1.26,4088.35,-114.3,corridor,16.96,clear,19.608,7.502,0.00,22.72,world
826.13,2026-08-31 02:08:01,-16.61,-1.31,4086.88,76.2,corridor,16.98,clear,19.755,7.435,0.00,23.39,world
826.63,2026-08-31 02:08:01,-17.56,-1.24,4088.20,38.8,corridor,17.00,clear,19.755,7.435,0.00,23.21,world
827.13,2026-08-31 02:08:02,-16.08,-0.97,4090.04,38.8,corridor,17.02,clear,20.730,7.590,0.00,25.27,world
827.63,2026-08-31 02:08:02,-16.83,-0.75,4092.16,-52.6,corridor,17.04,clear,20.730,7.590,0.00,26.00,world
828.13,2026-08-31 02:08:03,-18.79,-0.64,4093.66,-52.6,corridor,17.06,clear,19.269,6.649,0.00,25.82,world
828.63,2026-08-31 02:08:03,-20.68,-0.39,4095.11,-52.6,corridor,17.08,clear,19.269,6.649,0.00,25.91,world
829.13,2026-08-31 02:08:04,-22.49,0.02,4096.48,-52.6,corridor,17.10,clear,23.896,10.292,0.00,26.20,world
829.63,2026-08-31 02:08:04,-24.24,0.49,4097.83,-52.6,corridor,17.12,clear,23.896,10.292,0.00,26.67,world
830.13,2026-08-31 02:08:05,-26.05,0.89,4099.21,-52.6,corridor,17.14,clear,19.160,6.879,0.00,27.91,world
830.63,2026-08-31 02:08:05,-27.88,1.23,4100.62,-52.6,corridor,17.16,clear,19.160,6.879,0.00,29.33,world
831.13,2026-08-31 02:08:06,-29.71,1.57,4102.03,-52.6,corridor,17.18,clear,18.837,7.004,1.32,30.85,world
831.63,2026-08-31 02:08:06,-31.59,1.83,4103.47,-52.6,corridor,17.20,clear,18.837,7.004,0.00,29.16,world
832.13,2026-08-31 02:08:07,-33.48,2.05,4104.92,-52.6,corridor,17.22,clear,19.277,6.925,0.00,27.00,world
832.63,2026-08-31 02:08:07,-35.38,2.26,4106.38,-52.6,corridor,17.24,clear,19.277,6.925,0.00,24.88,world
833.13,2026-08-31 02:08:08,-37.27,2.49,4107.83,-52.6,corridor,17.26,clear,19.737,8.477,0.00,22.83,world
833.63,2026-08-31 02:08:08,-39.15,2.73,4109.27,-52.6,corridor,17.28,clear,19.737,8.477,0.00,20.86,world
834.13,2026-08-31 02:08:09,-41.04,2.96,4110.72,-52.6,corridor,17.30,clear,18.671,7.256,0.00,18.97,world
834.63,2026-08-31 02:08:09,-42.97,3.13,4112.19,-52.6,corridor,17.32,clear,18.671,7.256,0.00,17.18,world
835.13,2026-08-31 02:08:10,-44.90,3.25,4113.67,-52.6,corridor,17.34,clear,18.708,7.885,0.00,15.54,world
835.63,2026-08-31 02:08:10,-46.88,3.28,4115.18,-52.6,corridor,17.36,clear,18.708,7.885,0.00,14.10,world
836.13,2026-08-31 02:08:11,-48.91,3.13,4116.72,-52.6,corridor,17.38,clear,18.563,8.308,0.00,12.97,world
836.63,2026-08-31 02:08:11,-50.94,2.93,4118.27,-52.6,corridor,17.40,clear,18.563,8.308,0.00,12.27,world
837.13,2026-08-31 02:08:12,-52.66,2.76,4119.58,-52.6,corridor,17.42,clear,18.696,7.108,0.00,12.07,world
837.63,2026-08-31 02:08:12,-51.83,2.77,4120.73,37.1,corridor,17.44,clear,18.696,7.108,0.00,13.48,world
838.13,2026-08-31 02:08:13,-50.34,2.82,4122.70,37.1,corridor,17.46,clear,17.767,7.218,0.00,15.95,world
838.63,2026-08-31 02:08:13,-48.85,2.87,4124.68,37.1,corridor,17.48,clear,17.767,7.218,0.00,16.89,world
839.13,2026-08-31 02:08:14,-50.03,2.62,4126.17,-55.7,corridor,17.50,clear,21.090,8.159,0.00,15.08,world
839.63,2026-08-31 02:08:14,-52.10,2.32,4127.57,-55.7,corridor,17.52,clear,21.090,8.159,0.00,12.57,world
840.13,2026-08-31 02:08:15,-54.23,2.02,4129.02,-55.7,corridor,17.54,clear,20.814,7.630,0.00,9.99,world
840.63,2026-08-31 02:08:15,-56.37,1.70,4130.47,-55.7,corridor,17.56,clear,20.814,7.630,0.00,7.41,world
841.13,2026-08-31 02:08:16,-58.49,1.43,4131.92,-55.7,corridor,17.58,clear,19.087,7.236,0.00,4.84,world
841.63,2026-08-31 02:08:16,-60.62,1.21,4133.33,-55.7,corridor,17.60,clear,19.087,7.236,0.00,2.29,world
842.13,2026-08-31 02:08:17,-62.09,1.12,4133.94,-55.6,corridor,17.62,clear,19.816,7.395,0.00,0.76,world
842.63,2026-08-31 02:08:17,-62.45,1.19,4133.43,-145.6,corridor,17.64,clear,19.816,7.395,0.00,1.13,world
843.13,2026-08-31 02:08:18,-63.81,1.39,4131.44,-145.6,corridor,17.66,clear,18.297,7.710,0.00,3.35,world
843.63,2026-08-31 02:08:18,-65.65,1.24,4131.69,-53.5,corridor,17.68,clear,18.297,7.710,0.00,4.21,world
844.13,2026-08-31 02:08:19,-67.73,0.89,4133.23,-53.5,corridor,17.70,clear,24.548,8.474,0.00,5.34,world
844.63,2026-08-31 02:08:19,-69.64,0.71,4134.09,-53.3,corridor,17.72,clear,24.548,8.474,0.00,7.10,world
845.13,2026-08-31 02:08:20,-71.69,0.52,4135.61,-53.2,corridor,17.74,clear,20.102,6.658,0.00,5.32,world
845.63,2026-08-31 02:08:20,-79.56,0.04,4139.48,69.9,corridor,17.76,clear,20.102,6.658,0.00,6.84,combat
846.13,2026-08-31 02:08:21,-79.56,0.04,4139.48,69.9,corridor,17.78,clear,25.751,12.439,0.00,5.86,combat
846.63,2026-08-31 02:08:21,-81.06,-0.19,4140.64,-52.2,corridor,17.80,clear,25.751,12.439,0.00,2.65,combat_aim
847.13,2026-08-31 02:08:22,-82.47,-0.37,4141.72,-52.2,corridor,17.82,clear,21.315,7.431,0.00,1.05,combat_aim
847.63,2026-08-31 02:08:22,-84.33,-0.52,4141.70,-51.5,corridor,17.84,clear,21.315,7.431,0.00,1.98,combat_aim
848.13,2026-08-31 02:08:23,-86.36,-0.99,4143.31,-51.5,corridor,17.86,clear,21.100,10.577,0.00,3.41,combat_aim
848.63,2026-08-31 02:08:23,-88.39,-1.44,4144.92,-51.5,corridor,17.88,clear,21.100,10.577,0.00,4.03,combat_aim
849.13,2026-08-31 02:08:24,-90.42,-1.87,4146.53,-51.5,corridor,17.90,clear,21.565,7.829,0.00,5.38,combat_aim
849.63,2026-08-31 02:08:24,-92.44,-2.45,4148.14,-51.4,corridor,17.92,clear,21.565,7.829,0.00,7.99,combat_aim
850.13,2026-08-31 02:08:25,-94.45,-3.22,4149.73,-51.4,corridor,17.94,clear,20.844,7.923,0.00,9.93,combat_aim
850.63,2026-08-31 02:08:25,-94.51,-3.40,4150.63,31.1,corridor,17.96,clear,20.844,7.923,0.00,8.81,combat_aim
851.13,2026-08-31 02:08:26,-94.05,-3.40,4151.26,-52.6,corridor,17.98,clear,19.973,7.876,0.00,7.12,combat_aim
851.63,2026-08-31 02:08:26,-95.25,-3.34,4149.49,-142.6,corridor,18.00,clear,19.973,7.876,0.00,5.16,combat_aim
852.13,2026-08-31 02:08:27,-96.65,-3.37,4148.02,-49.3,corridor,18.02,clear,19.029,7.949,0.00,4.26,combat_aim
852.63,2026-08-31 02:08:27,-97.33,-3.41,4147.26,-139.3,corridor,18.04,clear,19.029,7.949,0.00,3.50,combat_aim
853.13,2026-08-31 02:08:28,-99.00,-3.52,4145.33,-139.3,corridor,18.06,clear,21.281,7.376,0.00,5.15,combat_aim
853.63,2026-08-31 02:08:28,-100.68,-3.65,4143.51,-97.3,corridor,18.08,clear,21.281,7.376,0.00,6.01,combat_aim
854.13,2026-08-31 02:08:29,-102.49,-4.17,4145.13,-44.5,corridor,18.10,clear,19.792,7.374,0.00,4.97,combat_aim
854.63,2026-08-31 02:08:29,-104.30,-4.52,4146.98,-44.5,corridor,18.12,clear,19.792,7.374,0.00,4.76,combat_aim
855.13,2026-08-31 02:08:30,-106.11,-4.84,4148.82,-44.5,corridor,18.14,clear,21.068,9.876,0.00,5.14,combat_aim
855.63,2026-08-31 02:08:30,-107.75,-5.22,4150.49,-44.4,corridor,18.16,clear,21.068,9.876,0.00,6.87,combat_aim
856.13,2026-08-31 02:08:31,-109.57,-5.68,4152.34,-44.4,corridor,18.18,clear,22.485,8.326,0.00,9.38,combat_aim
856.63,2026-08-31 02:08:32,-111.40,-5.90,4153.61,-44.0,corridor,18.20,clear,21.636,406.516,0.00,10.51,world
857.13,2026-08-31 02:08:32,-113.15,-6.00,4155.44,-44.0,corridor,18.22,clear,21.636,406.516,0.00,11.23,world
857.63,2026-08-31 02:08:33,-114.85,-5.87,4157.19,-44.0,corridor,18.24,clear,17.538,5.846,0.00,11.87,world
858.13,2026-08-31 02:08:33,-116.45,-5.54,4158.86,-44.1,corridor,18.26,clear,17.538,5.846,0.00,13.94,world
858.63,2026-08-31 02:08:34,-118.01,-5.12,4160.48,-44.1,the_long_water,18.28,clear,21.433,362.088,0.00,16.17,world
859.13,2026-08-31 02:08:35,-119.55,-4.69,4162.09,-44.1,the_long_water,18.30,clear,21.433,362.088,0.00,18.40,world
859.63,2026-08-31 02:08:35,-121.16,-4.37,4163.75,-44.1,the_long_water,18.32,clear,19.447,5.682,0.00,20.71,world
860.13,2026-08-31 02:08:36,-122.82,-4.16,4165.48,-44.1,the_long_water,18.34,clear,19.447,5.682,0.00,19.64,world
860.63,2026-08-31 02:08:36,-124.48,-3.93,4167.19,-44.1,the_long_water,18.36,clear,18.422,5.682,0.00,17.38,world
861.13,2026-08-31 02:08:37,-126.08,-3.59,4168.85,-44.1,the_long_water,18.38,clear,18.422,5.682,0.00,15.22,world
861.63,2026-08-31 02:08:37,-127.64,-3.18,4170.47,-44.1,the_long_water,18.40,clear,19.626,5.763,0.00,13.16,world
862.13,2026-08-31 02:08:38,-129.28,-2.91,4172.16,-44.1,the_long_water,18.42,clear,19.626,5.763,0.00,11.09,world
862.63,2026-08-31 02:08:38,-131.01,-2.91,4173.95,-44.1,the_long_water,18.44,clear,20.181,6.595,0.00,9.05,world
863.13,2026-08-31 02:08:39,-132.78,-3.04,4175.77,-44.1,the_long_water,18.46,clear,20.181,6.595,0.00,7.26,world
863.63,2026-08-31 02:08:39,-134.54,-3.10,4177.59,-44.1,the_long_water,18.48,clear,20.319,29.614,0.00,6.04,world
864.13,2026-08-31 02:08:40,-136.30,-3.18,4179.40,-44.1,the_long_water,18.50,clear,20.319,29.614,0.00,5.75,world
864.63,2026-08-31 02:08:40,-138.09,-3.47,4181.25,-44.1,the_long_water,18.52,clear,18.665,5.935,0.00,6.53,world
865.13,2026-08-31 02:08:41,-139.92,-3.78,4182.89,-43.6,the_long_water,18.54,clear,18.665,5.935,0.00,7.89,world
865.63,2026-08-31 02:08:41,-141.76,-3.55,4184.74,-43.3,the_long_water,18.56,clear,17.651,6.106,0.00,9.90,world
866.13,2026-08-31 02:08:42,-143.19,-2.99,4186.28,-43.4,the_long_water,18.58,clear,17.651,6.106,0.00,11.73,world
866.63,2026-08-31 02:08:42,-144.59,-2.39,4187.78,-43.5,the_long_water,18.60,clear,21.085,7.998,0.00,13.58,world
867.13,2026-08-31 02:08:43,-145.92,-2.01,4189.37,-44.1,the_long_water,18.62,clear,21.085,7.998,0.00,15.54,world
867.63,2026-08-31 02:08:43,-147.32,-2.02,4191.23,-47.0,the_long_water,18.64,clear,17.608,5.795,0.00,17.81,world
868.15,2026-08-31 02:08:44,-149.18,-2.00,4192.96,-47.0,the_long_water,18.66,clear,17.608,5.795,0.00,20.17,world
868.87,2026-08-31 02:08:44,-149.29,-2.00,4193.07,-47.0,the_long_water,18.69,clear,19.952,346.881,0.00,20.31,world
869.63,2026-08-31 02:08:45,-149.29,-2.00,4193.07,-47.0,the_long_water,18.72,clear,17.308,6.643,0.00,20.31,world
870.37,2026-08-31 02:08:46,-149.29,-2.00,4193.07,-47.0,the_long_water,18.75,clear,17.367,6.849,0.00,20.31,world
871.12,2026-08-31 02:08:47,-149.29,-2.00,4193.07,-47.0,the_long_water,18.78,clear,17.038,6.309,0.00,20.31,world
871.87,2026-08-31 02:08:47,-149.29,-2.00,4193.07,-47.0,the_long_water,18.81,clear,17.038,6.309,0.00,20.31,world
872.37,2026-08-31 02:08:48,-149.29,-2.00,4193.07,-47.0,the_long_water,18.83,clear,16.394,7.038,0.00,20.31,menu_map
872.98,2026-08-31 02:08:48,-149.29,-2.00,4193.07,-47.0,the_long_water,18.83,clear,16.394,7.038,0.00,20.31,menu_save
873.48,2026-08-31 02:08:49,-149.29,-2.00,4193.07,-47.0,the_long_water,18.83,clear,192.057,4.539,0.00,20.31,menu_save
873.98,2026-08-31 02:08:49,-149.29,-2.00,4193.07,-47.0,the_long_water,18.83,clear,192.057,4.539,0.00,20.31,menu_save
874.48,2026-08-31 02:08:50,-149.29,-2.00,4193.07,-47.0,the_long_water,18.83,clear,23.055,3.362,0.00,20.31,menu_save
874.98,2026-08-31 02:08:51,-149.29,-2.00,4193.07,-47.0,the_long_water,18.83,clear,23.055,3.362,0.00,20.31,menu_save
875.48,2026-08-31 02:08:51,-149.29,-2.00,4193.07,-47.0,the_long_water,18.83,clear,23.390,3.016,0.00,20.31,menu_save
