# Original Tetherbound Veilfall mesh. See source/generate_waterfall.py.
o fall_threads
v -3.965528 4.650000 -0.790000
v -3.895364 4.650000 -0.832426
v -3.825200 4.650000 -0.850000
v -3.755036 4.650000 -0.832426
v -3.684872 4.650000 -0.790000
v -3.959483 4.644944 -0.906067
v -3.889853 4.644944 -0.957134
v -3.820223 4.644944 -0.981731
v -3.750593 4.644944 -0.972038
v -3.680963 4.644944 -0.936935
v -3.953268 4.629825 -1.019765
v -3.884091 4.629825 -1.083797
v -3.814915 4.629825 -1.110762
v -3.745738 4.629825 -1.111348
v -3.676561 4.629825 -1.077807
v -3.947192 4.604787 -1.132048
v -3.878313 4.604787 -1.211943
v -3.809434 4.604787 -1.236003
v -3.740556 4.604787 -1.248070
v -3.671677 4.604787 -1.209743
v -3.941505 4.570074 -1.243857
v -3.872726 4.570074 -1.340796
v -3.803947 4.570074 -1.356504
v -3.735167 4.570074 -1.379916
v -3.666388 4.570074 -1.330412
v -3.936383 4.526017 -1.355981
v -3.867500 4.526017 -1.469245
v -3.798617 4.526017 -1.471446
v -3.729735 4.526017 -1.504685
v -3.660852 4.526017 -1.438121
v -3.931918 4.473043 -1.468909
v -3.862764 4.473043 -1.595843
v -3.793611 4.473043 -1.580131
v -3.724457 4.473043 -1.620350
v -3.655303 4.473043 -1.531882
v -3.928134 4.411661 -1.582718
v -3.858610 4.411661 -1.718823
v -3.789085 4.411661 -1.681958
v -3.719561 4.411661 -1.725134
v -3.650037 4.411661 -1.611430
v -3.924998 4.342462 -1.696977
v -3.855095 4.342462 -1.836147
v -3.785193 4.342462 -1.776404
v -3.715291 4.342462 -1.817578
v -3.645388 4.342462 -1.677200
v -3.922449 4.266113 -1.810697
v -3.852261 4.266113 -1.945569
v -3.782073 4.266113 -1.862994
v -3.711886 4.266113 -1.896593
v -3.641698 4.266113 -1.730260
v -3.920426 4.183349 -1.922305
v -3.850139 4.183349 -2.044724
v -3.779853 4.183349 -1.941282
v -3.709567 4.183349 -1.961492
v -3.639280 4.183349 -1.772205
v -3.918895 4.094967 -2.029675
v -3.848769 4.094967 -2.131229
v -3.778642 4.094967 -2.010820
v -3.708516 4.094967 -2.012000
v -3.638389 4.094967 -1.805020
v -3.917871 4.001818 -2.123300
v -3.848202 4.001818 -2.193673
v -3.778533 4.001818 -2.073078
v -3.708864 4.001818 -2.050577
v -3.639195 4.001818 -1.846202
v -3.917426 3.904799 -2.200637
v -3.848511 3.904799 -2.238002
v -3.779596 3.904799 -2.124688
v -3.710681 3.904799 -2.078532
v -3.641766 3.904799 -1.885539
v -3.917695 3.804845 -2.260314
v -3.849788 3.804845 -2.264894
v -3.781881 3.804845 -2.164611
v -3.713974 3.804845 -2.096057
v -3.646067 3.804845 -1.921061
v -3.918858 3.702918 -2.300813
v -3.852136 3.702918 -2.274272
v -3.785414 3.702918 -2.192197
v -3.718693 3.702918 -2.103485
v -3.651971 3.702918 -1.952312
v -3.921124 3.600000 -2.321022
v -3.855661 3.600000 -2.266389
v -3.790198 3.600000 -2.206903
v -3.724736 3.600000 -2.101157
v -3.659273 3.600000 -1.978585
v -3.924699 3.493333 -2.326819
v -3.860455 3.493333 -2.248359
v -3.796211 3.493333 -2.214847
v -3.731967 3.493333 -2.095942
v -3.667724 3.493333 -2.005493
v -3.929755 3.386667 -2.324495
v -3.866581 3.386667 -2.227520
v -3.803407 3.386667 -2.222225
v -3.740232 3.386667 -2.094614
v -3.677058 3.386667 -2.038397
v -3.936404 3.280000 -2.314157
v -3.874060 3.280000 -2.204791
v -3.811715 3.280000 -2.228719
v -3.749371 3.280000 -2.097237
v -3.687027 3.280000 -2.075858
v -3.944667 3.173333 -2.296268
v -3.882856 3.173333 -2.181182
v -3.821045 3.173333 -2.234054
v -3.759234 3.173333 -2.103705
v -3.697423 3.173333 -2.116239
v -3.954467 3.066667 -2.271629
v -3.892875 3.066667 -2.157742
v -3.831282 3.066667 -2.238007
v -3.769690 3.066667 -2.113746
v -3.708097 3.066667 -2.157779
v -3.965625 2.960000 -2.241337
v -3.903960 2.960000 -2.135518
v -3.842294 2.960000 -2.240422
v -3.780628 2.960000 -2.126937
v -3.718962 2.960000 -2.198670
v -3.977872 2.853333 -2.206745
v -3.915900 2.853333 -2.115508
v -3.853929 2.853333 -2.241213
v -3.791957 2.853333 -2.142719
v -3.729985 2.853333 -2.237135
v -3.990868 2.746667 -2.169397
v -3.928445 2.746667 -2.098615
v -3.866022 2.746667 -2.240370
v -3.803599 2.746667 -2.160421
v -3.741176 2.746667 -2.271509
v -4.004235 2.640000 -2.130963
v -3.941315 2.640000 -2.085609
v -3.878395 2.640000 -2.237957
v -3.815474 2.640000 -2.179295
v -3.752554 2.640000 -2.300309
v -4.017591 2.533333 -2.093161
v -3.954226 2.533333 -2.077093
v -3.890860 2.533333 -2.234114
v -3.827494 2.533333 -2.198543
v -3.764128 2.533333 -2.322301
v -4.030584 2.426667 -2.057689
v -3.966904 2.426667 -2.073477
v -3.903223 2.426667 -2.229043
v -3.839543 2.426667 -2.217355
v -3.775863 2.426667 -2.336556
v -4.042915 2.320000 -2.026145
v -3.979102 2.320000 -2.074959
v -3.915289 2.320000 -2.223007
v -3.851475 2.320000 -2.234943
v -3.787662 2.320000 -2.342485
v -4.054364 2.213333 -1.999958
v -3.990611 2.213333 -2.081518
v -3.926859 2.213333 -2.216314
v -3.863106 2.213333 -2.250577
v -3.799353 2.213333 -2.339872
v -4.064793 2.106667 -1.980324
v -4.001266 2.106667 -2.092910
v -3.937740 2.106667 -2.209306
v -3.874214 2.106667 -2.263618
v -3.810687 2.106667 -2.328877
v -4.074140 2.000000 -1.968158
v -4.010944 2.000000 -2.108688
v -3.947747 2.000000 -2.202339
v -3.884550 2.000000 -2.273543
v -3.821353 2.000000 -2.310035
v -4.082409 1.893333 -1.964047
v -4.019556 1.893333 -2.128210
v -3.956703 1.893333 -2.195775
v -3.893849 1.893333 -2.279970
v -3.830996 1.893333 -2.284227
v -4.089637 1.786667 -1.968231
v -4.027041 1.786667 -2.150678
v -3.964444 1.786667 -2.189960
v -3.901848 1.786667 -2.282673
v -3.839251 1.786667 -2.252645
v -4.095875 1.680000 -1.980587
v -4.033350 1.680000 -2.175166
v -3.970825 1.680000 -2.185211
v -3.908300 1.680000 -2.281598
v -3.845774 1.680000 -2.216739
v -4.101151 1.573333 -2.000637
v -4.038433 1.573333 -2.200663
v -3.975715 1.573333 -2.181803
v -3.912998 1.573333 -2.276855
v -3.850280 1.573333 -2.178151
v -4.105454 1.466667 -2.027571
v -4.042231 1.466667 -2.226118
v -3.979009 1.466667 -2.179953
v -3.915786 1.466667 -2.268722
v -3.852564 1.466667 -2.138646
v -4.108714 1.360000 -2.060276
v -4.044667 1.360000 -2.250486
v -3.980620 1.360000 -2.179816
v -3.916573 1.360000 -2.257630
v -3.852526 1.360000 -2.100033
v -4.110801 1.253333 -2.097393
v -4.045645 1.253333 -2.272772
v -3.980488 1.253333 -2.181475
v -3.915332 1.253333 -2.244143
v -3.850175 1.253333 -2.064085
v -4.111537 1.146667 -2.137372
v -4.045058 1.146667 -2.292078
v -3.978580 1.146667 -2.184937
v -3.912101 1.146667 -2.228933
v -3.845622 1.146667 -2.032462
v -4.110709 1.040000 -2.178539
v -4.042797 1.040000 -2.307639
v -3.974885 1.040000 -2.190134
v -3.906973 1.040000 -2.212753
v -3.839061 1.040000 -2.006637
v -4.108104 0.933333 -2.219174
v -4.038764 0.933333 -2.318860
v -3.969424 0.933333 -2.196926
v -3.900084 0.933333 -2.196402
v -3.830744 0.933333 -1.987833
v -4.103535 0.826667 -2.257583
v -4.032888 0.826667 -2.325338
v -3.962240 0.826667 -2.205106
v -3.891593 0.826667 -2.180689
v -3.820946 0.826667 -1.976967
v -4.096878 0.720000 -2.292173
v -4.025142 0.720000 -2.326886
v -3.953406 0.720000 -2.214409
v -3.881670 0.720000 -2.166400
v -3.809934 0.720000 -1.974613
v -4.088093 0.613333 -2.321524
v -4.015555 0.613333 -2.323533
v -3.943017 0.613333 -2.224526
v -3.870479 0.613333 -2.154263
v -3.797941 0.613333 -1.980973
v -4.077246 0.506667 -2.344449
v -4.004220 0.506667 -2.315529
v -3.931194 0.506667 -2.235114
v -3.858168 0.506667 -2.144912
v -3.785143 0.506667 -1.995869
v -4.064507 0.400000 -2.360047
v -3.991293 0.400000 -2.303334
v -3.918078 0.400000 -2.245816
v -3.844864 0.400000 -2.138866
v -3.771650 0.400000 -2.018754
v -4.050148 0.293333 -2.367743
v -3.976990 0.293333 -2.287592
v -3.903832 0.293333 -2.256272
v -3.830674 0.293333 -2.136500
v -3.757516 0.293333 -2.048733
v -4.034517 0.186667 -2.367312
v -3.961576 0.186667 -2.269110
v -3.888634 0.186667 -2.266135
v -3.815692 0.186667 -2.138033
v -3.742750 0.186667 -2.084603
v -4.018014 0.080000 -2.358892
v -3.945346 0.080000 -2.248817
v -3.872677 0.080000 -2.275090
v -3.800009 0.080000 -2.143514
v -3.727340 0.080000 -2.124904
v -4.001049 -0.026667 -2.342973
v -3.928608 -0.026667 -2.227726
v -3.856168 -0.026667 -2.282866
v -3.783727 -0.026667 -2.152824
v -3.711286 -0.026667 -2.167988
v -3.984012 -0.133333 -2.320381
v -3.911665 -0.133333 -2.206890
v -3.839318 -0.133333 -2.289245
v -3.766971 -0.133333 -2.165679
v -3.694625 -0.133333 -2.212087
v -3.967238 -0.240000 -2.292237
v -3.894792 -0.240000 -2.187352
v -3.822347 -0.240000 -2.294076
v -3.749902 -0.240000 -2.181644
v -3.677457 -0.240000 -2.255392
v -3.950987 -0.346667 -2.259909
v -3.878231 -0.346667 -2.170104
v -3.805475 -0.346667 -2.297280
v -3.732718 -0.346667 -2.200149
v -3.659962 -0.346667 -2.296133
v -3.935436 -0.453333 -2.224956
v -3.862177 -0.453333 -2.156040
v -3.788918 -0.453333 -2.298852
v -3.715659 -0.453333 -2.220518
v -3.642400 -0.453333 -2.332657
v -3.920675 -0.560000 -2.189052
v -3.846783 -0.560000 -2.145918
v -3.772890 -0.560000 -2.298863
v -3.698997 -0.560000 -2.241996
v -3.625105 -0.560000 -2.363498
v -3.906729 -0.666667 -2.153920
v -3.832162 -0.666667 -2.140326
v -3.757595 -0.666667 -2.297457
v -3.683028 -0.666667 -2.263783
v -3.608460 -0.666667 -2.387445
v -3.893575 -0.773333 -2.121250
v -3.818399 -0.773333 -2.139658
v -3.743224 -0.773333 -2.294843
v -3.668048 -0.773333 -2.285069
v -3.592872 -0.773333 -2.403594
v -3.881180 -0.880000 -2.092629
v -3.805567 -0.880000 -2.144095
v -3.729955 -0.880000 -2.291287
v -3.654342 -0.880000 -2.305071
v -3.578729 -0.880000 -2.411387
v -3.869524 -0.986667 -2.069470
v -3.793735 -0.986667 -2.153596
v -3.717947 -0.986667 -2.287100
v -3.642159 -0.986667 -2.323065
v -3.566370 -0.986667 -2.410635
v -3.858631 -1.093333 -2.052949
v -3.782986 -1.093333 -2.167904
v -3.707341 -1.093333 -2.282625
v -3.631695 -1.093333 -2.338418
v -3.556050 -1.093333 -2.401532
v -3.848585 -1.200000 -2.043955
v -3.773419 -1.200000 -2.186551
v -3.698253 -1.200000 -2.278222
v -3.623087 -1.200000 -2.350619
v -3.547921 -1.200000 -2.384639
v -3.839536 -1.306667 -2.043049
v -3.765157 -1.306667 -2.208884
v -3.690778 -1.306667 -2.274250
v -3.616399 -1.306667 -2.359297
v -3.542021 -1.306667 -2.360865
v -3.831693 -1.413333 -2.050440
v -3.758339 -1.413333 -2.234094
v -3.684985 -1.413333 -2.271054
v -3.611631 -1.413333 -2.364243
v -3.538277 -1.413333 -2.331425
v -3.825305 -1.520000 -2.065978
v -3.753111 -1.520000 -2.261245
v -3.680916 -1.520000 -2.268947
v -3.608722 -1.520000 -2.365411
v -3.536527 -1.520000 -2.297786
v -3.820634 -1.626667 -2.089158
v -3.749611 -1.626667 -2.289321
v -3.678588 -1.626667 -2.268200
v -3.607565 -1.626667 -2.362929
v -3.536542 -1.626667 -2.261603
v -3.817917 -1.733333 -2.119142
v -3.747954 -1.733333 -2.317272
v -3.677990 -1.733333 -2.269026
v -3.608027 -1.733333 -2.357086
v -3.538064 -1.733333 -2.224647
v -3.817337 -1.840000 -2.154798
v -3.748212 -1.840000 -2.344053
v -3.679087 -1.840000 -2.271576
v -3.609962 -1.840000 -2.348324
v -3.540837 -1.840000 -2.188727
v -3.818989 -1.946667 -2.194748
v -3.750403 -1.946667 -2.368676
v -3.681816 -1.946667 -2.275924
v -3.613230 -1.946667 -2.337217
v -3.544643 -1.946667 -2.155611
v -3.822863 -2.053333 -2.237429
v -3.754478 -2.053333 -2.390253
v -3.686093 -2.053333 -2.282073
v -3.617707 -2.053333 -2.324445
v -3.549322 -2.053333 -2.126945
v -3.828834 -2.160000 -2.281161
v -3.760321 -2.160000 -2.408030
v -3.691808 -2.160000 -2.289948
v -3.623295 -2.160000 -2.310766
v -3.554783 -2.160000 -2.104185
v -3.836670 -2.266667 -2.324224
v -3.767753 -2.266667 -2.421427
v -3.698835 -2.266667 -2.299404
v -3.629918 -2.266667 -2.296980
v -3.561000 -2.266667 -2.088531
v -3.846052 -2.373333 -2.364928
v -3.776540 -2.373333 -2.430059
v -3.707027 -2.373333 -2.310228
v -3.637514 -2.373333 -2.283897
v -3.568002 -2.373333 -2.080875
v -3.856603 -2.480000 -2.401692
v -3.786413 -2.480000 -2.433755
v -3.716223 -2.480000 -2.322152
v -3.646032 -2.480000 -2.272299
v -3.575842 -2.480000 -2.081760
v -3.867925 -2.586667 -2.433113
v -3.797087 -2.586667 -2.432561
v -3.726248 -2.586667 -2.334864
v -3.655409 -2.586667 -2.262907
v -3.584570 -2.586667 -2.091359
v -3.879639 -2.693333 -2.458025
v -3.808279 -2.693333 -2.426747
v -3.736919 -2.693333 -2.348019
v -3.665560 -2.693333 -2.256348
v -3.594200 -2.693333 -2.109464
v -3.891417 -2.800000 -2.475551
v -3.819732 -2.800000 -2.416785
v -3.748048 -2.800000 -2.361259
v -3.676364 -2.800000 -2.253129
v -3.604680 -2.800000 -2.135499
v -3.903006 -2.906667 -2.485143
v -3.831224 -2.906667 -2.403337
v -3.759442 -2.906667 -2.374223
v -3.687660 -2.906667 -2.253613
v -3.615877 -2.906667 -2.168542
v -3.914247 -3.013333 -2.486608
v -3.842578 -3.013333 -2.387218
v -3.770908 -3.013333 -2.386569
v -3.699239 -3.013333 -2.258007
v -3.627570 -3.013333 -2.207367
v -3.925066 -3.120000 -2.480108
v -3.853663 -3.120000 -2.369368
v -3.782260 -3.120000 -2.397984
v -3.710857 -3.120000 -2.266345
v -3.639453 -3.120000 -2.250498
v -3.935466 -3.226667 -2.466165
v -3.864390 -3.226667 -2.350803
v -3.793315 -3.226667 -2.408199
v -3.722239 -3.226667 -2.278496
v -3.651163 -3.226667 -2.296274
v -3.945500 -3.333333 -2.445628
v -3.874701 -3.333333 -2.332577
v -3.803902 -3.333333 -2.417002
v -3.733103 -3.333333 -2.294162
v -3.662304 -3.333333 -2.342920
v -3.955237 -3.440000 -2.419639
v -3.884550 -3.440000 -2.315731
v -3.813863 -3.440000 -2.424250
v -3.743177 -3.440000 -2.312897
v -3.672490 -3.440000 -2.388628
v -3.964732 -3.546667 -2.389587
v -3.893894 -3.546667 -2.301251
v -3.823056 -3.546667 -2.429866
v -3.752218 -3.546667 -2.334122
v -3.681380 -3.546667 -2.431635
v -3.973995 -3.653333 -2.357039
v -3.902675 -3.653333 -2.290020
v -3.831355 -3.653333 -2.433854
v -3.760035 -3.653333 -2.357153
v -3.688715 -3.653333 -2.470298
v -3.982970 -3.760000 -2.323678
v -3.910812 -3.760000 -2.282786
v -3.838654 -3.760000 -2.436290
v -3.766497 -3.760000 -2.381229
v -3.694339 -3.760000 -2.503172
v -3.991527 -3.866667 -2.291225
v -3.918199 -3.866667 -2.280121
v -3.844871 -3.866667 -2.437322
v -3.771543 -3.866667 -2.405550
v -3.698215 -3.866667 -2.529068
v -3.999467 -3.973333 -2.261367
v -3.924705 -3.973333 -2.282402
v -3.849943 -3.973333 -2.437166
v -3.775181 -3.973333 -2.429306
v -3.700419 -3.973333 -2.547108
v -4.006540 -4.080000 -2.235678
v -3.930186 -4.080000 -2.289793
v -3.853833 -4.080000 -2.436092
v -3.777480 -4.080000 -2.451717
v -3.701127 -4.080000 -2.556763
v -4.012475 -4.186667 -2.215555
v -3.934501 -4.186667 -2.302236
v -3.856528 -4.186667 -2.434414
v -3.778554 -4.186667 -2.472065
v -3.700581 -4.186667 -2.557875
v -4.017015 -4.293333 -2.202153
v -3.937526 -4.293333 -2.319455
v -3.858037 -4.293333 -2.432476
v -3.778548 -4.293333 -2.489727
v -3.699059 -4.293333 -2.550667
v -4.019954 -4.400000 -2.196334
v -3.939174 -4.400000 -2.340967
v -3.858394 -4.400000 -2.430638
v -3.777614 -4.400000 -2.504202
v -3.696834 -4.400000 -2.535729
v -4.021169 -4.506667 -2.198633
v -3.939413 -4.506667 -2.366108
v -3.857656 -4.506667 -2.429260
v -3.775899 -4.506667 -2.515131
v -3.694142 -4.506667 -2.513998
v -4.020645 -4.613333 -2.209232
v -3.938272 -4.613333 -2.394052
v -3.855899 -4.613333 -2.428684
v -3.773526 -4.613333 -2.522318
v -3.691154 -4.613333 -2.486708
v -4.018482 -4.720000 -2.227949
v -3.935852 -4.720000 -2.423860
v -3.853223 -4.720000 -2.429221
v -3.770593 -4.720000 -2.525731
v -3.687963 -4.720000 -2.455346
v -4.014890 -4.826667 -2.254253
v -3.932315 -4.826667 -2.454509
v -3.849740 -4.826667 -2.431137
v -3.767165 -4.826667 -2.525511
v -3.684590 -4.826667 -2.421579
v -4.010176 -4.933333 -2.287281
v -3.927879 -4.933333 -2.484949
v -3.845583 -4.933333 -2.434641
v -3.763286 -4.933333 -2.521961
v -3.680990 -4.933333 -2.387184
v -4.004704 -5.040000 -2.325879
v -3.922799 -5.040000 -2.514136
v -3.840893 -5.040000 -2.439877
v -3.758988 -5.040000 -2.515532
v -3.677083 -5.040000 -2.353969
v -3.998865 -5.146667 -2.368651
v -3.917345 -5.146667 -2.541091
v -3.835826 -5.146667 -2.446915
v -3.754306 -5.146667 -2.506810
v -3.672786 -5.146667 -2.323695
v -3.993033 -5.253333 -2.414023
v -3.911786 -5.253333 -2.564933
v -3.830540 -5.253333 -2.455750
v -3.749293 -5.253333 -2.496481
v -3.668047 -5.253333 -2.297995
v -3.987526 -5.360000 -2.460309
v -3.906363 -5.360000 -2.584923
v -3.825200 -5.360000 -2.466302
v -3.744037 -5.360000 -2.485308
v -3.662874 -5.360000 -2.278308
v 2.064876 4.650000 -0.790000
v 2.162938 4.650000 -0.832426
v 2.261000 4.650000 -0.850000
v 2.359062 4.650000 -0.832426
v 2.457124 4.650000 -0.790000
v 2.066334 4.644944 -0.924303
v 2.162985 4.644944 -0.961820
v 2.259635 4.644944 -0.991079
v 2.356286 4.644944 -0.961267
v 2.452937 4.644944 -0.923350
v 2.066100 4.629825 -1.059382
v 2.161678 4.629825 -1.089818
v 2.257256 4.629825 -1.126758
v 2.352834 4.629825 -1.082694
v 2.448411 4.629825 -1.055534
v 2.064043 4.604787 -1.193579
v 2.158982 4.604787 -1.215551
v 2.253920 4.604787 -1.254893
v 2.348859 4.604787 -1.196309
v 2.443797 4.604787 -1.185148
v 2.060174 4.570074 -1.325104
v 2.154942 4.570074 -1.338165
v 2.249711 4.570074 -1.373778
v 2.344480 4.570074 -1.302228
v 2.439248 4.570074 -1.310809
v 2.054648 4.526017 -1.452082
v 2.149688 4.526017 -1.456798
v 2.244728 4.526017 -1.482201
v 2.339769 4.526017 -1.401001
v 2.434809 4.526017 -1.431183
v 2.047755 4.473043 -1.572616
v 2.143423 4.473043 -1.570573
v 2.239091 4.473043 -1.579463
v 2.334759 4.473043 -1.493505
v 2.430427 4.473043 -1.545001
v 2.039890 4.411661 -1.684842
v 2.136412 4.411661 -1.678581
v 2.232934 4.411661 -1.665378
v 2.329456 4.411661 -1.580824
v 2.425979 4.411661 -1.651082
v 2.031507 4.342462 -1.787000
v 2.128956 4.342462 -1.779878
v 2.226405 4.342462 -1.740229
v 2.323855 4.342462 -1.664100
v 2.421304 4.342462 -1.748349
v 2.023069 4.266113 -1.877496
v 2.121366 4.266113 -1.873486
v 2.219662 4.266113 -1.804707
v 2.317959 4.266113 -1.744395
v 2.416256 4.266113 -1.835848
v 2.014995 4.183349 -1.954958
v 2.113933 4.183349 -1.958396
v 2.212871 4.183349 -1.859818
v 2.311809 4.183349 -1.822551
v 2.410747 4.183349 -1.912754
v 2.007623 4.094967 -2.018289
v 2.106912 4.094967 -2.033580
v 2.206202 4.094967 -1.906777
v 2.305491 4.094967 -1.899065
v 2.404780 4.094967 -1.978384
v 2.001174 4.001818 -2.064524
v 2.100500 4.001818 -2.096656
v 2.199825 4.001818 -1.958024
v 2.299150 4.001818 -1.981818
v 2.398476 4.001818 -2.032570
v 1.995743 3.904799 -2.097167
v 2.094827 3.904799 -2.146866
v 2.193911 3.904799 -2.004728
v 2.292995 3.904799 -2.058110
v 2.392079 3.904799 -2.074973
v 1.991306 3.804845 -2.116697
v 2.089965 3.804845 -2.183644
v 2.188623 3.804845 -2.045016
v 2.287282 3.804845 -2.124869
v 2.385940 3.804845 -2.105237
v 1.987747 3.702918 -2.123359
v 2.085932 3.702918 -2.206477
v 2.184118 3.702918 -2.078223
v 2.282303 3.702918 -2.180266
v 2.380488 3.702918 -2.123137
v 1.984895 3.600000 -2.117528
v 2.082717 3.600000 -2.215029
v 2.180539 3.600000 -2.103556
v 2.278361 3.600000 -2.222533
v 2.376183 3.600000 -2.128554
v 1.982570 3.493333 -2.106227
v 2.080294 3.493333 -2.215691
v 2.178018 3.493333 -2.126669
v 2.275741 3.493333 -2.256580
v 2.373465 3.493333 -2.128016
v 1.980632 3.386667 -2.096497
v 2.078650 3.386667 -2.214977
v 2.176667 3.386667 -2.153091
v 2.274684 3.386667 -2.287456
v 2.372702 3.386667 -2.128091
v 1.979018 3.280000 -2.088770
v 2.077800 3.280000 -2.212926
v 2.176582 3.280000 -2.181666
v 2.275364 3.280000 -2.313809
v 2.374146 3.280000 -2.128782
v 1.977768 3.173333 -2.083396
v 2.077802 3.173333 -2.209637
v 2.177837 3.173333 -2.211148
v 2.277872 3.173333 -2.334492
v 2.377906 3.173333 -2.130068
v 1.977030 3.066667 -2.080624
v 2.078756 3.066667 -2.205267
v 2.180482 3.066667 -2.240256
v 2.282209 3.066667 -2.348608
v 2.383935 3.066667 -2.131905
v 1.977052 2.960000 -2.080593
v 2.080799 2.960000 -2.200025
v 2.184546 2.960000 -2.267727
v 2.288293 2.960000 -2.355554
v 2.392040 2.960000 -2.134229
v 1.978152 2.853333 -2.083324
v 2.084091 2.853333 -2.194163
v 2.190031 2.853333 -2.292374
v 2.295971 2.853333 -2.355045
v 2.401910 2.853333 -2.136960
v 1.980670 2.746667 -2.088723
v 2.088792 2.746667 -2.187961
v 2.196915 2.746667 -2.313139
v 2.305038 2.746667 -2.347129
v 2.413160 2.746667 -2.140000
v 1.984923 2.640000 -2.096578
v 2.095037 2.640000 -2.181721
v 2.205151 2.640000 -2.329137
v 2.315265 2.640000 -2.332180
v 2.425379 2.640000 -2.143245
v 1.991152 2.533333 -2.106578
v 2.102910 2.533333 -2.175748
v 2.214667 2.533333 -2.339698
v 2.326425 2.533333 -2.310888
v 2.438183 2.533333 -2.146584
v 1.999480 2.426667 -2.118319
v 2.112425 2.426667 -2.170340
v 2.225369 2.426667 -2.344393
v 2.338314 2.426667 -2.284223
v 2.451258 2.426667 -2.149906
v 2.009886 2.320000 -2.131323
v 2.123513 2.320000 -2.165774
v 2.237139 2.320000 -2.343054
v 2.350766 2.320000 -2.253397
v 2.464392 2.320000 -2.153103
v 2.022192 2.213333 -2.145062
v 2.136015 2.213333 -2.162294
v 2.249839 2.213333 -2.335784
v 2.363662 2.213333 -2.219806
v 2.477486 2.213333 -2.156078
v 2.036077 2.106667 -2.158980
v 2.149695 2.106667 -2.160100
v 2.263312 2.106667 -2.322948
v 2.376930 2.106667 -2.184974
v 2.490548 2.106667 -2.158748
v 2.051108 2.000000 -2.172514
v 2.164247 2.000000 -2.159337
v 2.277387 2.000000 -2.305162
v 2.390527 2.000000 -2.150481
v 2.503667 2.000000 -2.161046
v 2.066781 1.893333 -2.185126
v 2.179329 1.893333 -2.160095
v 2.291877 1.893333 -2.283260
v 2.404426 1.893333 -2.117896
v 2.516974 1.893333 -2.162924
v 2.082577 1.786667 -2.196318
v 2.194582 1.786667 -2.162397
v 2.306587 1.786667 -2.258263
v 2.418591 1.786667 -2.088711
v 2.530596 1.786667 -2.164358
v 2.098018 1.680000 -2.205661
v 2.209664 1.680000 -2.166204
v 2.321311 1.680000 -2.231331
v 2.432958 1.680000 -2.064268
v 2.544605 1.680000 -2.165346
v 2.112706 1.573333 -2.212809
v 2.224275 1.573333 -2.171414
v 2.335844 1.573333 -2.203713
v 2.447413 1.573333 -2.045707
v 2.558982 1.573333 -2.165911
v 2.126363 1.466667 -2.217517
v 2.238169 1.466667 -2.177867
v 2.349976 1.466667 -2.176691
v 2.461782 1.466667 -2.033913
v 2.573589 1.466667 -2.166098
v 2.138844 1.360000 -2.219651
v 2.251173 1.360000 -2.185353
v 2.363502 1.360000 -2.151526
v 2.475831 1.360000 -2.029476
v 2.588160 1.360000 -2.165970
v 2.150129 1.253333 -2.219195
v 2.263176 1.253333 -2.193619
v 2.376222 1.253333 -2.129399
v 2.489269 1.253333 -2.032669
v 2.602316 1.253333 -2.165609
v 2.160300 1.146667 -2.216248
v 2.274123 1.146667 -2.202383
v 2.387947 1.146667 -2.111364
v 2.501770 1.146667 -2.043431
v 2.615594 1.146667 -2.165113
v 2.169503 1.040000 -2.211025
v 2.284001 1.040000 -2.211343
v 2.398498 1.040000 -2.098296
v 2.512996 1.040000 -2.061373
v 2.627494 1.040000 -2.164586
v 2.177899 0.933333 -2.203841
v 2.292806 0.933333 -2.220194
v 2.407714 0.933333 -2.090858
v 2.522622 0.933333 -2.085796
v 2.637529 0.933333 -2.164141
v 2.185616 0.826667 -2.195105
v 2.300533 0.826667 -2.228637
v 2.415450 0.826667 -2.089468
v 2.530367 0.826667 -2.115716
v 2.645285 0.826667 -2.163887
v 2.192708 0.720000 -2.185296
v 2.307146 0.720000 -2.236399
v 2.421584 0.720000 -2.094283
v 2.536021 0.720000 -2.149916
v 2.650459 0.720000 -2.163931
v 2.199127 0.613333 -2.174944
v 2.312570 0.613333 -2.243235
v 2.426013 0.613333 -2.105190
v 2.539456 0.613333 -2.186991
v 2.652899 0.613333 -2.164371
v 2.204714 0.506667 -2.164605
v 2.316688 0.506667 -2.248950
v 2.428662 0.506667 -2.121812
v 2.540637 0.506667 -2.225415
v 2.652611 0.506667 -2.165290
v 2.209206 0.400000 -2.154842
v 2.319344 0.400000 -2.253397
v 2.429481 0.400000 -2.143525
v 2.539618 0.400000 -2.263607
v 2.649756 0.400000 -2.166754
v 2.212270 0.293333 -2.146193
v 2.320357 0.293333 -2.256493
v 2.428444 0.293333 -2.169486
v 2.536532 0.293333 -2.299997
v 2.644619 0.293333 -2.168808
v 2.213541 0.186667 -2.139152
v 2.319549 0.186667 -2.258215
v 2.425556 0.186667 -2.198669
v 2.531563 0.186667 -2.333103
v 2.637571 0.186667 -2.171477
v 2.212676 0.080000 -2.134147
v 2.316761 0.080000 -2.258604
v 2.420845 0.080000 -2.229908
v 2.524930 0.080000 -2.361585
v 2.629014 0.080000 -2.174761
v 2.209405 -0.026667 -2.131518
v 2.311887 -0.026667 -2.257766
v 2.414369 -0.026667 -2.261952
v 2.516851 -0.026667 -2.384316
v 2.619333 -0.026667 -2.178637
v 2.203575 -0.133333 -2.131506
v 2.304893 -0.133333 -2.255863
v 2.406210 -0.133333 -2.293518
v 2.507527 -0.133333 -2.400420
v 2.608845 -0.133333 -2.183060
v 2.195180 -0.240000 -2.134241
v 2.295828 -0.240000 -2.253106
v 2.396475 -0.240000 -2.323349
v 2.497122 -0.240000 -2.409320
v 2.597769 -0.240000 -2.187965
v 2.184373 -0.346667 -2.139735
v 2.284833 -0.346667 -2.249749
v 2.385293 -0.346667 -2.350267
v 2.485753 -0.346667 -2.410756
v 2.586214 -0.346667 -2.193268
v 2.171456 -0.453333 -2.147883
v 2.272136 -0.453333 -2.246077
v 2.372816 -0.453333 -2.373224
v 2.473496 -0.453333 -2.404802
v 2.574176 -0.453333 -2.198873
v 2.156851 -0.560000 -2.158468
v 2.258032 -0.560000 -2.242391
v 2.359212 -0.560000 -2.391353
v 2.460392 -0.560000 -2.391861
v 2.561572 -0.560000 -2.204674
v 2.141060 -0.666667 -2.171167
v 2.242862 -0.666667 -2.238997
v 2.344665 -0.666667 -2.404001
v 2.446468 -0.666667 -2.372643
v 2.548270 -0.666667 -2.210559
v 2.124604 -0.773333 -2.185571
v 2.226988 -0.773333 -2.236191
v 2.329373 -0.773333 -2.410759
v 2.431757 -0.773333 -2.348142
v 2.534142 -0.773333 -2.216419
v 2.107979 -0.880000 -2.201198
v 2.210760 -0.880000 -2.234248
v 2.313542 -0.880000 -2.411483
v 2.416324 -0.880000 -2.319585
v 2.519106 -0.880000 -2.222146
v 2.091599 -0.986667 -2.217517
v 2.194493 -0.986667 -2.233409
v 2.297387 -0.986667 -2.406294
v 2.400281 -0.986667 -2.288382
v 2.503175 -0.986667 -2.227644
v 2.075767 -1.093333 -2.233969
v 2.178445 -1.093333 -2.233868
v 2.281122 -1.093333 -2.395581
v 2.383799 -1.093333 -2.256062
v 2.486476 -1.093333 -2.232831
v 2.060659 -1.200000 -2.249993
v 2.162811 -1.200000 -2.235770
v 2.264963 -1.200000 -2.379975
v 2.367115 -1.200000 -2.224209
v 2.469267 -1.200000 -2.237640
v 2.046320 -1.306667 -2.265053
v 2.147721 -1.306667 -2.239195
v 2.249121 -1.306667 -2.360330
v 2.350522 -1.306667 -2.194388
v 2.451923 -1.306667 -2.242027
v 2.032697 -1.413333 -2.278656
v 2.133250 -1.413333 -2.244164
v 2.233802 -1.413333 -2.337678
v 2.334354 -1.413333 -2.168079
v 2.434906 -1.413333 -2.245970
v 2.019668 -1.520000 -2.290379
v 2.119433 -1.520000 -2.250632
v 2.219198 -1.520000 -2.313189
v 2.318962 -1.520000 -2.146613
v 2.418727 -1.520000 -2.249467
v 2.007092 -1.626667 -2.299883
v 2.106290 -1.626667 -2.258492
v 2.205489 -1.626667 -2.288116
v 2.304688 -1.626667 -2.131109
v 2.403886 -1.626667 -2.252545
v 1.994855 -1.733333 -2.306933
v 2.093847 -1.733333 -2.267581
v 2.192840 -1.733333 -2.263741
v 2.291832 -1.733333 -2.122430
v 2.390825 -1.733333 -2.255247
v 1.982916 -1.840000 -2.311403
v 2.082155 -1.840000 -2.277683
v 2.181395 -1.840000 -2.241321
v 2.280635 -1.840000 -2.121143
v 2.379875 -1.840000 -2.257642
v 1.971329 -1.946667 -2.313286
v 2.071304 -1.946667 -2.288544
v 2.171280 -1.946667 -2.222029
v 2.271256 -1.946667 -2.127493
v 2.371231 -1.946667 -2.259811
v 1.960261 -2.053333 -2.312692
v 2.061428 -2.053333 -2.299879
v 2.162595 -2.053333 -2.206906
v 2.263762 -2.053333 -2.141392
v 2.364929 -2.053333 -2.261852
v 1.949980 -2.160000 -2.309843
v 2.052699 -2.160000 -2.311386
v 2.155418 -2.160000 -2.196812
v 2.258137 -2.160000 -2.162427
v 2.360856 -2.160000 -2.263872
v 1.940832 -2.266667 -2.305063
v 2.045316 -2.266667 -2.322759
v 2.149801 -2.266667 -2.192391
v 2.254286 -2.266667 -2.189874
v 2.358771 -2.266667 -2.265982
v 1.933194 -2.373333 -2.298767
v 2.039483 -2.373333 -2.333702
v 2.145771 -2.373333 -2.194040
v 2.252059 -2.373333 -2.222729
v 2.358348 -2.373333 -2.268293
v 1.927433 -2.480000 -2.291439
v 2.035381 -2.480000 -2.343942
v 2.143329 -2.480000 -2.201894
v 2.251276 -2.480000 -2.259757
v 2.359224 -2.480000 -2.270910
v 1.923850 -2.586667 -2.283611
v 2.033150 -2.586667 -2.353239
v 2.142449 -2.586667 -2.215820
v 2.251749 -2.586667 -2.299542
v 2.361049 -2.586667 -2.273929
v 1.922635 -2.693333 -2.275842
v 2.032859 -2.693333 -2.361401
v 2.143083 -2.693333 -2.235420
v 2.253308 -2.693333 -2.340550
v 2.363532 -2.693333 -2.277434
v 1.923841 -2.800000 -2.268693
v 2.034500 -2.800000 -2.368287
v 2.145158 -2.800000 -2.260051
v 2.255817 -2.800000 -2.381198
v 2.366475 -2.800000 -2.281487
v 1.927367 -2.906667 -2.262700
v 2.037972 -2.906667 -2.373817
v 2.148578 -2.906667 -2.288855
v 2.259184 -2.906667 -2.419924
v 2.369789 -2.906667 -2.286135
v 1.932965 -3.013333 -2.258351
v 2.043097 -3.013333 -2.377974
v 2.153228 -3.013333 -2.320790
v 2.263360 -3.013333 -2.455250
v 2.373492 -3.013333 -2.291397
v 1.940267 -3.120000 -2.256069
v 2.049621 -3.120000 -2.380805
v 2.158975 -3.120000 -2.354685
v 2.268329 -3.120000 -2.485855
v 2.377683 -3.120000 -2.297274
v 1.948827 -3.226667 -2.256186
v 2.057249 -3.226667 -2.382419
v 2.165671 -3.226667 -2.389282
v 2.274093 -3.226667 -2.510627
v 2.382516 -3.226667 -2.303740
v 1.958165 -3.333333 -2.258935
v 2.065660 -3.333333 -2.382983
v 2.173154 -3.333333 -2.423300
v 2.280649 -3.333333 -2.528716
v 2.388144 -3.333333 -2.310749
v 1.967828 -3.440000 -2.264437
v 2.074541 -3.440000 -2.382712
v 2.181255 -3.440000 -2.455484
v 2.287968 -3.440000 -2.539567
v 2.394681 -3.440000 -2.318232
v 1.977429 -3.546667 -2.272693
v 2.083612 -3.546667 -2.381864
v 2.189795 -3.546667 -2.484665
v 2.295978 -3.546667 -2.542949
v 2.402160 -3.546667 -2.326108
v 1.986688 -3.653333 -2.283590
v 2.092642 -3.653333 -2.380724
v 2.198595 -3.653333 -2.509809
v 2.304548 -3.653333 -2.538961
v 2.410501 -3.653333 -2.334277
v 1.995446 -3.760000 -2.296901
v 2.101460 -3.760000 -2.379594
v 2.207475 -3.760000 -2.530064
v 2.313489 -3.760000 -2.528031
v 2.419504 -3.760000 -2.342633
v 2.003664 -3.866667 -2.312297
v 2.109961 -3.866667 -2.378780
v 2.216258 -3.866667 -2.544796
v 2.322554 -3.866667 -2.510895
v 2.428851 -3.866667 -2.351065
v 2.011408 -3.973333 -2.329362
v 2.118090 -3.973333 -2.378578
v 2.224773 -3.973333 -2.553617
v 2.331456 -3.973333 -2.488565
v 2.438139 -3.973333 -2.359462
v 2.018808 -4.080000 -2.347609
v 2.125834 -4.080000 -2.379259
v 2.232861 -4.080000 -2.556403
v 2.339887 -4.080000 -2.462286
v 2.446913 -4.080000 -2.367718
v 2.026022 -4.186667 -2.366503
v 2.133197 -4.186667 -2.381062
v 2.240371 -4.186667 -2.553299
v 2.347546 -4.186667 -2.433480
v 2.454720 -4.186667 -2.375738
v 2.033187 -4.293333 -2.385485
v 2.140179 -4.293333 -2.384176
v 2.247172 -4.293333 -2.544712
v 2.354164 -4.293333 -2.403684
v 2.461156 -4.293333 -2.383441
v 2.040377 -4.400000 -2.403996
v 2.146761 -4.400000 -2.388742
v 2.253146 -4.400000 -2.531293
v 2.359530 -4.400000 -2.374481
v 2.465914 -4.400000 -2.390762
v 2.047576 -4.506667 -2.421501
v 2.152886 -4.506667 -2.394835
v 2.258196 -4.506667 -2.513911
v 2.363506 -4.506667 -2.347432
v 2.468816 -4.506667 -2.397658
v 2.054665 -4.613333 -2.437512
v 2.158456 -4.613333 -2.402470
v 2.262247 -4.613333 -2.493612
v 2.366038 -4.613333 -2.324009
v 2.469829 -4.613333 -2.404109
v 2.061424 -4.720000 -2.451613
v 2.163334 -4.720000 -2.411599
v 2.265244 -4.720000 -2.471573
v 2.367154 -4.720000 -2.305526
v 2.469064 -4.720000 -2.410116
v 2.067559 -4.826667 -2.463472
v 2.167358 -4.826667 -2.422109
v 2.267157 -4.826667 -2.449053
v 2.366956 -4.826667 -2.293085
v 2.466755 -4.826667 -2.415706
v 2.072735 -4.933333 -2.472862
v 2.170356 -4.933333 -2.433831
v 2.267977 -4.933333 -2.427333
v 2.365599 -4.933333 -2.287525
v 2.463220 -4.933333 -2.420925
v 2.076622 -5.040000 -2.479668
v 2.172172 -5.040000 -2.446548
v 2.267722 -5.040000 -2.407666
v 2.363272 -5.040000 -2.289389
v 2.458822 -5.040000 -2.425842
v 2.078947 -5.146667 -2.483892
v 2.172688 -5.146667 -2.460002
v 2.266430 -5.146667 -2.391216
v 2.360171 -5.146667 -2.298895
v 2.453913 -5.146667 -2.430542
v 2.079528 -5.253333 -2.485652
v 2.171845 -5.253333 -2.473906
v 2.264162 -5.253333 -2.379011
v 2.356478 -5.253333 -2.315930
v 2.448795 -5.253333 -2.435122
v 2.078312 -5.360000 -2.485179
v 2.169656 -5.360000 -2.487958
v 2.261000 -5.360000 -2.371895
v 2.352344 -5.360000 -2.340053
v 2.443688 -5.360000 -2.439689
v 5.498534 4.650000 -0.790000
v 5.578017 4.650000 -0.832426
v 5.657500 4.650000 -0.850000
v 5.736983 4.650000 -0.832426
v 5.816466 4.650000 -0.790000
v 5.492343 4.644944 -0.919262
v 5.572311 4.644944 -0.968344
v 5.652280 4.644944 -0.976548
v 5.732249 4.644944 -0.960103
v 5.812218 4.644944 -0.924309
v 5.486401 4.629825 -1.047253
v 5.566647 4.629825 -1.100951
v 5.646893 4.629825 -1.094973
v 5.727139 4.629825 -1.086228
v 5.807385 4.629825 -1.056475
v 5.480963 4.604787 -1.173114
v 5.561233 4.604787 -1.228644
v 5.641503 4.604787 -1.205225
v 5.721773 4.604787 -1.210168
v 5.802043 4.604787 -1.185033
v 5.476186 4.570074 -1.295987
v 5.556231 4.570074 -1.350045
v 5.636275 4.570074 -1.307810
v 5.716319 4.570074 -1.331306
v 5.796364 4.570074 -1.308628
v 5.472127 4.526017 -1.414998
v 5.551750 4.526017 -1.464025
v 5.631373 4.526017 -1.403683
v 5.710996 4.526017 -1.448999
v 5.790619 4.526017 -1.426042
v 5.468753 4.473043 -1.529244
v 5.547854 4.473043 -1.569717
v 5.626954 4.473043 -1.494113
v 5.706054 4.473043 -1.562555
v 5.785154 4.473043 -1.536204
v 5.465975 4.411661 -1.637782
v 5.544571 4.411661 -1.666509
v 5.623167 4.411661 -1.580527
v 5.701763 4.411661 -1.671202
v 5.780358 4.411661 -1.638205
v 5.463674 4.342462 -1.739626
v 5.541912 4.342462 -1.754034
v 5.620150 4.342462 -1.664346
v 5.698388 4.342462 -1.774074
v 5.776626 4.342462 -1.731292
v 5.461744 4.266113 -1.833753
v 5.539886 4.266113 -1.832134
v 5.618027 4.266113 -1.746814
v 5.696168 4.266113 -1.870200
v 5.774309 4.266113 -1.814869
v 5.460124 4.183349 -1.919104
v 5.538514 4.183349 -1.900827
v 5.616904 4.183349 -1.828848
v 5.695295 4.183349 -1.958509
v 5.773685 4.183349 -1.888479
v 5.458823 4.094967 -1.994607
v 5.537847 4.094967 -1.960252
v 5.616871 4.094967 -1.910897
v 5.695895 4.094967 -2.037840
v 5.774919 4.094967 -1.951793
v 5.457936 4.001818 -2.057569
v 5.537965 4.001818 -2.015738
v 5.617995 4.001818 -2.000576
v 5.698024 4.001818 -2.104946
v 5.778053 4.001818 -2.007004
v 5.457636 3.904799 -2.107485
v 5.538978 3.904799 -2.062656
v 5.620320 3.904799 -2.083801
v 5.701662 3.904799 -2.158781
v 5.783004 3.904799 -2.051824
v 5.458162 3.804845 -2.143835
v 5.541017 3.804845 -2.099840
v 5.623871 3.804845 -2.157136
v 5.706725 3.804845 -2.198659
v 5.789580 3.804845 -2.085521
v 5.459785 3.702918 -2.166124
v 5.544215 3.702918 -2.126762
v 5.628645 3.702918 -2.218463
v 5.713075 3.702918 -2.223933
v 5.797505 3.702918 -2.107722
v 5.462772 3.600000 -2.174041
v 5.548694 3.600000 -2.142906
v 5.634616 3.600000 -2.265754
v 5.720539 3.600000 -2.234158
v 5.806461 3.600000 -2.118116
v 5.467343 3.493333 -2.174005
v 5.554540 3.493333 -2.154328
v 5.641736 3.493333 -2.303698
v 5.728933 3.493333 -2.235653
v 5.816129 3.493333 -2.123014
v 5.473639 3.386667 -2.172561
v 5.561785 3.386667 -2.167071
v 5.649931 3.386667 -2.337173
v 5.738078 3.386667 -2.234896
v 5.826224 3.386667 -2.128745
v 5.481688 3.280000 -2.169779
v 5.570397 3.280000 -2.180581
v 5.659107 3.280000 -2.364713
v 5.747816 3.280000 -2.231925
v 5.836526 3.280000 -2.135063
v 5.491394 3.173333 -2.165791
v 5.580270 3.173333 -2.194275
v 5.669146 3.173333 -2.385118
v 5.758022 3.173333 -2.226882
v 5.846898 3.173333 -2.141700
v 5.502541 3.066667 -2.160784
v 5.591228 3.066667 -2.207563
v 5.679914 3.066667 -2.397504
v 5.768601 3.066667 -2.220001
v 5.857287 3.066667 -2.148377
v 5.514805 2.960000 -2.154996
v 5.603032 2.960000 -2.219878
v 5.691259 2.960000 -2.401344
v 5.779486 2.960000 -2.211600
v 5.867713 2.960000 -2.154818
v 5.527788 2.853333 -2.148701
v 5.615401 2.853333 -2.230700
v 5.703014 2.853333 -2.396489
v 5.790628 2.853333 -2.202070
v 5.878241 2.853333 -2.160759
v 5.541058 2.746667 -2.142201
v 5.628030 2.746667 -2.239577
v 5.715001 2.746667 -2.383178
v 5.801973 2.746667 -2.191853
v 5.888945 2.746667 -2.165966
v 5.554188 2.640000 -2.135808
v 5.640611 2.640000 -2.246148
v 5.727033 2.640000 -2.362023
v 5.813456 2.640000 -2.181426
v 5.899878 2.640000 -2.170236
v 5.566802 2.533333 -2.129836
v 5.652859 2.533333 -2.250155
v 5.738917 2.533333 -2.333985
v 5.824974 2.533333 -2.171280
v 5.911032 2.533333 -2.173414
v 5.578601 2.426667 -2.124582
v 5.664529 2.426667 -2.251459
v 5.750457 2.426667 -2.300332
v 5.836385 2.426667 -2.161896
v 5.922314 2.426667 -2.175396
v 5.589387 2.320000 -2.120317
v 5.675423 2.320000 -2.250040
v 5.761460 2.320000 -2.262581
v 5.847497 2.320000 -2.153724
v 5.933534 2.320000 -2.176133
v 5.599061 2.213333 -2.117271
v 5.685399 2.213333 -2.246004
v 5.771736 2.213333 -2.222435
v 5.858074 2.213333 -2.147168
v 5.944411 2.213333 -2.175637
v 5.607618 2.106667 -2.115624
v 5.694360 2.106667 -2.239576
v 5.781102 2.106667 -2.181704
v 5.867844 2.106667 -2.142562
v 5.954586 2.106667 -2.173976
v 5.615116 2.000000 -2.115499
v 5.702251 2.000000 -2.231088
v 5.789386 2.000000 -2.142228
v 5.876521 2.000000 -2.140158
v 5.963656 2.000000 -2.171273
v 5.621650 1.893333 -2.116956
v 5.709040 1.893333 -2.220967
v 5.796431 1.893333 -2.105796
v 5.883822 1.893333 -2.140117
v 5.971212 1.893333 -2.167702
v 5.627307 1.786667 -2.119989
v 5.714701 1.786667 -2.209716
v 5.802095 1.786667 -2.074066
v 5.889489 1.786667 -2.142499
v 5.976883 1.786667 -2.163476
v 5.632138 1.680000 -2.124527
v 5.719197 1.680000 -2.197891
v 5.806255 1.680000 -2.048494
v 5.893314 1.680000 -2.147259
v 5.980372 1.680000 -2.158844
v 5.636132 1.573333 -2.130434
v 5.722471 1.573333 -2.186077
v 5.808811 1.573333 -2.030270
v 5.895150 1.573333 -2.154255
v 5.981490 1.573333 -2.154074
v 5.639197 1.466667 -2.137521
v 5.724440 1.466667 -2.174862
v 5.809684 1.466667 -2.020262
v 5.894927 1.466667 -2.163249
v 5.980171 1.466667 -2.149446
v 5.641166 1.360000 -2.145549
v 5.724993 1.360000 -2.164811
v 5.808821 1.360000 -2.018985
v 5.892648 1.360000 -2.173917
v 5.976475 1.360000 -2.145234
v 5.641812 1.253333 -2.154243
v 5.724003 1.253333 -2.156443
v 5.806194 1.253333 -2.026569
v 5.888385 1.253333 -2.185868
v 5.970576 1.253333 -2.141702
v 5.640873 1.146667 -2.163299
v 5.721338 1.146667 -2.150206
v 5.801802 1.146667 -2.042763
v 5.882267 1.146667 -2.198657
v 5.962731 1.146667 -2.139084
v 5.638092 1.040000 -2.172406
v 5.716882 1.040000 -2.146458
v 5.795671 1.040000 -2.066940
v 5.874461 1.040000 -2.211806
v 5.953251 1.040000 -2.137579
v 5.633253 0.933333 -2.181249
v 5.710553 0.933333 -2.145452
v 5.787853 0.933333 -2.098123
v 5.865153 0.933333 -2.224825
v 5.942453 0.933333 -2.137342
v 5.626219 0.826667 -2.189533
v 5.702322 0.826667 -2.147323
v 5.778425 0.826667 -2.135035
v 5.854528 0.826667 -2.237234
v 5.930631 0.826667 -2.138474
v 5.616962 0.720000 -2.196988
v 5.692226 0.720000 -2.152084
v 5.767490 0.720000 -2.176150
v 5.842755 0.720000 -2.248583
v 5.918019 0.720000 -2.141022
v 5.605572 0.613333 -2.203386
v 5.680373 0.613333 -2.159625
v 5.755175 0.613333 -2.219760
v 5.829976 0.613333 -2.258472
v 5.904777 0.613333 -2.144971
v 5.592264 0.506667 -2.208549
v 5.666944 0.506667 -2.169717
v 5.741625 0.506667 -2.264051
v 5.816305 0.506667 -2.266569
v 5.890986 0.506667 -2.150251
v 5.577358 0.400000 -2.212356
v 5.652183 0.400000 -2.182024
v 5.727008 0.400000 -2.307184
v 5.801833 0.400000 -2.272625
v 5.876657 0.400000 -2.156737
v 5.561253 0.293333 -2.214750
v 5.636380 0.293333 -2.196116
v 5.711506 0.293333 -2.347373
v 5.786632 0.293333 -2.276484
v 5.861759 0.293333 -2.164254
v 5.544389 0.186667 -2.215740
v 5.619853 0.186667 -2.211486
v 5.695317 0.186667 -2.382968
v 5.770780 0.186667 -2.278091
v 5.846244 0.186667 -2.172586
v 5.527205 0.080000 -2.215400
v 5.602926 0.080000 -2.227577
v 5.678647 0.080000 -2.412521
v 5.754368 0.080000 -2.277493
v 5.830089 0.080000 -2.181484
v 5.510101 -0.026667 -2.213867
v 5.585906 -0.026667 -2.243803
v 5.661712 -0.026667 -2.434856
v 5.737517 -0.026667 -2.274837
v 5.813323 -0.026667 -2.190678
v 5.493406 -0.133333 -2.211332
v 5.569068 -0.133333 -2.259578
v 5.644731 -0.133333 -2.449117
v 5.720393 -0.133333 -2.270365
v 5.796055 -0.133333 -2.199891
v 5.477359 -0.240000 -2.208037
v 5.552641 -0.240000 -2.274336
v 5.627923 -0.240000 -2.454805
v 5.703205 -0.240000 -2.264403
v 5.778487 -0.240000 -2.208845
v 5.462101 -0.346667 -2.204259
v 5.536803 -0.346667 -2.287562
v 5.611506 -0.346667 -2.451804
v 5.686208 -0.346667 -2.257345
v 5.760911 -0.346667 -2.217281
v 5.447685 -0.453333 -2.200299
v 5.521687 -0.453333 -2.298811
v 5.595690 -0.453333 -2.440381
v 5.669692 -0.453333 -2.249638
v 5.743695 -0.453333 -2.224963
v 5.434099 -0.560000 -2.196473
v 5.507388 -0.560000 -2.307729
v 5.580677 -0.560000 -2.421179
v 5.653965 -0.560000 -2.241760
v 5.727254 -0.560000 -2.231695
v 5.421295 -0.666667 -2.193092
v 5.493975 -0.666667 -2.314067
v 5.566655 -0.666667 -2.395185
v 5.639334 -0.666667 -2.234202
v 5.712014 -0.666667 -2.237325
v 5.409223 -0.773333 -2.190452
v 5.481510 -0.773333 -2.317696
v 5.553797 -0.773333 -2.363690
v 5.626084 -0.773333 -2.227442
v 5.698371 -0.773333 -2.241752
v 5.397863 -0.880000 -2.188821
v 5.470061 -0.880000 -2.318606
v 5.542259 -0.880000 -2.328227
v 5.614457 -0.880000 -2.221930
v 5.686655 -0.880000 -2.244934
v 5.387254 -0.986667 -2.188425
v 5.459715 -0.986667 -2.316914
v 5.532175 -0.986667 -2.290511
v 5.604636 -0.986667 -2.218063
v 5.677097 -0.986667 -2.246885
v 5.377503 -1.093333 -2.189441
v 5.450580 -1.093333 -2.312851
v 5.523657 -1.093333 -2.252357
v 5.596734 -1.093333 -2.216169
v 5.669811 -1.093333 -2.247680
v 5.368792 -1.200000 -2.191985
v 5.442792 -1.200000 -2.306760
v 5.516793 -1.200000 -2.215604
v 5.590793 -1.200000 -2.216495
v 5.664794 -1.200000 -2.247445
v 5.361359 -1.306667 -2.196114
v 5.436501 -1.306667 -2.299073
v 5.511644 -1.306667 -2.182033
v 5.586787 -1.306667 -2.219191
v 5.661930 -1.306667 -2.246357
v 5.355477 -1.413333 -2.201815
v 5.431862 -1.413333 -2.290300
v 5.508247 -1.413333 -2.153290
v 5.584633 -1.413333 -2.224310
v 5.661018 -1.413333 -2.244633
v 5.351419 -1.520000 -2.209012
v 5.429016 -1.520000 -2.280998
v 5.506612 -1.520000 -2.130812
v 5.584208 -1.520000 -2.231800
v 5.661804 -1.520000 -2.242524
v 5.349424 -1.626667 -2.217566
v 5.428072 -1.626667 -2.271754
v 5.506720 -1.626667 -2.115762
v 5.585368 -1.626667 -2.241511
v 5.664016 -1.626667 -2.240300
v 5.349657 -1.733333 -2.227282
v 5.429093 -1.733333 -2.263156
v 5.508529 -1.733333 -2.108984
v 5.587966 -1.733333 -2.253195
v 5.667402 -1.733333 -2.238239
v 5.352186 -1.840000 -2.237918
v 5.432078 -1.840000 -2.255766
v 5.511971 -1.840000 -2.110960
v 5.591863 -1.840000 -2.266525
v 5.671756 -1.840000 -2.236617
v 5.356964 -1.946667 -2.249196
v 5.436959 -1.946667 -2.250098
v 5.516953 -1.946667 -2.121793
v 5.596947 -1.946667 -2.281105
v 5.676942 -1.946667 -2.235693
v 5.363829 -2.053333 -2.260813
v 5.443595 -2.053333 -2.246592
v 5.523361 -2.053333 -2.141198
v 5.603128 -2.053333 -2.296485
v 5.682894 -2.053333 -2.235702
v 5.372513 -2.160000 -2.272454
v 5.451787 -2.160000 -2.245600
v 5.531062 -2.160000 -2.168520
v 5.610337 -2.160000 -2.312186
v 5.689612 -2.160000 -2.236838
v 5.382668 -2.266667 -2.283807
v 5.461286 -2.266667 -2.247365
v 5.539904 -2.266667 -2.202757
v 5.618522 -2.266667 -2.327718
v 5.697139 -2.266667 -2.239252
v 5.393902 -2.373333 -2.294578
v 5.471811 -2.373333 -2.252013
v 5.549720 -2.373333 -2.242609
v 5.627629 -2.373333 -2.342602
v 5.705538 -2.373333 -2.243041
v 5.405816 -2.480000 -2.304501
v 5.483074 -2.480000 -2.259546
v 5.560333 -2.480000 -2.286532
v 5.637591 -2.480000 -2.356392
v 5.714849 -2.480000 -2.248245
v 5.418039 -2.586667 -2.313350
v 5.494797 -2.586667 -2.269846
v 5.571555 -2.586667 -2.332808
v 5.648313 -2.586667 -2.368693
v 5.725071 -2.586667 -2.254849
v 5.430262 -2.693333 -2.320952
v 5.506729 -2.693333 -2.282673
v 5.583195 -2.693333 -2.379618
v 5.659661 -2.693333 -2.379179
v 5.736127 -2.693333 -2.262775
v 5.442259 -2.800000 -2.327191
v 5.518658 -2.800000 -2.297685
v 5.595057 -2.800000 -2.425124
v 5.671457 -2.800000 -2.387608
v 5.747856 -2.800000 -2.271895
v 5.453891 -2.906667 -2.332016
v 5.530420 -2.906667 -2.314442
v 5.606949 -2.906667 -2.467549
v 5.683478 -2.906667 -2.393832
v 5.760008 -2.906667 -2.282030
v 5.465104 -3.013333 -2.335440
v 5.541893 -3.013333 -2.332435
v 5.618682 -3.013333 -2.505254
v 5.695470 -3.013333 -2.397803
v 5.772259 -3.013333 -2.292961
v 5.475909 -3.120000 -2.337543
v 5.552991 -3.120000 -2.351103
v 5.630073 -3.120000 -2.536813
v 5.707155 -3.120000 -2.399578
v 5.784237 -3.120000 -2.304437
v 5.486355 -3.226667 -2.338466
v 5.563653 -3.226667 -2.369859
v 5.640952 -3.226667 -2.561073
v 5.718251 -3.226667 -2.399310
v 5.795550 -3.226667 -2.316187
v 5.496497 -3.333333 -2.338405
v 5.573830 -3.333333 -2.388117
v 5.651163 -3.333333 -2.577204
v 5.728496 -3.333333 -2.397250
v 5.805829 -3.333333 -2.327933
v 5.506366 -3.440000 -2.337605
v 5.583465 -3.440000 -2.405315
v 5.660563 -3.440000 -2.584740
v 5.737661 -3.440000 -2.393729
v 5.814759 -3.440000 -2.339400
v 5.515944 -3.546667 -2.336345
v 5.592487 -3.546667 -2.420942
v 5.669030 -3.546667 -2.583594
v 5.745572 -3.546667 -2.389147
v 5.822115 -3.546667 -2.350328
v 5.525147 -3.653333 -2.334929
v 5.600804 -3.653333 -2.434560
v 5.676460 -3.653333 -2.574064
v 5.752117 -3.653333 -2.383952
v 5.827773 -3.653333 -2.360485
v 5.533822 -3.760000 -2.333671
v 5.608298 -3.760000 -2.445823
v 5.682774 -3.760000 -2.556822
v 5.757250 -3.760000 -2.378626
v 5.831725 -3.760000 -2.369678
v 5.541758 -3.866667 -2.332883
v 5.614836 -3.866667 -2.454492
v 5.687913 -3.866667 -2.532881
v 5.760990 -3.866667 -2.373658
v 5.834067 -3.866667 -2.377758
v 5.548706 -3.973333 -2.332859
v 5.620274 -3.973333 -2.460446
v 5.691842 -3.973333 -2.503552
v 5.763410 -3.973333 -2.369527
v 5.834978 -3.973333 -2.384631
v 5.554410 -4.080000 -2.333863
v 5.624481 -4.080000 -2.463686
v 5.694553 -4.080000 -2.470388
v 5.764624 -4.080000 -2.366677
v 5.834695 -4.080000 -2.390257
v 5.558639 -4.186667 -2.336119
v 5.627348 -4.186667 -2.464338
v 5.696057 -4.186667 -2.435113
v 5.764767 -4.186667 -2.365501
v 5.833476 -4.186667 -2.394656
v 5.561224 -4.293333 -2.339797
v 5.628809 -4.293333 -2.462643
v 5.696394 -4.293333 -2.399548
v 5.763979 -4.293333 -2.366322
v 5.831564 -4.293333 -2.397907
v 5.562081 -4.400000 -2.345012
v 5.628852 -4.400000 -2.458951
v 5.695622 -4.400000 -2.365530
v 5.762393 -4.400000 -2.369377
v 5.829163 -4.400000 -2.400141
v 5.561231 -4.506667 -2.351812
v 5.627527 -4.506667 -2.453702
v 5.693823 -4.506667 -2.334832
v 5.760119 -4.506667 -2.374811
v 5.826415 -4.506667 -2.401538
v 5.558804 -4.613333 -2.360181
v 5.624950 -4.613333 -2.447410
v 5.691097 -4.613333 -2.309086
v 5.757243 -4.613333 -2.382667
v 5.823389 -4.613333 -2.402318
v 5.555029 -4.720000 -2.370037
v 5.621295 -4.720000 -2.440635
v 5.687561 -4.720000 -2.289707
v 5.753828 -4.720000 -2.392886
v 5.820094 -4.720000 -2.402734
v 5.550213 -4.826667 -2.381235
v 5.616781 -4.826667 -2.433966
v 5.683349 -4.826667 -2.277837
v 5.749918 -4.826667 -2.405309
v 5.816486 -4.826667 -2.403057
v 5.544712 -4.933333 -2.393579
v 5.611659 -4.933333 -2.427988
v 5.678607 -4.933333 -2.274291
v 5.745554 -4.933333 -2.419682
v 5.812501 -4.933333 -2.403565
v 5.538894 -5.040000 -2.406821
v 5.606191 -5.040000 -2.423262
v 5.673487 -5.040000 -2.279522
v 5.740784 -5.040000 -2.435672
v 5.808080 -5.040000 -2.404534
v 5.533103 -5.146667 -2.420682
v 5.600628 -5.146667 -2.420296
v 5.668153 -5.146667 -2.293601
v 5.735679 -5.146667 -2.452877
v 5.803204 -5.146667 -2.406221
v 5.527625 -5.253333 -2.434856
v 5.595197 -5.253333 -2.419525
v 5.662769 -5.253333 -2.316214
v 5.730341 -5.253333 -2.470845
v 5.797913 -5.253333 -2.408857
v 5.522674 -5.360000 -2.449030
v 5.590087 -5.360000 -2.421290
v 5.657500 -5.360000 -2.346674
v 5.724913 -5.360000 -2.489094
v 5.792326 -5.360000 -2.412635
vt 0.000000 0.000000
vt 0.250000 0.000000
vt 0.500000 0.000000
vt 0.750000 0.000000
vt 1.000000 0.000000
vt 0.000000 0.010000
vt 0.250000 0.010000
vt 0.500000 0.010000
vt 0.750000 0.010000
vt 1.000000 0.010000
vt 0.000000 0.020000
vt 0.250000 0.020000
vt 0.500000 0.020000
vt 0.750000 0.020000
vt 1.000000 0.020000
vt 0.000000 0.030000
vt 0.250000 0.030000
vt 0.500000 0.030000
vt 0.750000 0.030000
vt 1.000000 0.030000
vt 0.000000 0.040000
vt 0.250000 0.040000
vt 0.500000 0.040000
vt 0.750000 0.040000
vt 1.000000 0.040000
vt 0.000000 0.050000
vt 0.250000 0.050000
vt 0.500000 0.050000
vt 0.750000 0.050000
vt 1.000000 0.050000
vt 0.000000 0.060000
vt 0.250000 0.060000
vt 0.500000 0.060000
vt 0.750000 0.060000
vt 1.000000 0.060000
vt 0.000000 0.070000
vt 0.250000 0.070000
vt 0.500000 0.070000
vt 0.750000 0.070000
vt 1.000000 0.070000
vt 0.000000 0.080000
vt 0.250000 0.080000
vt 0.500000 0.080000
vt 0.750000 0.080000
vt 1.000000 0.080000
vt 0.000000 0.090000
vt 0.250000 0.090000
vt 0.500000 0.090000
vt 0.750000 0.090000
vt 1.000000 0.090000
vt 0.000000 0.100000
vt 0.250000 0.100000
vt 0.500000 0.100000
vt 0.750000 0.100000
vt 1.000000 0.100000
vt 0.000000 0.110000
vt 0.250000 0.110000
vt 0.500000 0.110000
vt 0.750000 0.110000
vt 1.000000 0.110000
vt 0.000000 0.120000
vt 0.250000 0.120000
vt 0.500000 0.120000
vt 0.750000 0.120000
vt 1.000000 0.120000
vt 0.000000 0.130000
vt 0.250000 0.130000
vt 0.500000 0.130000
vt 0.750000 0.130000
vt 1.000000 0.130000
vt 0.000000 0.140000
vt 0.250000 0.140000
vt 0.500000 0.140000
vt 0.750000 0.140000
vt 1.000000 0.140000
vt 0.000000 0.150000
vt 0.250000 0.150000
vt 0.500000 0.150000
vt 0.750000 0.150000
vt 1.000000 0.150000
vt 0.000000 0.160000
vt 0.250000 0.160000
vt 0.500000 0.160000
vt 0.750000 0.160000
vt 1.000000 0.160000
vt 0.000000 0.170000
vt 0.250000 0.170000
vt 0.500000 0.170000
vt 0.750000 0.170000
vt 1.000000 0.170000
vt 0.000000 0.180000
vt 0.250000 0.180000
vt 0.500000 0.180000
vt 0.750000 0.180000
vt 1.000000 0.180000
vt 0.000000 0.190000
vt 0.250000 0.190000
vt 0.500000 0.190000
vt 0.750000 0.190000
vt 1.000000 0.190000
vt 0.000000 0.200000
vt 0.250000 0.200000
vt 0.500000 0.200000
vt 0.750000 0.200000
vt 1.000000 0.200000
vt 0.000000 0.210000
vt 0.250000 0.210000
vt 0.500000 0.210000
vt 0.750000 0.210000
vt 1.000000 0.210000
vt 0.000000 0.220000
vt 0.250000 0.220000
vt 0.500000 0.220000
vt 0.750000 0.220000
vt 1.000000 0.220000
vt 0.000000 0.230000
vt 0.250000 0.230000
vt 0.500000 0.230000
vt 0.750000 0.230000
vt 1.000000 0.230000
vt 0.000000 0.240000
vt 0.250000 0.240000
vt 0.500000 0.240000
vt 0.750000 0.240000
vt 1.000000 0.240000
vt 0.000000 0.250000
vt 0.250000 0.250000
vt 0.500000 0.250000
vt 0.750000 0.250000
vt 1.000000 0.250000
vt 0.000000 0.260000
vt 0.250000 0.260000
vt 0.500000 0.260000
vt 0.750000 0.260000
vt 1.000000 0.260000
vt 0.000000 0.270000
vt 0.250000 0.270000
vt 0.500000 0.270000
vt 0.750000 0.270000
vt 1.000000 0.270000
vt 0.000000 0.280000
vt 0.250000 0.280000
vt 0.500000 0.280000
vt 0.750000 0.280000
vt 1.000000 0.280000
vt 0.000000 0.290000
vt 0.250000 0.290000
vt 0.500000 0.290000
vt 0.750000 0.290000
vt 1.000000 0.290000
vt 0.000000 0.300000
vt 0.250000 0.300000
vt 0.500000 0.300000
vt 0.750000 0.300000
vt 1.000000 0.300000
vt 0.000000 0.310000
vt 0.250000 0.310000
vt 0.500000 0.310000
vt 0.750000 0.310000
vt 1.000000 0.310000
vt 0.000000 0.320000
vt 0.250000 0.320000
vt 0.500000 0.320000
vt 0.750000 0.320000
vt 1.000000 0.320000
vt 0.000000 0.330000
vt 0.250000 0.330000
vt 0.500000 0.330000
vt 0.750000 0.330000
vt 1.000000 0.330000
vt 0.000000 0.340000
vt 0.250000 0.340000
vt 0.500000 0.340000
vt 0.750000 0.340000
vt 1.000000 0.340000
vt 0.000000 0.350000
vt 0.250000 0.350000
vt 0.500000 0.350000
vt 0.750000 0.350000
vt 1.000000 0.350000
vt 0.000000 0.360000
vt 0.250000 0.360000
vt 0.500000 0.360000
vt 0.750000 0.360000
vt 1.000000 0.360000
vt 0.000000 0.370000
vt 0.250000 0.370000
vt 0.500000 0.370000
vt 0.750000 0.370000
vt 1.000000 0.370000
vt 0.000000 0.380000
vt 0.250000 0.380000
vt 0.500000 0.380000
vt 0.750000 0.380000
vt 1.000000 0.380000
vt 0.000000 0.390000
vt 0.250000 0.390000
vt 0.500000 0.390000
vt 0.750000 0.390000
vt 1.000000 0.390000
vt 0.000000 0.400000
vt 0.250000 0.400000
vt 0.500000 0.400000
vt 0.750000 0.400000
vt 1.000000 0.400000
vt 0.000000 0.410000
vt 0.250000 0.410000
vt 0.500000 0.410000
vt 0.750000 0.410000
vt 1.000000 0.410000
vt 0.000000 0.420000
vt 0.250000 0.420000
vt 0.500000 0.420000
vt 0.750000 0.420000
vt 1.000000 0.420000
vt 0.000000 0.430000
vt 0.250000 0.430000
vt 0.500000 0.430000
vt 0.750000 0.430000
vt 1.000000 0.430000
vt 0.000000 0.440000
vt 0.250000 0.440000
vt 0.500000 0.440000
vt 0.750000 0.440000
vt 1.000000 0.440000
vt 0.000000 0.450000
vt 0.250000 0.450000
vt 0.500000 0.450000
vt 0.750000 0.450000
vt 1.000000 0.450000
vt 0.000000 0.460000
vt 0.250000 0.460000
vt 0.500000 0.460000
vt 0.750000 0.460000
vt 1.000000 0.460000
vt 0.000000 0.470000
vt 0.250000 0.470000
vt 0.500000 0.470000
vt 0.750000 0.470000
vt 1.000000 0.470000
vt 0.000000 0.480000
vt 0.250000 0.480000
vt 0.500000 0.480000
vt 0.750000 0.480000
vt 1.000000 0.480000
vt 0.000000 0.490000
vt 0.250000 0.490000
vt 0.500000 0.490000
vt 0.750000 0.490000
vt 1.000000 0.490000
vt 0.000000 0.500000
vt 0.250000 0.500000
vt 0.500000 0.500000
vt 0.750000 0.500000
vt 1.000000 0.500000
vt 0.000000 0.510000
vt 0.250000 0.510000
vt 0.500000 0.510000
vt 0.750000 0.510000
vt 1.000000 0.510000
vt 0.000000 0.520000
vt 0.250000 0.520000
vt 0.500000 0.520000
vt 0.750000 0.520000
vt 1.000000 0.520000
vt 0.000000 0.530000
vt 0.250000 0.530000
vt 0.500000 0.530000
vt 0.750000 0.530000
vt 1.000000 0.530000
vt 0.000000 0.540000
vt 0.250000 0.540000
vt 0.500000 0.540000
vt 0.750000 0.540000
vt 1.000000 0.540000
vt 0.000000 0.550000
vt 0.250000 0.550000
vt 0.500000 0.550000
vt 0.750000 0.550000
vt 1.000000 0.550000
vt 0.000000 0.560000
vt 0.250000 0.560000
vt 0.500000 0.560000
vt 0.750000 0.560000
vt 1.000000 0.560000
vt 0.000000 0.570000
vt 0.250000 0.570000
vt 0.500000 0.570000
vt 0.750000 0.570000
vt 1.000000 0.570000
vt 0.000000 0.580000
vt 0.250000 0.580000
vt 0.500000 0.580000
vt 0.750000 0.580000
vt 1.000000 0.580000
vt 0.000000 0.590000
vt 0.250000 0.590000
vt 0.500000 0.590000
vt 0.750000 0.590000
vt 1.000000 0.590000
vt 0.000000 0.600000
vt 0.250000 0.600000
vt 0.500000 0.600000
vt 0.750000 0.600000
vt 1.000000 0.600000
vt 0.000000 0.610000
vt 0.250000 0.610000
vt 0.500000 0.610000
vt 0.750000 0.610000
vt 1.000000 0.610000
vt 0.000000 0.620000
vt 0.250000 0.620000
vt 0.500000 0.620000
vt 0.750000 0.620000
vt 1.000000 0.620000
vt 0.000000 0.630000
vt 0.250000 0.630000
vt 0.500000 0.630000
vt 0.750000 0.630000
vt 1.000000 0.630000
vt 0.000000 0.640000
vt 0.250000 0.640000
vt 0.500000 0.640000
vt 0.750000 0.640000
vt 1.000000 0.640000
vt 0.000000 0.650000
vt 0.250000 0.650000
vt 0.500000 0.650000
vt 0.750000 0.650000
vt 1.000000 0.650000
vt 0.000000 0.660000
vt 0.250000 0.660000
vt 0.500000 0.660000
vt 0.750000 0.660000
vt 1.000000 0.660000
vt 0.000000 0.670000
vt 0.250000 0.670000
vt 0.500000 0.670000
vt 0.750000 0.670000
vt 1.000000 0.670000
vt 0.000000 0.680000
vt 0.250000 0.680000
vt 0.500000 0.680000
vt 0.750000 0.680000
vt 1.000000 0.680000
vt 0.000000 0.690000
vt 0.250000 0.690000
vt 0.500000 0.690000
vt 0.750000 0.690000
vt 1.000000 0.690000
vt 0.000000 0.700000
vt 0.250000 0.700000
vt 0.500000 0.700000
vt 0.750000 0.700000
vt 1.000000 0.700000
vt 0.000000 0.710000
vt 0.250000 0.710000
vt 0.500000 0.710000
vt 0.750000 0.710000
vt 1.000000 0.710000
vt 0.000000 0.720000
vt 0.250000 0.720000
vt 0.500000 0.720000
vt 0.750000 0.720000
vt 1.000000 0.720000
vt 0.000000 0.730000
vt 0.250000 0.730000
vt 0.500000 0.730000
vt 0.750000 0.730000
vt 1.000000 0.730000
vt 0.000000 0.740000
vt 0.250000 0.740000
vt 0.500000 0.740000
vt 0.750000 0.740000
vt 1.000000 0.740000
vt 0.000000 0.750000
vt 0.250000 0.750000
vt 0.500000 0.750000
vt 0.750000 0.750000
vt 1.000000 0.750000
vt 0.000000 0.760000
vt 0.250000 0.760000
vt 0.500000 0.760000
vt 0.750000 0.760000
vt 1.000000 0.760000
vt 0.000000 0.770000
vt 0.250000 0.770000
vt 0.500000 0.770000
vt 0.750000 0.770000
vt 1.000000 0.770000
vt 0.000000 0.780000
vt 0.250000 0.780000
vt 0.500000 0.780000
vt 0.750000 0.780000
vt 1.000000 0.780000
vt 0.000000 0.790000
vt 0.250000 0.790000
vt 0.500000 0.790000
vt 0.750000 0.790000
vt 1.000000 0.790000
vt 0.000000 0.800000
vt 0.250000 0.800000
vt 0.500000 0.800000
vt 0.750000 0.800000
vt 1.000000 0.800000
vt 0.000000 0.810000
vt 0.250000 0.810000
vt 0.500000 0.810000
vt 0.750000 0.810000
vt 1.000000 0.810000
vt 0.000000 0.820000
vt 0.250000 0.820000
vt 0.500000 0.820000
vt 0.750000 0.820000
vt 1.000000 0.820000
vt 0.000000 0.830000
vt 0.250000 0.830000
vt 0.500000 0.830000
vt 0.750000 0.830000
vt 1.000000 0.830000
vt 0.000000 0.840000
vt 0.250000 0.840000
vt 0.500000 0.840000
vt 0.750000 0.840000
vt 1.000000 0.840000
vt 0.000000 0.850000
vt 0.250000 0.850000
vt 0.500000 0.850000
vt 0.750000 0.850000
vt 1.000000 0.850000
vt 0.000000 0.860000
vt 0.250000 0.860000
vt 0.500000 0.860000
vt 0.750000 0.860000
vt 1.000000 0.860000
vt 0.000000 0.870000
vt 0.250000 0.870000
vt 0.500000 0.870000
vt 0.750000 0.870000
vt 1.000000 0.870000
vt 0.000000 0.880000
vt 0.250000 0.880000
vt 0.500000 0.880000
vt 0.750000 0.880000
vt 1.000000 0.880000
vt 0.000000 0.890000
vt 0.250000 0.890000
vt 0.500000 0.890000
vt 0.750000 0.890000
vt 1.000000 0.890000
vt 0.000000 0.900000
vt 0.250000 0.900000
vt 0.500000 0.900000
vt 0.750000 0.900000
vt 1.000000 0.900000
vt 0.000000 0.910000
vt 0.250000 0.910000
vt 0.500000 0.910000
vt 0.750000 0.910000
vt 1.000000 0.910000
vt 0.000000 0.920000
vt 0.250000 0.920000
vt 0.500000 0.920000
vt 0.750000 0.920000
vt 1.000000 0.920000
vt 0.000000 0.930000
vt 0.250000 0.930000
vt 0.500000 0.930000
vt 0.750000 0.930000
vt 1.000000 0.930000
vt 0.000000 0.940000
vt 0.250000 0.940000
vt 0.500000 0.940000
vt 0.750000 0.940000
vt 1.000000 0.940000
vt 0.000000 0.950000
vt 0.250000 0.950000
vt 0.500000 0.950000
vt 0.750000 0.950000
vt 1.000000 0.950000
vt 0.000000 0.960000
vt 0.250000 0.960000
vt 0.500000 0.960000
vt 0.750000 0.960000
vt 1.000000 0.960000
vt 0.000000 0.970000
vt 0.250000 0.970000
vt 0.500000 0.970000
vt 0.750000 0.970000
vt 1.000000 0.970000
vt 0.000000 0.980000
vt 0.250000 0.980000
vt 0.500000 0.980000
vt 0.750000 0.980000
vt 1.000000 0.980000
vt 0.000000 0.990000
vt 0.250000 0.990000
vt 0.500000 0.990000
vt 0.750000 0.990000
vt 1.000000 0.990000
vt 0.000000 1.000000
vt 0.250000 1.000000
vt 0.500000 1.000000
vt 0.750000 1.000000
vt 1.000000 1.000000
vt 0.000000 0.000000
vt 0.250000 0.000000
vt 0.500000 0.000000
vt 0.750000 0.000000
vt 1.000000 0.000000
vt 0.000000 0.010000
vt 0.250000 0.010000
vt 0.500000 0.010000
vt 0.750000 0.010000
vt 1.000000 0.010000
vt 0.000000 0.020000
vt 0.250000 0.020000
vt 0.500000 0.020000
vt 0.750000 0.020000
vt 1.000000 0.020000
vt 0.000000 0.030000
vt 0.250000 0.030000
vt 0.500000 0.030000
vt 0.750000 0.030000
vt 1.000000 0.030000
vt 0.000000 0.040000
vt 0.250000 0.040000
vt 0.500000 0.040000
vt 0.750000 0.040000
vt 1.000000 0.040000
vt 0.000000 0.050000
vt 0.250000 0.050000
vt 0.500000 0.050000
vt 0.750000 0.050000
vt 1.000000 0.050000
vt 0.000000 0.060000
vt 0.250000 0.060000
vt 0.500000 0.060000
vt 0.750000 0.060000
vt 1.000000 0.060000
vt 0.000000 0.070000
vt 0.250000 0.070000
vt 0.500000 0.070000
vt 0.750000 0.070000
vt 1.000000 0.070000
vt 0.000000 0.080000
vt 0.250000 0.080000
vt 0.500000 0.080000
vt 0.750000 0.080000
vt 1.000000 0.080000
vt 0.000000 0.090000
vt 0.250000 0.090000
vt 0.500000 0.090000
vt 0.750000 0.090000
vt 1.000000 0.090000
vt 0.000000 0.100000
vt 0.250000 0.100000
vt 0.500000 0.100000
vt 0.750000 0.100000
vt 1.000000 0.100000
vt 0.000000 0.110000
vt 0.250000 0.110000
vt 0.500000 0.110000
vt 0.750000 0.110000
vt 1.000000 0.110000
vt 0.000000 0.120000
vt 0.250000 0.120000
vt 0.500000 0.120000
vt 0.750000 0.120000
vt 1.000000 0.120000
vt 0.000000 0.130000
vt 0.250000 0.130000
vt 0.500000 0.130000
vt 0.750000 0.130000
vt 1.000000 0.130000
vt 0.000000 0.140000
vt 0.250000 0.140000
vt 0.500000 0.140000
vt 0.750000 0.140000
vt 1.000000 0.140000
vt 0.000000 0.150000
vt 0.250000 0.150000
vt 0.500000 0.150000
vt 0.750000 0.150000
vt 1.000000 0.150000
vt 0.000000 0.160000
vt 0.250000 0.160000
vt 0.500000 0.160000
vt 0.750000 0.160000
vt 1.000000 0.160000
vt 0.000000 0.170000
vt 0.250000 0.170000
vt 0.500000 0.170000
vt 0.750000 0.170000
vt 1.000000 0.170000
vt 0.000000 0.180000
vt 0.250000 0.180000
vt 0.500000 0.180000
vt 0.750000 0.180000
vt 1.000000 0.180000
vt 0.000000 0.190000
vt 0.250000 0.190000
vt 0.500000 0.190000
vt 0.750000 0.190000
vt 1.000000 0.190000
vt 0.000000 0.200000
vt 0.250000 0.200000
vt 0.500000 0.200000
vt 0.750000 0.200000
vt 1.000000 0.200000
vt 0.000000 0.210000
vt 0.250000 0.210000
vt 0.500000 0.210000
vt 0.750000 0.210000
vt 1.000000 0.210000
vt 0.000000 0.220000
vt 0.250000 0.220000
vt 0.500000 0.220000
vt 0.750000 0.220000
vt 1.000000 0.220000
vt 0.000000 0.230000
vt 0.250000 0.230000
vt 0.500000 0.230000
vt 0.750000 0.230000
vt 1.000000 0.230000
vt 0.000000 0.240000
vt 0.250000 0.240000
vt 0.500000 0.240000
vt 0.750000 0.240000
vt 1.000000 0.240000
vt 0.000000 0.250000
vt 0.250000 0.250000
vt 0.500000 0.250000
vt 0.750000 0.250000
vt 1.000000 0.250000
vt 0.000000 0.260000
vt 0.250000 0.260000
vt 0.500000 0.260000
vt 0.750000 0.260000
vt 1.000000 0.260000
vt 0.000000 0.270000
vt 0.250000 0.270000
vt 0.500000 0.270000
vt 0.750000 0.270000
vt 1.000000 0.270000
vt 0.000000 0.280000
vt 0.250000 0.280000
vt 0.500000 0.280000
vt 0.750000 0.280000
vt 1.000000 0.280000
vt 0.000000 0.290000
vt 0.250000 0.290000
vt 0.500000 0.290000
vt 0.750000 0.290000
vt 1.000000 0.290000
vt 0.000000 0.300000
vt 0.250000 0.300000
vt 0.500000 0.300000
vt 0.750000 0.300000
vt 1.000000 0.300000
vt 0.000000 0.310000
vt 0.250000 0.310000
vt 0.500000 0.310000
vt 0.750000 0.310000
vt 1.000000 0.310000
vt 0.000000 0.320000
vt 0.250000 0.320000
vt 0.500000 0.320000
vt 0.750000 0.320000
vt 1.000000 0.320000
vt 0.000000 0.330000
vt 0.250000 0.330000
vt 0.500000 0.330000
vt 0.750000 0.330000
vt 1.000000 0.330000
vt 0.000000 0.340000
vt 0.250000 0.340000
vt 0.500000 0.340000
vt 0.750000 0.340000
vt 1.000000 0.340000
vt 0.000000 0.350000
vt 0.250000 0.350000
vt 0.500000 0.350000
vt 0.750000 0.350000
vt 1.000000 0.350000
vt 0.000000 0.360000
vt 0.250000 0.360000
vt 0.500000 0.360000
vt 0.750000 0.360000
vt 1.000000 0.360000
vt 0.000000 0.370000
vt 0.250000 0.370000
vt 0.500000 0.370000
vt 0.750000 0.370000
vt 1.000000 0.370000
vt 0.000000 0.380000
vt 0.250000 0.380000
vt 0.500000 0.380000
vt 0.750000 0.380000
vt 1.000000 0.380000
vt 0.000000 0.390000
vt 0.250000 0.390000
vt 0.500000 0.390000
vt 0.750000 0.390000
vt 1.000000 0.390000
vt 0.000000 0.400000
vt 0.250000 0.400000
vt 0.500000 0.400000
vt 0.750000 0.400000
vt 1.000000 0.400000
vt 0.000000 0.410000
vt 0.250000 0.410000
vt 0.500000 0.410000
vt 0.750000 0.410000
vt 1.000000 0.410000
vt 0.000000 0.420000
vt 0.250000 0.420000
vt 0.500000 0.420000
vt 0.750000 0.420000
vt 1.000000 0.420000
vt 0.000000 0.430000
vt 0.250000 0.430000
vt 0.500000 0.430000
vt 0.750000 0.430000
vt 1.000000 0.430000
vt 0.000000 0.440000
vt 0.250000 0.440000
vt 0.500000 0.440000
vt 0.750000 0.440000
vt 1.000000 0.440000
vt 0.000000 0.450000
vt 0.250000 0.450000
vt 0.500000 0.450000
vt 0.750000 0.450000
vt 1.000000 0.450000
vt 0.000000 0.460000
vt 0.250000 0.460000
vt 0.500000 0.460000
vt 0.750000 0.460000
vt 1.000000 0.460000
vt 0.000000 0.470000
vt 0.250000 0.470000
vt 0.500000 0.470000
vt 0.750000 0.470000
vt 1.000000 0.470000
vt 0.000000 0.480000
vt 0.250000 0.480000
vt 0.500000 0.480000
vt 0.750000 0.480000
vt 1.000000 0.480000
vt 0.000000 0.490000
vt 0.250000 0.490000
vt 0.500000 0.490000
vt 0.750000 0.490000
vt 1.000000 0.490000
vt 0.000000 0.500000
vt 0.250000 0.500000
vt 0.500000 0.500000
vt 0.750000 0.500000
vt 1.000000 0.500000
vt 0.000000 0.510000
vt 0.250000 0.510000
vt 0.500000 0.510000
vt 0.750000 0.510000
vt 1.000000 0.510000
vt 0.000000 0.520000
vt 0.250000 0.520000
vt 0.500000 0.520000
vt 0.750000 0.520000
vt 1.000000 0.520000
vt 0.000000 0.530000
vt 0.250000 0.530000
vt 0.500000 0.530000
vt 0.750000 0.530000
vt 1.000000 0.530000
vt 0.000000 0.540000
vt 0.250000 0.540000
vt 0.500000 0.540000
vt 0.750000 0.540000
vt 1.000000 0.540000
vt 0.000000 0.550000
vt 0.250000 0.550000
vt 0.500000 0.550000
vt 0.750000 0.550000
vt 1.000000 0.550000
vt 0.000000 0.560000
vt 0.250000 0.560000
vt 0.500000 0.560000
vt 0.750000 0.560000
vt 1.000000 0.560000
vt 0.000000 0.570000
vt 0.250000 0.570000
vt 0.500000 0.570000
vt 0.750000 0.570000
vt 1.000000 0.570000
vt 0.000000 0.580000
vt 0.250000 0.580000
vt 0.500000 0.580000
vt 0.750000 0.580000
vt 1.000000 0.580000
vt 0.000000 0.590000
vt 0.250000 0.590000
vt 0.500000 0.590000
vt 0.750000 0.590000
vt 1.000000 0.590000
vt 0.000000 0.600000
vt 0.250000 0.600000
vt 0.500000 0.600000
vt 0.750000 0.600000
vt 1.000000 0.600000
vt 0.000000 0.610000
vt 0.250000 0.610000
vt 0.500000 0.610000
vt 0.750000 0.610000
vt 1.000000 0.610000
vt 0.000000 0.620000
vt 0.250000 0.620000
vt 0.500000 0.620000
vt 0.750000 0.620000
vt 1.000000 0.620000
vt 0.000000 0.630000
vt 0.250000 0.630000
vt 0.500000 0.630000
vt 0.750000 0.630000
vt 1.000000 0.630000
vt 0.000000 0.640000
vt 0.250000 0.640000
vt 0.500000 0.640000
vt 0.750000 0.640000
vt 1.000000 0.640000
vt 0.000000 0.650000
vt 0.250000 0.650000
vt 0.500000 0.650000
vt 0.750000 0.650000
vt 1.000000 0.650000
vt 0.000000 0.660000
vt 0.250000 0.660000
vt 0.500000 0.660000
vt 0.750000 0.660000
vt 1.000000 0.660000
vt 0.000000 0.670000
vt 0.250000 0.670000
vt 0.500000 0.670000
vt 0.750000 0.670000
vt 1.000000 0.670000
vt 0.000000 0.680000
vt 0.250000 0.680000
vt 0.500000 0.680000
vt 0.750000 0.680000
vt 1.000000 0.680000
vt 0.000000 0.690000
vt 0.250000 0.690000
vt 0.500000 0.690000
vt 0.750000 0.690000
vt 1.000000 0.690000
vt 0.000000 0.700000
vt 0.250000 0.700000
vt 0.500000 0.700000
vt 0.750000 0.700000
vt 1.000000 0.700000
vt 0.000000 0.710000
vt 0.250000 0.710000
vt 0.500000 0.710000
vt 0.750000 0.710000
vt 1.000000 0.710000
vt 0.000000 0.720000
vt 0.250000 0.720000
vt 0.500000 0.720000
vt 0.750000 0.720000
vt 1.000000 0.720000
vt 0.000000 0.730000
vt 0.250000 0.730000
vt 0.500000 0.730000
vt 0.750000 0.730000
vt 1.000000 0.730000
vt 0.000000 0.740000
vt 0.250000 0.740000
vt 0.500000 0.740000
vt 0.750000 0.740000
vt 1.000000 0.740000
vt 0.000000 0.750000
vt 0.250000 0.750000
vt 0.500000 0.750000
vt 0.750000 0.750000
vt 1.000000 0.750000
vt 0.000000 0.760000
vt 0.250000 0.760000
vt 0.500000 0.760000
vt 0.750000 0.760000
vt 1.000000 0.760000
vt 0.000000 0.770000
vt 0.250000 0.770000
vt 0.500000 0.770000
vt 0.750000 0.770000
vt 1.000000 0.770000
vt 0.000000 0.780000
vt 0.250000 0.780000
vt 0.500000 0.780000
vt 0.750000 0.780000
vt 1.000000 0.780000
vt 0.000000 0.790000
vt 0.250000 0.790000
vt 0.500000 0.790000
vt 0.750000 0.790000
vt 1.000000 0.790000
vt 0.000000 0.800000
vt 0.250000 0.800000
vt 0.500000 0.800000
vt 0.750000 0.800000
vt 1.000000 0.800000
vt 0.000000 0.810000
vt 0.250000 0.810000
vt 0.500000 0.810000
vt 0.750000 0.810000
vt 1.000000 0.810000
vt 0.000000 0.820000
vt 0.250000 0.820000
vt 0.500000 0.820000
vt 0.750000 0.820000
vt 1.000000 0.820000
vt 0.000000 0.830000
vt 0.250000 0.830000
vt 0.500000 0.830000
vt 0.750000 0.830000
vt 1.000000 0.830000
vt 0.000000 0.840000
vt 0.250000 0.840000
vt 0.500000 0.840000
vt 0.750000 0.840000
vt 1.000000 0.840000
vt 0.000000 0.850000
vt 0.250000 0.850000
vt 0.500000 0.850000
vt 0.750000 0.850000
vt 1.000000 0.850000
vt 0.000000 0.860000
vt 0.250000 0.860000
vt 0.500000 0.860000
vt 0.750000 0.860000
vt 1.000000 0.860000
vt 0.000000 0.870000
vt 0.250000 0.870000
vt 0.500000 0.870000
vt 0.750000 0.870000
vt 1.000000 0.870000
vt 0.000000 0.880000
vt 0.250000 0.880000
vt 0.500000 0.880000
vt 0.750000 0.880000
vt 1.000000 0.880000
vt 0.000000 0.890000
vt 0.250000 0.890000
vt 0.500000 0.890000
vt 0.750000 0.890000
vt 1.000000 0.890000
vt 0.000000 0.900000
vt 0.250000 0.900000
vt 0.500000 0.900000
vt 0.750000 0.900000
vt 1.000000 0.900000
vt 0.000000 0.910000
vt 0.250000 0.910000
vt 0.500000 0.910000
vt 0.750000 0.910000
vt 1.000000 0.910000
vt 0.000000 0.920000
vt 0.250000 0.920000
vt 0.500000 0.920000
vt 0.750000 0.920000
vt 1.000000 0.920000
vt 0.000000 0.930000
vt 0.250000 0.930000
vt 0.500000 0.930000
vt 0.750000 0.930000
vt 1.000000 0.930000
vt 0.000000 0.940000
vt 0.250000 0.940000
vt 0.500000 0.940000
vt 0.750000 0.940000
vt 1.000000 0.940000
vt 0.000000 0.950000
vt 0.250000 0.950000
vt 0.500000 0.950000
vt 0.750000 0.950000
vt 1.000000 0.950000
vt 0.000000 0.960000
vt 0.250000 0.960000
vt 0.500000 0.960000
vt 0.750000 0.960000
vt 1.000000 0.960000
vt 0.000000 0.970000
vt 0.250000 0.970000
vt 0.500000 0.970000
vt 0.750000 0.970000
vt 1.000000 0.970000
vt 0.000000 0.980000
vt 0.250000 0.980000
vt 0.500000 0.980000
vt 0.750000 0.980000
vt 1.000000 0.980000
vt 0.000000 0.990000
vt 0.250000 0.990000
vt 0.500000 0.990000
vt 0.750000 0.990000
vt 1.000000 0.990000
vt 0.000000 1.000000
vt 0.250000 1.000000
vt 0.500000 1.000000
vt 0.750000 1.000000
vt 1.000000 1.000000
vt 0.000000 0.000000
vt 0.250000 0.000000
vt 0.500000 0.000000
vt 0.750000 0.000000
vt 1.000000 0.000000
vt 0.000000 0.010000
vt 0.250000 0.010000
vt 0.500000 0.010000
vt 0.750000 0.010000
vt 1.000000 0.010000
vt 0.000000 0.020000
vt 0.250000 0.020000
vt 0.500000 0.020000
vt 0.750000 0.020000
vt 1.000000 0.020000
vt 0.000000 0.030000
vt 0.250000 0.030000
vt 0.500000 0.030000
vt 0.750000 0.030000
vt 1.000000 0.030000
vt 0.000000 0.040000
vt 0.250000 0.040000
vt 0.500000 0.040000
vt 0.750000 0.040000
vt 1.000000 0.040000
vt 0.000000 0.050000
vt 0.250000 0.050000
vt 0.500000 0.050000
vt 0.750000 0.050000
vt 1.000000 0.050000
vt 0.000000 0.060000
vt 0.250000 0.060000
vt 0.500000 0.060000
vt 0.750000 0.060000
vt 1.000000 0.060000
vt 0.000000 0.070000
vt 0.250000 0.070000
vt 0.500000 0.070000
vt 0.750000 0.070000
vt 1.000000 0.070000
vt 0.000000 0.080000
vt 0.250000 0.080000
vt 0.500000 0.080000
vt 0.750000 0.080000
vt 1.000000 0.080000
vt 0.000000 0.090000
vt 0.250000 0.090000
vt 0.500000 0.090000
vt 0.750000 0.090000
vt 1.000000 0.090000
vt 0.000000 0.100000
vt 0.250000 0.100000
vt 0.500000 0.100000
vt 0.750000 0.100000
vt 1.000000 0.100000
vt 0.000000 0.110000
vt 0.250000 0.110000
vt 0.500000 0.110000
vt 0.750000 0.110000
vt 1.000000 0.110000
vt 0.000000 0.120000
vt 0.250000 0.120000
vt 0.500000 0.120000
vt 0.750000 0.120000
vt 1.000000 0.120000
vt 0.000000 0.130000
vt 0.250000 0.130000
vt 0.500000 0.130000
vt 0.750000 0.130000
vt 1.000000 0.130000
vt 0.000000 0.140000
vt 0.250000 0.140000
vt 0.500000 0.140000
vt 0.750000 0.140000
vt 1.000000 0.140000
vt 0.000000 0.150000
vt 0.250000 0.150000
vt 0.500000 0.150000
vt 0.750000 0.150000
vt 1.000000 0.150000
vt 0.000000 0.160000
vt 0.250000 0.160000
vt 0.500000 0.160000
vt 0.750000 0.160000
vt 1.000000 0.160000
vt 0.000000 0.170000
vt 0.250000 0.170000
vt 0.500000 0.170000
vt 0.750000 0.170000
vt 1.000000 0.170000
vt 0.000000 0.180000
vt 0.250000 0.180000
vt 0.500000 0.180000
vt 0.750000 0.180000
vt 1.000000 0.180000
vt 0.000000 0.190000
vt 0.250000 0.190000
vt 0.500000 0.190000
vt 0.750000 0.190000
vt 1.000000 0.190000
vt 0.000000 0.200000
vt 0.250000 0.200000
vt 0.500000 0.200000
vt 0.750000 0.200000
vt 1.000000 0.200000
vt 0.000000 0.210000
vt 0.250000 0.210000
vt 0.500000 0.210000
vt 0.750000 0.210000
vt 1.000000 0.210000
vt 0.000000 0.220000
vt 0.250000 0.220000
vt 0.500000 0.220000
vt 0.750000 0.220000
vt 1.000000 0.220000
vt 0.000000 0.230000
vt 0.250000 0.230000
vt 0.500000 0.230000
vt 0.750000 0.230000
vt 1.000000 0.230000
vt 0.000000 0.240000
vt 0.250000 0.240000
vt 0.500000 0.240000
vt 0.750000 0.240000
vt 1.000000 0.240000
vt 0.000000 0.250000
vt 0.250000 0.250000
vt 0.500000 0.250000
vt 0.750000 0.250000
vt 1.000000 0.250000
vt 0.000000 0.260000
vt 0.250000 0.260000
vt 0.500000 0.260000
vt 0.750000 0.260000
vt 1.000000 0.260000
vt 0.000000 0.270000
vt 0.250000 0.270000
vt 0.500000 0.270000
vt 0.750000 0.270000
vt 1.000000 0.270000
vt 0.000000 0.280000
vt 0.250000 0.280000
vt 0.500000 0.280000
vt 0.750000 0.280000
vt 1.000000 0.280000
vt 0.000000 0.290000
vt 0.250000 0.290000
vt 0.500000 0.290000
vt 0.750000 0.290000
vt 1.000000 0.290000
vt 0.000000 0.300000
vt 0.250000 0.300000
vt 0.500000 0.300000
vt 0.750000 0.300000
vt 1.000000 0.300000
vt 0.000000 0.310000
vt 0.250000 0.310000
vt 0.500000 0.310000
vt 0.750000 0.310000
vt 1.000000 0.310000
vt 0.000000 0.320000
vt 0.250000 0.320000
vt 0.500000 0.320000
vt 0.750000 0.320000
vt 1.000000 0.320000
vt 0.000000 0.330000
vt 0.250000 0.330000
vt 0.500000 0.330000
vt 0.750000 0.330000
vt 1.000000 0.330000
vt 0.000000 0.340000
vt 0.250000 0.340000
vt 0.500000 0.340000
vt 0.750000 0.340000
vt 1.000000 0.340000
vt 0.000000 0.350000
vt 0.250000 0.350000
vt 0.500000 0.350000
vt 0.750000 0.350000
vt 1.000000 0.350000
vt 0.000000 0.360000
vt 0.250000 0.360000
vt 0.500000 0.360000
vt 0.750000 0.360000
vt 1.000000 0.360000
vt 0.000000 0.370000
vt 0.250000 0.370000
vt 0.500000 0.370000
vt 0.750000 0.370000
vt 1.000000 0.370000
vt 0.000000 0.380000
vt 0.250000 0.380000
vt 0.500000 0.380000
vt 0.750000 0.380000
vt 1.000000 0.380000
vt 0.000000 0.390000
vt 0.250000 0.390000
vt 0.500000 0.390000
vt 0.750000 0.390000
vt 1.000000 0.390000
vt 0.000000 0.400000
vt 0.250000 0.400000
vt 0.500000 0.400000
vt 0.750000 0.400000
vt 1.000000 0.400000
vt 0.000000 0.410000
vt 0.250000 0.410000
vt 0.500000 0.410000
vt 0.750000 0.410000
vt 1.000000 0.410000
vt 0.000000 0.420000
vt 0.250000 0.420000
vt 0.500000 0.420000
vt 0.750000 0.420000
vt 1.000000 0.420000
vt 0.000000 0.430000
vt 0.250000 0.430000
vt 0.500000 0.430000
vt 0.750000 0.430000
vt 1.000000 0.430000
vt 0.000000 0.440000
vt 0.250000 0.440000
vt 0.500000 0.440000
vt 0.750000 0.440000
vt 1.000000 0.440000
vt 0.000000 0.450000
vt 0.250000 0.450000
vt 0.500000 0.450000
vt 0.750000 0.450000
vt 1.000000 0.450000
vt 0.000000 0.460000
vt 0.250000 0.460000
vt 0.500000 0.460000
vt 0.750000 0.460000
vt 1.000000 0.460000
vt 0.000000 0.470000
vt 0.250000 0.470000
vt 0.500000 0.470000
vt 0.750000 0.470000
vt 1.000000 0.470000
vt 0.000000 0.480000
vt 0.250000 0.480000
vt 0.500000 0.480000
vt 0.750000 0.480000
vt 1.000000 0.480000
vt 0.000000 0.490000
vt 0.250000 0.490000
vt 0.500000 0.490000
vt 0.750000 0.490000
vt 1.000000 0.490000
vt 0.000000 0.500000
vt 0.250000 0.500000
vt 0.500000 0.500000
vt 0.750000 0.500000
vt 1.000000 0.500000
vt 0.000000 0.510000
vt 0.250000 0.510000
vt 0.500000 0.510000
vt 0.750000 0.510000
vt 1.000000 0.510000
vt 0.000000 0.520000
vt 0.250000 0.520000
vt 0.500000 0.520000
vt 0.750000 0.520000
vt 1.000000 0.520000
vt 0.000000 0.530000
vt 0.250000 0.530000
vt 0.500000 0.530000
vt 0.750000 0.530000
vt 1.000000 0.530000
vt 0.000000 0.540000
vt 0.250000 0.540000
vt 0.500000 0.540000
vt 0.750000 0.540000
vt 1.000000 0.540000
vt 0.000000 0.550000
vt 0.250000 0.550000
vt 0.500000 0.550000
vt 0.750000 0.550000
vt 1.000000 0.550000
vt 0.000000 0.560000
vt 0.250000 0.560000
vt 0.500000 0.560000
vt 0.750000 0.560000
vt 1.000000 0.560000
vt 0.000000 0.570000
vt 0.250000 0.570000
vt 0.500000 0.570000
vt 0.750000 0.570000
vt 1.000000 0.570000
vt 0.000000 0.580000
vt 0.250000 0.580000
vt 0.500000 0.580000
vt 0.750000 0.580000
vt 1.000000 0.580000
vt 0.000000 0.590000
vt 0.250000 0.590000
vt 0.500000 0.590000
vt 0.750000 0.590000
vt 1.000000 0.590000
vt 0.000000 0.600000
vt 0.250000 0.600000
vt 0.500000 0.600000
vt 0.750000 0.600000
vt 1.000000 0.600000
vt 0.000000 0.610000
vt 0.250000 0.610000
vt 0.500000 0.610000
vt 0.750000 0.610000
vt 1.000000 0.610000
vt 0.000000 0.620000
vt 0.250000 0.620000
vt 0.500000 0.620000
vt 0.750000 0.620000
vt 1.000000 0.620000
vt 0.000000 0.630000
vt 0.250000 0.630000
vt 0.500000 0.630000
vt 0.750000 0.630000
vt 1.000000 0.630000
vt 0.000000 0.640000
vt 0.250000 0.640000
vt 0.500000 0.640000
vt 0.750000 0.640000
vt 1.000000 0.640000
vt 0.000000 0.650000
vt 0.250000 0.650000
vt 0.500000 0.650000
vt 0.750000 0.650000
vt 1.000000 0.650000
vt 0.000000 0.660000
vt 0.250000 0.660000
vt 0.500000 0.660000
vt 0.750000 0.660000
vt 1.000000 0.660000
vt 0.000000 0.670000
vt 0.250000 0.670000
vt 0.500000 0.670000
vt 0.750000 0.670000
vt 1.000000 0.670000
vt 0.000000 0.680000
vt 0.250000 0.680000
vt 0.500000 0.680000
vt 0.750000 0.680000
vt 1.000000 0.680000
vt 0.000000 0.690000
vt 0.250000 0.690000
vt 0.500000 0.690000
vt 0.750000 0.690000
vt 1.000000 0.690000
vt 0.000000 0.700000
vt 0.250000 0.700000
vt 0.500000 0.700000
vt 0.750000 0.700000
vt 1.000000 0.700000
vt 0.000000 0.710000
vt 0.250000 0.710000
vt 0.500000 0.710000
vt 0.750000 0.710000
vt 1.000000 0.710000
vt 0.000000 0.720000
vt 0.250000 0.720000
vt 0.500000 0.720000
vt 0.750000 0.720000
vt 1.000000 0.720000
vt 0.000000 0.730000
vt 0.250000 0.730000
vt 0.500000 0.730000
vt 0.750000 0.730000
vt 1.000000 0.730000
vt 0.000000 0.740000
vt 0.250000 0.740000
vt 0.500000 0.740000
vt 0.750000 0.740000
vt 1.000000 0.740000
vt 0.000000 0.750000
vt 0.250000 0.750000
vt 0.500000 0.750000
vt 0.750000 0.750000
vt 1.000000 0.750000
vt 0.000000 0.760000
vt 0.250000 0.760000
vt 0.500000 0.760000
vt 0.750000 0.760000
vt 1.000000 0.760000
vt 0.000000 0.770000
vt 0.250000 0.770000
vt 0.500000 0.770000
vt 0.750000 0.770000
vt 1.000000 0.770000
vt 0.000000 0.780000
vt 0.250000 0.780000
vt 0.500000 0.780000
vt 0.750000 0.780000
vt 1.000000 0.780000
vt 0.000000 0.790000
vt 0.250000 0.790000
vt 0.500000 0.790000
vt 0.750000 0.790000
vt 1.000000 0.790000
vt 0.000000 0.800000
vt 0.250000 0.800000
vt 0.500000 0.800000
vt 0.750000 0.800000
vt 1.000000 0.800000
vt 0.000000 0.810000
vt 0.250000 0.810000
vt 0.500000 0.810000
vt 0.750000 0.810000
vt 1.000000 0.810000
vt 0.000000 0.820000
vt 0.250000 0.820000
vt 0.500000 0.820000
vt 0.750000 0.820000
vt 1.000000 0.820000
vt 0.000000 0.830000
vt 0.250000 0.830000
vt 0.500000 0.830000
vt 0.750000 0.830000
vt 1.000000 0.830000
vt 0.000000 0.840000
vt 0.250000 0.840000
vt 0.500000 0.840000
vt 0.750000 0.840000
vt 1.000000 0.840000
vt 0.000000 0.850000
vt 0.250000 0.850000
vt 0.500000 0.850000
vt 0.750000 0.850000
vt 1.000000 0.850000
vt 0.000000 0.860000
vt 0.250000 0.860000
vt 0.500000 0.860000
vt 0.750000 0.860000
vt 1.000000 0.860000
vt 0.000000 0.870000
vt 0.250000 0.870000
vt 0.500000 0.870000
vt 0.750000 0.870000
vt 1.000000 0.870000
vt 0.000000 0.880000
vt 0.250000 0.880000
vt 0.500000 0.880000
vt 0.750000 0.880000
vt 1.000000 0.880000
vt 0.000000 0.890000
vt 0.250000 0.890000
vt 0.500000 0.890000
vt 0.750000 0.890000
vt 1.000000 0.890000
vt 0.000000 0.900000
vt 0.250000 0.900000
vt 0.500000 0.900000
vt 0.750000 0.900000
vt 1.000000 0.900000
vt 0.000000 0.910000
vt 0.250000 0.910000
vt 0.500000 0.910000
vt 0.750000 0.910000
vt 1.000000 0.910000
vt 0.000000 0.920000
vt 0.250000 0.920000
vt 0.500000 0.920000
vt 0.750000 0.920000
vt 1.000000 0.920000
vt 0.000000 0.930000
vt 0.250000 0.930000
vt 0.500000 0.930000
vt 0.750000 0.930000
vt 1.000000 0.930000
vt 0.000000 0.940000
vt 0.250000 0.940000
vt 0.500000 0.940000
vt 0.750000 0.940000
vt 1.000000 0.940000
vt 0.000000 0.950000
vt 0.250000 0.950000
vt 0.500000 0.950000
vt 0.750000 0.950000
vt 1.000000 0.950000
vt 0.000000 0.960000
vt 0.250000 0.960000
vt 0.500000 0.960000
vt 0.750000 0.960000
vt 1.000000 0.960000
vt 0.000000 0.970000
vt 0.250000 0.970000
vt 0.500000 0.970000
vt 0.750000 0.970000
vt 1.000000 0.970000
vt 0.000000 0.980000
vt 0.250000 0.980000
vt 0.500000 0.980000
vt 0.750000 0.980000
vt 1.000000 0.980000
vt 0.000000 0.990000
vt 0.250000 0.990000
vt 0.500000 0.990000
vt 0.750000 0.990000
vt 1.000000 0.990000
vt 0.000000 1.000000
vt 0.250000 1.000000
vt 0.500000 1.000000
vt 0.750000 1.000000
vt 1.000000 1.000000
vn -0.027159 0.998622 -0.044916
vn -0.022488 0.998843 -0.042511
vn -0.004597 0.999219 -0.039238
vn 0.012109 0.999261 -0.036479
vn 0.019245 0.999212 -0.034701
vn -0.051898 0.995954 -0.073359
vn -0.050642 0.995301 -0.082530
vn -0.011304 0.996981 -0.076821
vn 0.018862 0.997256 -0.071581
vn 0.040170 0.995904 -0.081001
vn -0.139789 0.977142 -0.160162
vn -0.117368 0.979738 -0.162292
vn -0.028937 0.987592 -0.154354
vn 0.026912 0.989140 -0.144494
vn 0.078882 0.984920 -0.153981
vn -0.259604 0.935915 -0.238051
vn -0.195658 0.951922 -0.235719
vn -0.051091 0.971347 -0.232110
vn 0.028439 0.975071 -0.220061
vn 0.142251 0.962552 -0.230778
vn -0.396737 0.868344 -0.297622
vn -0.271567 0.914323 -0.300442
vn -0.068486 0.948404 -0.309579
vn 0.035344 0.953557 -0.299133
vn 0.248949 0.918239 -0.307996
vn -0.525125 0.782635 -0.334255
vn -0.331487 0.873250 -0.357142
vn -0.070097 0.919602 -0.386548
vn 0.062472 0.922202 -0.381628
vn 0.403217 0.835037 -0.374339
vn -0.625705 0.695881 -0.352480
vn -0.365829 0.835637 -0.409732
vn -0.044878 0.885227 -0.462989
vn 0.125351 0.876231 -0.465302
vn 0.578793 0.703622 -0.412208
vn -0.694469 0.621863 -0.361938
vn -0.368250 0.805749 -0.463855
vn 0.016611 0.842945 -0.537744
vn 0.234899 0.806438 -0.542661
vn 0.730173 0.543791 -0.413689
vn -0.735893 0.566004 -0.371618
vn -0.332168 0.783568 -0.525058
vn 0.119543 0.786373 -0.606074
vn 0.386933 0.701789 -0.598142
vn 0.832985 0.391947 -0.390529
vn -0.754999 0.528340 -0.388373
vn -0.247469 0.763441 -0.596588
vn 0.259551 0.706882 -0.657991
vn 0.553444 0.562277 -0.614446
vn 0.893299 0.268942 -0.360121
vn -0.753313 0.507373 -0.418440
vn -0.100816 0.731178 -0.674696
vn 0.417842 0.600584 -0.681694
vn 0.696467 0.408963 -0.589647
vn 0.926293 0.176169 -0.333084
vn -0.730315 0.492985 -0.472870
vn 0.119217 0.642487 -0.756966
vn 0.555726 0.475274 -0.682117
vn 0.795245 0.275359 -0.540151
vn 0.938910 0.129755 -0.318767
vn -0.666890 0.470886 -0.577516
vn 0.344524 0.494081 -0.798240
vn 0.644953 0.363234 -0.672381
vn 0.844331 0.189408 -0.501228
vn 0.939664 0.105985 -0.325269
vn -0.510569 0.451496 -0.731758
vn 0.510043 0.335144 -0.792171
vn 0.707136 0.254316 -0.659759
vn 0.869767 0.115706 -0.479706
vn 0.936179 0.074992 -0.343431
vn -0.203973 0.381295 -0.901670
vn 0.619645 0.181007 -0.763726
vn 0.744293 0.153005 -0.650091
vn 0.882219 0.052165 -0.467940
vn 0.926125 0.046195 -0.374377
vn 0.229290 0.212546 -0.949869
vn 0.680154 0.040704 -0.731938
vn 0.759764 0.058108 -0.647597
vn 0.884838 -0.004036 -0.465881
vn 0.905475 0.019710 -0.423941
vn 0.567036 0.030542 -0.823127
vn 0.702019 -0.063102 -0.709357
vn 0.754550 -0.013214 -0.656110
vn 0.878822 -0.041275 -0.475361
vn 0.864131 0.013728 -0.503080
vn 0.735699 -0.061825 -0.674481
vn 0.697623 -0.115051 -0.707167
vn 0.732657 -0.041282 -0.679345
vn 0.865420 -0.046230 -0.498910
vn 0.776668 0.051753 -0.627781
vn 0.814813 -0.105285 -0.570084
vn 0.668321 -0.144906 -0.729622
vn 0.688462 -0.046761 -0.723764
vn 0.840554 -0.032794 -0.540734
vn 0.573277 0.133674 -0.808384
vn 0.850866 -0.140273 -0.506311
vn 0.604851 -0.172470 -0.777437
vn 0.611495 -0.047803 -0.789803
vn 0.795923 -0.012906 -0.605261
vn 0.155373 0.238125 -0.958726
vn 0.864237 -0.170413 -0.473343
vn 0.490602 -0.194473 -0.849406
vn 0.485142 -0.041937 -0.873429
vn 0.716431 0.016096 -0.697473
vn -0.334456 0.290705 -0.896454
vn 0.862731 -0.197498 -0.465500
vn 0.302630 -0.202953 -0.931249
vn 0.293125 -0.026653 -0.955703
vn 0.576251 0.056755 -0.815300
vn -0.627682 0.280735 -0.726088
vn 0.847721 -0.222387 -0.481574
vn 0.033960 -0.185473 -0.982062
vn 0.042416 -0.002142 -0.999098
vn 0.347181 0.107187 -0.931652
vn -0.762644 0.255817 -0.594080
vn 0.815097 -0.245413 -0.524776
vn -0.264461 -0.137416 -0.954556
vn -0.216933 0.025833 -0.975845
vn 0.043446 0.154234 -0.987079
vn -0.826070 0.232642 -0.513308
vn 0.751815 -0.266064 -0.603311
vn -0.508916 -0.074815 -0.857559
vn -0.427622 0.049664 -0.902592
vn -0.248993 0.181157 -0.951412
vn -0.857240 0.212521 -0.469015
vn 0.624936 -0.280502 -0.728542
vn -0.668811 -0.017656 -0.743223
vn -0.572523 0.066089 -0.817221
vn -0.460347 0.186711 -0.867882
vn -0.871361 0.193862 -0.450719
vn 0.363928 -0.272443 -0.890692
vn -0.763736 0.026615 -0.644980
vn -0.664601 0.075796 -0.743344
vn -0.591101 0.179667 -0.786333
vn -0.873863 0.174603 -0.453737
vn -0.079300 -0.206170 -0.975298
vn -0.819271 0.058808 -0.570384
vn -0.721135 0.080475 -0.688105
vn -0.666980 0.166318 -0.726275
vn -0.865040 0.152284 -0.478032
vn -0.507715 -0.093850 -0.856398
vn -0.852128 0.081681 -0.516919
vn -0.754279 0.081504 -0.651475
vn -0.707941 0.148986 -0.690379
vn -0.840087 0.123502 -0.528206
vn -0.742276 -0.005140 -0.670075
vn -0.871481 0.097768 -0.480585
vn -0.770915 0.079781 -0.631922
vn -0.724480 0.127912 -0.677324
vn -0.784504 0.082696 -0.614585
vn -0.848191 0.046708 -0.527626
vn -0.882049 0.109074 -0.458359
vn -0.774100 0.075854 -0.628502
vn -0.719929 0.102436 -0.686447
vn -0.659581 0.020167 -0.751362
vn -0.898072 0.075686 -0.433288
vn -0.886026 0.117188 -0.448581
vn -0.763964 0.070049 -0.641445
vn -0.691593 0.071474 -0.718742
vn -0.376826 -0.074877 -0.923253
vn -0.923594 0.092203 -0.372119
vn -0.884009 0.123417 -0.450884
vn -0.737746 0.062592 -0.672170
vn -0.629772 0.033801 -0.776045
vn 0.111754 -0.175404 -0.978133
vn -0.937348 0.101872 -0.333168
vn -0.875283 0.128865 -0.466127
vn -0.689023 0.053724 -0.722746
vn -0.515392 -0.011163 -0.856882
vn 0.541698 -0.209535 -0.814038
vn -0.944589 0.107680 -0.310091
vn -0.857602 0.134482 -0.496420
vn -0.606378 0.043889 -0.793964
vn -0.322296 -0.060595 -0.944698
vn 0.758293 -0.190910 -0.623334
vn -0.947580 0.111243 -0.299528
vn -0.826393 0.141038 -0.545144
vn -0.473481 0.034051 -0.880145
vn -0.043816 -0.103194 -0.993696
vn 0.855635 -0.157863 -0.492918
vn -0.947154 0.113436 -0.300052
vn -0.773132 0.148982 -0.616499
vn -0.277243 0.026120 -0.960445
vn 0.261056 -0.122130 -0.957567
vn 0.902970 -0.122911 -0.411750
vn -0.943231 0.114752 -0.311685
vn -0.682978 0.157958 -0.713155
vn -0.030564 0.022825 -0.999272
vn 0.504988 -0.113650 -0.855611
vn 0.927911 -0.088781 -0.362076
vn -0.934800 0.115537 -0.335857
vn -0.534402 0.165676 -0.828834
vn 0.216051 0.026005 -0.976036
vn 0.662452 -0.089140 -0.743781
vn 0.941322 -0.056064 -0.332822
vn -0.919417 0.116196 -0.375727
vn -0.311671 0.166810 -0.935433
vn 0.413115 0.034942 -0.910008
vn 0.755776 -0.059306 -0.652139
vn 0.947827 -0.024881 -0.317814
vn -0.891801 0.117376 -0.436936
vn -0.038120 0.155877 -0.987041
vn 0.548483 0.047362 -0.834819
vn 0.810238 -0.029191 -0.585373
vn 0.949481 0.004860 -0.313787
vn -0.840366 0.120094 -0.528547
vn 0.218977 0.134660 -0.966393
vn 0.634525 0.061177 -0.770477
vn 0.841836 -0.000489 -0.539734
vn 0.947060 0.033474 -0.319308
vn -0.739045 0.125494 -0.661864
vn 0.410537 0.110997 -0.905063
vn 0.686649 0.074955 -0.723115
vn 0.859337 0.026484 -0.510723
vn 0.940443 0.061552 -0.334334
vn -0.534677 0.132836 -0.834551
vn 0.534741 0.090092 -0.840200
vn 0.715776 0.087731 -0.692798
vn 0.867313 0.051924 -0.495048
vn 0.928530 0.090011 -0.360180
vn -0.174260 0.134107 -0.975525
vn 0.609066 0.072592 -0.789791
vn 0.728193 0.098790 -0.678215
vn 0.867931 0.076202 -0.490804
vn 0.908666 0.120145 -0.399863
vn 0.245703 0.119315 -0.961974
vn 0.648820 0.056958 -0.758807
vn 0.726733 0.107525 -0.678453
vn 0.861807 0.099718 -0.497339
vn 0.875130 0.153669 -0.458840
vn 0.541607 0.097220 -0.834991
vn 0.662631 0.041036 -0.747821
vn 0.711510 0.113328 -0.693477
vn 0.848258 0.122812 -0.515146
vn 0.815418 0.192542 -0.545913
vn 0.700850 0.078532 -0.708973
vn 0.653165 0.022535 -0.756880
vn 0.680021 0.115465 -0.724044
vn 0.825125 0.145679 -0.545845
vn 0.701592 0.237459 -0.671849
vn 0.782324 0.063471 -0.619629
vn 0.617738 -0.000888 -0.786383
vn 0.626674 0.112899 -0.771060
vn 0.788088 0.168217 -0.592132
vn 0.477878 0.280601 -0.832403
vn 0.823753 0.049219 -0.564808
vn 0.547933 -0.031436 -0.835931
vn 0.542204 0.104121 -0.833771
vn 0.729350 0.189701 -0.657315
vn 0.096430 0.289905 -0.952185
vn 0.842267 0.033356 -0.538028
vn 0.429538 -0.070267 -0.900311
vn 0.414642 0.087216 -0.905795
vn 0.635827 0.208025 -0.743270
vn -0.323662 0.236144 -0.916231
vn 0.844301 0.014108 -0.535684
vn 0.248112 -0.114945 -0.961888
vn 0.236135 0.060920 -0.969809
vn 0.489178 0.218379 -0.844403
vn -0.601059 0.157352 -0.783561
vn 0.829952 -0.010007 -0.557744
vn 0.008567 -0.156119 -0.987701
vn 0.017940 0.027157 -0.999470
vn 0.276071 0.212720 -0.937302
vn -0.742369 0.092310 -0.663602
vn 0.793162 -0.040555 -0.607659
vn -0.245450 -0.180588 -0.952440
vn -0.202841 -0.007563 -0.979182
vn 0.015475 0.184974 -0.982622
vn -0.810913 0.045892 -0.583364
vn 0.717942 -0.079343 -0.691566
vn -0.458521 -0.183105 -0.869615
vn -0.387166 -0.035998 -0.921307
vn -0.233528 0.141036 -0.962067
vn -0.843176 0.013462 -0.537469
vn 0.569932 -0.127096 -0.811803
vn -0.609397 -0.169287 -0.774582
vn -0.520647 -0.054969 -0.852001
vn -0.422311 0.095578 -0.901398
vn -0.855025 -0.009302 -0.518503
vn 0.296001 -0.176388 -0.938760
vn -0.707943 -0.146933 -0.690816
vn -0.609668 -0.065063 -0.789982
vn -0.545289 0.058354 -0.836215
vn -0.852239 -0.025580 -0.522527
vn -0.100613 -0.200677 -0.974477
vn -0.770880 -0.120996 -0.625383
vn -0.666088 -0.068085 -0.742759
vn -0.618257 0.031236 -0.785355
vn -0.834738 -0.038034 -0.549331
vn -0.464541 -0.181458 -0.866761
vn -0.810939 -0.093794 -0.577564
vn -0.699488 -0.065649 -0.711623
vn -0.656522 0.012427 -0.754205
vn -0.796642 -0.049468 -0.602424
vn -0.688262 -0.140807 -0.711666
vn -0.836002 -0.066209 -0.544718
vn -0.715786 -0.058910 -0.695831
vn -0.669153 -0.000676 -0.743125
vn -0.722208 -0.063425 -0.688762
vn -0.806274 -0.100062 -0.583018
vn -0.850539 -0.038427 -0.524507
vn -0.717759 -0.048663 -0.694589
vn -0.659347 -0.010592 -0.751764
vn -0.575579 -0.084406 -0.813379
vn -0.868942 -0.064256 -0.490724
vn -0.856825 -0.010290 -0.515505
vn -0.705565 -0.035520 -0.707754
vn -0.625044 -0.019656 -0.780342
vn -0.293946 -0.114768 -0.948907
vn -0.903798 -0.032485 -0.426725
vn -0.855602 0.018526 -0.517302
vn -0.676768 -0.020057 -0.735923
vn -0.558410 -0.030103 -0.829019
vn 0.131095 -0.143013 -0.981000
vn -0.923721 -0.003040 -0.383054
vn -0.846284 0.048406 -0.530528
vn -0.625833 -0.002981 -0.779951
vn -0.444797 -0.043968 -0.894551
vn 0.514058 -0.150652 -0.844422
vn -0.934723 0.025445 -0.354466
vn -0.826757 0.079660 -0.556891
vn -0.543363 0.014610 -0.839371
vn -0.265615 -0.062275 -0.962066
vn 0.731652 -0.144464 -0.666195
vn -0.939609 0.053846 -0.337987
vn -0.792696 0.112318 -0.599180
vn -0.416579 0.030787 -0.908578
vn -0.016923 -0.082971 -0.996408
vn 0.837176 -0.136320 -0.529673
vn -0.939547 0.082595 -0.332310
vn -0.736233 0.145670 -0.660864
vn -0.235522 0.042339 -0.970946
vn 0.259222 -0.100102 -0.960616
vn 0.889572 -0.129314 -0.438110
vn -0.934671 0.111750 -0.337493
vn -0.644076 0.177252 -0.744143
vn -0.009264 0.045419 -0.998925
vn 0.492664 -0.109065 -0.863358
vn 0.917226 -0.123240 -0.378826
vn -0.924175 0.141067 -0.354965
vn -0.497333 0.200938 -0.843969
vn 0.223135 0.038517 -0.974026
vn 0.651825 -0.111039 -0.750196
vn 0.932394 -0.117485 -0.341817
vn -0.905879 0.170046 -0.387902
vn -0.281660 0.205504 -0.937249
vn 0.416884 0.024623 -0.908626
vn 0.749259 -0.109403 -0.653178
vn 0.940508 -0.111552 -0.320938
vn -0.874905 0.197852 -0.442036
vn -0.015775 0.180172 -0.983509
vn 0.554602 0.008594 -0.832072
vn 0.806994 -0.106336 -0.580908
vn 0.944012 -0.104997 -0.312757
vn -0.820256 0.222777 -0.526830
vn 0.238698 0.128532 -0.962550
vn 0.643619 -0.006213 -0.765321
vn 0.840893 -0.102622 -0.531383
vn 0.943862 -0.097259 -0.315698
vn -0.716475 0.240143 -0.654977
vn 0.430197 0.067937 -0.900175
vn 0.697650 -0.018371 -0.716203
vn 0.860171 -0.098251 -0.500452
vn 0.940039 -0.087466 -0.329662
vn -0.509547 0.236055 -0.827430
vn 0.552908 0.012305 -0.833152
vn 0.727548 -0.027511 -0.685505
vn 0.869778 -0.092782 -0.484642
vn 0.931522 -0.074193 -0.356038
vn -0.142160 0.182372 -0.972898
vn 0.623729 -0.033711 -0.780913
vn 0.739875 -0.033642 -0.671903
vn 0.872128 -0.085499 -0.481750
vn 0.915674 -0.055113 -0.398125
vn 0.282512 0.078713 -0.956029
vn 0.658859 -0.070372 -0.748968
vn 0.737671 -0.036813 -0.674157
vn 0.867976 -0.075462 -0.490839
vn 0.886487 -0.026376 -0.462002
vn 0.569508 -0.017877 -0.821791
vn 0.667770 -0.099258 -0.737720
vn 0.721133 -0.036951 -0.691811
vn 0.856672 -0.061506 -0.512181
vn 0.829995 0.018434 -0.557467
vn 0.716117 -0.081915 -0.693157
vn 0.653676 -0.121900 -0.746892
vn 0.687709 -0.033770 -0.725201
vn 0.835908 -0.042219 -0.547244
vn 0.713204 0.089038 -0.695279
vn 0.787662 -0.122092 -0.603889
vn 0.614232 -0.139308 -0.776732
vn 0.631621 -0.026720 -0.774817
vn 0.800883 -0.015914 -0.598610
vn 0.469969 0.191517 -0.861655
vn 0.822135 -0.148702 -0.549529
vn 0.541174 -0.151554 -0.827141
vn 0.543245 -0.015052 -0.839439
vn 0.742709 0.019270 -0.669337
vn 0.062047 0.294307 -0.953695
vn 0.835792 -0.168008 -0.522709
vn 0.419932 -0.157028 -0.893868
vn 0.410186 0.001764 -0.912000
vn 0.646299 0.064681 -0.760338
vn -0.347181 0.332533 -0.876862
vn 0.834399 -0.183589 -0.519686
vn 0.234461 -0.151643 -0.960225
vn 0.224682 0.022907 -0.974163
vn 0.490952 0.118744 -0.863056
vn -0.600301 0.313982 -0.735564
vn 0.817705 -0.197483 -0.540703
vn -0.012405 -0.130390 -0.991385
vn -0.000254 0.044783 -0.998997
vn 0.264356 0.172285 -0.948912
vn -0.731050 0.278046 -0.623102
vn 0.779481 -0.210597 -0.589964
vn -0.274602 -0.094068 -0.956946
vn -0.224567 0.061970 -0.972486
vn -0.005904 0.208255 -0.978057
vn -0.798518 0.240355 -0.551904
vn 0.703350 -0.222219 -0.675217
vn -0.490277 -0.052536 -0.869982
vn -0.408086 0.071197 -0.910163
vn -0.253910 0.216030 -0.942794
vn -0.833218 0.203982 -0.513945
vn 0.553073 -0.227443 -0.801486
vn -0.636833 -0.015536 -0.770845
vn -0.537736 0.073032 -0.839944
vn -0.435612 0.201466 -0.877299
vn -0.848009 0.168907 -0.502345
vn 0.270836 -0.211121 -0.939189
vn -0.727390 0.013690 -0.686088
vn -0.621416 0.069782 -0.780367
vn -0.551266 0.176058 -0.815542
vn -0.847118 0.134469 -0.514110
vn -0.135991 -0.154057 -0.978659
vn -0.781449 0.035932 -0.622934
vn -0.671669 0.063616 -0.738115
vn -0.617926 0.147311 -0.772313
vn -0.829281 0.099646 -0.549876
vn -0.492644 -0.075963 -0.866909
vn -0.812963 0.052915 -0.579907
vn -0.698172 0.056138 -0.713726
vn -0.650070 0.118454 -0.750585
vn -0.787106 0.062789 -0.613614
vn -0.699569 -0.015068 -0.714406
vn -0.830121 0.066194 -0.553640
vn -0.706701 0.048539 -0.705845
vn -0.655762 0.090429 -0.749533
vn -0.702589 0.021264 -0.711278
vn -0.804596 0.022403 -0.593400
vn -0.837318 0.077035 -0.541262
vn -0.699844 0.041791 -0.713072
vn -0.637477 0.063170 -0.767876
vn -0.538749 -0.027947 -0.842002
vn -0.859348 0.043990 -0.509495
vn -0.836598 0.086536 -0.540939
vn -0.677629 0.036760 -0.734484
vn -0.592909 0.036231 -0.804454
vn -0.245785 -0.082671 -0.965793
vn -0.889644 0.056270 -0.453175
vn -0.828392 0.095747 -0.551905
vn -0.637730 0.034258 -0.769498
vn -0.515153 0.009238 -0.857048
vn 0.151066 -0.124320 -0.980675
vn -0.907021 0.063513 -0.416267
vn -0.811732 0.105736 -0.574378
vn -0.575383 0.035036 -0.817133
vn -0.393487 -0.017504 -0.919163
vn 0.492286 -0.134369 -0.860000
vn -0.916694 0.068566 -0.393664
vn -0.784063 0.117582 -0.609442
vn -0.483568 0.039676 -0.874407
vn -0.218449 -0.042036 -0.974943
vn 0.697313 -0.122397 -0.706239
vn -0.920981 0.073479 -0.382615
vn -0.740649 0.132243 -0.658749
vn -0.354837 0.048287 -0.933680
vn 0.004395 -0.060095 -0.998183
vn 0.806376 -0.103104 -0.582346
vn -0.920679 0.079796 -0.382078
vn -0.673678 0.150191 -0.723603
vn -0.186981 0.059955 -0.980532
vn 0.241572 -0.067034 -0.968065
vn 0.865158 -0.082486 -0.494670
vn -0.915506 0.088688 -0.392406
vn -0.571749 0.170583 -0.802499
vn 0.008250 0.072365 -0.997344
vn 0.447770 -0.062060 -0.891993
vn 0.898166 -0.062015 -0.435262
vn -0.904036 0.101009 -0.415350
vn -0.422426 0.189859 -0.886290
vn 0.203577 0.082596 -0.975569
vn 0.599646 -0.048897 -0.798770
vn 0.917001 -0.041905 -0.396678
vn -0.883066 0.117317 -0.454347
vn -0.222788 0.200861 -0.953950
vn 0.370840 0.088877 -0.924434
vn 0.700835 -0.032141 -0.712599
vn 0.927150 -0.022145 -0.374034
vn -0.855966 0.112898 -0.504555
vn 0.384894 0.162697 -0.908508
vn 0.234775 0.041974 -0.971143
vn 0.845654 -0.028682 -0.532961
vn 0.930763 -0.022215 -0.364947
vn -0.016351 0.999152 -0.037792
vn -0.012863 0.999171 -0.038617
vn -0.003680 0.999315 -0.036822
vn 0.011725 0.999200 -0.038223
vn 0.016076 0.999111 -0.038960
vn -0.025059 0.997693 -0.063091
vn -0.024672 0.996803 -0.075993
vn -0.005835 0.997217 -0.074328
vn 0.030375 0.996416 -0.078949
vn 0.031756 0.995280 -0.091707
vn -0.046319 0.989464 -0.137170
vn -0.048844 0.987160 -0.152081
vn -0.003311 0.988125 -0.153618
vn 0.069902 0.983938 -0.164257
vn 0.037972 0.984321 -0.172250
vn -0.054074 0.976162 -0.210199
vn -0.067587 0.971250 -0.228265
vn 0.014264 0.970940 -0.238899
vn 0.109504 0.960893 -0.254347
vn 0.010435 0.967298 -0.253427
vn -0.047206 0.957800 -0.283533
vn -0.073635 0.949439 -0.305195
vn 0.055177 0.942299 -0.330194
vn 0.138003 0.927820 -0.346562
vn -0.057334 0.941151 -0.333089
vn -0.027626 0.933201 -0.358291
vn -0.060742 0.921464 -0.383685
vn 0.124168 0.896795 -0.424665
vn 0.144287 0.887442 -0.437753
vn -0.160846 0.899456 -0.406334
vn -0.000440 0.900496 -0.434864
vn -0.024639 0.885567 -0.463857
vn 0.218374 0.828909 -0.514998
vn 0.120300 0.842866 -0.524505
vn -0.282270 0.838190 -0.466649
vn 0.026177 0.858050 -0.512899
vn 0.035791 0.838347 -0.543961
vn 0.324730 0.738483 -0.590925
vn 0.063299 0.795633 -0.602463
vn -0.396488 0.762509 -0.511250
vn 0.041687 0.805066 -0.591718
vn 0.116911 0.776050 -0.619741
vn 0.424103 0.635116 -0.645572
vn -0.022524 0.745498 -0.666127
vn -0.483597 0.684915 -0.545001
vn 0.034328 0.741118 -0.670497
vn 0.209345 0.697261 -0.685567
vn 0.500939 0.534264 -0.680899
vn -0.125805 0.692090 -0.710763
vn -0.534245 0.616653 -0.578206
vn -0.007646 0.664619 -0.747144
vn 0.299598 0.605108 -0.737621
vn 0.548379 0.448382 -0.705857
vn -0.231065 0.636660 -0.735713
vn -0.543695 0.562763 -0.622650
vn -0.094135 0.567111 -0.818244
vn 0.374652 0.501397 -0.779895
vn 0.547851 0.410728 -0.728808
vn -0.313628 0.606044 -0.730991
vn -0.482975 0.540669 -0.688776
vn -0.231323 0.447528 -0.863833
vn 0.393574 0.418985 -0.818261
vn 0.492246 0.411477 -0.767060
vn -0.351091 0.569091 -0.743553
vn -0.317960 0.504277 -0.802874
vn -0.383315 0.321619 -0.865812
vn 0.370250 0.330820 -0.868028
vn 0.410817 0.381000 -0.828292
vn -0.357549 0.509617 -0.782591
vn -0.041788 0.426950 -0.903309
vn -0.516618 0.195800 -0.833528
vn 0.311328 0.235966 -0.920541
vn 0.293413 0.337845 -0.894298
vn -0.337696 0.439741 -0.832219
vn 0.297109 0.293848 -0.908504
vn -0.618113 0.081306 -0.781873
vn 0.213982 0.131446 -0.967953
vn 0.137116 0.277687 -0.950836
vn -0.286597 0.355840 -0.889517
vn 0.571683 0.147002 -0.807199
vn -0.687654 -0.001522 -0.726037
vn 0.072081 0.046990 -0.996291
vn -0.040846 0.220538 -0.974523
vn -0.201934 0.274507 -0.940143
vn 0.732472 0.061553 -0.678009
vn -0.733148 -0.027973 -0.679493
vn -0.081335 0.021155 -0.996462
vn -0.225539 0.202662 -0.952922
vn -0.071178 0.234782 -0.969438
vn 0.816685 0.043477 -0.575443
vn -0.762476 -0.024350 -0.646558
vn -0.244298 0.023133 -0.969424
vn -0.374768 0.199187 -0.905469
vn 0.076763 0.216308 -0.973303
vn 0.862121 0.046731 -0.504544
vn -0.778475 -0.020670 -0.627335
vn -0.388481 0.020960 -0.921218
vn -0.486374 0.182514 -0.854476
vn 0.228271 0.189473 -0.954983
vn 0.886630 0.054111 -0.459303
vn -0.783240 -0.017331 -0.621478
vn -0.502213 0.014941 -0.864615
vn -0.562992 0.157882 -0.811241
vn 0.364867 0.157746 -0.917599
vn 0.898863 0.063171 -0.433654
vn -0.777678 -0.014629 -0.628492
vn -0.584743 0.005827 -0.811198
vn -0.611012 0.128831 -0.781068
vn 0.475334 0.124658 -0.870929
vn 0.902966 0.071803 -0.423671
vn -0.761632 -0.012606 -0.647887
vn -0.641059 -0.005578 -0.767472
vn -0.636242 0.097165 -0.765346
vn 0.557752 0.092316 -0.824858
vn 0.900727 0.078257 -0.427279
vn -0.733948 -0.010916 -0.679118
vn -0.677103 -0.018529 -0.735655
vn -0.642484 0.063591 -0.763656
vn 0.615694 0.061367 -0.785592
vn 0.892390 0.081145 -0.443909
vn -0.692526 -0.008752 -0.721340
vn -0.697654 -0.032282 -0.715707
vn -0.631405 0.028327 -0.774935
vn 0.654099 0.031772 -0.755741
vn 0.876740 0.079401 -0.474364
vn -0.634459 -0.004871 -0.772941
vn -0.705890 -0.046033 -0.706824
vn -0.602764 -0.008429 -0.797875
vn 0.677181 0.003454 -0.735809
vn 0.850597 0.072169 -0.520842
vn -0.556526 0.002211 -0.830827
vn -0.703544 -0.058900 -0.708207
vn -0.554667 -0.046121 -0.830793
vn 0.687847 -0.023419 -0.725478
vn 0.807524 0.058571 -0.586920
vn -0.456397 0.013775 -0.889669
vn -0.691099 -0.069929 -0.719369
vn -0.483982 -0.083490 -0.871086
vn 0.687733 -0.048438 -0.724346
vn 0.735315 0.037421 -0.676692
vn -0.334772 0.030207 -0.941815
vn -0.667880 -0.078133 -0.740156
vn -0.387286 -0.118250 -0.914345
vn 0.677335 -0.071072 -0.732233
vn 0.612528 0.007177 -0.790416
vn -0.197693 0.050304 -0.978972
vn -0.632026 -0.082522 -0.770541
vn -0.262949 -0.146952 -0.953553
vn 0.656069 -0.090790 -0.749220
vn 0.410394 -0.032551 -0.911327
vn -0.056858 0.071204 -0.995840
vn -0.580462 -0.082145 -0.810133
vn -0.114416 -0.165465 -0.979556
vn 0.622252 -0.107122 -0.775453
vn 0.121780 -0.076191 -0.989628
vn 0.073741 0.089308 -0.993271
vn -0.509166 -0.076178 -0.857291
vn 0.047162 -0.170518 -0.984225
vn 0.573119 -0.119587 -0.810699
vn -0.190458 -0.110654 -0.975439
vn 0.182832 0.101674 -0.977873
vn -0.414285 -0.064147 -0.907884
vn 0.204716 -0.161695 -0.965374
vn 0.505135 -0.127508 -0.853569
vn -0.437492 -0.128224 -0.890033
vn 0.264490 0.106806 -0.958456
vn -0.294758 -0.046368 -0.954446
vn 0.342140 -0.142020 -0.928854
vn 0.415067 -0.129765 -0.900489
vn -0.595639 -0.132759 -0.792205
vn 0.317199 0.104572 -0.942576
vn -0.155912 -0.024470 -0.987468
vn 0.450554 -0.116280 -0.885144
vn 0.302240 -0.124730 -0.945036
vn -0.687638 -0.130070 -0.714308
vn 0.341426 0.095682 -0.935026
vn -0.010879 -0.001403 -0.999940
vn 0.528879 -0.088714 -0.844048
vn 0.171464 -0.110689 -0.978953
vn -0.738042 -0.122902 -0.663467
vn 0.337673 0.081221 -0.937753
vn 0.123661 0.019565 -0.992132
vn 0.580419 -0.061850 -0.811965
vn 0.034170 -0.086778 -0.995641
vn -0.761652 -0.111619 -0.638300
vn 0.305663 0.062375 -0.950095
vn 0.234857 0.036223 -0.971355
vn 0.609422 -0.036546 -0.792004
vn -0.094870 -0.053741 -0.994038
vn -0.765239 -0.095462 -0.636629
vn 0.244613 0.040370 -0.968780
vn 0.317336 0.047929 -0.947101
vn 0.619195 -0.012514 -0.785138
vn -0.203464 -0.013710 -0.978986
vn -0.749786 -0.073277 -0.657610
vn 0.154563 0.016563 -0.987844
vn 0.371452 0.055124 -0.926814
vn 0.611433 0.011174 -0.791217
vn -0.285493 0.030658 -0.957890
vn -0.710956 -0.043932 -0.701863
vn 0.038558 -0.007361 -0.999229
vn 0.399775 0.058629 -0.914736
vn 0.586079 0.035689 -0.809467
vn -0.340110 0.076811 -0.937243
vn -0.637768 -0.006785 -0.770198
vn -0.095431 -0.029318 -0.995004
vn 0.404583 0.059225 -0.912581
vn 0.541373 0.062140 -0.838483
vn -0.369067 0.122420 -0.921305
vn -0.510510 0.037171 -0.859068
vn -0.234920 -0.047097 -0.970873
vn 0.386728 0.057546 -0.920397
vn 0.474104 0.091256 -0.875727
vn -0.374498 0.165269 -0.912380
vn -0.304214 0.082379 -0.949035
vn -0.366597 -0.058934 -0.928512
vn 0.345349 0.054161 -0.936910
vn 0.380425 0.122962 -0.916601
vn -0.357712 0.203140 -0.911469
vn -0.015700 0.115124 -0.993227
vn -0.480849 -0.063936 -0.874469
vn 0.278213 0.049739 -0.959231
vn 0.257930 0.155856 -0.953510
vn -0.318695 0.233715 -0.918592
vn 0.294769 0.120026 -0.948000
vn -0.573667 -0.062044 -0.816736
vn 0.182935 0.045235 -0.982084
vn 0.109249 0.186887 -0.976288
vn -0.256123 0.254437 -0.932557
vn 0.542272 0.098009 -0.834467
vn -0.645439 -0.053716 -0.761921
vn 0.059592 0.041977 -0.997340
vn -0.054672 0.211980 -0.975743
vn -0.168065 0.262382 -0.950215
vn 0.701918 0.063636 -0.709409
vn -0.698674 -0.039671 -0.714340
vn -0.085620 0.041508 -0.995463
vn -0.216010 0.227902 -0.949421
vn -0.053937 0.254451 -0.965580
vn 0.795894 0.028480 -0.604765
vn -0.736244 -0.020802 -0.676396
vn -0.238605 0.045046 -0.970071
vn -0.357532 0.234034 -0.904101
vn 0.082179 0.228404 -0.970092
vn 0.850010 -0.002589 -0.526761
vn -0.760513 0.001808 -0.649320
vn -0.381408 0.052825 -0.922896
vn -0.469714 0.232219 -0.851730
vn 0.228766 0.184866 -0.955767
vn 0.880936 -0.028428 -0.472381
vn -0.773044 0.026871 -0.633783
vn -0.500310 0.063928 -0.863483
vn -0.551456 0.225066 -0.803269
vn 0.368844 0.128681 -0.920541
vn 0.897900 -0.049443 -0.437414
vn -0.774561 0.052924 -0.630281
vn -0.590405 0.076756 -0.803449
vn -0.606312 0.214502 -0.765751
vn 0.487408 0.067381 -0.870571
vn 0.905689 -0.066645 -0.418671
vn -0.764948 0.078404 -0.639302
vn -0.653785 0.089659 -0.751350
vn -0.638760 0.201276 -0.742613
vn 0.577594 0.007632 -0.816289
vn 0.906495 -0.081231 -0.414329
vn -0.743171 0.101757 -0.661318
vn -0.695364 0.101287 -0.711484
vn -0.652194 0.185062 -0.735115
vn 0.640332 -0.046899 -0.766665
vn 0.900786 -0.094330 -0.423895
vn -0.707134 0.121520 -0.696559
vn -0.719982 0.110687 -0.685109
vn -0.648173 0.164739 -0.743460
vn 0.680259 -0.095155 -0.726769
vn 0.887517 -0.106789 -0.448229
vn -0.653578 0.136362 -0.744473
vn -0.731230 0.117276 -0.671974
vn -0.626151 0.138651 -0.767275
vn 0.702387 -0.137311 -0.698426
vn 0.863728 -0.118944 -0.489720
vn -0.578360 0.145099 -0.802774
vn -0.731231 0.120771 -0.671354
vn -0.583345 0.104903 -0.805422
vn 0.710668 -0.173713 -0.681745
vn 0.823234 -0.130295 -0.552548
vn -0.477688 0.146753 -0.866186
vn -0.720708 0.121116 -0.682576
vn -0.514847 0.061832 -0.855050
vn 0.707717 -0.204381 -0.676288
vn 0.753729 -0.138906 -0.642338
vn -0.350887 0.140827 -0.925768
vn -0.699051 0.118392 -0.705203
vn -0.414712 0.008962 -0.909909
vn 0.694882 -0.228904 -0.681719
vn 0.631772 -0.140154 -0.762378
vn -0.203932 0.127838 -0.970602
vn -0.664275 0.112721 -0.738940
vn -0.279331 -0.051415 -0.958817
vn 0.672286 -0.246477 -0.698055
vn 0.421368 -0.125135 -0.898215
vn -0.050531 0.109709 -0.992678
vn -0.612946 0.104183 -0.783226
vn -0.113311 -0.112799 -0.987136
vn 0.638714 -0.255951 -0.725626
vn 0.106423 -0.084307 -0.990740
vn 0.092227 0.089349 -0.991721
vn -0.540306 0.092765 -0.836340
vn 0.066654 -0.165536 -0.983949
vn 0.591416 -0.255829 -0.764708
vn -0.236702 -0.024718 -0.971268
vn 0.210836 0.069503 -0.975047
vn -0.441261 0.078453 -0.893943
vn 0.237254 -0.201416 -0.950338
vn 0.526009 -0.244243 -0.814653
vn -0.495546 0.029389 -0.868085
vn 0.298764 0.051885 -0.952915
vn -0.313235 0.061551 -0.947679
vn 0.380639 -0.217807 -0.898707
vn 0.437116 -0.219128 -0.872303
vn -0.650479 0.065436 -0.756700
vn 0.354851 0.037175 -0.934184
vn -0.160948 0.043215 -0.986016
vn 0.490489 -0.217146 -0.843960
vn 0.320826 -0.179026 -0.930065
vn -0.735765 0.085225 -0.671853
vn 0.379979 0.025495 -0.924644
vn 0.000554 0.025714 -0.999669
vn 0.568864 -0.203706 -0.796805
vn 0.179571 -0.124876 -0.975787
vn -0.780627 0.093699 -0.617933
vn 0.374621 0.016832 -0.927025
vn 0.150476 0.011770 -0.988544
vn 0.620701 -0.181233 -0.762813
vn 0.026402 -0.061741 -0.997743
vn -0.800537 0.095074 -0.591694
vn 0.337863 0.011187 -0.941129
vn 0.272453 0.003318 -0.962163
vn 0.650459 -0.152180 -0.744140
vn -0.118177 0.002295 -0.992990
vn -0.801769 0.092786 -0.590387
vn 0.267920 0.008461 -0.963404
vn 0.360064 0.000908 -0.932927
vn 0.660871 -0.117810 -0.741195
vn -0.236724 0.060312 -0.969703
vn -0.784574 0.089914 -0.613482
vn 0.164341 0.008164 -0.986370
vn 0.414383 0.004032 -0.910093
vn 0.652696 -0.078547 -0.753537
vn -0.321802 0.109508 -0.940453
vn -0.743628 0.089436 -0.662585
vn 0.031708 0.009125 -0.999456
vn 0.439093 0.011657 -0.898366
vn 0.624770 -0.034427 -0.780050
vn -0.374128 0.150482 -0.915087
vn -0.666078 0.094223 -0.739907
vn -0.117668 0.009540 -0.993007
vn 0.437335 0.022506 -0.899017
vn 0.574239 0.014370 -0.818562
vn -0.397538 0.185025 -0.898737
vn -0.528421 0.106360 -0.842294
vn -0.266203 0.007597 -0.963887
vn 0.410594 0.035111 -0.911142
vn 0.497254 0.066801 -0.865030
vn -0.395632 0.214575 -0.892991
vn -0.301627 0.124658 -0.945242
vn -0.398392 0.002300 -0.917212
vn 0.358734 0.047771 -0.932217
vn 0.390651 0.120143 -0.912665
vn -0.370545 0.239618 -0.897374
vn 0.010068 0.140954 -0.989965
vn -0.506370 -0.006183 -0.862294
vn 0.280760 0.058539 -0.957991
vn 0.254950 0.169488 -0.951984
vn -0.322881 0.259638 -0.910130
vn 0.324968 0.144996 -0.934544
vn -0.589577 -0.016788 -0.807538
vn 0.176366 0.065346 -0.982153
vn 0.097509 0.208441 -0.973162
vn -0.252225 0.273268 -0.928282
vn 0.558326 0.137235 -0.818193
vn -0.651286 -0.028024 -0.758315
vn 0.048290 0.066382 -0.996625
vn -0.067274 0.231467 -0.970514
vn -0.158235 0.278567 -0.947292
vn 0.702918 0.125000 -0.700201
vn -0.695652 -0.038333 -0.717356
vn -0.095427 0.060771 -0.993580
vn -0.222711 0.236526 -0.945756
vn -0.042464 0.273543 -0.960922
vn 0.787995 0.113178 -0.605189
vn -0.726263 -0.046311 -0.685855
vn -0.241593 0.049227 -0.969128
vn -0.356246 0.225696 -0.906725
vn 0.089459 0.257062 -0.962245
vn 0.838334 0.103579 -0.535226
vn -0.745684 -0.050837 -0.664357
vn -0.375909 0.034017 -0.926032
vn -0.462352 0.203486 -0.863032
vn 0.226977 0.229935 -0.946367
vn 0.868386 0.096596 -0.486390
vn -0.755403 -0.051131 -0.653262
vn -0.488338 0.018017 -0.872468
vn -0.541094 0.174686 -0.822619
vn 0.357006 0.195279 -0.913462
vn 0.885834 0.091999 -0.454791
vn -0.755866 -0.046773 -0.653054
vn -0.575403 0.003588 -0.817862
vn -0.595196 0.143090 -0.790738
vn 0.468750 0.157400 -0.869194
vn 0.894607 0.089163 -0.437868
vn -0.746478 -0.037673 -0.664343
vn -0.638607 -0.007963 -0.769491
vn -0.627767 0.111173 -0.770421
vn 0.557043 0.119939 -0.821777
vn 0.896474 0.087131 -0.434446
vn -0.725552 -0.024020 -0.687748
vn -0.681580 -0.016262 -0.731562
vn -0.641067 0.080209 -0.763282
vn 0.621984 0.084765 -0.778428
vn 0.891698 0.084672 -0.444641
vn -0.690234 -0.006226 -0.723559
vn -0.708009 -0.021501 -0.705876
vn -0.635945 0.050549 -0.770077
vn 0.666459 0.052118 -0.743718
vn 0.879062 0.080361 -0.469885
vn -0.636578 0.015079 -0.771065
vn -0.720695 -0.024093 -0.692834
vn -0.611573 0.021907 -0.790885
vn 0.693899 0.021375 -0.719755
vn 0.855262 0.072668 -0.513076
vn -0.560116 0.038962 -0.827497
vn -0.721287 -0.024444 -0.692205
vn -0.565366 -0.006315 -0.824816
vn 0.707100 -0.008184 -0.707066
vn 0.813351 0.060054 -0.578665
vn -0.457545 0.063982 -0.886881
vn -0.710280 -0.022824 -0.703550
vn -0.493250 -0.034632 -0.869198
vn 0.707839 -0.036884 -0.705410
vn 0.739639 0.041145 -0.671744
vn -0.329746 0.088030 -0.939957
vn -0.687027 -0.019316 -0.726375
vn -0.390855 -0.062938 -0.918298
vn 0.696867 -0.064407 -0.714303
vn 0.609299 0.015388 -0.792792
vn -0.184696 0.108560 -0.976781
vn -0.649725 -0.013837 -0.760044
vn -0.256429 -0.089927 -0.962371
vn 0.673966 -0.089734 -0.733292
vn 0.389051 -0.014686 -0.921099
vn -0.036871 0.123390 -0.991673
vn -0.595402 -0.006212 -0.803404
vn -0.095196 -0.112897 -0.989036
vn 0.637958 -0.111198 -0.762001
vn 0.075279 -0.039657 -0.996374
vn 0.098157 0.131535 -0.986440
vn -0.520151 0.003652 -0.854066
vn 0.078230 -0.128618 -0.988604
vn 0.586637 -0.126573 -0.799898
vn -0.251604 -0.047307 -0.966673
vn 0.209581 0.133272 -0.968666
vn -0.420083 0.015520 -0.907353
vn 0.244065 -0.135083 -0.960305
vn 0.516768 -0.133191 -0.845701
vn -0.497649 -0.036822 -0.866597
vn 0.292923 0.129522 -0.947323
vn -0.293629 0.028514 -0.955494
vn 0.386339 -0.132585 -0.912778
vn 0.424573 -0.128153 -0.896278
vn -0.650009 -0.016736 -0.759742
vn 0.347776 0.121267 -0.929702
vn -0.145076 0.040964 -0.988572
vn 0.498210 -0.123084 -0.858276
vn 0.307433 -0.108904 -0.945317
vn -0.737731 0.005963 -0.675069
vn 0.374780 0.109369 -0.920640
vn 0.013168 0.050783 -0.998623
vn 0.580397 -0.108858 -0.807025
vn 0.167334 -0.074490 -0.983082
vn -0.786299 0.027910 -0.617215
vn 0.373518 0.094673 -0.922779
vn 0.163475 0.056431 -0.984932
vn 0.636927 -0.091608 -0.765462
vn 0.014455 -0.027195 -0.999526
vn -0.810173 0.047906 -0.584230
vn 0.341503 0.078221 -0.936620
vn 0.290417 0.057751 -0.955156
vn 0.671967 -0.072186 -0.737054
vn -0.133737 0.027152 -0.990645
vn -0.815878 0.065952 -0.574451
vn 0.274305 0.061443 -0.959678
vn 0.386056 0.055920 -0.920779
vn 0.688336 -0.050634 -0.723622
vn -0.259889 0.081611 -0.962184
vn -0.804323 0.082851 -0.588388
vn 0.167610 0.046250 -0.984768
vn 0.449307 0.052760 -0.891818
vn 0.686928 -0.026280 -0.726251
vn -0.354140 0.131387 -0.925917
vn -0.770729 0.100010 -0.629266
vn 0.048665 0.062672 -0.996847
vn 0.603154 0.036998 -0.796766
vn 0.608693 0.005370 -0.793388
vn -0.555109 0.159134 -0.816413
vn -0.735597 0.064097 -0.674380
vn -0.020339 0.999067 -0.038104
vn -0.016909 0.999171 -0.037038
vn -0.001336 0.999242 -0.038899
vn 0.012852 0.999110 -0.040171
vn 0.019240 0.999045 -0.039221
vn -0.037301 0.997354 -0.062395
vn -0.031858 0.996674 -0.075007
vn 0.005762 0.996718 -0.080750
vn 0.023252 0.996493 -0.080377
vn 0.037680 0.995149 -0.090877
vn -0.089731 0.986472 -0.137193
vn -0.054400 0.986691 -0.153237
vn 0.024802 0.985466 -0.168054
vn 0.032821 0.986320 -0.161542
vn 0.058968 0.983826 -0.169142
vn -0.145033 0.966515 -0.211694
vn -0.059702 0.970039 -0.235501
vn 0.050388 0.964347 -0.259800
vn 0.019123 0.970061 -0.242107
vn 0.074862 0.965934 -0.247725
vn -0.194385 0.938398 -0.285700
vn -0.038777 0.946025 -0.321767
vn 0.073758 0.933145 -0.351852
vn -0.020141 0.947063 -0.320414
vn 0.093055 0.940646 -0.326384
vn -0.228197 0.904735 -0.359695
vn 0.014418 0.911952 -0.410043
vn 0.084002 0.894290 -0.439533
vn -0.081631 0.915333 -0.394336
vn 0.122933 0.906341 -0.404270
vn -0.237035 0.868612 -0.435118
vn 0.099423 0.863227 -0.494928
vn 0.070728 0.851709 -0.519220
vn -0.155908 0.873242 -0.461673
vn 0.174039 0.860355 -0.479061
vn -0.211863 0.831416 -0.513674
vn 0.205197 0.796851 -0.568263
vn 0.026606 0.808081 -0.588470
vn -0.228798 0.821911 -0.521645
vn 0.252994 0.798937 -0.545614
vn -0.144488 0.790509 -0.595163
vn 0.311016 0.716690 -0.624199
vn -0.050496 0.762807 -0.644651
vn -0.284713 0.765915 -0.576467
vn 0.358615 0.718915 -0.595447
vn -0.030847 0.738113 -0.673972
vn 0.395364 0.633635 -0.664977
vn -0.155365 0.712622 -0.684128
vn -0.309381 0.711161 -0.631295
vn 0.478371 0.621937 -0.619964
vn 0.120967 0.664592 -0.737350
vn 0.444125 0.558766 -0.700381
vn -0.274790 0.654787 -0.704091
vn -0.289364 0.661400 -0.691968
vn 0.592757 0.517313 -0.617273
vn 0.285782 0.564627 -0.774290
vn 0.438067 0.508502 -0.741298
vn -0.388697 0.606273 -0.693792
vn -0.193374 0.620226 -0.760214
vn 0.680469 0.421350 -0.599522
vn 0.391195 0.468968 -0.791856
vn 0.347410 0.485413 -0.802297
vn -0.467666 0.548857 -0.692853
vn -0.008765 0.555789 -0.831277
vn 0.734468 0.343539 -0.585267
vn 0.442315 0.371471 -0.816313
vn 0.193118 0.430557 -0.881661
vn -0.516630 0.472235 -0.714204
vn 0.209251 0.458437 -0.863742
vn 0.769324 0.273178 -0.577506
vn 0.455248 0.274905 -0.846863
vn -0.014717 0.343993 -0.938857
vn -0.544460 0.389738 -0.742743
vn 0.413766 0.340046 -0.844492
vn 0.789853 0.208218 -0.576868
vn 0.431376 0.175445 -0.884949
vn -0.242860 0.226393 -0.943274
vn -0.551815 0.299524 -0.778323
vn 0.570999 0.221159 -0.790600
vn 0.798786 0.144315 -0.584050
vn 0.366980 0.085070 -0.926331
vn -0.438086 0.120770 -0.890784
vn -0.537444 0.217235 -0.814840
vn 0.674281 0.135321 -0.725971
vn 0.795417 0.099625 -0.597818
vn 0.261129 0.043348 -0.964330
vn -0.583174 0.069792 -0.809343
vn -0.491339 0.175804 -0.853041
vn 0.738615 0.103077 -0.666200
vn 0.780711 0.089590 -0.618436
vn 0.115508 0.033910 -0.992728
vn -0.678791 0.043939 -0.733016
vn -0.424889 0.154237 -0.892009
vn 0.778141 0.094475 -0.620944
vn 0.756198 0.089590 -0.648181
vn -0.060558 0.015707 -0.998041
vn -0.741770 0.017242 -0.670432
vn -0.335733 0.124858 -0.933645
vn 0.802847 0.085399 -0.590037
vn 0.720558 0.086536 -0.687974
vn -0.246474 -0.009730 -0.969100
vn -0.782407 -0.008509 -0.622710
vn -0.222933 0.088047 -0.970849
vn 0.816841 0.075884 -0.571850
vn 0.670146 0.080463 -0.737855
vn -0.416385 -0.037860 -0.908400
vn -0.807499 -0.032264 -0.588986
vn -0.089989 0.045767 -0.994891
vn 0.822111 0.065856 -0.565506
vn 0.600070 0.071188 -0.796774
vn -0.553105 -0.063565 -0.830683
vn -0.821098 -0.053387 -0.568285
vn 0.053343 0.001712 -0.998575
vn 0.819082 0.055073 -0.571027
vn 0.505045 0.058317 -0.861121
vn -0.653540 -0.083560 -0.752265
vn -0.825280 -0.071545 -0.560174
vn 0.192863 -0.039721 -0.980421
vn 0.806741 0.043077 -0.589333
vn 0.382055 0.041558 -0.923205
vn -0.723364 -0.096785 -0.683650
vn -0.820566 -0.086687 -0.564940
vn 0.315362 -0.075245 -0.945983
vn 0.782359 0.029176 -0.622143
vn 0.234999 0.021405 -0.971760
vn -0.770280 -0.103597 -0.629235
vn -0.805970 -0.099021 -0.583616
vn 0.413240 -0.103776 -0.904689
vn 0.740803 0.012508 -0.671606
vn 0.077964 -0.000249 -0.996956
vn -0.800692 -0.104982 -0.589806
vn -0.778697 -0.108964 -0.617865
vn 0.484946 -0.126044 -0.865413
vn 0.673552 -0.007704 -0.739100
vn -0.068678 -0.020449 -0.997429
vn -0.818978 -0.102121 -0.564665
vn -0.733483 -0.117011 -0.669560
vn 0.532529 -0.143453 -0.834167
vn 0.568386 -0.031483 -0.822159
vn -0.188039 -0.036470 -0.981484
vn -0.827745 -0.096164 -0.552802
vn -0.661757 -0.123473 -0.739481
vn 0.559066 -0.157127 -0.814098
vn 0.413033 -0.056766 -0.908945
vn -0.272546 -0.046773 -0.961005
vn -0.828237 -0.088104 -0.553409
vn -0.551680 -0.128019 -0.824173
vn 0.567152 -0.167447 -0.806412
vn 0.207631 -0.078127 -0.975082
vn -0.321975 -0.050976 -0.945375
vn -0.820588 -0.078687 -0.566077
vn -0.392293 -0.129190 -0.910723
vn 0.558266 -0.173939 -0.811224
vn -0.020940 -0.088425 -0.995863
vn -0.338689 -0.049432 -0.939599
vn -0.803890 -0.068340 -0.590839
vn -0.185722 -0.124689 -0.974659
vn 0.532570 -0.175343 -0.828024
vn -0.229713 -0.084090 -0.969619
vn -0.324353 -0.042964 -0.944960
vn -0.776038 -0.057152 -0.628091
vn 0.040640 -0.113427 -0.992715
vn 0.488864 -0.169748 -0.855686
vn -0.391174 -0.067327 -0.917851
vn -0.278763 -0.032845 -0.959798
vn -0.733392 -0.044908 -0.678321
vn 0.245966 -0.097428 -0.964369
vn 0.424717 -0.154785 -0.891996
vn -0.502783 -0.042679 -0.863358
vn -0.200282 -0.020905 -0.979515
vn -0.670353 -0.031229 -0.741385
vn 0.404954 -0.080287 -0.910805
vn 0.337087 -0.128009 -0.932730
vn -0.573708 -0.013915 -0.818942
vn -0.087919 -0.009591 -0.996081
vn -0.579343 -0.015871 -0.814930
vn 0.515594 -0.064473 -0.854404
vn 0.224023 -0.087715 -0.970629
vn -0.613435 0.016518 -0.789573
vn 0.054834 -0.001740 -0.998494
vn -0.452513 0.000736 -0.891758
vn 0.586714 -0.050738 -0.808203
vn 0.087776 -0.034357 -0.995548
vn -0.627892 0.047051 -0.776877
vn 0.216101 0.000221 -0.976371
vn -0.287288 0.016826 -0.957697
vn 0.627364 -0.038761 -0.777761
vn -0.062161 0.028057 -0.997672
vn -0.618872 0.076534 -0.781754
vn 0.376470 -0.004533 -0.926418
vn -0.094863 0.029209 -0.995062
vn 0.643037 -0.027624 -0.765337
vn -0.209924 0.092341 -0.973347
vn -0.583804 0.103872 -0.805223
vn 0.516999 -0.014679 -0.855860
vn 0.098121 0.034747 -0.994568
vn 0.634922 -0.015886 -0.772413
vn -0.339691 0.151094 -0.928321
vn -0.514985 0.127499 -0.847664
vn 0.627613 -0.027604 -0.778036
vn 0.263229 0.032528 -0.964185
vn 0.599436 -0.001423 -0.800422
vn -0.442321 0.199880 -0.874300
vn -0.399031 0.144456 -0.905487
vn 0.708101 -0.040805 -0.704931
vn 0.385498 0.024284 -0.922389
vn 0.527169 0.018742 -0.849554
vn -0.516405 0.237838 -0.822654
vn -0.220984 0.149241 -0.963791
vn 0.763577 -0.052685 -0.643564
vn 0.463968 0.013029 -0.885756
vn 0.402538 0.048069 -0.914140
vn -0.564988 0.266187 -0.780982
vn 0.017718 0.134812 -0.990713
vn 0.800115 -0.062581 -0.596573
vn 0.503350 0.001847 -0.864081
vn 0.210514 0.088238 -0.973601
vn -0.592141 0.286538 -0.753170
vn 0.275649 0.099586 -0.956086
vn 0.822692 -0.070472 -0.564103
vn 0.507444 -0.006492 -0.861660
vn -0.039641 0.134324 -0.990144
vn -0.601091 0.299918 -0.740769
vn 0.492468 0.053079 -0.868711
vn 0.834723 -0.076664 -0.545307
vn 0.476272 -0.009504 -0.879247
vn -0.295045 0.174260 -0.939458
vn -0.593533 0.306390 -0.744207
vn 0.642218 0.007423 -0.766486
vn 0.838230 -0.081537 -0.539187
vn 0.405426 -0.004994 -0.914114
vn -0.498465 0.199508 -0.843640
vn -0.569405 0.304945 -0.763405
vn 0.735520 -0.031676 -0.676762
vn 0.834082 -0.085360 -0.544996
vn 0.287637 0.008573 -0.957701
vn -0.635913 0.210965 -0.742366
vn -0.526752 0.293503 -0.797740
vn 0.791499 -0.063721 -0.607840
vn 0.822152 -0.088153 -0.562402
vn 0.119160 0.030906 -0.992394
vn -0.722904 0.213014 -0.657294
vn -0.461690 0.268998 -0.845271
vn 0.824473 -0.089834 -0.558725
vn 0.801289 -0.089606 -0.591528
vn -0.088083 0.058258 -0.994408
vn -0.777677 0.208937 -0.592928
vn -0.369045 0.227866 -0.901046
vn 0.843059 -0.111100 -0.526221
vn 0.769127 -0.089036 -0.632863
vn -0.301065 0.083808 -0.949914
vn -0.812647 0.200524 -0.547170
vn -0.244888 0.167579 -0.954959
vn 0.852023 -0.128187 -0.507568
vn 0.721715 -0.085403 -0.686902
vn -0.483835 0.101837 -0.869214
vn -0.834972 0.188738 -0.516913
vn -0.091851 0.089742 -0.991721
vn 0.853744 -0.141410 -0.501123
vn 0.653182 -0.077415 -0.753233
vn -0.620544 0.111055 -0.776268
vn -0.848432 0.174159 -0.499832
vn 0.075918 0.002904 -0.997110
vn 0.848972 -0.150860 -0.506445
vn 0.556118 -0.063854 -0.828647
vn -0.715049 0.113392 -0.689817
vn -0.854696 0.157167 -0.494766
vn 0.236153 -0.079511 -0.968457
vn 0.837018 -0.156525 -0.524309
vn 0.424285 -0.044320 -0.904444
vn -0.778106 0.111423 -0.618172
vn -0.853942 0.137962 -0.501747
vn 0.370510 -0.146416 -0.917216
vn 0.815453 -0.158338 -0.556745
vn 0.259246 -0.020429 -0.965595
vn -0.819447 0.107124 -0.563055
vn -0.844952 0.116504 -0.521999
vn 0.472260 -0.193807 -0.859889
vn 0.779213 -0.156148 -0.606997
vn 0.077329 0.003558 -0.996999
vn -0.845862 0.101675 -0.523621
vn -0.824707 0.092433 -0.557956
vn 0.543630 -0.223341 -0.809064
vn 0.718892 -0.149542 -0.678845
vn -0.094006 0.022385 -0.995320
vn -0.861580 0.095615 -0.498536
vn -0.787333 0.065014 -0.613091
vn 0.589843 -0.238784 -0.771407
vn 0.618572 -0.137520 -0.773600
vn -0.231539 0.032900 -0.972269
vn -0.868977 0.089035 -0.486777
vn -0.722278 0.033269 -0.690802
vn 0.615480 -0.243696 -0.749531
vn 0.456963 -0.118320 -0.881581
vn -0.325985 0.035240 -0.944718
vn -0.869074 0.081769 -0.487877
vn -0.612552 -0.003301 -0.790423
vn 0.623291 -0.240579 -0.744063
vn 0.223977 -0.090814 -0.970354
vn -0.378347 0.031631 -0.925123
vn -0.861754 0.073573 -0.501964
vn -0.438305 -0.042602 -0.897816
vn 0.614065 -0.230707 -0.754784
vn -0.046273 -0.058383 -0.997221
vn -0.392451 0.024920 -0.919435
vn -0.845727 0.064309 -0.529726
vn -0.197346 -0.076976 -0.977307
vn 0.586737 -0.214210 -0.780932
vn -0.285414 -0.028838 -0.957970
vn -0.370642 0.017847 -0.928604
vn -0.818269 0.054128 -0.572282
vn 0.067902 -0.095492 -0.993112
vn 0.538560 -0.190268 -0.820824
vn -0.455298 -0.006948 -0.890312
vn -0.312796 0.012810 -0.949734
vn -0.774733 0.043670 -0.630779
vn 0.294858 -0.093986 -0.950908
vn 0.465587 -0.157521 -0.870871
vn -0.561315 0.008094 -0.827563
vn -0.217634 0.011741 -0.975960
vn -0.708027 0.034244 -0.705354
vn 0.455770 -0.077426 -0.886724
vn 0.364133 -0.114888 -0.924234
vn -0.621666 0.019132 -0.783049
vn -0.086211 0.015842 -0.996151
vn -0.608784 0.027942 -0.792843
vn 0.558188 -0.052452 -0.828055
vn 0.233844 -0.062965 -0.970233
vn -0.650303 0.028697 -0.759133
vn 0.073185 0.025140 -0.997001
vn -0.468264 0.027401 -0.883163
vn 0.618179 -0.023389 -0.785689
vn 0.081565 -0.005421 -0.996653
vn -0.654518 0.038629 -0.755059
vn 0.242854 0.038240 -0.969309
vn -0.286452 0.034755 -0.957464
vn 0.647664 0.007419 -0.761890
vn -0.077793 0.051164 -0.995656
vn -0.636048 0.050336 -0.770006
vn 0.401299 0.052881 -0.914419
vn -0.081543 0.049834 -0.995423
vn 0.652773 0.038607 -0.756569
vn -0.226609 0.099956 -0.968843
vn -0.591684 0.065089 -0.803538
vn 0.533245 0.067105 -0.843295
vn 0.113946 0.069429 -0.991058
vn 0.634630 0.069196 -0.769712
vn -0.352290 0.136980 -0.925812
vn -0.513017 0.084108 -0.854248
vn 0.634147 0.079987 -0.769064
vn 0.273020 0.089158 -0.957868
vn 0.589618 0.098235 -0.801686
vn -0.450310 0.161942 -0.878064
vn -0.386784 0.108089 -0.915814
vn 0.707084 0.091466 -0.701189
vn 0.386385 0.105827 -0.916246
vn 0.508847 0.124349 -0.851829
vn -0.521871 0.176927 -0.834475
vn -0.200835 0.135633 -0.970190
vn 0.757810 0.101826 -0.644481
vn 0.457144 0.117970 -0.881534
vn 0.378397 0.144896 -0.914232
vn -0.570309 0.184787 -0.800376
vn 0.037429 0.161229 -0.986207
vn 0.791774 0.111287 -0.600591
vn 0.491284 0.125221 -0.861951
vn 0.185902 0.154998 -0.970266
vn -0.598775 0.188142 -0.778506
vn 0.284925 0.177227 -0.942024
vn 0.813122 0.119831 -0.569626
vn 0.492341 0.127631 -0.860994
vn -0.059181 0.148858 -0.987086
vn -0.609252 0.188916 -0.770145
vn 0.489656 0.180821 -0.852960
vn 0.824643 0.127178 -0.551172
vn 0.459595 0.125219 -0.879257
vn -0.309603 0.126051 -0.942474
vn -0.602257 0.188148 -0.775814
vn 0.632709 0.175395 -0.754265
vn 0.827966 0.132841 -0.544816
vn 0.387932 0.117637 -0.914150
vn -0.512287 0.094877 -0.853558
vn -0.576776 0.185887 -0.795472
vn 0.724557 0.165166 -0.669131
vn 0.823728 0.136227 -0.550376
vn 0.269739 0.104041 -0.957296
vn -0.651144 0.064704 -0.756191
vn -0.530300 0.181132 -0.828235
vn 0.781948 0.152387 -0.604430
vn 0.811612 0.136743 -0.567968
vn 0.101603 0.083570 -0.991309
vn -0.738994 0.039715 -0.672540
vn -0.459144 0.171870 -0.871578
vn 0.817511 0.137792 -0.559187
vn 0.790250 0.133899 -0.597977
vn -0.103680 0.056912 -0.992981
vn -0.793252 0.020128 -0.608561
vn -0.359573 0.155358 -0.920093
vn 0.838963 0.121504 -0.530451
vn 0.757001 0.127398 -0.640873
vn -0.312858 0.027719 -0.949395
vn -0.826477 0.004828 -0.562949
vn -0.230417 0.128984 -0.964506
vn 0.850572 0.103560 -0.515560
vn 0.707667 0.117214 -0.696755
vn -0.491218 0.001072 -0.871036
vn -0.846214 -0.007351 -0.532793
vn -0.076924 0.091856 -0.992797
vn 0.854394 0.084114 -0.512773
vn 0.636397 0.103674 -0.764363
vn -0.624381 -0.019750 -0.780870
vn -0.856628 -0.017263 -0.515645
vn 0.087124 0.046374 -0.995117
vn 0.850948 0.063491 -0.521398
vn 0.536480 0.087567 -0.839358
vn -0.716789 -0.034032 -0.696459
vn -0.859758 -0.025442 -0.510067
vn 0.243263 -0.002002 -0.969958
vn 0.839425 0.042161 -0.541838
vn 0.403276 0.070288 -0.912375
vn -0.779139 -0.042322 -0.625421
vn -0.856145 -0.032196 -0.515732
vn 0.376606 -0.047291 -0.925166
vn 0.817430 0.020703 -0.575656
vn 0.239901 0.053881 -0.969301
vn -0.820935 -0.045376 -0.569216
vn -0.844968 -0.037739 -0.533483
vn 0.480853 -0.085552 -0.872617
vn 0.780148 -0.000207 -0.625595
vn 0.061968 0.040609 -0.997252
vn -0.848764 -0.043818 -0.526953
vn -0.823708 -0.042320 -0.565433
vn 0.556850 -0.115479 -0.822546
vn 0.718658 -0.019678 -0.695085
vn -0.106369 0.031973 -0.993813
vn -0.866708 -0.038178 -0.497352
vn -0.787145 -0.046347 -0.615024
vn 0.608522 -0.137502 -0.781533
vn 0.617475 -0.036218 -0.785756
vn -0.244513 0.027988 -0.969242
vn -0.877057 -0.029004 -0.479510
vn -0.725374 -0.050469 -0.686503
vn 0.639834 -0.152703 -0.753190
vn 0.454302 -0.046950 -0.889609
vn -0.343073 0.027521 -0.938905
vn -0.880818 -0.016943 -0.473152
vn -0.620888 -0.055492 -0.781932
vn 0.653395 -0.162059 -0.739468
vn 0.214199 -0.047240 -0.975647
vn -0.401424 0.029190 -0.915427
vn -0.877964 -0.002763 -0.478719
vn -0.448653 -0.061815 -0.891566
vn 0.649975 -0.165984 -0.741608
vn -0.072995 -0.033835 -0.996758
vn -0.421552 0.031961 -0.906241
vn -0.867414 0.012675 -0.497426
vn -0.194813 -0.068132 -0.978471
vn 0.628274 -0.164020 -0.760506
vn -0.331272 -0.010350 -0.943479
vn -0.403743 0.035248 -0.914193
vn -0.846710 0.028481 -0.531292
vn 0.100095 -0.071260 -0.992423
vn 0.584673 -0.154582 -0.796405
vn -0.512680 0.015790 -0.858434
vn -0.344974 0.038703 -0.937814
vn -0.811286 0.043812 -0.583006
vn 0.353427 -0.069555 -0.932873
vn 0.513161 -0.134862 -0.847631
vn -0.622568 0.040422 -0.781521
vn -0.240075 0.041862 -0.969851
vn -0.753261 0.057887 -0.655169
vn 0.525283 -0.064182 -0.848504
vn 0.406438 -0.101287 -0.908047
vn -0.682839 0.062918 -0.727855
vn -0.087196 0.043819 -0.995227
vn -0.660247 0.069889 -0.747790
vn 0.628111 -0.056217 -0.776090
vn 0.260254 -0.051357 -0.964173
vn -0.710012 0.083889 -0.699175
vn 0.102425 0.043312 -0.993797
vn -0.516870 0.078717 -0.852437
vn 0.684879 -0.045595 -0.727229
vn 0.081581 0.012858 -0.996584
vn -0.712531 0.104019 -0.693887
vn 0.300205 0.039567 -0.953054
vn -0.315606 0.082955 -0.945257
vn 0.711107 -0.031687 -0.702369
vn -0.106818 0.082559 -0.990845
vn -0.692385 0.123755 -0.710836
vn 0.474178 0.033170 -0.879804
vn -0.076945 0.081973 -0.993660
vn 0.714144 -0.013727 -0.699864
vn -0.276744 0.146129 -0.949768
vn -0.645806 0.143202 -0.749952
vn 0.608120 0.025728 -0.793428
vn 0.150979 0.077563 -0.985489
vn 0.694995 0.009092 -0.718957
vn -0.411419 0.196052 -0.890111
vn -0.562397 0.161840 -0.810875
vn 0.703247 0.018892 -0.710695
vn 0.303493 0.056749 -0.951142
vn 0.712181 0.039894 -0.700861
vn -0.724742 0.199668 -0.659455
vn -0.019473 0.125318 -0.991926
vn 0.749992 -0.015865 -0.661256
f 1/1/1 2/2/2 6/6/6
f 2/2/2 7/7/7 6/6/6
f 2/2/2 3/3/3 7/7/7
f 3/3/3 8/8/8 7/7/7
f 3/3/3 4/4/4 8/8/8
f 4/4/4 9/9/9 8/8/8
f 4/4/4 5/5/5 9/9/9
f 5/5/5 10/10/10 9/9/9
f 6/6/6 7/7/7 11/11/11
f 7/7/7 12/12/12 11/11/11
f 7/7/7 8/8/8 12/12/12
f 8/8/8 13/13/13 12/12/12
f 8/8/8 9/9/9 13/13/13
f 9/9/9 14/14/14 13/13/13
f 9/9/9 10/10/10 14/14/14
f 10/10/10 15/15/15 14/14/14
f 11/11/11 12/12/12 16/16/16
f 12/12/12 17/17/17 16/16/16
f 12/12/12 13/13/13 17/17/17
f 13/13/13 18/18/18 17/17/17
f 13/13/13 14/14/14 18/18/18
f 14/14/14 19/19/19 18/18/18
f 14/14/14 15/15/15 19/19/19
f 15/15/15 20/20/20 19/19/19
f 16/16/16 17/17/17 21/21/21
f 17/17/17 22/22/22 21/21/21
f 17/17/17 18/18/18 22/22/22
f 18/18/18 23/23/23 22/22/22
f 18/18/18 19/19/19 23/23/23
f 19/19/19 24/24/24 23/23/23
f 19/19/19 20/20/20 24/24/24
f 20/20/20 25/25/25 24/24/24
f 21/21/21 22/22/22 26/26/26
f 22/22/22 27/27/27 26/26/26
f 22/22/22 23/23/23 27/27/27
f 23/23/23 28/28/28 27/27/27
f 23/23/23 24/24/24 28/28/28
f 24/24/24 29/29/29 28/28/28
f 24/24/24 25/25/25 29/29/29
f 25/25/25 30/30/30 29/29/29
f 26/26/26 27/27/27 31/31/31
f 27/27/27 32/32/32 31/31/31
f 27/27/27 28/28/28 32/32/32
f 28/28/28 33/33/33 32/32/32
f 28/28/28 29/29/29 33/33/33
f 29/29/29 34/34/34 33/33/33
f 29/29/29 30/30/30 34/34/34
f 30/30/30 35/35/35 34/34/34
f 31/31/31 32/32/32 36/36/36
f 32/32/32 37/37/37 36/36/36
f 32/32/32 33/33/33 37/37/37
f 33/33/33 38/38/38 37/37/37
f 33/33/33 34/34/34 38/38/38
f 34/34/34 39/39/39 38/38/38
f 34/34/34 35/35/35 39/39/39
f 35/35/35 40/40/40 39/39/39
f 36/36/36 37/37/37 41/41/41
f 37/37/37 42/42/42 41/41/41
f 37/37/37 38/38/38 42/42/42
f 38/38/38 43/43/43 42/42/42
f 38/38/38 39/39/39 43/43/43
f 39/39/39 44/44/44 43/43/43
f 39/39/39 40/40/40 44/44/44
f 40/40/40 45/45/45 44/44/44
f 41/41/41 42/42/42 46/46/46
f 42/42/42 47/47/47 46/46/46
f 42/42/42 43/43/43 47/47/47
f 43/43/43 48/48/48 47/47/47
f 43/43/43 44/44/44 48/48/48
f 44/44/44 49/49/49 48/48/48
f 44/44/44 45/45/45 49/49/49
f 45/45/45 50/50/50 49/49/49
f 46/46/46 47/47/47 51/51/51
f 47/47/47 52/52/52 51/51/51
f 47/47/47 48/48/48 52/52/52
f 48/48/48 53/53/53 52/52/52
f 48/48/48 49/49/49 53/53/53
f 49/49/49 54/54/54 53/53/53
f 49/49/49 50/50/50 54/54/54
f 50/50/50 55/55/55 54/54/54
f 51/51/51 52/52/52 56/56/56
f 52/52/52 57/57/57 56/56/56
f 52/52/52 53/53/53 57/57/57
f 53/53/53 58/58/58 57/57/57
f 53/53/53 54/54/54 58/58/58
f 54/54/54 59/59/59 58/58/58
f 54/54/54 55/55/55 59/59/59
f 55/55/55 60/60/60 59/59/59
f 56/56/56 57/57/57 61/61/61
f 57/57/57 62/62/62 61/61/61
f 57/57/57 58/58/58 62/62/62
f 58/58/58 63/63/63 62/62/62
f 58/58/58 59/59/59 63/63/63
f 59/59/59 64/64/64 63/63/63
f 59/59/59 60/60/60 64/64/64
f 60/60/60 65/65/65 64/64/64
f 61/61/61 62/62/62 66/66/66
f 62/62/62 67/67/67 66/66/66
f 62/62/62 63/63/63 67/67/67
f 63/63/63 68/68/68 67/67/67
f 63/63/63 64/64/64 68/68/68
f 64/64/64 69/69/69 68/68/68
f 64/64/64 65/65/65 69/69/69
f 65/65/65 70/70/70 69/69/69
f 66/66/66 67/67/67 71/71/71
f 67/67/67 72/72/72 71/71/71
f 67/67/67 68/68/68 72/72/72
f 68/68/68 73/73/73 72/72/72
f 68/68/68 69/69/69 73/73/73
f 69/69/69 74/74/74 73/73/73
f 69/69/69 70/70/70 74/74/74
f 70/70/70 75/75/75 74/74/74
f 71/71/71 72/72/72 76/76/76
f 72/72/72 77/77/77 76/76/76
f 72/72/72 73/73/73 77/77/77
f 73/73/73 78/78/78 77/77/77
f 73/73/73 74/74/74 78/78/78
f 74/74/74 79/79/79 78/78/78
f 74/74/74 75/75/75 79/79/79
f 75/75/75 80/80/80 79/79/79
f 76/76/76 77/77/77 81/81/81
f 77/77/77 82/82/82 81/81/81
f 77/77/77 78/78/78 82/82/82
f 78/78/78 83/83/83 82/82/82
f 78/78/78 79/79/79 83/83/83
f 79/79/79 84/84/84 83/83/83
f 79/79/79 80/80/80 84/84/84
f 80/80/80 85/85/85 84/84/84
f 81/81/81 82/82/82 86/86/86
f 82/82/82 87/87/87 86/86/86
f 82/82/82 83/83/83 87/87/87
f 83/83/83 88/88/88 87/87/87
f 83/83/83 84/84/84 88/88/88
f 84/84/84 89/89/89 88/88/88
f 84/84/84 85/85/85 89/89/89
f 85/85/85 90/90/90 89/89/89
f 86/86/86 87/87/87 91/91/91
f 87/87/87 92/92/92 91/91/91
f 87/87/87 88/88/88 92/92/92
f 88/88/88 93/93/93 92/92/92
f 88/88/88 89/89/89 93/93/93
f 89/89/89 94/94/94 93/93/93
f 89/89/89 90/90/90 94/94/94
f 90/90/90 95/95/95 94/94/94
f 91/91/91 92/92/92 96/96/96
f 92/92/92 97/97/97 96/96/96
f 92/92/92 93/93/93 97/97/97
f 93/93/93 98/98/98 97/97/97
f 93/93/93 94/94/94 98/98/98
f 94/94/94 99/99/99 98/98/98
f 94/94/94 95/95/95 99/99/99
f 95/95/95 100/100/100 99/99/99
f 96/96/96 97/97/97 101/101/101
f 97/97/97 102/102/102 101/101/101
f 97/97/97 98/98/98 102/102/102
f 98/98/98 103/103/103 102/102/102
f 98/98/98 99/99/99 103/103/103
f 99/99/99 104/104/104 103/103/103
f 99/99/99 100/100/100 104/104/104
f 100/100/100 105/105/105 104/104/104
f 101/101/101 102/102/102 106/106/106
f 102/102/102 107/107/107 106/106/106
f 102/102/102 103/103/103 107/107/107
f 103/103/103 108/108/108 107/107/107
f 103/103/103 104/104/104 108/108/108
f 104/104/104 109/109/109 108/108/108
f 104/104/104 105/105/105 109/109/109
f 105/105/105 110/110/110 109/109/109
f 106/106/106 107/107/107 111/111/111
f 107/107/107 112/112/112 111/111/111
f 107/107/107 108/108/108 112/112/112
f 108/108/108 113/113/113 112/112/112
f 108/108/108 109/109/109 113/113/113
f 109/109/109 114/114/114 113/113/113
f 109/109/109 110/110/110 114/114/114
f 110/110/110 115/115/115 114/114/114
f 111/111/111 112/112/112 116/116/116
f 112/112/112 117/117/117 116/116/116
f 112/112/112 113/113/113 117/117/117
f 113/113/113 118/118/118 117/117/117
f 113/113/113 114/114/114 118/118/118
f 114/114/114 119/119/119 118/118/118
f 114/114/114 115/115/115 119/119/119
f 115/115/115 120/120/120 119/119/119
f 116/116/116 117/117/117 121/121/121
f 117/117/117 122/122/122 121/121/121
f 117/117/117 118/118/118 122/122/122
f 118/118/118 123/123/123 122/122/122
f 118/118/118 119/119/119 123/123/123
f 119/119/119 124/124/124 123/123/123
f 119/119/119 120/120/120 124/124/124
f 120/120/120 125/125/125 124/124/124
f 121/121/121 122/122/122 126/126/126
f 122/122/122 127/127/127 126/126/126
f 122/122/122 123/123/123 127/127/127
f 123/123/123 128/128/128 127/127/127
f 123/123/123 124/124/124 128/128/128
f 124/124/124 129/129/129 128/128/128
f 124/124/124 125/125/125 129/129/129
f 125/125/125 130/130/130 129/129/129
f 126/126/126 127/127/127 131/131/131
f 127/127/127 132/132/132 131/131/131
f 127/127/127 128/128/128 132/132/132
f 128/128/128 133/133/133 132/132/132
f 128/128/128 129/129/129 133/133/133
f 129/129/129 134/134/134 133/133/133
f 129/129/129 130/130/130 134/134/134
f 130/130/130 135/135/135 134/134/134
f 131/131/131 132/132/132 136/136/136
f 132/132/132 137/137/137 136/136/136
f 132/132/132 133/133/133 137/137/137
f 133/133/133 138/138/138 137/137/137
f 133/133/133 134/134/134 138/138/138
f 134/134/134 139/139/139 138/138/138
f 134/134/134 135/135/135 139/139/139
f 135/135/135 140/140/140 139/139/139
f 136/136/136 137/137/137 141/141/141
f 137/137/137 142/142/142 141/141/141
f 137/137/137 138/138/138 142/142/142
f 138/138/138 143/143/143 142/142/142
f 138/138/138 139/139/139 143/143/143
f 139/139/139 144/144/144 143/143/143
f 139/139/139 140/140/140 144/144/144
f 140/140/140 145/145/145 144/144/144
f 141/141/141 142/142/142 146/146/146
f 142/142/142 147/147/147 146/146/146
f 142/142/142 143/143/143 147/147/147
f 143/143/143 148/148/148 147/147/147
f 143/143/143 144/144/144 148/148/148
f 144/144/144 149/149/149 148/148/148
f 144/144/144 145/145/145 149/149/149
f 145/145/145 150/150/150 149/149/149
f 146/146/146 147/147/147 151/151/151
f 147/147/147 152/152/152 151/151/151
f 147/147/147 148/148/148 152/152/152
f 148/148/148 153/153/153 152/152/152
f 148/148/148 149/149/149 153/153/153
f 149/149/149 154/154/154 153/153/153
f 149/149/149 150/150/150 154/154/154
f 150/150/150 155/155/155 154/154/154
f 151/151/151 152/152/152 156/156/156
f 152/152/152 157/157/157 156/156/156
f 152/152/152 153/153/153 157/157/157
f 153/153/153 158/158/158 157/157/157
f 153/153/153 154/154/154 158/158/158
f 154/154/154 159/159/159 158/158/158
f 154/154/154 155/155/155 159/159/159
f 155/155/155 160/160/160 159/159/159
f 156/156/156 157/157/157 161/161/161
f 157/157/157 162/162/162 161/161/161
f 157/157/157 158/158/158 162/162/162
f 158/158/158 163/163/163 162/162/162
f 158/158/158 159/159/159 163/163/163
f 159/159/159 164/164/164 163/163/163
f 159/159/159 160/160/160 164/164/164
f 160/160/160 165/165/165 164/164/164
f 161/161/161 162/162/162 166/166/166
f 162/162/162 167/167/167 166/166/166
f 162/162/162 163/163/163 167/167/167
f 163/163/163 168/168/168 167/167/167
f 163/163/163 164/164/164 168/168/168
f 164/164/164 169/169/169 168/168/168
f 164/164/164 165/165/165 169/169/169
f 165/165/165 170/170/170 169/169/169
f 166/166/166 167/167/167 171/171/171
f 167/167/167 172/172/172 171/171/171
f 167/167/167 168/168/168 172/172/172
f 168/168/168 173/173/173 172/172/172
f 168/168/168 169/169/169 173/173/173
f 169/169/169 174/174/174 173/173/173
f 169/169/169 170/170/170 174/174/174
f 170/170/170 175/175/175 174/174/174
f 171/171/171 172/172/172 176/176/176
f 172/172/172 177/177/177 176/176/176
f 172/172/172 173/173/173 177/177/177
f 173/173/173 178/178/178 177/177/177
f 173/173/173 174/174/174 178/178/178
f 174/174/174 179/179/179 178/178/178
f 174/174/174 175/175/175 179/179/179
f 175/175/175 180/180/180 179/179/179
f 176/176/176 177/177/177 181/181/181
f 177/177/177 182/182/182 181/181/181
f 177/177/177 178/178/178 182/182/182
f 178/178/178 183/183/183 182/182/182
f 178/178/178 179/179/179 183/183/183
f 179/179/179 184/184/184 183/183/183
f 179/179/179 180/180/180 184/184/184
f 180/180/180 185/185/185 184/184/184
f 181/181/181 182/182/182 186/186/186
f 182/182/182 187/187/187 186/186/186
f 182/182/182 183/183/183 187/187/187
f 183/183/183 188/188/188 187/187/187
f 183/183/183 184/184/184 188/188/188
f 184/184/184 189/189/189 188/188/188
f 184/184/184 185/185/185 189/189/189
f 185/185/185 190/190/190 189/189/189
f 186/186/186 187/187/187 191/191/191
f 187/187/187 192/192/192 191/191/191
f 187/187/187 188/188/188 192/192/192
f 188/188/188 193/193/193 192/192/192
f 188/188/188 189/189/189 193/193/193
f 189/189/189 194/194/194 193/193/193
f 189/189/189 190/190/190 194/194/194
f 190/190/190 195/195/195 194/194/194
f 191/191/191 192/192/192 196/196/196
f 192/192/192 197/197/197 196/196/196
f 192/192/192 193/193/193 197/197/197
f 193/193/193 198/198/198 197/197/197
f 193/193/193 194/194/194 198/198/198
f 194/194/194 199/199/199 198/198/198
f 194/194/194 195/195/195 199/199/199
f 195/195/195 200/200/200 199/199/199
f 196/196/196 197/197/197 201/201/201
f 197/197/197 202/202/202 201/201/201
f 197/197/197 198/198/198 202/202/202
f 198/198/198 203/203/203 202/202/202
f 198/198/198 199/199/199 203/203/203
f 199/199/199 204/204/204 203/203/203
f 199/199/199 200/200/200 204/204/204
f 200/200/200 205/205/205 204/204/204
f 201/201/201 202/202/202 206/206/206
f 202/202/202 207/207/207 206/206/206
f 202/202/202 203/203/203 207/207/207
f 203/203/203 208/208/208 207/207/207
f 203/203/203 204/204/204 208/208/208
f 204/204/204 209/209/209 208/208/208
f 204/204/204 205/205/205 209/209/209
f 205/205/205 210/210/210 209/209/209
f 206/206/206 207/207/207 211/211/211
f 207/207/207 212/212/212 211/211/211
f 207/207/207 208/208/208 212/212/212
f 208/208/208 213/213/213 212/212/212
f 208/208/208 209/209/209 213/213/213
f 209/209/209 214/214/214 213/213/213
f 209/209/209 210/210/210 214/214/214
f 210/210/210 215/215/215 214/214/214
f 211/211/211 212/212/212 216/216/216
f 212/212/212 217/217/217 216/216/216
f 212/212/212 213/213/213 217/217/217
f 213/213/213 218/218/218 217/217/217
f 213/213/213 214/214/214 218/218/218
f 214/214/214 219/219/219 218/218/218
f 214/214/214 215/215/215 219/219/219
f 215/215/215 220/220/220 219/219/219
f 216/216/216 217/217/217 221/221/221
f 217/217/217 222/222/222 221/221/221
f 217/217/217 218/218/218 222/222/222
f 218/218/218 223/223/223 222/222/222
f 218/218/218 219/219/219 223/223/223
f 219/219/219 224/224/224 223/223/223
f 219/219/219 220/220/220 224/224/224
f 220/220/220 225/225/225 224/224/224
f 221/221/221 222/222/222 226/226/226
f 222/222/222 227/227/227 226/226/226
f 222/222/222 223/223/223 227/227/227
f 223/223/223 228/228/228 227/227/227
f 223/223/223 224/224/224 228/228/228
f 224/224/224 229/229/229 228/228/228
f 224/224/224 225/225/225 229/229/229
f 225/225/225 230/230/230 229/229/229
f 226/226/226 227/227/227 231/231/231
f 227/227/227 232/232/232 231/231/231
f 227/227/227 228/228/228 232/232/232
f 228/228/228 233/233/233 232/232/232
f 228/228/228 229/229/229 233/233/233
f 229/229/229 234/234/234 233/233/233
f 229/229/229 230/230/230 234/234/234
f 230/230/230 235/235/235 234/234/234
f 231/231/231 232/232/232 236/236/236
f 232/232/232 237/237/237 236/236/236
f 232/232/232 233/233/233 237/237/237
f 233/233/233 238/238/238 237/237/237
f 233/233/233 234/234/234 238/238/238
f 234/234/234 239/239/239 238/238/238
f 234/234/234 235/235/235 239/239/239
f 235/235/235 240/240/240 239/239/239
f 236/236/236 237/237/237 241/241/241
f 237/237/237 242/242/242 241/241/241
f 237/237/237 238/238/238 242/242/242
f 238/238/238 243/243/243 242/242/242
f 238/238/238 239/239/239 243/243/243
f 239/239/239 244/244/244 243/243/243
f 239/239/239 240/240/240 244/244/244
f 240/240/240 245/245/245 244/244/244
f 241/241/241 242/242/242 246/246/246
f 242/242/242 247/247/247 246/246/246
f 242/242/242 243/243/243 247/247/247
f 243/243/243 248/248/248 247/247/247
f 243/243/243 244/244/244 248/248/248
f 244/244/244 249/249/249 248/248/248
f 244/244/244 245/245/245 249/249/249
f 245/245/245 250/250/250 249/249/249
f 246/246/246 247/247/247 251/251/251
f 247/247/247 252/252/252 251/251/251
f 247/247/247 248/248/248 252/252/252
f 248/248/248 253/253/253 252/252/252
f 248/248/248 249/249/249 253/253/253
f 249/249/249 254/254/254 253/253/253
f 249/249/249 250/250/250 254/254/254
f 250/250/250 255/255/255 254/254/254
f 251/251/251 252/252/252 256/256/256
f 252/252/252 257/257/257 256/256/256
f 252/252/252 253/253/253 257/257/257
f 253/253/253 258/258/258 257/257/257
f 253/253/253 254/254/254 258/258/258
f 254/254/254 259/259/259 258/258/258
f 254/254/254 255/255/255 259/259/259
f 255/255/255 260/260/260 259/259/259
f 256/256/256 257/257/257 261/261/261
f 257/257/257 262/262/262 261/261/261
f 257/257/257 258/258/258 262/262/262
f 258/258/258 263/263/263 262/262/262
f 258/258/258 259/259/259 263/263/263
f 259/259/259 264/264/264 263/263/263
f 259/259/259 260/260/260 264/264/264
f 260/260/260 265/265/265 264/264/264
f 261/261/261 262/262/262 266/266/266
f 262/262/262 267/267/267 266/266/266
f 262/262/262 263/263/263 267/267/267
f 263/263/263 268/268/268 267/267/267
f 263/263/263 264/264/264 268/268/268
f 264/264/264 269/269/269 268/268/268
f 264/264/264 265/265/265 269/269/269
f 265/265/265 270/270/270 269/269/269
f 266/266/266 267/267/267 271/271/271
f 267/267/267 272/272/272 271/271/271
f 267/267/267 268/268/268 272/272/272
f 268/268/268 273/273/273 272/272/272
f 268/268/268 269/269/269 273/273/273
f 269/269/269 274/274/274 273/273/273
f 269/269/269 270/270/270 274/274/274
f 270/270/270 275/275/275 274/274/274
f 271/271/271 272/272/272 276/276/276
f 272/272/272 277/277/277 276/276/276
f 272/272/272 273/273/273 277/277/277
f 273/273/273 278/278/278 277/277/277
f 273/273/273 274/274/274 278/278/278
f 274/274/274 279/279/279 278/278/278
f 274/274/274 275/275/275 279/279/279
f 275/275/275 280/280/280 279/279/279
f 276/276/276 277/277/277 281/281/281
f 277/277/277 282/282/282 281/281/281
f 277/277/277 278/278/278 282/282/282
f 278/278/278 283/283/283 282/282/282
f 278/278/278 279/279/279 283/283/283
f 279/279/279 284/284/284 283/283/283
f 279/279/279 280/280/280 284/284/284
f 280/280/280 285/285/285 284/284/284
f 281/281/281 282/282/282 286/286/286
f 282/282/282 287/287/287 286/286/286
f 282/282/282 283/283/283 287/287/287
f 283/283/283 288/288/288 287/287/287
f 283/283/283 284/284/284 288/288/288
f 284/284/284 289/289/289 288/288/288
f 284/284/284 285/285/285 289/289/289
f 285/285/285 290/290/290 289/289/289
f 286/286/286 287/287/287 291/291/291
f 287/287/287 292/292/292 291/291/291
f 287/287/287 288/288/288 292/292/292
f 288/288/288 293/293/293 292/292/292
f 288/288/288 289/289/289 293/293/293
f 289/289/289 294/294/294 293/293/293
f 289/289/289 290/290/290 294/294/294
f 290/290/290 295/295/295 294/294/294
f 291/291/291 292/292/292 296/296/296
f 292/292/292 297/297/297 296/296/296
f 292/292/292 293/293/293 297/297/297
f 293/293/293 298/298/298 297/297/297
f 293/293/293 294/294/294 298/298/298
f 294/294/294 299/299/299 298/298/298
f 294/294/294 295/295/295 299/299/299
f 295/295/295 300/300/300 299/299/299
f 296/296/296 297/297/297 301/301/301
f 297/297/297 302/302/302 301/301/301
f 297/297/297 298/298/298 302/302/302
f 298/298/298 303/303/303 302/302/302
f 298/298/298 299/299/299 303/303/303
f 299/299/299 304/304/304 303/303/303
f 299/299/299 300/300/300 304/304/304
f 300/300/300 305/305/305 304/304/304
f 301/301/301 302/302/302 306/306/306
f 302/302/302 307/307/307 306/306/306
f 302/302/302 303/303/303 307/307/307
f 303/303/303 308/308/308 307/307/307
f 303/303/303 304/304/304 308/308/308
f 304/304/304 309/309/309 308/308/308
f 304/304/304 305/305/305 309/309/309
f 305/305/305 310/310/310 309/309/309
f 306/306/306 307/307/307 311/311/311
f 307/307/307 312/312/312 311/311/311
f 307/307/307 308/308/308 312/312/312
f 308/308/308 313/313/313 312/312/312
f 308/308/308 309/309/309 313/313/313
f 309/309/309 314/314/314 313/313/313
f 309/309/309 310/310/310 314/314/314
f 310/310/310 315/315/315 314/314/314
f 311/311/311 312/312/312 316/316/316
f 312/312/312 317/317/317 316/316/316
f 312/312/312 313/313/313 317/317/317
f 313/313/313 318/318/318 317/317/317
f 313/313/313 314/314/314 318/318/318
f 314/314/314 319/319/319 318/318/318
f 314/314/314 315/315/315 319/319/319
f 315/315/315 320/320/320 319/319/319
f 316/316/316 317/317/317 321/321/321
f 317/317/317 322/322/322 321/321/321
f 317/317/317 318/318/318 322/322/322
f 318/318/318 323/323/323 322/322/322
f 318/318/318 319/319/319 323/323/323
f 319/319/319 324/324/324 323/323/323
f 319/319/319 320/320/320 324/324/324
f 320/320/320 325/325/325 324/324/324
f 321/321/321 322/322/322 326/326/326
f 322/322/322 327/327/327 326/326/326
f 322/322/322 323/323/323 327/327/327
f 323/323/323 328/328/328 327/327/327
f 323/323/323 324/324/324 328/328/328
f 324/324/324 329/329/329 328/328/328
f 324/324/324 325/325/325 329/329/329
f 325/325/325 330/330/330 329/329/329
f 326/326/326 327/327/327 331/331/331
f 327/327/327 332/332/332 331/331/331
f 327/327/327 328/328/328 332/332/332
f 328/328/328 333/333/333 332/332/332
f 328/328/328 329/329/329 333/333/333
f 329/329/329 334/334/334 333/333/333
f 329/329/329 330/330/330 334/334/334
f 330/330/330 335/335/335 334/334/334
f 331/331/331 332/332/332 336/336/336
f 332/332/332 337/337/337 336/336/336
f 332/332/332 333/333/333 337/337/337
f 333/333/333 338/338/338 337/337/337
f 333/333/333 334/334/334 338/338/338
f 334/334/334 339/339/339 338/338/338
f 334/334/334 335/335/335 339/339/339
f 335/335/335 340/340/340 339/339/339
f 336/336/336 337/337/337 341/341/341
f 337/337/337 342/342/342 341/341/341
f 337/337/337 338/338/338 342/342/342
f 338/338/338 343/343/343 342/342/342
f 338/338/338 339/339/339 343/343/343
f 339/339/339 344/344/344 343/343/343
f 339/339/339 340/340/340 344/344/344
f 340/340/340 345/345/345 344/344/344
f 341/341/341 342/342/342 346/346/346
f 342/342/342 347/347/347 346/346/346
f 342/342/342 343/343/343 347/347/347
f 343/343/343 348/348/348 347/347/347
f 343/343/343 344/344/344 348/348/348
f 344/344/344 349/349/349 348/348/348
f 344/344/344 345/345/345 349/349/349
f 345/345/345 350/350/350 349/349/349
f 346/346/346 347/347/347 351/351/351
f 347/347/347 352/352/352 351/351/351
f 347/347/347 348/348/348 352/352/352
f 348/348/348 353/353/353 352/352/352
f 348/348/348 349/349/349 353/353/353
f 349/349/349 354/354/354 353/353/353
f 349/349/349 350/350/350 354/354/354
f 350/350/350 355/355/355 354/354/354
f 351/351/351 352/352/352 356/356/356
f 352/352/352 357/357/357 356/356/356
f 352/352/352 353/353/353 357/357/357
f 353/353/353 358/358/358 357/357/357
f 353/353/353 354/354/354 358/358/358
f 354/354/354 359/359/359 358/358/358
f 354/354/354 355/355/355 359/359/359
f 355/355/355 360/360/360 359/359/359
f 356/356/356 357/357/357 361/361/361
f 357/357/357 362/362/362 361/361/361
f 357/357/357 358/358/358 362/362/362
f 358/358/358 363/363/363 362/362/362
f 358/358/358 359/359/359 363/363/363
f 359/359/359 364/364/364 363/363/363
f 359/359/359 360/360/360 364/364/364
f 360/360/360 365/365/365 364/364/364
f 361/361/361 362/362/362 366/366/366
f 362/362/362 367/367/367 366/366/366
f 362/362/362 363/363/363 367/367/367
f 363/363/363 368/368/368 367/367/367
f 363/363/363 364/364/364 368/368/368
f 364/364/364 369/369/369 368/368/368
f 364/364/364 365/365/365 369/369/369
f 365/365/365 370/370/370 369/369/369
f 366/366/366 367/367/367 371/371/371
f 367/367/367 372/372/372 371/371/371
f 367/367/367 368/368/368 372/372/372
f 368/368/368 373/373/373 372/372/372
f 368/368/368 369/369/369 373/373/373
f 369/369/369 374/374/374 373/373/373
f 369/369/369 370/370/370 374/374/374
f 370/370/370 375/375/375 374/374/374
f 371/371/371 372/372/372 376/376/376
f 372/372/372 377/377/377 376/376/376
f 372/372/372 373/373/373 377/377/377
f 373/373/373 378/378/378 377/377/377
f 373/373/373 374/374/374 378/378/378
f 374/374/374 379/379/379 378/378/378
f 374/374/374 375/375/375 379/379/379
f 375/375/375 380/380/380 379/379/379
f 376/376/376 377/377/377 381/381/381
f 377/377/377 382/382/382 381/381/381
f 377/377/377 378/378/378 382/382/382
f 378/378/378 383/383/383 382/382/382
f 378/378/378 379/379/379 383/383/383
f 379/379/379 384/384/384 383/383/383
f 379/379/379 380/380/380 384/384/384
f 380/380/380 385/385/385 384/384/384
f 381/381/381 382/382/382 386/386/386
f 382/382/382 387/387/387 386/386/386
f 382/382/382 383/383/383 387/387/387
f 383/383/383 388/388/388 387/387/387
f 383/383/383 384/384/384 388/388/388
f 384/384/384 389/389/389 388/388/388
f 384/384/384 385/385/385 389/389/389
f 385/385/385 390/390/390 389/389/389
f 386/386/386 387/387/387 391/391/391
f 387/387/387 392/392/392 391/391/391
f 387/387/387 388/388/388 392/392/392
f 388/388/388 393/393/393 392/392/392
f 388/388/388 389/389/389 393/393/393
f 389/389/389 394/394/394 393/393/393
f 389/389/389 390/390/390 394/394/394
f 390/390/390 395/395/395 394/394/394
f 391/391/391 392/392/392 396/396/396
f 392/392/392 397/397/397 396/396/396
f 392/392/392 393/393/393 397/397/397
f 393/393/393 398/398/398 397/397/397
f 393/393/393 394/394/394 398/398/398
f 394/394/394 399/399/399 398/398/398
f 394/394/394 395/395/395 399/399/399
f 395/395/395 400/400/400 399/399/399
f 396/396/396 397/397/397 401/401/401
f 397/397/397 402/402/402 401/401/401
f 397/397/397 398/398/398 402/402/402
f 398/398/398 403/403/403 402/402/402
f 398/398/398 399/399/399 403/403/403
f 399/399/399 404/404/404 403/403/403
f 399/399/399 400/400/400 404/404/404
f 400/400/400 405/405/405 404/404/404
f 401/401/401 402/402/402 406/406/406
f 402/402/402 407/407/407 406/406/406
f 402/402/402 403/403/403 407/407/407
f 403/403/403 408/408/408 407/407/407
f 403/403/403 404/404/404 408/408/408
f 404/404/404 409/409/409 408/408/408
f 404/404/404 405/405/405 409/409/409
f 405/405/405 410/410/410 409/409/409
f 406/406/406 407/407/407 411/411/411
f 407/407/407 412/412/412 411/411/411
f 407/407/407 408/408/408 412/412/412
f 408/408/408 413/413/413 412/412/412
f 408/408/408 409/409/409 413/413/413
f 409/409/409 414/414/414 413/413/413
f 409/409/409 410/410/410 414/414/414
f 410/410/410 415/415/415 414/414/414
f 411/411/411 412/412/412 416/416/416
f 412/412/412 417/417/417 416/416/416
f 412/412/412 413/413/413 417/417/417
f 413/413/413 418/418/418 417/417/417
f 413/413/413 414/414/414 418/418/418
f 414/414/414 419/419/419 418/418/418
f 414/414/414 415/415/415 419/419/419
f 415/415/415 420/420/420 419/419/419
f 416/416/416 417/417/417 421/421/421
f 417/417/417 422/422/422 421/421/421
f 417/417/417 418/418/418 422/422/422
f 418/418/418 423/423/423 422/422/422
f 418/418/418 419/419/419 423/423/423
f 419/419/419 424/424/424 423/423/423
f 419/419/419 420/420/420 424/424/424
f 420/420/420 425/425/425 424/424/424
f 421/421/421 422/422/422 426/426/426
f 422/422/422 427/427/427 426/426/426
f 422/422/422 423/423/423 427/427/427
f 423/423/423 428/428/428 427/427/427
f 423/423/423 424/424/424 428/428/428
f 424/424/424 429/429/429 428/428/428
f 424/424/424 425/425/425 429/429/429
f 425/425/425 430/430/430 429/429/429
f 426/426/426 427/427/427 431/431/431
f 427/427/427 432/432/432 431/431/431
f 427/427/427 428/428/428 432/432/432
f 428/428/428 433/433/433 432/432/432
f 428/428/428 429/429/429 433/433/433
f 429/429/429 434/434/434 433/433/433
f 429/429/429 430/430/430 434/434/434
f 430/430/430 435/435/435 434/434/434
f 431/431/431 432/432/432 436/436/436
f 432/432/432 437/437/437 436/436/436
f 432/432/432 433/433/433 437/437/437
f 433/433/433 438/438/438 437/437/437
f 433/433/433 434/434/434 438/438/438
f 434/434/434 439/439/439 438/438/438
f 434/434/434 435/435/435 439/439/439
f 435/435/435 440/440/440 439/439/439
f 436/436/436 437/437/437 441/441/441
f 437/437/437 442/442/442 441/441/441
f 437/437/437 438/438/438 442/442/442
f 438/438/438 443/443/443 442/442/442
f 438/438/438 439/439/439 443/443/443
f 439/439/439 444/444/444 443/443/443
f 439/439/439 440/440/440 444/444/444
f 440/440/440 445/445/445 444/444/444
f 441/441/441 442/442/442 446/446/446
f 442/442/442 447/447/447 446/446/446
f 442/442/442 443/443/443 447/447/447
f 443/443/443 448/448/448 447/447/447
f 443/443/443 444/444/444 448/448/448
f 444/444/444 449/449/449 448/448/448
f 444/444/444 445/445/445 449/449/449
f 445/445/445 450/450/450 449/449/449
f 446/446/446 447/447/447 451/451/451
f 447/447/447 452/452/452 451/451/451
f 447/447/447 448/448/448 452/452/452
f 448/448/448 453/453/453 452/452/452
f 448/448/448 449/449/449 453/453/453
f 449/449/449 454/454/454 453/453/453
f 449/449/449 450/450/450 454/454/454
f 450/450/450 455/455/455 454/454/454
f 451/451/451 452/452/452 456/456/456
f 452/452/452 457/457/457 456/456/456
f 452/452/452 453/453/453 457/457/457
f 453/453/453 458/458/458 457/457/457
f 453/453/453 454/454/454 458/458/458
f 454/454/454 459/459/459 458/458/458
f 454/454/454 455/455/455 459/459/459
f 455/455/455 460/460/460 459/459/459
f 456/456/456 457/457/457 461/461/461
f 457/457/457 462/462/462 461/461/461
f 457/457/457 458/458/458 462/462/462
f 458/458/458 463/463/463 462/462/462
f 458/458/458 459/459/459 463/463/463
f 459/459/459 464/464/464 463/463/463
f 459/459/459 460/460/460 464/464/464
f 460/460/460 465/465/465 464/464/464
f 461/461/461 462/462/462 466/466/466
f 462/462/462 467/467/467 466/466/466
f 462/462/462 463/463/463 467/467/467
f 463/463/463 468/468/468 467/467/467
f 463/463/463 464/464/464 468/468/468
f 464/464/464 469/469/469 468/468/468
f 464/464/464 465/465/465 469/469/469
f 465/465/465 470/470/470 469/469/469
f 466/466/466 467/467/467 471/471/471
f 467/467/467 472/472/472 471/471/471
f 467/467/467 468/468/468 472/472/472
f 468/468/468 473/473/473 472/472/472
f 468/468/468 469/469/469 473/473/473
f 469/469/469 474/474/474 473/473/473
f 469/469/469 470/470/470 474/474/474
f 470/470/470 475/475/475 474/474/474
f 471/471/471 472/472/472 476/476/476
f 472/472/472 477/477/477 476/476/476
f 472/472/472 473/473/473 477/477/477
f 473/473/473 478/478/478 477/477/477
f 473/473/473 474/474/474 478/478/478
f 474/474/474 479/479/479 478/478/478
f 474/474/474 475/475/475 479/479/479
f 475/475/475 480/480/480 479/479/479
f 476/476/476 477/477/477 481/481/481
f 477/477/477 482/482/482 481/481/481
f 477/477/477 478/478/478 482/482/482
f 478/478/478 483/483/483 482/482/482
f 478/478/478 479/479/479 483/483/483
f 479/479/479 484/484/484 483/483/483
f 479/479/479 480/480/480 484/484/484
f 480/480/480 485/485/485 484/484/484
f 481/481/481 482/482/482 486/486/486
f 482/482/482 487/487/487 486/486/486
f 482/482/482 483/483/483 487/487/487
f 483/483/483 488/488/488 487/487/487
f 483/483/483 484/484/484 488/488/488
f 484/484/484 489/489/489 488/488/488
f 484/484/484 485/485/485 489/489/489
f 485/485/485 490/490/490 489/489/489
f 486/486/486 487/487/487 491/491/491
f 487/487/487 492/492/492 491/491/491
f 487/487/487 488/488/488 492/492/492
f 488/488/488 493/493/493 492/492/492
f 488/488/488 489/489/489 493/493/493
f 489/489/489 494/494/494 493/493/493
f 489/489/489 490/490/490 494/494/494
f 490/490/490 495/495/495 494/494/494
f 491/491/491 492/492/492 496/496/496
f 492/492/492 497/497/497 496/496/496
f 492/492/492 493/493/493 497/497/497
f 493/493/493 498/498/498 497/497/497
f 493/493/493 494/494/494 498/498/498
f 494/494/494 499/499/499 498/498/498
f 494/494/494 495/495/495 499/499/499
f 495/495/495 500/500/500 499/499/499
f 496/496/496 497/497/497 501/501/501
f 497/497/497 502/502/502 501/501/501
f 497/497/497 498/498/498 502/502/502
f 498/498/498 503/503/503 502/502/502
f 498/498/498 499/499/499 503/503/503
f 499/499/499 504/504/504 503/503/503
f 499/499/499 500/500/500 504/504/504
f 500/500/500 505/505/505 504/504/504
f 506/506/506 507/507/507 511/511/511
f 507/507/507 512/512/512 511/511/511
f 507/507/507 508/508/508 512/512/512
f 508/508/508 513/513/513 512/512/512
f 508/508/508 509/509/509 513/513/513
f 509/509/509 514/514/514 513/513/513
f 509/509/509 510/510/510 514/514/514
f 510/510/510 515/515/515 514/514/514
f 511/511/511 512/512/512 516/516/516
f 512/512/512 517/517/517 516/516/516
f 512/512/512 513/513/513 517/517/517
f 513/513/513 518/518/518 517/517/517
f 513/513/513 514/514/514 518/518/518
f 514/514/514 519/519/519 518/518/518
f 514/514/514 515/515/515 519/519/519
f 515/515/515 520/520/520 519/519/519
f 516/516/516 517/517/517 521/521/521
f 517/517/517 522/522/522 521/521/521
f 517/517/517 518/518/518 522/522/522
f 518/518/518 523/523/523 522/522/522
f 518/518/518 519/519/519 523/523/523
f 519/519/519 524/524/524 523/523/523
f 519/519/519 520/520/520 524/524/524
f 520/520/520 525/525/525 524/524/524
f 521/521/521 522/522/522 526/526/526
f 522/522/522 527/527/527 526/526/526
f 522/522/522 523/523/523 527/527/527
f 523/523/523 528/528/528 527/527/527
f 523/523/523 524/524/524 528/528/528
f 524/524/524 529/529/529 528/528/528
f 524/524/524 525/525/525 529/529/529
f 525/525/525 530/530/530 529/529/529
f 526/526/526 527/527/527 531/531/531
f 527/527/527 532/532/532 531/531/531
f 527/527/527 528/528/528 532/532/532
f 528/528/528 533/533/533 532/532/532
f 528/528/528 529/529/529 533/533/533
f 529/529/529 534/534/534 533/533/533
f 529/529/529 530/530/530 534/534/534
f 530/530/530 535/535/535 534/534/534
f 531/531/531 532/532/532 536/536/536
f 532/532/532 537/537/537 536/536/536
f 532/532/532 533/533/533 537/537/537
f 533/533/533 538/538/538 537/537/537
f 533/533/533 534/534/534 538/538/538
f 534/534/534 539/539/539 538/538/538
f 534/534/534 535/535/535 539/539/539
f 535/535/535 540/540/540 539/539/539
f 536/536/536 537/537/537 541/541/541
f 537/537/537 542/542/542 541/541/541
f 537/537/537 538/538/538 542/542/542
f 538/538/538 543/543/543 542/542/542
f 538/538/538 539/539/539 543/543/543
f 539/539/539 544/544/544 543/543/543
f 539/539/539 540/540/540 544/544/544
f 540/540/540 545/545/545 544/544/544
f 541/541/541 542/542/542 546/546/546
f 542/542/542 547/547/547 546/546/546
f 542/542/542 543/543/543 547/547/547
f 543/543/543 548/548/548 547/547/547
f 543/543/543 544/544/544 548/548/548
f 544/544/544 549/549/549 548/548/548
f 544/544/544 545/545/545 549/549/549
f 545/545/545 550/550/550 549/549/549
f 546/546/546 547/547/547 551/551/551
f 547/547/547 552/552/552 551/551/551
f 547/547/547 548/548/548 552/552/552
f 548/548/548 553/553/553 552/552/552
f 548/548/548 549/549/549 553/553/553
f 549/549/549 554/554/554 553/553/553
f 549/549/549 550/550/550 554/554/554
f 550/550/550 555/555/555 554/554/554
f 551/551/551 552/552/552 556/556/556
f 552/552/552 557/557/557 556/556/556
f 552/552/552 553/553/553 557/557/557
f 553/553/553 558/558/558 557/557/557
f 553/553/553 554/554/554 558/558/558
f 554/554/554 559/559/559 558/558/558
f 554/554/554 555/555/555 559/559/559
f 555/555/555 560/560/560 559/559/559
f 556/556/556 557/557/557 561/561/561
f 557/557/557 562/562/562 561/561/561
f 557/557/557 558/558/558 562/562/562
f 558/558/558 563/563/563 562/562/562
f 558/558/558 559/559/559 563/563/563
f 559/559/559 564/564/564 563/563/563
f 559/559/559 560/560/560 564/564/564
f 560/560/560 565/565/565 564/564/564
f 561/561/561 562/562/562 566/566/566
f 562/562/562 567/567/567 566/566/566
f 562/562/562 563/563/563 567/567/567
f 563/563/563 568/568/568 567/567/567
f 563/563/563 564/564/564 568/568/568
f 564/564/564 569/569/569 568/568/568
f 564/564/564 565/565/565 569/569/569
f 565/565/565 570/570/570 569/569/569
f 566/566/566 567/567/567 571/571/571
f 567/567/567 572/572/572 571/571/571
f 567/567/567 568/568/568 572/572/572
f 568/568/568 573/573/573 572/572/572
f 568/568/568 569/569/569 573/573/573
f 569/569/569 574/574/574 573/573/573
f 569/569/569 570/570/570 574/574/574
f 570/570/570 575/575/575 574/574/574
f 571/571/571 572/572/572 576/576/576
f 572/572/572 577/577/577 576/576/576
f 572/572/572 573/573/573 577/577/577
f 573/573/573 578/578/578 577/577/577
f 573/573/573 574/574/574 578/578/578
f 574/574/574 579/579/579 578/578/578
f 574/574/574 575/575/575 579/579/579
f 575/575/575 580/580/580 579/579/579
f 576/576/576 577/577/577 581/581/581
f 577/577/577 582/582/582 581/581/581
f 577/577/577 578/578/578 582/582/582
f 578/578/578 583/583/583 582/582/582
f 578/578/578 579/579/579 583/583/583
f 579/579/579 584/584/584 583/583/583
f 579/579/579 580/580/580 584/584/584
f 580/580/580 585/585/585 584/584/584
f 581/581/581 582/582/582 586/586/586
f 582/582/582 587/587/587 586/586/586
f 582/582/582 583/583/583 587/587/587
f 583/583/583 588/588/588 587/587/587
f 583/583/583 584/584/584 588/588/588
f 584/584/584 589/589/589 588/588/588
f 584/584/584 585/585/585 589/589/589
f 585/585/585 590/590/590 589/589/589
f 586/586/586 587/587/587 591/591/591
f 587/587/587 592/592/592 591/591/591
f 587/587/587 588/588/588 592/592/592
f 588/588/588 593/593/593 592/592/592
f 588/588/588 589/589/589 593/593/593
f 589/589/589 594/594/594 593/593/593
f 589/589/589 590/590/590 594/594/594
f 590/590/590 595/595/595 594/594/594
f 591/591/591 592/592/592 596/596/596
f 592/592/592 597/597/597 596/596/596
f 592/592/592 593/593/593 597/597/597
f 593/593/593 598/598/598 597/597/597
f 593/593/593 594/594/594 598/598/598
f 594/594/594 599/599/599 598/598/598
f 594/594/594 595/595/595 599/599/599
f 595/595/595 600/600/600 599/599/599
f 596/596/596 597/597/597 601/601/601
f 597/597/597 602/602/602 601/601/601
f 597/597/597 598/598/598 602/602/602
f 598/598/598 603/603/603 602/602/602
f 598/598/598 599/599/599 603/603/603
f 599/599/599 604/604/604 603/603/603
f 599/599/599 600/600/600 604/604/604
f 600/600/600 605/605/605 604/604/604
f 601/601/601 602/602/602 606/606/606
f 602/602/602 607/607/607 606/606/606
f 602/602/602 603/603/603 607/607/607
f 603/603/603 608/608/608 607/607/607
f 603/603/603 604/604/604 608/608/608
f 604/604/604 609/609/609 608/608/608
f 604/604/604 605/605/605 609/609/609
f 605/605/605 610/610/610 609/609/609
f 606/606/606 607/607/607 611/611/611
f 607/607/607 612/612/612 611/611/611
f 607/607/607 608/608/608 612/612/612
f 608/608/608 613/613/613 612/612/612
f 608/608/608 609/609/609 613/613/613
f 609/609/609 614/614/614 613/613/613
f 609/609/609 610/610/610 614/614/614
f 610/610/610 615/615/615 614/614/614
f 611/611/611 612/612/612 616/616/616
f 612/612/612 617/617/617 616/616/616
f 612/612/612 613/613/613 617/617/617
f 613/613/613 618/618/618 617/617/617
f 613/613/613 614/614/614 618/618/618
f 614/614/614 619/619/619 618/618/618
f 614/614/614 615/615/615 619/619/619
f 615/615/615 620/620/620 619/619/619
f 616/616/616 617/617/617 621/621/621
f 617/617/617 622/622/622 621/621/621
f 617/617/617 618/618/618 622/622/622
f 618/618/618 623/623/623 622/622/622
f 618/618/618 619/619/619 623/623/623
f 619/619/619 624/624/624 623/623/623
f 619/619/619 620/620/620 624/624/624
f 620/620/620 625/625/625 624/624/624
f 621/621/621 622/622/622 626/626/626
f 622/622/622 627/627/627 626/626/626
f 622/622/622 623/623/623 627/627/627
f 623/623/623 628/628/628 627/627/627
f 623/623/623 624/624/624 628/628/628
f 624/624/624 629/629/629 628/628/628
f 624/624/624 625/625/625 629/629/629
f 625/625/625 630/630/630 629/629/629
f 626/626/626 627/627/627 631/631/631
f 627/627/627 632/632/632 631/631/631
f 627/627/627 628/628/628 632/632/632
f 628/628/628 633/633/633 632/632/632
f 628/628/628 629/629/629 633/633/633
f 629/629/629 634/634/634 633/633/633
f 629/629/629 630/630/630 634/634/634
f 630/630/630 635/635/635 634/634/634
f 631/631/631 632/632/632 636/636/636
f 632/632/632 637/637/637 636/636/636
f 632/632/632 633/633/633 637/637/637
f 633/633/633 638/638/638 637/637/637
f 633/633/633 634/634/634 638/638/638
f 634/634/634 639/639/639 638/638/638
f 634/634/634 635/635/635 639/639/639
f 635/635/635 640/640/640 639/639/639
f 636/636/636 637/637/637 641/641/641
f 637/637/637 642/642/642 641/641/641
f 637/637/637 638/638/638 642/642/642
f 638/638/638 643/643/643 642/642/642
f 638/638/638 639/639/639 643/643/643
f 639/639/639 644/644/644 643/643/643
f 639/639/639 640/640/640 644/644/644
f 640/640/640 645/645/645 644/644/644
f 641/641/641 642/642/642 646/646/646
f 642/642/642 647/647/647 646/646/646
f 642/642/642 643/643/643 647/647/647
f 643/643/643 648/648/648 647/647/647
f 643/643/643 644/644/644 648/648/648
f 644/644/644 649/649/649 648/648/648
f 644/644/644 645/645/645 649/649/649
f 645/645/645 650/650/650 649/649/649
f 646/646/646 647/647/647 651/651/651
f 647/647/647 652/652/652 651/651/651
f 647/647/647 648/648/648 652/652/652
f 648/648/648 653/653/653 652/652/652
f 648/648/648 649/649/649 653/653/653
f 649/649/649 654/654/654 653/653/653
f 649/649/649 650/650/650 654/654/654
f 650/650/650 655/655/655 654/654/654
f 651/651/651 652/652/652 656/656/656
f 652/652/652 657/657/657 656/656/656
f 652/652/652 653/653/653 657/657/657
f 653/653/653 658/658/658 657/657/657
f 653/653/653 654/654/654 658/658/658
f 654/654/654 659/659/659 658/658/658
f 654/654/654 655/655/655 659/659/659
f 655/655/655 660/660/660 659/659/659
f 656/656/656 657/657/657 661/661/661
f 657/657/657 662/662/662 661/661/661
f 657/657/657 658/658/658 662/662/662
f 658/658/658 663/663/663 662/662/662
f 658/658/658 659/659/659 663/663/663
f 659/659/659 664/664/664 663/663/663
f 659/659/659 660/660/660 664/664/664
f 660/660/660 665/665/665 664/664/664
f 661/661/661 662/662/662 666/666/666
f 662/662/662 667/667/667 666/666/666
f 662/662/662 663/663/663 667/667/667
f 663/663/663 668/668/668 667/667/667
f 663/663/663 664/664/664 668/668/668
f 664/664/664 669/669/669 668/668/668
f 664/664/664 665/665/665 669/669/669
f 665/665/665 670/670/670 669/669/669
f 666/666/666 667/667/667 671/671/671
f 667/667/667 672/672/672 671/671/671
f 667/667/667 668/668/668 672/672/672
f 668/668/668 673/673/673 672/672/672
f 668/668/668 669/669/669 673/673/673
f 669/669/669 674/674/674 673/673/673
f 669/669/669 670/670/670 674/674/674
f 670/670/670 675/675/675 674/674/674
f 671/671/671 672/672/672 676/676/676
f 672/672/672 677/677/677 676/676/676
f 672/672/672 673/673/673 677/677/677
f 673/673/673 678/678/678 677/677/677
f 673/673/673 674/674/674 678/678/678
f 674/674/674 679/679/679 678/678/678
f 674/674/674 675/675/675 679/679/679
f 675/675/675 680/680/680 679/679/679
f 676/676/676 677/677/677 681/681/681
f 677/677/677 682/682/682 681/681/681
f 677/677/677 678/678/678 682/682/682
f 678/678/678 683/683/683 682/682/682
f 678/678/678 679/679/679 683/683/683
f 679/679/679 684/684/684 683/683/683
f 679/679/679 680/680/680 684/684/684
f 680/680/680 685/685/685 684/684/684
f 681/681/681 682/682/682 686/686/686
f 682/682/682 687/687/687 686/686/686
f 682/682/682 683/683/683 687/687/687
f 683/683/683 688/688/688 687/687/687
f 683/683/683 684/684/684 688/688/688
f 684/684/684 689/689/689 688/688/688
f 684/684/684 685/685/685 689/689/689
f 685/685/685 690/690/690 689/689/689
f 686/686/686 687/687/687 691/691/691
f 687/687/687 692/692/692 691/691/691
f 687/687/687 688/688/688 692/692/692
f 688/688/688 693/693/693 692/692/692
f 688/688/688 689/689/689 693/693/693
f 689/689/689 694/694/694 693/693/693
f 689/689/689 690/690/690 694/694/694
f 690/690/690 695/695/695 694/694/694
f 691/691/691 692/692/692 696/696/696
f 692/692/692 697/697/697 696/696/696
f 692/692/692 693/693/693 697/697/697
f 693/693/693 698/698/698 697/697/697
f 693/693/693 694/694/694 698/698/698
f 694/694/694 699/699/699 698/698/698
f 694/694/694 695/695/695 699/699/699
f 695/695/695 700/700/700 699/699/699
f 696/696/696 697/697/697 701/701/701
f 697/697/697 702/702/702 701/701/701
f 697/697/697 698/698/698 702/702/702
f 698/698/698 703/703/703 702/702/702
f 698/698/698 699/699/699 703/703/703
f 699/699/699 704/704/704 703/703/703
f 699/699/699 700/700/700 704/704/704
f 700/700/700 705/705/705 704/704/704
f 701/701/701 702/702/702 706/706/706
f 702/702/702 707/707/707 706/706/706
f 702/702/702 703/703/703 707/707/707
f 703/703/703 708/708/708 707/707/707
f 703/703/703 704/704/704 708/708/708
f 704/704/704 709/709/709 708/708/708
f 704/704/704 705/705/705 709/709/709
f 705/705/705 710/710/710 709/709/709
f 706/706/706 707/707/707 711/711/711
f 707/707/707 712/712/712 711/711/711
f 707/707/707 708/708/708 712/712/712
f 708/708/708 713/713/713 712/712/712
f 708/708/708 709/709/709 713/713/713
f 709/709/709 714/714/714 713/713/713
f 709/709/709 710/710/710 714/714/714
f 710/710/710 715/715/715 714/714/714
f 711/711/711 712/712/712 716/716/716
f 712/712/712 717/717/717 716/716/716
f 712/712/712 713/713/713 717/717/717
f 713/713/713 718/718/718 717/717/717
f 713/713/713 714/714/714 718/718/718
f 714/714/714 719/719/719 718/718/718
f 714/714/714 715/715/715 719/719/719
f 715/715/715 720/720/720 719/719/719
f 716/716/716 717/717/717 721/721/721
f 717/717/717 722/722/722 721/721/721
f 717/717/717 718/718/718 722/722/722
f 718/718/718 723/723/723 722/722/722
f 718/718/718 719/719/719 723/723/723
f 719/719/719 724/724/724 723/723/723
f 719/719/719 720/720/720 724/724/724
f 720/720/720 725/725/725 724/724/724
f 721/721/721 722/722/722 726/726/726
f 722/722/722 727/727/727 726/726/726
f 722/722/722 723/723/723 727/727/727
f 723/723/723 728/728/728 727/727/727
f 723/723/723 724/724/724 728/728/728
f 724/724/724 729/729/729 728/728/728
f 724/724/724 725/725/725 729/729/729
f 725/725/725 730/730/730 729/729/729
f 726/726/726 727/727/727 731/731/731
f 727/727/727 732/732/732 731/731/731
f 727/727/727 728/728/728 732/732/732
f 728/728/728 733/733/733 732/732/732
f 728/728/728 729/729/729 733/733/733
f 729/729/729 734/734/734 733/733/733
f 729/729/729 730/730/730 734/734/734
f 730/730/730 735/735/735 734/734/734
f 731/731/731 732/732/732 736/736/736
f 732/732/732 737/737/737 736/736/736
f 732/732/732 733/733/733 737/737/737
f 733/733/733 738/738/738 737/737/737
f 733/733/733 734/734/734 738/738/738
f 734/734/734 739/739/739 738/738/738
f 734/734/734 735/735/735 739/739/739
f 735/735/735 740/740/740 739/739/739
f 736/736/736 737/737/737 741/741/741
f 737/737/737 742/742/742 741/741/741
f 737/737/737 738/738/738 742/742/742
f 738/738/738 743/743/743 742/742/742
f 738/738/738 739/739/739 743/743/743
f 739/739/739 744/744/744 743/743/743
f 739/739/739 740/740/740 744/744/744
f 740/740/740 745/745/745 744/744/744
f 741/741/741 742/742/742 746/746/746
f 742/742/742 747/747/747 746/746/746
f 742/742/742 743/743/743 747/747/747
f 743/743/743 748/748/748 747/747/747
f 743/743/743 744/744/744 748/748/748
f 744/744/744 749/749/749 748/748/748
f 744/744/744 745/745/745 749/749/749
f 745/745/745 750/750/750 749/749/749
f 746/746/746 747/747/747 751/751/751
f 747/747/747 752/752/752 751/751/751
f 747/747/747 748/748/748 752/752/752
f 748/748/748 753/753/753 752/752/752
f 748/748/748 749/749/749 753/753/753
f 749/749/749 754/754/754 753/753/753
f 749/749/749 750/750/750 754/754/754
f 750/750/750 755/755/755 754/754/754
f 751/751/751 752/752/752 756/756/756
f 752/752/752 757/757/757 756/756/756
f 752/752/752 753/753/753 757/757/757
f 753/753/753 758/758/758 757/757/757
f 753/753/753 754/754/754 758/758/758
f 754/754/754 759/759/759 758/758/758
f 754/754/754 755/755/755 759/759/759
f 755/755/755 760/760/760 759/759/759
f 756/756/756 757/757/757 761/761/761
f 757/757/757 762/762/762 761/761/761
f 757/757/757 758/758/758 762/762/762
f 758/758/758 763/763/763 762/762/762
f 758/758/758 759/759/759 763/763/763
f 759/759/759 764/764/764 763/763/763
f 759/759/759 760/760/760 764/764/764
f 760/760/760 765/765/765 764/764/764
f 761/761/761 762/762/762 766/766/766
f 762/762/762 767/767/767 766/766/766
f 762/762/762 763/763/763 767/767/767
f 763/763/763 768/768/768 767/767/767
f 763/763/763 764/764/764 768/768/768
f 764/764/764 769/769/769 768/768/768
f 764/764/764 765/765/765 769/769/769
f 765/765/765 770/770/770 769/769/769
f 766/766/766 767/767/767 771/771/771
f 767/767/767 772/772/772 771/771/771
f 767/767/767 768/768/768 772/772/772
f 768/768/768 773/773/773 772/772/772
f 768/768/768 769/769/769 773/773/773
f 769/769/769 774/774/774 773/773/773
f 769/769/769 770/770/770 774/774/774
f 770/770/770 775/775/775 774/774/774
f 771/771/771 772/772/772 776/776/776
f 772/772/772 777/777/777 776/776/776
f 772/772/772 773/773/773 777/777/777
f 773/773/773 778/778/778 777/777/777
f 773/773/773 774/774/774 778/778/778
f 774/774/774 779/779/779 778/778/778
f 774/774/774 775/775/775 779/779/779
f 775/775/775 780/780/780 779/779/779
f 776/776/776 777/777/777 781/781/781
f 777/777/777 782/782/782 781/781/781
f 777/777/777 778/778/778 782/782/782
f 778/778/778 783/783/783 782/782/782
f 778/778/778 779/779/779 783/783/783
f 779/779/779 784/784/784 783/783/783
f 779/779/779 780/780/780 784/784/784
f 780/780/780 785/785/785 784/784/784
f 781/781/781 782/782/782 786/786/786
f 782/782/782 787/787/787 786/786/786
f 782/782/782 783/783/783 787/787/787
f 783/783/783 788/788/788 787/787/787
f 783/783/783 784/784/784 788/788/788
f 784/784/784 789/789/789 788/788/788
f 784/784/784 785/785/785 789/789/789
f 785/785/785 790/790/790 789/789/789
f 786/786/786 787/787/787 791/791/791
f 787/787/787 792/792/792 791/791/791
f 787/787/787 788/788/788 792/792/792
f 788/788/788 793/793/793 792/792/792
f 788/788/788 789/789/789 793/793/793
f 789/789/789 794/794/794 793/793/793
f 789/789/789 790/790/790 794/794/794
f 790/790/790 795/795/795 794/794/794
f 791/791/791 792/792/792 796/796/796
f 792/792/792 797/797/797 796/796/796
f 792/792/792 793/793/793 797/797/797
f 793/793/793 798/798/798 797/797/797
f 793/793/793 794/794/794 798/798/798
f 794/794/794 799/799/799 798/798/798
f 794/794/794 795/795/795 799/799/799
f 795/795/795 800/800/800 799/799/799
f 796/796/796 797/797/797 801/801/801
f 797/797/797 802/802/802 801/801/801
f 797/797/797 798/798/798 802/802/802
f 798/798/798 803/803/803 802/802/802
f 798/798/798 799/799/799 803/803/803
f 799/799/799 804/804/804 803/803/803
f 799/799/799 800/800/800 804/804/804
f 800/800/800 805/805/805 804/804/804
f 801/801/801 802/802/802 806/806/806
f 802/802/802 807/807/807 806/806/806
f 802/802/802 803/803/803 807/807/807
f 803/803/803 808/808/808 807/807/807
f 803/803/803 804/804/804 808/808/808
f 804/804/804 809/809/809 808/808/808
f 804/804/804 805/805/805 809/809/809
f 805/805/805 810/810/810 809/809/809
f 806/806/806 807/807/807 811/811/811
f 807/807/807 812/812/812 811/811/811
f 807/807/807 808/808/808 812/812/812
f 808/808/808 813/813/813 812/812/812
f 808/808/808 809/809/809 813/813/813
f 809/809/809 814/814/814 813/813/813
f 809/809/809 810/810/810 814/814/814
f 810/810/810 815/815/815 814/814/814
f 811/811/811 812/812/812 816/816/816
f 812/812/812 817/817/817 816/816/816
f 812/812/812 813/813/813 817/817/817
f 813/813/813 818/818/818 817/817/817
f 813/813/813 814/814/814 818/818/818
f 814/814/814 819/819/819 818/818/818
f 814/814/814 815/815/815 819/819/819
f 815/815/815 820/820/820 819/819/819
f 816/816/816 817/817/817 821/821/821
f 817/817/817 822/822/822 821/821/821
f 817/817/817 818/818/818 822/822/822
f 818/818/818 823/823/823 822/822/822
f 818/818/818 819/819/819 823/823/823
f 819/819/819 824/824/824 823/823/823
f 819/819/819 820/820/820 824/824/824
f 820/820/820 825/825/825 824/824/824
f 821/821/821 822/822/822 826/826/826
f 822/822/822 827/827/827 826/826/826
f 822/822/822 823/823/823 827/827/827
f 823/823/823 828/828/828 827/827/827
f 823/823/823 824/824/824 828/828/828
f 824/824/824 829/829/829 828/828/828
f 824/824/824 825/825/825 829/829/829
f 825/825/825 830/830/830 829/829/829
f 826/826/826 827/827/827 831/831/831
f 827/827/827 832/832/832 831/831/831
f 827/827/827 828/828/828 832/832/832
f 828/828/828 833/833/833 832/832/832
f 828/828/828 829/829/829 833/833/833
f 829/829/829 834/834/834 833/833/833
f 829/829/829 830/830/830 834/834/834
f 830/830/830 835/835/835 834/834/834
f 831/831/831 832/832/832 836/836/836
f 832/832/832 837/837/837 836/836/836
f 832/832/832 833/833/833 837/837/837
f 833/833/833 838/838/838 837/837/837
f 833/833/833 834/834/834 838/838/838
f 834/834/834 839/839/839 838/838/838
f 834/834/834 835/835/835 839/839/839
f 835/835/835 840/840/840 839/839/839
f 836/836/836 837/837/837 841/841/841
f 837/837/837 842/842/842 841/841/841
f 837/837/837 838/838/838 842/842/842
f 838/838/838 843/843/843 842/842/842
f 838/838/838 839/839/839 843/843/843
f 839/839/839 844/844/844 843/843/843
f 839/839/839 840/840/840 844/844/844
f 840/840/840 845/845/845 844/844/844
f 841/841/841 842/842/842 846/846/846
f 842/842/842 847/847/847 846/846/846
f 842/842/842 843/843/843 847/847/847
f 843/843/843 848/848/848 847/847/847
f 843/843/843 844/844/844 848/848/848
f 844/844/844 849/849/849 848/848/848
f 844/844/844 845/845/845 849/849/849
f 845/845/845 850/850/850 849/849/849
f 846/846/846 847/847/847 851/851/851
f 847/847/847 852/852/852 851/851/851
f 847/847/847 848/848/848 852/852/852
f 848/848/848 853/853/853 852/852/852
f 848/848/848 849/849/849 853/853/853
f 849/849/849 854/854/854 853/853/853
f 849/849/849 850/850/850 854/854/854
f 850/850/850 855/855/855 854/854/854
f 851/851/851 852/852/852 856/856/856
f 852/852/852 857/857/857 856/856/856
f 852/852/852 853/853/853 857/857/857
f 853/853/853 858/858/858 857/857/857
f 853/853/853 854/854/854 858/858/858
f 854/854/854 859/859/859 858/858/858
f 854/854/854 855/855/855 859/859/859
f 855/855/855 860/860/860 859/859/859
f 856/856/856 857/857/857 861/861/861
f 857/857/857 862/862/862 861/861/861
f 857/857/857 858/858/858 862/862/862
f 858/858/858 863/863/863 862/862/862
f 858/858/858 859/859/859 863/863/863
f 859/859/859 864/864/864 863/863/863
f 859/859/859 860/860/860 864/864/864
f 860/860/860 865/865/865 864/864/864
f 861/861/861 862/862/862 866/866/866
f 862/862/862 867/867/867 866/866/866
f 862/862/862 863/863/863 867/867/867
f 863/863/863 868/868/868 867/867/867
f 863/863/863 864/864/864 868/868/868
f 864/864/864 869/869/869 868/868/868
f 864/864/864 865/865/865 869/869/869
f 865/865/865 870/870/870 869/869/869
f 866/866/866 867/867/867 871/871/871
f 867/867/867 872/872/872 871/871/871
f 867/867/867 868/868/868 872/872/872
f 868/868/868 873/873/873 872/872/872
f 868/868/868 869/869/869 873/873/873
f 869/869/869 874/874/874 873/873/873
f 869/869/869 870/870/870 874/874/874
f 870/870/870 875/875/875 874/874/874
f 871/871/871 872/872/872 876/876/876
f 872/872/872 877/877/877 876/876/876
f 872/872/872 873/873/873 877/877/877
f 873/873/873 878/878/878 877/877/877
f 873/873/873 874/874/874 878/878/878
f 874/874/874 879/879/879 878/878/878
f 874/874/874 875/875/875 879/879/879
f 875/875/875 880/880/880 879/879/879
f 876/876/876 877/877/877 881/881/881
f 877/877/877 882/882/882 881/881/881
f 877/877/877 878/878/878 882/882/882
f 878/878/878 883/883/883 882/882/882
f 878/878/878 879/879/879 883/883/883
f 879/879/879 884/884/884 883/883/883
f 879/879/879 880/880/880 884/884/884
f 880/880/880 885/885/885 884/884/884
f 881/881/881 882/882/882 886/886/886
f 882/882/882 887/887/887 886/886/886
f 882/882/882 883/883/883 887/887/887
f 883/883/883 888/888/888 887/887/887
f 883/883/883 884/884/884 888/888/888
f 884/884/884 889/889/889 888/888/888
f 884/884/884 885/885/885 889/889/889
f 885/885/885 890/890/890 889/889/889
f 886/886/886 887/887/887 891/891/891
f 887/887/887 892/892/892 891/891/891
f 887/887/887 888/888/888 892/892/892
f 888/888/888 893/893/893 892/892/892
f 888/888/888 889/889/889 893/893/893
f 889/889/889 894/894/894 893/893/893
f 889/889/889 890/890/890 894/894/894
f 890/890/890 895/895/895 894/894/894
f 891/891/891 892/892/892 896/896/896
f 892/892/892 897/897/897 896/896/896
f 892/892/892 893/893/893 897/897/897
f 893/893/893 898/898/898 897/897/897
f 893/893/893 894/894/894 898/898/898
f 894/894/894 899/899/899 898/898/898
f 894/894/894 895/895/895 899/899/899
f 895/895/895 900/900/900 899/899/899
f 896/896/896 897/897/897 901/901/901
f 897/897/897 902/902/902 901/901/901
f 897/897/897 898/898/898 902/902/902
f 898/898/898 903/903/903 902/902/902
f 898/898/898 899/899/899 903/903/903
f 899/899/899 904/904/904 903/903/903
f 899/899/899 900/900/900 904/904/904
f 900/900/900 905/905/905 904/904/904
f 901/901/901 902/902/902 906/906/906
f 902/902/902 907/907/907 906/906/906
f 902/902/902 903/903/903 907/907/907
f 903/903/903 908/908/908 907/907/907
f 903/903/903 904/904/904 908/908/908
f 904/904/904 909/909/909 908/908/908
f 904/904/904 905/905/905 909/909/909
f 905/905/905 910/910/910 909/909/909
f 906/906/906 907/907/907 911/911/911
f 907/907/907 912/912/912 911/911/911
f 907/907/907 908/908/908 912/912/912
f 908/908/908 913/913/913 912/912/912
f 908/908/908 909/909/909 913/913/913
f 909/909/909 914/914/914 913/913/913
f 909/909/909 910/910/910 914/914/914
f 910/910/910 915/915/915 914/914/914
f 911/911/911 912/912/912 916/916/916
f 912/912/912 917/917/917 916/916/916
f 912/912/912 913/913/913 917/917/917
f 913/913/913 918/918/918 917/917/917
f 913/913/913 914/914/914 918/918/918
f 914/914/914 919/919/919 918/918/918
f 914/914/914 915/915/915 919/919/919
f 915/915/915 920/920/920 919/919/919
f 916/916/916 917/917/917 921/921/921
f 917/917/917 922/922/922 921/921/921
f 917/917/917 918/918/918 922/922/922
f 918/918/918 923/923/923 922/922/922
f 918/918/918 919/919/919 923/923/923
f 919/919/919 924/924/924 923/923/923
f 919/919/919 920/920/920 924/924/924
f 920/920/920 925/925/925 924/924/924
f 921/921/921 922/922/922 926/926/926
f 922/922/922 927/927/927 926/926/926
f 922/922/922 923/923/923 927/927/927
f 923/923/923 928/928/928 927/927/927
f 923/923/923 924/924/924 928/928/928
f 924/924/924 929/929/929 928/928/928
f 924/924/924 925/925/925 929/929/929
f 925/925/925 930/930/930 929/929/929
f 926/926/926 927/927/927 931/931/931
f 927/927/927 932/932/932 931/931/931
f 927/927/927 928/928/928 932/932/932
f 928/928/928 933/933/933 932/932/932
f 928/928/928 929/929/929 933/933/933
f 929/929/929 934/934/934 933/933/933
f 929/929/929 930/930/930 934/934/934
f 930/930/930 935/935/935 934/934/934
f 931/931/931 932/932/932 936/936/936
f 932/932/932 937/937/937 936/936/936
f 932/932/932 933/933/933 937/937/937
f 933/933/933 938/938/938 937/937/937
f 933/933/933 934/934/934 938/938/938
f 934/934/934 939/939/939 938/938/938
f 934/934/934 935/935/935 939/939/939
f 935/935/935 940/940/940 939/939/939
f 936/936/936 937/937/937 941/941/941
f 937/937/937 942/942/942 941/941/941
f 937/937/937 938/938/938 942/942/942
f 938/938/938 943/943/943 942/942/942
f 938/938/938 939/939/939 943/943/943
f 939/939/939 944/944/944 943/943/943
f 939/939/939 940/940/940 944/944/944
f 940/940/940 945/945/945 944/944/944
f 941/941/941 942/942/942 946/946/946
f 942/942/942 947/947/947 946/946/946
f 942/942/942 943/943/943 947/947/947
f 943/943/943 948/948/948 947/947/947
f 943/943/943 944/944/944 948/948/948
f 944/944/944 949/949/949 948/948/948
f 944/944/944 945/945/945 949/949/949
f 945/945/945 950/950/950 949/949/949
f 946/946/946 947/947/947 951/951/951
f 947/947/947 952/952/952 951/951/951
f 947/947/947 948/948/948 952/952/952
f 948/948/948 953/953/953 952/952/952
f 948/948/948 949/949/949 953/953/953
f 949/949/949 954/954/954 953/953/953
f 949/949/949 950/950/950 954/954/954
f 950/950/950 955/955/955 954/954/954
f 951/951/951 952/952/952 956/956/956
f 952/952/952 957/957/957 956/956/956
f 952/952/952 953/953/953 957/957/957
f 953/953/953 958/958/958 957/957/957
f 953/953/953 954/954/954 958/958/958
f 954/954/954 959/959/959 958/958/958
f 954/954/954 955/955/955 959/959/959
f 955/955/955 960/960/960 959/959/959
f 956/956/956 957/957/957 961/961/961
f 957/957/957 962/962/962 961/961/961
f 957/957/957 958/958/958 962/962/962
f 958/958/958 963/963/963 962/962/962
f 958/958/958 959/959/959 963/963/963
f 959/959/959 964/964/964 963/963/963
f 959/959/959 960/960/960 964/964/964
f 960/960/960 965/965/965 964/964/964
f 961/961/961 962/962/962 966/966/966
f 962/962/962 967/967/967 966/966/966
f 962/962/962 963/963/963 967/967/967
f 963/963/963 968/968/968 967/967/967
f 963/963/963 964/964/964 968/968/968
f 964/964/964 969/969/969 968/968/968
f 964/964/964 965/965/965 969/969/969
f 965/965/965 970/970/970 969/969/969
f 966/966/966 967/967/967 971/971/971
f 967/967/967 972/972/972 971/971/971
f 967/967/967 968/968/968 972/972/972
f 968/968/968 973/973/973 972/972/972
f 968/968/968 969/969/969 973/973/973
f 969/969/969 974/974/974 973/973/973
f 969/969/969 970/970/970 974/974/974
f 970/970/970 975/975/975 974/974/974
f 971/971/971 972/972/972 976/976/976
f 972/972/972 977/977/977 976/976/976
f 972/972/972 973/973/973 977/977/977
f 973/973/973 978/978/978 977/977/977
f 973/973/973 974/974/974 978/978/978
f 974/974/974 979/979/979 978/978/978
f 974/974/974 975/975/975 979/979/979
f 975/975/975 980/980/980 979/979/979
f 976/976/976 977/977/977 981/981/981
f 977/977/977 982/982/982 981/981/981
f 977/977/977 978/978/978 982/982/982
f 978/978/978 983/983/983 982/982/982
f 978/978/978 979/979/979 983/983/983
f 979/979/979 984/984/984 983/983/983
f 979/979/979 980/980/980 984/984/984
f 980/980/980 985/985/985 984/984/984
f 981/981/981 982/982/982 986/986/986
f 982/982/982 987/987/987 986/986/986
f 982/982/982 983/983/983 987/987/987
f 983/983/983 988/988/988 987/987/987
f 983/983/983 984/984/984 988/988/988
f 984/984/984 989/989/989 988/988/988
f 984/984/984 985/985/985 989/989/989
f 985/985/985 990/990/990 989/989/989
f 986/986/986 987/987/987 991/991/991
f 987/987/987 992/992/992 991/991/991
f 987/987/987 988/988/988 992/992/992
f 988/988/988 993/993/993 992/992/992
f 988/988/988 989/989/989 993/993/993
f 989/989/989 994/994/994 993/993/993
f 989/989/989 990/990/990 994/994/994
f 990/990/990 995/995/995 994/994/994
f 991/991/991 992/992/992 996/996/996
f 992/992/992 997/997/997 996/996/996
f 992/992/992 993/993/993 997/997/997
f 993/993/993 998/998/998 997/997/997
f 993/993/993 994/994/994 998/998/998
f 994/994/994 999/999/999 998/998/998
f 994/994/994 995/995/995 999/999/999
f 995/995/995 1000/1000/1000 999/999/999
f 996/996/996 997/997/997 1001/1001/1001
f 997/997/997 1002/1002/1002 1001/1001/1001
f 997/997/997 998/998/998 1002/1002/1002
f 998/998/998 1003/1003/1003 1002/1002/1002
f 998/998/998 999/999/999 1003/1003/1003
f 999/999/999 1004/1004/1004 1003/1003/1003
f 999/999/999 1000/1000/1000 1004/1004/1004
f 1000/1000/1000 1005/1005/1005 1004/1004/1004
f 1001/1001/1001 1002/1002/1002 1006/1006/1006
f 1002/1002/1002 1007/1007/1007 1006/1006/1006
f 1002/1002/1002 1003/1003/1003 1007/1007/1007
f 1003/1003/1003 1008/1008/1008 1007/1007/1007
f 1003/1003/1003 1004/1004/1004 1008/1008/1008
f 1004/1004/1004 1009/1009/1009 1008/1008/1008
f 1004/1004/1004 1005/1005/1005 1009/1009/1009
f 1005/1005/1005 1010/1010/1010 1009/1009/1009
f 1011/1011/1011 1012/1012/1012 1016/1016/1016
f 1012/1012/1012 1017/1017/1017 1016/1016/1016
f 1012/1012/1012 1013/1013/1013 1017/1017/1017
f 1013/1013/1013 1018/1018/1018 1017/1017/1017
f 1013/1013/1013 1014/1014/1014 1018/1018/1018
f 1014/1014/1014 1019/1019/1019 1018/1018/1018
f 1014/1014/1014 1015/1015/1015 1019/1019/1019
f 1015/1015/1015 1020/1020/1020 1019/1019/1019
f 1016/1016/1016 1017/1017/1017 1021/1021/1021
f 1017/1017/1017 1022/1022/1022 1021/1021/1021
f 1017/1017/1017 1018/1018/1018 1022/1022/1022
f 1018/1018/1018 1023/1023/1023 1022/1022/1022
f 1018/1018/1018 1019/1019/1019 1023/1023/1023
f 1019/1019/1019 1024/1024/1024 1023/1023/1023
f 1019/1019/1019 1020/1020/1020 1024/1024/1024
f 1020/1020/1020 1025/1025/1025 1024/1024/1024
f 1021/1021/1021 1022/1022/1022 1026/1026/1026
f 1022/1022/1022 1027/1027/1027 1026/1026/1026
f 1022/1022/1022 1023/1023/1023 1027/1027/1027
f 1023/1023/1023 1028/1028/1028 1027/1027/1027
f 1023/1023/1023 1024/1024/1024 1028/1028/1028
f 1024/1024/1024 1029/1029/1029 1028/1028/1028
f 1024/1024/1024 1025/1025/1025 1029/1029/1029
f 1025/1025/1025 1030/1030/1030 1029/1029/1029
f 1026/1026/1026 1027/1027/1027 1031/1031/1031
f 1027/1027/1027 1032/1032/1032 1031/1031/1031
f 1027/1027/1027 1028/1028/1028 1032/1032/1032
f 1028/1028/1028 1033/1033/1033 1032/1032/1032
f 1028/1028/1028 1029/1029/1029 1033/1033/1033
f 1029/1029/1029 1034/1034/1034 1033/1033/1033
f 1029/1029/1029 1030/1030/1030 1034/1034/1034
f 1030/1030/1030 1035/1035/1035 1034/1034/1034
f 1031/1031/1031 1032/1032/1032 1036/1036/1036
f 1032/1032/1032 1037/1037/1037 1036/1036/1036
f 1032/1032/1032 1033/1033/1033 1037/1037/1037
f 1033/1033/1033 1038/1038/1038 1037/1037/1037
f 1033/1033/1033 1034/1034/1034 1038/1038/1038
f 1034/1034/1034 1039/1039/1039 1038/1038/1038
f 1034/1034/1034 1035/1035/1035 1039/1039/1039
f 1035/1035/1035 1040/1040/1040 1039/1039/1039
f 1036/1036/1036 1037/1037/1037 1041/1041/1041
f 1037/1037/1037 1042/1042/1042 1041/1041/1041
f 1037/1037/1037 1038/1038/1038 1042/1042/1042
f 1038/1038/1038 1043/1043/1043 1042/1042/1042
f 1038/1038/1038 1039/1039/1039 1043/1043/1043
f 1039/1039/1039 1044/1044/1044 1043/1043/1043
f 1039/1039/1039 1040/1040/1040 1044/1044/1044
f 1040/1040/1040 1045/1045/1045 1044/1044/1044
f 1041/1041/1041 1042/1042/1042 1046/1046/1046
f 1042/1042/1042 1047/1047/1047 1046/1046/1046
f 1042/1042/1042 1043/1043/1043 1047/1047/1047
f 1043/1043/1043 1048/1048/1048 1047/1047/1047
f 1043/1043/1043 1044/1044/1044 1048/1048/1048
f 1044/1044/1044 1049/1049/1049 1048/1048/1048
f 1044/1044/1044 1045/1045/1045 1049/1049/1049
f 1045/1045/1045 1050/1050/1050 1049/1049/1049
f 1046/1046/1046 1047/1047/1047 1051/1051/1051
f 1047/1047/1047 1052/1052/1052 1051/1051/1051
f 1047/1047/1047 1048/1048/1048 1052/1052/1052
f 1048/1048/1048 1053/1053/1053 1052/1052/1052
f 1048/1048/1048 1049/1049/1049 1053/1053/1053
f 1049/1049/1049 1054/1054/1054 1053/1053/1053
f 1049/1049/1049 1050/1050/1050 1054/1054/1054
f 1050/1050/1050 1055/1055/1055 1054/1054/1054
f 1051/1051/1051 1052/1052/1052 1056/1056/1056
f 1052/1052/1052 1057/1057/1057 1056/1056/1056
f 1052/1052/1052 1053/1053/1053 1057/1057/1057
f 1053/1053/1053 1058/1058/1058 1057/1057/1057
f 1053/1053/1053 1054/1054/1054 1058/1058/1058
f 1054/1054/1054 1059/1059/1059 1058/1058/1058
f 1054/1054/1054 1055/1055/1055 1059/1059/1059
f 1055/1055/1055 1060/1060/1060 1059/1059/1059
f 1056/1056/1056 1057/1057/1057 1061/1061/1061
f 1057/1057/1057 1062/1062/1062 1061/1061/1061
f 1057/1057/1057 1058/1058/1058 1062/1062/1062
f 1058/1058/1058 1063/1063/1063 1062/1062/1062
f 1058/1058/1058 1059/1059/1059 1063/1063/1063
f 1059/1059/1059 1064/1064/1064 1063/1063/1063
f 1059/1059/1059 1060/1060/1060 1064/1064/1064
f 1060/1060/1060 1065/1065/1065 1064/1064/1064
f 1061/1061/1061 1062/1062/1062 1066/1066/1066
f 1062/1062/1062 1067/1067/1067 1066/1066/1066
f 1062/1062/1062 1063/1063/1063 1067/1067/1067
f 1063/1063/1063 1068/1068/1068 1067/1067/1067
f 1063/1063/1063 1064/1064/1064 1068/1068/1068
f 1064/1064/1064 1069/1069/1069 1068/1068/1068
f 1064/1064/1064 1065/1065/1065 1069/1069/1069
f 1065/1065/1065 1070/1070/1070 1069/1069/1069
f 1066/1066/1066 1067/1067/1067 1071/1071/1071
f 1067/1067/1067 1072/1072/1072 1071/1071/1071
f 1067/1067/1067 1068/1068/1068 1072/1072/1072
f 1068/1068/1068 1073/1073/1073 1072/1072/1072
f 1068/1068/1068 1069/1069/1069 1073/1073/1073
f 1069/1069/1069 1074/1074/1074 1073/1073/1073
f 1069/1069/1069 1070/1070/1070 1074/1074/1074
f 1070/1070/1070 1075/1075/1075 1074/1074/1074
f 1071/1071/1071 1072/1072/1072 1076/1076/1076
f 1072/1072/1072 1077/1077/1077 1076/1076/1076
f 1072/1072/1072 1073/1073/1073 1077/1077/1077
f 1073/1073/1073 1078/1078/1078 1077/1077/1077
f 1073/1073/1073 1074/1074/1074 1078/1078/1078
f 1074/1074/1074 1079/1079/1079 1078/1078/1078
f 1074/1074/1074 1075/1075/1075 1079/1079/1079
f 1075/1075/1075 1080/1080/1080 1079/1079/1079
f 1076/1076/1076 1077/1077/1077 1081/1081/1081
f 1077/1077/1077 1082/1082/1082 1081/1081/1081
f 1077/1077/1077 1078/1078/1078 1082/1082/1082
f 1078/1078/1078 1083/1083/1083 1082/1082/1082
f 1078/1078/1078 1079/1079/1079 1083/1083/1083
f 1079/1079/1079 1084/1084/1084 1083/1083/1083
f 1079/1079/1079 1080/1080/1080 1084/1084/1084
f 1080/1080/1080 1085/1085/1085 1084/1084/1084
f 1081/1081/1081 1082/1082/1082 1086/1086/1086
f 1082/1082/1082 1087/1087/1087 1086/1086/1086
f 1082/1082/1082 1083/1083/1083 1087/1087/1087
f 1083/1083/1083 1088/1088/1088 1087/1087/1087
f 1083/1083/1083 1084/1084/1084 1088/1088/1088
f 1084/1084/1084 1089/1089/1089 1088/1088/1088
f 1084/1084/1084 1085/1085/1085 1089/1089/1089
f 1085/1085/1085 1090/1090/1090 1089/1089/1089
f 1086/1086/1086 1087/1087/1087 1091/1091/1091
f 1087/1087/1087 1092/1092/1092 1091/1091/1091
f 1087/1087/1087 1088/1088/1088 1092/1092/1092
f 1088/1088/1088 1093/1093/1093 1092/1092/1092
f 1088/1088/1088 1089/1089/1089 1093/1093/1093
f 1089/1089/1089 1094/1094/1094 1093/1093/1093
f 1089/1089/1089 1090/1090/1090 1094/1094/1094
f 1090/1090/1090 1095/1095/1095 1094/1094/1094
f 1091/1091/1091 1092/1092/1092 1096/1096/1096
f 1092/1092/1092 1097/1097/1097 1096/1096/1096
f 1092/1092/1092 1093/1093/1093 1097/1097/1097
f 1093/1093/1093 1098/1098/1098 1097/1097/1097
f 1093/1093/1093 1094/1094/1094 1098/1098/1098
f 1094/1094/1094 1099/1099/1099 1098/1098/1098
f 1094/1094/1094 1095/1095/1095 1099/1099/1099
f 1095/1095/1095 1100/1100/1100 1099/1099/1099
f 1096/1096/1096 1097/1097/1097 1101/1101/1101
f 1097/1097/1097 1102/1102/1102 1101/1101/1101
f 1097/1097/1097 1098/1098/1098 1102/1102/1102
f 1098/1098/1098 1103/1103/1103 1102/1102/1102
f 1098/1098/1098 1099/1099/1099 1103/1103/1103
f 1099/1099/1099 1104/1104/1104 1103/1103/1103
f 1099/1099/1099 1100/1100/1100 1104/1104/1104
f 1100/1100/1100 1105/1105/1105 1104/1104/1104
f 1101/1101/1101 1102/1102/1102 1106/1106/1106
f 1102/1102/1102 1107/1107/1107 1106/1106/1106
f 1102/1102/1102 1103/1103/1103 1107/1107/1107
f 1103/1103/1103 1108/1108/1108 1107/1107/1107
f 1103/1103/1103 1104/1104/1104 1108/1108/1108
f 1104/1104/1104 1109/1109/1109 1108/1108/1108
f 1104/1104/1104 1105/1105/1105 1109/1109/1109
f 1105/1105/1105 1110/1110/1110 1109/1109/1109
f 1106/1106/1106 1107/1107/1107 1111/1111/1111
f 1107/1107/1107 1112/1112/1112 1111/1111/1111
f 1107/1107/1107 1108/1108/1108 1112/1112/1112
f 1108/1108/1108 1113/1113/1113 1112/1112/1112
f 1108/1108/1108 1109/1109/1109 1113/1113/1113
f 1109/1109/1109 1114/1114/1114 1113/1113/1113
f 1109/1109/1109 1110/1110/1110 1114/1114/1114
f 1110/1110/1110 1115/1115/1115 1114/1114/1114
f 1111/1111/1111 1112/1112/1112 1116/1116/1116
f 1112/1112/1112 1117/1117/1117 1116/1116/1116
f 1112/1112/1112 1113/1113/1113 1117/1117/1117
f 1113/1113/1113 1118/1118/1118 1117/1117/1117
f 1113/1113/1113 1114/1114/1114 1118/1118/1118
f 1114/1114/1114 1119/1119/1119 1118/1118/1118
f 1114/1114/1114 1115/1115/1115 1119/1119/1119
f 1115/1115/1115 1120/1120/1120 1119/1119/1119
f 1116/1116/1116 1117/1117/1117 1121/1121/1121
f 1117/1117/1117 1122/1122/1122 1121/1121/1121
f 1117/1117/1117 1118/1118/1118 1122/1122/1122
f 1118/1118/1118 1123/1123/1123 1122/1122/1122
f 1118/1118/1118 1119/1119/1119 1123/1123/1123
f 1119/1119/1119 1124/1124/1124 1123/1123/1123
f 1119/1119/1119 1120/1120/1120 1124/1124/1124
f 1120/1120/1120 1125/1125/1125 1124/1124/1124
f 1121/1121/1121 1122/1122/1122 1126/1126/1126
f 1122/1122/1122 1127/1127/1127 1126/1126/1126
f 1122/1122/1122 1123/1123/1123 1127/1127/1127
f 1123/1123/1123 1128/1128/1128 1127/1127/1127
f 1123/1123/1123 1124/1124/1124 1128/1128/1128
f 1124/1124/1124 1129/1129/1129 1128/1128/1128
f 1124/1124/1124 1125/1125/1125 1129/1129/1129
f 1125/1125/1125 1130/1130/1130 1129/1129/1129
f 1126/1126/1126 1127/1127/1127 1131/1131/1131
f 1127/1127/1127 1132/1132/1132 1131/1131/1131
f 1127/1127/1127 1128/1128/1128 1132/1132/1132
f 1128/1128/1128 1133/1133/1133 1132/1132/1132
f 1128/1128/1128 1129/1129/1129 1133/1133/1133
f 1129/1129/1129 1134/1134/1134 1133/1133/1133
f 1129/1129/1129 1130/1130/1130 1134/1134/1134
f 1130/1130/1130 1135/1135/1135 1134/1134/1134
f 1131/1131/1131 1132/1132/1132 1136/1136/1136
f 1132/1132/1132 1137/1137/1137 1136/1136/1136
f 1132/1132/1132 1133/1133/1133 1137/1137/1137
f 1133/1133/1133 1138/1138/1138 1137/1137/1137
f 1133/1133/1133 1134/1134/1134 1138/1138/1138
f 1134/1134/1134 1139/1139/1139 1138/1138/1138
f 1134/1134/1134 1135/1135/1135 1139/1139/1139
f 1135/1135/1135 1140/1140/1140 1139/1139/1139
f 1136/1136/1136 1137/1137/1137 1141/1141/1141
f 1137/1137/1137 1142/1142/1142 1141/1141/1141
f 1137/1137/1137 1138/1138/1138 1142/1142/1142
f 1138/1138/1138 1143/1143/1143 1142/1142/1142
f 1138/1138/1138 1139/1139/1139 1143/1143/1143
f 1139/1139/1139 1144/1144/1144 1143/1143/1143
f 1139/1139/1139 1140/1140/1140 1144/1144/1144
f 1140/1140/1140 1145/1145/1145 1144/1144/1144
f 1141/1141/1141 1142/1142/1142 1146/1146/1146
f 1142/1142/1142 1147/1147/1147 1146/1146/1146
f 1142/1142/1142 1143/1143/1143 1147/1147/1147
f 1143/1143/1143 1148/1148/1148 1147/1147/1147
f 1143/1143/1143 1144/1144/1144 1148/1148/1148
f 1144/1144/1144 1149/1149/1149 1148/1148/1148
f 1144/1144/1144 1145/1145/1145 1149/1149/1149
f 1145/1145/1145 1150/1150/1150 1149/1149/1149
f 1146/1146/1146 1147/1147/1147 1151/1151/1151
f 1147/1147/1147 1152/1152/1152 1151/1151/1151
f 1147/1147/1147 1148/1148/1148 1152/1152/1152
f 1148/1148/1148 1153/1153/1153 1152/1152/1152
f 1148/1148/1148 1149/1149/1149 1153/1153/1153
f 1149/1149/1149 1154/1154/1154 1153/1153/1153
f 1149/1149/1149 1150/1150/1150 1154/1154/1154
f 1150/1150/1150 1155/1155/1155 1154/1154/1154
f 1151/1151/1151 1152/1152/1152 1156/1156/1156
f 1152/1152/1152 1157/1157/1157 1156/1156/1156
f 1152/1152/1152 1153/1153/1153 1157/1157/1157
f 1153/1153/1153 1158/1158/1158 1157/1157/1157
f 1153/1153/1153 1154/1154/1154 1158/1158/1158
f 1154/1154/1154 1159/1159/1159 1158/1158/1158
f 1154/1154/1154 1155/1155/1155 1159/1159/1159
f 1155/1155/1155 1160/1160/1160 1159/1159/1159
f 1156/1156/1156 1157/1157/1157 1161/1161/1161
f 1157/1157/1157 1162/1162/1162 1161/1161/1161
f 1157/1157/1157 1158/1158/1158 1162/1162/1162
f 1158/1158/1158 1163/1163/1163 1162/1162/1162
f 1158/1158/1158 1159/1159/1159 1163/1163/1163
f 1159/1159/1159 1164/1164/1164 1163/1163/1163
f 1159/1159/1159 1160/1160/1160 1164/1164/1164
f 1160/1160/1160 1165/1165/1165 1164/1164/1164
f 1161/1161/1161 1162/1162/1162 1166/1166/1166
f 1162/1162/1162 1167/1167/1167 1166/1166/1166
f 1162/1162/1162 1163/1163/1163 1167/1167/1167
f 1163/1163/1163 1168/1168/1168 1167/1167/1167
f 1163/1163/1163 1164/1164/1164 1168/1168/1168
f 1164/1164/1164 1169/1169/1169 1168/1168/1168
f 1164/1164/1164 1165/1165/1165 1169/1169/1169
f 1165/1165/1165 1170/1170/1170 1169/1169/1169
f 1166/1166/1166 1167/1167/1167 1171/1171/1171
f 1167/1167/1167 1172/1172/1172 1171/1171/1171
f 1167/1167/1167 1168/1168/1168 1172/1172/1172
f 1168/1168/1168 1173/1173/1173 1172/1172/1172
f 1168/1168/1168 1169/1169/1169 1173/1173/1173
f 1169/1169/1169 1174/1174/1174 1173/1173/1173
f 1169/1169/1169 1170/1170/1170 1174/1174/1174
f 1170/1170/1170 1175/1175/1175 1174/1174/1174
f 1171/1171/1171 1172/1172/1172 1176/1176/1176
f 1172/1172/1172 1177/1177/1177 1176/1176/1176
f 1172/1172/1172 1173/1173/1173 1177/1177/1177
f 1173/1173/1173 1178/1178/1178 1177/1177/1177
f 1173/1173/1173 1174/1174/1174 1178/1178/1178
f 1174/1174/1174 1179/1179/1179 1178/1178/1178
f 1174/1174/1174 1175/1175/1175 1179/1179/1179
f 1175/1175/1175 1180/1180/1180 1179/1179/1179
f 1176/1176/1176 1177/1177/1177 1181/1181/1181
f 1177/1177/1177 1182/1182/1182 1181/1181/1181
f 1177/1177/1177 1178/1178/1178 1182/1182/1182
f 1178/1178/1178 1183/1183/1183 1182/1182/1182
f 1178/1178/1178 1179/1179/1179 1183/1183/1183
f 1179/1179/1179 1184/1184/1184 1183/1183/1183
f 1179/1179/1179 1180/1180/1180 1184/1184/1184
f 1180/1180/1180 1185/1185/1185 1184/1184/1184
f 1181/1181/1181 1182/1182/1182 1186/1186/1186
f 1182/1182/1182 1187/1187/1187 1186/1186/1186
f 1182/1182/1182 1183/1183/1183 1187/1187/1187
f 1183/1183/1183 1188/1188/1188 1187/1187/1187
f 1183/1183/1183 1184/1184/1184 1188/1188/1188
f 1184/1184/1184 1189/1189/1189 1188/1188/1188
f 1184/1184/1184 1185/1185/1185 1189/1189/1189
f 1185/1185/1185 1190/1190/1190 1189/1189/1189
f 1186/1186/1186 1187/1187/1187 1191/1191/1191
f 1187/1187/1187 1192/1192/1192 1191/1191/1191
f 1187/1187/1187 1188/1188/1188 1192/1192/1192
f 1188/1188/1188 1193/1193/1193 1192/1192/1192
f 1188/1188/1188 1189/1189/1189 1193/1193/1193
f 1189/1189/1189 1194/1194/1194 1193/1193/1193
f 1189/1189/1189 1190/1190/1190 1194/1194/1194
f 1190/1190/1190 1195/1195/1195 1194/1194/1194
f 1191/1191/1191 1192/1192/1192 1196/1196/1196
f 1192/1192/1192 1197/1197/1197 1196/1196/1196
f 1192/1192/1192 1193/1193/1193 1197/1197/1197
f 1193/1193/1193 1198/1198/1198 1197/1197/1197
f 1193/1193/1193 1194/1194/1194 1198/1198/1198
f 1194/1194/1194 1199/1199/1199 1198/1198/1198
f 1194/1194/1194 1195/1195/1195 1199/1199/1199
f 1195/1195/1195 1200/1200/1200 1199/1199/1199
f 1196/1196/1196 1197/1197/1197 1201/1201/1201
f 1197/1197/1197 1202/1202/1202 1201/1201/1201
f 1197/1197/1197 1198/1198/1198 1202/1202/1202
f 1198/1198/1198 1203/1203/1203 1202/1202/1202
f 1198/1198/1198 1199/1199/1199 1203/1203/1203
f 1199/1199/1199 1204/1204/1204 1203/1203/1203
f 1199/1199/1199 1200/1200/1200 1204/1204/1204
f 1200/1200/1200 1205/1205/1205 1204/1204/1204
f 1201/1201/1201 1202/1202/1202 1206/1206/1206
f 1202/1202/1202 1207/1207/1207 1206/1206/1206
f 1202/1202/1202 1203/1203/1203 1207/1207/1207
f 1203/1203/1203 1208/1208/1208 1207/1207/1207
f 1203/1203/1203 1204/1204/1204 1208/1208/1208
f 1204/1204/1204 1209/1209/1209 1208/1208/1208
f 1204/1204/1204 1205/1205/1205 1209/1209/1209
f 1205/1205/1205 1210/1210/1210 1209/1209/1209
f 1206/1206/1206 1207/1207/1207 1211/1211/1211
f 1207/1207/1207 1212/1212/1212 1211/1211/1211
f 1207/1207/1207 1208/1208/1208 1212/1212/1212
f 1208/1208/1208 1213/1213/1213 1212/1212/1212
f 1208/1208/1208 1209/1209/1209 1213/1213/1213
f 1209/1209/1209 1214/1214/1214 1213/1213/1213
f 1209/1209/1209 1210/1210/1210 1214/1214/1214
f 1210/1210/1210 1215/1215/1215 1214/1214/1214
f 1211/1211/1211 1212/1212/1212 1216/1216/1216
f 1212/1212/1212 1217/1217/1217 1216/1216/1216
f 1212/1212/1212 1213/1213/1213 1217/1217/1217
f 1213/1213/1213 1218/1218/1218 1217/1217/1217
f 1213/1213/1213 1214/1214/1214 1218/1218/1218
f 1214/1214/1214 1219/1219/1219 1218/1218/1218
f 1214/1214/1214 1215/1215/1215 1219/1219/1219
f 1215/1215/1215 1220/1220/1220 1219/1219/1219
f 1216/1216/1216 1217/1217/1217 1221/1221/1221
f 1217/1217/1217 1222/1222/1222 1221/1221/1221
f 1217/1217/1217 1218/1218/1218 1222/1222/1222
f 1218/1218/1218 1223/1223/1223 1222/1222/1222
f 1218/1218/1218 1219/1219/1219 1223/1223/1223
f 1219/1219/1219 1224/1224/1224 1223/1223/1223
f 1219/1219/1219 1220/1220/1220 1224/1224/1224
f 1220/1220/1220 1225/1225/1225 1224/1224/1224
f 1221/1221/1221 1222/1222/1222 1226/1226/1226
f 1222/1222/1222 1227/1227/1227 1226/1226/1226
f 1222/1222/1222 1223/1223/1223 1227/1227/1227
f 1223/1223/1223 1228/1228/1228 1227/1227/1227
f 1223/1223/1223 1224/1224/1224 1228/1228/1228
f 1224/1224/1224 1229/1229/1229 1228/1228/1228
f 1224/1224/1224 1225/1225/1225 1229/1229/1229
f 1225/1225/1225 1230/1230/1230 1229/1229/1229
f 1226/1226/1226 1227/1227/1227 1231/1231/1231
f 1227/1227/1227 1232/1232/1232 1231/1231/1231
f 1227/1227/1227 1228/1228/1228 1232/1232/1232
f 1228/1228/1228 1233/1233/1233 1232/1232/1232
f 1228/1228/1228 1229/1229/1229 1233/1233/1233
f 1229/1229/1229 1234/1234/1234 1233/1233/1233
f 1229/1229/1229 1230/1230/1230 1234/1234/1234
f 1230/1230/1230 1235/1235/1235 1234/1234/1234
f 1231/1231/1231 1232/1232/1232 1236/1236/1236
f 1232/1232/1232 1237/1237/1237 1236/1236/1236
f 1232/1232/1232 1233/1233/1233 1237/1237/1237
f 1233/1233/1233 1238/1238/1238 1237/1237/1237
f 1233/1233/1233 1234/1234/1234 1238/1238/1238
f 1234/1234/1234 1239/1239/1239 1238/1238/1238
f 1234/1234/1234 1235/1235/1235 1239/1239/1239
f 1235/1235/1235 1240/1240/1240 1239/1239/1239
f 1236/1236/1236 1237/1237/1237 1241/1241/1241
f 1237/1237/1237 1242/1242/1242 1241/1241/1241
f 1237/1237/1237 1238/1238/1238 1242/1242/1242
f 1238/1238/1238 1243/1243/1243 1242/1242/1242
f 1238/1238/1238 1239/1239/1239 1243/1243/1243
f 1239/1239/1239 1244/1244/1244 1243/1243/1243
f 1239/1239/1239 1240/1240/1240 1244/1244/1244
f 1240/1240/1240 1245/1245/1245 1244/1244/1244
f 1241/1241/1241 1242/1242/1242 1246/1246/1246
f 1242/1242/1242 1247/1247/1247 1246/1246/1246
f 1242/1242/1242 1243/1243/1243 1247/1247/1247
f 1243/1243/1243 1248/1248/1248 1247/1247/1247
f 1243/1243/1243 1244/1244/1244 1248/1248/1248
f 1244/1244/1244 1249/1249/1249 1248/1248/1248
f 1244/1244/1244 1245/1245/1245 1249/1249/1249
f 1245/1245/1245 1250/1250/1250 1249/1249/1249
f 1246/1246/1246 1247/1247/1247 1251/1251/1251
f 1247/1247/1247 1252/1252/1252 1251/1251/1251
f 1247/1247/1247 1248/1248/1248 1252/1252/1252
f 1248/1248/1248 1253/1253/1253 1252/1252/1252
f 1248/1248/1248 1249/1249/1249 1253/1253/1253
f 1249/1249/1249 1254/1254/1254 1253/1253/1253
f 1249/1249/1249 1250/1250/1250 1254/1254/1254
f 1250/1250/1250 1255/1255/1255 1254/1254/1254
f 1251/1251/1251 1252/1252/1252 1256/1256/1256
f 1252/1252/1252 1257/1257/1257 1256/1256/1256
f 1252/1252/1252 1253/1253/1253 1257/1257/1257
f 1253/1253/1253 1258/1258/1258 1257/1257/1257
f 1253/1253/1253 1254/1254/1254 1258/1258/1258
f 1254/1254/1254 1259/1259/1259 1258/1258/1258
f 1254/1254/1254 1255/1255/1255 1259/1259/1259
f 1255/1255/1255 1260/1260/1260 1259/1259/1259
f 1256/1256/1256 1257/1257/1257 1261/1261/1261
f 1257/1257/1257 1262/1262/1262 1261/1261/1261
f 1257/1257/1257 1258/1258/1258 1262/1262/1262
f 1258/1258/1258 1263/1263/1263 1262/1262/1262
f 1258/1258/1258 1259/1259/1259 1263/1263/1263
f 1259/1259/1259 1264/1264/1264 1263/1263/1263
f 1259/1259/1259 1260/1260/1260 1264/1264/1264
f 1260/1260/1260 1265/1265/1265 1264/1264/1264
f 1261/1261/1261 1262/1262/1262 1266/1266/1266
f 1262/1262/1262 1267/1267/1267 1266/1266/1266
f 1262/1262/1262 1263/1263/1263 1267/1267/1267
f 1263/1263/1263 1268/1268/1268 1267/1267/1267
f 1263/1263/1263 1264/1264/1264 1268/1268/1268
f 1264/1264/1264 1269/1269/1269 1268/1268/1268
f 1264/1264/1264 1265/1265/1265 1269/1269/1269
f 1265/1265/1265 1270/1270/1270 1269/1269/1269
f 1266/1266/1266 1267/1267/1267 1271/1271/1271
f 1267/1267/1267 1272/1272/1272 1271/1271/1271
f 1267/1267/1267 1268/1268/1268 1272/1272/1272
f 1268/1268/1268 1273/1273/1273 1272/1272/1272
f 1268/1268/1268 1269/1269/1269 1273/1273/1273
f 1269/1269/1269 1274/1274/1274 1273/1273/1273
f 1269/1269/1269 1270/1270/1270 1274/1274/1274
f 1270/1270/1270 1275/1275/1275 1274/1274/1274
f 1271/1271/1271 1272/1272/1272 1276/1276/1276
f 1272/1272/1272 1277/1277/1277 1276/1276/1276
f 1272/1272/1272 1273/1273/1273 1277/1277/1277
f 1273/1273/1273 1278/1278/1278 1277/1277/1277
f 1273/1273/1273 1274/1274/1274 1278/1278/1278
f 1274/1274/1274 1279/1279/1279 1278/1278/1278
f 1274/1274/1274 1275/1275/1275 1279/1279/1279
f 1275/1275/1275 1280/1280/1280 1279/1279/1279
f 1276/1276/1276 1277/1277/1277 1281/1281/1281
f 1277/1277/1277 1282/1282/1282 1281/1281/1281
f 1277/1277/1277 1278/1278/1278 1282/1282/1282
f 1278/1278/1278 1283/1283/1283 1282/1282/1282
f 1278/1278/1278 1279/1279/1279 1283/1283/1283
f 1279/1279/1279 1284/1284/1284 1283/1283/1283
f 1279/1279/1279 1280/1280/1280 1284/1284/1284
f 1280/1280/1280 1285/1285/1285 1284/1284/1284
f 1281/1281/1281 1282/1282/1282 1286/1286/1286
f 1282/1282/1282 1287/1287/1287 1286/1286/1286
f 1282/1282/1282 1283/1283/1283 1287/1287/1287
f 1283/1283/1283 1288/1288/1288 1287/1287/1287
f 1283/1283/1283 1284/1284/1284 1288/1288/1288
f 1284/1284/1284 1289/1289/1289 1288/1288/1288
f 1284/1284/1284 1285/1285/1285 1289/1289/1289
f 1285/1285/1285 1290/1290/1290 1289/1289/1289
f 1286/1286/1286 1287/1287/1287 1291/1291/1291
f 1287/1287/1287 1292/1292/1292 1291/1291/1291
f 1287/1287/1287 1288/1288/1288 1292/1292/1292
f 1288/1288/1288 1293/1293/1293 1292/1292/1292
f 1288/1288/1288 1289/1289/1289 1293/1293/1293
f 1289/1289/1289 1294/1294/1294 1293/1293/1293
f 1289/1289/1289 1290/1290/1290 1294/1294/1294
f 1290/1290/1290 1295/1295/1295 1294/1294/1294
f 1291/1291/1291 1292/1292/1292 1296/1296/1296
f 1292/1292/1292 1297/1297/1297 1296/1296/1296
f 1292/1292/1292 1293/1293/1293 1297/1297/1297
f 1293/1293/1293 1298/1298/1298 1297/1297/1297
f 1293/1293/1293 1294/1294/1294 1298/1298/1298
f 1294/1294/1294 1299/1299/1299 1298/1298/1298
f 1294/1294/1294 1295/1295/1295 1299/1299/1299
f 1295/1295/1295 1300/1300/1300 1299/1299/1299
f 1296/1296/1296 1297/1297/1297 1301/1301/1301
f 1297/1297/1297 1302/1302/1302 1301/1301/1301
f 1297/1297/1297 1298/1298/1298 1302/1302/1302
f 1298/1298/1298 1303/1303/1303 1302/1302/1302
f 1298/1298/1298 1299/1299/1299 1303/1303/1303
f 1299/1299/1299 1304/1304/1304 1303/1303/1303
f 1299/1299/1299 1300/1300/1300 1304/1304/1304
f 1300/1300/1300 1305/1305/1305 1304/1304/1304
f 1301/1301/1301 1302/1302/1302 1306/1306/1306
f 1302/1302/1302 1307/1307/1307 1306/1306/1306
f 1302/1302/1302 1303/1303/1303 1307/1307/1307
f 1303/1303/1303 1308/1308/1308 1307/1307/1307
f 1303/1303/1303 1304/1304/1304 1308/1308/1308
f 1304/1304/1304 1309/1309/1309 1308/1308/1308
f 1304/1304/1304 1305/1305/1305 1309/1309/1309
f 1305/1305/1305 1310/1310/1310 1309/1309/1309
f 1306/1306/1306 1307/1307/1307 1311/1311/1311
f 1307/1307/1307 1312/1312/1312 1311/1311/1311
f 1307/1307/1307 1308/1308/1308 1312/1312/1312
f 1308/1308/1308 1313/1313/1313 1312/1312/1312
f 1308/1308/1308 1309/1309/1309 1313/1313/1313
f 1309/1309/1309 1314/1314/1314 1313/1313/1313
f 1309/1309/1309 1310/1310/1310 1314/1314/1314
f 1310/1310/1310 1315/1315/1315 1314/1314/1314
f 1311/1311/1311 1312/1312/1312 1316/1316/1316
f 1312/1312/1312 1317/1317/1317 1316/1316/1316
f 1312/1312/1312 1313/1313/1313 1317/1317/1317
f 1313/1313/1313 1318/1318/1318 1317/1317/1317
f 1313/1313/1313 1314/1314/1314 1318/1318/1318
f 1314/1314/1314 1319/1319/1319 1318/1318/1318
f 1314/1314/1314 1315/1315/1315 1319/1319/1319
f 1315/1315/1315 1320/1320/1320 1319/1319/1319
f 1316/1316/1316 1317/1317/1317 1321/1321/1321
f 1317/1317/1317 1322/1322/1322 1321/1321/1321
f 1317/1317/1317 1318/1318/1318 1322/1322/1322
f 1318/1318/1318 1323/1323/1323 1322/1322/1322
f 1318/1318/1318 1319/1319/1319 1323/1323/1323
f 1319/1319/1319 1324/1324/1324 1323/1323/1323
f 1319/1319/1319 1320/1320/1320 1324/1324/1324
f 1320/1320/1320 1325/1325/1325 1324/1324/1324
f 1321/1321/1321 1322/1322/1322 1326/1326/1326
f 1322/1322/1322 1327/1327/1327 1326/1326/1326
f 1322/1322/1322 1323/1323/1323 1327/1327/1327
f 1323/1323/1323 1328/1328/1328 1327/1327/1327
f 1323/1323/1323 1324/1324/1324 1328/1328/1328
f 1324/1324/1324 1329/1329/1329 1328/1328/1328
f 1324/1324/1324 1325/1325/1325 1329/1329/1329
f 1325/1325/1325 1330/1330/1330 1329/1329/1329
f 1326/1326/1326 1327/1327/1327 1331/1331/1331
f 1327/1327/1327 1332/1332/1332 1331/1331/1331
f 1327/1327/1327 1328/1328/1328 1332/1332/1332
f 1328/1328/1328 1333/1333/1333 1332/1332/1332
f 1328/1328/1328 1329/1329/1329 1333/1333/1333
f 1329/1329/1329 1334/1334/1334 1333/1333/1333
f 1329/1329/1329 1330/1330/1330 1334/1334/1334
f 1330/1330/1330 1335/1335/1335 1334/1334/1334
f 1331/1331/1331 1332/1332/1332 1336/1336/1336
f 1332/1332/1332 1337/1337/1337 1336/1336/1336
f 1332/1332/1332 1333/1333/1333 1337/1337/1337
f 1333/1333/1333 1338/1338/1338 1337/1337/1337
f 1333/1333/1333 1334/1334/1334 1338/1338/1338
f 1334/1334/1334 1339/1339/1339 1338/1338/1338
f 1334/1334/1334 1335/1335/1335 1339/1339/1339
f 1335/1335/1335 1340/1340/1340 1339/1339/1339
f 1336/1336/1336 1337/1337/1337 1341/1341/1341
f 1337/1337/1337 1342/1342/1342 1341/1341/1341
f 1337/1337/1337 1338/1338/1338 1342/1342/1342
f 1338/1338/1338 1343/1343/1343 1342/1342/1342
f 1338/1338/1338 1339/1339/1339 1343/1343/1343
f 1339/1339/1339 1344/1344/1344 1343/1343/1343
f 1339/1339/1339 1340/1340/1340 1344/1344/1344
f 1340/1340/1340 1345/1345/1345 1344/1344/1344
f 1341/1341/1341 1342/1342/1342 1346/1346/1346
f 1342/1342/1342 1347/1347/1347 1346/1346/1346
f 1342/1342/1342 1343/1343/1343 1347/1347/1347
f 1343/1343/1343 1348/1348/1348 1347/1347/1347
f 1343/1343/1343 1344/1344/1344 1348/1348/1348
f 1344/1344/1344 1349/1349/1349 1348/1348/1348
f 1344/1344/1344 1345/1345/1345 1349/1349/1349
f 1345/1345/1345 1350/1350/1350 1349/1349/1349
f 1346/1346/1346 1347/1347/1347 1351/1351/1351
f 1347/1347/1347 1352/1352/1352 1351/1351/1351
f 1347/1347/1347 1348/1348/1348 1352/1352/1352
f 1348/1348/1348 1353/1353/1353 1352/1352/1352
f 1348/1348/1348 1349/1349/1349 1353/1353/1353
f 1349/1349/1349 1354/1354/1354 1353/1353/1353
f 1349/1349/1349 1350/1350/1350 1354/1354/1354
f 1350/1350/1350 1355/1355/1355 1354/1354/1354
f 1351/1351/1351 1352/1352/1352 1356/1356/1356
f 1352/1352/1352 1357/1357/1357 1356/1356/1356
f 1352/1352/1352 1353/1353/1353 1357/1357/1357
f 1353/1353/1353 1358/1358/1358 1357/1357/1357
f 1353/1353/1353 1354/1354/1354 1358/1358/1358
f 1354/1354/1354 1359/1359/1359 1358/1358/1358
f 1354/1354/1354 1355/1355/1355 1359/1359/1359
f 1355/1355/1355 1360/1360/1360 1359/1359/1359
f 1356/1356/1356 1357/1357/1357 1361/1361/1361
f 1357/1357/1357 1362/1362/1362 1361/1361/1361
f 1357/1357/1357 1358/1358/1358 1362/1362/1362
f 1358/1358/1358 1363/1363/1363 1362/1362/1362
f 1358/1358/1358 1359/1359/1359 1363/1363/1363
f 1359/1359/1359 1364/1364/1364 1363/1363/1363
f 1359/1359/1359 1360/1360/1360 1364/1364/1364
f 1360/1360/1360 1365/1365/1365 1364/1364/1364
f 1361/1361/1361 1362/1362/1362 1366/1366/1366
f 1362/1362/1362 1367/1367/1367 1366/1366/1366
f 1362/1362/1362 1363/1363/1363 1367/1367/1367
f 1363/1363/1363 1368/1368/1368 1367/1367/1367
f 1363/1363/1363 1364/1364/1364 1368/1368/1368
f 1364/1364/1364 1369/1369/1369 1368/1368/1368
f 1364/1364/1364 1365/1365/1365 1369/1369/1369
f 1365/1365/1365 1370/1370/1370 1369/1369/1369
f 1366/1366/1366 1367/1367/1367 1371/1371/1371
f 1367/1367/1367 1372/1372/1372 1371/1371/1371
f 1367/1367/1367 1368/1368/1368 1372/1372/1372
f 1368/1368/1368 1373/1373/1373 1372/1372/1372
f 1368/1368/1368 1369/1369/1369 1373/1373/1373
f 1369/1369/1369 1374/1374/1374 1373/1373/1373
f 1369/1369/1369 1370/1370/1370 1374/1374/1374
f 1370/1370/1370 1375/1375/1375 1374/1374/1374
f 1371/1371/1371 1372/1372/1372 1376/1376/1376
f 1372/1372/1372 1377/1377/1377 1376/1376/1376
f 1372/1372/1372 1373/1373/1373 1377/1377/1377
f 1373/1373/1373 1378/1378/1378 1377/1377/1377
f 1373/1373/1373 1374/1374/1374 1378/1378/1378
f 1374/1374/1374 1379/1379/1379 1378/1378/1378
f 1374/1374/1374 1375/1375/1375 1379/1379/1379
f 1375/1375/1375 1380/1380/1380 1379/1379/1379
f 1376/1376/1376 1377/1377/1377 1381/1381/1381
f 1377/1377/1377 1382/1382/1382 1381/1381/1381
f 1377/1377/1377 1378/1378/1378 1382/1382/1382
f 1378/1378/1378 1383/1383/1383 1382/1382/1382
f 1378/1378/1378 1379/1379/1379 1383/1383/1383
f 1379/1379/1379 1384/1384/1384 1383/1383/1383
f 1379/1379/1379 1380/1380/1380 1384/1384/1384
f 1380/1380/1380 1385/1385/1385 1384/1384/1384
f 1381/1381/1381 1382/1382/1382 1386/1386/1386
f 1382/1382/1382 1387/1387/1387 1386/1386/1386
f 1382/1382/1382 1383/1383/1383 1387/1387/1387
f 1383/1383/1383 1388/1388/1388 1387/1387/1387
f 1383/1383/1383 1384/1384/1384 1388/1388/1388
f 1384/1384/1384 1389/1389/1389 1388/1388/1388
f 1384/1384/1384 1385/1385/1385 1389/1389/1389
f 1385/1385/1385 1390/1390/1390 1389/1389/1389
f 1386/1386/1386 1387/1387/1387 1391/1391/1391
f 1387/1387/1387 1392/1392/1392 1391/1391/1391
f 1387/1387/1387 1388/1388/1388 1392/1392/1392
f 1388/1388/1388 1393/1393/1393 1392/1392/1392
f 1388/1388/1388 1389/1389/1389 1393/1393/1393
f 1389/1389/1389 1394/1394/1394 1393/1393/1393
f 1389/1389/1389 1390/1390/1390 1394/1394/1394
f 1390/1390/1390 1395/1395/1395 1394/1394/1394
f 1391/1391/1391 1392/1392/1392 1396/1396/1396
f 1392/1392/1392 1397/1397/1397 1396/1396/1396
f 1392/1392/1392 1393/1393/1393 1397/1397/1397
f 1393/1393/1393 1398/1398/1398 1397/1397/1397
f 1393/1393/1393 1394/1394/1394 1398/1398/1398
f 1394/1394/1394 1399/1399/1399 1398/1398/1398
f 1394/1394/1394 1395/1395/1395 1399/1399/1399
f 1395/1395/1395 1400/1400/1400 1399/1399/1399
f 1396/1396/1396 1397/1397/1397 1401/1401/1401
f 1397/1397/1397 1402/1402/1402 1401/1401/1401
f 1397/1397/1397 1398/1398/1398 1402/1402/1402
f 1398/1398/1398 1403/1403/1403 1402/1402/1402
f 1398/1398/1398 1399/1399/1399 1403/1403/1403
f 1399/1399/1399 1404/1404/1404 1403/1403/1403
f 1399/1399/1399 1400/1400/1400 1404/1404/1404
f 1400/1400/1400 1405/1405/1405 1404/1404/1404
f 1401/1401/1401 1402/1402/1402 1406/1406/1406
f 1402/1402/1402 1407/1407/1407 1406/1406/1406
f 1402/1402/1402 1403/1403/1403 1407/1407/1407
f 1403/1403/1403 1408/1408/1408 1407/1407/1407
f 1403/1403/1403 1404/1404/1404 1408/1408/1408
f 1404/1404/1404 1409/1409/1409 1408/1408/1408
f 1404/1404/1404 1405/1405/1405 1409/1409/1409
f 1405/1405/1405 1410/1410/1410 1409/1409/1409
f 1406/1406/1406 1407/1407/1407 1411/1411/1411
f 1407/1407/1407 1412/1412/1412 1411/1411/1411
f 1407/1407/1407 1408/1408/1408 1412/1412/1412
f 1408/1408/1408 1413/1413/1413 1412/1412/1412
f 1408/1408/1408 1409/1409/1409 1413/1413/1413
f 1409/1409/1409 1414/1414/1414 1413/1413/1413
f 1409/1409/1409 1410/1410/1410 1414/1414/1414
f 1410/1410/1410 1415/1415/1415 1414/1414/1414
f 1411/1411/1411 1412/1412/1412 1416/1416/1416
f 1412/1412/1412 1417/1417/1417 1416/1416/1416
f 1412/1412/1412 1413/1413/1413 1417/1417/1417
f 1413/1413/1413 1418/1418/1418 1417/1417/1417
f 1413/1413/1413 1414/1414/1414 1418/1418/1418
f 1414/1414/1414 1419/1419/1419 1418/1418/1418
f 1414/1414/1414 1415/1415/1415 1419/1419/1419
f 1415/1415/1415 1420/1420/1420 1419/1419/1419
f 1416/1416/1416 1417/1417/1417 1421/1421/1421
f 1417/1417/1417 1422/1422/1422 1421/1421/1421
f 1417/1417/1417 1418/1418/1418 1422/1422/1422
f 1418/1418/1418 1423/1423/1423 1422/1422/1422
f 1418/1418/1418 1419/1419/1419 1423/1423/1423
f 1419/1419/1419 1424/1424/1424 1423/1423/1423
f 1419/1419/1419 1420/1420/1420 1424/1424/1424
f 1420/1420/1420 1425/1425/1425 1424/1424/1424
f 1421/1421/1421 1422/1422/1422 1426/1426/1426
f 1422/1422/1422 1427/1427/1427 1426/1426/1426
f 1422/1422/1422 1423/1423/1423 1427/1427/1427
f 1423/1423/1423 1428/1428/1428 1427/1427/1427
f 1423/1423/1423 1424/1424/1424 1428/1428/1428
f 1424/1424/1424 1429/1429/1429 1428/1428/1428
f 1424/1424/1424 1425/1425/1425 1429/1429/1429
f 1425/1425/1425 1430/1430/1430 1429/1429/1429
f 1426/1426/1426 1427/1427/1427 1431/1431/1431
f 1427/1427/1427 1432/1432/1432 1431/1431/1431
f 1427/1427/1427 1428/1428/1428 1432/1432/1432
f 1428/1428/1428 1433/1433/1433 1432/1432/1432
f 1428/1428/1428 1429/1429/1429 1433/1433/1433
f 1429/1429/1429 1434/1434/1434 1433/1433/1433
f 1429/1429/1429 1430/1430/1430 1434/1434/1434
f 1430/1430/1430 1435/1435/1435 1434/1434/1434
f 1431/1431/1431 1432/1432/1432 1436/1436/1436
f 1432/1432/1432 1437/1437/1437 1436/1436/1436
f 1432/1432/1432 1433/1433/1433 1437/1437/1437
f 1433/1433/1433 1438/1438/1438 1437/1437/1437
f 1433/1433/1433 1434/1434/1434 1438/1438/1438
f 1434/1434/1434 1439/1439/1439 1438/1438/1438
f 1434/1434/1434 1435/1435/1435 1439/1439/1439
f 1435/1435/1435 1440/1440/1440 1439/1439/1439
f 1436/1436/1436 1437/1437/1437 1441/1441/1441
f 1437/1437/1437 1442/1442/1442 1441/1441/1441
f 1437/1437/1437 1438/1438/1438 1442/1442/1442
f 1438/1438/1438 1443/1443/1443 1442/1442/1442
f 1438/1438/1438 1439/1439/1439 1443/1443/1443
f 1439/1439/1439 1444/1444/1444 1443/1443/1443
f 1439/1439/1439 1440/1440/1440 1444/1444/1444
f 1440/1440/1440 1445/1445/1445 1444/1444/1444
f 1441/1441/1441 1442/1442/1442 1446/1446/1446
f 1442/1442/1442 1447/1447/1447 1446/1446/1446
f 1442/1442/1442 1443/1443/1443 1447/1447/1447
f 1443/1443/1443 1448/1448/1448 1447/1447/1447
f 1443/1443/1443 1444/1444/1444 1448/1448/1448
f 1444/1444/1444 1449/1449/1449 1448/1448/1448
f 1444/1444/1444 1445/1445/1445 1449/1449/1449
f 1445/1445/1445 1450/1450/1450 1449/1449/1449
f 1446/1446/1446 1447/1447/1447 1451/1451/1451
f 1447/1447/1447 1452/1452/1452 1451/1451/1451
f 1447/1447/1447 1448/1448/1448 1452/1452/1452
f 1448/1448/1448 1453/1453/1453 1452/1452/1452
f 1448/1448/1448 1449/1449/1449 1453/1453/1453
f 1449/1449/1449 1454/1454/1454 1453/1453/1453
f 1449/1449/1449 1450/1450/1450 1454/1454/1454
f 1450/1450/1450 1455/1455/1455 1454/1454/1454
f 1451/1451/1451 1452/1452/1452 1456/1456/1456
f 1452/1452/1452 1457/1457/1457 1456/1456/1456
f 1452/1452/1452 1453/1453/1453 1457/1457/1457
f 1453/1453/1453 1458/1458/1458 1457/1457/1457
f 1453/1453/1453 1454/1454/1454 1458/1458/1458
f 1454/1454/1454 1459/1459/1459 1458/1458/1458
f 1454/1454/1454 1455/1455/1455 1459/1459/1459
f 1455/1455/1455 1460/1460/1460 1459/1459/1459
f 1456/1456/1456 1457/1457/1457 1461/1461/1461
f 1457/1457/1457 1462/1462/1462 1461/1461/1461
f 1457/1457/1457 1458/1458/1458 1462/1462/1462
f 1458/1458/1458 1463/1463/1463 1462/1462/1462
f 1458/1458/1458 1459/1459/1459 1463/1463/1463
f 1459/1459/1459 1464/1464/1464 1463/1463/1463
f 1459/1459/1459 1460/1460/1460 1464/1464/1464
f 1460/1460/1460 1465/1465/1465 1464/1464/1464
f 1461/1461/1461 1462/1462/1462 1466/1466/1466
f 1462/1462/1462 1467/1467/1467 1466/1466/1466
f 1462/1462/1462 1463/1463/1463 1467/1467/1467
f 1463/1463/1463 1468/1468/1468 1467/1467/1467
f 1463/1463/1463 1464/1464/1464 1468/1468/1468
f 1464/1464/1464 1469/1469/1469 1468/1468/1468
f 1464/1464/1464 1465/1465/1465 1469/1469/1469
f 1465/1465/1465 1470/1470/1470 1469/1469/1469
f 1466/1466/1466 1467/1467/1467 1471/1471/1471
f 1467/1467/1467 1472/1472/1472 1471/1471/1471
f 1467/1467/1467 1468/1468/1468 1472/1472/1472
f 1468/1468/1468 1473/1473/1473 1472/1472/1472
f 1468/1468/1468 1469/1469/1469 1473/1473/1473
f 1469/1469/1469 1474/1474/1474 1473/1473/1473
f 1469/1469/1469 1470/1470/1470 1474/1474/1474
f 1470/1470/1470 1475/1475/1475 1474/1474/1474
f 1471/1471/1471 1472/1472/1472 1476/1476/1476
f 1472/1472/1472 1477/1477/1477 1476/1476/1476
f 1472/1472/1472 1473/1473/1473 1477/1477/1477
f 1473/1473/1473 1478/1478/1478 1477/1477/1477
f 1473/1473/1473 1474/1474/1474 1478/1478/1478
f 1474/1474/1474 1479/1479/1479 1478/1478/1478
f 1474/1474/1474 1475/1475/1475 1479/1479/1479
f 1475/1475/1475 1480/1480/1480 1479/1479/1479
f 1476/1476/1476 1477/1477/1477 1481/1481/1481
f 1477/1477/1477 1482/1482/1482 1481/1481/1481
f 1477/1477/1477 1478/1478/1478 1482/1482/1482
f 1478/1478/1478 1483/1483/1483 1482/1482/1482
f 1478/1478/1478 1479/1479/1479 1483/1483/1483
f 1479/1479/1479 1484/1484/1484 1483/1483/1483
f 1479/1479/1479 1480/1480/1480 1484/1484/1484
f 1480/1480/1480 1485/1485/1485 1484/1484/1484
f 1481/1481/1481 1482/1482/1482 1486/1486/1486
f 1482/1482/1482 1487/1487/1487 1486/1486/1486
f 1482/1482/1482 1483/1483/1483 1487/1487/1487
f 1483/1483/1483 1488/1488/1488 1487/1487/1487
f 1483/1483/1483 1484/1484/1484 1488/1488/1488
f 1484/1484/1484 1489/1489/1489 1488/1488/1488
f 1484/1484/1484 1485/1485/1485 1489/1489/1489
f 1485/1485/1485 1490/1490/1490 1489/1489/1489
f 1486/1486/1486 1487/1487/1487 1491/1491/1491
f 1487/1487/1487 1492/1492/1492 1491/1491/1491
f 1487/1487/1487 1488/1488/1488 1492/1492/1492
f 1488/1488/1488 1493/1493/1493 1492/1492/1492
f 1488/1488/1488 1489/1489/1489 1493/1493/1493
f 1489/1489/1489 1494/1494/1494 1493/1493/1493
f 1489/1489/1489 1490/1490/1490 1494/1494/1494
f 1490/1490/1490 1495/1495/1495 1494/1494/1494
f 1491/1491/1491 1492/1492/1492 1496/1496/1496
f 1492/1492/1492 1497/1497/1497 1496/1496/1496
f 1492/1492/1492 1493/1493/1493 1497/1497/1497
f 1493/1493/1493 1498/1498/1498 1497/1497/1497
f 1493/1493/1493 1494/1494/1494 1498/1498/1498
f 1494/1494/1494 1499/1499/1499 1498/1498/1498
f 1494/1494/1494 1495/1495/1495 1499/1499/1499
f 1495/1495/1495 1500/1500/1500 1499/1499/1499
f 1496/1496/1496 1497/1497/1497 1501/1501/1501
f 1497/1497/1497 1502/1502/1502 1501/1501/1501
f 1497/1497/1497 1498/1498/1498 1502/1502/1502
f 1498/1498/1498 1503/1503/1503 1502/1502/1502
f 1498/1498/1498 1499/1499/1499 1503/1503/1503
f 1499/1499/1499 1504/1504/1504 1503/1503/1503
f 1499/1499/1499 1500/1500/1500 1504/1504/1504
f 1500/1500/1500 1505/1505/1505 1504/1504/1504
f 1501/1501/1501 1502/1502/1502 1506/1506/1506
f 1502/1502/1502 1507/1507/1507 1506/1506/1506
f 1502/1502/1502 1503/1503/1503 1507/1507/1507
f 1503/1503/1503 1508/1508/1508 1507/1507/1507
f 1503/1503/1503 1504/1504/1504 1508/1508/1508
f 1504/1504/1504 1509/1509/1509 1508/1508/1508
f 1504/1504/1504 1505/1505/1505 1509/1509/1509
f 1505/1505/1505 1510/1510/1510 1509/1509/1509
f 1506/1506/1506 1507/1507/1507 1511/1511/1511
f 1507/1507/1507 1512/1512/1512 1511/1511/1511
f 1507/1507/1507 1508/1508/1508 1512/1512/1512
f 1508/1508/1508 1513/1513/1513 1512/1512/1512
f 1508/1508/1508 1509/1509/1509 1513/1513/1513
f 1509/1509/1509 1514/1514/1514 1513/1513/1513
f 1509/1509/1509 1510/1510/1510 1514/1514/1514
f 1510/1510/1510 1515/1515/1515 1514/1514/1514
