# Original Tetherbound Veilfall mesh. See source/generate_waterfall.py.
o plunge_mist
v -7.700000 -5.560000 -3.120000
v -7.458333 -5.560000 -3.120000
v -7.216667 -5.560000 -3.120000
v -6.975000 -5.560000 -3.120000
v -6.733333 -5.560000 -3.120000
v -6.491667 -5.560000 -3.120000
v -6.250000 -5.560000 -3.120000
v -6.008333 -5.560000 -3.120000
v -5.766667 -5.560000 -3.120000
v -5.525000 -5.560000 -3.120000
v -5.283333 -5.560000 -3.120000
v -5.041667 -5.560000 -3.120000
v -4.800000 -5.560000 -3.120000
v -7.700000 -5.235000 -3.120000
v -7.458333 -5.235000 -3.184380
v -7.216667 -5.235000 -3.244372
v -6.975000 -5.235000 -3.295889
v -6.733333 -5.235000 -3.335419
v -6.491667 -5.235000 -3.360268
v -6.250000 -5.235000 -3.368744
v -6.008333 -5.235000 -3.360268
v -5.766667 -5.235000 -3.335419
v -5.525000 -5.235000 -3.295889
v -5.283333 -5.235000 -3.244372
v -5.041667 -5.235000 -3.184380
v -4.800000 -5.235000 -3.120000
v -7.700000 -4.910000 -3.120000
v -7.458333 -4.910000 -3.238958
v -7.216667 -4.910000 -3.349810
v -6.975000 -4.910000 -3.445000
v -6.733333 -4.910000 -3.518042
v -6.491667 -4.910000 -3.563958
v -6.250000 -4.910000 -3.579619
v -6.008333 -4.910000 -3.563958
v -5.766667 -4.910000 -3.518042
v -5.525000 -4.910000 -3.445000
v -5.283333 -4.910000 -3.349810
v -5.041667 -4.910000 -3.238958
v -4.800000 -4.910000 -3.120000
v -7.700000 -4.585000 -3.120000
v -7.458333 -4.585000 -3.275426
v -7.216667 -4.585000 -3.420261
v -6.975000 -4.585000 -3.544633
v -6.733333 -4.585000 -3.640067
v -6.491667 -4.585000 -3.700059
v -6.250000 -4.585000 -3.720522
v -6.008333 -4.585000 -3.700059
v -5.766667 -4.585000 -3.640067
v -5.525000 -4.585000 -3.544633
v -5.283333 -4.585000 -3.420261
v -5.041667 -4.585000 -3.275426
v -4.800000 -4.585000 -3.120000
v -7.700000 -4.260000 -3.120000
v -7.458333 -4.260000 -3.288232
v -7.216667 -4.260000 -3.445000
v -6.975000 -4.260000 -3.579619
v -6.733333 -4.260000 -3.682917
v -6.491667 -4.260000 -3.747852
v -6.250000 -4.260000 -3.770000
v -6.008333 -4.260000 -3.747852
v -5.766667 -4.260000 -3.682917
v -5.525000 -4.260000 -3.579619
v -5.283333 -4.260000 -3.445000
v -5.041667 -4.260000 -3.288232
v -4.800000 -4.260000 -3.120000
v -7.700000 -3.935000 -3.120000
v -7.458333 -3.935000 -3.275426
v -7.216667 -3.935000 -3.420261
v -6.975000 -3.935000 -3.544633
v -6.733333 -3.935000 -3.640067
v -6.491667 -3.935000 -3.700059
v -6.250000 -3.935000 -3.720522
v -6.008333 -3.935000 -3.700059
v -5.766667 -3.935000 -3.640067
v -5.525000 -3.935000 -3.544633
v -5.283333 -3.935000 -3.420261
v -5.041667 -3.935000 -3.275426
v -4.800000 -3.935000 -3.120000
v -7.700000 -3.610000 -3.120000
v -7.458333 -3.610000 -3.238958
v -7.216667 -3.610000 -3.349810
v -6.975000 -3.610000 -3.445000
v -6.733333 -3.610000 -3.518042
v -6.491667 -3.610000 -3.563958
v -6.250000 -3.610000 -3.579619
v -6.008333 -3.610000 -3.563958
v -5.766667 -3.610000 -3.518042
v -5.525000 -3.610000 -3.445000
v -5.283333 -3.610000 -3.349810
v -5.041667 -3.610000 -3.238958
v -4.800000 -3.610000 -3.120000
v -7.700000 -3.285000 -3.120000
v -7.458333 -3.285000 -3.184380
v -7.216667 -3.285000 -3.244372
v -6.975000 -3.285000 -3.295889
v -6.733333 -3.285000 -3.335419
v -6.491667 -3.285000 -3.360268
v -6.250000 -3.285000 -3.368744
v -6.008333 -3.285000 -3.360268
v -5.766667 -3.285000 -3.335419
v -5.525000 -3.285000 -3.295889
v -5.283333 -3.285000 -3.244372
v -5.041667 -3.285000 -3.184380
v -4.800000 -3.285000 -3.120000
v -7.700000 -2.960000 -3.120000
v -7.458333 -2.960000 -3.120000
v -7.216667 -2.960000 -3.120000
v -6.975000 -2.960000 -3.120000
v -6.733333 -2.960000 -3.120000
v -6.491667 -2.960000 -3.120000
v -6.250000 -2.960000 -3.120000
v -6.008333 -2.960000 -3.120000
v -5.766667 -2.960000 -3.120000
v -5.525000 -2.960000 -3.120000
v -5.283333 -2.960000 -3.120000
v -5.041667 -2.960000 -3.120000
v -4.800000 -2.960000 -3.120000
v -6.167649 -5.468060 -3.120000
v -5.889708 -5.468060 -3.120000
v -5.611766 -5.468060 -3.120000
v -5.333825 -5.468060 -3.120000
v -5.055883 -5.468060 -3.120000
v -4.777942 -5.468060 -3.120000
v -4.500000 -5.468060 -3.120000
v -4.222058 -5.468060 -3.120000
v -3.944117 -5.468060 -3.120000
v -3.666175 -5.468060 -3.120000
v -3.388234 -5.468060 -3.120000
v -3.110292 -5.468060 -3.120000
v -2.832351 -5.468060 -3.120000
v -6.167649 -5.166045 -3.120000
v -5.889708 -5.166045 -3.184380
v -5.611766 -5.166045 -3.244372
v -5.333825 -5.166045 -3.295889
v -5.055883 -5.166045 -3.335419
v -4.777942 -5.166045 -3.360268
v -4.500000 -5.166045 -3.368744
v -4.222058 -5.166045 -3.360268
v -3.944117 -5.166045 -3.335419
v -3.666175 -5.166045 -3.295889
v -3.388234 -5.166045 -3.244372
v -3.110292 -5.166045 -3.184380
v -2.832351 -5.166045 -3.120000
v -6.167649 -4.864030 -3.120000
v -5.889708 -4.864030 -3.238958
v -5.611766 -4.864030 -3.349810
v -5.333825 -4.864030 -3.445000
v -5.055883 -4.864030 -3.518042
v -4.777942 -4.864030 -3.563958
v -4.500000 -4.864030 -3.579619
v -4.222058 -4.864030 -3.563958
v -3.944117 -4.864030 -3.518042
v -3.666175 -4.864030 -3.445000
v -3.388234 -4.864030 -3.349810
v -3.110292 -4.864030 -3.238958
v -2.832351 -4.864030 -3.120000
v -6.167649 -4.562015 -3.120000
v -5.889708 -4.562015 -3.275426
v -5.611766 -4.562015 -3.420261
v -5.333825 -4.562015 -3.544633
v -5.055883 -4.562015 -3.640067
v -4.777942 -4.562015 -3.700059
v -4.500000 -4.562015 -3.720522
v -4.222058 -4.562015 -3.700059
v -3.944117 -4.562015 -3.640067
v -3.666175 -4.562015 -3.544633
v -3.388234 -4.562015 -3.420261
v -3.110292 -4.562015 -3.275426
v -2.832351 -4.562015 -3.120000
v -6.167649 -4.260000 -3.120000
v -5.889708 -4.260000 -3.288232
v -5.611766 -4.260000 -3.445000
v -5.333825 -4.260000 -3.579619
v -5.055883 -4.260000 -3.682917
v -4.777942 -4.260000 -3.747852
v -4.500000 -4.260000 -3.770000
v -4.222058 -4.260000 -3.747852
v -3.944117 -4.260000 -3.682917
v -3.666175 -4.260000 -3.579619
v -3.388234 -4.260000 -3.445000
v -3.110292 -4.260000 -3.288232
v -2.832351 -4.260000 -3.120000
v -6.167649 -3.957985 -3.120000
v -5.889708 -3.957985 -3.275426
v -5.611766 -3.957985 -3.420261
v -5.333825 -3.957985 -3.544633
v -5.055883 -3.957985 -3.640067
v -4.777942 -3.957985 -3.700059
v -4.500000 -3.957985 -3.720522
v -4.222058 -3.957985 -3.700059
v -3.944117 -3.957985 -3.640067
v -3.666175 -3.957985 -3.544633
v -3.388234 -3.957985 -3.420261
v -3.110292 -3.957985 -3.275426
v -2.832351 -3.957985 -3.120000
v -6.167649 -3.655970 -3.120000
v -5.889708 -3.655970 -3.238958
v -5.611766 -3.655970 -3.349810
v -5.333825 -3.655970 -3.445000
v -5.055883 -3.655970 -3.518042
v -4.777942 -3.655970 -3.563958
v -4.500000 -3.655970 -3.579619
v -4.222058 -3.655970 -3.563958
v -3.944117 -3.655970 -3.518042
v -3.666175 -3.655970 -3.445000
v -3.388234 -3.655970 -3.349810
v -3.110292 -3.655970 -3.238958
v -2.832351 -3.655970 -3.120000
v -6.167649 -3.353955 -3.120000
v -5.889708 -3.353955 -3.184380
v -5.611766 -3.353955 -3.244372
v -5.333825 -3.353955 -3.295889
v -5.055883 -3.353955 -3.335419
v -4.777942 -3.353955 -3.360268
v -4.500000 -3.353955 -3.368744
v -4.222058 -3.353955 -3.360268
v -3.944117 -3.353955 -3.335419
v -3.666175 -3.353955 -3.295889
v -3.388234 -3.353955 -3.244372
v -3.110292 -3.353955 -3.184380
v -2.832351 -3.353955 -3.120000
v -6.167649 -3.051940 -3.120000
v -5.889708 -3.051940 -3.120000
v -5.611766 -3.051940 -3.120000
v -5.333825 -3.051940 -3.120000
v -5.055883 -3.051940 -3.120000
v -4.777942 -3.051940 -3.120000
v -4.500000 -3.051940 -3.120000
v -4.222058 -3.051940 -3.120000
v -3.944117 -3.051940 -3.120000
v -3.666175 -3.051940 -3.120000
v -3.388234 -3.051940 -3.120000
v -3.110292 -3.051940 -3.120000
v -2.832351 -3.051940 -3.120000
v -3.309273 -5.276771 -3.120000
v -3.091061 -5.276771 -3.120000
v -2.872848 -5.276771 -3.120000
v -2.654636 -5.276771 -3.120000
v -2.436424 -5.276771 -3.120000
v -2.218212 -5.276771 -3.120000
v -2.000000 -5.276771 -3.120000
v -1.781788 -5.276771 -3.120000
v -1.563576 -5.276771 -3.120000
v -1.345364 -5.276771 -3.120000
v -1.127152 -5.276771 -3.120000
v -0.908939 -5.276771 -3.120000
v -0.690727 -5.276771 -3.120000
v -3.309273 -5.022578 -3.120000
v -3.091061 -5.022578 -3.184380
v -2.872848 -5.022578 -3.244372
v -2.654636 -5.022578 -3.295889
v -2.436424 -5.022578 -3.335419
v -2.218212 -5.022578 -3.360268
v -2.000000 -5.022578 -3.368744
v -1.781788 -5.022578 -3.360268
v -1.563576 -5.022578 -3.335419
v -1.345364 -5.022578 -3.295889
v -1.127152 -5.022578 -3.244372
v -0.908939 -5.022578 -3.184380
v -0.690727 -5.022578 -3.120000
v -3.309273 -4.768385 -3.120000
v -3.091061 -4.768385 -3.238958
v -2.872848 -4.768385 -3.349810
v -2.654636 -4.768385 -3.445000
v -2.436424 -4.768385 -3.518042
v -2.218212 -4.768385 -3.563958
v -2.000000 -4.768385 -3.579619
v -1.781788 -4.768385 -3.563958
v -1.563576 -4.768385 -3.518042
v -1.345364 -4.768385 -3.445000
v -1.127152 -4.768385 -3.349810
v -0.908939 -4.768385 -3.238958
v -0.690727 -4.768385 -3.120000
v -3.309273 -4.514193 -3.120000
v -3.091061 -4.514193 -3.275426
v -2.872848 -4.514193 -3.420261
v -2.654636 -4.514193 -3.544633
v -2.436424 -4.514193 -3.640067
v -2.218212 -4.514193 -3.700059
v -2.000000 -4.514193 -3.720522
v -1.781788 -4.514193 -3.700059
v -1.563576 -4.514193 -3.640067
v -1.345364 -4.514193 -3.544633
v -1.127152 -4.514193 -3.420261
v -0.908939 -4.514193 -3.275426
v -0.690727 -4.514193 -3.120000
v -3.309273 -4.260000 -3.120000
v -3.091061 -4.260000 -3.288232
v -2.872848 -4.260000 -3.445000
v -2.654636 -4.260000 -3.579619
v -2.436424 -4.260000 -3.682917
v -2.218212 -4.260000 -3.747852
v -2.000000 -4.260000 -3.770000
v -1.781788 -4.260000 -3.747852
v -1.563576 -4.260000 -3.682917
v -1.345364 -4.260000 -3.579619
v -1.127152 -4.260000 -3.445000
v -0.908939 -4.260000 -3.288232
v -0.690727 -4.260000 -3.120000
v -3.309273 -4.005807 -3.120000
v -3.091061 -4.005807 -3.275426
v -2.872848 -4.005807 -3.420261
v -2.654636 -4.005807 -3.544633
v -2.436424 -4.005807 -3.640067
v -2.218212 -4.005807 -3.700059
v -2.000000 -4.005807 -3.720522
v -1.781788 -4.005807 -3.700059
v -1.563576 -4.005807 -3.640067
v -1.345364 -4.005807 -3.544633
v -1.127152 -4.005807 -3.420261
v -0.908939 -4.005807 -3.275426
v -0.690727 -4.005807 -3.120000
v -3.309273 -3.751615 -3.120000
v -3.091061 -3.751615 -3.238958
v -2.872848 -3.751615 -3.349810
v -2.654636 -3.751615 -3.445000
v -2.436424 -3.751615 -3.518042
v -2.218212 -3.751615 -3.563958
v -2.000000 -3.751615 -3.579619
v -1.781788 -3.751615 -3.563958
v -1.563576 -3.751615 -3.518042
v -1.345364 -3.751615 -3.445000
v -1.127152 -3.751615 -3.349810
v -0.908939 -3.751615 -3.238958
v -0.690727 -3.751615 -3.120000
v -3.309273 -3.497422 -3.120000
v -3.091061 -3.497422 -3.184380
v -2.872848 -3.497422 -3.244372
v -2.654636 -3.497422 -3.295889
v -2.436424 -3.497422 -3.335419
v -2.218212 -3.497422 -3.360268
v -2.000000 -3.497422 -3.368744
v -1.781788 -3.497422 -3.360268
v -1.563576 -3.497422 -3.335419
v -1.345364 -3.497422 -3.295889
v -1.127152 -3.497422 -3.244372
v -0.908939 -3.497422 -3.184380
v -0.690727 -3.497422 -3.120000
v -3.309273 -3.243229 -3.120000
v -3.091061 -3.243229 -3.120000
v -2.872848 -3.243229 -3.120000
v -2.654636 -3.243229 -3.120000
v -2.436424 -3.243229 -3.120000
v -2.218212 -3.243229 -3.120000
v -2.000000 -3.243229 -3.120000
v -1.781788 -3.243229 -3.120000
v -1.563576 -3.243229 -3.120000
v -1.345364 -3.243229 -3.120000
v -1.127152 -3.243229 -3.120000
v -0.908939 -3.243229 -3.120000
v -0.690727 -3.243229 -3.120000
v -1.123342 -5.162002 -3.120000
v -0.902785 -5.162002 -3.120000
v -0.682228 -5.162002 -3.120000
v -0.461671 -5.162002 -3.120000
v -0.241114 -5.162002 -3.120000
v -0.020557 -5.162002 -3.120000
v 0.200000 -5.162002 -3.120000
v 0.420557 -5.162002 -3.120000
v 0.641114 -5.162002 -3.120000
v 0.861671 -5.162002 -3.120000
v 1.082228 -5.162002 -3.120000
v 1.302785 -5.162002 -3.120000
v 1.523342 -5.162002 -3.120000
v -1.123342 -4.936501 -3.120000
v -0.902785 -4.936501 -3.184380
v -0.682228 -4.936501 -3.244372
v -0.461671 -4.936501 -3.295889
v -0.241114 -4.936501 -3.335419
v -0.020557 -4.936501 -3.360268
v 0.200000 -4.936501 -3.368744
v 0.420557 -4.936501 -3.360268
v 0.641114 -4.936501 -3.335419
v 0.861671 -4.936501 -3.295889
v 1.082228 -4.936501 -3.244372
v 1.302785 -4.936501 -3.184380
v 1.523342 -4.936501 -3.120000
v -1.123342 -4.711001 -3.120000
v -0.902785 -4.711001 -3.238958
v -0.682228 -4.711001 -3.349810
v -0.461671 -4.711001 -3.445000
v -0.241114 -4.711001 -3.518042
v -0.020557 -4.711001 -3.563958
v 0.200000 -4.711001 -3.579619
v 0.420557 -4.711001 -3.563958
v 0.641114 -4.711001 -3.518042
v 0.861671 -4.711001 -3.445000
v 1.082228 -4.711001 -3.349810
v 1.302785 -4.711001 -3.238958
v 1.523342 -4.711001 -3.120000
v -1.123342 -4.485500 -3.120000
v -0.902785 -4.485500 -3.275426
v -0.682228 -4.485500 -3.420261
v -0.461671 -4.485500 -3.544633
v -0.241114 -4.485500 -3.640067
v -0.020557 -4.485500 -3.700059
v 0.200000 -4.485500 -3.720522
v 0.420557 -4.485500 -3.700059
v 0.641114 -4.485500 -3.640067
v 0.861671 -4.485500 -3.544633
v 1.082228 -4.485500 -3.420261
v 1.302785 -4.485500 -3.275426
v 1.523342 -4.485500 -3.120000
v -1.123342 -4.260000 -3.120000
v -0.902785 -4.260000 -3.288232
v -0.682228 -4.260000 -3.445000
v -0.461671 -4.260000 -3.579619
v -0.241114 -4.260000 -3.682917
v -0.020557 -4.260000 -3.747852
v 0.200000 -4.260000 -3.770000
v 0.420557 -4.260000 -3.747852
v 0.641114 -4.260000 -3.682917
v 0.861671 -4.260000 -3.579619
v 1.082228 -4.260000 -3.445000
v 1.302785 -4.260000 -3.288232
v 1.523342 -4.260000 -3.120000
v -1.123342 -4.034500 -3.120000
v -0.902785 -4.034500 -3.275426
v -0.682228 -4.034500 -3.420261
v -0.461671 -4.034500 -3.544633
v -0.241114 -4.034500 -3.640067
v -0.020557 -4.034500 -3.700059
v 0.200000 -4.034500 -3.720522
v 0.420557 -4.034500 -3.700059
v 0.641114 -4.034500 -3.640067
v 0.861671 -4.034500 -3.544633
v 1.082228 -4.034500 -3.420261
v 1.302785 -4.034500 -3.275426
v 1.523342 -4.034500 -3.120000
v -1.123342 -3.808999 -3.120000
v -0.902785 -3.808999 -3.238958
v -0.682228 -3.808999 -3.349810
v -0.461671 -3.808999 -3.445000
v -0.241114 -3.808999 -3.518042
v -0.020557 -3.808999 -3.563958
v 0.200000 -3.808999 -3.579619
v 0.420557 -3.808999 -3.563958
v 0.641114 -3.808999 -3.518042
v 0.861671 -3.808999 -3.445000
v 1.082228 -3.808999 -3.349810
v 1.302785 -3.808999 -3.238958
v 1.523342 -3.808999 -3.120000
v -1.123342 -3.583499 -3.120000
v -0.902785 -3.583499 -3.184380
v -0.682228 -3.583499 -3.244372
v -0.461671 -3.583499 -3.295889
v -0.241114 -3.583499 -3.335419
v -0.020557 -3.583499 -3.360268
v 0.200000 -3.583499 -3.368744
v 0.420557 -3.583499 -3.360268
v 0.641114 -3.583499 -3.335419
v 0.861671 -3.583499 -3.295889
v 1.082228 -3.583499 -3.244372
v 1.302785 -3.583499 -3.184380
v 1.523342 -3.583499 -3.120000
v -1.123342 -3.357998 -3.120000
v -0.902785 -3.357998 -3.120000
v -0.682228 -3.357998 -3.120000
v -0.461671 -3.357998 -3.120000
v -0.241114 -3.357998 -3.120000
v -0.020557 -3.357998 -3.120000
v 0.200000 -3.357998 -3.120000
v 0.420557 -3.357998 -3.120000
v 0.641114 -3.357998 -3.120000
v 0.861671 -3.357998 -3.120000
v 1.082228 -3.357998 -3.120000
v 1.302785 -3.357998 -3.120000
v 1.523342 -3.357998 -3.120000
v 1.127378 -5.229271 -3.120000
v 1.406149 -5.229271 -3.120000
v 1.684919 -5.229271 -3.120000
v 1.963689 -5.229271 -3.120000
v 2.242459 -5.229271 -3.120000
v 2.521230 -5.229271 -3.120000
v 2.800000 -5.229271 -3.120000
v 3.078770 -5.229271 -3.120000
v 3.357541 -5.229271 -3.120000
v 3.636311 -5.229271 -3.120000
v 3.915081 -5.229271 -3.120000
v 4.193851 -5.229271 -3.120000
v 4.472622 -5.229271 -3.120000
v 1.127378 -4.986953 -3.120000
v 1.406149 -4.986953 -3.184380
v 1.684919 -4.986953 -3.244372
v 1.963689 -4.986953 -3.295889
v 2.242459 -4.986953 -3.335419
v 2.521230 -4.986953 -3.360268
v 2.800000 -4.986953 -3.368744
v 3.078770 -4.986953 -3.360268
v 3.357541 -4.986953 -3.335419
v 3.636311 -4.986953 -3.295889
v 3.915081 -4.986953 -3.244372
v 4.193851 -4.986953 -3.184380
v 4.472622 -4.986953 -3.120000
v 1.127378 -4.744636 -3.120000
v 1.406149 -4.744636 -3.238958
v 1.684919 -4.744636 -3.349810
v 1.963689 -4.744636 -3.445000
v 2.242459 -4.744636 -3.518042
v 2.521230 -4.744636 -3.563958
v 2.800000 -4.744636 -3.579619
v 3.078770 -4.744636 -3.563958
v 3.357541 -4.744636 -3.518042
v 3.636311 -4.744636 -3.445000
v 3.915081 -4.744636 -3.349810
v 4.193851 -4.744636 -3.238958
v 4.472622 -4.744636 -3.120000
v 1.127378 -4.502318 -3.120000
v 1.406149 -4.502318 -3.275426
v 1.684919 -4.502318 -3.420261
v 1.963689 -4.502318 -3.544633
v 2.242459 -4.502318 -3.640067
v 2.521230 -4.502318 -3.700059
v 2.800000 -4.502318 -3.720522
v 3.078770 -4.502318 -3.700059
v 3.357541 -4.502318 -3.640067
v 3.636311 -4.502318 -3.544633
v 3.915081 -4.502318 -3.420261
v 4.193851 -4.502318 -3.275426
v 4.472622 -4.502318 -3.120000
v 1.127378 -4.260000 -3.120000
v 1.406149 -4.260000 -3.288232
v 1.684919 -4.260000 -3.445000
v 1.963689 -4.260000 -3.579619
v 2.242459 -4.260000 -3.682917
v 2.521230 -4.260000 -3.747852
v 2.800000 -4.260000 -3.770000
v 3.078770 -4.260000 -3.747852
v 3.357541 -4.260000 -3.682917
v 3.636311 -4.260000 -3.579619
v 3.915081 -4.260000 -3.445000
v 4.193851 -4.260000 -3.288232
v 4.472622 -4.260000 -3.120000
v 1.127378 -4.017682 -3.120000
v 1.406149 -4.017682 -3.275426
v 1.684919 -4.017682 -3.420261
v 1.963689 -4.017682 -3.544633
v 2.242459 -4.017682 -3.640067
v 2.521230 -4.017682 -3.700059
v 2.800000 -4.017682 -3.720522
v 3.078770 -4.017682 -3.700059
v 3.357541 -4.017682 -3.640067
v 3.636311 -4.017682 -3.544633
v 3.915081 -4.017682 -3.420261
v 4.193851 -4.017682 -3.275426
v 4.472622 -4.017682 -3.120000
v 1.127378 -3.775364 -3.120000
v 1.406149 -3.775364 -3.238958
v 1.684919 -3.775364 -3.349810
v 1.963689 -3.775364 -3.445000
v 2.242459 -3.775364 -3.518042
v 2.521230 -3.775364 -3.563958
v 2.800000 -3.775364 -3.579619
v 3.078770 -3.775364 -3.563958
v 3.357541 -3.775364 -3.518042
v 3.636311 -3.775364 -3.445000
v 3.915081 -3.775364 -3.349810
v 4.193851 -3.775364 -3.238958
v 4.472622 -3.775364 -3.120000
v 1.127378 -3.533047 -3.120000
v 1.406149 -3.533047 -3.184380
v 1.684919 -3.533047 -3.244372
v 1.963689 -3.533047 -3.295889
v 2.242459 -3.533047 -3.335419
v 2.521230 -3.533047 -3.360268
v 2.800000 -3.533047 -3.368744
v 3.078770 -3.533047 -3.360268
v 3.357541 -3.533047 -3.335419
v 3.636311 -3.533047 -3.295889
v 3.915081 -3.533047 -3.244372
v 4.193851 -3.533047 -3.184380
v 4.472622 -3.533047 -3.120000
v 1.127378 -3.290729 -3.120000
v 1.406149 -3.290729 -3.120000
v 1.684919 -3.290729 -3.120000
v 1.963689 -3.290729 -3.120000
v 2.242459 -3.290729 -3.120000
v 2.521230 -3.290729 -3.120000
v 2.800000 -3.290729 -3.120000
v 3.078770 -3.290729 -3.120000
v 3.357541 -3.290729 -3.120000
v 3.636311 -3.290729 -3.120000
v 3.915081 -3.290729 -3.120000
v 4.193851 -3.290729 -3.120000
v 4.472622 -3.290729 -3.120000
v 4.167285 -5.416732 -3.120000
v 4.406071 -5.416732 -3.120000
v 4.644857 -5.416732 -3.120000
v 4.883642 -5.416732 -3.120000
v 5.122428 -5.416732 -3.120000
v 5.361214 -5.416732 -3.120000
v 5.600000 -5.416732 -3.120000
v 5.838786 -5.416732 -3.120000
v 6.077572 -5.416732 -3.120000
v 6.316358 -5.416732 -3.120000
v 6.555143 -5.416732 -3.120000
v 6.793929 -5.416732 -3.120000
v 7.032715 -5.416732 -3.120000
v 4.167285 -5.127549 -3.120000
v 4.406071 -5.127549 -3.184380
v 4.644857 -5.127549 -3.244372
v 4.883642 -5.127549 -3.295889
v 5.122428 -5.127549 -3.335419
v 5.361214 -5.127549 -3.360268
v 5.600000 -5.127549 -3.368744
v 5.838786 -5.127549 -3.360268
v 6.077572 -5.127549 -3.335419
v 6.316358 -5.127549 -3.295889
v 6.555143 -5.127549 -3.244372
v 6.793929 -5.127549 -3.184380
v 7.032715 -5.127549 -3.120000
v 4.167285 -4.838366 -3.120000
v 4.406071 -4.838366 -3.238958
v 4.644857 -4.838366 -3.349810
v 4.883642 -4.838366 -3.445000
v 5.122428 -4.838366 -3.518042
v 5.361214 -4.838366 -3.563958
v 5.600000 -4.838366 -3.579619
v 5.838786 -4.838366 -3.563958
v 6.077572 -4.838366 -3.518042
v 6.316358 -4.838366 -3.445000
v 6.555143 -4.838366 -3.349810
v 6.793929 -4.838366 -3.238958
v 7.032715 -4.838366 -3.120000
v 4.167285 -4.549183 -3.120000
v 4.406071 -4.549183 -3.275426
v 4.644857 -4.549183 -3.420261
v 4.883642 -4.549183 -3.544633
v 5.122428 -4.549183 -3.640067
v 5.361214 -4.549183 -3.700059
v 5.600000 -4.549183 -3.720522
v 5.838786 -4.549183 -3.700059
v 6.077572 -4.549183 -3.640067
v 6.316358 -4.549183 -3.544633
v 6.555143 -4.549183 -3.420261
v 6.793929 -4.549183 -3.275426
v 7.032715 -4.549183 -3.120000
v 4.167285 -4.260000 -3.120000
v 4.406071 -4.260000 -3.288232
v 4.644857 -4.260000 -3.445000
v 4.883642 -4.260000 -3.579619
v 5.122428 -4.260000 -3.682917
v 5.361214 -4.260000 -3.747852
v 5.600000 -4.260000 -3.770000
v 5.838786 -4.260000 -3.747852
v 6.077572 -4.260000 -3.682917
v 6.316358 -4.260000 -3.579619
v 6.555143 -4.260000 -3.445000
v 6.793929 -4.260000 -3.288232
v 7.032715 -4.260000 -3.120000
v 4.167285 -3.970817 -3.120000
v 4.406071 -3.970817 -3.275426
v 4.644857 -3.970817 -3.420261
v 4.883642 -3.970817 -3.544633
v 5.122428 -3.970817 -3.640067
v 5.361214 -3.970817 -3.700059
v 5.600000 -3.970817 -3.720522
v 5.838786 -3.970817 -3.700059
v 6.077572 -3.970817 -3.640067
v 6.316358 -3.970817 -3.544633
v 6.555143 -3.970817 -3.420261
v 6.793929 -3.970817 -3.275426
v 7.032715 -3.970817 -3.120000
v 4.167285 -3.681634 -3.120000
v 4.406071 -3.681634 -3.238958
v 4.644857 -3.681634 -3.349810
v 4.883642 -3.681634 -3.445000
v 5.122428 -3.681634 -3.518042
v 5.361214 -3.681634 -3.563958
v 5.600000 -3.681634 -3.579619
v 5.838786 -3.681634 -3.563958
v 6.077572 -3.681634 -3.518042
v 6.316358 -3.681634 -3.445000
v 6.555143 -3.681634 -3.349810
v 6.793929 -3.681634 -3.238958
v 7.032715 -3.681634 -3.120000
v 4.167285 -3.392451 -3.120000
v 4.406071 -3.392451 -3.184380
v 4.644857 -3.392451 -3.244372
v 4.883642 -3.392451 -3.295889
v 5.122428 -3.392451 -3.335419
v 5.361214 -3.392451 -3.360268
v 5.600000 -3.392451 -3.368744
v 5.838786 -3.392451 -3.360268
v 6.077572 -3.392451 -3.335419
v 6.316358 -3.392451 -3.295889
v 6.555143 -3.392451 -3.244372
v 6.793929 -3.392451 -3.184380
v 7.032715 -3.392451 -3.120000
v 4.167285 -3.103268 -3.120000
v 4.406071 -3.103268 -3.120000
v 4.644857 -3.103268 -3.120000
v 4.883642 -3.103268 -3.120000
v 5.122428 -3.103268 -3.120000
v 5.361214 -3.103268 -3.120000
v 5.600000 -3.103268 -3.120000
v 5.838786 -3.103268 -3.120000
v 6.077572 -3.103268 -3.120000
v 6.316358 -3.103268 -3.120000
v 6.555143 -3.103268 -3.120000
v 6.793929 -3.103268 -3.120000
v 7.032715 -3.103268 -3.120000
v -6.638554 -5.552034 -3.670000
v -6.432129 -5.552034 -3.670000
v -6.225703 -5.552034 -3.670000
v -6.019277 -5.552034 -3.670000
v -5.812851 -5.552034 -3.670000
v -5.606426 -5.552034 -3.670000
v -5.400000 -5.552034 -3.670000
v -5.193574 -5.552034 -3.670000
v -4.987149 -5.552034 -3.670000
v -4.780723 -5.552034 -3.670000
v -4.574297 -5.552034 -3.670000
v -4.367871 -5.552034 -3.670000
v -4.161446 -5.552034 -3.670000
v -6.638554 -5.229026 -3.670000
v -6.432129 -5.229026 -3.734380
v -6.225703 -5.229026 -3.794372
v -6.019277 -5.229026 -3.845889
v -5.812851 -5.229026 -3.885419
v -5.606426 -5.229026 -3.910268
v -5.400000 -5.229026 -3.918744
v -5.193574 -5.229026 -3.910268
v -4.987149 -5.229026 -3.885419
v -4.780723 -5.229026 -3.845889
v -4.574297 -5.229026 -3.794372
v -4.367871 -5.229026 -3.734380
v -4.161446 -5.229026 -3.670000
v -6.638554 -4.906017 -3.670000
v -6.432129 -4.906017 -3.788958
v -6.225703 -4.906017 -3.899810
v -6.019277 -4.906017 -3.995000
v -5.812851 -4.906017 -4.068042
v -5.606426 -4.906017 -4.113958
v -5.400000 -4.906017 -4.129619
v -5.193574 -4.906017 -4.113958
v -4.987149 -4.906017 -4.068042
v -4.780723 -4.906017 -3.995000
v -4.574297 -4.906017 -3.899810
v -4.367871 -4.906017 -3.788958
v -4.161446 -4.906017 -3.670000
v -6.638554 -4.583009 -3.670000
v -6.432129 -4.583009 -3.825426
v -6.225703 -4.583009 -3.970261
v -6.019277 -4.583009 -4.094633
v -5.812851 -4.583009 -4.190067
v -5.606426 -4.583009 -4.250059
v -5.400000 -4.583009 -4.270522
v -5.193574 -4.583009 -4.250059
v -4.987149 -4.583009 -4.190067
v -4.780723 -4.583009 -4.094633
v -4.574297 -4.583009 -3.970261
v -4.367871 -4.583009 -3.825426
v -4.161446 -4.583009 -3.670000
v -6.638554 -4.260000 -3.670000
v -6.432129 -4.260000 -3.838232
v -6.225703 -4.260000 -3.995000
v -6.019277 -4.260000 -4.129619
v -5.812851 -4.260000 -4.232917
v -5.606426 -4.260000 -4.297852
v -5.400000 -4.260000 -4.320000
v -5.193574 -4.260000 -4.297852
v -4.987149 -4.260000 -4.232917
v -4.780723 -4.260000 -4.129619
v -4.574297 -4.260000 -3.995000
v -4.367871 -4.260000 -3.838232
v -4.161446 -4.260000 -3.670000
v -6.638554 -3.936991 -3.670000
v -6.432129 -3.936991 -3.825426
v -6.225703 -3.936991 -3.970261
v -6.019277 -3.936991 -4.094633
v -5.812851 -3.936991 -4.190067
v -5.606426 -3.936991 -4.250059
v -5.400000 -3.936991 -4.270522
v -5.193574 -3.936991 -4.250059
v -4.987149 -3.936991 -4.190067
v -4.780723 -3.936991 -4.094633
v -4.574297 -3.936991 -3.970261
v -4.367871 -3.936991 -3.825426
v -4.161446 -3.936991 -3.670000
v -6.638554 -3.613983 -3.670000
v -6.432129 -3.613983 -3.788958
v -6.225703 -3.613983 -3.899810
v -6.019277 -3.613983 -3.995000
v -5.812851 -3.613983 -4.068042
v -5.606426 -3.613983 -4.113958
v -5.400000 -3.613983 -4.129619
v -5.193574 -3.613983 -4.113958
v -4.987149 -3.613983 -4.068042
v -4.780723 -3.613983 -3.995000
v -4.574297 -3.613983 -3.899810
v -4.367871 -3.613983 -3.788958
v -4.161446 -3.613983 -3.670000
v -6.638554 -3.290974 -3.670000
v -6.432129 -3.290974 -3.734380
v -6.225703 -3.290974 -3.794372
v -6.019277 -3.290974 -3.845889
v -5.812851 -3.290974 -3.885419
v -5.606426 -3.290974 -3.910268
v -5.400000 -3.290974 -3.918744
v -5.193574 -3.290974 -3.910268
v -4.987149 -3.290974 -3.885419
v -4.780723 -3.290974 -3.845889
v -4.574297 -3.290974 -3.794372
v -4.367871 -3.290974 -3.734380
v -4.161446 -3.290974 -3.670000
v -6.638554 -2.967966 -3.670000
v -6.432129 -2.967966 -3.670000
v -6.225703 -2.967966 -3.670000
v -6.019277 -2.967966 -3.670000
v -5.812851 -2.967966 -3.670000
v -5.606426 -2.967966 -3.670000
v -5.400000 -2.967966 -3.670000
v -5.193574 -2.967966 -3.670000
v -4.987149 -2.967966 -3.670000
v -4.780723 -2.967966 -3.670000
v -4.574297 -2.967966 -3.670000
v -4.367871 -2.967966 -3.670000
v -4.161446 -2.967966 -3.670000
v -2.804001 -5.510780 -3.670000
v -2.536668 -5.510780 -3.670000
v -2.269334 -5.510780 -3.670000
v -2.002001 -5.510780 -3.670000
v -1.734667 -5.510780 -3.670000
v -1.467334 -5.510780 -3.670000
v -1.200000 -5.510780 -3.670000
v -0.932666 -5.510780 -3.670000
v -0.665333 -5.510780 -3.670000
v -0.397999 -5.510780 -3.670000
v -0.130666 -5.510780 -3.670000
v 0.136668 -5.510780 -3.670000
v 0.404001 -5.510780 -3.670000
v -2.804001 -5.198085 -3.670000
v -2.536668 -5.198085 -3.734380
v -2.269334 -5.198085 -3.794372
v -2.002001 -5.198085 -3.845889
v -1.734667 -5.198085 -3.885419
v -1.467334 -5.198085 -3.910268
v -1.200000 -5.198085 -3.918744
v -0.932666 -5.198085 -3.910268
v -0.665333 -5.198085 -3.885419
v -0.397999 -5.198085 -3.845889
v -0.130666 -5.198085 -3.794372
v 0.136668 -5.198085 -3.734380
v 0.404001 -5.198085 -3.670000
v -2.804001 -4.885390 -3.670000
v -2.536668 -4.885390 -3.788958
v -2.269334 -4.885390 -3.899810
v -2.002001 -4.885390 -3.995000
v -1.734667 -4.885390 -4.068042
v -1.467334 -4.885390 -4.113958
v -1.200000 -4.885390 -4.129619
v -0.932666 -4.885390 -4.113958
v -0.665333 -4.885390 -4.068042
v -0.397999 -4.885390 -3.995000
v -0.130666 -4.885390 -3.899810
v 0.136668 -4.885390 -3.788958
v 0.404001 -4.885390 -3.670000
v -2.804001 -4.572695 -3.670000
v -2.536668 -4.572695 -3.825426
v -2.269334 -4.572695 -3.970261
v -2.002001 -4.572695 -4.094633
v -1.734667 -4.572695 -4.190067
v -1.467334 -4.572695 -4.250059
v -1.200000 -4.572695 -4.270522
v -0.932666 -4.572695 -4.250059
v -0.665333 -4.572695 -4.190067
v -0.397999 -4.572695 -4.094633
v -0.130666 -4.572695 -3.970261
v 0.136668 -4.572695 -3.825426
v 0.404001 -4.572695 -3.670000
v -2.804001 -4.260000 -3.670000
v -2.536668 -4.260000 -3.838232
v -2.269334 -4.260000 -3.995000
v -2.002001 -4.260000 -4.129619
v -1.734667 -4.260000 -4.232917
v -1.467334 -4.260000 -4.297852
v -1.200000 -4.260000 -4.320000
v -0.932666 -4.260000 -4.297852
v -0.665333 -4.260000 -4.232917
v -0.397999 -4.260000 -4.129619
v -0.130666 -4.260000 -3.995000
v 0.136668 -4.260000 -3.838232
v 0.404001 -4.260000 -3.670000
v -2.804001 -3.947305 -3.670000
v -2.536668 -3.947305 -3.825426
v -2.269334 -3.947305 -3.970261
v -2.002001 -3.947305 -4.094633
v -1.734667 -3.947305 -4.190067
v -1.467334 -3.947305 -4.250059
v -1.200000 -3.947305 -4.270522
v -0.932666 -3.947305 -4.250059
v -0.665333 -3.947305 -4.190067
v -0.397999 -3.947305 -4.094633
v -0.130666 -3.947305 -3.970261
v 0.136668 -3.947305 -3.825426
v 0.404001 -3.947305 -3.670000
v -2.804001 -3.634610 -3.670000
v -2.536668 -3.634610 -3.788958
v -2.269334 -3.634610 -3.899810
v -2.002001 -3.634610 -3.995000
v -1.734667 -3.634610 -4.068042
v -1.467334 -3.634610 -4.113958
v -1.200000 -3.634610 -4.129619
v -0.932666 -3.634610 -4.113958
v -0.665333 -3.634610 -4.068042
v -0.397999 -3.634610 -3.995000
v -0.130666 -3.634610 -3.899810
v 0.136668 -3.634610 -3.788958
v 0.404001 -3.634610 -3.670000
v -2.804001 -3.321915 -3.670000
v -2.536668 -3.321915 -3.734380
v -2.269334 -3.321915 -3.794372
v -2.002001 -3.321915 -3.845889
v -1.734667 -3.321915 -3.885419
v -1.467334 -3.321915 -3.910268
v -1.200000 -3.321915 -3.918744
v -0.932666 -3.321915 -3.910268
v -0.665333 -3.321915 -3.885419
v -0.397999 -3.321915 -3.845889
v -0.130666 -3.321915 -3.794372
v 0.136668 -3.321915 -3.734380
v 0.404001 -3.321915 -3.670000
v -2.804001 -3.009220 -3.670000
v -2.536668 -3.009220 -3.670000
v -2.269334 -3.009220 -3.670000
v -2.002001 -3.009220 -3.670000
v -1.734667 -3.009220 -3.670000
v -1.467334 -3.009220 -3.670000
v -1.200000 -3.009220 -3.670000
v -0.932666 -3.009220 -3.670000
v -0.665333 -3.009220 -3.670000
v -0.397999 -3.009220 -3.670000
v -0.130666 -3.009220 -3.670000
v 0.136668 -3.009220 -3.670000
v 0.404001 -3.009220 -3.670000
v -0.061872 -5.330900 -3.670000
v 0.198440 -5.330900 -3.670000
v 0.458752 -5.330900 -3.670000
v 0.719064 -5.330900 -3.670000
v 0.979376 -5.330900 -3.670000
v 1.239688 -5.330900 -3.670000
v 1.500000 -5.330900 -3.670000
v 1.760312 -5.330900 -3.670000
v 2.020624 -5.330900 -3.670000
v 2.280936 -5.330900 -3.670000
v 2.541248 -5.330900 -3.670000
v 2.801560 -5.330900 -3.670000
v 3.061872 -5.330900 -3.670000
v -0.061872 -5.063175 -3.670000
v 0.198440 -5.063175 -3.734380
v 0.458752 -5.063175 -3.794372
v 0.719064 -5.063175 -3.845889
v 0.979376 -5.063175 -3.885419
v 1.239688 -5.063175 -3.910268
v 1.500000 -5.063175 -3.918744
v 1.760312 -5.063175 -3.910268
v 2.020624 -5.063175 -3.885419
v 2.280936 -5.063175 -3.845889
v 2.541248 -5.063175 -3.794372
v 2.801560 -5.063175 -3.734380
v 3.061872 -5.063175 -3.670000
v -0.061872 -4.795450 -3.670000
v 0.198440 -4.795450 -3.788958
v 0.458752 -4.795450 -3.899810
v 0.719064 -4.795450 -3.995000
v 0.979376 -4.795450 -4.068042
v 1.239688 -4.795450 -4.113958
v 1.500000 -4.795450 -4.129619
v 1.760312 -4.795450 -4.113958
v 2.020624 -4.795450 -4.068042
v 2.280936 -4.795450 -3.995000
v 2.541248 -4.795450 -3.899810
v 2.801560 -4.795450 -3.788958
v 3.061872 -4.795450 -3.670000
v -0.061872 -4.527725 -3.670000
v 0.198440 -4.527725 -3.825426
v 0.458752 -4.527725 -3.970261
v 0.719064 -4.527725 -4.094633
v 0.979376 -4.527725 -4.190067
v 1.239688 -4.527725 -4.250059
v 1.500000 -4.527725 -4.270522
v 1.760312 -4.527725 -4.250059
v 2.020624 -4.527725 -4.190067
v 2.280936 -4.527725 -4.094633
v 2.541248 -4.527725 -3.970261
v 2.801560 -4.527725 -3.825426
v 3.061872 -4.527725 -3.670000
v -0.061872 -4.260000 -3.670000
v 0.198440 -4.260000 -3.838232
v 0.458752 -4.260000 -3.995000
v 0.719064 -4.260000 -4.129619
v 0.979376 -4.260000 -4.232917
v 1.239688 -4.260000 -4.297852
v 1.500000 -4.260000 -4.320000
v 1.760312 -4.260000 -4.297852
v 2.020624 -4.260000 -4.232917
v 2.280936 -4.260000 -4.129619
v 2.541248 -4.260000 -3.995000
v 2.801560 -4.260000 -3.838232
v 3.061872 -4.260000 -3.670000
v -0.061872 -3.992275 -3.670000
v 0.198440 -3.992275 -3.825426
v 0.458752 -3.992275 -3.970261
v 0.719064 -3.992275 -4.094633
v 0.979376 -3.992275 -4.190067
v 1.239688 -3.992275 -4.250059
v 1.500000 -3.992275 -4.270522
v 1.760312 -3.992275 -4.250059
v 2.020624 -3.992275 -4.190067
v 2.280936 -3.992275 -4.094633
v 2.541248 -3.992275 -3.970261
v 2.801560 -3.992275 -3.825426
v 3.061872 -3.992275 -3.670000
v -0.061872 -3.724550 -3.670000
v 0.198440 -3.724550 -3.788958
v 0.458752 -3.724550 -3.899810
v 0.719064 -3.724550 -3.995000
v 0.979376 -3.724550 -4.068042
v 1.239688 -3.724550 -4.113958
v 1.500000 -3.724550 -4.129619
v 1.760312 -3.724550 -4.113958
v 2.020624 -3.724550 -4.068042
v 2.280936 -3.724550 -3.995000
v 2.541248 -3.724550 -3.899810
v 2.801560 -3.724550 -3.788958
v 3.061872 -3.724550 -3.670000
v -0.061872 -3.456825 -3.670000
v 0.198440 -3.456825 -3.734380
v 0.458752 -3.456825 -3.794372
v 0.719064 -3.456825 -3.845889
v 0.979376 -3.456825 -3.885419
v 1.239688 -3.456825 -3.910268
v 1.500000 -3.456825 -3.918744
v 1.760312 -3.456825 -3.910268
v 2.020624 -3.456825 -3.885419
v 2.280936 -3.456825 -3.845889
v 2.541248 -3.456825 -3.794372
v 2.801560 -3.456825 -3.734380
v 3.061872 -3.456825 -3.670000
v -0.061872 -3.189100 -3.670000
v 0.198440 -3.189100 -3.670000
v 0.458752 -3.189100 -3.670000
v 0.719064 -3.189100 -3.670000
v 0.979376 -3.189100 -3.670000
v 1.239688 -3.189100 -3.670000
v 1.500000 -3.189100 -3.670000
v 1.760312 -3.189100 -3.670000
v 2.020624 -3.189100 -3.670000
v 2.280936 -3.189100 -3.670000
v 2.541248 -3.189100 -3.670000
v 2.801560 -3.189100 -3.670000
v 3.061872 -3.189100 -3.670000
v 3.576335 -5.177774 -3.670000
v 3.780279 -5.177774 -3.670000
v 3.984223 -5.177774 -3.670000
v 4.188167 -5.177774 -3.670000
v 4.392112 -5.177774 -3.670000
v 4.596056 -5.177774 -3.670000
v 4.800000 -5.177774 -3.670000
v 5.003944 -5.177774 -3.670000
v 5.207888 -5.177774 -3.670000
v 5.411833 -5.177774 -3.670000
v 5.615777 -5.177774 -3.670000
v 5.819721 -5.177774 -3.670000
v 6.023665 -5.177774 -3.670000
v 3.576335 -4.948330 -3.670000
v 3.780279 -4.948330 -3.734380
v 3.984223 -4.948330 -3.794372
v 4.188167 -4.948330 -3.845889
v 4.392112 -4.948330 -3.885419
v 4.596056 -4.948330 -3.910268
v 4.800000 -4.948330 -3.918744
v 5.003944 -4.948330 -3.910268
v 5.207888 -4.948330 -3.885419
v 5.411833 -4.948330 -3.845889
v 5.615777 -4.948330 -3.794372
v 5.819721 -4.948330 -3.734380
v 6.023665 -4.948330 -3.670000
v 3.576335 -4.718887 -3.670000
v 3.780279 -4.718887 -3.788958
v 3.984223 -4.718887 -3.899810
v 4.188167 -4.718887 -3.995000
v 4.392112 -4.718887 -4.068042
v 4.596056 -4.718887 -4.113958
v 4.800000 -4.718887 -4.129619
v 5.003944 -4.718887 -4.113958
v 5.207888 -4.718887 -4.068042
v 5.411833 -4.718887 -3.995000
v 5.615777 -4.718887 -3.899810
v 5.819721 -4.718887 -3.788958
v 6.023665 -4.718887 -3.670000
v 3.576335 -4.489443 -3.670000
v 3.780279 -4.489443 -3.825426
v 3.984223 -4.489443 -3.970261
v 4.188167 -4.489443 -4.094633
v 4.392112 -4.489443 -4.190067
v 4.596056 -4.489443 -4.250059
v 4.800000 -4.489443 -4.270522
v 5.003944 -4.489443 -4.250059
v 5.207888 -4.489443 -4.190067
v 5.411833 -4.489443 -4.094633
v 5.615777 -4.489443 -3.970261
v 5.819721 -4.489443 -3.825426
v 6.023665 -4.489443 -3.670000
v 3.576335 -4.260000 -3.670000
v 3.780279 -4.260000 -3.838232
v 3.984223 -4.260000 -3.995000
v 4.188167 -4.260000 -4.129619
v 4.392112 -4.260000 -4.232917
v 4.596056 -4.260000 -4.297852
v 4.800000 -4.260000 -4.320000
v 5.003944 -4.260000 -4.297852
v 5.207888 -4.260000 -4.232917
v 5.411833 -4.260000 -4.129619
v 5.615777 -4.260000 -3.995000
v 5.819721 -4.260000 -3.838232
v 6.023665 -4.260000 -3.670000
v 3.576335 -4.030557 -3.670000
v 3.780279 -4.030557 -3.825426
v 3.984223 -4.030557 -3.970261
v 4.188167 -4.030557 -4.094633
v 4.392112 -4.030557 -4.190067
v 4.596056 -4.030557 -4.250059
v 4.800000 -4.030557 -4.270522
v 5.003944 -4.030557 -4.250059
v 5.207888 -4.030557 -4.190067
v 5.411833 -4.030557 -4.094633
v 5.615777 -4.030557 -3.970261
v 5.819721 -4.030557 -3.825426
v 6.023665 -4.030557 -3.670000
v 3.576335 -3.801113 -3.670000
v 3.780279 -3.801113 -3.788958
v 3.984223 -3.801113 -3.899810
v 4.188167 -3.801113 -3.995000
v 4.392112 -3.801113 -4.068042
v 4.596056 -3.801113 -4.113958
v 4.800000 -3.801113 -4.129619
v 5.003944 -3.801113 -4.113958
v 5.207888 -3.801113 -4.068042
v 5.411833 -3.801113 -3.995000
v 5.615777 -3.801113 -3.899810
v 5.819721 -3.801113 -3.788958
v 6.023665 -3.801113 -3.670000
v 3.576335 -3.571670 -3.670000
v 3.780279 -3.571670 -3.734380
v 3.984223 -3.571670 -3.794372
v 4.188167 -3.571670 -3.845889
v 4.392112 -3.571670 -3.885419
v 4.596056 -3.571670 -3.910268
v 4.800000 -3.571670 -3.918744
v 5.003944 -3.571670 -3.910268
v 5.207888 -3.571670 -3.885419
v 5.411833 -3.571670 -3.845889
v 5.615777 -3.571670 -3.794372
v 5.819721 -3.571670 -3.734380
v 6.023665 -3.571670 -3.670000
v 3.576335 -3.342226 -3.670000
v 3.780279 -3.342226 -3.670000
v 3.984223 -3.342226 -3.670000
v 4.188167 -3.342226 -3.670000
v 4.392112 -3.342226 -3.670000
v 4.596056 -3.342226 -3.670000
v 4.800000 -3.342226 -3.670000
v 5.003944 -3.342226 -3.670000
v 5.207888 -3.342226 -3.670000
v 5.411833 -3.342226 -3.670000
v 5.615777 -3.342226 -3.670000
v 5.819721 -3.342226 -3.670000
v 6.023665 -3.342226 -3.670000
vt 0.000000 0.000000
vt 0.083333 0.000000
vt 0.166667 0.000000
vt 0.250000 0.000000
vt 0.333333 0.000000
vt 0.416667 0.000000
vt 0.500000 0.000000
vt 0.583333 0.000000
vt 0.666667 0.000000
vt 0.750000 0.000000
vt 0.833333 0.000000
vt 0.916667 0.000000
vt 1.000000 0.000000
vt 0.000000 0.125000
vt 0.083333 0.125000
vt 0.166667 0.125000
vt 0.250000 0.125000
vt 0.333333 0.125000
vt 0.416667 0.125000
vt 0.500000 0.125000
vt 0.583333 0.125000
vt 0.666667 0.125000
vt 0.750000 0.125000
vt 0.833333 0.125000
vt 0.916667 0.125000
vt 1.000000 0.125000
vt 0.000000 0.250000
vt 0.083333 0.250000
vt 0.166667 0.250000
vt 0.250000 0.250000
vt 0.333333 0.250000
vt 0.416667 0.250000
vt 0.500000 0.250000
vt 0.583333 0.250000
vt 0.666667 0.250000
vt 0.750000 0.250000
vt 0.833333 0.250000
vt 0.916667 0.250000
vt 1.000000 0.250000
vt 0.000000 0.375000
vt 0.083333 0.375000
vt 0.166667 0.375000
vt 0.250000 0.375000
vt 0.333333 0.375000
vt 0.416667 0.375000
vt 0.500000 0.375000
vt 0.583333 0.375000
vt 0.666667 0.375000
vt 0.750000 0.375000
vt 0.833333 0.375000
vt 0.916667 0.375000
vt 1.000000 0.375000
vt 0.000000 0.500000
vt 0.083333 0.500000
vt 0.166667 0.500000
vt 0.250000 0.500000
vt 0.333333 0.500000
vt 0.416667 0.500000
vt 0.500000 0.500000
vt 0.583333 0.500000
vt 0.666667 0.500000
vt 0.750000 0.500000
vt 0.833333 0.500000
vt 0.916667 0.500000
vt 1.000000 0.500000
vt 0.000000 0.625000
vt 0.083333 0.625000
vt 0.166667 0.625000
vt 0.250000 0.625000
vt 0.333333 0.625000
vt 0.416667 0.625000
vt 0.500000 0.625000
vt 0.583333 0.625000
vt 0.666667 0.625000
vt 0.750000 0.625000
vt 0.833333 0.625000
vt 0.916667 0.625000
vt 1.000000 0.625000
vt 0.000000 0.750000
vt 0.083333 0.750000
vt 0.166667 0.750000
vt 0.250000 0.750000
vt 0.333333 0.750000
vt 0.416667 0.750000
vt 0.500000 0.750000
vt 0.583333 0.750000
vt 0.666667 0.750000
vt 0.750000 0.750000
vt 0.833333 0.750000
vt 0.916667 0.750000
vt 1.000000 0.750000
vt 0.000000 0.875000
vt 0.083333 0.875000
vt 0.166667 0.875000
vt 0.250000 0.875000
vt 0.333333 0.875000
vt 0.416667 0.875000
vt 0.500000 0.875000
vt 0.583333 0.875000
vt 0.666667 0.875000
vt 0.750000 0.875000
vt 0.833333 0.875000
vt 0.916667 0.875000
vt 1.000000 0.875000
vt 0.000000 1.000000
vt 0.083333 1.000000
vt 0.166667 1.000000
vt 0.250000 1.000000
vt 0.333333 1.000000
vt 0.416667 1.000000
vt 0.500000 1.000000
vt 0.583333 1.000000
vt 0.666667 1.000000
vt 0.750000 1.000000
vt 0.833333 1.000000
vt 0.916667 1.000000
vt 1.000000 1.000000
vt 0.000000 0.000000
vt 0.083333 0.000000
vt 0.166667 0.000000
vt 0.250000 0.000000
vt 0.333333 0.000000
vt 0.416667 0.000000
vt 0.500000 0.000000
vt 0.583333 0.000000
vt 0.666667 0.000000
vt 0.750000 0.000000
vt 0.833333 0.000000
vt 0.916667 0.000000
vt 1.000000 0.000000
vt 0.000000 0.125000
vt 0.083333 0.125000
vt 0.166667 0.125000
vt 0.250000 0.125000
vt 0.333333 0.125000
vt 0.416667 0.125000
vt 0.500000 0.125000
vt 0.583333 0.125000
vt 0.666667 0.125000
vt 0.750000 0.125000
vt 0.833333 0.125000
vt 0.916667 0.125000
vt 1.000000 0.125000
vt 0.000000 0.250000
vt 0.083333 0.250000
vt 0.166667 0.250000
vt 0.250000 0.250000
vt 0.333333 0.250000
vt 0.416667 0.250000
vt 0.500000 0.250000
vt 0.583333 0.250000
vt 0.666667 0.250000
vt 0.750000 0.250000
vt 0.833333 0.250000
vt 0.916667 0.250000
vt 1.000000 0.250000
vt 0.000000 0.375000
vt 0.083333 0.375000
vt 0.166667 0.375000
vt 0.250000 0.375000
vt 0.333333 0.375000
vt 0.416667 0.375000
vt 0.500000 0.375000
vt 0.583333 0.375000
vt 0.666667 0.375000
vt 0.750000 0.375000
vt 0.833333 0.375000
vt 0.916667 0.375000
vt 1.000000 0.375000
vt 0.000000 0.500000
vt 0.083333 0.500000
vt 0.166667 0.500000
vt 0.250000 0.500000
vt 0.333333 0.500000
vt 0.416667 0.500000
vt 0.500000 0.500000
vt 0.583333 0.500000
vt 0.666667 0.500000
vt 0.750000 0.500000
vt 0.833333 0.500000
vt 0.916667 0.500000
vt 1.000000 0.500000
vt 0.000000 0.625000
vt 0.083333 0.625000
vt 0.166667 0.625000
vt 0.250000 0.625000
vt 0.333333 0.625000
vt 0.416667 0.625000
vt 0.500000 0.625000
vt 0.583333 0.625000
vt 0.666667 0.625000
vt 0.750000 0.625000
vt 0.833333 0.625000
vt 0.916667 0.625000
vt 1.000000 0.625000
vt 0.000000 0.750000
vt 0.083333 0.750000
vt 0.166667 0.750000
vt 0.250000 0.750000
vt 0.333333 0.750000
vt 0.416667 0.750000
vt 0.500000 0.750000
vt 0.583333 0.750000
vt 0.666667 0.750000
vt 0.750000 0.750000
vt 0.833333 0.750000
vt 0.916667 0.750000
vt 1.000000 0.750000
vt 0.000000 0.875000
vt 0.083333 0.875000
vt 0.166667 0.875000
vt 0.250000 0.875000
vt 0.333333 0.875000
vt 0.416667 0.875000
vt 0.500000 0.875000
vt 0.583333 0.875000
vt 0.666667 0.875000
vt 0.750000 0.875000
vt 0.833333 0.875000
vt 0.916667 0.875000
vt 1.000000 0.875000
vt 0.000000 1.000000
vt 0.083333 1.000000
vt 0.166667 1.000000
vt 0.250000 1.000000
vt 0.333333 1.000000
vt 0.416667 1.000000
vt 0.500000 1.000000
vt 0.583333 1.000000
vt 0.666667 1.000000
vt 0.750000 1.000000
vt 0.833333 1.000000
vt 0.916667 1.000000
vt 1.000000 1.000000
vt 0.000000 0.000000
vt 0.083333 0.000000
vt 0.166667 0.000000
vt 0.250000 0.000000
vt 0.333333 0.000000
vt 0.416667 0.000000
vt 0.500000 0.000000
vt 0.583333 0.000000
vt 0.666667 0.000000
vt 0.750000 0.000000
vt 0.833333 0.000000
vt 0.916667 0.000000
vt 1.000000 0.000000
vt 0.000000 0.125000
vt 0.083333 0.125000
vt 0.166667 0.125000
vt 0.250000 0.125000
vt 0.333333 0.125000
vt 0.416667 0.125000
vt 0.500000 0.125000
vt 0.583333 0.125000
vt 0.666667 0.125000
vt 0.750000 0.125000
vt 0.833333 0.125000
vt 0.916667 0.125000
vt 1.000000 0.125000
vt 0.000000 0.250000
vt 0.083333 0.250000
vt 0.166667 0.250000
vt 0.250000 0.250000
vt 0.333333 0.250000
vt 0.416667 0.250000
vt 0.500000 0.250000
vt 0.583333 0.250000
vt 0.666667 0.250000
vt 0.750000 0.250000
vt 0.833333 0.250000
vt 0.916667 0.250000
vt 1.000000 0.250000
vt 0.000000 0.375000
vt 0.083333 0.375000
vt 0.166667 0.375000
vt 0.250000 0.375000
vt 0.333333 0.375000
vt 0.416667 0.375000
vt 0.500000 0.375000
vt 0.583333 0.375000
vt 0.666667 0.375000
vt 0.750000 0.375000
vt 0.833333 0.375000
vt 0.916667 0.375000
vt 1.000000 0.375000
vt 0.000000 0.500000
vt 0.083333 0.500000
vt 0.166667 0.500000
vt 0.250000 0.500000
vt 0.333333 0.500000
vt 0.416667 0.500000
vt 0.500000 0.500000
vt 0.583333 0.500000
vt 0.666667 0.500000
vt 0.750000 0.500000
vt 0.833333 0.500000
vt 0.916667 0.500000
vt 1.000000 0.500000
vt 0.000000 0.625000
vt 0.083333 0.625000
vt 0.166667 0.625000
vt 0.250000 0.625000
vt 0.333333 0.625000
vt 0.416667 0.625000
vt 0.500000 0.625000
vt 0.583333 0.625000
vt 0.666667 0.625000
vt 0.750000 0.625000
vt 0.833333 0.625000
vt 0.916667 0.625000
vt 1.000000 0.625000
vt 0.000000 0.750000
vt 0.083333 0.750000
vt 0.166667 0.750000
vt 0.250000 0.750000
vt 0.333333 0.750000
vt 0.416667 0.750000
vt 0.500000 0.750000
vt 0.583333 0.750000
vt 0.666667 0.750000
vt 0.750000 0.750000
vt 0.833333 0.750000
vt 0.916667 0.750000
vt 1.000000 0.750000
vt 0.000000 0.875000
vt 0.083333 0.875000
vt 0.166667 0.875000
vt 0.250000 0.875000
vt 0.333333 0.875000
vt 0.416667 0.875000
vt 0.500000 0.875000
vt 0.583333 0.875000
vt 0.666667 0.875000
vt 0.750000 0.875000
vt 0.833333 0.875000
vt 0.916667 0.875000
vt 1.000000 0.875000
vt 0.000000 1.000000
vt 0.083333 1.000000
vt 0.166667 1.000000
vt 0.250000 1.000000
vt 0.333333 1.000000
vt 0.416667 1.000000
vt 0.500000 1.000000
vt 0.583333 1.000000
vt 0.666667 1.000000
vt 0.750000 1.000000
vt 0.833333 1.000000
vt 0.916667 1.000000
vt 1.000000 1.000000
vt 0.000000 0.000000
vt 0.083333 0.000000
vt 0.166667 0.000000
vt 0.250000 0.000000
vt 0.333333 0.000000
vt 0.416667 0.000000
vt 0.500000 0.000000
vt 0.583333 0.000000
vt 0.666667 0.000000
vt 0.750000 0.000000
vt 0.833333 0.000000
vt 0.916667 0.000000
vt 1.000000 0.000000
vt 0.000000 0.125000
vt 0.083333 0.125000
vt 0.166667 0.125000
vt 0.250000 0.125000
vt 0.333333 0.125000
vt 0.416667 0.125000
vt 0.500000 0.125000
vt 0.583333 0.125000
vt 0.666667 0.125000
vt 0.750000 0.125000
vt 0.833333 0.125000
vt 0.916667 0.125000
vt 1.000000 0.125000
vt 0.000000 0.250000
vt 0.083333 0.250000
vt 0.166667 0.250000
vt 0.250000 0.250000
vt 0.333333 0.250000
vt 0.416667 0.250000
vt 0.500000 0.250000
vt 0.583333 0.250000
vt 0.666667 0.250000
vt 0.750000 0.250000
vt 0.833333 0.250000
vt 0.916667 0.250000
vt 1.000000 0.250000
vt 0.000000 0.375000
vt 0.083333 0.375000
vt 0.166667 0.375000
vt 0.250000 0.375000
vt 0.333333 0.375000
vt 0.416667 0.375000
vt 0.500000 0.375000
vt 0.583333 0.375000
vt 0.666667 0.375000
vt 0.750000 0.375000
vt 0.833333 0.375000
vt 0.916667 0.375000
vt 1.000000 0.375000
vt 0.000000 0.500000
vt 0.083333 0.500000
vt 0.166667 0.500000
vt 0.250000 0.500000
vt 0.333333 0.500000
vt 0.416667 0.500000
vt 0.500000 0.500000
vt 0.583333 0.500000
vt 0.666667 0.500000
vt 0.750000 0.500000
vt 0.833333 0.500000
vt 0.916667 0.500000
vt 1.000000 0.500000
vt 0.000000 0.625000
vt 0.083333 0.625000
vt 0.166667 0.625000
vt 0.250000 0.625000
vt 0.333333 0.625000
vt 0.416667 0.625000
vt 0.500000 0.625000
vt 0.583333 0.625000
vt 0.666667 0.625000
vt 0.750000 0.625000
vt 0.833333 0.625000
vt 0.916667 0.625000
vt 1.000000 0.625000
vt 0.000000 0.750000
vt 0.083333 0.750000
vt 0.166667 0.750000
vt 0.250000 0.750000
vt 0.333333 0.750000
vt 0.416667 0.750000
vt 0.500000 0.750000
vt 0.583333 0.750000
vt 0.666667 0.750000
vt 0.750000 0.750000
vt 0.833333 0.750000
vt 0.916667 0.750000
vt 1.000000 0.750000
vt 0.000000 0.875000
vt 0.083333 0.875000
vt 0.166667 0.875000
vt 0.250000 0.875000
vt 0.333333 0.875000
vt 0.416667 0.875000
vt 0.500000 0.875000
vt 0.583333 0.875000
vt 0.666667 0.875000
vt 0.750000 0.875000
vt 0.833333 0.875000
vt 0.916667 0.875000
vt 1.000000 0.875000
vt 0.000000 1.000000
vt 0.083333 1.000000
vt 0.166667 1.000000
vt 0.250000 1.000000
vt 0.333333 1.000000
vt 0.416667 1.000000
vt 0.500000 1.000000
vt 0.583333 1.000000
vt 0.666667 1.000000
vt 0.750000 1.000000
vt 0.833333 1.000000
vt 0.916667 1.000000
vt 1.000000 1.000000
vt 0.000000 0.000000
vt 0.083333 0.000000
vt 0.166667 0.000000
vt 0.250000 0.000000
vt 0.333333 0.000000
vt 0.416667 0.000000
vt 0.500000 0.000000
vt 0.583333 0.000000
vt 0.666667 0.000000
vt 0.750000 0.000000
vt 0.833333 0.000000
vt 0.916667 0.000000
vt 1.000000 0.000000
vt 0.000000 0.125000
vt 0.083333 0.125000
vt 0.166667 0.125000
vt 0.250000 0.125000
vt 0.333333 0.125000
vt 0.416667 0.125000
vt 0.500000 0.125000
vt 0.583333 0.125000
vt 0.666667 0.125000
vt 0.750000 0.125000
vt 0.833333 0.125000
vt 0.916667 0.125000
vt 1.000000 0.125000
vt 0.000000 0.250000
vt 0.083333 0.250000
vt 0.166667 0.250000
vt 0.250000 0.250000
vt 0.333333 0.250000
vt 0.416667 0.250000
vt 0.500000 0.250000
vt 0.583333 0.250000
vt 0.666667 0.250000
vt 0.750000 0.250000
vt 0.833333 0.250000
vt 0.916667 0.250000
vt 1.000000 0.250000
vt 0.000000 0.375000
vt 0.083333 0.375000
vt 0.166667 0.375000
vt 0.250000 0.375000
vt 0.333333 0.375000
vt 0.416667 0.375000
vt 0.500000 0.375000
vt 0.583333 0.375000
vt 0.666667 0.375000
vt 0.750000 0.375000
vt 0.833333 0.375000
vt 0.916667 0.375000
vt 1.000000 0.375000
vt 0.000000 0.500000
vt 0.083333 0.500000
vt 0.166667 0.500000
vt 0.250000 0.500000
vt 0.333333 0.500000
vt 0.416667 0.500000
vt 0.500000 0.500000
vt 0.583333 0.500000
vt 0.666667 0.500000
vt 0.750000 0.500000
vt 0.833333 0.500000
vt 0.916667 0.500000
vt 1.000000 0.500000
vt 0.000000 0.625000
vt 0.083333 0.625000
vt 0.166667 0.625000
vt 0.250000 0.625000
vt 0.333333 0.625000
vt 0.416667 0.625000
vt 0.500000 0.625000
vt 0.583333 0.625000
vt 0.666667 0.625000
vt 0.750000 0.625000
vt 0.833333 0.625000
vt 0.916667 0.625000
vt 1.000000 0.625000
vt 0.000000 0.750000
vt 0.083333 0.750000
vt 0.166667 0.750000
vt 0.250000 0.750000
vt 0.333333 0.750000
vt 0.416667 0.750000
vt 0.500000 0.750000
vt 0.583333 0.750000
vt 0.666667 0.750000
vt 0.750000 0.750000
vt 0.833333 0.750000
vt 0.916667 0.750000
vt 1.000000 0.750000
vt 0.000000 0.875000
vt 0.083333 0.875000
vt 0.166667 0.875000
vt 0.250000 0.875000
vt 0.333333 0.875000
vt 0.416667 0.875000
vt 0.500000 0.875000
vt 0.583333 0.875000
vt 0.666667 0.875000
vt 0.750000 0.875000
vt 0.833333 0.875000
vt 0.916667 0.875000
vt 1.000000 0.875000
vt 0.000000 1.000000
vt 0.083333 1.000000
vt 0.166667 1.000000
vt 0.250000 1.000000
vt 0.333333 1.000000
vt 0.416667 1.000000
vt 0.500000 1.000000
vt 0.583333 1.000000
vt 0.666667 1.000000
vt 0.750000 1.000000
vt 0.833333 1.000000
vt 0.916667 1.000000
vt 1.000000 1.000000
vt 0.000000 0.000000
vt 0.083333 0.000000
vt 0.166667 0.000000
vt 0.250000 0.000000
vt 0.333333 0.000000
vt 0.416667 0.000000
vt 0.500000 0.000000
vt 0.583333 0.000000
vt 0.666667 0.000000
vt 0.750000 0.000000
vt 0.833333 0.000000
vt 0.916667 0.000000
vt 1.000000 0.000000
vt 0.000000 0.125000
vt 0.083333 0.125000
vt 0.166667 0.125000
vt 0.250000 0.125000
vt 0.333333 0.125000
vt 0.416667 0.125000
vt 0.500000 0.125000
vt 0.583333 0.125000
vt 0.666667 0.125000
vt 0.750000 0.125000
vt 0.833333 0.125000
vt 0.916667 0.125000
vt 1.000000 0.125000
vt 0.000000 0.250000
vt 0.083333 0.250000
vt 0.166667 0.250000
vt 0.250000 0.250000
vt 0.333333 0.250000
vt 0.416667 0.250000
vt 0.500000 0.250000
vt 0.583333 0.250000
vt 0.666667 0.250000
vt 0.750000 0.250000
vt 0.833333 0.250000
vt 0.916667 0.250000
vt 1.000000 0.250000
vt 0.000000 0.375000
vt 0.083333 0.375000
vt 0.166667 0.375000
vt 0.250000 0.375000
vt 0.333333 0.375000
vt 0.416667 0.375000
vt 0.500000 0.375000
vt 0.583333 0.375000
vt 0.666667 0.375000
vt 0.750000 0.375000
vt 0.833333 0.375000
vt 0.916667 0.375000
vt 1.000000 0.375000
vt 0.000000 0.500000
vt 0.083333 0.500000
vt 0.166667 0.500000
vt 0.250000 0.500000
vt 0.333333 0.500000
vt 0.416667 0.500000
vt 0.500000 0.500000
vt 0.583333 0.500000
vt 0.666667 0.500000
vt 0.750000 0.500000
vt 0.833333 0.500000
vt 0.916667 0.500000
vt 1.000000 0.500000
vt 0.000000 0.625000
vt 0.083333 0.625000
vt 0.166667 0.625000
vt 0.250000 0.625000
vt 0.333333 0.625000
vt 0.416667 0.625000
vt 0.500000 0.625000
vt 0.583333 0.625000
vt 0.666667 0.625000
vt 0.750000 0.625000
vt 0.833333 0.625000
vt 0.916667 0.625000
vt 1.000000 0.625000
vt 0.000000 0.750000
vt 0.083333 0.750000
vt 0.166667 0.750000
vt 0.250000 0.750000
vt 0.333333 0.750000
vt 0.416667 0.750000
vt 0.500000 0.750000
vt 0.583333 0.750000
vt 0.666667 0.750000
vt 0.750000 0.750000
vt 0.833333 0.750000
vt 0.916667 0.750000
vt 1.000000 0.750000
vt 0.000000 0.875000
vt 0.083333 0.875000
vt 0.166667 0.875000
vt 0.250000 0.875000
vt 0.333333 0.875000
vt 0.416667 0.875000
vt 0.500000 0.875000
vt 0.583333 0.875000
vt 0.666667 0.875000
vt 0.750000 0.875000
vt 0.833333 0.875000
vt 0.916667 0.875000
vt 1.000000 0.875000
vt 0.000000 1.000000
vt 0.083333 1.000000
vt 0.166667 1.000000
vt 0.250000 1.000000
vt 0.333333 1.000000
vt 0.416667 1.000000
vt 0.500000 1.000000
vt 0.583333 1.000000
vt 0.666667 1.000000
vt 0.750000 1.000000
vt 0.833333 1.000000
vt 0.916667 1.000000
vt 1.000000 1.000000
vt 0.000000 0.000000
vt 0.083333 0.000000
vt 0.166667 0.000000
vt 0.250000 0.000000
vt 0.333333 0.000000
vt 0.416667 0.000000
vt 0.500000 0.000000
vt 0.583333 0.000000
vt 0.666667 0.000000
vt 0.750000 0.000000
vt 0.833333 0.000000
vt 0.916667 0.000000
vt 1.000000 0.000000
vt 0.000000 0.125000
vt 0.083333 0.125000
vt 0.166667 0.125000
vt 0.250000 0.125000
vt 0.333333 0.125000
vt 0.416667 0.125000
vt 0.500000 0.125000
vt 0.583333 0.125000
vt 0.666667 0.125000
vt 0.750000 0.125000
vt 0.833333 0.125000
vt 0.916667 0.125000
vt 1.000000 0.125000
vt 0.000000 0.250000
vt 0.083333 0.250000
vt 0.166667 0.250000
vt 0.250000 0.250000
vt 0.333333 0.250000
vt 0.416667 0.250000
vt 0.500000 0.250000
vt 0.583333 0.250000
vt 0.666667 0.250000
vt 0.750000 0.250000
vt 0.833333 0.250000
vt 0.916667 0.250000
vt 1.000000 0.250000
vt 0.000000 0.375000
vt 0.083333 0.375000
vt 0.166667 0.375000
vt 0.250000 0.375000
vt 0.333333 0.375000
vt 0.416667 0.375000
vt 0.500000 0.375000
vt 0.583333 0.375000
vt 0.666667 0.375000
vt 0.750000 0.375000
vt 0.833333 0.375000
vt 0.916667 0.375000
vt 1.000000 0.375000
vt 0.000000 0.500000
vt 0.083333 0.500000
vt 0.166667 0.500000
vt 0.250000 0.500000
vt 0.333333 0.500000
vt 0.416667 0.500000
vt 0.500000 0.500000
vt 0.583333 0.500000
vt 0.666667 0.500000
vt 0.750000 0.500000
vt 0.833333 0.500000
vt 0.916667 0.500000
vt 1.000000 0.500000
vt 0.000000 0.625000
vt 0.083333 0.625000
vt 0.166667 0.625000
vt 0.250000 0.625000
vt 0.333333 0.625000
vt 0.416667 0.625000
vt 0.500000 0.625000
vt 0.583333 0.625000
vt 0.666667 0.625000
vt 0.750000 0.625000
vt 0.833333 0.625000
vt 0.916667 0.625000
vt 1.000000 0.625000
vt 0.000000 0.750000
vt 0.083333 0.750000
vt 0.166667 0.750000
vt 0.250000 0.750000
vt 0.333333 0.750000
vt 0.416667 0.750000
vt 0.500000 0.750000
vt 0.583333 0.750000
vt 0.666667 0.750000
vt 0.750000 0.750000
vt 0.833333 0.750000
vt 0.916667 0.750000
vt 1.000000 0.750000
vt 0.000000 0.875000
vt 0.083333 0.875000
vt 0.166667 0.875000
vt 0.250000 0.875000
vt 0.333333 0.875000
vt 0.416667 0.875000
vt 0.500000 0.875000
vt 0.583333 0.875000
vt 0.666667 0.875000
vt 0.750000 0.875000
vt 0.833333 0.875000
vt 0.916667 0.875000
vt 1.000000 0.875000
vt 0.000000 1.000000
vt 0.083333 1.000000
vt 0.166667 1.000000
vt 0.250000 1.000000
vt 0.333333 1.000000
vt 0.416667 1.000000
vt 0.500000 1.000000
vt 0.583333 1.000000
vt 0.666667 1.000000
vt 0.750000 1.000000
vt 0.833333 1.000000
vt 0.916667 1.000000
vt 1.000000 1.000000
vt 0.000000 0.000000
vt 0.083333 0.000000
vt 0.166667 0.000000
vt 0.250000 0.000000
vt 0.333333 0.000000
vt 0.416667 0.000000
vt 0.500000 0.000000
vt 0.583333 0.000000
vt 0.666667 0.000000
vt 0.750000 0.000000
vt 0.833333 0.000000
vt 0.916667 0.000000
vt 1.000000 0.000000
vt 0.000000 0.125000
vt 0.083333 0.125000
vt 0.166667 0.125000
vt 0.250000 0.125000
vt 0.333333 0.125000
vt 0.416667 0.125000
vt 0.500000 0.125000
vt 0.583333 0.125000
vt 0.666667 0.125000
vt 0.750000 0.125000
vt 0.833333 0.125000
vt 0.916667 0.125000
vt 1.000000 0.125000
vt 0.000000 0.250000
vt 0.083333 0.250000
vt 0.166667 0.250000
vt 0.250000 0.250000
vt 0.333333 0.250000
vt 0.416667 0.250000
vt 0.500000 0.250000
vt 0.583333 0.250000
vt 0.666667 0.250000
vt 0.750000 0.250000
vt 0.833333 0.250000
vt 0.916667 0.250000
vt 1.000000 0.250000
vt 0.000000 0.375000
vt 0.083333 0.375000
vt 0.166667 0.375000
vt 0.250000 0.375000
vt 0.333333 0.375000
vt 0.416667 0.375000
vt 0.500000 0.375000
vt 0.583333 0.375000
vt 0.666667 0.375000
vt 0.750000 0.375000
vt 0.833333 0.375000
vt 0.916667 0.375000
vt 1.000000 0.375000
vt 0.000000 0.500000
vt 0.083333 0.500000
vt 0.166667 0.500000
vt 0.250000 0.500000
vt 0.333333 0.500000
vt 0.416667 0.500000
vt 0.500000 0.500000
vt 0.583333 0.500000
vt 0.666667 0.500000
vt 0.750000 0.500000
vt 0.833333 0.500000
vt 0.916667 0.500000
vt 1.000000 0.500000
vt 0.000000 0.625000
vt 0.083333 0.625000
vt 0.166667 0.625000
vt 0.250000 0.625000
vt 0.333333 0.625000
vt 0.416667 0.625000
vt 0.500000 0.625000
vt 0.583333 0.625000
vt 0.666667 0.625000
vt 0.750000 0.625000
vt 0.833333 0.625000
vt 0.916667 0.625000
vt 1.000000 0.625000
vt 0.000000 0.750000
vt 0.083333 0.750000
vt 0.166667 0.750000
vt 0.250000 0.750000
vt 0.333333 0.750000
vt 0.416667 0.750000
vt 0.500000 0.750000
vt 0.583333 0.750000
vt 0.666667 0.750000
vt 0.750000 0.750000
vt 0.833333 0.750000
vt 0.916667 0.750000
vt 1.000000 0.750000
vt 0.000000 0.875000
vt 0.083333 0.875000
vt 0.166667 0.875000
vt 0.250000 0.875000
vt 0.333333 0.875000
vt 0.416667 0.875000
vt 0.500000 0.875000
vt 0.583333 0.875000
vt 0.666667 0.875000
vt 0.750000 0.875000
vt 0.833333 0.875000
vt 0.916667 0.875000
vt 1.000000 0.875000
vt 0.000000 1.000000
vt 0.083333 1.000000
vt 0.166667 1.000000
vt 0.250000 1.000000
vt 0.333333 1.000000
vt 0.416667 1.000000
vt 0.500000 1.000000
vt 0.583333 1.000000
vt 0.666667 1.000000
vt 0.750000 1.000000
vt 0.833333 1.000000
vt 0.916667 1.000000
vt 1.000000 1.000000
vt 0.000000 0.000000
vt 0.083333 0.000000
vt 0.166667 0.000000
vt 0.250000 0.000000
vt 0.333333 0.000000
vt 0.416667 0.000000
vt 0.500000 0.000000
vt 0.583333 0.000000
vt 0.666667 0.000000
vt 0.750000 0.000000
vt 0.833333 0.000000
vt 0.916667 0.000000
vt 1.000000 0.000000
vt 0.000000 0.125000
vt 0.083333 0.125000
vt 0.166667 0.125000
vt 0.250000 0.125000
vt 0.333333 0.125000
vt 0.416667 0.125000
vt 0.500000 0.125000
vt 0.583333 0.125000
vt 0.666667 0.125000
vt 0.750000 0.125000
vt 0.833333 0.125000
vt 0.916667 0.125000
vt 1.000000 0.125000
vt 0.000000 0.250000
vt 0.083333 0.250000
vt 0.166667 0.250000
vt 0.250000 0.250000
vt 0.333333 0.250000
vt 0.416667 0.250000
vt 0.500000 0.250000
vt 0.583333 0.250000
vt 0.666667 0.250000
vt 0.750000 0.250000
vt 0.833333 0.250000
vt 0.916667 0.250000
vt 1.000000 0.250000
vt 0.000000 0.375000
vt 0.083333 0.375000
vt 0.166667 0.375000
vt 0.250000 0.375000
vt 0.333333 0.375000
vt 0.416667 0.375000
vt 0.500000 0.375000
vt 0.583333 0.375000
vt 0.666667 0.375000
vt 0.750000 0.375000
vt 0.833333 0.375000
vt 0.916667 0.375000
vt 1.000000 0.375000
vt 0.000000 0.500000
vt 0.083333 0.500000
vt 0.166667 0.500000
vt 0.250000 0.500000
vt 0.333333 0.500000
vt 0.416667 0.500000
vt 0.500000 0.500000
vt 0.583333 0.500000
vt 0.666667 0.500000
vt 0.750000 0.500000
vt 0.833333 0.500000
vt 0.916667 0.500000
vt 1.000000 0.500000
vt 0.000000 0.625000
vt 0.083333 0.625000
vt 0.166667 0.625000
vt 0.250000 0.625000
vt 0.333333 0.625000
vt 0.416667 0.625000
vt 0.500000 0.625000
vt 0.583333 0.625000
vt 0.666667 0.625000
vt 0.750000 0.625000
vt 0.833333 0.625000
vt 0.916667 0.625000
vt 1.000000 0.625000
vt 0.000000 0.750000
vt 0.083333 0.750000
vt 0.166667 0.750000
vt 0.250000 0.750000
vt 0.333333 0.750000
vt 0.416667 0.750000
vt 0.500000 0.750000
vt 0.583333 0.750000
vt 0.666667 0.750000
vt 0.750000 0.750000
vt 0.833333 0.750000
vt 0.916667 0.750000
vt 1.000000 0.750000
vt 0.000000 0.875000
vt 0.083333 0.875000
vt 0.166667 0.875000
vt 0.250000 0.875000
vt 0.333333 0.875000
vt 0.416667 0.875000
vt 0.500000 0.875000
vt 0.583333 0.875000
vt 0.666667 0.875000
vt 0.750000 0.875000
vt 0.833333 0.875000
vt 0.916667 0.875000
vt 1.000000 0.875000
vt 0.000000 1.000000
vt 0.083333 1.000000
vt 0.166667 1.000000
vt 0.250000 1.000000
vt 0.333333 1.000000
vt 0.416667 1.000000
vt 0.500000 1.000000
vt 0.583333 1.000000
vt 0.666667 1.000000
vt 0.750000 1.000000
vt 0.833333 1.000000
vt 0.916667 1.000000
vt 1.000000 1.000000
vt 0.000000 0.000000
vt 0.083333 0.000000
vt 0.166667 0.000000
vt 0.250000 0.000000
vt 0.333333 0.000000
vt 0.416667 0.000000
vt 0.500000 0.000000
vt 0.583333 0.000000
vt 0.666667 0.000000
vt 0.750000 0.000000
vt 0.833333 0.000000
vt 0.916667 0.000000
vt 1.000000 0.000000
vt 0.000000 0.125000
vt 0.083333 0.125000
vt 0.166667 0.125000
vt 0.250000 0.125000
vt 0.333333 0.125000
vt 0.416667 0.125000
vt 0.500000 0.125000
vt 0.583333 0.125000
vt 0.666667 0.125000
vt 0.750000 0.125000
vt 0.833333 0.125000
vt 0.916667 0.125000
vt 1.000000 0.125000
vt 0.000000 0.250000
vt 0.083333 0.250000
vt 0.166667 0.250000
vt 0.250000 0.250000
vt 0.333333 0.250000
vt 0.416667 0.250000
vt 0.500000 0.250000
vt 0.583333 0.250000
vt 0.666667 0.250000
vt 0.750000 0.250000
vt 0.833333 0.250000
vt 0.916667 0.250000
vt 1.000000 0.250000
vt 0.000000 0.375000
vt 0.083333 0.375000
vt 0.166667 0.375000
vt 0.250000 0.375000
vt 0.333333 0.375000
vt 0.416667 0.375000
vt 0.500000 0.375000
vt 0.583333 0.375000
vt 0.666667 0.375000
vt 0.750000 0.375000
vt 0.833333 0.375000
vt 0.916667 0.375000
vt 1.000000 0.375000
vt 0.000000 0.500000
vt 0.083333 0.500000
vt 0.166667 0.500000
vt 0.250000 0.500000
vt 0.333333 0.500000
vt 0.416667 0.500000
vt 0.500000 0.500000
vt 0.583333 0.500000
vt 0.666667 0.500000
vt 0.750000 0.500000
vt 0.833333 0.500000
vt 0.916667 0.500000
vt 1.000000 0.500000
vt 0.000000 0.625000
vt 0.083333 0.625000
vt 0.166667 0.625000
vt 0.250000 0.625000
vt 0.333333 0.625000
vt 0.416667 0.625000
vt 0.500000 0.625000
vt 0.583333 0.625000
vt 0.666667 0.625000
vt 0.750000 0.625000
vt 0.833333 0.625000
vt 0.916667 0.625000
vt 1.000000 0.625000
vt 0.000000 0.750000
vt 0.083333 0.750000
vt 0.166667 0.750000
vt 0.250000 0.750000
vt 0.333333 0.750000
vt 0.416667 0.750000
vt 0.500000 0.750000
vt 0.583333 0.750000
vt 0.666667 0.750000
vt 0.750000 0.750000
vt 0.833333 0.750000
vt 0.916667 0.750000
vt 1.000000 0.750000
vt 0.000000 0.875000
vt 0.083333 0.875000
vt 0.166667 0.875000
vt 0.250000 0.875000
vt 0.333333 0.875000
vt 0.416667 0.875000
vt 0.500000 0.875000
vt 0.583333 0.875000
vt 0.666667 0.875000
vt 0.750000 0.875000
vt 0.833333 0.875000
vt 0.916667 0.875000
vt 1.000000 0.875000
vt 0.000000 1.000000
vt 0.083333 1.000000
vt 0.166667 1.000000
vt 0.250000 1.000000
vt 0.333333 1.000000
vt 0.416667 1.000000
vt 0.500000 1.000000
vt 0.583333 1.000000
vt 0.666667 1.000000
vt 0.750000 1.000000
vt 0.833333 1.000000
vt 0.916667 1.000000
vt 1.000000 1.000000
vn 0.000000 0.000000 1.000000
vn 0.087696 0.130420 0.987573
vn 0.078542 0.304827 0.949164
vn 0.063720 0.437934 0.896746
vn 0.046243 0.527774 0.848125
vn 0.027887 0.580751 0.813604
vn 0.009322 0.603374 0.797404
vn -0.009361 0.598938 0.800740
vn -0.028222 0.566758 0.823401
vn -0.047077 0.502285 0.863419
vn -0.065009 0.398451 0.914883
vn -0.079837 0.250489 0.964822
vn -0.131402 0.097709 0.986502
vn 0.174495 0.064876 0.982519
vn 0.241916 0.177238 0.953972
vn 0.212124 0.326024 0.921256
vn 0.168732 0.439301 0.882352
vn 0.118090 0.515835 0.848510
vn 0.064167 0.559203 0.826544
vn 0.008852 0.572931 0.819556
vn -0.047022 0.558259 0.828333
vn -0.102622 0.513597 0.851872
vn -0.156024 0.435175 0.886724
vn -0.203119 0.319491 0.925564
vn -0.237265 0.168460 0.956727
vn -0.322874 0.052897 0.944962
vn 0.384334 0.051598 0.921751
vn 0.418328 0.132497 0.898580
vn 0.375009 0.246277 0.893709
vn 0.306544 0.341920 0.888325
vn 0.218345 0.413657 0.883863
vn 0.116488 0.457672 0.881457
vn 0.007289 0.471753 0.881701
vn -0.102768 0.455016 0.884533
vn -0.206944 0.407921 0.889255
vn -0.298269 0.332606 0.894656
vn -0.369915 0.233348 0.899284
vn -0.415986 0.116797 0.901839
vn -0.476620 0.032859 0.878495
vn 0.509698 0.032158 0.859752
vn 0.517236 0.073896 0.852647
vn 0.474213 0.135101 0.869983
vn 0.400105 0.191212 0.896300
vn 0.293754 0.237790 0.925832
vn 0.158249 0.268734 0.950126
vn 0.004297 0.278138 0.960532
vn -0.150467 0.263519 0.952847
vn -0.287934 0.227625 0.930205
vn -0.396451 0.176730 0.900885
vn -0.472281 0.117303 0.873608
vn -0.516449 0.054032 0.854611
vn -0.551278 0.010957 0.834250
vn 0.561411 0.010868 0.827466
vn 0.548101 0.010610 0.836345
vn 0.506571 0.009807 0.862142
vn 0.432534 0.008373 0.901579
vn 0.321247 0.006219 0.946975
vn 0.172954 0.003348 0.984924
vn 0.000000 0.000000 1.000000
vn -0.172954 -0.003348 0.984924
vn -0.321247 -0.006219 0.946975
vn -0.432534 -0.008373 0.901579
vn -0.506571 -0.009807 0.862142
vn -0.548101 -0.010610 0.836345
vn -0.561411 -0.010868 0.827466
vn 0.551278 -0.010957 0.834250
vn 0.516449 -0.054032 0.854611
vn 0.472281 -0.117303 0.873608
vn 0.396451 -0.176730 0.900885
vn 0.287934 -0.227625 0.930205
vn 0.150467 -0.263519 0.952847
vn -0.004297 -0.278138 0.960532
vn -0.158249 -0.268734 0.950126
vn -0.293754 -0.237790 0.925832
vn -0.400105 -0.191212 0.896300
vn -0.474213 -0.135101 0.869983
vn -0.517236 -0.073896 0.852647
vn -0.509698 -0.032158 0.859752
vn 0.476620 -0.032859 0.878495
vn 0.415986 -0.116797 0.901839
vn 0.369915 -0.233348 0.899284
vn 0.298269 -0.332606 0.894656
vn 0.206944 -0.407921 0.889255
vn 0.102768 -0.455016 0.884533
vn -0.007289 -0.471753 0.881701
vn -0.116488 -0.457672 0.881457
vn -0.218345 -0.413657 0.883863
vn -0.306544 -0.341920 0.888325
vn -0.375009 -0.246277 0.893709
vn -0.418328 -0.132497 0.898580
vn -0.384334 -0.051598 0.921751
vn 0.322874 -0.052897 0.944962
vn 0.237265 -0.168460 0.956727
vn 0.203119 -0.319491 0.925564
vn 0.156024 -0.435175 0.886724
vn 0.102622 -0.513597 0.851872
vn 0.047022 -0.558259 0.828333
vn -0.008852 -0.572931 0.819556
vn -0.064167 -0.559203 0.826544
vn -0.118090 -0.515835 0.848510
vn -0.168732 -0.439301 0.882352
vn -0.212124 -0.326024 0.921256
vn -0.241916 -0.177238 0.953972
vn -0.174495 -0.064876 0.982519
vn 0.131402 -0.097709 0.986502
vn 0.079837 -0.250489 0.964822
vn 0.065009 -0.398451 0.914883
vn 0.047077 -0.502285 0.863419
vn 0.028222 -0.566758 0.823401
vn 0.009361 -0.598938 0.800740
vn -0.009322 -0.603374 0.797404
vn -0.027887 -0.580751 0.813604
vn -0.046243 -0.527774 0.848125
vn -0.063720 -0.437934 0.896746
vn -0.078542 -0.304827 0.949164
vn -0.087696 -0.130420 0.987573
vn 0.000000 0.000000 1.000000
vn 0.000000 0.000000 1.000000
vn 0.076220 0.140289 0.987173
vn 0.067845 0.325886 0.942972
vn 0.054610 0.464504 0.883886
vn 0.039361 0.555980 0.830263
vn 0.023628 0.608989 0.792826
vn 0.007882 0.631395 0.775421
vn -0.007918 0.627003 0.778977
vn -0.023941 0.595035 0.803343
vn -0.040151 0.530188 0.846929
vn -0.055857 0.423709 0.904074
vn -0.069129 0.268433 0.960815
vn -0.114407 0.105287 0.987839
vn 0.152237 0.070051 0.985858
vn 0.211330 0.191621 0.958447
vn 0.183905 0.349820 0.918589
vn 0.145013 0.467265 0.872144
vn 0.100750 0.544669 0.832577
vn 0.054489 0.587706 0.807238
vn 0.007504 0.601148 0.799103
vn -0.039924 0.586630 0.808871
vn -0.087533 0.542184 0.835688
vn -0.134063 0.462777 0.876279
vn -0.176076 0.342768 0.922771
vn -0.207260 0.182125 0.961184
vn -0.284311 0.057648 0.956997
vn 0.340289 0.056541 0.938620
vn 0.371217 0.145515 0.917073
vn 0.330174 0.268359 0.904969
vn 0.267132 0.368764 0.890311
vn 0.188403 0.441749 0.877133
vn 0.099809 0.485328 0.868617
vn 0.006229 0.498962 0.866601
vn -0.088039 0.482430 0.871499
vn -0.178527 0.435530 0.882294
vn -0.259891 0.358678 0.896553
vn -0.325697 0.254277 0.910639
vn -0.369166 0.128282 0.920467
vn -0.426362 0.036379 0.903821
vn 0.457887 0.035754 0.888291
vn 0.464954 0.082211 0.881509
vn 0.423476 0.149316 0.893517
vn 0.353824 0.209276 0.911599
vn 0.256978 0.257452 0.931494
vn 0.137232 0.288423 0.947618
vn 0.003714 0.297494 0.954717
vn -0.130474 0.282804 0.950262
vn -0.251876 0.246437 0.935856
vn -0.350617 0.193439 0.916324
vn -0.421809 0.129663 0.897365
vn -0.464297 0.060119 0.883637
vn -0.498149 0.012254 0.867005
vn 0.508061 0.012173 0.861235
vn 0.495051 0.011861 0.868783
vn 0.454926 0.010900 0.890463
vn 0.384969 0.009223 0.922883
vn 0.282904 0.006778 0.959124
vn 0.150933 0.003616 0.988537
vn 0.000000 0.000000 1.000000
vn -0.150933 -0.003616 0.988537
vn -0.282904 -0.006778 0.959124
vn -0.384969 -0.009223 0.922883
vn -0.454926 -0.010900 0.890463
vn -0.495051 -0.011861 0.868783
vn -0.508061 -0.012173 0.861235
vn 0.498149 -0.012254 0.867005
vn 0.464297 -0.060119 0.883637
vn 0.421809 -0.129663 0.897365
vn 0.350617 -0.193439 0.916324
vn 0.251876 -0.246437 0.935856
vn 0.130474 -0.282804 0.950262
vn -0.003714 -0.297494 0.954717
vn -0.137232 -0.288423 0.947618
vn -0.256978 -0.257452 0.931494
vn -0.353824 -0.209276 0.911599
vn -0.423476 -0.149316 0.893517
vn -0.464954 -0.082211 0.881509
vn -0.457887 -0.035754 0.888291
vn 0.426362 -0.036379 0.903821
vn 0.369166 -0.128282 0.920467
vn 0.325697 -0.254277 0.910639
vn 0.259891 -0.358678 0.896553
vn 0.178527 -0.435530 0.882294
vn 0.088039 -0.482430 0.871499
vn -0.006229 -0.498962 0.866601
vn -0.099809 -0.485328 0.868617
vn -0.188403 -0.441749 0.877133
vn -0.267132 -0.368764 0.890311
vn -0.330174 -0.268359 0.904969
vn -0.371217 -0.145515 0.917073
vn -0.340289 -0.056541 0.938620
vn 0.284311 -0.057648 0.956997
vn 0.207260 -0.182125 0.961184
vn 0.176076 -0.342768 0.922771
vn 0.134063 -0.462777 0.876279
vn 0.087533 -0.542184 0.835688
vn 0.039924 -0.586630 0.808871
vn -0.007504 -0.601148 0.799103
vn -0.054489 -0.587706 0.807238
vn -0.100750 -0.544669 0.832577
vn -0.145013 -0.467265 0.872144
vn -0.183905 -0.349820 0.918589
vn -0.211330 -0.191621 0.958447
vn -0.152237 -0.070051 0.985858
vn 0.114407 -0.105287 0.987839
vn 0.069129 -0.268433 0.960815
vn 0.055857 -0.423709 0.904074
vn 0.040151 -0.530188 0.846929
vn 0.023941 -0.595035 0.803343
vn 0.007918 -0.627003 0.778977
vn -0.007882 -0.631395 0.775421
vn -0.023628 -0.608989 0.792826
vn -0.039361 -0.555980 0.830263
vn -0.054610 -0.464504 0.883886
vn -0.067845 -0.325886 0.942972
vn -0.076220 -0.140289 0.987173
vn 0.000000 0.000000 1.000000
vn 0.000000 0.000000 1.000000
vn 0.096519 0.165714 0.981439
vn 0.084471 0.378481 0.921747
vn 0.066603 0.528454 0.846346
vn 0.047201 0.621911 0.781664
vn 0.028027 0.673840 0.738345
vn 0.009305 0.695283 0.718675
vn -0.009357 0.691122 0.722677
vn -0.028484 0.660381 0.750391
vn -0.048395 0.596106 0.801446
vn -0.068592 0.485354 0.871623
vn -0.086649 0.313854 0.945509
vn -0.144805 0.124308 0.981621
vn 0.192332 0.082554 0.977851
vn 0.263579 0.222939 0.938522
vn 0.226301 0.401540 0.887442
vn 0.175874 0.528624 0.830436
vn 0.120803 0.609198 0.783763
vn 0.064888 0.652839 0.754713
vn 0.008918 0.666384 0.745556
vn -0.047572 0.652036 0.756694
vn -0.105080 0.607135 0.787620
vn -0.162860 0.524409 0.835746
vn -0.217049 0.394139 0.893053
vn -0.258817 0.212147 0.942342
vn -0.353124 0.066789 0.933190
vn 0.418355 0.064841 0.905966
vn 0.451958 0.165261 0.876597
vn 0.401436 0.304355 0.863838
vn 0.324359 0.417677 0.848727
vn 0.228553 0.499881 0.835394
vn 0.121039 0.549011 0.827005
vn 0.007556 0.564601 0.825330
vn -0.106888 0.546360 0.830702
vn -0.217016 0.493853 0.842029
vn -0.316344 0.407252 0.856780
vn -0.396872 0.289025 0.871181
vn -0.450055 0.145882 0.881004
vn -0.514604 0.040957 0.856449
vn 0.548402 0.039944 0.835260
vn 0.555318 0.091591 0.826579
vn 0.509497 0.167575 0.843997
vn 0.430494 0.237515 0.870782
vn 0.316670 0.295936 0.901189
vn 0.170912 0.335071 0.926562
vn 0.004646 0.347193 0.937782
vn -0.162685 0.328929 0.930236
vn -0.310951 0.283793 0.907067
vn -0.427379 0.219946 0.876910
vn -0.508203 0.145723 0.848820
vn -0.554942 0.067028 0.829184
vn -0.590522 0.013550 0.806907
vn 0.600660 0.013424 0.799392
vn 0.587338 0.013126 0.809236
vn 0.545377 0.012189 0.838102
vn 0.469176 0.010486 0.883043
vn 0.351685 0.007860 0.936085
vn 0.190897 0.004266 0.981601
vn -0.000000 0.000000 1.000000
vn -0.190897 -0.004266 0.981601
vn -0.351685 -0.007860 0.936085
vn -0.469176 -0.010486 0.883043
vn -0.545377 -0.012189 0.838102
vn -0.587338 -0.013126 0.809236
vn -0.600660 -0.013424 0.799392
vn 0.590522 -0.013550 0.806907
vn 0.554942 -0.067028 0.829184
vn 0.508203 -0.145723 0.848820
vn 0.427379 -0.219946 0.876910
vn 0.310951 -0.283793 0.907067
vn 0.162685 -0.328929 0.930236
vn -0.004646 -0.347193 0.937782
vn -0.170912 -0.335071 0.926562
vn -0.316670 -0.295936 0.901189
vn -0.430494 -0.237515 0.870782
vn -0.509497 -0.167575 0.843997
vn -0.555318 -0.091591 0.826579
vn -0.548402 -0.039944 0.835260
vn 0.514604 -0.040957 0.856449
vn 0.450055 -0.145882 0.881004
vn 0.396872 -0.289025 0.871181
vn 0.316344 -0.407252 0.856780
vn 0.217016 -0.493853 0.842029
vn 0.106888 -0.546360 0.830702
vn -0.007556 -0.564601 0.825330
vn -0.121039 -0.549011 0.827005
vn -0.228553 -0.499881 0.835394
vn -0.324359 -0.417677 0.848727
vn -0.401436 -0.304355 0.863838
vn -0.451958 -0.165261 0.876597
vn -0.418355 -0.064841 0.905966
vn 0.353124 -0.066789 0.933190
vn 0.258817 -0.212147 0.942342
vn 0.217049 -0.394139 0.893053
vn 0.162860 -0.524409 0.835746
vn 0.105080 -0.607135 0.787620
vn 0.047572 -0.652036 0.756694
vn -0.008918 -0.666384 0.745556
vn -0.064888 -0.652839 0.754713
vn -0.120803 -0.609198 0.783763
vn -0.175874 -0.528624 0.830436
vn -0.226301 -0.401540 0.887442
vn -0.263579 -0.222939 0.938522
vn -0.192332 -0.082554 0.977851
vn 0.144805 -0.124308 0.981621
vn 0.086649 -0.313854 0.945509
vn 0.068592 -0.485354 0.871623
vn 0.048395 -0.596106 0.801446
vn 0.028484 -0.660381 0.750391
vn 0.009357 -0.691122 0.722677
vn -0.009305 -0.695283 0.718675
vn -0.028027 -0.673840 0.738345
vn -0.047201 -0.621911 0.781664
vn -0.066603 -0.528454 0.846346
vn -0.084471 -0.378481 0.921747
vn -0.096519 -0.165714 0.981439
vn 0.000000 0.000000 1.000000
vn 0.000000 0.000000 1.000000
vn 0.095149 0.186127 0.977908
vn 0.082004 0.418630 0.904447
vn 0.063540 0.574406 0.816101
vn 0.044432 0.667013 0.743720
vn 0.026168 0.716812 0.696775
vn 0.008657 0.737015 0.675821
vn -0.008711 0.733111 0.680054
vn -0.026653 0.704020 0.709680
vn -0.045733 0.641813 0.765497
vn -0.065801 0.530484 0.845137
vn -0.084613 0.349191 0.933223
vn -0.142999 0.139864 0.979791
vn 0.190186 0.093009 0.977332
vn 0.259228 0.249813 0.932949
vn 0.219278 0.443297 0.869140
vn 0.167826 0.574728 0.800951
vn 0.113950 0.654712 0.747240
vn 0.060790 0.696838 0.714648
vn 0.008337 0.709731 0.704423
vn -0.044573 0.696057 0.716602
vn -0.099145 0.652673 0.751124
vn -0.155488 0.570439 0.806488
vn -0.210465 0.435441 0.875269
vn -0.254698 0.237863 0.937310
vn -0.349619 0.075341 0.933858
vn 0.414438 0.073185 0.907130
vn 0.446468 0.186003 0.875254
vn 0.392934 0.339424 0.854631
vn 0.313926 0.460574 0.830254
vn 0.218957 0.545627 0.808918
vn 0.115164 0.595154 0.795317
vn 0.007173 0.610641 0.791875
vn -0.101733 0.592476 0.799138
vn -0.208052 0.539430 0.815923
vn -0.306494 0.449556 0.839023
vn -0.388922 0.322704 0.862903
vn -0.444942 0.164323 0.880355
vn -0.510448 0.046288 0.858662
vn 0.544187 0.045161 0.837747
vn 0.550586 0.103466 0.828342
vn 0.503549 0.188699 0.843108
vn 0.423521 0.266230 0.865882
vn 0.309975 0.330048 0.891619
vn 0.166632 0.372205 0.913070
vn 0.004524 0.385137 0.922848
vn -0.158693 0.365568 0.917157
vn -0.304650 0.316789 0.898239
vn -0.420897 0.246796 0.872890
vn -0.502728 0.164242 0.848699
vn -0.550502 0.075757 0.831389
vn -0.586396 0.015331 0.809879
vn 0.596540 0.015190 0.802440
vn 0.583211 0.014851 0.812185
vn 0.541273 0.013783 0.840734
vn 0.465265 0.011847 0.885092
vn 0.348399 0.008871 0.937304
vn 0.188940 0.004811 0.981977
vn 0.000000 0.000000 1.000000
vn -0.188940 -0.004811 0.981977
vn -0.348399 -0.008871 0.937304
vn -0.465265 -0.011847 0.885092
vn -0.541273 -0.013783 0.840734
vn -0.583211 -0.014851 0.812185
vn -0.596540 -0.015190 0.802440
vn 0.586396 -0.015331 0.809879
vn 0.550502 -0.075757 0.831389
vn 0.502728 -0.164242 0.848699
vn 0.420897 -0.246796 0.872890
vn 0.304650 -0.316789 0.898239
vn 0.158693 -0.365568 0.917157
vn -0.004524 -0.385137 0.922848
vn -0.166632 -0.372205 0.913070
vn -0.309975 -0.330048 0.891619
vn -0.423521 -0.266230 0.865882
vn -0.503549 -0.188699 0.843108
vn -0.550586 -0.103466 0.828342
vn -0.544187 -0.045161 0.837747
vn 0.510448 -0.046288 0.858662
vn 0.444942 -0.164323 0.880355
vn 0.388922 -0.322704 0.862903
vn 0.306494 -0.449556 0.839023
vn 0.208052 -0.539430 0.815923
vn 0.101733 -0.592476 0.799138
vn -0.007173 -0.610641 0.791875
vn -0.115164 -0.595154 0.795317
vn -0.218957 -0.545627 0.808918
vn -0.313926 -0.460574 0.830254
vn -0.392934 -0.339424 0.854631
vn -0.446468 -0.186003 0.875254
vn -0.414438 -0.073185 0.907130
vn 0.349619 -0.075341 0.933858
vn 0.254698 -0.237863 0.937310
vn 0.210465 -0.435441 0.875269
vn 0.155488 -0.570439 0.806488
vn 0.099145 -0.652673 0.751124
vn 0.044573 -0.696057 0.716602
vn -0.008337 -0.709731 0.704423
vn -0.060790 -0.696838 0.714648
vn -0.113950 -0.654712 0.747240
vn -0.167826 -0.574728 0.800951
vn -0.219278 -0.443297 0.869140
vn -0.259228 -0.249813 0.932949
vn -0.190186 -0.093009 0.977332
vn 0.142999 -0.139864 0.979791
vn 0.084613 -0.349191 0.933223
vn 0.065801 -0.530484 0.845137
vn 0.045733 -0.641813 0.765497
vn 0.026653 -0.704020 0.709680
vn 0.008711 -0.733111 0.680054
vn -0.008657 -0.737015 0.675821
vn -0.026168 -0.716812 0.696775
vn -0.044432 -0.667013 0.743720
vn -0.063540 -0.574406 0.816101
vn -0.082004 -0.418630 0.904447
vn -0.095149 -0.186127 0.977908
vn 0.000000 0.000000 1.000000
vn 0.000000 0.000000 1.000000
vn 0.075584 0.173909 0.981857
vn 0.065740 0.394741 0.916437
vn 0.051462 0.547195 0.835421
vn 0.036265 0.640344 0.767232
vn 0.021458 0.691379 0.722173
vn 0.007113 0.712285 0.701854
vn -0.007155 0.708218 0.705958
vn -0.021827 0.678158 0.734592
vn -0.037240 0.614721 0.787865
vn -0.053115 0.503670 0.862262
vn -0.067590 0.328091 0.942225
vn -0.113723 0.130830 0.984861
vn 0.151589 0.087196 0.984590
vn 0.208620 0.236469 0.948978
vn 0.177464 0.421987 0.889063
vn 0.136574 0.550124 0.823839
vn 0.093101 0.629184 0.771660
vn 0.049778 0.671156 0.739643
vn 0.006830 0.683968 0.729480
vn -0.036483 0.670122 0.741354
vn -0.080939 0.626712 0.775036
vn -0.126390 0.545399 0.828592
vn -0.170124 0.414002 0.894237
vn -0.204799 0.224966 0.952601
vn -0.283273 0.071801 0.956348
vn 0.339094 0.070432 0.938112
vn 0.368112 0.180384 0.912116
vn 0.322923 0.328102 0.887733
vn 0.256899 0.443324 0.858759
vn 0.178470 0.523108 0.833371
vn 0.093601 0.568962 0.817020
vn 0.005822 0.583018 0.812438
vn -0.082620 0.565950 0.820289
vn -0.169345 0.516443 0.839410
vn -0.250406 0.432011 0.866408
vn -0.319168 0.311493 0.895044
vn -0.366551 0.159226 0.916672
vn -0.425169 0.045349 0.903977
vn 0.456648 0.044574 0.888530
vn 0.463004 0.102339 0.880428
vn 0.419857 0.185061 0.888522
vn 0.348700 0.257822 0.901075
vn 0.251688 0.315209 0.915039
vn 0.133787 0.351498 0.926580
vn 0.003615 0.362024 0.932162
vn -0.127306 0.344942 0.929951
vn -0.247056 0.302169 0.920683
vn -0.346134 0.238722 0.907305
vn -0.418832 0.160945 0.893687
vn -0.462750 0.074903 0.883319
vn -0.497014 0.015284 0.867608
vn 0.506919 0.015182 0.861860
vn 0.493919 0.014793 0.869382
vn 0.453837 0.013593 0.890981
vn 0.383985 0.011501 0.923268
vn 0.282127 0.008450 0.959340
vn 0.150494 0.004507 0.988601
vn 0.000000 0.000000 1.000000
vn -0.150494 -0.004507 0.988601
vn -0.282127 -0.008450 0.959340
vn -0.383985 -0.011501 0.923268
vn -0.453837 -0.013593 0.890981
vn -0.493919 -0.014793 0.869382
vn -0.506919 -0.015182 0.861860
vn 0.497014 -0.015284 0.867608
vn 0.462750 -0.074903 0.883319
vn 0.418832 -0.160945 0.893687
vn 0.346134 -0.238722 0.907305
vn 0.247056 -0.302169 0.920683
vn 0.127306 -0.344942 0.929951
vn -0.003615 -0.362024 0.932162
vn -0.133787 -0.351498 0.926580
vn -0.251688 -0.315209 0.915039
vn -0.348700 -0.257822 0.901075
vn -0.419857 -0.185061 0.888522
vn -0.463004 -0.102339 0.880428
vn -0.456648 -0.044574 0.888530
vn 0.425169 -0.045349 0.903977
vn 0.366551 -0.159226 0.916672
vn 0.319168 -0.311493 0.895044
vn 0.250406 -0.432011 0.866408
vn 0.169345 -0.516443 0.839410
vn 0.082620 -0.565950 0.820289
vn -0.005822 -0.583018 0.812438
vn -0.093601 -0.568962 0.817020
vn -0.178470 -0.523108 0.833371
vn -0.256899 -0.443324 0.858759
vn -0.322923 -0.328102 0.887733
vn -0.368112 -0.180384 0.912116
vn -0.339094 -0.070432 0.938112
vn 0.283273 -0.071801 0.956348
vn 0.204799 -0.224966 0.952601
vn 0.170124 -0.414002 0.894237
vn 0.126390 -0.545399 0.828592
vn 0.080939 -0.626712 0.775036
vn 0.036483 -0.670122 0.741354
vn -0.006830 -0.683968 0.729480
vn -0.049778 -0.671156 0.739643
vn -0.093101 -0.629184 0.771660
vn -0.136574 -0.550124 0.823839
vn -0.177464 -0.421987 0.889063
vn -0.208620 -0.236469 0.948978
vn -0.151589 -0.087196 0.984590
vn 0.113723 -0.130830 0.984861
vn 0.067590 -0.328091 0.942225
vn 0.053115 -0.503670 0.862262
vn 0.037240 -0.614721 0.787865
vn 0.021827 -0.678158 0.734592
vn 0.007155 -0.708218 0.705958
vn -0.007113 -0.712285 0.701854
vn -0.021458 -0.691379 0.722173
vn -0.036265 -0.640344 0.767232
vn -0.051462 -0.547195 0.835421
vn -0.065740 -0.394741 0.916437
vn -0.075584 -0.173909 0.981857
vn 0.000000 0.000000 1.000000
vn 0.000000 0.000000 1.000000
vn 0.088548 0.146233 0.985279
vn 0.078529 0.338445 0.937704
vn 0.062919 0.480187 0.874906
vn 0.045174 0.572523 0.818643
vn 0.027048 0.625516 0.779742
vn 0.009013 0.647795 0.761761
vn -0.009056 0.643445 0.765439
vn -0.027427 0.611632 0.790667
vn -0.046138 0.546635 0.836099
vn -0.064458 0.438712 0.896313
vn -0.080136 0.279197 0.956884
vn -0.132792 0.109650 0.985060
vn 0.176437 0.072844 0.981613
vn 0.243658 0.198232 0.949387
vn 0.211630 0.361194 0.908158
vn 0.166537 0.481479 0.860490
vn 0.115521 0.560353 0.820158
vn 0.062421 0.604080 0.794475
vn 0.008595 0.617772 0.786310
vn -0.045750 0.603150 0.796315
vn -0.100422 0.558102 0.823673
vn -0.154071 0.477194 0.865186
vn -0.202765 0.354163 0.912938
vn -0.239075 0.188494 0.952530
vn -0.326237 0.059352 0.943423
vn 0.388140 0.057865 0.919782
vn 0.421511 0.148252 0.894623
vn 0.375910 0.274138 0.885178
vn 0.305241 0.378075 0.874006
vn 0.216048 0.454516 0.864140
vn 0.114756 0.500668 0.857999
vn 0.007170 0.515313 0.856972
vn -0.101274 0.497931 0.861283
vn -0.204900 0.448506 0.869976
vn -0.297257 0.368092 0.880992
vn -0.371118 0.259965 0.891454
vn -0.419375 0.130755 0.898347
vn -0.480978 0.036822 0.875959
vn 0.514159 0.036022 0.856938
vn 0.521413 0.082721 0.849285
vn 0.477491 0.151061 0.865554
vn 0.402225 0.213458 0.890309
vn 0.294808 0.265003 0.918075
vn 0.158611 0.299100 0.940947
vn 0.004306 0.309454 0.950905
vn -0.150869 0.293409 0.944007
vn -0.289155 0.253841 0.923014
vn -0.398842 0.197435 0.895514
vn -0.475834 0.131240 0.869688
vn -0.520797 0.060506 0.851533
vn -0.555874 0.012269 0.831176
vn 0.566014 0.012168 0.824306
vn 0.552693 0.011881 0.833300
vn 0.511087 0.010987 0.859459
vn 0.436757 0.009389 0.899530
vn 0.324715 0.006980 0.945786
vn 0.174977 0.003761 0.984565
vn -0.000000 -0.000000 1.000000
vn -0.174977 -0.003761 0.984565
vn -0.324715 -0.006980 0.945786
vn -0.436757 -0.009389 0.899530
vn -0.511087 -0.010987 0.859459
vn -0.552693 -0.011881 0.833300
vn -0.566014 -0.012168 0.824306
vn 0.555874 -0.012269 0.831176
vn 0.520797 -0.060506 0.851533
vn 0.475834 -0.131240 0.869688
vn 0.398842 -0.197435 0.895514
vn 0.289155 -0.253841 0.923014
vn 0.150869 -0.293409 0.944007
vn -0.004306 -0.309454 0.950905
vn -0.158611 -0.299100 0.940947
vn -0.294808 -0.265003 0.918075
vn -0.402225 -0.213458 0.890309
vn -0.477491 -0.151061 0.865554
vn -0.521413 -0.082721 0.849285
vn -0.514159 -0.036022 0.856938
vn 0.480978 -0.036822 0.875959
vn 0.419375 -0.130755 0.898347
vn 0.371118 -0.259965 0.891454
vn 0.297257 -0.368092 0.880992
vn 0.204900 -0.448506 0.869976
vn 0.101274 -0.497931 0.861283
vn -0.007170 -0.515313 0.856972
vn -0.114756 -0.500668 0.857999
vn -0.216048 -0.454516 0.864140
vn -0.305241 -0.378075 0.874006
vn -0.375910 -0.274138 0.885178
vn -0.421511 -0.148252 0.894623
vn -0.388140 -0.057865 0.919782
vn 0.326237 -0.059352 0.943423
vn 0.239075 -0.188494 0.952530
vn 0.202765 -0.354163 0.912938
vn 0.154071 -0.477194 0.865186
vn 0.100422 -0.558102 0.823673
vn 0.045750 -0.603150 0.796315
vn -0.008595 -0.617772 0.786310
vn -0.062421 -0.604080 0.794475
vn -0.115521 -0.560353 0.820158
vn -0.166537 -0.481479 0.860490
vn -0.211630 -0.361194 0.908158
vn -0.243658 -0.198232 0.949387
vn -0.176437 -0.072844 0.981613
vn 0.132792 -0.109650 0.985060
vn 0.080136 -0.279197 0.956884
vn 0.064458 -0.438712 0.896313
vn 0.046138 -0.546635 0.836099
vn 0.027427 -0.611632 0.790667
vn 0.009056 -0.643445 0.765439
vn -0.009013 -0.647795 0.761761
vn -0.027048 -0.625516 0.779742
vn -0.045174 -0.572523 0.818643
vn -0.062919 -0.480187 0.874906
vn -0.078529 -0.338445 0.937704
vn -0.088548 -0.146233 0.985279
vn 0.000000 0.000000 1.000000
vn 0.000000 0.000000 1.000000
vn 0.102511 0.131024 0.986065
vn 0.091793 0.306181 0.947538
vn 0.074455 0.439782 0.895013
vn 0.054024 0.529906 0.846334
vn 0.032575 0.583033 0.811795
vn 0.010889 0.605722 0.795601
vn -0.010935 0.601289 0.798957
vn -0.032970 0.569039 0.821649
vn -0.055006 0.504389 0.861723
vn -0.075974 0.400202 0.913273
vn -0.093321 0.251639 0.963312
vn -0.153336 0.097993 0.983303
vn 0.203136 0.064909 0.976997
vn 0.280140 0.176394 0.943614
vn 0.246133 0.325122 0.913079
vn 0.196273 0.439177 0.876698
vn 0.137669 0.516834 0.844944
vn 0.074919 0.561140 0.824324
vn 0.010342 0.575289 0.817885
vn -0.054921 0.560392 0.826404
vn -0.119713 0.514922 0.848837
vn -0.181631 0.435391 0.881728
vn -0.235851 0.318833 0.917998
vn -0.274871 0.167728 0.946738
vn -0.370893 0.052223 0.927206
vn 0.438109 0.050550 0.897500
vn 0.474549 0.129178 0.870699
vn 0.427866 0.241494 0.870983
vn 0.352541 0.337954 0.872641
vn 0.253129 0.412150 0.875248
vn 0.135858 0.458749 0.878118
vn 0.008521 0.474005 0.880481
vn -0.119925 0.456347 0.881683
vn -0.240131 0.406806 0.881389
vn -0.343345 0.329055 0.879680
vn -0.422351 0.228977 0.877034
vn -0.472064 0.113912 0.874174
vn -0.535885 0.031751 0.843694
vn 0.569906 0.030902 0.821128
vn 0.577566 0.070917 0.813258
vn 0.533334 0.130588 0.835764
vn 0.455008 0.186886 0.870655
vn 0.338419 0.235440 0.911066
vn 0.184330 0.269026 0.945329
vn 0.005028 0.279718 0.960069
vn -0.175345 0.263926 0.948471
vn -0.331925 0.225520 0.915951
vn -0.451097 0.172825 0.875581
vn -0.531341 0.113423 0.839531
vn -0.576774 0.051862 0.815256
vn -0.611856 0.010452 0.790900
vn 0.621936 0.010348 0.783000
vn 0.608684 0.010127 0.793348
vn 0.566718 0.009429 0.823858
vn 0.489685 0.008147 0.871862
vn 0.369099 0.006141 0.929370
vn 0.201367 0.003350 0.979510
vn 0.000000 0.000000 1.000000
vn -0.201367 -0.003350 0.979510
vn -0.369099 -0.006141 0.929370
vn -0.489685 -0.008147 0.871862
vn -0.566718 -0.009429 0.823858
vn -0.608684 -0.010127 0.793348
vn -0.621936 -0.010348 0.783000
vn 0.611856 -0.010452 0.790900
vn 0.576774 -0.051862 0.815256
vn 0.531341 -0.113423 0.839531
vn 0.451097 -0.172825 0.875581
vn 0.331925 -0.225520 0.915951
vn 0.175345 -0.263926 0.948471
vn -0.005028 -0.279718 0.960069
vn -0.184330 -0.269026 0.945329
vn -0.338419 -0.235440 0.911066
vn -0.455008 -0.186886 0.870655
vn -0.533334 -0.130588 0.835764
vn -0.577566 -0.070917 0.813258
vn -0.569906 -0.030902 0.821128
vn 0.535885 -0.031751 0.843694
vn 0.472064 -0.113912 0.874174
vn 0.422351 -0.228977 0.877034
vn 0.343345 -0.329055 0.879680
vn 0.240131 -0.406806 0.881389
vn 0.119925 -0.456347 0.881683
vn -0.008521 -0.474005 0.880481
vn -0.135858 -0.458749 0.878118
vn -0.253129 -0.412150 0.875248
vn -0.352541 -0.337954 0.872641
vn -0.427866 -0.241494 0.870983
vn -0.474549 -0.129178 0.870699
vn -0.438109 -0.050550 0.897500
vn 0.370893 -0.052223 0.927206
vn 0.274871 -0.167728 0.946738
vn 0.235851 -0.318833 0.917998
vn 0.181631 -0.435391 0.881728
vn 0.119713 -0.514922 0.848837
vn 0.054921 -0.560392 0.826404
vn -0.010342 -0.575289 0.817885
vn -0.074919 -0.561140 0.824324
vn -0.137669 -0.516834 0.844944
vn -0.196273 -0.439177 0.876698
vn -0.246133 -0.325122 0.913079
vn -0.280140 -0.176394 0.943614
vn -0.203136 -0.064909 0.976997
vn 0.153336 -0.097993 0.983303
vn 0.093321 -0.251639 0.963312
vn 0.075974 -0.400202 0.913273
vn 0.055006 -0.504389 0.861723
vn 0.032970 -0.569039 0.821649
vn 0.010935 -0.601289 0.798957
vn -0.010889 -0.605722 0.795601
vn -0.032575 -0.583033 0.811795
vn -0.054024 -0.529906 0.846334
vn -0.074455 -0.439782 0.895013
vn -0.091793 -0.306181 0.947538
vn -0.102511 -0.131024 0.986065
vn 0.000000 0.000000 1.000000
vn 0.000000 0.000000 1.000000
vn 0.079278 0.135555 0.987593
vn 0.070777 0.315824 0.946174
vn 0.057185 0.451869 0.890249
vn 0.041352 0.542616 0.838962
vn 0.024877 0.595639 0.802867
vn 0.008307 0.618158 0.786010
vn -0.008343 0.613741 0.789464
vn -0.025192 0.581653 0.813047
vn -0.042141 0.516948 0.854979
vn -0.058419 0.411674 0.909457
vn -0.072033 0.259844 0.962960
vn -0.118928 0.101675 0.987683
vn 0.158155 0.067606 0.985097
vn 0.219589 0.184970 0.957897
vn 0.191728 0.338802 0.921116
vn 0.151754 0.454258 0.877850
vn 0.105762 0.531163 0.840643
vn 0.057313 0.574261 0.816664
vn 0.007899 0.587789 0.808975
vn -0.041994 0.573217 0.818327
vn -0.091889 0.528745 0.843792
vn -0.140292 0.449888 0.881997
vn -0.183558 0.331955 0.925263
vn -0.215350 0.175794 0.960584
vn -0.294663 0.055504 0.953988
vn 0.352183 0.054361 0.934351
vn 0.384083 0.139866 0.912643
vn 0.342593 0.258678 0.903170
vn 0.278199 0.356768 0.891808
vn 0.196888 0.428860 0.881654
vn 0.104557 0.472310 0.875209
vn 0.006531 0.485999 0.873935
vn -0.092227 0.469487 0.878109
vn -0.186561 0.422807 0.886808
vn -0.270633 0.346978 0.897978
vn -0.337905 0.245073 0.908713
vn -0.381924 0.123290 0.915933
vn -0.440075 0.034882 0.897283
vn 0.472088 0.034245 0.880886
vn 0.479337 0.078735 0.874092
vn 0.437442 0.143287 0.887757
vn 0.366548 0.201406 0.908338
vn 0.267056 0.248548 0.931078
vn 0.142968 0.279139 0.949548
vn 0.003873 0.288190 0.957565
vn -0.135923 0.273692 0.952165
vn -0.261732 0.237895 0.935362
vn -0.363182 0.186142 0.912935
vn -0.435666 0.124412 0.891469
vn -0.478621 0.057573 0.876132
vn -0.512795 0.011719 0.858431
vn 0.522791 0.011636 0.852381
vn 0.509667 0.011344 0.860297
vn 0.469067 0.010440 0.883101
vn 0.397867 0.008855 0.917400
vn 0.293182 0.006525 0.956034
vn 0.156778 0.003489 0.987628
vn 0.000000 0.000000 1.000000
vn -0.156778 -0.003489 0.987628
vn -0.293182 -0.006525 0.956034
vn -0.397867 -0.008855 0.917400
vn -0.469067 -0.010440 0.883101
vn -0.509667 -0.011344 0.860297
vn -0.522791 -0.011636 0.852381
vn 0.512795 -0.011719 0.858431
vn 0.478621 -0.057573 0.876132
vn 0.435666 -0.124412 0.891469
vn 0.363182 -0.186142 0.912935
vn 0.261732 -0.237895 0.935362
vn 0.135923 -0.273692 0.952165
vn -0.003873 -0.288190 0.957565
vn -0.142968 -0.279139 0.949548
vn -0.267056 -0.248548 0.931078
vn -0.366548 -0.201406 0.908338
vn -0.437442 -0.143287 0.887757
vn -0.479337 -0.078735 0.874092
vn -0.472088 -0.034245 0.880886
vn 0.440075 -0.034882 0.897283
vn 0.381924 -0.123290 0.915933
vn 0.337905 -0.245073 0.908713
vn 0.270633 -0.346978 0.897978
vn 0.186561 -0.422807 0.886808
vn 0.092227 -0.469487 0.878109
vn -0.006531 -0.485999 0.873935
vn -0.104557 -0.472310 0.875209
vn -0.196888 -0.428860 0.881654
vn -0.278199 -0.356768 0.891808
vn -0.342593 -0.258678 0.903170
vn -0.384083 -0.139866 0.912643
vn -0.352183 -0.054361 0.934351
vn 0.294663 -0.055504 0.953988
vn 0.215350 -0.175794 0.960584
vn 0.183558 -0.331955 0.925263
vn 0.140292 -0.449888 0.881997
vn 0.091889 -0.528745 0.843792
vn 0.041994 -0.573217 0.818327
vn -0.007899 -0.587789 0.808975
vn -0.057313 -0.574261 0.816664
vn -0.105762 -0.531163 0.840643
vn -0.151754 -0.454258 0.877850
vn -0.191728 -0.338802 0.921116
vn -0.219589 -0.184970 0.957897
vn -0.158155 -0.067606 0.985097
vn 0.118928 -0.101675 0.987683
vn 0.072033 -0.259844 0.962960
vn 0.058419 -0.411674 0.909457
vn 0.042141 -0.516948 0.854979
vn 0.025192 -0.581653 0.813047
vn 0.008343 -0.613741 0.789464
vn -0.008307 -0.618158 0.786010
vn -0.024877 -0.595639 0.802867
vn -0.041352 -0.542616 0.838962
vn -0.057185 -0.451869 0.890249
vn -0.070777 -0.315824 0.946174
vn -0.079278 -0.135555 0.987593
vn 0.000000 0.000000 1.000000
vn 0.000000 0.000000 1.000000
vn 0.081132 0.157770 0.984137
vn 0.071392 0.362303 0.929322
vn 0.056654 0.509137 0.858819
vn 0.040357 0.602268 0.797273
vn 0.024041 0.654672 0.755531
vn 0.007993 0.676457 0.736439
vn -0.008035 0.672208 0.740319
vn -0.024411 0.641004 0.767149
vn -0.041313 0.576360 0.816151
vn -0.058220 0.466599 0.882551
vn -0.073073 0.299785 0.951204
vn -0.121860 0.118485 0.985450
vn 0.162176 0.078843 0.983607
vn 0.223829 0.214427 0.950748
vn 0.192723 0.387317 0.901578
vn 0.150214 0.511384 0.846121
vn 0.103403 0.590612 0.800303
vn 0.055609 0.633695 0.771582
vn 0.007645 0.647023 0.762432
vn -0.040755 0.632690 0.773332
vn -0.089883 0.588213 0.803696
vn -0.138974 0.506847 0.850760
vn -0.184673 0.379825 0.906437
vn -0.219650 0.203922 0.954028
vn -0.301727 0.064637 0.951201
vn 0.360270 0.063244 0.930702
vn 0.391481 0.162133 0.905790
vn 0.346540 0.297583 0.889581
vn 0.278740 0.406540 0.870074
vn 0.195556 0.484439 0.852688
vn 0.103237 0.530370 0.841457
vn 0.006436 0.544690 0.838613
vn -0.091108 0.527469 0.844675
vn -0.185480 0.478070 0.858514
vn -0.271514 0.395900 0.877236
vn -0.342242 0.282297 0.896202
vn -0.389603 0.143037 0.909808
vn -0.449473 0.040518 0.892375
vn 0.481793 0.039747 0.875383
vn 0.488658 0.091287 0.867686
vn 0.445266 0.165874 0.879900
vn 0.372340 0.232677 0.898457
vn 0.270709 0.286539 0.919028
vn 0.144706 0.321323 0.935848
vn 0.003918 0.331620 0.943405
vn -0.137656 0.315237 0.938976
vn -0.265578 0.274531 0.924176
vn -0.369334 0.215284 0.904016
vn -0.443877 0.144160 0.884416
vn -0.488191 0.066786 0.870178
vn -0.522869 0.013589 0.852305
vn 0.532913 0.013490 0.846063
vn 0.519725 0.013156 0.854232
vn 0.478839 0.012121 0.877819
vn 0.406837 0.010298 0.913443
vn 0.300383 0.007604 0.953788
vn 0.160898 0.004073 0.986963
vn 0.000000 0.000000 1.000000
vn -0.160898 -0.004073 0.986963
vn -0.300383 -0.007604 0.953788
vn -0.406837 -0.010298 0.913443
vn -0.478839 -0.012121 0.877819
vn -0.519725 -0.013156 0.854232
vn -0.532913 -0.013490 0.846063
vn 0.522869 -0.013589 0.852305
vn 0.488191 -0.066786 0.870178
vn 0.443877 -0.144160 0.884416
vn 0.369334 -0.215284 0.904016
vn 0.265578 -0.274531 0.924176
vn 0.137656 -0.315237 0.938976
vn -0.003918 -0.331620 0.943405
vn -0.144706 -0.321323 0.935848
vn -0.270709 -0.286539 0.919028
vn -0.372340 -0.232677 0.898457
vn -0.445266 -0.165874 0.879900
vn -0.488658 -0.091287 0.867686
vn -0.481793 -0.039747 0.875383
vn 0.449473 -0.040518 0.892375
vn 0.389603 -0.143037 0.909808
vn 0.342242 -0.282297 0.896202
vn 0.271514 -0.395900 0.877236
vn 0.185480 -0.478070 0.858514
vn 0.091108 -0.527469 0.844675
vn -0.006436 -0.544690 0.838613
vn -0.103237 -0.530370 0.841457
vn -0.195556 -0.484439 0.852688
vn -0.278740 -0.406540 0.870074
vn -0.346540 -0.297583 0.889581
vn -0.391481 -0.162133 0.905790
vn -0.360270 -0.063244 0.930702
vn 0.301727 -0.064637 0.951201
vn 0.219650 -0.203922 0.954028
vn 0.184673 -0.379825 0.906437
vn 0.138974 -0.506847 0.850760
vn 0.089883 -0.588213 0.803696
vn 0.040755 -0.632690 0.773332
vn -0.007645 -0.647023 0.762432
vn -0.055609 -0.633695 0.771582
vn -0.103403 -0.590612 0.800303
vn -0.150214 -0.511384 0.846121
vn -0.192723 -0.387317 0.901578
vn -0.223829 -0.214427 0.950748
vn -0.162176 -0.078843 0.983607
vn 0.121860 -0.118485 0.985450
vn 0.073073 -0.299785 0.951204
vn 0.058220 -0.466599 0.882551
vn 0.041313 -0.576360 0.816151
vn 0.024411 -0.641004 0.767149
vn 0.008035 -0.672208 0.740319
vn -0.007993 -0.676457 0.736439
vn -0.024041 -0.654672 0.755531
vn -0.040357 -0.602268 0.797273
vn -0.056654 -0.509137 0.858819
vn -0.071392 -0.362303 0.929322
vn -0.081132 -0.157770 0.984137
vn 0.000000 0.000000 1.000000
vn 0.000000 0.000000 1.000000
vn 0.102882 0.182896 0.977734
vn 0.088899 0.412434 0.906640
vn 0.069082 0.567538 0.820444
vn 0.048411 0.660464 0.749296
vn 0.028549 0.710701 0.702914
vn 0.009450 0.731143 0.682159
vn -0.009508 0.727197 0.686363
vn -0.029068 0.697797 0.715706
vn -0.049800 0.635143 0.770788
vn -0.071478 0.523691 0.848904
vn -0.091641 0.343696 0.934599
vn -0.154431 0.137268 0.978421
vn 0.205081 0.091145 0.974492
vn 0.279054 0.244390 0.928656
vn 0.236967 0.435362 0.868508
vn 0.182087 0.566690 0.803559
vn 0.124003 0.647489 0.751919
vn 0.066271 0.690380 0.720405
vn 0.009094 0.703594 0.710544
vn -0.048598 0.689694 0.722468
vn -0.107917 0.645618 0.755997
vn -0.168744 0.562605 0.809321
vn -0.227490 0.427733 0.874810
vn -0.274204 0.232722 0.933088
vn -0.374276 0.073298 0.924416
vn 0.441850 0.070909 0.894282
vn 0.475149 0.179896 0.861319
vn 0.420292 0.329940 0.845278
vn 0.337900 0.450528 0.826346
vn 0.237032 0.536791 0.809735
vn 0.125161 0.587819 0.799252
vn 0.007807 0.603994 0.796951
vn -0.110586 0.585289 0.803248
vn -0.225290 0.530844 0.816976
vn -0.329972 0.439847 0.835256
vn -0.416031 0.313711 0.853524
vn -0.473519 0.158925 0.866327
vn -0.540243 0.044521 0.840331
vn 0.574294 0.043312 0.817503
vn 0.580800 0.099188 0.807981
vn 0.533536 0.181699 0.826029
vn 0.451740 0.258067 0.854010
vn 0.333137 0.322354 0.886063
vn 0.180207 0.365810 0.913076
vn 0.004905 0.379477 0.925188
vn -0.171644 0.359336 0.917287
vn -0.327456 0.309445 0.892758
vn -0.448949 0.239233 0.860937
vn -0.532627 0.158137 0.831445
vn -0.580669 0.072620 0.810894
vn -0.616449 0.014646 0.787258
vn 0.626511 0.014498 0.779278
vn 0.613284 0.014192 0.789735
vn 0.571347 0.013221 0.820602
vn 0.494178 0.011436 0.869285
vn 0.372961 0.008631 0.927807
vn 0.203715 0.004714 0.979019
vn -0.000000 -0.000000 1.000000
vn -0.203715 -0.004714 0.979019
vn -0.372961 -0.008631 0.927807
vn -0.494178 -0.011436 0.869285
vn -0.571347 -0.013221 0.820602
vn -0.613284 -0.014192 0.789735
vn -0.626511 -0.014498 0.779278
vn 0.616449 -0.014646 0.787258
vn 0.580669 -0.072620 0.810894
vn 0.532627 -0.158137 0.831445
vn 0.448949 -0.239233 0.860937
vn 0.327456 -0.309445 0.892758
vn 0.171644 -0.359336 0.917287
vn -0.004905 -0.379477 0.925188
vn -0.180207 -0.365810 0.913076
vn -0.333137 -0.322354 0.886063
vn -0.451740 -0.258067 0.854010
vn -0.533536 -0.181699 0.826029
vn -0.580800 -0.099188 0.807981
vn -0.574294 -0.043312 0.817503
vn 0.540243 -0.044521 0.840331
vn 0.473519 -0.158925 0.866327
vn 0.416031 -0.313711 0.853524
vn 0.329972 -0.439847 0.835256
vn 0.225290 -0.530844 0.816976
vn 0.110586 -0.585289 0.803248
vn -0.007807 -0.603994 0.796951
vn -0.125161 -0.587819 0.799252
vn -0.237032 -0.536791 0.809735
vn -0.337900 -0.450528 0.826346
vn -0.420292 -0.329940 0.845278
vn -0.475149 -0.179896 0.861319
vn -0.441850 -0.070909 0.894282
vn 0.374276 -0.073298 0.924416
vn 0.274204 -0.232722 0.933088
vn 0.227490 -0.427733 0.874810
vn 0.168744 -0.562605 0.809321
vn 0.107917 -0.645618 0.755997
vn 0.048598 -0.689694 0.722468
vn -0.009094 -0.703594 0.710544
vn -0.066271 -0.690380 0.720405
vn -0.124003 -0.647489 0.751919
vn -0.182087 -0.566690 0.803559
vn -0.236967 -0.435362 0.868508
vn -0.279054 -0.244390 0.928656
vn -0.205081 -0.091145 0.974492
vn 0.154431 -0.137268 0.978421
vn 0.091641 -0.343696 0.934599
vn 0.071478 -0.523691 0.848904
vn 0.049800 -0.635143 0.770788
vn 0.029068 -0.697797 0.715706
vn 0.009508 -0.727197 0.686363
vn -0.009450 -0.731143 0.682159
vn -0.028549 -0.710701 0.702914
vn -0.048411 -0.660464 0.749296
vn -0.069082 -0.567538 0.820444
vn -0.088899 -0.412434 0.906640
vn -0.102882 -0.182896 0.977734
vn 0.000000 0.000000 1.000000
f 1/1/1 2/2/2 14/14/14
f 2/2/2 15/15/15 14/14/14
f 2/2/2 3/3/3 15/15/15
f 3/3/3 16/16/16 15/15/15
f 3/3/3 4/4/4 16/16/16
f 4/4/4 17/17/17 16/16/16
f 4/4/4 5/5/5 17/17/17
f 5/5/5 18/18/18 17/17/17
f 5/5/5 6/6/6 18/18/18
f 6/6/6 19/19/19 18/18/18
f 6/6/6 7/7/7 19/19/19
f 7/7/7 20/20/20 19/19/19
f 7/7/7 8/8/8 20/20/20
f 8/8/8 21/21/21 20/20/20
f 8/8/8 9/9/9 21/21/21
f 9/9/9 22/22/22 21/21/21
f 9/9/9 10/10/10 22/22/22
f 10/10/10 23/23/23 22/22/22
f 10/10/10 11/11/11 23/23/23
f 11/11/11 24/24/24 23/23/23
f 11/11/11 12/12/12 24/24/24
f 12/12/12 25/25/25 24/24/24
f 12/12/12 13/13/13 25/25/25
f 13/13/13 26/26/26 25/25/25
f 14/14/14 15/15/15 27/27/27
f 15/15/15 28/28/28 27/27/27
f 15/15/15 16/16/16 28/28/28
f 16/16/16 29/29/29 28/28/28
f 16/16/16 17/17/17 29/29/29
f 17/17/17 30/30/30 29/29/29
f 17/17/17 18/18/18 30/30/30
f 18/18/18 31/31/31 30/30/30
f 18/18/18 19/19/19 31/31/31
f 19/19/19 32/32/32 31/31/31
f 19/19/19 20/20/20 32/32/32
f 20/20/20 33/33/33 32/32/32
f 20/20/20 21/21/21 33/33/33
f 21/21/21 34/34/34 33/33/33
f 21/21/21 22/22/22 34/34/34
f 22/22/22 35/35/35 34/34/34
f 22/22/22 23/23/23 35/35/35
f 23/23/23 36/36/36 35/35/35
f 23/23/23 24/24/24 36/36/36
f 24/24/24 37/37/37 36/36/36
f 24/24/24 25/25/25 37/37/37
f 25/25/25 38/38/38 37/37/37
f 25/25/25 26/26/26 38/38/38
f 26/26/26 39/39/39 38/38/38
f 27/27/27 28/28/28 40/40/40
f 28/28/28 41/41/41 40/40/40
f 28/28/28 29/29/29 41/41/41
f 29/29/29 42/42/42 41/41/41
f 29/29/29 30/30/30 42/42/42
f 30/30/30 43/43/43 42/42/42
f 30/30/30 31/31/31 43/43/43
f 31/31/31 44/44/44 43/43/43
f 31/31/31 32/32/32 44/44/44
f 32/32/32 45/45/45 44/44/44
f 32/32/32 33/33/33 45/45/45
f 33/33/33 46/46/46 45/45/45
f 33/33/33 34/34/34 46/46/46
f 34/34/34 47/47/47 46/46/46
f 34/34/34 35/35/35 47/47/47
f 35/35/35 48/48/48 47/47/47
f 35/35/35 36/36/36 48/48/48
f 36/36/36 49/49/49 48/48/48
f 36/36/36 37/37/37 49/49/49
f 37/37/37 50/50/50 49/49/49
f 37/37/37 38/38/38 50/50/50
f 38/38/38 51/51/51 50/50/50
f 38/38/38 39/39/39 51/51/51
f 39/39/39 52/52/52 51/51/51
f 40/40/40 41/41/41 53/53/53
f 41/41/41 54/54/54 53/53/53
f 41/41/41 42/42/42 54/54/54
f 42/42/42 55/55/55 54/54/54
f 42/42/42 43/43/43 55/55/55
f 43/43/43 56/56/56 55/55/55
f 43/43/43 44/44/44 56/56/56
f 44/44/44 57/57/57 56/56/56
f 44/44/44 45/45/45 57/57/57
f 45/45/45 58/58/58 57/57/57
f 45/45/45 46/46/46 58/58/58
f 46/46/46 59/59/59 58/58/58
f 46/46/46 47/47/47 59/59/59
f 47/47/47 60/60/60 59/59/59
f 47/47/47 48/48/48 60/60/60
f 48/48/48 61/61/61 60/60/60
f 48/48/48 49/49/49 61/61/61
f 49/49/49 62/62/62 61/61/61
f 49/49/49 50/50/50 62/62/62
f 50/50/50 63/63/63 62/62/62
f 50/50/50 51/51/51 63/63/63
f 51/51/51 64/64/64 63/63/63
f 51/51/51 52/52/52 64/64/64
f 52/52/52 65/65/65 64/64/64
f 53/53/53 54/54/54 66/66/66
f 54/54/54 67/67/67 66/66/66
f 54/54/54 55/55/55 67/67/67
f 55/55/55 68/68/68 67/67/67
f 55/55/55 56/56/56 68/68/68
f 56/56/56 69/69/69 68/68/68
f 56/56/56 57/57/57 69/69/69
f 57/57/57 70/70/70 69/69/69
f 57/57/57 58/58/58 70/70/70
f 58/58/58 71/71/71 70/70/70
f 58/58/58 59/59/59 71/71/71
f 59/59/59 72/72/72 71/71/71
f 59/59/59 60/60/60 72/72/72
f 60/60/60 73/73/73 72/72/72
f 60/60/60 61/61/61 73/73/73
f 61/61/61 74/74/74 73/73/73
f 61/61/61 62/62/62 74/74/74
f 62/62/62 75/75/75 74/74/74
f 62/62/62 63/63/63 75/75/75
f 63/63/63 76/76/76 75/75/75
f 63/63/63 64/64/64 76/76/76
f 64/64/64 77/77/77 76/76/76
f 64/64/64 65/65/65 77/77/77
f 65/65/65 78/78/78 77/77/77
f 66/66/66 67/67/67 79/79/79
f 67/67/67 80/80/80 79/79/79
f 67/67/67 68/68/68 80/80/80
f 68/68/68 81/81/81 80/80/80
f 68/68/68 69/69/69 81/81/81
f 69/69/69 82/82/82 81/81/81
f 69/69/69 70/70/70 82/82/82
f 70/70/70 83/83/83 82/82/82
f 70/70/70 71/71/71 83/83/83
f 71/71/71 84/84/84 83/83/83
f 71/71/71 72/72/72 84/84/84
f 72/72/72 85/85/85 84/84/84
f 72/72/72 73/73/73 85/85/85
f 73/73/73 86/86/86 85/85/85
f 73/73/73 74/74/74 86/86/86
f 74/74/74 87/87/87 86/86/86
f 74/74/74 75/75/75 87/87/87
f 75/75/75 88/88/88 87/87/87
f 75/75/75 76/76/76 88/88/88
f 76/76/76 89/89/89 88/88/88
f 76/76/76 77/77/77 89/89/89
f 77/77/77 90/90/90 89/89/89
f 77/77/77 78/78/78 90/90/90
f 78/78/78 91/91/91 90/90/90
f 79/79/79 80/80/80 92/92/92
f 80/80/80 93/93/93 92/92/92
f 80/80/80 81/81/81 93/93/93
f 81/81/81 94/94/94 93/93/93
f 81/81/81 82/82/82 94/94/94
f 82/82/82 95/95/95 94/94/94
f 82/82/82 83/83/83 95/95/95
f 83/83/83 96/96/96 95/95/95
f 83/83/83 84/84/84 96/96/96
f 84/84/84 97/97/97 96/96/96
f 84/84/84 85/85/85 97/97/97
f 85/85/85 98/98/98 97/97/97
f 85/85/85 86/86/86 98/98/98
f 86/86/86 99/99/99 98/98/98
f 86/86/86 87/87/87 99/99/99
f 87/87/87 100/100/100 99/99/99
f 87/87/87 88/88/88 100/100/100
f 88/88/88 101/101/101 100/100/100
f 88/88/88 89/89/89 101/101/101
f 89/89/89 102/102/102 101/101/101
f 89/89/89 90/90/90 102/102/102
f 90/90/90 103/103/103 102/102/102
f 90/90/90 91/91/91 103/103/103
f 91/91/91 104/104/104 103/103/103
f 92/92/92 93/93/93 105/105/105
f 93/93/93 106/106/106 105/105/105
f 93/93/93 94/94/94 106/106/106
f 94/94/94 107/107/107 106/106/106
f 94/94/94 95/95/95 107/107/107
f 95/95/95 108/108/108 107/107/107
f 95/95/95 96/96/96 108/108/108
f 96/96/96 109/109/109 108/108/108
f 96/96/96 97/97/97 109/109/109
f 97/97/97 110/110/110 109/109/109
f 97/97/97 98/98/98 110/110/110
f 98/98/98 111/111/111 110/110/110
f 98/98/98 99/99/99 111/111/111
f 99/99/99 112/112/112 111/111/111
f 99/99/99 100/100/100 112/112/112
f 100/100/100 113/113/113 112/112/112
f 100/100/100 101/101/101 113/113/113
f 101/101/101 114/114/114 113/113/113
f 101/101/101 102/102/102 114/114/114
f 102/102/102 115/115/115 114/114/114
f 102/102/102 103/103/103 115/115/115
f 103/103/103 116/116/116 115/115/115
f 103/103/103 104/104/104 116/116/116
f 104/104/104 117/117/117 116/116/116
f 118/118/118 119/119/119 131/131/131
f 119/119/119 132/132/132 131/131/131
f 119/119/119 120/120/120 132/132/132
f 120/120/120 133/133/133 132/132/132
f 120/120/120 121/121/121 133/133/133
f 121/121/121 134/134/134 133/133/133
f 121/121/121 122/122/122 134/134/134
f 122/122/122 135/135/135 134/134/134
f 122/122/122 123/123/123 135/135/135
f 123/123/123 136/136/136 135/135/135
f 123/123/123 124/124/124 136/136/136
f 124/124/124 137/137/137 136/136/136
f 124/124/124 125/125/125 137/137/137
f 125/125/125 138/138/138 137/137/137
f 125/125/125 126/126/126 138/138/138
f 126/126/126 139/139/139 138/138/138
f 126/126/126 127/127/127 139/139/139
f 127/127/127 140/140/140 139/139/139
f 127/127/127 128/128/128 140/140/140
f 128/128/128 141/141/141 140/140/140
f 128/128/128 129/129/129 141/141/141
f 129/129/129 142/142/142 141/141/141
f 129/129/129 130/130/130 142/142/142
f 130/130/130 143/143/143 142/142/142
f 131/131/131 132/132/132 144/144/144
f 132/132/132 145/145/145 144/144/144
f 132/132/132 133/133/133 145/145/145
f 133/133/133 146/146/146 145/145/145
f 133/133/133 134/134/134 146/146/146
f 134/134/134 147/147/147 146/146/146
f 134/134/134 135/135/135 147/147/147
f 135/135/135 148/148/148 147/147/147
f 135/135/135 136/136/136 148/148/148
f 136/136/136 149/149/149 148/148/148
f 136/136/136 137/137/137 149/149/149
f 137/137/137 150/150/150 149/149/149
f 137/137/137 138/138/138 150/150/150
f 138/138/138 151/151/151 150/150/150
f 138/138/138 139/139/139 151/151/151
f 139/139/139 152/152/152 151/151/151
f 139/139/139 140/140/140 152/152/152
f 140/140/140 153/153/153 152/152/152
f 140/140/140 141/141/141 153/153/153
f 141/141/141 154/154/154 153/153/153
f 141/141/141 142/142/142 154/154/154
f 142/142/142 155/155/155 154/154/154
f 142/142/142 143/143/143 155/155/155
f 143/143/143 156/156/156 155/155/155
f 144/144/144 145/145/145 157/157/157
f 145/145/145 158/158/158 157/157/157
f 145/145/145 146/146/146 158/158/158
f 146/146/146 159/159/159 158/158/158
f 146/146/146 147/147/147 159/159/159
f 147/147/147 160/160/160 159/159/159
f 147/147/147 148/148/148 160/160/160
f 148/148/148 161/161/161 160/160/160
f 148/148/148 149/149/149 161/161/161
f 149/149/149 162/162/162 161/161/161
f 149/149/149 150/150/150 162/162/162
f 150/150/150 163/163/163 162/162/162
f 150/150/150 151/151/151 163/163/163
f 151/151/151 164/164/164 163/163/163
f 151/151/151 152/152/152 164/164/164
f 152/152/152 165/165/165 164/164/164
f 152/152/152 153/153/153 165/165/165
f 153/153/153 166/166/166 165/165/165
f 153/153/153 154/154/154 166/166/166
f 154/154/154 167/167/167 166/166/166
f 154/154/154 155/155/155 167/167/167
f 155/155/155 168/168/168 167/167/167
f 155/155/155 156/156/156 168/168/168
f 156/156/156 169/169/169 168/168/168
f 157/157/157 158/158/158 170/170/170
f 158/158/158 171/171/171 170/170/170
f 158/158/158 159/159/159 171/171/171
f 159/159/159 172/172/172 171/171/171
f 159/159/159 160/160/160 172/172/172
f 160/160/160 173/173/173 172/172/172
f 160/160/160 161/161/161 173/173/173
f 161/161/161 174/174/174 173/173/173
f 161/161/161 162/162/162 174/174/174
f 162/162/162 175/175/175 174/174/174
f 162/162/162 163/163/163 175/175/175
f 163/163/163 176/176/176 175/175/175
f 163/163/163 164/164/164 176/176/176
f 164/164/164 177/177/177 176/176/176
f 164/164/164 165/165/165 177/177/177
f 165/165/165 178/178/178 177/177/177
f 165/165/165 166/166/166 178/178/178
f 166/166/166 179/179/179 178/178/178
f 166/166/166 167/167/167 179/179/179
f 167/167/167 180/180/180 179/179/179
f 167/167/167 168/168/168 180/180/180
f 168/168/168 181/181/181 180/180/180
f 168/168/168 169/169/169 181/181/181
f 169/169/169 182/182/182 181/181/181
f 170/170/170 171/171/171 183/183/183
f 171/171/171 184/184/184 183/183/183
f 171/171/171 172/172/172 184/184/184
f 172/172/172 185/185/185 184/184/184
f 172/172/172 173/173/173 185/185/185
f 173/173/173 186/186/186 185/185/185
f 173/173/173 174/174/174 186/186/186
f 174/174/174 187/187/187 186/186/186
f 174/174/174 175/175/175 187/187/187
f 175/175/175 188/188/188 187/187/187
f 175/175/175 176/176/176 188/188/188
f 176/176/176 189/189/189 188/188/188
f 176/176/176 177/177/177 189/189/189
f 177/177/177 190/190/190 189/189/189
f 177/177/177 178/178/178 190/190/190
f 178/178/178 191/191/191 190/190/190
f 178/178/178 179/179/179 191/191/191
f 179/179/179 192/192/192 191/191/191
f 179/179/179 180/180/180 192/192/192
f 180/180/180 193/193/193 192/192/192
f 180/180/180 181/181/181 193/193/193
f 181/181/181 194/194/194 193/193/193
f 181/181/181 182/182/182 194/194/194
f 182/182/182 195/195/195 194/194/194
f 183/183/183 184/184/184 196/196/196
f 184/184/184 197/197/197 196/196/196
f 184/184/184 185/185/185 197/197/197
f 185/185/185 198/198/198 197/197/197
f 185/185/185 186/186/186 198/198/198
f 186/186/186 199/199/199 198/198/198
f 186/186/186 187/187/187 199/199/199
f 187/187/187 200/200/200 199/199/199
f 187/187/187 188/188/188 200/200/200
f 188/188/188 201/201/201 200/200/200
f 188/188/188 189/189/189 201/201/201
f 189/189/189 202/202/202 201/201/201
f 189/189/189 190/190/190 202/202/202
f 190/190/190 203/203/203 202/202/202
f 190/190/190 191/191/191 203/203/203
f 191/191/191 204/204/204 203/203/203
f 191/191/191 192/192/192 204/204/204
f 192/192/192 205/205/205 204/204/204
f 192/192/192 193/193/193 205/205/205
f 193/193/193 206/206/206 205/205/205
f 193/193/193 194/194/194 206/206/206
f 194/194/194 207/207/207 206/206/206
f 194/194/194 195/195/195 207/207/207
f 195/195/195 208/208/208 207/207/207
f 196/196/196 197/197/197 209/209/209
f 197/197/197 210/210/210 209/209/209
f 197/197/197 198/198/198 210/210/210
f 198/198/198 211/211/211 210/210/210
f 198/198/198 199/199/199 211/211/211
f 199/199/199 212/212/212 211/211/211
f 199/199/199 200/200/200 212/212/212
f 200/200/200 213/213/213 212/212/212
f 200/200/200 201/201/201 213/213/213
f 201/201/201 214/214/214 213/213/213
f 201/201/201 202/202/202 214/214/214
f 202/202/202 215/215/215 214/214/214
f 202/202/202 203/203/203 215/215/215
f 203/203/203 216/216/216 215/215/215
f 203/203/203 204/204/204 216/216/216
f 204/204/204 217/217/217 216/216/216
f 204/204/204 205/205/205 217/217/217
f 205/205/205 218/218/218 217/217/217
f 205/205/205 206/206/206 218/218/218
f 206/206/206 219/219/219 218/218/218
f 206/206/206 207/207/207 219/219/219
f 207/207/207 220/220/220 219/219/219
f 207/207/207 208/208/208 220/220/220
f 208/208/208 221/221/221 220/220/220
f 209/209/209 210/210/210 222/222/222
f 210/210/210 223/223/223 222/222/222
f 210/210/210 211/211/211 223/223/223
f 211/211/211 224/224/224 223/223/223
f 211/211/211 212/212/212 224/224/224
f 212/212/212 225/225/225 224/224/224
f 212/212/212 213/213/213 225/225/225
f 213/213/213 226/226/226 225/225/225
f 213/213/213 214/214/214 226/226/226
f 214/214/214 227/227/227 226/226/226
f 214/214/214 215/215/215 227/227/227
f 215/215/215 228/228/228 227/227/227
f 215/215/215 216/216/216 228/228/228
f 216/216/216 229/229/229 228/228/228
f 216/216/216 217/217/217 229/229/229
f 217/217/217 230/230/230 229/229/229
f 217/217/217 218/218/218 230/230/230
f 218/218/218 231/231/231 230/230/230
f 218/218/218 219/219/219 231/231/231
f 219/219/219 232/232/232 231/231/231
f 219/219/219 220/220/220 232/232/232
f 220/220/220 233/233/233 232/232/232
f 220/220/220 221/221/221 233/233/233
f 221/221/221 234/234/234 233/233/233
f 235/235/235 236/236/236 248/248/248
f 236/236/236 249/249/249 248/248/248
f 236/236/236 237/237/237 249/249/249
f 237/237/237 250/250/250 249/249/249
f 237/237/237 238/238/238 250/250/250
f 238/238/238 251/251/251 250/250/250
f 238/238/238 239/239/239 251/251/251
f 239/239/239 252/252/252 251/251/251
f 239/239/239 240/240/240 252/252/252
f 240/240/240 253/253/253 252/252/252
f 240/240/240 241/241/241 253/253/253
f 241/241/241 254/254/254 253/253/253
f 241/241/241 242/242/242 254/254/254
f 242/242/242 255/255/255 254/254/254
f 242/242/242 243/243/243 255/255/255
f 243/243/243 256/256/256 255/255/255
f 243/243/243 244/244/244 256/256/256
f 244/244/244 257/257/257 256/256/256
f 244/244/244 245/245/245 257/257/257
f 245/245/245 258/258/258 257/257/257
f 245/245/245 246/246/246 258/258/258
f 246/246/246 259/259/259 258/258/258
f 246/246/246 247/247/247 259/259/259
f 247/247/247 260/260/260 259/259/259
f 248/248/248 249/249/249 261/261/261
f 249/249/249 262/262/262 261/261/261
f 249/249/249 250/250/250 262/262/262
f 250/250/250 263/263/263 262/262/262
f 250/250/250 251/251/251 263/263/263
f 251/251/251 264/264/264 263/263/263
f 251/251/251 252/252/252 264/264/264
f 252/252/252 265/265/265 264/264/264
f 252/252/252 253/253/253 265/265/265
f 253/253/253 266/266/266 265/265/265
f 253/253/253 254/254/254 266/266/266
f 254/254/254 267/267/267 266/266/266
f 254/254/254 255/255/255 267/267/267
f 255/255/255 268/268/268 267/267/267
f 255/255/255 256/256/256 268/268/268
f 256/256/256 269/269/269 268/268/268
f 256/256/256 257/257/257 269/269/269
f 257/257/257 270/270/270 269/269/269
f 257/257/257 258/258/258 270/270/270
f 258/258/258 271/271/271 270/270/270
f 258/258/258 259/259/259 271/271/271
f 259/259/259 272/272/272 271/271/271
f 259/259/259 260/260/260 272/272/272
f 260/260/260 273/273/273 272/272/272
f 261/261/261 262/262/262 274/274/274
f 262/262/262 275/275/275 274/274/274
f 262/262/262 263/263/263 275/275/275
f 263/263/263 276/276/276 275/275/275
f 263/263/263 264/264/264 276/276/276
f 264/264/264 277/277/277 276/276/276
f 264/264/264 265/265/265 277/277/277
f 265/265/265 278/278/278 277/277/277
f 265/265/265 266/266/266 278/278/278
f 266/266/266 279/279/279 278/278/278
f 266/266/266 267/267/267 279/279/279
f 267/267/267 280/280/280 279/279/279
f 267/267/267 268/268/268 280/280/280
f 268/268/268 281/281/281 280/280/280
f 268/268/268 269/269/269 281/281/281
f 269/269/269 282/282/282 281/281/281
f 269/269/269 270/270/270 282/282/282
f 270/270/270 283/283/283 282/282/282
f 270/270/270 271/271/271 283/283/283
f 271/271/271 284/284/284 283/283/283
f 271/271/271 272/272/272 284/284/284
f 272/272/272 285/285/285 284/284/284
f 272/272/272 273/273/273 285/285/285
f 273/273/273 286/286/286 285/285/285
f 274/274/274 275/275/275 287/287/287
f 275/275/275 288/288/288 287/287/287
f 275/275/275 276/276/276 288/288/288
f 276/276/276 289/289/289 288/288/288
f 276/276/276 277/277/277 289/289/289
f 277/277/277 290/290/290 289/289/289
f 277/277/277 278/278/278 290/290/290
f 278/278/278 291/291/291 290/290/290
f 278/278/278 279/279/279 291/291/291
f 279/279/279 292/292/292 291/291/291
f 279/279/279 280/280/280 292/292/292
f 280/280/280 293/293/293 292/292/292
f 280/280/280 281/281/281 293/293/293
f 281/281/281 294/294/294 293/293/293
f 281/281/281 282/282/282 294/294/294
f 282/282/282 295/295/295 294/294/294
f 282/282/282 283/283/283 295/295/295
f 283/283/283 296/296/296 295/295/295
f 283/283/283 284/284/284 296/296/296
f 284/284/284 297/297/297 296/296/296
f 284/284/284 285/285/285 297/297/297
f 285/285/285 298/298/298 297/297/297
f 285/285/285 286/286/286 298/298/298
f 286/286/286 299/299/299 298/298/298
f 287/287/287 288/288/288 300/300/300
f 288/288/288 301/301/301 300/300/300
f 288/288/288 289/289/289 301/301/301
f 289/289/289 302/302/302 301/301/301
f 289/289/289 290/290/290 302/302/302
f 290/290/290 303/303/303 302/302/302
f 290/290/290 291/291/291 303/303/303
f 291/291/291 304/304/304 303/303/303
f 291/291/291 292/292/292 304/304/304
f 292/292/292 305/305/305 304/304/304
f 292/292/292 293/293/293 305/305/305
f 293/293/293 306/306/306 305/305/305
f 293/293/293 294/294/294 306/306/306
f 294/294/294 307/307/307 306/306/306
f 294/294/294 295/295/295 307/307/307
f 295/295/295 308/308/308 307/307/307
f 295/295/295 296/296/296 308/308/308
f 296/296/296 309/309/309 308/308/308
f 296/296/296 297/297/297 309/309/309
f 297/297/297 310/310/310 309/309/309
f 297/297/297 298/298/298 310/310/310
f 298/298/298 311/311/311 310/310/310
f 298/298/298 299/299/299 311/311/311
f 299/299/299 312/312/312 311/311/311
f 300/300/300 301/301/301 313/313/313
f 301/301/301 314/314/314 313/313/313
f 301/301/301 302/302/302 314/314/314
f 302/302/302 315/315/315 314/314/314
f 302/302/302 303/303/303 315/315/315
f 303/303/303 316/316/316 315/315/315
f 303/303/303 304/304/304 316/316/316
f 304/304/304 317/317/317 316/316/316
f 304/304/304 305/305/305 317/317/317
f 305/305/305 318/318/318 317/317/317
f 305/305/305 306/306/306 318/318/318
f 306/306/306 319/319/319 318/318/318
f 306/306/306 307/307/307 319/319/319
f 307/307/307 320/320/320 319/319/319
f 307/307/307 308/308/308 320/320/320
f 308/308/308 321/321/321 320/320/320
f 308/308/308 309/309/309 321/321/321
f 309/309/309 322/322/322 321/321/321
f 309/309/309 310/310/310 322/322/322
f 310/310/310 323/323/323 322/322/322
f 310/310/310 311/311/311 323/323/323
f 311/311/311 324/324/324 323/323/323
f 311/311/311 312/312/312 324/324/324
f 312/312/312 325/325/325 324/324/324
f 313/313/313 314/314/314 326/326/326
f 314/314/314 327/327/327 326/326/326
f 314/314/314 315/315/315 327/327/327
f 315/315/315 328/328/328 327/327/327
f 315/315/315 316/316/316 328/328/328
f 316/316/316 329/329/329 328/328/328
f 316/316/316 317/317/317 329/329/329
f 317/317/317 330/330/330 329/329/329
f 317/317/317 318/318/318 330/330/330
f 318/318/318 331/331/331 330/330/330
f 318/318/318 319/319/319 331/331/331
f 319/319/319 332/332/332 331/331/331
f 319/319/319 320/320/320 332/332/332
f 320/320/320 333/333/333 332/332/332
f 320/320/320 321/321/321 333/333/333
f 321/321/321 334/334/334 333/333/333
f 321/321/321 322/322/322 334/334/334
f 322/322/322 335/335/335 334/334/334
f 322/322/322 323/323/323 335/335/335
f 323/323/323 336/336/336 335/335/335
f 323/323/323 324/324/324 336/336/336
f 324/324/324 337/337/337 336/336/336
f 324/324/324 325/325/325 337/337/337
f 325/325/325 338/338/338 337/337/337
f 326/326/326 327/327/327 339/339/339
f 327/327/327 340/340/340 339/339/339
f 327/327/327 328/328/328 340/340/340
f 328/328/328 341/341/341 340/340/340
f 328/328/328 329/329/329 341/341/341
f 329/329/329 342/342/342 341/341/341
f 329/329/329 330/330/330 342/342/342
f 330/330/330 343/343/343 342/342/342
f 330/330/330 331/331/331 343/343/343
f 331/331/331 344/344/344 343/343/343
f 331/331/331 332/332/332 344/344/344
f 332/332/332 345/345/345 344/344/344
f 332/332/332 333/333/333 345/345/345
f 333/333/333 346/346/346 345/345/345
f 333/333/333 334/334/334 346/346/346
f 334/334/334 347/347/347 346/346/346
f 334/334/334 335/335/335 347/347/347
f 335/335/335 348/348/348 347/347/347
f 335/335/335 336/336/336 348/348/348
f 336/336/336 349/349/349 348/348/348
f 336/336/336 337/337/337 349/349/349
f 337/337/337 350/350/350 349/349/349
f 337/337/337 338/338/338 350/350/350
f 338/338/338 351/351/351 350/350/350
f 352/352/352 353/353/353 365/365/365
f 353/353/353 366/366/366 365/365/365
f 353/353/353 354/354/354 366/366/366
f 354/354/354 367/367/367 366/366/366
f 354/354/354 355/355/355 367/367/367
f 355/355/355 368/368/368 367/367/367
f 355/355/355 356/356/356 368/368/368
f 356/356/356 369/369/369 368/368/368
f 356/356/356 357/357/357 369/369/369
f 357/357/357 370/370/370 369/369/369
f 357/357/357 358/358/358 370/370/370
f 358/358/358 371/371/371 370/370/370
f 358/358/358 359/359/359 371/371/371
f 359/359/359 372/372/372 371/371/371
f 359/359/359 360/360/360 372/372/372
f 360/360/360 373/373/373 372/372/372
f 360/360/360 361/361/361 373/373/373
f 361/361/361 374/374/374 373/373/373
f 361/361/361 362/362/362 374/374/374
f 362/362/362 375/375/375 374/374/374
f 362/362/362 363/363/363 375/375/375
f 363/363/363 376/376/376 375/375/375
f 363/363/363 364/364/364 376/376/376
f 364/364/364 377/377/377 376/376/376
f 365/365/365 366/366/366 378/378/378
f 366/366/366 379/379/379 378/378/378
f 366/366/366 367/367/367 379/379/379
f 367/367/367 380/380/380 379/379/379
f 367/367/367 368/368/368 380/380/380
f 368/368/368 381/381/381 380/380/380
f 368/368/368 369/369/369 381/381/381
f 369/369/369 382/382/382 381/381/381
f 369/369/369 370/370/370 382/382/382
f 370/370/370 383/383/383 382/382/382
f 370/370/370 371/371/371 383/383/383
f 371/371/371 384/384/384 383/383/383
f 371/371/371 372/372/372 384/384/384
f 372/372/372 385/385/385 384/384/384
f 372/372/372 373/373/373 385/385/385
f 373/373/373 386/386/386 385/385/385
f 373/373/373 374/374/374 386/386/386
f 374/374/374 387/387/387 386/386/386
f 374/374/374 375/375/375 387/387/387
f 375/375/375 388/388/388 387/387/387
f 375/375/375 376/376/376 388/388/388
f 376/376/376 389/389/389 388/388/388
f 376/376/376 377/377/377 389/389/389
f 377/377/377 390/390/390 389/389/389
f 378/378/378 379/379/379 391/391/391
f 379/379/379 392/392/392 391/391/391
f 379/379/379 380/380/380 392/392/392
f 380/380/380 393/393/393 392/392/392
f 380/380/380 381/381/381 393/393/393
f 381/381/381 394/394/394 393/393/393
f 381/381/381 382/382/382 394/394/394
f 382/382/382 395/395/395 394/394/394
f 382/382/382 383/383/383 395/395/395
f 383/383/383 396/396/396 395/395/395
f 383/383/383 384/384/384 396/396/396
f 384/384/384 397/397/397 396/396/396
f 384/384/384 385/385/385 397/397/397
f 385/385/385 398/398/398 397/397/397
f 385/385/385 386/386/386 398/398/398
f 386/386/386 399/399/399 398/398/398
f 386/386/386 387/387/387 399/399/399
f 387/387/387 400/400/400 399/399/399
f 387/387/387 388/388/388 400/400/400
f 388/388/388 401/401/401 400/400/400
f 388/388/388 389/389/389 401/401/401
f 389/389/389 402/402/402 401/401/401
f 389/389/389 390/390/390 402/402/402
f 390/390/390 403/403/403 402/402/402
f 391/391/391 392/392/392 404/404/404
f 392/392/392 405/405/405 404/404/404
f 392/392/392 393/393/393 405/405/405
f 393/393/393 406/406/406 405/405/405
f 393/393/393 394/394/394 406/406/406
f 394/394/394 407/407/407 406/406/406
f 394/394/394 395/395/395 407/407/407
f 395/395/395 408/408/408 407/407/407
f 395/395/395 396/396/396 408/408/408
f 396/396/396 409/409/409 408/408/408
f 396/396/396 397/397/397 409/409/409
f 397/397/397 410/410/410 409/409/409
f 397/397/397 398/398/398 410/410/410
f 398/398/398 411/411/411 410/410/410
f 398/398/398 399/399/399 411/411/411
f 399/399/399 412/412/412 411/411/411
f 399/399/399 400/400/400 412/412/412
f 400/400/400 413/413/413 412/412/412
f 400/400/400 401/401/401 413/413/413
f 401/401/401 414/414/414 413/413/413
f 401/401/401 402/402/402 414/414/414
f 402/402/402 415/415/415 414/414/414
f 402/402/402 403/403/403 415/415/415
f 403/403/403 416/416/416 415/415/415
f 404/404/404 405/405/405 417/417/417
f 405/405/405 418/418/418 417/417/417
f 405/405/405 406/406/406 418/418/418
f 406/406/406 419/419/419 418/418/418
f 406/406/406 407/407/407 419/419/419
f 407/407/407 420/420/420 419/419/419
f 407/407/407 408/408/408 420/420/420
f 408/408/408 421/421/421 420/420/420
f 408/408/408 409/409/409 421/421/421
f 409/409/409 422/422/422 421/421/421
f 409/409/409 410/410/410 422/422/422
f 410/410/410 423/423/423 422/422/422
f 410/410/410 411/411/411 423/423/423
f 411/411/411 424/424/424 423/423/423
f 411/411/411 412/412/412 424/424/424
f 412/412/412 425/425/425 424/424/424
f 412/412/412 413/413/413 425/425/425
f 413/413/413 426/426/426 425/425/425
f 413/413/413 414/414/414 426/426/426
f 414/414/414 427/427/427 426/426/426
f 414/414/414 415/415/415 427/427/427
f 415/415/415 428/428/428 427/427/427
f 415/415/415 416/416/416 428/428/428
f 416/416/416 429/429/429 428/428/428
f 417/417/417 418/418/418 430/430/430
f 418/418/418 431/431/431 430/430/430
f 418/418/418 419/419/419 431/431/431
f 419/419/419 432/432/432 431/431/431
f 419/419/419 420/420/420 432/432/432
f 420/420/420 433/433/433 432/432/432
f 420/420/420 421/421/421 433/433/433
f 421/421/421 434/434/434 433/433/433
f 421/421/421 422/422/422 434/434/434
f 422/422/422 435/435/435 434/434/434
f 422/422/422 423/423/423 435/435/435
f 423/423/423 436/436/436 435/435/435
f 423/423/423 424/424/424 436/436/436
f 424/424/424 437/437/437 436/436/436
f 424/424/424 425/425/425 437/437/437
f 425/425/425 438/438/438 437/437/437
f 425/425/425 426/426/426 438/438/438
f 426/426/426 439/439/439 438/438/438
f 426/426/426 427/427/427 439/439/439
f 427/427/427 440/440/440 439/439/439
f 427/427/427 428/428/428 440/440/440
f 428/428/428 441/441/441 440/440/440
f 428/428/428 429/429/429 441/441/441
f 429/429/429 442/442/442 441/441/441
f 430/430/430 431/431/431 443/443/443
f 431/431/431 444/444/444 443/443/443
f 431/431/431 432/432/432 444/444/444
f 432/432/432 445/445/445 444/444/444
f 432/432/432 433/433/433 445/445/445
f 433/433/433 446/446/446 445/445/445
f 433/433/433 434/434/434 446/446/446
f 434/434/434 447/447/447 446/446/446
f 434/434/434 435/435/435 447/447/447
f 435/435/435 448/448/448 447/447/447
f 435/435/435 436/436/436 448/448/448
f 436/436/436 449/449/449 448/448/448
f 436/436/436 437/437/437 449/449/449
f 437/437/437 450/450/450 449/449/449
f 437/437/437 438/438/438 450/450/450
f 438/438/438 451/451/451 450/450/450
f 438/438/438 439/439/439 451/451/451
f 439/439/439 452/452/452 451/451/451
f 439/439/439 440/440/440 452/452/452
f 440/440/440 453/453/453 452/452/452
f 440/440/440 441/441/441 453/453/453
f 441/441/441 454/454/454 453/453/453
f 441/441/441 442/442/442 454/454/454
f 442/442/442 455/455/455 454/454/454
f 443/443/443 444/444/444 456/456/456
f 444/444/444 457/457/457 456/456/456
f 444/444/444 445/445/445 457/457/457
f 445/445/445 458/458/458 457/457/457
f 445/445/445 446/446/446 458/458/458
f 446/446/446 459/459/459 458/458/458
f 446/446/446 447/447/447 459/459/459
f 447/447/447 460/460/460 459/459/459
f 447/447/447 448/448/448 460/460/460
f 448/448/448 461/461/461 460/460/460
f 448/448/448 449/449/449 461/461/461
f 449/449/449 462/462/462 461/461/461
f 449/449/449 450/450/450 462/462/462
f 450/450/450 463/463/463 462/462/462
f 450/450/450 451/451/451 463/463/463
f 451/451/451 464/464/464 463/463/463
f 451/451/451 452/452/452 464/464/464
f 452/452/452 465/465/465 464/464/464
f 452/452/452 453/453/453 465/465/465
f 453/453/453 466/466/466 465/465/465
f 453/453/453 454/454/454 466/466/466
f 454/454/454 467/467/467 466/466/466
f 454/454/454 455/455/455 467/467/467
f 455/455/455 468/468/468 467/467/467
f 469/469/469 470/470/470 482/482/482
f 470/470/470 483/483/483 482/482/482
f 470/470/470 471/471/471 483/483/483
f 471/471/471 484/484/484 483/483/483
f 471/471/471 472/472/472 484/484/484
f 472/472/472 485/485/485 484/484/484
f 472/472/472 473/473/473 485/485/485
f 473/473/473 486/486/486 485/485/485
f 473/473/473 474/474/474 486/486/486
f 474/474/474 487/487/487 486/486/486
f 474/474/474 475/475/475 487/487/487
f 475/475/475 488/488/488 487/487/487
f 475/475/475 476/476/476 488/488/488
f 476/476/476 489/489/489 488/488/488
f 476/476/476 477/477/477 489/489/489
f 477/477/477 490/490/490 489/489/489
f 477/477/477 478/478/478 490/490/490
f 478/478/478 491/491/491 490/490/490
f 478/478/478 479/479/479 491/491/491
f 479/479/479 492/492/492 491/491/491
f 479/479/479 480/480/480 492/492/492
f 480/480/480 493/493/493 492/492/492
f 480/480/480 481/481/481 493/493/493
f 481/481/481 494/494/494 493/493/493
f 482/482/482 483/483/483 495/495/495
f 483/483/483 496/496/496 495/495/495
f 483/483/483 484/484/484 496/496/496
f 484/484/484 497/497/497 496/496/496
f 484/484/484 485/485/485 497/497/497
f 485/485/485 498/498/498 497/497/497
f 485/485/485 486/486/486 498/498/498
f 486/486/486 499/499/499 498/498/498
f 486/486/486 487/487/487 499/499/499
f 487/487/487 500/500/500 499/499/499
f 487/487/487 488/488/488 500/500/500
f 488/488/488 501/501/501 500/500/500
f 488/488/488 489/489/489 501/501/501
f 489/489/489 502/502/502 501/501/501
f 489/489/489 490/490/490 502/502/502
f 490/490/490 503/503/503 502/502/502
f 490/490/490 491/491/491 503/503/503
f 491/491/491 504/504/504 503/503/503
f 491/491/491 492/492/492 504/504/504
f 492/492/492 505/505/505 504/504/504
f 492/492/492 493/493/493 505/505/505
f 493/493/493 506/506/506 505/505/505
f 493/493/493 494/494/494 506/506/506
f 494/494/494 507/507/507 506/506/506
f 495/495/495 496/496/496 508/508/508
f 496/496/496 509/509/509 508/508/508
f 496/496/496 497/497/497 509/509/509
f 497/497/497 510/510/510 509/509/509
f 497/497/497 498/498/498 510/510/510
f 498/498/498 511/511/511 510/510/510
f 498/498/498 499/499/499 511/511/511
f 499/499/499 512/512/512 511/511/511
f 499/499/499 500/500/500 512/512/512
f 500/500/500 513/513/513 512/512/512
f 500/500/500 501/501/501 513/513/513
f 501/501/501 514/514/514 513/513/513
f 501/501/501 502/502/502 514/514/514
f 502/502/502 515/515/515 514/514/514
f 502/502/502 503/503/503 515/515/515
f 503/503/503 516/516/516 515/515/515
f 503/503/503 504/504/504 516/516/516
f 504/504/504 517/517/517 516/516/516
f 504/504/504 505/505/505 517/517/517
f 505/505/505 518/518/518 517/517/517
f 505/505/505 506/506/506 518/518/518
f 506/506/506 519/519/519 518/518/518
f 506/506/506 507/507/507 519/519/519
f 507/507/507 520/520/520 519/519/519
f 508/508/508 509/509/509 521/521/521
f 509/509/509 522/522/522 521/521/521
f 509/509/509 510/510/510 522/522/522
f 510/510/510 523/523/523 522/522/522
f 510/510/510 511/511/511 523/523/523
f 511/511/511 524/524/524 523/523/523
f 511/511/511 512/512/512 524/524/524
f 512/512/512 525/525/525 524/524/524
f 512/512/512 513/513/513 525/525/525
f 513/513/513 526/526/526 525/525/525
f 513/513/513 514/514/514 526/526/526
f 514/514/514 527/527/527 526/526/526
f 514/514/514 515/515/515 527/527/527
f 515/515/515 528/528/528 527/527/527
f 515/515/515 516/516/516 528/528/528
f 516/516/516 529/529/529 528/528/528
f 516/516/516 517/517/517 529/529/529
f 517/517/517 530/530/530 529/529/529
f 517/517/517 518/518/518 530/530/530
f 518/518/518 531/531/531 530/530/530
f 518/518/518 519/519/519 531/531/531
f 519/519/519 532/532/532 531/531/531
f 519/519/519 520/520/520 532/532/532
f 520/520/520 533/533/533 532/532/532
f 521/521/521 522/522/522 534/534/534
f 522/522/522 535/535/535 534/534/534
f 522/522/522 523/523/523 535/535/535
f 523/523/523 536/536/536 535/535/535
f 523/523/523 524/524/524 536/536/536
f 524/524/524 537/537/537 536/536/536
f 524/524/524 525/525/525 537/537/537
f 525/525/525 538/538/538 537/537/537
f 525/525/525 526/526/526 538/538/538
f 526/526/526 539/539/539 538/538/538
f 526/526/526 527/527/527 539/539/539
f 527/527/527 540/540/540 539/539/539
f 527/527/527 528/528/528 540/540/540
f 528/528/528 541/541/541 540/540/540
f 528/528/528 529/529/529 541/541/541
f 529/529/529 542/542/542 541/541/541
f 529/529/529 530/530/530 542/542/542
f 530/530/530 543/543/543 542/542/542
f 530/530/530 531/531/531 543/543/543
f 531/531/531 544/544/544 543/543/543
f 531/531/531 532/532/532 544/544/544
f 532/532/532 545/545/545 544/544/544
f 532/532/532 533/533/533 545/545/545
f 533/533/533 546/546/546 545/545/545
f 534/534/534 535/535/535 547/547/547
f 535/535/535 548/548/548 547/547/547
f 535/535/535 536/536/536 548/548/548
f 536/536/536 549/549/549 548/548/548
f 536/536/536 537/537/537 549/549/549
f 537/537/537 550/550/550 549/549/549
f 537/537/537 538/538/538 550/550/550
f 538/538/538 551/551/551 550/550/550
f 538/538/538 539/539/539 551/551/551
f 539/539/539 552/552/552 551/551/551
f 539/539/539 540/540/540 552/552/552
f 540/540/540 553/553/553 552/552/552
f 540/540/540 541/541/541 553/553/553
f 541/541/541 554/554/554 553/553/553
f 541/541/541 542/542/542 554/554/554
f 542/542/542 555/555/555 554/554/554
f 542/542/542 543/543/543 555/555/555
f 543/543/543 556/556/556 555/555/555
f 543/543/543 544/544/544 556/556/556
f 544/544/544 557/557/557 556/556/556
f 544/544/544 545/545/545 557/557/557
f 545/545/545 558/558/558 557/557/557
f 545/545/545 546/546/546 558/558/558
f 546/546/546 559/559/559 558/558/558
f 547/547/547 548/548/548 560/560/560
f 548/548/548 561/561/561 560/560/560
f 548/548/548 549/549/549 561/561/561
f 549/549/549 562/562/562 561/561/561
f 549/549/549 550/550/550 562/562/562
f 550/550/550 563/563/563 562/562/562
f 550/550/550 551/551/551 563/563/563
f 551/551/551 564/564/564 563/563/563
f 551/551/551 552/552/552 564/564/564
f 552/552/552 565/565/565 564/564/564
f 552/552/552 553/553/553 565/565/565
f 553/553/553 566/566/566 565/565/565
f 553/553/553 554/554/554 566/566/566
f 554/554/554 567/567/567 566/566/566
f 554/554/554 555/555/555 567/567/567
f 555/555/555 568/568/568 567/567/567
f 555/555/555 556/556/556 568/568/568
f 556/556/556 569/569/569 568/568/568
f 556/556/556 557/557/557 569/569/569
f 557/557/557 570/570/570 569/569/569
f 557/557/557 558/558/558 570/570/570
f 558/558/558 571/571/571 570/570/570
f 558/558/558 559/559/559 571/571/571
f 559/559/559 572/572/572 571/571/571
f 560/560/560 561/561/561 573/573/573
f 561/561/561 574/574/574 573/573/573
f 561/561/561 562/562/562 574/574/574
f 562/562/562 575/575/575 574/574/574
f 562/562/562 563/563/563 575/575/575
f 563/563/563 576/576/576 575/575/575
f 563/563/563 564/564/564 576/576/576
f 564/564/564 577/577/577 576/576/576
f 564/564/564 565/565/565 577/577/577
f 565/565/565 578/578/578 577/577/577
f 565/565/565 566/566/566 578/578/578
f 566/566/566 579/579/579 578/578/578
f 566/566/566 567/567/567 579/579/579
f 567/567/567 580/580/580 579/579/579
f 567/567/567 568/568/568 580/580/580
f 568/568/568 581/581/581 580/580/580
f 568/568/568 569/569/569 581/581/581
f 569/569/569 582/582/582 581/581/581
f 569/569/569 570/570/570 582/582/582
f 570/570/570 583/583/583 582/582/582
f 570/570/570 571/571/571 583/583/583
f 571/571/571 584/584/584 583/583/583
f 571/571/571 572/572/572 584/584/584
f 572/572/572 585/585/585 584/584/584
f 586/586/586 587/587/587 599/599/599
f 587/587/587 600/600/600 599/599/599
f 587/587/587 588/588/588 600/600/600
f 588/588/588 601/601/601 600/600/600
f 588/588/588 589/589/589 601/601/601
f 589/589/589 602/602/602 601/601/601
f 589/589/589 590/590/590 602/602/602
f 590/590/590 603/603/603 602/602/602
f 590/590/590 591/591/591 603/603/603
f 591/591/591 604/604/604 603/603/603
f 591/591/591 592/592/592 604/604/604
f 592/592/592 605/605/605 604/604/604
f 592/592/592 593/593/593 605/605/605
f 593/593/593 606/606/606 605/605/605
f 593/593/593 594/594/594 606/606/606
f 594/594/594 607/607/607 606/606/606
f 594/594/594 595/595/595 607/607/607
f 595/595/595 608/608/608 607/607/607
f 595/595/595 596/596/596 608/608/608
f 596/596/596 609/609/609 608/608/608
f 596/596/596 597/597/597 609/609/609
f 597/597/597 610/610/610 609/609/609
f 597/597/597 598/598/598 610/610/610
f 598/598/598 611/611/611 610/610/610
f 599/599/599 600/600/600 612/612/612
f 600/600/600 613/613/613 612/612/612
f 600/600/600 601/601/601 613/613/613
f 601/601/601 614/614/614 613/613/613
f 601/601/601 602/602/602 614/614/614
f 602/602/602 615/615/615 614/614/614
f 602/602/602 603/603/603 615/615/615
f 603/603/603 616/616/616 615/615/615
f 603/603/603 604/604/604 616/616/616
f 604/604/604 617/617/617 616/616/616
f 604/604/604 605/605/605 617/617/617
f 605/605/605 618/618/618 617/617/617
f 605/605/605 606/606/606 618/618/618
f 606/606/606 619/619/619 618/618/618
f 606/606/606 607/607/607 619/619/619
f 607/607/607 620/620/620 619/619/619
f 607/607/607 608/608/608 620/620/620
f 608/608/608 621/621/621 620/620/620
f 608/608/608 609/609/609 621/621/621
f 609/609/609 622/622/622 621/621/621
f 609/609/609 610/610/610 622/622/622
f 610/610/610 623/623/623 622/622/622
f 610/610/610 611/611/611 623/623/623
f 611/611/611 624/624/624 623/623/623
f 612/612/612 613/613/613 625/625/625
f 613/613/613 626/626/626 625/625/625
f 613/613/613 614/614/614 626/626/626
f 614/614/614 627/627/627 626/626/626
f 614/614/614 615/615/615 627/627/627
f 615/615/615 628/628/628 627/627/627
f 615/615/615 616/616/616 628/628/628
f 616/616/616 629/629/629 628/628/628
f 616/616/616 617/617/617 629/629/629
f 617/617/617 630/630/630 629/629/629
f 617/617/617 618/618/618 630/630/630
f 618/618/618 631/631/631 630/630/630
f 618/618/618 619/619/619 631/631/631
f 619/619/619 632/632/632 631/631/631
f 619/619/619 620/620/620 632/632/632
f 620/620/620 633/633/633 632/632/632
f 620/620/620 621/621/621 633/633/633
f 621/621/621 634/634/634 633/633/633
f 621/621/621 622/622/622 634/634/634
f 622/622/622 635/635/635 634/634/634
f 622/622/622 623/623/623 635/635/635
f 623/623/623 636/636/636 635/635/635
f 623/623/623 624/624/624 636/636/636
f 624/624/624 637/637/637 636/636/636
f 625/625/625 626/626/626 638/638/638
f 626/626/626 639/639/639 638/638/638
f 626/626/626 627/627/627 639/639/639
f 627/627/627 640/640/640 639/639/639
f 627/627/627 628/628/628 640/640/640
f 628/628/628 641/641/641 640/640/640
f 628/628/628 629/629/629 641/641/641
f 629/629/629 642/642/642 641/641/641
f 629/629/629 630/630/630 642/642/642
f 630/630/630 643/643/643 642/642/642
f 630/630/630 631/631/631 643/643/643
f 631/631/631 644/644/644 643/643/643
f 631/631/631 632/632/632 644/644/644
f 632/632/632 645/645/645 644/644/644
f 632/632/632 633/633/633 645/645/645
f 633/633/633 646/646/646 645/645/645
f 633/633/633 634/634/634 646/646/646
f 634/634/634 647/647/647 646/646/646
f 634/634/634 635/635/635 647/647/647
f 635/635/635 648/648/648 647/647/647
f 635/635/635 636/636/636 648/648/648
f 636/636/636 649/649/649 648/648/648
f 636/636/636 637/637/637 649/649/649
f 637/637/637 650/650/650 649/649/649
f 638/638/638 639/639/639 651/651/651
f 639/639/639 652/652/652 651/651/651
f 639/639/639 640/640/640 652/652/652
f 640/640/640 653/653/653 652/652/652
f 640/640/640 641/641/641 653/653/653
f 641/641/641 654/654/654 653/653/653
f 641/641/641 642/642/642 654/654/654
f 642/642/642 655/655/655 654/654/654
f 642/642/642 643/643/643 655/655/655
f 643/643/643 656/656/656 655/655/655
f 643/643/643 644/644/644 656/656/656
f 644/644/644 657/657/657 656/656/656
f 644/644/644 645/645/645 657/657/657
f 645/645/645 658/658/658 657/657/657
f 645/645/645 646/646/646 658/658/658
f 646/646/646 659/659/659 658/658/658
f 646/646/646 647/647/647 659/659/659
f 647/647/647 660/660/660 659/659/659
f 647/647/647 648/648/648 660/660/660
f 648/648/648 661/661/661 660/660/660
f 648/648/648 649/649/649 661/661/661
f 649/649/649 662/662/662 661/661/661
f 649/649/649 650/650/650 662/662/662
f 650/650/650 663/663/663 662/662/662
f 651/651/651 652/652/652 664/664/664
f 652/652/652 665/665/665 664/664/664
f 652/652/652 653/653/653 665/665/665
f 653/653/653 666/666/666 665/665/665
f 653/653/653 654/654/654 666/666/666
f 654/654/654 667/667/667 666/666/666
f 654/654/654 655/655/655 667/667/667
f 655/655/655 668/668/668 667/667/667
f 655/655/655 656/656/656 668/668/668
f 656/656/656 669/669/669 668/668/668
f 656/656/656 657/657/657 669/669/669
f 657/657/657 670/670/670 669/669/669
f 657/657/657 658/658/658 670/670/670
f 658/658/658 671/671/671 670/670/670
f 658/658/658 659/659/659 671/671/671
f 659/659/659 672/672/672 671/671/671
f 659/659/659 660/660/660 672/672/672
f 660/660/660 673/673/673 672/672/672
f 660/660/660 661/661/661 673/673/673
f 661/661/661 674/674/674 673/673/673
f 661/661/661 662/662/662 674/674/674
f 662/662/662 675/675/675 674/674/674
f 662/662/662 663/663/663 675/675/675
f 663/663/663 676/676/676 675/675/675
f 664/664/664 665/665/665 677/677/677
f 665/665/665 678/678/678 677/677/677
f 665/665/665 666/666/666 678/678/678
f 666/666/666 679/679/679 678/678/678
f 666/666/666 667/667/667 679/679/679
f 667/667/667 680/680/680 679/679/679
f 667/667/667 668/668/668 680/680/680
f 668/668/668 681/681/681 680/680/680
f 668/668/668 669/669/669 681/681/681
f 669/669/669 682/682/682 681/681/681
f 669/669/669 670/670/670 682/682/682
f 670/670/670 683/683/683 682/682/682
f 670/670/670 671/671/671 683/683/683
f 671/671/671 684/684/684 683/683/683
f 671/671/671 672/672/672 684/684/684
f 672/672/672 685/685/685 684/684/684
f 672/672/672 673/673/673 685/685/685
f 673/673/673 686/686/686 685/685/685
f 673/673/673 674/674/674 686/686/686
f 674/674/674 687/687/687 686/686/686
f 674/674/674 675/675/675 687/687/687
f 675/675/675 688/688/688 687/687/687
f 675/675/675 676/676/676 688/688/688
f 676/676/676 689/689/689 688/688/688
f 677/677/677 678/678/678 690/690/690
f 678/678/678 691/691/691 690/690/690
f 678/678/678 679/679/679 691/691/691
f 679/679/679 692/692/692 691/691/691
f 679/679/679 680/680/680 692/692/692
f 680/680/680 693/693/693 692/692/692
f 680/680/680 681/681/681 693/693/693
f 681/681/681 694/694/694 693/693/693
f 681/681/681 682/682/682 694/694/694
f 682/682/682 695/695/695 694/694/694
f 682/682/682 683/683/683 695/695/695
f 683/683/683 696/696/696 695/695/695
f 683/683/683 684/684/684 696/696/696
f 684/684/684 697/697/697 696/696/696
f 684/684/684 685/685/685 697/697/697
f 685/685/685 698/698/698 697/697/697
f 685/685/685 686/686/686 698/698/698
f 686/686/686 699/699/699 698/698/698
f 686/686/686 687/687/687 699/699/699
f 687/687/687 700/700/700 699/699/699
f 687/687/687 688/688/688 700/700/700
f 688/688/688 701/701/701 700/700/700
f 688/688/688 689/689/689 701/701/701
f 689/689/689 702/702/702 701/701/701
f 703/703/703 704/704/704 716/716/716
f 704/704/704 717/717/717 716/716/716
f 704/704/704 705/705/705 717/717/717
f 705/705/705 718/718/718 717/717/717
f 705/705/705 706/706/706 718/718/718
f 706/706/706 719/719/719 718/718/718
f 706/706/706 707/707/707 719/719/719
f 707/707/707 720/720/720 719/719/719
f 707/707/707 708/708/708 720/720/720
f 708/708/708 721/721/721 720/720/720
f 708/708/708 709/709/709 721/721/721
f 709/709/709 722/722/722 721/721/721
f 709/709/709 710/710/710 722/722/722
f 710/710/710 723/723/723 722/722/722
f 710/710/710 711/711/711 723/723/723
f 711/711/711 724/724/724 723/723/723
f 711/711/711 712/712/712 724/724/724
f 712/712/712 725/725/725 724/724/724
f 712/712/712 713/713/713 725/725/725
f 713/713/713 726/726/726 725/725/725
f 713/713/713 714/714/714 726/726/726
f 714/714/714 727/727/727 726/726/726
f 714/714/714 715/715/715 727/727/727
f 715/715/715 728/728/728 727/727/727
f 716/716/716 717/717/717 729/729/729
f 717/717/717 730/730/730 729/729/729
f 717/717/717 718/718/718 730/730/730
f 718/718/718 731/731/731 730/730/730
f 718/718/718 719/719/719 731/731/731
f 719/719/719 732/732/732 731/731/731
f 719/719/719 720/720/720 732/732/732
f 720/720/720 733/733/733 732/732/732
f 720/720/720 721/721/721 733/733/733
f 721/721/721 734/734/734 733/733/733
f 721/721/721 722/722/722 734/734/734
f 722/722/722 735/735/735 734/734/734
f 722/722/722 723/723/723 735/735/735
f 723/723/723 736/736/736 735/735/735
f 723/723/723 724/724/724 736/736/736
f 724/724/724 737/737/737 736/736/736
f 724/724/724 725/725/725 737/737/737
f 725/725/725 738/738/738 737/737/737
f 725/725/725 726/726/726 738/738/738
f 726/726/726 739/739/739 738/738/738
f 726/726/726 727/727/727 739/739/739
f 727/727/727 740/740/740 739/739/739
f 727/727/727 728/728/728 740/740/740
f 728/728/728 741/741/741 740/740/740
f 729/729/729 730/730/730 742/742/742
f 730/730/730 743/743/743 742/742/742
f 730/730/730 731/731/731 743/743/743
f 731/731/731 744/744/744 743/743/743
f 731/731/731 732/732/732 744/744/744
f 732/732/732 745/745/745 744/744/744
f 732/732/732 733/733/733 745/745/745
f 733/733/733 746/746/746 745/745/745
f 733/733/733 734/734/734 746/746/746
f 734/734/734 747/747/747 746/746/746
f 734/734/734 735/735/735 747/747/747
f 735/735/735 748/748/748 747/747/747
f 735/735/735 736/736/736 748/748/748
f 736/736/736 749/749/749 748/748/748
f 736/736/736 737/737/737 749/749/749
f 737/737/737 750/750/750 749/749/749
f 737/737/737 738/738/738 750/750/750
f 738/738/738 751/751/751 750/750/750
f 738/738/738 739/739/739 751/751/751
f 739/739/739 752/752/752 751/751/751
f 739/739/739 740/740/740 752/752/752
f 740/740/740 753/753/753 752/752/752
f 740/740/740 741/741/741 753/753/753
f 741/741/741 754/754/754 753/753/753
f 742/742/742 743/743/743 755/755/755
f 743/743/743 756/756/756 755/755/755
f 743/743/743 744/744/744 756/756/756
f 744/744/744 757/757/757 756/756/756
f 744/744/744 745/745/745 757/757/757
f 745/745/745 758/758/758 757/757/757
f 745/745/745 746/746/746 758/758/758
f 746/746/746 759/759/759 758/758/758
f 746/746/746 747/747/747 759/759/759
f 747/747/747 760/760/760 759/759/759
f 747/747/747 748/748/748 760/760/760
f 748/748/748 761/761/761 760/760/760
f 748/748/748 749/749/749 761/761/761
f 749/749/749 762/762/762 761/761/761
f 749/749/749 750/750/750 762/762/762
f 750/750/750 763/763/763 762/762/762
f 750/750/750 751/751/751 763/763/763
f 751/751/751 764/764/764 763/763/763
f 751/751/751 752/752/752 764/764/764
f 752/752/752 765/765/765 764/764/764
f 752/752/752 753/753/753 765/765/765
f 753/753/753 766/766/766 765/765/765
f 753/753/753 754/754/754 766/766/766
f 754/754/754 767/767/767 766/766/766
f 755/755/755 756/756/756 768/768/768
f 756/756/756 769/769/769 768/768/768
f 756/756/756 757/757/757 769/769/769
f 757/757/757 770/770/770 769/769/769
f 757/757/757 758/758/758 770/770/770
f 758/758/758 771/771/771 770/770/770
f 758/758/758 759/759/759 771/771/771
f 759/759/759 772/772/772 771/771/771
f 759/759/759 760/760/760 772/772/772
f 760/760/760 773/773/773 772/772/772
f 760/760/760 761/761/761 773/773/773
f 761/761/761 774/774/774 773/773/773
f 761/761/761 762/762/762 774/774/774
f 762/762/762 775/775/775 774/774/774
f 762/762/762 763/763/763 775/775/775
f 763/763/763 776/776/776 775/775/775
f 763/763/763 764/764/764 776/776/776
f 764/764/764 777/777/777 776/776/776
f 764/764/764 765/765/765 777/777/777
f 765/765/765 778/778/778 777/777/777
f 765/765/765 766/766/766 778/778/778
f 766/766/766 779/779/779 778/778/778
f 766/766/766 767/767/767 779/779/779
f 767/767/767 780/780/780 779/779/779
f 768/768/768 769/769/769 781/781/781
f 769/769/769 782/782/782 781/781/781
f 769/769/769 770/770/770 782/782/782
f 770/770/770 783/783/783 782/782/782
f 770/770/770 771/771/771 783/783/783
f 771/771/771 784/784/784 783/783/783
f 771/771/771 772/772/772 784/784/784
f 772/772/772 785/785/785 784/784/784
f 772/772/772 773/773/773 785/785/785
f 773/773/773 786/786/786 785/785/785
f 773/773/773 774/774/774 786/786/786
f 774/774/774 787/787/787 786/786/786
f 774/774/774 775/775/775 787/787/787
f 775/775/775 788/788/788 787/787/787
f 775/775/775 776/776/776 788/788/788
f 776/776/776 789/789/789 788/788/788
f 776/776/776 777/777/777 789/789/789
f 777/777/777 790/790/790 789/789/789
f 777/777/777 778/778/778 790/790/790
f 778/778/778 791/791/791 790/790/790
f 778/778/778 779/779/779 791/791/791
f 779/779/779 792/792/792 791/791/791
f 779/779/779 780/780/780 792/792/792
f 780/780/780 793/793/793 792/792/792
f 781/781/781 782/782/782 794/794/794
f 782/782/782 795/795/795 794/794/794
f 782/782/782 783/783/783 795/795/795
f 783/783/783 796/796/796 795/795/795
f 783/783/783 784/784/784 796/796/796
f 784/784/784 797/797/797 796/796/796
f 784/784/784 785/785/785 797/797/797
f 785/785/785 798/798/798 797/797/797
f 785/785/785 786/786/786 798/798/798
f 786/786/786 799/799/799 798/798/798
f 786/786/786 787/787/787 799/799/799
f 787/787/787 800/800/800 799/799/799
f 787/787/787 788/788/788 800/800/800
f 788/788/788 801/801/801 800/800/800
f 788/788/788 789/789/789 801/801/801
f 789/789/789 802/802/802 801/801/801
f 789/789/789 790/790/790 802/802/802
f 790/790/790 803/803/803 802/802/802
f 790/790/790 791/791/791 803/803/803
f 791/791/791 804/804/804 803/803/803
f 791/791/791 792/792/792 804/804/804
f 792/792/792 805/805/805 804/804/804
f 792/792/792 793/793/793 805/805/805
f 793/793/793 806/806/806 805/805/805
f 794/794/794 795/795/795 807/807/807
f 795/795/795 808/808/808 807/807/807
f 795/795/795 796/796/796 808/808/808
f 796/796/796 809/809/809 808/808/808
f 796/796/796 797/797/797 809/809/809
f 797/797/797 810/810/810 809/809/809
f 797/797/797 798/798/798 810/810/810
f 798/798/798 811/811/811 810/810/810
f 798/798/798 799/799/799 811/811/811
f 799/799/799 812/812/812 811/811/811
f 799/799/799 800/800/800 812/812/812
f 800/800/800 813/813/813 812/812/812
f 800/800/800 801/801/801 813/813/813
f 801/801/801 814/814/814 813/813/813
f 801/801/801 802/802/802 814/814/814
f 802/802/802 815/815/815 814/814/814
f 802/802/802 803/803/803 815/815/815
f 803/803/803 816/816/816 815/815/815
f 803/803/803 804/804/804 816/816/816
f 804/804/804 817/817/817 816/816/816
f 804/804/804 805/805/805 817/817/817
f 805/805/805 818/818/818 817/817/817
f 805/805/805 806/806/806 818/818/818
f 806/806/806 819/819/819 818/818/818
f 820/820/820 821/821/821 833/833/833
f 821/821/821 834/834/834 833/833/833
f 821/821/821 822/822/822 834/834/834
f 822/822/822 835/835/835 834/834/834
f 822/822/822 823/823/823 835/835/835
f 823/823/823 836/836/836 835/835/835
f 823/823/823 824/824/824 836/836/836
f 824/824/824 837/837/837 836/836/836
f 824/824/824 825/825/825 837/837/837
f 825/825/825 838/838/838 837/837/837
f 825/825/825 826/826/826 838/838/838
f 826/826/826 839/839/839 838/838/838
f 826/826/826 827/827/827 839/839/839
f 827/827/827 840/840/840 839/839/839
f 827/827/827 828/828/828 840/840/840
f 828/828/828 841/841/841 840/840/840
f 828/828/828 829/829/829 841/841/841
f 829/829/829 842/842/842 841/841/841
f 829/829/829 830/830/830 842/842/842
f 830/830/830 843/843/843 842/842/842
f 830/830/830 831/831/831 843/843/843
f 831/831/831 844/844/844 843/843/843
f 831/831/831 832/832/832 844/844/844
f 832/832/832 845/845/845 844/844/844
f 833/833/833 834/834/834 846/846/846
f 834/834/834 847/847/847 846/846/846
f 834/834/834 835/835/835 847/847/847
f 835/835/835 848/848/848 847/847/847
f 835/835/835 836/836/836 848/848/848
f 836/836/836 849/849/849 848/848/848
f 836/836/836 837/837/837 849/849/849
f 837/837/837 850/850/850 849/849/849
f 837/837/837 838/838/838 850/850/850
f 838/838/838 851/851/851 850/850/850
f 838/838/838 839/839/839 851/851/851
f 839/839/839 852/852/852 851/851/851
f 839/839/839 840/840/840 852/852/852
f 840/840/840 853/853/853 852/852/852
f 840/840/840 841/841/841 853/853/853
f 841/841/841 854/854/854 853/853/853
f 841/841/841 842/842/842 854/854/854
f 842/842/842 855/855/855 854/854/854
f 842/842/842 843/843/843 855/855/855
f 843/843/843 856/856/856 855/855/855
f 843/843/843 844/844/844 856/856/856
f 844/844/844 857/857/857 856/856/856
f 844/844/844 845/845/845 857/857/857
f 845/845/845 858/858/858 857/857/857
f 846/846/846 847/847/847 859/859/859
f 847/847/847 860/860/860 859/859/859
f 847/847/847 848/848/848 860/860/860
f 848/848/848 861/861/861 860/860/860
f 848/848/848 849/849/849 861/861/861
f 849/849/849 862/862/862 861/861/861
f 849/849/849 850/850/850 862/862/862
f 850/850/850 863/863/863 862/862/862
f 850/850/850 851/851/851 863/863/863
f 851/851/851 864/864/864 863/863/863
f 851/851/851 852/852/852 864/864/864
f 852/852/852 865/865/865 864/864/864
f 852/852/852 853/853/853 865/865/865
f 853/853/853 866/866/866 865/865/865
f 853/853/853 854/854/854 866/866/866
f 854/854/854 867/867/867 866/866/866
f 854/854/854 855/855/855 867/867/867
f 855/855/855 868/868/868 867/867/867
f 855/855/855 856/856/856 868/868/868
f 856/856/856 869/869/869 868/868/868
f 856/856/856 857/857/857 869/869/869
f 857/857/857 870/870/870 869/869/869
f 857/857/857 858/858/858 870/870/870
f 858/858/858 871/871/871 870/870/870
f 859/859/859 860/860/860 872/872/872
f 860/860/860 873/873/873 872/872/872
f 860/860/860 861/861/861 873/873/873
f 861/861/861 874/874/874 873/873/873
f 861/861/861 862/862/862 874/874/874
f 862/862/862 875/875/875 874/874/874
f 862/862/862 863/863/863 875/875/875
f 863/863/863 876/876/876 875/875/875
f 863/863/863 864/864/864 876/876/876
f 864/864/864 877/877/877 876/876/876
f 864/864/864 865/865/865 877/877/877
f 865/865/865 878/878/878 877/877/877
f 865/865/865 866/866/866 878/878/878
f 866/866/866 879/879/879 878/878/878
f 866/866/866 867/867/867 879/879/879
f 867/867/867 880/880/880 879/879/879
f 867/867/867 868/868/868 880/880/880
f 868/868/868 881/881/881 880/880/880
f 868/868/868 869/869/869 881/881/881
f 869/869/869 882/882/882 881/881/881
f 869/869/869 870/870/870 882/882/882
f 870/870/870 883/883/883 882/882/882
f 870/870/870 871/871/871 883/883/883
f 871/871/871 884/884/884 883/883/883
f 872/872/872 873/873/873 885/885/885
f 873/873/873 886/886/886 885/885/885
f 873/873/873 874/874/874 886/886/886
f 874/874/874 887/887/887 886/886/886
f 874/874/874 875/875/875 887/887/887
f 875/875/875 888/888/888 887/887/887
f 875/875/875 876/876/876 888/888/888
f 876/876/876 889/889/889 888/888/888
f 876/876/876 877/877/877 889/889/889
f 877/877/877 890/890/890 889/889/889
f 877/877/877 878/878/878 890/890/890
f 878/878/878 891/891/891 890/890/890
f 878/878/878 879/879/879 891/891/891
f 879/879/879 892/892/892 891/891/891
f 879/879/879 880/880/880 892/892/892
f 880/880/880 893/893/893 892/892/892
f 880/880/880 881/881/881 893/893/893
f 881/881/881 894/894/894 893/893/893
f 881/881/881 882/882/882 894/894/894
f 882/882/882 895/895/895 894/894/894
f 882/882/882 883/883/883 895/895/895
f 883/883/883 896/896/896 895/895/895
f 883/883/883 884/884/884 896/896/896
f 884/884/884 897/897/897 896/896/896
f 885/885/885 886/886/886 898/898/898
f 886/886/886 899/899/899 898/898/898
f 886/886/886 887/887/887 899/899/899
f 887/887/887 900/900/900 899/899/899
f 887/887/887 888/888/888 900/900/900
f 888/888/888 901/901/901 900/900/900
f 888/888/888 889/889/889 901/901/901
f 889/889/889 902/902/902 901/901/901
f 889/889/889 890/890/890 902/902/902
f 890/890/890 903/903/903 902/902/902
f 890/890/890 891/891/891 903/903/903
f 891/891/891 904/904/904 903/903/903
f 891/891/891 892/892/892 904/904/904
f 892/892/892 905/905/905 904/904/904
f 892/892/892 893/893/893 905/905/905
f 893/893/893 906/906/906 905/905/905
f 893/893/893 894/894/894 906/906/906
f 894/894/894 907/907/907 906/906/906
f 894/894/894 895/895/895 907/907/907
f 895/895/895 908/908/908 907/907/907
f 895/895/895 896/896/896 908/908/908
f 896/896/896 909/909/909 908/908/908
f 896/896/896 897/897/897 909/909/909
f 897/897/897 910/910/910 909/909/909
f 898/898/898 899/899/899 911/911/911
f 899/899/899 912/912/912 911/911/911
f 899/899/899 900/900/900 912/912/912
f 900/900/900 913/913/913 912/912/912
f 900/900/900 901/901/901 913/913/913
f 901/901/901 914/914/914 913/913/913
f 901/901/901 902/902/902 914/914/914
f 902/902/902 915/915/915 914/914/914
f 902/902/902 903/903/903 915/915/915
f 903/903/903 916/916/916 915/915/915
f 903/903/903 904/904/904 916/916/916
f 904/904/904 917/917/917 916/916/916
f 904/904/904 905/905/905 917/917/917
f 905/905/905 918/918/918 917/917/917
f 905/905/905 906/906/906 918/918/918
f 906/906/906 919/919/919 918/918/918
f 906/906/906 907/907/907 919/919/919
f 907/907/907 920/920/920 919/919/919
f 907/907/907 908/908/908 920/920/920
f 908/908/908 921/921/921 920/920/920
f 908/908/908 909/909/909 921/921/921
f 909/909/909 922/922/922 921/921/921
f 909/909/909 910/910/910 922/922/922
f 910/910/910 923/923/923 922/922/922
f 911/911/911 912/912/912 924/924/924
f 912/912/912 925/925/925 924/924/924
f 912/912/912 913/913/913 925/925/925
f 913/913/913 926/926/926 925/925/925
f 913/913/913 914/914/914 926/926/926
f 914/914/914 927/927/927 926/926/926
f 914/914/914 915/915/915 927/927/927
f 915/915/915 928/928/928 927/927/927
f 915/915/915 916/916/916 928/928/928
f 916/916/916 929/929/929 928/928/928
f 916/916/916 917/917/917 929/929/929
f 917/917/917 930/930/930 929/929/929
f 917/917/917 918/918/918 930/930/930
f 918/918/918 931/931/931 930/930/930
f 918/918/918 919/919/919 931/931/931
f 919/919/919 932/932/932 931/931/931
f 919/919/919 920/920/920 932/932/932
f 920/920/920 933/933/933 932/932/932
f 920/920/920 921/921/921 933/933/933
f 921/921/921 934/934/934 933/933/933
f 921/921/921 922/922/922 934/934/934
f 922/922/922 935/935/935 934/934/934
f 922/922/922 923/923/923 935/935/935
f 923/923/923 936/936/936 935/935/935
f 937/937/937 938/938/938 950/950/950
f 938/938/938 951/951/951 950/950/950
f 938/938/938 939/939/939 951/951/951
f 939/939/939 952/952/952 951/951/951
f 939/939/939 940/940/940 952/952/952
f 940/940/940 953/953/953 952/952/952
f 940/940/940 941/941/941 953/953/953
f 941/941/941 954/954/954 953/953/953
f 941/941/941 942/942/942 954/954/954
f 942/942/942 955/955/955 954/954/954
f 942/942/942 943/943/943 955/955/955
f 943/943/943 956/956/956 955/955/955
f 943/943/943 944/944/944 956/956/956
f 944/944/944 957/957/957 956/956/956
f 944/944/944 945/945/945 957/957/957
f 945/945/945 958/958/958 957/957/957
f 945/945/945 946/946/946 958/958/958
f 946/946/946 959/959/959 958/958/958
f 946/946/946 947/947/947 959/959/959
f 947/947/947 960/960/960 959/959/959
f 947/947/947 948/948/948 960/960/960
f 948/948/948 961/961/961 960/960/960
f 948/948/948 949/949/949 961/961/961
f 949/949/949 962/962/962 961/961/961
f 950/950/950 951/951/951 963/963/963
f 951/951/951 964/964/964 963/963/963
f 951/951/951 952/952/952 964/964/964
f 952/952/952 965/965/965 964/964/964
f 952/952/952 953/953/953 965/965/965
f 953/953/953 966/966/966 965/965/965
f 953/953/953 954/954/954 966/966/966
f 954/954/954 967/967/967 966/966/966
f 954/954/954 955/955/955 967/967/967
f 955/955/955 968/968/968 967/967/967
f 955/955/955 956/956/956 968/968/968
f 956/956/956 969/969/969 968/968/968
f 956/956/956 957/957/957 969/969/969
f 957/957/957 970/970/970 969/969/969
f 957/957/957 958/958/958 970/970/970
f 958/958/958 971/971/971 970/970/970
f 958/958/958 959/959/959 971/971/971
f 959/959/959 972/972/972 971/971/971
f 959/959/959 960/960/960 972/972/972
f 960/960/960 973/973/973 972/972/972
f 960/960/960 961/961/961 973/973/973
f 961/961/961 974/974/974 973/973/973
f 961/961/961 962/962/962 974/974/974
f 962/962/962 975/975/975 974/974/974
f 963/963/963 964/964/964 976/976/976
f 964/964/964 977/977/977 976/976/976
f 964/964/964 965/965/965 977/977/977
f 965/965/965 978/978/978 977/977/977
f 965/965/965 966/966/966 978/978/978
f 966/966/966 979/979/979 978/978/978
f 966/966/966 967/967/967 979/979/979
f 967/967/967 980/980/980 979/979/979
f 967/967/967 968/968/968 980/980/980
f 968/968/968 981/981/981 980/980/980
f 968/968/968 969/969/969 981/981/981
f 969/969/969 982/982/982 981/981/981
f 969/969/969 970/970/970 982/982/982
f 970/970/970 983/983/983 982/982/982
f 970/970/970 971/971/971 983/983/983
f 971/971/971 984/984/984 983/983/983
f 971/971/971 972/972/972 984/984/984
f 972/972/972 985/985/985 984/984/984
f 972/972/972 973/973/973 985/985/985
f 973/973/973 986/986/986 985/985/985
f 973/973/973 974/974/974 986/986/986
f 974/974/974 987/987/987 986/986/986
f 974/974/974 975/975/975 987/987/987
f 975/975/975 988/988/988 987/987/987
f 976/976/976 977/977/977 989/989/989
f 977/977/977 990/990/990 989/989/989
f 977/977/977 978/978/978 990/990/990
f 978/978/978 991/991/991 990/990/990
f 978/978/978 979/979/979 991/991/991
f 979/979/979 992/992/992 991/991/991
f 979/979/979 980/980/980 992/992/992
f 980/980/980 993/993/993 992/992/992
f 980/980/980 981/981/981 993/993/993
f 981/981/981 994/994/994 993/993/993
f 981/981/981 982/982/982 994/994/994
f 982/982/982 995/995/995 994/994/994
f 982/982/982 983/983/983 995/995/995
f 983/983/983 996/996/996 995/995/995
f 983/983/983 984/984/984 996/996/996
f 984/984/984 997/997/997 996/996/996
f 984/984/984 985/985/985 997/997/997
f 985/985/985 998/998/998 997/997/997
f 985/985/985 986/986/986 998/998/998
f 986/986/986 999/999/999 998/998/998
f 986/986/986 987/987/987 999/999/999
f 987/987/987 1000/1000/1000 999/999/999
f 987/987/987 988/988/988 1000/1000/1000
f 988/988/988 1001/1001/1001 1000/1000/1000
f 989/989/989 990/990/990 1002/1002/1002
f 990/990/990 1003/1003/1003 1002/1002/1002
f 990/990/990 991/991/991 1003/1003/1003
f 991/991/991 1004/1004/1004 1003/1003/1003
f 991/991/991 992/992/992 1004/1004/1004
f 992/992/992 1005/1005/1005 1004/1004/1004
f 992/992/992 993/993/993 1005/1005/1005
f 993/993/993 1006/1006/1006 1005/1005/1005
f 993/993/993 994/994/994 1006/1006/1006
f 994/994/994 1007/1007/1007 1006/1006/1006
f 994/994/994 995/995/995 1007/1007/1007
f 995/995/995 1008/1008/1008 1007/1007/1007
f 995/995/995 996/996/996 1008/1008/1008
f 996/996/996 1009/1009/1009 1008/1008/1008
f 996/996/996 997/997/997 1009/1009/1009
f 997/997/997 1010/1010/1010 1009/1009/1009
f 997/997/997 998/998/998 1010/1010/1010
f 998/998/998 1011/1011/1011 1010/1010/1010
f 998/998/998 999/999/999 1011/1011/1011
f 999/999/999 1012/1012/1012 1011/1011/1011
f 999/999/999 1000/1000/1000 1012/1012/1012
f 1000/1000/1000 1013/1013/1013 1012/1012/1012
f 1000/1000/1000 1001/1001/1001 1013/1013/1013
f 1001/1001/1001 1014/1014/1014 1013/1013/1013
f 1002/1002/1002 1003/1003/1003 1015/1015/1015
f 1003/1003/1003 1016/1016/1016 1015/1015/1015
f 1003/1003/1003 1004/1004/1004 1016/1016/1016
f 1004/1004/1004 1017/1017/1017 1016/1016/1016
f 1004/1004/1004 1005/1005/1005 1017/1017/1017
f 1005/1005/1005 1018/1018/1018 1017/1017/1017
f 1005/1005/1005 1006/1006/1006 1018/1018/1018
f 1006/1006/1006 1019/1019/1019 1018/1018/1018
f 1006/1006/1006 1007/1007/1007 1019/1019/1019
f 1007/1007/1007 1020/1020/1020 1019/1019/1019
f 1007/1007/1007 1008/1008/1008 1020/1020/1020
f 1008/1008/1008 1021/1021/1021 1020/1020/1020
f 1008/1008/1008 1009/1009/1009 1021/1021/1021
f 1009/1009/1009 1022/1022/1022 1021/1021/1021
f 1009/1009/1009 1010/1010/1010 1022/1022/1022
f 1010/1010/1010 1023/1023/1023 1022/1022/1022
f 1010/1010/1010 1011/1011/1011 1023/1023/1023
f 1011/1011/1011 1024/1024/1024 1023/1023/1023
f 1011/1011/1011 1012/1012/1012 1024/1024/1024
f 1012/1012/1012 1025/1025/1025 1024/1024/1024
f 1012/1012/1012 1013/1013/1013 1025/1025/1025
f 1013/1013/1013 1026/1026/1026 1025/1025/1025
f 1013/1013/1013 1014/1014/1014 1026/1026/1026
f 1014/1014/1014 1027/1027/1027 1026/1026/1026
f 1015/1015/1015 1016/1016/1016 1028/1028/1028
f 1016/1016/1016 1029/1029/1029 1028/1028/1028
f 1016/1016/1016 1017/1017/1017 1029/1029/1029
f 1017/1017/1017 1030/1030/1030 1029/1029/1029
f 1017/1017/1017 1018/1018/1018 1030/1030/1030
f 1018/1018/1018 1031/1031/1031 1030/1030/1030
f 1018/1018/1018 1019/1019/1019 1031/1031/1031
f 1019/1019/1019 1032/1032/1032 1031/1031/1031
f 1019/1019/1019 1020/1020/1020 1032/1032/1032
f 1020/1020/1020 1033/1033/1033 1032/1032/1032
f 1020/1020/1020 1021/1021/1021 1033/1033/1033
f 1021/1021/1021 1034/1034/1034 1033/1033/1033
f 1021/1021/1021 1022/1022/1022 1034/1034/1034
f 1022/1022/1022 1035/1035/1035 1034/1034/1034
f 1022/1022/1022 1023/1023/1023 1035/1035/1035
f 1023/1023/1023 1036/1036/1036 1035/1035/1035
f 1023/1023/1023 1024/1024/1024 1036/1036/1036
f 1024/1024/1024 1037/1037/1037 1036/1036/1036
f 1024/1024/1024 1025/1025/1025 1037/1037/1037
f 1025/1025/1025 1038/1038/1038 1037/1037/1037
f 1025/1025/1025 1026/1026/1026 1038/1038/1038
f 1026/1026/1026 1039/1039/1039 1038/1038/1038
f 1026/1026/1026 1027/1027/1027 1039/1039/1039
f 1027/1027/1027 1040/1040/1040 1039/1039/1039
f 1028/1028/1028 1029/1029/1029 1041/1041/1041
f 1029/1029/1029 1042/1042/1042 1041/1041/1041
f 1029/1029/1029 1030/1030/1030 1042/1042/1042
f 1030/1030/1030 1043/1043/1043 1042/1042/1042
f 1030/1030/1030 1031/1031/1031 1043/1043/1043
f 1031/1031/1031 1044/1044/1044 1043/1043/1043
f 1031/1031/1031 1032/1032/1032 1044/1044/1044
f 1032/1032/1032 1045/1045/1045 1044/1044/1044
f 1032/1032/1032 1033/1033/1033 1045/1045/1045
f 1033/1033/1033 1046/1046/1046 1045/1045/1045
f 1033/1033/1033 1034/1034/1034 1046/1046/1046
f 1034/1034/1034 1047/1047/1047 1046/1046/1046
f 1034/1034/1034 1035/1035/1035 1047/1047/1047
f 1035/1035/1035 1048/1048/1048 1047/1047/1047
f 1035/1035/1035 1036/1036/1036 1048/1048/1048
f 1036/1036/1036 1049/1049/1049 1048/1048/1048
f 1036/1036/1036 1037/1037/1037 1049/1049/1049
f 1037/1037/1037 1050/1050/1050 1049/1049/1049
f 1037/1037/1037 1038/1038/1038 1050/1050/1050
f 1038/1038/1038 1051/1051/1051 1050/1050/1050
f 1038/1038/1038 1039/1039/1039 1051/1051/1051
f 1039/1039/1039 1052/1052/1052 1051/1051/1051
f 1039/1039/1039 1040/1040/1040 1052/1052/1052
f 1040/1040/1040 1053/1053/1053 1052/1052/1052
f 1054/1054/1054 1055/1055/1055 1067/1067/1067
f 1055/1055/1055 1068/1068/1068 1067/1067/1067
f 1055/1055/1055 1056/1056/1056 1068/1068/1068
f 1056/1056/1056 1069/1069/1069 1068/1068/1068
f 1056/1056/1056 1057/1057/1057 1069/1069/1069
f 1057/1057/1057 1070/1070/1070 1069/1069/1069
f 1057/1057/1057 1058/1058/1058 1070/1070/1070
f 1058/1058/1058 1071/1071/1071 1070/1070/1070
f 1058/1058/1058 1059/1059/1059 1071/1071/1071
f 1059/1059/1059 1072/1072/1072 1071/1071/1071
f 1059/1059/1059 1060/1060/1060 1072/1072/1072
f 1060/1060/1060 1073/1073/1073 1072/1072/1072
f 1060/1060/1060 1061/1061/1061 1073/1073/1073
f 1061/1061/1061 1074/1074/1074 1073/1073/1073
f 1061/1061/1061 1062/1062/1062 1074/1074/1074
f 1062/1062/1062 1075/1075/1075 1074/1074/1074
f 1062/1062/1062 1063/1063/1063 1075/1075/1075
f 1063/1063/1063 1076/1076/1076 1075/1075/1075
f 1063/1063/1063 1064/1064/1064 1076/1076/1076
f 1064/1064/1064 1077/1077/1077 1076/1076/1076
f 1064/1064/1064 1065/1065/1065 1077/1077/1077
f 1065/1065/1065 1078/1078/1078 1077/1077/1077
f 1065/1065/1065 1066/1066/1066 1078/1078/1078
f 1066/1066/1066 1079/1079/1079 1078/1078/1078
f 1067/1067/1067 1068/1068/1068 1080/1080/1080
f 1068/1068/1068 1081/1081/1081 1080/1080/1080
f 1068/1068/1068 1069/1069/1069 1081/1081/1081
f 1069/1069/1069 1082/1082/1082 1081/1081/1081
f 1069/1069/1069 1070/1070/1070 1082/1082/1082
f 1070/1070/1070 1083/1083/1083 1082/1082/1082
f 1070/1070/1070 1071/1071/1071 1083/1083/1083
f 1071/1071/1071 1084/1084/1084 1083/1083/1083
f 1071/1071/1071 1072/1072/1072 1084/1084/1084
f 1072/1072/1072 1085/1085/1085 1084/1084/1084
f 1072/1072/1072 1073/1073/1073 1085/1085/1085
f 1073/1073/1073 1086/1086/1086 1085/1085/1085
f 1073/1073/1073 1074/1074/1074 1086/1086/1086
f 1074/1074/1074 1087/1087/1087 1086/1086/1086
f 1074/1074/1074 1075/1075/1075 1087/1087/1087
f 1075/1075/1075 1088/1088/1088 1087/1087/1087
f 1075/1075/1075 1076/1076/1076 1088/1088/1088
f 1076/1076/1076 1089/1089/1089 1088/1088/1088
f 1076/1076/1076 1077/1077/1077 1089/1089/1089
f 1077/1077/1077 1090/1090/1090 1089/1089/1089
f 1077/1077/1077 1078/1078/1078 1090/1090/1090
f 1078/1078/1078 1091/1091/1091 1090/1090/1090
f 1078/1078/1078 1079/1079/1079 1091/1091/1091
f 1079/1079/1079 1092/1092/1092 1091/1091/1091
f 1080/1080/1080 1081/1081/1081 1093/1093/1093
f 1081/1081/1081 1094/1094/1094 1093/1093/1093
f 1081/1081/1081 1082/1082/1082 1094/1094/1094
f 1082/1082/1082 1095/1095/1095 1094/1094/1094
f 1082/1082/1082 1083/1083/1083 1095/1095/1095
f 1083/1083/1083 1096/1096/1096 1095/1095/1095
f 1083/1083/1083 1084/1084/1084 1096/1096/1096
f 1084/1084/1084 1097/1097/1097 1096/1096/1096
f 1084/1084/1084 1085/1085/1085 1097/1097/1097
f 1085/1085/1085 1098/1098/1098 1097/1097/1097
f 1085/1085/1085 1086/1086/1086 1098/1098/1098
f 1086/1086/1086 1099/1099/1099 1098/1098/1098
f 1086/1086/1086 1087/1087/1087 1099/1099/1099
f 1087/1087/1087 1100/1100/1100 1099/1099/1099
f 1087/1087/1087 1088/1088/1088 1100/1100/1100
f 1088/1088/1088 1101/1101/1101 1100/1100/1100
f 1088/1088/1088 1089/1089/1089 1101/1101/1101
f 1089/1089/1089 1102/1102/1102 1101/1101/1101
f 1089/1089/1089 1090/1090/1090 1102/1102/1102
f 1090/1090/1090 1103/1103/1103 1102/1102/1102
f 1090/1090/1090 1091/1091/1091 1103/1103/1103
f 1091/1091/1091 1104/1104/1104 1103/1103/1103
f 1091/1091/1091 1092/1092/1092 1104/1104/1104
f 1092/1092/1092 1105/1105/1105 1104/1104/1104
f 1093/1093/1093 1094/1094/1094 1106/1106/1106
f 1094/1094/1094 1107/1107/1107 1106/1106/1106
f 1094/1094/1094 1095/1095/1095 1107/1107/1107
f 1095/1095/1095 1108/1108/1108 1107/1107/1107
f 1095/1095/1095 1096/1096/1096 1108/1108/1108
f 1096/1096/1096 1109/1109/1109 1108/1108/1108
f 1096/1096/1096 1097/1097/1097 1109/1109/1109
f 1097/1097/1097 1110/1110/1110 1109/1109/1109
f 1097/1097/1097 1098/1098/1098 1110/1110/1110
f 1098/1098/1098 1111/1111/1111 1110/1110/1110
f 1098/1098/1098 1099/1099/1099 1111/1111/1111
f 1099/1099/1099 1112/1112/1112 1111/1111/1111
f 1099/1099/1099 1100/1100/1100 1112/1112/1112
f 1100/1100/1100 1113/1113/1113 1112/1112/1112
f 1100/1100/1100 1101/1101/1101 1113/1113/1113
f 1101/1101/1101 1114/1114/1114 1113/1113/1113
f 1101/1101/1101 1102/1102/1102 1114/1114/1114
f 1102/1102/1102 1115/1115/1115 1114/1114/1114
f 1102/1102/1102 1103/1103/1103 1115/1115/1115
f 1103/1103/1103 1116/1116/1116 1115/1115/1115
f 1103/1103/1103 1104/1104/1104 1116/1116/1116
f 1104/1104/1104 1117/1117/1117 1116/1116/1116
f 1104/1104/1104 1105/1105/1105 1117/1117/1117
f 1105/1105/1105 1118/1118/1118 1117/1117/1117
f 1106/1106/1106 1107/1107/1107 1119/1119/1119
f 1107/1107/1107 1120/1120/1120 1119/1119/1119
f 1107/1107/1107 1108/1108/1108 1120/1120/1120
f 1108/1108/1108 1121/1121/1121 1120/1120/1120
f 1108/1108/1108 1109/1109/1109 1121/1121/1121
f 1109/1109/1109 1122/1122/1122 1121/1121/1121
f 1109/1109/1109 1110/1110/1110 1122/1122/1122
f 1110/1110/1110 1123/1123/1123 1122/1122/1122
f 1110/1110/1110 1111/1111/1111 1123/1123/1123
f 1111/1111/1111 1124/1124/1124 1123/1123/1123
f 1111/1111/1111 1112/1112/1112 1124/1124/1124
f 1112/1112/1112 1125/1125/1125 1124/1124/1124
f 1112/1112/1112 1113/1113/1113 1125/1125/1125
f 1113/1113/1113 1126/1126/1126 1125/1125/1125
f 1113/1113/1113 1114/1114/1114 1126/1126/1126
f 1114/1114/1114 1127/1127/1127 1126/1126/1126
f 1114/1114/1114 1115/1115/1115 1127/1127/1127
f 1115/1115/1115 1128/1128/1128 1127/1127/1127
f 1115/1115/1115 1116/1116/1116 1128/1128/1128
f 1116/1116/1116 1129/1129/1129 1128/1128/1128
f 1116/1116/1116 1117/1117/1117 1129/1129/1129
f 1117/1117/1117 1130/1130/1130 1129/1129/1129
f 1117/1117/1117 1118/1118/1118 1130/1130/1130
f 1118/1118/1118 1131/1131/1131 1130/1130/1130
f 1119/1119/1119 1120/1120/1120 1132/1132/1132
f 1120/1120/1120 1133/1133/1133 1132/1132/1132
f 1120/1120/1120 1121/1121/1121 1133/1133/1133
f 1121/1121/1121 1134/1134/1134 1133/1133/1133
f 1121/1121/1121 1122/1122/1122 1134/1134/1134
f 1122/1122/1122 1135/1135/1135 1134/1134/1134
f 1122/1122/1122 1123/1123/1123 1135/1135/1135
f 1123/1123/1123 1136/1136/1136 1135/1135/1135
f 1123/1123/1123 1124/1124/1124 1136/1136/1136
f 1124/1124/1124 1137/1137/1137 1136/1136/1136
f 1124/1124/1124 1125/1125/1125 1137/1137/1137
f 1125/1125/1125 1138/1138/1138 1137/1137/1137
f 1125/1125/1125 1126/1126/1126 1138/1138/1138
f 1126/1126/1126 1139/1139/1139 1138/1138/1138
f 1126/1126/1126 1127/1127/1127 1139/1139/1139
f 1127/1127/1127 1140/1140/1140 1139/1139/1139
f 1127/1127/1127 1128/1128/1128 1140/1140/1140
f 1128/1128/1128 1141/1141/1141 1140/1140/1140
f 1128/1128/1128 1129/1129/1129 1141/1141/1141
f 1129/1129/1129 1142/1142/1142 1141/1141/1141
f 1129/1129/1129 1130/1130/1130 1142/1142/1142
f 1130/1130/1130 1143/1143/1143 1142/1142/1142
f 1130/1130/1130 1131/1131/1131 1143/1143/1143
f 1131/1131/1131 1144/1144/1144 1143/1143/1143
f 1132/1132/1132 1133/1133/1133 1145/1145/1145
f 1133/1133/1133 1146/1146/1146 1145/1145/1145
f 1133/1133/1133 1134/1134/1134 1146/1146/1146
f 1134/1134/1134 1147/1147/1147 1146/1146/1146
f 1134/1134/1134 1135/1135/1135 1147/1147/1147
f 1135/1135/1135 1148/1148/1148 1147/1147/1147
f 1135/1135/1135 1136/1136/1136 1148/1148/1148
f 1136/1136/1136 1149/1149/1149 1148/1148/1148
f 1136/1136/1136 1137/1137/1137 1149/1149/1149
f 1137/1137/1137 1150/1150/1150 1149/1149/1149
f 1137/1137/1137 1138/1138/1138 1150/1150/1150
f 1138/1138/1138 1151/1151/1151 1150/1150/1150
f 1138/1138/1138 1139/1139/1139 1151/1151/1151
f 1139/1139/1139 1152/1152/1152 1151/1151/1151
f 1139/1139/1139 1140/1140/1140 1152/1152/1152
f 1140/1140/1140 1153/1153/1153 1152/1152/1152
f 1140/1140/1140 1141/1141/1141 1153/1153/1153
f 1141/1141/1141 1154/1154/1154 1153/1153/1153
f 1141/1141/1141 1142/1142/1142 1154/1154/1154
f 1142/1142/1142 1155/1155/1155 1154/1154/1154
f 1142/1142/1142 1143/1143/1143 1155/1155/1155
f 1143/1143/1143 1156/1156/1156 1155/1155/1155
f 1143/1143/1143 1144/1144/1144 1156/1156/1156
f 1144/1144/1144 1157/1157/1157 1156/1156/1156
f 1145/1145/1145 1146/1146/1146 1158/1158/1158
f 1146/1146/1146 1159/1159/1159 1158/1158/1158
f 1146/1146/1146 1147/1147/1147 1159/1159/1159
f 1147/1147/1147 1160/1160/1160 1159/1159/1159
f 1147/1147/1147 1148/1148/1148 1160/1160/1160
f 1148/1148/1148 1161/1161/1161 1160/1160/1160
f 1148/1148/1148 1149/1149/1149 1161/1161/1161
f 1149/1149/1149 1162/1162/1162 1161/1161/1161
f 1149/1149/1149 1150/1150/1150 1162/1162/1162
f 1150/1150/1150 1163/1163/1163 1162/1162/1162
f 1150/1150/1150 1151/1151/1151 1163/1163/1163
f 1151/1151/1151 1164/1164/1164 1163/1163/1163
f 1151/1151/1151 1152/1152/1152 1164/1164/1164
f 1152/1152/1152 1165/1165/1165 1164/1164/1164
f 1152/1152/1152 1153/1153/1153 1165/1165/1165
f 1153/1153/1153 1166/1166/1166 1165/1165/1165
f 1153/1153/1153 1154/1154/1154 1166/1166/1166
f 1154/1154/1154 1167/1167/1167 1166/1166/1166
f 1154/1154/1154 1155/1155/1155 1167/1167/1167
f 1155/1155/1155 1168/1168/1168 1167/1167/1167
f 1155/1155/1155 1156/1156/1156 1168/1168/1168
f 1156/1156/1156 1169/1169/1169 1168/1168/1168
f 1156/1156/1156 1157/1157/1157 1169/1169/1169
f 1157/1157/1157 1170/1170/1170 1169/1169/1169
