# Original Tetherbound Veilfall mesh. See source/generate_waterfall.py.
o plunge_crowns
v -6.070526 -5.340000 -1.964936
v -6.069014 -5.340000 -1.976493
v -6.068412 -5.340000 -1.988144
v -6.068723 -5.340000 -1.999808
v -6.069947 -5.340000 -2.011404
v -6.072074 -5.340000 -2.022851
v -6.075090 -5.340000 -2.034070
v -6.078974 -5.340000 -2.044982
v -6.083698 -5.340000 -2.055513
v -6.089230 -5.340000 -2.065589
v -6.095532 -5.340000 -2.075139
v -6.102559 -5.340000 -2.084098
v -6.110263 -5.340000 -2.092404
v -6.118591 -5.340000 -2.099998
v -6.127484 -5.340000 -2.106828
v -6.136881 -5.340000 -2.112846
v -6.146717 -5.340000 -2.118011
v -6.156922 -5.340000 -2.122287
v -6.167427 -5.340000 -2.125644
v -6.178158 -5.340000 -2.128058
v -6.189041 -5.340000 -2.129514
v -6.200000 -5.340000 -2.130000
v -6.210959 -5.340000 -2.129514
v -6.221842 -5.340000 -2.128058
v -6.232573 -5.340000 -2.125644
v -6.243078 -5.340000 -2.122287
v -6.253283 -5.340000 -2.118011
v -6.263119 -5.340000 -2.112846
v -6.272516 -5.340000 -2.106828
v -6.281409 -5.340000 -2.099998
v -6.289737 -5.340000 -2.092404
v -6.297441 -5.340000 -2.084098
v -6.304468 -5.340000 -2.075139
v -6.310770 -5.340000 -2.065589
v -6.316302 -5.340000 -2.055513
v -6.321026 -5.340000 -2.044982
v -6.324910 -5.340000 -2.034070
v -6.327926 -5.340000 -2.022851
v -6.330053 -5.340000 -2.011404
v -6.331277 -5.340000 -1.999808
v -6.331588 -5.340000 -1.988144
v -6.330986 -5.340000 -1.976493
v -6.329474 -5.340000 -1.964936
v -5.982669 -5.209477 -1.947928
v -5.980130 -5.200118 -1.967328
v -5.979119 -5.166515 -1.986885
v -5.979643 -5.121923 -2.006463
v -5.981697 -5.115954 -2.025928
v -5.985267 -5.110070 -2.045142
v -5.990330 -5.117964 -2.063974
v -5.996849 -5.140688 -2.082292
v -6.004779 -5.156051 -2.099968
v -6.014065 -5.177289 -2.116881
v -6.024643 -5.207466 -2.132912
v -6.036439 -5.202746 -2.147951
v -6.049371 -5.180273 -2.161892
v -6.063349 -5.147957 -2.174639
v -6.078277 -5.102559 -2.186104
v -6.094051 -5.096229 -2.196206
v -6.110560 -5.115149 -2.204876
v -6.127691 -5.137156 -2.212053
v -6.145324 -5.167027 -2.217688
v -6.163337 -5.188741 -2.221741
v -6.181605 -5.184519 -2.224184
v -6.200000 -5.196495 -2.225000
v -6.218395 -5.184290 -2.224184
v -6.236663 -5.154743 -2.221741
v -6.254676 -5.126778 -2.217688
v -6.272309 -5.100729 -2.212053
v -6.289440 -5.090398 -2.204876
v -6.305949 -5.129201 -2.196206
v -6.321723 -5.162458 -2.186104
v -6.336651 -5.190772 -2.174639
v -6.350629 -5.206693 -2.161892
v -6.363561 -5.189872 -2.147951
v -6.375357 -5.169219 -2.132912
v -6.385935 -5.157913 -2.116881
v -6.395221 -5.130569 -2.099968
v -6.403151 -5.112623 -2.082292
v -6.409670 -5.109443 -2.063974
v -6.414733 -5.107422 -2.045142
v -6.418303 -5.144816 -2.025928
v -6.420357 -5.186673 -2.006463
v -6.420881 -5.206097 -1.986885
v -6.419870 -5.207915 -1.967328
v -6.417331 -5.185534 -1.947928
v -5.894812 -5.084617 -1.930920
v -5.891247 -5.066301 -1.958162
v -5.889827 -5.000147 -1.985625
v -5.890562 -4.912277 -2.013119
v -5.893447 -4.901426 -2.040451
v -5.898461 -4.890117 -2.067434
v -5.905569 -4.905563 -2.093878
v -5.914723 -4.949996 -2.119601
v -5.925859 -4.979411 -2.144424
v -5.938899 -5.020767 -2.168173
v -5.953753 -5.080604 -2.190685
v -5.970318 -5.071448 -2.211803
v -5.988478 -5.027477 -2.231381
v -6.008108 -4.964150 -2.249281
v -6.029070 -4.874507 -2.265380
v -6.051220 -4.862416 -2.279566
v -6.074404 -4.900034 -2.291741
v -6.098460 -4.943115 -2.301819
v -6.123221 -5.001560 -2.309732
v -6.148516 -5.043807 -2.315423
v -6.174168 -5.034739 -2.318854
v -6.200000 -5.058854 -2.320000
v -6.225832 -5.035333 -2.318854
v -6.251484 -4.977526 -2.315423
v -6.276779 -4.922801 -2.309732
v -6.301540 -4.871381 -2.301819
v -6.325596 -4.850616 -2.291741
v -6.348780 -4.927377 -2.279566
v -6.370930 -4.992620 -2.265380
v -6.391892 -5.048019 -2.249281
v -6.411522 -5.079133 -2.231381
v -6.429682 -5.045532 -2.211803
v -6.446247 -5.005021 -2.190685
v -6.461101 -4.983666 -2.168173
v -6.474141 -4.930226 -2.144424
v -6.485277 -4.895112 -2.119601
v -6.494431 -4.888771 -2.093878
v -6.501539 -4.883984 -2.067434
v -6.506553 -4.957536 -2.040451
v -6.509438 -5.039983 -2.013119
v -6.510173 -5.078004 -1.985625
v -6.508753 -5.081561 -1.958162
v -6.505188 -5.037495 -1.930920
v -5.806954 -4.970840 -1.913912
v -5.802364 -4.944350 -1.948997
v -5.800535 -4.847704 -1.984366
v -5.801482 -4.719128 -2.019774
v -5.805196 -4.705524 -2.054975
v -5.811654 -4.689685 -2.089725
v -5.820809 -4.712014 -2.123783
v -5.832598 -4.776170 -2.156910
v -5.846940 -4.817072 -2.188879
v -5.863734 -4.876351 -2.219466
v -5.882864 -4.964844 -2.248459
v -5.904198 -4.951804 -2.275656
v -5.927586 -4.888243 -2.300869
v -5.952866 -4.796460 -2.323922
v -5.979863 -4.664825 -2.344656
v -6.008390 -4.648088 -2.362926
v -6.038247 -4.703968 -2.378606
v -6.069228 -4.766296 -2.391586
v -6.101118 -4.850776 -2.401776
v -6.133695 -4.911249 -2.409106
v -6.166732 -4.896114 -2.413524
v -6.200000 -4.932686 -2.415000
v -6.233268 -4.899589 -2.413524
v -6.266305 -4.816038 -2.409106
v -6.298882 -4.736911 -2.401776
v -6.330772 -4.661445 -2.391586
v -6.361753 -4.630047 -2.378606
v -6.391610 -4.743116 -2.362926
v -6.420137 -4.837855 -2.344656
v -6.447134 -4.917937 -2.323922
v -6.472414 -4.962817 -2.300869
v -6.495802 -4.912518 -2.275656
v -6.517136 -4.853706 -2.248459
v -6.536266 -4.824757 -2.219466
v -6.553060 -4.747665 -2.188879
v -6.567402 -4.696907 -2.156910
v -6.579191 -4.687444 -2.123783
v -6.588346 -4.678429 -2.089725
v -6.594804 -4.785722 -2.054975
v -6.598518 -4.906280 -2.019774
v -6.599465 -4.961280 -1.984366
v -6.597636 -4.966418 -1.948997
v -6.593046 -4.902028 -1.913912
v -5.719097 -4.873082 -1.896905
v -5.713480 -4.839550 -1.939831
v -5.711243 -4.715390 -1.983106
v -5.712401 -4.549824 -2.026429
v -5.716946 -4.536545 -2.069499
v -5.724847 -4.517471 -2.112017
v -5.736049 -4.545716 -2.153687
v -5.750473 -4.626725 -2.194220
v -5.768021 -4.675404 -2.233334
v -5.788569 -4.749437 -2.270758
v -5.811975 -4.865128 -2.306232
v -5.838077 -4.849006 -2.339508
v -5.866693 -4.768612 -2.370357
v -5.897624 -4.652067 -2.398564
v -5.930656 -4.481696 -2.423932
v -5.965559 -4.461926 -2.446286
v -6.002091 -4.535437 -2.465470
v -6.039997 -4.614372 -2.481352
v -6.079015 -4.721219 -2.493820
v -6.118873 -4.796581 -2.502788
v -6.159295 -4.773613 -2.508194
v -6.200000 -4.823102 -2.510000
v -6.240705 -4.782945 -2.508194
v -6.281127 -4.677287 -2.502788
v -6.320985 -4.577168 -2.493820
v -6.360003 -4.479570 -2.481352
v -6.397909 -4.437250 -2.465470
v -6.434441 -4.584242 -2.446286
v -6.469344 -4.704880 -2.423932
v -6.502376 -4.806170 -2.398564
v -6.533307 -4.862756 -2.370357
v -6.561923 -4.795874 -2.339508
v -6.588025 -4.721014 -2.306232
v -6.611431 -4.688021 -2.270758
v -6.631979 -4.590808 -2.233334
v -6.649527 -4.526609 -2.194220
v -6.663951 -4.514079 -2.153687
v -6.675153 -4.498724 -2.112017
v -6.683054 -4.636261 -2.069499
v -6.687599 -4.791350 -2.026429
v -6.688757 -4.860991 -1.983106
v -6.686520 -4.867481 -1.939831
v -6.680903 -4.784735 -1.896905
v -5.631240 -4.795586 -1.879897
v -5.624597 -4.756444 -1.930666
v -5.621951 -4.608536 -1.981847
v -5.623320 -4.410681 -2.033085
v -5.628696 -4.401618 -2.084023
v -5.638040 -4.380948 -2.134308
v -5.651288 -4.413885 -2.183591
v -5.668348 -4.508116 -2.231529
v -5.689101 -4.559882 -2.277789
v -5.713404 -4.644658 -2.322050
v -5.741086 -4.785708 -2.364005
v -5.771956 -4.767513 -2.403361
v -5.805800 -4.673776 -2.439846
v -5.842383 -4.537139 -2.473205
v -5.881449 -4.332152 -2.503208
v -5.922729 -4.311388 -2.529646
v -5.965934 -4.401732 -2.552335
v -6.010766 -4.493937 -2.571118
v -6.056912 -4.618510 -2.585864
v -6.104052 -4.704540 -2.596470
v -6.151859 -4.671505 -2.602864
v -6.200000 -4.734494 -2.605000
v -6.248141 -4.690459 -2.602864
v -6.295948 -4.567293 -2.596470
v -6.343088 -4.450494 -2.585864
v -6.389234 -4.333188 -2.571118
v -6.434066 -4.279581 -2.552335
v -6.477271 -4.457478 -2.529646
v -6.518551 -4.599464 -2.503208
v -6.557617 -4.717568 -2.473205
v -6.594200 -4.783252 -2.439846
v -6.628044 -4.699936 -2.403361
v -6.658914 -4.611874 -2.364005
v -6.686596 -4.579328 -2.322050
v -6.710899 -4.466461 -2.277789
v -6.731652 -4.391606 -2.231529
v -6.748712 -4.376080 -2.183591
v -6.761960 -4.351714 -2.134308
v -6.771304 -4.515076 -2.084023
v -6.776680 -4.700165 -2.033085
v -6.778049 -4.781488 -1.981847
v -6.775403 -4.789043 -1.930666
v -6.768760 -4.690429 -1.879897
v -5.543383 -4.741714 -1.862889
v -5.535713 -4.698633 -1.921500
v -5.532659 -4.531366 -1.980587
v -5.534240 -4.306704 -2.039740
v -5.540446 -4.306395 -2.098547
v -5.551234 -4.286040 -2.156600
v -5.566528 -4.322243 -2.213496
v -5.586223 -4.425462 -2.268839
v -5.610182 -4.474844 -2.322245
v -5.638238 -4.565688 -2.373343
v -5.670197 -4.729950 -2.421778
v -5.705836 -4.710863 -2.467213
v -5.744908 -4.607850 -2.509334
v -5.787141 -4.456567 -2.547847
v -5.832242 -4.221767 -2.582484
v -5.879898 -4.202388 -2.613006
v -5.929778 -4.308635 -2.639200
v -5.981535 -4.410216 -2.660884
v -6.034809 -4.547105 -2.677908
v -6.089231 -4.638882 -2.690153
v -6.144422 -4.593177 -2.697534
v -6.200000 -4.670343 -2.700000
v -6.255578 -4.626140 -2.697534
v -6.310769 -4.490831 -2.690153
v -6.365191 -4.362378 -2.677908
v -6.418465 -4.228190 -2.660884
v -6.470222 -4.162870 -2.639200
v -6.520102 -4.368152 -2.613006
v -6.567758 -4.526181 -2.582484
v -6.612859 -4.655976 -2.547847
v -6.655092 -4.727719 -2.509334
v -6.694164 -4.628140 -2.467213
v -6.729803 -4.530197 -2.421778
v -6.761762 -4.503334 -2.373343
v -6.789818 -4.380022 -2.322245
v -6.813777 -4.297758 -2.268839
v -6.833472 -4.279318 -2.213496
v -6.848766 -4.242827 -2.156600
v -6.859554 -4.426858 -2.098547
v -6.865760 -4.636665 -2.039740
v -6.867341 -4.726221 -1.980587
v -6.864287 -4.734505 -1.921500
v -6.856617 -4.622925 -1.862889
v -5.455525 -4.713805 -1.845881
v -5.446830 -4.668619 -1.912335
v -5.443366 -4.486819 -1.979328
v -5.445159 -4.241373 -2.046395
v -5.452196 -4.254805 -2.113071
v -5.464427 -4.236864 -2.178892
v -5.481768 -4.274765 -2.243400
v -5.504098 -4.382320 -2.306148
v -5.531263 -4.423309 -2.366700
v -5.563073 -4.515082 -2.424635
v -5.599308 -4.700198 -2.479551
v -5.639715 -4.681514 -2.531066
v -5.684015 -4.573695 -2.578822
v -5.731899 -4.413751 -2.622488
v -5.783035 -4.154417 -2.661760
v -5.837068 -4.139035 -2.696366
v -5.893621 -4.260163 -2.726065
v -5.952303 -4.366842 -2.750650
v -6.012706 -4.510100 -2.769952
v -6.074410 -4.602218 -2.783835
v -6.136986 -4.540980 -2.792204
v -6.200000 -4.633071 -2.795000
v -6.263014 -4.592775 -2.792204
v -6.325590 -4.451218 -2.783835
v -6.387294 -4.316637 -2.769952
v -6.447697 -4.168670 -2.750650
v -6.506379 -4.091169 -2.726065
v -6.562932 -4.319970 -2.696366
v -6.616965 -4.488211 -2.661760
v -6.668101 -4.624067 -2.622488
v -6.715985 -4.698528 -2.578822
v -6.760285 -4.582876 -2.531066
v -6.800692 -4.478700 -2.479551
v -6.836927 -4.463273 -2.424635
v -6.868737 -4.335239 -2.366700
v -6.895902 -4.249137 -2.306148
v -6.918232 -4.227873 -2.243400
v -6.935573 -4.175834 -2.178892
v -6.947804 -4.374869 -2.113071
v -6.954841 -4.603590 -2.046395
v -6.956634 -4.697589 -1.979328
v -6.953170 -4.706232 -1.912335
v -6.944475 -4.584876 -1.845881
v -5.367668 -4.713068 -1.828873
v -5.357947 -4.667700 -1.903169
v -5.354074 -4.476416 -1.978069
v -5.356079 -4.216491 -2.053051
v -5.363945 -4.248884 -2.127595
v -5.377620 -4.235553 -2.201183
v -5.397007 -4.273513 -2.273304
v -5.421973 -4.380534 -2.343457
v -5.452343 -4.406838 -2.411155
v -5.487908 -4.494163 -2.475927
v -5.528419 -4.697663 -2.537324
v -5.573595 -4.680739 -2.594918
v -5.623122 -4.572793 -2.648311
v -5.676657 -4.410452 -2.697130
v -5.733828 -4.132108 -2.741037
v -5.794237 -4.123459 -2.779726
v -5.857465 -4.258398 -2.812930
v -5.923072 -4.365698 -2.840417
v -5.990603 -4.509101 -2.861996
v -6.059589 -4.595900 -2.877518
v -6.129550 -4.516134 -2.886874
v -6.200000 -4.623929 -2.890000
v -6.270450 -4.591808 -2.886874
v -6.340411 -4.450173 -2.877518
v -6.409397 -4.315246 -2.861996
v -6.476928 -4.156750 -2.840417
v -6.542535 -4.066578 -2.812930
v -6.605763 -4.314851 -2.779726
v -6.666172 -4.487202 -2.741037
v -6.723343 -4.623225 -2.697130
v -6.776878 -4.696909 -2.648311
v -6.826405 -4.565381 -2.594918
v -6.871581 -4.458790 -2.537324
v -6.912092 -4.460822 -2.475927
v -6.947657 -4.334058 -2.411155
v -6.978027 -4.247852 -2.343457
v -7.002993 -4.223858 -2.273304
v -7.022380 -4.152690 -2.201183
v -7.036055 -4.360800 -2.127595
v -7.043921 -4.602359 -2.053051
v -7.045926 -4.696834 -1.978069
v -7.042053 -4.705450 -1.903169
v -7.032332 -4.577655 -1.828873
v -5.279811 -4.739537 -1.811866
v -5.269063 -4.695909 -1.894004
v -5.264782 -4.500197 -1.976809
v -5.266998 -4.232106 -2.059706
v -5.275695 -4.288685 -2.142119
v -5.290813 -4.282164 -2.223475
v -5.312247 -4.318540 -2.303209
v -5.339848 -4.420152 -2.380767
v -5.373424 -4.425472 -2.455611
v -5.412742 -4.502964 -2.527220
v -5.457529 -4.722378 -2.595097
v -5.507474 -4.708573 -2.658771
v -5.562230 -4.605183 -2.717799
v -5.621416 -4.446716 -2.771771
v -5.684621 -4.154894 -2.820313
v -5.751407 -4.155716 -2.863086
v -5.821308 -4.303395 -2.899794
v -5.893841 -4.406833 -2.930183
v -5.968500 -4.544151 -2.954040
v -6.044767 -4.619964 -2.971200
v -6.122113 -4.518671 -2.981544
v -6.200000 -4.642952 -2.985000
v -6.277887 -4.623278 -2.981544
v -6.355233 -4.487742 -2.971200
v -6.431500 -4.358258 -2.954040
v -6.506159 -4.192486 -2.930183
v -6.578692 -4.089153 -2.899794
v -6.648593 -4.352845 -2.863086
v -6.715379 -4.523197 -2.820313
v -6.778584 -4.653487 -2.771771
v -6.837770 -4.722893 -2.717799
v -6.892526 -4.575687 -2.658771
v -6.942471 -4.470506 -2.595097
v -6.987258 -4.496026 -2.527220
v -7.026576 -4.376528 -2.455611
v -7.060152 -4.293959 -2.380767
v -7.087753 -4.267330 -2.303209
v -7.109187 -4.173446 -2.223475
v -7.124305 -4.384696 -2.142119
v -7.133002 -4.633009 -2.059706
v -7.135218 -4.723988 -1.976809
v -7.130937 -4.732191 -1.894004
v -7.120189 -4.601298 -1.811866
v -5.191954 -4.792063 -1.794858
v -5.180180 -4.752016 -1.884838
v -5.175490 -4.556720 -1.975550
v -5.177917 -4.286507 -2.066361
v -5.187445 -4.372277 -2.156643
v -5.204006 -4.374674 -2.245766
v -5.227487 -4.407893 -2.333113
v -5.257723 -4.499427 -2.418076
v -5.294505 -4.477730 -2.500066
v -5.337577 -4.540233 -2.578512
v -5.386640 -4.773192 -2.652870
v -5.441354 -4.763806 -2.722623
v -5.501337 -4.669460 -2.787287
v -5.566174 -4.520874 -2.846413
v -5.635414 -4.220871 -2.899589
v -5.708576 -4.233786 -2.946446
v -5.785152 -4.393179 -2.986659
v -5.864609 -4.488462 -3.019949
v -5.946397 -4.613727 -3.046084
v -6.029946 -4.673128 -3.064882
v -6.114677 -4.547434 -3.076214
v -6.200000 -4.688950 -3.080000
v -6.285323 -4.685815 -3.076214
v -6.370054 -4.562293 -3.064882
v -6.453603 -4.443798 -3.046084
v -6.535391 -4.273865 -3.019949
v -6.614848 -4.156902 -2.986659
v -6.691424 -4.432133 -2.946446
v -6.764586 -4.594633 -2.899589
v -6.833826 -4.713540 -2.846413
v -6.898663 -4.775314 -2.787287
v -6.958646 -4.612622 -2.722623
v -7.013360 -4.512512 -2.652870
v -7.062423 -4.567295 -2.578512
v -7.105495 -4.460808 -2.500066
v -7.142277 -4.385458 -2.418076
v -7.172513 -4.356284 -2.333113
v -7.195994 -4.236249 -2.245766
v -7.212555 -4.444953 -2.156643
v -7.222083 -4.694195 -2.066361
v -7.224510 -4.777874 -1.975550
v -7.219820 -4.785292 -1.884838
v -7.208046 -4.654503 -1.794858
v -5.104097 -4.868366 -1.777850
v -5.091296 -4.833582 -1.875673
v -5.086198 -4.643119 -1.974290
v -5.088837 -4.376302 -2.073017
v -5.099195 -4.495831 -2.171166
v -5.117200 -4.509068 -2.268058
v -5.142726 -4.537693 -2.363017
v -5.175598 -4.614888 -2.455386
v -5.215586 -4.560671 -2.544521
v -5.262412 -4.603478 -2.629804
v -5.315751 -4.847822 -2.710643
v -5.375233 -4.844043 -2.786476
v -5.440444 -4.762834 -2.856776
v -5.510932 -4.629610 -2.921054
v -5.586207 -4.326261 -2.978865
v -5.665745 -4.353663 -3.029806
v -5.748995 -4.523834 -3.073524
v -5.835378 -4.607043 -3.109715
v -5.924294 -4.714809 -3.138128
v -6.015125 -4.752844 -3.158565
v -6.107240 -4.600130 -3.170884
v -6.200000 -4.759564 -3.175000
v -6.292760 -4.776702 -3.170884
v -6.384875 -4.670593 -3.158565
v -6.475706 -4.568146 -3.138128
v -6.564622 -4.396897 -3.109715
v -6.651005 -4.265873 -3.073524
v -6.734255 -4.549102 -3.029806
v -6.813793 -4.698411 -2.978865
v -6.889068 -4.800778 -2.921054
v -6.959556 -4.851862 -2.856776
v -7.024767 -4.673855 -2.786476
v -7.084249 -4.582157 -2.710643
v -7.137588 -4.671473 -2.629804
v -7.184414 -4.583240 -2.544521
v -7.224402 -4.518378 -2.455386
v -7.257274 -4.486742 -2.363017
v -7.282800 -4.337421 -2.268058
v -7.300805 -4.538390 -2.171166
v -7.311163 -4.783246 -2.073017
v -7.313802 -4.856153 -1.974290
v -7.308704 -4.862449 -1.875673
v -7.295903 -4.734684 -1.777850
v -5.016239 -4.965135 -1.760842
v -5.002413 -4.937061 -1.866508
v -4.996906 -4.755235 -1.973031
v -4.999756 -4.496562 -2.079672
v -5.010944 -4.653781 -2.185690
v -5.030393 -4.679513 -2.290349
v -5.057966 -4.702310 -2.392922
v -5.093473 -4.761498 -2.492695
v -5.136666 -4.670021 -2.588976
v -5.187246 -4.689082 -2.681097
v -5.244862 -4.942952 -2.768416
v -5.309112 -4.945802 -2.850328
v -5.379552 -4.881252 -2.926264
v -5.455691 -4.768109 -2.995696
v -5.537000 -4.465576 -3.058141
v -5.622915 -4.509524 -3.113166
v -5.712839 -4.689667 -3.160389
v -5.806147 -4.757431 -3.199481
v -5.902191 -4.843010 -3.230172
v -6.000304 -4.855417 -3.252247
v -6.099804 -4.673426 -3.265554
v -6.200000 -4.851366 -3.270000
v -6.300196 -4.891990 -3.265554
v -6.399696 -4.807941 -3.252247
v -6.497809 -4.725898 -3.230172
v -6.593853 -4.555779 -3.199481
v -6.687161 -4.410327 -3.160389
v -6.777085 -4.698505 -3.113166
v -6.863000 -4.830026 -3.058141
v -6.944309 -4.911415 -2.995696
v -7.020448 -4.949175 -2.926264
v -7.090888 -4.756003 -2.850328
v -7.155138 -4.675594 -2.768416
v -7.212754 -4.803978 -2.681097
v -7.263334 -4.738510 -2.588976
v -7.306527 -4.686950 -2.492695
v -7.342034 -4.652923 -2.392922
v -7.369607 -4.471619 -2.290349
v -7.389056 -4.660388 -2.185690
v -7.400244 -4.896281 -2.079672
v -7.403094 -4.955428 -1.973031
v -7.397587 -4.960310 -1.866508
v -7.383761 -4.838083 -1.760842
v -4.928382 -5.078172 -1.743834
v -4.913529 -5.057957 -1.857342
v -4.907614 -4.887791 -1.971771
v -4.910676 -4.641036 -2.086327
v -4.922694 -4.839069 -2.200214
v -4.943586 -4.878612 -2.312641
v -4.973206 -4.894598 -2.422826
v -5.011348 -4.932864 -2.530004
v -5.057747 -4.800362 -2.633432
v -5.112081 -4.792458 -2.732389
v -5.173973 -5.054376 -2.826189
v -5.242992 -5.064666 -2.914181
v -5.318659 -5.019578 -2.995752
v -5.400449 -4.930264 -3.070337
v -5.487793 -4.631854 -3.137417
v -5.580084 -4.693985 -3.196526
v -5.676682 -4.883461 -3.247254
v -5.776916 -4.933098 -3.289248
v -5.880088 -4.992765 -3.322216
v -5.985483 -4.976156 -3.345930
v -6.092367 -4.763096 -3.360224
v -6.200000 -4.960008 -3.365000
v -6.307633 -5.026673 -3.360224
v -6.414517 -4.968378 -3.345930
v -6.519912 -4.910199 -3.322216
v -6.623084 -4.743156 -3.289248
v -6.723318 -4.582983 -3.247254
v -6.819916 -4.873687 -3.196526
v -6.912207 -4.983767 -3.137417
v -6.999551 -5.040650 -3.070337
v -7.081341 -5.062993 -2.995752
v -7.157008 -4.854775 -2.914181
v -7.226027 -4.787941 -2.826189
v -7.287919 -4.958998 -2.732389
v -7.342253 -4.919882 -2.633432
v -7.388652 -4.883860 -2.530004
v -7.426794 -4.847498 -2.422826
v -7.456414 -4.632066 -2.312641
v -7.477306 -4.805086 -2.200214
v -7.489324 -5.028379 -2.086327
v -7.492386 -5.071391 -1.971771
v -7.486471 -5.074629 -1.857342
v -7.471618 -4.959938 -1.743834
v -4.840525 -5.202570 -1.726827
v -4.824646 -5.191018 -1.848177
v -4.818321 -5.034624 -1.970512
v -4.821595 -4.802423 -2.092983
v -4.834444 -5.043453 -2.214738
v -4.856779 -5.097725 -2.334932
v -4.888445 -5.106214 -2.452730
v -4.929223 -5.121523 -2.567314
v -4.978828 -4.945365 -2.677887
v -5.036916 -4.908247 -2.783681
v -5.103084 -5.177180 -2.883962
v -5.176871 -5.195477 -2.978033
v -5.257767 -5.171807 -3.065241
v -5.345207 -5.108943 -3.144978
v -5.438586 -4.816965 -3.216693
v -5.537254 -4.898424 -3.279886
v -5.640526 -5.096784 -3.334118
v -5.747684 -5.126422 -3.379014
v -5.857985 -5.157575 -3.414260
v -5.970661 -5.109584 -3.439612
v -6.084931 -4.864201 -3.454894
v -6.200000 -5.080413 -3.460000
v -6.315069 -5.174902 -3.454894
v -6.429339 -5.144940 -3.439612
v -6.542015 -5.113045 -3.414260
v -6.652316 -4.950436 -3.379014
v -6.759474 -4.775336 -3.334118
v -6.862746 -5.066875 -3.279886
v -6.961414 -5.152962 -3.216693
v -7.054793 -5.182875 -3.144978
v -7.142233 -5.188340 -3.065241
v -7.223129 -4.965157 -2.978033
v -7.296916 -4.913495 -2.883962
v -7.363084 -5.129744 -2.783681
v -7.421172 -5.119484 -2.677887
v -7.470777 -5.100563 -2.567314
v -7.511555 -5.061905 -2.452730
v -7.543221 -4.810848 -2.334932
v -7.565556 -4.965639 -2.214738
v -7.578405 -5.173791 -2.092983
v -7.581679 -5.199011 -1.970512
v -7.575354 -5.200442 -1.848177
v -7.559475 -5.094683 -1.726827
v -7.400500 -5.320000 -1.850000
v -7.320467 -5.320000 -1.850000
v -7.240433 -5.320000 -1.850000
v -7.160400 -5.320000 -1.850000
v -7.080367 -5.320000 -1.850000
v -7.000333 -5.320000 -1.850000
v -6.920300 -5.320000 -1.850000
v -6.840267 -5.320000 -1.850000
v -6.760233 -5.320000 -1.850000
v -6.680200 -5.320000 -1.850000
v -6.600167 -5.320000 -1.850000
v -6.520133 -5.320000 -1.850000
v -6.440100 -5.320000 -1.850000
v -6.360067 -5.320000 -1.850000
v -6.280033 -5.320000 -1.850000
v -6.200000 -5.320000 -1.850000
v -6.119967 -5.320000 -1.850000
v -6.039933 -5.320000 -1.850000
v -5.959900 -5.320000 -1.850000
v -5.879867 -5.320000 -1.850000
v -5.799833 -5.320000 -1.850000
v -5.719800 -5.320000 -1.850000
v -5.639767 -5.320000 -1.850000
v -5.559733 -5.320000 -1.850000
v -5.479700 -5.320000 -1.850000
v -5.399667 -5.320000 -1.850000
v -5.319633 -5.320000 -1.850000
v -5.239600 -5.320000 -1.850000
v -5.159567 -5.320000 -1.850000
v -5.079533 -5.320000 -1.850000
v -4.999500 -5.320000 -1.850000
v -7.400500 -5.300924 -1.978571
v -7.320467 -5.287338 -1.978571
v -7.240433 -5.292164 -1.978571
v -7.160400 -5.309839 -1.978571
v -7.080367 -5.319989 -1.978571
v -7.000333 -5.310914 -1.978571
v -6.920300 -5.293075 -1.978571
v -6.840267 -5.287035 -1.978571
v -6.760233 -5.299757 -1.978571
v -6.680200 -5.316576 -1.978571
v -6.600167 -5.318104 -1.978571
v -6.520133 -5.302580 -1.978571
v -6.440100 -5.287898 -1.978571
v -6.360067 -5.290983 -1.978571
v -6.280033 -5.308278 -1.978571
v -6.200000 -5.319848 -1.978571
v -6.119967 -5.312355 -1.978571
v -6.039933 -5.294437 -1.978571
v -5.959900 -5.286748 -1.978571
v -5.879867 -5.298151 -1.978571
v -5.799833 -5.315502 -1.978571
v -5.719800 -5.318800 -1.978571
v -5.639767 -5.304244 -1.978571
v -5.559733 -5.288612 -1.978571
v -5.479700 -5.289924 -1.978571
v -5.399667 -5.306667 -1.978571
v -5.319633 -5.319541 -1.978571
v -5.239600 -5.313706 -1.978571
v -5.159567 -5.295888 -1.978571
v -5.079533 -5.286626 -1.978571
v -4.999500 -5.296597 -1.978571
v -7.400500 -5.256248 -2.107143
v -7.320467 -5.282580 -2.107143
v -7.240433 -5.314536 -2.107143
v -7.160400 -5.315279 -2.107143
v -7.080367 -5.283954 -2.107143
v -7.000333 -5.256668 -2.107143
v -6.920300 -5.264876 -2.107143
v -6.840267 -5.299115 -2.107143
v -6.760233 -5.319918 -2.107143
v -6.680200 -5.303305 -2.107143
v -6.600167 -5.268426 -2.107143
v -6.520133 -5.255486 -2.107143
v -6.440100 -5.279402 -2.107143
v -6.360067 -5.312605 -2.107143
v -6.280033 -5.316821 -2.107143
v -6.200000 -5.287191 -2.107143
v -6.119967 -5.257870 -2.107143
v -6.039933 -5.262656 -2.107143
v -5.959900 -5.296033 -2.107143
v -5.879867 -5.319526 -2.107143
v -5.799833 -5.306055 -2.107143
v -5.719800 -5.271148 -2.107143
v -5.639767 -5.255042 -2.107143
v -5.559733 -5.276304 -2.107143
v -5.479700 -5.310424 -2.107143
v -5.399667 -5.318072 -2.107143
v -5.319633 -5.290432 -2.107143
v -5.239600 -5.259365 -2.107143
v -5.159567 -5.260682 -2.107143
v -5.079533 -5.292865 -2.107143
v -4.999500 -5.318816 -2.107143
v -7.400500 -5.292752 -2.235714
v -7.320467 -5.319999 -2.235714
v -7.240433 -5.293344 -2.235714
v -7.160400 -5.243513 -2.235714
v -7.080367 -5.227947 -2.235714
v -7.000333 -5.264588 -2.235714
v -6.920300 -5.311201 -2.235714
v -6.840267 -5.314053 -2.235714
v -6.760233 -5.269858 -2.235714
v -6.680200 -5.229559 -2.235714
v -6.600167 -5.239610 -2.235714
v -6.520133 -5.288425 -2.235714
v -6.440100 -5.319734 -2.235714
v -6.360067 -5.297447 -2.235714
v -6.280033 -5.247254 -2.235714
v -6.200000 -5.227014 -2.235714
v -6.119967 -5.260057 -2.235714
v -6.039933 -5.308295 -2.235714
v -5.959900 -5.316122 -2.235714
v -5.879867 -5.274517 -2.235714
v -5.799833 -5.231438 -2.235714
v -5.719800 -5.236543 -2.235714
v -5.639767 -5.283947 -2.235714
v -5.559733 -5.319007 -2.235714
v -5.479700 -5.301309 -2.235714
v -5.399667 -5.251253 -2.235714
v -5.319633 -5.226540 -2.235714
v -5.239600 -5.255657 -2.235714
v -5.159567 -5.305040 -2.235714
v -5.079533 -5.317765 -2.235714
v -4.999500 -5.279163 -2.235714
v -7.400500 -5.310604 -2.364286
v -7.320467 -5.253384 -2.364286
v -7.240433 -5.205361 -2.364286
v -7.160400 -5.221892 -2.364286
v -7.080367 -5.283921 -2.364286
v -7.000333 -5.319947 -2.364286
v -6.920300 -5.288441 -2.364286
v -6.840267 -5.225722 -2.364286
v -6.760233 -5.204086 -2.364286
v -6.680200 -5.248474 -2.364286
v -6.600167 -5.307719 -2.364286
v -6.520133 -5.313528 -2.364286
v -6.440100 -5.259206 -2.364286
v -6.360067 -5.207369 -2.364286
v -6.280033 -5.217772 -2.364286
v -6.200000 -5.278422 -2.364286
v -6.119967 -5.319408 -2.364286
v -6.039933 -5.293484 -2.364286
v -5.959900 -5.230534 -2.364286
v -5.879867 -5.203120 -2.364286
v -5.799833 -5.242844 -2.364286
v -5.719800 -5.303914 -2.364286
v -5.639767 -5.315935 -2.364286
v -5.559733 -5.265049 -2.364286
v -5.479700 -5.209914 -2.364286
v -5.399667 -5.214084 -2.364286
v -5.319633 -5.272753 -2.364286
v -5.239600 -5.318292 -2.364286
v -5.159567 -5.298207 -2.364286
v -5.079533 -5.235652 -2.364286
v -4.999500 -5.202733 -2.364286
v -7.400500 -5.208001 -2.492857
v -7.320467 -5.187486 -2.492857
v -7.240433 -5.241830 -2.492857
v -7.160400 -5.308390 -2.492857
v -7.080367 -5.310441 -2.492857
v -7.000333 -5.245619 -2.492857
v -6.920300 -5.188645 -2.492857
v -6.840267 -5.205194 -2.492857
v -6.760233 -5.276189 -2.492857
v -6.680200 -5.319794 -2.492857
v -6.600167 -5.285744 -2.492857
v -6.520133 -5.213289 -2.492857
v -6.440100 -5.185950 -2.492857
v -6.360067 -5.235240 -2.492857
v -6.280033 -5.304342 -2.492857
v -6.200000 -5.313602 -2.492857
v -6.119967 -5.252345 -2.492857
v -6.039933 -5.191183 -2.492857
v -5.959900 -5.200619 -2.492857
v -5.879867 -5.269775 -2.492857
v -5.799833 -5.318934 -2.492857
v -5.719800 -5.291430 -2.492857
v -5.639767 -5.218967 -2.492857
v -5.559733 -5.185074 -2.492857
v -5.479700 -5.228820 -2.492857
v -5.399667 -5.299779 -2.492857
v -5.319633 -5.316155 -2.492857
v -5.239600 -5.259071 -2.492857
v -5.159567 -5.194329 -2.492857
v -5.079533 -5.196558 -2.492857
v -4.999500 -5.263188 -2.492857
v -7.400500 -5.199226 -2.621429
v -7.320467 -5.276927 -2.621429
v -7.240433 -5.319993 -2.621429
v -7.160400 -5.278781 -2.621429
v -7.080367 -5.200796 -2.621429
v -7.000333 -5.175934 -2.621429
v -6.920300 -5.232853 -2.621429
v -6.840267 -5.305941 -2.621429
v -6.760233 -5.310950 -2.621429
v -6.680200 -5.242105 -2.621429
v -6.600167 -5.178765 -2.621429
v -6.520133 -5.193943 -2.621429
v -6.440100 -5.270143 -2.621429
v -6.360067 -5.319528 -2.621429
v -6.280033 -5.285171 -2.621429
v -6.200000 -5.206676 -2.621429
v -6.119967 -5.174525 -2.621429
v -6.039933 -5.225779 -2.621429
v -5.959900 -5.301357 -2.621429
v -5.879867 -5.314139 -2.621429
v -5.799833 -5.249391 -2.621429
v -5.719800 -5.181749 -2.621429
v -5.639767 -5.189185 -2.621429
v -5.559733 -5.263127 -2.621429
v -5.479700 -5.318341 -2.621429
v -5.399667 -5.291181 -2.621429
v -5.319633 -5.212955 -2.621429
v -5.239600 -5.173835 -2.621429
v -5.159567 -5.218915 -2.621429
v -5.079533 -5.296232 -2.621429
v -4.999500 -5.316660 -2.621429
v -7.400500 -5.308289 -2.750000
v -7.320467 -5.308265 -2.750000
v -7.240433 -5.235315 -2.750000
v -7.160400 -5.173529 -2.750000
v -7.080367 -5.194129 -2.750000
v -7.000333 -5.273369 -2.750000
v -6.920300 -5.319908 -2.750000
v -6.840267 -5.280100 -2.750000
v -6.760233 -5.199831 -2.750000
v -6.680200 -5.171630 -2.750000
v -6.600167 -5.228003 -2.750000
v -6.520133 -5.303969 -2.750000
v -6.440100 -5.311960 -2.750000
v -6.360067 -5.242766 -2.750000
v -6.280033 -5.176146 -2.750000
v -6.200000 -5.188896 -2.750000
v -6.119967 -5.266317 -2.750000
v -6.039933 -5.319166 -2.750000
v -5.959900 -5.286523 -2.750000
v -5.879867 -5.206015 -2.750000
v -5.799833 -5.170446 -2.750000
v -5.719800 -5.220816 -2.750000
v -5.639767 -5.299063 -2.750000
v -5.559733 -5.314991 -2.750000
v -5.479700 -5.250239 -2.750000
v -5.399667 -5.179448 -2.750000
v -5.319633 -5.184220 -2.750000
v -5.239600 -5.259054 -2.750000
v -5.159567 -5.317688 -2.750000
v -5.079533 -5.292533 -2.750000
v -4.999500 -5.212587 -2.750000
v -7.400500 -5.276888 -2.878571
v -7.320467 -5.199194 -2.878571
v -7.240433 -5.176468 -2.878571
v -7.160400 -5.234908 -2.878571
v -7.080367 -5.307149 -2.878571
v -7.000333 -5.309917 -2.878571
v -6.920300 -5.240022 -2.878571
v -6.840267 -5.178033 -2.878571
v -6.760233 -5.195405 -2.878571
v -6.680200 -5.272114 -2.878571
v -6.600167 -5.319735 -2.878571
v -6.520133 -5.283376 -2.878571
v -6.440100 -5.204948 -2.878571
v -6.360067 -5.174856 -2.878571
v -6.280033 -5.227788 -2.878571
v -6.200000 -5.302728 -2.878571
v -6.119967 -5.313292 -2.878571
v -6.039933 -5.247302 -2.878571
v -5.959900 -5.180826 -2.878571
v -5.879867 -5.190492 -2.878571
v -5.799833 -5.265157 -2.878571
v -5.719800 -5.318755 -2.878571
v -5.639767 -5.289502 -2.878571
v -5.559733 -5.211118 -2.878571
v -5.479700 -5.173959 -2.878571
v -5.399667 -5.220857 -2.878571
v -5.319633 -5.297753 -2.878571
v -5.239600 -5.316007 -2.878571
v -5.159567 -5.254578 -2.878571
v -5.079533 -5.184276 -2.878571
v -4.999500 -5.186138 -2.878571
v -7.400500 -5.187475 -3.007143
v -7.320467 -5.208031 -3.007143
v -7.240433 -5.279763 -3.007143
v -7.160400 -5.319985 -3.007143
v -7.080367 -5.282332 -3.007143
v -7.000333 -5.210207 -3.007143
v -6.920300 -5.186750 -3.007143
v -6.840267 -5.239000 -3.007143
v -6.760233 -5.306728 -3.007143
v -6.680200 -5.311862 -3.007143
v -6.600167 -5.248486 -3.007143
v -6.520133 -5.189652 -3.007143
v -6.440100 -5.203181 -3.007143
v -6.360067 -5.273476 -3.007143
v -6.280033 -5.319508 -3.007143
v -6.200000 -5.288215 -3.007143
v -6.119967 -5.215669 -3.007143
v -6.039933 -5.185494 -3.007143
v -5.959900 -5.232475 -3.007143
v -5.879867 -5.302455 -3.007143
v -5.799833 -5.314767 -3.007143
v -5.719800 -5.255220 -3.007143
v -5.639767 -5.192453 -3.007143
v -5.559733 -5.198820 -3.007143
v -5.479700 -5.266980 -3.007143
v -5.399667 -5.318366 -3.007143
v -5.319633 -5.293743 -3.007143
v -5.239600 -5.221495 -3.007143
v -5.159567 -5.184903 -3.007143
v -5.079533 -5.226148 -3.007143
v -4.999500 -5.297685 -3.007143
v -7.400500 -5.253418 -3.135714
v -7.320467 -5.310623 -3.135714
v -7.240433 -5.311044 -3.135714
v -7.160400 -5.254197 -3.135714
v -7.080367 -5.205610 -3.135714
v -7.000333 -5.221289 -3.135714
v -6.920300 -5.283162 -3.135714
v -6.840267 -5.319906 -3.135714
v -6.760233 -5.289166 -3.135714
v -6.680200 -5.226377 -3.135714
v -6.600167 -5.203916 -3.135714
v -6.520133 -5.247675 -3.135714
v -6.440100 -5.307212 -3.135714
v -6.360067 -5.313898 -3.135714
v -6.280033 -5.260026 -3.135714
v -6.200000 -5.207695 -3.135714
v -6.119967 -5.217227 -3.135714
v -6.039933 -5.277635 -3.135714
v -5.959900 -5.319286 -3.135714
v -5.879867 -5.294167 -3.135714
v -5.799833 -5.231234 -3.135714
v -5.719800 -5.203031 -3.135714
v -5.639767 -5.242067 -3.135714
v -5.559733 -5.303346 -3.135714
v -5.479700 -5.316230 -3.135714
v -5.399667 -5.265868 -3.135714
v -5.319633 -5.210313 -3.135714
v -5.239600 -5.213604 -3.135714
v -5.159567 -5.271947 -3.135714
v -5.079533 -5.318090 -3.135714
v -4.999500 -5.298842 -3.135714
v -7.400500 -5.319999 -3.264286
v -7.320467 -5.292727 -3.264286
v -7.240433 -5.242990 -3.264286
v -7.160400 -5.228121 -3.264286
v -7.080367 -5.265259 -3.264286
v -7.000333 -5.311595 -3.264286
v -6.920300 -5.313716 -3.264286
v -6.840267 -5.269178 -3.264286
v -6.760233 -5.229320 -3.264286
v -6.680200 -5.240087 -3.264286
v -6.600167 -5.289068 -3.264286
v -6.520133 -5.319802 -3.264286
v -6.440100 -5.296861 -3.264286
v -6.360067 -5.246690 -3.264286
v -6.280033 -5.227122 -3.264286
v -6.200000 -5.260713 -3.264286
v -6.119967 -5.308742 -3.264286
v -6.039933 -5.315846 -3.264286
v -5.959900 -5.273835 -3.264286
v -5.879867 -5.231136 -3.264286
v -5.799833 -5.236969 -3.264286
v -5.719800 -5.284610 -3.264286
v -5.639767 -5.319142 -3.264286
v -5.559733 -5.300761 -3.264286
v -5.479700 -5.250654 -3.264286
v -5.399667 -5.226580 -3.264286
v -5.319633 -5.256290 -3.264286
v -5.239600 -5.305537 -3.264286
v -5.159567 -5.317552 -3.264286
v -5.079533 -5.278486 -3.264286
v -4.999500 -5.233371 -3.264286
v -7.400500 -5.282561 -3.392857
v -7.320467 -5.256243 -3.392857
v -7.240433 -5.265907 -3.392857
v -7.160400 -5.300415 -3.392857
v -7.080367 -5.319987 -3.392857
v -7.000333 -5.302064 -3.392857
v -6.920300 -5.267305 -3.392857
v -6.840267 -5.255778 -3.392857
v -6.760233 -5.280770 -3.392857
v -6.680200 -5.313472 -3.392857
v -6.600167 -5.316189 -3.392857
v -6.520133 -5.285788 -3.392857
v -6.440100 -5.257313 -3.392857
v -6.360067 -5.263588 -3.392857
v -6.280033 -5.297379 -3.392857
v -6.200000 -5.319735 -3.392857
v -6.119967 -5.304886 -3.392857
v -6.039933 -5.269948 -3.392857
v -5.959900 -5.255195 -3.392857
v -5.879867 -5.277633 -3.392857
v -5.799833 -5.311397 -3.392857
v -5.719800 -5.317567 -3.392857
v -5.639767 -5.289031 -3.392857
v -5.559733 -5.258682 -3.392857
v -5.479700 -5.261505 -3.392857
v -5.399667 -5.294245 -3.392857
v -5.319633 -5.319162 -3.392857
v -5.239600 -5.307535 -3.392857
v -5.159567 -5.272765 -3.392857
v -5.079533 -5.254933 -3.392857
v -4.999500 -5.274594 -3.392857
v -7.400500 -5.287341 -3.521429
v -7.320467 -5.300934 -3.521429
v -7.240433 -5.317267 -3.521429
v -7.160400 -5.317513 -3.521429
v -7.080367 -5.301387 -3.521429
v -7.000333 -5.287479 -3.521429
v -6.920300 -5.291821 -3.521429
v -6.840267 -5.309407 -3.521429
v -6.760233 -5.319966 -3.521429
v -6.680200 -5.311327 -3.521429
v -6.600167 -5.293447 -3.521429
v -6.520133 -5.286938 -3.521429
v -6.440100 -5.299302 -3.521429
v -6.360067 -5.316287 -3.521429
v -6.280033 -5.318315 -3.521429
v -6.200000 -5.303047 -3.521429
v -6.119967 -5.288084 -3.521429
v -6.039933 -5.290673 -3.521429
v -5.959900 -5.307830 -3.521429
v -5.879867 -5.319778 -3.521429
v -5.799833 -5.312744 -3.521429
v -5.719800 -5.294836 -3.521429
v -5.639767 -5.286697 -3.521429
v -5.559733 -5.297709 -3.521429
v -5.479700 -5.315178 -3.521429
v -5.399667 -5.318968 -3.521429
v -5.319633 -5.304709 -3.521429
v -5.239600 -5.288839 -3.521429
v -5.159567 -5.289651 -3.521429
v -5.079533 -5.306209 -3.521429
v -4.999500 -5.319426 -3.521429
v -7.400500 -5.320000 -3.650000
v -7.320467 -5.320000 -3.650000
v -7.240433 -5.320000 -3.650000
v -7.160400 -5.320000 -3.650000
v -7.080367 -5.320000 -3.650000
v -7.000333 -5.320000 -3.650000
v -6.920300 -5.320000 -3.650000
v -6.840267 -5.320000 -3.650000
v -6.760233 -5.320000 -3.650000
v -6.680200 -5.320000 -3.650000
v -6.600167 -5.320000 -3.650000
v -6.520133 -5.320000 -3.650000
v -6.440100 -5.320000 -3.650000
v -6.360067 -5.320000 -3.650000
v -6.280033 -5.320000 -3.650000
v -6.200000 -5.320000 -3.650000
v -6.119967 -5.320000 -3.650000
v -6.039933 -5.320000 -3.650000
v -5.959900 -5.320000 -3.650000
v -5.879867 -5.320000 -3.650000
v -5.799833 -5.320000 -3.650000
v -5.719800 -5.320000 -3.650000
v -5.639767 -5.320000 -3.650000
v -5.559733 -5.320000 -3.650000
v -5.479700 -5.320000 -3.650000
v -5.399667 -5.320000 -3.650000
v -5.319633 -5.320000 -3.650000
v -5.239600 -5.320000 -3.650000
v -5.159567 -5.320000 -3.650000
v -5.079533 -5.320000 -3.650000
v -4.999500 -5.320000 -3.650000
v -3.250526 -5.340000 -1.964936
v -3.249014 -5.340000 -1.976493
v -3.248412 -5.340000 -1.988144
v -3.248723 -5.340000 -1.999808
v -3.249947 -5.340000 -2.011404
v -3.252074 -5.340000 -2.022851
v -3.255090 -5.340000 -2.034070
v -3.258974 -5.340000 -2.044982
v -3.263698 -5.340000 -2.055513
v -3.269230 -5.340000 -2.065589
v -3.275532 -5.340000 -2.075139
v -3.282559 -5.340000 -2.084098
v -3.290263 -5.340000 -2.092404
v -3.298591 -5.340000 -2.099998
v -3.307484 -5.340000 -2.106828
v -3.316881 -5.340000 -2.112846
v -3.326717 -5.340000 -2.118011
v -3.336922 -5.340000 -2.122287
v -3.347427 -5.340000 -2.125644
v -3.358158 -5.340000 -2.128058
v -3.369041 -5.340000 -2.129514
v -3.380000 -5.340000 -2.130000
v -3.390959 -5.340000 -2.129514
v -3.401842 -5.340000 -2.128058
v -3.412573 -5.340000 -2.125644
v -3.423078 -5.340000 -2.122287
v -3.433283 -5.340000 -2.118011
v -3.443119 -5.340000 -2.112846
v -3.452516 -5.340000 -2.106828
v -3.461409 -5.340000 -2.099998
v -3.469737 -5.340000 -2.092404
v -3.477441 -5.340000 -2.084098
v -3.484468 -5.340000 -2.075139
v -3.490770 -5.340000 -2.065589
v -3.496302 -5.340000 -2.055513
v -3.501026 -5.340000 -2.044982
v -3.504910 -5.340000 -2.034070
v -3.507926 -5.340000 -2.022851
v -3.510053 -5.340000 -2.011404
v -3.511277 -5.340000 -1.999808
v -3.511588 -5.340000 -1.988144
v -3.510986 -5.340000 -1.976493
v -3.509474 -5.340000 -1.964936
v -3.149803 -5.127711 -1.945437
v -3.147114 -5.116432 -1.965985
v -3.146043 -5.110262 -1.986700
v -3.146597 -5.122157 -2.007438
v -3.148773 -5.140374 -2.028054
v -3.152555 -5.154107 -2.048407
v -3.157917 -5.195619 -2.068353
v -3.164822 -5.209383 -2.087755
v -3.173221 -5.198752 -2.106478
v -3.183057 -5.173200 -2.124392
v -3.194261 -5.129806 -2.141373
v -3.206756 -5.097521 -2.157302
v -3.220454 -5.107507 -2.172068
v -3.235260 -5.119365 -2.185570
v -3.251071 -5.143692 -2.197713
v -3.267779 -5.172410 -2.208414
v -3.285265 -5.179504 -2.217597
v -3.303410 -5.193167 -2.225199
v -3.322087 -5.200655 -2.231167
v -3.341167 -5.177978 -2.235460
v -3.360516 -5.147742 -2.238048
v -3.380000 -5.117748 -2.238912
v -3.399484 -5.086709 -2.238048
v -3.418833 -5.106685 -2.235460
v -3.437913 -5.139241 -2.231167
v -3.456590 -5.169507 -2.225199
v -3.474735 -5.195885 -2.217597
v -3.492221 -5.200217 -2.208414
v -3.508929 -5.179773 -2.197713
v -3.524740 -5.177016 -2.185570
v -3.539546 -5.152251 -2.172068
v -3.553244 -5.125135 -2.157302
v -3.565739 -5.110288 -2.141373
v -3.576943 -5.099941 -2.124392
v -3.586779 -5.114576 -2.106478
v -3.595178 -5.162901 -2.087755
v -3.602083 -5.192680 -2.068353
v -3.607445 -5.208189 -2.048407
v -3.611227 -5.203763 -2.028054
v -3.613403 -5.165684 -2.007438
v -3.613957 -5.141819 -1.986700
v -3.612886 -5.127992 -1.965985
v -3.610197 -5.111890 -1.945437
v -3.049079 -4.924142 -1.925939
v -3.045214 -4.902555 -1.955478
v -3.043675 -4.890492 -1.985256
v -3.044472 -4.913763 -2.015068
v -3.047599 -4.949074 -2.044705
v -3.053036 -4.975229 -2.073963
v -3.060744 -5.057242 -2.102637
v -3.070670 -5.084433 -2.130528
v -3.082745 -5.063634 -2.157444
v -3.096885 -5.013621 -2.183196
v -3.112991 -4.928147 -2.207606
v -3.130952 -4.864625 -2.230505
v -3.150644 -4.884994 -2.251733
v -3.171928 -4.908305 -2.271142
v -3.194658 -4.955903 -2.288599
v -3.218676 -5.012025 -2.303981
v -3.243814 -5.025127 -2.317182
v -3.269898 -5.052000 -2.328111
v -3.296747 -5.067322 -2.336690
v -3.324175 -5.022986 -2.342861
v -3.351990 -4.963826 -2.346581
v -3.380000 -4.904957 -2.347824
v -3.408010 -4.843388 -2.346581
v -3.435825 -4.883053 -2.342861
v -3.463253 -4.947186 -2.336690
v -3.490102 -5.006412 -2.328111
v -3.516186 -5.058019 -2.317182
v -3.541324 -5.066118 -2.303981
v -3.565342 -5.025457 -2.288599
v -3.588072 -5.020881 -2.271142
v -3.609356 -4.972649 -2.251733
v -3.629048 -4.919594 -2.230505
v -3.647009 -4.890519 -2.207606
v -3.663115 -4.869657 -2.183196
v -3.677255 -4.898035 -2.157444
v -3.689330 -4.993397 -2.130528
v -3.699256 -5.051753 -2.102637
v -3.706964 -5.082099 -2.073963
v -3.712401 -5.073353 -2.044705
v -3.715528 -4.998042 -2.015068
v -3.716325 -4.951586 -1.985256
v -3.714786 -4.925159 -1.955478
v -3.710921 -4.893678 -1.925939
v -2.948356 -4.737634 -1.906440
v -2.943315 -4.707641 -1.944970
v -2.941306 -4.690229 -1.983812
v -2.942346 -4.723861 -2.022698
v -2.946425 -4.774066 -2.061356
v -2.953517 -4.810078 -2.099519
v -2.963571 -4.930612 -2.136920
v -2.976518 -4.970570 -2.173302
v -2.992268 -4.940508 -2.208409
v -3.010712 -4.868169 -2.242000
v -3.031721 -4.743185 -2.273840
v -3.055149 -4.650481 -2.303708
v -3.080834 -4.682006 -2.331397
v -3.108597 -4.715978 -2.356715
v -3.138245 -4.784781 -2.379484
v -3.169573 -4.865735 -2.399549
v -3.202363 -4.882723 -2.416768
v -3.236386 -4.921919 -2.431023
v -3.271408 -4.945754 -2.442213
v -3.307183 -4.881752 -2.450263
v -3.343465 -4.796233 -2.455115
v -3.380000 -4.710677 -2.456736
v -3.416535 -4.619576 -2.455115
v -3.452817 -4.678368 -2.450263
v -3.488592 -4.772163 -2.442213
v -3.523614 -4.857793 -2.431023
v -3.557637 -4.932380 -2.416768
v -3.590427 -4.943139 -2.399549
v -3.621755 -4.882708 -2.379484
v -3.651403 -4.878145 -2.356715
v -3.679166 -4.808985 -2.331397
v -3.704851 -4.732296 -2.303708
v -3.728279 -4.690207 -2.273840
v -3.749288 -4.658502 -2.242000
v -3.767732 -4.698875 -2.208409
v -3.783482 -4.838757 -2.173302
v -3.796429 -4.923334 -2.136920
v -3.806483 -4.967199 -2.099519
v -3.813575 -4.954345 -2.061356
v -3.817654 -4.843460 -2.022698
v -3.818694 -4.776903 -1.983812
v -3.816685 -4.740275 -1.944970
v -3.811644 -4.694834 -1.906440
v -2.847633 -4.575787 -1.886942
v -2.841415 -4.540137 -1.934462
v -2.838938 -4.518163 -1.982369
v -2.840220 -4.560686 -2.030328
v -2.845252 -4.622608 -2.078007
v -2.853998 -4.664770 -2.125075
v -2.866398 -4.820963 -2.171204
v -2.882367 -4.872734 -2.216075
v -2.901792 -4.834719 -2.259375
v -2.924539 -4.743137 -2.300804
v -2.950450 -4.582361 -2.340074
v -2.979345 -4.463443 -2.376911
v -3.011024 -4.507244 -2.411062
v -3.045265 -4.550729 -2.442287
v -3.081832 -4.637753 -2.470370
v -3.120470 -4.739822 -2.495116
v -3.160911 -4.757626 -2.516354
v -3.202874 -4.807863 -2.533934
v -3.246068 -4.841191 -2.547737
v -3.290192 -4.760402 -2.557665
v -3.334939 -4.652235 -2.563649
v -3.380000 -4.543155 -2.565648
v -3.425061 -4.423965 -2.563649
v -3.469808 -4.501069 -2.557665
v -3.513932 -4.621759 -2.547737
v -3.557126 -4.730099 -2.533934
v -3.599089 -4.824417 -2.516354
v -3.639530 -4.836236 -2.495116
v -3.678168 -4.756678 -2.470370
v -3.714735 -4.754778 -2.442287
v -3.748976 -4.668363 -2.411062
v -3.780655 -4.571369 -2.376911
v -3.809550 -4.518019 -2.340074
v -3.835461 -4.474998 -2.300804
v -3.858208 -4.524839 -2.259375
v -3.877633 -4.705600 -2.216075
v -3.893602 -4.812996 -2.171204
v -3.906002 -4.868477 -2.125075
v -3.914748 -4.851816 -2.078007
v -3.919780 -4.707754 -2.030328
v -3.921062 -4.624698 -1.982369
v -3.918585 -4.581339 -1.934462
v -3.912367 -4.523987 -1.886942
v -2.746909 -4.445133 -1.867443
v -2.739515 -4.407302 -1.923955
v -2.736570 -4.381759 -1.980925
v -2.738094 -4.431316 -2.037958
v -2.744078 -4.500937 -2.094658
v -2.754479 -4.544558 -2.150631
v -2.769226 -4.732791 -2.205488
v -2.788215 -4.795170 -2.258848
v -2.811315 -4.750855 -2.310340
v -2.838366 -4.643933 -2.359607
v -2.869180 -4.452065 -2.406307
v -2.903542 -4.310688 -2.450115
v -2.941214 -4.368180 -2.490726
v -2.981934 -4.419730 -2.527859
v -3.025419 -4.521198 -2.561256
v -3.071367 -4.639681 -2.590684
v -3.119460 -4.654419 -2.615939
v -3.169362 -4.714076 -2.636846
v -3.220728 -4.758138 -2.653260
v -3.273200 -4.664204 -2.665066
v -3.326414 -4.538080 -2.672183
v -3.380000 -4.409478 -2.674561
v -3.433586 -4.264023 -2.672183
v -3.486800 -4.358410 -2.665066
v -3.539272 -4.502495 -2.653260
v -3.590638 -4.628871 -2.636846
v -3.640540 -4.738809 -2.615939
v -3.688633 -4.749665 -2.590684
v -3.734581 -4.651796 -2.561256
v -3.778066 -4.655910 -2.527859
v -3.818786 -4.556882 -2.490726
v -3.856458 -4.443796 -2.450115
v -3.890820 -4.381403 -2.406307
v -3.921634 -4.326465 -2.359607
v -3.948685 -4.382581 -2.310340
v -3.971785 -4.599617 -2.258848
v -3.990774 -4.725527 -2.205488
v -4.005521 -4.790216 -2.150631
v -4.015922 -4.770131 -2.094658
v -4.021906 -4.595924 -2.037958
v -4.023430 -4.500924 -1.980925
v -4.020485 -4.455220 -1.923955
v -4.013091 -4.388550 -1.867443
v -2.646186 -4.350848 -1.847945
v -2.637615 -4.314890 -1.913447
v -2.634201 -4.286938 -1.979481
v -2.635968 -4.341364 -2.045588
v -2.642904 -4.413996 -2.111309
v -2.654960 -4.453608 -2.176187
v -2.672053 -4.669662 -2.239771
v -2.694063 -4.741241 -2.301621
v -2.720839 -4.692557 -2.361306
v -2.752194 -4.574844 -2.418411
v -2.787909 -4.357365 -2.472541
v -2.827738 -4.197907 -2.523318
v -2.871404 -4.270740 -2.570390
v -2.918602 -4.328665 -2.613431
v -2.969006 -4.440174 -2.652141
v -3.022265 -4.569590 -2.686251
v -3.078009 -4.576735 -2.715525
v -3.135850 -4.643921 -2.739758
v -3.195388 -4.700164 -2.758783
v -3.256208 -4.597332 -2.772468
v -3.317888 -4.458722 -2.780717
v -3.380000 -4.315261 -2.783473
v -3.442112 -4.145669 -2.780717
v -3.503792 -4.256140 -2.772468
v -3.564612 -4.419538 -2.758783
v -3.624150 -4.558502 -2.739758
v -3.681991 -4.679266 -2.715525
v -3.737735 -4.686800 -2.686251
v -3.790994 -4.571571 -2.652141
v -3.841398 -4.585607 -2.613431
v -3.888596 -4.479380 -2.570390
v -3.932262 -4.355113 -2.523318
v -3.972091 -4.286263 -2.472541
v -4.007806 -4.218709 -2.418411
v -4.039161 -4.277374 -2.361306
v -4.065937 -4.525317 -2.301621
v -4.087947 -4.664722 -2.239771
v -4.105040 -4.735813 -2.176187
v -4.117096 -4.712751 -2.111309
v -4.124032 -4.511932 -2.045588
v -4.125799 -4.410299 -1.979481
v -4.122385 -4.367367 -1.913447
v -4.113814 -4.294400 -1.847945
v -2.545463 -4.296531 -1.828446
v -2.535715 -4.266901 -1.902939
v -2.531833 -4.237813 -1.978037
v -2.533842 -4.294729 -2.053218
v -2.541730 -4.365222 -2.127959
v -2.555441 -4.394817 -2.201743
v -2.574880 -4.634052 -2.274055
v -2.599911 -4.713287 -2.344394
v -2.630362 -4.662354 -2.412271
v -2.666021 -4.538851 -2.477215
v -2.706639 -4.301784 -2.538774
v -2.751935 -4.129055 -2.596521
v -2.801594 -4.219042 -2.650055
v -2.855271 -4.281486 -2.699003
v -2.912593 -4.398198 -2.743027
v -2.973162 -4.532521 -2.781819
v -3.036557 -4.527101 -2.815110
v -3.102338 -4.599738 -2.842670
v -3.170048 -4.669750 -2.864306
v -3.239217 -4.562687 -2.879869
v -3.309363 -4.417604 -2.889250
v -3.380000 -4.264411 -2.892385
v -3.450637 -4.073019 -2.889250
v -3.520783 -4.198255 -2.879869
v -3.589952 -4.376481 -2.864306
v -3.657662 -4.522046 -2.842670
v -3.723443 -4.648369 -2.815110
v -3.786838 -4.649988 -2.781819
v -3.847407 -4.518444 -2.743027
v -3.904729 -4.546695 -2.699003
v -3.958406 -4.439219 -2.650055
v -4.008065 -4.309169 -2.596521
v -4.053361 -4.236704 -2.538774
v -4.093979 -4.155765 -2.477215
v -4.129638 -4.212886 -2.412271
v -4.160089 -4.485837 -2.344394
v -4.185120 -4.633220 -2.274055
v -4.204559 -4.707628 -2.201743
v -4.218270 -4.682079 -2.127959
v -4.226158 -4.458534 -2.053218
v -4.228167 -4.356103 -1.978037
v -4.224285 -4.321566 -1.902939
v -4.214537 -4.245624 -1.828446
v -2.444739 -4.284048 -1.808948
v -2.433816 -4.265408 -1.892432
v -2.429464 -4.236517 -1.976593
v -2.431717 -4.293431 -2.060848
v -2.440556 -4.356396 -2.144610
v -2.455922 -4.369683 -2.227299
v -2.477707 -4.627246 -2.308339
v -2.505760 -4.712520 -2.387167
v -2.539886 -4.661557 -2.463237
v -2.579848 -4.537496 -2.536019
v -2.625369 -4.287145 -2.605008
v -2.676131 -4.106182 -2.669725
v -2.731784 -4.215222 -2.729719
v -2.791939 -4.280240 -2.784576
v -2.856180 -4.397090 -2.833912
v -2.924059 -4.530017 -2.877386
v -2.995106 -4.506824 -2.914696
v -3.068826 -4.582737 -2.945582
v -3.144708 -4.668183 -2.969830
v -3.222225 -4.561773 -2.987271
v -3.300837 -4.416510 -2.997784
v -3.380000 -4.258950 -3.001297
v -3.459163 -4.048205 -2.997784
v -3.537775 -4.186826 -2.987271
v -3.615292 -4.375185 -2.969830
v -3.691174 -4.521084 -2.945582
v -3.764894 -4.647452 -2.914696
v -3.835941 -4.640444 -2.877386
v -3.903820 -4.493677 -2.833912
v -3.968061 -4.540639 -2.784576
v -4.028216 -4.438142 -2.729719
v -4.083869 -4.307957 -2.669725
v -4.134631 -4.234851 -2.605008
v -4.180152 -4.139723 -2.536019
v -4.220114 -4.191015 -2.463237
v -4.254240 -4.482799 -2.387167
v -4.282293 -4.632388 -2.308339
v -4.304078 -4.706884 -2.227299
v -4.319444 -4.679363 -2.144610
v -4.328283 -4.437156 -2.060848
v -4.330536 -4.340037 -1.976593
v -4.326184 -4.319778 -1.892432
v -4.315261 -4.244337 -1.808948
v -2.344016 -4.313446 -1.789449
v -2.331916 -4.310464 -1.881924
v -2.327096 -4.283106 -1.975149
v -2.329591 -4.337525 -2.068478
v -2.339382 -4.387564 -2.161261
v -2.356403 -4.378247 -2.252855
v -2.380534 -4.649277 -2.342622
v -2.411608 -4.738970 -2.429940
v -2.449409 -4.690201 -2.514202
v -2.493675 -4.570821 -2.594822
v -2.544098 -4.313497 -2.671241
v -2.600328 -4.129341 -2.742928
v -2.661974 -4.259335 -2.809384
v -2.728608 -4.324981 -2.870148
v -2.799767 -4.436900 -2.924798
v -2.874956 -4.562116 -2.972954
v -2.953654 -4.515939 -3.014281
v -3.035314 -4.592951 -3.048494
v -3.119368 -4.695496 -3.075353
v -3.205233 -4.594629 -3.094672
v -3.292312 -4.455487 -3.106318
v -3.380000 -4.298932 -3.110209
v -3.467688 -4.071283 -3.106318
v -3.554767 -4.221908 -3.094672
v -3.640632 -4.415700 -3.075353
v -3.724686 -4.555659 -3.048494
v -3.806346 -4.676553 -3.014281
v -3.885044 -4.658200 -2.972954
v -3.960233 -4.497306 -2.924798
v -4.031392 -4.567477 -2.870148
v -4.098026 -4.476193 -2.809384
v -4.159672 -4.351530 -2.742928
v -4.215902 -4.280760 -2.671241
v -4.266325 -4.170638 -2.594822
v -4.310591 -4.211811 -2.514202
v -4.348392 -4.516247 -2.429940
v -4.379466 -4.662263 -2.342622
v -4.403597 -4.733613 -2.252855
v -4.420618 -4.704634 -2.161261
v -4.430409 -4.447837 -2.068478
v -4.432904 -4.362144 -1.975149
v -4.428084 -4.362055 -1.881924
v -4.415984 -4.290596 -1.789449
v -2.243293 -4.382959 -1.769951
v -2.230016 -4.400106 -1.871416
v -2.224728 -4.375559 -1.973705
v -2.227465 -4.425094 -2.076108
v -2.238208 -4.457038 -2.177912
v -2.256884 -4.419086 -2.278411
v -2.283361 -4.698929 -2.376906
v -2.317456 -4.791490 -2.472713
v -2.358933 -4.747043 -2.565168
v -2.407502 -4.637361 -2.653626
v -2.462828 -4.379110 -2.737475
v -2.524525 -4.196590 -2.816131
v -2.592164 -4.349357 -2.889048
v -2.665276 -4.413767 -2.955720
v -2.743354 -4.515898 -3.015683
v -2.825854 -4.627359 -3.068521
v -2.912203 -4.553205 -3.113867
v -3.001802 -4.629230 -3.151405
v -3.094029 -4.750469 -3.180876
v -3.188242 -4.659831 -3.202074
v -3.283787 -4.532842 -3.214852
v -3.380000 -4.382437 -3.219121
v -3.476213 -4.140231 -3.214852
v -3.571758 -4.301536 -3.202074
v -3.665971 -4.496260 -3.180876
v -3.758198 -4.624269 -3.151405
v -3.847797 -4.734403 -3.113867
v -3.934146 -4.702103 -3.068521
v -4.016646 -4.528130 -3.015683
v -4.094724 -4.625820 -2.955720
v -4.167836 -4.551721 -2.889048
v -4.235475 -4.437997 -2.816131
v -4.297172 -4.372416 -2.737475
v -4.352498 -4.246528 -2.653626
v -4.401067 -4.273474 -2.565168
v -4.442544 -4.584640 -2.472713
v -4.476639 -4.721547 -2.376906
v -4.503116 -4.786656 -2.278411
v -4.521792 -4.756711 -2.177912
v -4.532535 -4.489221 -2.076108
v -4.535272 -4.420813 -1.973705
v -4.529984 -4.446536 -1.871416
v -4.516707 -4.382393 -1.769951
v -2.142569 -4.489076 -1.750452
v -2.128116 -4.530432 -1.860909
v -2.122359 -4.509862 -1.972262
v -2.125339 -4.552334 -2.083738
v -2.137035 -4.561467 -2.194563
v -2.157365 -4.489377 -2.303967
v -2.186188 -4.773785 -2.411189
v -2.223305 -4.867799 -2.515486
v -2.268456 -4.829615 -2.616133
v -2.321330 -4.734212 -2.712430
v -2.381557 -4.480550 -2.803708
v -2.448721 -4.304071 -2.889334
v -2.522354 -4.481272 -2.968713
v -2.601945 -4.542746 -3.041292
v -2.686941 -4.630658 -3.106569
v -2.776751 -4.722845 -3.164089
v -2.870752 -4.616160 -3.213452
v -2.968290 -4.689295 -3.254317
v -3.068689 -4.830684 -3.286399
v -3.171250 -4.754548 -3.309476
v -3.275261 -4.645220 -3.323386
v -3.380000 -4.505659 -3.328033
v -3.484739 -4.251037 -3.323386
v -3.588750 -4.421815 -3.309476
v -3.691311 -4.613362 -3.286399
v -3.791710 -4.723938 -3.254317
v -3.889248 -4.818487 -3.213452
v -3.983249 -4.769866 -3.164089
v -4.073059 -4.583770 -3.106569
v -4.158055 -4.712913 -3.041292
v -4.237646 -4.661448 -2.968713
v -4.311279 -4.563605 -2.889334
v -4.378443 -4.505816 -2.803708
v -4.438670 -4.363459 -2.712430
v -4.491544 -4.372429 -2.616133
v -4.536695 -4.684922 -2.515486
v -4.573812 -4.807668 -2.411189
v -4.602635 -4.863710 -2.303967
v -4.622965 -4.833249 -2.194563
v -4.634661 -4.558625 -2.083738
v -4.637641 -4.512846 -1.972262
v -4.631884 -4.569531 -1.860909
v -4.617431 -4.515745 -1.750452
v -2.041846 -4.626701 -1.730954
v -2.026216 -4.695777 -1.850401
v -2.019991 -4.680189 -1.970818
v -2.023213 -4.713721 -2.091368
v -2.035861 -4.695983 -2.211213
v -2.057846 -4.585018 -2.329523
v -2.089015 -4.870334 -2.445473
v -2.129153 -4.964583 -2.558260
v -2.177980 -4.934335 -2.667098
v -2.235157 -4.857151 -2.771234
v -2.300287 -4.612826 -2.869942
v -2.372918 -4.446182 -2.962538
v -2.452544 -4.649247 -3.048377
v -2.538613 -4.706320 -3.126864
v -2.630527 -4.776199 -3.197454
v -2.727648 -4.844364 -3.259656
v -2.829300 -4.701226 -3.313038
v -2.934778 -4.769833 -3.357229
v -3.043349 -4.932626 -3.391923
v -3.154258 -4.874670 -3.416877
v -3.266736 -4.787742 -3.431920
v -3.380000 -4.663067 -3.436945
v -3.493264 -4.397871 -3.431920
v -3.605742 -4.577083 -3.416877
v -3.716651 -4.761918 -3.391923
v -3.825222 -4.850341 -3.357229
v -3.930700 -4.925152 -3.313038
v -4.032352 -4.858167 -3.259656
v -4.129473 -4.660772 -3.197454
v -4.221387 -4.824752 -3.126864
v -4.307456 -4.800611 -3.048377
v -4.387082 -4.722905 -2.962538
v -4.459713 -4.675147 -2.869942
v -4.524843 -4.515715 -2.771234
v -4.582020 -4.503482 -2.667098
v -4.630847 -4.812652 -2.558260
v -4.670985 -4.916889 -2.445473
v -4.702154 -4.961433 -2.329523
v -4.724139 -4.930842 -2.211213
v -4.736787 -4.652145 -2.091368
v -4.740009 -4.633596 -1.970818
v -4.733784 -4.725675 -1.850401
v -4.718154 -4.684864 -1.730954
v -1.941123 -4.789368 -1.711456
v -1.924317 -4.888955 -1.839893
v -1.917623 -4.879147 -1.969374
v -1.921087 -4.902250 -2.098998
v -1.934687 -4.854413 -2.227864
v -1.958327 -4.700808 -2.355079
v -1.991842 -4.984127 -2.479757
v -2.035001 -5.077643 -2.601033
v -2.087503 -5.056659 -2.718064
v -2.148984 -5.000827 -2.830038
v -2.219017 -4.769612 -2.936176
v -2.297114 -4.615817 -3.035741
v -2.382734 -4.845882 -3.128042
v -2.475282 -4.897392 -3.212437
v -2.574114 -4.946206 -3.288340
v -2.678545 -4.986574 -3.355224
v -2.787849 -4.803867 -3.412624
v -2.901266 -4.866644 -3.460141
v -3.018009 -5.051836 -3.497446
v -3.137267 -5.014985 -3.524279
v -3.258210 -4.954224 -3.540453
v -3.380000 -4.847647 -3.545857
v -3.501790 -4.573342 -3.540453
v -3.622733 -4.760161 -3.524279
v -3.741991 -4.935474 -3.497446
v -3.858734 -4.997992 -3.460141
v -3.972151 -5.049766 -3.412624
v -4.081455 -4.962791 -3.355224
v -4.185886 -4.754752 -3.288340
v -4.284718 -4.956259 -3.212437
v -4.377266 -4.963170 -3.128042
v -4.462886 -4.908983 -3.035741
v -4.540983 -4.873037 -2.936176
v -4.611016 -4.696048 -2.830038
v -4.672497 -4.660047 -2.718064
v -4.724999 -4.962198 -2.601033
v -4.768158 -5.044470 -2.479757
v -4.801673 -5.075583 -2.355079
v -4.825313 -5.045170 -2.227864
v -4.838913 -4.764834 -2.098998
v -4.842377 -4.777172 -1.969374
v -4.835683 -4.908167 -1.839893
v -4.818877 -4.882413 -1.711456
v -1.840399 -4.969527 -1.691957
v -1.822417 -5.101575 -1.829386
v -1.815254 -5.098105 -1.967930
v -1.818962 -5.109735 -2.106628
v -1.833513 -5.029547 -2.244515
v -1.858807 -4.830671 -2.380635
v -1.894669 -5.109964 -2.514040
v -1.940849 -5.202069 -2.643806
v -1.997027 -5.191278 -2.769029
v -2.062811 -5.158986 -2.888841
v -2.137746 -4.943518 -3.002409
v -2.221311 -4.804677 -3.108944
v -2.312924 -5.062536 -3.207706
v -2.411950 -5.107669 -3.298009
v -2.517701 -5.133301 -3.379225
v -2.629443 -5.143236 -3.450791
v -2.746398 -4.918782 -3.512209
v -2.867754 -4.974821 -3.563053
v -2.992669 -5.183107 -3.602969
v -3.120275 -5.169404 -3.631680
v -3.249685 -5.137441 -3.648987
v -3.380000 -5.051205 -3.654770
v -3.510315 -4.768815 -3.648987
v -3.639725 -4.962664 -3.631680
v -3.767331 -5.126491 -3.602969
v -3.892246 -5.160485 -3.563053
v -4.013602 -5.186915 -3.512209
v -4.130557 -5.078817 -3.450791
v -4.242299 -4.860590 -3.379225
v -4.348050 -5.101504 -3.298009
v -4.447076 -5.142071 -3.207706
v -4.538689 -5.113765 -3.108944
v -4.622254 -5.090875 -3.002409
v -4.697189 -4.895993 -2.888841
v -4.762973 -4.834432 -2.769029
v -4.819151 -5.126982 -2.643806
v -4.865331 -5.184875 -2.514040
v -4.901193 -5.201206 -2.380635
v -4.926487 -5.171187 -2.244515
v -4.941038 -4.890911 -2.106628
v -4.944746 -4.936691 -1.967930
v -4.937583 -5.109062 -1.829386
v -4.919601 -5.099819 -1.691957
v -4.418800 -5.320000 -1.850000
v -4.349547 -5.320000 -1.850000
v -4.280293 -5.320000 -1.850000
v -4.211040 -5.320000 -1.850000
v -4.141787 -5.320000 -1.850000
v -4.072533 -5.320000 -1.850000
v -4.003280 -5.320000 -1.850000
v -3.934027 -5.320000 -1.850000
v -3.864773 -5.320000 -1.850000
v -3.795520 -5.320000 -1.850000
v -3.726267 -5.320000 -1.850000
v -3.657013 -5.320000 -1.850000
v -3.587760 -5.320000 -1.850000
v -3.518507 -5.320000 -1.850000
v -3.449253 -5.320000 -1.850000
v -3.380000 -5.320000 -1.850000
v -3.310747 -5.320000 -1.850000
v -3.241493 -5.320000 -1.850000
v -3.172240 -5.320000 -1.850000
v -3.102987 -5.320000 -1.850000
v -3.033733 -5.320000 -1.850000
v -2.964480 -5.320000 -1.850000
v -2.895227 -5.320000 -1.850000
v -2.825973 -5.320000 -1.850000
v -2.756720 -5.320000 -1.850000
v -2.687467 -5.320000 -1.850000
v -2.618213 -5.320000 -1.850000
v -2.548960 -5.320000 -1.850000
v -2.479707 -5.320000 -1.850000
v -2.410453 -5.320000 -1.850000
v -2.341200 -5.320000 -1.850000
v -4.418800 -5.289285 -1.978571
v -4.349547 -5.305561 -1.978571
v -4.280293 -5.319244 -1.978571
v -4.211040 -5.314560 -1.978571
v -4.141787 -5.296910 -1.978571
v -4.072533 -5.286638 -1.978571
v -4.003280 -5.295585 -1.978571
v -3.934027 -5.313438 -1.978571
v -3.864773 -5.319617 -1.978571
v -3.795520 -5.307000 -1.978571
v -3.726267 -5.290130 -1.978571
v -3.657013 -5.288454 -1.978571
v -3.587760 -5.303904 -1.978571
v -3.518507 -5.318670 -1.978571
v -3.449253 -5.315732 -1.978571
v -3.380000 -5.298476 -1.978571
v -3.310747 -5.286793 -1.978571
v -3.241493 -5.294151 -1.978571
v -3.172240 -5.312067 -1.978571
v -3.102987 -5.319890 -1.978571
v -3.033733 -5.308602 -1.978571
v -2.964480 -5.291215 -1.978571
v -2.895227 -5.287771 -1.978571
v -2.825973 -5.302241 -1.978571
v -2.756720 -5.317944 -1.978571
v -2.687467 -5.316779 -1.978571
v -2.618213 -5.300090 -1.978571
v -2.548960 -5.287113 -1.978571
v -2.479707 -5.292808 -1.978571
v -2.410453 -5.310610 -1.978571
v -2.341200 -5.319998 -1.978571
v -4.418800 -5.308822 -2.107143
v -4.349547 -5.318744 -2.107143
v -4.280293 -5.292603 -2.107143
v -4.211040 -5.260532 -2.107143
v -4.141787 -5.259500 -2.107143
v -4.072533 -5.290697 -2.107143
v -4.003280 -5.318161 -2.107143
v -3.934027 -5.310234 -2.107143
v -3.864773 -5.276054 -2.107143
v -3.795520 -5.255020 -2.107143
v -3.726267 -5.271379 -2.107143
v -3.657013 -5.306273 -2.107143
v -3.587760 -5.319480 -2.107143
v -3.518507 -5.295776 -2.107143
v -3.449253 -5.262484 -2.107143
v -3.380000 -5.257981 -2.107143
v -3.310747 -5.287457 -2.107143
v -3.241493 -5.316935 -2.107143
v -3.172240 -5.312435 -2.107143
v -3.102987 -5.279144 -2.107143
v -3.033733 -5.255438 -2.107143
v -2.964480 -5.268642 -2.107143
v -2.895227 -5.303537 -2.107143
v -2.825973 -5.319898 -2.107143
v -2.756720 -5.298866 -2.107143
v -2.687467 -5.264685 -2.107143
v -2.618213 -5.256756 -2.107143
v -2.548960 -5.284218 -2.107143
v -2.479707 -5.315416 -2.107143
v -2.410453 -5.314387 -2.107143
v -2.341200 -5.282317 -2.107143
v -4.418800 -5.303759 -2.235714
v -4.349547 -5.254076 -2.235714
v -4.280293 -5.226482 -2.235714
v -4.211040 -5.252784 -2.235714
v -4.141787 -5.302664 -2.235714
v -4.072533 -5.318624 -2.235714
v -4.003280 -5.282267 -2.235714
v -3.934027 -5.235502 -2.235714
v -3.864773 -5.232236 -2.235714
v -3.795520 -5.276234 -2.235714
v -3.726267 -5.316778 -2.235714
v -3.657013 -5.307134 -2.235714
v -3.587760 -5.258417 -2.235714
v -3.518507 -5.226785 -2.235714
v -3.449253 -5.248700 -2.235714
v -3.380000 -5.298900 -2.235714
v -3.310747 -5.319520 -2.235714
v -3.241493 -5.286790 -2.235714
v -3.172240 -5.238439 -2.235714
v -3.102987 -5.230202 -2.235714
v -3.033733 -5.271574 -2.235714
v -2.964480 -5.314864 -2.235714
v -2.895227 -5.310172 -2.235714
v -2.825973 -5.262906 -2.235714
v -2.756720 -5.227550 -2.235714
v -2.687467 -5.244860 -2.235714
v -2.618213 -5.294882 -2.235714
v -2.548960 -5.319955 -2.235714
v -2.479707 -5.291177 -2.235714
v -2.410453 -5.241721 -2.235714
v -2.341200 -5.228595 -2.235714
v -4.418800 -5.211921 -2.364286
v -4.349547 -5.211860 -2.364286
v -4.280293 -5.268861 -2.364286
v -4.211040 -5.317219 -2.364286
v -4.141787 -5.301190 -2.364286
v -4.072533 -5.239252 -2.364286
v -4.003280 -5.202801 -2.364286
v -3.934027 -5.233855 -2.364286
v -3.864773 -5.296618 -2.364286
v -3.795520 -5.318741 -2.364286
v -3.726267 -5.274724 -2.364286
v -3.657013 -5.215305 -2.364286
v -3.587760 -5.208977 -2.364286
v -3.518507 -5.263035 -2.364286
v -3.449253 -5.315165 -2.364286
v -3.380000 -5.305276 -2.364286
v -3.310747 -5.244767 -2.364286
v -3.241493 -5.203388 -2.364286
v -3.172240 -5.228837 -2.364286
v -3.102987 -5.291779 -2.364286
v -3.033733 -5.319659 -2.364286
v -2.964480 -5.280340 -2.364286
v -2.895227 -5.219146 -2.364286
v -2.825973 -5.206615 -2.364286
v -2.756720 -5.257193 -2.364286
v -2.687467 -5.312577 -2.364286
v -2.618213 -5.308926 -2.364286
v -2.548960 -5.250448 -2.364286
v -2.479707 -5.204551 -2.364286
v -2.410453 -5.224142 -2.364286
v -2.341200 -5.286638 -2.364286
v -4.418800 -5.224618 -2.492857
v -4.349547 -5.296432 -2.492857
v -4.280293 -5.317521 -2.492857
v -4.211040 -5.263576 -2.492857
v -4.141787 -5.196780 -2.492857
v -4.072533 -5.194130 -2.492857
v -4.003280 -5.258680 -2.492857
v -3.934027 -5.316023 -2.492857
v -3.864773 -5.300058 -2.492857
v -3.795520 -5.229189 -2.492857
v -3.726267 -5.185107 -2.492857
v -3.657013 -5.218626 -2.492857
v -3.587760 -5.291109 -2.492857
v -3.518507 -5.319003 -2.492857
v -3.449253 -5.270154 -2.492857
v -3.380000 -5.200872 -2.492857
v -3.310747 -5.191018 -2.492857
v -3.241493 -5.251952 -2.492857
v -3.172240 -5.313434 -2.492857
v -3.102987 -5.304593 -2.492857
v -3.033733 -5.235620 -2.492857
v -2.964480 -5.186021 -2.492857
v -2.895227 -5.212970 -2.492857
v -2.825973 -5.285402 -2.492857
v -2.756720 -5.319823 -2.492857
v -2.687467 -5.276557 -2.492857
v -2.618213 -5.205476 -2.492857
v -2.548960 -5.188517 -2.492857
v -2.479707 -5.245228 -2.492857
v -2.410453 -5.310239 -2.492857
v -2.341200 -5.308609 -2.492857
v -4.418800 -5.317139 -2.621429
v -4.349547 -5.294991 -2.621429
v -4.280293 -5.217385 -2.621429
v -4.211040 -5.173779 -2.621429
v -4.141787 -5.214438 -2.621429
v -4.072533 -5.292494 -2.621429
v -4.003280 -5.317970 -2.621429
v -3.934027 -5.261501 -2.621429
v -3.864773 -5.188178 -2.621429
v -3.795520 -5.182522 -2.621429
v -3.726267 -5.251053 -2.621429
v -3.657013 -5.314774 -2.621429
v -3.587760 -5.300233 -2.621429
v -3.518507 -5.224191 -2.621429
v -3.449253 -5.174304 -2.621429
v -3.380000 -5.208076 -2.621429
v -3.310747 -5.286579 -2.621429
v -3.241493 -5.319320 -2.621429
v -3.172240 -5.268559 -2.621429
v -3.102987 -5.192809 -2.621429
v -3.033733 -5.179387 -2.621429
v -2.964480 -5.243766 -2.621429
v -2.895227 -5.311735 -2.621429
v -2.825973 -5.304945 -2.621429
v -2.756720 -5.231223 -2.621429
v -2.687467 -5.175550 -2.621429
v -2.618213 -5.202100 -2.621429
v -2.548960 -5.280270 -2.621429
v -2.479707 -5.319951 -2.621429
v -2.410453 -5.275402 -2.621429
v -2.341200 -5.197977 -2.621429
v -4.418800 -5.255255 -2.750000
v -4.349547 -5.182045 -2.750000
v -4.280293 -5.181404 -2.750000
v -4.211040 -5.254071 -2.750000
v -4.141787 -5.316281 -2.750000
v -4.072533 -5.296325 -2.750000
v -4.003280 -5.217206 -2.750000
v -3.934027 -5.170125 -2.750000
v -3.864773 -5.209354 -2.750000
v -3.795520 -5.289673 -2.750000
v -3.726267 -5.318496 -2.750000
v -3.657013 -5.262600 -2.750000
v -3.587760 -5.186416 -2.750000
v -3.518507 -5.177763 -2.750000
v -3.449253 -5.246615 -2.750000
v -3.380000 -5.313606 -2.750000
v -3.310747 -5.301513 -2.750000
v -3.241493 -5.224277 -2.750000
v -3.172240 -5.170929 -2.750000
v -3.102987 -5.202963 -2.750000
v -3.033733 -5.283454 -2.750000
v -2.964480 -5.319619 -2.750000
v -2.895227 -5.269769 -2.750000
v -2.825973 -5.191368 -2.750000
v -2.756720 -5.174789 -2.750000
v -2.687467 -5.239143 -2.750000
v -2.618213 -5.310249 -2.750000
v -2.548960 -5.306141 -2.750000
v -2.479707 -5.231555 -2.750000
v -2.410453 -5.172467 -2.750000
v -2.341200 -5.196989 -2.750000
v -4.418800 -5.173762 -2.878571
v -4.349547 -5.216323 -2.878571
v -4.280293 -5.294108 -2.878571
v -4.211040 -5.317453 -2.878571
v -4.141787 -5.259448 -2.878571
v -4.072533 -5.186956 -2.878571
v -4.003280 -5.183540 -2.878571
v -3.934027 -5.253137 -2.878571
v -3.864773 -5.315522 -2.878571
v -3.795520 -5.298783 -2.878571
v -3.726267 -5.222215 -2.878571
v -3.657013 -5.174079 -2.878571
v -3.587760 -5.209863 -2.878571
v -3.518507 -5.288317 -2.878571
v -3.449253 -5.319007 -2.878571
v -3.380000 -5.266555 -2.878571
v -3.310747 -5.191425 -2.878571
v -3.241493 -5.180218 -2.878571
v -3.172240 -5.245855 -2.878571
v -3.102987 -5.312673 -2.878571
v -3.033733 -5.303651 -2.878571
v -2.964480 -5.229189 -2.878571
v -2.895227 -5.175120 -2.878571
v -2.825973 -5.203770 -2.878571
v -2.756720 -5.282114 -2.878571
v -2.687467 -5.319844 -2.878571
v -2.618213 -5.273467 -2.878571
v -2.548960 -5.196444 -2.878571
v -2.479707 -5.177559 -2.878571
v -2.410453 -5.238582 -2.878571
v -2.341200 -5.309171 -2.878571
v -4.418800 -5.262513 -3.007143
v -4.349547 -5.317224 -3.007143
v -4.280293 -5.297243 -3.007143
v -4.211040 -5.225603 -3.007143
v -4.141787 -5.184884 -3.007143
v -4.072533 -5.222023 -3.007143
v -4.003280 -5.294210 -3.007143
v -3.934027 -5.318233 -3.007143
v -3.864773 -5.266401 -3.007143
v -3.795520 -5.198461 -3.007143
v -3.726267 -5.192729 -3.007143
v -3.657013 -5.255812 -3.007143
v -3.587760 -5.314994 -3.007143
v -3.518507 -5.302054 -3.007143
v -3.449253 -5.231909 -3.007143
v -3.380000 -5.185416 -3.007143
v -3.310747 -5.216167 -3.007143
v -3.241493 -5.288716 -3.007143
v -3.172240 -5.319435 -3.007143
v -3.102987 -5.272912 -3.007143
v -3.033733 -5.202777 -3.007143
v -2.964480 -5.189874 -3.007143
v -2.895227 -5.249077 -3.007143
v -2.825973 -5.312142 -3.007143
v -2.756720 -5.306373 -3.007143
v -2.687467 -5.238420 -3.007143
v -2.618213 -5.186613 -3.007143
v -2.548960 -5.210672 -3.007143
v -2.479707 -5.282862 -3.007143
v -2.410453 -5.319970 -3.007143
v -2.341200 -5.279220 -3.007143
v -4.418800 -5.317496 -3.135714
v -4.349547 -5.269787 -3.135714
v -4.280293 -5.212367 -3.135714
v -4.211040 -5.211425 -3.135714
v -4.141787 -5.268047 -3.135714
v -4.072533 -5.316964 -3.135714
v -4.003280 -5.301788 -3.135714
v -3.934027 -5.240014 -3.135714
v -3.864773 -5.202848 -3.135714
v -3.795520 -5.233133 -3.135714
v -3.726267 -5.295959 -3.135714
v -3.657013 -5.318905 -3.135714
v -3.587760 -5.275521 -3.135714
v -3.518507 -5.215817 -3.135714
v -3.449253 -5.208614 -3.135714
v -3.380000 -5.262215 -3.135714
v -3.310747 -5.314834 -3.135714
v -3.241493 -5.305815 -3.135714
v -3.172240 -5.245556 -3.135714
v -3.102987 -5.203517 -3.135714
v -3.033733 -5.228158 -3.135714
v -2.964480 -5.291074 -3.135714
v -2.895227 -5.319742 -3.135714
v -2.825973 -5.281115 -3.135714
v -2.756720 -5.219719 -3.135714
v -2.687467 -5.206327 -3.135714
v -2.618213 -5.256375 -3.135714
v -2.548960 -5.312173 -3.135714
v -2.479707 -5.309401 -3.135714
v -2.410453 -5.251255 -3.135714
v -2.341200 -5.204760 -3.135714
v -4.418800 -5.253456 -3.264286
v -4.349547 -5.226477 -3.264286
v -4.280293 -5.253400 -3.264286
v -4.211040 -5.303191 -3.264286
v -4.141787 -5.318455 -3.264286
v -4.072533 -5.281597 -3.264286
v -4.003280 -5.235104 -3.264286
v -3.934027 -5.232568 -3.264286
v -3.864773 -5.276914 -3.264286
v -3.795520 -5.317022 -3.264286
v -3.726267 -5.306661 -3.264286
v -3.657013 -5.257772 -3.264286
v -3.587760 -5.226712 -3.264286
v -3.518507 -5.249283 -3.264286
v -3.449253 -5.299468 -3.264286
v -3.380000 -5.319417 -3.264286
v -3.310747 -5.286136 -3.264286
v -3.241493 -5.237987 -3.264286
v -3.172240 -5.230473 -3.264286
v -3.102987 -5.272255 -3.264286
v -3.033733 -5.315171 -3.264286
v -2.964480 -5.309750 -3.264286
v -2.895227 -5.262242 -3.264286
v -2.825973 -5.227409 -3.264286
v -2.756720 -5.245405 -3.264286
v -2.687467 -5.295484 -3.264286
v -2.618213 -5.319920 -3.264286
v -2.548960 -5.290546 -3.264286
v -2.479707 -5.241220 -3.264286
v -2.410453 -5.228803 -3.264286
v -2.341200 -5.267606 -3.264286
v -4.418800 -5.260244 -3.392857
v -4.349547 -5.292090 -3.392857
v -4.280293 -5.318598 -3.392857
v -4.211040 -5.309211 -3.392857
v -4.141787 -5.274750 -3.392857
v -4.072533 -5.254939 -3.392857
v -4.003280 -5.272614 -3.392857
v -3.934027 -5.307401 -3.392857
v -3.864773 -5.319200 -3.392857
v -3.795520 -5.294411 -3.392857
v -3.726267 -5.261608 -3.392857
v -3.657013 -5.258603 -3.392857
v -3.587760 -5.288861 -3.392857
v -3.518507 -5.317502 -3.392857
v -3.449253 -5.311512 -3.392857
v -3.380000 -5.277795 -3.392857
v -3.310747 -5.255218 -3.392857
v -3.241493 -5.269805 -3.392857
v -3.172240 -5.304742 -3.392857
v -3.102987 -5.319756 -3.392857
v -3.033733 -5.297540 -3.392857
v -2.964480 -5.263703 -3.392857
v -2.895227 -5.257249 -3.392857
v -2.825973 -5.285618 -3.392857
v -2.756720 -5.316109 -3.392857
v -2.687467 -5.313574 -3.392857
v -2.618213 -5.280936 -3.392857
v -2.548960 -5.255817 -3.392857
v -2.479707 -5.267172 -3.392857
v -2.410453 -5.301912 -3.392857
v -2.341200 -5.319992 -3.392857
v -4.418800 -5.314363 -3.521429
v -4.349547 -5.319321 -3.521429
v -4.280293 -5.305824 -3.521429
v -4.211040 -5.289430 -3.521429
v -4.141787 -5.289037 -3.521429
v -4.072533 -5.305097 -3.521429
v -4.003280 -5.319098 -3.521429
v -3.934027 -5.314901 -3.521429
v -3.864773 -5.297344 -3.521429
v -3.795520 -5.286665 -3.521429
v -3.726267 -5.295174 -3.521429
v -3.657013 -5.313063 -3.521429
v -3.587760 -5.319710 -3.521429
v -3.518507 -5.307454 -3.521429
v -3.449253 -5.290422 -3.521429
v -3.380000 -5.288247 -3.521429
v -3.310747 -5.303437 -3.521429
v -3.241493 -5.318481 -3.521429
v -3.172240 -5.316039 -3.521429
v -3.102987 -5.298925 -3.521429
v -3.033733 -5.286867 -3.521429
v -2.964480 -5.293764 -3.521429
v -2.895227 -5.311666 -3.521429
v -2.825973 -5.319937 -3.521429
v -2.756720 -5.309042 -3.521429
v -2.687467 -5.291541 -3.521429
v -2.618213 -5.287607 -3.521429
v -2.548960 -5.301775 -3.521429
v -2.479707 -5.317714 -3.521429
v -2.410453 -5.317050 -3.521429
v -2.341200 -5.300549 -3.521429
v -4.418800 -5.320000 -3.650000
v -4.349547 -5.320000 -3.650000
v -4.280293 -5.320000 -3.650000
v -4.211040 -5.320000 -3.650000
v -4.141787 -5.320000 -3.650000
v -4.072533 -5.320000 -3.650000
v -4.003280 -5.320000 -3.650000
v -3.934027 -5.320000 -3.650000
v -3.864773 -5.320000 -3.650000
v -3.795520 -5.320000 -3.650000
v -3.726267 -5.320000 -3.650000
v -3.657013 -5.320000 -3.650000
v -3.587760 -5.320000 -3.650000
v -3.518507 -5.320000 -3.650000
v -3.449253 -5.320000 -3.650000
v -3.380000 -5.320000 -3.650000
v -3.310747 -5.320000 -3.650000
v -3.241493 -5.320000 -3.650000
v -3.172240 -5.320000 -3.650000
v -3.102987 -5.320000 -3.650000
v -3.033733 -5.320000 -3.650000
v -2.964480 -5.320000 -3.650000
v -2.895227 -5.320000 -3.650000
v -2.825973 -5.320000 -3.650000
v -2.756720 -5.320000 -3.650000
v -2.687467 -5.320000 -3.650000
v -2.618213 -5.320000 -3.650000
v -2.548960 -5.320000 -3.650000
v -2.479707 -5.320000 -3.650000
v -2.410453 -5.320000 -3.650000
v -2.341200 -5.320000 -3.650000
v -0.340526 -5.340000 -1.964936
v -0.339014 -5.340000 -1.976493
v -0.338412 -5.340000 -1.988144
v -0.338723 -5.340000 -1.999808
v -0.339947 -5.340000 -2.011404
v -0.342074 -5.340000 -2.022851
v -0.345090 -5.340000 -2.034070
v -0.348974 -5.340000 -2.044982
v -0.353698 -5.340000 -2.055513
v -0.359230 -5.340000 -2.065589
v -0.365532 -5.340000 -2.075139
v -0.372559 -5.340000 -2.084098
v -0.380263 -5.340000 -2.092404
v -0.388591 -5.340000 -2.099998
v -0.397484 -5.340000 -2.106828
v -0.406881 -5.340000 -2.112846
v -0.416717 -5.340000 -2.118011
v -0.426922 -5.340000 -2.122287
v -0.437427 -5.340000 -2.125644
v -0.448158 -5.340000 -2.128058
v -0.459041 -5.340000 -2.129514
v -0.470000 -5.340000 -2.130000
v -0.480959 -5.340000 -2.129514
v -0.491842 -5.340000 -2.128058
v -0.502573 -5.340000 -2.125644
v -0.513078 -5.340000 -2.122287
v -0.523283 -5.340000 -2.118011
v -0.533119 -5.340000 -2.112846
v -0.542516 -5.340000 -2.106828
v -0.551409 -5.340000 -2.099998
v -0.559737 -5.340000 -2.092404
v -0.567441 -5.340000 -2.084098
v -0.574468 -5.340000 -2.075139
v -0.580770 -5.340000 -2.065589
v -0.586302 -5.340000 -2.055513
v -0.591026 -5.340000 -2.044982
v -0.594910 -5.340000 -2.034070
v -0.597926 -5.340000 -2.022851
v -0.600053 -5.340000 -2.011404
v -0.601277 -5.340000 -1.999808
v -0.601588 -5.340000 -1.988144
v -0.600986 -5.340000 -1.976493
v -0.599474 -5.340000 -1.964936
v -0.258515 -5.124639 -1.949060
v -0.256045 -5.133343 -1.967937
v -0.255061 -5.171393 -1.986968
v -0.255571 -5.204637 -2.006020
v -0.257569 -5.208553 -2.024961
v -0.261044 -5.193930 -2.043659
v -0.265970 -5.160493 -2.061984
v -0.272313 -5.112577 -2.079809
v -0.280030 -5.107911 -2.097010
v -0.289067 -5.110500 -2.113468
v -0.299360 -5.123908 -2.129068
v -0.310839 -5.150308 -2.143702
v -0.323423 -5.169056 -2.157268
v -0.337025 -5.180090 -2.169672
v -0.351552 -5.205791 -2.180829
v -0.366901 -5.197152 -2.190659
v -0.382966 -5.171206 -2.199096
v -0.399636 -5.139937 -2.206080
v -0.416795 -5.100087 -2.211563
v -0.434323 -5.091929 -2.215507
v -0.452099 -5.119685 -2.217884
v -0.470000 -5.146071 -2.218678
v -0.487901 -5.176345 -2.217884
v -0.505677 -5.197295 -2.215507
v -0.523205 -5.186924 -2.211563
v -0.540364 -5.187947 -2.206080
v -0.557034 -5.175349 -2.199096
v -0.573099 -5.145348 -2.190659
v -0.588448 -5.120353 -2.180829
v -0.602975 -5.102934 -2.169672
v -0.616577 -5.093890 -2.157268
v -0.629161 -5.135121 -2.143702
v -0.640640 -5.171897 -2.129068
v -0.650933 -5.197650 -2.113468
v -0.659970 -5.208952 -2.097010
v -0.667687 -5.189775 -2.079809
v -0.674030 -5.157805 -2.061984
v -0.678956 -5.146971 -2.043659
v -0.682431 -5.123387 -2.024961
v -0.684429 -5.110459 -2.006020
v -0.684939 -5.114462 -1.986968
v -0.683955 -5.118674 -1.967937
v -0.681485 -5.150426 -1.949060
v -0.176505 -4.918510 -1.933184
v -0.173076 -4.934709 -1.959382
v -0.171711 -5.009526 -1.985793
v -0.172418 -5.075132 -2.012233
v -0.175192 -5.082811 -2.038518
v -0.180014 -5.054197 -2.064467
v -0.186850 -4.988507 -2.089898
v -0.195653 -4.893970 -2.114636
v -0.206363 -4.885565 -2.138507
v -0.218903 -4.890956 -2.161347
v -0.233188 -4.917193 -2.182996
v -0.249118 -4.968836 -2.203305
v -0.266582 -5.005029 -2.222132
v -0.285460 -5.026127 -2.239347
v -0.305619 -5.077256 -2.254829
v -0.326921 -5.060503 -2.268472
v -0.349216 -5.009736 -2.280180
v -0.372350 -4.948509 -2.289873
v -0.396163 -4.869819 -2.297482
v -0.420488 -4.853834 -2.302955
v -0.445158 -4.908878 -2.306254
v -0.470000 -4.960558 -2.307357
v -0.494842 -5.019792 -2.306254
v -0.519512 -5.060645 -2.302955
v -0.543837 -5.039512 -2.297482
v -0.567650 -5.041967 -2.289873
v -0.590784 -5.017831 -2.280180
v -0.613079 -4.959142 -2.268472
v -0.634381 -4.910235 -2.254829
v -0.654540 -4.875845 -2.239347
v -0.673418 -4.857407 -2.222132
v -0.690882 -4.938846 -2.203305
v -0.706812 -5.011087 -2.182996
v -0.721097 -5.061477 -2.161347
v -0.733637 -5.083576 -2.138507
v -0.744347 -5.045515 -2.114636
v -0.753150 -4.982556 -2.089898
v -0.759986 -4.962194 -2.064467
v -0.764808 -4.916173 -2.038518
v -0.767582 -4.890879 -2.012233
v -0.768289 -4.898653 -1.985793
v -0.766924 -4.906135 -1.959382
v -0.763495 -4.968341 -1.933184
v -0.094494 -4.730444 -1.917308
v -0.090108 -4.751773 -1.950826
v -0.088361 -4.860843 -1.984617
v -0.089265 -4.957086 -2.018445
v -0.092814 -4.968229 -2.052076
v -0.098983 -4.926863 -2.085275
v -0.107730 -4.831237 -2.117813
v -0.118993 -4.692614 -2.149462
v -0.132695 -4.682282 -2.180004
v -0.148740 -4.690892 -2.209226
v -0.167016 -4.728826 -2.236925
v -0.187397 -4.803449 -2.262909
v -0.209742 -4.854534 -2.286997
v -0.233894 -4.883802 -2.309021
v -0.259687 -4.959825 -2.328830
v -0.286940 -4.935982 -2.346285
v -0.315465 -4.862598 -2.361265
v -0.345064 -4.773977 -2.373665
v -0.375531 -4.658420 -2.383401
v -0.406653 -4.635259 -2.390403
v -0.438216 -4.716677 -2.394625
v -0.470000 -4.791510 -2.396035
v -0.501784 -4.877134 -2.394625
v -0.533347 -4.935842 -2.390403
v -0.564469 -4.903183 -2.383401
v -0.594936 -4.907872 -2.373665
v -0.624535 -4.874269 -2.361265
v -0.653060 -4.789464 -2.346285
v -0.680313 -4.718761 -2.328830
v -0.706106 -4.668280 -2.309021
v -0.730258 -4.639758 -2.286997
v -0.752603 -4.759408 -2.262909
v -0.772984 -4.864547 -2.236925
v -0.791260 -4.937390 -2.209226
v -0.807305 -4.969297 -2.180004
v -0.821007 -4.912925 -2.149462
v -0.832270 -4.820898 -2.117813
v -0.841017 -4.793565 -2.085275
v -0.847186 -4.727351 -2.052076
v -0.850735 -4.690788 -2.018445
v -0.851639 -4.701877 -1.984617
v -0.849892 -4.710791 -1.950826
v -0.845506 -4.800908 -1.917308
v -0.012483 -4.568489 -1.901432
v -0.007139 -4.591527 -1.942271
v -0.005011 -4.731221 -1.983442
v -0.006112 -4.855605 -2.024658
v -0.010436 -4.869779 -2.065633
v -0.017953 -4.817452 -2.106083
v -0.028610 -4.695239 -2.145727
v -0.042333 -4.516195 -2.184289
v -0.059027 -4.506556 -2.221501
v -0.078576 -4.518988 -2.257105
v -0.100844 -4.566980 -2.290854
v -0.125677 -4.661313 -2.322512
v -0.152901 -4.723600 -2.351861
v -0.182328 -4.758299 -2.378696
v -0.213754 -4.858443 -2.402831
v -0.246960 -4.828992 -2.424098
v -0.281715 -4.736176 -2.442349
v -0.317778 -4.623869 -2.457458
v -0.354898 -4.474296 -2.469320
v -0.392818 -4.444899 -2.477852
v -0.431275 -4.551370 -2.482995
v -0.470000 -4.646264 -2.484713
v -0.508725 -4.754561 -2.482995
v -0.547182 -4.828165 -2.477852
v -0.585102 -4.782873 -2.469320
v -0.622222 -4.790956 -2.457458
v -0.658285 -4.750879 -2.442349
v -0.693040 -4.643675 -2.424098
v -0.726246 -4.554239 -2.402831
v -0.757672 -4.488934 -2.378696
v -0.787099 -4.449335 -2.351861
v -0.814323 -4.604307 -2.322512
v -0.839156 -4.738633 -2.290854
v -0.861424 -4.830775 -2.257105
v -0.880973 -4.871060 -2.221501
v -0.897667 -4.797203 -2.184289
v -0.911390 -4.678886 -2.145727
v -0.922047 -4.648278 -2.106083
v -0.929564 -4.565114 -2.065633
v -0.933888 -4.518870 -2.024658
v -0.934989 -4.532615 -1.983442
v -0.932861 -4.540301 -1.942271
v -0.927517 -4.654657 -1.901432
v 0.069528 -4.439560 -1.885556
v 0.075830 -4.459981 -1.933715
v 0.078340 -4.625705 -1.982266
v 0.077041 -4.775075 -2.030870
v 0.071941 -4.791735 -2.079191
v 0.063077 -4.730712 -2.126892
v 0.050510 -4.586147 -2.173641
v 0.034327 -4.371317 -2.219116
v 0.014640 -4.365683 -2.262998
v -0.008413 -4.382700 -2.304984
v -0.034672 -4.438679 -2.344782
v -0.063956 -4.548586 -2.382116
v -0.096061 -4.617408 -2.416725
v -0.130763 -4.654074 -2.448370
v -0.167821 -4.777363 -2.476831
v -0.206979 -4.744177 -2.501910
v -0.247964 -4.635957 -2.523433
v -0.290492 -4.504651 -2.541251
v -0.334266 -4.324672 -2.555239
v -0.378984 -4.290227 -2.565300
v -0.424333 -4.420079 -2.571365
v -0.470000 -4.531122 -2.573391
v -0.515667 -4.657392 -2.571365
v -0.561016 -4.742147 -2.565300
v -0.605734 -4.682825 -2.555239
v -0.649508 -4.695768 -2.541251
v -0.692036 -4.653004 -2.523433
v -0.733021 -4.528103 -2.501910
v -0.772179 -4.423806 -2.476831
v -0.809237 -4.345281 -2.448370
v -0.843939 -4.293347 -2.416725
v -0.876044 -4.479989 -2.382116
v -0.905328 -4.638808 -2.344782
v -0.931587 -4.746257 -2.304984
v -0.954640 -4.793113 -2.262998
v -0.974327 -4.702817 -2.219116
v -0.990510 -4.561722 -2.173641
v -1.003077 -4.532514 -2.126892
v -1.011941 -4.436502 -2.079191
v -1.017041 -4.382583 -2.030870
v -1.018340 -4.398152 -1.982266
v -1.015830 -4.401246 -1.933715
v -1.009528 -4.535195 -1.885556
v 0.151539 -4.349138 -1.869680
v 0.158798 -4.361898 -1.925160
v 0.161690 -4.548297 -1.981090
v 0.160193 -4.718974 -2.037083
v 0.154319 -4.737482 -2.092748
v 0.144107 -4.670404 -2.147700
v 0.129630 -4.508426 -2.201556
v 0.110987 -4.263213 -2.253942
v 0.088308 -4.265449 -2.304495
v 0.061751 -4.287939 -2.352863
v 0.031500 -4.349490 -2.398711
v -0.002236 -4.470147 -2.441719
v -0.039220 -4.540064 -2.481590
v -0.079197 -4.574656 -2.518045
v -0.121889 -4.719952 -2.550832
v -0.166999 -4.685216 -2.579723
v -0.214214 -4.566289 -2.604518
v -0.263206 -4.421451 -2.625044
v -0.313634 -4.215272 -2.641158
v -0.365149 -4.177167 -2.652749
v -0.417392 -4.328450 -2.659735
v -0.470000 -4.451080 -2.662070
v -0.522608 -4.589843 -2.659735
v -0.574851 -4.681385 -2.652749
v -0.626366 -4.606401 -2.641158
v -0.676794 -4.625915 -2.625044
v -0.725786 -4.584878 -2.604518
v -0.773001 -4.447763 -2.579723
v -0.818111 -4.333118 -2.550832
v -0.860803 -4.243246 -2.518045
v -0.900780 -4.177511 -2.481590
v -0.937764 -4.391561 -2.441719
v -0.971500 -4.569402 -2.398711
v -1.001751 -4.687504 -2.352863
v -1.028308 -4.738822 -2.304495
v -1.050987 -4.633308 -2.253942
v -1.069630 -4.473530 -2.201556
v -1.084107 -4.451173 -2.147700
v -1.094319 -4.347097 -2.092748
v -1.100193 -4.287844 -2.037083
v -1.101690 -4.304265 -1.981090
v -1.098798 -4.298845 -1.925160
v -1.091539 -4.446969 -1.869680
v 0.233550 -4.301033 -1.853804
v 0.241767 -4.300589 -1.916604
v 0.245040 -4.501779 -1.979915
v 0.243346 -4.689720 -2.043295
v 0.236697 -4.709375 -2.106306
v 0.225138 -4.639143 -2.168508
v 0.208750 -4.465180 -2.229470
v 0.187647 -4.195523 -2.288769
v 0.161976 -4.209875 -2.345992
v 0.131914 -4.238815 -2.400743
v 0.097671 -4.303283 -2.452640
v 0.059485 -4.429390 -2.501323
v 0.017621 -4.494423 -2.546454
v -0.027631 -4.522503 -2.587719
v -0.075956 -4.688552 -2.624833
v -0.127019 -4.654667 -2.657536
v -0.180463 -4.530196 -2.685602
v -0.235920 -4.377834 -2.708836
v -0.293002 -4.150078 -2.727077
v -0.351314 -4.109834 -2.740197
v -0.410450 -4.280407 -2.748106
v -0.470000 -4.409613 -2.750748
v -0.529550 -4.554846 -2.748106
v -0.588686 -4.648377 -2.740197
v -0.646998 -4.555940 -2.727077
v -0.704080 -4.583902 -2.708836
v -0.759537 -4.549446 -2.685602
v -0.812981 -4.406141 -2.657536
v -0.864044 -4.286109 -2.624833
v -0.912369 -4.186946 -2.587719
v -0.957621 -4.105798 -2.546454
v -0.999485 -4.342576 -2.501323
v -1.037671 -4.533424 -2.452640
v -1.071914 -4.657065 -2.400743
v -1.101976 -4.710530 -2.345992
v -1.127647 -4.591139 -2.288769
v -1.148750 -4.417178 -2.229470
v -1.165138 -4.407662 -2.168508
v -1.176697 -4.300777 -2.106306
v -1.183346 -4.238761 -2.043295
v -1.185040 -4.254968 -1.979915
v -1.181767 -4.236724 -1.916604
v -1.173550 -4.393070 -1.853804
v 0.315560 -4.297219 -1.837928
v 0.324736 -4.277771 -1.908049
v 0.328390 -4.487590 -1.978739
v 0.326499 -4.688565 -2.049508
v 0.319074 -4.708634 -2.119863
v 0.306168 -4.638286 -2.189316
v 0.287870 -4.458018 -2.257385
v 0.264307 -4.170133 -2.323596
v 0.235643 -4.201043 -2.387489
v 0.202078 -4.237457 -2.448622
v 0.163843 -4.302064 -2.506568
v 0.121206 -4.428074 -2.560926
v 0.074461 -4.481963 -2.611318
v 0.023934 -4.498884 -2.657394
v -0.030024 -4.684379 -2.698833
v -0.087038 -4.653856 -2.735349
v -0.146713 -4.529244 -2.766687
v -0.208633 -4.375644 -2.792629
v -0.272370 -4.131151 -2.812996
v -0.337479 -4.090364 -2.827645
v -0.403508 -4.277984 -2.836476
v -0.470000 -4.408519 -2.839426
v -0.536492 -4.553920 -2.836476
v -0.602521 -4.644418 -2.827645
v -0.667630 -4.532653 -2.812996
v -0.731367 -4.571030 -2.792629
v -0.793287 -4.548232 -2.766687
v -0.852962 -4.405043 -2.735349
v -0.909976 -4.284817 -2.698833
v -0.963934 -4.178516 -2.657394
v -1.014461 -4.080267 -2.611318
v -1.061206 -4.334874 -2.560926
v -1.103843 -4.532435 -2.506568
v -1.142078 -4.656262 -2.448622
v -1.175643 -4.709448 -2.387489
v -1.204307 -4.577583 -2.323596
v -1.227870 -4.394150 -2.257385
v -1.246168 -4.403744 -2.189316
v -1.259074 -4.299552 -2.119863
v -1.266499 -4.237466 -2.049508
v -1.268390 -4.252342 -1.978739
v -1.264736 -4.216763 -1.908049
v -1.255560 -4.375099 -1.837928
v 0.397571 -4.337749 -1.822052
v 0.407705 -4.293487 -1.899493
v 0.411741 -4.505770 -1.977563
v 0.409652 -4.715541 -2.055720
v 0.401452 -4.735290 -2.133420
v 0.387198 -4.667867 -2.210124
v 0.366990 -4.486982 -2.285299
v 0.340967 -4.187091 -2.358422
v 0.309311 -4.239010 -2.428986
v 0.272241 -4.283921 -2.496501
v 0.230015 -4.345886 -2.560497
v 0.182926 -4.466243 -2.620530
v 0.131302 -4.502724 -2.676182
v 0.075500 -4.503834 -2.727068
v 0.015909 -4.707462 -2.772834
v -0.047058 -4.682819 -2.813162
v -0.112962 -4.563474 -2.847771
v -0.181347 -4.414932 -2.876422
v -0.251737 -4.158547 -2.898915
v -0.323644 -4.118812 -2.915094
v -0.396567 -4.321234 -2.924846
v -0.470000 -4.447846 -2.928105
v -0.543433 -4.587103 -2.924846
v -0.616356 -4.669542 -2.915094
v -0.688263 -4.536571 -2.898915
v -0.758653 -4.587332 -2.876422
v -0.827038 -4.581278 -2.847771
v -0.892942 -4.444517 -2.813162
v -0.955909 -4.329296 -2.772834
v -1.015500 -4.218010 -2.727068
v -1.071302 -4.100974 -2.676182
v -1.122926 -4.368502 -2.620530
v -1.170015 -4.566475 -2.560497
v -1.212241 -4.685130 -2.496501
v -1.249311 -4.735609 -2.428986
v -1.280967 -4.592675 -2.358422
v -1.306990 -4.404487 -2.285299
v -1.327198 -4.439467 -2.210124
v -1.341452 -4.343477 -2.133420
v -1.349652 -4.284015 -2.055720
v -1.351741 -4.296441 -1.977563
v -1.347705 -4.239010 -1.899493
v -1.337571 -4.393099 -1.822052
v 0.479582 -4.420751 -1.806176
v 0.490673 -4.346112 -1.890938
v 0.495091 -4.554952 -1.976388
v 0.492804 -4.769461 -2.061933
v 0.483829 -4.788187 -2.146978
v 0.468229 -4.726602 -2.230932
v 0.446110 -4.550547 -2.313213
v 0.417627 -4.244611 -2.393249
v 0.382979 -4.321799 -2.470483
v 0.342405 -4.376187 -2.544380
v 0.296187 -4.432846 -2.614425
v 0.244647 -4.542232 -2.680133
v 0.188142 -4.555302 -2.741047
v 0.127066 -4.536147 -2.796743
v 0.061841 -4.756652 -2.846835
v -0.007077 -4.740297 -2.890975
v -0.079212 -4.631401 -2.928856
v -0.154061 -4.493946 -2.960215
v -0.231105 -4.230308 -2.984834
v -0.309809 -4.193154 -3.002542
v -0.389625 -4.408229 -3.013216
v -0.470000 -4.525887 -3.016783
v -0.550375 -4.652956 -3.013216
v -0.630191 -4.722521 -3.002542
v -0.708895 -4.566547 -2.984834
v -0.785939 -4.631577 -2.960215
v -0.860788 -4.647135 -2.928856
v -0.932923 -4.522850 -2.890975
v -1.001841 -4.417613 -2.846835
v -1.067066 -4.303407 -2.796743
v -1.128142 -4.165964 -2.741047
v -1.184647 -4.441717 -2.680133
v -1.236187 -4.634066 -2.614425
v -1.282405 -4.742415 -2.544380
v -1.322979 -4.787863 -2.470483
v -1.357627 -4.635205 -2.393249
v -1.386110 -4.446778 -2.313213
v -1.408229 -4.513158 -2.230932
v -1.423829 -4.430644 -2.146978
v -1.432804 -4.376387 -2.061933
v -1.435091 -4.385292 -1.976388
v -1.430673 -4.301685 -1.890938
v -1.419582 -4.445550 -1.806176
v 0.561593 -4.542508 -1.790299
v 0.573642 -4.432417 -1.882382
v 0.578441 -4.632424 -1.975212
v 0.575957 -4.847968 -2.068145
v 0.566207 -4.865030 -2.160535
v 0.549259 -4.811940 -2.251741
v 0.525230 -4.645686 -2.341128
v 0.494288 -4.339144 -2.428076
v 0.456646 -4.445489 -2.511980
v 0.412568 -4.510249 -2.592259
v 0.362359 -4.559172 -2.668354
v 0.306367 -4.652732 -2.739737
v 0.244983 -4.636916 -2.805911
v 0.178631 -4.593429 -2.866417
v 0.107774 -4.829665 -2.920836
v 0.032903 -4.823797 -2.968787
v -0.045461 -4.730077 -3.009940
v -0.126775 -4.609211 -3.044007
v -0.210473 -4.342554 -3.070753
v -0.295974 -4.309377 -3.089990
v -0.382684 -4.535143 -3.101587
v -0.470000 -4.639257 -3.105461
v -0.557316 -4.748622 -3.101587
v -0.644026 -4.800918 -3.089990
v -0.729527 -4.620299 -3.070753
v -0.813225 -4.701320 -3.044007
v -0.894539 -4.742935 -3.009940
v -0.972903 -4.636642 -2.968787
v -1.047774 -4.545933 -2.920836
v -1.118631 -4.430690 -2.866417
v -1.184983 -4.271366 -2.805911
v -1.246367 -4.551055 -2.739737
v -1.302359 -4.732272 -2.668354
v -1.352568 -4.825631 -2.592259
v -1.396646 -4.863927 -2.511980
v -1.434288 -4.702773 -2.428076
v -1.465230 -4.518229 -2.341128
v -1.489259 -4.621493 -2.251741
v -1.506207 -4.557270 -2.160535
v -1.515957 -4.510575 -2.068145
v -1.518441 -4.514982 -1.975212
v -1.513642 -4.401250 -1.882382
v -1.501593 -4.529440 -1.790299
v 0.643604 -4.697625 -1.774423
v 0.656611 -4.547711 -1.873827
v 0.661792 -4.734246 -1.974037
v 0.659110 -4.947638 -2.074358
v 0.648585 -4.962484 -2.174093
v 0.630289 -4.920177 -2.272549
v 0.604350 -4.768003 -2.369042
v 0.570948 -4.465535 -2.462902
v 0.530314 -4.604385 -2.553477
v 0.482732 -4.680288 -2.640138
v 0.428531 -4.719381 -2.722283
v 0.368088 -4.792937 -2.799340
v 0.301823 -4.743521 -2.870775
v 0.230197 -4.672203 -2.936092
v 0.153707 -4.923183 -2.994836
v 0.072883 -4.929695 -3.046600
v -0.011711 -4.855220 -3.091024
v -0.099489 -4.755679 -3.127800
v -0.189841 -4.489648 -3.156672
v -0.282139 -4.461648 -3.177439
v -0.375742 -4.696416 -3.189957
v -0.470000 -4.783034 -3.194139
v -0.564258 -4.869948 -3.189957
v -0.657861 -4.901195 -3.177439
v -0.750159 -4.694519 -3.156672
v -0.840511 -4.793010 -3.127800
v -0.928289 -4.864507 -3.091024
v -1.012883 -4.780956 -3.046600
v -1.093707 -4.708685 -2.994836
v -1.170197 -4.594026 -2.936092
v -1.241823 -4.411550 -2.870775
v -1.308088 -4.691486 -2.799340
v -1.368531 -4.856831 -2.722283
v -1.422732 -4.931169 -2.640138
v -1.470314 -4.960485 -2.553477
v -1.510948 -4.791893 -2.462902
v -1.544350 -4.614780 -2.369042
v -1.570289 -4.759650 -2.272549
v -1.588585 -4.717861 -2.174093
v -1.599110 -4.680755 -2.074358
v -1.601792 -4.679823 -1.974037
v -1.596611 -4.532568 -1.873827
v -1.583604 -4.640390 -1.774423
v 0.725615 -4.879256 -1.758547
v 0.739580 -4.686046 -1.865271
v 0.745142 -4.855422 -1.972861
v 0.742263 -5.064130 -2.080570
v 0.730962 -5.076320 -2.187650
v 0.711319 -5.046614 -2.293357
v 0.683470 -4.911920 -2.396956
v 0.647608 -4.617249 -2.497729
v 0.603982 -4.791263 -2.594974
v 0.552895 -4.878921 -2.688017
v 0.494703 -4.906522 -2.776211
v 0.429809 -4.956752 -2.858943
v 0.358664 -4.869989 -2.935639
v 0.281763 -4.768059 -3.005766
v 0.199639 -5.033000 -3.068837
v 0.112864 -5.053396 -3.124413
v 0.022039 -5.001400 -3.172109
v -0.072203 -4.926948 -3.211593
v -0.169209 -4.664439 -3.242591
v -0.268304 -4.642570 -3.264887
v -0.368801 -4.884999 -3.278327
v -0.470000 -4.950981 -3.282818
v -0.571199 -5.011670 -3.278327
v -0.671696 -5.018861 -3.264887
v -0.770791 -4.785005 -3.242591
v -0.867797 -4.902145 -3.211593
v -0.962039 -5.006564 -3.172109
v -1.052864 -4.949530 -3.124413
v -1.139639 -4.898805 -3.068837
v -1.221763 -4.786019 -3.005766
v -1.298664 -4.579382 -2.935639
v -1.369809 -4.856630 -2.858943
v -1.434703 -5.002335 -2.776211
v -1.492895 -5.054447 -2.688017
v -1.543982 -5.073333 -2.594974
v -1.587608 -4.898142 -2.497729
v -1.623470 -4.731279 -2.396956
v -1.651319 -4.921510 -2.293357
v -1.670962 -4.905449 -2.187650
v -1.682263 -4.879542 -2.080570
v -1.685142 -4.872602 -1.972861
v -1.679580 -4.689125 -1.865271
v -1.665615 -4.772848 -1.758547
v 0.807625 -5.079406 -1.742671
v 0.822548 -4.840475 -1.856715
v 0.828492 -4.990116 -1.971685
v 0.825416 -5.192370 -2.086783
v 0.813340 -5.201598 -2.201207
v 0.792350 -5.185763 -2.314165
v 0.762590 -5.070925 -2.424871
v 0.724268 -4.786649 -2.532556
v 0.677649 -4.997686 -2.636471
v 0.623059 -5.097526 -2.735896
v 0.560875 -5.112473 -2.830140
v 0.491529 -5.137058 -2.918547
v 0.415505 -5.010332 -3.000504
v 0.333328 -4.875846 -3.075441
v 0.245572 -5.154200 -3.142838
v 0.152844 -5.189530 -3.202226
v 0.055790 -5.162273 -3.253193
v -0.044917 -5.115539 -3.295386
v -0.148577 -4.858576 -3.328510
v -0.254469 -4.843505 -3.352335
v -0.361859 -5.092657 -3.366697
v -0.470000 -5.135808 -3.371496
v -0.578141 -5.167637 -3.366697
v -0.685531 -5.148674 -3.352335
v -0.791423 -4.886853 -3.328510
v -0.895083 -5.023465 -3.295386
v -0.995790 -5.162928 -3.253193
v -1.092844 -5.135047 -3.202226
v -1.185572 -5.108041 -3.142838
v -1.273328 -4.998028 -3.075441
v -1.355505 -4.766523 -3.000504
v -1.431529 -5.039036 -2.918547
v -1.500875 -5.162468 -2.830140
v -1.563059 -5.190117 -2.735896
v -1.617649 -5.197558 -2.636471
v -1.664268 -5.016356 -2.532556
v -1.702590 -4.861713 -2.424871
v -1.732350 -5.099925 -2.314165
v -1.753340 -5.111892 -2.201207
v -1.765416 -5.098311 -2.086783
v -1.768492 -5.084896 -1.971685
v -1.762548 -4.863310 -1.856715
v -1.747625 -4.920329 -1.742671
v -1.763600 -5.320000 -1.850000
v -1.677360 -5.320000 -1.850000
v -1.591120 -5.320000 -1.850000
v -1.504880 -5.320000 -1.850000
v -1.418640 -5.320000 -1.850000
v -1.332400 -5.320000 -1.850000
v -1.246160 -5.320000 -1.850000
v -1.159920 -5.320000 -1.850000
v -1.073680 -5.320000 -1.850000
v -0.987440 -5.320000 -1.850000
v -0.901200 -5.320000 -1.850000
v -0.814960 -5.320000 -1.850000
v -0.728720 -5.320000 -1.850000
v -0.642480 -5.320000 -1.850000
v -0.556240 -5.320000 -1.850000
v -0.470000 -5.320000 -1.850000
v -0.383760 -5.320000 -1.850000
v -0.297520 -5.320000 -1.850000
v -0.211280 -5.320000 -1.850000
v -0.125040 -5.320000 -1.850000
v -0.038800 -5.320000 -1.850000
v 0.047440 -5.320000 -1.850000
v 0.133680 -5.320000 -1.850000
v 0.219920 -5.320000 -1.850000
v 0.306160 -5.320000 -1.850000
v 0.392400 -5.320000 -1.850000
v 0.478640 -5.320000 -1.850000
v 0.564880 -5.320000 -1.850000
v 0.651120 -5.320000 -1.850000
v 0.737360 -5.320000 -1.850000
v 0.823600 -5.320000 -1.850000
v -1.763600 -5.317371 -1.978571
v -1.677360 -5.317411 -1.978571
v -1.591120 -5.301198 -1.978571
v -1.504880 -5.287420 -1.978571
v -1.418640 -5.291960 -1.978571
v -1.332400 -5.309585 -1.978571
v -1.246160 -5.319977 -1.978571
v -1.159920 -5.311159 -1.978571
v -1.073680 -5.293294 -1.978571
v -0.987440 -5.286976 -1.978571
v -0.901200 -5.299488 -1.978571
v -0.814960 -5.316407 -1.978571
v -0.728720 -5.318230 -1.978571
v -0.642480 -5.302856 -1.978571
v -0.556240 -5.288006 -1.978571
v -0.470000 -5.290799 -1.978571
v -0.383760 -5.308014 -1.978571
v -0.297520 -5.319808 -1.978571
v -0.211280 -5.312586 -1.978571
v -0.125040 -5.294672 -1.978571
v -0.038800 -5.286717 -1.978571
v 0.047440 -5.297890 -1.978571
v 0.133680 -5.315312 -1.978571
v 0.219920 -5.318900 -1.978571
v 0.306160 -5.304519 -1.978571
v 0.392400 -5.288745 -1.978571
v 0.478640 -5.289761 -1.978571
v 0.564880 -5.306397 -1.978571
v 0.651120 -5.319475 -1.978571
v 0.737360 -5.313921 -1.978571
v 0.823600 -5.296136 -1.978571
v -1.763600 -5.300888 -2.107143
v -1.677360 -5.266299 -2.107143
v -1.591120 -5.256100 -2.107143
v -1.504880 -5.282049 -2.107143
v -1.418640 -5.314234 -2.107143
v -1.332400 -5.315554 -2.107143
v -1.246160 -5.284488 -2.107143
v -1.159920 -5.256847 -2.107143
v -1.073680 -5.264492 -2.107143
v -0.987440 -5.298611 -2.107143
v -0.901200 -5.319875 -2.107143
v -0.814960 -5.303772 -2.107143
v -0.728720 -5.268864 -2.107143
v -0.642480 -5.255391 -2.107143
v -0.556240 -5.278882 -2.107143
v -0.470000 -5.312260 -2.107143
v -0.383760 -5.317049 -2.107143
v -0.297520 -5.287729 -2.107143
v -0.211280 -5.258097 -2.107143
v -0.125040 -5.262311 -2.107143
v -0.038800 -5.295513 -2.107143
v 0.047440 -5.319431 -2.107143
v 0.133680 -5.306494 -2.107143
v 0.219920 -5.271615 -2.107143
v 0.306160 -5.255000 -2.107143
v 0.392400 -5.275800 -2.107143
v 0.478640 -5.310040 -2.107143
v 0.564880 -5.318250 -2.107143
v 0.651120 -5.290966 -2.107143
v 0.737360 -5.259640 -2.107143
v 0.823600 -5.260380 -2.107143
v -1.763600 -5.228323 -2.235714
v -1.677360 -5.242426 -2.235714
v -1.591120 -5.292047 -2.235714
v -1.504880 -5.319987 -2.235714
v -1.418640 -5.294039 -2.235714
v -1.332400 -5.244114 -2.235714
v -1.246160 -5.227761 -2.235714
v -1.159920 -5.263830 -2.235714
v -1.073680 -5.310745 -2.235714
v -0.987440 -5.314425 -2.235714
v -0.901200 -5.270629 -2.235714
v -0.814960 -5.229841 -2.235714
v -0.728720 -5.239078 -2.235714
v -0.642480 -5.287692 -2.235714
v -0.556240 -5.319645 -2.235714
v -0.470000 -5.298104 -2.235714
v -0.383760 -5.247900 -2.235714
v -0.297520 -5.226903 -2.235714
v -0.211280 -5.259318 -2.235714
v -0.125040 -5.307779 -2.235714
v -0.038800 -5.316424 -2.235714
v 0.047440 -5.275289 -2.235714
v 0.133680 -5.231790 -2.235714
v 0.219920 -5.236069 -2.235714
v 0.306160 -5.283194 -2.235714
v 0.392400 -5.318843 -2.235714
v 0.478640 -5.301923 -2.235714
v 0.564880 -5.251938 -2.235714
v 0.651120 -5.226506 -2.235714
v 0.737360 -5.254943 -2.235714
v 0.823600 -5.304469 -2.235714
v -1.763600 -5.253271 -2.364286
v -1.677360 -5.310542 -2.364286
v -1.591120 -5.311123 -2.364286
v -1.504880 -5.254344 -2.364286
v -1.418640 -5.205656 -2.364286
v -1.332400 -5.221181 -2.364286
v -1.246160 -5.283024 -2.364286
v -1.159920 -5.319898 -2.364286
v -1.073680 -5.289297 -2.364286
v -0.987440 -5.226496 -2.364286
v -0.901200 -5.203886 -2.364286
v -0.814960 -5.247531 -2.364286
v -0.728720 -5.307119 -2.364286
v -0.642480 -5.313964 -2.364286
v -0.556240 -5.260174 -2.364286
v -0.470000 -5.207755 -2.364286
v -0.383760 -5.217130 -2.364286
v -0.297520 -5.277493 -2.364286
v -0.211280 -5.319262 -2.364286
v -0.125040 -5.294290 -2.364286
v -0.038800 -5.231362 -2.364286
v 0.047440 -5.203016 -2.364286
v 0.133680 -5.241927 -2.364286
v 0.219920 -5.303242 -2.364286
v 0.306160 -5.316282 -2.364286
v 0.392400 -5.266015 -2.364286
v 0.478640 -5.210386 -2.364286
v 0.564880 -5.213518 -2.364286
v 0.651120 -5.271801 -2.364286
v 0.737360 -5.318052 -2.364286
v 0.823600 -5.298956 -2.364286
v -1.763600 -5.319999 -2.492857
v -1.677360 -5.280744 -2.492857
v -1.591120 -5.208848 -2.492857
v -1.504880 -5.187186 -2.492857
v -1.418640 -5.240729 -2.492857
v -1.332400 -5.307757 -2.492857
v -1.246160 -5.311005 -2.492857
v -1.159920 -5.246730 -2.492857
v -1.073680 -5.189022 -2.492857
v -0.987440 -5.204402 -2.492857
v -0.901200 -5.275141 -2.492857
v -0.814960 -5.319698 -2.492857
v -0.728720 -5.286710 -2.492857
v -0.642480 -5.214205 -2.492857
v -0.556240 -5.185759 -2.492857
v -0.470000 -5.234163 -2.492857
v -0.383760 -5.303621 -2.492857
v -0.297520 -5.314067 -2.492857
v -0.211280 -5.253461 -2.492857
v -0.125040 -5.191663 -2.492857
v -0.038800 -5.199909 -2.492857
v 0.047440 -5.268694 -2.492857
v 0.133680 -5.318728 -2.492857
v 0.219920 -5.292336 -2.492857
v 0.306160 -5.219941 -2.492857
v 0.392400 -5.184993 -2.492857
v 0.478640 -5.227778 -2.492857
v 0.564880 -5.298976 -2.492857
v 0.651120 -5.316517 -2.492857
v 0.737360 -5.260181 -2.492857
v 0.823600 -5.194907 -2.492857
v -1.763600 -5.236059 -2.621429
v -1.677360 -5.176791 -2.621429
v -1.591120 -5.198317 -2.621429
v -1.504880 -5.275822 -2.621429
v -1.418640 -5.319966 -2.621429
v -1.332400 -5.279863 -2.621429
v -1.246160 -5.201740 -2.621429
v -1.159920 -5.175651 -2.621429
v -1.073680 -5.231669 -2.621429
v -0.987440 -5.305221 -2.621429
v -0.901200 -5.311523 -2.621429
v -0.814960 -5.243310 -2.621429
v -0.728720 -5.179213 -2.621429
v -0.642480 -5.193117 -2.621429
v -0.556240 -5.268995 -2.621429
v -0.470000 -5.319381 -2.621429
v -0.383760 -5.286195 -2.621429
v -0.297520 -5.207690 -2.621429
v -0.211280 -5.174361 -2.621429
v -0.125040 -5.224626 -2.621429
v -0.038800 -5.300544 -2.621429
v 0.047440 -5.314603 -2.621429
v 0.133680 -5.250598 -2.621429
v 0.219920 -5.182307 -2.621429
v 0.306160 -5.188451 -2.621429
v 0.392400 -5.261947 -2.621429
v 0.478640 -5.318076 -2.621429
v 0.564880 -5.292136 -2.621429
v 0.651120 -5.214030 -2.621429
v 0.737360 -5.173790 -2.621429
v 0.823600 -5.217803 -2.621429
v -1.763600 -5.173176 -2.750000
v -1.677360 -5.234131 -2.750000
v -1.591120 -5.307616 -2.750000
v -1.504880 -5.308922 -2.750000
v -1.418640 -5.236544 -2.750000
v -1.332400 -5.173914 -2.750000
v -1.246160 -5.193225 -2.750000
v -1.159920 -5.272218 -2.750000
v -1.073680 -5.319836 -2.750000
v -0.987440 -5.281190 -2.750000
v -0.901200 -5.200827 -2.750000
v -0.814960 -5.171383 -2.750000
v -0.728720 -5.226799 -2.750000
v -0.642480 -5.303195 -2.750000
v -0.556240 -5.312509 -2.750000
v -0.470000 -5.244004 -2.750000
v -0.383760 -5.176647 -2.750000
v -0.297520 -5.188081 -2.750000
v -0.211280 -5.265127 -2.750000
v -0.125040 -5.318972 -2.750000
v -0.038800 -5.287549 -2.750000
v 0.047440 -5.207079 -2.750000
v 0.133680 -5.170322 -2.750000
v 0.219920 -5.219647 -2.750000
v 0.306160 -5.298197 -2.750000
v 0.392400 -5.315426 -2.750000
v 0.478640 -5.251474 -2.750000
v 0.564880 -5.180059 -2.750000
v 0.651120 -5.183502 -2.750000
v 0.737360 -5.257835 -2.750000
v 0.823600 -5.317372 -2.750000
v -1.763600 -5.277729 -2.878571
v -1.677360 -5.320000 -2.878571
v -1.591120 -5.277985 -2.878571
v -1.504880 -5.200116 -2.878571
v -1.418640 -5.176152 -2.878571
v -1.332400 -5.233718 -2.878571
v -1.246160 -5.306456 -2.878571
v -1.159920 -5.310520 -2.878571
v -1.073680 -5.241226 -2.878571
v -0.987440 -5.178449 -2.878571
v -0.901200 -5.194555 -2.878571
v -0.814960 -5.270977 -2.878571
v -0.728720 -5.319623 -2.878571
v -0.642480 -5.284418 -2.878571
v -0.556240 -5.205943 -2.878571
v -0.470000 -5.174657 -2.878571
v -0.383760 -5.226624 -2.878571
v -0.297520 -5.301941 -2.878571
v -0.211280 -5.313788 -2.878571
v -0.125040 -5.248510 -2.878571
v -0.038800 -5.181353 -2.878571
v 0.047440 -5.189731 -2.878571
v 0.133680 -5.263985 -2.878571
v 0.219920 -5.318523 -2.878571
v 0.306160 -5.290477 -2.878571
v 0.392400 -5.212177 -2.878571
v 0.478640 -5.173880 -2.878571
v 0.564880 -5.219732 -2.878571
v 0.651120 -5.296878 -2.878571
v 0.737360 -5.316392 -2.878571
v 0.823600 -5.255778 -2.878571
v -1.763600 -5.308986 -3.007143
v -1.677360 -5.242894 -3.007143
v -1.591120 -5.187792 -3.007143
v -1.504880 -5.207196 -3.007143
v -1.418640 -5.278739 -3.007143
v -1.332400 -5.319952 -3.007143
v -1.246160 -5.283329 -3.007143
v -1.159920 -5.211085 -3.007143
v -1.073680 -5.186497 -3.007143
v -0.987440 -5.237908 -3.007143
v -0.901200 -5.306056 -3.007143
v -0.814960 -5.312385 -3.007143
v -0.728720 -5.249600 -3.007143
v -0.642480 -5.190074 -3.007143
v -0.556240 -5.202423 -3.007143
v -0.470000 -5.272413 -3.007143
v -0.383760 -5.319365 -3.007143
v -0.297520 -5.289157 -3.007143
v -0.211280 -5.216610 -3.007143
v -0.125040 -5.185350 -3.007143
v -0.038800 -5.231411 -3.007143
v 0.047440 -5.301698 -3.007143
v 0.133680 -5.315190 -3.007143
v 0.219920 -5.256335 -3.007143
v 0.306160 -5.192976 -3.007143
v 0.392400 -5.198148 -3.007143
v 0.478640 -5.265889 -3.007143
v 0.564880 -5.318113 -3.007143
v 0.651120 -5.294620 -3.007143
v 0.737360 -5.222492 -3.007143
v 0.823600 -5.184870 -3.007143
v -1.763600 -5.222588 -3.135714
v -1.677360 -5.205091 -3.135714
v -1.591120 -5.252460 -3.135714
v -1.504880 -5.310091 -3.135714
v -1.418640 -5.311552 -3.135714
v -1.332400 -5.255160 -3.135714
v -1.246160 -5.205917 -3.135714
v -1.159920 -5.220588 -3.135714
v -1.073680 -5.282260 -3.135714
v -0.987440 -5.319844 -3.135714
v -0.901200 -5.290015 -3.135714
v -0.814960 -5.227159 -3.135714
v -0.728720 -5.203729 -3.135714
v -0.642480 -5.246735 -3.135714
v -0.556240 -5.306602 -3.135714
v -0.470000 -5.314321 -3.135714
v -0.383760 -5.260994 -3.135714
v -0.297520 -5.208092 -3.135714
v -0.211280 -5.216596 -3.135714
v -0.125040 -5.276703 -3.135714
v -0.038800 -5.319127 -3.135714
v 0.047440 -5.294965 -3.135714
v 0.133680 -5.232069 -3.135714
v 0.219920 -5.202940 -3.135714
v 0.306160 -5.241155 -3.135714
v 0.392400 -5.302664 -3.135714
v 0.478640 -5.316564 -3.135714
v 0.564880 -5.266833 -3.135714
v 0.651120 -5.210796 -3.135714
v 0.737360 -5.213048 -3.135714
v 0.823600 -5.270993 -3.135714
v -1.763600 -5.242942 -3.264286
v -1.677360 -5.292669 -3.264286
v -1.591120 -5.319998 -3.264286
v -1.504880 -5.293426 -3.264286
v -1.418640 -5.243583 -3.264286
v -1.332400 -5.227924 -3.264286
v -1.246160 -5.264499 -3.264286
v -1.159920 -5.311148 -3.264286
v -1.073680 -5.314098 -3.264286
v -0.987440 -5.269948 -3.264286
v -0.901200 -5.229591 -3.264286
v -0.814960 -5.239547 -3.264286
v -0.728720 -5.288339 -3.264286
v -0.642480 -5.319724 -3.264286
v -0.556240 -5.297524 -3.264286
v -0.470000 -5.247329 -3.264286
v -0.383760 -5.227000 -3.264286
v -0.297520 -5.259970 -3.264286
v -0.211280 -5.308235 -3.264286
v -0.125040 -5.316158 -3.264286
v -0.038800 -5.274607 -3.264286
v 0.047440 -5.231478 -3.264286
v 0.133680 -5.236486 -3.264286
v 0.219920 -5.283859 -3.264286
v 0.306160 -5.318989 -3.264286
v 0.392400 -5.301381 -3.264286
v 0.478640 -5.251333 -3.264286
v 0.564880 -5.226535 -3.264286
v 0.651120 -5.255573 -3.264286
v 0.737360 -5.304974 -3.264286
v 0.823600 -5.317793 -3.264286
v -1.763600 -5.315007 -3.392857
v -1.677360 -5.314820 -3.392857
v -1.591120 -5.283093 -3.392857
v -1.504880 -5.256399 -3.392857
v -1.418640 -5.265508 -3.392857
v -1.332400 -5.299920 -3.392857
v -1.246160 -5.319968 -3.392857
v -1.159920 -5.302542 -3.392857
v -1.073680 -5.267730 -3.392857
v -0.987440 -5.255659 -3.392857
v -0.901200 -5.280244 -3.392857
v -0.814960 -5.313146 -3.392857
v -0.728720 -5.316437 -3.392857
v -0.642480 -5.286325 -3.392857
v -0.556240 -5.257519 -3.392857
v -0.470000 -5.263226 -3.392857
v -0.383760 -5.296866 -3.392857
v -0.297520 -5.319662 -3.392857
v -0.211280 -5.305337 -3.392857
v -0.125040 -5.270404 -3.392857
v -0.038800 -5.255129 -3.392857
v 0.047440 -5.277122 -3.392857
v 0.133680 -5.311030 -3.392857
v 0.219920 -5.317767 -3.392857
v 0.306160 -5.289568 -3.392857
v 0.392400 -5.258937 -3.392857
v 0.478640 -5.261184 -3.392857
v 0.564880 -5.293718 -3.392857
v 0.651120 -5.319037 -3.392857
v 0.737360 -5.307955 -3.392857
v 0.823600 -5.273247 -3.392857
v -1.763600 -5.310083 -3.521429
v -1.677360 -5.292363 -3.521429
v -1.591120 -5.287263 -3.521429
v -1.504880 -5.300662 -3.521429
v -1.418640 -5.317114 -3.521429
v -1.332400 -5.317656 -3.521429
v -1.246160 -5.301662 -3.521429
v -1.159920 -5.287569 -3.521429
v -1.073680 -5.291622 -3.521429
v -0.987440 -5.309149 -3.521429
v -0.901200 -5.319947 -3.521429
v -0.814960 -5.311568 -3.521429
v -0.728720 -5.293671 -3.521429
v -0.642480 -5.286887 -3.521429
v -0.556240 -5.299035 -3.521429
v -0.470000 -5.316112 -3.521429
v -0.383760 -5.318433 -3.521429
v -0.297520 -5.303323 -3.521429
v -0.211280 -5.288199 -3.521429
v -0.125040 -5.290495 -3.521429
v -0.038800 -5.307564 -3.521429
v 0.047440 -5.319731 -3.521429
v 0.133680 -5.312970 -3.521429
v 0.219920 -5.295075 -3.521429
v 0.306160 -5.286673 -3.521429
v 0.392400 -5.297450 -3.521429
v 0.478640 -5.314983 -3.521429
v 0.564880 -5.319061 -3.521429
v 0.651120 -5.304984 -3.521429
v 0.737360 -5.288978 -3.521429
v 0.823600 -5.289494 -3.521429
v -1.763600 -5.320000 -3.650000
v -1.677360 -5.320000 -3.650000
v -1.591120 -5.320000 -3.650000
v -1.504880 -5.320000 -3.650000
v -1.418640 -5.320000 -3.650000
v -1.332400 -5.320000 -3.650000
v -1.246160 -5.320000 -3.650000
v -1.159920 -5.320000 -3.650000
v -1.073680 -5.320000 -3.650000
v -0.987440 -5.320000 -3.650000
v -0.901200 -5.320000 -3.650000
v -0.814960 -5.320000 -3.650000
v -0.728720 -5.320000 -3.650000
v -0.642480 -5.320000 -3.650000
v -0.556240 -5.320000 -3.650000
v -0.470000 -5.320000 -3.650000
v -0.383760 -5.320000 -3.650000
v -0.297520 -5.320000 -3.650000
v -0.211280 -5.320000 -3.650000
v -0.125040 -5.320000 -3.650000
v -0.038800 -5.320000 -3.650000
v 0.047440 -5.320000 -3.650000
v 0.133680 -5.320000 -3.650000
v 0.219920 -5.320000 -3.650000
v 0.306160 -5.320000 -3.650000
v 0.392400 -5.320000 -3.650000
v 0.478640 -5.320000 -3.650000
v 0.564880 -5.320000 -3.650000
v 0.651120 -5.320000 -3.650000
v 0.737360 -5.320000 -3.650000
v 0.823600 -5.320000 -3.650000
v 2.999474 -5.340000 -1.964936
v 3.000986 -5.340000 -1.976493
v 3.001588 -5.340000 -1.988144
v 3.001277 -5.340000 -1.999808
v 3.000053 -5.340000 -2.011404
v 2.997926 -5.340000 -2.022851
v 2.994910 -5.340000 -2.034070
v 2.991026 -5.340000 -2.044982
v 2.986302 -5.340000 -2.055513
v 2.980770 -5.340000 -2.065589
v 2.974468 -5.340000 -2.075139
v 2.967441 -5.340000 -2.084098
v 2.959737 -5.340000 -2.092404
v 2.951409 -5.340000 -2.099998
v 2.942516 -5.340000 -2.106828
v 2.933119 -5.340000 -2.112846
v 2.923283 -5.340000 -2.118011
v 2.913078 -5.340000 -2.122287
v 2.902573 -5.340000 -2.125644
v 2.891842 -5.340000 -2.128058
v 2.880959 -5.340000 -2.129514
v 2.870000 -5.340000 -2.130000
v 2.859041 -5.340000 -2.129514
v 2.848158 -5.340000 -2.128058
v 2.837427 -5.340000 -2.125644
v 2.826922 -5.340000 -2.122287
v 2.816717 -5.340000 -2.118011
v 2.806881 -5.340000 -2.112846
v 2.797484 -5.340000 -2.106828
v 2.788591 -5.340000 -2.099998
v 2.780263 -5.340000 -2.092404
v 2.772559 -5.340000 -2.084098
v 2.765532 -5.340000 -2.075139
v 2.759230 -5.340000 -2.065589
v 2.753698 -5.340000 -2.055513
v 2.748974 -5.340000 -2.044982
v 2.745090 -5.340000 -2.034070
v 2.742074 -5.340000 -2.022851
v 2.739947 -5.340000 -2.011404
v 2.738723 -5.340000 -1.999808
v 2.738412 -5.340000 -1.988144
v 2.739014 -5.340000 -1.976493
v 2.740526 -5.340000 -1.964936
v 3.077122 -5.207495 -1.949904
v 3.079541 -5.206698 -1.968393
v 3.080504 -5.186609 -1.987031
v 3.080006 -5.139304 -2.005690
v 3.078048 -5.115468 -2.024240
v 3.074645 -5.112072 -2.042552
v 3.069821 -5.112099 -2.060499
v 3.063608 -5.129164 -2.077956
v 3.056051 -5.152786 -2.094802
v 3.047201 -5.162977 -2.110921
v 3.037120 -5.196724 -2.126199
v 3.025878 -5.207891 -2.140531
v 3.013553 -5.192112 -2.153817
v 3.000231 -5.164060 -2.165966
v 2.986005 -5.124962 -2.176892
v 2.970972 -5.090683 -2.186519
v 2.955238 -5.106440 -2.194782
v 2.938912 -5.125668 -2.201622
v 2.922107 -5.153017 -2.206992
v 2.904941 -5.182154 -2.210854
v 2.887531 -5.188380 -2.213183
v 2.870000 -5.188980 -2.213961
v 2.852469 -5.193739 -2.213183
v 2.835059 -5.168765 -2.210854
v 2.817893 -5.138718 -2.206992
v 2.801088 -5.114168 -2.201622
v 2.784762 -5.089051 -2.194782
v 2.769028 -5.108410 -2.186519
v 2.753995 -5.148011 -2.176892
v 2.739769 -5.178678 -2.165966
v 2.726447 -5.201822 -2.153817
v 2.714122 -5.203748 -2.140531
v 2.702880 -5.174372 -2.126199
v 2.692799 -5.165061 -2.110921
v 2.683949 -5.142898 -2.094802
v 2.676392 -5.118932 -2.077956
v 2.670179 -5.109832 -2.060499
v 2.665355 -5.108751 -2.042552
v 2.661952 -5.120833 -2.024240
v 2.659994 -5.170507 -2.005690
v 2.659496 -5.199209 -1.987031
v 2.660459 -5.209446 -1.968393
v 2.662878 -5.200320 -1.949904
v 3.154769 -5.080740 -1.934873
v 3.158096 -5.079180 -1.960292
v 3.159420 -5.039794 -1.985918
v 3.158735 -4.946436 -2.011572
v 3.156043 -4.900016 -2.037076
v 3.151365 -4.894007 -2.062253
v 3.144731 -4.894089 -2.086928
v 3.136190 -4.927477 -2.110930
v 3.125799 -4.973487 -2.134092
v 3.113631 -4.992601 -2.156253
v 3.099771 -5.059262 -2.177258
v 3.084315 -5.081510 -2.196963
v 3.067370 -5.050641 -2.215231
v 3.049054 -4.995749 -2.231933
v 3.029493 -4.918835 -2.246955
v 3.008825 -4.851156 -2.260193
v 2.987193 -4.882818 -2.271553
v 2.964747 -4.920636 -2.280957
v 2.941642 -4.974147 -2.288340
v 2.918040 -5.031128 -2.293650
v 2.894104 -5.042656 -2.296851
v 2.870000 -5.043648 -2.297921
v 2.845896 -5.053750 -2.296851
v 2.821960 -5.004961 -2.293650
v 2.798358 -4.946170 -2.288340
v 2.775253 -4.898035 -2.280957
v 2.752807 -4.848070 -2.271553
v 2.731175 -4.886260 -2.260193
v 2.710507 -4.964332 -2.246955
v 2.690946 -5.024356 -2.231933
v 2.672630 -5.069639 -2.215231
v 2.655685 -5.073163 -2.196963
v 2.640229 -5.014884 -2.177258
v 2.626369 -4.997357 -2.156253
v 2.614201 -4.954345 -2.134092
v 2.603810 -4.907456 -2.110930
v 2.595269 -4.889643 -2.086928
v 2.588635 -4.887067 -2.062253
v 2.583957 -4.910169 -2.037076
v 2.581265 -5.008203 -2.011572
v 2.580580 -5.064527 -1.985918
v 2.581904 -5.084558 -1.960292
v 2.585231 -5.066662 -1.934873
v 3.232417 -4.965236 -1.919842
v 3.236650 -4.962981 -1.952192
v 3.238336 -4.905844 -1.984805
v 3.237464 -4.768885 -2.017454
v 3.234038 -4.702328 -2.049912
v 3.228084 -4.695241 -2.081954
v 3.219642 -4.695428 -2.113357
v 3.208772 -4.743689 -2.143904
v 3.195548 -4.809674 -2.173381
v 3.180062 -4.835230 -2.201584
v 3.162423 -4.933177 -2.228318
v 3.142752 -4.966335 -2.253396
v 3.121186 -4.921727 -2.276644
v 3.097876 -4.842364 -2.297901
v 3.072982 -4.730145 -2.317019
v 3.046679 -4.630784 -2.333866
v 3.019148 -4.678640 -2.348323
v 2.990581 -4.733801 -2.360292
v 2.961176 -4.811154 -2.369688
v 2.931138 -4.893444 -2.376446
v 2.900676 -4.908469 -2.380520
v 2.870000 -4.909446 -2.381882
v 2.839324 -4.926032 -2.380520
v 2.808862 -4.855696 -2.376446
v 2.778824 -4.770712 -2.369688
v 2.749419 -4.700880 -2.360292
v 2.720852 -4.626591 -2.348323
v 2.693321 -4.682579 -2.333866
v 2.667018 -4.796914 -2.317019
v 2.642124 -4.883731 -2.297901
v 2.618814 -4.949185 -2.276644
v 2.597248 -4.953668 -2.253396
v 2.577577 -4.867409 -2.228318
v 2.559938 -4.843812 -2.201584
v 2.544452 -4.782520 -2.173381
v 2.531228 -4.714751 -2.143904
v 2.520358 -4.688980 -2.113357
v 2.511916 -4.684097 -2.081954
v 2.505962 -4.716143 -2.049912
v 2.502536 -4.859965 -2.017454
v 2.501664 -4.941798 -1.984805
v 2.503350 -4.970754 -1.952192
v 2.507583 -4.944785 -1.919842
v 3.310065 -4.865994 -1.904810
v 3.315205 -4.863142 -1.944092
v 3.317252 -4.790490 -1.983692
v 3.316193 -4.613476 -2.023336
v 3.312033 -4.530320 -2.062748
v 3.304803 -4.524371 -2.101655
v 3.294553 -4.524737 -2.139787
v 3.281353 -4.585777 -2.176878
v 3.265296 -4.668246 -2.212670
v 3.246493 -4.696657 -2.246916
v 3.225074 -4.823538 -2.279377
v 3.201189 -4.867359 -2.309828
v 3.175003 -4.810963 -2.338058
v 3.146698 -4.710555 -2.363869
v 3.116471 -4.566660 -2.387083
v 3.084532 -4.438101 -2.407539
v 3.051103 -4.502568 -2.425094
v 3.016416 -4.573271 -2.439627
v 2.980711 -4.671110 -2.451036
v 2.944237 -4.775047 -2.459242
v 2.907248 -4.790960 -2.464189
v 2.870000 -4.791333 -2.465842
v 2.832752 -4.816054 -2.464189
v 2.795763 -4.727447 -2.459242
v 2.759289 -4.619957 -2.451036
v 2.723584 -4.531159 -2.439627
v 2.688897 -4.433305 -2.425094
v 2.655468 -4.505595 -2.407539
v 2.623529 -4.653002 -2.387083
v 2.593302 -4.762906 -2.363869
v 2.564997 -4.845688 -2.338058
v 2.538811 -4.850202 -2.309828
v 2.514926 -4.737298 -2.279377
v 2.493507 -4.710731 -2.246916
v 2.474704 -4.634876 -2.212670
v 2.458647 -4.549178 -2.176878
v 2.445447 -4.516541 -2.139787
v 2.435197 -4.508179 -2.101655
v 2.427967 -4.546166 -2.062748
v 2.423807 -4.732058 -2.023336
v 2.422748 -4.836349 -1.983692
v 2.424795 -4.872973 -1.944092
v 2.429935 -4.839940 -1.904810
v 3.387713 -4.787321 -1.889779
v 3.393760 -4.783995 -1.935991
v 3.396168 -4.698658 -1.982579
v 3.394921 -4.486072 -2.029218
v 3.390028 -4.390790 -2.075584
v 3.381523 -4.388785 -2.121356
v 3.369464 -4.389425 -2.166216
v 3.353935 -4.460590 -2.209852
v 3.335044 -4.555132 -2.251960
v 3.312923 -4.581862 -2.292248
v 3.287726 -4.734699 -2.330437
v 3.259626 -4.788872 -2.366261
v 3.228820 -4.723157 -2.399471
v 3.195521 -4.606037 -2.429837
v 3.159960 -4.435053 -2.457147
v 3.122386 -4.280439 -2.481212
v 3.083058 -4.362047 -2.501865
v 3.042250 -4.446009 -2.518962
v 3.000246 -4.560091 -2.532384
v 2.957336 -4.681045 -2.542038
v 2.913820 -4.694544 -2.547858
v 2.870000 -4.693568 -2.549803
v 2.826180 -4.728511 -2.547858
v 2.782664 -4.625779 -2.542038
v 2.739754 -4.500449 -2.532384
v 2.697750 -4.396136 -2.518962
v 2.656942 -4.275675 -2.501865
v 2.617614 -4.362379 -2.481212
v 2.580040 -4.538818 -2.457147
v 2.544479 -4.667123 -2.429837
v 2.511180 -4.763637 -2.399471
v 2.480374 -4.767010 -2.366261
v 2.452274 -4.629150 -2.330437
v 2.427077 -4.603535 -2.292248
v 2.404956 -4.517816 -2.251960
v 2.386065 -4.417922 -2.209852
v 2.370536 -4.379801 -2.166216
v 2.358477 -4.366476 -2.121356
v 2.349972 -4.406607 -2.075584
v 2.345079 -4.629868 -2.029218
v 2.343832 -4.752753 -1.982579
v 2.346240 -4.795459 -1.935991
v 2.352287 -4.756636 -1.889779
v 3.465360 -4.732631 -1.874747
v 3.472314 -4.728976 -1.927891
v 3.475084 -4.634251 -1.981466
v 3.473650 -4.391320 -2.035100
v 3.468023 -4.289130 -2.088420
v 3.458242 -4.294339 -2.141058
v 3.444374 -4.295362 -2.192645
v 3.426517 -4.373562 -2.242825
v 3.404793 -4.475031 -2.291249
v 3.379354 -4.494790 -2.337580
v 3.350377 -4.670114 -2.381497
v 3.318063 -4.734274 -2.422693
v 3.282636 -4.662118 -2.460884
v 3.244343 -4.533338 -2.495804
v 3.203449 -4.340617 -2.527211
v 3.160239 -4.163610 -2.554885
v 3.115013 -4.262976 -2.578635
v 3.068084 -4.357539 -2.598296
v 3.019780 -4.482916 -2.613732
v 2.970435 -4.615486 -2.624834
v 2.920393 -4.622723 -2.631527
v 2.870000 -4.619529 -2.633763
v 2.819607 -4.667128 -2.631527
v 2.769565 -4.555104 -2.624834
v 2.720220 -4.417371 -2.613732
v 2.671916 -4.301569 -2.598296
v 2.624987 -4.159621 -2.578635
v 2.579761 -4.258534 -2.554885
v 2.536551 -4.459299 -2.527211
v 2.495657 -4.600540 -2.495804
v 2.457364 -4.706591 -2.460884
v 2.421937 -4.707458 -2.422693
v 2.389623 -4.546610 -2.381497
v 2.360646 -4.526520 -2.337580
v 2.335207 -4.436416 -2.291249
v 2.313483 -4.326679 -2.242825
v 2.295626 -4.284684 -2.192645
v 2.281758 -4.264667 -2.141058
v 2.271977 -4.302514 -2.088420
v 2.266350 -4.557661 -2.035100
v 2.264916 -4.694639 -1.981466
v 2.267686 -4.741575 -1.927891
v 2.274640 -4.698449 -1.874747
v 3.543008 -4.704297 -1.859716
v 3.550869 -4.700472 -1.919790
v 3.554000 -4.599983 -1.980352
v 3.552379 -4.332452 -2.040982
v 3.546019 -4.229086 -2.101257
v 3.534961 -4.245103 -2.160759
v 3.519285 -4.246631 -2.219075
v 3.499098 -4.328467 -2.275799
v 3.474541 -4.431210 -2.330538
v 3.445785 -4.438185 -2.382912
v 3.413029 -4.632180 -2.432556
v 3.376500 -4.705929 -2.479126
v 3.336453 -4.630495 -2.522298
v 3.293165 -4.495606 -2.561772
v 3.246938 -4.287028 -2.597274
v 3.198092 -4.091656 -2.628558
v 3.146968 -4.209458 -2.655406
v 3.093919 -4.311699 -2.677631
v 3.039315 -4.442934 -2.695080
v 2.983534 -4.581185 -2.707630
v 2.926965 -4.577930 -2.715196
v 2.870000 -4.571565 -2.717724
v 2.813035 -4.634495 -2.715196
v 2.756466 -4.518488 -2.707630
v 2.700685 -4.374331 -2.695080
v 2.646081 -4.251463 -2.677631
v 2.593032 -4.089257 -2.655406
v 2.541908 -4.197957 -2.628558
v 2.493062 -4.417873 -2.597274
v 2.446835 -4.566044 -2.561772
v 2.403547 -4.677024 -2.522298
v 2.363500 -4.673885 -2.479126
v 2.326971 -4.492212 -2.432556
v 2.294215 -4.482672 -2.382912
v 2.265459 -4.394205 -2.330538
v 2.240902 -4.279408 -2.275799
v 2.220715 -4.235309 -2.219075
v 2.205039 -4.206700 -2.160759
v 2.193981 -4.237398 -2.101257
v 2.187621 -4.518406 -2.040982
v 2.186000 -4.664529 -1.980352
v 2.189131 -4.713659 -1.919790
v 2.196992 -4.667863 -1.859716
v 3.620656 -4.703549 -1.844685
v 3.629424 -4.699720 -1.911690
v 3.632916 -4.597261 -1.979239
v 3.631108 -4.311142 -2.046864
v 3.624014 -4.212601 -2.114093
v 3.611681 -4.243187 -2.180460
v 3.594196 -4.245345 -2.245504
v 3.571680 -4.327263 -2.308773
v 3.544290 -4.425361 -2.369828
v 3.512216 -4.413468 -2.428244
v 3.475680 -4.622143 -2.483616
v 3.434937 -4.705061 -2.535558
v 3.390269 -4.629661 -2.583711
v 3.341988 -4.494475 -2.627740
v 3.290427 -4.276194 -2.667338
v 3.235946 -4.066669 -2.702231
v 3.178923 -4.203616 -2.732177
v 3.119753 -4.310478 -2.756966
v 3.058849 -4.441879 -2.776428
v 2.996633 -4.579600 -2.790427
v 2.933537 -4.561427 -2.798865
v 2.870000 -4.550890 -2.801684
v 2.806463 -4.631951 -2.798865
v 2.743367 -4.517522 -2.790427
v 2.681151 -4.373194 -2.776428
v 2.620247 -4.247891 -2.756966
v 2.561077 -4.066713 -2.732177
v 2.504054 -4.182667 -2.702231
v 2.449573 -4.416319 -2.667338
v 2.398012 -4.565134 -2.627740
v 2.349731 -4.676220 -2.583711
v 2.305063 -4.667502 -2.535558
v 2.264320 -4.467270 -2.483616
v 2.227784 -4.473538 -2.428244
v 2.195710 -4.393011 -2.369828
v 2.168320 -4.278161 -2.308773
v 2.145804 -4.233811 -2.245504
v 2.128319 -4.194619 -2.180460
v 2.115986 -4.213076 -2.114093
v 2.108892 -4.513639 -2.046864
v 2.107084 -4.663728 -1.979239
v 2.110576 -4.712922 -1.911690
v 2.119344 -4.666167 -1.844685
v 3.698304 -4.730418 -1.829653
v 3.707978 -4.726752 -1.903590
v 3.711832 -4.626120 -1.978126
v 3.709837 -4.327434 -2.052746
v 3.702009 -4.239726 -2.126929
v 3.688400 -4.288647 -2.200161
v 3.669107 -4.291561 -2.271933
v 3.644262 -4.370000 -2.341747
v 3.614038 -4.457528 -2.409117
v 3.578646 -4.420676 -2.473576
v 3.538331 -4.640035 -2.534675
v 3.493374 -4.731704 -2.591991
v 3.444086 -4.659651 -2.645125
v 3.390810 -4.529985 -2.693708
v 3.333916 -4.308163 -2.737402
v 3.273799 -4.088705 -2.775904
v 3.210878 -4.245507 -2.808947
v 3.145588 -4.353928 -2.836301
v 3.078384 -4.479798 -2.857776
v 3.009732 -4.610769 -2.873223
v 2.940109 -4.573246 -2.882534
v 2.870000 -4.557538 -2.885645
v 2.799891 -4.659532 -2.882534
v 2.730268 -4.552247 -2.873223
v 2.661616 -4.414011 -2.857776
v 2.594412 -4.290909 -2.836301
v 2.529122 -4.092046 -2.808947
v 2.466201 -4.212715 -2.775904
v 2.406084 -4.454683 -2.737402
v 2.349190 -4.597849 -2.693708
v 2.295914 -4.704211 -2.645125
v 2.246626 -4.688342 -2.591991
v 2.201669 -4.471816 -2.534675
v 2.161354 -4.499160 -2.473576
v 2.125962 -4.432883 -2.409117
v 2.095738 -4.322992 -2.341747
v 2.070893 -4.280245 -2.271933
v 2.051600 -4.228480 -2.200161
v 2.037991 -4.229596 -2.126929
v 2.030163 -4.543401 -2.052746
v 2.028168 -4.692270 -1.978126
v 2.032022 -4.739397 -1.903590
v 2.041696 -4.693394 -1.829653
v 3.775952 -4.783740 -1.814622
v 3.786533 -4.780395 -1.895489
v 3.790748 -4.685228 -1.977013
v 3.788566 -4.379740 -2.058628
v 3.780004 -4.308619 -2.139765
v 3.765120 -4.379482 -2.219862
v 3.744017 -4.383274 -2.298363
v 3.716843 -4.454825 -2.374721
v 3.683787 -4.526107 -2.448406
v 3.645077 -4.458462 -2.518908
v 3.600983 -4.684677 -2.585735
v 3.551811 -4.784696 -2.648423
v 3.497902 -4.719165 -2.706538
v 3.439632 -4.600591 -2.759675
v 3.377405 -4.381129 -2.807466
v 3.311653 -4.155779 -2.849577
v 3.242832 -4.333116 -2.885718
v 3.171422 -4.440162 -2.915636
v 3.097918 -4.555044 -2.939124
v 3.022831 -4.673310 -2.956019
v 2.946682 -4.612192 -2.966203
v 2.870000 -4.590355 -2.969605
v 2.793318 -4.715966 -2.966203
v 2.717169 -4.621155 -2.956019
v 2.642082 -4.495010 -2.939124
v 2.568578 -4.378548 -2.915636
v 2.497168 -4.163234 -2.885718
v 2.428347 -4.286189 -2.849577
v 2.362595 -4.531279 -2.807466
v 2.300368 -4.662769 -2.759675
v 2.242098 -4.759782 -2.706538
v 2.188189 -4.735255 -2.648423
v 2.139017 -4.504607 -2.585735
v 2.094923 -4.558069 -2.518908
v 2.056213 -4.512086 -2.448406
v 2.023157 -4.411955 -2.374721
v 1.995983 -4.372587 -2.298363
v 1.974880 -4.306342 -2.219862
v 1.959996 -4.285235 -2.139765
v 1.951434 -4.606235 -2.058628
v 1.949252 -4.748918 -1.977013
v 1.953467 -4.791935 -1.895489
v 1.964048 -4.748323 -1.814622
v 3.853599 -4.861200 -1.799590
v 3.865088 -4.858322 -1.887389
v 3.869664 -4.771939 -1.975900
v 3.867295 -4.464910 -2.064510
v 3.857999 -4.415627 -2.152601
v 3.841839 -4.511722 -2.239563
v 3.818928 -4.516503 -2.324792
v 3.789425 -4.578054 -2.407695
v 3.753535 -4.627913 -2.487696
v 3.711508 -4.524151 -2.564240
v 3.663634 -4.753728 -2.636794
v 3.610248 -4.861731 -2.704856
v 3.551719 -4.805620 -2.767952
v 3.488455 -4.703223 -2.825643
v 3.420894 -4.491506 -2.877530
v 3.349506 -4.263950 -2.923251
v 3.274787 -4.462443 -2.962489
v 3.197257 -4.565440 -2.994971
v 3.117453 -4.664354 -3.020472
v 3.035930 -4.764478 -3.038815
v 2.953254 -4.675892 -3.049871
v 2.870000 -4.647051 -3.053566
v 2.786746 -4.798730 -3.049871
v 2.704070 -4.721257 -3.038815
v 2.622547 -4.612677 -3.020472
v 2.542743 -4.506906 -2.994971
v 2.465213 -4.276267 -2.962489
v 2.390494 -4.399289 -2.923251
v 2.319106 -4.642763 -2.877530
v 2.251545 -4.757077 -2.825643
v 2.188281 -4.840520 -2.767952
v 2.129752 -4.805961 -2.704856
v 2.076366 -4.563172 -2.636794
v 2.028492 -4.647354 -2.564240
v 1.986465 -4.627179 -2.487696
v 1.950575 -4.541190 -2.407695
v 1.921072 -4.506823 -2.324792
v 1.898161 -4.424356 -2.239563
v 1.882001 -4.376569 -2.152601
v 1.872705 -4.699246 -2.064510
v 1.870336 -4.831213 -1.975900
v 1.874912 -4.868256 -1.887389
v 1.886401 -4.828531 -1.799590
v 3.931247 -4.959437 -1.784559
v 3.943643 -4.957150 -1.879288
v 3.948580 -4.882408 -1.974787
v 3.946024 -4.578368 -2.070391
v 3.935994 -4.555442 -2.165437
v 3.918558 -4.679603 -2.259265
v 3.893839 -4.685467 -2.351221
v 3.862007 -4.734340 -2.440669
v 3.823284 -4.758318 -2.526985
v 3.777938 -4.613857 -2.609572
v 3.726286 -4.843790 -2.687854
v 3.668685 -4.959462 -2.761288
v 3.605536 -4.915263 -2.829365
v 3.537277 -4.833420 -2.891611
v 3.464383 -4.634084 -2.947593
v 3.387359 -4.407496 -2.996924
v 3.306742 -4.627680 -3.039259
v 3.223091 -4.724322 -3.074306
v 3.136987 -4.802982 -3.101820
v 3.049029 -4.880287 -3.121611
v 2.959826 -4.760898 -3.133540
v 2.870000 -4.724301 -3.137526
v 2.780174 -4.904156 -3.133540
v 2.690971 -4.848209 -3.121611
v 2.603013 -4.761904 -3.101820
v 2.516909 -4.670312 -3.074306
v 2.433258 -4.425318 -3.039259
v 2.352641 -4.546497 -2.996924
v 2.275617 -4.784277 -2.947593
v 2.202723 -4.876680 -2.891611
v 2.134464 -4.942921 -2.829365
v 2.071315 -4.897145 -2.761288
v 2.013714 -4.643922 -2.687854
v 1.962062 -4.762786 -2.609572
v 1.916716 -4.773166 -2.526985
v 1.877993 -4.705089 -2.440669
v 1.846161 -4.677117 -2.351221
v 1.821442 -4.576931 -2.259265
v 1.804006 -4.498629 -2.165437
v 1.793976 -4.818234 -2.070391
v 1.791420 -4.935582 -1.974787
v 1.796357 -4.965048 -1.879288
v 1.808753 -4.930498 -1.784559
v 4.008895 -5.074187 -1.769527
v 4.022197 -5.072592 -1.871188
v 4.027496 -5.011762 -1.973674
v 4.024753 -4.714309 -2.076273
v 4.013989 -4.721332 -2.178273
v 3.995278 -4.875812 -2.278966
v 3.968750 -4.882834 -2.377650
v 3.934589 -4.916900 -2.473642
v 3.893032 -4.911454 -2.566275
v 3.844369 -4.722652 -2.654903
v 3.788937 -4.950552 -2.738913
v 3.727122 -5.073643 -2.817721
v 3.659352 -5.043338 -2.890778
v 3.586099 -4.985526 -2.957579
v 3.507872 -4.802256 -3.017657
v 3.425213 -4.579159 -3.070597
v 3.338697 -4.821458 -3.116030
v 3.248926 -4.909916 -3.153641
v 3.156522 -4.964914 -3.183168
v 3.062128 -5.015681 -3.204407
v 2.966399 -4.862839 -3.217209
v 2.870000 -4.817889 -3.221487
v 2.773601 -5.027595 -3.217209
v 2.677872 -4.996501 -3.204407
v 2.583478 -4.936217 -3.183168
v 2.491074 -4.861576 -3.153641
v 2.401303 -4.602996 -3.116030
v 2.314787 -4.720815 -3.070597
v 2.232128 -4.949659 -3.017657
v 2.153901 -5.016389 -2.957579
v 2.080648 -5.062539 -2.890778
v 2.012878 -5.004607 -2.817721
v 1.951063 -4.742305 -2.738913
v 1.895631 -4.898999 -2.654903
v 1.846968 -4.943707 -2.566275
v 1.805411 -4.896539 -2.473642
v 1.771250 -4.876072 -2.377650
v 1.744722 -4.756975 -2.278966
v 1.726011 -4.645109 -2.178273
v 1.715247 -4.957867 -2.076273
v 1.712504 -5.057497 -1.973674
v 1.717803 -5.078110 -1.871188
v 1.731105 -5.049759 -1.769527
v 4.086543 -5.200472 -1.754496
v 4.100752 -5.199637 -1.863088
v 4.106412 -5.154305 -1.972561
v 4.103482 -4.865954 -2.082155
v 4.091984 -4.905436 -2.191110
v 4.071997 -5.091805 -2.298667
v 4.043660 -5.100040 -2.404080
v 4.007170 -5.117812 -2.506616
v 3.962781 -5.080468 -2.605564
v 3.910800 -4.844781 -2.700235
v 3.851589 -5.068977 -2.789973
v 3.785559 -5.199312 -2.874153
v 3.713169 -5.184286 -2.952192
v 3.634922 -5.152936 -3.023546
v 3.551361 -4.988304 -3.087721
v 3.463066 -4.770460 -3.144270
v 3.370652 -5.035171 -3.192801
v 3.274760 -5.114165 -3.232976
v 3.176056 -5.143122 -3.264516
v 3.075226 -5.164754 -3.287203
v 2.972971 -4.976609 -3.300878
v 2.870000 -4.922887 -3.305447
v 2.767029 -5.163616 -3.300878
v 2.664774 -5.159699 -3.287203
v 2.563944 -5.128051 -3.264516
v 2.465240 -5.072297 -3.232976
v 2.369348 -4.800669 -3.192801
v 2.276934 -4.914069 -3.144270
v 2.188639 -5.131713 -3.087721
v 2.105078 -5.170141 -3.023546
v 2.026831 -5.194184 -2.952192
v 1.954441 -5.123438 -2.874153
v 1.888411 -4.853003 -2.789973
v 1.829200 -5.049726 -2.700235
v 1.777219 -5.131399 -2.605564
v 1.732830 -5.107233 -2.506616
v 1.696340 -5.095046 -2.404080
v 1.668003 -4.956207 -2.298667
v 1.648016 -4.808647 -2.191110
v 1.636518 -5.111921 -2.082155
v 1.633588 -5.191668 -1.972561
v 1.639248 -5.202537 -1.863088
v 1.653457 -5.181100 -1.754496
v 1.449000 -5.320000 -1.850000
v 1.543733 -5.320000 -1.850000
v 1.638467 -5.320000 -1.850000
v 1.733200 -5.320000 -1.850000
v 1.827933 -5.320000 -1.850000
v 1.922667 -5.320000 -1.850000
v 2.017400 -5.320000 -1.850000
v 2.112133 -5.320000 -1.850000
v 2.206867 -5.320000 -1.850000
v 2.301600 -5.320000 -1.850000
v 2.396333 -5.320000 -1.850000
v 2.491067 -5.320000 -1.850000
v 2.585800 -5.320000 -1.850000
v 2.680533 -5.320000 -1.850000
v 2.775267 -5.320000 -1.850000
v 2.870000 -5.320000 -1.850000
v 2.964733 -5.320000 -1.850000
v 3.059467 -5.320000 -1.850000
v 3.154200 -5.320000 -1.850000
v 3.248933 -5.320000 -1.850000
v 3.343667 -5.320000 -1.850000
v 3.438400 -5.320000 -1.850000
v 3.533133 -5.320000 -1.850000
v 3.627867 -5.320000 -1.850000
v 3.722600 -5.320000 -1.850000
v 3.817333 -5.320000 -1.850000
v 3.912067 -5.320000 -1.850000
v 4.006800 -5.320000 -1.850000
v 4.101533 -5.320000 -1.850000
v 4.196267 -5.320000 -1.850000
v 4.291000 -5.320000 -1.850000
v 1.449000 -5.305635 -1.978571
v 1.543733 -5.289325 -1.978571
v 1.638467 -5.289137 -1.978571
v 1.733200 -5.305287 -1.978571
v 1.827933 -5.319159 -1.978571
v 1.922667 -5.314763 -1.978571
v 2.017400 -5.297165 -1.978571
v 2.112133 -5.286652 -1.978571
v 2.206867 -5.295342 -1.978571
v 2.301600 -5.313218 -1.978571
v 2.396333 -5.319674 -1.978571
v 2.491067 -5.307268 -1.978571
v 2.585800 -5.290301 -1.978571
v 2.680533 -5.288331 -1.978571
v 2.775267 -5.303628 -1.978571
v 2.870000 -5.318560 -1.978571
v 2.964733 -5.315914 -1.978571
v 3.059467 -5.298740 -1.978571
v 3.154200 -5.286835 -1.978571
v 3.248933 -5.293922 -1.978571
v 3.343667 -5.311832 -1.978571
v 3.438400 -5.319919 -1.978571
v 3.533133 -5.308862 -1.978571
v 3.627867 -5.291406 -1.978571
v 3.722600 -5.287673 -1.978571
v 3.817333 -5.301966 -1.978571
v 3.912067 -5.317809 -1.978571
v 4.006800 -5.316940 -1.978571
v 4.101533 -5.300361 -1.978571
v 4.196267 -5.287182 -1.978571
v 4.291000 -5.292595 -1.978571
v 1.449000 -5.254918 -2.107143
v 1.543733 -5.273785 -2.107143
v 1.638467 -5.308414 -2.107143
v 1.733200 -5.318888 -2.107143
v 1.827933 -5.293133 -2.107143
v 1.922667 -5.260837 -2.107143
v 2.017400 -5.259229 -2.107143
v 2.112133 -5.290161 -2.107143
v 2.206867 -5.317979 -2.107143
v 2.301600 -5.310615 -2.107143
v 2.396333 -5.276559 -2.107143
v 2.491067 -5.255067 -2.107143
v 2.585800 -5.270913 -2.107143
v 2.680533 -5.305832 -2.107143
v 2.775267 -5.319571 -2.107143
v 2.870000 -5.296294 -2.107143
v 2.964733 -5.262832 -2.107143
v 3.059467 -5.257758 -2.107143
v 3.154200 -5.286920 -2.107143
v 3.248933 -5.316703 -2.107143
v 3.343667 -5.312776 -2.107143
v 3.438400 -5.279665 -2.107143
v 3.533133 -5.255538 -2.107143
v 3.627867 -5.268206 -2.107143
v 3.722600 -5.303067 -2.107143
v 3.817333 -5.319936 -2.107143
v 3.912067 -5.299368 -2.107143
v 4.006800 -5.265072 -2.107143
v 4.101533 -5.256582 -2.107143
v 4.196267 -5.283684 -2.107143
v 4.291000 -5.315137 -2.107143
v 1.449000 -5.280101 -2.235714
v 1.543733 -5.318045 -2.235714
v 1.638467 -5.304340 -2.235714
v 1.733200 -5.254784 -2.235714
v 1.827933 -5.226500 -2.235714
v 1.922667 -5.252092 -2.235714
v 2.017400 -5.302060 -2.235714
v 2.112133 -5.318804 -2.235714
v 2.206867 -5.283024 -2.235714
v 2.301600 -5.235964 -2.235714
v 2.396333 -5.231870 -2.235714
v 2.491067 -5.275462 -2.235714
v 2.585800 -5.316491 -2.235714
v 2.680533 -5.307661 -2.235714
v 2.775267 -5.259152 -2.235714
v 2.870000 -5.226880 -2.235714
v 2.964733 -5.248046 -2.235714
v 3.059467 -5.298251 -2.235714
v 3.154200 -5.319624 -2.235714
v 3.248933 -5.287527 -2.235714
v 3.343667 -5.238959 -2.235714
v 3.438400 -5.229905 -2.235714
v 3.533133 -5.270802 -2.235714
v 3.627867 -5.314507 -2.235714
v 3.722600 -5.310641 -2.235714
v 3.817333 -5.263660 -2.235714
v 3.912067 -5.227721 -2.235714
v 4.006800 -5.244250 -2.235714
v 4.101533 -5.294194 -2.235714
v 4.196267 -5.319983 -2.235714
v 4.291000 -5.291888 -2.235714
v 1.449000 -5.317539 -2.364286
v 1.543733 -5.269933 -2.364286
v 1.638467 -5.212449 -2.364286
v 1.733200 -5.211348 -2.364286
v 1.827933 -5.267900 -2.364286
v 1.922667 -5.316916 -2.364286
v 2.017400 -5.301895 -2.364286
v 2.112133 -5.240152 -2.364286
v 2.206867 -5.202858 -2.364286
v 2.301600 -5.233004 -2.364286
v 2.396333 -5.295839 -2.364286
v 2.491067 -5.318933 -2.364286
v 2.585800 -5.275665 -2.364286
v 2.680533 -5.215910 -2.364286
v 2.775267 -5.208549 -2.364286
v 2.870000 -5.262067 -2.364286
v 2.964733 -5.314773 -2.364286
v 3.059467 -5.305912 -2.364286
v 3.154200 -5.245698 -2.364286
v 3.248933 -5.203541 -2.364286
v 3.343667 -5.228036 -2.364286
v 3.438400 -5.290946 -2.364286
v 3.533133 -5.319755 -2.364286
v 3.627867 -5.281254 -2.364286
v 3.722600 -5.219824 -2.364286
v 3.817333 -5.206276 -2.364286
v 3.912067 -5.256227 -2.364286
v 4.006800 -5.312098 -2.364286
v 4.101533 -5.309486 -2.364286
v 4.196267 -5.251401 -2.364286
v 4.291000 -5.204799 -2.364286
v 1.449000 -5.223997 -2.492857
v 1.543733 -5.184855 -2.492857
v 1.638467 -5.223605 -2.492857
v 1.733200 -5.295579 -2.492857
v 1.827933 -5.317811 -2.492857
v 1.922667 -5.264675 -2.492857
v 2.017400 -5.197420 -2.492857
v 2.112133 -5.193573 -2.492857
v 2.206867 -5.257568 -2.492857
v 2.301600 -5.315637 -2.492857
v 2.396333 -5.300843 -2.492857
v 2.491067 -5.230240 -2.492857
v 2.585800 -5.185212 -2.492857
v 2.680533 -5.217664 -2.492857
v 2.775267 -5.290188 -2.492857
v 2.870000 -5.319185 -2.492857
v 2.964733 -5.271229 -2.492857
v 3.059467 -5.201600 -2.492857
v 3.154200 -5.190561 -2.492857
v 3.248933 -5.250836 -2.492857
v 3.343667 -5.312945 -2.492857
v 3.438400 -5.305295 -2.492857
v 3.533133 -5.236703 -2.492857
v 3.627867 -5.186237 -2.492857
v 3.722600 -5.212069 -2.492857
v 3.817333 -5.284423 -2.492857
v 3.912067 -5.319895 -2.492857
v 4.006800 -5.277596 -2.492857
v 4.101533 -5.206285 -2.492857
v 4.196267 -5.188163 -2.492857
v 4.291000 -5.244120 -2.492857
v 1.449000 -5.185629 -2.621429
v 1.543733 -5.257105 -2.621429
v 1.638467 -5.316795 -2.621429
v 1.733200 -5.295894 -2.621429
v 1.827933 -5.218494 -2.621429
v 1.922667 -5.173816 -2.621429
v 2.017400 -5.213360 -2.621429
v 2.112133 -5.291544 -2.621429
v 2.206867 -5.318243 -2.621429
v 2.301600 -5.262682 -2.621429
v 2.396333 -5.188906 -2.621429
v 2.491067 -5.181958 -2.621429
v 2.585800 -5.249847 -2.621429
v 2.680533 -5.314317 -2.621429
v 2.775267 -5.301051 -2.621429
v 2.870000 -5.225343 -2.621429
v 2.964733 -5.174461 -2.621429
v 3.059467 -5.207058 -2.621429
v 3.154200 -5.285559 -2.621429
v 3.248933 -5.319475 -2.621429
v 3.343667 -5.269710 -2.621429
v 3.438400 -5.193629 -2.621429
v 3.533133 -5.178932 -2.621429
v 3.627867 -5.242560 -2.621429
v 3.722600 -5.311168 -2.621429
v 3.817333 -5.305671 -2.621429
v 3.912067 -5.232405 -2.621429
v 4.006800 -5.175825 -2.621429
v 4.101533 -5.201152 -2.621429
v 4.196267 -5.279191 -2.621429
v 4.291000 -5.319985 -2.621429
v 1.449000 -5.294524 -2.750000
v 1.543733 -5.317000 -2.750000
v 1.638467 -5.256481 -2.750000
v 1.733200 -5.182727 -2.750000
v 1.827933 -5.180756 -2.750000
v 1.922667 -5.252840 -2.750000
v 2.017400 -5.315886 -2.750000
v 2.112133 -5.297221 -2.750000
v 2.206867 -5.218360 -2.750000
v 2.301600 -5.170207 -2.750000
v 2.396333 -5.208269 -2.750000
v 2.491067 -5.288671 -2.750000
v 2.585800 -5.318733 -2.750000
v 2.680533 -5.263802 -2.750000
v 2.775267 -5.187197 -2.750000
v 2.870000 -5.177223 -2.750000
v 2.964733 -5.245376 -2.750000
v 3.059467 -5.313096 -2.750000
v 3.154200 -5.302320 -2.750000
v 3.248933 -5.225471 -2.750000
v 3.343667 -5.171133 -2.750000
v 3.438400 -5.201943 -2.750000
v 3.533133 -5.282385 -2.750000
v 3.627867 -5.319733 -2.750000
v 3.722600 -5.270935 -2.750000
v 3.817333 -5.192241 -2.750000
v 3.912067 -5.174363 -2.750000
v 4.006800 -5.237909 -2.750000
v 4.101533 -5.309629 -2.750000
v 4.196267 -5.306850 -2.750000
v 4.291000 -5.232776 -2.750000
v 1.449000 -5.294324 -2.878571
v 1.543733 -5.216581 -2.878571
v 1.638467 -5.173765 -2.878571
v 1.733200 -5.215230 -2.878571
v 1.827933 -5.293179 -2.878571
v 1.922667 -5.317759 -2.878571
v 2.017400 -5.260636 -2.878571
v 2.112133 -5.187657 -2.878571
v 2.206867 -5.182945 -2.878571
v 2.301600 -5.251933 -2.878571
v 2.396333 -5.315096 -2.878571
v 2.491067 -5.299626 -2.878571
v 2.585800 -5.223355 -2.878571
v 2.680533 -5.174202 -2.878571
v 2.775267 -5.208826 -2.878571
v 2.870000 -5.287316 -2.878571
v 2.964733 -5.319195 -2.878571
v 3.059467 -5.267716 -2.878571
v 3.154200 -5.192219 -2.878571
v 3.248933 -5.179731 -2.878571
v 3.343667 -5.244647 -2.878571
v 3.438400 -5.312137 -2.878571
v 3.533133 -5.304405 -2.878571
v 3.627867 -5.230363 -2.878571
v 3.722600 -5.175361 -2.878571
v 3.817333 -5.202800 -2.878571
v 3.912067 -5.281051 -2.878571
v 4.006800 -5.319913 -2.878571
v 4.101533 -5.274589 -2.878571
v 4.196267 -5.197325 -2.878571
v 4.291000 -5.177184 -2.878571
v 1.449000 -5.195269 -3.007143
v 1.543733 -5.195565 -3.007143
v 1.638467 -5.261408 -3.007143
v 1.733200 -5.316898 -3.007143
v 1.827933 -5.298072 -3.007143
v 1.922667 -5.226631 -3.007143
v 2.017400 -5.184925 -3.007143
v 2.112133 -5.221031 -3.007143
v 2.206867 -5.293327 -3.007143
v 2.301600 -5.318478 -3.007143
v 2.396333 -5.267491 -3.007143
v 2.491067 -5.199140 -3.007143
v 2.585800 -5.192214 -3.007143
v 2.680533 -5.254697 -3.007143
v 2.775267 -5.314563 -3.007143
v 2.870000 -5.302805 -3.007143
v 2.964733 -5.232976 -3.007143
v 3.059467 -5.185568 -3.007143
v 3.154200 -5.215230 -3.007143
v 3.248933 -5.287770 -3.007143
v 3.343667 -5.319569 -3.007143
v 3.438400 -5.273973 -3.007143
v 3.533133 -5.203541 -3.007143
v 3.627867 -5.189460 -3.007143
v 3.722600 -5.247963 -3.007143
v 3.817333 -5.311612 -3.007143
v 3.912067 -5.307038 -3.007143
v 4.006800 -5.239514 -3.007143
v 4.101533 -5.186875 -3.007143
v 4.196267 -5.209800 -3.007143
v 4.291000 -5.281862 -3.007143
v 1.449000 -5.237501 -3.135714
v 1.543733 -5.299773 -3.135714
v 1.638467 -5.317768 -3.135714
v 1.733200 -5.270744 -3.135714
v 1.827933 -5.212906 -3.135714
v 1.922667 -5.210924 -3.135714
v 2.017400 -5.267084 -3.135714
v 2.112133 -5.316648 -3.135714
v 2.206867 -5.302484 -3.135714
v 2.301600 -5.240919 -3.135714
v 2.396333 -5.202919 -3.135714
v 2.491067 -5.232288 -3.135714
v 2.585800 -5.295172 -3.135714
v 2.680533 -5.319083 -3.135714
v 2.775267 -5.276459 -3.135714
v 2.870000 -5.216433 -3.135714
v 2.964733 -5.208198 -3.135714
v 3.059467 -5.261247 -3.135714
v 3.154200 -5.314429 -3.135714
v 3.248933 -5.306441 -3.135714
v 3.343667 -5.246490 -3.135714
v 3.438400 -5.203684 -3.135714
v 3.533133 -5.227364 -3.135714
v 3.627867 -5.290235 -3.135714
v 3.722600 -5.319825 -3.135714
v 3.817333 -5.282024 -3.135714
v 3.912067 -5.220407 -3.135714
v 4.006800 -5.206000 -3.135714
v 4.101533 -5.255411 -3.135714
v 4.196267 -5.311682 -3.135714
v 4.291000 -5.309950 -3.135714
v 1.449000 -5.318235 -3.264286
v 1.543733 -5.303828 -3.264286
v 1.638467 -5.254159 -3.264286
v 1.733200 -5.226483 -3.264286
v 1.827933 -5.252703 -3.264286
v 1.922667 -5.302594 -3.264286
v 2.017400 -5.318646 -3.264286
v 2.112133 -5.282356 -3.264286
v 2.206867 -5.235556 -3.264286
v 2.301600 -5.232193 -3.264286
v 2.396333 -5.276143 -3.264286
v 2.491067 -5.316745 -3.264286
v 2.585800 -5.307196 -3.264286
v 2.680533 -5.258503 -3.264286
v 2.775267 -5.226796 -3.264286
v 2.870000 -5.248623 -3.264286
v 2.964733 -5.298825 -3.264286
v 3.059467 -5.319533 -3.264286
v 3.154200 -5.286876 -3.264286
v 3.248933 -5.238499 -3.264286
v 3.343667 -5.230166 -3.264286
v 3.438400 -5.271483 -3.264286
v 3.533133 -5.314823 -3.264286
v 3.627867 -5.310228 -3.264286
v 3.722600 -5.262994 -3.264286
v 3.817333 -5.227569 -3.264286
v 3.912067 -5.244788 -3.264286
v 4.006800 -5.294802 -3.264286
v 4.101533 -5.319959 -3.264286
v 4.196267 -5.291261 -3.264286
v 4.291000 -5.241788 -3.264286
v 1.449000 -5.291745 -3.392857
v 1.543733 -5.260055 -3.392857
v 1.638467 -5.259953 -3.392857
v 1.733200 -5.291558 -3.392857
v 1.827933 -5.318437 -3.392857
v 1.922667 -5.309607 -3.392857
v 2.017400 -5.275246 -3.392857
v 2.112133 -5.254963 -3.392857
v 2.206867 -5.272138 -3.392857
v 2.301600 -5.306973 -3.392857
v 2.396333 -5.319314 -3.392857
v 2.491067 -5.294935 -3.392857
v 2.585800 -5.261938 -3.392857
v 2.680533 -5.258359 -3.392857
v 2.775267 -5.288324 -3.392857
v 2.870000 -5.317292 -3.392857
v 2.964733 -5.311870 -3.392857
v 3.059467 -5.278309 -3.392857
v 3.154200 -5.255295 -3.392857
v 3.248933 -5.269356 -3.392857
v 3.343667 -5.304284 -3.392857
v 3.438400 -5.319818 -3.392857
v 3.533133 -5.298050 -3.392857
v 3.627867 -5.264074 -3.392857
v 3.722600 -5.257054 -3.392857
v 3.817333 -5.285082 -3.392857
v 3.912067 -5.315850 -3.392857
v 4.006800 -5.313891 -3.392857
v 4.101533 -5.281463 -3.392857
v 4.196267 -5.255947 -3.392857
v 4.291000 -5.266754 -3.392857
v 1.449000 -5.286623 -3.521429
v 1.543733 -5.296413 -3.521429
v 1.638467 -5.314155 -3.521429
v 1.733200 -5.319396 -3.521429
v 1.827933 -5.306096 -3.521429
v 1.922667 -5.289585 -3.521429
v 2.017400 -5.288896 -3.521429
v 2.112133 -5.304823 -3.521429
v 2.206867 -5.319007 -3.521429
v 2.301600 -5.315098 -3.521429
v 2.396333 -5.297602 -3.521429
v 2.491067 -5.286687 -3.521429
v 2.585800 -5.294935 -3.521429
v 2.680533 -5.312838 -3.521429
v 2.775267 -5.319759 -3.521429
v 2.870000 -5.307720 -3.521429
v 2.964733 -5.290599 -3.521429
v 3.059467 -5.288131 -3.521429
v 3.154200 -5.303161 -3.521429
v 3.248933 -5.318364 -3.521429
v 3.343667 -5.316215 -3.521429
v 3.438400 -5.299191 -3.521429
v 3.533133 -5.286916 -3.521429
v 3.627867 -5.293540 -3.521429
v 3.722600 -5.311427 -3.521429
v 3.817333 -5.319959 -3.521429
v 3.912067 -5.309301 -3.521429
v 4.006800 -5.291738 -3.521429
v 4.101533 -5.287516 -3.521429
v 4.196267 -5.301501 -3.521429
v 4.291000 -5.317572 -3.521429
v 1.449000 -5.320000 -3.650000
v 1.543733 -5.320000 -3.650000
v 1.638467 -5.320000 -3.650000
v 1.733200 -5.320000 -3.650000
v 1.827933 -5.320000 -3.650000
v 1.922667 -5.320000 -3.650000
v 2.017400 -5.320000 -3.650000
v 2.112133 -5.320000 -3.650000
v 2.206867 -5.320000 -3.650000
v 2.301600 -5.320000 -3.650000
v 2.396333 -5.320000 -3.650000
v 2.491067 -5.320000 -3.650000
v 2.585800 -5.320000 -3.650000
v 2.680533 -5.320000 -3.650000
v 2.775267 -5.320000 -3.650000
v 2.870000 -5.320000 -3.650000
v 2.964733 -5.320000 -3.650000
v 3.059467 -5.320000 -3.650000
v 3.154200 -5.320000 -3.650000
v 3.248933 -5.320000 -3.650000
v 3.343667 -5.320000 -3.650000
v 3.438400 -5.320000 -3.650000
v 3.533133 -5.320000 -3.650000
v 3.627867 -5.320000 -3.650000
v 3.722600 -5.320000 -3.650000
v 3.817333 -5.320000 -3.650000
v 3.912067 -5.320000 -3.650000
v 4.006800 -5.320000 -3.650000
v 4.101533 -5.320000 -3.650000
v 4.196267 -5.320000 -3.650000
v 4.291000 -5.320000 -3.650000
v 6.259474 -5.340000 -1.964936
v 6.260986 -5.340000 -1.976493
v 6.261588 -5.340000 -1.988144
v 6.261277 -5.340000 -1.999808
v 6.260053 -5.340000 -2.011404
v 6.257926 -5.340000 -2.022851
v 6.254910 -5.340000 -2.034070
v 6.251026 -5.340000 -2.044982
v 6.246302 -5.340000 -2.055513
v 6.240770 -5.340000 -2.065589
v 6.234468 -5.340000 -2.075139
v 6.227441 -5.340000 -2.084098
v 6.219737 -5.340000 -2.092404
v 6.211409 -5.340000 -2.099998
v 6.202516 -5.340000 -2.106828
v 6.193119 -5.340000 -2.112846
v 6.183283 -5.340000 -2.118011
v 6.173078 -5.340000 -2.122287
v 6.162573 -5.340000 -2.125644
v 6.151842 -5.340000 -2.128058
v 6.140959 -5.340000 -2.129514
v 6.130000 -5.340000 -2.130000
v 6.119041 -5.340000 -2.129514
v 6.108158 -5.340000 -2.128058
v 6.097427 -5.340000 -2.125644
v 6.086922 -5.340000 -2.122287
v 6.076717 -5.340000 -2.118011
v 6.066881 -5.340000 -2.112846
v 6.057484 -5.340000 -2.106828
v 6.048591 -5.340000 -2.099998
v 6.040263 -5.340000 -2.092404
v 6.032559 -5.340000 -2.084098
v 6.025532 -5.340000 -2.075139
v 6.019230 -5.340000 -2.065589
v 6.013698 -5.340000 -2.055513
v 6.008974 -5.340000 -2.044982
v 6.005090 -5.340000 -2.034070
v 6.002074 -5.340000 -2.022851
v 5.999947 -5.340000 -2.011404
v 5.998723 -5.340000 -1.999808
v 5.998412 -5.340000 -1.988144
v 5.999014 -5.340000 -1.976493
v 6.000526 -5.340000 -1.964936
v 6.357817 -5.130225 -1.945898
v 6.360478 -5.122348 -1.966234
v 6.361537 -5.110891 -1.986734
v 6.360989 -5.114606 -2.007258
v 6.358836 -5.133781 -2.027661
v 6.355093 -5.146128 -2.047803
v 6.349786 -5.175233 -2.067543
v 6.342953 -5.207157 -2.086744
v 6.334640 -5.205818 -2.105274
v 6.324906 -5.186401 -2.123003
v 6.313818 -5.153442 -2.139807
v 6.301453 -5.105718 -2.155572
v 6.287897 -5.100818 -2.170186
v 6.273244 -5.112651 -2.183548
v 6.257595 -5.131183 -2.195565
v 6.241061 -5.160025 -2.206155
v 6.223755 -5.180961 -2.215243
v 6.205798 -5.182668 -2.222767
v 6.187314 -5.201484 -2.228673
v 6.168432 -5.190150 -2.232922
v 6.149283 -5.161712 -2.235482
v 6.130000 -5.132080 -2.236338
v 6.110717 -5.099686 -2.235482
v 6.091568 -5.090063 -2.232922
v 6.072686 -5.125103 -2.228673
v 6.054202 -5.155493 -2.222767
v 6.036245 -5.185031 -2.215243
v 6.018939 -5.203554 -2.206155
v 6.002405 -5.188812 -2.195565
v 5.986756 -5.177638 -2.183548
v 5.972103 -5.165554 -2.170186
v 5.958547 -5.136487 -2.155572
v 5.946182 -5.115295 -2.139807
v 5.935094 -5.106261 -2.123003
v 5.925360 -5.100569 -2.105274
v 5.917047 -5.140959 -2.086744
v 5.910214 -5.180805 -2.067543
v 5.904907 -5.203121 -2.047803
v 5.901164 -5.209076 -2.027661
v 5.899011 -5.187910 -2.007258
v 5.898463 -5.146896 -1.986734
v 5.899522 -5.135631 -1.966234
v 5.902183 -5.117543 -1.945898
v 6.456160 -4.928586 -1.926861
v 6.459969 -4.914012 -1.955974
v 6.461487 -4.891724 -1.985325
v 6.460701 -4.898992 -2.014707
v 6.457618 -4.936455 -2.043918
v 6.452260 -4.959862 -2.072755
v 6.444663 -5.016867 -2.101016
v 6.434880 -5.080036 -2.128507
v 6.422979 -5.077458 -2.155035
v 6.409042 -5.039467 -2.180417
v 6.393168 -4.974821 -2.204476
v 6.375465 -4.880601 -2.227045
v 6.356057 -4.871531 -2.247967
v 6.335078 -4.895158 -2.267098
v 6.312675 -4.931428 -2.284303
v 6.289003 -4.987857 -2.299464
v 6.264227 -5.028480 -2.312475
v 6.238518 -5.031113 -2.323246
v 6.212055 -5.068724 -2.331702
v 6.185022 -5.046801 -2.337785
v 6.157607 -4.991161 -2.341451
v 6.130000 -4.933163 -2.342676
v 6.102393 -4.869204 -2.341451
v 6.074978 -4.850040 -2.337785
v 6.047945 -4.919426 -2.331702
v 6.021482 -4.978993 -2.323246
v 5.995773 -5.036787 -2.312475
v 5.970997 -5.072958 -2.299464
v 5.947325 -5.043331 -2.284303
v 5.924922 -5.021626 -2.267098
v 5.903943 -4.998645 -2.247967
v 5.884535 -4.941805 -2.227045
v 5.866832 -4.900340 -2.204476
v 5.850958 -4.882476 -2.180417
v 5.837021 -4.870504 -2.155035
v 5.825120 -4.950122 -2.128507
v 5.815337 -5.028511 -2.101016
v 5.807740 -5.072181 -2.072755
v 5.802382 -5.083829 -2.043918
v 5.799299 -5.042029 -2.014707
v 5.798513 -4.961132 -1.985325
v 5.800031 -4.939913 -1.955974
v 5.803840 -4.904738 -1.926861
v 6.554502 -4.742865 -1.907823
v 6.559461 -4.723904 -1.945715
v 6.561436 -4.692010 -1.983915
v 6.560413 -4.702516 -2.022157
v 6.556401 -4.756528 -2.060176
v 6.549427 -4.788480 -2.097707
v 6.539539 -4.871025 -2.134490
v 6.526806 -4.964111 -2.170269
v 6.511317 -4.960492 -2.204796
v 6.493178 -4.905574 -2.237831
v 6.472517 -4.811729 -2.269144
v 6.449477 -4.673418 -2.298518
v 6.424217 -4.661607 -2.325749
v 6.396913 -4.696949 -2.350647
v 6.367755 -4.749403 -2.373041
v 6.336946 -4.830963 -2.392773
v 6.304698 -4.888829 -2.409707
v 6.271238 -4.890863 -2.423726
v 6.236796 -4.947226 -2.434732
v 6.201612 -4.916173 -2.442648
v 6.165931 -4.835747 -2.447420
v 6.130000 -4.751862 -2.449014
v 6.094069 -4.657959 -2.447420
v 6.058388 -4.629415 -2.442648
v 6.023204 -4.731788 -2.434732
v 5.988762 -4.818158 -2.423726
v 5.955302 -4.901700 -2.409707
v 5.923054 -4.953809 -2.392773
v 5.892245 -4.909016 -2.373041
v 5.863087 -4.878036 -2.350647
v 5.835783 -4.846484 -2.325749
v 5.810523 -4.764402 -2.298518
v 5.787483 -4.704463 -2.269144
v 5.766822 -4.678167 -2.237831
v 5.748683 -4.658764 -2.204796
v 5.733194 -4.775339 -2.170269
v 5.720461 -4.889721 -2.134490
v 5.710573 -4.952864 -2.097707
v 5.703599 -4.969689 -2.060176
v 5.699587 -4.908297 -2.022157
v 5.698564 -4.789731 -1.983915
v 5.700539 -4.761120 -1.945715
v 5.705498 -4.710819 -1.907823
v 6.652845 -4.580154 -1.888785
v 6.658952 -4.560145 -1.935456
v 6.661385 -4.520414 -1.982505
v 6.660126 -4.533703 -2.029607
v 6.655184 -4.601752 -2.076433
v 6.646594 -4.638614 -2.122659
v 6.634415 -4.743288 -2.167963
v 6.618733 -4.864370 -2.212031
v 6.599655 -4.859994 -2.254557
v 6.577315 -4.790532 -2.295245
v 6.551867 -4.671084 -2.333812
v 6.523489 -4.492158 -2.369991
v 6.492377 -4.479671 -2.403531
v 6.458748 -4.526617 -2.434197
v 6.422835 -4.593006 -2.461778
v 6.384888 -4.696148 -2.486082
v 6.345170 -4.767725 -2.506939
v 6.303958 -4.766952 -2.524206
v 6.261537 -4.842008 -2.537761
v 6.218202 -4.803933 -2.547511
v 6.174255 -4.702215 -2.553389
v 6.130000 -4.596026 -2.555352
v 6.085745 -4.474521 -2.553389
v 6.041798 -4.436829 -2.547511
v 5.998463 -4.570226 -2.537761
v 5.956042 -4.679968 -2.524206
v 5.914830 -4.785633 -2.506939
v 5.875112 -4.851206 -2.486082
v 5.837165 -4.790844 -2.461778
v 5.801252 -4.752403 -2.434197
v 5.767623 -4.715641 -2.403531
v 5.736511 -4.611978 -2.369991
v 5.708133 -4.536163 -2.333812
v 5.682685 -4.502010 -2.295245
v 5.660345 -4.473514 -2.254557
v 5.641267 -4.623761 -2.212031
v 5.625585 -4.770450 -2.167963
v 5.613406 -4.850346 -2.122659
v 5.604816 -4.871603 -2.076433
v 5.599874 -4.792128 -2.029607
v 5.598615 -4.639092 -1.982505
v 5.601048 -4.606793 -1.935456
v 5.607155 -4.544202 -1.888785
v 6.751188 -4.446546 -1.869748
v 6.758444 -4.429712 -1.925196
v 6.761334 -4.384383 -1.981095
v 6.759838 -4.399879 -2.037056
v 6.753967 -4.478788 -2.092690
v 6.743761 -4.515959 -2.147611
v 6.729292 -4.638448 -2.201436
v 6.710659 -4.785100 -2.253793
v 6.687993 -4.780325 -2.304318
v 6.661451 -4.699332 -2.352659
v 6.631217 -4.558830 -2.398480
v 6.597501 -4.343685 -2.441464
v 6.560537 -4.333134 -2.481312
v 6.520582 -4.391542 -2.517747
v 6.477915 -4.469024 -2.550516
v 6.432830 -4.589261 -2.579391
v 6.385642 -4.670079 -2.604171
v 6.336678 -4.663710 -2.624685
v 6.286278 -4.757382 -2.640790
v 6.234792 -4.714951 -2.652375
v 6.182579 -4.596359 -2.659358
v 6.130000 -4.472398 -2.661691
v 6.077421 -4.326253 -2.659358
v 6.025208 -4.279708 -2.652375
v 5.973722 -4.441646 -2.640790
v 5.923322 -4.570420 -2.624685
v 5.874358 -4.693623 -2.604171
v 5.827170 -4.769530 -2.579391
v 5.782085 -4.693088 -2.550516
v 5.739418 -4.649483 -2.517747
v 5.699463 -4.611762 -2.481312
v 5.662499 -4.491145 -2.441464
v 5.628783 -4.402743 -2.398480
v 5.598549 -4.361460 -2.352659
v 5.572007 -4.321767 -2.304318
v 5.549341 -4.501533 -2.253793
v 5.530708 -4.675868 -2.201436
v 5.516239 -4.769076 -2.147611
v 5.506033 -4.793824 -2.092690
v 5.500162 -4.698171 -2.037056
v 5.498666 -4.514712 -1.981095
v 5.501556 -4.483411 -1.925196
v 5.508812 -4.412114 -1.869748
v 6.849531 -4.346872 -1.850710
v 6.857935 -4.338137 -1.914937
v 6.861283 -4.289820 -1.979686
v 6.859550 -4.306850 -2.044506
v 6.852749 -4.392915 -2.108947
v 6.840928 -4.425034 -2.172563
v 6.824168 -4.560307 -2.234910
v 6.802586 -4.729698 -2.295556
v 6.776331 -4.724943 -2.354079
v 6.745587 -4.635933 -2.410073
v 6.710566 -4.479680 -2.463149
v 6.671513 -4.233442 -2.512938
v 6.628697 -4.227873 -2.559094
v 6.582417 -4.297578 -2.601297
v 6.532995 -4.382838 -2.639253
v 6.480772 -4.514935 -2.672700
v 6.426114 -4.599783 -2.701403
v 6.369398 -4.584565 -2.725165
v 6.311019 -4.696764 -2.743820
v 6.251382 -4.653085 -2.757238
v 6.190903 -4.522773 -2.765326
v 6.130000 -4.386324 -2.768029
v 6.069097 -4.218994 -2.765326
v 6.008618 -4.163938 -2.757238
v 5.948981 -4.351520 -2.743820
v 5.890602 -4.494266 -2.725165
v 5.833886 -4.629661 -2.701403
v 5.779228 -4.712255 -2.672700
v 5.727005 -4.619137 -2.639253
v 5.677583 -4.573045 -2.601297
v 5.631303 -4.539322 -2.559094
v 5.588487 -4.407148 -2.512938
v 5.549434 -4.309993 -2.463149
v 5.514413 -4.262428 -2.410073
v 5.483669 -4.209085 -2.354079
v 5.457414 -4.413528 -2.295556
v 5.435832 -4.610071 -2.234910
v 5.419072 -4.712581 -2.172563
v 5.407251 -4.739722 -2.108947
v 5.400450 -4.630114 -2.044506
v 5.398717 -4.420950 -1.979686
v 5.402065 -4.396111 -1.914937
v 5.410469 -4.320287 -1.850710
v 6.947874 -4.284490 -1.831672
v 6.957427 -4.289263 -1.904678
v 6.961232 -4.240828 -1.978276
v 6.959262 -4.258655 -2.051955
v 6.951532 -4.347803 -2.125205
v 6.938095 -4.368977 -2.197515
v 6.919044 -4.511507 -2.268383
v 6.894512 -4.700525 -2.337318
v 6.864670 -4.696251 -2.403840
v 6.829723 -4.603084 -2.467487
v 6.789916 -4.436910 -2.527817
v 6.745524 -4.165212 -2.584411
v 6.696857 -4.167970 -2.636876
v 6.644252 -4.248791 -2.684847
v 6.588074 -4.338187 -2.727991
v 6.528715 -4.476393 -2.766008
v 6.466585 -4.559546 -2.798635
v 6.402118 -4.531902 -2.825645
v 6.335760 -4.662531 -2.846849
v 6.267972 -4.621021 -2.862101
v 6.199227 -4.484650 -2.871295
v 6.130000 -4.341520 -2.874367
v 6.060773 -4.156801 -2.871295
v 5.992028 -4.093611 -2.862101
v 5.924240 -4.303654 -2.846849
v 5.857882 -4.454812 -2.825645
v 5.793415 -4.596524 -2.798635
v 5.731285 -4.681796 -2.766008
v 5.671926 -4.571346 -2.727991
v 5.615748 -4.525709 -2.684847
v 5.563143 -4.501431 -2.636876
v 5.514476 -4.363631 -2.584411
v 5.470084 -4.261936 -2.527817
v 5.430277 -4.209021 -2.467487
v 5.395330 -4.139334 -2.403840
v 5.365488 -4.363131 -2.337318
v 5.340956 -4.575910 -2.268383
v 5.321905 -4.683312 -2.197515
v 5.308468 -4.711640 -2.125205
v 5.300738 -4.590519 -2.051955
v 5.298768 -4.360836 -1.978276
v 5.302573 -4.348461 -1.904678
v 5.312126 -4.272706 -1.831672
v 7.046217 -4.261139 -1.812635
v 7.056918 -4.285085 -1.894418
v 7.061181 -4.239532 -1.976866
v 7.058975 -4.257383 -2.059405
v 7.050315 -4.345355 -2.141462
v 7.035262 -4.349415 -2.222467
v 7.013921 -4.493416 -2.301857
v 6.986439 -4.698805 -2.379080
v 6.953008 -4.695495 -2.453601
v 6.913859 -4.602212 -2.524901
v 6.869266 -4.432217 -2.592485
v 6.819536 -4.140954 -2.655884
v 6.765017 -4.155544 -2.714657
v 6.706087 -4.247290 -2.768396
v 6.643154 -4.337009 -2.816728
v 6.576657 -4.475304 -2.859317
v 6.507057 -4.550768 -2.895867
v 6.434838 -4.506957 -2.926124
v 6.360501 -4.655913 -2.949878
v 6.284563 -4.620147 -2.966964
v 6.207551 -4.483645 -2.977264
v 6.130000 -4.339910 -2.980705
v 6.052449 -4.141776 -2.977264
v 5.975437 -4.070846 -2.966964
v 5.899499 -4.300021 -2.949878
v 5.825162 -4.453770 -2.926124
v 5.752943 -4.595650 -2.895867
v 5.683343 -4.679403 -2.859317
v 5.616846 -4.550936 -2.816728
v 5.553913 -4.508833 -2.768396
v 5.494983 -4.499702 -2.714657
v 5.440464 -4.362483 -2.655884
v 5.390734 -4.260658 -2.592485
v 5.346141 -4.203368 -2.524901
v 5.306992 -4.114515 -2.453601
v 5.273561 -4.352096 -2.379080
v 5.246079 -4.574859 -2.301857
v 5.224738 -4.682540 -2.222467
v 5.209685 -4.710791 -2.141462
v 5.201025 -4.580715 -2.059405
v 5.198819 -4.335939 -1.976866
v 5.203082 -4.342313 -1.894418
v 5.213783 -4.271434 -1.812635
v 7.144560 -4.276865 -1.793597
v 7.156410 -4.325653 -1.884159
v 7.161130 -4.285990 -1.975456
v 7.158687 -4.303091 -2.066855
v 7.149098 -4.385620 -2.157719
v 7.132429 -4.366390 -2.247419
v 7.108797 -4.506070 -2.335330
v 7.078366 -4.724571 -2.420842
v 7.041346 -4.722706 -2.503362
v 6.997996 -4.633353 -2.582315
v 6.948615 -4.465645 -2.657153
v 6.893548 -4.160721 -2.727357
v 6.833177 -4.190648 -2.792439
v 6.767921 -4.293130 -2.851946
v 6.698234 -4.379356 -2.905466
v 6.624599 -4.511712 -2.952626
v 6.547529 -4.573487 -2.993099
v 6.467558 -4.509763 -3.026604
v 6.385242 -4.676944 -3.052908
v 6.301153 -4.650501 -3.071828
v 6.215875 -4.519800 -3.083233
v 6.130000 -4.381547 -3.087043
v 6.044125 -4.173976 -3.083233
v 5.958847 -4.095701 -3.071828
v 5.874758 -4.340671 -3.052908
v 5.792442 -4.491185 -3.026604
v 5.712471 -4.627076 -2.993099
v 5.635401 -4.705110 -2.952626
v 5.561766 -4.557940 -2.905466
v 5.492079 -4.522454 -2.851946
v 5.426823 -4.534177 -2.792439
v 5.366452 -4.403753 -2.727357
v 5.311385 -4.306213 -2.657153
v 5.262004 -4.245525 -2.582315
v 5.218654 -4.134682 -2.503362
v 5.181634 -4.380470 -2.420842
v 5.151203 -4.606957 -2.335330
v 5.127571 -4.710298 -2.247419
v 5.110902 -4.737207 -2.157719
v 5.101313 -4.600735 -2.066855
v 5.098870 -4.346302 -1.975456
v 5.103590 -4.377715 -1.884159
v 5.115440 -4.316526 -1.793597
v 7.242903 -4.330018 -1.774559
v 7.255901 -4.409079 -1.873900
v 7.261079 -4.378185 -1.974047
v 7.258399 -4.393795 -2.074304
v 7.247880 -4.466794 -2.173977
v 7.229596 -4.418362 -2.272371
v 7.203673 -4.548172 -2.368803
v 7.170292 -4.776661 -2.462604
v 7.129684 -4.776704 -2.553123
v 7.082132 -4.695157 -2.639729
v 7.027965 -4.535585 -2.721821
v 6.967560 -4.222652 -2.798830
v 6.901337 -4.271277 -2.870221
v 6.829756 -4.384312 -2.935496
v 6.753314 -4.463388 -2.994204
v 6.672542 -4.584034 -3.045935
v 6.588000 -4.626373 -3.090331
v 6.500278 -4.539147 -3.127084
v 6.409983 -4.724454 -3.155937
v 6.317743 -4.710764 -3.176691
v 6.224199 -4.591547 -3.189201
v 6.130000 -4.464603 -3.193381
v 6.035801 -4.251405 -3.189201
v 5.942257 -4.166163 -3.176691
v 5.850017 -4.423735 -3.155937
v 5.759722 -4.565433 -3.127084
v 5.672000 -4.689439 -3.090331
v 5.587458 -4.757730 -3.045935
v 5.506686 -4.591199 -2.994204
v 5.430244 -4.565283 -2.935496
v 5.358663 -4.603327 -2.870221
v 5.292440 -4.485652 -2.798830
v 5.232035 -4.396625 -2.721821
v 5.177868 -4.333473 -2.639729
v 5.130316 -4.197936 -2.553123
v 5.089708 -4.446590 -2.462604
v 5.056327 -4.670805 -2.368803
v 5.030404 -4.765381 -2.272371
v 5.012120 -4.789738 -2.173977
v 5.001601 -4.649321 -2.074304
v 4.998921 -4.390434 -1.974047
v 5.004099 -4.452912 -1.873900
v 5.017097 -4.406024 -1.774559
v 7.341245 -4.417325 -1.755522
v 7.355393 -4.531614 -1.863640
v 7.361028 -4.512116 -1.972637
v 7.358111 -4.525558 -2.081754
v 7.346663 -4.585301 -2.190234
v 7.326763 -4.502267 -2.297323
v 7.298550 -4.617145 -2.402277
v 7.262219 -4.852774 -2.504367
v 7.218022 -4.855145 -2.602883
v 7.166268 -4.784940 -2.697143
v 7.107315 -4.638842 -2.786490
v 7.041572 -4.323061 -2.870304
v 6.969497 -4.393448 -2.948002
v 6.891591 -4.516870 -3.019046
v 6.808394 -4.585461 -3.082941
v 6.720484 -4.689128 -3.139244
v 6.628472 -4.706788 -3.187563
v 6.532998 -4.592784 -3.227563
v 6.434724 -4.796129 -3.258966
v 6.334333 -4.798320 -3.281554
v 6.232522 -4.695773 -3.295170
v 6.130000 -4.585456 -3.299719
v 6.027478 -4.370107 -3.295170
v 5.925667 -4.278245 -3.281554
v 5.825276 -4.545503 -3.258966
v 5.727002 -4.673292 -3.227563
v 5.631528 -4.780032 -3.187563
v 5.539516 -4.834909 -3.139244
v 5.451606 -4.648416 -3.082941
v 5.368409 -4.634765 -3.019046
v 5.290503 -4.704119 -2.948002
v 5.218428 -4.604624 -2.870304
v 5.152685 -4.527969 -2.786490
v 5.093732 -4.463208 -2.697143
v 5.041978 -4.300507 -2.602883
v 4.997781 -4.547153 -2.504367
v 4.961450 -4.763625 -2.402277
v 4.933237 -4.845400 -2.297323
v 4.913337 -4.866099 -2.190234
v 4.901889 -4.723974 -2.081754
v 4.898972 -4.465382 -1.972637
v 4.904607 -4.564424 -1.863640
v 4.918755 -4.536044 -1.755522
v 7.439588 -4.534029 -1.736484
v 7.454884 -4.687812 -1.853381
v 7.460977 -4.681970 -1.971227
v 7.457823 -4.692664 -2.089204
v 7.445446 -4.735939 -2.206491
v 7.423930 -4.613660 -2.322275
v 7.393426 -4.709248 -2.435750
v 7.354145 -4.949564 -2.546129
v 7.306361 -4.954627 -2.652644
v 7.250404 -4.898807 -2.754557
v 7.186664 -4.770779 -2.851158
v 7.115584 -4.456589 -2.941777
v 7.037658 -4.551377 -3.025784
v 6.953426 -4.685042 -3.102596
v 6.863474 -4.740276 -3.171679
v 6.768426 -4.822431 -3.232553
v 6.668944 -4.810897 -3.284795
v 6.565718 -4.667298 -3.328043
v 6.459465 -4.888603 -3.361996
v 6.350923 -4.909369 -3.386418
v 6.240846 -4.827955 -3.401139
v 6.130000 -4.738843 -3.406057
v 6.019154 -4.524336 -3.401139
v 5.909077 -4.426149 -3.386418
v 5.800535 -4.700586 -3.361996
v 5.694282 -4.810081 -3.328043
v 5.591056 -4.894924 -3.284795
v 5.491574 -4.933227 -3.232553
v 5.396526 -4.726257 -3.171679
v 5.306574 -4.727189 -3.102596
v 5.222342 -4.832148 -3.025784
v 5.144416 -4.755508 -2.941777
v 5.073336 -4.694545 -2.851158
v 5.009596 -4.628909 -2.754557
v 4.953639 -4.436920 -2.652644
v 4.905855 -4.677362 -2.546129
v 4.866574 -4.881383 -2.435750
v 4.836070 -4.946881 -2.322275
v 4.814554 -4.962971 -2.206491
v 4.802177 -4.821064 -2.089204
v 4.799023 -4.566855 -1.971227
v 4.805116 -4.707194 -1.853381
v 4.820412 -4.700942 -1.736484
v 7.537931 -4.674098 -1.717446
v 7.554376 -4.870766 -1.843122
v 7.560926 -4.880378 -1.969817
v 7.557536 -4.887861 -2.096653
v 7.544229 -4.912118 -2.222749
v 7.521097 -4.746899 -2.347227
v 7.488303 -4.819734 -2.469223
v 7.446072 -5.062788 -2.587891
v 7.394699 -5.070832 -2.702405
v 7.334540 -5.031816 -2.811971
v 7.266014 -4.925509 -2.915826
v 7.189596 -4.616440 -3.013250
v 7.105818 -4.737725 -3.103566
v 7.015260 -4.881521 -3.186146
v 6.918553 -4.921116 -3.260416
v 6.816368 -4.978155 -3.325862
v 6.709416 -4.933839 -3.382027
v 6.598438 -4.758405 -3.428523
v 6.484206 -4.997609 -3.465025
v 6.367513 -5.039089 -3.491281
v 6.249170 -4.982356 -3.507108
v 6.130000 -4.918087 -3.512395
v 6.010830 -4.706802 -3.507108
v 5.892487 -4.602526 -3.491281
v 5.775794 -4.882147 -3.465025
v 5.661562 -4.969866 -3.428523
v 5.550584 -5.029131 -3.382027
v 5.443632 -5.048346 -3.325862
v 5.341447 -4.820489 -3.260416
v 5.244740 -4.837847 -3.186146
v 5.154182 -4.981824 -3.103566
v 5.070404 -4.931755 -3.013250
v 4.993986 -4.889125 -2.915826
v 4.925460 -4.823198 -2.811971
v 4.865301 -4.600232 -2.702405
v 4.813928 -4.831136 -2.587891
v 4.771697 -5.018963 -2.469223
v 4.738903 -5.065422 -2.347227
v 4.715771 -5.076147 -2.222749
v 4.702464 -4.935988 -2.096653
v 4.699074 -4.689411 -1.969817
v 4.705624 -4.874808 -1.843122
v 4.722069 -4.893563 -1.717446
v 7.636274 -4.830488 -1.698409
v 7.653868 -5.072407 -1.832862
v 7.660875 -5.098730 -1.968408
v 7.657248 -5.102677 -2.104103
v 7.643011 -5.106135 -2.239006
v 7.618264 -4.895399 -2.372179
v 7.583179 -4.943061 -2.502697
v 7.537998 -5.187491 -2.629653
v 7.483037 -5.198717 -2.752166
v 7.418676 -5.178195 -2.869385
v 7.345364 -5.096160 -2.980494
v 7.263608 -4.794677 -3.084723
v 7.173978 -4.943925 -3.181347
v 7.077095 -5.097771 -3.269695
v 6.973633 -5.120134 -3.349154
v 6.864311 -5.149539 -3.419170
v 6.749887 -5.069935 -3.479259
v 6.631158 -4.861101 -3.529002
v 6.508947 -5.118162 -3.568054
v 6.384103 -5.181851 -3.596144
v 6.257494 -5.152278 -3.613076
v 6.130000 -5.115393 -3.618734
v 6.002506 -4.908989 -3.613076
v 5.875897 -4.798790 -3.596144
v 5.751053 -5.082202 -3.568054
v 5.628842 -5.145711 -3.529002
v 5.510113 -5.176827 -3.479259
v 5.395689 -5.175201 -3.419170
v 5.286367 -4.926169 -3.349154
v 5.182905 -4.961242 -3.269695
v 5.086022 -5.146620 -3.181347
v 4.996392 -5.125717 -3.084723
v 4.914636 -5.103264 -2.980494
v 4.841324 -5.037454 -2.869385
v 4.776963 -4.782332 -2.752166
v 4.722002 -5.001369 -2.629653
v 4.676821 -5.170386 -2.502697
v 4.641736 -5.195878 -2.372179
v 4.616989 -5.200709 -2.239006
v 4.602752 -5.063368 -2.104103
v 4.599125 -4.826691 -1.968408
v 4.606132 -5.059774 -1.832862
v 4.623726 -5.105548 -1.698409
v 5.027500 -5.320000 -1.850000
v 5.101000 -5.320000 -1.850000
v 5.174500 -5.320000 -1.850000
v 5.248000 -5.320000 -1.850000
v 5.321500 -5.320000 -1.850000
v 5.395000 -5.320000 -1.850000
v 5.468500 -5.320000 -1.850000
v 5.542000 -5.320000 -1.850000
v 5.615500 -5.320000 -1.850000
v 5.689000 -5.320000 -1.850000
v 5.762500 -5.320000 -1.850000
v 5.836000 -5.320000 -1.850000
v 5.909500 -5.320000 -1.850000
v 5.983000 -5.320000 -1.850000
v 6.056500 -5.320000 -1.850000
v 6.130000 -5.320000 -1.850000
v 6.203500 -5.320000 -1.850000
v 6.277000 -5.320000 -1.850000
v 6.350500 -5.320000 -1.850000
v 6.424000 -5.320000 -1.850000
v 6.497500 -5.320000 -1.850000
v 6.571000 -5.320000 -1.850000
v 6.644500 -5.320000 -1.850000
v 6.718000 -5.320000 -1.850000
v 6.791500 -5.320000 -1.850000
v 6.865000 -5.320000 -1.850000
v 6.938500 -5.320000 -1.850000
v 7.012000 -5.320000 -1.850000
v 7.085500 -5.320000 -1.850000
v 7.159000 -5.320000 -1.850000
v 7.232500 -5.320000 -1.850000
v 5.027500 -5.287316 -1.978571
v 5.101000 -5.300851 -1.978571
v 5.174500 -5.317221 -1.978571
v 5.248000 -5.317557 -1.978571
v 5.321500 -5.301471 -1.978571
v 5.395000 -5.287506 -1.978571
v 5.468500 -5.291759 -1.978571
v 5.542000 -5.309328 -1.978571
v 5.615500 -5.319961 -1.978571
v 5.689000 -5.311401 -1.978571
v 5.762500 -5.293516 -1.978571
v 5.836000 -5.286922 -1.978571
v 5.909500 -5.299220 -1.978571
v 5.983000 -5.316234 -1.978571
v 6.056500 -5.318352 -1.978571
v 6.130000 -5.303132 -1.978571
v 6.203500 -5.288118 -1.978571
v 6.277000 -5.290618 -1.978571
v 6.350500 -5.307749 -1.978571
v 6.424000 -5.319764 -1.978571
v 6.497500 -5.312814 -1.978571
v 6.571000 -5.294909 -1.978571
v 6.644500 -5.286690 -1.978571
v 6.718000 -5.297630 -1.978571
v 6.791500 -5.315119 -1.978571
v 6.865000 -5.318997 -1.978571
v 6.938500 -5.304794 -1.978571
v 7.012000 -5.288881 -1.978571
v 7.085500 -5.289602 -1.978571
v 7.159000 -5.306125 -1.978571
v 7.232500 -5.319404 -1.978571
v 5.027500 -5.301113 -2.107143
v 5.101000 -5.320000 -2.107143
v 5.174500 -5.301376 -2.107143
v 5.248000 -5.266710 -2.107143
v 5.321500 -5.255961 -2.107143
v 5.395000 -5.281520 -2.107143
v 5.468500 -5.313925 -2.107143
v 5.542000 -5.315822 -2.107143
v 5.615500 -5.285024 -2.107143
v 5.689000 -5.257033 -2.107143
v 5.762500 -5.264114 -2.107143
v 5.836000 -5.298105 -2.107143
v 5.909500 -5.319824 -2.107143
v 5.983000 -5.304235 -2.107143
v 6.056500 -5.269308 -2.107143
v 6.130000 -5.255304 -2.107143
v 6.203500 -5.278365 -2.107143
v 6.277000 -5.311909 -2.107143
v 6.350500 -5.317269 -2.107143
v 6.424000 -5.288266 -2.107143
v 6.497500 -5.258333 -2.107143
v 6.571000 -5.261973 -2.107143
v 6.644500 -5.294991 -2.107143
v 6.718000 -5.319326 -2.107143
v 6.791500 -5.306927 -2.107143
v 6.865000 -5.272087 -2.107143
v 6.938500 -5.254966 -2.107143
v 7.012000 -5.275300 -2.107143
v 7.085500 -5.309650 -2.107143
v 7.159000 -5.318420 -2.107143
v 7.232500 -5.291500 -2.107143
v 5.027500 -5.312443 -2.235714
v 5.101000 -5.266758 -2.235714
v 5.174500 -5.228544 -2.235714
v 5.248000 -5.241849 -2.235714
v 5.321500 -5.291337 -2.235714
v 5.395000 -5.319963 -2.235714
v 5.468500 -5.294728 -2.235714
v 5.542000 -5.244722 -2.235714
v 5.615500 -5.227587 -2.235714
v 5.689000 -5.263075 -2.235714
v 5.762500 -5.310278 -2.235714
v 5.836000 -5.314785 -2.235714
v 5.909500 -5.271400 -2.235714
v 5.983000 -5.230134 -2.235714
v 6.056500 -5.238555 -2.235714
v 6.130000 -5.286956 -2.235714
v 6.203500 -5.319544 -2.235714
v 6.277000 -5.298755 -2.235714
v 6.350500 -5.248552 -2.235714
v 6.424000 -5.226805 -2.235714
v 6.497500 -5.258582 -2.235714
v 6.571000 -5.307253 -2.235714
v 6.644500 -5.316715 -2.235714
v 6.718000 -5.276060 -2.235714
v 6.791500 -5.232153 -2.235714
v 6.865000 -5.235605 -2.235714
v 6.938500 -5.282438 -2.235714
v 7.012000 -5.318666 -2.235714
v 7.085500 -5.302529 -2.235714
v 7.159000 -5.252628 -2.235714
v 7.232500 -5.226485 -2.235714
v 5.027500 -5.222699 -2.364286
v 5.101000 -5.205050 -2.364286
v 5.174500 -5.252313 -2.364286
v 5.248000 -5.310008 -2.364286
v 5.321500 -5.311629 -2.364286
v 5.395000 -5.255307 -2.364286
v 5.468500 -5.205966 -2.364286
v 5.542000 -5.220481 -2.364286
v 5.615500 -5.282121 -2.364286
v 5.689000 -5.319833 -2.364286
v 5.762500 -5.290145 -2.364286
v 5.836000 -5.227279 -2.364286
v 5.909500 -5.203702 -2.364286
v 5.983000 -5.246591 -2.364286
v 6.056500 -5.306507 -2.364286
v 6.130000 -5.314384 -2.364286
v 6.203500 -5.261143 -2.364286
v 6.277000 -5.208154 -2.364286
v 6.350500 -5.216500 -2.364286
v 6.424000 -5.276560 -2.364286
v 6.497500 -5.319101 -2.364286
v 6.571000 -5.295087 -2.364286
v 6.644500 -5.232198 -2.364286
v 6.718000 -5.202928 -2.364286
v 6.791500 -5.241016 -2.364286
v 6.865000 -5.302558 -2.364286
v 6.938500 -5.316614 -2.364286
v 7.012000 -5.266980 -2.364286
v 7.085500 -5.210871 -2.364286
v 7.159000 -5.212964 -2.364286
v 7.232500 -5.270847 -2.364286
v 5.027500 -5.208518 -2.492857
v 5.101000 -5.280351 -2.492857
v 5.174500 -5.319996 -2.492857
v 5.248000 -5.281754 -2.492857
v 5.321500 -5.209707 -2.492857
v 5.395000 -5.186905 -2.492857
v 5.468500 -5.239631 -2.492857
v 5.542000 -5.307108 -2.492857
v 5.615500 -5.311554 -2.492857
v 5.689000 -5.247843 -2.492857
v 5.762500 -5.189417 -2.492857
v 5.836000 -5.203624 -2.492857
v 5.909500 -5.274087 -2.492857
v 5.983000 -5.319583 -2.492857
v 6.056500 -5.287668 -2.492857
v 6.130000 -5.215130 -2.492857
v 6.203500 -5.185586 -2.492857
v 6.277000 -5.233091 -2.492857
v 6.350500 -5.302885 -2.492857
v 6.424000 -5.314516 -2.492857
v 6.497500 -5.254577 -2.492857
v 6.571000 -5.192160 -2.492857
v 6.644500 -5.199214 -2.492857
v 6.718000 -5.267608 -2.492857
v 6.791500 -5.318503 -2.492857
v 6.865000 -5.293232 -2.492857
v 6.938500 -5.220924 -2.492857
v 7.012000 -5.184931 -2.492857
v 7.085500 -5.226742 -2.492857
v 7.159000 -5.298161 -2.492857
v 7.232500 -5.316862 -2.492857
v 5.027500 -5.308682 -2.621429
v 5.101000 -5.308460 -2.621429
v 5.174500 -5.237255 -2.621429
v 5.248000 -5.177145 -2.621429
v 5.321500 -5.197421 -2.621429
v 5.395000 -5.274709 -2.621429
v 5.468500 -5.319919 -2.621429
v 5.542000 -5.280936 -2.621429
v 5.615500 -5.202697 -2.621429
v 5.689000 -5.175388 -2.621429
v 5.762500 -5.230490 -2.621429
v 5.836000 -5.304485 -2.621429
v 5.909500 -5.312079 -2.621429
v 5.983000 -5.244517 -2.621429
v 6.056500 -5.179680 -2.621429
v 6.130000 -5.192306 -2.621429
v 6.203500 -5.267840 -2.621429
v 6.277000 -5.319214 -2.621429
v 6.350500 -5.287208 -2.621429
v 6.424000 -5.208715 -2.621429
v 6.497500 -5.174216 -2.621429
v 6.571000 -5.223478 -2.621429
v 6.644500 -5.299716 -2.621429
v 6.718000 -5.315050 -2.621429
v 6.791500 -5.251803 -2.621429
v 6.865000 -5.182882 -2.621429
v 6.938500 -5.187733 -2.621429
v 7.012000 -5.260764 -2.621429
v 7.085500 -5.317791 -2.621429
v 7.159000 -5.293079 -2.621429
v 7.232500 -5.215113 -2.621429
v 5.027500 -5.275606 -2.750000
v 5.101000 -5.195943 -2.750000
v 5.174500 -5.172829 -2.750000
v 5.248000 -5.232907 -2.750000
v 5.321500 -5.306925 -2.750000
v 5.395000 -5.309561 -2.750000
v 5.468500 -5.237777 -2.750000
v 5.542000 -5.174318 -2.750000
v 5.615500 -5.192336 -2.750000
v 5.689000 -5.271060 -2.750000
v 5.762500 -5.319744 -2.750000
v 5.836000 -5.282270 -2.750000
v 5.909500 -5.201834 -2.750000
v 5.983000 -5.171156 -2.750000
v 6.056500 -5.225599 -2.750000
v 6.130000 -5.302406 -2.750000
v 6.203500 -5.313040 -2.750000
v 6.277000 -5.245243 -2.750000
v 6.350500 -5.177166 -2.750000
v 6.424000 -5.187282 -2.750000
v 6.497500 -5.263930 -2.750000
v 6.571000 -5.318757 -2.750000
v 6.644500 -5.288563 -2.750000
v 6.718000 -5.208153 -2.750000
v 6.791500 -5.170217 -2.750000
v 6.865000 -5.218485 -2.750000
v 6.938500 -5.297317 -2.750000
v 7.012000 -5.315843 -2.750000
v 7.085500 -5.252707 -2.750000
v 7.159000 -5.180688 -2.750000
v 7.232500 -5.182802 -2.750000
v 5.027500 -5.176545 -2.878571
v 5.101000 -5.198979 -2.878571
v 5.174500 -5.276629 -2.878571
v 5.248000 -5.319988 -2.878571
v 5.321500 -5.279074 -2.878571
v 5.395000 -5.201050 -2.878571
v 5.468500 -5.175856 -2.878571
v 5.542000 -5.232532 -2.878571
v 5.615500 -5.305748 -2.878571
v 5.689000 -5.311106 -2.878571
v 5.762500 -5.242430 -2.878571
v 5.836000 -5.178884 -2.878571
v 5.909500 -5.193718 -2.878571
v 5.983000 -5.269833 -2.878571
v 6.056500 -5.319490 -2.878571
v 6.130000 -5.285449 -2.878571
v 6.203500 -5.206949 -2.878571
v 6.277000 -5.174479 -2.878571
v 6.350500 -5.225467 -2.878571
v 6.424000 -5.301139 -2.878571
v 6.497500 -5.314266 -2.878571
v 6.571000 -5.249717 -2.878571
v 6.644500 -5.181898 -2.878571
v 6.718000 -5.188985 -2.878571
v 6.791500 -5.262809 -2.878571
v 6.865000 -5.318272 -2.878571
v 6.938500 -5.291441 -2.878571
v 7.012000 -5.213245 -2.878571
v 7.085500 -5.173821 -2.878571
v 7.159000 -5.218614 -2.878571
v 7.232500 -5.295990 -2.878571
v 5.027500 -5.243442 -3.007143
v 5.101000 -5.309286 -3.007143
v 5.174500 -5.309589 -3.007143
v 5.248000 -5.244000 -3.007143
v 5.321500 -5.188126 -3.007143
v 5.395000 -5.206373 -3.007143
v 5.468500 -5.277707 -3.007143
v 5.542000 -5.319901 -3.007143
v 5.615500 -5.284317 -3.007143
v 5.689000 -5.211973 -3.007143
v 5.762500 -5.186261 -3.007143
v 5.836000 -5.236820 -3.007143
v 5.909500 -5.305370 -3.007143
v 5.983000 -5.312892 -3.007143
v 6.056500 -5.250716 -3.007143
v 6.130000 -5.190513 -3.007143
v 6.203500 -5.201679 -3.007143
v 6.277000 -5.271344 -3.007143
v 6.350500 -5.319203 -3.007143
v 6.424000 -5.290089 -3.007143
v 6.497500 -5.217562 -3.007143
v 6.571000 -5.185225 -3.007143
v 6.644500 -5.230353 -3.007143
v 6.718000 -5.300927 -3.007143
v 6.791500 -5.315595 -3.007143
v 6.865000 -5.257448 -3.007143
v 6.938500 -5.193514 -3.007143
v 7.012000 -5.197490 -3.007143
v 7.085500 -5.264793 -3.007143
v 7.159000 -5.317842 -3.007143
v 7.232500 -5.295486 -3.007143
v 5.027500 -5.319997 -3.135714
v 5.101000 -5.285665 -3.135714
v 5.174500 -5.223320 -3.135714
v 5.248000 -5.204827 -3.135714
v 5.321500 -5.251504 -3.135714
v 5.395000 -5.309545 -3.135714
v 5.468500 -5.312046 -3.135714
v 5.542000 -5.256123 -3.135714
v 5.615500 -5.206240 -3.135714
v 5.689000 -5.219897 -3.135714
v 5.762500 -5.281352 -3.135714
v 5.836000 -5.319765 -3.135714
v 5.909500 -5.290856 -3.135714
v 5.983000 -5.227950 -3.135714
v 6.056500 -5.203559 -3.135714
v 6.130000 -5.245799 -3.135714
v 6.203500 -5.305979 -3.135714
v 6.277000 -5.314730 -3.135714
v 6.350500 -5.261963 -3.135714
v 6.424000 -5.208504 -3.135714
v 6.497500 -5.215976 -3.135714
v 6.571000 -5.275766 -3.135714
v 6.644500 -5.318953 -3.135714
v 6.718000 -5.295755 -3.135714
v 6.791500 -5.232912 -3.135714
v 6.865000 -5.202865 -3.135714
v 6.938500 -5.240249 -3.135714
v 7.012000 -5.301971 -3.135714
v 7.085500 -5.316883 -3.135714
v 7.159000 -5.267796 -3.135714
v 7.232500 -5.211293 -3.135714
v 5.027500 -5.266084 -3.264286
v 5.101000 -5.228348 -3.264286
v 5.174500 -5.242358 -3.264286
v 5.248000 -5.291964 -3.264286
v 5.321500 -5.319985 -3.264286
v 5.395000 -5.294120 -3.264286
v 5.468500 -5.244184 -3.264286
v 5.542000 -5.227740 -3.264286
v 5.615500 -5.263742 -3.264286
v 5.689000 -5.310691 -3.264286
v 5.762500 -5.314468 -3.264286
v 5.836000 -5.270719 -3.264286
v 5.909500 -5.229874 -3.264286
v 5.983000 -5.239016 -3.264286
v 6.056500 -5.287606 -3.264286
v 6.130000 -5.319634 -3.264286
v 6.203500 -5.298181 -3.264286
v 6.277000 -5.247976 -3.264286
v 6.350500 -5.226891 -3.264286
v 6.424000 -5.259231 -3.264286
v 6.497500 -5.307718 -3.264286
v 6.571000 -5.316459 -3.264286
v 6.644500 -5.275379 -3.264286
v 6.718000 -5.231832 -3.264286
v 6.791500 -5.236014 -3.264286
v 6.865000 -5.283105 -3.264286
v 6.938500 -5.318823 -3.264286
v 7.012000 -5.301994 -3.264286
v 7.085500 -5.252018 -3.264286
v 7.159000 -5.226503 -3.264286
v 7.232500 -5.254860 -3.264286
v 5.027500 -5.256343 -3.392857
v 5.101000 -5.282906 -3.392857
v 5.174500 -5.314717 -3.392857
v 5.248000 -5.315107 -3.392857
v 5.321500 -5.283626 -3.392857
v 5.395000 -5.256563 -3.392857
v 5.468500 -5.265114 -3.392857
v 5.542000 -5.299421 -3.392857
v 5.615500 -5.319939 -3.392857
v 5.689000 -5.303016 -3.392857
v 5.762500 -5.268160 -3.392857
v 5.836000 -5.255549 -3.392857
v 5.909500 -5.279721 -3.392857
v 5.983000 -5.312812 -3.392857
v 6.056500 -5.316678 -3.392857
v 6.130000 -5.286862 -3.392857
v 6.203500 -5.257734 -3.392857
v 6.277000 -5.262870 -3.392857
v 6.350500 -5.296350 -3.392857
v 6.424000 -5.319581 -3.392857
v 6.497500 -5.305784 -3.392857
v 6.571000 -5.270864 -3.392857
v 6.644500 -5.255073 -3.392857
v 6.718000 -5.276613 -3.392857
v 6.791500 -5.310656 -3.392857
v 6.865000 -5.317959 -3.392857
v 6.938500 -5.290104 -3.392857
v 7.012000 -5.259200 -3.392857
v 7.085500 -5.260871 -3.392857
v 7.159000 -5.293190 -3.392857
v 7.232500 -5.318903 -3.392857
v 5.027500 -5.310428 -3.521429
v 5.101000 -5.320000 -3.521429
v 5.174500 -5.310334 -3.521429
v 5.248000 -5.292572 -3.521429
v 5.321500 -5.287189 -3.521429
v 5.395000 -5.300390 -3.521429
v 5.468500 -5.316958 -3.521429
v 5.542000 -5.317795 -3.521429
v 5.615500 -5.301936 -3.521429
v 5.689000 -5.287662 -3.521429
v 5.762500 -5.291427 -3.521429
v 5.836000 -5.308890 -3.521429
v 5.909500 -5.319922 -3.521429
v 5.983000 -5.311806 -3.521429
v 6.056500 -5.293897 -3.521429
v 6.130000 -5.286840 -3.521429
v 6.203500 -5.298769 -3.521429
v 6.277000 -5.315933 -3.521429
v 6.350500 -5.318548 -3.521429
v 6.424000 -5.303598 -3.521429
v 6.497500 -5.288318 -3.521429
v 6.571000 -5.290320 -3.521429
v 6.644500 -5.307297 -3.521429
v 6.718000 -5.319680 -3.521429
v 6.791500 -5.313194 -3.521429
v 6.865000 -5.295316 -3.521429
v 6.938500 -5.286654 -3.521429
v 7.012000 -5.297193 -3.521429
v 7.085500 -5.314784 -3.521429
v 7.159000 -5.319150 -3.521429
v 7.232500 -5.305258 -3.521429
v 5.027500 -5.320000 -3.650000
v 5.101000 -5.320000 -3.650000
v 5.174500 -5.320000 -3.650000
v 5.248000 -5.320000 -3.650000
v 5.321500 -5.320000 -3.650000
v 5.395000 -5.320000 -3.650000
v 5.468500 -5.320000 -3.650000
v 5.542000 -5.320000 -3.650000
v 5.615500 -5.320000 -3.650000
v 5.689000 -5.320000 -3.650000
v 5.762500 -5.320000 -3.650000
v 5.836000 -5.320000 -3.650000
v 5.909500 -5.320000 -3.650000
v 5.983000 -5.320000 -3.650000
v 6.056500 -5.320000 -3.650000
v 6.130000 -5.320000 -3.650000
v 6.203500 -5.320000 -3.650000
v 6.277000 -5.320000 -3.650000
v 6.350500 -5.320000 -3.650000
v 6.424000 -5.320000 -3.650000
v 6.497500 -5.320000 -3.650000
v 6.571000 -5.320000 -3.650000
v 6.644500 -5.320000 -3.650000
v 6.718000 -5.320000 -3.650000
v 6.791500 -5.320000 -3.650000
v 6.865000 -5.320000 -3.650000
v 6.938500 -5.320000 -3.650000
v 7.012000 -5.320000 -3.650000
v 7.085500 -5.320000 -3.650000
v 7.159000 -5.320000 -3.650000
v 7.232500 -5.320000 -3.650000
vt 0.000000 0.000000
vt 0.023810 0.000000
vt 0.047619 0.000000
vt 0.071429 0.000000
vt 0.095238 0.000000
vt 0.119048 0.000000
vt 0.142857 0.000000
vt 0.166667 0.000000
vt 0.190476 0.000000
vt 0.214286 0.000000
vt 0.238095 0.000000
vt 0.261905 0.000000
vt 0.285714 0.000000
vt 0.309524 0.000000
vt 0.333333 0.000000
vt 0.357143 0.000000
vt 0.380952 0.000000
vt 0.404762 0.000000
vt 0.428571 0.000000
vt 0.452381 0.000000
vt 0.476190 0.000000
vt 0.500000 0.000000
vt 0.523810 0.000000
vt 0.547619 0.000000
vt 0.571429 0.000000
vt 0.595238 0.000000
vt 0.619048 0.000000
vt 0.642857 0.000000
vt 0.666667 0.000000
vt 0.690476 0.000000
vt 0.714286 0.000000
vt 0.738095 0.000000
vt 0.761905 0.000000
vt 0.785714 0.000000
vt 0.809524 0.000000
vt 0.833333 0.000000
vt 0.857143 0.000000
vt 0.880952 0.000000
vt 0.904762 0.000000
vt 0.928571 0.000000
vt 0.952381 0.000000
vt 0.976190 0.000000
vt 1.000000 0.000000
vt 0.000000 0.071429
vt 0.023810 0.071429
vt 0.047619 0.071429
vt 0.071429 0.071429
vt 0.095238 0.071429
vt 0.119048 0.071429
vt 0.142857 0.071429
vt 0.166667 0.071429
vt 0.190476 0.071429
vt 0.214286 0.071429
vt 0.238095 0.071429
vt 0.261905 0.071429
vt 0.285714 0.071429
vt 0.309524 0.071429
vt 0.333333 0.071429
vt 0.357143 0.071429
vt 0.380952 0.071429
vt 0.404762 0.071429
vt 0.428571 0.071429
vt 0.452381 0.071429
vt 0.476190 0.071429
vt 0.500000 0.071429
vt 0.523810 0.071429
vt 0.547619 0.071429
vt 0.571429 0.071429
vt 0.595238 0.071429
vt 0.619048 0.071429
vt 0.642857 0.071429
vt 0.666667 0.071429
vt 0.690476 0.071429
vt 0.714286 0.071429
vt 0.738095 0.071429
vt 0.761905 0.071429
vt 0.785714 0.071429
vt 0.809524 0.071429
vt 0.833333 0.071429
vt 0.857143 0.071429
vt 0.880952 0.071429
vt 0.904762 0.071429
vt 0.928571 0.071429
vt 0.952381 0.071429
vt 0.976190 0.071429
vt 1.000000 0.071429
vt 0.000000 0.142857
vt 0.023810 0.142857
vt 0.047619 0.142857
vt 0.071429 0.142857
vt 0.095238 0.142857
vt 0.119048 0.142857
vt 0.142857 0.142857
vt 0.166667 0.142857
vt 0.190476 0.142857
vt 0.214286 0.142857
vt 0.238095 0.142857
vt 0.261905 0.142857
vt 0.285714 0.142857
vt 0.309524 0.142857
vt 0.333333 0.142857
vt 0.357143 0.142857
vt 0.380952 0.142857
vt 0.404762 0.142857
vt 0.428571 0.142857
vt 0.452381 0.142857
vt 0.476190 0.142857
vt 0.500000 0.142857
vt 0.523810 0.142857
vt 0.547619 0.142857
vt 0.571429 0.142857
vt 0.595238 0.142857
vt 0.619048 0.142857
vt 0.642857 0.142857
vt 0.666667 0.142857
vt 0.690476 0.142857
vt 0.714286 0.142857
vt 0.738095 0.142857
vt 0.761905 0.142857
vt 0.785714 0.142857
vt 0.809524 0.142857
vt 0.833333 0.142857
vt 0.857143 0.142857
vt 0.880952 0.142857
vt 0.904762 0.142857
vt 0.928571 0.142857
vt 0.952381 0.142857
vt 0.976190 0.142857
vt 1.000000 0.142857
vt 0.000000 0.214286
vt 0.023810 0.214286
vt 0.047619 0.214286
vt 0.071429 0.214286
vt 0.095238 0.214286
vt 0.119048 0.214286
vt 0.142857 0.214286
vt 0.166667 0.214286
vt 0.190476 0.214286
vt 0.214286 0.214286
vt 0.238095 0.214286
vt 0.261905 0.214286
vt 0.285714 0.214286
vt 0.309524 0.214286
vt 0.333333 0.214286
vt 0.357143 0.214286
vt 0.380952 0.214286
vt 0.404762 0.214286
vt 0.428571 0.214286
vt 0.452381 0.214286
vt 0.476190 0.214286
vt 0.500000 0.214286
vt 0.523810 0.214286
vt 0.547619 0.214286
vt 0.571429 0.214286
vt 0.595238 0.214286
vt 0.619048 0.214286
vt 0.642857 0.214286
vt 0.666667 0.214286
vt 0.690476 0.214286
vt 0.714286 0.214286
vt 0.738095 0.214286
vt 0.761905 0.214286
vt 0.785714 0.214286
vt 0.809524 0.214286
vt 0.833333 0.214286
vt 0.857143 0.214286
vt 0.880952 0.214286
vt 0.904762 0.214286
vt 0.928571 0.214286
vt 0.952381 0.214286
vt 0.976190 0.214286
vt 1.000000 0.214286
vt 0.000000 0.285714
vt 0.023810 0.285714
vt 0.047619 0.285714
vt 0.071429 0.285714
vt 0.095238 0.285714
vt 0.119048 0.285714
vt 0.142857 0.285714
vt 0.166667 0.285714
vt 0.190476 0.285714
vt 0.214286 0.285714
vt 0.238095 0.285714
vt 0.261905 0.285714
vt 0.285714 0.285714
vt 0.309524 0.285714
vt 0.333333 0.285714
vt 0.357143 0.285714
vt 0.380952 0.285714
vt 0.404762 0.285714
vt 0.428571 0.285714
vt 0.452381 0.285714
vt 0.476190 0.285714
vt 0.500000 0.285714
vt 0.523810 0.285714
vt 0.547619 0.285714
vt 0.571429 0.285714
vt 0.595238 0.285714
vt 0.619048 0.285714
vt 0.642857 0.285714
vt 0.666667 0.285714
vt 0.690476 0.285714
vt 0.714286 0.285714
vt 0.738095 0.285714
vt 0.761905 0.285714
vt 0.785714 0.285714
vt 0.809524 0.285714
vt 0.833333 0.285714
vt 0.857143 0.285714
vt 0.880952 0.285714
vt 0.904762 0.285714
vt 0.928571 0.285714
vt 0.952381 0.285714
vt 0.976190 0.285714
vt 1.000000 0.285714
vt 0.000000 0.357143
vt 0.023810 0.357143
vt 0.047619 0.357143
vt 0.071429 0.357143
vt 0.095238 0.357143
vt 0.119048 0.357143
vt 0.142857 0.357143
vt 0.166667 0.357143
vt 0.190476 0.357143
vt 0.214286 0.357143
vt 0.238095 0.357143
vt 0.261905 0.357143
vt 0.285714 0.357143
vt 0.309524 0.357143
vt 0.333333 0.357143
vt 0.357143 0.357143
vt 0.380952 0.357143
vt 0.404762 0.357143
vt 0.428571 0.357143
vt 0.452381 0.357143
vt 0.476190 0.357143
vt 0.500000 0.357143
vt 0.523810 0.357143
vt 0.547619 0.357143
vt 0.571429 0.357143
vt 0.595238 0.357143
vt 0.619048 0.357143
vt 0.642857 0.357143
vt 0.666667 0.357143
vt 0.690476 0.357143
vt 0.714286 0.357143
vt 0.738095 0.357143
vt 0.761905 0.357143
vt 0.785714 0.357143
vt 0.809524 0.357143
vt 0.833333 0.357143
vt 0.857143 0.357143
vt 0.880952 0.357143
vt 0.904762 0.357143
vt 0.928571 0.357143
vt 0.952381 0.357143
vt 0.976190 0.357143
vt 1.000000 0.357143
vt 0.000000 0.428571
vt 0.023810 0.428571
vt 0.047619 0.428571
vt 0.071429 0.428571
vt 0.095238 0.428571
vt 0.119048 0.428571
vt 0.142857 0.428571
vt 0.166667 0.428571
vt 0.190476 0.428571
vt 0.214286 0.428571
vt 0.238095 0.428571
vt 0.261905 0.428571
vt 0.285714 0.428571
vt 0.309524 0.428571
vt 0.333333 0.428571
vt 0.357143 0.428571
vt 0.380952 0.428571
vt 0.404762 0.428571
vt 0.428571 0.428571
vt 0.452381 0.428571
vt 0.476190 0.428571
vt 0.500000 0.428571
vt 0.523810 0.428571
vt 0.547619 0.428571
vt 0.571429 0.428571
vt 0.595238 0.428571
vt 0.619048 0.428571
vt 0.642857 0.428571
vt 0.666667 0.428571
vt 0.690476 0.428571
vt 0.714286 0.428571
vt 0.738095 0.428571
vt 0.761905 0.428571
vt 0.785714 0.428571
vt 0.809524 0.428571
vt 0.833333 0.428571
vt 0.857143 0.428571
vt 0.880952 0.428571
vt 0.904762 0.428571
vt 0.928571 0.428571
vt 0.952381 0.428571
vt 0.976190 0.428571
vt 1.000000 0.428571
vt 0.000000 0.500000
vt 0.023810 0.500000
vt 0.047619 0.500000
vt 0.071429 0.500000
vt 0.095238 0.500000
vt 0.119048 0.500000
vt 0.142857 0.500000
vt 0.166667 0.500000
vt 0.190476 0.500000
vt 0.214286 0.500000
vt 0.238095 0.500000
vt 0.261905 0.500000
vt 0.285714 0.500000
vt 0.309524 0.500000
vt 0.333333 0.500000
vt 0.357143 0.500000
vt 0.380952 0.500000
vt 0.404762 0.500000
vt 0.428571 0.500000
vt 0.452381 0.500000
vt 0.476190 0.500000
vt 0.500000 0.500000
vt 0.523810 0.500000
vt 0.547619 0.500000
vt 0.571429 0.500000
vt 0.595238 0.500000
vt 0.619048 0.500000
vt 0.642857 0.500000
vt 0.666667 0.500000
vt 0.690476 0.500000
vt 0.714286 0.500000
vt 0.738095 0.500000
vt 0.761905 0.500000
vt 0.785714 0.500000
vt 0.809524 0.500000
vt 0.833333 0.500000
vt 0.857143 0.500000
vt 0.880952 0.500000
vt 0.904762 0.500000
vt 0.928571 0.500000
vt 0.952381 0.500000
vt 0.976190 0.500000
vt 1.000000 0.500000
vt 0.000000 0.571429
vt 0.023810 0.571429
vt 0.047619 0.571429
vt 0.071429 0.571429
vt 0.095238 0.571429
vt 0.119048 0.571429
vt 0.142857 0.571429
vt 0.166667 0.571429
vt 0.190476 0.571429
vt 0.214286 0.571429
vt 0.238095 0.571429
vt 0.261905 0.571429
vt 0.285714 0.571429
vt 0.309524 0.571429
vt 0.333333 0.571429
vt 0.357143 0.571429
vt 0.380952 0.571429
vt 0.404762 0.571429
vt 0.428571 0.571429
vt 0.452381 0.571429
vt 0.476190 0.571429
vt 0.500000 0.571429
vt 0.523810 0.571429
vt 0.547619 0.571429
vt 0.571429 0.571429
vt 0.595238 0.571429
vt 0.619048 0.571429
vt 0.642857 0.571429
vt 0.666667 0.571429
vt 0.690476 0.571429
vt 0.714286 0.571429
vt 0.738095 0.571429
vt 0.761905 0.571429
vt 0.785714 0.571429
vt 0.809524 0.571429
vt 0.833333 0.571429
vt 0.857143 0.571429
vt 0.880952 0.571429
vt 0.904762 0.571429
vt 0.928571 0.571429
vt 0.952381 0.571429
vt 0.976190 0.571429
vt 1.000000 0.571429
vt 0.000000 0.642857
vt 0.023810 0.642857
vt 0.047619 0.642857
vt 0.071429 0.642857
vt 0.095238 0.642857
vt 0.119048 0.642857
vt 0.142857 0.642857
vt 0.166667 0.642857
vt 0.190476 0.642857
vt 0.214286 0.642857
vt 0.238095 0.642857
vt 0.261905 0.642857
vt 0.285714 0.642857
vt 0.309524 0.642857
vt 0.333333 0.642857
vt 0.357143 0.642857
vt 0.380952 0.642857
vt 0.404762 0.642857
vt 0.428571 0.642857
vt 0.452381 0.642857
vt 0.476190 0.642857
vt 0.500000 0.642857
vt 0.523810 0.642857
vt 0.547619 0.642857
vt 0.571429 0.642857
vt 0.595238 0.642857
vt 0.619048 0.642857
vt 0.642857 0.642857
vt 0.666667 0.642857
vt 0.690476 0.642857
vt 0.714286 0.642857
vt 0.738095 0.642857
vt 0.761905 0.642857
vt 0.785714 0.642857
vt 0.809524 0.642857
vt 0.833333 0.642857
vt 0.857143 0.642857
vt 0.880952 0.642857
vt 0.904762 0.642857
vt 0.928571 0.642857
vt 0.952381 0.642857
vt 0.976190 0.642857
vt 1.000000 0.642857
vt 0.000000 0.714286
vt 0.023810 0.714286
vt 0.047619 0.714286
vt 0.071429 0.714286
vt 0.095238 0.714286
vt 0.119048 0.714286
vt 0.142857 0.714286
vt 0.166667 0.714286
vt 0.190476 0.714286
vt 0.214286 0.714286
vt 0.238095 0.714286
vt 0.261905 0.714286
vt 0.285714 0.714286
vt 0.309524 0.714286
vt 0.333333 0.714286
vt 0.357143 0.714286
vt 0.380952 0.714286
vt 0.404762 0.714286
vt 0.428571 0.714286
vt 0.452381 0.714286
vt 0.476190 0.714286
vt 0.500000 0.714286
vt 0.523810 0.714286
vt 0.547619 0.714286
vt 0.571429 0.714286
vt 0.595238 0.714286
vt 0.619048 0.714286
vt 0.642857 0.714286
vt 0.666667 0.714286
vt 0.690476 0.714286
vt 0.714286 0.714286
vt 0.738095 0.714286
vt 0.761905 0.714286
vt 0.785714 0.714286
vt 0.809524 0.714286
vt 0.833333 0.714286
vt 0.857143 0.714286
vt 0.880952 0.714286
vt 0.904762 0.714286
vt 0.928571 0.714286
vt 0.952381 0.714286
vt 0.976190 0.714286
vt 1.000000 0.714286
vt 0.000000 0.785714
vt 0.023810 0.785714
vt 0.047619 0.785714
vt 0.071429 0.785714
vt 0.095238 0.785714
vt 0.119048 0.785714
vt 0.142857 0.785714
vt 0.166667 0.785714
vt 0.190476 0.785714
vt 0.214286 0.785714
vt 0.238095 0.785714
vt 0.261905 0.785714
vt 0.285714 0.785714
vt 0.309524 0.785714
vt 0.333333 0.785714
vt 0.357143 0.785714
vt 0.380952 0.785714
vt 0.404762 0.785714
vt 0.428571 0.785714
vt 0.452381 0.785714
vt 0.476190 0.785714
vt 0.500000 0.785714
vt 0.523810 0.785714
vt 0.547619 0.785714
vt 0.571429 0.785714
vt 0.595238 0.785714
vt 0.619048 0.785714
vt 0.642857 0.785714
vt 0.666667 0.785714
vt 0.690476 0.785714
vt 0.714286 0.785714
vt 0.738095 0.785714
vt 0.761905 0.785714
vt 0.785714 0.785714
vt 0.809524 0.785714
vt 0.833333 0.785714
vt 0.857143 0.785714
vt 0.880952 0.785714
vt 0.904762 0.785714
vt 0.928571 0.785714
vt 0.952381 0.785714
vt 0.976190 0.785714
vt 1.000000 0.785714
vt 0.000000 0.857143
vt 0.023810 0.857143
vt 0.047619 0.857143
vt 0.071429 0.857143
vt 0.095238 0.857143
vt 0.119048 0.857143
vt 0.142857 0.857143
vt 0.166667 0.857143
vt 0.190476 0.857143
vt 0.214286 0.857143
vt 0.238095 0.857143
vt 0.261905 0.857143
vt 0.285714 0.857143
vt 0.309524 0.857143
vt 0.333333 0.857143
vt 0.357143 0.857143
vt 0.380952 0.857143
vt 0.404762 0.857143
vt 0.428571 0.857143
vt 0.452381 0.857143
vt 0.476190 0.857143
vt 0.500000 0.857143
vt 0.523810 0.857143
vt 0.547619 0.857143
vt 0.571429 0.857143
vt 0.595238 0.857143
vt 0.619048 0.857143
vt 0.642857 0.857143
vt 0.666667 0.857143
vt 0.690476 0.857143
vt 0.714286 0.857143
vt 0.738095 0.857143
vt 0.761905 0.857143
vt 0.785714 0.857143
vt 0.809524 0.857143
vt 0.833333 0.857143
vt 0.857143 0.857143
vt 0.880952 0.857143
vt 0.904762 0.857143
vt 0.928571 0.857143
vt 0.952381 0.857143
vt 0.976190 0.857143
vt 1.000000 0.857143
vt 0.000000 0.928571
vt 0.023810 0.928571
vt 0.047619 0.928571
vt 0.071429 0.928571
vt 0.095238 0.928571
vt 0.119048 0.928571
vt 0.142857 0.928571
vt 0.166667 0.928571
vt 0.190476 0.928571
vt 0.214286 0.928571
vt 0.238095 0.928571
vt 0.261905 0.928571
vt 0.285714 0.928571
vt 0.309524 0.928571
vt 0.333333 0.928571
vt 0.357143 0.928571
vt 0.380952 0.928571
vt 0.404762 0.928571
vt 0.428571 0.928571
vt 0.452381 0.928571
vt 0.476190 0.928571
vt 0.500000 0.928571
vt 0.523810 0.928571
vt 0.547619 0.928571
vt 0.571429 0.928571
vt 0.595238 0.928571
vt 0.619048 0.928571
vt 0.642857 0.928571
vt 0.666667 0.928571
vt 0.690476 0.928571
vt 0.714286 0.928571
vt 0.738095 0.928571
vt 0.761905 0.928571
vt 0.785714 0.928571
vt 0.809524 0.928571
vt 0.833333 0.928571
vt 0.857143 0.928571
vt 0.880952 0.928571
vt 0.904762 0.928571
vt 0.928571 0.928571
vt 0.952381 0.928571
vt 0.976190 0.928571
vt 1.000000 0.928571
vt 0.000000 1.000000
vt 0.023810 1.000000
vt 0.047619 1.000000
vt 0.071429 1.000000
vt 0.095238 1.000000
vt 0.119048 1.000000
vt 0.142857 1.000000
vt 0.166667 1.000000
vt 0.190476 1.000000
vt 0.214286 1.000000
vt 0.238095 1.000000
vt 0.261905 1.000000
vt 0.285714 1.000000
vt 0.309524 1.000000
vt 0.333333 1.000000
vt 0.357143 1.000000
vt 0.380952 1.000000
vt 0.404762 1.000000
vt 0.428571 1.000000
vt 0.452381 1.000000
vt 0.476190 1.000000
vt 0.500000 1.000000
vt 0.523810 1.000000
vt 0.547619 1.000000
vt 0.571429 1.000000
vt 0.595238 1.000000
vt 0.619048 1.000000
vt 0.642857 1.000000
vt 0.666667 1.000000
vt 0.690476 1.000000
vt 0.714286 1.000000
vt 0.738095 1.000000
vt 0.761905 1.000000
vt 0.785714 1.000000
vt 0.809524 1.000000
vt 0.833333 1.000000
vt 0.857143 1.000000
vt 0.880952 1.000000
vt 0.904762 1.000000
vt 0.928571 1.000000
vt 0.952381 1.000000
vt 0.976190 1.000000
vt 1.000000 1.000000
vt 0.000000 0.000000
vt 0.033333 0.000000
vt 0.066667 0.000000
vt 0.100000 0.000000
vt 0.133333 0.000000
vt 0.166667 0.000000
vt 0.200000 0.000000
vt 0.233333 0.000000
vt 0.266667 0.000000
vt 0.300000 0.000000
vt 0.333333 0.000000
vt 0.366667 0.000000
vt 0.400000 0.000000
vt 0.433333 0.000000
vt 0.466667 0.000000
vt 0.500000 0.000000
vt 0.533333 0.000000
vt 0.566667 0.000000
vt 0.600000 0.000000
vt 0.633333 0.000000
vt 0.666667 0.000000
vt 0.700000 0.000000
vt 0.733333 0.000000
vt 0.766667 0.000000
vt 0.800000 0.000000
vt 0.833333 0.000000
vt 0.866667 0.000000
vt 0.900000 0.000000
vt 0.933333 0.000000
vt 0.966667 0.000000
vt 1.000000 0.000000
vt 0.000000 0.071429
vt 0.033333 0.071429
vt 0.066667 0.071429
vt 0.100000 0.071429
vt 0.133333 0.071429
vt 0.166667 0.071429
vt 0.200000 0.071429
vt 0.233333 0.071429
vt 0.266667 0.071429
vt 0.300000 0.071429
vt 0.333333 0.071429
vt 0.366667 0.071429
vt 0.400000 0.071429
vt 0.433333 0.071429
vt 0.466667 0.071429
vt 0.500000 0.071429
vt 0.533333 0.071429
vt 0.566667 0.071429
vt 0.600000 0.071429
vt 0.633333 0.071429
vt 0.666667 0.071429
vt 0.700000 0.071429
vt 0.733333 0.071429
vt 0.766667 0.071429
vt 0.800000 0.071429
vt 0.833333 0.071429
vt 0.866667 0.071429
vt 0.900000 0.071429
vt 0.933333 0.071429
vt 0.966667 0.071429
vt 1.000000 0.071429
vt 0.000000 0.142857
vt 0.033333 0.142857
vt 0.066667 0.142857
vt 0.100000 0.142857
vt 0.133333 0.142857
vt 0.166667 0.142857
vt 0.200000 0.142857
vt 0.233333 0.142857
vt 0.266667 0.142857
vt 0.300000 0.142857
vt 0.333333 0.142857
vt 0.366667 0.142857
vt 0.400000 0.142857
vt 0.433333 0.142857
vt 0.466667 0.142857
vt 0.500000 0.142857
vt 0.533333 0.142857
vt 0.566667 0.142857
vt 0.600000 0.142857
vt 0.633333 0.142857
vt 0.666667 0.142857
vt 0.700000 0.142857
vt 0.733333 0.142857
vt 0.766667 0.142857
vt 0.800000 0.142857
vt 0.833333 0.142857
vt 0.866667 0.142857
vt 0.900000 0.142857
vt 0.933333 0.142857
vt 0.966667 0.142857
vt 1.000000 0.142857
vt 0.000000 0.214286
vt 0.033333 0.214286
vt 0.066667 0.214286
vt 0.100000 0.214286
vt 0.133333 0.214286
vt 0.166667 0.214286
vt 0.200000 0.214286
vt 0.233333 0.214286
vt 0.266667 0.214286
vt 0.300000 0.214286
vt 0.333333 0.214286
vt 0.366667 0.214286
vt 0.400000 0.214286
vt 0.433333 0.214286
vt 0.466667 0.214286
vt 0.500000 0.214286
vt 0.533333 0.214286
vt 0.566667 0.214286
vt 0.600000 0.214286
vt 0.633333 0.214286
vt 0.666667 0.214286
vt 0.700000 0.214286
vt 0.733333 0.214286
vt 0.766667 0.214286
vt 0.800000 0.214286
vt 0.833333 0.214286
vt 0.866667 0.214286
vt 0.900000 0.214286
vt 0.933333 0.214286
vt 0.966667 0.214286
vt 1.000000 0.214286
vt 0.000000 0.285714
vt 0.033333 0.285714
vt 0.066667 0.285714
vt 0.100000 0.285714
vt 0.133333 0.285714
vt 0.166667 0.285714
vt 0.200000 0.285714
vt 0.233333 0.285714
vt 0.266667 0.285714
vt 0.300000 0.285714
vt 0.333333 0.285714
vt 0.366667 0.285714
vt 0.400000 0.285714
vt 0.433333 0.285714
vt 0.466667 0.285714
vt 0.500000 0.285714
vt 0.533333 0.285714
vt 0.566667 0.285714
vt 0.600000 0.285714
vt 0.633333 0.285714
vt 0.666667 0.285714
vt 0.700000 0.285714
vt 0.733333 0.285714
vt 0.766667 0.285714
vt 0.800000 0.285714
vt 0.833333 0.285714
vt 0.866667 0.285714
vt 0.900000 0.285714
vt 0.933333 0.285714
vt 0.966667 0.285714
vt 1.000000 0.285714
vt 0.000000 0.357143
vt 0.033333 0.357143
vt 0.066667 0.357143
vt 0.100000 0.357143
vt 0.133333 0.357143
vt 0.166667 0.357143
vt 0.200000 0.357143
vt 0.233333 0.357143
vt 0.266667 0.357143
vt 0.300000 0.357143
vt 0.333333 0.357143
vt 0.366667 0.357143
vt 0.400000 0.357143
vt 0.433333 0.357143
vt 0.466667 0.357143
vt 0.500000 0.357143
vt 0.533333 0.357143
vt 0.566667 0.357143
vt 0.600000 0.357143
vt 0.633333 0.357143
vt 0.666667 0.357143
vt 0.700000 0.357143
vt 0.733333 0.357143
vt 0.766667 0.357143
vt 0.800000 0.357143
vt 0.833333 0.357143
vt 0.866667 0.357143
vt 0.900000 0.357143
vt 0.933333 0.357143
vt 0.966667 0.357143
vt 1.000000 0.357143
vt 0.000000 0.428571
vt 0.033333 0.428571
vt 0.066667 0.428571
vt 0.100000 0.428571
vt 0.133333 0.428571
vt 0.166667 0.428571
vt 0.200000 0.428571
vt 0.233333 0.428571
vt 0.266667 0.428571
vt 0.300000 0.428571
vt 0.333333 0.428571
vt 0.366667 0.428571
vt 0.400000 0.428571
vt 0.433333 0.428571
vt 0.466667 0.428571
vt 0.500000 0.428571
vt 0.533333 0.428571
vt 0.566667 0.428571
vt 0.600000 0.428571
vt 0.633333 0.428571
vt 0.666667 0.428571
vt 0.700000 0.428571
vt 0.733333 0.428571
vt 0.766667 0.428571
vt 0.800000 0.428571
vt 0.833333 0.428571
vt 0.866667 0.428571
vt 0.900000 0.428571
vt 0.933333 0.428571
vt 0.966667 0.428571
vt 1.000000 0.428571
vt 0.000000 0.500000
vt 0.033333 0.500000
vt 0.066667 0.500000
vt 0.100000 0.500000
vt 0.133333 0.500000
vt 0.166667 0.500000
vt 0.200000 0.500000
vt 0.233333 0.500000
vt 0.266667 0.500000
vt 0.300000 0.500000
vt 0.333333 0.500000
vt 0.366667 0.500000
vt 0.400000 0.500000
vt 0.433333 0.500000
vt 0.466667 0.500000
vt 0.500000 0.500000
vt 0.533333 0.500000
vt 0.566667 0.500000
vt 0.600000 0.500000
vt 0.633333 0.500000
vt 0.666667 0.500000
vt 0.700000 0.500000
vt 0.733333 0.500000
vt 0.766667 0.500000
vt 0.800000 0.500000
vt 0.833333 0.500000
vt 0.866667 0.500000
vt 0.900000 0.500000
vt 0.933333 0.500000
vt 0.966667 0.500000
vt 1.000000 0.500000
vt 0.000000 0.571429
vt 0.033333 0.571429
vt 0.066667 0.571429
vt 0.100000 0.571429
vt 0.133333 0.571429
vt 0.166667 0.571429
vt 0.200000 0.571429
vt 0.233333 0.571429
vt 0.266667 0.571429
vt 0.300000 0.571429
vt 0.333333 0.571429
vt 0.366667 0.571429
vt 0.400000 0.571429
vt 0.433333 0.571429
vt 0.466667 0.571429
vt 0.500000 0.571429
vt 0.533333 0.571429
vt 0.566667 0.571429
vt 0.600000 0.571429
vt 0.633333 0.571429
vt 0.666667 0.571429
vt 0.700000 0.571429
vt 0.733333 0.571429
vt 0.766667 0.571429
vt 0.800000 0.571429
vt 0.833333 0.571429
vt 0.866667 0.571429
vt 0.900000 0.571429
vt 0.933333 0.571429
vt 0.966667 0.571429
vt 1.000000 0.571429
vt 0.000000 0.642857
vt 0.033333 0.642857
vt 0.066667 0.642857
vt 0.100000 0.642857
vt 0.133333 0.642857
vt 0.166667 0.642857
vt 0.200000 0.642857
vt 0.233333 0.642857
vt 0.266667 0.642857
vt 0.300000 0.642857
vt 0.333333 0.642857
vt 0.366667 0.642857
vt 0.400000 0.642857
vt 0.433333 0.642857
vt 0.466667 0.642857
vt 0.500000 0.642857
vt 0.533333 0.642857
vt 0.566667 0.642857
vt 0.600000 0.642857
vt 0.633333 0.642857
vt 0.666667 0.642857
vt 0.700000 0.642857
vt 0.733333 0.642857
vt 0.766667 0.642857
vt 0.800000 0.642857
vt 0.833333 0.642857
vt 0.866667 0.642857
vt 0.900000 0.642857
vt 0.933333 0.642857
vt 0.966667 0.642857
vt 1.000000 0.642857
vt 0.000000 0.714286
vt 0.033333 0.714286
vt 0.066667 0.714286
vt 0.100000 0.714286
vt 0.133333 0.714286
vt 0.166667 0.714286
vt 0.200000 0.714286
vt 0.233333 0.714286
vt 0.266667 0.714286
vt 0.300000 0.714286
vt 0.333333 0.714286
vt 0.366667 0.714286
vt 0.400000 0.714286
vt 0.433333 0.714286
vt 0.466667 0.714286
vt 0.500000 0.714286
vt 0.533333 0.714286
vt 0.566667 0.714286
vt 0.600000 0.714286
vt 0.633333 0.714286
vt 0.666667 0.714286
vt 0.700000 0.714286
vt 0.733333 0.714286
vt 0.766667 0.714286
vt 0.800000 0.714286
vt 0.833333 0.714286
vt 0.866667 0.714286
vt 0.900000 0.714286
vt 0.933333 0.714286
vt 0.966667 0.714286
vt 1.000000 0.714286
vt 0.000000 0.785714
vt 0.033333 0.785714
vt 0.066667 0.785714
vt 0.100000 0.785714
vt 0.133333 0.785714
vt 0.166667 0.785714
vt 0.200000 0.785714
vt 0.233333 0.785714
vt 0.266667 0.785714
vt 0.300000 0.785714
vt 0.333333 0.785714
vt 0.366667 0.785714
vt 0.400000 0.785714
vt 0.433333 0.785714
vt 0.466667 0.785714
vt 0.500000 0.785714
vt 0.533333 0.785714
vt 0.566667 0.785714
vt 0.600000 0.785714
vt 0.633333 0.785714
vt 0.666667 0.785714
vt 0.700000 0.785714
vt 0.733333 0.785714
vt 0.766667 0.785714
vt 0.800000 0.785714
vt 0.833333 0.785714
vt 0.866667 0.785714
vt 0.900000 0.785714
vt 0.933333 0.785714
vt 0.966667 0.785714
vt 1.000000 0.785714
vt 0.000000 0.857143
vt 0.033333 0.857143
vt 0.066667 0.857143
vt 0.100000 0.857143
vt 0.133333 0.857143
vt 0.166667 0.857143
vt 0.200000 0.857143
vt 0.233333 0.857143
vt 0.266667 0.857143
vt 0.300000 0.857143
vt 0.333333 0.857143
vt 0.366667 0.857143
vt 0.400000 0.857143
vt 0.433333 0.857143
vt 0.466667 0.857143
vt 0.500000 0.857143
vt 0.533333 0.857143
vt 0.566667 0.857143
vt 0.600000 0.857143
vt 0.633333 0.857143
vt 0.666667 0.857143
vt 0.700000 0.857143
vt 0.733333 0.857143
vt 0.766667 0.857143
vt 0.800000 0.857143
vt 0.833333 0.857143
vt 0.866667 0.857143
vt 0.900000 0.857143
vt 0.933333 0.857143
vt 0.966667 0.857143
vt 1.000000 0.857143
vt 0.000000 0.928571
vt 0.033333 0.928571
vt 0.066667 0.928571
vt 0.100000 0.928571
vt 0.133333 0.928571
vt 0.166667 0.928571
vt 0.200000 0.928571
vt 0.233333 0.928571
vt 0.266667 0.928571
vt 0.300000 0.928571
vt 0.333333 0.928571
vt 0.366667 0.928571
vt 0.400000 0.928571
vt 0.433333 0.928571
vt 0.466667 0.928571
vt 0.500000 0.928571
vt 0.533333 0.928571
vt 0.566667 0.928571
vt 0.600000 0.928571
vt 0.633333 0.928571
vt 0.666667 0.928571
vt 0.700000 0.928571
vt 0.733333 0.928571
vt 0.766667 0.928571
vt 0.800000 0.928571
vt 0.833333 0.928571
vt 0.866667 0.928571
vt 0.900000 0.928571
vt 0.933333 0.928571
vt 0.966667 0.928571
vt 1.000000 0.928571
vt 0.000000 1.000000
vt 0.033333 1.000000
vt 0.066667 1.000000
vt 0.100000 1.000000
vt 0.133333 1.000000
vt 0.166667 1.000000
vt 0.200000 1.000000
vt 0.233333 1.000000
vt 0.266667 1.000000
vt 0.300000 1.000000
vt 0.333333 1.000000
vt 0.366667 1.000000
vt 0.400000 1.000000
vt 0.433333 1.000000
vt 0.466667 1.000000
vt 0.500000 1.000000
vt 0.533333 1.000000
vt 0.566667 1.000000
vt 0.600000 1.000000
vt 0.633333 1.000000
vt 0.666667 1.000000
vt 0.700000 1.000000
vt 0.733333 1.000000
vt 0.766667 1.000000
vt 0.800000 1.000000
vt 0.833333 1.000000
vt 0.866667 1.000000
vt 0.900000 1.000000
vt 0.933333 1.000000
vt 0.966667 1.000000
vt 1.000000 1.000000
vt 0.000000 0.000000
vt 0.023810 0.000000
vt 0.047619 0.000000
vt 0.071429 0.000000
vt 0.095238 0.000000
vt 0.119048 0.000000
vt 0.142857 0.000000
vt 0.166667 0.000000
vt 0.190476 0.000000
vt 0.214286 0.000000
vt 0.238095 0.000000
vt 0.261905 0.000000
vt 0.285714 0.000000
vt 0.309524 0.000000
vt 0.333333 0.000000
vt 0.357143 0.000000
vt 0.380952 0.000000
vt 0.404762 0.000000
vt 0.428571 0.000000
vt 0.452381 0.000000
vt 0.476190 0.000000
vt 0.500000 0.000000
vt 0.523810 0.000000
vt 0.547619 0.000000
vt 0.571429 0.000000
vt 0.595238 0.000000
vt 0.619048 0.000000
vt 0.642857 0.000000
vt 0.666667 0.000000
vt 0.690476 0.000000
vt 0.714286 0.000000
vt 0.738095 0.000000
vt 0.761905 0.000000
vt 0.785714 0.000000
vt 0.809524 0.000000
vt 0.833333 0.000000
vt 0.857143 0.000000
vt 0.880952 0.000000
vt 0.904762 0.000000
vt 0.928571 0.000000
vt 0.952381 0.000000
vt 0.976190 0.000000
vt 1.000000 0.000000
vt 0.000000 0.071429
vt 0.023810 0.071429
vt 0.047619 0.071429
vt 0.071429 0.071429
vt 0.095238 0.071429
vt 0.119048 0.071429
vt 0.142857 0.071429
vt 0.166667 0.071429
vt 0.190476 0.071429
vt 0.214286 0.071429
vt 0.238095 0.071429
vt 0.261905 0.071429
vt 0.285714 0.071429
vt 0.309524 0.071429
vt 0.333333 0.071429
vt 0.357143 0.071429
vt 0.380952 0.071429
vt 0.404762 0.071429
vt 0.428571 0.071429
vt 0.452381 0.071429
vt 0.476190 0.071429
vt 0.500000 0.071429
vt 0.523810 0.071429
vt 0.547619 0.071429
vt 0.571429 0.071429
vt 0.595238 0.071429
vt 0.619048 0.071429
vt 0.642857 0.071429
vt 0.666667 0.071429
vt 0.690476 0.071429
vt 0.714286 0.071429
vt 0.738095 0.071429
vt 0.761905 0.071429
vt 0.785714 0.071429
vt 0.809524 0.071429
vt 0.833333 0.071429
vt 0.857143 0.071429
vt 0.880952 0.071429
vt 0.904762 0.071429
vt 0.928571 0.071429
vt 0.952381 0.071429
vt 0.976190 0.071429
vt 1.000000 0.071429
vt 0.000000 0.142857
vt 0.023810 0.142857
vt 0.047619 0.142857
vt 0.071429 0.142857
vt 0.095238 0.142857
vt 0.119048 0.142857
vt 0.142857 0.142857
vt 0.166667 0.142857
vt 0.190476 0.142857
vt 0.214286 0.142857
vt 0.238095 0.142857
vt 0.261905 0.142857
vt 0.285714 0.142857
vt 0.309524 0.142857
vt 0.333333 0.142857
vt 0.357143 0.142857
vt 0.380952 0.142857
vt 0.404762 0.142857
vt 0.428571 0.142857
vt 0.452381 0.142857
vt 0.476190 0.142857
vt 0.500000 0.142857
vt 0.523810 0.142857
vt 0.547619 0.142857
vt 0.571429 0.142857
vt 0.595238 0.142857
vt 0.619048 0.142857
vt 0.642857 0.142857
vt 0.666667 0.142857
vt 0.690476 0.142857
vt 0.714286 0.142857
vt 0.738095 0.142857
vt 0.761905 0.142857
vt 0.785714 0.142857
vt 0.809524 0.142857
vt 0.833333 0.142857
vt 0.857143 0.142857
vt 0.880952 0.142857
vt 0.904762 0.142857
vt 0.928571 0.142857
vt 0.952381 0.142857
vt 0.976190 0.142857
vt 1.000000 0.142857
vt 0.000000 0.214286
vt 0.023810 0.214286
vt 0.047619 0.214286
vt 0.071429 0.214286
vt 0.095238 0.214286
vt 0.119048 0.214286
vt 0.142857 0.214286
vt 0.166667 0.214286
vt 0.190476 0.214286
vt 0.214286 0.214286
vt 0.238095 0.214286
vt 0.261905 0.214286
vt 0.285714 0.214286
vt 0.309524 0.214286
vt 0.333333 0.214286
vt 0.357143 0.214286
vt 0.380952 0.214286
vt 0.404762 0.214286
vt 0.428571 0.214286
vt 0.452381 0.214286
vt 0.476190 0.214286
vt 0.500000 0.214286
vt 0.523810 0.214286
vt 0.547619 0.214286
vt 0.571429 0.214286
vt 0.595238 0.214286
vt 0.619048 0.214286
vt 0.642857 0.214286
vt 0.666667 0.214286
vt 0.690476 0.214286
vt 0.714286 0.214286
vt 0.738095 0.214286
vt 0.761905 0.214286
vt 0.785714 0.214286
vt 0.809524 0.214286
vt 0.833333 0.214286
vt 0.857143 0.214286
vt 0.880952 0.214286
vt 0.904762 0.214286
vt 0.928571 0.214286
vt 0.952381 0.214286
vt 0.976190 0.214286
vt 1.000000 0.214286
vt 0.000000 0.285714
vt 0.023810 0.285714
vt 0.047619 0.285714
vt 0.071429 0.285714
vt 0.095238 0.285714
vt 0.119048 0.285714
vt 0.142857 0.285714
vt 0.166667 0.285714
vt 0.190476 0.285714
vt 0.214286 0.285714
vt 0.238095 0.285714
vt 0.261905 0.285714
vt 0.285714 0.285714
vt 0.309524 0.285714
vt 0.333333 0.285714
vt 0.357143 0.285714
vt 0.380952 0.285714
vt 0.404762 0.285714
vt 0.428571 0.285714
vt 0.452381 0.285714
vt 0.476190 0.285714
vt 0.500000 0.285714
vt 0.523810 0.285714
vt 0.547619 0.285714
vt 0.571429 0.285714
vt 0.595238 0.285714
vt 0.619048 0.285714
vt 0.642857 0.285714
vt 0.666667 0.285714
vt 0.690476 0.285714
vt 0.714286 0.285714
vt 0.738095 0.285714
vt 0.761905 0.285714
vt 0.785714 0.285714
vt 0.809524 0.285714
vt 0.833333 0.285714
vt 0.857143 0.285714
vt 0.880952 0.285714
vt 0.904762 0.285714
vt 0.928571 0.285714
vt 0.952381 0.285714
vt 0.976190 0.285714
vt 1.000000 0.285714
vt 0.000000 0.357143
vt 0.023810 0.357143
vt 0.047619 0.357143
vt 0.071429 0.357143
vt 0.095238 0.357143
vt 0.119048 0.357143
vt 0.142857 0.357143
vt 0.166667 0.357143
vt 0.190476 0.357143
vt 0.214286 0.357143
vt 0.238095 0.357143
vt 0.261905 0.357143
vt 0.285714 0.357143
vt 0.309524 0.357143
vt 0.333333 0.357143
vt 0.357143 0.357143
vt 0.380952 0.357143
vt 0.404762 0.357143
vt 0.428571 0.357143
vt 0.452381 0.357143
vt 0.476190 0.357143
vt 0.500000 0.357143
vt 0.523810 0.357143
vt 0.547619 0.357143
vt 0.571429 0.357143
vt 0.595238 0.357143
vt 0.619048 0.357143
vt 0.642857 0.357143
vt 0.666667 0.357143
vt 0.690476 0.357143
vt 0.714286 0.357143
vt 0.738095 0.357143
vt 0.761905 0.357143
vt 0.785714 0.357143
vt 0.809524 0.357143
vt 0.833333 0.357143
vt 0.857143 0.357143
vt 0.880952 0.357143
vt 0.904762 0.357143
vt 0.928571 0.357143
vt 0.952381 0.357143
vt 0.976190 0.357143
vt 1.000000 0.357143
vt 0.000000 0.428571
vt 0.023810 0.428571
vt 0.047619 0.428571
vt 0.071429 0.428571
vt 0.095238 0.428571
vt 0.119048 0.428571
vt 0.142857 0.428571
vt 0.166667 0.428571
vt 0.190476 0.428571
vt 0.214286 0.428571
vt 0.238095 0.428571
vt 0.261905 0.428571
vt 0.285714 0.428571
vt 0.309524 0.428571
vt 0.333333 0.428571
vt 0.357143 0.428571
vt 0.380952 0.428571
vt 0.404762 0.428571
vt 0.428571 0.428571
vt 0.452381 0.428571
vt 0.476190 0.428571
vt 0.500000 0.428571
vt 0.523810 0.428571
vt 0.547619 0.428571
vt 0.571429 0.428571
vt 0.595238 0.428571
vt 0.619048 0.428571
vt 0.642857 0.428571
vt 0.666667 0.428571
vt 0.690476 0.428571
vt 0.714286 0.428571
vt 0.738095 0.428571
vt 0.761905 0.428571
vt 0.785714 0.428571
vt 0.809524 0.428571
vt 0.833333 0.428571
vt 0.857143 0.428571
vt 0.880952 0.428571
vt 0.904762 0.428571
vt 0.928571 0.428571
vt 0.952381 0.428571
vt 0.976190 0.428571
vt 1.000000 0.428571
vt 0.000000 0.500000
vt 0.023810 0.500000
vt 0.047619 0.500000
vt 0.071429 0.500000
vt 0.095238 0.500000
vt 0.119048 0.500000
vt 0.142857 0.500000
vt 0.166667 0.500000
vt 0.190476 0.500000
vt 0.214286 0.500000
vt 0.238095 0.500000
vt 0.261905 0.500000
vt 0.285714 0.500000
vt 0.309524 0.500000
vt 0.333333 0.500000
vt 0.357143 0.500000
vt 0.380952 0.500000
vt 0.404762 0.500000
vt 0.428571 0.500000
vt 0.452381 0.500000
vt 0.476190 0.500000
vt 0.500000 0.500000
vt 0.523810 0.500000
vt 0.547619 0.500000
vt 0.571429 0.500000
vt 0.595238 0.500000
vt 0.619048 0.500000
vt 0.642857 0.500000
vt 0.666667 0.500000
vt 0.690476 0.500000
vt 0.714286 0.500000
vt 0.738095 0.500000
vt 0.761905 0.500000
vt 0.785714 0.500000
vt 0.809524 0.500000
vt 0.833333 0.500000
vt 0.857143 0.500000
vt 0.880952 0.500000
vt 0.904762 0.500000
vt 0.928571 0.500000
vt 0.952381 0.500000
vt 0.976190 0.500000
vt 1.000000 0.500000
vt 0.000000 0.571429
vt 0.023810 0.571429
vt 0.047619 0.571429
vt 0.071429 0.571429
vt 0.095238 0.571429
vt 0.119048 0.571429
vt 0.142857 0.571429
vt 0.166667 0.571429
vt 0.190476 0.571429
vt 0.214286 0.571429
vt 0.238095 0.571429
vt 0.261905 0.571429
vt 0.285714 0.571429
vt 0.309524 0.571429
vt 0.333333 0.571429
vt 0.357143 0.571429
vt 0.380952 0.571429
vt 0.404762 0.571429
vt 0.428571 0.571429
vt 0.452381 0.571429
vt 0.476190 0.571429
vt 0.500000 0.571429
vt 0.523810 0.571429
vt 0.547619 0.571429
vt 0.571429 0.571429
vt 0.595238 0.571429
vt 0.619048 0.571429
vt 0.642857 0.571429
vt 0.666667 0.571429
vt 0.690476 0.571429
vt 0.714286 0.571429
vt 0.738095 0.571429
vt 0.761905 0.571429
vt 0.785714 0.571429
vt 0.809524 0.571429
vt 0.833333 0.571429
vt 0.857143 0.571429
vt 0.880952 0.571429
vt 0.904762 0.571429
vt 0.928571 0.571429
vt 0.952381 0.571429
vt 0.976190 0.571429
vt 1.000000 0.571429
vt 0.000000 0.642857
vt 0.023810 0.642857
vt 0.047619 0.642857
vt 0.071429 0.642857
vt 0.095238 0.642857
vt 0.119048 0.642857
vt 0.142857 0.642857
vt 0.166667 0.642857
vt 0.190476 0.642857
vt 0.214286 0.642857
vt 0.238095 0.642857
vt 0.261905 0.642857
vt 0.285714 0.642857
vt 0.309524 0.642857
vt 0.333333 0.642857
vt 0.357143 0.642857
vt 0.380952 0.642857
vt 0.404762 0.642857
vt 0.428571 0.642857
vt 0.452381 0.642857
vt 0.476190 0.642857
vt 0.500000 0.642857
vt 0.523810 0.642857
vt 0.547619 0.642857
vt 0.571429 0.642857
vt 0.595238 0.642857
vt 0.619048 0.642857
vt 0.642857 0.642857
vt 0.666667 0.642857
vt 0.690476 0.642857
vt 0.714286 0.642857
vt 0.738095 0.642857
vt 0.761905 0.642857
vt 0.785714 0.642857
vt 0.809524 0.642857
vt 0.833333 0.642857
vt 0.857143 0.642857
vt 0.880952 0.642857
vt 0.904762 0.642857
vt 0.928571 0.642857
vt 0.952381 0.642857
vt 0.976190 0.642857
vt 1.000000 0.642857
vt 0.000000 0.714286
vt 0.023810 0.714286
vt 0.047619 0.714286
vt 0.071429 0.714286
vt 0.095238 0.714286
vt 0.119048 0.714286
vt 0.142857 0.714286
vt 0.166667 0.714286
vt 0.190476 0.714286
vt 0.214286 0.714286
vt 0.238095 0.714286
vt 0.261905 0.714286
vt 0.285714 0.714286
vt 0.309524 0.714286
vt 0.333333 0.714286
vt 0.357143 0.714286
vt 0.380952 0.714286
vt 0.404762 0.714286
vt 0.428571 0.714286
vt 0.452381 0.714286
vt 0.476190 0.714286
vt 0.500000 0.714286
vt 0.523810 0.714286
vt 0.547619 0.714286
vt 0.571429 0.714286
vt 0.595238 0.714286
vt 0.619048 0.714286
vt 0.642857 0.714286
vt 0.666667 0.714286
vt 0.690476 0.714286
vt 0.714286 0.714286
vt 0.738095 0.714286
vt 0.761905 0.714286
vt 0.785714 0.714286
vt 0.809524 0.714286
vt 0.833333 0.714286
vt 0.857143 0.714286
vt 0.880952 0.714286
vt 0.904762 0.714286
vt 0.928571 0.714286
vt 0.952381 0.714286
vt 0.976190 0.714286
vt 1.000000 0.714286
vt 0.000000 0.785714
vt 0.023810 0.785714
vt 0.047619 0.785714
vt 0.071429 0.785714
vt 0.095238 0.785714
vt 0.119048 0.785714
vt 0.142857 0.785714
vt 0.166667 0.785714
vt 0.190476 0.785714
vt 0.214286 0.785714
vt 0.238095 0.785714
vt 0.261905 0.785714
vt 0.285714 0.785714
vt 0.309524 0.785714
vt 0.333333 0.785714
vt 0.357143 0.785714
vt 0.380952 0.785714
vt 0.404762 0.785714
vt 0.428571 0.785714
vt 0.452381 0.785714
vt 0.476190 0.785714
vt 0.500000 0.785714
vt 0.523810 0.785714
vt 0.547619 0.785714
vt 0.571429 0.785714
vt 0.595238 0.785714
vt 0.619048 0.785714
vt 0.642857 0.785714
vt 0.666667 0.785714
vt 0.690476 0.785714
vt 0.714286 0.785714
vt 0.738095 0.785714
vt 0.761905 0.785714
vt 0.785714 0.785714
vt 0.809524 0.785714
vt 0.833333 0.785714
vt 0.857143 0.785714
vt 0.880952 0.785714
vt 0.904762 0.785714
vt 0.928571 0.785714
vt 0.952381 0.785714
vt 0.976190 0.785714
vt 1.000000 0.785714
vt 0.000000 0.857143
vt 0.023810 0.857143
vt 0.047619 0.857143
vt 0.071429 0.857143
vt 0.095238 0.857143
vt 0.119048 0.857143
vt 0.142857 0.857143
vt 0.166667 0.857143
vt 0.190476 0.857143
vt 0.214286 0.857143
vt 0.238095 0.857143
vt 0.261905 0.857143
vt 0.285714 0.857143
vt 0.309524 0.857143
vt 0.333333 0.857143
vt 0.357143 0.857143
vt 0.380952 0.857143
vt 0.404762 0.857143
vt 0.428571 0.857143
vt 0.452381 0.857143
vt 0.476190 0.857143
vt 0.500000 0.857143
vt 0.523810 0.857143
vt 0.547619 0.857143
vt 0.571429 0.857143
vt 0.595238 0.857143
vt 0.619048 0.857143
vt 0.642857 0.857143
vt 0.666667 0.857143
vt 0.690476 0.857143
vt 0.714286 0.857143
vt 0.738095 0.857143
vt 0.761905 0.857143
vt 0.785714 0.857143
vt 0.809524 0.857143
vt 0.833333 0.857143
vt 0.857143 0.857143
vt 0.880952 0.857143
vt 0.904762 0.857143
vt 0.928571 0.857143
vt 0.952381 0.857143
vt 0.976190 0.857143
vt 1.000000 0.857143
vt 0.000000 0.928571
vt 0.023810 0.928571
vt 0.047619 0.928571
vt 0.071429 0.928571
vt 0.095238 0.928571
vt 0.119048 0.928571
vt 0.142857 0.928571
vt 0.166667 0.928571
vt 0.190476 0.928571
vt 0.214286 0.928571
vt 0.238095 0.928571
vt 0.261905 0.928571
vt 0.285714 0.928571
vt 0.309524 0.928571
vt 0.333333 0.928571
vt 0.357143 0.928571
vt 0.380952 0.928571
vt 0.404762 0.928571
vt 0.428571 0.928571
vt 0.452381 0.928571
vt 0.476190 0.928571
vt 0.500000 0.928571
vt 0.523810 0.928571
vt 0.547619 0.928571
vt 0.571429 0.928571
vt 0.595238 0.928571
vt 0.619048 0.928571
vt 0.642857 0.928571
vt 0.666667 0.928571
vt 0.690476 0.928571
vt 0.714286 0.928571
vt 0.738095 0.928571
vt 0.761905 0.928571
vt 0.785714 0.928571
vt 0.809524 0.928571
vt 0.833333 0.928571
vt 0.857143 0.928571
vt 0.880952 0.928571
vt 0.904762 0.928571
vt 0.928571 0.928571
vt 0.952381 0.928571
vt 0.976190 0.928571
vt 1.000000 0.928571
vt 0.000000 1.000000
vt 0.023810 1.000000
vt 0.047619 1.000000
vt 0.071429 1.000000
vt 0.095238 1.000000
vt 0.119048 1.000000
vt 0.142857 1.000000
vt 0.166667 1.000000
vt 0.190476 1.000000
vt 0.214286 1.000000
vt 0.238095 1.000000
vt 0.261905 1.000000
vt 0.285714 1.000000
vt 0.309524 1.000000
vt 0.333333 1.000000
vt 0.357143 1.000000
vt 0.380952 1.000000
vt 0.404762 1.000000
vt 0.428571 1.000000
vt 0.452381 1.000000
vt 0.476190 1.000000
vt 0.500000 1.000000
vt 0.523810 1.000000
vt 0.547619 1.000000
vt 0.571429 1.000000
vt 0.595238 1.000000
vt 0.619048 1.000000
vt 0.642857 1.000000
vt 0.666667 1.000000
vt 0.690476 1.000000
vt 0.714286 1.000000
vt 0.738095 1.000000
vt 0.761905 1.000000
vt 0.785714 1.000000
vt 0.809524 1.000000
vt 0.833333 1.000000
vt 0.857143 1.000000
vt 0.880952 1.000000
vt 0.904762 1.000000
vt 0.928571 1.000000
vt 0.952381 1.000000
vt 0.976190 1.000000
vt 1.000000 1.000000
vt 0.000000 0.000000
vt 0.033333 0.000000
vt 0.066667 0.000000
vt 0.100000 0.000000
vt 0.133333 0.000000
vt 0.166667 0.000000
vt 0.200000 0.000000
vt 0.233333 0.000000
vt 0.266667 0.000000
vt 0.300000 0.000000
vt 0.333333 0.000000
vt 0.366667 0.000000
vt 0.400000 0.000000
vt 0.433333 0.000000
vt 0.466667 0.000000
vt 0.500000 0.000000
vt 0.533333 0.000000
vt 0.566667 0.000000
vt 0.600000 0.000000
vt 0.633333 0.000000
vt 0.666667 0.000000
vt 0.700000 0.000000
vt 0.733333 0.000000
vt 0.766667 0.000000
vt 0.800000 0.000000
vt 0.833333 0.000000
vt 0.866667 0.000000
vt 0.900000 0.000000
vt 0.933333 0.000000
vt 0.966667 0.000000
vt 1.000000 0.000000
vt 0.000000 0.071429
vt 0.033333 0.071429
vt 0.066667 0.071429
vt 0.100000 0.071429
vt 0.133333 0.071429
vt 0.166667 0.071429
vt 0.200000 0.071429
vt 0.233333 0.071429
vt 0.266667 0.071429
vt 0.300000 0.071429
vt 0.333333 0.071429
vt 0.366667 0.071429
vt 0.400000 0.071429
vt 0.433333 0.071429
vt 0.466667 0.071429
vt 0.500000 0.071429
vt 0.533333 0.071429
vt 0.566667 0.071429
vt 0.600000 0.071429
vt 0.633333 0.071429
vt 0.666667 0.071429
vt 0.700000 0.071429
vt 0.733333 0.071429
vt 0.766667 0.071429
vt 0.800000 0.071429
vt 0.833333 0.071429
vt 0.866667 0.071429
vt 0.900000 0.071429
vt 0.933333 0.071429
vt 0.966667 0.071429
vt 1.000000 0.071429
vt 0.000000 0.142857
vt 0.033333 0.142857
vt 0.066667 0.142857
vt 0.100000 0.142857
vt 0.133333 0.142857
vt 0.166667 0.142857
vt 0.200000 0.142857
vt 0.233333 0.142857
vt 0.266667 0.142857
vt 0.300000 0.142857
vt 0.333333 0.142857
vt 0.366667 0.142857
vt 0.400000 0.142857
vt 0.433333 0.142857
vt 0.466667 0.142857
vt 0.500000 0.142857
vt 0.533333 0.142857
vt 0.566667 0.142857
vt 0.600000 0.142857
vt 0.633333 0.142857
vt 0.666667 0.142857
vt 0.700000 0.142857
vt 0.733333 0.142857
vt 0.766667 0.142857
vt 0.800000 0.142857
vt 0.833333 0.142857
vt 0.866667 0.142857
vt 0.900000 0.142857
vt 0.933333 0.142857
vt 0.966667 0.142857
vt 1.000000 0.142857
vt 0.000000 0.214286
vt 0.033333 0.214286
vt 0.066667 0.214286
vt 0.100000 0.214286
vt 0.133333 0.214286
vt 0.166667 0.214286
vt 0.200000 0.214286
vt 0.233333 0.214286
vt 0.266667 0.214286
vt 0.300000 0.214286
vt 0.333333 0.214286
vt 0.366667 0.214286
vt 0.400000 0.214286
vt 0.433333 0.214286
vt 0.466667 0.214286
vt 0.500000 0.214286
vt 0.533333 0.214286
vt 0.566667 0.214286
vt 0.600000 0.214286
vt 0.633333 0.214286
vt 0.666667 0.214286
vt 0.700000 0.214286
vt 0.733333 0.214286
vt 0.766667 0.214286
vt 0.800000 0.214286
vt 0.833333 0.214286
vt 0.866667 0.214286
vt 0.900000 0.214286
vt 0.933333 0.214286
vt 0.966667 0.214286
vt 1.000000 0.214286
vt 0.000000 0.285714
vt 0.033333 0.285714
vt 0.066667 0.285714
vt 0.100000 0.285714
vt 0.133333 0.285714
vt 0.166667 0.285714
vt 0.200000 0.285714
vt 0.233333 0.285714
vt 0.266667 0.285714
vt 0.300000 0.285714
vt 0.333333 0.285714
vt 0.366667 0.285714
vt 0.400000 0.285714
vt 0.433333 0.285714
vt 0.466667 0.285714
vt 0.500000 0.285714
vt 0.533333 0.285714
vt 0.566667 0.285714
vt 0.600000 0.285714
vt 0.633333 0.285714
vt 0.666667 0.285714
vt 0.700000 0.285714
vt 0.733333 0.285714
vt 0.766667 0.285714
vt 0.800000 0.285714
vt 0.833333 0.285714
vt 0.866667 0.285714
vt 0.900000 0.285714
vt 0.933333 0.285714
vt 0.966667 0.285714
vt 1.000000 0.285714
vt 0.000000 0.357143
vt 0.033333 0.357143
vt 0.066667 0.357143
vt 0.100000 0.357143
vt 0.133333 0.357143
vt 0.166667 0.357143
vt 0.200000 0.357143
vt 0.233333 0.357143
vt 0.266667 0.357143
vt 0.300000 0.357143
vt 0.333333 0.357143
vt 0.366667 0.357143
vt 0.400000 0.357143
vt 0.433333 0.357143
vt 0.466667 0.357143
vt 0.500000 0.357143
vt 0.533333 0.357143
vt 0.566667 0.357143
vt 0.600000 0.357143
vt 0.633333 0.357143
vt 0.666667 0.357143
vt 0.700000 0.357143
vt 0.733333 0.357143
vt 0.766667 0.357143
vt 0.800000 0.357143
vt 0.833333 0.357143
vt 0.866667 0.357143
vt 0.900000 0.357143
vt 0.933333 0.357143
vt 0.966667 0.357143
vt 1.000000 0.357143
vt 0.000000 0.428571
vt 0.033333 0.428571
vt 0.066667 0.428571
vt 0.100000 0.428571
vt 0.133333 0.428571
vt 0.166667 0.428571
vt 0.200000 0.428571
vt 0.233333 0.428571
vt 0.266667 0.428571
vt 0.300000 0.428571
vt 0.333333 0.428571
vt 0.366667 0.428571
vt 0.400000 0.428571
vt 0.433333 0.428571
vt 0.466667 0.428571
vt 0.500000 0.428571
vt 0.533333 0.428571
vt 0.566667 0.428571
vt 0.600000 0.428571
vt 0.633333 0.428571
vt 0.666667 0.428571
vt 0.700000 0.428571
vt 0.733333 0.428571
vt 0.766667 0.428571
vt 0.800000 0.428571
vt 0.833333 0.428571
vt 0.866667 0.428571
vt 0.900000 0.428571
vt 0.933333 0.428571
vt 0.966667 0.428571
vt 1.000000 0.428571
vt 0.000000 0.500000
vt 0.033333 0.500000
vt 0.066667 0.500000
vt 0.100000 0.500000
vt 0.133333 0.500000
vt 0.166667 0.500000
vt 0.200000 0.500000
vt 0.233333 0.500000
vt 0.266667 0.500000
vt 0.300000 0.500000
vt 0.333333 0.500000
vt 0.366667 0.500000
vt 0.400000 0.500000
vt 0.433333 0.500000
vt 0.466667 0.500000
vt 0.500000 0.500000
vt 0.533333 0.500000
vt 0.566667 0.500000
vt 0.600000 0.500000
vt 0.633333 0.500000
vt 0.666667 0.500000
vt 0.700000 0.500000
vt 0.733333 0.500000
vt 0.766667 0.500000
vt 0.800000 0.500000
vt 0.833333 0.500000
vt 0.866667 0.500000
vt 0.900000 0.500000
vt 0.933333 0.500000
vt 0.966667 0.500000
vt 1.000000 0.500000
vt 0.000000 0.571429
vt 0.033333 0.571429
vt 0.066667 0.571429
vt 0.100000 0.571429
vt 0.133333 0.571429
vt 0.166667 0.571429
vt 0.200000 0.571429
vt 0.233333 0.571429
vt 0.266667 0.571429
vt 0.300000 0.571429
vt 0.333333 0.571429
vt 0.366667 0.571429
vt 0.400000 0.571429
vt 0.433333 0.571429
vt 0.466667 0.571429
vt 0.500000 0.571429
vt 0.533333 0.571429
vt 0.566667 0.571429
vt 0.600000 0.571429
vt 0.633333 0.571429
vt 0.666667 0.571429
vt 0.700000 0.571429
vt 0.733333 0.571429
vt 0.766667 0.571429
vt 0.800000 0.571429
vt 0.833333 0.571429
vt 0.866667 0.571429
vt 0.900000 0.571429
vt 0.933333 0.571429
vt 0.966667 0.571429
vt 1.000000 0.571429
vt 0.000000 0.642857
vt 0.033333 0.642857
vt 0.066667 0.642857
vt 0.100000 0.642857
vt 0.133333 0.642857
vt 0.166667 0.642857
vt 0.200000 0.642857
vt 0.233333 0.642857
vt 0.266667 0.642857
vt 0.300000 0.642857
vt 0.333333 0.642857
vt 0.366667 0.642857
vt 0.400000 0.642857
vt 0.433333 0.642857
vt 0.466667 0.642857
vt 0.500000 0.642857
vt 0.533333 0.642857
vt 0.566667 0.642857
vt 0.600000 0.642857
vt 0.633333 0.642857
vt 0.666667 0.642857
vt 0.700000 0.642857
vt 0.733333 0.642857
vt 0.766667 0.642857
vt 0.800000 0.642857
vt 0.833333 0.642857
vt 0.866667 0.642857
vt 0.900000 0.642857
vt 0.933333 0.642857
vt 0.966667 0.642857
vt 1.000000 0.642857
vt 0.000000 0.714286
vt 0.033333 0.714286
vt 0.066667 0.714286
vt 0.100000 0.714286
vt 0.133333 0.714286
vt 0.166667 0.714286
vt 0.200000 0.714286
vt 0.233333 0.714286
vt 0.266667 0.714286
vt 0.300000 0.714286
vt 0.333333 0.714286
vt 0.366667 0.714286
vt 0.400000 0.714286
vt 0.433333 0.714286
vt 0.466667 0.714286
vt 0.500000 0.714286
vt 0.533333 0.714286
vt 0.566667 0.714286
vt 0.600000 0.714286
vt 0.633333 0.714286
vt 0.666667 0.714286
vt 0.700000 0.714286
vt 0.733333 0.714286
vt 0.766667 0.714286
vt 0.800000 0.714286
vt 0.833333 0.714286
vt 0.866667 0.714286
vt 0.900000 0.714286
vt 0.933333 0.714286
vt 0.966667 0.714286
vt 1.000000 0.714286
vt 0.000000 0.785714
vt 0.033333 0.785714
vt 0.066667 0.785714
vt 0.100000 0.785714
vt 0.133333 0.785714
vt 0.166667 0.785714
vt 0.200000 0.785714
vt 0.233333 0.785714
vt 0.266667 0.785714
vt 0.300000 0.785714
vt 0.333333 0.785714
vt 0.366667 0.785714
vt 0.400000 0.785714
vt 0.433333 0.785714
vt 0.466667 0.785714
vt 0.500000 0.785714
vt 0.533333 0.785714
vt 0.566667 0.785714
vt 0.600000 0.785714
vt 0.633333 0.785714
vt 0.666667 0.785714
vt 0.700000 0.785714
vt 0.733333 0.785714
vt 0.766667 0.785714
vt 0.800000 0.785714
vt 0.833333 0.785714
vt 0.866667 0.785714
vt 0.900000 0.785714
vt 0.933333 0.785714
vt 0.966667 0.785714
vt 1.000000 0.785714
vt 0.000000 0.857143
vt 0.033333 0.857143
vt 0.066667 0.857143
vt 0.100000 0.857143
vt 0.133333 0.857143
vt 0.166667 0.857143
vt 0.200000 0.857143
vt 0.233333 0.857143
vt 0.266667 0.857143
vt 0.300000 0.857143
vt 0.333333 0.857143
vt 0.366667 0.857143
vt 0.400000 0.857143
vt 0.433333 0.857143
vt 0.466667 0.857143
vt 0.500000 0.857143
vt 0.533333 0.857143
vt 0.566667 0.857143
vt 0.600000 0.857143
vt 0.633333 0.857143
vt 0.666667 0.857143
vt 0.700000 0.857143
vt 0.733333 0.857143
vt 0.766667 0.857143
vt 0.800000 0.857143
vt 0.833333 0.857143
vt 0.866667 0.857143
vt 0.900000 0.857143
vt 0.933333 0.857143
vt 0.966667 0.857143
vt 1.000000 0.857143
vt 0.000000 0.928571
vt 0.033333 0.928571
vt 0.066667 0.928571
vt 0.100000 0.928571
vt 0.133333 0.928571
vt 0.166667 0.928571
vt 0.200000 0.928571
vt 0.233333 0.928571
vt 0.266667 0.928571
vt 0.300000 0.928571
vt 0.333333 0.928571
vt 0.366667 0.928571
vt 0.400000 0.928571
vt 0.433333 0.928571
vt 0.466667 0.928571
vt 0.500000 0.928571
vt 0.533333 0.928571
vt 0.566667 0.928571
vt 0.600000 0.928571
vt 0.633333 0.928571
vt 0.666667 0.928571
vt 0.700000 0.928571
vt 0.733333 0.928571
vt 0.766667 0.928571
vt 0.800000 0.928571
vt 0.833333 0.928571
vt 0.866667 0.928571
vt 0.900000 0.928571
vt 0.933333 0.928571
vt 0.966667 0.928571
vt 1.000000 0.928571
vt 0.000000 1.000000
vt 0.033333 1.000000
vt 0.066667 1.000000
vt 0.100000 1.000000
vt 0.133333 1.000000
vt 0.166667 1.000000
vt 0.200000 1.000000
vt 0.233333 1.000000
vt 0.266667 1.000000
vt 0.300000 1.000000
vt 0.333333 1.000000
vt 0.366667 1.000000
vt 0.400000 1.000000
vt 0.433333 1.000000
vt 0.466667 1.000000
vt 0.500000 1.000000
vt 0.533333 1.000000
vt 0.566667 1.000000
vt 0.600000 1.000000
vt 0.633333 1.000000
vt 0.666667 1.000000
vt 0.700000 1.000000
vt 0.733333 1.000000
vt 0.766667 1.000000
vt 0.800000 1.000000
vt 0.833333 1.000000
vt 0.866667 1.000000
vt 0.900000 1.000000
vt 0.933333 1.000000
vt 0.966667 1.000000
vt 1.000000 1.000000
vt 0.000000 0.000000
vt 0.023810 0.000000
vt 0.047619 0.000000
vt 0.071429 0.000000
vt 0.095238 0.000000
vt 0.119048 0.000000
vt 0.142857 0.000000
vt 0.166667 0.000000
vt 0.190476 0.000000
vt 0.214286 0.000000
vt 0.238095 0.000000
vt 0.261905 0.000000
vt 0.285714 0.000000
vt 0.309524 0.000000
vt 0.333333 0.000000
vt 0.357143 0.000000
vt 0.380952 0.000000
vt 0.404762 0.000000
vt 0.428571 0.000000
vt 0.452381 0.000000
vt 0.476190 0.000000
vt 0.500000 0.000000
vt 0.523810 0.000000
vt 0.547619 0.000000
vt 0.571429 0.000000
vt 0.595238 0.000000
vt 0.619048 0.000000
vt 0.642857 0.000000
vt 0.666667 0.000000
vt 0.690476 0.000000
vt 0.714286 0.000000
vt 0.738095 0.000000
vt 0.761905 0.000000
vt 0.785714 0.000000
vt 0.809524 0.000000
vt 0.833333 0.000000
vt 0.857143 0.000000
vt 0.880952 0.000000
vt 0.904762 0.000000
vt 0.928571 0.000000
vt 0.952381 0.000000
vt 0.976190 0.000000
vt 1.000000 0.000000
vt 0.000000 0.071429
vt 0.023810 0.071429
vt 0.047619 0.071429
vt 0.071429 0.071429
vt 0.095238 0.071429
vt 0.119048 0.071429
vt 0.142857 0.071429
vt 0.166667 0.071429
vt 0.190476 0.071429
vt 0.214286 0.071429
vt 0.238095 0.071429
vt 0.261905 0.071429
vt 0.285714 0.071429
vt 0.309524 0.071429
vt 0.333333 0.071429
vt 0.357143 0.071429
vt 0.380952 0.071429
vt 0.404762 0.071429
vt 0.428571 0.071429
vt 0.452381 0.071429
vt 0.476190 0.071429
vt 0.500000 0.071429
vt 0.523810 0.071429
vt 0.547619 0.071429
vt 0.571429 0.071429
vt 0.595238 0.071429
vt 0.619048 0.071429
vt 0.642857 0.071429
vt 0.666667 0.071429
vt 0.690476 0.071429
vt 0.714286 0.071429
vt 0.738095 0.071429
vt 0.761905 0.071429
vt 0.785714 0.071429
vt 0.809524 0.071429
vt 0.833333 0.071429
vt 0.857143 0.071429
vt 0.880952 0.071429
vt 0.904762 0.071429
vt 0.928571 0.071429
vt 0.952381 0.071429
vt 0.976190 0.071429
vt 1.000000 0.071429
vt 0.000000 0.142857
vt 0.023810 0.142857
vt 0.047619 0.142857
vt 0.071429 0.142857
vt 0.095238 0.142857
vt 0.119048 0.142857
vt 0.142857 0.142857
vt 0.166667 0.142857
vt 0.190476 0.142857
vt 0.214286 0.142857
vt 0.238095 0.142857
vt 0.261905 0.142857
vt 0.285714 0.142857
vt 0.309524 0.142857
vt 0.333333 0.142857
vt 0.357143 0.142857
vt 0.380952 0.142857
vt 0.404762 0.142857
vt 0.428571 0.142857
vt 0.452381 0.142857
vt 0.476190 0.142857
vt 0.500000 0.142857
vt 0.523810 0.142857
vt 0.547619 0.142857
vt 0.571429 0.142857
vt 0.595238 0.142857
vt 0.619048 0.142857
vt 0.642857 0.142857
vt 0.666667 0.142857
vt 0.690476 0.142857
vt 0.714286 0.142857
vt 0.738095 0.142857
vt 0.761905 0.142857
vt 0.785714 0.142857
vt 0.809524 0.142857
vt 0.833333 0.142857
vt 0.857143 0.142857
vt 0.880952 0.142857
vt 0.904762 0.142857
vt 0.928571 0.142857
vt 0.952381 0.142857
vt 0.976190 0.142857
vt 1.000000 0.142857
vt 0.000000 0.214286
vt 0.023810 0.214286
vt 0.047619 0.214286
vt 0.071429 0.214286
vt 0.095238 0.214286
vt 0.119048 0.214286
vt 0.142857 0.214286
vt 0.166667 0.214286
vt 0.190476 0.214286
vt 0.214286 0.214286
vt 0.238095 0.214286
vt 0.261905 0.214286
vt 0.285714 0.214286
vt 0.309524 0.214286
vt 0.333333 0.214286
vt 0.357143 0.214286
vt 0.380952 0.214286
vt 0.404762 0.214286
vt 0.428571 0.214286
vt 0.452381 0.214286
vt 0.476190 0.214286
vt 0.500000 0.214286
vt 0.523810 0.214286
vt 0.547619 0.214286
vt 0.571429 0.214286
vt 0.595238 0.214286
vt 0.619048 0.214286
vt 0.642857 0.214286
vt 0.666667 0.214286
vt 0.690476 0.214286
vt 0.714286 0.214286
vt 0.738095 0.214286
vt 0.761905 0.214286
vt 0.785714 0.214286
vt 0.809524 0.214286
vt 0.833333 0.214286
vt 0.857143 0.214286
vt 0.880952 0.214286
vt 0.904762 0.214286
vt 0.928571 0.214286
vt 0.952381 0.214286
vt 0.976190 0.214286
vt 1.000000 0.214286
vt 0.000000 0.285714
vt 0.023810 0.285714
vt 0.047619 0.285714
vt 0.071429 0.285714
vt 0.095238 0.285714
vt 0.119048 0.285714
vt 0.142857 0.285714
vt 0.166667 0.285714
vt 0.190476 0.285714
vt 0.214286 0.285714
vt 0.238095 0.285714
vt 0.261905 0.285714
vt 0.285714 0.285714
vt 0.309524 0.285714
vt 0.333333 0.285714
vt 0.357143 0.285714
vt 0.380952 0.285714
vt 0.404762 0.285714
vt 0.428571 0.285714
vt 0.452381 0.285714
vt 0.476190 0.285714
vt 0.500000 0.285714
vt 0.523810 0.285714
vt 0.547619 0.285714
vt 0.571429 0.285714
vt 0.595238 0.285714
vt 0.619048 0.285714
vt 0.642857 0.285714
vt 0.666667 0.285714
vt 0.690476 0.285714
vt 0.714286 0.285714
vt 0.738095 0.285714
vt 0.761905 0.285714
vt 0.785714 0.285714
vt 0.809524 0.285714
vt 0.833333 0.285714
vt 0.857143 0.285714
vt 0.880952 0.285714
vt 0.904762 0.285714
vt 0.928571 0.285714
vt 0.952381 0.285714
vt 0.976190 0.285714
vt 1.000000 0.285714
vt 0.000000 0.357143
vt 0.023810 0.357143
vt 0.047619 0.357143
vt 0.071429 0.357143
vt 0.095238 0.357143
vt 0.119048 0.357143
vt 0.142857 0.357143
vt 0.166667 0.357143
vt 0.190476 0.357143
vt 0.214286 0.357143
vt 0.238095 0.357143
vt 0.261905 0.357143
vt 0.285714 0.357143
vt 0.309524 0.357143
vt 0.333333 0.357143
vt 0.357143 0.357143
vt 0.380952 0.357143
vt 0.404762 0.357143
vt 0.428571 0.357143
vt 0.452381 0.357143
vt 0.476190 0.357143
vt 0.500000 0.357143
vt 0.523810 0.357143
vt 0.547619 0.357143
vt 0.571429 0.357143
vt 0.595238 0.357143
vt 0.619048 0.357143
vt 0.642857 0.357143
vt 0.666667 0.357143
vt 0.690476 0.357143
vt 0.714286 0.357143
vt 0.738095 0.357143
vt 0.761905 0.357143
vt 0.785714 0.357143
vt 0.809524 0.357143
vt 0.833333 0.357143
vt 0.857143 0.357143
vt 0.880952 0.357143
vt 0.904762 0.357143
vt 0.928571 0.357143
vt 0.952381 0.357143
vt 0.976190 0.357143
vt 1.000000 0.357143
vt 0.000000 0.428571
vt 0.023810 0.428571
vt 0.047619 0.428571
vt 0.071429 0.428571
vt 0.095238 0.428571
vt 0.119048 0.428571
vt 0.142857 0.428571
vt 0.166667 0.428571
vt 0.190476 0.428571
vt 0.214286 0.428571
vt 0.238095 0.428571
vt 0.261905 0.428571
vt 0.285714 0.428571
vt 0.309524 0.428571
vt 0.333333 0.428571
vt 0.357143 0.428571
vt 0.380952 0.428571
vt 0.404762 0.428571
vt 0.428571 0.428571
vt 0.452381 0.428571
vt 0.476190 0.428571
vt 0.500000 0.428571
vt 0.523810 0.428571
vt 0.547619 0.428571
vt 0.571429 0.428571
vt 0.595238 0.428571
vt 0.619048 0.428571
vt 0.642857 0.428571
vt 0.666667 0.428571
vt 0.690476 0.428571
vt 0.714286 0.428571
vt 0.738095 0.428571
vt 0.761905 0.428571
vt 0.785714 0.428571
vt 0.809524 0.428571
vt 0.833333 0.428571
vt 0.857143 0.428571
vt 0.880952 0.428571
vt 0.904762 0.428571
vt 0.928571 0.428571
vt 0.952381 0.428571
vt 0.976190 0.428571
vt 1.000000 0.428571
vt 0.000000 0.500000
vt 0.023810 0.500000
vt 0.047619 0.500000
vt 0.071429 0.500000
vt 0.095238 0.500000
vt 0.119048 0.500000
vt 0.142857 0.500000
vt 0.166667 0.500000
vt 0.190476 0.500000
vt 0.214286 0.500000
vt 0.238095 0.500000
vt 0.261905 0.500000
vt 0.285714 0.500000
vt 0.309524 0.500000
vt 0.333333 0.500000
vt 0.357143 0.500000
vt 0.380952 0.500000
vt 0.404762 0.500000
vt 0.428571 0.500000
vt 0.452381 0.500000
vt 0.476190 0.500000
vt 0.500000 0.500000
vt 0.523810 0.500000
vt 0.547619 0.500000
vt 0.571429 0.500000
vt 0.595238 0.500000
vt 0.619048 0.500000
vt 0.642857 0.500000
vt 0.666667 0.500000
vt 0.690476 0.500000
vt 0.714286 0.500000
vt 0.738095 0.500000
vt 0.761905 0.500000
vt 0.785714 0.500000
vt 0.809524 0.500000
vt 0.833333 0.500000
vt 0.857143 0.500000
vt 0.880952 0.500000
vt 0.904762 0.500000
vt 0.928571 0.500000
vt 0.952381 0.500000
vt 0.976190 0.500000
vt 1.000000 0.500000
vt 0.000000 0.571429
vt 0.023810 0.571429
vt 0.047619 0.571429
vt 0.071429 0.571429
vt 0.095238 0.571429
vt 0.119048 0.571429
vt 0.142857 0.571429
vt 0.166667 0.571429
vt 0.190476 0.571429
vt 0.214286 0.571429
vt 0.238095 0.571429
vt 0.261905 0.571429
vt 0.285714 0.571429
vt 0.309524 0.571429
vt 0.333333 0.571429
vt 0.357143 0.571429
vt 0.380952 0.571429
vt 0.404762 0.571429
vt 0.428571 0.571429
vt 0.452381 0.571429
vt 0.476190 0.571429
vt 0.500000 0.571429
vt 0.523810 0.571429
vt 0.547619 0.571429
vt 0.571429 0.571429
vt 0.595238 0.571429
vt 0.619048 0.571429
vt 0.642857 0.571429
vt 0.666667 0.571429
vt 0.690476 0.571429
vt 0.714286 0.571429
vt 0.738095 0.571429
vt 0.761905 0.571429
vt 0.785714 0.571429
vt 0.809524 0.571429
vt 0.833333 0.571429
vt 0.857143 0.571429
vt 0.880952 0.571429
vt 0.904762 0.571429
vt 0.928571 0.571429
vt 0.952381 0.571429
vt 0.976190 0.571429
vt 1.000000 0.571429
vt 0.000000 0.642857
vt 0.023810 0.642857
vt 0.047619 0.642857
vt 0.071429 0.642857
vt 0.095238 0.642857
vt 0.119048 0.642857
vt 0.142857 0.642857
vt 0.166667 0.642857
vt 0.190476 0.642857
vt 0.214286 0.642857
vt 0.238095 0.642857
vt 0.261905 0.642857
vt 0.285714 0.642857
vt 0.309524 0.642857
vt 0.333333 0.642857
vt 0.357143 0.642857
vt 0.380952 0.642857
vt 0.404762 0.642857
vt 0.428571 0.642857
vt 0.452381 0.642857
vt 0.476190 0.642857
vt 0.500000 0.642857
vt 0.523810 0.642857
vt 0.547619 0.642857
vt 0.571429 0.642857
vt 0.595238 0.642857
vt 0.619048 0.642857
vt 0.642857 0.642857
vt 0.666667 0.642857
vt 0.690476 0.642857
vt 0.714286 0.642857
vt 0.738095 0.642857
vt 0.761905 0.642857
vt 0.785714 0.642857
vt 0.809524 0.642857
vt 0.833333 0.642857
vt 0.857143 0.642857
vt 0.880952 0.642857
vt 0.904762 0.642857
vt 0.928571 0.642857
vt 0.952381 0.642857
vt 0.976190 0.642857
vt 1.000000 0.642857
vt 0.000000 0.714286
vt 0.023810 0.714286
vt 0.047619 0.714286
vt 0.071429 0.714286
vt 0.095238 0.714286
vt 0.119048 0.714286
vt 0.142857 0.714286
vt 0.166667 0.714286
vt 0.190476 0.714286
vt 0.214286 0.714286
vt 0.238095 0.714286
vt 0.261905 0.714286
vt 0.285714 0.714286
vt 0.309524 0.714286
vt 0.333333 0.714286
vt 0.357143 0.714286
vt 0.380952 0.714286
vt 0.404762 0.714286
vt 0.428571 0.714286
vt 0.452381 0.714286
vt 0.476190 0.714286
vt 0.500000 0.714286
vt 0.523810 0.714286
vt 0.547619 0.714286
vt 0.571429 0.714286
vt 0.595238 0.714286
vt 0.619048 0.714286
vt 0.642857 0.714286
vt 0.666667 0.714286
vt 0.690476 0.714286
vt 0.714286 0.714286
vt 0.738095 0.714286
vt 0.761905 0.714286
vt 0.785714 0.714286
vt 0.809524 0.714286
vt 0.833333 0.714286
vt 0.857143 0.714286
vt 0.880952 0.714286
vt 0.904762 0.714286
vt 0.928571 0.714286
vt 0.952381 0.714286
vt 0.976190 0.714286
vt 1.000000 0.714286
vt 0.000000 0.785714
vt 0.023810 0.785714
vt 0.047619 0.785714
vt 0.071429 0.785714
vt 0.095238 0.785714
vt 0.119048 0.785714
vt 0.142857 0.785714
vt 0.166667 0.785714
vt 0.190476 0.785714
vt 0.214286 0.785714
vt 0.238095 0.785714
vt 0.261905 0.785714
vt 0.285714 0.785714
vt 0.309524 0.785714
vt 0.333333 0.785714
vt 0.357143 0.785714
vt 0.380952 0.785714
vt 0.404762 0.785714
vt 0.428571 0.785714
vt 0.452381 0.785714
vt 0.476190 0.785714
vt 0.500000 0.785714
vt 0.523810 0.785714
vt 0.547619 0.785714
vt 0.571429 0.785714
vt 0.595238 0.785714
vt 0.619048 0.785714
vt 0.642857 0.785714
vt 0.666667 0.785714
vt 0.690476 0.785714
vt 0.714286 0.785714
vt 0.738095 0.785714
vt 0.761905 0.785714
vt 0.785714 0.785714
vt 0.809524 0.785714
vt 0.833333 0.785714
vt 0.857143 0.785714
vt 0.880952 0.785714
vt 0.904762 0.785714
vt 0.928571 0.785714
vt 0.952381 0.785714
vt 0.976190 0.785714
vt 1.000000 0.785714
vt 0.000000 0.857143
vt 0.023810 0.857143
vt 0.047619 0.857143
vt 0.071429 0.857143
vt 0.095238 0.857143
vt 0.119048 0.857143
vt 0.142857 0.857143
vt 0.166667 0.857143
vt 0.190476 0.857143
vt 0.214286 0.857143
vt 0.238095 0.857143
vt 0.261905 0.857143
vt 0.285714 0.857143
vt 0.309524 0.857143
vt 0.333333 0.857143
vt 0.357143 0.857143
vt 0.380952 0.857143
vt 0.404762 0.857143
vt 0.428571 0.857143
vt 0.452381 0.857143
vt 0.476190 0.857143
vt 0.500000 0.857143
vt 0.523810 0.857143
vt 0.547619 0.857143
vt 0.571429 0.857143
vt 0.595238 0.857143
vt 0.619048 0.857143
vt 0.642857 0.857143
vt 0.666667 0.857143
vt 0.690476 0.857143
vt 0.714286 0.857143
vt 0.738095 0.857143
vt 0.761905 0.857143
vt 0.785714 0.857143
vt 0.809524 0.857143
vt 0.833333 0.857143
vt 0.857143 0.857143
vt 0.880952 0.857143
vt 0.904762 0.857143
vt 0.928571 0.857143
vt 0.952381 0.857143
vt 0.976190 0.857143
vt 1.000000 0.857143
vt 0.000000 0.928571
vt 0.023810 0.928571
vt 0.047619 0.928571
vt 0.071429 0.928571
vt 0.095238 0.928571
vt 0.119048 0.928571
vt 0.142857 0.928571
vt 0.166667 0.928571
vt 0.190476 0.928571
vt 0.214286 0.928571
vt 0.238095 0.928571
vt 0.261905 0.928571
vt 0.285714 0.928571
vt 0.309524 0.928571
vt 0.333333 0.928571
vt 0.357143 0.928571
vt 0.380952 0.928571
vt 0.404762 0.928571
vt 0.428571 0.928571
vt 0.452381 0.928571
vt 0.476190 0.928571
vt 0.500000 0.928571
vt 0.523810 0.928571
vt 0.547619 0.928571
vt 0.571429 0.928571
vt 0.595238 0.928571
vt 0.619048 0.928571
vt 0.642857 0.928571
vt 0.666667 0.928571
vt 0.690476 0.928571
vt 0.714286 0.928571
vt 0.738095 0.928571
vt 0.761905 0.928571
vt 0.785714 0.928571
vt 0.809524 0.928571
vt 0.833333 0.928571
vt 0.857143 0.928571
vt 0.880952 0.928571
vt 0.904762 0.928571
vt 0.928571 0.928571
vt 0.952381 0.928571
vt 0.976190 0.928571
vt 1.000000 0.928571
vt 0.000000 1.000000
vt 0.023810 1.000000
vt 0.047619 1.000000
vt 0.071429 1.000000
vt 0.095238 1.000000
vt 0.119048 1.000000
vt 0.142857 1.000000
vt 0.166667 1.000000
vt 0.190476 1.000000
vt 0.214286 1.000000
vt 0.238095 1.000000
vt 0.261905 1.000000
vt 0.285714 1.000000
vt 0.309524 1.000000
vt 0.333333 1.000000
vt 0.357143 1.000000
vt 0.380952 1.000000
vt 0.404762 1.000000
vt 0.428571 1.000000
vt 0.452381 1.000000
vt 0.476190 1.000000
vt 0.500000 1.000000
vt 0.523810 1.000000
vt 0.547619 1.000000
vt 0.571429 1.000000
vt 0.595238 1.000000
vt 0.619048 1.000000
vt 0.642857 1.000000
vt 0.666667 1.000000
vt 0.690476 1.000000
vt 0.714286 1.000000
vt 0.738095 1.000000
vt 0.761905 1.000000
vt 0.785714 1.000000
vt 0.809524 1.000000
vt 0.833333 1.000000
vt 0.857143 1.000000
vt 0.880952 1.000000
vt 0.904762 1.000000
vt 0.928571 1.000000
vt 0.952381 1.000000
vt 0.976190 1.000000
vt 1.000000 1.000000
vt 0.000000 0.000000
vt 0.033333 0.000000
vt 0.066667 0.000000
vt 0.100000 0.000000
vt 0.133333 0.000000
vt 0.166667 0.000000
vt 0.200000 0.000000
vt 0.233333 0.000000
vt 0.266667 0.000000
vt 0.300000 0.000000
vt 0.333333 0.000000
vt 0.366667 0.000000
vt 0.400000 0.000000
vt 0.433333 0.000000
vt 0.466667 0.000000
vt 0.500000 0.000000
vt 0.533333 0.000000
vt 0.566667 0.000000
vt 0.600000 0.000000
vt 0.633333 0.000000
vt 0.666667 0.000000
vt 0.700000 0.000000
vt 0.733333 0.000000
vt 0.766667 0.000000
vt 0.800000 0.000000
vt 0.833333 0.000000
vt 0.866667 0.000000
vt 0.900000 0.000000
vt 0.933333 0.000000
vt 0.966667 0.000000
vt 1.000000 0.000000
vt 0.000000 0.071429
vt 0.033333 0.071429
vt 0.066667 0.071429
vt 0.100000 0.071429
vt 0.133333 0.071429
vt 0.166667 0.071429
vt 0.200000 0.071429
vt 0.233333 0.071429
vt 0.266667 0.071429
vt 0.300000 0.071429
vt 0.333333 0.071429
vt 0.366667 0.071429
vt 0.400000 0.071429
vt 0.433333 0.071429
vt 0.466667 0.071429
vt 0.500000 0.071429
vt 0.533333 0.071429
vt 0.566667 0.071429
vt 0.600000 0.071429
vt 0.633333 0.071429
vt 0.666667 0.071429
vt 0.700000 0.071429
vt 0.733333 0.071429
vt 0.766667 0.071429
vt 0.800000 0.071429
vt 0.833333 0.071429
vt 0.866667 0.071429
vt 0.900000 0.071429
vt 0.933333 0.071429
vt 0.966667 0.071429
vt 1.000000 0.071429
vt 0.000000 0.142857
vt 0.033333 0.142857
vt 0.066667 0.142857
vt 0.100000 0.142857
vt 0.133333 0.142857
vt 0.166667 0.142857
vt 0.200000 0.142857
vt 0.233333 0.142857
vt 0.266667 0.142857
vt 0.300000 0.142857
vt 0.333333 0.142857
vt 0.366667 0.142857
vt 0.400000 0.142857
vt 0.433333 0.142857
vt 0.466667 0.142857
vt 0.500000 0.142857
vt 0.533333 0.142857
vt 0.566667 0.142857
vt 0.600000 0.142857
vt 0.633333 0.142857
vt 0.666667 0.142857
vt 0.700000 0.142857
vt 0.733333 0.142857
vt 0.766667 0.142857
vt 0.800000 0.142857
vt 0.833333 0.142857
vt 0.866667 0.142857
vt 0.900000 0.142857
vt 0.933333 0.142857
vt 0.966667 0.142857
vt 1.000000 0.142857
vt 0.000000 0.214286
vt 0.033333 0.214286
vt 0.066667 0.214286
vt 0.100000 0.214286
vt 0.133333 0.214286
vt 0.166667 0.214286
vt 0.200000 0.214286
vt 0.233333 0.214286
vt 0.266667 0.214286
vt 0.300000 0.214286
vt 0.333333 0.214286
vt 0.366667 0.214286
vt 0.400000 0.214286
vt 0.433333 0.214286
vt 0.466667 0.214286
vt 0.500000 0.214286
vt 0.533333 0.214286
vt 0.566667 0.214286
vt 0.600000 0.214286
vt 0.633333 0.214286
vt 0.666667 0.214286
vt 0.700000 0.214286
vt 0.733333 0.214286
vt 0.766667 0.214286
vt 0.800000 0.214286
vt 0.833333 0.214286
vt 0.866667 0.214286
vt 0.900000 0.214286
vt 0.933333 0.214286
vt 0.966667 0.214286
vt 1.000000 0.214286
vt 0.000000 0.285714
vt 0.033333 0.285714
vt 0.066667 0.285714
vt 0.100000 0.285714
vt 0.133333 0.285714
vt 0.166667 0.285714
vt 0.200000 0.285714
vt 0.233333 0.285714
vt 0.266667 0.285714
vt 0.300000 0.285714
vt 0.333333 0.285714
vt 0.366667 0.285714
vt 0.400000 0.285714
vt 0.433333 0.285714
vt 0.466667 0.285714
vt 0.500000 0.285714
vt 0.533333 0.285714
vt 0.566667 0.285714
vt 0.600000 0.285714
vt 0.633333 0.285714
vt 0.666667 0.285714
vt 0.700000 0.285714
vt 0.733333 0.285714
vt 0.766667 0.285714
vt 0.800000 0.285714
vt 0.833333 0.285714
vt 0.866667 0.285714
vt 0.900000 0.285714
vt 0.933333 0.285714
vt 0.966667 0.285714
vt 1.000000 0.285714
vt 0.000000 0.357143
vt 0.033333 0.357143
vt 0.066667 0.357143
vt 0.100000 0.357143
vt 0.133333 0.357143
vt 0.166667 0.357143
vt 0.200000 0.357143
vt 0.233333 0.357143
vt 0.266667 0.357143
vt 0.300000 0.357143
vt 0.333333 0.357143
vt 0.366667 0.357143
vt 0.400000 0.357143
vt 0.433333 0.357143
vt 0.466667 0.357143
vt 0.500000 0.357143
vt 0.533333 0.357143
vt 0.566667 0.357143
vt 0.600000 0.357143
vt 0.633333 0.357143
vt 0.666667 0.357143
vt 0.700000 0.357143
vt 0.733333 0.357143
vt 0.766667 0.357143
vt 0.800000 0.357143
vt 0.833333 0.357143
vt 0.866667 0.357143
vt 0.900000 0.357143
vt 0.933333 0.357143
vt 0.966667 0.357143
vt 1.000000 0.357143
vt 0.000000 0.428571
vt 0.033333 0.428571
vt 0.066667 0.428571
vt 0.100000 0.428571
vt 0.133333 0.428571
vt 0.166667 0.428571
vt 0.200000 0.428571
vt 0.233333 0.428571
vt 0.266667 0.428571
vt 0.300000 0.428571
vt 0.333333 0.428571
vt 0.366667 0.428571
vt 0.400000 0.428571
vt 0.433333 0.428571
vt 0.466667 0.428571
vt 0.500000 0.428571
vt 0.533333 0.428571
vt 0.566667 0.428571
vt 0.600000 0.428571
vt 0.633333 0.428571
vt 0.666667 0.428571
vt 0.700000 0.428571
vt 0.733333 0.428571
vt 0.766667 0.428571
vt 0.800000 0.428571
vt 0.833333 0.428571
vt 0.866667 0.428571
vt 0.900000 0.428571
vt 0.933333 0.428571
vt 0.966667 0.428571
vt 1.000000 0.428571
vt 0.000000 0.500000
vt 0.033333 0.500000
vt 0.066667 0.500000
vt 0.100000 0.500000
vt 0.133333 0.500000
vt 0.166667 0.500000
vt 0.200000 0.500000
vt 0.233333 0.500000
vt 0.266667 0.500000
vt 0.300000 0.500000
vt 0.333333 0.500000
vt 0.366667 0.500000
vt 0.400000 0.500000
vt 0.433333 0.500000
vt 0.466667 0.500000
vt 0.500000 0.500000
vt 0.533333 0.500000
vt 0.566667 0.500000
vt 0.600000 0.500000
vt 0.633333 0.500000
vt 0.666667 0.500000
vt 0.700000 0.500000
vt 0.733333 0.500000
vt 0.766667 0.500000
vt 0.800000 0.500000
vt 0.833333 0.500000
vt 0.866667 0.500000
vt 0.900000 0.500000
vt 0.933333 0.500000
vt 0.966667 0.500000
vt 1.000000 0.500000
vt 0.000000 0.571429
vt 0.033333 0.571429
vt 0.066667 0.571429
vt 0.100000 0.571429
vt 0.133333 0.571429
vt 0.166667 0.571429
vt 0.200000 0.571429
vt 0.233333 0.571429
vt 0.266667 0.571429
vt 0.300000 0.571429
vt 0.333333 0.571429
vt 0.366667 0.571429
vt 0.400000 0.571429
vt 0.433333 0.571429
vt 0.466667 0.571429
vt 0.500000 0.571429
vt 0.533333 0.571429
vt 0.566667 0.571429
vt 0.600000 0.571429
vt 0.633333 0.571429
vt 0.666667 0.571429
vt 0.700000 0.571429
vt 0.733333 0.571429
vt 0.766667 0.571429
vt 0.800000 0.571429
vt 0.833333 0.571429
vt 0.866667 0.571429
vt 0.900000 0.571429
vt 0.933333 0.571429
vt 0.966667 0.571429
vt 1.000000 0.571429
vt 0.000000 0.642857
vt 0.033333 0.642857
vt 0.066667 0.642857
vt 0.100000 0.642857
vt 0.133333 0.642857
vt 0.166667 0.642857
vt 0.200000 0.642857
vt 0.233333 0.642857
vt 0.266667 0.642857
vt 0.300000 0.642857
vt 0.333333 0.642857
vt 0.366667 0.642857
vt 0.400000 0.642857
vt 0.433333 0.642857
vt 0.466667 0.642857
vt 0.500000 0.642857
vt 0.533333 0.642857
vt 0.566667 0.642857
vt 0.600000 0.642857
vt 0.633333 0.642857
vt 0.666667 0.642857
vt 0.700000 0.642857
vt 0.733333 0.642857
vt 0.766667 0.642857
vt 0.800000 0.642857
vt 0.833333 0.642857
vt 0.866667 0.642857
vt 0.900000 0.642857
vt 0.933333 0.642857
vt 0.966667 0.642857
vt 1.000000 0.642857
vt 0.000000 0.714286
vt 0.033333 0.714286
vt 0.066667 0.714286
vt 0.100000 0.714286
vt 0.133333 0.714286
vt 0.166667 0.714286
vt 0.200000 0.714286
vt 0.233333 0.714286
vt 0.266667 0.714286
vt 0.300000 0.714286
vt 0.333333 0.714286
vt 0.366667 0.714286
vt 0.400000 0.714286
vt 0.433333 0.714286
vt 0.466667 0.714286
vt 0.500000 0.714286
vt 0.533333 0.714286
vt 0.566667 0.714286
vt 0.600000 0.714286
vt 0.633333 0.714286
vt 0.666667 0.714286
vt 0.700000 0.714286
vt 0.733333 0.714286
vt 0.766667 0.714286
vt 0.800000 0.714286
vt 0.833333 0.714286
vt 0.866667 0.714286
vt 0.900000 0.714286
vt 0.933333 0.714286
vt 0.966667 0.714286
vt 1.000000 0.714286
vt 0.000000 0.785714
vt 0.033333 0.785714
vt 0.066667 0.785714
vt 0.100000 0.785714
vt 0.133333 0.785714
vt 0.166667 0.785714
vt 0.200000 0.785714
vt 0.233333 0.785714
vt 0.266667 0.785714
vt 0.300000 0.785714
vt 0.333333 0.785714
vt 0.366667 0.785714
vt 0.400000 0.785714
vt 0.433333 0.785714
vt 0.466667 0.785714
vt 0.500000 0.785714
vt 0.533333 0.785714
vt 0.566667 0.785714
vt 0.600000 0.785714
vt 0.633333 0.785714
vt 0.666667 0.785714
vt 0.700000 0.785714
vt 0.733333 0.785714
vt 0.766667 0.785714
vt 0.800000 0.785714
vt 0.833333 0.785714
vt 0.866667 0.785714
vt 0.900000 0.785714
vt 0.933333 0.785714
vt 0.966667 0.785714
vt 1.000000 0.785714
vt 0.000000 0.857143
vt 0.033333 0.857143
vt 0.066667 0.857143
vt 0.100000 0.857143
vt 0.133333 0.857143
vt 0.166667 0.857143
vt 0.200000 0.857143
vt 0.233333 0.857143
vt 0.266667 0.857143
vt 0.300000 0.857143
vt 0.333333 0.857143
vt 0.366667 0.857143
vt 0.400000 0.857143
vt 0.433333 0.857143
vt 0.466667 0.857143
vt 0.500000 0.857143
vt 0.533333 0.857143
vt 0.566667 0.857143
vt 0.600000 0.857143
vt 0.633333 0.857143
vt 0.666667 0.857143
vt 0.700000 0.857143
vt 0.733333 0.857143
vt 0.766667 0.857143
vt 0.800000 0.857143
vt 0.833333 0.857143
vt 0.866667 0.857143
vt 0.900000 0.857143
vt 0.933333 0.857143
vt 0.966667 0.857143
vt 1.000000 0.857143
vt 0.000000 0.928571
vt 0.033333 0.928571
vt 0.066667 0.928571
vt 0.100000 0.928571
vt 0.133333 0.928571
vt 0.166667 0.928571
vt 0.200000 0.928571
vt 0.233333 0.928571
vt 0.266667 0.928571
vt 0.300000 0.928571
vt 0.333333 0.928571
vt 0.366667 0.928571
vt 0.400000 0.928571
vt 0.433333 0.928571
vt 0.466667 0.928571
vt 0.500000 0.928571
vt 0.533333 0.928571
vt 0.566667 0.928571
vt 0.600000 0.928571
vt 0.633333 0.928571
vt 0.666667 0.928571
vt 0.700000 0.928571
vt 0.733333 0.928571
vt 0.766667 0.928571
vt 0.800000 0.928571
vt 0.833333 0.928571
vt 0.866667 0.928571
vt 0.900000 0.928571
vt 0.933333 0.928571
vt 0.966667 0.928571
vt 1.000000 0.928571
vt 0.000000 1.000000
vt 0.033333 1.000000
vt 0.066667 1.000000
vt 0.100000 1.000000
vt 0.133333 1.000000
vt 0.166667 1.000000
vt 0.200000 1.000000
vt 0.233333 1.000000
vt 0.266667 1.000000
vt 0.300000 1.000000
vt 0.333333 1.000000
vt 0.366667 1.000000
vt 0.400000 1.000000
vt 0.433333 1.000000
vt 0.466667 1.000000
vt 0.500000 1.000000
vt 0.533333 1.000000
vt 0.566667 1.000000
vt 0.600000 1.000000
vt 0.633333 1.000000
vt 0.666667 1.000000
vt 0.700000 1.000000
vt 0.733333 1.000000
vt 0.766667 1.000000
vt 0.800000 1.000000
vt 0.833333 1.000000
vt 0.866667 1.000000
vt 0.900000 1.000000
vt 0.933333 1.000000
vt 0.966667 1.000000
vt 1.000000 1.000000
vt 0.000000 0.000000
vt 0.023810 0.000000
vt 0.047619 0.000000
vt 0.071429 0.000000
vt 0.095238 0.000000
vt 0.119048 0.000000
vt 0.142857 0.000000
vt 0.166667 0.000000
vt 0.190476 0.000000
vt 0.214286 0.000000
vt 0.238095 0.000000
vt 0.261905 0.000000
vt 0.285714 0.000000
vt 0.309524 0.000000
vt 0.333333 0.000000
vt 0.357143 0.000000
vt 0.380952 0.000000
vt 0.404762 0.000000
vt 0.428571 0.000000
vt 0.452381 0.000000
vt 0.476190 0.000000
vt 0.500000 0.000000
vt 0.523810 0.000000
vt 0.547619 0.000000
vt 0.571429 0.000000
vt 0.595238 0.000000
vt 0.619048 0.000000
vt 0.642857 0.000000
vt 0.666667 0.000000
vt 0.690476 0.000000
vt 0.714286 0.000000
vt 0.738095 0.000000
vt 0.761905 0.000000
vt 0.785714 0.000000
vt 0.809524 0.000000
vt 0.833333 0.000000
vt 0.857143 0.000000
vt 0.880952 0.000000
vt 0.904762 0.000000
vt 0.928571 0.000000
vt 0.952381 0.000000
vt 0.976190 0.000000
vt 1.000000 0.000000
vt 0.000000 0.071429
vt 0.023810 0.071429
vt 0.047619 0.071429
vt 0.071429 0.071429
vt 0.095238 0.071429
vt 0.119048 0.071429
vt 0.142857 0.071429
vt 0.166667 0.071429
vt 0.190476 0.071429
vt 0.214286 0.071429
vt 0.238095 0.071429
vt 0.261905 0.071429
vt 0.285714 0.071429
vt 0.309524 0.071429
vt 0.333333 0.071429
vt 0.357143 0.071429
vt 0.380952 0.071429
vt 0.404762 0.071429
vt 0.428571 0.071429
vt 0.452381 0.071429
vt 0.476190 0.071429
vt 0.500000 0.071429
vt 0.523810 0.071429
vt 0.547619 0.071429
vt 0.571429 0.071429
vt 0.595238 0.071429
vt 0.619048 0.071429
vt 0.642857 0.071429
vt 0.666667 0.071429
vt 0.690476 0.071429
vt 0.714286 0.071429
vt 0.738095 0.071429
vt 0.761905 0.071429
vt 0.785714 0.071429
vt 0.809524 0.071429
vt 0.833333 0.071429
vt 0.857143 0.071429
vt 0.880952 0.071429
vt 0.904762 0.071429
vt 0.928571 0.071429
vt 0.952381 0.071429
vt 0.976190 0.071429
vt 1.000000 0.071429
vt 0.000000 0.142857
vt 0.023810 0.142857
vt 0.047619 0.142857
vt 0.071429 0.142857
vt 0.095238 0.142857
vt 0.119048 0.142857
vt 0.142857 0.142857
vt 0.166667 0.142857
vt 0.190476 0.142857
vt 0.214286 0.142857
vt 0.238095 0.142857
vt 0.261905 0.142857
vt 0.285714 0.142857
vt 0.309524 0.142857
vt 0.333333 0.142857
vt 0.357143 0.142857
vt 0.380952 0.142857
vt 0.404762 0.142857
vt 0.428571 0.142857
vt 0.452381 0.142857
vt 0.476190 0.142857
vt 0.500000 0.142857
vt 0.523810 0.142857
vt 0.547619 0.142857
vt 0.571429 0.142857
vt 0.595238 0.142857
vt 0.619048 0.142857
vt 0.642857 0.142857
vt 0.666667 0.142857
vt 0.690476 0.142857
vt 0.714286 0.142857
vt 0.738095 0.142857
vt 0.761905 0.142857
vt 0.785714 0.142857
vt 0.809524 0.142857
vt 0.833333 0.142857
vt 0.857143 0.142857
vt 0.880952 0.142857
vt 0.904762 0.142857
vt 0.928571 0.142857
vt 0.952381 0.142857
vt 0.976190 0.142857
vt 1.000000 0.142857
vt 0.000000 0.214286
vt 0.023810 0.214286
vt 0.047619 0.214286
vt 0.071429 0.214286
vt 0.095238 0.214286
vt 0.119048 0.214286
vt 0.142857 0.214286
vt 0.166667 0.214286
vt 0.190476 0.214286
vt 0.214286 0.214286
vt 0.238095 0.214286
vt 0.261905 0.214286
vt 0.285714 0.214286
vt 0.309524 0.214286
vt 0.333333 0.214286
vt 0.357143 0.214286
vt 0.380952 0.214286
vt 0.404762 0.214286
vt 0.428571 0.214286
vt 0.452381 0.214286
vt 0.476190 0.214286
vt 0.500000 0.214286
vt 0.523810 0.214286
vt 0.547619 0.214286
vt 0.571429 0.214286
vt 0.595238 0.214286
vt 0.619048 0.214286
vt 0.642857 0.214286
vt 0.666667 0.214286
vt 0.690476 0.214286
vt 0.714286 0.214286
vt 0.738095 0.214286
vt 0.761905 0.214286
vt 0.785714 0.214286
vt 0.809524 0.214286
vt 0.833333 0.214286
vt 0.857143 0.214286
vt 0.880952 0.214286
vt 0.904762 0.214286
vt 0.928571 0.214286
vt 0.952381 0.214286
vt 0.976190 0.214286
vt 1.000000 0.214286
vt 0.000000 0.285714
vt 0.023810 0.285714
vt 0.047619 0.285714
vt 0.071429 0.285714
vt 0.095238 0.285714
vt 0.119048 0.285714
vt 0.142857 0.285714
vt 0.166667 0.285714
vt 0.190476 0.285714
vt 0.214286 0.285714
vt 0.238095 0.285714
vt 0.261905 0.285714
vt 0.285714 0.285714
vt 0.309524 0.285714
vt 0.333333 0.285714
vt 0.357143 0.285714
vt 0.380952 0.285714
vt 0.404762 0.285714
vt 0.428571 0.285714
vt 0.452381 0.285714
vt 0.476190 0.285714
vt 0.500000 0.285714
vt 0.523810 0.285714
vt 0.547619 0.285714
vt 0.571429 0.285714
vt 0.595238 0.285714
vt 0.619048 0.285714
vt 0.642857 0.285714
vt 0.666667 0.285714
vt 0.690476 0.285714
vt 0.714286 0.285714
vt 0.738095 0.285714
vt 0.761905 0.285714
vt 0.785714 0.285714
vt 0.809524 0.285714
vt 0.833333 0.285714
vt 0.857143 0.285714
vt 0.880952 0.285714
vt 0.904762 0.285714
vt 0.928571 0.285714
vt 0.952381 0.285714
vt 0.976190 0.285714
vt 1.000000 0.285714
vt 0.000000 0.357143
vt 0.023810 0.357143
vt 0.047619 0.357143
vt 0.071429 0.357143
vt 0.095238 0.357143
vt 0.119048 0.357143
vt 0.142857 0.357143
vt 0.166667 0.357143
vt 0.190476 0.357143
vt 0.214286 0.357143
vt 0.238095 0.357143
vt 0.261905 0.357143
vt 0.285714 0.357143
vt 0.309524 0.357143
vt 0.333333 0.357143
vt 0.357143 0.357143
vt 0.380952 0.357143
vt 0.404762 0.357143
vt 0.428571 0.357143
vt 0.452381 0.357143
vt 0.476190 0.357143
vt 0.500000 0.357143
vt 0.523810 0.357143
vt 0.547619 0.357143
vt 0.571429 0.357143
vt 0.595238 0.357143
vt 0.619048 0.357143
vt 0.642857 0.357143
vt 0.666667 0.357143
vt 0.690476 0.357143
vt 0.714286 0.357143
vt 0.738095 0.357143
vt 0.761905 0.357143
vt 0.785714 0.357143
vt 0.809524 0.357143
vt 0.833333 0.357143
vt 0.857143 0.357143
vt 0.880952 0.357143
vt 0.904762 0.357143
vt 0.928571 0.357143
vt 0.952381 0.357143
vt 0.976190 0.357143
vt 1.000000 0.357143
vt 0.000000 0.428571
vt 0.023810 0.428571
vt 0.047619 0.428571
vt 0.071429 0.428571
vt 0.095238 0.428571
vt 0.119048 0.428571
vt 0.142857 0.428571
vt 0.166667 0.428571
vt 0.190476 0.428571
vt 0.214286 0.428571
vt 0.238095 0.428571
vt 0.261905 0.428571
vt 0.285714 0.428571
vt 0.309524 0.428571
vt 0.333333 0.428571
vt 0.357143 0.428571
vt 0.380952 0.428571
vt 0.404762 0.428571
vt 0.428571 0.428571
vt 0.452381 0.428571
vt 0.476190 0.428571
vt 0.500000 0.428571
vt 0.523810 0.428571
vt 0.547619 0.428571
vt 0.571429 0.428571
vt 0.595238 0.428571
vt 0.619048 0.428571
vt 0.642857 0.428571
vt 0.666667 0.428571
vt 0.690476 0.428571
vt 0.714286 0.428571
vt 0.738095 0.428571
vt 0.761905 0.428571
vt 0.785714 0.428571
vt 0.809524 0.428571
vt 0.833333 0.428571
vt 0.857143 0.428571
vt 0.880952 0.428571
vt 0.904762 0.428571
vt 0.928571 0.428571
vt 0.952381 0.428571
vt 0.976190 0.428571
vt 1.000000 0.428571
vt 0.000000 0.500000
vt 0.023810 0.500000
vt 0.047619 0.500000
vt 0.071429 0.500000
vt 0.095238 0.500000
vt 0.119048 0.500000
vt 0.142857 0.500000
vt 0.166667 0.500000
vt 0.190476 0.500000
vt 0.214286 0.500000
vt 0.238095 0.500000
vt 0.261905 0.500000
vt 0.285714 0.500000
vt 0.309524 0.500000
vt 0.333333 0.500000
vt 0.357143 0.500000
vt 0.380952 0.500000
vt 0.404762 0.500000
vt 0.428571 0.500000
vt 0.452381 0.500000
vt 0.476190 0.500000
vt 0.500000 0.500000
vt 0.523810 0.500000
vt 0.547619 0.500000
vt 0.571429 0.500000
vt 0.595238 0.500000
vt 0.619048 0.500000
vt 0.642857 0.500000
vt 0.666667 0.500000
vt 0.690476 0.500000
vt 0.714286 0.500000
vt 0.738095 0.500000
vt 0.761905 0.500000
vt 0.785714 0.500000
vt 0.809524 0.500000
vt 0.833333 0.500000
vt 0.857143 0.500000
vt 0.880952 0.500000
vt 0.904762 0.500000
vt 0.928571 0.500000
vt 0.952381 0.500000
vt 0.976190 0.500000
vt 1.000000 0.500000
vt 0.000000 0.571429
vt 0.023810 0.571429
vt 0.047619 0.571429
vt 0.071429 0.571429
vt 0.095238 0.571429
vt 0.119048 0.571429
vt 0.142857 0.571429
vt 0.166667 0.571429
vt 0.190476 0.571429
vt 0.214286 0.571429
vt 0.238095 0.571429
vt 0.261905 0.571429
vt 0.285714 0.571429
vt 0.309524 0.571429
vt 0.333333 0.571429
vt 0.357143 0.571429
vt 0.380952 0.571429
vt 0.404762 0.571429
vt 0.428571 0.571429
vt 0.452381 0.571429
vt 0.476190 0.571429
vt 0.500000 0.571429
vt 0.523810 0.571429
vt 0.547619 0.571429
vt 0.571429 0.571429
vt 0.595238 0.571429
vt 0.619048 0.571429
vt 0.642857 0.571429
vt 0.666667 0.571429
vt 0.690476 0.571429
vt 0.714286 0.571429
vt 0.738095 0.571429
vt 0.761905 0.571429
vt 0.785714 0.571429
vt 0.809524 0.571429
vt 0.833333 0.571429
vt 0.857143 0.571429
vt 0.880952 0.571429
vt 0.904762 0.571429
vt 0.928571 0.571429
vt 0.952381 0.571429
vt 0.976190 0.571429
vt 1.000000 0.571429
vt 0.000000 0.642857
vt 0.023810 0.642857
vt 0.047619 0.642857
vt 0.071429 0.642857
vt 0.095238 0.642857
vt 0.119048 0.642857
vt 0.142857 0.642857
vt 0.166667 0.642857
vt 0.190476 0.642857
vt 0.214286 0.642857
vt 0.238095 0.642857
vt 0.261905 0.642857
vt 0.285714 0.642857
vt 0.309524 0.642857
vt 0.333333 0.642857
vt 0.357143 0.642857
vt 0.380952 0.642857
vt 0.404762 0.642857
vt 0.428571 0.642857
vt 0.452381 0.642857
vt 0.476190 0.642857
vt 0.500000 0.642857
vt 0.523810 0.642857
vt 0.547619 0.642857
vt 0.571429 0.642857
vt 0.595238 0.642857
vt 0.619048 0.642857
vt 0.642857 0.642857
vt 0.666667 0.642857
vt 0.690476 0.642857
vt 0.714286 0.642857
vt 0.738095 0.642857
vt 0.761905 0.642857
vt 0.785714 0.642857
vt 0.809524 0.642857
vt 0.833333 0.642857
vt 0.857143 0.642857
vt 0.880952 0.642857
vt 0.904762 0.642857
vt 0.928571 0.642857
vt 0.952381 0.642857
vt 0.976190 0.642857
vt 1.000000 0.642857
vt 0.000000 0.714286
vt 0.023810 0.714286
vt 0.047619 0.714286
vt 0.071429 0.714286
vt 0.095238 0.714286
vt 0.119048 0.714286
vt 0.142857 0.714286
vt 0.166667 0.714286
vt 0.190476 0.714286
vt 0.214286 0.714286
vt 0.238095 0.714286
vt 0.261905 0.714286
vt 0.285714 0.714286
vt 0.309524 0.714286
vt 0.333333 0.714286
vt 0.357143 0.714286
vt 0.380952 0.714286
vt 0.404762 0.714286
vt 0.428571 0.714286
vt 0.452381 0.714286
vt 0.476190 0.714286
vt 0.500000 0.714286
vt 0.523810 0.714286
vt 0.547619 0.714286
vt 0.571429 0.714286
vt 0.595238 0.714286
vt 0.619048 0.714286
vt 0.642857 0.714286
vt 0.666667 0.714286
vt 0.690476 0.714286
vt 0.714286 0.714286
vt 0.738095 0.714286
vt 0.761905 0.714286
vt 0.785714 0.714286
vt 0.809524 0.714286
vt 0.833333 0.714286
vt 0.857143 0.714286
vt 0.880952 0.714286
vt 0.904762 0.714286
vt 0.928571 0.714286
vt 0.952381 0.714286
vt 0.976190 0.714286
vt 1.000000 0.714286
vt 0.000000 0.785714
vt 0.023810 0.785714
vt 0.047619 0.785714
vt 0.071429 0.785714
vt 0.095238 0.785714
vt 0.119048 0.785714
vt 0.142857 0.785714
vt 0.166667 0.785714
vt 0.190476 0.785714
vt 0.214286 0.785714
vt 0.238095 0.785714
vt 0.261905 0.785714
vt 0.285714 0.785714
vt 0.309524 0.785714
vt 0.333333 0.785714
vt 0.357143 0.785714
vt 0.380952 0.785714
vt 0.404762 0.785714
vt 0.428571 0.785714
vt 0.452381 0.785714
vt 0.476190 0.785714
vt 0.500000 0.785714
vt 0.523810 0.785714
vt 0.547619 0.785714
vt 0.571429 0.785714
vt 0.595238 0.785714
vt 0.619048 0.785714
vt 0.642857 0.785714
vt 0.666667 0.785714
vt 0.690476 0.785714
vt 0.714286 0.785714
vt 0.738095 0.785714
vt 0.761905 0.785714
vt 0.785714 0.785714
vt 0.809524 0.785714
vt 0.833333 0.785714
vt 0.857143 0.785714
vt 0.880952 0.785714
vt 0.904762 0.785714
vt 0.928571 0.785714
vt 0.952381 0.785714
vt 0.976190 0.785714
vt 1.000000 0.785714
vt 0.000000 0.857143
vt 0.023810 0.857143
vt 0.047619 0.857143
vt 0.071429 0.857143
vt 0.095238 0.857143
vt 0.119048 0.857143
vt 0.142857 0.857143
vt 0.166667 0.857143
vt 0.190476 0.857143
vt 0.214286 0.857143
vt 0.238095 0.857143
vt 0.261905 0.857143
vt 0.285714 0.857143
vt 0.309524 0.857143
vt 0.333333 0.857143
vt 0.357143 0.857143
vt 0.380952 0.857143
vt 0.404762 0.857143
vt 0.428571 0.857143
vt 0.452381 0.857143
vt 0.476190 0.857143
vt 0.500000 0.857143
vt 0.523810 0.857143
vt 0.547619 0.857143
vt 0.571429 0.857143
vt 0.595238 0.857143
vt 0.619048 0.857143
vt 0.642857 0.857143
vt 0.666667 0.857143
vt 0.690476 0.857143
vt 0.714286 0.857143
vt 0.738095 0.857143
vt 0.761905 0.857143
vt 0.785714 0.857143
vt 0.809524 0.857143
vt 0.833333 0.857143
vt 0.857143 0.857143
vt 0.880952 0.857143
vt 0.904762 0.857143
vt 0.928571 0.857143
vt 0.952381 0.857143
vt 0.976190 0.857143
vt 1.000000 0.857143
vt 0.000000 0.928571
vt 0.023810 0.928571
vt 0.047619 0.928571
vt 0.071429 0.928571
vt 0.095238 0.928571
vt 0.119048 0.928571
vt 0.142857 0.928571
vt 0.166667 0.928571
vt 0.190476 0.928571
vt 0.214286 0.928571
vt 0.238095 0.928571
vt 0.261905 0.928571
vt 0.285714 0.928571
vt 0.309524 0.928571
vt 0.333333 0.928571
vt 0.357143 0.928571
vt 0.380952 0.928571
vt 0.404762 0.928571
vt 0.428571 0.928571
vt 0.452381 0.928571
vt 0.476190 0.928571
vt 0.500000 0.928571
vt 0.523810 0.928571
vt 0.547619 0.928571
vt 0.571429 0.928571
vt 0.595238 0.928571
vt 0.619048 0.928571
vt 0.642857 0.928571
vt 0.666667 0.928571
vt 0.690476 0.928571
vt 0.714286 0.928571
vt 0.738095 0.928571
vt 0.761905 0.928571
vt 0.785714 0.928571
vt 0.809524 0.928571
vt 0.833333 0.928571
vt 0.857143 0.928571
vt 0.880952 0.928571
vt 0.904762 0.928571
vt 0.928571 0.928571
vt 0.952381 0.928571
vt 0.976190 0.928571
vt 1.000000 0.928571
vt 0.000000 1.000000
vt 0.023810 1.000000
vt 0.047619 1.000000
vt 0.071429 1.000000
vt 0.095238 1.000000
vt 0.119048 1.000000
vt 0.142857 1.000000
vt 0.166667 1.000000
vt 0.190476 1.000000
vt 0.214286 1.000000
vt 0.238095 1.000000
vt 0.261905 1.000000
vt 0.285714 1.000000
vt 0.309524 1.000000
vt 0.333333 1.000000
vt 0.357143 1.000000
vt 0.380952 1.000000
vt 0.404762 1.000000
vt 0.428571 1.000000
vt 0.452381 1.000000
vt 0.476190 1.000000
vt 0.500000 1.000000
vt 0.523810 1.000000
vt 0.547619 1.000000
vt 0.571429 1.000000
vt 0.595238 1.000000
vt 0.619048 1.000000
vt 0.642857 1.000000
vt 0.666667 1.000000
vt 0.690476 1.000000
vt 0.714286 1.000000
vt 0.738095 1.000000
vt 0.761905 1.000000
vt 0.785714 1.000000
vt 0.809524 1.000000
vt 0.833333 1.000000
vt 0.857143 1.000000
vt 0.880952 1.000000
vt 0.904762 1.000000
vt 0.928571 1.000000
vt 0.952381 1.000000
vt 0.976190 1.000000
vt 1.000000 1.000000
vt 0.000000 0.000000
vt 0.033333 0.000000
vt 0.066667 0.000000
vt 0.100000 0.000000
vt 0.133333 0.000000
vt 0.166667 0.000000
vt 0.200000 0.000000
vt 0.233333 0.000000
vt 0.266667 0.000000
vt 0.300000 0.000000
vt 0.333333 0.000000
vt 0.366667 0.000000
vt 0.400000 0.000000
vt 0.433333 0.000000
vt 0.466667 0.000000
vt 0.500000 0.000000
vt 0.533333 0.000000
vt 0.566667 0.000000
vt 0.600000 0.000000
vt 0.633333 0.000000
vt 0.666667 0.000000
vt 0.700000 0.000000
vt 0.733333 0.000000
vt 0.766667 0.000000
vt 0.800000 0.000000
vt 0.833333 0.000000
vt 0.866667 0.000000
vt 0.900000 0.000000
vt 0.933333 0.000000
vt 0.966667 0.000000
vt 1.000000 0.000000
vt 0.000000 0.071429
vt 0.033333 0.071429
vt 0.066667 0.071429
vt 0.100000 0.071429
vt 0.133333 0.071429
vt 0.166667 0.071429
vt 0.200000 0.071429
vt 0.233333 0.071429
vt 0.266667 0.071429
vt 0.300000 0.071429
vt 0.333333 0.071429
vt 0.366667 0.071429
vt 0.400000 0.071429
vt 0.433333 0.071429
vt 0.466667 0.071429
vt 0.500000 0.071429
vt 0.533333 0.071429
vt 0.566667 0.071429
vt 0.600000 0.071429
vt 0.633333 0.071429
vt 0.666667 0.071429
vt 0.700000 0.071429
vt 0.733333 0.071429
vt 0.766667 0.071429
vt 0.800000 0.071429
vt 0.833333 0.071429
vt 0.866667 0.071429
vt 0.900000 0.071429
vt 0.933333 0.071429
vt 0.966667 0.071429
vt 1.000000 0.071429
vt 0.000000 0.142857
vt 0.033333 0.142857
vt 0.066667 0.142857
vt 0.100000 0.142857
vt 0.133333 0.142857
vt 0.166667 0.142857
vt 0.200000 0.142857
vt 0.233333 0.142857
vt 0.266667 0.142857
vt 0.300000 0.142857
vt 0.333333 0.142857
vt 0.366667 0.142857
vt 0.400000 0.142857
vt 0.433333 0.142857
vt 0.466667 0.142857
vt 0.500000 0.142857
vt 0.533333 0.142857
vt 0.566667 0.142857
vt 0.600000 0.142857
vt 0.633333 0.142857
vt 0.666667 0.142857
vt 0.700000 0.142857
vt 0.733333 0.142857
vt 0.766667 0.142857
vt 0.800000 0.142857
vt 0.833333 0.142857
vt 0.866667 0.142857
vt 0.900000 0.142857
vt 0.933333 0.142857
vt 0.966667 0.142857
vt 1.000000 0.142857
vt 0.000000 0.214286
vt 0.033333 0.214286
vt 0.066667 0.214286
vt 0.100000 0.214286
vt 0.133333 0.214286
vt 0.166667 0.214286
vt 0.200000 0.214286
vt 0.233333 0.214286
vt 0.266667 0.214286
vt 0.300000 0.214286
vt 0.333333 0.214286
vt 0.366667 0.214286
vt 0.400000 0.214286
vt 0.433333 0.214286
vt 0.466667 0.214286
vt 0.500000 0.214286
vt 0.533333 0.214286
vt 0.566667 0.214286
vt 0.600000 0.214286
vt 0.633333 0.214286
vt 0.666667 0.214286
vt 0.700000 0.214286
vt 0.733333 0.214286
vt 0.766667 0.214286
vt 0.800000 0.214286
vt 0.833333 0.214286
vt 0.866667 0.214286
vt 0.900000 0.214286
vt 0.933333 0.214286
vt 0.966667 0.214286
vt 1.000000 0.214286
vt 0.000000 0.285714
vt 0.033333 0.285714
vt 0.066667 0.285714
vt 0.100000 0.285714
vt 0.133333 0.285714
vt 0.166667 0.285714
vt 0.200000 0.285714
vt 0.233333 0.285714
vt 0.266667 0.285714
vt 0.300000 0.285714
vt 0.333333 0.285714
vt 0.366667 0.285714
vt 0.400000 0.285714
vt 0.433333 0.285714
vt 0.466667 0.285714
vt 0.500000 0.285714
vt 0.533333 0.285714
vt 0.566667 0.285714
vt 0.600000 0.285714
vt 0.633333 0.285714
vt 0.666667 0.285714
vt 0.700000 0.285714
vt 0.733333 0.285714
vt 0.766667 0.285714
vt 0.800000 0.285714
vt 0.833333 0.285714
vt 0.866667 0.285714
vt 0.900000 0.285714
vt 0.933333 0.285714
vt 0.966667 0.285714
vt 1.000000 0.285714
vt 0.000000 0.357143
vt 0.033333 0.357143
vt 0.066667 0.357143
vt 0.100000 0.357143
vt 0.133333 0.357143
vt 0.166667 0.357143
vt 0.200000 0.357143
vt 0.233333 0.357143
vt 0.266667 0.357143
vt 0.300000 0.357143
vt 0.333333 0.357143
vt 0.366667 0.357143
vt 0.400000 0.357143
vt 0.433333 0.357143
vt 0.466667 0.357143
vt 0.500000 0.357143
vt 0.533333 0.357143
vt 0.566667 0.357143
vt 0.600000 0.357143
vt 0.633333 0.357143
vt 0.666667 0.357143
vt 0.700000 0.357143
vt 0.733333 0.357143
vt 0.766667 0.357143
vt 0.800000 0.357143
vt 0.833333 0.357143
vt 0.866667 0.357143
vt 0.900000 0.357143
vt 0.933333 0.357143
vt 0.966667 0.357143
vt 1.000000 0.357143
vt 0.000000 0.428571
vt 0.033333 0.428571
vt 0.066667 0.428571
vt 0.100000 0.428571
vt 0.133333 0.428571
vt 0.166667 0.428571
vt 0.200000 0.428571
vt 0.233333 0.428571
vt 0.266667 0.428571
vt 0.300000 0.428571
vt 0.333333 0.428571
vt 0.366667 0.428571
vt 0.400000 0.428571
vt 0.433333 0.428571
vt 0.466667 0.428571
vt 0.500000 0.428571
vt 0.533333 0.428571
vt 0.566667 0.428571
vt 0.600000 0.428571
vt 0.633333 0.428571
vt 0.666667 0.428571
vt 0.700000 0.428571
vt 0.733333 0.428571
vt 0.766667 0.428571
vt 0.800000 0.428571
vt 0.833333 0.428571
vt 0.866667 0.428571
vt 0.900000 0.428571
vt 0.933333 0.428571
vt 0.966667 0.428571
vt 1.000000 0.428571
vt 0.000000 0.500000
vt 0.033333 0.500000
vt 0.066667 0.500000
vt 0.100000 0.500000
vt 0.133333 0.500000
vt 0.166667 0.500000
vt 0.200000 0.500000
vt 0.233333 0.500000
vt 0.266667 0.500000
vt 0.300000 0.500000
vt 0.333333 0.500000
vt 0.366667 0.500000
vt 0.400000 0.500000
vt 0.433333 0.500000
vt 0.466667 0.500000
vt 0.500000 0.500000
vt 0.533333 0.500000
vt 0.566667 0.500000
vt 0.600000 0.500000
vt 0.633333 0.500000
vt 0.666667 0.500000
vt 0.700000 0.500000
vt 0.733333 0.500000
vt 0.766667 0.500000
vt 0.800000 0.500000
vt 0.833333 0.500000
vt 0.866667 0.500000
vt 0.900000 0.500000
vt 0.933333 0.500000
vt 0.966667 0.500000
vt 1.000000 0.500000
vt 0.000000 0.571429
vt 0.033333 0.571429
vt 0.066667 0.571429
vt 0.100000 0.571429
vt 0.133333 0.571429
vt 0.166667 0.571429
vt 0.200000 0.571429
vt 0.233333 0.571429
vt 0.266667 0.571429
vt 0.300000 0.571429
vt 0.333333 0.571429
vt 0.366667 0.571429
vt 0.400000 0.571429
vt 0.433333 0.571429
vt 0.466667 0.571429
vt 0.500000 0.571429
vt 0.533333 0.571429
vt 0.566667 0.571429
vt 0.600000 0.571429
vt 0.633333 0.571429
vt 0.666667 0.571429
vt 0.700000 0.571429
vt 0.733333 0.571429
vt 0.766667 0.571429
vt 0.800000 0.571429
vt 0.833333 0.571429
vt 0.866667 0.571429
vt 0.900000 0.571429
vt 0.933333 0.571429
vt 0.966667 0.571429
vt 1.000000 0.571429
vt 0.000000 0.642857
vt 0.033333 0.642857
vt 0.066667 0.642857
vt 0.100000 0.642857
vt 0.133333 0.642857
vt 0.166667 0.642857
vt 0.200000 0.642857
vt 0.233333 0.642857
vt 0.266667 0.642857
vt 0.300000 0.642857
vt 0.333333 0.642857
vt 0.366667 0.642857
vt 0.400000 0.642857
vt 0.433333 0.642857
vt 0.466667 0.642857
vt 0.500000 0.642857
vt 0.533333 0.642857
vt 0.566667 0.642857
vt 0.600000 0.642857
vt 0.633333 0.642857
vt 0.666667 0.642857
vt 0.700000 0.642857
vt 0.733333 0.642857
vt 0.766667 0.642857
vt 0.800000 0.642857
vt 0.833333 0.642857
vt 0.866667 0.642857
vt 0.900000 0.642857
vt 0.933333 0.642857
vt 0.966667 0.642857
vt 1.000000 0.642857
vt 0.000000 0.714286
vt 0.033333 0.714286
vt 0.066667 0.714286
vt 0.100000 0.714286
vt 0.133333 0.714286
vt 0.166667 0.714286
vt 0.200000 0.714286
vt 0.233333 0.714286
vt 0.266667 0.714286
vt 0.300000 0.714286
vt 0.333333 0.714286
vt 0.366667 0.714286
vt 0.400000 0.714286
vt 0.433333 0.714286
vt 0.466667 0.714286
vt 0.500000 0.714286
vt 0.533333 0.714286
vt 0.566667 0.714286
vt 0.600000 0.714286
vt 0.633333 0.714286
vt 0.666667 0.714286
vt 0.700000 0.714286
vt 0.733333 0.714286
vt 0.766667 0.714286
vt 0.800000 0.714286
vt 0.833333 0.714286
vt 0.866667 0.714286
vt 0.900000 0.714286
vt 0.933333 0.714286
vt 0.966667 0.714286
vt 1.000000 0.714286
vt 0.000000 0.785714
vt 0.033333 0.785714
vt 0.066667 0.785714
vt 0.100000 0.785714
vt 0.133333 0.785714
vt 0.166667 0.785714
vt 0.200000 0.785714
vt 0.233333 0.785714
vt 0.266667 0.785714
vt 0.300000 0.785714
vt 0.333333 0.785714
vt 0.366667 0.785714
vt 0.400000 0.785714
vt 0.433333 0.785714
vt 0.466667 0.785714
vt 0.500000 0.785714
vt 0.533333 0.785714
vt 0.566667 0.785714
vt 0.600000 0.785714
vt 0.633333 0.785714
vt 0.666667 0.785714
vt 0.700000 0.785714
vt 0.733333 0.785714
vt 0.766667 0.785714
vt 0.800000 0.785714
vt 0.833333 0.785714
vt 0.866667 0.785714
vt 0.900000 0.785714
vt 0.933333 0.785714
vt 0.966667 0.785714
vt 1.000000 0.785714
vt 0.000000 0.857143
vt 0.033333 0.857143
vt 0.066667 0.857143
vt 0.100000 0.857143
vt 0.133333 0.857143
vt 0.166667 0.857143
vt 0.200000 0.857143
vt 0.233333 0.857143
vt 0.266667 0.857143
vt 0.300000 0.857143
vt 0.333333 0.857143
vt 0.366667 0.857143
vt 0.400000 0.857143
vt 0.433333 0.857143
vt 0.466667 0.857143
vt 0.500000 0.857143
vt 0.533333 0.857143
vt 0.566667 0.857143
vt 0.600000 0.857143
vt 0.633333 0.857143
vt 0.666667 0.857143
vt 0.700000 0.857143
vt 0.733333 0.857143
vt 0.766667 0.857143
vt 0.800000 0.857143
vt 0.833333 0.857143
vt 0.866667 0.857143
vt 0.900000 0.857143
vt 0.933333 0.857143
vt 0.966667 0.857143
vt 1.000000 0.857143
vt 0.000000 0.928571
vt 0.033333 0.928571
vt 0.066667 0.928571
vt 0.100000 0.928571
vt 0.133333 0.928571
vt 0.166667 0.928571
vt 0.200000 0.928571
vt 0.233333 0.928571
vt 0.266667 0.928571
vt 0.300000 0.928571
vt 0.333333 0.928571
vt 0.366667 0.928571
vt 0.400000 0.928571
vt 0.433333 0.928571
vt 0.466667 0.928571
vt 0.500000 0.928571
vt 0.533333 0.928571
vt 0.566667 0.928571
vt 0.600000 0.928571
vt 0.633333 0.928571
vt 0.666667 0.928571
vt 0.700000 0.928571
vt 0.733333 0.928571
vt 0.766667 0.928571
vt 0.800000 0.928571
vt 0.833333 0.928571
vt 0.866667 0.928571
vt 0.900000 0.928571
vt 0.933333 0.928571
vt 0.966667 0.928571
vt 1.000000 0.928571
vt 0.000000 1.000000
vt 0.033333 1.000000
vt 0.066667 1.000000
vt 0.100000 1.000000
vt 0.133333 1.000000
vt 0.166667 1.000000
vt 0.200000 1.000000
vt 0.233333 1.000000
vt 0.266667 1.000000
vt 0.300000 1.000000
vt 0.333333 1.000000
vt 0.366667 1.000000
vt 0.400000 1.000000
vt 0.433333 1.000000
vt 0.466667 1.000000
vt 0.500000 1.000000
vt 0.533333 1.000000
vt 0.566667 1.000000
vt 0.600000 1.000000
vt 0.633333 1.000000
vt 0.666667 1.000000
vt 0.700000 1.000000
vt 0.733333 1.000000
vt 0.766667 1.000000
vt 0.800000 1.000000
vt 0.833333 1.000000
vt 0.866667 1.000000
vt 0.900000 1.000000
vt 0.933333 1.000000
vt 0.966667 1.000000
vt 1.000000 1.000000
vt 0.000000 0.000000
vt 0.023810 0.000000
vt 0.047619 0.000000
vt 0.071429 0.000000
vt 0.095238 0.000000
vt 0.119048 0.000000
vt 0.142857 0.000000
vt 0.166667 0.000000
vt 0.190476 0.000000
vt 0.214286 0.000000
vt 0.238095 0.000000
vt 0.261905 0.000000
vt 0.285714 0.000000
vt 0.309524 0.000000
vt 0.333333 0.000000
vt 0.357143 0.000000
vt 0.380952 0.000000
vt 0.404762 0.000000
vt 0.428571 0.000000
vt 0.452381 0.000000
vt 0.476190 0.000000
vt 0.500000 0.000000
vt 0.523810 0.000000
vt 0.547619 0.000000
vt 0.571429 0.000000
vt 0.595238 0.000000
vt 0.619048 0.000000
vt 0.642857 0.000000
vt 0.666667 0.000000
vt 0.690476 0.000000
vt 0.714286 0.000000
vt 0.738095 0.000000
vt 0.761905 0.000000
vt 0.785714 0.000000
vt 0.809524 0.000000
vt 0.833333 0.000000
vt 0.857143 0.000000
vt 0.880952 0.000000
vt 0.904762 0.000000
vt 0.928571 0.000000
vt 0.952381 0.000000
vt 0.976190 0.000000
vt 1.000000 0.000000
vt 0.000000 0.071429
vt 0.023810 0.071429
vt 0.047619 0.071429
vt 0.071429 0.071429
vt 0.095238 0.071429
vt 0.119048 0.071429
vt 0.142857 0.071429
vt 0.166667 0.071429
vt 0.190476 0.071429
vt 0.214286 0.071429
vt 0.238095 0.071429
vt 0.261905 0.071429
vt 0.285714 0.071429
vt 0.309524 0.071429
vt 0.333333 0.071429
vt 0.357143 0.071429
vt 0.380952 0.071429
vt 0.404762 0.071429
vt 0.428571 0.071429
vt 0.452381 0.071429
vt 0.476190 0.071429
vt 0.500000 0.071429
vt 0.523810 0.071429
vt 0.547619 0.071429
vt 0.571429 0.071429
vt 0.595238 0.071429
vt 0.619048 0.071429
vt 0.642857 0.071429
vt 0.666667 0.071429
vt 0.690476 0.071429
vt 0.714286 0.071429
vt 0.738095 0.071429
vt 0.761905 0.071429
vt 0.785714 0.071429
vt 0.809524 0.071429
vt 0.833333 0.071429
vt 0.857143 0.071429
vt 0.880952 0.071429
vt 0.904762 0.071429
vt 0.928571 0.071429
vt 0.952381 0.071429
vt 0.976190 0.071429
vt 1.000000 0.071429
vt 0.000000 0.142857
vt 0.023810 0.142857
vt 0.047619 0.142857
vt 0.071429 0.142857
vt 0.095238 0.142857
vt 0.119048 0.142857
vt 0.142857 0.142857
vt 0.166667 0.142857
vt 0.190476 0.142857
vt 0.214286 0.142857
vt 0.238095 0.142857
vt 0.261905 0.142857
vt 0.285714 0.142857
vt 0.309524 0.142857
vt 0.333333 0.142857
vt 0.357143 0.142857
vt 0.380952 0.142857
vt 0.404762 0.142857
vt 0.428571 0.142857
vt 0.452381 0.142857
vt 0.476190 0.142857
vt 0.500000 0.142857
vt 0.523810 0.142857
vt 0.547619 0.142857
vt 0.571429 0.142857
vt 0.595238 0.142857
vt 0.619048 0.142857
vt 0.642857 0.142857
vt 0.666667 0.142857
vt 0.690476 0.142857
vt 0.714286 0.142857
vt 0.738095 0.142857
vt 0.761905 0.142857
vt 0.785714 0.142857
vt 0.809524 0.142857
vt 0.833333 0.142857
vt 0.857143 0.142857
vt 0.880952 0.142857
vt 0.904762 0.142857
vt 0.928571 0.142857
vt 0.952381 0.142857
vt 0.976190 0.142857
vt 1.000000 0.142857
vt 0.000000 0.214286
vt 0.023810 0.214286
vt 0.047619 0.214286
vt 0.071429 0.214286
vt 0.095238 0.214286
vt 0.119048 0.214286
vt 0.142857 0.214286
vt 0.166667 0.214286
vt 0.190476 0.214286
vt 0.214286 0.214286
vt 0.238095 0.214286
vt 0.261905 0.214286
vt 0.285714 0.214286
vt 0.309524 0.214286
vt 0.333333 0.214286
vt 0.357143 0.214286
vt 0.380952 0.214286
vt 0.404762 0.214286
vt 0.428571 0.214286
vt 0.452381 0.214286
vt 0.476190 0.214286
vt 0.500000 0.214286
vt 0.523810 0.214286
vt 0.547619 0.214286
vt 0.571429 0.214286
vt 0.595238 0.214286
vt 0.619048 0.214286
vt 0.642857 0.214286
vt 0.666667 0.214286
vt 0.690476 0.214286
vt 0.714286 0.214286
vt 0.738095 0.214286
vt 0.761905 0.214286
vt 0.785714 0.214286
vt 0.809524 0.214286
vt 0.833333 0.214286
vt 0.857143 0.214286
vt 0.880952 0.214286
vt 0.904762 0.214286
vt 0.928571 0.214286
vt 0.952381 0.214286
vt 0.976190 0.214286
vt 1.000000 0.214286
vt 0.000000 0.285714
vt 0.023810 0.285714
vt 0.047619 0.285714
vt 0.071429 0.285714
vt 0.095238 0.285714
vt 0.119048 0.285714
vt 0.142857 0.285714
vt 0.166667 0.285714
vt 0.190476 0.285714
vt 0.214286 0.285714
vt 0.238095 0.285714
vt 0.261905 0.285714
vt 0.285714 0.285714
vt 0.309524 0.285714
vt 0.333333 0.285714
vt 0.357143 0.285714
vt 0.380952 0.285714
vt 0.404762 0.285714
vt 0.428571 0.285714
vt 0.452381 0.285714
vt 0.476190 0.285714
vt 0.500000 0.285714
vt 0.523810 0.285714
vt 0.547619 0.285714
vt 0.571429 0.285714
vt 0.595238 0.285714
vt 0.619048 0.285714
vt 0.642857 0.285714
vt 0.666667 0.285714
vt 0.690476 0.285714
vt 0.714286 0.285714
vt 0.738095 0.285714
vt 0.761905 0.285714
vt 0.785714 0.285714
vt 0.809524 0.285714
vt 0.833333 0.285714
vt 0.857143 0.285714
vt 0.880952 0.285714
vt 0.904762 0.285714
vt 0.928571 0.285714
vt 0.952381 0.285714
vt 0.976190 0.285714
vt 1.000000 0.285714
vt 0.000000 0.357143
vt 0.023810 0.357143
vt 0.047619 0.357143
vt 0.071429 0.357143
vt 0.095238 0.357143
vt 0.119048 0.357143
vt 0.142857 0.357143
vt 0.166667 0.357143
vt 0.190476 0.357143
vt 0.214286 0.357143
vt 0.238095 0.357143
vt 0.261905 0.357143
vt 0.285714 0.357143
vt 0.309524 0.357143
vt 0.333333 0.357143
vt 0.357143 0.357143
vt 0.380952 0.357143
vt 0.404762 0.357143
vt 0.428571 0.357143
vt 0.452381 0.357143
vt 0.476190 0.357143
vt 0.500000 0.357143
vt 0.523810 0.357143
vt 0.547619 0.357143
vt 0.571429 0.357143
vt 0.595238 0.357143
vt 0.619048 0.357143
vt 0.642857 0.357143
vt 0.666667 0.357143
vt 0.690476 0.357143
vt 0.714286 0.357143
vt 0.738095 0.357143
vt 0.761905 0.357143
vt 0.785714 0.357143
vt 0.809524 0.357143
vt 0.833333 0.357143
vt 0.857143 0.357143
vt 0.880952 0.357143
vt 0.904762 0.357143
vt 0.928571 0.357143
vt 0.952381 0.357143
vt 0.976190 0.357143
vt 1.000000 0.357143
vt 0.000000 0.428571
vt 0.023810 0.428571
vt 0.047619 0.428571
vt 0.071429 0.428571
vt 0.095238 0.428571
vt 0.119048 0.428571
vt 0.142857 0.428571
vt 0.166667 0.428571
vt 0.190476 0.428571
vt 0.214286 0.428571
vt 0.238095 0.428571
vt 0.261905 0.428571
vt 0.285714 0.428571
vt 0.309524 0.428571
vt 0.333333 0.428571
vt 0.357143 0.428571
vt 0.380952 0.428571
vt 0.404762 0.428571
vt 0.428571 0.428571
vt 0.452381 0.428571
vt 0.476190 0.428571
vt 0.500000 0.428571
vt 0.523810 0.428571
vt 0.547619 0.428571
vt 0.571429 0.428571
vt 0.595238 0.428571
vt 0.619048 0.428571
vt 0.642857 0.428571
vt 0.666667 0.428571
vt 0.690476 0.428571
vt 0.714286 0.428571
vt 0.738095 0.428571
vt 0.761905 0.428571
vt 0.785714 0.428571
vt 0.809524 0.428571
vt 0.833333 0.428571
vt 0.857143 0.428571
vt 0.880952 0.428571
vt 0.904762 0.428571
vt 0.928571 0.428571
vt 0.952381 0.428571
vt 0.976190 0.428571
vt 1.000000 0.428571
vt 0.000000 0.500000
vt 0.023810 0.500000
vt 0.047619 0.500000
vt 0.071429 0.500000
vt 0.095238 0.500000
vt 0.119048 0.500000
vt 0.142857 0.500000
vt 0.166667 0.500000
vt 0.190476 0.500000
vt 0.214286 0.500000
vt 0.238095 0.500000
vt 0.261905 0.500000
vt 0.285714 0.500000
vt 0.309524 0.500000
vt 0.333333 0.500000
vt 0.357143 0.500000
vt 0.380952 0.500000
vt 0.404762 0.500000
vt 0.428571 0.500000
vt 0.452381 0.500000
vt 0.476190 0.500000
vt 0.500000 0.500000
vt 0.523810 0.500000
vt 0.547619 0.500000
vt 0.571429 0.500000
vt 0.595238 0.500000
vt 0.619048 0.500000
vt 0.642857 0.500000
vt 0.666667 0.500000
vt 0.690476 0.500000
vt 0.714286 0.500000
vt 0.738095 0.500000
vt 0.761905 0.500000
vt 0.785714 0.500000
vt 0.809524 0.500000
vt 0.833333 0.500000
vt 0.857143 0.500000
vt 0.880952 0.500000
vt 0.904762 0.500000
vt 0.928571 0.500000
vt 0.952381 0.500000
vt 0.976190 0.500000
vt 1.000000 0.500000
vt 0.000000 0.571429
vt 0.023810 0.571429
vt 0.047619 0.571429
vt 0.071429 0.571429
vt 0.095238 0.571429
vt 0.119048 0.571429
vt 0.142857 0.571429
vt 0.166667 0.571429
vt 0.190476 0.571429
vt 0.214286 0.571429
vt 0.238095 0.571429
vt 0.261905 0.571429
vt 0.285714 0.571429
vt 0.309524 0.571429
vt 0.333333 0.571429
vt 0.357143 0.571429
vt 0.380952 0.571429
vt 0.404762 0.571429
vt 0.428571 0.571429
vt 0.452381 0.571429
vt 0.476190 0.571429
vt 0.500000 0.571429
vt 0.523810 0.571429
vt 0.547619 0.571429
vt 0.571429 0.571429
vt 0.595238 0.571429
vt 0.619048 0.571429
vt 0.642857 0.571429
vt 0.666667 0.571429
vt 0.690476 0.571429
vt 0.714286 0.571429
vt 0.738095 0.571429
vt 0.761905 0.571429
vt 0.785714 0.571429
vt 0.809524 0.571429
vt 0.833333 0.571429
vt 0.857143 0.571429
vt 0.880952 0.571429
vt 0.904762 0.571429
vt 0.928571 0.571429
vt 0.952381 0.571429
vt 0.976190 0.571429
vt 1.000000 0.571429
vt 0.000000 0.642857
vt 0.023810 0.642857
vt 0.047619 0.642857
vt 0.071429 0.642857
vt 0.095238 0.642857
vt 0.119048 0.642857
vt 0.142857 0.642857
vt 0.166667 0.642857
vt 0.190476 0.642857
vt 0.214286 0.642857
vt 0.238095 0.642857
vt 0.261905 0.642857
vt 0.285714 0.642857
vt 0.309524 0.642857
vt 0.333333 0.642857
vt 0.357143 0.642857
vt 0.380952 0.642857
vt 0.404762 0.642857
vt 0.428571 0.642857
vt 0.452381 0.642857
vt 0.476190 0.642857
vt 0.500000 0.642857
vt 0.523810 0.642857
vt 0.547619 0.642857
vt 0.571429 0.642857
vt 0.595238 0.642857
vt 0.619048 0.642857
vt 0.642857 0.642857
vt 0.666667 0.642857
vt 0.690476 0.642857
vt 0.714286 0.642857
vt 0.738095 0.642857
vt 0.761905 0.642857
vt 0.785714 0.642857
vt 0.809524 0.642857
vt 0.833333 0.642857
vt 0.857143 0.642857
vt 0.880952 0.642857
vt 0.904762 0.642857
vt 0.928571 0.642857
vt 0.952381 0.642857
vt 0.976190 0.642857
vt 1.000000 0.642857
vt 0.000000 0.714286
vt 0.023810 0.714286
vt 0.047619 0.714286
vt 0.071429 0.714286
vt 0.095238 0.714286
vt 0.119048 0.714286
vt 0.142857 0.714286
vt 0.166667 0.714286
vt 0.190476 0.714286
vt 0.214286 0.714286
vt 0.238095 0.714286
vt 0.261905 0.714286
vt 0.285714 0.714286
vt 0.309524 0.714286
vt 0.333333 0.714286
vt 0.357143 0.714286
vt 0.380952 0.714286
vt 0.404762 0.714286
vt 0.428571 0.714286
vt 0.452381 0.714286
vt 0.476190 0.714286
vt 0.500000 0.714286
vt 0.523810 0.714286
vt 0.547619 0.714286
vt 0.571429 0.714286
vt 0.595238 0.714286
vt 0.619048 0.714286
vt 0.642857 0.714286
vt 0.666667 0.714286
vt 0.690476 0.714286
vt 0.714286 0.714286
vt 0.738095 0.714286
vt 0.761905 0.714286
vt 0.785714 0.714286
vt 0.809524 0.714286
vt 0.833333 0.714286
vt 0.857143 0.714286
vt 0.880952 0.714286
vt 0.904762 0.714286
vt 0.928571 0.714286
vt 0.952381 0.714286
vt 0.976190 0.714286
vt 1.000000 0.714286
vt 0.000000 0.785714
vt 0.023810 0.785714
vt 0.047619 0.785714
vt 0.071429 0.785714
vt 0.095238 0.785714
vt 0.119048 0.785714
vt 0.142857 0.785714
vt 0.166667 0.785714
vt 0.190476 0.785714
vt 0.214286 0.785714
vt 0.238095 0.785714
vt 0.261905 0.785714
vt 0.285714 0.785714
vt 0.309524 0.785714
vt 0.333333 0.785714
vt 0.357143 0.785714
vt 0.380952 0.785714
vt 0.404762 0.785714
vt 0.428571 0.785714
vt 0.452381 0.785714
vt 0.476190 0.785714
vt 0.500000 0.785714
vt 0.523810 0.785714
vt 0.547619 0.785714
vt 0.571429 0.785714
vt 0.595238 0.785714
vt 0.619048 0.785714
vt 0.642857 0.785714
vt 0.666667 0.785714
vt 0.690476 0.785714
vt 0.714286 0.785714
vt 0.738095 0.785714
vt 0.761905 0.785714
vt 0.785714 0.785714
vt 0.809524 0.785714
vt 0.833333 0.785714
vt 0.857143 0.785714
vt 0.880952 0.785714
vt 0.904762 0.785714
vt 0.928571 0.785714
vt 0.952381 0.785714
vt 0.976190 0.785714
vt 1.000000 0.785714
vt 0.000000 0.857143
vt 0.023810 0.857143
vt 0.047619 0.857143
vt 0.071429 0.857143
vt 0.095238 0.857143
vt 0.119048 0.857143
vt 0.142857 0.857143
vt 0.166667 0.857143
vt 0.190476 0.857143
vt 0.214286 0.857143
vt 0.238095 0.857143
vt 0.261905 0.857143
vt 0.285714 0.857143
vt 0.309524 0.857143
vt 0.333333 0.857143
vt 0.357143 0.857143
vt 0.380952 0.857143
vt 0.404762 0.857143
vt 0.428571 0.857143
vt 0.452381 0.857143
vt 0.476190 0.857143
vt 0.500000 0.857143
vt 0.523810 0.857143
vt 0.547619 0.857143
vt 0.571429 0.857143
vt 0.595238 0.857143
vt 0.619048 0.857143
vt 0.642857 0.857143
vt 0.666667 0.857143
vt 0.690476 0.857143
vt 0.714286 0.857143
vt 0.738095 0.857143
vt 0.761905 0.857143
vt 0.785714 0.857143
vt 0.809524 0.857143
vt 0.833333 0.857143
vt 0.857143 0.857143
vt 0.880952 0.857143
vt 0.904762 0.857143
vt 0.928571 0.857143
vt 0.952381 0.857143
vt 0.976190 0.857143
vt 1.000000 0.857143
vt 0.000000 0.928571
vt 0.023810 0.928571
vt 0.047619 0.928571
vt 0.071429 0.928571
vt 0.095238 0.928571
vt 0.119048 0.928571
vt 0.142857 0.928571
vt 0.166667 0.928571
vt 0.190476 0.928571
vt 0.214286 0.928571
vt 0.238095 0.928571
vt 0.261905 0.928571
vt 0.285714 0.928571
vt 0.309524 0.928571
vt 0.333333 0.928571
vt 0.357143 0.928571
vt 0.380952 0.928571
vt 0.404762 0.928571
vt 0.428571 0.928571
vt 0.452381 0.928571
vt 0.476190 0.928571
vt 0.500000 0.928571
vt 0.523810 0.928571
vt 0.547619 0.928571
vt 0.571429 0.928571
vt 0.595238 0.928571
vt 0.619048 0.928571
vt 0.642857 0.928571
vt 0.666667 0.928571
vt 0.690476 0.928571
vt 0.714286 0.928571
vt 0.738095 0.928571
vt 0.761905 0.928571
vt 0.785714 0.928571
vt 0.809524 0.928571
vt 0.833333 0.928571
vt 0.857143 0.928571
vt 0.880952 0.928571
vt 0.904762 0.928571
vt 0.928571 0.928571
vt 0.952381 0.928571
vt 0.976190 0.928571
vt 1.000000 0.928571
vt 0.000000 1.000000
vt 0.023810 1.000000
vt 0.047619 1.000000
vt 0.071429 1.000000
vt 0.095238 1.000000
vt 0.119048 1.000000
vt 0.142857 1.000000
vt 0.166667 1.000000
vt 0.190476 1.000000
vt 0.214286 1.000000
vt 0.238095 1.000000
vt 0.261905 1.000000
vt 0.285714 1.000000
vt 0.309524 1.000000
vt 0.333333 1.000000
vt 0.357143 1.000000
vt 0.380952 1.000000
vt 0.404762 1.000000
vt 0.428571 1.000000
vt 0.452381 1.000000
vt 0.476190 1.000000
vt 0.500000 1.000000
vt 0.523810 1.000000
vt 0.547619 1.000000
vt 0.571429 1.000000
vt 0.595238 1.000000
vt 0.619048 1.000000
vt 0.642857 1.000000
vt 0.666667 1.000000
vt 0.690476 1.000000
vt 0.714286 1.000000
vt 0.738095 1.000000
vt 0.761905 1.000000
vt 0.785714 1.000000
vt 0.809524 1.000000
vt 0.833333 1.000000
vt 0.857143 1.000000
vt 0.880952 1.000000
vt 0.904762 1.000000
vt 0.928571 1.000000
vt 0.952381 1.000000
vt 0.976190 1.000000
vt 1.000000 1.000000
vt 0.000000 0.000000
vt 0.033333 0.000000
vt 0.066667 0.000000
vt 0.100000 0.000000
vt 0.133333 0.000000
vt 0.166667 0.000000
vt 0.200000 0.000000
vt 0.233333 0.000000
vt 0.266667 0.000000
vt 0.300000 0.000000
vt 0.333333 0.000000
vt 0.366667 0.000000
vt 0.400000 0.000000
vt 0.433333 0.000000
vt 0.466667 0.000000
vt 0.500000 0.000000
vt 0.533333 0.000000
vt 0.566667 0.000000
vt 0.600000 0.000000
vt 0.633333 0.000000
vt 0.666667 0.000000
vt 0.700000 0.000000
vt 0.733333 0.000000
vt 0.766667 0.000000
vt 0.800000 0.000000
vt 0.833333 0.000000
vt 0.866667 0.000000
vt 0.900000 0.000000
vt 0.933333 0.000000
vt 0.966667 0.000000
vt 1.000000 0.000000
vt 0.000000 0.071429
vt 0.033333 0.071429
vt 0.066667 0.071429
vt 0.100000 0.071429
vt 0.133333 0.071429
vt 0.166667 0.071429
vt 0.200000 0.071429
vt 0.233333 0.071429
vt 0.266667 0.071429
vt 0.300000 0.071429
vt 0.333333 0.071429
vt 0.366667 0.071429
vt 0.400000 0.071429
vt 0.433333 0.071429
vt 0.466667 0.071429
vt 0.500000 0.071429
vt 0.533333 0.071429
vt 0.566667 0.071429
vt 0.600000 0.071429
vt 0.633333 0.071429
vt 0.666667 0.071429
vt 0.700000 0.071429
vt 0.733333 0.071429
vt 0.766667 0.071429
vt 0.800000 0.071429
vt 0.833333 0.071429
vt 0.866667 0.071429
vt 0.900000 0.071429
vt 0.933333 0.071429
vt 0.966667 0.071429
vt 1.000000 0.071429
vt 0.000000 0.142857
vt 0.033333 0.142857
vt 0.066667 0.142857
vt 0.100000 0.142857
vt 0.133333 0.142857
vt 0.166667 0.142857
vt 0.200000 0.142857
vt 0.233333 0.142857
vt 0.266667 0.142857
vt 0.300000 0.142857
vt 0.333333 0.142857
vt 0.366667 0.142857
vt 0.400000 0.142857
vt 0.433333 0.142857
vt 0.466667 0.142857
vt 0.500000 0.142857
vt 0.533333 0.142857
vt 0.566667 0.142857
vt 0.600000 0.142857
vt 0.633333 0.142857
vt 0.666667 0.142857
vt 0.700000 0.142857
vt 0.733333 0.142857
vt 0.766667 0.142857
vt 0.800000 0.142857
vt 0.833333 0.142857
vt 0.866667 0.142857
vt 0.900000 0.142857
vt 0.933333 0.142857
vt 0.966667 0.142857
vt 1.000000 0.142857
vt 0.000000 0.214286
vt 0.033333 0.214286
vt 0.066667 0.214286
vt 0.100000 0.214286
vt 0.133333 0.214286
vt 0.166667 0.214286
vt 0.200000 0.214286
vt 0.233333 0.214286
vt 0.266667 0.214286
vt 0.300000 0.214286
vt 0.333333 0.214286
vt 0.366667 0.214286
vt 0.400000 0.214286
vt 0.433333 0.214286
vt 0.466667 0.214286
vt 0.500000 0.214286
vt 0.533333 0.214286
vt 0.566667 0.214286
vt 0.600000 0.214286
vt 0.633333 0.214286
vt 0.666667 0.214286
vt 0.700000 0.214286
vt 0.733333 0.214286
vt 0.766667 0.214286
vt 0.800000 0.214286
vt 0.833333 0.214286
vt 0.866667 0.214286
vt 0.900000 0.214286
vt 0.933333 0.214286
vt 0.966667 0.214286
vt 1.000000 0.214286
vt 0.000000 0.285714
vt 0.033333 0.285714
vt 0.066667 0.285714
vt 0.100000 0.285714
vt 0.133333 0.285714
vt 0.166667 0.285714
vt 0.200000 0.285714
vt 0.233333 0.285714
vt 0.266667 0.285714
vt 0.300000 0.285714
vt 0.333333 0.285714
vt 0.366667 0.285714
vt 0.400000 0.285714
vt 0.433333 0.285714
vt 0.466667 0.285714
vt 0.500000 0.285714
vt 0.533333 0.285714
vt 0.566667 0.285714
vt 0.600000 0.285714
vt 0.633333 0.285714
vt 0.666667 0.285714
vt 0.700000 0.285714
vt 0.733333 0.285714
vt 0.766667 0.285714
vt 0.800000 0.285714
vt 0.833333 0.285714
vt 0.866667 0.285714
vt 0.900000 0.285714
vt 0.933333 0.285714
vt 0.966667 0.285714
vt 1.000000 0.285714
vt 0.000000 0.357143
vt 0.033333 0.357143
vt 0.066667 0.357143
vt 0.100000 0.357143
vt 0.133333 0.357143
vt 0.166667 0.357143
vt 0.200000 0.357143
vt 0.233333 0.357143
vt 0.266667 0.357143
vt 0.300000 0.357143
vt 0.333333 0.357143
vt 0.366667 0.357143
vt 0.400000 0.357143
vt 0.433333 0.357143
vt 0.466667 0.357143
vt 0.500000 0.357143
vt 0.533333 0.357143
vt 0.566667 0.357143
vt 0.600000 0.357143
vt 0.633333 0.357143
vt 0.666667 0.357143
vt 0.700000 0.357143
vt 0.733333 0.357143
vt 0.766667 0.357143
vt 0.800000 0.357143
vt 0.833333 0.357143
vt 0.866667 0.357143
vt 0.900000 0.357143
vt 0.933333 0.357143
vt 0.966667 0.357143
vt 1.000000 0.357143
vt 0.000000 0.428571
vt 0.033333 0.428571
vt 0.066667 0.428571
vt 0.100000 0.428571
vt 0.133333 0.428571
vt 0.166667 0.428571
vt 0.200000 0.428571
vt 0.233333 0.428571
vt 0.266667 0.428571
vt 0.300000 0.428571
vt 0.333333 0.428571
vt 0.366667 0.428571
vt 0.400000 0.428571
vt 0.433333 0.428571
vt 0.466667 0.428571
vt 0.500000 0.428571
vt 0.533333 0.428571
vt 0.566667 0.428571
vt 0.600000 0.428571
vt 0.633333 0.428571
vt 0.666667 0.428571
vt 0.700000 0.428571
vt 0.733333 0.428571
vt 0.766667 0.428571
vt 0.800000 0.428571
vt 0.833333 0.428571
vt 0.866667 0.428571
vt 0.900000 0.428571
vt 0.933333 0.428571
vt 0.966667 0.428571
vt 1.000000 0.428571
vt 0.000000 0.500000
vt 0.033333 0.500000
vt 0.066667 0.500000
vt 0.100000 0.500000
vt 0.133333 0.500000
vt 0.166667 0.500000
vt 0.200000 0.500000
vt 0.233333 0.500000
vt 0.266667 0.500000
vt 0.300000 0.500000
vt 0.333333 0.500000
vt 0.366667 0.500000
vt 0.400000 0.500000
vt 0.433333 0.500000
vt 0.466667 0.500000
vt 0.500000 0.500000
vt 0.533333 0.500000
vt 0.566667 0.500000
vt 0.600000 0.500000
vt 0.633333 0.500000
vt 0.666667 0.500000
vt 0.700000 0.500000
vt 0.733333 0.500000
vt 0.766667 0.500000
vt 0.800000 0.500000
vt 0.833333 0.500000
vt 0.866667 0.500000
vt 0.900000 0.500000
vt 0.933333 0.500000
vt 0.966667 0.500000
vt 1.000000 0.500000
vt 0.000000 0.571429
vt 0.033333 0.571429
vt 0.066667 0.571429
vt 0.100000 0.571429
vt 0.133333 0.571429
vt 0.166667 0.571429
vt 0.200000 0.571429
vt 0.233333 0.571429
vt 0.266667 0.571429
vt 0.300000 0.571429
vt 0.333333 0.571429
vt 0.366667 0.571429
vt 0.400000 0.571429
vt 0.433333 0.571429
vt 0.466667 0.571429
vt 0.500000 0.571429
vt 0.533333 0.571429
vt 0.566667 0.571429
vt 0.600000 0.571429
vt 0.633333 0.571429
vt 0.666667 0.571429
vt 0.700000 0.571429
vt 0.733333 0.571429
vt 0.766667 0.571429
vt 0.800000 0.571429
vt 0.833333 0.571429
vt 0.866667 0.571429
vt 0.900000 0.571429
vt 0.933333 0.571429
vt 0.966667 0.571429
vt 1.000000 0.571429
vt 0.000000 0.642857
vt 0.033333 0.642857
vt 0.066667 0.642857
vt 0.100000 0.642857
vt 0.133333 0.642857
vt 0.166667 0.642857
vt 0.200000 0.642857
vt 0.233333 0.642857
vt 0.266667 0.642857
vt 0.300000 0.642857
vt 0.333333 0.642857
vt 0.366667 0.642857
vt 0.400000 0.642857
vt 0.433333 0.642857
vt 0.466667 0.642857
vt 0.500000 0.642857
vt 0.533333 0.642857
vt 0.566667 0.642857
vt 0.600000 0.642857
vt 0.633333 0.642857
vt 0.666667 0.642857
vt 0.700000 0.642857
vt 0.733333 0.642857
vt 0.766667 0.642857
vt 0.800000 0.642857
vt 0.833333 0.642857
vt 0.866667 0.642857
vt 0.900000 0.642857
vt 0.933333 0.642857
vt 0.966667 0.642857
vt 1.000000 0.642857
vt 0.000000 0.714286
vt 0.033333 0.714286
vt 0.066667 0.714286
vt 0.100000 0.714286
vt 0.133333 0.714286
vt 0.166667 0.714286
vt 0.200000 0.714286
vt 0.233333 0.714286
vt 0.266667 0.714286
vt 0.300000 0.714286
vt 0.333333 0.714286
vt 0.366667 0.714286
vt 0.400000 0.714286
vt 0.433333 0.714286
vt 0.466667 0.714286
vt 0.500000 0.714286
vt 0.533333 0.714286
vt 0.566667 0.714286
vt 0.600000 0.714286
vt 0.633333 0.714286
vt 0.666667 0.714286
vt 0.700000 0.714286
vt 0.733333 0.714286
vt 0.766667 0.714286
vt 0.800000 0.714286
vt 0.833333 0.714286
vt 0.866667 0.714286
vt 0.900000 0.714286
vt 0.933333 0.714286
vt 0.966667 0.714286
vt 1.000000 0.714286
vt 0.000000 0.785714
vt 0.033333 0.785714
vt 0.066667 0.785714
vt 0.100000 0.785714
vt 0.133333 0.785714
vt 0.166667 0.785714
vt 0.200000 0.785714
vt 0.233333 0.785714
vt 0.266667 0.785714
vt 0.300000 0.785714
vt 0.333333 0.785714
vt 0.366667 0.785714
vt 0.400000 0.785714
vt 0.433333 0.785714
vt 0.466667 0.785714
vt 0.500000 0.785714
vt 0.533333 0.785714
vt 0.566667 0.785714
vt 0.600000 0.785714
vt 0.633333 0.785714
vt 0.666667 0.785714
vt 0.700000 0.785714
vt 0.733333 0.785714
vt 0.766667 0.785714
vt 0.800000 0.785714
vt 0.833333 0.785714
vt 0.866667 0.785714
vt 0.900000 0.785714
vt 0.933333 0.785714
vt 0.966667 0.785714
vt 1.000000 0.785714
vt 0.000000 0.857143
vt 0.033333 0.857143
vt 0.066667 0.857143
vt 0.100000 0.857143
vt 0.133333 0.857143
vt 0.166667 0.857143
vt 0.200000 0.857143
vt 0.233333 0.857143
vt 0.266667 0.857143
vt 0.300000 0.857143
vt 0.333333 0.857143
vt 0.366667 0.857143
vt 0.400000 0.857143
vt 0.433333 0.857143
vt 0.466667 0.857143
vt 0.500000 0.857143
vt 0.533333 0.857143
vt 0.566667 0.857143
vt 0.600000 0.857143
vt 0.633333 0.857143
vt 0.666667 0.857143
vt 0.700000 0.857143
vt 0.733333 0.857143
vt 0.766667 0.857143
vt 0.800000 0.857143
vt 0.833333 0.857143
vt 0.866667 0.857143
vt 0.900000 0.857143
vt 0.933333 0.857143
vt 0.966667 0.857143
vt 1.000000 0.857143
vt 0.000000 0.928571
vt 0.033333 0.928571
vt 0.066667 0.928571
vt 0.100000 0.928571
vt 0.133333 0.928571
vt 0.166667 0.928571
vt 0.200000 0.928571
vt 0.233333 0.928571
vt 0.266667 0.928571
vt 0.300000 0.928571
vt 0.333333 0.928571
vt 0.366667 0.928571
vt 0.400000 0.928571
vt 0.433333 0.928571
vt 0.466667 0.928571
vt 0.500000 0.928571
vt 0.533333 0.928571
vt 0.566667 0.928571
vt 0.600000 0.928571
vt 0.633333 0.928571
vt 0.666667 0.928571
vt 0.700000 0.928571
vt 0.733333 0.928571
vt 0.766667 0.928571
vt 0.800000 0.928571
vt 0.833333 0.928571
vt 0.866667 0.928571
vt 0.900000 0.928571
vt 0.933333 0.928571
vt 0.966667 0.928571
vt 1.000000 0.928571
vt 0.000000 1.000000
vt 0.033333 1.000000
vt 0.066667 1.000000
vt 0.100000 1.000000
vt 0.133333 1.000000
vt 0.166667 1.000000
vt 0.200000 1.000000
vt 0.233333 1.000000
vt 0.266667 1.000000
vt 0.300000 1.000000
vt 0.333333 1.000000
vt 0.366667 1.000000
vt 0.400000 1.000000
vt 0.433333 1.000000
vt 0.466667 1.000000
vt 0.500000 1.000000
vt 0.533333 1.000000
vt 0.566667 1.000000
vt 0.600000 1.000000
vt 0.633333 1.000000
vt 0.666667 1.000000
vt 0.700000 1.000000
vt 0.733333 1.000000
vt 0.766667 1.000000
vt 0.800000 1.000000
vt 0.833333 1.000000
vt 0.866667 1.000000
vt 0.900000 1.000000
vt 0.933333 1.000000
vt 0.966667 1.000000
vt 1.000000 1.000000
vn 0.818285 -0.564752 0.107073
vn 0.840040 -0.541823 -0.027597
vn 0.831207 -0.449087 -0.327742
vn 0.825045 -0.370636 -0.426533
vn 0.912390 -0.373011 -0.168543
vn 0.899746 -0.365367 -0.238672
vn 0.908772 -0.369470 -0.193973
vn 0.913233 -0.387715 -0.125225
vn 0.872375 -0.423613 -0.243953
vn 0.860000 -0.454376 -0.232255
vn 0.854423 -0.495085 -0.157647
vn 0.598121 -0.560050 -0.573233
vn 0.397435 -0.504317 -0.766622
vn 0.290688 -0.434781 -0.852330
vn 0.175674 -0.360961 -0.915885
vn 0.435830 -0.361048 -0.824437
vn 0.559224 -0.368404 -0.742662
vn 0.525898 -0.396968 -0.752228
vn 0.544005 -0.432008 -0.719324
vn 0.422933 -0.493072 -0.760268
vn 0.037746 -0.523826 -0.850988
vn 0.176082 -0.534912 -0.826356
vn -0.215567 -0.522854 -0.824715
vn -0.453415 -0.445876 -0.771757
vn -0.481419 -0.400702 -0.779534
vn -0.516460 -0.364573 -0.774826
vn -0.462148 -0.353905 -0.813124
vn -0.110884 -0.368984 -0.922798
vn -0.181704 -0.424746 -0.886890
vn -0.246441 -0.485673 -0.838683
vn -0.405876 -0.548608 -0.730954
vn -0.759643 -0.517731 -0.393571
vn -0.821576 -0.466997 -0.326997
vn -0.814269 -0.447754 -0.369434
vn -0.901451 -0.392412 -0.182752
vn -0.904614 -0.369519 -0.212435
vn -0.892213 -0.364037 -0.267270
vn -0.909815 -0.360187 -0.206160
vn -0.800624 -0.377011 -0.465686
vn -0.759888 -0.430659 -0.486932
vn -0.817725 -0.522418 -0.241669
vn -0.828870 -0.558232 0.036775
vn -0.738301 -0.497020 0.455941
vn 0.831452 -0.547468 -0.094687
vn 0.796965 -0.486292 -0.358284
vn 0.675386 -0.348468 -0.649942
vn 0.740780 -0.333231 -0.583268
vn 0.895212 -0.376832 -0.237892
vn 0.900591 -0.372929 -0.223292
vn 0.928522 -0.370099 -0.029567
vn 0.923943 -0.378294 0.056772
vn 0.910477 -0.411546 -0.040772
vn 0.908904 -0.412731 0.059556
vn 0.872692 -0.486125 -0.045725
vn 0.403327 -0.543114 -0.736447
vn 0.079731 -0.429286 -0.899642
vn -0.083724 -0.344947 -0.934881
vn -0.013255 -0.325290 -0.945521
vn 0.508624 -0.367744 -0.778502
vn 0.712906 -0.357109 -0.603521
vn 0.734567 -0.368713 -0.569615
vn 0.743905 -0.391541 -0.541573
vn 0.486093 -0.496865 -0.718915
vn 0.110856 -0.533005 -0.838819
vn 0.122551 -0.550236 -0.825967
vn -0.515209 -0.467308 -0.718459
vn -0.699021 -0.373406 -0.609867
vn -0.698903 -0.350241 -0.623591
vn -0.652994 -0.343213 -0.675132
vn -0.280963 -0.364911 -0.887637
vn 0.216678 -0.326991 -0.919852
vn 0.138306 -0.378974 -0.915014
vn 0.007726 -0.451447 -0.892264
vn -0.463386 -0.567151 -0.680891
vn -0.870047 -0.463520 -0.167834
vn -0.887318 -0.433253 -0.157984
vn -0.900116 -0.414964 -0.132648
vn -0.933958 -0.356436 0.025979
vn -0.924348 -0.363820 -0.114964
vn -0.900171 -0.369928 -0.229882
vn -0.837044 -0.365915 -0.406773
vn -0.582498 -0.327342 -0.744004
vn -0.594033 -0.380233 -0.708906
vn -0.777172 -0.521506 -0.352186
vn -0.794125 -0.555170 0.247288
vn -0.600547 -0.438621 0.668547
vn 0.804320 -0.545931 -0.234581
vn 0.703007 -0.444665 -0.555026
vn 0.536141 -0.293295 -0.791537
vn 0.657077 -0.318061 -0.683437
vn 0.874328 -0.396693 -0.279615
vn 0.896865 -0.394694 -0.199626
vn 0.921671 -0.372585 0.108184
vn 0.908261 -0.370751 0.193921
vn 0.910454 -0.399253 0.108032
vn 0.897236 -0.370257 0.240578
vn 0.875563 -0.480309 0.051892
vn 0.231388 -0.533084 -0.813807
vn -0.131129 -0.380188 -0.915567
vn -0.297717 -0.291515 -0.909056
vn -0.155252 -0.309431 -0.938163
vn 0.574508 -0.383081 -0.723318
vn 0.809566 -0.344945 -0.474990
vn 0.841629 -0.339142 -0.420290
vn 0.841544 -0.355602 -0.406634
vn 0.532875 -0.509965 -0.675263
vn 0.171985 -0.552065 -0.815871
vn 0.098299 -0.578335 -0.809856
vn -0.677904 -0.429626 -0.596547
vn -0.816487 -0.333164 -0.471542
vn -0.812128 -0.322569 -0.486207
vn -0.742004 -0.338020 -0.578941
vn -0.115787 -0.372678 -0.920709
vn 0.404242 -0.286415 -0.868651
vn 0.325384 -0.334915 -0.884284
vn 0.177129 -0.416709 -0.891616
vn -0.497090 -0.598920 -0.627851
vn -0.902433 -0.430829 0.001150
vn -0.906302 -0.421489 -0.031031
vn -0.915898 -0.399594 0.038156
vn -0.923210 -0.341536 0.176170
vn -0.926201 -0.375320 -0.035872
vn -0.898693 -0.390892 -0.198885
vn -0.748278 -0.366822 -0.552741
vn -0.425815 -0.281145 -0.860023
vn -0.471903 -0.337318 -0.814570
vn -0.728505 -0.525431 -0.439548
vn -0.726031 -0.559852 0.399305
vn -0.493764 -0.411827 0.765895
vn 0.761991 -0.566041 -0.314590
vn 0.622871 -0.433143 -0.651475
vn 0.450192 -0.274320 -0.849750
vn 0.591938 -0.322203 -0.738779
vn 0.850440 -0.435527 -0.295073
vn 0.882296 -0.435498 -0.178590
vn 0.897228 -0.393081 0.201172
vn 0.879739 -0.384534 0.279630
vn 0.890941 -0.410696 0.193784
vn 0.869733 -0.358686 0.338981
vn 0.860694 -0.491542 0.132636
vn 0.112706 -0.543403 -0.831872
vn -0.246388 -0.365536 -0.897595
vn -0.405175 -0.273017 -0.872522
vn -0.249903 -0.311261 -0.916878
vn 0.618258 -0.414223 -0.667965
vn 0.857783 -0.351062 -0.375450
vn 0.886152 -0.335546 -0.319598
vn 0.881517 -0.349759 -0.317169
vn 0.549754 -0.545386 -0.632712
vn 0.201768 -0.588463 -0.782944
vn 0.104509 -0.622355 -0.775727
vn -0.749778 -0.423706 -0.508239
vn -0.866175 -0.323741 -0.380701
vn -0.864045 -0.318678 -0.389706
vn -0.795049 -0.348462 -0.496459
vn -0.003940 -0.393732 -0.919217
vn 0.504889 -0.273212 -0.818805
vn 0.426030 -0.322621 -0.845230
vn 0.277778 -0.411480 -0.868057
vn -0.507831 -0.647378 -0.568339
vn -0.899495 -0.423368 0.108025
vn -0.900174 -0.432883 0.047952
vn -0.902041 -0.409049 0.137843
vn -0.897492 -0.347803 0.271184
vn -0.914083 -0.404619 0.027111
vn -0.888143 -0.429728 -0.162899
vn -0.675854 -0.383967 -0.629119
vn -0.330108 -0.265972 -0.905697
vn -0.388542 -0.325138 -0.862160
vn -0.673408 -0.549913 -0.494082
vn -0.652034 -0.580884 0.487263
vn -0.407399 -0.408268 0.816911
vn 0.700142 -0.606169 -0.377307
vn 0.539955 -0.439727 -0.717697
vn 0.375364 -0.270557 -0.886511
vn 0.523985 -0.340142 -0.780860
vn 0.814638 -0.500958 -0.292242
vn 0.850619 -0.503249 -0.152271
vn 0.854522 -0.432433 0.287740
vn 0.836945 -0.417497 0.353863
vn 0.857701 -0.442855 0.261205
vn 0.833533 -0.363262 0.416250
vn 0.829171 -0.514191 0.219278
vn 0.004097 -0.572158 -0.820133
vn -0.337836 -0.369062 -0.865829
vn -0.486959 -0.269596 -0.830776
vn -0.337438 -0.324622 -0.883604
vn 0.656272 -0.464939 -0.594254
vn 0.888200 -0.370669 -0.271486
vn 0.910091 -0.347914 -0.225143
vn 0.902694 -0.361195 -0.233841
vn 0.546054 -0.606065 -0.578369
vn 0.216060 -0.645063 -0.732948
vn 0.137308 -0.685266 -0.715232
vn -0.792602 -0.438581 -0.423591
vn -0.895780 -0.330758 -0.296948
vn -0.896741 -0.328825 -0.296193
vn -0.836850 -0.371103 -0.402449
vn 0.097946 -0.431359 -0.896848
vn 0.584296 -0.272710 -0.764348
vn 0.505642 -0.326288 -0.798663
vn 0.362447 -0.423746 -0.830103
vn -0.501463 -0.716391 -0.485097
vn -0.879952 -0.430453 0.200983
vn -0.878433 -0.463881 0.114758
vn -0.871023 -0.439977 0.218491
vn -0.858081 -0.369971 0.356116
vn -0.885266 -0.454940 0.096606
vn -0.863215 -0.492875 -0.109246
vn -0.600628 -0.419454 -0.680664
vn -0.246999 -0.264605 -0.932189
vn -0.309580 -0.327671 -0.892632
vn -0.599094 -0.593035 -0.537955
vn -0.559682 -0.618633 0.551406
vn -0.317886 -0.418567 0.850735
vn 0.606850 -0.665008 -0.435312
vn 0.442064 -0.458340 -0.771041
vn 0.296971 -0.275364 -0.914321
vn 0.440164 -0.371034 -0.817673
vn 0.749476 -0.606219 -0.266051
vn 0.783419 -0.611407 -0.111521
vn 0.779865 -0.493438 0.385136
vn 0.768536 -0.471855 0.432093
vn 0.803333 -0.497939 0.326669
vn 0.785077 -0.378655 0.490178
vn 0.775657 -0.544086 0.319886
vn -0.113381 -0.616377 -0.779246
vn -0.426647 -0.384640 -0.818550
vn -0.563441 -0.274632 -0.779173
vn -0.431878 -0.347122 -0.832459
vn 0.691287 -0.539908 -0.480231
vn 0.904375 -0.401364 -0.144959
vn 0.920319 -0.372909 -0.118118
vn 0.911741 -0.386194 -0.139937
vn 0.516210 -0.697444 -0.497091
vn 0.218423 -0.724316 -0.653955
vn 0.198869 -0.765257 -0.612235
vn -0.820145 -0.470368 -0.325754
vn -0.914505 -0.349668 -0.203502
vn -0.917849 -0.349335 -0.188465
vn -0.870707 -0.403972 -0.280493
vn 0.211606 -0.488162 -0.846712
vn 0.659168 -0.279579 -0.698093
vn 0.582129 -0.340510 -0.738362
vn 0.447663 -0.448969 -0.773320
vn -0.472918 -0.804570 -0.359188
vn -0.844194 -0.447009 0.295836
vn -0.836754 -0.515799 0.183832
vn -0.815997 -0.494037 0.300126
vn -0.796114 -0.407152 0.447694
vn -0.825391 -0.532380 0.187887
vn -0.807276 -0.589783 -0.021500
vn -0.504690 -0.476991 -0.719560
vn -0.160106 -0.271380 -0.949062
vn -0.221854 -0.339497 -0.914069
vn -0.491494 -0.653402 -0.575760
vn -0.434691 -0.669943 0.601847
vn -0.213701 -0.438276 0.873067
vn 0.465550 -0.737526 -0.489202
vn 0.320604 -0.484753 -0.813774
vn 0.208189 -0.285921 -0.935364
vn 0.327738 -0.415422 -0.848535
vn 0.612191 -0.766144 -0.195565
vn 0.632523 -0.773502 -0.040127
vn 0.645239 -0.576630 0.501164
vn 0.652094 -0.550909 0.520838
vn 0.710215 -0.580992 0.397545
vn 0.718994 -0.402276 0.566764
vn 0.692806 -0.575399 0.434668
vn -0.248014 -0.670489 -0.699238
vn -0.520147 -0.409232 -0.749650
vn -0.640624 -0.285149 -0.712945
vn -0.538056 -0.376737 -0.754032
vn 0.711929 -0.638380 -0.292623
vn 0.898031 -0.439623 0.016474
vn 0.912512 -0.408819 0.013727
vn 0.905523 -0.423598 -0.024327
vn 0.440394 -0.820347 -0.364806
vn 0.206362 -0.824074 -0.527558
vn 0.289430 -0.847333 -0.445262
vn -0.831646 -0.517495 -0.201403
vn -0.921165 -0.378672 -0.089796
vn -0.924221 -0.377772 -0.055707
vn -0.888729 -0.443112 -0.117527
vn 0.350441 -0.564190 -0.747584
vn 0.733420 -0.291022 -0.614330
vn 0.660808 -0.362738 -0.657080
vn 0.538719 -0.484323 -0.689357
vn -0.409441 -0.896085 -0.171436
vn -0.788338 -0.469376 0.397756
vn -0.761716 -0.591966 0.263371
vn -0.717486 -0.575141 0.392972
vn -0.695487 -0.458882 0.552924
vn -0.700542 -0.640478 0.314689
vn -0.678284 -0.724125 0.124793
vn -0.364639 -0.561359 -0.742909
vn -0.061987 -0.283776 -0.956885
vn -0.118476 -0.357931 -0.926201
vn -0.334569 -0.724964 -0.602072
vn -0.264335 -0.726136 0.634707
vn -0.088513 -0.463797 0.881509
vn 0.261876 -0.807563 -0.528453
vn 0.171090 -0.513902 -0.840615
vn 0.105683 -0.300449 -0.947925
vn 0.172493 -0.472447 -0.864315
vn 0.315687 -0.948024 -0.039900
vn 0.303828 -0.949294 0.080803
vn 0.409450 -0.666056 0.623474
vn 0.449713 -0.649760 0.612837
vn 0.544499 -0.693285 0.472099
vn 0.629332 -0.431741 0.646174
vn 0.576107 -0.599714 0.555377
vn -0.396371 -0.722100 -0.566976
vn -0.618417 -0.439828 -0.651239
vn -0.718476 -0.299083 -0.627966
vn -0.652815 -0.409598 -0.637229
vn 0.680772 -0.732496 -0.000400
vn 0.852015 -0.477206 0.215279
vn 0.874009 -0.452184 0.177871
vn 0.873463 -0.471524 0.121355
vn 0.284702 -0.946367 -0.152753
vn 0.173165 -0.926819 -0.333198
vn 0.395081 -0.894928 -0.207399
vn -0.816238 -0.576396 -0.039026
vn -0.908005 -0.415756 0.051717
vn -0.905623 -0.410226 0.107525
vn -0.873157 -0.479091 0.089822
vn 0.512772 -0.646544 -0.564841
vn 0.804924 -0.304694 -0.509175
vn 0.740308 -0.390532 -0.547201
vn 0.633253 -0.525528 -0.568164
vn -0.300377 -0.950777 0.076140
vn -0.707871 -0.493428 0.505419
vn -0.627472 -0.692367 0.356240
vn -0.538201 -0.680927 0.496667
vn -0.532872 -0.519934 0.667620
vn -0.452073 -0.756083 0.473254
vn -0.403542 -0.850004 0.338594
vn -0.148346 -0.669639 -0.727720
vn 0.050619 -0.300005 -0.952594
vn 0.003821 -0.380598 -0.924733
vn -0.118947 -0.789960 -0.601510
vn -0.047374 -0.769601 0.636765
vn 0.058678 -0.490526 0.869449
vn 0.004655 -0.845569 -0.533846
vn -0.003216 -0.538990 -0.842306
vn -0.010867 -0.317254 -0.948278
vn -0.035789 -0.534917 -0.844146
vn -0.137807 -0.972753 0.186442
vn -0.182105 -0.959524 0.214830
vn 0.064907 -0.711687 0.699492
vn 0.129505 -0.732539 0.668293
vn 0.261433 -0.809509 0.525688
vn 0.511477 -0.463562 0.723534
vn 0.430745 -0.608573 0.666407
vn -0.538687 -0.751894 -0.380095
vn -0.714515 -0.471753 -0.516640
vn -0.792927 -0.314370 -0.521957
vn -0.762694 -0.438609 -0.475311
vn 0.554473 -0.754252 0.351658
vn 0.749998 -0.500364 0.432596
vn 0.786341 -0.494391 0.370465
vn 0.797882 -0.523733 0.298476
vn 0.041068 -0.991461 0.123768
vn 0.114025 -0.990841 -0.072338
vn 0.484911 -0.872516 0.059813
vn -0.753875 -0.636104 0.164450
vn -0.861511 -0.456273 0.222742
vn -0.848023 -0.439576 0.296023
vn -0.805762 -0.497457 0.321379
vn 0.660437 -0.696537 -0.280461
vn 0.867587 -0.318090 -0.382246
vn 0.812999 -0.420086 -0.403188
vn 0.720189 -0.564706 -0.403032
vn -0.160928 -0.929152 0.332833
vn -0.601135 -0.514197 0.611750
vn -0.398627 -0.798704 0.450742
vn -0.235573 -0.778343 0.581968
vn -0.290468 -0.572777 0.766521
vn -0.067956 -0.797024 0.600112
vn -0.003117 -0.844577 0.535425
vn 0.159752 -0.765454 -0.623345
vn 0.177105 -0.318131 -0.931357
vn 0.143806 -0.404436 -0.903190
vn 0.136980 -0.819556 -0.556385
vn 0.191806 -0.779597 0.596186
vn 0.221051 -0.512593 0.829689
vn -0.258057 -0.829686 -0.495002
vn -0.188232 -0.553211 -0.811496
vn -0.138160 -0.334468 -0.932225
vn -0.285280 -0.584221 -0.759803
vn -0.484298 -0.801616 0.350525
vn -0.544282 -0.789469 0.283719
vn -0.288542 -0.673840 0.680208
vn -0.250134 -0.736056 0.629011
vn -0.123520 -0.854200 0.505060
vn 0.365783 -0.492837 0.789502
vn 0.274047 -0.598877 0.752492
vn -0.646259 -0.745689 -0.162167
vn -0.794852 -0.498423 -0.346099
vn -0.857202 -0.328828 -0.396329
vn -0.846395 -0.455197 -0.276426
vn 0.371118 -0.682274 0.629900
vn 0.597385 -0.498220 0.628417
vn 0.637750 -0.521470 0.566872
vn 0.661362 -0.566686 0.491393
vn -0.210759 -0.907199 0.364103
vn 0.037998 -0.978565 0.202401
vn 0.539048 -0.791866 0.287011
vn -0.626100 -0.675791 0.388979
vn -0.767170 -0.491410 0.412271
vn -0.743327 -0.456839 0.488634
vn -0.689556 -0.489200 0.534037
vn 0.734014 -0.677667 0.044617
vn 0.913751 -0.328809 -0.238630
vn 0.865930 -0.445874 -0.226630
vn 0.781405 -0.591152 -0.199865
vn -0.031181 -0.844583 0.534516
vn -0.472967 -0.527139 0.705994
vn -0.071288 -0.858201 0.508339
vn 0.154245 -0.794889 0.586821
vn 0.008391 -0.590405 0.807063
vn 0.303411 -0.719716 0.624461
vn 0.324798 -0.713207 0.621162
vn 0.483660 -0.776453 -0.403973
vn 0.312244 -0.335868 -0.888649
vn 0.294117 -0.425673 -0.855744
vn 0.381054 -0.797377 -0.467961
vn 0.409517 -0.750422 0.518808
vn 0.383535 -0.524719 0.759981
vn -0.471982 -0.771806 -0.426084
vn -0.362767 -0.553609 -0.749611
vn -0.269106 -0.350286 -0.897152
vn -0.527114 -0.598559 -0.603223
vn -0.648800 -0.627422 0.430581
vn -0.720969 -0.623139 0.303151
vn -0.542745 -0.589430 0.598331
vn -0.551989 -0.660307 0.509218
vn -0.470354 -0.786874 0.399495
vn 0.201126 -0.514620 0.833495
vn 0.127482 -0.575300 0.807947
vn -0.703985 -0.708668 0.046855
vn -0.844345 -0.513724 -0.152211
vn -0.904252 -0.340642 -0.257473
vn -0.887855 -0.455199 -0.067143
vn 0.212993 -0.581052 0.785502
vn 0.426792 -0.473993 0.770182
vn 0.442883 -0.523092 0.728169
vn 0.466503 -0.584426 0.663944
vn -0.393280 -0.768872 0.504149
vn -0.034928 -0.905243 0.423457
vn 0.565319 -0.695646 0.443274
vn -0.440982 -0.677212 0.588998
vn -0.621991 -0.510876 0.593408
vn -0.601369 -0.457068 0.655320
vn -0.554070 -0.460576 0.693452
vn 0.728476 -0.610123 0.311565
vn 0.937872 -0.335403 -0.088893
vn 0.886112 -0.462447 -0.030778
vn 0.801794 -0.597340 0.017649
vn 0.063354 -0.744076 0.665085
vn -0.335397 -0.530362 0.778604
vn 0.268590 -0.827395 0.493232
vn 0.485984 -0.715835 0.501398
vn 0.291497 -0.564289 0.772404
vn 0.543834 -0.603854 0.582756
vn 0.510068 -0.578318 0.636694
vn 0.699989 -0.697852 -0.151718
vn 0.446461 -0.351043 -0.823069
vn 0.441745 -0.440988 -0.781275
vn 0.567976 -0.739371 -0.361572
vn 0.575354 -0.697696 0.426836
vn 0.528323 -0.525257 0.667068
vn -0.619897 -0.702036 -0.350532
vn -0.509096 -0.543124 -0.667711
vn -0.394263 -0.363592 -0.844013
vn -0.707154 -0.576511 -0.409352
vn -0.718805 -0.508939 0.473603
vn -0.803090 -0.510858 0.306711
vn -0.694768 -0.508835 0.508316
vn -0.732522 -0.567303 0.376270
vn -0.687031 -0.674721 0.269704
vn 0.033997 -0.526594 0.849437
vn 0.005687 -0.546394 0.837509
vn -0.719081 -0.659263 0.219758
vn -0.855551 -0.515962 0.042615
vn -0.929897 -0.349122 -0.115782
vn -0.888374 -0.442561 0.122195
vn 0.105659 -0.496664 0.861488
vn 0.271816 -0.440988 0.855363
vn 0.239769 -0.503040 0.830338
vn 0.246730 -0.572851 0.781643
vn -0.509644 -0.647090 0.567043
vn -0.093186 -0.816281 0.570089
vn 0.579593 -0.611484 0.538664
vn -0.238037 -0.644282 0.726801
vn -0.444407 -0.510568 0.736086
vn -0.447297 -0.443743 0.776542
vn -0.429972 -0.425694 0.796184
vn 0.686119 -0.537479 0.490262
vn 0.939546 -0.338106 0.054210
vn 0.868811 -0.467778 0.162329
vn 0.780815 -0.585130 0.218977
vn 0.122204 -0.657307 0.743649
vn -0.203334 -0.525735 0.825989
vn 0.523257 -0.739219 0.423977
vn 0.691238 -0.610394 0.386793
vn 0.504841 -0.515698 0.692236
vn 0.678074 -0.509327 0.529906
vn 0.605337 -0.481607 0.633737
vn 0.798793 -0.599573 0.049419
vn 0.568528 -0.362514 -0.738485
vn 0.572502 -0.449250 -0.685868
vn 0.690950 -0.673804 -0.261872
vn 0.687258 -0.641829 0.340193
vn 0.643450 -0.517253 0.564288
vn -0.713903 -0.640975 -0.281945
vn -0.620316 -0.528249 -0.579794
vn -0.504742 -0.374524 -0.777796
vn -0.812674 -0.537877 -0.224163
vn -0.746811 -0.433657 0.504198
vn -0.843814 -0.440306 0.306770
vn -0.782621 -0.448952 0.431215
vn -0.830268 -0.492031 0.261842
vn -0.801888 -0.577016 0.155009
vn -0.118328 -0.530647 0.839293
vn -0.086527 -0.519488 0.850086
vn -0.707347 -0.613186 0.351659
vn -0.832804 -0.509028 0.217550
vn -0.934664 -0.355092 0.017702
vn -0.862143 -0.425556 0.274976
vn 0.039739 -0.437111 0.898529
vn 0.147305 -0.410552 0.899860
vn 0.060044 -0.474494 0.878208
vn 0.041919 -0.543713 0.838224
vn -0.586896 -0.557571 0.587084
vn -0.137143 -0.740475 0.657943
vn 0.591996 -0.546755 0.592114
vn -0.054197 -0.597445 0.800077
vn -0.263986 -0.496224 0.827087
vn -0.304375 -0.425280 0.852346
vn -0.331476 -0.394855 0.856863
vn 0.637729 -0.480504 0.602012
vn 0.923447 -0.338700 0.180355
vn 0.820571 -0.464711 0.332728
vn 0.730879 -0.563715 0.384761
vn 0.153488 -0.591956 0.791221
vn -0.088606 -0.517621 0.851009
vn 0.681903 -0.648163 0.338958
vn 0.804355 -0.523286 0.281398
vn 0.646983 -0.467970 0.602011
vn 0.753599 -0.444487 0.484272
vn 0.653699 -0.418160 0.630729
vn 0.831576 -0.521161 0.192022
vn 0.669709 -0.370833 -0.643407
vn 0.676937 -0.452237 -0.580723
vn 0.765542 -0.618129 -0.178497
vn 0.757791 -0.595089 0.267623
vn 0.726441 -0.506292 0.464706
vn -0.771222 -0.595989 -0.223636
vn -0.698739 -0.515321 -0.496194
vn -0.594812 -0.384536 -0.705925
vn -0.862581 -0.501272 -0.068414
vn -0.753510 -0.386535 0.531802
vn -0.864740 -0.397566 0.306864
vn -0.834672 -0.409461 0.368325
vn -0.882693 -0.439342 0.166826
vn -0.860209 -0.506534 0.058849
vn -0.244728 -0.531647 0.810839
vn -0.150438 -0.498897 0.853505
vn -0.680987 -0.578142 0.449453
vn -0.786993 -0.499438 0.362220
vn -0.922949 -0.360570 0.134739
vn -0.823915 -0.411297 0.389871
vn 0.003177 -0.398442 0.917188
vn 0.053504 -0.388186 0.920027
vn -0.085984 -0.448627 0.889573
vn -0.128713 -0.511964 0.849309
vn -0.643704 -0.495439 0.583254
vn -0.171185 -0.686362 0.706826
vn 0.607145 -0.500137 0.617445
vn 0.097761 -0.553694 0.826962
vn -0.101772 -0.477769 0.872571
vn -0.183699 -0.409102 0.893807
vn -0.260216 -0.372440 0.890829
vn 0.594228 -0.442407 0.671692
vn 0.896591 -0.339710 0.284114
vn 0.753489 -0.458816 0.470894
vn 0.666132 -0.542621 0.511694
vn 0.164201 -0.546622 0.821123
vn 0.002654 -0.510696 0.859757
vn 0.775725 -0.576880 0.255851
vn 0.866471 -0.461402 0.190621
vn 0.738480 -0.431505 0.518123
vn 0.798044 -0.403521 0.447545
vn 0.676004 -0.378259 0.632407
vn 0.833074 -0.467779 0.295247
vn 0.746342 -0.378079 -0.547749
vn 0.752751 -0.453636 -0.477054
vn 0.808311 -0.578179 -0.111100
vn 0.800030 -0.561947 0.210162
vn 0.781325 -0.497712 0.376582
vn -0.801955 -0.569018 -0.181899
vn -0.712807 -0.481800 -0.509681
vn -0.649395 -0.374876 -0.661629
vn -0.833142 -0.447382 0.325153
vn -0.796744 -0.370984 0.477043
vn -0.875485 -0.381762 0.296283
vn -0.846038 -0.403646 0.348266
vn -0.907595 -0.419844 0.001473
vn -0.851966 -0.518565 0.072421
vn -0.125136 -0.480422 0.868065
vn -0.302463 -0.535436 0.788558
vn -0.677332 -0.548751 0.489994
vn -0.760145 -0.474359 0.444030
vn -0.931183 -0.333403 0.147446
vn -0.650680 -0.429905 0.625937
vn 0.056967 -0.368782 0.927769
vn -0.061947 -0.397241 0.915621
vn -0.141241 -0.454224 0.879620
vn -0.263266 -0.519631 0.812819
vn -0.753321 -0.443362 0.485735
vn 0.266296 -0.642055 0.718924
vn 0.561887 -0.493489 0.663891
vn 0.099129 -0.513582 0.852295
vn 0.011711 -0.450124 0.892889
vn -0.165024 -0.384501 0.908254
vn -0.221032 -0.362994 0.905196
vn 0.764902 -0.388267 0.513978
vn 0.845392 -0.372156 0.383160
vn 0.688337 -0.482175 0.541941
vn 0.608250 -0.556335 0.566148
vn 0.023178 -0.493861 0.869232
vn 0.163306 -0.543197 0.823571
vn 0.876178 -0.478958 0.053954
vn 0.861192 -0.433371 0.265591
vn 0.790167 -0.402722 0.462007
vn 0.819608 -0.383735 0.425430
vn 0.616090 -0.352661 0.704318
vn 0.881470 -0.463943 0.088140
vn 0.749647 -0.386959 -0.536928
vn 0.799093 -0.496618 -0.338852
vn 0.815772 -0.574358 -0.068037
vn 0.811098 -0.532676 0.241614
vn 0.811632 -0.488837 0.319830
vn 0.000000 0.989172 0.146759
vn -0.055195 0.975398 0.213431
vn 0.019588 0.974577 0.223194
vn 0.072856 0.989659 0.123563
vn 0.042223 0.998760 0.026365
vn -0.037729 0.998180 0.047053
vn -0.073135 0.984305 0.160608
vn -0.024450 0.971933 0.233982
vn 0.051981 0.981018 0.186818
vn 0.069709 0.995116 0.069895
vn 0.006366 0.999805 0.018703
vn -0.064232 0.993440 0.094613
vn -0.059718 0.976589 0.206660
vn 0.012508 0.973689 0.227538
vn 0.071195 0.988362 0.134429
vn 0.048108 0.998357 0.031130
vn -0.031165 0.998714 0.039983
vn -0.073575 0.985911 0.150220
vn -0.031135 0.972204 0.232055
vn 0.046524 0.979613 0.195432
vn 0.071848 0.994241 0.079509
vn 0.013733 0.999746 0.017880
vn -0.060299 0.994610 0.084354
vn -0.063666 0.977908 0.199103
vn 0.005316 0.972961 0.230907
vn 0.068827 0.987006 0.145196
vn 0.053507 0.997887 0.036866
vn -0.024281 0.999134 0.033793
vn -0.073283 0.987496 0.139572
vn -0.037522 0.972674 0.229123
vn 0.060712 0.974679 0.215207
vn -0.109141 0.964356 0.241052
vn 0.018019 0.982082 0.187589
vn 0.158157 0.986860 0.033065
vn 0.116623 0.993037 -0.016631
vn -0.060356 0.993401 0.097532
vn -0.161873 0.958285 0.235556
vn -0.079541 0.965698 0.247186
vn 0.097987 0.988452 0.115592
vn 0.164094 0.986385 -0.010857
vn 0.041777 0.998935 0.019586
vn -0.127937 0.977185 0.169537
vn -0.145775 0.954327 0.260788
vn 0.001469 0.979835 0.199805
vn 0.152074 0.987353 0.044809
vn 0.127917 0.991595 -0.019425
vn -0.044521 0.995511 0.083518
vn -0.160310 0.960558 0.227218
vn -0.093112 0.963052 0.252709
vn 0.083949 0.987944 0.130072
vn 0.166329 0.986058 -0.004907
vn 0.057848 0.998275 0.009983
vn -0.117278 0.980729 0.156254
vn -0.151944 0.954011 0.258411
vn -0.015015 0.977337 0.211157
vn 0.144474 0.987845 0.057360
vn 0.137919 0.990226 -0.020775
vn -0.028162 0.997161 0.069835
vn -0.157208 0.963232 0.217877
vn -0.105710 0.960623 0.256959
vn 0.069069 0.987101 0.144437
vn 0.187722 0.982138 -0.012872
vn 0.160553 0.986473 0.033069
vn 0.292274 0.944177 -0.152010
vn 0.116490 0.991490 -0.058120
vn -0.199808 0.951438 0.234186
vn -0.264357 0.894834 0.359704
vn -0.039254 0.973961 0.223290
vn 0.252164 0.965122 -0.070377
vn 0.250312 0.956561 -0.149448
vn -0.039417 0.996398 0.075082
vn -0.268020 0.907933 0.322217
vn -0.194325 0.922908 0.332384
vn 0.115595 0.989722 0.084193
vn 0.292558 0.945211 -0.144866
vn 0.143488 0.986491 -0.079034
vn -0.178981 0.960836 0.211567
vn -0.270920 0.893294 0.358648
vn -0.068342 0.966774 0.246329
vn 0.236196 0.970454 -0.049296
vn 0.263632 0.952055 -0.155209
vn -0.008756 0.998837 0.047422
vn -0.260091 0.914728 0.309234
vn -0.212489 0.915317 0.342115
vn 0.086754 0.989881 0.112287
vn 0.290266 0.947330 -0.135322
vn 0.168672 0.980814 -0.097744
vn -0.155850 0.969843 0.187390
vn -0.275213 0.893183 0.355643
vn -0.096235 0.958753 0.267454
vn 0.217653 0.975670 -0.026350
vn 0.274471 0.948455 -0.158424
vn 0.055299 0.998283 -0.019324
vn 0.311228 0.924526 -0.219975
vn -0.049923 0.995571 0.079669
vn -0.353995 0.848879 0.392546
vn -0.268426 0.885350 0.379610
vn 0.158091 0.987267 0.017617
vn 0.387810 0.883673 -0.262156
vn 0.204861 0.967644 -0.147297
vn -0.242140 0.933166 0.265648
vn -0.358797 0.831383 0.424342
vn -0.102105 0.961638 0.254611
vn 0.319202 0.934423 -0.158000
vn 0.355097 0.897585 -0.261243
vn -0.006400 0.999202 0.039436
vn -0.344430 0.858841 0.379156
vn -0.290723 0.872020 0.393778
vn 0.117544 0.991395 0.057617
vn 0.385032 0.887480 -0.253238
vn 0.237931 0.955432 -0.174752
vn -0.211438 0.948796 0.234691
vn -0.363453 0.830092 0.422905
vn -0.140428 0.947998 0.285623
vn 0.295608 0.946442 -0.129857
vn 0.367620 0.890618 -0.267684
vn 0.037371 0.999301 -0.000472
vn -0.331787 0.870641 0.363182
vn -0.309905 0.860171 0.405050
vn 0.075239 0.992332 0.098064
vn 0.379219 0.893278 -0.241347
vn 0.267638 0.942807 -0.198705
vn -0.177273 0.963425 0.200962
vn -0.377724 0.823556 0.423179
vn -0.320250 0.881860 0.346069
vn -0.419402 0.781653 0.461651
vn -0.117392 0.964110 0.238141
vn 0.384452 0.887081 -0.255508
vn 0.413652 0.845969 -0.336494
vn -0.019073 0.998838 0.044255
vn -0.407777 0.807244 0.426703
vn -0.343867 0.840939 0.417823
vn 0.156708 0.987544 -0.014146
vn 0.448454 0.825335 -0.343091
vn 0.281229 0.932160 -0.228007
vn -0.265577 0.922986 0.278506
vn -0.424681 0.778530 0.462100
vn -0.165051 0.946121 0.278592
vn 0.359891 0.904972 -0.226944
vn 0.427262 0.835474 -0.345589
vn 0.035597 0.999346 -0.006405
vn -0.395150 0.821141 0.411806
vn -0.365448 0.824286 0.432435
vn 0.104924 0.993826 0.036063
vn 0.443335 0.832079 -0.333315
vn 0.315809 0.913110 -0.257865
vn -0.226320 0.943941 0.240324
vn -0.427249 0.778222 0.460248
vn -0.208721 0.925980 0.314636
vn 0.330658 0.923564 -0.194153
vn 0.437618 0.827641 -0.351428
vn 0.089479 0.994416 -0.055943
vn -0.378956 0.837445 0.393800
vn -0.383418 0.809943 0.443828
vn 0.003271 0.989956 0.141338
vn -0.348504 0.851663 0.391427
vn 0.197770 0.975675 -0.094581
vn 0.485721 0.773855 -0.406477
vn 0.301884 0.917273 -0.259760
vn -0.312697 0.896459 0.313978
vn -0.464811 0.744108 0.479848
vn -0.171994 0.953153 0.248832
vn 0.405840 0.860261 -0.308618
vn 0.460580 0.793877 -0.397021
vn 0.019798 0.999804 -0.000061
vn -0.440389 0.781679 0.441628
vn -0.400261 0.805106 0.437716
vn 0.140636 0.989294 -0.038983
vn 0.481719 0.779985 -0.399462
vn 0.340360 0.893036 -0.294349
vn -0.271790 0.922329 0.274663
vn -0.468056 0.742001 0.479956
vn -0.222945 0.929743 0.293043
vn 0.377679 0.883191 -0.278087
vn 0.471631 0.783288 -0.404998
vn 0.082117 0.994933 -0.058005
vn -0.425157 0.798887 0.425465
vn -0.419821 0.786993 0.452097
vn 0.079932 0.996619 0.019017
vn 0.474695 0.789311 -0.389425
vn 0.373302 0.869443 -0.323597
vn -0.224980 0.946822 0.230025
vn -0.468636 0.743058 0.477751
vn -0.268388 0.904408 0.331683
vn 0.344023 0.907115 -0.242470
vn 0.488585 0.763291 -0.422695
vn 0.450147 0.801264 -0.394135
vn 0.474132 0.769565 -0.427748
vn -0.005590 0.999877 0.014649
vn -0.469675 0.756514 0.455073
vn -0.418029 0.803225 0.424360
vn 0.175805 0.977342 -0.117874
vn 0.500209 0.743420 -0.443980
vn 0.345411 0.885182 -0.311680
vn -0.308894 0.902603 0.299820
vn -0.492504 0.724081 0.482852
vn -0.220631 0.942549 0.250844
vn 0.407425 0.845550 -0.345037
vn 0.485930 0.756500 -0.437698
vn 0.062204 0.996874 -0.048716
vn -0.455748 0.773149 0.441061
vn -0.439335 0.781946 0.442204
vn 0.112514 0.991982 -0.057558
vn 0.494420 0.751453 -0.436883
vn 0.381020 0.858059 -0.344322
vn -0.262153 0.930560 0.255607
vn -0.493829 0.723303 0.482666
vn -0.271693 0.915525 0.296644
vn 0.376076 0.871960 -0.313452
vn 0.494550 0.746833 -0.444591
vn 0.127909 0.985665 -0.110015
vn -0.437936 0.793012 0.423490
vn -0.456511 0.763807 0.456286
vn 0.045792 0.998936 0.005417
vn 0.485596 0.762895 -0.426835
vn 0.410857 0.832585 -0.371482
vn -0.159162 0.977613 0.137625
vn 0.297172 0.918840 -0.259656
vn -0.334304 0.888996 0.312932
vn -0.503117 0.724622 0.470952
vn -0.203800 0.960246 0.190771
vn 0.420552 0.817413 -0.393665
vn 0.484697 0.747808 -0.453710
vn 0.034645 0.998873 -0.032430
vn -0.472033 0.762856 0.441855
vn -0.443814 0.794001 0.415440
vn 0.142385 0.980797 -0.133282
vn 0.498356 0.730769 -0.466495
vn 0.372196 0.860283 -0.348401
vn -0.289527 0.918000 0.271017
vn -0.505218 0.721875 0.472918
vn -0.259474 0.934708 0.242886
vn 0.391999 0.843620 -0.366937
vn 0.494150 0.736108 -0.462558
vn 0.103078 0.989982 -0.096488
vn -0.455604 0.781373 0.426476
vn -0.462688 0.773523 0.433107
vn 0.075858 0.994587 -0.071009
vn 0.490722 0.740399 -0.459349
vn 0.404149 0.832793 -0.378311
vn -0.237869 0.945431 0.222662
vn -0.504690 0.722567 0.472424
vn -0.308366 0.906416 0.288652
vn 0.357629 0.871799 -0.334765
vn 0.500612 0.727870 -0.468607
vn 0.167900 0.973195 -0.157165
vn -0.434974 0.803128 0.407165
vn -0.488358 0.741975 0.459325
vn -0.485953 0.750758 0.447452
vn -0.433120 0.821315 0.371279
vn 0.163729 0.966168 -0.199281
vn 0.488563 0.728184 -0.480682
vn 0.348820 0.874216 -0.337742
vn -0.303796 0.912688 0.273329
vn -0.503161 0.738818 0.448304
vn -0.233607 0.956726 0.173500
vn 0.392218 0.827201 -0.402373
vn 0.480096 0.743281 -0.465877
vn 0.072709 0.994338 -0.077493
vn -0.458912 0.785864 0.414510
vn -0.454085 0.799583 0.393032
vn 0.101207 0.984670 -0.142061
vn 0.481854 0.735667 -0.476037
vn 0.382752 0.846460 -0.370144
vn -0.255398 0.939435 0.228547
vn -0.503426 0.737594 0.450019
vn -0.285540 0.931826 0.223982
vn 0.361008 0.853666 -0.375402
vn 0.487473 0.733328 -0.473920
vn 0.137634 0.980767 -0.138395
vn -0.439651 0.805460 0.397418
vn -0.470730 0.780887 0.410644
vn 0.034946 0.996116 -0.080824
vn 0.472204 0.746523 -0.468751
vn 0.410970 0.820531 -0.397282
vn -0.200559 0.963442 0.177641
vn -0.501008 0.739782 0.449125
vn -0.330803 0.904714 0.268442
vn 0.285365 0.910363 -0.299675
vn -0.150519 0.987897 0.037476
vn 0.376705 0.825787 -0.419725
vn 0.451976 0.767546 -0.454522
vn 0.042642 0.997392 -0.058236
vn -0.446242 0.807482 0.385801
vn -0.428854 0.839257 0.334264
vn 0.116436 0.972918 -0.199683
vn 0.458889 0.749336 -0.477406
vn 0.347593 0.870735 -0.347849
vn -0.257934 0.940812 0.219870
vn -0.486853 0.770962 0.410600
vn -0.249731 0.957230 0.146097
vn 0.348425 0.848904 -0.397444
vn 0.460394 0.756419 -0.464616
vn 0.103977 0.987823 -0.115739
vn -0.428101 0.824120 0.370886
vn -0.447492 0.820493 0.355729
vn 0.056654 0.987691 -0.145797
vn 0.450094 0.757741 -0.472487
vn 0.377219 0.845930 -0.376972
vn -0.208058 0.962469 0.174256
vn -0.485199 0.771283 0.411951
vn -0.296351 0.935331 0.193214
vn 0.315101 0.873760 -0.370479
vn 0.465822 0.748436 -0.472074
vn 0.162043 0.971956 -0.170421
vn -0.405823 0.843468 0.351950
vn -0.462072 0.804474 0.373244
vn -0.005505 0.996041 -0.088727
vn 0.438253 0.769276 -0.464917
vn 0.414582 0.803875 -0.426506
vn 0.432715 0.769791 -0.469233
vn 0.299814 0.901435 -0.312292
vn -0.242252 0.950668 0.193763
vn -0.450533 0.821386 0.349779
vn -0.205041 0.976774 0.062220
vn 0.318558 0.859470 -0.399790
vn 0.417069 0.795996 -0.438684
vn 0.072775 0.992870 -0.094404
vn -0.396674 0.858872 0.324019
vn -0.404524 0.870654 0.279861
vn 0.066738 0.978732 -0.193986
vn 0.411400 0.787526 -0.458861
vn 0.329496 0.879994 -0.342116
vn -0.198538 0.967788 0.154819
vn -0.449692 0.820236 0.353539
vn -0.249607 0.962337 0.107720
vn 0.288950 0.879652 -0.377785
vn 0.423367 0.787377 -0.448105
vn 0.124781 0.981773 -0.143358
vn -0.375858 0.874078 0.307763
vn -0.420668 0.855999 0.300505
vn 0.013471 0.989143 -0.146338
vn 0.400457 0.796177 -0.453582
vn 0.354613 0.859577 -0.367937
vn -0.150708 0.982246 0.111714
vn -0.445936 0.821934 0.354351
vn -0.289537 0.945401 0.149616
vn 0.254968 0.900765 -0.351587
vn 0.426782 0.781527 -0.455052
vn 0.173595 0.966372 -0.189709
vn -0.318709 0.915219 0.246573
vn 0.011075 0.999514 -0.029144
vn -0.339552 0.906283 0.251705
vn -0.338994 0.922851 0.182833
vn 0.061738 0.973361 -0.220811
vn 0.351547 0.834880 -0.423544
vn 0.269085 0.917304 -0.293506
vn -0.168857 0.978709 0.116687
vn -0.387642 0.881957 0.268116
vn -0.195954 0.980389 0.020948
vn 0.243085 0.899731 -0.362483
vn 0.360597 0.840967 -0.403416
vn 0.092069 0.988595 -0.119175
vn -0.320692 0.916576 0.238843
vn -0.355324 0.912071 0.204627
vn 0.019452 0.982691 -0.184228
vn 0.341568 0.840573 -0.420438
vn 0.292578 0.901624 -0.318548
vn -0.129839 0.988068 0.082846
vn -0.384567 0.882358 0.271205
vn -0.231029 0.971224 0.057881
vn 0.214357 0.914909 -0.342041
vn 0.364439 0.835128 -0.412001
vn 0.132547 0.978555 -0.157674
vn -0.298494 0.928093 0.222587
vn -0.368199 0.902546 0.223248
vn -0.023771 0.989054 -0.145626
vn 0.328818 0.848361 -0.414924
vn 0.312518 0.886736 -0.340634
vn -0.088533 0.994992 0.046393
vn -0.378580 0.884894 0.271367
vn -0.280019 0.952706 0.118069
vn -0.311314 0.935397 0.167676
vn -0.142910 0.988121 -0.056503
vn 0.174136 0.931104 -0.320503
vn 0.273483 0.902320 -0.333206
vn 0.069244 0.992302 -0.102678
vn -0.234639 0.961775 0.141185
vn -0.265425 0.959985 0.089320
vn 0.009506 0.980011 -0.198717
vn 0.255593 0.897743 -0.358789
vn 0.218106 0.942029 -0.254972
vn -0.088136 0.995481 0.035359
vn -0.289462 0.944276 0.156701
vn -0.168667 0.985238 -0.029284
vn 0.151765 0.939757 -0.306306
vn 0.276589 0.897942 -0.342342
vn 0.098161 0.986626 -0.130132
vn -0.216468 0.967553 0.130318
vn -0.276113 0.955236 0.106229
vn -0.020860 0.984770 -0.172604
vn 0.244532 0.901983 -0.355853
vn 0.234027 0.932802 -0.274066
vn -0.058429 0.998234 0.010755
vn -0.284110 0.945521 0.158969
vn -0.192395 0.981313 -0.003072
vn 0.127448 0.948544 -0.289865
vn 0.277339 0.894926 -0.349559
vn 0.125598 0.979595 -0.156902
vn -0.195958 0.973618 0.116914
vn -0.284145 0.951129 0.120893
vn -0.051234 0.988040 -0.145437
vn 0.201900 0.922669 -0.328510
vn 0.003539 0.978067 -0.208260
vn 0.138274 0.955136 -0.261908
vn 0.137195 0.973645 -0.182188
vn -0.025360 0.999223 -0.030185
vn -0.160292 0.986949 0.015444
vn -0.110957 0.988655 -0.101246
vn 0.065198 0.968466 -0.240463
vn 0.161902 0.956472 -0.242793
vn 0.075405 0.990885 -0.111632
vn -0.104214 0.994477 0.012443
vn -0.162651 0.986431 -0.022308
vn -0.034357 0.984020 -0.174711
vn 0.129408 0.956416 -0.261766
vn 0.145095 0.970162 -0.194250
vn -0.008580 0.999090 -0.041790
vn -0.154913 0.987752 0.018678
vn -0.122878 0.988599 -0.087023
vn 0.050042 0.971308 -0.232500
vn 0.160412 0.955135 -0.248968
vn 0.089689 0.987989 -0.125833
vn -0.090655 0.995859 0.006846
vn -0.165578 0.986117 -0.012512
vn -0.050499 0.985637 -0.161152
vn 0.119284 0.958120 -0.260339
vn 0.151524 0.966845 -0.205550
vn 0.008276 0.998495 -0.054207
vn -0.148017 0.988773 0.020493
vn -0.133549 0.988338 -0.073163
vn 0.034297 0.974126 -0.223389
vn 0.157419 0.954310 -0.253990
vn 0.108189 0.982625 -0.150809
vn 0.082969 0.976982 -0.196523
vn 0.067494 0.992167 -0.105114
vn 0.001022 0.999787 -0.020613
vn -0.066885 0.995900 -0.060901
vn -0.056910 0.982447 -0.177648
vn 0.017572 0.971865 -0.234884
vn 0.071980 0.982712 -0.170578
vn 0.043871 0.997529 -0.054879
vn -0.035950 0.999097 -0.022640
vn -0.073788 0.990877 -0.112774
vn -0.026451 0.975602 -0.217947
vn 0.050175 0.974361 -0.219325
vn 0.070092 0.990788 -0.115873
vn 0.008442 0.999686 -0.023613
vn -0.063373 0.996607 -0.052511
vn -0.061318 0.983895 -0.167901
vn 0.010482 0.971996 -0.234762
vn 0.070111 0.981136 -0.180155
vn 0.049601 0.996750 -0.063471
vn -0.029278 0.999372 -0.019950
vn -0.073990 0.992025 -0.102042
vn -0.033110 0.976757 -0.211779
vn 0.044647 0.973483 -0.224360
vn 0.071981 0.989324 -0.126716
vn 0.015775 0.999493 -0.027665
vn -0.059220 0.997236 -0.044871
vn -0.065129 0.985333 -0.157724
vn 0.003286 0.972325 -0.233609
vn 0.067557 0.979615 -0.189186
vn 0.054822 0.995846 -0.072695
vn 0.000000 0.999990 -0.004462
vn 0.893075 -0.434465 0.116860
vn 0.907937 -0.419019 -0.008599
vn 0.912017 -0.409107 -0.029267
vn 0.906458 -0.416486 0.069812
vn 0.896327 -0.437884 0.069680
vn 0.883012 -0.468161 -0.033390
vn 0.847379 -0.479774 0.227523
vn 0.798655 -0.592899 -0.103055
vn 0.649576 -0.597593 -0.470037
vn 0.527591 -0.528472 -0.665105
vn 0.400525 -0.432981 -0.807531
vn 0.478290 -0.399684 -0.781979
vn 0.719012 -0.404858 -0.564900
vn 0.679735 -0.421827 -0.600019
vn 0.713994 -0.442055 -0.542955
vn 0.703807 -0.481958 -0.521893
vn 0.452959 -0.547274 -0.703789
vn 0.466152 -0.567876 -0.678395
vn 0.327393 -0.602301 -0.728043
vn -0.142599 -0.550645 -0.822469
vn -0.261761 -0.480819 -0.836836
vn -0.296416 -0.432686 -0.851422
vn -0.350956 -0.389351 -0.851608
vn 0.054981 -0.406582 -0.911958
vn 0.128578 -0.433871 -0.891753
vn 0.075054 -0.487440 -0.869925
vn 0.007059 -0.548944 -0.835829
vn -0.329891 -0.605865 -0.723947
vn -0.663886 -0.543481 -0.513697
vn -0.551862 -0.547265 -0.629244
vn -0.776268 -0.479178 -0.409630
vn -0.824759 -0.430333 -0.366859
vn -0.805021 -0.414322 -0.424591
vn -0.822769 -0.399041 -0.404743
vn -0.735249 -0.410068 -0.539678
vn -0.525212 -0.426306 -0.736488
vn -0.625453 -0.520084 -0.581653
vn -0.706600 -0.590651 -0.389677
vn -0.794363 -0.603527 -0.068867
vn -0.802151 -0.482449 0.351848
vn -0.854940 -0.457984 0.243573
vn -0.875761 -0.438503 0.201883
vn -0.852362 -0.414181 0.319269
vn 0.903172 -0.424526 -0.063701
vn 0.902726 -0.417543 -0.103649
vn 0.908247 -0.418188 0.014334
vn 0.880324 -0.416386 0.227271
vn 0.872223 -0.432910 0.227629
vn 0.851618 -0.430702 0.298734
vn 0.785073 -0.424155 0.451389
vn 0.781169 -0.610544 -0.130424
vn 0.460249 -0.553302 -0.694282
vn 0.206871 -0.423584 -0.881919
vn 0.125850 -0.350615 -0.928025
vn 0.422564 -0.393628 -0.816392
vn 0.781496 -0.406915 -0.472953
vn 0.800562 -0.411340 -0.435774
vn 0.860319 -0.402985 -0.312176
vn 0.800999 -0.459726 -0.383475
vn 0.572570 -0.543377 -0.613926
vn 0.575529 -0.559700 -0.596239
vn 0.133902 -0.615176 -0.776935
vn -0.462932 -0.461917 -0.756523
vn -0.547990 -0.399969 -0.734664
vn -0.567621 -0.369146 -0.735892
vn -0.351897 -0.392152 -0.849932
vn 0.332932 -0.383446 -0.861467
vn 0.428344 -0.385075 -0.817459
vn 0.376546 -0.431241 -0.819905
vn 0.174327 -0.529715 -0.830068
vn -0.498580 -0.604410 -0.621375
vn -0.748323 -0.516024 -0.416812
vn -0.718131 -0.524606 -0.457249
vn -0.895223 -0.413091 -0.167130
vn -0.899987 -0.393170 -0.188256
vn -0.863496 -0.403362 -0.302777
vn -0.799564 -0.408434 -0.440317
vn -0.481534 -0.385574 -0.787057
vn -0.256808 -0.358981 -0.897320
vn -0.451134 -0.480786 -0.751879
vn -0.679625 -0.601481 -0.419918
vn -0.782889 -0.545494 0.299201
vn -0.703265 -0.397666 0.589305
vn -0.798518 -0.426938 0.424374
vn -0.826979 -0.425408 0.367606
vn -0.786525 -0.403945 0.467125
vn 0.884456 -0.430938 -0.178968
vn 0.884757 -0.434305 -0.169067
vn 0.895690 -0.441141 0.055990
vn 0.839047 -0.420087 0.345727
vn 0.835350 -0.432697 0.339064
vn 0.784741 -0.389042 0.482522
vn 0.726331 -0.382593 0.571022
vn 0.755774 -0.640428 -0.136594
vn 0.298352 -0.522526 -0.798719
vn 0.007232 -0.361689 -0.932271
vn -0.047348 -0.307488 -0.950373
vn 0.374243 -0.405950 -0.833754
vn 0.825450 -0.415620 -0.381958
vn 0.864990 -0.402414 -0.299759
vn 0.916117 -0.369613 -0.155291
vn 0.850356 -0.445825 -0.279527
vn 0.646810 -0.544451 -0.534050
vn 0.651733 -0.554960 -0.516975
vn -0.007774 -0.632647 -0.774401
vn -0.624610 -0.410033 -0.664632
vn -0.690181 -0.356275 -0.629856
vn -0.707987 -0.333753 -0.622385
vn -0.353194 -0.410642 -0.840611
vn 0.505996 -0.356689 -0.785329
vn 0.585159 -0.343427 -0.734607
vn 0.533693 -0.384781 -0.753071
vn 0.289850 -0.516406 -0.805799
vn -0.604647 -0.608986 -0.513360
vn -0.791862 -0.511203 -0.334104
vn -0.793738 -0.516672 -0.320982
vn -0.925227 -0.379375 -0.005528
vn -0.923290 -0.379903 -0.056646
vn -0.889067 -0.410085 -0.203445
vn -0.773719 -0.430836 -0.464477
vn -0.288695 -0.349795 -0.891234
vn -0.104960 -0.310279 -0.944833
vn -0.324095 -0.446668 -0.833936
vn -0.643058 -0.623298 -0.444945
vn -0.702577 -0.495581 0.510672
vn -0.607764 -0.354598 0.710551
vn -0.733526 -0.418130 0.535823
vn -0.767903 -0.430047 0.474746
vn -0.724786 -0.411897 0.552292
vn 0.856277 -0.458139 -0.238536
vn 0.856740 -0.471254 -0.209563
vn 0.871223 -0.483865 0.082736
vn 0.792616 -0.443967 0.417916
vn 0.795185 -0.455237 0.400550
vn 0.728506 -0.380302 0.569779
vn 0.676037 -0.371285 0.636491
vn 0.716680 -0.686358 -0.123627
vn 0.189684 -0.520341 -0.832626
vn -0.099324 -0.341702 -0.934545
vn -0.145536 -0.294730 -0.944433
vn 0.330614 -0.435767 -0.837139
vn 0.845687 -0.441034 -0.300505
vn 0.886917 -0.415044 -0.202772
vn 0.928721 -0.366190 -0.058162
vn 0.864030 -0.458734 -0.207399
vn 0.671396 -0.568982 -0.474855
vn 0.691902 -0.568688 -0.444821
vn -0.084189 -0.667227 -0.740081
vn -0.698405 -0.396870 -0.595588
vn -0.756236 -0.346021 -0.555317
vn -0.776550 -0.325312 -0.539575
vn -0.364229 -0.444897 -0.818171
vn 0.601497 -0.352555 -0.716872
vn 0.664282 -0.332991 -0.669213
vn 0.612064 -0.374035 -0.696761
vn 0.360154 -0.528877 -0.768491
vn -0.658448 -0.627003 -0.416309
vn -0.805449 -0.527443 -0.270289
vn -0.810673 -0.535483 -0.236785
vn -0.922079 -0.376485 0.089603
vn -0.920591 -0.389183 0.032386
vn -0.892030 -0.434845 -0.123260
vn -0.751559 -0.470988 -0.461876
vn -0.171710 -0.341079 -0.924219
vn -0.015801 -0.295396 -0.955244
vn -0.235894 -0.443126 -0.864866
vn -0.594061 -0.663617 -0.454648
vn -0.628841 -0.478624 0.612763
vn -0.540991 -0.343097 0.767862
vn -0.679117 -0.432595 0.593011
vn -0.713206 -0.455698 0.532613
vn -0.661757 -0.438373 0.608200
vn 0.814069 -0.509072 -0.279529
vn 0.810050 -0.533605 -0.243073
vn 0.826112 -0.553484 0.105806
vn 0.729748 -0.488685 0.478179
vn 0.742470 -0.500563 0.445168
vn 0.670878 -0.389991 0.630737
vn 0.621177 -0.373786 0.688784
vn 0.654284 -0.750608 -0.092194
vn 0.089487 -0.537357 -0.838594
vn -0.185354 -0.339874 -0.922025
vn -0.228288 -0.295567 -0.927644
vn 0.277519 -0.485895 -0.828788
vn 0.851880 -0.483075 -0.202335
vn 0.889071 -0.445400 -0.105698
vn 0.924478 -0.380105 0.029328
vn 0.859343 -0.492770 -0.136777
vn 0.669657 -0.615991 -0.414868
vn 0.717954 -0.595406 -0.360601
vn -0.132414 -0.723707 -0.677284
vn -0.748378 -0.403296 -0.526576
vn -0.802091 -0.352492 -0.482078
vn -0.825879 -0.330358 -0.456933
vn -0.384466 -0.499163 -0.776545
vn 0.677231 -0.361339 -0.640931
vn 0.723983 -0.337794 -0.601451
vn 0.670482 -0.381181 -0.636518
vn 0.419016 -0.560573 -0.714271
vn -0.689583 -0.656159 -0.306481
vn -0.802226 -0.561024 -0.204169
vn -0.797577 -0.579978 -0.165819
vn -0.903833 -0.391853 0.171862
vn -0.901960 -0.415256 0.118447
vn -0.877963 -0.477586 -0.033044
vn -0.723732 -0.535454 -0.435317
vn -0.070880 -0.347656 -0.934939
vn 0.061913 -0.294659 -0.953595
vn -0.150128 -0.456986 -0.876713
vn -0.521005 -0.723060 -0.453583
vn -0.550510 -0.479709 0.683240
vn -0.476725 -0.346657 0.807813
vn -0.618675 -0.467315 0.631552
vn -0.646312 -0.503907 0.573026
vn -0.579829 -0.484146 0.655287
vn 0.743871 -0.590854 -0.312326
vn 0.725908 -0.630180 -0.275556
vn 0.739588 -0.660401 0.129924
vn 0.633162 -0.557286 0.537158
vn 0.662676 -0.573281 0.481881
vn 0.601801 -0.413398 0.683328
vn 0.555069 -0.384460 0.737624
vn 0.554944 -0.830982 -0.038814
vn -0.019977 -0.568395 -0.822513
vn -0.270657 -0.348549 -0.897362
vn -0.312285 -0.304544 -0.899851
vn 0.202664 -0.562320 -0.801700
vn 0.838014 -0.541293 -0.068800
vn 0.870129 -0.492704 0.010902
vn 0.904497 -0.407665 0.125275
vn 0.834421 -0.548584 -0.052890
vn 0.641903 -0.686941 -0.340695
vn 0.733203 -0.630783 -0.254021
vn -0.163639 -0.802020 -0.574445
vn -0.788972 -0.423100 -0.445544
vn -0.839865 -0.370382 -0.396792
vn -0.866909 -0.343775 -0.360954
vn -0.414293 -0.579589 -0.701739
vn 0.747277 -0.378389 -0.546259
vn 0.777783 -0.352452 -0.520414
vn 0.723148 -0.400622 -0.562636
vn 0.476262 -0.609287 -0.633990
vn -0.702546 -0.690624 -0.171660
vn -0.781476 -0.611282 -0.125023
vn -0.752336 -0.652568 -0.090253
vn -0.868637 -0.422102 0.259420
vn -0.862287 -0.457072 0.218051
vn -0.837932 -0.539137 0.084862
vn -0.677224 -0.633495 -0.374236
vn 0.034856 -0.364666 -0.930486
vn 0.142774 -0.302104 -0.942523
vn -0.052484 -0.483414 -0.873817
vn -0.410471 -0.799663 -0.438239
vn -0.458403 -0.491047 0.740769
vn -0.404184 -0.360039 0.840837
vn -0.538244 -0.524276 0.659869
vn -0.548611 -0.579331 0.602828
vn -0.459116 -0.551015 0.696846
vn 0.616225 -0.712208 -0.336195
vn 0.564548 -0.767032 -0.304873
vn 0.565812 -0.809705 0.155673
vn 0.474922 -0.650242 0.592988
vn 0.530136 -0.678970 0.507894
vn 0.512186 -0.448888 0.732233
vn 0.473555 -0.400278 0.784553
vn 0.402720 -0.914456 0.039845
vn -0.146827 -0.608746 -0.779660
vn -0.362201 -0.364333 -0.857946
vn -0.403263 -0.319062 -0.857658
vn 0.089231 -0.671109 -0.735969
vn 0.784989 -0.608752 0.114948
vn 0.816377 -0.554731 0.160634
vn 0.861777 -0.447288 0.239320
vn 0.776141 -0.628038 0.056329
vn 0.576401 -0.781418 -0.239055
vn 0.733924 -0.668609 -0.119656
vn -0.177831 -0.893347 -0.412683
vn -0.822287 -0.453566 -0.343689
vn -0.870548 -0.397271 -0.290381
vn -0.899526 -0.362361 -0.244023
vn -0.451127 -0.690175 -0.565811
vn 0.812308 -0.399877 -0.424562
vn 0.827674 -0.374171 -0.418273
vn 0.772826 -0.429874 -0.466850
vn 0.532404 -0.671947 -0.514814
vn -0.693065 -0.720825 -0.008521
vn -0.735566 -0.676994 -0.024930
vn -0.655651 -0.755060 0.002525
vn -0.807604 -0.466219 0.361133
vn -0.787611 -0.513477 0.340602
vn -0.749818 -0.615202 0.243512
vn -0.584571 -0.771144 -0.252217
vn 0.155025 -0.389304 -0.907970
vn 0.232220 -0.315086 -0.920215
vn 0.064604 -0.519187 -0.852215
vn -0.248455 -0.882432 -0.399480
vn -0.347309 -0.507455 0.788585
vn -0.316982 -0.380944 0.868565
vn -0.419482 -0.607204 0.674787
vn -0.391433 -0.685242 0.614185
vn -0.273432 -0.635567 0.722004
vn 0.376504 -0.863999 -0.334290
vn 0.263603 -0.913088 -0.311102
vn 0.236642 -0.956152 0.172553
vn 0.220517 -0.749977 0.623624
vn 0.303458 -0.809496 0.502623
vn 0.392601 -0.494820 0.775253
vn 0.374554 -0.418655 0.827307
vn 0.193002 -0.971267 0.139250
vn -0.291227 -0.650952 -0.701034
vn -0.461315 -0.384773 -0.799462
vn -0.501716 -0.337045 -0.796669
vn -0.081974 -0.803470 -0.589675
vn 0.665014 -0.662737 0.344292
vn 0.703275 -0.620556 0.346864
vn 0.783057 -0.495877 0.375403
vn 0.657546 -0.726396 0.199955
vn 0.451584 -0.886875 -0.097591
vn 0.713400 -0.699596 0.040309
vn -0.167887 -0.969370 -0.179266
vn -0.843944 -0.491988 -0.213792
vn -0.888952 -0.430599 -0.156039
vn -0.918122 -0.382620 -0.103214
vn -0.479472 -0.814735 -0.326058
vn 0.865276 -0.420902 -0.272284
vn 0.869565 -0.400093 -0.289452
vn 0.815984 -0.466374 -0.341564
vn 0.579208 -0.739296 -0.343451
vn -0.655701 -0.734779 0.173655
vn -0.651303 -0.752107 0.100690
vn -0.471122 -0.873907 0.119715
vn -0.705565 -0.521650 0.479646
vn -0.655699 -0.577502 0.486365
vn -0.582299 -0.684551 0.438540
vn -0.395932 -0.917727 -0.031870
vn 0.292438 -0.418285 -0.859952
vn 0.331452 -0.331740 -0.883226
vn 0.203418 -0.559614 -0.803401
vn -0.033076 -0.944475 -0.326915
vn -0.216414 -0.524091 0.823707
vn -0.210858 -0.407558 0.888502
vn -0.236412 -0.714230 0.658775
vn -0.137660 -0.805122 0.576912
vn -0.003704 -0.714727 0.699394
vn -0.010145 -0.963293 -0.268262
vn -0.162506 -0.952533 -0.257435
vn -0.206998 -0.965553 0.157671
vn -0.123307 -0.801920 0.584568
vn -0.039882 -0.905650 0.422145
vn 0.235141 -0.546926 0.803481
vn 0.259035 -0.436851 0.861430
vn -0.045612 -0.969602 0.240399
vn -0.442491 -0.683810 -0.580177
vn -0.564829 -0.407174 -0.717759
vn -0.603755 -0.356118 -0.713204
vn -0.300410 -0.899390 -0.317572
vn 0.472794 -0.670334 0.571942
vn 0.511030 -0.664230 0.545570
vn 0.652026 -0.545113 0.526986
vn 0.444513 -0.815950 0.369640
vn 0.251087 -0.964592 0.080728
vn 0.667340 -0.713780 0.212546
vn -0.127853 -0.986630 0.101074
vn -0.844187 -0.533472 -0.052489
vn -0.884830 -0.465840 0.008326
vn -0.914616 -0.400219 0.057463
vn -0.462206 -0.886384 0.026252
vn 0.895101 -0.435594 -0.095146
vn 0.894831 -0.426127 -0.133017
vn 0.843345 -0.505500 -0.182317
vn 0.599294 -0.791743 -0.118274
vn -0.591980 -0.724477 0.353118
vn -0.515203 -0.820714 0.246971
vn -0.172886 -0.953633 0.246362
vn -0.544366 -0.579526 0.606477
vn -0.447704 -0.629529 0.635023
vn -0.330768 -0.707088 0.624995
vn -0.099109 -0.959851 0.262419
vn 0.441900 -0.446545 -0.778024
vn 0.438123 -0.350132 -0.827923
vn 0.357946 -0.596895 -0.718046
vn 0.205575 -0.953128 -0.222003
vn -0.070747 -0.536310 0.841050
vn -0.084281 -0.437451 0.895284
vn 0.030485 -0.818018 0.574385
vn 0.206225 -0.871231 0.445452
vn 0.314004 -0.740820 0.593790
vn -0.409807 -0.901932 -0.136294
vn -0.521515 -0.838430 -0.158293
vn -0.550933 -0.826228 0.117562
vn -0.452082 -0.761667 0.464204
vn -0.402619 -0.879236 0.254642
vn 0.040025 -0.596081 0.801926
vn 0.132047 -0.452238 0.882068
vn -0.260728 -0.910499 0.320957
vn -0.579902 -0.696455 -0.422687
vn -0.665384 -0.428382 -0.611353
vn -0.701616 -0.373595 -0.606763
vn -0.483073 -0.875183 0.026379
vn 0.256563 -0.625721 0.736647
vn 0.262206 -0.660036 0.703989
vn 0.461878 -0.580228 0.670824
vn 0.142768 -0.843127 0.518416
vn 0.001509 -0.966222 0.257708
vn 0.599766 -0.706516 0.375654
vn -0.065586 -0.930376 0.360691
vn -0.810612 -0.569956 0.134382
vn -0.846179 -0.495953 0.194966
vn -0.883279 -0.411039 0.225531
vn -0.382930 -0.842151 0.379666
vn 0.893707 -0.439561 0.089858
vn 0.893389 -0.447165 0.043592
vn 0.841768 -0.539799 0.006679
vn 0.575675 -0.806657 0.133799
vn -0.513672 -0.692285 0.506835
vn -0.328496 -0.859018 0.392655
vn 0.175538 -0.925643 0.335217
vn -0.318141 -0.621682 0.715750
vn -0.180432 -0.643293 0.744055
vn -0.058678 -0.665983 0.743655
vn 0.179911 -0.849281 0.496340
vn 0.588933 -0.467752 -0.659064
vn 0.546395 -0.368122 -0.752289
vn 0.511585 -0.621452 -0.593362
vn 0.415245 -0.903490 -0.106194
vn 0.078886 -0.540940 0.837353
vn 0.059628 -0.467151 0.882164
vn 0.340011 -0.854386 0.392960
vn 0.520244 -0.820342 0.237455
vn 0.581468 -0.693547 0.425308
vn -0.659227 -0.751915 -0.006562
vn -0.721177 -0.689400 -0.068053
vn -0.734555 -0.673814 0.080027
vn -0.672242 -0.668047 0.319068
vn -0.645537 -0.760172 0.073623
vn -0.175718 -0.629828 0.756598
vn 0.002392 -0.463116 0.886294
vn -0.420646 -0.826562 0.373968
vn -0.683488 -0.686136 -0.249122
vn -0.753181 -0.445496 -0.483996
vn -0.785821 -0.387223 -0.482227
vn -0.568822 -0.763495 0.305807
vn 0.073614 -0.558632 0.826142
vn 0.020551 -0.614247 0.788846
vn 0.232895 -0.588135 0.774505
vn -0.163125 -0.788236 0.593359
vn -0.229747 -0.893918 0.384872
vn 0.522882 -0.682049 0.511276
vn 0.001849 -0.835141 0.550032
vn -0.735755 -0.592547 0.327951
vn -0.767238 -0.513815 0.383848
vn -0.825863 -0.413315 0.383564
vn -0.285813 -0.731947 0.618518
vn 0.862888 -0.432804 0.260969
vn 0.859693 -0.459147 0.223859
vn 0.801065 -0.561263 0.208033
vn 0.509731 -0.779196 0.364730
vn -0.436375 -0.648730 0.623479
vn -0.119499 -0.853148 0.507798
vn 0.455059 -0.814165 0.360634
vn -0.055411 -0.630172 0.774476
vn 0.084837 -0.613657 0.785001
vn 0.160959 -0.593261 0.788755
vn 0.350228 -0.701143 0.621079
vn 0.714398 -0.477355 -0.511633
vn 0.647983 -0.383786 -0.657896
vn 0.642518 -0.627296 -0.440081
vn 0.565667 -0.824626 -0.003540
vn 0.219324 -0.537683 0.814122
vn 0.211652 -0.492736 0.844046
vn 0.584574 -0.794936 0.162327
vn 0.707928 -0.705043 0.041854
vn 0.747300 -0.612361 0.257987
vn -0.780053 -0.619245 0.089742
vn -0.818486 -0.574525 -0.001309
vn -0.824962 -0.562713 0.052844
vn -0.793071 -0.577116 0.194874
vn -0.766801 -0.638244 -0.068273
vn -0.380201 -0.640407 0.667327
vn -0.119746 -0.469460 0.874796
vn -0.526631 -0.746948 0.405867
vn -0.746261 -0.660360 -0.083779
vn -0.819705 -0.457136 -0.345124
vn -0.848964 -0.396246 -0.349641
vn -0.586792 -0.649746 0.483224
vn -0.057737 -0.496201 0.866286
vn -0.170484 -0.555653 0.813748
vn 0.006768 -0.570095 0.821551
vn -0.397261 -0.696066 0.598060
vn -0.402857 -0.796104 0.451581
vn 0.450086 -0.649904 0.612411
vn 0.064259 -0.740353 0.669140
vn -0.625300 -0.597216 0.502328
vn -0.655670 -0.516976 0.550302
vn -0.752012 -0.408741 0.517116
vn -0.207735 -0.627755 0.750180
vn 0.813511 -0.419562 0.402701
vn 0.797536 -0.461610 0.388398
vn 0.722673 -0.566456 0.396070
vn 0.421131 -0.727338 0.541874
vn -0.371312 -0.604660 0.704638
vn 0.073067 -0.813771 0.576574
vn 0.633046 -0.693589 0.343784
vn 0.190997 -0.605832 0.772326
vn 0.297150 -0.562917 0.771250
vn 0.311453 -0.523789 0.792869
vn 0.437094 -0.585600 0.682657
vn 0.804914 -0.475819 -0.354556
vn 0.734696 -0.396174 -0.550697
vn 0.736048 -0.616654 -0.279231
vn 0.660663 -0.746750 0.076746
vn 0.340089 -0.529105 0.777424
vn 0.358037 -0.511516 0.781128
vn 0.718532 -0.694368 -0.039563
vn 0.795121 -0.597751 -0.102353
vn 0.834169 -0.537151 0.125023
vn -0.835011 -0.526127 0.161078
vn -0.866153 -0.497381 0.048894
vn -0.871131 -0.489894 0.033695
vn -0.855314 -0.508663 0.098486
vn -0.819482 -0.546342 -0.173087
vn -0.545530 -0.631565 0.550929
vn -0.225914 -0.472927 0.851647
vn -0.592617 -0.684158 0.425128
vn -0.774065 -0.630399 0.058484
vn -0.861221 -0.464228 -0.206860
vn -0.888668 -0.401871 -0.220839
vn -0.575031 -0.565159 0.591552
vn -0.144749 -0.448356 0.882057
vn -0.307760 -0.504578 0.806650
vn -0.184596 -0.539711 0.821362
vn -0.554876 -0.609896 0.565808
vn -0.522190 -0.708550 0.474631
vn 0.390162 -0.618882 0.681732
vn 0.120400 -0.663444 0.738475
vn -0.496229 -0.587901 0.638850
vn -0.529101 -0.509516 0.678562
vn -0.674108 -0.401263 0.620134
vn -0.153376 -0.551817 0.819740
vn 0.758364 -0.405314 0.510494
vn 0.718114 -0.457965 0.524003
vn 0.619903 -0.559114 0.550556
vn 0.328791 -0.672593 0.662959
vn -0.323359 -0.566792 0.757750
vn 0.227978 -0.763577 0.604133
vn 0.740097 -0.597639 0.308357
vn 0.386681 -0.566439 0.727753
vn 0.448496 -0.513719 0.731399
vn 0.408482 -0.470733 0.782019
vn 0.477416 -0.507463 0.717325
vn 0.859084 -0.468159 -0.206885
vn 0.801294 -0.405833 -0.439577
vn 0.791023 -0.597837 -0.129895
vn 0.716329 -0.684212 0.136845
vn 0.436168 -0.519157 0.735005
vn 0.485529 -0.523642 0.700044
vn 0.774287 -0.603415 -0.190711
vn 0.829676 -0.519182 -0.205154
vn 0.876285 -0.481094 0.025966
vn -0.857829 -0.464879 0.219126
vn -0.889260 -0.448444 0.090081
vn -0.895415 -0.444796 0.019716
vn -0.886194 -0.462753 0.022776
vn -0.837422 -0.483358 -0.255127
vn -0.662619 -0.614551 0.428092
vn -0.311145 -0.476150 0.822478
vn -0.631088 -0.640502 0.437591
vn -0.776957 -0.604956 0.174257
vn -0.879296 -0.469582 -0.079575
vn -0.907449 -0.406729 -0.105389
vn -0.550648 -0.509335 0.661335
vn -0.198813 -0.415815 0.887452
vn -0.404345 -0.467843 0.785893
vn -0.333334 -0.510222 0.792819
vn -0.659902 -0.543838 0.518429
vn -0.605152 -0.642140 0.470581
vn 0.346796 -0.594436 0.725519
vn 0.172626 -0.607025 0.775707
vn -0.365729 -0.573007 0.733420
vn -0.404053 -0.498702 0.766836
vn -0.601977 -0.395013 0.693966
vn -0.117244 -0.502670 0.856491
vn 0.706775 -0.394381 0.587309
vn 0.633404 -0.453298 0.627152
vn 0.508552 -0.546944 0.665001
vn 0.241277 -0.627169 0.740570
vn -0.293359 -0.537953 0.790283
vn 0.344448 -0.719369 0.603212
vn 0.806386 -0.528818 0.264751
vn 0.529123 -0.528538 0.663835
vn 0.552760 -0.476255 0.683840
vn 0.469501 -0.435115 0.768273
vn 0.491020 -0.457561 0.741308
vn 0.884023 -0.460583 -0.079787
vn 0.846678 -0.414663 -0.333452
vn 0.814960 -0.579516 -0.001486
vn 0.746198 -0.640359 0.182016
vn 0.507263 -0.511606 0.693500
vn 0.586209 -0.532136 0.610893
vn 0.787778 -0.536036 -0.303431
vn 0.838011 -0.466671 -0.282764
vn 0.894594 -0.444228 -0.048616
vn -0.866351 -0.427155 0.258794
vn -0.903234 -0.425733 0.054031
vn -0.902323 -0.429828 0.032580
vn -0.888239 -0.455182 -0.061979
vn -0.807241 -0.460065 -0.369734
vn -0.523668 -0.560372 0.641681
vn -0.393535 -0.520778 0.757575
vn -0.677990 -0.626497 0.384487
vn -0.779436 -0.577902 0.241884
vn -0.896884 -0.438173 -0.060029
vn -0.910510 -0.413075 0.018451
vn -0.341609 -0.448423 0.825966
vn -0.303149 -0.418606 0.856078
vn -0.443366 -0.464260 0.766739
vn -0.397092 -0.517286 0.758112
vn -0.788983 -0.496952 0.361309
vn -0.463108 -0.680321 0.568062
vn 0.419023 -0.544892 0.726301
vn 0.049061 -0.596968 0.800763
vn -0.281599 -0.543780 0.790573
vn -0.338904 -0.474205 0.812573
vn -0.609878 -0.368871 0.701415
vn 0.212461 -0.485047 0.848286
vn 0.681553 -0.397803 0.614197
vn 0.536454 -0.480717 0.693634
vn 0.442438 -0.564589 0.696770
vn 0.082941 -0.615600 0.783682
vn -0.335363 -0.506353 0.794442
vn 0.697742 -0.624966 0.350105
vn 0.789945 -0.508928 0.342022
vn 0.585271 -0.490126 0.645937
vn 0.620581 -0.448726 0.643059
vn 0.436031 -0.409608 0.801311
vn 0.541316 -0.457554 0.705422
vn 0.883569 -0.424404 -0.197958
vn 0.861008 -0.466602 -0.202355
vn 0.799748 -0.595316 0.077477
vn 0.741992 -0.630263 0.228511
vn 0.483571 -0.463317 0.742628
vn 0.739932 -0.573454 0.351640
vn 0.773889 -0.470234 -0.424236
vn 0.865935 -0.439015 -0.239629
vn 0.900653 -0.425274 -0.089247
vn 0.000000 0.972630 0.232358
vn 0.077192 0.985325 0.152234
vn 0.065660 0.996990 0.041232
vn -0.022525 0.999292 0.030145
vn -0.083909 0.987668 0.132179
vn -0.048097 0.972818 0.226523
vn 0.042083 0.977175 0.208226
vn 0.085215 0.991677 0.096512
vn 0.029723 0.999378 0.018985
vn -0.060478 0.995843 0.068116
vn -0.079539 0.979565 0.184731
vn -0.007843 0.972134 0.234295
vn 0.073171 0.983975 0.162600
vn 0.070812 0.996312 0.048448
vn -0.014137 0.999573 0.025570
vn -0.082160 0.989204 0.121349
vn -0.054741 0.973521 0.221949
vn 0.034565 0.976036 0.214847
vn 0.085422 0.990569 0.107128
vn 0.037617 0.999069 0.021117
vn -0.054158 0.996776 0.059196
vn -0.082103 0.981064 0.175423
vn -0.016108 0.971876 0.234942
vn 0.068434 0.982614 0.172588
vn 0.075248 0.995566 0.056453
vn -0.005603 0.999742 0.022024
vn -0.079583 0.990679 0.110548
vn -0.060860 0.974394 0.216455
vn 0.026725 0.974998 0.220601
vn 0.084776 0.989397 0.117925
vn 0.067583 0.997049 0.036418
vn 0.154462 0.985827 0.065472
vn 0.165717 0.985954 -0.020794
vn -0.019556 0.997954 0.060867
vn -0.177552 0.961400 0.210203
vn -0.131006 0.957076 0.258541
vn 0.067725 0.985764 0.153893
vn 0.191477 0.981466 0.007864
vn 0.096148 0.995361 -0.003435
vn -0.111531 0.984835 0.132892
vn -0.183041 0.950619 0.250638
vn -0.048523 0.972479 0.227881
vn 0.148133 0.985758 0.079612
vn 0.174467 0.984466 -0.019715
vn -0.000117 0.998843 0.048090
vn -0.171088 0.964861 0.199431
vn -0.143333 0.954770 0.260518
vn 0.049350 0.984594 0.167746
vn 0.189088 0.981812 0.017053
vn 0.112337 0.993623 -0.009716
vn -0.095666 0.988297 0.118814
vn -0.185627 0.951575 0.245046
vn -0.066388 0.969390 0.236380
vn 0.135182 0.986383 0.093671
vn 0.181509 0.983239 -0.017213
vn 0.019347 0.999163 0.036048
vn -0.162914 0.968591 0.187858
vn -0.154246 0.952878 0.261211
vn 0.030515 0.982999 0.181059
vn 0.184862 0.982385 0.027319
vn 0.127337 0.991752 -0.014631
vn -0.063608 0.994142 0.087388
vn 0.170858 0.982772 -0.070470
vn -0.160159 0.972385 0.169755
vn -0.315873 0.882646 0.348079
vn -0.131716 0.950943 0.279926
vn 0.233832 0.972227 -0.009855
vn 0.319826 0.934360 -0.157110
vn 0.049448 0.998774 0.002474
vn -0.276109 0.919303 0.280438
vn -0.272425 0.896174 0.350225
vn 0.042201 0.986426 0.158690
vn 0.320055 0.940685 -0.112586
vn 0.236609 0.963806 -0.122858
vn -0.129730 0.981079 0.143717
vn -0.316372 0.884875 0.341915
vn -0.160666 0.941216 0.297152
vn 0.208208 0.977961 0.015556
vn 0.327208 0.931981 -0.156036
vn 0.084249 0.996182 -0.022866
vn -0.259665 0.929258 0.262780
vn -0.286133 0.890465 0.353837
vn 0.007049 0.982633 0.185426
vn 0.309685 0.945867 -0.097110
vn 0.258497 0.956566 -0.134764
vn -0.097299 0.988385 0.116737
vn -0.314271 0.888665 0.333928
vn -0.187390 0.931389 0.312089
vn 0.180016 0.982758 0.042213
vn 0.331782 0.930938 -0.152559
vn 0.117837 0.991938 -0.046616
vn -0.240326 0.939716 0.243262
vn -0.323789 0.870638 0.370339
vn -0.369053 0.857240 0.359083
vn -0.364870 0.838758 0.404171
vn 0.053278 0.990707 0.125146
vn 0.421910 0.877921 -0.226378
vn 0.325782 0.921826 -0.210006
vn -0.175454 0.968608 0.176108
vn -0.413075 0.814928 0.406524
vn -0.227677 0.916808 0.328065
vn 0.283439 0.956036 -0.075218
vn 0.430874 0.862550 -0.265245
vn 0.125509 0.990010 -0.064243
vn -0.345202 0.880349 0.325302
vn -0.380445 0.828834 0.410238
vn 0.003161 0.986361 0.164564
vn 0.409850 0.887643 -0.210029
vn 0.352268 0.907884 -0.227276
vn -0.130535 0.981666 0.138897
vn -0.410440 0.819770 0.399394
vn -0.262010 0.899627 0.349317
vn 0.245905 0.968471 -0.039926
vn 0.435788 0.860599 -0.263549
vn 0.171659 0.980144 -0.099252
vn -0.321222 0.897300 0.302770
vn -0.392879 0.821142 0.413970
vn -0.046368 0.978243 0.202213
vn 0.394067 0.899096 -0.190621
vn 0.374862 0.895174 -0.241127
vn -0.082779 0.991546 0.099918
vn -0.404813 0.827003 0.390119
vn -0.292483 0.882951 0.367220
vn 0.171756 0.984558 0.033842
vn -0.222916 0.929898 0.292573
vn 0.350622 0.921510 -0.166983
vn 0.495739 0.798074 -0.342520
vn 0.143737 0.985707 -0.087869
vn -0.413622 0.831206 0.371502
vn -0.443526 0.781619 0.438584
vn 0.016703 0.992528 0.120869
vn 0.479561 0.824408 -0.300621
vn 0.411162 0.863711 -0.291460
vn -0.173126 0.970643 0.166974
vn -0.477420 0.761237 0.438850
vn -0.310520 0.879599 0.360392
vn 0.309135 0.942337 -0.128207
vn 0.501265 0.794426 -0.342960
vn 0.200514 0.970698 -0.132438
vn -0.388770 0.852647 0.349072
vn -0.456884 0.770601 0.444332
vn -0.045670 0.984427 0.169756
vn 0.464531 0.839133 -0.282961
vn 0.435811 0.845517 -0.308496
vn -0.115238 0.986103 0.119670
vn -0.472342 0.768720 0.431233
vn -0.345830 0.856536 0.383077
vn 0.261827 0.961337 -0.085313
vn 0.503717 0.793857 -0.340676
vn 0.252535 0.952022 -0.172859
vn -0.358870 0.875790 0.322807
vn -0.467009 0.762525 0.447725
vn -0.105955 0.970698 0.215684
vn 0.445252 0.856309 -0.261696
vn 0.478778 0.806341 -0.347255
vn 0.526955 0.762578 -0.375224
vn 0.442405 0.833092 -0.332017
vn -0.218477 0.955987 0.195846
vn -0.521502 0.719636 0.458432
vn -0.336989 0.874227 0.349522
vn 0.361447 0.907997 -0.211892
vn 0.537805 0.744108 -0.396320
vn 0.207241 0.967038 -0.147948
vn -0.440138 0.813303 0.380548
vn -0.497353 0.739192 0.454130
vn -0.028699 0.992752 0.116702
vn 0.508960 0.785021 -0.353132
vn 0.468624 0.810436 -0.351546
vn -0.154828 0.977405 0.143901
vn -0.517377 0.726190 0.452735
vn -0.376692 0.846034 0.377266
vn 0.313260 0.934534 -0.168864
vn 0.540996 0.741844 -0.396220
vn 0.266788 0.943762 -0.195286
vn -0.411075 0.839368 0.355640
vn -0.508176 0.728424 0.459517
vn -0.099332 0.980039 0.172213
vn 0.491669 0.803695 -0.335166
vn 0.489994 0.790706 -0.367002
vn -0.086046 0.992396 0.088015
vn -0.510234 0.736103 0.444761
vn -0.410254 0.819533 0.400072
vn 0.257882 0.958636 -0.120472
vn 0.541303 0.743016 -0.393596
vn 0.319520 0.917481 -0.236931
vn -0.346896 0.893236 0.285994
vn 0.130932 0.988563 -0.074828
vn -0.475295 0.784863 0.397598
vn -0.519931 0.727388 0.447859
vn -0.000056 0.998831 0.048337
vn 0.532150 0.744532 -0.403097
vn 0.480111 0.792722 -0.375613
vn -0.194822 0.966444 0.167425
vn -0.544899 0.701782 0.458898
vn -0.388464 0.851356 0.352547
vn 0.352264 0.903603 -0.243745
vn 0.557597 0.708872 -0.431957
vn 0.261156 0.944068 -0.201330
vn -0.448148 0.811547 0.374906
vn -0.531618 0.714049 0.455541
vn -0.077875 0.990782 0.110841
vn 0.516973 0.762592 -0.388835
vn 0.502729 0.769891 -0.393103
vn -0.122953 0.986402 0.109057
vn -0.538846 0.710317 0.452874
vn -0.425484 0.821235 0.380179
vn 0.298421 0.933677 -0.197970
vn 0.558737 0.708237 -0.431524
vn 0.319078 0.914753 -0.247823
vn -0.414899 0.840955 0.347351
vn -0.540081 0.704297 0.460736
vn -0.152239 0.973627 0.169925
vn 0.497452 0.784189 -0.370929
vn 0.520760 0.750548 -0.406801
vn -0.046370 0.997820 0.046968
vn -0.529697 0.722431 0.444427
vn -0.480711 0.766303 0.426258
vn -0.559902 0.690080 0.458585
vn -0.382752 0.870280 0.310023
vn 0.375520 0.875481 -0.304166
vn 0.558490 0.695306 -0.452369
vn 0.239395 0.951362 -0.193907
vn -0.469914 0.796433 0.380624
vn -0.540224 0.718810 0.437573
vn -0.046672 0.998195 0.037804
vn 0.524934 0.737332 -0.425189
vn 0.498559 0.767049 -0.403825
vn -0.157865 0.979147 0.127868
vn -0.552801 0.702795 0.447761
vn -0.423571 0.838379 0.343087
vn 0.325530 0.908023 -0.263674
vn 0.560413 0.692739 -0.453927
vn 0.301350 0.921742 -0.244089
vn -0.438965 0.825161 0.355555
vn -0.549683 0.706834 0.445235
vn -0.125273 0.986920 0.101469
vn 0.507481 0.757298 -0.411052
vn 0.517916 0.745506 -0.419504
vn -0.081053 0.994545 0.065651
vn -0.544707 0.713184 0.441205
vn -0.457310 0.808493 0.370414
vn 0.267171 0.939036 -0.216404
vn 0.559653 0.693757 -0.453310
vn 0.354935 0.889589 -0.287492
vn -0.401309 0.856324 0.325054
vn -0.556064 0.698519 0.450404
vn -0.198986 0.966658 0.161176
vn 0.463574 0.805070 -0.370083
vn 0.056914 0.992640 -0.106891
vn 0.517742 0.729853 -0.446383
vn 0.479120 0.780891 -0.400816
vn -0.184385 0.972900 0.139529
vn -0.552800 0.714088 0.429524
vn -0.404662 0.867643 0.288866
vn 0.336542 0.888050 -0.313221
vn 0.548341 0.696319 -0.463101
vn 0.269662 0.935489 -0.228346
vn -0.447197 0.823189 0.349821
vn -0.545035 0.728125 0.415657
vn -0.090579 0.995568 0.025314
vn 0.501830 0.747375 -0.435428
vn 0.500186 0.757975 -0.418674
vn -0.111270 0.990521 0.080539
vn -0.545522 0.722472 0.424782
vn -0.441786 0.837619 0.321279
vn 0.283384 0.919502 -0.272416
vn 0.548366 0.695403 -0.464445
vn 0.325700 0.904870 -0.274098
vn -0.412151 0.852281 0.322101
vn -0.552552 0.717902 0.423442
vn -0.165576 0.982355 0.086970
vn 0.481722 0.768460 -0.421204
vn 0.516766 0.738569 -0.432977
vn -0.034008 0.999258 0.018096
vn -0.535086 0.734482 0.417396
vn -0.472265 0.809739 0.348265
vn 0.222325 0.948657 -0.224990
vn 0.545692 0.697995 -0.463706
vn 0.406563 0.841078 -0.356783
vn 0.525562 0.718441 -0.455661
vn 0.228071 0.952098 -0.203699
vn -0.437727 0.836954 0.328486
vn -0.523904 0.767427 0.369568
vn -0.055269 0.997257 -0.049238
vn 0.480522 0.755873 -0.444697
vn 0.467149 0.786373 -0.404214
vn -0.130743 0.987610 0.086788
vn -0.530400 0.751039 0.393213
vn -0.408430 0.876480 0.254887
vn 0.282622 0.907596 -0.310473
vn 0.522721 0.716223 -0.462372
vn 0.284161 0.925673 -0.249765
vn -0.405096 0.862397 0.303594
vn -0.532885 0.755891 0.380344
vn -0.126552 0.991916 0.009300
vn 0.461872 0.773816 -0.433453
vn 0.485386 0.766430 -0.420696
vn -0.060147 0.997736 0.030083
vn -0.520629 0.760725 0.387612
vn -0.441773 0.850241 0.286229
vn 0.228339 0.935252 -0.270490
vn 0.520777 0.716880 -0.463545
vn 0.333143 0.897084 -0.290271
vn -0.366256 0.889405 0.273524
vn -0.538601 0.747773 0.388260
vn -0.194255 0.978726 0.066037
vn 0.438882 0.794923 -0.418904
vn 0.499526 0.749736 -0.434015
vn 0.012408 0.999519 -0.028418
vn -0.489962 0.795305 0.356969
vn -0.190323 0.971358 0.142269
vn -0.494567 0.798941 0.342193
vn -0.356706 0.918101 0.172776
vn 0.262928 0.907160 -0.328528
vn 0.479580 0.756317 -0.444959
vn 0.234431 0.947476 -0.217559
vn -0.376578 0.887198 0.266585
vn -0.492176 0.810748 0.316938
vn -0.089364 0.994056 -0.062177
vn 0.423640 0.797975 -0.428679
vn 0.436706 0.809139 -0.393169
vn -0.073363 0.996788 0.032109
vn -0.485353 0.806131 0.338505
vn -0.391451 0.896729 0.206501
vn 0.216058 0.930443 -0.295964
vn 0.478333 0.755326 -0.447973
vn 0.281409 0.924595 -0.256774
vn -0.341150 0.908760 0.240359
vn -0.499255 0.802104 0.327679
vn -0.150240 0.988582 -0.011513
vn 0.402335 0.814998 -0.417019
vn 0.452152 0.792902 -0.408491
vn -0.010497 0.999781 -0.018114
vn -0.472763 0.816309 0.331865
vn -0.420663 0.876011 0.235897
vn 0.164001 0.951956 -0.258620
vn 0.474228 0.757346 -0.448925
vn 0.322615 0.900485 -0.291627
vn -0.300223 0.930590 0.209449
vn -0.503059 0.796465 0.335522
vn -0.251449 0.964118 0.085150
vn -0.427972 0.874558 0.228011
vn -0.061266 0.991034 -0.118739
vn 0.362081 0.840541 -0.402975
vn 0.368036 0.862301 -0.347833
vn -0.068965 0.997406 0.020611
vn -0.421211 0.867775 0.263720
vn -0.321640 0.940135 0.112671
vn 0.183103 0.936501 -0.299065
vn 0.412503 0.812364 -0.412196
vn 0.223098 0.950498 -0.216291
vn -0.290022 0.938863 0.185534
vn -0.431492 0.869154 0.241633
vn -0.110695 0.990764 -0.078315
vn 0.342663 0.852851 -0.393988
vn 0.383679 0.848559 -0.364333
vn -0.018676 0.999649 -0.018796
vn -0.409366 0.874745 0.259310
vn -0.349881 0.926020 0.141671
vn 0.140816 0.952424 -0.270296
vn 0.408927 0.812806 -0.414881
vn 0.259846 0.933277 -0.247939
vn -0.254797 0.953576 0.160537
vn -0.436144 0.863961 0.251694
vn -0.158381 0.986647 -0.037986
vn 0.319745 0.866967 -0.382271
vn 0.395813 0.836795 -0.378294
vn 0.031894 0.997751 -0.058958
vn -0.394133 0.883853 0.251921
vn -0.373832 0.912247 0.167494
vn 0.095410 0.966521 -0.238191
vn 0.382408 0.830297 -0.405426
vn 0.165587 0.937071 -0.307373
vn 0.315556 0.882438 -0.348895
vn 0.164810 0.970891 -0.173806
vn -0.207869 0.972409 0.105885
vn -0.328373 0.935874 0.127717
vn -0.082563 0.988512 -0.126599
vn 0.253316 0.904358 -0.343466
vn 0.291578 0.908762 -0.298554
vn -0.008247 0.999409 -0.033357
vn -0.307750 0.938708 0.155299
vn -0.260057 0.964869 0.037381
vn 0.095661 0.961622 -0.257160
vn 0.312085 0.882062 -0.352944
vn 0.192497 0.961038 -0.198373
vn -0.180346 0.979606 0.088589
vn -0.332396 0.932946 0.138290
vn -0.116399 0.988308 -0.098485
vn 0.234068 0.912557 -0.335338
vn 0.301862 0.900805 -0.312139
vn 0.027369 0.997775 -0.060797
vn -0.294302 0.943698 0.151062
vn -0.279508 0.958318 0.059178
vn 0.062788 0.969902 -0.235261
vn 0.306072 0.883283 -0.355151
vn 0.217556 0.950602 -0.221418
vn -0.150500 0.986202 0.068954
vn -0.333547 0.931275 0.146541
vn -0.148801 0.986356 -0.070428
vn 0.212277 0.921580 -0.325007
vn 0.309378 0.894094 -0.323853
vn 0.093484 0.987975 -0.123155
vn 0.192423 0.957271 -0.215883
vn 0.022643 0.997759 -0.062966
vn -0.164165 0.986213 0.020833
vn -0.161251 0.984843 -0.063886
vn 0.027062 0.975883 -0.216610
vn 0.177914 0.950248 -0.255685
vn 0.128351 0.980483 -0.148929
vn -0.076092 0.997086 -0.005484
vn -0.191930 0.981408 0.001332
vn -0.088187 0.986588 -0.137358
vn 0.115058 0.960169 -0.254633
vn 0.182867 0.957839 -0.221593
vn 0.041771 0.996202 -0.076405
vn -0.153516 0.987939 0.020241
vn -0.170809 0.983984 -0.050990
vn 0.008132 0.978568 -0.205763
vn 0.171700 0.950560 -0.258756
vn 0.141343 0.976557 -0.162352
vn -0.057895 0.998217 -0.014496
vn -0.190327 0.981689 0.007922
vn -0.104875 0.986865 -0.122881
vn 0.100004 0.963101 -0.249872
vn 0.185555 0.955244 -0.230389
vn 0.060390 0.994087 -0.090244
vn -0.141320 0.989797 0.018203
vn -0.178659 0.983144 -0.038846
vn -0.010980 0.980945 -0.193976
vn 0.163873 0.951436 -0.260607
vn 0.152821 0.972587 -0.175270
vn -0.039064 0.998933 -0.024630
vn -0.156873 0.987590 -0.007575
vn 0.035762 0.999059 -0.024542
vn -0.064774 0.997092 -0.040158
vn -0.077765 0.985539 -0.150550
vn -0.001841 0.972654 -0.232253
vn 0.075596 0.977928 -0.194788
vn 0.067026 0.994604 -0.079181
vn -0.020196 0.999636 -0.017889
vn -0.083906 0.992878 -0.084572
vn -0.050299 0.978598 -0.199539
vn 0.039821 0.972228 -0.230624
vn 0.084883 0.985838 -0.144633
vn 0.031957 0.998816 -0.036677
vn -0.058857 0.997689 -0.033951
vn -0.080902 0.986858 -0.139876
vn -0.010187 0.973281 -0.229393
vn 0.071403 0.976627 -0.202733
vn 0.071935 0.993410 -0.089228
vn -0.011754 0.999766 -0.018141
vn -0.081867 0.993839 -0.074717
vn -0.056870 0.979891 -0.191256
vn 0.032268 0.971921 -0.233086
vn 0.084809 0.984243 -0.155158
vn 0.039739 0.998271 -0.043299
vn -0.052345 0.998217 -0.028684
vn -0.083239 0.988138 -0.129050
vn -0.018444 0.974059 -0.225540
vn 0.066520 0.975451 -0.209930
vn 0.076111 0.992109 -0.099635
vn -0.003194 0.999805 -0.019500
vn -0.079004 0.994728 -0.065378
vn 0.000000 0.988749 -0.149582
vn 0.924668 -0.361039 0.120994
vn 0.912469 -0.369345 0.176024
vn 0.838018 -0.392534 0.379002
vn 0.826041 -0.461392 0.323689
vn 0.845192 -0.531307 -0.057992
vn 0.793196 -0.502807 -0.343548
vn 0.713137 -0.422944 -0.559065
vn 0.656658 -0.344072 -0.671130
vn 0.830856 -0.343857 -0.437539
vn 0.823118 -0.344721 -0.451269
vn 0.828119 -0.355646 -0.433284
vn 0.844191 -0.379200 -0.378878
vn 0.769824 -0.424145 -0.476940
vn 0.671028 -0.460737 -0.580899
vn 0.731571 -0.487483 -0.476618
vn 0.340521 -0.527913 -0.778045
vn 0.102232 -0.462976 -0.880455
vn 0.019464 -0.403191 -0.914909
vn -0.083431 -0.343531 -0.935428
vn 0.115600 -0.338680 -0.933773
vn 0.340344 -0.348869 -0.873187
vn 0.275272 -0.387744 -0.879704
vn 0.270321 -0.431352 -0.860734
vn 0.127450 -0.494523 -0.859769
vn -0.334595 -0.502071 -0.797478
vn -0.271141 -0.500735 -0.822039
vn -0.490248 -0.471435 -0.733080
vn -0.682035 -0.401472 -0.611268
vn -0.692117 -0.365821 -0.622213
vn -0.696588 -0.343583 -0.629854
vn -0.702714 -0.331558 -0.629494
vn -0.416682 -0.350183 -0.838897
vn -0.452659 -0.407980 -0.792876
vn -0.543588 -0.476591 -0.690922
vn -0.675216 -0.529583 -0.513444
vn -0.864760 -0.486901 -0.122953
vn -0.911105 -0.411218 0.028053
vn -0.908855 -0.400331 -0.117121
vn -0.930866 -0.361544 0.052676
vn -0.938377 -0.344536 0.027273
vn -0.937945 -0.344750 -0.037515
vn -0.936015 -0.350350 0.033625
vn -0.904589 -0.348612 -0.245335
vn 0.895893 -0.368955 0.247482
vn 0.826251 -0.363128 0.430636
vn 0.666846 -0.341417 0.662382
vn 0.750029 -0.439557 0.494213
vn 0.822177 -0.539534 -0.181460
vn 0.628249 -0.444223 -0.638724
vn 0.445123 -0.330355 -0.832305
vn 0.521443 -0.310015 -0.794976
vn 0.822603 -0.350367 -0.447848
vn 0.857967 -0.350815 -0.375261
vn 0.906164 -0.348213 -0.240031
vn 0.916912 -0.360095 -0.172059
vn 0.845557 -0.416170 -0.334417
vn 0.815143 -0.440550 -0.376109
vn 0.765004 -0.490808 -0.416985
vn 0.057552 -0.494294 -0.867388
vn -0.232329 -0.389527 -0.891230
vn -0.334118 -0.330390 -0.882727
vn -0.274651 -0.313076 -0.909148
vn 0.243615 -0.345885 -0.906099
vn 0.571943 -0.327565 -0.752052
vn 0.550733 -0.355163 -0.755349
vn 0.529595 -0.391668 -0.752413
vn 0.149522 -0.507075 -0.848834
vn -0.396171 -0.500072 -0.770049
vn -0.383481 -0.502386 -0.774952
vn -0.723749 -0.422404 -0.545676
vn -0.847631 -0.344401 -0.403620
vn -0.821171 -0.336221 -0.461121
vn -0.781485 -0.333920 -0.527046
vn -0.548518 -0.342503 -0.762771
vn -0.087171 -0.308700 -0.947157
vn -0.162499 -0.365026 -0.916706
vn -0.358575 -0.457497 -0.813708
vn -0.736027 -0.542643 -0.404726
vn -0.889219 -0.414390 0.193831
vn -0.902198 -0.369772 0.222055
vn -0.919339 -0.381952 0.094491
vn -0.912148 -0.342622 0.224937
vn -0.935191 -0.348008 0.065634
vn -0.933096 -0.353179 -0.067793
vn -0.921259 -0.351509 -0.166501
vn -0.809427 -0.308178 -0.499854
vn 0.861529 -0.382812 0.333500
vn 0.721789 -0.346703 0.599014
vn 0.533569 -0.293797 0.793087
vn 0.673709 -0.417794 0.609561
vn 0.780130 -0.562455 -0.273936
vn 0.463509 -0.401509 -0.789905
vn 0.249737 -0.276132 -0.928107
vn 0.401935 -0.295434 -0.866699
vn 0.817823 -0.370723 -0.440148
vn 0.882800 -0.365304 -0.295326
vn 0.937503 -0.338904 -0.078945
vn 0.939836 -0.341227 -0.016529
vn 0.885392 -0.410983 -0.217195
vn 0.885466 -0.413543 -0.211971
vn 0.793720 -0.498660 -0.348350
vn -0.153913 -0.468403 -0.870005
vn -0.433114 -0.343097 -0.833485
vn -0.531865 -0.285325 -0.797313
vn -0.413680 -0.299630 -0.859704
vn 0.358957 -0.357224 -0.862288
vn 0.713898 -0.302768 -0.631412
vn 0.704016 -0.319706 -0.634153
vn 0.673987 -0.353037 -0.648927
vn 0.171614 -0.531367 -0.829577
vn -0.442653 -0.514755 -0.734224
vn -0.453202 -0.519764 -0.724192
vn -0.836778 -0.391389 -0.382907
vn -0.918115 -0.313504 -0.242446
vn -0.888862 -0.324240 -0.323716
vn -0.836034 -0.338744 -0.431624
vn -0.394634 -0.348705 -0.850100
vn 0.116208 -0.266470 -0.956812
vn 0.025409 -0.321834 -0.946455
vn -0.209345 -0.434904 -0.875804
vn -0.764086 -0.568440 -0.305038
vn -0.843495 -0.367477 0.391762
vn -0.865433 -0.351250 0.357280
vn -0.892060 -0.378674 0.246649
vn -0.871511 -0.340451 0.352933
vn -0.925447 -0.367256 0.093114
vn -0.922226 -0.373666 -0.099362
vn -0.879841 -0.349740 -0.321809
vn -0.731177 -0.286297 -0.619205
vn 0.831054 -0.414760 0.370572
vn 0.641426 -0.350416 0.682482
vn 0.447725 -0.277682 0.849962
vn 0.604635 -0.418108 0.677939
vn 0.726454 -0.603030 -0.329574
vn 0.351647 -0.388665 -0.851636
vn 0.140041 -0.256605 -0.956317
vn 0.315093 -0.298194 -0.900997
vn 0.810889 -0.408554 -0.418978
vn 0.889181 -0.396807 -0.227818
vn 0.936874 -0.348389 0.029869
vn 0.934850 -0.345368 0.082313
vn 0.892354 -0.428646 -0.141307
vn 0.905261 -0.411064 -0.107374
vn 0.808646 -0.520400 -0.274364
vn -0.277266 -0.467063 -0.839629
vn -0.535071 -0.329159 -0.778044
vn -0.628921 -0.270083 -0.729050
vn -0.503577 -0.302299 -0.809336
vn 0.437207 -0.382647 -0.813899
vn 0.788166 -0.298261 -0.538363
vn 0.777327 -0.311466 -0.546582
vn 0.744341 -0.344579 -0.572033
vn 0.179201 -0.576280 -0.797363
vn -0.477159 -0.545369 -0.689124
vn -0.477055 -0.557031 -0.679806
vn -0.878344 -0.388949 -0.277904
vn -0.940959 -0.308332 -0.139739
vn -0.916841 -0.330802 -0.223544
vn -0.866708 -0.358004 -0.347346
vn -0.284574 -0.367610 -0.885370
vn 0.229697 -0.251765 -0.940135
vn 0.135046 -0.308921 -0.941451
vn -0.105261 -0.436887 -0.893336
vn -0.760832 -0.610105 -0.221148
vn -0.794023 -0.350996 0.496316
vn -0.827187 -0.354587 0.435924
vn -0.855387 -0.395918 0.334009
vn -0.826561 -0.355930 0.436017
vn -0.906906 -0.404682 0.117275
vn -0.903560 -0.412736 -0.115011
vn -0.835488 -0.365372 -0.410444
vn -0.667482 -0.284041 -0.688323
vn 0.795591 -0.471739 0.380129
vn 0.563375 -0.371078 0.738181
vn 0.371359 -0.275726 0.886605
vn 0.526165 -0.431992 0.732484
vn 0.649067 -0.665262 -0.368971
vn 0.250126 -0.393477 -0.884654
vn 0.050744 -0.251857 -0.966433
vn 0.229586 -0.313156 -0.921533
vn 0.797405 -0.471016 -0.377212
vn 0.880395 -0.450021 -0.149620
vn 0.918084 -0.374042 0.131203
vn 0.914679 -0.366641 0.170105
vn 0.880255 -0.468525 -0.075069
vn 0.905024 -0.425044 -0.016441
vn 0.813681 -0.553035 -0.179095
vn -0.374699 -0.484742 -0.790333
vn -0.610717 -0.332339 -0.718732
vn -0.699916 -0.268953 -0.661651
vn -0.583404 -0.315894 -0.748232
vn 0.508516 -0.425284 -0.748696
vn 0.842194 -0.305733 -0.444114
vn 0.827569 -0.318664 -0.462151
vn 0.793175 -0.353095 -0.496184
vn 0.174411 -0.646939 -0.742327
vn -0.508665 -0.592599 -0.624570
vn -0.469563 -0.619225 -0.629342
vn -0.894632 -0.406669 -0.185078
vn -0.946769 -0.318398 -0.047456
vn -0.927982 -0.351628 -0.123322
vn -0.886223 -0.391441 -0.247756
vn -0.181095 -0.402773 -0.897206
vn 0.321584 -0.249610 -0.913388
vn 0.226854 -0.311186 -0.922876
vn -0.006626 -0.455812 -0.890052
vn -0.730176 -0.671105 -0.128301
vn -0.739369 -0.349914 0.575234
vn -0.781943 -0.373946 0.498728
vn -0.806505 -0.434791 0.400633
vn -0.767491 -0.388353 0.510039
vn -0.871803 -0.467544 0.146158
vn -0.869729 -0.478668 -0.120199
vn -0.782531 -0.399707 -0.477367
vn -0.601424 -0.294116 -0.742822
vn 0.741026 -0.566350 0.360733
vn 0.471148 -0.408616 0.781698
vn 0.290433 -0.282119 0.914362
vn 0.427738 -0.455253 0.780887
vn 0.529604 -0.749982 -0.396291
vn 0.140421 -0.410176 -0.901131
vn -0.037898 -0.255289 -0.966122
vn 0.130003 -0.338984 -0.931767
vn 0.765703 -0.570028 -0.297939
vn 0.845514 -0.532434 -0.040253
vn 0.875595 -0.415935 0.245624
vn 0.875094 -0.404559 0.265598
vn 0.844746 -0.535160 -0.002927
vn 0.888498 -0.452037 0.078957
vn 0.804048 -0.592208 -0.052891
vn -0.467046 -0.517838 -0.716737
vn -0.679395 -0.347085 -0.646493
vn -0.763057 -0.276235 -0.584328
vn -0.665066 -0.338045 -0.665892
vn 0.584764 -0.488569 -0.647573
vn 0.886280 -0.321358 -0.333521
vn 0.867794 -0.337137 -0.365065
vn 0.832960 -0.374270 -0.407554
vn 0.152603 -0.748524 -0.645309
vn -0.538440 -0.656546 -0.528233
vn -0.425814 -0.712062 -0.558256
vn -0.892940 -0.442390 -0.083366
vn -0.938743 -0.340449 0.053439
vn -0.922696 -0.385508 -0.003896
vn -0.891307 -0.439066 -0.113109
vn -0.061115 -0.457517 -0.887098
vn 0.411078 -0.254641 -0.875313
vn 0.319609 -0.323281 -0.890696
vn 0.103328 -0.488254 -0.866563
vn -0.661417 -0.749950 -0.010075
vn -0.673457 -0.358018 0.646745
vn -0.721273 -0.408723 0.559206
vn -0.731922 -0.500520 0.462353
vn -0.678644 -0.439645 0.588349
vn -0.800967 -0.568944 0.186428
vn -0.801986 -0.586546 -0.113060
vn -0.707902 -0.457034 -0.538512
vn -0.522020 -0.314252 -0.792932
vn 0.633899 -0.717004 0.289961
vn 0.347760 -0.464832 0.814245
vn 0.198114 -0.294259 0.934966
vn 0.301776 -0.483911 0.821439
vn 0.344045 -0.847304 -0.404610
vn 0.012827 -0.435171 -0.900257
vn -0.133577 -0.264033 -0.955219
vn 0.005011 -0.375196 -0.926932
vn 0.682020 -0.716844 -0.144859
vn 0.750832 -0.648350 0.126067
vn 0.791891 -0.473651 0.385439
vn 0.802329 -0.460326 0.379959
vn 0.766552 -0.636169 0.087681
vn 0.851272 -0.489893 0.187991
vn 0.769777 -0.629259 0.107128
vn -0.560313 -0.562862 -0.607647
vn -0.746350 -0.370879 -0.552639
vn -0.822532 -0.289142 -0.489733
vn -0.749791 -0.366255 -0.551063
vn 0.665540 -0.571909 -0.479559
vn 0.918771 -0.342119 -0.197014
vn 0.898532 -0.364898 -0.243906
vn 0.864655 -0.406354 -0.295378
vn 0.102479 -0.875475 -0.472273
vn -0.561524 -0.732551 -0.384784
vn -0.325385 -0.835206 -0.443345
vn -0.867082 -0.496385 0.042092
vn -0.911248 -0.373267 0.174066
vn -0.890167 -0.430805 0.148358
vn -0.864896 -0.496461 0.074030
vn 0.095656 -0.534154 -0.839958
vn 0.504279 -0.264219 -0.822126
vn 0.420460 -0.342604 -0.840140
vn 0.233020 -0.530900 -0.814768
vn -0.534657 -0.832881 0.143008
vn -0.591198 -0.371900 0.715665
vn -0.633189 -0.460423 0.622160
vn -0.603938 -0.601303 0.523157
vn -0.534535 -0.510910 0.673234
vn -0.644967 -0.724107 0.244309
vn -0.649605 -0.755756 -0.082745
vn -0.588184 -0.544332 -0.598116
vn -0.419309 -0.343668 -0.840281
vn 0.393547 -0.912538 0.111331
vn 0.172567 -0.539587 0.824055
vn 0.091020 -0.310356 0.946253
vn 0.145602 -0.512242 0.846409
vn 0.080625 -0.922630 -0.377165
vn -0.136304 -0.464312 -0.875120
vn -0.238825 -0.276259 -0.930937
vn -0.153603 -0.419677 -0.894582
vn 0.467850 -0.874226 0.129793
vn 0.528740 -0.767882 0.361652
vn 0.637294 -0.539308 0.550457
vn 0.670637 -0.531904 0.517033
vn 0.601365 -0.771768 0.206722
vn 0.784287 -0.535054 0.314025
vn 0.701269 -0.651089 0.290351
vn -0.649489 -0.612595 -0.450434
vn -0.809449 -0.401331 -0.428632
vn -0.876174 -0.305417 -0.372880
vn -0.829404 -0.395725 -0.394323
vn 0.725821 -0.655258 -0.209333
vn 0.930938 -0.363859 -0.030997
vn 0.912402 -0.399315 -0.089838
vn 0.881774 -0.447125 -0.150178
vn 0.011641 -0.981821 -0.189449
vn -0.565237 -0.804354 -0.183090
vn -0.138810 -0.956882 -0.255165
vn -0.798566 -0.566648 0.202983
vn -0.851608 -0.414686 0.320624
vn -0.808907 -0.480717 0.338497
vn -0.776202 -0.546554 0.314309
vn 0.302653 -0.624341 -0.720139
vn 0.601178 -0.276343 -0.749813
vn 0.530373 -0.366775 -0.764317
vn 0.382588 -0.576996 -0.721597
vn -0.337267 -0.885373 0.319946
vn -0.489221 -0.388692 0.780757
vn -0.499703 -0.529814 0.685269
vn -0.370010 -0.735406 0.567689
vn -0.300466 -0.592298 0.747598
vn -0.302854 -0.901543 0.309030
vn -0.300990 -0.953610 -0.005674
vn -0.381079 -0.663417 -0.643938
vn -0.283242 -0.381094 -0.880080
vn -0.029879 -0.980566 -0.193899
vn -0.070784 -0.621130 0.780504
vn -0.030952 -0.328549 0.943980
vn -0.033915 -0.532852 0.845528
vn -0.219292 -0.927140 -0.303846
vn -0.302328 -0.491580 -0.816668
vn -0.352308 -0.290284 -0.889727
vn -0.344509 -0.465364 -0.815322
vn 0.100396 -0.884342 0.455916
vn 0.159829 -0.791634 0.589720
vn 0.387997 -0.587894 0.709816
vn 0.447312 -0.603425 0.660144
vn 0.287605 -0.895164 0.340537
vn 0.677353 -0.580252 0.452217
vn 0.600025 -0.646935 0.470580
vn -0.717783 -0.653242 -0.240961
vn -0.859773 -0.434355 -0.268565
vn -0.917586 -0.322429 -0.232540
vn -0.886699 -0.418547 -0.196427
vn 0.712473 -0.686715 0.144239
vn 0.911110 -0.380853 0.157574
vn 0.895022 -0.434836 0.099262
vn 0.870451 -0.491164 0.032757
vn -0.107107 -0.981323 0.159793
vn -0.533894 -0.843133 0.063897
vn 0.123339 -0.992361 -0.002668
vn -0.656983 -0.640007 0.398452
vn -0.741839 -0.458343 0.489485
vn -0.656082 -0.518616 0.548264
vn -0.606883 -0.560555 0.563446
vn 0.535393 -0.690298 -0.486665
vn 0.697304 -0.288981 -0.655940
vn 0.644118 -0.392399 -0.656609
vn 0.538735 -0.614244 -0.576601
vn -0.097630 -0.871741 0.480142
vn -0.367431 -0.405352 0.837069
vn -0.298515 -0.610577 0.733543
vn 0.015857 -0.843105 0.537514
vn 0.031749 -0.646623 0.762149
vn 0.214608 -0.923532 0.317855
vn 0.232793 -0.966304 0.109833
vn -0.041344 -0.778456 -0.626337
vn -0.106689 -0.422625 -0.900003
vn -0.389237 -0.809571 -0.439420
vn -0.360650 -0.674697 0.643984
vn -0.163804 -0.346696 0.923564
vn -0.218541 -0.539771 0.812950
vn -0.472938 -0.856923 -0.204972
vn -0.470257 -0.510005 -0.720246
vn -0.468999 -0.304353 -0.829102
vn -0.545652 -0.498768 -0.673420
vn -0.215014 -0.731229 0.647358
vn -0.193403 -0.691601 0.695905
vn 0.077245 -0.588337 0.804918
vn 0.132771 -0.638550 0.758041
vn -0.133940 -0.896768 0.421744
vn 0.527345 -0.614541 0.586726
vn 0.483568 -0.617846 0.620022
vn -0.743533 -0.668697 0.001749
vn -0.882960 -0.463405 -0.075076
vn -0.938548 -0.337199 -0.073648
vn -0.904016 -0.426899 0.022640
vn 0.613345 -0.638656 0.464679
vn 0.853087 -0.387876 0.348990
vn 0.830545 -0.462340 0.310544
vn 0.813145 -0.528163 0.244622
vn -0.211604 -0.869600 0.446115
vn -0.466229 -0.829151 0.308445
vn 0.367710 -0.902294 0.225067
vn -0.422610 -0.684654 0.593844
vn -0.569443 -0.491776 0.658704
vn -0.437976 -0.525054 0.729723
vn -0.394712 -0.528302 0.751731
vn 0.710900 -0.682403 -0.170139
vn 0.785064 -0.300130 -0.541845
vn 0.750024 -0.414888 -0.515104
vn 0.674697 -0.629005 -0.386182
vn 0.121538 -0.800081 0.587451
vn -0.230738 -0.418938 0.878209
vn -0.022178 -0.679139 0.733674
vn 0.437807 -0.812653 0.384603
vn 0.377914 -0.631422 0.677117
vn 0.598534 -0.758086 0.258966
vn 0.606784 -0.771978 0.189377
vn 0.365919 -0.794650 -0.484392
vn 0.106028 -0.459998 -0.881567
vn -0.555599 -0.617587 -0.556684
vn -0.615039 -0.665929 0.422215
vn -0.299317 -0.362755 0.882507
vn -0.385874 -0.532520 0.753342
vn -0.641437 -0.758946 -0.112067
vn -0.619243 -0.515254 -0.592496
vn -0.581056 -0.316921 -0.749624
vn -0.716397 -0.507542 -0.478724
vn -0.386364 -0.577874 0.718877
vn -0.417951 -0.569038 0.708176
vn -0.207084 -0.543564 0.813421
vn -0.194430 -0.613745 0.765189
vn -0.476566 -0.776118 0.412948
vn 0.347556 -0.628776 0.695590
vn 0.374245 -0.575580 0.727082
vn -0.718672 -0.653655 0.237161
vn -0.866000 -0.481433 0.135156
vn -0.933214 -0.347344 0.092000
vn -0.878336 -0.419310 0.229575
vn 0.489843 -0.555080 0.672265
vn 0.763909 -0.383750 0.518824
vn 0.715363 -0.473321 0.514026
vn 0.701763 -0.546481 0.457041
vn -0.284414 -0.733024 0.617887
vn -0.382855 -0.775163 0.502537
vn 0.530691 -0.764627 0.365667
vn -0.133806 -0.672672 0.727742
vn -0.347711 -0.502318 0.791691
vn -0.204292 -0.498911 0.842231
vn -0.203534 -0.473116 0.857167
vn 0.780832 -0.613456 0.118206
vn 0.856465 -0.308391 -0.413960
vn 0.833348 -0.429929 -0.347408
vn 0.766116 -0.617215 -0.179198
vn 0.283117 -0.710858 0.643837
vn -0.089072 -0.427586 0.899576
vn 0.284417 -0.700480 0.654549
vn 0.705326 -0.681782 0.194136
vn 0.629821 -0.563774 0.534307
vn 0.779270 -0.594237 0.199048
vn 0.770705 -0.594637 0.228957
vn 0.659993 -0.699103 -0.275071
vn 0.330561 -0.482847 -0.810918
vn -0.618676 -0.487875 -0.615806
vn -0.770359 -0.609484 0.187289
vn -0.426969 -0.375573 0.822583
vn -0.520993 -0.516337 0.679678
vn -0.740486 -0.670975 -0.038386
vn -0.733640 -0.508731 -0.450516
vn -0.680143 -0.327200 -0.656008
vn -0.827218 -0.492936 -0.269673
vn -0.469073 -0.472615 0.746060
vn -0.544192 -0.476300 0.690647
vn -0.414919 -0.485228 0.769672
vn -0.449126 -0.553161 0.701640
vn -0.677203 -0.641778 0.359885
vn 0.164870 -0.623016 0.764637
vn 0.285969 -0.532530 0.796639
vn -0.656702 -0.618832 0.431034
vn -0.807331 -0.485426 0.335526
vn -0.902060 -0.352323 0.249310
vn -0.824212 -0.401903 0.398936
vn 0.388255 -0.479784 0.786807
vn 0.660909 -0.372188 0.651671
vn 0.566990 -0.466946 0.678590
vn 0.550520 -0.542351 0.634652
vn -0.335819 -0.621500 0.707787
vn -0.306523 -0.710065 0.633917
vn 0.628422 -0.645346 0.434299
vn 0.131113 -0.617503 0.775564
vn -0.117477 -0.489148 0.864253
vn -0.004133 -0.458363 0.888756
vn -0.061743 -0.419986 0.905428
vn 0.780875 -0.535262 0.322069
vn 0.906527 -0.313598 -0.282605
vn 0.883674 -0.435999 -0.170369
vn 0.808643 -0.588191 0.011302
vn 0.389210 -0.632310 0.669851
vn 0.045499 -0.431387 0.901019
vn 0.539998 -0.667599 0.512555
vn 0.828773 -0.557922 0.043096
vn 0.776088 -0.490340 0.396554
vn 0.860467 -0.484684 0.157092
vn 0.839678 -0.480066 0.253924
vn 0.805393 -0.584970 -0.095673
vn 0.530483 -0.486471 -0.694215
vn -0.637013 -0.405892 -0.655337
vn -0.838746 -0.544465 -0.007989
vn -0.537452 -0.385530 0.750008
vn -0.620789 -0.498313 0.605232
vn -0.796070 -0.604960 0.017221
vn -0.810018 -0.496299 -0.312343
vn -0.760288 -0.335568 -0.556198
vn -0.879975 -0.467818 -0.082405
vn -0.506770 -0.405329 0.760850
vn -0.616314 -0.414752 0.669431
vn -0.553389 -0.435163 0.710207
vn -0.618360 -0.491305 0.613393
vn -0.786937 -0.540135 0.298302
vn 0.003421 -0.606159 0.795336
vn 0.222690 -0.495965 0.839302
vn -0.578125 -0.579827 0.574084
vn -0.718937 -0.478737 0.503925
vn -0.851964 -0.353773 0.386008
vn -0.760654 -0.382861 0.524236
vn 0.316701 -0.424940 0.848013
vn 0.560941 -0.358815 0.746054
vn 0.412312 -0.450546 0.791838
vn 0.387582 -0.523242 0.758946
vn -0.377451 -0.541187 0.751430
vn -0.247550 -0.653421 0.715374
vn 0.690582 -0.558101 0.460022
vn 0.332826 -0.553106 0.763741
vn 0.084033 -0.463689 0.882004
vn 0.147556 -0.420220 0.895345
vn 0.033764 -0.378861 0.924838
vn 0.753894 -0.473829 0.455115
vn 0.935111 -0.316926 -0.158510
vn 0.900234 -0.435399 -0.002493
vn 0.814366 -0.555409 0.168311
vn 0.454689 -0.573027 0.681834
vn 0.162927 -0.432312 0.886883
vn 0.707507 -0.610206 0.356487
vn 0.880117 -0.469900 -0.067729
vn 0.855120 -0.432862 0.285309
vn 0.900017 -0.416432 0.128661
vn 0.869828 -0.409249 0.275525
vn 0.866467 -0.497898 0.036518
vn 0.681437 -0.476203 -0.555764
vn -0.632741 -0.353568 -0.688933
vn -0.856169 -0.491840 -0.158330
vn -0.625442 -0.394467 0.673214
vn -0.689681 -0.484085 0.538519
vn -0.825845 -0.560749 0.059508
vn -0.854139 -0.484468 -0.189044
vn -0.819426 -0.343502 -0.458854
vn -0.893111 -0.444399 0.069734
vn -0.519222 -0.363291 0.773582
vn -0.658913 -0.376532 0.651197
vn -0.645046 -0.399591 0.651339
vn -0.726842 -0.443031 0.524808
vn -0.849830 -0.470709 0.237114
vn -0.126059 -0.588796 0.798391
vn 0.183228 -0.468602 0.864199
vn -0.496495 -0.547068 0.673951
vn -0.617132 -0.468198 0.632407
vn -0.792395 -0.354628 0.496335
vn -0.700574 -0.367978 0.611382
vn 0.270263 -0.389159 0.880632
vn 0.473946 -0.348228 0.808772
vn 0.269917 -0.433117 0.859974
vn 0.234668 -0.500426 0.833369
vn -0.416151 -0.485930 0.768564
vn -0.207066 -0.612440 0.762916
vn 0.735081 -0.497835 0.460235
vn 0.477247 -0.499050 0.723315
vn 0.244133 -0.438184 0.865098
vn 0.257563 -0.391894 0.883221
vn 0.093744 -0.350841 0.931731
vn 0.719587 -0.432833 0.543001
vn 0.945978 -0.320412 -0.049620
vn 0.889944 -0.432694 0.144136
vn 0.797646 -0.528229 0.291094
vn 0.492025 -0.532664 0.688607
vn 0.257524 -0.433288 0.863680
vn 0.802763 -0.555963 0.215585
vn 0.898178 -0.411730 -0.154129
vn 0.897593 -0.393882 0.197947
vn 0.920501 -0.375326 0.108666
vn 0.881600 -0.365986 0.298053
vn 0.887698 -0.439677 0.136663
vn 0.781696 -0.461995 -0.418941
vn -0.603001 -0.330590 -0.726016
vn -0.867341 -0.495378 0.048170
vn -0.627446 -0.402222 0.666730
vn -0.757096 -0.515235 0.401669
vn -0.839411 -0.538293 0.075035
vn -0.875839 -0.456004 -0.158007
vn -0.843010 -0.324236 -0.429191
vn -0.776551 -0.426604 0.463657
vn -0.557768 -0.347292 0.753845
vn -0.696562 -0.366447 0.616861
vn -0.669058 -0.397323 0.628089
vn -0.816433 -0.432084 0.383067
vn -0.872644 -0.458165 0.169048
vn 0.118806 -0.503455 0.855814
vn 0.033076 -0.498592 0.866206
vn -0.479428 -0.513531 0.711642
vn -0.546494 -0.443763 0.710225
vn -0.795546 -0.328296 0.509243
vn -0.553019 -0.381406 0.740743
vn 0.390050 -0.349400 0.851928
vn 0.352748 -0.369557 0.859649
vn 0.200592 -0.444235 0.873165
vn 0.118761 -0.514479 0.849239
vn -0.567079 -0.426668 0.704539
vn 0.196534 -0.642008 0.741080
vn 0.760600 -0.456476 0.461646
vn 0.459457 -0.461569 0.758850
vn 0.350326 -0.409645 0.842296
vn 0.287596 -0.369693 0.883525
vn 0.071933 -0.331937 0.940555
vn 0.863997 -0.388971 0.319705
vn 0.936826 -0.348044 0.034966
vn 0.850687 -0.461852 0.251048
vn 0.768059 -0.536609 0.349479
vn 0.409674 -0.491976 0.768197
vn 0.338537 -0.437126 0.833254
vn 0.876048 -0.463084 -0.134508
vn 0.918343 -0.387539 -0.080377
vn 0.917407 -0.368008 0.151439
vn 0.929423 -0.358848 0.086025
vn 0.847107 -0.343508 0.405478
vn 0.892365 -0.450974 0.017517
vn 0.803255 -0.484039 -0.347114
vn 0.000000 0.999791 0.020441
vn 0.000155 0.999795 0.020233
vn -0.062211 0.992688 0.103443
vn -0.051965 0.975797 0.212413
vn 0.017100 0.974443 0.223985
vn 0.067428 0.989811 0.125412
vn 0.040123 0.998827 0.027089
vn -0.034031 0.998370 0.045828
vn -0.068011 0.984938 0.158968
vn -0.023736 0.972008 0.233744
vn 0.047440 0.980961 0.188323
vn 0.065089 0.995316 0.071476
vn 0.007046 0.999804 0.018490
vn -0.059062 0.993921 0.092916
vn -0.056079 0.977046 0.205513
vn 0.010507 0.973566 0.228166
vn 0.065775 0.988486 0.136270
vn 0.045516 0.998450 0.032020
vn -0.027884 0.998854 0.038897
vn -0.068308 0.986546 0.148527
vn -0.029899 0.972338 0.231655
vn 0.042301 0.979526 0.196823
vn 0.066966 0.994447 0.081179
vn 0.013867 0.999744 0.017851
vn -0.055312 0.995037 0.082711
vn -0.059653 0.978418 0.197837
vn 0.003823 0.972858 0.231370
vn 0.063469 0.987097 0.147010
vn 0.050449 0.998007 0.037914
vn -0.021452 0.999230 0.032858
vn -0.101885 0.988120 0.115061
vn 0.000309 0.998421 0.056171
vn -0.126188 0.975460 0.180427
vn -0.129700 0.956267 0.262167
vn 0.014180 0.981745 0.189671
vn 0.146189 0.988637 0.035010
vn 0.110153 0.993766 -0.017210
vn -0.053630 0.994011 0.095216
vn -0.150354 0.960376 0.234672
vn -0.075996 0.965697 0.248304
vn 0.088893 0.989019 0.118067
vn 0.153018 0.988173 -0.009982
vn 0.041280 0.998987 0.017921
vn -0.117305 0.978859 0.167557
vn -0.136526 0.955671 0.260871
vn -0.001180 0.979437 0.201749
vn 0.140279 0.989000 0.046910
vn 0.120474 0.992520 -0.019772
vn -0.038835 0.995938 0.081234
vn -0.148658 0.962685 0.226140
vn -0.088469 0.963239 0.253661
vn 0.075704 0.988284 0.132525
vn 0.154857 0.987930 -0.003803
vn 0.056118 0.998388 0.008504
vn -0.107183 0.982217 0.154151
vn -0.142061 0.955558 0.258317
vn -0.016452 0.976924 0.212952
vn 0.132965 0.989328 0.059594
vn 0.129584 0.991348 -0.020887
vn -0.023585 0.997433 0.067614
vn -0.145527 0.965352 0.216605
vn -0.128043 0.951164 0.280877
vn -0.243602 0.911557 0.331244
vn -0.165106 0.931792 0.323269
vn 0.128822 0.989790 0.061002
vn 0.273072 0.949926 -0.151898
vn 0.112478 0.991731 -0.061792
vn -0.182869 0.955572 0.231174
vn -0.247701 0.898892 0.361438
vn -0.040970 0.972972 0.227261
vn 0.232738 0.970207 -0.067313
vn 0.235550 0.960021 -0.151251
vn -0.031900 0.997002 0.070487
vn -0.248902 0.913508 0.321793
vn -0.183770 0.924103 0.335057
vn 0.103008 0.990698 0.088918
vn 0.272940 0.951146 -0.144308
vn 0.137364 0.987086 -0.082416
vn -0.163035 0.964422 0.208109
vn -0.253531 0.897789 0.360135
vn -0.067822 0.965852 0.250059
vn 0.217332 0.975023 -0.045792
vn 0.247700 0.956083 -0.156686
vn -0.003382 0.999075 0.042878
vn -0.241052 0.920232 0.308329
vn -0.200438 0.917093 0.344624
vn 0.076015 0.990220 0.116990
vn 0.270369 0.953344 -0.134295
vn 0.160559 0.981863 -0.100828
vn -0.141107 0.972831 0.183542
vn -0.257222 0.898052 0.356846
vn -0.093536 0.958039 0.270948
vn 0.193422 0.981072 -0.009250
vn -0.024251 0.982965 0.182186
vn 0.314343 0.931996 -0.180476
vn 0.320243 0.912219 -0.255539
vn -0.039694 0.996540 0.073025
vn -0.330099 0.857827 0.393913
vn -0.254050 0.887632 0.384147
vn 0.140846 0.989735 0.024219
vn 0.363471 0.893522 -0.263644
vn 0.196015 0.968662 -0.152553
vn -0.221087 0.939474 0.261744
vn -0.336898 0.838578 0.428120
vn -0.100891 0.960275 0.260178
vn 0.294884 0.942939 -0.154626
vn 0.334642 0.904351 -0.264884
vn 0.000797 0.999462 0.032780
vn -0.320519 0.867768 0.379797
vn -0.274599 0.875215 0.398238
vn 0.102760 0.992622 0.064364
vn 0.360335 0.897550 -0.254092
vn 0.226524 0.957285 -0.179703
vn -0.191750 0.954121 0.229966
vn -0.340923 0.837832 0.426390
vn -0.136180 0.947017 0.290885
vn 0.271978 0.954067 -0.125637
vn 0.346107 0.898194 -0.271032
vn 0.041382 0.999119 -0.006995
vn -0.308005 0.879403 0.363020
vn -0.292270 0.864256 0.409438
vn 0.063234 0.992483 0.104785
vn 0.354283 0.903419 -0.241491
vn 0.286325 0.926479 -0.244244
vn 0.417438 0.839515 -0.347792
vn 0.231913 0.951863 -0.200434
vn -0.275091 0.910405 0.309011
vn -0.395081 0.790700 0.467658
vn -0.116632 0.962380 0.245402
vn 0.356903 0.899052 -0.253626
vn 0.390916 0.854380 -0.342373
vn -0.009300 0.999314 0.035840
vn -0.381087 0.818786 0.429375
vn -0.325421 0.845152 0.424052
vn 0.137855 0.990435 -0.005934
vn 0.421495 0.838004 -0.346542
vn 0.268144 0.934373 -0.234619
vn -0.241868 0.930893 0.273749
vn -0.399733 0.788239 0.467860
vn -0.160487 0.944856 0.285466
vn 0.332730 0.916087 -0.223776
vn 0.403498 0.844856 -0.351295
vn 0.041411 0.999034 -0.014727
vn -0.368421 0.832640 0.413493
vn -0.345407 0.829604 0.438693
vn 0.089257 0.995014 0.044506
vn 0.416042 0.845001 -0.335980
vn 0.300139 0.916558 -0.264268
vn -0.204253 0.950444 0.234385
vn -0.401778 0.788502 0.465660
vn -0.200676 0.925503 0.321206
vn 0.304175 0.933536 -0.189706
vn 0.412996 0.837889 -0.356898
vn 0.091225 0.993772 -0.063996
vn -0.344400 0.861185 0.373829
vn -0.081222 0.989375 0.120585
vn -0.423935 0.780676 0.459156
vn -0.356990 0.830696 0.427203
vn 0.175471 0.980738 -0.085812
vn 0.457878 0.787623 -0.412309
vn 0.288352 0.919358 -0.267647
vn -0.286150 0.906701 0.309857
vn -0.438676 0.754979 0.487412
vn -0.168168 0.951636 0.257117
vn 0.376877 0.873783 -0.307356
vn 0.435862 0.803933 -0.404618
vn 0.028038 0.999559 -0.009760
vn -0.412117 0.794985 0.445149
vn -0.379029 0.811139 0.445412
vn 0.121515 0.992150 -0.029531
vn 0.453501 0.794149 -0.404554
vn 0.323981 0.896541 -0.302078
vn -0.246608 0.931051 0.268940
vn -0.441399 0.753512 0.487222
vn -0.215044 0.929078 0.300947
vn 0.349063 0.895777 -0.275208
vn 0.446086 0.794275 -0.412474
vn 0.085668 0.994038 -0.067450
vn -0.396810 0.812126 0.427778
vn -0.397224 0.794177 0.459886
vn 0.064656 0.997493 0.028750
vn 0.446153 0.803748 -0.393620
vn 0.354566 0.874387 -0.331256
vn -0.201732 0.953750 0.222856
vn -0.441533 0.755125 0.484597
vn -0.293291 0.876872 0.380888
vn -0.455256 0.746462 0.485320
vn -0.161123 0.964684 0.208385
vn 0.403630 0.835803 -0.372177
vn 0.449166 0.779536 -0.436547
vn 0.005279 0.999978 0.004100
vn -0.440700 0.770826 0.460012
vn -0.396431 0.809551 0.432977
vn 0.154010 0.982111 -0.108351
vn 0.471741 0.757744 -0.450871
vn 0.329257 0.888274 -0.320249
vn -0.281688 0.913101 0.294786
vn -0.465342 0.736237 0.491337
vn -0.213797 0.941694 0.259815
vn 0.377927 0.859528 -0.344069
vn 0.460132 0.767426 -0.446470
vn 0.068045 0.995931 -0.059093
vn -0.426590 0.787518 0.444788
vn -0.416303 0.789516 0.450951
vn 0.094395 0.994411 -0.047289
vn 0.465605 0.766154 -0.442968
vn 0.362313 0.862681 -0.352860
vn -0.236562 0.939221 0.248804
vn -0.466212 0.736057 0.490782
vn -0.260826 0.915845 0.305284
vn 0.346973 0.884932 -0.310651
vn 0.468063 0.758605 -0.453249
vn 0.128651 0.984404 -0.119992
vn -0.408689 0.807249 0.425819
vn -0.432324 0.772492 0.465137
vn 0.032072 0.999358 0.015964
vn 0.449232 0.787632 -0.421695
vn 0.228334 0.943010 -0.242064
vn 0.474760 0.738434 -0.478872
vn 0.318879 0.891551 -0.321641
vn -0.306082 0.900554 0.308733
vn -0.475851 0.737016 0.479972
vn -0.198739 0.959332 0.200460
vn 0.390969 0.831641 -0.394355
vn 0.459071 0.758183 -0.463047
vn 0.042824 0.998148 -0.043195
vn -0.442607 0.777682 0.446441
vn -0.420934 0.801590 0.424580
vn 0.122318 0.984793 -0.123377
vn 0.469632 0.745019 -0.473700
vn 0.354231 0.864209 -0.357299
vn -0.262636 0.927817 0.264910
vn -0.477479 0.734888 0.481615
vn -0.250009 0.934828 0.252175
vn 0.362674 0.857115 -0.365815
vn 0.467801 0.747341 -0.471852
vn 0.106006 0.988600 -0.106924
vn -0.426021 0.796150 0.429710
vn -0.438562 0.782292 0.442360
vn 0.059885 0.996376 -0.060404
vn 0.461690 0.754968 -0.465688
vn 0.383941 0.838221 -0.387266
vn -0.212975 0.953150 0.214819
vn -0.476537 0.736121 0.480664
vn -0.295121 0.907905 0.297677
vn 0.328873 0.884196 -0.331721
vn 0.473659 0.739859 -0.477761
vn 0.214120 0.947583 -0.237149
vn 0.438266 0.779308 -0.447886
vn 0.015272 0.999575 -0.024816
vn -0.444895 0.784176 0.432592
vn -0.410951 0.828566 0.380261
vn 0.142875 0.971243 -0.190456
vn 0.460206 0.741527 -0.488209
vn 0.332238 0.877228 -0.346538
vn -0.276602 0.922864 0.267979
vn -0.475598 0.751714 0.456873
vn -0.226122 0.956752 0.183014
vn 0.363347 0.840236 -0.402470
vn 0.454237 0.753621 -0.475104
vn 0.077717 0.993098 -0.087841
vn -0.429429 0.800527 0.418027
vn -0.430515 0.808070 0.402095
vn 0.083976 0.987656 -0.132223
vn 0.453203 0.749332 -0.482813
vn 0.363710 0.850941 -0.378964
vn -0.229963 0.947666 0.221464
vn -0.475423 0.751033 0.458173
vn -0.274023 0.933030 0.233168
vn 0.332645 0.865845 -0.373710
vn 0.460955 0.744429 -0.483059
vn 0.137554 0.979321 -0.148352
vn -0.410106 0.819889 0.399493
vn -0.446039 0.790472 0.419766
vn 0.022040 0.997274 -0.070420
vn 0.443312 0.760406 -0.474612
vn 0.389949 0.826405 -0.406195
vn -0.177599 0.969470 0.169078
vn -0.467948 0.762161 0.447365
vn -0.312298 0.898632 0.308106
vn -0.458689 0.786170 0.414175
vn -0.192181 0.975892 0.103448
vn 0.348925 0.837565 -0.420400
vn 0.427083 0.776653 -0.463043
vn 0.049156 0.996480 -0.067904
vn -0.417320 0.821325 0.388935
vn -0.406436 0.847023 0.342580
vn 0.099161 0.976532 -0.191186
vn 0.431006 0.761660 -0.483848
vn 0.330340 0.874111 -0.356097
vn -0.233073 0.948707 0.213616
vn -0.459354 0.783783 0.417945
vn -0.240414 0.958221 0.154964
vn 0.321196 0.859981 -0.396569
vn 0.434752 0.766286 -0.473071
vn 0.105767 0.986485 -0.125146
vn -0.399169 0.837697 0.372732
vn -0.423778 0.829386 0.364049
vn 0.043135 0.989695 -0.136541
vn 0.422009 0.770255 -0.478138
vn 0.357796 0.850623 -0.385258
vn -0.185442 0.968421 0.166652
vn -0.457289 0.784541 0.418786
vn -0.283474 0.937503 0.201819
vn 0.288742 0.883869 -0.367973
vn 0.439563 0.758963 -0.480375
vn 0.159245 0.970788 -0.179476
vn -0.377035 0.856554 0.352362
vn -0.437308 0.814366 0.381535
vn -0.066703 0.997661 -0.014928
vn -0.352989 0.903456 0.243239
vn 0.101658 0.967512 -0.231488
vn 0.392999 0.792086 -0.467067
vn 0.284948 0.903697 -0.319589
vn -0.219223 0.957324 0.188341
vn -0.424185 0.832814 0.355652
vn -0.198038 0.977677 0.070201
vn 0.293365 0.868682 -0.399160
vn 0.393013 0.804203 -0.445868
vn 0.075731 0.991826 -0.102698
vn -0.369159 0.870650 0.325101
vn -0.382577 0.878261 0.286866
vn 0.053877 0.981008 -0.186335
vn 0.384808 0.798124 -0.463595
vn 0.312357 0.883385 -0.349378
vn -0.177595 0.972861 0.148327
vn -0.422902 0.832055 0.358940
vn -0.239184 0.964086 0.115454
vn 0.264695 0.888075 -0.375845
vn 0.398610 0.796215 -0.455139
vn 0.123688 0.980699 -0.151429
vn -0.348617 0.885331 0.307660
vn -0.397497 0.864579 0.307408
vn 0.004183 0.990395 -0.138200
vn 0.373822 0.806803 -0.457521
vn 0.335566 0.864070 -0.375204
vn -0.132368 0.985692 0.104358
vn -0.418797 0.834031 0.359169
vn -0.276082 0.948203 0.157130
vn 0.231992 0.908213 -0.348324
vn 0.394864 0.793724 -0.462692
vn 0.275921 0.871008 -0.406464
vn 0.332606 0.854989 -0.397953
vn 0.052717 0.994892 -0.086090
vn -0.314911 0.915113 0.251792
vn -0.319941 0.928558 0.188198
vn 0.050895 0.975296 -0.214960
vn 0.327685 0.842872 -0.426836
vn 0.254886 0.919447 -0.299417
vn -0.151151 0.982204 0.111486
vn -0.363258 0.891200 0.271672
vn -0.187982 0.981793 0.027290
vn 0.222261 0.905792 -0.360750
vn 0.338495 0.847567 -0.408720
vn 0.091871 0.987800 -0.125744
vn -0.296493 0.924890 0.238055
vn -0.334936 0.918587 0.209800
vn 0.011447 0.983972 -0.177956
vn 0.317759 0.848541 -0.423094
vn 0.276499 0.904610 -0.324389
vn -0.114395 0.990443 0.077054
vn -0.359853 0.891791 0.274252
vn -0.220353 0.973316 0.064029
vn 0.194815 0.920259 -0.339367
vn 0.341726 0.842185 -0.417071
vn 0.129187 0.977947 -0.164105
vn -0.274953 0.935739 0.220893
vn -0.346689 0.909796 0.228208
vn -0.028739 0.989862 -0.139092
vn 0.305203 0.856199 -0.416862
vn 0.294824 0.890548 -0.346413
vn -0.035033 0.999294 -0.013563
vn 0.182716 0.957835 -0.221734
vn -0.104056 0.993070 0.054636
vn -0.272594 0.949751 0.153839
vn -0.136910 0.989217 -0.052018
vn 0.158615 0.934404 -0.318951
vn 0.255768 0.906242 -0.336613
vn 0.068813 0.991843 -0.107299
vn -0.215918 0.966311 0.140084
vn -0.249376 0.963956 0.092735
vn 0.004170 0.980898 -0.194479
vn 0.236703 0.902402 -0.360058
vn 0.205716 0.943677 -0.259142
vn -0.077329 0.996511 0.031408
vn -0.269532 0.949914 0.158165
vn -0.160646 0.986698 -0.024914
vn 0.137433 0.942643 -0.304199
vn 0.258326 0.902158 -0.345513
vn 0.095489 0.986272 -0.134723
vn -0.198510 0.971615 0.128679
vn -0.259036 0.959652 0.109402
vn -0.024041 0.985464 -0.168174
vn 0.225954 0.906511 -0.356626
vn 0.220262 0.934949 -0.278129
vn -0.049585 0.998748 0.006536
vn -0.264085 0.951136 0.159997
vn -0.182487 0.983208 0.001154
vn 0.114493 0.950994 -0.287230
vn 0.258669 0.899370 -0.352454
vn 0.120764 0.979467 -0.161436
vn -0.178959 0.977142 0.114746
vn -0.255558 0.959613 0.117615
vn -0.136281 0.989656 0.044808
vn -0.147802 0.988521 -0.031327
vn -0.019170 0.982444 -0.185572
vn 0.127208 0.956561 -0.262314
vn 0.128800 0.974360 -0.184481
vn -0.020968 0.999266 -0.032047
vn -0.148290 0.988813 0.016105
vn -0.104973 0.989539 -0.098959
vn 0.058235 0.969200 -0.239291
vn 0.150392 0.957957 -0.244338
vn 0.072264 0.990845 -0.114036
vn -0.094764 0.995432 0.011619
vn -0.151779 0.988199 -0.020649
vn -0.034393 0.984405 -0.172519
vn 0.118752 0.957757 -0.261916
vn 0.135938 0.971041 -0.196469
vn -0.005371 0.999026 -0.043794
vn -0.143034 0.989533 0.019109
vn -0.115883 0.989637 -0.084789
vn 0.044061 0.971931 -0.231104
vn 0.148768 0.956664 -0.250325
vn 0.085393 0.988058 -0.128252
vn -0.082001 0.996615 0.005791
vn -0.154261 0.987969 -0.011016
vn -0.049318 0.986064 -0.158888
vn 0.109139 0.959359 -0.260227
vn 0.141702 0.967880 -0.207677
vn 0.010267 0.998359 -0.056333
vn -0.136375 0.990441 0.020685
vn -0.125619 0.989534 -0.071003
vn 0.003908 0.980263 -0.197659
vn -0.101137 0.984429 -0.143770
vn -0.019215 0.974762 -0.222419
vn 0.050516 0.975421 -0.214480
vn 0.063101 0.992263 -0.106920
vn 0.002092 0.999777 -0.021036
vn -0.061593 0.996327 -0.059481
vn -0.053541 0.982914 -0.176108
vn 0.015227 0.971891 -0.234939
vn 0.066581 0.982799 -0.172260
vn 0.041631 0.997548 -0.056263
vn -0.032361 0.999231 -0.022122
vn -0.068582 0.991448 -0.111026
vn -0.025590 0.975837 -0.216997
vn 0.045751 0.974368 -0.220260
vn 0.065406 0.990892 -0.117707
vn 0.008969 0.999667 -0.024213
vn -0.058229 0.996989 -0.051206
vn -0.057546 0.984397 -0.166287
vn 0.008626 0.972043 -0.234644
vn 0.064738 0.981211 -0.181752
vn 0.046876 0.996786 -0.064970
vn -0.026118 0.999467 -0.019609
vn -0.068655 0.992584 -0.100322
vn -0.031728 0.977038 -0.210691
vn 0.040550 0.973484 -0.225135
vn 0.067050 0.989432 -0.128560
vn 0.015755 0.999471 -0.028435
vn -0.054278 0.997569 -0.043693
vn -0.060990 0.985864 -0.156050
vn 0.001938 0.972398 -0.233319
vn 0.000000 0.972987 -0.230858
vn 0.851832 -0.511818 0.111463
vn 0.855945 -0.510316 0.083280
vn 0.865742 -0.460749 -0.195450
vn 0.820420 -0.358356 -0.445525
vn 0.890108 -0.336684 -0.307166
vn 0.918446 -0.329432 -0.218932
vn 0.906514 -0.328685 -0.264949
vn 0.918818 -0.340009 -0.200418
vn 0.908385 -0.367433 -0.199577
vn 0.837531 -0.402487 -0.369522
vn 0.885329 -0.425819 -0.186735
vn 0.746294 -0.504001 -0.434773
vn 0.476619 -0.490852 -0.729314
vn 0.336692 -0.427007 -0.839228
vn 0.228368 -0.359162 -0.904904
vn 0.236843 -0.319300 -0.917580
vn 0.530713 -0.323971 -0.783190
vn 0.492393 -0.346291 -0.798518
vn 0.499875 -0.376308 -0.780075
vn 0.472942 -0.422984 -0.772923
vn 0.169766 -0.477600 -0.862019
vn 0.024644 -0.485353 -0.873971
vn -0.000283 -0.493194 -0.869919
vn -0.407710 -0.436640 -0.801947
vn -0.494259 -0.379753 -0.781981
vn -0.502018 -0.346293 -0.792502
vn -0.560771 -0.314464 -0.765930
vn -0.313907 -0.327241 -0.891277
vn -0.191553 -0.356648 -0.914390
vn -0.286791 -0.417364 -0.862298
vn -0.379312 -0.477696 -0.792420
vn -0.627404 -0.510589 -0.587931
vn -0.864537 -0.428909 -0.261941
vn -0.815177 -0.419299 -0.399593
vn -0.895449 -0.376095 -0.238166
vn -0.923749 -0.339862 -0.176584
vn -0.916714 -0.328134 -0.227955
vn -0.920638 -0.324365 -0.217288
vn -0.910117 -0.333206 -0.246293
vn -0.794210 -0.356916 -0.491773
vn -0.841205 -0.443929 -0.308707
vn -0.861723 -0.503789 -0.060256
vn -0.826207 -0.499820 0.259928
vn 0.850745 -0.517044 0.094331
vn 0.856889 -0.502693 -0.114193
vn 0.731124 -0.373787 -0.570737
vn 0.681441 -0.296740 -0.669017
vn 0.846658 -0.328319 -0.418779
vn 0.910444 -0.335830 -0.241475
vn 0.925603 -0.335382 -0.175437
vn 0.942562 -0.334031 -0.000748
vn 0.931176 -0.362104 -0.042327
vn 0.916226 -0.385625 -0.108737
vn 0.919120 -0.392449 0.034673
vn 0.690183 -0.521354 -0.501834
vn 0.193695 -0.441015 -0.876349
vn -0.018143 -0.351756 -0.935916
vn -0.090308 -0.298653 -0.950079
vn 0.186745 -0.316594 -0.929997
vn 0.663357 -0.321079 -0.675918
vn 0.683261 -0.332564 -0.650042
vn 0.727564 -0.343466 -0.593871
vn 0.624229 -0.406146 -0.667371
vn 0.197354 -0.487250 -0.850669
vn 0.059747 -0.494183 -0.867302
vn -0.213762 -0.493130 -0.843284
vn -0.675303 -0.368115 -0.639106
vn -0.709162 -0.329382 -0.623375
vn -0.698295 -0.313252 -0.643629
vn -0.558929 -0.318342 -0.765674
vn -0.013926 -0.314420 -0.949182
vn 0.137903 -0.317627 -0.938134
vn 0.009244 -0.382937 -0.923728
vn -0.243129 -0.475119 -0.845666
vn -0.787616 -0.491591 -0.371482
vn -0.919682 -0.384755 -0.078415
vn -0.894532 -0.398144 -0.203211
vn -0.939987 -0.341179 -0.004649
vn -0.945523 -0.324422 -0.027144
vn -0.927338 -0.331035 -0.174530
vn -0.903830 -0.332600 -0.269201
vn -0.775756 -0.320888 -0.543355
vn -0.595738 -0.306240 -0.742505
vn -0.753566 -0.423503 -0.502776
vn -0.855103 -0.517624 -0.029396
vn -0.777534 -0.494633 0.388302
vn 0.838059 -0.539807 0.079156
vn 0.819301 -0.506712 -0.268308
vn 0.579256 -0.315890 -0.751449
vn 0.553184 -0.263185 -0.790393
vn 0.798587 -0.335643 -0.499602
vn 0.901183 -0.356400 -0.246676
vn 0.932860 -0.349814 -0.086037
vn 0.931683 -0.325936 0.160413
vn 0.929595 -0.358683 0.084853
vn 0.929277 -0.359676 0.084124
vn 0.913998 -0.359196 0.188642
vn 0.635818 -0.552840 -0.538613
vn -0.024100 -0.404207 -0.914350
vn -0.244369 -0.302628 -0.921249
vn -0.296997 -0.261439 -0.918391
vn 0.142943 -0.328754 -0.933535
vn 0.763233 -0.317483 -0.562743
vn 0.801015 -0.314427 -0.509422
vn 0.843054 -0.308298 -0.440695
vn 0.722716 -0.390759 -0.570078
vn 0.220614 -0.509386 -0.831778
vn 0.102478 -0.514901 -0.851102
vn -0.365655 -0.501335 -0.784193
vn -0.808516 -0.326457 -0.489620
vn -0.823701 -0.301065 -0.480496
vn -0.812342 -0.295242 -0.502925
vn -0.554462 -0.335400 -0.761629
vn 0.208806 -0.289468 -0.934135
vn 0.336239 -0.276640 -0.900230
vn 0.204630 -0.343472 -0.916599
vn -0.122396 -0.473676 -0.872153
vn -0.861688 -0.475878 -0.176165
vn -0.929596 -0.363099 0.063325
vn -0.918375 -0.392469 -0.050548
vn -0.931112 -0.324332 0.166849
vn -0.940988 -0.325141 0.093947
vn -0.928035 -0.348878 -0.130516
vn -0.881385 -0.350956 -0.316212
vn -0.628627 -0.293680 -0.720125
vn -0.453628 -0.261452 -0.851977
vn -0.664160 -0.400443 -0.631298
vn -0.837129 -0.546869 -0.012223
vn -0.721882 -0.507074 0.470917
vn 0.810171 -0.582378 0.066783
vn 0.766296 -0.528314 -0.365616
vn 0.480586 -0.294125 -0.826153
vn 0.466898 -0.253162 -0.847299
vn 0.755549 -0.359510 -0.547630
vn 0.886762 -0.394912 -0.240202
vn 0.924334 -0.381142 -0.018357
vn 0.903956 -0.335873 0.264676
vn 0.911907 -0.375536 0.165524
vn 0.913577 -0.357709 0.193445
vn 0.892064 -0.350090 0.285758
vn 0.587697 -0.601769 -0.540819
vn -0.153420 -0.394628 -0.905942
vn -0.362488 -0.285457 -0.887196
vn -0.409918 -0.248571 -0.877599
vn 0.101943 -0.355760 -0.929001
vn 0.821936 -0.327739 -0.465842
vn 0.857771 -0.315677 -0.405680
vn 0.891468 -0.300061 -0.339483
vn 0.771927 -0.399130 -0.494797
vn 0.220147 -0.550863 -0.805038
vn 0.138790 -0.552308 -0.822005
vn -0.442350 -0.528949 -0.724251
vn -0.864545 -0.315111 -0.391494
vn -0.875503 -0.296151 -0.381823
vn -0.868988 -0.294697 -0.397510
vn -0.558381 -0.367175 -0.743904
vn 0.340164 -0.282759 -0.896847
vn 0.443717 -0.262951 -0.856721
vn 0.315861 -0.332897 -0.888488
vn -0.032479 -0.492762 -0.869558
vn -0.878684 -0.475929 -0.037507
vn -0.919000 -0.362818 0.154277
vn -0.911934 -0.408234 0.041502
vn -0.904723 -0.328391 0.271358
vn -0.921949 -0.342377 0.181075
vn -0.919139 -0.383778 -0.088866
vn -0.858704 -0.386276 -0.336776
vn -0.524872 -0.286978 -0.801344
vn -0.363651 -0.245949 -0.898480
vn -0.588254 -0.400924 -0.702294
vn -0.803240 -0.595644 -0.003713
vn -0.658469 -0.538266 0.526011
vn 0.758841 -0.649139 0.052709
vn 0.692311 -0.568441 -0.444500
vn 0.394603 -0.288999 -0.872220
vn 0.388221 -0.255190 -0.885529
vn 0.705002 -0.403387 -0.583311
vn 0.860346 -0.459738 -0.220105
vn 0.898938 -0.435030 0.051571
vn 0.861113 -0.361932 0.357057
vn 0.880139 -0.412918 0.234209
vn 0.885055 -0.373028 0.278439
vn 0.858996 -0.353596 0.370265
vn 0.531376 -0.674693 -0.512279
vn -0.258943 -0.402747 -0.877920
vn -0.452578 -0.283931 -0.845314
vn -0.498754 -0.247645 -0.830612
vn 0.051924 -0.401446 -0.914410
vn 0.865937 -0.349591 -0.357686
vn 0.893525 -0.330925 -0.303483
vn 0.918902 -0.307213 -0.247464
vn 0.802429 -0.426699 -0.417177
vn 0.198520 -0.616276 -0.762098
vn 0.180385 -0.609035 -0.772359
vn -0.483562 -0.581777 -0.653990
vn -0.897369 -0.320528 -0.303300
vn -0.907308 -0.305490 -0.288908
vn -0.906191 -0.305672 -0.292202
vn -0.569299 -0.419176 -0.707241
vn 0.447133 -0.287454 -0.847020
vn 0.528131 -0.262483 -0.807577
vn 0.405737 -0.338464 -0.849011
vn 0.056591 -0.530692 -0.845673
vn -0.868124 -0.488131 0.089940
vn -0.896336 -0.376944 0.233440
vn -0.887579 -0.446217 0.114429
vn -0.865350 -0.348791 0.359882
vn -0.887233 -0.376313 0.266843
vn -0.896225 -0.442209 -0.035104
vn -0.828163 -0.446249 -0.339129
vn -0.430594 -0.293848 -0.853371
vn -0.284116 -0.243257 -0.927418
vn -0.505947 -0.417100 -0.755013
vn -0.742976 -0.669318 -0.000464
vn -0.572970 -0.588892 0.570010
vn 0.666936 -0.744359 0.033559
vn 0.583297 -0.626107 -0.517450
vn 0.304952 -0.293282 -0.906085
vn 0.302805 -0.265291 -0.915385
vn 0.631814 -0.475457 -0.612170
vn 0.805041 -0.566295 -0.176689
vn 0.841642 -0.521268 0.141129
vn 0.792454 -0.404944 0.456111
vn 0.824411 -0.476051 0.306141
vn 0.840940 -0.403807 0.360221
vn 0.811952 -0.364829 0.455669
vn 0.450865 -0.775351 -0.442212
vn -0.362935 -0.423753 -0.829886
vn -0.536935 -0.291986 -0.791483
vn -0.582828 -0.253823 -0.771936
vn -0.018335 -0.473524 -0.880590
vn 0.898046 -0.381090 -0.219736
vn 0.915488 -0.358066 -0.183494
vn 0.934048 -0.325883 -0.146135
vn 0.819918 -0.474028 -0.320985
vn 0.149140 -0.710677 -0.687529
vn 0.233978 -0.686772 -0.688185
vn -0.497721 -0.665556 -0.556155
vn -0.918062 -0.338105 -0.206993
vn -0.927378 -0.325931 -0.183681
vn -0.930415 -0.325100 -0.169225
vn -0.585984 -0.500925 -0.636943
vn 0.550585 -0.299700 -0.779125
vn 0.608015 -0.270085 -0.746573
vn 0.493618 -0.355386 -0.793752
vn 0.159655 -0.587131 -0.793592
vn -0.832252 -0.507285 0.223648
vn -0.859008 -0.403275 0.315396
vn -0.838790 -0.511640 0.186158
vn -0.804669 -0.385198 0.451808
vn -0.824637 -0.429670 0.367911
vn -0.843303 -0.535419 0.046544
vn -0.775289 -0.545191 -0.318894
vn -0.327439 -0.311088 -0.892193
vn -0.200536 -0.247959 -0.947788
vn -0.403980 -0.445605 -0.798897
vn -0.636095 -0.771609 -0.001709
vn -0.447986 -0.658382 0.604849
vn 0.504350 -0.863480 0.005780
vn 0.420605 -0.695037 -0.583108
vn 0.203794 -0.303619 -0.930743
vn 0.202361 -0.281696 -0.937922
vn 0.507530 -0.589182 -0.628712
vn 0.672720 -0.734976 -0.085196
vn 0.710858 -0.649950 0.268785
vn 0.676778 -0.465712 0.570162
vn 0.719909 -0.573907 0.390335
vn 0.771885 -0.450535 0.448566
vn 0.746640 -0.380614 0.545584
vn 0.324356 -0.894462 -0.307785
vn -0.473645 -0.454462 -0.754404
vn -0.622733 -0.306790 -0.719780
vn -0.667622 -0.264555 -0.695911
vn -0.124727 -0.582813 -0.802977
vn 0.907817 -0.417613 -0.038305
vn 0.918047 -0.395233 -0.031321
vn 0.934747 -0.354516 -0.023796
vn 0.818016 -0.543280 -0.188936
vn 0.057950 -0.831219 -0.552916
vn 0.302499 -0.780289 -0.547397
vn -0.474181 -0.782926 -0.402715
vn -0.926101 -0.366099 -0.091148
vn -0.932950 -0.355954 -0.053863
vn -0.936615 -0.349903 -0.017871
vn -0.601240 -0.624522 -0.498481
vn 0.655907 -0.316524 -0.685272
vn 0.688658 -0.283199 -0.667494
vn 0.586130 -0.381250 -0.714913
vn 0.284728 -0.658759 -0.696395
vn -0.766374 -0.527033 0.367298
vn -0.799934 -0.440974 0.406998
vn -0.742936 -0.613673 0.267304
vn -0.705922 -0.438596 0.556155
vn -0.707994 -0.504250 0.494445
vn -0.716086 -0.674588 0.179310
vn -0.661963 -0.705038 -0.254416
vn -0.202971 -0.337073 -0.919339
vn -0.106290 -0.257632 -0.960379
vn -0.271278 -0.483455 -0.832274
vn -0.449507 -0.893243 -0.007726
vn -0.263573 -0.738468 0.620640
vn 0.239587 -0.970349 -0.031945
vn 0.191550 -0.756270 -0.625591
vn 0.087582 -0.317684 -0.944143
vn 0.081539 -0.302978 -0.949503
vn 0.274058 -0.751071 -0.600653
vn 0.349103 -0.932311 0.094465
vn 0.420704 -0.795891 0.435392
vn 0.481260 -0.537625 0.692350
vn 0.512891 -0.708692 0.484456
vn 0.661775 -0.513137 0.546575
vn 0.659448 -0.397783 0.637885
vn 0.136225 -0.986476 -0.091144
vn -0.590277 -0.490393 -0.641162
vn -0.710141 -0.326129 -0.623971
vn -0.751949 -0.277694 -0.597878
vn -0.284432 -0.728973 -0.622653
vn 0.874156 -0.448438 0.186427
vn 0.884798 -0.437187 0.161246
vn 0.911466 -0.391086 0.127600
vn 0.775065 -0.631880 -0.001421
vn -0.086803 -0.942357 -0.323155
vn 0.379035 -0.865128 -0.328460
vn -0.381206 -0.910904 -0.157910
vn -0.913806 -0.402725 0.052651
vn -0.913107 -0.392893 0.108950
vn -0.912458 -0.374824 0.164095
vn -0.582245 -0.781194 -0.225227
vn 0.758946 -0.334260 -0.558812
vn 0.768865 -0.299689 -0.564830
vn 0.682391 -0.413287 -0.602940
vn 0.427865 -0.731270 -0.531202
vn -0.667193 -0.539751 0.513344
vn -0.708264 -0.488254 0.509872
vn -0.548437 -0.754925 0.359591
vn -0.541794 -0.506229 0.670963
vn -0.494016 -0.589233 0.639338
vn -0.421029 -0.826313 0.374088
vn -0.390829 -0.915887 -0.091671
vn -0.048177 -0.369572 -0.927952
vn 0.001488 -0.270644 -0.962678
vn -0.100538 -0.524927 -0.845189
vn -0.158136 -0.987251 -0.018130
vn -0.012572 -0.803294 0.595450
vn -0.100124 -0.992380 -0.071811
vn -0.084478 -0.779487 -0.620696
vn -0.043192 -0.333190 -0.941870
vn -0.061332 -0.327044 -0.943017
vn -0.123761 -0.887998 -0.442880
vn -0.165976 -0.936117 0.310059
vn -0.045647 -0.830328 0.555403
vn 0.183802 -0.593562 0.783519
vn 0.135823 -0.828509 0.543254
vn 0.488825 -0.585656 0.646573
vn 0.549991 -0.412849 0.725993
vn -0.082016 -0.982057 0.169816
vn -0.701918 -0.523839 -0.482601
vn -0.793716 -0.347256 -0.499428
vn -0.829870 -0.290874 -0.476138
vn -0.471159 -0.842065 -0.262558
vn 0.780140 -0.458813 0.425291
vn 0.793329 -0.471909 0.384617
vn 0.848214 -0.430458 0.308609
vn 0.651186 -0.717401 0.247573
vn -0.260318 -0.965419 -0.014167
vn 0.441064 -0.896335 -0.045241
vn -0.191267 -0.967158 0.167401
vn -0.866956 -0.443623 0.227125
vn -0.850156 -0.430160 0.303640
vn -0.844902 -0.392074 0.363893
vn -0.456329 -0.866091 0.204084
vn 0.847958 -0.348274 -0.399590
vn 0.842432 -0.316996 -0.435685
vn 0.773417 -0.446517 -0.449944
vn 0.562062 -0.774351 -0.290633
vn -0.540090 -0.539190 0.646202
vn -0.571695 -0.539675 0.617993
vn -0.185467 -0.883283 0.430595
vn -0.284347 -0.571039 0.770104
vn -0.159605 -0.641598 0.750252
vn 0.047333 -0.840719 0.539398
vn 0.090447 -0.979175 0.181757
vn 0.138931 -0.403712 -0.904276
vn 0.122279 -0.285382 -0.950581
vn 0.104218 -0.559672 -0.822135
vn 0.186692 -0.981978 -0.029406
vn 0.268390 -0.815832 0.512235
vn -0.403913 -0.909306 -0.100087
vn -0.347958 -0.750017 -0.562495
vn -0.183322 -0.347748 -0.919491
vn -0.221670 -0.350678 -0.909883
vn -0.526782 -0.837052 -0.147799
vn -0.528842 -0.738888 0.417576
vn -0.446239 -0.707156 0.548454
vn -0.164702 -0.595029 0.786647
vn -0.325434 -0.811752 0.484924
vn 0.240044 -0.648713 0.722184
vn 0.423535 -0.422775 0.801174
vn -0.259022 -0.884068 0.389013
vn -0.789021 -0.544922 -0.283736
vn -0.863389 -0.366643 -0.346601
vn -0.892811 -0.301697 -0.334467
vn -0.571385 -0.800490 0.180927
vn 0.638583 -0.442727 0.629448
vn 0.635935 -0.484155 0.600983
vn 0.729337 -0.462762 0.503903
vn 0.422155 -0.749867 0.509396
vn -0.400474 -0.876408 0.267450
vn 0.468143 -0.852737 0.231693
vn 0.041205 -0.890048 0.454000
vn -0.769295 -0.479890 0.421772
vn -0.729115 -0.456544 0.509861
vn -0.733336 -0.395069 0.553299
vn -0.245682 -0.775178 0.582013
vn 0.909038 -0.354523 -0.219005
vn 0.899828 -0.332154 -0.282811
vn 0.842489 -0.473369 -0.257167
vn 0.647011 -0.762338 -0.014738
vn -0.401023 -0.524374 0.751141
vn -0.384925 -0.584229 0.714499
vn 0.275276 -0.870395 0.408211
vn 0.048623 -0.597700 0.800244
vn 0.208692 -0.616484 0.759207
vn 0.426207 -0.697599 0.575937
vn 0.472379 -0.793105 0.384503
vn 0.345695 -0.431253 -0.833376
vn 0.251657 -0.300081 -0.920119
vn 0.320002 -0.575822 -0.752348
vn 0.469758 -0.882014 -0.037137
vn 0.508658 -0.768144 0.388873
vn -0.605192 -0.787901 -0.113816
vn -0.548682 -0.687685 -0.475434
vn -0.323352 -0.359406 -0.875369
vn -0.386921 -0.370119 -0.844573
vn -0.730782 -0.674563 0.104514
vn -0.689848 -0.566805 0.450379
vn -0.664391 -0.565763 0.488361
vn -0.456333 -0.544117 0.704057
vn -0.645157 -0.680892 0.346639
vn -0.056353 -0.673964 0.736612
vn 0.290962 -0.426284 0.856518
vn -0.367108 -0.762939 0.532123
vn -0.834125 -0.547400 -0.067742
vn -0.908050 -0.380906 -0.174229
vn -0.933443 -0.308572 -0.182944
vn -0.562426 -0.665734 0.490383
vn 0.487727 -0.409970 0.770744
vn 0.440564 -0.469523 0.765148
vn 0.555994 -0.477179 0.680566
vn 0.144820 -0.704687 0.694582
vn -0.485414 -0.748861 0.451199
vn 0.466618 -0.767463 0.439623
vn 0.228614 -0.751683 0.618634
vn -0.616178 -0.500340 0.608264
vn -0.556541 -0.462473 0.690204
vn -0.596644 -0.383939 0.704703
vn -0.078316 -0.627402 0.774748
vn 0.935206 -0.352070 -0.037909
vn 0.932191 -0.342732 -0.116425
vn 0.872527 -0.486762 -0.041941
vn 0.669321 -0.706235 0.230743
vn -0.269235 -0.500115 0.823042
vn -0.162570 -0.609000 0.776331
vn 0.607877 -0.732024 0.307614
vn 0.365331 -0.568521 0.737101
vn 0.485795 -0.541026 0.686509
vn 0.624688 -0.552784 0.551538
vn 0.640389 -0.603752 0.474747
vn 0.543015 -0.444186 -0.712625
vn 0.381536 -0.313134 -0.869700
vn 0.512603 -0.568920 -0.643092
vn 0.648203 -0.760375 -0.040790
vn 0.671324 -0.692394 0.264412
vn -0.721793 -0.681864 -0.118647
vn -0.680972 -0.621519 -0.387286
vn -0.452341 -0.367451 -0.812630
vn -0.539623 -0.382894 -0.749799
vn -0.799908 -0.540057 0.261699
vn -0.759212 -0.457583 0.462834
vn -0.772817 -0.465195 0.431679
vn -0.647906 -0.479167 0.592129
vn -0.804409 -0.553212 0.216525
vn -0.331210 -0.653030 0.681067
vn 0.165142 -0.424510 0.890236
vn -0.423321 -0.661942 0.618573
vn -0.834738 -0.533853 0.134960
vn -0.921424 -0.388554 0.001781
vn -0.949590 -0.311529 -0.035049
vn -0.517901 -0.548001 0.656867
vn 0.357848 -0.374702 0.855303
vn 0.251080 -0.439374 0.862502
vn 0.355296 -0.471069 0.807377
vn -0.094759 -0.621776 0.777441
vn -0.535372 -0.639043 0.552269
vn 0.455443 -0.681764 0.572512
vn 0.356546 -0.629058 0.690768
vn -0.427024 -0.499837 0.753534
vn -0.364440 -0.449150 0.815750
vn -0.461090 -0.365193 0.808721
vn 0.020961 -0.514344 0.857328
vn 0.930894 -0.343688 0.123756
vn 0.936205 -0.348118 0.048313
vn 0.858226 -0.485257 0.167257
vn 0.649113 -0.638095 0.414111
vn -0.158160 -0.473288 0.866593
vn 0.060867 -0.609326 0.790580
vn 0.778879 -0.593675 0.202231
vn 0.592920 -0.510063 0.623123
vn 0.654558 -0.465678 0.595565
vn 0.721907 -0.453776 0.522434
vn 0.705953 -0.481295 0.519602
vn 0.700938 -0.441270 -0.560327
vn 0.502208 -0.323693 -0.801879
vn 0.659096 -0.546026 -0.517154
vn 0.749928 -0.660191 -0.041912
vn 0.767683 -0.620246 0.161114
vn -0.787626 -0.604492 -0.119309
vn -0.762646 -0.567277 -0.310754
vn -0.561739 -0.372797 -0.738560
vn -0.665214 -0.389494 -0.637012
vn -0.815295 -0.451726 0.362267
vn -0.790192 -0.390729 0.472153
vn -0.830164 -0.400865 0.387473
vn -0.762855 -0.424750 0.487483
vn -0.879298 -0.462563 0.113448
vn -0.536905 -0.607603 0.585279
vn 0.056339 -0.420286 0.905641
vn -0.448038 -0.589132 0.672447
vn -0.802463 -0.513035 0.304710
vn -0.905518 -0.390949 0.164915
vn -0.945000 -0.312212 0.097462
vn -0.472365 -0.468581 0.746527
vn 0.258870 -0.345278 0.902092
vn 0.092662 -0.407945 0.908292
vn 0.161998 -0.452346 0.877006
vn -0.271448 -0.543552 0.794271
vn -0.569992 -0.558618 0.602541
vn 0.446720 -0.613692 0.651017
vn 0.445753 -0.539711 0.714155
vn -0.234728 -0.484086 0.842949
vn -0.185858 -0.426832 0.885026
vn -0.344283 -0.346149 0.872726
vn 0.075917 -0.440948 0.894316
vn 0.907375 -0.333790 0.255451
vn 0.915733 -0.349916 0.197466
vn 0.809151 -0.474090 0.347152
vn 0.609502 -0.579088 0.541447
vn -0.073029 -0.449290 0.890396
vn 0.253154 -0.593109 0.764287
vn 0.861676 -0.494526 0.113836
vn 0.734314 -0.453295 0.505279
vn 0.753013 -0.409171 0.515317
vn 0.772034 -0.391254 0.500883
vn 0.729414 -0.406239 0.550387
vn 0.807930 -0.429006 -0.403984
vn 0.605550 -0.332130 -0.723187
vn 0.757761 -0.518782 -0.395807
vn 0.807150 -0.588877 -0.041618
vn 0.821351 -0.564569 0.081513
vn -0.824643 -0.553193 -0.118072
vn -0.811541 -0.529262 -0.247555
vn -0.647635 -0.377601 -0.661806
vn -0.757898 -0.393136 -0.520610
vn -0.808443 -0.396367 0.435101
vn -0.802418 -0.350349 0.483095
vn -0.862824 -0.361647 0.353194
vn -0.831848 -0.386483 0.398322
vn -0.914837 -0.402771 0.029127
vn -0.673485 -0.561958 0.480230
vn -0.029827 -0.416825 0.908497
vn -0.453281 -0.540841 0.708539
vn -0.751672 -0.493480 0.437569
vn -0.868293 -0.391476 0.304653
vn -0.926703 -0.313079 0.207853
vn -0.431514 -0.419437 0.798666
vn 0.189274 -0.324491 0.926758
vn -0.031493 -0.383359 0.923062
vn -0.004299 -0.431587 0.902061
vn -0.399444 -0.484040 0.778556
vn -0.599565 -0.503353 0.622219
vn 0.445063 -0.565914 0.694017
vn 0.513801 -0.478466 0.712095
vn -0.062694 -0.463647 0.883799
vn -0.035791 -0.405547 0.913373
vn -0.252253 -0.331527 0.909097
vn 0.104246 -0.396069 0.912284
vn 0.875723 -0.326237 0.355920
vn 0.878849 -0.351079 0.323061
vn 0.740344 -0.460836 0.489409
vn 0.562713 -0.535990 0.629341
vn -0.013792 -0.431134 0.902183
vn 0.401782 -0.573010 0.714304
vn 0.902663 -0.428632 0.038388
vn 0.819295 -0.410202 0.400612
vn 0.812182 -0.371832 0.449556
vn 0.798572 -0.353292 0.487307
vn 0.732262 -0.360393 0.577849
vn 0.870692 -0.415885 -0.262556
vn 0.687304 -0.339971 -0.641898
vn 0.818709 -0.495968 -0.289364
vn 0.839052 -0.542551 -0.040382
vn 0.849487 -0.527194 0.020917
vn -0.840668 -0.528956 -0.116116
vn -0.831685 -0.504214 -0.232526
vn -0.653212 -0.344276 -0.674380
vn -0.875448 -0.416987 -0.244362
vn -0.765507 -0.349079 0.540503
vn -0.842328 -0.337176 0.420472
vn -0.867710 -0.351619 0.351346
vn -0.863773 -0.384704 0.325421
vn -0.918485 -0.371061 -0.136743
vn -0.451877 -0.537146 0.712237
vn -0.093788 -0.436718 0.894696
vn -0.537129 -0.523666 0.661261
vn -0.716034 -0.467239 0.518636
vn -0.862403 -0.367094 0.348573
vn -0.912195 -0.305397 0.273190
vn -0.114123 -0.373453 0.920602
vn 0.088428 -0.331827 0.939187
vn -0.104781 -0.387077 0.916074
vn -0.078593 -0.442243 0.893445
vn -0.590807 -0.448329 0.670782
vn -0.545660 -0.521994 0.655574
vn 0.628025 -0.471259 0.619273
vn 0.403833 -0.470016 0.784859
vn 0.036789 -0.432372 0.900945
vn 0.054011 -0.381591 0.922752
vn -0.280593 -0.305991 0.909746
vn 0.355056 -0.394480 0.847538
vn 0.882944 -0.318516 0.344903
vn 0.812121 -0.384912 0.438523
vn 0.688571 -0.477741 0.545558
vn 0.465261 -0.531744 0.707658
vn -0.071475 -0.390505 0.917822
vn 0.759060 -0.546552 0.353707
vn 0.916072 -0.395430 0.066687
vn 0.840099 -0.377032 0.389975
vn 0.849677 -0.349396 0.394932
vn 0.779381 -0.336133 0.528752
vn 0.717783 -0.351622 0.600957
vn 0.813651 -0.375807 -0.443554
vn 0.751048 -0.384562 -0.536693
vn 0.838540 -0.508305 -0.196154
vn 0.849956 -0.526277 -0.024625
vn 0.860161 -0.509883 -0.011893
vn 0.000000 0.993816 0.111039
vn -0.056224 0.979721 0.192317
vn -0.000643 0.972485 0.232965
vn 0.056057 0.986451 0.154184
vn 0.048708 0.997912 0.042414
vn -0.015462 0.999450 0.029321
vn -0.061271 0.989540 0.130600
vn -0.036010 0.973471 0.225958
vn 0.029884 0.977360 0.209462
vn 0.062469 0.993182 0.098421
vn 0.022707 0.999556 0.019267
vn -0.043512 0.996827 0.066650
vn -0.058583 0.981272 0.183500
vn -0.006740 0.972098 0.234479
vn 0.053017 0.984954 0.164484
vn 0.052403 0.997384 0.049782
vn -0.009307 0.999646 0.024911
vn -0.059884 0.990997 0.119741
vn -0.040816 0.974360 0.221261
vn 0.024340 0.976108 0.215918
vn 0.062518 0.992064 0.109092
vn 0.028440 0.999362 0.021582
vn -0.038811 0.997572 0.057819
vn -0.060370 0.982875 0.174106
vn -0.012768 0.971920 0.234966
vn 0.049459 0.983435 0.174385
vn 0.055568 0.996773 0.057928
vn -0.003056 0.999763 0.021539
vn -0.057893 0.992362 0.108927
vn -0.045232 0.975422 0.215652
vn 0.027808 0.973277 0.227943
vn -0.110709 0.964573 0.239464
vn -0.024239 0.975204 0.219976
vn 0.116021 0.990873 0.068623
vn 0.123093 0.992176 -0.020851
vn -0.011950 0.998204 0.058709
vn -0.130049 0.969012 0.210008
vn -0.097736 0.960641 0.260033
vn 0.047360 0.986562 0.156371
vn 0.140985 0.989967 0.009389
vn 0.072469 0.997360 -0.004578
vn -0.079893 0.988167 0.130934
vn -0.135275 0.958285 0.251773
vn -0.037693 0.972576 0.229511
vn 0.107330 0.990809 0.082324
vn 0.129416 0.991398 -0.019539
vn 0.002275 0.998937 0.046040
vn -0.125010 0.972013 0.198908
vn -0.106702 0.959148 0.262011
vn 0.033831 0.984850 0.170077
vn 0.138965 0.990118 0.018838
vn 0.084261 0.996387 -0.010659
vn -0.068070 0.990831 0.116705
vn -0.136998 0.959540 0.245998
vn -0.050701 0.969956 0.237940
vn 0.097555 0.990547 0.096432
vn 0.134465 0.990776 -0.016793
vn 0.016493 0.999281 0.034138
vn -0.118709 0.975160 0.187007
vn -0.114628 0.958046 0.262693
vn 0.020008 0.982866 0.183234
vn 0.147116 0.988887 0.021434
vn 0.074752 0.991596 0.105595
vn 0.244787 0.961227 -0.126970
vn 0.159864 0.980740 -0.112215
vn -0.114151 0.979419 0.166457
vn -0.236677 0.904193 0.355555
vn -0.100339 0.953508 0.284175
vn 0.170076 0.985414 -0.005816
vn 0.240693 0.957153 -0.161015
vn 0.040438 0.999180 -0.001820
vn -0.203578 0.937383 0.282610
vn -0.204572 0.911309 0.357304
vn 0.026605 0.986227 0.163242
vn 0.238569 0.964543 -0.112875
vn 0.178172 0.975805 -0.126724
vn -0.091333 0.985957 0.139809
vn -0.236732 0.906753 0.348936
vn -0.121581 0.945616 0.301709
vn 0.150377 0.988425 0.020090
vn 0.246146 0.955989 -0.159680
vn 0.065851 0.997465 -0.026971
vn -0.190573 0.945578 0.263750
vn -0.214847 0.907363 0.361295
vn 0.000903 0.981834 0.189742
vn 0.230050 0.968384 -0.096482
vn 0.194558 0.971032 -0.138722
vn -0.067213 0.991385 0.112421
vn -0.234742 0.910540 0.340314
vn -0.141272 0.937824 0.317063
vn 0.128940 0.990535 0.047063
vn 0.249394 0.955785 -0.155810
vn 0.121077 0.988444 -0.091208
vn 0.305903 0.917490 -0.254236
vn 0.062305 0.997505 -0.033182
vn -0.273218 0.894909 0.352831
vn -0.277663 0.864618 0.418736
vn 0.032898 0.990727 0.131827
vn 0.320610 0.917933 -0.233686
vn 0.247952 0.943754 -0.218742
vn -0.123807 0.977422 0.171224
vn -0.314539 0.849984 0.422602
vn -0.173005 0.925792 0.336122
vn 0.206606 0.975857 -0.070834
vn 0.330412 0.902127 -0.277478
vn 0.097887 0.992696 -0.070522
vn -0.256723 0.908081 0.330880
vn -0.289838 0.857145 0.425789
vn -0.003738 0.985273 0.170945
vn 0.310125 0.925943 -0.215527
vn 0.268505 0.933691 -0.236911
vn -0.090086 0.987012 0.133011
vn -0.311956 0.854893 0.414537
vn -0.198758 0.912115 0.358526
vn 0.177311 0.983557 -0.034301
vn 0.334099 0.901377 -0.275493
vn 0.131852 0.985632 -0.105565
vn -0.237240 0.922003 0.305986
vn -0.299564 0.851547 0.430266
vn -0.039829 0.977238 0.208372
vn 0.296649 0.935044 -0.194144
vn 0.286203 0.924539 -0.251627
vn -0.054645 0.994122 0.093460
vn -0.311753 0.861944 0.399828
vn -0.190945 0.947621 0.256036
vn -0.370833 0.801370 0.469349
vn -0.206226 0.915929 0.344303
vn 0.258827 0.951643 -0.165484
vn 0.386096 0.847449 -0.364363
vn 0.112785 0.988967 -0.096037
vn -0.312054 0.869299 0.383330
vn -0.342253 0.818406 0.461599
vn 0.004603 0.991618 0.129122
vn 0.369084 0.874344 -0.315116
vn 0.316794 0.897381 -0.307162
vn -0.120517 0.979675 0.160352
vn -0.368601 0.806123 0.462925
vn -0.237145 0.896902 0.373268
vn 0.225376 0.966345 -0.124031
vn 0.390505 0.845225 -0.364828
vn 0.154729 0.977860 -0.140886
vn -0.291023 0.887413 0.357496
vn -0.353132 0.809758 0.468604
vn -0.040855 0.983231 0.177729
vn 0.355578 0.886972 -0.294697
vn 0.336760 0.883375 -0.325948
vn -0.077165 0.990723 0.111862
vn -0.363781 0.813440 0.453849
vn -0.264434 0.878434 0.398031
vn 0.188113 0.978963 -0.079032
vn 0.392223 0.845600 -0.362107
vn 0.193627 0.964042 -0.182018
vn -0.266203 0.906491 0.327734
vn -0.361361 0.803622 0.472873
vn -0.124959 0.953462 0.274401
vn -0.360154 0.813065 0.457400
vn 0.023175 0.997392 0.068356
vn 0.406794 0.825682 -0.390856
vn 0.343216 0.870661 -0.352353
vn -0.153875 0.969750 0.189490
vn -0.407505 0.770848 0.489625
vn -0.258715 0.894472 0.364673
vn 0.266654 0.940321 -0.211404
vn 0.423302 0.799425 -0.426304
vn 0.160820 0.974269 -0.157914
vn -0.333605 0.856168 0.394567
vn -0.388295 0.784099 0.484164
vn -0.029684 0.991564 0.126175
vn 0.394488 0.839610 -0.373409
vn 0.364885 0.852473 -0.374364
vn -0.105589 0.985131 0.135530
vn -0.403384 0.777465 0.482524
vn -0.289791 0.871743 0.395076
vn 0.227626 0.959701 -0.164805
vn 0.425769 0.798232 -0.426082
vn 0.205447 0.956682 -0.206279
vn -0.308637 0.878216 0.365348
vn -0.397384 0.775360 0.490819
vn -0.081157 0.980026 0.181558
vn 0.378659 0.856013 -0.351935
vn 0.382796 0.836514 -0.392061
vn -0.054376 0.995424 0.078582
vn -0.396569 0.787011 0.472595
vn -0.316545 0.850206 0.420653
vn 0.183978 0.976342 -0.113612
vn 0.428213 0.796934 -0.426063
vn 0.324070 0.887202 -0.328408
vn 0.437941 0.769337 -0.465111
vn 0.152776 0.975344 -0.159260
vn -0.363765 0.833315 0.416246
vn -0.408477 0.775832 0.480865
vn -0.009552 0.998222 0.058836
vn 0.415495 0.801504 -0.430064
vn 0.375030 0.835634 -0.401334
vn -0.135087 0.977937 0.159342
vn -0.428371 0.757058 0.493317
vn -0.299914 0.878763 0.371251
vn 0.258630 0.934808 -0.243402
vn 0.441121 0.766227 -0.467235
vn 0.201820 0.955944 -0.213168
vn -0.339812 0.856323 0.388894
vn -0.418497 0.764592 0.490163
vn -0.066291 0.990418 0.121155
vn 0.401288 0.817895 -0.412330
vn 0.394155 0.816665 -0.421545
vn -0.081028 0.991757 0.099256
vn -0.422410 0.765423 0.485486
vn -0.329637 0.854235 0.402023
vn 0.215278 0.957177 -0.193564
vn 0.441756 0.766341 -0.466448
vn 0.245941 0.933338 -0.261519
vn -0.311152 0.880996 0.356413
vn -0.425720 0.756496 0.496464
vn -0.120683 0.976165 0.180380
vn 0.383363 0.837032 -0.390398
vn 0.409591 0.800468 -0.437592
vn 0.026408 0.998758 -0.042247
vn 0.351437 0.857847 -0.374954
vn -0.160780 0.970780 0.178144
vn -0.440476 0.753519 0.488047
vn -0.295800 0.897265 0.327746
vn 0.277768 0.910014 -0.307767
vn 0.442066 0.751442 -0.489809
vn 0.185649 0.960845 -0.205699
vn -0.358635 0.844678 0.397367
vn -0.426472 0.771257 0.472530
vn -0.043836 0.997857 0.048570
vn 0.408681 0.792424 -0.452818
vn 0.390684 0.812393 -0.432878
vn -0.106885 0.987193 0.118428
vn -0.435310 0.760178 0.482323
vn -0.328505 0.871551 0.363983
vn 0.236919 0.935393 -0.262506
vn 0.443433 0.749646 -0.491323
vn 0.232501 0.937859 -0.257611
vn -0.331508 0.869014 0.367311
vn -0.434642 0.761028 0.481583
vn -0.101253 0.988515 0.112189
vn 0.392518 0.810422 -0.434909
vn 0.407217 0.794101 -0.451196
vn -0.049711 0.997244 0.055079
vn -0.427424 0.770081 0.473585
vn -0.356121 0.847044 0.394581
vn 0.190601 0.958682 -0.211186
vn 0.442317 0.751114 -0.490086
vn 0.273908 0.912616 -0.303489
vn -0.299333 0.894651 0.331661
vn -0.444012 0.749828 0.490521
vn -0.383795 0.820051 0.424520
vn -0.421227 0.794534 0.437360
vn -0.018661 0.999444 -0.027648
vn 0.402461 0.782486 -0.475122
vn 0.373939 0.822819 -0.427947
vn -0.127107 0.983202 0.130990
vn -0.435429 0.772042 0.462983
vn -0.313270 0.898682 0.306974
vn 0.246244 0.916620 -0.314917
vn 0.432427 0.750474 -0.499796
vn 0.208149 0.947994 -0.240792
vn -0.338764 0.868250 0.362465
vn -0.430566 0.782630 0.449558
vn -0.075700 0.996487 0.035810
vn 0.387795 0.798284 -0.460823
vn 0.391690 0.803358 -0.448548
vn -0.072307 0.994885 0.070535
vn -0.428299 0.779937 0.456354
vn -0.343353 0.874551 0.342446
vn 0.203751 0.941123 -0.269765
vn 0.432041 0.750019 -0.500811
vn 0.250924 0.923966 -0.288658
vn -0.308632 0.892154 0.329859
vn -0.436993 0.773872 0.458431
vn -0.130732 0.986605 0.097567
vn 0.369599 0.816953 -0.442700
vn 0.405807 0.786708 -0.465199
vn -0.015355 0.999853 0.007575
vn -0.418311 0.790996 0.446476
vn -0.368552 0.851705 0.372516
vn 0.109759 0.981536 -0.156656
vn -0.257150 0.947276 0.191161
vn 0.241807 0.905822 -0.347873
vn 0.408584 0.768682 -0.492125
vn 0.176206 0.960688 -0.214548
vn -0.331098 0.880270 0.339851
vn -0.411640 0.819825 0.398044
vn -0.049199 0.998006 -0.039541
vn 0.369398 0.802447 -0.468640
vn 0.363156 0.826602 -0.429938
vn -0.087490 0.993118 0.077857
vn -0.414678 0.806800 0.420851
vn -0.315826 0.909139 0.271517
vn 0.203977 0.928689 -0.309724
vn 0.408912 0.766488 -0.495265
vn 0.218430 0.939982 -0.262148
vn -0.303220 0.900836 0.310727
vn -0.419235 0.810005 0.410042
vn -0.101388 0.994666 0.018960
vn 0.352790 0.818147 -0.454065
vn 0.378334 0.809640 -0.448717
vn -0.035251 0.999169 0.020473
vn -0.405420 0.815440 0.413149
vn -0.342870 0.888328 0.305473
vn 0.161684 0.950240 -0.266276
vn 0.406760 0.767270 -0.495826
vn 0.255974 0.917379 -0.304785
vn -0.270835 0.922078 0.276441
vn -0.423952 0.803100 0.418682
vn -0.151339 0.985565 0.075882
vn 0.332684 0.836331 -0.435743
vn 0.393507 0.785405 -0.477798
vn 0.353989 0.805865 -0.474630
vn 0.321054 0.860920 -0.394641
vn -0.091271 0.993157 0.072864
vn -0.382935 0.849484 0.362956
vn -0.273786 0.943946 0.184409
vn 0.189710 0.925257 -0.328495
vn 0.371009 0.799988 -0.471563
vn 0.179834 0.957031 -0.227489
vn -0.280409 0.920714 0.271399
vn -0.383215 0.859314 0.338713
vn -0.072993 0.995877 -0.053866
vn 0.320799 0.835735 -0.445686
vn 0.336823 0.845169 -0.415018
vn -0.046124 0.998650 0.023906
vn -0.374424 0.855513 0.357638
vn -0.301218 0.927860 0.219874
vn 0.153445 0.943699 -0.293065
vn 0.369520 0.799125 -0.474188
vn 0.215219 0.939043 -0.268103
vn -0.251362 0.937161 0.241963
vn -0.388941 0.852108 0.350195
vn -0.117699 0.993044 -0.003243
vn 0.302646 0.850077 -0.431016
vn 0.349352 0.831442 -0.432039
vn -0.000014 0.999648 -0.026521
vn -0.363033 0.863979 0.348923
vn -0.324636 0.911885 0.251153
vn 0.113883 0.960634 -0.253402
vn 0.365562 0.800881 -0.474293
vn 0.246718 0.919922 -0.304751
vn -0.180982 0.971609 0.152387
vn 0.115617 0.982139 -0.148444
vn -0.236807 0.948912 0.208541
vn -0.324694 0.914486 0.241432
vn -0.050887 0.992382 -0.112200
vn 0.270768 0.868933 -0.414295
vn 0.280248 0.888830 -0.362550
vn -0.044412 0.998913 0.014184
vn -0.320042 0.906710 0.274682
vn -0.244930 0.961995 0.120728
vn 0.129849 0.946104 -0.296693
vn 0.313932 0.846421 -0.430138
vn 0.169848 0.959557 -0.224504
vn -0.211987 0.959571 0.185164
vn -0.330901 0.908602 0.254845
vn -0.087092 0.993607 -0.071839
vn 0.254819 0.878926 -0.403184
vn 0.292447 0.877436 -0.380238
vn -0.007520 0.999649 -0.025423
vn -0.309780 0.911999 0.268876
vn -0.266797 0.951908 0.150635
vn 0.097996 0.958894 -0.266308
vn 0.310587 0.846594 -0.432220
vn 0.197376 0.945999 -0.257153
vn -0.184386 0.970015 0.158343
vn -0.334352 0.904387 0.265128
vn -0.122171 0.992007 -0.031578
vn 0.236256 0.890349 -0.389182
vn 0.301902 0.867573 -0.395187
vn 0.029414 0.997409 -0.065647
vn -0.296806 0.918909 0.259831
vn -0.290767 0.937569 0.190836
vn -0.259432 0.947828 0.185247
vn -0.179052 0.983674 0.018052
vn 0.089387 0.957341 -0.274787
vn 0.235910 0.903401 -0.358070
vn 0.124800 0.975869 -0.179176
vn -0.150205 0.983149 0.104196
vn -0.246999 0.959841 0.133028
vn -0.064629 0.990402 -0.122178
vn 0.185709 0.919154 -0.347372
vn 0.218976 0.926123 -0.307156
vn -0.001707 0.999281 -0.037865
vn -0.228516 0.960592 0.158251
vn -0.195807 0.979751 0.041804
vn 0.066152 0.964899 -0.254155
vn 0.232857 0.902750 -0.361689
vn 0.145209 0.968110 -0.204151
vn -0.129268 0.987864 0.086114
vn -0.249802 0.957594 0.143568
vn -0.089408 0.991535 -0.094147
vn 0.170728 0.925534 -0.337992
vn 0.226626 0.919509 -0.321161
vn 0.024303 0.997563 -0.065399
vn -0.217676 0.963925 0.153185
vn -0.210420 0.975527 0.063798
vn 0.041855 0.971905 -0.231620
vn 0.227824 0.903395 -0.363282
vn 0.163762 0.959864 -0.227691
vn -0.106782 0.992102 0.065810
vn -0.250339 0.956206 0.151661
vn -0.113205 0.991365 -0.066182
vn 0.125496 0.946371 -0.297712
vn -0.041988 0.985388 -0.165068
vn 0.092973 0.961503 -0.258588
vn 0.132052 0.967614 -0.215139
vn 0.018892 0.997695 -0.065168
vn -0.119538 0.992608 0.020964
vn -0.119865 0.990847 -0.062088
vn 0.017509 0.976477 -0.214911
vn 0.130346 0.957267 -0.258166
vn 0.095857 0.983754 -0.151786
vn -0.053527 0.998543 -0.006904
vn -0.141423 0.989946 0.002533
vn -0.066666 0.988569 -0.135229
vn 0.082591 0.963490 -0.254686
vn 0.135160 0.964965 -0.224887
vn 0.032836 0.996356 -0.078712
vn -0.111422 0.993570 0.020111
vn -0.126784 0.990706 -0.049264
vn 0.003635 0.978991 -0.203873
vn 0.125504 0.957168 -0.260919
vn 0.105300 0.980602 -0.165323
vn -0.040099 0.999066 -0.016111
vn -0.139991 0.990112 0.008964
vn -0.078828 0.989542 -0.120801
vn 0.071362 0.965739 -0.249512
vn 0.136954 0.962631 -0.233636
vn 0.046399 0.994617 -0.092651
vn -0.102190 0.994605 0.017807
vn -0.132433 0.990494 -0.037196
vn -0.010344 0.981350 -0.191950
vn 0.119474 0.957532 -0.262410
vn 0.110512 0.977115 -0.181749
vn 0.050386 0.975091 -0.216008
vn 0.061726 0.988796 -0.135916
vn 0.018431 0.999323 -0.031853
vn -0.046712 0.998143 -0.039104
vn -0.057350 0.987171 -0.149010
vn -0.002359 0.972749 -0.231849
vn 0.054863 0.978986 -0.196410
vn 0.049682 0.995483 -0.080903
vn -0.013751 0.999746 -0.017855
vn -0.061233 0.994663 -0.083043
vn -0.037615 0.979412 -0.198337
vn 0.028223 0.972501 -0.231181
vn 0.062191 0.987233 -0.146640
vn 0.024329 0.998992 -0.037723
vn -0.042300 0.998559 -0.033037
vn -0.059558 0.988598 -0.138303
vn -0.008453 0.973430 -0.228830
vn 0.051700 0.977560 -0.204217
vn 0.053196 0.994425 -0.091043
vn -0.007561 0.999804 -0.018290
vn -0.059634 0.995529 -0.073245
vn -0.042366 0.980876 -0.189967
vn 0.022656 0.972105 -0.233449
vn 0.062034 0.985626 -0.157138
vn 0.029978 0.998560 -0.044497
vn -0.037461 0.998908 -0.027923
vn -0.061175 0.989956 -0.127457
vn -0.014475 0.974291 -0.224829
vn 0.048040 0.976249 -0.211258
vn 0.056168 0.993246 -0.101525
vn 0.000000 0.999822 -0.018878
vn 0.895082 -0.430245 0.117122
vn 0.907282 -0.419874 0.023364
vn 0.912025 -0.402753 -0.077459
vn 0.915008 -0.403329 -0.009253
vn 0.905735 -0.417993 0.070188
vn 0.892739 -0.447074 -0.056054
vn 0.879767 -0.470062 0.071081
vn 0.846872 -0.523984 0.090822
vn 0.712198 -0.603465 -0.358615
vn 0.561300 -0.555465 -0.613515
vn 0.449710 -0.475679 -0.755970
vn 0.348069 -0.391071 -0.852004
vn 0.625534 -0.398548 -0.670721
vn 0.681904 -0.403961 -0.609772
vn 0.674737 -0.424520 -0.603749
vn 0.701259 -0.452927 -0.550540
vn 0.595078 -0.512150 -0.619342
vn 0.324724 -0.555027 -0.765832
vn 0.468466 -0.567085 -0.677461
vn 0.000090 -0.581175 -0.813779
vn -0.257297 -0.500529 -0.826601
vn -0.304843 -0.447046 -0.840964
vn -0.370777 -0.397259 -0.839470
vn -0.233283 -0.392735 -0.889572
vn 0.126134 -0.402676 -0.906610
vn 0.047175 -0.455732 -0.888866
vn 0.013601 -0.510156 -0.859974
vn -0.149906 -0.579538 -0.801039
vn -0.612375 -0.563285 -0.554712
vn -0.632094 -0.537701 -0.557974
vn -0.690865 -0.508472 -0.513966
vn -0.832727 -0.438305 -0.338313
vn -0.833220 -0.410997 -0.369900
vn -0.817234 -0.400156 -0.414733
vn -0.838753 -0.390744 -0.379227
vn -0.619227 -0.405231 -0.672566
vn -0.602393 -0.464562 -0.649080
vn -0.693443 -0.552582 -0.462375
vn -0.771388 -0.600796 -0.209770
vn -0.815191 -0.545025 0.195988
vn -0.798651 -0.441292 0.409168
vn -0.878543 -0.443142 0.178289
vn -0.842291 -0.414088 0.345074
vn 0.904635 -0.426067 -0.010145
vn 0.903598 -0.417781 -0.094713
vn 0.906739 -0.407376 -0.108942
vn 0.904367 -0.408900 0.122149
vn 0.883007 -0.414908 0.219431
vn 0.882167 -0.431570 0.188491
vn 0.829807 -0.411572 0.376867
vn 0.832459 -0.505908 0.225985
vn 0.596447 -0.598252 -0.535113
vn 0.291267 -0.476939 -0.829272
vn 0.101442 -0.369171 -0.923809
vn 0.181489 -0.351189 -0.918547
vn 0.658820 -0.405828 -0.633451
vn 0.780559 -0.399896 -0.480429
vn 0.826588 -0.398805 -0.397123
vn 0.842042 -0.413130 -0.346826
vn 0.671756 -0.507612 -0.539512
vn 0.478057 -0.552995 -0.682392
vn 0.460122 -0.582457 -0.670098
vn -0.320779 -0.523672 -0.789220
vn -0.550176 -0.414670 -0.724814
vn -0.587061 -0.375293 -0.717296
vn -0.533571 -0.366284 -0.762324
vn -0.045820 -0.402548 -0.914251
vn 0.420702 -0.359229 -0.833045
vn 0.359392 -0.404538 -0.840944
vn 0.282375 -0.462561 -0.840418
vn -0.188665 -0.599633 -0.777719
vn -0.737065 -0.528455 -0.421272
vn -0.741445 -0.514772 -0.430429
vn -0.843158 -0.460092 -0.278207
vn -0.914931 -0.385400 -0.119865
vn -0.888864 -0.393113 -0.235336
vn -0.852414 -0.399821 -0.336947
vn -0.715411 -0.399472 -0.573244
vn -0.335353 -0.347076 -0.875829
vn -0.380189 -0.407571 -0.830267
vn -0.597590 -0.540155 -0.592553
vn -0.794842 -0.606266 -0.025861
vn -0.708829 -0.442411 0.549394
vn -0.711255 -0.386079 0.587417
vn -0.830780 -0.430745 0.352511
vn -0.764199 -0.398334 0.507277
vn 0.894186 -0.438617 -0.089699
vn 0.884370 -0.433202 -0.173855
vn 0.894095 -0.429274 -0.127744
vn 0.877672 -0.420400 0.230120
vn 0.847121 -0.416680 0.329794
vn 0.841200 -0.413803 0.348065
vn 0.764403 -0.362494 0.533185
vn 0.806713 -0.492772 0.326176
vn 0.479570 -0.601692 -0.638732
vn 0.099101 -0.425731 -0.899407
vn -0.099910 -0.310299 -0.945374
vn 0.054206 -0.334710 -0.940761
vn 0.689054 -0.425135 -0.586911
vn 0.841587 -0.399189 -0.363839
vn 0.895294 -0.374186 -0.241728
vn 0.901102 -0.381238 -0.206574
vn 0.718606 -0.511880 -0.470728
vn 0.580845 -0.550763 -0.599399
vn 0.466649 -0.606310 -0.643915
vn -0.505370 -0.483511 -0.714716
vn -0.694340 -0.367477 -0.618750
vn -0.727383 -0.335321 -0.598727
vn -0.638529 -0.355067 -0.682795
vn 0.110692 -0.410843 -0.904961
vn 0.579890 -0.320661 -0.748935
vn 0.525006 -0.359978 -0.771223
vn 0.436371 -0.421956 -0.794691
vn -0.211113 -0.631927 -0.745721
vn -0.801639 -0.513357 -0.306333
vn -0.793414 -0.512280 -0.328730
vn -0.894378 -0.433614 -0.109850
vn -0.932168 -0.360688 0.031082
vn -0.909750 -0.394648 -0.128873
vn -0.868437 -0.415813 -0.270030
vn -0.590386 -0.401282 -0.700297
vn -0.163873 -0.299013 -0.940073
vn -0.237771 -0.362237 -0.901249
vn -0.510999 -0.531142 -0.675846
vn -0.776401 -0.619679 0.114894
vn -0.589649 -0.380389 0.712473
vn -0.626836 -0.361013 0.690468
vn -0.771745 -0.435291 0.463607
vn -0.695331 -0.402085 0.595686
vn 0.873602 -0.471229 -0.121505
vn 0.856232 -0.469171 -0.216209
vn 0.870681 -0.470944 -0.141868
vn 0.840522 -0.450765 0.300557
vn 0.806266 -0.439878 0.395528
vn 0.797672 -0.421631 0.431215
vn 0.711624 -0.348322 0.610134
vn 0.769531 -0.499868 0.397435
vn 0.384672 -0.623547 -0.680600
vn -0.012343 -0.411360 -0.911389
vn -0.203781 -0.290659 -0.934875
vn -0.033395 -0.337663 -0.940674
vn 0.705965 -0.461868 -0.536928
vn 0.867283 -0.416989 -0.271921
vn 0.916162 -0.375529 -0.140091
vn 0.917704 -0.379505 -0.117452
vn 0.730350 -0.540358 -0.417855
vn 0.627158 -0.569090 -0.531798
vn 0.482740 -0.642580 -0.595024
vn -0.593632 -0.477143 -0.648024
vn -0.759731 -0.355905 -0.544188
vn -0.792642 -0.325427 -0.515574
vn -0.702335 -0.361746 -0.613079
vn 0.211542 -0.433917 -0.875766
vn 0.662780 -0.309954 -0.681653
vn 0.608306 -0.349128 -0.712792
vn 0.518592 -0.414799 -0.747666
vn -0.222059 -0.680921 -0.697880
vn -0.826248 -0.519037 -0.218896
vn -0.804329 -0.533696 -0.261197
vn -0.899200 -0.437402 -0.010934
vn -0.923829 -0.361874 0.124851
vn -0.908337 -0.415402 -0.048642
vn -0.869422 -0.448912 -0.206358
vn -0.498848 -0.419426 -0.758441
vn -0.064967 -0.283816 -0.956676
vn -0.147852 -0.350267 -0.924907
vn -0.436089 -0.545527 -0.715701
vn -0.732858 -0.648448 0.205996
vn -0.509560 -0.358925 0.781998
vn -0.563907 -0.360659 0.742923
vn -0.719373 -0.461346 0.519291
vn -0.630533 -0.425287 0.649276
vn 0.838988 -0.528902 -0.127911
vn 0.811567 -0.531353 -0.242947
vn 0.827508 -0.539267 -0.156278
vn 0.783956 -0.503186 0.363617
vn 0.750775 -0.484981 0.448476
vn 0.745958 -0.449805 0.491143
vn 0.657599 -0.350244 0.667003
vn 0.716356 -0.519480 0.465805
vn 0.284262 -0.663513 -0.692059
vn -0.105985 -0.416201 -0.903074
vn -0.285962 -0.286973 -0.914261
vn -0.117887 -0.353148 -0.928110
vn 0.715284 -0.520444 -0.466376
vn 0.875556 -0.451409 -0.172137
vn 0.918031 -0.393910 -0.045324
vn 0.917608 -0.395878 -0.035741
vn 0.719251 -0.593134 -0.361758
vn 0.649650 -0.605831 -0.459264
vn 0.507636 -0.690710 -0.515001
vn -0.652761 -0.492149 -0.575927
vn -0.803857 -0.362161 -0.471861
vn -0.837673 -0.330537 -0.434799
vn -0.755997 -0.380623 -0.532536
vn 0.300748 -0.474202 -0.827456
vn 0.726692 -0.312511 -0.611765
vn 0.670983 -0.355156 -0.650881
vn 0.582533 -0.425861 -0.692313
vn -0.227212 -0.749832 -0.621391
vn -0.832380 -0.538673 -0.130290
vn -0.791218 -0.577821 -0.200240
vn -0.883280 -0.463275 0.072059
vn -0.901200 -0.379522 0.209291
vn -0.890080 -0.454360 0.036255
vn -0.855984 -0.501825 -0.124352
vn -0.409629 -0.456004 -0.790104
vn 0.019334 -0.282658 -0.959026
vn -0.065922 -0.354025 -0.932910
vn -0.350877 -0.577587 -0.737074
vn -0.662475 -0.693380 0.283464
vn -0.436078 -0.355080 0.826895
vn -0.500028 -0.375527 0.780354
vn -0.658172 -0.511333 0.552584
vn -0.551384 -0.468231 0.690460
vn 0.776270 -0.620750 -0.109886
vn 0.732481 -0.629738 -0.258653
vn 0.744304 -0.645097 -0.172802
vn 0.689251 -0.582538 0.430793
vn 0.664850 -0.556367 0.498428
vn 0.675257 -0.498604 0.543528
vn 0.594221 -0.362165 0.718149
vn 0.640856 -0.547252 0.538349
vn 0.162410 -0.718546 -0.676250
vn -0.201630 -0.433597 -0.878259
vn -0.365844 -0.292049 -0.883666
vn -0.213150 -0.378893 -0.900559
vn 0.712029 -0.606133 -0.354424
vn 0.863737 -0.501895 -0.045399
vn 0.902332 -0.426598 0.061735
vn 0.902403 -0.427314 0.055416
vn 0.679826 -0.673934 -0.289223
vn 0.654807 -0.659778 -0.368674
vn 0.537958 -0.745562 -0.393368
vn -0.699373 -0.523540 -0.486604
vn -0.839210 -0.380710 -0.388313
vn -0.873895 -0.345416 -0.342044
vn -0.806068 -0.408962 -0.427790
vn 0.396133 -0.533216 -0.747502
vn 0.784838 -0.323026 -0.528851
vn 0.728065 -0.372615 -0.575395
vn 0.642175 -0.450076 -0.620518
vn -0.226763 -0.836630 -0.498627
vn -0.822340 -0.568276 -0.028616
vn -0.750986 -0.646910 -0.132389
vn -0.845221 -0.510090 0.159402
vn -0.860291 -0.411116 0.301468
vn -0.846518 -0.512915 0.142564
vn -0.816523 -0.577287 -0.005563
vn -0.302100 -0.513567 -0.803109
vn 0.105896 -0.289575 -0.951279
vn 0.022631 -0.367782 -0.929637
vn -0.242182 -0.624208 -0.742774
vn -0.554755 -0.750596 0.358961
vn -0.356736 -0.361010 0.861633
vn -0.423568 -0.403226 0.811171
vn -0.570606 -0.591481 0.569700
vn -0.439029 -0.533549 0.722896
vn 0.652055 -0.756121 -0.055725
vn 0.579322 -0.773620 -0.256706
vn 0.575433 -0.795621 -0.189381
vn 0.522072 -0.689178 0.502469
vn 0.520546 -0.658185 0.543897
vn 0.569416 -0.570553 0.591806
vn 0.515824 -0.381325 0.767149
vn 0.536917 -0.578228 0.614306
vn 0.009502 -0.780513 -0.625067
vn -0.307025 -0.460016 -0.833139
vn -0.449714 -0.302790 -0.840283
vn -0.325931 -0.413248 -0.850291
vn 0.676130 -0.716832 -0.170297
vn 0.816301 -0.564433 0.122753
vn 0.860424 -0.471855 0.192415
vn 0.865186 -0.473095 0.166237
vn 0.592177 -0.784283 -0.185006
vn 0.638940 -0.727953 -0.248679
vn 0.565456 -0.794059 -0.223004
vn -0.735381 -0.568342 -0.369056
vn -0.866995 -0.409261 -0.284297
vn -0.901576 -0.367247 -0.228672
vn -0.848935 -0.443203 -0.287888
vn 0.503739 -0.608571 -0.613097
vn 0.838897 -0.338475 -0.426246
vn 0.782587 -0.398984 -0.477880
vn 0.700396 -0.484837 -0.523811
vn -0.217380 -0.925647 -0.309714
vn -0.792164 -0.603432 0.091358
vn -0.667921 -0.742734 -0.047196
vn -0.772024 -0.578870 0.262467
vn -0.790398 -0.455508 0.409613
vn -0.756522 -0.589810 0.282488
vn -0.723237 -0.669810 0.168172
vn -0.155841 -0.594083 -0.789164
vn 0.201091 -0.301861 -0.931902
vn 0.124292 -0.388758 -0.912918
vn -0.100261 -0.680178 -0.726158
vn -0.398037 -0.809181 0.432195
vn -0.265728 -0.373044 0.888947
vn -0.324795 -0.443378 0.835418
vn -0.428173 -0.708565 0.560896
vn -0.268147 -0.621235 0.736318
vn 0.401319 -0.914222 0.056040
vn 0.283053 -0.935247 -0.212588
vn 0.248397 -0.949464 -0.191875
vn 0.238868 -0.796262 0.555796
vn 0.275571 -0.778380 0.564079
vn 0.403914 -0.664902 0.628298
vn 0.418157 -0.405590 0.812798
vn 0.402070 -0.605484 0.686825
vn -0.172290 -0.832095 -0.527195
vn -0.423373 -0.491823 -0.760832
vn -0.538466 -0.317167 -0.780679
vn -0.456787 -0.452738 -0.765751
vn 0.566327 -0.816977 0.108729
vn 0.707219 -0.623619 0.333077
vn 0.775596 -0.524636 0.351010
vn 0.791458 -0.530978 0.302748
vn 0.421110 -0.906374 -0.033956
vn 0.591848 -0.800846 -0.091442
vn 0.577681 -0.816164 -0.012704
vn -0.753785 -0.621456 -0.213542
vn -0.882177 -0.445560 -0.152449
vn -0.915144 -0.392992 -0.089825
vn -0.872609 -0.476383 -0.107764
vn 0.612129 -0.683848 -0.397051
vn 0.884878 -0.355950 -0.300484
vn 0.831028 -0.431654 -0.350811
vn 0.753317 -0.526731 -0.393788
vn -0.194470 -0.979471 -0.053094
vn -0.735770 -0.637545 0.228428
vn -0.513151 -0.855997 0.062808
vn -0.638288 -0.666201 0.385700
vn -0.674742 -0.508954 0.534499
vn -0.586705 -0.669937 0.454930
vn -0.536651 -0.746518 0.393339
vn 0.048610 -0.690087 -0.722092
vn 0.306456 -0.317565 -0.897350
vn 0.241117 -0.414449 -0.877550
vn 0.077240 -0.733984 -0.674761
vn -0.191336 -0.849001 0.492531
vn -0.160749 -0.388596 0.907278
vn -0.193923 -0.495078 0.846931
vn -0.187680 -0.849970 0.492267
vn -0.014241 -0.714542 0.699448
vn -0.001311 -0.976141 0.217133
vn -0.153422 -0.983017 -0.100695
vn -0.203985 -0.966446 -0.156119
vn -0.140530 -0.829856 0.539991
vn -0.082485 -0.855689 0.510874
vn 0.153303 -0.763705 0.627098
vn 0.299265 -0.432370 0.850586
vn 0.242358 -0.621360 0.745100
vn -0.360550 -0.850800 -0.382288
vn -0.545041 -0.523727 -0.654706
vn -0.629244 -0.333252 -0.702136
vn -0.596268 -0.490086 -0.635830
vn 0.363016 -0.828972 0.425470
vn 0.521539 -0.650620 0.551989
vn 0.629040 -0.572020 0.526404
vn 0.660819 -0.592171 0.461142
vn 0.146359 -0.977182 0.153931
vn 0.502779 -0.858801 0.098354
vn 0.566494 -0.798115 0.205175
vn -0.740275 -0.672073 -0.017616
vn -0.874293 -0.485283 0.010555
vn -0.905391 -0.418222 0.073196
vn -0.861046 -0.498070 0.102602
vn 0.684385 -0.721980 -0.101797
vn 0.915470 -0.372076 -0.153211
vn 0.864012 -0.466174 -0.190172
vn 0.790517 -0.569309 -0.225767
vn -0.159614 -0.961136 0.225256
vn -0.649809 -0.662225 0.373104
vn -0.260885 -0.946439 0.190243
vn -0.412799 -0.750872 0.515546
vn -0.496257 -0.560374 0.663107
vn -0.320768 -0.713866 0.622498
vn -0.262005 -0.750480 0.606739
vn 0.305489 -0.767277 -0.563882
vn 0.419514 -0.334656 -0.843809
vn 0.370259 -0.441509 -0.817299
vn 0.276009 -0.767580 -0.578480
vn 0.041212 -0.849984 0.525195
vn -0.042853 -0.405223 0.913213
vn -0.023696 -0.553820 0.832299
vn 0.158451 -0.935684 0.315260
vn 0.301567 -0.763878 0.570568
vn -0.377512 -0.858383 0.347366
vn -0.518961 -0.854174 0.032652
vn -0.556430 -0.825195 -0.097153
vn -0.476824 -0.756876 0.446965
vn -0.442608 -0.818170 0.367009
vn -0.167184 -0.818324 0.549904
vn 0.161438 -0.458349 0.873987
vn 0.073926 -0.621361 0.780029
vn -0.520425 -0.826966 -0.212805
vn -0.659299 -0.548996 -0.513739
vn -0.716218 -0.349043 -0.604319
vn -0.723028 -0.515060 -0.460373
vn 0.140974 -0.740205 0.657437
vn 0.292204 -0.628101 0.721183
vn 0.420003 -0.594993 0.685260
vn 0.460450 -0.637628 0.617589
vn -0.165629 -0.933697 0.317454
vn 0.373809 -0.879482 0.294580
vn 0.537012 -0.746715 0.392472
vn -0.680330 -0.704123 0.203375
vn -0.830220 -0.520897 0.198495
vn -0.863868 -0.437504 0.249644
vn -0.806958 -0.500044 0.314284
vn 0.687898 -0.696770 0.203244
vn 0.923469 -0.383611 0.006962
vn 0.868449 -0.495777 -0.000896
vn 0.797462 -0.602812 -0.025938
vn -0.124223 -0.880395 0.457682
vn -0.539200 -0.670830 0.509167
vn 0.055724 -0.952709 0.298731
vn -0.100065 -0.787449 0.608203
vn -0.257064 -0.590887 0.764703
vn -0.015604 -0.689456 0.724160
vn 0.008252 -0.677521 0.735457
vn 0.547826 -0.774164 -0.317106
vn 0.533912 -0.350933 -0.769275
vn 0.502947 -0.465669 -0.728146
vn 0.463814 -0.766930 -0.443503
vn 0.257443 -0.810932 0.525464
vn 0.083161 -0.420583 0.903435
vn 0.181818 -0.608153 0.772717
vn 0.480373 -0.874611 0.065558
vn 0.579344 -0.729162 0.364256
vn -0.592020 -0.690127 0.416216
vn -0.712081 -0.689702 0.131347
vn -0.741499 -0.669224 -0.048145
vn -0.685706 -0.645701 0.335973
vn -0.678721 -0.706460 0.200628
vn -0.466473 -0.790237 0.397402
vn 0.012685 -0.480188 0.877074
vn -0.083311 -0.607270 0.790116
vn -0.630899 -0.774169 -0.051275
vn -0.750449 -0.562195 -0.347509
vn -0.792144 -0.362818 -0.490786
vn -0.813356 -0.520771 -0.259324
vn -0.022958 -0.626608 0.778996
vn 0.080515 -0.573600 0.815169
vn 0.183540 -0.584149 0.790622
vn 0.210666 -0.647523 0.732348
vn -0.411648 -0.814803 0.408218
vn 0.227441 -0.857716 0.461080
vn 0.502605 -0.682103 0.531154
vn -0.573860 -0.705991 0.415043
vn -0.742387 -0.543654 0.391538
vn -0.789619 -0.446843 0.420515
vn -0.722030 -0.483608 0.494769
vn 0.639064 -0.630614 0.440366
vn 0.906243 -0.388857 0.165875
vn 0.834496 -0.513691 0.199345
vn 0.764006 -0.618358 0.184198
vn -0.099124 -0.780394 0.617381
vn -0.417907 -0.662867 0.621258
vn 0.339717 -0.871699 0.353175
vn 0.219357 -0.750055 0.623940
vn 0.003849 -0.587433 0.809264
vn 0.239102 -0.619688 0.747541
vn 0.203227 -0.583478 0.786290
vn 0.700686 -0.710906 -0.060434
vn 0.640727 -0.364533 -0.675710
vn 0.625883 -0.483046 -0.612321
vn 0.610370 -0.735369 -0.294416
vn 0.427711 -0.750779 0.503384
vn 0.209309 -0.432961 0.876775
vn 0.396907 -0.641589 0.656375
vn 0.662806 -0.734623 -0.144971
vn 0.748312 -0.644120 0.158549
vn -0.692765 -0.559607 0.454881
vn -0.799977 -0.566315 0.198302
vn -0.830829 -0.556348 -0.014115
vn -0.797703 -0.551455 0.244063
vn -0.799331 -0.597434 0.064363
vn -0.667575 -0.709375 0.226120
vn -0.134489 -0.495984 0.857854
vn -0.215117 -0.585646 0.781501
vn -0.694743 -0.714469 0.082860
vn -0.808062 -0.562663 -0.174491
vn -0.850936 -0.373787 -0.369040
vn -0.857895 -0.509803 -0.064156
vn -0.123900 -0.534448 0.836071
vn -0.081757 -0.515292 0.853106
vn -0.032745 -0.550317 0.834314
vn -0.036957 -0.621888 0.782233
vn -0.570867 -0.693973 0.438762
vn 0.091249 -0.810665 0.578357
vn 0.474019 -0.620830 0.624400
vn -0.440492 -0.681273 0.584666
vn -0.617833 -0.549217 0.562711
vn -0.692271 -0.446354 0.567035
vn -0.628427 -0.458045 0.628708
vn 0.575580 -0.560870 0.595090
vn 0.867942 -0.388622 0.309273
vn 0.763782 -0.517551 0.385717
vn 0.693465 -0.614511 0.376142
vn -0.087632 -0.691284 0.717250
vn -0.302343 -0.644200 0.702563
vn 0.538146 -0.762695 0.358741
vn 0.464709 -0.671061 0.577687
vn 0.234802 -0.557359 0.796379
vn 0.414497 -0.546219 0.727899
vn 0.324917 -0.504708 0.799812
vn 0.765502 -0.627672 0.141542
vn 0.731426 -0.374712 -0.569743
vn 0.726365 -0.492188 -0.479734
vn 0.707083 -0.689667 -0.156184
vn 0.547936 -0.690038 0.472878
vn 0.326539 -0.441914 0.835514
vn 0.581814 -0.644861 0.495628
vn 0.739054 -0.609411 -0.287084
vn 0.828613 -0.559816 -0.002535
vn -0.736920 -0.471083 0.484800
vn -0.838793 -0.484331 0.248697
vn -0.875668 -0.482808 0.010059
vn -0.856974 -0.484948 0.174415
vn -0.855482 -0.516348 -0.039184
vn -0.776606 -0.625176 0.077710
vn -0.267361 -0.506376 0.819818
vn -0.316513 -0.563655 0.762963
vn -0.725219 -0.662658 0.186931
vn -0.831844 -0.554857 -0.013001
vn -0.889904 -0.382494 -0.248535
vn -0.864861 -0.491482 0.102285
vn -0.180893 -0.469798 0.864041
vn -0.196175 -0.468009 0.861675
vn -0.205080 -0.511525 0.834436
vn -0.242621 -0.579659 0.777902
vn -0.671254 -0.599668 0.435679
vn -0.020393 -0.760044 0.649552
vn 0.456150 -0.570472 0.683000
vn -0.304354 -0.644476 0.701441
vn -0.475925 -0.541139 0.693300
vn -0.586916 -0.440092 0.679594
vn -0.543429 -0.432814 0.719275
vn 0.518520 -0.505576 0.689587
vn 0.817241 -0.385698 0.428198
vn 0.669185 -0.511149 0.539369
vn 0.600461 -0.598213 0.530648
vn -0.088813 -0.622315 0.777712
vn -0.204037 -0.622882 0.755240
vn 0.664042 -0.667545 0.336798
vn 0.626603 -0.592095 0.506746
vn 0.411542 -0.518967 0.749204
vn 0.527927 -0.488365 0.694833
vn 0.396585 -0.448140 0.801181
vn 0.779865 -0.557637 0.284345
vn 0.800932 -0.382274 -0.460841
vn 0.797804 -0.495005 -0.344207
vn 0.762693 -0.645499 -0.040367
vn 0.627721 -0.640039 0.443077
vn 0.427454 -0.448485 0.784949
vn 0.711012 -0.625149 0.321949
vn 0.762971 -0.520124 -0.383858
vn 0.860063 -0.495592 -0.121161
vn -0.751970 -0.412376 0.514284
vn -0.853394 -0.431718 0.292128
vn -0.898830 -0.437358 0.028692
vn -0.888729 -0.442159 0.121061
vn -0.878801 -0.461532 -0.121229
vn -0.828126 -0.558933 -0.042438
vn -0.377275 -0.514296 0.770171
vn -0.388889 -0.546473 0.741710
vn -0.734111 -0.624727 0.266078
vn -0.828678 -0.545275 0.126365
vn -0.910151 -0.390685 -0.137808
vn -0.848564 -0.474827 0.233407
vn -0.208699 -0.427578 0.879558
vn -0.274467 -0.435359 0.857397
vn -0.334470 -0.479378 0.811373
vn -0.398673 -0.538653 0.742235
vn -0.738181 -0.532405 0.414286
vn -0.106372 -0.719224 0.686587
vn 0.450204 -0.532701 0.716621
vn -0.179318 -0.608934 0.772687
vn -0.335619 -0.527581 0.780396
vn -0.486256 -0.433398 0.758763
vn -0.474820 -0.413595 0.776843
vn 0.473484 -0.468084 0.746130
vn 0.763103 -0.383481 0.520208
vn 0.565807 -0.501384 0.654581
vn 0.500054 -0.579030 0.643949
vn -0.101144 -0.572950 0.813325
vn -0.127880 -0.605441 0.785549
vn 0.744097 -0.596546 0.300754
vn 0.729871 -0.530051 0.431665
vn 0.537990 -0.485585 0.689039
vn 0.601418 -0.449029 0.660810
vn 0.435766 -0.410846 0.800821
vn 0.769853 -0.508657 0.385479
vn 0.848638 -0.389292 -0.358142
vn 0.840854 -0.495634 -0.217512
vn 0.789615 -0.611337 0.052684
vn 0.678078 -0.604576 0.417969
vn 0.507902 -0.454799 0.731569
vn 0.785303 -0.597793 0.161070
vn 0.761419 -0.460545 -0.456222
vn 0.866550 -0.452283 -0.211025
vn -0.758054 -0.375221 0.533444
vn -0.883023 -0.413951 0.221168
vn -0.907717 -0.417720 0.039493
vn -0.895096 -0.433550 0.104104
vn -0.855156 -0.436275 -0.279950
vn -0.813005 -0.579344 0.058164
vn -0.329076 -0.491778 0.806141
vn -0.508104 -0.582979 0.634008
vn -0.742882 -0.598341 0.300192
vn -0.833017 -0.518611 0.192682
vn -0.923588 -0.363819 -0.120919
vn -0.681870 -0.485593 0.547040
vn -0.207531 -0.404563 0.890651
vn -0.358593 -0.434539 0.826188
vn -0.375681 -0.481422 0.791894
vn -0.526393 -0.537920 0.658447
vn -0.809834 -0.492712 0.318440
vn 0.253959 -0.632653 0.731611
vn 0.352063 -0.548163 0.758663
vn -0.165630 -0.570507 0.804418
vn -0.236165 -0.500914 0.832653
vn -0.481368 -0.405845 0.776901
vn -0.384324 -0.415398 0.824463
vn 0.634254 -0.413276 0.653395
vn 0.675096 -0.417035 0.608545
vn 0.493777 -0.520404 0.696681
vn 0.418752 -0.594891 0.686114
vn -0.259439 -0.511333 0.819286
vn 0.122486 -0.656318 0.744476
vn 0.830024 -0.516551 0.210322
vn 0.714330 -0.496745 0.492927
vn 0.616852 -0.454796 0.642381
vn 0.631102 -0.426524 0.647910
vn 0.379949 -0.384158 0.841463
vn 0.862344 -0.483269 0.151043
vn 0.857025 -0.411175 -0.310553
vn 0.840596 -0.534498 -0.087806
vn 0.783303 -0.613057 0.102943
vn 0.664011 -0.571156 0.482567
vn 0.545628 -0.439081 0.713791
vn 0.797749 -0.540044 -0.268232
vn 0.801377 -0.434609 -0.410986
vn 0.867274 -0.425545 -0.258356
vn 0.000000 0.969176 0.246370
vn 0.060257 0.981698 0.180660
vn 0.073887 0.995227 0.063750
vn 0.001523 0.999801 0.019869
vn -0.072381 0.992188 0.101608
vn -0.061781 0.975485 0.211215
vn 0.018792 0.974239 0.224733
vn 0.078781 0.988756 0.127106
vn 0.048146 0.998453 0.027828
vn -0.038753 0.998252 0.044612
vn -0.079843 0.984346 0.157122
vn -0.029065 0.971937 0.233441
vn 0.054677 0.980319 0.189699
vn 0.076728 0.994377 0.072989
vn 0.009601 0.999786 0.018308
vn -0.068574 0.993474 0.091141
vn -0.066499 0.976674 0.204169
vn 0.011034 0.973420 0.228761
vn 0.076718 0.987464 0.137949
vn 0.054381 0.997977 0.032918
vn -0.031484 0.998788 0.037828
vn -0.080058 0.985945 0.146642
vn -0.036242 0.972238 0.231170
vn 0.048572 0.978977 0.198101
vn 0.078796 0.993449 0.082762
vn 0.017582 0.999686 0.017852
vn -0.064069 0.994652 0.081014
vn -0.070576 0.977989 0.196361
vn 0.003181 0.972757 0.231804
vn 0.073895 0.986124 0.148659
vn 0.089825 0.994384 0.055958
vn 0.121266 0.987829 0.097413
vn 0.175656 0.984351 -0.014057
vn 0.033504 0.999084 0.026604
vn -0.146010 0.973171 0.177816
vn -0.153117 0.953064 0.261198
vn 0.013653 0.981354 0.191723
vn 0.169822 0.984788 0.036776
vn 0.131037 0.991220 -0.017692
vn -0.060065 0.993868 0.092835
vn -0.175459 0.956676 0.232346
vn -0.091558 0.964168 0.248992
vn 0.101661 0.987519 0.120295
vn 0.179227 0.983766 -0.009009
vn 0.051342 0.998548 0.016277
vn -0.135427 0.976959 0.164954
vn -0.160801 0.952232 0.259611
vn -0.004365 0.979030 0.203667
vn 0.162691 0.985470 0.048783
vn 0.142828 0.989545 -0.020001
vn -0.042623 0.995969 0.078928
vn -0.173218 0.959141 0.223704
vn -0.105964 0.961373 0.254035
vn 0.086085 0.987130 0.134774
vn 0.181068 0.983467 -0.002642
vn 0.068623 0.997618 0.007051
vn -0.123402 0.980713 0.151570
vn -0.166970 0.951935 0.256790
vn -0.022248 0.976426 0.214701
vn 0.153935 0.986161 0.061561
vn 0.153178 0.987978 -0.020864
vn -0.001639 0.999117 0.041977
vn 0.225232 0.967949 -0.111108
vn -0.064853 0.993493 0.093628
vn -0.294119 0.897879 0.327577
vn -0.196465 0.925554 0.323654
vn 0.145820 0.987147 0.065408
vn 0.316161 0.936974 -0.148732
vn 0.136587 0.988481 -0.065186
vn -0.209617 0.951285 0.226093
vn -0.288596 0.888317 0.357219
vn -0.053348 0.971473 0.231072
vn 0.267619 0.961446 -0.063252
vn 0.276005 0.949263 -0.150733
vn -0.031911 0.997317 0.065880
vn -0.287403 0.904159 0.316065
vn -0.217603 0.916890 0.334606
vn 0.115488 0.988908 0.093398
vn 0.315559 0.938393 -0.140857
vn 0.165207 0.982563 -0.085304
vn -0.186306 0.961257 0.203165
vn -0.294799 0.886999 0.355424
vn -0.084594 0.963654 0.253408
vn 0.249581 0.967456 -0.041685
vn 0.289362 0.944501 -0.155525
vn 0.001601 0.999263 0.038351
vn -0.278056 0.911638 0.302656
vn -0.236363 0.908982 0.343342
vn 0.083760 0.989050 0.121510
vn 0.312206 0.940991 -0.130627
vn 0.191718 0.976017 -0.103131
vn -0.160512 0.970721 0.178709
vn -0.318026 0.876761 0.360763
vn -0.297050 0.903671 0.308448
vn -0.381280 0.823953 0.419198
vn -0.081807 0.969256 0.232059
vn 0.358831 0.917178 -0.173278
vn 0.371569 0.893436 -0.252405
vn -0.038743 0.997044 0.066345
vn -0.378068 0.842376 0.384016
vn -0.298606 0.874617 0.381942
vn 0.157470 0.987046 0.030713
vn 0.415890 0.872643 -0.255988
vn 0.234383 0.959530 -0.156099
vn -0.251758 0.933745 0.254438
vn -0.388030 0.820854 0.419083
vn -0.125159 0.956116 0.264909
vn 0.336488 0.930033 -0.147695
vn 0.386933 0.884513 -0.260612
vn 0.008842 0.999619 0.026136
vn -0.366934 0.853416 0.370191
vn -0.321229 0.860874 0.394598
vn 0.112786 0.991084 0.070939
vn 0.411945 0.877292 -0.246291
vn 0.268679 0.945871 -0.182043
vn -0.217501 0.950249 0.222979
vn -0.392004 0.820112 0.416832
vn -0.165741 0.941152 0.294555
vn 0.310113 0.943230 -0.118943
vn 0.399015 0.877586 -0.265763
vn 0.056365 0.998319 -0.013479
vn -0.352468 0.866365 0.353804
vn -0.340512 0.848805 0.404453
vn 0.025065 0.987682 0.154452
vn -0.319754 0.870623 0.373862
vn 0.205795 0.977485 -0.046596
vn 0.481221 0.807323 -0.341549
vn 0.276555 0.939044 -0.204238
vn -0.312417 0.901537 0.299377
vn -0.451532 0.767749 0.454621
vn -0.145225 0.956875 0.251596
vn 0.405005 0.881344 -0.243318
vn 0.448502 0.828834 -0.334484
vn -0.001044 0.999623 0.027426
vn -0.433361 0.799546 0.415841
vn -0.378360 0.825768 0.418272
vn 0.152002 0.988377 0.002338
vn 0.478051 0.812327 -0.334053
vn 0.316746 0.918546 -0.236529
vn -0.273974 0.924580 0.264746
vn -0.456068 0.765338 0.454158
vn -0.195399 0.936816 0.290164
vn 0.377623 0.900863 -0.214120
vn 0.461466 0.818576 -0.342025
vn 0.058357 0.998031 -0.023002
vn -0.418996 0.814851 0.400575
vn -0.399740 0.808950 0.431055
vn 0.094952 0.994077 0.052865
vn 0.471699 0.820237 -0.323590
vn 0.351793 0.898033 -0.264156
vn -0.230175 0.946584 0.225826
vn -0.457803 0.765856 0.451532
vn -0.240891 0.914842 0.324093
vn 0.345075 0.921028 -0.180637
vn 0.485291 0.795788 -0.362235
vn 0.466401 0.816101 -0.341246
vn 0.482403 0.787935 -0.382683
vn -0.024248 0.998938 0.039187
vn -0.479547 0.757814 0.442440
vn -0.413459 0.807709 0.420306
vn 0.194684 0.977895 -0.076291
vn 0.516655 0.759147 -0.395933
vn 0.340163 0.900964 -0.269357
vn -0.323756 0.897634 0.299057
vn -0.497680 0.728506 0.470738
vn -0.205619 0.942571 0.263211
vn 0.426193 0.855263 -0.294762
vn 0.496057 0.774648 -0.392235
vn 0.044202 0.998834 -0.019427
vn -0.466342 0.773537 0.429145
vn -0.436703 0.786773 0.436209
vn 0.131402 0.991129 -0.019924
vn 0.511564 0.766517 -0.388271
vn 0.378819 0.875094 -0.301174
vn -0.278067 0.925020 0.258874
vn -0.500101 0.727325 0.469998
vn -0.258476 0.916652 0.304860
vn 0.394882 0.880109 -0.263584
vn 0.506302 0.764654 -0.398701
vn 0.111311 0.990824 -0.076665
vn -0.449246 0.792395 0.412660
vn -0.455683 0.768816 0.448636
vn 0.064571 0.997172 0.038462
vn 0.503299 0.777207 -0.377676
vn 0.411542 0.850425 -0.327737
vn -0.178785 0.971882 0.153237
vn 0.299863 0.926190 -0.228591
vn -0.362569 0.874341 0.322603
vn -0.522194 0.710794 0.471259
vn -0.198638 0.955947 0.216121
vn 0.455488 0.815406 -0.357272
vn 0.510210 0.749110 -0.422517
vn 0.018470 0.999809 -0.006442
vn -0.496940 0.746787 0.441995
vn -0.455807 0.782787 0.423655
vn 0.168763 0.980765 -0.098080
vn 0.530820 0.729065 -0.432081
vn 0.385143 0.865837 -0.319360
vn -0.317749 0.904774 0.283582
vn -0.525342 0.707645 0.472498
vn -0.258085 0.928977 0.265318
vn 0.426807 0.841843 -0.330358
vn 0.521152 0.736733 -0.430842
vn 0.091752 0.993367 -0.069313
vn -0.481349 0.765111 0.427678
vn -0.476359 0.761673 0.439244
vn 0.098670 0.994437 -0.036859
vn 0.523927 0.738465 -0.424465
vn 0.420379 0.837557 -0.348971
vn -0.265516 0.934197 0.238280
vn -0.525807 0.707943 0.471533
vn -0.310339 0.899319 0.308084
vn 0.391955 0.870349 -0.298100
vn 0.528925 0.727894 -0.436358
vn 0.161755 0.978328 -0.129266
vn -0.461515 0.786813 0.409791
vn -0.506764 0.726456 0.464168
vn -0.521397 0.720586 0.457057
vn -0.459038 0.795968 0.394614
vn 0.200064 0.964570 -0.171986
vn 0.534121 0.709850 -0.459159
vn 0.374128 0.869821 -0.321621
vn -0.345416 0.890233 0.296939
vn -0.536407 0.706847 0.461124
vn -0.241679 0.947854 0.207761
vn 0.441398 0.813133 -0.379450
vn 0.520187 0.727623 -0.447181
vn 0.062684 0.996578 -0.053886
vn -0.498540 0.753515 0.428572
vn -0.481599 0.772438 0.414008
vn 0.131339 0.984887 -0.112906
vn 0.528316 0.717365 -0.454169
vn 0.411938 0.839585 -0.354124
vn -0.295413 0.920999 0.253953
vn -0.537653 0.705198 0.462195
vn -0.298899 0.919041 0.256950
vn 0.409685 0.841500 -0.352188
vn 0.528782 0.716768 -0.454570
vn 0.135978 0.983792 -0.116894
vn -0.480278 0.773866 0.412873
vn -0.499582 0.752313 0.429468
vn 0.057803 0.997091 -0.049691
vn 0.519518 0.728453 -0.446606
vn 0.443252 0.811378 -0.381043
vn -0.237697 0.949603 0.204337
vn -0.536233 0.707076 0.460975
vn -0.348402 0.888207 0.299505
vn 0.333449 0.900998 -0.277515
vn -0.155442 0.985040 0.074389
vn 0.439757 0.798411 -0.411283
vn 0.505123 0.736644 -0.449674
vn 0.030169 0.998920 -0.035344
vn -0.501135 0.759158 0.415383
vn -0.471324 0.799516 0.372327
vn 0.155996 0.971122 -0.180517
vn 0.518629 0.714744 -0.469217
vn 0.388137 0.854610 -0.344953
vn -0.311733 0.914696 0.257204
vn -0.535837 0.721251 0.438948
vn -0.272303 0.943314 0.189762
vn 0.410943 0.824616 -0.388759
vn 0.514768 0.724101 -0.459012
vn 0.102941 0.989853 -0.097948
vn -0.484121 0.777340 0.401707
vn -0.491383 0.777900 0.391680
vn 0.086593 0.988738 -0.122059
vn 0.510804 0.723637 -0.464142
vn 0.421619 0.825884 -0.374370
vn -0.257718 0.942848 0.211231
vn -0.535204 0.721200 0.439804
vn -0.325333 0.915314 0.237399
vn 0.376225 0.853215 -0.361220
vn 0.521306 0.715055 -0.465764
vn 0.171891 0.972465 -0.157371
vn -0.462774 0.798880 0.384229
vn -0.507107 0.759629 0.407193
vn 0.013629 0.998108 -0.059961
vn 0.499865 0.736025 -0.456510
vn 0.465700 0.775597 -0.426115
vn 0.504257 0.721428 -0.474622
vn 0.350196 0.879412 -0.322485
vn -0.311347 0.918057 0.245426
vn -0.518371 0.756126 0.399455
vn -0.233498 0.965951 0.111433
vn 0.395626 0.822939 -0.407740
vn 0.486302 0.749241 -0.449608
vn 0.068819 0.994616 -0.077476
vn -0.471409 0.798410 0.374586
vn -0.466083 0.818467 0.335974
vn 0.105523 0.977600 -0.182109
vn 0.487523 0.737649 -0.467113
vn 0.385263 0.852271 -0.353845
vn -0.262114 0.943176 0.204245
vn -0.518591 0.754305 0.402601
vn -0.287579 0.944092 0.161211
vn 0.364162 0.848038 -0.384991
vn 0.493911 0.738892 -0.458355
vn 0.134459 0.981810 -0.134053
vn -0.451267 0.816901 0.359209
vn -0.483873 0.799788 0.355254
vn 0.039450 0.991099 -0.127148
vn 0.477453 0.747507 -0.461813
vn 0.414510 0.826739 -0.380372
vn -0.206573 0.965678 0.157462
vn -0.515956 0.755840 0.403107
vn -0.335096 0.919420 0.205857
vn 0.327028 0.874825 -0.357400
vn 0.498513 0.731818 -0.464681
vn 0.195750 0.962636 -0.187118
vn -0.397611 0.866222 0.302598
vn -0.012782 0.999915 0.002538
vn -0.438060 0.837064 0.327760
vn -0.420344 0.869245 0.260238
vn 0.110013 0.968388 -0.223878
vn 0.447002 0.770921 -0.453729
vn 0.334764 0.886380 -0.319787
vn -0.247350 0.951970 0.180476
vn -0.481635 0.805645 0.344911
vn -0.238802 0.967986 0.077309
vn 0.333756 0.858426 -0.389502
vn 0.449489 0.780193 -0.435038
vn 0.098247 0.988978 -0.110766
vn -0.419009 0.851724 0.314640
vn -0.439955 0.852350 0.282734
vn 0.053656 0.982481 -0.178471
vn 0.437663 0.778150 -0.450482
vn 0.364530 0.863950 -0.347431
vn -0.198776 0.969917 0.140534
vn -0.479773 0.805560 0.347694
vn -0.284951 0.950842 0.121251
vn 0.300756 0.880278 -0.366955
vn 0.455012 0.772297 -0.443308
vn 0.153640 0.975290 -0.158758
vn -0.395855 0.868689 0.297787
vn -0.455391 0.837680 0.301514
vn -0.004879 0.991501 -0.130006
vn 0.425226 0.788236 -0.444822
vn 0.389445 0.842952 -0.371165
vn -0.145740 0.984610 0.096454
vn -0.474900 0.808458 0.347659
vn -0.351548 0.915744 0.194490
vn -0.429170 0.861832 0.270296
vn -0.185463 0.982639 -0.004813
vn 0.281866 0.884398 -0.372009
vn 0.383655 0.836256 -0.391771
vn 0.069535 0.993267 -0.092658
vn -0.359627 0.900278 0.245290
vn -0.371369 0.909182 0.188341
vn 0.052124 0.976546 -0.208906
vn 0.375315 0.827250 -0.418086
vn 0.299783 0.905610 -0.300002
vn -0.169719 0.979823 0.105555
vn -0.415603 0.869844 0.265793
vn -0.225513 0.973671 0.033289
vn 0.253435 0.900143 -0.354278
vn 0.389653 0.828760 -0.401655
vn 0.115010 0.984559 -0.131967
vn -0.338517 0.911980 0.231730
vn -0.387331 0.898020 0.208651
vn 0.005656 0.985146 -0.171628
vn 0.363838 0.834144 -0.414518
vn 0.323517 0.889202 -0.323506
vn -0.126561 0.989419 0.070941
vn -0.411381 0.871184 0.267962
vn -0.261997 0.962582 0.069237
vn 0.221413 0.916472 -0.333250
vn 0.392733 0.823547 -0.409306
vn 0.158032 0.972741 -0.169708
vn -0.313753 0.924898 0.214761
vn -0.399677 0.888398 0.225849
vn -0.041545 0.990313 -0.132489
vn 0.322458 0.862603 -0.389792
vn 0.067455 0.966457 -0.247814
vn 0.283203 0.889996 -0.357356
vn 0.223504 0.944633 -0.240238
vn -0.116777 0.991857 0.050819
vn -0.315074 0.936717 0.152611
vn -0.164781 0.985196 -0.047294
vn 0.181319 0.931532 -0.315234
vn 0.297124 0.894475 -0.334113
vn 0.085936 0.990012 -0.111764
vn -0.248024 0.958989 0.137202
vn -0.291242 0.951967 0.094533
vn -0.000575 0.981744 -0.190204
vn 0.272986 0.893745 -0.355947
vn 0.242418 0.934601 -0.260298
vn -0.085326 0.995977 0.027366
vn -0.311178 0.937373 0.156526
vn -0.191924 0.981198 -0.020411
vn 0.156407 0.940861 -0.300528
vn 0.299599 0.890464 -0.342513
vn 0.116858 0.983381 -0.138947
vn -0.227657 0.965601 0.125643
vn -0.301701 0.946972 0.110544
vn -0.033693 0.985937 -0.163686
vn 0.260344 0.898853 -0.352539
vn 0.258603 0.924963 -0.278509
vn -0.052681 0.998609 0.002279
vn -0.304591 0.939285 0.158012
vn -0.216724 0.976218 0.005315
vn 0.129396 0.950185 -0.283556
vn 0.299576 0.887930 -0.349048
vn 0.164701 0.967566 -0.191545
vn 0.196640 0.948647 -0.247793
vn 0.071148 0.992227 -0.102096
vn -0.122557 0.992342 0.015396
vn -0.173594 0.984379 -0.029368
vn -0.025466 0.982701 -0.183439
vn 0.147272 0.953886 -0.261558
vn 0.152138 0.970714 -0.185926
vn -0.021581 0.999191 -0.033931
vn -0.172383 0.984890 0.016632
vn -0.125110 0.987450 -0.096384
vn 0.065584 0.969079 -0.237875
vn 0.175514 0.953665 -0.244373
vn 0.087321 0.989371 -0.116274
vn -0.108608 0.994027 0.010730
vn -0.177916 0.983864 -0.018896
vn -0.043274 0.984450 -0.170254
vn 0.137204 0.955525 -0.261051
vn 0.160169 0.967092 -0.197685
vn -0.003260 0.998944 -0.045821
vn -0.166015 0.985932 0.019396
vn -0.137603 0.987066 -0.082260
vn 0.048863 0.972067 -0.229562
vn 0.173362 0.952555 -0.250171
vn 0.102496 0.986148 -0.130408
vn -0.093521 0.995606 0.004690
vn -0.180501 0.983529 -0.009485
vn -0.060690 0.985811 -0.156505
vn 0.125790 0.957581 -0.259259
vn 0.166590 0.963696 -0.208655
vn 0.015077 0.998175 -0.058475
vn -0.125014 0.992142 -0.005009
vn 0.064931 0.997199 -0.037119
vn -0.043781 0.998728 -0.025029
vn -0.079711 0.989573 -0.119965
vn -0.023799 0.974855 -0.221567
vn 0.058357 0.974781 -0.215398
vn 0.074482 0.991290 -0.108616
vn 0.003795 0.999762 -0.021488
vn -0.071614 0.995743 -0.058020
vn -0.063608 0.982615 -0.174417
vn 0.016593 0.971865 -0.234953
vn 0.077751 0.981720 -0.173724
vn 0.049886 0.997090 -0.057639
vn -0.036775 0.999090 -0.021627
vn -0.080468 0.990764 -0.109143
vn -0.031235 0.975897 -0.215983
vn 0.052684 0.973839 -0.221047
vn 0.077054 0.989851 -0.119406
vn 0.011853 0.999621 -0.024841
vn -0.067559 0.996468 -0.049875
vn -0.068194 0.984015 -0.164512
vn 0.008827 0.972078 -0.234493
vn 0.075469 0.980188 -0.183130
vn 0.055944 0.996220 -0.066446
vn -0.029396 0.999382 -0.019296
vn -0.080421 0.991884 -0.098482
vn -0.038381 0.977050 -0.209523
vn 0.046508 0.973066 -0.225785
vn 0.078849 0.988342 -0.130246
vn 0.019788 0.999377 -0.029231
vn -0.062821 0.997119 -0.042504
vn 0.000000 0.993491 -0.113913
f 1/1/1 2/2/2 44/44/44
f 2/2/2 45/45/45 44/44/44
f 2/2/2 3/3/3 45/45/45
f 3/3/3 46/46/46 45/45/45
f 3/3/3 4/4/4 46/46/46
f 4/4/4 47/47/47 46/46/46
f 4/4/4 5/5/5 47/47/47
f 5/5/5 48/48/48 47/47/47
f 5/5/5 6/6/6 48/48/48
f 6/6/6 49/49/49 48/48/48
f 6/6/6 7/7/7 49/49/49
f 7/7/7 50/50/50 49/49/49
f 7/7/7 8/8/8 50/50/50
f 8/8/8 51/51/51 50/50/50
f 8/8/8 9/9/9 51/51/51
f 9/9/9 52/52/52 51/51/51
f 9/9/9 10/10/10 52/52/52
f 10/10/10 53/53/53 52/52/52
f 10/10/10 11/11/11 53/53/53
f 11/11/11 54/54/54 53/53/53
f 11/11/11 12/12/12 54/54/54
f 12/12/12 55/55/55 54/54/54
f 12/12/12 13/13/13 55/55/55
f 13/13/13 56/56/56 55/55/55
f 13/13/13 14/14/14 56/56/56
f 14/14/14 57/57/57 56/56/56
f 14/14/14 15/15/15 57/57/57
f 15/15/15 58/58/58 57/57/57
f 15/15/15 16/16/16 58/58/58
f 16/16/16 59/59/59 58/58/58
f 16/16/16 17/17/17 59/59/59
f 17/17/17 60/60/60 59/59/59
f 17/17/17 18/18/18 60/60/60
f 18/18/18 61/61/61 60/60/60
f 18/18/18 19/19/19 61/61/61
f 19/19/19 62/62/62 61/61/61
f 19/19/19 20/20/20 62/62/62
f 20/20/20 63/63/63 62/62/62
f 20/20/20 21/21/21 63/63/63
f 21/21/21 64/64/64 63/63/63
f 21/21/21 22/22/22 64/64/64
f 22/22/22 65/65/65 64/64/64
f 22/22/22 23/23/23 65/65/65
f 23/23/23 66/66/66 65/65/65
f 23/23/23 24/24/24 66/66/66
f 24/24/24 67/67/67 66/66/66
f 24/24/24 25/25/25 67/67/67
f 25/25/25 68/68/68 67/67/67
f 25/25/25 26/26/26 68/68/68
f 26/26/26 69/69/69 68/68/68
f 26/26/26 27/27/27 69/69/69
f 27/27/27 70/70/70 69/69/69
f 27/27/27 28/28/28 70/70/70
f 28/28/28 71/71/71 70/70/70
f 28/28/28 29/29/29 71/71/71
f 29/29/29 72/72/72 71/71/71
f 29/29/29 30/30/30 72/72/72
f 30/30/30 73/73/73 72/72/72
f 30/30/30 31/31/31 73/73/73
f 31/31/31 74/74/74 73/73/73
f 31/31/31 32/32/32 74/74/74
f 32/32/32 75/75/75 74/74/74
f 32/32/32 33/33/33 75/75/75
f 33/33/33 76/76/76 75/75/75
f 33/33/33 34/34/34 76/76/76
f 34/34/34 77/77/77 76/76/76
f 34/34/34 35/35/35 77/77/77
f 35/35/35 78/78/78 77/77/77
f 35/35/35 36/36/36 78/78/78
f 36/36/36 79/79/79 78/78/78
f 36/36/36 37/37/37 79/79/79
f 37/37/37 80/80/80 79/79/79
f 37/37/37 38/38/38 80/80/80
f 38/38/38 81/81/81 80/80/80
f 38/38/38 39/39/39 81/81/81
f 39/39/39 82/82/82 81/81/81
f 39/39/39 40/40/40 82/82/82
f 40/40/40 83/83/83 82/82/82
f 40/40/40 41/41/41 83/83/83
f 41/41/41 84/84/84 83/83/83
f 41/41/41 42/42/42 84/84/84
f 42/42/42 85/85/85 84/84/84
f 42/42/42 43/43/43 85/85/85
f 43/43/43 86/86/86 85/85/85
f 44/44/44 45/45/45 87/87/87
f 45/45/45 88/88/88 87/87/87
f 45/45/45 46/46/46 88/88/88
f 46/46/46 89/89/89 88/88/88
f 46/46/46 47/47/47 89/89/89
f 47/47/47 90/90/90 89/89/89
f 47/47/47 48/48/48 90/90/90
f 48/48/48 91/91/91 90/90/90
f 48/48/48 49/49/49 91/91/91
f 49/49/49 92/92/92 91/91/91
f 49/49/49 50/50/50 92/92/92
f 50/50/50 93/93/93 92/92/92
f 50/50/50 51/51/51 93/93/93
f 51/51/51 94/94/94 93/93/93
f 51/51/51 52/52/52 94/94/94
f 52/52/52 95/95/95 94/94/94
f 52/52/52 53/53/53 95/95/95
f 53/53/53 96/96/96 95/95/95
f 53/53/53 54/54/54 96/96/96
f 54/54/54 97/97/97 96/96/96
f 54/54/54 55/55/55 97/97/97
f 55/55/55 98/98/98 97/97/97
f 55/55/55 56/56/56 98/98/98
f 56/56/56 99/99/99 98/98/98
f 56/56/56 57/57/57 99/99/99
f 57/57/57 100/100/100 99/99/99
f 57/57/57 58/58/58 100/100/100
f 58/58/58 101/101/101 100/100/100
f 58/58/58 59/59/59 101/101/101
f 59/59/59 102/102/102 101/101/101
f 59/59/59 60/60/60 102/102/102
f 60/60/60 103/103/103 102/102/102
f 60/60/60 61/61/61 103/103/103
f 61/61/61 104/104/104 103/103/103
f 61/61/61 62/62/62 104/104/104
f 62/62/62 105/105/105 104/104/104
f 62/62/62 63/63/63 105/105/105
f 63/63/63 106/106/106 105/105/105
f 63/63/63 64/64/64 106/106/106
f 64/64/64 107/107/107 106/106/106
f 64/64/64 65/65/65 107/107/107
f 65/65/65 108/108/108 107/107/107
f 65/65/65 66/66/66 108/108/108
f 66/66/66 109/109/109 108/108/108
f 66/66/66 67/67/67 109/109/109
f 67/67/67 110/110/110 109/109/109
f 67/67/67 68/68/68 110/110/110
f 68/68/68 111/111/111 110/110/110
f 68/68/68 69/69/69 111/111/111
f 69/69/69 112/112/112 111/111/111
f 69/69/69 70/70/70 112/112/112
f 70/70/70 113/113/113 112/112/112
f 70/70/70 71/71/71 113/113/113
f 71/71/71 114/114/114 113/113/113
f 71/71/71 72/72/72 114/114/114
f 72/72/72 115/115/115 114/114/114
f 72/72/72 73/73/73 115/115/115
f 73/73/73 116/116/116 115/115/115
f 73/73/73 74/74/74 116/116/116
f 74/74/74 117/117/117 116/116/116
f 74/74/74 75/75/75 117/117/117
f 75/75/75 118/118/118 117/117/117
f 75/75/75 76/76/76 118/118/118
f 76/76/76 119/119/119 118/118/118
f 76/76/76 77/77/77 119/119/119
f 77/77/77 120/120/120 119/119/119
f 77/77/77 78/78/78 120/120/120
f 78/78/78 121/121/121 120/120/120
f 78/78/78 79/79/79 121/121/121
f 79/79/79 122/122/122 121/121/121
f 79/79/79 80/80/80 122/122/122
f 80/80/80 123/123/123 122/122/122
f 80/80/80 81/81/81 123/123/123
f 81/81/81 124/124/124 123/123/123
f 81/81/81 82/82/82 124/124/124
f 82/82/82 125/125/125 124/124/124
f 82/82/82 83/83/83 125/125/125
f 83/83/83 126/126/126 125/125/125
f 83/83/83 84/84/84 126/126/126
f 84/84/84 127/127/127 126/126/126
f 84/84/84 85/85/85 127/127/127
f 85/85/85 128/128/128 127/127/127
f 85/85/85 86/86/86 128/128/128
f 86/86/86 129/129/129 128/128/128
f 87/87/87 88/88/88 130/130/130
f 88/88/88 131/131/131 130/130/130
f 88/88/88 89/89/89 131/131/131
f 89/89/89 132/132/132 131/131/131
f 89/89/89 90/90/90 132/132/132
f 90/90/90 133/133/133 132/132/132
f 90/90/90 91/91/91 133/133/133
f 91/91/91 134/134/134 133/133/133
f 91/91/91 92/92/92 134/134/134
f 92/92/92 135/135/135 134/134/134
f 92/92/92 93/93/93 135/135/135
f 93/93/93 136/136/136 135/135/135
f 93/93/93 94/94/94 136/136/136
f 94/94/94 137/137/137 136/136/136
f 94/94/94 95/95/95 137/137/137
f 95/95/95 138/138/138 137/137/137
f 95/95/95 96/96/96 138/138/138
f 96/96/96 139/139/139 138/138/138
f 96/96/96 97/97/97 139/139/139
f 97/97/97 140/140/140 139/139/139
f 97/97/97 98/98/98 140/140/140
f 98/98/98 141/141/141 140/140/140
f 98/98/98 99/99/99 141/141/141
f 99/99/99 142/142/142 141/141/141
f 99/99/99 100/100/100 142/142/142
f 100/100/100 143/143/143 142/142/142
f 100/100/100 101/101/101 143/143/143
f 101/101/101 144/144/144 143/143/143
f 101/101/101 102/102/102 144/144/144
f 102/102/102 145/145/145 144/144/144
f 102/102/102 103/103/103 145/145/145
f 103/103/103 146/146/146 145/145/145
f 103/103/103 104/104/104 146/146/146
f 104/104/104 147/147/147 146/146/146
f 104/104/104 105/105/105 147/147/147
f 105/105/105 148/148/148 147/147/147
f 105/105/105 106/106/106 148/148/148
f 106/106/106 149/149/149 148/148/148
f 106/106/106 107/107/107 149/149/149
f 107/107/107 150/150/150 149/149/149
f 107/107/107 108/108/108 150/150/150
f 108/108/108 151/151/151 150/150/150
f 108/108/108 109/109/109 151/151/151
f 109/109/109 152/152/152 151/151/151
f 109/109/109 110/110/110 152/152/152
f 110/110/110 153/153/153 152/152/152
f 110/110/110 111/111/111 153/153/153
f 111/111/111 154/154/154 153/153/153
f 111/111/111 112/112/112 154/154/154
f 112/112/112 155/155/155 154/154/154
f 112/112/112 113/113/113 155/155/155
f 113/113/113 156/156/156 155/155/155
f 113/113/113 114/114/114 156/156/156
f 114/114/114 157/157/157 156/156/156
f 114/114/114 115/115/115 157/157/157
f 115/115/115 158/158/158 157/157/157
f 115/115/115 116/116/116 158/158/158
f 116/116/116 159/159/159 158/158/158
f 116/116/116 117/117/117 159/159/159
f 117/117/117 160/160/160 159/159/159
f 117/117/117 118/118/118 160/160/160
f 118/118/118 161/161/161 160/160/160
f 118/118/118 119/119/119 161/161/161
f 119/119/119 162/162/162 161/161/161
f 119/119/119 120/120/120 162/162/162
f 120/120/120 163/163/163 162/162/162
f 120/120/120 121/121/121 163/163/163
f 121/121/121 164/164/164 163/163/163
f 121/121/121 122/122/122 164/164/164
f 122/122/122 165/165/165 164/164/164
f 122/122/122 123/123/123 165/165/165
f 123/123/123 166/166/166 165/165/165
f 123/123/123 124/124/124 166/166/166
f 124/124/124 167/167/167 166/166/166
f 124/124/124 125/125/125 167/167/167
f 125/125/125 168/168/168 167/167/167
f 125/125/125 126/126/126 168/168/168
f 126/126/126 169/169/169 168/168/168
f 126/126/126 127/127/127 169/169/169
f 127/127/127 170/170/170 169/169/169
f 127/127/127 128/128/128 170/170/170
f 128/128/128 171/171/171 170/170/170
f 128/128/128 129/129/129 171/171/171
f 129/129/129 172/172/172 171/171/171
f 130/130/130 131/131/131 173/173/173
f 131/131/131 174/174/174 173/173/173
f 131/131/131 132/132/132 174/174/174
f 132/132/132 175/175/175 174/174/174
f 132/132/132 133/133/133 175/175/175
f 133/133/133 176/176/176 175/175/175
f 133/133/133 134/134/134 176/176/176
f 134/134/134 177/177/177 176/176/176
f 134/134/134 135/135/135 177/177/177
f 135/135/135 178/178/178 177/177/177
f 135/135/135 136/136/136 178/178/178
f 136/136/136 179/179/179 178/178/178
f 136/136/136 137/137/137 179/179/179
f 137/137/137 180/180/180 179/179/179
f 137/137/137 138/138/138 180/180/180
f 138/138/138 181/181/181 180/180/180
f 138/138/138 139/139/139 181/181/181
f 139/139/139 182/182/182 181/181/181
f 139/139/139 140/140/140 182/182/182
f 140/140/140 183/183/183 182/182/182
f 140/140/140 141/141/141 183/183/183
f 141/141/141 184/184/184 183/183/183
f 141/141/141 142/142/142 184/184/184
f 142/142/142 185/185/185 184/184/184
f 142/142/142 143/143/143 185/185/185
f 143/143/143 186/186/186 185/185/185
f 143/143/143 144/144/144 186/186/186
f 144/144/144 187/187/187 186/186/186
f 144/144/144 145/145/145 187/187/187
f 145/145/145 188/188/188 187/187/187
f 145/145/145 146/146/146 188/188/188
f 146/146/146 189/189/189 188/188/188
f 146/146/146 147/147/147 189/189/189
f 147/147/147 190/190/190 189/189/189
f 147/147/147 148/148/148 190/190/190
f 148/148/148 191/191/191 190/190/190
f 148/148/148 149/149/149 191/191/191
f 149/149/149 192/192/192 191/191/191
f 149/149/149 150/150/150 192/192/192
f 150/150/150 193/193/193 192/192/192
f 150/150/150 151/151/151 193/193/193
f 151/151/151 194/194/194 193/193/193
f 151/151/151 152/152/152 194/194/194
f 152/152/152 195/195/195 194/194/194
f 152/152/152 153/153/153 195/195/195
f 153/153/153 196/196/196 195/195/195
f 153/153/153 154/154/154 196/196/196
f 154/154/154 197/197/197 196/196/196
f 154/154/154 155/155/155 197/197/197
f 155/155/155 198/198/198 197/197/197
f 155/155/155 156/156/156 198/198/198
f 156/156/156 199/199/199 198/198/198
f 156/156/156 157/157/157 199/199/199
f 157/157/157 200/200/200 199/199/199
f 157/157/157 158/158/158 200/200/200
f 158/158/158 201/201/201 200/200/200
f 158/158/158 159/159/159 201/201/201
f 159/159/159 202/202/202 201/201/201
f 159/159/159 160/160/160 202/202/202
f 160/160/160 203/203/203 202/202/202
f 160/160/160 161/161/161 203/203/203
f 161/161/161 204/204/204 203/203/203
f 161/161/161 162/162/162 204/204/204
f 162/162/162 205/205/205 204/204/204
f 162/162/162 163/163/163 205/205/205
f 163/163/163 206/206/206 205/205/205
f 163/163/163 164/164/164 206/206/206
f 164/164/164 207/207/207 206/206/206
f 164/164/164 165/165/165 207/207/207
f 165/165/165 208/208/208 207/207/207
f 165/165/165 166/166/166 208/208/208
f 166/166/166 209/209/209 208/208/208
f 166/166/166 167/167/167 209/209/209
f 167/167/167 210/210/210 209/209/209
f 167/167/167 168/168/168 210/210/210
f 168/168/168 211/211/211 210/210/210
f 168/168/168 169/169/169 211/211/211
f 169/169/169 212/212/212 211/211/211
f 169/169/169 170/170/170 212/212/212
f 170/170/170 213/213/213 212/212/212
f 170/170/170 171/171/171 213/213/213
f 171/171/171 214/214/214 213/213/213
f 171/171/171 172/172/172 214/214/214
f 172/172/172 215/215/215 214/214/214
f 173/173/173 174/174/174 216/216/216
f 174/174/174 217/217/217 216/216/216
f 174/174/174 175/175/175 217/217/217
f 175/175/175 218/218/218 217/217/217
f 175/175/175 176/176/176 218/218/218
f 176/176/176 219/219/219 218/218/218
f 176/176/176 177/177/177 219/219/219
f 177/177/177 220/220/220 219/219/219
f 177/177/177 178/178/178 220/220/220
f 178/178/178 221/221/221 220/220/220
f 178/178/178 179/179/179 221/221/221
f 179/179/179 222/222/222 221/221/221
f 179/179/179 180/180/180 222/222/222
f 180/180/180 223/223/223 222/222/222
f 180/180/180 181/181/181 223/223/223
f 181/181/181 224/224/224 223/223/223
f 181/181/181 182/182/182 224/224/224
f 182/182/182 225/225/225 224/224/224
f 182/182/182 183/183/183 225/225/225
f 183/183/183 226/226/226 225/225/225
f 183/183/183 184/184/184 226/226/226
f 184/184/184 227/227/227 226/226/226
f 184/184/184 185/185/185 227/227/227
f 185/185/185 228/228/228 227/227/227
f 185/185/185 186/186/186 228/228/228
f 186/186/186 229/229/229 228/228/228
f 186/186/186 187/187/187 229/229/229
f 187/187/187 230/230/230 229/229/229
f 187/187/187 188/188/188 230/230/230
f 188/188/188 231/231/231 230/230/230
f 188/188/188 189/189/189 231/231/231
f 189/189/189 232/232/232 231/231/231
f 189/189/189 190/190/190 232/232/232
f 190/190/190 233/233/233 232/232/232
f 190/190/190 191/191/191 233/233/233
f 191/191/191 234/234/234 233/233/233
f 191/191/191 192/192/192 234/234/234
f 192/192/192 235/235/235 234/234/234
f 192/192/192 193/193/193 235/235/235
f 193/193/193 236/236/236 235/235/235
f 193/193/193 194/194/194 236/236/236
f 194/194/194 237/237/237 236/236/236
f 194/194/194 195/195/195 237/237/237
f 195/195/195 238/238/238 237/237/237
f 195/195/195 196/196/196 238/238/238
f 196/196/196 239/239/239 238/238/238
f 196/196/196 197/197/197 239/239/239
f 197/197/197 240/240/240 239/239/239
f 197/197/197 198/198/198 240/240/240
f 198/198/198 241/241/241 240/240/240
f 198/198/198 199/199/199 241/241/241
f 199/199/199 242/242/242 241/241/241
f 199/199/199 200/200/200 242/242/242
f 200/200/200 243/243/243 242/242/242
f 200/200/200 201/201/201 243/243/243
f 201/201/201 244/244/244 243/243/243
f 201/201/201 202/202/202 244/244/244
f 202/202/202 245/245/245 244/244/244
f 202/202/202 203/203/203 245/245/245
f 203/203/203 246/246/246 245/245/245
f 203/203/203 204/204/204 246/246/246
f 204/204/204 247/247/247 246/246/246
f 204/204/204 205/205/205 247/247/247
f 205/205/205 248/248/248 247/247/247
f 205/205/205 206/206/206 248/248/248
f 206/206/206 249/249/249 248/248/248
f 206/206/206 207/207/207 249/249/249
f 207/207/207 250/250/250 249/249/249
f 207/207/207 208/208/208 250/250/250
f 208/208/208 251/251/251 250/250/250
f 208/208/208 209/209/209 251/251/251
f 209/209/209 252/252/252 251/251/251
f 209/209/209 210/210/210 252/252/252
f 210/210/210 253/253/253 252/252/252
f 210/210/210 211/211/211 253/253/253
f 211/211/211 254/254/254 253/253/253
f 211/211/211 212/212/212 254/254/254
f 212/212/212 255/255/255 254/254/254
f 212/212/212 213/213/213 255/255/255
f 213/213/213 256/256/256 255/255/255
f 213/213/213 214/214/214 256/256/256
f 214/214/214 257/257/257 256/256/256
f 214/214/214 215/215/215 257/257/257
f 215/215/215 258/258/258 257/257/257
f 216/216/216 217/217/217 259/259/259
f 217/217/217 260/260/260 259/259/259
f 217/217/217 218/218/218 260/260/260
f 218/218/218 261/261/261 260/260/260
f 218/218/218 219/219/219 261/261/261
f 219/219/219 262/262/262 261/261/261
f 219/219/219 220/220/220 262/262/262
f 220/220/220 263/263/263 262/262/262
f 220/220/220 221/221/221 263/263/263
f 221/221/221 264/264/264 263/263/263
f 221/221/221 222/222/222 264/264/264
f 222/222/222 265/265/265 264/264/264
f 222/222/222 223/223/223 265/265/265
f 223/223/223 266/266/266 265/265/265
f 223/223/223 224/224/224 266/266/266
f 224/224/224 267/267/267 266/266/266
f 224/224/224 225/225/225 267/267/267
f 225/225/225 268/268/268 267/267/267
f 225/225/225 226/226/226 268/268/268
f 226/226/226 269/269/269 268/268/268
f 226/226/226 227/227/227 269/269/269
f 227/227/227 270/270/270 269/269/269
f 227/227/227 228/228/228 270/270/270
f 228/228/228 271/271/271 270/270/270
f 228/228/228 229/229/229 271/271/271
f 229/229/229 272/272/272 271/271/271
f 229/229/229 230/230/230 272/272/272
f 230/230/230 273/273/273 272/272/272
f 230/230/230 231/231/231 273/273/273
f 231/231/231 274/274/274 273/273/273
f 231/231/231 232/232/232 274/274/274
f 232/232/232 275/275/275 274/274/274
f 232/232/232 233/233/233 275/275/275
f 233/233/233 276/276/276 275/275/275
f 233/233/233 234/234/234 276/276/276
f 234/234/234 277/277/277 276/276/276
f 234/234/234 235/235/235 277/277/277
f 235/235/235 278/278/278 277/277/277
f 235/235/235 236/236/236 278/278/278
f 236/236/236 279/279/279 278/278/278
f 236/236/236 237/237/237 279/279/279
f 237/237/237 280/280/280 279/279/279
f 237/237/237 238/238/238 280/280/280
f 238/238/238 281/281/281 280/280/280
f 238/238/238 239/239/239 281/281/281
f 239/239/239 282/282/282 281/281/281
f 239/239/239 240/240/240 282/282/282
f 240/240/240 283/283/283 282/282/282
f 240/240/240 241/241/241 283/283/283
f 241/241/241 284/284/284 283/283/283
f 241/241/241 242/242/242 284/284/284
f 242/242/242 285/285/285 284/284/284
f 242/242/242 243/243/243 285/285/285
f 243/243/243 286/286/286 285/285/285
f 243/243/243 244/244/244 286/286/286
f 244/244/244 287/287/287 286/286/286
f 244/244/244 245/245/245 287/287/287
f 245/245/245 288/288/288 287/287/287
f 245/245/245 246/246/246 288/288/288
f 246/246/246 289/289/289 288/288/288
f 246/246/246 247/247/247 289/289/289
f 247/247/247 290/290/290 289/289/289
f 247/247/247 248/248/248 290/290/290
f 248/248/248 291/291/291 290/290/290
f 248/248/248 249/249/249 291/291/291
f 249/249/249 292/292/292 291/291/291
f 249/249/249 250/250/250 292/292/292
f 250/250/250 293/293/293 292/292/292
f 250/250/250 251/251/251 293/293/293
f 251/251/251 294/294/294 293/293/293
f 251/251/251 252/252/252 294/294/294
f 252/252/252 295/295/295 294/294/294
f 252/252/252 253/253/253 295/295/295
f 253/253/253 296/296/296 295/295/295
f 253/253/253 254/254/254 296/296/296
f 254/254/254 297/297/297 296/296/296
f 254/254/254 255/255/255 297/297/297
f 255/255/255 298/298/298 297/297/297
f 255/255/255 256/256/256 298/298/298
f 256/256/256 299/299/299 298/298/298
f 256/256/256 257/257/257 299/299/299
f 257/257/257 300/300/300 299/299/299
f 257/257/257 258/258/258 300/300/300
f 258/258/258 301/301/301 300/300/300
f 259/259/259 260/260/260 302/302/302
f 260/260/260 303/303/303 302/302/302
f 260/260/260 261/261/261 303/303/303
f 261/261/261 304/304/304 303/303/303
f 261/261/261 262/262/262 304/304/304
f 262/262/262 305/305/305 304/304/304
f 262/262/262 263/263/263 305/305/305
f 263/263/263 306/306/306 305/305/305
f 263/263/263 264/264/264 306/306/306
f 264/264/264 307/307/307 306/306/306
f 264/264/264 265/265/265 307/307/307
f 265/265/265 308/308/308 307/307/307
f 265/265/265 266/266/266 308/308/308
f 266/266/266 309/309/309 308/308/308
f 266/266/266 267/267/267 309/309/309
f 267/267/267 310/310/310 309/309/309
f 267/267/267 268/268/268 310/310/310
f 268/268/268 311/311/311 310/310/310
f 268/268/268 269/269/269 311/311/311
f 269/269/269 312/312/312 311/311/311
f 269/269/269 270/270/270 312/312/312
f 270/270/270 313/313/313 312/312/312
f 270/270/270 271/271/271 313/313/313
f 271/271/271 314/314/314 313/313/313
f 271/271/271 272/272/272 314/314/314
f 272/272/272 315/315/315 314/314/314
f 272/272/272 273/273/273 315/315/315
f 273/273/273 316/316/316 315/315/315
f 273/273/273 274/274/274 316/316/316
f 274/274/274 317/317/317 316/316/316
f 274/274/274 275/275/275 317/317/317
f 275/275/275 318/318/318 317/317/317
f 275/275/275 276/276/276 318/318/318
f 276/276/276 319/319/319 318/318/318
f 276/276/276 277/277/277 319/319/319
f 277/277/277 320/320/320 319/319/319
f 277/277/277 278/278/278 320/320/320
f 278/278/278 321/321/321 320/320/320
f 278/278/278 279/279/279 321/321/321
f 279/279/279 322/322/322 321/321/321
f 279/279/279 280/280/280 322/322/322
f 280/280/280 323/323/323 322/322/322
f 280/280/280 281/281/281 323/323/323
f 281/281/281 324/324/324 323/323/323
f 281/281/281 282/282/282 324/324/324
f 282/282/282 325/325/325 324/324/324
f 282/282/282 283/283/283 325/325/325
f 283/283/283 326/326/326 325/325/325
f 283/283/283 284/284/284 326/326/326
f 284/284/284 327/327/327 326/326/326
f 284/284/284 285/285/285 327/327/327
f 285/285/285 328/328/328 327/327/327
f 285/285/285 286/286/286 328/328/328
f 286/286/286 329/329/329 328/328/328
f 286/286/286 287/287/287 329/329/329
f 287/287/287 330/330/330 329/329/329
f 287/287/287 288/288/288 330/330/330
f 288/288/288 331/331/331 330/330/330
f 288/288/288 289/289/289 331/331/331
f 289/289/289 332/332/332 331/331/331
f 289/289/289 290/290/290 332/332/332
f 290/290/290 333/333/333 332/332/332
f 290/290/290 291/291/291 333/333/333
f 291/291/291 334/334/334 333/333/333
f 291/291/291 292/292/292 334/334/334
f 292/292/292 335/335/335 334/334/334
f 292/292/292 293/293/293 335/335/335
f 293/293/293 336/336/336 335/335/335
f 293/293/293 294/294/294 336/336/336
f 294/294/294 337/337/337 336/336/336
f 294/294/294 295/295/295 337/337/337
f 295/295/295 338/338/338 337/337/337
f 295/295/295 296/296/296 338/338/338
f 296/296/296 339/339/339 338/338/338
f 296/296/296 297/297/297 339/339/339
f 297/297/297 340/340/340 339/339/339
f 297/297/297 298/298/298 340/340/340
f 298/298/298 341/341/341 340/340/340
f 298/298/298 299/299/299 341/341/341
f 299/299/299 342/342/342 341/341/341
f 299/299/299 300/300/300 342/342/342
f 300/300/300 343/343/343 342/342/342
f 300/300/300 301/301/301 343/343/343
f 301/301/301 344/344/344 343/343/343
f 302/302/302 303/303/303 345/345/345
f 303/303/303 346/346/346 345/345/345
f 303/303/303 304/304/304 346/346/346
f 304/304/304 347/347/347 346/346/346
f 304/304/304 305/305/305 347/347/347
f 305/305/305 348/348/348 347/347/347
f 305/305/305 306/306/306 348/348/348
f 306/306/306 349/349/349 348/348/348
f 306/306/306 307/307/307 349/349/349
f 307/307/307 350/350/350 349/349/349
f 307/307/307 308/308/308 350/350/350
f 308/308/308 351/351/351 350/350/350
f 308/308/308 309/309/309 351/351/351
f 309/309/309 352/352/352 351/351/351
f 309/309/309 310/310/310 352/352/352
f 310/310/310 353/353/353 352/352/352
f 310/310/310 311/311/311 353/353/353
f 311/311/311 354/354/354 353/353/353
f 311/311/311 312/312/312 354/354/354
f 312/312/312 355/355/355 354/354/354
f 312/312/312 313/313/313 355/355/355
f 313/313/313 356/356/356 355/355/355
f 313/313/313 314/314/314 356/356/356
f 314/314/314 357/357/357 356/356/356
f 314/314/314 315/315/315 357/357/357
f 315/315/315 358/358/358 357/357/357
f 315/315/315 316/316/316 358/358/358
f 316/316/316 359/359/359 358/358/358
f 316/316/316 317/317/317 359/359/359
f 317/317/317 360/360/360 359/359/359
f 317/317/317 318/318/318 360/360/360
f 318/318/318 361/361/361 360/360/360
f 318/318/318 319/319/319 361/361/361
f 319/319/319 362/362/362 361/361/361
f 319/319/319 320/320/320 362/362/362
f 320/320/320 363/363/363 362/362/362
f 320/320/320 321/321/321 363/363/363
f 321/321/321 364/364/364 363/363/363
f 321/321/321 322/322/322 364/364/364
f 322/322/322 365/365/365 364/364/364
f 322/322/322 323/323/323 365/365/365
f 323/323/323 366/366/366 365/365/365
f 323/323/323 324/324/324 366/366/366
f 324/324/324 367/367/367 366/366/366
f 324/324/324 325/325/325 367/367/367
f 325/325/325 368/368/368 367/367/367
f 325/325/325 326/326/326 368/368/368
f 326/326/326 369/369/369 368/368/368
f 326/326/326 327/327/327 369/369/369
f 327/327/327 370/370/370 369/369/369
f 327/327/327 328/328/328 370/370/370
f 328/328/328 371/371/371 370/370/370
f 328/328/328 329/329/329 371/371/371
f 329/329/329 372/372/372 371/371/371
f 329/329/329 330/330/330 372/372/372
f 330/330/330 373/373/373 372/372/372
f 330/330/330 331/331/331 373/373/373
f 331/331/331 374/374/374 373/373/373
f 331/331/331 332/332/332 374/374/374
f 332/332/332 375/375/375 374/374/374
f 332/332/332 333/333/333 375/375/375
f 333/333/333 376/376/376 375/375/375
f 333/333/333 334/334/334 376/376/376
f 334/334/334 377/377/377 376/376/376
f 334/334/334 335/335/335 377/377/377
f 335/335/335 378/378/378 377/377/377
f 335/335/335 336/336/336 378/378/378
f 336/336/336 379/379/379 378/378/378
f 336/336/336 337/337/337 379/379/379
f 337/337/337 380/380/380 379/379/379
f 337/337/337 338/338/338 380/380/380
f 338/338/338 381/381/381 380/380/380
f 338/338/338 339/339/339 381/381/381
f 339/339/339 382/382/382 381/381/381
f 339/339/339 340/340/340 382/382/382
f 340/340/340 383/383/383 382/382/382
f 340/340/340 341/341/341 383/383/383
f 341/341/341 384/384/384 383/383/383
f 341/341/341 342/342/342 384/384/384
f 342/342/342 385/385/385 384/384/384
f 342/342/342 343/343/343 385/385/385
f 343/343/343 386/386/386 385/385/385
f 343/343/343 344/344/344 386/386/386
f 344/344/344 387/387/387 386/386/386
f 345/345/345 346/346/346 388/388/388
f 346/346/346 389/389/389 388/388/388
f 346/346/346 347/347/347 389/389/389
f 347/347/347 390/390/390 389/389/389
f 347/347/347 348/348/348 390/390/390
f 348/348/348 391/391/391 390/390/390
f 348/348/348 349/349/349 391/391/391
f 349/349/349 392/392/392 391/391/391
f 349/349/349 350/350/350 392/392/392
f 350/350/350 393/393/393 392/392/392
f 350/350/350 351/351/351 393/393/393
f 351/351/351 394/394/394 393/393/393
f 351/351/351 352/352/352 394/394/394
f 352/352/352 395/395/395 394/394/394
f 352/352/352 353/353/353 395/395/395
f 353/353/353 396/396/396 395/395/395
f 353/353/353 354/354/354 396/396/396
f 354/354/354 397/397/397 396/396/396
f 354/354/354 355/355/355 397/397/397
f 355/355/355 398/398/398 397/397/397
f 355/355/355 356/356/356 398/398/398
f 356/356/356 399/399/399 398/398/398
f 356/356/356 357/357/357 399/399/399
f 357/357/357 400/400/400 399/399/399
f 357/357/357 358/358/358 400/400/400
f 358/358/358 401/401/401 400/400/400
f 358/358/358 359/359/359 401/401/401
f 359/359/359 402/402/402 401/401/401
f 359/359/359 360/360/360 402/402/402
f 360/360/360 403/403/403 402/402/402
f 360/360/360 361/361/361 403/403/403
f 361/361/361 404/404/404 403/403/403
f 361/361/361 362/362/362 404/404/404
f 362/362/362 405/405/405 404/404/404
f 362/362/362 363/363/363 405/405/405
f 363/363/363 406/406/406 405/405/405
f 363/363/363 364/364/364 406/406/406
f 364/364/364 407/407/407 406/406/406
f 364/364/364 365/365/365 407/407/407
f 365/365/365 408/408/408 407/407/407
f 365/365/365 366/366/366 408/408/408
f 366/366/366 409/409/409 408/408/408
f 366/366/366 367/367/367 409/409/409
f 367/367/367 410/410/410 409/409/409
f 367/367/367 368/368/368 410/410/410
f 368/368/368 411/411/411 410/410/410
f 368/368/368 369/369/369 411/411/411
f 369/369/369 412/412/412 411/411/411
f 369/369/369 370/370/370 412/412/412
f 370/370/370 413/413/413 412/412/412
f 370/370/370 371/371/371 413/413/413
f 371/371/371 414/414/414 413/413/413
f 371/371/371 372/372/372 414/414/414
f 372/372/372 415/415/415 414/414/414
f 372/372/372 373/373/373 415/415/415
f 373/373/373 416/416/416 415/415/415
f 373/373/373 374/374/374 416/416/416
f 374/374/374 417/417/417 416/416/416
f 374/374/374 375/375/375 417/417/417
f 375/375/375 418/418/418 417/417/417
f 375/375/375 376/376/376 418/418/418
f 376/376/376 419/419/419 418/418/418
f 376/376/376 377/377/377 419/419/419
f 377/377/377 420/420/420 419/419/419
f 377/377/377 378/378/378 420/420/420
f 378/378/378 421/421/421 420/420/420
f 378/378/378 379/379/379 421/421/421
f 379/379/379 422/422/422 421/421/421
f 379/379/379 380/380/380 422/422/422
f 380/380/380 423/423/423 422/422/422
f 380/380/380 381/381/381 423/423/423
f 381/381/381 424/424/424 423/423/423
f 381/381/381 382/382/382 424/424/424
f 382/382/382 425/425/425 424/424/424
f 382/382/382 383/383/383 425/425/425
f 383/383/383 426/426/426 425/425/425
f 383/383/383 384/384/384 426/426/426
f 384/384/384 427/427/427 426/426/426
f 384/384/384 385/385/385 427/427/427
f 385/385/385 428/428/428 427/427/427
f 385/385/385 386/386/386 428/428/428
f 386/386/386 429/429/429 428/428/428
f 386/386/386 387/387/387 429/429/429
f 387/387/387 430/430/430 429/429/429
f 388/388/388 389/389/389 431/431/431
f 389/389/389 432/432/432 431/431/431
f 389/389/389 390/390/390 432/432/432
f 390/390/390 433/433/433 432/432/432
f 390/390/390 391/391/391 433/433/433
f 391/391/391 434/434/434 433/433/433
f 391/391/391 392/392/392 434/434/434
f 392/392/392 435/435/435 434/434/434
f 392/392/392 393/393/393 435/435/435
f 393/393/393 436/436/436 435/435/435
f 393/393/393 394/394/394 436/436/436
f 394/394/394 437/437/437 436/436/436
f 394/394/394 395/395/395 437/437/437
f 395/395/395 438/438/438 437/437/437
f 395/395/395 396/396/396 438/438/438
f 396/396/396 439/439/439 438/438/438
f 396/396/396 397/397/397 439/439/439
f 397/397/397 440/440/440 439/439/439
f 397/397/397 398/398/398 440/440/440
f 398/398/398 441/441/441 440/440/440
f 398/398/398 399/399/399 441/441/441
f 399/399/399 442/442/442 441/441/441
f 399/399/399 400/400/400 442/442/442
f 400/400/400 443/443/443 442/442/442
f 400/400/400 401/401/401 443/443/443
f 401/401/401 444/444/444 443/443/443
f 401/401/401 402/402/402 444/444/444
f 402/402/402 445/445/445 444/444/444
f 402/402/402 403/403/403 445/445/445
f 403/403/403 446/446/446 445/445/445
f 403/403/403 404/404/404 446/446/446
f 404/404/404 447/447/447 446/446/446
f 404/404/404 405/405/405 447/447/447
f 405/405/405 448/448/448 447/447/447
f 405/405/405 406/406/406 448/448/448
f 406/406/406 449/449/449 448/448/448
f 406/406/406 407/407/407 449/449/449
f 407/407/407 450/450/450 449/449/449
f 407/407/407 408/408/408 450/450/450
f 408/408/408 451/451/451 450/450/450
f 408/408/408 409/409/409 451/451/451
f 409/409/409 452/452/452 451/451/451
f 409/409/409 410/410/410 452/452/452
f 410/410/410 453/453/453 452/452/452
f 410/410/410 411/411/411 453/453/453
f 411/411/411 454/454/454 453/453/453
f 411/411/411 412/412/412 454/454/454
f 412/412/412 455/455/455 454/454/454
f 412/412/412 413/413/413 455/455/455
f 413/413/413 456/456/456 455/455/455
f 413/413/413 414/414/414 456/456/456
f 414/414/414 457/457/457 456/456/456
f 414/414/414 415/415/415 457/457/457
f 415/415/415 458/458/458 457/457/457
f 415/415/415 416/416/416 458/458/458
f 416/416/416 459/459/459 458/458/458
f 416/416/416 417/417/417 459/459/459
f 417/417/417 460/460/460 459/459/459
f 417/417/417 418/418/418 460/460/460
f 418/418/418 461/461/461 460/460/460
f 418/418/418 419/419/419 461/461/461
f 419/419/419 462/462/462 461/461/461
f 419/419/419 420/420/420 462/462/462
f 420/420/420 463/463/463 462/462/462
f 420/420/420 421/421/421 463/463/463
f 421/421/421 464/464/464 463/463/463
f 421/421/421 422/422/422 464/464/464
f 422/422/422 465/465/465 464/464/464
f 422/422/422 423/423/423 465/465/465
f 423/423/423 466/466/466 465/465/465
f 423/423/423 424/424/424 466/466/466
f 424/424/424 467/467/467 466/466/466
f 424/424/424 425/425/425 467/467/467
f 425/425/425 468/468/468 467/467/467
f 425/425/425 426/426/426 468/468/468
f 426/426/426 469/469/469 468/468/468
f 426/426/426 427/427/427 469/469/469
f 427/427/427 470/470/470 469/469/469
f 427/427/427 428/428/428 470/470/470
f 428/428/428 471/471/471 470/470/470
f 428/428/428 429/429/429 471/471/471
f 429/429/429 472/472/472 471/471/471
f 429/429/429 430/430/430 472/472/472
f 430/430/430 473/473/473 472/472/472
f 431/431/431 432/432/432 474/474/474
f 432/432/432 475/475/475 474/474/474
f 432/432/432 433/433/433 475/475/475
f 433/433/433 476/476/476 475/475/475
f 433/433/433 434/434/434 476/476/476
f 434/434/434 477/477/477 476/476/476
f 434/434/434 435/435/435 477/477/477
f 435/435/435 478/478/478 477/477/477
f 435/435/435 436/436/436 478/478/478
f 436/436/436 479/479/479 478/478/478
f 436/436/436 437/437/437 479/479/479
f 437/437/437 480/480/480 479/479/479
f 437/437/437 438/438/438 480/480/480
f 438/438/438 481/481/481 480/480/480
f 438/438/438 439/439/439 481/481/481
f 439/439/439 482/482/482 481/481/481
f 439/439/439 440/440/440 482/482/482
f 440/440/440 483/483/483 482/482/482
f 440/440/440 441/441/441 483/483/483
f 441/441/441 484/484/484 483/483/483
f 441/441/441 442/442/442 484/484/484
f 442/442/442 485/485/485 484/484/484
f 442/442/442 443/443/443 485/485/485
f 443/443/443 486/486/486 485/485/485
f 443/443/443 444/444/444 486/486/486
f 444/444/444 487/487/487 486/486/486
f 444/444/444 445/445/445 487/487/487
f 445/445/445 488/488/488 487/487/487
f 445/445/445 446/446/446 488/488/488
f 446/446/446 489/489/489 488/488/488
f 446/446/446 447/447/447 489/489/489
f 447/447/447 490/490/490 489/489/489
f 447/447/447 448/448/448 490/490/490
f 448/448/448 491/491/491 490/490/490
f 448/448/448 449/449/449 491/491/491
f 449/449/449 492/492/492 491/491/491
f 449/449/449 450/450/450 492/492/492
f 450/450/450 493/493/493 492/492/492
f 450/450/450 451/451/451 493/493/493
f 451/451/451 494/494/494 493/493/493
f 451/451/451 452/452/452 494/494/494
f 452/452/452 495/495/495 494/494/494
f 452/452/452 453/453/453 495/495/495
f 453/453/453 496/496/496 495/495/495
f 453/453/453 454/454/454 496/496/496
f 454/454/454 497/497/497 496/496/496
f 454/454/454 455/455/455 497/497/497
f 455/455/455 498/498/498 497/497/497
f 455/455/455 456/456/456 498/498/498
f 456/456/456 499/499/499 498/498/498
f 456/456/456 457/457/457 499/499/499
f 457/457/457 500/500/500 499/499/499
f 457/457/457 458/458/458 500/500/500
f 458/458/458 501/501/501 500/500/500
f 458/458/458 459/459/459 501/501/501
f 459/459/459 502/502/502 501/501/501
f 459/459/459 460/460/460 502/502/502
f 460/460/460 503/503/503 502/502/502
f 460/460/460 461/461/461 503/503/503
f 461/461/461 504/504/504 503/503/503
f 461/461/461 462/462/462 504/504/504
f 462/462/462 505/505/505 504/504/504
f 462/462/462 463/463/463 505/505/505
f 463/463/463 506/506/506 505/505/505
f 463/463/463 464/464/464 506/506/506
f 464/464/464 507/507/507 506/506/506
f 464/464/464 465/465/465 507/507/507
f 465/465/465 508/508/508 507/507/507
f 465/465/465 466/466/466 508/508/508
f 466/466/466 509/509/509 508/508/508
f 466/466/466 467/467/467 509/509/509
f 467/467/467 510/510/510 509/509/509
f 467/467/467 468/468/468 510/510/510
f 468/468/468 511/511/511 510/510/510
f 468/468/468 469/469/469 511/511/511
f 469/469/469 512/512/512 511/511/511
f 469/469/469 470/470/470 512/512/512
f 470/470/470 513/513/513 512/512/512
f 470/470/470 471/471/471 513/513/513
f 471/471/471 514/514/514 513/513/513
f 471/471/471 472/472/472 514/514/514
f 472/472/472 515/515/515 514/514/514
f 472/472/472 473/473/473 515/515/515
f 473/473/473 516/516/516 515/515/515
f 474/474/474 475/475/475 517/517/517
f 475/475/475 518/518/518 517/517/517
f 475/475/475 476/476/476 518/518/518
f 476/476/476 519/519/519 518/518/518
f 476/476/476 477/477/477 519/519/519
f 477/477/477 520/520/520 519/519/519
f 477/477/477 478/478/478 520/520/520
f 478/478/478 521/521/521 520/520/520
f 478/478/478 479/479/479 521/521/521
f 479/479/479 522/522/522 521/521/521
f 479/479/479 480/480/480 522/522/522
f 480/480/480 523/523/523 522/522/522
f 480/480/480 481/481/481 523/523/523
f 481/481/481 524/524/524 523/523/523
f 481/481/481 482/482/482 524/524/524
f 482/482/482 525/525/525 524/524/524
f 482/482/482 483/483/483 525/525/525
f 483/483/483 526/526/526 525/525/525
f 483/483/483 484/484/484 526/526/526
f 484/484/484 527/527/527 526/526/526
f 484/484/484 485/485/485 527/527/527
f 485/485/485 528/528/528 527/527/527
f 485/485/485 486/486/486 528/528/528
f 486/486/486 529/529/529 528/528/528
f 486/486/486 487/487/487 529/529/529
f 487/487/487 530/530/530 529/529/529
f 487/487/487 488/488/488 530/530/530
f 488/488/488 531/531/531 530/530/530
f 488/488/488 489/489/489 531/531/531
f 489/489/489 532/532/532 531/531/531
f 489/489/489 490/490/490 532/532/532
f 490/490/490 533/533/533 532/532/532
f 490/490/490 491/491/491 533/533/533
f 491/491/491 534/534/534 533/533/533
f 491/491/491 492/492/492 534/534/534
f 492/492/492 535/535/535 534/534/534
f 492/492/492 493/493/493 535/535/535
f 493/493/493 536/536/536 535/535/535
f 493/493/493 494/494/494 536/536/536
f 494/494/494 537/537/537 536/536/536
f 494/494/494 495/495/495 537/537/537
f 495/495/495 538/538/538 537/537/537
f 495/495/495 496/496/496 538/538/538
f 496/496/496 539/539/539 538/538/538
f 496/496/496 497/497/497 539/539/539
f 497/497/497 540/540/540 539/539/539
f 497/497/497 498/498/498 540/540/540
f 498/498/498 541/541/541 540/540/540
f 498/498/498 499/499/499 541/541/541
f 499/499/499 542/542/542 541/541/541
f 499/499/499 500/500/500 542/542/542
f 500/500/500 543/543/543 542/542/542
f 500/500/500 501/501/501 543/543/543
f 501/501/501 544/544/544 543/543/543
f 501/501/501 502/502/502 544/544/544
f 502/502/502 545/545/545 544/544/544
f 502/502/502 503/503/503 545/545/545
f 503/503/503 546/546/546 545/545/545
f 503/503/503 504/504/504 546/546/546
f 504/504/504 547/547/547 546/546/546
f 504/504/504 505/505/505 547/547/547
f 505/505/505 548/548/548 547/547/547
f 505/505/505 506/506/506 548/548/548
f 506/506/506 549/549/549 548/548/548
f 506/506/506 507/507/507 549/549/549
f 507/507/507 550/550/550 549/549/549
f 507/507/507 508/508/508 550/550/550
f 508/508/508 551/551/551 550/550/550
f 508/508/508 509/509/509 551/551/551
f 509/509/509 552/552/552 551/551/551
f 509/509/509 510/510/510 552/552/552
f 510/510/510 553/553/553 552/552/552
f 510/510/510 511/511/511 553/553/553
f 511/511/511 554/554/554 553/553/553
f 511/511/511 512/512/512 554/554/554
f 512/512/512 555/555/555 554/554/554
f 512/512/512 513/513/513 555/555/555
f 513/513/513 556/556/556 555/555/555
f 513/513/513 514/514/514 556/556/556
f 514/514/514 557/557/557 556/556/556
f 514/514/514 515/515/515 557/557/557
f 515/515/515 558/558/558 557/557/557
f 515/515/515 516/516/516 558/558/558
f 516/516/516 559/559/559 558/558/558
f 517/517/517 518/518/518 560/560/560
f 518/518/518 561/561/561 560/560/560
f 518/518/518 519/519/519 561/561/561
f 519/519/519 562/562/562 561/561/561
f 519/519/519 520/520/520 562/562/562
f 520/520/520 563/563/563 562/562/562
f 520/520/520 521/521/521 563/563/563
f 521/521/521 564/564/564 563/563/563
f 521/521/521 522/522/522 564/564/564
f 522/522/522 565/565/565 564/564/564
f 522/522/522 523/523/523 565/565/565
f 523/523/523 566/566/566 565/565/565
f 523/523/523 524/524/524 566/566/566
f 524/524/524 567/567/567 566/566/566
f 524/524/524 525/525/525 567/567/567
f 525/525/525 568/568/568 567/567/567
f 525/525/525 526/526/526 568/568/568
f 526/526/526 569/569/569 568/568/568
f 526/526/526 527/527/527 569/569/569
f 527/527/527 570/570/570 569/569/569
f 527/527/527 528/528/528 570/570/570
f 528/528/528 571/571/571 570/570/570
f 528/528/528 529/529/529 571/571/571
f 529/529/529 572/572/572 571/571/571
f 529/529/529 530/530/530 572/572/572
f 530/530/530 573/573/573 572/572/572
f 530/530/530 531/531/531 573/573/573
f 531/531/531 574/574/574 573/573/573
f 531/531/531 532/532/532 574/574/574
f 532/532/532 575/575/575 574/574/574
f 532/532/532 533/533/533 575/575/575
f 533/533/533 576/576/576 575/575/575
f 533/533/533 534/534/534 576/576/576
f 534/534/534 577/577/577 576/576/576
f 534/534/534 535/535/535 577/577/577
f 535/535/535 578/578/578 577/577/577
f 535/535/535 536/536/536 578/578/578
f 536/536/536 579/579/579 578/578/578
f 536/536/536 537/537/537 579/579/579
f 537/537/537 580/580/580 579/579/579
f 537/537/537 538/538/538 580/580/580
f 538/538/538 581/581/581 580/580/580
f 538/538/538 539/539/539 581/581/581
f 539/539/539 582/582/582 581/581/581
f 539/539/539 540/540/540 582/582/582
f 540/540/540 583/583/583 582/582/582
f 540/540/540 541/541/541 583/583/583
f 541/541/541 584/584/584 583/583/583
f 541/541/541 542/542/542 584/584/584
f 542/542/542 585/585/585 584/584/584
f 542/542/542 543/543/543 585/585/585
f 543/543/543 586/586/586 585/585/585
f 543/543/543 544/544/544 586/586/586
f 544/544/544 587/587/587 586/586/586
f 544/544/544 545/545/545 587/587/587
f 545/545/545 588/588/588 587/587/587
f 545/545/545 546/546/546 588/588/588
f 546/546/546 589/589/589 588/588/588
f 546/546/546 547/547/547 589/589/589
f 547/547/547 590/590/590 589/589/589
f 547/547/547 548/548/548 590/590/590
f 548/548/548 591/591/591 590/590/590
f 548/548/548 549/549/549 591/591/591
f 549/549/549 592/592/592 591/591/591
f 549/549/549 550/550/550 592/592/592
f 550/550/550 593/593/593 592/592/592
f 550/550/550 551/551/551 593/593/593
f 551/551/551 594/594/594 593/593/593
f 551/551/551 552/552/552 594/594/594
f 552/552/552 595/595/595 594/594/594
f 552/552/552 553/553/553 595/595/595
f 553/553/553 596/596/596 595/595/595
f 553/553/553 554/554/554 596/596/596
f 554/554/554 597/597/597 596/596/596
f 554/554/554 555/555/555 597/597/597
f 555/555/555 598/598/598 597/597/597
f 555/555/555 556/556/556 598/598/598
f 556/556/556 599/599/599 598/598/598
f 556/556/556 557/557/557 599/599/599
f 557/557/557 600/600/600 599/599/599
f 557/557/557 558/558/558 600/600/600
f 558/558/558 601/601/601 600/600/600
f 558/558/558 559/559/559 601/601/601
f 559/559/559 602/602/602 601/601/601
f 560/560/560 561/561/561 603/603/603
f 561/561/561 604/604/604 603/603/603
f 561/561/561 562/562/562 604/604/604
f 562/562/562 605/605/605 604/604/604
f 562/562/562 563/563/563 605/605/605
f 563/563/563 606/606/606 605/605/605
f 563/563/563 564/564/564 606/606/606
f 564/564/564 607/607/607 606/606/606
f 564/564/564 565/565/565 607/607/607
f 565/565/565 608/608/608 607/607/607
f 565/565/565 566/566/566 608/608/608
f 566/566/566 609/609/609 608/608/608
f 566/566/566 567/567/567 609/609/609
f 567/567/567 610/610/610 609/609/609
f 567/567/567 568/568/568 610/610/610
f 568/568/568 611/611/611 610/610/610
f 568/568/568 569/569/569 611/611/611
f 569/569/569 612/612/612 611/611/611
f 569/569/569 570/570/570 612/612/612
f 570/570/570 613/613/613 612/612/612
f 570/570/570 571/571/571 613/613/613
f 571/571/571 614/614/614 613/613/613
f 571/571/571 572/572/572 614/614/614
f 572/572/572 615/615/615 614/614/614
f 572/572/572 573/573/573 615/615/615
f 573/573/573 616/616/616 615/615/615
f 573/573/573 574/574/574 616/616/616
f 574/574/574 617/617/617 616/616/616
f 574/574/574 575/575/575 617/617/617
f 575/575/575 618/618/618 617/617/617
f 575/575/575 576/576/576 618/618/618
f 576/576/576 619/619/619 618/618/618
f 576/576/576 577/577/577 619/619/619
f 577/577/577 620/620/620 619/619/619
f 577/577/577 578/578/578 620/620/620
f 578/578/578 621/621/621 620/620/620
f 578/578/578 579/579/579 621/621/621
f 579/579/579 622/622/622 621/621/621
f 579/579/579 580/580/580 622/622/622
f 580/580/580 623/623/623 622/622/622
f 580/580/580 581/581/581 623/623/623
f 581/581/581 624/624/624 623/623/623
f 581/581/581 582/582/582 624/624/624
f 582/582/582 625/625/625 624/624/624
f 582/582/582 583/583/583 625/625/625
f 583/583/583 626/626/626 625/625/625
f 583/583/583 584/584/584 626/626/626
f 584/584/584 627/627/627 626/626/626
f 584/584/584 585/585/585 627/627/627
f 585/585/585 628/628/628 627/627/627
f 585/585/585 586/586/586 628/628/628
f 586/586/586 629/629/629 628/628/628
f 586/586/586 587/587/587 629/629/629
f 587/587/587 630/630/630 629/629/629
f 587/587/587 588/588/588 630/630/630
f 588/588/588 631/631/631 630/630/630
f 588/588/588 589/589/589 631/631/631
f 589/589/589 632/632/632 631/631/631
f 589/589/589 590/590/590 632/632/632
f 590/590/590 633/633/633 632/632/632
f 590/590/590 591/591/591 633/633/633
f 591/591/591 634/634/634 633/633/633
f 591/591/591 592/592/592 634/634/634
f 592/592/592 635/635/635 634/634/634
f 592/592/592 593/593/593 635/635/635
f 593/593/593 636/636/636 635/635/635
f 593/593/593 594/594/594 636/636/636
f 594/594/594 637/637/637 636/636/636
f 594/594/594 595/595/595 637/637/637
f 595/595/595 638/638/638 637/637/637
f 595/595/595 596/596/596 638/638/638
f 596/596/596 639/639/639 638/638/638
f 596/596/596 597/597/597 639/639/639
f 597/597/597 640/640/640 639/639/639
f 597/597/597 598/598/598 640/640/640
f 598/598/598 641/641/641 640/640/640
f 598/598/598 599/599/599 641/641/641
f 599/599/599 642/642/642 641/641/641
f 599/599/599 600/600/600 642/642/642
f 600/600/600 643/643/643 642/642/642
f 600/600/600 601/601/601 643/643/643
f 601/601/601 644/644/644 643/643/643
f 601/601/601 602/602/602 644/644/644
f 602/602/602 645/645/645 644/644/644
f 646/646/646 647/647/647 677/677/677
f 647/647/647 678/678/678 677/677/677
f 647/647/647 648/648/648 678/678/678
f 648/648/648 679/679/679 678/678/678
f 648/648/648 649/649/649 679/679/679
f 649/649/649 680/680/680 679/679/679
f 649/649/649 650/650/650 680/680/680
f 650/650/650 681/681/681 680/680/680
f 650/650/650 651/651/651 681/681/681
f 651/651/651 682/682/682 681/681/681
f 651/651/651 652/652/652 682/682/682
f 652/652/652 683/683/683 682/682/682
f 652/652/652 653/653/653 683/683/683
f 653/653/653 684/684/684 683/683/683
f 653/653/653 654/654/654 684/684/684
f 654/654/654 685/685/685 684/684/684
f 654/654/654 655/655/655 685/685/685
f 655/655/655 686/686/686 685/685/685
f 655/655/655 656/656/656 686/686/686
f 656/656/656 687/687/687 686/686/686
f 656/656/656 657/657/657 687/687/687
f 657/657/657 688/688/688 687/687/687
f 657/657/657 658/658/658 688/688/688
f 658/658/658 689/689/689 688/688/688
f 658/658/658 659/659/659 689/689/689
f 659/659/659 690/690/690 689/689/689
f 659/659/659 660/660/660 690/690/690
f 660/660/660 691/691/691 690/690/690
f 660/660/660 661/661/661 691/691/691
f 661/661/661 692/692/692 691/691/691
f 661/661/661 662/662/662 692/692/692
f 662/662/662 693/693/693 692/692/692
f 662/662/662 663/663/663 693/693/693
f 663/663/663 694/694/694 693/693/693
f 663/663/663 664/664/664 694/694/694
f 664/664/664 695/695/695 694/694/694
f 664/664/664 665/665/665 695/695/695
f 665/665/665 696/696/696 695/695/695
f 665/665/665 666/666/666 696/696/696
f 666/666/666 697/697/697 696/696/696
f 666/666/666 667/667/667 697/697/697
f 667/667/667 698/698/698 697/697/697
f 667/667/667 668/668/668 698/698/698
f 668/668/668 699/699/699 698/698/698
f 668/668/668 669/669/669 699/699/699
f 669/669/669 700/700/700 699/699/699
f 669/669/669 670/670/670 700/700/700
f 670/670/670 701/701/701 700/700/700
f 670/670/670 671/671/671 701/701/701
f 671/671/671 702/702/702 701/701/701
f 671/671/671 672/672/672 702/702/702
f 672/672/672 703/703/703 702/702/702
f 672/672/672 673/673/673 703/703/703
f 673/673/673 704/704/704 703/703/703
f 673/673/673 674/674/674 704/704/704
f 674/674/674 705/705/705 704/704/704
f 674/674/674 675/675/675 705/705/705
f 675/675/675 706/706/706 705/705/705
f 675/675/675 676/676/676 706/706/706
f 676/676/676 707/707/707 706/706/706
f 677/677/677 678/678/678 708/708/708
f 678/678/678 709/709/709 708/708/708
f 678/678/678 679/679/679 709/709/709
f 679/679/679 710/710/710 709/709/709
f 679/679/679 680/680/680 710/710/710
f 680/680/680 711/711/711 710/710/710
f 680/680/680 681/681/681 711/711/711
f 681/681/681 712/712/712 711/711/711
f 681/681/681 682/682/682 712/712/712
f 682/682/682 713/713/713 712/712/712
f 682/682/682 683/683/683 713/713/713
f 683/683/683 714/714/714 713/713/713
f 683/683/683 684/684/684 714/714/714
f 684/684/684 715/715/715 714/714/714
f 684/684/684 685/685/685 715/715/715
f 685/685/685 716/716/716 715/715/715
f 685/685/685 686/686/686 716/716/716
f 686/686/686 717/717/717 716/716/716
f 686/686/686 687/687/687 717/717/717
f 687/687/687 718/718/718 717/717/717
f 687/687/687 688/688/688 718/718/718
f 688/688/688 719/719/719 718/718/718
f 688/688/688 689/689/689 719/719/719
f 689/689/689 720/720/720 719/719/719
f 689/689/689 690/690/690 720/720/720
f 690/690/690 721/721/721 720/720/720
f 690/690/690 691/691/691 721/721/721
f 691/691/691 722/722/722 721/721/721
f 691/691/691 692/692/692 722/722/722
f 692/692/692 723/723/723 722/722/722
f 692/692/692 693/693/693 723/723/723
f 693/693/693 724/724/724 723/723/723
f 693/693/693 694/694/694 724/724/724
f 694/694/694 725/725/725 724/724/724
f 694/694/694 695/695/695 725/725/725
f 695/695/695 726/726/726 725/725/725
f 695/695/695 696/696/696 726/726/726
f 696/696/696 727/727/727 726/726/726
f 696/696/696 697/697/697 727/727/727
f 697/697/697 728/728/728 727/727/727
f 697/697/697 698/698/698 728/728/728
f 698/698/698 729/729/729 728/728/728
f 698/698/698 699/699/699 729/729/729
f 699/699/699 730/730/730 729/729/729
f 699/699/699 700/700/700 730/730/730
f 700/700/700 731/731/731 730/730/730
f 700/700/700 701/701/701 731/731/731
f 701/701/701 732/732/732 731/731/731
f 701/701/701 702/702/702 732/732/732
f 702/702/702 733/733/733 732/732/732
f 702/702/702 703/703/703 733/733/733
f 703/703/703 734/734/734 733/733/733
f 703/703/703 704/704/704 734/734/734
f 704/704/704 735/735/735 734/734/734
f 704/704/704 705/705/705 735/735/735
f 705/705/705 736/736/736 735/735/735
f 705/705/705 706/706/706 736/736/736
f 706/706/706 737/737/737 736/736/736
f 706/706/706 707/707/707 737/737/737
f 707/707/707 738/738/738 737/737/737
f 708/708/708 709/709/709 739/739/739
f 709/709/709 740/740/740 739/739/739
f 709/709/709 710/710/710 740/740/740
f 710/710/710 741/741/741 740/740/740
f 710/710/710 711/711/711 741/741/741
f 711/711/711 742/742/742 741/741/741
f 711/711/711 712/712/712 742/742/742
f 712/712/712 743/743/743 742/742/742
f 712/712/712 713/713/713 743/743/743
f 713/713/713 744/744/744 743/743/743
f 713/713/713 714/714/714 744/744/744
f 714/714/714 745/745/745 744/744/744
f 714/714/714 715/715/715 745/745/745
f 715/715/715 746/746/746 745/745/745
f 715/715/715 716/716/716 746/746/746
f 716/716/716 747/747/747 746/746/746
f 716/716/716 717/717/717 747/747/747
f 717/717/717 748/748/748 747/747/747
f 717/717/717 718/718/718 748/748/748
f 718/718/718 749/749/749 748/748/748
f 718/718/718 719/719/719 749/749/749
f 719/719/719 750/750/750 749/749/749
f 719/719/719 720/720/720 750/750/750
f 720/720/720 751/751/751 750/750/750
f 720/720/720 721/721/721 751/751/751
f 721/721/721 752/752/752 751/751/751
f 721/721/721 722/722/722 752/752/752
f 722/722/722 753/753/753 752/752/752
f 722/722/722 723/723/723 753/753/753
f 723/723/723 754/754/754 753/753/753
f 723/723/723 724/724/724 754/754/754
f 724/724/724 755/755/755 754/754/754
f 724/724/724 725/725/725 755/755/755
f 725/725/725 756/756/756 755/755/755
f 725/725/725 726/726/726 756/756/756
f 726/726/726 757/757/757 756/756/756
f 726/726/726 727/727/727 757/757/757
f 727/727/727 758/758/758 757/757/757
f 727/727/727 728/728/728 758/758/758
f 728/728/728 759/759/759 758/758/758
f 728/728/728 729/729/729 759/759/759
f 729/729/729 760/760/760 759/759/759
f 729/729/729 730/730/730 760/760/760
f 730/730/730 761/761/761 760/760/760
f 730/730/730 731/731/731 761/761/761
f 731/731/731 762/762/762 761/761/761
f 731/731/731 732/732/732 762/762/762
f 732/732/732 763/763/763 762/762/762
f 732/732/732 733/733/733 763/763/763
f 733/733/733 764/764/764 763/763/763
f 733/733/733 734/734/734 764/764/764
f 734/734/734 765/765/765 764/764/764
f 734/734/734 735/735/735 765/765/765
f 735/735/735 766/766/766 765/765/765
f 735/735/735 736/736/736 766/766/766
f 736/736/736 767/767/767 766/766/766
f 736/736/736 737/737/737 767/767/767
f 737/737/737 768/768/768 767/767/767
f 737/737/737 738/738/738 768/768/768
f 738/738/738 769/769/769 768/768/768
f 739/739/739 740/740/740 770/770/770
f 740/740/740 771/771/771 770/770/770
f 740/740/740 741/741/741 771/771/771
f 741/741/741 772/772/772 771/771/771
f 741/741/741 742/742/742 772/772/772
f 742/742/742 773/773/773 772/772/772
f 742/742/742 743/743/743 773/773/773
f 743/743/743 774/774/774 773/773/773
f 743/743/743 744/744/744 774/774/774
f 744/744/744 775/775/775 774/774/774
f 744/744/744 745/745/745 775/775/775
f 745/745/745 776/776/776 775/775/775
f 745/745/745 746/746/746 776/776/776
f 746/746/746 777/777/777 776/776/776
f 746/746/746 747/747/747 777/777/777
f 747/747/747 778/778/778 777/777/777
f 747/747/747 748/748/748 778/778/778
f 748/748/748 779/779/779 778/778/778
f 748/748/748 749/749/749 779/779/779
f 749/749/749 780/780/780 779/779/779
f 749/749/749 750/750/750 780/780/780
f 750/750/750 781/781/781 780/780/780
f 750/750/750 751/751/751 781/781/781
f 751/751/751 782/782/782 781/781/781
f 751/751/751 752/752/752 782/782/782
f 752/752/752 783/783/783 782/782/782
f 752/752/752 753/753/753 783/783/783
f 753/753/753 784/784/784 783/783/783
f 753/753/753 754/754/754 784/784/784
f 754/754/754 785/785/785 784/784/784
f 754/754/754 755/755/755 785/785/785
f 755/755/755 786/786/786 785/785/785
f 755/755/755 756/756/756 786/786/786
f 756/756/756 787/787/787 786/786/786
f 756/756/756 757/757/757 787/787/787
f 757/757/757 788/788/788 787/787/787
f 757/757/757 758/758/758 788/788/788
f 758/758/758 789/789/789 788/788/788
f 758/758/758 759/759/759 789/789/789
f 759/759/759 790/790/790 789/789/789
f 759/759/759 760/760/760 790/790/790
f 760/760/760 791/791/791 790/790/790
f 760/760/760 761/761/761 791/791/791
f 761/761/761 792/792/792 791/791/791
f 761/761/761 762/762/762 792/792/792
f 762/762/762 793/793/793 792/792/792
f 762/762/762 763/763/763 793/793/793
f 763/763/763 794/794/794 793/793/793
f 763/763/763 764/764/764 794/794/794
f 764/764/764 795/795/795 794/794/794
f 764/764/764 765/765/765 795/795/795
f 765/765/765 796/796/796 795/795/795
f 765/765/765 766/766/766 796/796/796
f 766/766/766 797/797/797 796/796/796
f 766/766/766 767/767/767 797/797/797
f 767/767/767 798/798/798 797/797/797
f 767/767/767 768/768/768 798/798/798
f 768/768/768 799/799/799 798/798/798
f 768/768/768 769/769/769 799/799/799
f 769/769/769 800/800/800 799/799/799
f 770/770/770 771/771/771 801/801/801
f 771/771/771 802/802/802 801/801/801
f 771/771/771 772/772/772 802/802/802
f 772/772/772 803/803/803 802/802/802
f 772/772/772 773/773/773 803/803/803
f 773/773/773 804/804/804 803/803/803
f 773/773/773 774/774/774 804/804/804
f 774/774/774 805/805/805 804/804/804
f 774/774/774 775/775/775 805/805/805
f 775/775/775 806/806/806 805/805/805
f 775/775/775 776/776/776 806/806/806
f 776/776/776 807/807/807 806/806/806
f 776/776/776 777/777/777 807/807/807
f 777/777/777 808/808/808 807/807/807
f 777/777/777 778/778/778 808/808/808
f 778/778/778 809/809/809 808/808/808
f 778/778/778 779/779/779 809/809/809
f 779/779/779 810/810/810 809/809/809
f 779/779/779 780/780/780 810/810/810
f 780/780/780 811/811/811 810/810/810
f 780/780/780 781/781/781 811/811/811
f 781/781/781 812/812/812 811/811/811
f 781/781/781 782/782/782 812/812/812
f 782/782/782 813/813/813 812/812/812
f 782/782/782 783/783/783 813/813/813
f 783/783/783 814/814/814 813/813/813
f 783/783/783 784/784/784 814/814/814
f 784/784/784 815/815/815 814/814/814
f 784/784/784 785/785/785 815/815/815
f 785/785/785 816/816/816 815/815/815
f 785/785/785 786/786/786 816/816/816
f 786/786/786 817/817/817 816/816/816
f 786/786/786 787/787/787 817/817/817
f 787/787/787 818/818/818 817/817/817
f 787/787/787 788/788/788 818/818/818
f 788/788/788 819/819/819 818/818/818
f 788/788/788 789/789/789 819/819/819
f 789/789/789 820/820/820 819/819/819
f 789/789/789 790/790/790 820/820/820
f 790/790/790 821/821/821 820/820/820
f 790/790/790 791/791/791 821/821/821
f 791/791/791 822/822/822 821/821/821
f 791/791/791 792/792/792 822/822/822
f 792/792/792 823/823/823 822/822/822
f 792/792/792 793/793/793 823/823/823
f 793/793/793 824/824/824 823/823/823
f 793/793/793 794/794/794 824/824/824
f 794/794/794 825/825/825 824/824/824
f 794/794/794 795/795/795 825/825/825
f 795/795/795 826/826/826 825/825/825
f 795/795/795 796/796/796 826/826/826
f 796/796/796 827/827/827 826/826/826
f 796/796/796 797/797/797 827/827/827
f 797/797/797 828/828/828 827/827/827
f 797/797/797 798/798/798 828/828/828
f 798/798/798 829/829/829 828/828/828
f 798/798/798 799/799/799 829/829/829
f 799/799/799 830/830/830 829/829/829
f 799/799/799 800/800/800 830/830/830
f 800/800/800 831/831/831 830/830/830
f 801/801/801 802/802/802 832/832/832
f 802/802/802 833/833/833 832/832/832
f 802/802/802 803/803/803 833/833/833
f 803/803/803 834/834/834 833/833/833
f 803/803/803 804/804/804 834/834/834
f 804/804/804 835/835/835 834/834/834
f 804/804/804 805/805/805 835/835/835
f 805/805/805 836/836/836 835/835/835
f 805/805/805 806/806/806 836/836/836
f 806/806/806 837/837/837 836/836/836
f 806/806/806 807/807/807 837/837/837
f 807/807/807 838/838/838 837/837/837
f 807/807/807 808/808/808 838/838/838
f 808/808/808 839/839/839 838/838/838
f 808/808/808 809/809/809 839/839/839
f 809/809/809 840/840/840 839/839/839
f 809/809/809 810/810/810 840/840/840
f 810/810/810 841/841/841 840/840/840
f 810/810/810 811/811/811 841/841/841
f 811/811/811 842/842/842 841/841/841
f 811/811/811 812/812/812 842/842/842
f 812/812/812 843/843/843 842/842/842
f 812/812/812 813/813/813 843/843/843
f 813/813/813 844/844/844 843/843/843
f 813/813/813 814/814/814 844/844/844
f 814/814/814 845/845/845 844/844/844
f 814/814/814 815/815/815 845/845/845
f 815/815/815 846/846/846 845/845/845
f 815/815/815 816/816/816 846/846/846
f 816/816/816 847/847/847 846/846/846
f 816/816/816 817/817/817 847/847/847
f 817/817/817 848/848/848 847/847/847
f 817/817/817 818/818/818 848/848/848
f 818/818/818 849/849/849 848/848/848
f 818/818/818 819/819/819 849/849/849
f 819/819/819 850/850/850 849/849/849
f 819/819/819 820/820/820 850/850/850
f 820/820/820 851/851/851 850/850/850
f 820/820/820 821/821/821 851/851/851
f 821/821/821 852/852/852 851/851/851
f 821/821/821 822/822/822 852/852/852
f 822/822/822 853/853/853 852/852/852
f 822/822/822 823/823/823 853/853/853
f 823/823/823 854/854/854 853/853/853
f 823/823/823 824/824/824 854/854/854
f 824/824/824 855/855/855 854/854/854
f 824/824/824 825/825/825 855/855/855
f 825/825/825 856/856/856 855/855/855
f 825/825/825 826/826/826 856/856/856
f 826/826/826 857/857/857 856/856/856
f 826/826/826 827/827/827 857/857/857
f 827/827/827 858/858/858 857/857/857
f 827/827/827 828/828/828 858/858/858
f 828/828/828 859/859/859 858/858/858
f 828/828/828 829/829/829 859/859/859
f 829/829/829 860/860/860 859/859/859
f 829/829/829 830/830/830 860/860/860
f 830/830/830 861/861/861 860/860/860
f 830/830/830 831/831/831 861/861/861
f 831/831/831 862/862/862 861/861/861
f 832/832/832 833/833/833 863/863/863
f 833/833/833 864/864/864 863/863/863
f 833/833/833 834/834/834 864/864/864
f 834/834/834 865/865/865 864/864/864
f 834/834/834 835/835/835 865/865/865
f 835/835/835 866/866/866 865/865/865
f 835/835/835 836/836/836 866/866/866
f 836/836/836 867/867/867 866/866/866
f 836/836/836 837/837/837 867/867/867
f 837/837/837 868/868/868 867/867/867
f 837/837/837 838/838/838 868/868/868
f 838/838/838 869/869/869 868/868/868
f 838/838/838 839/839/839 869/869/869
f 839/839/839 870/870/870 869/869/869
f 839/839/839 840/840/840 870/870/870
f 840/840/840 871/871/871 870/870/870
f 840/840/840 841/841/841 871/871/871
f 841/841/841 872/872/872 871/871/871
f 841/841/841 842/842/842 872/872/872
f 842/842/842 873/873/873 872/872/872
f 842/842/842 843/843/843 873/873/873
f 843/843/843 874/874/874 873/873/873
f 843/843/843 844/844/844 874/874/874
f 844/844/844 875/875/875 874/874/874
f 844/844/844 845/845/845 875/875/875
f 845/845/845 876/876/876 875/875/875
f 845/845/845 846/846/846 876/876/876
f 846/846/846 877/877/877 876/876/876
f 846/846/846 847/847/847 877/877/877
f 847/847/847 878/878/878 877/877/877
f 847/847/847 848/848/848 878/878/878
f 848/848/848 879/879/879 878/878/878
f 848/848/848 849/849/849 879/879/879
f 849/849/849 880/880/880 879/879/879
f 849/849/849 850/850/850 880/880/880
f 850/850/850 881/881/881 880/880/880
f 850/850/850 851/851/851 881/881/881
f 851/851/851 882/882/882 881/881/881
f 851/851/851 852/852/852 882/882/882
f 852/852/852 883/883/883 882/882/882
f 852/852/852 853/853/853 883/883/883
f 853/853/853 884/884/884 883/883/883
f 853/853/853 854/854/854 884/884/884
f 854/854/854 885/885/885 884/884/884
f 854/854/854 855/855/855 885/885/885
f 855/855/855 886/886/886 885/885/885
f 855/855/855 856/856/856 886/886/886
f 856/856/856 887/887/887 886/886/886
f 856/856/856 857/857/857 887/887/887
f 857/857/857 888/888/888 887/887/887
f 857/857/857 858/858/858 888/888/888
f 858/858/858 889/889/889 888/888/888
f 858/858/858 859/859/859 889/889/889
f 859/859/859 890/890/890 889/889/889
f 859/859/859 860/860/860 890/890/890
f 860/860/860 891/891/891 890/890/890
f 860/860/860 861/861/861 891/891/891
f 861/861/861 892/892/892 891/891/891
f 861/861/861 862/862/862 892/892/892
f 862/862/862 893/893/893 892/892/892
f 863/863/863 864/864/864 894/894/894
f 864/864/864 895/895/895 894/894/894
f 864/864/864 865/865/865 895/895/895
f 865/865/865 896/896/896 895/895/895
f 865/865/865 866/866/866 896/896/896
f 866/866/866 897/897/897 896/896/896
f 866/866/866 867/867/867 897/897/897
f 867/867/867 898/898/898 897/897/897
f 867/867/867 868/868/868 898/898/898
f 868/868/868 899/899/899 898/898/898
f 868/868/868 869/869/869 899/899/899
f 869/869/869 900/900/900 899/899/899
f 869/869/869 870/870/870 900/900/900
f 870/870/870 901/901/901 900/900/900
f 870/870/870 871/871/871 901/901/901
f 871/871/871 902/902/902 901/901/901
f 871/871/871 872/872/872 902/902/902
f 872/872/872 903/903/903 902/902/902
f 872/872/872 873/873/873 903/903/903
f 873/873/873 904/904/904 903/903/903
f 873/873/873 874/874/874 904/904/904
f 874/874/874 905/905/905 904/904/904
f 874/874/874 875/875/875 905/905/905
f 875/875/875 906/906/906 905/905/905
f 875/875/875 876/876/876 906/906/906
f 876/876/876 907/907/907 906/906/906
f 876/876/876 877/877/877 907/907/907
f 877/877/877 908/908/908 907/907/907
f 877/877/877 878/878/878 908/908/908
f 878/878/878 909/909/909 908/908/908
f 878/878/878 879/879/879 909/909/909
f 879/879/879 910/910/910 909/909/909
f 879/879/879 880/880/880 910/910/910
f 880/880/880 911/911/911 910/910/910
f 880/880/880 881/881/881 911/911/911
f 881/881/881 912/912/912 911/911/911
f 881/881/881 882/882/882 912/912/912
f 882/882/882 913/913/913 912/912/912
f 882/882/882 883/883/883 913/913/913
f 883/883/883 914/914/914 913/913/913
f 883/883/883 884/884/884 914/914/914
f 884/884/884 915/915/915 914/914/914
f 884/884/884 885/885/885 915/915/915
f 885/885/885 916/916/916 915/915/915
f 885/885/885 886/886/886 916/916/916
f 886/886/886 917/917/917 916/916/916
f 886/886/886 887/887/887 917/917/917
f 887/887/887 918/918/918 917/917/917
f 887/887/887 888/888/888 918/918/918
f 888/888/888 919/919/919 918/918/918
f 888/888/888 889/889/889 919/919/919
f 889/889/889 920/920/920 919/919/919
f 889/889/889 890/890/890 920/920/920
f 890/890/890 921/921/921 920/920/920
f 890/890/890 891/891/891 921/921/921
f 891/891/891 922/922/922 921/921/921
f 891/891/891 892/892/892 922/922/922
f 892/892/892 923/923/923 922/922/922
f 892/892/892 893/893/893 923/923/923
f 893/893/893 924/924/924 923/923/923
f 894/894/894 895/895/895 925/925/925
f 895/895/895 926/926/926 925/925/925
f 895/895/895 896/896/896 926/926/926
f 896/896/896 927/927/927 926/926/926
f 896/896/896 897/897/897 927/927/927
f 897/897/897 928/928/928 927/927/927
f 897/897/897 898/898/898 928/928/928
f 898/898/898 929/929/929 928/928/928
f 898/898/898 899/899/899 929/929/929
f 899/899/899 930/930/930 929/929/929
f 899/899/899 900/900/900 930/930/930
f 900/900/900 931/931/931 930/930/930
f 900/900/900 901/901/901 931/931/931
f 901/901/901 932/932/932 931/931/931
f 901/901/901 902/902/902 932/932/932
f 902/902/902 933/933/933 932/932/932
f 902/902/902 903/903/903 933/933/933
f 903/903/903 934/934/934 933/933/933
f 903/903/903 904/904/904 934/934/934
f 904/904/904 935/935/935 934/934/934
f 904/904/904 905/905/905 935/935/935
f 905/905/905 936/936/936 935/935/935
f 905/905/905 906/906/906 936/936/936
f 906/906/906 937/937/937 936/936/936
f 906/906/906 907/907/907 937/937/937
f 907/907/907 938/938/938 937/937/937
f 907/907/907 908/908/908 938/938/938
f 908/908/908 939/939/939 938/938/938
f 908/908/908 909/909/909 939/939/939
f 909/909/909 940/940/940 939/939/939
f 909/909/909 910/910/910 940/940/940
f 910/910/910 941/941/941 940/940/940
f 910/910/910 911/911/911 941/941/941
f 911/911/911 942/942/942 941/941/941
f 911/911/911 912/912/912 942/942/942
f 912/912/912 943/943/943 942/942/942
f 912/912/912 913/913/913 943/943/943
f 913/913/913 944/944/944 943/943/943
f 913/913/913 914/914/914 944/944/944
f 914/914/914 945/945/945 944/944/944
f 914/914/914 915/915/915 945/945/945
f 915/915/915 946/946/946 945/945/945
f 915/915/915 916/916/916 946/946/946
f 916/916/916 947/947/947 946/946/946
f 916/916/916 917/917/917 947/947/947
f 917/917/917 948/948/948 947/947/947
f 917/917/917 918/918/918 948/948/948
f 918/918/918 949/949/949 948/948/948
f 918/918/918 919/919/919 949/949/949
f 919/919/919 950/950/950 949/949/949
f 919/919/919 920/920/920 950/950/950
f 920/920/920 951/951/951 950/950/950
f 920/920/920 921/921/921 951/951/951
f 921/921/921 952/952/952 951/951/951
f 921/921/921 922/922/922 952/952/952
f 922/922/922 953/953/953 952/952/952
f 922/922/922 923/923/923 953/953/953
f 923/923/923 954/954/954 953/953/953
f 923/923/923 924/924/924 954/954/954
f 924/924/924 955/955/955 954/954/954
f 925/925/925 926/926/926 956/956/956
f 926/926/926 957/957/957 956/956/956
f 926/926/926 927/927/927 957/957/957
f 927/927/927 958/958/958 957/957/957
f 927/927/927 928/928/928 958/958/958
f 928/928/928 959/959/959 958/958/958
f 928/928/928 929/929/929 959/959/959
f 929/929/929 960/960/960 959/959/959
f 929/929/929 930/930/930 960/960/960
f 930/930/930 961/961/961 960/960/960
f 930/930/930 931/931/931 961/961/961
f 931/931/931 962/962/962 961/961/961
f 931/931/931 932/932/932 962/962/962
f 932/932/932 963/963/963 962/962/962
f 932/932/932 933/933/933 963/963/963
f 933/933/933 964/964/964 963/963/963
f 933/933/933 934/934/934 964/964/964
f 934/934/934 965/965/965 964/964/964
f 934/934/934 935/935/935 965/965/965
f 935/935/935 966/966/966 965/965/965
f 935/935/935 936/936/936 966/966/966
f 936/936/936 967/967/967 966/966/966
f 936/936/936 937/937/937 967/967/967
f 937/937/937 968/968/968 967/967/967
f 937/937/937 938/938/938 968/968/968
f 938/938/938 969/969/969 968/968/968
f 938/938/938 939/939/939 969/969/969
f 939/939/939 970/970/970 969/969/969
f 939/939/939 940/940/940 970/970/970
f 940/940/940 971/971/971 970/970/970
f 940/940/940 941/941/941 971/971/971
f 941/941/941 972/972/972 971/971/971
f 941/941/941 942/942/942 972/972/972
f 942/942/942 973/973/973 972/972/972
f 942/942/942 943/943/943 973/973/973
f 943/943/943 974/974/974 973/973/973
f 943/943/943 944/944/944 974/974/974
f 944/944/944 975/975/975 974/974/974
f 944/944/944 945/945/945 975/975/975
f 945/945/945 976/976/976 975/975/975
f 945/945/945 946/946/946 976/976/976
f 946/946/946 977/977/977 976/976/976
f 946/946/946 947/947/947 977/977/977
f 947/947/947 978/978/978 977/977/977
f 947/947/947 948/948/948 978/978/978
f 948/948/948 979/979/979 978/978/978
f 948/948/948 949/949/949 979/979/979
f 949/949/949 980/980/980 979/979/979
f 949/949/949 950/950/950 980/980/980
f 950/950/950 981/981/981 980/980/980
f 950/950/950 951/951/951 981/981/981
f 951/951/951 982/982/982 981/981/981
f 951/951/951 952/952/952 982/982/982
f 952/952/952 983/983/983 982/982/982
f 952/952/952 953/953/953 983/983/983
f 953/953/953 984/984/984 983/983/983
f 953/953/953 954/954/954 984/984/984
f 954/954/954 985/985/985 984/984/984
f 954/954/954 955/955/955 985/985/985
f 955/955/955 986/986/986 985/985/985
f 956/956/956 957/957/957 987/987/987
f 957/957/957 988/988/988 987/987/987
f 957/957/957 958/958/958 988/988/988
f 958/958/958 989/989/989 988/988/988
f 958/958/958 959/959/959 989/989/989
f 959/959/959 990/990/990 989/989/989
f 959/959/959 960/960/960 990/990/990
f 960/960/960 991/991/991 990/990/990
f 960/960/960 961/961/961 991/991/991
f 961/961/961 992/992/992 991/991/991
f 961/961/961 962/962/962 992/992/992
f 962/962/962 993/993/993 992/992/992
f 962/962/962 963/963/963 993/993/993
f 963/963/963 994/994/994 993/993/993
f 963/963/963 964/964/964 994/994/994
f 964/964/964 995/995/995 994/994/994
f 964/964/964 965/965/965 995/995/995
f 965/965/965 996/996/996 995/995/995
f 965/965/965 966/966/966 996/996/996
f 966/966/966 997/997/997 996/996/996
f 966/966/966 967/967/967 997/997/997
f 967/967/967 998/998/998 997/997/997
f 967/967/967 968/968/968 998/998/998
f 968/968/968 999/999/999 998/998/998
f 968/968/968 969/969/969 999/999/999
f 969/969/969 1000/1000/1000 999/999/999
f 969/969/969 970/970/970 1000/1000/1000
f 970/970/970 1001/1001/1001 1000/1000/1000
f 970/970/970 971/971/971 1001/1001/1001
f 971/971/971 1002/1002/1002 1001/1001/1001
f 971/971/971 972/972/972 1002/1002/1002
f 972/972/972 1003/1003/1003 1002/1002/1002
f 972/972/972 973/973/973 1003/1003/1003
f 973/973/973 1004/1004/1004 1003/1003/1003
f 973/973/973 974/974/974 1004/1004/1004
f 974/974/974 1005/1005/1005 1004/1004/1004
f 974/974/974 975/975/975 1005/1005/1005
f 975/975/975 1006/1006/1006 1005/1005/1005
f 975/975/975 976/976/976 1006/1006/1006
f 976/976/976 1007/1007/1007 1006/1006/1006
f 976/976/976 977/977/977 1007/1007/1007
f 977/977/977 1008/1008/1008 1007/1007/1007
f 977/977/977 978/978/978 1008/1008/1008
f 978/978/978 1009/1009/1009 1008/1008/1008
f 978/978/978 979/979/979 1009/1009/1009
f 979/979/979 1010/1010/1010 1009/1009/1009
f 979/979/979 980/980/980 1010/1010/1010
f 980/980/980 1011/1011/1011 1010/1010/1010
f 980/980/980 981/981/981 1011/1011/1011
f 981/981/981 1012/1012/1012 1011/1011/1011
f 981/981/981 982/982/982 1012/1012/1012
f 982/982/982 1013/1013/1013 1012/1012/1012
f 982/982/982 983/983/983 1013/1013/1013
f 983/983/983 1014/1014/1014 1013/1013/1013
f 983/983/983 984/984/984 1014/1014/1014
f 984/984/984 1015/1015/1015 1014/1014/1014
f 984/984/984 985/985/985 1015/1015/1015
f 985/985/985 1016/1016/1016 1015/1015/1015
f 985/985/985 986/986/986 1016/1016/1016
f 986/986/986 1017/1017/1017 1016/1016/1016
f 987/987/987 988/988/988 1018/1018/1018
f 988/988/988 1019/1019/1019 1018/1018/1018
f 988/988/988 989/989/989 1019/1019/1019
f 989/989/989 1020/1020/1020 1019/1019/1019
f 989/989/989 990/990/990 1020/1020/1020
f 990/990/990 1021/1021/1021 1020/1020/1020
f 990/990/990 991/991/991 1021/1021/1021
f 991/991/991 1022/1022/1022 1021/1021/1021
f 991/991/991 992/992/992 1022/1022/1022
f 992/992/992 1023/1023/1023 1022/1022/1022
f 992/992/992 993/993/993 1023/1023/1023
f 993/993/993 1024/1024/1024 1023/1023/1023
f 993/993/993 994/994/994 1024/1024/1024
f 994/994/994 1025/1025/1025 1024/1024/1024
f 994/994/994 995/995/995 1025/1025/1025
f 995/995/995 1026/1026/1026 1025/1025/1025
f 995/995/995 996/996/996 1026/1026/1026
f 996/996/996 1027/1027/1027 1026/1026/1026
f 996/996/996 997/997/997 1027/1027/1027
f 997/997/997 1028/1028/1028 1027/1027/1027
f 997/997/997 998/998/998 1028/1028/1028
f 998/998/998 1029/1029/1029 1028/1028/1028
f 998/998/998 999/999/999 1029/1029/1029
f 999/999/999 1030/1030/1030 1029/1029/1029
f 999/999/999 1000/1000/1000 1030/1030/1030
f 1000/1000/1000 1031/1031/1031 1030/1030/1030
f 1000/1000/1000 1001/1001/1001 1031/1031/1031
f 1001/1001/1001 1032/1032/1032 1031/1031/1031
f 1001/1001/1001 1002/1002/1002 1032/1032/1032
f 1002/1002/1002 1033/1033/1033 1032/1032/1032
f 1002/1002/1002 1003/1003/1003 1033/1033/1033
f 1003/1003/1003 1034/1034/1034 1033/1033/1033
f 1003/1003/1003 1004/1004/1004 1034/1034/1034
f 1004/1004/1004 1035/1035/1035 1034/1034/1034
f 1004/1004/1004 1005/1005/1005 1035/1035/1035
f 1005/1005/1005 1036/1036/1036 1035/1035/1035
f 1005/1005/1005 1006/1006/1006 1036/1036/1036
f 1006/1006/1006 1037/1037/1037 1036/1036/1036
f 1006/1006/1006 1007/1007/1007 1037/1037/1037
f 1007/1007/1007 1038/1038/1038 1037/1037/1037
f 1007/1007/1007 1008/1008/1008 1038/1038/1038
f 1008/1008/1008 1039/1039/1039 1038/1038/1038
f 1008/1008/1008 1009/1009/1009 1039/1039/1039
f 1009/1009/1009 1040/1040/1040 1039/1039/1039
f 1009/1009/1009 1010/1010/1010 1040/1040/1040
f 1010/1010/1010 1041/1041/1041 1040/1040/1040
f 1010/1010/1010 1011/1011/1011 1041/1041/1041
f 1011/1011/1011 1042/1042/1042 1041/1041/1041
f 1011/1011/1011 1012/1012/1012 1042/1042/1042
f 1012/1012/1012 1043/1043/1043 1042/1042/1042
f 1012/1012/1012 1013/1013/1013 1043/1043/1043
f 1013/1013/1013 1044/1044/1044 1043/1043/1043
f 1013/1013/1013 1014/1014/1014 1044/1044/1044
f 1014/1014/1014 1045/1045/1045 1044/1044/1044
f 1014/1014/1014 1015/1015/1015 1045/1045/1045
f 1015/1015/1015 1046/1046/1046 1045/1045/1045
f 1015/1015/1015 1016/1016/1016 1046/1046/1046
f 1016/1016/1016 1047/1047/1047 1046/1046/1046
f 1016/1016/1016 1017/1017/1017 1047/1047/1047
f 1017/1017/1017 1048/1048/1048 1047/1047/1047
f 1018/1018/1018 1019/1019/1019 1049/1049/1049
f 1019/1019/1019 1050/1050/1050 1049/1049/1049
f 1019/1019/1019 1020/1020/1020 1050/1050/1050
f 1020/1020/1020 1051/1051/1051 1050/1050/1050
f 1020/1020/1020 1021/1021/1021 1051/1051/1051
f 1021/1021/1021 1052/1052/1052 1051/1051/1051
f 1021/1021/1021 1022/1022/1022 1052/1052/1052
f 1022/1022/1022 1053/1053/1053 1052/1052/1052
f 1022/1022/1022 1023/1023/1023 1053/1053/1053
f 1023/1023/1023 1054/1054/1054 1053/1053/1053
f 1023/1023/1023 1024/1024/1024 1054/1054/1054
f 1024/1024/1024 1055/1055/1055 1054/1054/1054
f 1024/1024/1024 1025/1025/1025 1055/1055/1055
f 1025/1025/1025 1056/1056/1056 1055/1055/1055
f 1025/1025/1025 1026/1026/1026 1056/1056/1056
f 1026/1026/1026 1057/1057/1057 1056/1056/1056
f 1026/1026/1026 1027/1027/1027 1057/1057/1057
f 1027/1027/1027 1058/1058/1058 1057/1057/1057
f 1027/1027/1027 1028/1028/1028 1058/1058/1058
f 1028/1028/1028 1059/1059/1059 1058/1058/1058
f 1028/1028/1028 1029/1029/1029 1059/1059/1059
f 1029/1029/1029 1060/1060/1060 1059/1059/1059
f 1029/1029/1029 1030/1030/1030 1060/1060/1060
f 1030/1030/1030 1061/1061/1061 1060/1060/1060
f 1030/1030/1030 1031/1031/1031 1061/1061/1061
f 1031/1031/1031 1062/1062/1062 1061/1061/1061
f 1031/1031/1031 1032/1032/1032 1062/1062/1062
f 1032/1032/1032 1063/1063/1063 1062/1062/1062
f 1032/1032/1032 1033/1033/1033 1063/1063/1063
f 1033/1033/1033 1064/1064/1064 1063/1063/1063
f 1033/1033/1033 1034/1034/1034 1064/1064/1064
f 1034/1034/1034 1065/1065/1065 1064/1064/1064
f 1034/1034/1034 1035/1035/1035 1065/1065/1065
f 1035/1035/1035 1066/1066/1066 1065/1065/1065
f 1035/1035/1035 1036/1036/1036 1066/1066/1066
f 1036/1036/1036 1067/1067/1067 1066/1066/1066
f 1036/1036/1036 1037/1037/1037 1067/1067/1067
f 1037/1037/1037 1068/1068/1068 1067/1067/1067
f 1037/1037/1037 1038/1038/1038 1068/1068/1068
f 1038/1038/1038 1069/1069/1069 1068/1068/1068
f 1038/1038/1038 1039/1039/1039 1069/1069/1069
f 1039/1039/1039 1070/1070/1070 1069/1069/1069
f 1039/1039/1039 1040/1040/1040 1070/1070/1070
f 1040/1040/1040 1071/1071/1071 1070/1070/1070
f 1040/1040/1040 1041/1041/1041 1071/1071/1071
f 1041/1041/1041 1072/1072/1072 1071/1071/1071
f 1041/1041/1041 1042/1042/1042 1072/1072/1072
f 1042/1042/1042 1073/1073/1073 1072/1072/1072
f 1042/1042/1042 1043/1043/1043 1073/1073/1073
f 1043/1043/1043 1074/1074/1074 1073/1073/1073
f 1043/1043/1043 1044/1044/1044 1074/1074/1074
f 1044/1044/1044 1075/1075/1075 1074/1074/1074
f 1044/1044/1044 1045/1045/1045 1075/1075/1075
f 1045/1045/1045 1076/1076/1076 1075/1075/1075
f 1045/1045/1045 1046/1046/1046 1076/1076/1076
f 1046/1046/1046 1077/1077/1077 1076/1076/1076
f 1046/1046/1046 1047/1047/1047 1077/1077/1077
f 1047/1047/1047 1078/1078/1078 1077/1077/1077
f 1047/1047/1047 1048/1048/1048 1078/1078/1078
f 1048/1048/1048 1079/1079/1079 1078/1078/1078
f 1049/1049/1049 1050/1050/1050 1080/1080/1080
f 1050/1050/1050 1081/1081/1081 1080/1080/1080
f 1050/1050/1050 1051/1051/1051 1081/1081/1081
f 1051/1051/1051 1082/1082/1082 1081/1081/1081
f 1051/1051/1051 1052/1052/1052 1082/1082/1082
f 1052/1052/1052 1083/1083/1083 1082/1082/1082
f 1052/1052/1052 1053/1053/1053 1083/1083/1083
f 1053/1053/1053 1084/1084/1084 1083/1083/1083
f 1053/1053/1053 1054/1054/1054 1084/1084/1084
f 1054/1054/1054 1085/1085/1085 1084/1084/1084
f 1054/1054/1054 1055/1055/1055 1085/1085/1085
f 1055/1055/1055 1086/1086/1086 1085/1085/1085
f 1055/1055/1055 1056/1056/1056 1086/1086/1086
f 1056/1056/1056 1087/1087/1087 1086/1086/1086
f 1056/1056/1056 1057/1057/1057 1087/1087/1087
f 1057/1057/1057 1088/1088/1088 1087/1087/1087
f 1057/1057/1057 1058/1058/1058 1088/1088/1088
f 1058/1058/1058 1089/1089/1089 1088/1088/1088
f 1058/1058/1058 1059/1059/1059 1089/1089/1089
f 1059/1059/1059 1090/1090/1090 1089/1089/1089
f 1059/1059/1059 1060/1060/1060 1090/1090/1090
f 1060/1060/1060 1091/1091/1091 1090/1090/1090
f 1060/1060/1060 1061/1061/1061 1091/1091/1091
f 1061/1061/1061 1092/1092/1092 1091/1091/1091
f 1061/1061/1061 1062/1062/1062 1092/1092/1092
f 1062/1062/1062 1093/1093/1093 1092/1092/1092
f 1062/1062/1062 1063/1063/1063 1093/1093/1093
f 1063/1063/1063 1094/1094/1094 1093/1093/1093
f 1063/1063/1063 1064/1064/1064 1094/1094/1094
f 1064/1064/1064 1095/1095/1095 1094/1094/1094
f 1064/1064/1064 1065/1065/1065 1095/1095/1095
f 1065/1065/1065 1096/1096/1096 1095/1095/1095
f 1065/1065/1065 1066/1066/1066 1096/1096/1096
f 1066/1066/1066 1097/1097/1097 1096/1096/1096
f 1066/1066/1066 1067/1067/1067 1097/1097/1097
f 1067/1067/1067 1098/1098/1098 1097/1097/1097
f 1067/1067/1067 1068/1068/1068 1098/1098/1098
f 1068/1068/1068 1099/1099/1099 1098/1098/1098
f 1068/1068/1068 1069/1069/1069 1099/1099/1099
f 1069/1069/1069 1100/1100/1100 1099/1099/1099
f 1069/1069/1069 1070/1070/1070 1100/1100/1100
f 1070/1070/1070 1101/1101/1101 1100/1100/1100
f 1070/1070/1070 1071/1071/1071 1101/1101/1101
f 1071/1071/1071 1102/1102/1102 1101/1101/1101
f 1071/1071/1071 1072/1072/1072 1102/1102/1102
f 1072/1072/1072 1103/1103/1103 1102/1102/1102
f 1072/1072/1072 1073/1073/1073 1103/1103/1103
f 1073/1073/1073 1104/1104/1104 1103/1103/1103
f 1073/1073/1073 1074/1074/1074 1104/1104/1104
f 1074/1074/1074 1105/1105/1105 1104/1104/1104
f 1074/1074/1074 1075/1075/1075 1105/1105/1105
f 1075/1075/1075 1106/1106/1106 1105/1105/1105
f 1075/1075/1075 1076/1076/1076 1106/1106/1106
f 1076/1076/1076 1107/1107/1107 1106/1106/1106
f 1076/1076/1076 1077/1077/1077 1107/1107/1107
f 1077/1077/1077 1108/1108/1108 1107/1107/1107
f 1077/1077/1077 1078/1078/1078 1108/1108/1108
f 1078/1078/1078 1109/1109/1109 1108/1108/1108
f 1078/1078/1078 1079/1079/1079 1109/1109/1109
f 1079/1079/1079 1110/1110/1110 1109/1109/1109
f 1111/1111/1111 1112/1112/1112 1154/1154/1154
f 1112/1112/1112 1155/1155/1155 1154/1154/1154
f 1112/1112/1112 1113/1113/1113 1155/1155/1155
f 1113/1113/1113 1156/1156/1156 1155/1155/1155
f 1113/1113/1113 1114/1114/1114 1156/1156/1156
f 1114/1114/1114 1157/1157/1157 1156/1156/1156
f 1114/1114/1114 1115/1115/1115 1157/1157/1157
f 1115/1115/1115 1158/1158/1158 1157/1157/1157
f 1115/1115/1115 1116/1116/1116 1158/1158/1158
f 1116/1116/1116 1159/1159/1159 1158/1158/1158
f 1116/1116/1116 1117/1117/1117 1159/1159/1159
f 1117/1117/1117 1160/1160/1160 1159/1159/1159
f 1117/1117/1117 1118/1118/1118 1160/1160/1160
f 1118/1118/1118 1161/1161/1161 1160/1160/1160
f 1118/1118/1118 1119/1119/1119 1161/1161/1161
f 1119/1119/1119 1162/1162/1162 1161/1161/1161
f 1119/1119/1119 1120/1120/1120 1162/1162/1162
f 1120/1120/1120 1163/1163/1163 1162/1162/1162
f 1120/1120/1120 1121/1121/1121 1163/1163/1163
f 1121/1121/1121 1164/1164/1164 1163/1163/1163
f 1121/1121/1121 1122/1122/1122 1164/1164/1164
f 1122/1122/1122 1165/1165/1165 1164/1164/1164
f 1122/1122/1122 1123/1123/1123 1165/1165/1165
f 1123/1123/1123 1166/1166/1166 1165/1165/1165
f 1123/1123/1123 1124/1124/1124 1166/1166/1166
f 1124/1124/1124 1167/1167/1167 1166/1166/1166
f 1124/1124/1124 1125/1125/1125 1167/1167/1167
f 1125/1125/1125 1168/1168/1168 1167/1167/1167
f 1125/1125/1125 1126/1126/1126 1168/1168/1168
f 1126/1126/1126 1169/1169/1169 1168/1168/1168
f 1126/1126/1126 1127/1127/1127 1169/1169/1169
f 1127/1127/1127 1170/1170/1170 1169/1169/1169
f 1127/1127/1127 1128/1128/1128 1170/1170/1170
f 1128/1128/1128 1171/1171/1171 1170/1170/1170
f 1128/1128/1128 1129/1129/1129 1171/1171/1171
f 1129/1129/1129 1172/1172/1172 1171/1171/1171
f 1129/1129/1129 1130/1130/1130 1172/1172/1172
f 1130/1130/1130 1173/1173/1173 1172/1172/1172
f 1130/1130/1130 1131/1131/1131 1173/1173/1173
f 1131/1131/1131 1174/1174/1174 1173/1173/1173
f 1131/1131/1131 1132/1132/1132 1174/1174/1174
f 1132/1132/1132 1175/1175/1175 1174/1174/1174
f 1132/1132/1132 1133/1133/1133 1175/1175/1175
f 1133/1133/1133 1176/1176/1176 1175/1175/1175
f 1133/1133/1133 1134/1134/1134 1176/1176/1176
f 1134/1134/1134 1177/1177/1177 1176/1176/1176
f 1134/1134/1134 1135/1135/1135 1177/1177/1177
f 1135/1135/1135 1178/1178/1178 1177/1177/1177
f 1135/1135/1135 1136/1136/1136 1178/1178/1178
f 1136/1136/1136 1179/1179/1179 1178/1178/1178
f 1136/1136/1136 1137/1137/1137 1179/1179/1179
f 1137/1137/1137 1180/1180/1180 1179/1179/1179
f 1137/1137/1137 1138/1138/1138 1180/1180/1180
f 1138/1138/1138 1181/1181/1181 1180/1180/1180
f 1138/1138/1138 1139/1139/1139 1181/1181/1181
f 1139/1139/1139 1182/1182/1182 1181/1181/1181
f 1139/1139/1139 1140/1140/1140 1182/1182/1182
f 1140/1140/1140 1183/1183/1183 1182/1182/1182
f 1140/1140/1140 1141/1141/1141 1183/1183/1183
f 1141/1141/1141 1184/1184/1184 1183/1183/1183
f 1141/1141/1141 1142/1142/1142 1184/1184/1184
f 1142/1142/1142 1185/1185/1185 1184/1184/1184
f 1142/1142/1142 1143/1143/1143 1185/1185/1185
f 1143/1143/1143 1186/1186/1186 1185/1185/1185
f 1143/1143/1143 1144/1144/1144 1186/1186/1186
f 1144/1144/1144 1187/1187/1187 1186/1186/1186
f 1144/1144/1144 1145/1145/1145 1187/1187/1187
f 1145/1145/1145 1188/1188/1188 1187/1187/1187
f 1145/1145/1145 1146/1146/1146 1188/1188/1188
f 1146/1146/1146 1189/1189/1189 1188/1188/1188
f 1146/1146/1146 1147/1147/1147 1189/1189/1189
f 1147/1147/1147 1190/1190/1190 1189/1189/1189
f 1147/1147/1147 1148/1148/1148 1190/1190/1190
f 1148/1148/1148 1191/1191/1191 1190/1190/1190
f 1148/1148/1148 1149/1149/1149 1191/1191/1191
f 1149/1149/1149 1192/1192/1192 1191/1191/1191
f 1149/1149/1149 1150/1150/1150 1192/1192/1192
f 1150/1150/1150 1193/1193/1193 1192/1192/1192
f 1150/1150/1150 1151/1151/1151 1193/1193/1193
f 1151/1151/1151 1194/1194/1194 1193/1193/1193
f 1151/1151/1151 1152/1152/1152 1194/1194/1194
f 1152/1152/1152 1195/1195/1195 1194/1194/1194
f 1152/1152/1152 1153/1153/1153 1195/1195/1195
f 1153/1153/1153 1196/1196/1196 1195/1195/1195
f 1154/1154/1154 1155/1155/1155 1197/1197/1197
f 1155/1155/1155 1198/1198/1198 1197/1197/1197
f 1155/1155/1155 1156/1156/1156 1198/1198/1198
f 1156/1156/1156 1199/1199/1199 1198/1198/1198
f 1156/1156/1156 1157/1157/1157 1199/1199/1199
f 1157/1157/1157 1200/1200/1200 1199/1199/1199
f 1157/1157/1157 1158/1158/1158 1200/1200/1200
f 1158/1158/1158 1201/1201/1201 1200/1200/1200
f 1158/1158/1158 1159/1159/1159 1201/1201/1201
f 1159/1159/1159 1202/1202/1202 1201/1201/1201
f 1159/1159/1159 1160/1160/1160 1202/1202/1202
f 1160/1160/1160 1203/1203/1203 1202/1202/1202
f 1160/1160/1160 1161/1161/1161 1203/1203/1203
f 1161/1161/1161 1204/1204/1204 1203/1203/1203
f 1161/1161/1161 1162/1162/1162 1204/1204/1204
f 1162/1162/1162 1205/1205/1205 1204/1204/1204
f 1162/1162/1162 1163/1163/1163 1205/1205/1205
f 1163/1163/1163 1206/1206/1206 1205/1205/1205
f 1163/1163/1163 1164/1164/1164 1206/1206/1206
f 1164/1164/1164 1207/1207/1207 1206/1206/1206
f 1164/1164/1164 1165/1165/1165 1207/1207/1207
f 1165/1165/1165 1208/1208/1208 1207/1207/1207
f 1165/1165/1165 1166/1166/1166 1208/1208/1208
f 1166/1166/1166 1209/1209/1209 1208/1208/1208
f 1166/1166/1166 1167/1167/1167 1209/1209/1209
f 1167/1167/1167 1210/1210/1210 1209/1209/1209
f 1167/1167/1167 1168/1168/1168 1210/1210/1210
f 1168/1168/1168 1211/1211/1211 1210/1210/1210
f 1168/1168/1168 1169/1169/1169 1211/1211/1211
f 1169/1169/1169 1212/1212/1212 1211/1211/1211
f 1169/1169/1169 1170/1170/1170 1212/1212/1212
f 1170/1170/1170 1213/1213/1213 1212/1212/1212
f 1170/1170/1170 1171/1171/1171 1213/1213/1213
f 1171/1171/1171 1214/1214/1214 1213/1213/1213
f 1171/1171/1171 1172/1172/1172 1214/1214/1214
f 1172/1172/1172 1215/1215/1215 1214/1214/1214
f 1172/1172/1172 1173/1173/1173 1215/1215/1215
f 1173/1173/1173 1216/1216/1216 1215/1215/1215
f 1173/1173/1173 1174/1174/1174 1216/1216/1216
f 1174/1174/1174 1217/1217/1217 1216/1216/1216
f 1174/1174/1174 1175/1175/1175 1217/1217/1217
f 1175/1175/1175 1218/1218/1218 1217/1217/1217
f 1175/1175/1175 1176/1176/1176 1218/1218/1218
f 1176/1176/1176 1219/1219/1219 1218/1218/1218
f 1176/1176/1176 1177/1177/1177 1219/1219/1219
f 1177/1177/1177 1220/1220/1220 1219/1219/1219
f 1177/1177/1177 1178/1178/1178 1220/1220/1220
f 1178/1178/1178 1221/1221/1221 1220/1220/1220
f 1178/1178/1178 1179/1179/1179 1221/1221/1221
f 1179/1179/1179 1222/1222/1222 1221/1221/1221
f 1179/1179/1179 1180/1180/1180 1222/1222/1222
f 1180/1180/1180 1223/1223/1223 1222/1222/1222
f 1180/1180/1180 1181/1181/1181 1223/1223/1223
f 1181/1181/1181 1224/1224/1224 1223/1223/1223
f 1181/1181/1181 1182/1182/1182 1224/1224/1224
f 1182/1182/1182 1225/1225/1225 1224/1224/1224
f 1182/1182/1182 1183/1183/1183 1225/1225/1225
f 1183/1183/1183 1226/1226/1226 1225/1225/1225
f 1183/1183/1183 1184/1184/1184 1226/1226/1226
f 1184/1184/1184 1227/1227/1227 1226/1226/1226
f 1184/1184/1184 1185/1185/1185 1227/1227/1227
f 1185/1185/1185 1228/1228/1228 1227/1227/1227
f 1185/1185/1185 1186/1186/1186 1228/1228/1228
f 1186/1186/1186 1229/1229/1229 1228/1228/1228
f 1186/1186/1186 1187/1187/1187 1229/1229/1229
f 1187/1187/1187 1230/1230/1230 1229/1229/1229
f 1187/1187/1187 1188/1188/1188 1230/1230/1230
f 1188/1188/1188 1231/1231/1231 1230/1230/1230
f 1188/1188/1188 1189/1189/1189 1231/1231/1231
f 1189/1189/1189 1232/1232/1232 1231/1231/1231
f 1189/1189/1189 1190/1190/1190 1232/1232/1232
f 1190/1190/1190 1233/1233/1233 1232/1232/1232
f 1190/1190/1190 1191/1191/1191 1233/1233/1233
f 1191/1191/1191 1234/1234/1234 1233/1233/1233
f 1191/1191/1191 1192/1192/1192 1234/1234/1234
f 1192/1192/1192 1235/1235/1235 1234/1234/1234
f 1192/1192/1192 1193/1193/1193 1235/1235/1235
f 1193/1193/1193 1236/1236/1236 1235/1235/1235
f 1193/1193/1193 1194/1194/1194 1236/1236/1236
f 1194/1194/1194 1237/1237/1237 1236/1236/1236
f 1194/1194/1194 1195/1195/1195 1237/1237/1237
f 1195/1195/1195 1238/1238/1238 1237/1237/1237
f 1195/1195/1195 1196/1196/1196 1238/1238/1238
f 1196/1196/1196 1239/1239/1239 1238/1238/1238
f 1197/1197/1197 1198/1198/1198 1240/1240/1240
f 1198/1198/1198 1241/1241/1241 1240/1240/1240
f 1198/1198/1198 1199/1199/1199 1241/1241/1241
f 1199/1199/1199 1242/1242/1242 1241/1241/1241
f 1199/1199/1199 1200/1200/1200 1242/1242/1242
f 1200/1200/1200 1243/1243/1243 1242/1242/1242
f 1200/1200/1200 1201/1201/1201 1243/1243/1243
f 1201/1201/1201 1244/1244/1244 1243/1243/1243
f 1201/1201/1201 1202/1202/1202 1244/1244/1244
f 1202/1202/1202 1245/1245/1245 1244/1244/1244
f 1202/1202/1202 1203/1203/1203 1245/1245/1245
f 1203/1203/1203 1246/1246/1246 1245/1245/1245
f 1203/1203/1203 1204/1204/1204 1246/1246/1246
f 1204/1204/1204 1247/1247/1247 1246/1246/1246
f 1204/1204/1204 1205/1205/1205 1247/1247/1247
f 1205/1205/1205 1248/1248/1248 1247/1247/1247
f 1205/1205/1205 1206/1206/1206 1248/1248/1248
f 1206/1206/1206 1249/1249/1249 1248/1248/1248
f 1206/1206/1206 1207/1207/1207 1249/1249/1249
f 1207/1207/1207 1250/1250/1250 1249/1249/1249
f 1207/1207/1207 1208/1208/1208 1250/1250/1250
f 1208/1208/1208 1251/1251/1251 1250/1250/1250
f 1208/1208/1208 1209/1209/1209 1251/1251/1251
f 1209/1209/1209 1252/1252/1252 1251/1251/1251
f 1209/1209/1209 1210/1210/1210 1252/1252/1252
f 1210/1210/1210 1253/1253/1253 1252/1252/1252
f 1210/1210/1210 1211/1211/1211 1253/1253/1253
f 1211/1211/1211 1254/1254/1254 1253/1253/1253
f 1211/1211/1211 1212/1212/1212 1254/1254/1254
f 1212/1212/1212 1255/1255/1255 1254/1254/1254
f 1212/1212/1212 1213/1213/1213 1255/1255/1255
f 1213/1213/1213 1256/1256/1256 1255/1255/1255
f 1213/1213/1213 1214/1214/1214 1256/1256/1256
f 1214/1214/1214 1257/1257/1257 1256/1256/1256
f 1214/1214/1214 1215/1215/1215 1257/1257/1257
f 1215/1215/1215 1258/1258/1258 1257/1257/1257
f 1215/1215/1215 1216/1216/1216 1258/1258/1258
f 1216/1216/1216 1259/1259/1259 1258/1258/1258
f 1216/1216/1216 1217/1217/1217 1259/1259/1259
f 1217/1217/1217 1260/1260/1260 1259/1259/1259
f 1217/1217/1217 1218/1218/1218 1260/1260/1260
f 1218/1218/1218 1261/1261/1261 1260/1260/1260
f 1218/1218/1218 1219/1219/1219 1261/1261/1261
f 1219/1219/1219 1262/1262/1262 1261/1261/1261
f 1219/1219/1219 1220/1220/1220 1262/1262/1262
f 1220/1220/1220 1263/1263/1263 1262/1262/1262
f 1220/1220/1220 1221/1221/1221 1263/1263/1263
f 1221/1221/1221 1264/1264/1264 1263/1263/1263
f 1221/1221/1221 1222/1222/1222 1264/1264/1264
f 1222/1222/1222 1265/1265/1265 1264/1264/1264
f 1222/1222/1222 1223/1223/1223 1265/1265/1265
f 1223/1223/1223 1266/1266/1266 1265/1265/1265
f 1223/1223/1223 1224/1224/1224 1266/1266/1266
f 1224/1224/1224 1267/1267/1267 1266/1266/1266
f 1224/1224/1224 1225/1225/1225 1267/1267/1267
f 1225/1225/1225 1268/1268/1268 1267/1267/1267
f 1225/1225/1225 1226/1226/1226 1268/1268/1268
f 1226/1226/1226 1269/1269/1269 1268/1268/1268
f 1226/1226/1226 1227/1227/1227 1269/1269/1269
f 1227/1227/1227 1270/1270/1270 1269/1269/1269
f 1227/1227/1227 1228/1228/1228 1270/1270/1270
f 1228/1228/1228 1271/1271/1271 1270/1270/1270
f 1228/1228/1228 1229/1229/1229 1271/1271/1271
f 1229/1229/1229 1272/1272/1272 1271/1271/1271
f 1229/1229/1229 1230/1230/1230 1272/1272/1272
f 1230/1230/1230 1273/1273/1273 1272/1272/1272
f 1230/1230/1230 1231/1231/1231 1273/1273/1273
f 1231/1231/1231 1274/1274/1274 1273/1273/1273
f 1231/1231/1231 1232/1232/1232 1274/1274/1274
f 1232/1232/1232 1275/1275/1275 1274/1274/1274
f 1232/1232/1232 1233/1233/1233 1275/1275/1275
f 1233/1233/1233 1276/1276/1276 1275/1275/1275
f 1233/1233/1233 1234/1234/1234 1276/1276/1276
f 1234/1234/1234 1277/1277/1277 1276/1276/1276
f 1234/1234/1234 1235/1235/1235 1277/1277/1277
f 1235/1235/1235 1278/1278/1278 1277/1277/1277
f 1235/1235/1235 1236/1236/1236 1278/1278/1278
f 1236/1236/1236 1279/1279/1279 1278/1278/1278
f 1236/1236/1236 1237/1237/1237 1279/1279/1279
f 1237/1237/1237 1280/1280/1280 1279/1279/1279
f 1237/1237/1237 1238/1238/1238 1280/1280/1280
f 1238/1238/1238 1281/1281/1281 1280/1280/1280
f 1238/1238/1238 1239/1239/1239 1281/1281/1281
f 1239/1239/1239 1282/1282/1282 1281/1281/1281
f 1240/1240/1240 1241/1241/1241 1283/1283/1283
f 1241/1241/1241 1284/1284/1284 1283/1283/1283
f 1241/1241/1241 1242/1242/1242 1284/1284/1284
f 1242/1242/1242 1285/1285/1285 1284/1284/1284
f 1242/1242/1242 1243/1243/1243 1285/1285/1285
f 1243/1243/1243 1286/1286/1286 1285/1285/1285
f 1243/1243/1243 1244/1244/1244 1286/1286/1286
f 1244/1244/1244 1287/1287/1287 1286/1286/1286
f 1244/1244/1244 1245/1245/1245 1287/1287/1287
f 1245/1245/1245 1288/1288/1288 1287/1287/1287
f 1245/1245/1245 1246/1246/1246 1288/1288/1288
f 1246/1246/1246 1289/1289/1289 1288/1288/1288
f 1246/1246/1246 1247/1247/1247 1289/1289/1289
f 1247/1247/1247 1290/1290/1290 1289/1289/1289
f 1247/1247/1247 1248/1248/1248 1290/1290/1290
f 1248/1248/1248 1291/1291/1291 1290/1290/1290
f 1248/1248/1248 1249/1249/1249 1291/1291/1291
f 1249/1249/1249 1292/1292/1292 1291/1291/1291
f 1249/1249/1249 1250/1250/1250 1292/1292/1292
f 1250/1250/1250 1293/1293/1293 1292/1292/1292
f 1250/1250/1250 1251/1251/1251 1293/1293/1293
f 1251/1251/1251 1294/1294/1294 1293/1293/1293
f 1251/1251/1251 1252/1252/1252 1294/1294/1294
f 1252/1252/1252 1295/1295/1295 1294/1294/1294
f 1252/1252/1252 1253/1253/1253 1295/1295/1295
f 1253/1253/1253 1296/1296/1296 1295/1295/1295
f 1253/1253/1253 1254/1254/1254 1296/1296/1296
f 1254/1254/1254 1297/1297/1297 1296/1296/1296
f 1254/1254/1254 1255/1255/1255 1297/1297/1297
f 1255/1255/1255 1298/1298/1298 1297/1297/1297
f 1255/1255/1255 1256/1256/1256 1298/1298/1298
f 1256/1256/1256 1299/1299/1299 1298/1298/1298
f 1256/1256/1256 1257/1257/1257 1299/1299/1299
f 1257/1257/1257 1300/1300/1300 1299/1299/1299
f 1257/1257/1257 1258/1258/1258 1300/1300/1300
f 1258/1258/1258 1301/1301/1301 1300/1300/1300
f 1258/1258/1258 1259/1259/1259 1301/1301/1301
f 1259/1259/1259 1302/1302/1302 1301/1301/1301
f 1259/1259/1259 1260/1260/1260 1302/1302/1302
f 1260/1260/1260 1303/1303/1303 1302/1302/1302
f 1260/1260/1260 1261/1261/1261 1303/1303/1303
f 1261/1261/1261 1304/1304/1304 1303/1303/1303
f 1261/1261/1261 1262/1262/1262 1304/1304/1304
f 1262/1262/1262 1305/1305/1305 1304/1304/1304
f 1262/1262/1262 1263/1263/1263 1305/1305/1305
f 1263/1263/1263 1306/1306/1306 1305/1305/1305
f 1263/1263/1263 1264/1264/1264 1306/1306/1306
f 1264/1264/1264 1307/1307/1307 1306/1306/1306
f 1264/1264/1264 1265/1265/1265 1307/1307/1307
f 1265/1265/1265 1308/1308/1308 1307/1307/1307
f 1265/1265/1265 1266/1266/1266 1308/1308/1308
f 1266/1266/1266 1309/1309/1309 1308/1308/1308
f 1266/1266/1266 1267/1267/1267 1309/1309/1309
f 1267/1267/1267 1310/1310/1310 1309/1309/1309
f 1267/1267/1267 1268/1268/1268 1310/1310/1310
f 1268/1268/1268 1311/1311/1311 1310/1310/1310
f 1268/1268/1268 1269/1269/1269 1311/1311/1311
f 1269/1269/1269 1312/1312/1312 1311/1311/1311
f 1269/1269/1269 1270/1270/1270 1312/1312/1312
f 1270/1270/1270 1313/1313/1313 1312/1312/1312
f 1270/1270/1270 1271/1271/1271 1313/1313/1313
f 1271/1271/1271 1314/1314/1314 1313/1313/1313
f 1271/1271/1271 1272/1272/1272 1314/1314/1314
f 1272/1272/1272 1315/1315/1315 1314/1314/1314
f 1272/1272/1272 1273/1273/1273 1315/1315/1315
f 1273/1273/1273 1316/1316/1316 1315/1315/1315
f 1273/1273/1273 1274/1274/1274 1316/1316/1316
f 1274/1274/1274 1317/1317/1317 1316/1316/1316
f 1274/1274/1274 1275/1275/1275 1317/1317/1317
f 1275/1275/1275 1318/1318/1318 1317/1317/1317
f 1275/1275/1275 1276/1276/1276 1318/1318/1318
f 1276/1276/1276 1319/1319/1319 1318/1318/1318
f 1276/1276/1276 1277/1277/1277 1319/1319/1319
f 1277/1277/1277 1320/1320/1320 1319/1319/1319
f 1277/1277/1277 1278/1278/1278 1320/1320/1320
f 1278/1278/1278 1321/1321/1321 1320/1320/1320
f 1278/1278/1278 1279/1279/1279 1321/1321/1321
f 1279/1279/1279 1322/1322/1322 1321/1321/1321
f 1279/1279/1279 1280/1280/1280 1322/1322/1322
f 1280/1280/1280 1323/1323/1323 1322/1322/1322
f 1280/1280/1280 1281/1281/1281 1323/1323/1323
f 1281/1281/1281 1324/1324/1324 1323/1323/1323
f 1281/1281/1281 1282/1282/1282 1324/1324/1324
f 1282/1282/1282 1325/1325/1325 1324/1324/1324
f 1283/1283/1283 1284/1284/1284 1326/1326/1326
f 1284/1284/1284 1327/1327/1327 1326/1326/1326
f 1284/1284/1284 1285/1285/1285 1327/1327/1327
f 1285/1285/1285 1328/1328/1328 1327/1327/1327
f 1285/1285/1285 1286/1286/1286 1328/1328/1328
f 1286/1286/1286 1329/1329/1329 1328/1328/1328
f 1286/1286/1286 1287/1287/1287 1329/1329/1329
f 1287/1287/1287 1330/1330/1330 1329/1329/1329
f 1287/1287/1287 1288/1288/1288 1330/1330/1330
f 1288/1288/1288 1331/1331/1331 1330/1330/1330
f 1288/1288/1288 1289/1289/1289 1331/1331/1331
f 1289/1289/1289 1332/1332/1332 1331/1331/1331
f 1289/1289/1289 1290/1290/1290 1332/1332/1332
f 1290/1290/1290 1333/1333/1333 1332/1332/1332
f 1290/1290/1290 1291/1291/1291 1333/1333/1333
f 1291/1291/1291 1334/1334/1334 1333/1333/1333
f 1291/1291/1291 1292/1292/1292 1334/1334/1334
f 1292/1292/1292 1335/1335/1335 1334/1334/1334
f 1292/1292/1292 1293/1293/1293 1335/1335/1335
f 1293/1293/1293 1336/1336/1336 1335/1335/1335
f 1293/1293/1293 1294/1294/1294 1336/1336/1336
f 1294/1294/1294 1337/1337/1337 1336/1336/1336
f 1294/1294/1294 1295/1295/1295 1337/1337/1337
f 1295/1295/1295 1338/1338/1338 1337/1337/1337
f 1295/1295/1295 1296/1296/1296 1338/1338/1338
f 1296/1296/1296 1339/1339/1339 1338/1338/1338
f 1296/1296/1296 1297/1297/1297 1339/1339/1339
f 1297/1297/1297 1340/1340/1340 1339/1339/1339
f 1297/1297/1297 1298/1298/1298 1340/1340/1340
f 1298/1298/1298 1341/1341/1341 1340/1340/1340
f 1298/1298/1298 1299/1299/1299 1341/1341/1341
f 1299/1299/1299 1342/1342/1342 1341/1341/1341
f 1299/1299/1299 1300/1300/1300 1342/1342/1342
f 1300/1300/1300 1343/1343/1343 1342/1342/1342
f 1300/1300/1300 1301/1301/1301 1343/1343/1343
f 1301/1301/1301 1344/1344/1344 1343/1343/1343
f 1301/1301/1301 1302/1302/1302 1344/1344/1344
f 1302/1302/1302 1345/1345/1345 1344/1344/1344
f 1302/1302/1302 1303/1303/1303 1345/1345/1345
f 1303/1303/1303 1346/1346/1346 1345/1345/1345
f 1303/1303/1303 1304/1304/1304 1346/1346/1346
f 1304/1304/1304 1347/1347/1347 1346/1346/1346
f 1304/1304/1304 1305/1305/1305 1347/1347/1347
f 1305/1305/1305 1348/1348/1348 1347/1347/1347
f 1305/1305/1305 1306/1306/1306 1348/1348/1348
f 1306/1306/1306 1349/1349/1349 1348/1348/1348
f 1306/1306/1306 1307/1307/1307 1349/1349/1349
f 1307/1307/1307 1350/1350/1350 1349/1349/1349
f 1307/1307/1307 1308/1308/1308 1350/1350/1350
f 1308/1308/1308 1351/1351/1351 1350/1350/1350
f 1308/1308/1308 1309/1309/1309 1351/1351/1351
f 1309/1309/1309 1352/1352/1352 1351/1351/1351
f 1309/1309/1309 1310/1310/1310 1352/1352/1352
f 1310/1310/1310 1353/1353/1353 1352/1352/1352
f 1310/1310/1310 1311/1311/1311 1353/1353/1353
f 1311/1311/1311 1354/1354/1354 1353/1353/1353
f 1311/1311/1311 1312/1312/1312 1354/1354/1354
f 1312/1312/1312 1355/1355/1355 1354/1354/1354
f 1312/1312/1312 1313/1313/1313 1355/1355/1355
f 1313/1313/1313 1356/1356/1356 1355/1355/1355
f 1313/1313/1313 1314/1314/1314 1356/1356/1356
f 1314/1314/1314 1357/1357/1357 1356/1356/1356
f 1314/1314/1314 1315/1315/1315 1357/1357/1357
f 1315/1315/1315 1358/1358/1358 1357/1357/1357
f 1315/1315/1315 1316/1316/1316 1358/1358/1358
f 1316/1316/1316 1359/1359/1359 1358/1358/1358
f 1316/1316/1316 1317/1317/1317 1359/1359/1359
f 1317/1317/1317 1360/1360/1360 1359/1359/1359
f 1317/1317/1317 1318/1318/1318 1360/1360/1360
f 1318/1318/1318 1361/1361/1361 1360/1360/1360
f 1318/1318/1318 1319/1319/1319 1361/1361/1361
f 1319/1319/1319 1362/1362/1362 1361/1361/1361
f 1319/1319/1319 1320/1320/1320 1362/1362/1362
f 1320/1320/1320 1363/1363/1363 1362/1362/1362
f 1320/1320/1320 1321/1321/1321 1363/1363/1363
f 1321/1321/1321 1364/1364/1364 1363/1363/1363
f 1321/1321/1321 1322/1322/1322 1364/1364/1364
f 1322/1322/1322 1365/1365/1365 1364/1364/1364
f 1322/1322/1322 1323/1323/1323 1365/1365/1365
f 1323/1323/1323 1366/1366/1366 1365/1365/1365
f 1323/1323/1323 1324/1324/1324 1366/1366/1366
f 1324/1324/1324 1367/1367/1367 1366/1366/1366
f 1324/1324/1324 1325/1325/1325 1367/1367/1367
f 1325/1325/1325 1368/1368/1368 1367/1367/1367
f 1326/1326/1326 1327/1327/1327 1369/1369/1369
f 1327/1327/1327 1370/1370/1370 1369/1369/1369
f 1327/1327/1327 1328/1328/1328 1370/1370/1370
f 1328/1328/1328 1371/1371/1371 1370/1370/1370
f 1328/1328/1328 1329/1329/1329 1371/1371/1371
f 1329/1329/1329 1372/1372/1372 1371/1371/1371
f 1329/1329/1329 1330/1330/1330 1372/1372/1372
f 1330/1330/1330 1373/1373/1373 1372/1372/1372
f 1330/1330/1330 1331/1331/1331 1373/1373/1373
f 1331/1331/1331 1374/1374/1374 1373/1373/1373
f 1331/1331/1331 1332/1332/1332 1374/1374/1374
f 1332/1332/1332 1375/1375/1375 1374/1374/1374
f 1332/1332/1332 1333/1333/1333 1375/1375/1375
f 1333/1333/1333 1376/1376/1376 1375/1375/1375
f 1333/1333/1333 1334/1334/1334 1376/1376/1376
f 1334/1334/1334 1377/1377/1377 1376/1376/1376
f 1334/1334/1334 1335/1335/1335 1377/1377/1377
f 1335/1335/1335 1378/1378/1378 1377/1377/1377
f 1335/1335/1335 1336/1336/1336 1378/1378/1378
f 1336/1336/1336 1379/1379/1379 1378/1378/1378
f 1336/1336/1336 1337/1337/1337 1379/1379/1379
f 1337/1337/1337 1380/1380/1380 1379/1379/1379
f 1337/1337/1337 1338/1338/1338 1380/1380/1380
f 1338/1338/1338 1381/1381/1381 1380/1380/1380
f 1338/1338/1338 1339/1339/1339 1381/1381/1381
f 1339/1339/1339 1382/1382/1382 1381/1381/1381
f 1339/1339/1339 1340/1340/1340 1382/1382/1382
f 1340/1340/1340 1383/1383/1383 1382/1382/1382
f 1340/1340/1340 1341/1341/1341 1383/1383/1383
f 1341/1341/1341 1384/1384/1384 1383/1383/1383
f 1341/1341/1341 1342/1342/1342 1384/1384/1384
f 1342/1342/1342 1385/1385/1385 1384/1384/1384
f 1342/1342/1342 1343/1343/1343 1385/1385/1385
f 1343/1343/1343 1386/1386/1386 1385/1385/1385
f 1343/1343/1343 1344/1344/1344 1386/1386/1386
f 1344/1344/1344 1387/1387/1387 1386/1386/1386
f 1344/1344/1344 1345/1345/1345 1387/1387/1387
f 1345/1345/1345 1388/1388/1388 1387/1387/1387
f 1345/1345/1345 1346/1346/1346 1388/1388/1388
f 1346/1346/1346 1389/1389/1389 1388/1388/1388
f 1346/1346/1346 1347/1347/1347 1389/1389/1389
f 1347/1347/1347 1390/1390/1390 1389/1389/1389
f 1347/1347/1347 1348/1348/1348 1390/1390/1390
f 1348/1348/1348 1391/1391/1391 1390/1390/1390
f 1348/1348/1348 1349/1349/1349 1391/1391/1391
f 1349/1349/1349 1392/1392/1392 1391/1391/1391
f 1349/1349/1349 1350/1350/1350 1392/1392/1392
f 1350/1350/1350 1393/1393/1393 1392/1392/1392
f 1350/1350/1350 1351/1351/1351 1393/1393/1393
f 1351/1351/1351 1394/1394/1394 1393/1393/1393
f 1351/1351/1351 1352/1352/1352 1394/1394/1394
f 1352/1352/1352 1395/1395/1395 1394/1394/1394
f 1352/1352/1352 1353/1353/1353 1395/1395/1395
f 1353/1353/1353 1396/1396/1396 1395/1395/1395
f 1353/1353/1353 1354/1354/1354 1396/1396/1396
f 1354/1354/1354 1397/1397/1397 1396/1396/1396
f 1354/1354/1354 1355/1355/1355 1397/1397/1397
f 1355/1355/1355 1398/1398/1398 1397/1397/1397
f 1355/1355/1355 1356/1356/1356 1398/1398/1398
f 1356/1356/1356 1399/1399/1399 1398/1398/1398
f 1356/1356/1356 1357/1357/1357 1399/1399/1399
f 1357/1357/1357 1400/1400/1400 1399/1399/1399
f 1357/1357/1357 1358/1358/1358 1400/1400/1400
f 1358/1358/1358 1401/1401/1401 1400/1400/1400
f 1358/1358/1358 1359/1359/1359 1401/1401/1401
f 1359/1359/1359 1402/1402/1402 1401/1401/1401
f 1359/1359/1359 1360/1360/1360 1402/1402/1402
f 1360/1360/1360 1403/1403/1403 1402/1402/1402
f 1360/1360/1360 1361/1361/1361 1403/1403/1403
f 1361/1361/1361 1404/1404/1404 1403/1403/1403
f 1361/1361/1361 1362/1362/1362 1404/1404/1404
f 1362/1362/1362 1405/1405/1405 1404/1404/1404
f 1362/1362/1362 1363/1363/1363 1405/1405/1405
f 1363/1363/1363 1406/1406/1406 1405/1405/1405
f 1363/1363/1363 1364/1364/1364 1406/1406/1406
f 1364/1364/1364 1407/1407/1407 1406/1406/1406
f 1364/1364/1364 1365/1365/1365 1407/1407/1407
f 1365/1365/1365 1408/1408/1408 1407/1407/1407
f 1365/1365/1365 1366/1366/1366 1408/1408/1408
f 1366/1366/1366 1409/1409/1409 1408/1408/1408
f 1366/1366/1366 1367/1367/1367 1409/1409/1409
f 1367/1367/1367 1410/1410/1410 1409/1409/1409
f 1367/1367/1367 1368/1368/1368 1410/1410/1410
f 1368/1368/1368 1411/1411/1411 1410/1410/1410
f 1369/1369/1369 1370/1370/1370 1412/1412/1412
f 1370/1370/1370 1413/1413/1413 1412/1412/1412
f 1370/1370/1370 1371/1371/1371 1413/1413/1413
f 1371/1371/1371 1414/1414/1414 1413/1413/1413
f 1371/1371/1371 1372/1372/1372 1414/1414/1414
f 1372/1372/1372 1415/1415/1415 1414/1414/1414
f 1372/1372/1372 1373/1373/1373 1415/1415/1415
f 1373/1373/1373 1416/1416/1416 1415/1415/1415
f 1373/1373/1373 1374/1374/1374 1416/1416/1416
f 1374/1374/1374 1417/1417/1417 1416/1416/1416
f 1374/1374/1374 1375/1375/1375 1417/1417/1417
f 1375/1375/1375 1418/1418/1418 1417/1417/1417
f 1375/1375/1375 1376/1376/1376 1418/1418/1418
f 1376/1376/1376 1419/1419/1419 1418/1418/1418
f 1376/1376/1376 1377/1377/1377 1419/1419/1419
f 1377/1377/1377 1420/1420/1420 1419/1419/1419
f 1377/1377/1377 1378/1378/1378 1420/1420/1420
f 1378/1378/1378 1421/1421/1421 1420/1420/1420
f 1378/1378/1378 1379/1379/1379 1421/1421/1421
f 1379/1379/1379 1422/1422/1422 1421/1421/1421
f 1379/1379/1379 1380/1380/1380 1422/1422/1422
f 1380/1380/1380 1423/1423/1423 1422/1422/1422
f 1380/1380/1380 1381/1381/1381 1423/1423/1423
f 1381/1381/1381 1424/1424/1424 1423/1423/1423
f 1381/1381/1381 1382/1382/1382 1424/1424/1424
f 1382/1382/1382 1425/1425/1425 1424/1424/1424
f 1382/1382/1382 1383/1383/1383 1425/1425/1425
f 1383/1383/1383 1426/1426/1426 1425/1425/1425
f 1383/1383/1383 1384/1384/1384 1426/1426/1426
f 1384/1384/1384 1427/1427/1427 1426/1426/1426
f 1384/1384/1384 1385/1385/1385 1427/1427/1427
f 1385/1385/1385 1428/1428/1428 1427/1427/1427
f 1385/1385/1385 1386/1386/1386 1428/1428/1428
f 1386/1386/1386 1429/1429/1429 1428/1428/1428
f 1386/1386/1386 1387/1387/1387 1429/1429/1429
f 1387/1387/1387 1430/1430/1430 1429/1429/1429
f 1387/1387/1387 1388/1388/1388 1430/1430/1430
f 1388/1388/1388 1431/1431/1431 1430/1430/1430
f 1388/1388/1388 1389/1389/1389 1431/1431/1431
f 1389/1389/1389 1432/1432/1432 1431/1431/1431
f 1389/1389/1389 1390/1390/1390 1432/1432/1432
f 1390/1390/1390 1433/1433/1433 1432/1432/1432
f 1390/1390/1390 1391/1391/1391 1433/1433/1433
f 1391/1391/1391 1434/1434/1434 1433/1433/1433
f 1391/1391/1391 1392/1392/1392 1434/1434/1434
f 1392/1392/1392 1435/1435/1435 1434/1434/1434
f 1392/1392/1392 1393/1393/1393 1435/1435/1435
f 1393/1393/1393 1436/1436/1436 1435/1435/1435
f 1393/1393/1393 1394/1394/1394 1436/1436/1436
f 1394/1394/1394 1437/1437/1437 1436/1436/1436
f 1394/1394/1394 1395/1395/1395 1437/1437/1437
f 1395/1395/1395 1438/1438/1438 1437/1437/1437
f 1395/1395/1395 1396/1396/1396 1438/1438/1438
f 1396/1396/1396 1439/1439/1439 1438/1438/1438
f 1396/1396/1396 1397/1397/1397 1439/1439/1439
f 1397/1397/1397 1440/1440/1440 1439/1439/1439
f 1397/1397/1397 1398/1398/1398 1440/1440/1440
f 1398/1398/1398 1441/1441/1441 1440/1440/1440
f 1398/1398/1398 1399/1399/1399 1441/1441/1441
f 1399/1399/1399 1442/1442/1442 1441/1441/1441
f 1399/1399/1399 1400/1400/1400 1442/1442/1442
f 1400/1400/1400 1443/1443/1443 1442/1442/1442
f 1400/1400/1400 1401/1401/1401 1443/1443/1443
f 1401/1401/1401 1444/1444/1444 1443/1443/1443
f 1401/1401/1401 1402/1402/1402 1444/1444/1444
f 1402/1402/1402 1445/1445/1445 1444/1444/1444
f 1402/1402/1402 1403/1403/1403 1445/1445/1445
f 1403/1403/1403 1446/1446/1446 1445/1445/1445
f 1403/1403/1403 1404/1404/1404 1446/1446/1446
f 1404/1404/1404 1447/1447/1447 1446/1446/1446
f 1404/1404/1404 1405/1405/1405 1447/1447/1447
f 1405/1405/1405 1448/1448/1448 1447/1447/1447
f 1405/1405/1405 1406/1406/1406 1448/1448/1448
f 1406/1406/1406 1449/1449/1449 1448/1448/1448
f 1406/1406/1406 1407/1407/1407 1449/1449/1449
f 1407/1407/1407 1450/1450/1450 1449/1449/1449
f 1407/1407/1407 1408/1408/1408 1450/1450/1450
f 1408/1408/1408 1451/1451/1451 1450/1450/1450
f 1408/1408/1408 1409/1409/1409 1451/1451/1451
f 1409/1409/1409 1452/1452/1452 1451/1451/1451
f 1409/1409/1409 1410/1410/1410 1452/1452/1452
f 1410/1410/1410 1453/1453/1453 1452/1452/1452
f 1410/1410/1410 1411/1411/1411 1453/1453/1453
f 1411/1411/1411 1454/1454/1454 1453/1453/1453
f 1412/1412/1412 1413/1413/1413 1455/1455/1455
f 1413/1413/1413 1456/1456/1456 1455/1455/1455
f 1413/1413/1413 1414/1414/1414 1456/1456/1456
f 1414/1414/1414 1457/1457/1457 1456/1456/1456
f 1414/1414/1414 1415/1415/1415 1457/1457/1457
f 1415/1415/1415 1458/1458/1458 1457/1457/1457
f 1415/1415/1415 1416/1416/1416 1458/1458/1458
f 1416/1416/1416 1459/1459/1459 1458/1458/1458
f 1416/1416/1416 1417/1417/1417 1459/1459/1459
f 1417/1417/1417 1460/1460/1460 1459/1459/1459
f 1417/1417/1417 1418/1418/1418 1460/1460/1460
f 1418/1418/1418 1461/1461/1461 1460/1460/1460
f 1418/1418/1418 1419/1419/1419 1461/1461/1461
f 1419/1419/1419 1462/1462/1462 1461/1461/1461
f 1419/1419/1419 1420/1420/1420 1462/1462/1462
f 1420/1420/1420 1463/1463/1463 1462/1462/1462
f 1420/1420/1420 1421/1421/1421 1463/1463/1463
f 1421/1421/1421 1464/1464/1464 1463/1463/1463
f 1421/1421/1421 1422/1422/1422 1464/1464/1464
f 1422/1422/1422 1465/1465/1465 1464/1464/1464
f 1422/1422/1422 1423/1423/1423 1465/1465/1465
f 1423/1423/1423 1466/1466/1466 1465/1465/1465
f 1423/1423/1423 1424/1424/1424 1466/1466/1466
f 1424/1424/1424 1467/1467/1467 1466/1466/1466
f 1424/1424/1424 1425/1425/1425 1467/1467/1467
f 1425/1425/1425 1468/1468/1468 1467/1467/1467
f 1425/1425/1425 1426/1426/1426 1468/1468/1468
f 1426/1426/1426 1469/1469/1469 1468/1468/1468
f 1426/1426/1426 1427/1427/1427 1469/1469/1469
f 1427/1427/1427 1470/1470/1470 1469/1469/1469
f 1427/1427/1427 1428/1428/1428 1470/1470/1470
f 1428/1428/1428 1471/1471/1471 1470/1470/1470
f 1428/1428/1428 1429/1429/1429 1471/1471/1471
f 1429/1429/1429 1472/1472/1472 1471/1471/1471
f 1429/1429/1429 1430/1430/1430 1472/1472/1472
f 1430/1430/1430 1473/1473/1473 1472/1472/1472
f 1430/1430/1430 1431/1431/1431 1473/1473/1473
f 1431/1431/1431 1474/1474/1474 1473/1473/1473
f 1431/1431/1431 1432/1432/1432 1474/1474/1474
f 1432/1432/1432 1475/1475/1475 1474/1474/1474
f 1432/1432/1432 1433/1433/1433 1475/1475/1475
f 1433/1433/1433 1476/1476/1476 1475/1475/1475
f 1433/1433/1433 1434/1434/1434 1476/1476/1476
f 1434/1434/1434 1477/1477/1477 1476/1476/1476
f 1434/1434/1434 1435/1435/1435 1477/1477/1477
f 1435/1435/1435 1478/1478/1478 1477/1477/1477
f 1435/1435/1435 1436/1436/1436 1478/1478/1478
f 1436/1436/1436 1479/1479/1479 1478/1478/1478
f 1436/1436/1436 1437/1437/1437 1479/1479/1479
f 1437/1437/1437 1480/1480/1480 1479/1479/1479
f 1437/1437/1437 1438/1438/1438 1480/1480/1480
f 1438/1438/1438 1481/1481/1481 1480/1480/1480
f 1438/1438/1438 1439/1439/1439 1481/1481/1481
f 1439/1439/1439 1482/1482/1482 1481/1481/1481
f 1439/1439/1439 1440/1440/1440 1482/1482/1482
f 1440/1440/1440 1483/1483/1483 1482/1482/1482
f 1440/1440/1440 1441/1441/1441 1483/1483/1483
f 1441/1441/1441 1484/1484/1484 1483/1483/1483
f 1441/1441/1441 1442/1442/1442 1484/1484/1484
f 1442/1442/1442 1485/1485/1485 1484/1484/1484
f 1442/1442/1442 1443/1443/1443 1485/1485/1485
f 1443/1443/1443 1486/1486/1486 1485/1485/1485
f 1443/1443/1443 1444/1444/1444 1486/1486/1486
f 1444/1444/1444 1487/1487/1487 1486/1486/1486
f 1444/1444/1444 1445/1445/1445 1487/1487/1487
f 1445/1445/1445 1488/1488/1488 1487/1487/1487
f 1445/1445/1445 1446/1446/1446 1488/1488/1488
f 1446/1446/1446 1489/1489/1489 1488/1488/1488
f 1446/1446/1446 1447/1447/1447 1489/1489/1489
f 1447/1447/1447 1490/1490/1490 1489/1489/1489
f 1447/1447/1447 1448/1448/1448 1490/1490/1490
f 1448/1448/1448 1491/1491/1491 1490/1490/1490
f 1448/1448/1448 1449/1449/1449 1491/1491/1491
f 1449/1449/1449 1492/1492/1492 1491/1491/1491
f 1449/1449/1449 1450/1450/1450 1492/1492/1492
f 1450/1450/1450 1493/1493/1493 1492/1492/1492
f 1450/1450/1450 1451/1451/1451 1493/1493/1493
f 1451/1451/1451 1494/1494/1494 1493/1493/1493
f 1451/1451/1451 1452/1452/1452 1494/1494/1494
f 1452/1452/1452 1495/1495/1495 1494/1494/1494
f 1452/1452/1452 1453/1453/1453 1495/1495/1495
f 1453/1453/1453 1496/1496/1496 1495/1495/1495
f 1453/1453/1453 1454/1454/1454 1496/1496/1496
f 1454/1454/1454 1497/1497/1497 1496/1496/1496
f 1455/1455/1455 1456/1456/1456 1498/1498/1498
f 1456/1456/1456 1499/1499/1499 1498/1498/1498
f 1456/1456/1456 1457/1457/1457 1499/1499/1499
f 1457/1457/1457 1500/1500/1500 1499/1499/1499
f 1457/1457/1457 1458/1458/1458 1500/1500/1500
f 1458/1458/1458 1501/1501/1501 1500/1500/1500
f 1458/1458/1458 1459/1459/1459 1501/1501/1501
f 1459/1459/1459 1502/1502/1502 1501/1501/1501
f 1459/1459/1459 1460/1460/1460 1502/1502/1502
f 1460/1460/1460 1503/1503/1503 1502/1502/1502
f 1460/1460/1460 1461/1461/1461 1503/1503/1503
f 1461/1461/1461 1504/1504/1504 1503/1503/1503
f 1461/1461/1461 1462/1462/1462 1504/1504/1504
f 1462/1462/1462 1505/1505/1505 1504/1504/1504
f 1462/1462/1462 1463/1463/1463 1505/1505/1505
f 1463/1463/1463 1506/1506/1506 1505/1505/1505
f 1463/1463/1463 1464/1464/1464 1506/1506/1506
f 1464/1464/1464 1507/1507/1507 1506/1506/1506
f 1464/1464/1464 1465/1465/1465 1507/1507/1507
f 1465/1465/1465 1508/1508/1508 1507/1507/1507
f 1465/1465/1465 1466/1466/1466 1508/1508/1508
f 1466/1466/1466 1509/1509/1509 1508/1508/1508
f 1466/1466/1466 1467/1467/1467 1509/1509/1509
f 1467/1467/1467 1510/1510/1510 1509/1509/1509
f 1467/1467/1467 1468/1468/1468 1510/1510/1510
f 1468/1468/1468 1511/1511/1511 1510/1510/1510
f 1468/1468/1468 1469/1469/1469 1511/1511/1511
f 1469/1469/1469 1512/1512/1512 1511/1511/1511
f 1469/1469/1469 1470/1470/1470 1512/1512/1512
f 1470/1470/1470 1513/1513/1513 1512/1512/1512
f 1470/1470/1470 1471/1471/1471 1513/1513/1513
f 1471/1471/1471 1514/1514/1514 1513/1513/1513
f 1471/1471/1471 1472/1472/1472 1514/1514/1514
f 1472/1472/1472 1515/1515/1515 1514/1514/1514
f 1472/1472/1472 1473/1473/1473 1515/1515/1515
f 1473/1473/1473 1516/1516/1516 1515/1515/1515
f 1473/1473/1473 1474/1474/1474 1516/1516/1516
f 1474/1474/1474 1517/1517/1517 1516/1516/1516
f 1474/1474/1474 1475/1475/1475 1517/1517/1517
f 1475/1475/1475 1518/1518/1518 1517/1517/1517
f 1475/1475/1475 1476/1476/1476 1518/1518/1518
f 1476/1476/1476 1519/1519/1519 1518/1518/1518
f 1476/1476/1476 1477/1477/1477 1519/1519/1519
f 1477/1477/1477 1520/1520/1520 1519/1519/1519
f 1477/1477/1477 1478/1478/1478 1520/1520/1520
f 1478/1478/1478 1521/1521/1521 1520/1520/1520
f 1478/1478/1478 1479/1479/1479 1521/1521/1521
f 1479/1479/1479 1522/1522/1522 1521/1521/1521
f 1479/1479/1479 1480/1480/1480 1522/1522/1522
f 1480/1480/1480 1523/1523/1523 1522/1522/1522
f 1480/1480/1480 1481/1481/1481 1523/1523/1523
f 1481/1481/1481 1524/1524/1524 1523/1523/1523
f 1481/1481/1481 1482/1482/1482 1524/1524/1524
f 1482/1482/1482 1525/1525/1525 1524/1524/1524
f 1482/1482/1482 1483/1483/1483 1525/1525/1525
f 1483/1483/1483 1526/1526/1526 1525/1525/1525
f 1483/1483/1483 1484/1484/1484 1526/1526/1526
f 1484/1484/1484 1527/1527/1527 1526/1526/1526
f 1484/1484/1484 1485/1485/1485 1527/1527/1527
f 1485/1485/1485 1528/1528/1528 1527/1527/1527
f 1485/1485/1485 1486/1486/1486 1528/1528/1528
f 1486/1486/1486 1529/1529/1529 1528/1528/1528
f 1486/1486/1486 1487/1487/1487 1529/1529/1529
f 1487/1487/1487 1530/1530/1530 1529/1529/1529
f 1487/1487/1487 1488/1488/1488 1530/1530/1530
f 1488/1488/1488 1531/1531/1531 1530/1530/1530
f 1488/1488/1488 1489/1489/1489 1531/1531/1531
f 1489/1489/1489 1532/1532/1532 1531/1531/1531
f 1489/1489/1489 1490/1490/1490 1532/1532/1532
f 1490/1490/1490 1533/1533/1533 1532/1532/1532
f 1490/1490/1490 1491/1491/1491 1533/1533/1533
f 1491/1491/1491 1534/1534/1534 1533/1533/1533
f 1491/1491/1491 1492/1492/1492 1534/1534/1534
f 1492/1492/1492 1535/1535/1535 1534/1534/1534
f 1492/1492/1492 1493/1493/1493 1535/1535/1535
f 1493/1493/1493 1536/1536/1536 1535/1535/1535
f 1493/1493/1493 1494/1494/1494 1536/1536/1536
f 1494/1494/1494 1537/1537/1537 1536/1536/1536
f 1494/1494/1494 1495/1495/1495 1537/1537/1537
f 1495/1495/1495 1538/1538/1538 1537/1537/1537
f 1495/1495/1495 1496/1496/1496 1538/1538/1538
f 1496/1496/1496 1539/1539/1539 1538/1538/1538
f 1496/1496/1496 1497/1497/1497 1539/1539/1539
f 1497/1497/1497 1540/1540/1540 1539/1539/1539
f 1498/1498/1498 1499/1499/1499 1541/1541/1541
f 1499/1499/1499 1542/1542/1542 1541/1541/1541
f 1499/1499/1499 1500/1500/1500 1542/1542/1542
f 1500/1500/1500 1543/1543/1543 1542/1542/1542
f 1500/1500/1500 1501/1501/1501 1543/1543/1543
f 1501/1501/1501 1544/1544/1544 1543/1543/1543
f 1501/1501/1501 1502/1502/1502 1544/1544/1544
f 1502/1502/1502 1545/1545/1545 1544/1544/1544
f 1502/1502/1502 1503/1503/1503 1545/1545/1545
f 1503/1503/1503 1546/1546/1546 1545/1545/1545
f 1503/1503/1503 1504/1504/1504 1546/1546/1546
f 1504/1504/1504 1547/1547/1547 1546/1546/1546
f 1504/1504/1504 1505/1505/1505 1547/1547/1547
f 1505/1505/1505 1548/1548/1548 1547/1547/1547
f 1505/1505/1505 1506/1506/1506 1548/1548/1548
f 1506/1506/1506 1549/1549/1549 1548/1548/1548
f 1506/1506/1506 1507/1507/1507 1549/1549/1549
f 1507/1507/1507 1550/1550/1550 1549/1549/1549
f 1507/1507/1507 1508/1508/1508 1550/1550/1550
f 1508/1508/1508 1551/1551/1551 1550/1550/1550
f 1508/1508/1508 1509/1509/1509 1551/1551/1551
f 1509/1509/1509 1552/1552/1552 1551/1551/1551
f 1509/1509/1509 1510/1510/1510 1552/1552/1552
f 1510/1510/1510 1553/1553/1553 1552/1552/1552
f 1510/1510/1510 1511/1511/1511 1553/1553/1553
f 1511/1511/1511 1554/1554/1554 1553/1553/1553
f 1511/1511/1511 1512/1512/1512 1554/1554/1554
f 1512/1512/1512 1555/1555/1555 1554/1554/1554
f 1512/1512/1512 1513/1513/1513 1555/1555/1555
f 1513/1513/1513 1556/1556/1556 1555/1555/1555
f 1513/1513/1513 1514/1514/1514 1556/1556/1556
f 1514/1514/1514 1557/1557/1557 1556/1556/1556
f 1514/1514/1514 1515/1515/1515 1557/1557/1557
f 1515/1515/1515 1558/1558/1558 1557/1557/1557
f 1515/1515/1515 1516/1516/1516 1558/1558/1558
f 1516/1516/1516 1559/1559/1559 1558/1558/1558
f 1516/1516/1516 1517/1517/1517 1559/1559/1559
f 1517/1517/1517 1560/1560/1560 1559/1559/1559
f 1517/1517/1517 1518/1518/1518 1560/1560/1560
f 1518/1518/1518 1561/1561/1561 1560/1560/1560
f 1518/1518/1518 1519/1519/1519 1561/1561/1561
f 1519/1519/1519 1562/1562/1562 1561/1561/1561
f 1519/1519/1519 1520/1520/1520 1562/1562/1562
f 1520/1520/1520 1563/1563/1563 1562/1562/1562
f 1520/1520/1520 1521/1521/1521 1563/1563/1563
f 1521/1521/1521 1564/1564/1564 1563/1563/1563
f 1521/1521/1521 1522/1522/1522 1564/1564/1564
f 1522/1522/1522 1565/1565/1565 1564/1564/1564
f 1522/1522/1522 1523/1523/1523 1565/1565/1565
f 1523/1523/1523 1566/1566/1566 1565/1565/1565
f 1523/1523/1523 1524/1524/1524 1566/1566/1566
f 1524/1524/1524 1567/1567/1567 1566/1566/1566
f 1524/1524/1524 1525/1525/1525 1567/1567/1567
f 1525/1525/1525 1568/1568/1568 1567/1567/1567
f 1525/1525/1525 1526/1526/1526 1568/1568/1568
f 1526/1526/1526 1569/1569/1569 1568/1568/1568
f 1526/1526/1526 1527/1527/1527 1569/1569/1569
f 1527/1527/1527 1570/1570/1570 1569/1569/1569
f 1527/1527/1527 1528/1528/1528 1570/1570/1570
f 1528/1528/1528 1571/1571/1571 1570/1570/1570
f 1528/1528/1528 1529/1529/1529 1571/1571/1571
f 1529/1529/1529 1572/1572/1572 1571/1571/1571
f 1529/1529/1529 1530/1530/1530 1572/1572/1572
f 1530/1530/1530 1573/1573/1573 1572/1572/1572
f 1530/1530/1530 1531/1531/1531 1573/1573/1573
f 1531/1531/1531 1574/1574/1574 1573/1573/1573
f 1531/1531/1531 1532/1532/1532 1574/1574/1574
f 1532/1532/1532 1575/1575/1575 1574/1574/1574
f 1532/1532/1532 1533/1533/1533 1575/1575/1575
f 1533/1533/1533 1576/1576/1576 1575/1575/1575
f 1533/1533/1533 1534/1534/1534 1576/1576/1576
f 1534/1534/1534 1577/1577/1577 1576/1576/1576
f 1534/1534/1534 1535/1535/1535 1577/1577/1577
f 1535/1535/1535 1578/1578/1578 1577/1577/1577
f 1535/1535/1535 1536/1536/1536 1578/1578/1578
f 1536/1536/1536 1579/1579/1579 1578/1578/1578
f 1536/1536/1536 1537/1537/1537 1579/1579/1579
f 1537/1537/1537 1580/1580/1580 1579/1579/1579
f 1537/1537/1537 1538/1538/1538 1580/1580/1580
f 1538/1538/1538 1581/1581/1581 1580/1580/1580
f 1538/1538/1538 1539/1539/1539 1581/1581/1581
f 1539/1539/1539 1582/1582/1582 1581/1581/1581
f 1539/1539/1539 1540/1540/1540 1582/1582/1582
f 1540/1540/1540 1583/1583/1583 1582/1582/1582
f 1541/1541/1541 1542/1542/1542 1584/1584/1584
f 1542/1542/1542 1585/1585/1585 1584/1584/1584
f 1542/1542/1542 1543/1543/1543 1585/1585/1585
f 1543/1543/1543 1586/1586/1586 1585/1585/1585
f 1543/1543/1543 1544/1544/1544 1586/1586/1586
f 1544/1544/1544 1587/1587/1587 1586/1586/1586
f 1544/1544/1544 1545/1545/1545 1587/1587/1587
f 1545/1545/1545 1588/1588/1588 1587/1587/1587
f 1545/1545/1545 1546/1546/1546 1588/1588/1588
f 1546/1546/1546 1589/1589/1589 1588/1588/1588
f 1546/1546/1546 1547/1547/1547 1589/1589/1589
f 1547/1547/1547 1590/1590/1590 1589/1589/1589
f 1547/1547/1547 1548/1548/1548 1590/1590/1590
f 1548/1548/1548 1591/1591/1591 1590/1590/1590
f 1548/1548/1548 1549/1549/1549 1591/1591/1591
f 1549/1549/1549 1592/1592/1592 1591/1591/1591
f 1549/1549/1549 1550/1550/1550 1592/1592/1592
f 1550/1550/1550 1593/1593/1593 1592/1592/1592
f 1550/1550/1550 1551/1551/1551 1593/1593/1593
f 1551/1551/1551 1594/1594/1594 1593/1593/1593
f 1551/1551/1551 1552/1552/1552 1594/1594/1594
f 1552/1552/1552 1595/1595/1595 1594/1594/1594
f 1552/1552/1552 1553/1553/1553 1595/1595/1595
f 1553/1553/1553 1596/1596/1596 1595/1595/1595
f 1553/1553/1553 1554/1554/1554 1596/1596/1596
f 1554/1554/1554 1597/1597/1597 1596/1596/1596
f 1554/1554/1554 1555/1555/1555 1597/1597/1597
f 1555/1555/1555 1598/1598/1598 1597/1597/1597
f 1555/1555/1555 1556/1556/1556 1598/1598/1598
f 1556/1556/1556 1599/1599/1599 1598/1598/1598
f 1556/1556/1556 1557/1557/1557 1599/1599/1599
f 1557/1557/1557 1600/1600/1600 1599/1599/1599
f 1557/1557/1557 1558/1558/1558 1600/1600/1600
f 1558/1558/1558 1601/1601/1601 1600/1600/1600
f 1558/1558/1558 1559/1559/1559 1601/1601/1601
f 1559/1559/1559 1602/1602/1602 1601/1601/1601
f 1559/1559/1559 1560/1560/1560 1602/1602/1602
f 1560/1560/1560 1603/1603/1603 1602/1602/1602
f 1560/1560/1560 1561/1561/1561 1603/1603/1603
f 1561/1561/1561 1604/1604/1604 1603/1603/1603
f 1561/1561/1561 1562/1562/1562 1604/1604/1604
f 1562/1562/1562 1605/1605/1605 1604/1604/1604
f 1562/1562/1562 1563/1563/1563 1605/1605/1605
f 1563/1563/1563 1606/1606/1606 1605/1605/1605
f 1563/1563/1563 1564/1564/1564 1606/1606/1606
f 1564/1564/1564 1607/1607/1607 1606/1606/1606
f 1564/1564/1564 1565/1565/1565 1607/1607/1607
f 1565/1565/1565 1608/1608/1608 1607/1607/1607
f 1565/1565/1565 1566/1566/1566 1608/1608/1608
f 1566/1566/1566 1609/1609/1609 1608/1608/1608
f 1566/1566/1566 1567/1567/1567 1609/1609/1609
f 1567/1567/1567 1610/1610/1610 1609/1609/1609
f 1567/1567/1567 1568/1568/1568 1610/1610/1610
f 1568/1568/1568 1611/1611/1611 1610/1610/1610
f 1568/1568/1568 1569/1569/1569 1611/1611/1611
f 1569/1569/1569 1612/1612/1612 1611/1611/1611
f 1569/1569/1569 1570/1570/1570 1612/1612/1612
f 1570/1570/1570 1613/1613/1613 1612/1612/1612
f 1570/1570/1570 1571/1571/1571 1613/1613/1613
f 1571/1571/1571 1614/1614/1614 1613/1613/1613
f 1571/1571/1571 1572/1572/1572 1614/1614/1614
f 1572/1572/1572 1615/1615/1615 1614/1614/1614
f 1572/1572/1572 1573/1573/1573 1615/1615/1615
f 1573/1573/1573 1616/1616/1616 1615/1615/1615
f 1573/1573/1573 1574/1574/1574 1616/1616/1616
f 1574/1574/1574 1617/1617/1617 1616/1616/1616
f 1574/1574/1574 1575/1575/1575 1617/1617/1617
f 1575/1575/1575 1618/1618/1618 1617/1617/1617
f 1575/1575/1575 1576/1576/1576 1618/1618/1618
f 1576/1576/1576 1619/1619/1619 1618/1618/1618
f 1576/1576/1576 1577/1577/1577 1619/1619/1619
f 1577/1577/1577 1620/1620/1620 1619/1619/1619
f 1577/1577/1577 1578/1578/1578 1620/1620/1620
f 1578/1578/1578 1621/1621/1621 1620/1620/1620
f 1578/1578/1578 1579/1579/1579 1621/1621/1621
f 1579/1579/1579 1622/1622/1622 1621/1621/1621
f 1579/1579/1579 1580/1580/1580 1622/1622/1622
f 1580/1580/1580 1623/1623/1623 1622/1622/1622
f 1580/1580/1580 1581/1581/1581 1623/1623/1623
f 1581/1581/1581 1624/1624/1624 1623/1623/1623
f 1581/1581/1581 1582/1582/1582 1624/1624/1624
f 1582/1582/1582 1625/1625/1625 1624/1624/1624
f 1582/1582/1582 1583/1583/1583 1625/1625/1625
f 1583/1583/1583 1626/1626/1626 1625/1625/1625
f 1584/1584/1584 1585/1585/1585 1627/1627/1627
f 1585/1585/1585 1628/1628/1628 1627/1627/1627
f 1585/1585/1585 1586/1586/1586 1628/1628/1628
f 1586/1586/1586 1629/1629/1629 1628/1628/1628
f 1586/1586/1586 1587/1587/1587 1629/1629/1629
f 1587/1587/1587 1630/1630/1630 1629/1629/1629
f 1587/1587/1587 1588/1588/1588 1630/1630/1630
f 1588/1588/1588 1631/1631/1631 1630/1630/1630
f 1588/1588/1588 1589/1589/1589 1631/1631/1631
f 1589/1589/1589 1632/1632/1632 1631/1631/1631
f 1589/1589/1589 1590/1590/1590 1632/1632/1632
f 1590/1590/1590 1633/1633/1633 1632/1632/1632
f 1590/1590/1590 1591/1591/1591 1633/1633/1633
f 1591/1591/1591 1634/1634/1634 1633/1633/1633
f 1591/1591/1591 1592/1592/1592 1634/1634/1634
f 1592/1592/1592 1635/1635/1635 1634/1634/1634
f 1592/1592/1592 1593/1593/1593 1635/1635/1635
f 1593/1593/1593 1636/1636/1636 1635/1635/1635
f 1593/1593/1593 1594/1594/1594 1636/1636/1636
f 1594/1594/1594 1637/1637/1637 1636/1636/1636
f 1594/1594/1594 1595/1595/1595 1637/1637/1637
f 1595/1595/1595 1638/1638/1638 1637/1637/1637
f 1595/1595/1595 1596/1596/1596 1638/1638/1638
f 1596/1596/1596 1639/1639/1639 1638/1638/1638
f 1596/1596/1596 1597/1597/1597 1639/1639/1639
f 1597/1597/1597 1640/1640/1640 1639/1639/1639
f 1597/1597/1597 1598/1598/1598 1640/1640/1640
f 1598/1598/1598 1641/1641/1641 1640/1640/1640
f 1598/1598/1598 1599/1599/1599 1641/1641/1641
f 1599/1599/1599 1642/1642/1642 1641/1641/1641
f 1599/1599/1599 1600/1600/1600 1642/1642/1642
f 1600/1600/1600 1643/1643/1643 1642/1642/1642
f 1600/1600/1600 1601/1601/1601 1643/1643/1643
f 1601/1601/1601 1644/1644/1644 1643/1643/1643
f 1601/1601/1601 1602/1602/1602 1644/1644/1644
f 1602/1602/1602 1645/1645/1645 1644/1644/1644
f 1602/1602/1602 1603/1603/1603 1645/1645/1645
f 1603/1603/1603 1646/1646/1646 1645/1645/1645
f 1603/1603/1603 1604/1604/1604 1646/1646/1646
f 1604/1604/1604 1647/1647/1647 1646/1646/1646
f 1604/1604/1604 1605/1605/1605 1647/1647/1647
f 1605/1605/1605 1648/1648/1648 1647/1647/1647
f 1605/1605/1605 1606/1606/1606 1648/1648/1648
f 1606/1606/1606 1649/1649/1649 1648/1648/1648
f 1606/1606/1606 1607/1607/1607 1649/1649/1649
f 1607/1607/1607 1650/1650/1650 1649/1649/1649
f 1607/1607/1607 1608/1608/1608 1650/1650/1650
f 1608/1608/1608 1651/1651/1651 1650/1650/1650
f 1608/1608/1608 1609/1609/1609 1651/1651/1651
f 1609/1609/1609 1652/1652/1652 1651/1651/1651
f 1609/1609/1609 1610/1610/1610 1652/1652/1652
f 1610/1610/1610 1653/1653/1653 1652/1652/1652
f 1610/1610/1610 1611/1611/1611 1653/1653/1653
f 1611/1611/1611 1654/1654/1654 1653/1653/1653
f 1611/1611/1611 1612/1612/1612 1654/1654/1654
f 1612/1612/1612 1655/1655/1655 1654/1654/1654
f 1612/1612/1612 1613/1613/1613 1655/1655/1655
f 1613/1613/1613 1656/1656/1656 1655/1655/1655
f 1613/1613/1613 1614/1614/1614 1656/1656/1656
f 1614/1614/1614 1657/1657/1657 1656/1656/1656
f 1614/1614/1614 1615/1615/1615 1657/1657/1657
f 1615/1615/1615 1658/1658/1658 1657/1657/1657
f 1615/1615/1615 1616/1616/1616 1658/1658/1658
f 1616/1616/1616 1659/1659/1659 1658/1658/1658
f 1616/1616/1616 1617/1617/1617 1659/1659/1659
f 1617/1617/1617 1660/1660/1660 1659/1659/1659
f 1617/1617/1617 1618/1618/1618 1660/1660/1660
f 1618/1618/1618 1661/1661/1661 1660/1660/1660
f 1618/1618/1618 1619/1619/1619 1661/1661/1661
f 1619/1619/1619 1662/1662/1662 1661/1661/1661
f 1619/1619/1619 1620/1620/1620 1662/1662/1662
f 1620/1620/1620 1663/1663/1663 1662/1662/1662
f 1620/1620/1620 1621/1621/1621 1663/1663/1663
f 1621/1621/1621 1664/1664/1664 1663/1663/1663
f 1621/1621/1621 1622/1622/1622 1664/1664/1664
f 1622/1622/1622 1665/1665/1665 1664/1664/1664
f 1622/1622/1622 1623/1623/1623 1665/1665/1665
f 1623/1623/1623 1666/1666/1666 1665/1665/1665
f 1623/1623/1623 1624/1624/1624 1666/1666/1666
f 1624/1624/1624 1667/1667/1667 1666/1666/1666
f 1624/1624/1624 1625/1625/1625 1667/1667/1667
f 1625/1625/1625 1668/1668/1668 1667/1667/1667
f 1625/1625/1625 1626/1626/1626 1668/1668/1668
f 1626/1626/1626 1669/1669/1669 1668/1668/1668
f 1627/1627/1627 1628/1628/1628 1670/1670/1670
f 1628/1628/1628 1671/1671/1671 1670/1670/1670
f 1628/1628/1628 1629/1629/1629 1671/1671/1671
f 1629/1629/1629 1672/1672/1672 1671/1671/1671
f 1629/1629/1629 1630/1630/1630 1672/1672/1672
f 1630/1630/1630 1673/1673/1673 1672/1672/1672
f 1630/1630/1630 1631/1631/1631 1673/1673/1673
f 1631/1631/1631 1674/1674/1674 1673/1673/1673
f 1631/1631/1631 1632/1632/1632 1674/1674/1674
f 1632/1632/1632 1675/1675/1675 1674/1674/1674
f 1632/1632/1632 1633/1633/1633 1675/1675/1675
f 1633/1633/1633 1676/1676/1676 1675/1675/1675
f 1633/1633/1633 1634/1634/1634 1676/1676/1676
f 1634/1634/1634 1677/1677/1677 1676/1676/1676
f 1634/1634/1634 1635/1635/1635 1677/1677/1677
f 1635/1635/1635 1678/1678/1678 1677/1677/1677
f 1635/1635/1635 1636/1636/1636 1678/1678/1678
f 1636/1636/1636 1679/1679/1679 1678/1678/1678
f 1636/1636/1636 1637/1637/1637 1679/1679/1679
f 1637/1637/1637 1680/1680/1680 1679/1679/1679
f 1637/1637/1637 1638/1638/1638 1680/1680/1680
f 1638/1638/1638 1681/1681/1681 1680/1680/1680
f 1638/1638/1638 1639/1639/1639 1681/1681/1681
f 1639/1639/1639 1682/1682/1682 1681/1681/1681
f 1639/1639/1639 1640/1640/1640 1682/1682/1682
f 1640/1640/1640 1683/1683/1683 1682/1682/1682
f 1640/1640/1640 1641/1641/1641 1683/1683/1683
f 1641/1641/1641 1684/1684/1684 1683/1683/1683
f 1641/1641/1641 1642/1642/1642 1684/1684/1684
f 1642/1642/1642 1685/1685/1685 1684/1684/1684
f 1642/1642/1642 1643/1643/1643 1685/1685/1685
f 1643/1643/1643 1686/1686/1686 1685/1685/1685
f 1643/1643/1643 1644/1644/1644 1686/1686/1686
f 1644/1644/1644 1687/1687/1687 1686/1686/1686
f 1644/1644/1644 1645/1645/1645 1687/1687/1687
f 1645/1645/1645 1688/1688/1688 1687/1687/1687
f 1645/1645/1645 1646/1646/1646 1688/1688/1688
f 1646/1646/1646 1689/1689/1689 1688/1688/1688
f 1646/1646/1646 1647/1647/1647 1689/1689/1689
f 1647/1647/1647 1690/1690/1690 1689/1689/1689
f 1647/1647/1647 1648/1648/1648 1690/1690/1690
f 1648/1648/1648 1691/1691/1691 1690/1690/1690
f 1648/1648/1648 1649/1649/1649 1691/1691/1691
f 1649/1649/1649 1692/1692/1692 1691/1691/1691
f 1649/1649/1649 1650/1650/1650 1692/1692/1692
f 1650/1650/1650 1693/1693/1693 1692/1692/1692
f 1650/1650/1650 1651/1651/1651 1693/1693/1693
f 1651/1651/1651 1694/1694/1694 1693/1693/1693
f 1651/1651/1651 1652/1652/1652 1694/1694/1694
f 1652/1652/1652 1695/1695/1695 1694/1694/1694
f 1652/1652/1652 1653/1653/1653 1695/1695/1695
f 1653/1653/1653 1696/1696/1696 1695/1695/1695
f 1653/1653/1653 1654/1654/1654 1696/1696/1696
f 1654/1654/1654 1697/1697/1697 1696/1696/1696
f 1654/1654/1654 1655/1655/1655 1697/1697/1697
f 1655/1655/1655 1698/1698/1698 1697/1697/1697
f 1655/1655/1655 1656/1656/1656 1698/1698/1698
f 1656/1656/1656 1699/1699/1699 1698/1698/1698
f 1656/1656/1656 1657/1657/1657 1699/1699/1699
f 1657/1657/1657 1700/1700/1700 1699/1699/1699
f 1657/1657/1657 1658/1658/1658 1700/1700/1700
f 1658/1658/1658 1701/1701/1701 1700/1700/1700
f 1658/1658/1658 1659/1659/1659 1701/1701/1701
f 1659/1659/1659 1702/1702/1702 1701/1701/1701
f 1659/1659/1659 1660/1660/1660 1702/1702/1702
f 1660/1660/1660 1703/1703/1703 1702/1702/1702
f 1660/1660/1660 1661/1661/1661 1703/1703/1703
f 1661/1661/1661 1704/1704/1704 1703/1703/1703
f 1661/1661/1661 1662/1662/1662 1704/1704/1704
f 1662/1662/1662 1705/1705/1705 1704/1704/1704
f 1662/1662/1662 1663/1663/1663 1705/1705/1705
f 1663/1663/1663 1706/1706/1706 1705/1705/1705
f 1663/1663/1663 1664/1664/1664 1706/1706/1706
f 1664/1664/1664 1707/1707/1707 1706/1706/1706
f 1664/1664/1664 1665/1665/1665 1707/1707/1707
f 1665/1665/1665 1708/1708/1708 1707/1707/1707
f 1665/1665/1665 1666/1666/1666 1708/1708/1708
f 1666/1666/1666 1709/1709/1709 1708/1708/1708
f 1666/1666/1666 1667/1667/1667 1709/1709/1709
f 1667/1667/1667 1710/1710/1710 1709/1709/1709
f 1667/1667/1667 1668/1668/1668 1710/1710/1710
f 1668/1668/1668 1711/1711/1711 1710/1710/1710
f 1668/1668/1668 1669/1669/1669 1711/1711/1711
f 1669/1669/1669 1712/1712/1712 1711/1711/1711
f 1670/1670/1670 1671/1671/1671 1713/1713/1713
f 1671/1671/1671 1714/1714/1714 1713/1713/1713
f 1671/1671/1671 1672/1672/1672 1714/1714/1714
f 1672/1672/1672 1715/1715/1715 1714/1714/1714
f 1672/1672/1672 1673/1673/1673 1715/1715/1715
f 1673/1673/1673 1716/1716/1716 1715/1715/1715
f 1673/1673/1673 1674/1674/1674 1716/1716/1716
f 1674/1674/1674 1717/1717/1717 1716/1716/1716
f 1674/1674/1674 1675/1675/1675 1717/1717/1717
f 1675/1675/1675 1718/1718/1718 1717/1717/1717
f 1675/1675/1675 1676/1676/1676 1718/1718/1718
f 1676/1676/1676 1719/1719/1719 1718/1718/1718
f 1676/1676/1676 1677/1677/1677 1719/1719/1719
f 1677/1677/1677 1720/1720/1720 1719/1719/1719
f 1677/1677/1677 1678/1678/1678 1720/1720/1720
f 1678/1678/1678 1721/1721/1721 1720/1720/1720
f 1678/1678/1678 1679/1679/1679 1721/1721/1721
f 1679/1679/1679 1722/1722/1722 1721/1721/1721
f 1679/1679/1679 1680/1680/1680 1722/1722/1722
f 1680/1680/1680 1723/1723/1723 1722/1722/1722
f 1680/1680/1680 1681/1681/1681 1723/1723/1723
f 1681/1681/1681 1724/1724/1724 1723/1723/1723
f 1681/1681/1681 1682/1682/1682 1724/1724/1724
f 1682/1682/1682 1725/1725/1725 1724/1724/1724
f 1682/1682/1682 1683/1683/1683 1725/1725/1725
f 1683/1683/1683 1726/1726/1726 1725/1725/1725
f 1683/1683/1683 1684/1684/1684 1726/1726/1726
f 1684/1684/1684 1727/1727/1727 1726/1726/1726
f 1684/1684/1684 1685/1685/1685 1727/1727/1727
f 1685/1685/1685 1728/1728/1728 1727/1727/1727
f 1685/1685/1685 1686/1686/1686 1728/1728/1728
f 1686/1686/1686 1729/1729/1729 1728/1728/1728
f 1686/1686/1686 1687/1687/1687 1729/1729/1729
f 1687/1687/1687 1730/1730/1730 1729/1729/1729
f 1687/1687/1687 1688/1688/1688 1730/1730/1730
f 1688/1688/1688 1731/1731/1731 1730/1730/1730
f 1688/1688/1688 1689/1689/1689 1731/1731/1731
f 1689/1689/1689 1732/1732/1732 1731/1731/1731
f 1689/1689/1689 1690/1690/1690 1732/1732/1732
f 1690/1690/1690 1733/1733/1733 1732/1732/1732
f 1690/1690/1690 1691/1691/1691 1733/1733/1733
f 1691/1691/1691 1734/1734/1734 1733/1733/1733
f 1691/1691/1691 1692/1692/1692 1734/1734/1734
f 1692/1692/1692 1735/1735/1735 1734/1734/1734
f 1692/1692/1692 1693/1693/1693 1735/1735/1735
f 1693/1693/1693 1736/1736/1736 1735/1735/1735
f 1693/1693/1693 1694/1694/1694 1736/1736/1736
f 1694/1694/1694 1737/1737/1737 1736/1736/1736
f 1694/1694/1694 1695/1695/1695 1737/1737/1737
f 1695/1695/1695 1738/1738/1738 1737/1737/1737
f 1695/1695/1695 1696/1696/1696 1738/1738/1738
f 1696/1696/1696 1739/1739/1739 1738/1738/1738
f 1696/1696/1696 1697/1697/1697 1739/1739/1739
f 1697/1697/1697 1740/1740/1740 1739/1739/1739
f 1697/1697/1697 1698/1698/1698 1740/1740/1740
f 1698/1698/1698 1741/1741/1741 1740/1740/1740
f 1698/1698/1698 1699/1699/1699 1741/1741/1741
f 1699/1699/1699 1742/1742/1742 1741/1741/1741
f 1699/1699/1699 1700/1700/1700 1742/1742/1742
f 1700/1700/1700 1743/1743/1743 1742/1742/1742
f 1700/1700/1700 1701/1701/1701 1743/1743/1743
f 1701/1701/1701 1744/1744/1744 1743/1743/1743
f 1701/1701/1701 1702/1702/1702 1744/1744/1744
f 1702/1702/1702 1745/1745/1745 1744/1744/1744
f 1702/1702/1702 1703/1703/1703 1745/1745/1745
f 1703/1703/1703 1746/1746/1746 1745/1745/1745
f 1703/1703/1703 1704/1704/1704 1746/1746/1746
f 1704/1704/1704 1747/1747/1747 1746/1746/1746
f 1704/1704/1704 1705/1705/1705 1747/1747/1747
f 1705/1705/1705 1748/1748/1748 1747/1747/1747
f 1705/1705/1705 1706/1706/1706 1748/1748/1748
f 1706/1706/1706 1749/1749/1749 1748/1748/1748
f 1706/1706/1706 1707/1707/1707 1749/1749/1749
f 1707/1707/1707 1750/1750/1750 1749/1749/1749
f 1707/1707/1707 1708/1708/1708 1750/1750/1750
f 1708/1708/1708 1751/1751/1751 1750/1750/1750
f 1708/1708/1708 1709/1709/1709 1751/1751/1751
f 1709/1709/1709 1752/1752/1752 1751/1751/1751
f 1709/1709/1709 1710/1710/1710 1752/1752/1752
f 1710/1710/1710 1753/1753/1753 1752/1752/1752
f 1710/1710/1710 1711/1711/1711 1753/1753/1753
f 1711/1711/1711 1754/1754/1754 1753/1753/1753
f 1711/1711/1711 1712/1712/1712 1754/1754/1754
f 1712/1712/1712 1755/1755/1755 1754/1754/1754
f 1756/1756/1756 1757/1757/1757 1787/1787/1787
f 1757/1757/1757 1788/1788/1788 1787/1787/1787
f 1757/1757/1757 1758/1758/1758 1788/1788/1788
f 1758/1758/1758 1789/1789/1789 1788/1788/1788
f 1758/1758/1758 1759/1759/1759 1789/1789/1789
f 1759/1759/1759 1790/1790/1790 1789/1789/1789
f 1759/1759/1759 1760/1760/1760 1790/1790/1790
f 1760/1760/1760 1791/1791/1791 1790/1790/1790
f 1760/1760/1760 1761/1761/1761 1791/1791/1791
f 1761/1761/1761 1792/1792/1792 1791/1791/1791
f 1761/1761/1761 1762/1762/1762 1792/1792/1792
f 1762/1762/1762 1793/1793/1793 1792/1792/1792
f 1762/1762/1762 1763/1763/1763 1793/1793/1793
f 1763/1763/1763 1794/1794/1794 1793/1793/1793
f 1763/1763/1763 1764/1764/1764 1794/1794/1794
f 1764/1764/1764 1795/1795/1795 1794/1794/1794
f 1764/1764/1764 1765/1765/1765 1795/1795/1795
f 1765/1765/1765 1796/1796/1796 1795/1795/1795
f 1765/1765/1765 1766/1766/1766 1796/1796/1796
f 1766/1766/1766 1797/1797/1797 1796/1796/1796
f 1766/1766/1766 1767/1767/1767 1797/1797/1797
f 1767/1767/1767 1798/1798/1798 1797/1797/1797
f 1767/1767/1767 1768/1768/1768 1798/1798/1798
f 1768/1768/1768 1799/1799/1799 1798/1798/1798
f 1768/1768/1768 1769/1769/1769 1799/1799/1799
f 1769/1769/1769 1800/1800/1800 1799/1799/1799
f 1769/1769/1769 1770/1770/1770 1800/1800/1800
f 1770/1770/1770 1801/1801/1801 1800/1800/1800
f 1770/1770/1770 1771/1771/1771 1801/1801/1801
f 1771/1771/1771 1802/1802/1802 1801/1801/1801
f 1771/1771/1771 1772/1772/1772 1802/1802/1802
f 1772/1772/1772 1803/1803/1803 1802/1802/1802
f 1772/1772/1772 1773/1773/1773 1803/1803/1803
f 1773/1773/1773 1804/1804/1804 1803/1803/1803
f 1773/1773/1773 1774/1774/1774 1804/1804/1804
f 1774/1774/1774 1805/1805/1805 1804/1804/1804
f 1774/1774/1774 1775/1775/1775 1805/1805/1805
f 1775/1775/1775 1806/1806/1806 1805/1805/1805
f 1775/1775/1775 1776/1776/1776 1806/1806/1806
f 1776/1776/1776 1807/1807/1807 1806/1806/1806
f 1776/1776/1776 1777/1777/1777 1807/1807/1807
f 1777/1777/1777 1808/1808/1808 1807/1807/1807
f 1777/1777/1777 1778/1778/1778 1808/1808/1808
f 1778/1778/1778 1809/1809/1809 1808/1808/1808
f 1778/1778/1778 1779/1779/1779 1809/1809/1809
f 1779/1779/1779 1810/1810/1810 1809/1809/1809
f 1779/1779/1779 1780/1780/1780 1810/1810/1810
f 1780/1780/1780 1811/1811/1811 1810/1810/1810
f 1780/1780/1780 1781/1781/1781 1811/1811/1811
f 1781/1781/1781 1812/1812/1812 1811/1811/1811
f 1781/1781/1781 1782/1782/1782 1812/1812/1812
f 1782/1782/1782 1813/1813/1813 1812/1812/1812
f 1782/1782/1782 1783/1783/1783 1813/1813/1813
f 1783/1783/1783 1814/1814/1814 1813/1813/1813
f 1783/1783/1783 1784/1784/1784 1814/1814/1814
f 1784/1784/1784 1815/1815/1815 1814/1814/1814
f 1784/1784/1784 1785/1785/1785 1815/1815/1815
f 1785/1785/1785 1816/1816/1816 1815/1815/1815
f 1785/1785/1785 1786/1786/1786 1816/1816/1816
f 1786/1786/1786 1817/1817/1817 1816/1816/1816
f 1787/1787/1787 1788/1788/1788 1818/1818/1818
f 1788/1788/1788 1819/1819/1819 1818/1818/1818
f 1788/1788/1788 1789/1789/1789 1819/1819/1819
f 1789/1789/1789 1820/1820/1820 1819/1819/1819
f 1789/1789/1789 1790/1790/1790 1820/1820/1820
f 1790/1790/1790 1821/1821/1821 1820/1820/1820
f 1790/1790/1790 1791/1791/1791 1821/1821/1821
f 1791/1791/1791 1822/1822/1822 1821/1821/1821
f 1791/1791/1791 1792/1792/1792 1822/1822/1822
f 1792/1792/1792 1823/1823/1823 1822/1822/1822
f 1792/1792/1792 1793/1793/1793 1823/1823/1823
f 1793/1793/1793 1824/1824/1824 1823/1823/1823
f 1793/1793/1793 1794/1794/1794 1824/1824/1824
f 1794/1794/1794 1825/1825/1825 1824/1824/1824
f 1794/1794/1794 1795/1795/1795 1825/1825/1825
f 1795/1795/1795 1826/1826/1826 1825/1825/1825
f 1795/1795/1795 1796/1796/1796 1826/1826/1826
f 1796/1796/1796 1827/1827/1827 1826/1826/1826
f 1796/1796/1796 1797/1797/1797 1827/1827/1827
f 1797/1797/1797 1828/1828/1828 1827/1827/1827
f 1797/1797/1797 1798/1798/1798 1828/1828/1828
f 1798/1798/1798 1829/1829/1829 1828/1828/1828
f 1798/1798/1798 1799/1799/1799 1829/1829/1829
f 1799/1799/1799 1830/1830/1830 1829/1829/1829
f 1799/1799/1799 1800/1800/1800 1830/1830/1830
f 1800/1800/1800 1831/1831/1831 1830/1830/1830
f 1800/1800/1800 1801/1801/1801 1831/1831/1831
f 1801/1801/1801 1832/1832/1832 1831/1831/1831
f 1801/1801/1801 1802/1802/1802 1832/1832/1832
f 1802/1802/1802 1833/1833/1833 1832/1832/1832
f 1802/1802/1802 1803/1803/1803 1833/1833/1833
f 1803/1803/1803 1834/1834/1834 1833/1833/1833
f 1803/1803/1803 1804/1804/1804 1834/1834/1834
f 1804/1804/1804 1835/1835/1835 1834/1834/1834
f 1804/1804/1804 1805/1805/1805 1835/1835/1835
f 1805/1805/1805 1836/1836/1836 1835/1835/1835
f 1805/1805/1805 1806/1806/1806 1836/1836/1836
f 1806/1806/1806 1837/1837/1837 1836/1836/1836
f 1806/1806/1806 1807/1807/1807 1837/1837/1837
f 1807/1807/1807 1838/1838/1838 1837/1837/1837
f 1807/1807/1807 1808/1808/1808 1838/1838/1838
f 1808/1808/1808 1839/1839/1839 1838/1838/1838
f 1808/1808/1808 1809/1809/1809 1839/1839/1839
f 1809/1809/1809 1840/1840/1840 1839/1839/1839
f 1809/1809/1809 1810/1810/1810 1840/1840/1840
f 1810/1810/1810 1841/1841/1841 1840/1840/1840
f 1810/1810/1810 1811/1811/1811 1841/1841/1841
f 1811/1811/1811 1842/1842/1842 1841/1841/1841
f 1811/1811/1811 1812/1812/1812 1842/1842/1842
f 1812/1812/1812 1843/1843/1843 1842/1842/1842
f 1812/1812/1812 1813/1813/1813 1843/1843/1843
f 1813/1813/1813 1844/1844/1844 1843/1843/1843
f 1813/1813/1813 1814/1814/1814 1844/1844/1844
f 1814/1814/1814 1845/1845/1845 1844/1844/1844
f 1814/1814/1814 1815/1815/1815 1845/1845/1845
f 1815/1815/1815 1846/1846/1846 1845/1845/1845
f 1815/1815/1815 1816/1816/1816 1846/1846/1846
f 1816/1816/1816 1847/1847/1847 1846/1846/1846
f 1816/1816/1816 1817/1817/1817 1847/1847/1847
f 1817/1817/1817 1848/1848/1848 1847/1847/1847
f 1818/1818/1818 1819/1819/1819 1849/1849/1849
f 1819/1819/1819 1850/1850/1850 1849/1849/1849
f 1819/1819/1819 1820/1820/1820 1850/1850/1850
f 1820/1820/1820 1851/1851/1851 1850/1850/1850
f 1820/1820/1820 1821/1821/1821 1851/1851/1851
f 1821/1821/1821 1852/1852/1852 1851/1851/1851
f 1821/1821/1821 1822/1822/1822 1852/1852/1852
f 1822/1822/1822 1853/1853/1853 1852/1852/1852
f 1822/1822/1822 1823/1823/1823 1853/1853/1853
f 1823/1823/1823 1854/1854/1854 1853/1853/1853
f 1823/1823/1823 1824/1824/1824 1854/1854/1854
f 1824/1824/1824 1855/1855/1855 1854/1854/1854
f 1824/1824/1824 1825/1825/1825 1855/1855/1855
f 1825/1825/1825 1856/1856/1856 1855/1855/1855
f 1825/1825/1825 1826/1826/1826 1856/1856/1856
f 1826/1826/1826 1857/1857/1857 1856/1856/1856
f 1826/1826/1826 1827/1827/1827 1857/1857/1857
f 1827/1827/1827 1858/1858/1858 1857/1857/1857
f 1827/1827/1827 1828/1828/1828 1858/1858/1858
f 1828/1828/1828 1859/1859/1859 1858/1858/1858
f 1828/1828/1828 1829/1829/1829 1859/1859/1859
f 1829/1829/1829 1860/1860/1860 1859/1859/1859
f 1829/1829/1829 1830/1830/1830 1860/1860/1860
f 1830/1830/1830 1861/1861/1861 1860/1860/1860
f 1830/1830/1830 1831/1831/1831 1861/1861/1861
f 1831/1831/1831 1862/1862/1862 1861/1861/1861
f 1831/1831/1831 1832/1832/1832 1862/1862/1862
f 1832/1832/1832 1863/1863/1863 1862/1862/1862
f 1832/1832/1832 1833/1833/1833 1863/1863/1863
f 1833/1833/1833 1864/1864/1864 1863/1863/1863
f 1833/1833/1833 1834/1834/1834 1864/1864/1864
f 1834/1834/1834 1865/1865/1865 1864/1864/1864
f 1834/1834/1834 1835/1835/1835 1865/1865/1865
f 1835/1835/1835 1866/1866/1866 1865/1865/1865
f 1835/1835/1835 1836/1836/1836 1866/1866/1866
f 1836/1836/1836 1867/1867/1867 1866/1866/1866
f 1836/1836/1836 1837/1837/1837 1867/1867/1867
f 1837/1837/1837 1868/1868/1868 1867/1867/1867
f 1837/1837/1837 1838/1838/1838 1868/1868/1868
f 1838/1838/1838 1869/1869/1869 1868/1868/1868
f 1838/1838/1838 1839/1839/1839 1869/1869/1869
f 1839/1839/1839 1870/1870/1870 1869/1869/1869
f 1839/1839/1839 1840/1840/1840 1870/1870/1870
f 1840/1840/1840 1871/1871/1871 1870/1870/1870
f 1840/1840/1840 1841/1841/1841 1871/1871/1871
f 1841/1841/1841 1872/1872/1872 1871/1871/1871
f 1841/1841/1841 1842/1842/1842 1872/1872/1872
f 1842/1842/1842 1873/1873/1873 1872/1872/1872
f 1842/1842/1842 1843/1843/1843 1873/1873/1873
f 1843/1843/1843 1874/1874/1874 1873/1873/1873
f 1843/1843/1843 1844/1844/1844 1874/1874/1874
f 1844/1844/1844 1875/1875/1875 1874/1874/1874
f 1844/1844/1844 1845/1845/1845 1875/1875/1875
f 1845/1845/1845 1876/1876/1876 1875/1875/1875
f 1845/1845/1845 1846/1846/1846 1876/1876/1876
f 1846/1846/1846 1877/1877/1877 1876/1876/1876
f 1846/1846/1846 1847/1847/1847 1877/1877/1877
f 1847/1847/1847 1878/1878/1878 1877/1877/1877
f 1847/1847/1847 1848/1848/1848 1878/1878/1878
f 1848/1848/1848 1879/1879/1879 1878/1878/1878
f 1849/1849/1849 1850/1850/1850 1880/1880/1880
f 1850/1850/1850 1881/1881/1881 1880/1880/1880
f 1850/1850/1850 1851/1851/1851 1881/1881/1881
f 1851/1851/1851 1882/1882/1882 1881/1881/1881
f 1851/1851/1851 1852/1852/1852 1882/1882/1882
f 1852/1852/1852 1883/1883/1883 1882/1882/1882
f 1852/1852/1852 1853/1853/1853 1883/1883/1883
f 1853/1853/1853 1884/1884/1884 1883/1883/1883
f 1853/1853/1853 1854/1854/1854 1884/1884/1884
f 1854/1854/1854 1885/1885/1885 1884/1884/1884
f 1854/1854/1854 1855/1855/1855 1885/1885/1885
f 1855/1855/1855 1886/1886/1886 1885/1885/1885
f 1855/1855/1855 1856/1856/1856 1886/1886/1886
f 1856/1856/1856 1887/1887/1887 1886/1886/1886
f 1856/1856/1856 1857/1857/1857 1887/1887/1887
f 1857/1857/1857 1888/1888/1888 1887/1887/1887
f 1857/1857/1857 1858/1858/1858 1888/1888/1888
f 1858/1858/1858 1889/1889/1889 1888/1888/1888
f 1858/1858/1858 1859/1859/1859 1889/1889/1889
f 1859/1859/1859 1890/1890/1890 1889/1889/1889
f 1859/1859/1859 1860/1860/1860 1890/1890/1890
f 1860/1860/1860 1891/1891/1891 1890/1890/1890
f 1860/1860/1860 1861/1861/1861 1891/1891/1891
f 1861/1861/1861 1892/1892/1892 1891/1891/1891
f 1861/1861/1861 1862/1862/1862 1892/1892/1892
f 1862/1862/1862 1893/1893/1893 1892/1892/1892
f 1862/1862/1862 1863/1863/1863 1893/1893/1893
f 1863/1863/1863 1894/1894/1894 1893/1893/1893
f 1863/1863/1863 1864/1864/1864 1894/1894/1894
f 1864/1864/1864 1895/1895/1895 1894/1894/1894
f 1864/1864/1864 1865/1865/1865 1895/1895/1895
f 1865/1865/1865 1896/1896/1896 1895/1895/1895
f 1865/1865/1865 1866/1866/1866 1896/1896/1896
f 1866/1866/1866 1897/1897/1897 1896/1896/1896
f 1866/1866/1866 1867/1867/1867 1897/1897/1897
f 1867/1867/1867 1898/1898/1898 1897/1897/1897
f 1867/1867/1867 1868/1868/1868 1898/1898/1898
f 1868/1868/1868 1899/1899/1899 1898/1898/1898
f 1868/1868/1868 1869/1869/1869 1899/1899/1899
f 1869/1869/1869 1900/1900/1900 1899/1899/1899
f 1869/1869/1869 1870/1870/1870 1900/1900/1900
f 1870/1870/1870 1901/1901/1901 1900/1900/1900
f 1870/1870/1870 1871/1871/1871 1901/1901/1901
f 1871/1871/1871 1902/1902/1902 1901/1901/1901
f 1871/1871/1871 1872/1872/1872 1902/1902/1902
f 1872/1872/1872 1903/1903/1903 1902/1902/1902
f 1872/1872/1872 1873/1873/1873 1903/1903/1903
f 1873/1873/1873 1904/1904/1904 1903/1903/1903
f 1873/1873/1873 1874/1874/1874 1904/1904/1904
f 1874/1874/1874 1905/1905/1905 1904/1904/1904
f 1874/1874/1874 1875/1875/1875 1905/1905/1905
f 1875/1875/1875 1906/1906/1906 1905/1905/1905
f 1875/1875/1875 1876/1876/1876 1906/1906/1906
f 1876/1876/1876 1907/1907/1907 1906/1906/1906
f 1876/1876/1876 1877/1877/1877 1907/1907/1907
f 1877/1877/1877 1908/1908/1908 1907/1907/1907
f 1877/1877/1877 1878/1878/1878 1908/1908/1908
f 1878/1878/1878 1909/1909/1909 1908/1908/1908
f 1878/1878/1878 1879/1879/1879 1909/1909/1909
f 1879/1879/1879 1910/1910/1910 1909/1909/1909
f 1880/1880/1880 1881/1881/1881 1911/1911/1911
f 1881/1881/1881 1912/1912/1912 1911/1911/1911
f 1881/1881/1881 1882/1882/1882 1912/1912/1912
f 1882/1882/1882 1913/1913/1913 1912/1912/1912
f 1882/1882/1882 1883/1883/1883 1913/1913/1913
f 1883/1883/1883 1914/1914/1914 1913/1913/1913
f 1883/1883/1883 1884/1884/1884 1914/1914/1914
f 1884/1884/1884 1915/1915/1915 1914/1914/1914
f 1884/1884/1884 1885/1885/1885 1915/1915/1915
f 1885/1885/1885 1916/1916/1916 1915/1915/1915
f 1885/1885/1885 1886/1886/1886 1916/1916/1916
f 1886/1886/1886 1917/1917/1917 1916/1916/1916
f 1886/1886/1886 1887/1887/1887 1917/1917/1917
f 1887/1887/1887 1918/1918/1918 1917/1917/1917
f 1887/1887/1887 1888/1888/1888 1918/1918/1918
f 1888/1888/1888 1919/1919/1919 1918/1918/1918
f 1888/1888/1888 1889/1889/1889 1919/1919/1919
f 1889/1889/1889 1920/1920/1920 1919/1919/1919
f 1889/1889/1889 1890/1890/1890 1920/1920/1920
f 1890/1890/1890 1921/1921/1921 1920/1920/1920
f 1890/1890/1890 1891/1891/1891 1921/1921/1921
f 1891/1891/1891 1922/1922/1922 1921/1921/1921
f 1891/1891/1891 1892/1892/1892 1922/1922/1922
f 1892/1892/1892 1923/1923/1923 1922/1922/1922
f 1892/1892/1892 1893/1893/1893 1923/1923/1923
f 1893/1893/1893 1924/1924/1924 1923/1923/1923
f 1893/1893/1893 1894/1894/1894 1924/1924/1924
f 1894/1894/1894 1925/1925/1925 1924/1924/1924
f 1894/1894/1894 1895/1895/1895 1925/1925/1925
f 1895/1895/1895 1926/1926/1926 1925/1925/1925
f 1895/1895/1895 1896/1896/1896 1926/1926/1926
f 1896/1896/1896 1927/1927/1927 1926/1926/1926
f 1896/1896/1896 1897/1897/1897 1927/1927/1927
f 1897/1897/1897 1928/1928/1928 1927/1927/1927
f 1897/1897/1897 1898/1898/1898 1928/1928/1928
f 1898/1898/1898 1929/1929/1929 1928/1928/1928
f 1898/1898/1898 1899/1899/1899 1929/1929/1929
f 1899/1899/1899 1930/1930/1930 1929/1929/1929
f 1899/1899/1899 1900/1900/1900 1930/1930/1930
f 1900/1900/1900 1931/1931/1931 1930/1930/1930
f 1900/1900/1900 1901/1901/1901 1931/1931/1931
f 1901/1901/1901 1932/1932/1932 1931/1931/1931
f 1901/1901/1901 1902/1902/1902 1932/1932/1932
f 1902/1902/1902 1933/1933/1933 1932/1932/1932
f 1902/1902/1902 1903/1903/1903 1933/1933/1933
f 1903/1903/1903 1934/1934/1934 1933/1933/1933
f 1903/1903/1903 1904/1904/1904 1934/1934/1934
f 1904/1904/1904 1935/1935/1935 1934/1934/1934
f 1904/1904/1904 1905/1905/1905 1935/1935/1935
f 1905/1905/1905 1936/1936/1936 1935/1935/1935
f 1905/1905/1905 1906/1906/1906 1936/1936/1936
f 1906/1906/1906 1937/1937/1937 1936/1936/1936
f 1906/1906/1906 1907/1907/1907 1937/1937/1937
f 1907/1907/1907 1938/1938/1938 1937/1937/1937
f 1907/1907/1907 1908/1908/1908 1938/1938/1938
f 1908/1908/1908 1939/1939/1939 1938/1938/1938
f 1908/1908/1908 1909/1909/1909 1939/1939/1939
f 1909/1909/1909 1940/1940/1940 1939/1939/1939
f 1909/1909/1909 1910/1910/1910 1940/1940/1940
f 1910/1910/1910 1941/1941/1941 1940/1940/1940
f 1911/1911/1911 1912/1912/1912 1942/1942/1942
f 1912/1912/1912 1943/1943/1943 1942/1942/1942
f 1912/1912/1912 1913/1913/1913 1943/1943/1943
f 1913/1913/1913 1944/1944/1944 1943/1943/1943
f 1913/1913/1913 1914/1914/1914 1944/1944/1944
f 1914/1914/1914 1945/1945/1945 1944/1944/1944
f 1914/1914/1914 1915/1915/1915 1945/1945/1945
f 1915/1915/1915 1946/1946/1946 1945/1945/1945
f 1915/1915/1915 1916/1916/1916 1946/1946/1946
f 1916/1916/1916 1947/1947/1947 1946/1946/1946
f 1916/1916/1916 1917/1917/1917 1947/1947/1947
f 1917/1917/1917 1948/1948/1948 1947/1947/1947
f 1917/1917/1917 1918/1918/1918 1948/1948/1948
f 1918/1918/1918 1949/1949/1949 1948/1948/1948
f 1918/1918/1918 1919/1919/1919 1949/1949/1949
f 1919/1919/1919 1950/1950/1950 1949/1949/1949
f 1919/1919/1919 1920/1920/1920 1950/1950/1950
f 1920/1920/1920 1951/1951/1951 1950/1950/1950
f 1920/1920/1920 1921/1921/1921 1951/1951/1951
f 1921/1921/1921 1952/1952/1952 1951/1951/1951
f 1921/1921/1921 1922/1922/1922 1952/1952/1952
f 1922/1922/1922 1953/1953/1953 1952/1952/1952
f 1922/1922/1922 1923/1923/1923 1953/1953/1953
f 1923/1923/1923 1954/1954/1954 1953/1953/1953
f 1923/1923/1923 1924/1924/1924 1954/1954/1954
f 1924/1924/1924 1955/1955/1955 1954/1954/1954
f 1924/1924/1924 1925/1925/1925 1955/1955/1955
f 1925/1925/1925 1956/1956/1956 1955/1955/1955
f 1925/1925/1925 1926/1926/1926 1956/1956/1956
f 1926/1926/1926 1957/1957/1957 1956/1956/1956
f 1926/1926/1926 1927/1927/1927 1957/1957/1957
f 1927/1927/1927 1958/1958/1958 1957/1957/1957
f 1927/1927/1927 1928/1928/1928 1958/1958/1958
f 1928/1928/1928 1959/1959/1959 1958/1958/1958
f 1928/1928/1928 1929/1929/1929 1959/1959/1959
f 1929/1929/1929 1960/1960/1960 1959/1959/1959
f 1929/1929/1929 1930/1930/1930 1960/1960/1960
f 1930/1930/1930 1961/1961/1961 1960/1960/1960
f 1930/1930/1930 1931/1931/1931 1961/1961/1961
f 1931/1931/1931 1962/1962/1962 1961/1961/1961
f 1931/1931/1931 1932/1932/1932 1962/1962/1962
f 1932/1932/1932 1963/1963/1963 1962/1962/1962
f 1932/1932/1932 1933/1933/1933 1963/1963/1963
f 1933/1933/1933 1964/1964/1964 1963/1963/1963
f 1933/1933/1933 1934/1934/1934 1964/1964/1964
f 1934/1934/1934 1965/1965/1965 1964/1964/1964
f 1934/1934/1934 1935/1935/1935 1965/1965/1965
f 1935/1935/1935 1966/1966/1966 1965/1965/1965
f 1935/1935/1935 1936/1936/1936 1966/1966/1966
f 1936/1936/1936 1967/1967/1967 1966/1966/1966
f 1936/1936/1936 1937/1937/1937 1967/1967/1967
f 1937/1937/1937 1968/1968/1968 1967/1967/1967
f 1937/1937/1937 1938/1938/1938 1968/1968/1968
f 1938/1938/1938 1969/1969/1969 1968/1968/1968
f 1938/1938/1938 1939/1939/1939 1969/1969/1969
f 1939/1939/1939 1970/1970/1970 1969/1969/1969
f 1939/1939/1939 1940/1940/1940 1970/1970/1970
f 1940/1940/1940 1971/1971/1971 1970/1970/1970
f 1940/1940/1940 1941/1941/1941 1971/1971/1971
f 1941/1941/1941 1972/1972/1972 1971/1971/1971
f 1942/1942/1942 1943/1943/1943 1973/1973/1973
f 1943/1943/1943 1974/1974/1974 1973/1973/1973
f 1943/1943/1943 1944/1944/1944 1974/1974/1974
f 1944/1944/1944 1975/1975/1975 1974/1974/1974
f 1944/1944/1944 1945/1945/1945 1975/1975/1975
f 1945/1945/1945 1976/1976/1976 1975/1975/1975
f 1945/1945/1945 1946/1946/1946 1976/1976/1976
f 1946/1946/1946 1977/1977/1977 1976/1976/1976
f 1946/1946/1946 1947/1947/1947 1977/1977/1977
f 1947/1947/1947 1978/1978/1978 1977/1977/1977
f 1947/1947/1947 1948/1948/1948 1978/1978/1978
f 1948/1948/1948 1979/1979/1979 1978/1978/1978
f 1948/1948/1948 1949/1949/1949 1979/1979/1979
f 1949/1949/1949 1980/1980/1980 1979/1979/1979
f 1949/1949/1949 1950/1950/1950 1980/1980/1980
f 1950/1950/1950 1981/1981/1981 1980/1980/1980
f 1950/1950/1950 1951/1951/1951 1981/1981/1981
f 1951/1951/1951 1982/1982/1982 1981/1981/1981
f 1951/1951/1951 1952/1952/1952 1982/1982/1982
f 1952/1952/1952 1983/1983/1983 1982/1982/1982
f 1952/1952/1952 1953/1953/1953 1983/1983/1983
f 1953/1953/1953 1984/1984/1984 1983/1983/1983
f 1953/1953/1953 1954/1954/1954 1984/1984/1984
f 1954/1954/1954 1985/1985/1985 1984/1984/1984
f 1954/1954/1954 1955/1955/1955 1985/1985/1985
f 1955/1955/1955 1986/1986/1986 1985/1985/1985
f 1955/1955/1955 1956/1956/1956 1986/1986/1986
f 1956/1956/1956 1987/1987/1987 1986/1986/1986
f 1956/1956/1956 1957/1957/1957 1987/1987/1987
f 1957/1957/1957 1988/1988/1988 1987/1987/1987
f 1957/1957/1957 1958/1958/1958 1988/1988/1988
f 1958/1958/1958 1989/1989/1989 1988/1988/1988
f 1958/1958/1958 1959/1959/1959 1989/1989/1989
f 1959/1959/1959 1990/1990/1990 1989/1989/1989
f 1959/1959/1959 1960/1960/1960 1990/1990/1990
f 1960/1960/1960 1991/1991/1991 1990/1990/1990
f 1960/1960/1960 1961/1961/1961 1991/1991/1991
f 1961/1961/1961 1992/1992/1992 1991/1991/1991
f 1961/1961/1961 1962/1962/1962 1992/1992/1992
f 1962/1962/1962 1993/1993/1993 1992/1992/1992
f 1962/1962/1962 1963/1963/1963 1993/1993/1993
f 1963/1963/1963 1994/1994/1994 1993/1993/1993
f 1963/1963/1963 1964/1964/1964 1994/1994/1994
f 1964/1964/1964 1995/1995/1995 1994/1994/1994
f 1964/1964/1964 1965/1965/1965 1995/1995/1995
f 1965/1965/1965 1996/1996/1996 1995/1995/1995
f 1965/1965/1965 1966/1966/1966 1996/1996/1996
f 1966/1966/1966 1997/1997/1997 1996/1996/1996
f 1966/1966/1966 1967/1967/1967 1997/1997/1997
f 1967/1967/1967 1998/1998/1998 1997/1997/1997
f 1967/1967/1967 1968/1968/1968 1998/1998/1998
f 1968/1968/1968 1999/1999/1999 1998/1998/1998
f 1968/1968/1968 1969/1969/1969 1999/1999/1999
f 1969/1969/1969 2000/2000/2000 1999/1999/1999
f 1969/1969/1969 1970/1970/1970 2000/2000/2000
f 1970/1970/1970 2001/2001/2001 2000/2000/2000
f 1970/1970/1970 1971/1971/1971 2001/2001/2001
f 1971/1971/1971 2002/2002/2002 2001/2001/2001
f 1971/1971/1971 1972/1972/1972 2002/2002/2002
f 1972/1972/1972 2003/2003/2003 2002/2002/2002
f 1973/1973/1973 1974/1974/1974 2004/2004/2004
f 1974/1974/1974 2005/2005/2005 2004/2004/2004
f 1974/1974/1974 1975/1975/1975 2005/2005/2005
f 1975/1975/1975 2006/2006/2006 2005/2005/2005
f 1975/1975/1975 1976/1976/1976 2006/2006/2006
f 1976/1976/1976 2007/2007/2007 2006/2006/2006
f 1976/1976/1976 1977/1977/1977 2007/2007/2007
f 1977/1977/1977 2008/2008/2008 2007/2007/2007
f 1977/1977/1977 1978/1978/1978 2008/2008/2008
f 1978/1978/1978 2009/2009/2009 2008/2008/2008
f 1978/1978/1978 1979/1979/1979 2009/2009/2009
f 1979/1979/1979 2010/2010/2010 2009/2009/2009
f 1979/1979/1979 1980/1980/1980 2010/2010/2010
f 1980/1980/1980 2011/2011/2011 2010/2010/2010
f 1980/1980/1980 1981/1981/1981 2011/2011/2011
f 1981/1981/1981 2012/2012/2012 2011/2011/2011
f 1981/1981/1981 1982/1982/1982 2012/2012/2012
f 1982/1982/1982 2013/2013/2013 2012/2012/2012
f 1982/1982/1982 1983/1983/1983 2013/2013/2013
f 1983/1983/1983 2014/2014/2014 2013/2013/2013
f 1983/1983/1983 1984/1984/1984 2014/2014/2014
f 1984/1984/1984 2015/2015/2015 2014/2014/2014
f 1984/1984/1984 1985/1985/1985 2015/2015/2015
f 1985/1985/1985 2016/2016/2016 2015/2015/2015
f 1985/1985/1985 1986/1986/1986 2016/2016/2016
f 1986/1986/1986 2017/2017/2017 2016/2016/2016
f 1986/1986/1986 1987/1987/1987 2017/2017/2017
f 1987/1987/1987 2018/2018/2018 2017/2017/2017
f 1987/1987/1987 1988/1988/1988 2018/2018/2018
f 1988/1988/1988 2019/2019/2019 2018/2018/2018
f 1988/1988/1988 1989/1989/1989 2019/2019/2019
f 1989/1989/1989 2020/2020/2020 2019/2019/2019
f 1989/1989/1989 1990/1990/1990 2020/2020/2020
f 1990/1990/1990 2021/2021/2021 2020/2020/2020
f 1990/1990/1990 1991/1991/1991 2021/2021/2021
f 1991/1991/1991 2022/2022/2022 2021/2021/2021
f 1991/1991/1991 1992/1992/1992 2022/2022/2022
f 1992/1992/1992 2023/2023/2023 2022/2022/2022
f 1992/1992/1992 1993/1993/1993 2023/2023/2023
f 1993/1993/1993 2024/2024/2024 2023/2023/2023
f 1993/1993/1993 1994/1994/1994 2024/2024/2024
f 1994/1994/1994 2025/2025/2025 2024/2024/2024
f 1994/1994/1994 1995/1995/1995 2025/2025/2025
f 1995/1995/1995 2026/2026/2026 2025/2025/2025
f 1995/1995/1995 1996/1996/1996 2026/2026/2026
f 1996/1996/1996 2027/2027/2027 2026/2026/2026
f 1996/1996/1996 1997/1997/1997 2027/2027/2027
f 1997/1997/1997 2028/2028/2028 2027/2027/2027
f 1997/1997/1997 1998/1998/1998 2028/2028/2028
f 1998/1998/1998 2029/2029/2029 2028/2028/2028
f 1998/1998/1998 1999/1999/1999 2029/2029/2029
f 1999/1999/1999 2030/2030/2030 2029/2029/2029
f 1999/1999/1999 2000/2000/2000 2030/2030/2030
f 2000/2000/2000 2031/2031/2031 2030/2030/2030
f 2000/2000/2000 2001/2001/2001 2031/2031/2031
f 2001/2001/2001 2032/2032/2032 2031/2031/2031
f 2001/2001/2001 2002/2002/2002 2032/2032/2032
f 2002/2002/2002 2033/2033/2033 2032/2032/2032
f 2002/2002/2002 2003/2003/2003 2033/2033/2033
f 2003/2003/2003 2034/2034/2034 2033/2033/2033
f 2004/2004/2004 2005/2005/2005 2035/2035/2035
f 2005/2005/2005 2036/2036/2036 2035/2035/2035
f 2005/2005/2005 2006/2006/2006 2036/2036/2036
f 2006/2006/2006 2037/2037/2037 2036/2036/2036
f 2006/2006/2006 2007/2007/2007 2037/2037/2037
f 2007/2007/2007 2038/2038/2038 2037/2037/2037
f 2007/2007/2007 2008/2008/2008 2038/2038/2038
f 2008/2008/2008 2039/2039/2039 2038/2038/2038
f 2008/2008/2008 2009/2009/2009 2039/2039/2039
f 2009/2009/2009 2040/2040/2040 2039/2039/2039
f 2009/2009/2009 2010/2010/2010 2040/2040/2040
f 2010/2010/2010 2041/2041/2041 2040/2040/2040
f 2010/2010/2010 2011/2011/2011 2041/2041/2041
f 2011/2011/2011 2042/2042/2042 2041/2041/2041
f 2011/2011/2011 2012/2012/2012 2042/2042/2042
f 2012/2012/2012 2043/2043/2043 2042/2042/2042
f 2012/2012/2012 2013/2013/2013 2043/2043/2043
f 2013/2013/2013 2044/2044/2044 2043/2043/2043
f 2013/2013/2013 2014/2014/2014 2044/2044/2044
f 2014/2014/2014 2045/2045/2045 2044/2044/2044
f 2014/2014/2014 2015/2015/2015 2045/2045/2045
f 2015/2015/2015 2046/2046/2046 2045/2045/2045
f 2015/2015/2015 2016/2016/2016 2046/2046/2046
f 2016/2016/2016 2047/2047/2047 2046/2046/2046
f 2016/2016/2016 2017/2017/2017 2047/2047/2047
f 2017/2017/2017 2048/2048/2048 2047/2047/2047
f 2017/2017/2017 2018/2018/2018 2048/2048/2048
f 2018/2018/2018 2049/2049/2049 2048/2048/2048
f 2018/2018/2018 2019/2019/2019 2049/2049/2049
f 2019/2019/2019 2050/2050/2050 2049/2049/2049
f 2019/2019/2019 2020/2020/2020 2050/2050/2050
f 2020/2020/2020 2051/2051/2051 2050/2050/2050
f 2020/2020/2020 2021/2021/2021 2051/2051/2051
f 2021/2021/2021 2052/2052/2052 2051/2051/2051
f 2021/2021/2021 2022/2022/2022 2052/2052/2052
f 2022/2022/2022 2053/2053/2053 2052/2052/2052
f 2022/2022/2022 2023/2023/2023 2053/2053/2053
f 2023/2023/2023 2054/2054/2054 2053/2053/2053
f 2023/2023/2023 2024/2024/2024 2054/2054/2054
f 2024/2024/2024 2055/2055/2055 2054/2054/2054
f 2024/2024/2024 2025/2025/2025 2055/2055/2055
f 2025/2025/2025 2056/2056/2056 2055/2055/2055
f 2025/2025/2025 2026/2026/2026 2056/2056/2056
f 2026/2026/2026 2057/2057/2057 2056/2056/2056
f 2026/2026/2026 2027/2027/2027 2057/2057/2057
f 2027/2027/2027 2058/2058/2058 2057/2057/2057
f 2027/2027/2027 2028/2028/2028 2058/2058/2058
f 2028/2028/2028 2059/2059/2059 2058/2058/2058
f 2028/2028/2028 2029/2029/2029 2059/2059/2059
f 2029/2029/2029 2060/2060/2060 2059/2059/2059
f 2029/2029/2029 2030/2030/2030 2060/2060/2060
f 2030/2030/2030 2061/2061/2061 2060/2060/2060
f 2030/2030/2030 2031/2031/2031 2061/2061/2061
f 2031/2031/2031 2062/2062/2062 2061/2061/2061
f 2031/2031/2031 2032/2032/2032 2062/2062/2062
f 2032/2032/2032 2063/2063/2063 2062/2062/2062
f 2032/2032/2032 2033/2033/2033 2063/2063/2063
f 2033/2033/2033 2064/2064/2064 2063/2063/2063
f 2033/2033/2033 2034/2034/2034 2064/2064/2064
f 2034/2034/2034 2065/2065/2065 2064/2064/2064
f 2035/2035/2035 2036/2036/2036 2066/2066/2066
f 2036/2036/2036 2067/2067/2067 2066/2066/2066
f 2036/2036/2036 2037/2037/2037 2067/2067/2067
f 2037/2037/2037 2068/2068/2068 2067/2067/2067
f 2037/2037/2037 2038/2038/2038 2068/2068/2068
f 2038/2038/2038 2069/2069/2069 2068/2068/2068
f 2038/2038/2038 2039/2039/2039 2069/2069/2069
f 2039/2039/2039 2070/2070/2070 2069/2069/2069
f 2039/2039/2039 2040/2040/2040 2070/2070/2070
f 2040/2040/2040 2071/2071/2071 2070/2070/2070
f 2040/2040/2040 2041/2041/2041 2071/2071/2071
f 2041/2041/2041 2072/2072/2072 2071/2071/2071
f 2041/2041/2041 2042/2042/2042 2072/2072/2072
f 2042/2042/2042 2073/2073/2073 2072/2072/2072
f 2042/2042/2042 2043/2043/2043 2073/2073/2073
f 2043/2043/2043 2074/2074/2074 2073/2073/2073
f 2043/2043/2043 2044/2044/2044 2074/2074/2074
f 2044/2044/2044 2075/2075/2075 2074/2074/2074
f 2044/2044/2044 2045/2045/2045 2075/2075/2075
f 2045/2045/2045 2076/2076/2076 2075/2075/2075
f 2045/2045/2045 2046/2046/2046 2076/2076/2076
f 2046/2046/2046 2077/2077/2077 2076/2076/2076
f 2046/2046/2046 2047/2047/2047 2077/2077/2077
f 2047/2047/2047 2078/2078/2078 2077/2077/2077
f 2047/2047/2047 2048/2048/2048 2078/2078/2078
f 2048/2048/2048 2079/2079/2079 2078/2078/2078
f 2048/2048/2048 2049/2049/2049 2079/2079/2079
f 2049/2049/2049 2080/2080/2080 2079/2079/2079
f 2049/2049/2049 2050/2050/2050 2080/2080/2080
f 2050/2050/2050 2081/2081/2081 2080/2080/2080
f 2050/2050/2050 2051/2051/2051 2081/2081/2081
f 2051/2051/2051 2082/2082/2082 2081/2081/2081
f 2051/2051/2051 2052/2052/2052 2082/2082/2082
f 2052/2052/2052 2083/2083/2083 2082/2082/2082
f 2052/2052/2052 2053/2053/2053 2083/2083/2083
f 2053/2053/2053 2084/2084/2084 2083/2083/2083
f 2053/2053/2053 2054/2054/2054 2084/2084/2084
f 2054/2054/2054 2085/2085/2085 2084/2084/2084
f 2054/2054/2054 2055/2055/2055 2085/2085/2085
f 2055/2055/2055 2086/2086/2086 2085/2085/2085
f 2055/2055/2055 2056/2056/2056 2086/2086/2086
f 2056/2056/2056 2087/2087/2087 2086/2086/2086
f 2056/2056/2056 2057/2057/2057 2087/2087/2087
f 2057/2057/2057 2088/2088/2088 2087/2087/2087
f 2057/2057/2057 2058/2058/2058 2088/2088/2088
f 2058/2058/2058 2089/2089/2089 2088/2088/2088
f 2058/2058/2058 2059/2059/2059 2089/2089/2089
f 2059/2059/2059 2090/2090/2090 2089/2089/2089
f 2059/2059/2059 2060/2060/2060 2090/2090/2090
f 2060/2060/2060 2091/2091/2091 2090/2090/2090
f 2060/2060/2060 2061/2061/2061 2091/2091/2091
f 2061/2061/2061 2092/2092/2092 2091/2091/2091
f 2061/2061/2061 2062/2062/2062 2092/2092/2092
f 2062/2062/2062 2093/2093/2093 2092/2092/2092
f 2062/2062/2062 2063/2063/2063 2093/2093/2093
f 2063/2063/2063 2094/2094/2094 2093/2093/2093
f 2063/2063/2063 2064/2064/2064 2094/2094/2094
f 2064/2064/2064 2095/2095/2095 2094/2094/2094
f 2064/2064/2064 2065/2065/2065 2095/2095/2095
f 2065/2065/2065 2096/2096/2096 2095/2095/2095
f 2066/2066/2066 2067/2067/2067 2097/2097/2097
f 2067/2067/2067 2098/2098/2098 2097/2097/2097
f 2067/2067/2067 2068/2068/2068 2098/2098/2098
f 2068/2068/2068 2099/2099/2099 2098/2098/2098
f 2068/2068/2068 2069/2069/2069 2099/2099/2099
f 2069/2069/2069 2100/2100/2100 2099/2099/2099
f 2069/2069/2069 2070/2070/2070 2100/2100/2100
f 2070/2070/2070 2101/2101/2101 2100/2100/2100
f 2070/2070/2070 2071/2071/2071 2101/2101/2101
f 2071/2071/2071 2102/2102/2102 2101/2101/2101
f 2071/2071/2071 2072/2072/2072 2102/2102/2102
f 2072/2072/2072 2103/2103/2103 2102/2102/2102
f 2072/2072/2072 2073/2073/2073 2103/2103/2103
f 2073/2073/2073 2104/2104/2104 2103/2103/2103
f 2073/2073/2073 2074/2074/2074 2104/2104/2104
f 2074/2074/2074 2105/2105/2105 2104/2104/2104
f 2074/2074/2074 2075/2075/2075 2105/2105/2105
f 2075/2075/2075 2106/2106/2106 2105/2105/2105
f 2075/2075/2075 2076/2076/2076 2106/2106/2106
f 2076/2076/2076 2107/2107/2107 2106/2106/2106
f 2076/2076/2076 2077/2077/2077 2107/2107/2107
f 2077/2077/2077 2108/2108/2108 2107/2107/2107
f 2077/2077/2077 2078/2078/2078 2108/2108/2108
f 2078/2078/2078 2109/2109/2109 2108/2108/2108
f 2078/2078/2078 2079/2079/2079 2109/2109/2109
f 2079/2079/2079 2110/2110/2110 2109/2109/2109
f 2079/2079/2079 2080/2080/2080 2110/2110/2110
f 2080/2080/2080 2111/2111/2111 2110/2110/2110
f 2080/2080/2080 2081/2081/2081 2111/2111/2111
f 2081/2081/2081 2112/2112/2112 2111/2111/2111
f 2081/2081/2081 2082/2082/2082 2112/2112/2112
f 2082/2082/2082 2113/2113/2113 2112/2112/2112
f 2082/2082/2082 2083/2083/2083 2113/2113/2113
f 2083/2083/2083 2114/2114/2114 2113/2113/2113
f 2083/2083/2083 2084/2084/2084 2114/2114/2114
f 2084/2084/2084 2115/2115/2115 2114/2114/2114
f 2084/2084/2084 2085/2085/2085 2115/2115/2115
f 2085/2085/2085 2116/2116/2116 2115/2115/2115
f 2085/2085/2085 2086/2086/2086 2116/2116/2116
f 2086/2086/2086 2117/2117/2117 2116/2116/2116
f 2086/2086/2086 2087/2087/2087 2117/2117/2117
f 2087/2087/2087 2118/2118/2118 2117/2117/2117
f 2087/2087/2087 2088/2088/2088 2118/2118/2118
f 2088/2088/2088 2119/2119/2119 2118/2118/2118
f 2088/2088/2088 2089/2089/2089 2119/2119/2119
f 2089/2089/2089 2120/2120/2120 2119/2119/2119
f 2089/2089/2089 2090/2090/2090 2120/2120/2120
f 2090/2090/2090 2121/2121/2121 2120/2120/2120
f 2090/2090/2090 2091/2091/2091 2121/2121/2121
f 2091/2091/2091 2122/2122/2122 2121/2121/2121
f 2091/2091/2091 2092/2092/2092 2122/2122/2122
f 2092/2092/2092 2123/2123/2123 2122/2122/2122
f 2092/2092/2092 2093/2093/2093 2123/2123/2123
f 2093/2093/2093 2124/2124/2124 2123/2123/2123
f 2093/2093/2093 2094/2094/2094 2124/2124/2124
f 2094/2094/2094 2125/2125/2125 2124/2124/2124
f 2094/2094/2094 2095/2095/2095 2125/2125/2125
f 2095/2095/2095 2126/2126/2126 2125/2125/2125
f 2095/2095/2095 2096/2096/2096 2126/2126/2126
f 2096/2096/2096 2127/2127/2127 2126/2126/2126
f 2097/2097/2097 2098/2098/2098 2128/2128/2128
f 2098/2098/2098 2129/2129/2129 2128/2128/2128
f 2098/2098/2098 2099/2099/2099 2129/2129/2129
f 2099/2099/2099 2130/2130/2130 2129/2129/2129
f 2099/2099/2099 2100/2100/2100 2130/2130/2130
f 2100/2100/2100 2131/2131/2131 2130/2130/2130
f 2100/2100/2100 2101/2101/2101 2131/2131/2131
f 2101/2101/2101 2132/2132/2132 2131/2131/2131
f 2101/2101/2101 2102/2102/2102 2132/2132/2132
f 2102/2102/2102 2133/2133/2133 2132/2132/2132
f 2102/2102/2102 2103/2103/2103 2133/2133/2133
f 2103/2103/2103 2134/2134/2134 2133/2133/2133
f 2103/2103/2103 2104/2104/2104 2134/2134/2134
f 2104/2104/2104 2135/2135/2135 2134/2134/2134
f 2104/2104/2104 2105/2105/2105 2135/2135/2135
f 2105/2105/2105 2136/2136/2136 2135/2135/2135
f 2105/2105/2105 2106/2106/2106 2136/2136/2136
f 2106/2106/2106 2137/2137/2137 2136/2136/2136
f 2106/2106/2106 2107/2107/2107 2137/2137/2137
f 2107/2107/2107 2138/2138/2138 2137/2137/2137
f 2107/2107/2107 2108/2108/2108 2138/2138/2138
f 2108/2108/2108 2139/2139/2139 2138/2138/2138
f 2108/2108/2108 2109/2109/2109 2139/2139/2139
f 2109/2109/2109 2140/2140/2140 2139/2139/2139
f 2109/2109/2109 2110/2110/2110 2140/2140/2140
f 2110/2110/2110 2141/2141/2141 2140/2140/2140
f 2110/2110/2110 2111/2111/2111 2141/2141/2141
f 2111/2111/2111 2142/2142/2142 2141/2141/2141
f 2111/2111/2111 2112/2112/2112 2142/2142/2142
f 2112/2112/2112 2143/2143/2143 2142/2142/2142
f 2112/2112/2112 2113/2113/2113 2143/2143/2143
f 2113/2113/2113 2144/2144/2144 2143/2143/2143
f 2113/2113/2113 2114/2114/2114 2144/2144/2144
f 2114/2114/2114 2145/2145/2145 2144/2144/2144
f 2114/2114/2114 2115/2115/2115 2145/2145/2145
f 2115/2115/2115 2146/2146/2146 2145/2145/2145
f 2115/2115/2115 2116/2116/2116 2146/2146/2146
f 2116/2116/2116 2147/2147/2147 2146/2146/2146
f 2116/2116/2116 2117/2117/2117 2147/2147/2147
f 2117/2117/2117 2148/2148/2148 2147/2147/2147
f 2117/2117/2117 2118/2118/2118 2148/2148/2148
f 2118/2118/2118 2149/2149/2149 2148/2148/2148
f 2118/2118/2118 2119/2119/2119 2149/2149/2149
f 2119/2119/2119 2150/2150/2150 2149/2149/2149
f 2119/2119/2119 2120/2120/2120 2150/2150/2150
f 2120/2120/2120 2151/2151/2151 2150/2150/2150
f 2120/2120/2120 2121/2121/2121 2151/2151/2151
f 2121/2121/2121 2152/2152/2152 2151/2151/2151
f 2121/2121/2121 2122/2122/2122 2152/2152/2152
f 2122/2122/2122 2153/2153/2153 2152/2152/2152
f 2122/2122/2122 2123/2123/2123 2153/2153/2153
f 2123/2123/2123 2154/2154/2154 2153/2153/2153
f 2123/2123/2123 2124/2124/2124 2154/2154/2154
f 2124/2124/2124 2155/2155/2155 2154/2154/2154
f 2124/2124/2124 2125/2125/2125 2155/2155/2155
f 2125/2125/2125 2156/2156/2156 2155/2155/2155
f 2125/2125/2125 2126/2126/2126 2156/2156/2156
f 2126/2126/2126 2157/2157/2157 2156/2156/2156
f 2126/2126/2126 2127/2127/2127 2157/2157/2157
f 2127/2127/2127 2158/2158/2158 2157/2157/2157
f 2128/2128/2128 2129/2129/2129 2159/2159/2159
f 2129/2129/2129 2160/2160/2160 2159/2159/2159
f 2129/2129/2129 2130/2130/2130 2160/2160/2160
f 2130/2130/2130 2161/2161/2161 2160/2160/2160
f 2130/2130/2130 2131/2131/2131 2161/2161/2161
f 2131/2131/2131 2162/2162/2162 2161/2161/2161
f 2131/2131/2131 2132/2132/2132 2162/2162/2162
f 2132/2132/2132 2163/2163/2163 2162/2162/2162
f 2132/2132/2132 2133/2133/2133 2163/2163/2163
f 2133/2133/2133 2164/2164/2164 2163/2163/2163
f 2133/2133/2133 2134/2134/2134 2164/2164/2164
f 2134/2134/2134 2165/2165/2165 2164/2164/2164
f 2134/2134/2134 2135/2135/2135 2165/2165/2165
f 2135/2135/2135 2166/2166/2166 2165/2165/2165
f 2135/2135/2135 2136/2136/2136 2166/2166/2166
f 2136/2136/2136 2167/2167/2167 2166/2166/2166
f 2136/2136/2136 2137/2137/2137 2167/2167/2167
f 2137/2137/2137 2168/2168/2168 2167/2167/2167
f 2137/2137/2137 2138/2138/2138 2168/2168/2168
f 2138/2138/2138 2169/2169/2169 2168/2168/2168
f 2138/2138/2138 2139/2139/2139 2169/2169/2169
f 2139/2139/2139 2170/2170/2170 2169/2169/2169
f 2139/2139/2139 2140/2140/2140 2170/2170/2170
f 2140/2140/2140 2171/2171/2171 2170/2170/2170
f 2140/2140/2140 2141/2141/2141 2171/2171/2171
f 2141/2141/2141 2172/2172/2172 2171/2171/2171
f 2141/2141/2141 2142/2142/2142 2172/2172/2172
f 2142/2142/2142 2173/2173/2173 2172/2172/2172
f 2142/2142/2142 2143/2143/2143 2173/2173/2173
f 2143/2143/2143 2174/2174/2174 2173/2173/2173
f 2143/2143/2143 2144/2144/2144 2174/2174/2174
f 2144/2144/2144 2175/2175/2175 2174/2174/2174
f 2144/2144/2144 2145/2145/2145 2175/2175/2175
f 2145/2145/2145 2176/2176/2176 2175/2175/2175
f 2145/2145/2145 2146/2146/2146 2176/2176/2176
f 2146/2146/2146 2177/2177/2177 2176/2176/2176
f 2146/2146/2146 2147/2147/2147 2177/2177/2177
f 2147/2147/2147 2178/2178/2178 2177/2177/2177
f 2147/2147/2147 2148/2148/2148 2178/2178/2178
f 2148/2148/2148 2179/2179/2179 2178/2178/2178
f 2148/2148/2148 2149/2149/2149 2179/2179/2179
f 2149/2149/2149 2180/2180/2180 2179/2179/2179
f 2149/2149/2149 2150/2150/2150 2180/2180/2180
f 2150/2150/2150 2181/2181/2181 2180/2180/2180
f 2150/2150/2150 2151/2151/2151 2181/2181/2181
f 2151/2151/2151 2182/2182/2182 2181/2181/2181
f 2151/2151/2151 2152/2152/2152 2182/2182/2182
f 2152/2152/2152 2183/2183/2183 2182/2182/2182
f 2152/2152/2152 2153/2153/2153 2183/2183/2183
f 2153/2153/2153 2184/2184/2184 2183/2183/2183
f 2153/2153/2153 2154/2154/2154 2184/2184/2184
f 2154/2154/2154 2185/2185/2185 2184/2184/2184
f 2154/2154/2154 2155/2155/2155 2185/2185/2185
f 2155/2155/2155 2186/2186/2186 2185/2185/2185
f 2155/2155/2155 2156/2156/2156 2186/2186/2186
f 2156/2156/2156 2187/2187/2187 2186/2186/2186
f 2156/2156/2156 2157/2157/2157 2187/2187/2187
f 2157/2157/2157 2188/2188/2188 2187/2187/2187
f 2157/2157/2157 2158/2158/2158 2188/2188/2188
f 2158/2158/2158 2189/2189/2189 2188/2188/2188
f 2159/2159/2159 2160/2160/2160 2190/2190/2190
f 2160/2160/2160 2191/2191/2191 2190/2190/2190
f 2160/2160/2160 2161/2161/2161 2191/2191/2191
f 2161/2161/2161 2192/2192/2192 2191/2191/2191
f 2161/2161/2161 2162/2162/2162 2192/2192/2192
f 2162/2162/2162 2193/2193/2193 2192/2192/2192
f 2162/2162/2162 2163/2163/2163 2193/2193/2193
f 2163/2163/2163 2194/2194/2194 2193/2193/2193
f 2163/2163/2163 2164/2164/2164 2194/2194/2194
f 2164/2164/2164 2195/2195/2195 2194/2194/2194
f 2164/2164/2164 2165/2165/2165 2195/2195/2195
f 2165/2165/2165 2196/2196/2196 2195/2195/2195
f 2165/2165/2165 2166/2166/2166 2196/2196/2196
f 2166/2166/2166 2197/2197/2197 2196/2196/2196
f 2166/2166/2166 2167/2167/2167 2197/2197/2197
f 2167/2167/2167 2198/2198/2198 2197/2197/2197
f 2167/2167/2167 2168/2168/2168 2198/2198/2198
f 2168/2168/2168 2199/2199/2199 2198/2198/2198
f 2168/2168/2168 2169/2169/2169 2199/2199/2199
f 2169/2169/2169 2200/2200/2200 2199/2199/2199
f 2169/2169/2169 2170/2170/2170 2200/2200/2200
f 2170/2170/2170 2201/2201/2201 2200/2200/2200
f 2170/2170/2170 2171/2171/2171 2201/2201/2201
f 2171/2171/2171 2202/2202/2202 2201/2201/2201
f 2171/2171/2171 2172/2172/2172 2202/2202/2202
f 2172/2172/2172 2203/2203/2203 2202/2202/2202
f 2172/2172/2172 2173/2173/2173 2203/2203/2203
f 2173/2173/2173 2204/2204/2204 2203/2203/2203
f 2173/2173/2173 2174/2174/2174 2204/2204/2204
f 2174/2174/2174 2205/2205/2205 2204/2204/2204
f 2174/2174/2174 2175/2175/2175 2205/2205/2205
f 2175/2175/2175 2206/2206/2206 2205/2205/2205
f 2175/2175/2175 2176/2176/2176 2206/2206/2206
f 2176/2176/2176 2207/2207/2207 2206/2206/2206
f 2176/2176/2176 2177/2177/2177 2207/2207/2207
f 2177/2177/2177 2208/2208/2208 2207/2207/2207
f 2177/2177/2177 2178/2178/2178 2208/2208/2208
f 2178/2178/2178 2209/2209/2209 2208/2208/2208
f 2178/2178/2178 2179/2179/2179 2209/2209/2209
f 2179/2179/2179 2210/2210/2210 2209/2209/2209
f 2179/2179/2179 2180/2180/2180 2210/2210/2210
f 2180/2180/2180 2211/2211/2211 2210/2210/2210
f 2180/2180/2180 2181/2181/2181 2211/2211/2211
f 2181/2181/2181 2212/2212/2212 2211/2211/2211
f 2181/2181/2181 2182/2182/2182 2212/2212/2212
f 2182/2182/2182 2213/2213/2213 2212/2212/2212
f 2182/2182/2182 2183/2183/2183 2213/2213/2213
f 2183/2183/2183 2214/2214/2214 2213/2213/2213
f 2183/2183/2183 2184/2184/2184 2214/2214/2214
f 2184/2184/2184 2215/2215/2215 2214/2214/2214
f 2184/2184/2184 2185/2185/2185 2215/2215/2215
f 2185/2185/2185 2216/2216/2216 2215/2215/2215
f 2185/2185/2185 2186/2186/2186 2216/2216/2216
f 2186/2186/2186 2217/2217/2217 2216/2216/2216
f 2186/2186/2186 2187/2187/2187 2217/2217/2217
f 2187/2187/2187 2218/2218/2218 2217/2217/2217
f 2187/2187/2187 2188/2188/2188 2218/2218/2218
f 2188/2188/2188 2219/2219/2219 2218/2218/2218
f 2188/2188/2188 2189/2189/2189 2219/2219/2219
f 2189/2189/2189 2220/2220/2220 2219/2219/2219
f 2221/2221/2221 2222/2222/2222 2264/2264/2264
f 2222/2222/2222 2265/2265/2265 2264/2264/2264
f 2222/2222/2222 2223/2223/2223 2265/2265/2265
f 2223/2223/2223 2266/2266/2266 2265/2265/2265
f 2223/2223/2223 2224/2224/2224 2266/2266/2266
f 2224/2224/2224 2267/2267/2267 2266/2266/2266
f 2224/2224/2224 2225/2225/2225 2267/2267/2267
f 2225/2225/2225 2268/2268/2268 2267/2267/2267
f 2225/2225/2225 2226/2226/2226 2268/2268/2268
f 2226/2226/2226 2269/2269/2269 2268/2268/2268
f 2226/2226/2226 2227/2227/2227 2269/2269/2269
f 2227/2227/2227 2270/2270/2270 2269/2269/2269
f 2227/2227/2227 2228/2228/2228 2270/2270/2270
f 2228/2228/2228 2271/2271/2271 2270/2270/2270
f 2228/2228/2228 2229/2229/2229 2271/2271/2271
f 2229/2229/2229 2272/2272/2272 2271/2271/2271
f 2229/2229/2229 2230/2230/2230 2272/2272/2272
f 2230/2230/2230 2273/2273/2273 2272/2272/2272
f 2230/2230/2230 2231/2231/2231 2273/2273/2273
f 2231/2231/2231 2274/2274/2274 2273/2273/2273
f 2231/2231/2231 2232/2232/2232 2274/2274/2274
f 2232/2232/2232 2275/2275/2275 2274/2274/2274
f 2232/2232/2232 2233/2233/2233 2275/2275/2275
f 2233/2233/2233 2276/2276/2276 2275/2275/2275
f 2233/2233/2233 2234/2234/2234 2276/2276/2276
f 2234/2234/2234 2277/2277/2277 2276/2276/2276
f 2234/2234/2234 2235/2235/2235 2277/2277/2277
f 2235/2235/2235 2278/2278/2278 2277/2277/2277
f 2235/2235/2235 2236/2236/2236 2278/2278/2278
f 2236/2236/2236 2279/2279/2279 2278/2278/2278
f 2236/2236/2236 2237/2237/2237 2279/2279/2279
f 2237/2237/2237 2280/2280/2280 2279/2279/2279
f 2237/2237/2237 2238/2238/2238 2280/2280/2280
f 2238/2238/2238 2281/2281/2281 2280/2280/2280
f 2238/2238/2238 2239/2239/2239 2281/2281/2281
f 2239/2239/2239 2282/2282/2282 2281/2281/2281
f 2239/2239/2239 2240/2240/2240 2282/2282/2282
f 2240/2240/2240 2283/2283/2283 2282/2282/2282
f 2240/2240/2240 2241/2241/2241 2283/2283/2283
f 2241/2241/2241 2284/2284/2284 2283/2283/2283
f 2241/2241/2241 2242/2242/2242 2284/2284/2284
f 2242/2242/2242 2285/2285/2285 2284/2284/2284
f 2242/2242/2242 2243/2243/2243 2285/2285/2285
f 2243/2243/2243 2286/2286/2286 2285/2285/2285
f 2243/2243/2243 2244/2244/2244 2286/2286/2286
f 2244/2244/2244 2287/2287/2287 2286/2286/2286
f 2244/2244/2244 2245/2245/2245 2287/2287/2287
f 2245/2245/2245 2288/2288/2288 2287/2287/2287
f 2245/2245/2245 2246/2246/2246 2288/2288/2288
f 2246/2246/2246 2289/2289/2289 2288/2288/2288
f 2246/2246/2246 2247/2247/2247 2289/2289/2289
f 2247/2247/2247 2290/2290/2290 2289/2289/2289
f 2247/2247/2247 2248/2248/2248 2290/2290/2290
f 2248/2248/2248 2291/2291/2291 2290/2290/2290
f 2248/2248/2248 2249/2249/2249 2291/2291/2291
f 2249/2249/2249 2292/2292/2292 2291/2291/2291
f 2249/2249/2249 2250/2250/2250 2292/2292/2292
f 2250/2250/2250 2293/2293/2293 2292/2292/2292
f 2250/2250/2250 2251/2251/2251 2293/2293/2293
f 2251/2251/2251 2294/2294/2294 2293/2293/2293
f 2251/2251/2251 2252/2252/2252 2294/2294/2294
f 2252/2252/2252 2295/2295/2295 2294/2294/2294
f 2252/2252/2252 2253/2253/2253 2295/2295/2295
f 2253/2253/2253 2296/2296/2296 2295/2295/2295
f 2253/2253/2253 2254/2254/2254 2296/2296/2296
f 2254/2254/2254 2297/2297/2297 2296/2296/2296
f 2254/2254/2254 2255/2255/2255 2297/2297/2297
f 2255/2255/2255 2298/2298/2298 2297/2297/2297
f 2255/2255/2255 2256/2256/2256 2298/2298/2298
f 2256/2256/2256 2299/2299/2299 2298/2298/2298
f 2256/2256/2256 2257/2257/2257 2299/2299/2299
f 2257/2257/2257 2300/2300/2300 2299/2299/2299
f 2257/2257/2257 2258/2258/2258 2300/2300/2300
f 2258/2258/2258 2301/2301/2301 2300/2300/2300
f 2258/2258/2258 2259/2259/2259 2301/2301/2301
f 2259/2259/2259 2302/2302/2302 2301/2301/2301
f 2259/2259/2259 2260/2260/2260 2302/2302/2302
f 2260/2260/2260 2303/2303/2303 2302/2302/2302
f 2260/2260/2260 2261/2261/2261 2303/2303/2303
f 2261/2261/2261 2304/2304/2304 2303/2303/2303
f 2261/2261/2261 2262/2262/2262 2304/2304/2304
f 2262/2262/2262 2305/2305/2305 2304/2304/2304
f 2262/2262/2262 2263/2263/2263 2305/2305/2305
f 2263/2263/2263 2306/2306/2306 2305/2305/2305
f 2264/2264/2264 2265/2265/2265 2307/2307/2307
f 2265/2265/2265 2308/2308/2308 2307/2307/2307
f 2265/2265/2265 2266/2266/2266 2308/2308/2308
f 2266/2266/2266 2309/2309/2309 2308/2308/2308
f 2266/2266/2266 2267/2267/2267 2309/2309/2309
f 2267/2267/2267 2310/2310/2310 2309/2309/2309
f 2267/2267/2267 2268/2268/2268 2310/2310/2310
f 2268/2268/2268 2311/2311/2311 2310/2310/2310
f 2268/2268/2268 2269/2269/2269 2311/2311/2311
f 2269/2269/2269 2312/2312/2312 2311/2311/2311
f 2269/2269/2269 2270/2270/2270 2312/2312/2312
f 2270/2270/2270 2313/2313/2313 2312/2312/2312
f 2270/2270/2270 2271/2271/2271 2313/2313/2313
f 2271/2271/2271 2314/2314/2314 2313/2313/2313
f 2271/2271/2271 2272/2272/2272 2314/2314/2314
f 2272/2272/2272 2315/2315/2315 2314/2314/2314
f 2272/2272/2272 2273/2273/2273 2315/2315/2315
f 2273/2273/2273 2316/2316/2316 2315/2315/2315
f 2273/2273/2273 2274/2274/2274 2316/2316/2316
f 2274/2274/2274 2317/2317/2317 2316/2316/2316
f 2274/2274/2274 2275/2275/2275 2317/2317/2317
f 2275/2275/2275 2318/2318/2318 2317/2317/2317
f 2275/2275/2275 2276/2276/2276 2318/2318/2318
f 2276/2276/2276 2319/2319/2319 2318/2318/2318
f 2276/2276/2276 2277/2277/2277 2319/2319/2319
f 2277/2277/2277 2320/2320/2320 2319/2319/2319
f 2277/2277/2277 2278/2278/2278 2320/2320/2320
f 2278/2278/2278 2321/2321/2321 2320/2320/2320
f 2278/2278/2278 2279/2279/2279 2321/2321/2321
f 2279/2279/2279 2322/2322/2322 2321/2321/2321
f 2279/2279/2279 2280/2280/2280 2322/2322/2322
f 2280/2280/2280 2323/2323/2323 2322/2322/2322
f 2280/2280/2280 2281/2281/2281 2323/2323/2323
f 2281/2281/2281 2324/2324/2324 2323/2323/2323
f 2281/2281/2281 2282/2282/2282 2324/2324/2324
f 2282/2282/2282 2325/2325/2325 2324/2324/2324
f 2282/2282/2282 2283/2283/2283 2325/2325/2325
f 2283/2283/2283 2326/2326/2326 2325/2325/2325
f 2283/2283/2283 2284/2284/2284 2326/2326/2326
f 2284/2284/2284 2327/2327/2327 2326/2326/2326
f 2284/2284/2284 2285/2285/2285 2327/2327/2327
f 2285/2285/2285 2328/2328/2328 2327/2327/2327
f 2285/2285/2285 2286/2286/2286 2328/2328/2328
f 2286/2286/2286 2329/2329/2329 2328/2328/2328
f 2286/2286/2286 2287/2287/2287 2329/2329/2329
f 2287/2287/2287 2330/2330/2330 2329/2329/2329
f 2287/2287/2287 2288/2288/2288 2330/2330/2330
f 2288/2288/2288 2331/2331/2331 2330/2330/2330
f 2288/2288/2288 2289/2289/2289 2331/2331/2331
f 2289/2289/2289 2332/2332/2332 2331/2331/2331
f 2289/2289/2289 2290/2290/2290 2332/2332/2332
f 2290/2290/2290 2333/2333/2333 2332/2332/2332
f 2290/2290/2290 2291/2291/2291 2333/2333/2333
f 2291/2291/2291 2334/2334/2334 2333/2333/2333
f 2291/2291/2291 2292/2292/2292 2334/2334/2334
f 2292/2292/2292 2335/2335/2335 2334/2334/2334
f 2292/2292/2292 2293/2293/2293 2335/2335/2335
f 2293/2293/2293 2336/2336/2336 2335/2335/2335
f 2293/2293/2293 2294/2294/2294 2336/2336/2336
f 2294/2294/2294 2337/2337/2337 2336/2336/2336
f 2294/2294/2294 2295/2295/2295 2337/2337/2337
f 2295/2295/2295 2338/2338/2338 2337/2337/2337
f 2295/2295/2295 2296/2296/2296 2338/2338/2338
f 2296/2296/2296 2339/2339/2339 2338/2338/2338
f 2296/2296/2296 2297/2297/2297 2339/2339/2339
f 2297/2297/2297 2340/2340/2340 2339/2339/2339
f 2297/2297/2297 2298/2298/2298 2340/2340/2340
f 2298/2298/2298 2341/2341/2341 2340/2340/2340
f 2298/2298/2298 2299/2299/2299 2341/2341/2341
f 2299/2299/2299 2342/2342/2342 2341/2341/2341
f 2299/2299/2299 2300/2300/2300 2342/2342/2342
f 2300/2300/2300 2343/2343/2343 2342/2342/2342
f 2300/2300/2300 2301/2301/2301 2343/2343/2343
f 2301/2301/2301 2344/2344/2344 2343/2343/2343
f 2301/2301/2301 2302/2302/2302 2344/2344/2344
f 2302/2302/2302 2345/2345/2345 2344/2344/2344
f 2302/2302/2302 2303/2303/2303 2345/2345/2345
f 2303/2303/2303 2346/2346/2346 2345/2345/2345
f 2303/2303/2303 2304/2304/2304 2346/2346/2346
f 2304/2304/2304 2347/2347/2347 2346/2346/2346
f 2304/2304/2304 2305/2305/2305 2347/2347/2347
f 2305/2305/2305 2348/2348/2348 2347/2347/2347
f 2305/2305/2305 2306/2306/2306 2348/2348/2348
f 2306/2306/2306 2349/2349/2349 2348/2348/2348
f 2307/2307/2307 2308/2308/2308 2350/2350/2350
f 2308/2308/2308 2351/2351/2351 2350/2350/2350
f 2308/2308/2308 2309/2309/2309 2351/2351/2351
f 2309/2309/2309 2352/2352/2352 2351/2351/2351
f 2309/2309/2309 2310/2310/2310 2352/2352/2352
f 2310/2310/2310 2353/2353/2353 2352/2352/2352
f 2310/2310/2310 2311/2311/2311 2353/2353/2353
f 2311/2311/2311 2354/2354/2354 2353/2353/2353
f 2311/2311/2311 2312/2312/2312 2354/2354/2354
f 2312/2312/2312 2355/2355/2355 2354/2354/2354
f 2312/2312/2312 2313/2313/2313 2355/2355/2355
f 2313/2313/2313 2356/2356/2356 2355/2355/2355
f 2313/2313/2313 2314/2314/2314 2356/2356/2356
f 2314/2314/2314 2357/2357/2357 2356/2356/2356
f 2314/2314/2314 2315/2315/2315 2357/2357/2357
f 2315/2315/2315 2358/2358/2358 2357/2357/2357
f 2315/2315/2315 2316/2316/2316 2358/2358/2358
f 2316/2316/2316 2359/2359/2359 2358/2358/2358
f 2316/2316/2316 2317/2317/2317 2359/2359/2359
f 2317/2317/2317 2360/2360/2360 2359/2359/2359
f 2317/2317/2317 2318/2318/2318 2360/2360/2360
f 2318/2318/2318 2361/2361/2361 2360/2360/2360
f 2318/2318/2318 2319/2319/2319 2361/2361/2361
f 2319/2319/2319 2362/2362/2362 2361/2361/2361
f 2319/2319/2319 2320/2320/2320 2362/2362/2362
f 2320/2320/2320 2363/2363/2363 2362/2362/2362
f 2320/2320/2320 2321/2321/2321 2363/2363/2363
f 2321/2321/2321 2364/2364/2364 2363/2363/2363
f 2321/2321/2321 2322/2322/2322 2364/2364/2364
f 2322/2322/2322 2365/2365/2365 2364/2364/2364
f 2322/2322/2322 2323/2323/2323 2365/2365/2365
f 2323/2323/2323 2366/2366/2366 2365/2365/2365
f 2323/2323/2323 2324/2324/2324 2366/2366/2366
f 2324/2324/2324 2367/2367/2367 2366/2366/2366
f 2324/2324/2324 2325/2325/2325 2367/2367/2367
f 2325/2325/2325 2368/2368/2368 2367/2367/2367
f 2325/2325/2325 2326/2326/2326 2368/2368/2368
f 2326/2326/2326 2369/2369/2369 2368/2368/2368
f 2326/2326/2326 2327/2327/2327 2369/2369/2369
f 2327/2327/2327 2370/2370/2370 2369/2369/2369
f 2327/2327/2327 2328/2328/2328 2370/2370/2370
f 2328/2328/2328 2371/2371/2371 2370/2370/2370
f 2328/2328/2328 2329/2329/2329 2371/2371/2371
f 2329/2329/2329 2372/2372/2372 2371/2371/2371
f 2329/2329/2329 2330/2330/2330 2372/2372/2372
f 2330/2330/2330 2373/2373/2373 2372/2372/2372
f 2330/2330/2330 2331/2331/2331 2373/2373/2373
f 2331/2331/2331 2374/2374/2374 2373/2373/2373
f 2331/2331/2331 2332/2332/2332 2374/2374/2374
f 2332/2332/2332 2375/2375/2375 2374/2374/2374
f 2332/2332/2332 2333/2333/2333 2375/2375/2375
f 2333/2333/2333 2376/2376/2376 2375/2375/2375
f 2333/2333/2333 2334/2334/2334 2376/2376/2376
f 2334/2334/2334 2377/2377/2377 2376/2376/2376
f 2334/2334/2334 2335/2335/2335 2377/2377/2377
f 2335/2335/2335 2378/2378/2378 2377/2377/2377
f 2335/2335/2335 2336/2336/2336 2378/2378/2378
f 2336/2336/2336 2379/2379/2379 2378/2378/2378
f 2336/2336/2336 2337/2337/2337 2379/2379/2379
f 2337/2337/2337 2380/2380/2380 2379/2379/2379
f 2337/2337/2337 2338/2338/2338 2380/2380/2380
f 2338/2338/2338 2381/2381/2381 2380/2380/2380
f 2338/2338/2338 2339/2339/2339 2381/2381/2381
f 2339/2339/2339 2382/2382/2382 2381/2381/2381
f 2339/2339/2339 2340/2340/2340 2382/2382/2382
f 2340/2340/2340 2383/2383/2383 2382/2382/2382
f 2340/2340/2340 2341/2341/2341 2383/2383/2383
f 2341/2341/2341 2384/2384/2384 2383/2383/2383
f 2341/2341/2341 2342/2342/2342 2384/2384/2384
f 2342/2342/2342 2385/2385/2385 2384/2384/2384
f 2342/2342/2342 2343/2343/2343 2385/2385/2385
f 2343/2343/2343 2386/2386/2386 2385/2385/2385
f 2343/2343/2343 2344/2344/2344 2386/2386/2386
f 2344/2344/2344 2387/2387/2387 2386/2386/2386
f 2344/2344/2344 2345/2345/2345 2387/2387/2387
f 2345/2345/2345 2388/2388/2388 2387/2387/2387
f 2345/2345/2345 2346/2346/2346 2388/2388/2388
f 2346/2346/2346 2389/2389/2389 2388/2388/2388
f 2346/2346/2346 2347/2347/2347 2389/2389/2389
f 2347/2347/2347 2390/2390/2390 2389/2389/2389
f 2347/2347/2347 2348/2348/2348 2390/2390/2390
f 2348/2348/2348 2391/2391/2391 2390/2390/2390
f 2348/2348/2348 2349/2349/2349 2391/2391/2391
f 2349/2349/2349 2392/2392/2392 2391/2391/2391
f 2350/2350/2350 2351/2351/2351 2393/2393/2393
f 2351/2351/2351 2394/2394/2394 2393/2393/2393
f 2351/2351/2351 2352/2352/2352 2394/2394/2394
f 2352/2352/2352 2395/2395/2395 2394/2394/2394
f 2352/2352/2352 2353/2353/2353 2395/2395/2395
f 2353/2353/2353 2396/2396/2396 2395/2395/2395
f 2353/2353/2353 2354/2354/2354 2396/2396/2396
f 2354/2354/2354 2397/2397/2397 2396/2396/2396
f 2354/2354/2354 2355/2355/2355 2397/2397/2397
f 2355/2355/2355 2398/2398/2398 2397/2397/2397
f 2355/2355/2355 2356/2356/2356 2398/2398/2398
f 2356/2356/2356 2399/2399/2399 2398/2398/2398
f 2356/2356/2356 2357/2357/2357 2399/2399/2399
f 2357/2357/2357 2400/2400/2400 2399/2399/2399
f 2357/2357/2357 2358/2358/2358 2400/2400/2400
f 2358/2358/2358 2401/2401/2401 2400/2400/2400
f 2358/2358/2358 2359/2359/2359 2401/2401/2401
f 2359/2359/2359 2402/2402/2402 2401/2401/2401
f 2359/2359/2359 2360/2360/2360 2402/2402/2402
f 2360/2360/2360 2403/2403/2403 2402/2402/2402
f 2360/2360/2360 2361/2361/2361 2403/2403/2403
f 2361/2361/2361 2404/2404/2404 2403/2403/2403
f 2361/2361/2361 2362/2362/2362 2404/2404/2404
f 2362/2362/2362 2405/2405/2405 2404/2404/2404
f 2362/2362/2362 2363/2363/2363 2405/2405/2405
f 2363/2363/2363 2406/2406/2406 2405/2405/2405
f 2363/2363/2363 2364/2364/2364 2406/2406/2406
f 2364/2364/2364 2407/2407/2407 2406/2406/2406
f 2364/2364/2364 2365/2365/2365 2407/2407/2407
f 2365/2365/2365 2408/2408/2408 2407/2407/2407
f 2365/2365/2365 2366/2366/2366 2408/2408/2408
f 2366/2366/2366 2409/2409/2409 2408/2408/2408
f 2366/2366/2366 2367/2367/2367 2409/2409/2409
f 2367/2367/2367 2410/2410/2410 2409/2409/2409
f 2367/2367/2367 2368/2368/2368 2410/2410/2410
f 2368/2368/2368 2411/2411/2411 2410/2410/2410
f 2368/2368/2368 2369/2369/2369 2411/2411/2411
f 2369/2369/2369 2412/2412/2412 2411/2411/2411
f 2369/2369/2369 2370/2370/2370 2412/2412/2412
f 2370/2370/2370 2413/2413/2413 2412/2412/2412
f 2370/2370/2370 2371/2371/2371 2413/2413/2413
f 2371/2371/2371 2414/2414/2414 2413/2413/2413
f 2371/2371/2371 2372/2372/2372 2414/2414/2414
f 2372/2372/2372 2415/2415/2415 2414/2414/2414
f 2372/2372/2372 2373/2373/2373 2415/2415/2415
f 2373/2373/2373 2416/2416/2416 2415/2415/2415
f 2373/2373/2373 2374/2374/2374 2416/2416/2416
f 2374/2374/2374 2417/2417/2417 2416/2416/2416
f 2374/2374/2374 2375/2375/2375 2417/2417/2417
f 2375/2375/2375 2418/2418/2418 2417/2417/2417
f 2375/2375/2375 2376/2376/2376 2418/2418/2418
f 2376/2376/2376 2419/2419/2419 2418/2418/2418
f 2376/2376/2376 2377/2377/2377 2419/2419/2419
f 2377/2377/2377 2420/2420/2420 2419/2419/2419
f 2377/2377/2377 2378/2378/2378 2420/2420/2420
f 2378/2378/2378 2421/2421/2421 2420/2420/2420
f 2378/2378/2378 2379/2379/2379 2421/2421/2421
f 2379/2379/2379 2422/2422/2422 2421/2421/2421
f 2379/2379/2379 2380/2380/2380 2422/2422/2422
f 2380/2380/2380 2423/2423/2423 2422/2422/2422
f 2380/2380/2380 2381/2381/2381 2423/2423/2423
f 2381/2381/2381 2424/2424/2424 2423/2423/2423
f 2381/2381/2381 2382/2382/2382 2424/2424/2424
f 2382/2382/2382 2425/2425/2425 2424/2424/2424
f 2382/2382/2382 2383/2383/2383 2425/2425/2425
f 2383/2383/2383 2426/2426/2426 2425/2425/2425
f 2383/2383/2383 2384/2384/2384 2426/2426/2426
f 2384/2384/2384 2427/2427/2427 2426/2426/2426
f 2384/2384/2384 2385/2385/2385 2427/2427/2427
f 2385/2385/2385 2428/2428/2428 2427/2427/2427
f 2385/2385/2385 2386/2386/2386 2428/2428/2428
f 2386/2386/2386 2429/2429/2429 2428/2428/2428
f 2386/2386/2386 2387/2387/2387 2429/2429/2429
f 2387/2387/2387 2430/2430/2430 2429/2429/2429
f 2387/2387/2387 2388/2388/2388 2430/2430/2430
f 2388/2388/2388 2431/2431/2431 2430/2430/2430
f 2388/2388/2388 2389/2389/2389 2431/2431/2431
f 2389/2389/2389 2432/2432/2432 2431/2431/2431
f 2389/2389/2389 2390/2390/2390 2432/2432/2432
f 2390/2390/2390 2433/2433/2433 2432/2432/2432
f 2390/2390/2390 2391/2391/2391 2433/2433/2433
f 2391/2391/2391 2434/2434/2434 2433/2433/2433
f 2391/2391/2391 2392/2392/2392 2434/2434/2434
f 2392/2392/2392 2435/2435/2435 2434/2434/2434
f 2393/2393/2393 2394/2394/2394 2436/2436/2436
f 2394/2394/2394 2437/2437/2437 2436/2436/2436
f 2394/2394/2394 2395/2395/2395 2437/2437/2437
f 2395/2395/2395 2438/2438/2438 2437/2437/2437
f 2395/2395/2395 2396/2396/2396 2438/2438/2438
f 2396/2396/2396 2439/2439/2439 2438/2438/2438
f 2396/2396/2396 2397/2397/2397 2439/2439/2439
f 2397/2397/2397 2440/2440/2440 2439/2439/2439
f 2397/2397/2397 2398/2398/2398 2440/2440/2440
f 2398/2398/2398 2441/2441/2441 2440/2440/2440
f 2398/2398/2398 2399/2399/2399 2441/2441/2441
f 2399/2399/2399 2442/2442/2442 2441/2441/2441
f 2399/2399/2399 2400/2400/2400 2442/2442/2442
f 2400/2400/2400 2443/2443/2443 2442/2442/2442
f 2400/2400/2400 2401/2401/2401 2443/2443/2443
f 2401/2401/2401 2444/2444/2444 2443/2443/2443
f 2401/2401/2401 2402/2402/2402 2444/2444/2444
f 2402/2402/2402 2445/2445/2445 2444/2444/2444
f 2402/2402/2402 2403/2403/2403 2445/2445/2445
f 2403/2403/2403 2446/2446/2446 2445/2445/2445
f 2403/2403/2403 2404/2404/2404 2446/2446/2446
f 2404/2404/2404 2447/2447/2447 2446/2446/2446
f 2404/2404/2404 2405/2405/2405 2447/2447/2447
f 2405/2405/2405 2448/2448/2448 2447/2447/2447
f 2405/2405/2405 2406/2406/2406 2448/2448/2448
f 2406/2406/2406 2449/2449/2449 2448/2448/2448
f 2406/2406/2406 2407/2407/2407 2449/2449/2449
f 2407/2407/2407 2450/2450/2450 2449/2449/2449
f 2407/2407/2407 2408/2408/2408 2450/2450/2450
f 2408/2408/2408 2451/2451/2451 2450/2450/2450
f 2408/2408/2408 2409/2409/2409 2451/2451/2451
f 2409/2409/2409 2452/2452/2452 2451/2451/2451
f 2409/2409/2409 2410/2410/2410 2452/2452/2452
f 2410/2410/2410 2453/2453/2453 2452/2452/2452
f 2410/2410/2410 2411/2411/2411 2453/2453/2453
f 2411/2411/2411 2454/2454/2454 2453/2453/2453
f 2411/2411/2411 2412/2412/2412 2454/2454/2454
f 2412/2412/2412 2455/2455/2455 2454/2454/2454
f 2412/2412/2412 2413/2413/2413 2455/2455/2455
f 2413/2413/2413 2456/2456/2456 2455/2455/2455
f 2413/2413/2413 2414/2414/2414 2456/2456/2456
f 2414/2414/2414 2457/2457/2457 2456/2456/2456
f 2414/2414/2414 2415/2415/2415 2457/2457/2457
f 2415/2415/2415 2458/2458/2458 2457/2457/2457
f 2415/2415/2415 2416/2416/2416 2458/2458/2458
f 2416/2416/2416 2459/2459/2459 2458/2458/2458
f 2416/2416/2416 2417/2417/2417 2459/2459/2459
f 2417/2417/2417 2460/2460/2460 2459/2459/2459
f 2417/2417/2417 2418/2418/2418 2460/2460/2460
f 2418/2418/2418 2461/2461/2461 2460/2460/2460
f 2418/2418/2418 2419/2419/2419 2461/2461/2461
f 2419/2419/2419 2462/2462/2462 2461/2461/2461
f 2419/2419/2419 2420/2420/2420 2462/2462/2462
f 2420/2420/2420 2463/2463/2463 2462/2462/2462
f 2420/2420/2420 2421/2421/2421 2463/2463/2463
f 2421/2421/2421 2464/2464/2464 2463/2463/2463
f 2421/2421/2421 2422/2422/2422 2464/2464/2464
f 2422/2422/2422 2465/2465/2465 2464/2464/2464
f 2422/2422/2422 2423/2423/2423 2465/2465/2465
f 2423/2423/2423 2466/2466/2466 2465/2465/2465
f 2423/2423/2423 2424/2424/2424 2466/2466/2466
f 2424/2424/2424 2467/2467/2467 2466/2466/2466
f 2424/2424/2424 2425/2425/2425 2467/2467/2467
f 2425/2425/2425 2468/2468/2468 2467/2467/2467
f 2425/2425/2425 2426/2426/2426 2468/2468/2468
f 2426/2426/2426 2469/2469/2469 2468/2468/2468
f 2426/2426/2426 2427/2427/2427 2469/2469/2469
f 2427/2427/2427 2470/2470/2470 2469/2469/2469
f 2427/2427/2427 2428/2428/2428 2470/2470/2470
f 2428/2428/2428 2471/2471/2471 2470/2470/2470
f 2428/2428/2428 2429/2429/2429 2471/2471/2471
f 2429/2429/2429 2472/2472/2472 2471/2471/2471
f 2429/2429/2429 2430/2430/2430 2472/2472/2472
f 2430/2430/2430 2473/2473/2473 2472/2472/2472
f 2430/2430/2430 2431/2431/2431 2473/2473/2473
f 2431/2431/2431 2474/2474/2474 2473/2473/2473
f 2431/2431/2431 2432/2432/2432 2474/2474/2474
f 2432/2432/2432 2475/2475/2475 2474/2474/2474
f 2432/2432/2432 2433/2433/2433 2475/2475/2475
f 2433/2433/2433 2476/2476/2476 2475/2475/2475
f 2433/2433/2433 2434/2434/2434 2476/2476/2476
f 2434/2434/2434 2477/2477/2477 2476/2476/2476
f 2434/2434/2434 2435/2435/2435 2477/2477/2477
f 2435/2435/2435 2478/2478/2478 2477/2477/2477
f 2436/2436/2436 2437/2437/2437 2479/2479/2479
f 2437/2437/2437 2480/2480/2480 2479/2479/2479
f 2437/2437/2437 2438/2438/2438 2480/2480/2480
f 2438/2438/2438 2481/2481/2481 2480/2480/2480
f 2438/2438/2438 2439/2439/2439 2481/2481/2481
f 2439/2439/2439 2482/2482/2482 2481/2481/2481
f 2439/2439/2439 2440/2440/2440 2482/2482/2482
f 2440/2440/2440 2483/2483/2483 2482/2482/2482
f 2440/2440/2440 2441/2441/2441 2483/2483/2483
f 2441/2441/2441 2484/2484/2484 2483/2483/2483
f 2441/2441/2441 2442/2442/2442 2484/2484/2484
f 2442/2442/2442 2485/2485/2485 2484/2484/2484
f 2442/2442/2442 2443/2443/2443 2485/2485/2485
f 2443/2443/2443 2486/2486/2486 2485/2485/2485
f 2443/2443/2443 2444/2444/2444 2486/2486/2486
f 2444/2444/2444 2487/2487/2487 2486/2486/2486
f 2444/2444/2444 2445/2445/2445 2487/2487/2487
f 2445/2445/2445 2488/2488/2488 2487/2487/2487
f 2445/2445/2445 2446/2446/2446 2488/2488/2488
f 2446/2446/2446 2489/2489/2489 2488/2488/2488
f 2446/2446/2446 2447/2447/2447 2489/2489/2489
f 2447/2447/2447 2490/2490/2490 2489/2489/2489
f 2447/2447/2447 2448/2448/2448 2490/2490/2490
f 2448/2448/2448 2491/2491/2491 2490/2490/2490
f 2448/2448/2448 2449/2449/2449 2491/2491/2491
f 2449/2449/2449 2492/2492/2492 2491/2491/2491
f 2449/2449/2449 2450/2450/2450 2492/2492/2492
f 2450/2450/2450 2493/2493/2493 2492/2492/2492
f 2450/2450/2450 2451/2451/2451 2493/2493/2493
f 2451/2451/2451 2494/2494/2494 2493/2493/2493
f 2451/2451/2451 2452/2452/2452 2494/2494/2494
f 2452/2452/2452 2495/2495/2495 2494/2494/2494
f 2452/2452/2452 2453/2453/2453 2495/2495/2495
f 2453/2453/2453 2496/2496/2496 2495/2495/2495
f 2453/2453/2453 2454/2454/2454 2496/2496/2496
f 2454/2454/2454 2497/2497/2497 2496/2496/2496
f 2454/2454/2454 2455/2455/2455 2497/2497/2497
f 2455/2455/2455 2498/2498/2498 2497/2497/2497
f 2455/2455/2455 2456/2456/2456 2498/2498/2498
f 2456/2456/2456 2499/2499/2499 2498/2498/2498
f 2456/2456/2456 2457/2457/2457 2499/2499/2499
f 2457/2457/2457 2500/2500/2500 2499/2499/2499
f 2457/2457/2457 2458/2458/2458 2500/2500/2500
f 2458/2458/2458 2501/2501/2501 2500/2500/2500
f 2458/2458/2458 2459/2459/2459 2501/2501/2501
f 2459/2459/2459 2502/2502/2502 2501/2501/2501
f 2459/2459/2459 2460/2460/2460 2502/2502/2502
f 2460/2460/2460 2503/2503/2503 2502/2502/2502
f 2460/2460/2460 2461/2461/2461 2503/2503/2503
f 2461/2461/2461 2504/2504/2504 2503/2503/2503
f 2461/2461/2461 2462/2462/2462 2504/2504/2504
f 2462/2462/2462 2505/2505/2505 2504/2504/2504
f 2462/2462/2462 2463/2463/2463 2505/2505/2505
f 2463/2463/2463 2506/2506/2506 2505/2505/2505
f 2463/2463/2463 2464/2464/2464 2506/2506/2506
f 2464/2464/2464 2507/2507/2507 2506/2506/2506
f 2464/2464/2464 2465/2465/2465 2507/2507/2507
f 2465/2465/2465 2508/2508/2508 2507/2507/2507
f 2465/2465/2465 2466/2466/2466 2508/2508/2508
f 2466/2466/2466 2509/2509/2509 2508/2508/2508
f 2466/2466/2466 2467/2467/2467 2509/2509/2509
f 2467/2467/2467 2510/2510/2510 2509/2509/2509
f 2467/2467/2467 2468/2468/2468 2510/2510/2510
f 2468/2468/2468 2511/2511/2511 2510/2510/2510
f 2468/2468/2468 2469/2469/2469 2511/2511/2511
f 2469/2469/2469 2512/2512/2512 2511/2511/2511
f 2469/2469/2469 2470/2470/2470 2512/2512/2512
f 2470/2470/2470 2513/2513/2513 2512/2512/2512
f 2470/2470/2470 2471/2471/2471 2513/2513/2513
f 2471/2471/2471 2514/2514/2514 2513/2513/2513
f 2471/2471/2471 2472/2472/2472 2514/2514/2514
f 2472/2472/2472 2515/2515/2515 2514/2514/2514
f 2472/2472/2472 2473/2473/2473 2515/2515/2515
f 2473/2473/2473 2516/2516/2516 2515/2515/2515
f 2473/2473/2473 2474/2474/2474 2516/2516/2516
f 2474/2474/2474 2517/2517/2517 2516/2516/2516
f 2474/2474/2474 2475/2475/2475 2517/2517/2517
f 2475/2475/2475 2518/2518/2518 2517/2517/2517
f 2475/2475/2475 2476/2476/2476 2518/2518/2518
f 2476/2476/2476 2519/2519/2519 2518/2518/2518
f 2476/2476/2476 2477/2477/2477 2519/2519/2519
f 2477/2477/2477 2520/2520/2520 2519/2519/2519
f 2477/2477/2477 2478/2478/2478 2520/2520/2520
f 2478/2478/2478 2521/2521/2521 2520/2520/2520
f 2479/2479/2479 2480/2480/2480 2522/2522/2522
f 2480/2480/2480 2523/2523/2523 2522/2522/2522
f 2480/2480/2480 2481/2481/2481 2523/2523/2523
f 2481/2481/2481 2524/2524/2524 2523/2523/2523
f 2481/2481/2481 2482/2482/2482 2524/2524/2524
f 2482/2482/2482 2525/2525/2525 2524/2524/2524
f 2482/2482/2482 2483/2483/2483 2525/2525/2525
f 2483/2483/2483 2526/2526/2526 2525/2525/2525
f 2483/2483/2483 2484/2484/2484 2526/2526/2526
f 2484/2484/2484 2527/2527/2527 2526/2526/2526
f 2484/2484/2484 2485/2485/2485 2527/2527/2527
f 2485/2485/2485 2528/2528/2528 2527/2527/2527
f 2485/2485/2485 2486/2486/2486 2528/2528/2528
f 2486/2486/2486 2529/2529/2529 2528/2528/2528
f 2486/2486/2486 2487/2487/2487 2529/2529/2529
f 2487/2487/2487 2530/2530/2530 2529/2529/2529
f 2487/2487/2487 2488/2488/2488 2530/2530/2530
f 2488/2488/2488 2531/2531/2531 2530/2530/2530
f 2488/2488/2488 2489/2489/2489 2531/2531/2531
f 2489/2489/2489 2532/2532/2532 2531/2531/2531
f 2489/2489/2489 2490/2490/2490 2532/2532/2532
f 2490/2490/2490 2533/2533/2533 2532/2532/2532
f 2490/2490/2490 2491/2491/2491 2533/2533/2533
f 2491/2491/2491 2534/2534/2534 2533/2533/2533
f 2491/2491/2491 2492/2492/2492 2534/2534/2534
f 2492/2492/2492 2535/2535/2535 2534/2534/2534
f 2492/2492/2492 2493/2493/2493 2535/2535/2535
f 2493/2493/2493 2536/2536/2536 2535/2535/2535
f 2493/2493/2493 2494/2494/2494 2536/2536/2536
f 2494/2494/2494 2537/2537/2537 2536/2536/2536
f 2494/2494/2494 2495/2495/2495 2537/2537/2537
f 2495/2495/2495 2538/2538/2538 2537/2537/2537
f 2495/2495/2495 2496/2496/2496 2538/2538/2538
f 2496/2496/2496 2539/2539/2539 2538/2538/2538
f 2496/2496/2496 2497/2497/2497 2539/2539/2539
f 2497/2497/2497 2540/2540/2540 2539/2539/2539
f 2497/2497/2497 2498/2498/2498 2540/2540/2540
f 2498/2498/2498 2541/2541/2541 2540/2540/2540
f 2498/2498/2498 2499/2499/2499 2541/2541/2541
f 2499/2499/2499 2542/2542/2542 2541/2541/2541
f 2499/2499/2499 2500/2500/2500 2542/2542/2542
f 2500/2500/2500 2543/2543/2543 2542/2542/2542
f 2500/2500/2500 2501/2501/2501 2543/2543/2543
f 2501/2501/2501 2544/2544/2544 2543/2543/2543
f 2501/2501/2501 2502/2502/2502 2544/2544/2544
f 2502/2502/2502 2545/2545/2545 2544/2544/2544
f 2502/2502/2502 2503/2503/2503 2545/2545/2545
f 2503/2503/2503 2546/2546/2546 2545/2545/2545
f 2503/2503/2503 2504/2504/2504 2546/2546/2546
f 2504/2504/2504 2547/2547/2547 2546/2546/2546
f 2504/2504/2504 2505/2505/2505 2547/2547/2547
f 2505/2505/2505 2548/2548/2548 2547/2547/2547
f 2505/2505/2505 2506/2506/2506 2548/2548/2548
f 2506/2506/2506 2549/2549/2549 2548/2548/2548
f 2506/2506/2506 2507/2507/2507 2549/2549/2549
f 2507/2507/2507 2550/2550/2550 2549/2549/2549
f 2507/2507/2507 2508/2508/2508 2550/2550/2550
f 2508/2508/2508 2551/2551/2551 2550/2550/2550
f 2508/2508/2508 2509/2509/2509 2551/2551/2551
f 2509/2509/2509 2552/2552/2552 2551/2551/2551
f 2509/2509/2509 2510/2510/2510 2552/2552/2552
f 2510/2510/2510 2553/2553/2553 2552/2552/2552
f 2510/2510/2510 2511/2511/2511 2553/2553/2553
f 2511/2511/2511 2554/2554/2554 2553/2553/2553
f 2511/2511/2511 2512/2512/2512 2554/2554/2554
f 2512/2512/2512 2555/2555/2555 2554/2554/2554
f 2512/2512/2512 2513/2513/2513 2555/2555/2555
f 2513/2513/2513 2556/2556/2556 2555/2555/2555
f 2513/2513/2513 2514/2514/2514 2556/2556/2556
f 2514/2514/2514 2557/2557/2557 2556/2556/2556
f 2514/2514/2514 2515/2515/2515 2557/2557/2557
f 2515/2515/2515 2558/2558/2558 2557/2557/2557
f 2515/2515/2515 2516/2516/2516 2558/2558/2558
f 2516/2516/2516 2559/2559/2559 2558/2558/2558
f 2516/2516/2516 2517/2517/2517 2559/2559/2559
f 2517/2517/2517 2560/2560/2560 2559/2559/2559
f 2517/2517/2517 2518/2518/2518 2560/2560/2560
f 2518/2518/2518 2561/2561/2561 2560/2560/2560
f 2518/2518/2518 2519/2519/2519 2561/2561/2561
f 2519/2519/2519 2562/2562/2562 2561/2561/2561
f 2519/2519/2519 2520/2520/2520 2562/2562/2562
f 2520/2520/2520 2563/2563/2563 2562/2562/2562
f 2520/2520/2520 2521/2521/2521 2563/2563/2563
f 2521/2521/2521 2564/2564/2564 2563/2563/2563
f 2522/2522/2522 2523/2523/2523 2565/2565/2565
f 2523/2523/2523 2566/2566/2566 2565/2565/2565
f 2523/2523/2523 2524/2524/2524 2566/2566/2566
f 2524/2524/2524 2567/2567/2567 2566/2566/2566
f 2524/2524/2524 2525/2525/2525 2567/2567/2567
f 2525/2525/2525 2568/2568/2568 2567/2567/2567
f 2525/2525/2525 2526/2526/2526 2568/2568/2568
f 2526/2526/2526 2569/2569/2569 2568/2568/2568
f 2526/2526/2526 2527/2527/2527 2569/2569/2569
f 2527/2527/2527 2570/2570/2570 2569/2569/2569
f 2527/2527/2527 2528/2528/2528 2570/2570/2570
f 2528/2528/2528 2571/2571/2571 2570/2570/2570
f 2528/2528/2528 2529/2529/2529 2571/2571/2571
f 2529/2529/2529 2572/2572/2572 2571/2571/2571
f 2529/2529/2529 2530/2530/2530 2572/2572/2572
f 2530/2530/2530 2573/2573/2573 2572/2572/2572
f 2530/2530/2530 2531/2531/2531 2573/2573/2573
f 2531/2531/2531 2574/2574/2574 2573/2573/2573
f 2531/2531/2531 2532/2532/2532 2574/2574/2574
f 2532/2532/2532 2575/2575/2575 2574/2574/2574
f 2532/2532/2532 2533/2533/2533 2575/2575/2575
f 2533/2533/2533 2576/2576/2576 2575/2575/2575
f 2533/2533/2533 2534/2534/2534 2576/2576/2576
f 2534/2534/2534 2577/2577/2577 2576/2576/2576
f 2534/2534/2534 2535/2535/2535 2577/2577/2577
f 2535/2535/2535 2578/2578/2578 2577/2577/2577
f 2535/2535/2535 2536/2536/2536 2578/2578/2578
f 2536/2536/2536 2579/2579/2579 2578/2578/2578
f 2536/2536/2536 2537/2537/2537 2579/2579/2579
f 2537/2537/2537 2580/2580/2580 2579/2579/2579
f 2537/2537/2537 2538/2538/2538 2580/2580/2580
f 2538/2538/2538 2581/2581/2581 2580/2580/2580
f 2538/2538/2538 2539/2539/2539 2581/2581/2581
f 2539/2539/2539 2582/2582/2582 2581/2581/2581
f 2539/2539/2539 2540/2540/2540 2582/2582/2582
f 2540/2540/2540 2583/2583/2583 2582/2582/2582
f 2540/2540/2540 2541/2541/2541 2583/2583/2583
f 2541/2541/2541 2584/2584/2584 2583/2583/2583
f 2541/2541/2541 2542/2542/2542 2584/2584/2584
f 2542/2542/2542 2585/2585/2585 2584/2584/2584
f 2542/2542/2542 2543/2543/2543 2585/2585/2585
f 2543/2543/2543 2586/2586/2586 2585/2585/2585
f 2543/2543/2543 2544/2544/2544 2586/2586/2586
f 2544/2544/2544 2587/2587/2587 2586/2586/2586
f 2544/2544/2544 2545/2545/2545 2587/2587/2587
f 2545/2545/2545 2588/2588/2588 2587/2587/2587
f 2545/2545/2545 2546/2546/2546 2588/2588/2588
f 2546/2546/2546 2589/2589/2589 2588/2588/2588
f 2546/2546/2546 2547/2547/2547 2589/2589/2589
f 2547/2547/2547 2590/2590/2590 2589/2589/2589
f 2547/2547/2547 2548/2548/2548 2590/2590/2590
f 2548/2548/2548 2591/2591/2591 2590/2590/2590
f 2548/2548/2548 2549/2549/2549 2591/2591/2591
f 2549/2549/2549 2592/2592/2592 2591/2591/2591
f 2549/2549/2549 2550/2550/2550 2592/2592/2592
f 2550/2550/2550 2593/2593/2593 2592/2592/2592
f 2550/2550/2550 2551/2551/2551 2593/2593/2593
f 2551/2551/2551 2594/2594/2594 2593/2593/2593
f 2551/2551/2551 2552/2552/2552 2594/2594/2594
f 2552/2552/2552 2595/2595/2595 2594/2594/2594
f 2552/2552/2552 2553/2553/2553 2595/2595/2595
f 2553/2553/2553 2596/2596/2596 2595/2595/2595
f 2553/2553/2553 2554/2554/2554 2596/2596/2596
f 2554/2554/2554 2597/2597/2597 2596/2596/2596
f 2554/2554/2554 2555/2555/2555 2597/2597/2597
f 2555/2555/2555 2598/2598/2598 2597/2597/2597
f 2555/2555/2555 2556/2556/2556 2598/2598/2598
f 2556/2556/2556 2599/2599/2599 2598/2598/2598
f 2556/2556/2556 2557/2557/2557 2599/2599/2599
f 2557/2557/2557 2600/2600/2600 2599/2599/2599
f 2557/2557/2557 2558/2558/2558 2600/2600/2600
f 2558/2558/2558 2601/2601/2601 2600/2600/2600
f 2558/2558/2558 2559/2559/2559 2601/2601/2601
f 2559/2559/2559 2602/2602/2602 2601/2601/2601
f 2559/2559/2559 2560/2560/2560 2602/2602/2602
f 2560/2560/2560 2603/2603/2603 2602/2602/2602
f 2560/2560/2560 2561/2561/2561 2603/2603/2603
f 2561/2561/2561 2604/2604/2604 2603/2603/2603
f 2561/2561/2561 2562/2562/2562 2604/2604/2604
f 2562/2562/2562 2605/2605/2605 2604/2604/2604
f 2562/2562/2562 2563/2563/2563 2605/2605/2605
f 2563/2563/2563 2606/2606/2606 2605/2605/2605
f 2563/2563/2563 2564/2564/2564 2606/2606/2606
f 2564/2564/2564 2607/2607/2607 2606/2606/2606
f 2565/2565/2565 2566/2566/2566 2608/2608/2608
f 2566/2566/2566 2609/2609/2609 2608/2608/2608
f 2566/2566/2566 2567/2567/2567 2609/2609/2609
f 2567/2567/2567 2610/2610/2610 2609/2609/2609
f 2567/2567/2567 2568/2568/2568 2610/2610/2610
f 2568/2568/2568 2611/2611/2611 2610/2610/2610
f 2568/2568/2568 2569/2569/2569 2611/2611/2611
f 2569/2569/2569 2612/2612/2612 2611/2611/2611
f 2569/2569/2569 2570/2570/2570 2612/2612/2612
f 2570/2570/2570 2613/2613/2613 2612/2612/2612
f 2570/2570/2570 2571/2571/2571 2613/2613/2613
f 2571/2571/2571 2614/2614/2614 2613/2613/2613
f 2571/2571/2571 2572/2572/2572 2614/2614/2614
f 2572/2572/2572 2615/2615/2615 2614/2614/2614
f 2572/2572/2572 2573/2573/2573 2615/2615/2615
f 2573/2573/2573 2616/2616/2616 2615/2615/2615
f 2573/2573/2573 2574/2574/2574 2616/2616/2616
f 2574/2574/2574 2617/2617/2617 2616/2616/2616
f 2574/2574/2574 2575/2575/2575 2617/2617/2617
f 2575/2575/2575 2618/2618/2618 2617/2617/2617
f 2575/2575/2575 2576/2576/2576 2618/2618/2618
f 2576/2576/2576 2619/2619/2619 2618/2618/2618
f 2576/2576/2576 2577/2577/2577 2619/2619/2619
f 2577/2577/2577 2620/2620/2620 2619/2619/2619
f 2577/2577/2577 2578/2578/2578 2620/2620/2620
f 2578/2578/2578 2621/2621/2621 2620/2620/2620
f 2578/2578/2578 2579/2579/2579 2621/2621/2621
f 2579/2579/2579 2622/2622/2622 2621/2621/2621
f 2579/2579/2579 2580/2580/2580 2622/2622/2622
f 2580/2580/2580 2623/2623/2623 2622/2622/2622
f 2580/2580/2580 2581/2581/2581 2623/2623/2623
f 2581/2581/2581 2624/2624/2624 2623/2623/2623
f 2581/2581/2581 2582/2582/2582 2624/2624/2624
f 2582/2582/2582 2625/2625/2625 2624/2624/2624
f 2582/2582/2582 2583/2583/2583 2625/2625/2625
f 2583/2583/2583 2626/2626/2626 2625/2625/2625
f 2583/2583/2583 2584/2584/2584 2626/2626/2626
f 2584/2584/2584 2627/2627/2627 2626/2626/2626
f 2584/2584/2584 2585/2585/2585 2627/2627/2627
f 2585/2585/2585 2628/2628/2628 2627/2627/2627
f 2585/2585/2585 2586/2586/2586 2628/2628/2628
f 2586/2586/2586 2629/2629/2629 2628/2628/2628
f 2586/2586/2586 2587/2587/2587 2629/2629/2629
f 2587/2587/2587 2630/2630/2630 2629/2629/2629
f 2587/2587/2587 2588/2588/2588 2630/2630/2630
f 2588/2588/2588 2631/2631/2631 2630/2630/2630
f 2588/2588/2588 2589/2589/2589 2631/2631/2631
f 2589/2589/2589 2632/2632/2632 2631/2631/2631
f 2589/2589/2589 2590/2590/2590 2632/2632/2632
f 2590/2590/2590 2633/2633/2633 2632/2632/2632
f 2590/2590/2590 2591/2591/2591 2633/2633/2633
f 2591/2591/2591 2634/2634/2634 2633/2633/2633
f 2591/2591/2591 2592/2592/2592 2634/2634/2634
f 2592/2592/2592 2635/2635/2635 2634/2634/2634
f 2592/2592/2592 2593/2593/2593 2635/2635/2635
f 2593/2593/2593 2636/2636/2636 2635/2635/2635
f 2593/2593/2593 2594/2594/2594 2636/2636/2636
f 2594/2594/2594 2637/2637/2637 2636/2636/2636
f 2594/2594/2594 2595/2595/2595 2637/2637/2637
f 2595/2595/2595 2638/2638/2638 2637/2637/2637
f 2595/2595/2595 2596/2596/2596 2638/2638/2638
f 2596/2596/2596 2639/2639/2639 2638/2638/2638
f 2596/2596/2596 2597/2597/2597 2639/2639/2639
f 2597/2597/2597 2640/2640/2640 2639/2639/2639
f 2597/2597/2597 2598/2598/2598 2640/2640/2640
f 2598/2598/2598 2641/2641/2641 2640/2640/2640
f 2598/2598/2598 2599/2599/2599 2641/2641/2641
f 2599/2599/2599 2642/2642/2642 2641/2641/2641
f 2599/2599/2599 2600/2600/2600 2642/2642/2642
f 2600/2600/2600 2643/2643/2643 2642/2642/2642
f 2600/2600/2600 2601/2601/2601 2643/2643/2643
f 2601/2601/2601 2644/2644/2644 2643/2643/2643
f 2601/2601/2601 2602/2602/2602 2644/2644/2644
f 2602/2602/2602 2645/2645/2645 2644/2644/2644
f 2602/2602/2602 2603/2603/2603 2645/2645/2645
f 2603/2603/2603 2646/2646/2646 2645/2645/2645
f 2603/2603/2603 2604/2604/2604 2646/2646/2646
f 2604/2604/2604 2647/2647/2647 2646/2646/2646
f 2604/2604/2604 2605/2605/2605 2647/2647/2647
f 2605/2605/2605 2648/2648/2648 2647/2647/2647
f 2605/2605/2605 2606/2606/2606 2648/2648/2648
f 2606/2606/2606 2649/2649/2649 2648/2648/2648
f 2606/2606/2606 2607/2607/2607 2649/2649/2649
f 2607/2607/2607 2650/2650/2650 2649/2649/2649
f 2608/2608/2608 2609/2609/2609 2651/2651/2651
f 2609/2609/2609 2652/2652/2652 2651/2651/2651
f 2609/2609/2609 2610/2610/2610 2652/2652/2652
f 2610/2610/2610 2653/2653/2653 2652/2652/2652
f 2610/2610/2610 2611/2611/2611 2653/2653/2653
f 2611/2611/2611 2654/2654/2654 2653/2653/2653
f 2611/2611/2611 2612/2612/2612 2654/2654/2654
f 2612/2612/2612 2655/2655/2655 2654/2654/2654
f 2612/2612/2612 2613/2613/2613 2655/2655/2655
f 2613/2613/2613 2656/2656/2656 2655/2655/2655
f 2613/2613/2613 2614/2614/2614 2656/2656/2656
f 2614/2614/2614 2657/2657/2657 2656/2656/2656
f 2614/2614/2614 2615/2615/2615 2657/2657/2657
f 2615/2615/2615 2658/2658/2658 2657/2657/2657
f 2615/2615/2615 2616/2616/2616 2658/2658/2658
f 2616/2616/2616 2659/2659/2659 2658/2658/2658
f 2616/2616/2616 2617/2617/2617 2659/2659/2659
f 2617/2617/2617 2660/2660/2660 2659/2659/2659
f 2617/2617/2617 2618/2618/2618 2660/2660/2660
f 2618/2618/2618 2661/2661/2661 2660/2660/2660
f 2618/2618/2618 2619/2619/2619 2661/2661/2661
f 2619/2619/2619 2662/2662/2662 2661/2661/2661
f 2619/2619/2619 2620/2620/2620 2662/2662/2662
f 2620/2620/2620 2663/2663/2663 2662/2662/2662
f 2620/2620/2620 2621/2621/2621 2663/2663/2663
f 2621/2621/2621 2664/2664/2664 2663/2663/2663
f 2621/2621/2621 2622/2622/2622 2664/2664/2664
f 2622/2622/2622 2665/2665/2665 2664/2664/2664
f 2622/2622/2622 2623/2623/2623 2665/2665/2665
f 2623/2623/2623 2666/2666/2666 2665/2665/2665
f 2623/2623/2623 2624/2624/2624 2666/2666/2666
f 2624/2624/2624 2667/2667/2667 2666/2666/2666
f 2624/2624/2624 2625/2625/2625 2667/2667/2667
f 2625/2625/2625 2668/2668/2668 2667/2667/2667
f 2625/2625/2625 2626/2626/2626 2668/2668/2668
f 2626/2626/2626 2669/2669/2669 2668/2668/2668
f 2626/2626/2626 2627/2627/2627 2669/2669/2669
f 2627/2627/2627 2670/2670/2670 2669/2669/2669
f 2627/2627/2627 2628/2628/2628 2670/2670/2670
f 2628/2628/2628 2671/2671/2671 2670/2670/2670
f 2628/2628/2628 2629/2629/2629 2671/2671/2671
f 2629/2629/2629 2672/2672/2672 2671/2671/2671
f 2629/2629/2629 2630/2630/2630 2672/2672/2672
f 2630/2630/2630 2673/2673/2673 2672/2672/2672
f 2630/2630/2630 2631/2631/2631 2673/2673/2673
f 2631/2631/2631 2674/2674/2674 2673/2673/2673
f 2631/2631/2631 2632/2632/2632 2674/2674/2674
f 2632/2632/2632 2675/2675/2675 2674/2674/2674
f 2632/2632/2632 2633/2633/2633 2675/2675/2675
f 2633/2633/2633 2676/2676/2676 2675/2675/2675
f 2633/2633/2633 2634/2634/2634 2676/2676/2676
f 2634/2634/2634 2677/2677/2677 2676/2676/2676
f 2634/2634/2634 2635/2635/2635 2677/2677/2677
f 2635/2635/2635 2678/2678/2678 2677/2677/2677
f 2635/2635/2635 2636/2636/2636 2678/2678/2678
f 2636/2636/2636 2679/2679/2679 2678/2678/2678
f 2636/2636/2636 2637/2637/2637 2679/2679/2679
f 2637/2637/2637 2680/2680/2680 2679/2679/2679
f 2637/2637/2637 2638/2638/2638 2680/2680/2680
f 2638/2638/2638 2681/2681/2681 2680/2680/2680
f 2638/2638/2638 2639/2639/2639 2681/2681/2681
f 2639/2639/2639 2682/2682/2682 2681/2681/2681
f 2639/2639/2639 2640/2640/2640 2682/2682/2682
f 2640/2640/2640 2683/2683/2683 2682/2682/2682
f 2640/2640/2640 2641/2641/2641 2683/2683/2683
f 2641/2641/2641 2684/2684/2684 2683/2683/2683
f 2641/2641/2641 2642/2642/2642 2684/2684/2684
f 2642/2642/2642 2685/2685/2685 2684/2684/2684
f 2642/2642/2642 2643/2643/2643 2685/2685/2685
f 2643/2643/2643 2686/2686/2686 2685/2685/2685
f 2643/2643/2643 2644/2644/2644 2686/2686/2686
f 2644/2644/2644 2687/2687/2687 2686/2686/2686
f 2644/2644/2644 2645/2645/2645 2687/2687/2687
f 2645/2645/2645 2688/2688/2688 2687/2687/2687
f 2645/2645/2645 2646/2646/2646 2688/2688/2688
f 2646/2646/2646 2689/2689/2689 2688/2688/2688
f 2646/2646/2646 2647/2647/2647 2689/2689/2689
f 2647/2647/2647 2690/2690/2690 2689/2689/2689
f 2647/2647/2647 2648/2648/2648 2690/2690/2690
f 2648/2648/2648 2691/2691/2691 2690/2690/2690
f 2648/2648/2648 2649/2649/2649 2691/2691/2691
f 2649/2649/2649 2692/2692/2692 2691/2691/2691
f 2649/2649/2649 2650/2650/2650 2692/2692/2692
f 2650/2650/2650 2693/2693/2693 2692/2692/2692
f 2651/2651/2651 2652/2652/2652 2694/2694/2694
f 2652/2652/2652 2695/2695/2695 2694/2694/2694
f 2652/2652/2652 2653/2653/2653 2695/2695/2695
f 2653/2653/2653 2696/2696/2696 2695/2695/2695
f 2653/2653/2653 2654/2654/2654 2696/2696/2696
f 2654/2654/2654 2697/2697/2697 2696/2696/2696
f 2654/2654/2654 2655/2655/2655 2697/2697/2697
f 2655/2655/2655 2698/2698/2698 2697/2697/2697
f 2655/2655/2655 2656/2656/2656 2698/2698/2698
f 2656/2656/2656 2699/2699/2699 2698/2698/2698
f 2656/2656/2656 2657/2657/2657 2699/2699/2699
f 2657/2657/2657 2700/2700/2700 2699/2699/2699
f 2657/2657/2657 2658/2658/2658 2700/2700/2700
f 2658/2658/2658 2701/2701/2701 2700/2700/2700
f 2658/2658/2658 2659/2659/2659 2701/2701/2701
f 2659/2659/2659 2702/2702/2702 2701/2701/2701
f 2659/2659/2659 2660/2660/2660 2702/2702/2702
f 2660/2660/2660 2703/2703/2703 2702/2702/2702
f 2660/2660/2660 2661/2661/2661 2703/2703/2703
f 2661/2661/2661 2704/2704/2704 2703/2703/2703
f 2661/2661/2661 2662/2662/2662 2704/2704/2704
f 2662/2662/2662 2705/2705/2705 2704/2704/2704
f 2662/2662/2662 2663/2663/2663 2705/2705/2705
f 2663/2663/2663 2706/2706/2706 2705/2705/2705
f 2663/2663/2663 2664/2664/2664 2706/2706/2706
f 2664/2664/2664 2707/2707/2707 2706/2706/2706
f 2664/2664/2664 2665/2665/2665 2707/2707/2707
f 2665/2665/2665 2708/2708/2708 2707/2707/2707
f 2665/2665/2665 2666/2666/2666 2708/2708/2708
f 2666/2666/2666 2709/2709/2709 2708/2708/2708
f 2666/2666/2666 2667/2667/2667 2709/2709/2709
f 2667/2667/2667 2710/2710/2710 2709/2709/2709
f 2667/2667/2667 2668/2668/2668 2710/2710/2710
f 2668/2668/2668 2711/2711/2711 2710/2710/2710
f 2668/2668/2668 2669/2669/2669 2711/2711/2711
f 2669/2669/2669 2712/2712/2712 2711/2711/2711
f 2669/2669/2669 2670/2670/2670 2712/2712/2712
f 2670/2670/2670 2713/2713/2713 2712/2712/2712
f 2670/2670/2670 2671/2671/2671 2713/2713/2713
f 2671/2671/2671 2714/2714/2714 2713/2713/2713
f 2671/2671/2671 2672/2672/2672 2714/2714/2714
f 2672/2672/2672 2715/2715/2715 2714/2714/2714
f 2672/2672/2672 2673/2673/2673 2715/2715/2715
f 2673/2673/2673 2716/2716/2716 2715/2715/2715
f 2673/2673/2673 2674/2674/2674 2716/2716/2716
f 2674/2674/2674 2717/2717/2717 2716/2716/2716
f 2674/2674/2674 2675/2675/2675 2717/2717/2717
f 2675/2675/2675 2718/2718/2718 2717/2717/2717
f 2675/2675/2675 2676/2676/2676 2718/2718/2718
f 2676/2676/2676 2719/2719/2719 2718/2718/2718
f 2676/2676/2676 2677/2677/2677 2719/2719/2719
f 2677/2677/2677 2720/2720/2720 2719/2719/2719
f 2677/2677/2677 2678/2678/2678 2720/2720/2720
f 2678/2678/2678 2721/2721/2721 2720/2720/2720
f 2678/2678/2678 2679/2679/2679 2721/2721/2721
f 2679/2679/2679 2722/2722/2722 2721/2721/2721
f 2679/2679/2679 2680/2680/2680 2722/2722/2722
f 2680/2680/2680 2723/2723/2723 2722/2722/2722
f 2680/2680/2680 2681/2681/2681 2723/2723/2723
f 2681/2681/2681 2724/2724/2724 2723/2723/2723
f 2681/2681/2681 2682/2682/2682 2724/2724/2724
f 2682/2682/2682 2725/2725/2725 2724/2724/2724
f 2682/2682/2682 2683/2683/2683 2725/2725/2725
f 2683/2683/2683 2726/2726/2726 2725/2725/2725
f 2683/2683/2683 2684/2684/2684 2726/2726/2726
f 2684/2684/2684 2727/2727/2727 2726/2726/2726
f 2684/2684/2684 2685/2685/2685 2727/2727/2727
f 2685/2685/2685 2728/2728/2728 2727/2727/2727
f 2685/2685/2685 2686/2686/2686 2728/2728/2728
f 2686/2686/2686 2729/2729/2729 2728/2728/2728
f 2686/2686/2686 2687/2687/2687 2729/2729/2729
f 2687/2687/2687 2730/2730/2730 2729/2729/2729
f 2687/2687/2687 2688/2688/2688 2730/2730/2730
f 2688/2688/2688 2731/2731/2731 2730/2730/2730
f 2688/2688/2688 2689/2689/2689 2731/2731/2731
f 2689/2689/2689 2732/2732/2732 2731/2731/2731
f 2689/2689/2689 2690/2690/2690 2732/2732/2732
f 2690/2690/2690 2733/2733/2733 2732/2732/2732
f 2690/2690/2690 2691/2691/2691 2733/2733/2733
f 2691/2691/2691 2734/2734/2734 2733/2733/2733
f 2691/2691/2691 2692/2692/2692 2734/2734/2734
f 2692/2692/2692 2735/2735/2735 2734/2734/2734
f 2692/2692/2692 2693/2693/2693 2735/2735/2735
f 2693/2693/2693 2736/2736/2736 2735/2735/2735
f 2694/2694/2694 2695/2695/2695 2737/2737/2737
f 2695/2695/2695 2738/2738/2738 2737/2737/2737
f 2695/2695/2695 2696/2696/2696 2738/2738/2738
f 2696/2696/2696 2739/2739/2739 2738/2738/2738
f 2696/2696/2696 2697/2697/2697 2739/2739/2739
f 2697/2697/2697 2740/2740/2740 2739/2739/2739
f 2697/2697/2697 2698/2698/2698 2740/2740/2740
f 2698/2698/2698 2741/2741/2741 2740/2740/2740
f 2698/2698/2698 2699/2699/2699 2741/2741/2741
f 2699/2699/2699 2742/2742/2742 2741/2741/2741
f 2699/2699/2699 2700/2700/2700 2742/2742/2742
f 2700/2700/2700 2743/2743/2743 2742/2742/2742
f 2700/2700/2700 2701/2701/2701 2743/2743/2743
f 2701/2701/2701 2744/2744/2744 2743/2743/2743
f 2701/2701/2701 2702/2702/2702 2744/2744/2744
f 2702/2702/2702 2745/2745/2745 2744/2744/2744
f 2702/2702/2702 2703/2703/2703 2745/2745/2745
f 2703/2703/2703 2746/2746/2746 2745/2745/2745
f 2703/2703/2703 2704/2704/2704 2746/2746/2746
f 2704/2704/2704 2747/2747/2747 2746/2746/2746
f 2704/2704/2704 2705/2705/2705 2747/2747/2747
f 2705/2705/2705 2748/2748/2748 2747/2747/2747
f 2705/2705/2705 2706/2706/2706 2748/2748/2748
f 2706/2706/2706 2749/2749/2749 2748/2748/2748
f 2706/2706/2706 2707/2707/2707 2749/2749/2749
f 2707/2707/2707 2750/2750/2750 2749/2749/2749
f 2707/2707/2707 2708/2708/2708 2750/2750/2750
f 2708/2708/2708 2751/2751/2751 2750/2750/2750
f 2708/2708/2708 2709/2709/2709 2751/2751/2751
f 2709/2709/2709 2752/2752/2752 2751/2751/2751
f 2709/2709/2709 2710/2710/2710 2752/2752/2752
f 2710/2710/2710 2753/2753/2753 2752/2752/2752
f 2710/2710/2710 2711/2711/2711 2753/2753/2753
f 2711/2711/2711 2754/2754/2754 2753/2753/2753
f 2711/2711/2711 2712/2712/2712 2754/2754/2754
f 2712/2712/2712 2755/2755/2755 2754/2754/2754
f 2712/2712/2712 2713/2713/2713 2755/2755/2755
f 2713/2713/2713 2756/2756/2756 2755/2755/2755
f 2713/2713/2713 2714/2714/2714 2756/2756/2756
f 2714/2714/2714 2757/2757/2757 2756/2756/2756
f 2714/2714/2714 2715/2715/2715 2757/2757/2757
f 2715/2715/2715 2758/2758/2758 2757/2757/2757
f 2715/2715/2715 2716/2716/2716 2758/2758/2758
f 2716/2716/2716 2759/2759/2759 2758/2758/2758
f 2716/2716/2716 2717/2717/2717 2759/2759/2759
f 2717/2717/2717 2760/2760/2760 2759/2759/2759
f 2717/2717/2717 2718/2718/2718 2760/2760/2760
f 2718/2718/2718 2761/2761/2761 2760/2760/2760
f 2718/2718/2718 2719/2719/2719 2761/2761/2761
f 2719/2719/2719 2762/2762/2762 2761/2761/2761
f 2719/2719/2719 2720/2720/2720 2762/2762/2762
f 2720/2720/2720 2763/2763/2763 2762/2762/2762
f 2720/2720/2720 2721/2721/2721 2763/2763/2763
f 2721/2721/2721 2764/2764/2764 2763/2763/2763
f 2721/2721/2721 2722/2722/2722 2764/2764/2764
f 2722/2722/2722 2765/2765/2765 2764/2764/2764
f 2722/2722/2722 2723/2723/2723 2765/2765/2765
f 2723/2723/2723 2766/2766/2766 2765/2765/2765
f 2723/2723/2723 2724/2724/2724 2766/2766/2766
f 2724/2724/2724 2767/2767/2767 2766/2766/2766
f 2724/2724/2724 2725/2725/2725 2767/2767/2767
f 2725/2725/2725 2768/2768/2768 2767/2767/2767
f 2725/2725/2725 2726/2726/2726 2768/2768/2768
f 2726/2726/2726 2769/2769/2769 2768/2768/2768
f 2726/2726/2726 2727/2727/2727 2769/2769/2769
f 2727/2727/2727 2770/2770/2770 2769/2769/2769
f 2727/2727/2727 2728/2728/2728 2770/2770/2770
f 2728/2728/2728 2771/2771/2771 2770/2770/2770
f 2728/2728/2728 2729/2729/2729 2771/2771/2771
f 2729/2729/2729 2772/2772/2772 2771/2771/2771
f 2729/2729/2729 2730/2730/2730 2772/2772/2772
f 2730/2730/2730 2773/2773/2773 2772/2772/2772
f 2730/2730/2730 2731/2731/2731 2773/2773/2773
f 2731/2731/2731 2774/2774/2774 2773/2773/2773
f 2731/2731/2731 2732/2732/2732 2774/2774/2774
f 2732/2732/2732 2775/2775/2775 2774/2774/2774
f 2732/2732/2732 2733/2733/2733 2775/2775/2775
f 2733/2733/2733 2776/2776/2776 2775/2775/2775
f 2733/2733/2733 2734/2734/2734 2776/2776/2776
f 2734/2734/2734 2777/2777/2777 2776/2776/2776
f 2734/2734/2734 2735/2735/2735 2777/2777/2777
f 2735/2735/2735 2778/2778/2778 2777/2777/2777
f 2735/2735/2735 2736/2736/2736 2778/2778/2778
f 2736/2736/2736 2779/2779/2779 2778/2778/2778
f 2737/2737/2737 2738/2738/2738 2780/2780/2780
f 2738/2738/2738 2781/2781/2781 2780/2780/2780
f 2738/2738/2738 2739/2739/2739 2781/2781/2781
f 2739/2739/2739 2782/2782/2782 2781/2781/2781
f 2739/2739/2739 2740/2740/2740 2782/2782/2782
f 2740/2740/2740 2783/2783/2783 2782/2782/2782
f 2740/2740/2740 2741/2741/2741 2783/2783/2783
f 2741/2741/2741 2784/2784/2784 2783/2783/2783
f 2741/2741/2741 2742/2742/2742 2784/2784/2784
f 2742/2742/2742 2785/2785/2785 2784/2784/2784
f 2742/2742/2742 2743/2743/2743 2785/2785/2785
f 2743/2743/2743 2786/2786/2786 2785/2785/2785
f 2743/2743/2743 2744/2744/2744 2786/2786/2786
f 2744/2744/2744 2787/2787/2787 2786/2786/2786
f 2744/2744/2744 2745/2745/2745 2787/2787/2787
f 2745/2745/2745 2788/2788/2788 2787/2787/2787
f 2745/2745/2745 2746/2746/2746 2788/2788/2788
f 2746/2746/2746 2789/2789/2789 2788/2788/2788
f 2746/2746/2746 2747/2747/2747 2789/2789/2789
f 2747/2747/2747 2790/2790/2790 2789/2789/2789
f 2747/2747/2747 2748/2748/2748 2790/2790/2790
f 2748/2748/2748 2791/2791/2791 2790/2790/2790
f 2748/2748/2748 2749/2749/2749 2791/2791/2791
f 2749/2749/2749 2792/2792/2792 2791/2791/2791
f 2749/2749/2749 2750/2750/2750 2792/2792/2792
f 2750/2750/2750 2793/2793/2793 2792/2792/2792
f 2750/2750/2750 2751/2751/2751 2793/2793/2793
f 2751/2751/2751 2794/2794/2794 2793/2793/2793
f 2751/2751/2751 2752/2752/2752 2794/2794/2794
f 2752/2752/2752 2795/2795/2795 2794/2794/2794
f 2752/2752/2752 2753/2753/2753 2795/2795/2795
f 2753/2753/2753 2796/2796/2796 2795/2795/2795
f 2753/2753/2753 2754/2754/2754 2796/2796/2796
f 2754/2754/2754 2797/2797/2797 2796/2796/2796
f 2754/2754/2754 2755/2755/2755 2797/2797/2797
f 2755/2755/2755 2798/2798/2798 2797/2797/2797
f 2755/2755/2755 2756/2756/2756 2798/2798/2798
f 2756/2756/2756 2799/2799/2799 2798/2798/2798
f 2756/2756/2756 2757/2757/2757 2799/2799/2799
f 2757/2757/2757 2800/2800/2800 2799/2799/2799
f 2757/2757/2757 2758/2758/2758 2800/2800/2800
f 2758/2758/2758 2801/2801/2801 2800/2800/2800
f 2758/2758/2758 2759/2759/2759 2801/2801/2801
f 2759/2759/2759 2802/2802/2802 2801/2801/2801
f 2759/2759/2759 2760/2760/2760 2802/2802/2802
f 2760/2760/2760 2803/2803/2803 2802/2802/2802
f 2760/2760/2760 2761/2761/2761 2803/2803/2803
f 2761/2761/2761 2804/2804/2804 2803/2803/2803
f 2761/2761/2761 2762/2762/2762 2804/2804/2804
f 2762/2762/2762 2805/2805/2805 2804/2804/2804
f 2762/2762/2762 2763/2763/2763 2805/2805/2805
f 2763/2763/2763 2806/2806/2806 2805/2805/2805
f 2763/2763/2763 2764/2764/2764 2806/2806/2806
f 2764/2764/2764 2807/2807/2807 2806/2806/2806
f 2764/2764/2764 2765/2765/2765 2807/2807/2807
f 2765/2765/2765 2808/2808/2808 2807/2807/2807
f 2765/2765/2765 2766/2766/2766 2808/2808/2808
f 2766/2766/2766 2809/2809/2809 2808/2808/2808
f 2766/2766/2766 2767/2767/2767 2809/2809/2809
f 2767/2767/2767 2810/2810/2810 2809/2809/2809
f 2767/2767/2767 2768/2768/2768 2810/2810/2810
f 2768/2768/2768 2811/2811/2811 2810/2810/2810
f 2768/2768/2768 2769/2769/2769 2811/2811/2811
f 2769/2769/2769 2812/2812/2812 2811/2811/2811
f 2769/2769/2769 2770/2770/2770 2812/2812/2812
f 2770/2770/2770 2813/2813/2813 2812/2812/2812
f 2770/2770/2770 2771/2771/2771 2813/2813/2813
f 2771/2771/2771 2814/2814/2814 2813/2813/2813
f 2771/2771/2771 2772/2772/2772 2814/2814/2814
f 2772/2772/2772 2815/2815/2815 2814/2814/2814
f 2772/2772/2772 2773/2773/2773 2815/2815/2815
f 2773/2773/2773 2816/2816/2816 2815/2815/2815
f 2773/2773/2773 2774/2774/2774 2816/2816/2816
f 2774/2774/2774 2817/2817/2817 2816/2816/2816
f 2774/2774/2774 2775/2775/2775 2817/2817/2817
f 2775/2775/2775 2818/2818/2818 2817/2817/2817
f 2775/2775/2775 2776/2776/2776 2818/2818/2818
f 2776/2776/2776 2819/2819/2819 2818/2818/2818
f 2776/2776/2776 2777/2777/2777 2819/2819/2819
f 2777/2777/2777 2820/2820/2820 2819/2819/2819
f 2777/2777/2777 2778/2778/2778 2820/2820/2820
f 2778/2778/2778 2821/2821/2821 2820/2820/2820
f 2778/2778/2778 2779/2779/2779 2821/2821/2821
f 2779/2779/2779 2822/2822/2822 2821/2821/2821
f 2780/2780/2780 2781/2781/2781 2823/2823/2823
f 2781/2781/2781 2824/2824/2824 2823/2823/2823
f 2781/2781/2781 2782/2782/2782 2824/2824/2824
f 2782/2782/2782 2825/2825/2825 2824/2824/2824
f 2782/2782/2782 2783/2783/2783 2825/2825/2825
f 2783/2783/2783 2826/2826/2826 2825/2825/2825
f 2783/2783/2783 2784/2784/2784 2826/2826/2826
f 2784/2784/2784 2827/2827/2827 2826/2826/2826
f 2784/2784/2784 2785/2785/2785 2827/2827/2827
f 2785/2785/2785 2828/2828/2828 2827/2827/2827
f 2785/2785/2785 2786/2786/2786 2828/2828/2828
f 2786/2786/2786 2829/2829/2829 2828/2828/2828
f 2786/2786/2786 2787/2787/2787 2829/2829/2829
f 2787/2787/2787 2830/2830/2830 2829/2829/2829
f 2787/2787/2787 2788/2788/2788 2830/2830/2830
f 2788/2788/2788 2831/2831/2831 2830/2830/2830
f 2788/2788/2788 2789/2789/2789 2831/2831/2831
f 2789/2789/2789 2832/2832/2832 2831/2831/2831
f 2789/2789/2789 2790/2790/2790 2832/2832/2832
f 2790/2790/2790 2833/2833/2833 2832/2832/2832
f 2790/2790/2790 2791/2791/2791 2833/2833/2833
f 2791/2791/2791 2834/2834/2834 2833/2833/2833
f 2791/2791/2791 2792/2792/2792 2834/2834/2834
f 2792/2792/2792 2835/2835/2835 2834/2834/2834
f 2792/2792/2792 2793/2793/2793 2835/2835/2835
f 2793/2793/2793 2836/2836/2836 2835/2835/2835
f 2793/2793/2793 2794/2794/2794 2836/2836/2836
f 2794/2794/2794 2837/2837/2837 2836/2836/2836
f 2794/2794/2794 2795/2795/2795 2837/2837/2837
f 2795/2795/2795 2838/2838/2838 2837/2837/2837
f 2795/2795/2795 2796/2796/2796 2838/2838/2838
f 2796/2796/2796 2839/2839/2839 2838/2838/2838
f 2796/2796/2796 2797/2797/2797 2839/2839/2839
f 2797/2797/2797 2840/2840/2840 2839/2839/2839
f 2797/2797/2797 2798/2798/2798 2840/2840/2840
f 2798/2798/2798 2841/2841/2841 2840/2840/2840
f 2798/2798/2798 2799/2799/2799 2841/2841/2841
f 2799/2799/2799 2842/2842/2842 2841/2841/2841
f 2799/2799/2799 2800/2800/2800 2842/2842/2842
f 2800/2800/2800 2843/2843/2843 2842/2842/2842
f 2800/2800/2800 2801/2801/2801 2843/2843/2843
f 2801/2801/2801 2844/2844/2844 2843/2843/2843
f 2801/2801/2801 2802/2802/2802 2844/2844/2844
f 2802/2802/2802 2845/2845/2845 2844/2844/2844
f 2802/2802/2802 2803/2803/2803 2845/2845/2845
f 2803/2803/2803 2846/2846/2846 2845/2845/2845
f 2803/2803/2803 2804/2804/2804 2846/2846/2846
f 2804/2804/2804 2847/2847/2847 2846/2846/2846
f 2804/2804/2804 2805/2805/2805 2847/2847/2847
f 2805/2805/2805 2848/2848/2848 2847/2847/2847
f 2805/2805/2805 2806/2806/2806 2848/2848/2848
f 2806/2806/2806 2849/2849/2849 2848/2848/2848
f 2806/2806/2806 2807/2807/2807 2849/2849/2849
f 2807/2807/2807 2850/2850/2850 2849/2849/2849
f 2807/2807/2807 2808/2808/2808 2850/2850/2850
f 2808/2808/2808 2851/2851/2851 2850/2850/2850
f 2808/2808/2808 2809/2809/2809 2851/2851/2851
f 2809/2809/2809 2852/2852/2852 2851/2851/2851
f 2809/2809/2809 2810/2810/2810 2852/2852/2852
f 2810/2810/2810 2853/2853/2853 2852/2852/2852
f 2810/2810/2810 2811/2811/2811 2853/2853/2853
f 2811/2811/2811 2854/2854/2854 2853/2853/2853
f 2811/2811/2811 2812/2812/2812 2854/2854/2854
f 2812/2812/2812 2855/2855/2855 2854/2854/2854
f 2812/2812/2812 2813/2813/2813 2855/2855/2855
f 2813/2813/2813 2856/2856/2856 2855/2855/2855
f 2813/2813/2813 2814/2814/2814 2856/2856/2856
f 2814/2814/2814 2857/2857/2857 2856/2856/2856
f 2814/2814/2814 2815/2815/2815 2857/2857/2857
f 2815/2815/2815 2858/2858/2858 2857/2857/2857
f 2815/2815/2815 2816/2816/2816 2858/2858/2858
f 2816/2816/2816 2859/2859/2859 2858/2858/2858
f 2816/2816/2816 2817/2817/2817 2859/2859/2859
f 2817/2817/2817 2860/2860/2860 2859/2859/2859
f 2817/2817/2817 2818/2818/2818 2860/2860/2860
f 2818/2818/2818 2861/2861/2861 2860/2860/2860
f 2818/2818/2818 2819/2819/2819 2861/2861/2861
f 2819/2819/2819 2862/2862/2862 2861/2861/2861
f 2819/2819/2819 2820/2820/2820 2862/2862/2862
f 2820/2820/2820 2863/2863/2863 2862/2862/2862
f 2820/2820/2820 2821/2821/2821 2863/2863/2863
f 2821/2821/2821 2864/2864/2864 2863/2863/2863
f 2821/2821/2821 2822/2822/2822 2864/2864/2864
f 2822/2822/2822 2865/2865/2865 2864/2864/2864
f 2866/2866/2866 2867/2867/2867 2897/2897/2897
f 2867/2867/2867 2898/2898/2898 2897/2897/2897
f 2867/2867/2867 2868/2868/2868 2898/2898/2898
f 2868/2868/2868 2899/2899/2899 2898/2898/2898
f 2868/2868/2868 2869/2869/2869 2899/2899/2899
f 2869/2869/2869 2900/2900/2900 2899/2899/2899
f 2869/2869/2869 2870/2870/2870 2900/2900/2900
f 2870/2870/2870 2901/2901/2901 2900/2900/2900
f 2870/2870/2870 2871/2871/2871 2901/2901/2901
f 2871/2871/2871 2902/2902/2902 2901/2901/2901
f 2871/2871/2871 2872/2872/2872 2902/2902/2902
f 2872/2872/2872 2903/2903/2903 2902/2902/2902
f 2872/2872/2872 2873/2873/2873 2903/2903/2903
f 2873/2873/2873 2904/2904/2904 2903/2903/2903
f 2873/2873/2873 2874/2874/2874 2904/2904/2904
f 2874/2874/2874 2905/2905/2905 2904/2904/2904
f 2874/2874/2874 2875/2875/2875 2905/2905/2905
f 2875/2875/2875 2906/2906/2906 2905/2905/2905
f 2875/2875/2875 2876/2876/2876 2906/2906/2906
f 2876/2876/2876 2907/2907/2907 2906/2906/2906
f 2876/2876/2876 2877/2877/2877 2907/2907/2907
f 2877/2877/2877 2908/2908/2908 2907/2907/2907
f 2877/2877/2877 2878/2878/2878 2908/2908/2908
f 2878/2878/2878 2909/2909/2909 2908/2908/2908
f 2878/2878/2878 2879/2879/2879 2909/2909/2909
f 2879/2879/2879 2910/2910/2910 2909/2909/2909
f 2879/2879/2879 2880/2880/2880 2910/2910/2910
f 2880/2880/2880 2911/2911/2911 2910/2910/2910
f 2880/2880/2880 2881/2881/2881 2911/2911/2911
f 2881/2881/2881 2912/2912/2912 2911/2911/2911
f 2881/2881/2881 2882/2882/2882 2912/2912/2912
f 2882/2882/2882 2913/2913/2913 2912/2912/2912
f 2882/2882/2882 2883/2883/2883 2913/2913/2913
f 2883/2883/2883 2914/2914/2914 2913/2913/2913
f 2883/2883/2883 2884/2884/2884 2914/2914/2914
f 2884/2884/2884 2915/2915/2915 2914/2914/2914
f 2884/2884/2884 2885/2885/2885 2915/2915/2915
f 2885/2885/2885 2916/2916/2916 2915/2915/2915
f 2885/2885/2885 2886/2886/2886 2916/2916/2916
f 2886/2886/2886 2917/2917/2917 2916/2916/2916
f 2886/2886/2886 2887/2887/2887 2917/2917/2917
f 2887/2887/2887 2918/2918/2918 2917/2917/2917
f 2887/2887/2887 2888/2888/2888 2918/2918/2918
f 2888/2888/2888 2919/2919/2919 2918/2918/2918
f 2888/2888/2888 2889/2889/2889 2919/2919/2919
f 2889/2889/2889 2920/2920/2920 2919/2919/2919
f 2889/2889/2889 2890/2890/2890 2920/2920/2920
f 2890/2890/2890 2921/2921/2921 2920/2920/2920
f 2890/2890/2890 2891/2891/2891 2921/2921/2921
f 2891/2891/2891 2922/2922/2922 2921/2921/2921
f 2891/2891/2891 2892/2892/2892 2922/2922/2922
f 2892/2892/2892 2923/2923/2923 2922/2922/2922
f 2892/2892/2892 2893/2893/2893 2923/2923/2923
f 2893/2893/2893 2924/2924/2924 2923/2923/2923
f 2893/2893/2893 2894/2894/2894 2924/2924/2924
f 2894/2894/2894 2925/2925/2925 2924/2924/2924
f 2894/2894/2894 2895/2895/2895 2925/2925/2925
f 2895/2895/2895 2926/2926/2926 2925/2925/2925
f 2895/2895/2895 2896/2896/2896 2926/2926/2926
f 2896/2896/2896 2927/2927/2927 2926/2926/2926
f 2897/2897/2897 2898/2898/2898 2928/2928/2928
f 2898/2898/2898 2929/2929/2929 2928/2928/2928
f 2898/2898/2898 2899/2899/2899 2929/2929/2929
f 2899/2899/2899 2930/2930/2930 2929/2929/2929
f 2899/2899/2899 2900/2900/2900 2930/2930/2930
f 2900/2900/2900 2931/2931/2931 2930/2930/2930
f 2900/2900/2900 2901/2901/2901 2931/2931/2931
f 2901/2901/2901 2932/2932/2932 2931/2931/2931
f 2901/2901/2901 2902/2902/2902 2932/2932/2932
f 2902/2902/2902 2933/2933/2933 2932/2932/2932
f 2902/2902/2902 2903/2903/2903 2933/2933/2933
f 2903/2903/2903 2934/2934/2934 2933/2933/2933
f 2903/2903/2903 2904/2904/2904 2934/2934/2934
f 2904/2904/2904 2935/2935/2935 2934/2934/2934
f 2904/2904/2904 2905/2905/2905 2935/2935/2935
f 2905/2905/2905 2936/2936/2936 2935/2935/2935
f 2905/2905/2905 2906/2906/2906 2936/2936/2936
f 2906/2906/2906 2937/2937/2937 2936/2936/2936
f 2906/2906/2906 2907/2907/2907 2937/2937/2937
f 2907/2907/2907 2938/2938/2938 2937/2937/2937
f 2907/2907/2907 2908/2908/2908 2938/2938/2938
f 2908/2908/2908 2939/2939/2939 2938/2938/2938
f 2908/2908/2908 2909/2909/2909 2939/2939/2939
f 2909/2909/2909 2940/2940/2940 2939/2939/2939
f 2909/2909/2909 2910/2910/2910 2940/2940/2940
f 2910/2910/2910 2941/2941/2941 2940/2940/2940
f 2910/2910/2910 2911/2911/2911 2941/2941/2941
f 2911/2911/2911 2942/2942/2942 2941/2941/2941
f 2911/2911/2911 2912/2912/2912 2942/2942/2942
f 2912/2912/2912 2943/2943/2943 2942/2942/2942
f 2912/2912/2912 2913/2913/2913 2943/2943/2943
f 2913/2913/2913 2944/2944/2944 2943/2943/2943
f 2913/2913/2913 2914/2914/2914 2944/2944/2944
f 2914/2914/2914 2945/2945/2945 2944/2944/2944
f 2914/2914/2914 2915/2915/2915 2945/2945/2945
f 2915/2915/2915 2946/2946/2946 2945/2945/2945
f 2915/2915/2915 2916/2916/2916 2946/2946/2946
f 2916/2916/2916 2947/2947/2947 2946/2946/2946
f 2916/2916/2916 2917/2917/2917 2947/2947/2947
f 2917/2917/2917 2948/2948/2948 2947/2947/2947
f 2917/2917/2917 2918/2918/2918 2948/2948/2948
f 2918/2918/2918 2949/2949/2949 2948/2948/2948
f 2918/2918/2918 2919/2919/2919 2949/2949/2949
f 2919/2919/2919 2950/2950/2950 2949/2949/2949
f 2919/2919/2919 2920/2920/2920 2950/2950/2950
f 2920/2920/2920 2951/2951/2951 2950/2950/2950
f 2920/2920/2920 2921/2921/2921 2951/2951/2951
f 2921/2921/2921 2952/2952/2952 2951/2951/2951
f 2921/2921/2921 2922/2922/2922 2952/2952/2952
f 2922/2922/2922 2953/2953/2953 2952/2952/2952
f 2922/2922/2922 2923/2923/2923 2953/2953/2953
f 2923/2923/2923 2954/2954/2954 2953/2953/2953
f 2923/2923/2923 2924/2924/2924 2954/2954/2954
f 2924/2924/2924 2955/2955/2955 2954/2954/2954
f 2924/2924/2924 2925/2925/2925 2955/2955/2955
f 2925/2925/2925 2956/2956/2956 2955/2955/2955
f 2925/2925/2925 2926/2926/2926 2956/2956/2956
f 2926/2926/2926 2957/2957/2957 2956/2956/2956
f 2926/2926/2926 2927/2927/2927 2957/2957/2957
f 2927/2927/2927 2958/2958/2958 2957/2957/2957
f 2928/2928/2928 2929/2929/2929 2959/2959/2959
f 2929/2929/2929 2960/2960/2960 2959/2959/2959
f 2929/2929/2929 2930/2930/2930 2960/2960/2960
f 2930/2930/2930 2961/2961/2961 2960/2960/2960
f 2930/2930/2930 2931/2931/2931 2961/2961/2961
f 2931/2931/2931 2962/2962/2962 2961/2961/2961
f 2931/2931/2931 2932/2932/2932 2962/2962/2962
f 2932/2932/2932 2963/2963/2963 2962/2962/2962
f 2932/2932/2932 2933/2933/2933 2963/2963/2963
f 2933/2933/2933 2964/2964/2964 2963/2963/2963
f 2933/2933/2933 2934/2934/2934 2964/2964/2964
f 2934/2934/2934 2965/2965/2965 2964/2964/2964
f 2934/2934/2934 2935/2935/2935 2965/2965/2965
f 2935/2935/2935 2966/2966/2966 2965/2965/2965
f 2935/2935/2935 2936/2936/2936 2966/2966/2966
f 2936/2936/2936 2967/2967/2967 2966/2966/2966
f 2936/2936/2936 2937/2937/2937 2967/2967/2967
f 2937/2937/2937 2968/2968/2968 2967/2967/2967
f 2937/2937/2937 2938/2938/2938 2968/2968/2968
f 2938/2938/2938 2969/2969/2969 2968/2968/2968
f 2938/2938/2938 2939/2939/2939 2969/2969/2969
f 2939/2939/2939 2970/2970/2970 2969/2969/2969
f 2939/2939/2939 2940/2940/2940 2970/2970/2970
f 2940/2940/2940 2971/2971/2971 2970/2970/2970
f 2940/2940/2940 2941/2941/2941 2971/2971/2971
f 2941/2941/2941 2972/2972/2972 2971/2971/2971
f 2941/2941/2941 2942/2942/2942 2972/2972/2972
f 2942/2942/2942 2973/2973/2973 2972/2972/2972
f 2942/2942/2942 2943/2943/2943 2973/2973/2973
f 2943/2943/2943 2974/2974/2974 2973/2973/2973
f 2943/2943/2943 2944/2944/2944 2974/2974/2974
f 2944/2944/2944 2975/2975/2975 2974/2974/2974
f 2944/2944/2944 2945/2945/2945 2975/2975/2975
f 2945/2945/2945 2976/2976/2976 2975/2975/2975
f 2945/2945/2945 2946/2946/2946 2976/2976/2976
f 2946/2946/2946 2977/2977/2977 2976/2976/2976
f 2946/2946/2946 2947/2947/2947 2977/2977/2977
f 2947/2947/2947 2978/2978/2978 2977/2977/2977
f 2947/2947/2947 2948/2948/2948 2978/2978/2978
f 2948/2948/2948 2979/2979/2979 2978/2978/2978
f 2948/2948/2948 2949/2949/2949 2979/2979/2979
f 2949/2949/2949 2980/2980/2980 2979/2979/2979
f 2949/2949/2949 2950/2950/2950 2980/2980/2980
f 2950/2950/2950 2981/2981/2981 2980/2980/2980
f 2950/2950/2950 2951/2951/2951 2981/2981/2981
f 2951/2951/2951 2982/2982/2982 2981/2981/2981
f 2951/2951/2951 2952/2952/2952 2982/2982/2982
f 2952/2952/2952 2983/2983/2983 2982/2982/2982
f 2952/2952/2952 2953/2953/2953 2983/2983/2983
f 2953/2953/2953 2984/2984/2984 2983/2983/2983
f 2953/2953/2953 2954/2954/2954 2984/2984/2984
f 2954/2954/2954 2985/2985/2985 2984/2984/2984
f 2954/2954/2954 2955/2955/2955 2985/2985/2985
f 2955/2955/2955 2986/2986/2986 2985/2985/2985
f 2955/2955/2955 2956/2956/2956 2986/2986/2986
f 2956/2956/2956 2987/2987/2987 2986/2986/2986
f 2956/2956/2956 2957/2957/2957 2987/2987/2987
f 2957/2957/2957 2988/2988/2988 2987/2987/2987
f 2957/2957/2957 2958/2958/2958 2988/2988/2988
f 2958/2958/2958 2989/2989/2989 2988/2988/2988
f 2959/2959/2959 2960/2960/2960 2990/2990/2990
f 2960/2960/2960 2991/2991/2991 2990/2990/2990
f 2960/2960/2960 2961/2961/2961 2991/2991/2991
f 2961/2961/2961 2992/2992/2992 2991/2991/2991
f 2961/2961/2961 2962/2962/2962 2992/2992/2992
f 2962/2962/2962 2993/2993/2993 2992/2992/2992
f 2962/2962/2962 2963/2963/2963 2993/2993/2993
f 2963/2963/2963 2994/2994/2994 2993/2993/2993
f 2963/2963/2963 2964/2964/2964 2994/2994/2994
f 2964/2964/2964 2995/2995/2995 2994/2994/2994
f 2964/2964/2964 2965/2965/2965 2995/2995/2995
f 2965/2965/2965 2996/2996/2996 2995/2995/2995
f 2965/2965/2965 2966/2966/2966 2996/2996/2996
f 2966/2966/2966 2997/2997/2997 2996/2996/2996
f 2966/2966/2966 2967/2967/2967 2997/2997/2997
f 2967/2967/2967 2998/2998/2998 2997/2997/2997
f 2967/2967/2967 2968/2968/2968 2998/2998/2998
f 2968/2968/2968 2999/2999/2999 2998/2998/2998
f 2968/2968/2968 2969/2969/2969 2999/2999/2999
f 2969/2969/2969 3000/3000/3000 2999/2999/2999
f 2969/2969/2969 2970/2970/2970 3000/3000/3000
f 2970/2970/2970 3001/3001/3001 3000/3000/3000
f 2970/2970/2970 2971/2971/2971 3001/3001/3001
f 2971/2971/2971 3002/3002/3002 3001/3001/3001
f 2971/2971/2971 2972/2972/2972 3002/3002/3002
f 2972/2972/2972 3003/3003/3003 3002/3002/3002
f 2972/2972/2972 2973/2973/2973 3003/3003/3003
f 2973/2973/2973 3004/3004/3004 3003/3003/3003
f 2973/2973/2973 2974/2974/2974 3004/3004/3004
f 2974/2974/2974 3005/3005/3005 3004/3004/3004
f 2974/2974/2974 2975/2975/2975 3005/3005/3005
f 2975/2975/2975 3006/3006/3006 3005/3005/3005
f 2975/2975/2975 2976/2976/2976 3006/3006/3006
f 2976/2976/2976 3007/3007/3007 3006/3006/3006
f 2976/2976/2976 2977/2977/2977 3007/3007/3007
f 2977/2977/2977 3008/3008/3008 3007/3007/3007
f 2977/2977/2977 2978/2978/2978 3008/3008/3008
f 2978/2978/2978 3009/3009/3009 3008/3008/3008
f 2978/2978/2978 2979/2979/2979 3009/3009/3009
f 2979/2979/2979 3010/3010/3010 3009/3009/3009
f 2979/2979/2979 2980/2980/2980 3010/3010/3010
f 2980/2980/2980 3011/3011/3011 3010/3010/3010
f 2980/2980/2980 2981/2981/2981 3011/3011/3011
f 2981/2981/2981 3012/3012/3012 3011/3011/3011
f 2981/2981/2981 2982/2982/2982 3012/3012/3012
f 2982/2982/2982 3013/3013/3013 3012/3012/3012
f 2982/2982/2982 2983/2983/2983 3013/3013/3013
f 2983/2983/2983 3014/3014/3014 3013/3013/3013
f 2983/2983/2983 2984/2984/2984 3014/3014/3014
f 2984/2984/2984 3015/3015/3015 3014/3014/3014
f 2984/2984/2984 2985/2985/2985 3015/3015/3015
f 2985/2985/2985 3016/3016/3016 3015/3015/3015
f 2985/2985/2985 2986/2986/2986 3016/3016/3016
f 2986/2986/2986 3017/3017/3017 3016/3016/3016
f 2986/2986/2986 2987/2987/2987 3017/3017/3017
f 2987/2987/2987 3018/3018/3018 3017/3017/3017
f 2987/2987/2987 2988/2988/2988 3018/3018/3018
f 2988/2988/2988 3019/3019/3019 3018/3018/3018
f 2988/2988/2988 2989/2989/2989 3019/3019/3019
f 2989/2989/2989 3020/3020/3020 3019/3019/3019
f 2990/2990/2990 2991/2991/2991 3021/3021/3021
f 2991/2991/2991 3022/3022/3022 3021/3021/3021
f 2991/2991/2991 2992/2992/2992 3022/3022/3022
f 2992/2992/2992 3023/3023/3023 3022/3022/3022
f 2992/2992/2992 2993/2993/2993 3023/3023/3023
f 2993/2993/2993 3024/3024/3024 3023/3023/3023
f 2993/2993/2993 2994/2994/2994 3024/3024/3024
f 2994/2994/2994 3025/3025/3025 3024/3024/3024
f 2994/2994/2994 2995/2995/2995 3025/3025/3025
f 2995/2995/2995 3026/3026/3026 3025/3025/3025
f 2995/2995/2995 2996/2996/2996 3026/3026/3026
f 2996/2996/2996 3027/3027/3027 3026/3026/3026
f 2996/2996/2996 2997/2997/2997 3027/3027/3027
f 2997/2997/2997 3028/3028/3028 3027/3027/3027
f 2997/2997/2997 2998/2998/2998 3028/3028/3028
f 2998/2998/2998 3029/3029/3029 3028/3028/3028
f 2998/2998/2998 2999/2999/2999 3029/3029/3029
f 2999/2999/2999 3030/3030/3030 3029/3029/3029
f 2999/2999/2999 3000/3000/3000 3030/3030/3030
f 3000/3000/3000 3031/3031/3031 3030/3030/3030
f 3000/3000/3000 3001/3001/3001 3031/3031/3031
f 3001/3001/3001 3032/3032/3032 3031/3031/3031
f 3001/3001/3001 3002/3002/3002 3032/3032/3032
f 3002/3002/3002 3033/3033/3033 3032/3032/3032
f 3002/3002/3002 3003/3003/3003 3033/3033/3033
f 3003/3003/3003 3034/3034/3034 3033/3033/3033
f 3003/3003/3003 3004/3004/3004 3034/3034/3034
f 3004/3004/3004 3035/3035/3035 3034/3034/3034
f 3004/3004/3004 3005/3005/3005 3035/3035/3035
f 3005/3005/3005 3036/3036/3036 3035/3035/3035
f 3005/3005/3005 3006/3006/3006 3036/3036/3036
f 3006/3006/3006 3037/3037/3037 3036/3036/3036
f 3006/3006/3006 3007/3007/3007 3037/3037/3037
f 3007/3007/3007 3038/3038/3038 3037/3037/3037
f 3007/3007/3007 3008/3008/3008 3038/3038/3038
f 3008/3008/3008 3039/3039/3039 3038/3038/3038
f 3008/3008/3008 3009/3009/3009 3039/3039/3039
f 3009/3009/3009 3040/3040/3040 3039/3039/3039
f 3009/3009/3009 3010/3010/3010 3040/3040/3040
f 3010/3010/3010 3041/3041/3041 3040/3040/3040
f 3010/3010/3010 3011/3011/3011 3041/3041/3041
f 3011/3011/3011 3042/3042/3042 3041/3041/3041
f 3011/3011/3011 3012/3012/3012 3042/3042/3042
f 3012/3012/3012 3043/3043/3043 3042/3042/3042
f 3012/3012/3012 3013/3013/3013 3043/3043/3043
f 3013/3013/3013 3044/3044/3044 3043/3043/3043
f 3013/3013/3013 3014/3014/3014 3044/3044/3044
f 3014/3014/3014 3045/3045/3045 3044/3044/3044
f 3014/3014/3014 3015/3015/3015 3045/3045/3045
f 3015/3015/3015 3046/3046/3046 3045/3045/3045
f 3015/3015/3015 3016/3016/3016 3046/3046/3046
f 3016/3016/3016 3047/3047/3047 3046/3046/3046
f 3016/3016/3016 3017/3017/3017 3047/3047/3047
f 3017/3017/3017 3048/3048/3048 3047/3047/3047
f 3017/3017/3017 3018/3018/3018 3048/3048/3048
f 3018/3018/3018 3049/3049/3049 3048/3048/3048
f 3018/3018/3018 3019/3019/3019 3049/3049/3049
f 3019/3019/3019 3050/3050/3050 3049/3049/3049
f 3019/3019/3019 3020/3020/3020 3050/3050/3050
f 3020/3020/3020 3051/3051/3051 3050/3050/3050
f 3021/3021/3021 3022/3022/3022 3052/3052/3052
f 3022/3022/3022 3053/3053/3053 3052/3052/3052
f 3022/3022/3022 3023/3023/3023 3053/3053/3053
f 3023/3023/3023 3054/3054/3054 3053/3053/3053
f 3023/3023/3023 3024/3024/3024 3054/3054/3054
f 3024/3024/3024 3055/3055/3055 3054/3054/3054
f 3024/3024/3024 3025/3025/3025 3055/3055/3055
f 3025/3025/3025 3056/3056/3056 3055/3055/3055
f 3025/3025/3025 3026/3026/3026 3056/3056/3056
f 3026/3026/3026 3057/3057/3057 3056/3056/3056
f 3026/3026/3026 3027/3027/3027 3057/3057/3057
f 3027/3027/3027 3058/3058/3058 3057/3057/3057
f 3027/3027/3027 3028/3028/3028 3058/3058/3058
f 3028/3028/3028 3059/3059/3059 3058/3058/3058
f 3028/3028/3028 3029/3029/3029 3059/3059/3059
f 3029/3029/3029 3060/3060/3060 3059/3059/3059
f 3029/3029/3029 3030/3030/3030 3060/3060/3060
f 3030/3030/3030 3061/3061/3061 3060/3060/3060
f 3030/3030/3030 3031/3031/3031 3061/3061/3061
f 3031/3031/3031 3062/3062/3062 3061/3061/3061
f 3031/3031/3031 3032/3032/3032 3062/3062/3062
f 3032/3032/3032 3063/3063/3063 3062/3062/3062
f 3032/3032/3032 3033/3033/3033 3063/3063/3063
f 3033/3033/3033 3064/3064/3064 3063/3063/3063
f 3033/3033/3033 3034/3034/3034 3064/3064/3064
f 3034/3034/3034 3065/3065/3065 3064/3064/3064
f 3034/3034/3034 3035/3035/3035 3065/3065/3065
f 3035/3035/3035 3066/3066/3066 3065/3065/3065
f 3035/3035/3035 3036/3036/3036 3066/3066/3066
f 3036/3036/3036 3067/3067/3067 3066/3066/3066
f 3036/3036/3036 3037/3037/3037 3067/3067/3067
f 3037/3037/3037 3068/3068/3068 3067/3067/3067
f 3037/3037/3037 3038/3038/3038 3068/3068/3068
f 3038/3038/3038 3069/3069/3069 3068/3068/3068
f 3038/3038/3038 3039/3039/3039 3069/3069/3069
f 3039/3039/3039 3070/3070/3070 3069/3069/3069
f 3039/3039/3039 3040/3040/3040 3070/3070/3070
f 3040/3040/3040 3071/3071/3071 3070/3070/3070
f 3040/3040/3040 3041/3041/3041 3071/3071/3071
f 3041/3041/3041 3072/3072/3072 3071/3071/3071
f 3041/3041/3041 3042/3042/3042 3072/3072/3072
f 3042/3042/3042 3073/3073/3073 3072/3072/3072
f 3042/3042/3042 3043/3043/3043 3073/3073/3073
f 3043/3043/3043 3074/3074/3074 3073/3073/3073
f 3043/3043/3043 3044/3044/3044 3074/3074/3074
f 3044/3044/3044 3075/3075/3075 3074/3074/3074
f 3044/3044/3044 3045/3045/3045 3075/3075/3075
f 3045/3045/3045 3076/3076/3076 3075/3075/3075
f 3045/3045/3045 3046/3046/3046 3076/3076/3076
f 3046/3046/3046 3077/3077/3077 3076/3076/3076
f 3046/3046/3046 3047/3047/3047 3077/3077/3077
f 3047/3047/3047 3078/3078/3078 3077/3077/3077
f 3047/3047/3047 3048/3048/3048 3078/3078/3078
f 3048/3048/3048 3079/3079/3079 3078/3078/3078
f 3048/3048/3048 3049/3049/3049 3079/3079/3079
f 3049/3049/3049 3080/3080/3080 3079/3079/3079
f 3049/3049/3049 3050/3050/3050 3080/3080/3080
f 3050/3050/3050 3081/3081/3081 3080/3080/3080
f 3050/3050/3050 3051/3051/3051 3081/3081/3081
f 3051/3051/3051 3082/3082/3082 3081/3081/3081
f 3052/3052/3052 3053/3053/3053 3083/3083/3083
f 3053/3053/3053 3084/3084/3084 3083/3083/3083
f 3053/3053/3053 3054/3054/3054 3084/3084/3084
f 3054/3054/3054 3085/3085/3085 3084/3084/3084
f 3054/3054/3054 3055/3055/3055 3085/3085/3085
f 3055/3055/3055 3086/3086/3086 3085/3085/3085
f 3055/3055/3055 3056/3056/3056 3086/3086/3086
f 3056/3056/3056 3087/3087/3087 3086/3086/3086
f 3056/3056/3056 3057/3057/3057 3087/3087/3087
f 3057/3057/3057 3088/3088/3088 3087/3087/3087
f 3057/3057/3057 3058/3058/3058 3088/3088/3088
f 3058/3058/3058 3089/3089/3089 3088/3088/3088
f 3058/3058/3058 3059/3059/3059 3089/3089/3089
f 3059/3059/3059 3090/3090/3090 3089/3089/3089
f 3059/3059/3059 3060/3060/3060 3090/3090/3090
f 3060/3060/3060 3091/3091/3091 3090/3090/3090
f 3060/3060/3060 3061/3061/3061 3091/3091/3091
f 3061/3061/3061 3092/3092/3092 3091/3091/3091
f 3061/3061/3061 3062/3062/3062 3092/3092/3092
f 3062/3062/3062 3093/3093/3093 3092/3092/3092
f 3062/3062/3062 3063/3063/3063 3093/3093/3093
f 3063/3063/3063 3094/3094/3094 3093/3093/3093
f 3063/3063/3063 3064/3064/3064 3094/3094/3094
f 3064/3064/3064 3095/3095/3095 3094/3094/3094
f 3064/3064/3064 3065/3065/3065 3095/3095/3095
f 3065/3065/3065 3096/3096/3096 3095/3095/3095
f 3065/3065/3065 3066/3066/3066 3096/3096/3096
f 3066/3066/3066 3097/3097/3097 3096/3096/3096
f 3066/3066/3066 3067/3067/3067 3097/3097/3097
f 3067/3067/3067 3098/3098/3098 3097/3097/3097
f 3067/3067/3067 3068/3068/3068 3098/3098/3098
f 3068/3068/3068 3099/3099/3099 3098/3098/3098
f 3068/3068/3068 3069/3069/3069 3099/3099/3099
f 3069/3069/3069 3100/3100/3100 3099/3099/3099
f 3069/3069/3069 3070/3070/3070 3100/3100/3100
f 3070/3070/3070 3101/3101/3101 3100/3100/3100
f 3070/3070/3070 3071/3071/3071 3101/3101/3101
f 3071/3071/3071 3102/3102/3102 3101/3101/3101
f 3071/3071/3071 3072/3072/3072 3102/3102/3102
f 3072/3072/3072 3103/3103/3103 3102/3102/3102
f 3072/3072/3072 3073/3073/3073 3103/3103/3103
f 3073/3073/3073 3104/3104/3104 3103/3103/3103
f 3073/3073/3073 3074/3074/3074 3104/3104/3104
f 3074/3074/3074 3105/3105/3105 3104/3104/3104
f 3074/3074/3074 3075/3075/3075 3105/3105/3105
f 3075/3075/3075 3106/3106/3106 3105/3105/3105
f 3075/3075/3075 3076/3076/3076 3106/3106/3106
f 3076/3076/3076 3107/3107/3107 3106/3106/3106
f 3076/3076/3076 3077/3077/3077 3107/3107/3107
f 3077/3077/3077 3108/3108/3108 3107/3107/3107
f 3077/3077/3077 3078/3078/3078 3108/3108/3108
f 3078/3078/3078 3109/3109/3109 3108/3108/3108
f 3078/3078/3078 3079/3079/3079 3109/3109/3109
f 3079/3079/3079 3110/3110/3110 3109/3109/3109
f 3079/3079/3079 3080/3080/3080 3110/3110/3110
f 3080/3080/3080 3111/3111/3111 3110/3110/3110
f 3080/3080/3080 3081/3081/3081 3111/3111/3111
f 3081/3081/3081 3112/3112/3112 3111/3111/3111
f 3081/3081/3081 3082/3082/3082 3112/3112/3112
f 3082/3082/3082 3113/3113/3113 3112/3112/3112
f 3083/3083/3083 3084/3084/3084 3114/3114/3114
f 3084/3084/3084 3115/3115/3115 3114/3114/3114
f 3084/3084/3084 3085/3085/3085 3115/3115/3115
f 3085/3085/3085 3116/3116/3116 3115/3115/3115
f 3085/3085/3085 3086/3086/3086 3116/3116/3116
f 3086/3086/3086 3117/3117/3117 3116/3116/3116
f 3086/3086/3086 3087/3087/3087 3117/3117/3117
f 3087/3087/3087 3118/3118/3118 3117/3117/3117
f 3087/3087/3087 3088/3088/3088 3118/3118/3118
f 3088/3088/3088 3119/3119/3119 3118/3118/3118
f 3088/3088/3088 3089/3089/3089 3119/3119/3119
f 3089/3089/3089 3120/3120/3120 3119/3119/3119
f 3089/3089/3089 3090/3090/3090 3120/3120/3120
f 3090/3090/3090 3121/3121/3121 3120/3120/3120
f 3090/3090/3090 3091/3091/3091 3121/3121/3121
f 3091/3091/3091 3122/3122/3122 3121/3121/3121
f 3091/3091/3091 3092/3092/3092 3122/3122/3122
f 3092/3092/3092 3123/3123/3123 3122/3122/3122
f 3092/3092/3092 3093/3093/3093 3123/3123/3123
f 3093/3093/3093 3124/3124/3124 3123/3123/3123
f 3093/3093/3093 3094/3094/3094 3124/3124/3124
f 3094/3094/3094 3125/3125/3125 3124/3124/3124
f 3094/3094/3094 3095/3095/3095 3125/3125/3125
f 3095/3095/3095 3126/3126/3126 3125/3125/3125
f 3095/3095/3095 3096/3096/3096 3126/3126/3126
f 3096/3096/3096 3127/3127/3127 3126/3126/3126
f 3096/3096/3096 3097/3097/3097 3127/3127/3127
f 3097/3097/3097 3128/3128/3128 3127/3127/3127
f 3097/3097/3097 3098/3098/3098 3128/3128/3128
f 3098/3098/3098 3129/3129/3129 3128/3128/3128
f 3098/3098/3098 3099/3099/3099 3129/3129/3129
f 3099/3099/3099 3130/3130/3130 3129/3129/3129
f 3099/3099/3099 3100/3100/3100 3130/3130/3130
f 3100/3100/3100 3131/3131/3131 3130/3130/3130
f 3100/3100/3100 3101/3101/3101 3131/3131/3131
f 3101/3101/3101 3132/3132/3132 3131/3131/3131
f 3101/3101/3101 3102/3102/3102 3132/3132/3132
f 3102/3102/3102 3133/3133/3133 3132/3132/3132
f 3102/3102/3102 3103/3103/3103 3133/3133/3133
f 3103/3103/3103 3134/3134/3134 3133/3133/3133
f 3103/3103/3103 3104/3104/3104 3134/3134/3134
f 3104/3104/3104 3135/3135/3135 3134/3134/3134
f 3104/3104/3104 3105/3105/3105 3135/3135/3135
f 3105/3105/3105 3136/3136/3136 3135/3135/3135
f 3105/3105/3105 3106/3106/3106 3136/3136/3136
f 3106/3106/3106 3137/3137/3137 3136/3136/3136
f 3106/3106/3106 3107/3107/3107 3137/3137/3137
f 3107/3107/3107 3138/3138/3138 3137/3137/3137
f 3107/3107/3107 3108/3108/3108 3138/3138/3138
f 3108/3108/3108 3139/3139/3139 3138/3138/3138
f 3108/3108/3108 3109/3109/3109 3139/3139/3139
f 3109/3109/3109 3140/3140/3140 3139/3139/3139
f 3109/3109/3109 3110/3110/3110 3140/3140/3140
f 3110/3110/3110 3141/3141/3141 3140/3140/3140
f 3110/3110/3110 3111/3111/3111 3141/3141/3141
f 3111/3111/3111 3142/3142/3142 3141/3141/3141
f 3111/3111/3111 3112/3112/3112 3142/3142/3142
f 3112/3112/3112 3143/3143/3143 3142/3142/3142
f 3112/3112/3112 3113/3113/3113 3143/3143/3143
f 3113/3113/3113 3144/3144/3144 3143/3143/3143
f 3114/3114/3114 3115/3115/3115 3145/3145/3145
f 3115/3115/3115 3146/3146/3146 3145/3145/3145
f 3115/3115/3115 3116/3116/3116 3146/3146/3146
f 3116/3116/3116 3147/3147/3147 3146/3146/3146
f 3116/3116/3116 3117/3117/3117 3147/3147/3147
f 3117/3117/3117 3148/3148/3148 3147/3147/3147
f 3117/3117/3117 3118/3118/3118 3148/3148/3148
f 3118/3118/3118 3149/3149/3149 3148/3148/3148
f 3118/3118/3118 3119/3119/3119 3149/3149/3149
f 3119/3119/3119 3150/3150/3150 3149/3149/3149
f 3119/3119/3119 3120/3120/3120 3150/3150/3150
f 3120/3120/3120 3151/3151/3151 3150/3150/3150
f 3120/3120/3120 3121/3121/3121 3151/3151/3151
f 3121/3121/3121 3152/3152/3152 3151/3151/3151
f 3121/3121/3121 3122/3122/3122 3152/3152/3152
f 3122/3122/3122 3153/3153/3153 3152/3152/3152
f 3122/3122/3122 3123/3123/3123 3153/3153/3153
f 3123/3123/3123 3154/3154/3154 3153/3153/3153
f 3123/3123/3123 3124/3124/3124 3154/3154/3154
f 3124/3124/3124 3155/3155/3155 3154/3154/3154
f 3124/3124/3124 3125/3125/3125 3155/3155/3155
f 3125/3125/3125 3156/3156/3156 3155/3155/3155
f 3125/3125/3125 3126/3126/3126 3156/3156/3156
f 3126/3126/3126 3157/3157/3157 3156/3156/3156
f 3126/3126/3126 3127/3127/3127 3157/3157/3157
f 3127/3127/3127 3158/3158/3158 3157/3157/3157
f 3127/3127/3127 3128/3128/3128 3158/3158/3158
f 3128/3128/3128 3159/3159/3159 3158/3158/3158
f 3128/3128/3128 3129/3129/3129 3159/3159/3159
f 3129/3129/3129 3160/3160/3160 3159/3159/3159
f 3129/3129/3129 3130/3130/3130 3160/3160/3160
f 3130/3130/3130 3161/3161/3161 3160/3160/3160
f 3130/3130/3130 3131/3131/3131 3161/3161/3161
f 3131/3131/3131 3162/3162/3162 3161/3161/3161
f 3131/3131/3131 3132/3132/3132 3162/3162/3162
f 3132/3132/3132 3163/3163/3163 3162/3162/3162
f 3132/3132/3132 3133/3133/3133 3163/3163/3163
f 3133/3133/3133 3164/3164/3164 3163/3163/3163
f 3133/3133/3133 3134/3134/3134 3164/3164/3164
f 3134/3134/3134 3165/3165/3165 3164/3164/3164
f 3134/3134/3134 3135/3135/3135 3165/3165/3165
f 3135/3135/3135 3166/3166/3166 3165/3165/3165
f 3135/3135/3135 3136/3136/3136 3166/3166/3166
f 3136/3136/3136 3167/3167/3167 3166/3166/3166
f 3136/3136/3136 3137/3137/3137 3167/3167/3167
f 3137/3137/3137 3168/3168/3168 3167/3167/3167
f 3137/3137/3137 3138/3138/3138 3168/3168/3168
f 3138/3138/3138 3169/3169/3169 3168/3168/3168
f 3138/3138/3138 3139/3139/3139 3169/3169/3169
f 3139/3139/3139 3170/3170/3170 3169/3169/3169
f 3139/3139/3139 3140/3140/3140 3170/3170/3170
f 3140/3140/3140 3171/3171/3171 3170/3170/3170
f 3140/3140/3140 3141/3141/3141 3171/3171/3171
f 3141/3141/3141 3172/3172/3172 3171/3171/3171
f 3141/3141/3141 3142/3142/3142 3172/3172/3172
f 3142/3142/3142 3173/3173/3173 3172/3172/3172
f 3142/3142/3142 3143/3143/3143 3173/3173/3173
f 3143/3143/3143 3174/3174/3174 3173/3173/3173
f 3143/3143/3143 3144/3144/3144 3174/3174/3174
f 3144/3144/3144 3175/3175/3175 3174/3174/3174
f 3145/3145/3145 3146/3146/3146 3176/3176/3176
f 3146/3146/3146 3177/3177/3177 3176/3176/3176
f 3146/3146/3146 3147/3147/3147 3177/3177/3177
f 3147/3147/3147 3178/3178/3178 3177/3177/3177
f 3147/3147/3147 3148/3148/3148 3178/3178/3178
f 3148/3148/3148 3179/3179/3179 3178/3178/3178
f 3148/3148/3148 3149/3149/3149 3179/3179/3179
f 3149/3149/3149 3180/3180/3180 3179/3179/3179
f 3149/3149/3149 3150/3150/3150 3180/3180/3180
f 3150/3150/3150 3181/3181/3181 3180/3180/3180
f 3150/3150/3150 3151/3151/3151 3181/3181/3181
f 3151/3151/3151 3182/3182/3182 3181/3181/3181
f 3151/3151/3151 3152/3152/3152 3182/3182/3182
f 3152/3152/3152 3183/3183/3183 3182/3182/3182
f 3152/3152/3152 3153/3153/3153 3183/3183/3183
f 3153/3153/3153 3184/3184/3184 3183/3183/3183
f 3153/3153/3153 3154/3154/3154 3184/3184/3184
f 3154/3154/3154 3185/3185/3185 3184/3184/3184
f 3154/3154/3154 3155/3155/3155 3185/3185/3185
f 3155/3155/3155 3186/3186/3186 3185/3185/3185
f 3155/3155/3155 3156/3156/3156 3186/3186/3186
f 3156/3156/3156 3187/3187/3187 3186/3186/3186
f 3156/3156/3156 3157/3157/3157 3187/3187/3187
f 3157/3157/3157 3188/3188/3188 3187/3187/3187
f 3157/3157/3157 3158/3158/3158 3188/3188/3188
f 3158/3158/3158 3189/3189/3189 3188/3188/3188
f 3158/3158/3158 3159/3159/3159 3189/3189/3189
f 3159/3159/3159 3190/3190/3190 3189/3189/3189
f 3159/3159/3159 3160/3160/3160 3190/3190/3190
f 3160/3160/3160 3191/3191/3191 3190/3190/3190
f 3160/3160/3160 3161/3161/3161 3191/3191/3191
f 3161/3161/3161 3192/3192/3192 3191/3191/3191
f 3161/3161/3161 3162/3162/3162 3192/3192/3192
f 3162/3162/3162 3193/3193/3193 3192/3192/3192
f 3162/3162/3162 3163/3163/3163 3193/3193/3193
f 3163/3163/3163 3194/3194/3194 3193/3193/3193
f 3163/3163/3163 3164/3164/3164 3194/3194/3194
f 3164/3164/3164 3195/3195/3195 3194/3194/3194
f 3164/3164/3164 3165/3165/3165 3195/3195/3195
f 3165/3165/3165 3196/3196/3196 3195/3195/3195
f 3165/3165/3165 3166/3166/3166 3196/3196/3196
f 3166/3166/3166 3197/3197/3197 3196/3196/3196
f 3166/3166/3166 3167/3167/3167 3197/3197/3197
f 3167/3167/3167 3198/3198/3198 3197/3197/3197
f 3167/3167/3167 3168/3168/3168 3198/3198/3198
f 3168/3168/3168 3199/3199/3199 3198/3198/3198
f 3168/3168/3168 3169/3169/3169 3199/3199/3199
f 3169/3169/3169 3200/3200/3200 3199/3199/3199
f 3169/3169/3169 3170/3170/3170 3200/3200/3200
f 3170/3170/3170 3201/3201/3201 3200/3200/3200
f 3170/3170/3170 3171/3171/3171 3201/3201/3201
f 3171/3171/3171 3202/3202/3202 3201/3201/3201
f 3171/3171/3171 3172/3172/3172 3202/3202/3202
f 3172/3172/3172 3203/3203/3203 3202/3202/3202
f 3172/3172/3172 3173/3173/3173 3203/3203/3203
f 3173/3173/3173 3204/3204/3204 3203/3203/3203
f 3173/3173/3173 3174/3174/3174 3204/3204/3204
f 3174/3174/3174 3205/3205/3205 3204/3204/3204
f 3174/3174/3174 3175/3175/3175 3205/3205/3205
f 3175/3175/3175 3206/3206/3206 3205/3205/3205
f 3176/3176/3176 3177/3177/3177 3207/3207/3207
f 3177/3177/3177 3208/3208/3208 3207/3207/3207
f 3177/3177/3177 3178/3178/3178 3208/3208/3208
f 3178/3178/3178 3209/3209/3209 3208/3208/3208
f 3178/3178/3178 3179/3179/3179 3209/3209/3209
f 3179/3179/3179 3210/3210/3210 3209/3209/3209
f 3179/3179/3179 3180/3180/3180 3210/3210/3210
f 3180/3180/3180 3211/3211/3211 3210/3210/3210
f 3180/3180/3180 3181/3181/3181 3211/3211/3211
f 3181/3181/3181 3212/3212/3212 3211/3211/3211
f 3181/3181/3181 3182/3182/3182 3212/3212/3212
f 3182/3182/3182 3213/3213/3213 3212/3212/3212
f 3182/3182/3182 3183/3183/3183 3213/3213/3213
f 3183/3183/3183 3214/3214/3214 3213/3213/3213
f 3183/3183/3183 3184/3184/3184 3214/3214/3214
f 3184/3184/3184 3215/3215/3215 3214/3214/3214
f 3184/3184/3184 3185/3185/3185 3215/3215/3215
f 3185/3185/3185 3216/3216/3216 3215/3215/3215
f 3185/3185/3185 3186/3186/3186 3216/3216/3216
f 3186/3186/3186 3217/3217/3217 3216/3216/3216
f 3186/3186/3186 3187/3187/3187 3217/3217/3217
f 3187/3187/3187 3218/3218/3218 3217/3217/3217
f 3187/3187/3187 3188/3188/3188 3218/3218/3218
f 3188/3188/3188 3219/3219/3219 3218/3218/3218
f 3188/3188/3188 3189/3189/3189 3219/3219/3219
f 3189/3189/3189 3220/3220/3220 3219/3219/3219
f 3189/3189/3189 3190/3190/3190 3220/3220/3220
f 3190/3190/3190 3221/3221/3221 3220/3220/3220
f 3190/3190/3190 3191/3191/3191 3221/3221/3221
f 3191/3191/3191 3222/3222/3222 3221/3221/3221
f 3191/3191/3191 3192/3192/3192 3222/3222/3222
f 3192/3192/3192 3223/3223/3223 3222/3222/3222
f 3192/3192/3192 3193/3193/3193 3223/3223/3223
f 3193/3193/3193 3224/3224/3224 3223/3223/3223
f 3193/3193/3193 3194/3194/3194 3224/3224/3224
f 3194/3194/3194 3225/3225/3225 3224/3224/3224
f 3194/3194/3194 3195/3195/3195 3225/3225/3225
f 3195/3195/3195 3226/3226/3226 3225/3225/3225
f 3195/3195/3195 3196/3196/3196 3226/3226/3226
f 3196/3196/3196 3227/3227/3227 3226/3226/3226
f 3196/3196/3196 3197/3197/3197 3227/3227/3227
f 3197/3197/3197 3228/3228/3228 3227/3227/3227
f 3197/3197/3197 3198/3198/3198 3228/3228/3228
f 3198/3198/3198 3229/3229/3229 3228/3228/3228
f 3198/3198/3198 3199/3199/3199 3229/3229/3229
f 3199/3199/3199 3230/3230/3230 3229/3229/3229
f 3199/3199/3199 3200/3200/3200 3230/3230/3230
f 3200/3200/3200 3231/3231/3231 3230/3230/3230
f 3200/3200/3200 3201/3201/3201 3231/3231/3231
f 3201/3201/3201 3232/3232/3232 3231/3231/3231
f 3201/3201/3201 3202/3202/3202 3232/3232/3232
f 3202/3202/3202 3233/3233/3233 3232/3232/3232
f 3202/3202/3202 3203/3203/3203 3233/3233/3233
f 3203/3203/3203 3234/3234/3234 3233/3233/3233
f 3203/3203/3203 3204/3204/3204 3234/3234/3234
f 3204/3204/3204 3235/3235/3235 3234/3234/3234
f 3204/3204/3204 3205/3205/3205 3235/3235/3235
f 3205/3205/3205 3236/3236/3236 3235/3235/3235
f 3205/3205/3205 3206/3206/3206 3236/3236/3236
f 3206/3206/3206 3237/3237/3237 3236/3236/3236
f 3207/3207/3207 3208/3208/3208 3238/3238/3238
f 3208/3208/3208 3239/3239/3239 3238/3238/3238
f 3208/3208/3208 3209/3209/3209 3239/3239/3239
f 3209/3209/3209 3240/3240/3240 3239/3239/3239
f 3209/3209/3209 3210/3210/3210 3240/3240/3240
f 3210/3210/3210 3241/3241/3241 3240/3240/3240
f 3210/3210/3210 3211/3211/3211 3241/3241/3241
f 3211/3211/3211 3242/3242/3242 3241/3241/3241
f 3211/3211/3211 3212/3212/3212 3242/3242/3242
f 3212/3212/3212 3243/3243/3243 3242/3242/3242
f 3212/3212/3212 3213/3213/3213 3243/3243/3243
f 3213/3213/3213 3244/3244/3244 3243/3243/3243
f 3213/3213/3213 3214/3214/3214 3244/3244/3244
f 3214/3214/3214 3245/3245/3245 3244/3244/3244
f 3214/3214/3214 3215/3215/3215 3245/3245/3245
f 3215/3215/3215 3246/3246/3246 3245/3245/3245
f 3215/3215/3215 3216/3216/3216 3246/3246/3246
f 3216/3216/3216 3247/3247/3247 3246/3246/3246
f 3216/3216/3216 3217/3217/3217 3247/3247/3247
f 3217/3217/3217 3248/3248/3248 3247/3247/3247
f 3217/3217/3217 3218/3218/3218 3248/3248/3248
f 3218/3218/3218 3249/3249/3249 3248/3248/3248
f 3218/3218/3218 3219/3219/3219 3249/3249/3249
f 3219/3219/3219 3250/3250/3250 3249/3249/3249
f 3219/3219/3219 3220/3220/3220 3250/3250/3250
f 3220/3220/3220 3251/3251/3251 3250/3250/3250
f 3220/3220/3220 3221/3221/3221 3251/3251/3251
f 3221/3221/3221 3252/3252/3252 3251/3251/3251
f 3221/3221/3221 3222/3222/3222 3252/3252/3252
f 3222/3222/3222 3253/3253/3253 3252/3252/3252
f 3222/3222/3222 3223/3223/3223 3253/3253/3253
f 3223/3223/3223 3254/3254/3254 3253/3253/3253
f 3223/3223/3223 3224/3224/3224 3254/3254/3254
f 3224/3224/3224 3255/3255/3255 3254/3254/3254
f 3224/3224/3224 3225/3225/3225 3255/3255/3255
f 3225/3225/3225 3256/3256/3256 3255/3255/3255
f 3225/3225/3225 3226/3226/3226 3256/3256/3256
f 3226/3226/3226 3257/3257/3257 3256/3256/3256
f 3226/3226/3226 3227/3227/3227 3257/3257/3257
f 3227/3227/3227 3258/3258/3258 3257/3257/3257
f 3227/3227/3227 3228/3228/3228 3258/3258/3258
f 3228/3228/3228 3259/3259/3259 3258/3258/3258
f 3228/3228/3228 3229/3229/3229 3259/3259/3259
f 3229/3229/3229 3260/3260/3260 3259/3259/3259
f 3229/3229/3229 3230/3230/3230 3260/3260/3260
f 3230/3230/3230 3261/3261/3261 3260/3260/3260
f 3230/3230/3230 3231/3231/3231 3261/3261/3261
f 3231/3231/3231 3262/3262/3262 3261/3261/3261
f 3231/3231/3231 3232/3232/3232 3262/3262/3262
f 3232/3232/3232 3263/3263/3263 3262/3262/3262
f 3232/3232/3232 3233/3233/3233 3263/3263/3263
f 3233/3233/3233 3264/3264/3264 3263/3263/3263
f 3233/3233/3233 3234/3234/3234 3264/3264/3264
f 3234/3234/3234 3265/3265/3265 3264/3264/3264
f 3234/3234/3234 3235/3235/3235 3265/3265/3265
f 3235/3235/3235 3266/3266/3266 3265/3265/3265
f 3235/3235/3235 3236/3236/3236 3266/3266/3266
f 3236/3236/3236 3267/3267/3267 3266/3266/3266
f 3236/3236/3236 3237/3237/3237 3267/3267/3267
f 3237/3237/3237 3268/3268/3268 3267/3267/3267
f 3238/3238/3238 3239/3239/3239 3269/3269/3269
f 3239/3239/3239 3270/3270/3270 3269/3269/3269
f 3239/3239/3239 3240/3240/3240 3270/3270/3270
f 3240/3240/3240 3271/3271/3271 3270/3270/3270
f 3240/3240/3240 3241/3241/3241 3271/3271/3271
f 3241/3241/3241 3272/3272/3272 3271/3271/3271
f 3241/3241/3241 3242/3242/3242 3272/3272/3272
f 3242/3242/3242 3273/3273/3273 3272/3272/3272
f 3242/3242/3242 3243/3243/3243 3273/3273/3273
f 3243/3243/3243 3274/3274/3274 3273/3273/3273
f 3243/3243/3243 3244/3244/3244 3274/3274/3274
f 3244/3244/3244 3275/3275/3275 3274/3274/3274
f 3244/3244/3244 3245/3245/3245 3275/3275/3275
f 3245/3245/3245 3276/3276/3276 3275/3275/3275
f 3245/3245/3245 3246/3246/3246 3276/3276/3276
f 3246/3246/3246 3277/3277/3277 3276/3276/3276
f 3246/3246/3246 3247/3247/3247 3277/3277/3277
f 3247/3247/3247 3278/3278/3278 3277/3277/3277
f 3247/3247/3247 3248/3248/3248 3278/3278/3278
f 3248/3248/3248 3279/3279/3279 3278/3278/3278
f 3248/3248/3248 3249/3249/3249 3279/3279/3279
f 3249/3249/3249 3280/3280/3280 3279/3279/3279
f 3249/3249/3249 3250/3250/3250 3280/3280/3280
f 3250/3250/3250 3281/3281/3281 3280/3280/3280
f 3250/3250/3250 3251/3251/3251 3281/3281/3281
f 3251/3251/3251 3282/3282/3282 3281/3281/3281
f 3251/3251/3251 3252/3252/3252 3282/3282/3282
f 3252/3252/3252 3283/3283/3283 3282/3282/3282
f 3252/3252/3252 3253/3253/3253 3283/3283/3283
f 3253/3253/3253 3284/3284/3284 3283/3283/3283
f 3253/3253/3253 3254/3254/3254 3284/3284/3284
f 3254/3254/3254 3285/3285/3285 3284/3284/3284
f 3254/3254/3254 3255/3255/3255 3285/3285/3285
f 3255/3255/3255 3286/3286/3286 3285/3285/3285
f 3255/3255/3255 3256/3256/3256 3286/3286/3286
f 3256/3256/3256 3287/3287/3287 3286/3286/3286
f 3256/3256/3256 3257/3257/3257 3287/3287/3287
f 3257/3257/3257 3288/3288/3288 3287/3287/3287
f 3257/3257/3257 3258/3258/3258 3288/3288/3288
f 3258/3258/3258 3289/3289/3289 3288/3288/3288
f 3258/3258/3258 3259/3259/3259 3289/3289/3289
f 3259/3259/3259 3290/3290/3290 3289/3289/3289
f 3259/3259/3259 3260/3260/3260 3290/3290/3290
f 3260/3260/3260 3291/3291/3291 3290/3290/3290
f 3260/3260/3260 3261/3261/3261 3291/3291/3291
f 3261/3261/3261 3292/3292/3292 3291/3291/3291
f 3261/3261/3261 3262/3262/3262 3292/3292/3292
f 3262/3262/3262 3293/3293/3293 3292/3292/3292
f 3262/3262/3262 3263/3263/3263 3293/3293/3293
f 3263/3263/3263 3294/3294/3294 3293/3293/3293
f 3263/3263/3263 3264/3264/3264 3294/3294/3294
f 3264/3264/3264 3295/3295/3295 3294/3294/3294
f 3264/3264/3264 3265/3265/3265 3295/3295/3295
f 3265/3265/3265 3296/3296/3296 3295/3295/3295
f 3265/3265/3265 3266/3266/3266 3296/3296/3296
f 3266/3266/3266 3297/3297/3297 3296/3296/3296
f 3266/3266/3266 3267/3267/3267 3297/3297/3297
f 3267/3267/3267 3298/3298/3298 3297/3297/3297
f 3267/3267/3267 3268/3268/3268 3298/3298/3298
f 3268/3268/3268 3299/3299/3299 3298/3298/3298
f 3269/3269/3269 3270/3270/3270 3300/3300/3300
f 3270/3270/3270 3301/3301/3301 3300/3300/3300
f 3270/3270/3270 3271/3271/3271 3301/3301/3301
f 3271/3271/3271 3302/3302/3302 3301/3301/3301
f 3271/3271/3271 3272/3272/3272 3302/3302/3302
f 3272/3272/3272 3303/3303/3303 3302/3302/3302
f 3272/3272/3272 3273/3273/3273 3303/3303/3303
f 3273/3273/3273 3304/3304/3304 3303/3303/3303
f 3273/3273/3273 3274/3274/3274 3304/3304/3304
f 3274/3274/3274 3305/3305/3305 3304/3304/3304
f 3274/3274/3274 3275/3275/3275 3305/3305/3305
f 3275/3275/3275 3306/3306/3306 3305/3305/3305
f 3275/3275/3275 3276/3276/3276 3306/3306/3306
f 3276/3276/3276 3307/3307/3307 3306/3306/3306
f 3276/3276/3276 3277/3277/3277 3307/3307/3307
f 3277/3277/3277 3308/3308/3308 3307/3307/3307
f 3277/3277/3277 3278/3278/3278 3308/3308/3308
f 3278/3278/3278 3309/3309/3309 3308/3308/3308
f 3278/3278/3278 3279/3279/3279 3309/3309/3309
f 3279/3279/3279 3310/3310/3310 3309/3309/3309
f 3279/3279/3279 3280/3280/3280 3310/3310/3310
f 3280/3280/3280 3311/3311/3311 3310/3310/3310
f 3280/3280/3280 3281/3281/3281 3311/3311/3311
f 3281/3281/3281 3312/3312/3312 3311/3311/3311
f 3281/3281/3281 3282/3282/3282 3312/3312/3312
f 3282/3282/3282 3313/3313/3313 3312/3312/3312
f 3282/3282/3282 3283/3283/3283 3313/3313/3313
f 3283/3283/3283 3314/3314/3314 3313/3313/3313
f 3283/3283/3283 3284/3284/3284 3314/3314/3314
f 3284/3284/3284 3315/3315/3315 3314/3314/3314
f 3284/3284/3284 3285/3285/3285 3315/3315/3315
f 3285/3285/3285 3316/3316/3316 3315/3315/3315
f 3285/3285/3285 3286/3286/3286 3316/3316/3316
f 3286/3286/3286 3317/3317/3317 3316/3316/3316
f 3286/3286/3286 3287/3287/3287 3317/3317/3317
f 3287/3287/3287 3318/3318/3318 3317/3317/3317
f 3287/3287/3287 3288/3288/3288 3318/3318/3318
f 3288/3288/3288 3319/3319/3319 3318/3318/3318
f 3288/3288/3288 3289/3289/3289 3319/3319/3319
f 3289/3289/3289 3320/3320/3320 3319/3319/3319
f 3289/3289/3289 3290/3290/3290 3320/3320/3320
f 3290/3290/3290 3321/3321/3321 3320/3320/3320
f 3290/3290/3290 3291/3291/3291 3321/3321/3321
f 3291/3291/3291 3322/3322/3322 3321/3321/3321
f 3291/3291/3291 3292/3292/3292 3322/3322/3322
f 3292/3292/3292 3323/3323/3323 3322/3322/3322
f 3292/3292/3292 3293/3293/3293 3323/3323/3323
f 3293/3293/3293 3324/3324/3324 3323/3323/3323
f 3293/3293/3293 3294/3294/3294 3324/3324/3324
f 3294/3294/3294 3325/3325/3325 3324/3324/3324
f 3294/3294/3294 3295/3295/3295 3325/3325/3325
f 3295/3295/3295 3326/3326/3326 3325/3325/3325
f 3295/3295/3295 3296/3296/3296 3326/3326/3326
f 3296/3296/3296 3327/3327/3327 3326/3326/3326
f 3296/3296/3296 3297/3297/3297 3327/3327/3327
f 3297/3297/3297 3328/3328/3328 3327/3327/3327
f 3297/3297/3297 3298/3298/3298 3328/3328/3328
f 3298/3298/3298 3329/3329/3329 3328/3328/3328
f 3298/3298/3298 3299/3299/3299 3329/3329/3329
f 3299/3299/3299 3330/3330/3330 3329/3329/3329
f 3331/3331/3331 3332/3332/3332 3374/3374/3374
f 3332/3332/3332 3375/3375/3375 3374/3374/3374
f 3332/3332/3332 3333/3333/3333 3375/3375/3375
f 3333/3333/3333 3376/3376/3376 3375/3375/3375
f 3333/3333/3333 3334/3334/3334 3376/3376/3376
f 3334/3334/3334 3377/3377/3377 3376/3376/3376
f 3334/3334/3334 3335/3335/3335 3377/3377/3377
f 3335/3335/3335 3378/3378/3378 3377/3377/3377
f 3335/3335/3335 3336/3336/3336 3378/3378/3378
f 3336/3336/3336 3379/3379/3379 3378/3378/3378
f 3336/3336/3336 3337/3337/3337 3379/3379/3379
f 3337/3337/3337 3380/3380/3380 3379/3379/3379
f 3337/3337/3337 3338/3338/3338 3380/3380/3380
f 3338/3338/3338 3381/3381/3381 3380/3380/3380
f 3338/3338/3338 3339/3339/3339 3381/3381/3381
f 3339/3339/3339 3382/3382/3382 3381/3381/3381
f 3339/3339/3339 3340/3340/3340 3382/3382/3382
f 3340/3340/3340 3383/3383/3383 3382/3382/3382
f 3340/3340/3340 3341/3341/3341 3383/3383/3383
f 3341/3341/3341 3384/3384/3384 3383/3383/3383
f 3341/3341/3341 3342/3342/3342 3384/3384/3384
f 3342/3342/3342 3385/3385/3385 3384/3384/3384
f 3342/3342/3342 3343/3343/3343 3385/3385/3385
f 3343/3343/3343 3386/3386/3386 3385/3385/3385
f 3343/3343/3343 3344/3344/3344 3386/3386/3386
f 3344/3344/3344 3387/3387/3387 3386/3386/3386
f 3344/3344/3344 3345/3345/3345 3387/3387/3387
f 3345/3345/3345 3388/3388/3388 3387/3387/3387
f 3345/3345/3345 3346/3346/3346 3388/3388/3388
f 3346/3346/3346 3389/3389/3389 3388/3388/3388
f 3346/3346/3346 3347/3347/3347 3389/3389/3389
f 3347/3347/3347 3390/3390/3390 3389/3389/3389
f 3347/3347/3347 3348/3348/3348 3390/3390/3390
f 3348/3348/3348 3391/3391/3391 3390/3390/3390
f 3348/3348/3348 3349/3349/3349 3391/3391/3391
f 3349/3349/3349 3392/3392/3392 3391/3391/3391
f 3349/3349/3349 3350/3350/3350 3392/3392/3392
f 3350/3350/3350 3393/3393/3393 3392/3392/3392
f 3350/3350/3350 3351/3351/3351 3393/3393/3393
f 3351/3351/3351 3394/3394/3394 3393/3393/3393
f 3351/3351/3351 3352/3352/3352 3394/3394/3394
f 3352/3352/3352 3395/3395/3395 3394/3394/3394
f 3352/3352/3352 3353/3353/3353 3395/3395/3395
f 3353/3353/3353 3396/3396/3396 3395/3395/3395
f 3353/3353/3353 3354/3354/3354 3396/3396/3396
f 3354/3354/3354 3397/3397/3397 3396/3396/3396
f 3354/3354/3354 3355/3355/3355 3397/3397/3397
f 3355/3355/3355 3398/3398/3398 3397/3397/3397
f 3355/3355/3355 3356/3356/3356 3398/3398/3398
f 3356/3356/3356 3399/3399/3399 3398/3398/3398
f 3356/3356/3356 3357/3357/3357 3399/3399/3399
f 3357/3357/3357 3400/3400/3400 3399/3399/3399
f 3357/3357/3357 3358/3358/3358 3400/3400/3400
f 3358/3358/3358 3401/3401/3401 3400/3400/3400
f 3358/3358/3358 3359/3359/3359 3401/3401/3401
f 3359/3359/3359 3402/3402/3402 3401/3401/3401
f 3359/3359/3359 3360/3360/3360 3402/3402/3402
f 3360/3360/3360 3403/3403/3403 3402/3402/3402
f 3360/3360/3360 3361/3361/3361 3403/3403/3403
f 3361/3361/3361 3404/3404/3404 3403/3403/3403
f 3361/3361/3361 3362/3362/3362 3404/3404/3404
f 3362/3362/3362 3405/3405/3405 3404/3404/3404
f 3362/3362/3362 3363/3363/3363 3405/3405/3405
f 3363/3363/3363 3406/3406/3406 3405/3405/3405
f 3363/3363/3363 3364/3364/3364 3406/3406/3406
f 3364/3364/3364 3407/3407/3407 3406/3406/3406
f 3364/3364/3364 3365/3365/3365 3407/3407/3407
f 3365/3365/3365 3408/3408/3408 3407/3407/3407
f 3365/3365/3365 3366/3366/3366 3408/3408/3408
f 3366/3366/3366 3409/3409/3409 3408/3408/3408
f 3366/3366/3366 3367/3367/3367 3409/3409/3409
f 3367/3367/3367 3410/3410/3410 3409/3409/3409
f 3367/3367/3367 3368/3368/3368 3410/3410/3410
f 3368/3368/3368 3411/3411/3411 3410/3410/3410
f 3368/3368/3368 3369/3369/3369 3411/3411/3411
f 3369/3369/3369 3412/3412/3412 3411/3411/3411
f 3369/3369/3369 3370/3370/3370 3412/3412/3412
f 3370/3370/3370 3413/3413/3413 3412/3412/3412
f 3370/3370/3370 3371/3371/3371 3413/3413/3413
f 3371/3371/3371 3414/3414/3414 3413/3413/3413
f 3371/3371/3371 3372/3372/3372 3414/3414/3414
f 3372/3372/3372 3415/3415/3415 3414/3414/3414
f 3372/3372/3372 3373/3373/3373 3415/3415/3415
f 3373/3373/3373 3416/3416/3416 3415/3415/3415
f 3374/3374/3374 3375/3375/3375 3417/3417/3417
f 3375/3375/3375 3418/3418/3418 3417/3417/3417
f 3375/3375/3375 3376/3376/3376 3418/3418/3418
f 3376/3376/3376 3419/3419/3419 3418/3418/3418
f 3376/3376/3376 3377/3377/3377 3419/3419/3419
f 3377/3377/3377 3420/3420/3420 3419/3419/3419
f 3377/3377/3377 3378/3378/3378 3420/3420/3420
f 3378/3378/3378 3421/3421/3421 3420/3420/3420
f 3378/3378/3378 3379/3379/3379 3421/3421/3421
f 3379/3379/3379 3422/3422/3422 3421/3421/3421
f 3379/3379/3379 3380/3380/3380 3422/3422/3422
f 3380/3380/3380 3423/3423/3423 3422/3422/3422
f 3380/3380/3380 3381/3381/3381 3423/3423/3423
f 3381/3381/3381 3424/3424/3424 3423/3423/3423
f 3381/3381/3381 3382/3382/3382 3424/3424/3424
f 3382/3382/3382 3425/3425/3425 3424/3424/3424
f 3382/3382/3382 3383/3383/3383 3425/3425/3425
f 3383/3383/3383 3426/3426/3426 3425/3425/3425
f 3383/3383/3383 3384/3384/3384 3426/3426/3426
f 3384/3384/3384 3427/3427/3427 3426/3426/3426
f 3384/3384/3384 3385/3385/3385 3427/3427/3427
f 3385/3385/3385 3428/3428/3428 3427/3427/3427
f 3385/3385/3385 3386/3386/3386 3428/3428/3428
f 3386/3386/3386 3429/3429/3429 3428/3428/3428
f 3386/3386/3386 3387/3387/3387 3429/3429/3429
f 3387/3387/3387 3430/3430/3430 3429/3429/3429
f 3387/3387/3387 3388/3388/3388 3430/3430/3430
f 3388/3388/3388 3431/3431/3431 3430/3430/3430
f 3388/3388/3388 3389/3389/3389 3431/3431/3431
f 3389/3389/3389 3432/3432/3432 3431/3431/3431
f 3389/3389/3389 3390/3390/3390 3432/3432/3432
f 3390/3390/3390 3433/3433/3433 3432/3432/3432
f 3390/3390/3390 3391/3391/3391 3433/3433/3433
f 3391/3391/3391 3434/3434/3434 3433/3433/3433
f 3391/3391/3391 3392/3392/3392 3434/3434/3434
f 3392/3392/3392 3435/3435/3435 3434/3434/3434
f 3392/3392/3392 3393/3393/3393 3435/3435/3435
f 3393/3393/3393 3436/3436/3436 3435/3435/3435
f 3393/3393/3393 3394/3394/3394 3436/3436/3436
f 3394/3394/3394 3437/3437/3437 3436/3436/3436
f 3394/3394/3394 3395/3395/3395 3437/3437/3437
f 3395/3395/3395 3438/3438/3438 3437/3437/3437
f 3395/3395/3395 3396/3396/3396 3438/3438/3438
f 3396/3396/3396 3439/3439/3439 3438/3438/3438
f 3396/3396/3396 3397/3397/3397 3439/3439/3439
f 3397/3397/3397 3440/3440/3440 3439/3439/3439
f 3397/3397/3397 3398/3398/3398 3440/3440/3440
f 3398/3398/3398 3441/3441/3441 3440/3440/3440
f 3398/3398/3398 3399/3399/3399 3441/3441/3441
f 3399/3399/3399 3442/3442/3442 3441/3441/3441
f 3399/3399/3399 3400/3400/3400 3442/3442/3442
f 3400/3400/3400 3443/3443/3443 3442/3442/3442
f 3400/3400/3400 3401/3401/3401 3443/3443/3443
f 3401/3401/3401 3444/3444/3444 3443/3443/3443
f 3401/3401/3401 3402/3402/3402 3444/3444/3444
f 3402/3402/3402 3445/3445/3445 3444/3444/3444
f 3402/3402/3402 3403/3403/3403 3445/3445/3445
f 3403/3403/3403 3446/3446/3446 3445/3445/3445
f 3403/3403/3403 3404/3404/3404 3446/3446/3446
f 3404/3404/3404 3447/3447/3447 3446/3446/3446
f 3404/3404/3404 3405/3405/3405 3447/3447/3447
f 3405/3405/3405 3448/3448/3448 3447/3447/3447
f 3405/3405/3405 3406/3406/3406 3448/3448/3448
f 3406/3406/3406 3449/3449/3449 3448/3448/3448
f 3406/3406/3406 3407/3407/3407 3449/3449/3449
f 3407/3407/3407 3450/3450/3450 3449/3449/3449
f 3407/3407/3407 3408/3408/3408 3450/3450/3450
f 3408/3408/3408 3451/3451/3451 3450/3450/3450
f 3408/3408/3408 3409/3409/3409 3451/3451/3451
f 3409/3409/3409 3452/3452/3452 3451/3451/3451
f 3409/3409/3409 3410/3410/3410 3452/3452/3452
f 3410/3410/3410 3453/3453/3453 3452/3452/3452
f 3410/3410/3410 3411/3411/3411 3453/3453/3453
f 3411/3411/3411 3454/3454/3454 3453/3453/3453
f 3411/3411/3411 3412/3412/3412 3454/3454/3454
f 3412/3412/3412 3455/3455/3455 3454/3454/3454
f 3412/3412/3412 3413/3413/3413 3455/3455/3455
f 3413/3413/3413 3456/3456/3456 3455/3455/3455
f 3413/3413/3413 3414/3414/3414 3456/3456/3456
f 3414/3414/3414 3457/3457/3457 3456/3456/3456
f 3414/3414/3414 3415/3415/3415 3457/3457/3457
f 3415/3415/3415 3458/3458/3458 3457/3457/3457
f 3415/3415/3415 3416/3416/3416 3458/3458/3458
f 3416/3416/3416 3459/3459/3459 3458/3458/3458
f 3417/3417/3417 3418/3418/3418 3460/3460/3460
f 3418/3418/3418 3461/3461/3461 3460/3460/3460
f 3418/3418/3418 3419/3419/3419 3461/3461/3461
f 3419/3419/3419 3462/3462/3462 3461/3461/3461
f 3419/3419/3419 3420/3420/3420 3462/3462/3462
f 3420/3420/3420 3463/3463/3463 3462/3462/3462
f 3420/3420/3420 3421/3421/3421 3463/3463/3463
f 3421/3421/3421 3464/3464/3464 3463/3463/3463
f 3421/3421/3421 3422/3422/3422 3464/3464/3464
f 3422/3422/3422 3465/3465/3465 3464/3464/3464
f 3422/3422/3422 3423/3423/3423 3465/3465/3465
f 3423/3423/3423 3466/3466/3466 3465/3465/3465
f 3423/3423/3423 3424/3424/3424 3466/3466/3466
f 3424/3424/3424 3467/3467/3467 3466/3466/3466
f 3424/3424/3424 3425/3425/3425 3467/3467/3467
f 3425/3425/3425 3468/3468/3468 3467/3467/3467
f 3425/3425/3425 3426/3426/3426 3468/3468/3468
f 3426/3426/3426 3469/3469/3469 3468/3468/3468
f 3426/3426/3426 3427/3427/3427 3469/3469/3469
f 3427/3427/3427 3470/3470/3470 3469/3469/3469
f 3427/3427/3427 3428/3428/3428 3470/3470/3470
f 3428/3428/3428 3471/3471/3471 3470/3470/3470
f 3428/3428/3428 3429/3429/3429 3471/3471/3471
f 3429/3429/3429 3472/3472/3472 3471/3471/3471
f 3429/3429/3429 3430/3430/3430 3472/3472/3472
f 3430/3430/3430 3473/3473/3473 3472/3472/3472
f 3430/3430/3430 3431/3431/3431 3473/3473/3473
f 3431/3431/3431 3474/3474/3474 3473/3473/3473
f 3431/3431/3431 3432/3432/3432 3474/3474/3474
f 3432/3432/3432 3475/3475/3475 3474/3474/3474
f 3432/3432/3432 3433/3433/3433 3475/3475/3475
f 3433/3433/3433 3476/3476/3476 3475/3475/3475
f 3433/3433/3433 3434/3434/3434 3476/3476/3476
f 3434/3434/3434 3477/3477/3477 3476/3476/3476
f 3434/3434/3434 3435/3435/3435 3477/3477/3477
f 3435/3435/3435 3478/3478/3478 3477/3477/3477
f 3435/3435/3435 3436/3436/3436 3478/3478/3478
f 3436/3436/3436 3479/3479/3479 3478/3478/3478
f 3436/3436/3436 3437/3437/3437 3479/3479/3479
f 3437/3437/3437 3480/3480/3480 3479/3479/3479
f 3437/3437/3437 3438/3438/3438 3480/3480/3480
f 3438/3438/3438 3481/3481/3481 3480/3480/3480
f 3438/3438/3438 3439/3439/3439 3481/3481/3481
f 3439/3439/3439 3482/3482/3482 3481/3481/3481
f 3439/3439/3439 3440/3440/3440 3482/3482/3482
f 3440/3440/3440 3483/3483/3483 3482/3482/3482
f 3440/3440/3440 3441/3441/3441 3483/3483/3483
f 3441/3441/3441 3484/3484/3484 3483/3483/3483
f 3441/3441/3441 3442/3442/3442 3484/3484/3484
f 3442/3442/3442 3485/3485/3485 3484/3484/3484
f 3442/3442/3442 3443/3443/3443 3485/3485/3485
f 3443/3443/3443 3486/3486/3486 3485/3485/3485
f 3443/3443/3443 3444/3444/3444 3486/3486/3486
f 3444/3444/3444 3487/3487/3487 3486/3486/3486
f 3444/3444/3444 3445/3445/3445 3487/3487/3487
f 3445/3445/3445 3488/3488/3488 3487/3487/3487
f 3445/3445/3445 3446/3446/3446 3488/3488/3488
f 3446/3446/3446 3489/3489/3489 3488/3488/3488
f 3446/3446/3446 3447/3447/3447 3489/3489/3489
f 3447/3447/3447 3490/3490/3490 3489/3489/3489
f 3447/3447/3447 3448/3448/3448 3490/3490/3490
f 3448/3448/3448 3491/3491/3491 3490/3490/3490
f 3448/3448/3448 3449/3449/3449 3491/3491/3491
f 3449/3449/3449 3492/3492/3492 3491/3491/3491
f 3449/3449/3449 3450/3450/3450 3492/3492/3492
f 3450/3450/3450 3493/3493/3493 3492/3492/3492
f 3450/3450/3450 3451/3451/3451 3493/3493/3493
f 3451/3451/3451 3494/3494/3494 3493/3493/3493
f 3451/3451/3451 3452/3452/3452 3494/3494/3494
f 3452/3452/3452 3495/3495/3495 3494/3494/3494
f 3452/3452/3452 3453/3453/3453 3495/3495/3495
f 3453/3453/3453 3496/3496/3496 3495/3495/3495
f 3453/3453/3453 3454/3454/3454 3496/3496/3496
f 3454/3454/3454 3497/3497/3497 3496/3496/3496
f 3454/3454/3454 3455/3455/3455 3497/3497/3497
f 3455/3455/3455 3498/3498/3498 3497/3497/3497
f 3455/3455/3455 3456/3456/3456 3498/3498/3498
f 3456/3456/3456 3499/3499/3499 3498/3498/3498
f 3456/3456/3456 3457/3457/3457 3499/3499/3499
f 3457/3457/3457 3500/3500/3500 3499/3499/3499
f 3457/3457/3457 3458/3458/3458 3500/3500/3500
f 3458/3458/3458 3501/3501/3501 3500/3500/3500
f 3458/3458/3458 3459/3459/3459 3501/3501/3501
f 3459/3459/3459 3502/3502/3502 3501/3501/3501
f 3460/3460/3460 3461/3461/3461 3503/3503/3503
f 3461/3461/3461 3504/3504/3504 3503/3503/3503
f 3461/3461/3461 3462/3462/3462 3504/3504/3504
f 3462/3462/3462 3505/3505/3505 3504/3504/3504
f 3462/3462/3462 3463/3463/3463 3505/3505/3505
f 3463/3463/3463 3506/3506/3506 3505/3505/3505
f 3463/3463/3463 3464/3464/3464 3506/3506/3506
f 3464/3464/3464 3507/3507/3507 3506/3506/3506
f 3464/3464/3464 3465/3465/3465 3507/3507/3507
f 3465/3465/3465 3508/3508/3508 3507/3507/3507
f 3465/3465/3465 3466/3466/3466 3508/3508/3508
f 3466/3466/3466 3509/3509/3509 3508/3508/3508
f 3466/3466/3466 3467/3467/3467 3509/3509/3509
f 3467/3467/3467 3510/3510/3510 3509/3509/3509
f 3467/3467/3467 3468/3468/3468 3510/3510/3510
f 3468/3468/3468 3511/3511/3511 3510/3510/3510
f 3468/3468/3468 3469/3469/3469 3511/3511/3511
f 3469/3469/3469 3512/3512/3512 3511/3511/3511
f 3469/3469/3469 3470/3470/3470 3512/3512/3512
f 3470/3470/3470 3513/3513/3513 3512/3512/3512
f 3470/3470/3470 3471/3471/3471 3513/3513/3513
f 3471/3471/3471 3514/3514/3514 3513/3513/3513
f 3471/3471/3471 3472/3472/3472 3514/3514/3514
f 3472/3472/3472 3515/3515/3515 3514/3514/3514
f 3472/3472/3472 3473/3473/3473 3515/3515/3515
f 3473/3473/3473 3516/3516/3516 3515/3515/3515
f 3473/3473/3473 3474/3474/3474 3516/3516/3516
f 3474/3474/3474 3517/3517/3517 3516/3516/3516
f 3474/3474/3474 3475/3475/3475 3517/3517/3517
f 3475/3475/3475 3518/3518/3518 3517/3517/3517
f 3475/3475/3475 3476/3476/3476 3518/3518/3518
f 3476/3476/3476 3519/3519/3519 3518/3518/3518
f 3476/3476/3476 3477/3477/3477 3519/3519/3519
f 3477/3477/3477 3520/3520/3520 3519/3519/3519
f 3477/3477/3477 3478/3478/3478 3520/3520/3520
f 3478/3478/3478 3521/3521/3521 3520/3520/3520
f 3478/3478/3478 3479/3479/3479 3521/3521/3521
f 3479/3479/3479 3522/3522/3522 3521/3521/3521
f 3479/3479/3479 3480/3480/3480 3522/3522/3522
f 3480/3480/3480 3523/3523/3523 3522/3522/3522
f 3480/3480/3480 3481/3481/3481 3523/3523/3523
f 3481/3481/3481 3524/3524/3524 3523/3523/3523
f 3481/3481/3481 3482/3482/3482 3524/3524/3524
f 3482/3482/3482 3525/3525/3525 3524/3524/3524
f 3482/3482/3482 3483/3483/3483 3525/3525/3525
f 3483/3483/3483 3526/3526/3526 3525/3525/3525
f 3483/3483/3483 3484/3484/3484 3526/3526/3526
f 3484/3484/3484 3527/3527/3527 3526/3526/3526
f 3484/3484/3484 3485/3485/3485 3527/3527/3527
f 3485/3485/3485 3528/3528/3528 3527/3527/3527
f 3485/3485/3485 3486/3486/3486 3528/3528/3528
f 3486/3486/3486 3529/3529/3529 3528/3528/3528
f 3486/3486/3486 3487/3487/3487 3529/3529/3529
f 3487/3487/3487 3530/3530/3530 3529/3529/3529
f 3487/3487/3487 3488/3488/3488 3530/3530/3530
f 3488/3488/3488 3531/3531/3531 3530/3530/3530
f 3488/3488/3488 3489/3489/3489 3531/3531/3531
f 3489/3489/3489 3532/3532/3532 3531/3531/3531
f 3489/3489/3489 3490/3490/3490 3532/3532/3532
f 3490/3490/3490 3533/3533/3533 3532/3532/3532
f 3490/3490/3490 3491/3491/3491 3533/3533/3533
f 3491/3491/3491 3534/3534/3534 3533/3533/3533
f 3491/3491/3491 3492/3492/3492 3534/3534/3534
f 3492/3492/3492 3535/3535/3535 3534/3534/3534
f 3492/3492/3492 3493/3493/3493 3535/3535/3535
f 3493/3493/3493 3536/3536/3536 3535/3535/3535
f 3493/3493/3493 3494/3494/3494 3536/3536/3536
f 3494/3494/3494 3537/3537/3537 3536/3536/3536
f 3494/3494/3494 3495/3495/3495 3537/3537/3537
f 3495/3495/3495 3538/3538/3538 3537/3537/3537
f 3495/3495/3495 3496/3496/3496 3538/3538/3538
f 3496/3496/3496 3539/3539/3539 3538/3538/3538
f 3496/3496/3496 3497/3497/3497 3539/3539/3539
f 3497/3497/3497 3540/3540/3540 3539/3539/3539
f 3497/3497/3497 3498/3498/3498 3540/3540/3540
f 3498/3498/3498 3541/3541/3541 3540/3540/3540
f 3498/3498/3498 3499/3499/3499 3541/3541/3541
f 3499/3499/3499 3542/3542/3542 3541/3541/3541
f 3499/3499/3499 3500/3500/3500 3542/3542/3542
f 3500/3500/3500 3543/3543/3543 3542/3542/3542
f 3500/3500/3500 3501/3501/3501 3543/3543/3543
f 3501/3501/3501 3544/3544/3544 3543/3543/3543
f 3501/3501/3501 3502/3502/3502 3544/3544/3544
f 3502/3502/3502 3545/3545/3545 3544/3544/3544
f 3503/3503/3503 3504/3504/3504 3546/3546/3546
f 3504/3504/3504 3547/3547/3547 3546/3546/3546
f 3504/3504/3504 3505/3505/3505 3547/3547/3547
f 3505/3505/3505 3548/3548/3548 3547/3547/3547
f 3505/3505/3505 3506/3506/3506 3548/3548/3548
f 3506/3506/3506 3549/3549/3549 3548/3548/3548
f 3506/3506/3506 3507/3507/3507 3549/3549/3549
f 3507/3507/3507 3550/3550/3550 3549/3549/3549
f 3507/3507/3507 3508/3508/3508 3550/3550/3550
f 3508/3508/3508 3551/3551/3551 3550/3550/3550
f 3508/3508/3508 3509/3509/3509 3551/3551/3551
f 3509/3509/3509 3552/3552/3552 3551/3551/3551
f 3509/3509/3509 3510/3510/3510 3552/3552/3552
f 3510/3510/3510 3553/3553/3553 3552/3552/3552
f 3510/3510/3510 3511/3511/3511 3553/3553/3553
f 3511/3511/3511 3554/3554/3554 3553/3553/3553
f 3511/3511/3511 3512/3512/3512 3554/3554/3554
f 3512/3512/3512 3555/3555/3555 3554/3554/3554
f 3512/3512/3512 3513/3513/3513 3555/3555/3555
f 3513/3513/3513 3556/3556/3556 3555/3555/3555
f 3513/3513/3513 3514/3514/3514 3556/3556/3556
f 3514/3514/3514 3557/3557/3557 3556/3556/3556
f 3514/3514/3514 3515/3515/3515 3557/3557/3557
f 3515/3515/3515 3558/3558/3558 3557/3557/3557
f 3515/3515/3515 3516/3516/3516 3558/3558/3558
f 3516/3516/3516 3559/3559/3559 3558/3558/3558
f 3516/3516/3516 3517/3517/3517 3559/3559/3559
f 3517/3517/3517 3560/3560/3560 3559/3559/3559
f 3517/3517/3517 3518/3518/3518 3560/3560/3560
f 3518/3518/3518 3561/3561/3561 3560/3560/3560
f 3518/3518/3518 3519/3519/3519 3561/3561/3561
f 3519/3519/3519 3562/3562/3562 3561/3561/3561
f 3519/3519/3519 3520/3520/3520 3562/3562/3562
f 3520/3520/3520 3563/3563/3563 3562/3562/3562
f 3520/3520/3520 3521/3521/3521 3563/3563/3563
f 3521/3521/3521 3564/3564/3564 3563/3563/3563
f 3521/3521/3521 3522/3522/3522 3564/3564/3564
f 3522/3522/3522 3565/3565/3565 3564/3564/3564
f 3522/3522/3522 3523/3523/3523 3565/3565/3565
f 3523/3523/3523 3566/3566/3566 3565/3565/3565
f 3523/3523/3523 3524/3524/3524 3566/3566/3566
f 3524/3524/3524 3567/3567/3567 3566/3566/3566
f 3524/3524/3524 3525/3525/3525 3567/3567/3567
f 3525/3525/3525 3568/3568/3568 3567/3567/3567
f 3525/3525/3525 3526/3526/3526 3568/3568/3568
f 3526/3526/3526 3569/3569/3569 3568/3568/3568
f 3526/3526/3526 3527/3527/3527 3569/3569/3569
f 3527/3527/3527 3570/3570/3570 3569/3569/3569
f 3527/3527/3527 3528/3528/3528 3570/3570/3570
f 3528/3528/3528 3571/3571/3571 3570/3570/3570
f 3528/3528/3528 3529/3529/3529 3571/3571/3571
f 3529/3529/3529 3572/3572/3572 3571/3571/3571
f 3529/3529/3529 3530/3530/3530 3572/3572/3572
f 3530/3530/3530 3573/3573/3573 3572/3572/3572
f 3530/3530/3530 3531/3531/3531 3573/3573/3573
f 3531/3531/3531 3574/3574/3574 3573/3573/3573
f 3531/3531/3531 3532/3532/3532 3574/3574/3574
f 3532/3532/3532 3575/3575/3575 3574/3574/3574
f 3532/3532/3532 3533/3533/3533 3575/3575/3575
f 3533/3533/3533 3576/3576/3576 3575/3575/3575
f 3533/3533/3533 3534/3534/3534 3576/3576/3576
f 3534/3534/3534 3577/3577/3577 3576/3576/3576
f 3534/3534/3534 3535/3535/3535 3577/3577/3577
f 3535/3535/3535 3578/3578/3578 3577/3577/3577
f 3535/3535/3535 3536/3536/3536 3578/3578/3578
f 3536/3536/3536 3579/3579/3579 3578/3578/3578
f 3536/3536/3536 3537/3537/3537 3579/3579/3579
f 3537/3537/3537 3580/3580/3580 3579/3579/3579
f 3537/3537/3537 3538/3538/3538 3580/3580/3580
f 3538/3538/3538 3581/3581/3581 3580/3580/3580
f 3538/3538/3538 3539/3539/3539 3581/3581/3581
f 3539/3539/3539 3582/3582/3582 3581/3581/3581
f 3539/3539/3539 3540/3540/3540 3582/3582/3582
f 3540/3540/3540 3583/3583/3583 3582/3582/3582
f 3540/3540/3540 3541/3541/3541 3583/3583/3583
f 3541/3541/3541 3584/3584/3584 3583/3583/3583
f 3541/3541/3541 3542/3542/3542 3584/3584/3584
f 3542/3542/3542 3585/3585/3585 3584/3584/3584
f 3542/3542/3542 3543/3543/3543 3585/3585/3585
f 3543/3543/3543 3586/3586/3586 3585/3585/3585
f 3543/3543/3543 3544/3544/3544 3586/3586/3586
f 3544/3544/3544 3587/3587/3587 3586/3586/3586
f 3544/3544/3544 3545/3545/3545 3587/3587/3587
f 3545/3545/3545 3588/3588/3588 3587/3587/3587
f 3546/3546/3546 3547/3547/3547 3589/3589/3589
f 3547/3547/3547 3590/3590/3590 3589/3589/3589
f 3547/3547/3547 3548/3548/3548 3590/3590/3590
f 3548/3548/3548 3591/3591/3591 3590/3590/3590
f 3548/3548/3548 3549/3549/3549 3591/3591/3591
f 3549/3549/3549 3592/3592/3592 3591/3591/3591
f 3549/3549/3549 3550/3550/3550 3592/3592/3592
f 3550/3550/3550 3593/3593/3593 3592/3592/3592
f 3550/3550/3550 3551/3551/3551 3593/3593/3593
f 3551/3551/3551 3594/3594/3594 3593/3593/3593
f 3551/3551/3551 3552/3552/3552 3594/3594/3594
f 3552/3552/3552 3595/3595/3595 3594/3594/3594
f 3552/3552/3552 3553/3553/3553 3595/3595/3595
f 3553/3553/3553 3596/3596/3596 3595/3595/3595
f 3553/3553/3553 3554/3554/3554 3596/3596/3596
f 3554/3554/3554 3597/3597/3597 3596/3596/3596
f 3554/3554/3554 3555/3555/3555 3597/3597/3597
f 3555/3555/3555 3598/3598/3598 3597/3597/3597
f 3555/3555/3555 3556/3556/3556 3598/3598/3598
f 3556/3556/3556 3599/3599/3599 3598/3598/3598
f 3556/3556/3556 3557/3557/3557 3599/3599/3599
f 3557/3557/3557 3600/3600/3600 3599/3599/3599
f 3557/3557/3557 3558/3558/3558 3600/3600/3600
f 3558/3558/3558 3601/3601/3601 3600/3600/3600
f 3558/3558/3558 3559/3559/3559 3601/3601/3601
f 3559/3559/3559 3602/3602/3602 3601/3601/3601
f 3559/3559/3559 3560/3560/3560 3602/3602/3602
f 3560/3560/3560 3603/3603/3603 3602/3602/3602
f 3560/3560/3560 3561/3561/3561 3603/3603/3603
f 3561/3561/3561 3604/3604/3604 3603/3603/3603
f 3561/3561/3561 3562/3562/3562 3604/3604/3604
f 3562/3562/3562 3605/3605/3605 3604/3604/3604
f 3562/3562/3562 3563/3563/3563 3605/3605/3605
f 3563/3563/3563 3606/3606/3606 3605/3605/3605
f 3563/3563/3563 3564/3564/3564 3606/3606/3606
f 3564/3564/3564 3607/3607/3607 3606/3606/3606
f 3564/3564/3564 3565/3565/3565 3607/3607/3607
f 3565/3565/3565 3608/3608/3608 3607/3607/3607
f 3565/3565/3565 3566/3566/3566 3608/3608/3608
f 3566/3566/3566 3609/3609/3609 3608/3608/3608
f 3566/3566/3566 3567/3567/3567 3609/3609/3609
f 3567/3567/3567 3610/3610/3610 3609/3609/3609
f 3567/3567/3567 3568/3568/3568 3610/3610/3610
f 3568/3568/3568 3611/3611/3611 3610/3610/3610
f 3568/3568/3568 3569/3569/3569 3611/3611/3611
f 3569/3569/3569 3612/3612/3612 3611/3611/3611
f 3569/3569/3569 3570/3570/3570 3612/3612/3612
f 3570/3570/3570 3613/3613/3613 3612/3612/3612
f 3570/3570/3570 3571/3571/3571 3613/3613/3613
f 3571/3571/3571 3614/3614/3614 3613/3613/3613
f 3571/3571/3571 3572/3572/3572 3614/3614/3614
f 3572/3572/3572 3615/3615/3615 3614/3614/3614
f 3572/3572/3572 3573/3573/3573 3615/3615/3615
f 3573/3573/3573 3616/3616/3616 3615/3615/3615
f 3573/3573/3573 3574/3574/3574 3616/3616/3616
f 3574/3574/3574 3617/3617/3617 3616/3616/3616
f 3574/3574/3574 3575/3575/3575 3617/3617/3617
f 3575/3575/3575 3618/3618/3618 3617/3617/3617
f 3575/3575/3575 3576/3576/3576 3618/3618/3618
f 3576/3576/3576 3619/3619/3619 3618/3618/3618
f 3576/3576/3576 3577/3577/3577 3619/3619/3619
f 3577/3577/3577 3620/3620/3620 3619/3619/3619
f 3577/3577/3577 3578/3578/3578 3620/3620/3620
f 3578/3578/3578 3621/3621/3621 3620/3620/3620
f 3578/3578/3578 3579/3579/3579 3621/3621/3621
f 3579/3579/3579 3622/3622/3622 3621/3621/3621
f 3579/3579/3579 3580/3580/3580 3622/3622/3622
f 3580/3580/3580 3623/3623/3623 3622/3622/3622
f 3580/3580/3580 3581/3581/3581 3623/3623/3623
f 3581/3581/3581 3624/3624/3624 3623/3623/3623
f 3581/3581/3581 3582/3582/3582 3624/3624/3624
f 3582/3582/3582 3625/3625/3625 3624/3624/3624
f 3582/3582/3582 3583/3583/3583 3625/3625/3625
f 3583/3583/3583 3626/3626/3626 3625/3625/3625
f 3583/3583/3583 3584/3584/3584 3626/3626/3626
f 3584/3584/3584 3627/3627/3627 3626/3626/3626
f 3584/3584/3584 3585/3585/3585 3627/3627/3627
f 3585/3585/3585 3628/3628/3628 3627/3627/3627
f 3585/3585/3585 3586/3586/3586 3628/3628/3628
f 3586/3586/3586 3629/3629/3629 3628/3628/3628
f 3586/3586/3586 3587/3587/3587 3629/3629/3629
f 3587/3587/3587 3630/3630/3630 3629/3629/3629
f 3587/3587/3587 3588/3588/3588 3630/3630/3630
f 3588/3588/3588 3631/3631/3631 3630/3630/3630
f 3589/3589/3589 3590/3590/3590 3632/3632/3632
f 3590/3590/3590 3633/3633/3633 3632/3632/3632
f 3590/3590/3590 3591/3591/3591 3633/3633/3633
f 3591/3591/3591 3634/3634/3634 3633/3633/3633
f 3591/3591/3591 3592/3592/3592 3634/3634/3634
f 3592/3592/3592 3635/3635/3635 3634/3634/3634
f 3592/3592/3592 3593/3593/3593 3635/3635/3635
f 3593/3593/3593 3636/3636/3636 3635/3635/3635
f 3593/3593/3593 3594/3594/3594 3636/3636/3636
f 3594/3594/3594 3637/3637/3637 3636/3636/3636
f 3594/3594/3594 3595/3595/3595 3637/3637/3637
f 3595/3595/3595 3638/3638/3638 3637/3637/3637
f 3595/3595/3595 3596/3596/3596 3638/3638/3638
f 3596/3596/3596 3639/3639/3639 3638/3638/3638
f 3596/3596/3596 3597/3597/3597 3639/3639/3639
f 3597/3597/3597 3640/3640/3640 3639/3639/3639
f 3597/3597/3597 3598/3598/3598 3640/3640/3640
f 3598/3598/3598 3641/3641/3641 3640/3640/3640
f 3598/3598/3598 3599/3599/3599 3641/3641/3641
f 3599/3599/3599 3642/3642/3642 3641/3641/3641
f 3599/3599/3599 3600/3600/3600 3642/3642/3642
f 3600/3600/3600 3643/3643/3643 3642/3642/3642
f 3600/3600/3600 3601/3601/3601 3643/3643/3643
f 3601/3601/3601 3644/3644/3644 3643/3643/3643
f 3601/3601/3601 3602/3602/3602 3644/3644/3644
f 3602/3602/3602 3645/3645/3645 3644/3644/3644
f 3602/3602/3602 3603/3603/3603 3645/3645/3645
f 3603/3603/3603 3646/3646/3646 3645/3645/3645
f 3603/3603/3603 3604/3604/3604 3646/3646/3646
f 3604/3604/3604 3647/3647/3647 3646/3646/3646
f 3604/3604/3604 3605/3605/3605 3647/3647/3647
f 3605/3605/3605 3648/3648/3648 3647/3647/3647
f 3605/3605/3605 3606/3606/3606 3648/3648/3648
f 3606/3606/3606 3649/3649/3649 3648/3648/3648
f 3606/3606/3606 3607/3607/3607 3649/3649/3649
f 3607/3607/3607 3650/3650/3650 3649/3649/3649
f 3607/3607/3607 3608/3608/3608 3650/3650/3650
f 3608/3608/3608 3651/3651/3651 3650/3650/3650
f 3608/3608/3608 3609/3609/3609 3651/3651/3651
f 3609/3609/3609 3652/3652/3652 3651/3651/3651
f 3609/3609/3609 3610/3610/3610 3652/3652/3652
f 3610/3610/3610 3653/3653/3653 3652/3652/3652
f 3610/3610/3610 3611/3611/3611 3653/3653/3653
f 3611/3611/3611 3654/3654/3654 3653/3653/3653
f 3611/3611/3611 3612/3612/3612 3654/3654/3654
f 3612/3612/3612 3655/3655/3655 3654/3654/3654
f 3612/3612/3612 3613/3613/3613 3655/3655/3655
f 3613/3613/3613 3656/3656/3656 3655/3655/3655
f 3613/3613/3613 3614/3614/3614 3656/3656/3656
f 3614/3614/3614 3657/3657/3657 3656/3656/3656
f 3614/3614/3614 3615/3615/3615 3657/3657/3657
f 3615/3615/3615 3658/3658/3658 3657/3657/3657
f 3615/3615/3615 3616/3616/3616 3658/3658/3658
f 3616/3616/3616 3659/3659/3659 3658/3658/3658
f 3616/3616/3616 3617/3617/3617 3659/3659/3659
f 3617/3617/3617 3660/3660/3660 3659/3659/3659
f 3617/3617/3617 3618/3618/3618 3660/3660/3660
f 3618/3618/3618 3661/3661/3661 3660/3660/3660
f 3618/3618/3618 3619/3619/3619 3661/3661/3661
f 3619/3619/3619 3662/3662/3662 3661/3661/3661
f 3619/3619/3619 3620/3620/3620 3662/3662/3662
f 3620/3620/3620 3663/3663/3663 3662/3662/3662
f 3620/3620/3620 3621/3621/3621 3663/3663/3663
f 3621/3621/3621 3664/3664/3664 3663/3663/3663
f 3621/3621/3621 3622/3622/3622 3664/3664/3664
f 3622/3622/3622 3665/3665/3665 3664/3664/3664
f 3622/3622/3622 3623/3623/3623 3665/3665/3665
f 3623/3623/3623 3666/3666/3666 3665/3665/3665
f 3623/3623/3623 3624/3624/3624 3666/3666/3666
f 3624/3624/3624 3667/3667/3667 3666/3666/3666
f 3624/3624/3624 3625/3625/3625 3667/3667/3667
f 3625/3625/3625 3668/3668/3668 3667/3667/3667
f 3625/3625/3625 3626/3626/3626 3668/3668/3668
f 3626/3626/3626 3669/3669/3669 3668/3668/3668
f 3626/3626/3626 3627/3627/3627 3669/3669/3669
f 3627/3627/3627 3670/3670/3670 3669/3669/3669
f 3627/3627/3627 3628/3628/3628 3670/3670/3670
f 3628/3628/3628 3671/3671/3671 3670/3670/3670
f 3628/3628/3628 3629/3629/3629 3671/3671/3671
f 3629/3629/3629 3672/3672/3672 3671/3671/3671
f 3629/3629/3629 3630/3630/3630 3672/3672/3672
f 3630/3630/3630 3673/3673/3673 3672/3672/3672
f 3630/3630/3630 3631/3631/3631 3673/3673/3673
f 3631/3631/3631 3674/3674/3674 3673/3673/3673
f 3632/3632/3632 3633/3633/3633 3675/3675/3675
f 3633/3633/3633 3676/3676/3676 3675/3675/3675
f 3633/3633/3633 3634/3634/3634 3676/3676/3676
f 3634/3634/3634 3677/3677/3677 3676/3676/3676
f 3634/3634/3634 3635/3635/3635 3677/3677/3677
f 3635/3635/3635 3678/3678/3678 3677/3677/3677
f 3635/3635/3635 3636/3636/3636 3678/3678/3678
f 3636/3636/3636 3679/3679/3679 3678/3678/3678
f 3636/3636/3636 3637/3637/3637 3679/3679/3679
f 3637/3637/3637 3680/3680/3680 3679/3679/3679
f 3637/3637/3637 3638/3638/3638 3680/3680/3680
f 3638/3638/3638 3681/3681/3681 3680/3680/3680
f 3638/3638/3638 3639/3639/3639 3681/3681/3681
f 3639/3639/3639 3682/3682/3682 3681/3681/3681
f 3639/3639/3639 3640/3640/3640 3682/3682/3682
f 3640/3640/3640 3683/3683/3683 3682/3682/3682
f 3640/3640/3640 3641/3641/3641 3683/3683/3683
f 3641/3641/3641 3684/3684/3684 3683/3683/3683
f 3641/3641/3641 3642/3642/3642 3684/3684/3684
f 3642/3642/3642 3685/3685/3685 3684/3684/3684
f 3642/3642/3642 3643/3643/3643 3685/3685/3685
f 3643/3643/3643 3686/3686/3686 3685/3685/3685
f 3643/3643/3643 3644/3644/3644 3686/3686/3686
f 3644/3644/3644 3687/3687/3687 3686/3686/3686
f 3644/3644/3644 3645/3645/3645 3687/3687/3687
f 3645/3645/3645 3688/3688/3688 3687/3687/3687
f 3645/3645/3645 3646/3646/3646 3688/3688/3688
f 3646/3646/3646 3689/3689/3689 3688/3688/3688
f 3646/3646/3646 3647/3647/3647 3689/3689/3689
f 3647/3647/3647 3690/3690/3690 3689/3689/3689
f 3647/3647/3647 3648/3648/3648 3690/3690/3690
f 3648/3648/3648 3691/3691/3691 3690/3690/3690
f 3648/3648/3648 3649/3649/3649 3691/3691/3691
f 3649/3649/3649 3692/3692/3692 3691/3691/3691
f 3649/3649/3649 3650/3650/3650 3692/3692/3692
f 3650/3650/3650 3693/3693/3693 3692/3692/3692
f 3650/3650/3650 3651/3651/3651 3693/3693/3693
f 3651/3651/3651 3694/3694/3694 3693/3693/3693
f 3651/3651/3651 3652/3652/3652 3694/3694/3694
f 3652/3652/3652 3695/3695/3695 3694/3694/3694
f 3652/3652/3652 3653/3653/3653 3695/3695/3695
f 3653/3653/3653 3696/3696/3696 3695/3695/3695
f 3653/3653/3653 3654/3654/3654 3696/3696/3696
f 3654/3654/3654 3697/3697/3697 3696/3696/3696
f 3654/3654/3654 3655/3655/3655 3697/3697/3697
f 3655/3655/3655 3698/3698/3698 3697/3697/3697
f 3655/3655/3655 3656/3656/3656 3698/3698/3698
f 3656/3656/3656 3699/3699/3699 3698/3698/3698
f 3656/3656/3656 3657/3657/3657 3699/3699/3699
f 3657/3657/3657 3700/3700/3700 3699/3699/3699
f 3657/3657/3657 3658/3658/3658 3700/3700/3700
f 3658/3658/3658 3701/3701/3701 3700/3700/3700
f 3658/3658/3658 3659/3659/3659 3701/3701/3701
f 3659/3659/3659 3702/3702/3702 3701/3701/3701
f 3659/3659/3659 3660/3660/3660 3702/3702/3702
f 3660/3660/3660 3703/3703/3703 3702/3702/3702
f 3660/3660/3660 3661/3661/3661 3703/3703/3703
f 3661/3661/3661 3704/3704/3704 3703/3703/3703
f 3661/3661/3661 3662/3662/3662 3704/3704/3704
f 3662/3662/3662 3705/3705/3705 3704/3704/3704
f 3662/3662/3662 3663/3663/3663 3705/3705/3705
f 3663/3663/3663 3706/3706/3706 3705/3705/3705
f 3663/3663/3663 3664/3664/3664 3706/3706/3706
f 3664/3664/3664 3707/3707/3707 3706/3706/3706
f 3664/3664/3664 3665/3665/3665 3707/3707/3707
f 3665/3665/3665 3708/3708/3708 3707/3707/3707
f 3665/3665/3665 3666/3666/3666 3708/3708/3708
f 3666/3666/3666 3709/3709/3709 3708/3708/3708
f 3666/3666/3666 3667/3667/3667 3709/3709/3709
f 3667/3667/3667 3710/3710/3710 3709/3709/3709
f 3667/3667/3667 3668/3668/3668 3710/3710/3710
f 3668/3668/3668 3711/3711/3711 3710/3710/3710
f 3668/3668/3668 3669/3669/3669 3711/3711/3711
f 3669/3669/3669 3712/3712/3712 3711/3711/3711
f 3669/3669/3669 3670/3670/3670 3712/3712/3712
f 3670/3670/3670 3713/3713/3713 3712/3712/3712
f 3670/3670/3670 3671/3671/3671 3713/3713/3713
f 3671/3671/3671 3714/3714/3714 3713/3713/3713
f 3671/3671/3671 3672/3672/3672 3714/3714/3714
f 3672/3672/3672 3715/3715/3715 3714/3714/3714
f 3672/3672/3672 3673/3673/3673 3715/3715/3715
f 3673/3673/3673 3716/3716/3716 3715/3715/3715
f 3673/3673/3673 3674/3674/3674 3716/3716/3716
f 3674/3674/3674 3717/3717/3717 3716/3716/3716
f 3675/3675/3675 3676/3676/3676 3718/3718/3718
f 3676/3676/3676 3719/3719/3719 3718/3718/3718
f 3676/3676/3676 3677/3677/3677 3719/3719/3719
f 3677/3677/3677 3720/3720/3720 3719/3719/3719
f 3677/3677/3677 3678/3678/3678 3720/3720/3720
f 3678/3678/3678 3721/3721/3721 3720/3720/3720
f 3678/3678/3678 3679/3679/3679 3721/3721/3721
f 3679/3679/3679 3722/3722/3722 3721/3721/3721
f 3679/3679/3679 3680/3680/3680 3722/3722/3722
f 3680/3680/3680 3723/3723/3723 3722/3722/3722
f 3680/3680/3680 3681/3681/3681 3723/3723/3723
f 3681/3681/3681 3724/3724/3724 3723/3723/3723
f 3681/3681/3681 3682/3682/3682 3724/3724/3724
f 3682/3682/3682 3725/3725/3725 3724/3724/3724
f 3682/3682/3682 3683/3683/3683 3725/3725/3725
f 3683/3683/3683 3726/3726/3726 3725/3725/3725
f 3683/3683/3683 3684/3684/3684 3726/3726/3726
f 3684/3684/3684 3727/3727/3727 3726/3726/3726
f 3684/3684/3684 3685/3685/3685 3727/3727/3727
f 3685/3685/3685 3728/3728/3728 3727/3727/3727
f 3685/3685/3685 3686/3686/3686 3728/3728/3728
f 3686/3686/3686 3729/3729/3729 3728/3728/3728
f 3686/3686/3686 3687/3687/3687 3729/3729/3729
f 3687/3687/3687 3730/3730/3730 3729/3729/3729
f 3687/3687/3687 3688/3688/3688 3730/3730/3730
f 3688/3688/3688 3731/3731/3731 3730/3730/3730
f 3688/3688/3688 3689/3689/3689 3731/3731/3731
f 3689/3689/3689 3732/3732/3732 3731/3731/3731
f 3689/3689/3689 3690/3690/3690 3732/3732/3732
f 3690/3690/3690 3733/3733/3733 3732/3732/3732
f 3690/3690/3690 3691/3691/3691 3733/3733/3733
f 3691/3691/3691 3734/3734/3734 3733/3733/3733
f 3691/3691/3691 3692/3692/3692 3734/3734/3734
f 3692/3692/3692 3735/3735/3735 3734/3734/3734
f 3692/3692/3692 3693/3693/3693 3735/3735/3735
f 3693/3693/3693 3736/3736/3736 3735/3735/3735
f 3693/3693/3693 3694/3694/3694 3736/3736/3736
f 3694/3694/3694 3737/3737/3737 3736/3736/3736
f 3694/3694/3694 3695/3695/3695 3737/3737/3737
f 3695/3695/3695 3738/3738/3738 3737/3737/3737
f 3695/3695/3695 3696/3696/3696 3738/3738/3738
f 3696/3696/3696 3739/3739/3739 3738/3738/3738
f 3696/3696/3696 3697/3697/3697 3739/3739/3739
f 3697/3697/3697 3740/3740/3740 3739/3739/3739
f 3697/3697/3697 3698/3698/3698 3740/3740/3740
f 3698/3698/3698 3741/3741/3741 3740/3740/3740
f 3698/3698/3698 3699/3699/3699 3741/3741/3741
f 3699/3699/3699 3742/3742/3742 3741/3741/3741
f 3699/3699/3699 3700/3700/3700 3742/3742/3742
f 3700/3700/3700 3743/3743/3743 3742/3742/3742
f 3700/3700/3700 3701/3701/3701 3743/3743/3743
f 3701/3701/3701 3744/3744/3744 3743/3743/3743
f 3701/3701/3701 3702/3702/3702 3744/3744/3744
f 3702/3702/3702 3745/3745/3745 3744/3744/3744
f 3702/3702/3702 3703/3703/3703 3745/3745/3745
f 3703/3703/3703 3746/3746/3746 3745/3745/3745
f 3703/3703/3703 3704/3704/3704 3746/3746/3746
f 3704/3704/3704 3747/3747/3747 3746/3746/3746
f 3704/3704/3704 3705/3705/3705 3747/3747/3747
f 3705/3705/3705 3748/3748/3748 3747/3747/3747
f 3705/3705/3705 3706/3706/3706 3748/3748/3748
f 3706/3706/3706 3749/3749/3749 3748/3748/3748
f 3706/3706/3706 3707/3707/3707 3749/3749/3749
f 3707/3707/3707 3750/3750/3750 3749/3749/3749
f 3707/3707/3707 3708/3708/3708 3750/3750/3750
f 3708/3708/3708 3751/3751/3751 3750/3750/3750
f 3708/3708/3708 3709/3709/3709 3751/3751/3751
f 3709/3709/3709 3752/3752/3752 3751/3751/3751
f 3709/3709/3709 3710/3710/3710 3752/3752/3752
f 3710/3710/3710 3753/3753/3753 3752/3752/3752
f 3710/3710/3710 3711/3711/3711 3753/3753/3753
f 3711/3711/3711 3754/3754/3754 3753/3753/3753
f 3711/3711/3711 3712/3712/3712 3754/3754/3754
f 3712/3712/3712 3755/3755/3755 3754/3754/3754
f 3712/3712/3712 3713/3713/3713 3755/3755/3755
f 3713/3713/3713 3756/3756/3756 3755/3755/3755
f 3713/3713/3713 3714/3714/3714 3756/3756/3756
f 3714/3714/3714 3757/3757/3757 3756/3756/3756
f 3714/3714/3714 3715/3715/3715 3757/3757/3757
f 3715/3715/3715 3758/3758/3758 3757/3757/3757
f 3715/3715/3715 3716/3716/3716 3758/3758/3758
f 3716/3716/3716 3759/3759/3759 3758/3758/3758
f 3716/3716/3716 3717/3717/3717 3759/3759/3759
f 3717/3717/3717 3760/3760/3760 3759/3759/3759
f 3718/3718/3718 3719/3719/3719 3761/3761/3761
f 3719/3719/3719 3762/3762/3762 3761/3761/3761
f 3719/3719/3719 3720/3720/3720 3762/3762/3762
f 3720/3720/3720 3763/3763/3763 3762/3762/3762
f 3720/3720/3720 3721/3721/3721 3763/3763/3763
f 3721/3721/3721 3764/3764/3764 3763/3763/3763
f 3721/3721/3721 3722/3722/3722 3764/3764/3764
f 3722/3722/3722 3765/3765/3765 3764/3764/3764
f 3722/3722/3722 3723/3723/3723 3765/3765/3765
f 3723/3723/3723 3766/3766/3766 3765/3765/3765
f 3723/3723/3723 3724/3724/3724 3766/3766/3766
f 3724/3724/3724 3767/3767/3767 3766/3766/3766
f 3724/3724/3724 3725/3725/3725 3767/3767/3767
f 3725/3725/3725 3768/3768/3768 3767/3767/3767
f 3725/3725/3725 3726/3726/3726 3768/3768/3768
f 3726/3726/3726 3769/3769/3769 3768/3768/3768
f 3726/3726/3726 3727/3727/3727 3769/3769/3769
f 3727/3727/3727 3770/3770/3770 3769/3769/3769
f 3727/3727/3727 3728/3728/3728 3770/3770/3770
f 3728/3728/3728 3771/3771/3771 3770/3770/3770
f 3728/3728/3728 3729/3729/3729 3771/3771/3771
f 3729/3729/3729 3772/3772/3772 3771/3771/3771
f 3729/3729/3729 3730/3730/3730 3772/3772/3772
f 3730/3730/3730 3773/3773/3773 3772/3772/3772
f 3730/3730/3730 3731/3731/3731 3773/3773/3773
f 3731/3731/3731 3774/3774/3774 3773/3773/3773
f 3731/3731/3731 3732/3732/3732 3774/3774/3774
f 3732/3732/3732 3775/3775/3775 3774/3774/3774
f 3732/3732/3732 3733/3733/3733 3775/3775/3775
f 3733/3733/3733 3776/3776/3776 3775/3775/3775
f 3733/3733/3733 3734/3734/3734 3776/3776/3776
f 3734/3734/3734 3777/3777/3777 3776/3776/3776
f 3734/3734/3734 3735/3735/3735 3777/3777/3777
f 3735/3735/3735 3778/3778/3778 3777/3777/3777
f 3735/3735/3735 3736/3736/3736 3778/3778/3778
f 3736/3736/3736 3779/3779/3779 3778/3778/3778
f 3736/3736/3736 3737/3737/3737 3779/3779/3779
f 3737/3737/3737 3780/3780/3780 3779/3779/3779
f 3737/3737/3737 3738/3738/3738 3780/3780/3780
f 3738/3738/3738 3781/3781/3781 3780/3780/3780
f 3738/3738/3738 3739/3739/3739 3781/3781/3781
f 3739/3739/3739 3782/3782/3782 3781/3781/3781
f 3739/3739/3739 3740/3740/3740 3782/3782/3782
f 3740/3740/3740 3783/3783/3783 3782/3782/3782
f 3740/3740/3740 3741/3741/3741 3783/3783/3783
f 3741/3741/3741 3784/3784/3784 3783/3783/3783
f 3741/3741/3741 3742/3742/3742 3784/3784/3784
f 3742/3742/3742 3785/3785/3785 3784/3784/3784
f 3742/3742/3742 3743/3743/3743 3785/3785/3785
f 3743/3743/3743 3786/3786/3786 3785/3785/3785
f 3743/3743/3743 3744/3744/3744 3786/3786/3786
f 3744/3744/3744 3787/3787/3787 3786/3786/3786
f 3744/3744/3744 3745/3745/3745 3787/3787/3787
f 3745/3745/3745 3788/3788/3788 3787/3787/3787
f 3745/3745/3745 3746/3746/3746 3788/3788/3788
f 3746/3746/3746 3789/3789/3789 3788/3788/3788
f 3746/3746/3746 3747/3747/3747 3789/3789/3789
f 3747/3747/3747 3790/3790/3790 3789/3789/3789
f 3747/3747/3747 3748/3748/3748 3790/3790/3790
f 3748/3748/3748 3791/3791/3791 3790/3790/3790
f 3748/3748/3748 3749/3749/3749 3791/3791/3791
f 3749/3749/3749 3792/3792/3792 3791/3791/3791
f 3749/3749/3749 3750/3750/3750 3792/3792/3792
f 3750/3750/3750 3793/3793/3793 3792/3792/3792
f 3750/3750/3750 3751/3751/3751 3793/3793/3793
f 3751/3751/3751 3794/3794/3794 3793/3793/3793
f 3751/3751/3751 3752/3752/3752 3794/3794/3794
f 3752/3752/3752 3795/3795/3795 3794/3794/3794
f 3752/3752/3752 3753/3753/3753 3795/3795/3795
f 3753/3753/3753 3796/3796/3796 3795/3795/3795
f 3753/3753/3753 3754/3754/3754 3796/3796/3796
f 3754/3754/3754 3797/3797/3797 3796/3796/3796
f 3754/3754/3754 3755/3755/3755 3797/3797/3797
f 3755/3755/3755 3798/3798/3798 3797/3797/3797
f 3755/3755/3755 3756/3756/3756 3798/3798/3798
f 3756/3756/3756 3799/3799/3799 3798/3798/3798
f 3756/3756/3756 3757/3757/3757 3799/3799/3799
f 3757/3757/3757 3800/3800/3800 3799/3799/3799
f 3757/3757/3757 3758/3758/3758 3800/3800/3800
f 3758/3758/3758 3801/3801/3801 3800/3800/3800
f 3758/3758/3758 3759/3759/3759 3801/3801/3801
f 3759/3759/3759 3802/3802/3802 3801/3801/3801
f 3759/3759/3759 3760/3760/3760 3802/3802/3802
f 3760/3760/3760 3803/3803/3803 3802/3802/3802
f 3761/3761/3761 3762/3762/3762 3804/3804/3804
f 3762/3762/3762 3805/3805/3805 3804/3804/3804
f 3762/3762/3762 3763/3763/3763 3805/3805/3805
f 3763/3763/3763 3806/3806/3806 3805/3805/3805
f 3763/3763/3763 3764/3764/3764 3806/3806/3806
f 3764/3764/3764 3807/3807/3807 3806/3806/3806
f 3764/3764/3764 3765/3765/3765 3807/3807/3807
f 3765/3765/3765 3808/3808/3808 3807/3807/3807
f 3765/3765/3765 3766/3766/3766 3808/3808/3808
f 3766/3766/3766 3809/3809/3809 3808/3808/3808
f 3766/3766/3766 3767/3767/3767 3809/3809/3809
f 3767/3767/3767 3810/3810/3810 3809/3809/3809
f 3767/3767/3767 3768/3768/3768 3810/3810/3810
f 3768/3768/3768 3811/3811/3811 3810/3810/3810
f 3768/3768/3768 3769/3769/3769 3811/3811/3811
f 3769/3769/3769 3812/3812/3812 3811/3811/3811
f 3769/3769/3769 3770/3770/3770 3812/3812/3812
f 3770/3770/3770 3813/3813/3813 3812/3812/3812
f 3770/3770/3770 3771/3771/3771 3813/3813/3813
f 3771/3771/3771 3814/3814/3814 3813/3813/3813
f 3771/3771/3771 3772/3772/3772 3814/3814/3814
f 3772/3772/3772 3815/3815/3815 3814/3814/3814
f 3772/3772/3772 3773/3773/3773 3815/3815/3815
f 3773/3773/3773 3816/3816/3816 3815/3815/3815
f 3773/3773/3773 3774/3774/3774 3816/3816/3816
f 3774/3774/3774 3817/3817/3817 3816/3816/3816
f 3774/3774/3774 3775/3775/3775 3817/3817/3817
f 3775/3775/3775 3818/3818/3818 3817/3817/3817
f 3775/3775/3775 3776/3776/3776 3818/3818/3818
f 3776/3776/3776 3819/3819/3819 3818/3818/3818
f 3776/3776/3776 3777/3777/3777 3819/3819/3819
f 3777/3777/3777 3820/3820/3820 3819/3819/3819
f 3777/3777/3777 3778/3778/3778 3820/3820/3820
f 3778/3778/3778 3821/3821/3821 3820/3820/3820
f 3778/3778/3778 3779/3779/3779 3821/3821/3821
f 3779/3779/3779 3822/3822/3822 3821/3821/3821
f 3779/3779/3779 3780/3780/3780 3822/3822/3822
f 3780/3780/3780 3823/3823/3823 3822/3822/3822
f 3780/3780/3780 3781/3781/3781 3823/3823/3823
f 3781/3781/3781 3824/3824/3824 3823/3823/3823
f 3781/3781/3781 3782/3782/3782 3824/3824/3824
f 3782/3782/3782 3825/3825/3825 3824/3824/3824
f 3782/3782/3782 3783/3783/3783 3825/3825/3825
f 3783/3783/3783 3826/3826/3826 3825/3825/3825
f 3783/3783/3783 3784/3784/3784 3826/3826/3826
f 3784/3784/3784 3827/3827/3827 3826/3826/3826
f 3784/3784/3784 3785/3785/3785 3827/3827/3827
f 3785/3785/3785 3828/3828/3828 3827/3827/3827
f 3785/3785/3785 3786/3786/3786 3828/3828/3828
f 3786/3786/3786 3829/3829/3829 3828/3828/3828
f 3786/3786/3786 3787/3787/3787 3829/3829/3829
f 3787/3787/3787 3830/3830/3830 3829/3829/3829
f 3787/3787/3787 3788/3788/3788 3830/3830/3830
f 3788/3788/3788 3831/3831/3831 3830/3830/3830
f 3788/3788/3788 3789/3789/3789 3831/3831/3831
f 3789/3789/3789 3832/3832/3832 3831/3831/3831
f 3789/3789/3789 3790/3790/3790 3832/3832/3832
f 3790/3790/3790 3833/3833/3833 3832/3832/3832
f 3790/3790/3790 3791/3791/3791 3833/3833/3833
f 3791/3791/3791 3834/3834/3834 3833/3833/3833
f 3791/3791/3791 3792/3792/3792 3834/3834/3834
f 3792/3792/3792 3835/3835/3835 3834/3834/3834
f 3792/3792/3792 3793/3793/3793 3835/3835/3835
f 3793/3793/3793 3836/3836/3836 3835/3835/3835
f 3793/3793/3793 3794/3794/3794 3836/3836/3836
f 3794/3794/3794 3837/3837/3837 3836/3836/3836
f 3794/3794/3794 3795/3795/3795 3837/3837/3837
f 3795/3795/3795 3838/3838/3838 3837/3837/3837
f 3795/3795/3795 3796/3796/3796 3838/3838/3838
f 3796/3796/3796 3839/3839/3839 3838/3838/3838
f 3796/3796/3796 3797/3797/3797 3839/3839/3839
f 3797/3797/3797 3840/3840/3840 3839/3839/3839
f 3797/3797/3797 3798/3798/3798 3840/3840/3840
f 3798/3798/3798 3841/3841/3841 3840/3840/3840
f 3798/3798/3798 3799/3799/3799 3841/3841/3841
f 3799/3799/3799 3842/3842/3842 3841/3841/3841
f 3799/3799/3799 3800/3800/3800 3842/3842/3842
f 3800/3800/3800 3843/3843/3843 3842/3842/3842
f 3800/3800/3800 3801/3801/3801 3843/3843/3843
f 3801/3801/3801 3844/3844/3844 3843/3843/3843
f 3801/3801/3801 3802/3802/3802 3844/3844/3844
f 3802/3802/3802 3845/3845/3845 3844/3844/3844
f 3802/3802/3802 3803/3803/3803 3845/3845/3845
f 3803/3803/3803 3846/3846/3846 3845/3845/3845
f 3804/3804/3804 3805/3805/3805 3847/3847/3847
f 3805/3805/3805 3848/3848/3848 3847/3847/3847
f 3805/3805/3805 3806/3806/3806 3848/3848/3848
f 3806/3806/3806 3849/3849/3849 3848/3848/3848
f 3806/3806/3806 3807/3807/3807 3849/3849/3849
f 3807/3807/3807 3850/3850/3850 3849/3849/3849
f 3807/3807/3807 3808/3808/3808 3850/3850/3850
f 3808/3808/3808 3851/3851/3851 3850/3850/3850
f 3808/3808/3808 3809/3809/3809 3851/3851/3851
f 3809/3809/3809 3852/3852/3852 3851/3851/3851
f 3809/3809/3809 3810/3810/3810 3852/3852/3852
f 3810/3810/3810 3853/3853/3853 3852/3852/3852
f 3810/3810/3810 3811/3811/3811 3853/3853/3853
f 3811/3811/3811 3854/3854/3854 3853/3853/3853
f 3811/3811/3811 3812/3812/3812 3854/3854/3854
f 3812/3812/3812 3855/3855/3855 3854/3854/3854
f 3812/3812/3812 3813/3813/3813 3855/3855/3855
f 3813/3813/3813 3856/3856/3856 3855/3855/3855
f 3813/3813/3813 3814/3814/3814 3856/3856/3856
f 3814/3814/3814 3857/3857/3857 3856/3856/3856
f 3814/3814/3814 3815/3815/3815 3857/3857/3857
f 3815/3815/3815 3858/3858/3858 3857/3857/3857
f 3815/3815/3815 3816/3816/3816 3858/3858/3858
f 3816/3816/3816 3859/3859/3859 3858/3858/3858
f 3816/3816/3816 3817/3817/3817 3859/3859/3859
f 3817/3817/3817 3860/3860/3860 3859/3859/3859
f 3817/3817/3817 3818/3818/3818 3860/3860/3860
f 3818/3818/3818 3861/3861/3861 3860/3860/3860
f 3818/3818/3818 3819/3819/3819 3861/3861/3861
f 3819/3819/3819 3862/3862/3862 3861/3861/3861
f 3819/3819/3819 3820/3820/3820 3862/3862/3862
f 3820/3820/3820 3863/3863/3863 3862/3862/3862
f 3820/3820/3820 3821/3821/3821 3863/3863/3863
f 3821/3821/3821 3864/3864/3864 3863/3863/3863
f 3821/3821/3821 3822/3822/3822 3864/3864/3864
f 3822/3822/3822 3865/3865/3865 3864/3864/3864
f 3822/3822/3822 3823/3823/3823 3865/3865/3865
f 3823/3823/3823 3866/3866/3866 3865/3865/3865
f 3823/3823/3823 3824/3824/3824 3866/3866/3866
f 3824/3824/3824 3867/3867/3867 3866/3866/3866
f 3824/3824/3824 3825/3825/3825 3867/3867/3867
f 3825/3825/3825 3868/3868/3868 3867/3867/3867
f 3825/3825/3825 3826/3826/3826 3868/3868/3868
f 3826/3826/3826 3869/3869/3869 3868/3868/3868
f 3826/3826/3826 3827/3827/3827 3869/3869/3869
f 3827/3827/3827 3870/3870/3870 3869/3869/3869
f 3827/3827/3827 3828/3828/3828 3870/3870/3870
f 3828/3828/3828 3871/3871/3871 3870/3870/3870
f 3828/3828/3828 3829/3829/3829 3871/3871/3871
f 3829/3829/3829 3872/3872/3872 3871/3871/3871
f 3829/3829/3829 3830/3830/3830 3872/3872/3872
f 3830/3830/3830 3873/3873/3873 3872/3872/3872
f 3830/3830/3830 3831/3831/3831 3873/3873/3873
f 3831/3831/3831 3874/3874/3874 3873/3873/3873
f 3831/3831/3831 3832/3832/3832 3874/3874/3874
f 3832/3832/3832 3875/3875/3875 3874/3874/3874
f 3832/3832/3832 3833/3833/3833 3875/3875/3875
f 3833/3833/3833 3876/3876/3876 3875/3875/3875
f 3833/3833/3833 3834/3834/3834 3876/3876/3876
f 3834/3834/3834 3877/3877/3877 3876/3876/3876
f 3834/3834/3834 3835/3835/3835 3877/3877/3877
f 3835/3835/3835 3878/3878/3878 3877/3877/3877
f 3835/3835/3835 3836/3836/3836 3878/3878/3878
f 3836/3836/3836 3879/3879/3879 3878/3878/3878
f 3836/3836/3836 3837/3837/3837 3879/3879/3879
f 3837/3837/3837 3880/3880/3880 3879/3879/3879
f 3837/3837/3837 3838/3838/3838 3880/3880/3880
f 3838/3838/3838 3881/3881/3881 3880/3880/3880
f 3838/3838/3838 3839/3839/3839 3881/3881/3881
f 3839/3839/3839 3882/3882/3882 3881/3881/3881
f 3839/3839/3839 3840/3840/3840 3882/3882/3882
f 3840/3840/3840 3883/3883/3883 3882/3882/3882
f 3840/3840/3840 3841/3841/3841 3883/3883/3883
f 3841/3841/3841 3884/3884/3884 3883/3883/3883
f 3841/3841/3841 3842/3842/3842 3884/3884/3884
f 3842/3842/3842 3885/3885/3885 3884/3884/3884
f 3842/3842/3842 3843/3843/3843 3885/3885/3885
f 3843/3843/3843 3886/3886/3886 3885/3885/3885
f 3843/3843/3843 3844/3844/3844 3886/3886/3886
f 3844/3844/3844 3887/3887/3887 3886/3886/3886
f 3844/3844/3844 3845/3845/3845 3887/3887/3887
f 3845/3845/3845 3888/3888/3888 3887/3887/3887
f 3845/3845/3845 3846/3846/3846 3888/3888/3888
f 3846/3846/3846 3889/3889/3889 3888/3888/3888
f 3847/3847/3847 3848/3848/3848 3890/3890/3890
f 3848/3848/3848 3891/3891/3891 3890/3890/3890
f 3848/3848/3848 3849/3849/3849 3891/3891/3891
f 3849/3849/3849 3892/3892/3892 3891/3891/3891
f 3849/3849/3849 3850/3850/3850 3892/3892/3892
f 3850/3850/3850 3893/3893/3893 3892/3892/3892
f 3850/3850/3850 3851/3851/3851 3893/3893/3893
f 3851/3851/3851 3894/3894/3894 3893/3893/3893
f 3851/3851/3851 3852/3852/3852 3894/3894/3894
f 3852/3852/3852 3895/3895/3895 3894/3894/3894
f 3852/3852/3852 3853/3853/3853 3895/3895/3895
f 3853/3853/3853 3896/3896/3896 3895/3895/3895
f 3853/3853/3853 3854/3854/3854 3896/3896/3896
f 3854/3854/3854 3897/3897/3897 3896/3896/3896
f 3854/3854/3854 3855/3855/3855 3897/3897/3897
f 3855/3855/3855 3898/3898/3898 3897/3897/3897
f 3855/3855/3855 3856/3856/3856 3898/3898/3898
f 3856/3856/3856 3899/3899/3899 3898/3898/3898
f 3856/3856/3856 3857/3857/3857 3899/3899/3899
f 3857/3857/3857 3900/3900/3900 3899/3899/3899
f 3857/3857/3857 3858/3858/3858 3900/3900/3900
f 3858/3858/3858 3901/3901/3901 3900/3900/3900
f 3858/3858/3858 3859/3859/3859 3901/3901/3901
f 3859/3859/3859 3902/3902/3902 3901/3901/3901
f 3859/3859/3859 3860/3860/3860 3902/3902/3902
f 3860/3860/3860 3903/3903/3903 3902/3902/3902
f 3860/3860/3860 3861/3861/3861 3903/3903/3903
f 3861/3861/3861 3904/3904/3904 3903/3903/3903
f 3861/3861/3861 3862/3862/3862 3904/3904/3904
f 3862/3862/3862 3905/3905/3905 3904/3904/3904
f 3862/3862/3862 3863/3863/3863 3905/3905/3905
f 3863/3863/3863 3906/3906/3906 3905/3905/3905
f 3863/3863/3863 3864/3864/3864 3906/3906/3906
f 3864/3864/3864 3907/3907/3907 3906/3906/3906
f 3864/3864/3864 3865/3865/3865 3907/3907/3907
f 3865/3865/3865 3908/3908/3908 3907/3907/3907
f 3865/3865/3865 3866/3866/3866 3908/3908/3908
f 3866/3866/3866 3909/3909/3909 3908/3908/3908
f 3866/3866/3866 3867/3867/3867 3909/3909/3909
f 3867/3867/3867 3910/3910/3910 3909/3909/3909
f 3867/3867/3867 3868/3868/3868 3910/3910/3910
f 3868/3868/3868 3911/3911/3911 3910/3910/3910
f 3868/3868/3868 3869/3869/3869 3911/3911/3911
f 3869/3869/3869 3912/3912/3912 3911/3911/3911
f 3869/3869/3869 3870/3870/3870 3912/3912/3912
f 3870/3870/3870 3913/3913/3913 3912/3912/3912
f 3870/3870/3870 3871/3871/3871 3913/3913/3913
f 3871/3871/3871 3914/3914/3914 3913/3913/3913
f 3871/3871/3871 3872/3872/3872 3914/3914/3914
f 3872/3872/3872 3915/3915/3915 3914/3914/3914
f 3872/3872/3872 3873/3873/3873 3915/3915/3915
f 3873/3873/3873 3916/3916/3916 3915/3915/3915
f 3873/3873/3873 3874/3874/3874 3916/3916/3916
f 3874/3874/3874 3917/3917/3917 3916/3916/3916
f 3874/3874/3874 3875/3875/3875 3917/3917/3917
f 3875/3875/3875 3918/3918/3918 3917/3917/3917
f 3875/3875/3875 3876/3876/3876 3918/3918/3918
f 3876/3876/3876 3919/3919/3919 3918/3918/3918
f 3876/3876/3876 3877/3877/3877 3919/3919/3919
f 3877/3877/3877 3920/3920/3920 3919/3919/3919
f 3877/3877/3877 3878/3878/3878 3920/3920/3920
f 3878/3878/3878 3921/3921/3921 3920/3920/3920
f 3878/3878/3878 3879/3879/3879 3921/3921/3921
f 3879/3879/3879 3922/3922/3922 3921/3921/3921
f 3879/3879/3879 3880/3880/3880 3922/3922/3922
f 3880/3880/3880 3923/3923/3923 3922/3922/3922
f 3880/3880/3880 3881/3881/3881 3923/3923/3923
f 3881/3881/3881 3924/3924/3924 3923/3923/3923
f 3881/3881/3881 3882/3882/3882 3924/3924/3924
f 3882/3882/3882 3925/3925/3925 3924/3924/3924
f 3882/3882/3882 3883/3883/3883 3925/3925/3925
f 3883/3883/3883 3926/3926/3926 3925/3925/3925
f 3883/3883/3883 3884/3884/3884 3926/3926/3926
f 3884/3884/3884 3927/3927/3927 3926/3926/3926
f 3884/3884/3884 3885/3885/3885 3927/3927/3927
f 3885/3885/3885 3928/3928/3928 3927/3927/3927
f 3885/3885/3885 3886/3886/3886 3928/3928/3928
f 3886/3886/3886 3929/3929/3929 3928/3928/3928
f 3886/3886/3886 3887/3887/3887 3929/3929/3929
f 3887/3887/3887 3930/3930/3930 3929/3929/3929
f 3887/3887/3887 3888/3888/3888 3930/3930/3930
f 3888/3888/3888 3931/3931/3931 3930/3930/3930
f 3888/3888/3888 3889/3889/3889 3931/3931/3931
f 3889/3889/3889 3932/3932/3932 3931/3931/3931
f 3890/3890/3890 3891/3891/3891 3933/3933/3933
f 3891/3891/3891 3934/3934/3934 3933/3933/3933
f 3891/3891/3891 3892/3892/3892 3934/3934/3934
f 3892/3892/3892 3935/3935/3935 3934/3934/3934
f 3892/3892/3892 3893/3893/3893 3935/3935/3935
f 3893/3893/3893 3936/3936/3936 3935/3935/3935
f 3893/3893/3893 3894/3894/3894 3936/3936/3936
f 3894/3894/3894 3937/3937/3937 3936/3936/3936
f 3894/3894/3894 3895/3895/3895 3937/3937/3937
f 3895/3895/3895 3938/3938/3938 3937/3937/3937
f 3895/3895/3895 3896/3896/3896 3938/3938/3938
f 3896/3896/3896 3939/3939/3939 3938/3938/3938
f 3896/3896/3896 3897/3897/3897 3939/3939/3939
f 3897/3897/3897 3940/3940/3940 3939/3939/3939
f 3897/3897/3897 3898/3898/3898 3940/3940/3940
f 3898/3898/3898 3941/3941/3941 3940/3940/3940
f 3898/3898/3898 3899/3899/3899 3941/3941/3941
f 3899/3899/3899 3942/3942/3942 3941/3941/3941
f 3899/3899/3899 3900/3900/3900 3942/3942/3942
f 3900/3900/3900 3943/3943/3943 3942/3942/3942
f 3900/3900/3900 3901/3901/3901 3943/3943/3943
f 3901/3901/3901 3944/3944/3944 3943/3943/3943
f 3901/3901/3901 3902/3902/3902 3944/3944/3944
f 3902/3902/3902 3945/3945/3945 3944/3944/3944
f 3902/3902/3902 3903/3903/3903 3945/3945/3945
f 3903/3903/3903 3946/3946/3946 3945/3945/3945
f 3903/3903/3903 3904/3904/3904 3946/3946/3946
f 3904/3904/3904 3947/3947/3947 3946/3946/3946
f 3904/3904/3904 3905/3905/3905 3947/3947/3947
f 3905/3905/3905 3948/3948/3948 3947/3947/3947
f 3905/3905/3905 3906/3906/3906 3948/3948/3948
f 3906/3906/3906 3949/3949/3949 3948/3948/3948
f 3906/3906/3906 3907/3907/3907 3949/3949/3949
f 3907/3907/3907 3950/3950/3950 3949/3949/3949
f 3907/3907/3907 3908/3908/3908 3950/3950/3950
f 3908/3908/3908 3951/3951/3951 3950/3950/3950
f 3908/3908/3908 3909/3909/3909 3951/3951/3951
f 3909/3909/3909 3952/3952/3952 3951/3951/3951
f 3909/3909/3909 3910/3910/3910 3952/3952/3952
f 3910/3910/3910 3953/3953/3953 3952/3952/3952
f 3910/3910/3910 3911/3911/3911 3953/3953/3953
f 3911/3911/3911 3954/3954/3954 3953/3953/3953
f 3911/3911/3911 3912/3912/3912 3954/3954/3954
f 3912/3912/3912 3955/3955/3955 3954/3954/3954
f 3912/3912/3912 3913/3913/3913 3955/3955/3955
f 3913/3913/3913 3956/3956/3956 3955/3955/3955
f 3913/3913/3913 3914/3914/3914 3956/3956/3956
f 3914/3914/3914 3957/3957/3957 3956/3956/3956
f 3914/3914/3914 3915/3915/3915 3957/3957/3957
f 3915/3915/3915 3958/3958/3958 3957/3957/3957
f 3915/3915/3915 3916/3916/3916 3958/3958/3958
f 3916/3916/3916 3959/3959/3959 3958/3958/3958
f 3916/3916/3916 3917/3917/3917 3959/3959/3959
f 3917/3917/3917 3960/3960/3960 3959/3959/3959
f 3917/3917/3917 3918/3918/3918 3960/3960/3960
f 3918/3918/3918 3961/3961/3961 3960/3960/3960
f 3918/3918/3918 3919/3919/3919 3961/3961/3961
f 3919/3919/3919 3962/3962/3962 3961/3961/3961
f 3919/3919/3919 3920/3920/3920 3962/3962/3962
f 3920/3920/3920 3963/3963/3963 3962/3962/3962
f 3920/3920/3920 3921/3921/3921 3963/3963/3963
f 3921/3921/3921 3964/3964/3964 3963/3963/3963
f 3921/3921/3921 3922/3922/3922 3964/3964/3964
f 3922/3922/3922 3965/3965/3965 3964/3964/3964
f 3922/3922/3922 3923/3923/3923 3965/3965/3965
f 3923/3923/3923 3966/3966/3966 3965/3965/3965
f 3923/3923/3923 3924/3924/3924 3966/3966/3966
f 3924/3924/3924 3967/3967/3967 3966/3966/3966
f 3924/3924/3924 3925/3925/3925 3967/3967/3967
f 3925/3925/3925 3968/3968/3968 3967/3967/3967
f 3925/3925/3925 3926/3926/3926 3968/3968/3968
f 3926/3926/3926 3969/3969/3969 3968/3968/3968
f 3926/3926/3926 3927/3927/3927 3969/3969/3969
f 3927/3927/3927 3970/3970/3970 3969/3969/3969
f 3927/3927/3927 3928/3928/3928 3970/3970/3970
f 3928/3928/3928 3971/3971/3971 3970/3970/3970
f 3928/3928/3928 3929/3929/3929 3971/3971/3971
f 3929/3929/3929 3972/3972/3972 3971/3971/3971
f 3929/3929/3929 3930/3930/3930 3972/3972/3972
f 3930/3930/3930 3973/3973/3973 3972/3972/3972
f 3930/3930/3930 3931/3931/3931 3973/3973/3973
f 3931/3931/3931 3974/3974/3974 3973/3973/3973
f 3931/3931/3931 3932/3932/3932 3974/3974/3974
f 3932/3932/3932 3975/3975/3975 3974/3974/3974
f 3976/3976/3976 3977/3977/3977 4007/4007/4007
f 3977/3977/3977 4008/4008/4008 4007/4007/4007
f 3977/3977/3977 3978/3978/3978 4008/4008/4008
f 3978/3978/3978 4009/4009/4009 4008/4008/4008
f 3978/3978/3978 3979/3979/3979 4009/4009/4009
f 3979/3979/3979 4010/4010/4010 4009/4009/4009
f 3979/3979/3979 3980/3980/3980 4010/4010/4010
f 3980/3980/3980 4011/4011/4011 4010/4010/4010
f 3980/3980/3980 3981/3981/3981 4011/4011/4011
f 3981/3981/3981 4012/4012/4012 4011/4011/4011
f 3981/3981/3981 3982/3982/3982 4012/4012/4012
f 3982/3982/3982 4013/4013/4013 4012/4012/4012
f 3982/3982/3982 3983/3983/3983 4013/4013/4013
f 3983/3983/3983 4014/4014/4014 4013/4013/4013
f 3983/3983/3983 3984/3984/3984 4014/4014/4014
f 3984/3984/3984 4015/4015/4015 4014/4014/4014
f 3984/3984/3984 3985/3985/3985 4015/4015/4015
f 3985/3985/3985 4016/4016/4016 4015/4015/4015
f 3985/3985/3985 3986/3986/3986 4016/4016/4016
f 3986/3986/3986 4017/4017/4017 4016/4016/4016
f 3986/3986/3986 3987/3987/3987 4017/4017/4017
f 3987/3987/3987 4018/4018/4018 4017/4017/4017
f 3987/3987/3987 3988/3988/3988 4018/4018/4018
f 3988/3988/3988 4019/4019/4019 4018/4018/4018
f 3988/3988/3988 3989/3989/3989 4019/4019/4019
f 3989/3989/3989 4020/4020/4020 4019/4019/4019
f 3989/3989/3989 3990/3990/3990 4020/4020/4020
f 3990/3990/3990 4021/4021/4021 4020/4020/4020
f 3990/3990/3990 3991/3991/3991 4021/4021/4021
f 3991/3991/3991 4022/4022/4022 4021/4021/4021
f 3991/3991/3991 3992/3992/3992 4022/4022/4022
f 3992/3992/3992 4023/4023/4023 4022/4022/4022
f 3992/3992/3992 3993/3993/3993 4023/4023/4023
f 3993/3993/3993 4024/4024/4024 4023/4023/4023
f 3993/3993/3993 3994/3994/3994 4024/4024/4024
f 3994/3994/3994 4025/4025/4025 4024/4024/4024
f 3994/3994/3994 3995/3995/3995 4025/4025/4025
f 3995/3995/3995 4026/4026/4026 4025/4025/4025
f 3995/3995/3995 3996/3996/3996 4026/4026/4026
f 3996/3996/3996 4027/4027/4027 4026/4026/4026
f 3996/3996/3996 3997/3997/3997 4027/4027/4027
f 3997/3997/3997 4028/4028/4028 4027/4027/4027
f 3997/3997/3997 3998/3998/3998 4028/4028/4028
f 3998/3998/3998 4029/4029/4029 4028/4028/4028
f 3998/3998/3998 3999/3999/3999 4029/4029/4029
f 3999/3999/3999 4030/4030/4030 4029/4029/4029
f 3999/3999/3999 4000/4000/4000 4030/4030/4030
f 4000/4000/4000 4031/4031/4031 4030/4030/4030
f 4000/4000/4000 4001/4001/4001 4031/4031/4031
f 4001/4001/4001 4032/4032/4032 4031/4031/4031
f 4001/4001/4001 4002/4002/4002 4032/4032/4032
f 4002/4002/4002 4033/4033/4033 4032/4032/4032
f 4002/4002/4002 4003/4003/4003 4033/4033/4033
f 4003/4003/4003 4034/4034/4034 4033/4033/4033
f 4003/4003/4003 4004/4004/4004 4034/4034/4034
f 4004/4004/4004 4035/4035/4035 4034/4034/4034
f 4004/4004/4004 4005/4005/4005 4035/4035/4035
f 4005/4005/4005 4036/4036/4036 4035/4035/4035
f 4005/4005/4005 4006/4006/4006 4036/4036/4036
f 4006/4006/4006 4037/4037/4037 4036/4036/4036
f 4007/4007/4007 4008/4008/4008 4038/4038/4038
f 4008/4008/4008 4039/4039/4039 4038/4038/4038
f 4008/4008/4008 4009/4009/4009 4039/4039/4039
f 4009/4009/4009 4040/4040/4040 4039/4039/4039
f 4009/4009/4009 4010/4010/4010 4040/4040/4040
f 4010/4010/4010 4041/4041/4041 4040/4040/4040
f 4010/4010/4010 4011/4011/4011 4041/4041/4041
f 4011/4011/4011 4042/4042/4042 4041/4041/4041
f 4011/4011/4011 4012/4012/4012 4042/4042/4042
f 4012/4012/4012 4043/4043/4043 4042/4042/4042
f 4012/4012/4012 4013/4013/4013 4043/4043/4043
f 4013/4013/4013 4044/4044/4044 4043/4043/4043
f 4013/4013/4013 4014/4014/4014 4044/4044/4044
f 4014/4014/4014 4045/4045/4045 4044/4044/4044
f 4014/4014/4014 4015/4015/4015 4045/4045/4045
f 4015/4015/4015 4046/4046/4046 4045/4045/4045
f 4015/4015/4015 4016/4016/4016 4046/4046/4046
f 4016/4016/4016 4047/4047/4047 4046/4046/4046
f 4016/4016/4016 4017/4017/4017 4047/4047/4047
f 4017/4017/4017 4048/4048/4048 4047/4047/4047
f 4017/4017/4017 4018/4018/4018 4048/4048/4048
f 4018/4018/4018 4049/4049/4049 4048/4048/4048
f 4018/4018/4018 4019/4019/4019 4049/4049/4049
f 4019/4019/4019 4050/4050/4050 4049/4049/4049
f 4019/4019/4019 4020/4020/4020 4050/4050/4050
f 4020/4020/4020 4051/4051/4051 4050/4050/4050
f 4020/4020/4020 4021/4021/4021 4051/4051/4051
f 4021/4021/4021 4052/4052/4052 4051/4051/4051
f 4021/4021/4021 4022/4022/4022 4052/4052/4052
f 4022/4022/4022 4053/4053/4053 4052/4052/4052
f 4022/4022/4022 4023/4023/4023 4053/4053/4053
f 4023/4023/4023 4054/4054/4054 4053/4053/4053
f 4023/4023/4023 4024/4024/4024 4054/4054/4054
f 4024/4024/4024 4055/4055/4055 4054/4054/4054
f 4024/4024/4024 4025/4025/4025 4055/4055/4055
f 4025/4025/4025 4056/4056/4056 4055/4055/4055
f 4025/4025/4025 4026/4026/4026 4056/4056/4056
f 4026/4026/4026 4057/4057/4057 4056/4056/4056
f 4026/4026/4026 4027/4027/4027 4057/4057/4057
f 4027/4027/4027 4058/4058/4058 4057/4057/4057
f 4027/4027/4027 4028/4028/4028 4058/4058/4058
f 4028/4028/4028 4059/4059/4059 4058/4058/4058
f 4028/4028/4028 4029/4029/4029 4059/4059/4059
f 4029/4029/4029 4060/4060/4060 4059/4059/4059
f 4029/4029/4029 4030/4030/4030 4060/4060/4060
f 4030/4030/4030 4061/4061/4061 4060/4060/4060
f 4030/4030/4030 4031/4031/4031 4061/4061/4061
f 4031/4031/4031 4062/4062/4062 4061/4061/4061
f 4031/4031/4031 4032/4032/4032 4062/4062/4062
f 4032/4032/4032 4063/4063/4063 4062/4062/4062
f 4032/4032/4032 4033/4033/4033 4063/4063/4063
f 4033/4033/4033 4064/4064/4064 4063/4063/4063
f 4033/4033/4033 4034/4034/4034 4064/4064/4064
f 4034/4034/4034 4065/4065/4065 4064/4064/4064
f 4034/4034/4034 4035/4035/4035 4065/4065/4065
f 4035/4035/4035 4066/4066/4066 4065/4065/4065
f 4035/4035/4035 4036/4036/4036 4066/4066/4066
f 4036/4036/4036 4067/4067/4067 4066/4066/4066
f 4036/4036/4036 4037/4037/4037 4067/4067/4067
f 4037/4037/4037 4068/4068/4068 4067/4067/4067
f 4038/4038/4038 4039/4039/4039 4069/4069/4069
f 4039/4039/4039 4070/4070/4070 4069/4069/4069
f 4039/4039/4039 4040/4040/4040 4070/4070/4070
f 4040/4040/4040 4071/4071/4071 4070/4070/4070
f 4040/4040/4040 4041/4041/4041 4071/4071/4071
f 4041/4041/4041 4072/4072/4072 4071/4071/4071
f 4041/4041/4041 4042/4042/4042 4072/4072/4072
f 4042/4042/4042 4073/4073/4073 4072/4072/4072
f 4042/4042/4042 4043/4043/4043 4073/4073/4073
f 4043/4043/4043 4074/4074/4074 4073/4073/4073
f 4043/4043/4043 4044/4044/4044 4074/4074/4074
f 4044/4044/4044 4075/4075/4075 4074/4074/4074
f 4044/4044/4044 4045/4045/4045 4075/4075/4075
f 4045/4045/4045 4076/4076/4076 4075/4075/4075
f 4045/4045/4045 4046/4046/4046 4076/4076/4076
f 4046/4046/4046 4077/4077/4077 4076/4076/4076
f 4046/4046/4046 4047/4047/4047 4077/4077/4077
f 4047/4047/4047 4078/4078/4078 4077/4077/4077
f 4047/4047/4047 4048/4048/4048 4078/4078/4078
f 4048/4048/4048 4079/4079/4079 4078/4078/4078
f 4048/4048/4048 4049/4049/4049 4079/4079/4079
f 4049/4049/4049 4080/4080/4080 4079/4079/4079
f 4049/4049/4049 4050/4050/4050 4080/4080/4080
f 4050/4050/4050 4081/4081/4081 4080/4080/4080
f 4050/4050/4050 4051/4051/4051 4081/4081/4081
f 4051/4051/4051 4082/4082/4082 4081/4081/4081
f 4051/4051/4051 4052/4052/4052 4082/4082/4082
f 4052/4052/4052 4083/4083/4083 4082/4082/4082
f 4052/4052/4052 4053/4053/4053 4083/4083/4083
f 4053/4053/4053 4084/4084/4084 4083/4083/4083
f 4053/4053/4053 4054/4054/4054 4084/4084/4084
f 4054/4054/4054 4085/4085/4085 4084/4084/4084
f 4054/4054/4054 4055/4055/4055 4085/4085/4085
f 4055/4055/4055 4086/4086/4086 4085/4085/4085
f 4055/4055/4055 4056/4056/4056 4086/4086/4086
f 4056/4056/4056 4087/4087/4087 4086/4086/4086
f 4056/4056/4056 4057/4057/4057 4087/4087/4087
f 4057/4057/4057 4088/4088/4088 4087/4087/4087
f 4057/4057/4057 4058/4058/4058 4088/4088/4088
f 4058/4058/4058 4089/4089/4089 4088/4088/4088
f 4058/4058/4058 4059/4059/4059 4089/4089/4089
f 4059/4059/4059 4090/4090/4090 4089/4089/4089
f 4059/4059/4059 4060/4060/4060 4090/4090/4090
f 4060/4060/4060 4091/4091/4091 4090/4090/4090
f 4060/4060/4060 4061/4061/4061 4091/4091/4091
f 4061/4061/4061 4092/4092/4092 4091/4091/4091
f 4061/4061/4061 4062/4062/4062 4092/4092/4092
f 4062/4062/4062 4093/4093/4093 4092/4092/4092
f 4062/4062/4062 4063/4063/4063 4093/4093/4093
f 4063/4063/4063 4094/4094/4094 4093/4093/4093
f 4063/4063/4063 4064/4064/4064 4094/4094/4094
f 4064/4064/4064 4095/4095/4095 4094/4094/4094
f 4064/4064/4064 4065/4065/4065 4095/4095/4095
f 4065/4065/4065 4096/4096/4096 4095/4095/4095
f 4065/4065/4065 4066/4066/4066 4096/4096/4096
f 4066/4066/4066 4097/4097/4097 4096/4096/4096
f 4066/4066/4066 4067/4067/4067 4097/4097/4097
f 4067/4067/4067 4098/4098/4098 4097/4097/4097
f 4067/4067/4067 4068/4068/4068 4098/4098/4098
f 4068/4068/4068 4099/4099/4099 4098/4098/4098
f 4069/4069/4069 4070/4070/4070 4100/4100/4100
f 4070/4070/4070 4101/4101/4101 4100/4100/4100
f 4070/4070/4070 4071/4071/4071 4101/4101/4101
f 4071/4071/4071 4102/4102/4102 4101/4101/4101
f 4071/4071/4071 4072/4072/4072 4102/4102/4102
f 4072/4072/4072 4103/4103/4103 4102/4102/4102
f 4072/4072/4072 4073/4073/4073 4103/4103/4103
f 4073/4073/4073 4104/4104/4104 4103/4103/4103
f 4073/4073/4073 4074/4074/4074 4104/4104/4104
f 4074/4074/4074 4105/4105/4105 4104/4104/4104
f 4074/4074/4074 4075/4075/4075 4105/4105/4105
f 4075/4075/4075 4106/4106/4106 4105/4105/4105
f 4075/4075/4075 4076/4076/4076 4106/4106/4106
f 4076/4076/4076 4107/4107/4107 4106/4106/4106
f 4076/4076/4076 4077/4077/4077 4107/4107/4107
f 4077/4077/4077 4108/4108/4108 4107/4107/4107
f 4077/4077/4077 4078/4078/4078 4108/4108/4108
f 4078/4078/4078 4109/4109/4109 4108/4108/4108
f 4078/4078/4078 4079/4079/4079 4109/4109/4109
f 4079/4079/4079 4110/4110/4110 4109/4109/4109
f 4079/4079/4079 4080/4080/4080 4110/4110/4110
f 4080/4080/4080 4111/4111/4111 4110/4110/4110
f 4080/4080/4080 4081/4081/4081 4111/4111/4111
f 4081/4081/4081 4112/4112/4112 4111/4111/4111
f 4081/4081/4081 4082/4082/4082 4112/4112/4112
f 4082/4082/4082 4113/4113/4113 4112/4112/4112
f 4082/4082/4082 4083/4083/4083 4113/4113/4113
f 4083/4083/4083 4114/4114/4114 4113/4113/4113
f 4083/4083/4083 4084/4084/4084 4114/4114/4114
f 4084/4084/4084 4115/4115/4115 4114/4114/4114
f 4084/4084/4084 4085/4085/4085 4115/4115/4115
f 4085/4085/4085 4116/4116/4116 4115/4115/4115
f 4085/4085/4085 4086/4086/4086 4116/4116/4116
f 4086/4086/4086 4117/4117/4117 4116/4116/4116
f 4086/4086/4086 4087/4087/4087 4117/4117/4117
f 4087/4087/4087 4118/4118/4118 4117/4117/4117
f 4087/4087/4087 4088/4088/4088 4118/4118/4118
f 4088/4088/4088 4119/4119/4119 4118/4118/4118
f 4088/4088/4088 4089/4089/4089 4119/4119/4119
f 4089/4089/4089 4120/4120/4120 4119/4119/4119
f 4089/4089/4089 4090/4090/4090 4120/4120/4120
f 4090/4090/4090 4121/4121/4121 4120/4120/4120
f 4090/4090/4090 4091/4091/4091 4121/4121/4121
f 4091/4091/4091 4122/4122/4122 4121/4121/4121
f 4091/4091/4091 4092/4092/4092 4122/4122/4122
f 4092/4092/4092 4123/4123/4123 4122/4122/4122
f 4092/4092/4092 4093/4093/4093 4123/4123/4123
f 4093/4093/4093 4124/4124/4124 4123/4123/4123
f 4093/4093/4093 4094/4094/4094 4124/4124/4124
f 4094/4094/4094 4125/4125/4125 4124/4124/4124
f 4094/4094/4094 4095/4095/4095 4125/4125/4125
f 4095/4095/4095 4126/4126/4126 4125/4125/4125
f 4095/4095/4095 4096/4096/4096 4126/4126/4126
f 4096/4096/4096 4127/4127/4127 4126/4126/4126
f 4096/4096/4096 4097/4097/4097 4127/4127/4127
f 4097/4097/4097 4128/4128/4128 4127/4127/4127
f 4097/4097/4097 4098/4098/4098 4128/4128/4128
f 4098/4098/4098 4129/4129/4129 4128/4128/4128
f 4098/4098/4098 4099/4099/4099 4129/4129/4129
f 4099/4099/4099 4130/4130/4130 4129/4129/4129
f 4100/4100/4100 4101/4101/4101 4131/4131/4131
f 4101/4101/4101 4132/4132/4132 4131/4131/4131
f 4101/4101/4101 4102/4102/4102 4132/4132/4132
f 4102/4102/4102 4133/4133/4133 4132/4132/4132
f 4102/4102/4102 4103/4103/4103 4133/4133/4133
f 4103/4103/4103 4134/4134/4134 4133/4133/4133
f 4103/4103/4103 4104/4104/4104 4134/4134/4134
f 4104/4104/4104 4135/4135/4135 4134/4134/4134
f 4104/4104/4104 4105/4105/4105 4135/4135/4135
f 4105/4105/4105 4136/4136/4136 4135/4135/4135
f 4105/4105/4105 4106/4106/4106 4136/4136/4136
f 4106/4106/4106 4137/4137/4137 4136/4136/4136
f 4106/4106/4106 4107/4107/4107 4137/4137/4137
f 4107/4107/4107 4138/4138/4138 4137/4137/4137
f 4107/4107/4107 4108/4108/4108 4138/4138/4138
f 4108/4108/4108 4139/4139/4139 4138/4138/4138
f 4108/4108/4108 4109/4109/4109 4139/4139/4139
f 4109/4109/4109 4140/4140/4140 4139/4139/4139
f 4109/4109/4109 4110/4110/4110 4140/4140/4140
f 4110/4110/4110 4141/4141/4141 4140/4140/4140
f 4110/4110/4110 4111/4111/4111 4141/4141/4141
f 4111/4111/4111 4142/4142/4142 4141/4141/4141
f 4111/4111/4111 4112/4112/4112 4142/4142/4142
f 4112/4112/4112 4143/4143/4143 4142/4142/4142
f 4112/4112/4112 4113/4113/4113 4143/4143/4143
f 4113/4113/4113 4144/4144/4144 4143/4143/4143
f 4113/4113/4113 4114/4114/4114 4144/4144/4144
f 4114/4114/4114 4145/4145/4145 4144/4144/4144
f 4114/4114/4114 4115/4115/4115 4145/4145/4145
f 4115/4115/4115 4146/4146/4146 4145/4145/4145
f 4115/4115/4115 4116/4116/4116 4146/4146/4146
f 4116/4116/4116 4147/4147/4147 4146/4146/4146
f 4116/4116/4116 4117/4117/4117 4147/4147/4147
f 4117/4117/4117 4148/4148/4148 4147/4147/4147
f 4117/4117/4117 4118/4118/4118 4148/4148/4148
f 4118/4118/4118 4149/4149/4149 4148/4148/4148
f 4118/4118/4118 4119/4119/4119 4149/4149/4149
f 4119/4119/4119 4150/4150/4150 4149/4149/4149
f 4119/4119/4119 4120/4120/4120 4150/4150/4150
f 4120/4120/4120 4151/4151/4151 4150/4150/4150
f 4120/4120/4120 4121/4121/4121 4151/4151/4151
f 4121/4121/4121 4152/4152/4152 4151/4151/4151
f 4121/4121/4121 4122/4122/4122 4152/4152/4152
f 4122/4122/4122 4153/4153/4153 4152/4152/4152
f 4122/4122/4122 4123/4123/4123 4153/4153/4153
f 4123/4123/4123 4154/4154/4154 4153/4153/4153
f 4123/4123/4123 4124/4124/4124 4154/4154/4154
f 4124/4124/4124 4155/4155/4155 4154/4154/4154
f 4124/4124/4124 4125/4125/4125 4155/4155/4155
f 4125/4125/4125 4156/4156/4156 4155/4155/4155
f 4125/4125/4125 4126/4126/4126 4156/4156/4156
f 4126/4126/4126 4157/4157/4157 4156/4156/4156
f 4126/4126/4126 4127/4127/4127 4157/4157/4157
f 4127/4127/4127 4158/4158/4158 4157/4157/4157
f 4127/4127/4127 4128/4128/4128 4158/4158/4158
f 4128/4128/4128 4159/4159/4159 4158/4158/4158
f 4128/4128/4128 4129/4129/4129 4159/4159/4159
f 4129/4129/4129 4160/4160/4160 4159/4159/4159
f 4129/4129/4129 4130/4130/4130 4160/4160/4160
f 4130/4130/4130 4161/4161/4161 4160/4160/4160
f 4131/4131/4131 4132/4132/4132 4162/4162/4162
f 4132/4132/4132 4163/4163/4163 4162/4162/4162
f 4132/4132/4132 4133/4133/4133 4163/4163/4163
f 4133/4133/4133 4164/4164/4164 4163/4163/4163
f 4133/4133/4133 4134/4134/4134 4164/4164/4164
f 4134/4134/4134 4165/4165/4165 4164/4164/4164
f 4134/4134/4134 4135/4135/4135 4165/4165/4165
f 4135/4135/4135 4166/4166/4166 4165/4165/4165
f 4135/4135/4135 4136/4136/4136 4166/4166/4166
f 4136/4136/4136 4167/4167/4167 4166/4166/4166
f 4136/4136/4136 4137/4137/4137 4167/4167/4167
f 4137/4137/4137 4168/4168/4168 4167/4167/4167
f 4137/4137/4137 4138/4138/4138 4168/4168/4168
f 4138/4138/4138 4169/4169/4169 4168/4168/4168
f 4138/4138/4138 4139/4139/4139 4169/4169/4169
f 4139/4139/4139 4170/4170/4170 4169/4169/4169
f 4139/4139/4139 4140/4140/4140 4170/4170/4170
f 4140/4140/4140 4171/4171/4171 4170/4170/4170
f 4140/4140/4140 4141/4141/4141 4171/4171/4171
f 4141/4141/4141 4172/4172/4172 4171/4171/4171
f 4141/4141/4141 4142/4142/4142 4172/4172/4172
f 4142/4142/4142 4173/4173/4173 4172/4172/4172
f 4142/4142/4142 4143/4143/4143 4173/4173/4173
f 4143/4143/4143 4174/4174/4174 4173/4173/4173
f 4143/4143/4143 4144/4144/4144 4174/4174/4174
f 4144/4144/4144 4175/4175/4175 4174/4174/4174
f 4144/4144/4144 4145/4145/4145 4175/4175/4175
f 4145/4145/4145 4176/4176/4176 4175/4175/4175
f 4145/4145/4145 4146/4146/4146 4176/4176/4176
f 4146/4146/4146 4177/4177/4177 4176/4176/4176
f 4146/4146/4146 4147/4147/4147 4177/4177/4177
f 4147/4147/4147 4178/4178/4178 4177/4177/4177
f 4147/4147/4147 4148/4148/4148 4178/4178/4178
f 4148/4148/4148 4179/4179/4179 4178/4178/4178
f 4148/4148/4148 4149/4149/4149 4179/4179/4179
f 4149/4149/4149 4180/4180/4180 4179/4179/4179
f 4149/4149/4149 4150/4150/4150 4180/4180/4180
f 4150/4150/4150 4181/4181/4181 4180/4180/4180
f 4150/4150/4150 4151/4151/4151 4181/4181/4181
f 4151/4151/4151 4182/4182/4182 4181/4181/4181
f 4151/4151/4151 4152/4152/4152 4182/4182/4182
f 4152/4152/4152 4183/4183/4183 4182/4182/4182
f 4152/4152/4152 4153/4153/4153 4183/4183/4183
f 4153/4153/4153 4184/4184/4184 4183/4183/4183
f 4153/4153/4153 4154/4154/4154 4184/4184/4184
f 4154/4154/4154 4185/4185/4185 4184/4184/4184
f 4154/4154/4154 4155/4155/4155 4185/4185/4185
f 4155/4155/4155 4186/4186/4186 4185/4185/4185
f 4155/4155/4155 4156/4156/4156 4186/4186/4186
f 4156/4156/4156 4187/4187/4187 4186/4186/4186
f 4156/4156/4156 4157/4157/4157 4187/4187/4187
f 4157/4157/4157 4188/4188/4188 4187/4187/4187
f 4157/4157/4157 4158/4158/4158 4188/4188/4188
f 4158/4158/4158 4189/4189/4189 4188/4188/4188
f 4158/4158/4158 4159/4159/4159 4189/4189/4189
f 4159/4159/4159 4190/4190/4190 4189/4189/4189
f 4159/4159/4159 4160/4160/4160 4190/4190/4190
f 4160/4160/4160 4191/4191/4191 4190/4190/4190
f 4160/4160/4160 4161/4161/4161 4191/4191/4191
f 4161/4161/4161 4192/4192/4192 4191/4191/4191
f 4162/4162/4162 4163/4163/4163 4193/4193/4193
f 4163/4163/4163 4194/4194/4194 4193/4193/4193
f 4163/4163/4163 4164/4164/4164 4194/4194/4194
f 4164/4164/4164 4195/4195/4195 4194/4194/4194
f 4164/4164/4164 4165/4165/4165 4195/4195/4195
f 4165/4165/4165 4196/4196/4196 4195/4195/4195
f 4165/4165/4165 4166/4166/4166 4196/4196/4196
f 4166/4166/4166 4197/4197/4197 4196/4196/4196
f 4166/4166/4166 4167/4167/4167 4197/4197/4197
f 4167/4167/4167 4198/4198/4198 4197/4197/4197
f 4167/4167/4167 4168/4168/4168 4198/4198/4198
f 4168/4168/4168 4199/4199/4199 4198/4198/4198
f 4168/4168/4168 4169/4169/4169 4199/4199/4199
f 4169/4169/4169 4200/4200/4200 4199/4199/4199
f 4169/4169/4169 4170/4170/4170 4200/4200/4200
f 4170/4170/4170 4201/4201/4201 4200/4200/4200
f 4170/4170/4170 4171/4171/4171 4201/4201/4201
f 4171/4171/4171 4202/4202/4202 4201/4201/4201
f 4171/4171/4171 4172/4172/4172 4202/4202/4202
f 4172/4172/4172 4203/4203/4203 4202/4202/4202
f 4172/4172/4172 4173/4173/4173 4203/4203/4203
f 4173/4173/4173 4204/4204/4204 4203/4203/4203
f 4173/4173/4173 4174/4174/4174 4204/4204/4204
f 4174/4174/4174 4205/4205/4205 4204/4204/4204
f 4174/4174/4174 4175/4175/4175 4205/4205/4205
f 4175/4175/4175 4206/4206/4206 4205/4205/4205
f 4175/4175/4175 4176/4176/4176 4206/4206/4206
f 4176/4176/4176 4207/4207/4207 4206/4206/4206
f 4176/4176/4176 4177/4177/4177 4207/4207/4207
f 4177/4177/4177 4208/4208/4208 4207/4207/4207
f 4177/4177/4177 4178/4178/4178 4208/4208/4208
f 4178/4178/4178 4209/4209/4209 4208/4208/4208
f 4178/4178/4178 4179/4179/4179 4209/4209/4209
f 4179/4179/4179 4210/4210/4210 4209/4209/4209
f 4179/4179/4179 4180/4180/4180 4210/4210/4210
f 4180/4180/4180 4211/4211/4211 4210/4210/4210
f 4180/4180/4180 4181/4181/4181 4211/4211/4211
f 4181/4181/4181 4212/4212/4212 4211/4211/4211
f 4181/4181/4181 4182/4182/4182 4212/4212/4212
f 4182/4182/4182 4213/4213/4213 4212/4212/4212
f 4182/4182/4182 4183/4183/4183 4213/4213/4213
f 4183/4183/4183 4214/4214/4214 4213/4213/4213
f 4183/4183/4183 4184/4184/4184 4214/4214/4214
f 4184/4184/4184 4215/4215/4215 4214/4214/4214
f 4184/4184/4184 4185/4185/4185 4215/4215/4215
f 4185/4185/4185 4216/4216/4216 4215/4215/4215
f 4185/4185/4185 4186/4186/4186 4216/4216/4216
f 4186/4186/4186 4217/4217/4217 4216/4216/4216
f 4186/4186/4186 4187/4187/4187 4217/4217/4217
f 4187/4187/4187 4218/4218/4218 4217/4217/4217
f 4187/4187/4187 4188/4188/4188 4218/4218/4218
f 4188/4188/4188 4219/4219/4219 4218/4218/4218
f 4188/4188/4188 4189/4189/4189 4219/4219/4219
f 4189/4189/4189 4220/4220/4220 4219/4219/4219
f 4189/4189/4189 4190/4190/4190 4220/4220/4220
f 4190/4190/4190 4221/4221/4221 4220/4220/4220
f 4190/4190/4190 4191/4191/4191 4221/4221/4221
f 4191/4191/4191 4222/4222/4222 4221/4221/4221
f 4191/4191/4191 4192/4192/4192 4222/4222/4222
f 4192/4192/4192 4223/4223/4223 4222/4222/4222
f 4193/4193/4193 4194/4194/4194 4224/4224/4224
f 4194/4194/4194 4225/4225/4225 4224/4224/4224
f 4194/4194/4194 4195/4195/4195 4225/4225/4225
f 4195/4195/4195 4226/4226/4226 4225/4225/4225
f 4195/4195/4195 4196/4196/4196 4226/4226/4226
f 4196/4196/4196 4227/4227/4227 4226/4226/4226
f 4196/4196/4196 4197/4197/4197 4227/4227/4227
f 4197/4197/4197 4228/4228/4228 4227/4227/4227
f 4197/4197/4197 4198/4198/4198 4228/4228/4228
f 4198/4198/4198 4229/4229/4229 4228/4228/4228
f 4198/4198/4198 4199/4199/4199 4229/4229/4229
f 4199/4199/4199 4230/4230/4230 4229/4229/4229
f 4199/4199/4199 4200/4200/4200 4230/4230/4230
f 4200/4200/4200 4231/4231/4231 4230/4230/4230
f 4200/4200/4200 4201/4201/4201 4231/4231/4231
f 4201/4201/4201 4232/4232/4232 4231/4231/4231
f 4201/4201/4201 4202/4202/4202 4232/4232/4232
f 4202/4202/4202 4233/4233/4233 4232/4232/4232
f 4202/4202/4202 4203/4203/4203 4233/4233/4233
f 4203/4203/4203 4234/4234/4234 4233/4233/4233
f 4203/4203/4203 4204/4204/4204 4234/4234/4234
f 4204/4204/4204 4235/4235/4235 4234/4234/4234
f 4204/4204/4204 4205/4205/4205 4235/4235/4235
f 4205/4205/4205 4236/4236/4236 4235/4235/4235
f 4205/4205/4205 4206/4206/4206 4236/4236/4236
f 4206/4206/4206 4237/4237/4237 4236/4236/4236
f 4206/4206/4206 4207/4207/4207 4237/4237/4237
f 4207/4207/4207 4238/4238/4238 4237/4237/4237
f 4207/4207/4207 4208/4208/4208 4238/4238/4238
f 4208/4208/4208 4239/4239/4239 4238/4238/4238
f 4208/4208/4208 4209/4209/4209 4239/4239/4239
f 4209/4209/4209 4240/4240/4240 4239/4239/4239
f 4209/4209/4209 4210/4210/4210 4240/4240/4240
f 4210/4210/4210 4241/4241/4241 4240/4240/4240
f 4210/4210/4210 4211/4211/4211 4241/4241/4241
f 4211/4211/4211 4242/4242/4242 4241/4241/4241
f 4211/4211/4211 4212/4212/4212 4242/4242/4242
f 4212/4212/4212 4243/4243/4243 4242/4242/4242
f 4212/4212/4212 4213/4213/4213 4243/4243/4243
f 4213/4213/4213 4244/4244/4244 4243/4243/4243
f 4213/4213/4213 4214/4214/4214 4244/4244/4244
f 4214/4214/4214 4245/4245/4245 4244/4244/4244
f 4214/4214/4214 4215/4215/4215 4245/4245/4245
f 4215/4215/4215 4246/4246/4246 4245/4245/4245
f 4215/4215/4215 4216/4216/4216 4246/4246/4246
f 4216/4216/4216 4247/4247/4247 4246/4246/4246
f 4216/4216/4216 4217/4217/4217 4247/4247/4247
f 4217/4217/4217 4248/4248/4248 4247/4247/4247
f 4217/4217/4217 4218/4218/4218 4248/4248/4248
f 4218/4218/4218 4249/4249/4249 4248/4248/4248
f 4218/4218/4218 4219/4219/4219 4249/4249/4249
f 4219/4219/4219 4250/4250/4250 4249/4249/4249
f 4219/4219/4219 4220/4220/4220 4250/4250/4250
f 4220/4220/4220 4251/4251/4251 4250/4250/4250
f 4220/4220/4220 4221/4221/4221 4251/4251/4251
f 4221/4221/4221 4252/4252/4252 4251/4251/4251
f 4221/4221/4221 4222/4222/4222 4252/4252/4252
f 4222/4222/4222 4253/4253/4253 4252/4252/4252
f 4222/4222/4222 4223/4223/4223 4253/4253/4253
f 4223/4223/4223 4254/4254/4254 4253/4253/4253
f 4224/4224/4224 4225/4225/4225 4255/4255/4255
f 4225/4225/4225 4256/4256/4256 4255/4255/4255
f 4225/4225/4225 4226/4226/4226 4256/4256/4256
f 4226/4226/4226 4257/4257/4257 4256/4256/4256
f 4226/4226/4226 4227/4227/4227 4257/4257/4257
f 4227/4227/4227 4258/4258/4258 4257/4257/4257
f 4227/4227/4227 4228/4228/4228 4258/4258/4258
f 4228/4228/4228 4259/4259/4259 4258/4258/4258
f 4228/4228/4228 4229/4229/4229 4259/4259/4259
f 4229/4229/4229 4260/4260/4260 4259/4259/4259
f 4229/4229/4229 4230/4230/4230 4260/4260/4260
f 4230/4230/4230 4261/4261/4261 4260/4260/4260
f 4230/4230/4230 4231/4231/4231 4261/4261/4261
f 4231/4231/4231 4262/4262/4262 4261/4261/4261
f 4231/4231/4231 4232/4232/4232 4262/4262/4262
f 4232/4232/4232 4263/4263/4263 4262/4262/4262
f 4232/4232/4232 4233/4233/4233 4263/4263/4263
f 4233/4233/4233 4264/4264/4264 4263/4263/4263
f 4233/4233/4233 4234/4234/4234 4264/4264/4264
f 4234/4234/4234 4265/4265/4265 4264/4264/4264
f 4234/4234/4234 4235/4235/4235 4265/4265/4265
f 4235/4235/4235 4266/4266/4266 4265/4265/4265
f 4235/4235/4235 4236/4236/4236 4266/4266/4266
f 4236/4236/4236 4267/4267/4267 4266/4266/4266
f 4236/4236/4236 4237/4237/4237 4267/4267/4267
f 4237/4237/4237 4268/4268/4268 4267/4267/4267
f 4237/4237/4237 4238/4238/4238 4268/4268/4268
f 4238/4238/4238 4269/4269/4269 4268/4268/4268
f 4238/4238/4238 4239/4239/4239 4269/4269/4269
f 4239/4239/4239 4270/4270/4270 4269/4269/4269
f 4239/4239/4239 4240/4240/4240 4270/4270/4270
f 4240/4240/4240 4271/4271/4271 4270/4270/4270
f 4240/4240/4240 4241/4241/4241 4271/4271/4271
f 4241/4241/4241 4272/4272/4272 4271/4271/4271
f 4241/4241/4241 4242/4242/4242 4272/4272/4272
f 4242/4242/4242 4273/4273/4273 4272/4272/4272
f 4242/4242/4242 4243/4243/4243 4273/4273/4273
f 4243/4243/4243 4274/4274/4274 4273/4273/4273
f 4243/4243/4243 4244/4244/4244 4274/4274/4274
f 4244/4244/4244 4275/4275/4275 4274/4274/4274
f 4244/4244/4244 4245/4245/4245 4275/4275/4275
f 4245/4245/4245 4276/4276/4276 4275/4275/4275
f 4245/4245/4245 4246/4246/4246 4276/4276/4276
f 4246/4246/4246 4277/4277/4277 4276/4276/4276
f 4246/4246/4246 4247/4247/4247 4277/4277/4277
f 4247/4247/4247 4278/4278/4278 4277/4277/4277
f 4247/4247/4247 4248/4248/4248 4278/4278/4278
f 4248/4248/4248 4279/4279/4279 4278/4278/4278
f 4248/4248/4248 4249/4249/4249 4279/4279/4279
f 4249/4249/4249 4280/4280/4280 4279/4279/4279
f 4249/4249/4249 4250/4250/4250 4280/4280/4280
f 4250/4250/4250 4281/4281/4281 4280/4280/4280
f 4250/4250/4250 4251/4251/4251 4281/4281/4281
f 4251/4251/4251 4282/4282/4282 4281/4281/4281
f 4251/4251/4251 4252/4252/4252 4282/4282/4282
f 4252/4252/4252 4283/4283/4283 4282/4282/4282
f 4252/4252/4252 4253/4253/4253 4283/4283/4283
f 4253/4253/4253 4284/4284/4284 4283/4283/4283
f 4253/4253/4253 4254/4254/4254 4284/4284/4284
f 4254/4254/4254 4285/4285/4285 4284/4284/4284
f 4255/4255/4255 4256/4256/4256 4286/4286/4286
f 4256/4256/4256 4287/4287/4287 4286/4286/4286
f 4256/4256/4256 4257/4257/4257 4287/4287/4287
f 4257/4257/4257 4288/4288/4288 4287/4287/4287
f 4257/4257/4257 4258/4258/4258 4288/4288/4288
f 4258/4258/4258 4289/4289/4289 4288/4288/4288
f 4258/4258/4258 4259/4259/4259 4289/4289/4289
f 4259/4259/4259 4290/4290/4290 4289/4289/4289
f 4259/4259/4259 4260/4260/4260 4290/4290/4290
f 4260/4260/4260 4291/4291/4291 4290/4290/4290
f 4260/4260/4260 4261/4261/4261 4291/4291/4291
f 4261/4261/4261 4292/4292/4292 4291/4291/4291
f 4261/4261/4261 4262/4262/4262 4292/4292/4292
f 4262/4262/4262 4293/4293/4293 4292/4292/4292
f 4262/4262/4262 4263/4263/4263 4293/4293/4293
f 4263/4263/4263 4294/4294/4294 4293/4293/4293
f 4263/4263/4263 4264/4264/4264 4294/4294/4294
f 4264/4264/4264 4295/4295/4295 4294/4294/4294
f 4264/4264/4264 4265/4265/4265 4295/4295/4295
f 4265/4265/4265 4296/4296/4296 4295/4295/4295
f 4265/4265/4265 4266/4266/4266 4296/4296/4296
f 4266/4266/4266 4297/4297/4297 4296/4296/4296
f 4266/4266/4266 4267/4267/4267 4297/4297/4297
f 4267/4267/4267 4298/4298/4298 4297/4297/4297
f 4267/4267/4267 4268/4268/4268 4298/4298/4298
f 4268/4268/4268 4299/4299/4299 4298/4298/4298
f 4268/4268/4268 4269/4269/4269 4299/4299/4299
f 4269/4269/4269 4300/4300/4300 4299/4299/4299
f 4269/4269/4269 4270/4270/4270 4300/4300/4300
f 4270/4270/4270 4301/4301/4301 4300/4300/4300
f 4270/4270/4270 4271/4271/4271 4301/4301/4301
f 4271/4271/4271 4302/4302/4302 4301/4301/4301
f 4271/4271/4271 4272/4272/4272 4302/4302/4302
f 4272/4272/4272 4303/4303/4303 4302/4302/4302
f 4272/4272/4272 4273/4273/4273 4303/4303/4303
f 4273/4273/4273 4304/4304/4304 4303/4303/4303
f 4273/4273/4273 4274/4274/4274 4304/4304/4304
f 4274/4274/4274 4305/4305/4305 4304/4304/4304
f 4274/4274/4274 4275/4275/4275 4305/4305/4305
f 4275/4275/4275 4306/4306/4306 4305/4305/4305
f 4275/4275/4275 4276/4276/4276 4306/4306/4306
f 4276/4276/4276 4307/4307/4307 4306/4306/4306
f 4276/4276/4276 4277/4277/4277 4307/4307/4307
f 4277/4277/4277 4308/4308/4308 4307/4307/4307
f 4277/4277/4277 4278/4278/4278 4308/4308/4308
f 4278/4278/4278 4309/4309/4309 4308/4308/4308
f 4278/4278/4278 4279/4279/4279 4309/4309/4309
f 4279/4279/4279 4310/4310/4310 4309/4309/4309
f 4279/4279/4279 4280/4280/4280 4310/4310/4310
f 4280/4280/4280 4311/4311/4311 4310/4310/4310
f 4280/4280/4280 4281/4281/4281 4311/4311/4311
f 4281/4281/4281 4312/4312/4312 4311/4311/4311
f 4281/4281/4281 4282/4282/4282 4312/4312/4312
f 4282/4282/4282 4313/4313/4313 4312/4312/4312
f 4282/4282/4282 4283/4283/4283 4313/4313/4313
f 4283/4283/4283 4314/4314/4314 4313/4313/4313
f 4283/4283/4283 4284/4284/4284 4314/4314/4314
f 4284/4284/4284 4315/4315/4315 4314/4314/4314
f 4284/4284/4284 4285/4285/4285 4315/4315/4315
f 4285/4285/4285 4316/4316/4316 4315/4315/4315
f 4286/4286/4286 4287/4287/4287 4317/4317/4317
f 4287/4287/4287 4318/4318/4318 4317/4317/4317
f 4287/4287/4287 4288/4288/4288 4318/4318/4318
f 4288/4288/4288 4319/4319/4319 4318/4318/4318
f 4288/4288/4288 4289/4289/4289 4319/4319/4319
f 4289/4289/4289 4320/4320/4320 4319/4319/4319
f 4289/4289/4289 4290/4290/4290 4320/4320/4320
f 4290/4290/4290 4321/4321/4321 4320/4320/4320
f 4290/4290/4290 4291/4291/4291 4321/4321/4321
f 4291/4291/4291 4322/4322/4322 4321/4321/4321
f 4291/4291/4291 4292/4292/4292 4322/4322/4322
f 4292/4292/4292 4323/4323/4323 4322/4322/4322
f 4292/4292/4292 4293/4293/4293 4323/4323/4323
f 4293/4293/4293 4324/4324/4324 4323/4323/4323
f 4293/4293/4293 4294/4294/4294 4324/4324/4324
f 4294/4294/4294 4325/4325/4325 4324/4324/4324
f 4294/4294/4294 4295/4295/4295 4325/4325/4325
f 4295/4295/4295 4326/4326/4326 4325/4325/4325
f 4295/4295/4295 4296/4296/4296 4326/4326/4326
f 4296/4296/4296 4327/4327/4327 4326/4326/4326
f 4296/4296/4296 4297/4297/4297 4327/4327/4327
f 4297/4297/4297 4328/4328/4328 4327/4327/4327
f 4297/4297/4297 4298/4298/4298 4328/4328/4328
f 4298/4298/4298 4329/4329/4329 4328/4328/4328
f 4298/4298/4298 4299/4299/4299 4329/4329/4329
f 4299/4299/4299 4330/4330/4330 4329/4329/4329
f 4299/4299/4299 4300/4300/4300 4330/4330/4330
f 4300/4300/4300 4331/4331/4331 4330/4330/4330
f 4300/4300/4300 4301/4301/4301 4331/4331/4331
f 4301/4301/4301 4332/4332/4332 4331/4331/4331
f 4301/4301/4301 4302/4302/4302 4332/4332/4332
f 4302/4302/4302 4333/4333/4333 4332/4332/4332
f 4302/4302/4302 4303/4303/4303 4333/4333/4333
f 4303/4303/4303 4334/4334/4334 4333/4333/4333
f 4303/4303/4303 4304/4304/4304 4334/4334/4334
f 4304/4304/4304 4335/4335/4335 4334/4334/4334
f 4304/4304/4304 4305/4305/4305 4335/4335/4335
f 4305/4305/4305 4336/4336/4336 4335/4335/4335
f 4305/4305/4305 4306/4306/4306 4336/4336/4336
f 4306/4306/4306 4337/4337/4337 4336/4336/4336
f 4306/4306/4306 4307/4307/4307 4337/4337/4337
f 4307/4307/4307 4338/4338/4338 4337/4337/4337
f 4307/4307/4307 4308/4308/4308 4338/4338/4338
f 4308/4308/4308 4339/4339/4339 4338/4338/4338
f 4308/4308/4308 4309/4309/4309 4339/4339/4339
f 4309/4309/4309 4340/4340/4340 4339/4339/4339
f 4309/4309/4309 4310/4310/4310 4340/4340/4340
f 4310/4310/4310 4341/4341/4341 4340/4340/4340
f 4310/4310/4310 4311/4311/4311 4341/4341/4341
f 4311/4311/4311 4342/4342/4342 4341/4341/4341
f 4311/4311/4311 4312/4312/4312 4342/4342/4342
f 4312/4312/4312 4343/4343/4343 4342/4342/4342
f 4312/4312/4312 4313/4313/4313 4343/4343/4343
f 4313/4313/4313 4344/4344/4344 4343/4343/4343
f 4313/4313/4313 4314/4314/4314 4344/4344/4344
f 4314/4314/4314 4345/4345/4345 4344/4344/4344
f 4314/4314/4314 4315/4315/4315 4345/4345/4345
f 4315/4315/4315 4346/4346/4346 4345/4345/4345
f 4315/4315/4315 4316/4316/4316 4346/4346/4346
f 4316/4316/4316 4347/4347/4347 4346/4346/4346
f 4317/4317/4317 4318/4318/4318 4348/4348/4348
f 4318/4318/4318 4349/4349/4349 4348/4348/4348
f 4318/4318/4318 4319/4319/4319 4349/4349/4349
f 4319/4319/4319 4350/4350/4350 4349/4349/4349
f 4319/4319/4319 4320/4320/4320 4350/4350/4350
f 4320/4320/4320 4351/4351/4351 4350/4350/4350
f 4320/4320/4320 4321/4321/4321 4351/4351/4351
f 4321/4321/4321 4352/4352/4352 4351/4351/4351
f 4321/4321/4321 4322/4322/4322 4352/4352/4352
f 4322/4322/4322 4353/4353/4353 4352/4352/4352
f 4322/4322/4322 4323/4323/4323 4353/4353/4353
f 4323/4323/4323 4354/4354/4354 4353/4353/4353
f 4323/4323/4323 4324/4324/4324 4354/4354/4354
f 4324/4324/4324 4355/4355/4355 4354/4354/4354
f 4324/4324/4324 4325/4325/4325 4355/4355/4355
f 4325/4325/4325 4356/4356/4356 4355/4355/4355
f 4325/4325/4325 4326/4326/4326 4356/4356/4356
f 4326/4326/4326 4357/4357/4357 4356/4356/4356
f 4326/4326/4326 4327/4327/4327 4357/4357/4357
f 4327/4327/4327 4358/4358/4358 4357/4357/4357
f 4327/4327/4327 4328/4328/4328 4358/4358/4358
f 4328/4328/4328 4359/4359/4359 4358/4358/4358
f 4328/4328/4328 4329/4329/4329 4359/4359/4359
f 4329/4329/4329 4360/4360/4360 4359/4359/4359
f 4329/4329/4329 4330/4330/4330 4360/4360/4360
f 4330/4330/4330 4361/4361/4361 4360/4360/4360
f 4330/4330/4330 4331/4331/4331 4361/4361/4361
f 4331/4331/4331 4362/4362/4362 4361/4361/4361
f 4331/4331/4331 4332/4332/4332 4362/4362/4362
f 4332/4332/4332 4363/4363/4363 4362/4362/4362
f 4332/4332/4332 4333/4333/4333 4363/4363/4363
f 4333/4333/4333 4364/4364/4364 4363/4363/4363
f 4333/4333/4333 4334/4334/4334 4364/4364/4364
f 4334/4334/4334 4365/4365/4365 4364/4364/4364
f 4334/4334/4334 4335/4335/4335 4365/4365/4365
f 4335/4335/4335 4366/4366/4366 4365/4365/4365
f 4335/4335/4335 4336/4336/4336 4366/4366/4366
f 4336/4336/4336 4367/4367/4367 4366/4366/4366
f 4336/4336/4336 4337/4337/4337 4367/4367/4367
f 4337/4337/4337 4368/4368/4368 4367/4367/4367
f 4337/4337/4337 4338/4338/4338 4368/4368/4368
f 4338/4338/4338 4369/4369/4369 4368/4368/4368
f 4338/4338/4338 4339/4339/4339 4369/4369/4369
f 4339/4339/4339 4370/4370/4370 4369/4369/4369
f 4339/4339/4339 4340/4340/4340 4370/4370/4370
f 4340/4340/4340 4371/4371/4371 4370/4370/4370
f 4340/4340/4340 4341/4341/4341 4371/4371/4371
f 4341/4341/4341 4372/4372/4372 4371/4371/4371
f 4341/4341/4341 4342/4342/4342 4372/4372/4372
f 4342/4342/4342 4373/4373/4373 4372/4372/4372
f 4342/4342/4342 4343/4343/4343 4373/4373/4373
f 4343/4343/4343 4374/4374/4374 4373/4373/4373
f 4343/4343/4343 4344/4344/4344 4374/4374/4374
f 4344/4344/4344 4375/4375/4375 4374/4374/4374
f 4344/4344/4344 4345/4345/4345 4375/4375/4375
f 4345/4345/4345 4376/4376/4376 4375/4375/4375
f 4345/4345/4345 4346/4346/4346 4376/4376/4376
f 4346/4346/4346 4377/4377/4377 4376/4376/4376
f 4346/4346/4346 4347/4347/4347 4377/4377/4377
f 4347/4347/4347 4378/4378/4378 4377/4377/4377
f 4348/4348/4348 4349/4349/4349 4379/4379/4379
f 4349/4349/4349 4380/4380/4380 4379/4379/4379
f 4349/4349/4349 4350/4350/4350 4380/4380/4380
f 4350/4350/4350 4381/4381/4381 4380/4380/4380
f 4350/4350/4350 4351/4351/4351 4381/4381/4381
f 4351/4351/4351 4382/4382/4382 4381/4381/4381
f 4351/4351/4351 4352/4352/4352 4382/4382/4382
f 4352/4352/4352 4383/4383/4383 4382/4382/4382
f 4352/4352/4352 4353/4353/4353 4383/4383/4383
f 4353/4353/4353 4384/4384/4384 4383/4383/4383
f 4353/4353/4353 4354/4354/4354 4384/4384/4384
f 4354/4354/4354 4385/4385/4385 4384/4384/4384
f 4354/4354/4354 4355/4355/4355 4385/4385/4385
f 4355/4355/4355 4386/4386/4386 4385/4385/4385
f 4355/4355/4355 4356/4356/4356 4386/4386/4386
f 4356/4356/4356 4387/4387/4387 4386/4386/4386
f 4356/4356/4356 4357/4357/4357 4387/4387/4387
f 4357/4357/4357 4388/4388/4388 4387/4387/4387
f 4357/4357/4357 4358/4358/4358 4388/4388/4388
f 4358/4358/4358 4389/4389/4389 4388/4388/4388
f 4358/4358/4358 4359/4359/4359 4389/4389/4389
f 4359/4359/4359 4390/4390/4390 4389/4389/4389
f 4359/4359/4359 4360/4360/4360 4390/4390/4390
f 4360/4360/4360 4391/4391/4391 4390/4390/4390
f 4360/4360/4360 4361/4361/4361 4391/4391/4391
f 4361/4361/4361 4392/4392/4392 4391/4391/4391
f 4361/4361/4361 4362/4362/4362 4392/4392/4392
f 4362/4362/4362 4393/4393/4393 4392/4392/4392
f 4362/4362/4362 4363/4363/4363 4393/4393/4393
f 4363/4363/4363 4394/4394/4394 4393/4393/4393
f 4363/4363/4363 4364/4364/4364 4394/4394/4394
f 4364/4364/4364 4395/4395/4395 4394/4394/4394
f 4364/4364/4364 4365/4365/4365 4395/4395/4395
f 4365/4365/4365 4396/4396/4396 4395/4395/4395
f 4365/4365/4365 4366/4366/4366 4396/4396/4396
f 4366/4366/4366 4397/4397/4397 4396/4396/4396
f 4366/4366/4366 4367/4367/4367 4397/4397/4397
f 4367/4367/4367 4398/4398/4398 4397/4397/4397
f 4367/4367/4367 4368/4368/4368 4398/4398/4398
f 4368/4368/4368 4399/4399/4399 4398/4398/4398
f 4368/4368/4368 4369/4369/4369 4399/4399/4399
f 4369/4369/4369 4400/4400/4400 4399/4399/4399
f 4369/4369/4369 4370/4370/4370 4400/4400/4400
f 4370/4370/4370 4401/4401/4401 4400/4400/4400
f 4370/4370/4370 4371/4371/4371 4401/4401/4401
f 4371/4371/4371 4402/4402/4402 4401/4401/4401
f 4371/4371/4371 4372/4372/4372 4402/4402/4402
f 4372/4372/4372 4403/4403/4403 4402/4402/4402
f 4372/4372/4372 4373/4373/4373 4403/4403/4403
f 4373/4373/4373 4404/4404/4404 4403/4403/4403
f 4373/4373/4373 4374/4374/4374 4404/4404/4404
f 4374/4374/4374 4405/4405/4405 4404/4404/4404
f 4374/4374/4374 4375/4375/4375 4405/4405/4405
f 4375/4375/4375 4406/4406/4406 4405/4405/4405
f 4375/4375/4375 4376/4376/4376 4406/4406/4406
f 4376/4376/4376 4407/4407/4407 4406/4406/4406
f 4376/4376/4376 4377/4377/4377 4407/4407/4407
f 4377/4377/4377 4408/4408/4408 4407/4407/4407
f 4377/4377/4377 4378/4378/4378 4408/4408/4408
f 4378/4378/4378 4409/4409/4409 4408/4408/4408
f 4379/4379/4379 4380/4380/4380 4410/4410/4410
f 4380/4380/4380 4411/4411/4411 4410/4410/4410
f 4380/4380/4380 4381/4381/4381 4411/4411/4411
f 4381/4381/4381 4412/4412/4412 4411/4411/4411
f 4381/4381/4381 4382/4382/4382 4412/4412/4412
f 4382/4382/4382 4413/4413/4413 4412/4412/4412
f 4382/4382/4382 4383/4383/4383 4413/4413/4413
f 4383/4383/4383 4414/4414/4414 4413/4413/4413
f 4383/4383/4383 4384/4384/4384 4414/4414/4414
f 4384/4384/4384 4415/4415/4415 4414/4414/4414
f 4384/4384/4384 4385/4385/4385 4415/4415/4415
f 4385/4385/4385 4416/4416/4416 4415/4415/4415
f 4385/4385/4385 4386/4386/4386 4416/4416/4416
f 4386/4386/4386 4417/4417/4417 4416/4416/4416
f 4386/4386/4386 4387/4387/4387 4417/4417/4417
f 4387/4387/4387 4418/4418/4418 4417/4417/4417
f 4387/4387/4387 4388/4388/4388 4418/4418/4418
f 4388/4388/4388 4419/4419/4419 4418/4418/4418
f 4388/4388/4388 4389/4389/4389 4419/4419/4419
f 4389/4389/4389 4420/4420/4420 4419/4419/4419
f 4389/4389/4389 4390/4390/4390 4420/4420/4420
f 4390/4390/4390 4421/4421/4421 4420/4420/4420
f 4390/4390/4390 4391/4391/4391 4421/4421/4421
f 4391/4391/4391 4422/4422/4422 4421/4421/4421
f 4391/4391/4391 4392/4392/4392 4422/4422/4422
f 4392/4392/4392 4423/4423/4423 4422/4422/4422
f 4392/4392/4392 4393/4393/4393 4423/4423/4423
f 4393/4393/4393 4424/4424/4424 4423/4423/4423
f 4393/4393/4393 4394/4394/4394 4424/4424/4424
f 4394/4394/4394 4425/4425/4425 4424/4424/4424
f 4394/4394/4394 4395/4395/4395 4425/4425/4425
f 4395/4395/4395 4426/4426/4426 4425/4425/4425
f 4395/4395/4395 4396/4396/4396 4426/4426/4426
f 4396/4396/4396 4427/4427/4427 4426/4426/4426
f 4396/4396/4396 4397/4397/4397 4427/4427/4427
f 4397/4397/4397 4428/4428/4428 4427/4427/4427
f 4397/4397/4397 4398/4398/4398 4428/4428/4428
f 4398/4398/4398 4429/4429/4429 4428/4428/4428
f 4398/4398/4398 4399/4399/4399 4429/4429/4429
f 4399/4399/4399 4430/4430/4430 4429/4429/4429
f 4399/4399/4399 4400/4400/4400 4430/4430/4430
f 4400/4400/4400 4431/4431/4431 4430/4430/4430
f 4400/4400/4400 4401/4401/4401 4431/4431/4431
f 4401/4401/4401 4432/4432/4432 4431/4431/4431
f 4401/4401/4401 4402/4402/4402 4432/4432/4432
f 4402/4402/4402 4433/4433/4433 4432/4432/4432
f 4402/4402/4402 4403/4403/4403 4433/4433/4433
f 4403/4403/4403 4434/4434/4434 4433/4433/4433
f 4403/4403/4403 4404/4404/4404 4434/4434/4434
f 4404/4404/4404 4435/4435/4435 4434/4434/4434
f 4404/4404/4404 4405/4405/4405 4435/4435/4435
f 4405/4405/4405 4436/4436/4436 4435/4435/4435
f 4405/4405/4405 4406/4406/4406 4436/4436/4436
f 4406/4406/4406 4437/4437/4437 4436/4436/4436
f 4406/4406/4406 4407/4407/4407 4437/4437/4437
f 4407/4407/4407 4438/4438/4438 4437/4437/4437
f 4407/4407/4407 4408/4408/4408 4438/4438/4438
f 4408/4408/4408 4439/4439/4439 4438/4438/4438
f 4408/4408/4408 4409/4409/4409 4439/4439/4439
f 4409/4409/4409 4440/4440/4440 4439/4439/4439
f 4441/4441/4441 4442/4442/4442 4484/4484/4484
f 4442/4442/4442 4485/4485/4485 4484/4484/4484
f 4442/4442/4442 4443/4443/4443 4485/4485/4485
f 4443/4443/4443 4486/4486/4486 4485/4485/4485
f 4443/4443/4443 4444/4444/4444 4486/4486/4486
f 4444/4444/4444 4487/4487/4487 4486/4486/4486
f 4444/4444/4444 4445/4445/4445 4487/4487/4487
f 4445/4445/4445 4488/4488/4488 4487/4487/4487
f 4445/4445/4445 4446/4446/4446 4488/4488/4488
f 4446/4446/4446 4489/4489/4489 4488/4488/4488
f 4446/4446/4446 4447/4447/4447 4489/4489/4489
f 4447/4447/4447 4490/4490/4490 4489/4489/4489
f 4447/4447/4447 4448/4448/4448 4490/4490/4490
f 4448/4448/4448 4491/4491/4491 4490/4490/4490
f 4448/4448/4448 4449/4449/4449 4491/4491/4491
f 4449/4449/4449 4492/4492/4492 4491/4491/4491
f 4449/4449/4449 4450/4450/4450 4492/4492/4492
f 4450/4450/4450 4493/4493/4493 4492/4492/4492
f 4450/4450/4450 4451/4451/4451 4493/4493/4493
f 4451/4451/4451 4494/4494/4494 4493/4493/4493
f 4451/4451/4451 4452/4452/4452 4494/4494/4494
f 4452/4452/4452 4495/4495/4495 4494/4494/4494
f 4452/4452/4452 4453/4453/4453 4495/4495/4495
f 4453/4453/4453 4496/4496/4496 4495/4495/4495
f 4453/4453/4453 4454/4454/4454 4496/4496/4496
f 4454/4454/4454 4497/4497/4497 4496/4496/4496
f 4454/4454/4454 4455/4455/4455 4497/4497/4497
f 4455/4455/4455 4498/4498/4498 4497/4497/4497
f 4455/4455/4455 4456/4456/4456 4498/4498/4498
f 4456/4456/4456 4499/4499/4499 4498/4498/4498
f 4456/4456/4456 4457/4457/4457 4499/4499/4499
f 4457/4457/4457 4500/4500/4500 4499/4499/4499
f 4457/4457/4457 4458/4458/4458 4500/4500/4500
f 4458/4458/4458 4501/4501/4501 4500/4500/4500
f 4458/4458/4458 4459/4459/4459 4501/4501/4501
f 4459/4459/4459 4502/4502/4502 4501/4501/4501
f 4459/4459/4459 4460/4460/4460 4502/4502/4502
f 4460/4460/4460 4503/4503/4503 4502/4502/4502
f 4460/4460/4460 4461/4461/4461 4503/4503/4503
f 4461/4461/4461 4504/4504/4504 4503/4503/4503
f 4461/4461/4461 4462/4462/4462 4504/4504/4504
f 4462/4462/4462 4505/4505/4505 4504/4504/4504
f 4462/4462/4462 4463/4463/4463 4505/4505/4505
f 4463/4463/4463 4506/4506/4506 4505/4505/4505
f 4463/4463/4463 4464/4464/4464 4506/4506/4506
f 4464/4464/4464 4507/4507/4507 4506/4506/4506
f 4464/4464/4464 4465/4465/4465 4507/4507/4507
f 4465/4465/4465 4508/4508/4508 4507/4507/4507
f 4465/4465/4465 4466/4466/4466 4508/4508/4508
f 4466/4466/4466 4509/4509/4509 4508/4508/4508
f 4466/4466/4466 4467/4467/4467 4509/4509/4509
f 4467/4467/4467 4510/4510/4510 4509/4509/4509
f 4467/4467/4467 4468/4468/4468 4510/4510/4510
f 4468/4468/4468 4511/4511/4511 4510/4510/4510
f 4468/4468/4468 4469/4469/4469 4511/4511/4511
f 4469/4469/4469 4512/4512/4512 4511/4511/4511
f 4469/4469/4469 4470/4470/4470 4512/4512/4512
f 4470/4470/4470 4513/4513/4513 4512/4512/4512
f 4470/4470/4470 4471/4471/4471 4513/4513/4513
f 4471/4471/4471 4514/4514/4514 4513/4513/4513
f 4471/4471/4471 4472/4472/4472 4514/4514/4514
f 4472/4472/4472 4515/4515/4515 4514/4514/4514
f 4472/4472/4472 4473/4473/4473 4515/4515/4515
f 4473/4473/4473 4516/4516/4516 4515/4515/4515
f 4473/4473/4473 4474/4474/4474 4516/4516/4516
f 4474/4474/4474 4517/4517/4517 4516/4516/4516
f 4474/4474/4474 4475/4475/4475 4517/4517/4517
f 4475/4475/4475 4518/4518/4518 4517/4517/4517
f 4475/4475/4475 4476/4476/4476 4518/4518/4518
f 4476/4476/4476 4519/4519/4519 4518/4518/4518
f 4476/4476/4476 4477/4477/4477 4519/4519/4519
f 4477/4477/4477 4520/4520/4520 4519/4519/4519
f 4477/4477/4477 4478/4478/4478 4520/4520/4520
f 4478/4478/4478 4521/4521/4521 4520/4520/4520
f 4478/4478/4478 4479/4479/4479 4521/4521/4521
f 4479/4479/4479 4522/4522/4522 4521/4521/4521
f 4479/4479/4479 4480/4480/4480 4522/4522/4522
f 4480/4480/4480 4523/4523/4523 4522/4522/4522
f 4480/4480/4480 4481/4481/4481 4523/4523/4523
f 4481/4481/4481 4524/4524/4524 4523/4523/4523
f 4481/4481/4481 4482/4482/4482 4524/4524/4524
f 4482/4482/4482 4525/4525/4525 4524/4524/4524
f 4482/4482/4482 4483/4483/4483 4525/4525/4525
f 4483/4483/4483 4526/4526/4526 4525/4525/4525
f 4484/4484/4484 4485/4485/4485 4527/4527/4527
f 4485/4485/4485 4528/4528/4528 4527/4527/4527
f 4485/4485/4485 4486/4486/4486 4528/4528/4528
f 4486/4486/4486 4529/4529/4529 4528/4528/4528
f 4486/4486/4486 4487/4487/4487 4529/4529/4529
f 4487/4487/4487 4530/4530/4530 4529/4529/4529
f 4487/4487/4487 4488/4488/4488 4530/4530/4530
f 4488/4488/4488 4531/4531/4531 4530/4530/4530
f 4488/4488/4488 4489/4489/4489 4531/4531/4531
f 4489/4489/4489 4532/4532/4532 4531/4531/4531
f 4489/4489/4489 4490/4490/4490 4532/4532/4532
f 4490/4490/4490 4533/4533/4533 4532/4532/4532
f 4490/4490/4490 4491/4491/4491 4533/4533/4533
f 4491/4491/4491 4534/4534/4534 4533/4533/4533
f 4491/4491/4491 4492/4492/4492 4534/4534/4534
f 4492/4492/4492 4535/4535/4535 4534/4534/4534
f 4492/4492/4492 4493/4493/4493 4535/4535/4535
f 4493/4493/4493 4536/4536/4536 4535/4535/4535
f 4493/4493/4493 4494/4494/4494 4536/4536/4536
f 4494/4494/4494 4537/4537/4537 4536/4536/4536
f 4494/4494/4494 4495/4495/4495 4537/4537/4537
f 4495/4495/4495 4538/4538/4538 4537/4537/4537
f 4495/4495/4495 4496/4496/4496 4538/4538/4538
f 4496/4496/4496 4539/4539/4539 4538/4538/4538
f 4496/4496/4496 4497/4497/4497 4539/4539/4539
f 4497/4497/4497 4540/4540/4540 4539/4539/4539
f 4497/4497/4497 4498/4498/4498 4540/4540/4540
f 4498/4498/4498 4541/4541/4541 4540/4540/4540
f 4498/4498/4498 4499/4499/4499 4541/4541/4541
f 4499/4499/4499 4542/4542/4542 4541/4541/4541
f 4499/4499/4499 4500/4500/4500 4542/4542/4542
f 4500/4500/4500 4543/4543/4543 4542/4542/4542
f 4500/4500/4500 4501/4501/4501 4543/4543/4543
f 4501/4501/4501 4544/4544/4544 4543/4543/4543
f 4501/4501/4501 4502/4502/4502 4544/4544/4544
f 4502/4502/4502 4545/4545/4545 4544/4544/4544
f 4502/4502/4502 4503/4503/4503 4545/4545/4545
f 4503/4503/4503 4546/4546/4546 4545/4545/4545
f 4503/4503/4503 4504/4504/4504 4546/4546/4546
f 4504/4504/4504 4547/4547/4547 4546/4546/4546
f 4504/4504/4504 4505/4505/4505 4547/4547/4547
f 4505/4505/4505 4548/4548/4548 4547/4547/4547
f 4505/4505/4505 4506/4506/4506 4548/4548/4548
f 4506/4506/4506 4549/4549/4549 4548/4548/4548
f 4506/4506/4506 4507/4507/4507 4549/4549/4549
f 4507/4507/4507 4550/4550/4550 4549/4549/4549
f 4507/4507/4507 4508/4508/4508 4550/4550/4550
f 4508/4508/4508 4551/4551/4551 4550/4550/4550
f 4508/4508/4508 4509/4509/4509 4551/4551/4551
f 4509/4509/4509 4552/4552/4552 4551/4551/4551
f 4509/4509/4509 4510/4510/4510 4552/4552/4552
f 4510/4510/4510 4553/4553/4553 4552/4552/4552
f 4510/4510/4510 4511/4511/4511 4553/4553/4553
f 4511/4511/4511 4554/4554/4554 4553/4553/4553
f 4511/4511/4511 4512/4512/4512 4554/4554/4554
f 4512/4512/4512 4555/4555/4555 4554/4554/4554
f 4512/4512/4512 4513/4513/4513 4555/4555/4555
f 4513/4513/4513 4556/4556/4556 4555/4555/4555
f 4513/4513/4513 4514/4514/4514 4556/4556/4556
f 4514/4514/4514 4557/4557/4557 4556/4556/4556
f 4514/4514/4514 4515/4515/4515 4557/4557/4557
f 4515/4515/4515 4558/4558/4558 4557/4557/4557
f 4515/4515/4515 4516/4516/4516 4558/4558/4558
f 4516/4516/4516 4559/4559/4559 4558/4558/4558
f 4516/4516/4516 4517/4517/4517 4559/4559/4559
f 4517/4517/4517 4560/4560/4560 4559/4559/4559
f 4517/4517/4517 4518/4518/4518 4560/4560/4560
f 4518/4518/4518 4561/4561/4561 4560/4560/4560
f 4518/4518/4518 4519/4519/4519 4561/4561/4561
f 4519/4519/4519 4562/4562/4562 4561/4561/4561
f 4519/4519/4519 4520/4520/4520 4562/4562/4562
f 4520/4520/4520 4563/4563/4563 4562/4562/4562
f 4520/4520/4520 4521/4521/4521 4563/4563/4563
f 4521/4521/4521 4564/4564/4564 4563/4563/4563
f 4521/4521/4521 4522/4522/4522 4564/4564/4564
f 4522/4522/4522 4565/4565/4565 4564/4564/4564
f 4522/4522/4522 4523/4523/4523 4565/4565/4565
f 4523/4523/4523 4566/4566/4566 4565/4565/4565
f 4523/4523/4523 4524/4524/4524 4566/4566/4566
f 4524/4524/4524 4567/4567/4567 4566/4566/4566
f 4524/4524/4524 4525/4525/4525 4567/4567/4567
f 4525/4525/4525 4568/4568/4568 4567/4567/4567
f 4525/4525/4525 4526/4526/4526 4568/4568/4568
f 4526/4526/4526 4569/4569/4569 4568/4568/4568
f 4527/4527/4527 4528/4528/4528 4570/4570/4570
f 4528/4528/4528 4571/4571/4571 4570/4570/4570
f 4528/4528/4528 4529/4529/4529 4571/4571/4571
f 4529/4529/4529 4572/4572/4572 4571/4571/4571
f 4529/4529/4529 4530/4530/4530 4572/4572/4572
f 4530/4530/4530 4573/4573/4573 4572/4572/4572
f 4530/4530/4530 4531/4531/4531 4573/4573/4573
f 4531/4531/4531 4574/4574/4574 4573/4573/4573
f 4531/4531/4531 4532/4532/4532 4574/4574/4574
f 4532/4532/4532 4575/4575/4575 4574/4574/4574
f 4532/4532/4532 4533/4533/4533 4575/4575/4575
f 4533/4533/4533 4576/4576/4576 4575/4575/4575
f 4533/4533/4533 4534/4534/4534 4576/4576/4576
f 4534/4534/4534 4577/4577/4577 4576/4576/4576
f 4534/4534/4534 4535/4535/4535 4577/4577/4577
f 4535/4535/4535 4578/4578/4578 4577/4577/4577
f 4535/4535/4535 4536/4536/4536 4578/4578/4578
f 4536/4536/4536 4579/4579/4579 4578/4578/4578
f 4536/4536/4536 4537/4537/4537 4579/4579/4579
f 4537/4537/4537 4580/4580/4580 4579/4579/4579
f 4537/4537/4537 4538/4538/4538 4580/4580/4580
f 4538/4538/4538 4581/4581/4581 4580/4580/4580
f 4538/4538/4538 4539/4539/4539 4581/4581/4581
f 4539/4539/4539 4582/4582/4582 4581/4581/4581
f 4539/4539/4539 4540/4540/4540 4582/4582/4582
f 4540/4540/4540 4583/4583/4583 4582/4582/4582
f 4540/4540/4540 4541/4541/4541 4583/4583/4583
f 4541/4541/4541 4584/4584/4584 4583/4583/4583
f 4541/4541/4541 4542/4542/4542 4584/4584/4584
f 4542/4542/4542 4585/4585/4585 4584/4584/4584
f 4542/4542/4542 4543/4543/4543 4585/4585/4585
f 4543/4543/4543 4586/4586/4586 4585/4585/4585
f 4543/4543/4543 4544/4544/4544 4586/4586/4586
f 4544/4544/4544 4587/4587/4587 4586/4586/4586
f 4544/4544/4544 4545/4545/4545 4587/4587/4587
f 4545/4545/4545 4588/4588/4588 4587/4587/4587
f 4545/4545/4545 4546/4546/4546 4588/4588/4588
f 4546/4546/4546 4589/4589/4589 4588/4588/4588
f 4546/4546/4546 4547/4547/4547 4589/4589/4589
f 4547/4547/4547 4590/4590/4590 4589/4589/4589
f 4547/4547/4547 4548/4548/4548 4590/4590/4590
f 4548/4548/4548 4591/4591/4591 4590/4590/4590
f 4548/4548/4548 4549/4549/4549 4591/4591/4591
f 4549/4549/4549 4592/4592/4592 4591/4591/4591
f 4549/4549/4549 4550/4550/4550 4592/4592/4592
f 4550/4550/4550 4593/4593/4593 4592/4592/4592
f 4550/4550/4550 4551/4551/4551 4593/4593/4593
f 4551/4551/4551 4594/4594/4594 4593/4593/4593
f 4551/4551/4551 4552/4552/4552 4594/4594/4594
f 4552/4552/4552 4595/4595/4595 4594/4594/4594
f 4552/4552/4552 4553/4553/4553 4595/4595/4595
f 4553/4553/4553 4596/4596/4596 4595/4595/4595
f 4553/4553/4553 4554/4554/4554 4596/4596/4596
f 4554/4554/4554 4597/4597/4597 4596/4596/4596
f 4554/4554/4554 4555/4555/4555 4597/4597/4597
f 4555/4555/4555 4598/4598/4598 4597/4597/4597
f 4555/4555/4555 4556/4556/4556 4598/4598/4598
f 4556/4556/4556 4599/4599/4599 4598/4598/4598
f 4556/4556/4556 4557/4557/4557 4599/4599/4599
f 4557/4557/4557 4600/4600/4600 4599/4599/4599
f 4557/4557/4557 4558/4558/4558 4600/4600/4600
f 4558/4558/4558 4601/4601/4601 4600/4600/4600
f 4558/4558/4558 4559/4559/4559 4601/4601/4601
f 4559/4559/4559 4602/4602/4602 4601/4601/4601
f 4559/4559/4559 4560/4560/4560 4602/4602/4602
f 4560/4560/4560 4603/4603/4603 4602/4602/4602
f 4560/4560/4560 4561/4561/4561 4603/4603/4603
f 4561/4561/4561 4604/4604/4604 4603/4603/4603
f 4561/4561/4561 4562/4562/4562 4604/4604/4604
f 4562/4562/4562 4605/4605/4605 4604/4604/4604
f 4562/4562/4562 4563/4563/4563 4605/4605/4605
f 4563/4563/4563 4606/4606/4606 4605/4605/4605
f 4563/4563/4563 4564/4564/4564 4606/4606/4606
f 4564/4564/4564 4607/4607/4607 4606/4606/4606
f 4564/4564/4564 4565/4565/4565 4607/4607/4607
f 4565/4565/4565 4608/4608/4608 4607/4607/4607
f 4565/4565/4565 4566/4566/4566 4608/4608/4608
f 4566/4566/4566 4609/4609/4609 4608/4608/4608
f 4566/4566/4566 4567/4567/4567 4609/4609/4609
f 4567/4567/4567 4610/4610/4610 4609/4609/4609
f 4567/4567/4567 4568/4568/4568 4610/4610/4610
f 4568/4568/4568 4611/4611/4611 4610/4610/4610
f 4568/4568/4568 4569/4569/4569 4611/4611/4611
f 4569/4569/4569 4612/4612/4612 4611/4611/4611
f 4570/4570/4570 4571/4571/4571 4613/4613/4613
f 4571/4571/4571 4614/4614/4614 4613/4613/4613
f 4571/4571/4571 4572/4572/4572 4614/4614/4614
f 4572/4572/4572 4615/4615/4615 4614/4614/4614
f 4572/4572/4572 4573/4573/4573 4615/4615/4615
f 4573/4573/4573 4616/4616/4616 4615/4615/4615
f 4573/4573/4573 4574/4574/4574 4616/4616/4616
f 4574/4574/4574 4617/4617/4617 4616/4616/4616
f 4574/4574/4574 4575/4575/4575 4617/4617/4617
f 4575/4575/4575 4618/4618/4618 4617/4617/4617
f 4575/4575/4575 4576/4576/4576 4618/4618/4618
f 4576/4576/4576 4619/4619/4619 4618/4618/4618
f 4576/4576/4576 4577/4577/4577 4619/4619/4619
f 4577/4577/4577 4620/4620/4620 4619/4619/4619
f 4577/4577/4577 4578/4578/4578 4620/4620/4620
f 4578/4578/4578 4621/4621/4621 4620/4620/4620
f 4578/4578/4578 4579/4579/4579 4621/4621/4621
f 4579/4579/4579 4622/4622/4622 4621/4621/4621
f 4579/4579/4579 4580/4580/4580 4622/4622/4622
f 4580/4580/4580 4623/4623/4623 4622/4622/4622
f 4580/4580/4580 4581/4581/4581 4623/4623/4623
f 4581/4581/4581 4624/4624/4624 4623/4623/4623
f 4581/4581/4581 4582/4582/4582 4624/4624/4624
f 4582/4582/4582 4625/4625/4625 4624/4624/4624
f 4582/4582/4582 4583/4583/4583 4625/4625/4625
f 4583/4583/4583 4626/4626/4626 4625/4625/4625
f 4583/4583/4583 4584/4584/4584 4626/4626/4626
f 4584/4584/4584 4627/4627/4627 4626/4626/4626
f 4584/4584/4584 4585/4585/4585 4627/4627/4627
f 4585/4585/4585 4628/4628/4628 4627/4627/4627
f 4585/4585/4585 4586/4586/4586 4628/4628/4628
f 4586/4586/4586 4629/4629/4629 4628/4628/4628
f 4586/4586/4586 4587/4587/4587 4629/4629/4629
f 4587/4587/4587 4630/4630/4630 4629/4629/4629
f 4587/4587/4587 4588/4588/4588 4630/4630/4630
f 4588/4588/4588 4631/4631/4631 4630/4630/4630
f 4588/4588/4588 4589/4589/4589 4631/4631/4631
f 4589/4589/4589 4632/4632/4632 4631/4631/4631
f 4589/4589/4589 4590/4590/4590 4632/4632/4632
f 4590/4590/4590 4633/4633/4633 4632/4632/4632
f 4590/4590/4590 4591/4591/4591 4633/4633/4633
f 4591/4591/4591 4634/4634/4634 4633/4633/4633
f 4591/4591/4591 4592/4592/4592 4634/4634/4634
f 4592/4592/4592 4635/4635/4635 4634/4634/4634
f 4592/4592/4592 4593/4593/4593 4635/4635/4635
f 4593/4593/4593 4636/4636/4636 4635/4635/4635
f 4593/4593/4593 4594/4594/4594 4636/4636/4636
f 4594/4594/4594 4637/4637/4637 4636/4636/4636
f 4594/4594/4594 4595/4595/4595 4637/4637/4637
f 4595/4595/4595 4638/4638/4638 4637/4637/4637
f 4595/4595/4595 4596/4596/4596 4638/4638/4638
f 4596/4596/4596 4639/4639/4639 4638/4638/4638
f 4596/4596/4596 4597/4597/4597 4639/4639/4639
f 4597/4597/4597 4640/4640/4640 4639/4639/4639
f 4597/4597/4597 4598/4598/4598 4640/4640/4640
f 4598/4598/4598 4641/4641/4641 4640/4640/4640
f 4598/4598/4598 4599/4599/4599 4641/4641/4641
f 4599/4599/4599 4642/4642/4642 4641/4641/4641
f 4599/4599/4599 4600/4600/4600 4642/4642/4642
f 4600/4600/4600 4643/4643/4643 4642/4642/4642
f 4600/4600/4600 4601/4601/4601 4643/4643/4643
f 4601/4601/4601 4644/4644/4644 4643/4643/4643
f 4601/4601/4601 4602/4602/4602 4644/4644/4644
f 4602/4602/4602 4645/4645/4645 4644/4644/4644
f 4602/4602/4602 4603/4603/4603 4645/4645/4645
f 4603/4603/4603 4646/4646/4646 4645/4645/4645
f 4603/4603/4603 4604/4604/4604 4646/4646/4646
f 4604/4604/4604 4647/4647/4647 4646/4646/4646
f 4604/4604/4604 4605/4605/4605 4647/4647/4647
f 4605/4605/4605 4648/4648/4648 4647/4647/4647
f 4605/4605/4605 4606/4606/4606 4648/4648/4648
f 4606/4606/4606 4649/4649/4649 4648/4648/4648
f 4606/4606/4606 4607/4607/4607 4649/4649/4649
f 4607/4607/4607 4650/4650/4650 4649/4649/4649
f 4607/4607/4607 4608/4608/4608 4650/4650/4650
f 4608/4608/4608 4651/4651/4651 4650/4650/4650
f 4608/4608/4608 4609/4609/4609 4651/4651/4651
f 4609/4609/4609 4652/4652/4652 4651/4651/4651
f 4609/4609/4609 4610/4610/4610 4652/4652/4652
f 4610/4610/4610 4653/4653/4653 4652/4652/4652
f 4610/4610/4610 4611/4611/4611 4653/4653/4653
f 4611/4611/4611 4654/4654/4654 4653/4653/4653
f 4611/4611/4611 4612/4612/4612 4654/4654/4654
f 4612/4612/4612 4655/4655/4655 4654/4654/4654
f 4613/4613/4613 4614/4614/4614 4656/4656/4656
f 4614/4614/4614 4657/4657/4657 4656/4656/4656
f 4614/4614/4614 4615/4615/4615 4657/4657/4657
f 4615/4615/4615 4658/4658/4658 4657/4657/4657
f 4615/4615/4615 4616/4616/4616 4658/4658/4658
f 4616/4616/4616 4659/4659/4659 4658/4658/4658
f 4616/4616/4616 4617/4617/4617 4659/4659/4659
f 4617/4617/4617 4660/4660/4660 4659/4659/4659
f 4617/4617/4617 4618/4618/4618 4660/4660/4660
f 4618/4618/4618 4661/4661/4661 4660/4660/4660
f 4618/4618/4618 4619/4619/4619 4661/4661/4661
f 4619/4619/4619 4662/4662/4662 4661/4661/4661
f 4619/4619/4619 4620/4620/4620 4662/4662/4662
f 4620/4620/4620 4663/4663/4663 4662/4662/4662
f 4620/4620/4620 4621/4621/4621 4663/4663/4663
f 4621/4621/4621 4664/4664/4664 4663/4663/4663
f 4621/4621/4621 4622/4622/4622 4664/4664/4664
f 4622/4622/4622 4665/4665/4665 4664/4664/4664
f 4622/4622/4622 4623/4623/4623 4665/4665/4665
f 4623/4623/4623 4666/4666/4666 4665/4665/4665
f 4623/4623/4623 4624/4624/4624 4666/4666/4666
f 4624/4624/4624 4667/4667/4667 4666/4666/4666
f 4624/4624/4624 4625/4625/4625 4667/4667/4667
f 4625/4625/4625 4668/4668/4668 4667/4667/4667
f 4625/4625/4625 4626/4626/4626 4668/4668/4668
f 4626/4626/4626 4669/4669/4669 4668/4668/4668
f 4626/4626/4626 4627/4627/4627 4669/4669/4669
f 4627/4627/4627 4670/4670/4670 4669/4669/4669
f 4627/4627/4627 4628/4628/4628 4670/4670/4670
f 4628/4628/4628 4671/4671/4671 4670/4670/4670
f 4628/4628/4628 4629/4629/4629 4671/4671/4671
f 4629/4629/4629 4672/4672/4672 4671/4671/4671
f 4629/4629/4629 4630/4630/4630 4672/4672/4672
f 4630/4630/4630 4673/4673/4673 4672/4672/4672
f 4630/4630/4630 4631/4631/4631 4673/4673/4673
f 4631/4631/4631 4674/4674/4674 4673/4673/4673
f 4631/4631/4631 4632/4632/4632 4674/4674/4674
f 4632/4632/4632 4675/4675/4675 4674/4674/4674
f 4632/4632/4632 4633/4633/4633 4675/4675/4675
f 4633/4633/4633 4676/4676/4676 4675/4675/4675
f 4633/4633/4633 4634/4634/4634 4676/4676/4676
f 4634/4634/4634 4677/4677/4677 4676/4676/4676
f 4634/4634/4634 4635/4635/4635 4677/4677/4677
f 4635/4635/4635 4678/4678/4678 4677/4677/4677
f 4635/4635/4635 4636/4636/4636 4678/4678/4678
f 4636/4636/4636 4679/4679/4679 4678/4678/4678
f 4636/4636/4636 4637/4637/4637 4679/4679/4679
f 4637/4637/4637 4680/4680/4680 4679/4679/4679
f 4637/4637/4637 4638/4638/4638 4680/4680/4680
f 4638/4638/4638 4681/4681/4681 4680/4680/4680
f 4638/4638/4638 4639/4639/4639 4681/4681/4681
f 4639/4639/4639 4682/4682/4682 4681/4681/4681
f 4639/4639/4639 4640/4640/4640 4682/4682/4682
f 4640/4640/4640 4683/4683/4683 4682/4682/4682
f 4640/4640/4640 4641/4641/4641 4683/4683/4683
f 4641/4641/4641 4684/4684/4684 4683/4683/4683
f 4641/4641/4641 4642/4642/4642 4684/4684/4684
f 4642/4642/4642 4685/4685/4685 4684/4684/4684
f 4642/4642/4642 4643/4643/4643 4685/4685/4685
f 4643/4643/4643 4686/4686/4686 4685/4685/4685
f 4643/4643/4643 4644/4644/4644 4686/4686/4686
f 4644/4644/4644 4687/4687/4687 4686/4686/4686
f 4644/4644/4644 4645/4645/4645 4687/4687/4687
f 4645/4645/4645 4688/4688/4688 4687/4687/4687
f 4645/4645/4645 4646/4646/4646 4688/4688/4688
f 4646/4646/4646 4689/4689/4689 4688/4688/4688
f 4646/4646/4646 4647/4647/4647 4689/4689/4689
f 4647/4647/4647 4690/4690/4690 4689/4689/4689
f 4647/4647/4647 4648/4648/4648 4690/4690/4690
f 4648/4648/4648 4691/4691/4691 4690/4690/4690
f 4648/4648/4648 4649/4649/4649 4691/4691/4691
f 4649/4649/4649 4692/4692/4692 4691/4691/4691
f 4649/4649/4649 4650/4650/4650 4692/4692/4692
f 4650/4650/4650 4693/4693/4693 4692/4692/4692
f 4650/4650/4650 4651/4651/4651 4693/4693/4693
f 4651/4651/4651 4694/4694/4694 4693/4693/4693
f 4651/4651/4651 4652/4652/4652 4694/4694/4694
f 4652/4652/4652 4695/4695/4695 4694/4694/4694
f 4652/4652/4652 4653/4653/4653 4695/4695/4695
f 4653/4653/4653 4696/4696/4696 4695/4695/4695
f 4653/4653/4653 4654/4654/4654 4696/4696/4696
f 4654/4654/4654 4697/4697/4697 4696/4696/4696
f 4654/4654/4654 4655/4655/4655 4697/4697/4697
f 4655/4655/4655 4698/4698/4698 4697/4697/4697
f 4656/4656/4656 4657/4657/4657 4699/4699/4699
f 4657/4657/4657 4700/4700/4700 4699/4699/4699
f 4657/4657/4657 4658/4658/4658 4700/4700/4700
f 4658/4658/4658 4701/4701/4701 4700/4700/4700
f 4658/4658/4658 4659/4659/4659 4701/4701/4701
f 4659/4659/4659 4702/4702/4702 4701/4701/4701
f 4659/4659/4659 4660/4660/4660 4702/4702/4702
f 4660/4660/4660 4703/4703/4703 4702/4702/4702
f 4660/4660/4660 4661/4661/4661 4703/4703/4703
f 4661/4661/4661 4704/4704/4704 4703/4703/4703
f 4661/4661/4661 4662/4662/4662 4704/4704/4704
f 4662/4662/4662 4705/4705/4705 4704/4704/4704
f 4662/4662/4662 4663/4663/4663 4705/4705/4705
f 4663/4663/4663 4706/4706/4706 4705/4705/4705
f 4663/4663/4663 4664/4664/4664 4706/4706/4706
f 4664/4664/4664 4707/4707/4707 4706/4706/4706
f 4664/4664/4664 4665/4665/4665 4707/4707/4707
f 4665/4665/4665 4708/4708/4708 4707/4707/4707
f 4665/4665/4665 4666/4666/4666 4708/4708/4708
f 4666/4666/4666 4709/4709/4709 4708/4708/4708
f 4666/4666/4666 4667/4667/4667 4709/4709/4709
f 4667/4667/4667 4710/4710/4710 4709/4709/4709
f 4667/4667/4667 4668/4668/4668 4710/4710/4710
f 4668/4668/4668 4711/4711/4711 4710/4710/4710
f 4668/4668/4668 4669/4669/4669 4711/4711/4711
f 4669/4669/4669 4712/4712/4712 4711/4711/4711
f 4669/4669/4669 4670/4670/4670 4712/4712/4712
f 4670/4670/4670 4713/4713/4713 4712/4712/4712
f 4670/4670/4670 4671/4671/4671 4713/4713/4713
f 4671/4671/4671 4714/4714/4714 4713/4713/4713
f 4671/4671/4671 4672/4672/4672 4714/4714/4714
f 4672/4672/4672 4715/4715/4715 4714/4714/4714
f 4672/4672/4672 4673/4673/4673 4715/4715/4715
f 4673/4673/4673 4716/4716/4716 4715/4715/4715
f 4673/4673/4673 4674/4674/4674 4716/4716/4716
f 4674/4674/4674 4717/4717/4717 4716/4716/4716
f 4674/4674/4674 4675/4675/4675 4717/4717/4717
f 4675/4675/4675 4718/4718/4718 4717/4717/4717
f 4675/4675/4675 4676/4676/4676 4718/4718/4718
f 4676/4676/4676 4719/4719/4719 4718/4718/4718
f 4676/4676/4676 4677/4677/4677 4719/4719/4719
f 4677/4677/4677 4720/4720/4720 4719/4719/4719
f 4677/4677/4677 4678/4678/4678 4720/4720/4720
f 4678/4678/4678 4721/4721/4721 4720/4720/4720
f 4678/4678/4678 4679/4679/4679 4721/4721/4721
f 4679/4679/4679 4722/4722/4722 4721/4721/4721
f 4679/4679/4679 4680/4680/4680 4722/4722/4722
f 4680/4680/4680 4723/4723/4723 4722/4722/4722
f 4680/4680/4680 4681/4681/4681 4723/4723/4723
f 4681/4681/4681 4724/4724/4724 4723/4723/4723
f 4681/4681/4681 4682/4682/4682 4724/4724/4724
f 4682/4682/4682 4725/4725/4725 4724/4724/4724
f 4682/4682/4682 4683/4683/4683 4725/4725/4725
f 4683/4683/4683 4726/4726/4726 4725/4725/4725
f 4683/4683/4683 4684/4684/4684 4726/4726/4726
f 4684/4684/4684 4727/4727/4727 4726/4726/4726
f 4684/4684/4684 4685/4685/4685 4727/4727/4727
f 4685/4685/4685 4728/4728/4728 4727/4727/4727
f 4685/4685/4685 4686/4686/4686 4728/4728/4728
f 4686/4686/4686 4729/4729/4729 4728/4728/4728
f 4686/4686/4686 4687/4687/4687 4729/4729/4729
f 4687/4687/4687 4730/4730/4730 4729/4729/4729
f 4687/4687/4687 4688/4688/4688 4730/4730/4730
f 4688/4688/4688 4731/4731/4731 4730/4730/4730
f 4688/4688/4688 4689/4689/4689 4731/4731/4731
f 4689/4689/4689 4732/4732/4732 4731/4731/4731
f 4689/4689/4689 4690/4690/4690 4732/4732/4732
f 4690/4690/4690 4733/4733/4733 4732/4732/4732
f 4690/4690/4690 4691/4691/4691 4733/4733/4733
f 4691/4691/4691 4734/4734/4734 4733/4733/4733
f 4691/4691/4691 4692/4692/4692 4734/4734/4734
f 4692/4692/4692 4735/4735/4735 4734/4734/4734
f 4692/4692/4692 4693/4693/4693 4735/4735/4735
f 4693/4693/4693 4736/4736/4736 4735/4735/4735
f 4693/4693/4693 4694/4694/4694 4736/4736/4736
f 4694/4694/4694 4737/4737/4737 4736/4736/4736
f 4694/4694/4694 4695/4695/4695 4737/4737/4737
f 4695/4695/4695 4738/4738/4738 4737/4737/4737
f 4695/4695/4695 4696/4696/4696 4738/4738/4738
f 4696/4696/4696 4739/4739/4739 4738/4738/4738
f 4696/4696/4696 4697/4697/4697 4739/4739/4739
f 4697/4697/4697 4740/4740/4740 4739/4739/4739
f 4697/4697/4697 4698/4698/4698 4740/4740/4740
f 4698/4698/4698 4741/4741/4741 4740/4740/4740
f 4699/4699/4699 4700/4700/4700 4742/4742/4742
f 4700/4700/4700 4743/4743/4743 4742/4742/4742
f 4700/4700/4700 4701/4701/4701 4743/4743/4743
f 4701/4701/4701 4744/4744/4744 4743/4743/4743
f 4701/4701/4701 4702/4702/4702 4744/4744/4744
f 4702/4702/4702 4745/4745/4745 4744/4744/4744
f 4702/4702/4702 4703/4703/4703 4745/4745/4745
f 4703/4703/4703 4746/4746/4746 4745/4745/4745
f 4703/4703/4703 4704/4704/4704 4746/4746/4746
f 4704/4704/4704 4747/4747/4747 4746/4746/4746
f 4704/4704/4704 4705/4705/4705 4747/4747/4747
f 4705/4705/4705 4748/4748/4748 4747/4747/4747
f 4705/4705/4705 4706/4706/4706 4748/4748/4748
f 4706/4706/4706 4749/4749/4749 4748/4748/4748
f 4706/4706/4706 4707/4707/4707 4749/4749/4749
f 4707/4707/4707 4750/4750/4750 4749/4749/4749
f 4707/4707/4707 4708/4708/4708 4750/4750/4750
f 4708/4708/4708 4751/4751/4751 4750/4750/4750
f 4708/4708/4708 4709/4709/4709 4751/4751/4751
f 4709/4709/4709 4752/4752/4752 4751/4751/4751
f 4709/4709/4709 4710/4710/4710 4752/4752/4752
f 4710/4710/4710 4753/4753/4753 4752/4752/4752
f 4710/4710/4710 4711/4711/4711 4753/4753/4753
f 4711/4711/4711 4754/4754/4754 4753/4753/4753
f 4711/4711/4711 4712/4712/4712 4754/4754/4754
f 4712/4712/4712 4755/4755/4755 4754/4754/4754
f 4712/4712/4712 4713/4713/4713 4755/4755/4755
f 4713/4713/4713 4756/4756/4756 4755/4755/4755
f 4713/4713/4713 4714/4714/4714 4756/4756/4756
f 4714/4714/4714 4757/4757/4757 4756/4756/4756
f 4714/4714/4714 4715/4715/4715 4757/4757/4757
f 4715/4715/4715 4758/4758/4758 4757/4757/4757
f 4715/4715/4715 4716/4716/4716 4758/4758/4758
f 4716/4716/4716 4759/4759/4759 4758/4758/4758
f 4716/4716/4716 4717/4717/4717 4759/4759/4759
f 4717/4717/4717 4760/4760/4760 4759/4759/4759
f 4717/4717/4717 4718/4718/4718 4760/4760/4760
f 4718/4718/4718 4761/4761/4761 4760/4760/4760
f 4718/4718/4718 4719/4719/4719 4761/4761/4761
f 4719/4719/4719 4762/4762/4762 4761/4761/4761
f 4719/4719/4719 4720/4720/4720 4762/4762/4762
f 4720/4720/4720 4763/4763/4763 4762/4762/4762
f 4720/4720/4720 4721/4721/4721 4763/4763/4763
f 4721/4721/4721 4764/4764/4764 4763/4763/4763
f 4721/4721/4721 4722/4722/4722 4764/4764/4764
f 4722/4722/4722 4765/4765/4765 4764/4764/4764
f 4722/4722/4722 4723/4723/4723 4765/4765/4765
f 4723/4723/4723 4766/4766/4766 4765/4765/4765
f 4723/4723/4723 4724/4724/4724 4766/4766/4766
f 4724/4724/4724 4767/4767/4767 4766/4766/4766
f 4724/4724/4724 4725/4725/4725 4767/4767/4767
f 4725/4725/4725 4768/4768/4768 4767/4767/4767
f 4725/4725/4725 4726/4726/4726 4768/4768/4768
f 4726/4726/4726 4769/4769/4769 4768/4768/4768
f 4726/4726/4726 4727/4727/4727 4769/4769/4769
f 4727/4727/4727 4770/4770/4770 4769/4769/4769
f 4727/4727/4727 4728/4728/4728 4770/4770/4770
f 4728/4728/4728 4771/4771/4771 4770/4770/4770
f 4728/4728/4728 4729/4729/4729 4771/4771/4771
f 4729/4729/4729 4772/4772/4772 4771/4771/4771
f 4729/4729/4729 4730/4730/4730 4772/4772/4772
f 4730/4730/4730 4773/4773/4773 4772/4772/4772
f 4730/4730/4730 4731/4731/4731 4773/4773/4773
f 4731/4731/4731 4774/4774/4774 4773/4773/4773
f 4731/4731/4731 4732/4732/4732 4774/4774/4774
f 4732/4732/4732 4775/4775/4775 4774/4774/4774
f 4732/4732/4732 4733/4733/4733 4775/4775/4775
f 4733/4733/4733 4776/4776/4776 4775/4775/4775
f 4733/4733/4733 4734/4734/4734 4776/4776/4776
f 4734/4734/4734 4777/4777/4777 4776/4776/4776
f 4734/4734/4734 4735/4735/4735 4777/4777/4777
f 4735/4735/4735 4778/4778/4778 4777/4777/4777
f 4735/4735/4735 4736/4736/4736 4778/4778/4778
f 4736/4736/4736 4779/4779/4779 4778/4778/4778
f 4736/4736/4736 4737/4737/4737 4779/4779/4779
f 4737/4737/4737 4780/4780/4780 4779/4779/4779
f 4737/4737/4737 4738/4738/4738 4780/4780/4780
f 4738/4738/4738 4781/4781/4781 4780/4780/4780
f 4738/4738/4738 4739/4739/4739 4781/4781/4781
f 4739/4739/4739 4782/4782/4782 4781/4781/4781
f 4739/4739/4739 4740/4740/4740 4782/4782/4782
f 4740/4740/4740 4783/4783/4783 4782/4782/4782
f 4740/4740/4740 4741/4741/4741 4783/4783/4783
f 4741/4741/4741 4784/4784/4784 4783/4783/4783
f 4742/4742/4742 4743/4743/4743 4785/4785/4785
f 4743/4743/4743 4786/4786/4786 4785/4785/4785
f 4743/4743/4743 4744/4744/4744 4786/4786/4786
f 4744/4744/4744 4787/4787/4787 4786/4786/4786
f 4744/4744/4744 4745/4745/4745 4787/4787/4787
f 4745/4745/4745 4788/4788/4788 4787/4787/4787
f 4745/4745/4745 4746/4746/4746 4788/4788/4788
f 4746/4746/4746 4789/4789/4789 4788/4788/4788
f 4746/4746/4746 4747/4747/4747 4789/4789/4789
f 4747/4747/4747 4790/4790/4790 4789/4789/4789
f 4747/4747/4747 4748/4748/4748 4790/4790/4790
f 4748/4748/4748 4791/4791/4791 4790/4790/4790
f 4748/4748/4748 4749/4749/4749 4791/4791/4791
f 4749/4749/4749 4792/4792/4792 4791/4791/4791
f 4749/4749/4749 4750/4750/4750 4792/4792/4792
f 4750/4750/4750 4793/4793/4793 4792/4792/4792
f 4750/4750/4750 4751/4751/4751 4793/4793/4793
f 4751/4751/4751 4794/4794/4794 4793/4793/4793
f 4751/4751/4751 4752/4752/4752 4794/4794/4794
f 4752/4752/4752 4795/4795/4795 4794/4794/4794
f 4752/4752/4752 4753/4753/4753 4795/4795/4795
f 4753/4753/4753 4796/4796/4796 4795/4795/4795
f 4753/4753/4753 4754/4754/4754 4796/4796/4796
f 4754/4754/4754 4797/4797/4797 4796/4796/4796
f 4754/4754/4754 4755/4755/4755 4797/4797/4797
f 4755/4755/4755 4798/4798/4798 4797/4797/4797
f 4755/4755/4755 4756/4756/4756 4798/4798/4798
f 4756/4756/4756 4799/4799/4799 4798/4798/4798
f 4756/4756/4756 4757/4757/4757 4799/4799/4799
f 4757/4757/4757 4800/4800/4800 4799/4799/4799
f 4757/4757/4757 4758/4758/4758 4800/4800/4800
f 4758/4758/4758 4801/4801/4801 4800/4800/4800
f 4758/4758/4758 4759/4759/4759 4801/4801/4801
f 4759/4759/4759 4802/4802/4802 4801/4801/4801
f 4759/4759/4759 4760/4760/4760 4802/4802/4802
f 4760/4760/4760 4803/4803/4803 4802/4802/4802
f 4760/4760/4760 4761/4761/4761 4803/4803/4803
f 4761/4761/4761 4804/4804/4804 4803/4803/4803
f 4761/4761/4761 4762/4762/4762 4804/4804/4804
f 4762/4762/4762 4805/4805/4805 4804/4804/4804
f 4762/4762/4762 4763/4763/4763 4805/4805/4805
f 4763/4763/4763 4806/4806/4806 4805/4805/4805
f 4763/4763/4763 4764/4764/4764 4806/4806/4806
f 4764/4764/4764 4807/4807/4807 4806/4806/4806
f 4764/4764/4764 4765/4765/4765 4807/4807/4807
f 4765/4765/4765 4808/4808/4808 4807/4807/4807
f 4765/4765/4765 4766/4766/4766 4808/4808/4808
f 4766/4766/4766 4809/4809/4809 4808/4808/4808
f 4766/4766/4766 4767/4767/4767 4809/4809/4809
f 4767/4767/4767 4810/4810/4810 4809/4809/4809
f 4767/4767/4767 4768/4768/4768 4810/4810/4810
f 4768/4768/4768 4811/4811/4811 4810/4810/4810
f 4768/4768/4768 4769/4769/4769 4811/4811/4811
f 4769/4769/4769 4812/4812/4812 4811/4811/4811
f 4769/4769/4769 4770/4770/4770 4812/4812/4812
f 4770/4770/4770 4813/4813/4813 4812/4812/4812
f 4770/4770/4770 4771/4771/4771 4813/4813/4813
f 4771/4771/4771 4814/4814/4814 4813/4813/4813
f 4771/4771/4771 4772/4772/4772 4814/4814/4814
f 4772/4772/4772 4815/4815/4815 4814/4814/4814
f 4772/4772/4772 4773/4773/4773 4815/4815/4815
f 4773/4773/4773 4816/4816/4816 4815/4815/4815
f 4773/4773/4773 4774/4774/4774 4816/4816/4816
f 4774/4774/4774 4817/4817/4817 4816/4816/4816
f 4774/4774/4774 4775/4775/4775 4817/4817/4817
f 4775/4775/4775 4818/4818/4818 4817/4817/4817
f 4775/4775/4775 4776/4776/4776 4818/4818/4818
f 4776/4776/4776 4819/4819/4819 4818/4818/4818
f 4776/4776/4776 4777/4777/4777 4819/4819/4819
f 4777/4777/4777 4820/4820/4820 4819/4819/4819
f 4777/4777/4777 4778/4778/4778 4820/4820/4820
f 4778/4778/4778 4821/4821/4821 4820/4820/4820
f 4778/4778/4778 4779/4779/4779 4821/4821/4821
f 4779/4779/4779 4822/4822/4822 4821/4821/4821
f 4779/4779/4779 4780/4780/4780 4822/4822/4822
f 4780/4780/4780 4823/4823/4823 4822/4822/4822
f 4780/4780/4780 4781/4781/4781 4823/4823/4823
f 4781/4781/4781 4824/4824/4824 4823/4823/4823
f 4781/4781/4781 4782/4782/4782 4824/4824/4824
f 4782/4782/4782 4825/4825/4825 4824/4824/4824
f 4782/4782/4782 4783/4783/4783 4825/4825/4825
f 4783/4783/4783 4826/4826/4826 4825/4825/4825
f 4783/4783/4783 4784/4784/4784 4826/4826/4826
f 4784/4784/4784 4827/4827/4827 4826/4826/4826
f 4785/4785/4785 4786/4786/4786 4828/4828/4828
f 4786/4786/4786 4829/4829/4829 4828/4828/4828
f 4786/4786/4786 4787/4787/4787 4829/4829/4829
f 4787/4787/4787 4830/4830/4830 4829/4829/4829
f 4787/4787/4787 4788/4788/4788 4830/4830/4830
f 4788/4788/4788 4831/4831/4831 4830/4830/4830
f 4788/4788/4788 4789/4789/4789 4831/4831/4831
f 4789/4789/4789 4832/4832/4832 4831/4831/4831
f 4789/4789/4789 4790/4790/4790 4832/4832/4832
f 4790/4790/4790 4833/4833/4833 4832/4832/4832
f 4790/4790/4790 4791/4791/4791 4833/4833/4833
f 4791/4791/4791 4834/4834/4834 4833/4833/4833
f 4791/4791/4791 4792/4792/4792 4834/4834/4834
f 4792/4792/4792 4835/4835/4835 4834/4834/4834
f 4792/4792/4792 4793/4793/4793 4835/4835/4835
f 4793/4793/4793 4836/4836/4836 4835/4835/4835
f 4793/4793/4793 4794/4794/4794 4836/4836/4836
f 4794/4794/4794 4837/4837/4837 4836/4836/4836
f 4794/4794/4794 4795/4795/4795 4837/4837/4837
f 4795/4795/4795 4838/4838/4838 4837/4837/4837
f 4795/4795/4795 4796/4796/4796 4838/4838/4838
f 4796/4796/4796 4839/4839/4839 4838/4838/4838
f 4796/4796/4796 4797/4797/4797 4839/4839/4839
f 4797/4797/4797 4840/4840/4840 4839/4839/4839
f 4797/4797/4797 4798/4798/4798 4840/4840/4840
f 4798/4798/4798 4841/4841/4841 4840/4840/4840
f 4798/4798/4798 4799/4799/4799 4841/4841/4841
f 4799/4799/4799 4842/4842/4842 4841/4841/4841
f 4799/4799/4799 4800/4800/4800 4842/4842/4842
f 4800/4800/4800 4843/4843/4843 4842/4842/4842
f 4800/4800/4800 4801/4801/4801 4843/4843/4843
f 4801/4801/4801 4844/4844/4844 4843/4843/4843
f 4801/4801/4801 4802/4802/4802 4844/4844/4844
f 4802/4802/4802 4845/4845/4845 4844/4844/4844
f 4802/4802/4802 4803/4803/4803 4845/4845/4845
f 4803/4803/4803 4846/4846/4846 4845/4845/4845
f 4803/4803/4803 4804/4804/4804 4846/4846/4846
f 4804/4804/4804 4847/4847/4847 4846/4846/4846
f 4804/4804/4804 4805/4805/4805 4847/4847/4847
f 4805/4805/4805 4848/4848/4848 4847/4847/4847
f 4805/4805/4805 4806/4806/4806 4848/4848/4848
f 4806/4806/4806 4849/4849/4849 4848/4848/4848
f 4806/4806/4806 4807/4807/4807 4849/4849/4849
f 4807/4807/4807 4850/4850/4850 4849/4849/4849
f 4807/4807/4807 4808/4808/4808 4850/4850/4850
f 4808/4808/4808 4851/4851/4851 4850/4850/4850
f 4808/4808/4808 4809/4809/4809 4851/4851/4851
f 4809/4809/4809 4852/4852/4852 4851/4851/4851
f 4809/4809/4809 4810/4810/4810 4852/4852/4852
f 4810/4810/4810 4853/4853/4853 4852/4852/4852
f 4810/4810/4810 4811/4811/4811 4853/4853/4853
f 4811/4811/4811 4854/4854/4854 4853/4853/4853
f 4811/4811/4811 4812/4812/4812 4854/4854/4854
f 4812/4812/4812 4855/4855/4855 4854/4854/4854
f 4812/4812/4812 4813/4813/4813 4855/4855/4855
f 4813/4813/4813 4856/4856/4856 4855/4855/4855
f 4813/4813/4813 4814/4814/4814 4856/4856/4856
f 4814/4814/4814 4857/4857/4857 4856/4856/4856
f 4814/4814/4814 4815/4815/4815 4857/4857/4857
f 4815/4815/4815 4858/4858/4858 4857/4857/4857
f 4815/4815/4815 4816/4816/4816 4858/4858/4858
f 4816/4816/4816 4859/4859/4859 4858/4858/4858
f 4816/4816/4816 4817/4817/4817 4859/4859/4859
f 4817/4817/4817 4860/4860/4860 4859/4859/4859
f 4817/4817/4817 4818/4818/4818 4860/4860/4860
f 4818/4818/4818 4861/4861/4861 4860/4860/4860
f 4818/4818/4818 4819/4819/4819 4861/4861/4861
f 4819/4819/4819 4862/4862/4862 4861/4861/4861
f 4819/4819/4819 4820/4820/4820 4862/4862/4862
f 4820/4820/4820 4863/4863/4863 4862/4862/4862
f 4820/4820/4820 4821/4821/4821 4863/4863/4863
f 4821/4821/4821 4864/4864/4864 4863/4863/4863
f 4821/4821/4821 4822/4822/4822 4864/4864/4864
f 4822/4822/4822 4865/4865/4865 4864/4864/4864
f 4822/4822/4822 4823/4823/4823 4865/4865/4865
f 4823/4823/4823 4866/4866/4866 4865/4865/4865
f 4823/4823/4823 4824/4824/4824 4866/4866/4866
f 4824/4824/4824 4867/4867/4867 4866/4866/4866
f 4824/4824/4824 4825/4825/4825 4867/4867/4867
f 4825/4825/4825 4868/4868/4868 4867/4867/4867
f 4825/4825/4825 4826/4826/4826 4868/4868/4868
f 4826/4826/4826 4869/4869/4869 4868/4868/4868
f 4826/4826/4826 4827/4827/4827 4869/4869/4869
f 4827/4827/4827 4870/4870/4870 4869/4869/4869
f 4828/4828/4828 4829/4829/4829 4871/4871/4871
f 4829/4829/4829 4872/4872/4872 4871/4871/4871
f 4829/4829/4829 4830/4830/4830 4872/4872/4872
f 4830/4830/4830 4873/4873/4873 4872/4872/4872
f 4830/4830/4830 4831/4831/4831 4873/4873/4873
f 4831/4831/4831 4874/4874/4874 4873/4873/4873
f 4831/4831/4831 4832/4832/4832 4874/4874/4874
f 4832/4832/4832 4875/4875/4875 4874/4874/4874
f 4832/4832/4832 4833/4833/4833 4875/4875/4875
f 4833/4833/4833 4876/4876/4876 4875/4875/4875
f 4833/4833/4833 4834/4834/4834 4876/4876/4876
f 4834/4834/4834 4877/4877/4877 4876/4876/4876
f 4834/4834/4834 4835/4835/4835 4877/4877/4877
f 4835/4835/4835 4878/4878/4878 4877/4877/4877
f 4835/4835/4835 4836/4836/4836 4878/4878/4878
f 4836/4836/4836 4879/4879/4879 4878/4878/4878
f 4836/4836/4836 4837/4837/4837 4879/4879/4879
f 4837/4837/4837 4880/4880/4880 4879/4879/4879
f 4837/4837/4837 4838/4838/4838 4880/4880/4880
f 4838/4838/4838 4881/4881/4881 4880/4880/4880
f 4838/4838/4838 4839/4839/4839 4881/4881/4881
f 4839/4839/4839 4882/4882/4882 4881/4881/4881
f 4839/4839/4839 4840/4840/4840 4882/4882/4882
f 4840/4840/4840 4883/4883/4883 4882/4882/4882
f 4840/4840/4840 4841/4841/4841 4883/4883/4883
f 4841/4841/4841 4884/4884/4884 4883/4883/4883
f 4841/4841/4841 4842/4842/4842 4884/4884/4884
f 4842/4842/4842 4885/4885/4885 4884/4884/4884
f 4842/4842/4842 4843/4843/4843 4885/4885/4885
f 4843/4843/4843 4886/4886/4886 4885/4885/4885
f 4843/4843/4843 4844/4844/4844 4886/4886/4886
f 4844/4844/4844 4887/4887/4887 4886/4886/4886
f 4844/4844/4844 4845/4845/4845 4887/4887/4887
f 4845/4845/4845 4888/4888/4888 4887/4887/4887
f 4845/4845/4845 4846/4846/4846 4888/4888/4888
f 4846/4846/4846 4889/4889/4889 4888/4888/4888
f 4846/4846/4846 4847/4847/4847 4889/4889/4889
f 4847/4847/4847 4890/4890/4890 4889/4889/4889
f 4847/4847/4847 4848/4848/4848 4890/4890/4890
f 4848/4848/4848 4891/4891/4891 4890/4890/4890
f 4848/4848/4848 4849/4849/4849 4891/4891/4891
f 4849/4849/4849 4892/4892/4892 4891/4891/4891
f 4849/4849/4849 4850/4850/4850 4892/4892/4892
f 4850/4850/4850 4893/4893/4893 4892/4892/4892
f 4850/4850/4850 4851/4851/4851 4893/4893/4893
f 4851/4851/4851 4894/4894/4894 4893/4893/4893
f 4851/4851/4851 4852/4852/4852 4894/4894/4894
f 4852/4852/4852 4895/4895/4895 4894/4894/4894
f 4852/4852/4852 4853/4853/4853 4895/4895/4895
f 4853/4853/4853 4896/4896/4896 4895/4895/4895
f 4853/4853/4853 4854/4854/4854 4896/4896/4896
f 4854/4854/4854 4897/4897/4897 4896/4896/4896
f 4854/4854/4854 4855/4855/4855 4897/4897/4897
f 4855/4855/4855 4898/4898/4898 4897/4897/4897
f 4855/4855/4855 4856/4856/4856 4898/4898/4898
f 4856/4856/4856 4899/4899/4899 4898/4898/4898
f 4856/4856/4856 4857/4857/4857 4899/4899/4899
f 4857/4857/4857 4900/4900/4900 4899/4899/4899
f 4857/4857/4857 4858/4858/4858 4900/4900/4900
f 4858/4858/4858 4901/4901/4901 4900/4900/4900
f 4858/4858/4858 4859/4859/4859 4901/4901/4901
f 4859/4859/4859 4902/4902/4902 4901/4901/4901
f 4859/4859/4859 4860/4860/4860 4902/4902/4902
f 4860/4860/4860 4903/4903/4903 4902/4902/4902
f 4860/4860/4860 4861/4861/4861 4903/4903/4903
f 4861/4861/4861 4904/4904/4904 4903/4903/4903
f 4861/4861/4861 4862/4862/4862 4904/4904/4904
f 4862/4862/4862 4905/4905/4905 4904/4904/4904
f 4862/4862/4862 4863/4863/4863 4905/4905/4905
f 4863/4863/4863 4906/4906/4906 4905/4905/4905
f 4863/4863/4863 4864/4864/4864 4906/4906/4906
f 4864/4864/4864 4907/4907/4907 4906/4906/4906
f 4864/4864/4864 4865/4865/4865 4907/4907/4907
f 4865/4865/4865 4908/4908/4908 4907/4907/4907
f 4865/4865/4865 4866/4866/4866 4908/4908/4908
f 4866/4866/4866 4909/4909/4909 4908/4908/4908
f 4866/4866/4866 4867/4867/4867 4909/4909/4909
f 4867/4867/4867 4910/4910/4910 4909/4909/4909
f 4867/4867/4867 4868/4868/4868 4910/4910/4910
f 4868/4868/4868 4911/4911/4911 4910/4910/4910
f 4868/4868/4868 4869/4869/4869 4911/4911/4911
f 4869/4869/4869 4912/4912/4912 4911/4911/4911
f 4869/4869/4869 4870/4870/4870 4912/4912/4912
f 4870/4870/4870 4913/4913/4913 4912/4912/4912
f 4871/4871/4871 4872/4872/4872 4914/4914/4914
f 4872/4872/4872 4915/4915/4915 4914/4914/4914
f 4872/4872/4872 4873/4873/4873 4915/4915/4915
f 4873/4873/4873 4916/4916/4916 4915/4915/4915
f 4873/4873/4873 4874/4874/4874 4916/4916/4916
f 4874/4874/4874 4917/4917/4917 4916/4916/4916
f 4874/4874/4874 4875/4875/4875 4917/4917/4917
f 4875/4875/4875 4918/4918/4918 4917/4917/4917
f 4875/4875/4875 4876/4876/4876 4918/4918/4918
f 4876/4876/4876 4919/4919/4919 4918/4918/4918
f 4876/4876/4876 4877/4877/4877 4919/4919/4919
f 4877/4877/4877 4920/4920/4920 4919/4919/4919
f 4877/4877/4877 4878/4878/4878 4920/4920/4920
f 4878/4878/4878 4921/4921/4921 4920/4920/4920
f 4878/4878/4878 4879/4879/4879 4921/4921/4921
f 4879/4879/4879 4922/4922/4922 4921/4921/4921
f 4879/4879/4879 4880/4880/4880 4922/4922/4922
f 4880/4880/4880 4923/4923/4923 4922/4922/4922
f 4880/4880/4880 4881/4881/4881 4923/4923/4923
f 4881/4881/4881 4924/4924/4924 4923/4923/4923
f 4881/4881/4881 4882/4882/4882 4924/4924/4924
f 4882/4882/4882 4925/4925/4925 4924/4924/4924
f 4882/4882/4882 4883/4883/4883 4925/4925/4925
f 4883/4883/4883 4926/4926/4926 4925/4925/4925
f 4883/4883/4883 4884/4884/4884 4926/4926/4926
f 4884/4884/4884 4927/4927/4927 4926/4926/4926
f 4884/4884/4884 4885/4885/4885 4927/4927/4927
f 4885/4885/4885 4928/4928/4928 4927/4927/4927
f 4885/4885/4885 4886/4886/4886 4928/4928/4928
f 4886/4886/4886 4929/4929/4929 4928/4928/4928
f 4886/4886/4886 4887/4887/4887 4929/4929/4929
f 4887/4887/4887 4930/4930/4930 4929/4929/4929
f 4887/4887/4887 4888/4888/4888 4930/4930/4930
f 4888/4888/4888 4931/4931/4931 4930/4930/4930
f 4888/4888/4888 4889/4889/4889 4931/4931/4931
f 4889/4889/4889 4932/4932/4932 4931/4931/4931
f 4889/4889/4889 4890/4890/4890 4932/4932/4932
f 4890/4890/4890 4933/4933/4933 4932/4932/4932
f 4890/4890/4890 4891/4891/4891 4933/4933/4933
f 4891/4891/4891 4934/4934/4934 4933/4933/4933
f 4891/4891/4891 4892/4892/4892 4934/4934/4934
f 4892/4892/4892 4935/4935/4935 4934/4934/4934
f 4892/4892/4892 4893/4893/4893 4935/4935/4935
f 4893/4893/4893 4936/4936/4936 4935/4935/4935
f 4893/4893/4893 4894/4894/4894 4936/4936/4936
f 4894/4894/4894 4937/4937/4937 4936/4936/4936
f 4894/4894/4894 4895/4895/4895 4937/4937/4937
f 4895/4895/4895 4938/4938/4938 4937/4937/4937
f 4895/4895/4895 4896/4896/4896 4938/4938/4938
f 4896/4896/4896 4939/4939/4939 4938/4938/4938
f 4896/4896/4896 4897/4897/4897 4939/4939/4939
f 4897/4897/4897 4940/4940/4940 4939/4939/4939
f 4897/4897/4897 4898/4898/4898 4940/4940/4940
f 4898/4898/4898 4941/4941/4941 4940/4940/4940
f 4898/4898/4898 4899/4899/4899 4941/4941/4941
f 4899/4899/4899 4942/4942/4942 4941/4941/4941
f 4899/4899/4899 4900/4900/4900 4942/4942/4942
f 4900/4900/4900 4943/4943/4943 4942/4942/4942
f 4900/4900/4900 4901/4901/4901 4943/4943/4943
f 4901/4901/4901 4944/4944/4944 4943/4943/4943
f 4901/4901/4901 4902/4902/4902 4944/4944/4944
f 4902/4902/4902 4945/4945/4945 4944/4944/4944
f 4902/4902/4902 4903/4903/4903 4945/4945/4945
f 4903/4903/4903 4946/4946/4946 4945/4945/4945
f 4903/4903/4903 4904/4904/4904 4946/4946/4946
f 4904/4904/4904 4947/4947/4947 4946/4946/4946
f 4904/4904/4904 4905/4905/4905 4947/4947/4947
f 4905/4905/4905 4948/4948/4948 4947/4947/4947
f 4905/4905/4905 4906/4906/4906 4948/4948/4948
f 4906/4906/4906 4949/4949/4949 4948/4948/4948
f 4906/4906/4906 4907/4907/4907 4949/4949/4949
f 4907/4907/4907 4950/4950/4950 4949/4949/4949
f 4907/4907/4907 4908/4908/4908 4950/4950/4950
f 4908/4908/4908 4951/4951/4951 4950/4950/4950
f 4908/4908/4908 4909/4909/4909 4951/4951/4951
f 4909/4909/4909 4952/4952/4952 4951/4951/4951
f 4909/4909/4909 4910/4910/4910 4952/4952/4952
f 4910/4910/4910 4953/4953/4953 4952/4952/4952
f 4910/4910/4910 4911/4911/4911 4953/4953/4953
f 4911/4911/4911 4954/4954/4954 4953/4953/4953
f 4911/4911/4911 4912/4912/4912 4954/4954/4954
f 4912/4912/4912 4955/4955/4955 4954/4954/4954
f 4912/4912/4912 4913/4913/4913 4955/4955/4955
f 4913/4913/4913 4956/4956/4956 4955/4955/4955
f 4914/4914/4914 4915/4915/4915 4957/4957/4957
f 4915/4915/4915 4958/4958/4958 4957/4957/4957
f 4915/4915/4915 4916/4916/4916 4958/4958/4958
f 4916/4916/4916 4959/4959/4959 4958/4958/4958
f 4916/4916/4916 4917/4917/4917 4959/4959/4959
f 4917/4917/4917 4960/4960/4960 4959/4959/4959
f 4917/4917/4917 4918/4918/4918 4960/4960/4960
f 4918/4918/4918 4961/4961/4961 4960/4960/4960
f 4918/4918/4918 4919/4919/4919 4961/4961/4961
f 4919/4919/4919 4962/4962/4962 4961/4961/4961
f 4919/4919/4919 4920/4920/4920 4962/4962/4962
f 4920/4920/4920 4963/4963/4963 4962/4962/4962
f 4920/4920/4920 4921/4921/4921 4963/4963/4963
f 4921/4921/4921 4964/4964/4964 4963/4963/4963
f 4921/4921/4921 4922/4922/4922 4964/4964/4964
f 4922/4922/4922 4965/4965/4965 4964/4964/4964
f 4922/4922/4922 4923/4923/4923 4965/4965/4965
f 4923/4923/4923 4966/4966/4966 4965/4965/4965
f 4923/4923/4923 4924/4924/4924 4966/4966/4966
f 4924/4924/4924 4967/4967/4967 4966/4966/4966
f 4924/4924/4924 4925/4925/4925 4967/4967/4967
f 4925/4925/4925 4968/4968/4968 4967/4967/4967
f 4925/4925/4925 4926/4926/4926 4968/4968/4968
f 4926/4926/4926 4969/4969/4969 4968/4968/4968
f 4926/4926/4926 4927/4927/4927 4969/4969/4969
f 4927/4927/4927 4970/4970/4970 4969/4969/4969
f 4927/4927/4927 4928/4928/4928 4970/4970/4970
f 4928/4928/4928 4971/4971/4971 4970/4970/4970
f 4928/4928/4928 4929/4929/4929 4971/4971/4971
f 4929/4929/4929 4972/4972/4972 4971/4971/4971
f 4929/4929/4929 4930/4930/4930 4972/4972/4972
f 4930/4930/4930 4973/4973/4973 4972/4972/4972
f 4930/4930/4930 4931/4931/4931 4973/4973/4973
f 4931/4931/4931 4974/4974/4974 4973/4973/4973
f 4931/4931/4931 4932/4932/4932 4974/4974/4974
f 4932/4932/4932 4975/4975/4975 4974/4974/4974
f 4932/4932/4932 4933/4933/4933 4975/4975/4975
f 4933/4933/4933 4976/4976/4976 4975/4975/4975
f 4933/4933/4933 4934/4934/4934 4976/4976/4976
f 4934/4934/4934 4977/4977/4977 4976/4976/4976
f 4934/4934/4934 4935/4935/4935 4977/4977/4977
f 4935/4935/4935 4978/4978/4978 4977/4977/4977
f 4935/4935/4935 4936/4936/4936 4978/4978/4978
f 4936/4936/4936 4979/4979/4979 4978/4978/4978
f 4936/4936/4936 4937/4937/4937 4979/4979/4979
f 4937/4937/4937 4980/4980/4980 4979/4979/4979
f 4937/4937/4937 4938/4938/4938 4980/4980/4980
f 4938/4938/4938 4981/4981/4981 4980/4980/4980
f 4938/4938/4938 4939/4939/4939 4981/4981/4981
f 4939/4939/4939 4982/4982/4982 4981/4981/4981
f 4939/4939/4939 4940/4940/4940 4982/4982/4982
f 4940/4940/4940 4983/4983/4983 4982/4982/4982
f 4940/4940/4940 4941/4941/4941 4983/4983/4983
f 4941/4941/4941 4984/4984/4984 4983/4983/4983
f 4941/4941/4941 4942/4942/4942 4984/4984/4984
f 4942/4942/4942 4985/4985/4985 4984/4984/4984
f 4942/4942/4942 4943/4943/4943 4985/4985/4985
f 4943/4943/4943 4986/4986/4986 4985/4985/4985
f 4943/4943/4943 4944/4944/4944 4986/4986/4986
f 4944/4944/4944 4987/4987/4987 4986/4986/4986
f 4944/4944/4944 4945/4945/4945 4987/4987/4987
f 4945/4945/4945 4988/4988/4988 4987/4987/4987
f 4945/4945/4945 4946/4946/4946 4988/4988/4988
f 4946/4946/4946 4989/4989/4989 4988/4988/4988
f 4946/4946/4946 4947/4947/4947 4989/4989/4989
f 4947/4947/4947 4990/4990/4990 4989/4989/4989
f 4947/4947/4947 4948/4948/4948 4990/4990/4990
f 4948/4948/4948 4991/4991/4991 4990/4990/4990
f 4948/4948/4948 4949/4949/4949 4991/4991/4991
f 4949/4949/4949 4992/4992/4992 4991/4991/4991
f 4949/4949/4949 4950/4950/4950 4992/4992/4992
f 4950/4950/4950 4993/4993/4993 4992/4992/4992
f 4950/4950/4950 4951/4951/4951 4993/4993/4993
f 4951/4951/4951 4994/4994/4994 4993/4993/4993
f 4951/4951/4951 4952/4952/4952 4994/4994/4994
f 4952/4952/4952 4995/4995/4995 4994/4994/4994
f 4952/4952/4952 4953/4953/4953 4995/4995/4995
f 4953/4953/4953 4996/4996/4996 4995/4995/4995
f 4953/4953/4953 4954/4954/4954 4996/4996/4996
f 4954/4954/4954 4997/4997/4997 4996/4996/4996
f 4954/4954/4954 4955/4955/4955 4997/4997/4997
f 4955/4955/4955 4998/4998/4998 4997/4997/4997
f 4955/4955/4955 4956/4956/4956 4998/4998/4998
f 4956/4956/4956 4999/4999/4999 4998/4998/4998
f 4957/4957/4957 4958/4958/4958 5000/5000/5000
f 4958/4958/4958 5001/5001/5001 5000/5000/5000
f 4958/4958/4958 4959/4959/4959 5001/5001/5001
f 4959/4959/4959 5002/5002/5002 5001/5001/5001
f 4959/4959/4959 4960/4960/4960 5002/5002/5002
f 4960/4960/4960 5003/5003/5003 5002/5002/5002
f 4960/4960/4960 4961/4961/4961 5003/5003/5003
f 4961/4961/4961 5004/5004/5004 5003/5003/5003
f 4961/4961/4961 4962/4962/4962 5004/5004/5004
f 4962/4962/4962 5005/5005/5005 5004/5004/5004
f 4962/4962/4962 4963/4963/4963 5005/5005/5005
f 4963/4963/4963 5006/5006/5006 5005/5005/5005
f 4963/4963/4963 4964/4964/4964 5006/5006/5006
f 4964/4964/4964 5007/5007/5007 5006/5006/5006
f 4964/4964/4964 4965/4965/4965 5007/5007/5007
f 4965/4965/4965 5008/5008/5008 5007/5007/5007
f 4965/4965/4965 4966/4966/4966 5008/5008/5008
f 4966/4966/4966 5009/5009/5009 5008/5008/5008
f 4966/4966/4966 4967/4967/4967 5009/5009/5009
f 4967/4967/4967 5010/5010/5010 5009/5009/5009
f 4967/4967/4967 4968/4968/4968 5010/5010/5010
f 4968/4968/4968 5011/5011/5011 5010/5010/5010
f 4968/4968/4968 4969/4969/4969 5011/5011/5011
f 4969/4969/4969 5012/5012/5012 5011/5011/5011
f 4969/4969/4969 4970/4970/4970 5012/5012/5012
f 4970/4970/4970 5013/5013/5013 5012/5012/5012
f 4970/4970/4970 4971/4971/4971 5013/5013/5013
f 4971/4971/4971 5014/5014/5014 5013/5013/5013
f 4971/4971/4971 4972/4972/4972 5014/5014/5014
f 4972/4972/4972 5015/5015/5015 5014/5014/5014
f 4972/4972/4972 4973/4973/4973 5015/5015/5015
f 4973/4973/4973 5016/5016/5016 5015/5015/5015
f 4973/4973/4973 4974/4974/4974 5016/5016/5016
f 4974/4974/4974 5017/5017/5017 5016/5016/5016
f 4974/4974/4974 4975/4975/4975 5017/5017/5017
f 4975/4975/4975 5018/5018/5018 5017/5017/5017
f 4975/4975/4975 4976/4976/4976 5018/5018/5018
f 4976/4976/4976 5019/5019/5019 5018/5018/5018
f 4976/4976/4976 4977/4977/4977 5019/5019/5019
f 4977/4977/4977 5020/5020/5020 5019/5019/5019
f 4977/4977/4977 4978/4978/4978 5020/5020/5020
f 4978/4978/4978 5021/5021/5021 5020/5020/5020
f 4978/4978/4978 4979/4979/4979 5021/5021/5021
f 4979/4979/4979 5022/5022/5022 5021/5021/5021
f 4979/4979/4979 4980/4980/4980 5022/5022/5022
f 4980/4980/4980 5023/5023/5023 5022/5022/5022
f 4980/4980/4980 4981/4981/4981 5023/5023/5023
f 4981/4981/4981 5024/5024/5024 5023/5023/5023
f 4981/4981/4981 4982/4982/4982 5024/5024/5024
f 4982/4982/4982 5025/5025/5025 5024/5024/5024
f 4982/4982/4982 4983/4983/4983 5025/5025/5025
f 4983/4983/4983 5026/5026/5026 5025/5025/5025
f 4983/4983/4983 4984/4984/4984 5026/5026/5026
f 4984/4984/4984 5027/5027/5027 5026/5026/5026
f 4984/4984/4984 4985/4985/4985 5027/5027/5027
f 4985/4985/4985 5028/5028/5028 5027/5027/5027
f 4985/4985/4985 4986/4986/4986 5028/5028/5028
f 4986/4986/4986 5029/5029/5029 5028/5028/5028
f 4986/4986/4986 4987/4987/4987 5029/5029/5029
f 4987/4987/4987 5030/5030/5030 5029/5029/5029
f 4987/4987/4987 4988/4988/4988 5030/5030/5030
f 4988/4988/4988 5031/5031/5031 5030/5030/5030
f 4988/4988/4988 4989/4989/4989 5031/5031/5031
f 4989/4989/4989 5032/5032/5032 5031/5031/5031
f 4989/4989/4989 4990/4990/4990 5032/5032/5032
f 4990/4990/4990 5033/5033/5033 5032/5032/5032
f 4990/4990/4990 4991/4991/4991 5033/5033/5033
f 4991/4991/4991 5034/5034/5034 5033/5033/5033
f 4991/4991/4991 4992/4992/4992 5034/5034/5034
f 4992/4992/4992 5035/5035/5035 5034/5034/5034
f 4992/4992/4992 4993/4993/4993 5035/5035/5035
f 4993/4993/4993 5036/5036/5036 5035/5035/5035
f 4993/4993/4993 4994/4994/4994 5036/5036/5036
f 4994/4994/4994 5037/5037/5037 5036/5036/5036
f 4994/4994/4994 4995/4995/4995 5037/5037/5037
f 4995/4995/4995 5038/5038/5038 5037/5037/5037
f 4995/4995/4995 4996/4996/4996 5038/5038/5038
f 4996/4996/4996 5039/5039/5039 5038/5038/5038
f 4996/4996/4996 4997/4997/4997 5039/5039/5039
f 4997/4997/4997 5040/5040/5040 5039/5039/5039
f 4997/4997/4997 4998/4998/4998 5040/5040/5040
f 4998/4998/4998 5041/5041/5041 5040/5040/5040
f 4998/4998/4998 4999/4999/4999 5041/5041/5041
f 4999/4999/4999 5042/5042/5042 5041/5041/5041
f 5000/5000/5000 5001/5001/5001 5043/5043/5043
f 5001/5001/5001 5044/5044/5044 5043/5043/5043
f 5001/5001/5001 5002/5002/5002 5044/5044/5044
f 5002/5002/5002 5045/5045/5045 5044/5044/5044
f 5002/5002/5002 5003/5003/5003 5045/5045/5045
f 5003/5003/5003 5046/5046/5046 5045/5045/5045
f 5003/5003/5003 5004/5004/5004 5046/5046/5046
f 5004/5004/5004 5047/5047/5047 5046/5046/5046
f 5004/5004/5004 5005/5005/5005 5047/5047/5047
f 5005/5005/5005 5048/5048/5048 5047/5047/5047
f 5005/5005/5005 5006/5006/5006 5048/5048/5048
f 5006/5006/5006 5049/5049/5049 5048/5048/5048
f 5006/5006/5006 5007/5007/5007 5049/5049/5049
f 5007/5007/5007 5050/5050/5050 5049/5049/5049
f 5007/5007/5007 5008/5008/5008 5050/5050/5050
f 5008/5008/5008 5051/5051/5051 5050/5050/5050
f 5008/5008/5008 5009/5009/5009 5051/5051/5051
f 5009/5009/5009 5052/5052/5052 5051/5051/5051
f 5009/5009/5009 5010/5010/5010 5052/5052/5052
f 5010/5010/5010 5053/5053/5053 5052/5052/5052
f 5010/5010/5010 5011/5011/5011 5053/5053/5053
f 5011/5011/5011 5054/5054/5054 5053/5053/5053
f 5011/5011/5011 5012/5012/5012 5054/5054/5054
f 5012/5012/5012 5055/5055/5055 5054/5054/5054
f 5012/5012/5012 5013/5013/5013 5055/5055/5055
f 5013/5013/5013 5056/5056/5056 5055/5055/5055
f 5013/5013/5013 5014/5014/5014 5056/5056/5056
f 5014/5014/5014 5057/5057/5057 5056/5056/5056
f 5014/5014/5014 5015/5015/5015 5057/5057/5057
f 5015/5015/5015 5058/5058/5058 5057/5057/5057
f 5015/5015/5015 5016/5016/5016 5058/5058/5058
f 5016/5016/5016 5059/5059/5059 5058/5058/5058
f 5016/5016/5016 5017/5017/5017 5059/5059/5059
f 5017/5017/5017 5060/5060/5060 5059/5059/5059
f 5017/5017/5017 5018/5018/5018 5060/5060/5060
f 5018/5018/5018 5061/5061/5061 5060/5060/5060
f 5018/5018/5018 5019/5019/5019 5061/5061/5061
f 5019/5019/5019 5062/5062/5062 5061/5061/5061
f 5019/5019/5019 5020/5020/5020 5062/5062/5062
f 5020/5020/5020 5063/5063/5063 5062/5062/5062
f 5020/5020/5020 5021/5021/5021 5063/5063/5063
f 5021/5021/5021 5064/5064/5064 5063/5063/5063
f 5021/5021/5021 5022/5022/5022 5064/5064/5064
f 5022/5022/5022 5065/5065/5065 5064/5064/5064
f 5022/5022/5022 5023/5023/5023 5065/5065/5065
f 5023/5023/5023 5066/5066/5066 5065/5065/5065
f 5023/5023/5023 5024/5024/5024 5066/5066/5066
f 5024/5024/5024 5067/5067/5067 5066/5066/5066
f 5024/5024/5024 5025/5025/5025 5067/5067/5067
f 5025/5025/5025 5068/5068/5068 5067/5067/5067
f 5025/5025/5025 5026/5026/5026 5068/5068/5068
f 5026/5026/5026 5069/5069/5069 5068/5068/5068
f 5026/5026/5026 5027/5027/5027 5069/5069/5069
f 5027/5027/5027 5070/5070/5070 5069/5069/5069
f 5027/5027/5027 5028/5028/5028 5070/5070/5070
f 5028/5028/5028 5071/5071/5071 5070/5070/5070
f 5028/5028/5028 5029/5029/5029 5071/5071/5071
f 5029/5029/5029 5072/5072/5072 5071/5071/5071
f 5029/5029/5029 5030/5030/5030 5072/5072/5072
f 5030/5030/5030 5073/5073/5073 5072/5072/5072
f 5030/5030/5030 5031/5031/5031 5073/5073/5073
f 5031/5031/5031 5074/5074/5074 5073/5073/5073
f 5031/5031/5031 5032/5032/5032 5074/5074/5074
f 5032/5032/5032 5075/5075/5075 5074/5074/5074
f 5032/5032/5032 5033/5033/5033 5075/5075/5075
f 5033/5033/5033 5076/5076/5076 5075/5075/5075
f 5033/5033/5033 5034/5034/5034 5076/5076/5076
f 5034/5034/5034 5077/5077/5077 5076/5076/5076
f 5034/5034/5034 5035/5035/5035 5077/5077/5077
f 5035/5035/5035 5078/5078/5078 5077/5077/5077
f 5035/5035/5035 5036/5036/5036 5078/5078/5078
f 5036/5036/5036 5079/5079/5079 5078/5078/5078
f 5036/5036/5036 5037/5037/5037 5079/5079/5079
f 5037/5037/5037 5080/5080/5080 5079/5079/5079
f 5037/5037/5037 5038/5038/5038 5080/5080/5080
f 5038/5038/5038 5081/5081/5081 5080/5080/5080
f 5038/5038/5038 5039/5039/5039 5081/5081/5081
f 5039/5039/5039 5082/5082/5082 5081/5081/5081
f 5039/5039/5039 5040/5040/5040 5082/5082/5082
f 5040/5040/5040 5083/5083/5083 5082/5082/5082
f 5040/5040/5040 5041/5041/5041 5083/5083/5083
f 5041/5041/5041 5084/5084/5084 5083/5083/5083
f 5041/5041/5041 5042/5042/5042 5084/5084/5084
f 5042/5042/5042 5085/5085/5085 5084/5084/5084
f 5086/5086/5086 5087/5087/5087 5117/5117/5117
f 5087/5087/5087 5118/5118/5118 5117/5117/5117
f 5087/5087/5087 5088/5088/5088 5118/5118/5118
f 5088/5088/5088 5119/5119/5119 5118/5118/5118
f 5088/5088/5088 5089/5089/5089 5119/5119/5119
f 5089/5089/5089 5120/5120/5120 5119/5119/5119
f 5089/5089/5089 5090/5090/5090 5120/5120/5120
f 5090/5090/5090 5121/5121/5121 5120/5120/5120
f 5090/5090/5090 5091/5091/5091 5121/5121/5121
f 5091/5091/5091 5122/5122/5122 5121/5121/5121
f 5091/5091/5091 5092/5092/5092 5122/5122/5122
f 5092/5092/5092 5123/5123/5123 5122/5122/5122
f 5092/5092/5092 5093/5093/5093 5123/5123/5123
f 5093/5093/5093 5124/5124/5124 5123/5123/5123
f 5093/5093/5093 5094/5094/5094 5124/5124/5124
f 5094/5094/5094 5125/5125/5125 5124/5124/5124
f 5094/5094/5094 5095/5095/5095 5125/5125/5125
f 5095/5095/5095 5126/5126/5126 5125/5125/5125
f 5095/5095/5095 5096/5096/5096 5126/5126/5126
f 5096/5096/5096 5127/5127/5127 5126/5126/5126
f 5096/5096/5096 5097/5097/5097 5127/5127/5127
f 5097/5097/5097 5128/5128/5128 5127/5127/5127
f 5097/5097/5097 5098/5098/5098 5128/5128/5128
f 5098/5098/5098 5129/5129/5129 5128/5128/5128
f 5098/5098/5098 5099/5099/5099 5129/5129/5129
f 5099/5099/5099 5130/5130/5130 5129/5129/5129
f 5099/5099/5099 5100/5100/5100 5130/5130/5130
f 5100/5100/5100 5131/5131/5131 5130/5130/5130
f 5100/5100/5100 5101/5101/5101 5131/5131/5131
f 5101/5101/5101 5132/5132/5132 5131/5131/5131
f 5101/5101/5101 5102/5102/5102 5132/5132/5132
f 5102/5102/5102 5133/5133/5133 5132/5132/5132
f 5102/5102/5102 5103/5103/5103 5133/5133/5133
f 5103/5103/5103 5134/5134/5134 5133/5133/5133
f 5103/5103/5103 5104/5104/5104 5134/5134/5134
f 5104/5104/5104 5135/5135/5135 5134/5134/5134
f 5104/5104/5104 5105/5105/5105 5135/5135/5135
f 5105/5105/5105 5136/5136/5136 5135/5135/5135
f 5105/5105/5105 5106/5106/5106 5136/5136/5136
f 5106/5106/5106 5137/5137/5137 5136/5136/5136
f 5106/5106/5106 5107/5107/5107 5137/5137/5137
f 5107/5107/5107 5138/5138/5138 5137/5137/5137
f 5107/5107/5107 5108/5108/5108 5138/5138/5138
f 5108/5108/5108 5139/5139/5139 5138/5138/5138
f 5108/5108/5108 5109/5109/5109 5139/5139/5139
f 5109/5109/5109 5140/5140/5140 5139/5139/5139
f 5109/5109/5109 5110/5110/5110 5140/5140/5140
f 5110/5110/5110 5141/5141/5141 5140/5140/5140
f 5110/5110/5110 5111/5111/5111 5141/5141/5141
f 5111/5111/5111 5142/5142/5142 5141/5141/5141
f 5111/5111/5111 5112/5112/5112 5142/5142/5142
f 5112/5112/5112 5143/5143/5143 5142/5142/5142
f 5112/5112/5112 5113/5113/5113 5143/5143/5143
f 5113/5113/5113 5144/5144/5144 5143/5143/5143
f 5113/5113/5113 5114/5114/5114 5144/5144/5144
f 5114/5114/5114 5145/5145/5145 5144/5144/5144
f 5114/5114/5114 5115/5115/5115 5145/5145/5145
f 5115/5115/5115 5146/5146/5146 5145/5145/5145
f 5115/5115/5115 5116/5116/5116 5146/5146/5146
f 5116/5116/5116 5147/5147/5147 5146/5146/5146
f 5117/5117/5117 5118/5118/5118 5148/5148/5148
f 5118/5118/5118 5149/5149/5149 5148/5148/5148
f 5118/5118/5118 5119/5119/5119 5149/5149/5149
f 5119/5119/5119 5150/5150/5150 5149/5149/5149
f 5119/5119/5119 5120/5120/5120 5150/5150/5150
f 5120/5120/5120 5151/5151/5151 5150/5150/5150
f 5120/5120/5120 5121/5121/5121 5151/5151/5151
f 5121/5121/5121 5152/5152/5152 5151/5151/5151
f 5121/5121/5121 5122/5122/5122 5152/5152/5152
f 5122/5122/5122 5153/5153/5153 5152/5152/5152
f 5122/5122/5122 5123/5123/5123 5153/5153/5153
f 5123/5123/5123 5154/5154/5154 5153/5153/5153
f 5123/5123/5123 5124/5124/5124 5154/5154/5154
f 5124/5124/5124 5155/5155/5155 5154/5154/5154
f 5124/5124/5124 5125/5125/5125 5155/5155/5155
f 5125/5125/5125 5156/5156/5156 5155/5155/5155
f 5125/5125/5125 5126/5126/5126 5156/5156/5156
f 5126/5126/5126 5157/5157/5157 5156/5156/5156
f 5126/5126/5126 5127/5127/5127 5157/5157/5157
f 5127/5127/5127 5158/5158/5158 5157/5157/5157
f 5127/5127/5127 5128/5128/5128 5158/5158/5158
f 5128/5128/5128 5159/5159/5159 5158/5158/5158
f 5128/5128/5128 5129/5129/5129 5159/5159/5159
f 5129/5129/5129 5160/5160/5160 5159/5159/5159
f 5129/5129/5129 5130/5130/5130 5160/5160/5160
f 5130/5130/5130 5161/5161/5161 5160/5160/5160
f 5130/5130/5130 5131/5131/5131 5161/5161/5161
f 5131/5131/5131 5162/5162/5162 5161/5161/5161
f 5131/5131/5131 5132/5132/5132 5162/5162/5162
f 5132/5132/5132 5163/5163/5163 5162/5162/5162
f 5132/5132/5132 5133/5133/5133 5163/5163/5163
f 5133/5133/5133 5164/5164/5164 5163/5163/5163
f 5133/5133/5133 5134/5134/5134 5164/5164/5164
f 5134/5134/5134 5165/5165/5165 5164/5164/5164
f 5134/5134/5134 5135/5135/5135 5165/5165/5165
f 5135/5135/5135 5166/5166/5166 5165/5165/5165
f 5135/5135/5135 5136/5136/5136 5166/5166/5166
f 5136/5136/5136 5167/5167/5167 5166/5166/5166
f 5136/5136/5136 5137/5137/5137 5167/5167/5167
f 5137/5137/5137 5168/5168/5168 5167/5167/5167
f 5137/5137/5137 5138/5138/5138 5168/5168/5168
f 5138/5138/5138 5169/5169/5169 5168/5168/5168
f 5138/5138/5138 5139/5139/5139 5169/5169/5169
f 5139/5139/5139 5170/5170/5170 5169/5169/5169
f 5139/5139/5139 5140/5140/5140 5170/5170/5170
f 5140/5140/5140 5171/5171/5171 5170/5170/5170
f 5140/5140/5140 5141/5141/5141 5171/5171/5171
f 5141/5141/5141 5172/5172/5172 5171/5171/5171
f 5141/5141/5141 5142/5142/5142 5172/5172/5172
f 5142/5142/5142 5173/5173/5173 5172/5172/5172
f 5142/5142/5142 5143/5143/5143 5173/5173/5173
f 5143/5143/5143 5174/5174/5174 5173/5173/5173
f 5143/5143/5143 5144/5144/5144 5174/5174/5174
f 5144/5144/5144 5175/5175/5175 5174/5174/5174
f 5144/5144/5144 5145/5145/5145 5175/5175/5175
f 5145/5145/5145 5176/5176/5176 5175/5175/5175
f 5145/5145/5145 5146/5146/5146 5176/5176/5176
f 5146/5146/5146 5177/5177/5177 5176/5176/5176
f 5146/5146/5146 5147/5147/5147 5177/5177/5177
f 5147/5147/5147 5178/5178/5178 5177/5177/5177
f 5148/5148/5148 5149/5149/5149 5179/5179/5179
f 5149/5149/5149 5180/5180/5180 5179/5179/5179
f 5149/5149/5149 5150/5150/5150 5180/5180/5180
f 5150/5150/5150 5181/5181/5181 5180/5180/5180
f 5150/5150/5150 5151/5151/5151 5181/5181/5181
f 5151/5151/5151 5182/5182/5182 5181/5181/5181
f 5151/5151/5151 5152/5152/5152 5182/5182/5182
f 5152/5152/5152 5183/5183/5183 5182/5182/5182
f 5152/5152/5152 5153/5153/5153 5183/5183/5183
f 5153/5153/5153 5184/5184/5184 5183/5183/5183
f 5153/5153/5153 5154/5154/5154 5184/5184/5184
f 5154/5154/5154 5185/5185/5185 5184/5184/5184
f 5154/5154/5154 5155/5155/5155 5185/5185/5185
f 5155/5155/5155 5186/5186/5186 5185/5185/5185
f 5155/5155/5155 5156/5156/5156 5186/5186/5186
f 5156/5156/5156 5187/5187/5187 5186/5186/5186
f 5156/5156/5156 5157/5157/5157 5187/5187/5187
f 5157/5157/5157 5188/5188/5188 5187/5187/5187
f 5157/5157/5157 5158/5158/5158 5188/5188/5188
f 5158/5158/5158 5189/5189/5189 5188/5188/5188
f 5158/5158/5158 5159/5159/5159 5189/5189/5189
f 5159/5159/5159 5190/5190/5190 5189/5189/5189
f 5159/5159/5159 5160/5160/5160 5190/5190/5190
f 5160/5160/5160 5191/5191/5191 5190/5190/5190
f 5160/5160/5160 5161/5161/5161 5191/5191/5191
f 5161/5161/5161 5192/5192/5192 5191/5191/5191
f 5161/5161/5161 5162/5162/5162 5192/5192/5192
f 5162/5162/5162 5193/5193/5193 5192/5192/5192
f 5162/5162/5162 5163/5163/5163 5193/5193/5193
f 5163/5163/5163 5194/5194/5194 5193/5193/5193
f 5163/5163/5163 5164/5164/5164 5194/5194/5194
f 5164/5164/5164 5195/5195/5195 5194/5194/5194
f 5164/5164/5164 5165/5165/5165 5195/5195/5195
f 5165/5165/5165 5196/5196/5196 5195/5195/5195
f 5165/5165/5165 5166/5166/5166 5196/5196/5196
f 5166/5166/5166 5197/5197/5197 5196/5196/5196
f 5166/5166/5166 5167/5167/5167 5197/5197/5197
f 5167/5167/5167 5198/5198/5198 5197/5197/5197
f 5167/5167/5167 5168/5168/5168 5198/5198/5198
f 5168/5168/5168 5199/5199/5199 5198/5198/5198
f 5168/5168/5168 5169/5169/5169 5199/5199/5199
f 5169/5169/5169 5200/5200/5200 5199/5199/5199
f 5169/5169/5169 5170/5170/5170 5200/5200/5200
f 5170/5170/5170 5201/5201/5201 5200/5200/5200
f 5170/5170/5170 5171/5171/5171 5201/5201/5201
f 5171/5171/5171 5202/5202/5202 5201/5201/5201
f 5171/5171/5171 5172/5172/5172 5202/5202/5202
f 5172/5172/5172 5203/5203/5203 5202/5202/5202
f 5172/5172/5172 5173/5173/5173 5203/5203/5203
f 5173/5173/5173 5204/5204/5204 5203/5203/5203
f 5173/5173/5173 5174/5174/5174 5204/5204/5204
f 5174/5174/5174 5205/5205/5205 5204/5204/5204
f 5174/5174/5174 5175/5175/5175 5205/5205/5205
f 5175/5175/5175 5206/5206/5206 5205/5205/5205
f 5175/5175/5175 5176/5176/5176 5206/5206/5206
f 5176/5176/5176 5207/5207/5207 5206/5206/5206
f 5176/5176/5176 5177/5177/5177 5207/5207/5207
f 5177/5177/5177 5208/5208/5208 5207/5207/5207
f 5177/5177/5177 5178/5178/5178 5208/5208/5208
f 5178/5178/5178 5209/5209/5209 5208/5208/5208
f 5179/5179/5179 5180/5180/5180 5210/5210/5210
f 5180/5180/5180 5211/5211/5211 5210/5210/5210
f 5180/5180/5180 5181/5181/5181 5211/5211/5211
f 5181/5181/5181 5212/5212/5212 5211/5211/5211
f 5181/5181/5181 5182/5182/5182 5212/5212/5212
f 5182/5182/5182 5213/5213/5213 5212/5212/5212
f 5182/5182/5182 5183/5183/5183 5213/5213/5213
f 5183/5183/5183 5214/5214/5214 5213/5213/5213
f 5183/5183/5183 5184/5184/5184 5214/5214/5214
f 5184/5184/5184 5215/5215/5215 5214/5214/5214
f 5184/5184/5184 5185/5185/5185 5215/5215/5215
f 5185/5185/5185 5216/5216/5216 5215/5215/5215
f 5185/5185/5185 5186/5186/5186 5216/5216/5216
f 5186/5186/5186 5217/5217/5217 5216/5216/5216
f 5186/5186/5186 5187/5187/5187 5217/5217/5217
f 5187/5187/5187 5218/5218/5218 5217/5217/5217
f 5187/5187/5187 5188/5188/5188 5218/5218/5218
f 5188/5188/5188 5219/5219/5219 5218/5218/5218
f 5188/5188/5188 5189/5189/5189 5219/5219/5219
f 5189/5189/5189 5220/5220/5220 5219/5219/5219
f 5189/5189/5189 5190/5190/5190 5220/5220/5220
f 5190/5190/5190 5221/5221/5221 5220/5220/5220
f 5190/5190/5190 5191/5191/5191 5221/5221/5221
f 5191/5191/5191 5222/5222/5222 5221/5221/5221
f 5191/5191/5191 5192/5192/5192 5222/5222/5222
f 5192/5192/5192 5223/5223/5223 5222/5222/5222
f 5192/5192/5192 5193/5193/5193 5223/5223/5223
f 5193/5193/5193 5224/5224/5224 5223/5223/5223
f 5193/5193/5193 5194/5194/5194 5224/5224/5224
f 5194/5194/5194 5225/5225/5225 5224/5224/5224
f 5194/5194/5194 5195/5195/5195 5225/5225/5225
f 5195/5195/5195 5226/5226/5226 5225/5225/5225
f 5195/5195/5195 5196/5196/5196 5226/5226/5226
f 5196/5196/5196 5227/5227/5227 5226/5226/5226
f 5196/5196/5196 5197/5197/5197 5227/5227/5227
f 5197/5197/5197 5228/5228/5228 5227/5227/5227
f 5197/5197/5197 5198/5198/5198 5228/5228/5228
f 5198/5198/5198 5229/5229/5229 5228/5228/5228
f 5198/5198/5198 5199/5199/5199 5229/5229/5229
f 5199/5199/5199 5230/5230/5230 5229/5229/5229
f 5199/5199/5199 5200/5200/5200 5230/5230/5230
f 5200/5200/5200 5231/5231/5231 5230/5230/5230
f 5200/5200/5200 5201/5201/5201 5231/5231/5231
f 5201/5201/5201 5232/5232/5232 5231/5231/5231
f 5201/5201/5201 5202/5202/5202 5232/5232/5232
f 5202/5202/5202 5233/5233/5233 5232/5232/5232
f 5202/5202/5202 5203/5203/5203 5233/5233/5233
f 5203/5203/5203 5234/5234/5234 5233/5233/5233
f 5203/5203/5203 5204/5204/5204 5234/5234/5234
f 5204/5204/5204 5235/5235/5235 5234/5234/5234
f 5204/5204/5204 5205/5205/5205 5235/5235/5235
f 5205/5205/5205 5236/5236/5236 5235/5235/5235
f 5205/5205/5205 5206/5206/5206 5236/5236/5236
f 5206/5206/5206 5237/5237/5237 5236/5236/5236
f 5206/5206/5206 5207/5207/5207 5237/5237/5237
f 5207/5207/5207 5238/5238/5238 5237/5237/5237
f 5207/5207/5207 5208/5208/5208 5238/5238/5238
f 5208/5208/5208 5239/5239/5239 5238/5238/5238
f 5208/5208/5208 5209/5209/5209 5239/5239/5239
f 5209/5209/5209 5240/5240/5240 5239/5239/5239
f 5210/5210/5210 5211/5211/5211 5241/5241/5241
f 5211/5211/5211 5242/5242/5242 5241/5241/5241
f 5211/5211/5211 5212/5212/5212 5242/5242/5242
f 5212/5212/5212 5243/5243/5243 5242/5242/5242
f 5212/5212/5212 5213/5213/5213 5243/5243/5243
f 5213/5213/5213 5244/5244/5244 5243/5243/5243
f 5213/5213/5213 5214/5214/5214 5244/5244/5244
f 5214/5214/5214 5245/5245/5245 5244/5244/5244
f 5214/5214/5214 5215/5215/5215 5245/5245/5245
f 5215/5215/5215 5246/5246/5246 5245/5245/5245
f 5215/5215/5215 5216/5216/5216 5246/5246/5246
f 5216/5216/5216 5247/5247/5247 5246/5246/5246
f 5216/5216/5216 5217/5217/5217 5247/5247/5247
f 5217/5217/5217 5248/5248/5248 5247/5247/5247
f 5217/5217/5217 5218/5218/5218 5248/5248/5248
f 5218/5218/5218 5249/5249/5249 5248/5248/5248
f 5218/5218/5218 5219/5219/5219 5249/5249/5249
f 5219/5219/5219 5250/5250/5250 5249/5249/5249
f 5219/5219/5219 5220/5220/5220 5250/5250/5250
f 5220/5220/5220 5251/5251/5251 5250/5250/5250
f 5220/5220/5220 5221/5221/5221 5251/5251/5251
f 5221/5221/5221 5252/5252/5252 5251/5251/5251
f 5221/5221/5221 5222/5222/5222 5252/5252/5252
f 5222/5222/5222 5253/5253/5253 5252/5252/5252
f 5222/5222/5222 5223/5223/5223 5253/5253/5253
f 5223/5223/5223 5254/5254/5254 5253/5253/5253
f 5223/5223/5223 5224/5224/5224 5254/5254/5254
f 5224/5224/5224 5255/5255/5255 5254/5254/5254
f 5224/5224/5224 5225/5225/5225 5255/5255/5255
f 5225/5225/5225 5256/5256/5256 5255/5255/5255
f 5225/5225/5225 5226/5226/5226 5256/5256/5256
f 5226/5226/5226 5257/5257/5257 5256/5256/5256
f 5226/5226/5226 5227/5227/5227 5257/5257/5257
f 5227/5227/5227 5258/5258/5258 5257/5257/5257
f 5227/5227/5227 5228/5228/5228 5258/5258/5258
f 5228/5228/5228 5259/5259/5259 5258/5258/5258
f 5228/5228/5228 5229/5229/5229 5259/5259/5259
f 5229/5229/5229 5260/5260/5260 5259/5259/5259
f 5229/5229/5229 5230/5230/5230 5260/5260/5260
f 5230/5230/5230 5261/5261/5261 5260/5260/5260
f 5230/5230/5230 5231/5231/5231 5261/5261/5261
f 5231/5231/5231 5262/5262/5262 5261/5261/5261
f 5231/5231/5231 5232/5232/5232 5262/5262/5262
f 5232/5232/5232 5263/5263/5263 5262/5262/5262
f 5232/5232/5232 5233/5233/5233 5263/5263/5263
f 5233/5233/5233 5264/5264/5264 5263/5263/5263
f 5233/5233/5233 5234/5234/5234 5264/5264/5264
f 5234/5234/5234 5265/5265/5265 5264/5264/5264
f 5234/5234/5234 5235/5235/5235 5265/5265/5265
f 5235/5235/5235 5266/5266/5266 5265/5265/5265
f 5235/5235/5235 5236/5236/5236 5266/5266/5266
f 5236/5236/5236 5267/5267/5267 5266/5266/5266
f 5236/5236/5236 5237/5237/5237 5267/5267/5267
f 5237/5237/5237 5268/5268/5268 5267/5267/5267
f 5237/5237/5237 5238/5238/5238 5268/5268/5268
f 5238/5238/5238 5269/5269/5269 5268/5268/5268
f 5238/5238/5238 5239/5239/5239 5269/5269/5269
f 5239/5239/5239 5270/5270/5270 5269/5269/5269
f 5239/5239/5239 5240/5240/5240 5270/5270/5270
f 5240/5240/5240 5271/5271/5271 5270/5270/5270
f 5241/5241/5241 5242/5242/5242 5272/5272/5272
f 5242/5242/5242 5273/5273/5273 5272/5272/5272
f 5242/5242/5242 5243/5243/5243 5273/5273/5273
f 5243/5243/5243 5274/5274/5274 5273/5273/5273
f 5243/5243/5243 5244/5244/5244 5274/5274/5274
f 5244/5244/5244 5275/5275/5275 5274/5274/5274
f 5244/5244/5244 5245/5245/5245 5275/5275/5275
f 5245/5245/5245 5276/5276/5276 5275/5275/5275
f 5245/5245/5245 5246/5246/5246 5276/5276/5276
f 5246/5246/5246 5277/5277/5277 5276/5276/5276
f 5246/5246/5246 5247/5247/5247 5277/5277/5277
f 5247/5247/5247 5278/5278/5278 5277/5277/5277
f 5247/5247/5247 5248/5248/5248 5278/5278/5278
f 5248/5248/5248 5279/5279/5279 5278/5278/5278
f 5248/5248/5248 5249/5249/5249 5279/5279/5279
f 5249/5249/5249 5280/5280/5280 5279/5279/5279
f 5249/5249/5249 5250/5250/5250 5280/5280/5280
f 5250/5250/5250 5281/5281/5281 5280/5280/5280
f 5250/5250/5250 5251/5251/5251 5281/5281/5281
f 5251/5251/5251 5282/5282/5282 5281/5281/5281
f 5251/5251/5251 5252/5252/5252 5282/5282/5282
f 5252/5252/5252 5283/5283/5283 5282/5282/5282
f 5252/5252/5252 5253/5253/5253 5283/5283/5283
f 5253/5253/5253 5284/5284/5284 5283/5283/5283
f 5253/5253/5253 5254/5254/5254 5284/5284/5284
f 5254/5254/5254 5285/5285/5285 5284/5284/5284
f 5254/5254/5254 5255/5255/5255 5285/5285/5285
f 5255/5255/5255 5286/5286/5286 5285/5285/5285
f 5255/5255/5255 5256/5256/5256 5286/5286/5286
f 5256/5256/5256 5287/5287/5287 5286/5286/5286
f 5256/5256/5256 5257/5257/5257 5287/5287/5287
f 5257/5257/5257 5288/5288/5288 5287/5287/5287
f 5257/5257/5257 5258/5258/5258 5288/5288/5288
f 5258/5258/5258 5289/5289/5289 5288/5288/5288
f 5258/5258/5258 5259/5259/5259 5289/5289/5289
f 5259/5259/5259 5290/5290/5290 5289/5289/5289
f 5259/5259/5259 5260/5260/5260 5290/5290/5290
f 5260/5260/5260 5291/5291/5291 5290/5290/5290
f 5260/5260/5260 5261/5261/5261 5291/5291/5291
f 5261/5261/5261 5292/5292/5292 5291/5291/5291
f 5261/5261/5261 5262/5262/5262 5292/5292/5292
f 5262/5262/5262 5293/5293/5293 5292/5292/5292
f 5262/5262/5262 5263/5263/5263 5293/5293/5293
f 5263/5263/5263 5294/5294/5294 5293/5293/5293
f 5263/5263/5263 5264/5264/5264 5294/5294/5294
f 5264/5264/5264 5295/5295/5295 5294/5294/5294
f 5264/5264/5264 5265/5265/5265 5295/5295/5295
f 5265/5265/5265 5296/5296/5296 5295/5295/5295
f 5265/5265/5265 5266/5266/5266 5296/5296/5296
f 5266/5266/5266 5297/5297/5297 5296/5296/5296
f 5266/5266/5266 5267/5267/5267 5297/5297/5297
f 5267/5267/5267 5298/5298/5298 5297/5297/5297
f 5267/5267/5267 5268/5268/5268 5298/5298/5298
f 5268/5268/5268 5299/5299/5299 5298/5298/5298
f 5268/5268/5268 5269/5269/5269 5299/5299/5299
f 5269/5269/5269 5300/5300/5300 5299/5299/5299
f 5269/5269/5269 5270/5270/5270 5300/5300/5300
f 5270/5270/5270 5301/5301/5301 5300/5300/5300
f 5270/5270/5270 5271/5271/5271 5301/5301/5301
f 5271/5271/5271 5302/5302/5302 5301/5301/5301
f 5272/5272/5272 5273/5273/5273 5303/5303/5303
f 5273/5273/5273 5304/5304/5304 5303/5303/5303
f 5273/5273/5273 5274/5274/5274 5304/5304/5304
f 5274/5274/5274 5305/5305/5305 5304/5304/5304
f 5274/5274/5274 5275/5275/5275 5305/5305/5305
f 5275/5275/5275 5306/5306/5306 5305/5305/5305
f 5275/5275/5275 5276/5276/5276 5306/5306/5306
f 5276/5276/5276 5307/5307/5307 5306/5306/5306
f 5276/5276/5276 5277/5277/5277 5307/5307/5307
f 5277/5277/5277 5308/5308/5308 5307/5307/5307
f 5277/5277/5277 5278/5278/5278 5308/5308/5308
f 5278/5278/5278 5309/5309/5309 5308/5308/5308
f 5278/5278/5278 5279/5279/5279 5309/5309/5309
f 5279/5279/5279 5310/5310/5310 5309/5309/5309
f 5279/5279/5279 5280/5280/5280 5310/5310/5310
f 5280/5280/5280 5311/5311/5311 5310/5310/5310
f 5280/5280/5280 5281/5281/5281 5311/5311/5311
f 5281/5281/5281 5312/5312/5312 5311/5311/5311
f 5281/5281/5281 5282/5282/5282 5312/5312/5312
f 5282/5282/5282 5313/5313/5313 5312/5312/5312
f 5282/5282/5282 5283/5283/5283 5313/5313/5313
f 5283/5283/5283 5314/5314/5314 5313/5313/5313
f 5283/5283/5283 5284/5284/5284 5314/5314/5314
f 5284/5284/5284 5315/5315/5315 5314/5314/5314
f 5284/5284/5284 5285/5285/5285 5315/5315/5315
f 5285/5285/5285 5316/5316/5316 5315/5315/5315
f 5285/5285/5285 5286/5286/5286 5316/5316/5316
f 5286/5286/5286 5317/5317/5317 5316/5316/5316
f 5286/5286/5286 5287/5287/5287 5317/5317/5317
f 5287/5287/5287 5318/5318/5318 5317/5317/5317
f 5287/5287/5287 5288/5288/5288 5318/5318/5318
f 5288/5288/5288 5319/5319/5319 5318/5318/5318
f 5288/5288/5288 5289/5289/5289 5319/5319/5319
f 5289/5289/5289 5320/5320/5320 5319/5319/5319
f 5289/5289/5289 5290/5290/5290 5320/5320/5320
f 5290/5290/5290 5321/5321/5321 5320/5320/5320
f 5290/5290/5290 5291/5291/5291 5321/5321/5321
f 5291/5291/5291 5322/5322/5322 5321/5321/5321
f 5291/5291/5291 5292/5292/5292 5322/5322/5322
f 5292/5292/5292 5323/5323/5323 5322/5322/5322
f 5292/5292/5292 5293/5293/5293 5323/5323/5323
f 5293/5293/5293 5324/5324/5324 5323/5323/5323
f 5293/5293/5293 5294/5294/5294 5324/5324/5324
f 5294/5294/5294 5325/5325/5325 5324/5324/5324
f 5294/5294/5294 5295/5295/5295 5325/5325/5325
f 5295/5295/5295 5326/5326/5326 5325/5325/5325
f 5295/5295/5295 5296/5296/5296 5326/5326/5326
f 5296/5296/5296 5327/5327/5327 5326/5326/5326
f 5296/5296/5296 5297/5297/5297 5327/5327/5327
f 5297/5297/5297 5328/5328/5328 5327/5327/5327
f 5297/5297/5297 5298/5298/5298 5328/5328/5328
f 5298/5298/5298 5329/5329/5329 5328/5328/5328
f 5298/5298/5298 5299/5299/5299 5329/5329/5329
f 5299/5299/5299 5330/5330/5330 5329/5329/5329
f 5299/5299/5299 5300/5300/5300 5330/5330/5330
f 5300/5300/5300 5331/5331/5331 5330/5330/5330
f 5300/5300/5300 5301/5301/5301 5331/5331/5331
f 5301/5301/5301 5332/5332/5332 5331/5331/5331
f 5301/5301/5301 5302/5302/5302 5332/5332/5332
f 5302/5302/5302 5333/5333/5333 5332/5332/5332
f 5303/5303/5303 5304/5304/5304 5334/5334/5334
f 5304/5304/5304 5335/5335/5335 5334/5334/5334
f 5304/5304/5304 5305/5305/5305 5335/5335/5335
f 5305/5305/5305 5336/5336/5336 5335/5335/5335
f 5305/5305/5305 5306/5306/5306 5336/5336/5336
f 5306/5306/5306 5337/5337/5337 5336/5336/5336
f 5306/5306/5306 5307/5307/5307 5337/5337/5337
f 5307/5307/5307 5338/5338/5338 5337/5337/5337
f 5307/5307/5307 5308/5308/5308 5338/5338/5338
f 5308/5308/5308 5339/5339/5339 5338/5338/5338
f 5308/5308/5308 5309/5309/5309 5339/5339/5339
f 5309/5309/5309 5340/5340/5340 5339/5339/5339
f 5309/5309/5309 5310/5310/5310 5340/5340/5340
f 5310/5310/5310 5341/5341/5341 5340/5340/5340
f 5310/5310/5310 5311/5311/5311 5341/5341/5341
f 5311/5311/5311 5342/5342/5342 5341/5341/5341
f 5311/5311/5311 5312/5312/5312 5342/5342/5342
f 5312/5312/5312 5343/5343/5343 5342/5342/5342
f 5312/5312/5312 5313/5313/5313 5343/5343/5343
f 5313/5313/5313 5344/5344/5344 5343/5343/5343
f 5313/5313/5313 5314/5314/5314 5344/5344/5344
f 5314/5314/5314 5345/5345/5345 5344/5344/5344
f 5314/5314/5314 5315/5315/5315 5345/5345/5345
f 5315/5315/5315 5346/5346/5346 5345/5345/5345
f 5315/5315/5315 5316/5316/5316 5346/5346/5346
f 5316/5316/5316 5347/5347/5347 5346/5346/5346
f 5316/5316/5316 5317/5317/5317 5347/5347/5347
f 5317/5317/5317 5348/5348/5348 5347/5347/5347
f 5317/5317/5317 5318/5318/5318 5348/5348/5348
f 5318/5318/5318 5349/5349/5349 5348/5348/5348
f 5318/5318/5318 5319/5319/5319 5349/5349/5349
f 5319/5319/5319 5350/5350/5350 5349/5349/5349
f 5319/5319/5319 5320/5320/5320 5350/5350/5350
f 5320/5320/5320 5351/5351/5351 5350/5350/5350
f 5320/5320/5320 5321/5321/5321 5351/5351/5351
f 5321/5321/5321 5352/5352/5352 5351/5351/5351
f 5321/5321/5321 5322/5322/5322 5352/5352/5352
f 5322/5322/5322 5353/5353/5353 5352/5352/5352
f 5322/5322/5322 5323/5323/5323 5353/5353/5353
f 5323/5323/5323 5354/5354/5354 5353/5353/5353
f 5323/5323/5323 5324/5324/5324 5354/5354/5354
f 5324/5324/5324 5355/5355/5355 5354/5354/5354
f 5324/5324/5324 5325/5325/5325 5355/5355/5355
f 5325/5325/5325 5356/5356/5356 5355/5355/5355
f 5325/5325/5325 5326/5326/5326 5356/5356/5356
f 5326/5326/5326 5357/5357/5357 5356/5356/5356
f 5326/5326/5326 5327/5327/5327 5357/5357/5357
f 5327/5327/5327 5358/5358/5358 5357/5357/5357
f 5327/5327/5327 5328/5328/5328 5358/5358/5358
f 5328/5328/5328 5359/5359/5359 5358/5358/5358
f 5328/5328/5328 5329/5329/5329 5359/5359/5359
f 5329/5329/5329 5360/5360/5360 5359/5359/5359
f 5329/5329/5329 5330/5330/5330 5360/5360/5360
f 5330/5330/5330 5361/5361/5361 5360/5360/5360
f 5330/5330/5330 5331/5331/5331 5361/5361/5361
f 5331/5331/5331 5362/5362/5362 5361/5361/5361
f 5331/5331/5331 5332/5332/5332 5362/5362/5362
f 5332/5332/5332 5363/5363/5363 5362/5362/5362
f 5332/5332/5332 5333/5333/5333 5363/5363/5363
f 5333/5333/5333 5364/5364/5364 5363/5363/5363
f 5334/5334/5334 5335/5335/5335 5365/5365/5365
f 5335/5335/5335 5366/5366/5366 5365/5365/5365
f 5335/5335/5335 5336/5336/5336 5366/5366/5366
f 5336/5336/5336 5367/5367/5367 5366/5366/5366
f 5336/5336/5336 5337/5337/5337 5367/5367/5367
f 5337/5337/5337 5368/5368/5368 5367/5367/5367
f 5337/5337/5337 5338/5338/5338 5368/5368/5368
f 5338/5338/5338 5369/5369/5369 5368/5368/5368
f 5338/5338/5338 5339/5339/5339 5369/5369/5369
f 5339/5339/5339 5370/5370/5370 5369/5369/5369
f 5339/5339/5339 5340/5340/5340 5370/5370/5370
f 5340/5340/5340 5371/5371/5371 5370/5370/5370
f 5340/5340/5340 5341/5341/5341 5371/5371/5371
f 5341/5341/5341 5372/5372/5372 5371/5371/5371
f 5341/5341/5341 5342/5342/5342 5372/5372/5372
f 5342/5342/5342 5373/5373/5373 5372/5372/5372
f 5342/5342/5342 5343/5343/5343 5373/5373/5373
f 5343/5343/5343 5374/5374/5374 5373/5373/5373
f 5343/5343/5343 5344/5344/5344 5374/5374/5374
f 5344/5344/5344 5375/5375/5375 5374/5374/5374
f 5344/5344/5344 5345/5345/5345 5375/5375/5375
f 5345/5345/5345 5376/5376/5376 5375/5375/5375
f 5345/5345/5345 5346/5346/5346 5376/5376/5376
f 5346/5346/5346 5377/5377/5377 5376/5376/5376
f 5346/5346/5346 5347/5347/5347 5377/5377/5377
f 5347/5347/5347 5378/5378/5378 5377/5377/5377
f 5347/5347/5347 5348/5348/5348 5378/5378/5378
f 5348/5348/5348 5379/5379/5379 5378/5378/5378
f 5348/5348/5348 5349/5349/5349 5379/5379/5379
f 5349/5349/5349 5380/5380/5380 5379/5379/5379
f 5349/5349/5349 5350/5350/5350 5380/5380/5380
f 5350/5350/5350 5381/5381/5381 5380/5380/5380
f 5350/5350/5350 5351/5351/5351 5381/5381/5381
f 5351/5351/5351 5382/5382/5382 5381/5381/5381
f 5351/5351/5351 5352/5352/5352 5382/5382/5382
f 5352/5352/5352 5383/5383/5383 5382/5382/5382
f 5352/5352/5352 5353/5353/5353 5383/5383/5383
f 5353/5353/5353 5384/5384/5384 5383/5383/5383
f 5353/5353/5353 5354/5354/5354 5384/5384/5384
f 5354/5354/5354 5385/5385/5385 5384/5384/5384
f 5354/5354/5354 5355/5355/5355 5385/5385/5385
f 5355/5355/5355 5386/5386/5386 5385/5385/5385
f 5355/5355/5355 5356/5356/5356 5386/5386/5386
f 5356/5356/5356 5387/5387/5387 5386/5386/5386
f 5356/5356/5356 5357/5357/5357 5387/5387/5387
f 5357/5357/5357 5388/5388/5388 5387/5387/5387
f 5357/5357/5357 5358/5358/5358 5388/5388/5388
f 5358/5358/5358 5389/5389/5389 5388/5388/5388
f 5358/5358/5358 5359/5359/5359 5389/5389/5389
f 5359/5359/5359 5390/5390/5390 5389/5389/5389
f 5359/5359/5359 5360/5360/5360 5390/5390/5390
f 5360/5360/5360 5391/5391/5391 5390/5390/5390
f 5360/5360/5360 5361/5361/5361 5391/5391/5391
f 5361/5361/5361 5392/5392/5392 5391/5391/5391
f 5361/5361/5361 5362/5362/5362 5392/5392/5392
f 5362/5362/5362 5393/5393/5393 5392/5392/5392
f 5362/5362/5362 5363/5363/5363 5393/5393/5393
f 5363/5363/5363 5394/5394/5394 5393/5393/5393
f 5363/5363/5363 5364/5364/5364 5394/5394/5394
f 5364/5364/5364 5395/5395/5395 5394/5394/5394
f 5365/5365/5365 5366/5366/5366 5396/5396/5396
f 5366/5366/5366 5397/5397/5397 5396/5396/5396
f 5366/5366/5366 5367/5367/5367 5397/5397/5397
f 5367/5367/5367 5398/5398/5398 5397/5397/5397
f 5367/5367/5367 5368/5368/5368 5398/5398/5398
f 5368/5368/5368 5399/5399/5399 5398/5398/5398
f 5368/5368/5368 5369/5369/5369 5399/5399/5399
f 5369/5369/5369 5400/5400/5400 5399/5399/5399
f 5369/5369/5369 5370/5370/5370 5400/5400/5400
f 5370/5370/5370 5401/5401/5401 5400/5400/5400
f 5370/5370/5370 5371/5371/5371 5401/5401/5401
f 5371/5371/5371 5402/5402/5402 5401/5401/5401
f 5371/5371/5371 5372/5372/5372 5402/5402/5402
f 5372/5372/5372 5403/5403/5403 5402/5402/5402
f 5372/5372/5372 5373/5373/5373 5403/5403/5403
f 5373/5373/5373 5404/5404/5404 5403/5403/5403
f 5373/5373/5373 5374/5374/5374 5404/5404/5404
f 5374/5374/5374 5405/5405/5405 5404/5404/5404
f 5374/5374/5374 5375/5375/5375 5405/5405/5405
f 5375/5375/5375 5406/5406/5406 5405/5405/5405
f 5375/5375/5375 5376/5376/5376 5406/5406/5406
f 5376/5376/5376 5407/5407/5407 5406/5406/5406
f 5376/5376/5376 5377/5377/5377 5407/5407/5407
f 5377/5377/5377 5408/5408/5408 5407/5407/5407
f 5377/5377/5377 5378/5378/5378 5408/5408/5408
f 5378/5378/5378 5409/5409/5409 5408/5408/5408
f 5378/5378/5378 5379/5379/5379 5409/5409/5409
f 5379/5379/5379 5410/5410/5410 5409/5409/5409
f 5379/5379/5379 5380/5380/5380 5410/5410/5410
f 5380/5380/5380 5411/5411/5411 5410/5410/5410
f 5380/5380/5380 5381/5381/5381 5411/5411/5411
f 5381/5381/5381 5412/5412/5412 5411/5411/5411
f 5381/5381/5381 5382/5382/5382 5412/5412/5412
f 5382/5382/5382 5413/5413/5413 5412/5412/5412
f 5382/5382/5382 5383/5383/5383 5413/5413/5413
f 5383/5383/5383 5414/5414/5414 5413/5413/5413
f 5383/5383/5383 5384/5384/5384 5414/5414/5414
f 5384/5384/5384 5415/5415/5415 5414/5414/5414
f 5384/5384/5384 5385/5385/5385 5415/5415/5415
f 5385/5385/5385 5416/5416/5416 5415/5415/5415
f 5385/5385/5385 5386/5386/5386 5416/5416/5416
f 5386/5386/5386 5417/5417/5417 5416/5416/5416
f 5386/5386/5386 5387/5387/5387 5417/5417/5417
f 5387/5387/5387 5418/5418/5418 5417/5417/5417
f 5387/5387/5387 5388/5388/5388 5418/5418/5418
f 5388/5388/5388 5419/5419/5419 5418/5418/5418
f 5388/5388/5388 5389/5389/5389 5419/5419/5419
f 5389/5389/5389 5420/5420/5420 5419/5419/5419
f 5389/5389/5389 5390/5390/5390 5420/5420/5420
f 5390/5390/5390 5421/5421/5421 5420/5420/5420
f 5390/5390/5390 5391/5391/5391 5421/5421/5421
f 5391/5391/5391 5422/5422/5422 5421/5421/5421
f 5391/5391/5391 5392/5392/5392 5422/5422/5422
f 5392/5392/5392 5423/5423/5423 5422/5422/5422
f 5392/5392/5392 5393/5393/5393 5423/5423/5423
f 5393/5393/5393 5424/5424/5424 5423/5423/5423
f 5393/5393/5393 5394/5394/5394 5424/5424/5424
f 5394/5394/5394 5425/5425/5425 5424/5424/5424
f 5394/5394/5394 5395/5395/5395 5425/5425/5425
f 5395/5395/5395 5426/5426/5426 5425/5425/5425
f 5396/5396/5396 5397/5397/5397 5427/5427/5427
f 5397/5397/5397 5428/5428/5428 5427/5427/5427
f 5397/5397/5397 5398/5398/5398 5428/5428/5428
f 5398/5398/5398 5429/5429/5429 5428/5428/5428
f 5398/5398/5398 5399/5399/5399 5429/5429/5429
f 5399/5399/5399 5430/5430/5430 5429/5429/5429
f 5399/5399/5399 5400/5400/5400 5430/5430/5430
f 5400/5400/5400 5431/5431/5431 5430/5430/5430
f 5400/5400/5400 5401/5401/5401 5431/5431/5431
f 5401/5401/5401 5432/5432/5432 5431/5431/5431
f 5401/5401/5401 5402/5402/5402 5432/5432/5432
f 5402/5402/5402 5433/5433/5433 5432/5432/5432
f 5402/5402/5402 5403/5403/5403 5433/5433/5433
f 5403/5403/5403 5434/5434/5434 5433/5433/5433
f 5403/5403/5403 5404/5404/5404 5434/5434/5434
f 5404/5404/5404 5435/5435/5435 5434/5434/5434
f 5404/5404/5404 5405/5405/5405 5435/5435/5435
f 5405/5405/5405 5436/5436/5436 5435/5435/5435
f 5405/5405/5405 5406/5406/5406 5436/5436/5436
f 5406/5406/5406 5437/5437/5437 5436/5436/5436
f 5406/5406/5406 5407/5407/5407 5437/5437/5437
f 5407/5407/5407 5438/5438/5438 5437/5437/5437
f 5407/5407/5407 5408/5408/5408 5438/5438/5438
f 5408/5408/5408 5439/5439/5439 5438/5438/5438
f 5408/5408/5408 5409/5409/5409 5439/5439/5439
f 5409/5409/5409 5440/5440/5440 5439/5439/5439
f 5409/5409/5409 5410/5410/5410 5440/5440/5440
f 5410/5410/5410 5441/5441/5441 5440/5440/5440
f 5410/5410/5410 5411/5411/5411 5441/5441/5441
f 5411/5411/5411 5442/5442/5442 5441/5441/5441
f 5411/5411/5411 5412/5412/5412 5442/5442/5442
f 5412/5412/5412 5443/5443/5443 5442/5442/5442
f 5412/5412/5412 5413/5413/5413 5443/5443/5443
f 5413/5413/5413 5444/5444/5444 5443/5443/5443
f 5413/5413/5413 5414/5414/5414 5444/5444/5444
f 5414/5414/5414 5445/5445/5445 5444/5444/5444
f 5414/5414/5414 5415/5415/5415 5445/5445/5445
f 5415/5415/5415 5446/5446/5446 5445/5445/5445
f 5415/5415/5415 5416/5416/5416 5446/5446/5446
f 5416/5416/5416 5447/5447/5447 5446/5446/5446
f 5416/5416/5416 5417/5417/5417 5447/5447/5447
f 5417/5417/5417 5448/5448/5448 5447/5447/5447
f 5417/5417/5417 5418/5418/5418 5448/5448/5448
f 5418/5418/5418 5449/5449/5449 5448/5448/5448
f 5418/5418/5418 5419/5419/5419 5449/5449/5449
f 5419/5419/5419 5450/5450/5450 5449/5449/5449
f 5419/5419/5419 5420/5420/5420 5450/5450/5450
f 5420/5420/5420 5451/5451/5451 5450/5450/5450
f 5420/5420/5420 5421/5421/5421 5451/5451/5451
f 5421/5421/5421 5452/5452/5452 5451/5451/5451
f 5421/5421/5421 5422/5422/5422 5452/5452/5452
f 5422/5422/5422 5453/5453/5453 5452/5452/5452
f 5422/5422/5422 5423/5423/5423 5453/5453/5453
f 5423/5423/5423 5454/5454/5454 5453/5453/5453
f 5423/5423/5423 5424/5424/5424 5454/5454/5454
f 5424/5424/5424 5455/5455/5455 5454/5454/5454
f 5424/5424/5424 5425/5425/5425 5455/5455/5455
f 5425/5425/5425 5456/5456/5456 5455/5455/5455
f 5425/5425/5425 5426/5426/5426 5456/5456/5456
f 5426/5426/5426 5457/5457/5457 5456/5456/5456
f 5427/5427/5427 5428/5428/5428 5458/5458/5458
f 5428/5428/5428 5459/5459/5459 5458/5458/5458
f 5428/5428/5428 5429/5429/5429 5459/5459/5459
f 5429/5429/5429 5460/5460/5460 5459/5459/5459
f 5429/5429/5429 5430/5430/5430 5460/5460/5460
f 5430/5430/5430 5461/5461/5461 5460/5460/5460
f 5430/5430/5430 5431/5431/5431 5461/5461/5461
f 5431/5431/5431 5462/5462/5462 5461/5461/5461
f 5431/5431/5431 5432/5432/5432 5462/5462/5462
f 5432/5432/5432 5463/5463/5463 5462/5462/5462
f 5432/5432/5432 5433/5433/5433 5463/5463/5463
f 5433/5433/5433 5464/5464/5464 5463/5463/5463
f 5433/5433/5433 5434/5434/5434 5464/5464/5464
f 5434/5434/5434 5465/5465/5465 5464/5464/5464
f 5434/5434/5434 5435/5435/5435 5465/5465/5465
f 5435/5435/5435 5466/5466/5466 5465/5465/5465
f 5435/5435/5435 5436/5436/5436 5466/5466/5466
f 5436/5436/5436 5467/5467/5467 5466/5466/5466
f 5436/5436/5436 5437/5437/5437 5467/5467/5467
f 5437/5437/5437 5468/5468/5468 5467/5467/5467
f 5437/5437/5437 5438/5438/5438 5468/5468/5468
f 5438/5438/5438 5469/5469/5469 5468/5468/5468
f 5438/5438/5438 5439/5439/5439 5469/5469/5469
f 5439/5439/5439 5470/5470/5470 5469/5469/5469
f 5439/5439/5439 5440/5440/5440 5470/5470/5470
f 5440/5440/5440 5471/5471/5471 5470/5470/5470
f 5440/5440/5440 5441/5441/5441 5471/5471/5471
f 5441/5441/5441 5472/5472/5472 5471/5471/5471
f 5441/5441/5441 5442/5442/5442 5472/5472/5472
f 5442/5442/5442 5473/5473/5473 5472/5472/5472
f 5442/5442/5442 5443/5443/5443 5473/5473/5473
f 5443/5443/5443 5474/5474/5474 5473/5473/5473
f 5443/5443/5443 5444/5444/5444 5474/5474/5474
f 5444/5444/5444 5475/5475/5475 5474/5474/5474
f 5444/5444/5444 5445/5445/5445 5475/5475/5475
f 5445/5445/5445 5476/5476/5476 5475/5475/5475
f 5445/5445/5445 5446/5446/5446 5476/5476/5476
f 5446/5446/5446 5477/5477/5477 5476/5476/5476
f 5446/5446/5446 5447/5447/5447 5477/5477/5477
f 5447/5447/5447 5478/5478/5478 5477/5477/5477
f 5447/5447/5447 5448/5448/5448 5478/5478/5478
f 5448/5448/5448 5479/5479/5479 5478/5478/5478
f 5448/5448/5448 5449/5449/5449 5479/5479/5479
f 5449/5449/5449 5480/5480/5480 5479/5479/5479
f 5449/5449/5449 5450/5450/5450 5480/5480/5480
f 5450/5450/5450 5481/5481/5481 5480/5480/5480
f 5450/5450/5450 5451/5451/5451 5481/5481/5481
f 5451/5451/5451 5482/5482/5482 5481/5481/5481
f 5451/5451/5451 5452/5452/5452 5482/5482/5482
f 5452/5452/5452 5483/5483/5483 5482/5482/5482
f 5452/5452/5452 5453/5453/5453 5483/5483/5483
f 5453/5453/5453 5484/5484/5484 5483/5483/5483
f 5453/5453/5453 5454/5454/5454 5484/5484/5484
f 5454/5454/5454 5485/5485/5485 5484/5484/5484
f 5454/5454/5454 5455/5455/5455 5485/5485/5485
f 5455/5455/5455 5486/5486/5486 5485/5485/5485
f 5455/5455/5455 5456/5456/5456 5486/5486/5486
f 5456/5456/5456 5487/5487/5487 5486/5486/5486
f 5456/5456/5456 5457/5457/5457 5487/5487/5487
f 5457/5457/5457 5488/5488/5488 5487/5487/5487
f 5458/5458/5458 5459/5459/5459 5489/5489/5489
f 5459/5459/5459 5490/5490/5490 5489/5489/5489
f 5459/5459/5459 5460/5460/5460 5490/5490/5490
f 5460/5460/5460 5491/5491/5491 5490/5490/5490
f 5460/5460/5460 5461/5461/5461 5491/5491/5491
f 5461/5461/5461 5492/5492/5492 5491/5491/5491
f 5461/5461/5461 5462/5462/5462 5492/5492/5492
f 5462/5462/5462 5493/5493/5493 5492/5492/5492
f 5462/5462/5462 5463/5463/5463 5493/5493/5493
f 5463/5463/5463 5494/5494/5494 5493/5493/5493
f 5463/5463/5463 5464/5464/5464 5494/5494/5494
f 5464/5464/5464 5495/5495/5495 5494/5494/5494
f 5464/5464/5464 5465/5465/5465 5495/5495/5495
f 5465/5465/5465 5496/5496/5496 5495/5495/5495
f 5465/5465/5465 5466/5466/5466 5496/5496/5496
f 5466/5466/5466 5497/5497/5497 5496/5496/5496
f 5466/5466/5466 5467/5467/5467 5497/5497/5497
f 5467/5467/5467 5498/5498/5498 5497/5497/5497
f 5467/5467/5467 5468/5468/5468 5498/5498/5498
f 5468/5468/5468 5499/5499/5499 5498/5498/5498
f 5468/5468/5468 5469/5469/5469 5499/5499/5499
f 5469/5469/5469 5500/5500/5500 5499/5499/5499
f 5469/5469/5469 5470/5470/5470 5500/5500/5500
f 5470/5470/5470 5501/5501/5501 5500/5500/5500
f 5470/5470/5470 5471/5471/5471 5501/5501/5501
f 5471/5471/5471 5502/5502/5502 5501/5501/5501
f 5471/5471/5471 5472/5472/5472 5502/5502/5502
f 5472/5472/5472 5503/5503/5503 5502/5502/5502
f 5472/5472/5472 5473/5473/5473 5503/5503/5503
f 5473/5473/5473 5504/5504/5504 5503/5503/5503
f 5473/5473/5473 5474/5474/5474 5504/5504/5504
f 5474/5474/5474 5505/5505/5505 5504/5504/5504
f 5474/5474/5474 5475/5475/5475 5505/5505/5505
f 5475/5475/5475 5506/5506/5506 5505/5505/5505
f 5475/5475/5475 5476/5476/5476 5506/5506/5506
f 5476/5476/5476 5507/5507/5507 5506/5506/5506
f 5476/5476/5476 5477/5477/5477 5507/5507/5507
f 5477/5477/5477 5508/5508/5508 5507/5507/5507
f 5477/5477/5477 5478/5478/5478 5508/5508/5508
f 5478/5478/5478 5509/5509/5509 5508/5508/5508
f 5478/5478/5478 5479/5479/5479 5509/5509/5509
f 5479/5479/5479 5510/5510/5510 5509/5509/5509
f 5479/5479/5479 5480/5480/5480 5510/5510/5510
f 5480/5480/5480 5511/5511/5511 5510/5510/5510
f 5480/5480/5480 5481/5481/5481 5511/5511/5511
f 5481/5481/5481 5512/5512/5512 5511/5511/5511
f 5481/5481/5481 5482/5482/5482 5512/5512/5512
f 5482/5482/5482 5513/5513/5513 5512/5512/5512
f 5482/5482/5482 5483/5483/5483 5513/5513/5513
f 5483/5483/5483 5514/5514/5514 5513/5513/5513
f 5483/5483/5483 5484/5484/5484 5514/5514/5514
f 5484/5484/5484 5515/5515/5515 5514/5514/5514
f 5484/5484/5484 5485/5485/5485 5515/5515/5515
f 5485/5485/5485 5516/5516/5516 5515/5515/5515
f 5485/5485/5485 5486/5486/5486 5516/5516/5516
f 5486/5486/5486 5517/5517/5517 5516/5516/5516
f 5486/5486/5486 5487/5487/5487 5517/5517/5517
f 5487/5487/5487 5518/5518/5518 5517/5517/5517
f 5487/5487/5487 5488/5488/5488 5518/5518/5518
f 5488/5488/5488 5519/5519/5519 5518/5518/5518
f 5489/5489/5489 5490/5490/5490 5520/5520/5520
f 5490/5490/5490 5521/5521/5521 5520/5520/5520
f 5490/5490/5490 5491/5491/5491 5521/5521/5521
f 5491/5491/5491 5522/5522/5522 5521/5521/5521
f 5491/5491/5491 5492/5492/5492 5522/5522/5522
f 5492/5492/5492 5523/5523/5523 5522/5522/5522
f 5492/5492/5492 5493/5493/5493 5523/5523/5523
f 5493/5493/5493 5524/5524/5524 5523/5523/5523
f 5493/5493/5493 5494/5494/5494 5524/5524/5524
f 5494/5494/5494 5525/5525/5525 5524/5524/5524
f 5494/5494/5494 5495/5495/5495 5525/5525/5525
f 5495/5495/5495 5526/5526/5526 5525/5525/5525
f 5495/5495/5495 5496/5496/5496 5526/5526/5526
f 5496/5496/5496 5527/5527/5527 5526/5526/5526
f 5496/5496/5496 5497/5497/5497 5527/5527/5527
f 5497/5497/5497 5528/5528/5528 5527/5527/5527
f 5497/5497/5497 5498/5498/5498 5528/5528/5528
f 5498/5498/5498 5529/5529/5529 5528/5528/5528
f 5498/5498/5498 5499/5499/5499 5529/5529/5529
f 5499/5499/5499 5530/5530/5530 5529/5529/5529
f 5499/5499/5499 5500/5500/5500 5530/5530/5530
f 5500/5500/5500 5531/5531/5531 5530/5530/5530
f 5500/5500/5500 5501/5501/5501 5531/5531/5531
f 5501/5501/5501 5532/5532/5532 5531/5531/5531
f 5501/5501/5501 5502/5502/5502 5532/5532/5532
f 5502/5502/5502 5533/5533/5533 5532/5532/5532
f 5502/5502/5502 5503/5503/5503 5533/5533/5533
f 5503/5503/5503 5534/5534/5534 5533/5533/5533
f 5503/5503/5503 5504/5504/5504 5534/5534/5534
f 5504/5504/5504 5535/5535/5535 5534/5534/5534
f 5504/5504/5504 5505/5505/5505 5535/5535/5535
f 5505/5505/5505 5536/5536/5536 5535/5535/5535
f 5505/5505/5505 5506/5506/5506 5536/5536/5536
f 5506/5506/5506 5537/5537/5537 5536/5536/5536
f 5506/5506/5506 5507/5507/5507 5537/5537/5537
f 5507/5507/5507 5538/5538/5538 5537/5537/5537
f 5507/5507/5507 5508/5508/5508 5538/5538/5538
f 5508/5508/5508 5539/5539/5539 5538/5538/5538
f 5508/5508/5508 5509/5509/5509 5539/5539/5539
f 5509/5509/5509 5540/5540/5540 5539/5539/5539
f 5509/5509/5509 5510/5510/5510 5540/5540/5540
f 5510/5510/5510 5541/5541/5541 5540/5540/5540
f 5510/5510/5510 5511/5511/5511 5541/5541/5541
f 5511/5511/5511 5542/5542/5542 5541/5541/5541
f 5511/5511/5511 5512/5512/5512 5542/5542/5542
f 5512/5512/5512 5543/5543/5543 5542/5542/5542
f 5512/5512/5512 5513/5513/5513 5543/5543/5543
f 5513/5513/5513 5544/5544/5544 5543/5543/5543
f 5513/5513/5513 5514/5514/5514 5544/5544/5544
f 5514/5514/5514 5545/5545/5545 5544/5544/5544
f 5514/5514/5514 5515/5515/5515 5545/5545/5545
f 5515/5515/5515 5546/5546/5546 5545/5545/5545
f 5515/5515/5515 5516/5516/5516 5546/5546/5546
f 5516/5516/5516 5547/5547/5547 5546/5546/5546
f 5516/5516/5516 5517/5517/5517 5547/5547/5547
f 5517/5517/5517 5548/5548/5548 5547/5547/5547
f 5517/5517/5517 5518/5518/5518 5548/5548/5548
f 5518/5518/5518 5549/5549/5549 5548/5548/5548
f 5518/5518/5518 5519/5519/5519 5549/5549/5549
f 5519/5519/5519 5550/5550/5550 5549/5549/5549
