# Original Tetherbound Veilfall mesh. See source/generate_waterfall.py.
o source_and_basin_stone
v -7.697000 5.035000 -0.600000
v -6.163000 5.035000 -0.600000
v -6.100000 5.035000 -0.537000
v -6.100000 5.035000 0.297000
v -6.163000 5.035000 0.360000
v -7.697000 5.035000 0.360000
v -7.760000 5.035000 0.297000
v -7.760000 5.035000 -0.537000
v -7.837000 5.175000 -0.740000
v -6.023000 5.175000 -0.740000
v -5.960000 5.175000 -0.677000
v -5.960000 5.175000 0.437000
v -6.023000 5.175000 0.500000
v -7.837000 5.175000 0.500000
v -7.900000 5.175000 0.437000
v -7.900000 5.175000 -0.677000
v -7.837000 5.765000 -0.740000
v -6.023000 5.765000 -0.740000
v -5.960000 5.765000 -0.677000
v -5.960000 5.765000 0.437000
v -6.023000 5.765000 0.500000
v -7.837000 5.765000 0.500000
v -7.900000 5.765000 0.437000
v -7.900000 5.765000 -0.677000
v -7.697000 5.905000 -0.600000
v -6.163000 5.905000 -0.600000
v -6.100000 5.905000 -0.537000
v -6.100000 5.905000 0.297000
v -6.163000 5.905000 0.360000
v -7.697000 5.905000 0.360000
v -7.760000 5.905000 0.297000
v -7.760000 5.905000 -0.537000
v -7.769500 3.775000 -1.520000
v -6.090500 3.775000 -1.520000
v -6.050000 3.775000 -1.479500
v -6.050000 3.775000 0.079500
v -6.090500 3.775000 0.120000
v -7.769500 3.775000 0.120000
v -7.810000 3.775000 0.079500
v -7.810000 3.775000 -1.479500
v -7.859500 3.865000 -1.610000
v -6.000500 3.865000 -1.610000
v -5.960000 3.865000 -1.569500
v -5.960000 3.865000 0.169500
v -6.000500 3.865000 0.210000
v -7.859500 3.865000 0.210000
v -7.900000 3.865000 0.169500
v -7.900000 3.865000 -1.569500
v -7.859500 4.135000 -1.610000
v -6.000500 4.135000 -1.610000
v -5.960000 4.135000 -1.569500
v -5.960000 4.135000 0.169500
v -6.000500 4.135000 0.210000
v -7.859500 4.135000 0.210000
v -7.900000 4.135000 0.169500
v -7.900000 4.135000 -1.569500
v -7.769500 4.225000 -1.520000
v -6.090500 4.225000 -1.520000
v -6.050000 4.225000 -1.479500
v -6.050000 4.225000 0.079500
v -6.090500 4.225000 0.120000
v -7.769500 4.225000 0.120000
v -7.810000 4.225000 0.079500
v -7.810000 4.225000 -1.479500
v -7.740500 -5.950000 -4.370000
v -6.119500 -5.950000 -4.370000
v -6.070000 -5.950000 -4.320500
v -6.070000 -5.950000 -3.939500
v -6.119500 -5.950000 -3.890000
v -7.740500 -5.950000 -3.890000
v -7.790000 -5.950000 -3.939500
v -7.790000 -5.950000 -4.320500
v -7.850500 -5.840000 -4.480000
v -6.009500 -5.840000 -4.480000
v -5.960000 -5.840000 -4.430500
v -5.960000 -5.840000 -3.829500
v -6.009500 -5.840000 -3.780000
v -7.850500 -5.840000 -3.780000
v -7.900000 -5.840000 -3.829500
v -7.900000 -5.840000 -4.430500
v -7.850500 -5.360000 -4.480000
v -6.009500 -5.360000 -4.480000
v -5.960000 -5.360000 -4.430500
v -5.960000 -5.360000 -3.829500
v -6.009500 -5.360000 -3.780000
v -7.850500 -5.360000 -3.780000
v -7.900000 -5.360000 -3.829500
v -7.900000 -5.360000 -4.430500
v -7.740500 -5.250000 -4.370000
v -6.119500 -5.250000 -4.370000
v -6.070000 -5.250000 -4.320500
v -6.070000 -5.250000 -3.939500
v -6.119500 -5.250000 -3.890000
v -7.740500 -5.250000 -3.890000
v -7.790000 -5.250000 -3.939500
v -7.790000 -5.250000 -4.320500
v -5.717000 5.035000 -0.600000
v -4.183000 5.035000 -0.600000
v -4.120000 5.035000 -0.537000
v -4.120000 5.035000 0.297000
v -4.183000 5.035000 0.360000
v -5.717000 5.035000 0.360000
v -5.780000 5.035000 0.297000
v -5.780000 5.035000 -0.537000
v -5.857000 5.175000 -0.740000
v -4.043000 5.175000 -0.740000
v -3.980000 5.175000 -0.677000
v -3.980000 5.175000 0.437000
v -4.043000 5.175000 0.500000
v -5.857000 5.175000 0.500000
v -5.920000 5.175000 0.437000
v -5.920000 5.175000 -0.677000
v -5.857000 5.765000 -0.740000
v -4.043000 5.765000 -0.740000
v -3.980000 5.765000 -0.677000
v -3.980000 5.765000 0.437000
v -4.043000 5.765000 0.500000
v -5.857000 5.765000 0.500000
v -5.920000 5.765000 0.437000
v -5.920000 5.765000 -0.677000
v -5.717000 5.905000 -0.600000
v -4.183000 5.905000 -0.600000
v -4.120000 5.905000 -0.537000
v -4.120000 5.905000 0.297000
v -4.183000 5.905000 0.360000
v -5.717000 5.905000 0.360000
v -5.780000 5.905000 0.297000
v -5.780000 5.905000 -0.537000
v -5.789500 3.775000 -1.520000
v -4.110500 3.775000 -1.520000
v -4.070000 3.775000 -1.479500
v -4.070000 3.775000 0.079500
v -4.110500 3.775000 0.120000
v -5.789500 3.775000 0.120000
v -5.830000 3.775000 0.079500
v -5.830000 3.775000 -1.479500
v -5.879500 3.865000 -1.610000
v -4.020500 3.865000 -1.610000
v -3.980000 3.865000 -1.569500
v -3.980000 3.865000 0.169500
v -4.020500 3.865000 0.210000
v -5.879500 3.865000 0.210000
v -5.920000 3.865000 0.169500
v -5.920000 3.865000 -1.569500
v -5.879500 4.135000 -1.610000
v -4.020500 4.135000 -1.610000
v -3.980000 4.135000 -1.569500
v -3.980000 4.135000 0.169500
v -4.020500 4.135000 0.210000
v -5.879500 4.135000 0.210000
v -5.920000 4.135000 0.169500
v -5.920000 4.135000 -1.569500
v -5.789500 4.225000 -1.520000
v -4.110500 4.225000 -1.520000
v -4.070000 4.225000 -1.479500
v -4.070000 4.225000 0.079500
v -4.110500 4.225000 0.120000
v -5.789500 4.225000 0.120000
v -5.830000 4.225000 0.079500
v -5.830000 4.225000 -1.479500
v -5.760500 -5.950000 -4.370000
v -4.139500 -5.950000 -4.370000
v -4.090000 -5.950000 -4.320500
v -4.090000 -5.950000 -3.939500
v -4.139500 -5.950000 -3.890000
v -5.760500 -5.950000 -3.890000
v -5.810000 -5.950000 -3.939500
v -5.810000 -5.950000 -4.320500
v -5.870500 -5.840000 -4.480000
v -4.029500 -5.840000 -4.480000
v -3.980000 -5.840000 -4.430500
v -3.980000 -5.840000 -3.829500
v -4.029500 -5.840000 -3.780000
v -5.870500 -5.840000 -3.780000
v -5.920000 -5.840000 -3.829500
v -5.920000 -5.840000 -4.430500
v -5.870500 -5.360000 -4.480000
v -4.029500 -5.360000 -4.480000
v -3.980000 -5.360000 -4.430500
v -3.980000 -5.360000 -3.829500
v -4.029500 -5.360000 -3.780000
v -5.870500 -5.360000 -3.780000
v -5.920000 -5.360000 -3.829500
v -5.920000 -5.360000 -4.430500
v -5.760500 -5.250000 -4.370000
v -4.139500 -5.250000 -4.370000
v -4.090000 -5.250000 -4.320500
v -4.090000 -5.250000 -3.939500
v -4.139500 -5.250000 -3.890000
v -5.760500 -5.250000 -3.890000
v -5.810000 -5.250000 -3.939500
v -5.810000 -5.250000 -4.320500
v -3.737000 5.035000 -0.600000
v -2.203000 5.035000 -0.600000
v -2.140000 5.035000 -0.537000
v -2.140000 5.035000 0.297000
v -2.203000 5.035000 0.360000
v -3.737000 5.035000 0.360000
v -3.800000 5.035000 0.297000
v -3.800000 5.035000 -0.537000
v -3.877000 5.175000 -0.740000
v -2.063000 5.175000 -0.740000
v -2.000000 5.175000 -0.677000
v -2.000000 5.175000 0.437000
v -2.063000 5.175000 0.500000
v -3.877000 5.175000 0.500000
v -3.940000 5.175000 0.437000
v -3.940000 5.175000 -0.677000
v -3.877000 5.765000 -0.740000
v -2.063000 5.765000 -0.740000
v -2.000000 5.765000 -0.677000
v -2.000000 5.765000 0.437000
v -2.063000 5.765000 0.500000
v -3.877000 5.765000 0.500000
v -3.940000 5.765000 0.437000
v -3.940000 5.765000 -0.677000
v -3.737000 5.905000 -0.600000
v -2.203000 5.905000 -0.600000
v -2.140000 5.905000 -0.537000
v -2.140000 5.905000 0.297000
v -2.203000 5.905000 0.360000
v -3.737000 5.905000 0.360000
v -3.800000 5.905000 0.297000
v -3.800000 5.905000 -0.537000
v -3.809500 3.775000 -1.520000
v -2.130500 3.775000 -1.520000
v -2.090000 3.775000 -1.479500
v -2.090000 3.775000 0.079500
v -2.130500 3.775000 0.120000
v -3.809500 3.775000 0.120000
v -3.850000 3.775000 0.079500
v -3.850000 3.775000 -1.479500
v -3.899500 3.865000 -1.610000
v -2.040500 3.865000 -1.610000
v -2.000000 3.865000 -1.569500
v -2.000000 3.865000 0.169500
v -2.040500 3.865000 0.210000
v -3.899500 3.865000 0.210000
v -3.940000 3.865000 0.169500
v -3.940000 3.865000 -1.569500
v -3.899500 4.135000 -1.610000
v -2.040500 4.135000 -1.610000
v -2.000000 4.135000 -1.569500
v -2.000000 4.135000 0.169500
v -2.040500 4.135000 0.210000
v -3.899500 4.135000 0.210000
v -3.940000 4.135000 0.169500
v -3.940000 4.135000 -1.569500
v -3.809500 4.225000 -1.520000
v -2.130500 4.225000 -1.520000
v -2.090000 4.225000 -1.479500
v -2.090000 4.225000 0.079500
v -2.130500 4.225000 0.120000
v -3.809500 4.225000 0.120000
v -3.850000 4.225000 0.079500
v -3.850000 4.225000 -1.479500
v -3.780500 -5.950000 -4.370000
v -2.159500 -5.950000 -4.370000
v -2.110000 -5.950000 -4.320500
v -2.110000 -5.950000 -3.939500
v -2.159500 -5.950000 -3.890000
v -3.780500 -5.950000 -3.890000
v -3.830000 -5.950000 -3.939500
v -3.830000 -5.950000 -4.320500
v -3.890500 -5.840000 -4.480000
v -2.049500 -5.840000 -4.480000
v -2.000000 -5.840000 -4.430500
v -2.000000 -5.840000 -3.829500
v -2.049500 -5.840000 -3.780000
v -3.890500 -5.840000 -3.780000
v -3.940000 -5.840000 -3.829500
v -3.940000 -5.840000 -4.430500
v -3.890500 -5.360000 -4.480000
v -2.049500 -5.360000 -4.480000
v -2.000000 -5.360000 -4.430500
v -2.000000 -5.360000 -3.829500
v -2.049500 -5.360000 -3.780000
v -3.890500 -5.360000 -3.780000
v -3.940000 -5.360000 -3.829500
v -3.940000 -5.360000 -4.430500
v -3.780500 -5.250000 -4.370000
v -2.159500 -5.250000 -4.370000
v -2.110000 -5.250000 -4.320500
v -2.110000 -5.250000 -3.939500
v -2.159500 -5.250000 -3.890000
v -3.780500 -5.250000 -3.890000
v -3.830000 -5.250000 -3.939500
v -3.830000 -5.250000 -4.320500
v -1.757000 5.035000 -0.600000
v -0.223000 5.035000 -0.600000
v -0.160000 5.035000 -0.537000
v -0.160000 5.035000 0.297000
v -0.223000 5.035000 0.360000
v -1.757000 5.035000 0.360000
v -1.820000 5.035000 0.297000
v -1.820000 5.035000 -0.537000
v -1.897000 5.175000 -0.740000
v -0.083000 5.175000 -0.740000
v -0.020000 5.175000 -0.677000
v -0.020000 5.175000 0.437000
v -0.083000 5.175000 0.500000
v -1.897000 5.175000 0.500000
v -1.960000 5.175000 0.437000
v -1.960000 5.175000 -0.677000
v -1.897000 5.765000 -0.740000
v -0.083000 5.765000 -0.740000
v -0.020000 5.765000 -0.677000
v -0.020000 5.765000 0.437000
v -0.083000 5.765000 0.500000
v -1.897000 5.765000 0.500000
v -1.960000 5.765000 0.437000
v -1.960000 5.765000 -0.677000
v -1.757000 5.905000 -0.600000
v -0.223000 5.905000 -0.600000
v -0.160000 5.905000 -0.537000
v -0.160000 5.905000 0.297000
v -0.223000 5.905000 0.360000
v -1.757000 5.905000 0.360000
v -1.820000 5.905000 0.297000
v -1.820000 5.905000 -0.537000
v -1.829500 3.775000 -1.520000
v -0.150500 3.775000 -1.520000
v -0.110000 3.775000 -1.479500
v -0.110000 3.775000 0.079500
v -0.150500 3.775000 0.120000
v -1.829500 3.775000 0.120000
v -1.870000 3.775000 0.079500
v -1.870000 3.775000 -1.479500
v -1.919500 3.865000 -1.610000
v -0.060500 3.865000 -1.610000
v -0.020000 3.865000 -1.569500
v -0.020000 3.865000 0.169500
v -0.060500 3.865000 0.210000
v -1.919500 3.865000 0.210000
v -1.960000 3.865000 0.169500
v -1.960000 3.865000 -1.569500
v -1.919500 4.135000 -1.610000
v -0.060500 4.135000 -1.610000
v -0.020000 4.135000 -1.569500
v -0.020000 4.135000 0.169500
v -0.060500 4.135000 0.210000
v -1.919500 4.135000 0.210000
v -1.960000 4.135000 0.169500
v -1.960000 4.135000 -1.569500
v -1.829500 4.225000 -1.520000
v -0.150500 4.225000 -1.520000
v -0.110000 4.225000 -1.479500
v -0.110000 4.225000 0.079500
v -0.150500 4.225000 0.120000
v -1.829500 4.225000 0.120000
v -1.870000 4.225000 0.079500
v -1.870000 4.225000 -1.479500
v -1.800500 -5.950000 -4.370000
v -0.179500 -5.950000 -4.370000
v -0.130000 -5.950000 -4.320500
v -0.130000 -5.950000 -3.939500
v -0.179500 -5.950000 -3.890000
v -1.800500 -5.950000 -3.890000
v -1.850000 -5.950000 -3.939500
v -1.850000 -5.950000 -4.320500
v -1.910500 -5.840000 -4.480000
v -0.069500 -5.840000 -4.480000
v -0.020000 -5.840000 -4.430500
v -0.020000 -5.840000 -3.829500
v -0.069500 -5.840000 -3.780000
v -1.910500 -5.840000 -3.780000
v -1.960000 -5.840000 -3.829500
v -1.960000 -5.840000 -4.430500
v -1.910500 -5.360000 -4.480000
v -0.069500 -5.360000 -4.480000
v -0.020000 -5.360000 -4.430500
v -0.020000 -5.360000 -3.829500
v -0.069500 -5.360000 -3.780000
v -1.910500 -5.360000 -3.780000
v -1.960000 -5.360000 -3.829500
v -1.960000 -5.360000 -4.430500
v -1.800500 -5.250000 -4.370000
v -0.179500 -5.250000 -4.370000
v -0.130000 -5.250000 -4.320500
v -0.130000 -5.250000 -3.939500
v -0.179500 -5.250000 -3.890000
v -1.800500 -5.250000 -3.890000
v -1.850000 -5.250000 -3.939500
v -1.850000 -5.250000 -4.320500
v 0.223000 5.035000 -0.600000
v 1.757000 5.035000 -0.600000
v 1.820000 5.035000 -0.537000
v 1.820000 5.035000 0.297000
v 1.757000 5.035000 0.360000
v 0.223000 5.035000 0.360000
v 0.160000 5.035000 0.297000
v 0.160000 5.035000 -0.537000
v 0.083000 5.175000 -0.740000
v 1.897000 5.175000 -0.740000
v 1.960000 5.175000 -0.677000
v 1.960000 5.175000 0.437000
v 1.897000 5.175000 0.500000
v 0.083000 5.175000 0.500000
v 0.020000 5.175000 0.437000
v 0.020000 5.175000 -0.677000
v 0.083000 5.765000 -0.740000
v 1.897000 5.765000 -0.740000
v 1.960000 5.765000 -0.677000
v 1.960000 5.765000 0.437000
v 1.897000 5.765000 0.500000
v 0.083000 5.765000 0.500000
v 0.020000 5.765000 0.437000
v 0.020000 5.765000 -0.677000
v 0.223000 5.905000 -0.600000
v 1.757000 5.905000 -0.600000
v 1.820000 5.905000 -0.537000
v 1.820000 5.905000 0.297000
v 1.757000 5.905000 0.360000
v 0.223000 5.905000 0.360000
v 0.160000 5.905000 0.297000
v 0.160000 5.905000 -0.537000
v 0.150500 3.775000 -1.520000
v 1.829500 3.775000 -1.520000
v 1.870000 3.775000 -1.479500
v 1.870000 3.775000 0.079500
v 1.829500 3.775000 0.120000
v 0.150500 3.775000 0.120000
v 0.110000 3.775000 0.079500
v 0.110000 3.775000 -1.479500
v 0.060500 3.865000 -1.610000
v 1.919500 3.865000 -1.610000
v 1.960000 3.865000 -1.569500
v 1.960000 3.865000 0.169500
v 1.919500 3.865000 0.210000
v 0.060500 3.865000 0.210000
v 0.020000 3.865000 0.169500
v 0.020000 3.865000 -1.569500
v 0.060500 4.135000 -1.610000
v 1.919500 4.135000 -1.610000
v 1.960000 4.135000 -1.569500
v 1.960000 4.135000 0.169500
v 1.919500 4.135000 0.210000
v 0.060500 4.135000 0.210000
v 0.020000 4.135000 0.169500
v 0.020000 4.135000 -1.569500
v 0.150500 4.225000 -1.520000
v 1.829500 4.225000 -1.520000
v 1.870000 4.225000 -1.479500
v 1.870000 4.225000 0.079500
v 1.829500 4.225000 0.120000
v 0.150500 4.225000 0.120000
v 0.110000 4.225000 0.079500
v 0.110000 4.225000 -1.479500
v 0.179500 -5.950000 -4.370000
v 1.800500 -5.950000 -4.370000
v 1.850000 -5.950000 -4.320500
v 1.850000 -5.950000 -3.939500
v 1.800500 -5.950000 -3.890000
v 0.179500 -5.950000 -3.890000
v 0.130000 -5.950000 -3.939500
v 0.130000 -5.950000 -4.320500
v 0.069500 -5.840000 -4.480000
v 1.910500 -5.840000 -4.480000
v 1.960000 -5.840000 -4.430500
v 1.960000 -5.840000 -3.829500
v 1.910500 -5.840000 -3.780000
v 0.069500 -5.840000 -3.780000
v 0.020000 -5.840000 -3.829500
v 0.020000 -5.840000 -4.430500
v 0.069500 -5.360000 -4.480000
v 1.910500 -5.360000 -4.480000
v 1.960000 -5.360000 -4.430500
v 1.960000 -5.360000 -3.829500
v 1.910500 -5.360000 -3.780000
v 0.069500 -5.360000 -3.780000
v 0.020000 -5.360000 -3.829500
v 0.020000 -5.360000 -4.430500
v 0.179500 -5.250000 -4.370000
v 1.800500 -5.250000 -4.370000
v 1.850000 -5.250000 -4.320500
v 1.850000 -5.250000 -3.939500
v 1.800500 -5.250000 -3.890000
v 0.179500 -5.250000 -3.890000
v 0.130000 -5.250000 -3.939500
v 0.130000 -5.250000 -4.320500
v 2.203000 5.035000 -0.600000
v 3.737000 5.035000 -0.600000
v 3.800000 5.035000 -0.537000
v 3.800000 5.035000 0.297000
v 3.737000 5.035000 0.360000
v 2.203000 5.035000 0.360000
v 2.140000 5.035000 0.297000
v 2.140000 5.035000 -0.537000
v 2.063000 5.175000 -0.740000
v 3.877000 5.175000 -0.740000
v 3.940000 5.175000 -0.677000
v 3.940000 5.175000 0.437000
v 3.877000 5.175000 0.500000
v 2.063000 5.175000 0.500000
v 2.000000 5.175000 0.437000
v 2.000000 5.175000 -0.677000
v 2.063000 5.765000 -0.740000
v 3.877000 5.765000 -0.740000
v 3.940000 5.765000 -0.677000
v 3.940000 5.765000 0.437000
v 3.877000 5.765000 0.500000
v 2.063000 5.765000 0.500000
v 2.000000 5.765000 0.437000
v 2.000000 5.765000 -0.677000
v 2.203000 5.905000 -0.600000
v 3.737000 5.905000 -0.600000
v 3.800000 5.905000 -0.537000
v 3.800000 5.905000 0.297000
v 3.737000 5.905000 0.360000
v 2.203000 5.905000 0.360000
v 2.140000 5.905000 0.297000
v 2.140000 5.905000 -0.537000
v 2.130500 3.775000 -1.520000
v 3.809500 3.775000 -1.520000
v 3.850000 3.775000 -1.479500
v 3.850000 3.775000 0.079500
v 3.809500 3.775000 0.120000
v 2.130500 3.775000 0.120000
v 2.090000 3.775000 0.079500
v 2.090000 3.775000 -1.479500
v 2.040500 3.865000 -1.610000
v 3.899500 3.865000 -1.610000
v 3.940000 3.865000 -1.569500
v 3.940000 3.865000 0.169500
v 3.899500 3.865000 0.210000
v 2.040500 3.865000 0.210000
v 2.000000 3.865000 0.169500
v 2.000000 3.865000 -1.569500
v 2.040500 4.135000 -1.610000
v 3.899500 4.135000 -1.610000
v 3.940000 4.135000 -1.569500
v 3.940000 4.135000 0.169500
v 3.899500 4.135000 0.210000
v 2.040500 4.135000 0.210000
v 2.000000 4.135000 0.169500
v 2.000000 4.135000 -1.569500
v 2.130500 4.225000 -1.520000
v 3.809500 4.225000 -1.520000
v 3.850000 4.225000 -1.479500
v 3.850000 4.225000 0.079500
v 3.809500 4.225000 0.120000
v 2.130500 4.225000 0.120000
v 2.090000 4.225000 0.079500
v 2.090000 4.225000 -1.479500
v 2.159500 -5.950000 -4.370000
v 3.780500 -5.950000 -4.370000
v 3.830000 -5.950000 -4.320500
v 3.830000 -5.950000 -3.939500
v 3.780500 -5.950000 -3.890000
v 2.159500 -5.950000 -3.890000
v 2.110000 -5.950000 -3.939500
v 2.110000 -5.950000 -4.320500
v 2.049500 -5.840000 -4.480000
v 3.890500 -5.840000 -4.480000
v 3.940000 -5.840000 -4.430500
v 3.940000 -5.840000 -3.829500
v 3.890500 -5.840000 -3.780000
v 2.049500 -5.840000 -3.780000
v 2.000000 -5.840000 -3.829500
v 2.000000 -5.840000 -4.430500
v 2.049500 -5.360000 -4.480000
v 3.890500 -5.360000 -4.480000
v 3.940000 -5.360000 -4.430500
v 3.940000 -5.360000 -3.829500
v 3.890500 -5.360000 -3.780000
v 2.049500 -5.360000 -3.780000
v 2.000000 -5.360000 -3.829500
v 2.000000 -5.360000 -4.430500
v 2.159500 -5.250000 -4.370000
v 3.780500 -5.250000 -4.370000
v 3.830000 -5.250000 -4.320500
v 3.830000 -5.250000 -3.939500
v 3.780500 -5.250000 -3.890000
v 2.159500 -5.250000 -3.890000
v 2.110000 -5.250000 -3.939500
v 2.110000 -5.250000 -4.320500
v 4.183000 5.035000 -0.600000
v 5.717000 5.035000 -0.600000
v 5.780000 5.035000 -0.537000
v 5.780000 5.035000 0.297000
v 5.717000 5.035000 0.360000
v 4.183000 5.035000 0.360000
v 4.120000 5.035000 0.297000
v 4.120000 5.035000 -0.537000
v 4.043000 5.175000 -0.740000
v 5.857000 5.175000 -0.740000
v 5.920000 5.175000 -0.677000
v 5.920000 5.175000 0.437000
v 5.857000 5.175000 0.500000
v 4.043000 5.175000 0.500000
v 3.980000 5.175000 0.437000
v 3.980000 5.175000 -0.677000
v 4.043000 5.765000 -0.740000
v 5.857000 5.765000 -0.740000
v 5.920000 5.765000 -0.677000
v 5.920000 5.765000 0.437000
v 5.857000 5.765000 0.500000
v 4.043000 5.765000 0.500000
v 3.980000 5.765000 0.437000
v 3.980000 5.765000 -0.677000
v 4.183000 5.905000 -0.600000
v 5.717000 5.905000 -0.600000
v 5.780000 5.905000 -0.537000
v 5.780000 5.905000 0.297000
v 5.717000 5.905000 0.360000
v 4.183000 5.905000 0.360000
v 4.120000 5.905000 0.297000
v 4.120000 5.905000 -0.537000
v 4.110500 3.775000 -1.520000
v 5.789500 3.775000 -1.520000
v 5.830000 3.775000 -1.479500
v 5.830000 3.775000 0.079500
v 5.789500 3.775000 0.120000
v 4.110500 3.775000 0.120000
v 4.070000 3.775000 0.079500
v 4.070000 3.775000 -1.479500
v 4.020500 3.865000 -1.610000
v 5.879500 3.865000 -1.610000
v 5.920000 3.865000 -1.569500
v 5.920000 3.865000 0.169500
v 5.879500 3.865000 0.210000
v 4.020500 3.865000 0.210000
v 3.980000 3.865000 0.169500
v 3.980000 3.865000 -1.569500
v 4.020500 4.135000 -1.610000
v 5.879500 4.135000 -1.610000
v 5.920000 4.135000 -1.569500
v 5.920000 4.135000 0.169500
v 5.879500 4.135000 0.210000
v 4.020500 4.135000 0.210000
v 3.980000 4.135000 0.169500
v 3.980000 4.135000 -1.569500
v 4.110500 4.225000 -1.520000
v 5.789500 4.225000 -1.520000
v 5.830000 4.225000 -1.479500
v 5.830000 4.225000 0.079500
v 5.789500 4.225000 0.120000
v 4.110500 4.225000 0.120000
v 4.070000 4.225000 0.079500
v 4.070000 4.225000 -1.479500
v 4.139500 -5.950000 -4.370000
v 5.760500 -5.950000 -4.370000
v 5.810000 -5.950000 -4.320500
v 5.810000 -5.950000 -3.939500
v 5.760500 -5.950000 -3.890000
v 4.139500 -5.950000 -3.890000
v 4.090000 -5.950000 -3.939500
v 4.090000 -5.950000 -4.320500
v 4.029500 -5.840000 -4.480000
v 5.870500 -5.840000 -4.480000
v 5.920000 -5.840000 -4.430500
v 5.920000 -5.840000 -3.829500
v 5.870500 -5.840000 -3.780000
v 4.029500 -5.840000 -3.780000
v 3.980000 -5.840000 -3.829500
v 3.980000 -5.840000 -4.430500
v 4.029500 -5.360000 -4.480000
v 5.870500 -5.360000 -4.480000
v 5.920000 -5.360000 -4.430500
v 5.920000 -5.360000 -3.829500
v 5.870500 -5.360000 -3.780000
v 4.029500 -5.360000 -3.780000
v 3.980000 -5.360000 -3.829500
v 3.980000 -5.360000 -4.430500
v 4.139500 -5.250000 -4.370000
v 5.760500 -5.250000 -4.370000
v 5.810000 -5.250000 -4.320500
v 5.810000 -5.250000 -3.939500
v 5.760500 -5.250000 -3.890000
v 4.139500 -5.250000 -3.890000
v 4.090000 -5.250000 -3.939500
v 4.090000 -5.250000 -4.320500
v 6.163000 5.035000 -0.600000
v 7.697000 5.035000 -0.600000
v 7.760000 5.035000 -0.537000
v 7.760000 5.035000 0.297000
v 7.697000 5.035000 0.360000
v 6.163000 5.035000 0.360000
v 6.100000 5.035000 0.297000
v 6.100000 5.035000 -0.537000
v 6.023000 5.175000 -0.740000
v 7.837000 5.175000 -0.740000
v 7.900000 5.175000 -0.677000
v 7.900000 5.175000 0.437000
v 7.837000 5.175000 0.500000
v 6.023000 5.175000 0.500000
v 5.960000 5.175000 0.437000
v 5.960000 5.175000 -0.677000
v 6.023000 5.765000 -0.740000
v 7.837000 5.765000 -0.740000
v 7.900000 5.765000 -0.677000
v 7.900000 5.765000 0.437000
v 7.837000 5.765000 0.500000
v 6.023000 5.765000 0.500000
v 5.960000 5.765000 0.437000
v 5.960000 5.765000 -0.677000
v 6.163000 5.905000 -0.600000
v 7.697000 5.905000 -0.600000
v 7.760000 5.905000 -0.537000
v 7.760000 5.905000 0.297000
v 7.697000 5.905000 0.360000
v 6.163000 5.905000 0.360000
v 6.100000 5.905000 0.297000
v 6.100000 5.905000 -0.537000
v 6.090500 3.775000 -1.520000
v 7.769500 3.775000 -1.520000
v 7.810000 3.775000 -1.479500
v 7.810000 3.775000 0.079500
v 7.769500 3.775000 0.120000
v 6.090500 3.775000 0.120000
v 6.050000 3.775000 0.079500
v 6.050000 3.775000 -1.479500
v 6.000500 3.865000 -1.610000
v 7.859500 3.865000 -1.610000
v 7.900000 3.865000 -1.569500
v 7.900000 3.865000 0.169500
v 7.859500 3.865000 0.210000
v 6.000500 3.865000 0.210000
v 5.960000 3.865000 0.169500
v 5.960000 3.865000 -1.569500
v 6.000500 4.135000 -1.610000
v 7.859500 4.135000 -1.610000
v 7.900000 4.135000 -1.569500
v 7.900000 4.135000 0.169500
v 7.859500 4.135000 0.210000
v 6.000500 4.135000 0.210000
v 5.960000 4.135000 0.169500
v 5.960000 4.135000 -1.569500
v 6.090500 4.225000 -1.520000
v 7.769500 4.225000 -1.520000
v 7.810000 4.225000 -1.479500
v 7.810000 4.225000 0.079500
v 7.769500 4.225000 0.120000
v 6.090500 4.225000 0.120000
v 6.050000 4.225000 0.079500
v 6.050000 4.225000 -1.479500
v 6.119500 -5.950000 -4.370000
v 7.740500 -5.950000 -4.370000
v 7.790000 -5.950000 -4.320500
v 7.790000 -5.950000 -3.939500
v 7.740500 -5.950000 -3.890000
v 6.119500 -5.950000 -3.890000
v 6.070000 -5.950000 -3.939500
v 6.070000 -5.950000 -4.320500
v 6.009500 -5.840000 -4.480000
v 7.850500 -5.840000 -4.480000
v 7.900000 -5.840000 -4.430500
v 7.900000 -5.840000 -3.829500
v 7.850500 -5.840000 -3.780000
v 6.009500 -5.840000 -3.780000
v 5.960000 -5.840000 -3.829500
v 5.960000 -5.840000 -4.430500
v 6.009500 -5.360000 -4.480000
v 7.850500 -5.360000 -4.480000
v 7.900000 -5.360000 -4.430500
v 7.900000 -5.360000 -3.829500
v 7.850500 -5.360000 -3.780000
v 6.009500 -5.360000 -3.780000
v 5.960000 -5.360000 -3.829500
v 5.960000 -5.360000 -4.430500
v 6.119500 -5.250000 -4.370000
v 7.740500 -5.250000 -4.370000
v 7.790000 -5.250000 -4.320500
v 7.790000 -5.250000 -3.939500
v 7.740500 -5.250000 -3.890000
v 6.119500 -5.250000 -3.890000
v 6.070000 -5.250000 -3.939500
v 6.070000 -5.250000 -4.320500
v -7.815600 4.100000 -0.678000
v -7.664400 4.100000 -0.678000
v -7.632000 4.100000 -0.645600
v -7.632000 4.100000 0.245600
v -7.664400 4.100000 0.278000
v -7.815600 4.100000 0.278000
v -7.848000 4.100000 0.245600
v -7.848000 4.100000 -0.645600
v -7.887600 4.172000 -0.750000
v -7.592400 4.172000 -0.750000
v -7.560000 4.172000 -0.717600
v -7.560000 4.172000 0.317600
v -7.592400 4.172000 0.350000
v -7.887600 4.172000 0.350000
v -7.920000 4.172000 0.317600
v -7.920000 4.172000 -0.717600
v -7.887600 5.368000 -0.750000
v -7.592400 5.368000 -0.750000
v -7.560000 5.368000 -0.717600
v -7.560000 5.368000 0.317600
v -7.592400 5.368000 0.350000
v -7.887600 5.368000 0.350000
v -7.920000 5.368000 0.317600
v -7.920000 5.368000 -0.717600
v -7.815600 5.440000 -0.678000
v -7.664400 5.440000 -0.678000
v -7.632000 5.440000 -0.645600
v -7.632000 5.440000 0.245600
v -7.664400 5.440000 0.278000
v -7.815600 5.440000 0.278000
v -7.848000 5.440000 0.245600
v -7.848000 5.440000 -0.645600
v -4.965600 4.100000 -0.678000
v -4.814400 4.100000 -0.678000
v -4.782000 4.100000 -0.645600
v -4.782000 4.100000 0.245600
v -4.814400 4.100000 0.278000
v -4.965600 4.100000 0.278000
v -4.998000 4.100000 0.245600
v -4.998000 4.100000 -0.645600
v -5.037600 4.172000 -0.750000
v -4.742400 4.172000 -0.750000
v -4.710000 4.172000 -0.717600
v -4.710000 4.172000 0.317600
v -4.742400 4.172000 0.350000
v -5.037600 4.172000 0.350000
v -5.070000 4.172000 0.317600
v -5.070000 4.172000 -0.717600
v -5.037600 5.368000 -0.750000
v -4.742400 5.368000 -0.750000
v -4.710000 5.368000 -0.717600
v -4.710000 5.368000 0.317600
v -4.742400 5.368000 0.350000
v -5.037600 5.368000 0.350000
v -5.070000 5.368000 0.317600
v -5.070000 5.368000 -0.717600
v -4.965600 5.440000 -0.678000
v -4.814400 5.440000 -0.678000
v -4.782000 5.440000 -0.645600
v -4.782000 5.440000 0.245600
v -4.814400 5.440000 0.278000
v -4.965600 5.440000 0.278000
v -4.998000 5.440000 0.245600
v -4.998000 5.440000 -0.645600
v -1.865600 4.100000 -0.678000
v -1.714400 4.100000 -0.678000
v -1.682000 4.100000 -0.645600
v -1.682000 4.100000 0.245600
v -1.714400 4.100000 0.278000
v -1.865600 4.100000 0.278000
v -1.898000 4.100000 0.245600
v -1.898000 4.100000 -0.645600
v -1.937600 4.172000 -0.750000
v -1.642400 4.172000 -0.750000
v -1.610000 4.172000 -0.717600
v -1.610000 4.172000 0.317600
v -1.642400 4.172000 0.350000
v -1.937600 4.172000 0.350000
v -1.970000 4.172000 0.317600
v -1.970000 4.172000 -0.717600
v -1.937600 5.368000 -0.750000
v -1.642400 5.368000 -0.750000
v -1.610000 5.368000 -0.717600
v -1.610000 5.368000 0.317600
v -1.642400 5.368000 0.350000
v -1.937600 5.368000 0.350000
v -1.970000 5.368000 0.317600
v -1.970000 5.368000 -0.717600
v -1.865600 5.440000 -0.678000
v -1.714400 5.440000 -0.678000
v -1.682000 5.440000 -0.645600
v -1.682000 5.440000 0.245600
v -1.714400 5.440000 0.278000
v -1.865600 5.440000 0.278000
v -1.898000 5.440000 0.245600
v -1.898000 5.440000 -0.645600
v 1.204400 4.100000 -0.678000
v 1.355600 4.100000 -0.678000
v 1.388000 4.100000 -0.645600
v 1.388000 4.100000 0.245600
v 1.355600 4.100000 0.278000
v 1.204400 4.100000 0.278000
v 1.172000 4.100000 0.245600
v 1.172000 4.100000 -0.645600
v 1.132400 4.172000 -0.750000
v 1.427600 4.172000 -0.750000
v 1.460000 4.172000 -0.717600
v 1.460000 4.172000 0.317600
v 1.427600 4.172000 0.350000
v 1.132400 4.172000 0.350000
v 1.100000 4.172000 0.317600
v 1.100000 4.172000 -0.717600
v 1.132400 5.368000 -0.750000
v 1.427600 5.368000 -0.750000
v 1.460000 5.368000 -0.717600
v 1.460000 5.368000 0.317600
v 1.427600 5.368000 0.350000
v 1.132400 5.368000 0.350000
v 1.100000 5.368000 0.317600
v 1.100000 5.368000 -0.717600
v 1.204400 5.440000 -0.678000
v 1.355600 5.440000 -0.678000
v 1.388000 5.440000 -0.645600
v 1.388000 5.440000 0.245600
v 1.355600 5.440000 0.278000
v 1.204400 5.440000 0.278000
v 1.172000 5.440000 0.245600
v 1.172000 5.440000 -0.645600
v 4.394400 4.100000 -0.678000
v 4.545600 4.100000 -0.678000
v 4.578000 4.100000 -0.645600
v 4.578000 4.100000 0.245600
v 4.545600 4.100000 0.278000
v 4.394400 4.100000 0.278000
v 4.362000 4.100000 0.245600
v 4.362000 4.100000 -0.645600
v 4.322400 4.172000 -0.750000
v 4.617600 4.172000 -0.750000
v 4.650000 4.172000 -0.717600
v 4.650000 4.172000 0.317600
v 4.617600 4.172000 0.350000
v 4.322400 4.172000 0.350000
v 4.290000 4.172000 0.317600
v 4.290000 4.172000 -0.717600
v 4.322400 5.368000 -0.750000
v 4.617600 5.368000 -0.750000
v 4.650000 5.368000 -0.717600
v 4.650000 5.368000 0.317600
v 4.617600 5.368000 0.350000
v 4.322400 5.368000 0.350000
v 4.290000 5.368000 0.317600
v 4.290000 5.368000 -0.717600
v 4.394400 5.440000 -0.678000
v 4.545600 5.440000 -0.678000
v 4.578000 5.440000 -0.645600
v 4.578000 5.440000 0.245600
v 4.545600 5.440000 0.278000
v 4.394400 5.440000 0.278000
v 4.362000 5.440000 0.245600
v 4.362000 5.440000 -0.645600
v 7.664400 4.100000 -0.678000
v 7.815600 4.100000 -0.678000
v 7.848000 4.100000 -0.645600
v 7.848000 4.100000 0.245600
v 7.815600 4.100000 0.278000
v 7.664400 4.100000 0.278000
v 7.632000 4.100000 0.245600
v 7.632000 4.100000 -0.645600
v 7.592400 4.172000 -0.750000
v 7.887600 4.172000 -0.750000
v 7.920000 4.172000 -0.717600
v 7.920000 4.172000 0.317600
v 7.887600 4.172000 0.350000
v 7.592400 4.172000 0.350000
v 7.560000 4.172000 0.317600
v 7.560000 4.172000 -0.717600
v 7.592400 5.368000 -0.750000
v 7.887600 5.368000 -0.750000
v 7.920000 5.368000 -0.717600
v 7.920000 5.368000 0.317600
v 7.887600 5.368000 0.350000
v 7.592400 5.368000 0.350000
v 7.560000 5.368000 0.317600
v 7.560000 5.368000 -0.717600
v 7.664400 5.440000 -0.678000
v 7.815600 5.440000 -0.678000
v 7.848000 5.440000 -0.645600
v 7.848000 5.440000 0.245600
v 7.815600 5.440000 0.278000
v 7.664400 5.440000 0.278000
v 7.632000 5.440000 0.245600
v 7.632000 5.440000 -0.645600
v -7.845000 -5.950000 -0.630000
v -7.575000 -5.950000 -0.630000
v -7.530000 -5.950000 -0.585000
v -7.530000 -5.950000 0.385000
v -7.575000 -5.950000 0.430000
v -7.845000 -5.950000 0.430000
v -7.890000 -5.950000 0.385000
v -7.890000 -5.950000 -0.585000
v -7.945000 -5.850000 -0.730000
v -7.475000 -5.850000 -0.730000
v -7.430000 -5.850000 -0.685000
v -7.430000 -5.850000 0.485000
v -7.475000 -5.850000 0.530000
v -7.945000 -5.850000 0.530000
v -7.990000 -5.850000 0.485000
v -7.990000 -5.850000 -0.685000
v -7.945000 -5.350000 -0.730000
v -7.475000 -5.350000 -0.730000
v -7.430000 -5.350000 -0.685000
v -7.430000 -5.350000 0.485000
v -7.475000 -5.350000 0.530000
v -7.945000 -5.350000 0.530000
v -7.990000 -5.350000 0.485000
v -7.990000 -5.350000 -0.685000
v -7.845000 -5.250000 -0.630000
v -7.575000 -5.250000 -0.630000
v -7.530000 -5.250000 -0.585000
v -7.530000 -5.250000 0.385000
v -7.575000 -5.250000 0.430000
v -7.845000 -5.250000 0.430000
v -7.890000 -5.250000 0.385000
v -7.890000 -5.250000 -0.585000
v -7.845000 -5.950000 -1.930000
v -7.575000 -5.950000 -1.930000
v -7.530000 -5.950000 -1.885000
v -7.530000 -5.950000 -0.915000
v -7.575000 -5.950000 -0.870000
v -7.845000 -5.950000 -0.870000
v -7.890000 -5.950000 -0.915000
v -7.890000 -5.950000 -1.885000
v -7.945000 -5.850000 -2.030000
v -7.475000 -5.850000 -2.030000
v -7.430000 -5.850000 -1.985000
v -7.430000 -5.850000 -0.815000
v -7.475000 -5.850000 -0.770000
v -7.945000 -5.850000 -0.770000
v -7.990000 -5.850000 -0.815000
v -7.990000 -5.850000 -1.985000
v -7.945000 -5.350000 -2.030000
v -7.475000 -5.350000 -2.030000
v -7.430000 -5.350000 -1.985000
v -7.430000 -5.350000 -0.815000
v -7.475000 -5.350000 -0.770000
v -7.945000 -5.350000 -0.770000
v -7.990000 -5.350000 -0.815000
v -7.990000 -5.350000 -1.985000
v -7.845000 -5.250000 -1.930000
v -7.575000 -5.250000 -1.930000
v -7.530000 -5.250000 -1.885000
v -7.530000 -5.250000 -0.915000
v -7.575000 -5.250000 -0.870000
v -7.845000 -5.250000 -0.870000
v -7.890000 -5.250000 -0.915000
v -7.890000 -5.250000 -1.885000
v -7.845000 -5.950000 -3.230000
v -7.575000 -5.950000 -3.230000
v -7.530000 -5.950000 -3.185000
v -7.530000 -5.950000 -2.215000
v -7.575000 -5.950000 -2.170000
v -7.845000 -5.950000 -2.170000
v -7.890000 -5.950000 -2.215000
v -7.890000 -5.950000 -3.185000
v -7.945000 -5.850000 -3.330000
v -7.475000 -5.850000 -3.330000
v -7.430000 -5.850000 -3.285000
v -7.430000 -5.850000 -2.115000
v -7.475000 -5.850000 -2.070000
v -7.945000 -5.850000 -2.070000
v -7.990000 -5.850000 -2.115000
v -7.990000 -5.850000 -3.285000
v -7.945000 -5.350000 -3.330000
v -7.475000 -5.350000 -3.330000
v -7.430000 -5.350000 -3.285000
v -7.430000 -5.350000 -2.115000
v -7.475000 -5.350000 -2.070000
v -7.945000 -5.350000 -2.070000
v -7.990000 -5.350000 -2.115000
v -7.990000 -5.350000 -3.285000
v -7.845000 -5.250000 -3.230000
v -7.575000 -5.250000 -3.230000
v -7.530000 -5.250000 -3.185000
v -7.530000 -5.250000 -2.215000
v -7.575000 -5.250000 -2.170000
v -7.845000 -5.250000 -2.170000
v -7.890000 -5.250000 -2.215000
v -7.890000 -5.250000 -3.185000
v 7.575000 -5.950000 -0.630000
v 7.845000 -5.950000 -0.630000
v 7.890000 -5.950000 -0.585000
v 7.890000 -5.950000 0.385000
v 7.845000 -5.950000 0.430000
v 7.575000 -5.950000 0.430000
v 7.530000 -5.950000 0.385000
v 7.530000 -5.950000 -0.585000
v 7.475000 -5.850000 -0.730000
v 7.945000 -5.850000 -0.730000
v 7.990000 -5.850000 -0.685000
v 7.990000 -5.850000 0.485000
v 7.945000 -5.850000 0.530000
v 7.475000 -5.850000 0.530000
v 7.430000 -5.850000 0.485000
v 7.430000 -5.850000 -0.685000
v 7.475000 -5.350000 -0.730000
v 7.945000 -5.350000 -0.730000
v 7.990000 -5.350000 -0.685000
v 7.990000 -5.350000 0.485000
v 7.945000 -5.350000 0.530000
v 7.475000 -5.350000 0.530000
v 7.430000 -5.350000 0.485000
v 7.430000 -5.350000 -0.685000
v 7.575000 -5.250000 -0.630000
v 7.845000 -5.250000 -0.630000
v 7.890000 -5.250000 -0.585000
v 7.890000 -5.250000 0.385000
v 7.845000 -5.250000 0.430000
v 7.575000 -5.250000 0.430000
v 7.530000 -5.250000 0.385000
v 7.530000 -5.250000 -0.585000
v 7.575000 -5.950000 -1.930000
v 7.845000 -5.950000 -1.930000
v 7.890000 -5.950000 -1.885000
v 7.890000 -5.950000 -0.915000
v 7.845000 -5.950000 -0.870000
v 7.575000 -5.950000 -0.870000
v 7.530000 -5.950000 -0.915000
v 7.530000 -5.950000 -1.885000
v 7.475000 -5.850000 -2.030000
v 7.945000 -5.850000 -2.030000
v 7.990000 -5.850000 -1.985000
v 7.990000 -5.850000 -0.815000
v 7.945000 -5.850000 -0.770000
v 7.475000 -5.850000 -0.770000
v 7.430000 -5.850000 -0.815000
v 7.430000 -5.850000 -1.985000
v 7.475000 -5.350000 -2.030000
v 7.945000 -5.350000 -2.030000
v 7.990000 -5.350000 -1.985000
v 7.990000 -5.350000 -0.815000
v 7.945000 -5.350000 -0.770000
v 7.475000 -5.350000 -0.770000
v 7.430000 -5.350000 -0.815000
v 7.430000 -5.350000 -1.985000
v 7.575000 -5.250000 -1.930000
v 7.845000 -5.250000 -1.930000
v 7.890000 -5.250000 -1.885000
v 7.890000 -5.250000 -0.915000
v 7.845000 -5.250000 -0.870000
v 7.575000 -5.250000 -0.870000
v 7.530000 -5.250000 -0.915000
v 7.530000 -5.250000 -1.885000
v 7.575000 -5.950000 -3.230000
v 7.845000 -5.950000 -3.230000
v 7.890000 -5.950000 -3.185000
v 7.890000 -5.950000 -2.215000
v 7.845000 -5.950000 -2.170000
v 7.575000 -5.950000 -2.170000
v 7.530000 -5.950000 -2.215000
v 7.530000 -5.950000 -3.185000
v 7.475000 -5.850000 -3.330000
v 7.945000 -5.850000 -3.330000
v 7.990000 -5.850000 -3.285000
v 7.990000 -5.850000 -2.115000
v 7.945000 -5.850000 -2.070000
v 7.475000 -5.850000 -2.070000
v 7.430000 -5.850000 -2.115000
v 7.430000 -5.850000 -3.285000
v 7.475000 -5.350000 -3.330000
v 7.945000 -5.350000 -3.330000
v 7.990000 -5.350000 -3.285000
v 7.990000 -5.350000 -2.115000
v 7.945000 -5.350000 -2.070000
v 7.475000 -5.350000 -2.070000
v 7.430000 -5.350000 -2.115000
v 7.430000 -5.350000 -3.285000
v 7.575000 -5.250000 -3.230000
v 7.845000 -5.250000 -3.230000
v 7.890000 -5.250000 -3.185000
v 7.890000 -5.250000 -2.215000
v 7.845000 -5.250000 -2.170000
v 7.575000 -5.250000 -2.170000
v 7.530000 -5.250000 -2.215000
v 7.530000 -5.250000 -3.185000
vt -3.848500 2.217500
vt -3.081500 2.217500
vt -3.050000 2.249000
vt -3.050000 2.666000
vt -3.081500 2.697500
vt -3.848500 2.697500
vt -3.880000 2.666000
vt -3.880000 2.249000
vt -3.918500 2.217500
vt -3.011500 2.217500
vt -2.980000 2.249000
vt -2.980000 2.806000
vt -3.011500 2.837500
vt -3.918500 2.837500
vt -3.950000 2.806000
vt -3.950000 2.249000
vt -3.918500 2.512500
vt -3.011500 2.512500
vt -2.980000 2.544000
vt -2.980000 3.101000
vt -3.011500 3.132500
vt -3.918500 3.132500
vt -3.950000 3.101000
vt -3.950000 2.544000
vt -3.848500 2.652500
vt -3.081500 2.652500
vt -3.050000 2.684000
vt -3.050000 3.101000
vt -3.081500 3.132500
vt -3.848500 3.132500
vt -3.880000 3.101000
vt -3.880000 2.684000
vt -3.884750 1.127500
vt -3.045250 1.127500
vt -3.025000 1.147750
vt -3.025000 1.927250
vt -3.045250 1.947500
vt -3.884750 1.947500
vt -3.905000 1.927250
vt -3.905000 1.147750
vt -3.929750 1.127500
vt -3.000250 1.127500
vt -2.980000 1.147750
vt -2.980000 2.017250
vt -3.000250 2.037500
vt -3.929750 2.037500
vt -3.950000 2.017250
vt -3.950000 1.147750
vt -3.929750 1.262500
vt -3.000250 1.262500
vt -2.980000 1.282750
vt -2.980000 2.152250
vt -3.000250 2.172500
vt -3.929750 2.172500
vt -3.950000 2.152250
vt -3.950000 1.282750
vt -3.884750 1.352500
vt -3.045250 1.352500
vt -3.025000 1.372750
vt -3.025000 2.152250
vt -3.045250 2.172500
vt -3.884750 2.172500
vt -3.905000 2.152250
vt -3.905000 1.372750
vt -3.870250 -5.160000
vt -3.059750 -5.160000
vt -3.035000 -5.135250
vt -3.035000 -4.944750
vt -3.059750 -4.920000
vt -3.870250 -4.920000
vt -3.895000 -4.944750
vt -3.895000 -5.135250
vt -3.925250 -5.160000
vt -3.004750 -5.160000
vt -2.980000 -5.135250
vt -2.980000 -4.834750
vt -3.004750 -4.810000
vt -3.925250 -4.810000
vt -3.950000 -4.834750
vt -3.950000 -5.135250
vt -3.925250 -4.920000
vt -3.004750 -4.920000
vt -2.980000 -4.895250
vt -2.980000 -4.594750
vt -3.004750 -4.570000
vt -3.925250 -4.570000
vt -3.950000 -4.594750
vt -3.950000 -4.895250
vt -3.870250 -4.810000
vt -3.059750 -4.810000
vt -3.035000 -4.785250
vt -3.035000 -4.594750
vt -3.059750 -4.570000
vt -3.870250 -4.570000
vt -3.895000 -4.594750
vt -3.895000 -4.785250
vt -2.858500 2.217500
vt -2.091500 2.217500
vt -2.060000 2.249000
vt -2.060000 2.666000
vt -2.091500 2.697500
vt -2.858500 2.697500
vt -2.890000 2.666000
vt -2.890000 2.249000
vt -2.928500 2.217500
vt -2.021500 2.217500
vt -1.990000 2.249000
vt -1.990000 2.806000
vt -2.021500 2.837500
vt -2.928500 2.837500
vt -2.960000 2.806000
vt -2.960000 2.249000
vt -2.928500 2.512500
vt -2.021500 2.512500
vt -1.990000 2.544000
vt -1.990000 3.101000
vt -2.021500 3.132500
vt -2.928500 3.132500
vt -2.960000 3.101000
vt -2.960000 2.544000
vt -2.858500 2.652500
vt -2.091500 2.652500
vt -2.060000 2.684000
vt -2.060000 3.101000
vt -2.091500 3.132500
vt -2.858500 3.132500
vt -2.890000 3.101000
vt -2.890000 2.684000
vt -2.894750 1.127500
vt -2.055250 1.127500
vt -2.035000 1.147750
vt -2.035000 1.927250
vt -2.055250 1.947500
vt -2.894750 1.947500
vt -2.915000 1.927250
vt -2.915000 1.147750
vt -2.939750 1.127500
vt -2.010250 1.127500
vt -1.990000 1.147750
vt -1.990000 2.017250
vt -2.010250 2.037500
vt -2.939750 2.037500
vt -2.960000 2.017250
vt -2.960000 1.147750
vt -2.939750 1.262500
vt -2.010250 1.262500
vt -1.990000 1.282750
vt -1.990000 2.152250
vt -2.010250 2.172500
vt -2.939750 2.172500
vt -2.960000 2.152250
vt -2.960000 1.282750
vt -2.894750 1.352500
vt -2.055250 1.352500
vt -2.035000 1.372750
vt -2.035000 2.152250
vt -2.055250 2.172500
vt -2.894750 2.172500
vt -2.915000 2.152250
vt -2.915000 1.372750
vt -2.880250 -5.160000
vt -2.069750 -5.160000
vt -2.045000 -5.135250
vt -2.045000 -4.944750
vt -2.069750 -4.920000
vt -2.880250 -4.920000
vt -2.905000 -4.944750
vt -2.905000 -5.135250
vt -2.935250 -5.160000
vt -2.014750 -5.160000
vt -1.990000 -5.135250
vt -1.990000 -4.834750
vt -2.014750 -4.810000
vt -2.935250 -4.810000
vt -2.960000 -4.834750
vt -2.960000 -5.135250
vt -2.935250 -4.920000
vt -2.014750 -4.920000
vt -1.990000 -4.895250
vt -1.990000 -4.594750
vt -2.014750 -4.570000
vt -2.935250 -4.570000
vt -2.960000 -4.594750
vt -2.960000 -4.895250
vt -2.880250 -4.810000
vt -2.069750 -4.810000
vt -2.045000 -4.785250
vt -2.045000 -4.594750
vt -2.069750 -4.570000
vt -2.880250 -4.570000
vt -2.905000 -4.594750
vt -2.905000 -4.785250
vt -1.868500 2.217500
vt -1.101500 2.217500
vt -1.070000 2.249000
vt -1.070000 2.666000
vt -1.101500 2.697500
vt -1.868500 2.697500
vt -1.900000 2.666000
vt -1.900000 2.249000
vt -1.938500 2.217500
vt -1.031500 2.217500
vt -1.000000 2.249000
vt -1.000000 2.806000
vt -1.031500 2.837500
vt -1.938500 2.837500
vt -1.970000 2.806000
vt -1.970000 2.249000
vt -1.938500 2.512500
vt -1.031500 2.512500
vt -1.000000 2.544000
vt -1.000000 3.101000
vt -1.031500 3.132500
vt -1.938500 3.132500
vt -1.970000 3.101000
vt -1.970000 2.544000
vt -1.868500 2.652500
vt -1.101500 2.652500
vt -1.070000 2.684000
vt -1.070000 3.101000
vt -1.101500 3.132500
vt -1.868500 3.132500
vt -1.900000 3.101000
vt -1.900000 2.684000
vt -1.904750 1.127500
vt -1.065250 1.127500
vt -1.045000 1.147750
vt -1.045000 1.927250
vt -1.065250 1.947500
vt -1.904750 1.947500
vt -1.925000 1.927250
vt -1.925000 1.147750
vt -1.949750 1.127500
vt -1.020250 1.127500
vt -1.000000 1.147750
vt -1.000000 2.017250
vt -1.020250 2.037500
vt -1.949750 2.037500
vt -1.970000 2.017250
vt -1.970000 1.147750
vt -1.949750 1.262500
vt -1.020250 1.262500
vt -1.000000 1.282750
vt -1.000000 2.152250
vt -1.020250 2.172500
vt -1.949750 2.172500
vt -1.970000 2.152250
vt -1.970000 1.282750
vt -1.904750 1.352500
vt -1.065250 1.352500
vt -1.045000 1.372750
vt -1.045000 2.152250
vt -1.065250 2.172500
vt -1.904750 2.172500
vt -1.925000 2.152250
vt -1.925000 1.372750
vt -1.890250 -5.160000
vt -1.079750 -5.160000
vt -1.055000 -5.135250
vt -1.055000 -4.944750
vt -1.079750 -4.920000
vt -1.890250 -4.920000
vt -1.915000 -4.944750
vt -1.915000 -5.135250
vt -1.945250 -5.160000
vt -1.024750 -5.160000
vt -1.000000 -5.135250
vt -1.000000 -4.834750
vt -1.024750 -4.810000
vt -1.945250 -4.810000
vt -1.970000 -4.834750
vt -1.970000 -5.135250
vt -1.945250 -4.920000
vt -1.024750 -4.920000
vt -1.000000 -4.895250
vt -1.000000 -4.594750
vt -1.024750 -4.570000
vt -1.945250 -4.570000
vt -1.970000 -4.594750
vt -1.970000 -4.895250
vt -1.890250 -4.810000
vt -1.079750 -4.810000
vt -1.055000 -4.785250
vt -1.055000 -4.594750
vt -1.079750 -4.570000
vt -1.890250 -4.570000
vt -1.915000 -4.594750
vt -1.915000 -4.785250
vt -0.878500 2.217500
vt -0.111500 2.217500
vt -0.080000 2.249000
vt -0.080000 2.666000
vt -0.111500 2.697500
vt -0.878500 2.697500
vt -0.910000 2.666000
vt -0.910000 2.249000
vt -0.948500 2.217500
vt -0.041500 2.217500
vt -0.010000 2.249000
vt -0.010000 2.806000
vt -0.041500 2.837500
vt -0.948500 2.837500
vt -0.980000 2.806000
vt -0.980000 2.249000
vt -0.948500 2.512500
vt -0.041500 2.512500
vt -0.010000 2.544000
vt -0.010000 3.101000
vt -0.041500 3.132500
vt -0.948500 3.132500
vt -0.980000 3.101000
vt -0.980000 2.544000
vt -0.878500 2.652500
vt -0.111500 2.652500
vt -0.080000 2.684000
vt -0.080000 3.101000
vt -0.111500 3.132500
vt -0.878500 3.132500
vt -0.910000 3.101000
vt -0.910000 2.684000
vt -0.914750 1.127500
vt -0.075250 1.127500
vt -0.055000 1.147750
vt -0.055000 1.927250
vt -0.075250 1.947500
vt -0.914750 1.947500
vt -0.935000 1.927250
vt -0.935000 1.147750
vt -0.959750 1.127500
vt -0.030250 1.127500
vt -0.010000 1.147750
vt -0.010000 2.017250
vt -0.030250 2.037500
vt -0.959750 2.037500
vt -0.980000 2.017250
vt -0.980000 1.147750
vt -0.959750 1.262500
vt -0.030250 1.262500
vt -0.010000 1.282750
vt -0.010000 2.152250
vt -0.030250 2.172500
vt -0.959750 2.172500
vt -0.980000 2.152250
vt -0.980000 1.282750
vt -0.914750 1.352500
vt -0.075250 1.352500
vt -0.055000 1.372750
vt -0.055000 2.152250
vt -0.075250 2.172500
vt -0.914750 2.172500
vt -0.935000 2.152250
vt -0.935000 1.372750
vt -0.900250 -5.160000
vt -0.089750 -5.160000
vt -0.065000 -5.135250
vt -0.065000 -4.944750
vt -0.089750 -4.920000
vt -0.900250 -4.920000
vt -0.925000 -4.944750
vt -0.925000 -5.135250
vt -0.955250 -5.160000
vt -0.034750 -5.160000
vt -0.010000 -5.135250
vt -0.010000 -4.834750
vt -0.034750 -4.810000
vt -0.955250 -4.810000
vt -0.980000 -4.834750
vt -0.980000 -5.135250
vt -0.955250 -4.920000
vt -0.034750 -4.920000
vt -0.010000 -4.895250
vt -0.010000 -4.594750
vt -0.034750 -4.570000
vt -0.955250 -4.570000
vt -0.980000 -4.594750
vt -0.980000 -4.895250
vt -0.900250 -4.810000
vt -0.089750 -4.810000
vt -0.065000 -4.785250
vt -0.065000 -4.594750
vt -0.089750 -4.570000
vt -0.900250 -4.570000
vt -0.925000 -4.594750
vt -0.925000 -4.785250
vt 0.111500 2.217500
vt 0.878500 2.217500
vt 0.910000 2.249000
vt 0.910000 2.666000
vt 0.878500 2.697500
vt 0.111500 2.697500
vt 0.080000 2.666000
vt 0.080000 2.249000
vt 0.041500 2.217500
vt 0.948500 2.217500
vt 0.980000 2.249000
vt 0.980000 2.806000
vt 0.948500 2.837500
vt 0.041500 2.837500
vt 0.010000 2.806000
vt 0.010000 2.249000
vt 0.041500 2.512500
vt 0.948500 2.512500
vt 0.980000 2.544000
vt 0.980000 3.101000
vt 0.948500 3.132500
vt 0.041500 3.132500
vt 0.010000 3.101000
vt 0.010000 2.544000
vt 0.111500 2.652500
vt 0.878500 2.652500
vt 0.910000 2.684000
vt 0.910000 3.101000
vt 0.878500 3.132500
vt 0.111500 3.132500
vt 0.080000 3.101000
vt 0.080000 2.684000
vt 0.075250 1.127500
vt 0.914750 1.127500
vt 0.935000 1.147750
vt 0.935000 1.927250
vt 0.914750 1.947500
vt 0.075250 1.947500
vt 0.055000 1.927250
vt 0.055000 1.147750
vt 0.030250 1.127500
vt 0.959750 1.127500
vt 0.980000 1.147750
vt 0.980000 2.017250
vt 0.959750 2.037500
vt 0.030250 2.037500
vt 0.010000 2.017250
vt 0.010000 1.147750
vt 0.030250 1.262500
vt 0.959750 1.262500
vt 0.980000 1.282750
vt 0.980000 2.152250
vt 0.959750 2.172500
vt 0.030250 2.172500
vt 0.010000 2.152250
vt 0.010000 1.282750
vt 0.075250 1.352500
vt 0.914750 1.352500
vt 0.935000 1.372750
vt 0.935000 2.152250
vt 0.914750 2.172500
vt 0.075250 2.172500
vt 0.055000 2.152250
vt 0.055000 1.372750
vt 0.089750 -5.160000
vt 0.900250 -5.160000
vt 0.925000 -5.135250
vt 0.925000 -4.944750
vt 0.900250 -4.920000
vt 0.089750 -4.920000
vt 0.065000 -4.944750
vt 0.065000 -5.135250
vt 0.034750 -5.160000
vt 0.955250 -5.160000
vt 0.980000 -5.135250
vt 0.980000 -4.834750
vt 0.955250 -4.810000
vt 0.034750 -4.810000
vt 0.010000 -4.834750
vt 0.010000 -5.135250
vt 0.034750 -4.920000
vt 0.955250 -4.920000
vt 0.980000 -4.895250
vt 0.980000 -4.594750
vt 0.955250 -4.570000
vt 0.034750 -4.570000
vt 0.010000 -4.594750
vt 0.010000 -4.895250
vt 0.089750 -4.810000
vt 0.900250 -4.810000
vt 0.925000 -4.785250
vt 0.925000 -4.594750
vt 0.900250 -4.570000
vt 0.089750 -4.570000
vt 0.065000 -4.594750
vt 0.065000 -4.785250
vt 1.101500 2.217500
vt 1.868500 2.217500
vt 1.900000 2.249000
vt 1.900000 2.666000
vt 1.868500 2.697500
vt 1.101500 2.697500
vt 1.070000 2.666000
vt 1.070000 2.249000
vt 1.031500 2.217500
vt 1.938500 2.217500
vt 1.970000 2.249000
vt 1.970000 2.806000
vt 1.938500 2.837500
vt 1.031500 2.837500
vt 1.000000 2.806000
vt 1.000000 2.249000
vt 1.031500 2.512500
vt 1.938500 2.512500
vt 1.970000 2.544000
vt 1.970000 3.101000
vt 1.938500 3.132500
vt 1.031500 3.132500
vt 1.000000 3.101000
vt 1.000000 2.544000
vt 1.101500 2.652500
vt 1.868500 2.652500
vt 1.900000 2.684000
vt 1.900000 3.101000
vt 1.868500 3.132500
vt 1.101500 3.132500
vt 1.070000 3.101000
vt 1.070000 2.684000
vt 1.065250 1.127500
vt 1.904750 1.127500
vt 1.925000 1.147750
vt 1.925000 1.927250
vt 1.904750 1.947500
vt 1.065250 1.947500
vt 1.045000 1.927250
vt 1.045000 1.147750
vt 1.020250 1.127500
vt 1.949750 1.127500
vt 1.970000 1.147750
vt 1.970000 2.017250
vt 1.949750 2.037500
vt 1.020250 2.037500
vt 1.000000 2.017250
vt 1.000000 1.147750
vt 1.020250 1.262500
vt 1.949750 1.262500
vt 1.970000 1.282750
vt 1.970000 2.152250
vt 1.949750 2.172500
vt 1.020250 2.172500
vt 1.000000 2.152250
vt 1.000000 1.282750
vt 1.065250 1.352500
vt 1.904750 1.352500
vt 1.925000 1.372750
vt 1.925000 2.152250
vt 1.904750 2.172500
vt 1.065250 2.172500
vt 1.045000 2.152250
vt 1.045000 1.372750
vt 1.079750 -5.160000
vt 1.890250 -5.160000
vt 1.915000 -5.135250
vt 1.915000 -4.944750
vt 1.890250 -4.920000
vt 1.079750 -4.920000
vt 1.055000 -4.944750
vt 1.055000 -5.135250
vt 1.024750 -5.160000
vt 1.945250 -5.160000
vt 1.970000 -5.135250
vt 1.970000 -4.834750
vt 1.945250 -4.810000
vt 1.024750 -4.810000
vt 1.000000 -4.834750
vt 1.000000 -5.135250
vt 1.024750 -4.920000
vt 1.945250 -4.920000
vt 1.970000 -4.895250
vt 1.970000 -4.594750
vt 1.945250 -4.570000
vt 1.024750 -4.570000
vt 1.000000 -4.594750
vt 1.000000 -4.895250
vt 1.079750 -4.810000
vt 1.890250 -4.810000
vt 1.915000 -4.785250
vt 1.915000 -4.594750
vt 1.890250 -4.570000
vt 1.079750 -4.570000
vt 1.055000 -4.594750
vt 1.055000 -4.785250
vt 2.091500 2.217500
vt 2.858500 2.217500
vt 2.890000 2.249000
vt 2.890000 2.666000
vt 2.858500 2.697500
vt 2.091500 2.697500
vt 2.060000 2.666000
vt 2.060000 2.249000
vt 2.021500 2.217500
vt 2.928500 2.217500
vt 2.960000 2.249000
vt 2.960000 2.806000
vt 2.928500 2.837500
vt 2.021500 2.837500
vt 1.990000 2.806000
vt 1.990000 2.249000
vt 2.021500 2.512500
vt 2.928500 2.512500
vt 2.960000 2.544000
vt 2.960000 3.101000
vt 2.928500 3.132500
vt 2.021500 3.132500
vt 1.990000 3.101000
vt 1.990000 2.544000
vt 2.091500 2.652500
vt 2.858500 2.652500
vt 2.890000 2.684000
vt 2.890000 3.101000
vt 2.858500 3.132500
vt 2.091500 3.132500
vt 2.060000 3.101000
vt 2.060000 2.684000
vt 2.055250 1.127500
vt 2.894750 1.127500
vt 2.915000 1.147750
vt 2.915000 1.927250
vt 2.894750 1.947500
vt 2.055250 1.947500
vt 2.035000 1.927250
vt 2.035000 1.147750
vt 2.010250 1.127500
vt 2.939750 1.127500
vt 2.960000 1.147750
vt 2.960000 2.017250
vt 2.939750 2.037500
vt 2.010250 2.037500
vt 1.990000 2.017250
vt 1.990000 1.147750
vt 2.010250 1.262500
vt 2.939750 1.262500
vt 2.960000 1.282750
vt 2.960000 2.152250
vt 2.939750 2.172500
vt 2.010250 2.172500
vt 1.990000 2.152250
vt 1.990000 1.282750
vt 2.055250 1.352500
vt 2.894750 1.352500
vt 2.915000 1.372750
vt 2.915000 2.152250
vt 2.894750 2.172500
vt 2.055250 2.172500
vt 2.035000 2.152250
vt 2.035000 1.372750
vt 2.069750 -5.160000
vt 2.880250 -5.160000
vt 2.905000 -5.135250
vt 2.905000 -4.944750
vt 2.880250 -4.920000
vt 2.069750 -4.920000
vt 2.045000 -4.944750
vt 2.045000 -5.135250
vt 2.014750 -5.160000
vt 2.935250 -5.160000
vt 2.960000 -5.135250
vt 2.960000 -4.834750
vt 2.935250 -4.810000
vt 2.014750 -4.810000
vt 1.990000 -4.834750
vt 1.990000 -5.135250
vt 2.014750 -4.920000
vt 2.935250 -4.920000
vt 2.960000 -4.895250
vt 2.960000 -4.594750
vt 2.935250 -4.570000
vt 2.014750 -4.570000
vt 1.990000 -4.594750
vt 1.990000 -4.895250
vt 2.069750 -4.810000
vt 2.880250 -4.810000
vt 2.905000 -4.785250
vt 2.905000 -4.594750
vt 2.880250 -4.570000
vt 2.069750 -4.570000
vt 2.045000 -4.594750
vt 2.045000 -4.785250
vt 3.081500 2.217500
vt 3.848500 2.217500
vt 3.880000 2.249000
vt 3.880000 2.666000
vt 3.848500 2.697500
vt 3.081500 2.697500
vt 3.050000 2.666000
vt 3.050000 2.249000
vt 3.011500 2.217500
vt 3.918500 2.217500
vt 3.950000 2.249000
vt 3.950000 2.806000
vt 3.918500 2.837500
vt 3.011500 2.837500
vt 2.980000 2.806000
vt 2.980000 2.249000
vt 3.011500 2.512500
vt 3.918500 2.512500
vt 3.950000 2.544000
vt 3.950000 3.101000
vt 3.918500 3.132500
vt 3.011500 3.132500
vt 2.980000 3.101000
vt 2.980000 2.544000
vt 3.081500 2.652500
vt 3.848500 2.652500
vt 3.880000 2.684000
vt 3.880000 3.101000
vt 3.848500 3.132500
vt 3.081500 3.132500
vt 3.050000 3.101000
vt 3.050000 2.684000
vt 3.045250 1.127500
vt 3.884750 1.127500
vt 3.905000 1.147750
vt 3.905000 1.927250
vt 3.884750 1.947500
vt 3.045250 1.947500
vt 3.025000 1.927250
vt 3.025000 1.147750
vt 3.000250 1.127500
vt 3.929750 1.127500
vt 3.950000 1.147750
vt 3.950000 2.017250
vt 3.929750 2.037500
vt 3.000250 2.037500
vt 2.980000 2.017250
vt 2.980000 1.147750
vt 3.000250 1.262500
vt 3.929750 1.262500
vt 3.950000 1.282750
vt 3.950000 2.152250
vt 3.929750 2.172500
vt 3.000250 2.172500
vt 2.980000 2.152250
vt 2.980000 1.282750
vt 3.045250 1.352500
vt 3.884750 1.352500
vt 3.905000 1.372750
vt 3.905000 2.152250
vt 3.884750 2.172500
vt 3.045250 2.172500
vt 3.025000 2.152250
vt 3.025000 1.372750
vt 3.059750 -5.160000
vt 3.870250 -5.160000
vt 3.895000 -5.135250
vt 3.895000 -4.944750
vt 3.870250 -4.920000
vt 3.059750 -4.920000
vt 3.035000 -4.944750
vt 3.035000 -5.135250
vt 3.004750 -5.160000
vt 3.925250 -5.160000
vt 3.950000 -5.135250
vt 3.950000 -4.834750
vt 3.925250 -4.810000
vt 3.004750 -4.810000
vt 2.980000 -4.834750
vt 2.980000 -5.135250
vt 3.004750 -4.920000
vt 3.925250 -4.920000
vt 3.950000 -4.895250
vt 3.950000 -4.594750
vt 3.925250 -4.570000
vt 3.004750 -4.570000
vt 2.980000 -4.594750
vt 2.980000 -4.895250
vt 3.059750 -4.810000
vt 3.870250 -4.810000
vt 3.895000 -4.785250
vt 3.895000 -4.594750
vt 3.870250 -4.570000
vt 3.059750 -4.570000
vt 3.035000 -4.594750
vt 3.035000 -4.785250
vt -3.907800 1.711000
vt -3.832200 1.711000
vt -3.816000 1.727200
vt -3.816000 2.172800
vt -3.832200 2.189000
vt -3.907800 2.189000
vt -3.924000 2.172800
vt -3.924000 1.727200
vt -3.943800 1.711000
vt -3.796200 1.711000
vt -3.780000 1.727200
vt -3.780000 2.244800
vt -3.796200 2.261000
vt -3.943800 2.261000
vt -3.960000 2.244800
vt -3.960000 1.727200
vt -3.943800 2.309000
vt -3.796200 2.309000
vt -3.780000 2.325200
vt -3.780000 2.842800
vt -3.796200 2.859000
vt -3.943800 2.859000
vt -3.960000 2.842800
vt -3.960000 2.325200
vt -3.907800 2.381000
vt -3.832200 2.381000
vt -3.816000 2.397200
vt -3.816000 2.842800
vt -3.832200 2.859000
vt -3.907800 2.859000
vt -3.924000 2.842800
vt -3.924000 2.397200
vt -2.482800 1.711000
vt -2.407200 1.711000
vt -2.391000 1.727200
vt -2.391000 2.172800
vt -2.407200 2.189000
vt -2.482800 2.189000
vt -2.499000 2.172800
vt -2.499000 1.727200
vt -2.518800 1.711000
vt -2.371200 1.711000
vt -2.355000 1.727200
vt -2.355000 2.244800
vt -2.371200 2.261000
vt -2.518800 2.261000
vt -2.535000 2.244800
vt -2.535000 1.727200
vt -2.518800 2.309000
vt -2.371200 2.309000
vt -2.355000 2.325200
vt -2.355000 2.842800
vt -2.371200 2.859000
vt -2.518800 2.859000
vt -2.535000 2.842800
vt -2.535000 2.325200
vt -2.482800 2.381000
vt -2.407200 2.381000
vt -2.391000 2.397200
vt -2.391000 2.842800
vt -2.407200 2.859000
vt -2.482800 2.859000
vt -2.499000 2.842800
vt -2.499000 2.397200
vt -0.932800 1.711000
vt -0.857200 1.711000
vt -0.841000 1.727200
vt -0.841000 2.172800
vt -0.857200 2.189000
vt -0.932800 2.189000
vt -0.949000 2.172800
vt -0.949000 1.727200
vt -0.968800 1.711000
vt -0.821200 1.711000
vt -0.805000 1.727200
vt -0.805000 2.244800
vt -0.821200 2.261000
vt -0.968800 2.261000
vt -0.985000 2.244800
vt -0.985000 1.727200
vt -0.968800 2.309000
vt -0.821200 2.309000
vt -0.805000 2.325200
vt -0.805000 2.842800
vt -0.821200 2.859000
vt -0.968800 2.859000
vt -0.985000 2.842800
vt -0.985000 2.325200
vt -0.932800 2.381000
vt -0.857200 2.381000
vt -0.841000 2.397200
vt -0.841000 2.842800
vt -0.857200 2.859000
vt -0.932800 2.859000
vt -0.949000 2.842800
vt -0.949000 2.397200
vt 0.602200 1.711000
vt 0.677800 1.711000
vt 0.694000 1.727200
vt 0.694000 2.172800
vt 0.677800 2.189000
vt 0.602200 2.189000
vt 0.586000 2.172800
vt 0.586000 1.727200
vt 0.566200 1.711000
vt 0.713800 1.711000
vt 0.730000 1.727200
vt 0.730000 2.244800
vt 0.713800 2.261000
vt 0.566200 2.261000
vt 0.550000 2.244800
vt 0.550000 1.727200
vt 0.566200 2.309000
vt 0.713800 2.309000
vt 0.730000 2.325200
vt 0.730000 2.842800
vt 0.713800 2.859000
vt 0.566200 2.859000
vt 0.550000 2.842800
vt 0.550000 2.325200
vt 0.602200 2.381000
vt 0.677800 2.381000
vt 0.694000 2.397200
vt 0.694000 2.842800
vt 0.677800 2.859000
vt 0.602200 2.859000
vt 0.586000 2.842800
vt 0.586000 2.397200
vt 2.197200 1.711000
vt 2.272800 1.711000
vt 2.289000 1.727200
vt 2.289000 2.172800
vt 2.272800 2.189000
vt 2.197200 2.189000
vt 2.181000 2.172800
vt 2.181000 1.727200
vt 2.161200 1.711000
vt 2.308800 1.711000
vt 2.325000 1.727200
vt 2.325000 2.244800
vt 2.308800 2.261000
vt 2.161200 2.261000
vt 2.145000 2.244800
vt 2.145000 1.727200
vt 2.161200 2.309000
vt 2.308800 2.309000
vt 2.325000 2.325200
vt 2.325000 2.842800
vt 2.308800 2.859000
vt 2.161200 2.859000
vt 2.145000 2.842800
vt 2.145000 2.325200
vt 2.197200 2.381000
vt 2.272800 2.381000
vt 2.289000 2.397200
vt 2.289000 2.842800
vt 2.272800 2.859000
vt 2.197200 2.859000
vt 2.181000 2.842800
vt 2.181000 2.397200
vt 3.832200 1.711000
vt 3.907800 1.711000
vt 3.924000 1.727200
vt 3.924000 2.172800
vt 3.907800 2.189000
vt 3.832200 2.189000
vt 3.816000 2.172800
vt 3.816000 1.727200
vt 3.796200 1.711000
vt 3.943800 1.711000
vt 3.960000 1.727200
vt 3.960000 2.244800
vt 3.943800 2.261000
vt 3.796200 2.261000
vt 3.780000 2.244800
vt 3.780000 1.727200
vt 3.796200 2.309000
vt 3.943800 2.309000
vt 3.960000 2.325200
vt 3.960000 2.842800
vt 3.943800 2.859000
vt 3.796200 2.859000
vt 3.780000 2.842800
vt 3.780000 2.325200
vt 3.832200 2.381000
vt 3.907800 2.381000
vt 3.924000 2.397200
vt 3.924000 2.842800
vt 3.907800 2.859000
vt 3.832200 2.859000
vt 3.816000 2.842800
vt 3.816000 2.397200
vt -3.922500 -3.290000
vt -3.787500 -3.290000
vt -3.765000 -3.267500
vt -3.765000 -2.782500
vt -3.787500 -2.760000
vt -3.922500 -2.760000
vt -3.945000 -2.782500
vt -3.945000 -3.267500
vt -3.972500 -3.290000
vt -3.737500 -3.290000
vt -3.715000 -3.267500
vt -3.715000 -2.682500
vt -3.737500 -2.660000
vt -3.972500 -2.660000
vt -3.995000 -2.682500
vt -3.995000 -3.267500
vt -3.972500 -3.040000
vt -3.737500 -3.040000
vt -3.715000 -3.017500
vt -3.715000 -2.432500
vt -3.737500 -2.410000
vt -3.972500 -2.410000
vt -3.995000 -2.432500
vt -3.995000 -3.017500
vt -3.922500 -2.940000
vt -3.787500 -2.940000
vt -3.765000 -2.917500
vt -3.765000 -2.432500
vt -3.787500 -2.410000
vt -3.922500 -2.410000
vt -3.945000 -2.432500
vt -3.945000 -2.917500
vt -3.922500 -3.940000
vt -3.787500 -3.940000
vt -3.765000 -3.917500
vt -3.765000 -3.432500
vt -3.787500 -3.410000
vt -3.922500 -3.410000
vt -3.945000 -3.432500
vt -3.945000 -3.917500
vt -3.972500 -3.940000
vt -3.737500 -3.940000
vt -3.715000 -3.917500
vt -3.715000 -3.332500
vt -3.737500 -3.310000
vt -3.972500 -3.310000
vt -3.995000 -3.332500
vt -3.995000 -3.917500
vt -3.972500 -3.690000
vt -3.737500 -3.690000
vt -3.715000 -3.667500
vt -3.715000 -3.082500
vt -3.737500 -3.060000
vt -3.972500 -3.060000
vt -3.995000 -3.082500
vt -3.995000 -3.667500
vt -3.922500 -3.590000
vt -3.787500 -3.590000
vt -3.765000 -3.567500
vt -3.765000 -3.082500
vt -3.787500 -3.060000
vt -3.922500 -3.060000
vt -3.945000 -3.082500
vt -3.945000 -3.567500
vt -3.922500 -4.590000
vt -3.787500 -4.590000
vt -3.765000 -4.567500
vt -3.765000 -4.082500
vt -3.787500 -4.060000
vt -3.922500 -4.060000
vt -3.945000 -4.082500
vt -3.945000 -4.567500
vt -3.972500 -4.590000
vt -3.737500 -4.590000
vt -3.715000 -4.567500
vt -3.715000 -3.982500
vt -3.737500 -3.960000
vt -3.972500 -3.960000
vt -3.995000 -3.982500
vt -3.995000 -4.567500
vt -3.972500 -4.340000
vt -3.737500 -4.340000
vt -3.715000 -4.317500
vt -3.715000 -3.732500
vt -3.737500 -3.710000
vt -3.972500 -3.710000
vt -3.995000 -3.732500
vt -3.995000 -4.317500
vt -3.922500 -4.240000
vt -3.787500 -4.240000
vt -3.765000 -4.217500
vt -3.765000 -3.732500
vt -3.787500 -3.710000
vt -3.922500 -3.710000
vt -3.945000 -3.732500
vt -3.945000 -4.217500
vt 3.787500 -3.290000
vt 3.922500 -3.290000
vt 3.945000 -3.267500
vt 3.945000 -2.782500
vt 3.922500 -2.760000
vt 3.787500 -2.760000
vt 3.765000 -2.782500
vt 3.765000 -3.267500
vt 3.737500 -3.290000
vt 3.972500 -3.290000
vt 3.995000 -3.267500
vt 3.995000 -2.682500
vt 3.972500 -2.660000
vt 3.737500 -2.660000
vt 3.715000 -2.682500
vt 3.715000 -3.267500
vt 3.737500 -3.040000
vt 3.972500 -3.040000
vt 3.995000 -3.017500
vt 3.995000 -2.432500
vt 3.972500 -2.410000
vt 3.737500 -2.410000
vt 3.715000 -2.432500
vt 3.715000 -3.017500
vt 3.787500 -2.940000
vt 3.922500 -2.940000
vt 3.945000 -2.917500
vt 3.945000 -2.432500
vt 3.922500 -2.410000
vt 3.787500 -2.410000
vt 3.765000 -2.432500
vt 3.765000 -2.917500
vt 3.787500 -3.940000
vt 3.922500 -3.940000
vt 3.945000 -3.917500
vt 3.945000 -3.432500
vt 3.922500 -3.410000
vt 3.787500 -3.410000
vt 3.765000 -3.432500
vt 3.765000 -3.917500
vt 3.737500 -3.940000
vt 3.972500 -3.940000
vt 3.995000 -3.917500
vt 3.995000 -3.332500
vt 3.972500 -3.310000
vt 3.737500 -3.310000
vt 3.715000 -3.332500
vt 3.715000 -3.917500
vt 3.737500 -3.690000
vt 3.972500 -3.690000
vt 3.995000 -3.667500
vt 3.995000 -3.082500
vt 3.972500 -3.060000
vt 3.737500 -3.060000
vt 3.715000 -3.082500
vt 3.715000 -3.667500
vt 3.787500 -3.590000
vt 3.922500 -3.590000
vt 3.945000 -3.567500
vt 3.945000 -3.082500
vt 3.922500 -3.060000
vt 3.787500 -3.060000
vt 3.765000 -3.082500
vt 3.765000 -3.567500
vt 3.787500 -4.590000
vt 3.922500 -4.590000
vt 3.945000 -4.567500
vt 3.945000 -4.082500
vt 3.922500 -4.060000
vt 3.787500 -4.060000
vt 3.765000 -4.082500
vt 3.765000 -4.567500
vt 3.737500 -4.590000
vt 3.972500 -4.590000
vt 3.995000 -4.567500
vt 3.995000 -3.982500
vt 3.972500 -3.960000
vt 3.737500 -3.960000
vt 3.715000 -3.982500
vt 3.715000 -4.567500
vt 3.737500 -4.340000
vt 3.972500 -4.340000
vt 3.995000 -4.317500
vt 3.995000 -3.732500
vt 3.972500 -3.710000
vt 3.737500 -3.710000
vt 3.715000 -3.732500
vt 3.715000 -4.317500
vt 3.787500 -4.240000
vt 3.922500 -4.240000
vt 3.945000 -4.217500
vt 3.945000 -3.732500
vt 3.922500 -3.710000
vt 3.787500 -3.710000
vt 3.765000 -3.732500
vt 3.765000 -4.217500
vn -0.005144 -0.997688 -0.067769
vn 0.011703 -0.773554 -0.633622
vn 0.084721 -0.996343 -0.011120
vn 0.156278 -0.987701 0.004896
vn 0.009313 -0.992401 0.122691
vn -0.004250 -0.973153 0.230118
vn -0.451443 -0.890330 0.059252
vn -0.634440 -0.772717 -0.019876
vn -0.049047 -0.286849 -0.956719
vn 0.022218 -0.117248 -0.992854
vn 0.958322 -0.274649 -0.078660
vn 0.991601 -0.124326 0.035632
vn 0.049047 -0.286849 0.956719
vn -0.022218 -0.117248 0.992854
vn -0.958322 -0.274649 0.078660
vn -0.991601 -0.124326 -0.035632
vn -0.022218 0.117248 -0.992854
vn 0.049047 0.286849 -0.956719
vn 0.991601 0.124326 -0.035632
vn 0.958322 0.274649 0.078660
vn 0.022218 0.117248 0.992854
vn -0.049047 0.286849 0.956719
vn -0.991601 0.124326 0.035632
vn -0.958322 0.274649 -0.078660
vn -0.002391 0.991582 -0.129459
vn 0.042227 0.829893 -0.556323
vn 0.161635 0.986838 -0.005064
vn 0.081620 0.996606 0.010713
vn 0.004066 0.975462 0.220130
vn -0.009809 0.991566 0.129231
vn -0.572241 0.819890 0.017927
vn -0.547645 0.833618 -0.071878
vn -0.001229 -0.999643 -0.026693
vn 0.007166 -0.773996 -0.633150
vn 0.050768 -0.998707 -0.002507
vn 0.095883 -0.995392 0.001163
vn 0.002384 -0.998655 0.051802
vn -0.001153 -0.994799 0.101850
vn -0.460463 -0.887388 0.022742
vn -0.633204 -0.773947 -0.007682
vn -0.028138 -0.359199 -0.932837
vn 0.015145 -0.151152 -0.988395
vn 0.933103 -0.358351 -0.030066
vn 0.988278 -0.151809 0.016171
vn 0.028138 -0.359199 0.932837
vn -0.015145 -0.151152 0.988395
vn -0.933103 -0.358351 0.030066
vn -0.988278 -0.151809 -0.016171
vn -0.015145 0.151152 -0.988395
vn 0.028138 0.359199 -0.932837
vn 0.988278 0.151809 -0.016171
vn 0.933103 0.358351 0.030066
vn 0.015145 0.151152 0.988395
vn -0.028138 0.359199 0.932837
vn -0.988278 0.151809 0.016171
vn -0.933103 0.358351 -0.030066
vn -0.000597 0.998605 -0.052794
vn 0.025814 0.827488 -0.560890
vn 0.097949 0.995191 -0.001188
vn 0.049635 0.998764 0.002452
vn 0.001129 0.995015 0.099717
vn -0.002438 0.998593 0.052979
vn -0.569494 0.821966 0.006909
vn -0.560380 0.827773 -0.027677
vn -0.005883 -0.994746 -0.102203
vn 0.008928 -0.773826 -0.633335
vn 0.067498 -0.997622 -0.013921
vn 0.130894 -0.991376 0.006281
vn 0.009912 -0.985010 0.172213
vn -0.004340 -0.951408 0.307901
vn -0.442961 -0.891874 0.091361
vn -0.635438 -0.771550 -0.030494
vn -0.038506 -0.284780 -0.957819
vn 0.017176 -0.111182 -0.993652
vn 0.960528 -0.254116 -0.113189
vn 0.990423 -0.128443 0.050638
vn 0.038506 -0.284780 0.957819
vn -0.017176 -0.111182 0.993652
vn -0.960528 -0.254116 0.113189
vn -0.990423 -0.128443 -0.050638
vn -0.017176 0.111182 -0.993652
vn 0.038506 0.284780 -0.957819
vn 0.990423 0.128443 -0.050638
vn 0.960528 0.254116 0.113189
vn 0.017176 0.111182 0.993652
vn -0.038506 0.284780 0.957819
vn -0.990423 0.128443 0.050638
vn -0.960528 0.254116 -0.113189
vn -0.002631 0.982423 -0.186648
vn 0.032183 0.828450 -0.559138
vn 0.134549 0.990886 -0.006457
vn 0.065512 0.997760 0.013512
vn 0.004091 0.956960 0.290189
vn -0.010680 0.982578 0.185546
vn -0.574584 0.817981 0.027573
vn -0.535527 0.837264 -0.110453
vn -0.005144 -0.997688 -0.067769
vn 0.011703 -0.773554 -0.633622
vn 0.084721 -0.996343 -0.011120
vn 0.156278 -0.987701 0.004896
vn 0.009313 -0.992401 0.122691
vn -0.004250 -0.973153 0.230118
vn -0.451443 -0.890330 0.059252
vn -0.634440 -0.772717 -0.019876
vn -0.049047 -0.286849 -0.956719
vn 0.022218 -0.117248 -0.992854
vn 0.958322 -0.274649 -0.078660
vn 0.991601 -0.124326 0.035632
vn 0.049047 -0.286849 0.956719
vn -0.022218 -0.117248 0.992854
vn -0.958322 -0.274649 0.078660
vn -0.991601 -0.124326 -0.035632
vn -0.022218 0.117248 -0.992854
vn 0.049047 0.286849 -0.956719
vn 0.991601 0.124326 -0.035632
vn 0.958322 0.274649 0.078660
vn 0.022218 0.117248 0.992854
vn -0.049047 0.286849 0.956719
vn -0.991601 0.124326 0.035632
vn -0.958322 0.274649 -0.078660
vn -0.002391 0.991582 -0.129459
vn 0.042227 0.829893 -0.556323
vn 0.161635 0.986838 -0.005064
vn 0.081620 0.996606 0.010713
vn 0.004066 0.975462 0.220130
vn -0.009809 0.991566 0.129231
vn -0.572241 0.819890 0.017927
vn -0.547645 0.833618 -0.071878
vn -0.001229 -0.999643 -0.026693
vn 0.007166 -0.773996 -0.633150
vn 0.050768 -0.998707 -0.002507
vn 0.095883 -0.995392 0.001163
vn 0.002384 -0.998655 0.051802
vn -0.001153 -0.994799 0.101850
vn -0.460463 -0.887388 0.022742
vn -0.633204 -0.773947 -0.007682
vn -0.028138 -0.359199 -0.932837
vn 0.015145 -0.151152 -0.988395
vn 0.933103 -0.358351 -0.030066
vn 0.988278 -0.151809 0.016171
vn 0.028138 -0.359199 0.932837
vn -0.015145 -0.151152 0.988395
vn -0.933103 -0.358351 0.030066
vn -0.988278 -0.151809 -0.016171
vn -0.015145 0.151152 -0.988395
vn 0.028138 0.359199 -0.932837
vn 0.988278 0.151809 -0.016171
vn 0.933103 0.358351 0.030066
vn 0.015145 0.151152 0.988395
vn -0.028138 0.359199 0.932837
vn -0.988278 0.151809 0.016171
vn -0.933103 0.358351 -0.030066
vn -0.000597 0.998605 -0.052794
vn 0.025814 0.827488 -0.560890
vn 0.097949 0.995191 -0.001188
vn 0.049635 0.998764 0.002452
vn 0.001129 0.995015 0.099717
vn -0.002438 0.998593 0.052979
vn -0.569494 0.821966 0.006909
vn -0.560380 0.827773 -0.027677
vn -0.005883 -0.994746 -0.102203
vn 0.008928 -0.773826 -0.633335
vn 0.067498 -0.997622 -0.013921
vn 0.130894 -0.991376 0.006281
vn 0.009912 -0.985010 0.172213
vn -0.004340 -0.951408 0.307901
vn -0.442961 -0.891874 0.091361
vn -0.635438 -0.771550 -0.030494
vn -0.038506 -0.284780 -0.957819
vn 0.017176 -0.111182 -0.993652
vn 0.960528 -0.254116 -0.113189
vn 0.990423 -0.128443 0.050638
vn 0.038506 -0.284780 0.957819
vn -0.017176 -0.111182 0.993652
vn -0.960528 -0.254116 0.113189
vn -0.990423 -0.128443 -0.050638
vn -0.017176 0.111182 -0.993652
vn 0.038506 0.284780 -0.957819
vn 0.990423 0.128443 -0.050638
vn 0.960528 0.254116 0.113189
vn 0.017176 0.111182 0.993652
vn -0.038506 0.284780 0.957819
vn -0.990423 0.128443 0.050638
vn -0.960528 0.254116 -0.113189
vn -0.002631 0.982423 -0.186648
vn 0.032183 0.828450 -0.559138
vn 0.134549 0.990886 -0.006457
vn 0.065512 0.997760 0.013512
vn 0.004091 0.956960 0.290189
vn -0.010680 0.982578 0.185546
vn -0.574584 0.817981 0.027573
vn -0.535527 0.837264 -0.110453
vn -0.005144 -0.997688 -0.067769
vn 0.011703 -0.773554 -0.633622
vn 0.084721 -0.996343 -0.011120
vn 0.156278 -0.987701 0.004896
vn 0.009313 -0.992401 0.122691
vn -0.004250 -0.973153 0.230118
vn -0.451443 -0.890330 0.059252
vn -0.634440 -0.772717 -0.019876
vn -0.049047 -0.286849 -0.956719
vn 0.022218 -0.117248 -0.992854
vn 0.958322 -0.274649 -0.078660
vn 0.991601 -0.124326 0.035632
vn 0.049047 -0.286849 0.956719
vn -0.022218 -0.117248 0.992854
vn -0.958322 -0.274649 0.078660
vn -0.991601 -0.124326 -0.035632
vn -0.022218 0.117248 -0.992854
vn 0.049047 0.286849 -0.956719
vn 0.991601 0.124326 -0.035632
vn 0.958322 0.274649 0.078660
vn 0.022218 0.117248 0.992854
vn -0.049047 0.286849 0.956719
vn -0.991601 0.124326 0.035632
vn -0.958322 0.274649 -0.078660
vn -0.002391 0.991582 -0.129459
vn 0.042227 0.829893 -0.556323
vn 0.161635 0.986838 -0.005064
vn 0.081620 0.996606 0.010713
vn 0.004066 0.975462 0.220130
vn -0.009809 0.991566 0.129231
vn -0.572241 0.819890 0.017927
vn -0.547645 0.833618 -0.071878
vn -0.001229 -0.999643 -0.026693
vn 0.007166 -0.773996 -0.633150
vn 0.050768 -0.998707 -0.002507
vn 0.095883 -0.995392 0.001163
vn 0.002384 -0.998655 0.051802
vn -0.001153 -0.994799 0.101850
vn -0.460463 -0.887388 0.022742
vn -0.633204 -0.773947 -0.007682
vn -0.028138 -0.359199 -0.932837
vn 0.015145 -0.151152 -0.988395
vn 0.933103 -0.358351 -0.030066
vn 0.988278 -0.151809 0.016171
vn 0.028138 -0.359199 0.932837
vn -0.015145 -0.151152 0.988395
vn -0.933103 -0.358351 0.030066
vn -0.988278 -0.151809 -0.016171
vn -0.015145 0.151152 -0.988395
vn 0.028138 0.359199 -0.932837
vn 0.988278 0.151809 -0.016171
vn 0.933103 0.358351 0.030066
vn 0.015145 0.151152 0.988395
vn -0.028138 0.359199 0.932837
vn -0.988278 0.151809 0.016171
vn -0.933103 0.358351 -0.030066
vn -0.000597 0.998605 -0.052794
vn 0.025814 0.827488 -0.560890
vn 0.097949 0.995191 -0.001188
vn 0.049635 0.998764 0.002452
vn 0.001129 0.995015 0.099717
vn -0.002438 0.998593 0.052979
vn -0.569494 0.821966 0.006909
vn -0.560380 0.827773 -0.027677
vn -0.005883 -0.994746 -0.102203
vn 0.008928 -0.773826 -0.633335
vn 0.067498 -0.997622 -0.013921
vn 0.130894 -0.991376 0.006281
vn 0.009912 -0.985010 0.172213
vn -0.004340 -0.951408 0.307901
vn -0.442961 -0.891874 0.091361
vn -0.635438 -0.771550 -0.030494
vn -0.038506 -0.284780 -0.957819
vn 0.017176 -0.111182 -0.993652
vn 0.960528 -0.254116 -0.113189
vn 0.990423 -0.128443 0.050638
vn 0.038506 -0.284780 0.957819
vn -0.017176 -0.111182 0.993652
vn -0.960528 -0.254116 0.113189
vn -0.990423 -0.128443 -0.050638
vn -0.017176 0.111182 -0.993652
vn 0.038506 0.284780 -0.957819
vn 0.990423 0.128443 -0.050638
vn 0.960528 0.254116 0.113189
vn 0.017176 0.111182 0.993652
vn -0.038506 0.284780 0.957819
vn -0.990423 0.128443 0.050638
vn -0.960528 0.254116 -0.113189
vn -0.002631 0.982423 -0.186648
vn 0.032183 0.828450 -0.559138
vn 0.134549 0.990886 -0.006457
vn 0.065512 0.997760 0.013512
vn 0.004091 0.956960 0.290189
vn -0.010680 0.982578 0.185546
vn -0.574584 0.817981 0.027573
vn -0.535527 0.837264 -0.110453
vn -0.005144 -0.997688 -0.067769
vn 0.011703 -0.773554 -0.633622
vn 0.084721 -0.996343 -0.011120
vn 0.156278 -0.987701 0.004896
vn 0.009313 -0.992401 0.122691
vn -0.004250 -0.973153 0.230118
vn -0.451443 -0.890330 0.059252
vn -0.634440 -0.772717 -0.019876
vn -0.049047 -0.286849 -0.956719
vn 0.022218 -0.117248 -0.992854
vn 0.958322 -0.274649 -0.078660
vn 0.991601 -0.124326 0.035632
vn 0.049047 -0.286849 0.956719
vn -0.022218 -0.117248 0.992854
vn -0.958322 -0.274649 0.078660
vn -0.991601 -0.124326 -0.035632
vn -0.022218 0.117248 -0.992854
vn 0.049047 0.286849 -0.956719
vn 0.991601 0.124326 -0.035632
vn 0.958322 0.274649 0.078660
vn 0.022218 0.117248 0.992854
vn -0.049047 0.286849 0.956719
vn -0.991601 0.124326 0.035632
vn -0.958322 0.274649 -0.078660
vn -0.002391 0.991582 -0.129459
vn 0.042227 0.829893 -0.556323
vn 0.161635 0.986838 -0.005064
vn 0.081620 0.996606 0.010713
vn 0.004066 0.975462 0.220130
vn -0.009809 0.991566 0.129231
vn -0.572241 0.819890 0.017927
vn -0.547645 0.833618 -0.071878
vn -0.001229 -0.999643 -0.026693
vn 0.007166 -0.773996 -0.633150
vn 0.050768 -0.998707 -0.002507
vn 0.095883 -0.995392 0.001163
vn 0.002384 -0.998655 0.051802
vn -0.001153 -0.994799 0.101850
vn -0.460463 -0.887388 0.022742
vn -0.633204 -0.773947 -0.007682
vn -0.028138 -0.359199 -0.932837
vn 0.015145 -0.151152 -0.988395
vn 0.933103 -0.358351 -0.030066
vn 0.988278 -0.151809 0.016171
vn 0.028138 -0.359199 0.932837
vn -0.015145 -0.151152 0.988395
vn -0.933103 -0.358351 0.030066
vn -0.988278 -0.151809 -0.016171
vn -0.015145 0.151152 -0.988395
vn 0.028138 0.359199 -0.932837
vn 0.988278 0.151809 -0.016171
vn 0.933103 0.358351 0.030066
vn 0.015145 0.151152 0.988395
vn -0.028138 0.359199 0.932837
vn -0.988278 0.151809 0.016171
vn -0.933103 0.358351 -0.030066
vn -0.000597 0.998605 -0.052794
vn 0.025814 0.827488 -0.560890
vn 0.097949 0.995191 -0.001188
vn 0.049635 0.998764 0.002452
vn 0.001129 0.995015 0.099717
vn -0.002438 0.998593 0.052979
vn -0.569494 0.821966 0.006909
vn -0.560380 0.827773 -0.027677
vn -0.005883 -0.994746 -0.102203
vn 0.008928 -0.773826 -0.633335
vn 0.067498 -0.997622 -0.013921
vn 0.130894 -0.991376 0.006281
vn 0.009912 -0.985010 0.172213
vn -0.004340 -0.951408 0.307901
vn -0.442961 -0.891874 0.091361
vn -0.635438 -0.771550 -0.030494
vn -0.038506 -0.284780 -0.957819
vn 0.017176 -0.111182 -0.993652
vn 0.960528 -0.254116 -0.113189
vn 0.990423 -0.128443 0.050638
vn 0.038506 -0.284780 0.957819
vn -0.017176 -0.111182 0.993652
vn -0.960528 -0.254116 0.113189
vn -0.990423 -0.128443 -0.050638
vn -0.017176 0.111182 -0.993652
vn 0.038506 0.284780 -0.957819
vn 0.990423 0.128443 -0.050638
vn 0.960528 0.254116 0.113189
vn 0.017176 0.111182 0.993652
vn -0.038506 0.284780 0.957819
vn -0.990423 0.128443 0.050638
vn -0.960528 0.254116 -0.113189
vn -0.002631 0.982423 -0.186648
vn 0.032183 0.828450 -0.559138
vn 0.134549 0.990886 -0.006457
vn 0.065512 0.997760 0.013512
vn 0.004091 0.956960 0.290189
vn -0.010680 0.982578 0.185546
vn -0.574584 0.817981 0.027573
vn -0.535527 0.837264 -0.110453
vn -0.005144 -0.997688 -0.067769
vn 0.011703 -0.773554 -0.633622
vn 0.084721 -0.996343 -0.011120
vn 0.156278 -0.987701 0.004896
vn 0.009313 -0.992401 0.122691
vn -0.004250 -0.973153 0.230118
vn -0.451443 -0.890330 0.059252
vn -0.634440 -0.772717 -0.019876
vn -0.049047 -0.286849 -0.956719
vn 0.022218 -0.117248 -0.992854
vn 0.958322 -0.274649 -0.078660
vn 0.991601 -0.124326 0.035632
vn 0.049047 -0.286849 0.956719
vn -0.022218 -0.117248 0.992854
vn -0.958322 -0.274649 0.078660
vn -0.991601 -0.124326 -0.035632
vn -0.022218 0.117248 -0.992854
vn 0.049047 0.286849 -0.956719
vn 0.991601 0.124326 -0.035632
vn 0.958322 0.274649 0.078660
vn 0.022218 0.117248 0.992854
vn -0.049047 0.286849 0.956719
vn -0.991601 0.124326 0.035632
vn -0.958322 0.274649 -0.078660
vn -0.002391 0.991582 -0.129459
vn 0.042227 0.829893 -0.556323
vn 0.161635 0.986838 -0.005064
vn 0.081620 0.996606 0.010713
vn 0.004066 0.975462 0.220130
vn -0.009809 0.991566 0.129231
vn -0.572241 0.819890 0.017927
vn -0.547645 0.833618 -0.071878
vn -0.001229 -0.999643 -0.026693
vn 0.007166 -0.773996 -0.633150
vn 0.050768 -0.998707 -0.002507
vn 0.095883 -0.995392 0.001163
vn 0.002384 -0.998655 0.051802
vn -0.001153 -0.994799 0.101850
vn -0.460463 -0.887388 0.022742
vn -0.633204 -0.773947 -0.007682
vn -0.028138 -0.359199 -0.932837
vn 0.015145 -0.151152 -0.988395
vn 0.933103 -0.358351 -0.030066
vn 0.988278 -0.151809 0.016171
vn 0.028138 -0.359199 0.932837
vn -0.015145 -0.151152 0.988395
vn -0.933103 -0.358351 0.030066
vn -0.988278 -0.151809 -0.016171
vn -0.015145 0.151152 -0.988395
vn 0.028138 0.359199 -0.932837
vn 0.988278 0.151809 -0.016171
vn 0.933103 0.358351 0.030066
vn 0.015145 0.151152 0.988395
vn -0.028138 0.359199 0.932837
vn -0.988278 0.151809 0.016171
vn -0.933103 0.358351 -0.030066
vn -0.000597 0.998605 -0.052794
vn 0.025814 0.827488 -0.560890
vn 0.097949 0.995191 -0.001188
vn 0.049635 0.998764 0.002452
vn 0.001129 0.995015 0.099717
vn -0.002438 0.998593 0.052979
vn -0.569494 0.821966 0.006909
vn -0.560380 0.827773 -0.027677
vn -0.005883 -0.994746 -0.102203
vn 0.008928 -0.773826 -0.633335
vn 0.067498 -0.997622 -0.013921
vn 0.130894 -0.991376 0.006281
vn 0.009912 -0.985010 0.172213
vn -0.004340 -0.951408 0.307901
vn -0.442961 -0.891874 0.091361
vn -0.635438 -0.771550 -0.030494
vn -0.038506 -0.284780 -0.957819
vn 0.017176 -0.111182 -0.993652
vn 0.960528 -0.254116 -0.113189
vn 0.990423 -0.128443 0.050638
vn 0.038506 -0.284780 0.957819
vn -0.017176 -0.111182 0.993652
vn -0.960528 -0.254116 0.113189
vn -0.990423 -0.128443 -0.050638
vn -0.017176 0.111182 -0.993652
vn 0.038506 0.284780 -0.957819
vn 0.990423 0.128443 -0.050638
vn 0.960528 0.254116 0.113189
vn 0.017176 0.111182 0.993652
vn -0.038506 0.284780 0.957819
vn -0.990423 0.128443 0.050638
vn -0.960528 0.254116 -0.113189
vn -0.002631 0.982423 -0.186648
vn 0.032183 0.828450 -0.559138
vn 0.134549 0.990886 -0.006457
vn 0.065512 0.997760 0.013512
vn 0.004091 0.956960 0.290189
vn -0.010680 0.982578 0.185546
vn -0.574584 0.817981 0.027573
vn -0.535527 0.837264 -0.110453
vn -0.005144 -0.997688 -0.067769
vn 0.011703 -0.773554 -0.633622
vn 0.084721 -0.996343 -0.011120
vn 0.156278 -0.987701 0.004896
vn 0.009313 -0.992401 0.122691
vn -0.004250 -0.973153 0.230118
vn -0.451443 -0.890330 0.059252
vn -0.634440 -0.772717 -0.019876
vn -0.049047 -0.286849 -0.956719
vn 0.022218 -0.117248 -0.992854
vn 0.958322 -0.274649 -0.078660
vn 0.991601 -0.124326 0.035632
vn 0.049047 -0.286849 0.956719
vn -0.022218 -0.117248 0.992854
vn -0.958322 -0.274649 0.078660
vn -0.991601 -0.124326 -0.035632
vn -0.022218 0.117248 -0.992854
vn 0.049047 0.286849 -0.956719
vn 0.991601 0.124326 -0.035632
vn 0.958322 0.274649 0.078660
vn 0.022218 0.117248 0.992854
vn -0.049047 0.286849 0.956719
vn -0.991601 0.124326 0.035632
vn -0.958322 0.274649 -0.078660
vn -0.002391 0.991582 -0.129459
vn 0.042227 0.829893 -0.556323
vn 0.161635 0.986838 -0.005064
vn 0.081620 0.996606 0.010713
vn 0.004066 0.975462 0.220130
vn -0.009809 0.991566 0.129231
vn -0.572241 0.819890 0.017927
vn -0.547645 0.833618 -0.071878
vn -0.001229 -0.999643 -0.026693
vn 0.007166 -0.773996 -0.633150
vn 0.050768 -0.998707 -0.002507
vn 0.095883 -0.995392 0.001163
vn 0.002384 -0.998655 0.051802
vn -0.001153 -0.994799 0.101850
vn -0.460463 -0.887388 0.022742
vn -0.633204 -0.773947 -0.007682
vn -0.028138 -0.359199 -0.932837
vn 0.015145 -0.151152 -0.988395
vn 0.933103 -0.358351 -0.030066
vn 0.988278 -0.151809 0.016171
vn 0.028138 -0.359199 0.932837
vn -0.015145 -0.151152 0.988395
vn -0.933103 -0.358351 0.030066
vn -0.988278 -0.151809 -0.016171
vn -0.015145 0.151152 -0.988395
vn 0.028138 0.359199 -0.932837
vn 0.988278 0.151809 -0.016171
vn 0.933103 0.358351 0.030066
vn 0.015145 0.151152 0.988395
vn -0.028138 0.359199 0.932837
vn -0.988278 0.151809 0.016171
vn -0.933103 0.358351 -0.030066
vn -0.000597 0.998605 -0.052794
vn 0.025814 0.827488 -0.560890
vn 0.097949 0.995191 -0.001188
vn 0.049635 0.998764 0.002452
vn 0.001129 0.995015 0.099717
vn -0.002438 0.998593 0.052979
vn -0.569494 0.821966 0.006909
vn -0.560380 0.827773 -0.027677
vn -0.005883 -0.994746 -0.102203
vn 0.008928 -0.773826 -0.633335
vn 0.067498 -0.997622 -0.013921
vn 0.130894 -0.991376 0.006281
vn 0.009912 -0.985010 0.172213
vn -0.004340 -0.951408 0.307901
vn -0.442961 -0.891874 0.091361
vn -0.635438 -0.771550 -0.030494
vn -0.038506 -0.284780 -0.957819
vn 0.017176 -0.111182 -0.993652
vn 0.960528 -0.254116 -0.113189
vn 0.990423 -0.128443 0.050638
vn 0.038506 -0.284780 0.957819
vn -0.017176 -0.111182 0.993652
vn -0.960528 -0.254116 0.113189
vn -0.990423 -0.128443 -0.050638
vn -0.017176 0.111182 -0.993652
vn 0.038506 0.284780 -0.957819
vn 0.990423 0.128443 -0.050638
vn 0.960528 0.254116 0.113189
vn 0.017176 0.111182 0.993652
vn -0.038506 0.284780 0.957819
vn -0.990423 0.128443 0.050638
vn -0.960528 0.254116 -0.113189
vn -0.002631 0.982423 -0.186648
vn 0.032183 0.828450 -0.559138
vn 0.134549 0.990886 -0.006457
vn 0.065512 0.997760 0.013512
vn 0.004091 0.956960 0.290189
vn -0.010680 0.982578 0.185546
vn -0.574584 0.817981 0.027573
vn -0.535527 0.837264 -0.110453
vn -0.005144 -0.997688 -0.067769
vn 0.011703 -0.773554 -0.633622
vn 0.084721 -0.996343 -0.011120
vn 0.156278 -0.987701 0.004896
vn 0.009313 -0.992401 0.122691
vn -0.004250 -0.973153 0.230118
vn -0.451443 -0.890330 0.059252
vn -0.634440 -0.772717 -0.019876
vn -0.049047 -0.286849 -0.956719
vn 0.022218 -0.117248 -0.992854
vn 0.958322 -0.274649 -0.078660
vn 0.991601 -0.124326 0.035632
vn 0.049047 -0.286849 0.956719
vn -0.022218 -0.117248 0.992854
vn -0.958322 -0.274649 0.078660
vn -0.991601 -0.124326 -0.035632
vn -0.022218 0.117248 -0.992854
vn 0.049047 0.286849 -0.956719
vn 0.991601 0.124326 -0.035632
vn 0.958322 0.274649 0.078660
vn 0.022218 0.117248 0.992854
vn -0.049047 0.286849 0.956719
vn -0.991601 0.124326 0.035632
vn -0.958322 0.274649 -0.078660
vn -0.002391 0.991582 -0.129459
vn 0.042227 0.829893 -0.556323
vn 0.161635 0.986838 -0.005064
vn 0.081620 0.996606 0.010713
vn 0.004066 0.975462 0.220130
vn -0.009809 0.991566 0.129231
vn -0.572241 0.819890 0.017927
vn -0.547645 0.833618 -0.071878
vn -0.001229 -0.999643 -0.026693
vn 0.007166 -0.773996 -0.633150
vn 0.050768 -0.998707 -0.002507
vn 0.095883 -0.995392 0.001163
vn 0.002384 -0.998655 0.051802
vn -0.001153 -0.994799 0.101850
vn -0.460463 -0.887388 0.022742
vn -0.633204 -0.773947 -0.007682
vn -0.028138 -0.359199 -0.932837
vn 0.015145 -0.151152 -0.988395
vn 0.933103 -0.358351 -0.030066
vn 0.988278 -0.151809 0.016171
vn 0.028138 -0.359199 0.932837
vn -0.015145 -0.151152 0.988395
vn -0.933103 -0.358351 0.030066
vn -0.988278 -0.151809 -0.016171
vn -0.015145 0.151152 -0.988395
vn 0.028138 0.359199 -0.932837
vn 0.988278 0.151809 -0.016171
vn 0.933103 0.358351 0.030066
vn 0.015145 0.151152 0.988395
vn -0.028138 0.359199 0.932837
vn -0.988278 0.151809 0.016171
vn -0.933103 0.358351 -0.030066
vn -0.000597 0.998605 -0.052794
vn 0.025814 0.827488 -0.560890
vn 0.097949 0.995191 -0.001188
vn 0.049635 0.998764 0.002452
vn 0.001129 0.995015 0.099717
vn -0.002438 0.998593 0.052979
vn -0.569494 0.821966 0.006909
vn -0.560380 0.827773 -0.027677
vn -0.005883 -0.994746 -0.102203
vn 0.008928 -0.773826 -0.633335
vn 0.067498 -0.997622 -0.013921
vn 0.130894 -0.991376 0.006281
vn 0.009912 -0.985010 0.172213
vn -0.004340 -0.951408 0.307901
vn -0.442961 -0.891874 0.091361
vn -0.635438 -0.771550 -0.030494
vn -0.038506 -0.284780 -0.957819
vn 0.017176 -0.111182 -0.993652
vn 0.960528 -0.254116 -0.113189
vn 0.990423 -0.128443 0.050638
vn 0.038506 -0.284780 0.957819
vn -0.017176 -0.111182 0.993652
vn -0.960528 -0.254116 0.113189
vn -0.990423 -0.128443 -0.050638
vn -0.017176 0.111182 -0.993652
vn 0.038506 0.284780 -0.957819
vn 0.990423 0.128443 -0.050638
vn 0.960528 0.254116 0.113189
vn 0.017176 0.111182 0.993652
vn -0.038506 0.284780 0.957819
vn -0.990423 0.128443 0.050638
vn -0.960528 0.254116 -0.113189
vn -0.002631 0.982423 -0.186648
vn 0.032183 0.828450 -0.559138
vn 0.134549 0.990886 -0.006457
vn 0.065512 0.997760 0.013512
vn 0.004091 0.956960 0.290189
vn -0.010680 0.982578 0.185546
vn -0.574584 0.817981 0.027573
vn -0.535527 0.837264 -0.110453
vn -0.005144 -0.997688 -0.067769
vn 0.011703 -0.773554 -0.633622
vn 0.084721 -0.996343 -0.011120
vn 0.156278 -0.987701 0.004896
vn 0.009313 -0.992401 0.122691
vn -0.004250 -0.973153 0.230118
vn -0.451443 -0.890330 0.059252
vn -0.634440 -0.772717 -0.019876
vn -0.049047 -0.286849 -0.956719
vn 0.022218 -0.117248 -0.992854
vn 0.958322 -0.274649 -0.078660
vn 0.991601 -0.124326 0.035632
vn 0.049047 -0.286849 0.956719
vn -0.022218 -0.117248 0.992854
vn -0.958322 -0.274649 0.078660
vn -0.991601 -0.124326 -0.035632
vn -0.022218 0.117248 -0.992854
vn 0.049047 0.286849 -0.956719
vn 0.991601 0.124326 -0.035632
vn 0.958322 0.274649 0.078660
vn 0.022218 0.117248 0.992854
vn -0.049047 0.286849 0.956719
vn -0.991601 0.124326 0.035632
vn -0.958322 0.274649 -0.078660
vn -0.002391 0.991582 -0.129459
vn 0.042227 0.829893 -0.556323
vn 0.161635 0.986838 -0.005064
vn 0.081620 0.996606 0.010713
vn 0.004066 0.975462 0.220130
vn -0.009809 0.991566 0.129231
vn -0.572241 0.819890 0.017927
vn -0.547645 0.833618 -0.071878
vn -0.001229 -0.999643 -0.026693
vn 0.007166 -0.773996 -0.633150
vn 0.050768 -0.998707 -0.002507
vn 0.095883 -0.995392 0.001163
vn 0.002384 -0.998655 0.051802
vn -0.001153 -0.994799 0.101850
vn -0.460463 -0.887388 0.022742
vn -0.633204 -0.773947 -0.007682
vn -0.028138 -0.359199 -0.932837
vn 0.015145 -0.151152 -0.988395
vn 0.933103 -0.358351 -0.030066
vn 0.988278 -0.151809 0.016171
vn 0.028138 -0.359199 0.932837
vn -0.015145 -0.151152 0.988395
vn -0.933103 -0.358351 0.030066
vn -0.988278 -0.151809 -0.016171
vn -0.015145 0.151152 -0.988395
vn 0.028138 0.359199 -0.932837
vn 0.988278 0.151809 -0.016171
vn 0.933103 0.358351 0.030066
vn 0.015145 0.151152 0.988395
vn -0.028138 0.359199 0.932837
vn -0.988278 0.151809 0.016171
vn -0.933103 0.358351 -0.030066
vn -0.000597 0.998605 -0.052794
vn 0.025814 0.827488 -0.560890
vn 0.097949 0.995191 -0.001188
vn 0.049635 0.998764 0.002452
vn 0.001129 0.995015 0.099717
vn -0.002438 0.998593 0.052979
vn -0.569494 0.821966 0.006909
vn -0.560380 0.827773 -0.027677
vn -0.005883 -0.994746 -0.102203
vn 0.008928 -0.773826 -0.633335
vn 0.067498 -0.997622 -0.013921
vn 0.130894 -0.991376 0.006281
vn 0.009912 -0.985010 0.172213
vn -0.004340 -0.951408 0.307901
vn -0.442961 -0.891874 0.091361
vn -0.635438 -0.771550 -0.030494
vn -0.038506 -0.284780 -0.957819
vn 0.017176 -0.111182 -0.993652
vn 0.960528 -0.254116 -0.113189
vn 0.990423 -0.128443 0.050638
vn 0.038506 -0.284780 0.957819
vn -0.017176 -0.111182 0.993652
vn -0.960528 -0.254116 0.113189
vn -0.990423 -0.128443 -0.050638
vn -0.017176 0.111182 -0.993652
vn 0.038506 0.284780 -0.957819
vn 0.990423 0.128443 -0.050638
vn 0.960528 0.254116 0.113189
vn 0.017176 0.111182 0.993652
vn -0.038506 0.284780 0.957819
vn -0.990423 0.128443 0.050638
vn -0.960528 0.254116 -0.113189
vn -0.002631 0.982423 -0.186648
vn 0.032183 0.828450 -0.559138
vn 0.134549 0.990886 -0.006457
vn 0.065512 0.997760 0.013512
vn 0.004091 0.956960 0.290189
vn -0.010680 0.982578 0.185546
vn -0.574584 0.817981 0.027573
vn -0.535527 0.837264 -0.110453
vn -0.010867 -0.999285 -0.036225
vn 0.043073 -0.770052 -0.636525
vn 0.273510 -0.961691 -0.018539
vn 0.380406 -0.924798 0.006292
vn 0.023178 -0.996742 0.077260
vn -0.010844 -0.987017 0.160252
vn -0.458462 -0.888170 0.031076
vn -0.633496 -0.773675 -0.010478
vn -0.168685 -0.077770 -0.982597
vn 0.056193 -0.039587 -0.997635
vn 0.993714 -0.097804 -0.054462
vn 0.999338 -0.032307 0.016725
vn 0.168685 -0.077770 0.982597
vn -0.056193 -0.039587 0.997635
vn -0.993714 -0.097804 0.054462
vn -0.999338 -0.032307 -0.016725
vn -0.056193 0.039587 -0.997635
vn 0.168685 0.077770 -0.982597
vn 0.999338 0.032307 -0.016725
vn 0.993714 0.097804 0.054462
vn 0.056193 0.039587 0.997635
vn -0.168685 0.077770 0.982597
vn -0.999338 0.032307 0.016725
vn -0.993714 0.097804 -0.054462
vn -0.005220 0.997007 -0.077133
vn 0.156000 0.839800 -0.520000
vn 0.412014 0.911152 -0.006815
vn 0.244451 0.969520 0.016569
vn 0.010606 0.987585 0.156728
vn -0.023754 0.996577 0.079181
vn -0.570129 0.821501 0.009430
vn -0.557573 0.829267 -0.037794
vn -0.010867 -0.999285 -0.036225
vn 0.043073 -0.770052 -0.636525
vn 0.273510 -0.961691 -0.018539
vn 0.380406 -0.924798 0.006292
vn 0.023178 -0.996742 0.077260
vn -0.010844 -0.987017 0.160252
vn -0.458462 -0.888170 0.031076
vn -0.633496 -0.773675 -0.010478
vn -0.168685 -0.077770 -0.982597
vn 0.056193 -0.039587 -0.997635
vn 0.993714 -0.097804 -0.054462
vn 0.999338 -0.032307 0.016725
vn 0.168685 -0.077770 0.982597
vn -0.056193 -0.039587 0.997635
vn -0.993714 -0.097804 0.054462
vn -0.999338 -0.032307 -0.016725
vn -0.056193 0.039587 -0.997635
vn 0.168685 0.077770 -0.982597
vn 0.999338 0.032307 -0.016725
vn 0.993714 0.097804 0.054462
vn 0.056193 0.039587 0.997635
vn -0.168685 0.077770 0.982597
vn -0.999338 0.032307 0.016725
vn -0.993714 0.097804 -0.054462
vn -0.005220 0.997007 -0.077133
vn 0.156000 0.839800 -0.520000
vn 0.412014 0.911152 -0.006815
vn 0.244451 0.969520 0.016569
vn 0.010606 0.987585 0.156728
vn -0.023754 0.996577 0.079181
vn -0.570129 0.821501 0.009430
vn -0.557573 0.829267 -0.037794
vn -0.010867 -0.999285 -0.036225
vn 0.043073 -0.770052 -0.636525
vn 0.273510 -0.961691 -0.018539
vn 0.380406 -0.924798 0.006292
vn 0.023178 -0.996742 0.077260
vn -0.010844 -0.987017 0.160252
vn -0.458462 -0.888170 0.031076
vn -0.633496 -0.773675 -0.010478
vn -0.168685 -0.077770 -0.982597
vn 0.056193 -0.039587 -0.997635
vn 0.993714 -0.097804 -0.054462
vn 0.999338 -0.032307 0.016725
vn 0.168685 -0.077770 0.982597
vn -0.056193 -0.039587 0.997635
vn -0.993714 -0.097804 0.054462
vn -0.999338 -0.032307 -0.016725
vn -0.056193 0.039587 -0.997635
vn 0.168685 0.077770 -0.982597
vn 0.999338 0.032307 -0.016725
vn 0.993714 0.097804 0.054462
vn 0.056193 0.039587 0.997635
vn -0.168685 0.077770 0.982597
vn -0.999338 0.032307 0.016725
vn -0.993714 0.097804 -0.054462
vn -0.005220 0.997007 -0.077133
vn 0.156000 0.839800 -0.520000
vn 0.412014 0.911152 -0.006815
vn 0.244451 0.969520 0.016569
vn 0.010606 0.987585 0.156728
vn -0.023754 0.996577 0.079181
vn -0.570129 0.821501 0.009430
vn -0.557573 0.829267 -0.037794
vn -0.010867 -0.999285 -0.036225
vn 0.043073 -0.770052 -0.636525
vn 0.273510 -0.961691 -0.018539
vn 0.380406 -0.924798 0.006292
vn 0.023178 -0.996742 0.077260
vn -0.010844 -0.987017 0.160252
vn -0.458462 -0.888170 0.031076
vn -0.633496 -0.773675 -0.010478
vn -0.168685 -0.077770 -0.982597
vn 0.056193 -0.039587 -0.997635
vn 0.993714 -0.097804 -0.054462
vn 0.999338 -0.032307 0.016725
vn 0.168685 -0.077770 0.982597
vn -0.056193 -0.039587 0.997635
vn -0.993714 -0.097804 0.054462
vn -0.999338 -0.032307 -0.016725
vn -0.056193 0.039587 -0.997635
vn 0.168685 0.077770 -0.982597
vn 0.999338 0.032307 -0.016725
vn 0.993714 0.097804 0.054462
vn 0.056193 0.039587 0.997635
vn -0.168685 0.077770 0.982597
vn -0.999338 0.032307 0.016725
vn -0.993714 0.097804 -0.054462
vn -0.005220 0.997007 -0.077133
vn 0.156000 0.839800 -0.520000
vn 0.412014 0.911152 -0.006815
vn 0.244451 0.969520 0.016569
vn 0.010606 0.987585 0.156728
vn -0.023754 0.996577 0.079181
vn -0.570129 0.821501 0.009430
vn -0.557573 0.829267 -0.037794
vn -0.010867 -0.999285 -0.036225
vn 0.043073 -0.770052 -0.636525
vn 0.273510 -0.961691 -0.018539
vn 0.380406 -0.924798 0.006292
vn 0.023178 -0.996742 0.077260
vn -0.010844 -0.987017 0.160252
vn -0.458462 -0.888170 0.031076
vn -0.633496 -0.773675 -0.010478
vn -0.168685 -0.077770 -0.982597
vn 0.056193 -0.039587 -0.997635
vn 0.993714 -0.097804 -0.054462
vn 0.999338 -0.032307 0.016725
vn 0.168685 -0.077770 0.982597
vn -0.056193 -0.039587 0.997635
vn -0.993714 -0.097804 0.054462
vn -0.999338 -0.032307 -0.016725
vn -0.056193 0.039587 -0.997635
vn 0.168685 0.077770 -0.982597
vn 0.999338 0.032307 -0.016725
vn 0.993714 0.097804 0.054462
vn 0.056193 0.039587 0.997635
vn -0.168685 0.077770 0.982597
vn -0.999338 0.032307 0.016725
vn -0.993714 0.097804 -0.054462
vn -0.005220 0.997007 -0.077133
vn 0.156000 0.839800 -0.520000
vn 0.412014 0.911152 -0.006815
vn 0.244451 0.969520 0.016569
vn 0.010606 0.987585 0.156728
vn -0.023754 0.996577 0.079181
vn -0.570129 0.821501 0.009430
vn -0.557573 0.829267 -0.037794
vn -0.010867 -0.999285 -0.036225
vn 0.043073 -0.770052 -0.636525
vn 0.273510 -0.961691 -0.018539
vn 0.380406 -0.924798 0.006292
vn 0.023178 -0.996742 0.077260
vn -0.010844 -0.987017 0.160252
vn -0.458462 -0.888170 0.031076
vn -0.633496 -0.773675 -0.010478
vn -0.168685 -0.077770 -0.982597
vn 0.056193 -0.039587 -0.997635
vn 0.993714 -0.097804 -0.054462
vn 0.999338 -0.032307 0.016725
vn 0.168685 -0.077770 0.982597
vn -0.056193 -0.039587 0.997635
vn -0.993714 -0.097804 0.054462
vn -0.999338 -0.032307 -0.016725
vn -0.056193 0.039587 -0.997635
vn 0.168685 0.077770 -0.982597
vn 0.999338 0.032307 -0.016725
vn 0.993714 0.097804 0.054462
vn 0.056193 0.039587 0.997635
vn -0.168685 0.077770 0.982597
vn -0.999338 0.032307 0.016725
vn -0.993714 0.097804 -0.054462
vn -0.005220 0.997007 -0.077133
vn 0.156000 0.839800 -0.520000
vn 0.412014 0.911152 -0.006815
vn 0.244451 0.969520 0.016569
vn 0.010606 0.987585 0.156728
vn -0.023754 0.996577 0.079181
vn -0.570129 0.821501 0.009430
vn -0.557573 0.829267 -0.037794
vn -0.011237 -0.998926 -0.044946
vn 0.036457 -0.770856 -0.635966
vn 0.237889 -0.971082 -0.020198
vn 0.348110 -0.937426 0.007169
vn 0.022912 -0.995528 0.091648
vn -0.010607 -0.982675 0.185032
vn -0.456586 -0.888834 0.038767
vn -0.633760 -0.773419 -0.013052
vn -0.133316 -0.223541 -0.965534
vn 0.056938 -0.117491 -0.991440
vn 0.965620 -0.253781 -0.056333
vn 0.994518 -0.101828 0.023760
vn 0.133316 -0.223541 0.965534
vn -0.056938 -0.117491 0.991440
vn -0.965620 -0.253781 0.056333
vn -0.994518 -0.101828 -0.023760
vn -0.056938 0.117491 -0.991440
vn 0.133316 0.223541 -0.965534
vn 0.994518 0.101828 -0.023760
vn 0.965620 0.253781 0.056333
vn 0.056938 0.117491 0.991440
vn -0.133316 0.223541 0.965534
vn -0.994518 0.101828 0.023760
vn -0.965620 0.253781 -0.056333
vn -0.005346 0.995628 -0.093255
vn 0.132080 0.838709 -0.528320
vn 0.374659 0.927131 -0.007716
vn 0.215431 0.976348 0.018291
vn 0.010316 0.983619 0.179965
vn -0.023640 0.995238 0.094559
vn -0.570711 0.821067 0.011754
vn -0.554930 0.830562 -0.047117
vn -0.011237 -0.998926 -0.044946
vn 0.036457 -0.770856 -0.635966
vn 0.237889 -0.971082 -0.020198
vn 0.348110 -0.937426 0.007169
vn 0.022912 -0.995528 0.091648
vn -0.010607 -0.982675 0.185032
vn -0.456586 -0.888834 0.038767
vn -0.633760 -0.773419 -0.013052
vn -0.133316 -0.223541 -0.965534
vn 0.056938 -0.117491 -0.991440
vn 0.965620 -0.253781 -0.056333
vn 0.994518 -0.101828 0.023760
vn 0.133316 -0.223541 0.965534
vn -0.056938 -0.117491 0.991440
vn -0.965620 -0.253781 0.056333
vn -0.994518 -0.101828 -0.023760
vn -0.056938 0.117491 -0.991440
vn 0.133316 0.223541 -0.965534
vn 0.994518 0.101828 -0.023760
vn 0.965620 0.253781 0.056333
vn 0.056938 0.117491 0.991440
vn -0.133316 0.223541 0.965534
vn -0.994518 0.101828 0.023760
vn -0.965620 0.253781 -0.056333
vn -0.005346 0.995628 -0.093255
vn 0.132080 0.838709 -0.528320
vn 0.374659 0.927131 -0.007716
vn 0.215431 0.976348 0.018291
vn 0.010316 0.983619 0.179965
vn -0.023640 0.995238 0.094559
vn -0.570711 0.821067 0.011754
vn -0.554930 0.830562 -0.047117
vn -0.011237 -0.998926 -0.044946
vn 0.036457 -0.770856 -0.635966
vn 0.237889 -0.971082 -0.020198
vn 0.348110 -0.937426 0.007169
vn 0.022912 -0.995528 0.091648
vn -0.010607 -0.982675 0.185032
vn -0.456586 -0.888834 0.038767
vn -0.633760 -0.773419 -0.013052
vn -0.133316 -0.223541 -0.965534
vn 0.056938 -0.117491 -0.991440
vn 0.965620 -0.253781 -0.056333
vn 0.994518 -0.101828 0.023760
vn 0.133316 -0.223541 0.965534
vn -0.056938 -0.117491 0.991440
vn -0.965620 -0.253781 0.056333
vn -0.994518 -0.101828 -0.023760
vn -0.056938 0.117491 -0.991440
vn 0.133316 0.223541 -0.965534
vn 0.994518 0.101828 -0.023760
vn 0.965620 0.253781 0.056333
vn 0.056938 0.117491 0.991440
vn -0.133316 0.223541 0.965534
vn -0.994518 0.101828 0.023760
vn -0.965620 0.253781 -0.056333
vn -0.005346 0.995628 -0.093255
vn 0.132080 0.838709 -0.528320
vn 0.374659 0.927131 -0.007716
vn 0.215431 0.976348 0.018291
vn 0.010316 0.983619 0.179965
vn -0.023640 0.995238 0.094559
vn -0.570711 0.821067 0.011754
vn -0.554930 0.830562 -0.047117
vn -0.011237 -0.998926 -0.044946
vn 0.036457 -0.770856 -0.635966
vn 0.237889 -0.971082 -0.020198
vn 0.348110 -0.937426 0.007169
vn 0.022912 -0.995528 0.091648
vn -0.010607 -0.982675 0.185032
vn -0.456586 -0.888834 0.038767
vn -0.633760 -0.773419 -0.013052
vn -0.133316 -0.223541 -0.965534
vn 0.056938 -0.117491 -0.991440
vn 0.965620 -0.253781 -0.056333
vn 0.994518 -0.101828 0.023760
vn 0.133316 -0.223541 0.965534
vn -0.056938 -0.117491 0.991440
vn -0.965620 -0.253781 0.056333
vn -0.994518 -0.101828 -0.023760
vn -0.056938 0.117491 -0.991440
vn 0.133316 0.223541 -0.965534
vn 0.994518 0.101828 -0.023760
vn 0.965620 0.253781 0.056333
vn 0.056938 0.117491 0.991440
vn -0.133316 0.223541 0.965534
vn -0.994518 0.101828 0.023760
vn -0.965620 0.253781 -0.056333
vn -0.005346 0.995628 -0.093255
vn 0.132080 0.838709 -0.528320
vn 0.374659 0.927131 -0.007716
vn 0.215431 0.976348 0.018291
vn 0.010316 0.983619 0.179965
vn -0.023640 0.995238 0.094559
vn -0.570711 0.821067 0.011754
vn -0.554930 0.830562 -0.047117
vn -0.011237 -0.998926 -0.044946
vn 0.036457 -0.770856 -0.635966
vn 0.237889 -0.971082 -0.020198
vn 0.348110 -0.937426 0.007169
vn 0.022912 -0.995528 0.091648
vn -0.010607 -0.982675 0.185032
vn -0.456586 -0.888834 0.038767
vn -0.633760 -0.773419 -0.013052
vn -0.133316 -0.223541 -0.965534
vn 0.056938 -0.117491 -0.991440
vn 0.965620 -0.253781 -0.056333
vn 0.994518 -0.101828 0.023760
vn 0.133316 -0.223541 0.965534
vn -0.056938 -0.117491 0.991440
vn -0.965620 -0.253781 0.056333
vn -0.994518 -0.101828 -0.023760
vn -0.056938 0.117491 -0.991440
vn 0.133316 0.223541 -0.965534
vn 0.994518 0.101828 -0.023760
vn 0.965620 0.253781 0.056333
vn 0.056938 0.117491 0.991440
vn -0.133316 0.223541 0.965534
vn -0.994518 0.101828 0.023760
vn -0.965620 0.253781 -0.056333
vn -0.005346 0.995628 -0.093255
vn 0.132080 0.838709 -0.528320
vn 0.374659 0.927131 -0.007716
vn 0.215431 0.976348 0.018291
vn 0.010316 0.983619 0.179965
vn -0.023640 0.995238 0.094559
vn -0.570711 0.821067 0.011754
vn -0.554930 0.830562 -0.047117
vn -0.011237 -0.998926 -0.044946
vn 0.036457 -0.770856 -0.635966
vn 0.237889 -0.971082 -0.020198
vn 0.348110 -0.937426 0.007169
vn 0.022912 -0.995528 0.091648
vn -0.010607 -0.982675 0.185032
vn -0.456586 -0.888834 0.038767
vn -0.633760 -0.773419 -0.013052
vn -0.133316 -0.223541 -0.965534
vn 0.056938 -0.117491 -0.991440
vn 0.965620 -0.253781 -0.056333
vn 0.994518 -0.101828 0.023760
vn 0.133316 -0.223541 0.965534
vn -0.056938 -0.117491 0.991440
vn -0.965620 -0.253781 0.056333
vn -0.994518 -0.101828 -0.023760
vn -0.056938 0.117491 -0.991440
vn 0.133316 0.223541 -0.965534
vn 0.994518 0.101828 -0.023760
vn 0.965620 0.253781 0.056333
vn 0.056938 0.117491 0.991440
vn -0.133316 0.223541 0.965534
vn -0.994518 0.101828 0.023760
vn -0.965620 0.253781 -0.056333
vn -0.005346 0.995628 -0.093255
vn 0.132080 0.838709 -0.528320
vn 0.374659 0.927131 -0.007716
vn 0.215431 0.976348 0.018291
vn 0.010316 0.983619 0.179965
vn -0.023640 0.995238 0.094559
vn -0.570711 0.821067 0.011754
vn -0.554930 0.830562 -0.047117
f 1/1/1 9/9/9 2/2/2
f 2/2/2 9/9/9 10/10/10
f 2/2/2 10/10/10 3/3/3
f 3/3/3 10/10/10 11/11/11
f 3/3/3 11/11/11 4/4/4
f 4/4/4 11/11/11 12/12/12
f 4/4/4 12/12/12 5/5/5
f 5/5/5 12/12/12 13/13/13
f 5/5/5 13/13/13 6/6/6
f 6/6/6 13/13/13 14/14/14
f 6/6/6 14/14/14 7/7/7
f 7/7/7 14/14/14 15/15/15
f 7/7/7 15/15/15 8/8/8
f 8/8/8 15/15/15 16/16/16
f 8/8/8 16/16/16 1/1/1
f 1/1/1 16/16/16 9/9/9
f 9/9/9 17/17/17 10/10/10
f 10/10/10 17/17/17 18/18/18
f 10/10/10 18/18/18 11/11/11
f 11/11/11 18/18/18 19/19/19
f 11/11/11 19/19/19 12/12/12
f 12/12/12 19/19/19 20/20/20
f 12/12/12 20/20/20 13/13/13
f 13/13/13 20/20/20 21/21/21
f 13/13/13 21/21/21 14/14/14
f 14/14/14 21/21/21 22/22/22
f 14/14/14 22/22/22 15/15/15
f 15/15/15 22/22/22 23/23/23
f 15/15/15 23/23/23 16/16/16
f 16/16/16 23/23/23 24/24/24
f 16/16/16 24/24/24 9/9/9
f 9/9/9 24/24/24 17/17/17
f 17/17/17 25/25/25 18/18/18
f 18/18/18 25/25/25 26/26/26
f 18/18/18 26/26/26 19/19/19
f 19/19/19 26/26/26 27/27/27
f 19/19/19 27/27/27 20/20/20
f 20/20/20 27/27/27 28/28/28
f 20/20/20 28/28/28 21/21/21
f 21/21/21 28/28/28 29/29/29
f 21/21/21 29/29/29 22/22/22
f 22/22/22 29/29/29 30/30/30
f 22/22/22 30/30/30 23/23/23
f 23/23/23 30/30/30 31/31/31
f 23/23/23 31/31/31 24/24/24
f 24/24/24 31/31/31 32/32/32
f 24/24/24 32/32/32 17/17/17
f 17/17/17 32/32/32 25/25/25
f 1/1/1 2/2/2 3/3/3
f 1/1/1 3/3/3 4/4/4
f 1/1/1 4/4/4 5/5/5
f 1/1/1 5/5/5 6/6/6
f 1/1/1 6/6/6 7/7/7
f 1/1/1 7/7/7 8/8/8
f 27/27/27 26/26/26 25/25/25
f 28/28/28 27/27/27 25/25/25
f 29/29/29 28/28/28 25/25/25
f 30/30/30 29/29/29 25/25/25
f 31/31/31 30/30/30 25/25/25
f 32/32/32 31/31/31 25/25/25
f 33/33/33 41/41/41 34/34/34
f 34/34/34 41/41/41 42/42/42
f 34/34/34 42/42/42 35/35/35
f 35/35/35 42/42/42 43/43/43
f 35/35/35 43/43/43 36/36/36
f 36/36/36 43/43/43 44/44/44
f 36/36/36 44/44/44 37/37/37
f 37/37/37 44/44/44 45/45/45
f 37/37/37 45/45/45 38/38/38
f 38/38/38 45/45/45 46/46/46
f 38/38/38 46/46/46 39/39/39
f 39/39/39 46/46/46 47/47/47
f 39/39/39 47/47/47 40/40/40
f 40/40/40 47/47/47 48/48/48
f 40/40/40 48/48/48 33/33/33
f 33/33/33 48/48/48 41/41/41
f 41/41/41 49/49/49 42/42/42
f 42/42/42 49/49/49 50/50/50
f 42/42/42 50/50/50 43/43/43
f 43/43/43 50/50/50 51/51/51
f 43/43/43 51/51/51 44/44/44
f 44/44/44 51/51/51 52/52/52
f 44/44/44 52/52/52 45/45/45
f 45/45/45 52/52/52 53/53/53
f 45/45/45 53/53/53 46/46/46
f 46/46/46 53/53/53 54/54/54
f 46/46/46 54/54/54 47/47/47
f 47/47/47 54/54/54 55/55/55
f 47/47/47 55/55/55 48/48/48
f 48/48/48 55/55/55 56/56/56
f 48/48/48 56/56/56 41/41/41
f 41/41/41 56/56/56 49/49/49
f 49/49/49 57/57/57 50/50/50
f 50/50/50 57/57/57 58/58/58
f 50/50/50 58/58/58 51/51/51
f 51/51/51 58/58/58 59/59/59
f 51/51/51 59/59/59 52/52/52
f 52/52/52 59/59/59 60/60/60
f 52/52/52 60/60/60 53/53/53
f 53/53/53 60/60/60 61/61/61
f 53/53/53 61/61/61 54/54/54
f 54/54/54 61/61/61 62/62/62
f 54/54/54 62/62/62 55/55/55
f 55/55/55 62/62/62 63/63/63
f 55/55/55 63/63/63 56/56/56
f 56/56/56 63/63/63 64/64/64
f 56/56/56 64/64/64 49/49/49
f 49/49/49 64/64/64 57/57/57
f 33/33/33 34/34/34 35/35/35
f 33/33/33 35/35/35 36/36/36
f 33/33/33 36/36/36 37/37/37
f 33/33/33 37/37/37 38/38/38
f 33/33/33 38/38/38 39/39/39
f 33/33/33 39/39/39 40/40/40
f 59/59/59 58/58/58 57/57/57
f 60/60/60 59/59/59 57/57/57
f 61/61/61 60/60/60 57/57/57
f 62/62/62 61/61/61 57/57/57
f 63/63/63 62/62/62 57/57/57
f 64/64/64 63/63/63 57/57/57
f 65/65/65 73/73/73 66/66/66
f 66/66/66 73/73/73 74/74/74
f 66/66/66 74/74/74 67/67/67
f 67/67/67 74/74/74 75/75/75
f 67/67/67 75/75/75 68/68/68
f 68/68/68 75/75/75 76/76/76
f 68/68/68 76/76/76 69/69/69
f 69/69/69 76/76/76 77/77/77
f 69/69/69 77/77/77 70/70/70
f 70/70/70 77/77/77 78/78/78
f 70/70/70 78/78/78 71/71/71
f 71/71/71 78/78/78 79/79/79
f 71/71/71 79/79/79 72/72/72
f 72/72/72 79/79/79 80/80/80
f 72/72/72 80/80/80 65/65/65
f 65/65/65 80/80/80 73/73/73
f 73/73/73 81/81/81 74/74/74
f 74/74/74 81/81/81 82/82/82
f 74/74/74 82/82/82 75/75/75
f 75/75/75 82/82/82 83/83/83
f 75/75/75 83/83/83 76/76/76
f 76/76/76 83/83/83 84/84/84
f 76/76/76 84/84/84 77/77/77
f 77/77/77 84/84/84 85/85/85
f 77/77/77 85/85/85 78/78/78
f 78/78/78 85/85/85 86/86/86
f 78/78/78 86/86/86 79/79/79
f 79/79/79 86/86/86 87/87/87
f 79/79/79 87/87/87 80/80/80
f 80/80/80 87/87/87 88/88/88
f 80/80/80 88/88/88 73/73/73
f 73/73/73 88/88/88 81/81/81
f 81/81/81 89/89/89 82/82/82
f 82/82/82 89/89/89 90/90/90
f 82/82/82 90/90/90 83/83/83
f 83/83/83 90/90/90 91/91/91
f 83/83/83 91/91/91 84/84/84
f 84/84/84 91/91/91 92/92/92
f 84/84/84 92/92/92 85/85/85
f 85/85/85 92/92/92 93/93/93
f 85/85/85 93/93/93 86/86/86
f 86/86/86 93/93/93 94/94/94
f 86/86/86 94/94/94 87/87/87
f 87/87/87 94/94/94 95/95/95
f 87/87/87 95/95/95 88/88/88
f 88/88/88 95/95/95 96/96/96
f 88/88/88 96/96/96 81/81/81
f 81/81/81 96/96/96 89/89/89
f 65/65/65 66/66/66 67/67/67
f 65/65/65 67/67/67 68/68/68
f 65/65/65 68/68/68 69/69/69
f 65/65/65 69/69/69 70/70/70
f 65/65/65 70/70/70 71/71/71
f 65/65/65 71/71/71 72/72/72
f 91/91/91 90/90/90 89/89/89
f 92/92/92 91/91/91 89/89/89
f 93/93/93 92/92/92 89/89/89
f 94/94/94 93/93/93 89/89/89
f 95/95/95 94/94/94 89/89/89
f 96/96/96 95/95/95 89/89/89
f 97/97/97 105/105/105 98/98/98
f 98/98/98 105/105/105 106/106/106
f 98/98/98 106/106/106 99/99/99
f 99/99/99 106/106/106 107/107/107
f 99/99/99 107/107/107 100/100/100
f 100/100/100 107/107/107 108/108/108
f 100/100/100 108/108/108 101/101/101
f 101/101/101 108/108/108 109/109/109
f 101/101/101 109/109/109 102/102/102
f 102/102/102 109/109/109 110/110/110
f 102/102/102 110/110/110 103/103/103
f 103/103/103 110/110/110 111/111/111
f 103/103/103 111/111/111 104/104/104
f 104/104/104 111/111/111 112/112/112
f 104/104/104 112/112/112 97/97/97
f 97/97/97 112/112/112 105/105/105
f 105/105/105 113/113/113 106/106/106
f 106/106/106 113/113/113 114/114/114
f 106/106/106 114/114/114 107/107/107
f 107/107/107 114/114/114 115/115/115
f 107/107/107 115/115/115 108/108/108
f 108/108/108 115/115/115 116/116/116
f 108/108/108 116/116/116 109/109/109
f 109/109/109 116/116/116 117/117/117
f 109/109/109 117/117/117 110/110/110
f 110/110/110 117/117/117 118/118/118
f 110/110/110 118/118/118 111/111/111
f 111/111/111 118/118/118 119/119/119
f 111/111/111 119/119/119 112/112/112
f 112/112/112 119/119/119 120/120/120
f 112/112/112 120/120/120 105/105/105
f 105/105/105 120/120/120 113/113/113
f 113/113/113 121/121/121 114/114/114
f 114/114/114 121/121/121 122/122/122
f 114/114/114 122/122/122 115/115/115
f 115/115/115 122/122/122 123/123/123
f 115/115/115 123/123/123 116/116/116
f 116/116/116 123/123/123 124/124/124
f 116/116/116 124/124/124 117/117/117
f 117/117/117 124/124/124 125/125/125
f 117/117/117 125/125/125 118/118/118
f 118/118/118 125/125/125 126/126/126
f 118/118/118 126/126/126 119/119/119
f 119/119/119 126/126/126 127/127/127
f 119/119/119 127/127/127 120/120/120
f 120/120/120 127/127/127 128/128/128
f 120/120/120 128/128/128 113/113/113
f 113/113/113 128/128/128 121/121/121
f 97/97/97 98/98/98 99/99/99
f 97/97/97 99/99/99 100/100/100
f 97/97/97 100/100/100 101/101/101
f 97/97/97 101/101/101 102/102/102
f 97/97/97 102/102/102 103/103/103
f 97/97/97 103/103/103 104/104/104
f 123/123/123 122/122/122 121/121/121
f 124/124/124 123/123/123 121/121/121
f 125/125/125 124/124/124 121/121/121
f 126/126/126 125/125/125 121/121/121
f 127/127/127 126/126/126 121/121/121
f 128/128/128 127/127/127 121/121/121
f 129/129/129 137/137/137 130/130/130
f 130/130/130 137/137/137 138/138/138
f 130/130/130 138/138/138 131/131/131
f 131/131/131 138/138/138 139/139/139
f 131/131/131 139/139/139 132/132/132
f 132/132/132 139/139/139 140/140/140
f 132/132/132 140/140/140 133/133/133
f 133/133/133 140/140/140 141/141/141
f 133/133/133 141/141/141 134/134/134
f 134/134/134 141/141/141 142/142/142
f 134/134/134 142/142/142 135/135/135
f 135/135/135 142/142/142 143/143/143
f 135/135/135 143/143/143 136/136/136
f 136/136/136 143/143/143 144/144/144
f 136/136/136 144/144/144 129/129/129
f 129/129/129 144/144/144 137/137/137
f 137/137/137 145/145/145 138/138/138
f 138/138/138 145/145/145 146/146/146
f 138/138/138 146/146/146 139/139/139
f 139/139/139 146/146/146 147/147/147
f 139/139/139 147/147/147 140/140/140
f 140/140/140 147/147/147 148/148/148
f 140/140/140 148/148/148 141/141/141
f 141/141/141 148/148/148 149/149/149
f 141/141/141 149/149/149 142/142/142
f 142/142/142 149/149/149 150/150/150
f 142/142/142 150/150/150 143/143/143
f 143/143/143 150/150/150 151/151/151
f 143/143/143 151/151/151 144/144/144
f 144/144/144 151/151/151 152/152/152
f 144/144/144 152/152/152 137/137/137
f 137/137/137 152/152/152 145/145/145
f 145/145/145 153/153/153 146/146/146
f 146/146/146 153/153/153 154/154/154
f 146/146/146 154/154/154 147/147/147
f 147/147/147 154/154/154 155/155/155
f 147/147/147 155/155/155 148/148/148
f 148/148/148 155/155/155 156/156/156
f 148/148/148 156/156/156 149/149/149
f 149/149/149 156/156/156 157/157/157
f 149/149/149 157/157/157 150/150/150
f 150/150/150 157/157/157 158/158/158
f 150/150/150 158/158/158 151/151/151
f 151/151/151 158/158/158 159/159/159
f 151/151/151 159/159/159 152/152/152
f 152/152/152 159/159/159 160/160/160
f 152/152/152 160/160/160 145/145/145
f 145/145/145 160/160/160 153/153/153
f 129/129/129 130/130/130 131/131/131
f 129/129/129 131/131/131 132/132/132
f 129/129/129 132/132/132 133/133/133
f 129/129/129 133/133/133 134/134/134
f 129/129/129 134/134/134 135/135/135
f 129/129/129 135/135/135 136/136/136
f 155/155/155 154/154/154 153/153/153
f 156/156/156 155/155/155 153/153/153
f 157/157/157 156/156/156 153/153/153
f 158/158/158 157/157/157 153/153/153
f 159/159/159 158/158/158 153/153/153
f 160/160/160 159/159/159 153/153/153
f 161/161/161 169/169/169 162/162/162
f 162/162/162 169/169/169 170/170/170
f 162/162/162 170/170/170 163/163/163
f 163/163/163 170/170/170 171/171/171
f 163/163/163 171/171/171 164/164/164
f 164/164/164 171/171/171 172/172/172
f 164/164/164 172/172/172 165/165/165
f 165/165/165 172/172/172 173/173/173
f 165/165/165 173/173/173 166/166/166
f 166/166/166 173/173/173 174/174/174
f 166/166/166 174/174/174 167/167/167
f 167/167/167 174/174/174 175/175/175
f 167/167/167 175/175/175 168/168/168
f 168/168/168 175/175/175 176/176/176
f 168/168/168 176/176/176 161/161/161
f 161/161/161 176/176/176 169/169/169
f 169/169/169 177/177/177 170/170/170
f 170/170/170 177/177/177 178/178/178
f 170/170/170 178/178/178 171/171/171
f 171/171/171 178/178/178 179/179/179
f 171/171/171 179/179/179 172/172/172
f 172/172/172 179/179/179 180/180/180
f 172/172/172 180/180/180 173/173/173
f 173/173/173 180/180/180 181/181/181
f 173/173/173 181/181/181 174/174/174
f 174/174/174 181/181/181 182/182/182
f 174/174/174 182/182/182 175/175/175
f 175/175/175 182/182/182 183/183/183
f 175/175/175 183/183/183 176/176/176
f 176/176/176 183/183/183 184/184/184
f 176/176/176 184/184/184 169/169/169
f 169/169/169 184/184/184 177/177/177
f 177/177/177 185/185/185 178/178/178
f 178/178/178 185/185/185 186/186/186
f 178/178/178 186/186/186 179/179/179
f 179/179/179 186/186/186 187/187/187
f 179/179/179 187/187/187 180/180/180
f 180/180/180 187/187/187 188/188/188
f 180/180/180 188/188/188 181/181/181
f 181/181/181 188/188/188 189/189/189
f 181/181/181 189/189/189 182/182/182
f 182/182/182 189/189/189 190/190/190
f 182/182/182 190/190/190 183/183/183
f 183/183/183 190/190/190 191/191/191
f 183/183/183 191/191/191 184/184/184
f 184/184/184 191/191/191 192/192/192
f 184/184/184 192/192/192 177/177/177
f 177/177/177 192/192/192 185/185/185
f 161/161/161 162/162/162 163/163/163
f 161/161/161 163/163/163 164/164/164
f 161/161/161 164/164/164 165/165/165
f 161/161/161 165/165/165 166/166/166
f 161/161/161 166/166/166 167/167/167
f 161/161/161 167/167/167 168/168/168
f 187/187/187 186/186/186 185/185/185
f 188/188/188 187/187/187 185/185/185
f 189/189/189 188/188/188 185/185/185
f 190/190/190 189/189/189 185/185/185
f 191/191/191 190/190/190 185/185/185
f 192/192/192 191/191/191 185/185/185
f 193/193/193 201/201/201 194/194/194
f 194/194/194 201/201/201 202/202/202
f 194/194/194 202/202/202 195/195/195
f 195/195/195 202/202/202 203/203/203
f 195/195/195 203/203/203 196/196/196
f 196/196/196 203/203/203 204/204/204
f 196/196/196 204/204/204 197/197/197
f 197/197/197 204/204/204 205/205/205
f 197/197/197 205/205/205 198/198/198
f 198/198/198 205/205/205 206/206/206
f 198/198/198 206/206/206 199/199/199
f 199/199/199 206/206/206 207/207/207
f 199/199/199 207/207/207 200/200/200
f 200/200/200 207/207/207 208/208/208
f 200/200/200 208/208/208 193/193/193
f 193/193/193 208/208/208 201/201/201
f 201/201/201 209/209/209 202/202/202
f 202/202/202 209/209/209 210/210/210
f 202/202/202 210/210/210 203/203/203
f 203/203/203 210/210/210 211/211/211
f 203/203/203 211/211/211 204/204/204
f 204/204/204 211/211/211 212/212/212
f 204/204/204 212/212/212 205/205/205
f 205/205/205 212/212/212 213/213/213
f 205/205/205 213/213/213 206/206/206
f 206/206/206 213/213/213 214/214/214
f 206/206/206 214/214/214 207/207/207
f 207/207/207 214/214/214 215/215/215
f 207/207/207 215/215/215 208/208/208
f 208/208/208 215/215/215 216/216/216
f 208/208/208 216/216/216 201/201/201
f 201/201/201 216/216/216 209/209/209
f 209/209/209 217/217/217 210/210/210
f 210/210/210 217/217/217 218/218/218
f 210/210/210 218/218/218 211/211/211
f 211/211/211 218/218/218 219/219/219
f 211/211/211 219/219/219 212/212/212
f 212/212/212 219/219/219 220/220/220
f 212/212/212 220/220/220 213/213/213
f 213/213/213 220/220/220 221/221/221
f 213/213/213 221/221/221 214/214/214
f 214/214/214 221/221/221 222/222/222
f 214/214/214 222/222/222 215/215/215
f 215/215/215 222/222/222 223/223/223
f 215/215/215 223/223/223 216/216/216
f 216/216/216 223/223/223 224/224/224
f 216/216/216 224/224/224 209/209/209
f 209/209/209 224/224/224 217/217/217
f 193/193/193 194/194/194 195/195/195
f 193/193/193 195/195/195 196/196/196
f 193/193/193 196/196/196 197/197/197
f 193/193/193 197/197/197 198/198/198
f 193/193/193 198/198/198 199/199/199
f 193/193/193 199/199/199 200/200/200
f 219/219/219 218/218/218 217/217/217
f 220/220/220 219/219/219 217/217/217
f 221/221/221 220/220/220 217/217/217
f 222/222/222 221/221/221 217/217/217
f 223/223/223 222/222/222 217/217/217
f 224/224/224 223/223/223 217/217/217
f 225/225/225 233/233/233 226/226/226
f 226/226/226 233/233/233 234/234/234
f 226/226/226 234/234/234 227/227/227
f 227/227/227 234/234/234 235/235/235
f 227/227/227 235/235/235 228/228/228
f 228/228/228 235/235/235 236/236/236
f 228/228/228 236/236/236 229/229/229
f 229/229/229 236/236/236 237/237/237
f 229/229/229 237/237/237 230/230/230
f 230/230/230 237/237/237 238/238/238
f 230/230/230 238/238/238 231/231/231
f 231/231/231 238/238/238 239/239/239
f 231/231/231 239/239/239 232/232/232
f 232/232/232 239/239/239 240/240/240
f 232/232/232 240/240/240 225/225/225
f 225/225/225 240/240/240 233/233/233
f 233/233/233 241/241/241 234/234/234
f 234/234/234 241/241/241 242/242/242
f 234/234/234 242/242/242 235/235/235
f 235/235/235 242/242/242 243/243/243
f 235/235/235 243/243/243 236/236/236
f 236/236/236 243/243/243 244/244/244
f 236/236/236 244/244/244 237/237/237
f 237/237/237 244/244/244 245/245/245
f 237/237/237 245/245/245 238/238/238
f 238/238/238 245/245/245 246/246/246
f 238/238/238 246/246/246 239/239/239
f 239/239/239 246/246/246 247/247/247
f 239/239/239 247/247/247 240/240/240
f 240/240/240 247/247/247 248/248/248
f 240/240/240 248/248/248 233/233/233
f 233/233/233 248/248/248 241/241/241
f 241/241/241 249/249/249 242/242/242
f 242/242/242 249/249/249 250/250/250
f 242/242/242 250/250/250 243/243/243
f 243/243/243 250/250/250 251/251/251
f 243/243/243 251/251/251 244/244/244
f 244/244/244 251/251/251 252/252/252
f 244/244/244 252/252/252 245/245/245
f 245/245/245 252/252/252 253/253/253
f 245/245/245 253/253/253 246/246/246
f 246/246/246 253/253/253 254/254/254
f 246/246/246 254/254/254 247/247/247
f 247/247/247 254/254/254 255/255/255
f 247/247/247 255/255/255 248/248/248
f 248/248/248 255/255/255 256/256/256
f 248/248/248 256/256/256 241/241/241
f 241/241/241 256/256/256 249/249/249
f 225/225/225 226/226/226 227/227/227
f 225/225/225 227/227/227 228/228/228
f 225/225/225 228/228/228 229/229/229
f 225/225/225 229/229/229 230/230/230
f 225/225/225 230/230/230 231/231/231
f 225/225/225 231/231/231 232/232/232
f 251/251/251 250/250/250 249/249/249
f 252/252/252 251/251/251 249/249/249
f 253/253/253 252/252/252 249/249/249
f 254/254/254 253/253/253 249/249/249
f 255/255/255 254/254/254 249/249/249
f 256/256/256 255/255/255 249/249/249
f 257/257/257 265/265/265 258/258/258
f 258/258/258 265/265/265 266/266/266
f 258/258/258 266/266/266 259/259/259
f 259/259/259 266/266/266 267/267/267
f 259/259/259 267/267/267 260/260/260
f 260/260/260 267/267/267 268/268/268
f 260/260/260 268/268/268 261/261/261
f 261/261/261 268/268/268 269/269/269
f 261/261/261 269/269/269 262/262/262
f 262/262/262 269/269/269 270/270/270
f 262/262/262 270/270/270 263/263/263
f 263/263/263 270/270/270 271/271/271
f 263/263/263 271/271/271 264/264/264
f 264/264/264 271/271/271 272/272/272
f 264/264/264 272/272/272 257/257/257
f 257/257/257 272/272/272 265/265/265
f 265/265/265 273/273/273 266/266/266
f 266/266/266 273/273/273 274/274/274
f 266/266/266 274/274/274 267/267/267
f 267/267/267 274/274/274 275/275/275
f 267/267/267 275/275/275 268/268/268
f 268/268/268 275/275/275 276/276/276
f 268/268/268 276/276/276 269/269/269
f 269/269/269 276/276/276 277/277/277
f 269/269/269 277/277/277 270/270/270
f 270/270/270 277/277/277 278/278/278
f 270/270/270 278/278/278 271/271/271
f 271/271/271 278/278/278 279/279/279
f 271/271/271 279/279/279 272/272/272
f 272/272/272 279/279/279 280/280/280
f 272/272/272 280/280/280 265/265/265
f 265/265/265 280/280/280 273/273/273
f 273/273/273 281/281/281 274/274/274
f 274/274/274 281/281/281 282/282/282
f 274/274/274 282/282/282 275/275/275
f 275/275/275 282/282/282 283/283/283
f 275/275/275 283/283/283 276/276/276
f 276/276/276 283/283/283 284/284/284
f 276/276/276 284/284/284 277/277/277
f 277/277/277 284/284/284 285/285/285
f 277/277/277 285/285/285 278/278/278
f 278/278/278 285/285/285 286/286/286
f 278/278/278 286/286/286 279/279/279
f 279/279/279 286/286/286 287/287/287
f 279/279/279 287/287/287 280/280/280
f 280/280/280 287/287/287 288/288/288
f 280/280/280 288/288/288 273/273/273
f 273/273/273 288/288/288 281/281/281
f 257/257/257 258/258/258 259/259/259
f 257/257/257 259/259/259 260/260/260
f 257/257/257 260/260/260 261/261/261
f 257/257/257 261/261/261 262/262/262
f 257/257/257 262/262/262 263/263/263
f 257/257/257 263/263/263 264/264/264
f 283/283/283 282/282/282 281/281/281
f 284/284/284 283/283/283 281/281/281
f 285/285/285 284/284/284 281/281/281
f 286/286/286 285/285/285 281/281/281
f 287/287/287 286/286/286 281/281/281
f 288/288/288 287/287/287 281/281/281
f 289/289/289 297/297/297 290/290/290
f 290/290/290 297/297/297 298/298/298
f 290/290/290 298/298/298 291/291/291
f 291/291/291 298/298/298 299/299/299
f 291/291/291 299/299/299 292/292/292
f 292/292/292 299/299/299 300/300/300
f 292/292/292 300/300/300 293/293/293
f 293/293/293 300/300/300 301/301/301
f 293/293/293 301/301/301 294/294/294
f 294/294/294 301/301/301 302/302/302
f 294/294/294 302/302/302 295/295/295
f 295/295/295 302/302/302 303/303/303
f 295/295/295 303/303/303 296/296/296
f 296/296/296 303/303/303 304/304/304
f 296/296/296 304/304/304 289/289/289
f 289/289/289 304/304/304 297/297/297
f 297/297/297 305/305/305 298/298/298
f 298/298/298 305/305/305 306/306/306
f 298/298/298 306/306/306 299/299/299
f 299/299/299 306/306/306 307/307/307
f 299/299/299 307/307/307 300/300/300
f 300/300/300 307/307/307 308/308/308
f 300/300/300 308/308/308 301/301/301
f 301/301/301 308/308/308 309/309/309
f 301/301/301 309/309/309 302/302/302
f 302/302/302 309/309/309 310/310/310
f 302/302/302 310/310/310 303/303/303
f 303/303/303 310/310/310 311/311/311
f 303/303/303 311/311/311 304/304/304
f 304/304/304 311/311/311 312/312/312
f 304/304/304 312/312/312 297/297/297
f 297/297/297 312/312/312 305/305/305
f 305/305/305 313/313/313 306/306/306
f 306/306/306 313/313/313 314/314/314
f 306/306/306 314/314/314 307/307/307
f 307/307/307 314/314/314 315/315/315
f 307/307/307 315/315/315 308/308/308
f 308/308/308 315/315/315 316/316/316
f 308/308/308 316/316/316 309/309/309
f 309/309/309 316/316/316 317/317/317
f 309/309/309 317/317/317 310/310/310
f 310/310/310 317/317/317 318/318/318
f 310/310/310 318/318/318 311/311/311
f 311/311/311 318/318/318 319/319/319
f 311/311/311 319/319/319 312/312/312
f 312/312/312 319/319/319 320/320/320
f 312/312/312 320/320/320 305/305/305
f 305/305/305 320/320/320 313/313/313
f 289/289/289 290/290/290 291/291/291
f 289/289/289 291/291/291 292/292/292
f 289/289/289 292/292/292 293/293/293
f 289/289/289 293/293/293 294/294/294
f 289/289/289 294/294/294 295/295/295
f 289/289/289 295/295/295 296/296/296
f 315/315/315 314/314/314 313/313/313
f 316/316/316 315/315/315 313/313/313
f 317/317/317 316/316/316 313/313/313
f 318/318/318 317/317/317 313/313/313
f 319/319/319 318/318/318 313/313/313
f 320/320/320 319/319/319 313/313/313
f 321/321/321 329/329/329 322/322/322
f 322/322/322 329/329/329 330/330/330
f 322/322/322 330/330/330 323/323/323
f 323/323/323 330/330/330 331/331/331
f 323/323/323 331/331/331 324/324/324
f 324/324/324 331/331/331 332/332/332
f 324/324/324 332/332/332 325/325/325
f 325/325/325 332/332/332 333/333/333
f 325/325/325 333/333/333 326/326/326
f 326/326/326 333/333/333 334/334/334
f 326/326/326 334/334/334 327/327/327
f 327/327/327 334/334/334 335/335/335
f 327/327/327 335/335/335 328/328/328
f 328/328/328 335/335/335 336/336/336
f 328/328/328 336/336/336 321/321/321
f 321/321/321 336/336/336 329/329/329
f 329/329/329 337/337/337 330/330/330
f 330/330/330 337/337/337 338/338/338
f 330/330/330 338/338/338 331/331/331
f 331/331/331 338/338/338 339/339/339
f 331/331/331 339/339/339 332/332/332
f 332/332/332 339/339/339 340/340/340
f 332/332/332 340/340/340 333/333/333
f 333/333/333 340/340/340 341/341/341
f 333/333/333 341/341/341 334/334/334
f 334/334/334 341/341/341 342/342/342
f 334/334/334 342/342/342 335/335/335
f 335/335/335 342/342/342 343/343/343
f 335/335/335 343/343/343 336/336/336
f 336/336/336 343/343/343 344/344/344
f 336/336/336 344/344/344 329/329/329
f 329/329/329 344/344/344 337/337/337
f 337/337/337 345/345/345 338/338/338
f 338/338/338 345/345/345 346/346/346
f 338/338/338 346/346/346 339/339/339
f 339/339/339 346/346/346 347/347/347
f 339/339/339 347/347/347 340/340/340
f 340/340/340 347/347/347 348/348/348
f 340/340/340 348/348/348 341/341/341
f 341/341/341 348/348/348 349/349/349
f 341/341/341 349/349/349 342/342/342
f 342/342/342 349/349/349 350/350/350
f 342/342/342 350/350/350 343/343/343
f 343/343/343 350/350/350 351/351/351
f 343/343/343 351/351/351 344/344/344
f 344/344/344 351/351/351 352/352/352
f 344/344/344 352/352/352 337/337/337
f 337/337/337 352/352/352 345/345/345
f 321/321/321 322/322/322 323/323/323
f 321/321/321 323/323/323 324/324/324
f 321/321/321 324/324/324 325/325/325
f 321/321/321 325/325/325 326/326/326
f 321/321/321 326/326/326 327/327/327
f 321/321/321 327/327/327 328/328/328
f 347/347/347 346/346/346 345/345/345
f 348/348/348 347/347/347 345/345/345
f 349/349/349 348/348/348 345/345/345
f 350/350/350 349/349/349 345/345/345
f 351/351/351 350/350/350 345/345/345
f 352/352/352 351/351/351 345/345/345
f 353/353/353 361/361/361 354/354/354
f 354/354/354 361/361/361 362/362/362
f 354/354/354 362/362/362 355/355/355
f 355/355/355 362/362/362 363/363/363
f 355/355/355 363/363/363 356/356/356
f 356/356/356 363/363/363 364/364/364
f 356/356/356 364/364/364 357/357/357
f 357/357/357 364/364/364 365/365/365
f 357/357/357 365/365/365 358/358/358
f 358/358/358 365/365/365 366/366/366
f 358/358/358 366/366/366 359/359/359
f 359/359/359 366/366/366 367/367/367
f 359/359/359 367/367/367 360/360/360
f 360/360/360 367/367/367 368/368/368
f 360/360/360 368/368/368 353/353/353
f 353/353/353 368/368/368 361/361/361
f 361/361/361 369/369/369 362/362/362
f 362/362/362 369/369/369 370/370/370
f 362/362/362 370/370/370 363/363/363
f 363/363/363 370/370/370 371/371/371
f 363/363/363 371/371/371 364/364/364
f 364/364/364 371/371/371 372/372/372
f 364/364/364 372/372/372 365/365/365
f 365/365/365 372/372/372 373/373/373
f 365/365/365 373/373/373 366/366/366
f 366/366/366 373/373/373 374/374/374
f 366/366/366 374/374/374 367/367/367
f 367/367/367 374/374/374 375/375/375
f 367/367/367 375/375/375 368/368/368
f 368/368/368 375/375/375 376/376/376
f 368/368/368 376/376/376 361/361/361
f 361/361/361 376/376/376 369/369/369
f 369/369/369 377/377/377 370/370/370
f 370/370/370 377/377/377 378/378/378
f 370/370/370 378/378/378 371/371/371
f 371/371/371 378/378/378 379/379/379
f 371/371/371 379/379/379 372/372/372
f 372/372/372 379/379/379 380/380/380
f 372/372/372 380/380/380 373/373/373
f 373/373/373 380/380/380 381/381/381
f 373/373/373 381/381/381 374/374/374
f 374/374/374 381/381/381 382/382/382
f 374/374/374 382/382/382 375/375/375
f 375/375/375 382/382/382 383/383/383
f 375/375/375 383/383/383 376/376/376
f 376/376/376 383/383/383 384/384/384
f 376/376/376 384/384/384 369/369/369
f 369/369/369 384/384/384 377/377/377
f 353/353/353 354/354/354 355/355/355
f 353/353/353 355/355/355 356/356/356
f 353/353/353 356/356/356 357/357/357
f 353/353/353 357/357/357 358/358/358
f 353/353/353 358/358/358 359/359/359
f 353/353/353 359/359/359 360/360/360
f 379/379/379 378/378/378 377/377/377
f 380/380/380 379/379/379 377/377/377
f 381/381/381 380/380/380 377/377/377
f 382/382/382 381/381/381 377/377/377
f 383/383/383 382/382/382 377/377/377
f 384/384/384 383/383/383 377/377/377
f 385/385/385 393/393/393 386/386/386
f 386/386/386 393/393/393 394/394/394
f 386/386/386 394/394/394 387/387/387
f 387/387/387 394/394/394 395/395/395
f 387/387/387 395/395/395 388/388/388
f 388/388/388 395/395/395 396/396/396
f 388/388/388 396/396/396 389/389/389
f 389/389/389 396/396/396 397/397/397
f 389/389/389 397/397/397 390/390/390
f 390/390/390 397/397/397 398/398/398
f 390/390/390 398/398/398 391/391/391
f 391/391/391 398/398/398 399/399/399
f 391/391/391 399/399/399 392/392/392
f 392/392/392 399/399/399 400/400/400
f 392/392/392 400/400/400 385/385/385
f 385/385/385 400/400/400 393/393/393
f 393/393/393 401/401/401 394/394/394
f 394/394/394 401/401/401 402/402/402
f 394/394/394 402/402/402 395/395/395
f 395/395/395 402/402/402 403/403/403
f 395/395/395 403/403/403 396/396/396
f 396/396/396 403/403/403 404/404/404
f 396/396/396 404/404/404 397/397/397
f 397/397/397 404/404/404 405/405/405
f 397/397/397 405/405/405 398/398/398
f 398/398/398 405/405/405 406/406/406
f 398/398/398 406/406/406 399/399/399
f 399/399/399 406/406/406 407/407/407
f 399/399/399 407/407/407 400/400/400
f 400/400/400 407/407/407 408/408/408
f 400/400/400 408/408/408 393/393/393
f 393/393/393 408/408/408 401/401/401
f 401/401/401 409/409/409 402/402/402
f 402/402/402 409/409/409 410/410/410
f 402/402/402 410/410/410 403/403/403
f 403/403/403 410/410/410 411/411/411
f 403/403/403 411/411/411 404/404/404
f 404/404/404 411/411/411 412/412/412
f 404/404/404 412/412/412 405/405/405
f 405/405/405 412/412/412 413/413/413
f 405/405/405 413/413/413 406/406/406
f 406/406/406 413/413/413 414/414/414
f 406/406/406 414/414/414 407/407/407
f 407/407/407 414/414/414 415/415/415
f 407/407/407 415/415/415 408/408/408
f 408/408/408 415/415/415 416/416/416
f 408/408/408 416/416/416 401/401/401
f 401/401/401 416/416/416 409/409/409
f 385/385/385 386/386/386 387/387/387
f 385/385/385 387/387/387 388/388/388
f 385/385/385 388/388/388 389/389/389
f 385/385/385 389/389/389 390/390/390
f 385/385/385 390/390/390 391/391/391
f 385/385/385 391/391/391 392/392/392
f 411/411/411 410/410/410 409/409/409
f 412/412/412 411/411/411 409/409/409
f 413/413/413 412/412/412 409/409/409
f 414/414/414 413/413/413 409/409/409
f 415/415/415 414/414/414 409/409/409
f 416/416/416 415/415/415 409/409/409
f 417/417/417 425/425/425 418/418/418
f 418/418/418 425/425/425 426/426/426
f 418/418/418 426/426/426 419/419/419
f 419/419/419 426/426/426 427/427/427
f 419/419/419 427/427/427 420/420/420
f 420/420/420 427/427/427 428/428/428
f 420/420/420 428/428/428 421/421/421
f 421/421/421 428/428/428 429/429/429
f 421/421/421 429/429/429 422/422/422
f 422/422/422 429/429/429 430/430/430
f 422/422/422 430/430/430 423/423/423
f 423/423/423 430/430/430 431/431/431
f 423/423/423 431/431/431 424/424/424
f 424/424/424 431/431/431 432/432/432
f 424/424/424 432/432/432 417/417/417
f 417/417/417 432/432/432 425/425/425
f 425/425/425 433/433/433 426/426/426
f 426/426/426 433/433/433 434/434/434
f 426/426/426 434/434/434 427/427/427
f 427/427/427 434/434/434 435/435/435
f 427/427/427 435/435/435 428/428/428
f 428/428/428 435/435/435 436/436/436
f 428/428/428 436/436/436 429/429/429
f 429/429/429 436/436/436 437/437/437
f 429/429/429 437/437/437 430/430/430
f 430/430/430 437/437/437 438/438/438
f 430/430/430 438/438/438 431/431/431
f 431/431/431 438/438/438 439/439/439
f 431/431/431 439/439/439 432/432/432
f 432/432/432 439/439/439 440/440/440
f 432/432/432 440/440/440 425/425/425
f 425/425/425 440/440/440 433/433/433
f 433/433/433 441/441/441 434/434/434
f 434/434/434 441/441/441 442/442/442
f 434/434/434 442/442/442 435/435/435
f 435/435/435 442/442/442 443/443/443
f 435/435/435 443/443/443 436/436/436
f 436/436/436 443/443/443 444/444/444
f 436/436/436 444/444/444 437/437/437
f 437/437/437 444/444/444 445/445/445
f 437/437/437 445/445/445 438/438/438
f 438/438/438 445/445/445 446/446/446
f 438/438/438 446/446/446 439/439/439
f 439/439/439 446/446/446 447/447/447
f 439/439/439 447/447/447 440/440/440
f 440/440/440 447/447/447 448/448/448
f 440/440/440 448/448/448 433/433/433
f 433/433/433 448/448/448 441/441/441
f 417/417/417 418/418/418 419/419/419
f 417/417/417 419/419/419 420/420/420
f 417/417/417 420/420/420 421/421/421
f 417/417/417 421/421/421 422/422/422
f 417/417/417 422/422/422 423/423/423
f 417/417/417 423/423/423 424/424/424
f 443/443/443 442/442/442 441/441/441
f 444/444/444 443/443/443 441/441/441
f 445/445/445 444/444/444 441/441/441
f 446/446/446 445/445/445 441/441/441
f 447/447/447 446/446/446 441/441/441
f 448/448/448 447/447/447 441/441/441
f 449/449/449 457/457/457 450/450/450
f 450/450/450 457/457/457 458/458/458
f 450/450/450 458/458/458 451/451/451
f 451/451/451 458/458/458 459/459/459
f 451/451/451 459/459/459 452/452/452
f 452/452/452 459/459/459 460/460/460
f 452/452/452 460/460/460 453/453/453
f 453/453/453 460/460/460 461/461/461
f 453/453/453 461/461/461 454/454/454
f 454/454/454 461/461/461 462/462/462
f 454/454/454 462/462/462 455/455/455
f 455/455/455 462/462/462 463/463/463
f 455/455/455 463/463/463 456/456/456
f 456/456/456 463/463/463 464/464/464
f 456/456/456 464/464/464 449/449/449
f 449/449/449 464/464/464 457/457/457
f 457/457/457 465/465/465 458/458/458
f 458/458/458 465/465/465 466/466/466
f 458/458/458 466/466/466 459/459/459
f 459/459/459 466/466/466 467/467/467
f 459/459/459 467/467/467 460/460/460
f 460/460/460 467/467/467 468/468/468
f 460/460/460 468/468/468 461/461/461
f 461/461/461 468/468/468 469/469/469
f 461/461/461 469/469/469 462/462/462
f 462/462/462 469/469/469 470/470/470
f 462/462/462 470/470/470 463/463/463
f 463/463/463 470/470/470 471/471/471
f 463/463/463 471/471/471 464/464/464
f 464/464/464 471/471/471 472/472/472
f 464/464/464 472/472/472 457/457/457
f 457/457/457 472/472/472 465/465/465
f 465/465/465 473/473/473 466/466/466
f 466/466/466 473/473/473 474/474/474
f 466/466/466 474/474/474 467/467/467
f 467/467/467 474/474/474 475/475/475
f 467/467/467 475/475/475 468/468/468
f 468/468/468 475/475/475 476/476/476
f 468/468/468 476/476/476 469/469/469
f 469/469/469 476/476/476 477/477/477
f 469/469/469 477/477/477 470/470/470
f 470/470/470 477/477/477 478/478/478
f 470/470/470 478/478/478 471/471/471
f 471/471/471 478/478/478 479/479/479
f 471/471/471 479/479/479 472/472/472
f 472/472/472 479/479/479 480/480/480
f 472/472/472 480/480/480 465/465/465
f 465/465/465 480/480/480 473/473/473
f 449/449/449 450/450/450 451/451/451
f 449/449/449 451/451/451 452/452/452
f 449/449/449 452/452/452 453/453/453
f 449/449/449 453/453/453 454/454/454
f 449/449/449 454/454/454 455/455/455
f 449/449/449 455/455/455 456/456/456
f 475/475/475 474/474/474 473/473/473
f 476/476/476 475/475/475 473/473/473
f 477/477/477 476/476/476 473/473/473
f 478/478/478 477/477/477 473/473/473
f 479/479/479 478/478/478 473/473/473
f 480/480/480 479/479/479 473/473/473
f 481/481/481 489/489/489 482/482/482
f 482/482/482 489/489/489 490/490/490
f 482/482/482 490/490/490 483/483/483
f 483/483/483 490/490/490 491/491/491
f 483/483/483 491/491/491 484/484/484
f 484/484/484 491/491/491 492/492/492
f 484/484/484 492/492/492 485/485/485
f 485/485/485 492/492/492 493/493/493
f 485/485/485 493/493/493 486/486/486
f 486/486/486 493/493/493 494/494/494
f 486/486/486 494/494/494 487/487/487
f 487/487/487 494/494/494 495/495/495
f 487/487/487 495/495/495 488/488/488
f 488/488/488 495/495/495 496/496/496
f 488/488/488 496/496/496 481/481/481
f 481/481/481 496/496/496 489/489/489
f 489/489/489 497/497/497 490/490/490
f 490/490/490 497/497/497 498/498/498
f 490/490/490 498/498/498 491/491/491
f 491/491/491 498/498/498 499/499/499
f 491/491/491 499/499/499 492/492/492
f 492/492/492 499/499/499 500/500/500
f 492/492/492 500/500/500 493/493/493
f 493/493/493 500/500/500 501/501/501
f 493/493/493 501/501/501 494/494/494
f 494/494/494 501/501/501 502/502/502
f 494/494/494 502/502/502 495/495/495
f 495/495/495 502/502/502 503/503/503
f 495/495/495 503/503/503 496/496/496
f 496/496/496 503/503/503 504/504/504
f 496/496/496 504/504/504 489/489/489
f 489/489/489 504/504/504 497/497/497
f 497/497/497 505/505/505 498/498/498
f 498/498/498 505/505/505 506/506/506
f 498/498/498 506/506/506 499/499/499
f 499/499/499 506/506/506 507/507/507
f 499/499/499 507/507/507 500/500/500
f 500/500/500 507/507/507 508/508/508
f 500/500/500 508/508/508 501/501/501
f 501/501/501 508/508/508 509/509/509
f 501/501/501 509/509/509 502/502/502
f 502/502/502 509/509/509 510/510/510
f 502/502/502 510/510/510 503/503/503
f 503/503/503 510/510/510 511/511/511
f 503/503/503 511/511/511 504/504/504
f 504/504/504 511/511/511 512/512/512
f 504/504/504 512/512/512 497/497/497
f 497/497/497 512/512/512 505/505/505
f 481/481/481 482/482/482 483/483/483
f 481/481/481 483/483/483 484/484/484
f 481/481/481 484/484/484 485/485/485
f 481/481/481 485/485/485 486/486/486
f 481/481/481 486/486/486 487/487/487
f 481/481/481 487/487/487 488/488/488
f 507/507/507 506/506/506 505/505/505
f 508/508/508 507/507/507 505/505/505
f 509/509/509 508/508/508 505/505/505
f 510/510/510 509/509/509 505/505/505
f 511/511/511 510/510/510 505/505/505
f 512/512/512 511/511/511 505/505/505
f 513/513/513 521/521/521 514/514/514
f 514/514/514 521/521/521 522/522/522
f 514/514/514 522/522/522 515/515/515
f 515/515/515 522/522/522 523/523/523
f 515/515/515 523/523/523 516/516/516
f 516/516/516 523/523/523 524/524/524
f 516/516/516 524/524/524 517/517/517
f 517/517/517 524/524/524 525/525/525
f 517/517/517 525/525/525 518/518/518
f 518/518/518 525/525/525 526/526/526
f 518/518/518 526/526/526 519/519/519
f 519/519/519 526/526/526 527/527/527
f 519/519/519 527/527/527 520/520/520
f 520/520/520 527/527/527 528/528/528
f 520/520/520 528/528/528 513/513/513
f 513/513/513 528/528/528 521/521/521
f 521/521/521 529/529/529 522/522/522
f 522/522/522 529/529/529 530/530/530
f 522/522/522 530/530/530 523/523/523
f 523/523/523 530/530/530 531/531/531
f 523/523/523 531/531/531 524/524/524
f 524/524/524 531/531/531 532/532/532
f 524/524/524 532/532/532 525/525/525
f 525/525/525 532/532/532 533/533/533
f 525/525/525 533/533/533 526/526/526
f 526/526/526 533/533/533 534/534/534
f 526/526/526 534/534/534 527/527/527
f 527/527/527 534/534/534 535/535/535
f 527/527/527 535/535/535 528/528/528
f 528/528/528 535/535/535 536/536/536
f 528/528/528 536/536/536 521/521/521
f 521/521/521 536/536/536 529/529/529
f 529/529/529 537/537/537 530/530/530
f 530/530/530 537/537/537 538/538/538
f 530/530/530 538/538/538 531/531/531
f 531/531/531 538/538/538 539/539/539
f 531/531/531 539/539/539 532/532/532
f 532/532/532 539/539/539 540/540/540
f 532/532/532 540/540/540 533/533/533
f 533/533/533 540/540/540 541/541/541
f 533/533/533 541/541/541 534/534/534
f 534/534/534 541/541/541 542/542/542
f 534/534/534 542/542/542 535/535/535
f 535/535/535 542/542/542 543/543/543
f 535/535/535 543/543/543 536/536/536
f 536/536/536 543/543/543 544/544/544
f 536/536/536 544/544/544 529/529/529
f 529/529/529 544/544/544 537/537/537
f 513/513/513 514/514/514 515/515/515
f 513/513/513 515/515/515 516/516/516
f 513/513/513 516/516/516 517/517/517
f 513/513/513 517/517/517 518/518/518
f 513/513/513 518/518/518 519/519/519
f 513/513/513 519/519/519 520/520/520
f 539/539/539 538/538/538 537/537/537
f 540/540/540 539/539/539 537/537/537
f 541/541/541 540/540/540 537/537/537
f 542/542/542 541/541/541 537/537/537
f 543/543/543 542/542/542 537/537/537
f 544/544/544 543/543/543 537/537/537
f 545/545/545 553/553/553 546/546/546
f 546/546/546 553/553/553 554/554/554
f 546/546/546 554/554/554 547/547/547
f 547/547/547 554/554/554 555/555/555
f 547/547/547 555/555/555 548/548/548
f 548/548/548 555/555/555 556/556/556
f 548/548/548 556/556/556 549/549/549
f 549/549/549 556/556/556 557/557/557
f 549/549/549 557/557/557 550/550/550
f 550/550/550 557/557/557 558/558/558
f 550/550/550 558/558/558 551/551/551
f 551/551/551 558/558/558 559/559/559
f 551/551/551 559/559/559 552/552/552
f 552/552/552 559/559/559 560/560/560
f 552/552/552 560/560/560 545/545/545
f 545/545/545 560/560/560 553/553/553
f 553/553/553 561/561/561 554/554/554
f 554/554/554 561/561/561 562/562/562
f 554/554/554 562/562/562 555/555/555
f 555/555/555 562/562/562 563/563/563
f 555/555/555 563/563/563 556/556/556
f 556/556/556 563/563/563 564/564/564
f 556/556/556 564/564/564 557/557/557
f 557/557/557 564/564/564 565/565/565
f 557/557/557 565/565/565 558/558/558
f 558/558/558 565/565/565 566/566/566
f 558/558/558 566/566/566 559/559/559
f 559/559/559 566/566/566 567/567/567
f 559/559/559 567/567/567 560/560/560
f 560/560/560 567/567/567 568/568/568
f 560/560/560 568/568/568 553/553/553
f 553/553/553 568/568/568 561/561/561
f 561/561/561 569/569/569 562/562/562
f 562/562/562 569/569/569 570/570/570
f 562/562/562 570/570/570 563/563/563
f 563/563/563 570/570/570 571/571/571
f 563/563/563 571/571/571 564/564/564
f 564/564/564 571/571/571 572/572/572
f 564/564/564 572/572/572 565/565/565
f 565/565/565 572/572/572 573/573/573
f 565/565/565 573/573/573 566/566/566
f 566/566/566 573/573/573 574/574/574
f 566/566/566 574/574/574 567/567/567
f 567/567/567 574/574/574 575/575/575
f 567/567/567 575/575/575 568/568/568
f 568/568/568 575/575/575 576/576/576
f 568/568/568 576/576/576 561/561/561
f 561/561/561 576/576/576 569/569/569
f 545/545/545 546/546/546 547/547/547
f 545/545/545 547/547/547 548/548/548
f 545/545/545 548/548/548 549/549/549
f 545/545/545 549/549/549 550/550/550
f 545/545/545 550/550/550 551/551/551
f 545/545/545 551/551/551 552/552/552
f 571/571/571 570/570/570 569/569/569
f 572/572/572 571/571/571 569/569/569
f 573/573/573 572/572/572 569/569/569
f 574/574/574 573/573/573 569/569/569
f 575/575/575 574/574/574 569/569/569
f 576/576/576 575/575/575 569/569/569
f 577/577/577 585/585/585 578/578/578
f 578/578/578 585/585/585 586/586/586
f 578/578/578 586/586/586 579/579/579
f 579/579/579 586/586/586 587/587/587
f 579/579/579 587/587/587 580/580/580
f 580/580/580 587/587/587 588/588/588
f 580/580/580 588/588/588 581/581/581
f 581/581/581 588/588/588 589/589/589
f 581/581/581 589/589/589 582/582/582
f 582/582/582 589/589/589 590/590/590
f 582/582/582 590/590/590 583/583/583
f 583/583/583 590/590/590 591/591/591
f 583/583/583 591/591/591 584/584/584
f 584/584/584 591/591/591 592/592/592
f 584/584/584 592/592/592 577/577/577
f 577/577/577 592/592/592 585/585/585
f 585/585/585 593/593/593 586/586/586
f 586/586/586 593/593/593 594/594/594
f 586/586/586 594/594/594 587/587/587
f 587/587/587 594/594/594 595/595/595
f 587/587/587 595/595/595 588/588/588
f 588/588/588 595/595/595 596/596/596
f 588/588/588 596/596/596 589/589/589
f 589/589/589 596/596/596 597/597/597
f 589/589/589 597/597/597 590/590/590
f 590/590/590 597/597/597 598/598/598
f 590/590/590 598/598/598 591/591/591
f 591/591/591 598/598/598 599/599/599
f 591/591/591 599/599/599 592/592/592
f 592/592/592 599/599/599 600/600/600
f 592/592/592 600/600/600 585/585/585
f 585/585/585 600/600/600 593/593/593
f 593/593/593 601/601/601 594/594/594
f 594/594/594 601/601/601 602/602/602
f 594/594/594 602/602/602 595/595/595
f 595/595/595 602/602/602 603/603/603
f 595/595/595 603/603/603 596/596/596
f 596/596/596 603/603/603 604/604/604
f 596/596/596 604/604/604 597/597/597
f 597/597/597 604/604/604 605/605/605
f 597/597/597 605/605/605 598/598/598
f 598/598/598 605/605/605 606/606/606
f 598/598/598 606/606/606 599/599/599
f 599/599/599 606/606/606 607/607/607
f 599/599/599 607/607/607 600/600/600
f 600/600/600 607/607/607 608/608/608
f 600/600/600 608/608/608 593/593/593
f 593/593/593 608/608/608 601/601/601
f 577/577/577 578/578/578 579/579/579
f 577/577/577 579/579/579 580/580/580
f 577/577/577 580/580/580 581/581/581
f 577/577/577 581/581/581 582/582/582
f 577/577/577 582/582/582 583/583/583
f 577/577/577 583/583/583 584/584/584
f 603/603/603 602/602/602 601/601/601
f 604/604/604 603/603/603 601/601/601
f 605/605/605 604/604/604 601/601/601
f 606/606/606 605/605/605 601/601/601
f 607/607/607 606/606/606 601/601/601
f 608/608/608 607/607/607 601/601/601
f 609/609/609 617/617/617 610/610/610
f 610/610/610 617/617/617 618/618/618
f 610/610/610 618/618/618 611/611/611
f 611/611/611 618/618/618 619/619/619
f 611/611/611 619/619/619 612/612/612
f 612/612/612 619/619/619 620/620/620
f 612/612/612 620/620/620 613/613/613
f 613/613/613 620/620/620 621/621/621
f 613/613/613 621/621/621 614/614/614
f 614/614/614 621/621/621 622/622/622
f 614/614/614 622/622/622 615/615/615
f 615/615/615 622/622/622 623/623/623
f 615/615/615 623/623/623 616/616/616
f 616/616/616 623/623/623 624/624/624
f 616/616/616 624/624/624 609/609/609
f 609/609/609 624/624/624 617/617/617
f 617/617/617 625/625/625 618/618/618
f 618/618/618 625/625/625 626/626/626
f 618/618/618 626/626/626 619/619/619
f 619/619/619 626/626/626 627/627/627
f 619/619/619 627/627/627 620/620/620
f 620/620/620 627/627/627 628/628/628
f 620/620/620 628/628/628 621/621/621
f 621/621/621 628/628/628 629/629/629
f 621/621/621 629/629/629 622/622/622
f 622/622/622 629/629/629 630/630/630
f 622/622/622 630/630/630 623/623/623
f 623/623/623 630/630/630 631/631/631
f 623/623/623 631/631/631 624/624/624
f 624/624/624 631/631/631 632/632/632
f 624/624/624 632/632/632 617/617/617
f 617/617/617 632/632/632 625/625/625
f 625/625/625 633/633/633 626/626/626
f 626/626/626 633/633/633 634/634/634
f 626/626/626 634/634/634 627/627/627
f 627/627/627 634/634/634 635/635/635
f 627/627/627 635/635/635 628/628/628
f 628/628/628 635/635/635 636/636/636
f 628/628/628 636/636/636 629/629/629
f 629/629/629 636/636/636 637/637/637
f 629/629/629 637/637/637 630/630/630
f 630/630/630 637/637/637 638/638/638
f 630/630/630 638/638/638 631/631/631
f 631/631/631 638/638/638 639/639/639
f 631/631/631 639/639/639 632/632/632
f 632/632/632 639/639/639 640/640/640
f 632/632/632 640/640/640 625/625/625
f 625/625/625 640/640/640 633/633/633
f 609/609/609 610/610/610 611/611/611
f 609/609/609 611/611/611 612/612/612
f 609/609/609 612/612/612 613/613/613
f 609/609/609 613/613/613 614/614/614
f 609/609/609 614/614/614 615/615/615
f 609/609/609 615/615/615 616/616/616
f 635/635/635 634/634/634 633/633/633
f 636/636/636 635/635/635 633/633/633
f 637/637/637 636/636/636 633/633/633
f 638/638/638 637/637/637 633/633/633
f 639/639/639 638/638/638 633/633/633
f 640/640/640 639/639/639 633/633/633
f 641/641/641 649/649/649 642/642/642
f 642/642/642 649/649/649 650/650/650
f 642/642/642 650/650/650 643/643/643
f 643/643/643 650/650/650 651/651/651
f 643/643/643 651/651/651 644/644/644
f 644/644/644 651/651/651 652/652/652
f 644/644/644 652/652/652 645/645/645
f 645/645/645 652/652/652 653/653/653
f 645/645/645 653/653/653 646/646/646
f 646/646/646 653/653/653 654/654/654
f 646/646/646 654/654/654 647/647/647
f 647/647/647 654/654/654 655/655/655
f 647/647/647 655/655/655 648/648/648
f 648/648/648 655/655/655 656/656/656
f 648/648/648 656/656/656 641/641/641
f 641/641/641 656/656/656 649/649/649
f 649/649/649 657/657/657 650/650/650
f 650/650/650 657/657/657 658/658/658
f 650/650/650 658/658/658 651/651/651
f 651/651/651 658/658/658 659/659/659
f 651/651/651 659/659/659 652/652/652
f 652/652/652 659/659/659 660/660/660
f 652/652/652 660/660/660 653/653/653
f 653/653/653 660/660/660 661/661/661
f 653/653/653 661/661/661 654/654/654
f 654/654/654 661/661/661 662/662/662
f 654/654/654 662/662/662 655/655/655
f 655/655/655 662/662/662 663/663/663
f 655/655/655 663/663/663 656/656/656
f 656/656/656 663/663/663 664/664/664
f 656/656/656 664/664/664 649/649/649
f 649/649/649 664/664/664 657/657/657
f 657/657/657 665/665/665 658/658/658
f 658/658/658 665/665/665 666/666/666
f 658/658/658 666/666/666 659/659/659
f 659/659/659 666/666/666 667/667/667
f 659/659/659 667/667/667 660/660/660
f 660/660/660 667/667/667 668/668/668
f 660/660/660 668/668/668 661/661/661
f 661/661/661 668/668/668 669/669/669
f 661/661/661 669/669/669 662/662/662
f 662/662/662 669/669/669 670/670/670
f 662/662/662 670/670/670 663/663/663
f 663/663/663 670/670/670 671/671/671
f 663/663/663 671/671/671 664/664/664
f 664/664/664 671/671/671 672/672/672
f 664/664/664 672/672/672 657/657/657
f 657/657/657 672/672/672 665/665/665
f 641/641/641 642/642/642 643/643/643
f 641/641/641 643/643/643 644/644/644
f 641/641/641 644/644/644 645/645/645
f 641/641/641 645/645/645 646/646/646
f 641/641/641 646/646/646 647/647/647
f 641/641/641 647/647/647 648/648/648
f 667/667/667 666/666/666 665/665/665
f 668/668/668 667/667/667 665/665/665
f 669/669/669 668/668/668 665/665/665
f 670/670/670 669/669/669 665/665/665
f 671/671/671 670/670/670 665/665/665
f 672/672/672 671/671/671 665/665/665
f 673/673/673 681/681/681 674/674/674
f 674/674/674 681/681/681 682/682/682
f 674/674/674 682/682/682 675/675/675
f 675/675/675 682/682/682 683/683/683
f 675/675/675 683/683/683 676/676/676
f 676/676/676 683/683/683 684/684/684
f 676/676/676 684/684/684 677/677/677
f 677/677/677 684/684/684 685/685/685
f 677/677/677 685/685/685 678/678/678
f 678/678/678 685/685/685 686/686/686
f 678/678/678 686/686/686 679/679/679
f 679/679/679 686/686/686 687/687/687
f 679/679/679 687/687/687 680/680/680
f 680/680/680 687/687/687 688/688/688
f 680/680/680 688/688/688 673/673/673
f 673/673/673 688/688/688 681/681/681
f 681/681/681 689/689/689 682/682/682
f 682/682/682 689/689/689 690/690/690
f 682/682/682 690/690/690 683/683/683
f 683/683/683 690/690/690 691/691/691
f 683/683/683 691/691/691 684/684/684
f 684/684/684 691/691/691 692/692/692
f 684/684/684 692/692/692 685/685/685
f 685/685/685 692/692/692 693/693/693
f 685/685/685 693/693/693 686/686/686
f 686/686/686 693/693/693 694/694/694
f 686/686/686 694/694/694 687/687/687
f 687/687/687 694/694/694 695/695/695
f 687/687/687 695/695/695 688/688/688
f 688/688/688 695/695/695 696/696/696
f 688/688/688 696/696/696 681/681/681
f 681/681/681 696/696/696 689/689/689
f 689/689/689 697/697/697 690/690/690
f 690/690/690 697/697/697 698/698/698
f 690/690/690 698/698/698 691/691/691
f 691/691/691 698/698/698 699/699/699
f 691/691/691 699/699/699 692/692/692
f 692/692/692 699/699/699 700/700/700
f 692/692/692 700/700/700 693/693/693
f 693/693/693 700/700/700 701/701/701
f 693/693/693 701/701/701 694/694/694
f 694/694/694 701/701/701 702/702/702
f 694/694/694 702/702/702 695/695/695
f 695/695/695 702/702/702 703/703/703
f 695/695/695 703/703/703 696/696/696
f 696/696/696 703/703/703 704/704/704
f 696/696/696 704/704/704 689/689/689
f 689/689/689 704/704/704 697/697/697
f 673/673/673 674/674/674 675/675/675
f 673/673/673 675/675/675 676/676/676
f 673/673/673 676/676/676 677/677/677
f 673/673/673 677/677/677 678/678/678
f 673/673/673 678/678/678 679/679/679
f 673/673/673 679/679/679 680/680/680
f 699/699/699 698/698/698 697/697/697
f 700/700/700 699/699/699 697/697/697
f 701/701/701 700/700/700 697/697/697
f 702/702/702 701/701/701 697/697/697
f 703/703/703 702/702/702 697/697/697
f 704/704/704 703/703/703 697/697/697
f 705/705/705 713/713/713 706/706/706
f 706/706/706 713/713/713 714/714/714
f 706/706/706 714/714/714 707/707/707
f 707/707/707 714/714/714 715/715/715
f 707/707/707 715/715/715 708/708/708
f 708/708/708 715/715/715 716/716/716
f 708/708/708 716/716/716 709/709/709
f 709/709/709 716/716/716 717/717/717
f 709/709/709 717/717/717 710/710/710
f 710/710/710 717/717/717 718/718/718
f 710/710/710 718/718/718 711/711/711
f 711/711/711 718/718/718 719/719/719
f 711/711/711 719/719/719 712/712/712
f 712/712/712 719/719/719 720/720/720
f 712/712/712 720/720/720 705/705/705
f 705/705/705 720/720/720 713/713/713
f 713/713/713 721/721/721 714/714/714
f 714/714/714 721/721/721 722/722/722
f 714/714/714 722/722/722 715/715/715
f 715/715/715 722/722/722 723/723/723
f 715/715/715 723/723/723 716/716/716
f 716/716/716 723/723/723 724/724/724
f 716/716/716 724/724/724 717/717/717
f 717/717/717 724/724/724 725/725/725
f 717/717/717 725/725/725 718/718/718
f 718/718/718 725/725/725 726/726/726
f 718/718/718 726/726/726 719/719/719
f 719/719/719 726/726/726 727/727/727
f 719/719/719 727/727/727 720/720/720
f 720/720/720 727/727/727 728/728/728
f 720/720/720 728/728/728 713/713/713
f 713/713/713 728/728/728 721/721/721
f 721/721/721 729/729/729 722/722/722
f 722/722/722 729/729/729 730/730/730
f 722/722/722 730/730/730 723/723/723
f 723/723/723 730/730/730 731/731/731
f 723/723/723 731/731/731 724/724/724
f 724/724/724 731/731/731 732/732/732
f 724/724/724 732/732/732 725/725/725
f 725/725/725 732/732/732 733/733/733
f 725/725/725 733/733/733 726/726/726
f 726/726/726 733/733/733 734/734/734
f 726/726/726 734/734/734 727/727/727
f 727/727/727 734/734/734 735/735/735
f 727/727/727 735/735/735 728/728/728
f 728/728/728 735/735/735 736/736/736
f 728/728/728 736/736/736 721/721/721
f 721/721/721 736/736/736 729/729/729
f 705/705/705 706/706/706 707/707/707
f 705/705/705 707/707/707 708/708/708
f 705/705/705 708/708/708 709/709/709
f 705/705/705 709/709/709 710/710/710
f 705/705/705 710/710/710 711/711/711
f 705/705/705 711/711/711 712/712/712
f 731/731/731 730/730/730 729/729/729
f 732/732/732 731/731/731 729/729/729
f 733/733/733 732/732/732 729/729/729
f 734/734/734 733/733/733 729/729/729
f 735/735/735 734/734/734 729/729/729
f 736/736/736 735/735/735 729/729/729
f 737/737/737 745/745/745 738/738/738
f 738/738/738 745/745/745 746/746/746
f 738/738/738 746/746/746 739/739/739
f 739/739/739 746/746/746 747/747/747
f 739/739/739 747/747/747 740/740/740
f 740/740/740 747/747/747 748/748/748
f 740/740/740 748/748/748 741/741/741
f 741/741/741 748/748/748 749/749/749
f 741/741/741 749/749/749 742/742/742
f 742/742/742 749/749/749 750/750/750
f 742/742/742 750/750/750 743/743/743
f 743/743/743 750/750/750 751/751/751
f 743/743/743 751/751/751 744/744/744
f 744/744/744 751/751/751 752/752/752
f 744/744/744 752/752/752 737/737/737
f 737/737/737 752/752/752 745/745/745
f 745/745/745 753/753/753 746/746/746
f 746/746/746 753/753/753 754/754/754
f 746/746/746 754/754/754 747/747/747
f 747/747/747 754/754/754 755/755/755
f 747/747/747 755/755/755 748/748/748
f 748/748/748 755/755/755 756/756/756
f 748/748/748 756/756/756 749/749/749
f 749/749/749 756/756/756 757/757/757
f 749/749/749 757/757/757 750/750/750
f 750/750/750 757/757/757 758/758/758
f 750/750/750 758/758/758 751/751/751
f 751/751/751 758/758/758 759/759/759
f 751/751/751 759/759/759 752/752/752
f 752/752/752 759/759/759 760/760/760
f 752/752/752 760/760/760 745/745/745
f 745/745/745 760/760/760 753/753/753
f 753/753/753 761/761/761 754/754/754
f 754/754/754 761/761/761 762/762/762
f 754/754/754 762/762/762 755/755/755
f 755/755/755 762/762/762 763/763/763
f 755/755/755 763/763/763 756/756/756
f 756/756/756 763/763/763 764/764/764
f 756/756/756 764/764/764 757/757/757
f 757/757/757 764/764/764 765/765/765
f 757/757/757 765/765/765 758/758/758
f 758/758/758 765/765/765 766/766/766
f 758/758/758 766/766/766 759/759/759
f 759/759/759 766/766/766 767/767/767
f 759/759/759 767/767/767 760/760/760
f 760/760/760 767/767/767 768/768/768
f 760/760/760 768/768/768 753/753/753
f 753/753/753 768/768/768 761/761/761
f 737/737/737 738/738/738 739/739/739
f 737/737/737 739/739/739 740/740/740
f 737/737/737 740/740/740 741/741/741
f 737/737/737 741/741/741 742/742/742
f 737/737/737 742/742/742 743/743/743
f 737/737/737 743/743/743 744/744/744
f 763/763/763 762/762/762 761/761/761
f 764/764/764 763/763/763 761/761/761
f 765/765/765 764/764/764 761/761/761
f 766/766/766 765/765/765 761/761/761
f 767/767/767 766/766/766 761/761/761
f 768/768/768 767/767/767 761/761/761
f 769/769/769 777/777/777 770/770/770
f 770/770/770 777/777/777 778/778/778
f 770/770/770 778/778/778 771/771/771
f 771/771/771 778/778/778 779/779/779
f 771/771/771 779/779/779 772/772/772
f 772/772/772 779/779/779 780/780/780
f 772/772/772 780/780/780 773/773/773
f 773/773/773 780/780/780 781/781/781
f 773/773/773 781/781/781 774/774/774
f 774/774/774 781/781/781 782/782/782
f 774/774/774 782/782/782 775/775/775
f 775/775/775 782/782/782 783/783/783
f 775/775/775 783/783/783 776/776/776
f 776/776/776 783/783/783 784/784/784
f 776/776/776 784/784/784 769/769/769
f 769/769/769 784/784/784 777/777/777
f 777/777/777 785/785/785 778/778/778
f 778/778/778 785/785/785 786/786/786
f 778/778/778 786/786/786 779/779/779
f 779/779/779 786/786/786 787/787/787
f 779/779/779 787/787/787 780/780/780
f 780/780/780 787/787/787 788/788/788
f 780/780/780 788/788/788 781/781/781
f 781/781/781 788/788/788 789/789/789
f 781/781/781 789/789/789 782/782/782
f 782/782/782 789/789/789 790/790/790
f 782/782/782 790/790/790 783/783/783
f 783/783/783 790/790/790 791/791/791
f 783/783/783 791/791/791 784/784/784
f 784/784/784 791/791/791 792/792/792
f 784/784/784 792/792/792 777/777/777
f 777/777/777 792/792/792 785/785/785
f 785/785/785 793/793/793 786/786/786
f 786/786/786 793/793/793 794/794/794
f 786/786/786 794/794/794 787/787/787
f 787/787/787 794/794/794 795/795/795
f 787/787/787 795/795/795 788/788/788
f 788/788/788 795/795/795 796/796/796
f 788/788/788 796/796/796 789/789/789
f 789/789/789 796/796/796 797/797/797
f 789/789/789 797/797/797 790/790/790
f 790/790/790 797/797/797 798/798/798
f 790/790/790 798/798/798 791/791/791
f 791/791/791 798/798/798 799/799/799
f 791/791/791 799/799/799 792/792/792
f 792/792/792 799/799/799 800/800/800
f 792/792/792 800/800/800 785/785/785
f 785/785/785 800/800/800 793/793/793
f 769/769/769 770/770/770 771/771/771
f 769/769/769 771/771/771 772/772/772
f 769/769/769 772/772/772 773/773/773
f 769/769/769 773/773/773 774/774/774
f 769/769/769 774/774/774 775/775/775
f 769/769/769 775/775/775 776/776/776
f 795/795/795 794/794/794 793/793/793
f 796/796/796 795/795/795 793/793/793
f 797/797/797 796/796/796 793/793/793
f 798/798/798 797/797/797 793/793/793
f 799/799/799 798/798/798 793/793/793
f 800/800/800 799/799/799 793/793/793
f 801/801/801 809/809/809 802/802/802
f 802/802/802 809/809/809 810/810/810
f 802/802/802 810/810/810 803/803/803
f 803/803/803 810/810/810 811/811/811
f 803/803/803 811/811/811 804/804/804
f 804/804/804 811/811/811 812/812/812
f 804/804/804 812/812/812 805/805/805
f 805/805/805 812/812/812 813/813/813
f 805/805/805 813/813/813 806/806/806
f 806/806/806 813/813/813 814/814/814
f 806/806/806 814/814/814 807/807/807
f 807/807/807 814/814/814 815/815/815
f 807/807/807 815/815/815 808/808/808
f 808/808/808 815/815/815 816/816/816
f 808/808/808 816/816/816 801/801/801
f 801/801/801 816/816/816 809/809/809
f 809/809/809 817/817/817 810/810/810
f 810/810/810 817/817/817 818/818/818
f 810/810/810 818/818/818 811/811/811
f 811/811/811 818/818/818 819/819/819
f 811/811/811 819/819/819 812/812/812
f 812/812/812 819/819/819 820/820/820
f 812/812/812 820/820/820 813/813/813
f 813/813/813 820/820/820 821/821/821
f 813/813/813 821/821/821 814/814/814
f 814/814/814 821/821/821 822/822/822
f 814/814/814 822/822/822 815/815/815
f 815/815/815 822/822/822 823/823/823
f 815/815/815 823/823/823 816/816/816
f 816/816/816 823/823/823 824/824/824
f 816/816/816 824/824/824 809/809/809
f 809/809/809 824/824/824 817/817/817
f 817/817/817 825/825/825 818/818/818
f 818/818/818 825/825/825 826/826/826
f 818/818/818 826/826/826 819/819/819
f 819/819/819 826/826/826 827/827/827
f 819/819/819 827/827/827 820/820/820
f 820/820/820 827/827/827 828/828/828
f 820/820/820 828/828/828 821/821/821
f 821/821/821 828/828/828 829/829/829
f 821/821/821 829/829/829 822/822/822
f 822/822/822 829/829/829 830/830/830
f 822/822/822 830/830/830 823/823/823
f 823/823/823 830/830/830 831/831/831
f 823/823/823 831/831/831 824/824/824
f 824/824/824 831/831/831 832/832/832
f 824/824/824 832/832/832 817/817/817
f 817/817/817 832/832/832 825/825/825
f 801/801/801 802/802/802 803/803/803
f 801/801/801 803/803/803 804/804/804
f 801/801/801 804/804/804 805/805/805
f 801/801/801 805/805/805 806/806/806
f 801/801/801 806/806/806 807/807/807
f 801/801/801 807/807/807 808/808/808
f 827/827/827 826/826/826 825/825/825
f 828/828/828 827/827/827 825/825/825
f 829/829/829 828/828/828 825/825/825
f 830/830/830 829/829/829 825/825/825
f 831/831/831 830/830/830 825/825/825
f 832/832/832 831/831/831 825/825/825
f 833/833/833 841/841/841 834/834/834
f 834/834/834 841/841/841 842/842/842
f 834/834/834 842/842/842 835/835/835
f 835/835/835 842/842/842 843/843/843
f 835/835/835 843/843/843 836/836/836
f 836/836/836 843/843/843 844/844/844
f 836/836/836 844/844/844 837/837/837
f 837/837/837 844/844/844 845/845/845
f 837/837/837 845/845/845 838/838/838
f 838/838/838 845/845/845 846/846/846
f 838/838/838 846/846/846 839/839/839
f 839/839/839 846/846/846 847/847/847
f 839/839/839 847/847/847 840/840/840
f 840/840/840 847/847/847 848/848/848
f 840/840/840 848/848/848 833/833/833
f 833/833/833 848/848/848 841/841/841
f 841/841/841 849/849/849 842/842/842
f 842/842/842 849/849/849 850/850/850
f 842/842/842 850/850/850 843/843/843
f 843/843/843 850/850/850 851/851/851
f 843/843/843 851/851/851 844/844/844
f 844/844/844 851/851/851 852/852/852
f 844/844/844 852/852/852 845/845/845
f 845/845/845 852/852/852 853/853/853
f 845/845/845 853/853/853 846/846/846
f 846/846/846 853/853/853 854/854/854
f 846/846/846 854/854/854 847/847/847
f 847/847/847 854/854/854 855/855/855
f 847/847/847 855/855/855 848/848/848
f 848/848/848 855/855/855 856/856/856
f 848/848/848 856/856/856 841/841/841
f 841/841/841 856/856/856 849/849/849
f 849/849/849 857/857/857 850/850/850
f 850/850/850 857/857/857 858/858/858
f 850/850/850 858/858/858 851/851/851
f 851/851/851 858/858/858 859/859/859
f 851/851/851 859/859/859 852/852/852
f 852/852/852 859/859/859 860/860/860
f 852/852/852 860/860/860 853/853/853
f 853/853/853 860/860/860 861/861/861
f 853/853/853 861/861/861 854/854/854
f 854/854/854 861/861/861 862/862/862
f 854/854/854 862/862/862 855/855/855
f 855/855/855 862/862/862 863/863/863
f 855/855/855 863/863/863 856/856/856
f 856/856/856 863/863/863 864/864/864
f 856/856/856 864/864/864 849/849/849
f 849/849/849 864/864/864 857/857/857
f 833/833/833 834/834/834 835/835/835
f 833/833/833 835/835/835 836/836/836
f 833/833/833 836/836/836 837/837/837
f 833/833/833 837/837/837 838/838/838
f 833/833/833 838/838/838 839/839/839
f 833/833/833 839/839/839 840/840/840
f 859/859/859 858/858/858 857/857/857
f 860/860/860 859/859/859 857/857/857
f 861/861/861 860/860/860 857/857/857
f 862/862/862 861/861/861 857/857/857
f 863/863/863 862/862/862 857/857/857
f 864/864/864 863/863/863 857/857/857
f 865/865/865 873/873/873 866/866/866
f 866/866/866 873/873/873 874/874/874
f 866/866/866 874/874/874 867/867/867
f 867/867/867 874/874/874 875/875/875
f 867/867/867 875/875/875 868/868/868
f 868/868/868 875/875/875 876/876/876
f 868/868/868 876/876/876 869/869/869
f 869/869/869 876/876/876 877/877/877
f 869/869/869 877/877/877 870/870/870
f 870/870/870 877/877/877 878/878/878
f 870/870/870 878/878/878 871/871/871
f 871/871/871 878/878/878 879/879/879
f 871/871/871 879/879/879 872/872/872
f 872/872/872 879/879/879 880/880/880
f 872/872/872 880/880/880 865/865/865
f 865/865/865 880/880/880 873/873/873
f 873/873/873 881/881/881 874/874/874
f 874/874/874 881/881/881 882/882/882
f 874/874/874 882/882/882 875/875/875
f 875/875/875 882/882/882 883/883/883
f 875/875/875 883/883/883 876/876/876
f 876/876/876 883/883/883 884/884/884
f 876/876/876 884/884/884 877/877/877
f 877/877/877 884/884/884 885/885/885
f 877/877/877 885/885/885 878/878/878
f 878/878/878 885/885/885 886/886/886
f 878/878/878 886/886/886 879/879/879
f 879/879/879 886/886/886 887/887/887
f 879/879/879 887/887/887 880/880/880
f 880/880/880 887/887/887 888/888/888
f 880/880/880 888/888/888 873/873/873
f 873/873/873 888/888/888 881/881/881
f 881/881/881 889/889/889 882/882/882
f 882/882/882 889/889/889 890/890/890
f 882/882/882 890/890/890 883/883/883
f 883/883/883 890/890/890 891/891/891
f 883/883/883 891/891/891 884/884/884
f 884/884/884 891/891/891 892/892/892
f 884/884/884 892/892/892 885/885/885
f 885/885/885 892/892/892 893/893/893
f 885/885/885 893/893/893 886/886/886
f 886/886/886 893/893/893 894/894/894
f 886/886/886 894/894/894 887/887/887
f 887/887/887 894/894/894 895/895/895
f 887/887/887 895/895/895 888/888/888
f 888/888/888 895/895/895 896/896/896
f 888/888/888 896/896/896 881/881/881
f 881/881/881 896/896/896 889/889/889
f 865/865/865 866/866/866 867/867/867
f 865/865/865 867/867/867 868/868/868
f 865/865/865 868/868/868 869/869/869
f 865/865/865 869/869/869 870/870/870
f 865/865/865 870/870/870 871/871/871
f 865/865/865 871/871/871 872/872/872
f 891/891/891 890/890/890 889/889/889
f 892/892/892 891/891/891 889/889/889
f 893/893/893 892/892/892 889/889/889
f 894/894/894 893/893/893 889/889/889
f 895/895/895 894/894/894 889/889/889
f 896/896/896 895/895/895 889/889/889
f 897/897/897 905/905/905 898/898/898
f 898/898/898 905/905/905 906/906/906
f 898/898/898 906/906/906 899/899/899
f 899/899/899 906/906/906 907/907/907
f 899/899/899 907/907/907 900/900/900
f 900/900/900 907/907/907 908/908/908
f 900/900/900 908/908/908 901/901/901
f 901/901/901 908/908/908 909/909/909
f 901/901/901 909/909/909 902/902/902
f 902/902/902 909/909/909 910/910/910
f 902/902/902 910/910/910 903/903/903
f 903/903/903 910/910/910 911/911/911
f 903/903/903 911/911/911 904/904/904
f 904/904/904 911/911/911 912/912/912
f 904/904/904 912/912/912 897/897/897
f 897/897/897 912/912/912 905/905/905
f 905/905/905 913/913/913 906/906/906
f 906/906/906 913/913/913 914/914/914
f 906/906/906 914/914/914 907/907/907
f 907/907/907 914/914/914 915/915/915
f 907/907/907 915/915/915 908/908/908
f 908/908/908 915/915/915 916/916/916
f 908/908/908 916/916/916 909/909/909
f 909/909/909 916/916/916 917/917/917
f 909/909/909 917/917/917 910/910/910
f 910/910/910 917/917/917 918/918/918
f 910/910/910 918/918/918 911/911/911
f 911/911/911 918/918/918 919/919/919
f 911/911/911 919/919/919 912/912/912
f 912/912/912 919/919/919 920/920/920
f 912/912/912 920/920/920 905/905/905
f 905/905/905 920/920/920 913/913/913
f 913/913/913 921/921/921 914/914/914
f 914/914/914 921/921/921 922/922/922
f 914/914/914 922/922/922 915/915/915
f 915/915/915 922/922/922 923/923/923
f 915/915/915 923/923/923 916/916/916
f 916/916/916 923/923/923 924/924/924
f 916/916/916 924/924/924 917/917/917
f 917/917/917 924/924/924 925/925/925
f 917/917/917 925/925/925 918/918/918
f 918/918/918 925/925/925 926/926/926
f 918/918/918 926/926/926 919/919/919
f 919/919/919 926/926/926 927/927/927
f 919/919/919 927/927/927 920/920/920
f 920/920/920 927/927/927 928/928/928
f 920/920/920 928/928/928 913/913/913
f 913/913/913 928/928/928 921/921/921
f 897/897/897 898/898/898 899/899/899
f 897/897/897 899/899/899 900/900/900
f 897/897/897 900/900/900 901/901/901
f 897/897/897 901/901/901 902/902/902
f 897/897/897 902/902/902 903/903/903
f 897/897/897 903/903/903 904/904/904
f 923/923/923 922/922/922 921/921/921
f 924/924/924 923/923/923 921/921/921
f 925/925/925 924/924/924 921/921/921
f 926/926/926 925/925/925 921/921/921
f 927/927/927 926/926/926 921/921/921
f 928/928/928 927/927/927 921/921/921
f 929/929/929 937/937/937 930/930/930
f 930/930/930 937/937/937 938/938/938
f 930/930/930 938/938/938 931/931/931
f 931/931/931 938/938/938 939/939/939
f 931/931/931 939/939/939 932/932/932
f 932/932/932 939/939/939 940/940/940
f 932/932/932 940/940/940 933/933/933
f 933/933/933 940/940/940 941/941/941
f 933/933/933 941/941/941 934/934/934
f 934/934/934 941/941/941 942/942/942
f 934/934/934 942/942/942 935/935/935
f 935/935/935 942/942/942 943/943/943
f 935/935/935 943/943/943 936/936/936
f 936/936/936 943/943/943 944/944/944
f 936/936/936 944/944/944 929/929/929
f 929/929/929 944/944/944 937/937/937
f 937/937/937 945/945/945 938/938/938
f 938/938/938 945/945/945 946/946/946
f 938/938/938 946/946/946 939/939/939
f 939/939/939 946/946/946 947/947/947
f 939/939/939 947/947/947 940/940/940
f 940/940/940 947/947/947 948/948/948
f 940/940/940 948/948/948 941/941/941
f 941/941/941 948/948/948 949/949/949
f 941/941/941 949/949/949 942/942/942
f 942/942/942 949/949/949 950/950/950
f 942/942/942 950/950/950 943/943/943
f 943/943/943 950/950/950 951/951/951
f 943/943/943 951/951/951 944/944/944
f 944/944/944 951/951/951 952/952/952
f 944/944/944 952/952/952 937/937/937
f 937/937/937 952/952/952 945/945/945
f 945/945/945 953/953/953 946/946/946
f 946/946/946 953/953/953 954/954/954
f 946/946/946 954/954/954 947/947/947
f 947/947/947 954/954/954 955/955/955
f 947/947/947 955/955/955 948/948/948
f 948/948/948 955/955/955 956/956/956
f 948/948/948 956/956/956 949/949/949
f 949/949/949 956/956/956 957/957/957
f 949/949/949 957/957/957 950/950/950
f 950/950/950 957/957/957 958/958/958
f 950/950/950 958/958/958 951/951/951
f 951/951/951 958/958/958 959/959/959
f 951/951/951 959/959/959 952/952/952
f 952/952/952 959/959/959 960/960/960
f 952/952/952 960/960/960 945/945/945
f 945/945/945 960/960/960 953/953/953
f 929/929/929 930/930/930 931/931/931
f 929/929/929 931/931/931 932/932/932
f 929/929/929 932/932/932 933/933/933
f 929/929/929 933/933/933 934/934/934
f 929/929/929 934/934/934 935/935/935
f 929/929/929 935/935/935 936/936/936
f 955/955/955 954/954/954 953/953/953
f 956/956/956 955/955/955 953/953/953
f 957/957/957 956/956/956 953/953/953
f 958/958/958 957/957/957 953/953/953
f 959/959/959 958/958/958 953/953/953
f 960/960/960 959/959/959 953/953/953
f 961/961/961 969/969/969 962/962/962
f 962/962/962 969/969/969 970/970/970
f 962/962/962 970/970/970 963/963/963
f 963/963/963 970/970/970 971/971/971
f 963/963/963 971/971/971 964/964/964
f 964/964/964 971/971/971 972/972/972
f 964/964/964 972/972/972 965/965/965
f 965/965/965 972/972/972 973/973/973
f 965/965/965 973/973/973 966/966/966
f 966/966/966 973/973/973 974/974/974
f 966/966/966 974/974/974 967/967/967
f 967/967/967 974/974/974 975/975/975
f 967/967/967 975/975/975 968/968/968
f 968/968/968 975/975/975 976/976/976
f 968/968/968 976/976/976 961/961/961
f 961/961/961 976/976/976 969/969/969
f 969/969/969 977/977/977 970/970/970
f 970/970/970 977/977/977 978/978/978
f 970/970/970 978/978/978 971/971/971
f 971/971/971 978/978/978 979/979/979
f 971/971/971 979/979/979 972/972/972
f 972/972/972 979/979/979 980/980/980
f 972/972/972 980/980/980 973/973/973
f 973/973/973 980/980/980 981/981/981
f 973/973/973 981/981/981 974/974/974
f 974/974/974 981/981/981 982/982/982
f 974/974/974 982/982/982 975/975/975
f 975/975/975 982/982/982 983/983/983
f 975/975/975 983/983/983 976/976/976
f 976/976/976 983/983/983 984/984/984
f 976/976/976 984/984/984 969/969/969
f 969/969/969 984/984/984 977/977/977
f 977/977/977 985/985/985 978/978/978
f 978/978/978 985/985/985 986/986/986
f 978/978/978 986/986/986 979/979/979
f 979/979/979 986/986/986 987/987/987
f 979/979/979 987/987/987 980/980/980
f 980/980/980 987/987/987 988/988/988
f 980/980/980 988/988/988 981/981/981
f 981/981/981 988/988/988 989/989/989
f 981/981/981 989/989/989 982/982/982
f 982/982/982 989/989/989 990/990/990
f 982/982/982 990/990/990 983/983/983
f 983/983/983 990/990/990 991/991/991
f 983/983/983 991/991/991 984/984/984
f 984/984/984 991/991/991 992/992/992
f 984/984/984 992/992/992 977/977/977
f 977/977/977 992/992/992 985/985/985
f 961/961/961 962/962/962 963/963/963
f 961/961/961 963/963/963 964/964/964
f 961/961/961 964/964/964 965/965/965
f 961/961/961 965/965/965 966/966/966
f 961/961/961 966/966/966 967/967/967
f 961/961/961 967/967/967 968/968/968
f 987/987/987 986/986/986 985/985/985
f 988/988/988 987/987/987 985/985/985
f 989/989/989 988/988/988 985/985/985
f 990/990/990 989/989/989 985/985/985
f 991/991/991 990/990/990 985/985/985
f 992/992/992 991/991/991 985/985/985
f 993/993/993 1001/1001/1001 994/994/994
f 994/994/994 1001/1001/1001 1002/1002/1002
f 994/994/994 1002/1002/1002 995/995/995
f 995/995/995 1002/1002/1002 1003/1003/1003
f 995/995/995 1003/1003/1003 996/996/996
f 996/996/996 1003/1003/1003 1004/1004/1004
f 996/996/996 1004/1004/1004 997/997/997
f 997/997/997 1004/1004/1004 1005/1005/1005
f 997/997/997 1005/1005/1005 998/998/998
f 998/998/998 1005/1005/1005 1006/1006/1006
f 998/998/998 1006/1006/1006 999/999/999
f 999/999/999 1006/1006/1006 1007/1007/1007
f 999/999/999 1007/1007/1007 1000/1000/1000
f 1000/1000/1000 1007/1007/1007 1008/1008/1008
f 1000/1000/1000 1008/1008/1008 993/993/993
f 993/993/993 1008/1008/1008 1001/1001/1001
f 1001/1001/1001 1009/1009/1009 1002/1002/1002
f 1002/1002/1002 1009/1009/1009 1010/1010/1010
f 1002/1002/1002 1010/1010/1010 1003/1003/1003
f 1003/1003/1003 1010/1010/1010 1011/1011/1011
f 1003/1003/1003 1011/1011/1011 1004/1004/1004
f 1004/1004/1004 1011/1011/1011 1012/1012/1012
f 1004/1004/1004 1012/1012/1012 1005/1005/1005
f 1005/1005/1005 1012/1012/1012 1013/1013/1013
f 1005/1005/1005 1013/1013/1013 1006/1006/1006
f 1006/1006/1006 1013/1013/1013 1014/1014/1014
f 1006/1006/1006 1014/1014/1014 1007/1007/1007
f 1007/1007/1007 1014/1014/1014 1015/1015/1015
f 1007/1007/1007 1015/1015/1015 1008/1008/1008
f 1008/1008/1008 1015/1015/1015 1016/1016/1016
f 1008/1008/1008 1016/1016/1016 1001/1001/1001
f 1001/1001/1001 1016/1016/1016 1009/1009/1009
f 1009/1009/1009 1017/1017/1017 1010/1010/1010
f 1010/1010/1010 1017/1017/1017 1018/1018/1018
f 1010/1010/1010 1018/1018/1018 1011/1011/1011
f 1011/1011/1011 1018/1018/1018 1019/1019/1019
f 1011/1011/1011 1019/1019/1019 1012/1012/1012
f 1012/1012/1012 1019/1019/1019 1020/1020/1020
f 1012/1012/1012 1020/1020/1020 1013/1013/1013
f 1013/1013/1013 1020/1020/1020 1021/1021/1021
f 1013/1013/1013 1021/1021/1021 1014/1014/1014
f 1014/1014/1014 1021/1021/1021 1022/1022/1022
f 1014/1014/1014 1022/1022/1022 1015/1015/1015
f 1015/1015/1015 1022/1022/1022 1023/1023/1023
f 1015/1015/1015 1023/1023/1023 1016/1016/1016
f 1016/1016/1016 1023/1023/1023 1024/1024/1024
f 1016/1016/1016 1024/1024/1024 1009/1009/1009
f 1009/1009/1009 1024/1024/1024 1017/1017/1017
f 993/993/993 994/994/994 995/995/995
f 993/993/993 995/995/995 996/996/996
f 993/993/993 996/996/996 997/997/997
f 993/993/993 997/997/997 998/998/998
f 993/993/993 998/998/998 999/999/999
f 993/993/993 999/999/999 1000/1000/1000
f 1019/1019/1019 1018/1018/1018 1017/1017/1017
f 1020/1020/1020 1019/1019/1019 1017/1017/1017
f 1021/1021/1021 1020/1020/1020 1017/1017/1017
f 1022/1022/1022 1021/1021/1021 1017/1017/1017
f 1023/1023/1023 1022/1022/1022 1017/1017/1017
f 1024/1024/1024 1023/1023/1023 1017/1017/1017
f 1025/1025/1025 1033/1033/1033 1026/1026/1026
f 1026/1026/1026 1033/1033/1033 1034/1034/1034
f 1026/1026/1026 1034/1034/1034 1027/1027/1027
f 1027/1027/1027 1034/1034/1034 1035/1035/1035
f 1027/1027/1027 1035/1035/1035 1028/1028/1028
f 1028/1028/1028 1035/1035/1035 1036/1036/1036
f 1028/1028/1028 1036/1036/1036 1029/1029/1029
f 1029/1029/1029 1036/1036/1036 1037/1037/1037
f 1029/1029/1029 1037/1037/1037 1030/1030/1030
f 1030/1030/1030 1037/1037/1037 1038/1038/1038
f 1030/1030/1030 1038/1038/1038 1031/1031/1031
f 1031/1031/1031 1038/1038/1038 1039/1039/1039
f 1031/1031/1031 1039/1039/1039 1032/1032/1032
f 1032/1032/1032 1039/1039/1039 1040/1040/1040
f 1032/1032/1032 1040/1040/1040 1025/1025/1025
f 1025/1025/1025 1040/1040/1040 1033/1033/1033
f 1033/1033/1033 1041/1041/1041 1034/1034/1034
f 1034/1034/1034 1041/1041/1041 1042/1042/1042
f 1034/1034/1034 1042/1042/1042 1035/1035/1035
f 1035/1035/1035 1042/1042/1042 1043/1043/1043
f 1035/1035/1035 1043/1043/1043 1036/1036/1036
f 1036/1036/1036 1043/1043/1043 1044/1044/1044
f 1036/1036/1036 1044/1044/1044 1037/1037/1037
f 1037/1037/1037 1044/1044/1044 1045/1045/1045
f 1037/1037/1037 1045/1045/1045 1038/1038/1038
f 1038/1038/1038 1045/1045/1045 1046/1046/1046
f 1038/1038/1038 1046/1046/1046 1039/1039/1039
f 1039/1039/1039 1046/1046/1046 1047/1047/1047
f 1039/1039/1039 1047/1047/1047 1040/1040/1040
f 1040/1040/1040 1047/1047/1047 1048/1048/1048
f 1040/1040/1040 1048/1048/1048 1033/1033/1033
f 1033/1033/1033 1048/1048/1048 1041/1041/1041
f 1041/1041/1041 1049/1049/1049 1042/1042/1042
f 1042/1042/1042 1049/1049/1049 1050/1050/1050
f 1042/1042/1042 1050/1050/1050 1043/1043/1043
f 1043/1043/1043 1050/1050/1050 1051/1051/1051
f 1043/1043/1043 1051/1051/1051 1044/1044/1044
f 1044/1044/1044 1051/1051/1051 1052/1052/1052
f 1044/1044/1044 1052/1052/1052 1045/1045/1045
f 1045/1045/1045 1052/1052/1052 1053/1053/1053
f 1045/1045/1045 1053/1053/1053 1046/1046/1046
f 1046/1046/1046 1053/1053/1053 1054/1054/1054
f 1046/1046/1046 1054/1054/1054 1047/1047/1047
f 1047/1047/1047 1054/1054/1054 1055/1055/1055
f 1047/1047/1047 1055/1055/1055 1048/1048/1048
f 1048/1048/1048 1055/1055/1055 1056/1056/1056
f 1048/1048/1048 1056/1056/1056 1041/1041/1041
f 1041/1041/1041 1056/1056/1056 1049/1049/1049
f 1025/1025/1025 1026/1026/1026 1027/1027/1027
f 1025/1025/1025 1027/1027/1027 1028/1028/1028
f 1025/1025/1025 1028/1028/1028 1029/1029/1029
f 1025/1025/1025 1029/1029/1029 1030/1030/1030
f 1025/1025/1025 1030/1030/1030 1031/1031/1031
f 1025/1025/1025 1031/1031/1031 1032/1032/1032
f 1051/1051/1051 1050/1050/1050 1049/1049/1049
f 1052/1052/1052 1051/1051/1051 1049/1049/1049
f 1053/1053/1053 1052/1052/1052 1049/1049/1049
f 1054/1054/1054 1053/1053/1053 1049/1049/1049
f 1055/1055/1055 1054/1054/1054 1049/1049/1049
f 1056/1056/1056 1055/1055/1055 1049/1049/1049
f 1057/1057/1057 1065/1065/1065 1058/1058/1058
f 1058/1058/1058 1065/1065/1065 1066/1066/1066
f 1058/1058/1058 1066/1066/1066 1059/1059/1059
f 1059/1059/1059 1066/1066/1066 1067/1067/1067
f 1059/1059/1059 1067/1067/1067 1060/1060/1060
f 1060/1060/1060 1067/1067/1067 1068/1068/1068
f 1060/1060/1060 1068/1068/1068 1061/1061/1061
f 1061/1061/1061 1068/1068/1068 1069/1069/1069
f 1061/1061/1061 1069/1069/1069 1062/1062/1062
f 1062/1062/1062 1069/1069/1069 1070/1070/1070
f 1062/1062/1062 1070/1070/1070 1063/1063/1063
f 1063/1063/1063 1070/1070/1070 1071/1071/1071
f 1063/1063/1063 1071/1071/1071 1064/1064/1064
f 1064/1064/1064 1071/1071/1071 1072/1072/1072
f 1064/1064/1064 1072/1072/1072 1057/1057/1057
f 1057/1057/1057 1072/1072/1072 1065/1065/1065
f 1065/1065/1065 1073/1073/1073 1066/1066/1066
f 1066/1066/1066 1073/1073/1073 1074/1074/1074
f 1066/1066/1066 1074/1074/1074 1067/1067/1067
f 1067/1067/1067 1074/1074/1074 1075/1075/1075
f 1067/1067/1067 1075/1075/1075 1068/1068/1068
f 1068/1068/1068 1075/1075/1075 1076/1076/1076
f 1068/1068/1068 1076/1076/1076 1069/1069/1069
f 1069/1069/1069 1076/1076/1076 1077/1077/1077
f 1069/1069/1069 1077/1077/1077 1070/1070/1070
f 1070/1070/1070 1077/1077/1077 1078/1078/1078
f 1070/1070/1070 1078/1078/1078 1071/1071/1071
f 1071/1071/1071 1078/1078/1078 1079/1079/1079
f 1071/1071/1071 1079/1079/1079 1072/1072/1072
f 1072/1072/1072 1079/1079/1079 1080/1080/1080
f 1072/1072/1072 1080/1080/1080 1065/1065/1065
f 1065/1065/1065 1080/1080/1080 1073/1073/1073
f 1073/1073/1073 1081/1081/1081 1074/1074/1074
f 1074/1074/1074 1081/1081/1081 1082/1082/1082
f 1074/1074/1074 1082/1082/1082 1075/1075/1075
f 1075/1075/1075 1082/1082/1082 1083/1083/1083
f 1075/1075/1075 1083/1083/1083 1076/1076/1076
f 1076/1076/1076 1083/1083/1083 1084/1084/1084
f 1076/1076/1076 1084/1084/1084 1077/1077/1077
f 1077/1077/1077 1084/1084/1084 1085/1085/1085
f 1077/1077/1077 1085/1085/1085 1078/1078/1078
f 1078/1078/1078 1085/1085/1085 1086/1086/1086
f 1078/1078/1078 1086/1086/1086 1079/1079/1079
f 1079/1079/1079 1086/1086/1086 1087/1087/1087
f 1079/1079/1079 1087/1087/1087 1080/1080/1080
f 1080/1080/1080 1087/1087/1087 1088/1088/1088
f 1080/1080/1080 1088/1088/1088 1073/1073/1073
f 1073/1073/1073 1088/1088/1088 1081/1081/1081
f 1057/1057/1057 1058/1058/1058 1059/1059/1059
f 1057/1057/1057 1059/1059/1059 1060/1060/1060
f 1057/1057/1057 1060/1060/1060 1061/1061/1061
f 1057/1057/1057 1061/1061/1061 1062/1062/1062
f 1057/1057/1057 1062/1062/1062 1063/1063/1063
f 1057/1057/1057 1063/1063/1063 1064/1064/1064
f 1083/1083/1083 1082/1082/1082 1081/1081/1081
f 1084/1084/1084 1083/1083/1083 1081/1081/1081
f 1085/1085/1085 1084/1084/1084 1081/1081/1081
f 1086/1086/1086 1085/1085/1085 1081/1081/1081
f 1087/1087/1087 1086/1086/1086 1081/1081/1081
f 1088/1088/1088 1087/1087/1087 1081/1081/1081
f 1089/1089/1089 1097/1097/1097 1090/1090/1090
f 1090/1090/1090 1097/1097/1097 1098/1098/1098
f 1090/1090/1090 1098/1098/1098 1091/1091/1091
f 1091/1091/1091 1098/1098/1098 1099/1099/1099
f 1091/1091/1091 1099/1099/1099 1092/1092/1092
f 1092/1092/1092 1099/1099/1099 1100/1100/1100
f 1092/1092/1092 1100/1100/1100 1093/1093/1093
f 1093/1093/1093 1100/1100/1100 1101/1101/1101
f 1093/1093/1093 1101/1101/1101 1094/1094/1094
f 1094/1094/1094 1101/1101/1101 1102/1102/1102
f 1094/1094/1094 1102/1102/1102 1095/1095/1095
f 1095/1095/1095 1102/1102/1102 1103/1103/1103
f 1095/1095/1095 1103/1103/1103 1096/1096/1096
f 1096/1096/1096 1103/1103/1103 1104/1104/1104
f 1096/1096/1096 1104/1104/1104 1089/1089/1089
f 1089/1089/1089 1104/1104/1104 1097/1097/1097
f 1097/1097/1097 1105/1105/1105 1098/1098/1098
f 1098/1098/1098 1105/1105/1105 1106/1106/1106
f 1098/1098/1098 1106/1106/1106 1099/1099/1099
f 1099/1099/1099 1106/1106/1106 1107/1107/1107
f 1099/1099/1099 1107/1107/1107 1100/1100/1100
f 1100/1100/1100 1107/1107/1107 1108/1108/1108
f 1100/1100/1100 1108/1108/1108 1101/1101/1101
f 1101/1101/1101 1108/1108/1108 1109/1109/1109
f 1101/1101/1101 1109/1109/1109 1102/1102/1102
f 1102/1102/1102 1109/1109/1109 1110/1110/1110
f 1102/1102/1102 1110/1110/1110 1103/1103/1103
f 1103/1103/1103 1110/1110/1110 1111/1111/1111
f 1103/1103/1103 1111/1111/1111 1104/1104/1104
f 1104/1104/1104 1111/1111/1111 1112/1112/1112
f 1104/1104/1104 1112/1112/1112 1097/1097/1097
f 1097/1097/1097 1112/1112/1112 1105/1105/1105
f 1105/1105/1105 1113/1113/1113 1106/1106/1106
f 1106/1106/1106 1113/1113/1113 1114/1114/1114
f 1106/1106/1106 1114/1114/1114 1107/1107/1107
f 1107/1107/1107 1114/1114/1114 1115/1115/1115
f 1107/1107/1107 1115/1115/1115 1108/1108/1108
f 1108/1108/1108 1115/1115/1115 1116/1116/1116
f 1108/1108/1108 1116/1116/1116 1109/1109/1109
f 1109/1109/1109 1116/1116/1116 1117/1117/1117
f 1109/1109/1109 1117/1117/1117 1110/1110/1110
f 1110/1110/1110 1117/1117/1117 1118/1118/1118
f 1110/1110/1110 1118/1118/1118 1111/1111/1111
f 1111/1111/1111 1118/1118/1118 1119/1119/1119
f 1111/1111/1111 1119/1119/1119 1112/1112/1112
f 1112/1112/1112 1119/1119/1119 1120/1120/1120
f 1112/1112/1112 1120/1120/1120 1105/1105/1105
f 1105/1105/1105 1120/1120/1120 1113/1113/1113
f 1089/1089/1089 1090/1090/1090 1091/1091/1091
f 1089/1089/1089 1091/1091/1091 1092/1092/1092
f 1089/1089/1089 1092/1092/1092 1093/1093/1093
f 1089/1089/1089 1093/1093/1093 1094/1094/1094
f 1089/1089/1089 1094/1094/1094 1095/1095/1095
f 1089/1089/1089 1095/1095/1095 1096/1096/1096
f 1115/1115/1115 1114/1114/1114 1113/1113/1113
f 1116/1116/1116 1115/1115/1115 1113/1113/1113
f 1117/1117/1117 1116/1116/1116 1113/1113/1113
f 1118/1118/1118 1117/1117/1117 1113/1113/1113
f 1119/1119/1119 1118/1118/1118 1113/1113/1113
f 1120/1120/1120 1119/1119/1119 1113/1113/1113
f 1121/1121/1121 1129/1129/1129 1122/1122/1122
f 1122/1122/1122 1129/1129/1129 1130/1130/1130
f 1122/1122/1122 1130/1130/1130 1123/1123/1123
f 1123/1123/1123 1130/1130/1130 1131/1131/1131
f 1123/1123/1123 1131/1131/1131 1124/1124/1124
f 1124/1124/1124 1131/1131/1131 1132/1132/1132
f 1124/1124/1124 1132/1132/1132 1125/1125/1125
f 1125/1125/1125 1132/1132/1132 1133/1133/1133
f 1125/1125/1125 1133/1133/1133 1126/1126/1126
f 1126/1126/1126 1133/1133/1133 1134/1134/1134
f 1126/1126/1126 1134/1134/1134 1127/1127/1127
f 1127/1127/1127 1134/1134/1134 1135/1135/1135
f 1127/1127/1127 1135/1135/1135 1128/1128/1128
f 1128/1128/1128 1135/1135/1135 1136/1136/1136
f 1128/1128/1128 1136/1136/1136 1121/1121/1121
f 1121/1121/1121 1136/1136/1136 1129/1129/1129
f 1129/1129/1129 1137/1137/1137 1130/1130/1130
f 1130/1130/1130 1137/1137/1137 1138/1138/1138
f 1130/1130/1130 1138/1138/1138 1131/1131/1131
f 1131/1131/1131 1138/1138/1138 1139/1139/1139
f 1131/1131/1131 1139/1139/1139 1132/1132/1132
f 1132/1132/1132 1139/1139/1139 1140/1140/1140
f 1132/1132/1132 1140/1140/1140 1133/1133/1133
f 1133/1133/1133 1140/1140/1140 1141/1141/1141
f 1133/1133/1133 1141/1141/1141 1134/1134/1134
f 1134/1134/1134 1141/1141/1141 1142/1142/1142
f 1134/1134/1134 1142/1142/1142 1135/1135/1135
f 1135/1135/1135 1142/1142/1142 1143/1143/1143
f 1135/1135/1135 1143/1143/1143 1136/1136/1136
f 1136/1136/1136 1143/1143/1143 1144/1144/1144
f 1136/1136/1136 1144/1144/1144 1129/1129/1129
f 1129/1129/1129 1144/1144/1144 1137/1137/1137
f 1137/1137/1137 1145/1145/1145 1138/1138/1138
f 1138/1138/1138 1145/1145/1145 1146/1146/1146
f 1138/1138/1138 1146/1146/1146 1139/1139/1139
f 1139/1139/1139 1146/1146/1146 1147/1147/1147
f 1139/1139/1139 1147/1147/1147 1140/1140/1140
f 1140/1140/1140 1147/1147/1147 1148/1148/1148
f 1140/1140/1140 1148/1148/1148 1141/1141/1141
f 1141/1141/1141 1148/1148/1148 1149/1149/1149
f 1141/1141/1141 1149/1149/1149 1142/1142/1142
f 1142/1142/1142 1149/1149/1149 1150/1150/1150
f 1142/1142/1142 1150/1150/1150 1143/1143/1143
f 1143/1143/1143 1150/1150/1150 1151/1151/1151
f 1143/1143/1143 1151/1151/1151 1144/1144/1144
f 1144/1144/1144 1151/1151/1151 1152/1152/1152
f 1144/1144/1144 1152/1152/1152 1137/1137/1137
f 1137/1137/1137 1152/1152/1152 1145/1145/1145
f 1121/1121/1121 1122/1122/1122 1123/1123/1123
f 1121/1121/1121 1123/1123/1123 1124/1124/1124
f 1121/1121/1121 1124/1124/1124 1125/1125/1125
f 1121/1121/1121 1125/1125/1125 1126/1126/1126
f 1121/1121/1121 1126/1126/1126 1127/1127/1127
f 1121/1121/1121 1127/1127/1127 1128/1128/1128
f 1147/1147/1147 1146/1146/1146 1145/1145/1145
f 1148/1148/1148 1147/1147/1147 1145/1145/1145
f 1149/1149/1149 1148/1148/1148 1145/1145/1145
f 1150/1150/1150 1149/1149/1149 1145/1145/1145
f 1151/1151/1151 1150/1150/1150 1145/1145/1145
f 1152/1152/1152 1151/1151/1151 1145/1145/1145
