# Original Tetherbound Veilfall mesh. See source/generate_waterfall.py.
o splash_arcs
v -6.205100 -5.300000 -1.990000
v -6.200000 -5.300000 -1.990000
v -6.194900 -5.300000 -1.990000
v -6.133742 -5.098121 -2.011029
v -6.117642 -5.098121 -2.011029
v -6.101543 -5.098121 -2.011029
v -6.061635 -4.910000 -2.032059
v -6.035285 -4.910000 -2.032059
v -6.008935 -4.910000 -2.032059
v -5.988079 -4.748457 -2.053088
v -5.952927 -4.748457 -2.053088
v -5.917775 -4.748457 -2.053088
v -5.912476 -4.624500 -2.074117
v -5.870570 -4.624500 -2.074117
v -5.828664 -4.624500 -2.074117
v -5.834364 -4.546578 -2.095147
v -5.788212 -4.546578 -2.095147
v -5.742060 -4.546578 -2.095147
v -5.753455 -4.520000 -2.116176
v -5.705855 -4.520000 -2.116176
v -5.658255 -4.520000 -2.116176
v -5.669649 -4.546578 -2.137205
v -5.623497 -4.546578 -2.137205
v -5.577345 -4.546578 -2.137205
v -5.583046 -4.624500 -2.158235
v -5.541140 -4.624500 -2.158235
v -5.499233 -4.624500 -2.158235
v -5.493934 -4.748457 -2.179264
v -5.458782 -4.748457 -2.179264
v -5.423630 -4.748457 -2.179264
v -5.402774 -4.910000 -2.200293
v -5.376424 -4.910000 -2.200293
v -5.350074 -4.910000 -2.200293
v -5.310167 -5.098121 -2.221323
v -5.294067 -5.098121 -2.221323
v -5.277967 -5.098121 -2.221323
v -5.216809 -5.300000 -2.242352
v -5.211709 -5.300000 -2.242352
v -5.206609 -5.300000 -2.242352
v -6.205100 -5.300000 -1.990000
v -6.200000 -5.300000 -1.990000
v -6.194900 -5.300000 -1.990000
v -6.215720 -5.043769 -2.089999
v -6.199620 -5.043769 -2.089999
v -6.183521 -5.043769 -2.089999
v -6.225591 -4.805000 -2.189999
v -6.199241 -4.805000 -2.189999
v -6.172891 -4.805000 -2.189999
v -6.234013 -4.599964 -2.289998
v -6.198861 -4.599964 -2.289998
v -6.163709 -4.599964 -2.289998
v -6.240388 -4.442635 -2.389997
v -6.198481 -4.442635 -2.389997
v -6.156575 -4.442635 -2.389997
v -6.244254 -4.343733 -2.489996
v -6.198102 -4.343733 -2.489996
v -6.151950 -4.343733 -2.489996
v -6.245322 -4.310000 -2.589996
v -6.197722 -4.310000 -2.589996
v -6.150122 -4.310000 -2.589996
v -6.243494 -4.343733 -2.689995
v -6.197343 -4.343733 -2.689995
v -6.151191 -4.343733 -2.689995
v -6.238869 -4.442635 -2.789994
v -6.196963 -4.442635 -2.789994
v -6.155057 -4.442635 -2.789994
v -6.231735 -4.599964 -2.889994
v -6.196583 -4.599964 -2.889994
v -6.161431 -4.599964 -2.889994
v -6.222554 -4.805000 -2.989993
v -6.196204 -4.805000 -2.989993
v -6.169854 -4.805000 -2.989993
v -6.211924 -5.043769 -3.089992
v -6.195824 -5.043769 -3.089992
v -6.179724 -5.043769 -3.089992
v -6.200544 -5.300000 -3.189991
v -6.195444 -5.300000 -3.189991
v -6.190344 -5.300000 -3.189991
v -6.205100 -5.300000 -1.990000
v -6.200000 -5.300000 -1.990000
v -6.194900 -5.300000 -1.990000
v -6.105706 -4.989417 -2.022223
v -6.089607 -4.989417 -2.022223
v -6.073507 -4.989417 -2.022223
v -6.005563 -4.700000 -2.054445
v -5.979213 -4.700000 -2.054445
v -5.952863 -4.700000 -2.054445
v -5.903972 -4.451472 -2.086668
v -5.868820 -4.451472 -2.086668
v -5.833668 -4.451472 -2.086668
v -5.800333 -4.260770 -2.118891
v -5.758427 -4.260770 -2.118891
v -5.716520 -4.260770 -2.118891
v -5.694185 -4.140889 -2.151114
v -5.648033 -4.140889 -2.151114
v -5.601881 -4.140889 -2.151114
v -5.585240 -4.100000 -2.183336
v -5.537640 -4.100000 -2.183336
v -5.490040 -4.100000 -2.183336
v -5.473398 -4.140889 -2.215559
v -5.427246 -4.140889 -2.215559
v -5.381095 -4.140889 -2.215559
v -5.358759 -4.260770 -2.247782
v -5.316853 -4.260770 -2.247782
v -5.274947 -4.260770 -2.247782
v -5.241612 -4.451472 -2.280005
v -5.206460 -4.451472 -2.280005
v -5.171308 -4.451472 -2.280005
v -5.122416 -4.700000 -2.312227
v -5.096066 -4.700000 -2.312227
v -5.069716 -4.700000 -2.312227
v -5.001773 -4.989417 -2.344450
v -4.985673 -4.989417 -2.344450
v -4.969573 -4.989417 -2.344450
v -4.880380 -5.300000 -2.376673
v -4.875280 -5.300000 -2.376673
v -4.870180 -5.300000 -2.376673
v -6.205100 -5.300000 -1.990000
v -6.200000 -5.300000 -1.990000
v -6.194900 -5.300000 -1.990000
v -6.220026 -5.098121 -2.119941
v -6.203926 -5.098121 -2.119941
v -6.187826 -5.098121 -2.119941
v -6.234202 -4.910000 -2.249881
v -6.207852 -4.910000 -2.249881
v -6.181502 -4.910000 -2.249881
v -6.246930 -4.748457 -2.379822
v -6.211778 -4.748457 -2.379822
v -6.176626 -4.748457 -2.379822
v -6.257610 -4.624500 -2.509763
v -6.215704 -4.624500 -2.509763
v -6.173797 -4.624500 -2.509763
v -6.265781 -4.546578 -2.639704
v -6.219629 -4.546578 -2.639704
v -6.173478 -4.546578 -2.639704
v -6.271155 -4.520000 -2.769644
v -6.223555 -4.520000 -2.769644
v -6.175955 -4.520000 -2.769644
v -6.273633 -4.546578 -2.899585
v -6.227481 -4.546578 -2.899585
v -6.181329 -4.546578 -2.899585
v -6.273313 -4.624500 -3.029526
v -6.231407 -4.624500 -3.029526
v -6.189501 -4.624500 -3.029526
v -6.270485 -4.748457 -3.159466
v -6.235333 -4.748457 -3.159466
v -6.200181 -4.748457 -3.159466
v -6.265609 -4.910000 -3.289407
v -6.239259 -4.910000 -3.289407
v -6.212909 -4.910000 -3.289407
v -6.259284 -5.098121 -3.419348
v -6.243185 -5.098121 -3.419348
v -6.227085 -5.098121 -3.419348
v -6.252211 -5.300000 -3.549288
v -6.247111 -5.300000 -3.549288
v -6.242011 -5.300000 -3.549288
v -6.205100 -5.300000 -1.990000
v -6.200000 -5.300000 -1.990000
v -6.194900 -5.300000 -1.990000
v -6.135361 -5.043769 -2.016577
v -6.119262 -5.043769 -2.016577
v -6.103162 -5.043769 -2.016577
v -6.064873 -4.805000 -2.043153
v -6.038523 -4.805000 -2.043153
v -6.012173 -4.805000 -2.043153
v -5.992937 -4.599964 -2.069730
v -5.957785 -4.599964 -2.069730
v -5.922633 -4.599964 -2.069730
v -5.918953 -4.442635 -2.096307
v -5.877047 -4.442635 -2.096307
v -5.835141 -4.442635 -2.096307
v -5.842460 -4.343733 -2.122884
v -5.796308 -4.343733 -2.122884
v -5.750157 -4.343733 -2.122884
v -5.763170 -4.310000 -2.149460
v -5.715570 -4.310000 -2.149460
v -5.667970 -4.310000 -2.149460
v -5.680984 -4.343733 -2.176037
v -5.634832 -4.343733 -2.176037
v -5.588680 -4.343733 -2.176037
v -5.595999 -4.442635 -2.202614
v -5.554093 -4.442635 -2.202614
v -5.512187 -4.442635 -2.202614
v -5.508507 -4.599964 -2.229191
v -5.473355 -4.599964 -2.229191
v -5.438203 -4.599964 -2.229191
v -5.418967 -4.805000 -2.255767
v -5.392617 -4.805000 -2.255767
v -5.366267 -4.805000 -2.255767
v -5.327978 -5.043769 -2.282344
v -5.311878 -5.043769 -2.282344
v -5.295779 -5.043769 -2.282344
v -5.236240 -5.300000 -2.308921
v -5.231140 -5.300000 -2.308921
v -5.226040 -5.300000 -2.308921
v -6.205100 -5.300000 -1.990000
v -6.200000 -5.300000 -1.990000
v -6.194900 -5.300000 -1.990000
v -6.222516 -4.989417 -2.089794
v -6.206416 -4.989417 -2.089794
v -6.190316 -4.989417 -2.089794
v -6.239182 -4.700000 -2.189588
v -6.212832 -4.700000 -2.189588
v -6.186482 -4.700000 -2.189588
v -6.254400 -4.451472 -2.289382
v -6.219248 -4.451472 -2.289382
v -6.184096 -4.451472 -2.289382
v -6.267570 -4.260770 -2.389176
v -6.225664 -4.260770 -2.389176
v -6.183758 -4.260770 -2.389176
v -6.278232 -4.140889 -2.488970
v -6.232080 -4.140889 -2.488970
v -6.185928 -4.140889 -2.488970
v -6.286096 -4.100000 -2.588764
v -6.238496 -4.100000 -2.588764
v -6.190896 -4.100000 -2.588764
v -6.291064 -4.140889 -2.688558
v -6.244912 -4.140889 -2.688558
v -6.198760 -4.140889 -2.688558
v -6.293234 -4.260770 -2.788352
v -6.251328 -4.260770 -2.788352
v -6.209422 -4.260770 -2.788352
v -6.292896 -4.451472 -2.888146
v -6.257744 -4.451472 -2.888146
v -6.222592 -4.451472 -2.888146
v -6.290510 -4.700000 -2.987940
v -6.264160 -4.700000 -2.987940
v -6.237810 -4.700000 -2.987940
v -6.286675 -4.989417 -3.087734
v -6.270576 -4.989417 -3.087734
v -6.254476 -4.989417 -3.087734
v -6.282091 -5.300000 -3.187528
v -6.276991 -5.300000 -3.187528
v -6.271891 -5.300000 -3.187528
v -6.205100 -5.300000 -1.990000
v -6.200000 -5.300000 -1.990000
v -6.194900 -5.300000 -1.990000
v -6.108151 -5.098121 -2.029649
v -6.092051 -5.098121 -2.029649
v -6.075951 -5.098121 -2.029649
v -6.010452 -4.910000 -2.069298
v -5.984102 -4.910000 -2.069298
v -5.957752 -4.910000 -2.069298
v -5.911306 -4.748457 -2.108948
v -5.876154 -4.748457 -2.108948
v -5.841002 -4.748457 -2.108948
v -5.810111 -4.624500 -2.148597
v -5.768205 -4.624500 -2.148597
v -5.726299 -4.624500 -2.148597
v -5.706408 -4.546578 -2.188246
v -5.660256 -4.546578 -2.188246
v -5.614104 -4.546578 -2.188246
v -5.599907 -4.520000 -2.227895
v -5.552307 -4.520000 -2.227895
v -5.504707 -4.520000 -2.227895
v -5.490510 -4.546578 -2.267545
v -5.444359 -4.546578 -2.267545
v -5.398207 -4.546578 -2.267545
v -5.378316 -4.624500 -2.307194
v -5.336410 -4.624500 -2.307194
v -5.294504 -4.624500 -2.307194
v -5.263613 -4.748457 -2.346843
v -5.228461 -4.748457 -2.346843
v -5.193309 -4.748457 -2.346843
v -5.146862 -4.910000 -2.386492
v -5.120512 -4.910000 -2.386492
v -5.094162 -4.910000 -2.386492
v -5.028663 -5.098121 -2.426141
v -5.012563 -5.098121 -2.426141
v -4.996464 -5.098121 -2.426141
v -4.909715 -5.300000 -2.465791
v -4.904615 -5.300000 -2.465791
v -4.899515 -5.300000 -2.465791
v -3.385100 -5.300000 -1.990000
v -3.380000 -5.300000 -1.990000
v -3.374900 -5.300000 -1.990000
v -3.408846 -5.043769 -2.119374
v -3.392746 -5.043769 -2.119374
v -3.376646 -5.043769 -2.119374
v -3.431842 -4.805000 -2.248747
v -3.405492 -4.805000 -2.248747
v -3.379142 -4.805000 -2.248747
v -3.453390 -4.599964 -2.378121
v -3.418238 -4.599964 -2.378121
v -3.383086 -4.599964 -2.378121
v -3.472890 -4.442635 -2.507495
v -3.430984 -4.442635 -2.507495
v -3.389078 -4.442635 -2.507495
v -3.489882 -4.343733 -2.636868
v -3.443730 -4.343733 -2.636868
v -3.397578 -4.343733 -2.636868
v -3.504076 -4.310000 -2.766242
v -3.456476 -4.310000 -2.766242
v -3.408876 -4.310000 -2.766242
v -3.515374 -4.343733 -2.895616
v -3.469222 -4.343733 -2.895616
v -3.423070 -4.343733 -2.895616
v -3.523874 -4.442635 -3.024989
v -3.481968 -4.442635 -3.024989
v -3.440062 -4.442635 -3.024989
v -3.529866 -4.599964 -3.154363
v -3.494714 -4.599964 -3.154363
v -3.459562 -4.599964 -3.154363
v -3.533810 -4.805000 -3.283736
v -3.507460 -4.805000 -3.283736
v -3.481110 -4.805000 -3.283736
v -3.536305 -5.043769 -3.413110
v -3.520206 -5.043769 -3.413110
v -3.504106 -5.043769 -3.413110
v -3.538052 -5.300000 -3.542484
v -3.532952 -5.300000 -3.542484
v -3.527852 -5.300000 -3.542484
v -3.385100 -5.300000 -1.990000
v -3.380000 -5.300000 -1.990000
v -3.374900 -5.300000 -1.990000
v -3.317354 -4.989417 -2.022001
v -3.301254 -4.989417 -2.022001
v -3.285154 -4.989417 -2.022001
v -3.248858 -4.700000 -2.054003
v -3.222508 -4.700000 -2.054003
v -3.196158 -4.700000 -2.054003
v -3.178914 -4.451472 -2.086004
v -3.143762 -4.451472 -2.086004
v -3.108610 -4.451472 -2.086004
v -3.106922 -4.260770 -2.118005
v -3.065016 -4.260770 -2.118005
v -3.023110 -4.260770 -2.118005
v -3.032422 -4.140889 -2.150006
v -2.986270 -4.140889 -2.150006
v -2.940119 -4.140889 -2.150006
v -2.955125 -4.100000 -2.182008
v -2.907525 -4.100000 -2.182008
v -2.859925 -4.100000 -2.182008
v -2.874931 -4.140889 -2.214009
v -2.828779 -4.140889 -2.214009
v -2.782627 -4.140889 -2.214009
v -2.791939 -4.260770 -2.246010
v -2.750033 -4.260770 -2.246010
v -2.708127 -4.260770 -2.246010
v -2.706439 -4.451472 -2.278012
v -2.671287 -4.451472 -2.278012
v -2.636135 -4.451472 -2.278012
v -2.618891 -4.700000 -2.310013
v -2.592541 -4.700000 -2.310013
v -2.566191 -4.700000 -2.310013
v -2.529895 -4.989417 -2.342014
v -2.513795 -4.989417 -2.342014
v -2.497695 -4.989417 -2.342014
v -2.440149 -5.300000 -2.374015
v -2.435049 -5.300000 -2.374015
v -2.429949 -5.300000 -2.374015
v -3.385100 -5.300000 -1.990000
v -3.380000 -5.300000 -1.990000
v -3.374900 -5.300000 -1.990000
v -3.409282 -5.098121 -2.089127
v -3.393182 -5.098121 -2.089127
v -3.377082 -5.098121 -2.089127
v -3.432714 -4.910000 -2.188255
v -3.406364 -4.910000 -2.188255
v -3.380014 -4.910000 -2.188255
v -3.454698 -4.748457 -2.287382
v -3.419546 -4.748457 -2.287382
v -3.384394 -4.748457 -2.287382
v -3.474634 -4.624500 -2.386510
v -3.432728 -4.624500 -2.386510
v -3.390821 -4.624500 -2.386510
v -3.492061 -4.546578 -2.485637
v -3.445909 -4.546578 -2.485637
v -3.399758 -4.546578 -2.485637
v -3.506691 -4.520000 -2.584764
v -3.459091 -4.520000 -2.584764
v -3.411491 -4.520000 -2.584764
v -3.518425 -4.546578 -2.683892
v -3.472273 -4.546578 -2.683892
v -3.426121 -4.546578 -2.683892
v -3.527361 -4.624500 -2.783019
v -3.485455 -4.624500 -2.783019
v -3.443549 -4.624500 -2.783019
v -3.533789 -4.748457 -2.882146
v -3.498637 -4.748457 -2.882146
v -3.463485 -4.748457 -2.882146
v -3.538169 -4.910000 -2.981274
v -3.511819 -4.910000 -2.981274
v -3.485469 -4.910000 -2.981274
v -3.541101 -5.098121 -3.080401
v -3.525001 -5.098121 -3.080401
v -3.508901 -5.098121 -3.080401
v -3.543283 -5.300000 -3.179529
v -3.538183 -5.300000 -3.179529
v -3.533083 -5.300000 -3.179529
v -3.385100 -5.300000 -1.990000
v -3.380000 -5.300000 -1.990000
v -3.374900 -5.300000 -1.990000
v -3.291095 -5.043769 -2.036892
v -3.274995 -5.043769 -2.036892
v -3.258895 -5.043769 -2.036892
v -3.196340 -4.805000 -2.083785
v -3.169990 -4.805000 -2.083785
v -3.143640 -4.805000 -2.083785
v -3.100136 -4.599964 -2.130677
v -3.064984 -4.599964 -2.130677
v -3.029832 -4.599964 -2.130677
v -3.001885 -4.442635 -2.177570
v -2.959979 -4.442635 -2.177570
v -2.918073 -4.442635 -2.177570
v -2.901126 -4.343733 -2.224462
v -2.854974 -4.343733 -2.224462
v -2.808822 -4.343733 -2.224462
v -2.797569 -4.310000 -2.271355
v -2.749969 -4.310000 -2.271355
v -2.702369 -4.310000 -2.271355
v -2.691115 -4.343733 -2.318247
v -2.644963 -4.343733 -2.318247
v -2.598812 -4.343733 -2.318247
v -2.581864 -4.442635 -2.365140
v -2.539958 -4.442635 -2.365140
v -2.498052 -4.442635 -2.365140
v -2.470105 -4.599964 -2.412032
v -2.434953 -4.599964 -2.412032
v -2.399801 -4.599964 -2.412032
v -2.356298 -4.805000 -2.458925
v -2.329948 -4.805000 -2.458925
v -2.303598 -4.805000 -2.458925
v -2.241042 -5.043769 -2.505817
v -2.224942 -5.043769 -2.505817
v -2.208843 -5.043769 -2.505817
v -2.125037 -5.300000 -2.552709
v -2.119937 -5.300000 -2.552709
v -2.114837 -5.300000 -2.552709
v -3.385100 -5.300000 -1.990000
v -3.380000 -5.300000 -1.990000
v -3.374900 -5.300000 -1.990000
v -3.417607 -4.989417 -2.118209
v -3.401507 -4.989417 -2.118209
v -3.385407 -4.989417 -2.118209
v -3.449364 -4.700000 -2.246417
v -3.423014 -4.700000 -2.246417
v -3.396664 -4.700000 -2.246417
v -3.479673 -4.451472 -2.374626
v -3.444521 -4.451472 -2.374626
v -3.409369 -4.451472 -2.374626
v -3.507935 -4.260770 -2.502834
v -3.466029 -4.260770 -2.502834
v -3.424122 -4.260770 -2.502834
v -3.533688 -4.140889 -2.631043
v -3.487536 -4.140889 -2.631043
v -3.441384 -4.140889 -2.631043
v -3.556643 -4.100000 -2.759252
v -3.509043 -4.100000 -2.759252
v -3.461443 -4.100000 -2.759252
v -3.576702 -4.140889 -2.887460
v -3.530550 -4.140889 -2.887460
v -3.484398 -4.140889 -2.887460
v -3.593963 -4.260770 -3.015669
v -3.552057 -4.260770 -3.015669
v -3.510151 -4.260770 -3.015669
v -3.608716 -4.451472 -3.143877
v -3.573564 -4.451472 -3.143877
v -3.538412 -4.451472 -3.143877
v -3.621421 -4.700000 -3.272086
v -3.595071 -4.700000 -3.272086
v -3.568721 -4.700000 -3.272086
v -3.632678 -4.989417 -3.400295
v -3.616579 -4.989417 -3.400295
v -3.600479 -4.989417 -3.400295
v -3.643186 -5.300000 -3.528503
v -3.638086 -5.300000 -3.528503
v -3.632986 -5.300000 -3.528503
v -3.385100 -5.300000 -1.990000
v -3.380000 -5.300000 -1.990000
v -3.374900 -5.300000 -1.990000
v -3.319710 -5.098121 -2.027278
v -3.303610 -5.098121 -2.027278
v -3.287511 -5.098121 -2.027278
v -3.253571 -4.910000 -2.064556
v -3.227221 -4.910000 -2.064556
v -3.200871 -4.910000 -2.064556
v -3.185984 -4.748457 -2.101834
v -3.150831 -4.748457 -2.101834
v -3.115679 -4.748457 -2.101834
v -3.116348 -4.624500 -2.139112
v -3.074442 -4.624500 -2.139112
v -3.032536 -4.624500 -2.139112
v -3.044204 -4.546578 -2.176390
v -2.998052 -4.546578 -2.176390
v -2.951901 -4.546578 -2.176390
v -2.969263 -4.520000 -2.213668
v -2.921663 -4.520000 -2.213668
v -2.874063 -4.520000 -2.213668
v -2.891425 -4.546578 -2.250945
v -2.845273 -4.546578 -2.250945
v -2.799122 -4.546578 -2.250945
v -2.810790 -4.624500 -2.288223
v -2.768884 -4.624500 -2.288223
v -2.726978 -4.624500 -2.288223
v -2.727647 -4.748457 -2.325501
v -2.692494 -4.748457 -2.325501
v -2.657342 -4.748457 -2.325501
v -2.642455 -4.910000 -2.362779
v -2.616105 -4.910000 -2.362779
v -2.589755 -4.910000 -2.362779
v -2.555815 -5.098121 -2.400057
v -2.539715 -5.098121 -2.400057
v -2.523616 -5.098121 -2.400057
v -2.468426 -5.300000 -2.437335
v -2.463326 -5.300000 -2.437335
v -2.458226 -5.300000 -2.437335
v -3.385100 -5.300000 -1.990000
v -3.380000 -5.300000 -1.990000
v -3.374900 -5.300000 -1.990000
v -3.415987 -5.043769 -2.088003
v -3.399887 -5.043769 -2.088003
v -3.383787 -5.043769 -2.088003
v -3.446124 -4.805000 -2.186005
v -3.419774 -4.805000 -2.186005
v -3.393424 -4.805000 -2.186005
v -3.474813 -4.599964 -2.284008
v -3.439661 -4.599964 -2.284008
v -3.404509 -4.599964 -2.284008
v -3.501454 -4.442635 -2.382010
v -3.459548 -4.442635 -2.382010
v -3.417641 -4.442635 -2.382010
v -3.525586 -4.343733 -2.480013
v -3.479434 -4.343733 -2.480013
v -3.433283 -4.343733 -2.480013
v -3.546921 -4.310000 -2.578016
v -3.499321 -4.310000 -2.578016
v -3.451721 -4.310000 -2.578016
v -3.565360 -4.343733 -2.676018
v -3.519208 -4.343733 -2.676018
v -3.473056 -4.343733 -2.676018
v -3.581001 -4.442635 -2.774021
v -3.539095 -4.442635 -2.774021
v -3.497189 -4.442635 -2.774021
v -3.594134 -4.599964 -2.872023
v -3.558982 -4.599964 -2.872023
v -3.523830 -4.599964 -2.872023
v -3.605219 -4.805000 -2.970026
v -3.578869 -4.805000 -2.970026
v -3.552519 -4.805000 -2.970026
v -3.614856 -5.043769 -3.068029
v -3.598756 -5.043769 -3.068029
v -3.582656 -5.043769 -3.068029
v -3.623743 -5.300000 -3.166031
v -3.618643 -5.300000 -3.166031
v -3.613543 -5.300000 -3.166031
v -0.475100 -5.300000 -1.990000
v -0.470000 -5.300000 -1.990000
v -0.464900 -5.300000 -1.990000
v -0.384523 -4.989417 -2.043919
v -0.368424 -4.989417 -2.043919
v -0.352324 -4.989417 -2.043919
v -0.293197 -4.700000 -2.097838
v -0.266847 -4.700000 -2.097838
v -0.240497 -4.700000 -2.097838
v -0.200423 -4.451472 -2.151757
v -0.165271 -4.451472 -2.151757
v -0.130119 -4.451472 -2.151757
v -0.105601 -4.260770 -2.205676
v -0.063695 -4.260770 -2.205676
v -0.021789 -4.260770 -2.205676
v -0.008270 -4.140889 -2.259595
v 0.037882 -4.140889 -2.259595
v 0.084033 -4.140889 -2.259595
v 0.091858 -4.100000 -2.313514
v 0.139458 -4.100000 -2.313514
v 0.187058 -4.100000 -2.313514
v 0.194882 -4.140889 -2.367433
v 0.241034 -4.140889 -2.367433
v 0.287186 -4.140889 -2.367433
v 0.300704 -4.260770 -2.421351
v 0.342611 -4.260770 -2.421351
v 0.384517 -4.260770 -2.421351
v 0.409035 -4.451472 -2.475270
v 0.444187 -4.451472 -2.475270
v 0.479339 -4.451472 -2.475270
v 0.519413 -4.700000 -2.529189
v 0.545763 -4.700000 -2.529189
v 0.572113 -4.700000 -2.529189
v 0.631240 -4.989417 -2.583108
v 0.647340 -4.989417 -2.583108
v 0.663439 -4.989417 -2.583108
v 0.743816 -5.300000 -2.637027
v 0.748916 -5.300000 -2.637027
v 0.754016 -5.300000 -2.637027
v -0.475100 -5.300000 -1.990000
v -0.470000 -5.300000 -1.990000
v -0.464900 -5.300000 -1.990000
v -0.516269 -5.098121 -2.116451
v -0.500169 -5.098121 -2.116451
v -0.484069 -5.098121 -2.116451
v -0.556688 -4.910000 -2.242902
v -0.530338 -4.910000 -2.242902
v -0.503988 -4.910000 -2.242902
v -0.595659 -4.748457 -2.369353
v -0.560507 -4.748457 -2.369353
v -0.525355 -4.748457 -2.369353
v -0.632582 -4.624500 -2.495804
v -0.590676 -4.624500 -2.495804
v -0.548770 -4.624500 -2.495804
v -0.666996 -4.546578 -2.622255
v -0.620845 -4.546578 -2.622255
v -0.574693 -4.546578 -2.622255
v -0.698613 -4.520000 -2.748706
v -0.651013 -4.520000 -2.748706
v -0.603413 -4.520000 -2.748706
v -0.727334 -4.546578 -2.875157
v -0.681182 -4.546578 -2.875157
v -0.635030 -4.546578 -2.875157
v -0.753257 -4.624500 -3.001607
v -0.711351 -4.624500 -3.001607
v -0.669445 -4.624500 -3.001607
v -0.776672 -4.748457 -3.128058
v -0.741520 -4.748457 -3.128058
v -0.706368 -4.748457 -3.128058
v -0.798039 -4.910000 -3.254509
v -0.771689 -4.910000 -3.254509
v -0.745339 -4.910000 -3.254509
v -0.817958 -5.098121 -3.380960
v -0.801858 -5.098121 -3.380960
v -0.785758 -5.098121 -3.380960
v -0.837127 -5.300000 -3.507411
v -0.832027 -5.300000 -3.507411
v -0.826927 -5.300000 -3.507411
v -0.475100 -5.300000 -1.990000
v -0.470000 -5.300000 -1.990000
v -0.464900 -5.300000 -1.990000
v -0.412420 -5.043769 -2.032382
v -0.396320 -5.043769 -2.032382
v -0.380220 -5.043769 -2.032382
v -0.348990 -4.805000 -2.074765
v -0.322640 -4.805000 -2.074765
v -0.296290 -4.805000 -2.074765
v -0.284112 -4.599964 -2.117147
v -0.248960 -4.599964 -2.117147
v -0.213808 -4.599964 -2.117147
v -0.217186 -4.442635 -2.159529
v -0.175280 -4.442635 -2.159529
v -0.133374 -4.442635 -2.159529
v -0.147752 -4.343733 -2.201911
v -0.101600 -4.343733 -2.201911
v -0.055448 -4.343733 -2.201911
v -0.075520 -4.310000 -2.244294
v -0.027920 -4.310000 -2.244294
v 0.019680 -4.310000 -2.244294
v -0.000392 -4.343733 -2.286676
v 0.045760 -4.343733 -2.286676
v 0.091912 -4.343733 -2.286676
v 0.077534 -4.442635 -2.329058
v 0.119440 -4.442635 -2.329058
v 0.161346 -4.442635 -2.329058
v 0.157968 -4.599964 -2.371440
v 0.193120 -4.599964 -2.371440
v 0.228272 -4.599964 -2.371440
v 0.240450 -4.805000 -2.413823
v 0.266800 -4.805000 -2.413823
v 0.293150 -4.805000 -2.413823
v 0.324380 -5.043769 -2.456205
v 0.340480 -5.043769 -2.456205
v 0.356580 -5.043769 -2.456205
v 0.409060 -5.300000 -2.498587
v 0.414160 -5.300000 -2.498587
v 0.419260 -5.300000 -2.498587
v -0.475100 -5.300000 -1.990000
v -0.470000 -5.300000 -1.990000
v -0.464900 -5.300000 -1.990000
v -0.512600 -4.989417 -2.086425
v -0.496500 -4.989417 -2.086425
v -0.480400 -4.989417 -2.086425
v -0.549350 -4.700000 -2.182850
v -0.523000 -4.700000 -2.182850
v -0.496650 -4.700000 -2.182850
v -0.584652 -4.451472 -2.279275
v -0.549500 -4.451472 -2.279275
v -0.514348 -4.451472 -2.279275
v -0.617906 -4.260770 -2.375699
v -0.576000 -4.260770 -2.375699
v -0.534094 -4.260770 -2.375699
v -0.648652 -4.140889 -2.472124
v -0.602500 -4.140889 -2.472124
v -0.556348 -4.140889 -2.472124
v -0.676600 -4.100000 -2.568549
v -0.629000 -4.100000 -2.568549
v -0.581400 -4.100000 -2.568549
v -0.701652 -4.140889 -2.664974
v -0.655500 -4.140889 -2.664974
v -0.609348 -4.140889 -2.664974
v -0.723906 -4.260770 -2.761399
v -0.682000 -4.260770 -2.761399
v -0.640094 -4.260770 -2.761399
v -0.743652 -4.451472 -2.857824
v -0.708500 -4.451472 -2.857824
v -0.673348 -4.451472 -2.857824
v -0.761350 -4.700000 -2.954248
v -0.735000 -4.700000 -2.954248
v -0.708650 -4.700000 -2.954248
v -0.777600 -4.989417 -3.050673
v -0.761500 -4.989417 -3.050673
v -0.745400 -4.989417 -3.050673
v -0.793100 -5.300000 -3.147098
v -0.788000 -5.300000 -3.147098
v -0.782900 -5.300000 -3.147098
v -0.475100 -5.300000 -1.990000
v -0.470000 -5.300000 -1.990000
v -0.464900 -5.300000 -1.990000
v -0.388422 -5.098121 -2.050696
v -0.372322 -5.098121 -2.050696
v -0.356222 -5.098121 -2.050696
v -0.300994 -4.910000 -2.111392
v -0.274644 -4.910000 -2.111392
v -0.248294 -4.910000 -2.111392
v -0.212118 -4.748457 -2.172089
v -0.176966 -4.748457 -2.172089
v -0.141814 -4.748457 -2.172089
v -0.121194 -4.624500 -2.232785
v -0.079288 -4.624500 -2.232785
v -0.037382 -4.624500 -2.232785
v -0.027762 -4.546578 -2.293481
v 0.018390 -4.546578 -2.293481
v 0.064541 -4.546578 -2.293481
v 0.068467 -4.520000 -2.354177
v 0.116067 -4.520000 -2.354177
v 0.163667 -4.520000 -2.354177
v 0.167593 -4.546578 -2.414873
v 0.213745 -4.546578 -2.414873
v 0.259897 -4.546578 -2.414873
v 0.269517 -4.624500 -2.475570
v 0.311423 -4.624500 -2.475570
v 0.353329 -4.624500 -2.475570
v 0.373949 -4.748457 -2.536266
v 0.409101 -4.748457 -2.536266
v 0.444253 -4.748457 -2.536266
v 0.480429 -4.910000 -2.596962
v 0.506779 -4.910000 -2.596962
v 0.533129 -4.910000 -2.596962
v 0.588357 -5.098121 -2.657658
v 0.604457 -5.098121 -2.657658
v 0.620557 -5.098121 -2.657658
v 0.697035 -5.300000 -2.718354
v 0.702135 -5.300000 -2.718354
v 0.707235 -5.300000 -2.718354
v -0.475100 -5.300000 -1.990000
v -0.470000 -5.300000 -1.990000
v -0.464900 -5.300000 -1.990000
v -0.524791 -5.043769 -2.114109
v -0.508691 -5.043769 -2.114109
v -0.492591 -5.043769 -2.114109
v -0.573732 -4.805000 -2.238218
v -0.547382 -4.805000 -2.238218
v -0.521032 -4.805000 -2.238218
v -0.621226 -4.599964 -2.362326
v -0.586074 -4.599964 -2.362326
v -0.550922 -4.599964 -2.362326
v -0.666671 -4.442635 -2.486435
v -0.624765 -4.442635 -2.486435
v -0.582859 -4.442635 -2.486435
v -0.709608 -4.343733 -2.610544
v -0.663456 -4.343733 -2.610544
v -0.617304 -4.343733 -2.610544
v -0.749747 -4.310000 -2.734653
v -0.702147 -4.310000 -2.734653
v -0.654547 -4.310000 -2.734653
v -0.786990 -4.343733 -2.858761
v -0.740839 -4.343733 -2.858761
v -0.694687 -4.343733 -2.858761
v -0.821436 -4.442635 -2.982870
v -0.779530 -4.442635 -2.982870
v -0.737624 -4.442635 -2.982870
v -0.853373 -4.599964 -3.106979
v -0.818221 -4.599964 -3.106979
v -0.783069 -4.599964 -3.106979
v -0.883262 -4.805000 -3.231088
v -0.856912 -4.805000 -3.231088
v -0.830562 -4.805000 -3.231088
v -0.911703 -5.043769 -3.355197
v -0.895603 -5.043769 -3.355197
v -0.879504 -5.043769 -3.355197
v -0.939395 -5.300000 -3.479305
v -0.934295 -5.300000 -3.479305
v -0.929195 -5.300000 -3.479305
v -0.475100 -5.300000 -1.990000
v -0.470000 -5.300000 -1.990000
v -0.464900 -5.300000 -1.990000
v -0.415470 -4.989417 -2.037291
v -0.399370 -4.989417 -2.037291
v -0.383270 -4.989417 -2.037291
v -0.355090 -4.700000 -2.084581
v -0.328740 -4.700000 -2.084581
v -0.302390 -4.700000 -2.084581
v -0.293262 -4.451472 -2.131872
v -0.258110 -4.451472 -2.131872
v -0.222958 -4.451472 -2.131872
v -0.229386 -4.260770 -2.179163
v -0.187480 -4.260770 -2.179163
v -0.145574 -4.260770 -2.179163
v -0.163002 -4.140889 -2.226453
v -0.116850 -4.140889 -2.226453
v -0.070698 -4.140889 -2.226453
v -0.093820 -4.100000 -2.273744
v -0.046220 -4.100000 -2.273744
v 0.001380 -4.100000 -2.273744
v -0.021742 -4.140889 -2.321035
v 0.024410 -4.140889 -2.321035
v 0.070562 -4.140889 -2.321035
v 0.053134 -4.260770 -2.368325
v 0.095040 -4.260770 -2.368325
v 0.136946 -4.260770 -2.368325
v 0.130518 -4.451472 -2.415616
v 0.165670 -4.451472 -2.415616
v 0.200822 -4.451472 -2.415616
v 0.209950 -4.700000 -2.462907
v 0.236300 -4.700000 -2.462907
v 0.262650 -4.700000 -2.462907
v 0.290830 -4.989417 -2.510198
v 0.306930 -4.989417 -2.510198
v 0.323029 -4.989417 -2.510198
v 0.372459 -5.300000 -2.557488
v 0.377559 -5.300000 -2.557488
v 0.382659 -5.300000 -2.557488
v 2.864900 -5.300000 -1.990000
v 2.870000 -5.300000 -1.990000
v 2.875100 -5.300000 -1.990000
v 2.820910 -5.098121 -2.084401
v 2.837009 -5.098121 -2.084401
v 2.853109 -5.098121 -2.084401
v 2.777669 -4.910000 -2.178803
v 2.804019 -4.910000 -2.178803
v 2.830369 -4.910000 -2.178803
v 2.735876 -4.748457 -2.273204
v 2.771028 -4.748457 -2.273204
v 2.806180 -4.748457 -2.273204
v 2.696132 -4.624500 -2.367606
v 2.738038 -4.624500 -2.367606
v 2.779944 -4.624500 -2.367606
v 2.658895 -4.546578 -2.462007
v 2.705047 -4.546578 -2.462007
v 2.751199 -4.546578 -2.462007
v 2.624457 -4.520000 -2.556408
v 2.672057 -4.520000 -2.556408
v 2.719657 -4.520000 -2.556408
v 2.592914 -4.546578 -2.650810
v 2.639066 -4.546578 -2.650810
v 2.685218 -4.546578 -2.650810
v 2.564169 -4.624500 -2.745211
v 2.606075 -4.624500 -2.745211
v 2.647982 -4.624500 -2.745211
v 2.537933 -4.748457 -2.839613
v 2.573085 -4.748457 -2.839613
v 2.608237 -4.748457 -2.839613
v 2.513744 -4.910000 -2.934014
v 2.540094 -4.910000 -2.934014
v 2.566444 -4.910000 -2.934014
v 2.491004 -5.098121 -3.028415
v 2.507104 -5.098121 -3.028415
v 2.523204 -5.098121 -3.028415
v 2.469013 -5.300000 -3.122817
v 2.474113 -5.300000 -3.122817
v 2.479213 -5.300000 -3.122817
v 2.864900 -5.300000 -1.990000
v 2.870000 -5.300000 -1.990000
v 2.875100 -5.300000 -1.990000
v 2.947228 -5.043769 -2.057193
v 2.963328 -5.043769 -2.057193
v 2.979428 -5.043769 -2.057193
v 3.030306 -4.805000 -2.124386
v 3.056656 -4.805000 -2.124386
v 3.083006 -4.805000 -2.124386
v 3.114832 -4.599964 -2.191579
v 3.149984 -4.599964 -2.191579
v 3.185136 -4.599964 -2.191579
v 3.201406 -4.442635 -2.258772
v 3.243312 -4.442635 -2.258772
v 3.285218 -4.442635 -2.258772
v 3.290488 -4.343733 -2.325964
v 3.336640 -4.343733 -2.325964
v 3.382792 -4.343733 -2.325964
v 3.382368 -4.310000 -2.393157
v 3.429968 -4.310000 -2.393157
v 3.477568 -4.310000 -2.393157
v 3.477144 -4.343733 -2.460350
v 3.523296 -4.343733 -2.460350
v 3.569448 -4.343733 -2.460350
v 3.574718 -4.442635 -2.527543
v 3.616624 -4.442635 -2.527543
v 3.658530 -4.442635 -2.527543
v 3.674800 -4.599964 -2.594736
v 3.709952 -4.599964 -2.594736
v 3.745104 -4.599964 -2.594736
v 3.776930 -4.805000 -2.661929
v 3.803280 -4.805000 -2.661929
v 3.829630 -4.805000 -2.661929
v 3.880508 -5.043769 -2.729122
v 3.896608 -5.043769 -2.729122
v 3.912708 -5.043769 -2.729122
v 3.984836 -5.300000 -2.796315
v 3.989936 -5.300000 -2.796315
v 3.995036 -5.300000 -2.796315
v 2.864900 -5.300000 -1.990000
v 2.870000 -5.300000 -1.990000
v 2.875100 -5.300000 -1.990000
v 2.806865 -4.989417 -2.111193
v 2.822965 -4.989417 -2.111193
v 2.839065 -4.989417 -2.111193
v 2.749581 -4.700000 -2.232386
v 2.775931 -4.700000 -2.232386
v 2.802281 -4.700000 -2.232386
v 2.693744 -4.451472 -2.353579
v 2.728896 -4.451472 -2.353579
v 2.764048 -4.451472 -2.353579
v 2.639955 -4.260770 -2.474772
v 2.681861 -4.260770 -2.474772
v 2.723767 -4.260770 -2.474772
v 2.588675 -4.140889 -2.595965
v 2.634827 -4.140889 -2.595965
v 2.680978 -4.140889 -2.595965
v 2.540192 -4.100000 -2.717158
v 2.587792 -4.100000 -2.717158
v 2.635392 -4.100000 -2.717158
v 2.494605 -4.140889 -2.838351
v 2.540757 -4.140889 -2.838351
v 2.586909 -4.140889 -2.838351
v 2.451816 -4.260770 -2.959544
v 2.493722 -4.260770 -2.959544
v 2.535629 -4.260770 -2.959544
v 2.411536 -4.451472 -3.080737
v 2.446688 -4.451472 -3.080737
v 2.481840 -4.451472 -3.080737
v 2.373303 -4.700000 -3.201930
v 2.399653 -4.700000 -3.201930
v 2.426003 -4.700000 -3.201930
v 2.336519 -4.989417 -3.323123
v 2.352618 -4.989417 -3.323123
v 2.368718 -4.989417 -3.323123
v 2.300484 -5.300000 -3.444316
v 2.305584 -5.300000 -3.444316
v 2.310684 -5.300000 -3.444316
v 2.864900 -5.300000 -1.990000
v 2.870000 -5.300000 -1.990000
v 2.875100 -5.300000 -1.990000
v 2.921154 -5.098121 -2.041981
v 2.937253 -5.098121 -2.041981
v 2.953353 -5.098121 -2.041981
v 2.978157 -4.910000 -2.093961
v 3.004507 -4.910000 -2.093961
v 3.030857 -4.910000 -2.093961
v 3.036608 -4.748457 -2.145942
v 3.071760 -4.748457 -2.145942
v 3.106912 -4.748457 -2.145942
v 3.097108 -4.624500 -2.197922
v 3.139014 -4.624500 -2.197922
v 3.180920 -4.624500 -2.197922
v 3.160115 -4.546578 -2.249903
v 3.206267 -4.546578 -2.249903
v 3.252419 -4.546578 -2.249903
v 3.225921 -4.520000 -2.301883
v 3.273521 -4.520000 -2.301883
v 3.321121 -4.520000 -2.301883
v 3.294622 -4.546578 -2.353864
v 3.340774 -4.546578 -2.353864
v 3.386926 -4.546578 -2.353864
v 3.366121 -4.624500 -2.405844
v 3.408027 -4.624500 -2.405844
v 3.449934 -4.624500 -2.405844
v 3.440129 -4.748457 -2.457825
v 3.475281 -4.748457 -2.457825
v 3.510433 -4.748457 -2.457825
v 3.516184 -4.910000 -2.509805
v 3.542534 -4.910000 -2.509805
v 3.568884 -4.910000 -2.509805
v 3.593688 -5.098121 -2.561786
v 3.609788 -5.098121 -2.561786
v 3.625888 -5.098121 -2.561786
v 3.671941 -5.300000 -2.613766
v 3.677041 -5.300000 -2.613766
v 3.682141 -5.300000 -2.613766
v 2.864900 -5.300000 -1.990000
v 2.870000 -5.300000 -1.990000
v 2.875100 -5.300000 -1.990000
v 2.814572 -5.043769 -2.081942
v 2.830671 -5.043769 -2.081942
v 2.846771 -5.043769 -2.081942
v 2.764993 -4.805000 -2.173883
v 2.791343 -4.805000 -2.173883
v 2.817693 -4.805000 -2.173883
v 2.716862 -4.599964 -2.265825
v 2.752014 -4.599964 -2.265825
v 2.787166 -4.599964 -2.265825
v 2.670779 -4.442635 -2.357766
v 2.712685 -4.442635 -2.357766
v 2.754591 -4.442635 -2.357766
v 2.627205 -4.343733 -2.449708
v 2.673357 -4.343733 -2.449708
v 2.719508 -4.343733 -2.449708
v 2.586428 -4.310000 -2.541650
v 2.634028 -4.310000 -2.541650
v 2.681628 -4.310000 -2.541650
v 2.548547 -4.343733 -2.633591
v 2.594699 -4.343733 -2.633591
v 2.640851 -4.343733 -2.633591
v 2.513465 -4.442635 -2.725533
v 2.555371 -4.442635 -2.725533
v 2.597277 -4.442635 -2.725533
v 2.480890 -4.599964 -2.817474
v 2.516042 -4.599964 -2.817474
v 2.551194 -4.599964 -2.817474
v 2.450363 -4.805000 -2.909416
v 2.476713 -4.805000 -2.909416
v 2.503063 -4.805000 -2.909416
v 2.421285 -5.043769 -3.001357
v 2.437385 -5.043769 -3.001357
v 2.453484 -5.043769 -3.001357
v 2.392956 -5.300000 -3.093299
v 2.398056 -5.300000 -3.093299
v 2.403156 -5.300000 -3.093299
v 2.864900 -5.300000 -1.990000
v 2.870000 -5.300000 -1.990000
v 2.875100 -5.300000 -1.990000
v 2.942447 -4.989417 -2.063379
v 2.958547 -4.989417 -2.063379
v 2.974647 -4.989417 -2.063379
v 3.020743 -4.700000 -2.136758
v 3.047093 -4.700000 -2.136758
v 3.073443 -4.700000 -2.136758
v 3.100488 -4.451472 -2.210137
v 3.135640 -4.451472 -2.210137
v 3.170792 -4.451472 -2.210137
v 3.182281 -4.260770 -2.283516
v 3.224187 -4.260770 -2.283516
v 3.266093 -4.260770 -2.283516
v 3.266582 -4.140889 -2.356895
v 3.312734 -4.140889 -2.356895
v 3.358885 -4.140889 -2.356895
v 3.353680 -4.100000 -2.430274
v 3.401280 -4.100000 -2.430274
v 3.448880 -4.100000 -2.430274
v 3.443675 -4.140889 -2.503653
v 3.489827 -4.140889 -2.503653
v 3.535979 -4.140889 -2.503653
v 3.536468 -4.260770 -2.577032
v 3.578374 -4.260770 -2.577032
v 3.620280 -4.260770 -2.577032
v 3.631768 -4.451472 -2.650411
v 3.666920 -4.451472 -2.650411
v 3.702072 -4.451472 -2.650411
v 3.729117 -4.700000 -2.723790
v 3.755467 -4.700000 -2.723790
v 3.781817 -4.700000 -2.723790
v 3.827914 -4.989417 -2.797169
v 3.844014 -4.989417 -2.797169
v 3.860114 -4.989417 -2.797169
v 3.927461 -5.300000 -2.870548
v 3.932561 -5.300000 -2.870548
v 3.937661 -5.300000 -2.870548
v 2.864900 -5.300000 -1.990000
v 2.870000 -5.300000 -1.990000
v 2.875100 -5.300000 -1.990000
v 2.798739 -5.098121 -2.107717
v 2.814839 -5.098121 -2.107717
v 2.830939 -5.098121 -2.107717
v 2.733328 -4.910000 -2.225434
v 2.759678 -4.910000 -2.225434
v 2.786028 -4.910000 -2.225434
v 2.669366 -4.748457 -2.343151
v 2.704518 -4.748457 -2.343151
v 2.739670 -4.748457 -2.343151
v 2.607451 -4.624500 -2.460868
v 2.649357 -4.624500 -2.460868
v 2.691263 -4.624500 -2.460868
v 2.548044 -4.546578 -2.578585
v 2.594196 -4.546578 -2.578585
v 2.640348 -4.546578 -2.578585
v 2.491435 -4.520000 -2.696302
v 2.539035 -4.520000 -2.696302
v 2.586635 -4.520000 -2.696302
v 2.437723 -4.546578 -2.814019
v 2.483875 -4.546578 -2.814019
v 2.530027 -4.546578 -2.814019
v 2.386808 -4.624500 -2.931736
v 2.428714 -4.624500 -2.931736
v 2.470620 -4.624500 -2.931736
v 2.338401 -4.748457 -3.049453
v 2.373553 -4.748457 -3.049453
v 2.408705 -4.748457 -3.049453
v 2.292042 -4.910000 -3.167170
v 2.318392 -4.910000 -3.167170
v 2.344742 -4.910000 -3.167170
v 2.247132 -5.098121 -3.284887
v 2.263232 -5.098121 -3.284887
v 2.279331 -5.098121 -3.284887
v 2.202971 -5.300000 -3.402604
v 2.208071 -5.300000 -3.402604
v 2.213171 -5.300000 -3.402604
v 6.124900 -5.300000 -1.990000
v 6.130000 -5.300000 -1.990000
v 6.135100 -5.300000 -1.990000
v 6.177466 -5.043769 -2.046430
v 6.193566 -5.043769 -2.046430
v 6.209666 -5.043769 -2.046430
v 6.230782 -4.805000 -2.102860
v 6.257132 -4.805000 -2.102860
v 6.283482 -4.805000 -2.102860
v 6.285546 -4.599964 -2.159290
v 6.320698 -4.599964 -2.159290
v 6.355850 -4.599964 -2.159290
v 6.342358 -4.442635 -2.215720
v 6.384264 -4.442635 -2.215720
v 6.426170 -4.442635 -2.215720
v 6.401678 -4.343733 -2.272151
v 6.447830 -4.343733 -2.272151
v 6.493982 -4.343733 -2.272151
v 6.463796 -4.310000 -2.328581
v 6.511396 -4.310000 -2.328581
v 6.558996 -4.310000 -2.328581
v 6.528811 -4.343733 -2.385011
v 6.574962 -4.343733 -2.385011
v 6.621114 -4.343733 -2.385011
v 6.596622 -4.442635 -2.441441
v 6.638528 -4.442635 -2.441441
v 6.680435 -4.442635 -2.441441
v 6.666942 -4.599964 -2.497871
v 6.702094 -4.599964 -2.497871
v 6.737247 -4.599964 -2.497871
v 6.739311 -4.805000 -2.554301
v 6.765661 -4.805000 -2.554301
v 6.792011 -4.805000 -2.554301
v 6.813127 -5.043769 -2.610731
v 6.829227 -5.043769 -2.610731
v 6.845326 -5.043769 -2.610731
v 6.887693 -5.300000 -2.667161
v 6.892793 -5.300000 -2.667161
v 6.897893 -5.300000 -2.667161
v 6.124900 -5.300000 -1.990000
v 6.130000 -5.300000 -1.990000
v 6.135100 -5.300000 -1.990000
v 6.068415 -4.989417 -2.079057
v 6.084515 -4.989417 -2.079057
v 6.100615 -4.989417 -2.079057
v 6.012680 -4.700000 -2.168114
v 6.039030 -4.700000 -2.168114
v 6.065380 -4.700000 -2.168114
v 5.958393 -4.451472 -2.257170
v 5.993545 -4.451472 -2.257170
v 6.028697 -4.451472 -2.257170
v 5.906154 -4.260770 -2.346227
v 5.948060 -4.260770 -2.346227
v 5.989966 -4.260770 -2.346227
v 5.856423 -4.140889 -2.435284
v 5.902575 -4.140889 -2.435284
v 5.948727 -4.140889 -2.435284
v 5.809490 -4.100000 -2.524341
v 5.857090 -4.100000 -2.524341
v 5.904690 -4.100000 -2.524341
v 5.765453 -4.140889 -2.613398
v 5.811605 -4.140889 -2.613398
v 5.857757 -4.140889 -2.613398
v 5.724214 -4.260770 -2.702454
v 5.766120 -4.260770 -2.702454
v 5.808026 -4.260770 -2.702454
v 5.685483 -4.451472 -2.791511
v 5.720635 -4.451472 -2.791511
v 5.755787 -4.451472 -2.791511
v 5.648800 -4.700000 -2.880568
v 5.675150 -4.700000 -2.880568
v 5.701500 -4.700000 -2.880568
v 5.613565 -4.989417 -2.969625
v 5.629665 -4.989417 -2.969625
v 5.645765 -4.989417 -2.969625
v 5.579080 -5.300000 -3.058682
v 5.584180 -5.300000 -3.058682
v 5.589280 -5.300000 -3.058682
v 6.124900 -5.300000 -1.990000
v 6.130000 -5.300000 -1.990000
v 6.135100 -5.300000 -1.990000
v 6.197256 -5.098121 -2.069226
v 6.213356 -5.098121 -2.069226
v 6.229456 -5.098121 -2.069226
v 6.270362 -4.910000 -2.148452
v 6.296712 -4.910000 -2.148452
v 6.323062 -4.910000 -2.148452
v 6.344916 -4.748457 -2.227678
v 6.380068 -4.748457 -2.227678
v 6.415220 -4.748457 -2.227678
v 6.421518 -4.624500 -2.306904
v 6.463425 -4.624500 -2.306904
v 6.505331 -4.624500 -2.306904
v 6.500629 -4.546578 -2.386130
v 6.546781 -4.546578 -2.386130
v 6.592933 -4.546578 -2.386130
v 6.582537 -4.520000 -2.465356
v 6.630137 -4.520000 -2.465356
v 6.677737 -4.520000 -2.465356
v 6.667341 -4.546578 -2.544582
v 6.713493 -4.546578 -2.544582
v 6.759645 -4.546578 -2.544582
v 6.754943 -4.624500 -2.623808
v 6.796849 -4.624500 -2.623808
v 6.838755 -4.624500 -2.623808
v 6.845053 -4.748457 -2.703034
v 6.880205 -4.748457 -2.703034
v 6.915357 -4.748457 -2.703034
v 6.937211 -4.910000 -2.782260
v 6.963561 -4.910000 -2.782260
v 6.989911 -4.910000 -2.782260
v 7.030818 -5.098121 -2.861486
v 7.046918 -5.098121 -2.861486
v 7.063017 -5.098121 -2.861486
v 7.125174 -5.300000 -2.940712
v 7.130274 -5.300000 -2.940712
v 7.135374 -5.300000 -2.940712
v 6.124900 -5.300000 -1.990000
v 6.130000 -5.300000 -1.990000
v 6.135100 -5.300000 -1.990000
v 6.050868 -5.043769 -2.103697
v 6.066968 -5.043769 -2.103697
v 6.083068 -5.043769 -2.103697
v 5.977586 -4.805000 -2.217394
v 6.003936 -4.805000 -2.217394
v 6.030286 -4.805000 -2.217394
v 5.905752 -4.599964 -2.331091
v 5.940904 -4.599964 -2.331091
v 5.976056 -4.599964 -2.331091
v 5.835966 -4.442635 -2.444788
v 5.877873 -4.442635 -2.444788
v 5.919779 -4.442635 -2.444788
v 5.768689 -4.343733 -2.558484
v 5.814841 -4.343733 -2.558484
v 5.860993 -4.343733 -2.558484
v 5.704209 -4.310000 -2.672181
v 5.751809 -4.310000 -2.672181
v 5.799409 -4.310000 -2.672181
v 5.642625 -4.343733 -2.785878
v 5.688777 -4.343733 -2.785878
v 5.734929 -4.343733 -2.785878
v 5.583839 -4.442635 -2.899575
v 5.625745 -4.442635 -2.899575
v 5.667651 -4.442635 -2.899575
v 5.527561 -4.599964 -3.013272
v 5.562713 -4.599964 -3.013272
v 5.597865 -4.599964 -3.013272
v 5.473331 -4.805000 -3.126969
v 5.499681 -4.805000 -3.126969
v 5.526031 -4.805000 -3.126969
v 5.420550 -5.043769 -3.240666
v 5.436649 -5.043769 -3.240666
v 5.452749 -5.043769 -3.240666
v 5.368518 -5.300000 -3.354363
v 5.373618 -5.300000 -3.354363
v 5.378718 -5.300000 -3.354363
v 6.124900 -5.300000 -1.990000
v 6.130000 -5.300000 -1.990000
v 6.135100 -5.300000 -1.990000
v 6.173485 -4.989417 -2.050619
v 6.189585 -4.989417 -2.050619
v 6.205685 -4.989417 -2.050619
v 6.222820 -4.700000 -2.111238
v 6.249170 -4.700000 -2.111238
v 6.275520 -4.700000 -2.111238
v 6.273603 -4.451472 -2.171857
v 6.308755 -4.451472 -2.171857
v 6.343907 -4.451472 -2.171857
v 6.326433 -4.260770 -2.232475
v 6.368339 -4.260770 -2.232475
v 6.410245 -4.260770 -2.232475
v 6.381772 -4.140889 -2.293094
v 6.427924 -4.140889 -2.293094
v 6.474076 -4.140889 -2.293094
v 6.439909 -4.100000 -2.353713
v 6.487509 -4.100000 -2.353713
v 6.535109 -4.100000 -2.353713
v 6.500942 -4.140889 -2.414332
v 6.547094 -4.140889 -2.414332
v 6.593246 -4.140889 -2.414332
v 6.564773 -4.260770 -2.474951
v 6.606679 -4.260770 -2.474951
v 6.648585 -4.260770 -2.474951
v 6.631112 -4.451472 -2.535570
v 6.666264 -4.451472 -2.535570
v 6.701416 -4.451472 -2.535570
v 6.699499 -4.700000 -2.596189
v 6.725849 -4.700000 -2.596189
v 6.752199 -4.700000 -2.596189
v 6.769334 -4.989417 -2.656807
v 6.785433 -4.989417 -2.656807
v 6.801533 -4.989417 -2.656807
v 6.839918 -5.300000 -2.717426
v 6.845018 -5.300000 -2.717426
v 6.850118 -5.300000 -2.717426
v 6.124900 -5.300000 -1.990000
v 6.130000 -5.300000 -1.990000
v 6.135100 -5.300000 -1.990000
v 6.062469 -5.098121 -2.075760
v 6.078569 -5.098121 -2.075760
v 6.094669 -5.098121 -2.075760
v 6.000788 -4.910000 -2.161521
v 6.027138 -4.910000 -2.161521
v 6.053488 -4.910000 -2.161521
v 5.940555 -4.748457 -2.247281
v 5.975707 -4.748457 -2.247281
v 6.010859 -4.748457 -2.247281
v 5.882370 -4.624500 -2.333042
v 5.924276 -4.624500 -2.333042
v 5.966182 -4.624500 -2.333042
v 5.826693 -4.546578 -2.418802
v 5.872845 -4.546578 -2.418802
v 5.918997 -4.546578 -2.418802
v 5.773814 -4.520000 -2.504562
v 5.821414 -4.520000 -2.504562
v 5.869014 -4.520000 -2.504562
v 5.723831 -4.546578 -2.590323
v 5.769983 -4.546578 -2.590323
v 5.816134 -4.546578 -2.590323
v 5.676645 -4.624500 -2.676083
v 5.718551 -4.624500 -2.676083
v 5.760458 -4.624500 -2.676083
v 5.631968 -4.748457 -2.761844
v 5.667120 -4.748457 -2.761844
v 5.702272 -4.748457 -2.761844
v 5.589339 -4.910000 -2.847604
v 5.615689 -4.910000 -2.847604
v 5.642039 -4.910000 -2.847604
v 5.548158 -5.098121 -2.933364
v 5.564258 -5.098121 -2.933364
v 5.580358 -5.098121 -2.933364
v 5.507727 -5.300000 -3.019125
v 5.512827 -5.300000 -3.019125
v 5.517927 -5.300000 -3.019125
v 6.124900 -5.300000 -1.990000
v 6.130000 -5.300000 -1.990000
v 6.135100 -5.300000 -1.990000
v 6.191680 -5.043769 -2.074707
v 6.207780 -5.043769 -2.074707
v 6.223880 -5.043769 -2.074707
v 6.259211 -4.805000 -2.159413
v 6.285561 -4.805000 -2.159413
v 6.311911 -4.805000 -2.159413
v 6.328189 -4.599964 -2.244120
v 6.363341 -4.599964 -2.244120
v 6.398493 -4.599964 -2.244120
v 6.399215 -4.442635 -2.328827
v 6.441121 -4.442635 -2.328827
v 6.483027 -4.442635 -2.328827
v 6.472750 -4.343733 -2.413534
v 6.518901 -4.343733 -2.413534
v 6.565053 -4.343733 -2.413534
v 6.549082 -4.310000 -2.498240
v 6.596682 -4.310000 -2.498240
v 6.644282 -4.310000 -2.498240
v 6.628310 -4.343733 -2.582947
v 6.674462 -4.343733 -2.582947
v 6.720614 -4.343733 -2.582947
v 6.710336 -4.442635 -2.667654
v 6.752242 -4.442635 -2.667654
v 6.794148 -4.442635 -2.667654
v 6.794870 -4.599964 -2.752360
v 6.830023 -4.599964 -2.752360
v 6.865175 -4.599964 -2.752360
v 6.881453 -4.805000 -2.837067
v 6.907803 -4.805000 -2.837067
v 6.934153 -4.805000 -2.837067
v 6.969483 -5.043769 -2.921774
v 6.985583 -5.043769 -2.921774
v 7.001683 -5.043769 -2.921774
v 7.058263 -5.300000 -3.006481
v 7.063363 -5.300000 -3.006481
v 7.068463 -5.300000 -3.006481
vt 0.000000 0.000000
vt 0.500000 0.000000
vt 1.000000 0.000000
vt 0.000000 0.083333
vt 0.500000 0.083333
vt 1.000000 0.083333
vt 0.000000 0.166667
vt 0.500000 0.166667
vt 1.000000 0.166667
vt 0.000000 0.250000
vt 0.500000 0.250000
vt 1.000000 0.250000
vt 0.000000 0.333333
vt 0.500000 0.333333
vt 1.000000 0.333333
vt 0.000000 0.416667
vt 0.500000 0.416667
vt 1.000000 0.416667
vt 0.000000 0.500000
vt 0.500000 0.500000
vt 1.000000 0.500000
vt 0.000000 0.583333
vt 0.500000 0.583333
vt 1.000000 0.583333
vt 0.000000 0.666667
vt 0.500000 0.666667
vt 1.000000 0.666667
vt 0.000000 0.750000
vt 0.500000 0.750000
vt 1.000000 0.750000
vt 0.000000 0.833333
vt 0.500000 0.833333
vt 1.000000 0.833333
vt 0.000000 0.916667
vt 0.500000 0.916667
vt 1.000000 0.916667
vt 0.000000 1.000000
vt 0.500000 1.000000
vt 1.000000 1.000000
vt 0.000000 0.000000
vt 0.500000 0.000000
vt 1.000000 0.000000
vt 0.000000 0.083333
vt 0.500000 0.083333
vt 1.000000 0.083333
vt 0.000000 0.166667
vt 0.500000 0.166667
vt 1.000000 0.166667
vt 0.000000 0.250000
vt 0.500000 0.250000
vt 1.000000 0.250000
vt 0.000000 0.333333
vt 0.500000 0.333333
vt 1.000000 0.333333
vt 0.000000 0.416667
vt 0.500000 0.416667
vt 1.000000 0.416667
vt 0.000000 0.500000
vt 0.500000 0.500000
vt 1.000000 0.500000
vt 0.000000 0.583333
vt 0.500000 0.583333
vt 1.000000 0.583333
vt 0.000000 0.666667
vt 0.500000 0.666667
vt 1.000000 0.666667
vt 0.000000 0.750000
vt 0.500000 0.750000
vt 1.000000 0.750000
vt 0.000000 0.833333
vt 0.500000 0.833333
vt 1.000000 0.833333
vt 0.000000 0.916667
vt 0.500000 0.916667
vt 1.000000 0.916667
vt 0.000000 1.000000
vt 0.500000 1.000000
vt 1.000000 1.000000
vt 0.000000 0.000000
vt 0.500000 0.000000
vt 1.000000 0.000000
vt 0.000000 0.083333
vt 0.500000 0.083333
vt 1.000000 0.083333
vt 0.000000 0.166667
vt 0.500000 0.166667
vt 1.000000 0.166667
vt 0.000000 0.250000
vt 0.500000 0.250000
vt 1.000000 0.250000
vt 0.000000 0.333333
vt 0.500000 0.333333
vt 1.000000 0.333333
vt 0.000000 0.416667
vt 0.500000 0.416667
vt 1.000000 0.416667
vt 0.000000 0.500000
vt 0.500000 0.500000
vt 1.000000 0.500000
vt 0.000000 0.583333
vt 0.500000 0.583333
vt 1.000000 0.583333
vt 0.000000 0.666667
vt 0.500000 0.666667
vt 1.000000 0.666667
vt 0.000000 0.750000
vt 0.500000 0.750000
vt 1.000000 0.750000
vt 0.000000 0.833333
vt 0.500000 0.833333
vt 1.000000 0.833333
vt 0.000000 0.916667
vt 0.500000 0.916667
vt 1.000000 0.916667
vt 0.000000 1.000000
vt 0.500000 1.000000
vt 1.000000 1.000000
vt 0.000000 0.000000
vt 0.500000 0.000000
vt 1.000000 0.000000
vt 0.000000 0.083333
vt 0.500000 0.083333
vt 1.000000 0.083333
vt 0.000000 0.166667
vt 0.500000 0.166667
vt 1.000000 0.166667
vt 0.000000 0.250000
vt 0.500000 0.250000
vt 1.000000 0.250000
vt 0.000000 0.333333
vt 0.500000 0.333333
vt 1.000000 0.333333
vt 0.000000 0.416667
vt 0.500000 0.416667
vt 1.000000 0.416667
vt 0.000000 0.500000
vt 0.500000 0.500000
vt 1.000000 0.500000
vt 0.000000 0.583333
vt 0.500000 0.583333
vt 1.000000 0.583333
vt 0.000000 0.666667
vt 0.500000 0.666667
vt 1.000000 0.666667
vt 0.000000 0.750000
vt 0.500000 0.750000
vt 1.000000 0.750000
vt 0.000000 0.833333
vt 0.500000 0.833333
vt 1.000000 0.833333
vt 0.000000 0.916667
vt 0.500000 0.916667
vt 1.000000 0.916667
vt 0.000000 1.000000
vt 0.500000 1.000000
vt 1.000000 1.000000
vt 0.000000 0.000000
vt 0.500000 0.000000
vt 1.000000 0.000000
vt 0.000000 0.083333
vt 0.500000 0.083333
vt 1.000000 0.083333
vt 0.000000 0.166667
vt 0.500000 0.166667
vt 1.000000 0.166667
vt 0.000000 0.250000
vt 0.500000 0.250000
vt 1.000000 0.250000
vt 0.000000 0.333333
vt 0.500000 0.333333
vt 1.000000 0.333333
vt 0.000000 0.416667
vt 0.500000 0.416667
vt 1.000000 0.416667
vt 0.000000 0.500000
vt 0.500000 0.500000
vt 1.000000 0.500000
vt 0.000000 0.583333
vt 0.500000 0.583333
vt 1.000000 0.583333
vt 0.000000 0.666667
vt 0.500000 0.666667
vt 1.000000 0.666667
vt 0.000000 0.750000
vt 0.500000 0.750000
vt 1.000000 0.750000
vt 0.000000 0.833333
vt 0.500000 0.833333
vt 1.000000 0.833333
vt 0.000000 0.916667
vt 0.500000 0.916667
vt 1.000000 0.916667
vt 0.000000 1.000000
vt 0.500000 1.000000
vt 1.000000 1.000000
vt 0.000000 0.000000
vt 0.500000 0.000000
vt 1.000000 0.000000
vt 0.000000 0.083333
vt 0.500000 0.083333
vt 1.000000 0.083333
vt 0.000000 0.166667
vt 0.500000 0.166667
vt 1.000000 0.166667
vt 0.000000 0.250000
vt 0.500000 0.250000
vt 1.000000 0.250000
vt 0.000000 0.333333
vt 0.500000 0.333333
vt 1.000000 0.333333
vt 0.000000 0.416667
vt 0.500000 0.416667
vt 1.000000 0.416667
vt 0.000000 0.500000
vt 0.500000 0.500000
vt 1.000000 0.500000
vt 0.000000 0.583333
vt 0.500000 0.583333
vt 1.000000 0.583333
vt 0.000000 0.666667
vt 0.500000 0.666667
vt 1.000000 0.666667
vt 0.000000 0.750000
vt 0.500000 0.750000
vt 1.000000 0.750000
vt 0.000000 0.833333
vt 0.500000 0.833333
vt 1.000000 0.833333
vt 0.000000 0.916667
vt 0.500000 0.916667
vt 1.000000 0.916667
vt 0.000000 1.000000
vt 0.500000 1.000000
vt 1.000000 1.000000
vt 0.000000 0.000000
vt 0.500000 0.000000
vt 1.000000 0.000000
vt 0.000000 0.083333
vt 0.500000 0.083333
vt 1.000000 0.083333
vt 0.000000 0.166667
vt 0.500000 0.166667
vt 1.000000 0.166667
vt 0.000000 0.250000
vt 0.500000 0.250000
vt 1.000000 0.250000
vt 0.000000 0.333333
vt 0.500000 0.333333
vt 1.000000 0.333333
vt 0.000000 0.416667
vt 0.500000 0.416667
vt 1.000000 0.416667
vt 0.000000 0.500000
vt 0.500000 0.500000
vt 1.000000 0.500000
vt 0.000000 0.583333
vt 0.500000 0.583333
vt 1.000000 0.583333
vt 0.000000 0.666667
vt 0.500000 0.666667
vt 1.000000 0.666667
vt 0.000000 0.750000
vt 0.500000 0.750000
vt 1.000000 0.750000
vt 0.000000 0.833333
vt 0.500000 0.833333
vt 1.000000 0.833333
vt 0.000000 0.916667
vt 0.500000 0.916667
vt 1.000000 0.916667
vt 0.000000 1.000000
vt 0.500000 1.000000
vt 1.000000 1.000000
vt 0.000000 0.000000
vt 0.500000 0.000000
vt 1.000000 0.000000
vt 0.000000 0.083333
vt 0.500000 0.083333
vt 1.000000 0.083333
vt 0.000000 0.166667
vt 0.500000 0.166667
vt 1.000000 0.166667
vt 0.000000 0.250000
vt 0.500000 0.250000
vt 1.000000 0.250000
vt 0.000000 0.333333
vt 0.500000 0.333333
vt 1.000000 0.333333
vt 0.000000 0.416667
vt 0.500000 0.416667
vt 1.000000 0.416667
vt 0.000000 0.500000
vt 0.500000 0.500000
vt 1.000000 0.500000
vt 0.000000 0.583333
vt 0.500000 0.583333
vt 1.000000 0.583333
vt 0.000000 0.666667
vt 0.500000 0.666667
vt 1.000000 0.666667
vt 0.000000 0.750000
vt 0.500000 0.750000
vt 1.000000 0.750000
vt 0.000000 0.833333
vt 0.500000 0.833333
vt 1.000000 0.833333
vt 0.000000 0.916667
vt 0.500000 0.916667
vt 1.000000 0.916667
vt 0.000000 1.000000
vt 0.500000 1.000000
vt 1.000000 1.000000
vt 0.000000 0.000000
vt 0.500000 0.000000
vt 1.000000 0.000000
vt 0.000000 0.083333
vt 0.500000 0.083333
vt 1.000000 0.083333
vt 0.000000 0.166667
vt 0.500000 0.166667
vt 1.000000 0.166667
vt 0.000000 0.250000
vt 0.500000 0.250000
vt 1.000000 0.250000
vt 0.000000 0.333333
vt 0.500000 0.333333
vt 1.000000 0.333333
vt 0.000000 0.416667
vt 0.500000 0.416667
vt 1.000000 0.416667
vt 0.000000 0.500000
vt 0.500000 0.500000
vt 1.000000 0.500000
vt 0.000000 0.583333
vt 0.500000 0.583333
vt 1.000000 0.583333
vt 0.000000 0.666667
vt 0.500000 0.666667
vt 1.000000 0.666667
vt 0.000000 0.750000
vt 0.500000 0.750000
vt 1.000000 0.750000
vt 0.000000 0.833333
vt 0.500000 0.833333
vt 1.000000 0.833333
vt 0.000000 0.916667
vt 0.500000 0.916667
vt 1.000000 0.916667
vt 0.000000 1.000000
vt 0.500000 1.000000
vt 1.000000 1.000000
vt 0.000000 0.000000
vt 0.500000 0.000000
vt 1.000000 0.000000
vt 0.000000 0.083333
vt 0.500000 0.083333
vt 1.000000 0.083333
vt 0.000000 0.166667
vt 0.500000 0.166667
vt 1.000000 0.166667
vt 0.000000 0.250000
vt 0.500000 0.250000
vt 1.000000 0.250000
vt 0.000000 0.333333
vt 0.500000 0.333333
vt 1.000000 0.333333
vt 0.000000 0.416667
vt 0.500000 0.416667
vt 1.000000 0.416667
vt 0.000000 0.500000
vt 0.500000 0.500000
vt 1.000000 0.500000
vt 0.000000 0.583333
vt 0.500000 0.583333
vt 1.000000 0.583333
vt 0.000000 0.666667
vt 0.500000 0.666667
vt 1.000000 0.666667
vt 0.000000 0.750000
vt 0.500000 0.750000
vt 1.000000 0.750000
vt 0.000000 0.833333
vt 0.500000 0.833333
vt 1.000000 0.833333
vt 0.000000 0.916667
vt 0.500000 0.916667
vt 1.000000 0.916667
vt 0.000000 1.000000
vt 0.500000 1.000000
vt 1.000000 1.000000
vt 0.000000 0.000000
vt 0.500000 0.000000
vt 1.000000 0.000000
vt 0.000000 0.083333
vt 0.500000 0.083333
vt 1.000000 0.083333
vt 0.000000 0.166667
vt 0.500000 0.166667
vt 1.000000 0.166667
vt 0.000000 0.250000
vt 0.500000 0.250000
vt 1.000000 0.250000
vt 0.000000 0.333333
vt 0.500000 0.333333
vt 1.000000 0.333333
vt 0.000000 0.416667
vt 0.500000 0.416667
vt 1.000000 0.416667
vt 0.000000 0.500000
vt 0.500000 0.500000
vt 1.000000 0.500000
vt 0.000000 0.583333
vt 0.500000 0.583333
vt 1.000000 0.583333
vt 0.000000 0.666667
vt 0.500000 0.666667
vt 1.000000 0.666667
vt 0.000000 0.750000
vt 0.500000 0.750000
vt 1.000000 0.750000
vt 0.000000 0.833333
vt 0.500000 0.833333
vt 1.000000 0.833333
vt 0.000000 0.916667
vt 0.500000 0.916667
vt 1.000000 0.916667
vt 0.000000 1.000000
vt 0.500000 1.000000
vt 1.000000 1.000000
vt 0.000000 0.000000
vt 0.500000 0.000000
vt 1.000000 0.000000
vt 0.000000 0.083333
vt 0.500000 0.083333
vt 1.000000 0.083333
vt 0.000000 0.166667
vt 0.500000 0.166667
vt 1.000000 0.166667
vt 0.000000 0.250000
vt 0.500000 0.250000
vt 1.000000 0.250000
vt 0.000000 0.333333
vt 0.500000 0.333333
vt 1.000000 0.333333
vt 0.000000 0.416667
vt 0.500000 0.416667
vt 1.000000 0.416667
vt 0.000000 0.500000
vt 0.500000 0.500000
vt 1.000000 0.500000
vt 0.000000 0.583333
vt 0.500000 0.583333
vt 1.000000 0.583333
vt 0.000000 0.666667
vt 0.500000 0.666667
vt 1.000000 0.666667
vt 0.000000 0.750000
vt 0.500000 0.750000
vt 1.000000 0.750000
vt 0.000000 0.833333
vt 0.500000 0.833333
vt 1.000000 0.833333
vt 0.000000 0.916667
vt 0.500000 0.916667
vt 1.000000 0.916667
vt 0.000000 1.000000
vt 0.500000 1.000000
vt 1.000000 1.000000
vt 0.000000 0.000000
vt 0.500000 0.000000
vt 1.000000 0.000000
vt 0.000000 0.083333
vt 0.500000 0.083333
vt 1.000000 0.083333
vt 0.000000 0.166667
vt 0.500000 0.166667
vt 1.000000 0.166667
vt 0.000000 0.250000
vt 0.500000 0.250000
vt 1.000000 0.250000
vt 0.000000 0.333333
vt 0.500000 0.333333
vt 1.000000 0.333333
vt 0.000000 0.416667
vt 0.500000 0.416667
vt 1.000000 0.416667
vt 0.000000 0.500000
vt 0.500000 0.500000
vt 1.000000 0.500000
vt 0.000000 0.583333
vt 0.500000 0.583333
vt 1.000000 0.583333
vt 0.000000 0.666667
vt 0.500000 0.666667
vt 1.000000 0.666667
vt 0.000000 0.750000
vt 0.500000 0.750000
vt 1.000000 0.750000
vt 0.000000 0.833333
vt 0.500000 0.833333
vt 1.000000 0.833333
vt 0.000000 0.916667
vt 0.500000 0.916667
vt 1.000000 0.916667
vt 0.000000 1.000000
vt 0.500000 1.000000
vt 1.000000 1.000000
vt 0.000000 0.000000
vt 0.500000 0.000000
vt 1.000000 0.000000
vt 0.000000 0.083333
vt 0.500000 0.083333
vt 1.000000 0.083333
vt 0.000000 0.166667
vt 0.500000 0.166667
vt 1.000000 0.166667
vt 0.000000 0.250000
vt 0.500000 0.250000
vt 1.000000 0.250000
vt 0.000000 0.333333
vt 0.500000 0.333333
vt 1.000000 0.333333
vt 0.000000 0.416667
vt 0.500000 0.416667
vt 1.000000 0.416667
vt 0.000000 0.500000
vt 0.500000 0.500000
vt 1.000000 0.500000
vt 0.000000 0.583333
vt 0.500000 0.583333
vt 1.000000 0.583333
vt 0.000000 0.666667
vt 0.500000 0.666667
vt 1.000000 0.666667
vt 0.000000 0.750000
vt 0.500000 0.750000
vt 1.000000 0.750000
vt 0.000000 0.833333
vt 0.500000 0.833333
vt 1.000000 0.833333
vt 0.000000 0.916667
vt 0.500000 0.916667
vt 1.000000 0.916667
vt 0.000000 1.000000
vt 0.500000 1.000000
vt 1.000000 1.000000
vt 0.000000 0.000000
vt 0.500000 0.000000
vt 1.000000 0.000000
vt 0.000000 0.083333
vt 0.500000 0.083333
vt 1.000000 0.083333
vt 0.000000 0.166667
vt 0.500000 0.166667
vt 1.000000 0.166667
vt 0.000000 0.250000
vt 0.500000 0.250000
vt 1.000000 0.250000
vt 0.000000 0.333333
vt 0.500000 0.333333
vt 1.000000 0.333333
vt 0.000000 0.416667
vt 0.500000 0.416667
vt 1.000000 0.416667
vt 0.000000 0.500000
vt 0.500000 0.500000
vt 1.000000 0.500000
vt 0.000000 0.583333
vt 0.500000 0.583333
vt 1.000000 0.583333
vt 0.000000 0.666667
vt 0.500000 0.666667
vt 1.000000 0.666667
vt 0.000000 0.750000
vt 0.500000 0.750000
vt 1.000000 0.750000
vt 0.000000 0.833333
vt 0.500000 0.833333
vt 1.000000 0.833333
vt 0.000000 0.916667
vt 0.500000 0.916667
vt 1.000000 0.916667
vt 0.000000 1.000000
vt 0.500000 1.000000
vt 1.000000 1.000000
vt 0.000000 0.000000
vt 0.500000 0.000000
vt 1.000000 0.000000
vt 0.000000 0.083333
vt 0.500000 0.083333
vt 1.000000 0.083333
vt 0.000000 0.166667
vt 0.500000 0.166667
vt 1.000000 0.166667
vt 0.000000 0.250000
vt 0.500000 0.250000
vt 1.000000 0.250000
vt 0.000000 0.333333
vt 0.500000 0.333333
vt 1.000000 0.333333
vt 0.000000 0.416667
vt 0.500000 0.416667
vt 1.000000 0.416667
vt 0.000000 0.500000
vt 0.500000 0.500000
vt 1.000000 0.500000
vt 0.000000 0.583333
vt 0.500000 0.583333
vt 1.000000 0.583333
vt 0.000000 0.666667
vt 0.500000 0.666667
vt 1.000000 0.666667
vt 0.000000 0.750000
vt 0.500000 0.750000
vt 1.000000 0.750000
vt 0.000000 0.833333
vt 0.500000 0.833333
vt 1.000000 0.833333
vt 0.000000 0.916667
vt 0.500000 0.916667
vt 1.000000 0.916667
vt 0.000000 1.000000
vt 0.500000 1.000000
vt 1.000000 1.000000
vt 0.000000 0.000000
vt 0.500000 0.000000
vt 1.000000 0.000000
vt 0.000000 0.083333
vt 0.500000 0.083333
vt 1.000000 0.083333
vt 0.000000 0.166667
vt 0.500000 0.166667
vt 1.000000 0.166667
vt 0.000000 0.250000
vt 0.500000 0.250000
vt 1.000000 0.250000
vt 0.000000 0.333333
vt 0.500000 0.333333
vt 1.000000 0.333333
vt 0.000000 0.416667
vt 0.500000 0.416667
vt 1.000000 0.416667
vt 0.000000 0.500000
vt 0.500000 0.500000
vt 1.000000 0.500000
vt 0.000000 0.583333
vt 0.500000 0.583333
vt 1.000000 0.583333
vt 0.000000 0.666667
vt 0.500000 0.666667
vt 1.000000 0.666667
vt 0.000000 0.750000
vt 0.500000 0.750000
vt 1.000000 0.750000
vt 0.000000 0.833333
vt 0.500000 0.833333
vt 1.000000 0.833333
vt 0.000000 0.916667
vt 0.500000 0.916667
vt 1.000000 0.916667
vt 0.000000 1.000000
vt 0.500000 1.000000
vt 1.000000 1.000000
vt 0.000000 0.000000
vt 0.500000 0.000000
vt 1.000000 0.000000
vt 0.000000 0.083333
vt 0.500000 0.083333
vt 1.000000 0.083333
vt 0.000000 0.166667
vt 0.500000 0.166667
vt 1.000000 0.166667
vt 0.000000 0.250000
vt 0.500000 0.250000
vt 1.000000 0.250000
vt 0.000000 0.333333
vt 0.500000 0.333333
vt 1.000000 0.333333
vt 0.000000 0.416667
vt 0.500000 0.416667
vt 1.000000 0.416667
vt 0.000000 0.500000
vt 0.500000 0.500000
vt 1.000000 0.500000
vt 0.000000 0.583333
vt 0.500000 0.583333
vt 1.000000 0.583333
vt 0.000000 0.666667
vt 0.500000 0.666667
vt 1.000000 0.666667
vt 0.000000 0.750000
vt 0.500000 0.750000
vt 1.000000 0.750000
vt 0.000000 0.833333
vt 0.500000 0.833333
vt 1.000000 0.833333
vt 0.000000 0.916667
vt 0.500000 0.916667
vt 1.000000 0.916667
vt 0.000000 1.000000
vt 0.500000 1.000000
vt 1.000000 1.000000
vt 0.000000 0.000000
vt 0.500000 0.000000
vt 1.000000 0.000000
vt 0.000000 0.083333
vt 0.500000 0.083333
vt 1.000000 0.083333
vt 0.000000 0.166667
vt 0.500000 0.166667
vt 1.000000 0.166667
vt 0.000000 0.250000
vt 0.500000 0.250000
vt 1.000000 0.250000
vt 0.000000 0.333333
vt 0.500000 0.333333
vt 1.000000 0.333333
vt 0.000000 0.416667
vt 0.500000 0.416667
vt 1.000000 0.416667
vt 0.000000 0.500000
vt 0.500000 0.500000
vt 1.000000 0.500000
vt 0.000000 0.583333
vt 0.500000 0.583333
vt 1.000000 0.583333
vt 0.000000 0.666667
vt 0.500000 0.666667
vt 1.000000 0.666667
vt 0.000000 0.750000
vt 0.500000 0.750000
vt 1.000000 0.750000
vt 0.000000 0.833333
vt 0.500000 0.833333
vt 1.000000 0.833333
vt 0.000000 0.916667
vt 0.500000 0.916667
vt 1.000000 0.916667
vt 0.000000 1.000000
vt 0.500000 1.000000
vt 1.000000 1.000000
vt 0.000000 0.000000
vt 0.500000 0.000000
vt 1.000000 0.000000
vt 0.000000 0.083333
vt 0.500000 0.083333
vt 1.000000 0.083333
vt 0.000000 0.166667
vt 0.500000 0.166667
vt 1.000000 0.166667
vt 0.000000 0.250000
vt 0.500000 0.250000
vt 1.000000 0.250000
vt 0.000000 0.333333
vt 0.500000 0.333333
vt 1.000000 0.333333
vt 0.000000 0.416667
vt 0.500000 0.416667
vt 1.000000 0.416667
vt 0.000000 0.500000
vt 0.500000 0.500000
vt 1.000000 0.500000
vt 0.000000 0.583333
vt 0.500000 0.583333
vt 1.000000 0.583333
vt 0.000000 0.666667
vt 0.500000 0.666667
vt 1.000000 0.666667
vt 0.000000 0.750000
vt 0.500000 0.750000
vt 1.000000 0.750000
vt 0.000000 0.833333
vt 0.500000 0.833333
vt 1.000000 0.833333
vt 0.000000 0.916667
vt 0.500000 0.916667
vt 1.000000 0.916667
vt 0.000000 1.000000
vt 0.500000 1.000000
vt 1.000000 1.000000
vt 0.000000 0.000000
vt 0.500000 0.000000
vt 1.000000 0.000000
vt 0.000000 0.083333
vt 0.500000 0.083333
vt 1.000000 0.083333
vt 0.000000 0.166667
vt 0.500000 0.166667
vt 1.000000 0.166667
vt 0.000000 0.250000
vt 0.500000 0.250000
vt 1.000000 0.250000
vt 0.000000 0.333333
vt 0.500000 0.333333
vt 1.000000 0.333333
vt 0.000000 0.416667
vt 0.500000 0.416667
vt 1.000000 0.416667
vt 0.000000 0.500000
vt 0.500000 0.500000
vt 1.000000 0.500000
vt 0.000000 0.583333
vt 0.500000 0.583333
vt 1.000000 0.583333
vt 0.000000 0.666667
vt 0.500000 0.666667
vt 1.000000 0.666667
vt 0.000000 0.750000
vt 0.500000 0.750000
vt 1.000000 0.750000
vt 0.000000 0.833333
vt 0.500000 0.833333
vt 1.000000 0.833333
vt 0.000000 0.916667
vt 0.500000 0.916667
vt 1.000000 0.916667
vt 0.000000 1.000000
vt 0.500000 1.000000
vt 1.000000 1.000000
vt 0.000000 0.000000
vt 0.500000 0.000000
vt 1.000000 0.000000
vt 0.000000 0.083333
vt 0.500000 0.083333
vt 1.000000 0.083333
vt 0.000000 0.166667
vt 0.500000 0.166667
vt 1.000000 0.166667
vt 0.000000 0.250000
vt 0.500000 0.250000
vt 1.000000 0.250000
vt 0.000000 0.333333
vt 0.500000 0.333333
vt 1.000000 0.333333
vt 0.000000 0.416667
vt 0.500000 0.416667
vt 1.000000 0.416667
vt 0.000000 0.500000
vt 0.500000 0.500000
vt 1.000000 0.500000
vt 0.000000 0.583333
vt 0.500000 0.583333
vt 1.000000 0.583333
vt 0.000000 0.666667
vt 0.500000 0.666667
vt 1.000000 0.666667
vt 0.000000 0.750000
vt 0.500000 0.750000
vt 1.000000 0.750000
vt 0.000000 0.833333
vt 0.500000 0.833333
vt 1.000000 0.833333
vt 0.000000 0.916667
vt 0.500000 0.916667
vt 1.000000 0.916667
vt 0.000000 1.000000
vt 0.500000 1.000000
vt 1.000000 1.000000
vt 0.000000 0.000000
vt 0.500000 0.000000
vt 1.000000 0.000000
vt 0.000000 0.083333
vt 0.500000 0.083333
vt 1.000000 0.083333
vt 0.000000 0.166667
vt 0.500000 0.166667
vt 1.000000 0.166667
vt 0.000000 0.250000
vt 0.500000 0.250000
vt 1.000000 0.250000
vt 0.000000 0.333333
vt 0.500000 0.333333
vt 1.000000 0.333333
vt 0.000000 0.416667
vt 0.500000 0.416667
vt 1.000000 0.416667
vt 0.000000 0.500000
vt 0.500000 0.500000
vt 1.000000 0.500000
vt 0.000000 0.583333
vt 0.500000 0.583333
vt 1.000000 0.583333
vt 0.000000 0.666667
vt 0.500000 0.666667
vt 1.000000 0.666667
vt 0.000000 0.750000
vt 0.500000 0.750000
vt 1.000000 0.750000
vt 0.000000 0.833333
vt 0.500000 0.833333
vt 1.000000 0.833333
vt 0.000000 0.916667
vt 0.500000 0.916667
vt 1.000000 0.916667
vt 0.000000 1.000000
vt 0.500000 1.000000
vt 1.000000 1.000000
vt 0.000000 0.000000
vt 0.500000 0.000000
vt 1.000000 0.000000
vt 0.000000 0.083333
vt 0.500000 0.083333
vt 1.000000 0.083333
vt 0.000000 0.166667
vt 0.500000 0.166667
vt 1.000000 0.166667
vt 0.000000 0.250000
vt 0.500000 0.250000
vt 1.000000 0.250000
vt 0.000000 0.333333
vt 0.500000 0.333333
vt 1.000000 0.333333
vt 0.000000 0.416667
vt 0.500000 0.416667
vt 1.000000 0.416667
vt 0.000000 0.500000
vt 0.500000 0.500000
vt 1.000000 0.500000
vt 0.000000 0.583333
vt 0.500000 0.583333
vt 1.000000 0.583333
vt 0.000000 0.666667
vt 0.500000 0.666667
vt 1.000000 0.666667
vt 0.000000 0.750000
vt 0.500000 0.750000
vt 1.000000 0.750000
vt 0.000000 0.833333
vt 0.500000 0.833333
vt 1.000000 0.833333
vt 0.000000 0.916667
vt 0.500000 0.916667
vt 1.000000 0.916667
vt 0.000000 1.000000
vt 0.500000 1.000000
vt 1.000000 1.000000
vt 0.000000 0.000000
vt 0.500000 0.000000
vt 1.000000 0.000000
vt 0.000000 0.083333
vt 0.500000 0.083333
vt 1.000000 0.083333
vt 0.000000 0.166667
vt 0.500000 0.166667
vt 1.000000 0.166667
vt 0.000000 0.250000
vt 0.500000 0.250000
vt 1.000000 0.250000
vt 0.000000 0.333333
vt 0.500000 0.333333
vt 1.000000 0.333333
vt 0.000000 0.416667
vt 0.500000 0.416667
vt 1.000000 0.416667
vt 0.000000 0.500000
vt 0.500000 0.500000
vt 1.000000 0.500000
vt 0.000000 0.583333
vt 0.500000 0.583333
vt 1.000000 0.583333
vt 0.000000 0.666667
vt 0.500000 0.666667
vt 1.000000 0.666667
vt 0.000000 0.750000
vt 0.500000 0.750000
vt 1.000000 0.750000
vt 0.000000 0.833333
vt 0.500000 0.833333
vt 1.000000 0.833333
vt 0.000000 0.916667
vt 0.500000 0.916667
vt 1.000000 0.916667
vt 0.000000 1.000000
vt 0.500000 1.000000
vt 1.000000 1.000000
vt 0.000000 0.000000
vt 0.500000 0.000000
vt 1.000000 0.000000
vt 0.000000 0.083333
vt 0.500000 0.083333
vt 1.000000 0.083333
vt 0.000000 0.166667
vt 0.500000 0.166667
vt 1.000000 0.166667
vt 0.000000 0.250000
vt 0.500000 0.250000
vt 1.000000 0.250000
vt 0.000000 0.333333
vt 0.500000 0.333333
vt 1.000000 0.333333
vt 0.000000 0.416667
vt 0.500000 0.416667
vt 1.000000 0.416667
vt 0.000000 0.500000
vt 0.500000 0.500000
vt 1.000000 0.500000
vt 0.000000 0.583333
vt 0.500000 0.583333
vt 1.000000 0.583333
vt 0.000000 0.666667
vt 0.500000 0.666667
vt 1.000000 0.666667
vt 0.000000 0.750000
vt 0.500000 0.750000
vt 1.000000 0.750000
vt 0.000000 0.833333
vt 0.500000 0.833333
vt 1.000000 0.833333
vt 0.000000 0.916667
vt 0.500000 0.916667
vt 1.000000 0.916667
vt 0.000000 1.000000
vt 0.500000 1.000000
vt 1.000000 1.000000
vt 0.000000 0.000000
vt 0.500000 0.000000
vt 1.000000 0.000000
vt 0.000000 0.083333
vt 0.500000 0.083333
vt 1.000000 0.083333
vt 0.000000 0.166667
vt 0.500000 0.166667
vt 1.000000 0.166667
vt 0.000000 0.250000
vt 0.500000 0.250000
vt 1.000000 0.250000
vt 0.000000 0.333333
vt 0.500000 0.333333
vt 1.000000 0.333333
vt 0.000000 0.416667
vt 0.500000 0.416667
vt 1.000000 0.416667
vt 0.000000 0.500000
vt 0.500000 0.500000
vt 1.000000 0.500000
vt 0.000000 0.583333
vt 0.500000 0.583333
vt 1.000000 0.583333
vt 0.000000 0.666667
vt 0.500000 0.666667
vt 1.000000 0.666667
vt 0.000000 0.750000
vt 0.500000 0.750000
vt 1.000000 0.750000
vt 0.000000 0.833333
vt 0.500000 0.833333
vt 1.000000 0.833333
vt 0.000000 0.916667
vt 0.500000 0.916667
vt 1.000000 0.916667
vt 0.000000 1.000000
vt 0.500000 1.000000
vt 1.000000 1.000000
vt 0.000000 0.000000
vt 0.500000 0.000000
vt 1.000000 0.000000
vt 0.000000 0.083333
vt 0.500000 0.083333
vt 1.000000 0.083333
vt 0.000000 0.166667
vt 0.500000 0.166667
vt 1.000000 0.166667
vt 0.000000 0.250000
vt 0.500000 0.250000
vt 1.000000 0.250000
vt 0.000000 0.333333
vt 0.500000 0.333333
vt 1.000000 0.333333
vt 0.000000 0.416667
vt 0.500000 0.416667
vt 1.000000 0.416667
vt 0.000000 0.500000
vt 0.500000 0.500000
vt 1.000000 0.500000
vt 0.000000 0.583333
vt 0.500000 0.583333
vt 1.000000 0.583333
vt 0.000000 0.666667
vt 0.500000 0.666667
vt 1.000000 0.666667
vt 0.000000 0.750000
vt 0.500000 0.750000
vt 1.000000 0.750000
vt 0.000000 0.833333
vt 0.500000 0.833333
vt 1.000000 0.833333
vt 0.000000 0.916667
vt 0.500000 0.916667
vt 1.000000 0.916667
vt 0.000000 1.000000
vt 0.500000 1.000000
vt 1.000000 1.000000
vt 0.000000 0.000000
vt 0.500000 0.000000
vt 1.000000 0.000000
vt 0.000000 0.083333
vt 0.500000 0.083333
vt 1.000000 0.083333
vt 0.000000 0.166667
vt 0.500000 0.166667
vt 1.000000 0.166667
vt 0.000000 0.250000
vt 0.500000 0.250000
vt 1.000000 0.250000
vt 0.000000 0.333333
vt 0.500000 0.333333
vt 1.000000 0.333333
vt 0.000000 0.416667
vt 0.500000 0.416667
vt 1.000000 0.416667
vt 0.000000 0.500000
vt 0.500000 0.500000
vt 1.000000 0.500000
vt 0.000000 0.583333
vt 0.500000 0.583333
vt 1.000000 0.583333
vt 0.000000 0.666667
vt 0.500000 0.666667
vt 1.000000 0.666667
vt 0.000000 0.750000
vt 0.500000 0.750000
vt 1.000000 0.750000
vt 0.000000 0.833333
vt 0.500000 0.833333
vt 1.000000 0.833333
vt 0.000000 0.916667
vt 0.500000 0.916667
vt 1.000000 0.916667
vt 0.000000 1.000000
vt 0.500000 1.000000
vt 1.000000 1.000000
vt 0.000000 0.000000
vt 0.500000 0.000000
vt 1.000000 0.000000
vt 0.000000 0.083333
vt 0.500000 0.083333
vt 1.000000 0.083333
vt 0.000000 0.166667
vt 0.500000 0.166667
vt 1.000000 0.166667
vt 0.000000 0.250000
vt 0.500000 0.250000
vt 1.000000 0.250000
vt 0.000000 0.333333
vt 0.500000 0.333333
vt 1.000000 0.333333
vt 0.000000 0.416667
vt 0.500000 0.416667
vt 1.000000 0.416667
vt 0.000000 0.500000
vt 0.500000 0.500000
vt 1.000000 0.500000
vt 0.000000 0.583333
vt 0.500000 0.583333
vt 1.000000 0.583333
vt 0.000000 0.666667
vt 0.500000 0.666667
vt 1.000000 0.666667
vt 0.000000 0.750000
vt 0.500000 0.750000
vt 1.000000 0.750000
vt 0.000000 0.833333
vt 0.500000 0.833333
vt 1.000000 0.833333
vt 0.000000 0.916667
vt 0.500000 0.916667
vt 1.000000 0.916667
vt 0.000000 1.000000
vt 0.500000 1.000000
vt 1.000000 1.000000
vt 0.000000 0.000000
vt 0.500000 0.000000
vt 1.000000 0.000000
vt 0.000000 0.083333
vt 0.500000 0.083333
vt 1.000000 0.083333
vt 0.000000 0.166667
vt 0.500000 0.166667
vt 1.000000 0.166667
vt 0.000000 0.250000
vt 0.500000 0.250000
vt 1.000000 0.250000
vt 0.000000 0.333333
vt 0.500000 0.333333
vt 1.000000 0.333333
vt 0.000000 0.416667
vt 0.500000 0.416667
vt 1.000000 0.416667
vt 0.000000 0.500000
vt 0.500000 0.500000
vt 1.000000 0.500000
vt 0.000000 0.583333
vt 0.500000 0.583333
vt 1.000000 0.583333
vt 0.000000 0.666667
vt 0.500000 0.666667
vt 1.000000 0.666667
vt 0.000000 0.750000
vt 0.500000 0.750000
vt 1.000000 0.750000
vt 0.000000 0.833333
vt 0.500000 0.833333
vt 1.000000 0.833333
vt 0.000000 0.916667
vt 0.500000 0.916667
vt 1.000000 0.916667
vt 0.000000 1.000000
vt 0.500000 1.000000
vt 1.000000 1.000000
vt 0.000000 0.000000
vt 0.500000 0.000000
vt 1.000000 0.000000
vt 0.000000 0.083333
vt 0.500000 0.083333
vt 1.000000 0.083333
vt 0.000000 0.166667
vt 0.500000 0.166667
vt 1.000000 0.166667
vt 0.000000 0.250000
vt 0.500000 0.250000
vt 1.000000 0.250000
vt 0.000000 0.333333
vt 0.500000 0.333333
vt 1.000000 0.333333
vt 0.000000 0.416667
vt 0.500000 0.416667
vt 1.000000 0.416667
vt 0.000000 0.500000
vt 0.500000 0.500000
vt 1.000000 0.500000
vt 0.000000 0.583333
vt 0.500000 0.583333
vt 1.000000 0.583333
vt 0.000000 0.666667
vt 0.500000 0.666667
vt 1.000000 0.666667
vt 0.000000 0.750000
vt 0.500000 0.750000
vt 1.000000 0.750000
vt 0.000000 0.833333
vt 0.500000 0.833333
vt 1.000000 0.833333
vt 0.000000 0.916667
vt 0.500000 0.916667
vt 1.000000 0.916667
vt 0.000000 1.000000
vt 0.500000 1.000000
vt 1.000000 1.000000
vt 0.000000 0.000000
vt 0.500000 0.000000
vt 1.000000 0.000000
vt 0.000000 0.083333
vt 0.500000 0.083333
vt 1.000000 0.083333
vt 0.000000 0.166667
vt 0.500000 0.166667
vt 1.000000 0.166667
vt 0.000000 0.250000
vt 0.500000 0.250000
vt 1.000000 0.250000
vt 0.000000 0.333333
vt 0.500000 0.333333
vt 1.000000 0.333333
vt 0.000000 0.416667
vt 0.500000 0.416667
vt 1.000000 0.416667
vt 0.000000 0.500000
vt 0.500000 0.500000
vt 1.000000 0.500000
vt 0.000000 0.583333
vt 0.500000 0.583333
vt 1.000000 0.583333
vt 0.000000 0.666667
vt 0.500000 0.666667
vt 1.000000 0.666667
vt 0.000000 0.750000
vt 0.500000 0.750000
vt 1.000000 0.750000
vt 0.000000 0.833333
vt 0.500000 0.833333
vt 1.000000 0.833333
vt 0.000000 0.916667
vt 0.500000 0.916667
vt 1.000000 0.916667
vt 0.000000 1.000000
vt 0.500000 1.000000
vt 1.000000 1.000000
vt 0.000000 0.000000
vt 0.500000 0.000000
vt 1.000000 0.000000
vt 0.000000 0.083333
vt 0.500000 0.083333
vt 1.000000 0.083333
vt 0.000000 0.166667
vt 0.500000 0.166667
vt 1.000000 0.166667
vt 0.000000 0.250000
vt 0.500000 0.250000
vt 1.000000 0.250000
vt 0.000000 0.333333
vt 0.500000 0.333333
vt 1.000000 0.333333
vt 0.000000 0.416667
vt 0.500000 0.416667
vt 1.000000 0.416667
vt 0.000000 0.500000
vt 0.500000 0.500000
vt 1.000000 0.500000
vt 0.000000 0.583333
vt 0.500000 0.583333
vt 1.000000 0.583333
vt 0.000000 0.666667
vt 0.500000 0.666667
vt 1.000000 0.666667
vt 0.000000 0.750000
vt 0.500000 0.750000
vt 1.000000 0.750000
vt 0.000000 0.833333
vt 0.500000 0.833333
vt 1.000000 0.833333
vt 0.000000 0.916667
vt 0.500000 0.916667
vt 1.000000 0.916667
vt 0.000000 1.000000
vt 0.500000 1.000000
vt 1.000000 1.000000
vt 0.000000 0.000000
vt 0.500000 0.000000
vt 1.000000 0.000000
vt 0.000000 0.083333
vt 0.500000 0.083333
vt 1.000000 0.083333
vt 0.000000 0.166667
vt 0.500000 0.166667
vt 1.000000 0.166667
vt 0.000000 0.250000
vt 0.500000 0.250000
vt 1.000000 0.250000
vt 0.000000 0.333333
vt 0.500000 0.333333
vt 1.000000 0.333333
vt 0.000000 0.416667
vt 0.500000 0.416667
vt 1.000000 0.416667
vt 0.000000 0.500000
vt 0.500000 0.500000
vt 1.000000 0.500000
vt 0.000000 0.583333
vt 0.500000 0.583333
vt 1.000000 0.583333
vt 0.000000 0.666667
vt 0.500000 0.666667
vt 1.000000 0.666667
vt 0.000000 0.750000
vt 0.500000 0.750000
vt 1.000000 0.750000
vt 0.000000 0.833333
vt 0.500000 0.833333
vt 1.000000 0.833333
vt 0.000000 0.916667
vt 0.500000 0.916667
vt 1.000000 0.916667
vt 0.000000 1.000000
vt 0.500000 1.000000
vt 1.000000 1.000000
vn 0.000000 0.103607 0.994618
vn 0.000000 0.103607 0.994618
vn 0.000000 0.103607 0.994618
vn 0.000000 0.106712 0.994290
vn 0.000000 0.108056 0.994145
vn 0.000000 0.108930 0.994049
vn 0.000000 0.117364 0.993089
vn 0.000000 0.120520 0.992711
vn 0.000000 0.123112 0.992393
vn 0.000000 0.140795 0.990039
vn 0.000000 0.147155 0.989113
vn 0.000000 0.153107 0.988210
vn 0.000000 0.191570 0.981479
vn 0.000000 0.205945 0.978563
vn 0.000000 0.221083 0.975255
vn 0.000000 0.329460 0.944170
vn 0.000000 0.376675 0.926346
vn 0.000000 0.435116 0.900375
vn 0.000000 0.924390 0.381450
vn 0.000000 1.000000 -0.000000
vn 0.000000 0.924390 -0.381450
vn 0.000000 0.435116 -0.900375
vn 0.000000 0.376675 -0.926346
vn 0.000000 0.329460 -0.944170
vn 0.000000 0.221083 -0.975255
vn 0.000000 0.205945 -0.978563
vn 0.000000 0.191570 -0.981479
vn 0.000000 0.153107 -0.988210
vn 0.000000 0.147155 -0.989113
vn 0.000000 0.140795 -0.990039
vn 0.000000 0.123112 -0.992393
vn 0.000000 0.120520 -0.992711
vn 0.000000 0.117364 -0.993089
vn 0.000000 0.108930 -0.994049
vn 0.000000 0.108056 -0.994145
vn 0.000000 0.106712 -0.994290
vn 0.000000 0.103607 -0.994618
vn 0.000000 0.103607 -0.994618
vn 0.000000 0.103607 -0.994618
vn 0.000000 0.363564 0.931569
vn 0.000000 0.363564 0.931569
vn 0.000000 0.363564 0.931569
vn 0.000000 0.373068 0.927804
vn 0.000000 0.377150 0.926152
vn 0.000000 0.379793 0.925071
vn 0.000000 0.404859 0.914379
vn 0.000000 0.414033 0.910262
vn 0.000000 0.421481 0.906837
vn 0.000000 0.470223 0.882547
vn 0.000000 0.486867 0.873476
vn 0.000000 0.502019 0.864857
vn 0.000000 0.590279 0.807199
vn 0.000000 0.619166 0.785260
vn 0.000000 0.647345 0.762197
vn 0.000000 0.794275 0.607558
vn 0.000000 0.835986 0.548750
vn 0.000000 0.875358 0.483475
vn 0.000000 0.993989 0.109480
vn 0.000000 1.000000 0.000000
vn 0.000000 0.993989 -0.109480
vn 0.000000 0.875358 -0.483475
vn 0.000000 0.835986 -0.548750
vn 0.000000 0.794275 -0.607558
vn 0.000000 0.647345 -0.762197
vn 0.000000 0.619166 -0.785260
vn 0.000000 0.590279 -0.807199
vn 0.000000 0.502019 -0.864857
vn 0.000000 0.486867 -0.873476
vn 0.000000 0.470223 -0.882547
vn 0.000000 0.421481 -0.906837
vn 0.000000 0.414033 -0.910262
vn 0.000000 0.404859 -0.914379
vn 0.000000 0.379793 -0.925071
vn 0.000000 0.377150 -0.926152
vn 0.000000 0.373068 -0.927804
vn 0.000000 0.363564 -0.931569
vn 0.000000 0.363564 -0.931569
vn 0.000000 0.363564 -0.931569
vn 0.000000 0.103195 0.994661
vn 0.000000 0.103195 0.994661
vn 0.000000 0.103195 0.994661
vn 0.000000 0.106288 0.994335
vn 0.000000 0.107627 0.994191
vn 0.000000 0.108498 0.994097
vn 0.000000 0.116899 0.993144
vn 0.000000 0.120043 0.992769
vn 0.000000 0.122625 0.992453
vn 0.000000 0.140240 0.990118
vn 0.000000 0.146576 0.989199
vn 0.000000 0.152506 0.988303
vn 0.000000 0.190828 0.981624
vn 0.000000 0.205152 0.978730
vn 0.000000 0.220238 0.975446
vn 0.000000 0.328278 0.944581
vn 0.000000 0.375374 0.926873
vn 0.000000 0.433696 0.901059
vn 0.000000 0.923846 0.382764
vn 0.000000 1.000000 0.000000
vn 0.000000 0.923846 -0.382764
vn 0.000000 0.433696 -0.901059
vn 0.000000 0.375374 -0.926873
vn 0.000000 0.328278 -0.944581
vn 0.000000 0.220238 -0.975446
vn 0.000000 0.205152 -0.978730
vn 0.000000 0.190828 -0.981624
vn 0.000000 0.152506 -0.988303
vn 0.000000 0.146576 -0.989199
vn 0.000000 0.140240 -0.990118
vn 0.000000 0.122625 -0.992453
vn 0.000000 0.120043 -0.992769
vn 0.000000 0.116899 -0.993144
vn 0.000000 0.108498 -0.994097
vn 0.000000 0.107627 -0.994191
vn 0.000000 0.106288 -0.994335
vn 0.000000 0.103195 -0.994661
vn 0.000000 0.103195 -0.994661
vn 0.000000 0.103195 -0.994661
vn 0.000000 0.541233 0.840872
vn 0.000000 0.541233 0.840872
vn 0.000000 0.541233 0.840872
vn 0.000000 0.552678 0.833395
vn 0.000000 0.557541 0.830149
vn 0.000000 0.560674 0.828037
vn 0.000000 0.589739 0.807594
vn 0.000000 0.600085 0.799936
vn 0.000000 0.608370 0.793653
vn 0.000000 0.660090 0.751187
vn 0.000000 0.676770 0.736194
vn 0.000000 0.691530 0.722347
vn 0.000000 0.769802 0.638283
vn 0.000000 0.792718 0.609588
vn 0.000000 0.813879 0.581035
vn 0.000000 0.907178 0.420746
vn 0.000000 0.929115 0.369791
vn 0.000000 0.948240 0.317554
vn 0.000000 0.997777 0.066634
vn 0.000000 1.000000 0.000000
vn 0.000000 0.997777 -0.066634
vn 0.000000 0.948240 -0.317554
vn 0.000000 0.929115 -0.369791
vn 0.000000 0.907178 -0.420746
vn 0.000000 0.813879 -0.581035
vn 0.000000 0.792718 -0.609588
vn 0.000000 0.769802 -0.638283
vn 0.000000 0.691530 -0.722347
vn 0.000000 0.676770 -0.736194
vn 0.000000 0.660090 -0.751187
vn 0.000000 0.608370 -0.793653
vn 0.000000 0.600085 -0.799936
vn 0.000000 0.589739 -0.807594
vn 0.000000 0.560674 -0.828037
vn 0.000000 0.557541 -0.830149
vn 0.000000 0.552678 -0.833395
vn 0.000000 0.541233 -0.840872
vn 0.000000 0.541233 -0.840872
vn 0.000000 0.541233 -0.840872
vn 0.000000 0.103168 0.994664
vn 0.000000 0.103168 0.994664
vn 0.000000 0.103168 0.994664
vn 0.000000 0.106260 0.994338
vn 0.000000 0.107599 0.994194
vn 0.000000 0.108469 0.994100
vn 0.000000 0.116868 0.993147
vn 0.000000 0.120011 0.992773
vn 0.000000 0.122593 0.992457
vn 0.000000 0.140204 0.990123
vn 0.000000 0.146538 0.989205
vn 0.000000 0.152466 0.988309
vn 0.000000 0.190779 0.981633
vn 0.000000 0.205100 0.978741
vn 0.000000 0.220182 0.975459
vn 0.000000 0.328201 0.944608
vn 0.000000 0.375289 0.926908
vn 0.000000 0.433603 0.901104
vn 0.000000 0.923810 0.382851
vn 0.000000 1.000000 0.000000
vn 0.000000 0.923810 -0.382851
vn 0.000000 0.433603 -0.901104
vn 0.000000 0.375289 -0.926908
vn 0.000000 0.328201 -0.944608
vn 0.000000 0.220182 -0.975459
vn 0.000000 0.205100 -0.978741
vn 0.000000 0.190779 -0.981633
vn 0.000000 0.152466 -0.988309
vn 0.000000 0.146538 -0.989205
vn 0.000000 0.140204 -0.990123
vn 0.000000 0.122593 -0.992457
vn 0.000000 0.120011 -0.992773
vn 0.000000 0.116868 -0.993147
vn 0.000000 0.108469 -0.994100
vn 0.000000 0.107599 -0.994194
vn 0.000000 0.106260 -0.994338
vn 0.000000 0.103168 -0.994664
vn 0.000000 0.103168 -0.994664
vn 0.000000 0.103168 -0.994664
vn 0.000000 0.305908 0.952061
vn 0.000000 0.305908 0.952061
vn 0.000000 0.305908 0.952061
vn 0.000000 0.314276 0.949332
vn 0.000000 0.317879 0.948131
vn 0.000000 0.320215 0.947345
vn 0.000000 0.342489 0.939522
vn 0.000000 0.350697 0.936489
vn 0.000000 0.357385 0.933957
vn 0.000000 0.401710 0.915767
vn 0.000000 0.417083 0.908868
vn 0.000000 0.431191 0.902261
vn 0.000000 0.515791 0.856714
vn 0.000000 0.544496 0.838764
vn 0.000000 0.573047 0.819522
vn 0.000000 0.732606 0.680653
vn 0.000000 0.781903 0.623400
vn 0.000000 0.830443 0.557104
vn 0.000000 0.991170 0.132598
vn 0.000000 1.000000 -0.000000
vn 0.000000 0.991170 -0.132598
vn 0.000000 0.830443 -0.557104
vn 0.000000 0.781903 -0.623400
vn 0.000000 0.732606 -0.680653
vn 0.000000 0.573047 -0.819522
vn 0.000000 0.544496 -0.838764
vn 0.000000 0.515791 -0.856714
vn 0.000000 0.431191 -0.902261
vn 0.000000 0.417083 -0.908868
vn 0.000000 0.401710 -0.915767
vn 0.000000 0.357385 -0.933957
vn 0.000000 0.350697 -0.936489
vn 0.000000 0.342489 -0.939522
vn 0.000000 0.320215 -0.947345
vn 0.000000 0.317879 -0.948131
vn 0.000000 0.314276 -0.949332
vn 0.000000 0.305908 -0.952061
vn 0.000000 0.305908 -0.952061
vn 0.000000 0.305908 -0.952061
vn 0.000000 0.192719 0.981254
vn 0.000000 0.192719 0.981254
vn 0.000000 0.192719 0.981254
vn 0.000000 0.198334 0.980135
vn 0.000000 0.200760 0.979641
vn 0.000000 0.202336 0.979316
vn 0.000000 0.217487 0.976063
vn 0.000000 0.223130 0.974789
vn 0.000000 0.227751 0.973719
vn 0.000000 0.258982 0.965882
vn 0.000000 0.270079 0.962838
vn 0.000000 0.280397 0.959884
vn 0.000000 0.345363 0.938469
vn 0.000000 0.368825 0.929499
vn 0.000000 0.393019 0.919531
vn 0.000000 0.549621 0.835414
vn 0.000000 0.608428 0.793609
vn 0.000000 0.673506 0.739182
vn 0.000000 0.976877 0.213802
vn 0.000000 1.000000 0.000000
vn 0.000000 0.976877 -0.213802
vn 0.000000 0.673506 -0.739182
vn 0.000000 0.608428 -0.793609
vn 0.000000 0.549621 -0.835414
vn 0.000000 0.393019 -0.919531
vn 0.000000 0.368825 -0.929499
vn 0.000000 0.345363 -0.938469
vn 0.000000 0.280397 -0.959884
vn 0.000000 0.270079 -0.962838
vn 0.000000 0.258982 -0.965882
vn 0.000000 0.227751 -0.973719
vn 0.000000 0.223130 -0.974789
vn 0.000000 0.217487 -0.976063
vn 0.000000 0.202336 -0.979316
vn 0.000000 0.200760 -0.979641
vn 0.000000 0.198334 -0.980135
vn 0.000000 0.192719 -0.981254
vn 0.000000 0.192719 -0.981254
vn 0.000000 0.192719 -0.981254
vn 0.000000 0.450717 0.892667
vn 0.000000 0.450717 0.892667
vn 0.000000 0.450717 0.892667
vn 0.000000 0.461501 0.887140
vn 0.000000 0.466111 0.884726
vn 0.000000 0.469089 0.883151
vn 0.000000 0.497056 0.867718
vn 0.000000 0.507164 0.861849
vn 0.000000 0.515320 0.856998
vn 0.000000 0.567541 0.823345
vn 0.000000 0.584904 0.811103
vn 0.000000 0.600499 0.799626
vn 0.000000 0.687250 0.726421
vn 0.000000 0.714107 0.700036
vn 0.000000 0.739574 0.673076
vn 0.000000 0.860800 0.508944
vn 0.000000 0.891782 0.452465
vn 0.000000 0.919697 0.392630
vn 0.000000 0.996396 0.084827
vn 0.000000 1.000000 0.000000
vn 0.000000 0.996396 -0.084827
vn 0.000000 0.919697 -0.392630
vn 0.000000 0.891782 -0.452465
vn 0.000000 0.860800 -0.508944
vn 0.000000 0.739574 -0.673076
vn 0.000000 0.714107 -0.700036
vn 0.000000 0.687250 -0.726421
vn 0.000000 0.600499 -0.799626
vn 0.000000 0.584904 -0.811103
vn 0.000000 0.567541 -0.823345
vn 0.000000 0.515320 -0.856998
vn 0.000000 0.507164 -0.861849
vn 0.000000 0.497056 -0.867718
vn 0.000000 0.469089 -0.883151
vn 0.000000 0.466111 -0.884726
vn 0.000000 0.461501 -0.887140
vn 0.000000 0.450717 -0.892667
vn 0.000000 0.450717 -0.892667
vn 0.000000 0.450717 -0.892667
vn 0.000000 0.102494 0.994734
vn 0.000000 0.102494 0.994734
vn 0.000000 0.102494 0.994734
vn 0.000000 0.105566 0.994412
vn 0.000000 0.106896 0.994270
vn 0.000000 0.107761 0.994177
vn 0.000000 0.116106 0.993237
vn 0.000000 0.119230 0.992867
vn 0.000000 0.121794 0.992555
vn 0.000000 0.139295 0.990251
vn 0.000000 0.145590 0.989345
vn 0.000000 0.151482 0.988460
vn 0.000000 0.189563 0.981868
vn 0.000000 0.203801 0.979012
vn 0.000000 0.218797 0.975770
vn 0.000000 0.326263 0.945279
vn 0.000000 0.373155 0.927769
vn 0.000000 0.431271 0.902222
vn 0.000000 0.922908 0.385021
vn 0.000000 1.000000 0.000000
vn 0.000000 0.922908 -0.385021
vn 0.000000 0.431271 -0.902222
vn 0.000000 0.373155 -0.927769
vn 0.000000 0.326263 -0.945279
vn 0.000000 0.218797 -0.975770
vn 0.000000 0.203801 -0.979012
vn 0.000000 0.189563 -0.981868
vn 0.000000 0.151482 -0.988460
vn 0.000000 0.145590 -0.989345
vn 0.000000 0.139295 -0.990251
vn 0.000000 0.121794 -0.992555
vn 0.000000 0.119230 -0.992867
vn 0.000000 0.116106 -0.993237
vn 0.000000 0.107761 -0.994177
vn 0.000000 0.106896 -0.994270
vn 0.000000 0.105566 -0.994412
vn 0.000000 0.102494 -0.994734
vn 0.000000 0.102494 -0.994734
vn 0.000000 0.102494 -0.994734
vn 0.000000 0.440756 0.897627
vn 0.000000 0.440756 0.897627
vn 0.000000 0.440756 0.897627
vn 0.000000 0.451424 0.892309
vn 0.000000 0.455987 0.889987
vn 0.000000 0.458936 0.888470
vn 0.000000 0.486658 0.873592
vn 0.000000 0.496693 0.867926
vn 0.000000 0.504797 0.863238
vn 0.000000 0.556818 0.830634
vn 0.000000 0.574171 0.818736
vn 0.000000 0.589780 0.807564
vn 0.000000 0.677079 0.735911
vn 0.000000 0.704277 0.709925
vn 0.000000 0.730148 0.683289
vn 0.000000 0.854475 0.519492
vn 0.000000 0.886591 0.462553
vn 0.000000 0.915657 0.401961
vn 0.000000 0.996190 0.087208
vn 0.000000 1.000000 -0.000000
vn 0.000000 0.996190 -0.087208
vn 0.000000 0.915657 -0.401961
vn 0.000000 0.886591 -0.462553
vn 0.000000 0.854475 -0.519492
vn 0.000000 0.730148 -0.683289
vn 0.000000 0.704277 -0.709925
vn 0.000000 0.677079 -0.735911
vn 0.000000 0.589780 -0.807564
vn 0.000000 0.574171 -0.818736
vn 0.000000 0.556818 -0.830634
vn 0.000000 0.504797 -0.863238
vn 0.000000 0.496693 -0.867926
vn 0.000000 0.486658 -0.873592
vn 0.000000 0.458936 -0.888470
vn 0.000000 0.455987 -0.889987
vn 0.000000 0.451424 -0.892309
vn 0.000000 0.440756 -0.897627
vn 0.000000 0.440756 -0.897627
vn 0.000000 0.440756 -0.897627
vn 0.000000 0.180019 0.983663
vn 0.000000 0.180019 0.983663
vn 0.000000 0.180019 0.983663
vn 0.000000 0.185290 0.982684
vn 0.000000 0.187569 0.982251
vn 0.000000 0.189049 0.981968
vn 0.000000 0.203291 0.979118
vn 0.000000 0.208600 0.978001
vn 0.000000 0.212950 0.977063
vn 0.000000 0.242395 0.970178
vn 0.000000 0.252881 0.967497
vn 0.000000 0.262641 0.964894
vn 0.000000 0.324371 0.945930
vn 0.000000 0.346797 0.937940
vn 0.000000 0.370003 0.929031
vn 0.000000 0.522647 0.852549
vn 0.000000 0.581290 0.813696
vn 0.000000 0.647215 0.762308
vn 0.000000 0.973507 0.228657
vn 0.000000 1.000000 0.000000
vn 0.000000 0.973507 -0.228657
vn 0.000000 0.647215 -0.762308
vn 0.000000 0.581290 -0.813696
vn 0.000000 0.522647 -0.852549
vn 0.000000 0.370003 -0.929031
vn 0.000000 0.346797 -0.937940
vn 0.000000 0.324371 -0.945930
vn 0.000000 0.262641 -0.964894
vn 0.000000 0.252881 -0.967497
vn 0.000000 0.242395 -0.970178
vn 0.000000 0.212950 -0.977063
vn 0.000000 0.208600 -0.978001
vn 0.000000 0.203291 -0.979118
vn 0.000000 0.189049 -0.981968
vn 0.000000 0.187569 -0.982251
vn 0.000000 0.185290 -0.982684
vn 0.000000 0.180019 -0.983663
vn 0.000000 0.180019 -0.983663
vn 0.000000 0.180019 -0.983663
vn 0.000000 0.381568 0.924341
vn 0.000000 0.381568 0.924341
vn 0.000000 0.381568 0.924341
vn 0.000000 0.391383 0.920228
vn 0.000000 0.395594 0.918425
vn 0.000000 0.398320 0.917247
vn 0.000000 0.424122 0.905605
vn 0.000000 0.433542 0.901133
vn 0.000000 0.441181 0.897418
vn 0.000000 0.490963 0.871181
vn 0.000000 0.507873 0.861432
vn 0.000000 0.523226 0.852194
vn 0.000000 0.611822 0.790996
vn 0.000000 0.640488 0.767968
vn 0.000000 0.668284 0.743906
vn 0.000000 0.810313 0.585997
vn 0.000000 0.849680 0.527299
vn 0.000000 0.886427 0.462868
vn 0.000000 0.994622 0.103570
vn 0.000000 1.000000 0.000000
vn 0.000000 0.994622 -0.103570
vn 0.000000 0.886427 -0.462868
vn 0.000000 0.849680 -0.527299
vn 0.000000 0.810313 -0.585997
vn 0.000000 0.668284 -0.743906
vn 0.000000 0.640488 -0.767968
vn 0.000000 0.611822 -0.790996
vn 0.000000 0.523226 -0.852194
vn 0.000000 0.507873 -0.861432
vn 0.000000 0.490963 -0.871181
vn 0.000000 0.441181 -0.897418
vn 0.000000 0.433542 -0.901133
vn 0.000000 0.424122 -0.905605
vn 0.000000 0.398320 -0.917247
vn 0.000000 0.395594 -0.918425
vn 0.000000 0.391383 -0.920228
vn 0.000000 0.381568 -0.924341
vn 0.000000 0.381568 -0.924341
vn 0.000000 0.381568 -0.924341
vn 0.000000 0.181585 0.983375
vn 0.000000 0.181585 0.983375
vn 0.000000 0.181585 0.983375
vn 0.000000 0.186899 0.982379
vn 0.000000 0.189196 0.981939
vn 0.000000 0.190688 0.981651
vn 0.000000 0.205044 0.978753
vn 0.000000 0.210394 0.977617
vn 0.000000 0.214777 0.976663
vn 0.000000 0.244446 0.969663
vn 0.000000 0.255008 0.966939
vn 0.000000 0.264838 0.964293
vn 0.000000 0.326978 0.945032
vn 0.000000 0.349537 0.936923
vn 0.000000 0.372870 0.927884
vn 0.000000 0.526052 0.850452
vn 0.000000 0.584737 0.811223
vn 0.000000 0.650579 0.759438
vn 0.000000 0.973959 0.226724
vn 0.000000 1.000000 -0.000000
vn 0.000000 0.973959 -0.226724
vn 0.000000 0.650579 -0.759438
vn 0.000000 0.584737 -0.811223
vn 0.000000 0.526052 -0.850452
vn 0.000000 0.372870 -0.927884
vn 0.000000 0.349537 -0.936923
vn 0.000000 0.326978 -0.945032
vn 0.000000 0.264838 -0.964293
vn 0.000000 0.255008 -0.966939
vn 0.000000 0.244446 -0.969663
vn 0.000000 0.214777 -0.976663
vn 0.000000 0.210394 -0.977617
vn 0.000000 0.205044 -0.978753
vn 0.000000 0.190688 -0.981651
vn 0.000000 0.189196 -0.981939
vn 0.000000 0.186899 -0.982379
vn 0.000000 0.181585 -0.983375
vn 0.000000 0.181585 -0.983375
vn 0.000000 0.181585 -0.983375
vn 0.000000 0.357239 0.934013
vn 0.000000 0.357239 0.934013
vn 0.000000 0.357239 0.934013
vn 0.000000 0.366629 0.930367
vn 0.000000 0.370663 0.928767
vn 0.000000 0.373276 0.927720
vn 0.000000 0.398067 0.917356
vn 0.000000 0.407148 0.913362
vn 0.000000 0.414523 0.910039
vn 0.000000 0.462862 0.886430
vn 0.000000 0.479398 0.877598
vn 0.000000 0.494465 0.869198
vn 0.000000 0.582519 0.812817
vn 0.000000 0.611455 0.791279
vn 0.000000 0.639741 0.768590
vn 0.000000 0.788309 0.615279
vn 0.000000 0.830853 0.556492
vn 0.000000 0.871177 0.490969
vn 0.000000 0.993744 0.111682
vn 0.000000 1.000000 0.000000
vn 0.000000 0.993744 -0.111682
vn 0.000000 0.871177 -0.490969
vn 0.000000 0.830853 -0.556492
vn 0.000000 0.788309 -0.615279
vn 0.000000 0.639741 -0.768590
vn 0.000000 0.611455 -0.791279
vn 0.000000 0.582519 -0.812817
vn 0.000000 0.494465 -0.869198
vn 0.000000 0.479398 -0.877598
vn 0.000000 0.462862 -0.886430
vn 0.000000 0.414523 -0.910039
vn 0.000000 0.407148 -0.913362
vn 0.000000 0.398067 -0.917356
vn 0.000000 0.373276 -0.927720
vn 0.000000 0.370663 -0.928767
vn 0.000000 0.366629 -0.930367
vn 0.000000 0.357239 -0.934013
vn 0.000000 0.357239 -0.934013
vn 0.000000 0.357239 -0.934013
vn 0.000000 0.171047 0.985263
vn 0.000000 0.171047 0.985263
vn 0.000000 0.171047 0.985263
vn 0.000000 0.176073 0.984377
vn 0.000000 0.178246 0.983986
vn 0.000000 0.179658 0.983729
vn 0.000000 0.193247 0.981150
vn 0.000000 0.198314 0.980138
vn 0.000000 0.202468 0.979289
vn 0.000000 0.230620 0.973044
vn 0.000000 0.240659 0.970610
vn 0.000000 0.250011 0.968243
vn 0.000000 0.309338 0.950952
vn 0.000000 0.330977 0.943639
vn 0.000000 0.353422 0.935464
vn 0.000000 0.502716 0.864452
vn 0.000000 0.560994 0.827820
vn 0.000000 0.627255 0.778814
vn 0.000000 0.970688 0.240344
vn 0.000000 1.000000 0.000000
vn 0.000000 0.970688 -0.240344
vn 0.000000 0.627255 -0.778814
vn 0.000000 0.560994 -0.827820
vn 0.000000 0.502716 -0.864452
vn 0.000000 0.353422 -0.935464
vn 0.000000 0.330977 -0.943639
vn 0.000000 0.309338 -0.950952
vn 0.000000 0.250011 -0.968243
vn 0.000000 0.240659 -0.970610
vn 0.000000 0.230620 -0.973044
vn 0.000000 0.202468 -0.979289
vn 0.000000 0.198314 -0.980138
vn 0.000000 0.193247 -0.981150
vn 0.000000 0.179658 -0.983729
vn 0.000000 0.178246 -0.983986
vn 0.000000 0.176073 -0.984377
vn 0.000000 0.171047 -0.985263
vn 0.000000 0.171047 -0.985263
vn 0.000000 0.171047 -0.985263
vn 0.000000 0.530834 0.847476
vn 0.000000 0.530834 0.847476
vn 0.000000 0.530834 0.847476
vn 0.000000 0.542241 0.840223
vn 0.000000 0.547092 0.837072
vn 0.000000 0.550218 0.835021
vn 0.000000 0.579263 0.815140
vn 0.000000 0.589621 0.807680
vn 0.000000 0.597924 0.801553
vn 0.000000 0.649909 0.760012
vn 0.000000 0.666735 0.745294
vn 0.000000 0.681651 0.731678
vn 0.000000 0.761174 0.648547
vn 0.000000 0.784603 0.619998
vn 0.000000 0.806298 0.591509
vn 0.000000 0.902718 0.430232
vn 0.000000 0.925581 0.378551
vn 0.000000 0.945576 0.325401
vn 0.000000 0.997654 0.068464
vn 0.000000 1.000000 -0.000000
vn 0.000000 0.997654 -0.068464
vn 0.000000 0.945576 -0.325401
vn 0.000000 0.925581 -0.378551
vn 0.000000 0.902718 -0.430232
vn 0.000000 0.806298 -0.591509
vn 0.000000 0.784603 -0.619998
vn 0.000000 0.761174 -0.648547
vn 0.000000 0.681651 -0.731678
vn 0.000000 0.666735 -0.745294
vn 0.000000 0.649909 -0.760012
vn 0.000000 0.597924 -0.801553
vn 0.000000 0.589621 -0.807680
vn 0.000000 0.579263 -0.815140
vn 0.000000 0.550218 -0.835021
vn 0.000000 0.547092 -0.837072
vn 0.000000 0.542241 -0.840223
vn 0.000000 0.530834 -0.847476
vn 0.000000 0.530834 -0.847476
vn 0.000000 0.530834 -0.847476
vn 0.000000 0.163189 0.986595
vn 0.000000 0.163189 0.986595
vn 0.000000 0.163189 0.986595
vn 0.000000 0.167997 0.985787
vn 0.000000 0.170077 0.985431
vn 0.000000 0.171428 0.985197
vn 0.000000 0.184438 0.982844
vn 0.000000 0.189292 0.981921
vn 0.000000 0.193272 0.981145
vn 0.000000 0.220269 0.975439
vn 0.000000 0.229908 0.973212
vn 0.000000 0.238893 0.971046
vn 0.000000 0.296038 0.955176
vn 0.000000 0.316951 0.948442
vn 0.000000 0.338687 0.940899
vn 0.000000 0.484655 0.874706
vn 0.000000 0.542429 0.840101
vn 0.000000 0.608778 0.793341
vn 0.000000 0.967852 0.251520
vn 0.000000 1.000000 0.000000
vn 0.000000 0.967852 -0.251520
vn 0.000000 0.608778 -0.793341
vn 0.000000 0.542429 -0.840101
vn 0.000000 0.484655 -0.874706
vn 0.000000 0.338687 -0.940899
vn 0.000000 0.316951 -0.948442
vn 0.000000 0.296038 -0.955176
vn 0.000000 0.238893 -0.971046
vn 0.000000 0.229908 -0.973212
vn 0.000000 0.220269 -0.975439
vn 0.000000 0.193272 -0.981145
vn 0.000000 0.189292 -0.981921
vn 0.000000 0.184438 -0.982844
vn 0.000000 0.171428 -0.985197
vn 0.000000 0.170077 -0.985431
vn 0.000000 0.167997 -0.985787
vn 0.000000 0.163189 -0.986595
vn 0.000000 0.163189 -0.986595
vn 0.000000 0.163189 -0.986595
vn 0.000000 0.296503 0.955032
vn 0.000000 0.296503 0.955032
vn 0.000000 0.296503 0.955032
vn 0.000000 0.304666 0.952459
vn 0.000000 0.308182 0.951327
vn 0.000000 0.310462 0.950586
vn 0.000000 0.332222 0.943201
vn 0.000000 0.340249 0.940335
vn 0.000000 0.346793 0.937942
vn 0.000000 0.390244 0.920712
vn 0.000000 0.405349 0.914162
vn 0.000000 0.419229 0.907881
vn 0.000000 0.502838 0.864381
vn 0.000000 0.531368 0.847141
vn 0.000000 0.559836 0.828603
vn 0.000000 0.720830 0.693112
vn 0.000000 0.771319 0.636449
vn 0.000000 0.821429 0.570311
vn 0.000000 0.990551 0.137146
vn 0.000000 1.000000 0.000000
vn 0.000000 0.990551 -0.137146
vn 0.000000 0.821429 -0.570311
vn 0.000000 0.771319 -0.636449
vn 0.000000 0.720830 -0.693112
vn 0.000000 0.559836 -0.828603
vn 0.000000 0.531368 -0.847141
vn 0.000000 0.502838 -0.864381
vn 0.000000 0.419229 -0.907881
vn 0.000000 0.405349 -0.914162
vn 0.000000 0.390244 -0.920712
vn 0.000000 0.346793 -0.937942
vn 0.000000 0.340249 -0.940335
vn 0.000000 0.332222 -0.943201
vn 0.000000 0.310462 -0.950586
vn 0.000000 0.308182 -0.951327
vn 0.000000 0.304666 -0.952459
vn 0.000000 0.296503 -0.955032
vn 0.000000 0.296503 -0.955032
vn 0.000000 0.296503 -0.955032
vn 0.000000 0.287925 0.957653
vn 0.000000 0.287925 0.957653
vn 0.000000 0.287925 0.957653
vn 0.000000 0.295897 0.955220
vn 0.000000 0.299332 0.954149
vn 0.000000 0.301560 0.953447
vn 0.000000 0.322837 0.946455
vn 0.000000 0.330693 0.943738
vn 0.000000 0.337100 0.941469
vn 0.000000 0.379718 0.925102
vn 0.000000 0.394565 0.918868
vn 0.000000 0.408222 0.912883
vn 0.000000 0.490827 0.871257
vn 0.000000 0.519160 0.854677
vn 0.000000 0.547513 0.836797
vn 0.000000 0.709617 0.704588
vn 0.000000 0.761165 0.648558
vn 0.000000 0.812712 0.582666
vn 0.000000 0.989934 0.141531
vn 0.000000 1.000000 -0.000000
vn 0.000000 0.989934 -0.141531
vn 0.000000 0.812712 -0.582666
vn 0.000000 0.761165 -0.648558
vn 0.000000 0.709617 -0.704588
vn 0.000000 0.547513 -0.836797
vn 0.000000 0.519160 -0.854677
vn 0.000000 0.490827 -0.871257
vn 0.000000 0.408222 -0.912883
vn 0.000000 0.394565 -0.918868
vn 0.000000 0.379718 -0.925102
vn 0.000000 0.337100 -0.941469
vn 0.000000 0.330693 -0.943738
vn 0.000000 0.322837 -0.946455
vn 0.000000 0.301560 -0.953447
vn 0.000000 0.299332 -0.954149
vn 0.000000 0.295897 -0.955220
vn 0.000000 0.287925 -0.957653
vn 0.000000 0.287925 -0.957653
vn 0.000000 0.287925 -0.957653
vn 0.000000 0.435920 0.899986
vn 0.000000 0.435920 0.899986
vn 0.000000 0.435920 0.899986
vn 0.000000 0.446528 0.894770
vn 0.000000 0.451067 0.892490
vn 0.000000 0.454000 0.891002
vn 0.000000 0.481596 0.876393
vn 0.000000 0.491592 0.870825
vn 0.000000 0.499667 0.866217
vn 0.000000 0.551574 0.834126
vn 0.000000 0.568914 0.822397
vn 0.000000 0.584526 0.811375
vn 0.000000 0.672058 0.740499
vn 0.000000 0.699413 0.714718
vn 0.000000 0.725473 0.688251
vn 0.000000 0.851300 0.524679
vn 0.000000 0.883977 0.467531
vn 0.000000 0.913615 0.406580
vn 0.000000 0.996085 0.088398
vn 0.000000 1.000000 0.000000
vn 0.000000 0.996085 -0.088398
vn 0.000000 0.913615 -0.406580
vn 0.000000 0.883977 -0.467531
vn 0.000000 0.851300 -0.524679
vn 0.000000 0.725473 -0.688251
vn 0.000000 0.699413 -0.714718
vn 0.000000 0.672058 -0.740499
vn 0.000000 0.584526 -0.811375
vn 0.000000 0.568914 -0.822397
vn 0.000000 0.551574 -0.834126
vn 0.000000 0.499667 -0.866217
vn 0.000000 0.491592 -0.870825
vn 0.000000 0.481596 -0.876393
vn 0.000000 0.454000 -0.891002
vn 0.000000 0.451067 -0.892490
vn 0.000000 0.446528 -0.894770
vn 0.000000 0.435920 -0.899986
vn 0.000000 0.435920 -0.899986
vn 0.000000 0.435920 -0.899986
vn 0.000000 0.150529 0.988606
vn 0.000000 0.150529 0.988606
vn 0.000000 0.150529 0.988606
vn 0.000000 0.154983 0.987917
vn 0.000000 0.156910 0.987613
vn 0.000000 0.158162 0.987413
vn 0.000000 0.170226 0.985405
vn 0.000000 0.174730 0.984616
vn 0.000000 0.178425 0.983954
vn 0.000000 0.203523 0.979070
vn 0.000000 0.212500 0.977161
vn 0.000000 0.220876 0.975302
vn 0.000000 0.274357 0.961628
vn 0.000000 0.294030 0.955796
vn 0.000000 0.314542 0.949244
vn 0.000000 0.454364 0.890816
vn 0.000000 0.510933 0.859621
vn 0.000000 0.576960 0.816772
vn 0.000000 0.962386 0.271686
vn 0.000000 1.000000 0.000000
vn 0.000000 0.962386 -0.271686
vn 0.000000 0.576960 -0.816772
vn 0.000000 0.510933 -0.859621
vn 0.000000 0.454364 -0.890816
vn 0.000000 0.314542 -0.949244
vn 0.000000 0.294030 -0.955796
vn 0.000000 0.274357 -0.961628
vn 0.000000 0.220876 -0.975302
vn 0.000000 0.212500 -0.977161
vn 0.000000 0.203523 -0.979070
vn 0.000000 0.178425 -0.983954
vn 0.000000 0.174730 -0.984616
vn 0.000000 0.170226 -0.985405
vn 0.000000 0.158162 -0.987413
vn 0.000000 0.156910 -0.987613
vn 0.000000 0.154983 -0.987917
vn 0.000000 0.150529 -0.988606
vn 0.000000 0.150529 -0.988606
vn 0.000000 0.150529 -0.988606
vn 0.000000 0.423590 0.905854
vn 0.000000 0.423590 0.905854
vn 0.000000 0.423590 0.905854
vn 0.000000 0.434038 0.900894
vn 0.000000 0.438511 0.898726
vn 0.000000 0.441404 0.897309
vn 0.000000 0.468651 0.883384
vn 0.000000 0.478539 0.878066
vn 0.000000 0.486534 0.873661
vn 0.000000 0.538093 0.842886
vn 0.000000 0.555384 0.831594
vn 0.000000 0.570981 0.820963
vn 0.000000 0.659012 0.752132
vn 0.000000 0.686740 0.726903
vn 0.000000 0.713259 0.700901
vn 0.000000 0.842882 0.538098
vn 0.000000 0.877015 0.480463
vn 0.000000 0.908158 0.418627
vn 0.000000 0.995802 0.091538
vn 0.000000 1.000000 -0.000000
vn 0.000000 0.995802 -0.091538
vn 0.000000 0.908158 -0.418627
vn 0.000000 0.877015 -0.480463
vn 0.000000 0.842882 -0.538098
vn 0.000000 0.713259 -0.700901
vn 0.000000 0.686740 -0.726903
vn 0.000000 0.659012 -0.752132
vn 0.000000 0.570981 -0.820963
vn 0.000000 0.555384 -0.831594
vn 0.000000 0.538093 -0.842886
vn 0.000000 0.486534 -0.873661
vn 0.000000 0.478539 -0.878066
vn 0.000000 0.468651 -0.883384
vn 0.000000 0.441404 -0.897309
vn 0.000000 0.438511 -0.898726
vn 0.000000 0.434038 -0.900894
vn 0.000000 0.423590 -0.905854
vn 0.000000 0.423590 -0.905854
vn 0.000000 0.423590 -0.905854
vn 0.000000 0.253659 0.967294
vn 0.000000 0.253659 0.967294
vn 0.000000 0.253659 0.967294
vn 0.000000 0.260831 0.965385
vn 0.000000 0.263925 0.964543
vn 0.000000 0.265933 0.963992
vn 0.000000 0.285159 0.958480
vn 0.000000 0.292283 0.956332
vn 0.000000 0.298103 0.954534
vn 0.000000 0.337059 0.941484
vn 0.000000 0.350737 0.936474
vn 0.000000 0.363373 0.931644
vn 0.000000 0.441002 0.897506
vn 0.000000 0.468163 0.883642
vn 0.000000 0.495651 0.868522
vn 0.000000 0.659965 0.751296
vn 0.000000 0.715321 0.698796
vn 0.000000 0.772517 0.634994
vn 0.000000 0.986830 0.161759
vn 0.000000 1.000000 0.000000
vn 0.000000 0.986830 -0.161759
vn 0.000000 0.772517 -0.634994
vn 0.000000 0.715321 -0.698796
vn 0.000000 0.659965 -0.751296
vn 0.000000 0.495651 -0.868522
vn 0.000000 0.468163 -0.883642
vn 0.000000 0.441002 -0.897506
vn 0.000000 0.363373 -0.931644
vn 0.000000 0.350737 -0.936474
vn 0.000000 0.337059 -0.941484
vn 0.000000 0.298103 -0.954534
vn 0.000000 0.292283 -0.956332
vn 0.000000 0.285159 -0.958480
vn 0.000000 0.265933 -0.963992
vn 0.000000 0.263925 -0.964543
vn 0.000000 0.260831 -0.965385
vn 0.000000 0.253659 -0.967294
vn 0.000000 0.253659 -0.967294
vn 0.000000 0.253659 -0.967294
vn 0.000000 0.363516 0.931588
vn 0.000000 0.363516 0.931588
vn 0.000000 0.363516 0.931588
vn 0.000000 0.373020 0.927823
vn 0.000000 0.377101 0.926172
vn 0.000000 0.379744 0.925092
vn 0.000000 0.404808 0.914402
vn 0.000000 0.413981 0.910286
vn 0.000000 0.421428 0.906862
vn 0.000000 0.470168 0.882577
vn 0.000000 0.486812 0.873507
vn 0.000000 0.501963 0.864889
vn 0.000000 0.590221 0.807242
vn 0.000000 0.619109 0.785305
vn 0.000000 0.647288 0.762245
vn 0.000000 0.794231 0.607616
vn 0.000000 0.835948 0.548808
vn 0.000000 0.875327 0.483531
vn 0.000000 0.993987 0.109496
vn 0.000000 1.000000 0.000000
vn 0.000000 0.993987 -0.109496
vn 0.000000 0.875327 -0.483531
vn 0.000000 0.835948 -0.548808
vn 0.000000 0.794231 -0.607616
vn 0.000000 0.647288 -0.762245
vn 0.000000 0.619109 -0.785305
vn 0.000000 0.590221 -0.807242
vn 0.000000 0.501963 -0.864889
vn 0.000000 0.486812 -0.873507
vn 0.000000 0.470168 -0.882577
vn 0.000000 0.421428 -0.906862
vn 0.000000 0.413981 -0.910286
vn 0.000000 0.404808 -0.914402
vn 0.000000 0.379744 -0.925092
vn 0.000000 0.377101 -0.926172
vn 0.000000 0.373020 -0.927823
vn 0.000000 0.363516 -0.931588
vn 0.000000 0.363516 -0.931588
vn 0.000000 0.363516 -0.931588
vn 0.000000 0.249351 0.968413
vn 0.000000 0.249351 0.968413
vn 0.000000 0.249351 0.968413
vn 0.000000 0.256418 0.966566
vn 0.000000 0.259467 0.965752
vn 0.000000 0.261446 0.965218
vn 0.000000 0.280402 0.959883
vn 0.000000 0.287428 0.957802
vn 0.000000 0.293169 0.956061
vn 0.000000 0.331628 0.943410
vn 0.000000 0.345145 0.938549
vn 0.000000 0.357637 0.933861
vn 0.000000 0.434531 0.900657
vn 0.000000 0.461499 0.887141
vn 0.000000 0.488830 0.872379
vn 0.000000 0.653134 0.757242
vn 0.000000 0.708903 0.705306
vn 0.000000 0.766780 0.641910
vn 0.000000 0.986350 0.164664
vn 0.000000 1.000000 -0.000000
vn 0.000000 0.986350 -0.164664
vn 0.000000 0.766780 -0.641910
vn 0.000000 0.708903 -0.705306
vn 0.000000 0.653134 -0.757242
vn 0.000000 0.488830 -0.872379
vn 0.000000 0.461499 -0.887141
vn 0.000000 0.434531 -0.900657
vn 0.000000 0.357637 -0.933861
vn 0.000000 0.345145 -0.938549
vn 0.000000 0.331628 -0.943410
vn 0.000000 0.293169 -0.956061
vn 0.000000 0.287428 -0.957802
vn 0.000000 0.280402 -0.959883
vn 0.000000 0.261446 -0.965218
vn 0.000000 0.259467 -0.965752
vn 0.000000 0.256418 -0.966566
vn 0.000000 0.249351 -0.968413
vn 0.000000 0.249351 -0.968413
vn 0.000000 0.249351 -0.968413
vn 0.000000 0.337739 0.941240
vn 0.000000 0.337739 0.941240
vn 0.000000 0.337739 0.941240
vn 0.000000 0.346760 0.937954
vn 0.000000 0.350638 0.936511
vn 0.000000 0.353152 0.935566
vn 0.000000 0.377047 0.926194
vn 0.000000 0.385820 0.922574
vn 0.000000 0.392955 0.919558
vn 0.000000 0.439922 0.898036
vn 0.000000 0.456075 0.889941
vn 0.000000 0.470835 0.882221
vn 0.000000 0.557958 0.829869
vn 0.000000 0.586942 0.809629
vn 0.000000 0.615462 0.788166
vn 0.000000 0.768741 0.639560
vn 0.000000 0.813867 0.581051
vn 0.000000 0.857220 0.514950
vn 0.000000 0.992901 0.118944
vn 0.000000 1.000000 0.000000
vn 0.000000 0.992901 -0.118944
vn 0.000000 0.857220 -0.514950
vn 0.000000 0.813867 -0.581051
vn 0.000000 0.768741 -0.639560
vn 0.000000 0.615462 -0.788166
vn 0.000000 0.586942 -0.809629
vn 0.000000 0.557958 -0.829869
vn 0.000000 0.470835 -0.882221
vn 0.000000 0.456075 -0.889941
vn 0.000000 0.439922 -0.898036
vn 0.000000 0.392955 -0.919558
vn 0.000000 0.385820 -0.922574
vn 0.000000 0.377047 -0.926194
vn 0.000000 0.353152 -0.935566
vn 0.000000 0.350638 -0.936511
vn 0.000000 0.346760 -0.937954
vn 0.000000 0.337739 -0.941240
vn 0.000000 0.337739 -0.941240
vn 0.000000 0.337739 -0.941240
vn 0.000000 0.229932 0.973207
vn 0.000000 0.229932 0.973207
vn 0.000000 0.229932 0.973207
vn 0.000000 0.236516 0.971628
vn 0.000000 0.239359 0.970931
vn 0.000000 0.241204 0.970474
vn 0.000000 0.258905 0.965903
vn 0.000000 0.265477 0.964117
vn 0.000000 0.270852 0.962621
vn 0.000000 0.306975 0.951718
vn 0.000000 0.319723 0.947511
vn 0.000000 0.331529 0.943445
vn 0.000000 0.404803 0.914404
vn 0.000000 0.430775 0.902459
vn 0.000000 0.457259 0.889334
vn 0.000000 0.620589 0.784136
vn 0.000000 0.677956 0.735103
vn 0.000000 0.738742 0.673988
vn 0.000000 0.983849 0.178999
vn 0.000000 1.000000 0.000000
vn 0.000000 0.983849 -0.178999
vn 0.000000 0.738742 -0.673988
vn 0.000000 0.677956 -0.735103
vn 0.000000 0.620589 -0.784136
vn 0.000000 0.457259 -0.889334
vn 0.000000 0.430775 -0.902459
vn 0.000000 0.404803 -0.914404
vn 0.000000 0.331529 -0.943445
vn 0.000000 0.319723 -0.947511
vn 0.000000 0.306975 -0.951718
vn 0.000000 0.270852 -0.962621
vn 0.000000 0.265477 -0.964117
vn 0.000000 0.258905 -0.965903
vn 0.000000 0.241204 -0.970474
vn 0.000000 0.239359 -0.970931
vn 0.000000 0.236516 -0.971628
vn 0.000000 0.229932 -0.973207
vn 0.000000 0.229932 -0.973207
vn 0.000000 0.229932 -0.973207
vn 0.000000 0.503725 0.863864
vn 0.000000 0.503725 0.863864
vn 0.000000 0.503725 0.863864
vn 0.000000 0.514987 0.857198
vn 0.000000 0.519785 0.854297
vn 0.000000 0.522879 0.852407
vn 0.000000 0.551741 0.834016
vn 0.000000 0.562082 0.827082
vn 0.000000 0.570390 0.821374
vn 0.000000 0.622817 0.782368
vn 0.000000 0.639944 0.768421
vn 0.000000 0.655195 0.755460
vn 0.000000 0.737674 0.675157
vn 0.000000 0.762377 0.647133
vn 0.000000 0.785430 0.618951
vn 0.000000 0.890129 0.455708
vn 0.000000 0.915540 0.402226
vn 0.000000 0.937965 0.346730
vn 0.000000 0.997294 0.073518
vn 0.000000 1.000000 -0.000000
vn 0.000000 0.997294 -0.073518
vn 0.000000 0.937965 -0.346730
vn 0.000000 0.915540 -0.402226
vn 0.000000 0.890129 -0.455708
vn 0.000000 0.785430 -0.618951
vn 0.000000 0.762377 -0.647133
vn 0.000000 0.737674 -0.675157
vn 0.000000 0.655195 -0.755460
vn 0.000000 0.639944 -0.768421
vn 0.000000 0.622817 -0.782368
vn 0.000000 0.570390 -0.821374
vn 0.000000 0.562082 -0.827082
vn 0.000000 0.551741 -0.834016
vn 0.000000 0.522879 -0.852407
vn 0.000000 0.519785 -0.854297
vn 0.000000 0.514987 -0.857198
vn 0.000000 0.503725 -0.863864
vn 0.000000 0.503725 -0.863864
vn 0.000000 0.503725 -0.863864
vn 0.000000 0.215077 0.976597
vn 0.000000 0.215077 0.976597
vn 0.000000 0.215077 0.976597
vn 0.000000 0.221281 0.975210
vn 0.000000 0.223960 0.974598
vn 0.000000 0.225700 0.974197
vn 0.000000 0.242405 0.970175
vn 0.000000 0.248615 0.968602
vn 0.000000 0.253697 0.967284
vn 0.000000 0.287930 0.957651
vn 0.000000 0.300046 0.953925
vn 0.000000 0.311285 0.950317
vn 0.000000 0.381456 0.924387
vn 0.000000 0.406521 0.913641
vn 0.000000 0.432198 0.901779
vn 0.000000 0.593662 0.804715
vn 0.000000 0.651901 0.758304
vn 0.000000 0.714658 0.699475
vn 0.000000 0.981480 0.191566
vn 0.000000 1.000000 -0.000000
vn 0.000000 0.981480 -0.191566
vn 0.000000 0.714658 -0.699475
vn 0.000000 0.651901 -0.758304
vn 0.000000 0.593662 -0.804715
vn 0.000000 0.432198 -0.901779
vn 0.000000 0.406521 -0.913641
vn 0.000000 0.381456 -0.924387
vn 0.000000 0.311285 -0.950317
vn 0.000000 0.300046 -0.953925
vn 0.000000 0.287930 -0.957651
vn 0.000000 0.253697 -0.967284
vn 0.000000 0.248615 -0.968602
vn 0.000000 0.242405 -0.970175
vn 0.000000 0.225700 -0.974197
vn 0.000000 0.223960 -0.974598
vn 0.000000 0.221281 -0.975210
vn 0.000000 0.215077 -0.976597
vn 0.000000 0.215077 -0.976597
vn 0.000000 0.215077 -0.976597
vn 0.000000 0.275633 0.961263
vn 0.000000 0.275633 0.961263
vn 0.000000 0.275633 0.961263
vn 0.000000 0.283325 0.959024
vn 0.000000 0.286641 0.958038
vn 0.000000 0.288792 0.957392
vn 0.000000 0.309356 0.950946
vn 0.000000 0.316958 0.948439
vn 0.000000 0.323163 0.946343
vn 0.000000 0.364527 0.931193
vn 0.000000 0.378980 0.925405
vn 0.000000 0.392295 0.919840
vn 0.000000 0.473293 0.880905
vn 0.000000 0.501277 0.865287
vn 0.000000 0.529396 0.848375
vn 0.000000 0.692728 0.721199
vn 0.000000 0.745732 0.666246
vn 0.000000 0.799335 0.600886
vn 0.000000 0.988950 0.148252
vn 0.000000 1.000000 0.000000
vn 0.000000 0.988950 -0.148252
vn 0.000000 0.799335 -0.600886
vn 0.000000 0.745732 -0.666246
vn 0.000000 0.692728 -0.721199
vn 0.000000 0.529396 -0.848375
vn 0.000000 0.501277 -0.865287
vn 0.000000 0.473293 -0.880905
vn 0.000000 0.392295 -0.919840
vn 0.000000 0.378980 -0.925405
vn 0.000000 0.364527 -0.931193
vn 0.000000 0.323163 -0.946343
vn 0.000000 0.316958 -0.948439
vn 0.000000 0.309356 -0.950946
vn 0.000000 0.288792 -0.957392
vn 0.000000 0.286641 -0.958038
vn 0.000000 0.283325 -0.959024
vn 0.000000 0.275633 -0.961263
vn 0.000000 0.275633 -0.961263
vn 0.000000 0.275633 -0.961263
vn 0.000000 0.365318 0.930883
vn 0.000000 0.365318 0.930883
vn 0.000000 0.365318 0.930883
vn 0.000000 0.374854 0.927084
vn 0.000000 0.378949 0.925418
vn 0.000000 0.381600 0.924327
vn 0.000000 0.406741 0.913543
vn 0.000000 0.415940 0.909392
vn 0.000000 0.423408 0.905939
vn 0.000000 0.472259 0.881460
vn 0.000000 0.488932 0.872322
vn 0.000000 0.504105 0.863642
vn 0.000000 0.592414 0.805633
vn 0.000000 0.621285 0.783585
vn 0.000000 0.649432 0.760420
vn 0.000000 0.795899 0.605429
vn 0.000000 0.837380 0.546622
vn 0.000000 0.876490 0.481420
vn 0.000000 0.994055 0.108881
vn 0.000000 1.000000 0.000000
vn 0.000000 0.994055 -0.108881
vn 0.000000 0.876490 -0.481420
vn 0.000000 0.837380 -0.546622
vn 0.000000 0.795899 -0.605429
vn 0.000000 0.649432 -0.760420
vn 0.000000 0.621285 -0.783585
vn 0.000000 0.592414 -0.805633
vn 0.000000 0.504105 -0.863642
vn 0.000000 0.488932 -0.872322
vn 0.000000 0.472259 -0.881460
vn 0.000000 0.423408 -0.905939
vn 0.000000 0.415940 -0.909392
vn 0.000000 0.406741 -0.913543
vn 0.000000 0.381600 -0.924327
vn 0.000000 0.378949 -0.925418
vn 0.000000 0.374854 -0.927084
vn 0.000000 0.365318 -0.930883
vn 0.000000 0.365318 -0.930883
vn 0.000000 0.365318 -0.930883
vn 0.000000 0.405592 0.914054
vn 0.000000 0.405592 0.914054
vn 0.000000 0.405592 0.914054
vn 0.000000 0.415785 0.909463
vn 0.000000 0.420153 0.907453
vn 0.000000 0.422979 0.906140
vn 0.000000 0.449655 0.893202
vn 0.000000 0.459362 0.888249
vn 0.000000 0.467220 0.884141
vn 0.000000 0.518129 0.855303
vn 0.000000 0.535298 0.844663
vn 0.000000 0.550828 0.834619
vn 0.000000 0.639323 0.768938
vn 0.000000 0.667520 0.744592
vn 0.000000 0.694644 0.719353
vn 0.000000 0.829707 0.558200
vn 0.000000 0.866033 0.499987
vn 0.000000 0.899486 0.436949
vn 0.000000 0.995341 0.096421
vn 0.000000 1.000000 -0.000000
vn 0.000000 0.995341 -0.096421
vn 0.000000 0.899486 -0.436949
vn 0.000000 0.866033 -0.499987
vn 0.000000 0.829707 -0.558200
vn 0.000000 0.694644 -0.719353
vn 0.000000 0.667520 -0.744592
vn 0.000000 0.639323 -0.768938
vn 0.000000 0.550828 -0.834619
vn 0.000000 0.535298 -0.844663
vn 0.000000 0.518129 -0.855303
vn 0.000000 0.467220 -0.884141
vn 0.000000 0.459362 -0.888249
vn 0.000000 0.449655 -0.893202
vn 0.000000 0.422979 -0.906140
vn 0.000000 0.420153 -0.907453
vn 0.000000 0.415785 -0.909463
vn 0.000000 0.405592 -0.914054
vn 0.000000 0.405592 -0.914054
vn 0.000000 0.405592 -0.914054
vn 0.000000 0.191563 0.981480
vn 0.000000 0.191563 0.981480
vn 0.000000 0.191563 0.981480
vn 0.000000 0.197146 0.980374
vn 0.000000 0.199559 0.979886
vn 0.000000 0.201127 0.979565
vn 0.000000 0.216196 0.976350
vn 0.000000 0.221808 0.975090
vn 0.000000 0.226405 0.974033
vn 0.000000 0.257476 0.966285
vn 0.000000 0.268519 0.963274
vn 0.000000 0.278787 0.960353
vn 0.000000 0.343466 0.939165
vn 0.000000 0.366838 0.930285
vn 0.000000 0.390946 0.920414
vn 0.000000 0.547225 0.836985
vn 0.000000 0.606033 0.795439
vn 0.000000 0.671204 0.741272
vn 0.000000 0.976596 0.215081
vn 0.000000 1.000000 -0.000000
vn 0.000000 0.976596 -0.215081
vn 0.000000 0.671204 -0.741272
vn 0.000000 0.606033 -0.795439
vn 0.000000 0.547225 -0.836985
vn 0.000000 0.390946 -0.920414
vn 0.000000 0.366838 -0.930285
vn 0.000000 0.343466 -0.939165
vn 0.000000 0.278787 -0.960353
vn 0.000000 0.268519 -0.963274
vn 0.000000 0.257476 -0.966285
vn 0.000000 0.226405 -0.974033
vn 0.000000 0.221808 -0.975090
vn 0.000000 0.216196 -0.976350
vn 0.000000 0.201127 -0.979565
vn 0.000000 0.199559 -0.979886
vn 0.000000 0.197146 -0.980374
vn 0.000000 0.191563 -0.981480
vn 0.000000 0.191563 -0.981480
vn 0.000000 0.191563 -0.981480
vn 0.000000 0.390993 0.920393
vn 0.000000 0.390993 0.920393
vn 0.000000 0.390993 0.920393
vn 0.000000 0.400962 0.916095
vn 0.000000 0.405237 0.914212
vn 0.000000 0.408003 0.912980
vn 0.000000 0.434163 0.900834
vn 0.000000 0.443702 0.896174
vn 0.000000 0.451432 0.892306
vn 0.000000 0.501691 0.865047
vn 0.000000 0.518716 0.854947
vn 0.000000 0.534150 0.845389
vn 0.000000 0.622780 0.782397
vn 0.000000 0.651285 0.758834
vn 0.000000 0.678837 0.734289
vn 0.000000 0.818183 0.574958
vn 0.000000 0.856343 0.516408
vn 0.000000 0.891769 0.452491
vn 0.000000 0.994920 0.100672
vn 0.000000 1.000000 -0.000000
vn 0.000000 0.994920 -0.100672
vn 0.000000 0.891769 -0.452491
vn 0.000000 0.856343 -0.516408
vn 0.000000 0.818183 -0.574958
vn 0.000000 0.678837 -0.734289
vn 0.000000 0.651285 -0.758834
vn 0.000000 0.622780 -0.782397
vn 0.000000 0.534150 -0.845389
vn 0.000000 0.518716 -0.854947
vn 0.000000 0.501691 -0.865047
vn 0.000000 0.451432 -0.892306
vn 0.000000 0.443702 -0.896174
vn 0.000000 0.434163 -0.900834
vn 0.000000 0.408003 -0.912980
vn 0.000000 0.405237 -0.914212
vn 0.000000 0.400962 -0.916095
vn 0.000000 0.390993 -0.920393
vn 0.000000 0.390993 -0.920393
vn 0.000000 0.390993 -0.920393
vn 0.000000 0.313880 0.949463
vn 0.000000 0.313880 0.949463
vn 0.000000 0.313880 0.949463
vn 0.000000 0.322417 0.946598
vn 0.000000 0.326092 0.945338
vn 0.000000 0.328474 0.944513
vn 0.000000 0.351171 0.936311
vn 0.000000 0.359528 0.933134
vn 0.000000 0.366334 0.930483
vn 0.000000 0.411367 0.911470
vn 0.000000 0.426954 0.904274
vn 0.000000 0.441243 0.897388
vn 0.000000 0.526594 0.850117
vn 0.000000 0.555413 0.831575
vn 0.000000 0.584001 0.811753
vn 0.000000 0.742180 0.670201
vn 0.000000 0.790447 0.612530
vn 0.000000 0.837666 0.546183
vn 0.000000 0.991652 0.128941
vn 0.000000 1.000000 0.000000
vn 0.000000 0.991652 -0.128941
vn 0.000000 0.837666 -0.546183
vn 0.000000 0.790447 -0.612530
vn 0.000000 0.742180 -0.670201
vn 0.000000 0.584001 -0.811753
vn 0.000000 0.555413 -0.831575
vn 0.000000 0.526594 -0.850117
vn 0.000000 0.441243 -0.897388
vn 0.000000 0.426954 -0.904274
vn 0.000000 0.411367 -0.911470
vn 0.000000 0.366334 -0.930483
vn 0.000000 0.359528 -0.933134
vn 0.000000 0.351171 -0.936311
vn 0.000000 0.328474 -0.944513
vn 0.000000 0.326092 -0.945338
vn 0.000000 0.322417 -0.946598
vn 0.000000 0.313880 -0.949463
vn 0.000000 0.313880 -0.949463
vn 0.000000 0.313880 -0.949463
f 1/1/1 2/2/2 4/4/4
f 2/2/2 5/5/5 4/4/4
f 2/2/2 3/3/3 5/5/5
f 3/3/3 6/6/6 5/5/5
f 4/4/4 5/5/5 7/7/7
f 5/5/5 8/8/8 7/7/7
f 5/5/5 6/6/6 8/8/8
f 6/6/6 9/9/9 8/8/8
f 7/7/7 8/8/8 10/10/10
f 8/8/8 11/11/11 10/10/10
f 8/8/8 9/9/9 11/11/11
f 9/9/9 12/12/12 11/11/11
f 10/10/10 11/11/11 13/13/13
f 11/11/11 14/14/14 13/13/13
f 11/11/11 12/12/12 14/14/14
f 12/12/12 15/15/15 14/14/14
f 13/13/13 14/14/14 16/16/16
f 14/14/14 17/17/17 16/16/16
f 14/14/14 15/15/15 17/17/17
f 15/15/15 18/18/18 17/17/17
f 16/16/16 17/17/17 19/19/19
f 17/17/17 20/20/20 19/19/19
f 17/17/17 18/18/18 20/20/20
f 18/18/18 21/21/21 20/20/20
f 19/19/19 20/20/20 22/22/22
f 20/20/20 23/23/23 22/22/22
f 20/20/20 21/21/21 23/23/23
f 21/21/21 24/24/24 23/23/23
f 22/22/22 23/23/23 25/25/25
f 23/23/23 26/26/26 25/25/25
f 23/23/23 24/24/24 26/26/26
f 24/24/24 27/27/27 26/26/26
f 25/25/25 26/26/26 28/28/28
f 26/26/26 29/29/29 28/28/28
f 26/26/26 27/27/27 29/29/29
f 27/27/27 30/30/30 29/29/29
f 28/28/28 29/29/29 31/31/31
f 29/29/29 32/32/32 31/31/31
f 29/29/29 30/30/30 32/32/32
f 30/30/30 33/33/33 32/32/32
f 31/31/31 32/32/32 34/34/34
f 32/32/32 35/35/35 34/34/34
f 32/32/32 33/33/33 35/35/35
f 33/33/33 36/36/36 35/35/35
f 34/34/34 35/35/35 37/37/37
f 35/35/35 38/38/38 37/37/37
f 35/35/35 36/36/36 38/38/38
f 36/36/36 39/39/39 38/38/38
f 40/40/40 41/41/41 43/43/43
f 41/41/41 44/44/44 43/43/43
f 41/41/41 42/42/42 44/44/44
f 42/42/42 45/45/45 44/44/44
f 43/43/43 44/44/44 46/46/46
f 44/44/44 47/47/47 46/46/46
f 44/44/44 45/45/45 47/47/47
f 45/45/45 48/48/48 47/47/47
f 46/46/46 47/47/47 49/49/49
f 47/47/47 50/50/50 49/49/49
f 47/47/47 48/48/48 50/50/50
f 48/48/48 51/51/51 50/50/50
f 49/49/49 50/50/50 52/52/52
f 50/50/50 53/53/53 52/52/52
f 50/50/50 51/51/51 53/53/53
f 51/51/51 54/54/54 53/53/53
f 52/52/52 53/53/53 55/55/55
f 53/53/53 56/56/56 55/55/55
f 53/53/53 54/54/54 56/56/56
f 54/54/54 57/57/57 56/56/56
f 55/55/55 56/56/56 58/58/58
f 56/56/56 59/59/59 58/58/58
f 56/56/56 57/57/57 59/59/59
f 57/57/57 60/60/60 59/59/59
f 58/58/58 59/59/59 61/61/61
f 59/59/59 62/62/62 61/61/61
f 59/59/59 60/60/60 62/62/62
f 60/60/60 63/63/63 62/62/62
f 61/61/61 62/62/62 64/64/64
f 62/62/62 65/65/65 64/64/64
f 62/62/62 63/63/63 65/65/65
f 63/63/63 66/66/66 65/65/65
f 64/64/64 65/65/65 67/67/67
f 65/65/65 68/68/68 67/67/67
f 65/65/65 66/66/66 68/68/68
f 66/66/66 69/69/69 68/68/68
f 67/67/67 68/68/68 70/70/70
f 68/68/68 71/71/71 70/70/70
f 68/68/68 69/69/69 71/71/71
f 69/69/69 72/72/72 71/71/71
f 70/70/70 71/71/71 73/73/73
f 71/71/71 74/74/74 73/73/73
f 71/71/71 72/72/72 74/74/74
f 72/72/72 75/75/75 74/74/74
f 73/73/73 74/74/74 76/76/76
f 74/74/74 77/77/77 76/76/76
f 74/74/74 75/75/75 77/77/77
f 75/75/75 78/78/78 77/77/77
f 79/79/79 80/80/80 82/82/82
f 80/80/80 83/83/83 82/82/82
f 80/80/80 81/81/81 83/83/83
f 81/81/81 84/84/84 83/83/83
f 82/82/82 83/83/83 85/85/85
f 83/83/83 86/86/86 85/85/85
f 83/83/83 84/84/84 86/86/86
f 84/84/84 87/87/87 86/86/86
f 85/85/85 86/86/86 88/88/88
f 86/86/86 89/89/89 88/88/88
f 86/86/86 87/87/87 89/89/89
f 87/87/87 90/90/90 89/89/89
f 88/88/88 89/89/89 91/91/91
f 89/89/89 92/92/92 91/91/91
f 89/89/89 90/90/90 92/92/92
f 90/90/90 93/93/93 92/92/92
f 91/91/91 92/92/92 94/94/94
f 92/92/92 95/95/95 94/94/94
f 92/92/92 93/93/93 95/95/95
f 93/93/93 96/96/96 95/95/95
f 94/94/94 95/95/95 97/97/97
f 95/95/95 98/98/98 97/97/97
f 95/95/95 96/96/96 98/98/98
f 96/96/96 99/99/99 98/98/98
f 97/97/97 98/98/98 100/100/100
f 98/98/98 101/101/101 100/100/100
f 98/98/98 99/99/99 101/101/101
f 99/99/99 102/102/102 101/101/101
f 100/100/100 101/101/101 103/103/103
f 101/101/101 104/104/104 103/103/103
f 101/101/101 102/102/102 104/104/104
f 102/102/102 105/105/105 104/104/104
f 103/103/103 104/104/104 106/106/106
f 104/104/104 107/107/107 106/106/106
f 104/104/104 105/105/105 107/107/107
f 105/105/105 108/108/108 107/107/107
f 106/106/106 107/107/107 109/109/109
f 107/107/107 110/110/110 109/109/109
f 107/107/107 108/108/108 110/110/110
f 108/108/108 111/111/111 110/110/110
f 109/109/109 110/110/110 112/112/112
f 110/110/110 113/113/113 112/112/112
f 110/110/110 111/111/111 113/113/113
f 111/111/111 114/114/114 113/113/113
f 112/112/112 113/113/113 115/115/115
f 113/113/113 116/116/116 115/115/115
f 113/113/113 114/114/114 116/116/116
f 114/114/114 117/117/117 116/116/116
f 118/118/118 119/119/119 121/121/121
f 119/119/119 122/122/122 121/121/121
f 119/119/119 120/120/120 122/122/122
f 120/120/120 123/123/123 122/122/122
f 121/121/121 122/122/122 124/124/124
f 122/122/122 125/125/125 124/124/124
f 122/122/122 123/123/123 125/125/125
f 123/123/123 126/126/126 125/125/125
f 124/124/124 125/125/125 127/127/127
f 125/125/125 128/128/128 127/127/127
f 125/125/125 126/126/126 128/128/128
f 126/126/126 129/129/129 128/128/128
f 127/127/127 128/128/128 130/130/130
f 128/128/128 131/131/131 130/130/130
f 128/128/128 129/129/129 131/131/131
f 129/129/129 132/132/132 131/131/131
f 130/130/130 131/131/131 133/133/133
f 131/131/131 134/134/134 133/133/133
f 131/131/131 132/132/132 134/134/134
f 132/132/132 135/135/135 134/134/134
f 133/133/133 134/134/134 136/136/136
f 134/134/134 137/137/137 136/136/136
f 134/134/134 135/135/135 137/137/137
f 135/135/135 138/138/138 137/137/137
f 136/136/136 137/137/137 139/139/139
f 137/137/137 140/140/140 139/139/139
f 137/137/137 138/138/138 140/140/140
f 138/138/138 141/141/141 140/140/140
f 139/139/139 140/140/140 142/142/142
f 140/140/140 143/143/143 142/142/142
f 140/140/140 141/141/141 143/143/143
f 141/141/141 144/144/144 143/143/143
f 142/142/142 143/143/143 145/145/145
f 143/143/143 146/146/146 145/145/145
f 143/143/143 144/144/144 146/146/146
f 144/144/144 147/147/147 146/146/146
f 145/145/145 146/146/146 148/148/148
f 146/146/146 149/149/149 148/148/148
f 146/146/146 147/147/147 149/149/149
f 147/147/147 150/150/150 149/149/149
f 148/148/148 149/149/149 151/151/151
f 149/149/149 152/152/152 151/151/151
f 149/149/149 150/150/150 152/152/152
f 150/150/150 153/153/153 152/152/152
f 151/151/151 152/152/152 154/154/154
f 152/152/152 155/155/155 154/154/154
f 152/152/152 153/153/153 155/155/155
f 153/153/153 156/156/156 155/155/155
f 157/157/157 158/158/158 160/160/160
f 158/158/158 161/161/161 160/160/160
f 158/158/158 159/159/159 161/161/161
f 159/159/159 162/162/162 161/161/161
f 160/160/160 161/161/161 163/163/163
f 161/161/161 164/164/164 163/163/163
f 161/161/161 162/162/162 164/164/164
f 162/162/162 165/165/165 164/164/164
f 163/163/163 164/164/164 166/166/166
f 164/164/164 167/167/167 166/166/166
f 164/164/164 165/165/165 167/167/167
f 165/165/165 168/168/168 167/167/167
f 166/166/166 167/167/167 169/169/169
f 167/167/167 170/170/170 169/169/169
f 167/167/167 168/168/168 170/170/170
f 168/168/168 171/171/171 170/170/170
f 169/169/169 170/170/170 172/172/172
f 170/170/170 173/173/173 172/172/172
f 170/170/170 171/171/171 173/173/173
f 171/171/171 174/174/174 173/173/173
f 172/172/172 173/173/173 175/175/175
f 173/173/173 176/176/176 175/175/175
f 173/173/173 174/174/174 176/176/176
f 174/174/174 177/177/177 176/176/176
f 175/175/175 176/176/176 178/178/178
f 176/176/176 179/179/179 178/178/178
f 176/176/176 177/177/177 179/179/179
f 177/177/177 180/180/180 179/179/179
f 178/178/178 179/179/179 181/181/181
f 179/179/179 182/182/182 181/181/181
f 179/179/179 180/180/180 182/182/182
f 180/180/180 183/183/183 182/182/182
f 181/181/181 182/182/182 184/184/184
f 182/182/182 185/185/185 184/184/184
f 182/182/182 183/183/183 185/185/185
f 183/183/183 186/186/186 185/185/185
f 184/184/184 185/185/185 187/187/187
f 185/185/185 188/188/188 187/187/187
f 185/185/185 186/186/186 188/188/188
f 186/186/186 189/189/189 188/188/188
f 187/187/187 188/188/188 190/190/190
f 188/188/188 191/191/191 190/190/190
f 188/188/188 189/189/189 191/191/191
f 189/189/189 192/192/192 191/191/191
f 190/190/190 191/191/191 193/193/193
f 191/191/191 194/194/194 193/193/193
f 191/191/191 192/192/192 194/194/194
f 192/192/192 195/195/195 194/194/194
f 196/196/196 197/197/197 199/199/199
f 197/197/197 200/200/200 199/199/199
f 197/197/197 198/198/198 200/200/200
f 198/198/198 201/201/201 200/200/200
f 199/199/199 200/200/200 202/202/202
f 200/200/200 203/203/203 202/202/202
f 200/200/200 201/201/201 203/203/203
f 201/201/201 204/204/204 203/203/203
f 202/202/202 203/203/203 205/205/205
f 203/203/203 206/206/206 205/205/205
f 203/203/203 204/204/204 206/206/206
f 204/204/204 207/207/207 206/206/206
f 205/205/205 206/206/206 208/208/208
f 206/206/206 209/209/209 208/208/208
f 206/206/206 207/207/207 209/209/209
f 207/207/207 210/210/210 209/209/209
f 208/208/208 209/209/209 211/211/211
f 209/209/209 212/212/212 211/211/211
f 209/209/209 210/210/210 212/212/212
f 210/210/210 213/213/213 212/212/212
f 211/211/211 212/212/212 214/214/214
f 212/212/212 215/215/215 214/214/214
f 212/212/212 213/213/213 215/215/215
f 213/213/213 216/216/216 215/215/215
f 214/214/214 215/215/215 217/217/217
f 215/215/215 218/218/218 217/217/217
f 215/215/215 216/216/216 218/218/218
f 216/216/216 219/219/219 218/218/218
f 217/217/217 218/218/218 220/220/220
f 218/218/218 221/221/221 220/220/220
f 218/218/218 219/219/219 221/221/221
f 219/219/219 222/222/222 221/221/221
f 220/220/220 221/221/221 223/223/223
f 221/221/221 224/224/224 223/223/223
f 221/221/221 222/222/222 224/224/224
f 222/222/222 225/225/225 224/224/224
f 223/223/223 224/224/224 226/226/226
f 224/224/224 227/227/227 226/226/226
f 224/224/224 225/225/225 227/227/227
f 225/225/225 228/228/228 227/227/227
f 226/226/226 227/227/227 229/229/229
f 227/227/227 230/230/230 229/229/229
f 227/227/227 228/228/228 230/230/230
f 228/228/228 231/231/231 230/230/230
f 229/229/229 230/230/230 232/232/232
f 230/230/230 233/233/233 232/232/232
f 230/230/230 231/231/231 233/233/233
f 231/231/231 234/234/234 233/233/233
f 235/235/235 236/236/236 238/238/238
f 236/236/236 239/239/239 238/238/238
f 236/236/236 237/237/237 239/239/239
f 237/237/237 240/240/240 239/239/239
f 238/238/238 239/239/239 241/241/241
f 239/239/239 242/242/242 241/241/241
f 239/239/239 240/240/240 242/242/242
f 240/240/240 243/243/243 242/242/242
f 241/241/241 242/242/242 244/244/244
f 242/242/242 245/245/245 244/244/244
f 242/242/242 243/243/243 245/245/245
f 243/243/243 246/246/246 245/245/245
f 244/244/244 245/245/245 247/247/247
f 245/245/245 248/248/248 247/247/247
f 245/245/245 246/246/246 248/248/248
f 246/246/246 249/249/249 248/248/248
f 247/247/247 248/248/248 250/250/250
f 248/248/248 251/251/251 250/250/250
f 248/248/248 249/249/249 251/251/251
f 249/249/249 252/252/252 251/251/251
f 250/250/250 251/251/251 253/253/253
f 251/251/251 254/254/254 253/253/253
f 251/251/251 252/252/252 254/254/254
f 252/252/252 255/255/255 254/254/254
f 253/253/253 254/254/254 256/256/256
f 254/254/254 257/257/257 256/256/256
f 254/254/254 255/255/255 257/257/257
f 255/255/255 258/258/258 257/257/257
f 256/256/256 257/257/257 259/259/259
f 257/257/257 260/260/260 259/259/259
f 257/257/257 258/258/258 260/260/260
f 258/258/258 261/261/261 260/260/260
f 259/259/259 260/260/260 262/262/262
f 260/260/260 263/263/263 262/262/262
f 260/260/260 261/261/261 263/263/263
f 261/261/261 264/264/264 263/263/263
f 262/262/262 263/263/263 265/265/265
f 263/263/263 266/266/266 265/265/265
f 263/263/263 264/264/264 266/266/266
f 264/264/264 267/267/267 266/266/266
f 265/265/265 266/266/266 268/268/268
f 266/266/266 269/269/269 268/268/268
f 266/266/266 267/267/267 269/269/269
f 267/267/267 270/270/270 269/269/269
f 268/268/268 269/269/269 271/271/271
f 269/269/269 272/272/272 271/271/271
f 269/269/269 270/270/270 272/272/272
f 270/270/270 273/273/273 272/272/272
f 274/274/274 275/275/275 277/277/277
f 275/275/275 278/278/278 277/277/277
f 275/275/275 276/276/276 278/278/278
f 276/276/276 279/279/279 278/278/278
f 277/277/277 278/278/278 280/280/280
f 278/278/278 281/281/281 280/280/280
f 278/278/278 279/279/279 281/281/281
f 279/279/279 282/282/282 281/281/281
f 280/280/280 281/281/281 283/283/283
f 281/281/281 284/284/284 283/283/283
f 281/281/281 282/282/282 284/284/284
f 282/282/282 285/285/285 284/284/284
f 283/283/283 284/284/284 286/286/286
f 284/284/284 287/287/287 286/286/286
f 284/284/284 285/285/285 287/287/287
f 285/285/285 288/288/288 287/287/287
f 286/286/286 287/287/287 289/289/289
f 287/287/287 290/290/290 289/289/289
f 287/287/287 288/288/288 290/290/290
f 288/288/288 291/291/291 290/290/290
f 289/289/289 290/290/290 292/292/292
f 290/290/290 293/293/293 292/292/292
f 290/290/290 291/291/291 293/293/293
f 291/291/291 294/294/294 293/293/293
f 292/292/292 293/293/293 295/295/295
f 293/293/293 296/296/296 295/295/295
f 293/293/293 294/294/294 296/296/296
f 294/294/294 297/297/297 296/296/296
f 295/295/295 296/296/296 298/298/298
f 296/296/296 299/299/299 298/298/298
f 296/296/296 297/297/297 299/299/299
f 297/297/297 300/300/300 299/299/299
f 298/298/298 299/299/299 301/301/301
f 299/299/299 302/302/302 301/301/301
f 299/299/299 300/300/300 302/302/302
f 300/300/300 303/303/303 302/302/302
f 301/301/301 302/302/302 304/304/304
f 302/302/302 305/305/305 304/304/304
f 302/302/302 303/303/303 305/305/305
f 303/303/303 306/306/306 305/305/305
f 304/304/304 305/305/305 307/307/307
f 305/305/305 308/308/308 307/307/307
f 305/305/305 306/306/306 308/308/308
f 306/306/306 309/309/309 308/308/308
f 307/307/307 308/308/308 310/310/310
f 308/308/308 311/311/311 310/310/310
f 308/308/308 309/309/309 311/311/311
f 309/309/309 312/312/312 311/311/311
f 313/313/313 314/314/314 316/316/316
f 314/314/314 317/317/317 316/316/316
f 314/314/314 315/315/315 317/317/317
f 315/315/315 318/318/318 317/317/317
f 316/316/316 317/317/317 319/319/319
f 317/317/317 320/320/320 319/319/319
f 317/317/317 318/318/318 320/320/320
f 318/318/318 321/321/321 320/320/320
f 319/319/319 320/320/320 322/322/322
f 320/320/320 323/323/323 322/322/322
f 320/320/320 321/321/321 323/323/323
f 321/321/321 324/324/324 323/323/323
f 322/322/322 323/323/323 325/325/325
f 323/323/323 326/326/326 325/325/325
f 323/323/323 324/324/324 326/326/326
f 324/324/324 327/327/327 326/326/326
f 325/325/325 326/326/326 328/328/328
f 326/326/326 329/329/329 328/328/328
f 326/326/326 327/327/327 329/329/329
f 327/327/327 330/330/330 329/329/329
f 328/328/328 329/329/329 331/331/331
f 329/329/329 332/332/332 331/331/331
f 329/329/329 330/330/330 332/332/332
f 330/330/330 333/333/333 332/332/332
f 331/331/331 332/332/332 334/334/334
f 332/332/332 335/335/335 334/334/334
f 332/332/332 333/333/333 335/335/335
f 333/333/333 336/336/336 335/335/335
f 334/334/334 335/335/335 337/337/337
f 335/335/335 338/338/338 337/337/337
f 335/335/335 336/336/336 338/338/338
f 336/336/336 339/339/339 338/338/338
f 337/337/337 338/338/338 340/340/340
f 338/338/338 341/341/341 340/340/340
f 338/338/338 339/339/339 341/341/341
f 339/339/339 342/342/342 341/341/341
f 340/340/340 341/341/341 343/343/343
f 341/341/341 344/344/344 343/343/343
f 341/341/341 342/342/342 344/344/344
f 342/342/342 345/345/345 344/344/344
f 343/343/343 344/344/344 346/346/346
f 344/344/344 347/347/347 346/346/346
f 344/344/344 345/345/345 347/347/347
f 345/345/345 348/348/348 347/347/347
f 346/346/346 347/347/347 349/349/349
f 347/347/347 350/350/350 349/349/349
f 347/347/347 348/348/348 350/350/350
f 348/348/348 351/351/351 350/350/350
f 352/352/352 353/353/353 355/355/355
f 353/353/353 356/356/356 355/355/355
f 353/353/353 354/354/354 356/356/356
f 354/354/354 357/357/357 356/356/356
f 355/355/355 356/356/356 358/358/358
f 356/356/356 359/359/359 358/358/358
f 356/356/356 357/357/357 359/359/359
f 357/357/357 360/360/360 359/359/359
f 358/358/358 359/359/359 361/361/361
f 359/359/359 362/362/362 361/361/361
f 359/359/359 360/360/360 362/362/362
f 360/360/360 363/363/363 362/362/362
f 361/361/361 362/362/362 364/364/364
f 362/362/362 365/365/365 364/364/364
f 362/362/362 363/363/363 365/365/365
f 363/363/363 366/366/366 365/365/365
f 364/364/364 365/365/365 367/367/367
f 365/365/365 368/368/368 367/367/367
f 365/365/365 366/366/366 368/368/368
f 366/366/366 369/369/369 368/368/368
f 367/367/367 368/368/368 370/370/370
f 368/368/368 371/371/371 370/370/370
f 368/368/368 369/369/369 371/371/371
f 369/369/369 372/372/372 371/371/371
f 370/370/370 371/371/371 373/373/373
f 371/371/371 374/374/374 373/373/373
f 371/371/371 372/372/372 374/374/374
f 372/372/372 375/375/375 374/374/374
f 373/373/373 374/374/374 376/376/376
f 374/374/374 377/377/377 376/376/376
f 374/374/374 375/375/375 377/377/377
f 375/375/375 378/378/378 377/377/377
f 376/376/376 377/377/377 379/379/379
f 377/377/377 380/380/380 379/379/379
f 377/377/377 378/378/378 380/380/380
f 378/378/378 381/381/381 380/380/380
f 379/379/379 380/380/380 382/382/382
f 380/380/380 383/383/383 382/382/382
f 380/380/380 381/381/381 383/383/383
f 381/381/381 384/384/384 383/383/383
f 382/382/382 383/383/383 385/385/385
f 383/383/383 386/386/386 385/385/385
f 383/383/383 384/384/384 386/386/386
f 384/384/384 387/387/387 386/386/386
f 385/385/385 386/386/386 388/388/388
f 386/386/386 389/389/389 388/388/388
f 386/386/386 387/387/387 389/389/389
f 387/387/387 390/390/390 389/389/389
f 391/391/391 392/392/392 394/394/394
f 392/392/392 395/395/395 394/394/394
f 392/392/392 393/393/393 395/395/395
f 393/393/393 396/396/396 395/395/395
f 394/394/394 395/395/395 397/397/397
f 395/395/395 398/398/398 397/397/397
f 395/395/395 396/396/396 398/398/398
f 396/396/396 399/399/399 398/398/398
f 397/397/397 398/398/398 400/400/400
f 398/398/398 401/401/401 400/400/400
f 398/398/398 399/399/399 401/401/401
f 399/399/399 402/402/402 401/401/401
f 400/400/400 401/401/401 403/403/403
f 401/401/401 404/404/404 403/403/403
f 401/401/401 402/402/402 404/404/404
f 402/402/402 405/405/405 404/404/404
f 403/403/403 404/404/404 406/406/406
f 404/404/404 407/407/407 406/406/406
f 404/404/404 405/405/405 407/407/407
f 405/405/405 408/408/408 407/407/407
f 406/406/406 407/407/407 409/409/409
f 407/407/407 410/410/410 409/409/409
f 407/407/407 408/408/408 410/410/410
f 408/408/408 411/411/411 410/410/410
f 409/409/409 410/410/410 412/412/412
f 410/410/410 413/413/413 412/412/412
f 410/410/410 411/411/411 413/413/413
f 411/411/411 414/414/414 413/413/413
f 412/412/412 413/413/413 415/415/415
f 413/413/413 416/416/416 415/415/415
f 413/413/413 414/414/414 416/416/416
f 414/414/414 417/417/417 416/416/416
f 415/415/415 416/416/416 418/418/418
f 416/416/416 419/419/419 418/418/418
f 416/416/416 417/417/417 419/419/419
f 417/417/417 420/420/420 419/419/419
f 418/418/418 419/419/419 421/421/421
f 419/419/419 422/422/422 421/421/421
f 419/419/419 420/420/420 422/422/422
f 420/420/420 423/423/423 422/422/422
f 421/421/421 422/422/422 424/424/424
f 422/422/422 425/425/425 424/424/424
f 422/422/422 423/423/423 425/425/425
f 423/423/423 426/426/426 425/425/425
f 424/424/424 425/425/425 427/427/427
f 425/425/425 428/428/428 427/427/427
f 425/425/425 426/426/426 428/428/428
f 426/426/426 429/429/429 428/428/428
f 430/430/430 431/431/431 433/433/433
f 431/431/431 434/434/434 433/433/433
f 431/431/431 432/432/432 434/434/434
f 432/432/432 435/435/435 434/434/434
f 433/433/433 434/434/434 436/436/436
f 434/434/434 437/437/437 436/436/436
f 434/434/434 435/435/435 437/437/437
f 435/435/435 438/438/438 437/437/437
f 436/436/436 437/437/437 439/439/439
f 437/437/437 440/440/440 439/439/439
f 437/437/437 438/438/438 440/440/440
f 438/438/438 441/441/441 440/440/440
f 439/439/439 440/440/440 442/442/442
f 440/440/440 443/443/443 442/442/442
f 440/440/440 441/441/441 443/443/443
f 441/441/441 444/444/444 443/443/443
f 442/442/442 443/443/443 445/445/445
f 443/443/443 446/446/446 445/445/445
f 443/443/443 444/444/444 446/446/446
f 444/444/444 447/447/447 446/446/446
f 445/445/445 446/446/446 448/448/448
f 446/446/446 449/449/449 448/448/448
f 446/446/446 447/447/447 449/449/449
f 447/447/447 450/450/450 449/449/449
f 448/448/448 449/449/449 451/451/451
f 449/449/449 452/452/452 451/451/451
f 449/449/449 450/450/450 452/452/452
f 450/450/450 453/453/453 452/452/452
f 451/451/451 452/452/452 454/454/454
f 452/452/452 455/455/455 454/454/454
f 452/452/452 453/453/453 455/455/455
f 453/453/453 456/456/456 455/455/455
f 454/454/454 455/455/455 457/457/457
f 455/455/455 458/458/458 457/457/457
f 455/455/455 456/456/456 458/458/458
f 456/456/456 459/459/459 458/458/458
f 457/457/457 458/458/458 460/460/460
f 458/458/458 461/461/461 460/460/460
f 458/458/458 459/459/459 461/461/461
f 459/459/459 462/462/462 461/461/461
f 460/460/460 461/461/461 463/463/463
f 461/461/461 464/464/464 463/463/463
f 461/461/461 462/462/462 464/464/464
f 462/462/462 465/465/465 464/464/464
f 463/463/463 464/464/464 466/466/466
f 464/464/464 467/467/467 466/466/466
f 464/464/464 465/465/465 467/467/467
f 465/465/465 468/468/468 467/467/467
f 469/469/469 470/470/470 472/472/472
f 470/470/470 473/473/473 472/472/472
f 470/470/470 471/471/471 473/473/473
f 471/471/471 474/474/474 473/473/473
f 472/472/472 473/473/473 475/475/475
f 473/473/473 476/476/476 475/475/475
f 473/473/473 474/474/474 476/476/476
f 474/474/474 477/477/477 476/476/476
f 475/475/475 476/476/476 478/478/478
f 476/476/476 479/479/479 478/478/478
f 476/476/476 477/477/477 479/479/479
f 477/477/477 480/480/480 479/479/479
f 478/478/478 479/479/479 481/481/481
f 479/479/479 482/482/482 481/481/481
f 479/479/479 480/480/480 482/482/482
f 480/480/480 483/483/483 482/482/482
f 481/481/481 482/482/482 484/484/484
f 482/482/482 485/485/485 484/484/484
f 482/482/482 483/483/483 485/485/485
f 483/483/483 486/486/486 485/485/485
f 484/484/484 485/485/485 487/487/487
f 485/485/485 488/488/488 487/487/487
f 485/485/485 486/486/486 488/488/488
f 486/486/486 489/489/489 488/488/488
f 487/487/487 488/488/488 490/490/490
f 488/488/488 491/491/491 490/490/490
f 488/488/488 489/489/489 491/491/491
f 489/489/489 492/492/492 491/491/491
f 490/490/490 491/491/491 493/493/493
f 491/491/491 494/494/494 493/493/493
f 491/491/491 492/492/492 494/494/494
f 492/492/492 495/495/495 494/494/494
f 493/493/493 494/494/494 496/496/496
f 494/494/494 497/497/497 496/496/496
f 494/494/494 495/495/495 497/497/497
f 495/495/495 498/498/498 497/497/497
f 496/496/496 497/497/497 499/499/499
f 497/497/497 500/500/500 499/499/499
f 497/497/497 498/498/498 500/500/500
f 498/498/498 501/501/501 500/500/500
f 499/499/499 500/500/500 502/502/502
f 500/500/500 503/503/503 502/502/502
f 500/500/500 501/501/501 503/503/503
f 501/501/501 504/504/504 503/503/503
f 502/502/502 503/503/503 505/505/505
f 503/503/503 506/506/506 505/505/505
f 503/503/503 504/504/504 506/506/506
f 504/504/504 507/507/507 506/506/506
f 508/508/508 509/509/509 511/511/511
f 509/509/509 512/512/512 511/511/511
f 509/509/509 510/510/510 512/512/512
f 510/510/510 513/513/513 512/512/512
f 511/511/511 512/512/512 514/514/514
f 512/512/512 515/515/515 514/514/514
f 512/512/512 513/513/513 515/515/515
f 513/513/513 516/516/516 515/515/515
f 514/514/514 515/515/515 517/517/517
f 515/515/515 518/518/518 517/517/517
f 515/515/515 516/516/516 518/518/518
f 516/516/516 519/519/519 518/518/518
f 517/517/517 518/518/518 520/520/520
f 518/518/518 521/521/521 520/520/520
f 518/518/518 519/519/519 521/521/521
f 519/519/519 522/522/522 521/521/521
f 520/520/520 521/521/521 523/523/523
f 521/521/521 524/524/524 523/523/523
f 521/521/521 522/522/522 524/524/524
f 522/522/522 525/525/525 524/524/524
f 523/523/523 524/524/524 526/526/526
f 524/524/524 527/527/527 526/526/526
f 524/524/524 525/525/525 527/527/527
f 525/525/525 528/528/528 527/527/527
f 526/526/526 527/527/527 529/529/529
f 527/527/527 530/530/530 529/529/529
f 527/527/527 528/528/528 530/530/530
f 528/528/528 531/531/531 530/530/530
f 529/529/529 530/530/530 532/532/532
f 530/530/530 533/533/533 532/532/532
f 530/530/530 531/531/531 533/533/533
f 531/531/531 534/534/534 533/533/533
f 532/532/532 533/533/533 535/535/535
f 533/533/533 536/536/536 535/535/535
f 533/533/533 534/534/534 536/536/536
f 534/534/534 537/537/537 536/536/536
f 535/535/535 536/536/536 538/538/538
f 536/536/536 539/539/539 538/538/538
f 536/536/536 537/537/537 539/539/539
f 537/537/537 540/540/540 539/539/539
f 538/538/538 539/539/539 541/541/541
f 539/539/539 542/542/542 541/541/541
f 539/539/539 540/540/540 542/542/542
f 540/540/540 543/543/543 542/542/542
f 541/541/541 542/542/542 544/544/544
f 542/542/542 545/545/545 544/544/544
f 542/542/542 543/543/543 545/545/545
f 543/543/543 546/546/546 545/545/545
f 547/547/547 548/548/548 550/550/550
f 548/548/548 551/551/551 550/550/550
f 548/548/548 549/549/549 551/551/551
f 549/549/549 552/552/552 551/551/551
f 550/550/550 551/551/551 553/553/553
f 551/551/551 554/554/554 553/553/553
f 551/551/551 552/552/552 554/554/554
f 552/552/552 555/555/555 554/554/554
f 553/553/553 554/554/554 556/556/556
f 554/554/554 557/557/557 556/556/556
f 554/554/554 555/555/555 557/557/557
f 555/555/555 558/558/558 557/557/557
f 556/556/556 557/557/557 559/559/559
f 557/557/557 560/560/560 559/559/559
f 557/557/557 558/558/558 560/560/560
f 558/558/558 561/561/561 560/560/560
f 559/559/559 560/560/560 562/562/562
f 560/560/560 563/563/563 562/562/562
f 560/560/560 561/561/561 563/563/563
f 561/561/561 564/564/564 563/563/563
f 562/562/562 563/563/563 565/565/565
f 563/563/563 566/566/566 565/565/565
f 563/563/563 564/564/564 566/566/566
f 564/564/564 567/567/567 566/566/566
f 565/565/565 566/566/566 568/568/568
f 566/566/566 569/569/569 568/568/568
f 566/566/566 567/567/567 569/569/569
f 567/567/567 570/570/570 569/569/569
f 568/568/568 569/569/569 571/571/571
f 569/569/569 572/572/572 571/571/571
f 569/569/569 570/570/570 572/572/572
f 570/570/570 573/573/573 572/572/572
f 571/571/571 572/572/572 574/574/574
f 572/572/572 575/575/575 574/574/574
f 572/572/572 573/573/573 575/575/575
f 573/573/573 576/576/576 575/575/575
f 574/574/574 575/575/575 577/577/577
f 575/575/575 578/578/578 577/577/577
f 575/575/575 576/576/576 578/578/578
f 576/576/576 579/579/579 578/578/578
f 577/577/577 578/578/578 580/580/580
f 578/578/578 581/581/581 580/580/580
f 578/578/578 579/579/579 581/581/581
f 579/579/579 582/582/582 581/581/581
f 580/580/580 581/581/581 583/583/583
f 581/581/581 584/584/584 583/583/583
f 581/581/581 582/582/582 584/584/584
f 582/582/582 585/585/585 584/584/584
f 586/586/586 587/587/587 589/589/589
f 587/587/587 590/590/590 589/589/589
f 587/587/587 588/588/588 590/590/590
f 588/588/588 591/591/591 590/590/590
f 589/589/589 590/590/590 592/592/592
f 590/590/590 593/593/593 592/592/592
f 590/590/590 591/591/591 593/593/593
f 591/591/591 594/594/594 593/593/593
f 592/592/592 593/593/593 595/595/595
f 593/593/593 596/596/596 595/595/595
f 593/593/593 594/594/594 596/596/596
f 594/594/594 597/597/597 596/596/596
f 595/595/595 596/596/596 598/598/598
f 596/596/596 599/599/599 598/598/598
f 596/596/596 597/597/597 599/599/599
f 597/597/597 600/600/600 599/599/599
f 598/598/598 599/599/599 601/601/601
f 599/599/599 602/602/602 601/601/601
f 599/599/599 600/600/600 602/602/602
f 600/600/600 603/603/603 602/602/602
f 601/601/601 602/602/602 604/604/604
f 602/602/602 605/605/605 604/604/604
f 602/602/602 603/603/603 605/605/605
f 603/603/603 606/606/606 605/605/605
f 604/604/604 605/605/605 607/607/607
f 605/605/605 608/608/608 607/607/607
f 605/605/605 606/606/606 608/608/608
f 606/606/606 609/609/609 608/608/608
f 607/607/607 608/608/608 610/610/610
f 608/608/608 611/611/611 610/610/610
f 608/608/608 609/609/609 611/611/611
f 609/609/609 612/612/612 611/611/611
f 610/610/610 611/611/611 613/613/613
f 611/611/611 614/614/614 613/613/613
f 611/611/611 612/612/612 614/614/614
f 612/612/612 615/615/615 614/614/614
f 613/613/613 614/614/614 616/616/616
f 614/614/614 617/617/617 616/616/616
f 614/614/614 615/615/615 617/617/617
f 615/615/615 618/618/618 617/617/617
f 616/616/616 617/617/617 619/619/619
f 617/617/617 620/620/620 619/619/619
f 617/617/617 618/618/618 620/620/620
f 618/618/618 621/621/621 620/620/620
f 619/619/619 620/620/620 622/622/622
f 620/620/620 623/623/623 622/622/622
f 620/620/620 621/621/621 623/623/623
f 621/621/621 624/624/624 623/623/623
f 625/625/625 626/626/626 628/628/628
f 626/626/626 629/629/629 628/628/628
f 626/626/626 627/627/627 629/629/629
f 627/627/627 630/630/630 629/629/629
f 628/628/628 629/629/629 631/631/631
f 629/629/629 632/632/632 631/631/631
f 629/629/629 630/630/630 632/632/632
f 630/630/630 633/633/633 632/632/632
f 631/631/631 632/632/632 634/634/634
f 632/632/632 635/635/635 634/634/634
f 632/632/632 633/633/633 635/635/635
f 633/633/633 636/636/636 635/635/635
f 634/634/634 635/635/635 637/637/637
f 635/635/635 638/638/638 637/637/637
f 635/635/635 636/636/636 638/638/638
f 636/636/636 639/639/639 638/638/638
f 637/637/637 638/638/638 640/640/640
f 638/638/638 641/641/641 640/640/640
f 638/638/638 639/639/639 641/641/641
f 639/639/639 642/642/642 641/641/641
f 640/640/640 641/641/641 643/643/643
f 641/641/641 644/644/644 643/643/643
f 641/641/641 642/642/642 644/644/644
f 642/642/642 645/645/645 644/644/644
f 643/643/643 644/644/644 646/646/646
f 644/644/644 647/647/647 646/646/646
f 644/644/644 645/645/645 647/647/647
f 645/645/645 648/648/648 647/647/647
f 646/646/646 647/647/647 649/649/649
f 647/647/647 650/650/650 649/649/649
f 647/647/647 648/648/648 650/650/650
f 648/648/648 651/651/651 650/650/650
f 649/649/649 650/650/650 652/652/652
f 650/650/650 653/653/653 652/652/652
f 650/650/650 651/651/651 653/653/653
f 651/651/651 654/654/654 653/653/653
f 652/652/652 653/653/653 655/655/655
f 653/653/653 656/656/656 655/655/655
f 653/653/653 654/654/654 656/656/656
f 654/654/654 657/657/657 656/656/656
f 655/655/655 656/656/656 658/658/658
f 656/656/656 659/659/659 658/658/658
f 656/656/656 657/657/657 659/659/659
f 657/657/657 660/660/660 659/659/659
f 658/658/658 659/659/659 661/661/661
f 659/659/659 662/662/662 661/661/661
f 659/659/659 660/660/660 662/662/662
f 660/660/660 663/663/663 662/662/662
f 664/664/664 665/665/665 667/667/667
f 665/665/665 668/668/668 667/667/667
f 665/665/665 666/666/666 668/668/668
f 666/666/666 669/669/669 668/668/668
f 667/667/667 668/668/668 670/670/670
f 668/668/668 671/671/671 670/670/670
f 668/668/668 669/669/669 671/671/671
f 669/669/669 672/672/672 671/671/671
f 670/670/670 671/671/671 673/673/673
f 671/671/671 674/674/674 673/673/673
f 671/671/671 672/672/672 674/674/674
f 672/672/672 675/675/675 674/674/674
f 673/673/673 674/674/674 676/676/676
f 674/674/674 677/677/677 676/676/676
f 674/674/674 675/675/675 677/677/677
f 675/675/675 678/678/678 677/677/677
f 676/676/676 677/677/677 679/679/679
f 677/677/677 680/680/680 679/679/679
f 677/677/677 678/678/678 680/680/680
f 678/678/678 681/681/681 680/680/680
f 679/679/679 680/680/680 682/682/682
f 680/680/680 683/683/683 682/682/682
f 680/680/680 681/681/681 683/683/683
f 681/681/681 684/684/684 683/683/683
f 682/682/682 683/683/683 685/685/685
f 683/683/683 686/686/686 685/685/685
f 683/683/683 684/684/684 686/686/686
f 684/684/684 687/687/687 686/686/686
f 685/685/685 686/686/686 688/688/688
f 686/686/686 689/689/689 688/688/688
f 686/686/686 687/687/687 689/689/689
f 687/687/687 690/690/690 689/689/689
f 688/688/688 689/689/689 691/691/691
f 689/689/689 692/692/692 691/691/691
f 689/689/689 690/690/690 692/692/692
f 690/690/690 693/693/693 692/692/692
f 691/691/691 692/692/692 694/694/694
f 692/692/692 695/695/695 694/694/694
f 692/692/692 693/693/693 695/695/695
f 693/693/693 696/696/696 695/695/695
f 694/694/694 695/695/695 697/697/697
f 695/695/695 698/698/698 697/697/697
f 695/695/695 696/696/696 698/698/698
f 696/696/696 699/699/699 698/698/698
f 697/697/697 698/698/698 700/700/700
f 698/698/698 701/701/701 700/700/700
f 698/698/698 699/699/699 701/701/701
f 699/699/699 702/702/702 701/701/701
f 703/703/703 704/704/704 706/706/706
f 704/704/704 707/707/707 706/706/706
f 704/704/704 705/705/705 707/707/707
f 705/705/705 708/708/708 707/707/707
f 706/706/706 707/707/707 709/709/709
f 707/707/707 710/710/710 709/709/709
f 707/707/707 708/708/708 710/710/710
f 708/708/708 711/711/711 710/710/710
f 709/709/709 710/710/710 712/712/712
f 710/710/710 713/713/713 712/712/712
f 710/710/710 711/711/711 713/713/713
f 711/711/711 714/714/714 713/713/713
f 712/712/712 713/713/713 715/715/715
f 713/713/713 716/716/716 715/715/715
f 713/713/713 714/714/714 716/716/716
f 714/714/714 717/717/717 716/716/716
f 715/715/715 716/716/716 718/718/718
f 716/716/716 719/719/719 718/718/718
f 716/716/716 717/717/717 719/719/719
f 717/717/717 720/720/720 719/719/719
f 718/718/718 719/719/719 721/721/721
f 719/719/719 722/722/722 721/721/721
f 719/719/719 720/720/720 722/722/722
f 720/720/720 723/723/723 722/722/722
f 721/721/721 722/722/722 724/724/724
f 722/722/722 725/725/725 724/724/724
f 722/722/722 723/723/723 725/725/725
f 723/723/723 726/726/726 725/725/725
f 724/724/724 725/725/725 727/727/727
f 725/725/725 728/728/728 727/727/727
f 725/725/725 726/726/726 728/728/728
f 726/726/726 729/729/729 728/728/728
f 727/727/727 728/728/728 730/730/730
f 728/728/728 731/731/731 730/730/730
f 728/728/728 729/729/729 731/731/731
f 729/729/729 732/732/732 731/731/731
f 730/730/730 731/731/731 733/733/733
f 731/731/731 734/734/734 733/733/733
f 731/731/731 732/732/732 734/734/734
f 732/732/732 735/735/735 734/734/734
f 733/733/733 734/734/734 736/736/736
f 734/734/734 737/737/737 736/736/736
f 734/734/734 735/735/735 737/737/737
f 735/735/735 738/738/738 737/737/737
f 736/736/736 737/737/737 739/739/739
f 737/737/737 740/740/740 739/739/739
f 737/737/737 738/738/738 740/740/740
f 738/738/738 741/741/741 740/740/740
f 742/742/742 743/743/743 745/745/745
f 743/743/743 746/746/746 745/745/745
f 743/743/743 744/744/744 746/746/746
f 744/744/744 747/747/747 746/746/746
f 745/745/745 746/746/746 748/748/748
f 746/746/746 749/749/749 748/748/748
f 746/746/746 747/747/747 749/749/749
f 747/747/747 750/750/750 749/749/749
f 748/748/748 749/749/749 751/751/751
f 749/749/749 752/752/752 751/751/751
f 749/749/749 750/750/750 752/752/752
f 750/750/750 753/753/753 752/752/752
f 751/751/751 752/752/752 754/754/754
f 752/752/752 755/755/755 754/754/754
f 752/752/752 753/753/753 755/755/755
f 753/753/753 756/756/756 755/755/755
f 754/754/754 755/755/755 757/757/757
f 755/755/755 758/758/758 757/757/757
f 755/755/755 756/756/756 758/758/758
f 756/756/756 759/759/759 758/758/758
f 757/757/757 758/758/758 760/760/760
f 758/758/758 761/761/761 760/760/760
f 758/758/758 759/759/759 761/761/761
f 759/759/759 762/762/762 761/761/761
f 760/760/760 761/761/761 763/763/763
f 761/761/761 764/764/764 763/763/763
f 761/761/761 762/762/762 764/764/764
f 762/762/762 765/765/765 764/764/764
f 763/763/763 764/764/764 766/766/766
f 764/764/764 767/767/767 766/766/766
f 764/764/764 765/765/765 767/767/767
f 765/765/765 768/768/768 767/767/767
f 766/766/766 767/767/767 769/769/769
f 767/767/767 770/770/770 769/769/769
f 767/767/767 768/768/768 770/770/770
f 768/768/768 771/771/771 770/770/770
f 769/769/769 770/770/770 772/772/772
f 770/770/770 773/773/773 772/772/772
f 770/770/770 771/771/771 773/773/773
f 771/771/771 774/774/774 773/773/773
f 772/772/772 773/773/773 775/775/775
f 773/773/773 776/776/776 775/775/775
f 773/773/773 774/774/774 776/776/776
f 774/774/774 777/777/777 776/776/776
f 775/775/775 776/776/776 778/778/778
f 776/776/776 779/779/779 778/778/778
f 776/776/776 777/777/777 779/779/779
f 777/777/777 780/780/780 779/779/779
f 781/781/781 782/782/782 784/784/784
f 782/782/782 785/785/785 784/784/784
f 782/782/782 783/783/783 785/785/785
f 783/783/783 786/786/786 785/785/785
f 784/784/784 785/785/785 787/787/787
f 785/785/785 788/788/788 787/787/787
f 785/785/785 786/786/786 788/788/788
f 786/786/786 789/789/789 788/788/788
f 787/787/787 788/788/788 790/790/790
f 788/788/788 791/791/791 790/790/790
f 788/788/788 789/789/789 791/791/791
f 789/789/789 792/792/792 791/791/791
f 790/790/790 791/791/791 793/793/793
f 791/791/791 794/794/794 793/793/793
f 791/791/791 792/792/792 794/794/794
f 792/792/792 795/795/795 794/794/794
f 793/793/793 794/794/794 796/796/796
f 794/794/794 797/797/797 796/796/796
f 794/794/794 795/795/795 797/797/797
f 795/795/795 798/798/798 797/797/797
f 796/796/796 797/797/797 799/799/799
f 797/797/797 800/800/800 799/799/799
f 797/797/797 798/798/798 800/800/800
f 798/798/798 801/801/801 800/800/800
f 799/799/799 800/800/800 802/802/802
f 800/800/800 803/803/803 802/802/802
f 800/800/800 801/801/801 803/803/803
f 801/801/801 804/804/804 803/803/803
f 802/802/802 803/803/803 805/805/805
f 803/803/803 806/806/806 805/805/805
f 803/803/803 804/804/804 806/806/806
f 804/804/804 807/807/807 806/806/806
f 805/805/805 806/806/806 808/808/808
f 806/806/806 809/809/809 808/808/808
f 806/806/806 807/807/807 809/809/809
f 807/807/807 810/810/810 809/809/809
f 808/808/808 809/809/809 811/811/811
f 809/809/809 812/812/812 811/811/811
f 809/809/809 810/810/810 812/812/812
f 810/810/810 813/813/813 812/812/812
f 811/811/811 812/812/812 814/814/814
f 812/812/812 815/815/815 814/814/814
f 812/812/812 813/813/813 815/815/815
f 813/813/813 816/816/816 815/815/815
f 814/814/814 815/815/815 817/817/817
f 815/815/815 818/818/818 817/817/817
f 815/815/815 816/816/816 818/818/818
f 816/816/816 819/819/819 818/818/818
f 820/820/820 821/821/821 823/823/823
f 821/821/821 824/824/824 823/823/823
f 821/821/821 822/822/822 824/824/824
f 822/822/822 825/825/825 824/824/824
f 823/823/823 824/824/824 826/826/826
f 824/824/824 827/827/827 826/826/826
f 824/824/824 825/825/825 827/827/827
f 825/825/825 828/828/828 827/827/827
f 826/826/826 827/827/827 829/829/829
f 827/827/827 830/830/830 829/829/829
f 827/827/827 828/828/828 830/830/830
f 828/828/828 831/831/831 830/830/830
f 829/829/829 830/830/830 832/832/832
f 830/830/830 833/833/833 832/832/832
f 830/830/830 831/831/831 833/833/833
f 831/831/831 834/834/834 833/833/833
f 832/832/832 833/833/833 835/835/835
f 833/833/833 836/836/836 835/835/835
f 833/833/833 834/834/834 836/836/836
f 834/834/834 837/837/837 836/836/836
f 835/835/835 836/836/836 838/838/838
f 836/836/836 839/839/839 838/838/838
f 836/836/836 837/837/837 839/839/839
f 837/837/837 840/840/840 839/839/839
f 838/838/838 839/839/839 841/841/841
f 839/839/839 842/842/842 841/841/841
f 839/839/839 840/840/840 842/842/842
f 840/840/840 843/843/843 842/842/842
f 841/841/841 842/842/842 844/844/844
f 842/842/842 845/845/845 844/844/844
f 842/842/842 843/843/843 845/845/845
f 843/843/843 846/846/846 845/845/845
f 844/844/844 845/845/845 847/847/847
f 845/845/845 848/848/848 847/847/847
f 845/845/845 846/846/846 848/848/848
f 846/846/846 849/849/849 848/848/848
f 847/847/847 848/848/848 850/850/850
f 848/848/848 851/851/851 850/850/850
f 848/848/848 849/849/849 851/851/851
f 849/849/849 852/852/852 851/851/851
f 850/850/850 851/851/851 853/853/853
f 851/851/851 854/854/854 853/853/853
f 851/851/851 852/852/852 854/854/854
f 852/852/852 855/855/855 854/854/854
f 853/853/853 854/854/854 856/856/856
f 854/854/854 857/857/857 856/856/856
f 854/854/854 855/855/855 857/857/857
f 855/855/855 858/858/858 857/857/857
f 859/859/859 860/860/860 862/862/862
f 860/860/860 863/863/863 862/862/862
f 860/860/860 861/861/861 863/863/863
f 861/861/861 864/864/864 863/863/863
f 862/862/862 863/863/863 865/865/865
f 863/863/863 866/866/866 865/865/865
f 863/863/863 864/864/864 866/866/866
f 864/864/864 867/867/867 866/866/866
f 865/865/865 866/866/866 868/868/868
f 866/866/866 869/869/869 868/868/868
f 866/866/866 867/867/867 869/869/869
f 867/867/867 870/870/870 869/869/869
f 868/868/868 869/869/869 871/871/871
f 869/869/869 872/872/872 871/871/871
f 869/869/869 870/870/870 872/872/872
f 870/870/870 873/873/873 872/872/872
f 871/871/871 872/872/872 874/874/874
f 872/872/872 875/875/875 874/874/874
f 872/872/872 873/873/873 875/875/875
f 873/873/873 876/876/876 875/875/875
f 874/874/874 875/875/875 877/877/877
f 875/875/875 878/878/878 877/877/877
f 875/875/875 876/876/876 878/878/878
f 876/876/876 879/879/879 878/878/878
f 877/877/877 878/878/878 880/880/880
f 878/878/878 881/881/881 880/880/880
f 878/878/878 879/879/879 881/881/881
f 879/879/879 882/882/882 881/881/881
f 880/880/880 881/881/881 883/883/883
f 881/881/881 884/884/884 883/883/883
f 881/881/881 882/882/882 884/884/884
f 882/882/882 885/885/885 884/884/884
f 883/883/883 884/884/884 886/886/886
f 884/884/884 887/887/887 886/886/886
f 884/884/884 885/885/885 887/887/887
f 885/885/885 888/888/888 887/887/887
f 886/886/886 887/887/887 889/889/889
f 887/887/887 890/890/890 889/889/889
f 887/887/887 888/888/888 890/890/890
f 888/888/888 891/891/891 890/890/890
f 889/889/889 890/890/890 892/892/892
f 890/890/890 893/893/893 892/892/892
f 890/890/890 891/891/891 893/893/893
f 891/891/891 894/894/894 893/893/893
f 892/892/892 893/893/893 895/895/895
f 893/893/893 896/896/896 895/895/895
f 893/893/893 894/894/894 896/896/896
f 894/894/894 897/897/897 896/896/896
f 898/898/898 899/899/899 901/901/901
f 899/899/899 902/902/902 901/901/901
f 899/899/899 900/900/900 902/902/902
f 900/900/900 903/903/903 902/902/902
f 901/901/901 902/902/902 904/904/904
f 902/902/902 905/905/905 904/904/904
f 902/902/902 903/903/903 905/905/905
f 903/903/903 906/906/906 905/905/905
f 904/904/904 905/905/905 907/907/907
f 905/905/905 908/908/908 907/907/907
f 905/905/905 906/906/906 908/908/908
f 906/906/906 909/909/909 908/908/908
f 907/907/907 908/908/908 910/910/910
f 908/908/908 911/911/911 910/910/910
f 908/908/908 909/909/909 911/911/911
f 909/909/909 912/912/912 911/911/911
f 910/910/910 911/911/911 913/913/913
f 911/911/911 914/914/914 913/913/913
f 911/911/911 912/912/912 914/914/914
f 912/912/912 915/915/915 914/914/914
f 913/913/913 914/914/914 916/916/916
f 914/914/914 917/917/917 916/916/916
f 914/914/914 915/915/915 917/917/917
f 915/915/915 918/918/918 917/917/917
f 916/916/916 917/917/917 919/919/919
f 917/917/917 920/920/920 919/919/919
f 917/917/917 918/918/918 920/920/920
f 918/918/918 921/921/921 920/920/920
f 919/919/919 920/920/920 922/922/922
f 920/920/920 923/923/923 922/922/922
f 920/920/920 921/921/921 923/923/923
f 921/921/921 924/924/924 923/923/923
f 922/922/922 923/923/923 925/925/925
f 923/923/923 926/926/926 925/925/925
f 923/923/923 924/924/924 926/926/926
f 924/924/924 927/927/927 926/926/926
f 925/925/925 926/926/926 928/928/928
f 926/926/926 929/929/929 928/928/928
f 926/926/926 927/927/927 929/929/929
f 927/927/927 930/930/930 929/929/929
f 928/928/928 929/929/929 931/931/931
f 929/929/929 932/932/932 931/931/931
f 929/929/929 930/930/930 932/932/932
f 930/930/930 933/933/933 932/932/932
f 931/931/931 932/932/932 934/934/934
f 932/932/932 935/935/935 934/934/934
f 932/932/932 933/933/933 935/935/935
f 933/933/933 936/936/936 935/935/935
f 937/937/937 938/938/938 940/940/940
f 938/938/938 941/941/941 940/940/940
f 938/938/938 939/939/939 941/941/941
f 939/939/939 942/942/942 941/941/941
f 940/940/940 941/941/941 943/943/943
f 941/941/941 944/944/944 943/943/943
f 941/941/941 942/942/942 944/944/944
f 942/942/942 945/945/945 944/944/944
f 943/943/943 944/944/944 946/946/946
f 944/944/944 947/947/947 946/946/946
f 944/944/944 945/945/945 947/947/947
f 945/945/945 948/948/948 947/947/947
f 946/946/946 947/947/947 949/949/949
f 947/947/947 950/950/950 949/949/949
f 947/947/947 948/948/948 950/950/950
f 948/948/948 951/951/951 950/950/950
f 949/949/949 950/950/950 952/952/952
f 950/950/950 953/953/953 952/952/952
f 950/950/950 951/951/951 953/953/953
f 951/951/951 954/954/954 953/953/953
f 952/952/952 953/953/953 955/955/955
f 953/953/953 956/956/956 955/955/955
f 953/953/953 954/954/954 956/956/956
f 954/954/954 957/957/957 956/956/956
f 955/955/955 956/956/956 958/958/958
f 956/956/956 959/959/959 958/958/958
f 956/956/956 957/957/957 959/959/959
f 957/957/957 960/960/960 959/959/959
f 958/958/958 959/959/959 961/961/961
f 959/959/959 962/962/962 961/961/961
f 959/959/959 960/960/960 962/962/962
f 960/960/960 963/963/963 962/962/962
f 961/961/961 962/962/962 964/964/964
f 962/962/962 965/965/965 964/964/964
f 962/962/962 963/963/963 965/965/965
f 963/963/963 966/966/966 965/965/965
f 964/964/964 965/965/965 967/967/967
f 965/965/965 968/968/968 967/967/967
f 965/965/965 966/966/966 968/968/968
f 966/966/966 969/969/969 968/968/968
f 967/967/967 968/968/968 970/970/970
f 968/968/968 971/971/971 970/970/970
f 968/968/968 969/969/969 971/971/971
f 969/969/969 972/972/972 971/971/971
f 970/970/970 971/971/971 973/973/973
f 971/971/971 974/974/974 973/973/973
f 971/971/971 972/972/972 974/974/974
f 972/972/972 975/975/975 974/974/974
f 976/976/976 977/977/977 979/979/979
f 977/977/977 980/980/980 979/979/979
f 977/977/977 978/978/978 980/980/980
f 978/978/978 981/981/981 980/980/980
f 979/979/979 980/980/980 982/982/982
f 980/980/980 983/983/983 982/982/982
f 980/980/980 981/981/981 983/983/983
f 981/981/981 984/984/984 983/983/983
f 982/982/982 983/983/983 985/985/985
f 983/983/983 986/986/986 985/985/985
f 983/983/983 984/984/984 986/986/986
f 984/984/984 987/987/987 986/986/986
f 985/985/985 986/986/986 988/988/988
f 986/986/986 989/989/989 988/988/988
f 986/986/986 987/987/987 989/989/989
f 987/987/987 990/990/990 989/989/989
f 988/988/988 989/989/989 991/991/991
f 989/989/989 992/992/992 991/991/991
f 989/989/989 990/990/990 992/992/992
f 990/990/990 993/993/993 992/992/992
f 991/991/991 992/992/992 994/994/994
f 992/992/992 995/995/995 994/994/994
f 992/992/992 993/993/993 995/995/995
f 993/993/993 996/996/996 995/995/995
f 994/994/994 995/995/995 997/997/997
f 995/995/995 998/998/998 997/997/997
f 995/995/995 996/996/996 998/998/998
f 996/996/996 999/999/999 998/998/998
f 997/997/997 998/998/998 1000/1000/1000
f 998/998/998 1001/1001/1001 1000/1000/1000
f 998/998/998 999/999/999 1001/1001/1001
f 999/999/999 1002/1002/1002 1001/1001/1001
f 1000/1000/1000 1001/1001/1001 1003/1003/1003
f 1001/1001/1001 1004/1004/1004 1003/1003/1003
f 1001/1001/1001 1002/1002/1002 1004/1004/1004
f 1002/1002/1002 1005/1005/1005 1004/1004/1004
f 1003/1003/1003 1004/1004/1004 1006/1006/1006
f 1004/1004/1004 1007/1007/1007 1006/1006/1006
f 1004/1004/1004 1005/1005/1005 1007/1007/1007
f 1005/1005/1005 1008/1008/1008 1007/1007/1007
f 1006/1006/1006 1007/1007/1007 1009/1009/1009
f 1007/1007/1007 1010/1010/1010 1009/1009/1009
f 1007/1007/1007 1008/1008/1008 1010/1010/1010
f 1008/1008/1008 1011/1011/1011 1010/1010/1010
f 1009/1009/1009 1010/1010/1010 1012/1012/1012
f 1010/1010/1010 1013/1013/1013 1012/1012/1012
f 1010/1010/1010 1011/1011/1011 1013/1013/1013
f 1011/1011/1011 1014/1014/1014 1013/1013/1013
f 1015/1015/1015 1016/1016/1016 1018/1018/1018
f 1016/1016/1016 1019/1019/1019 1018/1018/1018
f 1016/1016/1016 1017/1017/1017 1019/1019/1019
f 1017/1017/1017 1020/1020/1020 1019/1019/1019
f 1018/1018/1018 1019/1019/1019 1021/1021/1021
f 1019/1019/1019 1022/1022/1022 1021/1021/1021
f 1019/1019/1019 1020/1020/1020 1022/1022/1022
f 1020/1020/1020 1023/1023/1023 1022/1022/1022
f 1021/1021/1021 1022/1022/1022 1024/1024/1024
f 1022/1022/1022 1025/1025/1025 1024/1024/1024
f 1022/1022/1022 1023/1023/1023 1025/1025/1025
f 1023/1023/1023 1026/1026/1026 1025/1025/1025
f 1024/1024/1024 1025/1025/1025 1027/1027/1027
f 1025/1025/1025 1028/1028/1028 1027/1027/1027
f 1025/1025/1025 1026/1026/1026 1028/1028/1028
f 1026/1026/1026 1029/1029/1029 1028/1028/1028
f 1027/1027/1027 1028/1028/1028 1030/1030/1030
f 1028/1028/1028 1031/1031/1031 1030/1030/1030
f 1028/1028/1028 1029/1029/1029 1031/1031/1031
f 1029/1029/1029 1032/1032/1032 1031/1031/1031
f 1030/1030/1030 1031/1031/1031 1033/1033/1033
f 1031/1031/1031 1034/1034/1034 1033/1033/1033
f 1031/1031/1031 1032/1032/1032 1034/1034/1034
f 1032/1032/1032 1035/1035/1035 1034/1034/1034
f 1033/1033/1033 1034/1034/1034 1036/1036/1036
f 1034/1034/1034 1037/1037/1037 1036/1036/1036
f 1034/1034/1034 1035/1035/1035 1037/1037/1037
f 1035/1035/1035 1038/1038/1038 1037/1037/1037
f 1036/1036/1036 1037/1037/1037 1039/1039/1039
f 1037/1037/1037 1040/1040/1040 1039/1039/1039
f 1037/1037/1037 1038/1038/1038 1040/1040/1040
f 1038/1038/1038 1041/1041/1041 1040/1040/1040
f 1039/1039/1039 1040/1040/1040 1042/1042/1042
f 1040/1040/1040 1043/1043/1043 1042/1042/1042
f 1040/1040/1040 1041/1041/1041 1043/1043/1043
f 1041/1041/1041 1044/1044/1044 1043/1043/1043
f 1042/1042/1042 1043/1043/1043 1045/1045/1045
f 1043/1043/1043 1046/1046/1046 1045/1045/1045
f 1043/1043/1043 1044/1044/1044 1046/1046/1046
f 1044/1044/1044 1047/1047/1047 1046/1046/1046
f 1045/1045/1045 1046/1046/1046 1048/1048/1048
f 1046/1046/1046 1049/1049/1049 1048/1048/1048
f 1046/1046/1046 1047/1047/1047 1049/1049/1049
f 1047/1047/1047 1050/1050/1050 1049/1049/1049
f 1048/1048/1048 1049/1049/1049 1051/1051/1051
f 1049/1049/1049 1052/1052/1052 1051/1051/1051
f 1049/1049/1049 1050/1050/1050 1052/1052/1052
f 1050/1050/1050 1053/1053/1053 1052/1052/1052
f 1054/1054/1054 1055/1055/1055 1057/1057/1057
f 1055/1055/1055 1058/1058/1058 1057/1057/1057
f 1055/1055/1055 1056/1056/1056 1058/1058/1058
f 1056/1056/1056 1059/1059/1059 1058/1058/1058
f 1057/1057/1057 1058/1058/1058 1060/1060/1060
f 1058/1058/1058 1061/1061/1061 1060/1060/1060
f 1058/1058/1058 1059/1059/1059 1061/1061/1061
f 1059/1059/1059 1062/1062/1062 1061/1061/1061
f 1060/1060/1060 1061/1061/1061 1063/1063/1063
f 1061/1061/1061 1064/1064/1064 1063/1063/1063
f 1061/1061/1061 1062/1062/1062 1064/1064/1064
f 1062/1062/1062 1065/1065/1065 1064/1064/1064
f 1063/1063/1063 1064/1064/1064 1066/1066/1066
f 1064/1064/1064 1067/1067/1067 1066/1066/1066
f 1064/1064/1064 1065/1065/1065 1067/1067/1067
f 1065/1065/1065 1068/1068/1068 1067/1067/1067
f 1066/1066/1066 1067/1067/1067 1069/1069/1069
f 1067/1067/1067 1070/1070/1070 1069/1069/1069
f 1067/1067/1067 1068/1068/1068 1070/1070/1070
f 1068/1068/1068 1071/1071/1071 1070/1070/1070
f 1069/1069/1069 1070/1070/1070 1072/1072/1072
f 1070/1070/1070 1073/1073/1073 1072/1072/1072
f 1070/1070/1070 1071/1071/1071 1073/1073/1073
f 1071/1071/1071 1074/1074/1074 1073/1073/1073
f 1072/1072/1072 1073/1073/1073 1075/1075/1075
f 1073/1073/1073 1076/1076/1076 1075/1075/1075
f 1073/1073/1073 1074/1074/1074 1076/1076/1076
f 1074/1074/1074 1077/1077/1077 1076/1076/1076
f 1075/1075/1075 1076/1076/1076 1078/1078/1078
f 1076/1076/1076 1079/1079/1079 1078/1078/1078
f 1076/1076/1076 1077/1077/1077 1079/1079/1079
f 1077/1077/1077 1080/1080/1080 1079/1079/1079
f 1078/1078/1078 1079/1079/1079 1081/1081/1081
f 1079/1079/1079 1082/1082/1082 1081/1081/1081
f 1079/1079/1079 1080/1080/1080 1082/1082/1082
f 1080/1080/1080 1083/1083/1083 1082/1082/1082
f 1081/1081/1081 1082/1082/1082 1084/1084/1084
f 1082/1082/1082 1085/1085/1085 1084/1084/1084
f 1082/1082/1082 1083/1083/1083 1085/1085/1085
f 1083/1083/1083 1086/1086/1086 1085/1085/1085
f 1084/1084/1084 1085/1085/1085 1087/1087/1087
f 1085/1085/1085 1088/1088/1088 1087/1087/1087
f 1085/1085/1085 1086/1086/1086 1088/1088/1088
f 1086/1086/1086 1089/1089/1089 1088/1088/1088
f 1087/1087/1087 1088/1088/1088 1090/1090/1090
f 1088/1088/1088 1091/1091/1091 1090/1090/1090
f 1088/1088/1088 1089/1089/1089 1091/1091/1091
f 1089/1089/1089 1092/1092/1092 1091/1091/1091
f 1093/1093/1093 1094/1094/1094 1096/1096/1096
f 1094/1094/1094 1097/1097/1097 1096/1096/1096
f 1094/1094/1094 1095/1095/1095 1097/1097/1097
f 1095/1095/1095 1098/1098/1098 1097/1097/1097
f 1096/1096/1096 1097/1097/1097 1099/1099/1099
f 1097/1097/1097 1100/1100/1100 1099/1099/1099
f 1097/1097/1097 1098/1098/1098 1100/1100/1100
f 1098/1098/1098 1101/1101/1101 1100/1100/1100
f 1099/1099/1099 1100/1100/1100 1102/1102/1102
f 1100/1100/1100 1103/1103/1103 1102/1102/1102
f 1100/1100/1100 1101/1101/1101 1103/1103/1103
f 1101/1101/1101 1104/1104/1104 1103/1103/1103
f 1102/1102/1102 1103/1103/1103 1105/1105/1105
f 1103/1103/1103 1106/1106/1106 1105/1105/1105
f 1103/1103/1103 1104/1104/1104 1106/1106/1106
f 1104/1104/1104 1107/1107/1107 1106/1106/1106
f 1105/1105/1105 1106/1106/1106 1108/1108/1108
f 1106/1106/1106 1109/1109/1109 1108/1108/1108
f 1106/1106/1106 1107/1107/1107 1109/1109/1109
f 1107/1107/1107 1110/1110/1110 1109/1109/1109
f 1108/1108/1108 1109/1109/1109 1111/1111/1111
f 1109/1109/1109 1112/1112/1112 1111/1111/1111
f 1109/1109/1109 1110/1110/1110 1112/1112/1112
f 1110/1110/1110 1113/1113/1113 1112/1112/1112
f 1111/1111/1111 1112/1112/1112 1114/1114/1114
f 1112/1112/1112 1115/1115/1115 1114/1114/1114
f 1112/1112/1112 1113/1113/1113 1115/1115/1115
f 1113/1113/1113 1116/1116/1116 1115/1115/1115
f 1114/1114/1114 1115/1115/1115 1117/1117/1117
f 1115/1115/1115 1118/1118/1118 1117/1117/1117
f 1115/1115/1115 1116/1116/1116 1118/1118/1118
f 1116/1116/1116 1119/1119/1119 1118/1118/1118
f 1117/1117/1117 1118/1118/1118 1120/1120/1120
f 1118/1118/1118 1121/1121/1121 1120/1120/1120
f 1118/1118/1118 1119/1119/1119 1121/1121/1121
f 1119/1119/1119 1122/1122/1122 1121/1121/1121
f 1120/1120/1120 1121/1121/1121 1123/1123/1123
f 1121/1121/1121 1124/1124/1124 1123/1123/1123
f 1121/1121/1121 1122/1122/1122 1124/1124/1124
f 1122/1122/1122 1125/1125/1125 1124/1124/1124
f 1123/1123/1123 1124/1124/1124 1126/1126/1126
f 1124/1124/1124 1127/1127/1127 1126/1126/1126
f 1124/1124/1124 1125/1125/1125 1127/1127/1127
f 1125/1125/1125 1128/1128/1128 1127/1127/1127
f 1126/1126/1126 1127/1127/1127 1129/1129/1129
f 1127/1127/1127 1130/1130/1130 1129/1129/1129
f 1127/1127/1127 1128/1128/1128 1130/1130/1130
f 1128/1128/1128 1131/1131/1131 1130/1130/1130
f 1132/1132/1132 1133/1133/1133 1135/1135/1135
f 1133/1133/1133 1136/1136/1136 1135/1135/1135
f 1133/1133/1133 1134/1134/1134 1136/1136/1136
f 1134/1134/1134 1137/1137/1137 1136/1136/1136
f 1135/1135/1135 1136/1136/1136 1138/1138/1138
f 1136/1136/1136 1139/1139/1139 1138/1138/1138
f 1136/1136/1136 1137/1137/1137 1139/1139/1139
f 1137/1137/1137 1140/1140/1140 1139/1139/1139
f 1138/1138/1138 1139/1139/1139 1141/1141/1141
f 1139/1139/1139 1142/1142/1142 1141/1141/1141
f 1139/1139/1139 1140/1140/1140 1142/1142/1142
f 1140/1140/1140 1143/1143/1143 1142/1142/1142
f 1141/1141/1141 1142/1142/1142 1144/1144/1144
f 1142/1142/1142 1145/1145/1145 1144/1144/1144
f 1142/1142/1142 1143/1143/1143 1145/1145/1145
f 1143/1143/1143 1146/1146/1146 1145/1145/1145
f 1144/1144/1144 1145/1145/1145 1147/1147/1147
f 1145/1145/1145 1148/1148/1148 1147/1147/1147
f 1145/1145/1145 1146/1146/1146 1148/1148/1148
f 1146/1146/1146 1149/1149/1149 1148/1148/1148
f 1147/1147/1147 1148/1148/1148 1150/1150/1150
f 1148/1148/1148 1151/1151/1151 1150/1150/1150
f 1148/1148/1148 1149/1149/1149 1151/1151/1151
f 1149/1149/1149 1152/1152/1152 1151/1151/1151
f 1150/1150/1150 1151/1151/1151 1153/1153/1153
f 1151/1151/1151 1154/1154/1154 1153/1153/1153
f 1151/1151/1151 1152/1152/1152 1154/1154/1154
f 1152/1152/1152 1155/1155/1155 1154/1154/1154
f 1153/1153/1153 1154/1154/1154 1156/1156/1156
f 1154/1154/1154 1157/1157/1157 1156/1156/1156
f 1154/1154/1154 1155/1155/1155 1157/1157/1157
f 1155/1155/1155 1158/1158/1158 1157/1157/1157
f 1156/1156/1156 1157/1157/1157 1159/1159/1159
f 1157/1157/1157 1160/1160/1160 1159/1159/1159
f 1157/1157/1157 1158/1158/1158 1160/1160/1160
f 1158/1158/1158 1161/1161/1161 1160/1160/1160
f 1159/1159/1159 1160/1160/1160 1162/1162/1162
f 1160/1160/1160 1163/1163/1163 1162/1162/1162
f 1160/1160/1160 1161/1161/1161 1163/1163/1163
f 1161/1161/1161 1164/1164/1164 1163/1163/1163
f 1162/1162/1162 1163/1163/1163 1165/1165/1165
f 1163/1163/1163 1166/1166/1166 1165/1165/1165
f 1163/1163/1163 1164/1164/1164 1166/1166/1166
f 1164/1164/1164 1167/1167/1167 1166/1166/1166
f 1165/1165/1165 1166/1166/1166 1168/1168/1168
f 1166/1166/1166 1169/1169/1169 1168/1168/1168
f 1166/1166/1166 1167/1167/1167 1169/1169/1169
f 1167/1167/1167 1170/1170/1170 1169/1169/1169
f 1171/1171/1171 1172/1172/1172 1174/1174/1174
f 1172/1172/1172 1175/1175/1175 1174/1174/1174
f 1172/1172/1172 1173/1173/1173 1175/1175/1175
f 1173/1173/1173 1176/1176/1176 1175/1175/1175
f 1174/1174/1174 1175/1175/1175 1177/1177/1177
f 1175/1175/1175 1178/1178/1178 1177/1177/1177
f 1175/1175/1175 1176/1176/1176 1178/1178/1178
f 1176/1176/1176 1179/1179/1179 1178/1178/1178
f 1177/1177/1177 1178/1178/1178 1180/1180/1180
f 1178/1178/1178 1181/1181/1181 1180/1180/1180
f 1178/1178/1178 1179/1179/1179 1181/1181/1181
f 1179/1179/1179 1182/1182/1182 1181/1181/1181
f 1180/1180/1180 1181/1181/1181 1183/1183/1183
f 1181/1181/1181 1184/1184/1184 1183/1183/1183
f 1181/1181/1181 1182/1182/1182 1184/1184/1184
f 1182/1182/1182 1185/1185/1185 1184/1184/1184
f 1183/1183/1183 1184/1184/1184 1186/1186/1186
f 1184/1184/1184 1187/1187/1187 1186/1186/1186
f 1184/1184/1184 1185/1185/1185 1187/1187/1187
f 1185/1185/1185 1188/1188/1188 1187/1187/1187
f 1186/1186/1186 1187/1187/1187 1189/1189/1189
f 1187/1187/1187 1190/1190/1190 1189/1189/1189
f 1187/1187/1187 1188/1188/1188 1190/1190/1190
f 1188/1188/1188 1191/1191/1191 1190/1190/1190
f 1189/1189/1189 1190/1190/1190 1192/1192/1192
f 1190/1190/1190 1193/1193/1193 1192/1192/1192
f 1190/1190/1190 1191/1191/1191 1193/1193/1193
f 1191/1191/1191 1194/1194/1194 1193/1193/1193
f 1192/1192/1192 1193/1193/1193 1195/1195/1195
f 1193/1193/1193 1196/1196/1196 1195/1195/1195
f 1193/1193/1193 1194/1194/1194 1196/1196/1196
f 1194/1194/1194 1197/1197/1197 1196/1196/1196
f 1195/1195/1195 1196/1196/1196 1198/1198/1198
f 1196/1196/1196 1199/1199/1199 1198/1198/1198
f 1196/1196/1196 1197/1197/1197 1199/1199/1199
f 1197/1197/1197 1200/1200/1200 1199/1199/1199
f 1198/1198/1198 1199/1199/1199 1201/1201/1201
f 1199/1199/1199 1202/1202/1202 1201/1201/1201
f 1199/1199/1199 1200/1200/1200 1202/1202/1202
f 1200/1200/1200 1203/1203/1203 1202/1202/1202
f 1201/1201/1201 1202/1202/1202 1204/1204/1204
f 1202/1202/1202 1205/1205/1205 1204/1204/1204
f 1202/1202/1202 1203/1203/1203 1205/1205/1205
f 1203/1203/1203 1206/1206/1206 1205/1205/1205
f 1204/1204/1204 1205/1205/1205 1207/1207/1207
f 1205/1205/1205 1208/1208/1208 1207/1207/1207
f 1205/1205/1205 1206/1206/1206 1208/1208/1208
f 1206/1206/1206 1209/1209/1209 1208/1208/1208
f 1210/1210/1210 1211/1211/1211 1213/1213/1213
f 1211/1211/1211 1214/1214/1214 1213/1213/1213
f 1211/1211/1211 1212/1212/1212 1214/1214/1214
f 1212/1212/1212 1215/1215/1215 1214/1214/1214
f 1213/1213/1213 1214/1214/1214 1216/1216/1216
f 1214/1214/1214 1217/1217/1217 1216/1216/1216
f 1214/1214/1214 1215/1215/1215 1217/1217/1217
f 1215/1215/1215 1218/1218/1218 1217/1217/1217
f 1216/1216/1216 1217/1217/1217 1219/1219/1219
f 1217/1217/1217 1220/1220/1220 1219/1219/1219
f 1217/1217/1217 1218/1218/1218 1220/1220/1220
f 1218/1218/1218 1221/1221/1221 1220/1220/1220
f 1219/1219/1219 1220/1220/1220 1222/1222/1222
f 1220/1220/1220 1223/1223/1223 1222/1222/1222
f 1220/1220/1220 1221/1221/1221 1223/1223/1223
f 1221/1221/1221 1224/1224/1224 1223/1223/1223
f 1222/1222/1222 1223/1223/1223 1225/1225/1225
f 1223/1223/1223 1226/1226/1226 1225/1225/1225
f 1223/1223/1223 1224/1224/1224 1226/1226/1226
f 1224/1224/1224 1227/1227/1227 1226/1226/1226
f 1225/1225/1225 1226/1226/1226 1228/1228/1228
f 1226/1226/1226 1229/1229/1229 1228/1228/1228
f 1226/1226/1226 1227/1227/1227 1229/1229/1229
f 1227/1227/1227 1230/1230/1230 1229/1229/1229
f 1228/1228/1228 1229/1229/1229 1231/1231/1231
f 1229/1229/1229 1232/1232/1232 1231/1231/1231
f 1229/1229/1229 1230/1230/1230 1232/1232/1232
f 1230/1230/1230 1233/1233/1233 1232/1232/1232
f 1231/1231/1231 1232/1232/1232 1234/1234/1234
f 1232/1232/1232 1235/1235/1235 1234/1234/1234
f 1232/1232/1232 1233/1233/1233 1235/1235/1235
f 1233/1233/1233 1236/1236/1236 1235/1235/1235
f 1234/1234/1234 1235/1235/1235 1237/1237/1237
f 1235/1235/1235 1238/1238/1238 1237/1237/1237
f 1235/1235/1235 1236/1236/1236 1238/1238/1238
f 1236/1236/1236 1239/1239/1239 1238/1238/1238
f 1237/1237/1237 1238/1238/1238 1240/1240/1240
f 1238/1238/1238 1241/1241/1241 1240/1240/1240
f 1238/1238/1238 1239/1239/1239 1241/1241/1241
f 1239/1239/1239 1242/1242/1242 1241/1241/1241
f 1240/1240/1240 1241/1241/1241 1243/1243/1243
f 1241/1241/1241 1244/1244/1244 1243/1243/1243
f 1241/1241/1241 1242/1242/1242 1244/1244/1244
f 1242/1242/1242 1245/1245/1245 1244/1244/1244
f 1243/1243/1243 1244/1244/1244 1246/1246/1246
f 1244/1244/1244 1247/1247/1247 1246/1246/1246
f 1244/1244/1244 1245/1245/1245 1247/1247/1247
f 1245/1245/1245 1248/1248/1248 1247/1247/1247
f 1249/1249/1249 1250/1250/1250 1252/1252/1252
f 1250/1250/1250 1253/1253/1253 1252/1252/1252
f 1250/1250/1250 1251/1251/1251 1253/1253/1253
f 1251/1251/1251 1254/1254/1254 1253/1253/1253
f 1252/1252/1252 1253/1253/1253 1255/1255/1255
f 1253/1253/1253 1256/1256/1256 1255/1255/1255
f 1253/1253/1253 1254/1254/1254 1256/1256/1256
f 1254/1254/1254 1257/1257/1257 1256/1256/1256
f 1255/1255/1255 1256/1256/1256 1258/1258/1258
f 1256/1256/1256 1259/1259/1259 1258/1258/1258
f 1256/1256/1256 1257/1257/1257 1259/1259/1259
f 1257/1257/1257 1260/1260/1260 1259/1259/1259
f 1258/1258/1258 1259/1259/1259 1261/1261/1261
f 1259/1259/1259 1262/1262/1262 1261/1261/1261
f 1259/1259/1259 1260/1260/1260 1262/1262/1262
f 1260/1260/1260 1263/1263/1263 1262/1262/1262
f 1261/1261/1261 1262/1262/1262 1264/1264/1264
f 1262/1262/1262 1265/1265/1265 1264/1264/1264
f 1262/1262/1262 1263/1263/1263 1265/1265/1265
f 1263/1263/1263 1266/1266/1266 1265/1265/1265
f 1264/1264/1264 1265/1265/1265 1267/1267/1267
f 1265/1265/1265 1268/1268/1268 1267/1267/1267
f 1265/1265/1265 1266/1266/1266 1268/1268/1268
f 1266/1266/1266 1269/1269/1269 1268/1268/1268
f 1267/1267/1267 1268/1268/1268 1270/1270/1270
f 1268/1268/1268 1271/1271/1271 1270/1270/1270
f 1268/1268/1268 1269/1269/1269 1271/1271/1271
f 1269/1269/1269 1272/1272/1272 1271/1271/1271
f 1270/1270/1270 1271/1271/1271 1273/1273/1273
f 1271/1271/1271 1274/1274/1274 1273/1273/1273
f 1271/1271/1271 1272/1272/1272 1274/1274/1274
f 1272/1272/1272 1275/1275/1275 1274/1274/1274
f 1273/1273/1273 1274/1274/1274 1276/1276/1276
f 1274/1274/1274 1277/1277/1277 1276/1276/1276
f 1274/1274/1274 1275/1275/1275 1277/1277/1277
f 1275/1275/1275 1278/1278/1278 1277/1277/1277
f 1276/1276/1276 1277/1277/1277 1279/1279/1279
f 1277/1277/1277 1280/1280/1280 1279/1279/1279
f 1277/1277/1277 1278/1278/1278 1280/1280/1280
f 1278/1278/1278 1281/1281/1281 1280/1280/1280
f 1279/1279/1279 1280/1280/1280 1282/1282/1282
f 1280/1280/1280 1283/1283/1283 1282/1282/1282
f 1280/1280/1280 1281/1281/1281 1283/1283/1283
f 1281/1281/1281 1284/1284/1284 1283/1283/1283
f 1282/1282/1282 1283/1283/1283 1285/1285/1285
f 1283/1283/1283 1286/1286/1286 1285/1285/1285
f 1283/1283/1283 1284/1284/1284 1286/1286/1286
f 1284/1284/1284 1287/1287/1287 1286/1286/1286
f 1288/1288/1288 1289/1289/1289 1291/1291/1291
f 1289/1289/1289 1292/1292/1292 1291/1291/1291
f 1289/1289/1289 1290/1290/1290 1292/1292/1292
f 1290/1290/1290 1293/1293/1293 1292/1292/1292
f 1291/1291/1291 1292/1292/1292 1294/1294/1294
f 1292/1292/1292 1295/1295/1295 1294/1294/1294
f 1292/1292/1292 1293/1293/1293 1295/1295/1295
f 1293/1293/1293 1296/1296/1296 1295/1295/1295
f 1294/1294/1294 1295/1295/1295 1297/1297/1297
f 1295/1295/1295 1298/1298/1298 1297/1297/1297
f 1295/1295/1295 1296/1296/1296 1298/1298/1298
f 1296/1296/1296 1299/1299/1299 1298/1298/1298
f 1297/1297/1297 1298/1298/1298 1300/1300/1300
f 1298/1298/1298 1301/1301/1301 1300/1300/1300
f 1298/1298/1298 1299/1299/1299 1301/1301/1301
f 1299/1299/1299 1302/1302/1302 1301/1301/1301
f 1300/1300/1300 1301/1301/1301 1303/1303/1303
f 1301/1301/1301 1304/1304/1304 1303/1303/1303
f 1301/1301/1301 1302/1302/1302 1304/1304/1304
f 1302/1302/1302 1305/1305/1305 1304/1304/1304
f 1303/1303/1303 1304/1304/1304 1306/1306/1306
f 1304/1304/1304 1307/1307/1307 1306/1306/1306
f 1304/1304/1304 1305/1305/1305 1307/1307/1307
f 1305/1305/1305 1308/1308/1308 1307/1307/1307
f 1306/1306/1306 1307/1307/1307 1309/1309/1309
f 1307/1307/1307 1310/1310/1310 1309/1309/1309
f 1307/1307/1307 1308/1308/1308 1310/1310/1310
f 1308/1308/1308 1311/1311/1311 1310/1310/1310
f 1309/1309/1309 1310/1310/1310 1312/1312/1312
f 1310/1310/1310 1313/1313/1313 1312/1312/1312
f 1310/1310/1310 1311/1311/1311 1313/1313/1313
f 1311/1311/1311 1314/1314/1314 1313/1313/1313
f 1312/1312/1312 1313/1313/1313 1315/1315/1315
f 1313/1313/1313 1316/1316/1316 1315/1315/1315
f 1313/1313/1313 1314/1314/1314 1316/1316/1316
f 1314/1314/1314 1317/1317/1317 1316/1316/1316
f 1315/1315/1315 1316/1316/1316 1318/1318/1318
f 1316/1316/1316 1319/1319/1319 1318/1318/1318
f 1316/1316/1316 1317/1317/1317 1319/1319/1319
f 1317/1317/1317 1320/1320/1320 1319/1319/1319
f 1318/1318/1318 1319/1319/1319 1321/1321/1321
f 1319/1319/1319 1322/1322/1322 1321/1321/1321
f 1319/1319/1319 1320/1320/1320 1322/1322/1322
f 1320/1320/1320 1323/1323/1323 1322/1322/1322
f 1321/1321/1321 1322/1322/1322 1324/1324/1324
f 1322/1322/1322 1325/1325/1325 1324/1324/1324
f 1322/1322/1322 1323/1323/1323 1325/1325/1325
f 1323/1323/1323 1326/1326/1326 1325/1325/1325
f 1327/1327/1327 1328/1328/1328 1330/1330/1330
f 1328/1328/1328 1331/1331/1331 1330/1330/1330
f 1328/1328/1328 1329/1329/1329 1331/1331/1331
f 1329/1329/1329 1332/1332/1332 1331/1331/1331
f 1330/1330/1330 1331/1331/1331 1333/1333/1333
f 1331/1331/1331 1334/1334/1334 1333/1333/1333
f 1331/1331/1331 1332/1332/1332 1334/1334/1334
f 1332/1332/1332 1335/1335/1335 1334/1334/1334
f 1333/1333/1333 1334/1334/1334 1336/1336/1336
f 1334/1334/1334 1337/1337/1337 1336/1336/1336
f 1334/1334/1334 1335/1335/1335 1337/1337/1337
f 1335/1335/1335 1338/1338/1338 1337/1337/1337
f 1336/1336/1336 1337/1337/1337 1339/1339/1339
f 1337/1337/1337 1340/1340/1340 1339/1339/1339
f 1337/1337/1337 1338/1338/1338 1340/1340/1340
f 1338/1338/1338 1341/1341/1341 1340/1340/1340
f 1339/1339/1339 1340/1340/1340 1342/1342/1342
f 1340/1340/1340 1343/1343/1343 1342/1342/1342
f 1340/1340/1340 1341/1341/1341 1343/1343/1343
f 1341/1341/1341 1344/1344/1344 1343/1343/1343
f 1342/1342/1342 1343/1343/1343 1345/1345/1345
f 1343/1343/1343 1346/1346/1346 1345/1345/1345
f 1343/1343/1343 1344/1344/1344 1346/1346/1346
f 1344/1344/1344 1347/1347/1347 1346/1346/1346
f 1345/1345/1345 1346/1346/1346 1348/1348/1348
f 1346/1346/1346 1349/1349/1349 1348/1348/1348
f 1346/1346/1346 1347/1347/1347 1349/1349/1349
f 1347/1347/1347 1350/1350/1350 1349/1349/1349
f 1348/1348/1348 1349/1349/1349 1351/1351/1351
f 1349/1349/1349 1352/1352/1352 1351/1351/1351
f 1349/1349/1349 1350/1350/1350 1352/1352/1352
f 1350/1350/1350 1353/1353/1353 1352/1352/1352
f 1351/1351/1351 1352/1352/1352 1354/1354/1354
f 1352/1352/1352 1355/1355/1355 1354/1354/1354
f 1352/1352/1352 1353/1353/1353 1355/1355/1355
f 1353/1353/1353 1356/1356/1356 1355/1355/1355
f 1354/1354/1354 1355/1355/1355 1357/1357/1357
f 1355/1355/1355 1358/1358/1358 1357/1357/1357
f 1355/1355/1355 1356/1356/1356 1358/1358/1358
f 1356/1356/1356 1359/1359/1359 1358/1358/1358
f 1357/1357/1357 1358/1358/1358 1360/1360/1360
f 1358/1358/1358 1361/1361/1361 1360/1360/1360
f 1358/1358/1358 1359/1359/1359 1361/1361/1361
f 1359/1359/1359 1362/1362/1362 1361/1361/1361
f 1360/1360/1360 1361/1361/1361 1363/1363/1363
f 1361/1361/1361 1364/1364/1364 1363/1363/1363
f 1361/1361/1361 1362/1362/1362 1364/1364/1364
f 1362/1362/1362 1365/1365/1365 1364/1364/1364
