2026-10-07T06:20:03.4465073Z Current runner version: '2.337.0'
2026-10-07T06:20:03.4481506Z ##[group]Runner Image Provisioner
2026-10-07T06:20:03.4482069Z Hosted Compute Agent
2026-10-07T06:20:03.4482556Z Version: 20260901.588
2026-10-07T06:20:03.4483096Z Commit: f88ec8081b781fac6c440065ac7ff9e710ce3d0b
2026-10-07T06:20:03.4483883Z Build Date: 2026-09-01T19:56:44Z
2026-10-07T06:20:03.4484313Z Worker ID: {3d57697b-f053-4d7f-86eb-ced65dc6ea82}
2026-10-07T06:20:03.4484784Z Azure Region: westus3
2026-10-07T06:20:03.4485194Z ##[endgroup]
2026-10-07T06:20:03.4485973Z ##[group]Operating System
2026-10-07T06:20:03.4486380Z Ubuntu
2026-10-07T06:20:03.4486718Z 24.04.5
2026-10-07T06:20:03.4487071Z LTS
2026-10-07T06:20:03.4487457Z ##[endgroup]
2026-10-07T06:20:03.4487802Z ##[group]Runner Image
2026-10-07T06:20:03.4488201Z Image: ubuntu-24.04
2026-10-07T06:20:03.4488567Z Version: 20260927.320.1
2026-10-07T06:20:03.4489402Z Included Software: https://github.com/actions/runner-images/blob/ubuntu24/20260927.320/images/ubuntu/Ubuntu2404-Readme.md
2026-10-07T06:20:03.4490345Z Image Release: https://github.com/actions/runner-images/releases/tag/ubuntu24%2F20260927.320
2026-10-07T06:20:03.4490966Z ##[endgroup]
2026-10-07T06:20:03.4491744Z ##[group]GITHUB_TOKEN Permissions
2026-10-07T06:20:03.4493089Z Actions: read
2026-10-07T06:20:03.4493461Z Contents: read
2026-10-07T06:20:03.4493813Z Metadata: read
2026-10-07T06:20:03.4494197Z ##[endgroup]
2026-10-07T06:20:03.4495482Z Secret source: Actions
2026-10-07T06:20:03.4496125Z Cache mode: write
2026-10-07T06:20:03.4496544Z Prepare workflow directory
2026-10-07T06:20:03.4732363Z Prepare all required actions
2026-10-07T06:20:03.4763674Z Getting action download info
2026-10-07T06:20:03.7479687Z Download action repository 'actions/checkout@v4' (SHA:11d5960a326750d5838078e36cf38b85af677262)
2026-10-07T06:20:03.8479192Z Download action repository 'actions/download-artifact@v4' (SHA:d3f86a106a0bac45b974a628896c90dbdf5c8093)
2026-10-07T06:20:04.5474321Z Download action repository 'actions/upload-artifact@v4' (SHA:ea165f8d65b6e75b540449e92b4886f43607fa02)
2026-10-07T06:20:04.7448229Z Complete job name: render
2026-10-07T06:20:04.7873195Z ##[group]Run set -euo pipefail
2026-10-07T06:20:04.7873611Z [36;1mset -euo pipefail[0m
2026-10-07T06:20:04.7873936Z [36;1mfail() { echo "::error::$1"; exit 1; }[0m
2026-10-07T06:20:04.7874457Z [36;1m[[ "$CHECKOUT_REF" =~ ^[A-Za-z0-9._/-]{1,200}$ ]] || fail "checkout_ref has disallowed characters"[0m
2026-10-07T06:20:04.7875024Z [36;1m[[ "$CHECKOUT_REF" != *..* ]] || fail "checkout_ref may not contain .."[0m
2026-10-07T06:20:04.7875518Z [36;1m[[ "$CHECKOUT_REF" != -* ]] || fail "checkout_ref may not start with -"[0m
2026-10-07T06:20:04.7876093Z [36;1m[[ "$SCRIPT" =~ ^(tests|tools)/[A-Za-z0-9_/.-]+\.gd$ ]] || fail "script must be tests/*.gd or tools/*.gd"[0m
2026-10-07T06:20:04.7876632Z [36;1m[[ "$SCRIPT" != *..* ]] || fail "script may not contain .."[0m
2026-10-07T06:20:04.7877100Z [36;1m[[ "$ARGS" =~ ^[A-Za-z0-9_=,./:@+\ -]*$ ]] || fail "args has disallowed characters"[0m
2026-10-07T06:20:04.7877660Z [36;1m[[ "$RES" =~ ^[0-9]{3,4}x[0-9]{3,4}$ ]] || fail "resolution must look like 1280x720"[0m
2026-10-07T06:20:04.7878200Z [36;1m[[ "$TMIN" =~ ^[0-9]{1,3}$ ]] && (( TMIN >= 1 && TMIN <= 150 )) || fail "timeout_minutes must be 1-150"[0m
2026-10-07T06:20:04.7878760Z [36;1m[[ "$LABEL" =~ ^[A-Za-z0-9_.-]{1,60}$ ]] || fail "label must be 1-60 of [A-Za-z0-9_.-]"[0m
2026-10-07T06:20:04.7879289Z [36;1mif [[ -n "$SOURCE_RUN_ID" || -n "$SOURCE_ARTIFACT_NAME" ]]; then[0m
2026-10-07T06:20:04.7879925Z [36;1m  [[ "$SOURCE_RUN_ID" =~ ^[1-9][0-9]{0,19}$ ]] || fail "source_run_id must be a positive decimal run ID; supply both source inputs"[0m
2026-10-07T06:20:04.7880886Z [36;1m  [[ "$SOURCE_ARTIFACT_NAME" =~ ^[A-Za-z0-9][A-Za-z0-9_.-]{0,199}$ ]] || fail "source_artifact_name must be 1-200 of [A-Za-z0-9_.-], beginning with a letter or digit; supply both source inputs"[0m
2026-10-07T06:20:04.7881600Z [36;1mfi[0m
2026-10-07T06:20:04.7882083Z [36;1m[[ "$RENDERING_METHOD" = gl_compatibility || "$RENDERING_METHOD" = forward_plus ]] || fail "unknown rendering method"[0m
2026-10-07T06:20:04.8115446Z shell: /usr/bin/bash -e {0}
2026-10-07T06:20:04.8115878Z env:
2026-10-07T06:20:04.8116125Z   GODOT_VERSION: 4.7-stable
2026-10-07T06:20:04.8116460Z   CHECKOUT_REF: eac1175d636377922db48d8fc56377caf1c46b26
2026-10-07T06:20:04.8116848Z   SCRIPT: tests/smoke_net_f27_guest_wild_win.gd
2026-10-07T06:20:04.8117177Z   ARGS: 
2026-10-07T06:20:04.8117407Z   RES: 1280x720
2026-10-07T06:20:04.8117646Z   TMIN: 75
2026-10-07T06:20:04.8117932Z   LABEL: r1-first-rejoin-main568-eac117-canonical-on
2026-10-07T06:20:04.8118277Z   SOURCE_RUN_ID: 
2026-10-07T06:20:04.8118538Z   SOURCE_ARTIFACT_NAME: 
2026-10-07T06:20:04.8118832Z   RENDERING_METHOD: gl_compatibility
2026-10-07T06:20:04.8119132Z ##[endgroup]
2026-10-07T06:20:04.8369881Z ##[group]Run actions/checkout@v4
2026-10-07T06:20:04.8370207Z with:
2026-10-07T06:20:04.8370586Z   ref: eac1175d636377922db48d8fc56377caf1c46b26
2026-10-07T06:20:04.8370918Z   filter: blob:none
2026-10-07T06:20:04.8371210Z   sparse-checkout-cone-mode: false
2026-10-07T06:20:04.8371610Z   sparse-checkout: /*
!/ralph/
!/docs/
!/shots/
!/assets_raw/
!/archive/

2026-10-07T06:20:04.8372041Z   repository: MJohnsonWellabe/Tetherbound
2026-10-07T06:20:04.8374429Z   token: ***
2026-10-07T06:20:04.8374670Z   ssh-strict: true
2026-10-07T06:20:04.8374916Z   ssh-user: git
2026-10-07T06:20:04.8375173Z   persist-credentials: true
2026-10-07T06:20:04.8375448Z   clean: true
2026-10-07T06:20:04.8375686Z   fetch-depth: 1
2026-10-07T06:20:04.8375930Z   fetch-tags: false
2026-10-07T06:20:04.8376181Z   show-progress: true
2026-10-07T06:20:04.8376432Z   lfs: false
2026-10-07T06:20:04.8376667Z   submodules: false
2026-10-07T06:20:04.8376921Z   set-safe-directory: true
2026-10-07T06:20:04.8377234Z   allow-unsafe-pr-checkout: false
2026-10-07T06:20:04.8377524Z env:
2026-10-07T06:20:04.8377759Z   GODOT_VERSION: 4.7-stable
2026-10-07T06:20:04.8378027Z ##[endgroup]
2026-10-07T06:20:04.9038608Z Syncing repository: MJohnsonWellabe/Tetherbound
2026-10-07T06:20:04.9040420Z ##[group]Getting Git version info
2026-10-07T06:20:04.9041154Z Working directory is '/home/runner/work/Tetherbound/Tetherbound'
2026-10-07T06:20:04.9042129Z [command]/usr/bin/git version
2026-10-07T06:20:04.9117895Z git version 2.55.0
2026-10-07T06:20:04.9132358Z ##[endgroup]
2026-10-07T06:20:04.9144896Z Temporarily overriding HOME='/home/runner/work/_temp/faa5964c-6b02-4f46-b1ab-6871adbcabab' before making global git config changes
2026-10-07T06:20:04.9145770Z Adding repository directory to the temporary git global config as a safe directory
2026-10-07T06:20:04.9149585Z [command]/usr/bin/git config --global --add safe.directory /home/runner/work/Tetherbound/Tetherbound
2026-10-07T06:20:04.9198691Z Deleting the contents of '/home/runner/work/Tetherbound/Tetherbound'
2026-10-07T06:20:04.9201465Z ##[group]Initializing the repository
2026-10-07T06:20:04.9204213Z [command]/usr/bin/git init /home/runner/work/Tetherbound/Tetherbound
2026-10-07T06:20:04.9291553Z hint: Using 'master' as the name for the initial branch. This default branch name
2026-10-07T06:20:04.9292490Z hint: will change to "main" in Git 3.0. To configure the initial branch name
2026-10-07T06:20:04.9293460Z hint: to use in all of your new repositories, which will suppress this warning,
2026-10-07T06:20:04.9294118Z hint: call:
2026-10-07T06:20:04.9294471Z hint:
2026-10-07T06:20:04.9294945Z hint: 	git config --global init.defaultBranch <name>
2026-10-07T06:20:04.9295500Z hint:
2026-10-07T06:20:04.9296014Z hint: Names commonly chosen instead of 'master' are 'main', 'trunk' and
2026-10-07T06:20:04.9296861Z hint: 'development'. The just-created branch can be renamed via this command:
2026-10-07T06:20:04.9297542Z hint:
2026-10-07T06:20:04.9297910Z hint: 	git branch -m <name>
2026-10-07T06:20:04.9298342Z hint:
2026-10-07T06:20:04.9298913Z hint: Disable this message with "git config set advice.defaultBranchName false"
2026-10-07T06:20:04.9299884Z Initialized empty Git repository in /home/runner/work/Tetherbound/Tetherbound/.git/
2026-10-07T06:20:04.9302591Z [command]/usr/bin/git remote add origin https://github.com/MJohnsonWellabe/Tetherbound
2026-10-07T06:20:04.9345635Z ##[endgroup]
2026-10-07T06:20:04.9346309Z ##[group]Disabling automatic garbage collection
2026-10-07T06:20:04.9348040Z [command]/usr/bin/git config --local gc.auto 0
2026-10-07T06:20:04.9377555Z ##[endgroup]
2026-10-07T06:20:04.9378192Z ##[group]Setting up auth
2026-10-07T06:20:04.9382293Z [command]/usr/bin/git config --local --name-only --get-regexp core\.sshCommand
2026-10-07T06:20:04.9412715Z [command]/usr/bin/git submodule foreach --recursive sh -c "git config --local --name-only --get-regexp 'core\.sshCommand' && git config --local --unset-all 'core.sshCommand' || :"
2026-10-07T06:20:04.9733663Z [command]/usr/bin/git config --local --name-only --get-regexp http\.https\:\/\/github\.com\/\.extraheader
2026-10-07T06:20:04.9764857Z [command]/usr/bin/git submodule foreach --recursive sh -c "git config --local --name-only --get-regexp 'http\.https\:\/\/github\.com\/\.extraheader' && git config --local --unset-all 'http.https://github.com/.extraheader' || :"
2026-10-07T06:20:04.9947417Z [command]/usr/bin/git config --local --name-only --get-regexp ^includeIf\.gitdir:
2026-10-07T06:20:04.9976267Z [command]/usr/bin/git submodule foreach --recursive git config --local --show-origin --name-only --get-regexp remote.origin.url
2026-10-07T06:20:05.0156044Z [command]/usr/bin/git config --local http.https://github.com/.extraheader AUTHORIZATION: basic ***
2026-10-07T06:20:05.0190081Z ##[endgroup]
2026-10-07T06:20:05.0190760Z ##[group]Fetching the repository
2026-10-07T06:20:05.0196316Z [command]/usr/bin/git -c protocol.version=2 fetch --no-tags --prune --no-recurse-submodules --filter=blob:none --depth=1 origin eac1175d636377922db48d8fc56377caf1c46b26
2026-10-07T06:20:05.9487297Z From https://github.com/MJohnsonWellabe/Tetherbound
2026-10-07T06:20:05.9488580Z  * branch            eac1175d636377922db48d8fc56377caf1c46b26 -> FETCH_HEAD
2026-10-07T06:20:05.9491629Z ##[endgroup]
2026-10-07T06:20:05.9492504Z ##[group]Determining the checkout info
2026-10-07T06:20:05.9493782Z ##[endgroup]
2026-10-07T06:20:05.9494745Z ##[group]Setting up sparse checkout
2026-10-07T06:20:05.9498417Z [command]/usr/bin/git config core.sparseCheckout true
2026-10-07T06:20:05.9565115Z [command]/usr/bin/git rev-parse --git-path info/sparse-checkout
2026-10-07T06:20:05.9579535Z .git/info/sparse-checkout
2026-10-07T06:20:05.9585818Z ##[endgroup]
2026-10-07T06:20:05.9586838Z ##[group]Checking out the ref
2026-10-07T06:20:05.9595246Z [command]/usr/bin/git checkout --progress --force eac1175d636377922db48d8fc56377caf1c46b26
2026-10-07T06:21:26.6138849Z Updating files:   0% (1/11516)
2026-10-07T06:21:26.6683553Z Updating files:   1% (116/11516)
2026-10-07T06:21:26.6877442Z Updating files:   2% (231/11516)
2026-10-07T06:21:26.7054247Z Updating files:   3% (346/11516)
2026-10-07T06:21:26.7117335Z Updating files:   4% (461/11516)
2026-10-07T06:21:26.7592641Z Updating files:   5% (576/11516)
2026-10-07T06:21:27.1379459Z Updating files:   6% (691/11516)
2026-10-07T06:21:27.1606865Z Updating files:   7% (807/11516)
2026-10-07T06:21:27.3806045Z Updating files:   7% (813/11516)
2026-10-07T06:21:27.6042836Z Updating files:   8% (922/11516)
2026-10-07T06:21:27.7278671Z Updating files:   9% (1037/11516)
2026-10-07T06:21:27.9164803Z Updating files:  10% (1152/11516)
2026-10-07T06:21:28.0361543Z Updating files:  11% (1267/11516)
2026-10-07T06:21:28.1633417Z Updating files:  12% (1382/11516)
2026-10-07T06:21:28.2251538Z Updating files:  12% (1464/11516)
2026-10-07T06:21:28.3649785Z Updating files:  13% (1498/11516)
2026-10-07T06:21:28.5295324Z Updating files:  14% (1613/11516)
2026-10-07T06:21:28.7997427Z Updating files:  15% (1728/11516)
2026-10-07T06:21:28.9927707Z Updating files:  16% (1843/11516)
2026-10-07T06:21:29.1441785Z Updating files:  17% (1958/11516)
2026-10-07T06:21:29.1607289Z Updating files:  18% (2073/11516)
2026-10-07T06:21:29.2671711Z Updating files:  18% (2079/11516)
2026-10-07T06:21:29.3304948Z Updating files:  19% (2189/11516)
2026-10-07T06:21:29.3483263Z Updating files:  20% (2304/11516)
2026-10-07T06:21:29.4311066Z Updating files:  21% (2419/11516)
2026-10-07T06:21:29.6680839Z Updating files:  22% (2534/11516)
2026-10-07T06:21:29.6871502Z Updating files:  23% (2649/11516)
2026-10-07T06:21:29.7495349Z Updating files:  24% (2764/11516)
2026-10-07T06:21:29.8407998Z Updating files:  25% (2879/11516)
2026-10-07T06:21:29.8492773Z Updating files:  26% (2995/11516)
2026-10-07T06:21:29.8521463Z Updating files:  27% (3110/11516)
2026-10-07T06:21:29.9328592Z Updating files:  28% (3225/11516)
2026-10-07T06:21:29.9494772Z Updating files:  29% (3340/11516)
2026-10-07T06:21:29.9562320Z Updating files:  30% (3455/11516)
2026-10-07T06:21:29.9632021Z Updating files:  31% (3570/11516)
2026-10-07T06:21:29.9695759Z Updating files:  32% (3686/11516)
2026-10-07T06:21:29.9802877Z Updating files:  33% (3801/11516)
2026-10-07T06:21:29.9885014Z Updating files:  34% (3916/11516)
2026-10-07T06:21:30.0108131Z Updating files:  35% (4031/11516)
2026-10-07T06:21:30.0483078Z Updating files:  36% (4146/11516)
2026-10-07T06:21:30.0955076Z Updating files:  37% (4261/11516)
2026-10-07T06:21:30.1044667Z Updating files:  38% (4377/11516)
2026-10-07T06:21:30.1554337Z Updating files:  39% (4492/11516)
2026-10-07T06:21:30.1565832Z Updating files:  40% (4607/11516)
2026-10-07T06:21:30.2295301Z Updating files:  40% (4610/11516)
2026-10-07T06:21:30.2550512Z Updating files:  41% (4722/11516)
2026-10-07T06:21:30.2626562Z Updating files:  42% (4837/11516)
2026-10-07T06:21:30.2681810Z Updating files:  43% (4952/11516)
2026-10-07T06:21:30.2748170Z Updating files:  44% (5068/11516)
2026-10-07T06:21:30.2805658Z Updating files:  45% (5183/11516)
2026-10-07T06:21:30.2877461Z Updating files:  46% (5298/11516)
2026-10-07T06:21:30.2941837Z Updating files:  47% (5413/11516)
2026-10-07T06:21:30.3010255Z Updating files:  48% (5528/11516)
2026-10-07T06:21:30.3081367Z Updating files:  49% (5643/11516)
2026-10-07T06:21:30.3148239Z Updating files:  50% (5758/11516)
2026-10-07T06:21:30.3220415Z Updating files:  51% (5874/11516)
2026-10-07T06:21:30.3268980Z Updating files:  52% (5989/11516)
2026-10-07T06:21:30.3521016Z Updating files:  53% (6104/11516)
2026-10-07T06:21:30.3585204Z Updating files:  54% (6219/11516)
2026-10-07T06:21:30.3653287Z Updating files:  55% (6334/11516)
2026-10-07T06:21:30.3701852Z Updating files:  56% (6449/11516)
2026-10-07T06:21:30.3753581Z Updating files:  57% (6565/11516)
2026-10-07T06:21:30.3802492Z Updating files:  58% (6680/11516)
2026-10-07T06:21:30.3853786Z Updating files:  59% (6795/11516)
2026-10-07T06:21:30.3906993Z Updating files:  60% (6910/11516)
2026-10-07T06:21:30.3966756Z Updating files:  61% (7025/11516)
2026-10-07T06:21:30.4021131Z Updating files:  62% (7140/11516)
2026-10-07T06:21:30.4077149Z Updating files:  63% (7256/11516)
2026-10-07T06:21:30.4133156Z Updating files:  64% (7371/11516)
2026-10-07T06:21:30.4179654Z Updating files:  65% (7486/11516)
2026-10-07T06:21:30.4225496Z Updating files:  66% (7601/11516)
2026-10-07T06:21:30.4276095Z Updating files:  67% (7716/11516)
2026-10-07T06:21:30.4320562Z Updating files:  68% (7831/11516)
2026-10-07T06:21:30.4365276Z Updating files:  69% (7947/11516)
2026-10-07T06:21:30.4411281Z Updating files:  70% (8062/11516)
2026-10-07T06:21:30.4455977Z Updating files:  71% (8177/11516)
2026-10-07T06:21:30.4501212Z Updating files:  72% (8292/11516)
2026-10-07T06:21:30.4544149Z Updating files:  73% (8407/11516)
2026-10-07T06:21:30.4591479Z Updating files:  74% (8522/11516)
2026-10-07T06:21:30.4631548Z Updating files:  75% (8637/11516)
2026-10-07T06:21:30.4674236Z Updating files:  76% (8753/11516)
2026-10-07T06:21:30.4722342Z Updating files:  77% (8868/11516)
2026-10-07T06:21:30.4766814Z Updating files:  78% (8983/11516)
2026-10-07T06:21:30.4809540Z Updating files:  79% (9098/11516)
2026-10-07T06:21:30.4865888Z Updating files:  80% (9213/11516)
2026-10-07T06:21:30.4911827Z Updating files:  81% (9328/11516)
2026-10-07T06:21:30.4951015Z Updating files:  82% (9444/11516)
2026-10-07T06:21:30.4994134Z Updating files:  83% (9559/11516)
2026-10-07T06:21:30.5034149Z Updating files:  84% (9674/11516)
2026-10-07T06:21:30.5075702Z Updating files:  85% (9789/11516)
2026-10-07T06:21:30.5114181Z Updating files:  86% (9904/11516)
2026-10-07T06:21:30.5155054Z Updating files:  87% (10019/11516)
2026-10-07T06:21:30.5231921Z Updating files:  88% (10135/11516)
2026-10-07T06:21:30.5296753Z Updating files:  89% (10250/11516)
2026-10-07T06:21:30.5346992Z Updating files:  90% (10365/11516)
2026-10-07T06:21:30.5395368Z Updating files:  91% (10480/11516)
2026-10-07T06:21:30.5442326Z Updating files:  92% (10595/11516)
2026-10-07T06:21:30.5496227Z Updating files:  93% (10710/11516)
2026-10-07T06:21:30.5570904Z Updating files:  94% (10826/11516)
2026-10-07T06:21:30.5658536Z Updating files:  95% (10941/11516)
2026-10-07T06:21:30.5730146Z Updating files:  96% (11056/11516)
2026-10-07T06:21:30.5774736Z Updating files:  97% (11171/11516)
2026-10-07T06:21:30.5822133Z Updating files:  98% (11286/11516)
2026-10-07T06:21:30.5870195Z Updating files:  99% (11401/11516)
2026-10-07T06:21:30.5870622Z Updating files: 100% (11516/11516)
2026-10-07T06:21:30.5871698Z Updating files: 100% (11516/11516), done.
2026-10-07T06:21:30.7158741Z Note: switching to 'eac1175d636377922db48d8fc56377caf1c46b26'.
2026-10-07T06:21:30.7158986Z 
2026-10-07T06:21:30.7159162Z You are in 'detached HEAD' state. You can look around, make experimental
2026-10-07T06:21:30.7159555Z changes and commit them, and you can discard any commits you make in this
2026-10-07T06:21:30.7159820Z state without impacting any branches by switching back to a branch.
2026-10-07T06:21:30.7159966Z 
2026-10-07T06:21:30.7160067Z If you want to create a new branch to retain commits you create, you may
2026-10-07T06:21:30.7160320Z do so (now or later) by using -c with the switch command. Example:
2026-10-07T06:21:30.7160453Z 
2026-10-07T06:21:30.7160515Z   git switch -c <new-branch-name>
2026-10-07T06:21:30.7160606Z 
2026-10-07T06:21:30.7160665Z Or undo this operation with:
2026-10-07T06:21:30.7160752Z 
2026-10-07T06:21:30.7160805Z   git switch -
2026-10-07T06:21:30.7160873Z 
2026-10-07T06:21:30.7160985Z Turn off this advice by setting config variable advice.detachedHead to false
2026-10-07T06:21:30.7161146Z 
2026-10-07T06:21:30.7161275Z HEAD is now at eac1175d test(f27): verify merged first-rejoin and tonic recovery on main568
2026-10-07T06:21:30.7428938Z ##[endgroup]
2026-10-07T06:21:30.7465545Z [command]/usr/bin/git log -1 --format=%H
2026-10-07T06:21:30.7489747Z eac1175d636377922db48d8fc56377caf1c46b26
2026-10-07T06:21:30.8266756Z ##[group]Run test -f "$SCRIPT" || { echo "::error::$SCRIPT not found on $CHECKOUT_REF"; exit 1; }
2026-10-07T06:21:30.8267090Z [36;1mtest -f "$SCRIPT" || { echo "::error::$SCRIPT not found on $CHECKOUT_REF"; exit 1; }[0m
2026-10-07T06:21:30.8321288Z shell: /usr/bin/bash -e {0}
2026-10-07T06:21:30.8321423Z env:
2026-10-07T06:21:30.8321538Z   GODOT_VERSION: 4.7-stable
2026-10-07T06:21:30.8321686Z   SCRIPT: tests/smoke_net_f27_guest_wild_win.gd
2026-10-07T06:21:30.8321877Z   CHECKOUT_REF: eac1175d636377922db48d8fc56377caf1c46b26
2026-10-07T06:21:30.8322060Z ##[endgroup]
2026-10-07T06:21:30.9572283Z Prepare all required actions
2026-10-07T06:21:30.9572625Z Getting action download info
2026-10-07T06:21:31.1832315Z Download action repository 'actions/cache@v4' (SHA:0057852bfaa89a56745cba8c7296529d2fc39830)
2026-10-07T06:21:32.0598059Z ##[group]Run ./.github/actions/setup-godot
2026-10-07T06:21:32.0598296Z env:
2026-10-07T06:21:32.0598466Z   GODOT_VERSION: 4.7-stable
2026-10-07T06:21:32.0598661Z ##[endgroup]
2026-10-07T06:21:32.0639632Z ##[start-action display=Run actions/cache@v4;id=__self.cache-godot]
2026-10-07T06:21:32.1707636Z ##[group]Run actions/cache@v4
2026-10-07T06:21:32.1707775Z with:
2026-10-07T06:21:32.1707884Z   path: ~/godot-bin
2026-10-07T06:21:32.1708007Z   key: godot-editor-4.7-stable
2026-10-07T06:21:32.1708147Z   enableCrossOsArchive: false
2026-10-07T06:21:32.1708290Z   fail-on-cache-miss: false
2026-10-07T06:21:32.1708419Z   lookup-only: false
2026-10-07T06:21:32.1708698Z   save-always: false
2026-10-07T06:21:32.1708813Z env:
2026-10-07T06:21:32.1708956Z   GODOT_VERSION: 4.7-stable
2026-10-07T06:21:32.1709081Z ##[endgroup]
2026-10-07T06:21:32.2360314Z (node:2140) [DEP0040] DeprecationWarning: The `punycode` module is deprecated. Please use a userland alternative instead.
2026-10-07T06:21:32.2360832Z (Use `node --trace-deprecation ...` to show where the warning was created)
2026-10-07T06:21:32.4606863Z Cache hit for: godot-editor-4.7-stable
2026-10-07T06:21:32.4704028Z (node:2140) [DEP0169] DeprecationWarning: `url.parse()` behavior is not standardized and prone to errors that have security implications. Use the WHATWG URL API instead. CVEs are not issued for `url.parse()` vulnerabilities.
2026-10-07T06:21:33.6817918Z Received 54525952 of 73776973 (73.9%), 52.0 MBs/sec
2026-10-07T06:21:33.7996985Z Received 73776973 of 73776973 (100.0%), 62.9 MBs/sec
2026-10-07T06:21:33.7998618Z Cache Size: ~70 MB (73776973 B)
2026-10-07T06:21:33.8075054Z [command]/usr/bin/tar -xf /home/runner/work/_temp/0f529067-d9e6-4e20-bfce-191280fce8b2/cache.tzst -P -C /home/runner/work/Tetherbound/Tetherbound --use-compress-program unzstd
2026-10-07T06:21:33.9491073Z Cache restored successfully
2026-10-07T06:21:33.9574872Z Cache restored from key: godot-editor-4.7-stable
2026-10-07T06:21:33.9687120Z ##[end-action id=__self.cache-godot;outcome=success;conclusion=success;duration_ms=1904]
2026-10-07T06:21:33.9690174Z ##[start-action display=Run set -euo pipefail;id=__self.__run]
2026-10-07T06:21:33.9694998Z ##[end-action id=__self.__run;outcome=skipped;conclusion=skipped;duration_ms=0]
2026-10-07T06:21:33.9696150Z ##[start-action display=Run echo "$HOME/godot-bin" >> "$GITHUB_PATH";id=__self.__run_2]
2026-10-07T06:21:34.0142787Z ##[group]Run echo "$HOME/godot-bin" >> "$GITHUB_PATH"
2026-10-07T06:21:34.0143263Z [36;1mecho "$HOME/godot-bin" >> "$GITHUB_PATH"[0m
2026-10-07T06:21:34.0198170Z shell: /usr/bin/bash --noprofile --norc -e -o pipefail {0}
2026-10-07T06:21:34.0198358Z env:
2026-10-07T06:21:34.0198478Z   GODOT_VERSION: 4.7-stable
2026-10-07T06:21:34.0198627Z ##[endgroup]
2026-10-07T06:21:34.1162116Z ##[end-action id=__self.__run_2;outcome=success;conclusion=success;duration_ms=146]
2026-10-07T06:21:34.1163646Z ##[start-action display=Run actions/cache@v4;id=__self.__actions_cache]
2026-10-07T06:21:35.0123324Z ##[group]Run actions/cache@v4
2026-10-07T06:21:35.0123477Z with:
2026-10-07T06:21:35.0123587Z   path: .godot
2026-10-07T06:21:35.0123805Z   key: import-4.7-stable-de0c944e157463687959d085d027731cdddfe5bc8c33adf8c370eca59e231f29
2026-10-07T06:21:35.0124065Z   restore-keys: import-4.7-stable-
2026-10-07T06:21:35.0124216Z   enableCrossOsArchive: false
2026-10-07T06:21:35.0124359Z   fail-on-cache-miss: false
2026-10-07T06:21:35.0124491Z   lookup-only: false
2026-10-07T06:21:35.0124614Z   save-always: false
2026-10-07T06:21:35.0124729Z env:
2026-10-07T06:21:35.0124837Z   GODOT_VERSION: 4.7-stable
2026-10-07T06:21:35.0124967Z ##[endgroup]
2026-10-07T06:21:35.0763897Z (node:2172) [DEP0040] DeprecationWarning: The `punycode` module is deprecated. Please use a userland alternative instead.
2026-10-07T06:21:35.0764580Z (Use `node --trace-deprecation ...` to show where the warning was created)
2026-10-07T06:21:35.2881205Z Cache hit for: import-4.7-stable-de0c944e157463687959d085d027731cdddfe5bc8c33adf8c370eca59e231f29
2026-10-07T06:21:35.2943804Z (node:2172) [DEP0169] DeprecationWarning: `url.parse()` behavior is not standardized and prone to errors that have security implications. Use the WHATWG URL API instead. CVEs are not issued for `url.parse()` vulnerabilities.
2026-10-07T06:21:36.4977084Z Received 37748736 of 1695760333 (2.2%), 36.0 MBs/sec
2026-10-07T06:21:37.4978535Z Received 205520896 of 1695760333 (12.1%), 98.0 MBs/sec
2026-10-07T06:21:38.5003978Z Received 373293056 of 1695760333 (22.0%), 118.6 MBs/sec
2026-10-07T06:21:39.4985108Z Received 536870912 of 1695760333 (31.7%), 127.9 MBs/sec
2026-10-07T06:21:40.4993704Z Received 721420288 of 1695760333 (42.5%), 137.5 MBs/sec
2026-10-07T06:21:41.4988892Z Received 918552576 of 1695760333 (54.2%), 146.0 MBs/sec
2026-10-07T06:21:42.5143417Z Received 1073741824 of 1695760333 (63.3%), 146.0 MBs/sec
2026-10-07T06:21:43.5168187Z Received 1228931072 of 1695760333 (72.5%), 146.2 MBs/sec
2026-10-07T06:21:44.5139166Z Received 1384120320 of 1695760333 (81.6%), 146.4 MBs/sec
2026-10-07T06:21:45.5138953Z Received 1535115264 of 1695760333 (90.5%), 146.2 MBs/sec
2026-10-07T06:21:46.5141443Z Received 1606418432 of 1695760333 (94.7%), 139.1 MBs/sec
2026-10-07T06:21:47.1600394Z Received 1695760333 of 1695760333 (100.0%), 138.7 MBs/sec
2026-10-07T06:21:47.1601713Z Cache Size: ~1617 MB (1695760333 B)
2026-10-07T06:21:47.1652214Z [command]/usr/bin/tar -xf /home/runner/work/_temp/b3c156f5-f592-4c6a-af3c-d5007f339167/cache.tzst -P -C /home/runner/work/Tetherbound/Tetherbound --use-compress-program unzstd
2026-10-07T06:21:53.7392668Z Cache restored successfully
2026-10-07T06:21:54.0119690Z Cache restored from key: import-4.7-stable-de0c944e157463687959d085d027731cdddfe5bc8c33adf8c370eca59e231f29
2026-10-07T06:21:54.0226404Z ##[end-action id=__self.__actions_cache;outcome=success;conclusion=success;duration_ms=19906]
2026-10-07T06:21:54.0229653Z ##[start-action display=Run godot --headless --path . --import || true;id=__self.__run_3]
2026-10-07T06:21:54.1042751Z ##[group]Run godot --headless --path . --import || true
2026-10-07T06:21:54.1043253Z [36;1mgodot --headless --path . --import || true[0m
2026-10-07T06:21:54.1104925Z shell: /usr/bin/bash --noprofile --norc -e -o pipefail {0}
2026-10-07T06:21:54.1105119Z env:
2026-10-07T06:21:54.1105234Z   GODOT_VERSION: 4.7-stable
2026-10-07T06:21:54.1105371Z ##[endgroup]
2026-10-07T06:21:54.4587629Z Godot Engine v4.7.stable.official.5b4e0cb0f - https://godotengine.org
2026-10-07T06:21:54.5158845Z 
2026-10-07T06:21:58.8273402Z [   0% ] [90m[1mfirst_scan_filesystem[22m | Started Project initialization (5 steps)[39m[0m
2026-10-07T06:21:58.8273805Z [   0% ] [90m[1mfirst_scan_filesystem[22m | Scanning file structure...[39m[0m
2026-10-07T06:21:58.8704281Z [  16% ] [90m[1mfirst_scan_filesystem[22m | Loading global class names...[39m[0m
2026-10-07T06:21:59.1704164Z [  33% ] [90m[1mfirst_scan_filesystem[22m | Verifying GDExtensions...[39m[0m
2026-10-07T06:21:59.1704513Z [  50% ] [90m[1mfirst_scan_filesystem[22m | Creating autoload scripts...[39m[0m
2026-10-07T06:22:01.9500244Z [  66% ] [90m[1mfirst_scan_filesystem[22m | Initializing plugins...[39m[0m
2026-10-07T06:22:01.9529301Z [  83% ] [90m[1mfirst_scan_filesystem[22m | Starting file scan...[39m[0m
2026-10-07T06:22:01.9532688Z [92m[ DONE ][39m [1mfirst_scan_filesystem[22m
2026-10-07T06:22:01.9533135Z [0m
2026-10-07T06:22:05.6850027Z [   0% ] [90m[1mupdate_scripts_classes[22m | Started Registering global classes... (3099 steps)[39m[0m
2026-10-07T06:22:05.6850633Z [   0% ] [90m[1mupdate_scripts_classes[22m | [39m[0m
2026-10-07T06:22:05.6850948Z [   0% ] [90m[1mupdate_scripts_classes[22m | [39m[0m
2026-10-07T06:22:05.6851360Z [   0% ] [90m[1mupdate_scripts_classes[22m | [39m[0m
2026-10-07T06:22:05.6852143Z [   0% ] [90m[1mupdate_scripts_classes[22m | [39m[0m
2026-10-07T06:22:05.6852473Z [   0% ] [90m[1mupdate_scripts_classes[22m | [39m[0m
2026-10-07T06:22:05.6852795Z [   0% ] [90m[1mupdate_scripts_classes[22m | [39m[0m
2026-10-07T06:22:05.6853212Z [   0% ] [90m[1mupdate_scripts_classes[22m | [39m[0m
2026-10-07T06:22:05.6853468Z [   0% ] [90m[1mupdate_scripts_classes[22m | [39m[0m
2026-10-07T06:22:05.6853696Z [   0% ] [90m[1mupdate_scripts_classes[22m | DoubleSlider[39m[0m
2026-10-07T06:22:05.6853917Z [   0% ] [90m[1mupdate_scripts_classes[22m | [39m[0m
2026-10-07T06:22:05.6854115Z [   0% ] [90m[1mupdate_scripts_classes[22m | [39m[0m
2026-10-07T06:22:05.6854310Z [   0% ] [90m[1mupdate_scripts_classes[22m | [39m[0m
2026-10-07T06:22:05.6854509Z [   0% ] [90m[1mupdate_scripts_classes[22m | [39m[0m
2026-10-07T06:22:05.6854706Z [   0% ] [90m[1mupdate_scripts_classes[22m | [39m[0m
2026-10-07T06:22:05.6854909Z [   0% ] [90m[1mupdate_scripts_classes[22m | [39m[0m
2026-10-07T06:22:05.6855262Z [   0% ] [90m[1mupdate_scripts_classes[22m | [39m[0m
2026-10-07T06:22:05.6855461Z [   0% ] [90m[1mupdate_scripts_classes[22m | [39m[0m
2026-10-07T06:22:05.6857963Z [   0% ] [90m[1mupdate_scripts_classes[22m | [39m[0m
2026-10-07T06:22:05.6858295Z [   0% ] [90m[1mupdate_scripts_classes[22m | [39m[0m
2026-10-07T06:22:05.6858720Z [   0% ] [90m[1mupdate_scripts_classes[22m | Terrain3DObjects[39m[0m
2026-10-07T06:22:05.6859173Z [   0% ] [90m[1mupdate_scripts_classes[22m | [39m[0m
2026-10-07T06:22:05.6859534Z [   0% ] [90m[1mupdate_scripts_classes[22m | [39m[0m
2026-10-07T06:22:05.6859888Z [   0% ] [90m[1mupdate_scripts_classes[22m | [39m[0m
2026-10-07T06:22:05.6860230Z [   0% ] [90m[1mupdate_scripts_classes[22m | [39m[0m
2026-10-07T06:22:05.6860532Z [   0% ] [90m[1mupdate_scripts_classes[22m | [39m[0m
2026-10-07T06:22:05.6860841Z [   0% ] [90m[1mupdate_scripts_classes[22m | [39m[0m
2026-10-07T06:22:05.6861179Z [   0% ] [90m[1mupdate_scripts_classes[22m | [39m[0m
2026-10-07T06:22:05.6861485Z [   0% ] [90m[1mupdate_scripts_classes[22m | [39m[0m
2026-10-07T06:22:05.6861796Z [   0% ] [90m[1mupdate_scripts_classes[22m | [39m[0m
2026-10-07T06:22:05.6862108Z [   0% ] [90m[1mupdate_scripts_classes[22m | [39m[0m
2026-10-07T06:22:05.6862420Z [   0% ] [90m[1mupdate_scripts_classes[22m | [39m[0m
2026-10-07T06:22:05.6862790Z [   1% ] [90m[1mupdate_scripts_classes[22m | AudioManager[39m[0m
2026-10-07T06:22:05.6863250Z [   1% ] [90m[1mupdate_scripts_classes[22m | [39m[0m
2026-10-07T06:22:05.6863561Z [   1% ] [90m[1mupdate_scripts_classes[22m | [39m[0m
2026-10-07T06:22:05.6863866Z [   1% ] [90m[1mupdate_scripts_classes[22m | [39m[0m
2026-10-07T06:22:05.6864176Z [   1% ] [90m[1mupdate_scripts_classes[22m | [39m[0m
2026-10-07T06:22:05.6864482Z [   1% ] [90m[1mupdate_scripts_classes[22m | [39m[0m
2026-10-07T06:22:05.6864789Z [   1% ] [90m[1mupdate_scripts_classes[22m | [39m[0m
2026-10-07T06:22:05.6865113Z [   1% ] [90m[1mupdate_scripts_classes[22m | [39m[0m
2026-10-07T06:22:05.6865421Z [   1% ] [90m[1mupdate_scripts_classes[22m | [39m[0m
2026-10-07T06:22:05.6865732Z [   1% ] [90m[1mupdate_scripts_classes[22m | [39m[0m
2026-10-07T06:22:05.6866040Z [   1% ] [90m[1mupdate_scripts_classes[22m | [39m[0m
2026-10-07T06:22:05.6866345Z [   1% ] [90m[1mupdate_scripts_classes[22m | [39m[0m
2026-10-07T06:22:05.6866654Z [   1% ] [90m[1mupdate_scripts_classes[22m | [39m[0m
2026-10-07T06:22:05.6866980Z [   1% ] [90m[1mupdate_scripts_classes[22m | [39m[0m
2026-10-07T06:22:05.6867287Z [   1% ] [90m[1mupdate_scripts_classes[22m | [39m[0m
2026-10-07T06:22:05.6867596Z [   1% ] [90m[1mupdate_scripts_classes[22m | [39m[0m
2026-10-07T06:22:05.6867902Z [   1% ] [90m[1mupdate_scripts_classes[22m | [39m[0m
2026-10-07T06:22:05.6868213Z [   1% ] [90m[1mupdate_scripts_classes[22m | [39m[0m
2026-10-07T06:22:05.6868519Z [   1% ] [90m[1mupdate_scripts_classes[22m | [39m[0m
2026-10-07T06:22:05.6869040Z [   1% ] [90m[1mupdate_scripts_classes[22m | [39m[0m
2026-10-07T06:22:05.6869345Z [   1% ] [90m[1mupdate_scripts_classes[22m | [39m[0m
2026-10-07T06:22:05.6869650Z [   1% ] [90m[1mupdate_scripts_classes[22m | [39m[0m
2026-10-07T06:22:05.6869961Z [   1% ] [90m[1mupdate_scripts_classes[22m | [39m[0m
2026-10-07T06:22:05.6870266Z [   1% ] [90m[1mupdate_scripts_classes[22m | [39m[0m
2026-10-07T06:22:05.6870575Z [   1% ] [90m[1mupdate_scripts_classes[22m | [39m[0m
2026-10-07T06:22:05.6870828Z [   1% ] [90m[1mupdate_scripts_classes[22m | [39m[0m
2026-10-07T06:22:05.6871086Z [   1% ] [90m[1mupdate_scripts_classes[22m | [39m[0m
2026-10-07T06:22:05.6871416Z [   1% ] [90m[1mupdate_scripts_classes[22m | [39m[0m
2026-10-07T06:22:05.6871753Z [   1% ] [90m[1mupdate_scripts_classes[22m | [39m[0m
2026-10-07T06:22:05.6872111Z [   1% ] [90m[1mupdate_scripts_classes[22m | [39m[0m
2026-10-07T06:22:05.6872636Z [   1% ] [90m[1mupdate_scripts_classes[22m | [39m[0m
2026-10-07T06:22:05.6873120Z [   2% ] [90m[1mupdate_scripts_classes[22m | [39m[0m
2026-10-07T06:22:05.6873466Z [   2% ] [90m[1mupdate_scripts_classes[22m | [39m[0m
2026-10-07T06:22:05.6873985Z [   2% ] [90m[1mupdate_scripts_classes[22m | [39m[0m
2026-10-07T06:22:05.6874393Z [   2% ] [90m[1mupdate_scripts_classes[22m | [39m[0m
2026-10-07T06:22:05.6874751Z [   2% ] [90m[1mupdate_scripts_classes[22m | [39m[0m
2026-10-07T06:22:05.6875108Z [   2% ] [90m[1mupdate_scripts_classes[22m | [39m[0m
2026-10-07T06:22:05.6875448Z [   2% ] [90m[1mupdate_scripts_classes[22m | [39m[0m
2026-10-07T06:22:05.6875806Z [   2% ] [90m[1mupdate_scripts_classes[22m | [39m[0m
2026-10-07T06:22:05.6876143Z [   2% ] [90m[1mupdate_scripts_classes[22m | [39m[0m
2026-10-07T06:22:05.6876475Z [   2% ] [90m[1mupdate_scripts_classes[22m | [39m[0m
2026-10-07T06:22:05.6876796Z [   2% ] [90m[1mupdate_scripts_classes[22m | [39m[0m
2026-10-07T06:22:05.6877148Z [   2% ] [90m[1mupdate_scripts_classes[22m | [39m[0m
2026-10-07T06:22:05.6877484Z [   2% ] [90m[1mupdate_scripts_classes[22m | [39m[0m
2026-10-07T06:22:05.6877843Z [   2% ] [90m[1mupdate_scripts_classes[22m | [39m[0m
2026-10-07T06:22:05.6878194Z [   2% ] [90m[1mupdate_scripts_classes[22m | [39m[0m
2026-10-07T06:22:05.6878546Z [   2% ] [90m[1mupdate_scripts_classes[22m | [39m[0m
2026-10-07T06:22:05.6878894Z [   2% ] [90m[1mupdate_scripts_classes[22m | [39m[0m
2026-10-07T06:22:05.6879367Z [   2% ] [90m[1mupdate_scripts_classes[22m | [39m[0m
2026-10-07T06:22:05.6879664Z [   2% ] [90m[1mupdate_scripts_classes[22m | [39m[0m
2026-10-07T06:22:05.6879981Z [   2% ] [90m[1mupdate_scripts_classes[22m | [39m[0m
2026-10-07T06:22:05.6880289Z [   2% ] [90m[1mupdate_scripts_classes[22m | [39m[0m
2026-10-07T06:22:05.6880596Z [   2% ] [90m[1mupdate_scripts_classes[22m | [39m[0m
2026-10-07T06:22:05.6880904Z [   2% ] [90m[1mupdate_scripts_classes[22m | [39m[0m
2026-10-07T06:22:05.6881223Z [   2% ] [90m[1mupdate_scripts_classes[22m | [39m[0m
2026-10-07T06:22:05.6881425Z [   2% ] [90m[1mupdate_scripts_classes[22m | [39m[0m
2026-10-07T06:22:05.6881620Z [   2% ] [90m[1mupdate_scripts_classes[22m | [39m[0m
2026-10-07T06:22:05.6881817Z [   2% ] [90m[1mupdate_scripts_classes[22m | [39m[0m
2026-10-07T06:22:05.6882012Z [   2% ] [90m[1mupdate_scripts_classes[22m | [39m[0m
2026-10-07T06:22:05.6882207Z [   2% ] [90m[1mupdate_scripts_classes[22m | [39m[0m
2026-10-07T06:22:05.6882403Z [   2% ] [90m[1mupdate_scripts_classes[22m | [39m[0m
2026-10-07T06:22:05.6882598Z [   2% ] [90m[1mupdate_scripts_classes[22m | [39m[0m
2026-10-07T06:22:05.6882794Z [   3% ] [90m[1mupdate_scripts_classes[22m | [39m[0m
2026-10-07T06:22:05.6883179Z [   3% ] [90m[1mupdate_scripts_classes[22m | [39m[0m
2026-10-07T06:22:05.6883435Z [   3% ] [90m[1mupdate_scripts_classes[22m | [39m[0m
2026-10-07T06:22:05.6883767Z [   3% ] [90m[1mupdate_scripts_classes[22m | [39m[0m
2026-10-07T06:22:05.6884323Z [   3% ] [90m[1mupdate_scripts_classes[22m | [39m[0m
2026-10-07T06:22:05.6884686Z [   3% ] [90m[1mupdate_scripts_classes[22m | [39m[0m
2026-10-07T06:22:05.6885046Z [   3% ] [90m[1mupdate_scripts_classes[22m | [39m[0m
2026-10-07T06:22:05.6885404Z [   3% ] [90m[1mupdate_scripts_classes[22m | [39m[0m
2026-10-07T06:22:05.6885772Z [   3% ] [90m[1mupdate_scripts_classes[22m | [39m[0m
2026-10-07T06:22:05.6886132Z [   3% ] [90m[1mupdate_scripts_classes[22m | [39m[0m
2026-10-07T06:22:05.6886490Z [   3% ] [90m[1mupdate_scripts_classes[22m | [39m[0m
2026-10-07T06:22:05.6886851Z [   3% ] [90m[1mupdate_scripts_classes[22m | [39m[0m
2026-10-07T06:22:05.6887191Z [   3% ] [90m[1mupdate_scripts_classes[22m | [39m[0m
2026-10-07T06:22:05.6887534Z [   3% ] [90m[1mupdate_scripts_classes[22m | [39m[0m
2026-10-07T06:22:05.6887895Z [   3% ] [90m[1mupdate_scripts_classes[22m | [39m[0m
2026-10-07T06:22:05.6888406Z [   3% ] [90m[1mupdate_scripts_classes[22m | [39m[0m
2026-10-07T06:22:05.6888766Z [   3% ] [90m[1mupdate_scripts_classes[22m | [39m[0m
2026-10-07T06:22:05.6889124Z [   3% ] [90m[1mupdate_scripts_classes[22m | [39m[0m
2026-10-07T06:22:05.6889464Z [   3% ] [90m[1mupdate_scripts_classes[22m | [39m[0m
2026-10-07T06:22:05.6889822Z [   3% ] [90m[1mupdate_scripts_classes[22m | [39m[0m
2026-10-07T06:22:05.6890174Z [   3% ] [90m[1mupdate_scripts_classes[22m | [39m[0m
2026-10-07T06:22:05.6890505Z [   3% ] [90m[1mupdate_scripts_classes[22m | [39m[0m
2026-10-07T06:22:05.6890869Z [   3% ] [90m[1mupdate_scripts_classes[22m | [39m[0m
2026-10-07T06:22:05.6891211Z [   3% ] [90m[1mupdate_scripts_classes[22m | [39m[0m
2026-10-07T06:22:05.6891556Z [   3% ] [90m[1mupdate_scripts_classes[22m | [39m[0m
2026-10-07T06:22:05.6891905Z [   3% ] [90m[1mupdate_scripts_classes[22m | [39m[0m
2026-10-07T06:22:05.6892265Z [   3% ] [90m[1mupdate_scripts_classes[22m | [39m[0m
2026-10-07T06:22:05.6892628Z [   3% ] [90m[1mupdate_scripts_classes[22m | [39m[0m
2026-10-07T06:22:05.6893081Z [   3% ] [90m[1mupdate_scripts_classes[22m | [39m[0m
2026-10-07T06:22:05.6893434Z [   3% ] [90m[1mupdate_scripts_classes[22m | [39m[0m
2026-10-07T06:22:05.6893797Z [   3% ] [90m[1mupdate_scripts_classes[22m | [39m[0m
2026-10-07T06:22:05.6894102Z [   4% ] [90m[1mupdate_scripts_classes[22m | [39m[0m
2026-10-07T06:22:05.6894299Z [   4% ] [90m[1mupdate_scripts_classes[22m | [39m[0m
2026-10-07T06:22:05.6894496Z [   4% ] [90m[1mupdate_scripts_classes[22m | [39m[0m
2026-10-07T06:22:05.6894691Z [   4% ] [90m[1mupdate_scripts_classes[22m | [39m[0m
2026-10-07T06:22:05.6894888Z [   4% ] [90m[1mupdate_scripts_classes[22m | [39m[0m
2026-10-07T06:22:05.6895085Z [   4% ] [90m[1mupdate_scripts_classes[22m | [39m[0m
2026-10-07T06:22:05.6895470Z [   4% ] [90m[1mupdate_scripts_classes[22m | [39m[0m
2026-10-07T06:22:05.6895826Z [   4% ] [90m[1mupdate_scripts_classes[22m | [39m[0m
2026-10-07T06:22:05.6896174Z [   4% ] [90m[1mupdate_scripts_classes[22m | [39m[0m
2026-10-07T06:22:05.6896540Z [   4% ] [90m[1mupdate_scripts_classes[22m | [39m[0m
2026-10-07T06:22:05.6896880Z [   4% ] [90m[1mupdate_scripts_classes[22m | [39m[0m
2026-10-07T06:22:05.6897239Z [   4% ] [90m[1mupdate_scripts_classes[22m | [39m[0m
2026-10-07T06:22:05.6897620Z [   4% ] [90m[1mupdate_scripts_classes[22m | [39m[0m
2026-10-07T06:22:05.6897994Z [   4% ] [90m[1mupdate_scripts_classes[22m | [39m[0m
2026-10-07T06:22:05.6898368Z [   4% ] [90m[1mupdate_scripts_classes[22m | [39m[0m
2026-10-07T06:22:05.6898735Z [   4% ] [90m[1mupdate_scripts_classes[22m | [39m[0m
2026-10-07T06:22:05.6899124Z [   4% ] [90m[1mupdate_scripts_classes[22m | [39m[0m
2026-10-07T06:22:05.6899489Z [   4% ] [90m[1mupdate_scripts_classes[22m | [39m[0m
2026-10-07T06:22:05.6899864Z [   4% ] [90m[1mupdate_scripts_classes[22m | [39m[0m
2026-10-07T06:22:05.6900227Z [   4% ] [90m[1mupdate_scripts_classes[22m | [39m[0m
2026-10-07T06:22:05.6900762Z [   4% ] [90m[1mupdate_scripts_classes[22m | [39m[0m
2026-10-07T06:22:05.6901119Z [   4% ] [90m[1mupdate_scripts_classes[22m | [39m[0m
2026-10-07T06:22:05.6901495Z [   4% ] [90m[1mupdate_scripts_classes[22m | [39m[0m
2026-10-07T06:22:05.6901861Z [   4% ] [90m[1mupdate_scripts_classes[22m | [39m[0m
2026-10-07T06:22:05.6902237Z [   4% ] [90m[1mupdate_scripts_classes[22m | [39m[0m
2026-10-07T06:22:05.6902585Z [   4% ] [90m[1mupdate_scripts_classes[22m | [39m[0m
2026-10-07T06:22:05.6903044Z [   4% ] [90m[1mupdate_scripts_classes[22m | [39m[0m
2026-10-07T06:22:05.6903411Z [   4% ] [90m[1mupdate_scripts_classes[22m | [39m[0m
2026-10-07T06:22:05.6903776Z [   4% ] [90m[1mupdate_scripts_classes[22m | [39m[0m
2026-10-07T06:22:05.6904146Z [   4% ] [90m[1mupdate_scripts_classes[22m | [39m[0m
2026-10-07T06:22:05.6904510Z [   4% ] [90m[1mupdate_scripts_classes[22m | [39m[0m
2026-10-07T06:22:05.6905072Z [   5% ] [90m[1mupdate_scripts_classes[22m | [39m[0m
2026-10-07T06:22:05.6905437Z [   5% ] [90m[1mupdate_scripts_classes[22m | [39m[0m
2026-10-07T06:22:05.6905797Z [   5% ] [90m[1mupdate_scripts_classes[22m | [39m[0m
2026-10-07T06:22:05.6906167Z [   5% ] [90m[1mupdate_scripts_classes[22m | [39m[0m
2026-10-07T06:22:05.6906530Z [   5% ] [90m[1mupdate_scripts_classes[22m | [39m[0m
2026-10-07T06:22:05.6906886Z [   5% ] [90m[1mupdate_scripts_classes[22m | [39m[0m
2026-10-07T06:22:05.6907257Z [   5% ] [90m[1mupdate_scripts_classes[22m | [39m[0m
2026-10-07T06:22:05.6907606Z [   5% ] [90m[1mupdate_scripts_classes[22m | [39m[0m
2026-10-07T06:22:05.6907969Z [   5% ] [90m[1mupdate_scripts_classes[22m | [39m[0m
2026-10-07T06:22:05.6908351Z [   5% ] [90m[1mupdate_scripts_classes[22m | [39m[0m
2026-10-07T06:22:05.6908730Z [   5% ] [90m[1mupdate_scripts_classes[22m | [39m[0m
2026-10-07T06:22:05.6909108Z [   5% ] [90m[1mupdate_scripts_classes[22m | [39m[0m
2026-10-07T06:22:05.6909474Z [   5% ] [90m[1mupdate_scripts_classes[22m | [39m[0m
2026-10-07T06:22:05.6909845Z [   5% ] [90m[1mupdate_scripts_classes[22m | [39m[0m
2026-10-07T06:22:05.6910224Z [   5% ] [90m[1mupdate_scripts_classes[22m | [39m[0m
2026-10-07T06:22:05.6910582Z [   5% ] [90m[1mupdate_scripts_classes[22m | [39m[0m
2026-10-07T06:22:05.6910945Z [   5% ] [90m[1mupdate_scripts_classes[22m | [39m[0m
2026-10-07T06:22:05.6911300Z [   5% ] [90m[1mupdate_scripts_classes[22m | [39m[0m
2026-10-07T06:22:05.6911671Z [   5% ] [90m[1mupdate_scripts_classes[22m | [39m[0m
2026-10-07T06:22:05.6912032Z [   5% ] [90m[1mupdate_scripts_classes[22m | [39m[0m
2026-10-07T06:22:05.6912400Z [   5% ] [90m[1mupdate_scripts_classes[22m | [39m[0m
2026-10-07T06:22:05.6912782Z [   5% ] [90m[1mupdate_scripts_classes[22m | [39m[0m
2026-10-07T06:22:05.6913353Z [   5% ] [90m[1mupdate_scripts_classes[22m | [39m[0m
2026-10-07T06:22:05.6913709Z [   5% ] [90m[1mupdate_scripts_classes[22m | [39m[0m
2026-10-07T06:22:05.6914099Z [   5% ] [90m[1mupdate_scripts_classes[22m | [39m[0m
2026-10-07T06:22:05.6914460Z [   5% ] [90m[1mupdate_scripts_classes[22m | [39m[0m
2026-10-07T06:22:05.6914822Z [   5% ] [90m[1mupdate_scripts_classes[22m | [39m[0m
2026-10-07T06:22:05.6915196Z [   5% ] [90m[1mupdate_scripts_classes[22m | [39m[0m
2026-10-07T06:22:05.6915558Z [   5% ] [90m[1mupdate_scripts_classes[22m | [39m[0m
2026-10-07T06:22:05.6915846Z [   5% ] [90m[1mupdate_scripts_classes[22m | [39m[0m
2026-10-07T06:22:05.6916044Z [   5% ] [90m[1mupdate_scripts_classes[22m | [39m[0m
2026-10-07T06:22:05.6916242Z [   6% ] [90m[1mupdate_scripts_classes[22m | [39m[0m
2026-10-07T06:22:05.6916439Z [   6% ] [90m[1mupdate_scripts_classes[22m | [39m[0m
2026-10-07T06:22:05.6916635Z [   6% ] [90m[1mupdate_scripts_classes[22m | [39m[0m
2026-10-07T06:22:05.6917010Z [   6% ] [90m[1mupdate_scripts_classes[22m | [39m[0m
2026-10-07T06:22:05.6917365Z [   6% ] [90m[1mupdate_scripts_classes[22m | [39m[0m
2026-10-07T06:22:05.6917843Z [   6% ] [90m[1mupdate_scripts_classes[22m | [39m[0m
2026-10-07T06:22:05.6918166Z [   6% ] [90m[1mupdate_scripts_classes[22m | [39m[0m
2026-10-07T06:22:05.6918475Z [   6% ] [90m[1mupdate_scripts_classes[22m | [39m[0m
2026-10-07T06:22:05.6918784Z [   6% ] [90m[1mupdate_scripts_classes[22m | [39m[0m
2026-10-07T06:22:05.6919098Z [   6% ] [90m[1mupdate_scripts_classes[22m | [39m[0m
2026-10-07T06:22:05.6919417Z [   6% ] [90m[1mupdate_scripts_classes[22m | [39m[0m
2026-10-07T06:22:05.6919781Z [   6% ] [90m[1mupdate_scripts_classes[22m | [39m[0m
2026-10-07T06:22:05.6920151Z [   6% ] [90m[1mupdate_scripts_classes[22m | [39m[0m
2026-10-07T06:22:05.6920527Z [   6% ] [90m[1mupdate_scripts_classes[22m | [39m[0m
2026-10-07T06:22:05.6920898Z [   6% ] [90m[1mupdate_scripts_classes[22m | [39m[0m
2026-10-07T06:22:05.6921258Z [   6% ] [90m[1mupdate_scripts_classes[22m | [39m[0m
2026-10-07T06:22:05.6921620Z [   6% ] [90m[1mupdate_scripts_classes[22m | [39m[0m
2026-10-07T06:22:05.6922357Z [   6% ] [90m[1mupdate_scripts_classes[22m | [39m[0m
2026-10-07T06:22:05.6922719Z [   6% ] [90m[1mupdate_scripts_classes[22m | [39m[0m
2026-10-07T06:22:05.6923213Z [   6% ] [90m[1mupdate_scripts_classes[22m | [39m[0m
2026-10-07T06:22:05.6923573Z [   6% ] [90m[1mupdate_scripts_classes[22m | [39m[0m
2026-10-07T06:22:05.6923946Z [   6% ] [90m[1mupdate_scripts_classes[22m | [39m[0m
2026-10-07T06:22:05.6924318Z [   6% ] [90m[1mupdate_scripts_classes[22m | [39m[0m
2026-10-07T06:22:05.6924753Z [   6% ] [90m[1mupdate_scripts_classes[22m | [39m[0m
2026-10-07T06:22:05.6925357Z [   6% ] [90m[1mupdate_scripts_classes[22m | [39m[0m
2026-10-07T06:22:05.6925901Z [   6% ] [90m[1mupdate_scripts_classes[22m | [39m[0m
2026-10-07T06:22:05.6926348Z [   6% ] [90m[1mupdate_scripts_classes[22m | [39m[0m
2026-10-07T06:22:05.6926771Z [   6% ] [90m[1mupdate_scripts_classes[22m | [39m[0m
2026-10-07T06:22:05.6927381Z [   6% ] [90m[1mupdate_scripts_classes[22m | [39m[0m
2026-10-07T06:22:05.6927854Z [   6% ] [90m[1mupdate_scripts_classes[22m | [39m[0m
2026-10-07T06:22:05.6928365Z [   6% ] [90m[1mupdate_scripts_classes[22m | [39m[0m
2026-10-07T06:22:05.6928878Z [   7% ] [90m[1mupdate_scripts_classes[22m | [39m[0m
2026-10-07T06:22:05.6929373Z [   7% ] [90m[1mupdate_scripts_classes[22m | [39m[0m
2026-10-07T06:22:05.6929900Z [   7% ] [90m[1mupdate_scripts_classes[22m | [39m[0m
2026-10-07T06:22:05.6930427Z [   7% ] [90m[1mupdate_scripts_classes[22m | SnapshotTransfer[39m[0m
2026-10-07T06:22:05.6931011Z [   7% ] [90m[1mupdate_scripts_classes[22m | [39m[0m
2026-10-07T06:22:05.6931459Z [   7% ] [90m[1mupdate_scripts_classes[22m | [39m[0m
2026-10-07T06:22:05.6932034Z [   7% ] [90m[1mupdate_scripts_classes[22m | [39m[0m
2026-10-07T06:22:05.6932517Z [   7% ] [90m[1mupdate_scripts_classes[22m | [39m[0m
2026-10-07T06:22:05.6933193Z [   7% ] [90m[1mupdate_scripts_classes[22m | [39m[0m
2026-10-07T06:22:05.6933669Z [   7% ] [90m[1mupdate_scripts_classes[22m | [39m[0m
2026-10-07T06:22:05.6934166Z [   7% ] [90m[1mupdate_scripts_classes[22m | [39m[0m
2026-10-07T06:22:05.6934704Z [   7% ] [90m[1mupdate_scripts_classes[22m | [39m[0m
2026-10-07T06:22:05.6935185Z [   7% ] [90m[1mupdate_scripts_classes[22m | [39m[0m
2026-10-07T06:22:05.6949485Z [   7% ] [90m[1mupdate_scripts_classes[22m | [39m[0m
2026-10-07T06:22:05.6950121Z [   7% ] [90m[1mupdate_scripts_classes[22m | [39m[0m
2026-10-07T06:22:05.6950396Z [   7% ] [90m[1mupdate_scripts_classes[22m | [39m[0m
2026-10-07T06:22:05.6950597Z [   7% ] [90m[1mupdate_scripts_classes[22m | [39m[0m
2026-10-07T06:22:05.6950798Z [   7% ] [90m[1mupdate_scripts_classes[22m | [39m[0m
2026-10-07T06:22:05.6951003Z [   7% ] [90m[1mupdate_scripts_classes[22m | [39m[0m
2026-10-07T06:22:05.6951205Z [   7% ] [90m[1mupdate_scripts_classes[22m | [39m[0m
2026-10-07T06:22:05.6951407Z [   7% ] [90m[1mupdate_scripts_classes[22m | [39m[0m
2026-10-07T06:22:05.6951755Z [   7% ] [90m[1mupdate_scripts_classes[22m | [39m[0m
2026-10-07T06:22:05.6951959Z [   7% ] [90m[1mupdate_scripts_classes[22m | [39m[0m
2026-10-07T06:22:05.6952164Z [   7% ] [90m[1mupdate_scripts_classes[22m | [39m[0m
2026-10-07T06:22:05.6952365Z [   7% ] [90m[1mupdate_scripts_classes[22m | [39m[0m
2026-10-07T06:22:05.6952569Z [   7% ] [90m[1mupdate_scripts_classes[22m | [39m[0m
2026-10-07T06:22:05.6952769Z [   7% ] [90m[1mupdate_scripts_classes[22m | [39m[0m
2026-10-07T06:22:05.6953041Z [   7% ] [90m[1mupdate_scripts_classes[22m | [39m[0m
2026-10-07T06:22:05.6953247Z [   7% ] [90m[1mupdate_scripts_classes[22m | [39m[0m
2026-10-07T06:22:05.6953448Z [   7% ] [90m[1mupdate_scripts_classes[22m | [39m[0m
2026-10-07T06:22:05.6953652Z [   7% ] [90m[1mupdate_scripts_classes[22m | [39m[0m
2026-10-07T06:22:05.6953851Z [   8% ] [90m[1mupdate_scripts_classes[22m | [39m[0m
2026-10-07T06:22:05.6954133Z [   8% ] [90m[1mupdate_scripts_classes[22m | [39m[0m
2026-10-07T06:22:05.6954343Z [   8% ] [90m[1mupdate_scripts_classes[22m | [39m[0m
2026-10-07T06:22:05.6954547Z [   8% ] [90m[1mupdate_scripts_classes[22m | [39m[0m
2026-10-07T06:22:05.6954747Z [   8% ] [90m[1mupdate_scripts_classes[22m | [39m[0m
2026-10-07T06:22:05.6954954Z [   8% ] [90m[1mupdate_scripts_classes[22m | [39m[0m
2026-10-07T06:22:05.6955157Z [   8% ] [90m[1mupdate_scripts_classes[22m | [39m[0m
2026-10-07T06:22:05.6955363Z [   8% ] [90m[1mupdate_scripts_classes[22m | [39m[0m
2026-10-07T06:22:05.6955564Z [   8% ] [90m[1mupdate_scripts_classes[22m | [39m[0m
2026-10-07T06:22:05.6955824Z [   8% ] [90m[1mupdate_scripts_classes[22m | [39m[0m
2026-10-07T06:22:05.6956026Z [   8% ] [90m[1mupdate_scripts_classes[22m | [39m[0m
2026-10-07T06:22:05.6956227Z [   8% ] [90m[1mupdate_scripts_classes[22m | [39m[0m
2026-10-07T06:22:05.6956431Z [   8% ] [90m[1mupdate_scripts_classes[22m | [39m[0m
2026-10-07T06:22:05.6956637Z [   8% ] [90m[1mupdate_scripts_classes[22m | [39m[0m
2026-10-07T06:22:05.6956842Z [   8% ] [90m[1mupdate_scripts_classes[22m | [39m[0m
2026-10-07T06:22:05.6957047Z [   8% ] [90m[1mupdate_scripts_classes[22m | [39m[0m
2026-10-07T06:22:05.6957249Z [   8% ] [90m[1mupdate_scripts_classes[22m | [39m[0m
2026-10-07T06:22:05.6957455Z [   8% ] [90m[1mupdate_scripts_classes[22m | [39m[0m
2026-10-07T06:22:05.6957657Z [   8% ] [90m[1mupdate_scripts_classes[22m | [39m[0m
2026-10-07T06:22:05.6957859Z [   8% ] [90m[1mupdate_scripts_classes[22m | [39m[0m
2026-10-07T06:22:05.6958065Z [   8% ] [90m[1mupdate_scripts_classes[22m | [39m[0m
2026-10-07T06:22:05.6958270Z [   8% ] [90m[1mupdate_scripts_classes[22m | [39m[0m
2026-10-07T06:22:05.6958476Z [   8% ] [90m[1mupdate_scripts_classes[22m | [39m[0m
2026-10-07T06:22:05.6958677Z [   8% ] [90m[1mupdate_scripts_classes[22m | [39m[0m
2026-10-07T06:22:05.6958880Z [   8% ] [90m[1mupdate_scripts_classes[22m | [39m[0m
2026-10-07T06:22:05.6959089Z [   8% ] [90m[1mupdate_scripts_classes[22m | [39m[0m
2026-10-07T06:22:05.6959290Z [   8% ] [90m[1mupdate_scripts_classes[22m | [39m[0m
2026-10-07T06:22:05.6959496Z [   8% ] [90m[1mupdate_scripts_classes[22m | [39m[0m
2026-10-07T06:22:05.6959696Z [   8% ] [90m[1mupdate_scripts_classes[22m | [39m[0m
2026-10-07T06:22:05.6959921Z [   8% ] [90m[1mupdate_scripts_classes[22m | [39m[0m
2026-10-07T06:22:05.6960125Z [   8% ] [90m[1mupdate_scripts_classes[22m | [39m[0m
2026-10-07T06:22:05.6960328Z [   9% ] [90m[1mupdate_scripts_classes[22m | [39m[0m
2026-10-07T06:22:05.6960533Z [   9% ] [90m[1mupdate_scripts_classes[22m | [39m[0m
2026-10-07T06:22:05.6960732Z [   9% ] [90m[1mupdate_scripts_classes[22m | [39m[0m
2026-10-07T06:22:05.6960932Z [   9% ] [90m[1mupdate_scripts_classes[22m | [39m[0m
2026-10-07T06:22:05.6961135Z [   9% ] [90m[1mupdate_scripts_classes[22m | [39m[0m
2026-10-07T06:22:05.6961334Z [   9% ] [90m[1mupdate_scripts_classes[22m | [39m[0m
2026-10-07T06:22:05.6961673Z [   9% ] [90m[1mupdate_scripts_classes[22m | AudioCues[39m[0m
2026-10-07T06:22:05.6961901Z [   9% ] [90m[1mupdate_scripts_classes[22m | [39m[0m
2026-10-07T06:22:05.6962105Z [   9% ] [90m[1mupdate_scripts_classes[22m | [39m[0m
2026-10-07T06:22:05.6962311Z [   9% ] [90m[1mupdate_scripts_classes[22m | [39m[0m
2026-10-07T06:22:05.6962515Z [   9% ] [90m[1mupdate_scripts_classes[22m | [39m[0m
2026-10-07T06:22:05.6962717Z [   9% ] [90m[1mupdate_scripts_classes[22m | [39m[0m
2026-10-07T06:22:05.6963158Z [   9% ] [90m[1mupdate_scripts_classes[22m | [39m[0m
2026-10-07T06:22:05.6963465Z [   9% ] [90m[1mupdate_scripts_classes[22m | [39m[0m
2026-10-07T06:22:05.6963667Z [   9% ] [90m[1mupdate_scripts_classes[22m | [39m[0m
2026-10-07T06:22:05.6963890Z [   9% ] [90m[1mupdate_scripts_classes[22m | [39m[0m
2026-10-07T06:22:05.6964091Z [   9% ] [90m[1mupdate_scripts_classes[22m | [39m[0m
2026-10-07T06:22:05.6964419Z [   9% ] [90m[1mupdate_scripts_classes[22m | [39m[0m
2026-10-07T06:22:05.6964618Z [   9% ] [90m[1mupdate_scripts_classes[22m | [39m[0m
2026-10-07T06:22:05.6964818Z [   9% ] [90m[1mupdate_scripts_classes[22m | [39m[0m
2026-10-07T06:22:05.6965017Z [   9% ] [90m[1mupdate_scripts_classes[22m | [39m[0m
2026-10-07T06:22:05.6965215Z [   9% ] [90m[1mupdate_scripts_classes[22m | [39m[0m
2026-10-07T06:22:05.6965417Z [   9% ] [90m[1mupdate_scripts_classes[22m | [39m[0m
2026-10-07T06:22:05.6965616Z [   9% ] [90m[1mupdate_scripts_classes[22m | [39m[0m
2026-10-07T06:22:05.6965817Z [   9% ] [90m[1mupdate_scripts_classes[22m | [39m[0m
2026-10-07T06:22:05.6966016Z [   9% ] [90m[1mupdate_scripts_classes[22m | [39m[0m
2026-10-07T06:22:05.6966215Z [   9% ] [90m[1mupdate_scripts_classes[22m | [39m[0m
2026-10-07T06:22:05.6966416Z [   9% ] [90m[1mupdate_scripts_classes[22m | [39m[0m
2026-10-07T06:22:05.6966616Z [   9% ] [90m[1mupdate_scripts_classes[22m | [39m[0m
2026-10-07T06:22:05.6966817Z [   9% ] [90m[1mupdate_scripts_classes[22m | [39m[0m
2026-10-07T06:22:05.6967018Z [   9% ] [90m[1mupdate_scripts_classes[22m | [39m[0m
2026-10-07T06:22:05.6967218Z [  10% ] [90m[1mupdate_scripts_classes[22m | [39m[0m
2026-10-07T06:22:05.6967421Z [  10% ] [90m[1mupdate_scripts_classes[22m | [39m[0m
2026-10-07T06:22:05.6967620Z [  10% ] [90m[1mupdate_scripts_classes[22m | [39m[0m
2026-10-07T06:22:05.6967822Z [  10% ] [90m[1mupdate_scripts_classes[22m | [39m[0m
2026-10-07T06:22:05.6968021Z [  10% ] [90m[1mupdate_scripts_classes[22m | [39m[0m
2026-10-07T06:22:05.6968219Z [  10% ] [90m[1mupdate_scripts_classes[22m | [39m[0m
2026-10-07T06:22:05.6968420Z [  10% ] [90m[1mupdate_scripts_classes[22m | [39m[0m
2026-10-07T06:22:05.6968618Z [  10% ] [90m[1mupdate_scripts_classes[22m | [39m[0m
2026-10-07T06:22:05.6968819Z [  10% ] [90m[1mupdate_scripts_classes[22m | [39m[0m
2026-10-07T06:22:05.6969019Z [  10% ] [90m[1mupdate_scripts_classes[22m | [39m[0m
2026-10-07T06:22:05.6969222Z [  10% ] [90m[1mupdate_scripts_classes[22m | [39m[0m
2026-10-07T06:22:05.6969423Z [  10% ] [90m[1mupdate_scripts_classes[22m | [39m[0m
2026-10-07T06:22:05.6969622Z [  10% ] [90m[1mupdate_scripts_classes[22m | [39m[0m
2026-10-07T06:22:05.6969822Z [  10% ] [90m[1mupdate_scripts_classes[22m | [39m[0m
2026-10-07T06:22:05.6970020Z [  10% ] [90m[1mupdate_scripts_classes[22m | [39m[0m
2026-10-07T06:22:05.6970219Z [  10% ] [90m[1mupdate_scripts_classes[22m | [39m[0m
2026-10-07T06:22:05.6970421Z [  10% ] [90m[1mupdate_scripts_classes[22m | [39m[0m
2026-10-07T06:22:05.6970620Z [  10% ] [90m[1mupdate_scripts_classes[22m | [39m[0m
2026-10-07T06:22:05.6970819Z [  10% ] [90m[1mupdate_scripts_classes[22m | [39m[0m
2026-10-07T06:22:05.6971021Z [  10% ] [90m[1mupdate_scripts_classes[22m | [39m[0m
2026-10-07T06:22:05.6971221Z [  10% ] [90m[1mupdate_scripts_classes[22m | [39m[0m
2026-10-07T06:22:05.6971422Z [  10% ] [90m[1mupdate_scripts_classes[22m | [39m[0m
2026-10-07T06:22:05.6971717Z [  10% ] [90m[1mupdate_scripts_classes[22m | [39m[0m
2026-10-07T06:22:05.6971918Z [  10% ] [90m[1mupdate_scripts_classes[22m | [39m[0m
2026-10-07T06:22:05.6972120Z [  10% ] [90m[1mupdate_scripts_classes[22m | [39m[0m
2026-10-07T06:22:05.6972319Z [  10% ] [90m[1mupdate_scripts_classes[22m | [39m[0m
2026-10-07T06:22:05.6972522Z [  10% ] [90m[1mupdate_scripts_classes[22m | [39m[0m
2026-10-07T06:22:05.6972722Z [  10% ] [90m[1mupdate_scripts_classes[22m | [39m[0m
2026-10-07T06:22:05.6973072Z [  10% ] [90m[1mupdate_scripts_classes[22m | [39m[0m
2026-10-07T06:22:05.6973318Z [  10% ] [90m[1mupdate_scripts_classes[22m | [39m[0m
2026-10-07T06:22:05.6973515Z [  10% ] [90m[1mupdate_scripts_classes[22m | [39m[0m
2026-10-07T06:22:05.6973714Z [  11% ] [90m[1mupdate_scripts_classes[22m | [39m[0m
2026-10-07T06:22:05.6973912Z [  11% ] [90m[1mupdate_scripts_classes[22m | [39m[0m
2026-10-07T06:22:05.6974111Z [  11% ] [90m[1mupdate_scripts_classes[22m | [39m[0m
2026-10-07T06:22:05.6974399Z [  11% ] [90m[1mupdate_scripts_classes[22m | [39m[0m
2026-10-07T06:22:05.6974599Z [  11% ] [90m[1mupdate_scripts_classes[22m | [39m[0m
2026-10-07T06:22:05.6974798Z [  11% ] [90m[1mupdate_scripts_classes[22m | [39m[0m
2026-10-07T06:22:05.6974997Z [  11% ] [90m[1mupdate_scripts_classes[22m | [39m[0m
2026-10-07T06:22:05.6975197Z [  11% ] [90m[1mupdate_scripts_classes[22m | [39m[0m
2026-10-07T06:22:05.6975417Z [  11% ] [90m[1mupdate_scripts_classes[22m | UITokens[39m[0m
2026-10-07T06:22:05.6975631Z [  11% ] [90m[1mupdate_scripts_classes[22m | [39m[0m
2026-10-07T06:22:05.6975834Z [  11% ] [90m[1mupdate_scripts_classes[22m | [39m[0m
2026-10-07T06:22:05.6976032Z [  11% ] [90m[1mupdate_scripts_classes[22m | [39m[0m
2026-10-07T06:22:05.6976231Z [  11% ] [90m[1mupdate_scripts_classes[22m | [39m[0m
2026-10-07T06:22:05.6976432Z [  11% ] [90m[1mupdate_scripts_classes[22m | [39m[0m
2026-10-07T06:22:05.6976633Z [  11% ] [90m[1mupdate_scripts_classes[22m | [39m[0m
2026-10-07T06:22:05.6976835Z [  11% ] [90m[1mupdate_scripts_classes[22m | [39m[0m
2026-10-07T06:22:05.6977038Z [  11% ] [90m[1mupdate_scripts_classes[22m | [39m[0m
2026-10-07T06:22:05.6977239Z [  11% ] [90m[1mupdate_scripts_classes[22m | [39m[0m
2026-10-07T06:22:05.6977441Z [  11% ] [90m[1mupdate_scripts_classes[22m | [39m[0m
2026-10-07T06:22:05.6977640Z [  11% ] [90m[1mupdate_scripts_classes[22m | [39m[0m
2026-10-07T06:22:05.6977837Z [  11% ] [90m[1mupdate_scripts_classes[22m | [39m[0m
2026-10-07T06:22:05.6978039Z [  11% ] [90m[1mupdate_scripts_classes[22m | [39m[0m
2026-10-07T06:22:05.6978239Z [  11% ] [90m[1mupdate_scripts_classes[22m | [39m[0m
2026-10-07T06:22:05.6978441Z [  11% ] [90m[1mupdate_scripts_classes[22m | [39m[0m
2026-10-07T06:22:05.6978639Z [  11% ] [90m[1mupdate_scripts_classes[22m | [39m[0m
2026-10-07T06:22:05.6978837Z [  11% ] [90m[1mupdate_scripts_classes[22m | [39m[0m
2026-10-07T06:22:05.6979042Z [  11% ] [90m[1mupdate_scripts_classes[22m | [39m[0m
2026-10-07T06:22:05.6979241Z [  11% ] [90m[1mupdate_scripts_classes[22m | [39m[0m
2026-10-07T06:22:05.6979442Z [  11% ] [90m[1mupdate_scripts_classes[22m | [39m[0m
2026-10-07T06:22:05.6979640Z [  11% ] [90m[1mupdate_scripts_classes[22m | [39m[0m
2026-10-07T06:22:05.6979837Z [  11% ] [90m[1mupdate_scripts_classes[22m | [39m[0m
2026-10-07T06:22:05.6980037Z [  12% ] [90m[1mupdate_scripts_classes[22m | [39m[0m
2026-10-07T06:22:05.6980236Z [  12% ] [90m[1mupdate_scripts_classes[22m | [39m[0m
2026-10-07T06:22:05.6980437Z [  12% ] [90m[1mupdate_scripts_classes[22m | [39m[0m
2026-10-07T06:22:05.6980635Z [  12% ] [90m[1mupdate_scripts_classes[22m | [39m[0m
2026-10-07T06:22:05.6980834Z [  12% ] [90m[1mupdate_scripts_classes[22m | [39m[0m
2026-10-07T06:22:05.6981033Z [  12% ] [90m[1mupdate_scripts_classes[22m | [39m[0m
2026-10-07T06:22:05.6981231Z [  12% ] [90m[1mupdate_scripts_classes[22m | [39m[0m
2026-10-07T06:22:05.6981523Z [  12% ] [90m[1mupdate_scripts_classes[22m | [39m[0m
2026-10-07T06:22:05.6981728Z [  12% ] [90m[1mupdate_scripts_classes[22m | [39m[0m
2026-10-07T06:22:05.6981929Z [  12% ] [90m[1mupdate_scripts_classes[22m | [39m[0m
2026-10-07T06:22:05.6982130Z [  12% ] [90m[1mupdate_scripts_classes[22m | [39m[0m
2026-10-07T06:22:05.6982330Z [  12% ] [90m[1mupdate_scripts_classes[22m | [39m[0m
2026-10-07T06:22:05.6982526Z [  12% ] [90m[1mupdate_scripts_classes[22m | [39m[0m
2026-10-07T06:22:05.6982727Z [  12% ] [90m[1mupdate_scripts_classes[22m | [39m[0m
2026-10-07T06:22:05.6983058Z [  12% ] [90m[1mupdate_scripts_classes[22m | [39m[0m
2026-10-07T06:22:05.6983376Z [  12% ] [90m[1mupdate_scripts_classes[22m | [39m[0m
2026-10-07T06:22:05.6983698Z [  12% ] [90m[1mupdate_scripts_classes[22m | [39m[0m
2026-10-07T06:22:05.6984019Z [  12% ] [90m[1mupdate_scripts_classes[22m | [39m[0m
2026-10-07T06:22:05.6984434Z [  12% ] [90m[1mupdate_scripts_classes[22m | [39m[0m
2026-10-07T06:22:05.6984748Z [  12% ] [90m[1mupdate_scripts_classes[22m | [39m[0m
2026-10-07T06:22:05.6985060Z [  12% ] [90m[1mupdate_scripts_classes[22m | [39m[0m
2026-10-07T06:22:05.6985368Z [  12% ] [90m[1mupdate_scripts_classes[22m | [39m[0m
2026-10-07T06:22:05.6985675Z [  12% ] [90m[1mupdate_scripts_classes[22m | [39m[0m
2026-10-07T06:22:05.6985986Z [  12% ] [90m[1mupdate_scripts_classes[22m | [39m[0m
2026-10-07T06:22:05.6986294Z [  12% ] [90m[1mupdate_scripts_classes[22m | [39m[0m
2026-10-07T06:22:05.6986604Z [  12% ] [90m[1mupdate_scripts_classes[22m | [39m[0m
2026-10-07T06:22:05.6986911Z [  12% ] [90m[1mupdate_scripts_classes[22m | [39m[0m
2026-10-07T06:22:05.6987219Z [  12% ] [90m[1mupdate_scripts_classes[22m | [39m[0m
2026-10-07T06:22:05.6987531Z [  12% ] [90m[1mupdate_scripts_classes[22m | [39m[0m
2026-10-07T06:22:05.6987840Z [  12% ] [90m[1mupdate_scripts_classes[22m | [39m[0m
2026-10-07T06:22:05.6988153Z [  12% ] [90m[1mupdate_scripts_classes[22m | [39m[0m
2026-10-07T06:22:05.6988525Z [  13% ] [90m[1mupdate_scripts_classes[22m | CloudreachGrassRoles[39m[0m
2026-10-07T06:22:05.6988893Z [  13% ] [90m[1mupdate_scripts_classes[22m | [39m[0m
2026-10-07T06:22:05.6989196Z [  13% ] [90m[1mupdate_scripts_classes[22m | [39m[0m
2026-10-07T06:22:05.6989394Z [  13% ] [90m[1mupdate_scripts_classes[22m | [39m[0m
2026-10-07T06:22:05.6989591Z [  13% ] [90m[1mupdate_scripts_classes[22m | [39m[0m
2026-10-07T06:22:05.6989789Z [  13% ] [90m[1mupdate_scripts_classes[22m | [39m[0m
2026-10-07T06:22:05.6989989Z [  13% ] [90m[1mupdate_scripts_classes[22m | [39m[0m
2026-10-07T06:22:05.6990188Z [  13% ] [90m[1mupdate_scripts_classes[22m | [39m[0m
2026-10-07T06:22:05.6990388Z [  13% ] [90m[1mupdate_scripts_classes[22m | [39m[0m
2026-10-07T06:22:05.6990587Z [  13% ] [90m[1mupdate_scripts_classes[22m | [39m[0m
2026-10-07T06:22:05.6990785Z [  13% ] [90m[1mupdate_scripts_classes[22m | [39m[0m
2026-10-07T06:22:05.6990986Z [  13% ] [90m[1mupdate_scripts_classes[22m | [39m[0m
2026-10-07T06:22:05.6991188Z [  13% ] [90m[1mupdate_scripts_classes[22m | [39m[0m
2026-10-07T06:22:05.6991386Z [  13% ] [90m[1mupdate_scripts_classes[22m | [39m[0m
2026-10-07T06:22:05.6991583Z [  13% ] [90m[1mupdate_scripts_classes[22m | [39m[0m
2026-10-07T06:22:05.6991783Z [  13% ] [90m[1mupdate_scripts_classes[22m | [39m[0m
2026-10-07T06:22:05.6991980Z [  13% ] [90m[1mupdate_scripts_classes[22m | [39m[0m
2026-10-07T06:22:05.6992181Z [  13% ] [90m[1mupdate_scripts_classes[22m | [39m[0m
2026-10-07T06:22:05.6992379Z [  13% ] [90m[1mupdate_scripts_classes[22m | [39m[0m
2026-10-07T06:22:05.6992576Z [  13% ] [90m[1mupdate_scripts_classes[22m | [39m[0m
2026-10-07T06:22:05.6992778Z [  13% ] [90m[1mupdate_scripts_classes[22m | [39m[0m
2026-10-07T06:22:05.6993214Z [  13% ] [90m[1mupdate_scripts_classes[22m | [39m[0m
2026-10-07T06:22:05.6993529Z [  13% ] [90m[1mupdate_scripts_classes[22m | [39m[0m
2026-10-07T06:22:05.6993944Z [  13% ] [90m[1mupdate_scripts_classes[22m | [39m[0m
2026-10-07T06:22:05.6994146Z [  13% ] [90m[1mupdate_scripts_classes[22m | [39m[0m
2026-10-07T06:22:05.6994347Z [  13% ] [90m[1mupdate_scripts_classes[22m | [39m[0m
2026-10-07T06:22:05.6994545Z [  13% ] [90m[1mupdate_scripts_classes[22m | [39m[0m
2026-10-07T06:22:05.6994744Z [  13% ] [90m[1mupdate_scripts_classes[22m | [39m[0m
2026-10-07T06:22:05.6994947Z [  13% ] [90m[1mupdate_scripts_classes[22m | [39m[0m
2026-10-07T06:22:05.6995147Z [  13% ] [90m[1mupdate_scripts_classes[22m | [39m[0m
2026-10-07T06:22:05.6995348Z [  13% ] [90m[1mupdate_scripts_classes[22m | [39m[0m
2026-10-07T06:22:05.6995547Z [  14% ] [90m[1mupdate_scripts_classes[22m | [39m[0m
2026-10-07T06:22:05.6995744Z [  14% ] [90m[1mupdate_scripts_classes[22m | [39m[0m
2026-10-07T06:22:05.6995946Z [  14% ] [90m[1mupdate_scripts_classes[22m | [39m[0m
2026-10-07T06:22:05.6996224Z [  14% ] [90m[1mupdate_scripts_classes[22m | [39m[0m
2026-10-07T06:22:05.6996426Z [  14% ] [90m[1mupdate_scripts_classes[22m | [39m[0m
2026-10-07T06:22:05.6996626Z [  14% ] [90m[1mupdate_scripts_classes[22m | [39m[0m
2026-10-07T06:22:05.6996827Z [  14% ] [90m[1mupdate_scripts_classes[22m | [39m[0m
2026-10-07T06:22:05.6997029Z [  14% ] [90m[1mupdate_scripts_classes[22m | [39m[0m
2026-10-07T06:22:05.6997228Z [  14% ] [90m[1mupdate_scripts_classes[22m | [39m[0m
2026-10-07T06:22:05.6997430Z [  14% ] [90m[1mupdate_scripts_classes[22m | [39m[0m
2026-10-07T06:22:05.6997630Z [  14% ] [90m[1mupdate_scripts_classes[22m | [39m[0m
2026-10-07T06:22:05.6997829Z [  14% ] [90m[1mupdate_scripts_classes[22m | [39m[0m
2026-10-07T06:22:05.6998032Z [  14% ] [90m[1mupdate_scripts_classes[22m | [39m[0m
2026-10-07T06:22:05.6998230Z [  14% ] [90m[1mupdate_scripts_classes[22m | [39m[0m
2026-10-07T06:22:05.6998465Z [  14% ] [90m[1mupdate_scripts_classes[22m | [39m[0m
2026-10-07T06:22:05.6998667Z [  14% ] [90m[1mupdate_scripts_classes[22m | [39m[0m
2026-10-07T06:22:05.6998865Z [  14% ] [90m[1mupdate_scripts_classes[22m | [39m[0m
2026-10-07T06:22:05.6999064Z [  14% ] [90m[1mupdate_scripts_classes[22m | [39m[0m
2026-10-07T06:22:05.6999265Z [  14% ] [90m[1mupdate_scripts_classes[22m | [39m[0m
2026-10-07T06:22:05.6999466Z [  14% ] [90m[1mupdate_scripts_classes[22m | [39m[0m
2026-10-07T06:22:05.6999666Z [  14% ] [90m[1mupdate_scripts_classes[22m | [39m[0m
2026-10-07T06:22:05.6999864Z [  14% ] [90m[1mupdate_scripts_classes[22m | [39m[0m
2026-10-07T06:22:05.7000066Z [  14% ] [90m[1mupdate_scripts_classes[22m | [39m[0m
2026-10-07T06:22:05.7000265Z [  14% ] [90m[1mupdate_scripts_classes[22m | [39m[0m
2026-10-07T06:22:05.7000466Z [  14% ] [90m[1mupdate_scripts_classes[22m | [39m[0m
2026-10-07T06:22:05.7000668Z [  14% ] [90m[1mupdate_scripts_classes[22m | [39m[0m
2026-10-07T06:22:05.7000867Z [  14% ] [90m[1mupdate_scripts_classes[22m | [39m[0m
2026-10-07T06:22:05.7001070Z [  14% ] [90m[1mupdate_scripts_classes[22m | [39m[0m
2026-10-07T06:22:05.7001269Z [  14% ] [90m[1mupdate_scripts_classes[22m | [39m[0m
2026-10-07T06:22:05.7001468Z [  14% ] [90m[1mupdate_scripts_classes[22m | [39m[0m
2026-10-07T06:22:05.7001670Z [  14% ] [90m[1mupdate_scripts_classes[22m | [39m[0m
2026-10-07T06:22:05.7001868Z [  15% ] [90m[1mupdate_scripts_classes[22m | [39m[0m
2026-10-07T06:22:05.7002069Z [  15% ] [90m[1mupdate_scripts_classes[22m | [39m[0m
2026-10-07T06:22:05.7002268Z [  15% ] [90m[1mupdate_scripts_classes[22m | [39m[0m
2026-10-07T06:22:05.7002467Z [  15% ] [90m[1mupdate_scripts_classes[22m | [39m[0m
2026-10-07T06:22:05.7002671Z [  15% ] [90m[1mupdate_scripts_classes[22m | [39m[0m
2026-10-07T06:22:05.7002871Z [  15% ] [90m[1mupdate_scripts_classes[22m | [39m[0m
2026-10-07T06:22:05.7003221Z [  15% ] [90m[1mupdate_scripts_classes[22m | [39m[0m
2026-10-07T06:22:05.7003533Z [  15% ] [90m[1mupdate_scripts_classes[22m | [39m[0m
2026-10-07T06:22:05.7003947Z [  15% ] [90m[1mupdate_scripts_classes[22m | [39m[0m
2026-10-07T06:22:05.7004260Z [  15% ] [90m[1mupdate_scripts_classes[22m | [39m[0m
2026-10-07T06:22:05.7004572Z [  15% ] [90m[1mupdate_scripts_classes[22m | [39m[0m
2026-10-07T06:22:05.7004883Z [  15% ] [90m[1mupdate_scripts_classes[22m | [39m[0m
2026-10-07T06:22:05.7005194Z [  15% ] [90m[1mupdate_scripts_classes[22m | [39m[0m
2026-10-07T06:22:05.7005504Z [  15% ] [90m[1mupdate_scripts_classes[22m | [39m[0m
2026-10-07T06:22:05.7005819Z [  15% ] [90m[1mupdate_scripts_classes[22m | [39m[0m
2026-10-07T06:22:05.7006129Z [  15% ] [90m[1mupdate_scripts_classes[22m | [39m[0m
2026-10-07T06:22:05.7006437Z [  15% ] [90m[1mupdate_scripts_classes[22m | [39m[0m
2026-10-07T06:22:05.7006749Z [  15% ] [90m[1mupdate_scripts_classes[22m | [39m[0m
2026-10-07T06:22:05.7007057Z [  15% ] [90m[1mupdate_scripts_classes[22m | [39m[0m
2026-10-07T06:22:05.7007454Z [  15% ] [90m[1mupdate_scripts_classes[22m | [39m[0m
2026-10-07T06:22:05.7007765Z [  15% ] [90m[1mupdate_scripts_classes[22m | [39m[0m
2026-10-07T06:22:05.7008075Z [  15% ] [90m[1mupdate_scripts_classes[22m | [39m[0m
2026-10-07T06:22:05.7008389Z [  15% ] [90m[1mupdate_scripts_classes[22m | [39m[0m
2026-10-07T06:22:05.7008698Z [  15% ] [90m[1mupdate_scripts_classes[22m | [39m[0m
2026-10-07T06:22:05.7009010Z [  15% ] [90m[1mupdate_scripts_classes[22m | [39m[0m
2026-10-07T06:22:05.7009318Z [  15% ] [90m[1mupdate_scripts_classes[22m | [39m[0m
2026-10-07T06:22:05.7009626Z [  15% ] [90m[1mupdate_scripts_classes[22m | [39m[0m
2026-10-07T06:22:05.7009940Z [  15% ] [90m[1mupdate_scripts_classes[22m | [39m[0m
2026-10-07T06:22:05.7010247Z [  15% ] [90m[1mupdate_scripts_classes[22m | [39m[0m
2026-10-07T06:22:05.7010558Z [  15% ] [90m[1mupdate_scripts_classes[22m | [39m[0m
2026-10-07T06:22:05.7010868Z [  15% ] [90m[1mupdate_scripts_classes[22m | [39m[0m
2026-10-07T06:22:05.7011178Z [  16% ] [90m[1mupdate_scripts_classes[22m | [39m[0m
2026-10-07T06:22:05.7011507Z [  16% ] [90m[1mupdate_scripts_classes[22m | [39m[0m
2026-10-07T06:22:05.7011816Z [  16% ] [90m[1mupdate_scripts_classes[22m | [39m[0m
2026-10-07T06:22:05.7012127Z [  16% ] [90m[1mupdate_scripts_classes[22m | [39m[0m
2026-10-07T06:22:05.7012439Z [  16% ] [90m[1mupdate_scripts_classes[22m | [39m[0m
2026-10-07T06:22:05.7012748Z [  16% ] [90m[1mupdate_scripts_classes[22m | [39m[0m
2026-10-07T06:22:05.7013153Z [  16% ] [90m[1mupdate_scripts_classes[22m | [39m[0m
2026-10-07T06:22:05.7013462Z [  16% ] [90m[1mupdate_scripts_classes[22m | [39m[0m
2026-10-07T06:22:05.7013770Z [  16% ] [90m[1mupdate_scripts_classes[22m | [39m[0m
2026-10-07T06:22:05.7014080Z [  16% ] [90m[1mupdate_scripts_classes[22m | [39m[0m
2026-10-07T06:22:05.7014392Z [  16% ] [90m[1mupdate_scripts_classes[22m | [39m[0m
2026-10-07T06:22:05.7014702Z [  16% ] [90m[1mupdate_scripts_classes[22m | [39m[0m
2026-10-07T06:22:05.7015013Z [  16% ] [90m[1mupdate_scripts_classes[22m | [39m[0m
2026-10-07T06:22:05.7015321Z [  16% ] [90m[1mupdate_scripts_classes[22m | [39m[0m
2026-10-07T06:22:05.7015631Z [  16% ] [90m[1mupdate_scripts_classes[22m | [39m[0m
2026-10-07T06:22:05.7015940Z [  16% ] [90m[1mupdate_scripts_classes[22m | [39m[0m
2026-10-07T06:22:05.7016249Z [  16% ] [90m[1mupdate_scripts_classes[22m | [39m[0m
2026-10-07T06:22:05.7016559Z [  16% ] [90m[1mupdate_scripts_classes[22m | [39m[0m
2026-10-07T06:22:05.7016866Z [  16% ] [90m[1mupdate_scripts_classes[22m | [39m[0m
2026-10-07T06:22:05.7017177Z [  16% ] [90m[1mupdate_scripts_classes[22m | [39m[0m
2026-10-07T06:22:05.7017484Z [  16% ] [90m[1mupdate_scripts_classes[22m | [39m[0m
2026-10-07T06:22:05.7017794Z [  16% ] [90m[1mupdate_scripts_classes[22m | [39m[0m
2026-10-07T06:22:05.7018102Z [  16% ] [90m[1mupdate_scripts_classes[22m | [39m[0m
2026-10-07T06:22:05.7018409Z [  16% ] [90m[1mupdate_scripts_classes[22m | [39m[0m
2026-10-07T06:22:05.7018822Z [  16% ] [90m[1mupdate_scripts_classes[22m | [39m[0m
2026-10-07T06:22:05.7019130Z [  16% ] [90m[1mupdate_scripts_classes[22m | [39m[0m
2026-10-07T06:22:05.7019438Z [  16% ] [90m[1mupdate_scripts_classes[22m | [39m[0m
2026-10-07T06:22:05.7019747Z [  16% ] [90m[1mupdate_scripts_classes[22m | [39m[0m
2026-10-07T06:22:05.7020056Z [  16% ] [90m[1mupdate_scripts_classes[22m | [39m[0m
2026-10-07T06:22:05.7020369Z [  16% ] [90m[1mupdate_scripts_classes[22m | [39m[0m
2026-10-07T06:22:05.7020677Z [  16% ] [90m[1mupdate_scripts_classes[22m | [39m[0m
2026-10-07T06:22:05.7020986Z [  17% ] [90m[1mupdate_scripts_classes[22m | [39m[0m
2026-10-07T06:22:05.7021297Z [  17% ] [90m[1mupdate_scripts_classes[22m | [39m[0m
2026-10-07T06:22:05.7021604Z [  17% ] [90m[1mupdate_scripts_classes[22m | [39m[0m
2026-10-07T06:22:05.7021914Z [  17% ] [90m[1mupdate_scripts_classes[22m | [39m[0m
2026-10-07T06:22:05.7022221Z [  17% ] [90m[1mupdate_scripts_classes[22m | [39m[0m
2026-10-07T06:22:05.7022632Z [  17% ] [90m[1mupdate_scripts_classes[22m | [39m[0m
2026-10-07T06:22:05.7023108Z [  17% ] [90m[1mupdate_scripts_classes[22m | [39m[0m
2026-10-07T06:22:05.7023417Z [  17% ] [90m[1mupdate_scripts_classes[22m | [39m[0m
2026-10-07T06:22:05.7023728Z [  17% ] [90m[1mupdate_scripts_classes[22m | [39m[0m
2026-10-07T06:22:05.7024036Z [  17% ] [90m[1mupdate_scripts_classes[22m | [39m[0m
2026-10-07T06:22:05.7024344Z [  17% ] [90m[1mupdate_scripts_classes[22m | [39m[0m
2026-10-07T06:22:05.7024653Z [  17% ] [90m[1mupdate_scripts_classes[22m | [39m[0m
2026-10-07T06:22:05.7024963Z [  17% ] [90m[1mupdate_scripts_classes[22m | [39m[0m
2026-10-07T06:22:05.7025275Z [  17% ] [90m[1mupdate_scripts_classes[22m | [39m[0m
2026-10-07T06:22:05.7025583Z [  17% ] [90m[1mupdate_scripts_classes[22m | [39m[0m
2026-10-07T06:22:05.7025891Z [  17% ] [90m[1mupdate_scripts_classes[22m | [39m[0m
2026-10-07T06:22:05.7026204Z [  17% ] [90m[1mupdate_scripts_classes[22m | [39m[0m
2026-10-07T06:22:05.7026516Z [  17% ] [90m[1mupdate_scripts_classes[22m | [39m[0m
2026-10-07T06:22:05.7026827Z [  17% ] [90m[1mupdate_scripts_classes[22m | [39m[0m
2026-10-07T06:22:05.7027135Z [  17% ] [90m[1mupdate_scripts_classes[22m | [39m[0m
2026-10-07T06:22:05.7027444Z [  17% ] [90m[1mupdate_scripts_classes[22m | [39m[0m
2026-10-07T06:22:05.7027755Z [  17% ] [90m[1mupdate_scripts_classes[22m | [39m[0m
2026-10-07T06:22:05.7028065Z [  17% ] [90m[1mupdate_scripts_classes[22m | [39m[0m
2026-10-07T06:22:05.7028373Z [  17% ] [90m[1mupdate_scripts_classes[22m | [39m[0m
2026-10-07T06:22:05.7028684Z [  17% ] [90m[1mupdate_scripts_classes[22m | [39m[0m
2026-10-07T06:22:05.7028991Z [  17% ] [90m[1mupdate_scripts_classes[22m | [39m[0m
2026-10-07T06:22:05.7029300Z [  17% ] [90m[1mupdate_scripts_classes[22m | [39m[0m
2026-10-07T06:22:05.7029608Z [  17% ] [90m[1mupdate_scripts_classes[22m | [39m[0m
2026-10-07T06:22:05.7029921Z [  17% ] [90m[1mupdate_scripts_classes[22m | [39m[0m
2026-10-07T06:22:05.7030232Z [  17% ] [90m[1mupdate_scripts_classes[22m | [39m[0m
2026-10-07T06:22:05.7030541Z [  17% ] [90m[1mupdate_scripts_classes[22m | [39m[0m
2026-10-07T06:22:05.7030853Z [  18% ] [90m[1mupdate_scripts_classes[22m | [39m[0m
2026-10-07T06:22:05.7031163Z [  18% ] [90m[1mupdate_scripts_classes[22m | [39m[0m
2026-10-07T06:22:05.7031473Z [  18% ] [90m[1mupdate_scripts_classes[22m | [39m[0m
2026-10-07T06:22:05.7031783Z [  18% ] [90m[1mupdate_scripts_classes[22m | [39m[0m
2026-10-07T06:22:05.7032092Z [  18% ] [90m[1mupdate_scripts_classes[22m | [39m[0m
2026-10-07T06:22:05.7032403Z [  18% ] [90m[1mupdate_scripts_classes[22m | [39m[0m
2026-10-07T06:22:05.7032712Z [  18% ] [90m[1mupdate_scripts_classes[22m | [39m[0m
2026-10-07T06:22:05.7033154Z [  18% ] [90m[1mupdate_scripts_classes[22m | [39m[0m
2026-10-07T06:22:05.7033465Z [  18% ] [90m[1mupdate_scripts_classes[22m | [39m[0m
2026-10-07T06:22:05.7033880Z [  18% ] [90m[1mupdate_scripts_classes[22m | [39m[0m
2026-10-07T06:22:05.7034192Z [  18% ] [90m[1mupdate_scripts_classes[22m | [39m[0m
2026-10-07T06:22:05.7034502Z [  18% ] [90m[1mupdate_scripts_classes[22m | [39m[0m
2026-10-07T06:22:05.7034810Z [  18% ] [90m[1mupdate_scripts_classes[22m | [39m[0m
2026-10-07T06:22:05.7035123Z [  18% ] [90m[1mupdate_scripts_classes[22m | [39m[0m
2026-10-07T06:22:05.7035431Z [  18% ] [90m[1mupdate_scripts_classes[22m | [39m[0m
2026-10-07T06:22:05.7035739Z [  18% ] [90m[1mupdate_scripts_classes[22m | [39m[0m
2026-10-07T06:22:05.7036052Z [  18% ] [90m[1mupdate_scripts_classes[22m | [39m[0m
2026-10-07T06:22:05.7036361Z [  18% ] [90m[1mupdate_scripts_classes[22m | [39m[0m
2026-10-07T06:22:05.7036673Z [  18% ] [90m[1mupdate_scripts_classes[22m | [39m[0m
2026-10-07T06:22:05.7036981Z [  18% ] [90m[1mupdate_scripts_classes[22m | [39m[0m
2026-10-07T06:22:05.7037292Z [  18% ] [90m[1mupdate_scripts_classes[22m | [39m[0m
2026-10-07T06:22:05.7037691Z [  18% ] [90m[1mupdate_scripts_classes[22m | [39m[0m
2026-10-07T06:22:05.7038000Z [  18% ] [90m[1mupdate_scripts_classes[22m | [39m[0m
2026-10-07T06:22:05.7038311Z [  18% ] [90m[1mupdate_scripts_classes[22m | [39m[0m
2026-10-07T06:22:05.7038621Z [  18% ] [90m[1mupdate_scripts_classes[22m | [39m[0m
2026-10-07T06:22:05.7038929Z [  18% ] [90m[1mupdate_scripts_classes[22m | [39m[0m
2026-10-07T06:22:05.7039241Z [  18% ] [90m[1mupdate_scripts_classes[22m | [39m[0m
2026-10-07T06:22:05.7039550Z [  18% ] [90m[1mupdate_scripts_classes[22m | [39m[0m
2026-10-07T06:22:05.7039864Z [  18% ] [90m[1mupdate_scripts_classes[22m | [39m[0m
2026-10-07T06:22:05.7040174Z [  18% ] [90m[1mupdate_scripts_classes[22m | [39m[0m
2026-10-07T06:22:05.7040484Z [  18% ] [90m[1mupdate_scripts_classes[22m | [39m[0m
2026-10-07T06:22:05.7040795Z [  19% ] [90m[1mupdate_scripts_classes[22m | [39m[0m
2026-10-07T06:22:05.7041105Z [  19% ] [90m[1mupdate_scripts_classes[22m | [39m[0m
2026-10-07T06:22:05.7041417Z [  19% ] [90m[1mupdate_scripts_classes[22m | [39m[0m
2026-10-07T06:22:05.7041724Z [  19% ] [90m[1mupdate_scripts_classes[22m | [39m[0m
2026-10-07T06:22:05.7042032Z [  19% ] [90m[1mupdate_scripts_classes[22m | [39m[0m
2026-10-07T06:22:05.7042343Z [  19% ] [90m[1mupdate_scripts_classes[22m | [39m[0m
2026-10-07T06:22:05.7042653Z [  19% ] [90m[1mupdate_scripts_classes[22m | [39m[0m
2026-10-07T06:22:05.7043141Z [  19% ] [90m[1mupdate_scripts_classes[22m | [39m[0m
2026-10-07T06:22:05.7043553Z [  19% ] [90m[1mupdate_scripts_classes[22m | [39m[0m
2026-10-07T06:22:05.7043862Z [  19% ] [90m[1mupdate_scripts_classes[22m | [39m[0m
2026-10-07T06:22:05.7044171Z [  19% ] [90m[1mupdate_scripts_classes[22m | [39m[0m
2026-10-07T06:22:05.7044480Z [  19% ] [90m[1mupdate_scripts_classes[22m | [39m[0m
2026-10-07T06:22:05.7044791Z [  19% ] [90m[1mupdate_scripts_classes[22m | [39m[0m
2026-10-07T06:22:05.7045105Z [  19% ] [90m[1mupdate_scripts_classes[22m | [39m[0m
2026-10-07T06:22:05.7045414Z [  19% ] [90m[1mupdate_scripts_classes[22m | [39m[0m
2026-10-07T06:22:05.7045726Z [  19% ] [90m[1mupdate_scripts_classes[22m | [39m[0m
2026-10-07T06:22:05.7046034Z [  19% ] [90m[1mupdate_scripts_classes[22m | [39m[0m
2026-10-07T06:22:05.7046344Z [  19% ] [90m[1mupdate_scripts_classes[22m | [39m[0m
2026-10-07T06:22:05.7046656Z [  19% ] [90m[1mupdate_scripts_classes[22m | [39m[0m
2026-10-07T06:22:05.7046967Z [  19% ] [90m[1mupdate_scripts_classes[22m | [39m[0m
2026-10-07T06:22:05.7047277Z [  19% ] [90m[1mupdate_scripts_classes[22m | [39m[0m
2026-10-07T06:22:05.7047586Z [  19% ] [90m[1mupdate_scripts_classes[22m | [39m[0m
2026-10-07T06:22:05.7047896Z [  19% ] [90m[1mupdate_scripts_classes[22m | [39m[0m
2026-10-07T06:22:05.7048209Z [  19% ] [90m[1mupdate_scripts_classes[22m | [39m[0m
2026-10-07T06:22:05.7048517Z [  19% ] [90m[1mupdate_scripts_classes[22m | [39m[0m
2026-10-07T06:22:05.7048938Z [  19% ] [90m[1mupdate_scripts_classes[22m | [39m[0m
2026-10-07T06:22:05.7049248Z [  19% ] [90m[1mupdate_scripts_classes[22m | [39m[0m
2026-10-07T06:22:05.7049556Z [  19% ] [90m[1mupdate_scripts_classes[22m | [39m[0m
2026-10-07T06:22:05.7049867Z [  19% ] [90m[1mupdate_scripts_classes[22m | [39m[0m
2026-10-07T06:22:05.7050177Z [  19% ] [90m[1mupdate_scripts_classes[22m | [39m[0m
2026-10-07T06:22:05.7050490Z [  19% ] [90m[1mupdate_scripts_classes[22m | [39m[0m
2026-10-07T06:22:05.7050800Z [  20% ] [90m[1mupdate_scripts_classes[22m | [39m[0m
2026-10-07T06:22:05.7051110Z [  20% ] [90m[1mupdate_scripts_classes[22m | [39m[0m
2026-10-07T06:22:05.7051421Z [  20% ] [90m[1mupdate_scripts_classes[22m | [39m[0m
2026-10-07T06:22:05.7051730Z [  20% ] [90m[1mupdate_scripts_classes[22m | [39m[0m
2026-10-07T06:22:05.7052041Z [  20% ] [90m[1mupdate_scripts_classes[22m | [39m[0m
2026-10-07T06:22:05.7052351Z [  20% ] [90m[1mupdate_scripts_classes[22m | [39m[0m
2026-10-07T06:22:05.7052746Z [  20% ] [90m[1mupdate_scripts_classes[22m | [39m[0m
2026-10-07T06:22:05.7053198Z [  20% ] [90m[1mupdate_scripts_classes[22m | [39m[0m
2026-10-07T06:22:05.7053506Z [  20% ] [90m[1mupdate_scripts_classes[22m | [39m[0m
2026-10-07T06:22:05.7053819Z [  20% ] [90m[1mupdate_scripts_classes[22m | [39m[0m
2026-10-07T06:22:05.7054127Z [  20% ] [90m[1mupdate_scripts_classes[22m | [39m[0m
2026-10-07T06:22:05.7054434Z [  20% ] [90m[1mupdate_scripts_classes[22m | [39m[0m
2026-10-07T06:22:05.7054746Z [  20% ] [90m[1mupdate_scripts_classes[22m | [39m[0m
2026-10-07T06:22:05.7055055Z [  20% ] [90m[1mupdate_scripts_classes[22m | [39m[0m
2026-10-07T06:22:05.7055362Z [  20% ] [90m[1mupdate_scripts_classes[22m | [39m[0m
2026-10-07T06:22:05.7055672Z [  20% ] [90m[1mupdate_scripts_classes[22m | [39m[0m
2026-10-07T06:22:05.7055980Z [  20% ] [90m[1mupdate_scripts_classes[22m | [39m[0m
2026-10-07T06:22:05.7056296Z [  20% ] [90m[1mupdate_scripts_classes[22m | [39m[0m
2026-10-07T06:22:05.7056607Z [  20% ] [90m[1mupdate_scripts_classes[22m | [39m[0m
2026-10-07T06:22:05.7056916Z [  20% ] [90m[1mupdate_scripts_classes[22m | [39m[0m
2026-10-07T06:22:05.7057228Z [  20% ] [90m[1mupdate_scripts_classes[22m | [39m[0m
2026-10-07T06:22:05.7057537Z [  20% ] [90m[1mupdate_scripts_classes[22m | [39m[0m
2026-10-07T06:22:05.7057850Z [  20% ] [90m[1mupdate_scripts_classes[22m | [39m[0m
2026-10-07T06:22:05.7058160Z [  20% ] [90m[1mupdate_scripts_classes[22m | [39m[0m
2026-10-07T06:22:05.7058480Z [  20% ] [90m[1mupdate_scripts_classes[22m | [39m[0m
2026-10-07T06:22:05.7058794Z [  20% ] [90m[1mupdate_scripts_classes[22m | [39m[0m
2026-10-07T06:22:05.7059103Z [  20% ] [90m[1mupdate_scripts_classes[22m | [39m[0m
2026-10-07T06:22:05.7059417Z [  20% ] [90m[1mupdate_scripts_classes[22m | [39m[0m
2026-10-07T06:22:05.7059725Z [  20% ] [90m[1mupdate_scripts_classes[22m | [39m[0m
2026-10-07T06:22:05.7060078Z [  20% ] [90m[1mupdate_scripts_classes[22m | [39m[0m
2026-10-07T06:22:05.7060393Z [  20% ] [90m[1mupdate_scripts_classes[22m | [39m[0m
2026-10-07T06:22:05.7060701Z [  21% ] [90m[1mupdate_scripts_classes[22m | [39m[0m
2026-10-07T06:22:05.7061012Z [  21% ] [90m[1mupdate_scripts_classes[22m | [39m[0m
2026-10-07T06:22:05.7061321Z [  21% ] [90m[1mupdate_scripts_classes[22m | [39m[0m
2026-10-07T06:22:05.7061630Z [  21% ] [90m[1mupdate_scripts_classes[22m | [39m[0m
2026-10-07T06:22:05.7061943Z [  21% ] [90m[1mupdate_scripts_classes[22m | [39m[0m
2026-10-07T06:22:05.7062252Z [  21% ] [90m[1mupdate_scripts_classes[22m | [39m[0m
2026-10-07T06:22:05.7062562Z [  21% ] [90m[1mupdate_scripts_classes[22m | [39m[0m
2026-10-07T06:22:05.7062870Z [  21% ] [90m[1mupdate_scripts_classes[22m | [39m[0m
2026-10-07T06:22:05.7063262Z [  21% ] [90m[1mupdate_scripts_classes[22m | [39m[0m
2026-10-07T06:22:05.7063573Z [  21% ] [90m[1mupdate_scripts_classes[22m | [39m[0m
2026-10-07T06:22:05.7063993Z [  21% ] [90m[1mupdate_scripts_classes[22m | [39m[0m
2026-10-07T06:22:05.7064301Z [  21% ] [90m[1mupdate_scripts_classes[22m | [39m[0m
2026-10-07T06:22:05.7064613Z [  21% ] [90m[1mupdate_scripts_classes[22m | [39m[0m
2026-10-07T06:22:05.7064922Z [  21% ] [90m[1mupdate_scripts_classes[22m | [39m[0m
2026-10-07T06:22:05.7065234Z [  21% ] [90m[1mupdate_scripts_classes[22m | [39m[0m
2026-10-07T06:22:05.7065543Z [  21% ] [90m[1mupdate_scripts_classes[22m | [39m[0m
2026-10-07T06:22:05.7065853Z [  21% ] [90m[1mupdate_scripts_classes[22m | [39m[0m
2026-10-07T06:22:05.7066167Z [  21% ] [90m[1mupdate_scripts_classes[22m | [39m[0m
2026-10-07T06:22:05.7066478Z [  21% ] [90m[1mupdate_scripts_classes[22m | [39m[0m
2026-10-07T06:22:05.7066791Z [  21% ] [90m[1mupdate_scripts_classes[22m | [39m[0m
2026-10-07T06:22:05.7067099Z [  21% ] [90m[1mupdate_scripts_classes[22m | [39m[0m
2026-10-07T06:22:05.7067411Z [  21% ] [90m[1mupdate_scripts_classes[22m | [39m[0m
2026-10-07T06:22:05.7067856Z [  21% ] [90m[1mupdate_scripts_classes[22m | [39m[0m
2026-10-07T06:22:05.7068165Z [  21% ] [90m[1mupdate_scripts_classes[22m | [39m[0m
2026-10-07T06:22:05.7068476Z [  21% ] [90m[1mupdate_scripts_classes[22m | [39m[0m
2026-10-07T06:22:05.7068786Z [  21% ] [90m[1mupdate_scripts_classes[22m | [39m[0m
2026-10-07T06:22:05.7069097Z [  21% ] [90m[1mupdate_scripts_classes[22m | [39m[0m
2026-10-07T06:22:05.7069407Z [  21% ] [90m[1mupdate_scripts_classes[22m | [39m[0m
2026-10-07T06:22:05.7069717Z [  21% ] [90m[1mupdate_scripts_classes[22m | [39m[0m
2026-10-07T06:22:05.7070028Z [  21% ] [90m[1mupdate_scripts_classes[22m | [39m[0m
2026-10-07T06:22:05.7070339Z [  21% ] [90m[1mupdate_scripts_classes[22m | [39m[0m
2026-10-07T06:22:05.7070633Z [  22% ] [90m[1mupdate_scripts_classes[22m | [39m[0m
2026-10-07T06:22:05.7070836Z [  22% ] [90m[1mupdate_scripts_classes[22m | [39m[0m
2026-10-07T06:22:05.7071037Z [  22% ] [90m[1mupdate_scripts_classes[22m | [39m[0m
2026-10-07T06:22:05.7071241Z [  22% ] [90m[1mupdate_scripts_classes[22m | [39m[0m
2026-10-07T06:22:05.7071445Z [  22% ] [90m[1mupdate_scripts_classes[22m | [39m[0m
2026-10-07T06:22:05.7071643Z [  22% ] [90m[1mupdate_scripts_classes[22m | [39m[0m
2026-10-07T06:22:05.7071845Z [  22% ] [90m[1mupdate_scripts_classes[22m | [39m[0m
2026-10-07T06:22:05.7072044Z [  22% ] [90m[1mupdate_scripts_classes[22m | [39m[0m
2026-10-07T06:22:05.7072242Z [  22% ] [90m[1mupdate_scripts_classes[22m | [39m[0m
2026-10-07T06:22:05.7072442Z [  22% ] [90m[1mupdate_scripts_classes[22m | [39m[0m
2026-10-07T06:22:05.7072641Z [  22% ] [90m[1mupdate_scripts_classes[22m | [39m[0m
2026-10-07T06:22:05.7072840Z [  22% ] [90m[1mupdate_scripts_classes[22m | [39m[0m
2026-10-07T06:22:05.7073232Z [  22% ] [90m[1mupdate_scripts_classes[22m | [39m[0m
2026-10-07T06:22:05.7073544Z [  22% ] [90m[1mupdate_scripts_classes[22m | [39m[0m
2026-10-07T06:22:05.7073861Z [  22% ] [90m[1mupdate_scripts_classes[22m | [39m[0m
2026-10-07T06:22:05.7074176Z [  22% ] [90m[1mupdate_scripts_classes[22m | [39m[0m
2026-10-07T06:22:05.7074493Z [  22% ] [90m[1mupdate_scripts_classes[22m | [39m[0m
2026-10-07T06:22:05.7074804Z [  22% ] [90m[1mupdate_scripts_classes[22m | [39m[0m
2026-10-07T06:22:05.7075117Z [  22% ] [90m[1mupdate_scripts_classes[22m | [39m[0m
2026-10-07T06:22:05.7075435Z [  22% ] [90m[1mupdate_scripts_classes[22m | [39m[0m
2026-10-07T06:22:05.7075748Z [  22% ] [90m[1mupdate_scripts_classes[22m | [39m[0m
2026-10-07T06:22:05.7075999Z [  22% ] [90m[1mupdate_scripts_classes[22m | [39m[0m
2026-10-07T06:22:05.7076196Z [  22% ] [90m[1mupdate_scripts_classes[22m | [39m[0m
2026-10-07T06:22:05.7076394Z [  22% ] [90m[1mupdate_scripts_classes[22m | [39m[0m
2026-10-07T06:22:05.7076592Z [  22% ] [90m[1mupdate_scripts_classes[22m | [39m[0m
2026-10-07T06:22:05.7076790Z [  22% ] [90m[1mupdate_scripts_classes[22m | [39m[0m
2026-10-07T06:22:05.7077082Z [  22% ] [90m[1mupdate_scripts_classes[22m | [39m[0m
2026-10-07T06:22:05.7077284Z [  22% ] [90m[1mupdate_scripts_classes[22m | [39m[0m
2026-10-07T06:22:05.7077483Z [  22% ] [90m[1mupdate_scripts_classes[22m | [39m[0m
2026-10-07T06:22:05.7077687Z [  22% ] [90m[1mupdate_scripts_classes[22m | [39m[0m
2026-10-07T06:22:05.7077887Z [  22% ] [90m[1mupdate_scripts_classes[22m | [39m[0m
2026-10-07T06:22:05.7078087Z [  23% ] [90m[1mupdate_scripts_classes[22m | [39m[0m
2026-10-07T06:22:05.7078289Z [  23% ] [90m[1mupdate_scripts_classes[22m | [39m[0m
2026-10-07T06:22:05.7078488Z [  23% ] [90m[1mupdate_scripts_classes[22m | [39m[0m
2026-10-07T06:22:05.7078690Z [  23% ] [90m[1mupdate_scripts_classes[22m | [39m[0m
2026-10-07T06:22:05.7078889Z [  23% ] [90m[1mupdate_scripts_classes[22m | [39m[0m
2026-10-07T06:22:05.7079088Z [  23% ] [90m[1mupdate_scripts_classes[22m | [39m[0m
2026-10-07T06:22:05.7079292Z [  23% ] [90m[1mupdate_scripts_classes[22m | [39m[0m
2026-10-07T06:22:05.7079572Z [  23% ] [90m[1mupdate_scripts_classes[22m | [39m[0m
2026-10-07T06:22:05.7079774Z [  23% ] [90m[1mupdate_scripts_classes[22m | [39m[0m
2026-10-07T06:22:05.7079973Z [  23% ] [90m[1mupdate_scripts_classes[22m | [39m[0m
2026-10-07T06:22:05.7080172Z [  23% ] [90m[1mupdate_scripts_classes[22m | [39m[0m
2026-10-07T06:22:05.7080375Z [  23% ] [90m[1mupdate_scripts_classes[22m | [39m[0m
2026-10-07T06:22:05.7080573Z [  23% ] [90m[1mupdate_scripts_classes[22m | [39m[0m
2026-10-07T06:22:05.7080773Z [  23% ] [90m[1mupdate_scripts_classes[22m | [39m[0m
2026-10-07T06:22:05.7080973Z [  23% ] [90m[1mupdate_scripts_classes[22m | [39m[0m
2026-10-07T06:22:05.7081172Z [  23% ] [90m[1mupdate_scripts_classes[22m | [39m[0m
2026-10-07T06:22:05.7081375Z [  23% ] [90m[1mupdate_scripts_classes[22m | [39m[0m
2026-10-07T06:22:05.7081573Z [  23% ] [90m[1mupdate_scripts_classes[22m | [39m[0m
2026-10-07T06:22:05.7081775Z [  23% ] [90m[1mupdate_scripts_classes[22m | [39m[0m
2026-10-07T06:22:05.7081976Z [  23% ] [90m[1mupdate_scripts_classes[22m | [39m[0m
2026-10-07T06:22:05.7082174Z [  23% ] [90m[1mupdate_scripts_classes[22m | [39m[0m
2026-10-07T06:22:05.7082376Z [  23% ] [90m[1mupdate_scripts_classes[22m | [39m[0m
2026-10-07T06:22:05.7082574Z [  23% ] [90m[1mupdate_scripts_classes[22m | [39m[0m
2026-10-07T06:22:05.7082770Z [  23% ] [90m[1mupdate_scripts_classes[22m | [39m[0m
2026-10-07T06:22:05.7083085Z [  23% ] [90m[1mupdate_scripts_classes[22m | [39m[0m
2026-10-07T06:22:05.7083412Z [  23% ] [90m[1mupdate_scripts_classes[22m | [39m[0m
2026-10-07T06:22:05.7083731Z [  23% ] [90m[1mupdate_scripts_classes[22m | [39m[0m
2026-10-07T06:22:05.7084039Z [  23% ] [90m[1mupdate_scripts_classes[22m | [39m[0m
2026-10-07T06:22:05.7084310Z [  23% ] [90m[1mupdate_scripts_classes[22m | [39m[0m
2026-10-07T06:22:05.7084511Z [  23% ] [90m[1mupdate_scripts_classes[22m | [39m[0m
2026-10-07T06:22:05.7084712Z [  23% ] [90m[1mupdate_scripts_classes[22m | [39m[0m
2026-10-07T06:22:05.7084916Z [  24% ] [90m[1mupdate_scripts_classes[22m | [39m[0m
2026-10-07T06:22:05.7085115Z [  24% ] [90m[1mupdate_scripts_classes[22m | [39m[0m
2026-10-07T06:22:05.7085314Z [  24% ] [90m[1mupdate_scripts_classes[22m | [39m[0m
2026-10-07T06:22:05.7085514Z [  24% ] [90m[1mupdate_scripts_classes[22m | [39m[0m
2026-10-07T06:22:05.7085712Z [  24% ] [90m[1mupdate_scripts_classes[22m | [39m[0m
2026-10-07T06:22:05.7085913Z [  24% ] [90m[1mupdate_scripts_classes[22m | [39m[0m
2026-10-07T06:22:05.7086111Z [  24% ] [90m[1mupdate_scripts_classes[22m | [39m[0m
2026-10-07T06:22:05.7086308Z [  24% ] [90m[1mupdate_scripts_classes[22m | [39m[0m
2026-10-07T06:22:05.7086506Z [  24% ] [90m[1mupdate_scripts_classes[22m | [39m[0m
2026-10-07T06:22:05.7086702Z [  24% ] [90m[1mupdate_scripts_classes[22m | [39m[0m
2026-10-07T06:22:05.7086900Z [  24% ] [90m[1mupdate_scripts_classes[22m | [39m[0m
2026-10-07T06:22:05.7087191Z [  24% ] [90m[1mupdate_scripts_classes[22m | [39m[0m
2026-10-07T06:22:05.7087393Z [  24% ] [90m[1mupdate_scripts_classes[22m | [39m[0m
2026-10-07T06:22:05.7087595Z [  24% ] [90m[1mupdate_scripts_classes[22m | [39m[0m
2026-10-07T06:22:05.7087794Z [  24% ] [90m[1mupdate_scripts_classes[22m | [39m[0m
2026-10-07T06:22:05.7087995Z [  24% ] [90m[1mupdate_scripts_classes[22m | [39m[0m
2026-10-07T06:22:05.7088194Z [  24% ] [90m[1mupdate_scripts_classes[22m | [39m[0m
2026-10-07T06:22:05.7088395Z [  24% ] [90m[1mupdate_scripts_classes[22m | [39m[0m
2026-10-07T06:22:05.7088598Z [  24% ] [90m[1mupdate_scripts_classes[22m | [39m[0m
2026-10-07T06:22:05.7088797Z [  24% ] [90m[1mupdate_scripts_classes[22m | [39m[0m
2026-10-07T06:22:05.7088998Z [  24% ] [90m[1mupdate_scripts_classes[22m | [39m[0m
2026-10-07T06:22:05.7089199Z [  24% ] [90m[1mupdate_scripts_classes[22m | [39m[0m
2026-10-07T06:22:05.7089399Z [  24% ] [90m[1mupdate_scripts_classes[22m | [39m[0m
2026-10-07T06:22:05.7089680Z [  24% ] [90m[1mupdate_scripts_classes[22m | [39m[0m
2026-10-07T06:22:05.7089881Z [  24% ] [90m[1mupdate_scripts_classes[22m | [39m[0m
2026-10-07T06:22:05.7090080Z [  24% ] [90m[1mupdate_scripts_classes[22m | [39m[0m
2026-10-07T06:22:05.7090282Z [  24% ] [90m[1mupdate_scripts_classes[22m | [39m[0m
2026-10-07T06:22:05.7090481Z [  24% ] [90m[1mupdate_scripts_classes[22m | [39m[0m
2026-10-07T06:22:05.7090682Z [  24% ] [90m[1mupdate_scripts_classes[22m | [39m[0m
2026-10-07T06:22:05.7090883Z [  24% ] [90m[1mupdate_scripts_classes[22m | [39m[0m
2026-10-07T06:22:05.7091081Z [  24% ] [90m[1mupdate_scripts_classes[22m | [39m[0m
2026-10-07T06:22:05.7091281Z [  25% ] [90m[1mupdate_scripts_classes[22m | [39m[0m
2026-10-07T06:22:05.7091479Z [  25% ] [90m[1mupdate_scripts_classes[22m | [39m[0m
2026-10-07T06:22:05.7091681Z [  25% ] [90m[1mupdate_scripts_classes[22m | [39m[0m
2026-10-07T06:22:05.7091880Z [  25% ] [90m[1mupdate_scripts_classes[22m | [39m[0m
2026-10-07T06:22:05.7092084Z [  25% ] [90m[1mupdate_scripts_classes[22m | [39m[0m
2026-10-07T06:22:05.7092286Z [  25% ] [90m[1mupdate_scripts_classes[22m | [39m[0m
2026-10-07T06:22:05.7092486Z [  25% ] [90m[1mupdate_scripts_classes[22m | [39m[0m
2026-10-07T06:22:05.7092686Z [  25% ] [90m[1mupdate_scripts_classes[22m | [39m[0m
2026-10-07T06:22:05.7092884Z [  25% ] [90m[1mupdate_scripts_classes[22m | [39m[0m
2026-10-07T06:22:05.7093154Z [  25% ] [90m[1mupdate_scripts_classes[22m | [39m[0m
2026-10-07T06:22:05.7093355Z [  25% ] [90m[1mupdate_scripts_classes[22m | [39m[0m
2026-10-07T06:22:05.7093553Z [  25% ] [90m[1mupdate_scripts_classes[22m | [39m[0m
2026-10-07T06:22:05.7093757Z [  25% ] [90m[1mupdate_scripts_classes[22m | [39m[0m
2026-10-07T06:22:05.7093955Z [  25% ] [90m[1mupdate_scripts_classes[22m | [39m[0m
2026-10-07T06:22:05.7094153Z [  25% ] [90m[1mupdate_scripts_classes[22m | [39m[0m
2026-10-07T06:22:05.7094355Z [  25% ] [90m[1mupdate_scripts_classes[22m | [39m[0m
2026-10-07T06:22:05.7094555Z [  25% ] [90m[1mupdate_scripts_classes[22m | [39m[0m
2026-10-07T06:22:05.7094755Z [  25% ] [90m[1mupdate_scripts_classes[22m | [39m[0m
2026-10-07T06:22:05.7094961Z [  25% ] [90m[1mupdate_scripts_classes[22m | [39m[0m
2026-10-07T06:22:05.7095157Z [  25% ] [90m[1mupdate_scripts_classes[22m | [39m[0m
2026-10-07T06:22:05.7095358Z [  25% ] [90m[1mupdate_scripts_classes[22m | [39m[0m
2026-10-07T06:22:05.7095557Z [  25% ] [90m[1mupdate_scripts_classes[22m | [39m[0m
2026-10-07T06:22:05.7095756Z [  25% ] [90m[1mupdate_scripts_classes[22m | [39m[0m
2026-10-07T06:22:05.7095957Z [  25% ] [90m[1mupdate_scripts_classes[22m | [39m[0m
2026-10-07T06:22:05.7096155Z [  25% ] [90m[1mupdate_scripts_classes[22m | [39m[0m
2026-10-07T06:22:05.7096355Z [  25% ] [90m[1mupdate_scripts_classes[22m | [39m[0m
2026-10-07T06:22:05.7096554Z [  25% ] [90m[1mupdate_scripts_classes[22m | [39m[0m
2026-10-07T06:22:05.7096755Z [  25% ] [90m[1mupdate_scripts_classes[22m | [39m[0m
2026-10-07T06:22:05.7097051Z [  25% ] [90m[1mupdate_scripts_classes[22m | [39m[0m
2026-10-07T06:22:05.7097251Z [  25% ] [90m[1mupdate_scripts_classes[22m | [39m[0m
2026-10-07T06:22:05.7097452Z [  25% ] [90m[1mupdate_scripts_classes[22m | [39m[0m
2026-10-07T06:22:05.7097654Z [  26% ] [90m[1mupdate_scripts_classes[22m | [39m[0m
2026-10-07T06:22:05.7097854Z [  26% ] [90m[1mupdate_scripts_classes[22m | [39m[0m
2026-10-07T06:22:05.7098057Z [  26% ] [90m[1mupdate_scripts_classes[22m | [39m[0m
2026-10-07T06:22:05.7098257Z [  26% ] [90m[1mupdate_scripts_classes[22m | [39m[0m
2026-10-07T06:22:05.7098459Z [  26% ] [90m[1mupdate_scripts_classes[22m | [39m[0m
2026-10-07T06:22:05.7098663Z [  26% ] [90m[1mupdate_scripts_classes[22m | [39m[0m
2026-10-07T06:22:05.7098862Z [  26% ] [90m[1mupdate_scripts_classes[22m | [39m[0m
2026-10-07T06:22:05.7099065Z [  26% ] [90m[1mupdate_scripts_classes[22m | [39m[0m
2026-10-07T06:22:05.7099347Z [  26% ] [90m[1mupdate_scripts_classes[22m | [39m[0m
2026-10-07T06:22:05.7099624Z [  26% ] [90m[1mupdate_scripts_classes[22m | [39m[0m
2026-10-07T06:22:05.7100030Z [  26% ] [90m[1mupdate_scripts_classes[22m | [39m[0m
2026-10-07T06:22:05.7100351Z [  26% ] [90m[1mupdate_scripts_classes[22m | [39m[0m
2026-10-07T06:22:05.7100621Z [  26% ] [90m[1mupdate_scripts_classes[22m | [39m[0m
2026-10-07T06:22:05.7100952Z [  26% ] [90m[1mupdate_scripts_classes[22m | [39m[0m
2026-10-07T06:22:05.7112053Z [  26% ] [90m[1mupdate_scripts_classes[22m | [39m[0m
2026-10-07T06:22:05.7112368Z [  26% ] [90m[1mupdate_scripts_classes[22m | [39m[0m
2026-10-07T06:22:05.7112573Z [  26% ] [90m[1mupdate_scripts_classes[22m | [39m[0m
2026-10-07T06:22:05.7112777Z [  26% ] [90m[1mupdate_scripts_classes[22m | [39m[0m
2026-10-07T06:22:05.7113158Z [  26% ] [90m[1mupdate_scripts_classes[22m | [39m[0m
2026-10-07T06:22:05.7113481Z [  26% ] [90m[1mupdate_scripts_classes[22m | [39m[0m
2026-10-07T06:22:05.7113803Z [  26% ] [90m[1mupdate_scripts_classes[22m | [39m[0m
2026-10-07T06:22:05.7114113Z [  26% ] [90m[1mupdate_scripts_classes[22m | [39m[0m
2026-10-07T06:22:05.7114428Z [  26% ] [90m[1mupdate_scripts_classes[22m | [39m[0m
2026-10-07T06:22:05.7114742Z [  26% ] [90m[1mupdate_scripts_classes[22m | [39m[0m
2026-10-07T06:22:05.7115051Z [  26% ] [90m[1mupdate_scripts_classes[22m | [39m[0m
2026-10-07T06:22:05.7115366Z [  26% ] [90m[1mupdate_scripts_classes[22m | [39m[0m
2026-10-07T06:22:05.7115675Z [  26% ] [90m[1mupdate_scripts_classes[22m | [39m[0m
2026-10-07T06:22:05.7115987Z [  26% ] [90m[1mupdate_scripts_classes[22m | [39m[0m
2026-10-07T06:22:05.7116297Z [  26% ] [90m[1mupdate_scripts_classes[22m | [39m[0m
2026-10-07T06:22:05.7116607Z [  26% ] [90m[1mupdate_scripts_classes[22m | [39m[0m
2026-10-07T06:22:05.7116921Z [  26% ] [90m[1mupdate_scripts_classes[22m | [39m[0m
2026-10-07T06:22:05.7117231Z [  27% ] [90m[1mupdate_scripts_classes[22m | [39m[0m
2026-10-07T06:22:05.7117550Z [  27% ] [90m[1mupdate_scripts_classes[22m | [39m[0m
2026-10-07T06:22:05.7117860Z [  27% ] [90m[1mupdate_scripts_classes[22m | [39m[0m
2026-10-07T06:22:05.7118171Z [  27% ] [90m[1mupdate_scripts_classes[22m | [39m[0m
2026-10-07T06:22:05.7118486Z [  27% ] [90m[1mupdate_scripts_classes[22m | [39m[0m
2026-10-07T06:22:05.7118795Z [  27% ] [90m[1mupdate_scripts_classes[22m | [39m[0m
2026-10-07T06:22:05.7119110Z [  27% ] [90m[1mupdate_scripts_classes[22m | [39m[0m
2026-10-07T06:22:05.7119421Z [  27% ] [90m[1mupdate_scripts_classes[22m | [39m[0m
2026-10-07T06:22:05.7119731Z [  27% ] [90m[1mupdate_scripts_classes[22m | [39m[0m
2026-10-07T06:22:05.7120043Z [  27% ] [90m[1mupdate_scripts_classes[22m | [39m[0m
2026-10-07T06:22:05.7120355Z [  27% ] [90m[1mupdate_scripts_classes[22m | [39m[0m
2026-10-07T06:22:05.7120665Z [  27% ] [90m[1mupdate_scripts_classes[22m | [39m[0m
2026-10-07T06:22:05.7120980Z [  27% ] [90m[1mupdate_scripts_classes[22m | [39m[0m
2026-10-07T06:22:05.7121426Z [  27% ] [90m[1mupdate_scripts_classes[22m | [39m[0m
2026-10-07T06:22:05.7121740Z [  27% ] [90m[1mupdate_scripts_classes[22m | [39m[0m
2026-10-07T06:22:05.7122050Z [  27% ] [90m[1mupdate_scripts_classes[22m | [39m[0m
2026-10-07T06:22:05.7122360Z [  27% ] [90m[1mupdate_scripts_classes[22m | [39m[0m
2026-10-07T06:22:05.7122673Z [  27% ] [90m[1mupdate_scripts_classes[22m | [39m[0m
2026-10-07T06:22:05.7123079Z [  27% ] [90m[1mupdate_scripts_classes[22m | [39m[0m
2026-10-07T06:22:05.7123393Z [  27% ] [90m[1mupdate_scripts_classes[22m | [39m[0m
2026-10-07T06:22:05.7123701Z [  27% ] [90m[1mupdate_scripts_classes[22m | [39m[0m
2026-10-07T06:22:05.7124012Z [  27% ] [90m[1mupdate_scripts_classes[22m | [39m[0m
2026-10-07T06:22:05.7124327Z [  27% ] [90m[1mupdate_scripts_classes[22m | [39m[0m
2026-10-07T06:22:05.7124637Z [  27% ] [90m[1mupdate_scripts_classes[22m | [39m[0m
2026-10-07T06:22:05.7125043Z [  27% ] [90m[1mupdate_scripts_classes[22m | [39m[0m
2026-10-07T06:22:05.7125354Z [  27% ] [90m[1mupdate_scripts_classes[22m | [39m[0m
2026-10-07T06:22:05.7125663Z [  27% ] [90m[1mupdate_scripts_classes[22m | [39m[0m
2026-10-07T06:22:05.7125976Z [  27% ] [90m[1mupdate_scripts_classes[22m | [39m[0m
2026-10-07T06:22:05.7126287Z [  27% ] [90m[1mupdate_scripts_classes[22m | [39m[0m
2026-10-07T06:22:05.7126601Z [  27% ] [90m[1mupdate_scripts_classes[22m | [39m[0m
2026-10-07T06:22:05.7126912Z [  27% ] [90m[1mupdate_scripts_classes[22m | [39m[0m
2026-10-07T06:22:05.7127222Z [  28% ] [90m[1mupdate_scripts_classes[22m | [39m[0m
2026-10-07T06:22:05.7127537Z [  28% ] [90m[1mupdate_scripts_classes[22m | [39m[0m
2026-10-07T06:22:05.7127845Z [  28% ] [90m[1mupdate_scripts_classes[22m | [39m[0m
2026-10-07T06:22:05.7128157Z [  28% ] [90m[1mupdate_scripts_classes[22m | [39m[0m
2026-10-07T06:22:05.7128467Z [  28% ] [90m[1mupdate_scripts_classes[22m | [39m[0m
2026-10-07T06:22:05.7128784Z [  28% ] [90m[1mupdate_scripts_classes[22m | [39m[0m
2026-10-07T06:22:05.7129096Z [  28% ] [90m[1mupdate_scripts_classes[22m | [39m[0m
2026-10-07T06:22:05.7129406Z [  28% ] [90m[1mupdate_scripts_classes[22m | [39m[0m
2026-10-07T06:22:05.7129719Z [  28% ] [90m[1mupdate_scripts_classes[22m | [39m[0m
2026-10-07T06:22:05.7130031Z [  28% ] [90m[1mupdate_scripts_classes[22m | [39m[0m
2026-10-07T06:22:05.7130340Z [  28% ] [90m[1mupdate_scripts_classes[22m | [39m[0m
2026-10-07T06:22:05.7130651Z [  28% ] [90m[1mupdate_scripts_classes[22m | [39m[0m
2026-10-07T06:22:05.7130957Z [  28% ] [90m[1mupdate_scripts_classes[22m | [39m[0m
2026-10-07T06:22:05.7131268Z [  28% ] [90m[1mupdate_scripts_classes[22m | [39m[0m
2026-10-07T06:22:05.7131578Z [  28% ] [90m[1mupdate_scripts_classes[22m | [39m[0m
2026-10-07T06:22:05.7131883Z [  28% ] [90m[1mupdate_scripts_classes[22m | [39m[0m
2026-10-07T06:22:05.7132192Z [  28% ] [90m[1mupdate_scripts_classes[22m | [39m[0m
2026-10-07T06:22:05.7132503Z [  28% ] [90m[1mupdate_scripts_classes[22m | [39m[0m
2026-10-07T06:22:05.7132815Z [  28% ] [90m[1mupdate_scripts_classes[22m | [39m[0m
2026-10-07T06:22:05.7133215Z [  28% ] [90m[1mupdate_scripts_classes[22m | [39m[0m
2026-10-07T06:22:05.7133521Z [  28% ] [90m[1mupdate_scripts_classes[22m | [39m[0m
2026-10-07T06:22:05.7133830Z [  28% ] [90m[1mupdate_scripts_classes[22m | [39m[0m
2026-10-07T06:22:05.7134139Z [  28% ] [90m[1mupdate_scripts_classes[22m | [39m[0m
2026-10-07T06:22:05.7134445Z [  28% ] [90m[1mupdate_scripts_classes[22m | [39m[0m
2026-10-07T06:22:05.7134756Z [  28% ] [90m[1mupdate_scripts_classes[22m | [39m[0m
2026-10-07T06:22:05.7135063Z [  28% ] [90m[1mupdate_scripts_classes[22m | [39m[0m
2026-10-07T06:22:05.7135375Z [  28% ] [90m[1mupdate_scripts_classes[22m | [39m[0m
2026-10-07T06:22:05.7135683Z [  28% ] [90m[1mupdate_scripts_classes[22m | [39m[0m
2026-10-07T06:22:05.7135993Z [  28% ] [90m[1mupdate_scripts_classes[22m | [39m[0m
2026-10-07T06:22:05.7136404Z [  28% ] [90m[1mupdate_scripts_classes[22m | [39m[0m
2026-10-07T06:22:05.7136713Z [  28% ] [90m[1mupdate_scripts_classes[22m | [39m[0m
2026-10-07T06:22:05.7137023Z [  29% ] [90m[1mupdate_scripts_classes[22m | [39m[0m
2026-10-07T06:22:05.7137332Z [  29% ] [90m[1mupdate_scripts_classes[22m | [39m[0m
2026-10-07T06:22:05.7137639Z [  29% ] [90m[1mupdate_scripts_classes[22m | [39m[0m
2026-10-07T06:22:05.7137949Z [  29% ] [90m[1mupdate_scripts_classes[22m | [39m[0m
2026-10-07T06:22:05.7138256Z [  29% ] [90m[1mupdate_scripts_classes[22m | [39m[0m
2026-10-07T06:22:05.7138569Z [  29% ] [90m[1mupdate_scripts_classes[22m | [39m[0m
2026-10-07T06:22:05.7138876Z [  29% ] [90m[1mupdate_scripts_classes[22m | [39m[0m
2026-10-07T06:22:05.7139183Z [  29% ] [90m[1mupdate_scripts_classes[22m | [39m[0m
2026-10-07T06:22:05.7139495Z [  29% ] [90m[1mupdate_scripts_classes[22m | [39m[0m
2026-10-07T06:22:05.7139894Z [  29% ] [90m[1mupdate_scripts_classes[22m | [39m[0m
2026-10-07T06:22:05.7140202Z [  29% ] [90m[1mupdate_scripts_classes[22m | [39m[0m
2026-10-07T06:22:05.7140509Z [  29% ] [90m[1mupdate_scripts_classes[22m | [39m[0m
2026-10-07T06:22:05.7140815Z [  29% ] [90m[1mupdate_scripts_classes[22m | [39m[0m
2026-10-07T06:22:05.7141125Z [  29% ] [90m[1mupdate_scripts_classes[22m | [39m[0m
2026-10-07T06:22:05.7141431Z [  29% ] [90m[1mupdate_scripts_classes[22m | [39m[0m
2026-10-07T06:22:05.7141740Z [  29% ] [90m[1mupdate_scripts_classes[22m | [39m[0m
2026-10-07T06:22:05.7142049Z [  29% ] [90m[1mupdate_scripts_classes[22m | [39m[0m
2026-10-07T06:22:05.7142357Z [  29% ] [90m[1mupdate_scripts_classes[22m | [39m[0m
2026-10-07T06:22:05.7142666Z [  29% ] [90m[1mupdate_scripts_classes[22m | [39m[0m
2026-10-07T06:22:05.7143073Z [  29% ] [90m[1mupdate_scripts_classes[22m | [39m[0m
2026-10-07T06:22:05.7143379Z [  29% ] [90m[1mupdate_scripts_classes[22m | [39m[0m
2026-10-07T06:22:05.7143697Z [  29% ] [90m[1mupdate_scripts_classes[22m | [39m[0m
2026-10-07T06:22:05.7143918Z [  29% ] [90m[1mupdate_scripts_classes[22m | [39m[0m
2026-10-07T06:22:05.7144114Z [  29% ] [90m[1mupdate_scripts_classes[22m | [39m[0m
2026-10-07T06:22:05.7144308Z [  29% ] [90m[1mupdate_scripts_classes[22m | [39m[0m
2026-10-07T06:22:05.7144503Z [  29% ] [90m[1mupdate_scripts_classes[22m | [39m[0m
2026-10-07T06:22:05.7144701Z [  29% ] [90m[1mupdate_scripts_classes[22m | [39m[0m
2026-10-07T06:22:05.7144896Z [  29% ] [90m[1mupdate_scripts_classes[22m | [39m[0m
2026-10-07T06:22:05.7145096Z [  29% ] [90m[1mupdate_scripts_classes[22m | [39m[0m
2026-10-07T06:22:05.7145291Z [  29% ] [90m[1mupdate_scripts_classes[22m | [39m[0m
2026-10-07T06:22:05.7145488Z [  29% ] [90m[1mupdate_scripts_classes[22m | [39m[0m
2026-10-07T06:22:05.7145686Z [  30% ] [90m[1mupdate_scripts_classes[22m | [39m[0m
2026-10-07T06:22:05.7145882Z [  30% ] [90m[1mupdate_scripts_classes[22m | [39m[0m
2026-10-07T06:22:05.7146084Z [  30% ] [90m[1mupdate_scripts_classes[22m | [39m[0m
2026-10-07T06:22:05.7146279Z [  30% ] [90m[1mupdate_scripts_classes[22m | [39m[0m
2026-10-07T06:22:05.7146474Z [  30% ] [90m[1mupdate_scripts_classes[22m | [39m[0m
2026-10-07T06:22:05.7146673Z [  30% ] [90m[1mupdate_scripts_classes[22m | [39m[0m
2026-10-07T06:22:05.7146869Z [  30% ] [90m[1mupdate_scripts_classes[22m | [39m[0m
2026-10-07T06:22:05.7147067Z [  30% ] [90m[1mupdate_scripts_classes[22m | [39m[0m
2026-10-07T06:22:05.7147263Z [  30% ] [90m[1mupdate_scripts_classes[22m | [39m[0m
2026-10-07T06:22:05.7147458Z [  30% ] [90m[1mupdate_scripts_classes[22m | [39m[0m
2026-10-07T06:22:05.7147656Z [  30% ] [90m[1mupdate_scripts_classes[22m | [39m[0m
2026-10-07T06:22:05.7147855Z [  30% ] [90m[1mupdate_scripts_classes[22m | [39m[0m
2026-10-07T06:22:05.7148051Z [  30% ] [90m[1mupdate_scripts_classes[22m | [39m[0m
2026-10-07T06:22:05.7148250Z [  30% ] [90m[1mupdate_scripts_classes[22m | [39m[0m
2026-10-07T06:22:05.7148537Z [  30% ] [90m[1mupdate_scripts_classes[22m | [39m[0m
2026-10-07T06:22:05.7148739Z [  30% ] [90m[1mupdate_scripts_classes[22m | [39m[0m
2026-10-07T06:22:05.7148936Z [  30% ] [90m[1mupdate_scripts_classes[22m | [39m[0m
2026-10-07T06:22:05.7149133Z [  30% ] [90m[1mupdate_scripts_classes[22m | [39m[0m
2026-10-07T06:22:05.7149332Z [  30% ] [90m[1mupdate_scripts_classes[22m | [39m[0m
2026-10-07T06:22:05.7149529Z [  30% ] [90m[1mupdate_scripts_classes[22m | [39m[0m
2026-10-07T06:22:05.7149729Z [  30% ] [90m[1mupdate_scripts_classes[22m | [39m[0m
2026-10-07T06:22:05.7149924Z [  30% ] [90m[1mupdate_scripts_classes[22m | [39m[0m
2026-10-07T06:22:05.7150119Z [  30% ] [90m[1mupdate_scripts_classes[22m | [39m[0m
2026-10-07T06:22:05.7150318Z [  30% ] [90m[1mupdate_scripts_classes[22m | [39m[0m
2026-10-07T06:22:05.7150513Z [  30% ] [90m[1mupdate_scripts_classes[22m | [39m[0m
2026-10-07T06:22:05.7150826Z [  30% ] [90m[1mupdate_scripts_classes[22m | [39m[0m
2026-10-07T06:22:05.7151024Z [  30% ] [90m[1mupdate_scripts_classes[22m | [39m[0m
2026-10-07T06:22:05.7151220Z [  30% ] [90m[1mupdate_scripts_classes[22m | [39m[0m
2026-10-07T06:22:05.7151419Z [  30% ] [90m[1mupdate_scripts_classes[22m | [39m[0m
2026-10-07T06:22:05.7151617Z [  30% ] [90m[1mupdate_scripts_classes[22m | [39m[0m
2026-10-07T06:22:05.7151883Z [  30% ] [90m[1mupdate_scripts_classes[22m | [39m[0m
2026-10-07T06:22:05.7152081Z [  31% ] [90m[1mupdate_scripts_classes[22m | [39m[0m
2026-10-07T06:22:05.7152278Z [  31% ] [90m[1mupdate_scripts_classes[22m | [39m[0m
2026-10-07T06:22:05.7152480Z [  31% ] [90m[1mupdate_scripts_classes[22m | [39m[0m
2026-10-07T06:22:05.7152677Z [  31% ] [90m[1mupdate_scripts_classes[22m | [39m[0m
2026-10-07T06:22:05.7152876Z [  31% ] [90m[1mupdate_scripts_classes[22m | [39m[0m
2026-10-07T06:22:05.7153227Z [  31% ] [90m[1mupdate_scripts_classes[22m | [39m[0m
2026-10-07T06:22:05.7153426Z [  31% ] [90m[1mupdate_scripts_classes[22m | [39m[0m
2026-10-07T06:22:05.7153621Z [  31% ] [90m[1mupdate_scripts_classes[22m | [39m[0m
2026-10-07T06:22:05.7153816Z [  31% ] [90m[1mupdate_scripts_classes[22m | [39m[0m
2026-10-07T06:22:05.7154009Z [  31% ] [90m[1mupdate_scripts_classes[22m | [39m[0m
2026-10-07T06:22:05.7154205Z [  31% ] [90m[1mupdate_scripts_classes[22m | [39m[0m
2026-10-07T06:22:05.7154401Z [  31% ] [90m[1mupdate_scripts_classes[22m | [39m[0m
2026-10-07T06:22:05.7154598Z [  31% ] [90m[1mupdate_scripts_classes[22m | [39m[0m
2026-10-07T06:22:05.7154792Z [  31% ] [90m[1mupdate_scripts_classes[22m | [39m[0m
2026-10-07T06:22:05.7154989Z [  31% ] [90m[1mupdate_scripts_classes[22m | [39m[0m
2026-10-07T06:22:05.7155187Z [  31% ] [90m[1mupdate_scripts_classes[22m | [39m[0m
2026-10-07T06:22:05.7155384Z [  31% ] [90m[1mupdate_scripts_classes[22m | [39m[0m
2026-10-07T06:22:05.7155580Z [  31% ] [90m[1mupdate_scripts_classes[22m | [39m[0m
2026-10-07T06:22:05.7155779Z [  31% ] [90m[1mupdate_scripts_classes[22m | [39m[0m
2026-10-07T06:22:05.7155973Z [  31% ] [90m[1mupdate_scripts_classes[22m | [39m[0m
2026-10-07T06:22:05.7156170Z [  31% ] [90m[1mupdate_scripts_classes[22m | [39m[0m
2026-10-07T06:22:05.7156366Z [  31% ] [90m[1mupdate_scripts_classes[22m | [39m[0m
2026-10-07T06:22:05.7156563Z [  31% ] [90m[1mupdate_scripts_classes[22m | [39m[0m
2026-10-07T06:22:05.7156757Z [  31% ] [90m[1mupdate_scripts_classes[22m | [39m[0m
2026-10-07T06:22:05.7156953Z [  31% ] [90m[1mupdate_scripts_classes[22m | [39m[0m
2026-10-07T06:22:05.7157152Z [  31% ] [90m[1mupdate_scripts_classes[22m | [39m[0m
2026-10-07T06:22:05.7157349Z [  31% ] [90m[1mupdate_scripts_classes[22m | [39m[0m
2026-10-07T06:22:05.7157544Z [  31% ] [90m[1mupdate_scripts_classes[22m | [39m[0m
2026-10-07T06:22:05.7157739Z [  31% ] [90m[1mupdate_scripts_classes[22m | [39m[0m
2026-10-07T06:22:05.7157935Z [  31% ] [90m[1mupdate_scripts_classes[22m | [39m[0m
2026-10-07T06:22:05.7158223Z [  31% ] [90m[1mupdate_scripts_classes[22m | [39m[0m
2026-10-07T06:22:05.7158423Z [  32% ] [90m[1mupdate_scripts_classes[22m | [39m[0m
2026-10-07T06:22:05.7158623Z [  32% ] [90m[1mupdate_scripts_classes[22m | [39m[0m
2026-10-07T06:22:05.7158821Z [  32% ] [90m[1mupdate_scripts_classes[22m | [39m[0m
2026-10-07T06:22:05.7159020Z [  32% ] [90m[1mupdate_scripts_classes[22m | [39m[0m
2026-10-07T06:22:05.7159223Z [  32% ] [90m[1mupdate_scripts_classes[22m | [39m[0m
2026-10-07T06:22:05.7159420Z [  32% ] [90m[1mupdate_scripts_classes[22m | [39m[0m
2026-10-07T06:22:05.7159619Z [  32% ] [90m[1mupdate_scripts_classes[22m | [39m[0m
2026-10-07T06:22:05.7159820Z [  32% ] [90m[1mupdate_scripts_classes[22m | [39m[0m
2026-10-07T06:22:05.7160040Z [  32% ] [90m[1mupdate_scripts_classes[22m | [39m[0m
2026-10-07T06:22:05.7160237Z [  32% ] [90m[1mupdate_scripts_classes[22m | [39m[0m
2026-10-07T06:22:05.7160513Z [  32% ] [90m[1mupdate_scripts_classes[22m | [39m[0m
2026-10-07T06:22:05.7160711Z [  32% ] [90m[1mupdate_scripts_classes[22m | [39m[0m
2026-10-07T06:22:05.7160910Z [  32% ] [90m[1mupdate_scripts_classes[22m | [39m[0m
2026-10-07T06:22:05.7161106Z [  32% ] [90m[1mupdate_scripts_classes[22m | [39m[0m
2026-10-07T06:22:05.7161304Z [  32% ] [90m[1mupdate_scripts_classes[22m | [39m[0m
2026-10-07T06:22:05.7161503Z [  32% ] [90m[1mupdate_scripts_classes[22m | [39m[0m
2026-10-07T06:22:05.7161701Z [  32% ] [90m[1mupdate_scripts_classes[22m | [39m[0m
2026-10-07T06:22:05.7161901Z [  32% ] [90m[1mupdate_scripts_classes[22m | [39m[0m
2026-10-07T06:22:05.7162099Z [  32% ] [90m[1mupdate_scripts_classes[22m | [39m[0m
2026-10-07T06:22:05.7162296Z [  32% ] [90m[1mupdate_scripts_classes[22m | [39m[0m
2026-10-07T06:22:05.7162498Z [  32% ] [90m[1mupdate_scripts_classes[22m | [39m[0m
2026-10-07T06:22:05.7162693Z [  32% ] [90m[1mupdate_scripts_classes[22m | [39m[0m
2026-10-07T06:22:05.7162967Z [  32% ] [90m[1mupdate_scripts_classes[22m | [39m[0m
2026-10-07T06:22:05.7163164Z [  32% ] [90m[1mupdate_scripts_classes[22m | [39m[0m
2026-10-07T06:22:05.7163358Z [  32% ] [90m[1mupdate_scripts_classes[22m | [39m[0m
2026-10-07T06:22:05.7163557Z [  32% ] [90m[1mupdate_scripts_classes[22m | [39m[0m
2026-10-07T06:22:05.7163755Z [  32% ] [90m[1mupdate_scripts_classes[22m | [39m[0m
2026-10-07T06:22:05.7163953Z [  32% ] [90m[1mupdate_scripts_classes[22m | [39m[0m
2026-10-07T06:22:05.7164149Z [  32% ] [90m[1mupdate_scripts_classes[22m | [39m[0m
2026-10-07T06:22:05.7164345Z [  32% ] [90m[1mupdate_scripts_classes[22m | [39m[0m
2026-10-07T06:22:05.7164544Z [  32% ] [90m[1mupdate_scripts_classes[22m | [39m[0m
2026-10-07T06:22:05.7164741Z [  33% ] [90m[1mupdate_scripts_classes[22m | [39m[0m
2026-10-07T06:22:05.7164834Z [  33% ] [90m[1mupdate_scripts_classes[22m | [39m[0m
2026-10-07T06:22:05.7164925Z [  33% ] [90m[1mupdate_scripts_classes[22m | [39m[0m
2026-10-07T06:22:05.7165019Z [  33% ] [90m[1mupdate_scripts_classes[22m | [39m[0m
2026-10-07T06:22:05.7165111Z [  33% ] [90m[1mupdate_scripts_classes[22m | [39m[0m
2026-10-07T06:22:05.7165202Z [  33% ] [90m[1mupdate_scripts_classes[22m | [39m[0m
2026-10-07T06:22:05.7165290Z [  33% ] [90m[1mupdate_scripts_classes[22m | [39m[0m
2026-10-07T06:22:05.7165382Z [  33% ] [90m[1mupdate_scripts_classes[22m | [39m[0m
2026-10-07T06:22:05.7165473Z [  33% ] [90m[1mupdate_scripts_classes[22m | [39m[0m
2026-10-07T06:22:05.7165566Z [  33% ] [90m[1mupdate_scripts_classes[22m | [39m[0m
2026-10-07T06:22:05.7165654Z [  33% ] [90m[1mupdate_scripts_classes[22m | [39m[0m
2026-10-07T06:22:05.7165746Z [  33% ] [90m[1mupdate_scripts_classes[22m | [39m[0m
2026-10-07T06:22:05.7165837Z [  33% ] [90m[1mupdate_scripts_classes[22m | [39m[0m
2026-10-07T06:22:05.7165926Z [  33% ] [90m[1mupdate_scripts_classes[22m | [39m[0m
2026-10-07T06:22:05.7166016Z [  33% ] [90m[1mupdate_scripts_classes[22m | [39m[0m
2026-10-07T06:22:05.7166197Z [  33% ] [90m[1mupdate_scripts_classes[22m | [39m[0m
2026-10-07T06:22:05.7166293Z [  33% ] [90m[1mupdate_scripts_classes[22m | [39m[0m
2026-10-07T06:22:05.7166384Z [  33% ] [90m[1mupdate_scripts_classes[22m | [39m[0m
2026-10-07T06:22:05.7166477Z [  33% ] [90m[1mupdate_scripts_classes[22m | [39m[0m
2026-10-07T06:22:05.7166568Z [  33% ] [90m[1mupdate_scripts_classes[22m | [39m[0m
2026-10-07T06:22:05.7166656Z [  33% ] [90m[1mupdate_scripts_classes[22m | [39m[0m
2026-10-07T06:22:05.7166748Z [  33% ] [90m[1mupdate_scripts_classes[22m | [39m[0m
2026-10-07T06:22:05.7166838Z [  33% ] [90m[1mupdate_scripts_classes[22m | [39m[0m
2026-10-07T06:22:05.7166929Z [  33% ] [90m[1mupdate_scripts_classes[22m | [39m[0m
2026-10-07T06:22:05.7167019Z [  33% ] [90m[1mupdate_scripts_classes[22m | [39m[0m
2026-10-07T06:22:05.7167111Z [  33% ] [90m[1mupdate_scripts_classes[22m | [39m[0m
2026-10-07T06:22:05.7167282Z [  33% ] [90m[1mupdate_scripts_classes[22m | [39m[0m
2026-10-07T06:22:05.7167374Z [  33% ] [90m[1mupdate_scripts_classes[22m | [39m[0m
2026-10-07T06:22:05.7167465Z [  33% ] [90m[1mupdate_scripts_classes[22m | [39m[0m
2026-10-07T06:22:05.7167558Z [  33% ] [90m[1mupdate_scripts_classes[22m | [39m[0m
2026-10-07T06:22:05.7167649Z [  33% ] [90m[1mupdate_scripts_classes[22m | [39m[0m
2026-10-07T06:22:05.7167741Z [  34% ] [90m[1mupdate_scripts_classes[22m | [39m[0m
2026-10-07T06:22:05.7167834Z [  34% ] [90m[1mupdate_scripts_classes[22m | [39m[0m
2026-10-07T06:22:05.7167927Z [  34% ] [90m[1mupdate_scripts_classes[22m | [39m[0m
2026-10-07T06:22:05.7168016Z [  34% ] [90m[1mupdate_scripts_classes[22m | [39m[0m
2026-10-07T06:22:05.7168109Z [  34% ] [90m[1mupdate_scripts_classes[22m | [39m[0m
2026-10-07T06:22:05.7168202Z [  34% ] [90m[1mupdate_scripts_classes[22m | [39m[0m
2026-10-07T06:22:05.7168294Z [  34% ] [90m[1mupdate_scripts_classes[22m | [39m[0m
2026-10-07T06:22:05.7168387Z [  34% ] [90m[1mupdate_scripts_classes[22m | [39m[0m
2026-10-07T06:22:05.7168481Z [  34% ] [90m[1mupdate_scripts_classes[22m | [39m[0m
2026-10-07T06:22:05.7168573Z [  34% ] [90m[1mupdate_scripts_classes[22m | [39m[0m
2026-10-07T06:22:05.7168664Z [  34% ] [90m[1mupdate_scripts_classes[22m | [39m[0m
2026-10-07T06:22:05.7168756Z [  34% ] [90m[1mupdate_scripts_classes[22m | [39m[0m
2026-10-07T06:22:05.7168849Z [  34% ] [90m[1mupdate_scripts_classes[22m | [39m[0m
2026-10-07T06:22:05.7168941Z [  34% ] [90m[1mupdate_scripts_classes[22m | [39m[0m
2026-10-07T06:22:05.7169031Z [  34% ] [90m[1mupdate_scripts_classes[22m | [39m[0m
2026-10-07T06:22:05.7169123Z [  34% ] [90m[1mupdate_scripts_classes[22m | [39m[0m
2026-10-07T06:22:05.7169217Z [  34% ] [90m[1mupdate_scripts_classes[22m | [39m[0m
2026-10-07T06:22:05.7169308Z [  34% ] [90m[1mupdate_scripts_classes[22m | [39m[0m
2026-10-07T06:22:05.7169401Z [  34% ] [90m[1mupdate_scripts_classes[22m | [39m[0m
2026-10-07T06:22:05.7169497Z [  34% ] [90m[1mupdate_scripts_classes[22m | [39m[0m
2026-10-07T06:22:05.7169589Z [  34% ] [90m[1mupdate_scripts_classes[22m | [39m[0m
2026-10-07T06:22:05.7169678Z [  34% ] [90m[1mupdate_scripts_classes[22m | [39m[0m
2026-10-07T06:22:05.7169769Z [  34% ] [90m[1mupdate_scripts_classes[22m | [39m[0m
2026-10-07T06:22:05.7169862Z [  34% ] [90m[1mupdate_scripts_classes[22m | [39m[0m
2026-10-07T06:22:05.7169950Z [  34% ] [90m[1mupdate_scripts_classes[22m | [39m[0m
2026-10-07T06:22:05.7170042Z [  34% ] [90m[1mupdate_scripts_classes[22m | [39m[0m
2026-10-07T06:22:05.7170134Z [  34% ] [90m[1mupdate_scripts_classes[22m | [39m[0m
2026-10-07T06:22:05.7170226Z [  34% ] [90m[1mupdate_scripts_classes[22m | [39m[0m
2026-10-07T06:22:05.7170314Z [  34% ] [90m[1mupdate_scripts_classes[22m | [39m[0m
2026-10-07T06:22:05.7170403Z [  34% ] [90m[1mupdate_scripts_classes[22m | [39m[0m
2026-10-07T06:22:05.7170494Z [  34% ] [90m[1mupdate_scripts_classes[22m | [39m[0m
2026-10-07T06:22:05.7170641Z [  35% ] [90m[1mupdate_scripts_classes[22m | [39m[0m
2026-10-07T06:22:05.7170736Z [  35% ] [90m[1mupdate_scripts_classes[22m | [39m[0m
2026-10-07T06:22:05.7170830Z [  35% ] [90m[1mupdate_scripts_classes[22m | [39m[0m
2026-10-07T06:22:05.7170922Z [  35% ] [90m[1mupdate_scripts_classes[22m | [39m[0m
2026-10-07T06:22:05.7171012Z [  35% ] [90m[1mupdate_scripts_classes[22m | [39m[0m
2026-10-07T06:22:05.7171104Z [  35% ] [90m[1mupdate_scripts_classes[22m | [39m[0m
2026-10-07T06:22:05.7171195Z [  35% ] [90m[1mupdate_scripts_classes[22m | [39m[0m
2026-10-07T06:22:05.7171285Z [  35% ] [90m[1mupdate_scripts_classes[22m | [39m[0m
2026-10-07T06:22:05.7171378Z [  35% ] [90m[1mupdate_scripts_classes[22m | [39m[0m
2026-10-07T06:22:05.7171471Z [  35% ] [90m[1mupdate_scripts_classes[22m | [39m[0m
2026-10-07T06:22:05.7171562Z [  35% ] [90m[1mupdate_scripts_classes[22m | [39m[0m
2026-10-07T06:22:05.7171715Z [  35% ] [90m[1mupdate_scripts_classes[22m | [39m[0m
2026-10-07T06:22:05.7171810Z [  35% ] [90m[1mupdate_scripts_classes[22m | [39m[0m
2026-10-07T06:22:05.7171903Z [  35% ] [90m[1mupdate_scripts_classes[22m | [39m[0m
2026-10-07T06:22:05.7171994Z [  35% ] [90m[1mupdate_scripts_classes[22m | [39m[0m
2026-10-07T06:22:05.7172086Z [  35% ] [90m[1mupdate_scripts_classes[22m | [39m[0m
2026-10-07T06:22:05.7172179Z [  35% ] [90m[1mupdate_scripts_classes[22m | [39m[0m
2026-10-07T06:22:05.7172271Z [  35% ] [90m[1mupdate_scripts_classes[22m | [39m[0m
2026-10-07T06:22:05.7172361Z [  35% ] [90m[1mupdate_scripts_classes[22m | [39m[0m
2026-10-07T06:22:05.7172454Z [  35% ] [90m[1mupdate_scripts_classes[22m | [39m[0m
2026-10-07T06:22:05.7172547Z [  35% ] [90m[1mupdate_scripts_classes[22m | [39m[0m
2026-10-07T06:22:05.7172638Z [  35% ] [90m[1mupdate_scripts_classes[22m | [39m[0m
2026-10-07T06:22:05.7172730Z [  35% ] [90m[1mupdate_scripts_classes[22m | [39m[0m
2026-10-07T06:22:05.7172823Z [  35% ] [90m[1mupdate_scripts_classes[22m | [39m[0m
2026-10-07T06:22:05.7172991Z [  35% ] [90m[1mupdate_scripts_classes[22m | [39m[0m
2026-10-07T06:22:05.7173149Z [  35% ] [90m[1mupdate_scripts_classes[22m | [39m[0m
2026-10-07T06:22:05.7173295Z [  35% ] [90m[1mupdate_scripts_classes[22m | [39m[0m
2026-10-07T06:22:05.7173445Z [  35% ] [90m[1mupdate_scripts_classes[22m | [39m[0m
2026-10-07T06:22:05.7173586Z [  35% ] [90m[1mupdate_scripts_classes[22m | [39m[0m
2026-10-07T06:22:05.7173730Z [  35% ] [90m[1mupdate_scripts_classes[22m | [39m[0m
2026-10-07T06:22:05.7173872Z [  35% ] [90m[1mupdate_scripts_classes[22m | [39m[0m
2026-10-07T06:22:05.7174015Z [  36% ] [90m[1mupdate_scripts_classes[22m | [39m[0m
2026-10-07T06:22:05.7174155Z [  36% ] [90m[1mupdate_scripts_classes[22m | [39m[0m
2026-10-07T06:22:05.7174298Z [  36% ] [90m[1mupdate_scripts_classes[22m | [39m[0m
2026-10-07T06:22:05.7174441Z [  36% ] [90m[1mupdate_scripts_classes[22m | [39m[0m
2026-10-07T06:22:05.7174586Z [  36% ] [90m[1mupdate_scripts_classes[22m | [39m[0m
2026-10-07T06:22:05.7174729Z [  36% ] [90m[1mupdate_scripts_classes[22m | [39m[0m
2026-10-07T06:22:05.7174871Z [  36% ] [90m[1mupdate_scripts_classes[22m | [39m[0m
2026-10-07T06:22:05.7175014Z [  36% ] [90m[1mupdate_scripts_classes[22m | [39m[0m
2026-10-07T06:22:05.7175153Z [  36% ] [90m[1mupdate_scripts_classes[22m | [39m[0m
2026-10-07T06:22:05.7175297Z [  36% ] [90m[1mupdate_scripts_classes[22m | [39m[0m
2026-10-07T06:22:05.7175440Z [  36% ] [90m[1mupdate_scripts_classes[22m | [39m[0m
2026-10-07T06:22:05.7175581Z [  36% ] [90m[1mupdate_scripts_classes[22m | [39m[0m
2026-10-07T06:22:05.7175736Z [  36% ] [90m[1mupdate_scripts_classes[22m | [39m[0m
2026-10-07T06:22:05.7175880Z [  36% ] [90m[1mupdate_scripts_classes[22m | [39m[0m
2026-10-07T06:22:05.7176020Z [  36% ] [90m[1mupdate_scripts_classes[22m | [39m[0m
2026-10-07T06:22:05.7176162Z [  36% ] [90m[1mupdate_scripts_classes[22m | [39m[0m
2026-10-07T06:22:05.7176412Z [  36% ] [90m[1mupdate_scripts_classes[22m | [39m[0m
2026-10-07T06:22:05.7176554Z [  36% ] [90m[1mupdate_scripts_classes[22m | [39m[0m
2026-10-07T06:22:05.7176695Z [  36% ] [90m[1mupdate_scripts_classes[22m | [39m[0m
2026-10-07T06:22:05.7176837Z [  36% ] [90m[1mupdate_scripts_classes[22m | [39m[0m
2026-10-07T06:22:05.7176980Z [  36% ] [90m[1mupdate_scripts_classes[22m | [39m[0m
2026-10-07T06:22:05.7177121Z [  36% ] [90m[1mupdate_scripts_classes[22m | [39m[0m
2026-10-07T06:22:05.7177263Z [  36% ] [90m[1mupdate_scripts_classes[22m | [39m[0m
2026-10-07T06:22:05.7177405Z [  36% ] [90m[1mupdate_scripts_classes[22m | [39m[0m
2026-10-07T06:22:05.7177548Z [  36% ] [90m[1mupdate_scripts_classes[22m | [39m[0m
2026-10-07T06:22:05.7177692Z [  36% ] [90m[1mupdate_scripts_classes[22m | [39m[0m
2026-10-07T06:22:05.7177807Z [  36% ] [90m[1mupdate_scripts_classes[22m | [39m[0m
2026-10-07T06:22:05.7177901Z [  36% ] [90m[1mupdate_scripts_classes[22m | [39m[0m
2026-10-07T06:22:05.7178076Z [  36% ] [90m[1mupdate_scripts_classes[22m | [39m[0m
2026-10-07T06:22:05.7178168Z [  36% ] [90m[1mupdate_scripts_classes[22m | [39m[0m
2026-10-07T06:22:05.7178261Z [  36% ] [90m[1mupdate_scripts_classes[22m | [39m[0m
2026-10-07T06:22:05.7178353Z [  37% ] [90m[1mupdate_scripts_classes[22m | [39m[0m
2026-10-07T06:22:05.7178444Z [  37% ] [90m[1mupdate_scripts_classes[22m | [39m[0m
2026-10-07T06:22:05.7178537Z [  37% ] [90m[1mupdate_scripts_classes[22m | [39m[0m
2026-10-07T06:22:05.7178629Z [  37% ] [90m[1mupdate_scripts_classes[22m | [39m[0m
2026-10-07T06:22:05.7178718Z [  37% ] [90m[1mupdate_scripts_classes[22m | [39m[0m
2026-10-07T06:22:05.7178810Z [  37% ] [90m[1mupdate_scripts_classes[22m | [39m[0m
2026-10-07T06:22:05.7178901Z [  37% ] [90m[1mupdate_scripts_classes[22m | [39m[0m
2026-10-07T06:22:05.7178993Z [  37% ] [90m[1mupdate_scripts_classes[22m | [39m[0m
2026-10-07T06:22:05.7179084Z [  37% ] [90m[1mupdate_scripts_classes[22m | [39m[0m
2026-10-07T06:22:05.7179177Z [  37% ] [90m[1mupdate_scripts_classes[22m | [39m[0m
2026-10-07T06:22:05.7179268Z [  37% ] [90m[1mupdate_scripts_classes[22m | [39m[0m
2026-10-07T06:22:05.7179357Z [  37% ] [90m[1mupdate_scripts_classes[22m | [39m[0m
2026-10-07T06:22:05.7179449Z [  37% ] [90m[1mupdate_scripts_classes[22m | [39m[0m
2026-10-07T06:22:05.7179542Z [  37% ] [90m[1mupdate_scripts_classes[22m | [39m[0m
2026-10-07T06:22:05.7179633Z [  37% ] [90m[1mupdate_scripts_classes[22m | [39m[0m
2026-10-07T06:22:05.7179722Z [  37% ] [90m[1mupdate_scripts_classes[22m | [39m[0m
2026-10-07T06:22:05.7179813Z [  37% ] [90m[1mupdate_scripts_classes[22m | [39m[0m
2026-10-07T06:22:05.7179903Z [  37% ] [90m[1mupdate_scripts_classes[22m | [39m[0m
2026-10-07T06:22:05.7179992Z [  37% ] [90m[1mupdate_scripts_classes[22m | [39m[0m
2026-10-07T06:22:05.7180083Z [  37% ] [90m[1mupdate_scripts_classes[22m | [39m[0m
2026-10-07T06:22:05.7180178Z [  37% ] [90m[1mupdate_scripts_classes[22m | [39m[0m
2026-10-07T06:22:05.7180268Z [  37% ] [90m[1mupdate_scripts_classes[22m | [39m[0m
2026-10-07T06:22:05.7180357Z [  37% ] [90m[1mupdate_scripts_classes[22m | [39m[0m
2026-10-07T06:22:05.7180448Z [  37% ] [90m[1mupdate_scripts_classes[22m | [39m[0m
2026-10-07T06:22:05.7180539Z [  37% ] [90m[1mupdate_scripts_classes[22m | [39m[0m
2026-10-07T06:22:05.7180628Z [  37% ] [90m[1mupdate_scripts_classes[22m | [39m[0m
2026-10-07T06:22:05.7180720Z [  37% ] [90m[1mupdate_scripts_classes[22m | [39m[0m
2026-10-07T06:22:05.7180810Z [  37% ] [90m[1mupdate_scripts_classes[22m | [39m[0m
2026-10-07T06:22:05.7180899Z [  37% ] [90m[1mupdate_scripts_classes[22m | [39m[0m
2026-10-07T06:22:05.7180988Z [  37% ] [90m[1mupdate_scripts_classes[22m | [39m[0m
2026-10-07T06:22:05.7181080Z [  37% ] [90m[1mupdate_scripts_classes[22m | [39m[0m
2026-10-07T06:22:05.7181171Z [  38% ] [90m[1mupdate_scripts_classes[22m | [39m[0m
2026-10-07T06:22:05.7181319Z [  38% ] [90m[1mupdate_scripts_classes[22m | [39m[0m
2026-10-07T06:22:05.7181414Z [  38% ] [90m[1mupdate_scripts_classes[22m | [39m[0m
2026-10-07T06:22:05.7181508Z [  38% ] [90m[1mupdate_scripts_classes[22m | [39m[0m
2026-10-07T06:22:05.7181599Z [  38% ] [90m[1mupdate_scripts_classes[22m | [39m[0m
2026-10-07T06:22:05.7181690Z [  38% ] [90m[1mupdate_scripts_classes[22m | [39m[0m
2026-10-07T06:22:05.7181782Z [  38% ] [90m[1mupdate_scripts_classes[22m | [39m[0m
2026-10-07T06:22:05.7181874Z [  38% ] [90m[1mupdate_scripts_classes[22m | [39m[0m
2026-10-07T06:22:05.7181963Z [  38% ] [90m[1mupdate_scripts_classes[22m | [39m[0m
2026-10-07T06:22:05.7182053Z [  38% ] [90m[1mupdate_scripts_classes[22m | [39m[0m
2026-10-07T06:22:05.7182145Z [  38% ] [90m[1mupdate_scripts_classes[22m | [39m[0m
2026-10-07T06:22:05.7182235Z [  38% ] [90m[1mupdate_scripts_classes[22m | [39m[0m
2026-10-07T06:22:05.7182323Z [  38% ] [90m[1mupdate_scripts_classes[22m | [39m[0m
2026-10-07T06:22:05.7182474Z [  38% ] [90m[1mupdate_scripts_classes[22m | [39m[0m
2026-10-07T06:22:05.7182568Z [  38% ] [90m[1mupdate_scripts_classes[22m | [39m[0m
2026-10-07T06:22:05.7182657Z [  38% ] [90m[1mupdate_scripts_classes[22m | [39m[0m
2026-10-07T06:22:05.7182749Z [  38% ] [90m[1mupdate_scripts_classes[22m | [39m[0m
2026-10-07T06:22:05.7182841Z [  38% ] [90m[1mupdate_scripts_classes[22m | [39m[0m
2026-10-07T06:22:05.7183067Z [  38% ] [90m[1mupdate_scripts_classes[22m | [39m[0m
2026-10-07T06:22:05.7183182Z [  38% ] [90m[1mupdate_scripts_classes[22m | [39m[0m
2026-10-07T06:22:05.7183335Z [  38% ] [90m[1mupdate_scripts_classes[22m | [39m[0m
2026-10-07T06:22:05.7183472Z [  38% ] [90m[1mupdate_scripts_classes[22m | [39m[0m
2026-10-07T06:22:05.7183614Z [  38% ] [90m[1mupdate_scripts_classes[22m | [39m[0m
2026-10-07T06:22:05.7183760Z [  38% ] [90m[1mupdate_scripts_classes[22m | [39m[0m
2026-10-07T06:22:05.7183907Z [  38% ] [90m[1mupdate_scripts_classes[22m | [39m[0m
2026-10-07T06:22:05.7184050Z [  38% ] [90m[1mupdate_scripts_classes[22m | [39m[0m
2026-10-07T06:22:05.7184190Z [  38% ] [90m[1mupdate_scripts_classes[22m | [39m[0m
2026-10-07T06:22:05.7184334Z [  38% ] [90m[1mupdate_scripts_classes[22m | [39m[0m
2026-10-07T06:22:05.7184475Z [  38% ] [90m[1mupdate_scripts_classes[22m | [39m[0m
2026-10-07T06:22:05.7184614Z [  38% ] [90m[1mupdate_scripts_classes[22m | [39m[0m
2026-10-07T06:22:05.7184756Z [  38% ] [90m[1mupdate_scripts_classes[22m | [39m[0m
2026-10-07T06:22:05.7184897Z [  39% ] [90m[1mupdate_scripts_classes[22m | [39m[0m
2026-10-07T06:22:05.7185040Z [  39% ] [90m[1mupdate_scripts_classes[22m | [39m[0m
2026-10-07T06:22:05.7185180Z [  39% ] [90m[1mupdate_scripts_classes[22m | [39m[0m
2026-10-07T06:22:05.7185322Z [  39% ] [90m[1mupdate_scripts_classes[22m | [39m[0m
2026-10-07T06:22:05.7185465Z [  39% ] [90m[1mupdate_scripts_classes[22m | [39m[0m
2026-10-07T06:22:05.7185606Z [  39% ] [90m[1mupdate_scripts_classes[22m | [39m[0m
2026-10-07T06:22:05.7185749Z [  39% ] [90m[1mupdate_scripts_classes[22m | [39m[0m
2026-10-07T06:22:05.7185890Z [  39% ] [90m[1mupdate_scripts_classes[22m | [39m[0m
2026-10-07T06:22:05.7186032Z [  39% ] [90m[1mupdate_scripts_classes[22m | [39m[0m
2026-10-07T06:22:05.7186171Z [  39% ] [90m[1mupdate_scripts_classes[22m | [39m[0m
2026-10-07T06:22:05.7186313Z [  39% ] [90m[1mupdate_scripts_classes[22m | [39m[0m
2026-10-07T06:22:05.7186455Z [  39% ] [90m[1mupdate_scripts_classes[22m | [39m[0m
2026-10-07T06:22:05.7186594Z [  39% ] [90m[1mupdate_scripts_classes[22m | [39m[0m
2026-10-07T06:22:05.7186736Z [  39% ] [90m[1mupdate_scripts_classes[22m | [39m[0m
2026-10-07T06:22:05.7186877Z [  39% ] [90m[1mupdate_scripts_classes[22m | [39m[0m
2026-10-07T06:22:05.7187017Z [  39% ] [90m[1mupdate_scripts_classes[22m | [39m[0m
2026-10-07T06:22:05.7187157Z [  39% ] [90m[1mupdate_scripts_classes[22m | [39m[0m
2026-10-07T06:22:05.7187405Z [  39% ] [90m[1mupdate_scripts_classes[22m | [39m[0m
2026-10-07T06:22:05.7187547Z [  39% ] [90m[1mupdate_scripts_classes[22m | [39m[0m
2026-10-07T06:22:05.7187688Z [  39% ] [90m[1mupdate_scripts_classes[22m | [39m[0m
2026-10-07T06:22:05.7187829Z [  39% ] [90m[1mupdate_scripts_classes[22m | [39m[0m
2026-10-07T06:22:05.7187970Z [  39% ] [90m[1mupdate_scripts_classes[22m | [39m[0m
2026-10-07T06:22:05.7188112Z [  39% ] [90m[1mupdate_scripts_classes[22m | [39m[0m
2026-10-07T06:22:05.7188251Z [  39% ] [90m[1mupdate_scripts_classes[22m | [39m[0m
2026-10-07T06:22:05.7188393Z [  39% ] [90m[1mupdate_scripts_classes[22m | [39m[0m
2026-10-07T06:22:05.7188535Z [  39% ] [90m[1mupdate_scripts_classes[22m | [39m[0m
2026-10-07T06:22:05.7188674Z [  39% ] [90m[1mupdate_scripts_classes[22m | [39m[0m
2026-10-07T06:22:05.7188815Z [  39% ] [90m[1mupdate_scripts_classes[22m | [39m[0m
2026-10-07T06:22:05.7188955Z [  39% ] [90m[1mupdate_scripts_classes[22m | [39m[0m
2026-10-07T06:22:05.7189185Z [  39% ] [90m[1mupdate_scripts_classes[22m | [39m[0m
2026-10-07T06:22:05.7189324Z [  39% ] [90m[1mupdate_scripts_classes[22m | [39m[0m
2026-10-07T06:22:05.7189466Z [  40% ] [90m[1mupdate_scripts_classes[22m | [39m[0m
2026-10-07T06:22:05.7189607Z [  40% ] [90m[1mupdate_scripts_classes[22m | [39m[0m
2026-10-07T06:22:05.7189746Z [  40% ] [90m[1mupdate_scripts_classes[22m | [39m[0m
2026-10-07T06:22:05.7189887Z [  40% ] [90m[1mupdate_scripts_classes[22m | [39m[0m
2026-10-07T06:22:05.7190030Z [  40% ] [90m[1mupdate_scripts_classes[22m | [39m[0m
2026-10-07T06:22:05.7190171Z [  40% ] [90m[1mupdate_scripts_classes[22m | [39m[0m
2026-10-07T06:22:05.7190309Z [  40% ] [90m[1mupdate_scripts_classes[22m | [39m[0m
2026-10-07T06:22:05.7190450Z [  40% ] [90m[1mupdate_scripts_classes[22m | [39m[0m
2026-10-07T06:22:05.7190593Z [  40% ] [90m[1mupdate_scripts_classes[22m | [39m[0m
2026-10-07T06:22:05.7190735Z [  40% ] [90m[1mupdate_scripts_classes[22m | [39m[0m
2026-10-07T06:22:05.7190878Z [  40% ] [90m[1mupdate_scripts_classes[22m | [39m[0m
2026-10-07T06:22:05.7191019Z [  40% ] [90m[1mupdate_scripts_classes[22m | [39m[0m
2026-10-07T06:22:05.7191159Z [  40% ] [90m[1mupdate_scripts_classes[22m | [39m[0m
2026-10-07T06:22:05.7191299Z [  40% ] [90m[1mupdate_scripts_classes[22m | [39m[0m
2026-10-07T06:22:05.7191439Z [  40% ] [90m[1mupdate_scripts_classes[22m | [39m[0m
2026-10-07T06:22:05.7191581Z [  40% ] [90m[1mupdate_scripts_classes[22m | [39m[0m
2026-10-07T06:22:05.7191719Z [  40% ] [90m[1mupdate_scripts_classes[22m | [39m[0m
2026-10-07T06:22:05.7191861Z [  40% ] [90m[1mupdate_scripts_classes[22m | [39m[0m
2026-10-07T06:22:05.7192003Z [  40% ] [90m[1mupdate_scripts_classes[22m | [39m[0m
2026-10-07T06:22:05.7192144Z [  40% ] [90m[1mupdate_scripts_classes[22m | [39m[0m
2026-10-07T06:22:05.7192282Z [  40% ] [90m[1mupdate_scripts_classes[22m | [39m[0m
2026-10-07T06:22:05.7192426Z [  40% ] [90m[1mupdate_scripts_classes[22m | [39m[0m
2026-10-07T06:22:05.7192568Z [  40% ] [90m[1mupdate_scripts_classes[22m | [39m[0m
2026-10-07T06:22:05.7192709Z [  40% ] [90m[1mupdate_scripts_classes[22m | [39m[0m
2026-10-07T06:22:05.7192850Z [  40% ] [90m[1mupdate_scripts_classes[22m | [39m[0m
2026-10-07T06:22:05.7193087Z [  40% ] [90m[1mupdate_scripts_classes[22m | [39m[0m
2026-10-07T06:22:05.7193231Z [  40% ] [90m[1mupdate_scripts_classes[22m | [39m[0m
2026-10-07T06:22:05.7193369Z [  40% ] [90m[1mupdate_scripts_classes[22m | [39m[0m
2026-10-07T06:22:05.7193512Z [  40% ] [90m[1mupdate_scripts_classes[22m | [39m[0m
2026-10-07T06:22:05.7193654Z [  40% ] [90m[1mupdate_scripts_classes[22m | [39m[0m
2026-10-07T06:22:05.7193793Z [  40% ] [90m[1mupdate_scripts_classes[22m | [39m[0m
2026-10-07T06:22:05.7193934Z [  41% ] [90m[1mupdate_scripts_classes[22m | [39m[0m
2026-10-07T06:22:05.7194075Z [  41% ] [90m[1mupdate_scripts_classes[22m | [39m[0m
2026-10-07T06:22:05.7194312Z [  41% ] [90m[1mupdate_scripts_classes[22m | [39m[0m
2026-10-07T06:22:05.7194452Z [  41% ] [90m[1mupdate_scripts_classes[22m | [39m[0m
2026-10-07T06:22:05.7194595Z [  41% ] [90m[1mupdate_scripts_classes[22m | [39m[0m
2026-10-07T06:22:05.7194737Z [  41% ] [90m[1mupdate_scripts_classes[22m | [39m[0m
2026-10-07T06:22:05.7194876Z [  41% ] [90m[1mupdate_scripts_classes[22m | [39m[0m
2026-10-07T06:22:05.7195017Z [  41% ] [90m[1mupdate_scripts_classes[22m | [39m[0m
2026-10-07T06:22:05.7195160Z [  41% ] [90m[1mupdate_scripts_classes[22m | [39m[0m
2026-10-07T06:22:05.7195301Z [  41% ] [90m[1mupdate_scripts_classes[22m | [39m[0m
2026-10-07T06:22:05.7195439Z [  41% ] [90m[1mupdate_scripts_classes[22m | [39m[0m
2026-10-07T06:22:05.7195581Z [  41% ] [90m[1mupdate_scripts_classes[22m | [39m[0m
2026-10-07T06:22:05.7195722Z [  41% ] [90m[1mupdate_scripts_classes[22m | [39m[0m
2026-10-07T06:22:05.7195861Z [  41% ] [90m[1mupdate_scripts_classes[22m | [39m[0m
2026-10-07T06:22:05.7196092Z [  41% ] [90m[1mupdate_scripts_classes[22m | [39m[0m
2026-10-07T06:22:05.7196236Z [  41% ] [90m[1mupdate_scripts_classes[22m | [39m[0m
2026-10-07T06:22:05.7196378Z [  41% ] [90m[1mupdate_scripts_classes[22m | [39m[0m
2026-10-07T06:22:05.7196517Z [  41% ] [90m[1mupdate_scripts_classes[22m | [39m[0m
2026-10-07T06:22:05.7196658Z [  41% ] [90m[1mupdate_scripts_classes[22m | [39m[0m
2026-10-07T06:22:05.7196800Z [  41% ] [90m[1mupdate_scripts_classes[22m | [39m[0m
2026-10-07T06:22:05.7196939Z [  41% ] [90m[1mupdate_scripts_classes[22m | [39m[0m
2026-10-07T06:22:05.7197082Z [  41% ] [90m[1mupdate_scripts_classes[22m | [39m[0m
2026-10-07T06:22:05.7197223Z [  41% ] [90m[1mupdate_scripts_classes[22m | [39m[0m
2026-10-07T06:22:05.7197367Z [  41% ] [90m[1mupdate_scripts_classes[22m | [39m[0m
2026-10-07T06:22:05.7197506Z [  41% ] [90m[1mupdate_scripts_classes[22m | [39m[0m
2026-10-07T06:22:05.7197648Z [  41% ] [90m[1mupdate_scripts_classes[22m | [39m[0m
2026-10-07T06:22:05.7197794Z [  41% ] [90m[1mupdate_scripts_classes[22m | [39m[0m
2026-10-07T06:22:05.7197933Z [  41% ] [90m[1mupdate_scripts_classes[22m | [39m[0m
2026-10-07T06:22:05.7198075Z [  41% ] [90m[1mupdate_scripts_classes[22m | [39m[0m
2026-10-07T06:22:05.7198217Z [  41% ] [90m[1mupdate_scripts_classes[22m | [39m[0m
2026-10-07T06:22:05.7198359Z [  41% ] [90m[1mupdate_scripts_classes[22m | [39m[0m
2026-10-07T06:22:05.7198498Z [  42% ] [90m[1mupdate_scripts_classes[22m | [39m[0m
2026-10-07T06:22:05.7198641Z [  42% ] [90m[1mupdate_scripts_classes[22m | [39m[0m
2026-10-07T06:22:05.7198782Z [  42% ] [90m[1mupdate_scripts_classes[22m | [39m[0m
2026-10-07T06:22:05.7198922Z [  42% ] [90m[1mupdate_scripts_classes[22m | [39m[0m
2026-10-07T06:22:05.7199065Z [  42% ] [90m[1mupdate_scripts_classes[22m | [39m[0m
2026-10-07T06:22:05.7199206Z [  42% ] [90m[1mupdate_scripts_classes[22m | [39m[0m
2026-10-07T06:22:05.7199349Z [  42% ] [90m[1mupdate_scripts_classes[22m | [39m[0m
2026-10-07T06:22:05.7199492Z [  42% ] [90m[1mupdate_scripts_classes[22m | [39m[0m
2026-10-07T06:22:05.7199633Z [  42% ] [90m[1mupdate_scripts_classes[22m | [39m[0m
2026-10-07T06:22:05.7199774Z [  42% ] [90m[1mupdate_scripts_classes[22m | [39m[0m
2026-10-07T06:22:05.7199913Z [  42% ] [90m[1mupdate_scripts_classes[22m | [39m[0m
2026-10-07T06:22:05.7200054Z [  42% ] [90m[1mupdate_scripts_classes[22m | [39m[0m
2026-10-07T06:22:05.7200197Z [  42% ] [90m[1mupdate_scripts_classes[22m | [39m[0m
2026-10-07T06:22:05.7200368Z [  42% ] [90m[1mupdate_scripts_classes[22m | TestCase[39m[0m
2026-10-07T06:22:05.7200510Z [  42% ] [90m[1mupdate_scripts_classes[22m | [39m[0m
2026-10-07T06:22:05.7200653Z [  42% ] [90m[1mupdate_scripts_classes[22m | [39m[0m
2026-10-07T06:22:05.7200796Z [  42% ] [90m[1mupdate_scripts_classes[22m | [39m[0m
2026-10-07T06:22:05.7200934Z [  42% ] [90m[1mupdate_scripts_classes[22m | [39m[0m
2026-10-07T06:22:05.7201140Z [  42% ] [90m[1mupdate_scripts_classes[22m | [39m[0m
2026-10-07T06:22:05.7201283Z [  42% ] [90m[1mupdate_scripts_classes[22m | [39m[0m
2026-10-07T06:22:05.7201424Z [  42% ] [90m[1mupdate_scripts_classes[22m | [39m[0m
2026-10-07T06:22:05.7201563Z [  42% ] [90m[1mupdate_scripts_classes[22m | [39m[0m
2026-10-07T06:22:05.7201706Z [  42% ] [90m[1mupdate_scripts_classes[22m | [39m[0m
2026-10-07T06:22:05.7201848Z [  42% ] [90m[1mupdate_scripts_classes[22m | [39m[0m
2026-10-07T06:22:05.7201988Z [  42% ] [90m[1mupdate_scripts_classes[22m | [39m[0m
2026-10-07T06:22:05.7202130Z [  42% ] [90m[1mupdate_scripts_classes[22m | [39m[0m
2026-10-07T06:22:05.7202271Z [  42% ] [90m[1mupdate_scripts_classes[22m | [39m[0m
2026-10-07T06:22:05.7202412Z [  42% ] [90m[1mupdate_scripts_classes[22m | [39m[0m
2026-10-07T06:22:05.7202551Z [  42% ] [90m[1mupdate_scripts_classes[22m | [39m[0m
2026-10-07T06:22:05.7202693Z [  42% ] [90m[1mupdate_scripts_classes[22m | [39m[0m
2026-10-07T06:22:05.7203030Z [  42% ] [90m[1mupdate_scripts_classes[22m | [39m[0m
2026-10-07T06:22:05.7203170Z [  43% ] [90m[1mupdate_scripts_classes[22m | [39m[0m
2026-10-07T06:22:05.7203311Z [  43% ] [90m[1mupdate_scripts_classes[22m | [39m[0m
2026-10-07T06:22:05.7203453Z [  43% ] [90m[1mupdate_scripts_classes[22m | [39m[0m
2026-10-07T06:22:05.7203593Z [  43% ] [90m[1mupdate_scripts_classes[22m | [39m[0m
2026-10-07T06:22:05.7203732Z [  43% ] [90m[1mupdate_scripts_classes[22m | [39m[0m
2026-10-07T06:22:05.7203873Z [  43% ] [90m[1mupdate_scripts_classes[22m | [39m[0m
2026-10-07T06:22:05.7204015Z [  43% ] [90m[1mupdate_scripts_classes[22m | [39m[0m
2026-10-07T06:22:05.7204154Z [  43% ] [90m[1mupdate_scripts_classes[22m | [39m[0m
2026-10-07T06:22:05.7204296Z [  43% ] [90m[1mupdate_scripts_classes[22m | [39m[0m
2026-10-07T06:22:05.7204438Z [  43% ] [90m[1mupdate_scripts_classes[22m | [39m[0m
2026-10-07T06:22:05.7204580Z [  43% ] [90m[1mupdate_scripts_classes[22m | [39m[0m
2026-10-07T06:22:05.7204722Z [  43% ] [90m[1mupdate_scripts_classes[22m | [39m[0m
2026-10-07T06:22:05.7204863Z [  43% ] [90m[1mupdate_scripts_classes[22m | [39m[0m
2026-10-07T06:22:05.7205005Z [  43% ] [90m[1mupdate_scripts_classes[22m | [39m[0m
2026-10-07T06:22:05.7205144Z [  43% ] [90m[1mupdate_scripts_classes[22m | [39m[0m
2026-10-07T06:22:05.7205286Z [  43% ] [90m[1mupdate_scripts_classes[22m | [39m[0m
2026-10-07T06:22:05.7205428Z [  43% ] [90m[1mupdate_scripts_classes[22m | [39m[0m
2026-10-07T06:22:05.7205569Z [  43% ] [90m[1mupdate_scripts_classes[22m | [39m[0m
2026-10-07T06:22:05.7205708Z [  43% ] [90m[1mupdate_scripts_classes[22m | [39m[0m
2026-10-07T06:22:05.7205851Z [  43% ] [90m[1mupdate_scripts_classes[22m | [39m[0m
2026-10-07T06:22:05.7205992Z [  43% ] [90m[1mupdate_scripts_classes[22m | [39m[0m
2026-10-07T06:22:05.7206132Z [  43% ] [90m[1mupdate_scripts_classes[22m | [39m[0m
2026-10-07T06:22:05.7206276Z [  43% ] [90m[1mupdate_scripts_classes[22m | [39m[0m
2026-10-07T06:22:05.7206420Z [  43% ] [90m[1mupdate_scripts_classes[22m | [39m[0m
2026-10-07T06:22:05.7206562Z [  43% ] [90m[1mupdate_scripts_classes[22m | [39m[0m
2026-10-07T06:22:05.7206702Z [  43% ] [90m[1mupdate_scripts_classes[22m | [39m[0m
2026-10-07T06:22:05.7206846Z [  43% ] [90m[1mupdate_scripts_classes[22m | [39m[0m
2026-10-07T06:22:05.7206989Z [  43% ] [90m[1mupdate_scripts_classes[22m | [39m[0m
2026-10-07T06:22:05.7207128Z [  43% ] [90m[1mupdate_scripts_classes[22m | [39m[0m
2026-10-07T06:22:05.7207269Z [  43% ] [90m[1mupdate_scripts_classes[22m | [39m[0m
2026-10-07T06:22:05.7207410Z [  43% ] [90m[1mupdate_scripts_classes[22m | [39m[0m
2026-10-07T06:22:05.7207550Z [  44% ] [90m[1mupdate_scripts_classes[22m | [39m[0m
2026-10-07T06:22:05.7207689Z [  44% ] [90m[1mupdate_scripts_classes[22m | [39m[0m
2026-10-07T06:22:05.7207831Z [  44% ] [90m[1mupdate_scripts_classes[22m | [39m[0m
2026-10-07T06:22:05.7208070Z [  44% ] [90m[1mupdate_scripts_classes[22m | [39m[0m
2026-10-07T06:22:05.7208211Z [  44% ] [90m[1mupdate_scripts_classes[22m | [39m[0m
2026-10-07T06:22:05.7208351Z [  44% ] [90m[1mupdate_scripts_classes[22m | [39m[0m
2026-10-07T06:22:05.7208491Z [  44% ] [90m[1mupdate_scripts_classes[22m | [39m[0m
2026-10-07T06:22:05.7208633Z [  44% ] [90m[1mupdate_scripts_classes[22m | [39m[0m
2026-10-07T06:22:05.7208772Z [  44% ] [90m[1mupdate_scripts_classes[22m | [39m[0m
2026-10-07T06:22:05.7208913Z [  44% ] [90m[1mupdate_scripts_classes[22m | [39m[0m
2026-10-07T06:22:05.7209054Z [  44% ] [90m[1mupdate_scripts_classes[22m | [39m[0m
2026-10-07T06:22:05.7209193Z [  44% ] [90m[1mupdate_scripts_classes[22m | [39m[0m
2026-10-07T06:22:05.7209335Z [  44% ] [90m[1mupdate_scripts_classes[22m | [39m[0m
2026-10-07T06:22:05.7209477Z [  44% ] [90m[1mupdate_scripts_classes[22m | [39m[0m
2026-10-07T06:22:05.7209618Z [  44% ] [90m[1mupdate_scripts_classes[22m | [39m[0m
2026-10-07T06:22:05.7209845Z [  44% ] [90m[1mupdate_scripts_classes[22m | [39m[0m
2026-10-07T06:22:05.7209988Z [  44% ] [90m[1mupdate_scripts_classes[22m | [39m[0m
2026-10-07T06:22:05.7210129Z [  44% ] [90m[1mupdate_scripts_classes[22m | [39m[0m
2026-10-07T06:22:05.7210268Z [  44% ] [90m[1mupdate_scripts_classes[22m | [39m[0m
2026-10-07T06:22:05.7210410Z [  44% ] [90m[1mupdate_scripts_classes[22m | [39m[0m
2026-10-07T06:22:05.7210551Z [  44% ] [90m[1mupdate_scripts_classes[22m | [39m[0m
2026-10-07T06:22:05.7210693Z [  44% ] [90m[1mupdate_scripts_classes[22m | [39m[0m
2026-10-07T06:22:05.7210833Z [  44% ] [90m[1mupdate_scripts_classes[22m | [39m[0m
2026-10-07T06:22:05.7210975Z [  44% ] [90m[1mupdate_scripts_classes[22m | [39m[0m
2026-10-07T06:22:05.7211116Z [  44% ] [90m[1mupdate_scripts_classes[22m | [39m[0m
2026-10-07T06:22:05.7211255Z [  44% ] [90m[1mupdate_scripts_classes[22m | [39m[0m
2026-10-07T06:22:05.7211396Z [  44% ] [90m[1mupdate_scripts_classes[22m | [39m[0m
2026-10-07T06:22:05.7211543Z [  44% ] [90m[1mupdate_scripts_classes[22m | [39m[0m
2026-10-07T06:22:05.7211684Z [  44% ] [90m[1mupdate_scripts_classes[22m | [39m[0m
2026-10-07T06:22:05.7211822Z [  44% ] [90m[1mupdate_scripts_classes[22m | [39m[0m
2026-10-07T06:22:05.7211966Z [  44% ] [90m[1mupdate_scripts_classes[22m | [39m[0m
2026-10-07T06:22:05.7212110Z [  45% ] [90m[1mupdate_scripts_classes[22m | [39m[0m
2026-10-07T06:22:05.7212250Z [  45% ] [90m[1mupdate_scripts_classes[22m | [39m[0m
2026-10-07T06:22:05.7212391Z [  45% ] [90m[1mupdate_scripts_classes[22m | [39m[0m
2026-10-07T06:22:05.7212532Z [  45% ] [90m[1mupdate_scripts_classes[22m | [39m[0m
2026-10-07T06:22:05.7212675Z [  45% ] [90m[1mupdate_scripts_classes[22m | [39m[0m
2026-10-07T06:22:05.7212815Z [  45% ] [90m[1mupdate_scripts_classes[22m | [39m[0m
2026-10-07T06:22:05.7213046Z [  45% ] [90m[1mupdate_scripts_classes[22m | [39m[0m
2026-10-07T06:22:05.7213192Z [  45% ] [90m[1mupdate_scripts_classes[22m | [39m[0m
2026-10-07T06:22:05.7213333Z [  45% ] [90m[1mupdate_scripts_classes[22m | [39m[0m
2026-10-07T06:22:05.7213474Z [  45% ] [90m[1mupdate_scripts_classes[22m | [39m[0m
2026-10-07T06:22:05.7213615Z [  45% ] [90m[1mupdate_scripts_classes[22m | [39m[0m
2026-10-07T06:22:05.7213757Z [  45% ] [90m[1mupdate_scripts_classes[22m | [39m[0m
2026-10-07T06:22:05.7213895Z [  45% ] [90m[1mupdate_scripts_classes[22m | [39m[0m
2026-10-07T06:22:05.7214037Z [  45% ] [90m[1mupdate_scripts_classes[22m | [39m[0m
2026-10-07T06:22:05.7214179Z [  45% ] [90m[1mupdate_scripts_classes[22m | [39m[0m
2026-10-07T06:22:05.7214318Z [  45% ] [90m[1mupdate_scripts_classes[22m | [39m[0m
2026-10-07T06:22:05.7214460Z [  45% ] [90m[1mupdate_scripts_classes[22m | [39m[0m
2026-10-07T06:22:05.7214602Z [  45% ] [90m[1mupdate_scripts_classes[22m | [39m[0m
2026-10-07T06:22:05.7214743Z [  45% ] [90m[1mupdate_scripts_classes[22m | [39m[0m
2026-10-07T06:22:05.7214884Z [  45% ] [90m[1mupdate_scripts_classes[22m | [39m[0m
2026-10-07T06:22:05.7215117Z [  45% ] [90m[1mupdate_scripts_classes[22m | [39m[0m
2026-10-07T06:22:05.7215260Z [  45% ] [90m[1mupdate_scripts_classes[22m | [39m[0m
2026-10-07T06:22:05.7215400Z [  45% ] [90m[1mupdate_scripts_classes[22m | [39m[0m
2026-10-07T06:22:05.7215542Z [  45% ] [90m[1mupdate_scripts_classes[22m | [39m[0m
2026-10-07T06:22:05.7215683Z [  45% ] [90m[1mupdate_scripts_classes[22m | [39m[0m
2026-10-07T06:22:05.7215826Z [  45% ] [90m[1mupdate_scripts_classes[22m | [39m[0m
2026-10-07T06:22:05.7215971Z [  45% ] [90m[1mupdate_scripts_classes[22m | [39m[0m
2026-10-07T06:22:05.7216112Z [  45% ] [90m[1mupdate_scripts_classes[22m | [39m[0m
2026-10-07T06:22:05.7216253Z [  45% ] [90m[1mupdate_scripts_classes[22m | [39m[0m
2026-10-07T06:22:05.7216393Z [  45% ] [90m[1mupdate_scripts_classes[22m | [39m[0m
2026-10-07T06:22:05.7216533Z [  45% ] [90m[1mupdate_scripts_classes[22m | [39m[0m
2026-10-07T06:22:05.7216761Z [  46% ] [90m[1mupdate_scripts_classes[22m | [39m[0m
2026-10-07T06:22:05.7216901Z [  46% ] [90m[1mupdate_scripts_classes[22m | [39m[0m
2026-10-07T06:22:05.7217040Z [  46% ] [90m[1mupdate_scripts_classes[22m | [39m[0m
2026-10-07T06:22:05.7217336Z [  46% ] [90m[1mupdate_scripts_classes[22m | [39m[0m
2026-10-07T06:22:05.7217478Z [  46% ] [90m[1mupdate_scripts_classes[22m | [39m[0m
2026-10-07T06:22:05.7217619Z [  46% ] [90m[1mupdate_scripts_classes[22m | [39m[0m
2026-10-07T06:22:05.7217759Z [  46% ] [90m[1mupdate_scripts_classes[22m | [39m[0m
2026-10-07T06:22:05.7217900Z [  46% ] [90m[1mupdate_scripts_classes[22m | [39m[0m
2026-10-07T06:22:05.7218042Z [  46% ] [90m[1mupdate_scripts_classes[22m | [39m[0m
2026-10-07T06:22:05.7218180Z [  46% ] [90m[1mupdate_scripts_classes[22m | [39m[0m
2026-10-07T06:22:05.7218323Z [  46% ] [90m[1mupdate_scripts_classes[22m | [39m[0m
2026-10-07T06:22:05.7218464Z [  46% ] [90m[1mupdate_scripts_classes[22m | [39m[0m
2026-10-07T06:22:05.7218612Z [  46% ] [90m[1mupdate_scripts_classes[22m | [39m[0m
2026-10-07T06:22:05.7218750Z [  46% ] [90m[1mupdate_scripts_classes[22m | [39m[0m
2026-10-07T06:22:05.7218891Z [  46% ] [90m[1mupdate_scripts_classes[22m | [39m[0m
2026-10-07T06:22:05.7219033Z [  46% ] [90m[1mupdate_scripts_classes[22m | [39m[0m
2026-10-07T06:22:05.7219171Z [  46% ] [90m[1mupdate_scripts_classes[22m | [39m[0m
2026-10-07T06:22:05.7219313Z [  46% ] [90m[1mupdate_scripts_classes[22m | [39m[0m
2026-10-07T06:22:05.7219454Z [  46% ] [90m[1mupdate_scripts_classes[22m | [39m[0m
2026-10-07T06:22:05.7219595Z [  46% ] [90m[1mupdate_scripts_classes[22m | [39m[0m
2026-10-07T06:22:05.7219735Z [  46% ] [90m[1mupdate_scripts_classes[22m | [39m[0m
2026-10-07T06:22:05.7219877Z [  46% ] [90m[1mupdate_scripts_classes[22m | [39m[0m
2026-10-07T06:22:05.7220021Z [  46% ] [90m[1mupdate_scripts_classes[22m | [39m[0m
2026-10-07T06:22:05.7220162Z [  46% ] [90m[1mupdate_scripts_classes[22m | [39m[0m
2026-10-07T06:22:05.7220305Z [  46% ] [90m[1mupdate_scripts_classes[22m | [39m[0m
2026-10-07T06:22:05.7220447Z [  46% ] [90m[1mupdate_scripts_classes[22m | [39m[0m
2026-10-07T06:22:05.7220588Z [  46% ] [90m[1mupdate_scripts_classes[22m | [39m[0m
2026-10-07T06:22:05.7220727Z [  46% ] [90m[1mupdate_scripts_classes[22m | [39m[0m
2026-10-07T06:22:05.7220868Z [  46% ] [90m[1mupdate_scripts_classes[22m | [39m[0m
2026-10-07T06:22:05.7221010Z [  46% ] [90m[1mupdate_scripts_classes[22m | [39m[0m
2026-10-07T06:22:05.7221149Z [  46% ] [90m[1mupdate_scripts_classes[22m | [39m[0m
2026-10-07T06:22:05.7221292Z [  47% ] [90m[1mupdate_scripts_classes[22m | [39m[0m
2026-10-07T06:22:05.7221434Z [  47% ] [90m[1mupdate_scripts_classes[22m | [39m[0m
2026-10-07T06:22:05.7221575Z [  47% ] [90m[1mupdate_scripts_classes[22m | [39m[0m
2026-10-07T06:22:05.7221713Z [  47% ] [90m[1mupdate_scripts_classes[22m | [39m[0m
2026-10-07T06:22:05.7221855Z [  47% ] [90m[1mupdate_scripts_classes[22m | [39m[0m
2026-10-07T06:22:05.7222061Z [  47% ] [90m[1mupdate_scripts_classes[22m | [39m[0m
2026-10-07T06:22:05.7222200Z [  47% ] [90m[1mupdate_scripts_classes[22m | [39m[0m
2026-10-07T06:22:05.7222341Z [  47% ] [90m[1mupdate_scripts_classes[22m | [39m[0m
2026-10-07T06:22:05.7222482Z [  47% ] [90m[1mupdate_scripts_classes[22m | [39m[0m
2026-10-07T06:22:05.7222624Z [  47% ] [90m[1mupdate_scripts_classes[22m | [39m[0m
2026-10-07T06:22:05.7222763Z [  47% ] [90m[1mupdate_scripts_classes[22m | [39m[0m
2026-10-07T06:22:05.7222994Z [  47% ] [90m[1mupdate_scripts_classes[22m | [39m[0m
2026-10-07T06:22:05.7223137Z [  47% ] [90m[1mupdate_scripts_classes[22m | [39m[0m
2026-10-07T06:22:05.7223276Z [  47% ] [90m[1mupdate_scripts_classes[22m | [39m[0m
2026-10-07T06:22:05.7223417Z [  47% ] [90m[1mupdate_scripts_classes[22m | [39m[0m
2026-10-07T06:22:05.7223559Z [  47% ] [90m[1mupdate_scripts_classes[22m | [39m[0m
2026-10-07T06:22:05.7223790Z [  47% ] [90m[1mupdate_scripts_classes[22m | [39m[0m
2026-10-07T06:22:05.7223930Z [  47% ] [90m[1mupdate_scripts_classes[22m | [39m[0m
2026-10-07T06:22:05.7224070Z [  47% ] [90m[1mupdate_scripts_classes[22m | [39m[0m
2026-10-07T06:22:05.7224212Z [  47% ] [90m[1mupdate_scripts_classes[22m | [39m[0m
2026-10-07T06:22:05.7224350Z [  47% ] [90m[1mupdate_scripts_classes[22m | [39m[0m
2026-10-07T06:22:05.7224491Z [  47% ] [90m[1mupdate_scripts_classes[22m | [39m[0m
2026-10-07T06:22:05.7224632Z [  47% ] [90m[1mupdate_scripts_classes[22m | [39m[0m
2026-10-07T06:22:05.7224773Z [  47% ] [90m[1mupdate_scripts_classes[22m | [39m[0m
2026-10-07T06:22:05.7224912Z [  47% ] [90m[1mupdate_scripts_classes[22m | [39m[0m
2026-10-07T06:22:05.7225052Z [  47% ] [90m[1mupdate_scripts_classes[22m | [39m[0m
2026-10-07T06:22:05.7225193Z [  47% ] [90m[1mupdate_scripts_classes[22m | [39m[0m
2026-10-07T06:22:05.7225333Z [  47% ] [90m[1mupdate_scripts_classes[22m | [39m[0m
2026-10-07T06:22:05.7225479Z [  47% ] [90m[1mupdate_scripts_classes[22m | [39m[0m
2026-10-07T06:22:05.7225620Z [  47% ] [90m[1mupdate_scripts_classes[22m | [39m[0m
2026-10-07T06:22:05.7225762Z [  47% ] [90m[1mupdate_scripts_classes[22m | [39m[0m
2026-10-07T06:22:05.7225901Z [  48% ] [90m[1mupdate_scripts_classes[22m | [39m[0m
2026-10-07T06:22:05.7226043Z [  48% ] [90m[1mupdate_scripts_classes[22m | [39m[0m
2026-10-07T06:22:05.7226184Z [  48% ] [90m[1mupdate_scripts_classes[22m | [39m[0m
2026-10-07T06:22:05.7226323Z [  48% ] [90m[1mupdate_scripts_classes[22m | [39m[0m
2026-10-07T06:22:05.7226465Z [  48% ] [90m[1mupdate_scripts_classes[22m | [39m[0m
2026-10-07T06:22:05.7226606Z [  48% ] [90m[1mupdate_scripts_classes[22m | [39m[0m
2026-10-07T06:22:05.7226746Z [  48% ] [90m[1mupdate_scripts_classes[22m | [39m[0m
2026-10-07T06:22:05.7226885Z [  48% ] [90m[1mupdate_scripts_classes[22m | [39m[0m
2026-10-07T06:22:05.7227026Z [  48% ] [90m[1mupdate_scripts_classes[22m | [39m[0m
2026-10-07T06:22:05.7227171Z [  48% ] [90m[1mupdate_scripts_classes[22m | [39m[0m
2026-10-07T06:22:05.7227309Z [  48% ] [90m[1mupdate_scripts_classes[22m | [39m[0m
2026-10-07T06:22:05.7227450Z [  48% ] [90m[1mupdate_scripts_classes[22m | [39m[0m
2026-10-07T06:22:05.7227590Z [  48% ] [90m[1mupdate_scripts_classes[22m | [39m[0m
2026-10-07T06:22:05.7227730Z [  48% ] [90m[1mupdate_scripts_classes[22m | [39m[0m
2026-10-07T06:22:05.7227869Z [  48% ] [90m[1mupdate_scripts_classes[22m | [39m[0m
2026-10-07T06:22:05.7228010Z [  48% ] [90m[1mupdate_scripts_classes[22m | [39m[0m
2026-10-07T06:22:05.7228151Z [  48% ] [90m[1mupdate_scripts_classes[22m | [39m[0m
2026-10-07T06:22:05.7228290Z [  48% ] [90m[1mupdate_scripts_classes[22m | [39m[0m
2026-10-07T06:22:05.7228431Z [  48% ] [90m[1mupdate_scripts_classes[22m | [39m[0m
2026-10-07T06:22:05.7228573Z [  48% ] [90m[1mupdate_scripts_classes[22m | [39m[0m
2026-10-07T06:22:05.7228718Z [  48% ] [90m[1mupdate_scripts_classes[22m | [39m[0m
2026-10-07T06:22:05.7228946Z [  48% ] [90m[1mupdate_scripts_classes[22m | [39m[0m
2026-10-07T06:22:05.7229089Z [  48% ] [90m[1mupdate_scripts_classes[22m | [39m[0m
2026-10-07T06:22:05.7229231Z [  48% ] [90m[1mupdate_scripts_classes[22m | [39m[0m
2026-10-07T06:22:05.7229370Z [  48% ] [90m[1mupdate_scripts_classes[22m | [39m[0m
2026-10-07T06:22:05.7229511Z [  48% ] [90m[1mupdate_scripts_classes[22m | [39m[0m
2026-10-07T06:22:05.7229654Z [  48% ] [90m[1mupdate_scripts_classes[22m | [39m[0m
2026-10-07T06:22:05.7229795Z [  48% ] [90m[1mupdate_scripts_classes[22m | [39m[0m
2026-10-07T06:22:05.7229935Z [  48% ] [90m[1mupdate_scripts_classes[22m | [39m[0m
2026-10-07T06:22:05.7230076Z [  48% ] [90m[1mupdate_scripts_classes[22m | [39m[0m
2026-10-07T06:22:05.7230218Z [  48% ] [90m[1mupdate_scripts_classes[22m | [39m[0m
2026-10-07T06:22:05.7230357Z [  49% ] [90m[1mupdate_scripts_classes[22m | [39m[0m
2026-10-07T06:22:05.7230560Z [  49% ] [90m[1mupdate_scripts_classes[22m | [39m[0m
2026-10-07T06:22:05.7230702Z [  49% ] [90m[1mupdate_scripts_classes[22m | [39m[0m
2026-10-07T06:22:05.7230843Z [  49% ] [90m[1mupdate_scripts_classes[22m | [39m[0m
2026-10-07T06:22:05.7230983Z [  49% ] [90m[1mupdate_scripts_classes[22m | [39m[0m
2026-10-07T06:22:05.7231126Z [  49% ] [90m[1mupdate_scripts_classes[22m | [39m[0m
2026-10-07T06:22:05.7231271Z [  49% ] [90m[1mupdate_scripts_classes[22m | [39m[0m
2026-10-07T06:22:05.7231410Z [  49% ] [90m[1mupdate_scripts_classes[22m | [39m[0m
2026-10-07T06:22:05.7231551Z [  49% ] [90m[1mupdate_scripts_classes[22m | [39m[0m
2026-10-07T06:22:05.7231692Z [  49% ] [90m[1mupdate_scripts_classes[22m | [39m[0m
2026-10-07T06:22:05.7231833Z [  49% ] [90m[1mupdate_scripts_classes[22m | [39m[0m
2026-10-07T06:22:05.7231973Z [  49% ] [90m[1mupdate_scripts_classes[22m | [39m[0m
2026-10-07T06:22:05.7232115Z [  49% ] [90m[1mupdate_scripts_classes[22m | [39m[0m
2026-10-07T06:22:05.7232260Z [  49% ] [90m[1mupdate_scripts_classes[22m | [39m[0m
2026-10-07T06:22:05.7232400Z [  49% ] [90m[1mupdate_scripts_classes[22m | [39m[0m
2026-10-07T06:22:05.7232542Z [  49% ] [90m[1mupdate_scripts_classes[22m | [39m[0m
2026-10-07T06:22:05.7232686Z [  49% ] [90m[1mupdate_scripts_classes[22m | [39m[0m
2026-10-07T06:22:05.7232827Z [  49% ] [90m[1mupdate_scripts_classes[22m | [39m[0m
2026-10-07T06:22:05.7233056Z [  49% ] [90m[1mupdate_scripts_classes[22m | [39m[0m
2026-10-07T06:22:05.7233197Z [  49% ] [90m[1mupdate_scripts_classes[22m | [39m[0m
2026-10-07T06:22:05.7233340Z [  49% ] [90m[1mupdate_scripts_classes[22m | [39m[0m
2026-10-07T06:22:05.7233479Z [  49% ] [90m[1mupdate_scripts_classes[22m | [39m[0m
2026-10-07T06:22:05.7233621Z [  49% ] [90m[1mupdate_scripts_classes[22m | [39m[0m
2026-10-07T06:22:05.7233763Z [  49% ] [90m[1mupdate_scripts_classes[22m | [39m[0m
2026-10-07T06:22:05.7233904Z [  49% ] [90m[1mupdate_scripts_classes[22m | [39m[0m
2026-10-07T06:22:05.7234047Z [  49% ] [90m[1mupdate_scripts_classes[22m | [39m[0m
2026-10-07T06:22:05.7234188Z [  49% ] [90m[1mupdate_scripts_classes[22m | [39m[0m
2026-10-07T06:22:05.7234330Z [  49% ] [90m[1mupdate_scripts_classes[22m | [39m[0m
2026-10-07T06:22:05.7234471Z [  49% ] [90m[1mupdate_scripts_classes[22m | [39m[0m
2026-10-07T06:22:05.7234612Z [  49% ] [90m[1mupdate_scripts_classes[22m | [39m[0m
2026-10-07T06:22:05.7234754Z [  49% ] [90m[1mupdate_scripts_classes[22m | [39m[0m
2026-10-07T06:22:05.7234894Z [  50% ] [90m[1mupdate_scripts_classes[22m | [39m[0m
2026-10-07T06:22:05.7235033Z [  50% ] [90m[1mupdate_scripts_classes[22m | [39m[0m
2026-10-07T06:22:05.7235174Z [  50% ] [90m[1mupdate_scripts_classes[22m | [39m[0m
2026-10-07T06:22:05.7235315Z [  50% ] [90m[1mupdate_scripts_classes[22m | [39m[0m
2026-10-07T06:22:05.7235455Z [  50% ] [90m[1mupdate_scripts_classes[22m | [39m[0m
2026-10-07T06:22:05.7235600Z [  50% ] [90m[1mupdate_scripts_classes[22m | [39m[0m
2026-10-07T06:22:05.7235877Z [  50% ] [90m[1mupdate_scripts_classes[22m | [39m[0m
2026-10-07T06:22:05.7236019Z [  50% ] [90m[1mupdate_scripts_classes[22m | [39m[0m
2026-10-07T06:22:05.7236158Z [  50% ] [90m[1mupdate_scripts_classes[22m | [39m[0m
2026-10-07T06:22:05.7236300Z [  50% ] [90m[1mupdate_scripts_classes[22m | [39m[0m
2026-10-07T06:22:05.7236443Z [  50% ] [90m[1mupdate_scripts_classes[22m | [39m[0m
2026-10-07T06:22:05.7236581Z [  50% ] [90m[1mupdate_scripts_classes[22m | [39m[0m
2026-10-07T06:22:05.7236723Z [  50% ] [90m[1mupdate_scripts_classes[22m | [39m[0m
2026-10-07T06:22:05.7236865Z [  50% ] [90m[1mupdate_scripts_classes[22m | [39m[0m
2026-10-07T06:22:05.7237006Z [  50% ] [90m[1mupdate_scripts_classes[22m | [39m[0m
2026-10-07T06:22:05.7237146Z [  50% ] [90m[1mupdate_scripts_classes[22m | [39m[0m
2026-10-07T06:22:05.7237287Z [  50% ] [90m[1mupdate_scripts_classes[22m | [39m[0m
2026-10-07T06:22:05.7237514Z [  50% ] [90m[1mupdate_scripts_classes[22m | [39m[0m
2026-10-07T06:22:05.7237655Z [  50% ] [90m[1mupdate_scripts_classes[22m | [39m[0m
2026-10-07T06:22:05.7237799Z [  50% ] [90m[1mupdate_scripts_classes[22m | [39m[0m
2026-10-07T06:22:05.7237941Z [  50% ] [90m[1mupdate_scripts_classes[22m | [39m[0m
2026-10-07T06:22:05.7238081Z [  50% ] [90m[1mupdate_scripts_classes[22m | [39m[0m
2026-10-07T06:22:05.7238221Z [  50% ] [90m[1mupdate_scripts_classes[22m | [39m[0m
2026-10-07T06:22:05.7238362Z [  50% ] [90m[1mupdate_scripts_classes[22m | [39m[0m
2026-10-07T06:22:05.7238505Z [  50% ] [90m[1mupdate_scripts_classes[22m | [39m[0m
2026-10-07T06:22:05.7238645Z [  50% ] [90m[1mupdate_scripts_classes[22m | [39m[0m
2026-10-07T06:22:05.7238788Z [  50% ] [90m[1mupdate_scripts_classes[22m | [39m[0m
2026-10-07T06:22:05.7238930Z [  50% ] [90m[1mupdate_scripts_classes[22m | [39m[0m
2026-10-07T06:22:05.7239071Z [  50% ] [90m[1mupdate_scripts_classes[22m | [39m[0m
2026-10-07T06:22:05.7239214Z [  50% ] [90m[1mupdate_scripts_classes[22m | [39m[0m
2026-10-07T06:22:05.7239355Z [  50% ] [90m[1mupdate_scripts_classes[22m | [39m[0m
2026-10-07T06:22:05.7239498Z [  51% ] [90m[1mupdate_scripts_classes[22m | [39m[0m
2026-10-07T06:22:05.7239639Z [  51% ] [90m[1mupdate_scripts_classes[22m | [39m[0m
2026-10-07T06:22:05.7239783Z [  51% ] [90m[1mupdate_scripts_classes[22m | [39m[0m
2026-10-07T06:22:05.7239925Z [  51% ] [90m[1mupdate_scripts_classes[22m | [39m[0m
2026-10-07T06:22:05.7240067Z [  51% ] [90m[1mupdate_scripts_classes[22m | [39m[0m
2026-10-07T06:22:05.7240206Z [  51% ] [90m[1mupdate_scripts_classes[22m | [39m[0m
2026-10-07T06:22:05.7240348Z [  51% ] [90m[1mupdate_scripts_classes[22m | [39m[0m
2026-10-07T06:22:05.7240491Z [  51% ] [90m[1mupdate_scripts_classes[22m | [39m[0m
2026-10-07T06:22:05.7240630Z [  51% ] [90m[1mupdate_scripts_classes[22m | [39m[0m
2026-10-07T06:22:05.7240773Z [  51% ] [90m[1mupdate_scripts_classes[22m | [39m[0m
2026-10-07T06:22:05.7240919Z [  51% ] [90m[1mupdate_scripts_classes[22m | [39m[0m
2026-10-07T06:22:05.7241061Z [  51% ] [90m[1mupdate_scripts_classes[22m | [39m[0m
2026-10-07T06:22:05.7241200Z [  51% ] [90m[1mupdate_scripts_classes[22m | [39m[0m
2026-10-07T06:22:05.7241341Z [  51% ] [90m[1mupdate_scripts_classes[22m | [39m[0m
2026-10-07T06:22:05.7241483Z [  51% ] [90m[1mupdate_scripts_classes[22m | [39m[0m
2026-10-07T06:22:05.7241622Z [  51% ] [90m[1mupdate_scripts_classes[22m | [39m[0m
2026-10-07T06:22:05.7241764Z [  51% ] [90m[1mupdate_scripts_classes[22m | [39m[0m
2026-10-07T06:22:05.7241905Z [  51% ] [90m[1mupdate_scripts_classes[22m | [39m[0m
2026-10-07T06:22:05.7242047Z [  51% ] [90m[1mupdate_scripts_classes[22m | [39m[0m
2026-10-07T06:22:05.7242186Z [  51% ] [90m[1mupdate_scripts_classes[22m | [39m[0m
2026-10-07T06:22:05.7242328Z [  51% ] [90m[1mupdate_scripts_classes[22m | [39m[0m
2026-10-07T06:22:05.7242472Z [  51% ] [90m[1mupdate_scripts_classes[22m | [39m[0m
2026-10-07T06:22:05.7242676Z [  51% ] [90m[1mupdate_scripts_classes[22m | [39m[0m
2026-10-07T06:22:05.7242820Z [  51% ] [90m[1mupdate_scripts_classes[22m | [39m[0m
2026-10-07T06:22:05.7243046Z [  51% ] [90m[1mupdate_scripts_classes[22m | [39m[0m
2026-10-07T06:22:05.7243188Z [  51% ] [90m[1mupdate_scripts_classes[22m | [39m[0m
2026-10-07T06:22:05.7243330Z [  51% ] [90m[1mupdate_scripts_classes[22m | [39m[0m
2026-10-07T06:22:05.7243472Z [  51% ] [90m[1mupdate_scripts_classes[22m | [39m[0m
2026-10-07T06:22:05.7243613Z [  51% ] [90m[1mupdate_scripts_classes[22m | [39m[0m
2026-10-07T06:22:05.7243752Z [  51% ] [90m[1mupdate_scripts_classes[22m | [39m[0m
2026-10-07T06:22:05.7243895Z [  51% ] [90m[1mupdate_scripts_classes[22m | [39m[0m
2026-10-07T06:22:05.7244037Z [  52% ] [90m[1mupdate_scripts_classes[22m | [39m[0m
2026-10-07T06:22:05.7244179Z [  52% ] [90m[1mupdate_scripts_classes[22m | [39m[0m
2026-10-07T06:22:05.7244410Z [  52% ] [90m[1mupdate_scripts_classes[22m | [39m[0m
2026-10-07T06:22:05.7244554Z [  52% ] [90m[1mupdate_scripts_classes[22m | [39m[0m
2026-10-07T06:22:05.7244697Z [  52% ] [90m[1mupdate_scripts_classes[22m | [39m[0m
2026-10-07T06:22:05.7244836Z [  52% ] [90m[1mupdate_scripts_classes[22m | [39m[0m
2026-10-07T06:22:05.7244979Z [  52% ] [90m[1mupdate_scripts_classes[22m | [39m[0m
2026-10-07T06:22:05.7245123Z [  52% ] [90m[1mupdate_scripts_classes[22m | [39m[0m
2026-10-07T06:22:05.7245264Z [  52% ] [90m[1mupdate_scripts_classes[22m | [39m[0m
2026-10-07T06:22:05.7245404Z [  52% ] [90m[1mupdate_scripts_classes[22m | [39m[0m
2026-10-07T06:22:05.7245547Z [  52% ] [90m[1mupdate_scripts_classes[22m | [39m[0m
2026-10-07T06:22:05.7245689Z [  52% ] [90m[1mupdate_scripts_classes[22m | [39m[0m
2026-10-07T06:22:05.7245829Z [  52% ] [90m[1mupdate_scripts_classes[22m | [39m[0m
2026-10-07T06:22:05.7245970Z [  52% ] [90m[1mupdate_scripts_classes[22m | [39m[0m
2026-10-07T06:22:05.7246115Z [  52% ] [90m[1mupdate_scripts_classes[22m | [39m[0m
2026-10-07T06:22:05.7246257Z [  52% ] [90m[1mupdate_scripts_classes[22m | [39m[0m
2026-10-07T06:22:05.7246397Z [  52% ] [90m[1mupdate_scripts_classes[22m | [39m[0m
2026-10-07T06:22:05.7246539Z [  52% ] [90m[1mupdate_scripts_classes[22m | [39m[0m
2026-10-07T06:22:05.7246680Z [  52% ] [90m[1mupdate_scripts_classes[22m | [39m[0m
2026-10-07T06:22:05.7246820Z [  52% ] [90m[1mupdate_scripts_classes[22m | [39m[0m
2026-10-07T06:22:05.7246964Z [  52% ] [90m[1mupdate_scripts_classes[22m | [39m[0m
2026-10-07T06:22:05.7247106Z [  52% ] [90m[1mupdate_scripts_classes[22m | [39m[0m
2026-10-07T06:22:05.7247248Z [  52% ] [90m[1mupdate_scripts_classes[22m | [39m[0m
2026-10-07T06:22:05.7247388Z [  52% ] [90m[1mupdate_scripts_classes[22m | [39m[0m
2026-10-07T06:22:05.7247529Z [  52% ] [90m[1mupdate_scripts_classes[22m | [39m[0m
2026-10-07T06:22:05.7247672Z [  52% ] [90m[1mupdate_scripts_classes[22m | [39m[0m
2026-10-07T06:22:05.7247815Z [  52% ] [90m[1mupdate_scripts_classes[22m | [39m[0m
2026-10-07T06:22:05.7247958Z [  52% ] [90m[1mupdate_scripts_classes[22m | [39m[0m
2026-10-07T06:22:05.7248099Z [  52% ] [90m[1mupdate_scripts_classes[22m | [39m[0m
2026-10-07T06:22:05.7248242Z [  52% ] [90m[1mupdate_scripts_classes[22m | [39m[0m
2026-10-07T06:22:05.7248380Z [  52% ] [90m[1mupdate_scripts_classes[22m | [39m[0m
2026-10-07T06:22:05.7248522Z [  52% ] [90m[1mupdate_scripts_classes[22m | [39m[0m
2026-10-07T06:22:05.7248663Z [  53% ] [90m[1mupdate_scripts_classes[22m | [39m[0m
2026-10-07T06:22:05.7248803Z [  53% ] [90m[1mupdate_scripts_classes[22m | [39m[0m
2026-10-07T06:22:05.7248946Z [  53% ] [90m[1mupdate_scripts_classes[22m | [39m[0m
2026-10-07T06:22:05.7249089Z [  53% ] [90m[1mupdate_scripts_classes[22m | [39m[0m
2026-10-07T06:22:05.7249231Z [  53% ] [90m[1mupdate_scripts_classes[22m | [39m[0m
2026-10-07T06:22:05.7249371Z [  53% ] [90m[1mupdate_scripts_classes[22m | [39m[0m
2026-10-07T06:22:05.7249606Z [  53% ] [90m[1mupdate_scripts_classes[22m | [39m[0m
2026-10-07T06:22:05.7249749Z [  53% ] [90m[1mupdate_scripts_classes[22m | [39m[0m
2026-10-07T06:22:05.7249887Z [  53% ] [90m[1mupdate_scripts_classes[22m | [39m[0m
2026-10-07T06:22:05.7250029Z [  53% ] [90m[1mupdate_scripts_classes[22m | [39m[0m
2026-10-07T06:22:05.7250174Z [  53% ] [90m[1mupdate_scripts_classes[22m | [39m[0m
2026-10-07T06:22:05.7250317Z [  53% ] [90m[1mupdate_scripts_classes[22m | [39m[0m
2026-10-07T06:22:05.7250456Z [  53% ] [90m[1mupdate_scripts_classes[22m | [39m[0m
2026-10-07T06:22:05.7250598Z [  53% ] [90m[1mupdate_scripts_classes[22m | [39m[0m
2026-10-07T06:22:05.7250741Z [  53% ] [90m[1mupdate_scripts_classes[22m | [39m[0m
2026-10-07T06:22:05.7250881Z [  53% ] [90m[1mupdate_scripts_classes[22m | [39m[0m
2026-10-07T06:22:05.7251023Z [  53% ] [90m[1mupdate_scripts_classes[22m | [39m[0m
2026-10-07T06:22:05.7251228Z [  53% ] [90m[1mupdate_scripts_classes[22m | [39m[0m
2026-10-07T06:22:05.7251373Z [  53% ] [90m[1mupdate_scripts_classes[22m | [39m[0m
2026-10-07T06:22:05.7251512Z [  53% ] [90m[1mupdate_scripts_classes[22m | [39m[0m
2026-10-07T06:22:05.7251655Z [  53% ] [90m[1mupdate_scripts_classes[22m | [39m[0m
2026-10-07T06:22:05.7251797Z [  53% ] [90m[1mupdate_scripts_classes[22m | [39m[0m
2026-10-07T06:22:05.7251937Z [  53% ] [90m[1mupdate_scripts_classes[22m | [39m[0m
2026-10-07T06:22:05.7252080Z [  53% ] [90m[1mupdate_scripts_classes[22m | [39m[0m
2026-10-07T06:22:05.7252222Z [  53% ] [90m[1mupdate_scripts_classes[22m | [39m[0m
2026-10-07T06:22:05.7252364Z [  53% ] [90m[1mupdate_scripts_classes[22m | [39m[0m
2026-10-07T06:22:05.7252503Z [  53% ] [90m[1mupdate_scripts_classes[22m | [39m[0m
2026-10-07T06:22:05.7252596Z [  53% ] [90m[1mupdate_scripts_classes[22m | [39m[0m
2026-10-07T06:22:05.7252688Z [  53% ] [90m[1mupdate_scripts_classes[22m | [39m[0m
2026-10-07T06:22:05.7252781Z [  53% ] [90m[1mupdate_scripts_classes[22m | [39m[0m
2026-10-07T06:22:05.7252873Z [  54% ] [90m[1mupdate_scripts_classes[22m | [39m[0m
2026-10-07T06:22:05.7253092Z [  54% ] [90m[1mupdate_scripts_classes[22m | [39m[0m
2026-10-07T06:22:05.7253185Z [  54% ] [90m[1mupdate_scripts_classes[22m | [39m[0m
2026-10-07T06:22:05.7253272Z [  54% ] [90m[1mupdate_scripts_classes[22m | [39m[0m
2026-10-07T06:22:05.7253362Z [  54% ] [90m[1mupdate_scripts_classes[22m | [39m[0m
2026-10-07T06:22:05.7253453Z [  54% ] [90m[1mupdate_scripts_classes[22m | [39m[0m
2026-10-07T06:22:05.7253542Z [  54% ] [90m[1mupdate_scripts_classes[22m | [39m[0m
2026-10-07T06:22:05.7253634Z [  54% ] [90m[1mupdate_scripts_classes[22m | [39m[0m
2026-10-07T06:22:05.7253727Z [  54% ] [90m[1mupdate_scripts_classes[22m | [39m[0m
2026-10-07T06:22:05.7253817Z [  54% ] [90m[1mupdate_scripts_classes[22m | [39m[0m
2026-10-07T06:22:05.7253906Z [  54% ] [90m[1mupdate_scripts_classes[22m | [39m[0m
2026-10-07T06:22:05.7254000Z [  54% ] [90m[1mupdate_scripts_classes[22m | [39m[0m
2026-10-07T06:22:05.7254092Z [  54% ] [90m[1mupdate_scripts_classes[22m | [39m[0m
2026-10-07T06:22:05.7254180Z [  54% ] [90m[1mupdate_scripts_classes[22m | [39m[0m
2026-10-07T06:22:05.7254270Z [  54% ] [90m[1mupdate_scripts_classes[22m | [39m[0m
2026-10-07T06:22:05.7254362Z [  54% ] [90m[1mupdate_scripts_classes[22m | [39m[0m
2026-10-07T06:22:05.7254453Z [  54% ] [90m[1mupdate_scripts_classes[22m | [39m[0m
2026-10-07T06:22:05.7254541Z [  54% ] [90m[1mupdate_scripts_classes[22m | [39m[0m
2026-10-07T06:22:05.7254631Z [  54% ] [90m[1mupdate_scripts_classes[22m | [39m[0m
2026-10-07T06:22:05.7254723Z [  54% ] [90m[1mupdate_scripts_classes[22m | [39m[0m
2026-10-07T06:22:05.7254812Z [  54% ] [90m[1mupdate_scripts_classes[22m | [39m[0m
2026-10-07T06:22:05.7254902Z [  54% ] [90m[1mupdate_scripts_classes[22m | [39m[0m
2026-10-07T06:22:05.7254992Z [  54% ] [90m[1mupdate_scripts_classes[22m | [39m[0m
2026-10-07T06:22:05.7255210Z [  54% ] [90m[1mupdate_scripts_classes[22m | [39m[0m
2026-10-07T06:22:05.7255301Z [  54% ] [90m[1mupdate_scripts_classes[22m | [39m[0m
2026-10-07T06:22:05.7255393Z [  54% ] [90m[1mupdate_scripts_classes[22m | [39m[0m
2026-10-07T06:22:05.7255485Z [  54% ] [90m[1mupdate_scripts_classes[22m | [39m[0m
2026-10-07T06:22:05.7255575Z [  54% ] [90m[1mupdate_scripts_classes[22m | [39m[0m
2026-10-07T06:22:05.7255668Z [  54% ] [90m[1mupdate_scripts_classes[22m | [39m[0m
2026-10-07T06:22:05.7255760Z [  54% ] [90m[1mupdate_scripts_classes[22m | [39m[0m
2026-10-07T06:22:05.7255852Z [  54% ] [90m[1mupdate_scripts_classes[22m | [39m[0m
2026-10-07T06:22:05.7255940Z [  55% ] [90m[1mupdate_scripts_classes[22m | [39m[0m
2026-10-07T06:22:05.7256034Z [  55% ] [90m[1mupdate_scripts_classes[22m | [39m[0m
2026-10-07T06:22:05.7256124Z [  55% ] [90m[1mupdate_scripts_classes[22m | [39m[0m
2026-10-07T06:22:05.7256291Z [  55% ] [90m[1mupdate_scripts_classes[22m | [39m[0m
2026-10-07T06:22:05.7256384Z [  55% ] [90m[1mupdate_scripts_classes[22m | [39m[0m
2026-10-07T06:22:05.7256474Z [  55% ] [90m[1mupdate_scripts_classes[22m | [39m[0m
2026-10-07T06:22:05.7256566Z [  55% ] [90m[1mupdate_scripts_classes[22m | [39m[0m
2026-10-07T06:22:05.7256656Z [  55% ] [90m[1mupdate_scripts_classes[22m | [39m[0m
2026-10-07T06:22:05.7256751Z [  55% ] [90m[1mupdate_scripts_classes[22m | [39m[0m
2026-10-07T06:22:05.7256845Z [  55% ] [90m[1mupdate_scripts_classes[22m | [39m[0m
2026-10-07T06:22:05.7256933Z [  55% ] [90m[1mupdate_scripts_classes[22m | [39m[0m
2026-10-07T06:22:05.7257025Z [  55% ] [90m[1mupdate_scripts_classes[22m | [39m[0m
2026-10-07T06:22:05.7257116Z [  55% ] [90m[1mupdate_scripts_classes[22m | [39m[0m
2026-10-07T06:22:05.7257207Z [  55% ] [90m[1mupdate_scripts_classes[22m | [39m[0m
2026-10-07T06:22:05.7257297Z [  55% ] [90m[1mupdate_scripts_classes[22m | [39m[0m
2026-10-07T06:22:05.7257389Z [  55% ] [90m[1mupdate_scripts_classes[22m | [39m[0m
2026-10-07T06:22:05.7257483Z [  55% ] [90m[1mupdate_scripts_classes[22m | [39m[0m
2026-10-07T06:22:05.7257572Z [  55% ] [90m[1mupdate_scripts_classes[22m | [39m[0m
2026-10-07T06:22:05.7257663Z [  55% ] [90m[1mupdate_scripts_classes[22m | [39m[0m
2026-10-07T06:22:05.7257753Z [  55% ] [90m[1mupdate_scripts_classes[22m | [39m[0m
2026-10-07T06:22:05.7257844Z [  55% ] [90m[1mupdate_scripts_classes[22m | [39m[0m
2026-10-07T06:22:05.7257932Z [  55% ] [90m[1mupdate_scripts_classes[22m | [39m[0m
2026-10-07T06:22:05.7258024Z [  55% ] [90m[1mupdate_scripts_classes[22m | [39m[0m
2026-10-07T06:22:05.7258116Z [  55% ] [90m[1mupdate_scripts_classes[22m | [39m[0m
2026-10-07T06:22:05.7258204Z [  55% ] [90m[1mupdate_scripts_classes[22m | [39m[0m
2026-10-07T06:22:05.7258295Z [  55% ] [90m[1mupdate_scripts_classes[22m | [39m[0m
2026-10-07T06:22:05.7258388Z [  55% ] [90m[1mupdate_scripts_classes[22m | [39m[0m
2026-10-07T06:22:05.7258483Z [  55% ] [90m[1mupdate_scripts_classes[22m | [39m[0m
2026-10-07T06:22:05.7258572Z [  55% ] [90m[1mupdate_scripts_classes[22m | [39m[0m
2026-10-07T06:22:05.7258662Z [  55% ] [90m[1mupdate_scripts_classes[22m | [39m[0m
2026-10-07T06:22:05.7258753Z [  55% ] [90m[1mupdate_scripts_classes[22m | [39m[0m
2026-10-07T06:22:05.7258842Z [  56% ] [90m[1mupdate_scripts_classes[22m | [39m[0m
2026-10-07T06:22:05.7258932Z [  56% ] [90m[1mupdate_scripts_classes[22m | [39m[0m
2026-10-07T06:22:05.7259022Z [  56% ] [90m[1mupdate_scripts_classes[22m | [39m[0m
2026-10-07T06:22:05.7259112Z [  56% ] [90m[1mupdate_scripts_classes[22m | [39m[0m
2026-10-07T06:22:05.7259201Z [  56% ] [90m[1mupdate_scripts_classes[22m | [39m[0m
2026-10-07T06:22:05.7259291Z [  56% ] [90m[1mupdate_scripts_classes[22m | [39m[0m
2026-10-07T06:22:05.7259381Z [  56% ] [90m[1mupdate_scripts_classes[22m | [39m[0m
2026-10-07T06:22:05.7259470Z [  56% ] [90m[1mupdate_scripts_classes[22m | [39m[0m
2026-10-07T06:22:05.7259640Z [  56% ] [90m[1mupdate_scripts_classes[22m | [39m[0m
2026-10-07T06:22:05.7259736Z [  56% ] [90m[1mupdate_scripts_classes[22m | [39m[0m
2026-10-07T06:22:05.7259828Z [  56% ] [90m[1mupdate_scripts_classes[22m | [39m[0m
2026-10-07T06:22:05.7259938Z [  56% ] [90m[1mupdate_scripts_classes[22m | [39m[0m
2026-10-07T06:22:05.7260030Z [  56% ] [90m[1mupdate_scripts_classes[22m | [39m[0m
2026-10-07T06:22:05.7260122Z [  56% ] [90m[1mupdate_scripts_classes[22m | [39m[0m
2026-10-07T06:22:05.7260210Z [  56% ] [90m[1mupdate_scripts_classes[22m | [39m[0m
2026-10-07T06:22:05.7260301Z [  56% ] [90m[1mupdate_scripts_classes[22m | [39m[0m
2026-10-07T06:22:05.7260392Z [  56% ] [90m[1mupdate_scripts_classes[22m | [39m[0m
2026-10-07T06:22:05.7260485Z [  56% ] [90m[1mupdate_scripts_classes[22m | [39m[0m
2026-10-07T06:22:05.7260573Z [  56% ] [90m[1mupdate_scripts_classes[22m | [39m[0m
2026-10-07T06:22:05.7260665Z [  56% ] [90m[1mupdate_scripts_classes[22m | [39m[0m
2026-10-07T06:22:05.7260837Z [  56% ] [90m[1mupdate_scripts_classes[22m | [39m[0m
2026-10-07T06:22:05.7260928Z [  56% ] [90m[1mupdate_scripts_classes[22m | [39m[0m
2026-10-07T06:22:05.7261021Z [  56% ] [90m[1mupdate_scripts_classes[22m | [39m[0m
2026-10-07T06:22:05.7261113Z [  56% ] [90m[1mupdate_scripts_classes[22m | [39m[0m
2026-10-07T06:22:05.7261205Z [  56% ] [90m[1mupdate_scripts_classes[22m | [39m[0m
2026-10-07T06:22:05.7261295Z [  56% ] [90m[1mupdate_scripts_classes[22m | [39m[0m
2026-10-07T06:22:05.7261388Z [  56% ] [90m[1mupdate_scripts_classes[22m | [39m[0m
2026-10-07T06:22:05.7261478Z [  56% ] [90m[1mupdate_scripts_classes[22m | [39m[0m
2026-10-07T06:22:05.7261568Z [  56% ] [90m[1mupdate_scripts_classes[22m | [39m[0m
2026-10-07T06:22:05.7261659Z [  56% ] [90m[1mupdate_scripts_classes[22m | [39m[0m
2026-10-07T06:22:05.7261750Z [  56% ] [90m[1mupdate_scripts_classes[22m | [39m[0m
2026-10-07T06:22:05.7261886Z [  57% ] [90m[1mupdate_scripts_classes[22m | [39m[0m
2026-10-07T06:22:05.7262005Z [  57% ] [90m[1mupdate_scripts_classes[22m | [39m[0m
2026-10-07T06:22:05.7262233Z [  57% ] [90m[1mupdate_scripts_classes[22m | [39m[0m
2026-10-07T06:22:05.7262388Z [  57% ] [90m[1mupdate_scripts_classes[22m | [39m[0m
2026-10-07T06:22:05.7262505Z [  57% ] [90m[1mupdate_scripts_classes[22m | [39m[0m
2026-10-07T06:22:05.7262647Z [  57% ] [90m[1mupdate_scripts_classes[22m | [39m[0m
2026-10-07T06:22:05.7262779Z [  57% ] [90m[1mupdate_scripts_classes[22m | [39m[0m
2026-10-07T06:22:05.7263071Z [  57% ] [90m[1mupdate_scripts_classes[22m | [39m[0m
2026-10-07T06:22:05.7263257Z [  57% ] [90m[1mupdate_scripts_classes[22m | [39m[0m
2026-10-07T06:22:05.7263400Z [  57% ] [90m[1mupdate_scripts_classes[22m | [39m[0m
2026-10-07T06:22:05.7263544Z [  57% ] [90m[1mupdate_scripts_classes[22m | [39m[0m
2026-10-07T06:22:05.7263650Z [  57% ] [90m[1mupdate_scripts_classes[22m | [39m[0m
2026-10-07T06:22:05.7263840Z [  57% ] [90m[1mupdate_scripts_classes[22m | [39m[0m
2026-10-07T06:22:05.7263983Z [  57% ] [90m[1mupdate_scripts_classes[22m | [39m[0m
2026-10-07T06:22:05.7264098Z [  57% ] [90m[1mupdate_scripts_classes[22m | [39m[0m
2026-10-07T06:22:05.7264231Z [  57% ] [90m[1mupdate_scripts_classes[22m | [39m[0m
2026-10-07T06:22:05.7274985Z [  57% ] [90m[1mupdate_scripts_classes[22m | [39m[0m
2026-10-07T06:22:05.7275212Z [  57% ] [90m[1mupdate_scripts_classes[22m | [39m[0m
2026-10-07T06:22:05.7275360Z [  57% ] [90m[1mupdate_scripts_classes[22m | [39m[0m
2026-10-07T06:22:05.7275506Z [  57% ] [90m[1mupdate_scripts_classes[22m | [39m[0m
2026-10-07T06:22:05.7275651Z [  57% ] [90m[1mupdate_scripts_classes[22m | [39m[0m
2026-10-07T06:22:05.7275794Z [  57% ] [90m[1mupdate_scripts_classes[22m | [39m[0m
2026-10-07T06:22:05.7275941Z [  57% ] [90m[1mupdate_scripts_classes[22m | [39m[0m
2026-10-07T06:22:05.7276041Z [  57% ] [90m[1mupdate_scripts_classes[22m | [39m[0m
2026-10-07T06:22:05.7276255Z [  57% ] [90m[1mupdate_scripts_classes[22m | [39m[0m
2026-10-07T06:22:05.7276348Z [  57% ] [90m[1mupdate_scripts_classes[22m | [39m[0m
2026-10-07T06:22:05.7276439Z [  57% ] [90m[1mupdate_scripts_classes[22m | [39m[0m
2026-10-07T06:22:05.7276531Z [  57% ] [90m[1mupdate_scripts_classes[22m | [39m[0m
2026-10-07T06:22:05.7276621Z [  57% ] [90m[1mupdate_scripts_classes[22m | [39m[0m
2026-10-07T06:22:05.7276712Z [  57% ] [90m[1mupdate_scripts_classes[22m | [39m[0m
2026-10-07T06:22:05.7276803Z [  57% ] [90m[1mupdate_scripts_classes[22m | [39m[0m
2026-10-07T06:22:05.7276924Z [  58% ] [90m[1mupdate_scripts_classes[22m | [39m[0m
2026-10-07T06:22:05.7277075Z [  58% ] [90m[1mupdate_scripts_classes[22m | [39m[0m
2026-10-07T06:22:05.7277220Z [  58% ] [90m[1mupdate_scripts_classes[22m | [39m[0m
2026-10-07T06:22:05.7277365Z [  58% ] [90m[1mupdate_scripts_classes[22m | [39m[0m
2026-10-07T06:22:05.7277509Z [  58% ] [90m[1mupdate_scripts_classes[22m | [39m[0m
2026-10-07T06:22:05.7277761Z [  58% ] [90m[1mupdate_scripts_classes[22m | [39m[0m
2026-10-07T06:22:05.7277855Z [  58% ] [90m[1mupdate_scripts_classes[22m | [39m[0m
2026-10-07T06:22:05.7277948Z [  58% ] [90m[1mupdate_scripts_classes[22m | [39m[0m
2026-10-07T06:22:05.7278039Z [  58% ] [90m[1mupdate_scripts_classes[22m | [39m[0m
2026-10-07T06:22:05.7278132Z [  58% ] [90m[1mupdate_scripts_classes[22m | [39m[0m
2026-10-07T06:22:05.7278224Z [  58% ] [90m[1mupdate_scripts_classes[22m | [39m[0m
2026-10-07T06:22:05.7278317Z [  58% ] [90m[1mupdate_scripts_classes[22m | [39m[0m
2026-10-07T06:22:05.7278408Z [  58% ] [90m[1mupdate_scripts_classes[22m | [39m[0m
2026-10-07T06:22:05.7278500Z [  58% ] [90m[1mupdate_scripts_classes[22m | [39m[0m
2026-10-07T06:22:05.7278593Z [  58% ] [90m[1mupdate_scripts_classes[22m | [39m[0m
2026-10-07T06:22:05.7278682Z [  58% ] [90m[1mupdate_scripts_classes[22m | [39m[0m
2026-10-07T06:22:05.7278779Z [  58% ] [90m[1mupdate_scripts_classes[22m | [39m[0m
2026-10-07T06:22:05.7278873Z [  58% ] [90m[1mupdate_scripts_classes[22m | [39m[0m
2026-10-07T06:22:05.7278965Z [  58% ] [90m[1mupdate_scripts_classes[22m | [39m[0m
2026-10-07T06:22:05.7279055Z [  58% ] [90m[1mupdate_scripts_classes[22m | [39m[0m
2026-10-07T06:22:05.7279150Z [  58% ] [90m[1mupdate_scripts_classes[22m | [39m[0m
2026-10-07T06:22:05.7279316Z [  58% ] [90m[1mupdate_scripts_classes[22m | [39m[0m
2026-10-07T06:22:05.7279457Z [  58% ] [90m[1mupdate_scripts_classes[22m | [39m[0m
2026-10-07T06:22:05.7279601Z [  58% ] [90m[1mupdate_scripts_classes[22m | [39m[0m
2026-10-07T06:22:05.7279746Z [  58% ] [90m[1mupdate_scripts_classes[22m | [39m[0m
2026-10-07T06:22:05.7279890Z [  58% ] [90m[1mupdate_scripts_classes[22m | [39m[0m
2026-10-07T06:22:05.7280017Z [  58% ] [90m[1mupdate_scripts_classes[22m | [39m[0m
2026-10-07T06:22:05.7280112Z [  58% ] [90m[1mupdate_scripts_classes[22m | [39m[0m
2026-10-07T06:22:05.7280207Z [  58% ] [90m[1mupdate_scripts_classes[22m | [39m[0m
2026-10-07T06:22:05.7280297Z [  58% ] [90m[1mupdate_scripts_classes[22m | [39m[0m
2026-10-07T06:22:05.7280390Z [  58% ] [90m[1mupdate_scripts_classes[22m | [39m[0m
2026-10-07T06:22:05.7280483Z [  58% ] [90m[1mupdate_scripts_classes[22m | [39m[0m
2026-10-07T06:22:05.7280575Z [  59% ] [90m[1mupdate_scripts_classes[22m | [39m[0m
2026-10-07T06:22:05.7280664Z [  59% ] [90m[1mupdate_scripts_classes[22m | [39m[0m
2026-10-07T06:22:05.7280757Z [  59% ] [90m[1mupdate_scripts_classes[22m | [39m[0m
2026-10-07T06:22:05.7280848Z [  59% ] [90m[1mupdate_scripts_classes[22m | [39m[0m
2026-10-07T06:22:05.7280937Z [  59% ] [90m[1mupdate_scripts_classes[22m | [39m[0m
2026-10-07T06:22:05.7281032Z [  59% ] [90m[1mupdate_scripts_classes[22m | [39m[0m
2026-10-07T06:22:05.7281124Z [  59% ] [90m[1mupdate_scripts_classes[22m | [39m[0m
2026-10-07T06:22:05.7281218Z [  59% ] [90m[1mupdate_scripts_classes[22m | [39m[0m
2026-10-07T06:22:05.7281372Z [  59% ] [90m[1mupdate_scripts_classes[22m | [39m[0m
2026-10-07T06:22:05.7281466Z [  59% ] [90m[1mupdate_scripts_classes[22m | [39m[0m
2026-10-07T06:22:05.7281624Z [  59% ] [90m[1mupdate_scripts_classes[22m | [39m[0m
2026-10-07T06:22:05.7281764Z [  59% ] [90m[1mupdate_scripts_classes[22m | [39m[0m
2026-10-07T06:22:05.7281907Z [  59% ] [90m[1mupdate_scripts_classes[22m | [39m[0m
2026-10-07T06:22:05.7282048Z [  59% ] [90m[1mupdate_scripts_classes[22m | [39m[0m
2026-10-07T06:22:05.7282191Z [  59% ] [90m[1mupdate_scripts_classes[22m | [39m[0m
2026-10-07T06:22:05.7282329Z [  59% ] [90m[1mupdate_scripts_classes[22m | [39m[0m
2026-10-07T06:22:05.7282423Z [  59% ] [90m[1mupdate_scripts_classes[22m | [39m[0m
2026-10-07T06:22:05.7282517Z [  59% ] [90m[1mupdate_scripts_classes[22m | [39m[0m
2026-10-07T06:22:05.7282606Z [  59% ] [90m[1mupdate_scripts_classes[22m | [39m[0m
2026-10-07T06:22:05.7282699Z [  59% ] [90m[1mupdate_scripts_classes[22m | [39m[0m
2026-10-07T06:22:05.7282856Z [  59% ] [90m[1mupdate_scripts_classes[22m | [39m[0m
2026-10-07T06:22:05.7283023Z [  59% ] [90m[1mupdate_scripts_classes[22m | [39m[0m
2026-10-07T06:22:05.7283115Z [  59% ] [90m[1mupdate_scripts_classes[22m | [39m[0m
2026-10-07T06:22:05.7283210Z [  59% ] [90m[1mupdate_scripts_classes[22m | [39m[0m
2026-10-07T06:22:05.7283303Z [  59% ] [90m[1mupdate_scripts_classes[22m | [39m[0m
2026-10-07T06:22:05.7283394Z [  59% ] [90m[1mupdate_scripts_classes[22m | [39m[0m
2026-10-07T06:22:05.7283489Z [  59% ] [90m[1mupdate_scripts_classes[22m | [39m[0m
2026-10-07T06:22:05.7283584Z [  59% ] [90m[1mupdate_scripts_classes[22m | [39m[0m
2026-10-07T06:22:05.7283679Z [  59% ] [90m[1mupdate_scripts_classes[22m | [39m[0m
2026-10-07T06:22:05.7283772Z [  59% ] [90m[1mupdate_scripts_classes[22m | [39m[0m
2026-10-07T06:22:05.7283911Z [  60% ] [90m[1mupdate_scripts_classes[22m | [39m[0m
2026-10-07T06:22:05.7284062Z [  60% ] [90m[1mupdate_scripts_classes[22m | [39m[0m
2026-10-07T06:22:05.7284205Z [  60% ] [90m[1mupdate_scripts_classes[22m | [39m[0m
2026-10-07T06:22:05.7284347Z [  60% ] [90m[1mupdate_scripts_classes[22m | [39m[0m
2026-10-07T06:22:05.7284489Z [  60% ] [90m[1mupdate_scripts_classes[22m | [39m[0m
2026-10-07T06:22:05.7284637Z [  60% ] [90m[1mupdate_scripts_classes[22m | [39m[0m
2026-10-07T06:22:05.7284728Z [  60% ] [90m[1mupdate_scripts_classes[22m | [39m[0m
2026-10-07T06:22:05.7284820Z [  60% ] [90m[1mupdate_scripts_classes[22m | [39m[0m
2026-10-07T06:22:05.7284912Z [  60% ] [90m[1mupdate_scripts_classes[22m | [39m[0m
2026-10-07T06:22:05.7285000Z [  60% ] [90m[1mupdate_scripts_classes[22m | [39m[0m
2026-10-07T06:22:05.7285092Z [  60% ] [90m[1mupdate_scripts_classes[22m | [39m[0m
2026-10-07T06:22:05.7285185Z [  60% ] [90m[1mupdate_scripts_classes[22m | [39m[0m
2026-10-07T06:22:05.7285277Z [  60% ] [90m[1mupdate_scripts_classes[22m | [39m[0m
2026-10-07T06:22:05.7285368Z [  60% ] [90m[1mupdate_scripts_classes[22m | [39m[0m
2026-10-07T06:22:05.7285462Z [  60% ] [90m[1mupdate_scripts_classes[22m | [39m[0m
2026-10-07T06:22:05.7285555Z [  60% ] [90m[1mupdate_scripts_classes[22m | [39m[0m
2026-10-07T06:22:05.7285644Z [  60% ] [90m[1mupdate_scripts_classes[22m | [39m[0m
2026-10-07T06:22:05.7285736Z [  60% ] [90m[1mupdate_scripts_classes[22m | [39m[0m
2026-10-07T06:22:05.7285829Z [  60% ] [90m[1mupdate_scripts_classes[22m | [39m[0m
2026-10-07T06:22:05.7285922Z [  60% ] [90m[1mupdate_scripts_classes[22m | [39m[0m
2026-10-07T06:22:05.7286012Z [  60% ] [90m[1mupdate_scripts_classes[22m | [39m[0m
2026-10-07T06:22:05.7286139Z [  60% ] [90m[1mupdate_scripts_classes[22m | [39m[0m
2026-10-07T06:22:05.7286289Z [  60% ] [90m[1mupdate_scripts_classes[22m | [39m[0m
2026-10-07T06:22:05.7286430Z [  60% ] [90m[1mupdate_scripts_classes[22m | [39m[0m
2026-10-07T06:22:05.7286575Z [  60% ] [90m[1mupdate_scripts_classes[22m | [39m[0m
2026-10-07T06:22:05.7286822Z [  60% ] [90m[1mupdate_scripts_classes[22m | [39m[0m
2026-10-07T06:22:05.7286941Z [  60% ] [90m[1mupdate_scripts_classes[22m | [39m[0m
2026-10-07T06:22:05.7287030Z [  60% ] [90m[1mupdate_scripts_classes[22m | [39m[0m
2026-10-07T06:22:05.7287121Z [  60% ] [90m[1mupdate_scripts_classes[22m | [39m[0m
2026-10-07T06:22:05.7287216Z [  60% ] [90m[1mupdate_scripts_classes[22m | [39m[0m
2026-10-07T06:22:05.7287305Z [  60% ] [90m[1mupdate_scripts_classes[22m | [39m[0m
2026-10-07T06:22:05.7287399Z [  61% ] [90m[1mupdate_scripts_classes[22m | [39m[0m
2026-10-07T06:22:05.7287493Z [  61% ] [90m[1mupdate_scripts_classes[22m | [39m[0m
2026-10-07T06:22:05.7287586Z [  61% ] [90m[1mupdate_scripts_classes[22m | [39m[0m
2026-10-07T06:22:05.7287676Z [  61% ] [90m[1mupdate_scripts_classes[22m | [39m[0m
2026-10-07T06:22:05.7287768Z [  61% ] [90m[1mupdate_scripts_classes[22m | [39m[0m
2026-10-07T06:22:05.7287860Z [  61% ] [90m[1mupdate_scripts_classes[22m | [39m[0m
2026-10-07T06:22:05.7288034Z [  61% ] [90m[1mupdate_scripts_classes[22m | [39m[0m
2026-10-07T06:22:05.7288126Z [  61% ] [90m[1mupdate_scripts_classes[22m | [39m[0m
2026-10-07T06:22:05.7288221Z [  61% ] [90m[1mupdate_scripts_classes[22m | [39m[0m
2026-10-07T06:22:05.7288316Z [  61% ] [90m[1mupdate_scripts_classes[22m | [39m[0m
2026-10-07T06:22:05.7288475Z [  61% ] [90m[1mupdate_scripts_classes[22m | [39m[0m
2026-10-07T06:22:05.7288621Z [  61% ] [90m[1mupdate_scripts_classes[22m | [39m[0m
2026-10-07T06:22:05.7288762Z [  61% ] [90m[1mupdate_scripts_classes[22m | [39m[0m
2026-10-07T06:22:05.7288902Z [  61% ] [90m[1mupdate_scripts_classes[22m | [39m[0m
2026-10-07T06:22:05.7289044Z [  61% ] [90m[1mupdate_scripts_classes[22m | [39m[0m
2026-10-07T06:22:05.7289176Z [  61% ] [90m[1mupdate_scripts_classes[22m | [39m[0m
2026-10-07T06:22:05.7289269Z [  61% ] [90m[1mupdate_scripts_classes[22m | [39m[0m
2026-10-07T06:22:05.7289361Z [  61% ] [90m[1mupdate_scripts_classes[22m | [39m[0m
2026-10-07T06:22:05.7289455Z [  61% ] [90m[1mupdate_scripts_classes[22m | [39m[0m
2026-10-07T06:22:05.7289546Z [  61% ] [90m[1mupdate_scripts_classes[22m | [39m[0m
2026-10-07T06:22:05.7289636Z [  61% ] [90m[1mupdate_scripts_classes[22m | [39m[0m
2026-10-07T06:22:05.7289724Z [  61% ] [90m[1mupdate_scripts_classes[22m | [39m[0m
2026-10-07T06:22:05.7289813Z [  61% ] [90m[1mupdate_scripts_classes[22m | [39m[0m
2026-10-07T06:22:05.7289902Z [  61% ] [90m[1mupdate_scripts_classes[22m | [39m[0m
2026-10-07T06:22:05.7289989Z [  61% ] [90m[1mupdate_scripts_classes[22m | [39m[0m
2026-10-07T06:22:05.7290079Z [  61% ] [90m[1mupdate_scripts_classes[22m | [39m[0m
2026-10-07T06:22:05.7290168Z [  61% ] [90m[1mupdate_scripts_classes[22m | [39m[0m
2026-10-07T06:22:05.7290256Z [  61% ] [90m[1mupdate_scripts_classes[22m | [39m[0m
2026-10-07T06:22:05.7290344Z [  61% ] [90m[1mupdate_scripts_classes[22m | [39m[0m
2026-10-07T06:22:05.7290434Z [  61% ] [90m[1mupdate_scripts_classes[22m | [39m[0m
2026-10-07T06:22:05.7290525Z [  61% ] [90m[1mupdate_scripts_classes[22m | [39m[0m
2026-10-07T06:22:05.7290643Z [  62% ] [90m[1mupdate_scripts_classes[22m | [39m[0m
2026-10-07T06:22:05.7290796Z [  62% ] [90m[1mupdate_scripts_classes[22m | [39m[0m
2026-10-07T06:22:05.7290935Z [  62% ] [90m[1mupdate_scripts_classes[22m | [39m[0m
2026-10-07T06:22:05.7291075Z [  62% ] [90m[1mupdate_scripts_classes[22m | [39m[0m
2026-10-07T06:22:05.7291213Z [  62% ] [90m[1mupdate_scripts_classes[22m | [39m[0m
2026-10-07T06:22:05.7291354Z [  62% ] [90m[1mupdate_scripts_classes[22m | [39m[0m
2026-10-07T06:22:05.7291465Z [  62% ] [90m[1mupdate_scripts_classes[22m | [39m[0m
2026-10-07T06:22:05.7291553Z [  62% ] [90m[1mupdate_scripts_classes[22m | [39m[0m
2026-10-07T06:22:05.7291642Z [  62% ] [90m[1mupdate_scripts_classes[22m | [39m[0m
2026-10-07T06:22:05.7291730Z [  62% ] [90m[1mupdate_scripts_classes[22m | [39m[0m
2026-10-07T06:22:05.7291883Z [  62% ] [90m[1mupdate_scripts_classes[22m | [39m[0m
2026-10-07T06:22:05.7291975Z [  62% ] [90m[1mupdate_scripts_classes[22m | [39m[0m
2026-10-07T06:22:05.7292065Z [  62% ] [90m[1mupdate_scripts_classes[22m | [39m[0m
2026-10-07T06:22:05.7292156Z [  62% ] [90m[1mupdate_scripts_classes[22m | [39m[0m
2026-10-07T06:22:05.7292245Z [  62% ] [90m[1mupdate_scripts_classes[22m | [39m[0m
2026-10-07T06:22:05.7292335Z [  62% ] [90m[1mupdate_scripts_classes[22m | [39m[0m
2026-10-07T06:22:05.7292425Z [  62% ] [90m[1mupdate_scripts_classes[22m | [39m[0m
2026-10-07T06:22:05.7292516Z [  62% ] [90m[1mupdate_scripts_classes[22m | [39m[0m
2026-10-07T06:22:05.7292604Z [  62% ] [90m[1mupdate_scripts_classes[22m | [39m[0m
2026-10-07T06:22:05.7292692Z [  62% ] [90m[1mupdate_scripts_classes[22m | [39m[0m
2026-10-07T06:22:05.7292781Z [  62% ] [90m[1mupdate_scripts_classes[22m | [39m[0m
2026-10-07T06:22:05.7292869Z [  62% ] [90m[1mupdate_scripts_classes[22m | [39m[0m
2026-10-07T06:22:05.7293199Z [  62% ] [90m[1mupdate_scripts_classes[22m | [39m[0m
2026-10-07T06:22:05.7293339Z [  62% ] [90m[1mupdate_scripts_classes[22m | [39m[0m
2026-10-07T06:22:05.7293478Z [  62% ] [90m[1mupdate_scripts_classes[22m | [39m[0m
2026-10-07T06:22:05.7293616Z [  62% ] [90m[1mupdate_scripts_classes[22m | [39m[0m
2026-10-07T06:22:05.7293761Z [  62% ] [90m[1mupdate_scripts_classes[22m | [39m[0m
2026-10-07T06:22:05.7293859Z [  62% ] [90m[1mupdate_scripts_classes[22m | [39m[0m
2026-10-07T06:22:05.7293947Z [  62% ] [90m[1mupdate_scripts_classes[22m | [39m[0m
2026-10-07T06:22:05.7294035Z [  62% ] [90m[1mupdate_scripts_classes[22m | [39m[0m
2026-10-07T06:22:05.7294124Z [  62% ] [90m[1mupdate_scripts_classes[22m | [39m[0m
2026-10-07T06:22:05.7294212Z [  63% ] [90m[1mupdate_scripts_classes[22m | [39m[0m
2026-10-07T06:22:05.7294300Z [  63% ] [90m[1mupdate_scripts_classes[22m | [39m[0m
2026-10-07T06:22:05.7294389Z [  63% ] [90m[1mupdate_scripts_classes[22m | [39m[0m
2026-10-07T06:22:05.7294481Z [  63% ] [90m[1mupdate_scripts_classes[22m | [39m[0m
2026-10-07T06:22:05.7294569Z [  63% ] [90m[1mupdate_scripts_classes[22m | [39m[0m
2026-10-07T06:22:05.7294657Z [  63% ] [90m[1mupdate_scripts_classes[22m | [39m[0m
2026-10-07T06:22:05.7294746Z [  63% ] [90m[1mupdate_scripts_classes[22m | [39m[0m
2026-10-07T06:22:05.7294835Z [  63% ] [90m[1mupdate_scripts_classes[22m | [39m[0m
2026-10-07T06:22:05.7294923Z [  63% ] [90m[1mupdate_scripts_classes[22m | [39m[0m
2026-10-07T06:22:05.7295011Z [  63% ] [90m[1mupdate_scripts_classes[22m | [39m[0m
2026-10-07T06:22:05.7295099Z [  63% ] [90m[1mupdate_scripts_classes[22m | [39m[0m
2026-10-07T06:22:05.7295187Z [  63% ] [90m[1mupdate_scripts_classes[22m | [39m[0m
2026-10-07T06:22:05.7295336Z [  63% ] [90m[1mupdate_scripts_classes[22m | [39m[0m
2026-10-07T06:22:05.7295476Z [  63% ] [90m[1mupdate_scripts_classes[22m | [39m[0m
2026-10-07T06:22:05.7295618Z [  63% ] [90m[1mupdate_scripts_classes[22m | [39m[0m
2026-10-07T06:22:05.7295759Z [  63% ] [90m[1mupdate_scripts_classes[22m | [39m[0m
2026-10-07T06:22:05.7295900Z [  63% ] [90m[1mupdate_scripts_classes[22m | [39m[0m
2026-10-07T06:22:05.7296042Z [  63% ] [90m[1mupdate_scripts_classes[22m | [39m[0m
2026-10-07T06:22:05.7296132Z [  63% ] [90m[1mupdate_scripts_classes[22m | [39m[0m
2026-10-07T06:22:05.7296221Z [  63% ] [90m[1mupdate_scripts_classes[22m | [39m[0m
2026-10-07T06:22:05.7296310Z [  63% ] [90m[1mupdate_scripts_classes[22m | [39m[0m
2026-10-07T06:22:05.7296399Z [  63% ] [90m[1mupdate_scripts_classes[22m | [39m[0m
2026-10-07T06:22:05.7296487Z [  63% ] [90m[1mupdate_scripts_classes[22m | [39m[0m
2026-10-07T06:22:05.7296576Z [  63% ] [90m[1mupdate_scripts_classes[22m | [39m[0m
2026-10-07T06:22:05.7296665Z [  63% ] [90m[1mupdate_scripts_classes[22m | [39m[0m
2026-10-07T06:22:05.7296752Z [  63% ] [90m[1mupdate_scripts_classes[22m | [39m[0m
2026-10-07T06:22:05.7296931Z [  63% ] [90m[1mupdate_scripts_classes[22m | [39m[0m
2026-10-07T06:22:05.7297026Z [  63% ] [90m[1mupdate_scripts_classes[22m | [39m[0m
2026-10-07T06:22:05.7297119Z [  63% ] [90m[1mupdate_scripts_classes[22m | [39m[0m
2026-10-07T06:22:05.7297209Z [  63% ] [90m[1mupdate_scripts_classes[22m | [39m[0m
2026-10-07T06:22:05.7297300Z [  63% ] [90m[1mupdate_scripts_classes[22m | [39m[0m
2026-10-07T06:22:05.7297391Z [  64% ] [90m[1mupdate_scripts_classes[22m | [39m[0m
2026-10-07T06:22:05.7297544Z [  64% ] [90m[1mupdate_scripts_classes[22m | [39m[0m
2026-10-07T06:22:05.7297686Z [  64% ] [90m[1mupdate_scripts_classes[22m | [39m[0m
2026-10-07T06:22:05.7297828Z [  64% ] [90m[1mupdate_scripts_classes[22m | [39m[0m
2026-10-07T06:22:05.7297969Z [  64% ] [90m[1mupdate_scripts_classes[22m | [39m[0m
2026-10-07T06:22:05.7298108Z [  64% ] [90m[1mupdate_scripts_classes[22m | [39m[0m
2026-10-07T06:22:05.7298246Z [  64% ] [90m[1mupdate_scripts_classes[22m | [39m[0m
2026-10-07T06:22:05.7298411Z [  64% ] [90m[1mupdate_scripts_classes[22m | [39m[0m
2026-10-07T06:22:05.7298501Z [  64% ] [90m[1mupdate_scripts_classes[22m | [39m[0m
2026-10-07T06:22:05.7298594Z [  64% ] [90m[1mupdate_scripts_classes[22m | [39m[0m
2026-10-07T06:22:05.7298686Z [  64% ] [90m[1mupdate_scripts_classes[22m | [39m[0m
2026-10-07T06:22:05.7298777Z [  64% ] [90m[1mupdate_scripts_classes[22m | [39m[0m
2026-10-07T06:22:05.7298867Z [  64% ] [90m[1mupdate_scripts_classes[22m | [39m[0m
2026-10-07T06:22:05.7298958Z [  64% ] [90m[1mupdate_scripts_classes[22m | [39m[0m
2026-10-07T06:22:05.7299050Z [  64% ] [90m[1mupdate_scripts_classes[22m | [39m[0m
2026-10-07T06:22:05.7299141Z [  64% ] [90m[1mupdate_scripts_classes[22m | [39m[0m
2026-10-07T06:22:05.7299234Z [  64% ] [90m[1mupdate_scripts_classes[22m | [39m[0m
2026-10-07T06:22:05.7299327Z [  64% ] [90m[1mupdate_scripts_classes[22m | [39m[0m
2026-10-07T06:22:05.7299420Z [  64% ] [90m[1mupdate_scripts_classes[22m | [39m[0m
2026-10-07T06:22:05.7299513Z [  64% ] [90m[1mupdate_scripts_classes[22m | [39m[0m
2026-10-07T06:22:05.7299604Z [  64% ] [90m[1mupdate_scripts_classes[22m | [39m[0m
2026-10-07T06:22:05.7299757Z [  64% ] [90m[1mupdate_scripts_classes[22m | [39m[0m
2026-10-07T06:22:05.7299896Z [  64% ] [90m[1mupdate_scripts_classes[22m | [39m[0m
2026-10-07T06:22:05.7300038Z [  64% ] [90m[1mupdate_scripts_classes[22m | [39m[0m
2026-10-07T06:22:05.7300181Z [  64% ] [90m[1mupdate_scripts_classes[22m | [39m[0m
2026-10-07T06:22:05.7300320Z [  64% ] [90m[1mupdate_scripts_classes[22m | [39m[0m
2026-10-07T06:22:05.7300458Z [  64% ] [90m[1mupdate_scripts_classes[22m | [39m[0m
2026-10-07T06:22:05.7300551Z [  64% ] [90m[1mupdate_scripts_classes[22m | [39m[0m
2026-10-07T06:22:05.7300642Z [  64% ] [90m[1mupdate_scripts_classes[22m | [39m[0m
2026-10-07T06:22:05.7300733Z [  64% ] [90m[1mupdate_scripts_classes[22m | [39m[0m
2026-10-07T06:22:05.7300826Z [  64% ] [90m[1mupdate_scripts_classes[22m | [39m[0m
2026-10-07T06:22:05.7300918Z [  65% ] [90m[1mupdate_scripts_classes[22m | [39m[0m
2026-10-07T06:22:05.7301007Z [  65% ] [90m[1mupdate_scripts_classes[22m | [39m[0m
2026-10-07T06:22:05.7301098Z [  65% ] [90m[1mupdate_scripts_classes[22m | [39m[0m
2026-10-07T06:22:05.7301190Z [  65% ] [90m[1mupdate_scripts_classes[22m | [39m[0m
2026-10-07T06:22:05.7301280Z [  65% ] [90m[1mupdate_scripts_classes[22m | [39m[0m
2026-10-07T06:22:05.7301369Z [  65% ] [90m[1mupdate_scripts_classes[22m | [39m[0m
2026-10-07T06:22:05.7301459Z [  65% ] [90m[1mupdate_scripts_classes[22m | [39m[0m
2026-10-07T06:22:05.7301549Z [  65% ] [90m[1mupdate_scripts_classes[22m | [39m[0m
2026-10-07T06:22:05.7301638Z [  65% ] [90m[1mupdate_scripts_classes[22m | [39m[0m
2026-10-07T06:22:05.7301729Z [  65% ] [90m[1mupdate_scripts_classes[22m | [39m[0m
2026-10-07T06:22:05.7301819Z [  65% ] [90m[1mupdate_scripts_classes[22m | [39m[0m
2026-10-07T06:22:05.7301959Z [  65% ] [90m[1mupdate_scripts_classes[22m | [39m[0m
2026-10-07T06:22:05.7302207Z [  65% ] [90m[1mupdate_scripts_classes[22m | [39m[0m
2026-10-07T06:22:05.7302350Z [  65% ] [90m[1mupdate_scripts_classes[22m | [39m[0m
2026-10-07T06:22:05.7302492Z [  65% ] [90m[1mupdate_scripts_classes[22m | [39m[0m
2026-10-07T06:22:05.7302635Z [  65% ] [90m[1mupdate_scripts_classes[22m | [39m[0m
2026-10-07T06:22:05.7302744Z [  65% ] [90m[1mupdate_scripts_classes[22m | [39m[0m
2026-10-07T06:22:05.7302834Z [  65% ] [90m[1mupdate_scripts_classes[22m | [39m[0m
2026-10-07T06:22:05.7303043Z [  65% ] [90m[1mupdate_scripts_classes[22m | [39m[0m
2026-10-07T06:22:05.7303137Z [  65% ] [90m[1mupdate_scripts_classes[22m | [39m[0m
2026-10-07T06:22:05.7303228Z [  65% ] [90m[1mupdate_scripts_classes[22m | [39m[0m
2026-10-07T06:22:05.7303319Z [  65% ] [90m[1mupdate_scripts_classes[22m | [39m[0m
2026-10-07T06:22:05.7303408Z [  65% ] [90m[1mupdate_scripts_classes[22m | [39m[0m
2026-10-07T06:22:05.7303585Z [  65% ] [90m[1mupdate_scripts_classes[22m | [39m[0m
2026-10-07T06:22:05.7303677Z [  65% ] [90m[1mupdate_scripts_classes[22m | [39m[0m
2026-10-07T06:22:05.7303769Z [  65% ] [90m[1mupdate_scripts_classes[22m | [39m[0m
2026-10-07T06:22:05.7303859Z [  65% ] [90m[1mupdate_scripts_classes[22m | [39m[0m
2026-10-07T06:22:05.7303949Z [  65% ] [90m[1mupdate_scripts_classes[22m | [39m[0m
2026-10-07T06:22:05.7304041Z [  65% ] [90m[1mupdate_scripts_classes[22m | [39m[0m
2026-10-07T06:22:05.7304130Z [  65% ] [90m[1mupdate_scripts_classes[22m | [39m[0m
2026-10-07T06:22:05.7304221Z [  65% ] [90m[1mupdate_scripts_classes[22m | [39m[0m
2026-10-07T06:22:05.7304373Z [  66% ] [90m[1mupdate_scripts_classes[22m | [39m[0m
2026-10-07T06:22:05.7304515Z [  66% ] [90m[1mupdate_scripts_classes[22m | [39m[0m
2026-10-07T06:22:05.7304654Z [  66% ] [90m[1mupdate_scripts_classes[22m | [39m[0m
2026-10-07T06:22:05.7304795Z [  66% ] [90m[1mupdate_scripts_classes[22m | [39m[0m
2026-10-07T06:22:05.7304941Z [  66% ] [90m[1mupdate_scripts_classes[22m | [39m[0m
2026-10-07T06:22:05.7305079Z [  66% ] [90m[1mupdate_scripts_classes[22m | [39m[0m
2026-10-07T06:22:05.7305172Z [  66% ] [90m[1mupdate_scripts_classes[22m | [39m[0m
2026-10-07T06:22:05.7305263Z [  66% ] [90m[1mupdate_scripts_classes[22m | [39m[0m
2026-10-07T06:22:05.7305354Z [  66% ] [90m[1mupdate_scripts_classes[22m | [39m[0m
2026-10-07T06:22:05.7305443Z [  66% ] [90m[1mupdate_scripts_classes[22m | [39m[0m
2026-10-07T06:22:05.7305533Z [  66% ] [90m[1mupdate_scripts_classes[22m | [39m[0m
2026-10-07T06:22:05.7305624Z [  66% ] [90m[1mupdate_scripts_classes[22m | [39m[0m
2026-10-07T06:22:05.7305712Z [  66% ] [90m[1mupdate_scripts_classes[22m | [39m[0m
2026-10-07T06:22:05.7305803Z [  66% ] [90m[1mupdate_scripts_classes[22m | [39m[0m
2026-10-07T06:22:05.7305893Z [  66% ] [90m[1mupdate_scripts_classes[22m | [39m[0m
2026-10-07T06:22:05.7305983Z [  66% ] [90m[1mupdate_scripts_classes[22m | [39m[0m
2026-10-07T06:22:05.7306075Z [  66% ] [90m[1mupdate_scripts_classes[22m | [39m[0m
2026-10-07T06:22:05.7306166Z [  66% ] [90m[1mupdate_scripts_classes[22m | [39m[0m
2026-10-07T06:22:05.7306256Z [  66% ] [90m[1mupdate_scripts_classes[22m | [39m[0m
2026-10-07T06:22:05.7306344Z [  66% ] [90m[1mupdate_scripts_classes[22m | [39m[0m
2026-10-07T06:22:05.7306434Z [  66% ] [90m[1mupdate_scripts_classes[22m | [39m[0m
2026-10-07T06:22:05.7306550Z [  66% ] [90m[1mupdate_scripts_classes[22m | [39m[0m
2026-10-07T06:22:05.7306703Z [  66% ] [90m[1mupdate_scripts_classes[22m | [39m[0m
2026-10-07T06:22:05.7306843Z [  66% ] [90m[1mupdate_scripts_classes[22m | [39m[0m
2026-10-07T06:22:05.7306985Z [  66% ] [90m[1mupdate_scripts_classes[22m | [39m[0m
2026-10-07T06:22:05.7307126Z [  66% ] [90m[1mupdate_scripts_classes[22m | [39m[0m
2026-10-07T06:22:05.7307266Z [  66% ] [90m[1mupdate_scripts_classes[22m | [39m[0m
2026-10-07T06:22:05.7307381Z [  66% ] [90m[1mupdate_scripts_classes[22m | [39m[0m
2026-10-07T06:22:05.7307560Z [  66% ] [90m[1mupdate_scripts_classes[22m | [39m[0m
2026-10-07T06:22:05.7307656Z [  66% ] [90m[1mupdate_scripts_classes[22m | [39m[0m
2026-10-07T06:22:05.7307746Z [  66% ] [90m[1mupdate_scripts_classes[22m | [39m[0m
2026-10-07T06:22:05.7307840Z [  67% ] [90m[1mupdate_scripts_classes[22m | [39m[0m
2026-10-07T06:22:05.7307935Z [  67% ] [90m[1mupdate_scripts_classes[22m | [39m[0m
2026-10-07T06:22:05.7308025Z [  67% ] [90m[1mupdate_scripts_classes[22m | [39m[0m
2026-10-07T06:22:05.7308117Z [  67% ] [90m[1mupdate_scripts_classes[22m | [39m[0m
2026-10-07T06:22:05.7308209Z [  67% ] [90m[1mupdate_scripts_classes[22m | [39m[0m
2026-10-07T06:22:05.7308301Z [  67% ] [90m[1mupdate_scripts_classes[22m | [39m[0m
2026-10-07T06:22:05.7308391Z [  67% ] [90m[1mupdate_scripts_classes[22m | [39m[0m
2026-10-07T06:22:05.7308483Z [  67% ] [90m[1mupdate_scripts_classes[22m | [39m[0m
2026-10-07T06:22:05.7308632Z [  67% ] [90m[1mupdate_scripts_classes[22m | [39m[0m
2026-10-07T06:22:05.7308723Z [  67% ] [90m[1mupdate_scripts_classes[22m | [39m[0m
2026-10-07T06:22:05.7308863Z [  67% ] [90m[1mupdate_scripts_classes[22m | [39m[0m
2026-10-07T06:22:05.7309010Z [  67% ] [90m[1mupdate_scripts_classes[22m | [39m[0m
2026-10-07T06:22:05.7309153Z [  67% ] [90m[1mupdate_scripts_classes[22m | [39m[0m
2026-10-07T06:22:05.7309292Z [  67% ] [90m[1mupdate_scripts_classes[22m | [39m[0m
2026-10-07T06:22:05.7309435Z [  67% ] [90m[1mupdate_scripts_classes[22m | [39m[0m
2026-10-07T06:22:05.7309581Z [  67% ] [90m[1mupdate_scripts_classes[22m | [39m[0m
2026-10-07T06:22:05.7309674Z [  67% ] [90m[1mupdate_scripts_classes[22m | [39m[0m
2026-10-07T06:22:05.7309766Z [  67% ] [90m[1mupdate_scripts_classes[22m | [39m[0m
2026-10-07T06:22:05.7309856Z [  67% ] [90m[1mupdate_scripts_classes[22m | [39m[0m
2026-10-07T06:22:05.7309946Z [  67% ] [90m[1mupdate_scripts_classes[22m | [39m[0m
2026-10-07T06:22:05.7310038Z [  67% ] [90m[1mupdate_scripts_classes[22m | [39m[0m
2026-10-07T06:22:05.7310128Z [  67% ] [90m[1mupdate_scripts_classes[22m | [39m[0m
2026-10-07T06:22:05.7310219Z [  67% ] [90m[1mupdate_scripts_classes[22m | [39m[0m
2026-10-07T06:22:05.7310308Z [  67% ] [90m[1mupdate_scripts_classes[22m | [39m[0m
2026-10-07T06:22:05.7310398Z [  67% ] [90m[1mupdate_scripts_classes[22m | [39m[0m
2026-10-07T06:22:05.7310488Z [  67% ] [90m[1mupdate_scripts_classes[22m | [39m[0m
2026-10-07T06:22:05.7310578Z [  67% ] [90m[1mupdate_scripts_classes[22m | [39m[0m
2026-10-07T06:22:05.7310666Z [  67% ] [90m[1mupdate_scripts_classes[22m | [39m[0m
2026-10-07T06:22:05.7310756Z [  67% ] [90m[1mupdate_scripts_classes[22m | [39m[0m
2026-10-07T06:22:05.7310848Z [  67% ] [90m[1mupdate_scripts_classes[22m | [39m[0m
2026-10-07T06:22:05.7310937Z [  67% ] [90m[1mupdate_scripts_classes[22m | [39m[0m
2026-10-07T06:22:05.7311028Z [  68% ] [90m[1mupdate_scripts_classes[22m | [39m[0m
2026-10-07T06:22:05.7311150Z [  68% ] [90m[1mupdate_scripts_classes[22m | [39m[0m
2026-10-07T06:22:05.7311303Z [  68% ] [90m[1mupdate_scripts_classes[22m | [39m[0m
2026-10-07T06:22:05.7311443Z [  68% ] [90m[1mupdate_scripts_classes[22m | [39m[0m
2026-10-07T06:22:05.7311585Z [  68% ] [90m[1mupdate_scripts_classes[22m | [39m[0m
2026-10-07T06:22:05.7311727Z [  68% ] [90m[1mupdate_scripts_classes[22m | [39m[0m
2026-10-07T06:22:05.7311869Z [  68% ] [90m[1mupdate_scripts_classes[22m | [39m[0m
2026-10-07T06:22:05.7311981Z [  68% ] [90m[1mupdate_scripts_classes[22m | [39m[0m
2026-10-07T06:22:05.7312071Z [  68% ] [90m[1mupdate_scripts_classes[22m | [39m[0m
2026-10-07T06:22:05.7312161Z [  68% ] [90m[1mupdate_scripts_classes[22m | [39m[0m
2026-10-07T06:22:05.7312249Z [  68% ] [90m[1mupdate_scripts_classes[22m | [39m[0m
2026-10-07T06:22:05.7312339Z [  68% ] [90m[1mupdate_scripts_classes[22m | [39m[0m
2026-10-07T06:22:05.7312432Z [  68% ] [90m[1mupdate_scripts_classes[22m | [39m[0m
2026-10-07T06:22:05.7312581Z [  68% ] [90m[1mupdate_scripts_classes[22m | [39m[0m
2026-10-07T06:22:05.7312676Z [  68% ] [90m[1mupdate_scripts_classes[22m | [39m[0m
2026-10-07T06:22:05.7312768Z [  68% ] [90m[1mupdate_scripts_classes[22m | [39m[0m
2026-10-07T06:22:05.7312861Z [  68% ] [90m[1mupdate_scripts_classes[22m | [39m[0m
2026-10-07T06:22:05.7313021Z [  68% ] [90m[1mupdate_scripts_classes[22m | [39m[0m
2026-10-07T06:22:05.7313115Z [  68% ] [90m[1mupdate_scripts_classes[22m | [39m[0m
2026-10-07T06:22:05.7313207Z [  68% ] [90m[1mupdate_scripts_classes[22m | [39m[0m
2026-10-07T06:22:05.7313298Z [  68% ] [90m[1mupdate_scripts_classes[22m | [39m[0m
2026-10-07T06:22:05.7313389Z [  68% ] [90m[1mupdate_scripts_classes[22m | [39m[0m
2026-10-07T06:22:05.7313529Z [  68% ] [90m[1mupdate_scripts_classes[22m | [39m[0m
2026-10-07T06:22:05.7313674Z [  68% ] [90m[1mupdate_scripts_classes[22m | [39m[0m
2026-10-07T06:22:05.7313907Z [  68% ] [90m[1mupdate_scripts_classes[22m | [39m[0m
2026-10-07T06:22:05.7314049Z [  68% ] [90m[1mupdate_scripts_classes[22m | [39m[0m
2026-10-07T06:22:05.7314191Z [  68% ] [90m[1mupdate_scripts_classes[22m | [39m[0m
2026-10-07T06:22:05.7314304Z [  68% ] [90m[1mupdate_scripts_classes[22m | [39m[0m
2026-10-07T06:22:05.7314394Z [  68% ] [90m[1mupdate_scripts_classes[22m | [39m[0m
2026-10-07T06:22:05.7314482Z [  68% ] [90m[1mupdate_scripts_classes[22m | [39m[0m
2026-10-07T06:22:05.7314573Z [  68% ] [90m[1mupdate_scripts_classes[22m | [39m[0m
2026-10-07T06:22:05.7314661Z [  69% ] [90m[1mupdate_scripts_classes[22m | [39m[0m
2026-10-07T06:22:05.7314751Z [  69% ] [90m[1mupdate_scripts_classes[22m | [39m[0m
2026-10-07T06:22:05.7314841Z [  69% ] [90m[1mupdate_scripts_classes[22m | [39m[0m
2026-10-07T06:22:05.7314930Z [  69% ] [90m[1mupdate_scripts_classes[22m | [39m[0m
2026-10-07T06:22:05.7315021Z [  69% ] [90m[1mupdate_scripts_classes[22m | [39m[0m
2026-10-07T06:22:05.7315115Z [  69% ] [90m[1mupdate_scripts_classes[22m | [39m[0m
2026-10-07T06:22:05.7315205Z [  69% ] [90m[1mupdate_scripts_classes[22m | [39m[0m
2026-10-07T06:22:05.7315294Z [  69% ] [90m[1mupdate_scripts_classes[22m | [39m[0m
2026-10-07T06:22:05.7315384Z [  69% ] [90m[1mupdate_scripts_classes[22m | [39m[0m
2026-10-07T06:22:05.7315474Z [  69% ] [90m[1mupdate_scripts_classes[22m | [39m[0m
2026-10-07T06:22:05.7315562Z [  69% ] [90m[1mupdate_scripts_classes[22m | [39m[0m
2026-10-07T06:22:05.7315651Z [  69% ] [90m[1mupdate_scripts_classes[22m | [39m[0m
2026-10-07T06:22:05.7315739Z [  69% ] [90m[1mupdate_scripts_classes[22m | [39m[0m
2026-10-07T06:22:05.7315828Z [  69% ] [90m[1mupdate_scripts_classes[22m | [39m[0m
2026-10-07T06:22:05.7315916Z [  69% ] [90m[1mupdate_scripts_classes[22m | [39m[0m
2026-10-07T06:22:05.7316005Z [  69% ] [90m[1mupdate_scripts_classes[22m | [39m[0m
2026-10-07T06:22:05.7316093Z [  69% ] [90m[1mupdate_scripts_classes[22m | [39m[0m
2026-10-07T06:22:05.7316184Z [  69% ] [90m[1mupdate_scripts_classes[22m | [39m[0m
2026-10-07T06:22:05.7316273Z [  69% ] [90m[1mupdate_scripts_classes[22m | [39m[0m
2026-10-07T06:22:05.7316361Z [  69% ] [90m[1mupdate_scripts_classes[22m | [39m[0m
2026-10-07T06:22:05.7316451Z [  69% ] [90m[1mupdate_scripts_classes[22m | [39m[0m
2026-10-07T06:22:05.7316539Z [  69% ] [90m[1mupdate_scripts_classes[22m | [39m[0m
2026-10-07T06:22:05.7316630Z [  69% ] [90m[1mupdate_scripts_classes[22m | [39m[0m
2026-10-07T06:22:05.7316721Z [  69% ] [90m[1mupdate_scripts_classes[22m | [39m[0m
2026-10-07T06:22:05.7316809Z [  69% ] [90m[1mupdate_scripts_classes[22m | [39m[0m
2026-10-07T06:22:05.7316902Z [  69% ] [90m[1mupdate_scripts_classes[22m | [39m[0m
2026-10-07T06:22:05.7316994Z [  69% ] [90m[1mupdate_scripts_classes[22m | [39m[0m
2026-10-07T06:22:05.7317084Z [  69% ] [90m[1mupdate_scripts_classes[22m | [39m[0m
2026-10-07T06:22:05.7317174Z [  69% ] [90m[1mupdate_scripts_classes[22m | [39m[0m
2026-10-07T06:22:05.7317345Z [  69% ] [90m[1mupdate_scripts_classes[22m | [39m[0m
2026-10-07T06:22:05.7317439Z [  69% ] [90m[1mupdate_scripts_classes[22m | [39m[0m
2026-10-07T06:22:05.7317529Z [  70% ] [90m[1mupdate_scripts_classes[22m | [39m[0m
2026-10-07T06:22:05.7317621Z [  70% ] [90m[1mupdate_scripts_classes[22m | [39m[0m
2026-10-07T06:22:05.7317712Z [  70% ] [90m[1mupdate_scripts_classes[22m | [39m[0m
2026-10-07T06:22:05.7317804Z [  70% ] [90m[1mupdate_scripts_classes[22m | [39m[0m
2026-10-07T06:22:05.7317894Z [  70% ] [90m[1mupdate_scripts_classes[22m | [39m[0m
2026-10-07T06:22:05.7317985Z [  70% ] [90m[1mupdate_scripts_classes[22m | [39m[0m
2026-10-07T06:22:05.7318078Z [  70% ] [90m[1mupdate_scripts_classes[22m | [39m[0m
2026-10-07T06:22:05.7318167Z [  70% ] [90m[1mupdate_scripts_classes[22m | [39m[0m
2026-10-07T06:22:05.7318257Z [  70% ] [90m[1mupdate_scripts_classes[22m | [39m[0m
2026-10-07T06:22:05.7318435Z [  70% ] [90m[1mupdate_scripts_classes[22m | [39m[0m
2026-10-07T06:22:05.7318529Z [  70% ] [90m[1mupdate_scripts_classes[22m | [39m[0m
2026-10-07T06:22:05.7318620Z [  70% ] [90m[1mupdate_scripts_classes[22m | [39m[0m
2026-10-07T06:22:05.7318712Z [  70% ] [90m[1mupdate_scripts_classes[22m | [39m[0m
2026-10-07T06:22:05.7318803Z [  70% ] [90m[1mupdate_scripts_classes[22m | [39m[0m
2026-10-07T06:22:05.7318895Z [  70% ] [90m[1mupdate_scripts_classes[22m | [39m[0m
2026-10-07T06:22:05.7318986Z [  70% ] [90m[1mupdate_scripts_classes[22m | [39m[0m
2026-10-07T06:22:05.7319078Z [  70% ] [90m[1mupdate_scripts_classes[22m | [39m[0m
2026-10-07T06:22:05.7319239Z [  70% ] [90m[1mupdate_scripts_classes[22m | RoadCreatureVisibilityModel[39m[0m
2026-10-07T06:22:05.7319333Z [  70% ] [90m[1mupdate_scripts_classes[22m | [39m[0m
2026-10-07T06:22:05.7319426Z [  70% ] [90m[1mupdate_scripts_classes[22m | [39m[0m
2026-10-07T06:22:05.7319518Z [  70% ] [90m[1mupdate_scripts_classes[22m | [39m[0m
2026-10-07T06:22:05.7319609Z [  70% ] [90m[1mupdate_scripts_classes[22m | [39m[0m
2026-10-07T06:22:05.7319701Z [  70% ] [90m[1mupdate_scripts_classes[22m | [39m[0m
2026-10-07T06:22:05.7319791Z [  70% ] [90m[1mupdate_scripts_classes[22m | [39m[0m
2026-10-07T06:22:05.7319882Z [  70% ] [90m[1mupdate_scripts_classes[22m | [39m[0m
2026-10-07T06:22:05.7319971Z [  70% ] [90m[1mupdate_scripts_classes[22m | [39m[0m
2026-10-07T06:22:05.7320062Z [  70% ] [90m[1mupdate_scripts_classes[22m | [39m[0m
2026-10-07T06:22:05.7320152Z [  70% ] [90m[1mupdate_scripts_classes[22m | [39m[0m
2026-10-07T06:22:05.7320240Z [  70% ] [90m[1mupdate_scripts_classes[22m | [39m[0m
2026-10-07T06:22:05.7320331Z [  70% ] [90m[1mupdate_scripts_classes[22m | [39m[0m
2026-10-07T06:22:05.7320422Z [  70% ] [90m[1mupdate_scripts_classes[22m | [39m[0m
2026-10-07T06:22:05.7320514Z [  71% ] [90m[1mupdate_scripts_classes[22m | [39m[0m
2026-10-07T06:22:05.7320604Z [  71% ] [90m[1mupdate_scripts_classes[22m | [39m[0m
2026-10-07T06:22:05.7320696Z [  71% ] [90m[1mupdate_scripts_classes[22m | [39m[0m
2026-10-07T06:22:05.7320787Z [  71% ] [90m[1mupdate_scripts_classes[22m | [39m[0m
2026-10-07T06:22:05.7320876Z [  71% ] [90m[1mupdate_scripts_classes[22m | [39m[0m
2026-10-07T06:22:05.7320967Z [  71% ] [90m[1mupdate_scripts_classes[22m | [39m[0m
2026-10-07T06:22:05.7321058Z [  71% ] [90m[1mupdate_scripts_classes[22m | [39m[0m
2026-10-07T06:22:05.7321149Z [  71% ] [90m[1mupdate_scripts_classes[22m | [39m[0m
2026-10-07T06:22:05.7321239Z [  71% ] [90m[1mupdate_scripts_classes[22m | [39m[0m
2026-10-07T06:22:05.7321329Z [  71% ] [90m[1mupdate_scripts_classes[22m | [39m[0m
2026-10-07T06:22:05.7321420Z [  71% ] [90m[1mupdate_scripts_classes[22m | [39m[0m
2026-10-07T06:22:05.7321511Z [  71% ] [90m[1mupdate_scripts_classes[22m | [39m[0m
2026-10-07T06:22:05.7321599Z [  71% ] [90m[1mupdate_scripts_classes[22m | [39m[0m
2026-10-07T06:22:05.7321693Z [  71% ] [90m[1mupdate_scripts_classes[22m | [39m[0m
2026-10-07T06:22:05.7321840Z [  71% ] [90m[1mupdate_scripts_classes[22m | [39m[0m
2026-10-07T06:22:05.7321932Z [  71% ] [90m[1mupdate_scripts_classes[22m | [39m[0m
2026-10-07T06:22:05.7322025Z [  71% ] [90m[1mupdate_scripts_classes[22m | [39m[0m
2026-10-07T06:22:05.7322117Z [  71% ] [90m[1mupdate_scripts_classes[22m | [39m[0m
2026-10-07T06:22:05.7322210Z [  71% ] [90m[1mupdate_scripts_classes[22m | [39m[0m
2026-10-07T06:22:05.7322301Z [  71% ] [90m[1mupdate_scripts_classes[22m | [39m[0m
2026-10-07T06:22:05.7322393Z [  71% ] [90m[1mupdate_scripts_classes[22m | [39m[0m
2026-10-07T06:22:05.7322485Z [  71% ] [90m[1mupdate_scripts_classes[22m | [39m[0m
2026-10-07T06:22:05.7322574Z [  71% ] [90m[1mupdate_scripts_classes[22m | [39m[0m
2026-10-07T06:22:05.7322666Z [  71% ] [90m[1mupdate_scripts_classes[22m | [39m[0m
2026-10-07T06:22:05.7322757Z [  71% ] [90m[1mupdate_scripts_classes[22m | [39m[0m
2026-10-07T06:22:05.7322989Z [  71% ] [90m[1mupdate_scripts_classes[22m | [39m[0m
2026-10-07T06:22:05.7323081Z [  71% ] [90m[1mupdate_scripts_classes[22m | [39m[0m
2026-10-07T06:22:05.7323172Z [  71% ] [90m[1mupdate_scripts_classes[22m | [39m[0m
2026-10-07T06:22:05.7323264Z [  71% ] [90m[1mupdate_scripts_classes[22m | [39m[0m
2026-10-07T06:22:05.7323354Z [  71% ] [90m[1mupdate_scripts_classes[22m | [39m[0m
2026-10-07T06:22:05.7323447Z [  71% ] [90m[1mupdate_scripts_classes[22m | [39m[0m
2026-10-07T06:22:05.7323538Z [  72% ] [90m[1mupdate_scripts_classes[22m | [39m[0m
2026-10-07T06:22:05.7323630Z [  72% ] [90m[1mupdate_scripts_classes[22m | [39m[0m
2026-10-07T06:22:05.7323722Z [  72% ] [90m[1mupdate_scripts_classes[22m | [39m[0m
2026-10-07T06:22:05.7323814Z [  72% ] [90m[1mupdate_scripts_classes[22m | [39m[0m
2026-10-07T06:22:05.7323906Z [  72% ] [90m[1mupdate_scripts_classes[22m | [39m[0m
2026-10-07T06:22:05.7323996Z [  72% ] [90m[1mupdate_scripts_classes[22m | [39m[0m
2026-10-07T06:22:05.7324091Z [  72% ] [90m[1mupdate_scripts_classes[22m | [39m[0m
2026-10-07T06:22:05.7324183Z [  72% ] [90m[1mupdate_scripts_classes[22m | [39m[0m
2026-10-07T06:22:05.7324275Z [  72% ] [90m[1mupdate_scripts_classes[22m | [39m[0m
2026-10-07T06:22:05.7324364Z [  72% ] [90m[1mupdate_scripts_classes[22m | [39m[0m
2026-10-07T06:22:05.7324455Z [  72% ] [90m[1mupdate_scripts_classes[22m | [39m[0m
2026-10-07T06:22:05.7324545Z [  72% ] [90m[1mupdate_scripts_classes[22m | [39m[0m
2026-10-07T06:22:05.7324634Z [  72% ] [90m[1mupdate_scripts_classes[22m | [39m[0m
2026-10-07T06:22:05.7324725Z [  72% ] [90m[1mupdate_scripts_classes[22m | [39m[0m
2026-10-07T06:22:05.7324818Z [  72% ] [90m[1mupdate_scripts_classes[22m | [39m[0m
2026-10-07T06:22:05.7324909Z [  72% ] [90m[1mupdate_scripts_classes[22m | [39m[0m
2026-10-07T06:22:05.7324997Z [  72% ] [90m[1mupdate_scripts_classes[22m | [39m[0m
2026-10-07T06:22:05.7325089Z [  72% ] [90m[1mupdate_scripts_classes[22m | [39m[0m
2026-10-07T06:22:05.7325183Z [  72% ] [90m[1mupdate_scripts_classes[22m | [39m[0m
2026-10-07T06:22:05.7325273Z [  72% ] [90m[1mupdate_scripts_classes[22m | [39m[0m
2026-10-07T06:22:05.7325363Z [  72% ] [90m[1mupdate_scripts_classes[22m | [39m[0m
2026-10-07T06:22:05.7325454Z [  72% ] [90m[1mupdate_scripts_classes[22m | [39m[0m
2026-10-07T06:22:05.7325545Z [  72% ] [90m[1mupdate_scripts_classes[22m | [39m[0m
2026-10-07T06:22:05.7325633Z [  72% ] [90m[1mupdate_scripts_classes[22m | [39m[0m
2026-10-07T06:22:05.7325724Z [  72% ] [90m[1mupdate_scripts_classes[22m | [39m[0m
2026-10-07T06:22:05.7325815Z [  72% ] [90m[1mupdate_scripts_classes[22m | [39m[0m
2026-10-07T06:22:05.7325903Z [  72% ] [90m[1mupdate_scripts_classes[22m | [39m[0m
2026-10-07T06:22:05.7325993Z [  72% ] [90m[1mupdate_scripts_classes[22m | [39m[0m
2026-10-07T06:22:05.7326085Z [  72% ] [90m[1mupdate_scripts_classes[22m | [39m[0m
2026-10-07T06:22:05.7326177Z [  72% ] [90m[1mupdate_scripts_classes[22m | [39m[0m
2026-10-07T06:22:05.7326350Z [  72% ] [90m[1mupdate_scripts_classes[22m | [39m[0m
2026-10-07T06:22:05.7326445Z [  73% ] [90m[1mupdate_scripts_classes[22m | [39m[0m
2026-10-07T06:22:05.7326538Z [  73% ] [90m[1mupdate_scripts_classes[22m | [39m[0m
2026-10-07T06:22:05.7326627Z [  73% ] [90m[1mupdate_scripts_classes[22m | [39m[0m
2026-10-07T06:22:05.7326719Z [  73% ] [90m[1mupdate_scripts_classes[22m | [39m[0m
2026-10-07T06:22:05.7326811Z [  73% ] [90m[1mupdate_scripts_classes[22m | [39m[0m
2026-10-07T06:22:05.7326904Z [  73% ] [90m[1mupdate_scripts_classes[22m | [39m[0m
2026-10-07T06:22:05.7326993Z [  73% ] [90m[1mupdate_scripts_classes[22m | [39m[0m
2026-10-07T06:22:05.7327085Z [  73% ] [90m[1mupdate_scripts_classes[22m | [39m[0m
2026-10-07T06:22:05.7327241Z [  73% ] [90m[1mupdate_scripts_classes[22m | [39m[0m
2026-10-07T06:22:05.7327384Z [  73% ] [90m[1mupdate_scripts_classes[22m | [39m[0m
2026-10-07T06:22:05.7327616Z [  73% ] [90m[1mupdate_scripts_classes[22m | [39m[0m
2026-10-07T06:22:05.7327757Z [  73% ] [90m[1mupdate_scripts_classes[22m | [39m[0m
2026-10-07T06:22:05.7327899Z [  73% ] [90m[1mupdate_scripts_classes[22m | [39m[0m
2026-10-07T06:22:05.7328014Z [  73% ] [90m[1mupdate_scripts_classes[22m | [39m[0m
2026-10-07T06:22:05.7328105Z [  73% ] [90m[1mupdate_scripts_classes[22m | [39m[0m
2026-10-07T06:22:05.7328196Z [  73% ] [90m[1mupdate_scripts_classes[22m | [39m[0m
2026-10-07T06:22:05.7328285Z [  73% ] [90m[1mupdate_scripts_classes[22m | [39m[0m
2026-10-07T06:22:05.7328375Z [  73% ] [90m[1mupdate_scripts_classes[22m | [39m[0m
2026-10-07T06:22:05.7328468Z [  73% ] [90m[1mupdate_scripts_classes[22m | [39m[0m
2026-10-07T06:22:05.7328557Z [  73% ] [90m[1mupdate_scripts_classes[22m | [39m[0m
2026-10-07T06:22:05.7328647Z [  73% ] [90m[1mupdate_scripts_classes[22m | [39m[0m
2026-10-07T06:22:05.7328738Z [  73% ] [90m[1mupdate_scripts_classes[22m | [39m[0m
2026-10-07T06:22:05.7328833Z [  73% ] [90m[1mupdate_scripts_classes[22m | [39m[0m
2026-10-07T06:22:05.7328922Z [  73% ] [90m[1mupdate_scripts_classes[22m | [39m[0m
2026-10-07T06:22:05.7329015Z [  73% ] [90m[1mupdate_scripts_classes[22m | [39m[0m
2026-10-07T06:22:05.7329105Z [  73% ] [90m[1mupdate_scripts_classes[22m | [39m[0m
2026-10-07T06:22:05.7329197Z [  73% ] [90m[1mupdate_scripts_classes[22m | [39m[0m
2026-10-07T06:22:05.7329287Z [  73% ] [90m[1mupdate_scripts_classes[22m | [39m[0m
2026-10-07T06:22:05.7329377Z [  73% ] [90m[1mupdate_scripts_classes[22m | [39m[0m
2026-10-07T06:22:05.7329468Z [  73% ] [90m[1mupdate_scripts_classes[22m | [39m[0m
2026-10-07T06:22:05.7329557Z [  73% ] [90m[1mupdate_scripts_classes[22m | [39m[0m
2026-10-07T06:22:05.7329647Z [  74% ] [90m[1mupdate_scripts_classes[22m | [39m[0m
2026-10-07T06:22:05.7329740Z [  74% ] [90m[1mupdate_scripts_classes[22m | [39m[0m
2026-10-07T06:22:05.7329831Z [  74% ] [90m[1mupdate_scripts_classes[22m | [39m[0m
2026-10-07T06:22:05.7329922Z [  74% ] [90m[1mupdate_scripts_classes[22m | [39m[0m
2026-10-07T06:22:05.7330014Z [  74% ] [90m[1mupdate_scripts_classes[22m | [39m[0m
2026-10-07T06:22:05.7330105Z [  74% ] [90m[1mupdate_scripts_classes[22m | [39m[0m
2026-10-07T06:22:05.7330193Z [  74% ] [90m[1mupdate_scripts_classes[22m | [39m[0m
2026-10-07T06:22:05.7330284Z [  74% ] [90m[1mupdate_scripts_classes[22m | [39m[0m
2026-10-07T06:22:05.7330376Z [  74% ] [90m[1mupdate_scripts_classes[22m | [39m[0m
2026-10-07T06:22:05.7330468Z [  74% ] [90m[1mupdate_scripts_classes[22m | [39m[0m
2026-10-07T06:22:05.7330556Z [  74% ] [90m[1mupdate_scripts_classes[22m | [39m[0m
2026-10-07T06:22:05.7330647Z [  74% ] [90m[1mupdate_scripts_classes[22m | [39m[0m
2026-10-07T06:22:05.7330738Z [  74% ] [90m[1mupdate_scripts_classes[22m | [39m[0m
2026-10-07T06:22:05.7330827Z [  74% ] [90m[1mupdate_scripts_classes[22m | [39m[0m
2026-10-07T06:22:05.7330920Z [  74% ] [90m[1mupdate_scripts_classes[22m | [39m[0m
2026-10-07T06:22:05.7331067Z [  74% ] [90m[1mupdate_scripts_classes[22m | [39m[0m
2026-10-07T06:22:05.7331162Z [  74% ] [90m[1mupdate_scripts_classes[22m | [39m[0m
2026-10-07T06:22:05.7331252Z [  74% ] [90m[1mupdate_scripts_classes[22m | [39m[0m
2026-10-07T06:22:05.7331345Z [  74% ] [90m[1mupdate_scripts_classes[22m | [39m[0m
2026-10-07T06:22:05.7331437Z [  74% ] [90m[1mupdate_scripts_classes[22m | [39m[0m
2026-10-07T06:22:05.7331528Z [  74% ] [90m[1mupdate_scripts_classes[22m | [39m[0m
2026-10-07T06:22:05.7331620Z [  74% ] [90m[1mupdate_scripts_classes[22m | [39m[0m
2026-10-07T06:22:05.7331713Z [  74% ] [90m[1mupdate_scripts_classes[22m | [39m[0m
2026-10-07T06:22:05.7331804Z [  74% ] [90m[1mupdate_scripts_classes[22m | [39m[0m
2026-10-07T06:22:05.7331894Z [  74% ] [90m[1mupdate_scripts_classes[22m | [39m[0m
2026-10-07T06:22:05.7331987Z [  74% ] [90m[1mupdate_scripts_classes[22m | [39m[0m
2026-10-07T06:22:05.7332137Z [  74% ] [90m[1mupdate_scripts_classes[22m | [39m[0m
2026-10-07T06:22:05.7332230Z [  74% ] [90m[1mupdate_scripts_classes[22m | [39m[0m
2026-10-07T06:22:05.7332322Z [  74% ] [90m[1mupdate_scripts_classes[22m | [39m[0m
2026-10-07T06:22:05.7332413Z [  74% ] [90m[1mupdate_scripts_classes[22m | [39m[0m
2026-10-07T06:22:05.7332504Z [  74% ] [90m[1mupdate_scripts_classes[22m | [39m[0m
2026-10-07T06:22:05.7332594Z [  75% ] [90m[1mupdate_scripts_classes[22m | [39m[0m
2026-10-07T06:22:05.7332687Z [  75% ] [90m[1mupdate_scripts_classes[22m | [39m[0m
2026-10-07T06:22:05.7332780Z [  75% ] [90m[1mupdate_scripts_classes[22m | [39m[0m
2026-10-07T06:22:05.7332869Z [  75% ] [90m[1mupdate_scripts_classes[22m | [39m[0m
2026-10-07T06:22:05.7333097Z [  75% ] [90m[1mupdate_scripts_classes[22m | [39m[0m
2026-10-07T06:22:05.7333189Z [  75% ] [90m[1mupdate_scripts_classes[22m | [39m[0m
2026-10-07T06:22:05.7333281Z [  75% ] [90m[1mupdate_scripts_classes[22m | [39m[0m
2026-10-07T06:22:05.7333374Z [  75% ] [90m[1mupdate_scripts_classes[22m | [39m[0m
2026-10-07T06:22:05.7333464Z [  75% ] [90m[1mupdate_scripts_classes[22m | [39m[0m
2026-10-07T06:22:05.7333556Z [  75% ] [90m[1mupdate_scripts_classes[22m | [39m[0m
2026-10-07T06:22:05.7333644Z [  75% ] [90m[1mupdate_scripts_classes[22m | [39m[0m
2026-10-07T06:22:05.7333737Z [  75% ] [90m[1mupdate_scripts_classes[22m | [39m[0m
2026-10-07T06:22:05.7333827Z [  75% ] [90m[1mupdate_scripts_classes[22m | [39m[0m
2026-10-07T06:22:05.7333918Z [  75% ] [90m[1mupdate_scripts_classes[22m | [39m[0m
2026-10-07T06:22:05.7334007Z [  75% ] [90m[1mupdate_scripts_classes[22m | [39m[0m
2026-10-07T06:22:05.7334098Z [  75% ] [90m[1mupdate_scripts_classes[22m | [39m[0m
2026-10-07T06:22:05.7334189Z [  75% ] [90m[1mupdate_scripts_classes[22m | [39m[0m
2026-10-07T06:22:05.7334278Z [  75% ] [90m[1mupdate_scripts_classes[22m | [39m[0m
2026-10-07T06:22:05.7334370Z [  75% ] [90m[1mupdate_scripts_classes[22m | [39m[0m
2026-10-07T06:22:05.7334463Z [  75% ] [90m[1mupdate_scripts_classes[22m | [39m[0m
2026-10-07T06:22:05.7334554Z [  75% ] [90m[1mupdate_scripts_classes[22m | [39m[0m
2026-10-07T06:22:05.7334642Z [  75% ] [90m[1mupdate_scripts_classes[22m | [39m[0m
2026-10-07T06:22:05.7334732Z [  75% ] [90m[1mupdate_scripts_classes[22m | [39m[0m
2026-10-07T06:22:05.7334822Z [  75% ] [90m[1mupdate_scripts_classes[22m | [39m[0m
2026-10-07T06:22:05.7334910Z [  75% ] [90m[1mupdate_scripts_classes[22m | [39m[0m
2026-10-07T06:22:05.7334999Z [  75% ] [90m[1mupdate_scripts_classes[22m | [39m[0m
2026-10-07T06:22:05.7335087Z [  75% ] [90m[1mupdate_scripts_classes[22m | [39m[0m
2026-10-07T06:22:05.7335177Z [  75% ] [90m[1mupdate_scripts_classes[22m | [39m[0m
2026-10-07T06:22:05.7335264Z [  75% ] [90m[1mupdate_scripts_classes[22m | [39m[0m
2026-10-07T06:22:05.7335354Z [  75% ] [90m[1mupdate_scripts_classes[22m | [39m[0m
2026-10-07T06:22:05.7335445Z [  75% ] [90m[1mupdate_scripts_classes[22m | [39m[0m
2026-10-07T06:22:05.7335618Z [  76% ] [90m[1mupdate_scripts_classes[22m | [39m[0m
2026-10-07T06:22:05.7335712Z [  76% ] [90m[1mupdate_scripts_classes[22m | [39m[0m
2026-10-07T06:22:05.7335803Z [  76% ] [90m[1mupdate_scripts_classes[22m | [39m[0m
2026-10-07T06:22:05.7335894Z [  76% ] [90m[1mupdate_scripts_classes[22m | [39m[0m
2026-10-07T06:22:05.7335984Z [  76% ] [90m[1mupdate_scripts_classes[22m | [39m[0m
2026-10-07T06:22:05.7336076Z [  76% ] [90m[1mupdate_scripts_classes[22m | [39m[0m
2026-10-07T06:22:05.7336169Z [  76% ] [90m[1mupdate_scripts_classes[22m | [39m[0m
2026-10-07T06:22:05.7336260Z [  76% ] [90m[1mupdate_scripts_classes[22m | [39m[0m
2026-10-07T06:22:05.7336353Z [  76% ] [90m[1mupdate_scripts_classes[22m | [39m[0m
2026-10-07T06:22:05.7336446Z [  76% ] [90m[1mupdate_scripts_classes[22m | [39m[0m
2026-10-07T06:22:05.7336539Z [  76% ] [90m[1mupdate_scripts_classes[22m | [39m[0m
2026-10-07T06:22:05.7336708Z [  76% ] [90m[1mupdate_scripts_classes[22m | [39m[0m
2026-10-07T06:22:05.7336802Z [  76% ] [90m[1mupdate_scripts_classes[22m | [39m[0m
2026-10-07T06:22:05.7336896Z [  76% ] [90m[1mupdate_scripts_classes[22m | [39m[0m
2026-10-07T06:22:05.7336987Z [  76% ] [90m[1mupdate_scripts_classes[22m | [39m[0m
2026-10-07T06:22:05.7337080Z [  76% ] [90m[1mupdate_scripts_classes[22m | [39m[0m
2026-10-07T06:22:05.7337172Z [  76% ] [90m[1mupdate_scripts_classes[22m | [39m[0m
2026-10-07T06:22:05.7337264Z [  76% ] [90m[1mupdate_scripts_classes[22m | [39m[0m
2026-10-07T06:22:05.7337354Z [  76% ] [90m[1mupdate_scripts_classes[22m | [39m[0m
2026-10-07T06:22:05.7337446Z [  76% ] [90m[1mupdate_scripts_classes[22m | [39m[0m
2026-10-07T06:22:05.7337544Z [  76% ] [90m[1mupdate_scripts_classes[22m | [39m[0m
2026-10-07T06:22:05.7337633Z [  76% ] [90m[1mupdate_scripts_classes[22m | [39m[0m
2026-10-07T06:22:05.7337724Z [  76% ] [90m[1mupdate_scripts_classes[22m | [39m[0m
2026-10-07T06:22:05.7337819Z [  76% ] [90m[1mupdate_scripts_classes[22m | [39m[0m
2026-10-07T06:22:05.7337908Z [  76% ] [90m[1mupdate_scripts_classes[22m | [39m[0m
2026-10-07T06:22:05.7338000Z [  76% ] [90m[1mupdate_scripts_classes[22m | [39m[0m
2026-10-07T06:22:05.7338091Z [  76% ] [90m[1mupdate_scripts_classes[22m | [39m[0m
2026-10-07T06:22:05.7338182Z [  76% ] [90m[1mupdate_scripts_classes[22m | [39m[0m
2026-10-07T06:22:05.7338271Z [  76% ] [90m[1mupdate_scripts_classes[22m | [39m[0m
2026-10-07T06:22:05.7338360Z [  76% ] [90m[1mupdate_scripts_classes[22m | [39m[0m
2026-10-07T06:22:05.7338450Z [  76% ] [90m[1mupdate_scripts_classes[22m | [39m[0m
2026-10-07T06:22:05.7338539Z [  77% ] [90m[1mupdate_scripts_classes[22m | [39m[0m
2026-10-07T06:22:05.7338630Z [  77% ] [90m[1mupdate_scripts_classes[22m | [39m[0m
2026-10-07T06:22:05.7338721Z [  77% ] [90m[1mupdate_scripts_classes[22m | [39m[0m
2026-10-07T06:22:05.7338812Z [  77% ] [90m[1mupdate_scripts_classes[22m | [39m[0m
2026-10-07T06:22:05.7338904Z [  77% ] [90m[1mupdate_scripts_classes[22m | [39m[0m
2026-10-07T06:22:05.7338995Z [  77% ] [90m[1mupdate_scripts_classes[22m | [39m[0m
2026-10-07T06:22:05.7339086Z [  77% ] [90m[1mupdate_scripts_classes[22m | [39m[0m
2026-10-07T06:22:05.7339175Z [  77% ] [90m[1mupdate_scripts_classes[22m | [39m[0m
2026-10-07T06:22:05.7339266Z [  77% ] [90m[1mupdate_scripts_classes[22m | [39m[0m
2026-10-07T06:22:05.7339356Z [  77% ] [90m[1mupdate_scripts_classes[22m | [39m[0m
2026-10-07T06:22:05.7339447Z [  77% ] [90m[1mupdate_scripts_classes[22m | [39m[0m
2026-10-07T06:22:05.7339536Z [  77% ] [90m[1mupdate_scripts_classes[22m | [39m[0m
2026-10-07T06:22:05.7339627Z [  77% ] [90m[1mupdate_scripts_classes[22m | [39m[0m
2026-10-07T06:22:05.7339717Z [  77% ] [90m[1mupdate_scripts_classes[22m | [39m[0m
2026-10-07T06:22:05.7339806Z [  77% ] [90m[1mupdate_scripts_classes[22m | [39m[0m
2026-10-07T06:22:05.7339896Z [  77% ] [90m[1mupdate_scripts_classes[22m | [39m[0m
2026-10-07T06:22:05.7340043Z [  77% ] [90m[1mupdate_scripts_classes[22m | [39m[0m
2026-10-07T06:22:05.7340138Z [  77% ] [90m[1mupdate_scripts_classes[22m | [39m[0m
2026-10-07T06:22:05.7340226Z [  77% ] [90m[1mupdate_scripts_classes[22m | [39m[0m
2026-10-07T06:22:05.7340317Z [  77% ] [90m[1mupdate_scripts_classes[22m | [39m[0m
2026-10-07T06:22:05.7340410Z [  77% ] [90m[1mupdate_scripts_classes[22m | [39m[0m
2026-10-07T06:22:05.7340500Z [  77% ] [90m[1mupdate_scripts_classes[22m | [39m[0m
2026-10-07T06:22:05.7340592Z [  77% ] [90m[1mupdate_scripts_classes[22m | [39m[0m
2026-10-07T06:22:05.7340683Z [  77% ] [90m[1mupdate_scripts_classes[22m | [39m[0m
2026-10-07T06:22:05.7340774Z [  77% ] [90m[1mupdate_scripts_classes[22m | [39m[0m
2026-10-07T06:22:05.7340863Z [  77% ] [90m[1mupdate_scripts_classes[22m | [39m[0m
2026-10-07T06:22:05.7340954Z [  77% ] [90m[1mupdate_scripts_classes[22m | [39m[0m
2026-10-07T06:22:05.7341100Z [  77% ] [90m[1mupdate_scripts_classes[22m | [39m[0m
2026-10-07T06:22:05.7341192Z [  77% ] [90m[1mupdate_scripts_classes[22m | [39m[0m
2026-10-07T06:22:05.7341283Z [  77% ] [90m[1mupdate_scripts_classes[22m | [39m[0m
2026-10-07T06:22:05.7341374Z [  77% ] [90m[1mupdate_scripts_classes[22m | [39m[0m
2026-10-07T06:22:05.7341543Z [  78% ] [90m[1mupdate_scripts_classes[22m | [39m[0m
2026-10-07T06:22:05.7341682Z [  78% ] [90m[1mupdate_scripts_classes[22m | [39m[0m
2026-10-07T06:22:05.7341823Z [  78% ] [90m[1mupdate_scripts_classes[22m | [39m[0m
2026-10-07T06:22:05.7341964Z [  78% ] [90m[1mupdate_scripts_classes[22m | [39m[0m
2026-10-07T06:22:05.7342102Z [  78% ] [90m[1mupdate_scripts_classes[22m | [39m[0m
2026-10-07T06:22:05.7342239Z [  78% ] [90m[1mupdate_scripts_classes[22m | [39m[0m
2026-10-07T06:22:05.7342331Z [  78% ] [90m[1mupdate_scripts_classes[22m | [39m[0m
2026-10-07T06:22:05.7342421Z [  78% ] [90m[1mupdate_scripts_classes[22m | [39m[0m
2026-10-07T06:22:05.7342513Z [  78% ] [90m[1mupdate_scripts_classes[22m | [39m[0m
2026-10-07T06:22:05.7342605Z [  78% ] [90m[1mupdate_scripts_classes[22m | [39m[0m
2026-10-07T06:22:05.7342697Z [  78% ] [90m[1mupdate_scripts_classes[22m | [39m[0m
2026-10-07T06:22:05.7342786Z [  78% ] [90m[1mupdate_scripts_classes[22m | [39m[0m
2026-10-07T06:22:05.7342876Z [  78% ] [90m[1mupdate_scripts_classes[22m | [39m[0m
2026-10-07T06:22:05.7343090Z [  78% ] [90m[1mupdate_scripts_classes[22m | [39m[0m
2026-10-07T06:22:05.7343181Z [  78% ] [90m[1mupdate_scripts_classes[22m | [39m[0m
2026-10-07T06:22:05.7343269Z [  78% ] [90m[1mupdate_scripts_classes[22m | [39m[0m
2026-10-07T06:22:05.7343359Z [  78% ] [90m[1mupdate_scripts_classes[22m | [39m[0m
2026-10-07T06:22:05.7343449Z [  78% ] [90m[1mupdate_scripts_classes[22m | [39m[0m
2026-10-07T06:22:05.7343537Z [  78% ] [90m[1mupdate_scripts_classes[22m | [39m[0m
2026-10-07T06:22:05.7343629Z [  78% ] [90m[1mupdate_scripts_classes[22m | [39m[0m
2026-10-07T06:22:05.7343722Z [  78% ] [90m[1mupdate_scripts_classes[22m | [39m[0m
2026-10-07T06:22:05.7343811Z [  78% ] [90m[1mupdate_scripts_classes[22m | [39m[0m
2026-10-07T06:22:05.7343898Z [  78% ] [90m[1mupdate_scripts_classes[22m | [39m[0m
2026-10-07T06:22:05.7343988Z [  78% ] [90m[1mupdate_scripts_classes[22m | [39m[0m
2026-10-07T06:22:05.7344077Z [  78% ] [90m[1mupdate_scripts_classes[22m | [39m[0m
2026-10-07T06:22:05.7344165Z [  78% ] [90m[1mupdate_scripts_classes[22m | [39m[0m
2026-10-07T06:22:05.7344255Z [  78% ] [90m[1mupdate_scripts_classes[22m | [39m[0m
2026-10-07T06:22:05.7344345Z [  78% ] [90m[1mupdate_scripts_classes[22m | [39m[0m
2026-10-07T06:22:05.7344434Z [  78% ] [90m[1mupdate_scripts_classes[22m | [39m[0m
2026-10-07T06:22:05.7344522Z [  78% ] [90m[1mupdate_scripts_classes[22m | [39m[0m
2026-10-07T06:22:05.7344613Z [  78% ] [90m[1mupdate_scripts_classes[22m | [39m[0m
2026-10-07T06:22:05.7344704Z [  79% ] [90m[1mupdate_scripts_classes[22m | [39m[0m
2026-10-07T06:22:05.7344885Z [  79% ] [90m[1mupdate_scripts_classes[22m | [39m[0m
2026-10-07T06:22:05.7344978Z [  79% ] [90m[1mupdate_scripts_classes[22m | [39m[0m
2026-10-07T06:22:05.7345069Z [  79% ] [90m[1mupdate_scripts_classes[22m | [39m[0m
2026-10-07T06:22:05.7345160Z [  79% ] [90m[1mupdate_scripts_classes[22m | [39m[0m
2026-10-07T06:22:05.7345250Z [  79% ] [90m[1mupdate_scripts_classes[22m | [39m[0m
2026-10-07T06:22:05.7345341Z [  79% ] [90m[1mupdate_scripts_classes[22m | [39m[0m
2026-10-07T06:22:05.7345433Z [  79% ] [90m[1mupdate_scripts_classes[22m | [39m[0m
2026-10-07T06:22:05.7345523Z [  79% ] [90m[1mupdate_scripts_classes[22m | [39m[0m
2026-10-07T06:22:05.7345613Z [  79% ] [90m[1mupdate_scripts_classes[22m | [39m[0m
2026-10-07T06:22:05.7345704Z [  79% ] [90m[1mupdate_scripts_classes[22m | [39m[0m
2026-10-07T06:22:05.7345795Z [  79% ] [90m[1mupdate_scripts_classes[22m | [39m[0m
2026-10-07T06:22:05.7345984Z [  79% ] [90m[1mupdate_scripts_classes[22m | [39m[0m
2026-10-07T06:22:05.7346077Z [  79% ] [90m[1mupdate_scripts_classes[22m | [39m[0m
2026-10-07T06:22:05.7346168Z [  79% ] [90m[1mupdate_scripts_classes[22m | [39m[0m
2026-10-07T06:22:05.7346257Z [  79% ] [90m[1mupdate_scripts_classes[22m | [39m[0m
2026-10-07T06:22:05.7346349Z [  79% ] [90m[1mupdate_scripts_classes[22m | [39m[0m
2026-10-07T06:22:05.7346440Z [  79% ] [90m[1mupdate_scripts_classes[22m | [39m[0m
2026-10-07T06:22:05.7346531Z [  79% ] [90m[1mupdate_scripts_classes[22m | [39m[0m
2026-10-07T06:22:05.7346620Z [  79% ] [90m[1mupdate_scripts_classes[22m | [39m[0m
2026-10-07T06:22:05.7346712Z [  79% ] [90m[1mupdate_scripts_classes[22m | [39m[0m
2026-10-07T06:22:05.7346802Z [  79% ] [90m[1mupdate_scripts_classes[22m | [39m[0m
2026-10-07T06:22:05.7346891Z [  79% ] [90m[1mupdate_scripts_classes[22m | [39m[0m
2026-10-07T06:22:05.7346983Z [  79% ] [90m[1mupdate_scripts_classes[22m | [39m[0m
2026-10-07T06:22:05.7347075Z [  79% ] [90m[1mupdate_scripts_classes[22m | [39m[0m
2026-10-07T06:22:05.7347167Z [  79% ] [90m[1mupdate_scripts_classes[22m | [39m[0m
2026-10-07T06:22:05.7347256Z [  79% ] [90m[1mupdate_scripts_classes[22m | [39m[0m
2026-10-07T06:22:05.7347348Z [  79% ] [90m[1mupdate_scripts_classes[22m | [39m[0m
2026-10-07T06:22:05.7347438Z [  79% ] [90m[1mupdate_scripts_classes[22m | [39m[0m
2026-10-07T06:22:05.7347527Z [  79% ] [90m[1mupdate_scripts_classes[22m | [39m[0m
2026-10-07T06:22:05.7347618Z [  79% ] [90m[1mupdate_scripts_classes[22m | [39m[0m
2026-10-07T06:22:05.7347708Z [  80% ] [90m[1mupdate_scripts_classes[22m | [39m[0m
2026-10-07T06:22:05.7347799Z [  80% ] [90m[1mupdate_scripts_classes[22m | [39m[0m
2026-10-07T06:22:05.7347890Z [  80% ] [90m[1mupdate_scripts_classes[22m | [39m[0m
2026-10-07T06:22:05.7347981Z [  80% ] [90m[1mupdate_scripts_classes[22m | [39m[0m
2026-10-07T06:22:05.7348072Z [  80% ] [90m[1mupdate_scripts_classes[22m | [39m[0m
2026-10-07T06:22:05.7348164Z [  80% ] [90m[1mupdate_scripts_classes[22m | [39m[0m
2026-10-07T06:22:05.7348254Z [  80% ] [90m[1mupdate_scripts_classes[22m | [39m[0m
2026-10-07T06:22:05.7348345Z [  80% ] [90m[1mupdate_scripts_classes[22m | [39m[0m
2026-10-07T06:22:05.7348436Z [  80% ] [90m[1mupdate_scripts_classes[22m | [39m[0m
2026-10-07T06:22:05.7348526Z [  80% ] [90m[1mupdate_scripts_classes[22m | [39m[0m
2026-10-07T06:22:05.7348617Z [  80% ] [90m[1mupdate_scripts_classes[22m | [39m[0m
2026-10-07T06:22:05.7348707Z [  80% ] [90m[1mupdate_scripts_classes[22m | [39m[0m
2026-10-07T06:22:05.7348797Z [  80% ] [90m[1mupdate_scripts_classes[22m | [39m[0m
2026-10-07T06:22:05.7348889Z [  80% ] [90m[1mupdate_scripts_classes[22m | [39m[0m
2026-10-07T06:22:05.7348980Z [  80% ] [90m[1mupdate_scripts_classes[22m | [39m[0m
2026-10-07T06:22:05.7349070Z [  80% ] [90m[1mupdate_scripts_classes[22m | [39m[0m
2026-10-07T06:22:05.7349159Z [  80% ] [90m[1mupdate_scripts_classes[22m | [39m[0m
2026-10-07T06:22:05.7349306Z [  80% ] [90m[1mupdate_scripts_classes[22m | [39m[0m
2026-10-07T06:22:05.7349400Z [  80% ] [90m[1mupdate_scripts_classes[22m | [39m[0m
2026-10-07T06:22:05.7349489Z [  80% ] [90m[1mupdate_scripts_classes[22m | [39m[0m
2026-10-07T06:22:05.7349581Z [  80% ] [90m[1mupdate_scripts_classes[22m | [39m[0m
2026-10-07T06:22:05.7349671Z [  80% ] [90m[1mupdate_scripts_classes[22m | [39m[0m
2026-10-07T06:22:05.7349761Z [  80% ] [90m[1mupdate_scripts_classes[22m | [39m[0m
2026-10-07T06:22:05.7349850Z [  80% ] [90m[1mupdate_scripts_classes[22m | [39m[0m
2026-10-07T06:22:05.7349941Z [  80% ] [90m[1mupdate_scripts_classes[22m | [39m[0m
2026-10-07T06:22:05.7350032Z [  80% ] [90m[1mupdate_scripts_classes[22m | [39m[0m
2026-10-07T06:22:05.7350121Z [  80% ] [90m[1mupdate_scripts_classes[22m | [39m[0m
2026-10-07T06:22:05.7350212Z [  80% ] [90m[1mupdate_scripts_classes[22m | [39m[0m
2026-10-07T06:22:05.7350362Z [  80% ] [90m[1mupdate_scripts_classes[22m | [39m[0m
2026-10-07T06:22:05.7350454Z [  80% ] [90m[1mupdate_scripts_classes[22m | [39m[0m
2026-10-07T06:22:05.7350543Z [  80% ] [90m[1mupdate_scripts_classes[22m | [39m[0m
2026-10-07T06:22:05.7350634Z [  81% ] [90m[1mupdate_scripts_classes[22m | [39m[0m
2026-10-07T06:22:05.7350724Z [  81% ] [90m[1mupdate_scripts_classes[22m | [39m[0m
2026-10-07T06:22:05.7350813Z [  81% ] [90m[1mupdate_scripts_classes[22m | [39m[0m
2026-10-07T06:22:05.7350904Z [  81% ] [90m[1mupdate_scripts_classes[22m | [39m[0m
2026-10-07T06:22:05.7350994Z [  81% ] [90m[1mupdate_scripts_classes[22m | [39m[0m
2026-10-07T06:22:05.7351086Z [  81% ] [90m[1mupdate_scripts_classes[22m | [39m[0m
2026-10-07T06:22:05.7351175Z [  81% ] [90m[1mupdate_scripts_classes[22m | [39m[0m
2026-10-07T06:22:05.7351267Z [  81% ] [90m[1mupdate_scripts_classes[22m | [39m[0m
2026-10-07T06:22:05.7351359Z [  81% ] [90m[1mupdate_scripts_classes[22m | [39m[0m
2026-10-07T06:22:05.7351450Z [  81% ] [90m[1mupdate_scripts_classes[22m | [39m[0m
2026-10-07T06:22:05.7351543Z [  81% ] [90m[1mupdate_scripts_classes[22m | [39m[0m
2026-10-07T06:22:05.7351635Z [  81% ] [90m[1mupdate_scripts_classes[22m | [39m[0m
2026-10-07T06:22:05.7351726Z [  81% ] [90m[1mupdate_scripts_classes[22m | [39m[0m
2026-10-07T06:22:05.7351815Z [  81% ] [90m[1mupdate_scripts_classes[22m | [39m[0m
2026-10-07T06:22:05.7351907Z [  81% ] [90m[1mupdate_scripts_classes[22m | [39m[0m
2026-10-07T06:22:05.7351999Z [  81% ] [90m[1mupdate_scripts_classes[22m | [39m[0m
2026-10-07T06:22:05.7352089Z [  81% ] [90m[1mupdate_scripts_classes[22m | [39m[0m
2026-10-07T06:22:05.7352182Z [  81% ] [90m[1mupdate_scripts_classes[22m | [39m[0m
2026-10-07T06:22:05.7352272Z [  81% ] [90m[1mupdate_scripts_classes[22m | [39m[0m
2026-10-07T06:22:05.7352365Z [  81% ] [90m[1mupdate_scripts_classes[22m | [39m[0m
2026-10-07T06:22:05.7352454Z [  81% ] [90m[1mupdate_scripts_classes[22m | [39m[0m
2026-10-07T06:22:05.7352548Z [  81% ] [90m[1mupdate_scripts_classes[22m | [39m[0m
2026-10-07T06:22:05.7352637Z [  81% ] [90m[1mupdate_scripts_classes[22m | [39m[0m
2026-10-07T06:22:05.7352726Z [  81% ] [90m[1mupdate_scripts_classes[22m | [39m[0m
2026-10-07T06:22:05.7352817Z [  81% ] [90m[1mupdate_scripts_classes[22m | [39m[0m
2026-10-07T06:22:05.7352986Z [  81% ] [90m[1mupdate_scripts_classes[22m | [39m[0m
2026-10-07T06:22:05.7353079Z [  81% ] [90m[1mupdate_scripts_classes[22m | [39m[0m
2026-10-07T06:22:05.7353169Z [  81% ] [90m[1mupdate_scripts_classes[22m | [39m[0m
2026-10-07T06:22:05.7353261Z [  81% ] [90m[1mupdate_scripts_classes[22m | [39m[0m
2026-10-07T06:22:05.7353352Z [  81% ] [90m[1mupdate_scripts_classes[22m | [39m[0m
2026-10-07T06:22:05.7353442Z [  81% ] [90m[1mupdate_scripts_classes[22m | [39m[0m
2026-10-07T06:22:05.7353534Z [  82% ] [90m[1mupdate_scripts_classes[22m | [39m[0m
2026-10-07T06:22:05.7353624Z [  82% ] [90m[1mupdate_scripts_classes[22m | [39m[0m
2026-10-07T06:22:05.7353832Z [  82% ] [90m[1mupdate_scripts_classes[22m | [39m[0m
2026-10-07T06:22:05.7353923Z [  82% ] [90m[1mupdate_scripts_classes[22m | [39m[0m
2026-10-07T06:22:05.7354015Z [  82% ] [90m[1mupdate_scripts_classes[22m | [39m[0m
2026-10-07T06:22:05.7354107Z [  82% ] [90m[1mupdate_scripts_classes[22m | [39m[0m
2026-10-07T06:22:05.7354198Z [  82% ] [90m[1mupdate_scripts_classes[22m | [39m[0m
2026-10-07T06:22:05.7354291Z [  82% ] [90m[1mupdate_scripts_classes[22m | [39m[0m
2026-10-07T06:22:05.7354384Z [  82% ] [90m[1mupdate_scripts_classes[22m | [39m[0m
2026-10-07T06:22:05.7354475Z [  82% ] [90m[1mupdate_scripts_classes[22m | [39m[0m
2026-10-07T06:22:05.7354564Z [  82% ] [90m[1mupdate_scripts_classes[22m | [39m[0m
2026-10-07T06:22:05.7354654Z [  82% ] [90m[1mupdate_scripts_classes[22m | [39m[0m
2026-10-07T06:22:05.7354746Z [  82% ] [90m[1mupdate_scripts_classes[22m | [39m[0m
2026-10-07T06:22:05.7354836Z [  82% ] [90m[1mupdate_scripts_classes[22m | [39m[0m
2026-10-07T06:22:05.7355009Z [  82% ] [90m[1mupdate_scripts_classes[22m | [39m[0m
2026-10-07T06:22:05.7355159Z [  82% ] [90m[1mupdate_scripts_classes[22m | [39m[0m
2026-10-07T06:22:05.7355305Z [  82% ] [90m[1mupdate_scripts_classes[22m | [39m[0m
2026-10-07T06:22:05.7355444Z [  82% ] [90m[1mupdate_scripts_classes[22m | [39m[0m
2026-10-07T06:22:05.7355585Z [  82% ] [90m[1mupdate_scripts_classes[22m | [39m[0m
2026-10-07T06:22:05.7355726Z [  82% ] [90m[1mupdate_scripts_classes[22m | [39m[0m
2026-10-07T06:22:05.7355870Z [  82% ] [90m[1mupdate_scripts_classes[22m | [39m[0m
2026-10-07T06:22:05.7355968Z [  82% ] [90m[1mupdate_scripts_classes[22m | [39m[0m
2026-10-07T06:22:05.7356062Z [  82% ] [90m[1mupdate_scripts_classes[22m | [39m[0m
2026-10-07T06:22:05.7356155Z [  82% ] [90m[1mupdate_scripts_classes[22m | [39m[0m
2026-10-07T06:22:05.7356243Z [  82% ] [90m[1mupdate_scripts_classes[22m | [39m[0m
2026-10-07T06:22:05.7356335Z [  82% ] [90m[1mupdate_scripts_classes[22m | [39m[0m
2026-10-07T06:22:05.7356427Z [  82% ] [90m[1mupdate_scripts_classes[22m | [39m[0m
2026-10-07T06:22:05.7356515Z [  82% ] [90m[1mupdate_scripts_classes[22m | [39m[0m
2026-10-07T06:22:05.7356605Z [  82% ] [90m[1mupdate_scripts_classes[22m | [39m[0m
2026-10-07T06:22:05.7356695Z [  82% ] [90m[1mupdate_scripts_classes[22m | [39m[0m
2026-10-07T06:22:05.7356786Z [  82% ] [90m[1mupdate_scripts_classes[22m | [39m[0m
2026-10-07T06:22:05.7356875Z [  83% ] [90m[1mupdate_scripts_classes[22m | [39m[0m
2026-10-07T06:22:05.7356966Z [  83% ] [90m[1mupdate_scripts_classes[22m | [39m[0m
2026-10-07T06:22:05.7357057Z [  83% ] [90m[1mupdate_scripts_classes[22m | [39m[0m
2026-10-07T06:22:05.7357147Z [  83% ] [90m[1mupdate_scripts_classes[22m | [39m[0m
2026-10-07T06:22:05.7357238Z [  83% ] [90m[1mupdate_scripts_classes[22m | [39m[0m
2026-10-07T06:22:05.7357328Z [  83% ] [90m[1mupdate_scripts_classes[22m | [39m[0m
2026-10-07T06:22:05.7357422Z [  83% ] [90m[1mupdate_scripts_classes[22m | [39m[0m
2026-10-07T06:22:05.7357511Z [  83% ] [90m[1mupdate_scripts_classes[22m | [39m[0m
2026-10-07T06:22:05.7357603Z [  83% ] [90m[1mupdate_scripts_classes[22m | [39m[0m
2026-10-07T06:22:05.7357695Z [  83% ] [90m[1mupdate_scripts_classes[22m | [39m[0m
2026-10-07T06:22:05.7357784Z [  83% ] [90m[1mupdate_scripts_classes[22m | [39m[0m
2026-10-07T06:22:05.7357874Z [  83% ] [90m[1mupdate_scripts_classes[22m | [39m[0m
2026-10-07T06:22:05.7357964Z [  83% ] [90m[1mupdate_scripts_classes[22m | [39m[0m
2026-10-07T06:22:05.7358054Z [  83% ] [90m[1mupdate_scripts_classes[22m | [39m[0m
2026-10-07T06:22:05.7358143Z [  83% ] [90m[1mupdate_scripts_classes[22m | [39m[0m
2026-10-07T06:22:05.7358233Z [  83% ] [90m[1mupdate_scripts_classes[22m | [39m[0m
2026-10-07T06:22:05.7358322Z [  83% ] [90m[1mupdate_scripts_classes[22m | [39m[0m
2026-10-07T06:22:05.7358410Z [  83% ] [90m[1mupdate_scripts_classes[22m | [39m[0m
2026-10-07T06:22:05.7358561Z [  83% ] [90m[1mupdate_scripts_classes[22m | [39m[0m
2026-10-07T06:22:05.7358655Z [  83% ] [90m[1mupdate_scripts_classes[22m | [39m[0m
2026-10-07T06:22:05.7358746Z [  83% ] [90m[1mupdate_scripts_classes[22m | [39m[0m
2026-10-07T06:22:05.7358835Z [  83% ] [90m[1mupdate_scripts_classes[22m | [39m[0m
2026-10-07T06:22:05.7358928Z [  83% ] [90m[1mupdate_scripts_classes[22m | [39m[0m
2026-10-07T06:22:05.7359017Z [  83% ] [90m[1mupdate_scripts_classes[22m | [39m[0m
2026-10-07T06:22:05.7359106Z [  83% ] [90m[1mupdate_scripts_classes[22m | [39m[0m
2026-10-07T06:22:05.7359196Z [  83% ] [90m[1mupdate_scripts_classes[22m | [39m[0m
2026-10-07T06:22:05.7359287Z [  83% ] [90m[1mupdate_scripts_classes[22m | [39m[0m
2026-10-07T06:22:05.7359379Z [  83% ] [90m[1mupdate_scripts_classes[22m | [39m[0m
2026-10-07T06:22:05.7359469Z [  83% ] [90m[1mupdate_scripts_classes[22m | [39m[0m
2026-10-07T06:22:05.7359560Z [  83% ] [90m[1mupdate_scripts_classes[22m | [39m[0m
2026-10-07T06:22:05.7359710Z [  83% ] [90m[1mupdate_scripts_classes[22m | [39m[0m
2026-10-07T06:22:05.7359800Z [  84% ] [90m[1mupdate_scripts_classes[22m | [39m[0m
2026-10-07T06:22:05.7359892Z [  84% ] [90m[1mupdate_scripts_classes[22m | [39m[0m
2026-10-07T06:22:05.7360004Z [  84% ] [90m[1mupdate_scripts_classes[22m | [39m[0m
2026-10-07T06:22:05.7360093Z [  84% ] [90m[1mupdate_scripts_classes[22m | [39m[0m
2026-10-07T06:22:05.7360181Z [  84% ] [90m[1mupdate_scripts_classes[22m | [39m[0m
2026-10-07T06:22:05.7360271Z [  84% ] [90m[1mupdate_scripts_classes[22m | [39m[0m
2026-10-07T06:22:05.7360362Z [  84% ] [90m[1mupdate_scripts_classes[22m | [39m[0m
2026-10-07T06:22:05.7360451Z [  84% ] [90m[1mupdate_scripts_classes[22m | [39m[0m
2026-10-07T06:22:05.7360540Z [  84% ] [90m[1mupdate_scripts_classes[22m | [39m[0m
2026-10-07T06:22:05.7360630Z [  84% ] [90m[1mupdate_scripts_classes[22m | [39m[0m
2026-10-07T06:22:05.7360722Z [  84% ] [90m[1mupdate_scripts_classes[22m | [39m[0m
2026-10-07T06:22:05.7360812Z [  84% ] [90m[1mupdate_scripts_classes[22m | [39m[0m
2026-10-07T06:22:05.7360902Z [  84% ] [90m[1mupdate_scripts_classes[22m | [39m[0m
2026-10-07T06:22:05.7360992Z [  84% ] [90m[1mupdate_scripts_classes[22m | [39m[0m
2026-10-07T06:22:05.7361081Z [  84% ] [90m[1mupdate_scripts_classes[22m | [39m[0m
2026-10-07T06:22:05.7361171Z [  84% ] [90m[1mupdate_scripts_classes[22m | [39m[0m
2026-10-07T06:22:05.7361262Z [  84% ] [90m[1mupdate_scripts_classes[22m | [39m[0m
2026-10-07T06:22:05.7361354Z [  84% ] [90m[1mupdate_scripts_classes[22m | [39m[0m
2026-10-07T06:22:05.7361443Z [  84% ] [90m[1mupdate_scripts_classes[22m | [39m[0m
2026-10-07T06:22:05.7361532Z [  84% ] [90m[1mupdate_scripts_classes[22m | [39m[0m
2026-10-07T06:22:05.7361622Z [  84% ] [90m[1mupdate_scripts_classes[22m | [39m[0m
2026-10-07T06:22:05.7361712Z [  84% ] [90m[1mupdate_scripts_classes[22m | [39m[0m
2026-10-07T06:22:05.7361805Z [  84% ] [90m[1mupdate_scripts_classes[22m | [39m[0m
2026-10-07T06:22:05.7361897Z [  84% ] [90m[1mupdate_scripts_classes[22m | [39m[0m
2026-10-07T06:22:05.7361987Z [  84% ] [90m[1mupdate_scripts_classes[22m | [39m[0m
2026-10-07T06:22:05.7362076Z [  84% ] [90m[1mupdate_scripts_classes[22m | [39m[0m
2026-10-07T06:22:05.7362166Z [  84% ] [90m[1mupdate_scripts_classes[22m | [39m[0m
2026-10-07T06:22:05.7362259Z [  84% ] [90m[1mupdate_scripts_classes[22m | [39m[0m
2026-10-07T06:22:05.7362347Z [  84% ] [90m[1mupdate_scripts_classes[22m | [39m[0m
2026-10-07T06:22:05.7362437Z [  84% ] [90m[1mupdate_scripts_classes[22m | [39m[0m
2026-10-07T06:22:05.7362529Z [  84% ] [90m[1mupdate_scripts_classes[22m | [39m[0m
2026-10-07T06:22:05.7362620Z [  85% ] [90m[1mupdate_scripts_classes[22m | [39m[0m
2026-10-07T06:22:05.7362708Z [  85% ] [90m[1mupdate_scripts_classes[22m | [39m[0m
2026-10-07T06:22:05.7362798Z [  85% ] [90m[1mupdate_scripts_classes[22m | [39m[0m
2026-10-07T06:22:05.7363043Z [  85% ] [90m[1mupdate_scripts_classes[22m | [39m[0m
2026-10-07T06:22:05.7363136Z [  85% ] [90m[1mupdate_scripts_classes[22m | [39m[0m
2026-10-07T06:22:05.7363227Z [  85% ] [90m[1mupdate_scripts_classes[22m | [39m[0m
2026-10-07T06:22:05.7363318Z [  85% ] [90m[1mupdate_scripts_classes[22m | [39m[0m
2026-10-07T06:22:05.7363410Z [  85% ] [90m[1mupdate_scripts_classes[22m | [39m[0m
2026-10-07T06:22:05.7363500Z [  85% ] [90m[1mupdate_scripts_classes[22m | [39m[0m
2026-10-07T06:22:05.7363590Z [  85% ] [90m[1mupdate_scripts_classes[22m | [39m[0m
2026-10-07T06:22:05.7363682Z [  85% ] [90m[1mupdate_scripts_classes[22m | [39m[0m
2026-10-07T06:22:05.7363772Z [  85% ] [90m[1mupdate_scripts_classes[22m | [39m[0m
2026-10-07T06:22:05.7363862Z [  85% ] [90m[1mupdate_scripts_classes[22m | [39m[0m
2026-10-07T06:22:05.7363954Z [  85% ] [90m[1mupdate_scripts_classes[22m | [39m[0m
2026-10-07T06:22:05.7364044Z [  85% ] [90m[1mupdate_scripts_classes[22m | [39m[0m
2026-10-07T06:22:05.7364214Z [  85% ] [90m[1mupdate_scripts_classes[22m | [39m[0m
2026-10-07T06:22:05.7364306Z [  85% ] [90m[1mupdate_scripts_classes[22m | [39m[0m
2026-10-07T06:22:05.7364397Z [  85% ] [90m[1mupdate_scripts_classes[22m | [39m[0m
2026-10-07T06:22:05.7364487Z [  85% ] [90m[1mupdate_scripts_classes[22m | [39m[0m
2026-10-07T06:22:05.7364578Z [  85% ] [90m[1mupdate_scripts_classes[22m | [39m[0m
2026-10-07T06:22:05.7364669Z [  85% ] [90m[1mupdate_scripts_classes[22m | [39m[0m
2026-10-07T06:22:05.7364760Z [  85% ] [90m[1mupdate_scripts_classes[22m | [39m[0m
2026-10-07T06:22:05.7364850Z [  85% ] [90m[1mupdate_scripts_classes[22m | [39m[0m
2026-10-07T06:22:05.7364941Z [  85% ] [90m[1mupdate_scripts_classes[22m | [39m[0m
2026-10-07T06:22:05.7365032Z [  85% ] [90m[1mupdate_scripts_classes[22m | [39m[0m
2026-10-07T06:22:05.7365122Z [  85% ] [90m[1mupdate_scripts_classes[22m | [39m[0m
2026-10-07T06:22:05.7365215Z [  85% ] [90m[1mupdate_scripts_classes[22m | [39m[0m
2026-10-07T06:22:05.7365309Z [  85% ] [90m[1mupdate_scripts_classes[22m | [39m[0m
2026-10-07T06:22:05.7365400Z [  85% ] [90m[1mupdate_scripts_classes[22m | [39m[0m
2026-10-07T06:22:05.7365490Z [  85% ] [90m[1mupdate_scripts_classes[22m | [39m[0m
2026-10-07T06:22:05.7365581Z [  85% ] [90m[1mupdate_scripts_classes[22m | [39m[0m
2026-10-07T06:22:05.7365671Z [  86% ] [90m[1mupdate_scripts_classes[22m | [39m[0m
2026-10-07T06:22:05.7365760Z [  86% ] [90m[1mupdate_scripts_classes[22m | [39m[0m
2026-10-07T06:22:05.7365851Z [  86% ] [90m[1mupdate_scripts_classes[22m | [39m[0m
2026-10-07T06:22:05.7365941Z [  86% ] [90m[1mupdate_scripts_classes[22m | [39m[0m
2026-10-07T06:22:05.7366032Z [  86% ] [90m[1mupdate_scripts_classes[22m | [39m[0m
2026-10-07T06:22:05.7366121Z [  86% ] [90m[1mupdate_scripts_classes[22m | [39m[0m
2026-10-07T06:22:05.7366212Z [  86% ] [90m[1mupdate_scripts_classes[22m | [39m[0m
2026-10-07T06:22:05.7366306Z [  86% ] [90m[1mupdate_scripts_classes[22m | [39m[0m
2026-10-07T06:22:05.7366398Z [  86% ] [90m[1mupdate_scripts_classes[22m | [39m[0m
2026-10-07T06:22:05.7366491Z [  86% ] [90m[1mupdate_scripts_classes[22m | [39m[0m
2026-10-07T06:22:05.7366583Z [  86% ] [90m[1mupdate_scripts_classes[22m | [39m[0m
2026-10-07T06:22:05.7366676Z [  86% ] [90m[1mupdate_scripts_classes[22m | [39m[0m
2026-10-07T06:22:05.7366764Z [  86% ] [90m[1mupdate_scripts_classes[22m | [39m[0m
2026-10-07T06:22:05.7366854Z [  86% ] [90m[1mupdate_scripts_classes[22m | [39m[0m
2026-10-07T06:22:05.7366945Z [  86% ] [90m[1mupdate_scripts_classes[22m | [39m[0m
2026-10-07T06:22:05.7367034Z [  86% ] [90m[1mupdate_scripts_classes[22m | [39m[0m
2026-10-07T06:22:05.7367125Z [  86% ] [90m[1mupdate_scripts_classes[22m | [39m[0m
2026-10-07T06:22:05.7367216Z [  86% ] [90m[1mupdate_scripts_classes[22m | [39m[0m
2026-10-07T06:22:05.7367305Z [  86% ] [90m[1mupdate_scripts_classes[22m | [39m[0m
2026-10-07T06:22:05.7367451Z [  86% ] [90m[1mupdate_scripts_classes[22m | [39m[0m
2026-10-07T06:22:05.7367545Z [  86% ] [90m[1mupdate_scripts_classes[22m | [39m[0m
2026-10-07T06:22:05.7367638Z [  86% ] [90m[1mupdate_scripts_classes[22m | [39m[0m
2026-10-07T06:22:05.7367728Z [  86% ] [90m[1mupdate_scripts_classes[22m | [39m[0m
2026-10-07T06:22:05.7367821Z [  86% ] [90m[1mupdate_scripts_classes[22m | [39m[0m
2026-10-07T06:22:05.7367913Z [  86% ] [90m[1mupdate_scripts_classes[22m | [39m[0m
2026-10-07T06:22:05.7368006Z [  86% ] [90m[1mupdate_scripts_classes[22m | [39m[0m
2026-10-07T06:22:05.7368098Z [  86% ] [90m[1mupdate_scripts_classes[22m | [39m[0m
2026-10-07T06:22:05.7368189Z [  86% ] [90m[1mupdate_scripts_classes[22m | [39m[0m
2026-10-07T06:22:05.7368281Z [  86% ] [90m[1mupdate_scripts_classes[22m | [39m[0m
2026-10-07T06:22:05.7368370Z [  86% ] [90m[1mupdate_scripts_classes[22m | [39m[0m
2026-10-07T06:22:05.7368461Z [  86% ] [90m[1mupdate_scripts_classes[22m | [39m[0m
2026-10-07T06:22:05.7368611Z [  87% ] [90m[1mupdate_scripts_classes[22m | [39m[0m
2026-10-07T06:22:05.7368743Z [  87% ] [90m[1mupdate_scripts_classes[22m | [39m[0m
2026-10-07T06:22:05.7368891Z [  87% ] [90m[1mupdate_scripts_classes[22m | [39m[0m
2026-10-07T06:22:05.7369033Z [  87% ] [90m[1mupdate_scripts_classes[22m | [39m[0m
2026-10-07T06:22:05.7369174Z [  87% ] [90m[1mupdate_scripts_classes[22m | [39m[0m
2026-10-07T06:22:05.7369314Z [  87% ] [90m[1mupdate_scripts_classes[22m | [39m[0m
2026-10-07T06:22:05.7369455Z [  87% ] [90m[1mupdate_scripts_classes[22m | [39m[0m
2026-10-07T06:22:05.7369590Z [  87% ] [90m[1mupdate_scripts_classes[22m | [39m[0m
2026-10-07T06:22:05.7369683Z [  87% ] [90m[1mupdate_scripts_classes[22m | [39m[0m
2026-10-07T06:22:05.7369772Z [  87% ] [90m[1mupdate_scripts_classes[22m | [39m[0m
2026-10-07T06:22:05.7369866Z [  87% ] [90m[1mupdate_scripts_classes[22m | [39m[0m
2026-10-07T06:22:05.7369957Z [  87% ] [90m[1mupdate_scripts_classes[22m | [39m[0m
2026-10-07T06:22:05.7370048Z [  87% ] [90m[1mupdate_scripts_classes[22m | [39m[0m
2026-10-07T06:22:05.7370139Z [  87% ] [90m[1mupdate_scripts_classes[22m | [39m[0m
2026-10-07T06:22:05.7370229Z [  87% ] [90m[1mupdate_scripts_classes[22m | [39m[0m
2026-10-07T06:22:05.7370318Z [  87% ] [90m[1mupdate_scripts_classes[22m | [39m[0m
2026-10-07T06:22:05.7370406Z [  87% ] [90m[1mupdate_scripts_classes[22m | [39m[0m
2026-10-07T06:22:05.7370496Z [  87% ] [90m[1mupdate_scripts_classes[22m | [39m[0m
2026-10-07T06:22:05.7370588Z [  87% ] [90m[1mupdate_scripts_classes[22m | [39m[0m
2026-10-07T06:22:05.7370676Z [  87% ] [90m[1mupdate_scripts_classes[22m | [39m[0m
2026-10-07T06:22:05.7370766Z [  87% ] [90m[1mupdate_scripts_classes[22m | [39m[0m
2026-10-07T06:22:05.7370856Z [  87% ] [90m[1mupdate_scripts_classes[22m | [39m[0m
2026-10-07T06:22:05.7370946Z [  87% ] [90m[1mupdate_scripts_classes[22m | [39m[0m
2026-10-07T06:22:05.7371034Z [  87% ] [90m[1mupdate_scripts_classes[22m | [39m[0m
2026-10-07T06:22:05.7371126Z [  87% ] [90m[1mupdate_scripts_classes[22m | [39m[0m
2026-10-07T06:22:05.7371216Z [  87% ] [90m[1mupdate_scripts_classes[22m | [39m[0m
2026-10-07T06:22:05.7371304Z [  87% ] [90m[1mupdate_scripts_classes[22m | [39m[0m
2026-10-07T06:22:05.7371394Z [  87% ] [90m[1mupdate_scripts_classes[22m | [39m[0m
2026-10-07T06:22:05.7371485Z [  87% ] [90m[1mupdate_scripts_classes[22m | [39m[0m
2026-10-07T06:22:05.7371575Z [  87% ] [90m[1mupdate_scripts_classes[22m | [39m[0m
2026-10-07T06:22:05.7371663Z [  87% ] [90m[1mupdate_scripts_classes[22m | [39m[0m
2026-10-07T06:22:05.7371754Z [  88% ] [90m[1mupdate_scripts_classes[22m | [39m[0m
2026-10-07T06:22:05.7371846Z [  88% ] [90m[1mupdate_scripts_classes[22m | [39m[0m
2026-10-07T06:22:05.7371934Z [  88% ] [90m[1mupdate_scripts_classes[22m | [39m[0m
2026-10-07T06:22:05.7372027Z [  88% ] [90m[1mupdate_scripts_classes[22m | [39m[0m
2026-10-07T06:22:05.7372182Z [  88% ] [90m[1mupdate_scripts_classes[22m | [39m[0m
2026-10-07T06:22:05.7372277Z [  88% ] [90m[1mupdate_scripts_classes[22m | [39m[0m
2026-10-07T06:22:05.7372366Z [  88% ] [90m[1mupdate_scripts_classes[22m | [39m[0m
2026-10-07T06:22:05.7372459Z [  88% ] [90m[1mupdate_scripts_classes[22m | [39m[0m
2026-10-07T06:22:05.7372552Z [  88% ] [90m[1mupdate_scripts_classes[22m | [39m[0m
2026-10-07T06:22:05.7372641Z [  88% ] [90m[1mupdate_scripts_classes[22m | [39m[0m
2026-10-07T06:22:05.7372732Z [  88% ] [90m[1mupdate_scripts_classes[22m | [39m[0m
2026-10-07T06:22:05.7372823Z [  88% ] [90m[1mupdate_scripts_classes[22m | [39m[0m
2026-10-07T06:22:05.7372982Z [  88% ] [90m[1mupdate_scripts_classes[22m | [39m[0m
2026-10-07T06:22:05.7373071Z [  88% ] [90m[1mupdate_scripts_classes[22m | [39m[0m
2026-10-07T06:22:05.7373164Z [  88% ] [90m[1mupdate_scripts_classes[22m | [39m[0m
2026-10-07T06:22:05.7373257Z [  88% ] [90m[1mupdate_scripts_classes[22m | [39m[0m
2026-10-07T06:22:05.7373455Z [  88% ] [90m[1mupdate_scripts_classes[22m | [39m[0m
2026-10-07T06:22:05.7373547Z [  88% ] [90m[1mupdate_scripts_classes[22m | [39m[0m
2026-10-07T06:22:05.7373638Z [  88% ] [90m[1mupdate_scripts_classes[22m | [39m[0m
2026-10-07T06:22:05.7373728Z [  88% ] [90m[1mupdate_scripts_classes[22m | [39m[0m
2026-10-07T06:22:05.7373817Z [  88% ] [90m[1mupdate_scripts_classes[22m | [39m[0m
2026-10-07T06:22:05.7373910Z [  88% ] [90m[1mupdate_scripts_classes[22m | [39m[0m
2026-10-07T06:22:05.7374001Z [  88% ] [90m[1mupdate_scripts_classes[22m | [39m[0m
2026-10-07T06:22:05.7374090Z [  88% ] [90m[1mupdate_scripts_classes[22m | [39m[0m
2026-10-07T06:22:05.7374181Z [  88% ] [90m[1mupdate_scripts_classes[22m | [39m[0m
2026-10-07T06:22:05.7374273Z [  88% ] [90m[1mupdate_scripts_classes[22m | [39m[0m
2026-10-07T06:22:05.7374363Z [  88% ] [90m[1mupdate_scripts_classes[22m | [39m[0m
2026-10-07T06:22:05.7374453Z [  88% ] [90m[1mupdate_scripts_classes[22m | [39m[0m
2026-10-07T06:22:05.7374547Z [  88% ] [90m[1mupdate_scripts_classes[22m | [39m[0m
2026-10-07T06:22:05.7374640Z [  88% ] [90m[1mupdate_scripts_classes[22m | [39m[0m
2026-10-07T06:22:05.7374729Z [  88% ] [90m[1mupdate_scripts_classes[22m | [39m[0m
2026-10-07T06:22:05.7374823Z [  89% ] [90m[1mupdate_scripts_classes[22m | [39m[0m
2026-10-07T06:22:05.7374916Z [  89% ] [90m[1mupdate_scripts_classes[22m | [39m[0m
2026-10-07T06:22:05.7375008Z [  89% ] [90m[1mupdate_scripts_classes[22m | [39m[0m
2026-10-07T06:22:05.7375097Z [  89% ] [90m[1mupdate_scripts_classes[22m | [39m[0m
2026-10-07T06:22:05.7375188Z [  89% ] [90m[1mupdate_scripts_classes[22m | [39m[0m
2026-10-07T06:22:05.7375278Z [  89% ] [90m[1mupdate_scripts_classes[22m | [39m[0m
2026-10-07T06:22:05.7375367Z [  89% ] [90m[1mupdate_scripts_classes[22m | [39m[0m
2026-10-07T06:22:05.7375460Z [  89% ] [90m[1mupdate_scripts_classes[22m | [39m[0m
2026-10-07T06:22:05.7375552Z [  89% ] [90m[1mupdate_scripts_classes[22m | [39m[0m
2026-10-07T06:22:05.7375644Z [  89% ] [90m[1mupdate_scripts_classes[22m | [39m[0m
2026-10-07T06:22:05.7375735Z [  89% ] [90m[1mupdate_scripts_classes[22m | [39m[0m
2026-10-07T06:22:05.7375826Z [  89% ] [90m[1mupdate_scripts_classes[22m | [39m[0m
2026-10-07T06:22:05.7375916Z [  89% ] [90m[1mupdate_scripts_classes[22m | [39m[0m
2026-10-07T06:22:05.7376005Z [  89% ] [90m[1mupdate_scripts_classes[22m | [39m[0m
2026-10-07T06:22:05.7376096Z [  89% ] [90m[1mupdate_scripts_classes[22m | [39m[0m
2026-10-07T06:22:05.7376188Z [  89% ] [90m[1mupdate_scripts_classes[22m | [39m[0m
2026-10-07T06:22:05.7376280Z [  89% ] [90m[1mupdate_scripts_classes[22m | [39m[0m
2026-10-07T06:22:05.7376368Z [  89% ] [90m[1mupdate_scripts_classes[22m | [39m[0m
2026-10-07T06:22:05.7376459Z [  89% ] [90m[1mupdate_scripts_classes[22m | [39m[0m
2026-10-07T06:22:05.7376551Z [  89% ] [90m[1mupdate_scripts_classes[22m | [39m[0m
2026-10-07T06:22:05.7376643Z [  89% ] [90m[1mupdate_scripts_classes[22m | [39m[0m
2026-10-07T06:22:05.7376814Z [  89% ] [90m[1mupdate_scripts_classes[22m | [39m[0m
2026-10-07T06:22:05.7376909Z [  89% ] [90m[1mupdate_scripts_classes[22m | [39m[0m
2026-10-07T06:22:05.7377000Z [  89% ] [90m[1mupdate_scripts_classes[22m | [39m[0m
2026-10-07T06:22:05.7377090Z [  89% ] [90m[1mupdate_scripts_classes[22m | [39m[0m
2026-10-07T06:22:05.7377182Z [  89% ] [90m[1mupdate_scripts_classes[22m | [39m[0m
2026-10-07T06:22:05.7377274Z [  89% ] [90m[1mupdate_scripts_classes[22m | [39m[0m
2026-10-07T06:22:05.7377364Z [  89% ] [90m[1mupdate_scripts_classes[22m | [39m[0m
2026-10-07T06:22:05.7377456Z [  89% ] [90m[1mupdate_scripts_classes[22m | [39m[0m
2026-10-07T06:22:05.7377548Z [  89% ] [90m[1mupdate_scripts_classes[22m | [39m[0m
2026-10-07T06:22:05.7377640Z [  89% ] [90m[1mupdate_scripts_classes[22m | [39m[0m
2026-10-07T06:22:05.7377730Z [  90% ] [90m[1mupdate_scripts_classes[22m | [39m[0m
2026-10-07T06:22:05.7377881Z [  90% ] [90m[1mupdate_scripts_classes[22m | [39m[0m
2026-10-07T06:22:05.7377974Z [  90% ] [90m[1mupdate_scripts_classes[22m | [39m[0m
2026-10-07T06:22:05.7378064Z [  90% ] [90m[1mupdate_scripts_classes[22m | [39m[0m
2026-10-07T06:22:05.7378158Z [  90% ] [90m[1mupdate_scripts_classes[22m | [39m[0m
2026-10-07T06:22:05.7378252Z [  90% ] [90m[1mupdate_scripts_classes[22m | [39m[0m
2026-10-07T06:22:05.7378343Z [  90% ] [90m[1mupdate_scripts_classes[22m | [39m[0m
2026-10-07T06:22:05.7378432Z [  90% ] [90m[1mupdate_scripts_classes[22m | [39m[0m
2026-10-07T06:22:05.7378524Z [  90% ] [90m[1mupdate_scripts_classes[22m | [39m[0m
2026-10-07T06:22:05.7378617Z [  90% ] [90m[1mupdate_scripts_classes[22m | [39m[0m
2026-10-07T06:22:05.7378708Z [  90% ] [90m[1mupdate_scripts_classes[22m | [39m[0m
2026-10-07T06:22:05.7378800Z [  90% ] [90m[1mupdate_scripts_classes[22m | [39m[0m
2026-10-07T06:22:05.7378891Z [  90% ] [90m[1mupdate_scripts_classes[22m | [39m[0m
2026-10-07T06:22:05.7378986Z [  90% ] [90m[1mupdate_scripts_classes[22m | [39m[0m
2026-10-07T06:22:05.7379076Z [  90% ] [90m[1mupdate_scripts_classes[22m | [39m[0m
2026-10-07T06:22:05.7379168Z [  90% ] [90m[1mupdate_scripts_classes[22m | [39m[0m
2026-10-07T06:22:05.7379261Z [  90% ] [90m[1mupdate_scripts_classes[22m | [39m[0m
2026-10-07T06:22:05.7379352Z [  90% ] [90m[1mupdate_scripts_classes[22m | [39m[0m
2026-10-07T06:22:05.7379443Z [  90% ] [90m[1mupdate_scripts_classes[22m | [39m[0m
2026-10-07T06:22:05.7379534Z [  90% ] [90m[1mupdate_scripts_classes[22m | [39m[0m
2026-10-07T06:22:05.7379624Z [  90% ] [90m[1mupdate_scripts_classes[22m | [39m[0m
2026-10-07T06:22:05.7379714Z [  90% ] [90m[1mupdate_scripts_classes[22m | [39m[0m
2026-10-07T06:22:05.7379804Z [  90% ] [90m[1mupdate_scripts_classes[22m | [39m[0m
2026-10-07T06:22:05.7379894Z [  90% ] [90m[1mupdate_scripts_classes[22m | [39m[0m
2026-10-07T06:22:05.7379983Z [  90% ] [90m[1mupdate_scripts_classes[22m | [39m[0m
2026-10-07T06:22:05.7380078Z [  90% ] [90m[1mupdate_scripts_classes[22m | [39m[0m
2026-10-07T06:22:05.7380169Z [  90% ] [90m[1mupdate_scripts_classes[22m | [39m[0m
2026-10-07T06:22:05.7380260Z [  90% ] [90m[1mupdate_scripts_classes[22m | [39m[0m
2026-10-07T06:22:05.7380351Z [  90% ] [90m[1mupdate_scripts_classes[22m | [39m[0m
2026-10-07T06:22:05.7380442Z [  90% ] [90m[1mupdate_scripts_classes[22m | [39m[0m
2026-10-07T06:22:05.7380534Z [  90% ] [90m[1mupdate_scripts_classes[22m | [39m[0m
2026-10-07T06:22:05.7380623Z [  91% ] [90m[1mupdate_scripts_classes[22m | [39m[0m
2026-10-07T06:22:05.7380715Z [  91% ] [90m[1mupdate_scripts_classes[22m | [39m[0m
2026-10-07T06:22:05.7380807Z [  91% ] [90m[1mupdate_scripts_classes[22m | [39m[0m
2026-10-07T06:22:05.7380898Z [  91% ] [90m[1mupdate_scripts_classes[22m | [39m[0m
2026-10-07T06:22:05.7380987Z [  91% ] [90m[1mupdate_scripts_classes[22m | [39m[0m
2026-10-07T06:22:05.7381079Z [  91% ] [90m[1mupdate_scripts_classes[22m | [39m[0m
2026-10-07T06:22:05.7381229Z [  91% ] [90m[1mupdate_scripts_classes[22m | [39m[0m
2026-10-07T06:22:05.7381322Z [  91% ] [90m[1mupdate_scripts_classes[22m | [39m[0m
2026-10-07T06:22:05.7381415Z [  91% ] [90m[1mupdate_scripts_classes[22m | [39m[0m
2026-10-07T06:22:05.7381506Z [  91% ] [90m[1mupdate_scripts_classes[22m | [39m[0m
2026-10-07T06:22:05.7381600Z [  91% ] [90m[1mupdate_scripts_classes[22m | [39m[0m
2026-10-07T06:22:05.7381689Z [  91% ] [90m[1mupdate_scripts_classes[22m | [39m[0m
2026-10-07T06:22:05.7381780Z [  91% ] [90m[1mupdate_scripts_classes[22m | [39m[0m
2026-10-07T06:22:05.7381874Z [  91% ] [90m[1mupdate_scripts_classes[22m | [39m[0m
2026-10-07T06:22:05.7381963Z [  91% ] [90m[1mupdate_scripts_classes[22m | [39m[0m
2026-10-07T06:22:05.7382055Z [  91% ] [90m[1mupdate_scripts_classes[22m | [39m[0m
2026-10-07T06:22:05.7382147Z [  91% ] [90m[1mupdate_scripts_classes[22m | [39m[0m
2026-10-07T06:22:05.7382325Z [  91% ] [90m[1mupdate_scripts_classes[22m | [39m[0m
2026-10-07T06:22:05.7382472Z [  91% ] [90m[1mupdate_scripts_classes[22m | [39m[0m
2026-10-07T06:22:05.7382614Z [  91% ] [90m[1mupdate_scripts_classes[22m | [39m[0m
2026-10-07T06:22:05.7382755Z [  91% ] [90m[1mupdate_scripts_classes[22m | [39m[0m
2026-10-07T06:22:05.7382983Z [  91% ] [90m[1mupdate_scripts_classes[22m | [39m[0m
2026-10-07T06:22:05.7383125Z [  91% ] [90m[1mupdate_scripts_classes[22m | [39m[0m
2026-10-07T06:22:05.7383254Z [  91% ] [90m[1mupdate_scripts_classes[22m | [39m[0m
2026-10-07T06:22:05.7383346Z [  91% ] [90m[1mupdate_scripts_classes[22m | [39m[0m
2026-10-07T06:22:05.7383434Z [  91% ] [90m[1mupdate_scripts_classes[22m | [39m[0m
2026-10-07T06:22:05.7383525Z [  91% ] [90m[1mupdate_scripts_classes[22m | [39m[0m
2026-10-07T06:22:05.7383614Z [  91% ] [90m[1mupdate_scripts_classes[22m | [39m[0m
2026-10-07T06:22:05.7383703Z [  91% ] [90m[1mupdate_scripts_classes[22m | [39m[0m
2026-10-07T06:22:05.7383797Z [  91% ] [90m[1mupdate_scripts_classes[22m | [39m[0m
2026-10-07T06:22:05.7383886Z [  91% ] [90m[1mupdate_scripts_classes[22m | [39m[0m
2026-10-07T06:22:05.7383977Z [  92% ] [90m[1mupdate_scripts_classes[22m | [39m[0m
2026-10-07T06:22:05.7384066Z [  92% ] [90m[1mupdate_scripts_classes[22m | [39m[0m
2026-10-07T06:22:05.7384158Z [  92% ] [90m[1mupdate_scripts_classes[22m | [39m[0m
2026-10-07T06:22:05.7384248Z [  92% ] [90m[1mupdate_scripts_classes[22m | [39m[0m
2026-10-07T06:22:05.7384337Z [  92% ] [90m[1mupdate_scripts_classes[22m | [39m[0m
2026-10-07T06:22:05.7384427Z [  92% ] [90m[1mupdate_scripts_classes[22m | [39m[0m
2026-10-07T06:22:05.7384517Z [  92% ] [90m[1mupdate_scripts_classes[22m | [39m[0m
2026-10-07T06:22:05.7384607Z [  92% ] [90m[1mupdate_scripts_classes[22m | [39m[0m
2026-10-07T06:22:05.7384694Z [  92% ] [90m[1mupdate_scripts_classes[22m | [39m[0m
2026-10-07T06:22:05.7384786Z [  92% ] [90m[1mupdate_scripts_classes[22m | [39m[0m
2026-10-07T06:22:05.7384879Z [  92% ] [90m[1mupdate_scripts_classes[22m | [39m[0m
2026-10-07T06:22:05.7384968Z [  92% ] [90m[1mupdate_scripts_classes[22m | [39m[0m
2026-10-07T06:22:05.7385059Z [  92% ] [90m[1mupdate_scripts_classes[22m | [39m[0m
2026-10-07T06:22:05.7385149Z [  92% ] [90m[1mupdate_scripts_classes[22m | [39m[0m
2026-10-07T06:22:05.7385239Z [  92% ] [90m[1mupdate_scripts_classes[22m | [39m[0m
2026-10-07T06:22:05.7385327Z [  92% ] [90m[1mupdate_scripts_classes[22m | [39m[0m
2026-10-07T06:22:05.7385417Z [  92% ] [90m[1mupdate_scripts_classes[22m | [39m[0m
2026-10-07T06:22:05.7385507Z [  92% ] [90m[1mupdate_scripts_classes[22m | [39m[0m
2026-10-07T06:22:05.7385596Z [  92% ] [90m[1mupdate_scripts_classes[22m | [39m[0m
2026-10-07T06:22:05.7385686Z [  92% ] [90m[1mupdate_scripts_classes[22m | [39m[0m
2026-10-07T06:22:05.7385776Z [  92% ] [90m[1mupdate_scripts_classes[22m | [39m[0m
2026-10-07T06:22:05.7385867Z [  92% ] [90m[1mupdate_scripts_classes[22m | [39m[0m
2026-10-07T06:22:05.7386043Z [  92% ] [90m[1mupdate_scripts_classes[22m | [39m[0m
2026-10-07T06:22:05.7386138Z [  92% ] [90m[1mupdate_scripts_classes[22m | [39m[0m
2026-10-07T06:22:05.7386229Z [  92% ] [90m[1mupdate_scripts_classes[22m | [39m[0m
2026-10-07T06:22:05.7386321Z [  92% ] [90m[1mupdate_scripts_classes[22m | [39m[0m
2026-10-07T06:22:05.7386413Z [  92% ] [90m[1mupdate_scripts_classes[22m | [39m[0m
2026-10-07T06:22:05.7386506Z [  92% ] [90m[1mupdate_scripts_classes[22m | [39m[0m
2026-10-07T06:22:05.7386597Z [  92% ] [90m[1mupdate_scripts_classes[22m | [39m[0m
2026-10-07T06:22:05.7386686Z [  92% ] [90m[1mupdate_scripts_classes[22m | [39m[0m
2026-10-07T06:22:05.7386778Z [  92% ] [90m[1mupdate_scripts_classes[22m | [39m[0m
2026-10-07T06:22:05.7386869Z [  93% ] [90m[1mupdate_scripts_classes[22m | [39m[0m
2026-10-07T06:22:05.7386959Z [  93% ] [90m[1mupdate_scripts_classes[22m | [39m[0m
2026-10-07T06:22:05.7387132Z [  93% ] [90m[1mupdate_scripts_classes[22m | [39m[0m
2026-10-07T06:22:05.7387224Z [  93% ] [90m[1mupdate_scripts_classes[22m | [39m[0m
2026-10-07T06:22:05.7387317Z [  93% ] [90m[1mupdate_scripts_classes[22m | [39m[0m
2026-10-07T06:22:05.7387407Z [  93% ] [90m[1mupdate_scripts_classes[22m | [39m[0m
2026-10-07T06:22:05.7387499Z [  93% ] [90m[1mupdate_scripts_classes[22m | [39m[0m
2026-10-07T06:22:05.7387591Z [  93% ] [90m[1mupdate_scripts_classes[22m | [39m[0m
2026-10-07T06:22:05.7387681Z [  93% ] [90m[1mupdate_scripts_classes[22m | [39m[0m
2026-10-07T06:22:05.7387774Z [  93% ] [90m[1mupdate_scripts_classes[22m | [39m[0m
2026-10-07T06:22:05.7387866Z [  93% ] [90m[1mupdate_scripts_classes[22m | [39m[0m
2026-10-07T06:22:05.7387957Z [  93% ] [90m[1mupdate_scripts_classes[22m | [39m[0m
2026-10-07T06:22:05.7388047Z [  93% ] [90m[1mupdate_scripts_classes[22m | [39m[0m
2026-10-07T06:22:05.7388168Z [  93% ] [90m[1mupdate_scripts_classes[22m | [39m[0m
2026-10-07T06:22:05.7388261Z [  93% ] [90m[1mupdate_scripts_classes[22m | [39m[0m
2026-10-07T06:22:05.7388353Z [  93% ] [90m[1mupdate_scripts_classes[22m | [39m[0m
2026-10-07T06:22:05.7388444Z [  93% ] [90m[1mupdate_scripts_classes[22m | [39m[0m
2026-10-07T06:22:05.7388534Z [  93% ] [90m[1mupdate_scripts_classes[22m | [39m[0m
2026-10-07T06:22:05.7388625Z [  93% ] [90m[1mupdate_scripts_classes[22m | [39m[0m
2026-10-07T06:22:05.7388717Z [  93% ] [90m[1mupdate_scripts_classes[22m | [39m[0m
2026-10-07T06:22:05.7388806Z [  93% ] [90m[1mupdate_scripts_classes[22m | [39m[0m
2026-10-07T06:22:05.7388898Z [  93% ] [90m[1mupdate_scripts_classes[22m | [39m[0m
2026-10-07T06:22:05.7388987Z [  93% ] [90m[1mupdate_scripts_classes[22m | [39m[0m
2026-10-07T06:22:05.7389079Z [  93% ] [90m[1mupdate_scripts_classes[22m | [39m[0m
2026-10-07T06:22:05.7389167Z [  93% ] [90m[1mupdate_scripts_classes[22m | [39m[0m
2026-10-07T06:22:05.7389261Z [  93% ] [90m[1mupdate_scripts_classes[22m | [39m[0m
2026-10-07T06:22:05.7389357Z [  93% ] [90m[1mupdate_scripts_classes[22m | [39m[0m
2026-10-07T06:22:05.7389446Z [  93% ] [90m[1mupdate_scripts_classes[22m | [39m[0m
2026-10-07T06:22:05.7389538Z [  93% ] [90m[1mupdate_scripts_classes[22m | [39m[0m
2026-10-07T06:22:05.7389628Z [  93% ] [90m[1mupdate_scripts_classes[22m | [39m[0m
2026-10-07T06:22:05.7389718Z [  93% ] [90m[1mupdate_scripts_classes[22m | [39m[0m
2026-10-07T06:22:05.7389807Z [  94% ] [90m[1mupdate_scripts_classes[22m | [39m[0m
2026-10-07T06:22:05.7389898Z [  94% ] [90m[1mupdate_scripts_classes[22m | [39m[0m
2026-10-07T06:22:05.7389988Z [  94% ] [90m[1mupdate_scripts_classes[22m | [39m[0m
2026-10-07T06:22:05.7390077Z [  94% ] [90m[1mupdate_scripts_classes[22m | [39m[0m
2026-10-07T06:22:05.7390167Z [  94% ] [90m[1mupdate_scripts_classes[22m | [39m[0m
2026-10-07T06:22:05.7390256Z [  94% ] [90m[1mupdate_scripts_classes[22m | [39m[0m
2026-10-07T06:22:05.7390350Z [  94% ] [90m[1mupdate_scripts_classes[22m | [39m[0m
2026-10-07T06:22:05.7390526Z [  94% ] [90m[1mupdate_scripts_classes[22m | [39m[0m
2026-10-07T06:22:05.7390623Z [  94% ] [90m[1mupdate_scripts_classes[22m | [39m[0m
2026-10-07T06:22:05.7390716Z [  94% ] [90m[1mupdate_scripts_classes[22m | [39m[0m
2026-10-07T06:22:05.7390806Z [  94% ] [90m[1mupdate_scripts_classes[22m | [39m[0m
2026-10-07T06:22:05.7390898Z [  94% ] [90m[1mupdate_scripts_classes[22m | [39m[0m
2026-10-07T06:22:05.7390990Z [  94% ] [90m[1mupdate_scripts_classes[22m | [39m[0m
2026-10-07T06:22:05.7391082Z [  94% ] [90m[1mupdate_scripts_classes[22m | [39m[0m
2026-10-07T06:22:05.7391173Z [  94% ] [90m[1mupdate_scripts_classes[22m | [39m[0m
2026-10-07T06:22:05.7391265Z [  94% ] [90m[1mupdate_scripts_classes[22m | [39m[0m
2026-10-07T06:22:05.7391356Z [  94% ] [90m[1mupdate_scripts_classes[22m | [39m[0m
2026-10-07T06:22:05.7391446Z [  94% ] [90m[1mupdate_scripts_classes[22m | [39m[0m
2026-10-07T06:22:05.7391617Z [  94% ] [90m[1mupdate_scripts_classes[22m | [39m[0m
2026-10-07T06:22:05.7391711Z [  94% ] [90m[1mupdate_scripts_classes[22m | [39m[0m
2026-10-07T06:22:05.7391804Z [  94% ] [90m[1mupdate_scripts_classes[22m | [39m[0m
2026-10-07T06:22:05.7391893Z [  94% ] [90m[1mupdate_scripts_classes[22m | [39m[0m
2026-10-07T06:22:05.7391984Z [  94% ] [90m[1mupdate_scripts_classes[22m | [39m[0m
2026-10-07T06:22:05.7392076Z [  94% ] [90m[1mupdate_scripts_classes[22m | [39m[0m
2026-10-07T06:22:05.7392165Z [  94% ] [90m[1mupdate_scripts_classes[22m | [39m[0m
2026-10-07T06:22:05.7392256Z [  94% ] [90m[1mupdate_scripts_classes[22m | [39m[0m
2026-10-07T06:22:05.7392347Z [  94% ] [90m[1mupdate_scripts_classes[22m | [39m[0m
2026-10-07T06:22:05.7392440Z [  94% ] [90m[1mupdate_scripts_classes[22m | [39m[0m
2026-10-07T06:22:05.7392529Z [  94% ] [90m[1mupdate_scripts_classes[22m | [39m[0m
2026-10-07T06:22:05.7392620Z [  94% ] [90m[1mupdate_scripts_classes[22m | [39m[0m
2026-10-07T06:22:05.7392713Z [  94% ] [90m[1mupdate_scripts_classes[22m | [39m[0m
2026-10-07T06:22:05.7392802Z [  95% ] [90m[1mupdate_scripts_classes[22m | [39m[0m
2026-10-07T06:22:05.7392994Z [  95% ] [90m[1mupdate_scripts_classes[22m | [39m[0m
2026-10-07T06:22:05.7393108Z [  95% ] [90m[1mupdate_scripts_classes[22m | [39m[0m
2026-10-07T06:22:05.7393199Z [  95% ] [90m[1mupdate_scripts_classes[22m | [39m[0m
2026-10-07T06:22:05.7393288Z [  95% ] [90m[1mupdate_scripts_classes[22m | [39m[0m
2026-10-07T06:22:05.7393377Z [  95% ] [90m[1mupdate_scripts_classes[22m | [39m[0m
2026-10-07T06:22:05.7393469Z [  95% ] [90m[1mupdate_scripts_classes[22m | [39m[0m
2026-10-07T06:22:05.7393558Z [  95% ] [90m[1mupdate_scripts_classes[22m | [39m[0m
2026-10-07T06:22:05.7393647Z [  95% ] [90m[1mupdate_scripts_classes[22m | [39m[0m
2026-10-07T06:22:05.7393736Z [  95% ] [90m[1mupdate_scripts_classes[22m | [39m[0m
2026-10-07T06:22:05.7393826Z [  95% ] [90m[1mupdate_scripts_classes[22m | [39m[0m
2026-10-07T06:22:05.7393919Z [  95% ] [90m[1mupdate_scripts_classes[22m | [39m[0m
2026-10-07T06:22:05.7394009Z [  95% ] [90m[1mupdate_scripts_classes[22m | [39m[0m
2026-10-07T06:22:05.7394099Z [  95% ] [90m[1mupdate_scripts_classes[22m | [39m[0m
2026-10-07T06:22:05.7394187Z [  95% ] [90m[1mupdate_scripts_classes[22m | [39m[0m
2026-10-07T06:22:05.7394277Z [  95% ] [90m[1mupdate_scripts_classes[22m | [39m[0m
2026-10-07T06:22:05.7394368Z [  95% ] [90m[1mupdate_scripts_classes[22m | [39m[0m
2026-10-07T06:22:05.7394458Z [  95% ] [90m[1mupdate_scripts_classes[22m | [39m[0m
2026-10-07T06:22:05.7394546Z [  95% ] [90m[1mupdate_scripts_classes[22m | [39m[0m
2026-10-07T06:22:05.7394636Z [  95% ] [90m[1mupdate_scripts_classes[22m | [39m[0m
2026-10-07T06:22:05.7394726Z [  95% ] [90m[1mupdate_scripts_classes[22m | [39m[0m
2026-10-07T06:22:05.7394815Z [  95% ] [90m[1mupdate_scripts_classes[22m | [39m[0m
2026-10-07T06:22:05.7394904Z [  95% ] [90m[1mupdate_scripts_classes[22m | [39m[0m
2026-10-07T06:22:05.7395093Z [  95% ] [90m[1mupdate_scripts_classes[22m | [39m[0m
2026-10-07T06:22:05.7395189Z [  95% ] [90m[1mupdate_scripts_classes[22m | [39m[0m
2026-10-07T06:22:05.7395278Z [  95% ] [90m[1mupdate_scripts_classes[22m | [39m[0m
2026-10-07T06:22:05.7399889Z [  95% ] [90m[1mupdate_scripts_classes[22m | [39m[0m
2026-10-07T06:22:05.7400054Z [  95% ] [90m[1mupdate_scripts_classes[22m | [39m[0m
2026-10-07T06:22:05.7400201Z [  95% ] [90m[1mupdate_scripts_classes[22m | [39m[0m
2026-10-07T06:22:05.7400346Z [  95% ] [90m[1mupdate_scripts_classes[22m | [39m[0m
2026-10-07T06:22:05.7400487Z [  95% ] [90m[1mupdate_scripts_classes[22m | [39m[0m
2026-10-07T06:22:05.7400627Z [  96% ] [90m[1mupdate_scripts_classes[22m | [39m[0m
2026-10-07T06:22:05.7400767Z [  96% ] [90m[1mupdate_scripts_classes[22m | [39m[0m
2026-10-07T06:22:05.7400910Z [  96% ] [90m[1mupdate_scripts_classes[22m | [39m[0m
2026-10-07T06:22:05.7401128Z [  96% ] [90m[1mupdate_scripts_classes[22m | [39m[0m
2026-10-07T06:22:05.7401221Z [  96% ] [90m[1mupdate_scripts_classes[22m | [39m[0m
2026-10-07T06:22:05.7401313Z [  96% ] [90m[1mupdate_scripts_classes[22m | [39m[0m
2026-10-07T06:22:05.7401405Z [  96% ] [90m[1mupdate_scripts_classes[22m | [39m[0m
2026-10-07T06:22:05.7401496Z [  96% ] [90m[1mupdate_scripts_classes[22m | [39m[0m
2026-10-07T06:22:05.7401586Z [  96% ] [90m[1mupdate_scripts_classes[22m | [39m[0m
2026-10-07T06:22:05.7401677Z [  96% ] [90m[1mupdate_scripts_classes[22m | [39m[0m
2026-10-07T06:22:05.7401768Z [  96% ] [90m[1mupdate_scripts_classes[22m | [39m[0m
2026-10-07T06:22:05.7401858Z [  96% ] [90m[1mupdate_scripts_classes[22m | [39m[0m
2026-10-07T06:22:05.7401951Z [  96% ] [90m[1mupdate_scripts_classes[22m | [39m[0m
2026-10-07T06:22:05.7402044Z [  96% ] [90m[1mupdate_scripts_classes[22m | [39m[0m
2026-10-07T06:22:05.7402138Z [  96% ] [90m[1mupdate_scripts_classes[22m | [39m[0m
2026-10-07T06:22:05.7402232Z [  96% ] [90m[1mupdate_scripts_classes[22m | [39m[0m
2026-10-07T06:22:05.7402326Z [  96% ] [90m[1mupdate_scripts_classes[22m | [39m[0m
2026-10-07T06:22:05.7402421Z [  96% ] [90m[1mupdate_scripts_classes[22m | [39m[0m
2026-10-07T06:22:05.7402512Z [  96% ] [90m[1mupdate_scripts_classes[22m | [39m[0m
2026-10-07T06:22:05.7402607Z [  96% ] [90m[1mupdate_scripts_classes[22m | [39m[0m
2026-10-07T06:22:05.7402699Z [  96% ] [90m[1mupdate_scripts_classes[22m | [39m[0m
2026-10-07T06:22:05.7402790Z [  96% ] [90m[1mupdate_scripts_classes[22m | [39m[0m
2026-10-07T06:22:05.7402879Z [  96% ] [90m[1mupdate_scripts_classes[22m | [39m[0m
2026-10-07T06:22:05.7403100Z [  96% ] [90m[1mupdate_scripts_classes[22m | [39m[0m
2026-10-07T06:22:05.7403194Z [  96% ] [90m[1mupdate_scripts_classes[22m | [39m[0m
2026-10-07T06:22:05.7403282Z [  96% ] [90m[1mupdate_scripts_classes[22m | [39m[0m
2026-10-07T06:22:05.7403372Z [  96% ] [90m[1mupdate_scripts_classes[22m | [39m[0m
2026-10-07T06:22:05.7403465Z [  96% ] [90m[1mupdate_scripts_classes[22m | [39m[0m
2026-10-07T06:22:05.7403555Z [  96% ] [90m[1mupdate_scripts_classes[22m | [39m[0m
2026-10-07T06:22:05.7403643Z [  96% ] [90m[1mupdate_scripts_classes[22m | [39m[0m
2026-10-07T06:22:05.7403733Z [  96% ] [90m[1mupdate_scripts_classes[22m | [39m[0m
2026-10-07T06:22:05.7403824Z [  97% ] [90m[1mupdate_scripts_classes[22m | [39m[0m
2026-10-07T06:22:05.7403912Z [  97% ] [90m[1mupdate_scripts_classes[22m | [39m[0m
2026-10-07T06:22:05.7404006Z [  97% ] [90m[1mupdate_scripts_classes[22m | [39m[0m
2026-10-07T06:22:05.7404096Z [  97% ] [90m[1mupdate_scripts_classes[22m | [39m[0m
2026-10-07T06:22:05.7404188Z [  97% ] [90m[1mupdate_scripts_classes[22m | [39m[0m
2026-10-07T06:22:05.7404279Z [  97% ] [90m[1mupdate_scripts_classes[22m | [39m[0m
2026-10-07T06:22:05.7404372Z [  97% ] [90m[1mupdate_scripts_classes[22m | [39m[0m
2026-10-07T06:22:05.7404463Z [  97% ] [90m[1mupdate_scripts_classes[22m | [39m[0m
2026-10-07T06:22:05.7404641Z [  97% ] [90m[1mupdate_scripts_classes[22m | [39m[0m
2026-10-07T06:22:05.7404736Z [  97% ] [90m[1mupdate_scripts_classes[22m | [39m[0m
2026-10-07T06:22:05.7404829Z [  97% ] [90m[1mupdate_scripts_classes[22m | [39m[0m
2026-10-07T06:22:05.7404920Z [  97% ] [90m[1mupdate_scripts_classes[22m | [39m[0m
2026-10-07T06:22:05.7405009Z [  97% ] [90m[1mupdate_scripts_classes[22m | [39m[0m
2026-10-07T06:22:05.7405101Z [  97% ] [90m[1mupdate_scripts_classes[22m | [39m[0m
2026-10-07T06:22:05.7405192Z [  97% ] [90m[1mupdate_scripts_classes[22m | [39m[0m
2026-10-07T06:22:05.7405282Z [  97% ] [90m[1mupdate_scripts_classes[22m | [39m[0m
2026-10-07T06:22:05.7405372Z [  97% ] [90m[1mupdate_scripts_classes[22m | [39m[0m
2026-10-07T06:22:05.7405465Z [  97% ] [90m[1mupdate_scripts_classes[22m | [39m[0m
2026-10-07T06:22:05.7405556Z [  97% ] [90m[1mupdate_scripts_classes[22m | [39m[0m
2026-10-07T06:22:05.7405726Z [  97% ] [90m[1mupdate_scripts_classes[22m | [39m[0m
2026-10-07T06:22:05.7405820Z [  97% ] [90m[1mupdate_scripts_classes[22m | [39m[0m
2026-10-07T06:22:05.7405912Z [  97% ] [90m[1mupdate_scripts_classes[22m | [39m[0m
2026-10-07T06:22:05.7406003Z [  97% ] [90m[1mupdate_scripts_classes[22m | [39m[0m
2026-10-07T06:22:05.7406095Z [  97% ] [90m[1mupdate_scripts_classes[22m | [39m[0m
2026-10-07T06:22:05.7406186Z [  97% ] [90m[1mupdate_scripts_classes[22m | [39m[0m
2026-10-07T06:22:05.7406277Z [  97% ] [90m[1mupdate_scripts_classes[22m | [39m[0m
2026-10-07T06:22:05.7406366Z [  97% ] [90m[1mupdate_scripts_classes[22m | [39m[0m
2026-10-07T06:22:05.7406457Z [  97% ] [90m[1mupdate_scripts_classes[22m | [39m[0m
2026-10-07T06:22:05.7406547Z [  97% ] [90m[1mupdate_scripts_classes[22m | [39m[0m
2026-10-07T06:22:05.7406636Z [  97% ] [90m[1mupdate_scripts_classes[22m | [39m[0m
2026-10-07T06:22:05.7406726Z [  97% ] [90m[1mupdate_scripts_classes[22m | [39m[0m
2026-10-07T06:22:05.7406821Z [  98% ] [90m[1mupdate_scripts_classes[22m | [39m[0m
2026-10-07T06:22:05.7406911Z [  98% ] [90m[1mupdate_scripts_classes[22m | [39m[0m
2026-10-07T06:22:05.7407000Z [  98% ] [90m[1mupdate_scripts_classes[22m | [39m[0m
2026-10-07T06:22:05.7407091Z [  98% ] [90m[1mupdate_scripts_classes[22m | [39m[0m
2026-10-07T06:22:05.7407184Z [  98% ] [90m[1mupdate_scripts_classes[22m | [39m[0m
2026-10-07T06:22:05.7407273Z [  98% ] [90m[1mupdate_scripts_classes[22m | [39m[0m
2026-10-07T06:22:05.7407364Z [  98% ] [90m[1mupdate_scripts_classes[22m | [39m[0m
2026-10-07T06:22:05.7407454Z [  98% ] [90m[1mupdate_scripts_classes[22m | [39m[0m
2026-10-07T06:22:05.7407544Z [  98% ] [90m[1mupdate_scripts_classes[22m | [39m[0m
2026-10-07T06:22:05.7407633Z [  98% ] [90m[1mupdate_scripts_classes[22m | [39m[0m
2026-10-07T06:22:05.7407722Z [  98% ] [90m[1mupdate_scripts_classes[22m | [39m[0m
2026-10-07T06:22:05.7407813Z [  98% ] [90m[1mupdate_scripts_classes[22m | [39m[0m
2026-10-07T06:22:05.7407905Z [  98% ] [90m[1mupdate_scripts_classes[22m | [39m[0m
2026-10-07T06:22:05.7407995Z [  98% ] [90m[1mupdate_scripts_classes[22m | [39m[0m
2026-10-07T06:22:05.7408085Z [  98% ] [90m[1mupdate_scripts_classes[22m | [39m[0m
2026-10-07T06:22:05.7408176Z [  98% ] [90m[1mupdate_scripts_classes[22m | [39m[0m
2026-10-07T06:22:05.7408265Z [  98% ] [90m[1mupdate_scripts_classes[22m | [39m[0m
2026-10-07T06:22:05.7408356Z [  98% ] [90m[1mupdate_scripts_classes[22m | [39m[0m
2026-10-07T06:22:05.7408447Z [  98% ] [90m[1mupdate_scripts_classes[22m | [39m[0m
2026-10-07T06:22:05.7408535Z [  98% ] [90m[1mupdate_scripts_classes[22m | [39m[0m
2026-10-07T06:22:05.7408626Z [  98% ] [90m[1mupdate_scripts_classes[22m | [39m[0m
2026-10-07T06:22:05.7408716Z [  98% ] [90m[1mupdate_scripts_classes[22m | [39m[0m
2026-10-07T06:22:05.7408806Z [  98% ] [90m[1mupdate_scripts_classes[22m | [39m[0m
2026-10-07T06:22:05.7408896Z [  98% ] [90m[1mupdate_scripts_classes[22m | [39m[0m
2026-10-07T06:22:05.7409046Z [  98% ] [90m[1mupdate_scripts_classes[22m | [39m[0m
2026-10-07T06:22:05.7409141Z [  98% ] [90m[1mupdate_scripts_classes[22m | [39m[0m
2026-10-07T06:22:05.7409231Z [  98% ] [90m[1mupdate_scripts_classes[22m | [39m[0m
2026-10-07T06:22:05.7409325Z [  98% ] [90m[1mupdate_scripts_classes[22m | [39m[0m
2026-10-07T06:22:05.7409416Z [  98% ] [90m[1mupdate_scripts_classes[22m | [39m[0m
2026-10-07T06:22:05.7409509Z [  98% ] [90m[1mupdate_scripts_classes[22m | [39m[0m
2026-10-07T06:22:05.7409599Z [  98% ] [90m[1mupdate_scripts_classes[22m | [39m[0m
2026-10-07T06:22:05.7409693Z [  99% ] [90m[1mupdate_scripts_classes[22m | [39m[0m
2026-10-07T06:22:05.7409863Z [  99% ] [90m[1mupdate_scripts_classes[22m | [39m[0m
2026-10-07T06:22:05.7410003Z [  99% ] [90m[1mupdate_scripts_classes[22m | [39m[0m
2026-10-07T06:22:05.7410146Z [  99% ] [90m[1mupdate_scripts_classes[22m | [39m[0m
2026-10-07T06:22:05.7410353Z [  99% ] [90m[1mupdate_scripts_classes[22m | [39m[0m
2026-10-07T06:22:05.7410497Z [  99% ] [90m[1mupdate_scripts_classes[22m | [39m[0m
2026-10-07T06:22:05.7410619Z [  99% ] [90m[1mupdate_scripts_classes[22m | [39m[0m
2026-10-07T06:22:05.7410711Z [  99% ] [90m[1mupdate_scripts_classes[22m | [39m[0m
2026-10-07T06:22:05.7410802Z [  99% ] [90m[1mupdate_scripts_classes[22m | [39m[0m
2026-10-07T06:22:05.7410891Z [  99% ] [90m[1mupdate_scripts_classes[22m | [39m[0m
2026-10-07T06:22:05.7410981Z [  99% ] [90m[1mupdate_scripts_classes[22m | [39m[0m
2026-10-07T06:22:05.7411071Z [  99% ] [90m[1mupdate_scripts_classes[22m | [39m[0m
2026-10-07T06:22:05.7411163Z [  99% ] [90m[1mupdate_scripts_classes[22m | [39m[0m
2026-10-07T06:22:05.7411252Z [  99% ] [90m[1mupdate_scripts_classes[22m | [39m[0m
2026-10-07T06:22:05.7411346Z [  99% ] [90m[1mupdate_scripts_classes[22m | [39m[0m
2026-10-07T06:22:05.7411437Z [  99% ] [90m[1mupdate_scripts_classes[22m | [39m[0m
2026-10-07T06:22:05.7411528Z [  99% ] [90m[1mupdate_scripts_classes[22m | [39m[0m
2026-10-07T06:22:05.7411619Z [  99% ] [90m[1mupdate_scripts_classes[22m | [39m[0m
2026-10-07T06:22:05.7411709Z [  99% ] [90m[1mupdate_scripts_classes[22m | [39m[0m
2026-10-07T06:22:05.7411800Z [  99% ] [90m[1mupdate_scripts_classes[22m | [39m[0m
2026-10-07T06:22:05.7411892Z [  99% ] [90m[1mupdate_scripts_classes[22m | [39m[0m
2026-10-07T06:22:05.7411984Z [  99% ] [90m[1mupdate_scripts_classes[22m | [39m[0m
2026-10-07T06:22:05.7412076Z [  99% ] [90m[1mupdate_scripts_classes[22m | [39m[0m
2026-10-07T06:22:05.7412165Z [  99% ] [90m[1mupdate_scripts_classes[22m | [39m[0m
2026-10-07T06:22:05.7412256Z [  99% ] [90m[1mupdate_scripts_classes[22m | [39m[0m
2026-10-07T06:22:05.7412347Z [  99% ] [90m[1mupdate_scripts_classes[22m | [39m[0m
2026-10-07T06:22:05.7412437Z [  99% ] [90m[1mupdate_scripts_classes[22m | [39m[0m
2026-10-07T06:22:05.7412526Z [  99% ] [90m[1mupdate_scripts_classes[22m | [39m[0m
2026-10-07T06:22:05.7412620Z [  99% ] [90m[1mupdate_scripts_classes[22m | [39m[0m
2026-10-07T06:22:05.7412710Z [  99% ] [90m[1mupdate_scripts_classes[22m | [39m[0m
2026-10-07T06:22:05.7412804Z [92m[ DONE ][39m [1mupdate_scripts_classes[22m
2026-10-07T06:22:05.7412855Z [0m
2026-10-07T06:22:05.7413152Z [   0% ] [90m[1m_update_scan_actions[22m | Started Scanning actions... (1389 steps)[39m[0m
2026-10-07T06:22:05.7413270Z [   0% ] [90m[1m_update_scan_actions[22m | autoshader.svg[39m[0m
2026-10-07T06:22:05.7413380Z [   0% ] [90m[1m_update_scan_actions[22m | color_paint.svg[39m[0m
2026-10-07T06:22:05.7413491Z [   0% ] [90m[1m_update_scan_actions[22m | height_add.svg[39m[0m
2026-10-07T06:22:05.7413599Z [   0% ] [90m[1m_update_scan_actions[22m | height_div.svg[39m[0m
2026-10-07T06:22:05.7413707Z [   0% ] [90m[1m_update_scan_actions[22m | height_flat.svg[39m[0m
2026-10-07T06:22:05.7413812Z [   0% ] [90m[1m_update_scan_actions[22m | height_mul.svg[39m[0m
2026-10-07T06:22:05.7414016Z [   0% ] [90m[1m_update_scan_actions[22m | height_slope.svg[39m[0m
2026-10-07T06:22:05.7414137Z [   0% ] [90m[1m_update_scan_actions[22m | height_smooth.svg[39m[0m
2026-10-07T06:22:05.7414243Z [   0% ] [90m[1m_update_scan_actions[22m | height_sub.svg[39m[0m
2026-10-07T06:22:05.7414350Z [   0% ] [90m[1m_update_scan_actions[22m | holes.svg[39m[0m
2026-10-07T06:22:05.7414458Z [   0% ] [90m[1m_update_scan_actions[22m | layers.svg[39m[0m
2026-10-07T06:22:05.7414569Z [   0% ] [90m[1m_update_scan_actions[22m | multimesh.svg[39m[0m
2026-10-07T06:22:05.7414677Z [   0% ] [90m[1m_update_scan_actions[22m | navigation.svg[39m[0m
2026-10-07T06:22:05.7414796Z [   0% ] [90m[1m_update_scan_actions[22m | picker_checked.svg[39m[0m
2026-10-07T06:22:05.7414905Z [   1% ] [90m[1m_update_scan_actions[22m | region_add.svg[39m[0m
2026-10-07T06:22:05.7415019Z [   1% ] [90m[1m_update_scan_actions[22m | region_remove.svg[39m[0m
2026-10-07T06:22:05.7415130Z [   1% ] [90m[1m_update_scan_actions[22m | terrain3d.svg[39m[0m
2026-10-07T06:22:05.7415327Z [   1% ] [90m[1m_update_scan_actions[22m | texture_paint.svg[39m[0m
2026-10-07T06:22:05.7415441Z [   1% ] [90m[1m_update_scan_actions[22m | texture_spray.svg[39m[0m
2026-10-07T06:22:05.7415549Z [   1% ] [90m[1m_update_scan_actions[22m | wetness.svg[39m[0m
2026-10-07T06:22:05.7415669Z [   1% ] [90m[1m_update_scan_actions[22m | ironwood_canopy.wav[39m[0m
2026-10-07T06:22:05.7415784Z [   1% ] [90m[1m_update_scan_actions[22m | meadow_birds.wav[39m[0m
2026-10-07T06:22:05.7415897Z [   1% ] [90m[1m_update_scan_actions[22m | night_insects.wav[39m[0m
2026-10-07T06:22:05.7416008Z [   1% ] [90m[1m_update_scan_actions[22m | quarry_stone.wav[39m[0m
2026-10-07T06:22:05.7416117Z [   1% ] [90m[1m_update_scan_actions[22m | river_water.wav[39m[0m
2026-10-07T06:22:05.7416235Z [   1% ] [90m[1m_update_scan_actions[22m | tether_drone.wav[39m[0m
2026-10-07T06:22:05.7416342Z [   1% ] [90m[1m_update_scan_actions[22m | wind_high.wav[39m[0m
2026-10-07T06:22:05.7423726Z [   1% ] [90m[1m_update_scan_actions[22m | wind_low.wav[39m[0m
2026-10-07T06:22:05.7425644Z [   2% ] [90m[1m_update_scan_actions[22m | chirp_alert.wav[39m[0m
2026-10-07T06:22:05.7427464Z [   2% ] [90m[1m_update_scan_actions[22m | chirp_idle.wav[39m[0m
2026-10-07T06:22:05.7429233Z [   2% ] [90m[1m_update_scan_actions[22m | growl_alert.wav[39m[0m
2026-10-07T06:22:05.7431274Z [   2% ] [90m[1m_update_scan_actions[22m | growl_idle.wav[39m[0m
2026-10-07T06:22:05.7433490Z [   2% ] [90m[1m_update_scan_actions[22m | rumble_alert.wav[39m[0m
2026-10-07T06:22:05.7435835Z [   2% ] [90m[1m_update_scan_actions[22m | rumble_idle.wav[39m[0m
2026-10-07T06:22:05.7437693Z [   2% ] [90m[1m_update_scan_actions[22m | trill_alert.wav[39m[0m
2026-10-07T06:22:05.7439664Z [   2% ] [90m[1m_update_scan_actions[22m | trill_idle.wav[39m[0m
2026-10-07T06:22:05.7466285Z [   2% ] [90m[1m_update_scan_actions[22m | music_combat.wav[39m[0m
2026-10-07T06:22:05.7493503Z [   2% ] [90m[1m_update_scan_actions[22m | music_exploration.wav[39m[0m
2026-10-07T06:22:05.7520792Z [   2% ] [90m[1m_update_scan_actions[22m | music_release.wav[39m[0m
2026-10-07T06:22:05.7547863Z [   2% ] [90m[1m_update_scan_actions[22m | music_village.wav[39m[0m
2026-10-07T06:22:05.7574509Z [   2% ] [90m[1m_update_scan_actions[22m | music_warden.wav[39m[0m
2026-10-07T06:22:05.7576425Z [   2% ] [90m[1m_update_scan_actions[22m | ability_cue_1.wav[39m[0m
2026-10-07T06:22:05.7578327Z [   3% ] [90m[1m_update_scan_actions[22m | ability_cue_2.wav[39m[0m
2026-10-07T06:22:05.7580308Z [   3% ] [90m[1m_update_scan_actions[22m | attack_miss_1.wav[39m[0m
2026-10-07T06:22:05.7582271Z [   3% ] [90m[1m_update_scan_actions[22m | attack_miss_2.wav[39m[0m
2026-10-07T06:22:05.7584314Z [   3% ] [90m[1m_update_scan_actions[22m | attack_miss_3.wav[39m[0m
2026-10-07T06:22:05.7587910Z [   3% ] [90m[1m_update_scan_actions[22m | bond_milestone.wav[39m[0m
2026-10-07T06:22:05.7590164Z [   3% ] [90m[1m_update_scan_actions[22m | build_place_thud_1.wav[39m[0m
2026-10-07T06:22:05.7592194Z [   3% ] [90m[1m_update_scan_actions[22m | build_place_thud_2.wav[39m[0m
2026-10-07T06:22:05.7594611Z [   3% ] [90m[1m_update_scan_actions[22m | catch_fail.wav[39m[0m
2026-10-07T06:22:05.7596854Z [   3% ] [90m[1m_update_scan_actions[22m | chop_wood_1.wav[39m[0m
2026-10-07T06:22:05.7599076Z [   3% ] [90m[1m_update_scan_actions[22m | chop_wood_2.wav[39m[0m
2026-10-07T06:22:05.7601318Z [   3% ] [90m[1m_update_scan_actions[22m | chop_wood_3.wav[39m[0m
2026-10-07T06:22:05.7604100Z [   3% ] [90m[1m_update_scan_actions[22m | combat_start.wav[39m[0m
2026-10-07T06:22:05.7606910Z [   3% ] [90m[1m_update_scan_actions[22m | combat_win.wav[39m[0m
2026-10-07T06:22:05.7609111Z [   3% ] [90m[1m_update_scan_actions[22m | craft_done.wav[39m[0m
2026-10-07T06:22:05.7611293Z [   4% ] [90m[1m_update_scan_actions[22m | damage_taken_1.wav[39m[0m
2026-10-07T06:22:05.7613459Z [   4% ] [90m[1m_update_scan_actions[22m | damage_taken_2.wav[39m[0m
2026-10-07T06:22:05.7615543Z [   4% ] [90m[1m_update_scan_actions[22m | damage_taken_3.wav[39m[0m
2026-10-07T06:22:05.7618651Z [   4% ] [90m[1m_update_scan_actions[22m | faint.wav[39m[0m
2026-10-07T06:22:05.7620711Z [   4% ] [90m[1m_update_scan_actions[22m | gather_plant_1.wav[39m[0m
2026-10-07T06:22:05.7622757Z [   4% ] [90m[1m_update_scan_actions[22m | gather_plant_2.wav[39m[0m
2026-10-07T06:22:05.7624886Z [   4% ] [90m[1m_update_scan_actions[22m | gather_plant_3.wav[39m[0m
2026-10-07T06:22:05.7626909Z [   4% ] [90m[1m_update_scan_actions[22m | impact_normal_1.wav[39m[0m
2026-10-07T06:22:05.7628940Z [   4% ] [90m[1m_update_scan_actions[22m | impact_normal_2.wav[39m[0m
2026-10-07T06:22:05.7630940Z [   4% ] [90m[1m_update_scan_actions[22m | impact_normal_3.wav[39m[0m
2026-10-07T06:22:05.7633318Z [   4% ] [90m[1m_update_scan_actions[22m | impact_super_1.wav[39m[0m
2026-10-07T06:22:05.7635498Z [   4% ] [90m[1m_update_scan_actions[22m | impact_super_2.wav[39m[0m
2026-10-07T06:22:05.7637830Z [   4% ] [90m[1m_update_scan_actions[22m | impact_super_3.wav[39m[0m
2026-10-07T06:22:05.7639776Z [   4% ] [90m[1m_update_scan_actions[22m | impact_weak_1.wav[39m[0m
2026-10-07T06:22:05.7641711Z [   5% ] [90m[1m_update_scan_actions[22m | impact_weak_2.wav[39m[0m
2026-10-07T06:22:05.7643729Z [   5% ] [90m[1m_update_scan_actions[22m | impact_weak_3.wav[39m[0m
2026-10-07T06:22:05.7647213Z [   5% ] [90m[1m_update_scan_actions[22m | level_up.wav[39m[0m
2026-10-07T06:22:05.7649553Z [   5% ] [90m[1m_update_scan_actions[22m | mine_stone_1.wav[39m[0m
2026-10-07T06:22:05.7651885Z [   5% ] [90m[1m_update_scan_actions[22m | mine_stone_2.wav[39m[0m
2026-10-07T06:22:05.7654274Z [   5% ] [90m[1m_update_scan_actions[22m | mine_stone_3.wav[39m[0m
2026-10-07T06:22:05.7656134Z [   5% ] [90m[1m_update_scan_actions[22m | orb_shake_1.wav[39m[0m
2026-10-07T06:22:05.7657993Z [   5% ] [90m[1m_update_scan_actions[22m | orb_shake_2.wav[39m[0m
2026-10-07T06:22:05.7660112Z [   5% ] [90m[1m_update_scan_actions[22m | orb_throw_1.wav[39m[0m
2026-10-07T06:22:05.7662247Z [   5% ] [90m[1m_update_scan_actions[22m | orb_throw_2.wav[39m[0m
2026-10-07T06:22:05.7664394Z [   5% ] [90m[1m_update_scan_actions[22m | pickup_item.wav[39m[0m
2026-10-07T06:22:05.7666193Z [   5% ] [90m[1m_update_scan_actions[22m | step_grass_1.wav[39m[0m
2026-10-07T06:22:05.7668034Z [   5% ] [90m[1m_update_scan_actions[22m | step_grass_2.wav[39m[0m
2026-10-07T06:22:05.7669848Z [   5% ] [90m[1m_update_scan_actions[22m | step_grass_3.wav[39m[0m
2026-10-07T06:22:05.7671651Z [   6% ] [90m[1m_update_scan_actions[22m | step_grass_4.wav[39m[0m
2026-10-07T06:22:05.7673660Z [   6% ] [90m[1m_update_scan_actions[22m | step_stone_1.wav[39m[0m
2026-10-07T06:22:05.7675528Z [   6% ] [90m[1m_update_scan_actions[22m | step_stone_2.wav[39m[0m
2026-10-07T06:22:05.7677371Z [   6% ] [90m[1m_update_scan_actions[22m | step_stone_3.wav[39m[0m
2026-10-07T06:22:05.7679336Z [   6% ] [90m[1m_update_scan_actions[22m | step_stone_4.wav[39m[0m
2026-10-07T06:22:05.7681275Z [   6% ] [90m[1m_update_scan_actions[22m | step_water_1.wav[39m[0m
2026-10-07T06:22:05.7683379Z [   6% ] [90m[1m_update_scan_actions[22m | step_water_2.wav[39m[0m
2026-10-07T06:22:05.7685389Z [   6% ] [90m[1m_update_scan_actions[22m | step_water_3.wav[39m[0m
2026-10-07T06:22:05.7687279Z [   6% ] [90m[1m_update_scan_actions[22m | step_wood_1.wav[39m[0m
2026-10-07T06:22:05.7689208Z [   6% ] [90m[1m_update_scan_actions[22m | step_wood_2.wav[39m[0m
2026-10-07T06:22:05.7691081Z [   6% ] [90m[1m_update_scan_actions[22m | step_wood_3.wav[39m[0m
2026-10-07T06:22:05.7708644Z [   6% ] [90m[1m_update_scan_actions[22m | release_forest_sky_bed.wav[39m[0m
2026-10-07T06:22:05.7712637Z [   6% ] [90m[1m_update_scan_actions[22m | strike_body.wav[39m[0m
2026-10-07T06:22:05.7715336Z [   6% ] [90m[1m_update_scan_actions[22m | strike_crack.wav[39m[0m
2026-10-07T06:22:05.7723620Z [   7% ] [90m[1m_update_scan_actions[22m | strike_decay.wav[39m[0m
2026-10-07T06:22:05.7726854Z [   7% ] [90m[1m_update_scan_actions[22m | strike_warning.wav[39m[0m
2026-10-07T06:22:05.7744353Z [   7% ] [90m[1m_update_scan_actions[22m | surge_break_bed.wav[39m[0m
2026-10-07T06:22:05.7761752Z [   7% ] [90m[1m_update_scan_actions[22m | surge_building_bed.wav[39m[0m
2026-10-07T06:22:05.7779204Z [   7% ] [90m[1m_update_scan_actions[22m | surge_calm_bed.wav[39m[0m
2026-10-07T06:22:05.7796648Z [   7% ] [90m[1m_update_scan_actions[22m | surge_fading_decay.wav[39m[0m
2026-10-07T06:22:05.7798826Z [   7% ] [90m[1m_update_scan_actions[22m | Banner.obj[39m[0m
2026-10-07T06:22:05.7801571Z [   7% ] [90m[1m_update_scan_actions[22m | LargeSimpleTower.obj[39m[0m
2026-10-07T06:22:05.7804608Z [   7% ] [90m[1m_update_scan_actions[22m | LargeSquareTower.obj[39m[0m
2026-10-07T06:22:05.7807920Z [   7% ] [90m[1m_update_scan_actions[22m | LargeSquareTowerBricks.obj[39m[0m
2026-10-07T06:22:05.7810869Z [   7% ] [90m[1m_update_scan_actions[22m | LargeTower.obj[39m[0m
2026-10-07T06:22:05.7814037Z [   7% ] [90m[1m_update_scan_actions[22m | PointyTower.obj[39m[0m
2026-10-07T06:22:05.7816460Z [   7% ] [90m[1m_update_scan_actions[22m | Simpletower.obj[39m[0m
2026-10-07T06:22:05.7818991Z [   7% ] [90m[1m_update_scan_actions[22m | SimpleTowerBricks.obj[39m[0m
2026-10-07T06:22:05.7821761Z [   8% ] [90m[1m_update_scan_actions[22m | SmallSquareTower.obj[39m[0m
2026-10-07T06:22:05.7824797Z [   8% ] [90m[1m_update_scan_actions[22m | SmallSquareTowerBricks.obj[39m[0m
2026-10-07T06:22:05.7827465Z [   8% ] [90m[1m_update_scan_actions[22m | SmallTower.obj[39m[0m
2026-10-07T06:22:05.7829676Z [   8% ] [90m[1m_update_scan_actions[22m | TallWall.obj[39m[0m
2026-10-07T06:22:05.7832038Z [   8% ] [90m[1m_update_scan_actions[22m | TallWallBricks.obj[39m[0m
2026-10-07T06:22:05.7834665Z [   8% ] [90m[1m_update_scan_actions[22m | TallWallEntrance.obj[39m[0m
2026-10-07T06:22:05.7837822Z [   8% ] [90m[1m_update_scan_actions[22m | Tower.obj[39m[0m
2026-10-07T06:22:05.7840080Z [   8% ] [90m[1m_update_scan_actions[22m | Wall.obj[39m[0m
2026-10-07T06:22:05.7842435Z [   8% ] [90m[1m_update_scan_actions[22m | WallBricks.obj[39m[0m
2026-10-07T06:22:05.7844827Z [   8% ] [90m[1m_update_scan_actions[22m | WallEntrance.obj[39m[0m
2026-10-07T06:22:05.7847310Z [   8% ] [90m[1m_update_scan_actions[22m | WallEntranceBricks.obj[39m[0m
2026-10-07T06:22:05.7849859Z [   8% ] [90m[1m_update_scan_actions[22m | Watchtower.obj[39m[0m
2026-10-07T06:22:05.7852521Z [   8% ] [90m[1m_update_scan_actions[22m | WatchTowerWRoof.obj[39m[0m
2026-10-07T06:22:05.7854500Z [   8% ] [90m[1m_update_scan_actions[22m | Balcony_Cross_Corner.gltf[39m[0m
2026-10-07T06:22:05.7856345Z [   9% ] [90m[1m_update_scan_actions[22m | Balcony_Cross_Straight.gltf[39m[0m
2026-10-07T06:22:05.7858656Z [   9% ] [90m[1m_update_scan_actions[22m | Balcony_Simple_Corner.gltf[39m[0m
2026-10-07T06:22:05.7860514Z [   9% ] [90m[1m_update_scan_actions[22m | Balcony_Simple_Straight.gltf[39m[0m
2026-10-07T06:22:05.7862270Z [   9% ] [90m[1m_update_scan_actions[22m | Corner_ExteriorWide_Wood.gltf[39m[0m
2026-10-07T06:22:05.7865247Z [   9% ] [90m[1m_update_scan_actions[22m | Corner_Exterior_Brick.gltf[39m[0m
2026-10-07T06:22:05.7866973Z [   9% ] [90m[1m_update_scan_actions[22m | Corner_Exterior_Wood.gltf[39m[0m
2026-10-07T06:22:05.7868724Z [   9% ] [90m[1m_update_scan_actions[22m | DoorFrame_Flat_WoodDark.gltf[39m[0m
2026-10-07T06:22:05.7870573Z [   9% ] [90m[1m_update_scan_actions[22m | Door_1_Flat.gltf[39m[0m
2026-10-07T06:22:05.7874064Z [   9% ] [90m[1m_update_scan_actions[22m | Door_2_Flat.gltf[39m[0m
2026-10-07T06:22:05.7876141Z [   9% ] [90m[1m_update_scan_actions[22m | Door_8_Flat.gltf[39m[0m
2026-10-07T06:22:05.7877892Z [   9% ] [90m[1m_update_scan_actions[22m | Floor_UnevenBrick.gltf[39m[0m
2026-10-07T06:22:05.7879655Z [   9% ] [90m[1m_update_scan_actions[22m | Floor_WoodDark.gltf[39m[0m
2026-10-07T06:22:05.7881571Z [   9% ] [90m[1m_update_scan_actions[22m | Overhang_Plaster_Corner.gltf[39m[0m
2026-10-07T06:22:05.7883503Z [  10% ] [90m[1m_update_scan_actions[22m | Overhang_Plaster_Corner_Front.gltf[39m[0m
2026-10-07T06:22:05.7885306Z [  10% ] [90m[1m_update_scan_actions[22m | Overhang_Plaster_Long.gltf[39m[0m
2026-10-07T06:22:05.7887137Z [  10% ] [90m[1m_update_scan_actions[22m | Overhang_Plaster_Short.gltf[39m[0m
2026-10-07T06:22:05.7888923Z [  10% ] [90m[1m_update_scan_actions[22m | Overhang_RoofIncline_Plaster.gltf[39m[0m
2026-10-07T06:22:05.7890632Z [  10% ] [90m[1m_update_scan_actions[22m | Overhang_Roof_Plaster.gltf[39m[0m
2026-10-07T06:22:05.7892382Z [  10% ] [90m[1m_update_scan_actions[22m | Prop_Brick1.gltf[39m[0m
2026-10-07T06:22:05.7894221Z [  10% ] [90m[1m_update_scan_actions[22m | Prop_Brick2.gltf[39m[0m
2026-10-07T06:22:05.7896020Z [  10% ] [90m[1m_update_scan_actions[22m | Prop_Brick3.gltf[39m[0m
2026-10-07T06:22:05.7897780Z [  10% ] [90m[1m_update_scan_actions[22m | Prop_Brick4.gltf[39m[0m
2026-10-07T06:22:05.7899579Z [  10% ] [90m[1m_update_scan_actions[22m | Prop_Chimney2.gltf[39m[0m
2026-10-07T06:22:05.7901592Z [  10% ] [90m[1m_update_scan_actions[22m | Prop_Chimney.gltf[39m[0m
2026-10-07T06:22:05.7903487Z [  10% ] [90m[1m_update_scan_actions[22m | Prop_Crate.gltf[39m[0m
2026-10-07T06:22:05.7905348Z [  10% ] [90m[1m_update_scan_actions[22m | Prop_ExteriorBorder_Corner.gltf[39m[0m
2026-10-07T06:22:05.7907154Z [  10% ] [90m[1m_update_scan_actions[22m | Prop_ExteriorBorder_Straight1.gltf[39m[0m
2026-10-07T06:22:05.7908918Z [  11% ] [90m[1m_update_scan_actions[22m | Prop_ExteriorBorder_Straight2.gltf[39m[0m
2026-10-07T06:22:05.7911993Z [  11% ] [90m[1m_update_scan_actions[22m | Prop_MetalFence_Ornament.gltf[39m[0m
2026-10-07T06:22:05.7914607Z [  11% ] [90m[1m_update_scan_actions[22m | Prop_MetalFence_Simple.gltf[39m[0m
2026-10-07T06:22:05.7916329Z [  11% ] [90m[1m_update_scan_actions[22m | Prop_Support.gltf[39m[0m
2026-10-07T06:22:05.7918110Z [  11% ] [90m[1m_update_scan_actions[22m | Prop_Vine1.gltf[39m[0m
2026-10-07T06:22:05.7919898Z [  11% ] [90m[1m_update_scan_actions[22m | Prop_Vine2.gltf[39m[0m
2026-10-07T06:22:05.7921631Z [  11% ] [90m[1m_update_scan_actions[22m | Prop_Vine4.gltf[39m[0m
2026-10-07T06:22:05.7923456Z [  11% ] [90m[1m_update_scan_actions[22m | Prop_Vine5.gltf[39m[0m
2026-10-07T06:22:05.7925233Z [  11% ] [90m[1m_update_scan_actions[22m | Prop_Vine6.gltf[39m[0m
2026-10-07T06:22:05.7926991Z [  11% ] [90m[1m_update_scan_actions[22m | Prop_Vine9.gltf[39m[0m
2026-10-07T06:22:05.7929379Z [  11% ] [90m[1m_update_scan_actions[22m | Prop_Wagon.gltf[39m[0m
2026-10-07T06:22:05.7931173Z [  11% ] [90m[1m_update_scan_actions[22m | Prop_WoodenFence_Extension1.gltf[39m[0m
2026-10-07T06:22:05.7933021Z [  11% ] [90m[1m_update_scan_actions[22m | Prop_WoodenFence_Extension2.gltf[39m[0m
2026-10-07T06:22:05.7934918Z [  11% ] [90m[1m_update_scan_actions[22m | Prop_WoodenFence_Single.gltf[39m[0m
2026-10-07T06:22:05.7936953Z [  12% ] [90m[1m_update_scan_actions[22m | Roof_Dormer_RoundTile.gltf[39m[0m
2026-10-07T06:22:05.7938695Z [  12% ] [90m[1m_update_scan_actions[22m | Roof_FrontSupports.gltf[39m[0m
2026-10-07T06:22:05.7940550Z [  12% ] [90m[1m_update_scan_actions[22m | Roof_Front_Brick4.gltf[39m[0m
2026-10-07T06:22:05.7942435Z [  12% ] [90m[1m_update_scan_actions[22m | Roof_Front_Brick6.gltf[39m[0m
2026-10-07T06:22:05.7944380Z [  12% ] [90m[1m_update_scan_actions[22m | Roof_Front_Brick8.gltf[39m[0m
2026-10-07T06:22:05.7946142Z [  12% ] [90m[1m_update_scan_actions[22m | Roof_Log.gltf[39m[0m
2026-10-07T06:22:05.7948683Z [  12% ] [90m[1m_update_scan_actions[22m | Roof_RoundTiles_4x4.gltf[39m[0m
2026-10-07T06:22:05.7951423Z [  12% ] [90m[1m_update_scan_actions[22m | Roof_RoundTiles_4x6.gltf[39m[0m
2026-10-07T06:22:05.7954440Z [  12% ] [90m[1m_update_scan_actions[22m | Roof_RoundTiles_4x8.gltf[39m[0m
2026-10-07T06:22:05.7956947Z [  12% ] [90m[1m_update_scan_actions[22m | Roof_RoundTiles_6x4.gltf[39m[0m
2026-10-07T06:22:05.7959953Z [  12% ] [90m[1m_update_scan_actions[22m | Roof_RoundTiles_6x6.gltf[39m[0m
2026-10-07T06:22:05.7963217Z [  12% ] [90m[1m_update_scan_actions[22m | Roof_RoundTiles_6x8.gltf[39m[0m
2026-10-07T06:22:05.7966709Z [  12% ] [90m[1m_update_scan_actions[22m | Roof_RoundTiles_6x10.gltf[39m[0m
2026-10-07T06:22:05.7968741Z [  12% ] [90m[1m_update_scan_actions[22m | Roof_RoundTile_2x1.gltf[39m[0m
2026-10-07T06:22:05.7970816Z [  13% ] [90m[1m_update_scan_actions[22m | Roof_RoundTile_2x1_Long.gltf[39m[0m
2026-10-07T06:22:05.7972542Z [  13% ] [90m[1m_update_scan_actions[22m | Roof_Support2.gltf[39m[0m
2026-10-07T06:22:05.7974432Z [  13% ] [90m[1m_update_scan_actions[22m | Stairs_Exterior_Platform.gltf[39m[0m
2026-10-07T06:22:05.7976239Z [  13% ] [90m[1m_update_scan_actions[22m | Stairs_Exterior_Straight.gltf[39m[0m
2026-10-07T06:22:05.8034636Z [  13% ] [90m[1m_update_scan_actions[22m | T_Brick_BaseColor.png[39m[0m
2026-10-07T06:22:05.8117722Z [  13% ] [90m[1m_update_scan_actions[22m | T_Brick_Normal.png[39m[0m
2026-10-07T06:22:05.8154718Z [  13% ] [90m[1m_update_scan_actions[22m | T_Brick_Roughness.png[39m[0m
2026-10-07T06:22:05.8172301Z [  13% ] [90m[1m_update_scan_actions[22m | T_MetalOrnaments_BaseColor.png[39m[0m
2026-10-07T06:22:05.8177038Z [  13% ] [90m[1m_update_scan_actions[22m | T_MetalOrnaments_Roughness.png[39m[0m
2026-10-07T06:22:05.8252065Z [  13% ] [90m[1m_update_scan_actions[22m | T_Plaster_BaseColor.png[39m[0m
2026-10-07T06:22:05.8338118Z [  13% ] [90m[1m_update_scan_actions[22m | T_Plaster_Normal.png[39m[0m
2026-10-07T06:22:05.8395837Z [  13% ] [90m[1m_update_scan_actions[22m | T_Plaster_ORM.png[39m[0m
2026-10-07T06:22:05.8455322Z [  13% ] [90m[1m_update_scan_actions[22m | T_RedBrick_BaseColor.png[39m[0m
2026-10-07T06:22:05.8506857Z [  13% ] [90m[1m_update_scan_actions[22m | T_RockTrim_BaseColor.png[39m[0m
2026-10-07T06:22:05.8583342Z [  14% ] [90m[1m_update_scan_actions[22m | T_RockTrim_Normal.png[39m[0m
2026-10-07T06:22:05.8631165Z [  14% ] [90m[1m_update_scan_actions[22m | T_RockTrim_ORM.png[39m[0m
2026-10-07T06:22:05.8712885Z [  14% ] [90m[1m_update_scan_actions[22m | T_RoundTiles_BaseColor.png[39m[0m
2026-10-07T06:22:05.8787711Z [  14% ] [90m[1m_update_scan_actions[22m | T_RoundTiles_Normal.png[39m[0m
2026-10-07T06:22:05.8836162Z [  14% ] [90m[1m_update_scan_actions[22m | T_RoundTiles_Roughness.png[39m[0m
2026-10-07T06:22:05.8909491Z [  14% ] [90m[1m_update_scan_actions[22m | T_UnevenBrick_BaseColor.png[39m[0m
2026-10-07T06:22:05.8997634Z [  14% ] [90m[1m_update_scan_actions[22m | T_UnevenBrick_Normal.png[39m[0m
2026-10-07T06:22:05.9049963Z [  14% ] [90m[1m_update_scan_actions[22m | T_UnevenBrick_Roughness.png[39m[0m
2026-10-07T06:22:05.9057198Z [  14% ] [90m[1m_update_scan_actions[22m | T_VineLeaf_png.png[39m[0m
2026-10-07T06:22:05.9119452Z [  14% ] [90m[1m_update_scan_actions[22m | T_WoodTrim_BaseColor.png[39m[0m
2026-10-07T06:22:05.9200565Z [  14% ] [90m[1m_update_scan_actions[22m | T_WoodTrim_Normal.png[39m[0m
2026-10-07T06:22:05.9258453Z [  14% ] [90m[1m_update_scan_actions[22m | T_WoodTrim_Roughness.png[39m[0m
2026-10-07T06:22:05.9260410Z [  14% ] [90m[1m_update_scan_actions[22m | Wall_Arch.gltf[39m[0m
2026-10-07T06:22:05.9262134Z [  14% ] [90m[1m_update_scan_actions[22m | Wall_BottomCover.gltf[39m[0m
2026-10-07T06:22:05.9264067Z [  15% ] [90m[1m_update_scan_actions[22m | Wall_Plaster_Door_Flat.gltf[39m[0m
2026-10-07T06:22:05.9265891Z [  15% ] [90m[1m_update_scan_actions[22m | Wall_Plaster_Straight.gltf[39m[0m
2026-10-07T06:22:05.9267717Z [  15% ] [90m[1m_update_scan_actions[22m | Wall_Plaster_Straight_Base.gltf[39m[0m
2026-10-07T06:22:05.9269516Z [  15% ] [90m[1m_update_scan_actions[22m | Wall_Plaster_Straight_L.gltf[39m[0m
2026-10-07T06:22:05.9271340Z [  15% ] [90m[1m_update_scan_actions[22m | Wall_Plaster_Straight_R.gltf[39m[0m
2026-10-07T06:22:05.9273381Z [  15% ] [90m[1m_update_scan_actions[22m | Wall_Plaster_Window_Thin_Round.gltf[39m[0m
2026-10-07T06:22:05.9275191Z [  15% ] [90m[1m_update_scan_actions[22m | Wall_Plaster_Window_Wide_Flat2.gltf[39m[0m
2026-10-07T06:22:05.9277008Z [  15% ] [90m[1m_update_scan_actions[22m | Wall_Plaster_Window_Wide_Flat.gltf[39m[0m
2026-10-07T06:22:05.9278795Z [  15% ] [90m[1m_update_scan_actions[22m | Wall_Plaster_WoodGrid.gltf[39m[0m
2026-10-07T06:22:05.9280612Z [  15% ] [90m[1m_update_scan_actions[22m | Wall_UnevenBrick_Door_Flat.gltf[39m[0m
2026-10-07T06:22:05.9282395Z [  15% ] [90m[1m_update_scan_actions[22m | Wall_UnevenBrick_Straight.gltf[39m[0m
2026-10-07T06:22:05.9284338Z [  15% ] [90m[1m_update_scan_actions[22m | Wall_UnevenBrick_Window_Wide_Flat.gltf[39m[0m
2026-10-07T06:22:05.9286089Z [  15% ] [90m[1m_update_scan_actions[22m | WindowShutters_Thin_Flat_Open.gltf[39m[0m
2026-10-07T06:22:05.9287879Z [  15% ] [90m[1m_update_scan_actions[22m | WindowShutters_Wide_Flat_Open.gltf[39m[0m
2026-10-07T06:22:05.9289662Z [  16% ] [90m[1m_update_scan_actions[22m | Window_Thin_Flat1.gltf[39m[0m
2026-10-07T06:22:05.9291462Z [  16% ] [90m[1m_update_scan_actions[22m | Window_Wide_Flat1.gltf[39m[0m
2026-10-07T06:22:05.9414236Z [  16% ] [90m[1m_update_scan_actions[22m | alpha_tracker_lod0.glb[39m[0m
2026-10-07T06:22:05.9517598Z [  16% ] [90m[1m_update_scan_actions[22m | alpha_tracker_lod0_texture_0.png[39m[0m
2026-10-07T06:22:05.9629234Z [  16% ] [90m[1m_update_scan_actions[22m | captain_a_lod0.glb[39m[0m
2026-10-07T06:22:05.9709756Z [  16% ] [90m[1m_update_scan_actions[22m | captain_a_lod0_texture_0.png[39m[0m
2026-10-07T06:22:05.9820903Z [  16% ] [90m[1m_update_scan_actions[22m | captain_b_lod0.glb[39m[0m
2026-10-07T06:22:05.9902881Z [  16% ] [90m[1m_update_scan_actions[22m | captain_b_lod0_texture_0.png[39m[0m
2026-10-07T06:22:06.0026661Z [  16% ] [90m[1m_update_scan_actions[22m | courier_lod0.glb[39m[0m
2026-10-07T06:22:06.0132747Z [  16% ] [90m[1m_update_scan_actions[22m | courier_lod0_texture_0.png[39m[0m
2026-10-07T06:22:06.0219831Z [  16% ] [90m[1m_update_scan_actions[22m | craftsperson_cloth_clean.png[39m[0m
2026-10-07T06:22:06.0348138Z [  16% ] [90m[1m_update_scan_actions[22m | craftsperson_lod0.glb[39m[0m
2026-10-07T06:22:06.0457545Z [  16% ] [90m[1m_update_scan_actions[22m | craftsperson_lod0_texture_0.png[39m[0m
2026-10-07T06:22:06.0577924Z [  16% ] [90m[1m_update_scan_actions[22m | creature_caretaker_lod0.glb[39m[0m
2026-10-07T06:22:06.0674784Z [  17% ] [90m[1m_update_scan_actions[22m | creature_caretaker_lod0_texture_0.png[39m[0m
2026-10-07T06:22:06.0783968Z [  17% ] [90m[1m_update_scan_actions[22m | farmer_lod0.glb[39m[0m
2026-10-07T06:22:06.0881144Z [  17% ] [90m[1m_update_scan_actions[22m | farmer_lod0_texture_0.png[39m[0m
2026-10-07T06:22:06.1001742Z [  17% ] [90m[1m_update_scan_actions[22m | field_researcher_lod0.glb[39m[0m
2026-10-07T06:22:06.1102402Z [  17% ] [90m[1m_update_scan_actions[22m | field_researcher_lod0_texture_0.png[39m[0m
2026-10-07T06:22:06.1210616Z [  17% ] [90m[1m_update_scan_actions[22m | former_tether_member_lod0.glb[39m[0m
2026-10-07T06:22:06.1301725Z [  17% ] [90m[1m_update_scan_actions[22m | former_tether_member_lod0_texture_0.png[39m[0m
2026-10-07T06:22:06.1434711Z [  17% ] [90m[1m_update_scan_actions[22m | grandpa_lod0.glb[39m[0m
2026-10-07T06:22:06.1574459Z [  17% ] [90m[1m_update_scan_actions[22m | grandpa_lod0_texture_0.png[39m[0m
2026-10-07T06:22:06.1684204Z [  17% ] [90m[1m_update_scan_actions[22m | grunt_lod0.glb[39m[0m
2026-10-07T06:22:06.1793259Z [  17% ] [90m[1m_update_scan_actions[22m | grunt_lod0_texture_0.png[39m[0m
2026-10-07T06:22:06.1895046Z [  17% ] [90m[1m_update_scan_actions[22m | grunt_a_lod0.glb[39m[0m
2026-10-07T06:22:06.1971222Z [  17% ] [90m[1m_update_scan_actions[22m | grunt_a_lod0_texture_0.png[39m[0m
2026-10-07T06:22:06.2078620Z [  17% ] [90m[1m_update_scan_actions[22m | grunt_b_lod0.glb[39m[0m
2026-10-07T06:22:06.2155693Z [  18% ] [90m[1m_update_scan_actions[22m | grunt_b_lod0_texture_0.png[39m[0m
2026-10-07T06:22:06.2261767Z [  18% ] [90m[1m_update_scan_actions[22m | grunt_c_lod0.glb[39m[0m
2026-10-07T06:22:06.2342348Z [  18% ] [90m[1m_update_scan_actions[22m | grunt_c_lod0_texture_0.png[39m[0m
2026-10-07T06:22:06.2458471Z [  18% ] [90m[1m_update_scan_actions[22m | innkeeper_lod0.glb[39m[0m
2026-10-07T06:22:06.2558366Z [  18% ] [90m[1m_update_scan_actions[22m | innkeeper_lod0_texture_0.png[39m[0m
2026-10-07T06:22:06.2668528Z [  18% ] [90m[1m_update_scan_actions[22m | inn_helper_lod0.glb[39m[0m
2026-10-07T06:22:06.2761859Z [  18% ] [90m[1m_update_scan_actions[22m | inn_helper_lod0_texture_0.png[39m[0m
2026-10-07T06:22:06.2906791Z [  18% ] [90m[1m_update_scan_actions[22m | kael_lod0.glb[39m[0m
2026-10-07T06:22:06.3017364Z [  18% ] [90m[1m_update_scan_actions[22m | kael_lod0_texture_0.png[39m[0m
2026-10-07T06:22:06.3130124Z [  18% ] [90m[1m_update_scan_actions[22m | local_historian_lod0.glb[39m[0m
2026-10-07T06:22:06.3224625Z [  18% ] [90m[1m_update_scan_actions[22m | local_historian_lod0_texture_0.png[39m[0m
2026-10-07T06:22:06.3332730Z [  18% ] [90m[1m_update_scan_actions[22m | lost_traveler_lod0.glb[39m[0m
2026-10-07T06:22:06.3425900Z [  18% ] [90m[1m_update_scan_actions[22m | lost_traveler_lod0_texture_0.png[39m[0m
2026-10-07T06:22:06.3578820Z [  18% ] [90m[1m_update_scan_actions[22m | lyra_lod0.glb[39m[0m
2026-10-07T06:22:06.3693233Z [  19% ] [90m[1m_update_scan_actions[22m | lyra_lod0_texture_0.png[39m[0m
2026-10-07T06:22:06.3801601Z [  19% ] [90m[1m_update_scan_actions[22m | officer_a_lod0.glb[39m[0m
2026-10-07T06:22:06.3880875Z [  19% ] [90m[1m_update_scan_actions[22m | officer_a_lod0_texture_0.png[39m[0m
2026-10-07T06:22:06.3987309Z [  19% ] [90m[1m_update_scan_actions[22m | officer_b_lod0.glb[39m[0m
2026-10-07T06:22:06.4062425Z [  19% ] [90m[1m_update_scan_actions[22m | officer_b_lod0_texture_0.png[39m[0m
2026-10-07T06:22:06.4181628Z [  19% ] [90m[1m_update_scan_actions[22m | rival_trainer_lod0.glb[39m[0m
2026-10-07T06:22:06.4283816Z [  19% ] [90m[1m_update_scan_actions[22m | rival_trainer_lod0_texture_0.png[39m[0m
2026-10-07T06:22:06.4424557Z [  19% ] [90m[1m_update_scan_actions[22m | sera_lod0.glb[39m[0m
2026-10-07T06:22:06.4531317Z [  19% ] [90m[1m_update_scan_actions[22m | sera_lod0_texture_0.png[39m[0m
2026-10-07T06:22:06.4643907Z [  19% ] [90m[1m_update_scan_actions[22m | trader_lod0.glb[39m[0m
2026-10-07T06:22:06.4739093Z [  19% ] [90m[1m_update_scan_actions[22m | trader_lod0_texture_0.png[39m[0m
2026-10-07T06:22:06.4871400Z [  19% ] [90m[1m_update_scan_actions[22m | trainer_lod0.glb[39m[0m
2026-10-07T06:22:06.5011630Z [  19% ] [90m[1m_update_scan_actions[22m | trainer_lod0_texture_0.png[39m[0m
2026-10-07T06:22:06.5135524Z [  20% ] [90m[1m_update_scan_actions[22m | trainer_teal_accent.png[39m[0m
2026-10-07T06:22:06.5255166Z [  20% ] [90m[1m_update_scan_actions[22m | villager_female_lod0.glb[39m[0m
2026-10-07T06:22:06.5288001Z [  20% ] [90m[1m_update_scan_actions[22m | villager_female_lod0_hair_mask.png[39m[0m
2026-10-07T06:22:06.5329180Z [  20% ] [90m[1m_update_scan_actions[22m | villager_female_lod0_shins_tex.png[39m[0m
2026-10-07T06:22:06.5453037Z [  20% ] [90m[1m_update_scan_actions[22m | villager_female_lod0_texture_0.png[39m[0m
2026-10-07T06:22:06.5586182Z [  20% ] [90m[1m_update_scan_actions[22m | villager_male_lod0.glb[39m[0m
2026-10-07T06:22:06.5617345Z [  20% ] [90m[1m_update_scan_actions[22m | villager_male_lod0_hair_mask.png[39m[0m
2026-10-07T06:22:06.5740681Z [  20% ] [90m[1m_update_scan_actions[22m | villager_male_lod0_texture_0.png[39m[0m
2026-10-07T06:22:06.5796286Z [  20% ] [90m[1m_update_scan_actions[22m | villager_male_lod0_trousers_tex.png[39m[0m
2026-10-07T06:22:06.5916450Z [  20% ] [90m[1m_update_scan_actions[22m | wandering_trainer_lod0.glb[39m[0m
2026-10-07T06:22:06.6045031Z [  20% ] [90m[1m_update_scan_actions[22m | wandering_trainer_lod0_texture_0.png[39m[0m
2026-10-07T06:22:06.6170030Z [  20% ] [90m[1m_update_scan_actions[22m | warden_lod0.glb[39m[0m
2026-10-07T06:22:06.6298495Z [  20% ] [90m[1m_update_scan_actions[22m | warden_lod0_texture_0.png[39m[0m
2026-10-07T06:22:06.6419911Z [  20% ] [90m[1m_update_scan_actions[22m | young_trainer_lod0.glb[39m[0m
2026-10-07T06:22:06.6522647Z [  21% ] [90m[1m_update_scan_actions[22m | young_trainer_lod0_texture_0.png[39m[0m
2026-10-07T06:22:06.6533670Z [  21% ] [90m[1m_update_scan_actions[22m | Ranger.glb[39m[0m
2026-10-07T06:22:06.6544605Z [  21% ] [90m[1m_update_scan_actions[22m | Ranger_ranger_texture.png[39m[0m
2026-10-07T06:22:06.6560836Z [  21% ] [90m[1m_update_scan_actions[22m | Rig_Medium_General.glb[39m[0m
2026-10-07T06:22:06.6574653Z [  21% ] [90m[1m_update_scan_actions[22m | Rig_Medium_MovementBasic.glb[39m[0m
2026-10-07T06:22:06.6615181Z [  21% ] [90m[1m_update_scan_actions[22m | bruno-the-bear.glb[39m[0m
2026-10-07T06:22:06.6638067Z [  21% ] [90m[1m_update_scan_actions[22m | bruno-the-bear_0.png[39m[0m
2026-10-07T06:22:06.6645972Z [  21% ] [90m[1m_update_scan_actions[22m | bruno-the-bear_1.png[39m[0m
2026-10-07T06:22:06.6649457Z [  21% ] [90m[1m_update_scan_actions[22m | bruno-the-bear_2.png[39m[0m
2026-10-07T06:22:06.6652667Z [  21% ] [90m[1m_update_scan_actions[22m | bruno-the-bear_3.png[39m[0m
2026-10-07T06:22:06.6656306Z [  21% ] [90m[1m_update_scan_actions[22m | bruno-the-bear_4.png[39m[0m
2026-10-07T06:22:06.6695247Z [  21% ] [90m[1m_update_scan_actions[22m | ernie-the-duck.glb[39m[0m
2026-10-07T06:22:06.6719052Z [  21% ] [90m[1m_update_scan_actions[22m | ernie-the-duck_0.png[39m[0m
2026-10-07T06:22:06.6726896Z [  21% ] [90m[1m_update_scan_actions[22m | ernie-the-duck_1.png[39m[0m
2026-10-07T06:22:06.6730216Z [  22% ] [90m[1m_update_scan_actions[22m | ernie-the-duck_2.png[39m[0m
2026-10-07T06:22:06.6733899Z [  22% ] [90m[1m_update_scan_actions[22m | ernie-the-duck_3.png[39m[0m
2026-10-07T06:22:06.6737684Z [  22% ] [90m[1m_update_scan_actions[22m | ernie-the-duck_4.png[39m[0m
2026-10-07T06:22:06.6779078Z [  22% ] [90m[1m_update_scan_actions[22m | ollie-the-songbird.glb[39m[0m
2026-10-07T06:22:06.6804597Z [  22% ] [90m[1m_update_scan_actions[22m | ollie-the-songbird_0.png[39m[0m
2026-10-07T06:22:06.6813089Z [  22% ] [90m[1m_update_scan_actions[22m | ollie-the-songbird_1.png[39m[0m
2026-10-07T06:22:06.6816636Z [  22% ] [90m[1m_update_scan_actions[22m | ollie-the-songbird_2.png[39m[0m
2026-10-07T06:22:06.6820159Z [  22% ] [90m[1m_update_scan_actions[22m | ollie-the-songbird_3.png[39m[0m
2026-10-07T06:22:06.6824085Z [  22% ] [90m[1m_update_scan_actions[22m | ollie-the-songbird_4.png[39m[0m
2026-10-07T06:22:06.6986599Z [  22% ] [90m[1m_update_scan_actions[22m | abyssal_guardian_extracted_base_color.png[39m[0m
2026-10-07T06:22:06.7013329Z [  22% ] [90m[1m_update_scan_actions[22m | abyssal_guardian_extracted_base_color_vivid.png[39m[0m
2026-10-07T06:22:06.7149798Z [  22% ] [90m[1m_update_scan_actions[22m | creature_abyssal_guardian_lod0.glb[39m[0m
2026-10-07T06:22:06.7240274Z [  22% ] [90m[1m_update_scan_actions[22m | creature_abyssal_guardian_lod0_Image_0.jpg[39m[0m
2026-10-07T06:22:06.7299194Z [  22% ] [90m[1m_update_scan_actions[22m | creature_abyssal_guardian_lod0_Image_1.jpg[39m[0m
2026-10-07T06:22:06.7374051Z [  23% ] [90m[1m_update_scan_actions[22m | creature_abyssal_guardian_lod0_Image_2.jpg[39m[0m
2026-10-07T06:22:06.7398432Z [  23% ] [90m[1m_update_scan_actions[22m | aeriex_extracted_base_color_vivid.png[39m[0m
2026-10-07T06:22:06.7504131Z [  23% ] [90m[1m_update_scan_actions[22m | creature_aeriex_lod0.glb[39m[0m
2026-10-07T06:22:06.7575234Z [  23% ] [90m[1m_update_scan_actions[22m | creature_aeriex_lod0_Image_0.jpg[39m[0m
2026-10-07T06:22:06.7603511Z [  23% ] [90m[1m_update_scan_actions[22m | aquaryn_extracted_base_color_shiny.png[39m[0m
2026-10-07T06:22:06.7630345Z [  23% ] [90m[1m_update_scan_actions[22m | aquaryn_extracted_base_color_vivid.png[39m[0m
2026-10-07T06:22:06.7734088Z [  23% ] [90m[1m_update_scan_actions[22m | creature_aquaryn_lod0.glb[39m[0m
2026-10-07T06:22:06.7808317Z [  23% ] [90m[1m_update_scan_actions[22m | creature_aquaryn_lod0_Image_0.jpg[39m[0m
2026-10-07T06:22:06.7809300Z [  23% ] [90m[1m_update_scan_actions[22m | bramblebun_extracted_base_color.png[39m[0m
2026-10-07T06:22:06.7837602Z [  23% ] [90m[1m_update_scan_actions[22m | bramblebun_extracted_base_color_shiny.png[39m[0m
2026-10-07T06:22:06.7865873Z [  23% ] [90m[1m_update_scan_actions[22m | bramblebun_extracted_base_color_vivid.png[39m[0m
2026-10-07T06:22:06.7866804Z [  23% ] [90m[1m_update_scan_actions[22m | bramblebun_extracted_emissive.png[39m[0m
2026-10-07T06:22:06.7879107Z [  23% ] [90m[1m_update_scan_actions[22m | bramblebun_extracted_emissive_shiny.png[39m[0m
2026-10-07T06:22:06.7890316Z [  23% ] [90m[1m_update_scan_actions[22m | bramblebun_extracted_emissive_vivid.png[39m[0m
2026-10-07T06:22:06.8002265Z [  24% ] [90m[1m_update_scan_actions[22m | creature_bramblebun_lod0.glb[39m[0m
2026-10-07T06:22:06.8080114Z [  24% ] [90m[1m_update_scan_actions[22m | creature_bramblebun_lod0_base_color.jpg[39m[0m
2026-10-07T06:22:06.8118868Z [  24% ] [90m[1m_update_scan_actions[22m | creature_bramblebun_lod0_emissive.jpg[39m[0m
2026-10-07T06:22:06.8172703Z [  24% ] [90m[1m_update_scan_actions[22m | creature_bramblebun_lod0_metallic_roughness.jpg[39m[0m
2026-10-07T06:22:06.8272665Z [  24% ] [90m[1m_update_scan_actions[22m | creature_bramblebun_lod0_normal.jpg[39m[0m
2026-10-07T06:22:06.8416185Z [  24% ] [90m[1m_update_scan_actions[22m | bramblebun_redesign_extracted_base_color.png[39m[0m
2026-10-07T06:22:06.8438763Z [  24% ] [90m[1m_update_scan_actions[22m | bramblebun_redesign_extracted_base_color_vivid.png[39m[0m
2026-10-07T06:22:06.8590307Z [  24% ] [90m[1m_update_scan_actions[22m | creature_bramblebun_redesign_lod0.glb[39m[0m
2026-10-07T06:22:06.8673245Z [  24% ] [90m[1m_update_scan_actions[22m | creature_bramblebun_redesign_lod0_base_color.jpg[39m[0m
2026-10-07T06:22:06.8731440Z [  24% ] [90m[1m_update_scan_actions[22m | creature_bramblebun_redesign_lod0_metallic_roughness.jpg[39m[0m
2026-10-07T06:22:06.8800396Z [  24% ] [90m[1m_update_scan_actions[22m | creature_bramblebun_redesign_lod0_normal.jpg[39m[0m
2026-10-07T06:22:06.8831347Z [  24% ] [90m[1m_update_scan_actions[22m | breezetail_extracted_base_color_shiny.png[39m[0m
2026-10-07T06:22:06.8859234Z [  24% ] [90m[1m_update_scan_actions[22m | breezetail_extracted_base_color_vivid.png[39m[0m
2026-10-07T06:22:06.8944720Z [  24% ] [90m[1m_update_scan_actions[22m | creature_breezetail_lod0.glb[39m[0m
2026-10-07T06:22:06.9013482Z [  25% ] [90m[1m_update_scan_actions[22m | creature_breezetail_lod0_Image_0.jpg[39m[0m
2026-10-07T06:22:06.9166398Z [  25% ] [90m[1m_update_scan_actions[22m | creature_brooktail_lod0.glb[39m[0m
2026-10-07T06:22:06.9279007Z [  25% ] [90m[1m_update_scan_actions[22m | creature_brooktail_lod0_base_color.png[39m[0m
2026-10-07T06:22:06.9305193Z [  25% ] [90m[1m_update_scan_actions[22m | creature_brooktail_lod0_base_color_shiny.png[39m[0m
2026-10-07T06:22:06.9329793Z [  25% ] [90m[1m_update_scan_actions[22m | creature_brooktail_lod0_base_color_vivid.png[39m[0m
2026-10-07T06:22:06.9332007Z [  25% ] [90m[1m_update_scan_actions[22m | creature_brooktail_lod0_emissive.png[39m[0m
2026-10-07T06:22:06.9334290Z [  25% ] [90m[1m_update_scan_actions[22m | creature_brooktail_lod0_emissive_shiny.png[39m[0m
2026-10-07T06:22:06.9336410Z [  25% ] [90m[1m_update_scan_actions[22m | creature_brooktail_lod0_emissive_vivid.png[39m[0m
2026-10-07T06:22:06.9397247Z [  25% ] [90m[1m_update_scan_actions[22m | creature_brooktail_lod0_metallic_roughness.png[39m[0m
2026-10-07T06:22:06.9460667Z [  25% ] [90m[1m_update_scan_actions[22m | creature_brooktail_lod0_normal.jpg[39m[0m
2026-10-07T06:22:06.9613246Z [  25% ] [90m[1m_update_scan_actions[22m | creature_burrowback_lod0.glb[39m[0m
2026-10-07T06:22:06.9712214Z [  25% ] [90m[1m_update_scan_actions[22m | creature_burrowback_lod0_base_color.png[39m[0m
2026-10-07T06:22:06.9735575Z [  25% ] [90m[1m_update_scan_actions[22m | creature_burrowback_lod0_base_color_alpha.png[39m[0m
2026-10-07T06:22:06.9759430Z [  25% ] [90m[1m_update_scan_actions[22m | creature_burrowback_lod0_base_color_nightburrow.png[39m[0m
2026-10-07T06:22:06.9780900Z [  26% ] [90m[1m_update_scan_actions[22m | creature_burrowback_lod0_base_color_shiny.png[39m[0m
2026-10-07T06:22:06.9804690Z [  26% ] [90m[1m_update_scan_actions[22m | creature_burrowback_lod0_base_color_vivid.png[39m[0m
2026-10-07T06:22:06.9806740Z [  26% ] [90m[1m_update_scan_actions[22m | creature_burrowback_lod0_emissive.png[39m[0m
2026-10-07T06:22:06.9808957Z [  26% ] [90m[1m_update_scan_actions[22m | creature_burrowback_lod0_emissive_alpha.png[39m[0m
2026-10-07T06:22:06.9819905Z [  26% ] [90m[1m_update_scan_actions[22m | creature_burrowback_lod0_emissive_nightburrow.png[39m[0m
2026-10-07T06:22:06.9822152Z [  26% ] [90m[1m_update_scan_actions[22m | creature_burrowback_lod0_emissive_shiny.png[39m[0m
2026-10-07T06:22:06.9824406Z [  26% ] [90m[1m_update_scan_actions[22m | creature_burrowback_lod0_emissive_vivid.png[39m[0m
2026-10-07T06:22:06.9889925Z [  26% ] [90m[1m_update_scan_actions[22m | creature_burrowback_lod0_metallic_roughness.png[39m[0m
2026-10-07T06:22:06.9952524Z [  26% ] [90m[1m_update_scan_actions[22m | creature_burrowback_lod0_normal.jpg[39m[0m
2026-10-07T06:22:06.9983702Z [  26% ] [90m[1m_update_scan_actions[22m | cannonback_extracted_base_color_shiny.png[39m[0m
2026-10-07T06:22:07.0011747Z [  26% ] [90m[1m_update_scan_actions[22m | cannonback_extracted_base_color_vivid.png[39m[0m
2026-10-07T06:22:07.0104969Z [  26% ] [90m[1m_update_scan_actions[22m | creature_cannonback_lod0.glb[39m[0m
2026-10-07T06:22:07.0177327Z [  26% ] [90m[1m_update_scan_actions[22m | creature_cannonback_lod0_Image_0.jpg[39m[0m
2026-10-07T06:22:07.0291976Z [  26% ] [90m[1m_update_scan_actions[22m | creature_cindercub_lod0.glb[39m[0m
2026-10-07T06:22:07.0362115Z [  27% ] [90m[1m_update_scan_actions[22m | creature_cindercub_lod0_base_color.jpg[39m[0m
2026-10-07T06:22:07.0412483Z [  27% ] [90m[1m_update_scan_actions[22m | creature_cindercub_lod0_metallic_roughness.jpg[39m[0m
2026-10-07T06:22:07.0471091Z [  27% ] [90m[1m_update_scan_actions[22m | creature_cindercub_lod0_normal.jpg[39m[0m
2026-10-07T06:22:07.0506508Z [  27% ] [90m[1m_update_scan_actions[22m | cliffspike_extracted_base_color_shiny.png[39m[0m
2026-10-07T06:22:07.0538828Z [  27% ] [90m[1m_update_scan_actions[22m | cliffspike_extracted_base_color_vivid.png[39m[0m
2026-10-07T06:22:07.0659928Z [  27% ] [90m[1m_update_scan_actions[22m | creature_cliffspike_lod0.glb[39m[0m
2026-10-07T06:22:07.0739716Z [  27% ] [90m[1m_update_scan_actions[22m | creature_cliffspike_lod0_Image_0.jpg[39m[0m
2026-10-07T06:22:07.0761116Z [  27% ] [90m[1m_update_scan_actions[22m | cloudfang_extracted_base_color_shiny.png[39m[0m
2026-10-07T06:22:07.0784182Z [  27% ] [90m[1m_update_scan_actions[22m | cloudfang_extracted_base_color_vivid.png[39m[0m
2026-10-07T06:22:07.0880027Z [  27% ] [90m[1m_update_scan_actions[22m | creature_cloudfang_lod0.glb[39m[0m
2026-10-07T06:22:07.0945872Z [  27% ] [90m[1m_update_scan_actions[22m | creature_cloudfang_lod0_Image_0.jpg[39m[0m
2026-10-07T06:22:07.0946712Z [  27% ] [90m[1m_update_scan_actions[22m | cragclaw_extracted_base_color.png[39m[0m
2026-10-07T06:22:07.0973383Z [  27% ] [90m[1m_update_scan_actions[22m | cragclaw_extracted_base_color_vivid.png[39m[0m
2026-10-07T06:22:07.1066368Z [  27% ] [90m[1m_update_scan_actions[22m | creature_cragclaw_lod0.glb[39m[0m
2026-10-07T06:22:07.1137093Z [  28% ] [90m[1m_update_scan_actions[22m | creature_cragclaw_lod0_Image_0.jpg[39m[0m
2026-10-07T06:22:07.1161282Z [  28% ] [90m[1m_update_scan_actions[22m | craghorn_extracted_base_color_vivid.png[39m[0m
2026-10-07T06:22:07.1242062Z [  28% ] [90m[1m_update_scan_actions[22m | creature_craghorn_lod0.glb[39m[0m
2026-10-07T06:22:07.1305284Z [  28% ] [90m[1m_update_scan_actions[22m | creature_craghorn_lod0_Image_0.jpg[39m[0m
2026-10-07T06:22:07.1474980Z [  28% ] [90m[1m_update_scan_actions[22m | creature_duskhush_lod0.glb[39m[0m
2026-10-07T06:22:07.1593810Z [  28% ] [90m[1m_update_scan_actions[22m | creature_duskhush_lod0_base_color.png[39m[0m
2026-10-07T06:22:07.1623389Z [  28% ] [90m[1m_update_scan_actions[22m | creature_duskhush_lod0_base_color_shiny.png[39m[0m
2026-10-07T06:22:07.1650269Z [  28% ] [90m[1m_update_scan_actions[22m | creature_duskhush_lod0_base_color_vivid.png[39m[0m
2026-10-07T06:22:07.1652346Z [  28% ] [90m[1m_update_scan_actions[22m | creature_duskhush_lod0_emissive.png[39m[0m
2026-10-07T06:22:07.1654334Z [  28% ] [90m[1m_update_scan_actions[22m | creature_duskhush_lod0_emissive_shiny.png[39m[0m
2026-10-07T06:22:07.1656341Z [  28% ] [90m[1m_update_scan_actions[22m | creature_duskhush_lod0_emissive_vivid.png[39m[0m
2026-10-07T06:22:07.1723218Z [  28% ] [90m[1m_update_scan_actions[22m | creature_duskhush_lod0_metallic_roughness.png[39m[0m
2026-10-07T06:22:07.1788877Z [  28% ] [90m[1m_update_scan_actions[22m | creature_duskhush_lod0_normal.jpg[39m[0m
2026-10-07T06:22:07.1918578Z [  28% ] [90m[1m_update_scan_actions[22m | creature_frostclaw_lod0.glb[39m[0m
2026-10-07T06:22:07.1995146Z [  29% ] [90m[1m_update_scan_actions[22m | creature_frostclaw_lod0_base_color.jpg[39m[0m
2026-10-07T06:22:07.2045853Z [  29% ] [90m[1m_update_scan_actions[22m | creature_frostclaw_lod0_metallic_roughness.jpg[39m[0m
2026-10-07T06:22:07.2112037Z [  29% ] [90m[1m_update_scan_actions[22m | creature_frostclaw_lod0_normal.jpg[39m[0m
2026-10-07T06:22:07.2197319Z [  29% ] [90m[1m_update_scan_actions[22m | creature_fulgocobra_lod0.glb[39m[0m
2026-10-07T06:22:07.2267029Z [  29% ] [90m[1m_update_scan_actions[22m | creature_fulgocobra_lod0_Image_0.jpg[39m[0m
2026-10-07T06:22:07.2294674Z [  29% ] [90m[1m_update_scan_actions[22m | fulgocobra_extracted_base_color_shiny.png[39m[0m
2026-10-07T06:22:07.2320237Z [  29% ] [90m[1m_update_scan_actions[22m | fulgocobra_extracted_base_color_vivid.png[39m[0m
2026-10-07T06:22:07.2420917Z [  29% ] [90m[1m_update_scan_actions[22m | creature_galecrest_lod0.glb[39m[0m
2026-10-07T06:22:07.2504900Z [  29% ] [90m[1m_update_scan_actions[22m | creature_galecrest_lod0_Image_0.jpg[39m[0m
2026-10-07T06:22:07.2604131Z [  29% ] [90m[1m_update_scan_actions[22m | galecrest_extracted_base_color_alpha.png[39m[0m
2026-10-07T06:22:07.2700118Z [  29% ] [90m[1m_update_scan_actions[22m | galecrest_extracted_base_color_shiny.png[39m[0m
2026-10-07T06:22:07.2808356Z [  29% ] [90m[1m_update_scan_actions[22m | galecrest_extracted_base_color_vivid.png[39m[0m
2026-10-07T06:22:07.2950308Z [  29% ] [90m[1m_update_scan_actions[22m | creature_galewisp_lod0.glb[39m[0m
2026-10-07T06:22:07.3026982Z [  30% ] [90m[1m_update_scan_actions[22m | creature_galewisp_lod0_base_color.jpg[39m[0m
2026-10-07T06:22:07.3138385Z [  30% ] [90m[1m_update_scan_actions[22m | creature_galewisp_lod0_base_color.png[39m[0m
2026-10-07T06:22:07.3164597Z [  30% ] [90m[1m_update_scan_actions[22m | creature_galewisp_lod0_base_color_shiny.png[39m[0m
2026-10-07T06:22:07.3223379Z [  30% ] [90m[1m_update_scan_actions[22m | creature_galewisp_lod0_base_color_vivid.png[39m[0m
2026-10-07T06:22:07.3261206Z [  30% ] [90m[1m_update_scan_actions[22m | creature_galewisp_lod0_emissive.jpg[39m[0m
2026-10-07T06:22:07.3263331Z [  30% ] [90m[1m_update_scan_actions[22m | creature_galewisp_lod0_emissive.png[39m[0m
2026-10-07T06:22:07.3265121Z [  30% ] [90m[1m_update_scan_actions[22m | creature_galewisp_lod0_emissive_shiny.png[39m[0m
2026-10-07T06:22:07.3267019Z [  30% ] [90m[1m_update_scan_actions[22m | creature_galewisp_lod0_emissive_vivid.png[39m[0m
2026-10-07T06:22:07.3314876Z [  30% ] [90m[1m_update_scan_actions[22m | creature_galewisp_lod0_metallic_roughness.png[39m[0m
2026-10-07T06:22:07.3377693Z [  30% ] [90m[1m_update_scan_actions[22m | creature_galewisp_lod0_normal.jpg[39m[0m
2026-10-07T06:22:07.3472644Z [  30% ] [90m[1m_update_scan_actions[22m | creature_glimmermoth_lod0.glb[39m[0m
2026-10-07T06:22:07.3547862Z [  30% ] [90m[1m_update_scan_actions[22m | creature_glimmermoth_lod0_Image_0.jpg[39m[0m
2026-10-07T06:22:07.3575181Z [  30% ] [90m[1m_update_scan_actions[22m | glimmermoth_extracted_base_color_vivid.png[39m[0m
2026-10-07T06:22:07.3657272Z [  30% ] [90m[1m_update_scan_actions[22m | creature_mangrove_monitor_lod0.glb[39m[0m
2026-10-07T06:22:07.3723566Z [  31% ] [90m[1m_update_scan_actions[22m | creature_mangrove_monitor_lod0_Image_0.jpg[39m[0m
2026-10-07T06:22:07.3724407Z [  31% ] [90m[1m_update_scan_actions[22m | mangrove_monitor_extracted_base_color.png[39m[0m
2026-10-07T06:22:07.3749739Z [  31% ] [90m[1m_update_scan_actions[22m | mangrove_monitor_extracted_base_color_vivid.png[39m[0m
2026-10-07T06:22:07.3894427Z [  31% ] [90m[1m_update_scan_actions[22m | creature_meadowhart_lod0.glb[39m[0m
2026-10-07T06:22:07.4002017Z [  31% ] [90m[1m_update_scan_actions[22m | creature_meadowhart_lod0_base_color.png[39m[0m
2026-10-07T06:22:07.4026440Z [  31% ] [90m[1m_update_scan_actions[22m | creature_meadowhart_lod0_base_color_shiny.png[39m[0m
2026-10-07T06:22:07.4051666Z [  31% ] [90m[1m_update_scan_actions[22m | creature_meadowhart_lod0_base_color_vivid.png[39m[0m
2026-10-07T06:22:07.4053722Z [  31% ] [90m[1m_update_scan_actions[22m | creature_meadowhart_lod0_emissive.png[39m[0m
2026-10-07T06:22:07.4055515Z [  31% ] [90m[1m_update_scan_actions[22m | creature_meadowhart_lod0_emissive_shiny.png[39m[0m
2026-10-07T06:22:07.4057410Z [  31% ] [90m[1m_update_scan_actions[22m | creature_meadowhart_lod0_emissive_vivid.png[39m[0m
2026-10-07T06:22:07.4119395Z [  31% ] [90m[1m_update_scan_actions[22m | creature_meadowhart_lod0_metallic_roughness.png[39m[0m
2026-10-07T06:22:07.4182535Z [  31% ] [90m[1m_update_scan_actions[22m | creature_meadowhart_lod0_normal.jpg[39m[0m
2026-10-07T06:22:07.4303444Z [  31% ] [90m[1m_update_scan_actions[22m | creature_meadowhart_bare_lod0.glb[39m[0m
2026-10-07T06:22:07.4375882Z [  31% ] [90m[1m_update_scan_actions[22m | creature_meadowhart_bare_lod0_Image_0.jpg[39m[0m
2026-10-07T06:22:07.4463345Z [  32% ] [90m[1m_update_scan_actions[22m | creature_meadowhart_bare_lod0_normal.png[39m[0m
2026-10-07T06:22:07.4545959Z [  32% ] [90m[1m_update_scan_actions[22m | meadowhart_bare_extracted_base_color_shiny.png[39m[0m
2026-10-07T06:22:07.4642323Z [  32% ] [90m[1m_update_scan_actions[22m | creature_mirejaw_lod0.glb[39m[0m
2026-10-07T06:22:07.4708454Z [  32% ] [90m[1m_update_scan_actions[22m | creature_mirejaw_lod0_Image_0.jpg[39m[0m
2026-10-07T06:22:07.4709337Z [  32% ] [90m[1m_update_scan_actions[22m | mirejaw_extracted_base_color.png[39m[0m
2026-10-07T06:22:07.4734445Z [  32% ] [90m[1m_update_scan_actions[22m | mirejaw_extracted_base_color_shiny.png[39m[0m
2026-10-07T06:22:07.4759263Z [  32% ] [90m[1m_update_scan_actions[22m | mirejaw_extracted_base_color_vivid.png[39m[0m
2026-10-07T06:22:07.4950577Z [  32% ] [90m[1m_update_scan_actions[22m | creature_mosshell_lod0.glb[39m[0m
2026-10-07T06:22:07.5085964Z [  32% ] [90m[1m_update_scan_actions[22m | creature_mosshell_lod0_base_color.png[39m[0m
2026-10-07T06:22:07.5114023Z [  32% ] [90m[1m_update_scan_actions[22m | creature_mosshell_lod0_base_color_shiny.png[39m[0m
2026-10-07T06:22:07.5145454Z [  32% ] [90m[1m_update_scan_actions[22m | creature_mosshell_lod0_base_color_vivid.png[39m[0m
2026-10-07T06:22:07.5147510Z [  32% ] [90m[1m_update_scan_actions[22m | creature_mosshell_lod0_emissive.png[39m[0m
2026-10-07T06:22:07.5149580Z [  32% ] [90m[1m_update_scan_actions[22m | creature_mosshell_lod0_emissive_shiny.png[39m[0m
2026-10-07T06:22:07.5151583Z [  32% ] [90m[1m_update_scan_actions[22m | creature_mosshell_lod0_emissive_vivid.png[39m[0m
2026-10-07T06:22:07.5224805Z [  33% ] [90m[1m_update_scan_actions[22m | creature_mosshell_lod0_metallic_roughness.png[39m[0m
2026-10-07T06:22:07.5296376Z [  33% ] [90m[1m_update_scan_actions[22m | creature_mosshell_lod0_normal.jpg[39m[0m
2026-10-07T06:22:07.5390793Z [  33% ] [90m[1m_update_scan_actions[22m | creature_mosshock_lod0.glb[39m[0m
2026-10-07T06:22:07.5465111Z [  33% ] [90m[1m_update_scan_actions[22m | creature_mosshock_lod0_Image_0.jpg[39m[0m
2026-10-07T06:22:07.5489928Z [  33% ] [90m[1m_update_scan_actions[22m | mosshock_extracted_base_color_vivid.png[39m[0m
2026-10-07T06:22:07.5599632Z [  33% ] [90m[1m_update_scan_actions[22m | creature_mudsnout_lod0.glb[39m[0m
2026-10-07T06:22:07.5675934Z [  33% ] [90m[1m_update_scan_actions[22m | creature_mudsnout_lod0_base_color.jpg[39m[0m
2026-10-07T06:22:07.5713920Z [  33% ] [90m[1m_update_scan_actions[22m | creature_mudsnout_lod0_emissive.jpg[39m[0m
2026-10-07T06:22:07.5766632Z [  33% ] [90m[1m_update_scan_actions[22m | creature_mudsnout_lod0_metallic_roughness.jpg[39m[0m
2026-10-07T06:22:07.5865144Z [  33% ] [90m[1m_update_scan_actions[22m | creature_mudsnout_lod0_normal.jpg[39m[0m
2026-10-07T06:22:07.5866194Z [  33% ] [90m[1m_update_scan_actions[22m | mudsnout_extracted_base_color.png[39m[0m
2026-10-07T06:22:07.5891651Z [  33% ] [90m[1m_update_scan_actions[22m | mudsnout_extracted_base_color_shiny.png[39m[0m
2026-10-07T06:22:07.5912679Z [  33% ] [90m[1m_update_scan_actions[22m | mudsnout_extracted_base_color_vivid.png[39m[0m
2026-10-07T06:22:07.5913765Z [  33% ] [90m[1m_update_scan_actions[22m | mudsnout_extracted_emissive.png[39m[0m
2026-10-07T06:22:07.5923915Z [  34% ] [90m[1m_update_scan_actions[22m | mudsnout_extracted_emissive_shiny.png[39m[0m
2026-10-07T06:22:07.5933914Z [  34% ] [90m[1m_update_scan_actions[22m | mudsnout_extracted_emissive_vivid.png[39m[0m
2026-10-07T06:22:07.6097871Z [  34% ] [90m[1m_update_scan_actions[22m | creature_paddlenewt_lod0.glb[39m[0m
2026-10-07T06:22:07.6215394Z [  34% ] [90m[1m_update_scan_actions[22m | creature_paddlenewt_lod0_base_color.png[39m[0m
2026-10-07T06:22:07.6242751Z [  34% ] [90m[1m_update_scan_actions[22m | creature_paddlenewt_lod0_base_color_riftfrill.png[39m[0m
2026-10-07T06:22:07.6272072Z [  34% ] [90m[1m_update_scan_actions[22m | creature_paddlenewt_lod0_base_color_shiny.png[39m[0m
2026-10-07T06:22:07.6297909Z [  34% ] [90m[1m_update_scan_actions[22m | creature_paddlenewt_lod0_base_color_vivid.png[39m[0m
2026-10-07T06:22:07.6299949Z [  34% ] [90m[1m_update_scan_actions[22m | creature_paddlenewt_lod0_emissive.png[39m[0m
2026-10-07T06:22:07.6312305Z [  34% ] [90m[1m_update_scan_actions[22m | creature_paddlenewt_lod0_emissive_riftfrill.png[39m[0m
2026-10-07T06:22:07.6314876Z [  34% ] [90m[1m_update_scan_actions[22m | creature_paddlenewt_lod0_emissive_shiny.png[39m[0m
2026-10-07T06:22:07.6316769Z [  34% ] [90m[1m_update_scan_actions[22m | creature_paddlenewt_lod0_emissive_vivid.png[39m[0m
2026-10-07T06:22:07.6382855Z [  34% ] [90m[1m_update_scan_actions[22m | creature_paddlenewt_lod0_metallic_roughness.png[39m[0m
2026-10-07T06:22:07.6446062Z [  34% ] [90m[1m_update_scan_actions[22m | creature_paddlenewt_lod0_normal.jpg[39m[0m
2026-10-07T06:22:07.6539323Z [  34% ] [90m[1m_update_scan_actions[22m | creature_pebbik_lod0.glb[39m[0m
2026-10-07T06:22:07.6610022Z [  35% ] [90m[1m_update_scan_actions[22m | creature_pebbik_lod0_Image_0.jpg[39m[0m
2026-10-07T06:22:07.6639171Z [  35% ] [90m[1m_update_scan_actions[22m | pebbik_extracted_base_color_shiny.png[39m[0m
2026-10-07T06:22:07.6666279Z [  35% ] [90m[1m_update_scan_actions[22m | pebbik_extracted_base_color_vivid.png[39m[0m
2026-10-07T06:22:07.6816859Z [  35% ] [90m[1m_update_scan_actions[22m | creature_pipwing_lod0.glb[39m[0m
2026-10-07T06:22:07.6928419Z [  35% ] [90m[1m_update_scan_actions[22m | creature_pipwing_lod0_base_color.png[39m[0m
2026-10-07T06:22:07.6955505Z [  35% ] [90m[1m_update_scan_actions[22m | creature_pipwing_lod0_base_color_shiny.png[39m[0m
2026-10-07T06:22:07.6979638Z [  35% ] [90m[1m_update_scan_actions[22m | creature_pipwing_lod0_base_color_vivid.png[39m[0m
2026-10-07T06:22:07.6981732Z [  35% ] [90m[1m_update_scan_actions[22m | creature_pipwing_lod0_emissive.png[39m[0m
2026-10-07T06:22:07.6983815Z [  35% ] [90m[1m_update_scan_actions[22m | creature_pipwing_lod0_emissive_shiny.png[39m[0m
2026-10-07T06:22:07.6985856Z [  35% ] [90m[1m_update_scan_actions[22m | creature_pipwing_lod0_emissive_vivid.png[39m[0m
2026-10-07T06:22:07.7046205Z [  35% ] [90m[1m_update_scan_actions[22m | creature_pipwing_lod0_metallic_roughness.png[39m[0m
2026-10-07T06:22:07.7107363Z [  35% ] [90m[1m_update_scan_actions[22m | creature_pipwing_lod0_normal.jpg[39m[0m
2026-10-07T06:22:07.7270964Z [  35% ] [90m[1m_update_scan_actions[22m | creature_reedwing_lod0.glb[39m[0m
2026-10-07T06:22:07.7388554Z [  35% ] [90m[1m_update_scan_actions[22m | creature_reedwing_lod0_base_color.png[39m[0m
2026-10-07T06:22:07.7413394Z [  36% ] [90m[1m_update_scan_actions[22m | creature_reedwing_lod0_base_color_shiny.png[39m[0m
2026-10-07T06:22:07.7439699Z [  36% ] [90m[1m_update_scan_actions[22m | creature_reedwing_lod0_base_color_vivid.png[39m[0m
2026-10-07T06:22:07.7441725Z [  36% ] [90m[1m_update_scan_actions[22m | creature_reedwing_lod0_emissive.png[39m[0m
2026-10-07T06:22:07.7443856Z [  36% ] [90m[1m_update_scan_actions[22m | creature_reedwing_lod0_emissive_shiny.png[39m[0m
2026-10-07T06:22:07.7445885Z [  36% ] [90m[1m_update_scan_actions[22m | creature_reedwing_lod0_emissive_vivid.png[39m[0m
2026-10-07T06:22:07.7510287Z [  36% ] [90m[1m_update_scan_actions[22m | creature_reedwing_lod0_metallic_roughness.png[39m[0m
2026-10-07T06:22:07.7573960Z [  36% ] [90m[1m_update_scan_actions[22m | creature_reedwing_lod0_normal.jpg[39m[0m
2026-10-07T06:22:07.7656777Z [  36% ] [90m[1m_update_scan_actions[22m | creature_ribbonray_lod0.glb[39m[0m
2026-10-07T06:22:07.7719978Z [  36% ] [90m[1m_update_scan_actions[22m | creature_ribbonray_lod0_Image_0.jpg[39m[0m
2026-10-07T06:22:07.7741864Z [  36% ] [90m[1m_update_scan_actions[22m | ribbonray_extracted_base_color_vivid.png[39m[0m
2026-10-07T06:22:07.7896919Z [  36% ] [90m[1m_update_scan_actions[22m | creature_ripplet_lod0.glb[39m[0m
2026-10-07T06:22:07.7967687Z [  36% ] [90m[1m_update_scan_actions[22m | creature_ripplet_lod0_base_color.jpg[39m[0m
2026-10-07T06:22:07.8068062Z [  36% ] [90m[1m_update_scan_actions[22m | creature_ripplet_lod0_base_color.png[39m[0m
2026-10-07T06:22:07.8090037Z [  36% ] [90m[1m_update_scan_actions[22m | creature_ripplet_lod0_base_color_shiny.png[39m[0m
2026-10-07T06:22:07.8137340Z [  37% ] [90m[1m_update_scan_actions[22m | creature_ripplet_lod0_base_color_vivid.png[39m[0m
2026-10-07T06:22:07.8188721Z [  37% ] [90m[1m_update_scan_actions[22m | creature_ripplet_lod0_emissive.jpg[39m[0m
2026-10-07T06:22:07.8190755Z [  37% ] [90m[1m_update_scan_actions[22m | creature_ripplet_lod0_emissive.png[39m[0m
2026-10-07T06:22:07.8192798Z [  37% ] [90m[1m_update_scan_actions[22m | creature_ripplet_lod0_emissive_shiny.png[39m[0m
2026-10-07T06:22:07.8194899Z [  37% ] [90m[1m_update_scan_actions[22m | creature_ripplet_lod0_emissive_vivid.png[39m[0m
2026-10-07T06:22:07.8243807Z [  37% ] [90m[1m_update_scan_actions[22m | creature_ripplet_lod0_metallic_roughness.png[39m[0m
2026-10-07T06:22:07.8301378Z [  37% ] [90m[1m_update_scan_actions[22m | creature_ripplet_lod0_normal.jpg[39m[0m
2026-10-07T06:22:07.8399988Z [  37% ] [90m[1m_update_scan_actions[22m | creature_riptusk_lod0.glb[39m[0m
2026-10-07T06:22:07.8470898Z [  37% ] [90m[1m_update_scan_actions[22m | creature_riptusk_lod0_Image_0.jpg[39m[0m
2026-10-07T06:22:07.8471952Z [  37% ] [90m[1m_update_scan_actions[22m | riptusk_extracted_base_color.png[39m[0m
2026-10-07T06:22:07.8501411Z [  37% ] [90m[1m_update_scan_actions[22m | riptusk_extracted_base_color_shiny.png[39m[0m
2026-10-07T06:22:07.8529015Z [  37% ] [90m[1m_update_scan_actions[22m | riptusk_extracted_base_color_vivid.png[39m[0m
2026-10-07T06:22:07.8613639Z [  37% ] [90m[1m_update_scan_actions[22m | creature_riverdrake_lod0.glb[39m[0m
2026-10-07T06:22:07.8680310Z [  37% ] [90m[1m_update_scan_actions[22m | creature_riverdrake_lod0_Image_0.jpg[39m[0m
2026-10-07T06:22:07.8704214Z [  38% ] [90m[1m_update_scan_actions[22m | riverdrake_extracted_base_color_vivid.png[39m[0m
2026-10-07T06:22:07.8823959Z [  38% ] [90m[1m_update_scan_actions[22m | creature_shadelet_lod0.glb[39m[0m
2026-10-07T06:22:07.8893276Z [  38% ] [90m[1m_update_scan_actions[22m | creature_shadelet_lod0_base_color.jpg[39m[0m
2026-10-07T06:22:07.8945122Z [  38% ] [90m[1m_update_scan_actions[22m | creature_shadelet_lod0_metallic_roughness.jpg[39m[0m
2026-10-07T06:22:07.9003590Z [  38% ] [90m[1m_update_scan_actions[22m | creature_shadelet_lod0_normal.jpg[39m[0m
2026-10-07T06:22:07.9096862Z [  38% ] [90m[1m_update_scan_actions[22m | creature_sirenseal_lod0.glb[39m[0m
2026-10-07T06:22:07.9163777Z [  38% ] [90m[1m_update_scan_actions[22m | creature_sirenseal_lod0_Image_0.jpg[39m[0m
2026-10-07T06:22:07.9164817Z [  38% ] [90m[1m_update_scan_actions[22m | sirenseal_extracted_base_color.png[39m[0m
2026-10-07T06:22:07.9188566Z [  38% ] [90m[1m_update_scan_actions[22m | sirenseal_extracted_base_color_vivid.png[39m[0m
2026-10-07T06:22:07.9322102Z [  38% ] [90m[1m_update_scan_actions[22m | creature_skyrill_lod0.glb[39m[0m
2026-10-07T06:22:07.9412111Z [  38% ] [90m[1m_update_scan_actions[22m | creature_skyrill_lod0_Image_0.jpg[39m[0m
2026-10-07T06:22:07.9468812Z [  38% ] [90m[1m_update_scan_actions[22m | creature_skyrill_lod0_Image_1.jpg[39m[0m
2026-10-07T06:22:07.9540797Z [  38% ] [90m[1m_update_scan_actions[22m | creature_skyrill_lod0_Image_2.jpg[39m[0m
2026-10-07T06:22:07.9700264Z [  38% ] [90m[1m_update_scan_actions[22m | skyrill_extracted_base_color.png[39m[0m
2026-10-07T06:22:07.9729315Z [  39% ] [90m[1m_update_scan_actions[22m | skyrill_extracted_base_color_vivid.png[39m[0m
2026-10-07T06:22:07.9813326Z [  39% ] [90m[1m_update_scan_actions[22m | creature_solmane_lod0.glb[39m[0m
2026-10-07T06:22:07.9881624Z [  39% ] [90m[1m_update_scan_actions[22m | creature_solmane_lod0_Image_0.jpg[39m[0m
2026-10-07T06:22:07.9912162Z [  39% ] [90m[1m_update_scan_actions[22m | solmane_extracted_base_color_shiny.png[39m[0m
2026-10-07T06:22:07.9939071Z [  39% ] [90m[1m_update_scan_actions[22m | solmane_extracted_base_color_vivid.png[39m[0m
2026-10-07T06:22:08.0071703Z [  39% ] [90m[1m_update_scan_actions[22m | creature_sparkit_lod0.glb[39m[0m
2026-10-07T06:22:08.0151386Z [  39% ] [90m[1m_update_scan_actions[22m | creature_sparkit_lod0_base_color.jpg[39m[0m
2026-10-07T06:22:08.0203225Z [  39% ] [90m[1m_update_scan_actions[22m | creature_sparkit_lod0_metallic_roughness.jpg[39m[0m
2026-10-07T06:22:08.0267471Z [  39% ] [90m[1m_update_scan_actions[22m | creature_sparkit_lod0_normal.jpg[39m[0m
2026-10-07T06:22:08.0355025Z [  39% ] [90m[1m_update_scan_actions[22m | creature_staticub_lod0.glb[39m[0m
2026-10-07T06:22:08.0424587Z [  39% ] [90m[1m_update_scan_actions[22m | creature_staticub_lod0_Image_0.jpg[39m[0m
2026-10-07T06:22:08.0450929Z [  39% ] [90m[1m_update_scan_actions[22m | staticub_extracted_base_color_shiny.png[39m[0m
2026-10-07T06:22:08.0475404Z [  39% ] [90m[1m_update_scan_actions[22m | staticub_extracted_base_color_vivid.png[39m[0m
2026-10-07T06:22:08.0597573Z [  40% ] [90m[1m_update_scan_actions[22m | creature_stormbrush_lod0.glb[39m[0m
2026-10-07T06:22:08.0674750Z [  40% ] [90m[1m_update_scan_actions[22m | creature_stormbrush_lod0_Image_0.jpg[39m[0m
2026-10-07T06:22:08.0702695Z [  40% ] [90m[1m_update_scan_actions[22m | stormbrush_extracted_base_color_vivid.png[39m[0m
2026-10-07T06:22:08.0794845Z [  40% ] [90m[1m_update_scan_actions[22m | creature_stormcapra_lod0.glb[39m[0m
2026-10-07T06:22:08.0861928Z [  40% ] [90m[1m_update_scan_actions[22m | creature_stormcapra_lod0_Image_0.jpg[39m[0m
2026-10-07T06:22:08.0887866Z [  40% ] [90m[1m_update_scan_actions[22m | stormcapra_extracted_base_color_shiny.png[39m[0m
2026-10-07T06:22:08.0911403Z [  40% ] [90m[1m_update_scan_actions[22m | stormcapra_extracted_base_color_vivid.png[39m[0m
2026-10-07T06:22:08.1013825Z [  40% ] [90m[1m_update_scan_actions[22m | creature_stormraven_lod0.glb[39m[0m
2026-10-07T06:22:08.1081506Z [  40% ] [90m[1m_update_scan_actions[22m | creature_stormraven_lod0_Image_0.jpg[39m[0m
2026-10-07T06:22:08.1105001Z [  40% ] [90m[1m_update_scan_actions[22m | stormraven_extracted_base_color_vivid.png[39m[0m
2026-10-07T06:22:08.1201988Z [  40% ] [90m[1m_update_scan_actions[22m | creature_tanglevolt_lod0.glb[39m[0m
2026-10-07T06:22:08.1272701Z [  40% ] [90m[1m_update_scan_actions[22m | creature_tanglevolt_lod0_Image_0.jpg[39m[0m
2026-10-07T06:22:08.1299296Z [  40% ] [90m[1m_update_scan_actions[22m | tanglevolt_extracted_base_color_vivid.png[39m[0m
2026-10-07T06:22:08.1390847Z [  40% ] [90m[1m_update_scan_actions[22m | creature_tempestwing_lod0.glb[39m[0m
2026-10-07T06:22:08.1461079Z [  41% ] [90m[1m_update_scan_actions[22m | creature_tempestwing_lod0_Image_0.jpg[39m[0m
2026-10-07T06:22:08.1488452Z [  41% ] [90m[1m_update_scan_actions[22m | tempestwing_extracted_base_color_vivid.png[39m[0m
2026-10-07T06:22:08.1628737Z [  41% ] [90m[1m_update_scan_actions[22m | creature_terrapup_lod0.glb[39m[0m
2026-10-07T06:22:08.1705610Z [  41% ] [90m[1m_update_scan_actions[22m | creature_terrapup_lod0_base_color.jpg[39m[0m
2026-10-07T06:22:08.1818609Z [  41% ] [90m[1m_update_scan_actions[22m | creature_terrapup_lod0_base_color.png[39m[0m
2026-10-07T06:22:08.1841797Z [  41% ] [90m[1m_update_scan_actions[22m | creature_terrapup_lod0_base_color_shiny.png[39m[0m
2026-10-07T06:22:08.1864929Z [  41% ] [90m[1m_update_scan_actions[22m | creature_terrapup_lod0_base_color_vivid.png[39m[0m
2026-10-07T06:22:08.1904172Z [  41% ] [90m[1m_update_scan_actions[22m | creature_terrapup_lod0_emissive.jpg[39m[0m
2026-10-07T06:22:08.1943276Z [  41% ] [90m[1m_update_scan_actions[22m | creature_terrapup_lod0_emissive.png[39m[0m
2026-10-07T06:22:08.1954123Z [  41% ] [90m[1m_update_scan_actions[22m | creature_terrapup_lod0_emissive_shiny.png[39m[0m
2026-10-07T06:22:08.1964655Z [  41% ] [90m[1m_update_scan_actions[22m | creature_terrapup_lod0_emissive_vivid.png[39m[0m
2026-10-07T06:22:08.2019295Z [  41% ] [90m[1m_update_scan_actions[22m | creature_terrapup_lod0_metallic_roughness.jpg[39m[0m
2026-10-07T06:22:08.2068944Z [  41% ] [90m[1m_update_scan_actions[22m | creature_terrapup_lod0_metallic_roughness.png[39m[0m
2026-10-07T06:22:08.2132422Z [  41% ] [90m[1m_update_scan_actions[22m | creature_terrapup_lod0_normal.jpg[39m[0m
2026-10-07T06:22:08.2197532Z [  42% ] [90m[1m_update_scan_actions[22m | creature_terrapup_lod0_normal.png[39m[0m
2026-10-07T06:22:08.2298130Z [  42% ] [90m[1m_update_scan_actions[22m | creature_thundertunnel_lod0.glb[39m[0m
2026-10-07T06:22:08.2366728Z [  42% ] [90m[1m_update_scan_actions[22m | creature_thundertunnel_lod0_Image_0.jpg[39m[0m
2026-10-07T06:22:08.2389945Z [  42% ] [90m[1m_update_scan_actions[22m | thundertunnel_extracted_base_color_vivid.png[39m[0m
2026-10-07T06:22:08.2479828Z [  42% ] [90m[1m_update_scan_actions[22m | creature_tidecoil_lod0.glb[39m[0m
2026-10-07T06:22:08.2548566Z [  42% ] [90m[1m_update_scan_actions[22m | creature_tidecoil_lod0_Image_0.jpg[39m[0m
2026-10-07T06:22:08.2573554Z [  42% ] [90m[1m_update_scan_actions[22m | tidecoil_extracted_base_color_shiny.png[39m[0m
2026-10-07T06:22:08.2597500Z [  42% ] [90m[1m_update_scan_actions[22m | tidecoil_extracted_base_color_vivid.png[39m[0m
2026-10-07T06:22:08.2722086Z [  42% ] [90m[1m_update_scan_actions[22m | creature_torrentoad_lod0.glb[39m[0m
2026-10-07T06:22:08.2805660Z [  42% ] [90m[1m_update_scan_actions[22m | creature_torrentoad_lod0_Image_0.jpg[39m[0m
2026-10-07T06:22:08.2866365Z [  42% ] [90m[1m_update_scan_actions[22m | creature_torrentoad_lod0_Image_1.jpg[39m[0m
2026-10-07T06:22:08.2936353Z [  42% ] [90m[1m_update_scan_actions[22m | creature_torrentoad_lod0_Image_2.jpg[39m[0m
2026-10-07T06:22:08.3090716Z [  42% ] [90m[1m_update_scan_actions[22m | torrentoad_extracted_base_color.png[39m[0m
2026-10-07T06:22:08.3118675Z [  42% ] [90m[1m_update_scan_actions[22m | torrentoad_extracted_base_color_vivid.png[39m[0m
2026-10-07T06:22:08.3233806Z [  43% ] [90m[1m_update_scan_actions[22m | creature_trailpup_lod0.glb[39m[0m
2026-10-07T06:22:08.3314676Z [  43% ] [90m[1m_update_scan_actions[22m | creature_trailpup_lod0_base_color.jpg[39m[0m
2026-10-07T06:22:08.3353261Z [  43% ] [90m[1m_update_scan_actions[22m | creature_trailpup_lod0_emissive.jpg[39m[0m
2026-10-07T06:22:08.3404944Z [  43% ] [90m[1m_update_scan_actions[22m | creature_trailpup_lod0_metallic_roughness.jpg[39m[0m
2026-10-07T06:22:08.3507648Z [  43% ] [90m[1m_update_scan_actions[22m | creature_trailpup_lod0_normal.jpg[39m[0m
2026-10-07T06:22:08.3508722Z [  43% ] [90m[1m_update_scan_actions[22m | trailpup_extracted_base_color.png[39m[0m
2026-10-07T06:22:08.3531785Z [  43% ] [90m[1m_update_scan_actions[22m | trailpup_extracted_base_color_shiny.png[39m[0m
2026-10-07T06:22:08.3555136Z [  43% ] [90m[1m_update_scan_actions[22m | trailpup_extracted_base_color_stormtrail.png[39m[0m
2026-10-07T06:22:08.3577588Z [  43% ] [90m[1m_update_scan_actions[22m | trailpup_extracted_base_color_vivid.png[39m[0m
2026-10-07T06:22:08.3578651Z [  43% ] [90m[1m_update_scan_actions[22m | trailpup_extracted_emissive.png[39m[0m
2026-10-07T06:22:08.3591396Z [  43% ] [90m[1m_update_scan_actions[22m | trailpup_extracted_emissive_shiny.png[39m[0m
2026-10-07T06:22:08.3606013Z [  43% ] [90m[1m_update_scan_actions[22m | trailpup_extracted_emissive_stormtrail.png[39m[0m
2026-10-07T06:22:08.3617490Z [  43% ] [90m[1m_update_scan_actions[22m | trailpup_extracted_emissive_vivid.png[39m[0m
2026-10-07T06:22:08.3774439Z [  43% ] [90m[1m_update_scan_actions[22m | creature_tuskroot_lod0.glb[39m[0m
2026-10-07T06:22:08.3890653Z [  44% ] [90m[1m_update_scan_actions[22m | creature_tuskroot_lod0_base_color.png[39m[0m
2026-10-07T06:22:08.3916477Z [  44% ] [90m[1m_update_scan_actions[22m | creature_tuskroot_lod0_base_color_ashtusk.png[39m[0m
2026-10-07T06:22:08.3943415Z [  44% ] [90m[1m_update_scan_actions[22m | creature_tuskroot_lod0_base_color_shiny.png[39m[0m
2026-10-07T06:22:08.3968324Z [  44% ] [90m[1m_update_scan_actions[22m | creature_tuskroot_lod0_base_color_vivid.png[39m[0m
2026-10-07T06:22:08.3970548Z [  44% ] [90m[1m_update_scan_actions[22m | creature_tuskroot_lod0_emissive.png[39m[0m
2026-10-07T06:22:08.3981934Z [  44% ] [90m[1m_update_scan_actions[22m | creature_tuskroot_lod0_emissive_ashtusk.png[39m[0m
2026-10-07T06:22:08.3983921Z [  44% ] [90m[1m_update_scan_actions[22m | creature_tuskroot_lod0_emissive_shiny.png[39m[0m
2026-10-07T06:22:08.3986053Z [  44% ] [90m[1m_update_scan_actions[22m | creature_tuskroot_lod0_emissive_vivid.png[39m[0m
2026-10-07T06:22:08.4049409Z [  44% ] [90m[1m_update_scan_actions[22m | creature_tuskroot_lod0_metallic_roughness.png[39m[0m
2026-10-07T06:22:08.4113402Z [  44% ] [90m[1m_update_scan_actions[22m | creature_tuskroot_lod0_normal.jpg[39m[0m
2026-10-07T06:22:08.4235523Z [  44% ] [90m[1m_update_scan_actions[22m | creature_veridian_lod0.glb[39m[0m
2026-10-07T06:22:08.4317606Z [  44% ] [90m[1m_update_scan_actions[22m | creature_veridian_lod0_base_color.jpg[39m[0m
2026-10-07T06:22:08.4358753Z [  44% ] [90m[1m_update_scan_actions[22m | creature_veridian_lod0_emissive.jpg[39m[0m
2026-10-07T06:22:08.4416111Z [  44% ] [90m[1m_update_scan_actions[22m | creature_veridian_lod0_metallic_roughness.jpg[39m[0m
2026-10-07T06:22:08.4519391Z [  45% ] [90m[1m_update_scan_actions[22m | creature_veridian_lod0_normal.jpg[39m[0m
2026-10-07T06:22:08.4520327Z [  45% ] [90m[1m_update_scan_actions[22m | veridian_extracted_base_color.png[39m[0m
2026-10-07T06:22:08.4550775Z [  45% ] [90m[1m_update_scan_actions[22m | veridian_extracted_base_color_shiny.png[39m[0m
2026-10-07T06:22:08.4578857Z [  45% ] [90m[1m_update_scan_actions[22m | veridian_extracted_base_color_vivid.png[39m[0m
2026-10-07T06:22:08.4579699Z [  45% ] [90m[1m_update_scan_actions[22m | veridian_extracted_emissive.png[39m[0m
2026-10-07T06:22:08.4591668Z [  45% ] [90m[1m_update_scan_actions[22m | veridian_extracted_emissive_shiny.png[39m[0m
2026-10-07T06:22:08.4603286Z [  45% ] [90m[1m_update_scan_actions[22m | veridian_extracted_emissive_vivid.png[39m[0m
2026-10-07T06:22:08.4692195Z [  45% ] [90m[1m_update_scan_actions[22m | creature_voltarach_lod0.glb[39m[0m
2026-10-07T06:22:08.4763084Z [  45% ] [90m[1m_update_scan_actions[22m | creature_voltarach_lod0_Image_0.jpg[39m[0m
2026-10-07T06:22:08.4786112Z [  45% ] [90m[1m_update_scan_actions[22m | voltarach_extracted_base_color_alpha.png[39m[0m
2026-10-07T06:22:08.4813954Z [  45% ] [90m[1m_update_scan_actions[22m | voltarach_extracted_base_color_shiny.png[39m[0m
2026-10-07T06:22:08.4839139Z [  45% ] [90m[1m_update_scan_actions[22m | voltarach_extracted_base_color_vivid.png[39m[0m
2026-10-07T06:22:08.4929746Z [  45% ] [90m[1m_update_scan_actions[22m | creature_voltwig_lod0.glb[39m[0m
2026-10-07T06:22:08.5002233Z [  45% ] [90m[1m_update_scan_actions[22m | creature_voltwig_lod0_Image_0.jpg[39m[0m
2026-10-07T06:22:08.5028873Z [  46% ] [90m[1m_update_scan_actions[22m | voltwig_extracted_base_color_shiny.png[39m[0m
2026-10-07T06:22:08.5053364Z [  46% ] [90m[1m_update_scan_actions[22m | voltwig_extracted_base_color_vivid.png[39m[0m
2026-10-07T06:22:08.5071087Z [  46% ] [90m[1m_update_scan_actions[22m | bramblit.fbx[39m[0m
2026-10-07T06:22:08.5086281Z [  46% ] [90m[1m_update_scan_actions[22m | meadow_hopper.fbx[39m[0m
2026-10-07T06:22:08.5105232Z [  46% ] [90m[1m_update_scan_actions[22m | thornback.fbx[39m[0m
2026-10-07T06:22:08.5157383Z [  46% ] [90m[1m_update_scan_actions[22m | limestone_buttress.glb[39m[0m
2026-10-07T06:22:08.5234343Z [  46% ] [90m[1m_update_scan_actions[22m | limestone_buttress_CloudreachLimestoneColour.png[39m[0m
2026-10-07T06:22:08.5271205Z [  46% ] [90m[1m_update_scan_actions[22m | cloud_bank_v1.png[39m[0m
2026-10-07T06:22:08.5279738Z [  46% ] [90m[1m_update_scan_actions[22m | limestone_spire_1.obj[39m[0m
2026-10-07T06:22:08.5288327Z [  46% ] [90m[1m_update_scan_actions[22m | limestone_spire_2.obj[39m[0m
2026-10-07T06:22:08.5296847Z [  46% ] [90m[1m_update_scan_actions[22m | limestone_spire_3.obj[39m[0m
2026-10-07T06:22:08.5391707Z [  46% ] [90m[1m_update_scan_actions[22m | ironwood_ancient_tree.glb[39m[0m
2026-10-07T06:22:08.5480035Z [  46% ] [90m[1m_update_scan_actions[22m | ironwood_ancient_tree_0.jpg[39m[0m
2026-10-07T06:22:08.5481904Z [  46% ] [90m[1m_update_scan_actions[22m | flower_purpleA.glb[39m[0m
2026-10-07T06:22:08.5484009Z [  47% ] [90m[1m_update_scan_actions[22m | flower_redA.glb[39m[0m
2026-10-07T06:22:08.5486101Z [  47% ] [90m[1m_update_scan_actions[22m | flower_yellowA.glb[39m[0m
2026-10-07T06:22:08.5488194Z [  47% ] [90m[1m_update_scan_actions[22m | flower_yellowB.glb[39m[0m
2026-10-07T06:22:08.5490333Z [  47% ] [90m[1m_update_scan_actions[22m | grass.glb[39m[0m
2026-10-07T06:22:08.5492578Z [  47% ] [90m[1m_update_scan_actions[22m | grass_large.glb[39m[0m
2026-10-07T06:22:08.5494677Z [  47% ] [90m[1m_update_scan_actions[22m | grass_leafs.glb[39m[0m
2026-10-07T06:22:08.5496892Z [  47% ] [90m[1m_update_scan_actions[22m | grass_leafsLarge.glb[39m[0m
2026-10-07T06:22:08.5498980Z [  47% ] [90m[1m_update_scan_actions[22m | log.glb[39m[0m
2026-10-07T06:22:08.5501015Z [  47% ] [90m[1m_update_scan_actions[22m | log_large.glb[39m[0m
2026-10-07T06:22:08.5503124Z [  47% ] [90m[1m_update_scan_actions[22m | mushroom_red.glb[39m[0m
2026-10-07T06:22:08.5505123Z [  47% ] [90m[1m_update_scan_actions[22m | plant_bush.glb[39m[0m
2026-10-07T06:22:08.5507254Z [  47% ] [90m[1m_update_scan_actions[22m | plant_bushDetailed.glb[39m[0m
2026-10-07T06:22:08.5509267Z [  47% ] [90m[1m_update_scan_actions[22m | plant_bushLarge.glb[39m[0m
2026-10-07T06:22:08.5511231Z [  47% ] [90m[1m_update_scan_actions[22m | plant_bushSmall.glb[39m[0m
2026-10-07T06:22:08.5513276Z [  48% ] [90m[1m_update_scan_actions[22m | rock_largeA.glb[39m[0m
2026-10-07T06:22:08.5515397Z [  48% ] [90m[1m_update_scan_actions[22m | rock_largeC.glb[39m[0m
2026-10-07T06:22:08.5517374Z [  48% ] [90m[1m_update_scan_actions[22m | rock_smallA.glb[39m[0m
2026-10-07T06:22:08.5519374Z [  48% ] [90m[1m_update_scan_actions[22m | rock_smallD.glb[39m[0m
2026-10-07T06:22:08.5521761Z [  48% ] [90m[1m_update_scan_actions[22m | rock_tallA.glb[39m[0m
2026-10-07T06:22:08.5523911Z [  48% ] [90m[1m_update_scan_actions[22m | stump_round.glb[39m[0m
2026-10-07T06:22:08.5525865Z [  48% ] [90m[1m_update_scan_actions[22m | stump_square.glb[39m[0m
2026-10-07T06:22:08.5528123Z [  48% ] [90m[1m_update_scan_actions[22m | tree_blocks.glb[39m[0m
2026-10-07T06:22:08.5530362Z [  48% ] [90m[1m_update_scan_actions[22m | tree_default.glb[39m[0m
2026-10-07T06:22:08.5533199Z [  48% ] [90m[1m_update_scan_actions[22m | tree_detailed.glb[39m[0m
2026-10-07T06:22:08.5535378Z [  48% ] [90m[1m_update_scan_actions[22m | tree_fat.glb[39m[0m
2026-10-07T06:22:08.5537740Z [  48% ] [90m[1m_update_scan_actions[22m | tree_oak.glb[39m[0m
2026-10-07T06:22:08.5628026Z [  48% ] [90m[1m_update_scan_actions[22m | day.hdr[39m[0m
2026-10-07T06:22:08.5725387Z [  48% ] [90m[1m_update_scan_actions[22m | golden.hdr[39m[0m
2026-10-07T06:22:08.5730246Z [  49% ] [90m[1m_update_scan_actions[22m | Grass_C_dune_sage_straw.png[39m[0m
2026-10-07T06:22:08.5737053Z [  49% ] [90m[1m_update_scan_actions[22m | Leaves_NormalTree_C_desat55.png[39m[0m
2026-10-07T06:22:08.5743885Z [  49% ] [90m[1m_update_scan_actions[22m | Leaves_NormalTree_C_desat55_b100.png[39m[0m
2026-10-07T06:22:08.5751326Z [  49% ] [90m[1m_update_scan_actions[22m | Bark_DeadTree.png[39m[0m
2026-10-07T06:22:08.5760067Z [  49% ] [90m[1m_update_scan_actions[22m | Bark_DeadTree_Normal.png[39m[0m
2026-10-07T06:22:08.5767386Z [  49% ] [90m[1m_update_scan_actions[22m | Bark_NormalTree.png[39m[0m
2026-10-07T06:22:08.5775084Z [  49% ] [90m[1m_update_scan_actions[22m | Bark_NormalTree_Normal.png[39m[0m
2026-10-07T06:22:08.5782862Z [  49% ] [90m[1m_update_scan_actions[22m | Bark_TwistedTree.png[39m[0m
2026-10-07T06:22:08.5791478Z [  49% ] [90m[1m_update_scan_actions[22m | Bark_TwistedTree_Normal.png[39m[0m
2026-10-07T06:22:08.5794117Z [  49% ] [90m[1m_update_scan_actions[22m | Bush_Common.gltf[39m[0m
2026-10-07T06:22:08.5797806Z [  49% ] [90m[1m_update_scan_actions[22m | Bush_Common_Flowers.gltf[39m[0m
2026-10-07T06:22:08.5809327Z [  49% ] [90m[1m_update_scan_actions[22m | CherryBlossom_3.gltf[39m[0m
2026-10-07T06:22:08.5811413Z [  49% ] [90m[1m_update_scan_actions[22m | Clover_1.gltf[39m[0m
2026-10-07T06:22:08.5813872Z [  50% ] [90m[1m_update_scan_actions[22m | Clover_2.gltf[39m[0m
2026-10-07T06:22:08.5819674Z [  50% ] [90m[1m_update_scan_actions[22m | CommonTree_1.gltf[39m[0m
2026-10-07T06:22:08.5824994Z [  50% ] [90m[1m_update_scan_actions[22m | CommonTree_2.gltf[39m[0m
2026-10-07T06:22:08.5829094Z [  50% ] [90m[1m_update_scan_actions[22m | CommonTree_3.gltf[39m[0m
2026-10-07T06:22:08.5833453Z [  50% ] [90m[1m_update_scan_actions[22m | CommonTree_4.gltf[39m[0m
2026-10-07T06:22:08.5837372Z [  50% ] [90m[1m_update_scan_actions[22m | CommonTree_5.gltf[39m[0m
2026-10-07T06:22:08.5842579Z [  50% ] [90m[1m_update_scan_actions[22m | DeadTree_1.gltf[39m[0m
2026-10-07T06:22:08.5848007Z [  50% ] [90m[1m_update_scan_actions[22m | DeadTree_2.gltf[39m[0m
2026-10-07T06:22:08.5853189Z [  50% ] [90m[1m_update_scan_actions[22m | DeadTree_3.gltf[39m[0m
2026-10-07T06:22:08.5855196Z [  50% ] [90m[1m_update_scan_actions[22m | Fern_1.gltf[39m[0m
2026-10-07T06:22:08.5864559Z [  50% ] [90m[1m_update_scan_actions[22m | Flowers.png[39m[0m
2026-10-07T06:22:08.5866866Z [  50% ] [90m[1m_update_scan_actions[22m | Flower_3_Group.gltf[39m[0m
2026-10-07T06:22:08.5869149Z [  50% ] [90m[1m_update_scan_actions[22m | Flower_3_Single.gltf[39m[0m
2026-10-07T06:22:08.5871953Z [  50% ] [90m[1m_update_scan_actions[22m | Flower_4_Group.gltf[39m[0m
2026-10-07T06:22:08.5874487Z [  51% ] [90m[1m_update_scan_actions[22m | Flower_4_Single.gltf[39m[0m
2026-10-07T06:22:08.5879546Z [  51% ] [90m[1m_update_scan_actions[22m | Grass.png[39m[0m
2026-10-07T06:22:08.5881617Z [  51% ] [90m[1m_update_scan_actions[22m | Grass_Common_Short.gltf[39m[0m
2026-10-07T06:22:08.5883886Z [  51% ] [90m[1m_update_scan_actions[22m | Grass_Common_Tall.gltf[39m[0m
2026-10-07T06:22:08.5886430Z [  51% ] [90m[1m_update_scan_actions[22m | Grass_Wheat.gltf[39m[0m
2026-10-07T06:22:08.5888609Z [  51% ] [90m[1m_update_scan_actions[22m | Grass_Wide_Short.gltf[39m[0m
2026-10-07T06:22:08.5890805Z [  51% ] [90m[1m_update_scan_actions[22m | Grass_Wide_Tall.gltf[39m[0m
2026-10-07T06:22:08.5893133Z [  51% ] [90m[1m_update_scan_actions[22m | Grass_Wispy_Short.gltf[39m[0m
2026-10-07T06:22:08.5895470Z [  51% ] [90m[1m_update_scan_actions[22m | Grass_Wispy_Tall.gltf[39m[0m
2026-10-07T06:22:08.5905001Z [  51% ] [90m[1m_update_scan_actions[22m | Leaves.png[39m[0m
2026-10-07T06:22:08.5922236Z [  51% ] [90m[1m_update_scan_actions[22m | Leaves_CherryBlossom_C.png[39m[0m
2026-10-07T06:22:08.5929962Z [  51% ] [90m[1m_update_scan_actions[22m | Leaves_NormalTree_C.png[39m[0m
2026-10-07T06:22:08.5937479Z [  51% ] [90m[1m_update_scan_actions[22m | Leaves_TwistedTree_C.png[39m[0m
2026-10-07T06:22:08.5946311Z [  51% ] [90m[1m_update_scan_actions[22m | Mushrooms.png[39m[0m
2026-10-07T06:22:08.5948685Z [  52% ] [90m[1m_update_scan_actions[22m | Mushroom_Common.gltf[39m[0m
2026-10-07T06:22:08.5951952Z [  52% ] [90m[1m_update_scan_actions[22m | Mushroom_Laetiporus.gltf[39m[0m
2026-10-07T06:22:08.5954668Z [  52% ] [90m[1m_update_scan_actions[22m | Mushroom_Oyster.gltf[39m[0m
2026-10-07T06:22:08.5956918Z [  52% ] [90m[1m_update_scan_actions[22m | Mushroom_RedCap.gltf[39m[0m
2026-10-07T06:22:08.5964964Z [  52% ] [90m[1m_update_scan_actions[22m | PathRocks_Diffuse.png[39m[0m
2026-10-07T06:22:08.5967025Z [  52% ] [90m[1m_update_scan_actions[22m | Pebble_Round_1.gltf[39m[0m
2026-10-07T06:22:08.5969093Z [  52% ] [90m[1m_update_scan_actions[22m | Pebble_Round_2.gltf[39m[0m
2026-10-07T06:22:08.5971112Z [  52% ] [90m[1m_update_scan_actions[22m | Pebble_Round_3.gltf[39m[0m
2026-10-07T06:22:08.5973194Z [  52% ] [90m[1m_update_scan_actions[22m | Plant_1.gltf[39m[0m
2026-10-07T06:22:08.5975578Z [  52% ] [90m[1m_update_scan_actions[22m | Plant_1_Big.gltf[39m[0m
2026-10-07T06:22:08.5977468Z [  52% ] [90m[1m_update_scan_actions[22m | Plant_7.gltf[39m[0m
2026-10-07T06:22:08.5979575Z [  52% ] [90m[1m_update_scan_actions[22m | Plant_7_Big.gltf[39m[0m
2026-10-07T06:22:08.5982144Z [  52% ] [90m[1m_update_scan_actions[22m | RockPath_Round_Small_1.gltf[39m[0m
2026-10-07T06:22:08.5984822Z [  52% ] [90m[1m_update_scan_actions[22m | RockPath_Round_Small_2.gltf[39m[0m
2026-10-07T06:22:08.5987960Z [  53% ] [90m[1m_update_scan_actions[22m | RockPath_Round_Thin.gltf[39m[0m
2026-10-07T06:22:08.5991800Z [  53% ] [90m[1m_update_scan_actions[22m | RockPath_Round_Wide.gltf[39m[0m
2026-10-07T06:22:08.6000321Z [  53% ] [90m[1m_update_scan_actions[22m | Rocks_Diffuse.png[39m[0m
2026-10-07T06:22:08.6009500Z [  53% ] [90m[1m_update_scan_actions[22m | Rocks_Diffuse_meadows.png[39m[0m
2026-10-07T06:22:08.6011669Z [  53% ] [90m[1m_update_scan_actions[22m | Rock_Medium_1.gltf[39m[0m
2026-10-07T06:22:08.6013900Z [  53% ] [90m[1m_update_scan_actions[22m | Rock_Medium_2.gltf[39m[0m
2026-10-07T06:22:08.6016063Z [  53% ] [90m[1m_update_scan_actions[22m | Rock_Medium_3.gltf[39m[0m
2026-10-07T06:22:08.6023299Z [  53% ] [90m[1m_update_scan_actions[22m | TwistedTree_1.gltf[39m[0m
2026-10-07T06:22:08.6030494Z [  53% ] [90m[1m_update_scan_actions[22m | TwistedTree_2.gltf[39m[0m
2026-10-07T06:22:08.6038144Z [  53% ] [90m[1m_update_scan_actions[22m | TwistedTree_3.gltf[39m[0m
2026-10-07T06:22:08.6045500Z [  53% ] [90m[1m_update_scan_actions[22m | TwistedTree_4.gltf[39m[0m
2026-10-07T06:22:08.6053213Z [  53% ] [90m[1m_update_scan_actions[22m | TwistedTree_5.gltf[39m[0m
2026-10-07T06:22:08.6058045Z [  53% ] [90m[1m_update_scan_actions[22m | rift_siphon_wall_machine.glb[39m[0m
2026-10-07T06:22:08.6062155Z [  53% ] [90m[1m_update_scan_actions[22m | team_tether_banner_rig.glb[39m[0m
2026-10-07T06:22:08.6066906Z [  54% ] [90m[1m_update_scan_actions[22m | team_tether_boiler_chimney.glb[39m[0m
2026-10-07T06:22:08.6070502Z [  54% ] [90m[1m_update_scan_actions[22m | team_tether_scaffold_tower.glb[39m[0m
2026-10-07T06:22:08.6072742Z [  54% ] [90m[1m_update_scan_actions[22m | tt_pipe_bracket.glb[39m[0m
2026-10-07T06:22:08.6075446Z [  54% ] [90m[1m_update_scan_actions[22m | tt_pipe_elbow.glb[39m[0m
2026-10-07T06:22:08.6077891Z [  54% ] [90m[1m_update_scan_actions[22m | tt_pipe_straight.glb[39m[0m
2026-10-07T06:22:08.6080660Z [  54% ] [90m[1m_update_scan_actions[22m | tt_pipe_tee.glb[39m[0m
2026-10-07T06:22:08.6083574Z [  54% ] [90m[1m_update_scan_actions[22m | tt_pipe_valve.glb[39m[0m
2026-10-07T06:22:08.6093623Z [  54% ] [90m[1m_update_scan_actions[22m | machine_hardware.glb[39m[0m
2026-10-07T06:22:08.6120880Z [  54% ] [90m[1m_update_scan_actions[22m | relay_apparatus.glb[39m[0m
2026-10-07T06:22:08.6180131Z [  54% ] [90m[1m_update_scan_actions[22m | relay_apparatus_0.jpg[39m[0m
2026-10-07T06:22:08.6238081Z [  54% ] [90m[1m_update_scan_actions[22m | south_bridge_gate.glb[39m[0m
2026-10-07T06:22:08.6324899Z [  54% ] [90m[1m_update_scan_actions[22m | south_bridge_gate_0.jpg[39m[0m
2026-10-07T06:22:08.6354506Z [  54% ] [90m[1m_update_scan_actions[22m | tether_machine.glb[39m[0m
2026-10-07T06:22:08.6411843Z [  54% ] [90m[1m_update_scan_actions[22m | tether_machine_0.jpg[39m[0m
2026-10-07T06:22:08.6417436Z [  55% ] [90m[1m_update_scan_actions[22m | tether_pylon.glb[39m[0m
2026-10-07T06:22:08.6450447Z [  55% ] [90m[1m_update_scan_actions[22m | tether_pylon_albedo.png[39m[0m
2026-10-07T06:22:08.6483372Z [  55% ] [90m[1m_update_scan_actions[22m | tether_pylon_albedo_dead.png[39m[0m
2026-10-07T06:22:08.6507334Z [  55% ] [90m[1m_update_scan_actions[22m | dirt_path_Color.png[39m[0m
2026-10-07T06:22:08.6532869Z [  55% ] [90m[1m_update_scan_actions[22m | dirt_path_NormalGL.png[39m[0m
2026-10-07T06:22:08.6553186Z [  55% ] [90m[1m_update_scan_actions[22m | forest_floor_Color.png[39m[0m
2026-10-07T06:22:08.6574350Z [  55% ] [90m[1m_update_scan_actions[22m | forest_floor_NormalGL.png[39m[0m
2026-10-07T06:22:08.6595759Z [  55% ] [90m[1m_update_scan_actions[22m | meadow_grass_Color.png[39m[0m
2026-10-07T06:22:08.6618978Z [  55% ] [90m[1m_update_scan_actions[22m | meadow_grass_NormalGL.png[39m[0m
2026-10-07T06:22:08.6645547Z [  55% ] [90m[1m_update_scan_actions[22m | rock_scree_Color.png[39m[0m
2026-10-07T06:22:08.6683275Z [  55% ] [90m[1m_update_scan_actions[22m | rock_scree_NormalGL.png[39m[0m
2026-10-07T06:22:08.6705489Z [  55% ] [90m[1m_update_scan_actions[22m | verge_grass_Color.png[39m[0m
2026-10-07T06:22:08.6726622Z [  55% ] [90m[1m_update_scan_actions[22m | verge_grass_NormalGL.png[39m[0m
2026-10-07T06:22:08.6744853Z [  55% ] [90m[1m_update_scan_actions[22m | wet_earth_Color.png[39m[0m
2026-10-07T06:22:08.6761676Z [  56% ] [90m[1m_update_scan_actions[22m | wet_earth_NormalGL.png[39m[0m
2026-10-07T06:22:08.6798414Z [  56% ] [90m[1m_update_scan_actions[22m | Grass004_Color.jpg[39m[0m
2026-10-07T06:22:08.6839719Z [  56% ] [90m[1m_update_scan_actions[22m | Grass004_NormalGL.jpg[39m[0m
2026-10-07T06:22:08.6861838Z [  56% ] [90m[1m_update_scan_actions[22m | Grass004_Roughness.jpg[39m[0m
2026-10-07T06:22:08.6879950Z [  56% ] [90m[1m_update_scan_actions[22m | Grass005_Color.jpg[39m[0m
2026-10-07T06:22:08.6898416Z [  56% ] [90m[1m_update_scan_actions[22m | Grass005_NormalGL.jpg[39m[0m
2026-10-07T06:22:08.6916615Z [  56% ] [90m[1m_update_scan_actions[22m | Grass005_Roughness.jpg[39m[0m
2026-10-07T06:22:08.6933306Z [  56% ] [90m[1m_update_scan_actions[22m | Grass008_Color.jpg[39m[0m
2026-10-07T06:22:08.6950443Z [  56% ] [90m[1m_update_scan_actions[22m | Grass008_NormalGL.jpg[39m[0m
2026-10-07T06:22:08.6968348Z [  56% ] [90m[1m_update_scan_actions[22m | Grass008_Roughness.jpg[39m[0m
2026-10-07T06:22:08.6988578Z [  56% ] [90m[1m_update_scan_actions[22m | Ground003_Color.jpg[39m[0m
2026-10-07T06:22:08.7031904Z [  56% ] [90m[1m_update_scan_actions[22m | Ground003_NormalGL.jpg[39m[0m
2026-10-07T06:22:08.7053260Z [  56% ] [90m[1m_update_scan_actions[22m | Ground003_Roughness.jpg[39m[0m
2026-10-07T06:22:08.7069613Z [  56% ] [90m[1m_update_scan_actions[22m | Ground030_Color.jpg[39m[0m
2026-10-07T06:22:08.7111025Z [  57% ] [90m[1m_update_scan_actions[22m | Ground030_NormalGL.jpg[39m[0m
2026-10-07T06:22:08.7150193Z [  57% ] [90m[1m_update_scan_actions[22m | Ground037_Color.jpg[39m[0m
2026-10-07T06:22:08.7193233Z [  57% ] [90m[1m_update_scan_actions[22m | Ground037_NormalGL.jpg[39m[0m
2026-10-07T06:22:08.7214665Z [  57% ] [90m[1m_update_scan_actions[22m | Rock030_Color.jpg[39m[0m
2026-10-07T06:22:08.7258166Z [  57% ] [90m[1m_update_scan_actions[22m | Rock030_NormalGL.jpg[39m[0m
2026-10-07T06:22:08.7277982Z [  57% ] [90m[1m_update_scan_actions[22m | Rock030_Roughness.jpg[39m[0m
2026-10-07T06:22:08.7337083Z [  57% ] [90m[1m_update_scan_actions[22m | tidewake_dune_sand_v1.png[39m[0m
2026-10-07T06:22:08.7353142Z [  57% ] [90m[1m_update_scan_actions[22m | heart_banner.glb[39m[0m
2026-10-07T06:22:08.7373029Z [  57% ] [90m[1m_update_scan_actions[22m | heart_banner_albedo.png[39m[0m
2026-10-07T06:22:08.7398508Z [  57% ] [90m[1m_update_scan_actions[22m | heart_banner_heart_banner_albedo.png[39m[0m
2026-10-07T06:22:08.7400295Z [  57% ] [90m[1m_update_scan_actions[22m | heart_crystal.glb[39m[0m
2026-10-07T06:22:08.7471432Z [  57% ] [90m[1m_update_scan_actions[22m | fall_ribbons.obj[39m[0m
2026-10-07T06:22:08.7479050Z [  57% ] [90m[1m_update_scan_actions[22m | fall_threads.obj[39m[0m
2026-10-07T06:22:08.7505163Z [  57% ] [90m[1m_update_scan_actions[22m | plunge_crowns.obj[39m[0m
2026-10-07T06:22:08.7511594Z [  58% ] [90m[1m_update_scan_actions[22m | plunge_mist.obj[39m[0m
2026-10-07T06:22:08.7520228Z [  58% ] [90m[1m_update_scan_actions[22m | receiving_water.obj[39m[0m
2026-10-07T06:22:08.7527977Z [  58% ] [90m[1m_update_scan_actions[22m | source_and_basin_stone.obj[39m[0m
2026-10-07T06:22:08.7534126Z [  58% ] [90m[1m_update_scan_actions[22m | splash_arcs.obj[39m[0m
2026-10-07T06:22:08.7620542Z [  58% ] [90m[1m_update_scan_actions[22m | pump_station.glb[39m[0m
2026-10-07T06:22:08.7699178Z [  58% ] [90m[1m_update_scan_actions[22m | pump_station_Image_0.jpg[39m[0m
2026-10-07T06:22:08.7753235Z [  58% ] [90m[1m_update_scan_actions[22m | sluice_frame_18.glb[39m[0m
2026-10-07T06:22:08.7818505Z [  58% ] [90m[1m_update_scan_actions[22m | sluice_frame_18_T_WoodTrim_BaseColor.png[39m[0m
2026-10-07T06:22:08.7872436Z [  58% ] [90m[1m_update_scan_actions[22m | sluice_frame_30.glb[39m[0m
2026-10-07T06:22:08.7937604Z [  58% ] [90m[1m_update_scan_actions[22m | sluice_frame_30_T_WoodTrim_BaseColor.png[39m[0m
2026-10-07T06:22:08.8015761Z [  58% ] [90m[1m_update_scan_actions[22m | sluice_leaf_18.glb[39m[0m
2026-10-07T06:22:08.8080707Z [  58% ] [90m[1m_update_scan_actions[22m | sluice_leaf_18_T_WoodTrim_BaseColor.png[39m[0m
2026-10-07T06:22:08.8187308Z [  58% ] [90m[1m_update_scan_actions[22m | sluice_leaf_30.glb[39m[0m
2026-10-07T06:22:08.8251228Z [  58% ] [90m[1m_update_scan_actions[22m | sluice_leaf_30_T_WoodTrim_BaseColor.png[39m[0m
2026-10-07T06:22:08.8294316Z [  59% ] [90m[1m_update_scan_actions[22m | candy_pickup.glb[39m[0m
2026-10-07T06:22:08.8368328Z [  59% ] [90m[1m_update_scan_actions[22m | candy_pickup_0.png[39m[0m
2026-10-07T06:22:08.8491092Z [  59% ] [90m[1m_update_scan_actions[22m | campfire_stone_ring.glb[39m[0m
2026-10-07T06:22:08.8566834Z [  59% ] [90m[1m_update_scan_actions[22m | campfire_stone_ring_base_color.jpg[39m[0m
2026-10-07T06:22:08.8622415Z [  59% ] [90m[1m_update_scan_actions[22m | campfire_stone_ring_metallic_roughness.jpg[39m[0m
2026-10-07T06:22:08.8688453Z [  59% ] [90m[1m_update_scan_actions[22m | campfire_stone_ring_normal.jpg[39m[0m
2026-10-07T06:22:08.8764161Z [  59% ] [90m[1m_update_scan_actions[22m | camp_bed.glb[39m[0m
2026-10-07T06:22:08.8838574Z [  59% ] [90m[1m_update_scan_actions[22m | camp_bed_0.jpg[39m[0m
2026-10-07T06:22:08.8967874Z [  59% ] [90m[1m_update_scan_actions[22m | camp_firewood.glb[39m[0m
2026-10-07T06:22:08.9040742Z [  59% ] [90m[1m_update_scan_actions[22m | camp_firewood_base_color.jpg[39m[0m
2026-10-07T06:22:08.9094154Z [  59% ] [90m[1m_update_scan_actions[22m | camp_firewood_metallic_roughness.jpg[39m[0m
2026-10-07T06:22:08.9156686Z [  59% ] [90m[1m_update_scan_actions[22m | camp_firewood_normal.jpg[39m[0m
2026-10-07T06:22:08.9276585Z [  59% ] [90m[1m_update_scan_actions[22m | camp_flame.glb[39m[0m
2026-10-07T06:22:08.9348855Z [  60% ] [90m[1m_update_scan_actions[22m | camp_flame_base_color.jpg[39m[0m
2026-10-07T06:22:08.9397582Z [  60% ] [90m[1m_update_scan_actions[22m | camp_flame_metallic_roughness.jpg[39m[0m
2026-10-07T06:22:08.9458202Z [  60% ] [90m[1m_update_scan_actions[22m | camp_flame_normal.jpg[39m[0m
2026-10-07T06:22:08.9534532Z [  60% ] [90m[1m_update_scan_actions[22m | camp_tent.glb[39m[0m
2026-10-07T06:22:08.9606650Z [  60% ] [90m[1m_update_scan_actions[22m | camp_tent_0.jpg[39m[0m
2026-10-07T06:22:08.9679919Z [  60% ] [90m[1m_update_scan_actions[22m | camp_tent_base_color.jpg[39m[0m
2026-10-07T06:22:08.9731297Z [  60% ] [90m[1m_update_scan_actions[22m | camp_tent_metallic_roughness.jpg[39m[0m
2026-10-07T06:22:08.9793945Z [  60% ] [90m[1m_update_scan_actions[22m | camp_tent_normal.jpg[39m[0m
2026-10-07T06:22:08.9797976Z [  60% ] [90m[1m_update_scan_actions[22m | colormap.png[39m[0m
2026-10-07T06:22:08.9799915Z [  60% ] [90m[1m_update_scan_actions[22m | bedroll-frame.glb[39m[0m
2026-10-07T06:22:08.9802248Z [  60% ] [90m[1m_update_scan_actions[22m | bedroll-packed.glb[39m[0m
2026-10-07T06:22:08.9804587Z [  60% ] [90m[1m_update_scan_actions[22m | bedroll.glb[39m[0m
2026-10-07T06:22:08.9807872Z [  60% ] [90m[1m_update_scan_actions[22m | bedroll.obj[39m[0m
2026-10-07T06:22:08.9810220Z [  60% ] [90m[1m_update_scan_actions[22m | campfire-pit.glb[39m[0m
2026-10-07T06:22:08.9812337Z [  61% ] [90m[1m_update_scan_actions[22m | tent-canvas.glb[39m[0m
2026-10-07T06:22:08.9814661Z [  61% ] [90m[1m_update_scan_actions[22m | tent.glb[39m[0m
2026-10-07T06:22:08.9816858Z [  61% ] [90m[1m_update_scan_actions[22m | tree-log-small.glb[39m[0m
2026-10-07T06:22:08.9819038Z [  61% ] [90m[1m_update_scan_actions[22m | tree-log.glb[39m[0m
2026-10-07T06:22:08.9828038Z [  61% ] [90m[1m_update_scan_actions[22m | mushroom_pickup.glb[39m[0m
2026-10-07T06:22:08.9843255Z [  61% ] [90m[1m_update_scan_actions[22m | mushroom_pickup_0.png[39m[0m
2026-10-07T06:22:08.9910028Z [  61% ] [90m[1m_update_scan_actions[22m | potion_plant.glb[39m[0m
2026-10-07T06:22:09.0005382Z [  61% ] [90m[1m_update_scan_actions[22m | potion_plant_0.png[39m[0m
2026-10-07T06:22:09.0042794Z [  61% ] [90m[1m_update_scan_actions[22m | potion_plant_1.png[39m[0m
2026-10-07T06:22:09.0045157Z [  61% ] [90m[1m_update_scan_actions[22m | Anvil.gltf[39m[0m
2026-10-07T06:22:09.0048706Z [  61% ] [90m[1m_update_scan_actions[22m | Anvil_Log.gltf[39m[0m
2026-10-07T06:22:09.0050944Z [  61% ] [90m[1m_update_scan_actions[22m | Axe_Bronze.gltf[39m[0m
2026-10-07T06:22:09.0053262Z [  61% ] [90m[1m_update_scan_actions[22m | Bag.gltf[39m[0m
2026-10-07T06:22:09.0055513Z [  61% ] [90m[1m_update_scan_actions[22m | Banner_1.gltf[39m[0m
2026-10-07T06:22:09.0057606Z [  62% ] [90m[1m_update_scan_actions[22m | Banner_1_Cloth.gltf[39m[0m
2026-10-07T06:22:09.0059781Z [  62% ] [90m[1m_update_scan_actions[22m | Banner_2.gltf[39m[0m
2026-10-07T06:22:09.0061815Z [  62% ] [90m[1m_update_scan_actions[22m | Banner_2_Cloth.gltf[39m[0m
2026-10-07T06:22:09.0064240Z [  62% ] [90m[1m_update_scan_actions[22m | Barrel.gltf[39m[0m
2026-10-07T06:22:09.0067174Z [  62% ] [90m[1m_update_scan_actions[22m | Barrel_Apples.gltf[39m[0m
2026-10-07T06:22:09.0070118Z [  62% ] [90m[1m_update_scan_actions[22m | Barrel_Holder.gltf[39m[0m
2026-10-07T06:22:09.0072745Z [  62% ] [90m[1m_update_scan_actions[22m | Bed_Twin1.gltf[39m[0m
2026-10-07T06:22:09.0074949Z [  62% ] [90m[1m_update_scan_actions[22m | Bench.gltf[39m[0m
2026-10-07T06:22:09.0077661Z [  62% ] [90m[1m_update_scan_actions[22m | Bookcase_2.gltf[39m[0m
2026-10-07T06:22:09.0079800Z [  62% ] [90m[1m_update_scan_actions[22m | BookGroup_Medium_1.gltf[39m[0m
2026-10-07T06:22:09.0082168Z [  62% ] [90m[1m_update_scan_actions[22m | BookStand.gltf[39m[0m
2026-10-07T06:22:09.0084439Z [  62% ] [90m[1m_update_scan_actions[22m | Bucket_Metal.gltf[39m[0m
2026-10-07T06:22:09.0086776Z [  62% ] [90m[1m_update_scan_actions[22m | Bucket_Wooden_1.gltf[39m[0m
2026-10-07T06:22:09.0089520Z [  62% ] [90m[1m_update_scan_actions[22m | Cabinet.gltf[39m[0m
2026-10-07T06:22:09.0092813Z [  63% ] [90m[1m_update_scan_actions[22m | Cage_Small.gltf[39m[0m
2026-10-07T06:22:09.0096993Z [  63% ] [90m[1m_update_scan_actions[22m | CandleStick_Stand.gltf[39m[0m
2026-10-07T06:22:09.0099631Z [  63% ] [90m[1m_update_scan_actions[22m | Cauldron.gltf[39m[0m
2026-10-07T06:22:09.0102862Z [  63% ] [90m[1m_update_scan_actions[22m | Chain_Coil.gltf[39m[0m
2026-10-07T06:22:09.0105905Z [  63% ] [90m[1m_update_scan_actions[22m | Chest_Wood.gltf[39m[0m
2026-10-07T06:22:09.0108766Z [  63% ] [90m[1m_update_scan_actions[22m | Crate_Metal.gltf[39m[0m
2026-10-07T06:22:09.0111233Z [  63% ] [90m[1m_update_scan_actions[22m | Crate_Wooden.gltf[39m[0m
2026-10-07T06:22:09.0114290Z [  63% ] [90m[1m_update_scan_actions[22m | Dummy.gltf[39m[0m
2026-10-07T06:22:09.0117672Z [  63% ] [90m[1m_update_scan_actions[22m | FarmCrate_Apple.gltf[39m[0m
2026-10-07T06:22:09.0120287Z [  63% ] [90m[1m_update_scan_actions[22m | FarmCrate_Empty.gltf[39m[0m
2026-10-07T06:22:09.0123315Z [  63% ] [90m[1m_update_scan_actions[22m | Lantern_Wall.gltf[39m[0m
2026-10-07T06:22:09.0125455Z [  63% ] [90m[1m_update_scan_actions[22m | Peg_Rack.gltf[39m[0m
2026-10-07T06:22:09.0127974Z [  63% ] [90m[1m_update_scan_actions[22m | Pickaxe_Bronze.gltf[39m[0m
2026-10-07T06:22:09.0130147Z [  63% ] [90m[1m_update_scan_actions[22m | Pot_1.gltf[39m[0m
2026-10-07T06:22:09.0132380Z [  64% ] [90m[1m_update_scan_actions[22m | Pouch_Large.gltf[39m[0m
2026-10-07T06:22:09.0135006Z [  64% ] [90m[1m_update_scan_actions[22m | Rope_1.gltf[39m[0m
2026-10-07T06:22:09.0137421Z [  64% ] [90m[1m_update_scan_actions[22m | Rope_2.gltf[39m[0m
2026-10-07T06:22:09.0139908Z [  64% ] [90m[1m_update_scan_actions[22m | Rope_3.gltf[39m[0m
2026-10-07T06:22:09.0142063Z [  64% ] [90m[1m_update_scan_actions[22m | Shelf_Simple.gltf[39m[0m
2026-10-07T06:22:09.0144657Z [  64% ] [90m[1m_update_scan_actions[22m | Shield_Wooden.gltf[39m[0m
2026-10-07T06:22:09.0147977Z [  64% ] [90m[1m_update_scan_actions[22m | Stall_Cart_Empty.gltf[39m[0m
2026-10-07T06:22:09.0150456Z [  64% ] [90m[1m_update_scan_actions[22m | Stall_Empty.gltf[39m[0m
2026-10-07T06:22:09.0152469Z [  64% ] [90m[1m_update_scan_actions[22m | Stool.gltf[39m[0m
2026-10-07T06:22:09.0155252Z [  64% ] [90m[1m_update_scan_actions[22m | Sword_Bronze.gltf[39m[0m
2026-10-07T06:22:09.0157563Z [  64% ] [90m[1m_update_scan_actions[22m | Table_Large.gltf[39m[0m
2026-10-07T06:22:09.0164525Z [  64% ] [90m[1m_update_scan_actions[22m | tidewake_chart.svg[39m[0m
2026-10-07T06:22:09.0166825Z [  64% ] [90m[1m_update_scan_actions[22m | Torch_Metal.gltf[39m[0m
2026-10-07T06:22:09.0365992Z [  64% ] [90m[1m_update_scan_actions[22m | T_Page_Noise.png[39m[0m
2026-10-07T06:22:09.0418208Z [  65% ] [90m[1m_update_scan_actions[22m | T_Trim_Cloth_BaseColor.png[39m[0m
2026-10-07T06:22:09.0495648Z [  65% ] [90m[1m_update_scan_actions[22m | T_Trim_Cloth_Normal.png[39m[0m
2026-10-07T06:22:09.0532063Z [  65% ] [90m[1m_update_scan_actions[22m | T_Trim_Cloth_ORM.png[39m[0m
2026-10-07T06:22:09.0587987Z [  65% ] [90m[1m_update_scan_actions[22m | T_Trim_Furniture_BaseColor.png[39m[0m
2026-10-07T06:22:09.0659804Z [  65% ] [90m[1m_update_scan_actions[22m | T_Trim_Furniture_Normal.png[39m[0m
2026-10-07T06:22:09.0713598Z [  65% ] [90m[1m_update_scan_actions[22m | T_Trim_Furniture_ORM.png[39m[0m
2026-10-07T06:22:09.0758942Z [  65% ] [90m[1m_update_scan_actions[22m | T_Trim_Metal_BaseColor.png[39m[0m
2026-10-07T06:22:09.0832612Z [  65% ] [90m[1m_update_scan_actions[22m | T_Trim_Metal_Normal.png[39m[0m
2026-10-07T06:22:09.0884169Z [  65% ] [90m[1m_update_scan_actions[22m | T_Trim_Metal_ORM.png[39m[0m
2026-10-07T06:22:09.0942445Z [  65% ] [90m[1m_update_scan_actions[22m | T_Trim_Props_BaseColor.png[39m[0m
2026-10-07T06:22:09.1028705Z [  65% ] [90m[1m_update_scan_actions[22m | T_Trim_Props_Normal.png[39m[0m
2026-10-07T06:22:09.1098449Z [  65% ] [90m[1m_update_scan_actions[22m | T_Trim_Props_ORM.png[39m[0m
2026-10-07T06:22:09.1123718Z [  65% ] [90m[1m_update_scan_actions[22m | Vase_Rubble_Medium.gltf[39m[0m
2026-10-07T06:22:09.1124457Z [  65% ] [90m[1m_update_scan_actions[22m | WeaponStand.gltf[39m[0m
2026-10-07T06:22:09.1124950Z [  66% ] [90m[1m_update_scan_actions[22m | Whetstone.gltf[39m[0m
2026-10-07T06:22:09.1125373Z [  66% ] [90m[1m_update_scan_actions[22m | Workbench.gltf[39m[0m
2026-10-07T06:22:09.1125792Z [  66% ] [90m[1m_update_scan_actions[22m | BedDouble.obj[39m[0m
2026-10-07T06:22:09.1133510Z [  66% ] [90m[1m_update_scan_actions[22m | BedTwin.obj[39m[0m
2026-10-07T06:22:09.1136504Z [  66% ] [90m[1m_update_scan_actions[22m | Bookcase.obj[39m[0m
2026-10-07T06:22:09.1156920Z [  66% ] [90m[1m_update_scan_actions[22m | Bookcase_Books.obj[39m[0m
2026-10-07T06:22:09.1160684Z [  66% ] [90m[1m_update_scan_actions[22m | Chair.obj[39m[0m
2026-10-07T06:22:09.1168866Z [  66% ] [90m[1m_update_scan_actions[22m | Closet.obj[39m[0m
2026-10-07T06:22:09.1175790Z [  66% ] [90m[1m_update_scan_actions[22m | Desk.obj[39m[0m
2026-10-07T06:22:09.1181559Z [  66% ] [90m[1m_update_scan_actions[22m | Door1.obj[39m[0m
2026-10-07T06:22:09.1187652Z [  66% ] [90m[1m_update_scan_actions[22m | NightStand.obj[39m[0m
2026-10-07T06:22:09.1197703Z [  66% ] [90m[1m_update_scan_actions[22m | ShortCloset.obj[39m[0m
2026-10-07T06:22:09.1201019Z [  66% ] [90m[1m_update_scan_actions[22m | Stool.obj[39m[0m
2026-10-07T06:22:09.1205821Z [  66% ] [90m[1m_update_scan_actions[22m | Table2.obj[39m[0m
2026-10-07T06:22:09.1209923Z [  67% ] [90m[1m_update_scan_actions[22m | Table.obj[39m[0m
2026-10-07T06:22:09.1212484Z [  67% ] [90m[1m_update_scan_actions[22m | Axe.obj[39m[0m
2026-10-07T06:22:09.1218604Z [  67% ] [90m[1m_update_scan_actions[22m | Backpack.obj[39m[0m
2026-10-07T06:22:09.1222558Z [  67% ] [90m[1m_update_scan_actions[22m | Bonfire.obj[39m[0m
2026-10-07T06:22:09.1226394Z [  67% ] [90m[1m_update_scan_actions[22m | Bonfire_Fire.obj[39m[0m
2026-10-07T06:22:09.1229270Z [  67% ] [90m[1m_update_scan_actions[22m | Knife.obj[39m[0m
2026-10-07T06:22:09.1399361Z [  67% ] [90m[1m_update_scan_actions[22m | realm_gate_frame.glb[39m[0m
2026-10-07T06:22:09.1492294Z [  67% ] [90m[1m_update_scan_actions[22m | realm_gate_frame_Image_0.jpg[39m[0m
2026-10-07T06:22:09.1557621Z [  67% ] [90m[1m_update_scan_actions[22m | realm_gate_frame_Image_1.png[39m[0m
2026-10-07T06:22:09.1666925Z [  67% ] [90m[1m_update_scan_actions[22m | realm_gate_frame_normal.png[39m[0m
2026-10-07T06:22:09.1725514Z [  67% ] [90m[1m_update_scan_actions[22m | revive_flower.glb[39m[0m
2026-10-07T06:22:09.1814730Z [  67% ] [90m[1m_update_scan_actions[22m | revive_flower_0.png[39m[0m
2026-10-07T06:22:09.1855397Z [  67% ] [90m[1m_update_scan_actions[22m | riding_saddle.glb[39m[0m
2026-10-07T06:22:09.1925955Z [  67% ] [90m[1m_update_scan_actions[22m | riding_saddle_0.jpg[39m[0m
2026-10-07T06:22:09.1927753Z [  68% ] [90m[1m_update_scan_actions[22m | attack_tonic_badge.glb[39m[0m
2026-10-07T06:22:09.1975044Z [  68% ] [90m[1m_update_scan_actions[22m | bottle_base.glb[39m[0m
2026-10-07T06:22:09.2047107Z [  68% ] [90m[1m_update_scan_actions[22m | bottle_base_Image_0.jpg[39m[0m
2026-10-07T06:22:09.2048796Z [  68% ] [90m[1m_update_scan_actions[22m | elixir_guard_badge.glb[39m[0m
2026-10-07T06:22:09.2050813Z [  68% ] [90m[1m_update_scan_actions[22m | elixir_might_badge.glb[39m[0m
2026-10-07T06:22:09.2052978Z [  68% ] [90m[1m_update_scan_actions[22m | elixir_vigour_badge.glb[39m[0m
2026-10-07T06:22:09.2054942Z [  68% ] [90m[1m_update_scan_actions[22m | stoneguard_brew_badge.glb[39m[0m
2026-10-07T06:22:09.2056831Z [  68% ] [90m[1m_update_scan_actions[22m | swift_tonic_badge.glb[39m[0m
2026-10-07T06:22:09.2115793Z [  68% ] [90m[1m_update_scan_actions[22m | tideglass_shrine.glb[39m[0m
2026-10-07T06:22:09.2193713Z [  68% ] [90m[1m_update_scan_actions[22m | tideglass_shrine_0.jpg[39m[0m
2026-10-07T06:22:09.2264369Z [  68% ] [90m[1m_update_scan_actions[22m | tm_orb.glb[39m[0m
2026-10-07T06:22:09.2337574Z [  68% ] [90m[1m_update_scan_actions[22m | tm_orb_0.jpg[39m[0m
2026-10-07T06:22:09.2365927Z [  68% ] [90m[1m_update_scan_actions[22m | tm_orb_emissive_mask.png[39m[0m
2026-10-07T06:22:09.2456448Z [  68% ] [90m[1m_update_scan_actions[22m | tm_orb_shell.png[39m[0m
2026-10-07T06:22:09.2458238Z [  69% ] [90m[1m_update_scan_actions[22m | aim_enter.wav[39m[0m
2026-10-07T06:22:09.2460123Z [  69% ] [90m[1m_update_scan_actions[22m | build_place.wav[39m[0m
2026-10-07T06:22:09.2461789Z [  69% ] [90m[1m_update_scan_actions[22m | build_snap.wav[39m[0m
2026-10-07T06:22:09.2463917Z [  69% ] [90m[1m_update_scan_actions[22m | capture_success.wav[39m[0m
2026-10-07T06:22:09.2465657Z [  69% ] [90m[1m_update_scan_actions[22m | ui_accept.wav[39m[0m
2026-10-07T06:22:09.2467400Z [  69% ] [90m[1m_update_scan_actions[22m | ui_cancel.wav[39m[0m
2026-10-07T06:22:09.2469252Z [  69% ] [90m[1m_update_scan_actions[22m | ui_error.wav[39m[0m
2026-10-07T06:22:09.2470906Z [  69% ] [90m[1m_update_scan_actions[22m | ui_focus.wav[39m[0m
2026-10-07T06:22:09.2472602Z [  69% ] [90m[1m_update_scan_actions[22m | ui_tab.wav[39m[0m
2026-10-07T06:22:09.2475066Z [  69% ] [90m[1m_update_scan_actions[22m | kenney_future.ttf[39m[0m
2026-10-07T06:22:09.2477145Z [  69% ] [90m[1m_update_scan_actions[22m | kenney_future_narrow.ttf[39m[0m
2026-10-07T06:22:09.2479040Z [  69% ] [90m[1m_update_scan_actions[22m | bedroll.png[39m[0m
2026-10-07T06:22:09.2480887Z [  69% ] [90m[1m_update_scan_actions[22m | campfire.png[39m[0m
2026-10-07T06:22:09.2482845Z [  70% ] [90m[1m_update_scan_actions[22m | creature_bed.png[39m[0m
2026-10-07T06:22:09.2484881Z [  70% ] [90m[1m_update_scan_actions[22m | door.png[39m[0m
2026-10-07T06:22:09.2486792Z [  70% ] [90m[1m_update_scan_actions[22m | fence.png[39m[0m
2026-10-07T06:22:09.2488670Z [  70% ] [90m[1m_update_scan_actions[22m | floor.png[39m[0m
2026-10-07T06:22:09.2490608Z [  70% ] [90m[1m_update_scan_actions[22m | roof.png[39m[0m
2026-10-07T06:22:09.2492636Z [  70% ] [90m[1m_update_scan_actions[22m | storage.png[39m[0m
2026-10-07T06:22:09.2494609Z [  70% ] [90m[1m_update_scan_actions[22m | tent.png[39m[0m
2026-10-07T06:22:09.2496412Z [  70% ] [90m[1m_update_scan_actions[22m | torch.png[39m[0m
2026-10-07T06:22:09.2498371Z [  70% ] [90m[1m_update_scan_actions[22m | wall.png[39m[0m
2026-10-07T06:22:09.2500378Z [  70% ] [90m[1m_update_scan_actions[22m | workbench.png[39m[0m
2026-10-07T06:22:09.2517330Z [  70% ] [90m[1m_update_scan_actions[22m | creatures_paw.png[39m[0m
2026-10-07T06:22:09.2533398Z [  70% ] [90m[1m_update_scan_actions[22m | hp_heart.png[39m[0m
2026-10-07T06:22:09.2559160Z [  70% ] [90m[1m_update_scan_actions[22m | orb_capture.png[39m[0m
2026-10-07T06:22:09.2569796Z [  70% ] [90m[1m_update_scan_actions[22m | stamina_bolt.png[39m[0m
2026-10-07T06:22:09.2571413Z [  71% ] [90m[1m_update_scan_actions[22m | armor_backpack.png[39m[0m
2026-10-07T06:22:09.2573150Z [  71% ] [90m[1m_update_scan_actions[22m | armor_boots.png[39m[0m
2026-10-07T06:22:09.2574938Z [  71% ] [90m[1m_update_scan_actions[22m | armor_helmet.png[39m[0m
2026-10-07T06:22:09.2576711Z [  71% ] [90m[1m_update_scan_actions[22m | armor_leggings.png[39m[0m
2026-10-07T06:22:09.2578474Z [  71% ] [90m[1m_update_scan_actions[22m | armor_vest.png[39m[0m
2026-10-07T06:22:09.2580287Z [  71% ] [90m[1m_update_scan_actions[22m | attack_tonic.png[39m[0m
2026-10-07T06:22:09.2582048Z [  71% ] [90m[1m_update_scan_actions[22m | axe.png[39m[0m
2026-10-07T06:22:09.2583916Z [  71% ] [90m[1m_update_scan_actions[22m | berries.png[39m[0m
2026-10-07T06:22:09.2585719Z [  71% ] [90m[1m_update_scan_actions[22m | castle_gate_key.png[39m[0m
2026-10-07T06:22:09.2587593Z [  71% ] [90m[1m_update_scan_actions[22m | coin.png[39m[0m
2026-10-07T06:22:09.2589417Z [  71% ] [90m[1m_update_scan_actions[22m | elixir_guard.png[39m[0m
2026-10-07T06:22:09.2591180Z [  71% ] [90m[1m_update_scan_actions[22m | elixir_might.png[39m[0m
2026-10-07T06:22:09.2593040Z [  71% ] [90m[1m_update_scan_actions[22m | elixir_vigour.png[39m[0m
2026-10-07T06:22:09.2594885Z [  71% ] [90m[1m_update_scan_actions[22m | fiber.png[39m[0m
2026-10-07T06:22:09.2596792Z [  72% ] [90m[1m_update_scan_actions[22m | field_sigil.png[39m[0m
2026-10-07T06:22:09.2598551Z [  72% ] [90m[1m_update_scan_actions[22m | fishing_rod.png[39m[0m
2026-10-07T06:22:09.2600353Z [  72% ] [90m[1m_update_scan_actions[22m | good_candy.png[39m[0m
2026-10-07T06:22:09.2602165Z [  72% ] [90m[1m_update_scan_actions[22m | great_candy.png[39m[0m
2026-10-07T06:22:09.2603909Z [  72% ] [90m[1m_update_scan_actions[22m | hammer.png[39m[0m
2026-10-07T06:22:09.2605760Z [  72% ] [90m[1m_update_scan_actions[22m | ironwood.png[39m[0m
2026-10-07T06:22:09.2607542Z [  72% ] [90m[1m_update_scan_actions[22m | knife.png[39m[0m
2026-10-07T06:22:09.2609417Z [  72% ] [90m[1m_update_scan_actions[22m | mill_bridge_gear.png[39m[0m
2026-10-07T06:22:09.2611201Z [  72% ] [90m[1m_update_scan_actions[22m | orb_basic.png[39m[0m
2026-10-07T06:22:09.2613230Z [  72% ] [90m[1m_update_scan_actions[22m | orb_greater.png[39m[0m
2026-10-07T06:22:09.2614982Z [  72% ] [90m[1m_update_scan_actions[22m | orb_prime.png[39m[0m
2026-10-07T06:22:09.2616689Z [  72% ] [90m[1m_update_scan_actions[22m | pickaxe.png[39m[0m
2026-10-07T06:22:09.2618553Z [  72% ] [90m[1m_update_scan_actions[22m | potion_large.png[39m[0m
2026-10-07T06:22:09.2620322Z [  72% ] [90m[1m_update_scan_actions[22m | potion_small.png[39m[0m
2026-10-07T06:22:09.2622109Z [  73% ] [90m[1m_update_scan_actions[22m | rare_candy.png[39m[0m
2026-10-07T06:22:09.2623956Z [  73% ] [90m[1m_update_scan_actions[22m | revive.png[39m[0m
2026-10-07T06:22:09.2625838Z [  73% ] [90m[1m_update_scan_actions[22m | ridge_sigil.png[39m[0m
2026-10-07T06:22:09.2627694Z [  73% ] [90m[1m_update_scan_actions[22m | river_sigil.png[39m[0m
2026-10-07T06:22:09.2629497Z [  73% ] [90m[1m_update_scan_actions[22m | rootstone.png[39m[0m
2026-10-07T06:22:09.2631276Z [  73% ] [90m[1m_update_scan_actions[22m | saddle_frame.png[39m[0m
2026-10-07T06:22:09.2633170Z [  73% ] [90m[1m_update_scan_actions[22m | south_bridge_key.png[39m[0m
2026-10-07T06:22:09.2634996Z [  73% ] [90m[1m_update_scan_actions[22m | speed_mushroom.png[39m[0m
2026-10-07T06:22:09.2636797Z [  73% ] [90m[1m_update_scan_actions[22m | stamina_mushroom.png[39m[0m
2026-10-07T06:22:09.2638599Z [  73% ] [90m[1m_update_scan_actions[22m | stone.png[39m[0m
2026-10-07T06:22:09.2640377Z [  73% ] [90m[1m_update_scan_actions[22m | stoneguard_brew.png[39m[0m
2026-10-07T06:22:09.2642278Z [  73% ] [90m[1m_update_scan_actions[22m | swift_tonic.png[39m[0m
2026-10-07T06:22:09.2644236Z [  73% ] [90m[1m_update_scan_actions[22m | tm_burrow_strike.png[39m[0m
2026-10-07T06:22:09.2646110Z [  73% ] [90m[1m_update_scan_actions[22m | tm_charged.png[39m[0m
2026-10-07T06:22:09.2647973Z [  74% ] [90m[1m_update_scan_actions[22m | tm_quick.png[39m[0m
2026-10-07T06:22:09.2649880Z [  74% ] [90m[1m_update_scan_actions[22m | tm_stone_rush.png[39m[0m
2026-10-07T06:22:09.2651630Z [  74% ] [90m[1m_update_scan_actions[22m | wild_mushroom.png[39m[0m
2026-10-07T06:22:09.2653827Z [  74% ] [90m[1m_update_scan_actions[22m | wood.png[39m[0m
2026-10-07T06:22:09.2655787Z [  74% ] [90m[1m_update_scan_actions[22m | alpha.png[39m[0m
2026-10-07T06:22:09.2657900Z [  74% ] [90m[1m_update_scan_actions[22m | bridge.png[39m[0m
2026-10-07T06:22:09.2659979Z [  74% ] [90m[1m_update_scan_actions[22m | camp.png[39m[0m
2026-10-07T06:22:09.2662071Z [  74% ] [90m[1m_update_scan_actions[22m | cave.png[39m[0m
2026-10-07T06:22:09.2664294Z [  74% ] [90m[1m_update_scan_actions[22m | death_satchel.png[39m[0m
2026-10-07T06:22:09.2666369Z [  74% ] [90m[1m_update_scan_actions[22m | gate.png[39m[0m
2026-10-07T06:22:09.2668464Z [  74% ] [90m[1m_update_scan_actions[22m | home.png[39m[0m
2026-10-07T06:22:09.2670569Z [  74% ] [90m[1m_update_scan_actions[22m | objective.png[39m[0m
2026-10-07T06:22:09.2672653Z [  74% ] [90m[1m_update_scan_actions[22m | question.png[39m[0m
2026-10-07T06:22:09.2674795Z [  74% ] [90m[1m_update_scan_actions[22m | relay.png[39m[0m
2026-10-07T06:22:09.2676891Z [  75% ] [90m[1m_update_scan_actions[22m | rift.png[39m[0m
2026-10-07T06:22:09.2679038Z [  75% ] [90m[1m_update_scan_actions[22m | stronghold.png[39m[0m
2026-10-07T06:22:09.2681246Z [  75% ] [90m[1m_update_scan_actions[22m | village.png[39m[0m
2026-10-07T06:22:09.2683177Z [  75% ] [90m[1m_update_scan_actions[22m | bond.png[39m[0m
2026-10-07T06:22:09.2685090Z [  75% ] [90m[1m_update_scan_actions[22m | cat_crafting.png[39m[0m
2026-10-07T06:22:09.2687003Z [  75% ] [90m[1m_update_scan_actions[22m | cat_furniture.png[39m[0m
2026-10-07T06:22:09.2688897Z [  75% ] [90m[1m_update_scan_actions[22m | cat_structures.png[39m[0m
2026-10-07T06:22:09.2690802Z [  75% ] [90m[1m_update_scan_actions[22m | cat_survival.png[39m[0m
2026-10-07T06:22:09.2692714Z [  75% ] [90m[1m_update_scan_actions[22m | move_charged.png[39m[0m
2026-10-07T06:22:09.2694848Z [  75% ] [90m[1m_update_scan_actions[22m | move_quick.png[39m[0m
2026-10-07T06:22:09.2696675Z [  75% ] [90m[1m_update_scan_actions[22m | orb_tier_basic.png[39m[0m
2026-10-07T06:22:09.2698579Z [  75% ] [90m[1m_update_scan_actions[22m | type_air.png[39m[0m
2026-10-07T06:22:09.2700500Z [  75% ] [90m[1m_update_scan_actions[22m | type_ground.png[39m[0m
2026-10-07T06:22:09.2702448Z [  75% ] [90m[1m_update_scan_actions[22m | type_water.png[39m[0m
2026-10-07T06:22:09.2704412Z [  76% ] [90m[1m_update_scan_actions[22m | keyboard_1.png[39m[0m
2026-10-07T06:22:09.2706262Z [  76% ] [90m[1m_update_scan_actions[22m | keyboard_2.png[39m[0m
2026-10-07T06:22:09.2708118Z [  76% ] [90m[1m_update_scan_actions[22m | keyboard_3.png[39m[0m
2026-10-07T06:22:09.2709955Z [  76% ] [90m[1m_update_scan_actions[22m | keyboard_4.png[39m[0m
2026-10-07T06:22:09.2711806Z [  76% ] [90m[1m_update_scan_actions[22m | keyboard_5.png[39m[0m
2026-10-07T06:22:09.2713829Z [  76% ] [90m[1m_update_scan_actions[22m | keyboard_arrow_left.png[39m[0m
2026-10-07T06:22:09.2715636Z [  76% ] [90m[1m_update_scan_actions[22m | keyboard_arrow_right.png[39m[0m
2026-10-07T06:22:09.2717391Z [  76% ] [90m[1m_update_scan_actions[22m | keyboard_b.png[39m[0m
2026-10-07T06:22:09.2719214Z [  76% ] [90m[1m_update_scan_actions[22m | keyboard_c.png[39m[0m
2026-10-07T06:22:09.2721073Z [  76% ] [90m[1m_update_scan_actions[22m | keyboard_e.png[39m[0m
2026-10-07T06:22:09.2723003Z [  76% ] [90m[1m_update_scan_actions[22m | keyboard_escape.png[39m[0m
2026-10-07T06:22:09.2724847Z [  76% ] [90m[1m_update_scan_actions[22m | keyboard_f.png[39m[0m
2026-10-07T06:22:09.2726692Z [  76% ] [90m[1m_update_scan_actions[22m | keyboard_h.png[39m[0m
2026-10-07T06:22:09.2728529Z [  76% ] [90m[1m_update_scan_actions[22m | keyboard_i.png[39m[0m
2026-10-07T06:22:09.2730386Z [  77% ] [90m[1m_update_scan_actions[22m | keyboard_l.png[39m[0m
2026-10-07T06:22:09.2732197Z [  77% ] [90m[1m_update_scan_actions[22m | keyboard_m.png[39m[0m
2026-10-07T06:22:09.2734114Z [  77% ] [90m[1m_update_scan_actions[22m | keyboard_p.png[39m[0m
2026-10-07T06:22:09.2735951Z [  77% ] [90m[1m_update_scan_actions[22m | keyboard_q.png[39m[0m
2026-10-07T06:22:09.2737800Z [  77% ] [90m[1m_update_scan_actions[22m | keyboard_r.png[39m[0m
2026-10-07T06:22:09.2739654Z [  77% ] [90m[1m_update_scan_actions[22m | keyboard_return.png[39m[0m
2026-10-07T06:22:09.2741543Z [  77% ] [90m[1m_update_scan_actions[22m | mouse_left.png[39m[0m
2026-10-07T06:22:09.2743520Z [  77% ] [90m[1m_update_scan_actions[22m | mouse_right.png[39m[0m
2026-10-07T06:22:09.2745385Z [  77% ] [90m[1m_update_scan_actions[22m | xbox_button_a.png[39m[0m
2026-10-07T06:22:09.2747281Z [  77% ] [90m[1m_update_scan_actions[22m | xbox_button_b.png[39m[0m
2026-10-07T06:22:09.2749164Z [  77% ] [90m[1m_update_scan_actions[22m | xbox_button_start.png[39m[0m
2026-10-07T06:22:09.2751040Z [  77% ] [90m[1m_update_scan_actions[22m | xbox_button_view.png[39m[0m
2026-10-07T06:22:09.2752849Z [  77% ] [90m[1m_update_scan_actions[22m | xbox_button_x.png[39m[0m
2026-10-07T06:22:09.2754795Z [  77% ] [90m[1m_update_scan_actions[22m | xbox_button_y.png[39m[0m
2026-10-07T06:22:09.2756680Z [  78% ] [90m[1m_update_scan_actions[22m | xbox_dpad_down.png[39m[0m
2026-10-07T06:22:09.2758545Z [  78% ] [90m[1m_update_scan_actions[22m | xbox_dpad_left.png[39m[0m
2026-10-07T06:22:09.2760396Z [  78% ] [90m[1m_update_scan_actions[22m | xbox_dpad_right.png[39m[0m
2026-10-07T06:22:09.2762199Z [  78% ] [90m[1m_update_scan_actions[22m | xbox_dpad_up.png[39m[0m
2026-10-07T06:22:09.2764154Z [  78% ] [90m[1m_update_scan_actions[22m | xbox_lb.png[39m[0m
2026-10-07T06:22:09.2765977Z [  78% ] [90m[1m_update_scan_actions[22m | xbox_lt.png[39m[0m
2026-10-07T06:22:09.2767845Z [  78% ] [90m[1m_update_scan_actions[22m | xbox_rb.png[39m[0m
2026-10-07T06:22:09.2769773Z [  78% ] [90m[1m_update_scan_actions[22m | xbox_rt.png[39m[0m
2026-10-07T06:22:09.2771546Z [  78% ] [90m[1m_update_scan_actions[22m | xbox_stick_r_press.png[39m[0m
2026-10-07T06:22:09.2790717Z [  78% ] [90m[1m_update_scan_actions[22m | abyssal_guardian.png[39m[0m
2026-10-07T06:22:09.2811302Z [  78% ] [90m[1m_update_scan_actions[22m | aeriex.png[39m[0m
2026-10-07T06:22:09.2836054Z [  78% ] [90m[1m_update_scan_actions[22m | aquaryn.png[39m[0m
2026-10-07T06:22:09.2848114Z [  78% ] [90m[1m_update_scan_actions[22m | bramblebun.png[39m[0m
2026-10-07T06:22:09.2871499Z [  78% ] [90m[1m_update_scan_actions[22m | breezetail.png[39m[0m
2026-10-07T06:22:09.2883060Z [  79% ] [90m[1m_update_scan_actions[22m | brooktail.png[39m[0m
2026-10-07T06:22:09.2894813Z [  79% ] [90m[1m_update_scan_actions[22m | burrowback.png[39m[0m
2026-10-07T06:22:09.2919503Z [  79% ] [90m[1m_update_scan_actions[22m | cannonback.png[39m[0m
2026-10-07T06:22:09.2929391Z [  79% ] [90m[1m_update_scan_actions[22m | cindercub.png[39m[0m
2026-10-07T06:22:09.2955086Z [  79% ] [90m[1m_update_scan_actions[22m | cliffspike.png[39m[0m
2026-10-07T06:22:09.2976032Z [  79% ] [90m[1m_update_scan_actions[22m | cloudfang.png[39m[0m
2026-10-07T06:22:09.3000984Z [  79% ] [90m[1m_update_scan_actions[22m | cragclaw.png[39m[0m
2026-10-07T06:22:09.3023705Z [  79% ] [90m[1m_update_scan_actions[22m | craghorn.png[39m[0m
2026-10-07T06:22:09.3039159Z [  79% ] [90m[1m_update_scan_actions[22m | duskhush.png[39m[0m
2026-10-07T06:22:09.3046061Z [  79% ] [90m[1m_update_scan_actions[22m | frostclaw.png[39m[0m
2026-10-07T06:22:09.3065830Z [  79% ] [90m[1m_update_scan_actions[22m | fulgocobra.png[39m[0m
2026-10-07T06:22:09.3073911Z [  79% ] [90m[1m_update_scan_actions[22m | galecrest.png[39m[0m
2026-10-07T06:22:09.3085790Z [  79% ] [90m[1m_update_scan_actions[22m | galewisp.png[39m[0m
2026-10-07T06:22:09.3108045Z [  80% ] [90m[1m_update_scan_actions[22m | glimmermoth.png[39m[0m
2026-10-07T06:22:09.3127986Z [  80% ] [90m[1m_update_scan_actions[22m | mangrove_monitor.png[39m[0m
2026-10-07T06:22:09.3139195Z [  80% ] [90m[1m_update_scan_actions[22m | meadowhart.png[39m[0m
2026-10-07T06:22:09.3159482Z [  80% ] [90m[1m_update_scan_actions[22m | mirejaw.png[39m[0m
2026-10-07T06:22:09.3172250Z [  80% ] [90m[1m_update_scan_actions[22m | mosshell.png[39m[0m
2026-10-07T06:22:09.3195004Z [  80% ] [90m[1m_update_scan_actions[22m | mosshock.png[39m[0m
2026-10-07T06:22:09.3207724Z [  80% ] [90m[1m_update_scan_actions[22m | mudsnout.png[39m[0m
2026-10-07T06:22:09.3219152Z [  80% ] [90m[1m_update_scan_actions[22m | paddlenewt.png[39m[0m
2026-10-07T06:22:09.3241462Z [  80% ] [90m[1m_update_scan_actions[22m | pebbik.png[39m[0m
2026-10-07T06:22:09.3254711Z [  80% ] [90m[1m_update_scan_actions[22m | pipwing.png[39m[0m
2026-10-07T06:22:09.3263642Z [  80% ] [90m[1m_update_scan_actions[22m | reedwing.png[39m[0m
2026-10-07T06:22:09.3284156Z [  80% ] [90m[1m_update_scan_actions[22m | ribbonray.png[39m[0m
2026-10-07T06:22:09.3297295Z [  80% ] [90m[1m_update_scan_actions[22m | ripplet.png[39m[0m
2026-10-07T06:22:09.3318982Z [  80% ] [90m[1m_update_scan_actions[22m | riptusk.png[39m[0m
2026-10-07T06:22:09.3339746Z [  81% ] [90m[1m_update_scan_actions[22m | riverdrake.png[39m[0m
2026-10-07T06:22:09.3346405Z [  81% ] [90m[1m_update_scan_actions[22m | shadelet.png[39m[0m
2026-10-07T06:22:09.3366240Z [  81% ] [90m[1m_update_scan_actions[22m | sirenseal.png[39m[0m
2026-10-07T06:22:09.3385545Z [  81% ] [90m[1m_update_scan_actions[22m | skyrill.png[39m[0m
2026-10-07T06:22:09.3407309Z [  81% ] [90m[1m_update_scan_actions[22m | solmane.png[39m[0m
2026-10-07T06:22:09.3414296Z [  81% ] [90m[1m_update_scan_actions[22m | sparkit.png[39m[0m
2026-10-07T06:22:09.3438721Z [  81% ] [90m[1m_update_scan_actions[22m | staticub.png[39m[0m
2026-10-07T06:22:09.3461572Z [  81% ] [90m[1m_update_scan_actions[22m | stormbrush.png[39m[0m
2026-10-07T06:22:09.3484844Z [  81% ] [90m[1m_update_scan_actions[22m | stormcapra.png[39m[0m
2026-10-07T06:22:09.3505762Z [  81% ] [90m[1m_update_scan_actions[22m | stormraven.png[39m[0m
2026-10-07T06:22:09.3526516Z [  81% ] [90m[1m_update_scan_actions[22m | tanglevolt.png[39m[0m
2026-10-07T06:22:09.3546847Z [  81% ] [90m[1m_update_scan_actions[22m | tempestwing.png[39m[0m
2026-10-07T06:22:09.3559439Z [  81% ] [90m[1m_update_scan_actions[22m | terrapup.png[39m[0m
2026-10-07T06:22:09.3582691Z [  81% ] [90m[1m_update_scan_actions[22m | thundertunnel.png[39m[0m
2026-10-07T06:22:09.3604868Z [  82% ] [90m[1m_update_scan_actions[22m | tidecoil.png[39m[0m
2026-10-07T06:22:09.3630035Z [  82% ] [90m[1m_update_scan_actions[22m | torrentoad.png[39m[0m
2026-10-07T06:22:09.3641203Z [  82% ] [90m[1m_update_scan_actions[22m | trailpup.png[39m[0m
2026-10-07T06:22:09.3654072Z [  82% ] [90m[1m_update_scan_actions[22m | tuskroot.png[39m[0m
2026-10-07T06:22:09.3665654Z [  82% ] [90m[1m_update_scan_actions[22m | veridian.png[39m[0m
2026-10-07T06:22:09.3689464Z [  82% ] [90m[1m_update_scan_actions[22m | voltarach.png[39m[0m
2026-10-07T06:22:09.3711865Z [  82% ] [90m[1m_update_scan_actions[22m | voltwig.png[39m[0m
2026-10-07T06:22:09.3715728Z [  82% ] [90m[1m_update_scan_actions[22m | ada.png[39m[0m
2026-10-07T06:22:09.3718912Z [  82% ] [90m[1m_update_scan_actions[22m | bram.png[39m[0m
2026-10-07T06:22:09.3722092Z [  82% ] [90m[1m_update_scan_actions[22m | bryn.png[39m[0m
2026-10-07T06:22:09.3725418Z [  82% ] [90m[1m_update_scan_actions[22m | captain.png[39m[0m
2026-10-07T06:22:09.3728810Z [  82% ] [90m[1m_update_scan_actions[22m | captain_a.png[39m[0m
2026-10-07T06:22:09.3732187Z [  82% ] [90m[1m_update_scan_actions[22m | captain_b.png[39m[0m
2026-10-07T06:22:09.3773614Z [  82% ] [90m[1m_update_scan_actions[22m | cloudreach_aila_clean.png[39m[0m
2026-10-07T06:22:09.3777101Z [  83% ] [90m[1m_update_scan_actions[22m | corin.png[39m[0m
2026-10-07T06:22:09.3780284Z [  83% ] [90m[1m_update_scan_actions[22m | doss.png[39m[0m
2026-10-07T06:22:09.3783556Z [  83% ] [90m[1m_update_scan_actions[22m | fenn.png[39m[0m
2026-10-07T06:22:09.3786903Z [  83% ] [90m[1m_update_scan_actions[22m | garrick.png[39m[0m
2026-10-07T06:22:09.3790205Z [  83% ] [90m[1m_update_scan_actions[22m | grandpa.png[39m[0m
2026-10-07T06:22:09.3793475Z [  83% ] [90m[1m_update_scan_actions[22m | grunt.png[39m[0m
2026-10-07T06:22:09.3796397Z [  83% ] [90m[1m_update_scan_actions[22m | grunt_a.png[39m[0m
2026-10-07T06:22:09.3799434Z [  83% ] [90m[1m_update_scan_actions[22m | grunt_b.png[39m[0m
2026-10-07T06:22:09.3802263Z [  83% ] [90m[1m_update_scan_actions[22m | grunt_c.png[39m[0m
2026-10-07T06:22:09.3805468Z [  83% ] [90m[1m_update_scan_actions[22m | halda.png[39m[0m
2026-10-07T06:22:09.3808769Z [  83% ] [90m[1m_update_scan_actions[22m | juno.png[39m[0m
2026-10-07T06:22:09.3811612Z [  83% ] [90m[1m_update_scan_actions[22m | kael.png[39m[0m
2026-10-07T06:22:09.3814876Z [  83% ] [90m[1m_update_scan_actions[22m | kell.png[39m[0m
2026-10-07T06:22:09.3818096Z [  83% ] [90m[1m_update_scan_actions[22m | lark.png[39m[0m
2026-10-07T06:22:09.3820754Z [  84% ] [90m[1m_update_scan_actions[22m | lyra.png[39m[0m
2026-10-07T06:22:09.3824263Z [  84% ] [90m[1m_update_scan_actions[22m | maren.png[39m[0m
2026-10-07T06:22:09.3827428Z [  84% ] [90m[1m_update_scan_actions[22m | mira.png[39m[0m
2026-10-07T06:22:09.3840664Z [  84% ] [90m[1m_update_scan_actions[22m | nessa.png[39m[0m
2026-10-07T06:22:09.3841249Z [  84% ] [90m[1m_update_scan_actions[22m | officer.png[39m[0m
2026-10-07T06:22:09.3841868Z [  84% ] [90m[1m_update_scan_actions[22m | officer_a.png[39m[0m
2026-10-07T06:22:09.3842366Z [  84% ] [90m[1m_update_scan_actions[22m | officer_b.png[39m[0m
2026-10-07T06:22:09.3843120Z [  84% ] [90m[1m_update_scan_actions[22m | old_perrin.png[39m[0m
2026-10-07T06:22:09.3846476Z [  84% ] [90m[1m_update_scan_actions[22m | oskar.png[39m[0m
2026-10-07T06:22:09.3849793Z [  84% ] [90m[1m_update_scan_actions[22m | quarry_foreman.png[39m[0m
2026-10-07T06:22:09.3852743Z [  84% ] [90m[1m_update_scan_actions[22m | rae.png[39m[0m
2026-10-07T06:22:09.3856220Z [  84% ] [90m[1m_update_scan_actions[22m | ren.png[39m[0m
2026-10-07T06:22:09.3858953Z [  84% ] [90m[1m_update_scan_actions[22m | sera.png[39m[0m
2026-10-07T06:22:09.3862742Z [  84% ] [90m[1m_update_scan_actions[22m | sorrel.png[39m[0m
2026-10-07T06:22:09.3865963Z [  85% ] [90m[1m_update_scan_actions[22m | tam.png[39m[0m
2026-10-07T06:22:09.3869338Z [  85% ] [90m[1m_update_scan_actions[22m | tobin.png[39m[0m
2026-10-07T06:22:09.3872785Z [  85% ] [90m[1m_update_scan_actions[22m | trainer.png[39m[0m
2026-10-07T06:22:09.3876015Z [  85% ] [90m[1m_update_scan_actions[22m | villager_female.png[39m[0m
2026-10-07T06:22:09.3879125Z [  85% ] [90m[1m_update_scan_actions[22m | villager_male.png[39m[0m
2026-10-07T06:22:09.3882267Z [  85% ] [90m[1m_update_scan_actions[22m | villager_ranger.png[39m[0m
2026-10-07T06:22:09.3886111Z [  85% ] [90m[1m_update_scan_actions[22m | wandering_trainer.png[39m[0m
2026-10-07T06:22:09.3889621Z [  85% ] [90m[1m_update_scan_actions[22m | warden.png[39m[0m
2026-10-07T06:22:09.3893357Z [  85% ] [90m[1m_update_scan_actions[22m | wilhelm.png[39m[0m
2026-10-07T06:22:09.3895542Z [  85% ] [90m[1m_update_scan_actions[22m | bubble_volley_impact.wav[39m[0m
2026-10-07T06:22:09.3897727Z [  85% ] [90m[1m_update_scan_actions[22m | bubble_volley_impact_mastery.wav[39m[0m
2026-10-07T06:22:09.3899671Z [  85% ] [90m[1m_update_scan_actions[22m | bubble_volley_launch.wav[39m[0m
2026-10-07T06:22:09.3901659Z [  85% ] [90m[1m_update_scan_actions[22m | bubble_volley_launch_mastery.wav[39m[0m
2026-10-07T06:22:09.3903946Z [  85% ] [90m[1m_update_scan_actions[22m | bubble_volley_launch_travel.wav[39m[0m
2026-10-07T06:22:09.3906219Z [  86% ] [90m[1m_update_scan_actions[22m | bubble_volley_launch_travel_mastery.wav[39m[0m
2026-10-07T06:22:09.3908328Z [  86% ] [90m[1m_update_scan_actions[22m | bubble_volley_travel.wav[39m[0m
2026-10-07T06:22:09.3910349Z [  86% ] [90m[1m_update_scan_actions[22m | buff_aura_impact.wav[39m[0m
2026-10-07T06:22:09.3912416Z [  86% ] [90m[1m_update_scan_actions[22m | buff_aura_impact_mastery.wav[39m[0m
2026-10-07T06:22:09.3914508Z [  86% ] [90m[1m_update_scan_actions[22m | buff_aura_launch.wav[39m[0m
2026-10-07T06:22:09.3916517Z [  86% ] [90m[1m_update_scan_actions[22m | buff_aura_launch_mastery.wav[39m[0m
2026-10-07T06:22:09.3918756Z [  86% ] [90m[1m_update_scan_actions[22m | buff_aura_launch_travel.wav[39m[0m
2026-10-07T06:22:09.3920999Z [  86% ] [90m[1m_update_scan_actions[22m | buff_aura_launch_travel_mastery.wav[39m[0m
2026-10-07T06:22:09.3923209Z [  86% ] [90m[1m_update_scan_actions[22m | buff_aura_travel.wav[39m[0m
2026-10-07T06:22:09.3925288Z [  86% ] [90m[1m_update_scan_actions[22m | catch_tether_beam_impact.wav[39m[0m
2026-10-07T06:22:09.3927441Z [  86% ] [90m[1m_update_scan_actions[22m | catch_tether_beam_impact_mastery.wav[39m[0m
2026-10-07T06:22:09.3929274Z [  86% ] [90m[1m_update_scan_actions[22m | catch_tether_beam_launch.wav[39m[0m
2026-10-07T06:22:09.3931195Z [  86% ] [90m[1m_update_scan_actions[22m | catch_tether_beam_launch_mastery.wav[39m[0m
2026-10-07T06:22:09.3933509Z [  86% ] [90m[1m_update_scan_actions[22m | catch_tether_beam_launch_travel.wav[39m[0m
2026-10-07T06:22:09.3935753Z [  87% ] [90m[1m_update_scan_actions[22m | catch_tether_beam_launch_travel_mastery.wav[39m[0m
2026-10-07T06:22:09.3937864Z [  87% ] [90m[1m_update_scan_actions[22m | catch_tether_beam_travel.wav[39m[0m
2026-10-07T06:22:09.3939912Z [  87% ] [90m[1m_update_scan_actions[22m | chain_lightning_impact.wav[39m[0m
2026-10-07T06:22:09.3942034Z [  87% ] [90m[1m_update_scan_actions[22m | chain_lightning_impact_mastery.wav[39m[0m
2026-10-07T06:22:09.3944038Z [  87% ] [90m[1m_update_scan_actions[22m | chain_lightning_launch.wav[39m[0m
2026-10-07T06:22:09.3946169Z [  87% ] [90m[1m_update_scan_actions[22m | chain_lightning_launch_mastery.wav[39m[0m
2026-10-07T06:22:09.3948205Z [  87% ] [90m[1m_update_scan_actions[22m | chain_lightning_launch_travel.wav[39m[0m
2026-10-07T06:22:09.3950441Z [  87% ] [90m[1m_update_scan_actions[22m | chain_lightning_launch_travel_mastery.wav[39m[0m
2026-10-07T06:22:09.3952561Z [  87% ] [90m[1m_update_scan_actions[22m | chain_lightning_travel.wav[39m[0m
2026-10-07T06:22:09.3954639Z [  87% ] [90m[1m_update_scan_actions[22m | charge_dash_impact.wav[39m[0m
2026-10-07T06:22:09.3956747Z [  87% ] [90m[1m_update_scan_actions[22m | charge_dash_impact_mastery.wav[39m[0m
2026-10-07T06:22:09.3958603Z [  87% ] [90m[1m_update_scan_actions[22m | charge_dash_launch.wav[39m[0m
2026-10-07T06:22:09.3960532Z [  87% ] [90m[1m_update_scan_actions[22m | charge_dash_launch_mastery.wav[39m[0m
2026-10-07T06:22:09.3962748Z [  87% ] [90m[1m_update_scan_actions[22m | charge_dash_launch_travel.wav[39m[0m
2026-10-07T06:22:09.3973421Z [  88% ] [90m[1m_update_scan_actions[22m | charge_dash_launch_travel_mastery.wav[39m[0m
2026-10-07T06:22:09.3973957Z [  88% ] [90m[1m_update_scan_actions[22m | charge_dash_travel.wav[39m[0m
2026-10-07T06:22:09.3974428Z [  88% ] [90m[1m_update_scan_actions[22m | debuff_hex_impact.wav[39m[0m
2026-10-07T06:22:09.3974920Z [  88% ] [90m[1m_update_scan_actions[22m | debuff_hex_impact_mastery.wav[39m[0m
2026-10-07T06:22:09.3975404Z [  88% ] [90m[1m_update_scan_actions[22m | debuff_hex_launch.wav[39m[0m
2026-10-07T06:22:09.3975891Z [  88% ] [90m[1m_update_scan_actions[22m | debuff_hex_launch_mastery.wav[39m[0m
2026-10-07T06:22:09.3976571Z [  88% ] [90m[1m_update_scan_actions[22m | debuff_hex_launch_travel.wav[39m[0m
2026-10-07T06:22:09.3978650Z [  88% ] [90m[1m_update_scan_actions[22m | debuff_hex_launch_travel_mastery.wav[39m[0m
2026-10-07T06:22:09.3980577Z [  88% ] [90m[1m_update_scan_actions[22m | debuff_hex_travel.wav[39m[0m
2026-10-07T06:22:09.3982414Z [  88% ] [90m[1m_update_scan_actions[22m | ember_burst_impact.wav[39m[0m
2026-10-07T06:22:09.3984410Z [  88% ] [90m[1m_update_scan_actions[22m | ember_burst_impact_mastery.wav[39m[0m
2026-10-07T06:22:09.3986095Z [  88% ] [90m[1m_update_scan_actions[22m | ember_burst_launch.wav[39m[0m
2026-10-07T06:22:09.3987833Z [  88% ] [90m[1m_update_scan_actions[22m | ember_burst_launch_mastery.wav[39m[0m
2026-10-07T06:22:09.3989835Z [  88% ] [90m[1m_update_scan_actions[22m | ember_burst_launch_travel.wav[39m[0m
2026-10-07T06:22:09.3991964Z [  89% ] [90m[1m_update_scan_actions[22m | ember_burst_launch_travel_mastery.wav[39m[0m
2026-10-07T06:22:09.3993987Z [  89% ] [90m[1m_update_scan_actions[22m | ember_burst_travel.wav[39m[0m
2026-10-07T06:22:09.3995861Z [  89% ] [90m[1m_update_scan_actions[22m | fireball_impact.wav[39m[0m
2026-10-07T06:22:09.3997785Z [  89% ] [90m[1m_update_scan_actions[22m | fireball_impact_mastery.wav[39m[0m
2026-10-07T06:22:09.3999489Z [  89% ] [90m[1m_update_scan_actions[22m | fireball_launch.wav[39m[0m
2026-10-07T06:22:09.4001286Z [  89% ] [90m[1m_update_scan_actions[22m | fireball_launch_mastery.wav[39m[0m
2026-10-07T06:22:09.4003325Z [  89% ] [90m[1m_update_scan_actions[22m | fireball_launch_travel.wav[39m[0m
2026-10-07T06:22:09.4005367Z [  89% ] [90m[1m_update_scan_actions[22m | fireball_launch_travel_mastery.wav[39m[0m
2026-10-07T06:22:09.4007283Z [  89% ] [90m[1m_update_scan_actions[22m | fireball_travel.wav[39m[0m
2026-10-07T06:22:09.4009154Z [  89% ] [90m[1m_update_scan_actions[22m | flame_cone_impact.wav[39m[0m
2026-10-07T06:22:09.4011090Z [  89% ] [90m[1m_update_scan_actions[22m | flame_cone_impact_mastery.wav[39m[0m
2026-10-07T06:22:09.4012778Z [  89% ] [90m[1m_update_scan_actions[22m | flame_cone_launch.wav[39m[0m
2026-10-07T06:22:09.4014581Z [  89% ] [90m[1m_update_scan_actions[22m | flame_cone_launch_mastery.wav[39m[0m
2026-10-07T06:22:09.4016702Z [  90% ] [90m[1m_update_scan_actions[22m | flame_cone_launch_travel.wav[39m[0m
2026-10-07T06:22:09.4018692Z [  90% ] [90m[1m_update_scan_actions[22m | flame_cone_launch_travel_mastery.wav[39m[0m
2026-10-07T06:22:09.4020691Z [  90% ] [90m[1m_update_scan_actions[22m | flame_cone_travel.wav[39m[0m
2026-10-07T06:22:09.4022592Z [  90% ] [90m[1m_update_scan_actions[22m | frost_breath_impact.wav[39m[0m
2026-10-07T06:22:09.4024624Z [  90% ] [90m[1m_update_scan_actions[22m | frost_breath_impact_mastery.wav[39m[0m
2026-10-07T06:22:09.4026337Z [  90% ] [90m[1m_update_scan_actions[22m | frost_breath_launch.wav[39m[0m
2026-10-07T06:22:09.4033418Z [  90% ] [90m[1m_update_scan_actions[22m | frost_breath_launch_mastery.wav[39m[0m
2026-10-07T06:22:09.4033935Z [  90% ] [90m[1m_update_scan_actions[22m | frost_breath_launch_travel.wav[39m[0m
2026-10-07T06:22:09.4034470Z [  90% ] [90m[1m_update_scan_actions[22m | frost_breath_launch_travel_mastery.wav[39m[0m
2026-10-07T06:22:09.4035109Z [  90% ] [90m[1m_update_scan_actions[22m | frost_breath_travel.wav[39m[0m
2026-10-07T06:22:09.4036396Z [  90% ] [90m[1m_update_scan_actions[22m | guard_flash_impact.wav[39m[0m
2026-10-07T06:22:09.4038302Z [  90% ] [90m[1m_update_scan_actions[22m | guard_flash_impact_mastery.wav[39m[0m
2026-10-07T06:22:09.4039989Z [  90% ] [90m[1m_update_scan_actions[22m | guard_flash_launch.wav[39m[0m
2026-10-07T06:22:09.4041731Z [  90% ] [90m[1m_update_scan_actions[22m | guard_flash_launch_mastery.wav[39m[0m
2026-10-07T06:22:09.4043774Z [  91% ] [90m[1m_update_scan_actions[22m | guard_flash_launch_travel.wav[39m[0m
2026-10-07T06:22:09.4045855Z [  91% ] [90m[1m_update_scan_actions[22m | guard_flash_launch_travel_mastery.wav[39m[0m
2026-10-07T06:22:09.4047786Z [  91% ] [90m[1m_update_scan_actions[22m | guard_flash_travel.wav[39m[0m
2026-10-07T06:22:09.4049628Z [  91% ] [90m[1m_update_scan_actions[22m | heal_pulse_impact.wav[39m[0m
2026-10-07T06:22:09.4051519Z [  91% ] [90m[1m_update_scan_actions[22m | heal_pulse_impact_mastery.wav[39m[0m
2026-10-07T06:22:09.4053196Z [  91% ] [90m[1m_update_scan_actions[22m | heal_pulse_launch.wav[39m[0m
2026-10-07T06:22:09.4054974Z [  91% ] [90m[1m_update_scan_actions[22m | heal_pulse_launch_mastery.wav[39m[0m
2026-10-07T06:22:09.4056998Z [  91% ] [90m[1m_update_scan_actions[22m | heal_pulse_launch_travel.wav[39m[0m
2026-10-07T06:22:09.4059073Z [  91% ] [90m[1m_update_scan_actions[22m | heal_pulse_launch_travel_mastery.wav[39m[0m
2026-10-07T06:22:09.4060999Z [  91% ] [90m[1m_update_scan_actions[22m | heal_pulse_travel.wav[39m[0m
2026-10-07T06:22:09.4063007Z [  91% ] [90m[1m_update_scan_actions[22m | ice_shard_volley_impact.wav[39m[0m
2026-10-07T06:22:09.4065277Z [  91% ] [90m[1m_update_scan_actions[22m | ice_shard_volley_impact_mastery.wav[39m[0m
2026-10-07T06:22:09.4067121Z [  91% ] [90m[1m_update_scan_actions[22m | ice_shard_volley_launch.wav[39m[0m
2026-10-07T06:22:09.4069068Z [  91% ] [90m[1m_update_scan_actions[22m | ice_shard_volley_launch_mastery.wav[39m[0m
2026-10-07T06:22:09.4071261Z [  92% ] [90m[1m_update_scan_actions[22m | ice_shard_volley_launch_travel.wav[39m[0m
2026-10-07T06:22:09.4073622Z [  92% ] [90m[1m_update_scan_actions[22m | ice_shard_volley_launch_travel_mastery.wav[39m[0m
2026-10-07T06:22:09.4075801Z [  92% ] [90m[1m_update_scan_actions[22m | ice_shard_volley_travel.wav[39m[0m
2026-10-07T06:22:09.4077827Z [  92% ] [90m[1m_update_scan_actions[22m | psychic_pulse_impact.wav[39m[0m
2026-10-07T06:22:09.4079870Z [  92% ] [90m[1m_update_scan_actions[22m | psychic_pulse_impact_mastery.wav[39m[0m
2026-10-07T06:22:09.4081723Z [  92% ] [90m[1m_update_scan_actions[22m | psychic_pulse_launch.wav[39m[0m
2026-10-07T06:22:09.4083714Z [  92% ] [90m[1m_update_scan_actions[22m | psychic_pulse_launch_mastery.wav[39m[0m
2026-10-07T06:22:09.4085900Z [  92% ] [90m[1m_update_scan_actions[22m | psychic_pulse_launch_travel.wav[39m[0m
2026-10-07T06:22:09.4088360Z [  92% ] [90m[1m_update_scan_actions[22m | psychic_pulse_launch_travel_mastery.wav[39m[0m
2026-10-07T06:22:09.4090254Z [  92% ] [90m[1m_update_scan_actions[22m | psychic_pulse_travel.wav[39m[0m
2026-10-07T06:22:09.4092249Z [  92% ] [90m[1m_update_scan_actions[22m | quake_ring_impact.wav[39m[0m
2026-10-07T06:22:09.4094387Z [  92% ] [90m[1m_update_scan_actions[22m | quake_ring_impact_mastery.wav[39m[0m
2026-10-07T06:22:09.4096211Z [  92% ] [90m[1m_update_scan_actions[22m | quake_ring_launch.wav[39m[0m
2026-10-07T06:22:09.4098113Z [  92% ] [90m[1m_update_scan_actions[22m | quake_ring_launch_mastery.wav[39m[0m
2026-10-07T06:22:09.4100262Z [  93% ] [90m[1m_update_scan_actions[22m | quake_ring_launch_travel.wav[39m[0m
2026-10-07T06:22:09.4102462Z [  93% ] [90m[1m_update_scan_actions[22m | quake_ring_launch_travel_mastery.wav[39m[0m
2026-10-07T06:22:09.4104588Z [  93% ] [90m[1m_update_scan_actions[22m | quake_ring_travel.wav[39m[0m
2026-10-07T06:22:09.4106639Z [  93% ] [90m[1m_update_scan_actions[22m | root_stone_spikes_impact.wav[39m[0m
2026-10-07T06:22:09.4108697Z [  93% ] [90m[1m_update_scan_actions[22m | root_stone_spikes_impact_mastery.wav[39m[0m
2026-10-07T06:22:09.4110557Z [  93% ] [90m[1m_update_scan_actions[22m | root_stone_spikes_launch.wav[39m[0m
2026-10-07T06:22:09.4112445Z [  93% ] [90m[1m_update_scan_actions[22m | root_stone_spikes_launch_mastery.wav[39m[0m
2026-10-07T06:22:09.4114747Z [  93% ] [90m[1m_update_scan_actions[22m | root_stone_spikes_launch_travel.wav[39m[0m
2026-10-07T06:22:09.4116962Z [  93% ] [90m[1m_update_scan_actions[22m | root_stone_spikes_launch_travel_mastery.wav[39m[0m
2026-10-07T06:22:09.4119089Z [  93% ] [90m[1m_update_scan_actions[22m | root_stone_spikes_travel.wav[39m[0m
2026-10-07T06:22:09.4121078Z [  93% ] [90m[1m_update_scan_actions[22m | shadow_bolt_impact.wav[39m[0m
2026-10-07T06:22:09.4123203Z [  93% ] [90m[1m_update_scan_actions[22m | shadow_bolt_impact_mastery.wav[39m[0m
2026-10-07T06:22:09.4125071Z [  93% ] [90m[1m_update_scan_actions[22m | shadow_bolt_launch.wav[39m[0m
2026-10-07T06:22:09.4126984Z [  93% ] [90m[1m_update_scan_actions[22m | shadow_bolt_launch_mastery.wav[39m[0m
2026-10-07T06:22:09.4129192Z [  94% ] [90m[1m_update_scan_actions[22m | shadow_bolt_launch_travel.wav[39m[0m
2026-10-07T06:22:09.4131437Z [  94% ] [90m[1m_update_scan_actions[22m | shadow_bolt_launch_travel_mastery.wav[39m[0m
2026-10-07T06:22:09.4133614Z [  94% ] [90m[1m_update_scan_actions[22m | shadow_bolt_travel.wav[39m[0m
2026-10-07T06:22:09.4135641Z [  94% ] [90m[1m_update_scan_actions[22m | sky_lightning_impact.wav[39m[0m
2026-10-07T06:22:09.4137767Z [  94% ] [90m[1m_update_scan_actions[22m | sky_lightning_impact_mastery.wav[39m[0m
2026-10-07T06:22:09.4139609Z [  94% ] [90m[1m_update_scan_actions[22m | sky_lightning_launch.wav[39m[0m
2026-10-07T06:22:09.4141537Z [  94% ] [90m[1m_update_scan_actions[22m | sky_lightning_launch_mastery.wav[39m[0m
2026-10-07T06:22:09.4143827Z [  94% ] [90m[1m_update_scan_actions[22m | sky_lightning_launch_travel.wav[39m[0m
2026-10-07T06:22:09.4146042Z [  94% ] [90m[1m_update_scan_actions[22m | sky_lightning_launch_travel_mastery.wav[39m[0m
2026-10-07T06:22:09.4148145Z [  94% ] [90m[1m_update_scan_actions[22m | sky_lightning_travel.wav[39m[0m
2026-10-07T06:22:09.4150169Z [  94% ] [90m[1m_update_scan_actions[22m | slash_trail_impact.wav[39m[0m
2026-10-07T06:22:09.4152227Z [  94% ] [90m[1m_update_scan_actions[22m | slash_trail_impact_mastery.wav[39m[0m
2026-10-07T06:22:09.4154284Z [  94% ] [90m[1m_update_scan_actions[22m | slash_trail_launch.wav[39m[0m
2026-10-07T06:22:09.4156223Z [  94% ] [90m[1m_update_scan_actions[22m | slash_trail_launch_mastery.wav[39m[0m
2026-10-07T06:22:09.4158393Z [  95% ] [90m[1m_update_scan_actions[22m | slash_trail_launch_travel.wav[39m[0m
2026-10-07T06:22:09.4160683Z [  95% ] [90m[1m_update_scan_actions[22m | slash_trail_launch_travel_mastery.wav[39m[0m
2026-10-07T06:22:09.4162864Z [  95% ] [90m[1m_update_scan_actions[22m | slash_trail_travel.wav[39m[0m
2026-10-07T06:22:09.4164833Z [  95% ] [90m[1m_update_scan_actions[22m | stone_boulder_impact.wav[39m[0m
2026-10-07T06:22:09.4166909Z [  95% ] [90m[1m_update_scan_actions[22m | stone_boulder_impact_mastery.wav[39m[0m
2026-10-07T06:22:09.4168769Z [  95% ] [90m[1m_update_scan_actions[22m | stone_boulder_launch.wav[39m[0m
2026-10-07T06:22:09.4170689Z [  95% ] [90m[1m_update_scan_actions[22m | stone_boulder_launch_mastery.wav[39m[0m
2026-10-07T06:22:09.4172844Z [  95% ] [90m[1m_update_scan_actions[22m | stone_boulder_launch_travel.wav[39m[0m
2026-10-07T06:22:09.4175145Z [  95% ] [90m[1m_update_scan_actions[22m | stone_boulder_launch_travel_mastery.wav[39m[0m
2026-10-07T06:22:09.4177274Z [  95% ] [90m[1m_update_scan_actions[22m | stone_boulder_travel.wav[39m[0m
2026-10-07T06:22:09.4179281Z [  95% ] [90m[1m_update_scan_actions[22m | stone_throw_impact.wav[39m[0m
2026-10-07T06:22:09.4181313Z [  95% ] [90m[1m_update_scan_actions[22m | stone_throw_impact_mastery.wav[39m[0m
2026-10-07T06:22:09.4183223Z [  95% ] [90m[1m_update_scan_actions[22m | stone_throw_launch.wav[39m[0m
2026-10-07T06:22:09.4185146Z [  95% ] [90m[1m_update_scan_actions[22m | stone_throw_launch_mastery.wav[39m[0m
2026-10-07T06:22:09.4187292Z [  96% ] [90m[1m_update_scan_actions[22m | stone_throw_launch_travel.wav[39m[0m
2026-10-07T06:22:09.4189514Z [  96% ] [90m[1m_update_scan_actions[22m | stone_throw_launch_travel_mastery.wav[39m[0m
2026-10-07T06:22:09.4191637Z [  96% ] [90m[1m_update_scan_actions[22m | stone_throw_travel.wav[39m[0m
2026-10-07T06:22:09.4193779Z [  96% ] [90m[1m_update_scan_actions[22m | tidal_wave_impact.wav[39m[0m
2026-10-07T06:22:09.4195822Z [  96% ] [90m[1m_update_scan_actions[22m | tidal_wave_impact_mastery.wav[39m[0m
2026-10-07T06:22:09.4197664Z [  96% ] [90m[1m_update_scan_actions[22m | tidal_wave_launch.wav[39m[0m
2026-10-07T06:22:09.4199588Z [  96% ] [90m[1m_update_scan_actions[22m | tidal_wave_launch_mastery.wav[39m[0m
2026-10-07T06:22:09.4201712Z [  96% ] [90m[1m_update_scan_actions[22m | tidal_wave_launch_travel.wav[39m[0m
2026-10-07T06:22:09.4203962Z [  96% ] [90m[1m_update_scan_actions[22m | tidal_wave_launch_travel_mastery.wav[39m[0m
2026-10-07T06:22:09.4206010Z [  96% ] [90m[1m_update_scan_actions[22m | tidal_wave_travel.wav[39m[0m
2026-10-07T06:22:09.4208003Z [  96% ] [90m[1m_update_scan_actions[22m | tornado_impact.wav[39m[0m
2026-10-07T06:22:09.4210026Z [  96% ] [90m[1m_update_scan_actions[22m | tornado_impact_mastery.wav[39m[0m
2026-10-07T06:22:09.4211868Z [  96% ] [90m[1m_update_scan_actions[22m | tornado_launch.wav[39m[0m
2026-10-07T06:22:09.4213816Z [  96% ] [90m[1m_update_scan_actions[22m | tornado_launch_mastery.wav[39m[0m
2026-10-07T06:22:09.4215960Z [  97% ] [90m[1m_update_scan_actions[22m | tornado_launch_travel.wav[39m[0m
2026-10-07T06:22:09.4218170Z [  97% ] [90m[1m_update_scan_actions[22m | tornado_launch_travel_mastery.wav[39m[0m
2026-10-07T06:22:09.4220263Z [  97% ] [90m[1m_update_scan_actions[22m | tornado_travel.wav[39m[0m
2026-10-07T06:22:09.4222249Z [  97% ] [90m[1m_update_scan_actions[22m | water_jet_impact.wav[39m[0m
2026-10-07T06:22:09.4224338Z [  97% ] [90m[1m_update_scan_actions[22m | water_jet_impact_mastery.wav[39m[0m
2026-10-07T06:22:09.4226186Z [  97% ] [90m[1m_update_scan_actions[22m | water_jet_launch.wav[39m[0m
2026-10-07T06:22:09.4228085Z [  97% ] [90m[1m_update_scan_actions[22m | water_jet_launch_mastery.wav[39m[0m
2026-10-07T06:22:09.4230309Z [  97% ] [90m[1m_update_scan_actions[22m | water_jet_launch_travel.wav[39m[0m
2026-10-07T06:22:09.4232530Z [  97% ] [90m[1m_update_scan_actions[22m | water_jet_launch_travel_mastery.wav[39m[0m
2026-10-07T06:22:09.4234730Z [  97% ] [90m[1m_update_scan_actions[22m | water_jet_travel.wav[39m[0m
2026-10-07T06:22:09.4236739Z [  97% ] [90m[1m_update_scan_actions[22m | wind_blade_impact.wav[39m[0m
2026-10-07T06:22:09.4238907Z [  97% ] [90m[1m_update_scan_actions[22m | wind_blade_impact_mastery.wav[39m[0m
2026-10-07T06:22:09.4240642Z [  97% ] [90m[1m_update_scan_actions[22m | wind_blade_launch.wav[39m[0m
2026-10-07T06:22:09.4242558Z [  97% ] [90m[1m_update_scan_actions[22m | wind_blade_launch_mastery.wav[39m[0m
2026-10-07T06:22:09.4244782Z [  98% ] [90m[1m_update_scan_actions[22m | wind_blade_launch_travel.wav[39m[0m
2026-10-07T06:22:09.4246940Z [  98% ] [90m[1m_update_scan_actions[22m | wind_blade_launch_travel_mastery.wav[39m[0m
2026-10-07T06:22:09.4249013Z [  98% ] [90m[1m_update_scan_actions[22m | wind_blade_travel.wav[39m[0m
2026-10-07T06:22:09.4275605Z [  98% ] [90m[1m_update_scan_actions[22m | flame_tongue_v2.png[39m[0m
2026-10-07T06:22:09.4277968Z [  98% ] [90m[1m_update_scan_actions[22m | procedural_provenance.csv[39m[0m
2026-10-07T06:22:09.4278538Z [  98% ] [90m[1m_update_scan_actions[22m | 01-spawn-outward.jpg[39m[0m
2026-10-07T06:22:09.4279182Z [  98% ] [90m[1m_update_scan_actions[22m | 02-arena-opens.jpg[39m[0m
2026-10-07T06:22:09.4279830Z [  98% ] [90m[1m_update_scan_actions[22m | 03-rise-overlook.jpg[39m[0m
2026-10-07T06:22:09.4280488Z [  98% ] [90m[1m_update_scan_actions[22m | 06-charged-attack-lands.jpg[39m[0m
2026-10-07T06:22:09.4293497Z [  98% ] [90m[1m_update_scan_actions[22m | aim-arc.jpg[39m[0m
2026-10-07T06:22:09.4293898Z [  98% ] [90m[1m_update_scan_actions[22m | camp-dusk.jpg[39m[0m
2026-10-07T06:22:09.4294291Z [  98% ] [90m[1m_update_scan_actions[22m | hero-meadow.jpg[39m[0m
2026-10-07T06:22:09.4294689Z [  98% ] [90m[1m_update_scan_actions[22m | mill-crossing.jpg[39m[0m
2026-10-07T06:22:09.4295104Z [  98% ] [90m[1m_update_scan_actions[22m | opening-bedroom.jpg[39m[0m
2026-10-07T06:22:09.4295509Z [  99% ] [90m[1m_update_scan_actions[22m | page-board.jpg[39m[0m
2026-10-07T06:22:09.4295910Z [  99% ] [90m[1m_update_scan_actions[22m | relay-approach.jpg[39m[0m
2026-10-07T06:22:09.4296336Z [  99% ] [90m[1m_update_scan_actions[22m | relay-machines.jpg[39m[0m
2026-10-07T06:22:09.4296726Z [  99% ] [90m[1m_update_scan_actions[22m | roster.jpg[39m[0m
2026-10-07T06:22:09.4297117Z [  99% ] [90m[1m_update_scan_actions[22m | severed-road.jpg[39m[0m
2026-10-07T06:22:09.4297514Z [  99% ] [90m[1m_update_scan_actions[22m | starter-orbs.jpg[39m[0m
2026-10-07T06:22:09.4297910Z [  99% ] [90m[1m_update_scan_actions[22m | tether-site.jpg[39m[0m
2026-10-07T06:22:09.4298310Z [  99% ] [90m[1m_update_scan_actions[22m | village-square.jpg[39m[0m
2026-10-07T06:22:09.4298713Z [  99% ] [90m[1m_update_scan_actions[22m | village-talk.jpg[39m[0m
2026-10-07T06:22:09.4299436Z [  99% ] [90m[1m_update_scan_actions[22m | warden.jpg[39m[0m
2026-10-07T06:22:09.4299824Z [  99% ] [90m[1m_update_scan_actions[22m | weather-rain.jpg[39m[0m
2026-10-07T06:22:09.4300203Z [  99% ] [90m[1m_update_scan_actions[22m | icon.svg[39m[0m
2026-10-07T06:22:09.4300542Z [92m[ DONE ][39m [1m_update_scan_actions[22m
2026-10-07T06:22:09.4300802Z [0m
2026-10-07T06:22:09.4301126Z [   0% ] [90m[1mreimport[22m | Started (Re)Importing Assets (21 steps)[39m[0m
2026-10-07T06:22:09.4301564Z [   0% ] [90m[1mreimport[22m | Preparing files to reimport...[39m[0m
2026-10-07T06:22:09.4301976Z [   4% ] [90m[1mreimport[22m | Preparing files to reimport...[39m[0m
2026-10-07T06:22:09.4303342Z [   9% ] [90m[1mreimport[22m | Preparing files to reimport...[39m[0m
2026-10-07T06:22:09.4313503Z [  13% ] [90m[1mreimport[22m | Preparing files to reimport...[39m[0m
2026-10-07T06:22:09.4313929Z [  18% ] [90m[1mreimport[22m | Preparing files to reimport...[39m[0m
2026-10-07T06:22:09.4314340Z [  22% ] [90m[1mreimport[22m | Preparing files to reimport...[39m[0m
2026-10-07T06:22:09.4314753Z [  27% ] [90m[1mreimport[22m | Preparing files to reimport...[39m[0m
2026-10-07T06:22:09.4315158Z [  31% ] [90m[1mreimport[22m | Preparing files to reimport...[39m[0m
2026-10-07T06:22:09.4315697Z [  36% ] [90m[1mreimport[22m | Preparing files to reimport...[39m[0m
2026-10-07T06:22:09.4316105Z [  40% ] [90m[1mreimport[22m | Preparing files to reimport...[39m[0m
2026-10-07T06:22:09.4316510Z [  45% ] [90m[1mreimport[22m | Preparing files to reimport...[39m[0m
2026-10-07T06:22:09.4316921Z [  50% ] [90m[1mreimport[22m | Preparing files to reimport...[39m[0m
2026-10-07T06:22:09.4317326Z [  54% ] [90m[1mreimport[22m | Preparing files to reimport...[39m[0m
2026-10-07T06:22:09.4317732Z [  59% ] [90m[1mreimport[22m | Preparing files to reimport...[39m[0m
2026-10-07T06:22:09.4318135Z [  63% ] [90m[1mreimport[22m | Preparing files to reimport...[39m[0m
2026-10-07T06:22:09.4318541Z [  68% ] [90m[1mreimport[22m | Preparing files to reimport...[39m[0m
2026-10-07T06:22:09.4318950Z [  72% ] [90m[1mreimport[22m | Preparing files to reimport...[39m[0m
2026-10-07T06:22:09.4319355Z [  77% ] [90m[1mreimport[22m | Preparing files to reimport...[39m[0m
2026-10-07T06:22:09.4319865Z [  81% ] [90m[1mreimport[22m | Preparing files to reimport...[39m[0m
2026-10-07T06:22:09.4320272Z [  86% ] [90m[1mreimport[22m | Preparing files to reimport...[39m[0m
2026-10-07T06:22:09.4320679Z [  90% ] [90m[1mreimport[22m | Preparing files to reimport...[39m[0m
2026-10-07T06:22:09.4321119Z [   0% ] [90m[1mreimport[22m | Executing pre-reimport operations...[39m[0m
2026-10-07T06:22:09.4321540Z [   0% ] [90m[1mreimport[22m | procedural_provenance.csv[39m[0m
2026-10-07T06:22:09.4423121Z [   4% ] [90m[1mreimport[22m | weather-rain.jpg[39m[0m
2026-10-07T06:22:09.5151189Z [   9% ] [90m[1mreimport[22m | warden.jpg[39m[0m
2026-10-07T06:22:09.5912324Z [  13% ] [90m[1mreimport[22m | village-talk.jpg[39m[0m
2026-10-07T06:22:09.6798498Z [  18% ] [90m[1mreimport[22m | village-square.jpg[39m[0m
2026-10-07T06:22:09.7636542Z [  22% ] [90m[1mreimport[22m | tether-site.jpg[39m[0m
2026-10-07T06:22:09.9055704Z [  27% ] [90m[1mreimport[22m | starter-orbs.jpg[39m[0m
2026-10-07T06:22:09.9493485Z [  31% ] [90m[1mreimport[22m | severed-road.jpg[39m[0m
2026-10-07T06:22:10.0862849Z [  36% ] [90m[1mreimport[22m | roster.jpg[39m[0m
2026-10-07T06:22:10.1702231Z [  40% ] [90m[1mreimport[22m | relay-machines.jpg[39m[0m
2026-10-07T06:22:10.2562297Z [  45% ] [90m[1mreimport[22m | relay-approach.jpg[39m[0m
2026-10-07T06:22:10.3402462Z [  50% ] [90m[1mreimport[22m | page-board.jpg[39m[0m
2026-10-07T06:22:10.4994680Z [  54% ] [90m[1mreimport[22m | opening-bedroom.jpg[39m[0m
2026-10-07T06:22:10.5804035Z [  59% ] [90m[1mreimport[22m | mill-crossing.jpg[39m[0m
2026-10-07T06:22:10.6738858Z [  63% ] [90m[1mreimport[22m | hero-meadow.jpg[39m[0m
2026-10-07T06:22:10.8138979Z [  68% ] [90m[1mreimport[22m | camp-dusk.jpg[39m[0m
2026-10-07T06:22:10.8899233Z [  72% ] [90m[1mreimport[22m | aim-arc.jpg[39m[0m
2026-10-07T06:22:10.9804213Z [  77% ] [90m[1mreimport[22m | 06-charged-attack-lands.jpg[39m[0m
2026-10-07T06:22:11.1397411Z [  81% ] [90m[1mreimport[22m | 03-rise-overlook.jpg[39m[0m
2026-10-07T06:22:11.2720695Z [  86% ] [90m[1mreimport[22m | 02-arena-opens.jpg[39m[0m
2026-10-07T06:22:11.4148598Z [  90% ] [90m[1mreimport[22m | 01-spawn-outward.jpg[39m[0m
2026-10-07T06:22:11.5586172Z [  95% ] [90m[1mreimport[22m | Finalizing Asset Import...[39m[0m
2026-10-07T06:22:11.5685163Z [92m[ DONE ][39m [1mreimport[22m
2026-10-07T06:22:11.5685434Z [0m
2026-10-07T06:22:11.5685763Z [   0% ] [90m[1mreimport[22m | Started (Re)Importing Assets (21 steps)[39m[0m
2026-10-07T06:22:11.5686250Z [   0% ] [90m[1mreimport[22m | Executing post-reimport operations...[39m[0m
2026-10-07T06:22:11.5686611Z [92m[ DONE ][39m [1mreimport[22m
2026-10-07T06:22:11.5686837Z [0m
2026-10-07T06:22:11.6303763Z [   0% ] [90m[1mloading_editor_layout[22m | Started Loading editor (5 steps)[39m[0m
2026-10-07T06:22:11.6304278Z [   0% ] [90m[1mloading_editor_layout[22m | Loading editor layout...[39m[0m
2026-10-07T06:22:11.6304741Z [  16% ] [90m[1mloading_editor_layout[22m | Loading docks...[39m[0m
2026-10-07T06:22:11.6313898Z [92m[ DONE ][39m [1mloading_editor_layout[22m
2026-10-07T06:22:11.6333393Z [0m
2026-10-07T06:22:12.8156291Z ##[end-action id=__self.__run_3;outcome=success;conclusion=success;duration_ms=18792]
2026-10-07T06:22:12.8158139Z ##[start-action display=Run set -euo pipefail;id=__self.__run_4]
2026-10-07T06:22:12.8172213Z ##[group]Run set -euo pipefail
2026-10-07T06:22:12.8172412Z [36;1mset -euo pipefail[0m
2026-10-07T06:22:12.8172602Z [36;1mgodot --headless --path . --import 2>&1 | tee /tmp/import.log[0m
2026-10-07T06:22:12.8173005Z [36;1mif grep -qiE 'SCRIPT ERROR|Parse Error|Failed to load|ERROR: Cannot open' /tmp/import.log; then[0m
2026-10-07T06:22:12.8173305Z [36;1m  echo '::error::import produced script or resource errors'[0m
2026-10-07T06:22:12.8173491Z [36;1m  exit 1[0m
2026-10-07T06:22:12.8173607Z [36;1mfi[0m
2026-10-07T06:22:12.8223259Z shell: /usr/bin/bash --noprofile --norc -e -o pipefail {0}
2026-10-07T06:22:12.8223577Z env:
2026-10-07T06:22:12.8223702Z   GODOT_VERSION: 4.7-stable
2026-10-07T06:22:12.8223838Z ##[endgroup]
2026-10-07T06:22:12.8439877Z Godot Engine v4.7.stable.official.5b4e0cb0f - https://godotengine.org
2026-10-07T06:22:12.8631966Z 
2026-10-07T06:22:14.2082643Z [   0% ] [90m[1mfirst_scan_filesystem[22m | Started Project initialization (5 steps)[39m[0m
2026-10-07T06:22:14.2083460Z [   0% ] [90m[1mfirst_scan_filesystem[22m | Scanning file structure...[39m[0m
2026-10-07T06:22:14.2508460Z [  16% ] [90m[1mfirst_scan_filesystem[22m | Loading global class names...[39m[0m
2026-10-07T06:22:14.5344934Z [  33% ] [90m[1mfirst_scan_filesystem[22m | Verifying GDExtensions...[39m[0m
2026-10-07T06:22:14.5345850Z [  50% ] [90m[1mfirst_scan_filesystem[22m | Creating autoload scripts...[39m[0m
2026-10-07T06:22:17.2836605Z [  66% ] [90m[1mfirst_scan_filesystem[22m | Initializing plugins...[39m[0m
2026-10-07T06:22:17.2865622Z [  83% ] [90m[1mfirst_scan_filesystem[22m | Starting file scan...[39m[0m
2026-10-07T06:22:17.2866104Z [92m[ DONE ][39m [1mfirst_scan_filesystem[22m
2026-10-07T06:22:17.2866339Z [0m
2026-10-07T06:22:17.6915244Z [   0% ] [90m[1m_update_scan_actions[22m | Started Scanning actions... (13 steps)[39m[0m
2026-10-07T06:22:17.6915836Z [   0% ] [90m[1m_update_scan_actions[22m | bramblebun_extracted_base_color.png[39m[0m
2026-10-07T06:22:17.6917018Z [   7% ] [90m[1m_update_scan_actions[22m | bramblebun_extracted_emissive.png[39m[0m
2026-10-07T06:22:17.6918115Z [  14% ] [90m[1m_update_scan_actions[22m | cragclaw_extracted_base_color.png[39m[0m
2026-10-07T06:22:17.6919202Z [  21% ] [90m[1m_update_scan_actions[22m | mangrove_monitor_extracted_base_color.png[39m[0m
2026-10-07T06:22:17.6920235Z [  28% ] [90m[1m_update_scan_actions[22m | mirejaw_extracted_base_color.png[39m[0m
2026-10-07T06:22:17.6921315Z [  35% ] [90m[1m_update_scan_actions[22m | mudsnout_extracted_base_color.png[39m[0m
2026-10-07T06:22:17.6922440Z [  42% ] [90m[1m_update_scan_actions[22m | mudsnout_extracted_emissive.png[39m[0m
2026-10-07T06:22:17.6923611Z [  50% ] [90m[1m_update_scan_actions[22m | riptusk_extracted_base_color.png[39m[0m
2026-10-07T06:22:17.6924634Z [  57% ] [90m[1m_update_scan_actions[22m | sirenseal_extracted_base_color.png[39m[0m
2026-10-07T06:22:17.6925668Z [  64% ] [90m[1m_update_scan_actions[22m | trailpup_extracted_base_color.png[39m[0m
2026-10-07T06:22:17.6926686Z [  71% ] [90m[1m_update_scan_actions[22m | trailpup_extracted_emissive.png[39m[0m
2026-10-07T06:22:17.6927712Z [  78% ] [90m[1m_update_scan_actions[22m | veridian_extracted_base_color.png[39m[0m
2026-10-07T06:22:17.6928789Z [  85% ] [90m[1m_update_scan_actions[22m | veridian_extracted_emissive.png[39m[0m
2026-10-07T06:22:17.6929075Z [92m[ DONE ][39m [1m_update_scan_actions[22m
2026-10-07T06:22:17.6929265Z [0m
2026-10-07T06:22:17.7584756Z [   0% ] [90m[1mloading_editor_layout[22m | Started Loading editor (5 steps)[39m[0m
2026-10-07T06:22:17.7585871Z [   0% ] [90m[1mloading_editor_layout[22m | Loading editor layout...[39m[0m
2026-10-07T06:22:17.7586301Z [  16% ] [90m[1mloading_editor_layout[22m | Loading docks...[39m[0m
2026-10-07T06:22:17.7593594Z [92m[ DONE ][39m [1mloading_editor_layout[22m
2026-10-07T06:22:17.7593841Z [0m
2026-10-07T06:22:18.5084653Z ##[end-action id=__self.__run_4;outcome=success;conclusion=success;duration_ms=5692]
2026-10-07T06:22:18.5116267Z ##[group]Run packages=(xvfb)
2026-10-07T06:22:18.5116452Z [36;1mpackages=(xvfb)[0m
2026-10-07T06:22:18.5116684Z [36;1mif [ "$RENDERING_METHOD" = forward_plus ]; then packages+=(mesa-vulkan-drivers libvulkan1); fi[0m
2026-10-07T06:22:18.5116970Z [36;1msudo apt-get install -y -qq "${packages[@]}" >/dev/null[0m
2026-10-07T06:22:18.5166379Z shell: /usr/bin/bash -e {0}
2026-10-07T06:22:18.5166510Z env:
2026-10-07T06:22:18.5166617Z   GODOT_VERSION: 4.7-stable
2026-10-07T06:22:18.5166753Z   RENDERING_METHOD: gl_compatibility
2026-10-07T06:22:18.5167026Z ##[endgroup]
2026-10-07T06:22:19.3711375Z ##[group]Run set -uo pipefail
2026-10-07T06:22:19.3711581Z [36;1mset -uo pipefail[0m
2026-10-07T06:22:19.3711744Z [36;1mexport XDG_DATA_HOME="$RUNNER_TEMP/userdata"[0m
2026-10-07T06:22:19.3711939Z [36;1mmkdir -p "$XDG_DATA_HOME" "$RUNNER_TEMP/out"[0m
2026-10-07T06:22:19.3712113Z [36;1mread -r -a user_args <<< "$ARGS"[0m
2026-10-07T06:22:19.3712261Z [36;1mextra=()[0m
2026-10-07T06:22:19.3712412Z [36;1m[ ${#user_args[@]} -gt 0 ] && extra=(-- "${user_args[@]}")[0m
2026-10-07T06:22:19.3712604Z [36;1mtouch "$RUNNER_TEMP/start_marker"[0m
2026-10-07T06:22:19.3712750Z [36;1mt0=$SECONDS[0m
2026-10-07T06:22:19.3712874Z [36;1mif [ "$MODE" = render ]; then[0m
2026-10-07T06:22:19.3713238Z [36;1m  driver=opengl3[0m
2026-10-07T06:22:19.3713426Z [36;1m  if [ "$RENDERING_METHOD" = forward_plus ]; then driver=vulkan; fi[0m
2026-10-07T06:22:19.3713667Z [36;1m  timeout "$((TMIN * 60))" xvfb-run -a -s "-screen 0 ${RES}x24" \[0m
2026-10-07T06:22:19.3714046Z [36;1m    godot --path . --rendering-method "$RENDERING_METHOD" --rendering-driver "$driver" --audio-driver Dummy --resolution "$RES" \[0m
2026-10-07T06:22:19.3714413Z [36;1m    --script "$SCRIPT" "${extra[@]}" > "$RUNNER_TEMP/out/run.log" 2>&1[0m
2026-10-07T06:22:19.3714606Z [36;1melse[0m
2026-10-07T06:22:19.3714755Z [36;1m  timeout "$((TMIN * 60))" godot --headless --path . \[0m
2026-10-07T06:22:19.3714978Z [36;1m    --script "$SCRIPT" "${extra[@]}" > "$RUNNER_TEMP/out/run.log" 2>&1[0m
2026-10-07T06:22:19.3715165Z [36;1mfi[0m
2026-10-07T06:22:19.3715269Z [36;1mrc=$?[0m
2026-10-07T06:22:19.3715450Z [36;1mecho "exit=$rc took=$((SECONDS - t0))s" | tee -a "$RUNNER_TEMP/out/run.log"[0m
2026-10-07T06:22:19.3715669Z [36;1mtail -60 "$RUNNER_TEMP/out/run.log"[0m
2026-10-07T06:22:19.3715840Z [36;1mecho "$rc" > "$RUNNER_TEMP/out/exit_code"[0m
2026-10-07T06:22:19.3765412Z shell: /usr/bin/bash -e {0}
2026-10-07T06:22:19.3765555Z env:
2026-10-07T06:22:19.3765666Z   GODOT_VERSION: 4.7-stable
2026-10-07T06:22:19.3765826Z   SCRIPT: tests/smoke_net_f27_guest_wild_win.gd
2026-10-07T06:22:19.3765983Z   ARGS: 
2026-10-07T06:22:19.3766084Z   RES: 1280x720
2026-10-07T06:22:19.3766190Z   TMIN: 75
2026-10-07T06:22:19.3766294Z   MODE: render
2026-10-07T06:22:19.3766412Z   RENDERING_METHOD: gl_compatibility
2026-10-07T06:22:19.3766559Z ##[endgroup]
2026-10-07T06:27:59.3533529Z exit=0 took=340s
2026-10-07T06:27:59.3549647Z Godot Engine v4.7.stable.official.5b4e0cb0f - https://godotengine.org
2026-10-07T06:27:59.3550232Z WARNING: Could not set V-Sync mode, as changing V-Sync mode is not supported by the graphics driver.
2026-10-07T06:27:59.3550615Z      at: set_use_vsync (platform/linuxbsd/x11/gl_manager_x11.cpp:372)
2026-10-07T06:27:59.3551142Z OpenGL API 4.5 (Core Profile) Mesa 25.2.8-0ubuntu0.24.04.2 - Compatibility - Using Device: Mesa - llvmpipe (LLVM 20.1.2, 256 bits)
2026-10-07T06:27:59.3551554Z 
2026-10-07T06:27:59.3552017Z coordinator: launched peer 0 (host) pid=2356 control_port=41987 home=/tmp/net-run-local-8626934/home-0 log=/tmp/net-run-local-8626934/peer-0.log
2026-10-07T06:27:59.3553152Z coordinator: launched peer 1 (client) pid=2357 control_port=33723 home=/tmp/net-run-local-8626934/home-1 log=/tmp/net-run-local-8626934/peer-1.log
2026-10-07T06:27:59.3554299Z coordinator: peer 0 hello: {"enet_port":34581.0,"godot_version":"4.7-stable (official)","main_sha":"eac1175d6363","peer":0.0,"pid":2356.0,"role":"host","type":"hello","user_data_dir":"/tmp/net-run-local-8626934/home-0/godot/app_userdata/Tetherbound"}
2026-10-07T06:27:59.3555756Z coordinator: peer 1 hello: {"enet_port":34582.0,"godot_version":"4.7-stable (official)","main_sha":"eac1175d6363","peer":1.0,"pid":2357.0,"role":"client","type":"hello","user_data_dir":"/tmp/net-run-local-8626934/home-1/godot/app_userdata/Tetherbound"}
2026-10-07T06:27:59.3556639Z coordinator: all 2 peer(s) said hello
2026-10-07T06:27:59.3556894Z PASS: peer 0 boot: booted world (240 settle frames)
2026-10-07T06:27:59.3557108Z PASS: peer 1 boot: booted world (240 settle frames)
2026-10-07T06:27:59.3557716Z PASS: peer 0 party_grant: 'terrapup' at level 9 joined the party (1 member(s))
2026-10-07T06:27:59.3558023Z PASS: peer 1 party_grant: 'terrapup' at level 9 joined the party (1 member(s))
2026-10-07T06:27:59.3558275Z PASS: peer 0 host: hosting udp/34581 as peer 1
2026-10-07T06:27:59.3558771Z PASS: peer 1 join: joined 127.0.0.1:34581 as peer 1038169717 after 16 frames; snapshot applied; 2 peer(s) in registry
2026-10-07T06:27:59.3559253Z PASS: peer 0 expect_peers: registry reports 2 peer(s) after 0 frames (0.0 s)
2026-10-07T06:27:59.3559552Z PASS: peer 1 expect_peers: registry reports 2 peer(s) after 0 frames (0.0 s)
2026-10-07T06:27:59.3559794Z PASS: peer 0 deploy_creature: deployed AllyCreature
2026-10-07T06:27:59.3559995Z PASS: peer 1 deploy_creature: deployed AllyCreature
2026-10-07T06:27:59.3560253Z PASS: peer 0 engage_wild: engaged bramblebun as encounter 1:1 (bound after 0 frame(s))
2026-10-07T06:27:59.3560492Z PASS: host minted a shared wild record
2026-10-07T06:27:59.3560707Z PASS: the guest was told the fight exists and can be joined
2026-10-07T06:27:59.3561033Z PASS: guest joined the host's wild record (joined 1:1 beside 'bramblebun' at (-11.8, 61.0) after 278 ms)
2026-10-07T06:27:59.3561323Z PASS: the guest's strikes brought the shared opponent down
2026-10-07T06:27:59.3561534Z PASS: peer 1 leave: client left cleanly after 0 frames
2026-10-07T06:27:59.3561766Z PASS: peer 0 expect_peers: registry reports 1 peer(s) after 6 frames (0.1 s)
2026-10-07T06:27:59.3562187Z PASS: peer 1 production_join: title returning entry built 'MeadowsPlayground' first, then JoinDriver joined 127.0.0.1:34581 as peer 1441079071 after 125 frames
2026-10-07T06:27:59.3563259Z PASS: the guest holds exactly one new defeat receipt (["defeat:character-cbe942852de00d20c05662dd0bac4bcc:b70c85d4e522599b08f3dd570102ada157456d28fc647523c32a949414177d00:d77a5f012282dd447afddd45354e7f48a676cc8c74ac5f44b2b0ca7870a94b63"])
2026-10-07T06:27:59.3563867Z PASS: exactly one guest defeat receipt is fresh
2026-10-07T06:27:59.3564647Z PASS: the host accepted the guest's exact wild share, retained by its canonical latest row ({ "action": "combat_mastery", "action_id": "5ea5baccf7a857007dded054672390fb5856f284393c1ccfd0a8d7ecaf8855e7", "receipt": "craft:combat_mastery_0ffae2f3d6d17aa3d18335ad6a6b467c32aeddf5b55f08114b4e996876745f76:character-cbe942852de00d20c05662dd0bac4bcc", "status": "pending" })
2026-10-07T06:27:59.3565359Z PASS: the guest received its type essence (+1)
2026-10-07T06:27:59.3565549Z PASS: the guest's creature gained XP from the host share
2026-10-07T06:27:59.3566141Z PASS: host admitted party equals the guest's: no legacy local award on top ([{ "level": 9.0, "species_id": "terrapup", "uid": "creature-55d05ca2656a0f74562cf28faa7c1d39", "xp": 32.0 }] vs [{ "level": 9.0, "species_id": "terrapup", "uid": "creature-55d05ca2656a0f74562cf28faa7c1d39", "xp": 32.0 }])
2026-10-07T06:27:59.3567433Z PASS: host admitted items equals the guest's: no legacy local award on top ({ "essence_air": 0.0, "essence_dark": 0.0, "essence_electric": 0.0, "essence_fire": 0.0, "essence_ground": 1.0, "essence_ice": 0.0, "essence_psychic": 0.0, "essence_water": 0.0, "tether_candy": 0.0 } vs { "essence_air": 0.0, "essence_dark": 0.0, "essence_electric": 0.0, "essence_fire": 0.0, "essence_ground": 1.0, "essence_ice": 0.0, "essence_psychic": 0.0, "essence_water": 0.0, "tether_candy": 0.0 })
2026-10-07T06:27:59.3568962Z PASS: host admitted defeat_receipts equals the guest's: no legacy local award on top (["defeat:character-cbe942852de00d20c05662dd0bac4bcc:b70c85d4e522599b08f3dd570102ada157456d28fc647523c32a949414177d00:d77a5f012282dd447afddd45354e7f48a676cc8c74ac5f44b2b0ca7870a94b63"] vs ["defeat:character-cbe942852de00d20c05662dd0bac4bcc:b70c85d4e522599b08f3dd570102ada157456d28fc647523c32a949414177d00:d77a5f012282dd447afddd45354e7f48a676cc8c74ac5f44b2b0ca7870a94b63"])
2026-10-07T06:27:59.3570318Z PASS: the host participant holds exactly one new defeat receipt (["defeat:character-0c3c02711540becf56c2d1425574ba0a:b70c85d4e522599b08f3dd570102ada157456d28fc647523c32a949414177d00:06fce3e65f613f95c95ee7fc88db8d3bc397c9ff60b760fe2845024541227fc5"])
2026-10-07T06:27:59.3570974Z PASS: exactly one host defeat receipt is fresh
2026-10-07T06:27:59.3571217Z PASS: host and guest receipts bind the same defeat event and their distinct participants
2026-10-07T06:27:59.3571480Z PASS: the host participant received its type essence (+1)
2026-10-07T06:27:59.3571697Z PASS: peer 1 leave: client left cleanly after 0 frames
2026-10-07T06:27:59.3571925Z PASS: peer 0 expect_peers: registry reports 1 peer(s) after 9 frames (0.3 s)
2026-10-07T06:27:59.3572331Z PASS: peer 1 production_join: title returning entry built 'MeadowsPlayground' first, then JoinDriver joined 127.0.0.1:34581 as peer 996345864 after 120 frames
2026-10-07T06:27:59.3572839Z PASS: after reconnect party unchanged ([{ "level": 9.0, "species_id": "terrapup", "uid": "creature-55d05ca2656a0f74562cf28faa7c1d39", "xp": 32.0 }])
2026-10-07T06:27:59.3573618Z PASS: after reconnect items unchanged ({ "essence_air": 0.0, "essence_dark": 0.0, "essence_electric": 0.0, "essence_fire": 0.0, "essence_ground": 1.0, "essence_ice": 0.0, "essence_psychic": 0.0, "essence_water": 0.0, "tether_candy": 0.0 })
2026-10-07T06:27:59.3574381Z PASS: after reconnect defeat_receipts unchanged (["defeat:character-cbe942852de00d20c05662dd0bac4bcc:b70c85d4e522599b08f3dd570102ada157456d28fc647523c32a949414177d00:d77a5f012282dd447afddd45354e7f48a676cc8c74ac5f44b2b0ca7870a94b63"])
2026-10-07T06:27:59.3574994Z PASS: peer 1 save_reload_here: client character reload preserved party=true selection=true hosted_world=true
2026-10-07T06:27:59.3575422Z PASS: after reload party unchanged ([{ "level": 9.0, "species_id": "terrapup", "uid": "creature-55d05ca2656a0f74562cf28faa7c1d39", "xp": 32.0 }])
2026-10-07T06:27:59.3575993Z PASS: after reload items unchanged ({ "essence_air": 0.0, "essence_dark": 0.0, "essence_electric": 0.0, "essence_fire": 0.0, "essence_ground": 1.0, "essence_ice": 0.0, "essence_psychic": 0.0, "essence_water": 0.0, "tether_candy": 0.0 })
2026-10-07T06:27:59.3576960Z PASS: after reload defeat_receipts unchanged (["defeat:character-cbe942852de00d20c05662dd0bac4bcc:b70c85d4e522599b08f3dd570102ada157456d28fc647523c32a949414177d00:d77a5f012282dd447afddd45354e7f48a676cc8c74ac5f44b2b0ca7870a94b63"])
2026-10-07T06:27:59.3577497Z ALL CHECKS PASSED
2026-10-07T06:27:59.3577627Z exit=0 took=340s
2026-10-07T06:27:59.3600681Z ##[group]Run set -uo pipefail
2026-10-07T06:27:59.3600896Z [36;1mset -uo pipefail[0m
2026-10-07T06:27:59.3601044Z [36;1mout="$RUNNER_TEMP/out"[0m
2026-10-07T06:27:59.3601211Z [36;1mmkdir -p "$out/tree" "$out/user"[0m
2026-10-07T06:27:59.3601430Z [36;1m# Every file the run created or modified in the working tree,[0m
2026-10-07T06:27:59.3601692Z [36;1m# ignored paths (shots/ etc.) included, by mtime against a marker[0m
2026-10-07T06:27:59.3601955Z [36;1m# touched just before the run. NUL-separated, so any path is safe.[0m
2026-10-07T06:27:59.3602187Z [36;1mif [ -f "$RUNNER_TEMP/start_marker" ]; then[0m
2026-10-07T06:27:59.3602417Z [36;1m  find . \( -path ./.git -o -path ./.godot \) -prune -o \[0m
2026-10-07T06:27:59.3602658Z [36;1m    -type f -newer "$RUNNER_TEMP/start_marker" -print0 \[0m
2026-10-07T06:27:59.3602877Z [36;1m    | xargs -0 -r cp --parents -t "$out/tree/"[0m
2026-10-07T06:27:59.3603320Z [36;1mfi[0m
2026-10-07T06:27:59.3603589Z [36;1m# Bare native net smokes use /tmp/net-run-<unique invocation>.[0m
2026-10-07T06:27:59.3603859Z [36;1m# Retain this run's peer logs/saves without changing their runtime paths.[0m
2026-10-07T06:27:59.3604095Z [36;1mif [ -f "$RUNNER_TEMP/start_marker" ]; then[0m
2026-10-07T06:27:59.3604266Z [36;1m  mkdir -p "$out/net-runs"[0m
2026-10-07T06:27:59.3604499Z [36;1m  find /tmp -maxdepth 1 -type d -name 'net-run-*' -newer "$RUNNER_TEMP/start_marker" \[0m
2026-10-07T06:27:59.3604753Z [36;1m    -exec cp -a -- {} "$out/net-runs/" \;[0m
2026-10-07T06:27:59.3604907Z [36;1mfi[0m
2026-10-07T06:27:59.3605068Z [36;1m# user:// minus Godot's shader cache (tens of MB nobody reads).[0m
2026-10-07T06:27:59.3605481Z [36;1m(cd "$RUNNER_TEMP/userdata" 2>/dev/null && find . -path '*/shader_cache' -prune -o -type f -print0 \[0m
2026-10-07T06:27:59.3605769Z [36;1m  | xargs -0 -r cp --parents -t "$out/user/") || true[0m
2026-10-07T06:27:59.3606017Z [36;1m# A log-spamming script can write gigabytes (a capture tool once wrote[0m
2026-10-07T06:27:59.3606294Z [36;1m# ~12 GB of run.log and godot.log). Keep the first 5 MB and last 20 MB[0m
2026-10-07T06:27:59.3606553Z [36;1m# of any log over 25 MB so the artifact stays downloadable.[0m
2026-10-07T06:27:59.3606827Z [36;1mfind "$out" -type f -name '*.log' -size +25M -print0 | while IFS= read -r -d '' f; do[0m
2026-10-07T06:27:59.3607262Z [36;1m  { head -c 5000000 "$f"; printf '\n\n[... truncated by render.yml: %s bytes total ...]\n\n' "$(stat -c%s "$f")"; tail -c 20000000 "$f"; } > "$f.cut" && mv "$f.cut" "$f"[0m
2026-10-07T06:27:59.3607596Z [36;1mdone[0m
2026-10-07T06:27:59.3607770Z [36;1mfind "$out" -type f | sed "s|$out/||" | sort > "$out/MANIFEST.txt"[0m
2026-10-07T06:27:59.3608001Z [36;1mecho "files=$(wc -l < "$out/MANIFEST.txt")"[0m
2026-10-07T06:27:59.3659058Z shell: /usr/bin/bash -e {0}
2026-10-07T06:27:59.3659202Z env:
2026-10-07T06:27:59.3659321Z   GODOT_VERSION: 4.7-stable
2026-10-07T06:27:59.3659461Z ##[endgroup]
2026-10-07T06:27:59.4283305Z files=25
2026-10-07T06:27:59.4319687Z ##[group]Run actions/upload-artifact@v4
2026-10-07T06:27:59.4319869Z with:
2026-10-07T06:27:59.4320065Z   name: render-r1-first-rejoin-main568-eac117-canonical-on-37580414237
2026-10-07T06:27:59.4320300Z   path: /home/runner/work/_temp/out/
2026-10-07T06:27:59.4320449Z   retention-days: 7
2026-10-07T06:27:59.4320590Z   if-no-files-found: warn
2026-10-07T06:27:59.4320727Z   compression-level: 6
2026-10-07T06:27:59.4320850Z   overwrite: false
2026-10-07T06:27:59.4320978Z   include-hidden-files: false
2026-10-07T06:27:59.4321113Z env:
2026-10-07T06:27:59.4321225Z   GODOT_VERSION: 4.7-stable
2026-10-07T06:27:59.4321369Z ##[endgroup]
2026-10-07T06:27:59.6094396Z (node:2499) [DEP0040] DeprecationWarning: The `punycode` module is deprecated. Please use a userland alternative instead.
2026-10-07T06:27:59.6095186Z (Use `node --trace-deprecation ...` to show where the warning was created)
2026-10-07T06:27:59.6389787Z With the provided path, there will be 25 files uploaded
2026-10-07T06:27:59.6390591Z Artifact name is valid!
2026-10-07T06:27:59.6390939Z Root directory input is valid!
2026-10-07T06:27:59.9736262Z Beginning upload of artifact content to blob storage
2026-10-07T06:28:00.0478949Z (node:2499) [DEP0169] DeprecationWarning: `url.parse()` behavior is not standardized and prone to errors that have security implications. Use the WHATWG URL API instead. CVEs are not issued for `url.parse()` vulnerabilities.
2026-10-07T06:28:00.4217615Z Uploaded bytes 184403
2026-10-07T06:28:00.4886465Z Finished uploading artifact content to blob storage!
2026-10-07T06:28:00.4887032Z SHA256 digest of uploaded artifact zip is ac8d7609fe23ed9630bccc732384dba59fe9f8d997ea30ef17ad9f451e8a193a
2026-10-07T06:28:00.4887540Z Finalizing artifact upload
2026-10-07T06:28:00.7216359Z Artifact render-r1-first-rejoin-main568-eac117-canonical-on-37580414237.zip successfully finalized. Artifact ID 11464937377
2026-10-07T06:28:00.7217160Z Artifact render-r1-first-rejoin-main568-eac117-canonical-on-37580414237 has been successfully uploaded! Final size is 184403 bytes. Artifact ID is 11464937377
2026-10-07T06:28:00.7221164Z Artifact download URL: https://github.com/MJohnsonWellabe/Tetherbound/actions/runs/37580414237/artifacts/11464937377
2026-10-07T06:28:00.7331363Z ##[group]Run rc=$(cat "$RUNNER_TEMP/out/exit_code" 2>/dev/null || echo 1)
2026-10-07T06:28:00.7331707Z [36;1mrc=$(cat "$RUNNER_TEMP/out/exit_code" 2>/dev/null || echo 1)[0m
2026-10-07T06:28:00.7332000Z [36;1m[ "$rc" = 0 ] || { echo "::error::script exited $rc (124 = timeout)"; exit 1; }[0m
2026-10-07T06:28:00.7384749Z shell: /usr/bin/bash -e {0}
2026-10-07T06:28:00.7384896Z env:
2026-10-07T06:28:00.7385016Z   GODOT_VERSION: 4.7-stable
2026-10-07T06:28:00.7385307Z ##[endgroup]
2026-10-07T06:28:00.7526308Z Post job cleanup.
2026-10-07T06:28:00.7528875Z ##[start-action display=Run actions/cache@v4;id=__560b6d72-30d2-4507-81a0-dd5539a43c51.__actions_cache]
2026-10-07T06:28:01.7273786Z Post job cleanup.
2026-10-07T06:28:01.8007097Z Cache hit occurred on the primary key import-4.7-stable-de0c944e157463687959d085d027731cdddfe5bc8c33adf8c370eca59e231f29, not saving cache.
2026-10-07T06:28:01.8008017Z (node:2527) [DEP0040] DeprecationWarning: The `punycode` module is deprecated. Please use a userland alternative instead.
2026-10-07T06:28:01.8008432Z (Use `node --trace-deprecation ...` to show where the warning was created)
2026-10-07T06:28:01.8062142Z ##[end-action id=__560b6d72-30d2-4507-81a0-dd5539a43c51.__actions_cache;outcome=success;conclusion=success;duration_ms=1053]
2026-10-07T06:28:01.8064253Z ##[start-action display=Run actions/cache@v4;id=__560b6d72-30d2-4507-81a0-dd5539a43c51.cache-godot]
2026-10-07T06:28:01.8090913Z Post job cleanup.
2026-10-07T06:28:01.8812536Z Cache hit occurred on the primary key godot-editor-4.7-stable, not saving cache.
2026-10-07T06:28:01.8813845Z (node:2535) [DEP0040] DeprecationWarning: The `punycode` module is deprecated. Please use a userland alternative instead.
2026-10-07T06:28:01.8814294Z (Use `node --trace-deprecation ...` to show where the warning was created)
2026-10-07T06:28:01.8870668Z ##[end-action id=__560b6d72-30d2-4507-81a0-dd5539a43c51.cache-godot;outcome=success;conclusion=success;duration_ms=80]
2026-10-07T06:28:01.8920940Z Post job cleanup.
2026-10-07T06:28:01.9605277Z [command]/usr/bin/git version
2026-10-07T06:28:01.9637598Z git version 2.55.0
2026-10-07T06:28:01.9661767Z Temporarily overriding HOME='/home/runner/work/_temp/fed18b70-5759-4b3b-9b21-5e8f69695383' before making global git config changes
2026-10-07T06:28:01.9662564Z Adding repository directory to the temporary git global config as a safe directory
2026-10-07T06:28:01.9666211Z [command]/usr/bin/git config --global --add safe.directory /home/runner/work/Tetherbound/Tetherbound
2026-10-07T06:28:01.9700918Z [command]/usr/bin/git config --local --name-only --get-regexp core\.sshCommand
2026-10-07T06:28:01.9732737Z [command]/usr/bin/git submodule foreach --recursive sh -c "git config --local --name-only --get-regexp 'core\.sshCommand' && git config --local --unset-all 'core.sshCommand' || :"
2026-10-07T06:28:01.9976600Z [command]/usr/bin/git config --local --name-only --get-regexp http\.https\:\/\/github\.com\/\.extraheader
2026-10-07T06:28:02.0006293Z http.https://github.com/.extraheader
2026-10-07T06:28:02.0016304Z [command]/usr/bin/git config --local --unset-all http.https://github.com/.extraheader
2026-10-07T06:28:02.0059236Z [command]/usr/bin/git submodule foreach --recursive sh -c "git config --local --name-only --get-regexp 'http\.https\:\/\/github\.com\/\.extraheader' && git config --local --unset-all 'http.https://github.com/.extraheader' || :"
2026-10-07T06:28:02.0361531Z [command]/usr/bin/git config --local --name-only --get-regexp ^includeIf\.gitdir:
2026-10-07T06:28:02.0397981Z [command]/usr/bin/git submodule foreach --recursive git config --local --show-origin --name-only --get-regexp remote.origin.url
2026-10-07T06:28:02.0736405Z Cleaning up orphan processes
2026-10-07T06:28:02.0952591Z ##[warning]Node.js 20 is deprecated. The following actions target Node.js 20 but are being forced to run on Node.js 24: actions/cache@v4, actions/checkout@v4, actions/upload-artifact@v4. For more information see: https://github.blog/changelog/2025-09-19-deprecation-of-node-20-on-github-actions-runners/
