2026-10-07T10:13:58.8937192Z Current runner version: '2.337.0'
2026-10-07T10:13:58.8963337Z ##[group]Runner Image Provisioner
2026-10-07T10:13:58.8964445Z Hosted Compute Agent
2026-10-07T10:13:58.8965304Z Version: 20260901.588
2026-10-07T10:13:58.8966004Z Commit: f88ec8081b781fac6c440065ac7ff9e710ce3d0b
2026-10-07T10:13:58.8967151Z Build Date: 2026-09-01T19:56:44Z
2026-10-07T10:13:58.8967903Z Worker ID: {3fc7a89e-c54e-4578-b5a4-b0997af9eeef}
2026-10-07T10:13:58.8968707Z Azure Region: northcentralus
2026-10-07T10:13:58.8969376Z ##[endgroup]
2026-10-07T10:13:58.8970909Z ##[group]Operating System
2026-10-07T10:13:58.8971626Z Ubuntu
2026-10-07T10:13:58.8972179Z 24.04.5
2026-10-07T10:13:58.8972702Z LTS
2026-10-07T10:13:58.8973321Z ##[endgroup]
2026-10-07T10:13:58.8973942Z ##[group]Runner Image
2026-10-07T10:13:58.8974979Z Image: ubuntu-24.04
2026-10-07T10:13:58.8975607Z Version: 20260927.320.1
2026-10-07T10:13:58.8976914Z Included Software: https://github.com/actions/runner-images/blob/ubuntu24/20260927.320/images/ubuntu/Ubuntu2404-Readme.md
2026-10-07T10:13:58.8978532Z Image Release: https://github.com/actions/runner-images/releases/tag/ubuntu24%2F20260927.320
2026-10-07T10:13:58.8979609Z ##[endgroup]
2026-10-07T10:13:58.8980813Z ##[group]GITHUB_TOKEN Permissions
2026-10-07T10:13:58.8983286Z Actions: read
2026-10-07T10:13:58.8983960Z Contents: read
2026-10-07T10:13:58.8984536Z Metadata: read
2026-10-07T10:13:58.8985488Z ##[endgroup]
2026-10-07T10:13:58.8987606Z Secret source: Actions
2026-10-07T10:13:58.8988721Z Cache mode: write
2026-10-07T10:13:58.8989690Z Prepare workflow directory
2026-10-07T10:13:58.9387706Z Prepare all required actions
2026-10-07T10:13:58.9435095Z Getting action download info
2026-10-07T10:13:59.1752387Z Download action repository 'actions/checkout@v4' (SHA:11d5960a326750d5838078e36cf38b85af677262)
2026-10-07T10:13:59.2722927Z Download action repository 'actions/download-artifact@v4' (SHA:d3f86a106a0bac45b974a628896c90dbdf5c8093)
2026-10-07T10:13:59.6290657Z Download action repository 'actions/upload-artifact@v4' (SHA:ea165f8d65b6e75b540449e92b4886f43607fa02)
2026-10-07T10:13:59.8355766Z Complete job name: render
2026-10-07T10:13:59.9030570Z ##[group]Run set -euo pipefail
2026-10-07T10:13:59.9031259Z [36;1mset -euo pipefail[0m
2026-10-07T10:13:59.9031832Z [36;1mfail() { echo "::error::$1"; exit 1; }[0m
2026-10-07T10:13:59.9032724Z [36;1m[[ "$CHECKOUT_REF" =~ ^[A-Za-z0-9._/-]{1,200}$ ]] || fail "checkout_ref has disallowed characters"[0m
2026-10-07T10:13:59.9033708Z [36;1m[[ "$CHECKOUT_REF" != *..* ]] || fail "checkout_ref may not contain .."[0m
2026-10-07T10:13:59.9034585Z [36;1m[[ "$CHECKOUT_REF" != -* ]] || fail "checkout_ref may not start with -"[0m
2026-10-07T10:13:59.9035868Z [36;1m[[ "$SCRIPT" =~ ^(tests|tools)/[A-Za-z0-9_/.-]+\.gd$ ]] || fail "script must be tests/*.gd or tools/*.gd"[0m
2026-10-07T10:13:59.9036823Z [36;1m[[ "$SCRIPT" != *..* ]] || fail "script may not contain .."[0m
2026-10-07T10:13:59.9037655Z [36;1m[[ "$ARGS" =~ ^[A-Za-z0-9_=,./:@+\ -]*$ ]] || fail "args has disallowed characters"[0m
2026-10-07T10:13:59.9038597Z [36;1m[[ "$RES" =~ ^[0-9]{3,4}x[0-9]{3,4}$ ]] || fail "resolution must look like 1280x720"[0m
2026-10-07T10:13:59.9039532Z [36;1m[[ "$TMIN" =~ ^[0-9]{1,3}$ ]] && (( TMIN >= 1 && TMIN <= 150 )) || fail "timeout_minutes must be 1-150"[0m
2026-10-07T10:13:59.9040521Z [36;1m[[ "$LABEL" =~ ^[A-Za-z0-9_.-]{1,60}$ ]] || fail "label must be 1-60 of [A-Za-z0-9_.-]"[0m
2026-10-07T10:13:59.9041397Z [36;1mif [[ -n "$SOURCE_RUN_ID" || -n "$SOURCE_ARTIFACT_NAME" ]]; then[0m
2026-10-07T10:13:59.9042476Z [36;1m  [[ "$SOURCE_RUN_ID" =~ ^[1-9][0-9]{0,19}$ ]] || fail "source_run_id must be a positive decimal run ID; supply both source inputs"[0m
2026-10-07T10:13:59.9044144Z [36;1m  [[ "$SOURCE_ARTIFACT_NAME" =~ ^[A-Za-z0-9][A-Za-z0-9_.-]{0,199}$ ]] || fail "source_artifact_name must be 1-200 of [A-Za-z0-9_.-], beginning with a letter or digit; supply both source inputs"[0m
2026-10-07T10:13:59.9045493Z [36;1mfi[0m
2026-10-07T10:13:59.9046341Z [36;1m[[ "$RENDERING_METHOD" = gl_compatibility || "$RENDERING_METHOD" = forward_plus ]] || fail "unknown rendering method"[0m
2026-10-07T10:13:59.9277366Z shell: /usr/bin/bash -e {0}
2026-10-07T10:13:59.9278301Z env:
2026-10-07T10:13:59.9278745Z   GODOT_VERSION: 4.7-stable
2026-10-07T10:13:59.9279343Z   CHECKOUT_REF: 2ac901cb1a62af0ba50ed6ad56f64ec6a6e1da2c
2026-10-07T10:13:59.9280023Z   SCRIPT: tests/smoke_net_shared_wild_fight.gd
2026-10-07T10:13:59.9280636Z   ARGS: 
2026-10-07T10:13:59.9281041Z   RES: 1280x720
2026-10-07T10:13:59.9281457Z   TMIN: 30
2026-10-07T10:13:59.9281902Z   LABEL: r4-sharedwild-main568-2ac901cb1a-1
2026-10-07T10:13:59.9282458Z   SOURCE_RUN_ID: 
2026-10-07T10:13:59.9282897Z   SOURCE_ARTIFACT_NAME: 
2026-10-07T10:13:59.9283392Z   RENDERING_METHOD: gl_compatibility
2026-10-07T10:13:59.9283911Z ##[endgroup]
2026-10-07T10:13:59.9658795Z ##[group]Run actions/checkout@v4
2026-10-07T10:13:59.9659374Z with:
2026-10-07T10:13:59.9659853Z   ref: 2ac901cb1a62af0ba50ed6ad56f64ec6a6e1da2c
2026-10-07T10:13:59.9660443Z   filter: blob:none
2026-10-07T10:13:59.9660936Z   sparse-checkout-cone-mode: false
2026-10-07T10:13:59.9661633Z   sparse-checkout: /*
!/ralph/
!/docs/
!/shots/
!/assets_raw/
!/archive/

2026-10-07T10:13:59.9662374Z   repository: MJohnsonWellabe/Tetherbound
2026-10-07T10:13:59.9666652Z   token: ***
2026-10-07T10:13:59.9667093Z   ssh-strict: true
2026-10-07T10:13:59.9667531Z   ssh-user: git
2026-10-07T10:13:59.9667976Z   persist-credentials: true
2026-10-07T10:13:59.9668467Z   clean: true
2026-10-07T10:13:59.9668875Z   fetch-depth: 1
2026-10-07T10:13:59.9669304Z   fetch-tags: false
2026-10-07T10:13:59.9669746Z   show-progress: true
2026-10-07T10:13:59.9670186Z   lfs: false
2026-10-07T10:13:59.9670597Z   submodules: false
2026-10-07T10:13:59.9671046Z   set-safe-directory: true
2026-10-07T10:13:59.9671580Z   allow-unsafe-pr-checkout: false
2026-10-07T10:13:59.9672095Z env:
2026-10-07T10:13:59.9672628Z   GODOT_VERSION: 4.7-stable
2026-10-07T10:13:59.9673102Z ##[endgroup]
2026-10-07T10:14:00.0643592Z Syncing repository: MJohnsonWellabe/Tetherbound
2026-10-07T10:14:00.0646936Z ##[group]Getting Git version info
2026-10-07T10:14:00.0648138Z Working directory is '/home/runner/work/Tetherbound/Tetherbound'
2026-10-07T10:14:00.0649778Z [command]/usr/bin/git version
2026-10-07T10:14:00.0681685Z git version 2.55.0
2026-10-07T10:14:00.0702854Z ##[endgroup]
2026-10-07T10:14:00.0717348Z Temporarily overriding HOME='/home/runner/work/_temp/c2f3b9e6-b428-496c-9750-f2cbc6b05b06' before making global git config changes
2026-10-07T10:14:00.0719330Z Adding repository directory to the temporary git global config as a safe directory
2026-10-07T10:14:00.0722072Z [command]/usr/bin/git config --global --add safe.directory /home/runner/work/Tetherbound/Tetherbound
2026-10-07T10:14:00.0768989Z Deleting the contents of '/home/runner/work/Tetherbound/Tetherbound'
2026-10-07T10:14:00.0772275Z ##[group]Initializing the repository
2026-10-07T10:14:00.0777535Z [command]/usr/bin/git init /home/runner/work/Tetherbound/Tetherbound
2026-10-07T10:14:00.0862231Z hint: Using 'master' as the name for the initial branch. This default branch name
2026-10-07T10:14:00.0863885Z hint: will change to "main" in Git 3.0. To configure the initial branch name
2026-10-07T10:14:00.0865520Z hint: to use in all of your new repositories, which will suppress this warning,
2026-10-07T10:14:00.0866649Z hint: call:
2026-10-07T10:14:00.0867255Z hint:
2026-10-07T10:14:00.0868004Z hint: 	git config --global init.defaultBranch <name>
2026-10-07T10:14:00.0868937Z hint:
2026-10-07T10:14:00.0869531Z hint: Names commonly chosen instead of 'master' are 'main', 'trunk' and
2026-10-07T10:14:00.0870913Z hint: 'development'. The just-created branch can be renamed via this command:
2026-10-07T10:14:00.0871771Z hint:
2026-10-07T10:14:00.0872409Z hint: 	git branch -m <name>
2026-10-07T10:14:00.0873142Z hint:
2026-10-07T10:14:00.0874090Z hint: Disable this message with "git config set advice.defaultBranchName false"
2026-10-07T10:14:00.0875812Z Initialized empty Git repository in /home/runner/work/Tetherbound/Tetherbound/.git/
2026-10-07T10:14:00.0877894Z [command]/usr/bin/git remote add origin https://github.com/MJohnsonWellabe/Tetherbound
2026-10-07T10:14:00.0915400Z ##[endgroup]
2026-10-07T10:14:00.0920507Z ##[group]Disabling automatic garbage collection
2026-10-07T10:14:00.0921219Z [command]/usr/bin/git config --local gc.auto 0
2026-10-07T10:14:00.0952540Z ##[endgroup]
2026-10-07T10:14:00.0953448Z ##[group]Setting up auth
2026-10-07T10:14:00.0960091Z [command]/usr/bin/git config --local --name-only --get-regexp core\.sshCommand
2026-10-07T10:14:00.0994054Z [command]/usr/bin/git submodule foreach --recursive sh -c "git config --local --name-only --get-regexp 'core\.sshCommand' && git config --local --unset-all 'core.sshCommand' || :"
2026-10-07T10:14:00.1329738Z [command]/usr/bin/git config --local --name-only --get-regexp http\.https\:\/\/github\.com\/\.extraheader
2026-10-07T10:14:00.1367095Z [command]/usr/bin/git submodule foreach --recursive sh -c "git config --local --name-only --get-regexp 'http\.https\:\/\/github\.com\/\.extraheader' && git config --local --unset-all 'http.https://github.com/.extraheader' || :"
2026-10-07T10:14:00.1633600Z [command]/usr/bin/git config --local --name-only --get-regexp ^includeIf\.gitdir:
2026-10-07T10:14:00.1676966Z [command]/usr/bin/git submodule foreach --recursive git config --local --show-origin --name-only --get-regexp remote.origin.url
2026-10-07T10:14:00.1917640Z [command]/usr/bin/git config --local http.https://github.com/.extraheader AUTHORIZATION: basic ***
2026-10-07T10:14:00.1959234Z ##[endgroup]
2026-10-07T10:14:00.1960360Z ##[group]Fetching the repository
2026-10-07T10:14:00.1968840Z [command]/usr/bin/git -c protocol.version=2 fetch --no-tags --prune --no-recurse-submodules --filter=blob:none --depth=1 origin 2ac901cb1a62af0ba50ed6ad56f64ec6a6e1da2c
2026-10-07T10:14:00.9806453Z From https://github.com/MJohnsonWellabe/Tetherbound
2026-10-07T10:14:00.9807908Z  * branch            2ac901cb1a62af0ba50ed6ad56f64ec6a6e1da2c -> FETCH_HEAD
2026-10-07T10:14:00.9811407Z ##[endgroup]
2026-10-07T10:14:00.9812881Z ##[group]Determining the checkout info
2026-10-07T10:14:00.9815002Z ##[endgroup]
2026-10-07T10:14:00.9816582Z ##[group]Setting up sparse checkout
2026-10-07T10:14:00.9820627Z [command]/usr/bin/git config core.sparseCheckout true
2026-10-07T10:14:00.9861595Z [command]/usr/bin/git rev-parse --git-path info/sparse-checkout
2026-10-07T10:14:00.9888980Z .git/info/sparse-checkout
2026-10-07T10:14:00.9897601Z ##[endgroup]
2026-10-07T10:14:00.9899037Z ##[group]Checking out the ref
2026-10-07T10:14:00.9910711Z [command]/usr/bin/git checkout --progress --force 2ac901cb1a62af0ba50ed6ad56f64ec6a6e1da2c
2026-10-07T10:15:02.8894188Z Updating files:   0% (1/11516)
2026-10-07T10:15:02.9670247Z Updating files:   1% (116/11516)
2026-10-07T10:15:02.9944588Z Updating files:   2% (231/11516)
2026-10-07T10:15:03.0193823Z Updating files:   3% (346/11516)
2026-10-07T10:15:03.0280615Z Updating files:   4% (461/11516)
2026-10-07T10:15:03.0955308Z Updating files:   5% (576/11516)
2026-10-07T10:15:03.3047069Z Updating files:   6% (691/11516)
2026-10-07T10:15:03.6252438Z Updating files:   6% (745/11516)
2026-10-07T10:15:03.9719546Z Updating files:   7% (807/11516)
2026-10-07T10:15:04.2957902Z Updating files:   8% (922/11516)
2026-10-07T10:15:04.2979274Z Updating files:   8% (1025/11516)
2026-10-07T10:15:04.4765362Z Updating files:   9% (1037/11516)
2026-10-07T10:15:04.7475954Z Updating files:  10% (1152/11516)
2026-10-07T10:15:04.9198335Z Updating files:  11% (1267/11516)
2026-10-07T10:15:05.1944893Z Updating files:  12% (1382/11516)
2026-10-07T10:15:05.3038305Z Updating files:  13% (1498/11516)
2026-10-07T10:15:05.3967540Z Updating files:  13% (1559/11516)
2026-10-07T10:15:05.6369122Z Updating files:  14% (1613/11516)
2026-10-07T10:15:06.0323661Z Updating files:  15% (1728/11516)
2026-10-07T10:15:06.3147953Z Updating files:  16% (1843/11516)
2026-10-07T10:15:06.3148337Z Updating files:  16% (1957/11516)
2026-10-07T10:15:06.5436725Z Updating files:  17% (1958/11516)
2026-10-07T10:15:06.7231701Z Updating files:  18% (2073/11516)
2026-10-07T10:15:06.8150984Z Updating files:  19% (2189/11516)
2026-10-07T10:15:06.8409441Z Updating files:  20% (2304/11516)
2026-10-07T10:15:06.9637498Z Updating files:  21% (2419/11516)
2026-10-07T10:15:07.2997734Z Updating files:  22% (2534/11516)
2026-10-07T10:15:07.3108162Z Updating files:  22% (2637/11516)
2026-10-07T10:15:07.3381807Z Updating files:  23% (2649/11516)
2026-10-07T10:15:07.4289889Z Updating files:  24% (2764/11516)
2026-10-07T10:15:07.5621517Z Updating files:  25% (2879/11516)
2026-10-07T10:15:07.5744195Z Updating files:  26% (2995/11516)
2026-10-07T10:15:07.5784616Z Updating files:  27% (3110/11516)
2026-10-07T10:15:07.6979318Z Updating files:  28% (3225/11516)
2026-10-07T10:15:07.7227423Z Updating files:  29% (3340/11516)
2026-10-07T10:15:07.7323013Z Updating files:  30% (3455/11516)
2026-10-07T10:15:07.7420656Z Updating files:  31% (3570/11516)
2026-10-07T10:15:07.7520599Z Updating files:  32% (3686/11516)
2026-10-07T10:15:07.7673997Z Updating files:  33% (3801/11516)
2026-10-07T10:15:07.7792775Z Updating files:  34% (3916/11516)
2026-10-07T10:15:07.8109458Z Updating files:  35% (4031/11516)
2026-10-07T10:15:07.8653495Z Updating files:  36% (4146/11516)
2026-10-07T10:15:07.9344509Z Updating files:  37% (4261/11516)
2026-10-07T10:15:07.9490709Z Updating files:  38% (4377/11516)
2026-10-07T10:15:08.0260080Z Updating files:  39% (4492/11516)
2026-10-07T10:15:08.1370982Z Updating files:  40% (4607/11516)
2026-10-07T10:15:08.1745721Z Updating files:  41% (4722/11516)
2026-10-07T10:15:08.1850207Z Updating files:  42% (4837/11516)
2026-10-07T10:15:08.1925738Z Updating files:  43% (4952/11516)
2026-10-07T10:15:08.2017867Z Updating files:  44% (5068/11516)
2026-10-07T10:15:08.2099469Z Updating files:  45% (5183/11516)
2026-10-07T10:15:08.2199899Z Updating files:  46% (5298/11516)
2026-10-07T10:15:08.2289111Z Updating files:  47% (5413/11516)
2026-10-07T10:15:08.2380620Z Updating files:  48% (5528/11516)
2026-10-07T10:15:08.2483162Z Updating files:  49% (5643/11516)
2026-10-07T10:15:08.2575117Z Updating files:  50% (5758/11516)
2026-10-07T10:15:08.2660709Z Updating files:  51% (5874/11516)
2026-10-07T10:15:08.2727435Z Updating files:  52% (5989/11516)
2026-10-07T10:15:08.2955064Z Updating files:  53% (6104/11516)
2026-10-07T10:15:08.3098880Z Updating files:  53% (6181/11516)
2026-10-07T10:15:08.3188109Z Updating files:  54% (6219/11516)
2026-10-07T10:15:08.3282383Z Updating files:  55% (6334/11516)
2026-10-07T10:15:08.3350486Z Updating files:  56% (6449/11516)
2026-10-07T10:15:08.3421183Z Updating files:  57% (6565/11516)
2026-10-07T10:15:08.3494953Z Updating files:  58% (6680/11516)
2026-10-07T10:15:08.3567957Z Updating files:  59% (6795/11516)
2026-10-07T10:15:08.3644470Z Updating files:  60% (6910/11516)
2026-10-07T10:15:08.3729028Z Updating files:  61% (7025/11516)
2026-10-07T10:15:08.3807654Z Updating files:  62% (7140/11516)
2026-10-07T10:15:08.3887068Z Updating files:  63% (7256/11516)
2026-10-07T10:15:08.3964874Z Updating files:  64% (7371/11516)
2026-10-07T10:15:08.4030971Z Updating files:  65% (7486/11516)
2026-10-07T10:15:08.4095315Z Updating files:  66% (7601/11516)
2026-10-07T10:15:08.4167213Z Updating files:  67% (7716/11516)
2026-10-07T10:15:08.4230808Z Updating files:  68% (7831/11516)
2026-10-07T10:15:08.4293968Z Updating files:  69% (7947/11516)
2026-10-07T10:15:08.4359044Z Updating files:  70% (8062/11516)
2026-10-07T10:15:08.4423109Z Updating files:  71% (8177/11516)
2026-10-07T10:15:08.4487104Z Updating files:  72% (8292/11516)
2026-10-07T10:15:08.4548856Z Updating files:  73% (8407/11516)
2026-10-07T10:15:08.4617861Z Updating files:  74% (8522/11516)
2026-10-07T10:15:08.4674450Z Updating files:  75% (8637/11516)
2026-10-07T10:15:08.4735546Z Updating files:  76% (8753/11516)
2026-10-07T10:15:08.4805274Z Updating files:  77% (8868/11516)
2026-10-07T10:15:08.4868513Z Updating files:  78% (8983/11516)
2026-10-07T10:15:08.4928968Z Updating files:  79% (9098/11516)
2026-10-07T10:15:08.5007453Z Updating files:  80% (9213/11516)
2026-10-07T10:15:08.5072997Z Updating files:  81% (9328/11516)
2026-10-07T10:15:08.5128482Z Updating files:  82% (9444/11516)
2026-10-07T10:15:08.5189229Z Updating files:  83% (9559/11516)
2026-10-07T10:15:08.5245145Z Updating files:  84% (9674/11516)
2026-10-07T10:15:08.5303502Z Updating files:  85% (9789/11516)
2026-10-07T10:15:08.5358087Z Updating files:  86% (9904/11516)
2026-10-07T10:15:08.5416911Z Updating files:  87% (10019/11516)
2026-10-07T10:15:08.5510119Z Updating files:  88% (10135/11516)
2026-10-07T10:15:08.5579890Z Updating files:  89% (10250/11516)
2026-10-07T10:15:08.5643355Z Updating files:  90% (10365/11516)
2026-10-07T10:15:08.5717332Z Updating files:  91% (10480/11516)
2026-10-07T10:15:08.5782843Z Updating files:  92% (10595/11516)
2026-10-07T10:15:08.5858437Z Updating files:  93% (10710/11516)
2026-10-07T10:15:08.5965590Z Updating files:  94% (10826/11516)
2026-10-07T10:15:08.6088785Z Updating files:  95% (10941/11516)
2026-10-07T10:15:08.6189009Z Updating files:  96% (11056/11516)
2026-10-07T10:15:08.6251933Z Updating files:  97% (11171/11516)
2026-10-07T10:15:08.6319678Z Updating files:  98% (11286/11516)
2026-10-07T10:15:08.6387545Z Updating files:  99% (11401/11516)
2026-10-07T10:15:08.6387877Z Updating files: 100% (11516/11516)
2026-10-07T10:15:08.6388171Z Updating files: 100% (11516/11516), done.
2026-10-07T10:15:08.7566052Z Note: switching to '2ac901cb1a62af0ba50ed6ad56f64ec6a6e1da2c'.
2026-10-07T10:15:08.7566864Z 
2026-10-07T10:15:08.7567560Z You are in 'detached HEAD' state. You can look around, make experimental
2026-10-07T10:15:08.7568826Z changes and commit them, and you can discard any commits you make in this
2026-10-07T10:15:08.7569757Z state without impacting any branches by switching back to a branch.
2026-10-07T10:15:08.7570346Z 
2026-10-07T10:15:08.7570848Z If you want to create a new branch to retain commits you create, you may
2026-10-07T10:15:08.7571705Z do so (now or later) by using -c with the switch command. Example:
2026-10-07T10:15:08.7572263Z 
2026-10-07T10:15:08.7572567Z   git switch -c <new-branch-name>
2026-10-07T10:15:08.7573002Z 
2026-10-07T10:15:08.7573306Z Or undo this operation with:
2026-10-07T10:15:08.7573696Z 
2026-10-07T10:15:08.7573977Z   git switch -
2026-10-07T10:15:08.7574309Z 
2026-10-07T10:15:08.7575006Z Turn off this advice by setting config variable advice.detachedHead to false
2026-10-07T10:15:08.7577051Z 
2026-10-07T10:15:08.7577464Z HEAD is now at 2ac901cb Fix refused saved-actor target counting
2026-10-07T10:15:08.7848823Z ##[endgroup]
2026-10-07T10:15:08.7896011Z [command]/usr/bin/git log -1 --format=%H
2026-10-07T10:15:08.7925171Z 2ac901cb1a62af0ba50ed6ad56f64ec6a6e1da2c
2026-10-07T10:15:08.8071541Z ##[group]Run test -f "$SCRIPT" || { echo "::error::$SCRIPT not found on $CHECKOUT_REF"; exit 1; }
2026-10-07T10:15:08.8072148Z [36;1mtest -f "$SCRIPT" || { echo "::error::$SCRIPT not found on $CHECKOUT_REF"; exit 1; }[0m
2026-10-07T10:15:08.8142611Z shell: /usr/bin/bash -e {0}
2026-10-07T10:15:08.8142882Z env:
2026-10-07T10:15:08.8143122Z   GODOT_VERSION: 4.7-stable
2026-10-07T10:15:08.8143426Z   SCRIPT: tests/smoke_net_shared_wild_fight.gd
2026-10-07T10:15:08.8143802Z   CHECKOUT_REF: 2ac901cb1a62af0ba50ed6ad56f64ec6a6e1da2c
2026-10-07T10:15:08.8144135Z ##[endgroup]
2026-10-07T10:15:08.8399415Z Prepare all required actions
2026-10-07T10:15:08.8399981Z Getting action download info
2026-10-07T10:15:08.9110769Z Download action repository 'actions/cache@v4' (SHA:0057852bfaa89a56745cba8c7296529d2fc39830)
2026-10-07T10:15:09.0767389Z ##[group]Run ./.github/actions/setup-godot
2026-10-07T10:15:09.0767692Z env:
2026-10-07T10:15:09.0767907Z   GODOT_VERSION: 4.7-stable
2026-10-07T10:15:09.0768151Z ##[endgroup]
2026-10-07T10:15:09.0826713Z ##[start-action display=Run actions/cache@v4;id=__self.cache-godot]
2026-10-07T10:15:09.0897788Z ##[group]Run actions/cache@v4
2026-10-07T10:15:09.0898048Z with:
2026-10-07T10:15:09.0898260Z   path: ~/godot-bin
2026-10-07T10:15:09.0898493Z   key: godot-editor-4.7-stable
2026-10-07T10:15:09.0898755Z   enableCrossOsArchive: false
2026-10-07T10:15:09.0899016Z   fail-on-cache-miss: false
2026-10-07T10:15:09.0899460Z   lookup-only: false
2026-10-07T10:15:09.0899682Z   save-always: false
2026-10-07T10:15:09.0899899Z env:
2026-10-07T10:15:09.0900144Z   GODOT_VERSION: 4.7-stable
2026-10-07T10:15:09.0900378Z ##[endgroup]
2026-10-07T10:15:09.1988430Z (node:2373) [DEP0040] DeprecationWarning: The `punycode` module is deprecated. Please use a userland alternative instead.
2026-10-07T10:15:09.1989332Z (Use `node --trace-deprecation ...` to show where the warning was created)
2026-10-07T10:15:09.3120867Z Cache hit for: godot-editor-4.7-stable
2026-10-07T10:15:09.3221177Z (node:2373) [DEP0169] DeprecationWarning: `url.parse()` behavior is not standardized and prone to errors that have security implications. Use the WHATWG URL API instead. CVEs are not issued for `url.parse()` vulnerabilities.
2026-10-07T10:15:10.1880351Z Received 73776973 of 73776973 (100.0%), 92.5 MBs/sec
2026-10-07T10:15:10.1881148Z Cache Size: ~70 MB (73776973 B)
2026-10-07T10:15:10.1981747Z [command]/usr/bin/tar -xf /home/runner/work/_temp/4eab41e9-7317-465f-a849-021d6b59a4fc/cache.tzst -P -C /home/runner/work/Tetherbound/Tetherbound --use-compress-program unzstd
2026-10-07T10:15:10.4223621Z Cache restored successfully
2026-10-07T10:15:10.4339961Z Cache restored from key: godot-editor-4.7-stable
2026-10-07T10:15:10.4472563Z ##[end-action id=__self.cache-godot;outcome=success;conclusion=success;duration_ms=1364]
2026-10-07T10:15:10.4501800Z ##[start-action display=Run set -euo pipefail;id=__self.__run]
2026-10-07T10:15:10.4509850Z ##[end-action id=__self.__run;outcome=skipped;conclusion=skipped;duration_ms=0]
2026-10-07T10:15:10.4512035Z ##[start-action display=Run echo "$HOME/godot-bin" >> "$GITHUB_PATH";id=__self.__run_2]
2026-10-07T10:15:10.5609190Z ##[group]Run echo "$HOME/godot-bin" >> "$GITHUB_PATH"
2026-10-07T10:15:10.5609593Z [36;1mecho "$HOME/godot-bin" >> "$GITHUB_PATH"[0m
2026-10-07T10:15:10.5685256Z shell: /usr/bin/bash --noprofile --norc -e -o pipefail {0}
2026-10-07T10:15:10.5685622Z env:
2026-10-07T10:15:10.5685861Z   GODOT_VERSION: 4.7-stable
2026-10-07T10:15:10.5686120Z ##[endgroup]
2026-10-07T10:15:10.7192708Z ##[end-action id=__self.__run_2;outcome=success;conclusion=success;duration_ms=267]
2026-10-07T10:15:10.7195581Z ##[start-action display=Run actions/cache@v4;id=__self.__actions_cache]
2026-10-07T10:15:12.2284310Z ##[group]Run actions/cache@v4
2026-10-07T10:15:12.2284583Z with:
2026-10-07T10:15:12.2285039Z   path: .godot
2026-10-07T10:15:12.2285452Z   key: import-4.7-stable-de0c944e157463687959d085d027731cdddfe5bc8c33adf8c370eca59e231f29
2026-10-07T10:15:12.2285941Z   restore-keys: import-4.7-stable-
2026-10-07T10:15:12.2286228Z   enableCrossOsArchive: false
2026-10-07T10:15:12.2286499Z   fail-on-cache-miss: false
2026-10-07T10:15:12.2286759Z   lookup-only: false
2026-10-07T10:15:12.2286996Z   save-always: false
2026-10-07T10:15:12.2287210Z env:
2026-10-07T10:15:12.2287417Z   GODOT_VERSION: 4.7-stable
2026-10-07T10:15:12.2287657Z ##[endgroup]
2026-10-07T10:15:12.3336907Z (node:2405) [DEP0040] DeprecationWarning: The `punycode` module is deprecated. Please use a userland alternative instead.
2026-10-07T10:15:12.3338104Z (Use `node --trace-deprecation ...` to show where the warning was created)
2026-10-07T10:15:12.4488852Z Cache hit for: import-4.7-stable-de0c944e157463687959d085d027731cdddfe5bc8c33adf8c370eca59e231f29
2026-10-07T10:15:12.4589087Z (node:2405) [DEP0169] DeprecationWarning: `url.parse()` behavior is not standardized and prone to errors that have security implications. Use the WHATWG URL API instead. CVEs are not issued for `url.parse()` vulnerabilities.
2026-10-07T10:15:13.5672918Z Received 96468992 of 1695760333 (5.7%), 92.0 MBs/sec
2026-10-07T10:15:14.5674002Z Received 247463936 of 1695760333 (14.6%), 117.9 MBs/sec
2026-10-07T10:15:15.5671714Z Received 427819008 of 1695760333 (25.2%), 136.0 MBs/sec
2026-10-07T10:15:16.5673849Z Received 583008256 of 1695760333 (34.4%), 139.0 MBs/sec
2026-10-07T10:15:17.5705993Z Received 767557632 of 1695760333 (45.3%), 146.3 MBs/sec
2026-10-07T10:15:18.5725149Z Received 880803840 of 1695760333 (51.9%), 139.9 MBs/sec
2026-10-07T10:15:19.5736370Z Received 1027604480 of 1695760333 (60.6%), 139.9 MBs/sec
2026-10-07T10:15:20.5730693Z Received 1195376640 of 1695760333 (70.5%), 142.4 MBs/sec
2026-10-07T10:15:21.5727942Z Received 1337982976 of 1695760333 (78.9%), 141.7 MBs/sec
2026-10-07T10:15:22.5731839Z Received 1480589312 of 1695760333 (87.3%), 141.1 MBs/sec
2026-10-07T10:15:23.5745072Z Received 1677721600 of 1695760333 (98.9%), 145.3 MBs/sec
2026-10-07T10:15:23.6912756Z Received 1695760333 of 1695760333 (100.0%), 145.4 MBs/sec
2026-10-07T10:15:23.6914915Z Cache Size: ~1617 MB (1695760333 B)
2026-10-07T10:15:23.7030551Z [command]/usr/bin/tar -xf /home/runner/work/_temp/cf223c9f-f0da-40fb-a301-f26324604638/cache.tzst -P -C /home/runner/work/Tetherbound/Tetherbound --use-compress-program unzstd
2026-10-07T10:15:27.2320632Z Cache restored successfully
2026-10-07T10:15:27.7179871Z Cache restored from key: import-4.7-stable-de0c944e157463687959d085d027731cdddfe5bc8c33adf8c370eca59e231f29
2026-10-07T10:15:27.7357448Z ##[end-action id=__self.__actions_cache;outcome=success;conclusion=success;duration_ms=17016]
2026-10-07T10:15:27.7361411Z ##[start-action display=Run godot --headless --path . --import || true;id=__self.__run_3]
2026-10-07T10:15:27.7387831Z ##[group]Run godot --headless --path . --import || true
2026-10-07T10:15:27.7388468Z [36;1mgodot --headless --path . --import || true[0m
2026-10-07T10:15:27.7481896Z shell: /usr/bin/bash --noprofile --norc -e -o pipefail {0}
2026-10-07T10:15:27.7482454Z env:
2026-10-07T10:15:27.7482781Z   GODOT_VERSION: 4.7-stable
2026-10-07T10:15:27.7483192Z ##[endgroup]
2026-10-07T10:15:27.8148364Z Godot Engine v4.7.stable.official.5b4e0cb0f - https://godotengine.org
2026-10-07T10:15:27.8983315Z 
2026-10-07T10:15:32.0883615Z [   0% ] [90m[1mfirst_scan_filesystem[22m | Started Project initialization (5 steps)[39m[0m
2026-10-07T10:15:32.0884979Z [   0% ] [90m[1mfirst_scan_filesystem[22m | Scanning file structure...[39m[0m
2026-10-07T10:15:32.1610207Z [  16% ] [90m[1mfirst_scan_filesystem[22m | Loading global class names...[39m[0m
2026-10-07T10:15:32.6476396Z [  33% ] [90m[1mfirst_scan_filesystem[22m | Verifying GDExtensions...[39m[0m
2026-10-07T10:15:32.6477433Z [  50% ] [90m[1mfirst_scan_filesystem[22m | Creating autoload scripts...[39m[0m
2026-10-07T10:15:36.9410407Z [  66% ] [90m[1mfirst_scan_filesystem[22m | Initializing plugins...[39m[0m
2026-10-07T10:15:36.9423997Z [  83% ] [90m[1mfirst_scan_filesystem[22m | Starting file scan...[39m[0m
2026-10-07T10:15:36.9436825Z [92m[ DONE ][39m [1mfirst_scan_filesystem[22m
2026-10-07T10:15:36.9437217Z [0m
2026-10-07T10:15:43.1310580Z [   0% ] [90m[1mupdate_scripts_classes[22m | Started Registering global classes... (3099 steps)[39m[0m
2026-10-07T10:15:43.1311529Z [   0% ] [90m[1mupdate_scripts_classes[22m | [39m[0m
2026-10-07T10:15:43.1312293Z [   0% ] [90m[1mupdate_scripts_classes[22m | [39m[0m
2026-10-07T10:15:43.1312960Z [   0% ] [90m[1mupdate_scripts_classes[22m | [39m[0m
2026-10-07T10:15:43.1313672Z [   0% ] [90m[1mupdate_scripts_classes[22m | [39m[0m
2026-10-07T10:15:43.1315038Z [   0% ] [90m[1mupdate_scripts_classes[22m | [39m[0m
2026-10-07T10:15:43.1315783Z [   0% ] [90m[1mupdate_scripts_classes[22m | [39m[0m
2026-10-07T10:15:43.1316485Z [   0% ] [90m[1mupdate_scripts_classes[22m | [39m[0m
2026-10-07T10:15:43.1317198Z [   0% ] [90m[1mupdate_scripts_classes[22m | [39m[0m
2026-10-07T10:15:43.1317953Z [   0% ] [90m[1mupdate_scripts_classes[22m | DoubleSlider[39m[0m
2026-10-07T10:15:43.1318644Z [   0% ] [90m[1mupdate_scripts_classes[22m | [39m[0m
2026-10-07T10:15:43.1319359Z [   0% ] [90m[1mupdate_scripts_classes[22m | [39m[0m
2026-10-07T10:15:43.1320065Z [   0% ] [90m[1mupdate_scripts_classes[22m | [39m[0m
2026-10-07T10:15:43.1320766Z [   0% ] [90m[1mupdate_scripts_classes[22m | [39m[0m
2026-10-07T10:15:43.1321463Z [   0% ] [90m[1mupdate_scripts_classes[22m | [39m[0m
2026-10-07T10:15:43.1322438Z [   0% ] [90m[1mupdate_scripts_classes[22m | [39m[0m
2026-10-07T10:15:43.1322973Z [   0% ] [90m[1mupdate_scripts_classes[22m | [39m[0m
2026-10-07T10:15:43.1323609Z [   0% ] [90m[1mupdate_scripts_classes[22m | [39m[0m
2026-10-07T10:15:43.1324263Z [   0% ] [90m[1mupdate_scripts_classes[22m | [39m[0m
2026-10-07T10:15:43.1325063Z [   0% ] [90m[1mupdate_scripts_classes[22m | [39m[0m
2026-10-07T10:15:43.1325882Z [   0% ] [90m[1mupdate_scripts_classes[22m | Terrain3DObjects[39m[0m
2026-10-07T10:15:43.1326746Z [   0% ] [90m[1mupdate_scripts_classes[22m | [39m[0m
2026-10-07T10:15:43.1327418Z [   0% ] [90m[1mupdate_scripts_classes[22m | [39m[0m
2026-10-07T10:15:43.1328120Z [   0% ] [90m[1mupdate_scripts_classes[22m | [39m[0m
2026-10-07T10:15:43.1328772Z [   0% ] [90m[1mupdate_scripts_classes[22m | [39m[0m
2026-10-07T10:15:43.1329490Z [   0% ] [90m[1mupdate_scripts_classes[22m | [39m[0m
2026-10-07T10:15:43.1330033Z [   0% ] [90m[1mupdate_scripts_classes[22m | [39m[0m
2026-10-07T10:15:43.1330464Z [   0% ] [90m[1mupdate_scripts_classes[22m | [39m[0m
2026-10-07T10:15:43.1331143Z [   0% ] [90m[1mupdate_scripts_classes[22m | [39m[0m
2026-10-07T10:15:43.1331728Z [   0% ] [90m[1mupdate_scripts_classes[22m | [39m[0m
2026-10-07T10:15:43.1332232Z [   0% ] [90m[1mupdate_scripts_classes[22m | [39m[0m
2026-10-07T10:15:43.1332749Z [   0% ] [90m[1mupdate_scripts_classes[22m | [39m[0m
2026-10-07T10:15:43.1333331Z [   1% ] [90m[1mupdate_scripts_classes[22m | AudioManager[39m[0m
2026-10-07T10:15:43.1333914Z [   1% ] [90m[1mupdate_scripts_classes[22m | [39m[0m
2026-10-07T10:15:43.1334433Z [   1% ] [90m[1mupdate_scripts_classes[22m | [39m[0m
2026-10-07T10:15:43.1335165Z [   1% ] [90m[1mupdate_scripts_classes[22m | [39m[0m
2026-10-07T10:15:43.1335681Z [   1% ] [90m[1mupdate_scripts_classes[22m | [39m[0m
2026-10-07T10:15:43.1336138Z [   1% ] [90m[1mupdate_scripts_classes[22m | [39m[0m
2026-10-07T10:15:43.1336510Z [   1% ] [90m[1mupdate_scripts_classes[22m | [39m[0m
2026-10-07T10:15:43.1336891Z [   1% ] [90m[1mupdate_scripts_classes[22m | [39m[0m
2026-10-07T10:15:43.1337263Z [   1% ] [90m[1mupdate_scripts_classes[22m | [39m[0m
2026-10-07T10:15:43.1337625Z [   1% ] [90m[1mupdate_scripts_classes[22m | [39m[0m
2026-10-07T10:15:43.1337987Z [   1% ] [90m[1mupdate_scripts_classes[22m | [39m[0m
2026-10-07T10:15:43.1338358Z [   1% ] [90m[1mupdate_scripts_classes[22m | [39m[0m
2026-10-07T10:15:43.1338751Z [   1% ] [90m[1mupdate_scripts_classes[22m | [39m[0m
2026-10-07T10:15:43.1339123Z [   1% ] [90m[1mupdate_scripts_classes[22m | [39m[0m
2026-10-07T10:15:43.1339485Z [   1% ] [90m[1mupdate_scripts_classes[22m | [39m[0m
2026-10-07T10:15:43.1339850Z [   1% ] [90m[1mupdate_scripts_classes[22m | [39m[0m
2026-10-07T10:15:43.1340225Z [   1% ] [90m[1mupdate_scripts_classes[22m | [39m[0m
2026-10-07T10:15:43.1340591Z [   1% ] [90m[1mupdate_scripts_classes[22m | [39m[0m
2026-10-07T10:15:43.1340964Z [   1% ] [90m[1mupdate_scripts_classes[22m | [39m[0m
2026-10-07T10:15:43.1341332Z [   1% ] [90m[1mupdate_scripts_classes[22m | [39m[0m
2026-10-07T10:15:43.1341904Z [   1% ] [90m[1mupdate_scripts_classes[22m | [39m[0m
2026-10-07T10:15:43.1342278Z [   1% ] [90m[1mupdate_scripts_classes[22m | [39m[0m
2026-10-07T10:15:43.1342651Z [   1% ] [90m[1mupdate_scripts_classes[22m | [39m[0m
2026-10-07T10:15:43.1343039Z [   1% ] [90m[1mupdate_scripts_classes[22m | [39m[0m
2026-10-07T10:15:43.1343414Z [   1% ] [90m[1mupdate_scripts_classes[22m | [39m[0m
2026-10-07T10:15:43.1343804Z [   1% ] [90m[1mupdate_scripts_classes[22m | [39m[0m
2026-10-07T10:15:43.1344182Z [   1% ] [90m[1mupdate_scripts_classes[22m | [39m[0m
2026-10-07T10:15:43.1344549Z [   1% ] [90m[1mupdate_scripts_classes[22m | [39m[0m
2026-10-07T10:15:43.1345078Z [   1% ] [90m[1mupdate_scripts_classes[22m | [39m[0m
2026-10-07T10:15:43.1345660Z [   1% ] [90m[1mupdate_scripts_classes[22m | [39m[0m
2026-10-07T10:15:43.1346468Z [   1% ] [90m[1mupdate_scripts_classes[22m | [39m[0m
2026-10-07T10:15:43.1347106Z [   2% ] [90m[1mupdate_scripts_classes[22m | [39m[0m
2026-10-07T10:15:43.1347778Z [   2% ] [90m[1mupdate_scripts_classes[22m | [39m[0m
2026-10-07T10:15:43.1348397Z [   2% ] [90m[1mupdate_scripts_classes[22m | [39m[0m
2026-10-07T10:15:43.1349100Z [   2% ] [90m[1mupdate_scripts_classes[22m | [39m[0m
2026-10-07T10:15:43.1349688Z [   2% ] [90m[1mupdate_scripts_classes[22m | [39m[0m
2026-10-07T10:15:43.1350270Z [   2% ] [90m[1mupdate_scripts_classes[22m | [39m[0m
2026-10-07T10:15:43.1350854Z [   2% ] [90m[1mupdate_scripts_classes[22m | [39m[0m
2026-10-07T10:15:43.1351453Z [   2% ] [90m[1mupdate_scripts_classes[22m | [39m[0m
2026-10-07T10:15:43.1352036Z [   2% ] [90m[1mupdate_scripts_classes[22m | [39m[0m
2026-10-07T10:15:43.1352629Z [   2% ] [90m[1mupdate_scripts_classes[22m | [39m[0m
2026-10-07T10:15:43.1353214Z [   2% ] [90m[1mupdate_scripts_classes[22m | [39m[0m
2026-10-07T10:15:43.1353802Z [   2% ] [90m[1mupdate_scripts_classes[22m | [39m[0m
2026-10-07T10:15:43.1354411Z [   2% ] [90m[1mupdate_scripts_classes[22m | [39m[0m
2026-10-07T10:15:43.1355232Z [   2% ] [90m[1mupdate_scripts_classes[22m | [39m[0m
2026-10-07T10:15:43.1355856Z [   2% ] [90m[1mupdate_scripts_classes[22m | [39m[0m
2026-10-07T10:15:43.1356284Z [   2% ] [90m[1mupdate_scripts_classes[22m | [39m[0m
2026-10-07T10:15:43.1356650Z [   2% ] [90m[1mupdate_scripts_classes[22m | [39m[0m
2026-10-07T10:15:43.1357328Z [   2% ] [90m[1mupdate_scripts_classes[22m | [39m[0m
2026-10-07T10:15:43.1357933Z [   2% ] [90m[1mupdate_scripts_classes[22m | [39m[0m
2026-10-07T10:15:43.1358524Z [   2% ] [90m[1mupdate_scripts_classes[22m | [39m[0m
2026-10-07T10:15:43.1359124Z [   2% ] [90m[1mupdate_scripts_classes[22m | [39m[0m
2026-10-07T10:15:43.1359631Z [   2% ] [90m[1mupdate_scripts_classes[22m | [39m[0m
2026-10-07T10:15:43.1360009Z [   2% ] [90m[1mupdate_scripts_classes[22m | [39m[0m
2026-10-07T10:15:43.1360397Z [   2% ] [90m[1mupdate_scripts_classes[22m | [39m[0m
2026-10-07T10:15:43.1360767Z [   2% ] [90m[1mupdate_scripts_classes[22m | [39m[0m
2026-10-07T10:15:43.1361176Z [   2% ] [90m[1mupdate_scripts_classes[22m | [39m[0m
2026-10-07T10:15:43.1361542Z [   2% ] [90m[1mupdate_scripts_classes[22m | [39m[0m
2026-10-07T10:15:43.1361919Z [   2% ] [90m[1mupdate_scripts_classes[22m | [39m[0m
2026-10-07T10:15:43.1362284Z [   2% ] [90m[1mupdate_scripts_classes[22m | [39m[0m
2026-10-07T10:15:43.1362658Z [   2% ] [90m[1mupdate_scripts_classes[22m | [39m[0m
2026-10-07T10:15:43.1363028Z [   2% ] [90m[1mupdate_scripts_classes[22m | [39m[0m
2026-10-07T10:15:43.1363399Z [   3% ] [90m[1mupdate_scripts_classes[22m | [39m[0m
2026-10-07T10:15:43.1363770Z [   3% ] [90m[1mupdate_scripts_classes[22m | [39m[0m
2026-10-07T10:15:43.1364135Z [   3% ] [90m[1mupdate_scripts_classes[22m | [39m[0m
2026-10-07T10:15:43.1364509Z [   3% ] [90m[1mupdate_scripts_classes[22m | [39m[0m
2026-10-07T10:15:43.1365128Z [   3% ] [90m[1mupdate_scripts_classes[22m | [39m[0m
2026-10-07T10:15:43.1365935Z [   3% ] [90m[1mupdate_scripts_classes[22m | [39m[0m
2026-10-07T10:15:43.1366474Z [   3% ] [90m[1mupdate_scripts_classes[22m | [39m[0m
2026-10-07T10:15:43.1366844Z [   3% ] [90m[1mupdate_scripts_classes[22m | [39m[0m
2026-10-07T10:15:43.1367216Z [   3% ] [90m[1mupdate_scripts_classes[22m | [39m[0m
2026-10-07T10:15:43.1367580Z [   3% ] [90m[1mupdate_scripts_classes[22m | [39m[0m
2026-10-07T10:15:43.1367949Z [   3% ] [90m[1mupdate_scripts_classes[22m | [39m[0m
2026-10-07T10:15:43.1368319Z [   3% ] [90m[1mupdate_scripts_classes[22m | [39m[0m
2026-10-07T10:15:43.1368685Z [   3% ] [90m[1mupdate_scripts_classes[22m | [39m[0m
2026-10-07T10:15:43.1369048Z [   3% ] [90m[1mupdate_scripts_classes[22m | [39m[0m
2026-10-07T10:15:43.1369418Z [   3% ] [90m[1mupdate_scripts_classes[22m | [39m[0m
2026-10-07T10:15:43.1369921Z [   3% ] [90m[1mupdate_scripts_classes[22m | [39m[0m
2026-10-07T10:15:43.1370289Z [   3% ] [90m[1mupdate_scripts_classes[22m | [39m[0m
2026-10-07T10:15:43.1370659Z [   3% ] [90m[1mupdate_scripts_classes[22m | [39m[0m
2026-10-07T10:15:43.1371023Z [   3% ] [90m[1mupdate_scripts_classes[22m | [39m[0m
2026-10-07T10:15:43.1371390Z [   3% ] [90m[1mupdate_scripts_classes[22m | [39m[0m
2026-10-07T10:15:43.1371752Z [   3% ] [90m[1mupdate_scripts_classes[22m | [39m[0m
2026-10-07T10:15:43.1372129Z [   3% ] [90m[1mupdate_scripts_classes[22m | [39m[0m
2026-10-07T10:15:43.1372495Z [   3% ] [90m[1mupdate_scripts_classes[22m | [39m[0m
2026-10-07T10:15:43.1372862Z [   3% ] [90m[1mupdate_scripts_classes[22m | [39m[0m
2026-10-07T10:15:43.1373235Z [   3% ] [90m[1mupdate_scripts_classes[22m | [39m[0m
2026-10-07T10:15:43.1373600Z [   3% ] [90m[1mupdate_scripts_classes[22m | [39m[0m
2026-10-07T10:15:43.1373971Z [   3% ] [90m[1mupdate_scripts_classes[22m | [39m[0m
2026-10-07T10:15:43.1374343Z [   3% ] [90m[1mupdate_scripts_classes[22m | [39m[0m
2026-10-07T10:15:43.1374854Z [   3% ] [90m[1mupdate_scripts_classes[22m | [39m[0m
2026-10-07T10:15:43.1375373Z [   3% ] [90m[1mupdate_scripts_classes[22m | [39m[0m
2026-10-07T10:15:43.1375942Z [   3% ] [90m[1mupdate_scripts_classes[22m | [39m[0m
2026-10-07T10:15:43.1376539Z [   4% ] [90m[1mupdate_scripts_classes[22m | [39m[0m
2026-10-07T10:15:43.1377120Z [   4% ] [90m[1mupdate_scripts_classes[22m | [39m[0m
2026-10-07T10:15:43.1377708Z [   4% ] [90m[1mupdate_scripts_classes[22m | [39m[0m
2026-10-07T10:15:43.1378300Z [   4% ] [90m[1mupdate_scripts_classes[22m | [39m[0m
2026-10-07T10:15:43.1378891Z [   4% ] [90m[1mupdate_scripts_classes[22m | [39m[0m
2026-10-07T10:15:43.1379487Z [   4% ] [90m[1mupdate_scripts_classes[22m | [39m[0m
2026-10-07T10:15:43.1380071Z [   4% ] [90m[1mupdate_scripts_classes[22m | [39m[0m
2026-10-07T10:15:43.1380653Z [   4% ] [90m[1mupdate_scripts_classes[22m | [39m[0m
2026-10-07T10:15:43.1381257Z [   4% ] [90m[1mupdate_scripts_classes[22m | [39m[0m
2026-10-07T10:15:43.1381847Z [   4% ] [90m[1mupdate_scripts_classes[22m | [39m[0m
2026-10-07T10:15:43.1382433Z [   4% ] [90m[1mupdate_scripts_classes[22m | [39m[0m
2026-10-07T10:15:43.1383027Z [   4% ] [90m[1mupdate_scripts_classes[22m | [39m[0m
2026-10-07T10:15:43.1383605Z [   4% ] [90m[1mupdate_scripts_classes[22m | [39m[0m
2026-10-07T10:15:43.1384196Z [   4% ] [90m[1mupdate_scripts_classes[22m | [39m[0m
2026-10-07T10:15:43.1384929Z [   4% ] [90m[1mupdate_scripts_classes[22m | [39m[0m
2026-10-07T10:15:43.1385522Z [   4% ] [90m[1mupdate_scripts_classes[22m | [39m[0m
2026-10-07T10:15:43.1386103Z [   4% ] [90m[1mupdate_scripts_classes[22m | [39m[0m
2026-10-07T10:15:43.1386477Z [   4% ] [90m[1mupdate_scripts_classes[22m | [39m[0m
2026-10-07T10:15:43.1386848Z [   4% ] [90m[1mupdate_scripts_classes[22m | [39m[0m
2026-10-07T10:15:43.1387217Z [   4% ] [90m[1mupdate_scripts_classes[22m | [39m[0m
2026-10-07T10:15:43.1387587Z [   4% ] [90m[1mupdate_scripts_classes[22m | [39m[0m
2026-10-07T10:15:43.1388110Z [   4% ] [90m[1mupdate_scripts_classes[22m | [39m[0m
2026-10-07T10:15:43.1388502Z [   4% ] [90m[1mupdate_scripts_classes[22m | [39m[0m
2026-10-07T10:15:43.1388872Z [   4% ] [90m[1mupdate_scripts_classes[22m | [39m[0m
2026-10-07T10:15:43.1389234Z [   4% ] [90m[1mupdate_scripts_classes[22m | [39m[0m
2026-10-07T10:15:43.1389599Z [   4% ] [90m[1mupdate_scripts_classes[22m | [39m[0m
2026-10-07T10:15:43.1389969Z [   4% ] [90m[1mupdate_scripts_classes[22m | [39m[0m
2026-10-07T10:15:43.1390331Z [   4% ] [90m[1mupdate_scripts_classes[22m | [39m[0m
2026-10-07T10:15:43.1390699Z [   4% ] [90m[1mupdate_scripts_classes[22m | [39m[0m
2026-10-07T10:15:43.1391061Z [   4% ] [90m[1mupdate_scripts_classes[22m | [39m[0m
2026-10-07T10:15:43.1391426Z [   4% ] [90m[1mupdate_scripts_classes[22m | [39m[0m
2026-10-07T10:15:43.1391935Z [   5% ] [90m[1mupdate_scripts_classes[22m | [39m[0m
2026-10-07T10:15:43.1392297Z [   5% ] [90m[1mupdate_scripts_classes[22m | [39m[0m
2026-10-07T10:15:43.1392664Z [   5% ] [90m[1mupdate_scripts_classes[22m | [39m[0m
2026-10-07T10:15:43.1393034Z [   5% ] [90m[1mupdate_scripts_classes[22m | [39m[0m
2026-10-07T10:15:43.1393397Z [   5% ] [90m[1mupdate_scripts_classes[22m | [39m[0m
2026-10-07T10:15:43.1393767Z [   5% ] [90m[1mupdate_scripts_classes[22m | [39m[0m
2026-10-07T10:15:43.1394143Z [   5% ] [90m[1mupdate_scripts_classes[22m | [39m[0m
2026-10-07T10:15:43.1394503Z [   5% ] [90m[1mupdate_scripts_classes[22m | [39m[0m
2026-10-07T10:15:43.1395126Z [   5% ] [90m[1mupdate_scripts_classes[22m | [39m[0m
2026-10-07T10:15:43.1395722Z [   5% ] [90m[1mupdate_scripts_classes[22m | [39m[0m
2026-10-07T10:15:43.1396317Z [   5% ] [90m[1mupdate_scripts_classes[22m | [39m[0m
2026-10-07T10:15:43.1396900Z [   5% ] [90m[1mupdate_scripts_classes[22m | [39m[0m
2026-10-07T10:15:43.1397485Z [   5% ] [90m[1mupdate_scripts_classes[22m | [39m[0m
2026-10-07T10:15:43.1398077Z [   5% ] [90m[1mupdate_scripts_classes[22m | [39m[0m
2026-10-07T10:15:43.1398661Z [   5% ] [90m[1mupdate_scripts_classes[22m | [39m[0m
2026-10-07T10:15:43.1399251Z [   5% ] [90m[1mupdate_scripts_classes[22m | [39m[0m
2026-10-07T10:15:43.1399835Z [   5% ] [90m[1mupdate_scripts_classes[22m | [39m[0m
2026-10-07T10:15:43.1400417Z [   5% ] [90m[1mupdate_scripts_classes[22m | [39m[0m
2026-10-07T10:15:43.1401009Z [   5% ] [90m[1mupdate_scripts_classes[22m | [39m[0m
2026-10-07T10:15:43.1401588Z [   5% ] [90m[1mupdate_scripts_classes[22m | [39m[0m
2026-10-07T10:15:43.1402182Z [   5% ] [90m[1mupdate_scripts_classes[22m | [39m[0m
2026-10-07T10:15:43.1402763Z [   5% ] [90m[1mupdate_scripts_classes[22m | [39m[0m
2026-10-07T10:15:43.1403344Z [   5% ] [90m[1mupdate_scripts_classes[22m | [39m[0m
2026-10-07T10:15:43.1403934Z [   5% ] [90m[1mupdate_scripts_classes[22m | [39m[0m
2026-10-07T10:15:43.1404524Z [   5% ] [90m[1mupdate_scripts_classes[22m | [39m[0m
2026-10-07T10:15:43.1405220Z [   5% ] [90m[1mupdate_scripts_classes[22m | [39m[0m
2026-10-07T10:15:43.1405767Z [   5% ] [90m[1mupdate_scripts_classes[22m | [39m[0m
2026-10-07T10:15:43.1406268Z [   5% ] [90m[1mupdate_scripts_classes[22m | [39m[0m
2026-10-07T10:15:43.1406704Z [   5% ] [90m[1mupdate_scripts_classes[22m | [39m[0m
2026-10-07T10:15:43.1407268Z [   5% ] [90m[1mupdate_scripts_classes[22m | [39m[0m
2026-10-07T10:15:43.1407826Z [   5% ] [90m[1mupdate_scripts_classes[22m | [39m[0m
2026-10-07T10:15:43.1408382Z [   6% ] [90m[1mupdate_scripts_classes[22m | [39m[0m
2026-10-07T10:15:43.1409017Z [   6% ] [90m[1mupdate_scripts_classes[22m | [39m[0m
2026-10-07T10:15:43.1409628Z [   6% ] [90m[1mupdate_scripts_classes[22m | [39m[0m
2026-10-07T10:15:43.1410231Z [   6% ] [90m[1mupdate_scripts_classes[22m | [39m[0m
2026-10-07T10:15:43.1410868Z [   6% ] [90m[1mupdate_scripts_classes[22m | [39m[0m
2026-10-07T10:15:43.1411494Z [   6% ] [90m[1mupdate_scripts_classes[22m | [39m[0m
2026-10-07T10:15:43.1412353Z [   6% ] [90m[1mupdate_scripts_classes[22m | [39m[0m
2026-10-07T10:15:43.1412974Z [   6% ] [90m[1mupdate_scripts_classes[22m | [39m[0m
2026-10-07T10:15:43.1413587Z [   6% ] [90m[1mupdate_scripts_classes[22m | [39m[0m
2026-10-07T10:15:43.1414184Z [   6% ] [90m[1mupdate_scripts_classes[22m | [39m[0m
2026-10-07T10:15:43.1414952Z [   6% ] [90m[1mupdate_scripts_classes[22m | [39m[0m
2026-10-07T10:15:43.1415560Z [   6% ] [90m[1mupdate_scripts_classes[22m | [39m[0m
2026-10-07T10:15:43.1416147Z [   6% ] [90m[1mupdate_scripts_classes[22m | [39m[0m
2026-10-07T10:15:43.1416751Z [   6% ] [90m[1mupdate_scripts_classes[22m | [39m[0m
2026-10-07T10:15:43.1417341Z [   6% ] [90m[1mupdate_scripts_classes[22m | [39m[0m
2026-10-07T10:15:43.1417929Z [   6% ] [90m[1mupdate_scripts_classes[22m | [39m[0m
2026-10-07T10:15:43.1418743Z [   6% ] [90m[1mupdate_scripts_classes[22m | [39m[0m
2026-10-07T10:15:43.1419340Z [   6% ] [90m[1mupdate_scripts_classes[22m | [39m[0m
2026-10-07T10:15:43.1419942Z [   6% ] [90m[1mupdate_scripts_classes[22m | [39m[0m
2026-10-07T10:15:43.1420548Z [   6% ] [90m[1mupdate_scripts_classes[22m | [39m[0m
2026-10-07T10:15:43.1421139Z [   6% ] [90m[1mupdate_scripts_classes[22m | [39m[0m
2026-10-07T10:15:43.1421738Z [   6% ] [90m[1mupdate_scripts_classes[22m | [39m[0m
2026-10-07T10:15:43.1422326Z [   6% ] [90m[1mupdate_scripts_classes[22m | [39m[0m
2026-10-07T10:15:43.1422862Z [   6% ] [90m[1mupdate_scripts_classes[22m | [39m[0m
2026-10-07T10:15:43.1423238Z [   6% ] [90m[1mupdate_scripts_classes[22m | [39m[0m
2026-10-07T10:15:43.1423602Z [   6% ] [90m[1mupdate_scripts_classes[22m | [39m[0m
2026-10-07T10:15:43.1423973Z [   6% ] [90m[1mupdate_scripts_classes[22m | [39m[0m
2026-10-07T10:15:43.1424347Z [   6% ] [90m[1mupdate_scripts_classes[22m | [39m[0m
2026-10-07T10:15:43.1424922Z [   6% ] [90m[1mupdate_scripts_classes[22m | [39m[0m
2026-10-07T10:15:43.1425301Z [   6% ] [90m[1mupdate_scripts_classes[22m | [39m[0m
2026-10-07T10:15:43.1425673Z [   6% ] [90m[1mupdate_scripts_classes[22m | [39m[0m
2026-10-07T10:15:43.1426048Z [   7% ] [90m[1mupdate_scripts_classes[22m | [39m[0m
2026-10-07T10:15:43.1426415Z [   7% ] [90m[1mupdate_scripts_classes[22m | [39m[0m
2026-10-07T10:15:43.1426778Z [   7% ] [90m[1mupdate_scripts_classes[22m | [39m[0m
2026-10-07T10:15:43.1427225Z [   7% ] [90m[1mupdate_scripts_classes[22m | SnapshotTransfer[39m[0m
2026-10-07T10:15:43.1427661Z [   7% ] [90m[1mupdate_scripts_classes[22m | [39m[0m
2026-10-07T10:15:43.1428043Z [   7% ] [90m[1mupdate_scripts_classes[22m | [39m[0m
2026-10-07T10:15:43.1428670Z [   7% ] [90m[1mupdate_scripts_classes[22m | [39m[0m
2026-10-07T10:15:43.1429226Z [   7% ] [90m[1mupdate_scripts_classes[22m | [39m[0m
2026-10-07T10:15:43.1429945Z [   7% ] [90m[1mupdate_scripts_classes[22m | [39m[0m
2026-10-07T10:15:43.1430494Z [   7% ] [90m[1mupdate_scripts_classes[22m | [39m[0m
2026-10-07T10:15:43.1431048Z [   7% ] [90m[1mupdate_scripts_classes[22m | [39m[0m
2026-10-07T10:15:43.1431663Z [   7% ] [90m[1mupdate_scripts_classes[22m | [39m[0m
2026-10-07T10:15:43.1432205Z [   7% ] [90m[1mupdate_scripts_classes[22m | [39m[0m
2026-10-07T10:15:43.1432727Z [   7% ] [90m[1mupdate_scripts_classes[22m | [39m[0m
2026-10-07T10:15:43.1433251Z [   7% ] [90m[1mupdate_scripts_classes[22m | [39m[0m
2026-10-07T10:15:43.1433821Z [   7% ] [90m[1mupdate_scripts_classes[22m | [39m[0m
2026-10-07T10:15:43.1434404Z [   7% ] [90m[1mupdate_scripts_classes[22m | [39m[0m
2026-10-07T10:15:43.1435282Z [   7% ] [90m[1mupdate_scripts_classes[22m | [39m[0m
2026-10-07T10:15:43.1436056Z [   7% ] [90m[1mupdate_scripts_classes[22m | [39m[0m
2026-10-07T10:15:43.1452285Z [   7% ] [90m[1mupdate_scripts_classes[22m | [39m[0m
2026-10-07T10:15:43.1453034Z [   7% ] [90m[1mupdate_scripts_classes[22m | [39m[0m
2026-10-07T10:15:43.1453670Z [   7% ] [90m[1mupdate_scripts_classes[22m | [39m[0m
2026-10-07T10:15:43.1454549Z [   7% ] [90m[1mupdate_scripts_classes[22m | [39m[0m
2026-10-07T10:15:43.1455332Z [   7% ] [90m[1mupdate_scripts_classes[22m | [39m[0m
2026-10-07T10:15:43.1455925Z [   7% ] [90m[1mupdate_scripts_classes[22m | [39m[0m
2026-10-07T10:15:43.1456519Z [   7% ] [90m[1mupdate_scripts_classes[22m | [39m[0m
2026-10-07T10:15:43.1457124Z [   7% ] [90m[1mupdate_scripts_classes[22m | [39m[0m
2026-10-07T10:15:43.1457706Z [   7% ] [90m[1mupdate_scripts_classes[22m | [39m[0m
2026-10-07T10:15:43.1458299Z [   7% ] [90m[1mupdate_scripts_classes[22m | [39m[0m
2026-10-07T10:15:43.1458884Z [   7% ] [90m[1mupdate_scripts_classes[22m | [39m[0m
2026-10-07T10:15:43.1459467Z [   7% ] [90m[1mupdate_scripts_classes[22m | [39m[0m
2026-10-07T10:15:43.1460063Z [   8% ] [90m[1mupdate_scripts_classes[22m | [39m[0m
2026-10-07T10:15:43.1460837Z [   8% ] [90m[1mupdate_scripts_classes[22m | [39m[0m
2026-10-07T10:15:43.1461429Z [   8% ] [90m[1mupdate_scripts_classes[22m | [39m[0m
2026-10-07T10:15:43.1462020Z [   8% ] [90m[1mupdate_scripts_classes[22m | [39m[0m
2026-10-07T10:15:43.1462606Z [   8% ] [90m[1mupdate_scripts_classes[22m | [39m[0m
2026-10-07T10:15:43.1463208Z [   8% ] [90m[1mupdate_scripts_classes[22m | [39m[0m
2026-10-07T10:15:43.1463798Z [   8% ] [90m[1mupdate_scripts_classes[22m | [39m[0m
2026-10-07T10:15:43.1464384Z [   8% ] [90m[1mupdate_scripts_classes[22m | [39m[0m
2026-10-07T10:15:43.1465122Z [   8% ] [90m[1mupdate_scripts_classes[22m | [39m[0m
2026-10-07T10:15:43.1465720Z [   8% ] [90m[1mupdate_scripts_classes[22m | [39m[0m
2026-10-07T10:15:43.1466316Z [   8% ] [90m[1mupdate_scripts_classes[22m | [39m[0m
2026-10-07T10:15:43.1466903Z [   8% ] [90m[1mupdate_scripts_classes[22m | [39m[0m
2026-10-07T10:15:43.1467492Z [   8% ] [90m[1mupdate_scripts_classes[22m | [39m[0m
2026-10-07T10:15:43.1468097Z [   8% ] [90m[1mupdate_scripts_classes[22m | [39m[0m
2026-10-07T10:15:43.1468721Z [   8% ] [90m[1mupdate_scripts_classes[22m | [39m[0m
2026-10-07T10:15:43.1469318Z [   8% ] [90m[1mupdate_scripts_classes[22m | [39m[0m
2026-10-07T10:15:43.1469904Z [   8% ] [90m[1mupdate_scripts_classes[22m | [39m[0m
2026-10-07T10:15:43.1470487Z [   8% ] [90m[1mupdate_scripts_classes[22m | [39m[0m
2026-10-07T10:15:43.1471078Z [   8% ] [90m[1mupdate_scripts_classes[22m | [39m[0m
2026-10-07T10:15:43.1471656Z [   8% ] [90m[1mupdate_scripts_classes[22m | [39m[0m
2026-10-07T10:15:43.1472247Z [   8% ] [90m[1mupdate_scripts_classes[22m | [39m[0m
2026-10-07T10:15:43.1472831Z [   8% ] [90m[1mupdate_scripts_classes[22m | [39m[0m
2026-10-07T10:15:43.1473404Z [   8% ] [90m[1mupdate_scripts_classes[22m | [39m[0m
2026-10-07T10:15:43.1473989Z [   8% ] [90m[1mupdate_scripts_classes[22m | [39m[0m
2026-10-07T10:15:43.1474572Z [   8% ] [90m[1mupdate_scripts_classes[22m | [39m[0m
2026-10-07T10:15:43.1475383Z [   8% ] [90m[1mupdate_scripts_classes[22m | [39m[0m
2026-10-07T10:15:43.1475976Z [   8% ] [90m[1mupdate_scripts_classes[22m | [39m[0m
2026-10-07T10:15:43.1476559Z [   8% ] [90m[1mupdate_scripts_classes[22m | [39m[0m
2026-10-07T10:15:43.1477155Z [   8% ] [90m[1mupdate_scripts_classes[22m | [39m[0m
2026-10-07T10:15:43.1477741Z [   8% ] [90m[1mupdate_scripts_classes[22m | [39m[0m
2026-10-07T10:15:43.1478339Z [   8% ] [90m[1mupdate_scripts_classes[22m | [39m[0m
2026-10-07T10:15:43.1478923Z [   9% ] [90m[1mupdate_scripts_classes[22m | [39m[0m
2026-10-07T10:15:43.1479494Z [   9% ] [90m[1mupdate_scripts_classes[22m | [39m[0m
2026-10-07T10:15:43.1479887Z [   9% ] [90m[1mupdate_scripts_classes[22m | [39m[0m
2026-10-07T10:15:43.1480258Z [   9% ] [90m[1mupdate_scripts_classes[22m | [39m[0m
2026-10-07T10:15:43.1480623Z [   9% ] [90m[1mupdate_scripts_classes[22m | [39m[0m
2026-10-07T10:15:43.1480988Z [   9% ] [90m[1mupdate_scripts_classes[22m | [39m[0m
2026-10-07T10:15:43.1481406Z [   9% ] [90m[1mupdate_scripts_classes[22m | AudioCues[39m[0m
2026-10-07T10:15:43.1481987Z [   9% ] [90m[1mupdate_scripts_classes[22m | [39m[0m
2026-10-07T10:15:43.1482367Z [   9% ] [90m[1mupdate_scripts_classes[22m | [39m[0m
2026-10-07T10:15:43.1482848Z [   9% ] [90m[1mupdate_scripts_classes[22m | [39m[0m
2026-10-07T10:15:43.1483316Z [   9% ] [90m[1mupdate_scripts_classes[22m | [39m[0m
2026-10-07T10:15:43.1483695Z [   9% ] [90m[1mupdate_scripts_classes[22m | [39m[0m
2026-10-07T10:15:43.1484089Z [   9% ] [90m[1mupdate_scripts_classes[22m | [39m[0m
2026-10-07T10:15:43.1484457Z [   9% ] [90m[1mupdate_scripts_classes[22m | [39m[0m
2026-10-07T10:15:43.1485043Z [   9% ] [90m[1mupdate_scripts_classes[22m | [39m[0m
2026-10-07T10:15:43.1485414Z [   9% ] [90m[1mupdate_scripts_classes[22m | [39m[0m
2026-10-07T10:15:43.1485777Z [   9% ] [90m[1mupdate_scripts_classes[22m | [39m[0m
2026-10-07T10:15:43.1486293Z [   9% ] [90m[1mupdate_scripts_classes[22m | [39m[0m
2026-10-07T10:15:43.1486653Z [   9% ] [90m[1mupdate_scripts_classes[22m | [39m[0m
2026-10-07T10:15:43.1487026Z [   9% ] [90m[1mupdate_scripts_classes[22m | [39m[0m
2026-10-07T10:15:43.1487391Z [   9% ] [90m[1mupdate_scripts_classes[22m | [39m[0m
2026-10-07T10:15:43.1487753Z [   9% ] [90m[1mupdate_scripts_classes[22m | [39m[0m
2026-10-07T10:15:43.1488123Z [   9% ] [90m[1mupdate_scripts_classes[22m | [39m[0m
2026-10-07T10:15:43.1488489Z [   9% ] [90m[1mupdate_scripts_classes[22m | [39m[0m
2026-10-07T10:15:43.1488876Z [   9% ] [90m[1mupdate_scripts_classes[22m | [39m[0m
2026-10-07T10:15:43.1489249Z [   9% ] [90m[1mupdate_scripts_classes[22m | [39m[0m
2026-10-07T10:15:43.1489628Z [   9% ] [90m[1mupdate_scripts_classes[22m | [39m[0m
2026-10-07T10:15:43.1490026Z [   9% ] [90m[1mupdate_scripts_classes[22m | [39m[0m
2026-10-07T10:15:43.1490405Z [   9% ] [90m[1mupdate_scripts_classes[22m | [39m[0m
2026-10-07T10:15:43.1490942Z [   9% ] [90m[1mupdate_scripts_classes[22m | [39m[0m
2026-10-07T10:15:43.1491338Z [   9% ] [90m[1mupdate_scripts_classes[22m | [39m[0m
2026-10-07T10:15:43.1491711Z [  10% ] [90m[1mupdate_scripts_classes[22m | [39m[0m
2026-10-07T10:15:43.1492090Z [  10% ] [90m[1mupdate_scripts_classes[22m | [39m[0m
2026-10-07T10:15:43.1492461Z [  10% ] [90m[1mupdate_scripts_classes[22m | [39m[0m
2026-10-07T10:15:43.1492828Z [  10% ] [90m[1mupdate_scripts_classes[22m | [39m[0m
2026-10-07T10:15:43.1493208Z [  10% ] [90m[1mupdate_scripts_classes[22m | [39m[0m
2026-10-07T10:15:43.1493665Z [  10% ] [90m[1mupdate_scripts_classes[22m | [39m[0m
2026-10-07T10:15:43.1494203Z [  10% ] [90m[1mupdate_scripts_classes[22m | [39m[0m
2026-10-07T10:15:43.1494573Z [  10% ] [90m[1mupdate_scripts_classes[22m | [39m[0m
2026-10-07T10:15:43.1495262Z [  10% ] [90m[1mupdate_scripts_classes[22m | [39m[0m
2026-10-07T10:15:43.1495859Z [  10% ] [90m[1mupdate_scripts_classes[22m | [39m[0m
2026-10-07T10:15:43.1496375Z [  10% ] [90m[1mupdate_scripts_classes[22m | [39m[0m
2026-10-07T10:15:43.1496752Z [  10% ] [90m[1mupdate_scripts_classes[22m | [39m[0m
2026-10-07T10:15:43.1497118Z [  10% ] [90m[1mupdate_scripts_classes[22m | [39m[0m
2026-10-07T10:15:43.1497483Z [  10% ] [90m[1mupdate_scripts_classes[22m | [39m[0m
2026-10-07T10:15:43.1497857Z [  10% ] [90m[1mupdate_scripts_classes[22m | [39m[0m
2026-10-07T10:15:43.1498226Z [  10% ] [90m[1mupdate_scripts_classes[22m | [39m[0m
2026-10-07T10:15:43.1498599Z [  10% ] [90m[1mupdate_scripts_classes[22m | [39m[0m
2026-10-07T10:15:43.1498966Z [  10% ] [90m[1mupdate_scripts_classes[22m | [39m[0m
2026-10-07T10:15:43.1499330Z [  10% ] [90m[1mupdate_scripts_classes[22m | [39m[0m
2026-10-07T10:15:43.1499700Z [  10% ] [90m[1mupdate_scripts_classes[22m | [39m[0m
2026-10-07T10:15:43.1500066Z [  10% ] [90m[1mupdate_scripts_classes[22m | [39m[0m
2026-10-07T10:15:43.1500435Z [  10% ] [90m[1mupdate_scripts_classes[22m | [39m[0m
2026-10-07T10:15:43.1500806Z [  10% ] [90m[1mupdate_scripts_classes[22m | [39m[0m
2026-10-07T10:15:43.1501378Z [  10% ] [90m[1mupdate_scripts_classes[22m | [39m[0m
2026-10-07T10:15:43.1501757Z [  10% ] [90m[1mupdate_scripts_classes[22m | [39m[0m
2026-10-07T10:15:43.1502123Z [  10% ] [90m[1mupdate_scripts_classes[22m | [39m[0m
2026-10-07T10:15:43.1502487Z [  10% ] [90m[1mupdate_scripts_classes[22m | [39m[0m
2026-10-07T10:15:43.1502864Z [  10% ] [90m[1mupdate_scripts_classes[22m | [39m[0m
2026-10-07T10:15:43.1503239Z [  10% ] [90m[1mupdate_scripts_classes[22m | [39m[0m
2026-10-07T10:15:43.1503618Z [  10% ] [90m[1mupdate_scripts_classes[22m | [39m[0m
2026-10-07T10:15:43.1503983Z [  10% ] [90m[1mupdate_scripts_classes[22m | [39m[0m
2026-10-07T10:15:43.1504342Z [  11% ] [90m[1mupdate_scripts_classes[22m | [39m[0m
2026-10-07T10:15:43.1504836Z [  11% ] [90m[1mupdate_scripts_classes[22m | [39m[0m
2026-10-07T10:15:43.1505614Z [  11% ] [90m[1mupdate_scripts_classes[22m | [39m[0m
2026-10-07T10:15:43.1506210Z [  11% ] [90m[1mupdate_scripts_classes[22m | [39m[0m
2026-10-07T10:15:43.1506804Z [  11% ] [90m[1mupdate_scripts_classes[22m | [39m[0m
2026-10-07T10:15:43.1507395Z [  11% ] [90m[1mupdate_scripts_classes[22m | [39m[0m
2026-10-07T10:15:43.1507988Z [  11% ] [90m[1mupdate_scripts_classes[22m | [39m[0m
2026-10-07T10:15:43.1508574Z [  11% ] [90m[1mupdate_scripts_classes[22m | [39m[0m
2026-10-07T10:15:43.1509238Z [  11% ] [90m[1mupdate_scripts_classes[22m | UITokens[39m[0m
2026-10-07T10:15:43.1509904Z [  11% ] [90m[1mupdate_scripts_classes[22m | [39m[0m
2026-10-07T10:15:43.1510499Z [  11% ] [90m[1mupdate_scripts_classes[22m | [39m[0m
2026-10-07T10:15:43.1511093Z [  11% ] [90m[1mupdate_scripts_classes[22m | [39m[0m
2026-10-07T10:15:43.1511683Z [  11% ] [90m[1mupdate_scripts_classes[22m | [39m[0m
2026-10-07T10:15:43.1512276Z [  11% ] [90m[1mupdate_scripts_classes[22m | [39m[0m
2026-10-07T10:15:43.1512873Z [  11% ] [90m[1mupdate_scripts_classes[22m | [39m[0m
2026-10-07T10:15:43.1513463Z [  11% ] [90m[1mupdate_scripts_classes[22m | [39m[0m
2026-10-07T10:15:43.1514059Z [  11% ] [90m[1mupdate_scripts_classes[22m | [39m[0m
2026-10-07T10:15:43.1514774Z [  11% ] [90m[1mupdate_scripts_classes[22m | [39m[0m
2026-10-07T10:15:43.1515382Z [  11% ] [90m[1mupdate_scripts_classes[22m | [39m[0m
2026-10-07T10:15:43.1515968Z [  11% ] [90m[1mupdate_scripts_classes[22m | [39m[0m
2026-10-07T10:15:43.1516555Z [  11% ] [90m[1mupdate_scripts_classes[22m | [39m[0m
2026-10-07T10:15:43.1517144Z [  11% ] [90m[1mupdate_scripts_classes[22m | [39m[0m
2026-10-07T10:15:43.1517726Z [  11% ] [90m[1mupdate_scripts_classes[22m | [39m[0m
2026-10-07T10:15:43.1518309Z [  11% ] [90m[1mupdate_scripts_classes[22m | [39m[0m
2026-10-07T10:15:43.1518908Z [  11% ] [90m[1mupdate_scripts_classes[22m | [39m[0m
2026-10-07T10:15:43.1519486Z [  11% ] [90m[1mupdate_scripts_classes[22m | [39m[0m
2026-10-07T10:15:43.1520086Z [  11% ] [90m[1mupdate_scripts_classes[22m | [39m[0m
2026-10-07T10:15:43.1520670Z [  11% ] [90m[1mupdate_scripts_classes[22m | [39m[0m
2026-10-07T10:15:43.1521249Z [  11% ] [90m[1mupdate_scripts_classes[22m | [39m[0m
2026-10-07T10:15:43.1521837Z [  11% ] [90m[1mupdate_scripts_classes[22m | [39m[0m
2026-10-07T10:15:43.1522415Z [  11% ] [90m[1mupdate_scripts_classes[22m | [39m[0m
2026-10-07T10:15:43.1523001Z [  12% ] [90m[1mupdate_scripts_classes[22m | [39m[0m
2026-10-07T10:15:43.1523587Z [  12% ] [90m[1mupdate_scripts_classes[22m | [39m[0m
2026-10-07T10:15:43.1524168Z [  12% ] [90m[1mupdate_scripts_classes[22m | [39m[0m
2026-10-07T10:15:43.1524893Z [  12% ] [90m[1mupdate_scripts_classes[22m | [39m[0m
2026-10-07T10:15:43.1525479Z [  12% ] [90m[1mupdate_scripts_classes[22m | [39m[0m
2026-10-07T10:15:43.1526068Z [  12% ] [90m[1mupdate_scripts_classes[22m | [39m[0m
2026-10-07T10:15:43.1526656Z [  12% ] [90m[1mupdate_scripts_classes[22m | [39m[0m
2026-10-07T10:15:43.1527249Z [  12% ] [90m[1mupdate_scripts_classes[22m | [39m[0m
2026-10-07T10:15:43.1528015Z [  12% ] [90m[1mupdate_scripts_classes[22m | [39m[0m
2026-10-07T10:15:43.1528610Z [  12% ] [90m[1mupdate_scripts_classes[22m | [39m[0m
2026-10-07T10:15:43.1529201Z [  12% ] [90m[1mupdate_scripts_classes[22m | [39m[0m
2026-10-07T10:15:43.1529786Z [  12% ] [90m[1mupdate_scripts_classes[22m | [39m[0m
2026-10-07T10:15:43.1530375Z [  12% ] [90m[1mupdate_scripts_classes[22m | [39m[0m
2026-10-07T10:15:43.1530965Z [  12% ] [90m[1mupdate_scripts_classes[22m | [39m[0m
2026-10-07T10:15:43.1531552Z [  12% ] [90m[1mupdate_scripts_classes[22m | [39m[0m
2026-10-07T10:15:43.1532132Z [  12% ] [90m[1mupdate_scripts_classes[22m | [39m[0m
2026-10-07T10:15:43.1532722Z [  12% ] [90m[1mupdate_scripts_classes[22m | [39m[0m
2026-10-07T10:15:43.1533304Z [  12% ] [90m[1mupdate_scripts_classes[22m | [39m[0m
2026-10-07T10:15:43.1534052Z [  12% ] [90m[1mupdate_scripts_classes[22m | [39m[0m
2026-10-07T10:15:43.1534766Z [  12% ] [90m[1mupdate_scripts_classes[22m | [39m[0m
2026-10-07T10:15:43.1535357Z [  12% ] [90m[1mupdate_scripts_classes[22m | [39m[0m
2026-10-07T10:15:43.1535952Z [  12% ] [90m[1mupdate_scripts_classes[22m | [39m[0m
2026-10-07T10:15:43.1536535Z [  12% ] [90m[1mupdate_scripts_classes[22m | [39m[0m
2026-10-07T10:15:43.1537127Z [  12% ] [90m[1mupdate_scripts_classes[22m | [39m[0m
2026-10-07T10:15:43.1537717Z [  12% ] [90m[1mupdate_scripts_classes[22m | [39m[0m
2026-10-07T10:15:43.1538305Z [  12% ] [90m[1mupdate_scripts_classes[22m | [39m[0m
2026-10-07T10:15:43.1538896Z [  12% ] [90m[1mupdate_scripts_classes[22m | [39m[0m
2026-10-07T10:15:43.1539476Z [  12% ] [90m[1mupdate_scripts_classes[22m | [39m[0m
2026-10-07T10:15:43.1540065Z [  12% ] [90m[1mupdate_scripts_classes[22m | [39m[0m
2026-10-07T10:15:43.1540646Z [  12% ] [90m[1mupdate_scripts_classes[22m | [39m[0m
2026-10-07T10:15:43.1541235Z [  12% ] [90m[1mupdate_scripts_classes[22m | [39m[0m
2026-10-07T10:15:43.1541966Z [  13% ] [90m[1mupdate_scripts_classes[22m | CloudreachGrassRoles[39m[0m
2026-10-07T10:15:43.1542682Z [  13% ] [90m[1mupdate_scripts_classes[22m | [39m[0m
2026-10-07T10:15:43.1543271Z [  13% ] [90m[1mupdate_scripts_classes[22m | [39m[0m
2026-10-07T10:15:43.1543857Z [  13% ] [90m[1mupdate_scripts_classes[22m | [39m[0m
2026-10-07T10:15:43.1544436Z [  13% ] [90m[1mupdate_scripts_classes[22m | [39m[0m
2026-10-07T10:15:43.1545156Z [  13% ] [90m[1mupdate_scripts_classes[22m | [39m[0m
2026-10-07T10:15:43.1545743Z [  13% ] [90m[1mupdate_scripts_classes[22m | [39m[0m
2026-10-07T10:15:43.1546334Z [  13% ] [90m[1mupdate_scripts_classes[22m | [39m[0m
2026-10-07T10:15:43.1546917Z [  13% ] [90m[1mupdate_scripts_classes[22m | [39m[0m
2026-10-07T10:15:43.1547499Z [  13% ] [90m[1mupdate_scripts_classes[22m | [39m[0m
2026-10-07T10:15:43.1548146Z [  13% ] [90m[1mupdate_scripts_classes[22m | [39m[0m
2026-10-07T10:15:43.1548728Z [  13% ] [90m[1mupdate_scripts_classes[22m | [39m[0m
2026-10-07T10:15:43.1549323Z [  13% ] [90m[1mupdate_scripts_classes[22m | [39m[0m
2026-10-07T10:15:43.1549908Z [  13% ] [90m[1mupdate_scripts_classes[22m | [39m[0m
2026-10-07T10:15:43.1550500Z [  13% ] [90m[1mupdate_scripts_classes[22m | [39m[0m
2026-10-07T10:15:43.1551086Z [  13% ] [90m[1mupdate_scripts_classes[22m | [39m[0m
2026-10-07T10:15:43.1551667Z [  13% ] [90m[1mupdate_scripts_classes[22m | [39m[0m
2026-10-07T10:15:43.1552265Z [  13% ] [90m[1mupdate_scripts_classes[22m | [39m[0m
2026-10-07T10:15:43.1552852Z [  13% ] [90m[1mupdate_scripts_classes[22m | [39m[0m
2026-10-07T10:15:43.1553442Z [  13% ] [90m[1mupdate_scripts_classes[22m | [39m[0m
2026-10-07T10:15:43.1554025Z [  13% ] [90m[1mupdate_scripts_classes[22m | [39m[0m
2026-10-07T10:15:43.1554602Z [  13% ] [90m[1mupdate_scripts_classes[22m | [39m[0m
2026-10-07T10:15:43.1555317Z [  13% ] [90m[1mupdate_scripts_classes[22m | [39m[0m
2026-10-07T10:15:43.1555905Z [  13% ] [90m[1mupdate_scripts_classes[22m | [39m[0m
2026-10-07T10:15:43.1556663Z [  13% ] [90m[1mupdate_scripts_classes[22m | [39m[0m
2026-10-07T10:15:43.1557250Z [  13% ] [90m[1mupdate_scripts_classes[22m | [39m[0m
2026-10-07T10:15:43.1557830Z [  13% ] [90m[1mupdate_scripts_classes[22m | [39m[0m
2026-10-07T10:15:43.1558424Z [  13% ] [90m[1mupdate_scripts_classes[22m | [39m[0m
2026-10-07T10:15:43.1559008Z [  13% ] [90m[1mupdate_scripts_classes[22m | [39m[0m
2026-10-07T10:15:43.1559592Z [  13% ] [90m[1mupdate_scripts_classes[22m | [39m[0m
2026-10-07T10:15:43.1560185Z [  13% ] [90m[1mupdate_scripts_classes[22m | [39m[0m
2026-10-07T10:15:43.1560767Z [  14% ] [90m[1mupdate_scripts_classes[22m | [39m[0m
2026-10-07T10:15:43.1561361Z [  14% ] [90m[1mupdate_scripts_classes[22m | [39m[0m
2026-10-07T10:15:43.1561942Z [  14% ] [90m[1mupdate_scripts_classes[22m | [39m[0m
2026-10-07T10:15:43.1562688Z [  14% ] [90m[1mupdate_scripts_classes[22m | [39m[0m
2026-10-07T10:15:43.1563281Z [  14% ] [90m[1mupdate_scripts_classes[22m | [39m[0m
2026-10-07T10:15:43.1563868Z [  14% ] [90m[1mupdate_scripts_classes[22m | [39m[0m
2026-10-07T10:15:43.1564456Z [  14% ] [90m[1mupdate_scripts_classes[22m | [39m[0m
2026-10-07T10:15:43.1565166Z [  14% ] [90m[1mupdate_scripts_classes[22m | [39m[0m
2026-10-07T10:15:43.1565749Z [  14% ] [90m[1mupdate_scripts_classes[22m | [39m[0m
2026-10-07T10:15:43.1566338Z [  14% ] [90m[1mupdate_scripts_classes[22m | [39m[0m
2026-10-07T10:15:43.1566918Z [  14% ] [90m[1mupdate_scripts_classes[22m | [39m[0m
2026-10-07T10:15:43.1567510Z [  14% ] [90m[1mupdate_scripts_classes[22m | [39m[0m
2026-10-07T10:15:43.1568089Z [  14% ] [90m[1mupdate_scripts_classes[22m | [39m[0m
2026-10-07T10:15:43.1568667Z [  14% ] [90m[1mupdate_scripts_classes[22m | [39m[0m
2026-10-07T10:15:43.1569314Z [  14% ] [90m[1mupdate_scripts_classes[22m | [39m[0m
2026-10-07T10:15:43.1569904Z [  14% ] [90m[1mupdate_scripts_classes[22m | [39m[0m
2026-10-07T10:15:43.1570500Z [  14% ] [90m[1mupdate_scripts_classes[22m | [39m[0m
2026-10-07T10:15:43.1571078Z [  14% ] [90m[1mupdate_scripts_classes[22m | [39m[0m
2026-10-07T10:15:43.1571665Z [  14% ] [90m[1mupdate_scripts_classes[22m | [39m[0m
2026-10-07T10:15:43.1572258Z [  14% ] [90m[1mupdate_scripts_classes[22m | [39m[0m
2026-10-07T10:15:43.1572848Z [  14% ] [90m[1mupdate_scripts_classes[22m | [39m[0m
2026-10-07T10:15:43.1573440Z [  14% ] [90m[1mupdate_scripts_classes[22m | [39m[0m
2026-10-07T10:15:43.1574025Z [  14% ] [90m[1mupdate_scripts_classes[22m | [39m[0m
2026-10-07T10:15:43.1574614Z [  14% ] [90m[1mupdate_scripts_classes[22m | [39m[0m
2026-10-07T10:15:43.1575346Z [  14% ] [90m[1mupdate_scripts_classes[22m | [39m[0m
2026-10-07T10:15:43.1575931Z [  14% ] [90m[1mupdate_scripts_classes[22m | [39m[0m
2026-10-07T10:15:43.1576522Z [  14% ] [90m[1mupdate_scripts_classes[22m | [39m[0m
2026-10-07T10:15:43.1577115Z [  14% ] [90m[1mupdate_scripts_classes[22m | [39m[0m
2026-10-07T10:15:43.1577702Z [  14% ] [90m[1mupdate_scripts_classes[22m | [39m[0m
2026-10-07T10:15:43.1578294Z [  14% ] [90m[1mupdate_scripts_classes[22m | [39m[0m
2026-10-07T10:15:43.1578879Z [  14% ] [90m[1mupdate_scripts_classes[22m | [39m[0m
2026-10-07T10:15:43.1579459Z [  15% ] [90m[1mupdate_scripts_classes[22m | [39m[0m
2026-10-07T10:15:43.1580051Z [  15% ] [90m[1mupdate_scripts_classes[22m | [39m[0m
2026-10-07T10:15:43.1580631Z [  15% ] [90m[1mupdate_scripts_classes[22m | [39m[0m
2026-10-07T10:15:43.1581222Z [  15% ] [90m[1mupdate_scripts_classes[22m | [39m[0m
2026-10-07T10:15:43.1581808Z [  15% ] [90m[1mupdate_scripts_classes[22m | [39m[0m
2026-10-07T10:15:43.1582388Z [  15% ] [90m[1mupdate_scripts_classes[22m | [39m[0m
2026-10-07T10:15:43.1582979Z [  15% ] [90m[1mupdate_scripts_classes[22m | [39m[0m
2026-10-07T10:15:43.1583569Z [  15% ] [90m[1mupdate_scripts_classes[22m | [39m[0m
2026-10-07T10:15:43.1584158Z [  15% ] [90m[1mupdate_scripts_classes[22m | [39m[0m
2026-10-07T10:15:43.1585026Z [  15% ] [90m[1mupdate_scripts_classes[22m | [39m[0m
2026-10-07T10:15:43.1585618Z [  15% ] [90m[1mupdate_scripts_classes[22m | [39m[0m
2026-10-07T10:15:43.1586209Z [  15% ] [90m[1mupdate_scripts_classes[22m | [39m[0m
2026-10-07T10:15:43.1586792Z [  15% ] [90m[1mupdate_scripts_classes[22m | [39m[0m
2026-10-07T10:15:43.1587379Z [  15% ] [90m[1mupdate_scripts_classes[22m | [39m[0m
2026-10-07T10:15:43.1587962Z [  15% ] [90m[1mupdate_scripts_classes[22m | [39m[0m
2026-10-07T10:15:43.1588542Z [  15% ] [90m[1mupdate_scripts_classes[22m | [39m[0m
2026-10-07T10:15:43.1589126Z [  15% ] [90m[1mupdate_scripts_classes[22m | [39m[0m
2026-10-07T10:15:43.1589711Z [  15% ] [90m[1mupdate_scripts_classes[22m | [39m[0m
2026-10-07T10:15:43.1590338Z [  15% ] [90m[1mupdate_scripts_classes[22m | [39m[0m
2026-10-07T10:15:43.1591083Z [  15% ] [90m[1mupdate_scripts_classes[22m | [39m[0m
2026-10-07T10:15:43.1591674Z [  15% ] [90m[1mupdate_scripts_classes[22m | [39m[0m
2026-10-07T10:15:43.1592269Z [  15% ] [90m[1mupdate_scripts_classes[22m | [39m[0m
2026-10-07T10:15:43.1592854Z [  15% ] [90m[1mupdate_scripts_classes[22m | [39m[0m
2026-10-07T10:15:43.1593433Z [  15% ] [90m[1mupdate_scripts_classes[22m | [39m[0m
2026-10-07T10:15:43.1594027Z [  15% ] [90m[1mupdate_scripts_classes[22m | [39m[0m
2026-10-07T10:15:43.1594608Z [  15% ] [90m[1mupdate_scripts_classes[22m | [39m[0m
2026-10-07T10:15:43.1595357Z [  15% ] [90m[1mupdate_scripts_classes[22m | [39m[0m
2026-10-07T10:15:43.1595940Z [  15% ] [90m[1mupdate_scripts_classes[22m | [39m[0m
2026-10-07T10:15:43.1596518Z [  15% ] [90m[1mupdate_scripts_classes[22m | [39m[0m
2026-10-07T10:15:43.1597114Z [  15% ] [90m[1mupdate_scripts_classes[22m | [39m[0m
2026-10-07T10:15:43.1597697Z [  15% ] [90m[1mupdate_scripts_classes[22m | [39m[0m
2026-10-07T10:15:43.1598284Z [  16% ] [90m[1mupdate_scripts_classes[22m | [39m[0m
2026-10-07T10:15:43.1598871Z [  16% ] [90m[1mupdate_scripts_classes[22m | [39m[0m
2026-10-07T10:15:43.1599455Z [  16% ] [90m[1mupdate_scripts_classes[22m | [39m[0m
2026-10-07T10:15:43.1600042Z [  16% ] [90m[1mupdate_scripts_classes[22m | [39m[0m
2026-10-07T10:15:43.1600623Z [  16% ] [90m[1mupdate_scripts_classes[22m | [39m[0m
2026-10-07T10:15:43.1601208Z [  16% ] [90m[1mupdate_scripts_classes[22m | [39m[0m
2026-10-07T10:15:43.1601793Z [  16% ] [90m[1mupdate_scripts_classes[22m | [39m[0m
2026-10-07T10:15:43.1602373Z [  16% ] [90m[1mupdate_scripts_classes[22m | [39m[0m
2026-10-07T10:15:43.1602960Z [  16% ] [90m[1mupdate_scripts_classes[22m | [39m[0m
2026-10-07T10:15:43.1603542Z [  16% ] [90m[1mupdate_scripts_classes[22m | [39m[0m
2026-10-07T10:15:43.1604135Z [  16% ] [90m[1mupdate_scripts_classes[22m | [39m[0m
2026-10-07T10:15:43.1604841Z [  16% ] [90m[1mupdate_scripts_classes[22m | [39m[0m
2026-10-07T10:15:43.1605434Z [  16% ] [90m[1mupdate_scripts_classes[22m | [39m[0m
2026-10-07T10:15:43.1606037Z [  16% ] [90m[1mupdate_scripts_classes[22m | [39m[0m
2026-10-07T10:15:43.1606628Z [  16% ] [90m[1mupdate_scripts_classes[22m | [39m[0m
2026-10-07T10:15:43.1607213Z [  16% ] [90m[1mupdate_scripts_classes[22m | [39m[0m
2026-10-07T10:15:43.1607804Z [  16% ] [90m[1mupdate_scripts_classes[22m | [39m[0m
2026-10-07T10:15:43.1608388Z [  16% ] [90m[1mupdate_scripts_classes[22m | [39m[0m
2026-10-07T10:15:43.1608981Z [  16% ] [90m[1mupdate_scripts_classes[22m | [39m[0m
2026-10-07T10:15:43.1609563Z [  16% ] [90m[1mupdate_scripts_classes[22m | [39m[0m
2026-10-07T10:15:43.1610142Z [  16% ] [90m[1mupdate_scripts_classes[22m | [39m[0m
2026-10-07T10:15:43.1610736Z [  16% ] [90m[1mupdate_scripts_classes[22m | [39m[0m
2026-10-07T10:15:43.1611316Z [  16% ] [90m[1mupdate_scripts_classes[22m | [39m[0m
2026-10-07T10:15:43.1611896Z [  16% ] [90m[1mupdate_scripts_classes[22m | [39m[0m
2026-10-07T10:15:43.1612490Z [  16% ] [90m[1mupdate_scripts_classes[22m | [39m[0m
2026-10-07T10:15:43.1613257Z [  16% ] [90m[1mupdate_scripts_classes[22m | [39m[0m
2026-10-07T10:15:43.1613852Z [  16% ] [90m[1mupdate_scripts_classes[22m | [39m[0m
2026-10-07T10:15:43.1614432Z [  16% ] [90m[1mupdate_scripts_classes[22m | [39m[0m
2026-10-07T10:15:43.1615145Z [  16% ] [90m[1mupdate_scripts_classes[22m | [39m[0m
2026-10-07T10:15:43.1615738Z [  16% ] [90m[1mupdate_scripts_classes[22m | [39m[0m
2026-10-07T10:15:43.1616322Z [  16% ] [90m[1mupdate_scripts_classes[22m | [39m[0m
2026-10-07T10:15:43.1616910Z [  17% ] [90m[1mupdate_scripts_classes[22m | [39m[0m
2026-10-07T10:15:43.1617491Z [  17% ] [90m[1mupdate_scripts_classes[22m | [39m[0m
2026-10-07T10:15:43.1618071Z [  17% ] [90m[1mupdate_scripts_classes[22m | [39m[0m
2026-10-07T10:15:43.1618660Z [  17% ] [90m[1mupdate_scripts_classes[22m | [39m[0m
2026-10-07T10:15:43.1619392Z [  17% ] [90m[1mupdate_scripts_classes[22m | [39m[0m
2026-10-07T10:15:43.1619982Z [  17% ] [90m[1mupdate_scripts_classes[22m | [39m[0m
2026-10-07T10:15:43.1620571Z [  17% ] [90m[1mupdate_scripts_classes[22m | [39m[0m
2026-10-07T10:15:43.1621152Z [  17% ] [90m[1mupdate_scripts_classes[22m | [39m[0m
2026-10-07T10:15:43.1621746Z [  17% ] [90m[1mupdate_scripts_classes[22m | [39m[0m
2026-10-07T10:15:43.1622333Z [  17% ] [90m[1mupdate_scripts_classes[22m | [39m[0m
2026-10-07T10:15:43.1622913Z [  17% ] [90m[1mupdate_scripts_classes[22m | [39m[0m
2026-10-07T10:15:43.1623493Z [  17% ] [90m[1mupdate_scripts_classes[22m | [39m[0m
2026-10-07T10:15:43.1624071Z [  17% ] [90m[1mupdate_scripts_classes[22m | [39m[0m
2026-10-07T10:15:43.1624783Z [  17% ] [90m[1mupdate_scripts_classes[22m | [39m[0m
2026-10-07T10:15:43.1625371Z [  17% ] [90m[1mupdate_scripts_classes[22m | [39m[0m
2026-10-07T10:15:43.1625954Z [  17% ] [90m[1mupdate_scripts_classes[22m | [39m[0m
2026-10-07T10:15:43.1626543Z [  17% ] [90m[1mupdate_scripts_classes[22m | [39m[0m
2026-10-07T10:15:43.1627326Z [  17% ] [90m[1mupdate_scripts_classes[22m | [39m[0m
2026-10-07T10:15:43.1627919Z [  17% ] [90m[1mupdate_scripts_classes[22m | [39m[0m
2026-10-07T10:15:43.1628501Z [  17% ] [90m[1mupdate_scripts_classes[22m | [39m[0m
2026-10-07T10:15:43.1629090Z [  17% ] [90m[1mupdate_scripts_classes[22m | [39m[0m
2026-10-07T10:15:43.1629673Z [  17% ] [90m[1mupdate_scripts_classes[22m | [39m[0m
2026-10-07T10:15:43.1630256Z [  17% ] [90m[1mupdate_scripts_classes[22m | [39m[0m
2026-10-07T10:15:43.1630848Z [  17% ] [90m[1mupdate_scripts_classes[22m | [39m[0m
2026-10-07T10:15:43.1631435Z [  17% ] [90m[1mupdate_scripts_classes[22m | [39m[0m
2026-10-07T10:15:43.1632045Z [  17% ] [90m[1mupdate_scripts_classes[22m | [39m[0m
2026-10-07T10:15:43.1632628Z [  17% ] [90m[1mupdate_scripts_classes[22m | [39m[0m
2026-10-07T10:15:43.1633210Z [  17% ] [90m[1mupdate_scripts_classes[22m | [39m[0m
2026-10-07T10:15:43.1633806Z [  17% ] [90m[1mupdate_scripts_classes[22m | [39m[0m
2026-10-07T10:15:43.1634396Z [  17% ] [90m[1mupdate_scripts_classes[22m | [39m[0m
2026-10-07T10:15:43.1635110Z [  17% ] [90m[1mupdate_scripts_classes[22m | [39m[0m
2026-10-07T10:15:43.1635699Z [  18% ] [90m[1mupdate_scripts_classes[22m | [39m[0m
2026-10-07T10:15:43.1636284Z [  18% ] [90m[1mupdate_scripts_classes[22m | [39m[0m
2026-10-07T10:15:43.1636872Z [  18% ] [90m[1mupdate_scripts_classes[22m | [39m[0m
2026-10-07T10:15:43.1637459Z [  18% ] [90m[1mupdate_scripts_classes[22m | [39m[0m
2026-10-07T10:15:43.1638043Z [  18% ] [90m[1mupdate_scripts_classes[22m | [39m[0m
2026-10-07T10:15:43.1638639Z [  18% ] [90m[1mupdate_scripts_classes[22m | [39m[0m
2026-10-07T10:15:43.1639226Z [  18% ] [90m[1mupdate_scripts_classes[22m | [39m[0m
2026-10-07T10:15:43.1639816Z [  18% ] [90m[1mupdate_scripts_classes[22m | [39m[0m
2026-10-07T10:15:43.1640398Z [  18% ] [90m[1mupdate_scripts_classes[22m | [39m[0m
2026-10-07T10:15:43.1640982Z [  18% ] [90m[1mupdate_scripts_classes[22m | [39m[0m
2026-10-07T10:15:43.1641743Z [  18% ] [90m[1mupdate_scripts_classes[22m | [39m[0m
2026-10-07T10:15:43.1642329Z [  18% ] [90m[1mupdate_scripts_classes[22m | [39m[0m
2026-10-07T10:15:43.1642920Z [  18% ] [90m[1mupdate_scripts_classes[22m | [39m[0m
2026-10-07T10:15:43.1643501Z [  18% ] [90m[1mupdate_scripts_classes[22m | [39m[0m
2026-10-07T10:15:43.1644077Z [  18% ] [90m[1mupdate_scripts_classes[22m | [39m[0m
2026-10-07T10:15:43.1644790Z [  18% ] [90m[1mupdate_scripts_classes[22m | [39m[0m
2026-10-07T10:15:43.1645376Z [  18% ] [90m[1mupdate_scripts_classes[22m | [39m[0m
2026-10-07T10:15:43.1645941Z [  18% ] [90m[1mupdate_scripts_classes[22m | [39m[0m
2026-10-07T10:15:43.1646310Z [  18% ] [90m[1mupdate_scripts_classes[22m | [39m[0m
2026-10-07T10:15:43.1646898Z [  18% ] [90m[1mupdate_scripts_classes[22m | [39m[0m
2026-10-07T10:15:43.1647668Z [  18% ] [90m[1mupdate_scripts_classes[22m | [39m[0m
2026-10-07T10:15:43.1648321Z [  18% ] [90m[1mupdate_scripts_classes[22m | [39m[0m
2026-10-07T10:15:43.1648701Z [  18% ] [90m[1mupdate_scripts_classes[22m | [39m[0m
2026-10-07T10:15:43.1649086Z [  18% ] [90m[1mupdate_scripts_classes[22m | [39m[0m
2026-10-07T10:15:43.1649469Z [  18% ] [90m[1mupdate_scripts_classes[22m | [39m[0m
2026-10-07T10:15:43.1649843Z [  18% ] [90m[1mupdate_scripts_classes[22m | [39m[0m
2026-10-07T10:15:43.1650211Z [  18% ] [90m[1mupdate_scripts_classes[22m | [39m[0m
2026-10-07T10:15:43.1650582Z [  18% ] [90m[1mupdate_scripts_classes[22m | [39m[0m
2026-10-07T10:15:43.1650956Z [  18% ] [90m[1mupdate_scripts_classes[22m | [39m[0m
2026-10-07T10:15:43.1651319Z [  18% ] [90m[1mupdate_scripts_classes[22m | [39m[0m
2026-10-07T10:15:43.1651690Z [  18% ] [90m[1mupdate_scripts_classes[22m | [39m[0m
2026-10-07T10:15:43.1652058Z [  19% ] [90m[1mupdate_scripts_classes[22m | [39m[0m
2026-10-07T10:15:43.1652431Z [  19% ] [90m[1mupdate_scripts_classes[22m | [39m[0m
2026-10-07T10:15:43.1652802Z [  19% ] [90m[1mupdate_scripts_classes[22m | [39m[0m
2026-10-07T10:15:43.1653169Z [  19% ] [90m[1mupdate_scripts_classes[22m | [39m[0m
2026-10-07T10:15:43.1653546Z [  19% ] [90m[1mupdate_scripts_classes[22m | [39m[0m
2026-10-07T10:15:43.1653912Z [  19% ] [90m[1mupdate_scripts_classes[22m | [39m[0m
2026-10-07T10:15:43.1654276Z [  19% ] [90m[1mupdate_scripts_classes[22m | [39m[0m
2026-10-07T10:15:43.1654763Z [  19% ] [90m[1mupdate_scripts_classes[22m | [39m[0m
2026-10-07T10:15:43.1655140Z [  19% ] [90m[1mupdate_scripts_classes[22m | [39m[0m
2026-10-07T10:15:43.1655512Z [  19% ] [90m[1mupdate_scripts_classes[22m | [39m[0m
2026-10-07T10:15:43.1655876Z [  19% ] [90m[1mupdate_scripts_classes[22m | [39m[0m
2026-10-07T10:15:43.1656243Z [  19% ] [90m[1mupdate_scripts_classes[22m | [39m[0m
2026-10-07T10:15:43.1656641Z [  19% ] [90m[1mupdate_scripts_classes[22m | [39m[0m
2026-10-07T10:15:43.1657016Z [  19% ] [90m[1mupdate_scripts_classes[22m | [39m[0m
2026-10-07T10:15:43.1657390Z [  19% ] [90m[1mupdate_scripts_classes[22m | [39m[0m
2026-10-07T10:15:43.1657756Z [  19% ] [90m[1mupdate_scripts_classes[22m | [39m[0m
2026-10-07T10:15:43.1658121Z [  19% ] [90m[1mupdate_scripts_classes[22m | [39m[0m
2026-10-07T10:15:43.1658492Z [  19% ] [90m[1mupdate_scripts_classes[22m | [39m[0m
2026-10-07T10:15:43.1658855Z [  19% ] [90m[1mupdate_scripts_classes[22m | [39m[0m
2026-10-07T10:15:43.1659217Z [  19% ] [90m[1mupdate_scripts_classes[22m | [39m[0m
2026-10-07T10:15:43.1659589Z [  19% ] [90m[1mupdate_scripts_classes[22m | [39m[0m
2026-10-07T10:15:43.1659953Z [  19% ] [90m[1mupdate_scripts_classes[22m | [39m[0m
2026-10-07T10:15:43.1660321Z [  19% ] [90m[1mupdate_scripts_classes[22m | [39m[0m
2026-10-07T10:15:43.1660698Z [  19% ] [90m[1mupdate_scripts_classes[22m | [39m[0m
2026-10-07T10:15:43.1661066Z [  19% ] [90m[1mupdate_scripts_classes[22m | [39m[0m
2026-10-07T10:15:43.1661443Z [  19% ] [90m[1mupdate_scripts_classes[22m | [39m[0m
2026-10-07T10:15:43.1661961Z [  19% ] [90m[1mupdate_scripts_classes[22m | [39m[0m
2026-10-07T10:15:43.1662341Z [  19% ] [90m[1mupdate_scripts_classes[22m | [39m[0m
2026-10-07T10:15:43.1662708Z [  19% ] [90m[1mupdate_scripts_classes[22m | [39m[0m
2026-10-07T10:15:43.1663069Z [  19% ] [90m[1mupdate_scripts_classes[22m | [39m[0m
2026-10-07T10:15:43.1663439Z [  19% ] [90m[1mupdate_scripts_classes[22m | [39m[0m
2026-10-07T10:15:43.1663803Z [  20% ] [90m[1mupdate_scripts_classes[22m | [39m[0m
2026-10-07T10:15:43.1664170Z [  20% ] [90m[1mupdate_scripts_classes[22m | [39m[0m
2026-10-07T10:15:43.1664539Z [  20% ] [90m[1mupdate_scripts_classes[22m | [39m[0m
2026-10-07T10:15:43.1665104Z [  20% ] [90m[1mupdate_scripts_classes[22m | [39m[0m
2026-10-07T10:15:43.1665706Z [  20% ] [90m[1mupdate_scripts_classes[22m | [39m[0m
2026-10-07T10:15:43.1666293Z [  20% ] [90m[1mupdate_scripts_classes[22m | [39m[0m
2026-10-07T10:15:43.1666910Z [  20% ] [90m[1mupdate_scripts_classes[22m | [39m[0m
2026-10-07T10:15:43.1667281Z [  20% ] [90m[1mupdate_scripts_classes[22m | [39m[0m
2026-10-07T10:15:43.1667645Z [  20% ] [90m[1mupdate_scripts_classes[22m | [39m[0m
2026-10-07T10:15:43.1668013Z [  20% ] [90m[1mupdate_scripts_classes[22m | [39m[0m
2026-10-07T10:15:43.1668382Z [  20% ] [90m[1mupdate_scripts_classes[22m | [39m[0m
2026-10-07T10:15:43.1668744Z [  20% ] [90m[1mupdate_scripts_classes[22m | [39m[0m
2026-10-07T10:15:43.1669116Z [  20% ] [90m[1mupdate_scripts_classes[22m | [39m[0m
2026-10-07T10:15:43.1669481Z [  20% ] [90m[1mupdate_scripts_classes[22m | [39m[0m
2026-10-07T10:15:43.1669850Z [  20% ] [90m[1mupdate_scripts_classes[22m | [39m[0m
2026-10-07T10:15:43.1670217Z [  20% ] [90m[1mupdate_scripts_classes[22m | [39m[0m
2026-10-07T10:15:43.1670580Z [  20% ] [90m[1mupdate_scripts_classes[22m | [39m[0m
2026-10-07T10:15:43.1670958Z [  20% ] [90m[1mupdate_scripts_classes[22m | [39m[0m
2026-10-07T10:15:43.1671324Z [  20% ] [90m[1mupdate_scripts_classes[22m | [39m[0m
2026-10-07T10:15:43.1671715Z [  20% ] [90m[1mupdate_scripts_classes[22m | [39m[0m
2026-10-07T10:15:43.1672087Z [  20% ] [90m[1mupdate_scripts_classes[22m | [39m[0m
2026-10-07T10:15:43.1672450Z [  20% ] [90m[1mupdate_scripts_classes[22m | [39m[0m
2026-10-07T10:15:43.1672821Z [  20% ] [90m[1mupdate_scripts_classes[22m | [39m[0m
2026-10-07T10:15:43.1673192Z [  20% ] [90m[1mupdate_scripts_classes[22m | [39m[0m
2026-10-07T10:15:43.1673564Z [  20% ] [90m[1mupdate_scripts_classes[22m | [39m[0m
2026-10-07T10:15:43.1673926Z [  20% ] [90m[1mupdate_scripts_classes[22m | [39m[0m
2026-10-07T10:15:43.1674293Z [  20% ] [90m[1mupdate_scripts_classes[22m | [39m[0m
2026-10-07T10:15:43.1674811Z [  20% ] [90m[1mupdate_scripts_classes[22m | [39m[0m
2026-10-07T10:15:43.1675178Z [  20% ] [90m[1mupdate_scripts_classes[22m | [39m[0m
2026-10-07T10:15:43.1675549Z [  20% ] [90m[1mupdate_scripts_classes[22m | [39m[0m
2026-10-07T10:15:43.1675915Z [  20% ] [90m[1mupdate_scripts_classes[22m | [39m[0m
2026-10-07T10:15:43.1676276Z [  21% ] [90m[1mupdate_scripts_classes[22m | [39m[0m
2026-10-07T10:15:43.1676646Z [  21% ] [90m[1mupdate_scripts_classes[22m | [39m[0m
2026-10-07T10:15:43.1677009Z [  21% ] [90m[1mupdate_scripts_classes[22m | [39m[0m
2026-10-07T10:15:43.1677375Z [  21% ] [90m[1mupdate_scripts_classes[22m | [39m[0m
2026-10-07T10:15:43.1677739Z [  21% ] [90m[1mupdate_scripts_classes[22m | [39m[0m
2026-10-07T10:15:43.1678113Z [  21% ] [90m[1mupdate_scripts_classes[22m | [39m[0m
2026-10-07T10:15:43.1678493Z [  21% ] [90m[1mupdate_scripts_classes[22m | [39m[0m
2026-10-07T10:15:43.1678860Z [  21% ] [90m[1mupdate_scripts_classes[22m | [39m[0m
2026-10-07T10:15:43.1679223Z [  21% ] [90m[1mupdate_scripts_classes[22m | [39m[0m
2026-10-07T10:15:43.1679597Z [  21% ] [90m[1mupdate_scripts_classes[22m | [39m[0m
2026-10-07T10:15:43.1679969Z [  21% ] [90m[1mupdate_scripts_classes[22m | [39m[0m
2026-10-07T10:15:43.1680499Z [  21% ] [90m[1mupdate_scripts_classes[22m | [39m[0m
2026-10-07T10:15:43.1680870Z [  21% ] [90m[1mupdate_scripts_classes[22m | [39m[0m
2026-10-07T10:15:43.1681232Z [  21% ] [90m[1mupdate_scripts_classes[22m | [39m[0m
2026-10-07T10:15:43.1681608Z [  21% ] [90m[1mupdate_scripts_classes[22m | [39m[0m
2026-10-07T10:15:43.1681973Z [  21% ] [90m[1mupdate_scripts_classes[22m | [39m[0m
2026-10-07T10:15:43.1682345Z [  21% ] [90m[1mupdate_scripts_classes[22m | [39m[0m
2026-10-07T10:15:43.1682714Z [  21% ] [90m[1mupdate_scripts_classes[22m | [39m[0m
2026-10-07T10:15:43.1683079Z [  21% ] [90m[1mupdate_scripts_classes[22m | [39m[0m
2026-10-07T10:15:43.1683452Z [  21% ] [90m[1mupdate_scripts_classes[22m | [39m[0m
2026-10-07T10:15:43.1683816Z [  21% ] [90m[1mupdate_scripts_classes[22m | [39m[0m
2026-10-07T10:15:43.1684190Z [  21% ] [90m[1mupdate_scripts_classes[22m | [39m[0m
2026-10-07T10:15:43.1684820Z [  21% ] [90m[1mupdate_scripts_classes[22m | [39m[0m
2026-10-07T10:15:43.1685326Z [  21% ] [90m[1mupdate_scripts_classes[22m | [39m[0m
2026-10-07T10:15:43.1685937Z [  21% ] [90m[1mupdate_scripts_classes[22m | [39m[0m
2026-10-07T10:15:43.1686536Z [  21% ] [90m[1mupdate_scripts_classes[22m | [39m[0m
2026-10-07T10:15:43.1687132Z [  21% ] [90m[1mupdate_scripts_classes[22m | [39m[0m
2026-10-07T10:15:43.1687747Z [  21% ] [90m[1mupdate_scripts_classes[22m | [39m[0m
2026-10-07T10:15:43.1688327Z [  21% ] [90m[1mupdate_scripts_classes[22m | [39m[0m
2026-10-07T10:15:43.1688739Z [  21% ] [90m[1mupdate_scripts_classes[22m | [39m[0m
2026-10-07T10:15:43.1689114Z [  21% ] [90m[1mupdate_scripts_classes[22m | [39m[0m
2026-10-07T10:15:43.1689488Z [  22% ] [90m[1mupdate_scripts_classes[22m | [39m[0m
2026-10-07T10:15:43.1689852Z [  22% ] [90m[1mupdate_scripts_classes[22m | [39m[0m
2026-10-07T10:15:43.1690226Z [  22% ] [90m[1mupdate_scripts_classes[22m | [39m[0m
2026-10-07T10:15:43.1690606Z [  22% ] [90m[1mupdate_scripts_classes[22m | [39m[0m
2026-10-07T10:15:43.1690975Z [  22% ] [90m[1mupdate_scripts_classes[22m | [39m[0m
2026-10-07T10:15:43.1691344Z [  22% ] [90m[1mupdate_scripts_classes[22m | [39m[0m
2026-10-07T10:15:43.1691717Z [  22% ] [90m[1mupdate_scripts_classes[22m | [39m[0m
2026-10-07T10:15:43.1692087Z [  22% ] [90m[1mupdate_scripts_classes[22m | [39m[0m
2026-10-07T10:15:43.1692458Z [  22% ] [90m[1mupdate_scripts_classes[22m | [39m[0m
2026-10-07T10:15:43.1692828Z [  22% ] [90m[1mupdate_scripts_classes[22m | [39m[0m
2026-10-07T10:15:43.1693198Z [  22% ] [90m[1mupdate_scripts_classes[22m | [39m[0m
2026-10-07T10:15:43.1693571Z [  22% ] [90m[1mupdate_scripts_classes[22m | [39m[0m
2026-10-07T10:15:43.1693940Z [  22% ] [90m[1mupdate_scripts_classes[22m | [39m[0m
2026-10-07T10:15:43.1694320Z [  22% ] [90m[1mupdate_scripts_classes[22m | [39m[0m
2026-10-07T10:15:43.1694817Z [  22% ] [90m[1mupdate_scripts_classes[22m | [39m[0m
2026-10-07T10:15:43.1695195Z [  22% ] [90m[1mupdate_scripts_classes[22m | [39m[0m
2026-10-07T10:15:43.1695572Z [  22% ] [90m[1mupdate_scripts_classes[22m | [39m[0m
2026-10-07T10:15:43.1695941Z [  22% ] [90m[1mupdate_scripts_classes[22m | [39m[0m
2026-10-07T10:15:43.1696313Z [  22% ] [90m[1mupdate_scripts_classes[22m | [39m[0m
2026-10-07T10:15:43.1696683Z [  22% ] [90m[1mupdate_scripts_classes[22m | [39m[0m
2026-10-07T10:15:43.1697048Z [  22% ] [90m[1mupdate_scripts_classes[22m | [39m[0m
2026-10-07T10:15:43.1697419Z [  22% ] [90m[1mupdate_scripts_classes[22m | [39m[0m
2026-10-07T10:15:43.1697786Z [  22% ] [90m[1mupdate_scripts_classes[22m | [39m[0m
2026-10-07T10:15:43.1698182Z [  22% ] [90m[1mupdate_scripts_classes[22m | [39m[0m
2026-10-07T10:15:43.1698545Z [  22% ] [90m[1mupdate_scripts_classes[22m | [39m[0m
2026-10-07T10:15:43.1698908Z [  22% ] [90m[1mupdate_scripts_classes[22m | [39m[0m
2026-10-07T10:15:43.1699283Z [  22% ] [90m[1mupdate_scripts_classes[22m | [39m[0m
2026-10-07T10:15:43.1699797Z [  22% ] [90m[1mupdate_scripts_classes[22m | [39m[0m
2026-10-07T10:15:43.1700175Z [  22% ] [90m[1mupdate_scripts_classes[22m | [39m[0m
2026-10-07T10:15:43.1700551Z [  22% ] [90m[1mupdate_scripts_classes[22m | [39m[0m
2026-10-07T10:15:43.1700918Z [  22% ] [90m[1mupdate_scripts_classes[22m | [39m[0m
2026-10-07T10:15:43.1701295Z [  23% ] [90m[1mupdate_scripts_classes[22m | [39m[0m
2026-10-07T10:15:43.1701658Z [  23% ] [90m[1mupdate_scripts_classes[22m | [39m[0m
2026-10-07T10:15:43.1702023Z [  23% ] [90m[1mupdate_scripts_classes[22m | [39m[0m
2026-10-07T10:15:43.1702398Z [  23% ] [90m[1mupdate_scripts_classes[22m | [39m[0m
2026-10-07T10:15:43.1702762Z [  23% ] [90m[1mupdate_scripts_classes[22m | [39m[0m
2026-10-07T10:15:43.1703142Z [  23% ] [90m[1mupdate_scripts_classes[22m | [39m[0m
2026-10-07T10:15:43.1703511Z [  23% ] [90m[1mupdate_scripts_classes[22m | [39m[0m
2026-10-07T10:15:43.1704007Z [  23% ] [90m[1mupdate_scripts_classes[22m | [39m[0m
2026-10-07T10:15:43.1704388Z [  23% ] [90m[1mupdate_scripts_classes[22m | [39m[0m
2026-10-07T10:15:43.1704864Z [  23% ] [90m[1mupdate_scripts_classes[22m | [39m[0m
2026-10-07T10:15:43.1705368Z [  23% ] [90m[1mupdate_scripts_classes[22m | [39m[0m
2026-10-07T10:15:43.1705967Z [  23% ] [90m[1mupdate_scripts_classes[22m | [39m[0m
2026-10-07T10:15:43.1706561Z [  23% ] [90m[1mupdate_scripts_classes[22m | [39m[0m
2026-10-07T10:15:43.1707165Z [  23% ] [90m[1mupdate_scripts_classes[22m | [39m[0m
2026-10-07T10:15:43.1707761Z [  23% ] [90m[1mupdate_scripts_classes[22m | [39m[0m
2026-10-07T10:15:43.1708361Z [  23% ] [90m[1mupdate_scripts_classes[22m | [39m[0m
2026-10-07T10:15:43.1708964Z [  23% ] [90m[1mupdate_scripts_classes[22m | [39m[0m
2026-10-07T10:15:43.1709567Z [  23% ] [90m[1mupdate_scripts_classes[22m | [39m[0m
2026-10-07T10:15:43.1710136Z [  23% ] [90m[1mupdate_scripts_classes[22m | [39m[0m
2026-10-07T10:15:43.1710507Z [  23% ] [90m[1mupdate_scripts_classes[22m | [39m[0m
2026-10-07T10:15:43.1710885Z [  23% ] [90m[1mupdate_scripts_classes[22m | [39m[0m
2026-10-07T10:15:43.1711269Z [  23% ] [90m[1mupdate_scripts_classes[22m | [39m[0m
2026-10-07T10:15:43.1711652Z [  23% ] [90m[1mupdate_scripts_classes[22m | [39m[0m
2026-10-07T10:15:43.1712029Z [  23% ] [90m[1mupdate_scripts_classes[22m | [39m[0m
2026-10-07T10:15:43.1712397Z [  23% ] [90m[1mupdate_scripts_classes[22m | [39m[0m
2026-10-07T10:15:43.1712771Z [  23% ] [90m[1mupdate_scripts_classes[22m | [39m[0m
2026-10-07T10:15:43.1713146Z [  23% ] [90m[1mupdate_scripts_classes[22m | [39m[0m
2026-10-07T10:15:43.1713509Z [  23% ] [90m[1mupdate_scripts_classes[22m | [39m[0m
2026-10-07T10:15:43.1713883Z [  23% ] [90m[1mupdate_scripts_classes[22m | [39m[0m
2026-10-07T10:15:43.1714250Z [  23% ] [90m[1mupdate_scripts_classes[22m | [39m[0m
2026-10-07T10:15:43.1714623Z [  23% ] [90m[1mupdate_scripts_classes[22m | [39m[0m
2026-10-07T10:15:43.1715292Z [  24% ] [90m[1mupdate_scripts_classes[22m | [39m[0m
2026-10-07T10:15:43.1715884Z [  24% ] [90m[1mupdate_scripts_classes[22m | [39m[0m
2026-10-07T10:15:43.1716485Z [  24% ] [90m[1mupdate_scripts_classes[22m | [39m[0m
2026-10-07T10:15:43.1717076Z [  24% ] [90m[1mupdate_scripts_classes[22m | [39m[0m
2026-10-07T10:15:43.1717662Z [  24% ] [90m[1mupdate_scripts_classes[22m | [39m[0m
2026-10-07T10:15:43.1718258Z [  24% ] [90m[1mupdate_scripts_classes[22m | [39m[0m
2026-10-07T10:15:43.1718849Z [  24% ] [90m[1mupdate_scripts_classes[22m | [39m[0m
2026-10-07T10:15:43.1719441Z [  24% ] [90m[1mupdate_scripts_classes[22m | [39m[0m
2026-10-07T10:15:43.1720032Z [  24% ] [90m[1mupdate_scripts_classes[22m | [39m[0m
2026-10-07T10:15:43.1720620Z [  24% ] [90m[1mupdate_scripts_classes[22m | [39m[0m
2026-10-07T10:15:43.1721219Z [  24% ] [90m[1mupdate_scripts_classes[22m | [39m[0m
2026-10-07T10:15:43.1721817Z [  24% ] [90m[1mupdate_scripts_classes[22m | [39m[0m
2026-10-07T10:15:43.1722596Z [  24% ] [90m[1mupdate_scripts_classes[22m | [39m[0m
2026-10-07T10:15:43.1723186Z [  24% ] [90m[1mupdate_scripts_classes[22m | [39m[0m
2026-10-07T10:15:43.1723770Z [  24% ] [90m[1mupdate_scripts_classes[22m | [39m[0m
2026-10-07T10:15:43.1724366Z [  24% ] [90m[1mupdate_scripts_classes[22m | [39m[0m
2026-10-07T10:15:43.1725089Z [  24% ] [90m[1mupdate_scripts_classes[22m | [39m[0m
2026-10-07T10:15:43.1725695Z [  24% ] [90m[1mupdate_scripts_classes[22m | [39m[0m
2026-10-07T10:15:43.1726275Z [  24% ] [90m[1mupdate_scripts_classes[22m | [39m[0m
2026-10-07T10:15:43.1726865Z [  24% ] [90m[1mupdate_scripts_classes[22m | [39m[0m
2026-10-07T10:15:43.1727463Z [  24% ] [90m[1mupdate_scripts_classes[22m | [39m[0m
2026-10-07T10:15:43.1728064Z [  24% ] [90m[1mupdate_scripts_classes[22m | [39m[0m
2026-10-07T10:15:43.1728659Z [  24% ] [90m[1mupdate_scripts_classes[22m | [39m[0m
2026-10-07T10:15:43.1729408Z [  24% ] [90m[1mupdate_scripts_classes[22m | [39m[0m
2026-10-07T10:15:43.1730013Z [  24% ] [90m[1mupdate_scripts_classes[22m | [39m[0m
2026-10-07T10:15:43.1730614Z [  24% ] [90m[1mupdate_scripts_classes[22m | [39m[0m
2026-10-07T10:15:43.1731206Z [  24% ] [90m[1mupdate_scripts_classes[22m | [39m[0m
2026-10-07T10:15:43.1731794Z [  24% ] [90m[1mupdate_scripts_classes[22m | [39m[0m
2026-10-07T10:15:43.1732396Z [  24% ] [90m[1mupdate_scripts_classes[22m | [39m[0m
2026-10-07T10:15:43.1732985Z [  24% ] [90m[1mupdate_scripts_classes[22m | [39m[0m
2026-10-07T10:15:43.1733578Z [  24% ] [90m[1mupdate_scripts_classes[22m | [39m[0m
2026-10-07T10:15:43.1734166Z [  25% ] [90m[1mupdate_scripts_classes[22m | [39m[0m
2026-10-07T10:15:43.1734876Z [  25% ] [90m[1mupdate_scripts_classes[22m | [39m[0m
2026-10-07T10:15:43.1735474Z [  25% ] [90m[1mupdate_scripts_classes[22m | [39m[0m
2026-10-07T10:15:43.1736064Z [  25% ] [90m[1mupdate_scripts_classes[22m | [39m[0m
2026-10-07T10:15:43.1736690Z [  25% ] [90m[1mupdate_scripts_classes[22m | [39m[0m
2026-10-07T10:15:43.1737287Z [  25% ] [90m[1mupdate_scripts_classes[22m | [39m[0m
2026-10-07T10:15:43.1737874Z [  25% ] [90m[1mupdate_scripts_classes[22m | [39m[0m
2026-10-07T10:15:43.1738469Z [  25% ] [90m[1mupdate_scripts_classes[22m | [39m[0m
2026-10-07T10:15:43.1739056Z [  25% ] [90m[1mupdate_scripts_classes[22m | [39m[0m
2026-10-07T10:15:43.1739657Z [  25% ] [90m[1mupdate_scripts_classes[22m | [39m[0m
2026-10-07T10:15:43.1740252Z [  25% ] [90m[1mupdate_scripts_classes[22m | [39m[0m
2026-10-07T10:15:43.1740835Z [  25% ] [90m[1mupdate_scripts_classes[22m | [39m[0m
2026-10-07T10:15:43.1741429Z [  25% ] [90m[1mupdate_scripts_classes[22m | [39m[0m
2026-10-07T10:15:43.1742035Z [  25% ] [90m[1mupdate_scripts_classes[22m | [39m[0m
2026-10-07T10:15:43.1742625Z [  25% ] [90m[1mupdate_scripts_classes[22m | [39m[0m
2026-10-07T10:15:43.1743227Z [  25% ] [90m[1mupdate_scripts_classes[22m | [39m[0m
2026-10-07T10:15:43.1743813Z [  25% ] [90m[1mupdate_scripts_classes[22m | [39m[0m
2026-10-07T10:15:43.1744413Z [  25% ] [90m[1mupdate_scripts_classes[22m | [39m[0m
2026-10-07T10:15:43.1745124Z [  25% ] [90m[1mupdate_scripts_classes[22m | [39m[0m
2026-10-07T10:15:43.1745718Z [  25% ] [90m[1mupdate_scripts_classes[22m | [39m[0m
2026-10-07T10:15:43.1746319Z [  25% ] [90m[1mupdate_scripts_classes[22m | [39m[0m
2026-10-07T10:15:43.1746906Z [  25% ] [90m[1mupdate_scripts_classes[22m | [39m[0m
2026-10-07T10:15:43.1747501Z [  25% ] [90m[1mupdate_scripts_classes[22m | [39m[0m
2026-10-07T10:15:43.1748139Z [  25% ] [90m[1mupdate_scripts_classes[22m | [39m[0m
2026-10-07T10:15:43.1748730Z [  25% ] [90m[1mupdate_scripts_classes[22m | [39m[0m
2026-10-07T10:15:43.1749323Z [  25% ] [90m[1mupdate_scripts_classes[22m | [39m[0m
2026-10-07T10:15:43.1749906Z [  25% ] [90m[1mupdate_scripts_classes[22m | [39m[0m
2026-10-07T10:15:43.1750509Z [  25% ] [90m[1mupdate_scripts_classes[22m | [39m[0m
2026-10-07T10:15:43.1751274Z [  25% ] [90m[1mupdate_scripts_classes[22m | [39m[0m
2026-10-07T10:15:43.1751855Z [  25% ] [90m[1mupdate_scripts_classes[22m | [39m[0m
2026-10-07T10:15:43.1752458Z [  25% ] [90m[1mupdate_scripts_classes[22m | [39m[0m
2026-10-07T10:15:43.1753039Z [  26% ] [90m[1mupdate_scripts_classes[22m | [39m[0m
2026-10-07T10:15:43.1753634Z [  26% ] [90m[1mupdate_scripts_classes[22m | [39m[0m
2026-10-07T10:15:43.1754219Z [  26% ] [90m[1mupdate_scripts_classes[22m | [39m[0m
2026-10-07T10:15:43.1754944Z [  26% ] [90m[1mupdate_scripts_classes[22m | [39m[0m
2026-10-07T10:15:43.1755541Z [  26% ] [90m[1mupdate_scripts_classes[22m | [39m[0m
2026-10-07T10:15:43.1756136Z [  26% ] [90m[1mupdate_scripts_classes[22m | [39m[0m
2026-10-07T10:15:43.1756732Z [  26% ] [90m[1mupdate_scripts_classes[22m | [39m[0m
2026-10-07T10:15:43.1757319Z [  26% ] [90m[1mupdate_scripts_classes[22m | [39m[0m
2026-10-07T10:15:43.1758053Z [  26% ] [90m[1mupdate_scripts_classes[22m | [39m[0m
2026-10-07T10:15:43.1758644Z [  26% ] [90m[1mupdate_scripts_classes[22m | [39m[0m
2026-10-07T10:15:43.1759225Z [  26% ] [90m[1mupdate_scripts_classes[22m | [39m[0m
2026-10-07T10:15:43.1759810Z [  26% ] [90m[1mupdate_scripts_classes[22m | [39m[0m
2026-10-07T10:15:43.1760676Z [  26% ] [90m[1mupdate_scripts_classes[22m | [39m[0m
2026-10-07T10:15:43.1761608Z [  26% ] [90m[1mupdate_scripts_classes[22m | [39m[0m
2026-10-07T10:15:43.1762395Z [  26% ] [90m[1mupdate_scripts_classes[22m | [39m[0m
2026-10-07T10:15:43.1763266Z [  26% ] [90m[1mupdate_scripts_classes[22m | [39m[0m
2026-10-07T10:15:43.1779385Z [  26% ] [90m[1mupdate_scripts_classes[22m | [39m[0m
2026-10-07T10:15:43.1780651Z [  26% ] [90m[1mupdate_scripts_classes[22m | [39m[0m
2026-10-07T10:15:43.1781296Z [  26% ] [90m[1mupdate_scripts_classes[22m | [39m[0m
2026-10-07T10:15:43.1781893Z [  26% ] [90m[1mupdate_scripts_classes[22m | [39m[0m
2026-10-07T10:15:43.1782512Z [  26% ] [90m[1mupdate_scripts_classes[22m | [39m[0m
2026-10-07T10:15:43.1783099Z [  26% ] [90m[1mupdate_scripts_classes[22m | [39m[0m
2026-10-07T10:15:43.1783684Z [  26% ] [90m[1mupdate_scripts_classes[22m | [39m[0m
2026-10-07T10:15:43.1784281Z [  26% ] [90m[1mupdate_scripts_classes[22m | [39m[0m
2026-10-07T10:15:43.1785016Z [  26% ] [90m[1mupdate_scripts_classes[22m | [39m[0m
2026-10-07T10:15:43.1785612Z [  26% ] [90m[1mupdate_scripts_classes[22m | [39m[0m
2026-10-07T10:15:43.1786199Z [  26% ] [90m[1mupdate_scripts_classes[22m | [39m[0m
2026-10-07T10:15:43.1786787Z [  26% ] [90m[1mupdate_scripts_classes[22m | [39m[0m
2026-10-07T10:15:43.1787388Z [  26% ] [90m[1mupdate_scripts_classes[22m | [39m[0m
2026-10-07T10:15:43.1787975Z [  26% ] [90m[1mupdate_scripts_classes[22m | [39m[0m
2026-10-07T10:15:43.1788571Z [  26% ] [90m[1mupdate_scripts_classes[22m | [39m[0m
2026-10-07T10:15:43.1789165Z [  27% ] [90m[1mupdate_scripts_classes[22m | [39m[0m
2026-10-07T10:15:43.1789749Z [  27% ] [90m[1mupdate_scripts_classes[22m | [39m[0m
2026-10-07T10:15:43.1790352Z [  27% ] [90m[1mupdate_scripts_classes[22m | [39m[0m
2026-10-07T10:15:43.1790945Z [  27% ] [90m[1mupdate_scripts_classes[22m | [39m[0m
2026-10-07T10:15:43.1791570Z [  27% ] [90m[1mupdate_scripts_classes[22m | [39m[0m
2026-10-07T10:15:43.1792167Z [  27% ] [90m[1mupdate_scripts_classes[22m | [39m[0m
2026-10-07T10:15:43.1792752Z [  27% ] [90m[1mupdate_scripts_classes[22m | [39m[0m
2026-10-07T10:15:43.1793347Z [  27% ] [90m[1mupdate_scripts_classes[22m | [39m[0m
2026-10-07T10:15:43.1793926Z [  27% ] [90m[1mupdate_scripts_classes[22m | [39m[0m
2026-10-07T10:15:43.1794520Z [  27% ] [90m[1mupdate_scripts_classes[22m | [39m[0m
2026-10-07T10:15:43.1795235Z [  27% ] [90m[1mupdate_scripts_classes[22m | [39m[0m
2026-10-07T10:15:43.1795823Z [  27% ] [90m[1mupdate_scripts_classes[22m | [39m[0m
2026-10-07T10:15:43.1796425Z [  27% ] [90m[1mupdate_scripts_classes[22m | [39m[0m
2026-10-07T10:15:43.1797010Z [  27% ] [90m[1mupdate_scripts_classes[22m | [39m[0m
2026-10-07T10:15:43.1797848Z [  27% ] [90m[1mupdate_scripts_classes[22m | [39m[0m
2026-10-07T10:15:43.1798457Z [  27% ] [90m[1mupdate_scripts_classes[22m | [39m[0m
2026-10-07T10:15:43.1799045Z [  27% ] [90m[1mupdate_scripts_classes[22m | [39m[0m
2026-10-07T10:15:43.1799641Z [  27% ] [90m[1mupdate_scripts_classes[22m | [39m[0m
2026-10-07T10:15:43.1800225Z [  27% ] [90m[1mupdate_scripts_classes[22m | [39m[0m
2026-10-07T10:15:43.1800802Z [  27% ] [90m[1mupdate_scripts_classes[22m | [39m[0m
2026-10-07T10:15:43.1801396Z [  27% ] [90m[1mupdate_scripts_classes[22m | [39m[0m
2026-10-07T10:15:43.1801980Z [  27% ] [90m[1mupdate_scripts_classes[22m | [39m[0m
2026-10-07T10:15:43.1802572Z [  27% ] [90m[1mupdate_scripts_classes[22m | [39m[0m
2026-10-07T10:15:43.1803161Z [  27% ] [90m[1mupdate_scripts_classes[22m | [39m[0m
2026-10-07T10:15:43.1803892Z [  27% ] [90m[1mupdate_scripts_classes[22m | [39m[0m
2026-10-07T10:15:43.1804496Z [  27% ] [90m[1mupdate_scripts_classes[22m | [39m[0m
2026-10-07T10:15:43.1805244Z [  27% ] [90m[1mupdate_scripts_classes[22m | [39m[0m
2026-10-07T10:15:43.1805832Z [  27% ] [90m[1mupdate_scripts_classes[22m | [39m[0m
2026-10-07T10:15:43.1806417Z [  27% ] [90m[1mupdate_scripts_classes[22m | [39m[0m
2026-10-07T10:15:43.1807001Z [  27% ] [90m[1mupdate_scripts_classes[22m | [39m[0m
2026-10-07T10:15:43.1807593Z [  27% ] [90m[1mupdate_scripts_classes[22m | [39m[0m
2026-10-07T10:15:43.1808174Z [  28% ] [90m[1mupdate_scripts_classes[22m | [39m[0m
2026-10-07T10:15:43.1808761Z [  28% ] [90m[1mupdate_scripts_classes[22m | [39m[0m
2026-10-07T10:15:43.1809350Z [  28% ] [90m[1mupdate_scripts_classes[22m | [39m[0m
2026-10-07T10:15:43.1809936Z [  28% ] [90m[1mupdate_scripts_classes[22m | [39m[0m
2026-10-07T10:15:43.1810522Z [  28% ] [90m[1mupdate_scripts_classes[22m | [39m[0m
2026-10-07T10:15:43.1811110Z [  28% ] [90m[1mupdate_scripts_classes[22m | [39m[0m
2026-10-07T10:15:43.1811709Z [  28% ] [90m[1mupdate_scripts_classes[22m | [39m[0m
2026-10-07T10:15:43.1812292Z [  28% ] [90m[1mupdate_scripts_classes[22m | [39m[0m
2026-10-07T10:15:43.1812871Z [  28% ] [90m[1mupdate_scripts_classes[22m | [39m[0m
2026-10-07T10:15:43.1813454Z [  28% ] [90m[1mupdate_scripts_classes[22m | [39m[0m
2026-10-07T10:15:43.1814033Z [  28% ] [90m[1mupdate_scripts_classes[22m | [39m[0m
2026-10-07T10:15:43.1814619Z [  28% ] [90m[1mupdate_scripts_classes[22m | [39m[0m
2026-10-07T10:15:43.1815325Z [  28% ] [90m[1mupdate_scripts_classes[22m | [39m[0m
2026-10-07T10:15:43.1815906Z [  28% ] [90m[1mupdate_scripts_classes[22m | [39m[0m
2026-10-07T10:15:43.1816494Z [  28% ] [90m[1mupdate_scripts_classes[22m | [39m[0m
2026-10-07T10:15:43.1817081Z [  28% ] [90m[1mupdate_scripts_classes[22m | [39m[0m
2026-10-07T10:15:43.1817677Z [  28% ] [90m[1mupdate_scripts_classes[22m | [39m[0m
2026-10-07T10:15:43.1818260Z [  28% ] [90m[1mupdate_scripts_classes[22m | [39m[0m
2026-10-07T10:15:43.1818844Z [  28% ] [90m[1mupdate_scripts_classes[22m | [39m[0m
2026-10-07T10:15:43.1819442Z [  28% ] [90m[1mupdate_scripts_classes[22m | [39m[0m
2026-10-07T10:15:43.1820029Z [  28% ] [90m[1mupdate_scripts_classes[22m | [39m[0m
2026-10-07T10:15:43.1820618Z [  28% ] [90m[1mupdate_scripts_classes[22m | [39m[0m
2026-10-07T10:15:43.1821207Z [  28% ] [90m[1mupdate_scripts_classes[22m | [39m[0m
2026-10-07T10:15:43.1821782Z [  28% ] [90m[1mupdate_scripts_classes[22m | [39m[0m
2026-10-07T10:15:43.1822371Z [  28% ] [90m[1mupdate_scripts_classes[22m | [39m[0m
2026-10-07T10:15:43.1822950Z [  28% ] [90m[1mupdate_scripts_classes[22m | [39m[0m
2026-10-07T10:15:43.1823536Z [  28% ] [90m[1mupdate_scripts_classes[22m | [39m[0m
2026-10-07T10:15:43.1824115Z [  28% ] [90m[1mupdate_scripts_classes[22m | [39m[0m
2026-10-07T10:15:43.1824829Z [  28% ] [90m[1mupdate_scripts_classes[22m | [39m[0m
2026-10-07T10:15:43.1825427Z [  28% ] [90m[1mupdate_scripts_classes[22m | [39m[0m
2026-10-07T10:15:43.1826209Z [  28% ] [90m[1mupdate_scripts_classes[22m | [39m[0m
2026-10-07T10:15:43.1826791Z [  29% ] [90m[1mupdate_scripts_classes[22m | [39m[0m
2026-10-07T10:15:43.1827384Z [  29% ] [90m[1mupdate_scripts_classes[22m | [39m[0m
2026-10-07T10:15:43.1827964Z [  29% ] [90m[1mupdate_scripts_classes[22m | [39m[0m
2026-10-07T10:15:43.1828554Z [  29% ] [90m[1mupdate_scripts_classes[22m | [39m[0m
2026-10-07T10:15:43.1829136Z [  29% ] [90m[1mupdate_scripts_classes[22m | [39m[0m
2026-10-07T10:15:43.1829720Z [  29% ] [90m[1mupdate_scripts_classes[22m | [39m[0m
2026-10-07T10:15:43.1830308Z [  29% ] [90m[1mupdate_scripts_classes[22m | [39m[0m
2026-10-07T10:15:43.1830889Z [  29% ] [90m[1mupdate_scripts_classes[22m | [39m[0m
2026-10-07T10:15:43.1831481Z [  29% ] [90m[1mupdate_scripts_classes[22m | [39m[0m
2026-10-07T10:15:43.1832222Z [  29% ] [90m[1mupdate_scripts_classes[22m | [39m[0m
2026-10-07T10:15:43.1832815Z [  29% ] [90m[1mupdate_scripts_classes[22m | [39m[0m
2026-10-07T10:15:43.1833404Z [  29% ] [90m[1mupdate_scripts_classes[22m | [39m[0m
2026-10-07T10:15:43.1833986Z [  29% ] [90m[1mupdate_scripts_classes[22m | [39m[0m
2026-10-07T10:15:43.1834576Z [  29% ] [90m[1mupdate_scripts_classes[22m | [39m[0m
2026-10-07T10:15:43.1835294Z [  29% ] [90m[1mupdate_scripts_classes[22m | [39m[0m
2026-10-07T10:15:43.1835877Z [  29% ] [90m[1mupdate_scripts_classes[22m | [39m[0m
2026-10-07T10:15:43.1836466Z [  29% ] [90m[1mupdate_scripts_classes[22m | [39m[0m
2026-10-07T10:15:43.1837055Z [  29% ] [90m[1mupdate_scripts_classes[22m | [39m[0m
2026-10-07T10:15:43.1837654Z [  29% ] [90m[1mupdate_scripts_classes[22m | [39m[0m
2026-10-07T10:15:43.1838235Z [  29% ] [90m[1mupdate_scripts_classes[22m | [39m[0m
2026-10-07T10:15:43.1838815Z [  29% ] [90m[1mupdate_scripts_classes[22m | [39m[0m
2026-10-07T10:15:43.1839416Z [  29% ] [90m[1mupdate_scripts_classes[22m | [39m[0m
2026-10-07T10:15:43.1840023Z [  29% ] [90m[1mupdate_scripts_classes[22m | [39m[0m
2026-10-07T10:15:43.1840627Z [  29% ] [90m[1mupdate_scripts_classes[22m | [39m[0m
2026-10-07T10:15:43.1841206Z [  29% ] [90m[1mupdate_scripts_classes[22m | [39m[0m
2026-10-07T10:15:43.1841784Z [  29% ] [90m[1mupdate_scripts_classes[22m | [39m[0m
2026-10-07T10:15:43.1842377Z [  29% ] [90m[1mupdate_scripts_classes[22m | [39m[0m
2026-10-07T10:15:43.1842973Z [  29% ] [90m[1mupdate_scripts_classes[22m | [39m[0m
2026-10-07T10:15:43.1843574Z [  29% ] [90m[1mupdate_scripts_classes[22m | [39m[0m
2026-10-07T10:15:43.1844169Z [  29% ] [90m[1mupdate_scripts_classes[22m | [39m[0m
2026-10-07T10:15:43.1844873Z [  29% ] [90m[1mupdate_scripts_classes[22m | [39m[0m
2026-10-07T10:15:43.1845475Z [  30% ] [90m[1mupdate_scripts_classes[22m | [39m[0m
2026-10-07T10:15:43.1846058Z [  30% ] [90m[1mupdate_scripts_classes[22m | [39m[0m
2026-10-07T10:15:43.1846647Z [  30% ] [90m[1mupdate_scripts_classes[22m | [39m[0m
2026-10-07T10:15:43.1847240Z [  30% ] [90m[1mupdate_scripts_classes[22m | [39m[0m
2026-10-07T10:15:43.1847885Z [  30% ] [90m[1mupdate_scripts_classes[22m | [39m[0m
2026-10-07T10:15:43.1848474Z [  30% ] [90m[1mupdate_scripts_classes[22m | [39m[0m
2026-10-07T10:15:43.1849056Z [  30% ] [90m[1mupdate_scripts_classes[22m | [39m[0m
2026-10-07T10:15:43.1849634Z [  30% ] [90m[1mupdate_scripts_classes[22m | [39m[0m
2026-10-07T10:15:43.1850256Z [  30% ] [90m[1mupdate_scripts_classes[22m | [39m[0m
2026-10-07T10:15:43.1850837Z [  30% ] [90m[1mupdate_scripts_classes[22m | [39m[0m
2026-10-07T10:15:43.1851425Z [  30% ] [90m[1mupdate_scripts_classes[22m | [39m[0m
2026-10-07T10:15:43.1852008Z [  30% ] [90m[1mupdate_scripts_classes[22m | [39m[0m
2026-10-07T10:15:43.1852594Z [  30% ] [90m[1mupdate_scripts_classes[22m | [39m[0m
2026-10-07T10:15:43.1853190Z [  30% ] [90m[1mupdate_scripts_classes[22m | [39m[0m
2026-10-07T10:15:43.1853774Z [  30% ] [90m[1mupdate_scripts_classes[22m | [39m[0m
2026-10-07T10:15:43.1854558Z [  30% ] [90m[1mupdate_scripts_classes[22m | [39m[0m
2026-10-07T10:15:43.1855272Z [  30% ] [90m[1mupdate_scripts_classes[22m | [39m[0m
2026-10-07T10:15:43.1855854Z [  30% ] [90m[1mupdate_scripts_classes[22m | [39m[0m
2026-10-07T10:15:43.1856447Z [  30% ] [90m[1mupdate_scripts_classes[22m | [39m[0m
2026-10-07T10:15:43.1857034Z [  30% ] [90m[1mupdate_scripts_classes[22m | [39m[0m
2026-10-07T10:15:43.1857624Z [  30% ] [90m[1mupdate_scripts_classes[22m | [39m[0m
2026-10-07T10:15:43.1858204Z [  30% ] [90m[1mupdate_scripts_classes[22m | [39m[0m
2026-10-07T10:15:43.1858790Z [  30% ] [90m[1mupdate_scripts_classes[22m | [39m[0m
2026-10-07T10:15:43.1859374Z [  30% ] [90m[1mupdate_scripts_classes[22m | [39m[0m
2026-10-07T10:15:43.1859954Z [  30% ] [90m[1mupdate_scripts_classes[22m | [39m[0m
2026-10-07T10:15:43.1860694Z [  30% ] [90m[1mupdate_scripts_classes[22m | [39m[0m
2026-10-07T10:15:43.1861290Z [  30% ] [90m[1mupdate_scripts_classes[22m | [39m[0m
2026-10-07T10:15:43.1861870Z [  30% ] [90m[1mupdate_scripts_classes[22m | [39m[0m
2026-10-07T10:15:43.1862460Z [  30% ] [90m[1mupdate_scripts_classes[22m | [39m[0m
2026-10-07T10:15:43.1863078Z [  30% ] [90m[1mupdate_scripts_classes[22m | [39m[0m
2026-10-07T10:15:43.1863704Z [  30% ] [90m[1mupdate_scripts_classes[22m | [39m[0m
2026-10-07T10:15:43.1864299Z [  31% ] [90m[1mupdate_scripts_classes[22m | [39m[0m
2026-10-07T10:15:43.1865004Z [  31% ] [90m[1mupdate_scripts_classes[22m | [39m[0m
2026-10-07T10:15:43.1865600Z [  31% ] [90m[1mupdate_scripts_classes[22m | [39m[0m
2026-10-07T10:15:43.1866214Z [  31% ] [90m[1mupdate_scripts_classes[22m | [39m[0m
2026-10-07T10:15:43.1866804Z [  31% ] [90m[1mupdate_scripts_classes[22m | [39m[0m
2026-10-07T10:15:43.1867397Z [  31% ] [90m[1mupdate_scripts_classes[22m | [39m[0m
2026-10-07T10:15:43.1867986Z [  31% ] [90m[1mupdate_scripts_classes[22m | [39m[0m
2026-10-07T10:15:43.1868582Z [  31% ] [90m[1mupdate_scripts_classes[22m | [39m[0m
2026-10-07T10:15:43.1869164Z [  31% ] [90m[1mupdate_scripts_classes[22m | [39m[0m
2026-10-07T10:15:43.1869742Z [  31% ] [90m[1mupdate_scripts_classes[22m | [39m[0m
2026-10-07T10:15:43.1870331Z [  31% ] [90m[1mupdate_scripts_classes[22m | [39m[0m
2026-10-07T10:15:43.1870911Z [  31% ] [90m[1mupdate_scripts_classes[22m | [39m[0m
2026-10-07T10:15:43.1871499Z [  31% ] [90m[1mupdate_scripts_classes[22m | [39m[0m
2026-10-07T10:15:43.1872079Z [  31% ] [90m[1mupdate_scripts_classes[22m | [39m[0m
2026-10-07T10:15:43.1872658Z [  31% ] [90m[1mupdate_scripts_classes[22m | [39m[0m
2026-10-07T10:15:43.1873248Z [  31% ] [90m[1mupdate_scripts_classes[22m | [39m[0m
2026-10-07T10:15:43.1873837Z [  31% ] [90m[1mupdate_scripts_classes[22m | [39m[0m
2026-10-07T10:15:43.1874429Z [  31% ] [90m[1mupdate_scripts_classes[22m | [39m[0m
2026-10-07T10:15:43.1875133Z [  31% ] [90m[1mupdate_scripts_classes[22m | [39m[0m
2026-10-07T10:15:43.1875725Z [  31% ] [90m[1mupdate_scripts_classes[22m | [39m[0m
2026-10-07T10:15:43.1876316Z [  31% ] [90m[1mupdate_scripts_classes[22m | [39m[0m
2026-10-07T10:15:43.1876897Z [  31% ] [90m[1mupdate_scripts_classes[22m | [39m[0m
2026-10-07T10:15:43.1877475Z [  31% ] [90m[1mupdate_scripts_classes[22m | [39m[0m
2026-10-07T10:15:43.1878061Z [  31% ] [90m[1mupdate_scripts_classes[22m | [39m[0m
2026-10-07T10:15:43.1878643Z [  31% ] [90m[1mupdate_scripts_classes[22m | [39m[0m
2026-10-07T10:15:43.1879229Z [  31% ] [90m[1mupdate_scripts_classes[22m | [39m[0m
2026-10-07T10:15:43.1879817Z [  31% ] [90m[1mupdate_scripts_classes[22m | [39m[0m
2026-10-07T10:15:43.1880408Z [  31% ] [90m[1mupdate_scripts_classes[22m | [39m[0m
2026-10-07T10:15:43.1880999Z [  31% ] [90m[1mupdate_scripts_classes[22m | [39m[0m
2026-10-07T10:15:43.1881582Z [  31% ] [90m[1mupdate_scripts_classes[22m | [39m[0m
2026-10-07T10:15:43.1882162Z [  31% ] [90m[1mupdate_scripts_classes[22m | [39m[0m
2026-10-07T10:15:43.1882914Z [  32% ] [90m[1mupdate_scripts_classes[22m | [39m[0m
2026-10-07T10:15:43.1883500Z [  32% ] [90m[1mupdate_scripts_classes[22m | [39m[0m
2026-10-07T10:15:43.1884086Z [  32% ] [90m[1mupdate_scripts_classes[22m | [39m[0m
2026-10-07T10:15:43.1884816Z [  32% ] [90m[1mupdate_scripts_classes[22m | [39m[0m
2026-10-07T10:15:43.1885399Z [  32% ] [90m[1mupdate_scripts_classes[22m | [39m[0m
2026-10-07T10:15:43.1885988Z [  32% ] [90m[1mupdate_scripts_classes[22m | [39m[0m
2026-10-07T10:15:43.1886571Z [  32% ] [90m[1mupdate_scripts_classes[22m | [39m[0m
2026-10-07T10:15:43.1887149Z [  32% ] [90m[1mupdate_scripts_classes[22m | [39m[0m
2026-10-07T10:15:43.1887737Z [  32% ] [90m[1mupdate_scripts_classes[22m | [39m[0m
2026-10-07T10:15:43.1888315Z [  32% ] [90m[1mupdate_scripts_classes[22m | [39m[0m
2026-10-07T10:15:43.1889109Z [  32% ] [90m[1mupdate_scripts_classes[22m | [39m[0m
2026-10-07T10:15:43.1889688Z [  32% ] [90m[1mupdate_scripts_classes[22m | [39m[0m
2026-10-07T10:15:43.1890277Z [  32% ] [90m[1mupdate_scripts_classes[22m | [39m[0m
2026-10-07T10:15:43.1890863Z [  32% ] [90m[1mupdate_scripts_classes[22m | [39m[0m
2026-10-07T10:15:43.1891441Z [  32% ] [90m[1mupdate_scripts_classes[22m | [39m[0m
2026-10-07T10:15:43.1892031Z [  32% ] [90m[1mupdate_scripts_classes[22m | [39m[0m
2026-10-07T10:15:43.1892612Z [  32% ] [90m[1mupdate_scripts_classes[22m | [39m[0m
2026-10-07T10:15:43.1893193Z [  32% ] [90m[1mupdate_scripts_classes[22m | [39m[0m
2026-10-07T10:15:43.1893787Z [  32% ] [90m[1mupdate_scripts_classes[22m | [39m[0m
2026-10-07T10:15:43.1894370Z [  32% ] [90m[1mupdate_scripts_classes[22m | [39m[0m
2026-10-07T10:15:43.1895077Z [  32% ] [90m[1mupdate_scripts_classes[22m | [39m[0m
2026-10-07T10:15:43.1895662Z [  32% ] [90m[1mupdate_scripts_classes[22m | [39m[0m
2026-10-07T10:15:43.1896251Z [  32% ] [90m[1mupdate_scripts_classes[22m | [39m[0m
2026-10-07T10:15:43.1896849Z [  32% ] [90m[1mupdate_scripts_classes[22m | [39m[0m
2026-10-07T10:15:43.1897434Z [  32% ] [90m[1mupdate_scripts_classes[22m | [39m[0m
2026-10-07T10:15:43.1898024Z [  32% ] [90m[1mupdate_scripts_classes[22m | [39m[0m
2026-10-07T10:15:43.1898605Z [  32% ] [90m[1mupdate_scripts_classes[22m | [39m[0m
2026-10-07T10:15:43.1899182Z [  32% ] [90m[1mupdate_scripts_classes[22m | [39m[0m
2026-10-07T10:15:43.1899768Z [  32% ] [90m[1mupdate_scripts_classes[22m | [39m[0m
2026-10-07T10:15:43.1900347Z [  32% ] [90m[1mupdate_scripts_classes[22m | [39m[0m
2026-10-07T10:15:43.1900924Z [  32% ] [90m[1mupdate_scripts_classes[22m | [39m[0m
2026-10-07T10:15:43.1901508Z [  33% ] [90m[1mupdate_scripts_classes[22m | [39m[0m
2026-10-07T10:15:43.1901771Z [  33% ] [90m[1mupdate_scripts_classes[22m | [39m[0m
2026-10-07T10:15:43.1902026Z [  33% ] [90m[1mupdate_scripts_classes[22m | [39m[0m
2026-10-07T10:15:43.1902296Z [  33% ] [90m[1mupdate_scripts_classes[22m | [39m[0m
2026-10-07T10:15:43.1902565Z [  33% ] [90m[1mupdate_scripts_classes[22m | [39m[0m
2026-10-07T10:15:43.1902820Z [  33% ] [90m[1mupdate_scripts_classes[22m | [39m[0m
2026-10-07T10:15:43.1903083Z [  33% ] [90m[1mupdate_scripts_classes[22m | [39m[0m
2026-10-07T10:15:43.1903345Z [  33% ] [90m[1mupdate_scripts_classes[22m | [39m[0m
2026-10-07T10:15:43.1903606Z [  33% ] [90m[1mupdate_scripts_classes[22m | [39m[0m
2026-10-07T10:15:43.1903862Z [  33% ] [90m[1mupdate_scripts_classes[22m | [39m[0m
2026-10-07T10:15:43.1904126Z [  33% ] [90m[1mupdate_scripts_classes[22m | [39m[0m
2026-10-07T10:15:43.1904388Z [  33% ] [90m[1mupdate_scripts_classes[22m | [39m[0m
2026-10-07T10:15:43.1904758Z [  33% ] [90m[1mupdate_scripts_classes[22m | [39m[0m
2026-10-07T10:15:43.1905018Z [  33% ] [90m[1mupdate_scripts_classes[22m | [39m[0m
2026-10-07T10:15:43.1905281Z [  33% ] [90m[1mupdate_scripts_classes[22m | [39m[0m
2026-10-07T10:15:43.1905545Z [  33% ] [90m[1mupdate_scripts_classes[22m | [39m[0m
2026-10-07T10:15:43.1905957Z [  33% ] [90m[1mupdate_scripts_classes[22m | [39m[0m
2026-10-07T10:15:43.1906218Z [  33% ] [90m[1mupdate_scripts_classes[22m | [39m[0m
2026-10-07T10:15:43.1906476Z [  33% ] [90m[1mupdate_scripts_classes[22m | [39m[0m
2026-10-07T10:15:43.1906728Z [  33% ] [90m[1mupdate_scripts_classes[22m | [39m[0m
2026-10-07T10:15:43.1906990Z [  33% ] [90m[1mupdate_scripts_classes[22m | [39m[0m
2026-10-07T10:15:43.1907250Z [  33% ] [90m[1mupdate_scripts_classes[22m | [39m[0m
2026-10-07T10:15:43.1907512Z [  33% ] [90m[1mupdate_scripts_classes[22m | [39m[0m
2026-10-07T10:15:43.1907766Z [  33% ] [90m[1mupdate_scripts_classes[22m | [39m[0m
2026-10-07T10:15:43.1908028Z [  33% ] [90m[1mupdate_scripts_classes[22m | [39m[0m
2026-10-07T10:15:43.1908290Z [  33% ] [90m[1mupdate_scripts_classes[22m | [39m[0m
2026-10-07T10:15:43.1908685Z [  33% ] [90m[1mupdate_scripts_classes[22m | [39m[0m
2026-10-07T10:15:43.1908945Z [  33% ] [90m[1mupdate_scripts_classes[22m | [39m[0m
2026-10-07T10:15:43.1909207Z [  33% ] [90m[1mupdate_scripts_classes[22m | [39m[0m
2026-10-07T10:15:43.1909467Z [  33% ] [90m[1mupdate_scripts_classes[22m | [39m[0m
2026-10-07T10:15:43.1909724Z [  33% ] [90m[1mupdate_scripts_classes[22m | [39m[0m
2026-10-07T10:15:43.1909987Z [  34% ] [90m[1mupdate_scripts_classes[22m | [39m[0m
2026-10-07T10:15:43.1910252Z [  34% ] [90m[1mupdate_scripts_classes[22m | [39m[0m
2026-10-07T10:15:43.1910513Z [  34% ] [90m[1mupdate_scripts_classes[22m | [39m[0m
2026-10-07T10:15:43.1910780Z [  34% ] [90m[1mupdate_scripts_classes[22m | [39m[0m
2026-10-07T10:15:43.1911040Z [  34% ] [90m[1mupdate_scripts_classes[22m | [39m[0m
2026-10-07T10:15:43.1911307Z [  34% ] [90m[1mupdate_scripts_classes[22m | [39m[0m
2026-10-07T10:15:43.1911560Z [  34% ] [90m[1mupdate_scripts_classes[22m | [39m[0m
2026-10-07T10:15:43.1911825Z [  34% ] [90m[1mupdate_scripts_classes[22m | [39m[0m
2026-10-07T10:15:43.1912088Z [  34% ] [90m[1mupdate_scripts_classes[22m | [39m[0m
2026-10-07T10:15:43.1912341Z [  34% ] [90m[1mupdate_scripts_classes[22m | [39m[0m
2026-10-07T10:15:43.1912604Z [  34% ] [90m[1mupdate_scripts_classes[22m | [39m[0m
2026-10-07T10:15:43.1912866Z [  34% ] [90m[1mupdate_scripts_classes[22m | [39m[0m
2026-10-07T10:15:43.1913123Z [  34% ] [90m[1mupdate_scripts_classes[22m | [39m[0m
2026-10-07T10:15:43.1913376Z [  34% ] [90m[1mupdate_scripts_classes[22m | [39m[0m
2026-10-07T10:15:43.1913636Z [  34% ] [90m[1mupdate_scripts_classes[22m | [39m[0m
2026-10-07T10:15:43.1913899Z [  34% ] [90m[1mupdate_scripts_classes[22m | [39m[0m
2026-10-07T10:15:43.1914156Z [  34% ] [90m[1mupdate_scripts_classes[22m | [39m[0m
2026-10-07T10:15:43.1914418Z [  34% ] [90m[1mupdate_scripts_classes[22m | [39m[0m
2026-10-07T10:15:43.1914850Z [  34% ] [90m[1mupdate_scripts_classes[22m | [39m[0m
2026-10-07T10:15:43.1915120Z [  34% ] [90m[1mupdate_scripts_classes[22m | [39m[0m
2026-10-07T10:15:43.1915378Z [  34% ] [90m[1mupdate_scripts_classes[22m | [39m[0m
2026-10-07T10:15:43.1915636Z [  34% ] [90m[1mupdate_scripts_classes[22m | [39m[0m
2026-10-07T10:15:43.1915902Z [  34% ] [90m[1mupdate_scripts_classes[22m | [39m[0m
2026-10-07T10:15:43.1916155Z [  34% ] [90m[1mupdate_scripts_classes[22m | [39m[0m
2026-10-07T10:15:43.1916419Z [  34% ] [90m[1mupdate_scripts_classes[22m | [39m[0m
2026-10-07T10:15:43.1916682Z [  34% ] [90m[1mupdate_scripts_classes[22m | [39m[0m
2026-10-07T10:15:43.1916945Z [  34% ] [90m[1mupdate_scripts_classes[22m | [39m[0m
2026-10-07T10:15:43.1917201Z [  34% ] [90m[1mupdate_scripts_classes[22m | [39m[0m
2026-10-07T10:15:43.1917460Z [  34% ] [90m[1mupdate_scripts_classes[22m | [39m[0m
2026-10-07T10:15:43.1917722Z [  34% ] [90m[1mupdate_scripts_classes[22m | [39m[0m
2026-10-07T10:15:43.1917975Z [  34% ] [90m[1mupdate_scripts_classes[22m | [39m[0m
2026-10-07T10:15:43.1918243Z [  35% ] [90m[1mupdate_scripts_classes[22m | [39m[0m
2026-10-07T10:15:43.1918651Z [  35% ] [90m[1mupdate_scripts_classes[22m | [39m[0m
2026-10-07T10:15:43.1918913Z [  35% ] [90m[1mupdate_scripts_classes[22m | [39m[0m
2026-10-07T10:15:43.1919169Z [  35% ] [90m[1mupdate_scripts_classes[22m | [39m[0m
2026-10-07T10:15:43.1919431Z [  35% ] [90m[1mupdate_scripts_classes[22m | [39m[0m
2026-10-07T10:15:43.1919690Z [  35% ] [90m[1mupdate_scripts_classes[22m | [39m[0m
2026-10-07T10:15:43.1919943Z [  35% ] [90m[1mupdate_scripts_classes[22m | [39m[0m
2026-10-07T10:15:43.1920206Z [  35% ] [90m[1mupdate_scripts_classes[22m | [39m[0m
2026-10-07T10:15:43.1920465Z [  35% ] [90m[1mupdate_scripts_classes[22m | [39m[0m
2026-10-07T10:15:43.1920724Z [  35% ] [90m[1mupdate_scripts_classes[22m | [39m[0m
2026-10-07T10:15:43.1920977Z [  35% ] [90m[1mupdate_scripts_classes[22m | [39m[0m
2026-10-07T10:15:43.1921374Z [  35% ] [90m[1mupdate_scripts_classes[22m | [39m[0m
2026-10-07T10:15:43.1921634Z [  35% ] [90m[1mupdate_scripts_classes[22m | [39m[0m
2026-10-07T10:15:43.1921891Z [  35% ] [90m[1mupdate_scripts_classes[22m | [39m[0m
2026-10-07T10:15:43.1922158Z [  35% ] [90m[1mupdate_scripts_classes[22m | [39m[0m
2026-10-07T10:15:43.1922424Z [  35% ] [90m[1mupdate_scripts_classes[22m | [39m[0m
2026-10-07T10:15:43.1922681Z [  35% ] [90m[1mupdate_scripts_classes[22m | [39m[0m
2026-10-07T10:15:43.1922935Z [  35% ] [90m[1mupdate_scripts_classes[22m | [39m[0m
2026-10-07T10:15:43.1923195Z [  35% ] [90m[1mupdate_scripts_classes[22m | [39m[0m
2026-10-07T10:15:43.1923459Z [  35% ] [90m[1mupdate_scripts_classes[22m | [39m[0m
2026-10-07T10:15:43.1923711Z [  35% ] [90m[1mupdate_scripts_classes[22m | [39m[0m
2026-10-07T10:15:43.1923971Z [  35% ] [90m[1mupdate_scripts_classes[22m | [39m[0m
2026-10-07T10:15:43.1924232Z [  35% ] [90m[1mupdate_scripts_classes[22m | [39m[0m
2026-10-07T10:15:43.1924499Z [  35% ] [90m[1mupdate_scripts_classes[22m | [39m[0m
2026-10-07T10:15:43.1924877Z [  35% ] [90m[1mupdate_scripts_classes[22m | [39m[0m
2026-10-07T10:15:43.1925148Z [  35% ] [90m[1mupdate_scripts_classes[22m | [39m[0m
2026-10-07T10:15:43.1925410Z [  35% ] [90m[1mupdate_scripts_classes[22m | [39m[0m
2026-10-07T10:15:43.1925668Z [  35% ] [90m[1mupdate_scripts_classes[22m | [39m[0m
2026-10-07T10:15:43.1925928Z [  35% ] [90m[1mupdate_scripts_classes[22m | [39m[0m
2026-10-07T10:15:43.1926192Z [  35% ] [90m[1mupdate_scripts_classes[22m | [39m[0m
2026-10-07T10:15:43.1926449Z [  35% ] [90m[1mupdate_scripts_classes[22m | [39m[0m
2026-10-07T10:15:43.1926702Z [  36% ] [90m[1mupdate_scripts_classes[22m | [39m[0m
2026-10-07T10:15:43.1926967Z [  36% ] [90m[1mupdate_scripts_classes[22m | [39m[0m
2026-10-07T10:15:43.1927226Z [  36% ] [90m[1mupdate_scripts_classes[22m | [39m[0m
2026-10-07T10:15:43.1927481Z [  36% ] [90m[1mupdate_scripts_classes[22m | [39m[0m
2026-10-07T10:15:43.1927753Z [  36% ] [90m[1mupdate_scripts_classes[22m | [39m[0m
2026-10-07T10:15:43.1928021Z [  36% ] [90m[1mupdate_scripts_classes[22m | [39m[0m
2026-10-07T10:15:43.1928283Z [  36% ] [90m[1mupdate_scripts_classes[22m | [39m[0m
2026-10-07T10:15:43.1928541Z [  36% ] [90m[1mupdate_scripts_classes[22m | [39m[0m
2026-10-07T10:15:43.1928805Z [  36% ] [90m[1mupdate_scripts_classes[22m | [39m[0m
2026-10-07T10:15:43.1929064Z [  36% ] [90m[1mupdate_scripts_classes[22m | [39m[0m
2026-10-07T10:15:43.1929316Z [  36% ] [90m[1mupdate_scripts_classes[22m | [39m[0m
2026-10-07T10:15:43.1929577Z [  36% ] [90m[1mupdate_scripts_classes[22m | [39m[0m
2026-10-07T10:15:43.1929837Z [  36% ] [90m[1mupdate_scripts_classes[22m | [39m[0m
2026-10-07T10:15:43.1930095Z [  36% ] [90m[1mupdate_scripts_classes[22m | [39m[0m
2026-10-07T10:15:43.1930353Z [  36% ] [90m[1mupdate_scripts_classes[22m | [39m[0m
2026-10-07T10:15:43.1930611Z [  36% ] [90m[1mupdate_scripts_classes[22m | [39m[0m
2026-10-07T10:15:43.1930872Z [  36% ] [90m[1mupdate_scripts_classes[22m | [39m[0m
2026-10-07T10:15:43.1931274Z [  36% ] [90m[1mupdate_scripts_classes[22m | [39m[0m
2026-10-07T10:15:43.1931536Z [  36% ] [90m[1mupdate_scripts_classes[22m | [39m[0m
2026-10-07T10:15:43.1931796Z [  36% ] [90m[1mupdate_scripts_classes[22m | [39m[0m
2026-10-07T10:15:43.1932055Z [  36% ] [90m[1mupdate_scripts_classes[22m | [39m[0m
2026-10-07T10:15:43.1932309Z [  36% ] [90m[1mupdate_scripts_classes[22m | [39m[0m
2026-10-07T10:15:43.1932570Z [  36% ] [90m[1mupdate_scripts_classes[22m | [39m[0m
2026-10-07T10:15:43.1932834Z [  36% ] [90m[1mupdate_scripts_classes[22m | [39m[0m
2026-10-07T10:15:43.1933087Z [  36% ] [90m[1mupdate_scripts_classes[22m | [39m[0m
2026-10-07T10:15:43.1933348Z [  36% ] [90m[1mupdate_scripts_classes[22m | [39m[0m
2026-10-07T10:15:43.1933608Z [  36% ] [90m[1mupdate_scripts_classes[22m | [39m[0m
2026-10-07T10:15:43.1934007Z [  36% ] [90m[1mupdate_scripts_classes[22m | [39m[0m
2026-10-07T10:15:43.1934260Z [  36% ] [90m[1mupdate_scripts_classes[22m | [39m[0m
2026-10-07T10:15:43.1934535Z [  36% ] [90m[1mupdate_scripts_classes[22m | [39m[0m
2026-10-07T10:15:43.1934927Z [  36% ] [90m[1mupdate_scripts_classes[22m | [39m[0m
2026-10-07T10:15:43.1935185Z [  37% ] [90m[1mupdate_scripts_classes[22m | [39m[0m
2026-10-07T10:15:43.1935444Z [  37% ] [90m[1mupdate_scripts_classes[22m | [39m[0m
2026-10-07T10:15:43.1935706Z [  37% ] [90m[1mupdate_scripts_classes[22m | [39m[0m
2026-10-07T10:15:43.1935957Z [  37% ] [90m[1mupdate_scripts_classes[22m | [39m[0m
2026-10-07T10:15:43.1936221Z [  37% ] [90m[1mupdate_scripts_classes[22m | [39m[0m
2026-10-07T10:15:43.1936486Z [  37% ] [90m[1mupdate_scripts_classes[22m | [39m[0m
2026-10-07T10:15:43.1936744Z [  37% ] [90m[1mupdate_scripts_classes[22m | [39m[0m
2026-10-07T10:15:43.1936996Z [  37% ] [90m[1mupdate_scripts_classes[22m | [39m[0m
2026-10-07T10:15:43.1937261Z [  37% ] [90m[1mupdate_scripts_classes[22m | [39m[0m
2026-10-07T10:15:43.1937519Z [  37% ] [90m[1mupdate_scripts_classes[22m | [39m[0m
2026-10-07T10:15:43.1937785Z [  37% ] [90m[1mupdate_scripts_classes[22m | [39m[0m
2026-10-07T10:15:43.1938054Z [  37% ] [90m[1mupdate_scripts_classes[22m | [39m[0m
2026-10-07T10:15:43.1938316Z [  37% ] [90m[1mupdate_scripts_classes[22m | [39m[0m
2026-10-07T10:15:43.1938575Z [  37% ] [90m[1mupdate_scripts_classes[22m | [39m[0m
2026-10-07T10:15:43.1938829Z [  37% ] [90m[1mupdate_scripts_classes[22m | [39m[0m
2026-10-07T10:15:43.1939090Z [  37% ] [90m[1mupdate_scripts_classes[22m | [39m[0m
2026-10-07T10:15:43.1939350Z [  37% ] [90m[1mupdate_scripts_classes[22m | [39m[0m
2026-10-07T10:15:43.1939604Z [  37% ] [90m[1mupdate_scripts_classes[22m | [39m[0m
2026-10-07T10:15:43.1939865Z [  37% ] [90m[1mupdate_scripts_classes[22m | [39m[0m
2026-10-07T10:15:43.1940127Z [  37% ] [90m[1mupdate_scripts_classes[22m | [39m[0m
2026-10-07T10:15:43.1940394Z [  37% ] [90m[1mupdate_scripts_classes[22m | [39m[0m
2026-10-07T10:15:43.1940650Z [  37% ] [90m[1mupdate_scripts_classes[22m | [39m[0m
2026-10-07T10:15:43.1940908Z [  37% ] [90m[1mupdate_scripts_classes[22m | [39m[0m
2026-10-07T10:15:43.1941170Z [  37% ] [90m[1mupdate_scripts_classes[22m | [39m[0m
2026-10-07T10:15:43.1941423Z [  37% ] [90m[1mupdate_scripts_classes[22m | [39m[0m
2026-10-07T10:15:43.1941685Z [  37% ] [90m[1mupdate_scripts_classes[22m | [39m[0m
2026-10-07T10:15:43.1941945Z [  37% ] [90m[1mupdate_scripts_classes[22m | [39m[0m
2026-10-07T10:15:43.1942205Z [  37% ] [90m[1mupdate_scripts_classes[22m | [39m[0m
2026-10-07T10:15:43.1942460Z [  37% ] [90m[1mupdate_scripts_classes[22m | [39m[0m
2026-10-07T10:15:43.1942720Z [  37% ] [90m[1mupdate_scripts_classes[22m | [39m[0m
2026-10-07T10:15:43.1942978Z [  37% ] [90m[1mupdate_scripts_classes[22m | [39m[0m
2026-10-07T10:15:43.1943234Z [  38% ] [90m[1mupdate_scripts_classes[22m | [39m[0m
2026-10-07T10:15:43.1943500Z [  38% ] [90m[1mupdate_scripts_classes[22m | [39m[0m
2026-10-07T10:15:43.1943914Z [  38% ] [90m[1mupdate_scripts_classes[22m | [39m[0m
2026-10-07T10:15:43.1944175Z [  38% ] [90m[1mupdate_scripts_classes[22m | [39m[0m
2026-10-07T10:15:43.1944428Z [  38% ] [90m[1mupdate_scripts_classes[22m | [39m[0m
2026-10-07T10:15:43.1944806Z [  38% ] [90m[1mupdate_scripts_classes[22m | [39m[0m
2026-10-07T10:15:43.1945068Z [  38% ] [90m[1mupdate_scripts_classes[22m | [39m[0m
2026-10-07T10:15:43.1945329Z [  38% ] [90m[1mupdate_scripts_classes[22m | [39m[0m
2026-10-07T10:15:43.1945590Z [  38% ] [90m[1mupdate_scripts_classes[22m | [39m[0m
2026-10-07T10:15:43.1945854Z [  38% ] [90m[1mupdate_scripts_classes[22m | [39m[0m
2026-10-07T10:15:43.1946115Z [  38% ] [90m[1mupdate_scripts_classes[22m | [39m[0m
2026-10-07T10:15:43.1946368Z [  38% ] [90m[1mupdate_scripts_classes[22m | [39m[0m
2026-10-07T10:15:43.1946771Z [  38% ] [90m[1mupdate_scripts_classes[22m | [39m[0m
2026-10-07T10:15:43.1947031Z [  38% ] [90m[1mupdate_scripts_classes[22m | [39m[0m
2026-10-07T10:15:43.1947292Z [  38% ] [90m[1mupdate_scripts_classes[22m | [39m[0m
2026-10-07T10:15:43.1947556Z [  38% ] [90m[1mupdate_scripts_classes[22m | [39m[0m
2026-10-07T10:15:43.1947815Z [  38% ] [90m[1mupdate_scripts_classes[22m | [39m[0m
2026-10-07T10:15:43.1948127Z [  38% ] [90m[1mupdate_scripts_classes[22m | [39m[0m
2026-10-07T10:15:43.1948382Z [  38% ] [90m[1mupdate_scripts_classes[22m | [39m[0m
2026-10-07T10:15:43.1948643Z [  38% ] [90m[1mupdate_scripts_classes[22m | [39m[0m
2026-10-07T10:15:43.1948905Z [  38% ] [90m[1mupdate_scripts_classes[22m | [39m[0m
2026-10-07T10:15:43.1949150Z [  38% ] [90m[1mupdate_scripts_classes[22m | [39m[0m
2026-10-07T10:15:43.1949327Z [  38% ] [90m[1mupdate_scripts_classes[22m | [39m[0m
2026-10-07T10:15:43.1949494Z [  38% ] [90m[1mupdate_scripts_classes[22m | [39m[0m
2026-10-07T10:15:43.1949665Z [  38% ] [90m[1mupdate_scripts_classes[22m | [39m[0m
2026-10-07T10:15:43.1949827Z [  38% ] [90m[1mupdate_scripts_classes[22m | [39m[0m
2026-10-07T10:15:43.1949997Z [  38% ] [90m[1mupdate_scripts_classes[22m | [39m[0m
2026-10-07T10:15:43.1950162Z [  38% ] [90m[1mupdate_scripts_classes[22m | [39m[0m
2026-10-07T10:15:43.1950323Z [  38% ] [90m[1mupdate_scripts_classes[22m | [39m[0m
2026-10-07T10:15:43.1950492Z [  38% ] [90m[1mupdate_scripts_classes[22m | [39m[0m
2026-10-07T10:15:43.1950656Z [  38% ] [90m[1mupdate_scripts_classes[22m | [39m[0m
2026-10-07T10:15:43.1950819Z [  39% ] [90m[1mupdate_scripts_classes[22m | [39m[0m
2026-10-07T10:15:43.1950978Z [  39% ] [90m[1mupdate_scripts_classes[22m | [39m[0m
2026-10-07T10:15:43.1951142Z [  39% ] [90m[1mupdate_scripts_classes[22m | [39m[0m
2026-10-07T10:15:43.1951308Z [  39% ] [90m[1mupdate_scripts_classes[22m | [39m[0m
2026-10-07T10:15:43.1951469Z [  39% ] [90m[1mupdate_scripts_classes[22m | [39m[0m
2026-10-07T10:15:43.1951651Z [  39% ] [90m[1mupdate_scripts_classes[22m | [39m[0m
2026-10-07T10:15:43.1951818Z [  39% ] [90m[1mupdate_scripts_classes[22m | [39m[0m
2026-10-07T10:15:43.1951984Z [  39% ] [90m[1mupdate_scripts_classes[22m | [39m[0m
2026-10-07T10:15:43.1952145Z [  39% ] [90m[1mupdate_scripts_classes[22m | [39m[0m
2026-10-07T10:15:43.1952310Z [  39% ] [90m[1mupdate_scripts_classes[22m | [39m[0m
2026-10-07T10:15:43.1952476Z [  39% ] [90m[1mupdate_scripts_classes[22m | [39m[0m
2026-10-07T10:15:43.1952636Z [  39% ] [90m[1mupdate_scripts_classes[22m | [39m[0m
2026-10-07T10:15:43.1952810Z [  39% ] [90m[1mupdate_scripts_classes[22m | [39m[0m
2026-10-07T10:15:43.1952993Z [  39% ] [90m[1mupdate_scripts_classes[22m | [39m[0m
2026-10-07T10:15:43.1953168Z [  39% ] [90m[1mupdate_scripts_classes[22m | [39m[0m
2026-10-07T10:15:43.1953332Z [  39% ] [90m[1mupdate_scripts_classes[22m | [39m[0m
2026-10-07T10:15:43.1953498Z [  39% ] [90m[1mupdate_scripts_classes[22m | [39m[0m
2026-10-07T10:15:43.1953670Z [  39% ] [90m[1mupdate_scripts_classes[22m | [39m[0m
2026-10-07T10:15:43.1953972Z [  39% ] [90m[1mupdate_scripts_classes[22m | [39m[0m
2026-10-07T10:15:43.1954148Z [  39% ] [90m[1mupdate_scripts_classes[22m | [39m[0m
2026-10-07T10:15:43.1954320Z [  39% ] [90m[1mupdate_scripts_classes[22m | [39m[0m
2026-10-07T10:15:43.1954487Z [  39% ] [90m[1mupdate_scripts_classes[22m | [39m[0m
2026-10-07T10:15:43.1954795Z [  39% ] [90m[1mupdate_scripts_classes[22m | [39m[0m
2026-10-07T10:15:43.1954968Z [  39% ] [90m[1mupdate_scripts_classes[22m | [39m[0m
2026-10-07T10:15:43.1955134Z [  39% ] [90m[1mupdate_scripts_classes[22m | [39m[0m
2026-10-07T10:15:43.1955294Z [  39% ] [90m[1mupdate_scripts_classes[22m | [39m[0m
2026-10-07T10:15:43.1955463Z [  39% ] [90m[1mupdate_scripts_classes[22m | [39m[0m
2026-10-07T10:15:43.1955629Z [  39% ] [90m[1mupdate_scripts_classes[22m | [39m[0m
2026-10-07T10:15:43.1955798Z [  39% ] [90m[1mupdate_scripts_classes[22m | [39m[0m
2026-10-07T10:15:43.1956089Z [  39% ] [90m[1mupdate_scripts_classes[22m | [39m[0m
2026-10-07T10:15:43.1956268Z [  39% ] [90m[1mupdate_scripts_classes[22m | [39m[0m
2026-10-07T10:15:43.1956436Z [  40% ] [90m[1mupdate_scripts_classes[22m | [39m[0m
2026-10-07T10:15:43.1956598Z [  40% ] [90m[1mupdate_scripts_classes[22m | [39m[0m
2026-10-07T10:15:43.1956767Z [  40% ] [90m[1mupdate_scripts_classes[22m | [39m[0m
2026-10-07T10:15:43.1956934Z [  40% ] [90m[1mupdate_scripts_classes[22m | [39m[0m
2026-10-07T10:15:43.1957100Z [  40% ] [90m[1mupdate_scripts_classes[22m | [39m[0m
2026-10-07T10:15:43.1957262Z [  40% ] [90m[1mupdate_scripts_classes[22m | [39m[0m
2026-10-07T10:15:43.1957430Z [  40% ] [90m[1mupdate_scripts_classes[22m | [39m[0m
2026-10-07T10:15:43.1957594Z [  40% ] [90m[1mupdate_scripts_classes[22m | [39m[0m
2026-10-07T10:15:43.1957812Z [  40% ] [90m[1mupdate_scripts_classes[22m | [39m[0m
2026-10-07T10:15:43.1958087Z [  40% ] [90m[1mupdate_scripts_classes[22m | [39m[0m
2026-10-07T10:15:43.1958290Z [  40% ] [90m[1mupdate_scripts_classes[22m | [39m[0m
2026-10-07T10:15:43.1958461Z [  40% ] [90m[1mupdate_scripts_classes[22m | [39m[0m
2026-10-07T10:15:43.1958622Z [  40% ] [90m[1mupdate_scripts_classes[22m | [39m[0m
2026-10-07T10:15:43.1958789Z [  40% ] [90m[1mupdate_scripts_classes[22m | [39m[0m
2026-10-07T10:15:43.1958957Z [  40% ] [90m[1mupdate_scripts_classes[22m | [39m[0m
2026-10-07T10:15:43.1959118Z [  40% ] [90m[1mupdate_scripts_classes[22m | [39m[0m
2026-10-07T10:15:43.1959282Z [  40% ] [90m[1mupdate_scripts_classes[22m | [39m[0m
2026-10-07T10:15:43.1959450Z [  40% ] [90m[1mupdate_scripts_classes[22m | [39m[0m
2026-10-07T10:15:43.1959615Z [  40% ] [90m[1mupdate_scripts_classes[22m | [39m[0m
2026-10-07T10:15:43.1959777Z [  40% ] [90m[1mupdate_scripts_classes[22m | [39m[0m
2026-10-07T10:15:43.1959943Z [  40% ] [90m[1mupdate_scripts_classes[22m | [39m[0m
2026-10-07T10:15:43.1960112Z [  40% ] [90m[1mupdate_scripts_classes[22m | [39m[0m
2026-10-07T10:15:43.1960272Z [  40% ] [90m[1mupdate_scripts_classes[22m | [39m[0m
2026-10-07T10:15:43.1960441Z [  40% ] [90m[1mupdate_scripts_classes[22m | [39m[0m
2026-10-07T10:15:43.1960609Z [  40% ] [90m[1mupdate_scripts_classes[22m | [39m[0m
2026-10-07T10:15:43.1960779Z [  40% ] [90m[1mupdate_scripts_classes[22m | [39m[0m
2026-10-07T10:15:43.1960939Z [  40% ] [90m[1mupdate_scripts_classes[22m | [39m[0m
2026-10-07T10:15:43.1961224Z [  40% ] [90m[1mupdate_scripts_classes[22m | [39m[0m
2026-10-07T10:15:43.1961388Z [  40% ] [90m[1mupdate_scripts_classes[22m | [39m[0m
2026-10-07T10:15:43.1961551Z [  40% ] [90m[1mupdate_scripts_classes[22m | [39m[0m
2026-10-07T10:15:43.1961721Z [  40% ] [90m[1mupdate_scripts_classes[22m | [39m[0m
2026-10-07T10:15:43.1961889Z [  41% ] [90m[1mupdate_scripts_classes[22m | [39m[0m
2026-10-07T10:15:43.1962059Z [  41% ] [90m[1mupdate_scripts_classes[22m | [39m[0m
2026-10-07T10:15:43.1962227Z [  41% ] [90m[1mupdate_scripts_classes[22m | [39m[0m
2026-10-07T10:15:43.1962537Z [  41% ] [90m[1mupdate_scripts_classes[22m | [39m[0m
2026-10-07T10:15:43.1962706Z [  41% ] [90m[1mupdate_scripts_classes[22m | [39m[0m
2026-10-07T10:15:43.1962868Z [  41% ] [90m[1mupdate_scripts_classes[22m | [39m[0m
2026-10-07T10:15:43.1963081Z [  41% ] [90m[1mupdate_scripts_classes[22m | [39m[0m
2026-10-07T10:15:43.1963357Z [  41% ] [90m[1mupdate_scripts_classes[22m | [39m[0m
2026-10-07T10:15:43.1963600Z [  41% ] [90m[1mupdate_scripts_classes[22m | [39m[0m
2026-10-07T10:15:43.1963807Z [  41% ] [90m[1mupdate_scripts_classes[22m | [39m[0m
2026-10-07T10:15:43.1963974Z [  41% ] [90m[1mupdate_scripts_classes[22m | [39m[0m
2026-10-07T10:15:43.1964138Z [  41% ] [90m[1mupdate_scripts_classes[22m | [39m[0m
2026-10-07T10:15:43.1964299Z [  41% ] [90m[1mupdate_scripts_classes[22m | [39m[0m
2026-10-07T10:15:43.1964462Z [  41% ] [90m[1mupdate_scripts_classes[22m | [39m[0m
2026-10-07T10:15:43.1964899Z [  41% ] [90m[1mupdate_scripts_classes[22m | [39m[0m
2026-10-07T10:15:43.1965150Z [  41% ] [90m[1mupdate_scripts_classes[22m | [39m[0m
2026-10-07T10:15:43.1965316Z [  41% ] [90m[1mupdate_scripts_classes[22m | [39m[0m
2026-10-07T10:15:43.1965485Z [  41% ] [90m[1mupdate_scripts_classes[22m | [39m[0m
2026-10-07T10:15:43.1965651Z [  41% ] [90m[1mupdate_scripts_classes[22m | [39m[0m
2026-10-07T10:15:43.1965811Z [  41% ] [90m[1mupdate_scripts_classes[22m | [39m[0m
2026-10-07T10:15:43.1965979Z [  41% ] [90m[1mupdate_scripts_classes[22m | [39m[0m
2026-10-07T10:15:43.1966152Z [  41% ] [90m[1mupdate_scripts_classes[22m | [39m[0m
2026-10-07T10:15:43.1966329Z [  41% ] [90m[1mupdate_scripts_classes[22m | [39m[0m
2026-10-07T10:15:43.1966494Z [  41% ] [90m[1mupdate_scripts_classes[22m | [39m[0m
2026-10-07T10:15:43.1966667Z [  41% ] [90m[1mupdate_scripts_classes[22m | [39m[0m
2026-10-07T10:15:43.1966839Z [  41% ] [90m[1mupdate_scripts_classes[22m | [39m[0m
2026-10-07T10:15:43.1967002Z [  41% ] [90m[1mupdate_scripts_classes[22m | [39m[0m
2026-10-07T10:15:43.1967173Z [  41% ] [90m[1mupdate_scripts_classes[22m | [39m[0m
2026-10-07T10:15:43.1967451Z [  41% ] [90m[1mupdate_scripts_classes[22m | [39m[0m
2026-10-07T10:15:43.1967703Z [  41% ] [90m[1mupdate_scripts_classes[22m | [39m[0m
2026-10-07T10:15:43.1967932Z [  41% ] [90m[1mupdate_scripts_classes[22m | [39m[0m
2026-10-07T10:15:43.1968102Z [  42% ] [90m[1mupdate_scripts_classes[22m | [39m[0m
2026-10-07T10:15:43.1968271Z [  42% ] [90m[1mupdate_scripts_classes[22m | [39m[0m
2026-10-07T10:15:43.1968434Z [  42% ] [90m[1mupdate_scripts_classes[22m | [39m[0m
2026-10-07T10:15:43.1968604Z [  42% ] [90m[1mupdate_scripts_classes[22m | [39m[0m
2026-10-07T10:15:43.1968771Z [  42% ] [90m[1mupdate_scripts_classes[22m | [39m[0m
2026-10-07T10:15:43.1968943Z [  42% ] [90m[1mupdate_scripts_classes[22m | [39m[0m
2026-10-07T10:15:43.1969109Z [  42% ] [90m[1mupdate_scripts_classes[22m | [39m[0m
2026-10-07T10:15:43.1969279Z [  42% ] [90m[1mupdate_scripts_classes[22m | [39m[0m
2026-10-07T10:15:43.1969449Z [  42% ] [90m[1mupdate_scripts_classes[22m | [39m[0m
2026-10-07T10:15:43.1969609Z [  42% ] [90m[1mupdate_scripts_classes[22m | [39m[0m
2026-10-07T10:15:43.1969776Z [  42% ] [90m[1mupdate_scripts_classes[22m | [39m[0m
2026-10-07T10:15:43.1969941Z [  42% ] [90m[1mupdate_scripts_classes[22m | [39m[0m
2026-10-07T10:15:43.1970105Z [  42% ] [90m[1mupdate_scripts_classes[22m | [39m[0m
2026-10-07T10:15:43.1970313Z [  42% ] [90m[1mupdate_scripts_classes[22m | TestCase[39m[0m
2026-10-07T10:15:43.1970483Z [  42% ] [90m[1mupdate_scripts_classes[22m | [39m[0m
2026-10-07T10:15:43.1970648Z [  42% ] [90m[1mupdate_scripts_classes[22m | [39m[0m
2026-10-07T10:15:43.1970809Z [  42% ] [90m[1mupdate_scripts_classes[22m | [39m[0m
2026-10-07T10:15:43.1970976Z [  42% ] [90m[1mupdate_scripts_classes[22m | [39m[0m
2026-10-07T10:15:43.1971253Z [  42% ] [90m[1mupdate_scripts_classes[22m | [39m[0m
2026-10-07T10:15:43.1971696Z [  42% ] [90m[1mupdate_scripts_classes[22m | [39m[0m
2026-10-07T10:15:43.1971870Z [  42% ] [90m[1mupdate_scripts_classes[22m | [39m[0m
2026-10-07T10:15:43.1972034Z [  42% ] [90m[1mupdate_scripts_classes[22m | [39m[0m
2026-10-07T10:15:43.1972201Z [  42% ] [90m[1mupdate_scripts_classes[22m | [39m[0m
2026-10-07T10:15:43.1972363Z [  42% ] [90m[1mupdate_scripts_classes[22m | [39m[0m
2026-10-07T10:15:43.1972531Z [  42% ] [90m[1mupdate_scripts_classes[22m | [39m[0m
2026-10-07T10:15:43.1972697Z [  42% ] [90m[1mupdate_scripts_classes[22m | [39m[0m
2026-10-07T10:15:43.1972862Z [  42% ] [90m[1mupdate_scripts_classes[22m | [39m[0m
2026-10-07T10:15:43.1973025Z [  42% ] [90m[1mupdate_scripts_classes[22m | [39m[0m
2026-10-07T10:15:43.1973193Z [  42% ] [90m[1mupdate_scripts_classes[22m | [39m[0m
2026-10-07T10:15:43.1973358Z [  42% ] [90m[1mupdate_scripts_classes[22m | [39m[0m
2026-10-07T10:15:43.1973644Z [  42% ] [90m[1mupdate_scripts_classes[22m | [39m[0m
2026-10-07T10:15:43.1973819Z [  43% ] [90m[1mupdate_scripts_classes[22m | [39m[0m
2026-10-07T10:15:43.1973992Z [  43% ] [90m[1mupdate_scripts_classes[22m | [39m[0m
2026-10-07T10:15:43.1974159Z [  43% ] [90m[1mupdate_scripts_classes[22m | [39m[0m
2026-10-07T10:15:43.1974320Z [  43% ] [90m[1mupdate_scripts_classes[22m | [39m[0m
2026-10-07T10:15:43.1974486Z [  43% ] [90m[1mupdate_scripts_classes[22m | [39m[0m
2026-10-07T10:15:43.1974764Z [  43% ] [90m[1mupdate_scripts_classes[22m | [39m[0m
2026-10-07T10:15:43.1974930Z [  43% ] [90m[1mupdate_scripts_classes[22m | [39m[0m
2026-10-07T10:15:43.1975105Z [  43% ] [90m[1mupdate_scripts_classes[22m | [39m[0m
2026-10-07T10:15:43.1975403Z [  43% ] [90m[1mupdate_scripts_classes[22m | [39m[0m
2026-10-07T10:15:43.1975640Z [  43% ] [90m[1mupdate_scripts_classes[22m | [39m[0m
2026-10-07T10:15:43.1975852Z [  43% ] [90m[1mupdate_scripts_classes[22m | [39m[0m
2026-10-07T10:15:43.1976028Z [  43% ] [90m[1mupdate_scripts_classes[22m | [39m[0m
2026-10-07T10:15:43.1976200Z [  43% ] [90m[1mupdate_scripts_classes[22m | [39m[0m
2026-10-07T10:15:43.1976362Z [  43% ] [90m[1mupdate_scripts_classes[22m | [39m[0m
2026-10-07T10:15:43.1976531Z [  43% ] [90m[1mupdate_scripts_classes[22m | [39m[0m
2026-10-07T10:15:43.1976695Z [  43% ] [90m[1mupdate_scripts_classes[22m | [39m[0m
2026-10-07T10:15:43.1976861Z [  43% ] [90m[1mupdate_scripts_classes[22m | [39m[0m
2026-10-07T10:15:43.1977025Z [  43% ] [90m[1mupdate_scripts_classes[22m | [39m[0m
2026-10-07T10:15:43.1977191Z [  43% ] [90m[1mupdate_scripts_classes[22m | [39m[0m
2026-10-07T10:15:43.1977357Z [  43% ] [90m[1mupdate_scripts_classes[22m | [39m[0m
2026-10-07T10:15:43.1977519Z [  43% ] [90m[1mupdate_scripts_classes[22m | [39m[0m
2026-10-07T10:15:43.1977687Z [  43% ] [90m[1mupdate_scripts_classes[22m | [39m[0m
2026-10-07T10:15:43.1977857Z [  43% ] [90m[1mupdate_scripts_classes[22m | [39m[0m
2026-10-07T10:15:43.1978022Z [  43% ] [90m[1mupdate_scripts_classes[22m | [39m[0m
2026-10-07T10:15:43.1978189Z [  43% ] [90m[1mupdate_scripts_classes[22m | [39m[0m
2026-10-07T10:15:43.1978356Z [  43% ] [90m[1mupdate_scripts_classes[22m | [39m[0m
2026-10-07T10:15:43.1978523Z [  43% ] [90m[1mupdate_scripts_classes[22m | [39m[0m
2026-10-07T10:15:43.1978686Z [  43% ] [90m[1mupdate_scripts_classes[22m | [39m[0m
2026-10-07T10:15:43.1978853Z [  43% ] [90m[1mupdate_scripts_classes[22m | [39m[0m
2026-10-07T10:15:43.1979084Z [  43% ] [90m[1mupdate_scripts_classes[22m | [39m[0m
2026-10-07T10:15:43.1979364Z [  43% ] [90m[1mupdate_scripts_classes[22m | [39m[0m
2026-10-07T10:15:43.1979614Z [  44% ] [90m[1mupdate_scripts_classes[22m | [39m[0m
2026-10-07T10:15:43.1979786Z [  44% ] [90m[1mupdate_scripts_classes[22m | [39m[0m
2026-10-07T10:15:43.1979958Z [  44% ] [90m[1mupdate_scripts_classes[22m | [39m[0m
2026-10-07T10:15:43.1980126Z [  44% ] [90m[1mupdate_scripts_classes[22m | [39m[0m
2026-10-07T10:15:43.1980455Z [  44% ] [90m[1mupdate_scripts_classes[22m | [39m[0m
2026-10-07T10:15:43.1980630Z [  44% ] [90m[1mupdate_scripts_classes[22m | [39m[0m
2026-10-07T10:15:43.1980799Z [  44% ] [90m[1mupdate_scripts_classes[22m | [39m[0m
2026-10-07T10:15:43.1980964Z [  44% ] [90m[1mupdate_scripts_classes[22m | [39m[0m
2026-10-07T10:15:43.1981132Z [  44% ] [90m[1mupdate_scripts_classes[22m | [39m[0m
2026-10-07T10:15:43.1981302Z [  44% ] [90m[1mupdate_scripts_classes[22m | [39m[0m
2026-10-07T10:15:43.1981464Z [  44% ] [90m[1mupdate_scripts_classes[22m | [39m[0m
2026-10-07T10:15:43.1981632Z [  44% ] [90m[1mupdate_scripts_classes[22m | [39m[0m
2026-10-07T10:15:43.1981799Z [  44% ] [90m[1mupdate_scripts_classes[22m | [39m[0m
2026-10-07T10:15:43.1981963Z [  44% ] [90m[1mupdate_scripts_classes[22m | [39m[0m
2026-10-07T10:15:43.1982123Z [  44% ] [90m[1mupdate_scripts_classes[22m | [39m[0m
2026-10-07T10:15:43.1982456Z [  44% ] [90m[1mupdate_scripts_classes[22m | [39m[0m
2026-10-07T10:15:43.1982630Z [  44% ] [90m[1mupdate_scripts_classes[22m | [39m[0m
2026-10-07T10:15:43.1982831Z [  44% ] [90m[1mupdate_scripts_classes[22m | [39m[0m
2026-10-07T10:15:43.1983097Z [  44% ] [90m[1mupdate_scripts_classes[22m | [39m[0m
2026-10-07T10:15:43.1983364Z [  44% ] [90m[1mupdate_scripts_classes[22m | [39m[0m
2026-10-07T10:15:43.1983540Z [  44% ] [90m[1mupdate_scripts_classes[22m | [39m[0m
2026-10-07T10:15:43.1983704Z [  44% ] [90m[1mupdate_scripts_classes[22m | [39m[0m
2026-10-07T10:15:43.1983872Z [  44% ] [90m[1mupdate_scripts_classes[22m | [39m[0m
2026-10-07T10:15:43.1984039Z [  44% ] [90m[1mupdate_scripts_classes[22m | [39m[0m
2026-10-07T10:15:43.1984200Z [  44% ] [90m[1mupdate_scripts_classes[22m | [39m[0m
2026-10-07T10:15:43.1984366Z [  44% ] [90m[1mupdate_scripts_classes[22m | [39m[0m
2026-10-07T10:15:43.1984539Z [  44% ] [90m[1mupdate_scripts_classes[22m | [39m[0m
2026-10-07T10:15:43.1984830Z [  44% ] [90m[1mupdate_scripts_classes[22m | [39m[0m
2026-10-07T10:15:43.1984999Z [  44% ] [90m[1mupdate_scripts_classes[22m | [39m[0m
2026-10-07T10:15:43.1985169Z [  44% ] [90m[1mupdate_scripts_classes[22m | [39m[0m
2026-10-07T10:15:43.1985336Z [  44% ] [90m[1mupdate_scripts_classes[22m | [39m[0m
2026-10-07T10:15:43.1985499Z [  45% ] [90m[1mupdate_scripts_classes[22m | [39m[0m
2026-10-07T10:15:43.1985673Z [  45% ] [90m[1mupdate_scripts_classes[22m | [39m[0m
2026-10-07T10:15:43.1985839Z [  45% ] [90m[1mupdate_scripts_classes[22m | [39m[0m
2026-10-07T10:15:43.1986008Z [  45% ] [90m[1mupdate_scripts_classes[22m | [39m[0m
2026-10-07T10:15:43.1986167Z [  45% ] [90m[1mupdate_scripts_classes[22m | [39m[0m
2026-10-07T10:15:43.1986332Z [  45% ] [90m[1mupdate_scripts_classes[22m | [39m[0m
2026-10-07T10:15:43.1986496Z [  45% ] [90m[1mupdate_scripts_classes[22m | [39m[0m
2026-10-07T10:15:43.1986703Z [  45% ] [90m[1mupdate_scripts_classes[22m | [39m[0m
2026-10-07T10:15:43.1986965Z [  45% ] [90m[1mupdate_scripts_classes[22m | [39m[0m
2026-10-07T10:15:43.1987249Z [  45% ] [90m[1mupdate_scripts_classes[22m | [39m[0m
2026-10-07T10:15:43.1987421Z [  45% ] [90m[1mupdate_scripts_classes[22m | [39m[0m
2026-10-07T10:15:43.1987583Z [  45% ] [90m[1mupdate_scripts_classes[22m | [39m[0m
2026-10-07T10:15:43.1987747Z [  45% ] [90m[1mupdate_scripts_classes[22m | [39m[0m
2026-10-07T10:15:43.1987917Z [  45% ] [90m[1mupdate_scripts_classes[22m | [39m[0m
2026-10-07T10:15:43.1988078Z [  45% ] [90m[1mupdate_scripts_classes[22m | [39m[0m
2026-10-07T10:15:43.1988245Z [  45% ] [90m[1mupdate_scripts_classes[22m | [39m[0m
2026-10-07T10:15:43.1988412Z [  45% ] [90m[1mupdate_scripts_classes[22m | [39m[0m
2026-10-07T10:15:43.1988577Z [  45% ] [90m[1mupdate_scripts_classes[22m | [39m[0m
2026-10-07T10:15:43.1988739Z [  45% ] [90m[1mupdate_scripts_classes[22m | [39m[0m
2026-10-07T10:15:43.1988911Z [  45% ] [90m[1mupdate_scripts_classes[22m | [39m[0m
2026-10-07T10:15:43.1989220Z [  45% ] [90m[1mupdate_scripts_classes[22m | [39m[0m
2026-10-07T10:15:43.1989386Z [  45% ] [90m[1mupdate_scripts_classes[22m | [39m[0m
2026-10-07T10:15:43.1989556Z [  45% ] [90m[1mupdate_scripts_classes[22m | [39m[0m
2026-10-07T10:15:43.1989720Z [  45% ] [90m[1mupdate_scripts_classes[22m | [39m[0m
2026-10-07T10:15:43.1989885Z [  45% ] [90m[1mupdate_scripts_classes[22m | [39m[0m
2026-10-07T10:15:43.1990049Z [  45% ] [90m[1mupdate_scripts_classes[22m | [39m[0m
2026-10-07T10:15:43.1990219Z [  45% ] [90m[1mupdate_scripts_classes[22m | [39m[0m
2026-10-07T10:15:43.1990390Z [  45% ] [90m[1mupdate_scripts_classes[22m | [39m[0m
2026-10-07T10:15:43.1990684Z [  45% ] [90m[1mupdate_scripts_classes[22m | [39m[0m
2026-10-07T10:15:43.1990935Z [  45% ] [90m[1mupdate_scripts_classes[22m | [39m[0m
2026-10-07T10:15:43.1991134Z [  45% ] [90m[1mupdate_scripts_classes[22m | [39m[0m
2026-10-07T10:15:43.1991429Z [  46% ] [90m[1mupdate_scripts_classes[22m | [39m[0m
2026-10-07T10:15:43.1991597Z [  46% ] [90m[1mupdate_scripts_classes[22m | [39m[0m
2026-10-07T10:15:43.1991766Z [  46% ] [90m[1mupdate_scripts_classes[22m | [39m[0m
2026-10-07T10:15:43.1991931Z [  46% ] [90m[1mupdate_scripts_classes[22m | [39m[0m
2026-10-07T10:15:43.1992094Z [  46% ] [90m[1mupdate_scripts_classes[22m | [39m[0m
2026-10-07T10:15:43.1992258Z [  46% ] [90m[1mupdate_scripts_classes[22m | [39m[0m
2026-10-07T10:15:43.1992426Z [  46% ] [90m[1mupdate_scripts_classes[22m | [39m[0m
2026-10-07T10:15:43.1992591Z [  46% ] [90m[1mupdate_scripts_classes[22m | [39m[0m
2026-10-07T10:15:43.1992752Z [  46% ] [90m[1mupdate_scripts_classes[22m | [39m[0m
2026-10-07T10:15:43.1992915Z [  46% ] [90m[1mupdate_scripts_classes[22m | [39m[0m
2026-10-07T10:15:43.1993081Z [  46% ] [90m[1mupdate_scripts_classes[22m | [39m[0m
2026-10-07T10:15:43.1993244Z [  46% ] [90m[1mupdate_scripts_classes[22m | [39m[0m
2026-10-07T10:15:43.1993413Z [  46% ] [90m[1mupdate_scripts_classes[22m | [39m[0m
2026-10-07T10:15:43.1993582Z [  46% ] [90m[1mupdate_scripts_classes[22m | [39m[0m
2026-10-07T10:15:43.1993747Z [  46% ] [90m[1mupdate_scripts_classes[22m | [39m[0m
2026-10-07T10:15:43.1993909Z [  46% ] [90m[1mupdate_scripts_classes[22m | [39m[0m
2026-10-07T10:15:43.1994087Z [  46% ] [90m[1mupdate_scripts_classes[22m | [39m[0m
2026-10-07T10:15:43.1994387Z [  46% ] [90m[1mupdate_scripts_classes[22m | [39m[0m
2026-10-07T10:15:43.1994765Z [  46% ] [90m[1mupdate_scripts_classes[22m | [39m[0m
2026-10-07T10:15:43.1994969Z [  46% ] [90m[1mupdate_scripts_classes[22m | [39m[0m
2026-10-07T10:15:43.1995142Z [  46% ] [90m[1mupdate_scripts_classes[22m | [39m[0m
2026-10-07T10:15:43.1995311Z [  46% ] [90m[1mupdate_scripts_classes[22m | [39m[0m
2026-10-07T10:15:43.1995472Z [  46% ] [90m[1mupdate_scripts_classes[22m | [39m[0m
2026-10-07T10:15:43.1995644Z [  46% ] [90m[1mupdate_scripts_classes[22m | [39m[0m
2026-10-07T10:15:43.1995812Z [  46% ] [90m[1mupdate_scripts_classes[22m | [39m[0m
2026-10-07T10:15:43.1995978Z [  46% ] [90m[1mupdate_scripts_classes[22m | [39m[0m
2026-10-07T10:15:43.1996148Z [  46% ] [90m[1mupdate_scripts_classes[22m | [39m[0m
2026-10-07T10:15:43.1996316Z [  46% ] [90m[1mupdate_scripts_classes[22m | [39m[0m
2026-10-07T10:15:43.1996484Z [  46% ] [90m[1mupdate_scripts_classes[22m | [39m[0m
2026-10-07T10:15:43.1996650Z [  46% ] [90m[1mupdate_scripts_classes[22m | [39m[0m
2026-10-07T10:15:43.1996818Z [  46% ] [90m[1mupdate_scripts_classes[22m | [39m[0m
2026-10-07T10:15:43.1996987Z [  47% ] [90m[1mupdate_scripts_classes[22m | [39m[0m
2026-10-07T10:15:43.1997152Z [  47% ] [90m[1mupdate_scripts_classes[22m | [39m[0m
2026-10-07T10:15:43.1997320Z [  47% ] [90m[1mupdate_scripts_classes[22m | [39m[0m
2026-10-07T10:15:43.1997487Z [  47% ] [90m[1mupdate_scripts_classes[22m | [39m[0m
2026-10-07T10:15:43.1997659Z [  47% ] [90m[1mupdate_scripts_classes[22m | [39m[0m
2026-10-07T10:15:43.1997825Z [  47% ] [90m[1mupdate_scripts_classes[22m | [39m[0m
2026-10-07T10:15:43.1998209Z [  47% ] [90m[1mupdate_scripts_classes[22m | [39m[0m
2026-10-07T10:15:43.1998434Z [  47% ] [90m[1mupdate_scripts_classes[22m | [39m[0m
2026-10-07T10:15:43.1998636Z [  47% ] [90m[1mupdate_scripts_classes[22m | [39m[0m
2026-10-07T10:15:43.1998805Z [  47% ] [90m[1mupdate_scripts_classes[22m | [39m[0m
2026-10-07T10:15:43.1998973Z [  47% ] [90m[1mupdate_scripts_classes[22m | [39m[0m
2026-10-07T10:15:43.1999141Z [  47% ] [90m[1mupdate_scripts_classes[22m | [39m[0m
2026-10-07T10:15:43.1999304Z [  47% ] [90m[1mupdate_scripts_classes[22m | [39m[0m
2026-10-07T10:15:43.1999478Z [  47% ] [90m[1mupdate_scripts_classes[22m | [39m[0m
2026-10-07T10:15:43.1999654Z [  47% ] [90m[1mupdate_scripts_classes[22m | [39m[0m
2026-10-07T10:15:43.1999818Z [  47% ] [90m[1mupdate_scripts_classes[22m | [39m[0m
2026-10-07T10:15:43.2000121Z [  47% ] [90m[1mupdate_scripts_classes[22m | [39m[0m
2026-10-07T10:15:43.2000295Z [  47% ] [90m[1mupdate_scripts_classes[22m | [39m[0m
2026-10-07T10:15:43.2000463Z [  47% ] [90m[1mupdate_scripts_classes[22m | [39m[0m
2026-10-07T10:15:43.2000625Z [  47% ] [90m[1mupdate_scripts_classes[22m | [39m[0m
2026-10-07T10:15:43.2000793Z [  47% ] [90m[1mupdate_scripts_classes[22m | [39m[0m
2026-10-07T10:15:43.2000959Z [  47% ] [90m[1mupdate_scripts_classes[22m | [39m[0m
2026-10-07T10:15:43.2001119Z [  47% ] [90m[1mupdate_scripts_classes[22m | [39m[0m
2026-10-07T10:15:43.2001287Z [  47% ] [90m[1mupdate_scripts_classes[22m | [39m[0m
2026-10-07T10:15:43.2001452Z [  47% ] [90m[1mupdate_scripts_classes[22m | [39m[0m
2026-10-07T10:15:43.2001620Z [  47% ] [90m[1mupdate_scripts_classes[22m | [39m[0m
2026-10-07T10:15:43.2001783Z [  47% ] [90m[1mupdate_scripts_classes[22m | [39m[0m
2026-10-07T10:15:43.2002040Z [  47% ] [90m[1mupdate_scripts_classes[22m | [39m[0m
2026-10-07T10:15:43.2002277Z [  47% ] [90m[1mupdate_scripts_classes[22m | [39m[0m
2026-10-07T10:15:43.2002495Z [  47% ] [90m[1mupdate_scripts_classes[22m | [39m[0m
2026-10-07T10:15:43.2002661Z [  47% ] [90m[1mupdate_scripts_classes[22m | [39m[0m
2026-10-07T10:15:43.2002829Z [  48% ] [90m[1mupdate_scripts_classes[22m | [39m[0m
2026-10-07T10:15:43.2002997Z [  48% ] [90m[1mupdate_scripts_classes[22m | [39m[0m
2026-10-07T10:15:43.2003159Z [  48% ] [90m[1mupdate_scripts_classes[22m | [39m[0m
2026-10-07T10:15:43.2003326Z [  48% ] [90m[1mupdate_scripts_classes[22m | [39m[0m
2026-10-07T10:15:43.2003494Z [  48% ] [90m[1mupdate_scripts_classes[22m | [39m[0m
2026-10-07T10:15:43.2003656Z [  48% ] [90m[1mupdate_scripts_classes[22m | [39m[0m
2026-10-07T10:15:43.2003823Z [  48% ] [90m[1mupdate_scripts_classes[22m | [39m[0m
2026-10-07T10:15:43.2003988Z [  48% ] [90m[1mupdate_scripts_classes[22m | [39m[0m
2026-10-07T10:15:43.2004158Z [  48% ] [90m[1mupdate_scripts_classes[22m | [39m[0m
2026-10-07T10:15:43.2004320Z [  48% ] [90m[1mupdate_scripts_classes[22m | [39m[0m
2026-10-07T10:15:43.2004491Z [  48% ] [90m[1mupdate_scripts_classes[22m | [39m[0m
2026-10-07T10:15:43.2004825Z [  48% ] [90m[1mupdate_scripts_classes[22m | [39m[0m
2026-10-07T10:15:43.2005035Z [  48% ] [90m[1mupdate_scripts_classes[22m | [39m[0m
2026-10-07T10:15:43.2005202Z [  48% ] [90m[1mupdate_scripts_classes[22m | [39m[0m
2026-10-07T10:15:43.2005373Z [  48% ] [90m[1mupdate_scripts_classes[22m | [39m[0m
2026-10-07T10:15:43.2005543Z [  48% ] [90m[1mupdate_scripts_classes[22m | [39m[0m
2026-10-07T10:15:43.2005709Z [  48% ] [90m[1mupdate_scripts_classes[22m | [39m[0m
2026-10-07T10:15:43.2005932Z [  48% ] [90m[1mupdate_scripts_classes[22m | [39m[0m
2026-10-07T10:15:43.2006181Z [  48% ] [90m[1mupdate_scripts_classes[22m | [39m[0m
2026-10-07T10:15:43.2006450Z [  48% ] [90m[1mupdate_scripts_classes[22m | [39m[0m
2026-10-07T10:15:43.2006625Z [  48% ] [90m[1mupdate_scripts_classes[22m | [39m[0m
2026-10-07T10:15:43.2006789Z [  48% ] [90m[1mupdate_scripts_classes[22m | [39m[0m
2026-10-07T10:15:43.2007145Z [  48% ] [90m[1mupdate_scripts_classes[22m | [39m[0m
2026-10-07T10:15:43.2007311Z [  48% ] [90m[1mupdate_scripts_classes[22m | [39m[0m
2026-10-07T10:15:43.2007476Z [  48% ] [90m[1mupdate_scripts_classes[22m | [39m[0m
2026-10-07T10:15:43.2007643Z [  48% ] [90m[1mupdate_scripts_classes[22m | [39m[0m
2026-10-07T10:15:43.2007805Z [  48% ] [90m[1mupdate_scripts_classes[22m | [39m[0m
2026-10-07T10:15:43.2007973Z [  48% ] [90m[1mupdate_scripts_classes[22m | [39m[0m
2026-10-07T10:15:43.2008139Z [  48% ] [90m[1mupdate_scripts_classes[22m | [39m[0m
2026-10-07T10:15:43.2008513Z [  48% ] [90m[1mupdate_scripts_classes[22m | [39m[0m
2026-10-07T10:15:43.2008679Z [  48% ] [90m[1mupdate_scripts_classes[22m | [39m[0m
2026-10-07T10:15:43.2008851Z [  49% ] [90m[1mupdate_scripts_classes[22m | [39m[0m
2026-10-07T10:15:43.2009138Z [  49% ] [90m[1mupdate_scripts_classes[22m | [39m[0m
2026-10-07T10:15:43.2009307Z [  49% ] [90m[1mupdate_scripts_classes[22m | [39m[0m
2026-10-07T10:15:43.2009485Z [  49% ] [90m[1mupdate_scripts_classes[22m | [39m[0m
2026-10-07T10:15:43.2009721Z [  49% ] [90m[1mupdate_scripts_classes[22m | [39m[0m
2026-10-07T10:15:43.2009986Z [  49% ] [90m[1mupdate_scripts_classes[22m | [39m[0m
2026-10-07T10:15:43.2010253Z [  49% ] [90m[1mupdate_scripts_classes[22m | [39m[0m
2026-10-07T10:15:43.2010437Z [  49% ] [90m[1mupdate_scripts_classes[22m | [39m[0m
2026-10-07T10:15:43.2010606Z [  49% ] [90m[1mupdate_scripts_classes[22m | [39m[0m
2026-10-07T10:15:43.2010768Z [  49% ] [90m[1mupdate_scripts_classes[22m | [39m[0m
2026-10-07T10:15:43.2010934Z [  49% ] [90m[1mupdate_scripts_classes[22m | [39m[0m
2026-10-07T10:15:43.2011100Z [  49% ] [90m[1mupdate_scripts_classes[22m | [39m[0m
2026-10-07T10:15:43.2011263Z [  49% ] [90m[1mupdate_scripts_classes[22m | [39m[0m
2026-10-07T10:15:43.2011430Z [  49% ] [90m[1mupdate_scripts_classes[22m | [39m[0m
2026-10-07T10:15:43.2011600Z [  49% ] [90m[1mupdate_scripts_classes[22m | [39m[0m
2026-10-07T10:15:43.2011768Z [  49% ] [90m[1mupdate_scripts_classes[22m | [39m[0m
2026-10-07T10:15:43.2011930Z [  49% ] [90m[1mupdate_scripts_classes[22m | [39m[0m
2026-10-07T10:15:43.2012095Z [  49% ] [90m[1mupdate_scripts_classes[22m | [39m[0m
2026-10-07T10:15:43.2012259Z [  49% ] [90m[1mupdate_scripts_classes[22m | [39m[0m
2026-10-07T10:15:43.2012425Z [  49% ] [90m[1mupdate_scripts_classes[22m | [39m[0m
2026-10-07T10:15:43.2012584Z [  49% ] [90m[1mupdate_scripts_classes[22m | [39m[0m
2026-10-07T10:15:43.2012753Z [  49% ] [90m[1mupdate_scripts_classes[22m | [39m[0m
2026-10-07T10:15:43.2012918Z [  49% ] [90m[1mupdate_scripts_classes[22m | [39m[0m
2026-10-07T10:15:43.2013080Z [  49% ] [90m[1mupdate_scripts_classes[22m | [39m[0m
2026-10-07T10:15:43.2013253Z [  49% ] [90m[1mupdate_scripts_classes[22m | [39m[0m
2026-10-07T10:15:43.2013523Z [  49% ] [90m[1mupdate_scripts_classes[22m | [39m[0m
2026-10-07T10:15:43.2013795Z [  49% ] [90m[1mupdate_scripts_classes[22m | [39m[0m
2026-10-07T10:15:43.2014002Z [  49% ] [90m[1mupdate_scripts_classes[22m | [39m[0m
2026-10-07T10:15:43.2014171Z [  49% ] [90m[1mupdate_scripts_classes[22m | [39m[0m
2026-10-07T10:15:43.2014340Z [  49% ] [90m[1mupdate_scripts_classes[22m | [39m[0m
2026-10-07T10:15:43.2014502Z [  49% ] [90m[1mupdate_scripts_classes[22m | [39m[0m
2026-10-07T10:15:43.2014846Z [  50% ] [90m[1mupdate_scripts_classes[22m | [39m[0m
2026-10-07T10:15:43.2015020Z [  50% ] [90m[1mupdate_scripts_classes[22m | [39m[0m
2026-10-07T10:15:43.2015188Z [  50% ] [90m[1mupdate_scripts_classes[22m | [39m[0m
2026-10-07T10:15:43.2015350Z [  50% ] [90m[1mupdate_scripts_classes[22m | [39m[0m
2026-10-07T10:15:43.2015516Z [  50% ] [90m[1mupdate_scripts_classes[22m | [39m[0m
2026-10-07T10:15:43.2015689Z [  50% ] [90m[1mupdate_scripts_classes[22m | [39m[0m
2026-10-07T10:15:43.2015853Z [  50% ] [90m[1mupdate_scripts_classes[22m | [39m[0m
2026-10-07T10:15:43.2016166Z [  50% ] [90m[1mupdate_scripts_classes[22m | [39m[0m
2026-10-07T10:15:43.2016334Z [  50% ] [90m[1mupdate_scripts_classes[22m | [39m[0m
2026-10-07T10:15:43.2016501Z [  50% ] [90m[1mupdate_scripts_classes[22m | [39m[0m
2026-10-07T10:15:43.2016665Z [  50% ] [90m[1mupdate_scripts_classes[22m | [39m[0m
2026-10-07T10:15:43.2016833Z [  50% ] [90m[1mupdate_scripts_classes[22m | [39m[0m
2026-10-07T10:15:43.2017000Z [  50% ] [90m[1mupdate_scripts_classes[22m | [39m[0m
2026-10-07T10:15:43.2017161Z [  50% ] [90m[1mupdate_scripts_classes[22m | [39m[0m
2026-10-07T10:15:43.2017405Z [  50% ] [90m[1mupdate_scripts_classes[22m | [39m[0m
2026-10-07T10:15:43.2017639Z [  50% ] [90m[1mupdate_scripts_classes[22m | [39m[0m
2026-10-07T10:15:43.2017918Z [  50% ] [90m[1mupdate_scripts_classes[22m | [39m[0m
2026-10-07T10:15:43.2018210Z [  50% ] [90m[1mupdate_scripts_classes[22m | [39m[0m
2026-10-07T10:15:43.2018383Z [  50% ] [90m[1mupdate_scripts_classes[22m | [39m[0m
2026-10-07T10:15:43.2018558Z [  50% ] [90m[1mupdate_scripts_classes[22m | [39m[0m
2026-10-07T10:15:43.2018721Z [  50% ] [90m[1mupdate_scripts_classes[22m | [39m[0m
2026-10-07T10:15:43.2018890Z [  50% ] [90m[1mupdate_scripts_classes[22m | [39m[0m
2026-10-07T10:15:43.2019061Z [  50% ] [90m[1mupdate_scripts_classes[22m | [39m[0m
2026-10-07T10:15:43.2019227Z [  50% ] [90m[1mupdate_scripts_classes[22m | [39m[0m
2026-10-07T10:15:43.2019391Z [  50% ] [90m[1mupdate_scripts_classes[22m | [39m[0m
2026-10-07T10:15:43.2019559Z [  50% ] [90m[1mupdate_scripts_classes[22m | [39m[0m
2026-10-07T10:15:43.2019727Z [  50% ] [90m[1mupdate_scripts_classes[22m | [39m[0m
2026-10-07T10:15:43.2019891Z [  50% ] [90m[1mupdate_scripts_classes[22m | [39m[0m
2026-10-07T10:15:43.2020060Z [  50% ] [90m[1mupdate_scripts_classes[22m | [39m[0m
2026-10-07T10:15:43.2020230Z [  50% ] [90m[1mupdate_scripts_classes[22m | [39m[0m
2026-10-07T10:15:43.2020400Z [  50% ] [90m[1mupdate_scripts_classes[22m | [39m[0m
2026-10-07T10:15:43.2020561Z [  51% ] [90m[1mupdate_scripts_classes[22m | [39m[0m
2026-10-07T10:15:43.2020731Z [  51% ] [90m[1mupdate_scripts_classes[22m | [39m[0m
2026-10-07T10:15:43.2020899Z [  51% ] [90m[1mupdate_scripts_classes[22m | [39m[0m
2026-10-07T10:15:43.2021118Z [  51% ] [90m[1mupdate_scripts_classes[22m | [39m[0m
2026-10-07T10:15:43.2021368Z [  51% ] [90m[1mupdate_scripts_classes[22m | [39m[0m
2026-10-07T10:15:43.2021647Z [  51% ] [90m[1mupdate_scripts_classes[22m | [39m[0m
2026-10-07T10:15:43.2021817Z [  51% ] [90m[1mupdate_scripts_classes[22m | [39m[0m
2026-10-07T10:15:43.2021981Z [  51% ] [90m[1mupdate_scripts_classes[22m | [39m[0m
2026-10-07T10:15:43.2022153Z [  51% ] [90m[1mupdate_scripts_classes[22m | [39m[0m
2026-10-07T10:15:43.2022320Z [  51% ] [90m[1mupdate_scripts_classes[22m | [39m[0m
2026-10-07T10:15:43.2022486Z [  51% ] [90m[1mupdate_scripts_classes[22m | [39m[0m
2026-10-07T10:15:43.2022657Z [  51% ] [90m[1mupdate_scripts_classes[22m | [39m[0m
2026-10-07T10:15:43.2022826Z [  51% ] [90m[1mupdate_scripts_classes[22m | [39m[0m
2026-10-07T10:15:43.2022992Z [  51% ] [90m[1mupdate_scripts_classes[22m | [39m[0m
2026-10-07T10:15:43.2023154Z [  51% ] [90m[1mupdate_scripts_classes[22m | [39m[0m
2026-10-07T10:15:43.2023322Z [  51% ] [90m[1mupdate_scripts_classes[22m | [39m[0m
2026-10-07T10:15:43.2023491Z [  51% ] [90m[1mupdate_scripts_classes[22m | [39m[0m
2026-10-07T10:15:43.2023652Z [  51% ] [90m[1mupdate_scripts_classes[22m | [39m[0m
2026-10-07T10:15:43.2023818Z [  51% ] [90m[1mupdate_scripts_classes[22m | [39m[0m
2026-10-07T10:15:43.2023984Z [  51% ] [90m[1mupdate_scripts_classes[22m | [39m[0m
2026-10-07T10:15:43.2024150Z [  51% ] [90m[1mupdate_scripts_classes[22m | [39m[0m
2026-10-07T10:15:43.2024321Z [  51% ] [90m[1mupdate_scripts_classes[22m | [39m[0m
2026-10-07T10:15:43.2024490Z [  51% ] [90m[1mupdate_scripts_classes[22m | [39m[0m
2026-10-07T10:15:43.2024927Z [  51% ] [90m[1mupdate_scripts_classes[22m | [39m[0m
2026-10-07T10:15:43.2025219Z [  51% ] [90m[1mupdate_scripts_classes[22m | [39m[0m
2026-10-07T10:15:43.2025481Z [  51% ] [90m[1mupdate_scripts_classes[22m | [39m[0m
2026-10-07T10:15:43.2025675Z [  51% ] [90m[1mupdate_scripts_classes[22m | [39m[0m
2026-10-07T10:15:43.2025844Z [  51% ] [90m[1mupdate_scripts_classes[22m | [39m[0m
2026-10-07T10:15:43.2026005Z [  51% ] [90m[1mupdate_scripts_classes[22m | [39m[0m
2026-10-07T10:15:43.2026174Z [  51% ] [90m[1mupdate_scripts_classes[22m | [39m[0m
2026-10-07T10:15:43.2026342Z [  51% ] [90m[1mupdate_scripts_classes[22m | [39m[0m
2026-10-07T10:15:43.2026502Z [  52% ] [90m[1mupdate_scripts_classes[22m | [39m[0m
2026-10-07T10:15:43.2026670Z [  52% ] [90m[1mupdate_scripts_classes[22m | [39m[0m
2026-10-07T10:15:43.2026968Z [  52% ] [90m[1mupdate_scripts_classes[22m | [39m[0m
2026-10-07T10:15:43.2027134Z [  52% ] [90m[1mupdate_scripts_classes[22m | [39m[0m
2026-10-07T10:15:43.2027306Z [  52% ] [90m[1mupdate_scripts_classes[22m | [39m[0m
2026-10-07T10:15:43.2027485Z [  52% ] [90m[1mupdate_scripts_classes[22m | [39m[0m
2026-10-07T10:15:43.2027651Z [  52% ] [90m[1mupdate_scripts_classes[22m | [39m[0m
2026-10-07T10:15:43.2027814Z [  52% ] [90m[1mupdate_scripts_classes[22m | [39m[0m
2026-10-07T10:15:43.2027985Z [  52% ] [90m[1mupdate_scripts_classes[22m | [39m[0m
2026-10-07T10:15:43.2028152Z [  52% ] [90m[1mupdate_scripts_classes[22m | [39m[0m
2026-10-07T10:15:43.2028319Z [  52% ] [90m[1mupdate_scripts_classes[22m | [39m[0m
2026-10-07T10:15:43.2028482Z [  52% ] [90m[1mupdate_scripts_classes[22m | [39m[0m
2026-10-07T10:15:43.2028649Z [  52% ] [90m[1mupdate_scripts_classes[22m | [39m[0m
2026-10-07T10:15:43.2028873Z [  52% ] [90m[1mupdate_scripts_classes[22m | [39m[0m
2026-10-07T10:15:43.2029119Z [  52% ] [90m[1mupdate_scripts_classes[22m | [39m[0m
2026-10-07T10:15:43.2029399Z [  52% ] [90m[1mupdate_scripts_classes[22m | [39m[0m
2026-10-07T10:15:43.2029570Z [  52% ] [90m[1mupdate_scripts_classes[22m | [39m[0m
2026-10-07T10:15:43.2029738Z [  52% ] [90m[1mupdate_scripts_classes[22m | [39m[0m
2026-10-07T10:15:43.2029901Z [  52% ] [90m[1mupdate_scripts_classes[22m | [39m[0m
2026-10-07T10:15:43.2030068Z [  52% ] [90m[1mupdate_scripts_classes[22m | [39m[0m
2026-10-07T10:15:43.2030235Z [  52% ] [90m[1mupdate_scripts_classes[22m | [39m[0m
2026-10-07T10:15:43.2030396Z [  52% ] [90m[1mupdate_scripts_classes[22m | [39m[0m
2026-10-07T10:15:43.2030567Z [  52% ] [90m[1mupdate_scripts_classes[22m | [39m[0m
2026-10-07T10:15:43.2030735Z [  52% ] [90m[1mupdate_scripts_classes[22m | [39m[0m
2026-10-07T10:15:43.2030911Z [  52% ] [90m[1mupdate_scripts_classes[22m | [39m[0m
2026-10-07T10:15:43.2031075Z [  52% ] [90m[1mupdate_scripts_classes[22m | [39m[0m
2026-10-07T10:15:43.2031247Z [  52% ] [90m[1mupdate_scripts_classes[22m | [39m[0m
2026-10-07T10:15:43.2031417Z [  52% ] [90m[1mupdate_scripts_classes[22m | [39m[0m
2026-10-07T10:15:43.2031581Z [  52% ] [90m[1mupdate_scripts_classes[22m | [39m[0m
2026-10-07T10:15:43.2031748Z [  52% ] [90m[1mupdate_scripts_classes[22m | [39m[0m
2026-10-07T10:15:43.2031915Z [  52% ] [90m[1mupdate_scripts_classes[22m | [39m[0m
2026-10-07T10:15:43.2032082Z [  52% ] [90m[1mupdate_scripts_classes[22m | [39m[0m
2026-10-07T10:15:43.2032244Z [  53% ] [90m[1mupdate_scripts_classes[22m | [39m[0m
2026-10-07T10:15:43.2032410Z [  53% ] [90m[1mupdate_scripts_classes[22m | [39m[0m
2026-10-07T10:15:43.2032631Z [  53% ] [90m[1mupdate_scripts_classes[22m | [39m[0m
2026-10-07T10:15:43.2032869Z [  53% ] [90m[1mupdate_scripts_classes[22m | [39m[0m
2026-10-07T10:15:43.2033142Z [  53% ] [90m[1mupdate_scripts_classes[22m | [39m[0m
2026-10-07T10:15:43.2033316Z [  53% ] [90m[1mupdate_scripts_classes[22m | [39m[0m
2026-10-07T10:15:43.2033483Z [  53% ] [90m[1mupdate_scripts_classes[22m | [39m[0m
2026-10-07T10:15:43.2033749Z [  53% ] [90m[1mupdate_scripts_classes[22m | [39m[0m
2026-10-07T10:15:43.2033919Z [  53% ] [90m[1mupdate_scripts_classes[22m | [39m[0m
2026-10-07T10:15:43.2034083Z [  53% ] [90m[1mupdate_scripts_classes[22m | [39m[0m
2026-10-07T10:15:43.2034245Z [  53% ] [90m[1mupdate_scripts_classes[22m | [39m[0m
2026-10-07T10:15:43.2034413Z [  53% ] [90m[1mupdate_scripts_classes[22m | [39m[0m
2026-10-07T10:15:43.2034579Z [  53% ] [90m[1mupdate_scripts_classes[22m | [39m[0m
2026-10-07T10:15:43.2034869Z [  53% ] [90m[1mupdate_scripts_classes[22m | [39m[0m
2026-10-07T10:15:43.2035037Z [  53% ] [90m[1mupdate_scripts_classes[22m | [39m[0m
2026-10-07T10:15:43.2035205Z [  53% ] [90m[1mupdate_scripts_classes[22m | [39m[0m
2026-10-07T10:15:43.2035372Z [  53% ] [90m[1mupdate_scripts_classes[22m | [39m[0m
2026-10-07T10:15:43.2035660Z [  53% ] [90m[1mupdate_scripts_classes[22m | [39m[0m
2026-10-07T10:15:43.2035828Z [  53% ] [90m[1mupdate_scripts_classes[22m | [39m[0m
2026-10-07T10:15:43.2035998Z [  53% ] [90m[1mupdate_scripts_classes[22m | [39m[0m
2026-10-07T10:15:43.2036165Z [  53% ] [90m[1mupdate_scripts_classes[22m | [39m[0m
2026-10-07T10:15:43.2036327Z [  53% ] [90m[1mupdate_scripts_classes[22m | [39m[0m
2026-10-07T10:15:43.2036500Z [  53% ] [90m[1mupdate_scripts_classes[22m | [39m[0m
2026-10-07T10:15:43.2036809Z [  53% ] [90m[1mupdate_scripts_classes[22m | [39m[0m
2026-10-07T10:15:43.2037050Z [  53% ] [90m[1mupdate_scripts_classes[22m | [39m[0m
2026-10-07T10:15:43.2037246Z [  53% ] [90m[1mupdate_scripts_classes[22m | [39m[0m
2026-10-07T10:15:43.2037412Z [  53% ] [90m[1mupdate_scripts_classes[22m | [39m[0m
2026-10-07T10:15:43.2037580Z [  53% ] [90m[1mupdate_scripts_classes[22m | [39m[0m
2026-10-07T10:15:43.2037743Z [  53% ] [90m[1mupdate_scripts_classes[22m | [39m[0m
2026-10-07T10:15:43.2037915Z [  53% ] [90m[1mupdate_scripts_classes[22m | [39m[0m
2026-10-07T10:15:43.2038086Z [  54% ] [90m[1mupdate_scripts_classes[22m | [39m[0m
2026-10-07T10:15:43.2038248Z [  54% ] [90m[1mupdate_scripts_classes[22m | [39m[0m
2026-10-07T10:15:43.2038416Z [  54% ] [90m[1mupdate_scripts_classes[22m | [39m[0m
2026-10-07T10:15:43.2038584Z [  54% ] [90m[1mupdate_scripts_classes[22m | [39m[0m
2026-10-07T10:15:43.2038750Z [  54% ] [90m[1mupdate_scripts_classes[22m | [39m[0m
2026-10-07T10:15:43.2038910Z [  54% ] [90m[1mupdate_scripts_classes[22m | [39m[0m
2026-10-07T10:15:43.2039077Z [  54% ] [90m[1mupdate_scripts_classes[22m | [39m[0m
2026-10-07T10:15:43.2039256Z [  54% ] [90m[1mupdate_scripts_classes[22m | [39m[0m
2026-10-07T10:15:43.2039420Z [  54% ] [90m[1mupdate_scripts_classes[22m | [39m[0m
2026-10-07T10:15:43.2039589Z [  54% ] [90m[1mupdate_scripts_classes[22m | [39m[0m
2026-10-07T10:15:43.2039757Z [  54% ] [90m[1mupdate_scripts_classes[22m | [39m[0m
2026-10-07T10:15:43.2039931Z [  54% ] [90m[1mupdate_scripts_classes[22m | [39m[0m
2026-10-07T10:15:43.2040096Z [  54% ] [90m[1mupdate_scripts_classes[22m | [39m[0m
2026-10-07T10:15:43.2040265Z [  54% ] [90m[1mupdate_scripts_classes[22m | [39m[0m
2026-10-07T10:15:43.2040431Z [  54% ] [90m[1mupdate_scripts_classes[22m | [39m[0m
2026-10-07T10:15:43.2040591Z [  54% ] [90m[1mupdate_scripts_classes[22m | [39m[0m
2026-10-07T10:15:43.2040760Z [  54% ] [90m[1mupdate_scripts_classes[22m | [39m[0m
2026-10-07T10:15:43.2040927Z [  54% ] [90m[1mupdate_scripts_classes[22m | [39m[0m
2026-10-07T10:15:43.2041094Z [  54% ] [90m[1mupdate_scripts_classes[22m | [39m[0m
2026-10-07T10:15:43.2041257Z [  54% ] [90m[1mupdate_scripts_classes[22m | [39m[0m
2026-10-07T10:15:43.2041427Z [  54% ] [90m[1mupdate_scripts_classes[22m | [39m[0m
2026-10-07T10:15:43.2041594Z [  54% ] [90m[1mupdate_scripts_classes[22m | [39m[0m
2026-10-07T10:15:43.2041761Z [  54% ] [90m[1mupdate_scripts_classes[22m | [39m[0m
2026-10-07T10:15:43.2041927Z [  54% ] [90m[1mupdate_scripts_classes[22m | [39m[0m
2026-10-07T10:15:43.2042232Z [  54% ] [90m[1mupdate_scripts_classes[22m | [39m[0m
2026-10-07T10:15:43.2042406Z [  54% ] [90m[1mupdate_scripts_classes[22m | [39m[0m
2026-10-07T10:15:43.2042569Z [  54% ] [90m[1mupdate_scripts_classes[22m | [39m[0m
2026-10-07T10:15:43.2042738Z [  54% ] [90m[1mupdate_scripts_classes[22m | [39m[0m
2026-10-07T10:15:43.2042906Z [  54% ] [90m[1mupdate_scripts_classes[22m | [39m[0m
2026-10-07T10:15:43.2043069Z [  54% ] [90m[1mupdate_scripts_classes[22m | [39m[0m
2026-10-07T10:15:43.2043234Z [  54% ] [90m[1mupdate_scripts_classes[22m | [39m[0m
2026-10-07T10:15:43.2043399Z [  55% ] [90m[1mupdate_scripts_classes[22m | [39m[0m
2026-10-07T10:15:43.2043566Z [  55% ] [90m[1mupdate_scripts_classes[22m | [39m[0m
2026-10-07T10:15:43.2043727Z [  55% ] [90m[1mupdate_scripts_classes[22m | [39m[0m
2026-10-07T10:15:43.2043986Z [  55% ] [90m[1mupdate_scripts_classes[22m | [39m[0m
2026-10-07T10:15:43.2044152Z [  55% ] [90m[1mupdate_scripts_classes[22m | [39m[0m
2026-10-07T10:15:43.2044318Z [  55% ] [90m[1mupdate_scripts_classes[22m | [39m[0m
2026-10-07T10:15:43.2044495Z [  55% ] [90m[1mupdate_scripts_classes[22m | [39m[0m
2026-10-07T10:15:43.2044785Z [  55% ] [90m[1mupdate_scripts_classes[22m | [39m[0m
2026-10-07T10:15:43.2044953Z [  55% ] [90m[1mupdate_scripts_classes[22m | [39m[0m
2026-10-07T10:15:43.2045116Z [  55% ] [90m[1mupdate_scripts_classes[22m | [39m[0m
2026-10-07T10:15:43.2045284Z [  55% ] [90m[1mupdate_scripts_classes[22m | [39m[0m
2026-10-07T10:15:43.2045450Z [  55% ] [90m[1mupdate_scripts_classes[22m | [39m[0m
2026-10-07T10:15:43.2045615Z [  55% ] [90m[1mupdate_scripts_classes[22m | [39m[0m
2026-10-07T10:15:43.2045785Z [  55% ] [90m[1mupdate_scripts_classes[22m | [39m[0m
2026-10-07T10:15:43.2045953Z [  55% ] [90m[1mupdate_scripts_classes[22m | [39m[0m
2026-10-07T10:15:43.2046127Z [  55% ] [90m[1mupdate_scripts_classes[22m | [39m[0m
2026-10-07T10:15:43.2046294Z [  55% ] [90m[1mupdate_scripts_classes[22m | [39m[0m
2026-10-07T10:15:43.2046465Z [  55% ] [90m[1mupdate_scripts_classes[22m | [39m[0m
2026-10-07T10:15:43.2046633Z [  55% ] [90m[1mupdate_scripts_classes[22m | [39m[0m
2026-10-07T10:15:43.2046797Z [  55% ] [90m[1mupdate_scripts_classes[22m | [39m[0m
2026-10-07T10:15:43.2046965Z [  55% ] [90m[1mupdate_scripts_classes[22m | [39m[0m
2026-10-07T10:15:43.2047133Z [  55% ] [90m[1mupdate_scripts_classes[22m | [39m[0m
2026-10-07T10:15:43.2047304Z [  55% ] [90m[1mupdate_scripts_classes[22m | [39m[0m
2026-10-07T10:15:43.2047465Z [  55% ] [90m[1mupdate_scripts_classes[22m | [39m[0m
2026-10-07T10:15:43.2047632Z [  55% ] [90m[1mupdate_scripts_classes[22m | [39m[0m
2026-10-07T10:15:43.2047799Z [  55% ] [90m[1mupdate_scripts_classes[22m | [39m[0m
2026-10-07T10:15:43.2047994Z [  55% ] [90m[1mupdate_scripts_classes[22m | [39m[0m
2026-10-07T10:15:43.2048166Z [  55% ] [90m[1mupdate_scripts_classes[22m | [39m[0m
2026-10-07T10:15:43.2048336Z [  55% ] [90m[1mupdate_scripts_classes[22m | [39m[0m
2026-10-07T10:15:43.2048503Z [  55% ] [90m[1mupdate_scripts_classes[22m | [39m[0m
2026-10-07T10:15:43.2048664Z [  55% ] [90m[1mupdate_scripts_classes[22m | [39m[0m
2026-10-07T10:15:43.2048831Z [  56% ] [90m[1mupdate_scripts_classes[22m | [39m[0m
2026-10-07T10:15:43.2049006Z [  56% ] [90m[1mupdate_scripts_classes[22m | [39m[0m
2026-10-07T10:15:43.2049169Z [  56% ] [90m[1mupdate_scripts_classes[22m | [39m[0m
2026-10-07T10:15:43.2049333Z [  56% ] [90m[1mupdate_scripts_classes[22m | [39m[0m
2026-10-07T10:15:43.2049500Z [  56% ] [90m[1mupdate_scripts_classes[22m | [39m[0m
2026-10-07T10:15:43.2049667Z [  56% ] [90m[1mupdate_scripts_classes[22m | [39m[0m
2026-10-07T10:15:43.2049829Z [  56% ] [90m[1mupdate_scripts_classes[22m | [39m[0m
2026-10-07T10:15:43.2049997Z [  56% ] [90m[1mupdate_scripts_classes[22m | [39m[0m
2026-10-07T10:15:43.2050170Z [  56% ] [90m[1mupdate_scripts_classes[22m | [39m[0m
2026-10-07T10:15:43.2050508Z [  56% ] [90m[1mupdate_scripts_classes[22m | [39m[0m
2026-10-07T10:15:43.2050679Z [  56% ] [90m[1mupdate_scripts_classes[22m | [39m[0m
2026-10-07T10:15:43.2050848Z [  56% ] [90m[1mupdate_scripts_classes[22m | [39m[0m
2026-10-07T10:15:43.2051016Z [  56% ] [90m[1mupdate_scripts_classes[22m | [39m[0m
2026-10-07T10:15:43.2051180Z [  56% ] [90m[1mupdate_scripts_classes[22m | [39m[0m
2026-10-07T10:15:43.2051349Z [  56% ] [90m[1mupdate_scripts_classes[22m | [39m[0m
2026-10-07T10:15:43.2051517Z [  56% ] [90m[1mupdate_scripts_classes[22m | [39m[0m
2026-10-07T10:15:43.2051677Z [  56% ] [90m[1mupdate_scripts_classes[22m | [39m[0m
2026-10-07T10:15:43.2051846Z [  56% ] [90m[1mupdate_scripts_classes[22m | [39m[0m
2026-10-07T10:15:43.2052017Z [  56% ] [90m[1mupdate_scripts_classes[22m | [39m[0m
2026-10-07T10:15:43.2052304Z [  56% ] [90m[1mupdate_scripts_classes[22m | [39m[0m
2026-10-07T10:15:43.2052467Z [  56% ] [90m[1mupdate_scripts_classes[22m | [39m[0m
2026-10-07T10:15:43.2052637Z [  56% ] [90m[1mupdate_scripts_classes[22m | [39m[0m
2026-10-07T10:15:43.2052804Z [  56% ] [90m[1mupdate_scripts_classes[22m | [39m[0m
2026-10-07T10:15:43.2052965Z [  56% ] [90m[1mupdate_scripts_classes[22m | [39m[0m
2026-10-07T10:15:43.2053131Z [  56% ] [90m[1mupdate_scripts_classes[22m | [39m[0m
2026-10-07T10:15:43.2053296Z [  56% ] [90m[1mupdate_scripts_classes[22m | [39m[0m
2026-10-07T10:15:43.2053463Z [  56% ] [90m[1mupdate_scripts_classes[22m | [39m[0m
2026-10-07T10:15:43.2053624Z [  56% ] [90m[1mupdate_scripts_classes[22m | [39m[0m
2026-10-07T10:15:43.2053791Z [  56% ] [90m[1mupdate_scripts_classes[22m | [39m[0m
2026-10-07T10:15:43.2053956Z [  56% ] [90m[1mupdate_scripts_classes[22m | [39m[0m
2026-10-07T10:15:43.2054115Z [  56% ] [90m[1mupdate_scripts_classes[22m | [39m[0m
2026-10-07T10:15:43.2054286Z [  57% ] [90m[1mupdate_scripts_classes[22m | [39m[0m
2026-10-07T10:15:43.2054453Z [  57% ] [90m[1mupdate_scripts_classes[22m | [39m[0m
2026-10-07T10:15:43.2054622Z [  57% ] [90m[1mupdate_scripts_classes[22m | [39m[0m
2026-10-07T10:15:43.2054890Z [  57% ] [90m[1mupdate_scripts_classes[22m | [39m[0m
2026-10-07T10:15:43.2055060Z [  57% ] [90m[1mupdate_scripts_classes[22m | [39m[0m
2026-10-07T10:15:43.2055232Z [  57% ] [90m[1mupdate_scripts_classes[22m | [39m[0m
2026-10-07T10:15:43.2055395Z [  57% ] [90m[1mupdate_scripts_classes[22m | [39m[0m
2026-10-07T10:15:43.2055562Z [  57% ] [90m[1mupdate_scripts_classes[22m | [39m[0m
2026-10-07T10:15:43.2055730Z [  57% ] [90m[1mupdate_scripts_classes[22m | [39m[0m
2026-10-07T10:15:43.2055963Z [  57% ] [90m[1mupdate_scripts_classes[22m | [39m[0m
2026-10-07T10:15:43.2056171Z [  57% ] [90m[1mupdate_scripts_classes[22m | [39m[0m
2026-10-07T10:15:43.2056419Z [  57% ] [90m[1mupdate_scripts_classes[22m | [39m[0m
2026-10-07T10:15:43.2056781Z [  57% ] [90m[1mupdate_scripts_classes[22m | [39m[0m
2026-10-07T10:15:43.2057059Z [  57% ] [90m[1mupdate_scripts_classes[22m | [39m[0m
2026-10-07T10:15:43.2057320Z [  57% ] [90m[1mupdate_scripts_classes[22m | [39m[0m
2026-10-07T10:15:43.2057574Z [  57% ] [90m[1mupdate_scripts_classes[22m | [39m[0m
2026-10-07T10:15:43.2057760Z [  57% ] [90m[1mupdate_scripts_classes[22m | [39m[0m
2026-10-07T10:15:43.2058095Z [  57% ] [90m[1mupdate_scripts_classes[22m | [39m[0m
2026-10-07T10:15:43.2058387Z [  57% ] [90m[1mupdate_scripts_classes[22m | [39m[0m
2026-10-07T10:15:43.2058645Z [  57% ] [90m[1mupdate_scripts_classes[22m | [39m[0m
2026-10-07T10:15:43.2058995Z [  57% ] [90m[1mupdate_scripts_classes[22m | [39m[0m
2026-10-07T10:15:43.2059407Z [  57% ] [90m[1mupdate_scripts_classes[22m | [39m[0m
2026-10-07T10:15:43.2059687Z [  57% ] [90m[1mupdate_scripts_classes[22m | [39m[0m
2026-10-07T10:15:43.2059895Z [  57% ] [90m[1mupdate_scripts_classes[22m | [39m[0m
2026-10-07T10:15:43.2060151Z [  57% ] [90m[1mupdate_scripts_classes[22m | [39m[0m
2026-10-07T10:15:43.2060529Z [  57% ] [90m[1mupdate_scripts_classes[22m | [39m[0m
2026-10-07T10:15:43.2060886Z [  57% ] [90m[1mupdate_scripts_classes[22m | [39m[0m
2026-10-07T10:15:43.2061095Z [  57% ] [90m[1mupdate_scripts_classes[22m | [39m[0m
2026-10-07T10:15:43.2061347Z [  57% ] [90m[1mupdate_scripts_classes[22m | [39m[0m
2026-10-07T10:15:43.2061576Z [  57% ] [90m[1mupdate_scripts_classes[22m | [39m[0m
2026-10-07T10:15:43.2075277Z [  57% ] [90m[1mupdate_scripts_classes[22m | [39m[0m
2026-10-07T10:15:43.2075573Z [  58% ] [90m[1mupdate_scripts_classes[22m | [39m[0m
2026-10-07T10:15:43.2075757Z [  58% ] [90m[1mupdate_scripts_classes[22m | [39m[0m
2026-10-07T10:15:43.2075924Z [  58% ] [90m[1mupdate_scripts_classes[22m | [39m[0m
2026-10-07T10:15:43.2076090Z [  58% ] [90m[1mupdate_scripts_classes[22m | [39m[0m
2026-10-07T10:15:43.2076463Z [  58% ] [90m[1mupdate_scripts_classes[22m | [39m[0m
2026-10-07T10:15:43.2076633Z [  58% ] [90m[1mupdate_scripts_classes[22m | [39m[0m
2026-10-07T10:15:43.2076802Z [  58% ] [90m[1mupdate_scripts_classes[22m | [39m[0m
2026-10-07T10:15:43.2076967Z [  58% ] [90m[1mupdate_scripts_classes[22m | [39m[0m
2026-10-07T10:15:43.2077129Z [  58% ] [90m[1mupdate_scripts_classes[22m | [39m[0m
2026-10-07T10:15:43.2077299Z [  58% ] [90m[1mupdate_scripts_classes[22m | [39m[0m
2026-10-07T10:15:43.2077463Z [  58% ] [90m[1mupdate_scripts_classes[22m | [39m[0m
2026-10-07T10:15:43.2077621Z [  58% ] [90m[1mupdate_scripts_classes[22m | [39m[0m
2026-10-07T10:15:43.2077785Z [  58% ] [90m[1mupdate_scripts_classes[22m | [39m[0m
2026-10-07T10:15:43.2077960Z [  58% ] [90m[1mupdate_scripts_classes[22m | [39m[0m
2026-10-07T10:15:43.2078126Z [  58% ] [90m[1mupdate_scripts_classes[22m | [39m[0m
2026-10-07T10:15:43.2078287Z [  58% ] [90m[1mupdate_scripts_classes[22m | [39m[0m
2026-10-07T10:15:43.2078462Z [  58% ] [90m[1mupdate_scripts_classes[22m | [39m[0m
2026-10-07T10:15:43.2078629Z [  58% ] [90m[1mupdate_scripts_classes[22m | [39m[0m
2026-10-07T10:15:43.2078796Z [  58% ] [90m[1mupdate_scripts_classes[22m | [39m[0m
2026-10-07T10:15:43.2078967Z [  58% ] [90m[1mupdate_scripts_classes[22m | [39m[0m
2026-10-07T10:15:43.2079134Z [  58% ] [90m[1mupdate_scripts_classes[22m | [39m[0m
2026-10-07T10:15:43.2079304Z [  58% ] [90m[1mupdate_scripts_classes[22m | [39m[0m
2026-10-07T10:15:43.2079472Z [  58% ] [90m[1mupdate_scripts_classes[22m | [39m[0m
2026-10-07T10:15:43.2079639Z [  58% ] [90m[1mupdate_scripts_classes[22m | [39m[0m
2026-10-07T10:15:43.2079803Z [  58% ] [90m[1mupdate_scripts_classes[22m | [39m[0m
2026-10-07T10:15:43.2079961Z [  58% ] [90m[1mupdate_scripts_classes[22m | [39m[0m
2026-10-07T10:15:43.2080126Z [  58% ] [90m[1mupdate_scripts_classes[22m | [39m[0m
2026-10-07T10:15:43.2080289Z [  58% ] [90m[1mupdate_scripts_classes[22m | [39m[0m
2026-10-07T10:15:43.2080459Z [  58% ] [90m[1mupdate_scripts_classes[22m | [39m[0m
2026-10-07T10:15:43.2080621Z [  58% ] [90m[1mupdate_scripts_classes[22m | [39m[0m
2026-10-07T10:15:43.2080789Z [  58% ] [90m[1mupdate_scripts_classes[22m | [39m[0m
2026-10-07T10:15:43.2080952Z [  58% ] [90m[1mupdate_scripts_classes[22m | [39m[0m
2026-10-07T10:15:43.2081110Z [  59% ] [90m[1mupdate_scripts_classes[22m | [39m[0m
2026-10-07T10:15:43.2081276Z [  59% ] [90m[1mupdate_scripts_classes[22m | [39m[0m
2026-10-07T10:15:43.2081444Z [  59% ] [90m[1mupdate_scripts_classes[22m | [39m[0m
2026-10-07T10:15:43.2081611Z [  59% ] [90m[1mupdate_scripts_classes[22m | [39m[0m
2026-10-07T10:15:43.2081772Z [  59% ] [90m[1mupdate_scripts_classes[22m | [39m[0m
2026-10-07T10:15:43.2082069Z [  59% ] [90m[1mupdate_scripts_classes[22m | [39m[0m
2026-10-07T10:15:43.2082322Z [  59% ] [90m[1mupdate_scripts_classes[22m | [39m[0m
2026-10-07T10:15:43.2082609Z [  59% ] [90m[1mupdate_scripts_classes[22m | [39m[0m
2026-10-07T10:15:43.2082785Z [  59% ] [90m[1mupdate_scripts_classes[22m | [39m[0m
2026-10-07T10:15:43.2083091Z [  59% ] [90m[1mupdate_scripts_classes[22m | [39m[0m
2026-10-07T10:15:43.2083262Z [  59% ] [90m[1mupdate_scripts_classes[22m | [39m[0m
2026-10-07T10:15:43.2083425Z [  59% ] [90m[1mupdate_scripts_classes[22m | [39m[0m
2026-10-07T10:15:43.2083589Z [  59% ] [90m[1mupdate_scripts_classes[22m | [39m[0m
2026-10-07T10:15:43.2083754Z [  59% ] [90m[1mupdate_scripts_classes[22m | [39m[0m
2026-10-07T10:15:43.2083913Z [  59% ] [90m[1mupdate_scripts_classes[22m | [39m[0m
2026-10-07T10:15:43.2084079Z [  59% ] [90m[1mupdate_scripts_classes[22m | [39m[0m
2026-10-07T10:15:43.2084244Z [  59% ] [90m[1mupdate_scripts_classes[22m | [39m[0m
2026-10-07T10:15:43.2084410Z [  59% ] [90m[1mupdate_scripts_classes[22m | [39m[0m
2026-10-07T10:15:43.2084569Z [  59% ] [90m[1mupdate_scripts_classes[22m | [39m[0m
2026-10-07T10:15:43.2084873Z [  59% ] [90m[1mupdate_scripts_classes[22m | [39m[0m
2026-10-07T10:15:43.2085167Z [  59% ] [90m[1mupdate_scripts_classes[22m | [39m[0m
2026-10-07T10:15:43.2085337Z [  59% ] [90m[1mupdate_scripts_classes[22m | [39m[0m
2026-10-07T10:15:43.2085504Z [  59% ] [90m[1mupdate_scripts_classes[22m | [39m[0m
2026-10-07T10:15:43.2085670Z [  59% ] [90m[1mupdate_scripts_classes[22m | [39m[0m
2026-10-07T10:15:43.2085837Z [  59% ] [90m[1mupdate_scripts_classes[22m | [39m[0m
2026-10-07T10:15:43.2085997Z [  59% ] [90m[1mupdate_scripts_classes[22m | [39m[0m
2026-10-07T10:15:43.2086164Z [  59% ] [90m[1mupdate_scripts_classes[22m | [39m[0m
2026-10-07T10:15:43.2086327Z [  59% ] [90m[1mupdate_scripts_classes[22m | [39m[0m
2026-10-07T10:15:43.2086486Z [  59% ] [90m[1mupdate_scripts_classes[22m | [39m[0m
2026-10-07T10:15:43.2086651Z [  59% ] [90m[1mupdate_scripts_classes[22m | [39m[0m
2026-10-07T10:15:43.2086821Z [  60% ] [90m[1mupdate_scripts_classes[22m | [39m[0m
2026-10-07T10:15:43.2086990Z [  60% ] [90m[1mupdate_scripts_classes[22m | [39m[0m
2026-10-07T10:15:43.2087151Z [  60% ] [90m[1mupdate_scripts_classes[22m | [39m[0m
2026-10-07T10:15:43.2087319Z [  60% ] [90m[1mupdate_scripts_classes[22m | [39m[0m
2026-10-07T10:15:43.2087486Z [  60% ] [90m[1mupdate_scripts_classes[22m | [39m[0m
2026-10-07T10:15:43.2087646Z [  60% ] [90m[1mupdate_scripts_classes[22m | [39m[0m
2026-10-07T10:15:43.2087816Z [  60% ] [90m[1mupdate_scripts_classes[22m | [39m[0m
2026-10-07T10:15:43.2087982Z [  60% ] [90m[1mupdate_scripts_classes[22m | [39m[0m
2026-10-07T10:15:43.2088150Z [  60% ] [90m[1mupdate_scripts_classes[22m | [39m[0m
2026-10-07T10:15:43.2088311Z [  60% ] [90m[1mupdate_scripts_classes[22m | [39m[0m
2026-10-07T10:15:43.2088479Z [  60% ] [90m[1mupdate_scripts_classes[22m | [39m[0m
2026-10-07T10:15:43.2088645Z [  60% ] [90m[1mupdate_scripts_classes[22m | [39m[0m
2026-10-07T10:15:43.2088805Z [  60% ] [90m[1mupdate_scripts_classes[22m | [39m[0m
2026-10-07T10:15:43.2088977Z [  60% ] [90m[1mupdate_scripts_classes[22m | [39m[0m
2026-10-07T10:15:43.2089147Z [  60% ] [90m[1mupdate_scripts_classes[22m | [39m[0m
2026-10-07T10:15:43.2089312Z [  60% ] [90m[1mupdate_scripts_classes[22m | [39m[0m
2026-10-07T10:15:43.2089473Z [  60% ] [90m[1mupdate_scripts_classes[22m | [39m[0m
2026-10-07T10:15:43.2089639Z [  60% ] [90m[1mupdate_scripts_classes[22m | [39m[0m
2026-10-07T10:15:43.2089803Z [  60% ] [90m[1mupdate_scripts_classes[22m | [39m[0m
2026-10-07T10:15:43.2089964Z [  60% ] [90m[1mupdate_scripts_classes[22m | [39m[0m
2026-10-07T10:15:43.2090122Z [  60% ] [90m[1mupdate_scripts_classes[22m | [39m[0m
2026-10-07T10:15:43.2090280Z [  60% ] [90m[1mupdate_scripts_classes[22m | [39m[0m
2026-10-07T10:15:43.2090451Z [  60% ] [90m[1mupdate_scripts_classes[22m | [39m[0m
2026-10-07T10:15:43.2090618Z [  60% ] [90m[1mupdate_scripts_classes[22m | [39m[0m
2026-10-07T10:15:43.2090785Z [  60% ] [90m[1mupdate_scripts_classes[22m | [39m[0m
2026-10-07T10:15:43.2090955Z [  60% ] [90m[1mupdate_scripts_classes[22m | [39m[0m
2026-10-07T10:15:43.2091250Z [  60% ] [90m[1mupdate_scripts_classes[22m | [39m[0m
2026-10-07T10:15:43.2091426Z [  60% ] [90m[1mupdate_scripts_classes[22m | [39m[0m
2026-10-07T10:15:43.2091592Z [  60% ] [90m[1mupdate_scripts_classes[22m | [39m[0m
2026-10-07T10:15:43.2091759Z [  60% ] [90m[1mupdate_scripts_classes[22m | [39m[0m
2026-10-07T10:15:43.2091921Z [  60% ] [90m[1mupdate_scripts_classes[22m | [39m[0m
2026-10-07T10:15:43.2092090Z [  61% ] [90m[1mupdate_scripts_classes[22m | [39m[0m
2026-10-07T10:15:43.2092255Z [  61% ] [90m[1mupdate_scripts_classes[22m | [39m[0m
2026-10-07T10:15:43.2092417Z [  61% ] [90m[1mupdate_scripts_classes[22m | [39m[0m
2026-10-07T10:15:43.2092582Z [  61% ] [90m[1mupdate_scripts_classes[22m | [39m[0m
2026-10-07T10:15:43.2092745Z [  61% ] [90m[1mupdate_scripts_classes[22m | [39m[0m
2026-10-07T10:15:43.2092914Z [  61% ] [90m[1mupdate_scripts_classes[22m | [39m[0m
2026-10-07T10:15:43.2093167Z [  61% ] [90m[1mupdate_scripts_classes[22m | [39m[0m
2026-10-07T10:15:43.2093342Z [  61% ] [90m[1mupdate_scripts_classes[22m | [39m[0m
2026-10-07T10:15:43.2093510Z [  61% ] [90m[1mupdate_scripts_classes[22m | [39m[0m
2026-10-07T10:15:43.2093679Z [  61% ] [90m[1mupdate_scripts_classes[22m | [39m[0m
2026-10-07T10:15:43.2093843Z [  61% ] [90m[1mupdate_scripts_classes[22m | [39m[0m
2026-10-07T10:15:43.2094011Z [  61% ] [90m[1mupdate_scripts_classes[22m | [39m[0m
2026-10-07T10:15:43.2094177Z [  61% ] [90m[1mupdate_scripts_classes[22m | [39m[0m
2026-10-07T10:15:43.2094337Z [  61% ] [90m[1mupdate_scripts_classes[22m | [39m[0m
2026-10-07T10:15:43.2094507Z [  61% ] [90m[1mupdate_scripts_classes[22m | [39m[0m
2026-10-07T10:15:43.2094786Z [  61% ] [90m[1mupdate_scripts_classes[22m | [39m[0m
2026-10-07T10:15:43.2094954Z [  61% ] [90m[1mupdate_scripts_classes[22m | [39m[0m
2026-10-07T10:15:43.2095118Z [  61% ] [90m[1mupdate_scripts_classes[22m | [39m[0m
2026-10-07T10:15:43.2095280Z [  61% ] [90m[1mupdate_scripts_classes[22m | [39m[0m
2026-10-07T10:15:43.2095444Z [  61% ] [90m[1mupdate_scripts_classes[22m | [39m[0m
2026-10-07T10:15:43.2095605Z [  61% ] [90m[1mupdate_scripts_classes[22m | [39m[0m
2026-10-07T10:15:43.2095770Z [  61% ] [90m[1mupdate_scripts_classes[22m | [39m[0m
2026-10-07T10:15:43.2095936Z [  61% ] [90m[1mupdate_scripts_classes[22m | [39m[0m
2026-10-07T10:15:43.2096101Z [  61% ] [90m[1mupdate_scripts_classes[22m | [39m[0m
2026-10-07T10:15:43.2096262Z [  61% ] [90m[1mupdate_scripts_classes[22m | [39m[0m
2026-10-07T10:15:43.2096426Z [  61% ] [90m[1mupdate_scripts_classes[22m | [39m[0m
2026-10-07T10:15:43.2096589Z [  61% ] [90m[1mupdate_scripts_classes[22m | [39m[0m
2026-10-07T10:15:43.2096747Z [  61% ] [90m[1mupdate_scripts_classes[22m | [39m[0m
2026-10-07T10:15:43.2096913Z [  61% ] [90m[1mupdate_scripts_classes[22m | [39m[0m
2026-10-07T10:15:43.2097082Z [  61% ] [90m[1mupdate_scripts_classes[22m | [39m[0m
2026-10-07T10:15:43.2097248Z [  61% ] [90m[1mupdate_scripts_classes[22m | [39m[0m
2026-10-07T10:15:43.2097410Z [  62% ] [90m[1mupdate_scripts_classes[22m | [39m[0m
2026-10-07T10:15:43.2097574Z [  62% ] [90m[1mupdate_scripts_classes[22m | [39m[0m
2026-10-07T10:15:43.2097741Z [  62% ] [90m[1mupdate_scripts_classes[22m | [39m[0m
2026-10-07T10:15:43.2097901Z [  62% ] [90m[1mupdate_scripts_classes[22m | [39m[0m
2026-10-07T10:15:43.2098066Z [  62% ] [90m[1mupdate_scripts_classes[22m | [39m[0m
2026-10-07T10:15:43.2098229Z [  62% ] [90m[1mupdate_scripts_classes[22m | [39m[0m
2026-10-07T10:15:43.2098392Z [  62% ] [90m[1mupdate_scripts_classes[22m | [39m[0m
2026-10-07T10:15:43.2098551Z [  62% ] [90m[1mupdate_scripts_classes[22m | [39m[0m
2026-10-07T10:15:43.2098719Z [  62% ] [90m[1mupdate_scripts_classes[22m | [39m[0m
2026-10-07T10:15:43.2098883Z [  62% ] [90m[1mupdate_scripts_classes[22m | [39m[0m
2026-10-07T10:15:43.2099047Z [  62% ] [90m[1mupdate_scripts_classes[22m | [39m[0m
2026-10-07T10:15:43.2099343Z [  62% ] [90m[1mupdate_scripts_classes[22m | [39m[0m
2026-10-07T10:15:43.2099514Z [  62% ] [90m[1mupdate_scripts_classes[22m | [39m[0m
2026-10-07T10:15:43.2099680Z [  62% ] [90m[1mupdate_scripts_classes[22m | [39m[0m
2026-10-07T10:15:43.2099839Z [  62% ] [90m[1mupdate_scripts_classes[22m | [39m[0m
2026-10-07T10:15:43.2100007Z [  62% ] [90m[1mupdate_scripts_classes[22m | [39m[0m
2026-10-07T10:15:43.2100173Z [  62% ] [90m[1mupdate_scripts_classes[22m | [39m[0m
2026-10-07T10:15:43.2100331Z [  62% ] [90m[1mupdate_scripts_classes[22m | [39m[0m
2026-10-07T10:15:43.2100493Z [  62% ] [90m[1mupdate_scripts_classes[22m | [39m[0m
2026-10-07T10:15:43.2100655Z [  62% ] [90m[1mupdate_scripts_classes[22m | [39m[0m
2026-10-07T10:15:43.2100821Z [  62% ] [90m[1mupdate_scripts_classes[22m | [39m[0m
2026-10-07T10:15:43.2100979Z [  62% ] [90m[1mupdate_scripts_classes[22m | [39m[0m
2026-10-07T10:15:43.2101260Z [  62% ] [90m[1mupdate_scripts_classes[22m | [39m[0m
2026-10-07T10:15:43.2101431Z [  62% ] [90m[1mupdate_scripts_classes[22m | [39m[0m
2026-10-07T10:15:43.2101591Z [  62% ] [90m[1mupdate_scripts_classes[22m | [39m[0m
2026-10-07T10:15:43.2101760Z [  62% ] [90m[1mupdate_scripts_classes[22m | [39m[0m
2026-10-07T10:15:43.2101924Z [  62% ] [90m[1mupdate_scripts_classes[22m | [39m[0m
2026-10-07T10:15:43.2102092Z [  62% ] [90m[1mupdate_scripts_classes[22m | [39m[0m
2026-10-07T10:15:43.2102252Z [  62% ] [90m[1mupdate_scripts_classes[22m | [39m[0m
2026-10-07T10:15:43.2102420Z [  62% ] [90m[1mupdate_scripts_classes[22m | [39m[0m
2026-10-07T10:15:43.2102584Z [  62% ] [90m[1mupdate_scripts_classes[22m | [39m[0m
2026-10-07T10:15:43.2102743Z [  63% ] [90m[1mupdate_scripts_classes[22m | [39m[0m
2026-10-07T10:15:43.2102909Z [  63% ] [90m[1mupdate_scripts_classes[22m | [39m[0m
2026-10-07T10:15:43.2103077Z [  63% ] [90m[1mupdate_scripts_classes[22m | [39m[0m
2026-10-07T10:15:43.2103241Z [  63% ] [90m[1mupdate_scripts_classes[22m | [39m[0m
2026-10-07T10:15:43.2103405Z [  63% ] [90m[1mupdate_scripts_classes[22m | [39m[0m
2026-10-07T10:15:43.2103570Z [  63% ] [90m[1mupdate_scripts_classes[22m | [39m[0m
2026-10-07T10:15:43.2103741Z [  63% ] [90m[1mupdate_scripts_classes[22m | [39m[0m
2026-10-07T10:15:43.2103906Z [  63% ] [90m[1mupdate_scripts_classes[22m | [39m[0m
2026-10-07T10:15:43.2104179Z [  63% ] [90m[1mupdate_scripts_classes[22m | [39m[0m
2026-10-07T10:15:43.2104399Z [  63% ] [90m[1mupdate_scripts_classes[22m | [39m[0m
2026-10-07T10:15:43.2104821Z [  63% ] [90m[1mupdate_scripts_classes[22m | [39m[0m
2026-10-07T10:15:43.2104990Z [  63% ] [90m[1mupdate_scripts_classes[22m | [39m[0m
2026-10-07T10:15:43.2105154Z [  63% ] [90m[1mupdate_scripts_classes[22m | [39m[0m
2026-10-07T10:15:43.2105321Z [  63% ] [90m[1mupdate_scripts_classes[22m | [39m[0m
2026-10-07T10:15:43.2105486Z [  63% ] [90m[1mupdate_scripts_classes[22m | [39m[0m
2026-10-07T10:15:43.2105650Z [  63% ] [90m[1mupdate_scripts_classes[22m | [39m[0m
2026-10-07T10:15:43.2105817Z [  63% ] [90m[1mupdate_scripts_classes[22m | [39m[0m
2026-10-07T10:15:43.2105979Z [  63% ] [90m[1mupdate_scripts_classes[22m | [39m[0m
2026-10-07T10:15:43.2106138Z [  63% ] [90m[1mupdate_scripts_classes[22m | [39m[0m
2026-10-07T10:15:43.2106301Z [  63% ] [90m[1mupdate_scripts_classes[22m | [39m[0m
2026-10-07T10:15:43.2106469Z [  63% ] [90m[1mupdate_scripts_classes[22m | [39m[0m
2026-10-07T10:15:43.2106629Z [  63% ] [90m[1mupdate_scripts_classes[22m | [39m[0m
2026-10-07T10:15:43.2106794Z [  63% ] [90m[1mupdate_scripts_classes[22m | [39m[0m
2026-10-07T10:15:43.2106960Z [  63% ] [90m[1mupdate_scripts_classes[22m | [39m[0m
2026-10-07T10:15:43.2107127Z [  63% ] [90m[1mupdate_scripts_classes[22m | [39m[0m
2026-10-07T10:15:43.2107293Z [  63% ] [90m[1mupdate_scripts_classes[22m | [39m[0m
2026-10-07T10:15:43.2107464Z [  63% ] [90m[1mupdate_scripts_classes[22m | [39m[0m
2026-10-07T10:15:43.2107814Z [  63% ] [90m[1mupdate_scripts_classes[22m | [39m[0m
2026-10-07T10:15:43.2107979Z [  63% ] [90m[1mupdate_scripts_classes[22m | [39m[0m
2026-10-07T10:15:43.2108156Z [  63% ] [90m[1mupdate_scripts_classes[22m | [39m[0m
2026-10-07T10:15:43.2108326Z [  63% ] [90m[1mupdate_scripts_classes[22m | [39m[0m
2026-10-07T10:15:43.2108497Z [  64% ] [90m[1mupdate_scripts_classes[22m | [39m[0m
2026-10-07T10:15:43.2108657Z [  64% ] [90m[1mupdate_scripts_classes[22m | [39m[0m
2026-10-07T10:15:43.2108822Z [  64% ] [90m[1mupdate_scripts_classes[22m | [39m[0m
2026-10-07T10:15:43.2108990Z [  64% ] [90m[1mupdate_scripts_classes[22m | [39m[0m
2026-10-07T10:15:43.2109150Z [  64% ] [90m[1mupdate_scripts_classes[22m | [39m[0m
2026-10-07T10:15:43.2109313Z [  64% ] [90m[1mupdate_scripts_classes[22m | [39m[0m
2026-10-07T10:15:43.2109480Z [  64% ] [90m[1mupdate_scripts_classes[22m | [39m[0m
2026-10-07T10:15:43.2109768Z [  64% ] [90m[1mupdate_scripts_classes[22m | [39m[0m
2026-10-07T10:15:43.2109934Z [  64% ] [90m[1mupdate_scripts_classes[22m | [39m[0m
2026-10-07T10:15:43.2110100Z [  64% ] [90m[1mupdate_scripts_classes[22m | [39m[0m
2026-10-07T10:15:43.2110265Z [  64% ] [90m[1mupdate_scripts_classes[22m | [39m[0m
2026-10-07T10:15:43.2110424Z [  64% ] [90m[1mupdate_scripts_classes[22m | [39m[0m
2026-10-07T10:15:43.2110589Z [  64% ] [90m[1mupdate_scripts_classes[22m | [39m[0m
2026-10-07T10:15:43.2110751Z [  64% ] [90m[1mupdate_scripts_classes[22m | [39m[0m
2026-10-07T10:15:43.2110915Z [  64% ] [90m[1mupdate_scripts_classes[22m | [39m[0m
2026-10-07T10:15:43.2111075Z [  64% ] [90m[1mupdate_scripts_classes[22m | [39m[0m
2026-10-07T10:15:43.2111240Z [  64% ] [90m[1mupdate_scripts_classes[22m | [39m[0m
2026-10-07T10:15:43.2111414Z [  64% ] [90m[1mupdate_scripts_classes[22m | [39m[0m
2026-10-07T10:15:43.2111575Z [  64% ] [90m[1mupdate_scripts_classes[22m | [39m[0m
2026-10-07T10:15:43.2111746Z [  64% ] [90m[1mupdate_scripts_classes[22m | [39m[0m
2026-10-07T10:15:43.2111916Z [  64% ] [90m[1mupdate_scripts_classes[22m | [39m[0m
2026-10-07T10:15:43.2112081Z [  64% ] [90m[1mupdate_scripts_classes[22m | [39m[0m
2026-10-07T10:15:43.2112240Z [  64% ] [90m[1mupdate_scripts_classes[22m | [39m[0m
2026-10-07T10:15:43.2112406Z [  64% ] [90m[1mupdate_scripts_classes[22m | [39m[0m
2026-10-07T10:15:43.2112573Z [  64% ] [90m[1mupdate_scripts_classes[22m | [39m[0m
2026-10-07T10:15:43.2112732Z [  64% ] [90m[1mupdate_scripts_classes[22m | [39m[0m
2026-10-07T10:15:43.2112896Z [  64% ] [90m[1mupdate_scripts_classes[22m | [39m[0m
2026-10-07T10:15:43.2113059Z [  64% ] [90m[1mupdate_scripts_classes[22m | [39m[0m
2026-10-07T10:15:43.2113226Z [  64% ] [90m[1mupdate_scripts_classes[22m | [39m[0m
2026-10-07T10:15:43.2113386Z [  64% ] [90m[1mupdate_scripts_classes[22m | [39m[0m
2026-10-07T10:15:43.2113555Z [  64% ] [90m[1mupdate_scripts_classes[22m | [39m[0m
2026-10-07T10:15:43.2113722Z [  65% ] [90m[1mupdate_scripts_classes[22m | [39m[0m
2026-10-07T10:15:43.2113889Z [  65% ] [90m[1mupdate_scripts_classes[22m | [39m[0m
2026-10-07T10:15:43.2114060Z [  65% ] [90m[1mupdate_scripts_classes[22m | [39m[0m
2026-10-07T10:15:43.2114226Z [  65% ] [90m[1mupdate_scripts_classes[22m | [39m[0m
2026-10-07T10:15:43.2114390Z [  65% ] [90m[1mupdate_scripts_classes[22m | [39m[0m
2026-10-07T10:15:43.2114551Z [  65% ] [90m[1mupdate_scripts_classes[22m | [39m[0m
2026-10-07T10:15:43.2114917Z [  65% ] [90m[1mupdate_scripts_classes[22m | [39m[0m
2026-10-07T10:15:43.2115121Z [  65% ] [90m[1mupdate_scripts_classes[22m | [39m[0m
2026-10-07T10:15:43.2115283Z [  65% ] [90m[1mupdate_scripts_classes[22m | [39m[0m
2026-10-07T10:15:43.2115447Z [  65% ] [90m[1mupdate_scripts_classes[22m | [39m[0m
2026-10-07T10:15:43.2115609Z [  65% ] [90m[1mupdate_scripts_classes[22m | [39m[0m
2026-10-07T10:15:43.2115780Z [  65% ] [90m[1mupdate_scripts_classes[22m | [39m[0m
2026-10-07T10:15:43.2116110Z [  65% ] [90m[1mupdate_scripts_classes[22m | [39m[0m
2026-10-07T10:15:43.2116279Z [  65% ] [90m[1mupdate_scripts_classes[22m | [39m[0m
2026-10-07T10:15:43.2116445Z [  65% ] [90m[1mupdate_scripts_classes[22m | [39m[0m
2026-10-07T10:15:43.2116604Z [  65% ] [90m[1mupdate_scripts_classes[22m | [39m[0m
2026-10-07T10:15:43.2116770Z [  65% ] [90m[1mupdate_scripts_classes[22m | [39m[0m
2026-10-07T10:15:43.2116935Z [  65% ] [90m[1mupdate_scripts_classes[22m | [39m[0m
2026-10-07T10:15:43.2117098Z [  65% ] [90m[1mupdate_scripts_classes[22m | [39m[0m
2026-10-07T10:15:43.2117258Z [  65% ] [90m[1mupdate_scripts_classes[22m | [39m[0m
2026-10-07T10:15:43.2117421Z [  65% ] [90m[1mupdate_scripts_classes[22m | [39m[0m
2026-10-07T10:15:43.2117585Z [  65% ] [90m[1mupdate_scripts_classes[22m | [39m[0m
2026-10-07T10:15:43.2117744Z [  65% ] [90m[1mupdate_scripts_classes[22m | [39m[0m
2026-10-07T10:15:43.2118039Z [  65% ] [90m[1mupdate_scripts_classes[22m | [39m[0m
2026-10-07T10:15:43.2118210Z [  65% ] [90m[1mupdate_scripts_classes[22m | [39m[0m
2026-10-07T10:15:43.2118373Z [  65% ] [90m[1mupdate_scripts_classes[22m | [39m[0m
2026-10-07T10:15:43.2118541Z [  65% ] [90m[1mupdate_scripts_classes[22m | [39m[0m
2026-10-07T10:15:43.2118706Z [  65% ] [90m[1mupdate_scripts_classes[22m | [39m[0m
2026-10-07T10:15:43.2118868Z [  65% ] [90m[1mupdate_scripts_classes[22m | [39m[0m
2026-10-07T10:15:43.2119026Z [  65% ] [90m[1mupdate_scripts_classes[22m | [39m[0m
2026-10-07T10:15:43.2119192Z [  65% ] [90m[1mupdate_scripts_classes[22m | [39m[0m
2026-10-07T10:15:43.2119355Z [  66% ] [90m[1mupdate_scripts_classes[22m | [39m[0m
2026-10-07T10:15:43.2119519Z [  66% ] [90m[1mupdate_scripts_classes[22m | [39m[0m
2026-10-07T10:15:43.2119681Z [  66% ] [90m[1mupdate_scripts_classes[22m | [39m[0m
2026-10-07T10:15:43.2119845Z [  66% ] [90m[1mupdate_scripts_classes[22m | [39m[0m
2026-10-07T10:15:43.2120015Z [  66% ] [90m[1mupdate_scripts_classes[22m | [39m[0m
2026-10-07T10:15:43.2120176Z [  66% ] [90m[1mupdate_scripts_classes[22m | [39m[0m
2026-10-07T10:15:43.2120342Z [  66% ] [90m[1mupdate_scripts_classes[22m | [39m[0m
2026-10-07T10:15:43.2120505Z [  66% ] [90m[1mupdate_scripts_classes[22m | [39m[0m
2026-10-07T10:15:43.2120670Z [  66% ] [90m[1mupdate_scripts_classes[22m | [39m[0m
2026-10-07T10:15:43.2120828Z [  66% ] [90m[1mupdate_scripts_classes[22m | [39m[0m
2026-10-07T10:15:43.2120994Z [  66% ] [90m[1mupdate_scripts_classes[22m | [39m[0m
2026-10-07T10:15:43.2121158Z [  66% ] [90m[1mupdate_scripts_classes[22m | [39m[0m
2026-10-07T10:15:43.2121318Z [  66% ] [90m[1mupdate_scripts_classes[22m | [39m[0m
2026-10-07T10:15:43.2121483Z [  66% ] [90m[1mupdate_scripts_classes[22m | [39m[0m
2026-10-07T10:15:43.2121647Z [  66% ] [90m[1mupdate_scripts_classes[22m | [39m[0m
2026-10-07T10:15:43.2121815Z [  66% ] [90m[1mupdate_scripts_classes[22m | [39m[0m
2026-10-07T10:15:43.2121974Z [  66% ] [90m[1mupdate_scripts_classes[22m | [39m[0m
2026-10-07T10:15:43.2122144Z [  66% ] [90m[1mupdate_scripts_classes[22m | [39m[0m
2026-10-07T10:15:43.2122311Z [  66% ] [90m[1mupdate_scripts_classes[22m | [39m[0m
2026-10-07T10:15:43.2122472Z [  66% ] [90m[1mupdate_scripts_classes[22m | [39m[0m
2026-10-07T10:15:43.2122636Z [  66% ] [90m[1mupdate_scripts_classes[22m | [39m[0m
2026-10-07T10:15:43.2122799Z [  66% ] [90m[1mupdate_scripts_classes[22m | [39m[0m
2026-10-07T10:15:43.2122962Z [  66% ] [90m[1mupdate_scripts_classes[22m | [39m[0m
2026-10-07T10:15:43.2123121Z [  66% ] [90m[1mupdate_scripts_classes[22m | [39m[0m
2026-10-07T10:15:43.2123285Z [  66% ] [90m[1mupdate_scripts_classes[22m | [39m[0m
2026-10-07T10:15:43.2123446Z [  66% ] [90m[1mupdate_scripts_classes[22m | [39m[0m
2026-10-07T10:15:43.2123603Z [  66% ] [90m[1mupdate_scripts_classes[22m | [39m[0m
2026-10-07T10:15:43.2123773Z [  66% ] [90m[1mupdate_scripts_classes[22m | [39m[0m
2026-10-07T10:15:43.2123938Z [  66% ] [90m[1mupdate_scripts_classes[22m | [39m[0m
2026-10-07T10:15:43.2124197Z [  66% ] [90m[1mupdate_scripts_classes[22m | [39m[0m
2026-10-07T10:15:43.2124362Z [  66% ] [90m[1mupdate_scripts_classes[22m | [39m[0m
2026-10-07T10:15:43.2124527Z [  67% ] [90m[1mupdate_scripts_classes[22m | [39m[0m
2026-10-07T10:15:43.2124827Z [  67% ] [90m[1mupdate_scripts_classes[22m | [39m[0m
2026-10-07T10:15:43.2124992Z [  67% ] [90m[1mupdate_scripts_classes[22m | [39m[0m
2026-10-07T10:15:43.2125159Z [  67% ] [90m[1mupdate_scripts_classes[22m | [39m[0m
2026-10-07T10:15:43.2125324Z [  67% ] [90m[1mupdate_scripts_classes[22m | [39m[0m
2026-10-07T10:15:43.2125491Z [  67% ] [90m[1mupdate_scripts_classes[22m | [39m[0m
2026-10-07T10:15:43.2125651Z [  67% ] [90m[1mupdate_scripts_classes[22m | [39m[0m
2026-10-07T10:15:43.2125817Z [  67% ] [90m[1mupdate_scripts_classes[22m | [39m[0m
2026-10-07T10:15:43.2126110Z [  67% ] [90m[1mupdate_scripts_classes[22m | [39m[0m
2026-10-07T10:15:43.2126310Z [  67% ] [90m[1mupdate_scripts_classes[22m | [39m[0m
2026-10-07T10:15:43.2126594Z [  67% ] [90m[1mupdate_scripts_classes[22m | [39m[0m
2026-10-07T10:15:43.2126839Z [  67% ] [90m[1mupdate_scripts_classes[22m | [39m[0m
2026-10-07T10:15:43.2127061Z [  67% ] [90m[1mupdate_scripts_classes[22m | [39m[0m
2026-10-07T10:15:43.2127226Z [  67% ] [90m[1mupdate_scripts_classes[22m | [39m[0m
2026-10-07T10:15:43.2127393Z [  67% ] [90m[1mupdate_scripts_classes[22m | [39m[0m
2026-10-07T10:15:43.2127562Z [  67% ] [90m[1mupdate_scripts_classes[22m | [39m[0m
2026-10-07T10:15:43.2127723Z [  67% ] [90m[1mupdate_scripts_classes[22m | [39m[0m
2026-10-07T10:15:43.2127886Z [  67% ] [90m[1mupdate_scripts_classes[22m | [39m[0m
2026-10-07T10:15:43.2128051Z [  67% ] [90m[1mupdate_scripts_classes[22m | [39m[0m
2026-10-07T10:15:43.2128215Z [  67% ] [90m[1mupdate_scripts_classes[22m | [39m[0m
2026-10-07T10:15:43.2128379Z [  67% ] [90m[1mupdate_scripts_classes[22m | [39m[0m
2026-10-07T10:15:43.2128547Z [  67% ] [90m[1mupdate_scripts_classes[22m | [39m[0m
2026-10-07T10:15:43.2128710Z [  67% ] [90m[1mupdate_scripts_classes[22m | [39m[0m
2026-10-07T10:15:43.2128869Z [  67% ] [90m[1mupdate_scripts_classes[22m | [39m[0m
2026-10-07T10:15:43.2129034Z [  67% ] [90m[1mupdate_scripts_classes[22m | [39m[0m
2026-10-07T10:15:43.2129200Z [  67% ] [90m[1mupdate_scripts_classes[22m | [39m[0m
2026-10-07T10:15:43.2129366Z [  67% ] [90m[1mupdate_scripts_classes[22m | [39m[0m
2026-10-07T10:15:43.2129527Z [  67% ] [90m[1mupdate_scripts_classes[22m | [39m[0m
2026-10-07T10:15:43.2129691Z [  67% ] [90m[1mupdate_scripts_classes[22m | [39m[0m
2026-10-07T10:15:43.2129854Z [  67% ] [90m[1mupdate_scripts_classes[22m | [39m[0m
2026-10-07T10:15:43.2130015Z [  67% ] [90m[1mupdate_scripts_classes[22m | [39m[0m
2026-10-07T10:15:43.2130191Z [  68% ] [90m[1mupdate_scripts_classes[22m | [39m[0m
2026-10-07T10:15:43.2130356Z [  68% ] [90m[1mupdate_scripts_classes[22m | [39m[0m
2026-10-07T10:15:43.2130525Z [  68% ] [90m[1mupdate_scripts_classes[22m | [39m[0m
2026-10-07T10:15:43.2130684Z [  68% ] [90m[1mupdate_scripts_classes[22m | [39m[0m
2026-10-07T10:15:43.2130846Z [  68% ] [90m[1mupdate_scripts_classes[22m | [39m[0m
2026-10-07T10:15:43.2131009Z [  68% ] [90m[1mupdate_scripts_classes[22m | [39m[0m
2026-10-07T10:15:43.2131169Z [  68% ] [90m[1mupdate_scripts_classes[22m | [39m[0m
2026-10-07T10:15:43.2131333Z [  68% ] [90m[1mupdate_scripts_classes[22m | [39m[0m
2026-10-07T10:15:43.2131496Z [  68% ] [90m[1mupdate_scripts_classes[22m | [39m[0m
2026-10-07T10:15:43.2131659Z [  68% ] [90m[1mupdate_scripts_classes[22m | [39m[0m
2026-10-07T10:15:43.2131818Z [  68% ] [90m[1mupdate_scripts_classes[22m | [39m[0m
2026-10-07T10:15:43.2131981Z [  68% ] [90m[1mupdate_scripts_classes[22m | [39m[0m
2026-10-07T10:15:43.2132148Z [  68% ] [90m[1mupdate_scripts_classes[22m | [39m[0m
2026-10-07T10:15:43.2132310Z [  68% ] [90m[1mupdate_scripts_classes[22m | [39m[0m
2026-10-07T10:15:43.2132623Z [  68% ] [90m[1mupdate_scripts_classes[22m | [39m[0m
2026-10-07T10:15:43.2132794Z [  68% ] [90m[1mupdate_scripts_classes[22m | [39m[0m
2026-10-07T10:15:43.2132958Z [  68% ] [90m[1mupdate_scripts_classes[22m | [39m[0m
2026-10-07T10:15:43.2133119Z [  68% ] [90m[1mupdate_scripts_classes[22m | [39m[0m
2026-10-07T10:15:43.2133286Z [  68% ] [90m[1mupdate_scripts_classes[22m | [39m[0m
2026-10-07T10:15:43.2133450Z [  68% ] [90m[1mupdate_scripts_classes[22m | [39m[0m
2026-10-07T10:15:43.2133619Z [  68% ] [90m[1mupdate_scripts_classes[22m | [39m[0m
2026-10-07T10:15:43.2133786Z [  68% ] [90m[1mupdate_scripts_classes[22m | [39m[0m
2026-10-07T10:15:43.2133948Z [  68% ] [90m[1mupdate_scripts_classes[22m | [39m[0m
2026-10-07T10:15:43.2134114Z [  68% ] [90m[1mupdate_scripts_classes[22m | [39m[0m
2026-10-07T10:15:43.2134370Z [  68% ] [90m[1mupdate_scripts_classes[22m | [39m[0m
2026-10-07T10:15:43.2134532Z [  68% ] [90m[1mupdate_scripts_classes[22m | [39m[0m
2026-10-07T10:15:43.2134825Z [  68% ] [90m[1mupdate_scripts_classes[22m | [39m[0m
2026-10-07T10:15:43.2134996Z [  68% ] [90m[1mupdate_scripts_classes[22m | [39m[0m
2026-10-07T10:15:43.2135160Z [  68% ] [90m[1mupdate_scripts_classes[22m | [39m[0m
2026-10-07T10:15:43.2135320Z [  68% ] [90m[1mupdate_scripts_classes[22m | [39m[0m
2026-10-07T10:15:43.2135482Z [  68% ] [90m[1mupdate_scripts_classes[22m | [39m[0m
2026-10-07T10:15:43.2135646Z [  69% ] [90m[1mupdate_scripts_classes[22m | [39m[0m
2026-10-07T10:15:43.2135806Z [  69% ] [90m[1mupdate_scripts_classes[22m | [39m[0m
2026-10-07T10:15:43.2135973Z [  69% ] [90m[1mupdate_scripts_classes[22m | [39m[0m
2026-10-07T10:15:43.2136141Z [  69% ] [90m[1mupdate_scripts_classes[22m | [39m[0m
2026-10-07T10:15:43.2136303Z [  69% ] [90m[1mupdate_scripts_classes[22m | [39m[0m
2026-10-07T10:15:43.2136466Z [  69% ] [90m[1mupdate_scripts_classes[22m | [39m[0m
2026-10-07T10:15:43.2136634Z [  69% ] [90m[1mupdate_scripts_classes[22m | [39m[0m
2026-10-07T10:15:43.2136797Z [  69% ] [90m[1mupdate_scripts_classes[22m | [39m[0m
2026-10-07T10:15:43.2136957Z [  69% ] [90m[1mupdate_scripts_classes[22m | [39m[0m
2026-10-07T10:15:43.2137123Z [  69% ] [90m[1mupdate_scripts_classes[22m | [39m[0m
2026-10-07T10:15:43.2137291Z [  69% ] [90m[1mupdate_scripts_classes[22m | [39m[0m
2026-10-07T10:15:43.2137458Z [  69% ] [90m[1mupdate_scripts_classes[22m | [39m[0m
2026-10-07T10:15:43.2137619Z [  69% ] [90m[1mupdate_scripts_classes[22m | [39m[0m
2026-10-07T10:15:43.2137781Z [  69% ] [90m[1mupdate_scripts_classes[22m | [39m[0m
2026-10-07T10:15:43.2137948Z [  69% ] [90m[1mupdate_scripts_classes[22m | [39m[0m
2026-10-07T10:15:43.2138107Z [  69% ] [90m[1mupdate_scripts_classes[22m | [39m[0m
2026-10-07T10:15:43.2138270Z [  69% ] [90m[1mupdate_scripts_classes[22m | [39m[0m
2026-10-07T10:15:43.2138439Z [  69% ] [90m[1mupdate_scripts_classes[22m | [39m[0m
2026-10-07T10:15:43.2138606Z [  69% ] [90m[1mupdate_scripts_classes[22m | [39m[0m
2026-10-07T10:15:43.2138765Z [  69% ] [90m[1mupdate_scripts_classes[22m | [39m[0m
2026-10-07T10:15:43.2138928Z [  69% ] [90m[1mupdate_scripts_classes[22m | [39m[0m
2026-10-07T10:15:43.2139094Z [  69% ] [90m[1mupdate_scripts_classes[22m | [39m[0m
2026-10-07T10:15:43.2139253Z [  69% ] [90m[1mupdate_scripts_classes[22m | [39m[0m
2026-10-07T10:15:43.2139416Z [  69% ] [90m[1mupdate_scripts_classes[22m | [39m[0m
2026-10-07T10:15:43.2139581Z [  69% ] [90m[1mupdate_scripts_classes[22m | [39m[0m
2026-10-07T10:15:43.2139744Z [  69% ] [90m[1mupdate_scripts_classes[22m | [39m[0m
2026-10-07T10:15:43.2139904Z [  69% ] [90m[1mupdate_scripts_classes[22m | [39m[0m
2026-10-07T10:15:43.2140069Z [  69% ] [90m[1mupdate_scripts_classes[22m | [39m[0m
2026-10-07T10:15:43.2140240Z [  69% ] [90m[1mupdate_scripts_classes[22m | [39m[0m
2026-10-07T10:15:43.2140399Z [  69% ] [90m[1mupdate_scripts_classes[22m | [39m[0m
2026-10-07T10:15:43.2140706Z [  69% ] [90m[1mupdate_scripts_classes[22m | [39m[0m
2026-10-07T10:15:43.2140873Z [  70% ] [90m[1mupdate_scripts_classes[22m | [39m[0m
2026-10-07T10:15:43.2141039Z [  70% ] [90m[1mupdate_scripts_classes[22m | [39m[0m
2026-10-07T10:15:43.2141199Z [  70% ] [90m[1mupdate_scripts_classes[22m | [39m[0m
2026-10-07T10:15:43.2141363Z [  70% ] [90m[1mupdate_scripts_classes[22m | [39m[0m
2026-10-07T10:15:43.2141527Z [  70% ] [90m[1mupdate_scripts_classes[22m | [39m[0m
2026-10-07T10:15:43.2141688Z [  70% ] [90m[1mupdate_scripts_classes[22m | [39m[0m
2026-10-07T10:15:43.2141854Z [  70% ] [90m[1mupdate_scripts_classes[22m | [39m[0m
2026-10-07T10:15:43.2142018Z [  70% ] [90m[1mupdate_scripts_classes[22m | [39m[0m
2026-10-07T10:15:43.2142182Z [  70% ] [90m[1mupdate_scripts_classes[22m | [39m[0m
2026-10-07T10:15:43.2142460Z [  70% ] [90m[1mupdate_scripts_classes[22m | [39m[0m
2026-10-07T10:15:43.2142628Z [  70% ] [90m[1mupdate_scripts_classes[22m | [39m[0m
2026-10-07T10:15:43.2142793Z [  70% ] [90m[1mupdate_scripts_classes[22m | [39m[0m
2026-10-07T10:15:43.2142953Z [  70% ] [90m[1mupdate_scripts_classes[22m | [39m[0m
2026-10-07T10:15:43.2143116Z [  70% ] [90m[1mupdate_scripts_classes[22m | [39m[0m
2026-10-07T10:15:43.2143279Z [  70% ] [90m[1mupdate_scripts_classes[22m | [39m[0m
2026-10-07T10:15:43.2143443Z [  70% ] [90m[1mupdate_scripts_classes[22m | [39m[0m
2026-10-07T10:15:43.2143608Z [  70% ] [90m[1mupdate_scripts_classes[22m | [39m[0m
2026-10-07T10:15:43.2143897Z [  70% ] [90m[1mupdate_scripts_classes[22m | RoadCreatureVisibilityModel[39m[0m
2026-10-07T10:15:43.2144071Z [  70% ] [90m[1mupdate_scripts_classes[22m | [39m[0m
2026-10-07T10:15:43.2144233Z [  70% ] [90m[1mupdate_scripts_classes[22m | [39m[0m
2026-10-07T10:15:43.2144397Z [  70% ] [90m[1mupdate_scripts_classes[22m | [39m[0m
2026-10-07T10:15:43.2144565Z [  70% ] [90m[1mupdate_scripts_classes[22m | [39m[0m
2026-10-07T10:15:43.2144840Z [  70% ] [90m[1mupdate_scripts_classes[22m | [39m[0m
2026-10-07T10:15:43.2145004Z [  70% ] [90m[1mupdate_scripts_classes[22m | [39m[0m
2026-10-07T10:15:43.2145168Z [  70% ] [90m[1mupdate_scripts_classes[22m | [39m[0m
2026-10-07T10:15:43.2145332Z [  70% ] [90m[1mupdate_scripts_classes[22m | [39m[0m
2026-10-07T10:15:43.2145491Z [  70% ] [90m[1mupdate_scripts_classes[22m | [39m[0m
2026-10-07T10:15:43.2145655Z [  70% ] [90m[1mupdate_scripts_classes[22m | [39m[0m
2026-10-07T10:15:43.2145819Z [  70% ] [90m[1mupdate_scripts_classes[22m | [39m[0m
2026-10-07T10:15:43.2145981Z [  70% ] [90m[1mupdate_scripts_classes[22m | [39m[0m
2026-10-07T10:15:43.2146139Z [  70% ] [90m[1mupdate_scripts_classes[22m | [39m[0m
2026-10-07T10:15:43.2146302Z [  71% ] [90m[1mupdate_scripts_classes[22m | [39m[0m
2026-10-07T10:15:43.2146471Z [  71% ] [90m[1mupdate_scripts_classes[22m | [39m[0m
2026-10-07T10:15:43.2146628Z [  71% ] [90m[1mupdate_scripts_classes[22m | [39m[0m
2026-10-07T10:15:43.2146794Z [  71% ] [90m[1mupdate_scripts_classes[22m | [39m[0m
2026-10-07T10:15:43.2146957Z [  71% ] [90m[1mupdate_scripts_classes[22m | [39m[0m
2026-10-07T10:15:43.2147121Z [  71% ] [90m[1mupdate_scripts_classes[22m | [39m[0m
2026-10-07T10:15:43.2147283Z [  71% ] [90m[1mupdate_scripts_classes[22m | [39m[0m
2026-10-07T10:15:43.2147449Z [  71% ] [90m[1mupdate_scripts_classes[22m | [39m[0m
2026-10-07T10:15:43.2147613Z [  71% ] [90m[1mupdate_scripts_classes[22m | [39m[0m
2026-10-07T10:15:43.2147771Z [  71% ] [90m[1mupdate_scripts_classes[22m | [39m[0m
2026-10-07T10:15:43.2147972Z [  71% ] [90m[1mupdate_scripts_classes[22m | [39m[0m
2026-10-07T10:15:43.2148137Z [  71% ] [90m[1mupdate_scripts_classes[22m | [39m[0m
2026-10-07T10:15:43.2148301Z [  71% ] [90m[1mupdate_scripts_classes[22m | [39m[0m
2026-10-07T10:15:43.2148465Z [  71% ] [90m[1mupdate_scripts_classes[22m | [39m[0m
2026-10-07T10:15:43.2148756Z [  71% ] [90m[1mupdate_scripts_classes[22m | [39m[0m
2026-10-07T10:15:43.2148927Z [  71% ] [90m[1mupdate_scripts_classes[22m | [39m[0m
2026-10-07T10:15:43.2149156Z [  71% ] [90m[1mupdate_scripts_classes[22m | [39m[0m
2026-10-07T10:15:43.2149407Z [  71% ] [90m[1mupdate_scripts_classes[22m | [39m[0m
2026-10-07T10:15:43.2149684Z [  71% ] [90m[1mupdate_scripts_classes[22m | [39m[0m
2026-10-07T10:15:43.2149853Z [  71% ] [90m[1mupdate_scripts_classes[22m | [39m[0m
2026-10-07T10:15:43.2150016Z [  71% ] [90m[1mupdate_scripts_classes[22m | [39m[0m
2026-10-07T10:15:43.2150180Z [  71% ] [90m[1mupdate_scripts_classes[22m | [39m[0m
2026-10-07T10:15:43.2150346Z [  71% ] [90m[1mupdate_scripts_classes[22m | [39m[0m
2026-10-07T10:15:43.2150506Z [  71% ] [90m[1mupdate_scripts_classes[22m | [39m[0m
2026-10-07T10:15:43.2150673Z [  71% ] [90m[1mupdate_scripts_classes[22m | [39m[0m
2026-10-07T10:15:43.2150974Z [  71% ] [90m[1mupdate_scripts_classes[22m | [39m[0m
2026-10-07T10:15:43.2151151Z [  71% ] [90m[1mupdate_scripts_classes[22m | [39m[0m
2026-10-07T10:15:43.2151315Z [  71% ] [90m[1mupdate_scripts_classes[22m | [39m[0m
2026-10-07T10:15:43.2151480Z [  71% ] [90m[1mupdate_scripts_classes[22m | [39m[0m
2026-10-07T10:15:43.2151643Z [  71% ] [90m[1mupdate_scripts_classes[22m | [39m[0m
2026-10-07T10:15:43.2151803Z [  71% ] [90m[1mupdate_scripts_classes[22m | [39m[0m
2026-10-07T10:15:43.2151969Z [  72% ] [90m[1mupdate_scripts_classes[22m | [39m[0m
2026-10-07T10:15:43.2152134Z [  72% ] [90m[1mupdate_scripts_classes[22m | [39m[0m
2026-10-07T10:15:43.2152298Z [  72% ] [90m[1mupdate_scripts_classes[22m | [39m[0m
2026-10-07T10:15:43.2152459Z [  72% ] [90m[1mupdate_scripts_classes[22m | [39m[0m
2026-10-07T10:15:43.2152625Z [  72% ] [90m[1mupdate_scripts_classes[22m | [39m[0m
2026-10-07T10:15:43.2152790Z [  72% ] [90m[1mupdate_scripts_classes[22m | [39m[0m
2026-10-07T10:15:43.2152954Z [  72% ] [90m[1mupdate_scripts_classes[22m | [39m[0m
2026-10-07T10:15:43.2153122Z [  72% ] [90m[1mupdate_scripts_classes[22m | [39m[0m
2026-10-07T10:15:43.2153287Z [  72% ] [90m[1mupdate_scripts_classes[22m | [39m[0m
2026-10-07T10:15:43.2153453Z [  72% ] [90m[1mupdate_scripts_classes[22m | [39m[0m
2026-10-07T10:15:43.2153615Z [  72% ] [90m[1mupdate_scripts_classes[22m | [39m[0m
2026-10-07T10:15:43.2153778Z [  72% ] [90m[1mupdate_scripts_classes[22m | [39m[0m
2026-10-07T10:15:43.2153942Z [  72% ] [90m[1mupdate_scripts_classes[22m | [39m[0m
2026-10-07T10:15:43.2154100Z [  72% ] [90m[1mupdate_scripts_classes[22m | [39m[0m
2026-10-07T10:15:43.2154266Z [  72% ] [90m[1mupdate_scripts_classes[22m | [39m[0m
2026-10-07T10:15:43.2154430Z [  72% ] [90m[1mupdate_scripts_classes[22m | [39m[0m
2026-10-07T10:15:43.2154594Z [  72% ] [90m[1mupdate_scripts_classes[22m | [39m[0m
2026-10-07T10:15:43.2154898Z [  72% ] [90m[1mupdate_scripts_classes[22m | [39m[0m
2026-10-07T10:15:43.2155069Z [  72% ] [90m[1mupdate_scripts_classes[22m | [39m[0m
2026-10-07T10:15:43.2155239Z [  72% ] [90m[1mupdate_scripts_classes[22m | [39m[0m
2026-10-07T10:15:43.2155400Z [  72% ] [90m[1mupdate_scripts_classes[22m | [39m[0m
2026-10-07T10:15:43.2155562Z [  72% ] [90m[1mupdate_scripts_classes[22m | [39m[0m
2026-10-07T10:15:43.2155726Z [  72% ] [90m[1mupdate_scripts_classes[22m | [39m[0m
2026-10-07T10:15:43.2155889Z [  72% ] [90m[1mupdate_scripts_classes[22m | [39m[0m
2026-10-07T10:15:43.2156050Z [  72% ] [90m[1mupdate_scripts_classes[22m | [39m[0m
2026-10-07T10:15:43.2156218Z [  72% ] [90m[1mupdate_scripts_classes[22m | [39m[0m
2026-10-07T10:15:43.2156383Z [  72% ] [90m[1mupdate_scripts_classes[22m | [39m[0m
2026-10-07T10:15:43.2156542Z [  72% ] [90m[1mupdate_scripts_classes[22m | [39m[0m
2026-10-07T10:15:43.2156707Z [  72% ] [90m[1mupdate_scripts_classes[22m | [39m[0m
2026-10-07T10:15:43.2156876Z [  72% ] [90m[1mupdate_scripts_classes[22m | [39m[0m
2026-10-07T10:15:43.2157041Z [  72% ] [90m[1mupdate_scripts_classes[22m | [39m[0m
2026-10-07T10:15:43.2157336Z [  73% ] [90m[1mupdate_scripts_classes[22m | [39m[0m
2026-10-07T10:15:43.2157506Z [  73% ] [90m[1mupdate_scripts_classes[22m | [39m[0m
2026-10-07T10:15:43.2157671Z [  73% ] [90m[1mupdate_scripts_classes[22m | [39m[0m
2026-10-07T10:15:43.2157834Z [  73% ] [90m[1mupdate_scripts_classes[22m | [39m[0m
2026-10-07T10:15:43.2157999Z [  73% ] [90m[1mupdate_scripts_classes[22m | [39m[0m
2026-10-07T10:15:43.2158164Z [  73% ] [90m[1mupdate_scripts_classes[22m | [39m[0m
2026-10-07T10:15:43.2158327Z [  73% ] [90m[1mupdate_scripts_classes[22m | [39m[0m
2026-10-07T10:15:43.2158491Z [  73% ] [90m[1mupdate_scripts_classes[22m | [39m[0m
2026-10-07T10:15:43.2158658Z [  73% ] [90m[1mupdate_scripts_classes[22m | [39m[0m
2026-10-07T10:15:43.2158822Z [  73% ] [90m[1mupdate_scripts_classes[22m | [39m[0m
2026-10-07T10:15:43.2159104Z [  73% ] [90m[1mupdate_scripts_classes[22m | [39m[0m
2026-10-07T10:15:43.2159274Z [  73% ] [90m[1mupdate_scripts_classes[22m | [39m[0m
2026-10-07T10:15:43.2159437Z [  73% ] [90m[1mupdate_scripts_classes[22m | [39m[0m
2026-10-07T10:15:43.2159601Z [  73% ] [90m[1mupdate_scripts_classes[22m | [39m[0m
2026-10-07T10:15:43.2159764Z [  73% ] [90m[1mupdate_scripts_classes[22m | [39m[0m
2026-10-07T10:15:43.2159928Z [  73% ] [90m[1mupdate_scripts_classes[22m | [39m[0m
2026-10-07T10:15:43.2160094Z [  73% ] [90m[1mupdate_scripts_classes[22m | [39m[0m
2026-10-07T10:15:43.2160254Z [  73% ] [90m[1mupdate_scripts_classes[22m | [39m[0m
2026-10-07T10:15:43.2160419Z [  73% ] [90m[1mupdate_scripts_classes[22m | [39m[0m
2026-10-07T10:15:43.2160583Z [  73% ] [90m[1mupdate_scripts_classes[22m | [39m[0m
2026-10-07T10:15:43.2160746Z [  73% ] [90m[1mupdate_scripts_classes[22m | [39m[0m
2026-10-07T10:15:43.2160906Z [  73% ] [90m[1mupdate_scripts_classes[22m | [39m[0m
2026-10-07T10:15:43.2161075Z [  73% ] [90m[1mupdate_scripts_classes[22m | [39m[0m
2026-10-07T10:15:43.2161245Z [  73% ] [90m[1mupdate_scripts_classes[22m | [39m[0m
2026-10-07T10:15:43.2161405Z [  73% ] [90m[1mupdate_scripts_classes[22m | [39m[0m
2026-10-07T10:15:43.2161569Z [  73% ] [90m[1mupdate_scripts_classes[22m | [39m[0m
2026-10-07T10:15:43.2161731Z [  73% ] [90m[1mupdate_scripts_classes[22m | [39m[0m
2026-10-07T10:15:43.2161895Z [  73% ] [90m[1mupdate_scripts_classes[22m | [39m[0m
2026-10-07T10:15:43.2162054Z [  73% ] [90m[1mupdate_scripts_classes[22m | [39m[0m
2026-10-07T10:15:43.2162219Z [  73% ] [90m[1mupdate_scripts_classes[22m | [39m[0m
2026-10-07T10:15:43.2162384Z [  73% ] [90m[1mupdate_scripts_classes[22m | [39m[0m
2026-10-07T10:15:43.2162544Z [  74% ] [90m[1mupdate_scripts_classes[22m | [39m[0m
2026-10-07T10:15:43.2162711Z [  74% ] [90m[1mupdate_scripts_classes[22m | [39m[0m
2026-10-07T10:15:43.2162883Z [  74% ] [90m[1mupdate_scripts_classes[22m | [39m[0m
2026-10-07T10:15:43.2163056Z [  74% ] [90m[1mupdate_scripts_classes[22m | [39m[0m
2026-10-07T10:15:43.2163220Z [  74% ] [90m[1mupdate_scripts_classes[22m | [39m[0m
2026-10-07T10:15:43.2163383Z [  74% ] [90m[1mupdate_scripts_classes[22m | [39m[0m
2026-10-07T10:15:43.2163551Z [  74% ] [90m[1mupdate_scripts_classes[22m | [39m[0m
2026-10-07T10:15:43.2163710Z [  74% ] [90m[1mupdate_scripts_classes[22m | [39m[0m
2026-10-07T10:15:43.2163876Z [  74% ] [90m[1mupdate_scripts_classes[22m | [39m[0m
2026-10-07T10:15:43.2164042Z [  74% ] [90m[1mupdate_scripts_classes[22m | [39m[0m
2026-10-07T10:15:43.2164200Z [  74% ] [90m[1mupdate_scripts_classes[22m | [39m[0m
2026-10-07T10:15:43.2164366Z [  74% ] [90m[1mupdate_scripts_classes[22m | [39m[0m
2026-10-07T10:15:43.2164529Z [  74% ] [90m[1mupdate_scripts_classes[22m | [39m[0m
2026-10-07T10:15:43.2164802Z [  74% ] [90m[1mupdate_scripts_classes[22m | [39m[0m
2026-10-07T10:15:43.2164969Z [  74% ] [90m[1mupdate_scripts_classes[22m | [39m[0m
2026-10-07T10:15:43.2165133Z [  74% ] [90m[1mupdate_scripts_classes[22m | [39m[0m
2026-10-07T10:15:43.2165423Z [  74% ] [90m[1mupdate_scripts_classes[22m | [39m[0m
2026-10-07T10:15:43.2165588Z [  74% ] [90m[1mupdate_scripts_classes[22m | [39m[0m
2026-10-07T10:15:43.2165754Z [  74% ] [90m[1mupdate_scripts_classes[22m | [39m[0m
2026-10-07T10:15:43.2165918Z [  74% ] [90m[1mupdate_scripts_classes[22m | [39m[0m
2026-10-07T10:15:43.2166080Z [  74% ] [90m[1mupdate_scripts_classes[22m | [39m[0m
2026-10-07T10:15:43.2166241Z [  74% ] [90m[1mupdate_scripts_classes[22m | [39m[0m
2026-10-07T10:15:43.2166407Z [  74% ] [90m[1mupdate_scripts_classes[22m | [39m[0m
2026-10-07T10:15:43.2166570Z [  74% ] [90m[1mupdate_scripts_classes[22m | [39m[0m
2026-10-07T10:15:43.2166730Z [  74% ] [90m[1mupdate_scripts_classes[22m | [39m[0m
2026-10-07T10:15:43.2166896Z [  74% ] [90m[1mupdate_scripts_classes[22m | [39m[0m
2026-10-07T10:15:43.2167177Z [  74% ] [90m[1mupdate_scripts_classes[22m | [39m[0m
2026-10-07T10:15:43.2167346Z [  74% ] [90m[1mupdate_scripts_classes[22m | [39m[0m
2026-10-07T10:15:43.2167505Z [  74% ] [90m[1mupdate_scripts_classes[22m | [39m[0m
2026-10-07T10:15:43.2167671Z [  74% ] [90m[1mupdate_scripts_classes[22m | [39m[0m
2026-10-07T10:15:43.2167848Z [  74% ] [90m[1mupdate_scripts_classes[22m | [39m[0m
2026-10-07T10:15:43.2168010Z [  75% ] [90m[1mupdate_scripts_classes[22m | [39m[0m
2026-10-07T10:15:43.2168175Z [  75% ] [90m[1mupdate_scripts_classes[22m | [39m[0m
2026-10-07T10:15:43.2168340Z [  75% ] [90m[1mupdate_scripts_classes[22m | [39m[0m
2026-10-07T10:15:43.2168500Z [  75% ] [90m[1mupdate_scripts_classes[22m | [39m[0m
2026-10-07T10:15:43.2168666Z [  75% ] [90m[1mupdate_scripts_classes[22m | [39m[0m
2026-10-07T10:15:43.2168827Z [  75% ] [90m[1mupdate_scripts_classes[22m | [39m[0m
2026-10-07T10:15:43.2168991Z [  75% ] [90m[1mupdate_scripts_classes[22m | [39m[0m
2026-10-07T10:15:43.2169153Z [  75% ] [90m[1mupdate_scripts_classes[22m | [39m[0m
2026-10-07T10:15:43.2169320Z [  75% ] [90m[1mupdate_scripts_classes[22m | [39m[0m
2026-10-07T10:15:43.2169487Z [  75% ] [90m[1mupdate_scripts_classes[22m | [39m[0m
2026-10-07T10:15:43.2169644Z [  75% ] [90m[1mupdate_scripts_classes[22m | [39m[0m
2026-10-07T10:15:43.2169812Z [  75% ] [90m[1mupdate_scripts_classes[22m | [39m[0m
2026-10-07T10:15:43.2169977Z [  75% ] [90m[1mupdate_scripts_classes[22m | [39m[0m
2026-10-07T10:15:43.2170144Z [  75% ] [90m[1mupdate_scripts_classes[22m | [39m[0m
2026-10-07T10:15:43.2170303Z [  75% ] [90m[1mupdate_scripts_classes[22m | [39m[0m
2026-10-07T10:15:43.2170467Z [  75% ] [90m[1mupdate_scripts_classes[22m | [39m[0m
2026-10-07T10:15:43.2170629Z [  75% ] [90m[1mupdate_scripts_classes[22m | [39m[0m
2026-10-07T10:15:43.2170788Z [  75% ] [90m[1mupdate_scripts_classes[22m | [39m[0m
2026-10-07T10:15:43.2170951Z [  75% ] [90m[1mupdate_scripts_classes[22m | [39m[0m
2026-10-07T10:15:43.2171122Z [  75% ] [90m[1mupdate_scripts_classes[22m | [39m[0m
2026-10-07T10:15:43.2171437Z [  75% ] [90m[1mupdate_scripts_classes[22m | [39m[0m
2026-10-07T10:15:43.2171662Z [  75% ] [90m[1mupdate_scripts_classes[22m | [39m[0m
2026-10-07T10:15:43.2171886Z [  75% ] [90m[1mupdate_scripts_classes[22m | [39m[0m
2026-10-07T10:15:43.2172051Z [  75% ] [90m[1mupdate_scripts_classes[22m | [39m[0m
2026-10-07T10:15:43.2172210Z [  75% ] [90m[1mupdate_scripts_classes[22m | [39m[0m
2026-10-07T10:15:43.2172373Z [  75% ] [90m[1mupdate_scripts_classes[22m | [39m[0m
2026-10-07T10:15:43.2172536Z [  75% ] [90m[1mupdate_scripts_classes[22m | [39m[0m
2026-10-07T10:15:43.2172699Z [  75% ] [90m[1mupdate_scripts_classes[22m | [39m[0m
2026-10-07T10:15:43.2172859Z [  75% ] [90m[1mupdate_scripts_classes[22m | [39m[0m
2026-10-07T10:15:43.2173023Z [  75% ] [90m[1mupdate_scripts_classes[22m | [39m[0m
2026-10-07T10:15:43.2173190Z [  75% ] [90m[1mupdate_scripts_classes[22m | [39m[0m
2026-10-07T10:15:43.2173348Z [  76% ] [90m[1mupdate_scripts_classes[22m | [39m[0m
2026-10-07T10:15:43.2173621Z [  76% ] [90m[1mupdate_scripts_classes[22m | [39m[0m
2026-10-07T10:15:43.2173787Z [  76% ] [90m[1mupdate_scripts_classes[22m | [39m[0m
2026-10-07T10:15:43.2173952Z [  76% ] [90m[1mupdate_scripts_classes[22m | [39m[0m
2026-10-07T10:15:43.2174114Z [  76% ] [90m[1mupdate_scripts_classes[22m | [39m[0m
2026-10-07T10:15:43.2174287Z [  76% ] [90m[1mupdate_scripts_classes[22m | [39m[0m
2026-10-07T10:15:43.2174453Z [  76% ] [90m[1mupdate_scripts_classes[22m | [39m[0m
2026-10-07T10:15:43.2174611Z [  76% ] [90m[1mupdate_scripts_classes[22m | [39m[0m
2026-10-07T10:15:43.2174885Z [  76% ] [90m[1mupdate_scripts_classes[22m | [39m[0m
2026-10-07T10:15:43.2175049Z [  76% ] [90m[1mupdate_scripts_classes[22m | [39m[0m
2026-10-07T10:15:43.2175212Z [  76% ] [90m[1mupdate_scripts_classes[22m | [39m[0m
2026-10-07T10:15:43.2175497Z [  76% ] [90m[1mupdate_scripts_classes[22m | [39m[0m
2026-10-07T10:15:43.2175664Z [  76% ] [90m[1mupdate_scripts_classes[22m | [39m[0m
2026-10-07T10:15:43.2175830Z [  76% ] [90m[1mupdate_scripts_classes[22m | [39m[0m
2026-10-07T10:15:43.2175992Z [  76% ] [90m[1mupdate_scripts_classes[22m | [39m[0m
2026-10-07T10:15:43.2176155Z [  76% ] [90m[1mupdate_scripts_classes[22m | [39m[0m
2026-10-07T10:15:43.2176320Z [  76% ] [90m[1mupdate_scripts_classes[22m | [39m[0m
2026-10-07T10:15:43.2176484Z [  76% ] [90m[1mupdate_scripts_classes[22m | [39m[0m
2026-10-07T10:15:43.2176644Z [  76% ] [90m[1mupdate_scripts_classes[22m | [39m[0m
2026-10-07T10:15:43.2176808Z [  76% ] [90m[1mupdate_scripts_classes[22m | [39m[0m
2026-10-07T10:15:43.2176972Z [  76% ] [90m[1mupdate_scripts_classes[22m | [39m[0m
2026-10-07T10:15:43.2177131Z [  76% ] [90m[1mupdate_scripts_classes[22m | [39m[0m
2026-10-07T10:15:43.2177294Z [  76% ] [90m[1mupdate_scripts_classes[22m | [39m[0m
2026-10-07T10:15:43.2177459Z [  76% ] [90m[1mupdate_scripts_classes[22m | [39m[0m
2026-10-07T10:15:43.2177624Z [  76% ] [90m[1mupdate_scripts_classes[22m | [39m[0m
2026-10-07T10:15:43.2177782Z [  76% ] [90m[1mupdate_scripts_classes[22m | [39m[0m
2026-10-07T10:15:43.2177946Z [  76% ] [90m[1mupdate_scripts_classes[22m | [39m[0m
2026-10-07T10:15:43.2178108Z [  76% ] [90m[1mupdate_scripts_classes[22m | [39m[0m
2026-10-07T10:15:43.2178268Z [  76% ] [90m[1mupdate_scripts_classes[22m | [39m[0m
2026-10-07T10:15:43.2178434Z [  76% ] [90m[1mupdate_scripts_classes[22m | [39m[0m
2026-10-07T10:15:43.2178596Z [  76% ] [90m[1mupdate_scripts_classes[22m | [39m[0m
2026-10-07T10:15:43.2178759Z [  77% ] [90m[1mupdate_scripts_classes[22m | [39m[0m
2026-10-07T10:15:43.2178921Z [  77% ] [90m[1mupdate_scripts_classes[22m | [39m[0m
2026-10-07T10:15:43.2179085Z [  77% ] [90m[1mupdate_scripts_classes[22m | [39m[0m
2026-10-07T10:15:43.2179248Z [  77% ] [90m[1mupdate_scripts_classes[22m | [39m[0m
2026-10-07T10:15:43.2179411Z [  77% ] [90m[1mupdate_scripts_classes[22m | [39m[0m
2026-10-07T10:15:43.2179577Z [  77% ] [90m[1mupdate_scripts_classes[22m | [39m[0m
2026-10-07T10:15:43.2179742Z [  77% ] [90m[1mupdate_scripts_classes[22m | [39m[0m
2026-10-07T10:15:43.2179906Z [  77% ] [90m[1mupdate_scripts_classes[22m | [39m[0m
2026-10-07T10:15:43.2180065Z [  77% ] [90m[1mupdate_scripts_classes[22m | [39m[0m
2026-10-07T10:15:43.2180232Z [  77% ] [90m[1mupdate_scripts_classes[22m | [39m[0m
2026-10-07T10:15:43.2180396Z [  77% ] [90m[1mupdate_scripts_classes[22m | [39m[0m
2026-10-07T10:15:43.2180555Z [  77% ] [90m[1mupdate_scripts_classes[22m | [39m[0m
2026-10-07T10:15:43.2180720Z [  77% ] [90m[1mupdate_scripts_classes[22m | [39m[0m
2026-10-07T10:15:43.2180879Z [  77% ] [90m[1mupdate_scripts_classes[22m | [39m[0m
2026-10-07T10:15:43.2181040Z [  77% ] [90m[1mupdate_scripts_classes[22m | [39m[0m
2026-10-07T10:15:43.2181204Z [  77% ] [90m[1mupdate_scripts_classes[22m | [39m[0m
2026-10-07T10:15:43.2181378Z [  77% ] [90m[1mupdate_scripts_classes[22m | [39m[0m
2026-10-07T10:15:43.2181704Z [  77% ] [90m[1mupdate_scripts_classes[22m | [39m[0m
2026-10-07T10:15:43.2181869Z [  77% ] [90m[1mupdate_scripts_classes[22m | [39m[0m
2026-10-07T10:15:43.2182035Z [  77% ] [90m[1mupdate_scripts_classes[22m | [39m[0m
2026-10-07T10:15:43.2182202Z [  77% ] [90m[1mupdate_scripts_classes[22m | [39m[0m
2026-10-07T10:15:43.2182364Z [  77% ] [90m[1mupdate_scripts_classes[22m | [39m[0m
2026-10-07T10:15:43.2182522Z [  77% ] [90m[1mupdate_scripts_classes[22m | [39m[0m
2026-10-07T10:15:43.2182683Z [  77% ] [90m[1mupdate_scripts_classes[22m | [39m[0m
2026-10-07T10:15:43.2182844Z [  77% ] [90m[1mupdate_scripts_classes[22m | [39m[0m
2026-10-07T10:15:43.2183003Z [  77% ] [90m[1mupdate_scripts_classes[22m | [39m[0m
2026-10-07T10:15:43.2183163Z [  77% ] [90m[1mupdate_scripts_classes[22m | [39m[0m
2026-10-07T10:15:43.2183441Z [  77% ] [90m[1mupdate_scripts_classes[22m | [39m[0m
2026-10-07T10:15:43.2183603Z [  77% ] [90m[1mupdate_scripts_classes[22m | [39m[0m
2026-10-07T10:15:43.2183768Z [  77% ] [90m[1mupdate_scripts_classes[22m | [39m[0m
2026-10-07T10:15:43.2183933Z [  77% ] [90m[1mupdate_scripts_classes[22m | [39m[0m
2026-10-07T10:15:43.2184095Z [  78% ] [90m[1mupdate_scripts_classes[22m | [39m[0m
2026-10-07T10:15:43.2184254Z [  78% ] [90m[1mupdate_scripts_classes[22m | [39m[0m
2026-10-07T10:15:43.2184418Z [  78% ] [90m[1mupdate_scripts_classes[22m | [39m[0m
2026-10-07T10:15:43.2184582Z [  78% ] [90m[1mupdate_scripts_classes[22m | [39m[0m
2026-10-07T10:15:43.2184848Z [  78% ] [90m[1mupdate_scripts_classes[22m | [39m[0m
2026-10-07T10:15:43.2185011Z [  78% ] [90m[1mupdate_scripts_classes[22m | [39m[0m
2026-10-07T10:15:43.2185172Z [  78% ] [90m[1mupdate_scripts_classes[22m | [39m[0m
2026-10-07T10:15:43.2185335Z [  78% ] [90m[1mupdate_scripts_classes[22m | [39m[0m
2026-10-07T10:15:43.2185498Z [  78% ] [90m[1mupdate_scripts_classes[22m | [39m[0m
2026-10-07T10:15:43.2185666Z [  78% ] [90m[1mupdate_scripts_classes[22m | [39m[0m
2026-10-07T10:15:43.2185832Z [  78% ] [90m[1mupdate_scripts_classes[22m | [39m[0m
2026-10-07T10:15:43.2185997Z [  78% ] [90m[1mupdate_scripts_classes[22m | [39m[0m
2026-10-07T10:15:43.2186160Z [  78% ] [90m[1mupdate_scripts_classes[22m | [39m[0m
2026-10-07T10:15:43.2186323Z [  78% ] [90m[1mupdate_scripts_classes[22m | [39m[0m
2026-10-07T10:15:43.2186492Z [  78% ] [90m[1mupdate_scripts_classes[22m | [39m[0m
2026-10-07T10:15:43.2186652Z [  78% ] [90m[1mupdate_scripts_classes[22m | [39m[0m
2026-10-07T10:15:43.2186814Z [  78% ] [90m[1mupdate_scripts_classes[22m | [39m[0m
2026-10-07T10:15:43.2186978Z [  78% ] [90m[1mupdate_scripts_classes[22m | [39m[0m
2026-10-07T10:15:43.2187142Z [  78% ] [90m[1mupdate_scripts_classes[22m | [39m[0m
2026-10-07T10:15:43.2187300Z [  78% ] [90m[1mupdate_scripts_classes[22m | [39m[0m
2026-10-07T10:15:43.2187466Z [  78% ] [90m[1mupdate_scripts_classes[22m | [39m[0m
2026-10-07T10:15:43.2187631Z [  78% ] [90m[1mupdate_scripts_classes[22m | [39m[0m
2026-10-07T10:15:43.2187789Z [  78% ] [90m[1mupdate_scripts_classes[22m | [39m[0m
2026-10-07T10:15:43.2187950Z [  78% ] [90m[1mupdate_scripts_classes[22m | [39m[0m
2026-10-07T10:15:43.2188111Z [  78% ] [90m[1mupdate_scripts_classes[22m | [39m[0m
2026-10-07T10:15:43.2188274Z [  78% ] [90m[1mupdate_scripts_classes[22m | [39m[0m
2026-10-07T10:15:43.2188434Z [  78% ] [90m[1mupdate_scripts_classes[22m | [39m[0m
2026-10-07T10:15:43.2188598Z [  78% ] [90m[1mupdate_scripts_classes[22m | [39m[0m
2026-10-07T10:15:43.2188761Z [  78% ] [90m[1mupdate_scripts_classes[22m | [39m[0m
2026-10-07T10:15:43.2188921Z [  78% ] [90m[1mupdate_scripts_classes[22m | [39m[0m
2026-10-07T10:15:43.2189086Z [  78% ] [90m[1mupdate_scripts_classes[22m | [39m[0m
2026-10-07T10:15:43.2189255Z [  79% ] [90m[1mupdate_scripts_classes[22m | [39m[0m
2026-10-07T10:15:43.2189419Z [  79% ] [90m[1mupdate_scripts_classes[22m | [39m[0m
2026-10-07T10:15:43.2189704Z [  79% ] [90m[1mupdate_scripts_classes[22m | [39m[0m
2026-10-07T10:15:43.2189871Z [  79% ] [90m[1mupdate_scripts_classes[22m | [39m[0m
2026-10-07T10:15:43.2190038Z [  79% ] [90m[1mupdate_scripts_classes[22m | [39m[0m
2026-10-07T10:15:43.2190196Z [  79% ] [90m[1mupdate_scripts_classes[22m | [39m[0m
2026-10-07T10:15:43.2190361Z [  79% ] [90m[1mupdate_scripts_classes[22m | [39m[0m
2026-10-07T10:15:43.2190525Z [  79% ] [90m[1mupdate_scripts_classes[22m | [39m[0m
2026-10-07T10:15:43.2190688Z [  79% ] [90m[1mupdate_scripts_classes[22m | [39m[0m
2026-10-07T10:15:43.2190847Z [  79% ] [90m[1mupdate_scripts_classes[22m | [39m[0m
2026-10-07T10:15:43.2191014Z [  79% ] [90m[1mupdate_scripts_classes[22m | [39m[0m
2026-10-07T10:15:43.2191178Z [  79% ] [90m[1mupdate_scripts_classes[22m | [39m[0m
2026-10-07T10:15:43.2191457Z [  79% ] [90m[1mupdate_scripts_classes[22m | [39m[0m
2026-10-07T10:15:43.2191626Z [  79% ] [90m[1mupdate_scripts_classes[22m | [39m[0m
2026-10-07T10:15:43.2191795Z [  79% ] [90m[1mupdate_scripts_classes[22m | [39m[0m
2026-10-07T10:15:43.2191961Z [  79% ] [90m[1mupdate_scripts_classes[22m | [39m[0m
2026-10-07T10:15:43.2192121Z [  79% ] [90m[1mupdate_scripts_classes[22m | [39m[0m
2026-10-07T10:15:43.2192286Z [  79% ] [90m[1mupdate_scripts_classes[22m | [39m[0m
2026-10-07T10:15:43.2192449Z [  79% ] [90m[1mupdate_scripts_classes[22m | [39m[0m
2026-10-07T10:15:43.2192608Z [  79% ] [90m[1mupdate_scripts_classes[22m | [39m[0m
2026-10-07T10:15:43.2192772Z [  79% ] [90m[1mupdate_scripts_classes[22m | [39m[0m
2026-10-07T10:15:43.2192934Z [  79% ] [90m[1mupdate_scripts_classes[22m | [39m[0m
2026-10-07T10:15:43.2193095Z [  79% ] [90m[1mupdate_scripts_classes[22m | [39m[0m
2026-10-07T10:15:43.2193254Z [  79% ] [90m[1mupdate_scripts_classes[22m | [39m[0m
2026-10-07T10:15:43.2193535Z [  79% ] [90m[1mupdate_scripts_classes[22m | [39m[0m
2026-10-07T10:15:43.2193762Z [  79% ] [90m[1mupdate_scripts_classes[22m | [39m[0m
2026-10-07T10:15:43.2194036Z [  79% ] [90m[1mupdate_scripts_classes[22m | [39m[0m
2026-10-07T10:15:43.2194207Z [  79% ] [90m[1mupdate_scripts_classes[22m | [39m[0m
2026-10-07T10:15:43.2194373Z [  79% ] [90m[1mupdate_scripts_classes[22m | [39m[0m
2026-10-07T10:15:43.2194536Z [  79% ] [90m[1mupdate_scripts_classes[22m | [39m[0m
2026-10-07T10:15:43.2194893Z [  79% ] [90m[1mupdate_scripts_classes[22m | [39m[0m
2026-10-07T10:15:43.2195065Z [  80% ] [90m[1mupdate_scripts_classes[22m | [39m[0m
2026-10-07T10:15:43.2195233Z [  80% ] [90m[1mupdate_scripts_classes[22m | [39m[0m
2026-10-07T10:15:43.2195396Z [  80% ] [90m[1mupdate_scripts_classes[22m | [39m[0m
2026-10-07T10:15:43.2195560Z [  80% ] [90m[1mupdate_scripts_classes[22m | [39m[0m
2026-10-07T10:15:43.2195723Z [  80% ] [90m[1mupdate_scripts_classes[22m | [39m[0m
2026-10-07T10:15:43.2195894Z [  80% ] [90m[1mupdate_scripts_classes[22m | [39m[0m
2026-10-07T10:15:43.2196058Z [  80% ] [90m[1mupdate_scripts_classes[22m | [39m[0m
2026-10-07T10:15:43.2196220Z [  80% ] [90m[1mupdate_scripts_classes[22m | [39m[0m
2026-10-07T10:15:43.2196382Z [  80% ] [90m[1mupdate_scripts_classes[22m | [39m[0m
2026-10-07T10:15:43.2196541Z [  80% ] [90m[1mupdate_scripts_classes[22m | [39m[0m
2026-10-07T10:15:43.2196704Z [  80% ] [90m[1mupdate_scripts_classes[22m | [39m[0m
2026-10-07T10:15:43.2196866Z [  80% ] [90m[1mupdate_scripts_classes[22m | [39m[0m
2026-10-07T10:15:43.2197029Z [  80% ] [90m[1mupdate_scripts_classes[22m | [39m[0m
2026-10-07T10:15:43.2197196Z [  80% ] [90m[1mupdate_scripts_classes[22m | [39m[0m
2026-10-07T10:15:43.2197362Z [  80% ] [90m[1mupdate_scripts_classes[22m | [39m[0m
2026-10-07T10:15:43.2197526Z [  80% ] [90m[1mupdate_scripts_classes[22m | [39m[0m
2026-10-07T10:15:43.2197684Z [  80% ] [90m[1mupdate_scripts_classes[22m | [39m[0m
2026-10-07T10:15:43.2197855Z [  80% ] [90m[1mupdate_scripts_classes[22m | [39m[0m
2026-10-07T10:15:43.2198154Z [  80% ] [90m[1mupdate_scripts_classes[22m | [39m[0m
2026-10-07T10:15:43.2198324Z [  80% ] [90m[1mupdate_scripts_classes[22m | [39m[0m
2026-10-07T10:15:43.2198485Z [  80% ] [90m[1mupdate_scripts_classes[22m | [39m[0m
2026-10-07T10:15:43.2198650Z [  80% ] [90m[1mupdate_scripts_classes[22m | [39m[0m
2026-10-07T10:15:43.2198813Z [  80% ] [90m[1mupdate_scripts_classes[22m | [39m[0m
2026-10-07T10:15:43.2198973Z [  80% ] [90m[1mupdate_scripts_classes[22m | [39m[0m
2026-10-07T10:15:43.2199138Z [  80% ] [90m[1mupdate_scripts_classes[22m | [39m[0m
2026-10-07T10:15:43.2199301Z [  80% ] [90m[1mupdate_scripts_classes[22m | [39m[0m
2026-10-07T10:15:43.2199465Z [  80% ] [90m[1mupdate_scripts_classes[22m | [39m[0m
2026-10-07T10:15:43.2199625Z [  80% ] [90m[1mupdate_scripts_classes[22m | [39m[0m
2026-10-07T10:15:43.2199912Z [  80% ] [90m[1mupdate_scripts_classes[22m | [39m[0m
2026-10-07T10:15:43.2200079Z [  80% ] [90m[1mupdate_scripts_classes[22m | [39m[0m
2026-10-07T10:15:43.2200246Z [  80% ] [90m[1mupdate_scripts_classes[22m | [39m[0m
2026-10-07T10:15:43.2200409Z [  81% ] [90m[1mupdate_scripts_classes[22m | [39m[0m
2026-10-07T10:15:43.2200573Z [  81% ] [90m[1mupdate_scripts_classes[22m | [39m[0m
2026-10-07T10:15:43.2200734Z [  81% ] [90m[1mupdate_scripts_classes[22m | [39m[0m
2026-10-07T10:15:43.2200890Z [  81% ] [90m[1mupdate_scripts_classes[22m | [39m[0m
2026-10-07T10:15:43.2201052Z [  81% ] [90m[1mupdate_scripts_classes[22m | [39m[0m
2026-10-07T10:15:43.2201213Z [  81% ] [90m[1mupdate_scripts_classes[22m | [39m[0m
2026-10-07T10:15:43.2201371Z [  81% ] [90m[1mupdate_scripts_classes[22m | [39m[0m
2026-10-07T10:15:43.2201535Z [  81% ] [90m[1mupdate_scripts_classes[22m | [39m[0m
2026-10-07T10:15:43.2201695Z [  81% ] [90m[1mupdate_scripts_classes[22m | [39m[0m
2026-10-07T10:15:43.2201864Z [  81% ] [90m[1mupdate_scripts_classes[22m | [39m[0m
2026-10-07T10:15:43.2202023Z [  81% ] [90m[1mupdate_scripts_classes[22m | [39m[0m
2026-10-07T10:15:43.2202191Z [  81% ] [90m[1mupdate_scripts_classes[22m | [39m[0m
2026-10-07T10:15:43.2202354Z [  81% ] [90m[1mupdate_scripts_classes[22m | [39m[0m
2026-10-07T10:15:43.2202515Z [  81% ] [90m[1mupdate_scripts_classes[22m | [39m[0m
2026-10-07T10:15:43.2202681Z [  81% ] [90m[1mupdate_scripts_classes[22m | [39m[0m
2026-10-07T10:15:43.2202846Z [  81% ] [90m[1mupdate_scripts_classes[22m | [39m[0m
2026-10-07T10:15:43.2203009Z [  81% ] [90m[1mupdate_scripts_classes[22m | [39m[0m
2026-10-07T10:15:43.2203170Z [  81% ] [90m[1mupdate_scripts_classes[22m | [39m[0m
2026-10-07T10:15:43.2203333Z [  81% ] [90m[1mupdate_scripts_classes[22m | [39m[0m
2026-10-07T10:15:43.2203497Z [  81% ] [90m[1mupdate_scripts_classes[22m | [39m[0m
2026-10-07T10:15:43.2203657Z [  81% ] [90m[1mupdate_scripts_classes[22m | [39m[0m
2026-10-07T10:15:43.2203824Z [  81% ] [90m[1mupdate_scripts_classes[22m | [39m[0m
2026-10-07T10:15:43.2203988Z [  81% ] [90m[1mupdate_scripts_classes[22m | [39m[0m
2026-10-07T10:15:43.2204156Z [  81% ] [90m[1mupdate_scripts_classes[22m | [39m[0m
2026-10-07T10:15:43.2204318Z [  81% ] [90m[1mupdate_scripts_classes[22m | [39m[0m
2026-10-07T10:15:43.2204484Z [  81% ] [90m[1mupdate_scripts_classes[22m | [39m[0m
2026-10-07T10:15:43.2204764Z [  81% ] [90m[1mupdate_scripts_classes[22m | [39m[0m
2026-10-07T10:15:43.2204930Z [  81% ] [90m[1mupdate_scripts_classes[22m | [39m[0m
2026-10-07T10:15:43.2205094Z [  81% ] [90m[1mupdate_scripts_classes[22m | [39m[0m
2026-10-07T10:15:43.2205253Z [  81% ] [90m[1mupdate_scripts_classes[22m | [39m[0m
2026-10-07T10:15:43.2205418Z [  81% ] [90m[1mupdate_scripts_classes[22m | [39m[0m
2026-10-07T10:15:43.2205579Z [  82% ] [90m[1mupdate_scripts_classes[22m | [39m[0m
2026-10-07T10:15:43.2205741Z [  82% ] [90m[1mupdate_scripts_classes[22m | [39m[0m
2026-10-07T10:15:43.2205908Z [  82% ] [90m[1mupdate_scripts_classes[22m | [39m[0m
2026-10-07T10:15:43.2206193Z [  82% ] [90m[1mupdate_scripts_classes[22m | [39m[0m
2026-10-07T10:15:43.2206359Z [  82% ] [90m[1mupdate_scripts_classes[22m | [39m[0m
2026-10-07T10:15:43.2206526Z [  82% ] [90m[1mupdate_scripts_classes[22m | [39m[0m
2026-10-07T10:15:43.2206689Z [  82% ] [90m[1mupdate_scripts_classes[22m | [39m[0m
2026-10-07T10:15:43.2206849Z [  82% ] [90m[1mupdate_scripts_classes[22m | [39m[0m
2026-10-07T10:15:43.2207011Z [  82% ] [90m[1mupdate_scripts_classes[22m | [39m[0m
2026-10-07T10:15:43.2207175Z [  82% ] [90m[1mupdate_scripts_classes[22m | [39m[0m
2026-10-07T10:15:43.2207334Z [  82% ] [90m[1mupdate_scripts_classes[22m | [39m[0m
2026-10-07T10:15:43.2207502Z [  82% ] [90m[1mupdate_scripts_classes[22m | [39m[0m
2026-10-07T10:15:43.2207664Z [  82% ] [90m[1mupdate_scripts_classes[22m | [39m[0m
2026-10-07T10:15:43.2207947Z [  82% ] [90m[1mupdate_scripts_classes[22m | [39m[0m
2026-10-07T10:15:43.2208110Z [  82% ] [90m[1mupdate_scripts_classes[22m | [39m[0m
2026-10-07T10:15:43.2208278Z [  82% ] [90m[1mupdate_scripts_classes[22m | [39m[0m
2026-10-07T10:15:43.2208444Z [  82% ] [90m[1mupdate_scripts_classes[22m | [39m[0m
2026-10-07T10:15:43.2208603Z [  82% ] [90m[1mupdate_scripts_classes[22m | [39m[0m
2026-10-07T10:15:43.2208768Z [  82% ] [90m[1mupdate_scripts_classes[22m | [39m[0m
2026-10-07T10:15:43.2208932Z [  82% ] [90m[1mupdate_scripts_classes[22m | [39m[0m
2026-10-07T10:15:43.2209094Z [  82% ] [90m[1mupdate_scripts_classes[22m | [39m[0m
2026-10-07T10:15:43.2209255Z [  82% ] [90m[1mupdate_scripts_classes[22m | [39m[0m
2026-10-07T10:15:43.2209419Z [  82% ] [90m[1mupdate_scripts_classes[22m | [39m[0m
2026-10-07T10:15:43.2209586Z [  82% ] [90m[1mupdate_scripts_classes[22m | [39m[0m
2026-10-07T10:15:43.2209745Z [  82% ] [90m[1mupdate_scripts_classes[22m | [39m[0m
2026-10-07T10:15:43.2209914Z [  82% ] [90m[1mupdate_scripts_classes[22m | [39m[0m
2026-10-07T10:15:43.2210080Z [  82% ] [90m[1mupdate_scripts_classes[22m | [39m[0m
2026-10-07T10:15:43.2210248Z [  82% ] [90m[1mupdate_scripts_classes[22m | [39m[0m
2026-10-07T10:15:43.2210409Z [  82% ] [90m[1mupdate_scripts_classes[22m | [39m[0m
2026-10-07T10:15:43.2210576Z [  82% ] [90m[1mupdate_scripts_classes[22m | [39m[0m
2026-10-07T10:15:43.2210741Z [  82% ] [90m[1mupdate_scripts_classes[22m | [39m[0m
2026-10-07T10:15:43.2210900Z [  83% ] [90m[1mupdate_scripts_classes[22m | [39m[0m
2026-10-07T10:15:43.2211067Z [  83% ] [90m[1mupdate_scripts_classes[22m | [39m[0m
2026-10-07T10:15:43.2211229Z [  83% ] [90m[1mupdate_scripts_classes[22m | [39m[0m
2026-10-07T10:15:43.2211392Z [  83% ] [90m[1mupdate_scripts_classes[22m | [39m[0m
2026-10-07T10:15:43.2211550Z [  83% ] [90m[1mupdate_scripts_classes[22m | [39m[0m
2026-10-07T10:15:43.2211713Z [  83% ] [90m[1mupdate_scripts_classes[22m | [39m[0m
2026-10-07T10:15:43.2211879Z [  83% ] [90m[1mupdate_scripts_classes[22m | [39m[0m
2026-10-07T10:15:43.2212039Z [  83% ] [90m[1mupdate_scripts_classes[22m | [39m[0m
2026-10-07T10:15:43.2212203Z [  83% ] [90m[1mupdate_scripts_classes[22m | [39m[0m
2026-10-07T10:15:43.2212368Z [  83% ] [90m[1mupdate_scripts_classes[22m | [39m[0m
2026-10-07T10:15:43.2212529Z [  83% ] [90m[1mupdate_scripts_classes[22m | [39m[0m
2026-10-07T10:15:43.2212691Z [  83% ] [90m[1mupdate_scripts_classes[22m | [39m[0m
2026-10-07T10:15:43.2212855Z [  83% ] [90m[1mupdate_scripts_classes[22m | [39m[0m
2026-10-07T10:15:43.2213017Z [  83% ] [90m[1mupdate_scripts_classes[22m | [39m[0m
2026-10-07T10:15:43.2213175Z [  83% ] [90m[1mupdate_scripts_classes[22m | [39m[0m
2026-10-07T10:15:43.2213340Z [  83% ] [90m[1mupdate_scripts_classes[22m | [39m[0m
2026-10-07T10:15:43.2213502Z [  83% ] [90m[1mupdate_scripts_classes[22m | [39m[0m
2026-10-07T10:15:43.2213661Z [  83% ] [90m[1mupdate_scripts_classes[22m | [39m[0m
2026-10-07T10:15:43.2213824Z [  83% ] [90m[1mupdate_scripts_classes[22m | [39m[0m
2026-10-07T10:15:43.2214077Z [  83% ] [90m[1mupdate_scripts_classes[22m | [39m[0m
2026-10-07T10:15:43.2214244Z [  83% ] [90m[1mupdate_scripts_classes[22m | [39m[0m
2026-10-07T10:15:43.2214403Z [  83% ] [90m[1mupdate_scripts_classes[22m | [39m[0m
2026-10-07T10:15:43.2214566Z [  83% ] [90m[1mupdate_scripts_classes[22m | [39m[0m
2026-10-07T10:15:43.2214841Z [  83% ] [90m[1mupdate_scripts_classes[22m | [39m[0m
2026-10-07T10:15:43.2215007Z [  83% ] [90m[1mupdate_scripts_classes[22m | [39m[0m
2026-10-07T10:15:43.2215167Z [  83% ] [90m[1mupdate_scripts_classes[22m | [39m[0m
2026-10-07T10:15:43.2215330Z [  83% ] [90m[1mupdate_scripts_classes[22m | [39m[0m
2026-10-07T10:15:43.2215493Z [  83% ] [90m[1mupdate_scripts_classes[22m | [39m[0m
2026-10-07T10:15:43.2215652Z [  83% ] [90m[1mupdate_scripts_classes[22m | [39m[0m
2026-10-07T10:15:43.2216084Z [  83% ] [90m[1mupdate_scripts_classes[22m | [39m[0m
2026-10-07T10:15:43.2216360Z [  83% ] [90m[1mupdate_scripts_classes[22m | [39m[0m
2026-10-07T10:15:43.2216535Z [  84% ] [90m[1mupdate_scripts_classes[22m | [39m[0m
2026-10-07T10:15:43.2216699Z [  84% ] [90m[1mupdate_scripts_classes[22m | [39m[0m
2026-10-07T10:15:43.2216863Z [  84% ] [90m[1mupdate_scripts_classes[22m | [39m[0m
2026-10-07T10:15:43.2217025Z [  84% ] [90m[1mupdate_scripts_classes[22m | [39m[0m
2026-10-07T10:15:43.2217186Z [  84% ] [90m[1mupdate_scripts_classes[22m | [39m[0m
2026-10-07T10:15:43.2217348Z [  84% ] [90m[1mupdate_scripts_classes[22m | [39m[0m
2026-10-07T10:15:43.2217509Z [  84% ] [90m[1mupdate_scripts_classes[22m | [39m[0m
2026-10-07T10:15:43.2217674Z [  84% ] [90m[1mupdate_scripts_classes[22m | [39m[0m
2026-10-07T10:15:43.2217833Z [  84% ] [90m[1mupdate_scripts_classes[22m | [39m[0m
2026-10-07T10:15:43.2217994Z [  84% ] [90m[1mupdate_scripts_classes[22m | [39m[0m
2026-10-07T10:15:43.2218160Z [  84% ] [90m[1mupdate_scripts_classes[22m | [39m[0m
2026-10-07T10:15:43.2218319Z [  84% ] [90m[1mupdate_scripts_classes[22m | [39m[0m
2026-10-07T10:15:43.2218486Z [  84% ] [90m[1mupdate_scripts_classes[22m | [39m[0m
2026-10-07T10:15:43.2218647Z [  84% ] [90m[1mupdate_scripts_classes[22m | [39m[0m
2026-10-07T10:15:43.2218810Z [  84% ] [90m[1mupdate_scripts_classes[22m | [39m[0m
2026-10-07T10:15:43.2218968Z [  84% ] [90m[1mupdate_scripts_classes[22m | [39m[0m
2026-10-07T10:15:43.2219186Z [  84% ] [90m[1mupdate_scripts_classes[22m | [39m[0m
2026-10-07T10:15:43.2219446Z [  84% ] [90m[1mupdate_scripts_classes[22m | [39m[0m
2026-10-07T10:15:43.2219713Z [  84% ] [90m[1mupdate_scripts_classes[22m | [39m[0m
2026-10-07T10:15:43.2219885Z [  84% ] [90m[1mupdate_scripts_classes[22m | [39m[0m
2026-10-07T10:15:43.2220048Z [  84% ] [90m[1mupdate_scripts_classes[22m | [39m[0m
2026-10-07T10:15:43.2220213Z [  84% ] [90m[1mupdate_scripts_classes[22m | [39m[0m
2026-10-07T10:15:43.2220379Z [  84% ] [90m[1mupdate_scripts_classes[22m | [39m[0m
2026-10-07T10:15:43.2220547Z [  84% ] [90m[1mupdate_scripts_classes[22m | [39m[0m
2026-10-07T10:15:43.2220714Z [  84% ] [90m[1mupdate_scripts_classes[22m | [39m[0m
2026-10-07T10:15:43.2220874Z [  84% ] [90m[1mupdate_scripts_classes[22m | [39m[0m
2026-10-07T10:15:43.2221047Z [  84% ] [90m[1mupdate_scripts_classes[22m | [39m[0m
2026-10-07T10:15:43.2221215Z [  84% ] [90m[1mupdate_scripts_classes[22m | [39m[0m
2026-10-07T10:15:43.2221379Z [  84% ] [90m[1mupdate_scripts_classes[22m | [39m[0m
2026-10-07T10:15:43.2221538Z [  84% ] [90m[1mupdate_scripts_classes[22m | [39m[0m
2026-10-07T10:15:43.2221702Z [  84% ] [90m[1mupdate_scripts_classes[22m | [39m[0m
2026-10-07T10:15:43.2221868Z [  85% ] [90m[1mupdate_scripts_classes[22m | [39m[0m
2026-10-07T10:15:43.2222031Z [  85% ] [90m[1mupdate_scripts_classes[22m | [39m[0m
2026-10-07T10:15:43.2222198Z [  85% ] [90m[1mupdate_scripts_classes[22m | [39m[0m
2026-10-07T10:15:43.2222489Z [  85% ] [90m[1mupdate_scripts_classes[22m | [39m[0m
2026-10-07T10:15:43.2222894Z [  85% ] [90m[1mupdate_scripts_classes[22m | [39m[0m
2026-10-07T10:15:43.2223063Z [  85% ] [90m[1mupdate_scripts_classes[22m | [39m[0m
2026-10-07T10:15:43.2223231Z [  85% ] [90m[1mupdate_scripts_classes[22m | [39m[0m
2026-10-07T10:15:43.2223395Z [  85% ] [90m[1mupdate_scripts_classes[22m | [39m[0m
2026-10-07T10:15:43.2223553Z [  85% ] [90m[1mupdate_scripts_classes[22m | [39m[0m
2026-10-07T10:15:43.2223719Z [  85% ] [90m[1mupdate_scripts_classes[22m | [39m[0m
2026-10-07T10:15:43.2223883Z [  85% ] [90m[1mupdate_scripts_classes[22m | [39m[0m
2026-10-07T10:15:43.2224047Z [  85% ] [90m[1mupdate_scripts_classes[22m | [39m[0m
2026-10-07T10:15:43.2224207Z [  85% ] [90m[1mupdate_scripts_classes[22m | [39m[0m
2026-10-07T10:15:43.2224373Z [  85% ] [90m[1mupdate_scripts_classes[22m | [39m[0m
2026-10-07T10:15:43.2224546Z [  85% ] [90m[1mupdate_scripts_classes[22m | [39m[0m
2026-10-07T10:15:43.2224900Z [  85% ] [90m[1mupdate_scripts_classes[22m | [39m[0m
2026-10-07T10:15:43.2225079Z [  85% ] [90m[1mupdate_scripts_classes[22m | [39m[0m
2026-10-07T10:15:43.2225247Z [  85% ] [90m[1mupdate_scripts_classes[22m | [39m[0m
2026-10-07T10:15:43.2225466Z [  85% ] [90m[1mupdate_scripts_classes[22m | [39m[0m
2026-10-07T10:15:43.2225712Z [  85% ] [90m[1mupdate_scripts_classes[22m | [39m[0m
2026-10-07T10:15:43.2225987Z [  85% ] [90m[1mupdate_scripts_classes[22m | [39m[0m
2026-10-07T10:15:43.2226154Z [  85% ] [90m[1mupdate_scripts_classes[22m | [39m[0m
2026-10-07T10:15:43.2226314Z [  85% ] [90m[1mupdate_scripts_classes[22m | [39m[0m
2026-10-07T10:15:43.2226480Z [  85% ] [90m[1mupdate_scripts_classes[22m | [39m[0m
2026-10-07T10:15:43.2226643Z [  85% ] [90m[1mupdate_scripts_classes[22m | [39m[0m
2026-10-07T10:15:43.2226804Z [  85% ] [90m[1mupdate_scripts_classes[22m | [39m[0m
2026-10-07T10:15:43.2226965Z [  85% ] [90m[1mupdate_scripts_classes[22m | [39m[0m
2026-10-07T10:15:43.2227128Z [  85% ] [90m[1mupdate_scripts_classes[22m | [39m[0m
2026-10-07T10:15:43.2227294Z [  85% ] [90m[1mupdate_scripts_classes[22m | [39m[0m
2026-10-07T10:15:43.2227453Z [  85% ] [90m[1mupdate_scripts_classes[22m | [39m[0m
2026-10-07T10:15:43.2227619Z [  85% ] [90m[1mupdate_scripts_classes[22m | [39m[0m
2026-10-07T10:15:43.2227784Z [  86% ] [90m[1mupdate_scripts_classes[22m | [39m[0m
2026-10-07T10:15:43.2227948Z [  86% ] [90m[1mupdate_scripts_classes[22m | [39m[0m
2026-10-07T10:15:43.2228105Z [  86% ] [90m[1mupdate_scripts_classes[22m | [39m[0m
2026-10-07T10:15:43.2228273Z [  86% ] [90m[1mupdate_scripts_classes[22m | [39m[0m
2026-10-07T10:15:43.2228437Z [  86% ] [90m[1mupdate_scripts_classes[22m | [39m[0m
2026-10-07T10:15:43.2228595Z [  86% ] [90m[1mupdate_scripts_classes[22m | [39m[0m
2026-10-07T10:15:43.2228761Z [  86% ] [90m[1mupdate_scripts_classes[22m | [39m[0m
2026-10-07T10:15:43.2228997Z [  86% ] [90m[1mupdate_scripts_classes[22m | [39m[0m
2026-10-07T10:15:43.2229262Z [  86% ] [90m[1mupdate_scripts_classes[22m | [39m[0m
2026-10-07T10:15:43.2229511Z [  86% ] [90m[1mupdate_scripts_classes[22m | [39m[0m
2026-10-07T10:15:43.2229682Z [  86% ] [90m[1mupdate_scripts_classes[22m | [39m[0m
2026-10-07T10:15:43.2229850Z [  86% ] [90m[1mupdate_scripts_classes[22m | [39m[0m
2026-10-07T10:15:43.2230012Z [  86% ] [90m[1mupdate_scripts_classes[22m | [39m[0m
2026-10-07T10:15:43.2230176Z [  86% ] [90m[1mupdate_scripts_classes[22m | [39m[0m
2026-10-07T10:15:43.2230338Z [  86% ] [90m[1mupdate_scripts_classes[22m | [39m[0m
2026-10-07T10:15:43.2230500Z [  86% ] [90m[1mupdate_scripts_classes[22m | [39m[0m
2026-10-07T10:15:43.2230669Z [  86% ] [90m[1mupdate_scripts_classes[22m | [39m[0m
2026-10-07T10:15:43.2230833Z [  86% ] [90m[1mupdate_scripts_classes[22m | [39m[0m
2026-10-07T10:15:43.2230996Z [  86% ] [90m[1mupdate_scripts_classes[22m | [39m[0m
2026-10-07T10:15:43.2231158Z [  86% ] [90m[1mupdate_scripts_classes[22m | [39m[0m
2026-10-07T10:15:43.2231461Z [  86% ] [90m[1mupdate_scripts_classes[22m | [39m[0m
2026-10-07T10:15:43.2231628Z [  86% ] [90m[1mupdate_scripts_classes[22m | [39m[0m
2026-10-07T10:15:43.2231791Z [  86% ] [90m[1mupdate_scripts_classes[22m | [39m[0m
2026-10-07T10:15:43.2231949Z [  86% ] [90m[1mupdate_scripts_classes[22m | [39m[0m
2026-10-07T10:15:43.2232112Z [  86% ] [90m[1mupdate_scripts_classes[22m | [39m[0m
2026-10-07T10:15:43.2232273Z [  86% ] [90m[1mupdate_scripts_classes[22m | [39m[0m
2026-10-07T10:15:43.2232433Z [  86% ] [90m[1mupdate_scripts_classes[22m | [39m[0m
2026-10-07T10:15:43.2232704Z [  86% ] [90m[1mupdate_scripts_classes[22m | [39m[0m
2026-10-07T10:15:43.2232961Z [  86% ] [90m[1mupdate_scripts_classes[22m | [39m[0m
2026-10-07T10:15:43.2233186Z [  86% ] [90m[1mupdate_scripts_classes[22m | [39m[0m
2026-10-07T10:15:43.2233349Z [  86% ] [90m[1mupdate_scripts_classes[22m | [39m[0m
2026-10-07T10:15:43.2233643Z [  87% ] [90m[1mupdate_scripts_classes[22m | [39m[0m
2026-10-07T10:15:43.2233816Z [  87% ] [90m[1mupdate_scripts_classes[22m | [39m[0m
2026-10-07T10:15:43.2233976Z [  87% ] [90m[1mupdate_scripts_classes[22m | [39m[0m
2026-10-07T10:15:43.2234142Z [  87% ] [90m[1mupdate_scripts_classes[22m | [39m[0m
2026-10-07T10:15:43.2234306Z [  87% ] [90m[1mupdate_scripts_classes[22m | [39m[0m
2026-10-07T10:15:43.2234469Z [  87% ] [90m[1mupdate_scripts_classes[22m | [39m[0m
2026-10-07T10:15:43.2234629Z [  87% ] [90m[1mupdate_scripts_classes[22m | [39m[0m
2026-10-07T10:15:43.2234911Z [  87% ] [90m[1mupdate_scripts_classes[22m | [39m[0m
2026-10-07T10:15:43.2235079Z [  87% ] [90m[1mupdate_scripts_classes[22m | [39m[0m
2026-10-07T10:15:43.2235239Z [  87% ] [90m[1mupdate_scripts_classes[22m | [39m[0m
2026-10-07T10:15:43.2235405Z [  87% ] [90m[1mupdate_scripts_classes[22m | [39m[0m
2026-10-07T10:15:43.2235574Z [  87% ] [90m[1mupdate_scripts_classes[22m | [39m[0m
2026-10-07T10:15:43.2235736Z [  87% ] [90m[1mupdate_scripts_classes[22m | [39m[0m
2026-10-07T10:15:43.2235901Z [  87% ] [90m[1mupdate_scripts_classes[22m | [39m[0m
2026-10-07T10:15:43.2236064Z [  87% ] [90m[1mupdate_scripts_classes[22m | [39m[0m
2026-10-07T10:15:43.2236226Z [  87% ] [90m[1mupdate_scripts_classes[22m | [39m[0m
2026-10-07T10:15:43.2236383Z [  87% ] [90m[1mupdate_scripts_classes[22m | [39m[0m
2026-10-07T10:15:43.2236553Z [  87% ] [90m[1mupdate_scripts_classes[22m | [39m[0m
2026-10-07T10:15:43.2236823Z [  87% ] [90m[1mupdate_scripts_classes[22m | [39m[0m
2026-10-07T10:15:43.2237076Z [  87% ] [90m[1mupdate_scripts_classes[22m | [39m[0m
2026-10-07T10:15:43.2237296Z [  87% ] [90m[1mupdate_scripts_classes[22m | [39m[0m
2026-10-07T10:15:43.2237464Z [  87% ] [90m[1mupdate_scripts_classes[22m | [39m[0m
2026-10-07T10:15:43.2237626Z [  87% ] [90m[1mupdate_scripts_classes[22m | [39m[0m
2026-10-07T10:15:43.2237792Z [  87% ] [90m[1mupdate_scripts_classes[22m | [39m[0m
2026-10-07T10:15:43.2237958Z [  87% ] [90m[1mupdate_scripts_classes[22m | [39m[0m
2026-10-07T10:15:43.2238122Z [  87% ] [90m[1mupdate_scripts_classes[22m | [39m[0m
2026-10-07T10:15:43.2238288Z [  87% ] [90m[1mupdate_scripts_classes[22m | [39m[0m
2026-10-07T10:15:43.2238451Z [  87% ] [90m[1mupdate_scripts_classes[22m | [39m[0m
2026-10-07T10:15:43.2238617Z [  87% ] [90m[1mupdate_scripts_classes[22m | [39m[0m
2026-10-07T10:15:43.2238782Z [  87% ] [90m[1mupdate_scripts_classes[22m | [39m[0m
2026-10-07T10:15:43.2238942Z [  87% ] [90m[1mupdate_scripts_classes[22m | [39m[0m
2026-10-07T10:15:43.2239106Z [  88% ] [90m[1mupdate_scripts_classes[22m | [39m[0m
2026-10-07T10:15:43.2239270Z [  88% ] [90m[1mupdate_scripts_classes[22m | [39m[0m
2026-10-07T10:15:43.2239434Z [  88% ] [90m[1mupdate_scripts_classes[22m | [39m[0m
2026-10-07T10:15:43.2239593Z [  88% ] [90m[1mupdate_scripts_classes[22m | [39m[0m
2026-10-07T10:15:43.2239763Z [  88% ] [90m[1mupdate_scripts_classes[22m | [39m[0m
2026-10-07T10:15:43.2240218Z [  88% ] [90m[1mupdate_scripts_classes[22m | [39m[0m
2026-10-07T10:15:43.2240464Z [  88% ] [90m[1mupdate_scripts_classes[22m | [39m[0m
2026-10-07T10:15:43.2240634Z [  88% ] [90m[1mupdate_scripts_classes[22m | [39m[0m
2026-10-07T10:15:43.2240796Z [  88% ] [90m[1mupdate_scripts_classes[22m | [39m[0m
2026-10-07T10:15:43.2240959Z [  88% ] [90m[1mupdate_scripts_classes[22m | [39m[0m
2026-10-07T10:15:43.2241118Z [  88% ] [90m[1mupdate_scripts_classes[22m | [39m[0m
2026-10-07T10:15:43.2241281Z [  88% ] [90m[1mupdate_scripts_classes[22m | [39m[0m
2026-10-07T10:15:43.2241445Z [  88% ] [90m[1mupdate_scripts_classes[22m | [39m[0m
2026-10-07T10:15:43.2241607Z [  88% ] [90m[1mupdate_scripts_classes[22m | [39m[0m
2026-10-07T10:15:43.2241771Z [  88% ] [90m[1mupdate_scripts_classes[22m | [39m[0m
2026-10-07T10:15:43.2241936Z [  88% ] [90m[1mupdate_scripts_classes[22m | [39m[0m
2026-10-07T10:15:43.2242294Z [  88% ] [90m[1mupdate_scripts_classes[22m | [39m[0m
2026-10-07T10:15:43.2242460Z [  88% ] [90m[1mupdate_scripts_classes[22m | [39m[0m
2026-10-07T10:15:43.2242626Z [  88% ] [90m[1mupdate_scripts_classes[22m | [39m[0m
2026-10-07T10:15:43.2242790Z [  88% ] [90m[1mupdate_scripts_classes[22m | [39m[0m
2026-10-07T10:15:43.2242950Z [  88% ] [90m[1mupdate_scripts_classes[22m | [39m[0m
2026-10-07T10:15:43.2243116Z [  88% ] [90m[1mupdate_scripts_classes[22m | [39m[0m
2026-10-07T10:15:43.2243363Z [  88% ] [90m[1mupdate_scripts_classes[22m | [39m[0m
2026-10-07T10:15:43.2243634Z [  88% ] [90m[1mupdate_scripts_classes[22m | [39m[0m
2026-10-07T10:15:43.2243864Z [  88% ] [90m[1mupdate_scripts_classes[22m | [39m[0m
2026-10-07T10:15:43.2244031Z [  88% ] [90m[1mupdate_scripts_classes[22m | [39m[0m
2026-10-07T10:15:43.2244195Z [  88% ] [90m[1mupdate_scripts_classes[22m | [39m[0m
2026-10-07T10:15:43.2244362Z [  88% ] [90m[1mupdate_scripts_classes[22m | [39m[0m
2026-10-07T10:15:43.2244526Z [  88% ] [90m[1mupdate_scripts_classes[22m | [39m[0m
2026-10-07T10:15:43.2244798Z [  88% ] [90m[1mupdate_scripts_classes[22m | [39m[0m
2026-10-07T10:15:43.2244967Z [  88% ] [90m[1mupdate_scripts_classes[22m | [39m[0m
2026-10-07T10:15:43.2245128Z [  89% ] [90m[1mupdate_scripts_classes[22m | [39m[0m
2026-10-07T10:15:43.2245295Z [  89% ] [90m[1mupdate_scripts_classes[22m | [39m[0m
2026-10-07T10:15:43.2245458Z [  89% ] [90m[1mupdate_scripts_classes[22m | [39m[0m
2026-10-07T10:15:43.2245617Z [  89% ] [90m[1mupdate_scripts_classes[22m | [39m[0m
2026-10-07T10:15:43.2245784Z [  89% ] [90m[1mupdate_scripts_classes[22m | [39m[0m
2026-10-07T10:15:43.2245951Z [  89% ] [90m[1mupdate_scripts_classes[22m | [39m[0m
2026-10-07T10:15:43.2246115Z [  89% ] [90m[1mupdate_scripts_classes[22m | [39m[0m
2026-10-07T10:15:43.2246274Z [  89% ] [90m[1mupdate_scripts_classes[22m | [39m[0m
2026-10-07T10:15:43.2246443Z [  89% ] [90m[1mupdate_scripts_classes[22m | [39m[0m
2026-10-07T10:15:43.2246611Z [  89% ] [90m[1mupdate_scripts_classes[22m | [39m[0m
2026-10-07T10:15:43.2246773Z [  89% ] [90m[1mupdate_scripts_classes[22m | [39m[0m
2026-10-07T10:15:43.2246940Z [  89% ] [90m[1mupdate_scripts_classes[22m | [39m[0m
2026-10-07T10:15:43.2247106Z [  89% ] [90m[1mupdate_scripts_classes[22m | [39m[0m
2026-10-07T10:15:43.2247269Z [  89% ] [90m[1mupdate_scripts_classes[22m | [39m[0m
2026-10-07T10:15:43.2247428Z [  89% ] [90m[1mupdate_scripts_classes[22m | [39m[0m
2026-10-07T10:15:43.2247594Z [  89% ] [90m[1mupdate_scripts_classes[22m | [39m[0m
2026-10-07T10:15:43.2247758Z [  89% ] [90m[1mupdate_scripts_classes[22m | [39m[0m
2026-10-07T10:15:43.2247947Z [  89% ] [90m[1mupdate_scripts_classes[22m | [39m[0m
2026-10-07T10:15:43.2248113Z [  89% ] [90m[1mupdate_scripts_classes[22m | [39m[0m
2026-10-07T10:15:43.2248277Z [  89% ] [90m[1mupdate_scripts_classes[22m | [39m[0m
2026-10-07T10:15:43.2248448Z [  89% ] [90m[1mupdate_scripts_classes[22m | [39m[0m
2026-10-07T10:15:43.2248770Z [  89% ] [90m[1mupdate_scripts_classes[22m | [39m[0m
2026-10-07T10:15:43.2248939Z [  89% ] [90m[1mupdate_scripts_classes[22m | [39m[0m
2026-10-07T10:15:43.2249105Z [  89% ] [90m[1mupdate_scripts_classes[22m | [39m[0m
2026-10-07T10:15:43.2249265Z [  89% ] [90m[1mupdate_scripts_classes[22m | [39m[0m
2026-10-07T10:15:43.2249436Z [  89% ] [90m[1mupdate_scripts_classes[22m | [39m[0m
2026-10-07T10:15:43.2249602Z [  89% ] [90m[1mupdate_scripts_classes[22m | [39m[0m
2026-10-07T10:15:43.2249767Z [  89% ] [90m[1mupdate_scripts_classes[22m | [39m[0m
2026-10-07T10:15:43.2249928Z [  89% ] [90m[1mupdate_scripts_classes[22m | [39m[0m
2026-10-07T10:15:43.2250091Z [  89% ] [90m[1mupdate_scripts_classes[22m | [39m[0m
2026-10-07T10:15:43.2250255Z [  89% ] [90m[1mupdate_scripts_classes[22m | [39m[0m
2026-10-07T10:15:43.2250416Z [  90% ] [90m[1mupdate_scripts_classes[22m | [39m[0m
2026-10-07T10:15:43.2250705Z [  90% ] [90m[1mupdate_scripts_classes[22m | [39m[0m
2026-10-07T10:15:43.2250874Z [  90% ] [90m[1mupdate_scripts_classes[22m | [39m[0m
2026-10-07T10:15:43.2251037Z [  90% ] [90m[1mupdate_scripts_classes[22m | [39m[0m
2026-10-07T10:15:43.2251199Z [  90% ] [90m[1mupdate_scripts_classes[22m | [39m[0m
2026-10-07T10:15:43.2251361Z [  90% ] [90m[1mupdate_scripts_classes[22m | [39m[0m
2026-10-07T10:15:43.2251527Z [  90% ] [90m[1mupdate_scripts_classes[22m | [39m[0m
2026-10-07T10:15:43.2251687Z [  90% ] [90m[1mupdate_scripts_classes[22m | [39m[0m
2026-10-07T10:15:43.2251848Z [  90% ] [90m[1mupdate_scripts_classes[22m | [39m[0m
2026-10-07T10:15:43.2252009Z [  90% ] [90m[1mupdate_scripts_classes[22m | [39m[0m
2026-10-07T10:15:43.2252173Z [  90% ] [90m[1mupdate_scripts_classes[22m | [39m[0m
2026-10-07T10:15:43.2252333Z [  90% ] [90m[1mupdate_scripts_classes[22m | [39m[0m
2026-10-07T10:15:43.2252502Z [  90% ] [90m[1mupdate_scripts_classes[22m | [39m[0m
2026-10-07T10:15:43.2252667Z [  90% ] [90m[1mupdate_scripts_classes[22m | [39m[0m
2026-10-07T10:15:43.2252838Z [  90% ] [90m[1mupdate_scripts_classes[22m | [39m[0m
2026-10-07T10:15:43.2253008Z [  90% ] [90m[1mupdate_scripts_classes[22m | [39m[0m
2026-10-07T10:15:43.2253172Z [  90% ] [90m[1mupdate_scripts_classes[22m | [39m[0m
2026-10-07T10:15:43.2253336Z [  90% ] [90m[1mupdate_scripts_classes[22m | [39m[0m
2026-10-07T10:15:43.2253496Z [  90% ] [90m[1mupdate_scripts_classes[22m | [39m[0m
2026-10-07T10:15:43.2253659Z [  90% ] [90m[1mupdate_scripts_classes[22m | [39m[0m
2026-10-07T10:15:43.2253825Z [  90% ] [90m[1mupdate_scripts_classes[22m | [39m[0m
2026-10-07T10:15:43.2253986Z [  90% ] [90m[1mupdate_scripts_classes[22m | [39m[0m
2026-10-07T10:15:43.2254148Z [  90% ] [90m[1mupdate_scripts_classes[22m | [39m[0m
2026-10-07T10:15:43.2254311Z [  90% ] [90m[1mupdate_scripts_classes[22m | [39m[0m
2026-10-07T10:15:43.2254478Z [  90% ] [90m[1mupdate_scripts_classes[22m | [39m[0m
2026-10-07T10:15:43.2254739Z [  90% ] [90m[1mupdate_scripts_classes[22m | [39m[0m
2026-10-07T10:15:43.2254913Z [  90% ] [90m[1mupdate_scripts_classes[22m | [39m[0m
2026-10-07T10:15:43.2255078Z [  90% ] [90m[1mupdate_scripts_classes[22m | [39m[0m
2026-10-07T10:15:43.2255238Z [  90% ] [90m[1mupdate_scripts_classes[22m | [39m[0m
2026-10-07T10:15:43.2255405Z [  90% ] [90m[1mupdate_scripts_classes[22m | [39m[0m
2026-10-07T10:15:43.2255569Z [  90% ] [90m[1mupdate_scripts_classes[22m | [39m[0m
2026-10-07T10:15:43.2255734Z [  91% ] [90m[1mupdate_scripts_classes[22m | [39m[0m
2026-10-07T10:15:43.2255895Z [  91% ] [90m[1mupdate_scripts_classes[22m | [39m[0m
2026-10-07T10:15:43.2256064Z [  91% ] [90m[1mupdate_scripts_classes[22m | [39m[0m
2026-10-07T10:15:43.2256228Z [  91% ] [90m[1mupdate_scripts_classes[22m | [39m[0m
2026-10-07T10:15:43.2256390Z [  91% ] [90m[1mupdate_scripts_classes[22m | [39m[0m
2026-10-07T10:15:43.2256557Z [  91% ] [90m[1mupdate_scripts_classes[22m | [39m[0m
2026-10-07T10:15:43.2256721Z [  91% ] [90m[1mupdate_scripts_classes[22m | [39m[0m
2026-10-07T10:15:43.2257012Z [  91% ] [90m[1mupdate_scripts_classes[22m | [39m[0m
2026-10-07T10:15:43.2257175Z [  91% ] [90m[1mupdate_scripts_classes[22m | [39m[0m
2026-10-07T10:15:43.2257344Z [  91% ] [90m[1mupdate_scripts_classes[22m | [39m[0m
2026-10-07T10:15:43.2257508Z [  91% ] [90m[1mupdate_scripts_classes[22m | [39m[0m
2026-10-07T10:15:43.2257669Z [  91% ] [90m[1mupdate_scripts_classes[22m | [39m[0m
2026-10-07T10:15:43.2257833Z [  91% ] [90m[1mupdate_scripts_classes[22m | [39m[0m
2026-10-07T10:15:43.2257999Z [  91% ] [90m[1mupdate_scripts_classes[22m | [39m[0m
2026-10-07T10:15:43.2258161Z [  91% ] [90m[1mupdate_scripts_classes[22m | [39m[0m
2026-10-07T10:15:43.2258319Z [  91% ] [90m[1mupdate_scripts_classes[22m | [39m[0m
2026-10-07T10:15:43.2258483Z [  91% ] [90m[1mupdate_scripts_classes[22m | [39m[0m
2026-10-07T10:15:43.2258767Z [  91% ] [90m[1mupdate_scripts_classes[22m | [39m[0m
2026-10-07T10:15:43.2258931Z [  91% ] [90m[1mupdate_scripts_classes[22m | [39m[0m
2026-10-07T10:15:43.2259093Z [  91% ] [90m[1mupdate_scripts_classes[22m | [39m[0m
2026-10-07T10:15:43.2259257Z [  91% ] [90m[1mupdate_scripts_classes[22m | [39m[0m
2026-10-07T10:15:43.2259419Z [  91% ] [90m[1mupdate_scripts_classes[22m | [39m[0m
2026-10-07T10:15:43.2259576Z [  91% ] [90m[1mupdate_scripts_classes[22m | [39m[0m
2026-10-07T10:15:43.2259742Z [  91% ] [90m[1mupdate_scripts_classes[22m | [39m[0m
2026-10-07T10:15:43.2259907Z [  91% ] [90m[1mupdate_scripts_classes[22m | [39m[0m
2026-10-07T10:15:43.2260065Z [  91% ] [90m[1mupdate_scripts_classes[22m | [39m[0m
2026-10-07T10:15:43.2260230Z [  91% ] [90m[1mupdate_scripts_classes[22m | [39m[0m
2026-10-07T10:15:43.2260395Z [  91% ] [90m[1mupdate_scripts_classes[22m | [39m[0m
2026-10-07T10:15:43.2260562Z [  91% ] [90m[1mupdate_scripts_classes[22m | [39m[0m
2026-10-07T10:15:43.2260723Z [  91% ] [90m[1mupdate_scripts_classes[22m | [39m[0m
2026-10-07T10:15:43.2260888Z [  91% ] [90m[1mupdate_scripts_classes[22m | [39m[0m
2026-10-07T10:15:43.2261054Z [  92% ] [90m[1mupdate_scripts_classes[22m | [39m[0m
2026-10-07T10:15:43.2261212Z [  92% ] [90m[1mupdate_scripts_classes[22m | [39m[0m
2026-10-07T10:15:43.2261374Z [  92% ] [90m[1mupdate_scripts_classes[22m | [39m[0m
2026-10-07T10:15:43.2261540Z [  92% ] [90m[1mupdate_scripts_classes[22m | [39m[0m
2026-10-07T10:15:43.2261702Z [  92% ] [90m[1mupdate_scripts_classes[22m | [39m[0m
2026-10-07T10:15:43.2261860Z [  92% ] [90m[1mupdate_scripts_classes[22m | [39m[0m
2026-10-07T10:15:43.2262026Z [  92% ] [90m[1mupdate_scripts_classes[22m | [39m[0m
2026-10-07T10:15:43.2262188Z [  92% ] [90m[1mupdate_scripts_classes[22m | [39m[0m
2026-10-07T10:15:43.2262345Z [  92% ] [90m[1mupdate_scripts_classes[22m | [39m[0m
2026-10-07T10:15:43.2262517Z [  92% ] [90m[1mupdate_scripts_classes[22m | [39m[0m
2026-10-07T10:15:43.2262682Z [  92% ] [90m[1mupdate_scripts_classes[22m | [39m[0m
2026-10-07T10:15:43.2262847Z [  92% ] [90m[1mupdate_scripts_classes[22m | [39m[0m
2026-10-07T10:15:43.2263007Z [  92% ] [90m[1mupdate_scripts_classes[22m | [39m[0m
2026-10-07T10:15:43.2263175Z [  92% ] [90m[1mupdate_scripts_classes[22m | [39m[0m
2026-10-07T10:15:43.2263338Z [  92% ] [90m[1mupdate_scripts_classes[22m | [39m[0m
2026-10-07T10:15:43.2263499Z [  92% ] [90m[1mupdate_scripts_classes[22m | [39m[0m
2026-10-07T10:15:43.2263665Z [  92% ] [90m[1mupdate_scripts_classes[22m | [39m[0m
2026-10-07T10:15:43.2263831Z [  92% ] [90m[1mupdate_scripts_classes[22m | [39m[0m
2026-10-07T10:15:43.2263995Z [  92% ] [90m[1mupdate_scripts_classes[22m | [39m[0m
2026-10-07T10:15:43.2264157Z [  92% ] [90m[1mupdate_scripts_classes[22m | [39m[0m
2026-10-07T10:15:43.2264320Z [  92% ] [90m[1mupdate_scripts_classes[22m | [39m[0m
2026-10-07T10:15:43.2264492Z [  92% ] [90m[1mupdate_scripts_classes[22m | [39m[0m
2026-10-07T10:15:43.2264759Z [  92% ] [90m[1mupdate_scripts_classes[22m | [39m[0m
2026-10-07T10:15:43.2265050Z [  92% ] [90m[1mupdate_scripts_classes[22m | [39m[0m
2026-10-07T10:15:43.2265220Z [  92% ] [90m[1mupdate_scripts_classes[22m | [39m[0m
2026-10-07T10:15:43.2265385Z [  92% ] [90m[1mupdate_scripts_classes[22m | [39m[0m
2026-10-07T10:15:43.2265545Z [  92% ] [90m[1mupdate_scripts_classes[22m | [39m[0m
2026-10-07T10:15:43.2265709Z [  92% ] [90m[1mupdate_scripts_classes[22m | [39m[0m
2026-10-07T10:15:43.2265874Z [  92% ] [90m[1mupdate_scripts_classes[22m | [39m[0m
2026-10-07T10:15:43.2266034Z [  92% ] [90m[1mupdate_scripts_classes[22m | [39m[0m
2026-10-07T10:15:43.2266197Z [  92% ] [90m[1mupdate_scripts_classes[22m | [39m[0m
2026-10-07T10:15:43.2266361Z [  93% ] [90m[1mupdate_scripts_classes[22m | [39m[0m
2026-10-07T10:15:43.2266527Z [  93% ] [90m[1mupdate_scripts_classes[22m | [39m[0m
2026-10-07T10:15:43.2266834Z [  93% ] [90m[1mupdate_scripts_classes[22m | [39m[0m
2026-10-07T10:15:43.2267008Z [  93% ] [90m[1mupdate_scripts_classes[22m | [39m[0m
2026-10-07T10:15:43.2267174Z [  93% ] [90m[1mupdate_scripts_classes[22m | [39m[0m
2026-10-07T10:15:43.2267333Z [  93% ] [90m[1mupdate_scripts_classes[22m | [39m[0m
2026-10-07T10:15:43.2267497Z [  93% ] [90m[1mupdate_scripts_classes[22m | [39m[0m
2026-10-07T10:15:43.2267659Z [  93% ] [90m[1mupdate_scripts_classes[22m | [39m[0m
2026-10-07T10:15:43.2267824Z [  93% ] [90m[1mupdate_scripts_classes[22m | [39m[0m
2026-10-07T10:15:43.2267989Z [  93% ] [90m[1mupdate_scripts_classes[22m | [39m[0m
2026-10-07T10:15:43.2268154Z [  93% ] [90m[1mupdate_scripts_classes[22m | [39m[0m
2026-10-07T10:15:43.2268321Z [  93% ] [90m[1mupdate_scripts_classes[22m | [39m[0m
2026-10-07T10:15:43.2268480Z [  93% ] [90m[1mupdate_scripts_classes[22m | [39m[0m
2026-10-07T10:15:43.2268644Z [  93% ] [90m[1mupdate_scripts_classes[22m | [39m[0m
2026-10-07T10:15:43.2268810Z [  93% ] [90m[1mupdate_scripts_classes[22m | [39m[0m
2026-10-07T10:15:43.2268977Z [  93% ] [90m[1mupdate_scripts_classes[22m | [39m[0m
2026-10-07T10:15:43.2269140Z [  93% ] [90m[1mupdate_scripts_classes[22m | [39m[0m
2026-10-07T10:15:43.2269304Z [  93% ] [90m[1mupdate_scripts_classes[22m | [39m[0m
2026-10-07T10:15:43.2269469Z [  93% ] [90m[1mupdate_scripts_classes[22m | [39m[0m
2026-10-07T10:15:43.2269628Z [  93% ] [90m[1mupdate_scripts_classes[22m | [39m[0m
2026-10-07T10:15:43.2269794Z [  93% ] [90m[1mupdate_scripts_classes[22m | [39m[0m
2026-10-07T10:15:43.2269958Z [  93% ] [90m[1mupdate_scripts_classes[22m | [39m[0m
2026-10-07T10:15:43.2270123Z [  93% ] [90m[1mupdate_scripts_classes[22m | [39m[0m
2026-10-07T10:15:43.2270283Z [  93% ] [90m[1mupdate_scripts_classes[22m | [39m[0m
2026-10-07T10:15:43.2270449Z [  93% ] [90m[1mupdate_scripts_classes[22m | [39m[0m
2026-10-07T10:15:43.2270611Z [  93% ] [90m[1mupdate_scripts_classes[22m | [39m[0m
2026-10-07T10:15:43.2270772Z [  93% ] [90m[1mupdate_scripts_classes[22m | [39m[0m
2026-10-07T10:15:43.2270938Z [  93% ] [90m[1mupdate_scripts_classes[22m | [39m[0m
2026-10-07T10:15:43.2271106Z [  93% ] [90m[1mupdate_scripts_classes[22m | [39m[0m
2026-10-07T10:15:43.2271272Z [  93% ] [90m[1mupdate_scripts_classes[22m | [39m[0m
2026-10-07T10:15:43.2271433Z [  93% ] [90m[1mupdate_scripts_classes[22m | [39m[0m
2026-10-07T10:15:43.2271600Z [  94% ] [90m[1mupdate_scripts_classes[22m | [39m[0m
2026-10-07T10:15:43.2271763Z [  94% ] [90m[1mupdate_scripts_classes[22m | [39m[0m
2026-10-07T10:15:43.2271922Z [  94% ] [90m[1mupdate_scripts_classes[22m | [39m[0m
2026-10-07T10:15:43.2272086Z [  94% ] [90m[1mupdate_scripts_classes[22m | [39m[0m
2026-10-07T10:15:43.2272248Z [  94% ] [90m[1mupdate_scripts_classes[22m | [39m[0m
2026-10-07T10:15:43.2272422Z [  94% ] [90m[1mupdate_scripts_classes[22m | [39m[0m
2026-10-07T10:15:43.2272587Z [  94% ] [90m[1mupdate_scripts_classes[22m | [39m[0m
2026-10-07T10:15:43.2272751Z [  94% ] [90m[1mupdate_scripts_classes[22m | [39m[0m
2026-10-07T10:15:43.2273014Z [  94% ] [90m[1mupdate_scripts_classes[22m | [39m[0m
2026-10-07T10:15:43.2273176Z [  94% ] [90m[1mupdate_scripts_classes[22m | [39m[0m
2026-10-07T10:15:43.2273341Z [  94% ] [90m[1mupdate_scripts_classes[22m | [39m[0m
2026-10-07T10:15:43.2273503Z [  94% ] [90m[1mupdate_scripts_classes[22m | [39m[0m
2026-10-07T10:15:43.2273670Z [  94% ] [90m[1mupdate_scripts_classes[22m | [39m[0m
2026-10-07T10:15:43.2273835Z [  94% ] [90m[1mupdate_scripts_classes[22m | [39m[0m
2026-10-07T10:15:43.2273999Z [  94% ] [90m[1mupdate_scripts_classes[22m | [39m[0m
2026-10-07T10:15:43.2274165Z [  94% ] [90m[1mupdate_scripts_classes[22m | [39m[0m
2026-10-07T10:15:43.2274323Z [  94% ] [90m[1mupdate_scripts_classes[22m | [39m[0m
2026-10-07T10:15:43.2274486Z [  94% ] [90m[1mupdate_scripts_classes[22m | [39m[0m
2026-10-07T10:15:43.2274845Z [  94% ] [90m[1mupdate_scripts_classes[22m | [39m[0m
2026-10-07T10:15:43.2275016Z [  94% ] [90m[1mupdate_scripts_classes[22m | [39m[0m
2026-10-07T10:15:43.2275179Z [  94% ] [90m[1mupdate_scripts_classes[22m | [39m[0m
2026-10-07T10:15:43.2275345Z [  94% ] [90m[1mupdate_scripts_classes[22m | [39m[0m
2026-10-07T10:15:43.2275509Z [  94% ] [90m[1mupdate_scripts_classes[22m | [39m[0m
2026-10-07T10:15:43.2275670Z [  94% ] [90m[1mupdate_scripts_classes[22m | [39m[0m
2026-10-07T10:15:43.2275834Z [  94% ] [90m[1mupdate_scripts_classes[22m | [39m[0m
2026-10-07T10:15:43.2275996Z [  94% ] [90m[1mupdate_scripts_classes[22m | [39m[0m
2026-10-07T10:15:43.2276160Z [  94% ] [90m[1mupdate_scripts_classes[22m | [39m[0m
2026-10-07T10:15:43.2276319Z [  94% ] [90m[1mupdate_scripts_classes[22m | [39m[0m
2026-10-07T10:15:43.2276482Z [  94% ] [90m[1mupdate_scripts_classes[22m | [39m[0m
2026-10-07T10:15:43.2276643Z [  94% ] [90m[1mupdate_scripts_classes[22m | [39m[0m
2026-10-07T10:15:43.2276806Z [  94% ] [90m[1mupdate_scripts_classes[22m | [39m[0m
2026-10-07T10:15:43.2276973Z [  95% ] [90m[1mupdate_scripts_classes[22m | [39m[0m
2026-10-07T10:15:43.2277136Z [  95% ] [90m[1mupdate_scripts_classes[22m | [39m[0m
2026-10-07T10:15:43.2277296Z [  95% ] [90m[1mupdate_scripts_classes[22m | [39m[0m
2026-10-07T10:15:43.2277456Z [  95% ] [90m[1mupdate_scripts_classes[22m | [39m[0m
2026-10-07T10:15:43.2277621Z [  95% ] [90m[1mupdate_scripts_classes[22m | [39m[0m
2026-10-07T10:15:43.2277782Z [  95% ] [90m[1mupdate_scripts_classes[22m | [39m[0m
2026-10-07T10:15:43.2277941Z [  95% ] [90m[1mupdate_scripts_classes[22m | [39m[0m
2026-10-07T10:15:43.2278104Z [  95% ] [90m[1mupdate_scripts_classes[22m | [39m[0m
2026-10-07T10:15:43.2278265Z [  95% ] [90m[1mupdate_scripts_classes[22m | [39m[0m
2026-10-07T10:15:43.2278426Z [  95% ] [90m[1mupdate_scripts_classes[22m | [39m[0m
2026-10-07T10:15:43.2278586Z [  95% ] [90m[1mupdate_scripts_classes[22m | [39m[0m
2026-10-07T10:15:43.2278751Z [  95% ] [90m[1mupdate_scripts_classes[22m | [39m[0m
2026-10-07T10:15:43.2278913Z [  95% ] [90m[1mupdate_scripts_classes[22m | [39m[0m
2026-10-07T10:15:43.2279073Z [  95% ] [90m[1mupdate_scripts_classes[22m | [39m[0m
2026-10-07T10:15:43.2279238Z [  95% ] [90m[1mupdate_scripts_classes[22m | [39m[0m
2026-10-07T10:15:43.2279404Z [  95% ] [90m[1mupdate_scripts_classes[22m | [39m[0m
2026-10-07T10:15:43.2279570Z [  95% ] [90m[1mupdate_scripts_classes[22m | [39m[0m
2026-10-07T10:15:43.2279729Z [  95% ] [90m[1mupdate_scripts_classes[22m | [39m[0m
2026-10-07T10:15:43.2279894Z [  95% ] [90m[1mupdate_scripts_classes[22m | [39m[0m
2026-10-07T10:15:43.2280057Z [  95% ] [90m[1mupdate_scripts_classes[22m | [39m[0m
2026-10-07T10:15:43.2280214Z [  95% ] [90m[1mupdate_scripts_classes[22m | [39m[0m
2026-10-07T10:15:43.2280377Z [  95% ] [90m[1mupdate_scripts_classes[22m | [39m[0m
2026-10-07T10:15:43.2280541Z [  95% ] [90m[1mupdate_scripts_classes[22m | [39m[0m
2026-10-07T10:15:43.2280707Z [  95% ] [90m[1mupdate_scripts_classes[22m | [39m[0m
2026-10-07T10:15:43.2281016Z [  95% ] [90m[1mupdate_scripts_classes[22m | [39m[0m
2026-10-07T10:15:43.2281183Z [  95% ] [90m[1mupdate_scripts_classes[22m | [39m[0m
2026-10-07T10:15:43.2281346Z [  95% ] [90m[1mupdate_scripts_classes[22m | [39m[0m
2026-10-07T10:15:43.2281507Z [  95% ] [90m[1mupdate_scripts_classes[22m | [39m[0m
2026-10-07T10:15:43.2281672Z [  95% ] [90m[1mupdate_scripts_classes[22m | [39m[0m
2026-10-07T10:15:43.2281837Z [  95% ] [90m[1mupdate_scripts_classes[22m | [39m[0m
2026-10-07T10:15:43.2282001Z [  95% ] [90m[1mupdate_scripts_classes[22m | [39m[0m
2026-10-07T10:15:43.2282166Z [  96% ] [90m[1mupdate_scripts_classes[22m | [39m[0m
2026-10-07T10:15:43.2282331Z [  96% ] [90m[1mupdate_scripts_classes[22m | [39m[0m
2026-10-07T10:15:43.2282497Z [  96% ] [90m[1mupdate_scripts_classes[22m | [39m[0m
2026-10-07T10:15:43.2282864Z [  96% ] [90m[1mupdate_scripts_classes[22m | [39m[0m
2026-10-07T10:15:43.2283282Z [  96% ] [90m[1mupdate_scripts_classes[22m | [39m[0m
2026-10-07T10:15:43.2283578Z [  96% ] [90m[1mupdate_scripts_classes[22m | [39m[0m
2026-10-07T10:15:43.2283793Z [  96% ] [90m[1mupdate_scripts_classes[22m | [39m[0m
2026-10-07T10:15:43.2284044Z [  96% ] [90m[1mupdate_scripts_classes[22m | [39m[0m
2026-10-07T10:15:43.2284329Z [  96% ] [90m[1mupdate_scripts_classes[22m | [39m[0m
2026-10-07T10:15:43.2284556Z [  96% ] [90m[1mupdate_scripts_classes[22m | [39m[0m
2026-10-07T10:15:43.2297043Z [  96% ] [90m[1mupdate_scripts_classes[22m | [39m[0m
2026-10-07T10:15:43.2297445Z [  96% ] [90m[1mupdate_scripts_classes[22m | [39m[0m
2026-10-07T10:15:43.2297723Z [  96% ] [90m[1mupdate_scripts_classes[22m | [39m[0m
2026-10-07T10:15:43.2297990Z [  96% ] [90m[1mupdate_scripts_classes[22m | [39m[0m
2026-10-07T10:15:43.2298251Z [  96% ] [90m[1mupdate_scripts_classes[22m | [39m[0m
2026-10-07T10:15:43.2298533Z [  96% ] [90m[1mupdate_scripts_classes[22m | [39m[0m
2026-10-07T10:15:43.2298704Z [  96% ] [90m[1mupdate_scripts_classes[22m | [39m[0m
2026-10-07T10:15:43.2298876Z [  96% ] [90m[1mupdate_scripts_classes[22m | [39m[0m
2026-10-07T10:15:43.2299037Z [  96% ] [90m[1mupdate_scripts_classes[22m | [39m[0m
2026-10-07T10:15:43.2299196Z [  96% ] [90m[1mupdate_scripts_classes[22m | [39m[0m
2026-10-07T10:15:43.2299359Z [  96% ] [90m[1mupdate_scripts_classes[22m | [39m[0m
2026-10-07T10:15:43.2299522Z [  96% ] [90m[1mupdate_scripts_classes[22m | [39m[0m
2026-10-07T10:15:43.2299683Z [  96% ] [90m[1mupdate_scripts_classes[22m | [39m[0m
2026-10-07T10:15:43.2299840Z [  96% ] [90m[1mupdate_scripts_classes[22m | [39m[0m
2026-10-07T10:15:43.2300001Z [  96% ] [90m[1mupdate_scripts_classes[22m | [39m[0m
2026-10-07T10:15:43.2300164Z [  96% ] [90m[1mupdate_scripts_classes[22m | [39m[0m
2026-10-07T10:15:43.2300322Z [  96% ] [90m[1mupdate_scripts_classes[22m | [39m[0m
2026-10-07T10:15:43.2300489Z [  96% ] [90m[1mupdate_scripts_classes[22m | [39m[0m
2026-10-07T10:15:43.2300654Z [  96% ] [90m[1mupdate_scripts_classes[22m | [39m[0m
2026-10-07T10:15:43.2300814Z [  96% ] [90m[1mupdate_scripts_classes[22m | [39m[0m
2026-10-07T10:15:43.2300972Z [  96% ] [90m[1mupdate_scripts_classes[22m | [39m[0m
2026-10-07T10:15:43.2301134Z [  97% ] [90m[1mupdate_scripts_classes[22m | [39m[0m
2026-10-07T10:15:43.2301297Z [  97% ] [90m[1mupdate_scripts_classes[22m | [39m[0m
2026-10-07T10:15:43.2301455Z [  97% ] [90m[1mupdate_scripts_classes[22m | [39m[0m
2026-10-07T10:15:43.2301616Z [  97% ] [90m[1mupdate_scripts_classes[22m | [39m[0m
2026-10-07T10:15:43.2301780Z [  97% ] [90m[1mupdate_scripts_classes[22m | [39m[0m
2026-10-07T10:15:43.2301940Z [  97% ] [90m[1mupdate_scripts_classes[22m | [39m[0m
2026-10-07T10:15:43.2302098Z [  97% ] [90m[1mupdate_scripts_classes[22m | [39m[0m
2026-10-07T10:15:43.2302269Z [  97% ] [90m[1mupdate_scripts_classes[22m | [39m[0m
2026-10-07T10:15:43.2302431Z [  97% ] [90m[1mupdate_scripts_classes[22m | [39m[0m
2026-10-07T10:15:43.2302790Z [  97% ] [90m[1mupdate_scripts_classes[22m | [39m[0m
2026-10-07T10:15:43.2302960Z [  97% ] [90m[1mupdate_scripts_classes[22m | [39m[0m
2026-10-07T10:15:43.2303122Z [  97% ] [90m[1mupdate_scripts_classes[22m | [39m[0m
2026-10-07T10:15:43.2303290Z [  97% ] [90m[1mupdate_scripts_classes[22m | [39m[0m
2026-10-07T10:15:43.2303452Z [  97% ] [90m[1mupdate_scripts_classes[22m | [39m[0m
2026-10-07T10:15:43.2303616Z [  97% ] [90m[1mupdate_scripts_classes[22m | [39m[0m
2026-10-07T10:15:43.2303781Z [  97% ] [90m[1mupdate_scripts_classes[22m | [39m[0m
2026-10-07T10:15:43.2303944Z [  97% ] [90m[1mupdate_scripts_classes[22m | [39m[0m
2026-10-07T10:15:43.2304110Z [  97% ] [90m[1mupdate_scripts_classes[22m | [39m[0m
2026-10-07T10:15:43.2304275Z [  97% ] [90m[1mupdate_scripts_classes[22m | [39m[0m
2026-10-07T10:15:43.2304568Z [  97% ] [90m[1mupdate_scripts_classes[22m | [39m[0m
2026-10-07T10:15:43.2304871Z [  97% ] [90m[1mupdate_scripts_classes[22m | [39m[0m
2026-10-07T10:15:43.2305042Z [  97% ] [90m[1mupdate_scripts_classes[22m | [39m[0m
2026-10-07T10:15:43.2305207Z [  97% ] [90m[1mupdate_scripts_classes[22m | [39m[0m
2026-10-07T10:15:43.2305365Z [  97% ] [90m[1mupdate_scripts_classes[22m | [39m[0m
2026-10-07T10:15:43.2305529Z [  97% ] [90m[1mupdate_scripts_classes[22m | [39m[0m
2026-10-07T10:15:43.2305692Z [  97% ] [90m[1mupdate_scripts_classes[22m | [39m[0m
2026-10-07T10:15:43.2305858Z [  97% ] [90m[1mupdate_scripts_classes[22m | [39m[0m
2026-10-07T10:15:43.2306025Z [  97% ] [90m[1mupdate_scripts_classes[22m | [39m[0m
2026-10-07T10:15:43.2306190Z [  97% ] [90m[1mupdate_scripts_classes[22m | [39m[0m
2026-10-07T10:15:43.2306355Z [  97% ] [90m[1mupdate_scripts_classes[22m | [39m[0m
2026-10-07T10:15:43.2306515Z [  97% ] [90m[1mupdate_scripts_classes[22m | [39m[0m
2026-10-07T10:15:43.2306686Z [  98% ] [90m[1mupdate_scripts_classes[22m | [39m[0m
2026-10-07T10:15:43.2306851Z [  98% ] [90m[1mupdate_scripts_classes[22m | [39m[0m
2026-10-07T10:15:43.2307014Z [  98% ] [90m[1mupdate_scripts_classes[22m | [39m[0m
2026-10-07T10:15:43.2307173Z [  98% ] [90m[1mupdate_scripts_classes[22m | [39m[0m
2026-10-07T10:15:43.2307338Z [  98% ] [90m[1mupdate_scripts_classes[22m | [39m[0m
2026-10-07T10:15:43.2307500Z [  98% ] [90m[1mupdate_scripts_classes[22m | [39m[0m
2026-10-07T10:15:43.2307659Z [  98% ] [90m[1mupdate_scripts_classes[22m | [39m[0m
2026-10-07T10:15:43.2307825Z [  98% ] [90m[1mupdate_scripts_classes[22m | [39m[0m
2026-10-07T10:15:43.2307990Z [  98% ] [90m[1mupdate_scripts_classes[22m | [39m[0m
2026-10-07T10:15:43.2308156Z [  98% ] [90m[1mupdate_scripts_classes[22m | [39m[0m
2026-10-07T10:15:43.2308327Z [  98% ] [90m[1mupdate_scripts_classes[22m | [39m[0m
2026-10-07T10:15:43.2308507Z [  98% ] [90m[1mupdate_scripts_classes[22m | [39m[0m
2026-10-07T10:15:43.2308681Z [  98% ] [90m[1mupdate_scripts_classes[22m | [39m[0m
2026-10-07T10:15:43.2308843Z [  98% ] [90m[1mupdate_scripts_classes[22m | [39m[0m
2026-10-07T10:15:43.2309007Z [  98% ] [90m[1mupdate_scripts_classes[22m | [39m[0m
2026-10-07T10:15:43.2309170Z [  98% ] [90m[1mupdate_scripts_classes[22m | [39m[0m
2026-10-07T10:15:43.2309334Z [  98% ] [90m[1mupdate_scripts_classes[22m | [39m[0m
2026-10-07T10:15:43.2309495Z [  98% ] [90m[1mupdate_scripts_classes[22m | [39m[0m
2026-10-07T10:15:43.2309660Z [  98% ] [90m[1mupdate_scripts_classes[22m | [39m[0m
2026-10-07T10:15:43.2309826Z [  98% ] [90m[1mupdate_scripts_classes[22m | [39m[0m
2026-10-07T10:15:43.2309986Z [  98% ] [90m[1mupdate_scripts_classes[22m | [39m[0m
2026-10-07T10:15:43.2310150Z [  98% ] [90m[1mupdate_scripts_classes[22m | [39m[0m
2026-10-07T10:15:43.2310313Z [  98% ] [90m[1mupdate_scripts_classes[22m | [39m[0m
2026-10-07T10:15:43.2310478Z [  98% ] [90m[1mupdate_scripts_classes[22m | [39m[0m
2026-10-07T10:15:43.2310642Z [  98% ] [90m[1mupdate_scripts_classes[22m | [39m[0m
2026-10-07T10:15:43.2310939Z [  98% ] [90m[1mupdate_scripts_classes[22m | [39m[0m
2026-10-07T10:15:43.2311108Z [  98% ] [90m[1mupdate_scripts_classes[22m | [39m[0m
2026-10-07T10:15:43.2311269Z [  98% ] [90m[1mupdate_scripts_classes[22m | [39m[0m
2026-10-07T10:15:43.2311429Z [  98% ] [90m[1mupdate_scripts_classes[22m | [39m[0m
2026-10-07T10:15:43.2311596Z [  98% ] [90m[1mupdate_scripts_classes[22m | [39m[0m
2026-10-07T10:15:43.2311760Z [  98% ] [90m[1mupdate_scripts_classes[22m | [39m[0m
2026-10-07T10:15:43.2311918Z [  99% ] [90m[1mupdate_scripts_classes[22m | [39m[0m
2026-10-07T10:15:43.2312084Z [  99% ] [90m[1mupdate_scripts_classes[22m | [39m[0m
2026-10-07T10:15:43.2312246Z [  99% ] [90m[1mupdate_scripts_classes[22m | [39m[0m
2026-10-07T10:15:43.2312402Z [  99% ] [90m[1mupdate_scripts_classes[22m | [39m[0m
2026-10-07T10:15:43.2312693Z [  99% ] [90m[1mupdate_scripts_classes[22m | [39m[0m
2026-10-07T10:15:43.2312855Z [  99% ] [90m[1mupdate_scripts_classes[22m | [39m[0m
2026-10-07T10:15:43.2313026Z [  99% ] [90m[1mupdate_scripts_classes[22m | [39m[0m
2026-10-07T10:15:43.2313187Z [  99% ] [90m[1mupdate_scripts_classes[22m | [39m[0m
2026-10-07T10:15:43.2313351Z [  99% ] [90m[1mupdate_scripts_classes[22m | [39m[0m
2026-10-07T10:15:43.2313526Z [  99% ] [90m[1mupdate_scripts_classes[22m | [39m[0m
2026-10-07T10:15:43.2313692Z [  99% ] [90m[1mupdate_scripts_classes[22m | [39m[0m
2026-10-07T10:15:43.2313858Z [  99% ] [90m[1mupdate_scripts_classes[22m | [39m[0m
2026-10-07T10:15:43.2314021Z [  99% ] [90m[1mupdate_scripts_classes[22m | [39m[0m
2026-10-07T10:15:43.2314183Z [  99% ] [90m[1mupdate_scripts_classes[22m | [39m[0m
2026-10-07T10:15:43.2314343Z [  99% ] [90m[1mupdate_scripts_classes[22m | [39m[0m
2026-10-07T10:15:43.2314507Z [  99% ] [90m[1mupdate_scripts_classes[22m | [39m[0m
2026-10-07T10:15:43.2314800Z [  99% ] [90m[1mupdate_scripts_classes[22m | [39m[0m
2026-10-07T10:15:43.2314977Z [  99% ] [90m[1mupdate_scripts_classes[22m | [39m[0m
2026-10-07T10:15:43.2315141Z [  99% ] [90m[1mupdate_scripts_classes[22m | [39m[0m
2026-10-07T10:15:43.2315305Z [  99% ] [90m[1mupdate_scripts_classes[22m | [39m[0m
2026-10-07T10:15:43.2315467Z [  99% ] [90m[1mupdate_scripts_classes[22m | [39m[0m
2026-10-07T10:15:43.2315627Z [  99% ] [90m[1mupdate_scripts_classes[22m | [39m[0m
2026-10-07T10:15:43.2315791Z [  99% ] [90m[1mupdate_scripts_classes[22m | [39m[0m
2026-10-07T10:15:43.2315956Z [  99% ] [90m[1mupdate_scripts_classes[22m | [39m[0m
2026-10-07T10:15:43.2316124Z [  99% ] [90m[1mupdate_scripts_classes[22m | [39m[0m
2026-10-07T10:15:43.2316282Z [  99% ] [90m[1mupdate_scripts_classes[22m | [39m[0m
2026-10-07T10:15:43.2316452Z [  99% ] [90m[1mupdate_scripts_classes[22m | [39m[0m
2026-10-07T10:15:43.2316613Z [  99% ] [90m[1mupdate_scripts_classes[22m | [39m[0m
2026-10-07T10:15:43.2316777Z [  99% ] [90m[1mupdate_scripts_classes[22m | [39m[0m
2026-10-07T10:15:43.2316942Z [  99% ] [90m[1mupdate_scripts_classes[22m | [39m[0m
2026-10-07T10:15:43.2317117Z [92m[ DONE ][39m [1mupdate_scripts_classes[22m
2026-10-07T10:15:43.2317220Z [0m
2026-10-07T10:15:43.2317544Z [   0% ] [90m[1m_update_scan_actions[22m | Started Scanning actions... (1389 steps)[39m[0m
2026-10-07T10:15:43.2317772Z [   0% ] [90m[1m_update_scan_actions[22m | autoshader.svg[39m[0m
2026-10-07T10:15:43.2317985Z [   0% ] [90m[1m_update_scan_actions[22m | color_paint.svg[39m[0m
2026-10-07T10:15:43.2318187Z [   0% ] [90m[1m_update_scan_actions[22m | height_add.svg[39m[0m
2026-10-07T10:15:43.2318382Z [   0% ] [90m[1m_update_scan_actions[22m | height_div.svg[39m[0m
2026-10-07T10:15:43.2318582Z [   0% ] [90m[1m_update_scan_actions[22m | height_flat.svg[39m[0m
2026-10-07T10:15:43.2318777Z [   0% ] [90m[1m_update_scan_actions[22m | height_mul.svg[39m[0m
2026-10-07T10:15:43.2318992Z [   0% ] [90m[1m_update_scan_actions[22m | height_slope.svg[39m[0m
2026-10-07T10:15:43.2319337Z [   0% ] [90m[1m_update_scan_actions[22m | height_smooth.svg[39m[0m
2026-10-07T10:15:43.2319538Z [   0% ] [90m[1m_update_scan_actions[22m | height_sub.svg[39m[0m
2026-10-07T10:15:43.2319729Z [   0% ] [90m[1m_update_scan_actions[22m | holes.svg[39m[0m
2026-10-07T10:15:43.2319931Z [   0% ] [90m[1m_update_scan_actions[22m | layers.svg[39m[0m
2026-10-07T10:15:43.2320139Z [   0% ] [90m[1m_update_scan_actions[22m | multimesh.svg[39m[0m
2026-10-07T10:15:43.2320379Z [   0% ] [90m[1m_update_scan_actions[22m | navigation.svg[39m[0m
2026-10-07T10:15:43.2320598Z [   0% ] [90m[1m_update_scan_actions[22m | picker_checked.svg[39m[0m
2026-10-07T10:15:43.2320797Z [   1% ] [90m[1m_update_scan_actions[22m | region_add.svg[39m[0m
2026-10-07T10:15:43.2321014Z [   1% ] [90m[1m_update_scan_actions[22m | region_remove.svg[39m[0m
2026-10-07T10:15:43.2321333Z [   1% ] [90m[1m_update_scan_actions[22m | terrain3d.svg[39m[0m
2026-10-07T10:15:43.2321541Z [   1% ] [90m[1m_update_scan_actions[22m | texture_paint.svg[39m[0m
2026-10-07T10:15:43.2321748Z [   1% ] [90m[1m_update_scan_actions[22m | texture_spray.svg[39m[0m
2026-10-07T10:15:43.2321949Z [   1% ] [90m[1m_update_scan_actions[22m | wetness.svg[39m[0m
2026-10-07T10:15:43.2322168Z [   1% ] [90m[1m_update_scan_actions[22m | ironwood_canopy.wav[39m[0m
2026-10-07T10:15:43.2322383Z [   1% ] [90m[1m_update_scan_actions[22m | meadow_birds.wav[39m[0m
2026-10-07T10:15:43.2322595Z [   1% ] [90m[1m_update_scan_actions[22m | night_insects.wav[39m[0m
2026-10-07T10:15:43.2322796Z [   1% ] [90m[1m_update_scan_actions[22m | quarry_stone.wav[39m[0m
2026-10-07T10:15:43.2322996Z [   1% ] [90m[1m_update_scan_actions[22m | river_water.wav[39m[0m
2026-10-07T10:15:43.2323198Z [   1% ] [90m[1m_update_scan_actions[22m | tether_drone.wav[39m[0m
2026-10-07T10:15:43.2323394Z [   1% ] [90m[1m_update_scan_actions[22m | wind_high.wav[39m[0m
2026-10-07T10:15:43.2323594Z [   1% ] [90m[1m_update_scan_actions[22m | wind_low.wav[39m[0m
2026-10-07T10:15:43.2323792Z [   2% ] [90m[1m_update_scan_actions[22m | chirp_alert.wav[39m[0m
2026-10-07T10:15:43.2323989Z [   2% ] [90m[1m_update_scan_actions[22m | chirp_idle.wav[39m[0m
2026-10-07T10:15:43.2324185Z [   2% ] [90m[1m_update_scan_actions[22m | growl_alert.wav[39m[0m
2026-10-07T10:15:43.2324376Z [   2% ] [90m[1m_update_scan_actions[22m | growl_idle.wav[39m[0m
2026-10-07T10:15:43.2324575Z [   2% ] [90m[1m_update_scan_actions[22m | rumble_alert.wav[39m[0m
2026-10-07T10:15:43.2325047Z [   2% ] [90m[1m_update_scan_actions[22m | rumble_idle.wav[39m[0m
2026-10-07T10:15:43.2325251Z [   2% ] [90m[1m_update_scan_actions[22m | trill_alert.wav[39m[0m
2026-10-07T10:15:43.2325442Z [   2% ] [90m[1m_update_scan_actions[22m | trill_idle.wav[39m[0m
2026-10-07T10:15:43.2325644Z [   2% ] [90m[1m_update_scan_actions[22m | music_combat.wav[39m[0m
2026-10-07T10:15:43.2331616Z [   2% ] [90m[1m_update_scan_actions[22m | music_exploration.wav[39m[0m
2026-10-07T10:15:43.2376029Z [   2% ] [90m[1m_update_scan_actions[22m | music_release.wav[39m[0m
2026-10-07T10:15:43.2419957Z [   2% ] [90m[1m_update_scan_actions[22m | music_village.wav[39m[0m
2026-10-07T10:15:43.2463489Z [   2% ] [90m[1m_update_scan_actions[22m | music_warden.wav[39m[0m
2026-10-07T10:15:43.2466802Z [   2% ] [90m[1m_update_scan_actions[22m | ability_cue_1.wav[39m[0m
2026-10-07T10:15:43.2470509Z [   3% ] [90m[1m_update_scan_actions[22m | ability_cue_2.wav[39m[0m
2026-10-07T10:15:43.2473935Z [   3% ] [90m[1m_update_scan_actions[22m | attack_miss_1.wav[39m[0m
2026-10-07T10:15:43.2477726Z [   3% ] [90m[1m_update_scan_actions[22m | attack_miss_2.wav[39m[0m
2026-10-07T10:15:43.2481253Z [   3% ] [90m[1m_update_scan_actions[22m | attack_miss_3.wav[39m[0m
2026-10-07T10:15:43.2487685Z [   3% ] [90m[1m_update_scan_actions[22m | bond_milestone.wav[39m[0m
2026-10-07T10:15:43.2491690Z [   3% ] [90m[1m_update_scan_actions[22m | build_place_thud_1.wav[39m[0m
2026-10-07T10:15:43.2495858Z [   3% ] [90m[1m_update_scan_actions[22m | build_place_thud_2.wav[39m[0m
2026-10-07T10:15:43.2499833Z [   3% ] [90m[1m_update_scan_actions[22m | catch_fail.wav[39m[0m
2026-10-07T10:15:43.2503803Z [   3% ] [90m[1m_update_scan_actions[22m | chop_wood_1.wav[39m[0m
2026-10-07T10:15:43.2507940Z [   3% ] [90m[1m_update_scan_actions[22m | chop_wood_2.wav[39m[0m
2026-10-07T10:15:43.2511951Z [   3% ] [90m[1m_update_scan_actions[22m | chop_wood_3.wav[39m[0m
2026-10-07T10:15:43.2516843Z [   3% ] [90m[1m_update_scan_actions[22m | combat_start.wav[39m[0m
2026-10-07T10:15:43.2521709Z [   3% ] [90m[1m_update_scan_actions[22m | combat_win.wav[39m[0m
2026-10-07T10:15:43.2525929Z [   3% ] [90m[1m_update_scan_actions[22m | craft_done.wav[39m[0m
2026-10-07T10:15:43.2529801Z [   4% ] [90m[1m_update_scan_actions[22m | damage_taken_1.wav[39m[0m
2026-10-07T10:15:43.2533619Z [   4% ] [90m[1m_update_scan_actions[22m | damage_taken_2.wav[39m[0m
2026-10-07T10:15:43.2537582Z [   4% ] [90m[1m_update_scan_actions[22m | damage_taken_3.wav[39m[0m
2026-10-07T10:15:43.2542931Z [   4% ] [90m[1m_update_scan_actions[22m | faint.wav[39m[0m
2026-10-07T10:15:43.2546805Z [   4% ] [90m[1m_update_scan_actions[22m | gather_plant_1.wav[39m[0m
2026-10-07T10:15:43.2550423Z [   4% ] [90m[1m_update_scan_actions[22m | gather_plant_2.wav[39m[0m
2026-10-07T10:15:43.2554060Z [   4% ] [90m[1m_update_scan_actions[22m | gather_plant_3.wav[39m[0m
2026-10-07T10:15:43.2557880Z [   4% ] [90m[1m_update_scan_actions[22m | impact_normal_1.wav[39m[0m
2026-10-07T10:15:43.2561479Z [   4% ] [90m[1m_update_scan_actions[22m | impact_normal_2.wav[39m[0m
2026-10-07T10:15:43.2565337Z [   4% ] [90m[1m_update_scan_actions[22m | impact_normal_3.wav[39m[0m
2026-10-07T10:15:43.2569246Z [   4% ] [90m[1m_update_scan_actions[22m | impact_super_1.wav[39m[0m
2026-10-07T10:15:43.2573223Z [   4% ] [90m[1m_update_scan_actions[22m | impact_super_2.wav[39m[0m
2026-10-07T10:15:43.2577406Z [   4% ] [90m[1m_update_scan_actions[22m | impact_super_3.wav[39m[0m
2026-10-07T10:15:43.2580854Z [   4% ] [90m[1m_update_scan_actions[22m | impact_weak_1.wav[39m[0m
2026-10-07T10:15:43.2584267Z [   5% ] [90m[1m_update_scan_actions[22m | impact_weak_2.wav[39m[0m
2026-10-07T10:15:43.2587946Z [   5% ] [90m[1m_update_scan_actions[22m | impact_weak_3.wav[39m[0m
2026-10-07T10:15:43.2593871Z [   5% ] [90m[1m_update_scan_actions[22m | level_up.wav[39m[0m
2026-10-07T10:15:43.2598150Z [   5% ] [90m[1m_update_scan_actions[22m | mine_stone_1.wav[39m[0m
2026-10-07T10:15:43.2602195Z [   5% ] [90m[1m_update_scan_actions[22m | mine_stone_2.wav[39m[0m
2026-10-07T10:15:43.2606552Z [   5% ] [90m[1m_update_scan_actions[22m | mine_stone_3.wav[39m[0m
2026-10-07T10:15:43.2609933Z [   5% ] [90m[1m_update_scan_actions[22m | orb_shake_1.wav[39m[0m
2026-10-07T10:15:43.2613284Z [   5% ] [90m[1m_update_scan_actions[22m | orb_shake_2.wav[39m[0m
2026-10-07T10:15:43.2617215Z [   5% ] [90m[1m_update_scan_actions[22m | orb_throw_1.wav[39m[0m
2026-10-07T10:15:43.2620992Z [   5% ] [90m[1m_update_scan_actions[22m | orb_throw_2.wav[39m[0m
2026-10-07T10:15:43.2624818Z [   5% ] [90m[1m_update_scan_actions[22m | pickup_item.wav[39m[0m
2026-10-07T10:15:43.2628169Z [   5% ] [90m[1m_update_scan_actions[22m | step_grass_1.wav[39m[0m
2026-10-07T10:15:43.2631482Z [   5% ] [90m[1m_update_scan_actions[22m | step_grass_2.wav[39m[0m
2026-10-07T10:15:43.2634961Z [   5% ] [90m[1m_update_scan_actions[22m | step_grass_3.wav[39m[0m
2026-10-07T10:15:43.2638321Z [   6% ] [90m[1m_update_scan_actions[22m | step_grass_4.wav[39m[0m
2026-10-07T10:15:43.2641628Z [   6% ] [90m[1m_update_scan_actions[22m | step_stone_1.wav[39m[0m
2026-10-07T10:15:43.2645080Z [   6% ] [90m[1m_update_scan_actions[22m | step_stone_2.wav[39m[0m
2026-10-07T10:15:43.2648366Z [   6% ] [90m[1m_update_scan_actions[22m | step_stone_3.wav[39m[0m
2026-10-07T10:15:43.2651967Z [   6% ] [90m[1m_update_scan_actions[22m | step_stone_4.wav[39m[0m
2026-10-07T10:15:43.2655398Z [   6% ] [90m[1m_update_scan_actions[22m | step_water_1.wav[39m[0m
2026-10-07T10:15:43.2659270Z [   6% ] [90m[1m_update_scan_actions[22m | step_water_2.wav[39m[0m
2026-10-07T10:15:43.2662846Z [   6% ] [90m[1m_update_scan_actions[22m | step_water_3.wav[39m[0m
2026-10-07T10:15:43.2666509Z [   6% ] [90m[1m_update_scan_actions[22m | step_wood_1.wav[39m[0m
2026-10-07T10:15:43.2669929Z [   6% ] [90m[1m_update_scan_actions[22m | step_wood_2.wav[39m[0m
2026-10-07T10:15:43.2673370Z [   6% ] [90m[1m_update_scan_actions[22m | step_wood_3.wav[39m[0m
2026-10-07T10:15:43.2702477Z [   6% ] [90m[1m_update_scan_actions[22m | release_forest_sky_bed.wav[39m[0m
2026-10-07T10:15:43.2709252Z [   6% ] [90m[1m_update_scan_actions[22m | strike_body.wav[39m[0m
2026-10-07T10:15:43.2713796Z [   6% ] [90m[1m_update_scan_actions[22m | strike_crack.wav[39m[0m
2026-10-07T10:15:43.2727804Z [   7% ] [90m[1m_update_scan_actions[22m | strike_decay.wav[39m[0m
2026-10-07T10:15:43.2733301Z [   7% ] [90m[1m_update_scan_actions[22m | strike_warning.wav[39m[0m
2026-10-07T10:15:43.2762039Z [   7% ] [90m[1m_update_scan_actions[22m | surge_break_bed.wav[39m[0m
2026-10-07T10:15:43.2791042Z [   7% ] [90m[1m_update_scan_actions[22m | surge_building_bed.wav[39m[0m
2026-10-07T10:15:43.2819682Z [   7% ] [90m[1m_update_scan_actions[22m | surge_calm_bed.wav[39m[0m
2026-10-07T10:15:43.2848465Z [   7% ] [90m[1m_update_scan_actions[22m | surge_fading_decay.wav[39m[0m
2026-10-07T10:15:43.2852233Z [   7% ] [90m[1m_update_scan_actions[22m | Banner.obj[39m[0m
2026-10-07T10:15:43.2857254Z [   7% ] [90m[1m_update_scan_actions[22m | LargeSimpleTower.obj[39m[0m
2026-10-07T10:15:43.2862463Z [   7% ] [90m[1m_update_scan_actions[22m | LargeSquareTower.obj[39m[0m
2026-10-07T10:15:43.2868380Z [   7% ] [90m[1m_update_scan_actions[22m | LargeSquareTowerBricks.obj[39m[0m
2026-10-07T10:15:43.2873476Z [   7% ] [90m[1m_update_scan_actions[22m | LargeTower.obj[39m[0m
2026-10-07T10:15:43.2879003Z [   7% ] [90m[1m_update_scan_actions[22m | PointyTower.obj[39m[0m
2026-10-07T10:15:43.2883142Z [   7% ] [90m[1m_update_scan_actions[22m | Simpletower.obj[39m[0m
2026-10-07T10:15:43.2887774Z [   7% ] [90m[1m_update_scan_actions[22m | SimpleTowerBricks.obj[39m[0m
2026-10-07T10:15:43.2892652Z [   8% ] [90m[1m_update_scan_actions[22m | SmallSquareTower.obj[39m[0m
2026-10-07T10:15:43.2898067Z [   8% ] [90m[1m_update_scan_actions[22m | SmallSquareTowerBricks.obj[39m[0m
2026-10-07T10:15:43.2902674Z [   8% ] [90m[1m_update_scan_actions[22m | SmallTower.obj[39m[0m
2026-10-07T10:15:43.2906689Z [   8% ] [90m[1m_update_scan_actions[22m | TallWall.obj[39m[0m
2026-10-07T10:15:43.2910866Z [   8% ] [90m[1m_update_scan_actions[22m | TallWallBricks.obj[39m[0m
2026-10-07T10:15:43.2915352Z [   8% ] [90m[1m_update_scan_actions[22m | TallWallEntrance.obj[39m[0m
2026-10-07T10:15:43.2920733Z [   8% ] [90m[1m_update_scan_actions[22m | Tower.obj[39m[0m
2026-10-07T10:15:43.2924545Z [   8% ] [90m[1m_update_scan_actions[22m | Wall.obj[39m[0m
2026-10-07T10:15:43.2928799Z [   8% ] [90m[1m_update_scan_actions[22m | WallBricks.obj[39m[0m
2026-10-07T10:15:43.2932869Z [   8% ] [90m[1m_update_scan_actions[22m | WallEntrance.obj[39m[0m
2026-10-07T10:15:43.2937410Z [   8% ] [90m[1m_update_scan_actions[22m | WallEntranceBricks.obj[39m[0m
2026-10-07T10:15:43.2941731Z [   8% ] [90m[1m_update_scan_actions[22m | Watchtower.obj[39m[0m
2026-10-07T10:15:43.2946516Z [   8% ] [90m[1m_update_scan_actions[22m | WatchTowerWRoof.obj[39m[0m
2026-10-07T10:15:43.2949916Z [   8% ] [90m[1m_update_scan_actions[22m | Balcony_Cross_Corner.gltf[39m[0m
2026-10-07T10:15:43.2953200Z [   9% ] [90m[1m_update_scan_actions[22m | Balcony_Cross_Straight.gltf[39m[0m
2026-10-07T10:15:43.2957302Z [   9% ] [90m[1m_update_scan_actions[22m | Balcony_Simple_Corner.gltf[39m[0m
2026-10-07T10:15:43.2961062Z [   9% ] [90m[1m_update_scan_actions[22m | Balcony_Simple_Straight.gltf[39m[0m
2026-10-07T10:15:43.2964047Z [   9% ] [90m[1m_update_scan_actions[22m | Corner_ExteriorWide_Wood.gltf[39m[0m
2026-10-07T10:15:43.2969298Z [   9% ] [90m[1m_update_scan_actions[22m | Corner_Exterior_Brick.gltf[39m[0m
2026-10-07T10:15:43.2972495Z [   9% ] [90m[1m_update_scan_actions[22m | Corner_Exterior_Wood.gltf[39m[0m
2026-10-07T10:15:43.2975917Z [   9% ] [90m[1m_update_scan_actions[22m | DoorFrame_Flat_WoodDark.gltf[39m[0m
2026-10-07T10:15:43.2979282Z [   9% ] [90m[1m_update_scan_actions[22m | Door_1_Flat.gltf[39m[0m
2026-10-07T10:15:43.2985353Z [   9% ] [90m[1m_update_scan_actions[22m | Door_2_Flat.gltf[39m[0m
2026-10-07T10:15:43.2989181Z [   9% ] [90m[1m_update_scan_actions[22m | Door_8_Flat.gltf[39m[0m
2026-10-07T10:15:43.2992415Z [   9% ] [90m[1m_update_scan_actions[22m | Floor_UnevenBrick.gltf[39m[0m
2026-10-07T10:15:43.2995895Z [   9% ] [90m[1m_update_scan_actions[22m | Floor_WoodDark.gltf[39m[0m
2026-10-07T10:15:43.2999474Z [   9% ] [90m[1m_update_scan_actions[22m | Overhang_Plaster_Corner.gltf[39m[0m
2026-10-07T10:15:43.3002862Z [  10% ] [90m[1m_update_scan_actions[22m | Overhang_Plaster_Corner_Front.gltf[39m[0m
2026-10-07T10:15:43.3006299Z [  10% ] [90m[1m_update_scan_actions[22m | Overhang_Plaster_Long.gltf[39m[0m
2026-10-07T10:15:43.3009624Z [  10% ] [90m[1m_update_scan_actions[22m | Overhang_Plaster_Short.gltf[39m[0m
2026-10-07T10:15:43.3012899Z [  10% ] [90m[1m_update_scan_actions[22m | Overhang_RoofIncline_Plaster.gltf[39m[0m
2026-10-07T10:15:43.3016185Z [  10% ] [90m[1m_update_scan_actions[22m | Overhang_Roof_Plaster.gltf[39m[0m
2026-10-07T10:15:43.3019398Z [  10% ] [90m[1m_update_scan_actions[22m | Prop_Brick1.gltf[39m[0m
2026-10-07T10:15:43.3022664Z [  10% ] [90m[1m_update_scan_actions[22m | Prop_Brick2.gltf[39m[0m
2026-10-07T10:15:43.3026146Z [  10% ] [90m[1m_update_scan_actions[22m | Prop_Brick3.gltf[39m[0m
2026-10-07T10:15:43.3029384Z [  10% ] [90m[1m_update_scan_actions[22m | Prop_Brick4.gltf[39m[0m
2026-10-07T10:15:43.3032622Z [  10% ] [90m[1m_update_scan_actions[22m | Prop_Chimney2.gltf[39m[0m
2026-10-07T10:15:43.3036306Z [  10% ] [90m[1m_update_scan_actions[22m | Prop_Chimney.gltf[39m[0m
2026-10-07T10:15:43.3039566Z [  10% ] [90m[1m_update_scan_actions[22m | Prop_Crate.gltf[39m[0m
2026-10-07T10:15:43.3042838Z [  10% ] [90m[1m_update_scan_actions[22m | Prop_ExteriorBorder_Corner.gltf[39m[0m
2026-10-07T10:15:43.3046244Z [  10% ] [90m[1m_update_scan_actions[22m | Prop_ExteriorBorder_Straight1.gltf[39m[0m
2026-10-07T10:15:43.3049547Z [  11% ] [90m[1m_update_scan_actions[22m | Prop_ExteriorBorder_Straight2.gltf[39m[0m
2026-10-07T10:15:43.3054907Z [  11% ] [90m[1m_update_scan_actions[22m | Prop_MetalFence_Ornament.gltf[39m[0m
2026-10-07T10:15:43.3059478Z [  11% ] [90m[1m_update_scan_actions[22m | Prop_MetalFence_Simple.gltf[39m[0m
2026-10-07T10:15:43.3062538Z [  11% ] [90m[1m_update_scan_actions[22m | Prop_Support.gltf[39m[0m
2026-10-07T10:15:43.3065972Z [  11% ] [90m[1m_update_scan_actions[22m | Prop_Vine1.gltf[39m[0m
2026-10-07T10:15:43.3069137Z [  11% ] [90m[1m_update_scan_actions[22m | Prop_Vine2.gltf[39m[0m
2026-10-07T10:15:43.3072288Z [  11% ] [90m[1m_update_scan_actions[22m | Prop_Vine4.gltf[39m[0m
2026-10-07T10:15:43.3075467Z [  11% ] [90m[1m_update_scan_actions[22m | Prop_Vine5.gltf[39m[0m
2026-10-07T10:15:43.3078838Z [  11% ] [90m[1m_update_scan_actions[22m | Prop_Vine6.gltf[39m[0m
2026-10-07T10:15:43.3082031Z [  11% ] [90m[1m_update_scan_actions[22m | Prop_Vine9.gltf[39m[0m
2026-10-07T10:15:43.3086444Z [  11% ] [90m[1m_update_scan_actions[22m | Prop_Wagon.gltf[39m[0m
2026-10-07T10:15:43.3089794Z [  11% ] [90m[1m_update_scan_actions[22m | Prop_WoodenFence_Extension1.gltf[39m[0m
2026-10-07T10:15:43.3093008Z [  11% ] [90m[1m_update_scan_actions[22m | Prop_WoodenFence_Extension2.gltf[39m[0m
2026-10-07T10:15:43.3096570Z [  11% ] [90m[1m_update_scan_actions[22m | Prop_WoodenFence_Single.gltf[39m[0m
2026-10-07T10:15:43.3100226Z [  12% ] [90m[1m_update_scan_actions[22m | Roof_Dormer_RoundTile.gltf[39m[0m
2026-10-07T10:15:43.3103447Z [  12% ] [90m[1m_update_scan_actions[22m | Roof_FrontSupports.gltf[39m[0m
2026-10-07T10:15:43.3106926Z [  12% ] [90m[1m_update_scan_actions[22m | Roof_Front_Brick4.gltf[39m[0m
2026-10-07T10:15:43.3110264Z [  12% ] [90m[1m_update_scan_actions[22m | Roof_Front_Brick6.gltf[39m[0m
2026-10-07T10:15:43.3113616Z [  12% ] [90m[1m_update_scan_actions[22m | Roof_Front_Brick8.gltf[39m[0m
2026-10-07T10:15:43.3116985Z [  12% ] [90m[1m_update_scan_actions[22m | Roof_Log.gltf[39m[0m
2026-10-07T10:15:43.3121463Z [  12% ] [90m[1m_update_scan_actions[22m | Roof_RoundTiles_4x4.gltf[39m[0m
2026-10-07T10:15:43.3126322Z [  12% ] [90m[1m_update_scan_actions[22m | Roof_RoundTiles_4x6.gltf[39m[0m
2026-10-07T10:15:43.3131511Z [  12% ] [90m[1m_update_scan_actions[22m | Roof_RoundTiles_4x8.gltf[39m[0m
2026-10-07T10:15:43.3136143Z [  12% ] [90m[1m_update_scan_actions[22m | Roof_RoundTiles_6x4.gltf[39m[0m
2026-10-07T10:15:43.3141253Z [  12% ] [90m[1m_update_scan_actions[22m | Roof_RoundTiles_6x6.gltf[39m[0m
2026-10-07T10:15:43.3147057Z [  12% ] [90m[1m_update_scan_actions[22m | Roof_RoundTiles_6x8.gltf[39m[0m
2026-10-07T10:15:43.3152950Z [  12% ] [90m[1m_update_scan_actions[22m | Roof_RoundTiles_6x10.gltf[39m[0m
2026-10-07T10:15:43.3156667Z [  12% ] [90m[1m_update_scan_actions[22m | Roof_RoundTile_2x1.gltf[39m[0m
2026-10-07T10:15:43.3160296Z [  13% ] [90m[1m_update_scan_actions[22m | Roof_RoundTile_2x1_Long.gltf[39m[0m
2026-10-07T10:15:43.3163423Z [  13% ] [90m[1m_update_scan_actions[22m | Roof_Support2.gltf[39m[0m
2026-10-07T10:15:43.3166818Z [  13% ] [90m[1m_update_scan_actions[22m | Stairs_Exterior_Platform.gltf[39m[0m
2026-10-07T10:15:43.3170121Z [  13% ] [90m[1m_update_scan_actions[22m | Stairs_Exterior_Straight.gltf[39m[0m
2026-10-07T10:15:43.3265901Z [  13% ] [90m[1m_update_scan_actions[22m | T_Brick_BaseColor.png[39m[0m
2026-10-07T10:15:43.3401370Z [  13% ] [90m[1m_update_scan_actions[22m | T_Brick_Normal.png[39m[0m
2026-10-07T10:15:43.3460648Z [  13% ] [90m[1m_update_scan_actions[22m | T_Brick_Roughness.png[39m[0m
2026-10-07T10:15:43.3489747Z [  13% ] [90m[1m_update_scan_actions[22m | T_MetalOrnaments_BaseColor.png[39m[0m
2026-10-07T10:15:43.3497717Z [  13% ] [90m[1m_update_scan_actions[22m | T_MetalOrnaments_Roughness.png[39m[0m
2026-10-07T10:15:43.3610066Z [  13% ] [90m[1m_update_scan_actions[22m | T_Plaster_BaseColor.png[39m[0m
2026-10-07T10:15:43.3748138Z [  13% ] [90m[1m_update_scan_actions[22m | T_Plaster_Normal.png[39m[0m
2026-10-07T10:15:43.3841028Z [  13% ] [90m[1m_update_scan_actions[22m | T_Plaster_ORM.png[39m[0m
2026-10-07T10:15:43.3937067Z [  13% ] [90m[1m_update_scan_actions[22m | T_RedBrick_BaseColor.png[39m[0m
2026-10-07T10:15:43.4021138Z [  13% ] [90m[1m_update_scan_actions[22m | T_RockTrim_BaseColor.png[39m[0m
2026-10-07T10:15:43.4145436Z [  14% ] [90m[1m_update_scan_actions[22m | T_RockTrim_Normal.png[39m[0m
2026-10-07T10:15:43.4223838Z [  14% ] [90m[1m_update_scan_actions[22m | T_RockTrim_ORM.png[39m[0m
2026-10-07T10:15:43.4356660Z [  14% ] [90m[1m_update_scan_actions[22m | T_RoundTiles_BaseColor.png[39m[0m
2026-10-07T10:15:43.4478215Z [  14% ] [90m[1m_update_scan_actions[22m | T_RoundTiles_Normal.png[39m[0m
2026-10-07T10:15:43.4556546Z [  14% ] [90m[1m_update_scan_actions[22m | T_RoundTiles_Roughness.png[39m[0m
2026-10-07T10:15:43.4677680Z [  14% ] [90m[1m_update_scan_actions[22m | T_UnevenBrick_BaseColor.png[39m[0m
2026-10-07T10:15:43.4823587Z [  14% ] [90m[1m_update_scan_actions[22m | T_UnevenBrick_Normal.png[39m[0m
2026-10-07T10:15:43.4908056Z [  14% ] [90m[1m_update_scan_actions[22m | T_UnevenBrick_Roughness.png[39m[0m
2026-10-07T10:15:43.4919703Z [  14% ] [90m[1m_update_scan_actions[22m | T_VineLeaf_png.png[39m[0m
2026-10-07T10:15:43.5022057Z [  14% ] [90m[1m_update_scan_actions[22m | T_WoodTrim_BaseColor.png[39m[0m
2026-10-07T10:15:43.5152988Z [  14% ] [90m[1m_update_scan_actions[22m | T_WoodTrim_Normal.png[39m[0m
2026-10-07T10:15:43.5246767Z [  14% ] [90m[1m_update_scan_actions[22m | T_WoodTrim_Roughness.png[39m[0m
2026-10-07T10:15:43.5249551Z [  14% ] [90m[1m_update_scan_actions[22m | Wall_Arch.gltf[39m[0m
2026-10-07T10:15:43.5252479Z [  14% ] [90m[1m_update_scan_actions[22m | Wall_BottomCover.gltf[39m[0m
2026-10-07T10:15:43.5255708Z [  15% ] [90m[1m_update_scan_actions[22m | Wall_Plaster_Door_Flat.gltf[39m[0m
2026-10-07T10:15:43.5258781Z [  15% ] [90m[1m_update_scan_actions[22m | Wall_Plaster_Straight.gltf[39m[0m
2026-10-07T10:15:43.5261868Z [  15% ] [90m[1m_update_scan_actions[22m | Wall_Plaster_Straight_Base.gltf[39m[0m
2026-10-07T10:15:43.5265160Z [  15% ] [90m[1m_update_scan_actions[22m | Wall_Plaster_Straight_L.gltf[39m[0m
2026-10-07T10:15:43.5268261Z [  15% ] [90m[1m_update_scan_actions[22m | Wall_Plaster_Straight_R.gltf[39m[0m
2026-10-07T10:15:43.5271440Z [  15% ] [90m[1m_update_scan_actions[22m | Wall_Plaster_Window_Thin_Round.gltf[39m[0m
2026-10-07T10:15:43.5274479Z [  15% ] [90m[1m_update_scan_actions[22m | Wall_Plaster_Window_Wide_Flat2.gltf[39m[0m
2026-10-07T10:15:43.5277772Z [  15% ] [90m[1m_update_scan_actions[22m | Wall_Plaster_Window_Wide_Flat.gltf[39m[0m
2026-10-07T10:15:43.5280889Z [  15% ] [90m[1m_update_scan_actions[22m | Wall_Plaster_WoodGrid.gltf[39m[0m
2026-10-07T10:15:43.5284002Z [  15% ] [90m[1m_update_scan_actions[22m | Wall_UnevenBrick_Door_Flat.gltf[39m[0m
2026-10-07T10:15:43.5287189Z [  15% ] [90m[1m_update_scan_actions[22m | Wall_UnevenBrick_Straight.gltf[39m[0m
2026-10-07T10:15:43.5290426Z [  15% ] [90m[1m_update_scan_actions[22m | Wall_UnevenBrick_Window_Wide_Flat.gltf[39m[0m
2026-10-07T10:15:43.5293468Z [  15% ] [90m[1m_update_scan_actions[22m | WindowShutters_Thin_Flat_Open.gltf[39m[0m
2026-10-07T10:15:43.5296721Z [  15% ] [90m[1m_update_scan_actions[22m | WindowShutters_Wide_Flat_Open.gltf[39m[0m
2026-10-07T10:15:43.5299769Z [  16% ] [90m[1m_update_scan_actions[22m | Window_Thin_Flat1.gltf[39m[0m
2026-10-07T10:15:43.5302884Z [  16% ] [90m[1m_update_scan_actions[22m | Window_Wide_Flat1.gltf[39m[0m
2026-10-07T10:15:43.5501298Z [  16% ] [90m[1m_update_scan_actions[22m | alpha_tracker_lod0.glb[39m[0m
2026-10-07T10:15:43.5669847Z [  16% ] [90m[1m_update_scan_actions[22m | alpha_tracker_lod0_texture_0.png[39m[0m
2026-10-07T10:15:43.5850773Z [  16% ] [90m[1m_update_scan_actions[22m | captain_a_lod0.glb[39m[0m
2026-10-07T10:15:43.5981841Z [  16% ] [90m[1m_update_scan_actions[22m | captain_a_lod0_texture_0.png[39m[0m
2026-10-07T10:15:43.6163623Z [  16% ] [90m[1m_update_scan_actions[22m | captain_b_lod0.glb[39m[0m
2026-10-07T10:15:43.6298152Z [  16% ] [90m[1m_update_scan_actions[22m | captain_b_lod0_texture_0.png[39m[0m
2026-10-07T10:15:43.6499499Z [  16% ] [90m[1m_update_scan_actions[22m | courier_lod0.glb[39m[0m
2026-10-07T10:15:43.6667359Z [  16% ] [90m[1m_update_scan_actions[22m | courier_lod0_texture_0.png[39m[0m
2026-10-07T10:15:43.6805722Z [  16% ] [90m[1m_update_scan_actions[22m | craftsperson_cloth_clean.png[39m[0m
2026-10-07T10:15:43.7008338Z [  16% ] [90m[1m_update_scan_actions[22m | craftsperson_lod0.glb[39m[0m
2026-10-07T10:15:43.7177089Z [  16% ] [90m[1m_update_scan_actions[22m | craftsperson_lod0_texture_0.png[39m[0m
2026-10-07T10:15:43.7361825Z [  16% ] [90m[1m_update_scan_actions[22m | creature_caretaker_lod0.glb[39m[0m
2026-10-07T10:15:43.7516467Z [  17% ] [90m[1m_update_scan_actions[22m | creature_caretaker_lod0_texture_0.png[39m[0m
2026-10-07T10:15:43.7693646Z [  17% ] [90m[1m_update_scan_actions[22m | farmer_lod0.glb[39m[0m
2026-10-07T10:15:43.7849888Z [  17% ] [90m[1m_update_scan_actions[22m | farmer_lod0_texture_0.png[39m[0m
2026-10-07T10:15:43.8044430Z [  17% ] [90m[1m_update_scan_actions[22m | field_researcher_lod0.glb[39m[0m
2026-10-07T10:15:43.8208682Z [  17% ] [90m[1m_update_scan_actions[22m | field_researcher_lod0_texture_0.png[39m[0m
2026-10-07T10:15:43.8383279Z [  17% ] [90m[1m_update_scan_actions[22m | former_tether_member_lod0.glb[39m[0m
2026-10-07T10:15:43.8532059Z [  17% ] [90m[1m_update_scan_actions[22m | former_tether_member_lod0_texture_0.png[39m[0m
2026-10-07T10:15:43.8745432Z [  17% ] [90m[1m_update_scan_actions[22m | grandpa_lod0.glb[39m[0m
2026-10-07T10:15:43.8971310Z [  17% ] [90m[1m_update_scan_actions[22m | grandpa_lod0_texture_0.png[39m[0m
2026-10-07T10:15:43.9146869Z [  17% ] [90m[1m_update_scan_actions[22m | grunt_lod0.glb[39m[0m
2026-10-07T10:15:43.9323581Z [  17% ] [90m[1m_update_scan_actions[22m | grunt_lod0_texture_0.png[39m[0m
2026-10-07T10:15:43.9488733Z [  17% ] [90m[1m_update_scan_actions[22m | grunt_a_lod0.glb[39m[0m
2026-10-07T10:15:43.9612433Z [  17% ] [90m[1m_update_scan_actions[22m | grunt_a_lod0_texture_0.png[39m[0m
2026-10-07T10:15:43.9787689Z [  17% ] [90m[1m_update_scan_actions[22m | grunt_b_lod0.glb[39m[0m
2026-10-07T10:15:43.9912911Z [  18% ] [90m[1m_update_scan_actions[22m | grunt_b_lod0_texture_0.png[39m[0m
2026-10-07T10:15:44.0084876Z [  18% ] [90m[1m_update_scan_actions[22m | grunt_c_lod0.glb[39m[0m
2026-10-07T10:15:44.0217235Z [  18% ] [90m[1m_update_scan_actions[22m | grunt_c_lod0_texture_0.png[39m[0m
2026-10-07T10:15:44.0405898Z [  18% ] [90m[1m_update_scan_actions[22m | innkeeper_lod0.glb[39m[0m
2026-10-07T10:15:44.0568616Z [  18% ] [90m[1m_update_scan_actions[22m | innkeeper_lod0_texture_0.png[39m[0m
2026-10-07T10:15:44.0747731Z [  18% ] [90m[1m_update_scan_actions[22m | inn_helper_lod0.glb[39m[0m
2026-10-07T10:15:44.0899398Z [  18% ] [90m[1m_update_scan_actions[22m | inn_helper_lod0_texture_0.png[39m[0m
2026-10-07T10:15:44.1134899Z [  18% ] [90m[1m_update_scan_actions[22m | kael_lod0.glb[39m[0m
2026-10-07T10:15:44.1314108Z [  18% ] [90m[1m_update_scan_actions[22m | kael_lod0_texture_0.png[39m[0m
2026-10-07T10:15:44.1498151Z [  18% ] [90m[1m_update_scan_actions[22m | local_historian_lod0.glb[39m[0m
2026-10-07T10:15:44.1652372Z [  18% ] [90m[1m_update_scan_actions[22m | local_historian_lod0_texture_0.png[39m[0m
2026-10-07T10:15:44.1828653Z [  18% ] [90m[1m_update_scan_actions[22m | lost_traveler_lod0.glb[39m[0m
2026-10-07T10:15:44.1978334Z [  18% ] [90m[1m_update_scan_actions[22m | lost_traveler_lod0_texture_0.png[39m[0m
2026-10-07T10:15:44.2227325Z [  18% ] [90m[1m_update_scan_actions[22m | lyra_lod0.glb[39m[0m
2026-10-07T10:15:44.2413050Z [  19% ] [90m[1m_update_scan_actions[22m | lyra_lod0_texture_0.png[39m[0m
2026-10-07T10:15:44.2591164Z [  19% ] [90m[1m_update_scan_actions[22m | officer_a_lod0.glb[39m[0m
2026-10-07T10:15:44.2720046Z [  19% ] [90m[1m_update_scan_actions[22m | officer_a_lod0_texture_0.png[39m[0m
2026-10-07T10:15:44.2892662Z [  19% ] [90m[1m_update_scan_actions[22m | officer_b_lod0.glb[39m[0m
2026-10-07T10:15:44.3015136Z [  19% ] [90m[1m_update_scan_actions[22m | officer_b_lod0_texture_0.png[39m[0m
2026-10-07T10:15:44.3208394Z [  19% ] [90m[1m_update_scan_actions[22m | rival_trainer_lod0.glb[39m[0m
2026-10-07T10:15:44.3374838Z [  19% ] [90m[1m_update_scan_actions[22m | rival_trainer_lod0_texture_0.png[39m[0m
2026-10-07T10:15:44.3603597Z [  19% ] [90m[1m_update_scan_actions[22m | sera_lod0.glb[39m[0m
2026-10-07T10:15:44.3776485Z [  19% ] [90m[1m_update_scan_actions[22m | sera_lod0_texture_0.png[39m[0m
2026-10-07T10:15:44.3959003Z [  19% ] [90m[1m_update_scan_actions[22m | trader_lod0.glb[39m[0m
2026-10-07T10:15:44.4109640Z [  19% ] [90m[1m_update_scan_actions[22m | trader_lod0_texture_0.png[39m[0m
2026-10-07T10:15:44.4320235Z [  19% ] [90m[1m_update_scan_actions[22m | trainer_lod0.glb[39m[0m
2026-10-07T10:15:44.4548279Z [  19% ] [90m[1m_update_scan_actions[22m | trainer_lod0_texture_0.png[39m[0m
2026-10-07T10:15:44.4743800Z [  20% ] [90m[1m_update_scan_actions[22m | trainer_teal_accent.png[39m[0m
2026-10-07T10:15:44.4939154Z [  20% ] [90m[1m_update_scan_actions[22m | villager_female_lod0.glb[39m[0m
2026-10-07T10:15:44.4992277Z [  20% ] [90m[1m_update_scan_actions[22m | villager_female_lod0_hair_mask.png[39m[0m
2026-10-07T10:15:44.5059279Z [  20% ] [90m[1m_update_scan_actions[22m | villager_female_lod0_shins_tex.png[39m[0m
2026-10-07T10:15:44.5283205Z [  20% ] [90m[1m_update_scan_actions[22m | villager_female_lod0_texture_0.png[39m[0m
2026-10-07T10:15:44.5526578Z [  20% ] [90m[1m_update_scan_actions[22m | villager_male_lod0.glb[39m[0m
2026-10-07T10:15:44.5576810Z [  20% ] [90m[1m_update_scan_actions[22m | villager_male_lod0_hair_mask.png[39m[0m
2026-10-07T10:15:44.5777362Z [  20% ] [90m[1m_update_scan_actions[22m | villager_male_lod0_texture_0.png[39m[0m
2026-10-07T10:15:44.5867377Z [  20% ] [90m[1m_update_scan_actions[22m | villager_male_lod0_trousers_tex.png[39m[0m
2026-10-07T10:15:44.6062617Z [  20% ] [90m[1m_update_scan_actions[22m | wandering_trainer_lod0.glb[39m[0m
2026-10-07T10:15:44.6270232Z [  20% ] [90m[1m_update_scan_actions[22m | wandering_trainer_lod0_texture_0.png[39m[0m
2026-10-07T10:15:44.6472886Z [  20% ] [90m[1m_update_scan_actions[22m | warden_lod0.glb[39m[0m
2026-10-07T10:15:44.6681125Z [  20% ] [90m[1m_update_scan_actions[22m | warden_lod0_texture_0.png[39m[0m
2026-10-07T10:15:44.6876520Z [  20% ] [90m[1m_update_scan_actions[22m | young_trainer_lod0.glb[39m[0m
2026-10-07T10:15:44.7042345Z [  21% ] [90m[1m_update_scan_actions[22m | young_trainer_lod0_texture_0.png[39m[0m
2026-10-07T10:15:44.7059901Z [  21% ] [90m[1m_update_scan_actions[22m | Ranger.glb[39m[0m
2026-10-07T10:15:44.7077917Z [  21% ] [90m[1m_update_scan_actions[22m | Ranger_ranger_texture.png[39m[0m
2026-10-07T10:15:44.7104327Z [  21% ] [90m[1m_update_scan_actions[22m | Rig_Medium_General.glb[39m[0m
2026-10-07T10:15:44.7127019Z [  21% ] [90m[1m_update_scan_actions[22m | Rig_Medium_MovementBasic.glb[39m[0m
2026-10-07T10:15:44.7193105Z [  21% ] [90m[1m_update_scan_actions[22m | bruno-the-bear.glb[39m[0m
2026-10-07T10:15:44.7230355Z [  21% ] [90m[1m_update_scan_actions[22m | bruno-the-bear_0.png[39m[0m
2026-10-07T10:15:44.7243147Z [  21% ] [90m[1m_update_scan_actions[22m | bruno-the-bear_1.png[39m[0m
2026-10-07T10:15:44.7248999Z [  21% ] [90m[1m_update_scan_actions[22m | bruno-the-bear_2.png[39m[0m
2026-10-07T10:15:44.7253905Z [  21% ] [90m[1m_update_scan_actions[22m | bruno-the-bear_3.png[39m[0m
2026-10-07T10:15:44.7259763Z [  21% ] [90m[1m_update_scan_actions[22m | bruno-the-bear_4.png[39m[0m
2026-10-07T10:15:44.7323344Z [  21% ] [90m[1m_update_scan_actions[22m | ernie-the-duck.glb[39m[0m
2026-10-07T10:15:44.7362120Z [  21% ] [90m[1m_update_scan_actions[22m | ernie-the-duck_0.png[39m[0m
2026-10-07T10:15:44.7375094Z [  21% ] [90m[1m_update_scan_actions[22m | ernie-the-duck_1.png[39m[0m
2026-10-07T10:15:44.7380429Z [  22% ] [90m[1m_update_scan_actions[22m | ernie-the-duck_2.png[39m[0m
2026-10-07T10:15:44.7386174Z [  22% ] [90m[1m_update_scan_actions[22m | ernie-the-duck_3.png[39m[0m
2026-10-07T10:15:44.7392317Z [  22% ] [90m[1m_update_scan_actions[22m | ernie-the-duck_4.png[39m[0m
2026-10-07T10:15:44.7459786Z [  22% ] [90m[1m_update_scan_actions[22m | ollie-the-songbird.glb[39m[0m
2026-10-07T10:15:44.7501269Z [  22% ] [90m[1m_update_scan_actions[22m | ollie-the-songbird_0.png[39m[0m
2026-10-07T10:15:44.7515121Z [  22% ] [90m[1m_update_scan_actions[22m | ollie-the-songbird_1.png[39m[0m
2026-10-07T10:15:44.7520984Z [  22% ] [90m[1m_update_scan_actions[22m | ollie-the-songbird_2.png[39m[0m
2026-10-07T10:15:44.7526644Z [  22% ] [90m[1m_update_scan_actions[22m | ollie-the-songbird_3.png[39m[0m
2026-10-07T10:15:44.7532762Z [  22% ] [90m[1m_update_scan_actions[22m | ollie-the-songbird_4.png[39m[0m
2026-10-07T10:15:44.7794470Z [  22% ] [90m[1m_update_scan_actions[22m | abyssal_guardian_extracted_base_color.png[39m[0m
2026-10-07T10:15:44.7838364Z [  22% ] [90m[1m_update_scan_actions[22m | abyssal_guardian_extracted_base_color_vivid.png[39m[0m
2026-10-07T10:15:44.8060175Z [  22% ] [90m[1m_update_scan_actions[22m | creature_abyssal_guardian_lod0.glb[39m[0m
2026-10-07T10:15:44.8205595Z [  22% ] [90m[1m_update_scan_actions[22m | creature_abyssal_guardian_lod0_Image_0.jpg[39m[0m
2026-10-07T10:15:44.8299507Z [  22% ] [90m[1m_update_scan_actions[22m | creature_abyssal_guardian_lod0_Image_1.jpg[39m[0m
2026-10-07T10:15:44.8417748Z [  23% ] [90m[1m_update_scan_actions[22m | creature_abyssal_guardian_lod0_Image_2.jpg[39m[0m
2026-10-07T10:15:44.8455882Z [  23% ] [90m[1m_update_scan_actions[22m | aeriex_extracted_base_color_vivid.png[39m[0m
2026-10-07T10:15:44.8621759Z [  23% ] [90m[1m_update_scan_actions[22m | creature_aeriex_lod0.glb[39m[0m
2026-10-07T10:15:44.8731696Z [  23% ] [90m[1m_update_scan_actions[22m | creature_aeriex_lod0_Image_0.jpg[39m[0m
2026-10-07T10:15:44.8775773Z [  23% ] [90m[1m_update_scan_actions[22m | aquaryn_extracted_base_color_shiny.png[39m[0m
2026-10-07T10:15:44.8817838Z [  23% ] [90m[1m_update_scan_actions[22m | aquaryn_extracted_base_color_vivid.png[39m[0m
2026-10-07T10:15:44.8980903Z [  23% ] [90m[1m_update_scan_actions[22m | creature_aquaryn_lod0.glb[39m[0m
2026-10-07T10:15:44.9097938Z [  23% ] [90m[1m_update_scan_actions[22m | creature_aquaryn_lod0_Image_0.jpg[39m[0m
2026-10-07T10:15:44.9098979Z [  23% ] [90m[1m_update_scan_actions[22m | bramblebun_extracted_base_color.png[39m[0m
2026-10-07T10:15:44.9143850Z [  23% ] [90m[1m_update_scan_actions[22m | bramblebun_extracted_base_color_shiny.png[39m[0m
2026-10-07T10:15:44.9188652Z [  23% ] [90m[1m_update_scan_actions[22m | bramblebun_extracted_base_color_vivid.png[39m[0m
2026-10-07T10:15:44.9189773Z [  23% ] [90m[1m_update_scan_actions[22m | bramblebun_extracted_emissive.png[39m[0m
2026-10-07T10:15:44.9209357Z [  23% ] [90m[1m_update_scan_actions[22m | bramblebun_extracted_emissive_shiny.png[39m[0m
2026-10-07T10:15:44.9227205Z [  23% ] [90m[1m_update_scan_actions[22m | bramblebun_extracted_emissive_vivid.png[39m[0m
2026-10-07T10:15:44.9405391Z [  24% ] [90m[1m_update_scan_actions[22m | creature_bramblebun_lod0.glb[39m[0m
2026-10-07T10:15:44.9528868Z [  24% ] [90m[1m_update_scan_actions[22m | creature_bramblebun_lod0_base_color.jpg[39m[0m
2026-10-07T10:15:44.9589796Z [  24% ] [90m[1m_update_scan_actions[22m | creature_bramblebun_lod0_emissive.jpg[39m[0m
2026-10-07T10:15:44.9674436Z [  24% ] [90m[1m_update_scan_actions[22m | creature_bramblebun_lod0_metallic_roughness.jpg[39m[0m
2026-10-07T10:15:44.9833013Z [  24% ] [90m[1m_update_scan_actions[22m | creature_bramblebun_lod0_normal.jpg[39m[0m
2026-10-07T10:15:45.0057197Z [  24% ] [90m[1m_update_scan_actions[22m | bramblebun_redesign_extracted_base_color.png[39m[0m
2026-10-07T10:15:45.0092180Z [  24% ] [90m[1m_update_scan_actions[22m | bramblebun_redesign_extracted_base_color_vivid.png[39m[0m
2026-10-07T10:15:45.0328072Z [  24% ] [90m[1m_update_scan_actions[22m | creature_bramblebun_redesign_lod0.glb[39m[0m
2026-10-07T10:15:45.0456527Z [  24% ] [90m[1m_update_scan_actions[22m | creature_bramblebun_redesign_lod0_base_color.jpg[39m[0m
2026-10-07T10:15:45.0547352Z [  24% ] [90m[1m_update_scan_actions[22m | creature_bramblebun_redesign_lod0_metallic_roughness.jpg[39m[0m
2026-10-07T10:15:45.0655351Z [  24% ] [90m[1m_update_scan_actions[22m | creature_bramblebun_redesign_lod0_normal.jpg[39m[0m
2026-10-07T10:15:45.0704048Z [  24% ] [90m[1m_update_scan_actions[22m | breezetail_extracted_base_color_shiny.png[39m[0m
2026-10-07T10:15:45.0748103Z [  24% ] [90m[1m_update_scan_actions[22m | breezetail_extracted_base_color_vivid.png[39m[0m
2026-10-07T10:15:45.0884231Z [  24% ] [90m[1m_update_scan_actions[22m | creature_breezetail_lod0.glb[39m[0m
2026-10-07T10:15:45.0993058Z [  25% ] [90m[1m_update_scan_actions[22m | creature_breezetail_lod0_Image_0.jpg[39m[0m
2026-10-07T10:15:45.1240672Z [  25% ] [90m[1m_update_scan_actions[22m | creature_brooktail_lod0.glb[39m[0m
2026-10-07T10:15:45.1422661Z [  25% ] [90m[1m_update_scan_actions[22m | creature_brooktail_lod0_base_color.png[39m[0m
2026-10-07T10:15:45.1465071Z [  25% ] [90m[1m_update_scan_actions[22m | creature_brooktail_lod0_base_color_shiny.png[39m[0m
2026-10-07T10:15:45.1505000Z [  25% ] [90m[1m_update_scan_actions[22m | creature_brooktail_lod0_base_color_vivid.png[39m[0m
2026-10-07T10:15:45.1508335Z [  25% ] [90m[1m_update_scan_actions[22m | creature_brooktail_lod0_emissive.png[39m[0m
2026-10-07T10:15:45.1511199Z [  25% ] [90m[1m_update_scan_actions[22m | creature_brooktail_lod0_emissive_shiny.png[39m[0m
2026-10-07T10:15:45.1514407Z [  25% ] [90m[1m_update_scan_actions[22m | creature_brooktail_lod0_emissive_vivid.png[39m[0m
2026-10-07T10:15:45.1613803Z [  25% ] [90m[1m_update_scan_actions[22m | creature_brooktail_lod0_metallic_roughness.png[39m[0m
2026-10-07T10:15:45.1716265Z [  25% ] [90m[1m_update_scan_actions[22m | creature_brooktail_lod0_normal.jpg[39m[0m
2026-10-07T10:15:45.1965184Z [  25% ] [90m[1m_update_scan_actions[22m | creature_burrowback_lod0.glb[39m[0m
2026-10-07T10:15:45.2125540Z [  25% ] [90m[1m_update_scan_actions[22m | creature_burrowback_lod0_base_color.png[39m[0m
2026-10-07T10:15:45.2163233Z [  25% ] [90m[1m_update_scan_actions[22m | creature_burrowback_lod0_base_color_alpha.png[39m[0m
2026-10-07T10:15:45.2202225Z [  25% ] [90m[1m_update_scan_actions[22m | creature_burrowback_lod0_base_color_nightburrow.png[39m[0m
2026-10-07T10:15:45.2237430Z [  26% ] [90m[1m_update_scan_actions[22m | creature_burrowback_lod0_base_color_shiny.png[39m[0m
2026-10-07T10:15:45.2275979Z [  26% ] [90m[1m_update_scan_actions[22m | creature_burrowback_lod0_base_color_vivid.png[39m[0m
2026-10-07T10:15:45.2279820Z [  26% ] [90m[1m_update_scan_actions[22m | creature_burrowback_lod0_emissive.png[39m[0m
2026-10-07T10:15:45.2283210Z [  26% ] [90m[1m_update_scan_actions[22m | creature_burrowback_lod0_emissive_alpha.png[39m[0m
2026-10-07T10:15:45.2301338Z [  26% ] [90m[1m_update_scan_actions[22m | creature_burrowback_lod0_emissive_nightburrow.png[39m[0m
2026-10-07T10:15:45.2304990Z [  26% ] [90m[1m_update_scan_actions[22m | creature_burrowback_lod0_emissive_shiny.png[39m[0m
2026-10-07T10:15:45.2308645Z [  26% ] [90m[1m_update_scan_actions[22m | creature_burrowback_lod0_emissive_vivid.png[39m[0m
2026-10-07T10:15:45.2413298Z [  26% ] [90m[1m_update_scan_actions[22m | creature_burrowback_lod0_metallic_roughness.png[39m[0m
2026-10-07T10:15:45.2513919Z [  26% ] [90m[1m_update_scan_actions[22m | creature_burrowback_lod0_normal.jpg[39m[0m
2026-10-07T10:15:45.2563886Z [  26% ] [90m[1m_update_scan_actions[22m | cannonback_extracted_base_color_shiny.png[39m[0m
2026-10-07T10:15:45.2610272Z [  26% ] [90m[1m_update_scan_actions[22m | cannonback_extracted_base_color_vivid.png[39m[0m
2026-10-07T10:15:45.2760138Z [  26% ] [90m[1m_update_scan_actions[22m | creature_cannonback_lod0.glb[39m[0m
2026-10-07T10:15:45.2877121Z [  26% ] [90m[1m_update_scan_actions[22m | creature_cannonback_lod0_Image_0.jpg[39m[0m
2026-10-07T10:15:45.3063092Z [  26% ] [90m[1m_update_scan_actions[22m | creature_cindercub_lod0.glb[39m[0m
2026-10-07T10:15:45.3175324Z [  27% ] [90m[1m_update_scan_actions[22m | creature_cindercub_lod0_base_color.jpg[39m[0m
2026-10-07T10:15:45.3257351Z [  27% ] [90m[1m_update_scan_actions[22m | creature_cindercub_lod0_metallic_roughness.jpg[39m[0m
2026-10-07T10:15:45.3350276Z [  27% ] [90m[1m_update_scan_actions[22m | creature_cindercub_lod0_normal.jpg[39m[0m
2026-10-07T10:15:45.3408159Z [  27% ] [90m[1m_update_scan_actions[22m | cliffspike_extracted_base_color_shiny.png[39m[0m
2026-10-07T10:15:45.3460635Z [  27% ] [90m[1m_update_scan_actions[22m | cliffspike_extracted_base_color_vivid.png[39m[0m
2026-10-07T10:15:45.3679898Z [  27% ] [90m[1m_update_scan_actions[22m | creature_cliffspike_lod0.glb[39m[0m
2026-10-07T10:15:45.3810044Z [  27% ] [90m[1m_update_scan_actions[22m | creature_cliffspike_lod0_Image_0.jpg[39m[0m
2026-10-07T10:15:45.3844385Z [  27% ] [90m[1m_update_scan_actions[22m | cloudfang_extracted_base_color_shiny.png[39m[0m
2026-10-07T10:15:45.3881879Z [  27% ] [90m[1m_update_scan_actions[22m | cloudfang_extracted_base_color_vivid.png[39m[0m
2026-10-07T10:15:45.4038000Z [  27% ] [90m[1m_update_scan_actions[22m | creature_cloudfang_lod0.glb[39m[0m
2026-10-07T10:15:45.4143541Z [  27% ] [90m[1m_update_scan_actions[22m | creature_cloudfang_lod0_Image_0.jpg[39m[0m
2026-10-07T10:15:45.4145181Z [  27% ] [90m[1m_update_scan_actions[22m | cragclaw_extracted_base_color.png[39m[0m
2026-10-07T10:15:45.4188175Z [  27% ] [90m[1m_update_scan_actions[22m | cragclaw_extracted_base_color_vivid.png[39m[0m
2026-10-07T10:15:45.4339052Z [  27% ] [90m[1m_update_scan_actions[22m | creature_cragclaw_lod0.glb[39m[0m
2026-10-07T10:15:45.4454441Z [  28% ] [90m[1m_update_scan_actions[22m | creature_cragclaw_lod0_Image_0.jpg[39m[0m
2026-10-07T10:15:45.4493949Z [  28% ] [90m[1m_update_scan_actions[22m | craghorn_extracted_base_color_vivid.png[39m[0m
2026-10-07T10:15:45.4625313Z [  28% ] [90m[1m_update_scan_actions[22m | creature_craghorn_lod0.glb[39m[0m
2026-10-07T10:15:45.4727337Z [  28% ] [90m[1m_update_scan_actions[22m | creature_craghorn_lod0_Image_0.jpg[39m[0m
2026-10-07T10:15:45.5001962Z [  28% ] [90m[1m_update_scan_actions[22m | creature_duskhush_lod0.glb[39m[0m
2026-10-07T10:15:45.5195075Z [  28% ] [90m[1m_update_scan_actions[22m | creature_duskhush_lod0_base_color.png[39m[0m
2026-10-07T10:15:45.5243271Z [  28% ] [90m[1m_update_scan_actions[22m | creature_duskhush_lod0_base_color_shiny.png[39m[0m
2026-10-07T10:15:45.5287190Z [  28% ] [90m[1m_update_scan_actions[22m | creature_duskhush_lod0_base_color_vivid.png[39m[0m
2026-10-07T10:15:45.5290574Z [  28% ] [90m[1m_update_scan_actions[22m | creature_duskhush_lod0_emissive.png[39m[0m
2026-10-07T10:15:45.5293450Z [  28% ] [90m[1m_update_scan_actions[22m | creature_duskhush_lod0_emissive_shiny.png[39m[0m
2026-10-07T10:15:45.5297376Z [  28% ] [90m[1m_update_scan_actions[22m | creature_duskhush_lod0_emissive_vivid.png[39m[0m
2026-10-07T10:15:45.5405578Z [  28% ] [90m[1m_update_scan_actions[22m | creature_duskhush_lod0_metallic_roughness.png[39m[0m
2026-10-07T10:15:45.5511708Z [  28% ] [90m[1m_update_scan_actions[22m | creature_duskhush_lod0_normal.jpg[39m[0m
2026-10-07T10:15:45.5723437Z [  28% ] [90m[1m_update_scan_actions[22m | creature_frostclaw_lod0.glb[39m[0m
2026-10-07T10:15:45.5848249Z [  29% ] [90m[1m_update_scan_actions[22m | creature_frostclaw_lod0_base_color.jpg[39m[0m
2026-10-07T10:15:45.5931062Z [  29% ] [90m[1m_update_scan_actions[22m | creature_frostclaw_lod0_metallic_roughness.jpg[39m[0m
2026-10-07T10:15:45.6037839Z [  29% ] [90m[1m_update_scan_actions[22m | creature_frostclaw_lod0_normal.jpg[39m[0m
2026-10-07T10:15:45.6176665Z [  29% ] [90m[1m_update_scan_actions[22m | creature_fulgocobra_lod0.glb[39m[0m
2026-10-07T10:15:45.6289364Z [  29% ] [90m[1m_update_scan_actions[22m | creature_fulgocobra_lod0_Image_0.jpg[39m[0m
2026-10-07T10:15:45.6333886Z [  29% ] [90m[1m_update_scan_actions[22m | fulgocobra_extracted_base_color_shiny.png[39m[0m
2026-10-07T10:15:45.6375693Z [  29% ] [90m[1m_update_scan_actions[22m | fulgocobra_extracted_base_color_vivid.png[39m[0m
2026-10-07T10:15:45.6537345Z [  29% ] [90m[1m_update_scan_actions[22m | creature_galecrest_lod0.glb[39m[0m
2026-10-07T10:15:45.6671157Z [  29% ] [90m[1m_update_scan_actions[22m | creature_galecrest_lod0_Image_0.jpg[39m[0m
2026-10-07T10:15:45.6829553Z [  29% ] [90m[1m_update_scan_actions[22m | galecrest_extracted_base_color_alpha.png[39m[0m
2026-10-07T10:15:45.6984154Z [  29% ] [90m[1m_update_scan_actions[22m | galecrest_extracted_base_color_shiny.png[39m[0m
2026-10-07T10:15:45.7159439Z [  29% ] [90m[1m_update_scan_actions[22m | galecrest_extracted_base_color_vivid.png[39m[0m
2026-10-07T10:15:45.7390928Z [  29% ] [90m[1m_update_scan_actions[22m | creature_galewisp_lod0.glb[39m[0m
2026-10-07T10:15:45.7515116Z [  30% ] [90m[1m_update_scan_actions[22m | creature_galewisp_lod0_base_color.jpg[39m[0m
2026-10-07T10:15:45.7696708Z [  30% ] [90m[1m_update_scan_actions[22m | creature_galewisp_lod0_base_color.png[39m[0m
2026-10-07T10:15:45.7739105Z [  30% ] [90m[1m_update_scan_actions[22m | creature_galewisp_lod0_base_color_shiny.png[39m[0m
2026-10-07T10:15:45.7834311Z [  30% ] [90m[1m_update_scan_actions[22m | creature_galewisp_lod0_base_color_vivid.png[39m[0m
2026-10-07T10:15:45.7895506Z [  30% ] [90m[1m_update_scan_actions[22m | creature_galewisp_lod0_emissive.jpg[39m[0m
2026-10-07T10:15:45.7898895Z [  30% ] [90m[1m_update_scan_actions[22m | creature_galewisp_lod0_emissive.png[39m[0m
2026-10-07T10:15:45.7901629Z [  30% ] [90m[1m_update_scan_actions[22m | creature_galewisp_lod0_emissive_shiny.png[39m[0m
2026-10-07T10:15:45.7904961Z [  30% ] [90m[1m_update_scan_actions[22m | creature_galewisp_lod0_emissive_vivid.png[39m[0m
2026-10-07T10:15:45.7982871Z [  30% ] [90m[1m_update_scan_actions[22m | creature_galewisp_lod0_metallic_roughness.png[39m[0m
2026-10-07T10:15:45.8084387Z [  30% ] [90m[1m_update_scan_actions[22m | creature_galewisp_lod0_normal.jpg[39m[0m
2026-10-07T10:15:45.8237935Z [  30% ] [90m[1m_update_scan_actions[22m | creature_glimmermoth_lod0.glb[39m[0m
2026-10-07T10:15:45.8359249Z [  30% ] [90m[1m_update_scan_actions[22m | creature_glimmermoth_lod0_Image_0.jpg[39m[0m
2026-10-07T10:15:45.8403299Z [  30% ] [90m[1m_update_scan_actions[22m | glimmermoth_extracted_base_color_vivid.png[39m[0m
2026-10-07T10:15:45.8536835Z [  30% ] [90m[1m_update_scan_actions[22m | creature_mangrove_monitor_lod0.glb[39m[0m
2026-10-07T10:15:45.8644208Z [  31% ] [90m[1m_update_scan_actions[22m | creature_mangrove_monitor_lod0_Image_0.jpg[39m[0m
2026-10-07T10:15:45.8645649Z [  31% ] [90m[1m_update_scan_actions[22m | mangrove_monitor_extracted_base_color.png[39m[0m
2026-10-07T10:15:45.8686647Z [  31% ] [90m[1m_update_scan_actions[22m | mangrove_monitor_extracted_base_color_vivid.png[39m[0m
2026-10-07T10:15:45.8921459Z [  31% ] [90m[1m_update_scan_actions[22m | creature_meadowhart_lod0.glb[39m[0m
2026-10-07T10:15:45.9095401Z [  31% ] [90m[1m_update_scan_actions[22m | creature_meadowhart_lod0_base_color.png[39m[0m
2026-10-07T10:15:45.9134941Z [  31% ] [90m[1m_update_scan_actions[22m | creature_meadowhart_lod0_base_color_shiny.png[39m[0m
2026-10-07T10:15:45.9175996Z [  31% ] [90m[1m_update_scan_actions[22m | creature_meadowhart_lod0_base_color_vivid.png[39m[0m
2026-10-07T10:15:45.9179435Z [  31% ] [90m[1m_update_scan_actions[22m | creature_meadowhart_lod0_emissive.png[39m[0m
2026-10-07T10:15:45.9182240Z [  31% ] [90m[1m_update_scan_actions[22m | creature_meadowhart_lod0_emissive_shiny.png[39m[0m
2026-10-07T10:15:45.9185529Z [  31% ] [90m[1m_update_scan_actions[22m | creature_meadowhart_lod0_emissive_vivid.png[39m[0m
2026-10-07T10:15:45.9285299Z [  31% ] [90m[1m_update_scan_actions[22m | creature_meadowhart_lod0_metallic_roughness.png[39m[0m
2026-10-07T10:15:45.9382954Z [  31% ] [90m[1m_update_scan_actions[22m | creature_meadowhart_lod0_normal.jpg[39m[0m
2026-10-07T10:15:45.9570508Z [  31% ] [90m[1m_update_scan_actions[22m | creature_meadowhart_bare_lod0.glb[39m[0m
2026-10-07T10:15:45.9686444Z [  31% ] [90m[1m_update_scan_actions[22m | creature_meadowhart_bare_lod0_Image_0.jpg[39m[0m
2026-10-07T10:15:45.9827448Z [  32% ] [90m[1m_update_scan_actions[22m | creature_meadowhart_bare_lod0_normal.png[39m[0m
2026-10-07T10:15:45.9960364Z [  32% ] [90m[1m_update_scan_actions[22m | meadowhart_bare_extracted_base_color_shiny.png[39m[0m
2026-10-07T10:15:46.0115788Z [  32% ] [90m[1m_update_scan_actions[22m | creature_mirejaw_lod0.glb[39m[0m
2026-10-07T10:15:46.0222244Z [  32% ] [90m[1m_update_scan_actions[22m | creature_mirejaw_lod0_Image_0.jpg[39m[0m
2026-10-07T10:15:46.0223987Z [  32% ] [90m[1m_update_scan_actions[22m | mirejaw_extracted_base_color.png[39m[0m
2026-10-07T10:15:46.0264471Z [  32% ] [90m[1m_update_scan_actions[22m | mirejaw_extracted_base_color_shiny.png[39m[0m
2026-10-07T10:15:46.0305314Z [  32% ] [90m[1m_update_scan_actions[22m | mirejaw_extracted_base_color_vivid.png[39m[0m
2026-10-07T10:15:46.0613403Z [  32% ] [90m[1m_update_scan_actions[22m | creature_mosshell_lod0.glb[39m[0m
2026-10-07T10:15:46.0827803Z [  32% ] [90m[1m_update_scan_actions[22m | creature_mosshell_lod0_base_color.png[39m[0m
2026-10-07T10:15:46.0872158Z [  32% ] [90m[1m_update_scan_actions[22m | creature_mosshell_lod0_base_color_shiny.png[39m[0m
2026-10-07T10:15:46.0921803Z [  32% ] [90m[1m_update_scan_actions[22m | creature_mosshell_lod0_base_color_vivid.png[39m[0m
2026-10-07T10:15:46.0925302Z [  32% ] [90m[1m_update_scan_actions[22m | creature_mosshell_lod0_emissive.png[39m[0m
2026-10-07T10:15:46.0928029Z [  32% ] [90m[1m_update_scan_actions[22m | creature_mosshell_lod0_emissive_shiny.png[39m[0m
2026-10-07T10:15:46.0931153Z [  32% ] [90m[1m_update_scan_actions[22m | creature_mosshell_lod0_emissive_vivid.png[39m[0m
2026-10-07T10:15:46.1047464Z [  33% ] [90m[1m_update_scan_actions[22m | creature_mosshell_lod0_metallic_roughness.png[39m[0m
2026-10-07T10:15:46.1160629Z [  33% ] [90m[1m_update_scan_actions[22m | creature_mosshell_lod0_normal.jpg[39m[0m
2026-10-07T10:15:46.1311233Z [  33% ] [90m[1m_update_scan_actions[22m | creature_mosshock_lod0.glb[39m[0m
2026-10-07T10:15:46.1429727Z [  33% ] [90m[1m_update_scan_actions[22m | creature_mosshock_lod0_Image_0.jpg[39m[0m
2026-10-07T10:15:46.1470193Z [  33% ] [90m[1m_update_scan_actions[22m | mosshock_extracted_base_color_vivid.png[39m[0m
2026-10-07T10:15:46.1647169Z [  33% ] [90m[1m_update_scan_actions[22m | creature_mudsnout_lod0.glb[39m[0m
2026-10-07T10:15:46.1772500Z [  33% ] [90m[1m_update_scan_actions[22m | creature_mudsnout_lod0_base_color.jpg[39m[0m
2026-10-07T10:15:46.1836097Z [  33% ] [90m[1m_update_scan_actions[22m | creature_mudsnout_lod0_emissive.jpg[39m[0m
2026-10-07T10:15:46.1922139Z [  33% ] [90m[1m_update_scan_actions[22m | creature_mudsnout_lod0_metallic_roughness.jpg[39m[0m
2026-10-07T10:15:46.2081218Z [  33% ] [90m[1m_update_scan_actions[22m | creature_mudsnout_lod0_normal.jpg[39m[0m
2026-10-07T10:15:46.2082275Z [  33% ] [90m[1m_update_scan_actions[22m | mudsnout_extracted_base_color.png[39m[0m
2026-10-07T10:15:46.2124107Z [  33% ] [90m[1m_update_scan_actions[22m | mudsnout_extracted_base_color_shiny.png[39m[0m
2026-10-07T10:15:46.2157603Z [  33% ] [90m[1m_update_scan_actions[22m | mudsnout_extracted_base_color_vivid.png[39m[0m
2026-10-07T10:15:46.2159176Z [  33% ] [90m[1m_update_scan_actions[22m | mudsnout_extracted_emissive.png[39m[0m
2026-10-07T10:15:46.2175701Z [  34% ] [90m[1m_update_scan_actions[22m | mudsnout_extracted_emissive_shiny.png[39m[0m
2026-10-07T10:15:46.2191792Z [  34% ] [90m[1m_update_scan_actions[22m | mudsnout_extracted_emissive_vivid.png[39m[0m
2026-10-07T10:15:46.2458142Z [  34% ] [90m[1m_update_scan_actions[22m | creature_paddlenewt_lod0.glb[39m[0m
2026-10-07T10:15:46.2648698Z [  34% ] [90m[1m_update_scan_actions[22m | creature_paddlenewt_lod0_base_color.png[39m[0m
2026-10-07T10:15:46.2693064Z [  34% ] [90m[1m_update_scan_actions[22m | creature_paddlenewt_lod0_base_color_riftfrill.png[39m[0m
2026-10-07T10:15:46.2740984Z [  34% ] [90m[1m_update_scan_actions[22m | creature_paddlenewt_lod0_base_color_shiny.png[39m[0m
2026-10-07T10:15:46.2783305Z [  34% ] [90m[1m_update_scan_actions[22m | creature_paddlenewt_lod0_base_color_vivid.png[39m[0m
2026-10-07T10:15:46.2786185Z [  34% ] [90m[1m_update_scan_actions[22m | creature_paddlenewt_lod0_emissive.png[39m[0m
2026-10-07T10:15:46.2806124Z [  34% ] [90m[1m_update_scan_actions[22m | creature_paddlenewt_lod0_emissive_riftfrill.png[39m[0m
2026-10-07T10:15:46.2810096Z [  34% ] [90m[1m_update_scan_actions[22m | creature_paddlenewt_lod0_emissive_shiny.png[39m[0m
2026-10-07T10:15:46.2813043Z [  34% ] [90m[1m_update_scan_actions[22m | creature_paddlenewt_lod0_emissive_vivid.png[39m[0m
2026-10-07T10:15:46.2920724Z [  34% ] [90m[1m_update_scan_actions[22m | creature_paddlenewt_lod0_metallic_roughness.png[39m[0m
2026-10-07T10:15:46.3022824Z [  34% ] [90m[1m_update_scan_actions[22m | creature_paddlenewt_lod0_normal.jpg[39m[0m
2026-10-07T10:15:46.3172633Z [  34% ] [90m[1m_update_scan_actions[22m | creature_pebbik_lod0.glb[39m[0m
2026-10-07T10:15:46.3285290Z [  35% ] [90m[1m_update_scan_actions[22m | creature_pebbik_lod0_Image_0.jpg[39m[0m
2026-10-07T10:15:46.3331945Z [  35% ] [90m[1m_update_scan_actions[22m | pebbik_extracted_base_color_shiny.png[39m[0m
2026-10-07T10:15:46.3375828Z [  35% ] [90m[1m_update_scan_actions[22m | pebbik_extracted_base_color_vivid.png[39m[0m
2026-10-07T10:15:46.3619475Z [  35% ] [90m[1m_update_scan_actions[22m | creature_pipwing_lod0.glb[39m[0m
2026-10-07T10:15:46.3799382Z [  35% ] [90m[1m_update_scan_actions[22m | creature_pipwing_lod0_base_color.png[39m[0m
2026-10-07T10:15:46.3842781Z [  35% ] [90m[1m_update_scan_actions[22m | creature_pipwing_lod0_base_color_shiny.png[39m[0m
2026-10-07T10:15:46.3881771Z [  35% ] [90m[1m_update_scan_actions[22m | creature_pipwing_lod0_base_color_vivid.png[39m[0m
2026-10-07T10:15:46.3885315Z [  35% ] [90m[1m_update_scan_actions[22m | creature_pipwing_lod0_emissive.png[39m[0m
2026-10-07T10:15:46.3888015Z [  35% ] [90m[1m_update_scan_actions[22m | creature_pipwing_lod0_emissive_shiny.png[39m[0m
2026-10-07T10:15:46.3891180Z [  35% ] [90m[1m_update_scan_actions[22m | creature_pipwing_lod0_emissive_vivid.png[39m[0m
2026-10-07T10:15:46.3989344Z [  35% ] [90m[1m_update_scan_actions[22m | creature_pipwing_lod0_metallic_roughness.png[39m[0m
2026-10-07T10:15:46.4089385Z [  35% ] [90m[1m_update_scan_actions[22m | creature_pipwing_lod0_normal.jpg[39m[0m
2026-10-07T10:15:46.4357474Z [  35% ] [90m[1m_update_scan_actions[22m | creature_reedwing_lod0.glb[39m[0m
2026-10-07T10:15:46.4545464Z [  35% ] [90m[1m_update_scan_actions[22m | creature_reedwing_lod0_base_color.png[39m[0m
2026-10-07T10:15:46.4585327Z [  36% ] [90m[1m_update_scan_actions[22m | creature_reedwing_lod0_base_color_shiny.png[39m[0m
2026-10-07T10:15:46.4628063Z [  36% ] [90m[1m_update_scan_actions[22m | creature_reedwing_lod0_base_color_vivid.png[39m[0m
2026-10-07T10:15:46.4631300Z [  36% ] [90m[1m_update_scan_actions[22m | creature_reedwing_lod0_emissive.png[39m[0m
2026-10-07T10:15:46.4633992Z [  36% ] [90m[1m_update_scan_actions[22m | creature_reedwing_lod0_emissive_shiny.png[39m[0m
2026-10-07T10:15:46.4637316Z [  36% ] [90m[1m_update_scan_actions[22m | creature_reedwing_lod0_emissive_vivid.png[39m[0m
2026-10-07T10:15:46.4742064Z [  36% ] [90m[1m_update_scan_actions[22m | creature_reedwing_lod0_metallic_roughness.png[39m[0m
2026-10-07T10:15:46.4845061Z [  36% ] [90m[1m_update_scan_actions[22m | creature_reedwing_lod0_normal.jpg[39m[0m
2026-10-07T10:15:46.4979340Z [  36% ] [90m[1m_update_scan_actions[22m | creature_ribbonray_lod0.glb[39m[0m
2026-10-07T10:15:46.5082805Z [  36% ] [90m[1m_update_scan_actions[22m | creature_ribbonray_lod0_Image_0.jpg[39m[0m
2026-10-07T10:15:46.5118482Z [  36% ] [90m[1m_update_scan_actions[22m | ribbonray_extracted_base_color_vivid.png[39m[0m
2026-10-07T10:15:46.5369955Z [  36% ] [90m[1m_update_scan_actions[22m | creature_ripplet_lod0.glb[39m[0m
2026-10-07T10:15:46.5485274Z [  36% ] [90m[1m_update_scan_actions[22m | creature_ripplet_lod0_base_color.jpg[39m[0m
2026-10-07T10:15:46.5647204Z [  36% ] [90m[1m_update_scan_actions[22m | creature_ripplet_lod0_base_color.png[39m[0m
2026-10-07T10:15:46.5682970Z [  36% ] [90m[1m_update_scan_actions[22m | creature_ripplet_lod0_base_color_shiny.png[39m[0m
2026-10-07T10:15:46.5759497Z [  37% ] [90m[1m_update_scan_actions[22m | creature_ripplet_lod0_base_color_vivid.png[39m[0m
2026-10-07T10:15:46.5843128Z [  37% ] [90m[1m_update_scan_actions[22m | creature_ripplet_lod0_emissive.jpg[39m[0m
2026-10-07T10:15:46.5845736Z [  37% ] [90m[1m_update_scan_actions[22m | creature_ripplet_lod0_emissive.png[39m[0m
2026-10-07T10:15:46.5849189Z [  37% ] [90m[1m_update_scan_actions[22m | creature_ripplet_lod0_emissive_shiny.png[39m[0m
2026-10-07T10:15:46.5852455Z [  37% ] [90m[1m_update_scan_actions[22m | creature_ripplet_lod0_emissive_vivid.png[39m[0m
2026-10-07T10:15:46.5932152Z [  37% ] [90m[1m_update_scan_actions[22m | creature_ripplet_lod0_metallic_roughness.png[39m[0m
2026-10-07T10:15:46.6025420Z [  37% ] [90m[1m_update_scan_actions[22m | creature_ripplet_lod0_normal.jpg[39m[0m
2026-10-07T10:15:46.6184183Z [  37% ] [90m[1m_update_scan_actions[22m | creature_riptusk_lod0.glb[39m[0m
2026-10-07T10:15:46.6298833Z [  37% ] [90m[1m_update_scan_actions[22m | creature_riptusk_lod0_Image_0.jpg[39m[0m
2026-10-07T10:15:46.6300429Z [  37% ] [90m[1m_update_scan_actions[22m | riptusk_extracted_base_color.png[39m[0m
2026-10-07T10:15:46.6349147Z [  37% ] [90m[1m_update_scan_actions[22m | riptusk_extracted_base_color_shiny.png[39m[0m
2026-10-07T10:15:46.6393848Z [  37% ] [90m[1m_update_scan_actions[22m | riptusk_extracted_base_color_vivid.png[39m[0m
2026-10-07T10:15:46.6531049Z [  37% ] [90m[1m_update_scan_actions[22m | creature_riverdrake_lod0.glb[39m[0m
2026-10-07T10:15:46.6639530Z [  37% ] [90m[1m_update_scan_actions[22m | creature_riverdrake_lod0_Image_0.jpg[39m[0m
2026-10-07T10:15:46.6678578Z [  38% ] [90m[1m_update_scan_actions[22m | riverdrake_extracted_base_color_vivid.png[39m[0m
2026-10-07T10:15:46.6872869Z [  38% ] [90m[1m_update_scan_actions[22m | creature_shadelet_lod0.glb[39m[0m
2026-10-07T10:15:46.6985965Z [  38% ] [90m[1m_update_scan_actions[22m | creature_shadelet_lod0_base_color.jpg[39m[0m
2026-10-07T10:15:46.7070595Z [  38% ] [90m[1m_update_scan_actions[22m | creature_shadelet_lod0_metallic_roughness.jpg[39m[0m
2026-10-07T10:15:46.7165525Z [  38% ] [90m[1m_update_scan_actions[22m | creature_shadelet_lod0_normal.jpg[39m[0m
2026-10-07T10:15:46.7316342Z [  38% ] [90m[1m_update_scan_actions[22m | creature_sirenseal_lod0.glb[39m[0m
2026-10-07T10:15:46.7425419Z [  38% ] [90m[1m_update_scan_actions[22m | creature_sirenseal_lod0_Image_0.jpg[39m[0m
2026-10-07T10:15:46.7426447Z [  38% ] [90m[1m_update_scan_actions[22m | sirenseal_extracted_base_color.png[39m[0m
2026-10-07T10:15:46.7465916Z [  38% ] [90m[1m_update_scan_actions[22m | sirenseal_extracted_base_color_vivid.png[39m[0m
2026-10-07T10:15:46.7682953Z [  38% ] [90m[1m_update_scan_actions[22m | creature_skyrill_lod0.glb[39m[0m
2026-10-07T10:15:46.7826856Z [  38% ] [90m[1m_update_scan_actions[22m | creature_skyrill_lod0_Image_0.jpg[39m[0m
2026-10-07T10:15:46.7917997Z [  38% ] [90m[1m_update_scan_actions[22m | creature_skyrill_lod0_Image_1.jpg[39m[0m
2026-10-07T10:15:46.8034799Z [  38% ] [90m[1m_update_scan_actions[22m | creature_skyrill_lod0_Image_2.jpg[39m[0m
2026-10-07T10:15:46.8292197Z [  38% ] [90m[1m_update_scan_actions[22m | skyrill_extracted_base_color.png[39m[0m
2026-10-07T10:15:46.8339638Z [  39% ] [90m[1m_update_scan_actions[22m | skyrill_extracted_base_color_vivid.png[39m[0m
2026-10-07T10:15:46.8475478Z [  39% ] [90m[1m_update_scan_actions[22m | creature_solmane_lod0.glb[39m[0m
2026-10-07T10:15:46.8585913Z [  39% ] [90m[1m_update_scan_actions[22m | creature_solmane_lod0_Image_0.jpg[39m[0m
2026-10-07T10:15:46.8635826Z [  39% ] [90m[1m_update_scan_actions[22m | solmane_extracted_base_color_shiny.png[39m[0m
2026-10-07T10:15:46.8679460Z [  39% ] [90m[1m_update_scan_actions[22m | solmane_extracted_base_color_vivid.png[39m[0m
2026-10-07T10:15:46.8893491Z [  39% ] [90m[1m_update_scan_actions[22m | creature_sparkit_lod0.glb[39m[0m
2026-10-07T10:15:46.9020780Z [  39% ] [90m[1m_update_scan_actions[22m | creature_sparkit_lod0_base_color.jpg[39m[0m
2026-10-07T10:15:46.9103068Z [  39% ] [90m[1m_update_scan_actions[22m | creature_sparkit_lod0_metallic_roughness.jpg[39m[0m
2026-10-07T10:15:46.9206794Z [  39% ] [90m[1m_update_scan_actions[22m | creature_sparkit_lod0_normal.jpg[39m[0m
2026-10-07T10:15:46.9347008Z [  39% ] [90m[1m_update_scan_actions[22m | creature_staticub_lod0.glb[39m[0m
2026-10-07T10:15:46.9459775Z [  39% ] [90m[1m_update_scan_actions[22m | creature_staticub_lod0_Image_0.jpg[39m[0m
2026-10-07T10:15:46.9502350Z [  39% ] [90m[1m_update_scan_actions[22m | staticub_extracted_base_color_shiny.png[39m[0m
2026-10-07T10:15:46.9542084Z [  39% ] [90m[1m_update_scan_actions[22m | staticub_extracted_base_color_vivid.png[39m[0m
2026-10-07T10:15:46.9738276Z [  40% ] [90m[1m_update_scan_actions[22m | creature_stormbrush_lod0.glb[39m[0m
2026-10-07T10:15:46.9862825Z [  40% ] [90m[1m_update_scan_actions[22m | creature_stormbrush_lod0_Image_0.jpg[39m[0m
2026-10-07T10:15:46.9908502Z [  40% ] [90m[1m_update_scan_actions[22m | stormbrush_extracted_base_color_vivid.png[39m[0m
2026-10-07T10:15:47.0057065Z [  40% ] [90m[1m_update_scan_actions[22m | creature_stormcapra_lod0.glb[39m[0m
2026-10-07T10:15:47.0165916Z [  40% ] [90m[1m_update_scan_actions[22m | creature_stormcapra_lod0_Image_0.jpg[39m[0m
2026-10-07T10:15:47.0208316Z [  40% ] [90m[1m_update_scan_actions[22m | stormcapra_extracted_base_color_shiny.png[39m[0m
2026-10-07T10:15:47.0246050Z [  40% ] [90m[1m_update_scan_actions[22m | stormcapra_extracted_base_color_vivid.png[39m[0m
2026-10-07T10:15:47.0412002Z [  40% ] [90m[1m_update_scan_actions[22m | creature_stormraven_lod0.glb[39m[0m
2026-10-07T10:15:47.0521409Z [  40% ] [90m[1m_update_scan_actions[22m | creature_stormraven_lod0_Image_0.jpg[39m[0m
2026-10-07T10:15:47.0559260Z [  40% ] [90m[1m_update_scan_actions[22m | stormraven_extracted_base_color_vivid.png[39m[0m
2026-10-07T10:15:47.0712486Z [  40% ] [90m[1m_update_scan_actions[22m | creature_tanglevolt_lod0.glb[39m[0m
2026-10-07T10:15:47.0822195Z [  40% ] [90m[1m_update_scan_actions[22m | creature_tanglevolt_lod0_Image_0.jpg[39m[0m
2026-10-07T10:15:47.0863637Z [  40% ] [90m[1m_update_scan_actions[22m | tanglevolt_extracted_base_color_vivid.png[39m[0m
2026-10-07T10:15:47.1005984Z [  40% ] [90m[1m_update_scan_actions[22m | creature_tempestwing_lod0.glb[39m[0m
2026-10-07T10:15:47.1114859Z [  41% ] [90m[1m_update_scan_actions[22m | creature_tempestwing_lod0_Image_0.jpg[39m[0m
2026-10-07T10:15:47.1158179Z [  41% ] [90m[1m_update_scan_actions[22m | tempestwing_extracted_base_color_vivid.png[39m[0m
2026-10-07T10:15:47.1377319Z [  41% ] [90m[1m_update_scan_actions[22m | creature_terrapup_lod0.glb[39m[0m
2026-10-07T10:15:47.1497106Z [  41% ] [90m[1m_update_scan_actions[22m | creature_terrapup_lod0_base_color.jpg[39m[0m
2026-10-07T10:15:47.1673107Z [  41% ] [90m[1m_update_scan_actions[22m | creature_terrapup_lod0_base_color.png[39m[0m
2026-10-07T10:15:47.1709797Z [  41% ] [90m[1m_update_scan_actions[22m | creature_terrapup_lod0_base_color_shiny.png[39m[0m
2026-10-07T10:15:47.1746449Z [  41% ] [90m[1m_update_scan_actions[22m | creature_terrapup_lod0_base_color_vivid.png[39m[0m
2026-10-07T10:15:47.1808092Z [  41% ] [90m[1m_update_scan_actions[22m | creature_terrapup_lod0_emissive.jpg[39m[0m
2026-10-07T10:15:47.1869384Z [  41% ] [90m[1m_update_scan_actions[22m | creature_terrapup_lod0_emissive.png[39m[0m
2026-10-07T10:15:47.1886996Z [  41% ] [90m[1m_update_scan_actions[22m | creature_terrapup_lod0_emissive_shiny.png[39m[0m
2026-10-07T10:15:47.1903661Z [  41% ] [90m[1m_update_scan_actions[22m | creature_terrapup_lod0_emissive_vivid.png[39m[0m
2026-10-07T10:15:47.1990960Z [  41% ] [90m[1m_update_scan_actions[22m | creature_terrapup_lod0_metallic_roughness.jpg[39m[0m
2026-10-07T10:15:47.2069238Z [  41% ] [90m[1m_update_scan_actions[22m | creature_terrapup_lod0_metallic_roughness.png[39m[0m
2026-10-07T10:15:47.2170486Z [  41% ] [90m[1m_update_scan_actions[22m | creature_terrapup_lod0_normal.jpg[39m[0m
2026-10-07T10:15:47.2274898Z [  42% ] [90m[1m_update_scan_actions[22m | creature_terrapup_lod0_normal.png[39m[0m
2026-10-07T10:15:47.2452420Z [  42% ] [90m[1m_update_scan_actions[22m | creature_thundertunnel_lod0.glb[39m[0m
2026-10-07T10:15:47.2547862Z [  42% ] [90m[1m_update_scan_actions[22m | creature_thundertunnel_lod0_Image_0.jpg[39m[0m
2026-10-07T10:15:47.2585894Z [  42% ] [90m[1m_update_scan_actions[22m | thundertunnel_extracted_base_color_vivid.png[39m[0m
2026-10-07T10:15:47.2732138Z [  42% ] [90m[1m_update_scan_actions[22m | creature_tidecoil_lod0.glb[39m[0m
2026-10-07T10:15:47.2843961Z [  42% ] [90m[1m_update_scan_actions[22m | creature_tidecoil_lod0_Image_0.jpg[39m[0m
2026-10-07T10:15:47.2887044Z [  42% ] [90m[1m_update_scan_actions[22m | tidecoil_extracted_base_color_shiny.png[39m[0m
2026-10-07T10:15:47.2926303Z [  42% ] [90m[1m_update_scan_actions[22m | tidecoil_extracted_base_color_vivid.png[39m[0m
2026-10-07T10:15:47.3129728Z [  42% ] [90m[1m_update_scan_actions[22m | creature_torrentoad_lod0.glb[39m[0m
2026-10-07T10:15:47.3265680Z [  42% ] [90m[1m_update_scan_actions[22m | creature_torrentoad_lod0_Image_0.jpg[39m[0m
2026-10-07T10:15:47.3360209Z [  42% ] [90m[1m_update_scan_actions[22m | creature_torrentoad_lod0_Image_1.jpg[39m[0m
2026-10-07T10:15:47.3469958Z [  42% ] [90m[1m_update_scan_actions[22m | creature_torrentoad_lod0_Image_2.jpg[39m[0m
2026-10-07T10:15:47.3709189Z [  42% ] [90m[1m_update_scan_actions[22m | torrentoad_extracted_base_color.png[39m[0m
2026-10-07T10:15:47.3757237Z [  42% ] [90m[1m_update_scan_actions[22m | torrentoad_extracted_base_color_vivid.png[39m[0m
2026-10-07T10:15:47.3944268Z [  43% ] [90m[1m_update_scan_actions[22m | creature_trailpup_lod0.glb[39m[0m
2026-10-07T10:15:47.4072816Z [  43% ] [90m[1m_update_scan_actions[22m | creature_trailpup_lod0_base_color.jpg[39m[0m
2026-10-07T10:15:47.4133863Z [  43% ] [90m[1m_update_scan_actions[22m | creature_trailpup_lod0_emissive.jpg[39m[0m
2026-10-07T10:15:47.4216380Z [  43% ] [90m[1m_update_scan_actions[22m | creature_trailpup_lod0_metallic_roughness.jpg[39m[0m
2026-10-07T10:15:47.4378827Z [  43% ] [90m[1m_update_scan_actions[22m | creature_trailpup_lod0_normal.jpg[39m[0m
2026-10-07T10:15:47.4379866Z [  43% ] [90m[1m_update_scan_actions[22m | trailpup_extracted_base_color.png[39m[0m
2026-10-07T10:15:47.4416632Z [  43% ] [90m[1m_update_scan_actions[22m | trailpup_extracted_base_color_shiny.png[39m[0m
2026-10-07T10:15:47.4453402Z [  43% ] [90m[1m_update_scan_actions[22m | trailpup_extracted_base_color_stormtrail.png[39m[0m
2026-10-07T10:15:47.4488738Z [  43% ] [90m[1m_update_scan_actions[22m | trailpup_extracted_base_color_vivid.png[39m[0m
2026-10-07T10:15:47.4489751Z [  43% ] [90m[1m_update_scan_actions[22m | trailpup_extracted_emissive.png[39m[0m
2026-10-07T10:15:47.4510312Z [  43% ] [90m[1m_update_scan_actions[22m | trailpup_extracted_emissive_shiny.png[39m[0m
2026-10-07T10:15:47.4533093Z [  43% ] [90m[1m_update_scan_actions[22m | trailpup_extracted_emissive_stormtrail.png[39m[0m
2026-10-07T10:15:47.4550882Z [  43% ] [90m[1m_update_scan_actions[22m | trailpup_extracted_emissive_vivid.png[39m[0m
2026-10-07T10:15:47.4795632Z [  43% ] [90m[1m_update_scan_actions[22m | creature_tuskroot_lod0.glb[39m[0m
2026-10-07T10:15:47.4977574Z [  44% ] [90m[1m_update_scan_actions[22m | creature_tuskroot_lod0_base_color.png[39m[0m
2026-10-07T10:15:47.5016877Z [  44% ] [90m[1m_update_scan_actions[22m | creature_tuskroot_lod0_base_color_ashtusk.png[39m[0m
2026-10-07T10:15:47.5058758Z [  44% ] [90m[1m_update_scan_actions[22m | creature_tuskroot_lod0_base_color_shiny.png[39m[0m
2026-10-07T10:15:47.5097698Z [  44% ] [90m[1m_update_scan_actions[22m | creature_tuskroot_lod0_base_color_vivid.png[39m[0m
2026-10-07T10:15:47.5101076Z [  44% ] [90m[1m_update_scan_actions[22m | creature_tuskroot_lod0_emissive.png[39m[0m
2026-10-07T10:15:47.5118389Z [  44% ] [90m[1m_update_scan_actions[22m | creature_tuskroot_lod0_emissive_ashtusk.png[39m[0m
2026-10-07T10:15:47.5121572Z [  44% ] [90m[1m_update_scan_actions[22m | creature_tuskroot_lod0_emissive_shiny.png[39m[0m
2026-10-07T10:15:47.5124513Z [  44% ] [90m[1m_update_scan_actions[22m | creature_tuskroot_lod0_emissive_vivid.png[39m[0m
2026-10-07T10:15:47.5223969Z [  44% ] [90m[1m_update_scan_actions[22m | creature_tuskroot_lod0_metallic_roughness.png[39m[0m
2026-10-07T10:15:47.5322812Z [  44% ] [90m[1m_update_scan_actions[22m | creature_tuskroot_lod0_normal.jpg[39m[0m
2026-10-07T10:15:47.5513012Z [  44% ] [90m[1m_update_scan_actions[22m | creature_veridian_lod0.glb[39m[0m
2026-10-07T10:15:47.5640983Z [  44% ] [90m[1m_update_scan_actions[22m | creature_veridian_lod0_base_color.jpg[39m[0m
2026-10-07T10:15:47.5705110Z [  44% ] [90m[1m_update_scan_actions[22m | creature_veridian_lod0_emissive.jpg[39m[0m
2026-10-07T10:15:47.5794525Z [  44% ] [90m[1m_update_scan_actions[22m | creature_veridian_lod0_metallic_roughness.jpg[39m[0m
2026-10-07T10:15:47.5954235Z [  45% ] [90m[1m_update_scan_actions[22m | creature_veridian_lod0_normal.jpg[39m[0m
2026-10-07T10:15:47.5955607Z [  45% ] [90m[1m_update_scan_actions[22m | veridian_extracted_base_color.png[39m[0m
2026-10-07T10:15:47.6003742Z [  45% ] [90m[1m_update_scan_actions[22m | veridian_extracted_base_color_shiny.png[39m[0m
2026-10-07T10:15:47.6047475Z [  45% ] [90m[1m_update_scan_actions[22m | veridian_extracted_base_color_vivid.png[39m[0m
2026-10-07T10:15:47.6048675Z [  45% ] [90m[1m_update_scan_actions[22m | veridian_extracted_emissive.png[39m[0m
2026-10-07T10:15:47.6068108Z [  45% ] [90m[1m_update_scan_actions[22m | veridian_extracted_emissive_shiny.png[39m[0m
2026-10-07T10:15:47.6086427Z [  45% ] [90m[1m_update_scan_actions[22m | veridian_extracted_emissive_vivid.png[39m[0m
2026-10-07T10:15:47.6224495Z [  45% ] [90m[1m_update_scan_actions[22m | creature_voltarach_lod0.glb[39m[0m
2026-10-07T10:15:47.6334185Z [  45% ] [90m[1m_update_scan_actions[22m | creature_voltarach_lod0_Image_0.jpg[39m[0m
2026-10-07T10:15:47.6370079Z [  45% ] [90m[1m_update_scan_actions[22m | voltarach_extracted_base_color_alpha.png[39m[0m
2026-10-07T10:15:47.6413351Z [  45% ] [90m[1m_update_scan_actions[22m | voltarach_extracted_base_color_shiny.png[39m[0m
2026-10-07T10:15:47.6452554Z [  45% ] [90m[1m_update_scan_actions[22m | voltarach_extracted_base_color_vivid.png[39m[0m
2026-10-07T10:15:47.6592936Z [  45% ] [90m[1m_update_scan_actions[22m | creature_voltwig_lod0.glb[39m[0m
2026-10-07T10:15:47.6705116Z [  45% ] [90m[1m_update_scan_actions[22m | creature_voltwig_lod0_Image_0.jpg[39m[0m
2026-10-07T10:15:47.6746572Z [  46% ] [90m[1m_update_scan_actions[22m | voltwig_extracted_base_color_shiny.png[39m[0m
2026-10-07T10:15:47.6784618Z [  46% ] [90m[1m_update_scan_actions[22m | voltwig_extracted_base_color_vivid.png[39m[0m
2026-10-07T10:15:47.6812338Z [  46% ] [90m[1m_update_scan_actions[22m | bramblit.fbx[39m[0m
2026-10-07T10:15:47.6835755Z [  46% ] [90m[1m_update_scan_actions[22m | meadow_hopper.fbx[39m[0m
2026-10-07T10:15:47.6865264Z [  46% ] [90m[1m_update_scan_actions[22m | thornback.fbx[39m[0m
2026-10-07T10:15:47.6945928Z [  46% ] [90m[1m_update_scan_actions[22m | limestone_buttress.glb[39m[0m
2026-10-07T10:15:47.7064200Z [  46% ] [90m[1m_update_scan_actions[22m | limestone_buttress_CloudreachLimestoneColour.png[39m[0m
2026-10-07T10:15:47.7121268Z [  46% ] [90m[1m_update_scan_actions[22m | cloud_bank_v1.png[39m[0m
2026-10-07T10:15:47.7134487Z [  46% ] [90m[1m_update_scan_actions[22m | limestone_spire_1.obj[39m[0m
2026-10-07T10:15:47.7147696Z [  46% ] [90m[1m_update_scan_actions[22m | limestone_spire_2.obj[39m[0m
2026-10-07T10:15:47.7160631Z [  46% ] [90m[1m_update_scan_actions[22m | limestone_spire_3.obj[39m[0m
2026-10-07T10:15:47.7307985Z [  46% ] [90m[1m_update_scan_actions[22m | ironwood_ancient_tree.glb[39m[0m
2026-10-07T10:15:47.7443630Z [  46% ] [90m[1m_update_scan_actions[22m | ironwood_ancient_tree_0.jpg[39m[0m
2026-10-07T10:15:47.7446709Z [  46% ] [90m[1m_update_scan_actions[22m | flower_purpleA.glb[39m[0m
2026-10-07T10:15:47.7449416Z [  47% ] [90m[1m_update_scan_actions[22m | flower_redA.glb[39m[0m
2026-10-07T10:15:47.7452483Z [  47% ] [90m[1m_update_scan_actions[22m | flower_yellowA.glb[39m[0m
2026-10-07T10:15:47.7455894Z [  47% ] [90m[1m_update_scan_actions[22m | flower_yellowB.glb[39m[0m
2026-10-07T10:15:47.7459163Z [  47% ] [90m[1m_update_scan_actions[22m | grass.glb[39m[0m
2026-10-07T10:15:47.7462634Z [  47% ] [90m[1m_update_scan_actions[22m | grass_large.glb[39m[0m
2026-10-07T10:15:47.7465810Z [  47% ] [90m[1m_update_scan_actions[22m | grass_leafs.glb[39m[0m
2026-10-07T10:15:47.7469238Z [  47% ] [90m[1m_update_scan_actions[22m | grass_leafsLarge.glb[39m[0m
2026-10-07T10:15:47.7472472Z [  47% ] [90m[1m_update_scan_actions[22m | log.glb[39m[0m
2026-10-07T10:15:47.7475745Z [  47% ] [90m[1m_update_scan_actions[22m | log_large.glb[39m[0m
2026-10-07T10:15:47.7478843Z [  47% ] [90m[1m_update_scan_actions[22m | mushroom_red.glb[39m[0m
2026-10-07T10:15:47.7481791Z [  47% ] [90m[1m_update_scan_actions[22m | plant_bush.glb[39m[0m
2026-10-07T10:15:47.7485146Z [  47% ] [90m[1m_update_scan_actions[22m | plant_bushDetailed.glb[39m[0m
2026-10-07T10:15:47.7488208Z [  47% ] [90m[1m_update_scan_actions[22m | plant_bushLarge.glb[39m[0m
2026-10-07T10:15:47.7491152Z [  47% ] [90m[1m_update_scan_actions[22m | plant_bushSmall.glb[39m[0m
2026-10-07T10:15:47.7494314Z [  48% ] [90m[1m_update_scan_actions[22m | rock_largeA.glb[39m[0m
2026-10-07T10:15:47.7497524Z [  48% ] [90m[1m_update_scan_actions[22m | rock_largeC.glb[39m[0m
2026-10-07T10:15:47.7500467Z [  48% ] [90m[1m_update_scan_actions[22m | rock_smallA.glb[39m[0m
2026-10-07T10:15:47.7503417Z [  48% ] [90m[1m_update_scan_actions[22m | rock_smallD.glb[39m[0m
2026-10-07T10:15:47.7506901Z [  48% ] [90m[1m_update_scan_actions[22m | rock_tallA.glb[39m[0m
2026-10-07T10:15:47.7509918Z [  48% ] [90m[1m_update_scan_actions[22m | stump_round.glb[39m[0m
2026-10-07T10:15:47.7512965Z [  48% ] [90m[1m_update_scan_actions[22m | stump_square.glb[39m[0m
2026-10-07T10:15:47.7516187Z [  48% ] [90m[1m_update_scan_actions[22m | tree_blocks.glb[39m[0m
2026-10-07T10:15:47.7519317Z [  48% ] [90m[1m_update_scan_actions[22m | tree_default.glb[39m[0m
2026-10-07T10:15:47.7523057Z [  48% ] [90m[1m_update_scan_actions[22m | tree_detailed.glb[39m[0m
2026-10-07T10:15:47.7526188Z [  48% ] [90m[1m_update_scan_actions[22m | tree_fat.glb[39m[0m
2026-10-07T10:15:47.7529442Z [  48% ] [90m[1m_update_scan_actions[22m | tree_oak.glb[39m[0m
2026-10-07T10:15:47.7668158Z [  48% ] [90m[1m_update_scan_actions[22m | day.hdr[39m[0m
2026-10-07T10:15:47.7819397Z [  48% ] [90m[1m_update_scan_actions[22m | golden.hdr[39m[0m
2026-10-07T10:15:47.7826037Z [  49% ] [90m[1m_update_scan_actions[22m | Grass_C_dune_sage_straw.png[39m[0m
2026-10-07T10:15:47.7836028Z [  49% ] [90m[1m_update_scan_actions[22m | Leaves_NormalTree_C_desat55.png[39m[0m
2026-10-07T10:15:47.7846196Z [  49% ] [90m[1m_update_scan_actions[22m | Leaves_NormalTree_C_desat55_b100.png[39m[0m
2026-10-07T10:15:47.7857703Z [  49% ] [90m[1m_update_scan_actions[22m | Bark_DeadTree.png[39m[0m
2026-10-07T10:15:47.7870952Z [  49% ] [90m[1m_update_scan_actions[22m | Bark_DeadTree_Normal.png[39m[0m
2026-10-07T10:15:47.7882178Z [  49% ] [90m[1m_update_scan_actions[22m | Bark_NormalTree.png[39m[0m
2026-10-07T10:15:47.7894013Z [  49% ] [90m[1m_update_scan_actions[22m | Bark_NormalTree_Normal.png[39m[0m
2026-10-07T10:15:47.7906153Z [  49% ] [90m[1m_update_scan_actions[22m | Bark_TwistedTree.png[39m[0m
2026-10-07T10:15:47.7919236Z [  49% ] [90m[1m_update_scan_actions[22m | Bark_TwistedTree_Normal.png[39m[0m
2026-10-07T10:15:47.7923236Z [  49% ] [90m[1m_update_scan_actions[22m | Bush_Common.gltf[39m[0m
2026-10-07T10:15:47.7927699Z [  49% ] [90m[1m_update_scan_actions[22m | Bush_Common_Flowers.gltf[39m[0m
2026-10-07T10:15:47.7946258Z [  49% ] [90m[1m_update_scan_actions[22m | CherryBlossom_3.gltf[39m[0m
2026-10-07T10:15:47.7949146Z [  49% ] [90m[1m_update_scan_actions[22m | Clover_1.gltf[39m[0m
2026-10-07T10:15:47.7952407Z [  50% ] [90m[1m_update_scan_actions[22m | Clover_2.gltf[39m[0m
2026-10-07T10:15:47.7960748Z [  50% ] [90m[1m_update_scan_actions[22m | CommonTree_1.gltf[39m[0m
2026-10-07T10:15:47.7968564Z [  50% ] [90m[1m_update_scan_actions[22m | CommonTree_2.gltf[39m[0m
2026-10-07T10:15:47.7974812Z [  50% ] [90m[1m_update_scan_actions[22m | CommonTree_3.gltf[39m[0m
2026-10-07T10:15:47.7981104Z [  50% ] [90m[1m_update_scan_actions[22m | CommonTree_4.gltf[39m[0m
2026-10-07T10:15:47.7986994Z [  50% ] [90m[1m_update_scan_actions[22m | CommonTree_5.gltf[39m[0m
2026-10-07T10:15:47.7994933Z [  50% ] [90m[1m_update_scan_actions[22m | DeadTree_1.gltf[39m[0m
2026-10-07T10:15:47.8002938Z [  50% ] [90m[1m_update_scan_actions[22m | DeadTree_2.gltf[39m[0m
2026-10-07T10:15:47.8010636Z [  50% ] [90m[1m_update_scan_actions[22m | DeadTree_3.gltf[39m[0m
2026-10-07T10:15:47.8013770Z [  50% ] [90m[1m_update_scan_actions[22m | Fern_1.gltf[39m[0m
2026-10-07T10:15:47.8027953Z [  50% ] [90m[1m_update_scan_actions[22m | Flowers.png[39m[0m
2026-10-07T10:15:47.8031460Z [  50% ] [90m[1m_update_scan_actions[22m | Flower_3_Group.gltf[39m[0m
2026-10-07T10:15:47.8034621Z [  50% ] [90m[1m_update_scan_actions[22m | Flower_3_Single.gltf[39m[0m
2026-10-07T10:15:47.8038738Z [  50% ] [90m[1m_update_scan_actions[22m | Flower_4_Group.gltf[39m[0m
2026-10-07T10:15:47.8042118Z [  51% ] [90m[1m_update_scan_actions[22m | Flower_4_Single.gltf[39m[0m
2026-10-07T10:15:47.8049512Z [  51% ] [90m[1m_update_scan_actions[22m | Grass.png[39m[0m
2026-10-07T10:15:47.8052695Z [  51% ] [90m[1m_update_scan_actions[22m | Grass_Common_Short.gltf[39m[0m
2026-10-07T10:15:47.8056025Z [  51% ] [90m[1m_update_scan_actions[22m | Grass_Common_Tall.gltf[39m[0m
2026-10-07T10:15:47.8059784Z [  51% ] [90m[1m_update_scan_actions[22m | Grass_Wheat.gltf[39m[0m
2026-10-07T10:15:47.8062958Z [  51% ] [90m[1m_update_scan_actions[22m | Grass_Wide_Short.gltf[39m[0m
2026-10-07T10:15:47.8066344Z [  51% ] [90m[1m_update_scan_actions[22m | Grass_Wide_Tall.gltf[39m[0m
2026-10-07T10:15:47.8069663Z [  51% ] [90m[1m_update_scan_actions[22m | Grass_Wispy_Short.gltf[39m[0m
2026-10-07T10:15:47.8072994Z [  51% ] [90m[1m_update_scan_actions[22m | Grass_Wispy_Tall.gltf[39m[0m
2026-10-07T10:15:47.8087552Z [  51% ] [90m[1m_update_scan_actions[22m | Leaves.png[39m[0m
2026-10-07T10:15:47.8112922Z [  51% ] [90m[1m_update_scan_actions[22m | Leaves_CherryBlossom_C.png[39m[0m
2026-10-07T10:15:47.8124442Z [  51% ] [90m[1m_update_scan_actions[22m | Leaves_NormalTree_C.png[39m[0m
2026-10-07T10:15:47.8136100Z [  51% ] [90m[1m_update_scan_actions[22m | Leaves_TwistedTree_C.png[39m[0m
2026-10-07T10:15:47.8149499Z [  51% ] [90m[1m_update_scan_actions[22m | Mushrooms.png[39m[0m
2026-10-07T10:15:47.8152934Z [  52% ] [90m[1m_update_scan_actions[22m | Mushroom_Common.gltf[39m[0m
2026-10-07T10:15:47.8157822Z [  52% ] [90m[1m_update_scan_actions[22m | Mushroom_Laetiporus.gltf[39m[0m
2026-10-07T10:15:47.8161682Z [  52% ] [90m[1m_update_scan_actions[22m | Mushroom_Oyster.gltf[39m[0m
2026-10-07T10:15:47.8165151Z [  52% ] [90m[1m_update_scan_actions[22m | Mushroom_RedCap.gltf[39m[0m
2026-10-07T10:15:47.8177728Z [  52% ] [90m[1m_update_scan_actions[22m | PathRocks_Diffuse.png[39m[0m
2026-10-07T10:15:47.8180781Z [  52% ] [90m[1m_update_scan_actions[22m | Pebble_Round_1.gltf[39m[0m
2026-10-07T10:15:47.8183813Z [  52% ] [90m[1m_update_scan_actions[22m | Pebble_Round_2.gltf[39m[0m
2026-10-07T10:15:47.8187021Z [  52% ] [90m[1m_update_scan_actions[22m | Pebble_Round_3.gltf[39m[0m
2026-10-07T10:15:47.8189985Z [  52% ] [90m[1m_update_scan_actions[22m | Plant_1.gltf[39m[0m
2026-10-07T10:15:47.8193227Z [  52% ] [90m[1m_update_scan_actions[22m | Plant_1_Big.gltf[39m[0m
2026-10-07T10:15:47.8196556Z [  52% ] [90m[1m_update_scan_actions[22m | Plant_7.gltf[39m[0m
2026-10-07T10:15:47.8199432Z [  52% ] [90m[1m_update_scan_actions[22m | Plant_7_Big.gltf[39m[0m
2026-10-07T10:15:47.8203210Z [  52% ] [90m[1m_update_scan_actions[22m | RockPath_Round_Small_1.gltf[39m[0m
2026-10-07T10:15:47.8207225Z [  52% ] [90m[1m_update_scan_actions[22m | RockPath_Round_Small_2.gltf[39m[0m
2026-10-07T10:15:47.8211933Z [  53% ] [90m[1m_update_scan_actions[22m | RockPath_Round_Thin.gltf[39m[0m
2026-10-07T10:15:47.8217799Z [  53% ] [90m[1m_update_scan_actions[22m | RockPath_Round_Wide.gltf[39m[0m
2026-10-07T10:15:47.8230848Z [  53% ] [90m[1m_update_scan_actions[22m | Rocks_Diffuse.png[39m[0m
2026-10-07T10:15:47.8245036Z [  53% ] [90m[1m_update_scan_actions[22m | Rocks_Diffuse_meadows.png[39m[0m
2026-10-07T10:15:47.8248217Z [  53% ] [90m[1m_update_scan_actions[22m | Rock_Medium_1.gltf[39m[0m
2026-10-07T10:15:47.8251295Z [  53% ] [90m[1m_update_scan_actions[22m | Rock_Medium_2.gltf[39m[0m
2026-10-07T10:15:47.8254586Z [  53% ] [90m[1m_update_scan_actions[22m | Rock_Medium_3.gltf[39m[0m
2026-10-07T10:15:47.8265935Z [  53% ] [90m[1m_update_scan_actions[22m | TwistedTree_1.gltf[39m[0m
2026-10-07T10:15:47.8276830Z [  53% ] [90m[1m_update_scan_actions[22m | TwistedTree_2.gltf[39m[0m
2026-10-07T10:15:47.8289234Z [  53% ] [90m[1m_update_scan_actions[22m | TwistedTree_3.gltf[39m[0m
2026-10-07T10:15:47.8300777Z [  53% ] [90m[1m_update_scan_actions[22m | TwistedTree_4.gltf[39m[0m
2026-10-07T10:15:47.8313076Z [  53% ] [90m[1m_update_scan_actions[22m | TwistedTree_5.gltf[39m[0m
2026-10-07T10:15:47.8320917Z [  53% ] [90m[1m_update_scan_actions[22m | rift_siphon_wall_machine.glb[39m[0m
2026-10-07T10:15:47.8327331Z [  53% ] [90m[1m_update_scan_actions[22m | team_tether_banner_rig.glb[39m[0m
2026-10-07T10:15:47.8334628Z [  54% ] [90m[1m_update_scan_actions[22m | team_tether_boiler_chimney.glb[39m[0m
2026-10-07T10:15:47.8340560Z [  54% ] [90m[1m_update_scan_actions[22m | team_tether_scaffold_tower.glb[39m[0m
2026-10-07T10:15:47.8344136Z [  54% ] [90m[1m_update_scan_actions[22m | tt_pipe_bracket.glb[39m[0m
2026-10-07T10:15:47.8348481Z [  54% ] [90m[1m_update_scan_actions[22m | tt_pipe_elbow.glb[39m[0m
2026-10-07T10:15:47.8352303Z [  54% ] [90m[1m_update_scan_actions[22m | tt_pipe_straight.glb[39m[0m
2026-10-07T10:15:47.8356838Z [  54% ] [90m[1m_update_scan_actions[22m | tt_pipe_tee.glb[39m[0m
2026-10-07T10:15:47.8361238Z [  54% ] [90m[1m_update_scan_actions[22m | tt_pipe_valve.glb[39m[0m
2026-10-07T10:15:47.8377113Z [  54% ] [90m[1m_update_scan_actions[22m | machine_hardware.glb[39m[0m
2026-10-07T10:15:47.8419949Z [  54% ] [90m[1m_update_scan_actions[22m | relay_apparatus.glb[39m[0m
2026-10-07T10:15:47.8511703Z [  54% ] [90m[1m_update_scan_actions[22m | relay_apparatus_0.jpg[39m[0m
2026-10-07T10:15:47.8602082Z [  54% ] [90m[1m_update_scan_actions[22m | south_bridge_gate.glb[39m[0m
2026-10-07T10:15:47.8737132Z [  54% ] [90m[1m_update_scan_actions[22m | south_bridge_gate_0.jpg[39m[0m
2026-10-07T10:15:47.8783345Z [  54% ] [90m[1m_update_scan_actions[22m | tether_machine.glb[39m[0m
2026-10-07T10:15:47.8872474Z [  54% ] [90m[1m_update_scan_actions[22m | tether_machine_0.jpg[39m[0m
2026-10-07T10:15:47.8880513Z [  55% ] [90m[1m_update_scan_actions[22m | tether_pylon.glb[39m[0m
2026-10-07T10:15:47.8932003Z [  55% ] [90m[1m_update_scan_actions[22m | tether_pylon_albedo.png[39m[0m
2026-10-07T10:15:47.8983093Z [  55% ] [90m[1m_update_scan_actions[22m | tether_pylon_albedo_dead.png[39m[0m
2026-10-07T10:15:47.9020463Z [  55% ] [90m[1m_update_scan_actions[22m | dirt_path_Color.png[39m[0m
2026-10-07T10:15:47.9060185Z [  55% ] [90m[1m_update_scan_actions[22m | dirt_path_NormalGL.png[39m[0m
2026-10-07T10:15:47.9091899Z [  55% ] [90m[1m_update_scan_actions[22m | forest_floor_Color.png[39m[0m
2026-10-07T10:15:47.9125436Z [  55% ] [90m[1m_update_scan_actions[22m | forest_floor_NormalGL.png[39m[0m
2026-10-07T10:15:47.9158991Z [  55% ] [90m[1m_update_scan_actions[22m | meadow_grass_Color.png[39m[0m
2026-10-07T10:15:47.9195285Z [  55% ] [90m[1m_update_scan_actions[22m | meadow_grass_NormalGL.png[39m[0m
2026-10-07T10:15:47.9236431Z [  55% ] [90m[1m_update_scan_actions[22m | rock_scree_Color.png[39m[0m
2026-10-07T10:15:47.9295384Z [  55% ] [90m[1m_update_scan_actions[22m | rock_scree_NormalGL.png[39m[0m
2026-10-07T10:15:47.9330143Z [  55% ] [90m[1m_update_scan_actions[22m | verge_grass_Color.png[39m[0m
2026-10-07T10:15:47.9363305Z [  55% ] [90m[1m_update_scan_actions[22m | verge_grass_NormalGL.png[39m[0m
2026-10-07T10:15:47.9391515Z [  55% ] [90m[1m_update_scan_actions[22m | wet_earth_Color.png[39m[0m
2026-10-07T10:15:47.9418163Z [  56% ] [90m[1m_update_scan_actions[22m | wet_earth_NormalGL.png[39m[0m
2026-10-07T10:15:47.9475398Z [  56% ] [90m[1m_update_scan_actions[22m | Grass004_Color.jpg[39m[0m
2026-10-07T10:15:47.9539760Z [  56% ] [90m[1m_update_scan_actions[22m | Grass004_NormalGL.jpg[39m[0m
2026-10-07T10:15:47.9574233Z [  56% ] [90m[1m_update_scan_actions[22m | Grass004_Roughness.jpg[39m[0m
2026-10-07T10:15:47.9602187Z [  56% ] [90m[1m_update_scan_actions[22m | Grass005_Color.jpg[39m[0m
2026-10-07T10:15:47.9630856Z [  56% ] [90m[1m_update_scan_actions[22m | Grass005_NormalGL.jpg[39m[0m
2026-10-07T10:15:47.9659239Z [  56% ] [90m[1m_update_scan_actions[22m | Grass005_Roughness.jpg[39m[0m
2026-10-07T10:15:47.9685394Z [  56% ] [90m[1m_update_scan_actions[22m | Grass008_Color.jpg[39m[0m
2026-10-07T10:15:47.9712199Z [  56% ] [90m[1m_update_scan_actions[22m | Grass008_NormalGL.jpg[39m[0m
2026-10-07T10:15:47.9740202Z [  56% ] [90m[1m_update_scan_actions[22m | Grass008_Roughness.jpg[39m[0m
2026-10-07T10:15:47.9771596Z [  56% ] [90m[1m_update_scan_actions[22m | Ground003_Color.jpg[39m[0m
2026-10-07T10:15:47.9838944Z [  56% ] [90m[1m_update_scan_actions[22m | Ground003_NormalGL.jpg[39m[0m
2026-10-07T10:15:47.9871824Z [  56% ] [90m[1m_update_scan_actions[22m | Ground003_Roughness.jpg[39m[0m
2026-10-07T10:15:47.9897616Z [  56% ] [90m[1m_update_scan_actions[22m | Ground030_Color.jpg[39m[0m
2026-10-07T10:15:47.9961827Z [  57% ] [90m[1m_update_scan_actions[22m | Ground030_NormalGL.jpg[39m[0m
2026-10-07T10:15:48.0023000Z [  57% ] [90m[1m_update_scan_actions[22m | Ground037_Color.jpg[39m[0m
2026-10-07T10:15:48.0089969Z [  57% ] [90m[1m_update_scan_actions[22m | Ground037_NormalGL.jpg[39m[0m
2026-10-07T10:15:48.0123507Z [  57% ] [90m[1m_update_scan_actions[22m | Rock030_Color.jpg[39m[0m
2026-10-07T10:15:48.0192388Z [  57% ] [90m[1m_update_scan_actions[22m | Rock030_NormalGL.jpg[39m[0m
2026-10-07T10:15:48.0223575Z [  57% ] [90m[1m_update_scan_actions[22m | Rock030_Roughness.jpg[39m[0m
2026-10-07T10:15:48.0317399Z [  57% ] [90m[1m_update_scan_actions[22m | tidewake_dune_sand_v1.png[39m[0m
2026-10-07T10:15:48.0341005Z [  57% ] [90m[1m_update_scan_actions[22m | heart_banner.glb[39m[0m
2026-10-07T10:15:48.0372107Z [  57% ] [90m[1m_update_scan_actions[22m | heart_banner_albedo.png[39m[0m
2026-10-07T10:15:48.0410532Z [  57% ] [90m[1m_update_scan_actions[22m | heart_banner_heart_banner_albedo.png[39m[0m
2026-10-07T10:15:48.0414104Z [  57% ] [90m[1m_update_scan_actions[22m | heart_crystal.glb[39m[0m
2026-10-07T10:15:48.0525440Z [  57% ] [90m[1m_update_scan_actions[22m | fall_ribbons.obj[39m[0m
2026-10-07T10:15:48.0537310Z [  57% ] [90m[1m_update_scan_actions[22m | fall_threads.obj[39m[0m
2026-10-07T10:15:48.0577669Z [  57% ] [90m[1m_update_scan_actions[22m | plunge_crowns.obj[39m[0m
2026-10-07T10:15:48.0587504Z [  58% ] [90m[1m_update_scan_actions[22m | plunge_mist.obj[39m[0m
2026-10-07T10:15:48.0601136Z [  58% ] [90m[1m_update_scan_actions[22m | receiving_water.obj[39m[0m
2026-10-07T10:15:48.0613224Z [  58% ] [90m[1m_update_scan_actions[22m | source_and_basin_stone.obj[39m[0m
2026-10-07T10:15:48.0624212Z [  58% ] [90m[1m_update_scan_actions[22m | splash_arcs.obj[39m[0m
2026-10-07T10:15:48.0758686Z [  58% ] [90m[1m_update_scan_actions[22m | pump_station.glb[39m[0m
2026-10-07T10:15:48.0878861Z [  58% ] [90m[1m_update_scan_actions[22m | pump_station_Image_0.jpg[39m[0m
2026-10-07T10:15:48.0962830Z [  58% ] [90m[1m_update_scan_actions[22m | sluice_frame_18.glb[39m[0m
2026-10-07T10:15:48.1064135Z [  58% ] [90m[1m_update_scan_actions[22m | sluice_frame_18_T_WoodTrim_BaseColor.png[39m[0m
2026-10-07T10:15:48.1148738Z [  58% ] [90m[1m_update_scan_actions[22m | sluice_frame_30.glb[39m[0m
2026-10-07T10:15:48.1250834Z [  58% ] [90m[1m_update_scan_actions[22m | sluice_frame_30_T_WoodTrim_BaseColor.png[39m[0m
2026-10-07T10:15:48.1373212Z [  58% ] [90m[1m_update_scan_actions[22m | sluice_leaf_18.glb[39m[0m
2026-10-07T10:15:48.1474888Z [  58% ] [90m[1m_update_scan_actions[22m | sluice_leaf_18_T_WoodTrim_BaseColor.png[39m[0m
2026-10-07T10:15:48.1642691Z [  58% ] [90m[1m_update_scan_actions[22m | sluice_leaf_30.glb[39m[0m
2026-10-07T10:15:48.1743983Z [  58% ] [90m[1m_update_scan_actions[22m | sluice_leaf_30_T_WoodTrim_BaseColor.png[39m[0m
2026-10-07T10:15:48.1812455Z [  59% ] [90m[1m_update_scan_actions[22m | candy_pickup.glb[39m[0m
2026-10-07T10:15:48.1930740Z [  59% ] [90m[1m_update_scan_actions[22m | candy_pickup_0.png[39m[0m
2026-10-07T10:15:48.2128436Z [  59% ] [90m[1m_update_scan_actions[22m | campfire_stone_ring.glb[39m[0m
2026-10-07T10:15:48.2249493Z [  59% ] [90m[1m_update_scan_actions[22m | campfire_stone_ring_base_color.jpg[39m[0m
2026-10-07T10:15:48.2339398Z [  59% ] [90m[1m_update_scan_actions[22m | campfire_stone_ring_metallic_roughness.jpg[39m[0m
2026-10-07T10:15:48.2445255Z [  59% ] [90m[1m_update_scan_actions[22m | campfire_stone_ring_normal.jpg[39m[0m
2026-10-07T10:15:48.2566591Z [  59% ] [90m[1m_update_scan_actions[22m | camp_bed.glb[39m[0m
2026-10-07T10:15:48.2686565Z [  59% ] [90m[1m_update_scan_actions[22m | camp_bed_0.jpg[39m[0m
2026-10-07T10:15:48.2896064Z [  59% ] [90m[1m_update_scan_actions[22m | camp_firewood.glb[39m[0m
2026-10-07T10:15:48.3012382Z [  59% ] [90m[1m_update_scan_actions[22m | camp_firewood_base_color.jpg[39m[0m
2026-10-07T10:15:48.3098465Z [  59% ] [90m[1m_update_scan_actions[22m | camp_firewood_metallic_roughness.jpg[39m[0m
2026-10-07T10:15:48.3199957Z [  59% ] [90m[1m_update_scan_actions[22m | camp_firewood_normal.jpg[39m[0m
2026-10-07T10:15:48.3394049Z [  59% ] [90m[1m_update_scan_actions[22m | camp_flame.glb[39m[0m
2026-10-07T10:15:48.3510883Z [  60% ] [90m[1m_update_scan_actions[22m | camp_flame_base_color.jpg[39m[0m
2026-10-07T10:15:48.3589961Z [  60% ] [90m[1m_update_scan_actions[22m | camp_flame_metallic_roughness.jpg[39m[0m
2026-10-07T10:15:48.3686765Z [  60% ] [90m[1m_update_scan_actions[22m | camp_flame_normal.jpg[39m[0m
2026-10-07T10:15:48.3810291Z [  60% ] [90m[1m_update_scan_actions[22m | camp_tent.glb[39m[0m
2026-10-07T10:15:48.3926397Z [  60% ] [90m[1m_update_scan_actions[22m | camp_tent_0.jpg[39m[0m
2026-10-07T10:15:48.4044879Z [  60% ] [90m[1m_update_scan_actions[22m | camp_tent_base_color.jpg[39m[0m
2026-10-07T10:15:48.4127542Z [  60% ] [90m[1m_update_scan_actions[22m | camp_tent_metallic_roughness.jpg[39m[0m
2026-10-07T10:15:48.4228265Z [  60% ] [90m[1m_update_scan_actions[22m | camp_tent_normal.jpg[39m[0m
2026-10-07T10:15:48.4234092Z [  60% ] [90m[1m_update_scan_actions[22m | colormap.png[39m[0m
2026-10-07T10:15:48.4236974Z [  60% ] [90m[1m_update_scan_actions[22m | bedroll-frame.glb[39m[0m
2026-10-07T10:15:48.4240102Z [  60% ] [90m[1m_update_scan_actions[22m | bedroll-packed.glb[39m[0m
2026-10-07T10:15:48.4243185Z [  60% ] [90m[1m_update_scan_actions[22m | bedroll.glb[39m[0m
2026-10-07T10:15:48.4247474Z [  60% ] [90m[1m_update_scan_actions[22m | bedroll.obj[39m[0m
2026-10-07T10:15:48.4250953Z [  60% ] [90m[1m_update_scan_actions[22m | campfire-pit.glb[39m[0m
2026-10-07T10:15:48.4254548Z [  61% ] [90m[1m_update_scan_actions[22m | tent-canvas.glb[39m[0m
2026-10-07T10:15:48.4257406Z [  61% ] [90m[1m_update_scan_actions[22m | tent.glb[39m[0m
2026-10-07T10:15:48.4260515Z [  61% ] [90m[1m_update_scan_actions[22m | tree-log-small.glb[39m[0m
2026-10-07T10:15:48.4263456Z [  61% ] [90m[1m_update_scan_actions[22m | tree-log.glb[39m[0m
2026-10-07T10:15:48.4277272Z [  61% ] [90m[1m_update_scan_actions[22m | mushroom_pickup.glb[39m[0m
2026-10-07T10:15:48.4301548Z [  61% ] [90m[1m_update_scan_actions[22m | mushroom_pickup_0.png[39m[0m
2026-10-07T10:15:48.4409966Z [  61% ] [90m[1m_update_scan_actions[22m | potion_plant.glb[39m[0m
2026-10-07T10:15:48.4568326Z [  61% ] [90m[1m_update_scan_actions[22m | potion_plant_0.png[39m[0m
2026-10-07T10:15:48.4625751Z [  61% ] [90m[1m_update_scan_actions[22m | potion_plant_1.png[39m[0m
2026-10-07T10:15:48.4629569Z [  61% ] [90m[1m_update_scan_actions[22m | Anvil.gltf[39m[0m
2026-10-07T10:15:48.4634834Z [  61% ] [90m[1m_update_scan_actions[22m | Anvil_Log.gltf[39m[0m
2026-10-07T10:15:48.4638232Z [  61% ] [90m[1m_update_scan_actions[22m | Axe_Bronze.gltf[39m[0m
2026-10-07T10:15:48.4641583Z [  61% ] [90m[1m_update_scan_actions[22m | Bag.gltf[39m[0m
2026-10-07T10:15:48.4644930Z [  61% ] [90m[1m_update_scan_actions[22m | Banner_1.gltf[39m[0m
2026-10-07T10:15:48.4648067Z [  62% ] [90m[1m_update_scan_actions[22m | Banner_1_Cloth.gltf[39m[0m
2026-10-07T10:15:48.4651209Z [  62% ] [90m[1m_update_scan_actions[22m | Banner_2.gltf[39m[0m
2026-10-07T10:15:48.4654308Z [  62% ] [90m[1m_update_scan_actions[22m | Banner_2_Cloth.gltf[39m[0m
2026-10-07T10:15:48.4657857Z [  62% ] [90m[1m_update_scan_actions[22m | Barrel.gltf[39m[0m
2026-10-07T10:15:48.4662313Z [  62% ] [90m[1m_update_scan_actions[22m | Barrel_Apples.gltf[39m[0m
2026-10-07T10:15:48.4666939Z [  62% ] [90m[1m_update_scan_actions[22m | Barrel_Holder.gltf[39m[0m
2026-10-07T10:15:48.4670778Z [  62% ] [90m[1m_update_scan_actions[22m | Bed_Twin1.gltf[39m[0m
2026-10-07T10:15:48.4673889Z [  62% ] [90m[1m_update_scan_actions[22m | Bench.gltf[39m[0m
2026-10-07T10:15:48.4678141Z [  62% ] [90m[1m_update_scan_actions[22m | Bookcase_2.gltf[39m[0m
2026-10-07T10:15:48.4681251Z [  62% ] [90m[1m_update_scan_actions[22m | BookGroup_Medium_1.gltf[39m[0m
2026-10-07T10:15:48.4684925Z [  62% ] [90m[1m_update_scan_actions[22m | BookStand.gltf[39m[0m
2026-10-07T10:15:48.4688164Z [  62% ] [90m[1m_update_scan_actions[22m | Bucket_Metal.gltf[39m[0m
2026-10-07T10:15:48.4691657Z [  62% ] [90m[1m_update_scan_actions[22m | Bucket_Wooden_1.gltf[39m[0m
2026-10-07T10:15:48.4696103Z [  62% ] [90m[1m_update_scan_actions[22m | Cabinet.gltf[39m[0m
2026-10-07T10:15:48.4701135Z [  63% ] [90m[1m_update_scan_actions[22m | Cage_Small.gltf[39m[0m
2026-10-07T10:15:48.4707649Z [  63% ] [90m[1m_update_scan_actions[22m | CandleStick_Stand.gltf[39m[0m
2026-10-07T10:15:48.4711556Z [  63% ] [90m[1m_update_scan_actions[22m | Cauldron.gltf[39m[0m
2026-10-07T10:15:48.4716489Z [  63% ] [90m[1m_update_scan_actions[22m | Chain_Coil.gltf[39m[0m
2026-10-07T10:15:48.4720928Z [  63% ] [90m[1m_update_scan_actions[22m | Chest_Wood.gltf[39m[0m
2026-10-07T10:15:48.4725410Z [  63% ] [90m[1m_update_scan_actions[22m | Crate_Metal.gltf[39m[0m
2026-10-07T10:15:48.4729135Z [  63% ] [90m[1m_update_scan_actions[22m | Crate_Wooden.gltf[39m[0m
2026-10-07T10:15:48.4733644Z [  63% ] [90m[1m_update_scan_actions[22m | Dummy.gltf[39m[0m
2026-10-07T10:15:48.4738952Z [  63% ] [90m[1m_update_scan_actions[22m | FarmCrate_Apple.gltf[39m[0m
2026-10-07T10:15:48.4742800Z [  63% ] [90m[1m_update_scan_actions[22m | FarmCrate_Empty.gltf[39m[0m
2026-10-07T10:15:48.4747468Z [  63% ] [90m[1m_update_scan_actions[22m | Lantern_Wall.gltf[39m[0m
2026-10-07T10:15:48.4750608Z [  63% ] [90m[1m_update_scan_actions[22m | Peg_Rack.gltf[39m[0m
2026-10-07T10:15:48.4753983Z [  63% ] [90m[1m_update_scan_actions[22m | Pickaxe_Bronze.gltf[39m[0m
2026-10-07T10:15:48.4757792Z [  63% ] [90m[1m_update_scan_actions[22m | Pot_1.gltf[39m[0m
2026-10-07T10:15:48.4760892Z [  64% ] [90m[1m_update_scan_actions[22m | Pouch_Large.gltf[39m[0m
2026-10-07T10:15:48.4764775Z [  64% ] [90m[1m_update_scan_actions[22m | Rope_1.gltf[39m[0m
2026-10-07T10:15:48.4768467Z [  64% ] [90m[1m_update_scan_actions[22m | Rope_2.gltf[39m[0m
2026-10-07T10:15:48.4772201Z [  64% ] [90m[1m_update_scan_actions[22m | Rope_3.gltf[39m[0m
2026-10-07T10:15:48.4775337Z [  64% ] [90m[1m_update_scan_actions[22m | Shelf_Simple.gltf[39m[0m
2026-10-07T10:15:48.4779206Z [  64% ] [90m[1m_update_scan_actions[22m | Shield_Wooden.gltf[39m[0m
2026-10-07T10:15:48.4784257Z [  64% ] [90m[1m_update_scan_actions[22m | Stall_Cart_Empty.gltf[39m[0m
2026-10-07T10:15:48.4788184Z [  64% ] [90m[1m_update_scan_actions[22m | Stall_Empty.gltf[39m[0m
2026-10-07T10:15:48.4791098Z [  64% ] [90m[1m_update_scan_actions[22m | Stool.gltf[39m[0m
2026-10-07T10:15:48.4795137Z [  64% ] [90m[1m_update_scan_actions[22m | Sword_Bronze.gltf[39m[0m
2026-10-07T10:15:48.4798681Z [  64% ] [90m[1m_update_scan_actions[22m | Table_Large.gltf[39m[0m
2026-10-07T10:15:48.4809692Z [  64% ] [90m[1m_update_scan_actions[22m | tidewake_chart.svg[39m[0m
2026-10-07T10:15:48.4813074Z [  64% ] [90m[1m_update_scan_actions[22m | Torch_Metal.gltf[39m[0m
2026-10-07T10:15:48.5135339Z [  64% ] [90m[1m_update_scan_actions[22m | T_Page_Noise.png[39m[0m
2026-10-07T10:15:48.5221994Z [  65% ] [90m[1m_update_scan_actions[22m | T_Trim_Cloth_BaseColor.png[39m[0m
2026-10-07T10:15:48.5348417Z [  65% ] [90m[1m_update_scan_actions[22m | T_Trim_Cloth_Normal.png[39m[0m
2026-10-07T10:15:48.5406808Z [  65% ] [90m[1m_update_scan_actions[22m | T_Trim_Cloth_ORM.png[39m[0m
2026-10-07T10:15:48.5497526Z [  65% ] [90m[1m_update_scan_actions[22m | T_Trim_Furniture_BaseColor.png[39m[0m
2026-10-07T10:15:48.5612895Z [  65% ] [90m[1m_update_scan_actions[22m | T_Trim_Furniture_Normal.png[39m[0m
2026-10-07T10:15:48.5699697Z [  65% ] [90m[1m_update_scan_actions[22m | T_Trim_Furniture_ORM.png[39m[0m
2026-10-07T10:15:48.5772158Z [  65% ] [90m[1m_update_scan_actions[22m | T_Trim_Metal_BaseColor.png[39m[0m
2026-10-07T10:15:48.5890273Z [  65% ] [90m[1m_update_scan_actions[22m | T_Trim_Metal_Normal.png[39m[0m
2026-10-07T10:15:48.5973025Z [  65% ] [90m[1m_update_scan_actions[22m | T_Trim_Metal_ORM.png[39m[0m
2026-10-07T10:15:48.6064907Z [  65% ] [90m[1m_update_scan_actions[22m | T_Trim_Props_BaseColor.png[39m[0m
2026-10-07T10:15:48.6198749Z [  65% ] [90m[1m_update_scan_actions[22m | T_Trim_Props_Normal.png[39m[0m
2026-10-07T10:15:48.6304348Z [  65% ] [90m[1m_update_scan_actions[22m | T_Trim_Props_ORM.png[39m[0m
2026-10-07T10:15:48.6308408Z [  65% ] [90m[1m_update_scan_actions[22m | Vase_Rubble_Medium.gltf[39m[0m
2026-10-07T10:15:48.6312034Z [  65% ] [90m[1m_update_scan_actions[22m | WeaponStand.gltf[39m[0m
2026-10-07T10:15:48.6315977Z [  66% ] [90m[1m_update_scan_actions[22m | Whetstone.gltf[39m[0m
2026-10-07T10:15:48.6319782Z [  66% ] [90m[1m_update_scan_actions[22m | Workbench.gltf[39m[0m
2026-10-07T10:15:48.6337332Z [  66% ] [90m[1m_update_scan_actions[22m | BedDouble.obj[39m[0m
2026-10-07T10:15:48.6351374Z [  66% ] [90m[1m_update_scan_actions[22m | BedTwin.obj[39m[0m
2026-10-07T10:15:48.6361889Z [  66% ] [90m[1m_update_scan_actions[22m | Bookcase.obj[39m[0m
2026-10-07T10:15:48.6392325Z [  66% ] [90m[1m_update_scan_actions[22m | Bookcase_Books.obj[39m[0m
2026-10-07T10:15:48.6398042Z [  66% ] [90m[1m_update_scan_actions[22m | Chair.obj[39m[0m
2026-10-07T10:15:48.6410119Z [  66% ] [90m[1m_update_scan_actions[22m | Closet.obj[39m[0m
2026-10-07T10:15:48.6420500Z [  66% ] [90m[1m_update_scan_actions[22m | Desk.obj[39m[0m
2026-10-07T10:15:48.6429817Z [  66% ] [90m[1m_update_scan_actions[22m | Door1.obj[39m[0m
2026-10-07T10:15:48.6438706Z [  66% ] [90m[1m_update_scan_actions[22m | NightStand.obj[39m[0m
2026-10-07T10:15:48.6454405Z [  66% ] [90m[1m_update_scan_actions[22m | ShortCloset.obj[39m[0m
2026-10-07T10:15:48.6459148Z [  66% ] [90m[1m_update_scan_actions[22m | Stool.obj[39m[0m
2026-10-07T10:15:48.6466400Z [  66% ] [90m[1m_update_scan_actions[22m | Table2.obj[39m[0m
2026-10-07T10:15:48.6472567Z [  67% ] [90m[1m_update_scan_actions[22m | Table.obj[39m[0m
2026-10-07T10:15:48.6476915Z [  67% ] [90m[1m_update_scan_actions[22m | Axe.obj[39m[0m
2026-10-07T10:15:48.6486323Z [  67% ] [90m[1m_update_scan_actions[22m | Backpack.obj[39m[0m
2026-10-07T10:15:48.6492049Z [  67% ] [90m[1m_update_scan_actions[22m | Bonfire.obj[39m[0m
2026-10-07T10:15:48.6497901Z [  67% ] [90m[1m_update_scan_actions[22m | Bonfire_Fire.obj[39m[0m
2026-10-07T10:15:48.6502575Z [  67% ] [90m[1m_update_scan_actions[22m | Knife.obj[39m[0m
2026-10-07T10:15:48.6762160Z [  67% ] [90m[1m_update_scan_actions[22m | realm_gate_frame.glb[39m[0m
2026-10-07T10:15:48.6904356Z [  67% ] [90m[1m_update_scan_actions[22m | realm_gate_frame_Image_0.jpg[39m[0m
2026-10-07T10:15:48.7005728Z [  67% ] [90m[1m_update_scan_actions[22m | realm_gate_frame_Image_1.png[39m[0m
2026-10-07T10:15:48.7175911Z [  67% ] [90m[1m_update_scan_actions[22m | realm_gate_frame_normal.png[39m[0m
2026-10-07T10:15:48.7268047Z [  67% ] [90m[1m_update_scan_actions[22m | revive_flower.glb[39m[0m
2026-10-07T10:15:48.7409019Z [  67% ] [90m[1m_update_scan_actions[22m | revive_flower_0.png[39m[0m
2026-10-07T10:15:48.7473137Z [  67% ] [90m[1m_update_scan_actions[22m | riding_saddle.glb[39m[0m
2026-10-07T10:15:48.7585448Z [  67% ] [90m[1m_update_scan_actions[22m | riding_saddle_0.jpg[39m[0m
2026-10-07T10:15:48.7588744Z [  68% ] [90m[1m_update_scan_actions[22m | attack_tonic_badge.glb[39m[0m
2026-10-07T10:15:48.7664150Z [  68% ] [90m[1m_update_scan_actions[22m | bottle_base.glb[39m[0m
2026-10-07T10:15:48.7780247Z [  68% ] [90m[1m_update_scan_actions[22m | bottle_base_Image_0.jpg[39m[0m
2026-10-07T10:15:48.7783483Z [  68% ] [90m[1m_update_scan_actions[22m | elixir_guard_badge.glb[39m[0m
2026-10-07T10:15:48.7786583Z [  68% ] [90m[1m_update_scan_actions[22m | elixir_might_badge.glb[39m[0m
2026-10-07T10:15:48.7790047Z [  68% ] [90m[1m_update_scan_actions[22m | elixir_vigour_badge.glb[39m[0m
2026-10-07T10:15:48.7793344Z [  68% ] [90m[1m_update_scan_actions[22m | stoneguard_brew_badge.glb[39m[0m
2026-10-07T10:15:48.7796712Z [  68% ] [90m[1m_update_scan_actions[22m | swift_tonic_badge.glb[39m[0m
2026-10-07T10:15:48.7888517Z [  68% ] [90m[1m_update_scan_actions[22m | tideglass_shrine.glb[39m[0m
2026-10-07T10:15:48.8015255Z [  68% ] [90m[1m_update_scan_actions[22m | tideglass_shrine_0.jpg[39m[0m
2026-10-07T10:15:48.8129636Z [  68% ] [90m[1m_update_scan_actions[22m | tm_orb.glb[39m[0m
2026-10-07T10:15:48.8248140Z [  68% ] [90m[1m_update_scan_actions[22m | tm_orb_0.jpg[39m[0m
2026-10-07T10:15:48.8293580Z [  68% ] [90m[1m_update_scan_actions[22m | tm_orb_emissive_mask.png[39m[0m
2026-10-07T10:15:48.8439809Z [  68% ] [90m[1m_update_scan_actions[22m | tm_orb_shell.png[39m[0m
2026-10-07T10:15:48.8442873Z [  69% ] [90m[1m_update_scan_actions[22m | aim_enter.wav[39m[0m
2026-10-07T10:15:48.8445630Z [  69% ] [90m[1m_update_scan_actions[22m | build_place.wav[39m[0m
2026-10-07T10:15:48.8448485Z [  69% ] [90m[1m_update_scan_actions[22m | build_snap.wav[39m[0m
2026-10-07T10:15:48.8451944Z [  69% ] [90m[1m_update_scan_actions[22m | capture_success.wav[39m[0m
2026-10-07T10:15:48.8455056Z [  69% ] [90m[1m_update_scan_actions[22m | ui_accept.wav[39m[0m
2026-10-07T10:15:48.8458016Z [  69% ] [90m[1m_update_scan_actions[22m | ui_cancel.wav[39m[0m
2026-10-07T10:15:48.8461110Z [  69% ] [90m[1m_update_scan_actions[22m | ui_error.wav[39m[0m
2026-10-07T10:15:48.8464030Z [  69% ] [90m[1m_update_scan_actions[22m | ui_focus.wav[39m[0m
2026-10-07T10:15:48.8467156Z [  69% ] [90m[1m_update_scan_actions[22m | ui_tab.wav[39m[0m
2026-10-07T10:15:48.8471235Z [  69% ] [90m[1m_update_scan_actions[22m | kenney_future.ttf[39m[0m
2026-10-07T10:15:48.8474808Z [  69% ] [90m[1m_update_scan_actions[22m | kenney_future_narrow.ttf[39m[0m
2026-10-07T10:15:48.8477968Z [  69% ] [90m[1m_update_scan_actions[22m | bedroll.png[39m[0m
2026-10-07T10:15:48.8481115Z [  69% ] [90m[1m_update_scan_actions[22m | campfire.png[39m[0m
2026-10-07T10:15:48.8484410Z [  70% ] [90m[1m_update_scan_actions[22m | creature_bed.png[39m[0m
2026-10-07T10:15:48.8487818Z [  70% ] [90m[1m_update_scan_actions[22m | door.png[39m[0m
2026-10-07T10:15:48.8490995Z [  70% ] [90m[1m_update_scan_actions[22m | fence.png[39m[0m
2026-10-07T10:15:48.8494190Z [  70% ] [90m[1m_update_scan_actions[22m | floor.png[39m[0m
2026-10-07T10:15:48.8497742Z [  70% ] [90m[1m_update_scan_actions[22m | roof.png[39m[0m
2026-10-07T10:15:48.8501188Z [  70% ] [90m[1m_update_scan_actions[22m | storage.png[39m[0m
2026-10-07T10:15:48.8504407Z [  70% ] [90m[1m_update_scan_actions[22m | tent.png[39m[0m
2026-10-07T10:15:48.8507555Z [  70% ] [90m[1m_update_scan_actions[22m | torch.png[39m[0m
2026-10-07T10:15:48.8510860Z [  70% ] [90m[1m_update_scan_actions[22m | wall.png[39m[0m
2026-10-07T10:15:48.8514220Z [  70% ] [90m[1m_update_scan_actions[22m | workbench.png[39m[0m
2026-10-07T10:15:48.8541713Z [  70% ] [90m[1m_update_scan_actions[22m | creatures_paw.png[39m[0m
2026-10-07T10:15:48.8567682Z [  70% ] [90m[1m_update_scan_actions[22m | hp_heart.png[39m[0m
2026-10-07T10:15:48.8609339Z [  70% ] [90m[1m_update_scan_actions[22m | orb_capture.png[39m[0m
2026-10-07T10:15:48.8626686Z [  70% ] [90m[1m_update_scan_actions[22m | stamina_bolt.png[39m[0m
2026-10-07T10:15:48.8629765Z [  71% ] [90m[1m_update_scan_actions[22m | armor_backpack.png[39m[0m
2026-10-07T10:15:48.8632773Z [  71% ] [90m[1m_update_scan_actions[22m | armor_boots.png[39m[0m
2026-10-07T10:15:48.8635887Z [  71% ] [90m[1m_update_scan_actions[22m | armor_helmet.png[39m[0m
2026-10-07T10:15:48.8638927Z [  71% ] [90m[1m_update_scan_actions[22m | armor_leggings.png[39m[0m
2026-10-07T10:15:48.8641899Z [  71% ] [90m[1m_update_scan_actions[22m | armor_vest.png[39m[0m
2026-10-07T10:15:48.8645066Z [  71% ] [90m[1m_update_scan_actions[22m | attack_tonic.png[39m[0m
2026-10-07T10:15:48.8648052Z [  71% ] [90m[1m_update_scan_actions[22m | axe.png[39m[0m
2026-10-07T10:15:48.8651147Z [  71% ] [90m[1m_update_scan_actions[22m | berries.png[39m[0m
2026-10-07T10:15:48.8654133Z [  71% ] [90m[1m_update_scan_actions[22m | castle_gate_key.png[39m[0m
2026-10-07T10:15:48.8657427Z [  71% ] [90m[1m_update_scan_actions[22m | coin.png[39m[0m
2026-10-07T10:15:48.8660510Z [  71% ] [90m[1m_update_scan_actions[22m | elixir_guard.png[39m[0m
2026-10-07T10:15:48.8663518Z [  71% ] [90m[1m_update_scan_actions[22m | elixir_might.png[39m[0m
2026-10-07T10:15:48.8666726Z [  71% ] [90m[1m_update_scan_actions[22m | elixir_vigour.png[39m[0m
2026-10-07T10:15:48.8669786Z [  71% ] [90m[1m_update_scan_actions[22m | fiber.png[39m[0m
2026-10-07T10:15:48.8672990Z [  72% ] [90m[1m_update_scan_actions[22m | field_sigil.png[39m[0m
2026-10-07T10:15:48.8676093Z [  72% ] [90m[1m_update_scan_actions[22m | fishing_rod.png[39m[0m
2026-10-07T10:15:48.8679139Z [  72% ] [90m[1m_update_scan_actions[22m | good_candy.png[39m[0m
2026-10-07T10:15:48.8682204Z [  72% ] [90m[1m_update_scan_actions[22m | great_candy.png[39m[0m
2026-10-07T10:15:48.8685677Z [  72% ] [90m[1m_update_scan_actions[22m | hammer.png[39m[0m
2026-10-07T10:15:48.8688885Z [  72% ] [90m[1m_update_scan_actions[22m | ironwood.png[39m[0m
2026-10-07T10:15:48.8691876Z [  72% ] [90m[1m_update_scan_actions[22m | knife.png[39m[0m
2026-10-07T10:15:48.8695218Z [  72% ] [90m[1m_update_scan_actions[22m | mill_bridge_gear.png[39m[0m
2026-10-07T10:15:48.8698368Z [  72% ] [90m[1m_update_scan_actions[22m | orb_basic.png[39m[0m
2026-10-07T10:15:48.8701445Z [  72% ] [90m[1m_update_scan_actions[22m | orb_greater.png[39m[0m
2026-10-07T10:15:48.8704925Z [  72% ] [90m[1m_update_scan_actions[22m | orb_prime.png[39m[0m
2026-10-07T10:15:48.8707685Z [  72% ] [90m[1m_update_scan_actions[22m | pickaxe.png[39m[0m
2026-10-07T10:15:48.8710707Z [  72% ] [90m[1m_update_scan_actions[22m | potion_large.png[39m[0m
2026-10-07T10:15:48.8713670Z [  72% ] [90m[1m_update_scan_actions[22m | potion_small.png[39m[0m
2026-10-07T10:15:48.8716865Z [  73% ] [90m[1m_update_scan_actions[22m | rare_candy.png[39m[0m
2026-10-07T10:15:48.8719877Z [  73% ] [90m[1m_update_scan_actions[22m | revive.png[39m[0m
2026-10-07T10:15:48.8723043Z [  73% ] [90m[1m_update_scan_actions[22m | ridge_sigil.png[39m[0m
2026-10-07T10:15:48.8726289Z [  73% ] [90m[1m_update_scan_actions[22m | river_sigil.png[39m[0m
2026-10-07T10:15:48.8729346Z [  73% ] [90m[1m_update_scan_actions[22m | rootstone.png[39m[0m
2026-10-07T10:15:48.8732423Z [  73% ] [90m[1m_update_scan_actions[22m | saddle_frame.png[39m[0m
2026-10-07T10:15:48.8735554Z [  73% ] [90m[1m_update_scan_actions[22m | south_bridge_key.png[39m[0m
2026-10-07T10:15:48.8738648Z [  73% ] [90m[1m_update_scan_actions[22m | speed_mushroom.png[39m[0m
2026-10-07T10:15:48.8741687Z [  73% ] [90m[1m_update_scan_actions[22m | stamina_mushroom.png[39m[0m
2026-10-07T10:15:48.8744869Z [  73% ] [90m[1m_update_scan_actions[22m | stone.png[39m[0m
2026-10-07T10:15:48.8747875Z [  73% ] [90m[1m_update_scan_actions[22m | stoneguard_brew.png[39m[0m
2026-10-07T10:15:48.8750884Z [  73% ] [90m[1m_update_scan_actions[22m | swift_tonic.png[39m[0m
2026-10-07T10:15:48.8754079Z [  73% ] [90m[1m_update_scan_actions[22m | tm_burrow_strike.png[39m[0m
2026-10-07T10:15:48.8757374Z [  73% ] [90m[1m_update_scan_actions[22m | tm_charged.png[39m[0m
2026-10-07T10:15:48.8760580Z [  74% ] [90m[1m_update_scan_actions[22m | tm_quick.png[39m[0m
2026-10-07T10:15:48.8763778Z [  74% ] [90m[1m_update_scan_actions[22m | tm_stone_rush.png[39m[0m
2026-10-07T10:15:48.8766983Z [  74% ] [90m[1m_update_scan_actions[22m | wild_mushroom.png[39m[0m
2026-10-07T10:15:48.8770070Z [  74% ] [90m[1m_update_scan_actions[22m | wood.png[39m[0m
2026-10-07T10:15:48.8773184Z [  74% ] [90m[1m_update_scan_actions[22m | alpha.png[39m[0m
2026-10-07T10:15:48.8776614Z [  74% ] [90m[1m_update_scan_actions[22m | bridge.png[39m[0m
2026-10-07T10:15:48.8779897Z [  74% ] [90m[1m_update_scan_actions[22m | camp.png[39m[0m
2026-10-07T10:15:48.8783143Z [  74% ] [90m[1m_update_scan_actions[22m | cave.png[39m[0m
2026-10-07T10:15:48.8786614Z [  74% ] [90m[1m_update_scan_actions[22m | death_satchel.png[39m[0m
2026-10-07T10:15:48.8789914Z [  74% ] [90m[1m_update_scan_actions[22m | gate.png[39m[0m
2026-10-07T10:15:48.8793164Z [  74% ] [90m[1m_update_scan_actions[22m | home.png[39m[0m
2026-10-07T10:15:48.8796533Z [  74% ] [90m[1m_update_scan_actions[22m | objective.png[39m[0m
2026-10-07T10:15:48.8799800Z [  74% ] [90m[1m_update_scan_actions[22m | question.png[39m[0m
2026-10-07T10:15:48.8803034Z [  74% ] [90m[1m_update_scan_actions[22m | relay.png[39m[0m
2026-10-07T10:15:48.8806358Z [  75% ] [90m[1m_update_scan_actions[22m | rift.png[39m[0m
2026-10-07T10:15:48.8809641Z [  75% ] [90m[1m_update_scan_actions[22m | stronghold.png[39m[0m
2026-10-07T10:15:48.8812891Z [  75% ] [90m[1m_update_scan_actions[22m | village.png[39m[0m
2026-10-07T10:15:48.8815969Z [  75% ] [90m[1m_update_scan_actions[22m | bond.png[39m[0m
2026-10-07T10:15:48.8818979Z [  75% ] [90m[1m_update_scan_actions[22m | cat_crafting.png[39m[0m
2026-10-07T10:15:48.8821987Z [  75% ] [90m[1m_update_scan_actions[22m | cat_furniture.png[39m[0m
2026-10-07T10:15:48.8825091Z [  75% ] [90m[1m_update_scan_actions[22m | cat_structures.png[39m[0m
2026-10-07T10:15:48.8828041Z [  75% ] [90m[1m_update_scan_actions[22m | cat_survival.png[39m[0m
2026-10-07T10:15:48.8831050Z [  75% ] [90m[1m_update_scan_actions[22m | move_charged.png[39m[0m
2026-10-07T10:15:48.8834036Z [  75% ] [90m[1m_update_scan_actions[22m | move_quick.png[39m[0m
2026-10-07T10:15:48.8837387Z [  75% ] [90m[1m_update_scan_actions[22m | orb_tier_basic.png[39m[0m
2026-10-07T10:15:48.8840258Z [  75% ] [90m[1m_update_scan_actions[22m | type_air.png[39m[0m
2026-10-07T10:15:48.8843204Z [  75% ] [90m[1m_update_scan_actions[22m | type_ground.png[39m[0m
2026-10-07T10:15:48.8846373Z [  75% ] [90m[1m_update_scan_actions[22m | type_water.png[39m[0m
2026-10-07T10:15:48.8849230Z [  76% ] [90m[1m_update_scan_actions[22m | keyboard_1.png[39m[0m
2026-10-07T10:15:48.8852067Z [  76% ] [90m[1m_update_scan_actions[22m | keyboard_2.png[39m[0m
2026-10-07T10:15:48.8855148Z [  76% ] [90m[1m_update_scan_actions[22m | keyboard_3.png[39m[0m
2026-10-07T10:15:48.8858055Z [  76% ] [90m[1m_update_scan_actions[22m | keyboard_4.png[39m[0m
2026-10-07T10:15:48.8860969Z [  76% ] [90m[1m_update_scan_actions[22m | keyboard_5.png[39m[0m
2026-10-07T10:15:48.8863950Z [  76% ] [90m[1m_update_scan_actions[22m | keyboard_arrow_left.png[39m[0m
2026-10-07T10:15:48.8866982Z [  76% ] [90m[1m_update_scan_actions[22m | keyboard_arrow_right.png[39m[0m
2026-10-07T10:15:48.8869833Z [  76% ] [90m[1m_update_scan_actions[22m | keyboard_b.png[39m[0m
2026-10-07T10:15:48.8872672Z [  76% ] [90m[1m_update_scan_actions[22m | keyboard_c.png[39m[0m
2026-10-07T10:15:48.8875647Z [  76% ] [90m[1m_update_scan_actions[22m | keyboard_e.png[39m[0m
2026-10-07T10:15:48.8878503Z [  76% ] [90m[1m_update_scan_actions[22m | keyboard_escape.png[39m[0m
2026-10-07T10:15:48.8881316Z [  76% ] [90m[1m_update_scan_actions[22m | keyboard_f.png[39m[0m
2026-10-07T10:15:48.8884107Z [  76% ] [90m[1m_update_scan_actions[22m | keyboard_h.png[39m[0m
2026-10-07T10:15:48.8887135Z [  76% ] [90m[1m_update_scan_actions[22m | keyboard_i.png[39m[0m
2026-10-07T10:15:48.8889943Z [  77% ] [90m[1m_update_scan_actions[22m | keyboard_l.png[39m[0m
2026-10-07T10:15:48.8892800Z [  77% ] [90m[1m_update_scan_actions[22m | keyboard_m.png[39m[0m
2026-10-07T10:15:48.8895830Z [  77% ] [90m[1m_update_scan_actions[22m | keyboard_p.png[39m[0m
2026-10-07T10:15:48.8898703Z [  77% ] [90m[1m_update_scan_actions[22m | keyboard_q.png[39m[0m
2026-10-07T10:15:48.8901573Z [  77% ] [90m[1m_update_scan_actions[22m | keyboard_r.png[39m[0m
2026-10-07T10:15:48.8904466Z [  77% ] [90m[1m_update_scan_actions[22m | keyboard_return.png[39m[0m
2026-10-07T10:15:48.8907488Z [  77% ] [90m[1m_update_scan_actions[22m | mouse_left.png[39m[0m
2026-10-07T10:15:48.8910349Z [  77% ] [90m[1m_update_scan_actions[22m | mouse_right.png[39m[0m
2026-10-07T10:15:48.8913244Z [  77% ] [90m[1m_update_scan_actions[22m | xbox_button_a.png[39m[0m
2026-10-07T10:15:48.8916256Z [  77% ] [90m[1m_update_scan_actions[22m | xbox_button_b.png[39m[0m
2026-10-07T10:15:48.8919157Z [  77% ] [90m[1m_update_scan_actions[22m | xbox_button_start.png[39m[0m
2026-10-07T10:15:48.8922062Z [  77% ] [90m[1m_update_scan_actions[22m | xbox_button_view.png[39m[0m
2026-10-07T10:15:48.8925042Z [  77% ] [90m[1m_update_scan_actions[22m | xbox_button_x.png[39m[0m
2026-10-07T10:15:48.8927908Z [  77% ] [90m[1m_update_scan_actions[22m | xbox_button_y.png[39m[0m
2026-10-07T10:15:48.8930742Z [  78% ] [90m[1m_update_scan_actions[22m | xbox_dpad_down.png[39m[0m
2026-10-07T10:15:48.8933606Z [  78% ] [90m[1m_update_scan_actions[22m | xbox_dpad_left.png[39m[0m
2026-10-07T10:15:48.8936606Z [  78% ] [90m[1m_update_scan_actions[22m | xbox_dpad_right.png[39m[0m
2026-10-07T10:15:48.8939476Z [  78% ] [90m[1m_update_scan_actions[22m | xbox_dpad_up.png[39m[0m
2026-10-07T10:15:48.8942291Z [  78% ] [90m[1m_update_scan_actions[22m | xbox_lb.png[39m[0m
2026-10-07T10:15:48.8945227Z [  78% ] [90m[1m_update_scan_actions[22m | xbox_lt.png[39m[0m
2026-10-07T10:15:48.8948058Z [  78% ] [90m[1m_update_scan_actions[22m | xbox_rb.png[39m[0m
2026-10-07T10:15:48.8950913Z [  78% ] [90m[1m_update_scan_actions[22m | xbox_rt.png[39m[0m
2026-10-07T10:15:48.8954041Z [  78% ] [90m[1m_update_scan_actions[22m | xbox_stick_r_press.png[39m[0m
2026-10-07T10:15:48.8985102Z [  78% ] [90m[1m_update_scan_actions[22m | abyssal_guardian.png[39m[0m
2026-10-07T10:15:48.9018498Z [  78% ] [90m[1m_update_scan_actions[22m | aeriex.png[39m[0m
2026-10-07T10:15:48.9058398Z [  78% ] [90m[1m_update_scan_actions[22m | aquaryn.png[39m[0m
2026-10-07T10:15:48.9077921Z [  78% ] [90m[1m_update_scan_actions[22m | bramblebun.png[39m[0m
2026-10-07T10:15:48.9115923Z [  78% ] [90m[1m_update_scan_actions[22m | breezetail.png[39m[0m
2026-10-07T10:15:48.9134342Z [  79% ] [90m[1m_update_scan_actions[22m | brooktail.png[39m[0m
2026-10-07T10:15:48.9153427Z [  79% ] [90m[1m_update_scan_actions[22m | burrowback.png[39m[0m
2026-10-07T10:15:48.9193486Z [  79% ] [90m[1m_update_scan_actions[22m | cannonback.png[39m[0m
2026-10-07T10:15:48.9209564Z [  79% ] [90m[1m_update_scan_actions[22m | cindercub.png[39m[0m
2026-10-07T10:15:48.9250863Z [  79% ] [90m[1m_update_scan_actions[22m | cliffspike.png[39m[0m
2026-10-07T10:15:48.9284591Z [  79% ] [90m[1m_update_scan_actions[22m | cloudfang.png[39m[0m
2026-10-07T10:15:48.9325122Z [  79% ] [90m[1m_update_scan_actions[22m | cragclaw.png[39m[0m
2026-10-07T10:15:48.9361862Z [  79% ] [90m[1m_update_scan_actions[22m | craghorn.png[39m[0m
2026-10-07T10:15:48.9386970Z [  79% ] [90m[1m_update_scan_actions[22m | duskhush.png[39m[0m
2026-10-07T10:15:48.9398235Z [  79% ] [90m[1m_update_scan_actions[22m | frostclaw.png[39m[0m
2026-10-07T10:15:48.9430234Z [  79% ] [90m[1m_update_scan_actions[22m | fulgocobra.png[39m[0m
2026-10-07T10:15:48.9443291Z [  79% ] [90m[1m_update_scan_actions[22m | galecrest.png[39m[0m
2026-10-07T10:15:48.9462313Z [  79% ] [90m[1m_update_scan_actions[22m | galewisp.png[39m[0m
2026-10-07T10:15:48.9498426Z [  80% ] [90m[1m_update_scan_actions[22m | glimmermoth.png[39m[0m
2026-10-07T10:15:48.9530593Z [  80% ] [90m[1m_update_scan_actions[22m | mangrove_monitor.png[39m[0m
2026-10-07T10:15:48.9548778Z [  80% ] [90m[1m_update_scan_actions[22m | meadowhart.png[39m[0m
2026-10-07T10:15:48.9581743Z [  80% ] [90m[1m_update_scan_actions[22m | mirejaw.png[39m[0m
2026-10-07T10:15:48.9602321Z [  80% ] [90m[1m_update_scan_actions[22m | mosshell.png[39m[0m
2026-10-07T10:15:48.9639414Z [  80% ] [90m[1m_update_scan_actions[22m | mosshock.png[39m[0m
2026-10-07T10:15:48.9660054Z [  80% ] [90m[1m_update_scan_actions[22m | mudsnout.png[39m[0m
2026-10-07T10:15:48.9678621Z [  80% ] [90m[1m_update_scan_actions[22m | paddlenewt.png[39m[0m
2026-10-07T10:15:48.9715375Z [  80% ] [90m[1m_update_scan_actions[22m | pebbik.png[39m[0m
2026-10-07T10:15:48.9736766Z [  80% ] [90m[1m_update_scan_actions[22m | pipwing.png[39m[0m
2026-10-07T10:15:48.9751387Z [  80% ] [90m[1m_update_scan_actions[22m | reedwing.png[39m[0m
2026-10-07T10:15:48.9784982Z [  80% ] [90m[1m_update_scan_actions[22m | ribbonray.png[39m[0m
2026-10-07T10:15:48.9806021Z [  80% ] [90m[1m_update_scan_actions[22m | ripplet.png[39m[0m
2026-10-07T10:15:48.9841215Z [  80% ] [90m[1m_update_scan_actions[22m | riptusk.png[39m[0m
2026-10-07T10:15:48.9875042Z [  81% ] [90m[1m_update_scan_actions[22m | riverdrake.png[39m[0m
2026-10-07T10:15:48.9885651Z [  81% ] [90m[1m_update_scan_actions[22m | shadelet.png[39m[0m
2026-10-07T10:15:48.9918042Z [  81% ] [90m[1m_update_scan_actions[22m | sirenseal.png[39m[0m
2026-10-07T10:15:48.9949395Z [  81% ] [90m[1m_update_scan_actions[22m | skyrill.png[39m[0m
2026-10-07T10:15:48.9984951Z [  81% ] [90m[1m_update_scan_actions[22m | solmane.png[39m[0m
2026-10-07T10:15:48.9995989Z [  81% ] [90m[1m_update_scan_actions[22m | sparkit.png[39m[0m
2026-10-07T10:15:49.0035604Z [  81% ] [90m[1m_update_scan_actions[22m | staticub.png[39m[0m
2026-10-07T10:15:49.0072612Z [  81% ] [90m[1m_update_scan_actions[22m | stormbrush.png[39m[0m
2026-10-07T10:15:49.0110196Z [  81% ] [90m[1m_update_scan_actions[22m | stormcapra.png[39m[0m
2026-10-07T10:15:49.0143289Z [  81% ] [90m[1m_update_scan_actions[22m | stormraven.png[39m[0m
2026-10-07T10:15:49.0176322Z [  81% ] [90m[1m_update_scan_actions[22m | tanglevolt.png[39m[0m
2026-10-07T10:15:49.0209096Z [  81% ] [90m[1m_update_scan_actions[22m | tempestwing.png[39m[0m
2026-10-07T10:15:49.0229471Z [  81% ] [90m[1m_update_scan_actions[22m | terrapup.png[39m[0m
2026-10-07T10:15:49.0267816Z [  81% ] [90m[1m_update_scan_actions[22m | thundertunnel.png[39m[0m
2026-10-07T10:15:49.0303101Z [  82% ] [90m[1m_update_scan_actions[22m | tidecoil.png[39m[0m
2026-10-07T10:15:49.0344202Z [  82% ] [90m[1m_update_scan_actions[22m | torrentoad.png[39m[0m
2026-10-07T10:15:49.0362346Z [  82% ] [90m[1m_update_scan_actions[22m | trailpup.png[39m[0m
2026-10-07T10:15:49.0382815Z [  82% ] [90m[1m_update_scan_actions[22m | tuskroot.png[39m[0m
2026-10-07T10:15:49.0401564Z [  82% ] [90m[1m_update_scan_actions[22m | veridian.png[39m[0m
2026-10-07T10:15:49.0440529Z [  82% ] [90m[1m_update_scan_actions[22m | voltarach.png[39m[0m
2026-10-07T10:15:49.0476715Z [  82% ] [90m[1m_update_scan_actions[22m | voltwig.png[39m[0m
2026-10-07T10:15:49.0482784Z [  82% ] [90m[1m_update_scan_actions[22m | ada.png[39m[0m
2026-10-07T10:15:49.0487462Z [  82% ] [90m[1m_update_scan_actions[22m | bram.png[39m[0m
2026-10-07T10:15:49.0492740Z [  82% ] [90m[1m_update_scan_actions[22m | bryn.png[39m[0m
2026-10-07T10:15:49.0498206Z [  82% ] [90m[1m_update_scan_actions[22m | captain.png[39m[0m
2026-10-07T10:15:49.0503791Z [  82% ] [90m[1m_update_scan_actions[22m | captain_a.png[39m[0m
2026-10-07T10:15:49.0509431Z [  82% ] [90m[1m_update_scan_actions[22m | captain_b.png[39m[0m
2026-10-07T10:15:49.0576488Z [  82% ] [90m[1m_update_scan_actions[22m | cloudreach_aila_clean.png[39m[0m
2026-10-07T10:15:49.0581954Z [  83% ] [90m[1m_update_scan_actions[22m | corin.png[39m[0m
2026-10-07T10:15:49.0587153Z [  83% ] [90m[1m_update_scan_actions[22m | doss.png[39m[0m
2026-10-07T10:15:49.0592228Z [  83% ] [90m[1m_update_scan_actions[22m | fenn.png[39m[0m
2026-10-07T10:15:49.0597708Z [  83% ] [90m[1m_update_scan_actions[22m | garrick.png[39m[0m
2026-10-07T10:15:49.0603043Z [  83% ] [90m[1m_update_scan_actions[22m | grandpa.png[39m[0m
2026-10-07T10:15:49.0608250Z [  83% ] [90m[1m_update_scan_actions[22m | grunt.png[39m[0m
2026-10-07T10:15:49.0612920Z [  83% ] [90m[1m_update_scan_actions[22m | grunt_a.png[39m[0m
2026-10-07T10:15:49.0617677Z [  83% ] [90m[1m_update_scan_actions[22m | grunt_b.png[39m[0m
2026-10-07T10:15:49.0622426Z [  83% ] [90m[1m_update_scan_actions[22m | grunt_c.png[39m[0m
2026-10-07T10:15:49.0627625Z [  83% ] [90m[1m_update_scan_actions[22m | halda.png[39m[0m
2026-10-07T10:15:49.0632808Z [  83% ] [90m[1m_update_scan_actions[22m | juno.png[39m[0m
2026-10-07T10:15:49.0637461Z [  83% ] [90m[1m_update_scan_actions[22m | kael.png[39m[0m
2026-10-07T10:15:49.0642542Z [  83% ] [90m[1m_update_scan_actions[22m | kell.png[39m[0m
2026-10-07T10:15:49.0647907Z [  83% ] [90m[1m_update_scan_actions[22m | lark.png[39m[0m
2026-10-07T10:15:49.0652154Z [  84% ] [90m[1m_update_scan_actions[22m | lyra.png[39m[0m
2026-10-07T10:15:49.0657740Z [  84% ] [90m[1m_update_scan_actions[22m | maren.png[39m[0m
2026-10-07T10:15:49.0662738Z [  84% ] [90m[1m_update_scan_actions[22m | mira.png[39m[0m
2026-10-07T10:15:49.0667850Z [  84% ] [90m[1m_update_scan_actions[22m | nessa.png[39m[0m
2026-10-07T10:15:49.0672979Z [  84% ] [90m[1m_update_scan_actions[22m | officer.png[39m[0m
2026-10-07T10:15:49.0678525Z [  84% ] [90m[1m_update_scan_actions[22m | officer_a.png[39m[0m
2026-10-07T10:15:49.0683372Z [  84% ] [90m[1m_update_scan_actions[22m | officer_b.png[39m[0m
2026-10-07T10:15:49.0688895Z [  84% ] [90m[1m_update_scan_actions[22m | old_perrin.png[39m[0m
2026-10-07T10:15:49.0693898Z [  84% ] [90m[1m_update_scan_actions[22m | oskar.png[39m[0m
2026-10-07T10:15:49.0699150Z [  84% ] [90m[1m_update_scan_actions[22m | quarry_foreman.png[39m[0m
2026-10-07T10:15:49.0704410Z [  84% ] [90m[1m_update_scan_actions[22m | rae.png[39m[0m
2026-10-07T10:15:49.0709732Z [  84% ] [90m[1m_update_scan_actions[22m | ren.png[39m[0m
2026-10-07T10:15:49.0714041Z [  84% ] [90m[1m_update_scan_actions[22m | sera.png[39m[0m
2026-10-07T10:15:49.0720146Z [  84% ] [90m[1m_update_scan_actions[22m | sorrel.png[39m[0m
2026-10-07T10:15:49.0725243Z [  85% ] [90m[1m_update_scan_actions[22m | tam.png[39m[0m
2026-10-07T10:15:49.0730665Z [  85% ] [90m[1m_update_scan_actions[22m | tobin.png[39m[0m
2026-10-07T10:15:49.0736358Z [  85% ] [90m[1m_update_scan_actions[22m | trainer.png[39m[0m
2026-10-07T10:15:49.0741370Z [  85% ] [90m[1m_update_scan_actions[22m | villager_female.png[39m[0m
2026-10-07T10:15:49.0746463Z [  85% ] [90m[1m_update_scan_actions[22m | villager_male.png[39m[0m
2026-10-07T10:15:49.0751500Z [  85% ] [90m[1m_update_scan_actions[22m | villager_ranger.png[39m[0m
2026-10-07T10:15:49.0757539Z [  85% ] [90m[1m_update_scan_actions[22m | wandering_trainer.png[39m[0m
2026-10-07T10:15:49.0763166Z [  85% ] [90m[1m_update_scan_actions[22m | warden.png[39m[0m
2026-10-07T10:15:49.0769228Z [  85% ] [90m[1m_update_scan_actions[22m | wilhelm.png[39m[0m
2026-10-07T10:15:49.0772666Z [  85% ] [90m[1m_update_scan_actions[22m | bubble_volley_impact.wav[39m[0m
2026-10-07T10:15:49.0776167Z [  85% ] [90m[1m_update_scan_actions[22m | bubble_volley_impact_mastery.wav[39m[0m
2026-10-07T10:15:49.0779182Z [  85% ] [90m[1m_update_scan_actions[22m | bubble_volley_launch.wav[39m[0m
2026-10-07T10:15:49.0782269Z [  85% ] [90m[1m_update_scan_actions[22m | bubble_volley_launch_mastery.wav[39m[0m
2026-10-07T10:15:49.0785879Z [  85% ] [90m[1m_update_scan_actions[22m | bubble_volley_launch_travel.wav[39m[0m
2026-10-07T10:15:49.0789484Z [  86% ] [90m[1m_update_scan_actions[22m | bubble_volley_launch_travel_mastery.wav[39m[0m
2026-10-07T10:15:49.0792898Z [  86% ] [90m[1m_update_scan_actions[22m | bubble_volley_travel.wav[39m[0m
2026-10-07T10:15:49.0796236Z [  86% ] [90m[1m_update_scan_actions[22m | buff_aura_impact.wav[39m[0m
2026-10-07T10:15:49.0799503Z [  86% ] [90m[1m_update_scan_actions[22m | buff_aura_impact_mastery.wav[39m[0m
2026-10-07T10:15:49.0802473Z [  86% ] [90m[1m_update_scan_actions[22m | buff_aura_launch.wav[39m[0m
2026-10-07T10:15:49.0805649Z [  86% ] [90m[1m_update_scan_actions[22m | buff_aura_launch_mastery.wav[39m[0m
2026-10-07T10:15:49.0809178Z [  86% ] [90m[1m_update_scan_actions[22m | buff_aura_launch_travel.wav[39m[0m
2026-10-07T10:15:49.0812730Z [  86% ] [90m[1m_update_scan_actions[22m | buff_aura_launch_travel_mastery.wav[39m[0m
2026-10-07T10:15:49.0816269Z [  86% ] [90m[1m_update_scan_actions[22m | buff_aura_travel.wav[39m[0m
2026-10-07T10:15:49.0819588Z [  86% ] [90m[1m_update_scan_actions[22m | catch_tether_beam_impact.wav[39m[0m
2026-10-07T10:15:49.0822907Z [  86% ] [90m[1m_update_scan_actions[22m | catch_tether_beam_impact_mastery.wav[39m[0m
2026-10-07T10:15:49.0826026Z [  86% ] [90m[1m_update_scan_actions[22m | catch_tether_beam_launch.wav[39m[0m
2026-10-07T10:15:49.0829110Z [  86% ] [90m[1m_update_scan_actions[22m | catch_tether_beam_launch_mastery.wav[39m[0m
2026-10-07T10:15:49.0832543Z [  86% ] [90m[1m_update_scan_actions[22m | catch_tether_beam_launch_travel.wav[39m[0m
2026-10-07T10:15:49.0836271Z [  87% ] [90m[1m_update_scan_actions[22m | catch_tether_beam_launch_travel_mastery.wav[39m[0m
2026-10-07T10:15:49.0839645Z [  87% ] [90m[1m_update_scan_actions[22m | catch_tether_beam_travel.wav[39m[0m
2026-10-07T10:15:49.0842861Z [  87% ] [90m[1m_update_scan_actions[22m | chain_lightning_impact.wav[39m[0m
2026-10-07T10:15:49.0846261Z [  87% ] [90m[1m_update_scan_actions[22m | chain_lightning_impact_mastery.wav[39m[0m
2026-10-07T10:15:49.0849250Z [  87% ] [90m[1m_update_scan_actions[22m | chain_lightning_launch.wav[39m[0m
2026-10-07T10:15:49.0852499Z [  87% ] [90m[1m_update_scan_actions[22m | chain_lightning_launch_mastery.wav[39m[0m
2026-10-07T10:15:49.0855938Z [  87% ] [90m[1m_update_scan_actions[22m | chain_lightning_launch_travel.wav[39m[0m
2026-10-07T10:15:49.0859490Z [  87% ] [90m[1m_update_scan_actions[22m | chain_lightning_launch_travel_mastery.wav[39m[0m
2026-10-07T10:15:49.0862884Z [  87% ] [90m[1m_update_scan_actions[22m | chain_lightning_travel.wav[39m[0m
2026-10-07T10:15:49.0866215Z [  87% ] [90m[1m_update_scan_actions[22m | charge_dash_impact.wav[39m[0m
2026-10-07T10:15:49.0869511Z [  87% ] [90m[1m_update_scan_actions[22m | charge_dash_impact_mastery.wav[39m[0m
2026-10-07T10:15:49.0872449Z [  87% ] [90m[1m_update_scan_actions[22m | charge_dash_launch.wav[39m[0m
2026-10-07T10:15:49.0875633Z [  87% ] [90m[1m_update_scan_actions[22m | charge_dash_launch_mastery.wav[39m[0m
2026-10-07T10:15:49.0879126Z [  87% ] [90m[1m_update_scan_actions[22m | charge_dash_launch_travel.wav[39m[0m
2026-10-07T10:15:49.0882591Z [  88% ] [90m[1m_update_scan_actions[22m | charge_dash_launch_travel_mastery.wav[39m[0m
2026-10-07T10:15:49.0886107Z [  88% ] [90m[1m_update_scan_actions[22m | charge_dash_travel.wav[39m[0m
2026-10-07T10:15:49.0889346Z [  88% ] [90m[1m_update_scan_actions[22m | debuff_hex_impact.wav[39m[0m
2026-10-07T10:15:49.0892603Z [  88% ] [90m[1m_update_scan_actions[22m | debuff_hex_impact_mastery.wav[39m[0m
2026-10-07T10:15:49.0895666Z [  88% ] [90m[1m_update_scan_actions[22m | debuff_hex_launch.wav[39m[0m
2026-10-07T10:15:49.0898740Z [  88% ] [90m[1m_update_scan_actions[22m | debuff_hex_launch_mastery.wav[39m[0m
2026-10-07T10:15:49.0902178Z [  88% ] [90m[1m_update_scan_actions[22m | debuff_hex_launch_travel.wav[39m[0m
2026-10-07T10:15:49.0905871Z [  88% ] [90m[1m_update_scan_actions[22m | debuff_hex_launch_travel_mastery.wav[39m[0m
2026-10-07T10:15:49.0909227Z [  88% ] [90m[1m_update_scan_actions[22m | debuff_hex_travel.wav[39m[0m
2026-10-07T10:15:49.0912440Z [  88% ] [90m[1m_update_scan_actions[22m | ember_burst_impact.wav[39m[0m
2026-10-07T10:15:49.0915834Z [  88% ] [90m[1m_update_scan_actions[22m | ember_burst_impact_mastery.wav[39m[0m
2026-10-07T10:15:49.0918767Z [  88% ] [90m[1m_update_scan_actions[22m | ember_burst_launch.wav[39m[0m
2026-10-07T10:15:49.0921793Z [  88% ] [90m[1m_update_scan_actions[22m | ember_burst_launch_mastery.wav[39m[0m
2026-10-07T10:15:49.0925235Z [  88% ] [90m[1m_update_scan_actions[22m | ember_burst_launch_travel.wav[39m[0m
2026-10-07T10:15:49.0928885Z [  89% ] [90m[1m_update_scan_actions[22m | ember_burst_launch_travel_mastery.wav[39m[0m
2026-10-07T10:15:49.0932246Z [  89% ] [90m[1m_update_scan_actions[22m | ember_burst_travel.wav[39m[0m
2026-10-07T10:15:49.0935573Z [  89% ] [90m[1m_update_scan_actions[22m | fireball_impact.wav[39m[0m
2026-10-07T10:15:49.0938849Z [  89% ] [90m[1m_update_scan_actions[22m | fireball_impact_mastery.wav[39m[0m
2026-10-07T10:15:49.0941801Z [  89% ] [90m[1m_update_scan_actions[22m | fireball_launch.wav[39m[0m
2026-10-07T10:15:49.0945034Z [  89% ] [90m[1m_update_scan_actions[22m | fireball_launch_mastery.wav[39m[0m
2026-10-07T10:15:49.0948457Z [  89% ] [90m[1m_update_scan_actions[22m | fireball_launch_travel.wav[39m[0m
2026-10-07T10:15:49.0951976Z [  89% ] [90m[1m_update_scan_actions[22m | fireball_launch_travel_mastery.wav[39m[0m
2026-10-07T10:15:49.0955406Z [  89% ] [90m[1m_update_scan_actions[22m | fireball_travel.wav[39m[0m
2026-10-07T10:15:49.0958689Z [  89% ] [90m[1m_update_scan_actions[22m | flame_cone_impact.wav[39m[0m
2026-10-07T10:15:49.0962059Z [  89% ] [90m[1m_update_scan_actions[22m | flame_cone_impact_mastery.wav[39m[0m
2026-10-07T10:15:49.0965141Z [  89% ] [90m[1m_update_scan_actions[22m | flame_cone_launch.wav[39m[0m
2026-10-07T10:15:49.0968217Z [  89% ] [90m[1m_update_scan_actions[22m | flame_cone_launch_mastery.wav[39m[0m
2026-10-07T10:15:49.0971620Z [  90% ] [90m[1m_update_scan_actions[22m | flame_cone_launch_travel.wav[39m[0m
2026-10-07T10:15:49.0975338Z [  90% ] [90m[1m_update_scan_actions[22m | flame_cone_launch_travel_mastery.wav[39m[0m
2026-10-07T10:15:49.0978733Z [  90% ] [90m[1m_update_scan_actions[22m | flame_cone_travel.wav[39m[0m
2026-10-07T10:15:49.0981917Z [  90% ] [90m[1m_update_scan_actions[22m | frost_breath_impact.wav[39m[0m
2026-10-07T10:15:49.0985234Z [  90% ] [90m[1m_update_scan_actions[22m | frost_breath_impact_mastery.wav[39m[0m
2026-10-07T10:15:49.0988340Z [  90% ] [90m[1m_update_scan_actions[22m | frost_breath_launch.wav[39m[0m
2026-10-07T10:15:49.0991377Z [  90% ] [90m[1m_update_scan_actions[22m | frost_breath_launch_mastery.wav[39m[0m
2026-10-07T10:15:49.0994998Z [  90% ] [90m[1m_update_scan_actions[22m | frost_breath_launch_travel.wav[39m[0m
2026-10-07T10:15:49.0998487Z [  90% ] [90m[1m_update_scan_actions[22m | frost_breath_launch_travel_mastery.wav[39m[0m
2026-10-07T10:15:49.1001885Z [  90% ] [90m[1m_update_scan_actions[22m | frost_breath_travel.wav[39m[0m
2026-10-07T10:15:49.1005089Z [  90% ] [90m[1m_update_scan_actions[22m | guard_flash_impact.wav[39m[0m
2026-10-07T10:15:49.1008446Z [  90% ] [90m[1m_update_scan_actions[22m | guard_flash_impact_mastery.wav[39m[0m
2026-10-07T10:15:49.1011371Z [  90% ] [90m[1m_update_scan_actions[22m | guard_flash_launch.wav[39m[0m
2026-10-07T10:15:49.1014364Z [  90% ] [90m[1m_update_scan_actions[22m | guard_flash_launch_mastery.wav[39m[0m
2026-10-07T10:15:49.1017997Z [  91% ] [90m[1m_update_scan_actions[22m | guard_flash_launch_travel.wav[39m[0m
2026-10-07T10:15:49.1021470Z [  91% ] [90m[1m_update_scan_actions[22m | guard_flash_launch_travel_mastery.wav[39m[0m
2026-10-07T10:15:49.1024975Z [  91% ] [90m[1m_update_scan_actions[22m | guard_flash_travel.wav[39m[0m
2026-10-07T10:15:49.1028137Z [  91% ] [90m[1m_update_scan_actions[22m | heal_pulse_impact.wav[39m[0m
2026-10-07T10:15:49.1031401Z [  91% ] [90m[1m_update_scan_actions[22m | heal_pulse_impact_mastery.wav[39m[0m
2026-10-07T10:15:49.1034306Z [  91% ] [90m[1m_update_scan_actions[22m | heal_pulse_launch.wav[39m[0m
2026-10-07T10:15:49.1037534Z [  91% ] [90m[1m_update_scan_actions[22m | heal_pulse_launch_mastery.wav[39m[0m
2026-10-07T10:15:49.1040978Z [  91% ] [90m[1m_update_scan_actions[22m | heal_pulse_launch_travel.wav[39m[0m
2026-10-07T10:15:49.1044465Z [  91% ] [90m[1m_update_scan_actions[22m | heal_pulse_launch_travel_mastery.wav[39m[0m
2026-10-07T10:15:49.1047910Z [  91% ] [90m[1m_update_scan_actions[22m | heal_pulse_travel.wav[39m[0m
2026-10-07T10:15:49.1051257Z [  91% ] [90m[1m_update_scan_actions[22m | ice_shard_volley_impact.wav[39m[0m
2026-10-07T10:15:49.1054592Z [  91% ] [90m[1m_update_scan_actions[22m | ice_shard_volley_impact_mastery.wav[39m[0m
2026-10-07T10:15:49.1057748Z [  91% ] [90m[1m_update_scan_actions[22m | ice_shard_volley_launch.wav[39m[0m
2026-10-07T10:15:49.1060852Z [  91% ] [90m[1m_update_scan_actions[22m | ice_shard_volley_launch_mastery.wav[39m[0m
2026-10-07T10:15:49.1064330Z [  92% ] [90m[1m_update_scan_actions[22m | ice_shard_volley_launch_travel.wav[39m[0m
2026-10-07T10:15:49.1068013Z [  92% ] [90m[1m_update_scan_actions[22m | ice_shard_volley_launch_travel_mastery.wav[39m[0m
2026-10-07T10:15:49.1071404Z [  92% ] [90m[1m_update_scan_actions[22m | ice_shard_volley_travel.wav[39m[0m
2026-10-07T10:15:49.1074824Z [  92% ] [90m[1m_update_scan_actions[22m | psychic_pulse_impact.wav[39m[0m
2026-10-07T10:15:49.1078073Z [  92% ] [90m[1m_update_scan_actions[22m | psychic_pulse_impact_mastery.wav[39m[0m
2026-10-07T10:15:49.1081022Z [  92% ] [90m[1m_update_scan_actions[22m | psychic_pulse_launch.wav[39m[0m
2026-10-07T10:15:49.1084025Z [  92% ] [90m[1m_update_scan_actions[22m | psychic_pulse_launch_mastery.wav[39m[0m
2026-10-07T10:15:49.1087628Z [  92% ] [90m[1m_update_scan_actions[22m | psychic_pulse_launch_travel.wav[39m[0m
2026-10-07T10:15:49.1091228Z [  92% ] [90m[1m_update_scan_actions[22m | psychic_pulse_launch_travel_mastery.wav[39m[0m
2026-10-07T10:15:49.1094954Z [  92% ] [90m[1m_update_scan_actions[22m | psychic_pulse_travel.wav[39m[0m
2026-10-07T10:15:49.1098015Z [  92% ] [90m[1m_update_scan_actions[22m | quake_ring_impact.wav[39m[0m
2026-10-07T10:15:49.1101248Z [  92% ] [90m[1m_update_scan_actions[22m | quake_ring_impact_mastery.wav[39m[0m
2026-10-07T10:15:49.1104186Z [  92% ] [90m[1m_update_scan_actions[22m | quake_ring_launch.wav[39m[0m
2026-10-07T10:15:49.1107346Z [  92% ] [90m[1m_update_scan_actions[22m | quake_ring_launch_mastery.wav[39m[0m
2026-10-07T10:15:49.1110789Z [  93% ] [90m[1m_update_scan_actions[22m | quake_ring_launch_travel.wav[39m[0m
2026-10-07T10:15:49.1114268Z [  93% ] [90m[1m_update_scan_actions[22m | quake_ring_launch_travel_mastery.wav[39m[0m
2026-10-07T10:15:49.1117792Z [  93% ] [90m[1m_update_scan_actions[22m | quake_ring_travel.wav[39m[0m
2026-10-07T10:15:49.1121045Z [  93% ] [90m[1m_update_scan_actions[22m | root_stone_spikes_impact.wav[39m[0m
2026-10-07T10:15:49.1124311Z [  93% ] [90m[1m_update_scan_actions[22m | root_stone_spikes_impact_mastery.wav[39m[0m
2026-10-07T10:15:49.1127427Z [  93% ] [90m[1m_update_scan_actions[22m | root_stone_spikes_launch.wav[39m[0m
2026-10-07T10:15:49.1130464Z [  93% ] [90m[1m_update_scan_actions[22m | root_stone_spikes_launch_mastery.wav[39m[0m
2026-10-07T10:15:49.1133919Z [  93% ] [90m[1m_update_scan_actions[22m | root_stone_spikes_launch_travel.wav[39m[0m
2026-10-07T10:15:49.1137614Z [  93% ] [90m[1m_update_scan_actions[22m | root_stone_spikes_launch_travel_mastery.wav[39m[0m
2026-10-07T10:15:49.1141066Z [  93% ] [90m[1m_update_scan_actions[22m | root_stone_spikes_travel.wav[39m[0m
2026-10-07T10:15:49.1144322Z [  93% ] [90m[1m_update_scan_actions[22m | shadow_bolt_impact.wav[39m[0m
2026-10-07T10:15:49.1147754Z [  93% ] [90m[1m_update_scan_actions[22m | shadow_bolt_impact_mastery.wav[39m[0m
2026-10-07T10:15:49.1150702Z [  93% ] [90m[1m_update_scan_actions[22m | shadow_bolt_launch.wav[39m[0m
2026-10-07T10:15:49.1153748Z [  93% ] [90m[1m_update_scan_actions[22m | shadow_bolt_launch_mastery.wav[39m[0m
2026-10-07T10:15:49.1157307Z [  94% ] [90m[1m_update_scan_actions[22m | shadow_bolt_launch_travel.wav[39m[0m
2026-10-07T10:15:49.1160917Z [  94% ] [90m[1m_update_scan_actions[22m | shadow_bolt_launch_travel_mastery.wav[39m[0m
2026-10-07T10:15:49.1164280Z [  94% ] [90m[1m_update_scan_actions[22m | shadow_bolt_travel.wav[39m[0m
2026-10-07T10:15:49.1167650Z [  94% ] [90m[1m_update_scan_actions[22m | sky_lightning_impact.wav[39m[0m
2026-10-07T10:15:49.1170975Z [  94% ] [90m[1m_update_scan_actions[22m | sky_lightning_impact_mastery.wav[39m[0m
2026-10-07T10:15:49.1173915Z [  94% ] [90m[1m_update_scan_actions[22m | sky_lightning_launch.wav[39m[0m
2026-10-07T10:15:49.1177031Z [  94% ] [90m[1m_update_scan_actions[22m | sky_lightning_launch_mastery.wav[39m[0m
2026-10-07T10:15:49.1180431Z [  94% ] [90m[1m_update_scan_actions[22m | sky_lightning_launch_travel.wav[39m[0m
2026-10-07T10:15:49.1183933Z [  94% ] [90m[1m_update_scan_actions[22m | sky_lightning_launch_travel_mastery.wav[39m[0m
2026-10-07T10:15:49.1187395Z [  94% ] [90m[1m_update_scan_actions[22m | sky_lightning_travel.wav[39m[0m
2026-10-07T10:15:49.1190622Z [  94% ] [90m[1m_update_scan_actions[22m | slash_trail_impact.wav[39m[0m
2026-10-07T10:15:49.1193861Z [  94% ] [90m[1m_update_scan_actions[22m | slash_trail_impact_mastery.wav[39m[0m
2026-10-07T10:15:49.1196919Z [  94% ] [90m[1m_update_scan_actions[22m | slash_trail_launch.wav[39m[0m
2026-10-07T10:15:49.1199974Z [  94% ] [90m[1m_update_scan_actions[22m | slash_trail_launch_mastery.wav[39m[0m
2026-10-07T10:15:49.1203377Z [  95% ] [90m[1m_update_scan_actions[22m | slash_trail_launch_travel.wav[39m[0m
2026-10-07T10:15:49.1207030Z [  95% ] [90m[1m_update_scan_actions[22m | slash_trail_launch_travel_mastery.wav[39m[0m
2026-10-07T10:15:49.1210380Z [  95% ] [90m[1m_update_scan_actions[22m | slash_trail_travel.wav[39m[0m
2026-10-07T10:15:49.1213789Z [  95% ] [90m[1m_update_scan_actions[22m | stone_boulder_impact.wav[39m[0m
2026-10-07T10:15:49.1217048Z [  95% ] [90m[1m_update_scan_actions[22m | stone_boulder_impact_mastery.wav[39m[0m
2026-10-07T10:15:49.1219993Z [  95% ] [90m[1m_update_scan_actions[22m | stone_boulder_launch.wav[39m[0m
2026-10-07T10:15:49.1223037Z [  95% ] [90m[1m_update_scan_actions[22m | stone_boulder_launch_mastery.wav[39m[0m
2026-10-07T10:15:49.1226572Z [  95% ] [90m[1m_update_scan_actions[22m | stone_boulder_launch_travel.wav[39m[0m
2026-10-07T10:15:49.1230094Z [  95% ] [90m[1m_update_scan_actions[22m | stone_boulder_launch_travel_mastery.wav[39m[0m
2026-10-07T10:15:49.1233448Z [  95% ] [90m[1m_update_scan_actions[22m | stone_boulder_travel.wav[39m[0m
2026-10-07T10:15:49.1236787Z [  95% ] [90m[1m_update_scan_actions[22m | stone_throw_impact.wav[39m[0m
2026-10-07T10:15:49.1240099Z [  95% ] [90m[1m_update_scan_actions[22m | stone_throw_impact_mastery.wav[39m[0m
2026-10-07T10:15:49.1243032Z [  95% ] [90m[1m_update_scan_actions[22m | stone_throw_launch.wav[39m[0m
2026-10-07T10:15:49.1246165Z [  95% ] [90m[1m_update_scan_actions[22m | stone_throw_launch_mastery.wav[39m[0m
2026-10-07T10:15:49.1249569Z [  96% ] [90m[1m_update_scan_actions[22m | stone_throw_launch_travel.wav[39m[0m
2026-10-07T10:15:49.1253082Z [  96% ] [90m[1m_update_scan_actions[22m | stone_throw_launch_travel_mastery.wav[39m[0m
2026-10-07T10:15:49.1256607Z [  96% ] [90m[1m_update_scan_actions[22m | stone_throw_travel.wav[39m[0m
2026-10-07T10:15:49.1259849Z [  96% ] [90m[1m_update_scan_actions[22m | tidal_wave_impact.wav[39m[0m
2026-10-07T10:15:49.1263100Z [  96% ] [90m[1m_update_scan_actions[22m | tidal_wave_impact_mastery.wav[39m[0m
2026-10-07T10:15:49.1266134Z [  96% ] [90m[1m_update_scan_actions[22m | tidal_wave_launch.wav[39m[0m
2026-10-07T10:15:49.1269168Z [  96% ] [90m[1m_update_scan_actions[22m | tidal_wave_launch_mastery.wav[39m[0m
2026-10-07T10:15:49.1272554Z [  96% ] [90m[1m_update_scan_actions[22m | tidal_wave_launch_travel.wav[39m[0m
2026-10-07T10:15:49.1276164Z [  96% ] [90m[1m_update_scan_actions[22m | tidal_wave_launch_travel_mastery.wav[39m[0m
2026-10-07T10:15:49.1279519Z [  96% ] [90m[1m_update_scan_actions[22m | tidal_wave_travel.wav[39m[0m
2026-10-07T10:15:49.1282719Z [  96% ] [90m[1m_update_scan_actions[22m | tornado_impact.wav[39m[0m
2026-10-07T10:15:49.1286069Z [  96% ] [90m[1m_update_scan_actions[22m | tornado_impact_mastery.wav[39m[0m
2026-10-07T10:15:49.1289017Z [  96% ] [90m[1m_update_scan_actions[22m | tornado_launch.wav[39m[0m
2026-10-07T10:15:49.1291977Z [  96% ] [90m[1m_update_scan_actions[22m | tornado_launch_mastery.wav[39m[0m
2026-10-07T10:15:49.1295493Z [  97% ] [90m[1m_update_scan_actions[22m | tornado_launch_travel.wav[39m[0m
2026-10-07T10:15:49.1299080Z [  97% ] [90m[1m_update_scan_actions[22m | tornado_launch_travel_mastery.wav[39m[0m
2026-10-07T10:15:49.1302422Z [  97% ] [90m[1m_update_scan_actions[22m | tornado_travel.wav[39m[0m
2026-10-07T10:15:49.1305760Z [  97% ] [90m[1m_update_scan_actions[22m | water_jet_impact.wav[39m[0m
2026-10-07T10:15:49.1309006Z [  97% ] [90m[1m_update_scan_actions[22m | water_jet_impact_mastery.wav[39m[0m
2026-10-07T10:15:49.1311954Z [  97% ] [90m[1m_update_scan_actions[22m | water_jet_launch.wav[39m[0m
2026-10-07T10:15:49.1315080Z [  97% ] [90m[1m_update_scan_actions[22m | water_jet_launch_mastery.wav[39m[0m
2026-10-07T10:15:49.1318573Z [  97% ] [90m[1m_update_scan_actions[22m | water_jet_launch_travel.wav[39m[0m
2026-10-07T10:15:49.1322112Z [  97% ] [90m[1m_update_scan_actions[22m | water_jet_launch_travel_mastery.wav[39m[0m
2026-10-07T10:15:49.1325650Z [  97% ] [90m[1m_update_scan_actions[22m | water_jet_travel.wav[39m[0m
2026-10-07T10:15:49.1328841Z [  97% ] [90m[1m_update_scan_actions[22m | wind_blade_impact.wav[39m[0m
2026-10-07T10:15:49.1332093Z [  97% ] [90m[1m_update_scan_actions[22m | wind_blade_impact_mastery.wav[39m[0m
2026-10-07T10:15:49.1335452Z [  97% ] [90m[1m_update_scan_actions[22m | wind_blade_launch.wav[39m[0m
2026-10-07T10:15:49.1338308Z [  97% ] [90m[1m_update_scan_actions[22m | wind_blade_launch_mastery.wav[39m[0m
2026-10-07T10:15:49.1341716Z [  98% ] [90m[1m_update_scan_actions[22m | wind_blade_launch_travel.wav[39m[0m
2026-10-07T10:15:49.1345251Z [  98% ] [90m[1m_update_scan_actions[22m | wind_blade_launch_travel_mastery.wav[39m[0m
2026-10-07T10:15:49.1348733Z [  98% ] [90m[1m_update_scan_actions[22m | wind_blade_travel.wav[39m[0m
2026-10-07T10:15:49.1391546Z [  98% ] [90m[1m_update_scan_actions[22m | flame_tongue_v2.png[39m[0m
2026-10-07T10:15:49.1395091Z [  98% ] [90m[1m_update_scan_actions[22m | procedural_provenance.csv[39m[0m
2026-10-07T10:15:49.1396137Z [  98% ] [90m[1m_update_scan_actions[22m | 01-spawn-outward.jpg[39m[0m
2026-10-07T10:15:49.1397054Z [  98% ] [90m[1m_update_scan_actions[22m | 02-arena-opens.jpg[39m[0m
2026-10-07T10:15:49.1397965Z [  98% ] [90m[1m_update_scan_actions[22m | 03-rise-overlook.jpg[39m[0m
2026-10-07T10:15:49.1398975Z [  98% ] [90m[1m_update_scan_actions[22m | 06-charged-attack-lands.jpg[39m[0m
2026-10-07T10:15:49.1399843Z [  98% ] [90m[1m_update_scan_actions[22m | aim-arc.jpg[39m[0m
2026-10-07T10:15:49.1401191Z [  98% ] [90m[1m_update_scan_actions[22m | camp-dusk.jpg[39m[0m
2026-10-07T10:15:49.1402056Z [  98% ] [90m[1m_update_scan_actions[22m | hero-meadow.jpg[39m[0m
2026-10-07T10:15:49.1402855Z [  98% ] [90m[1m_update_scan_actions[22m | mill-crossing.jpg[39m[0m
2026-10-07T10:15:49.1403713Z [  98% ] [90m[1m_update_scan_actions[22m | opening-bedroom.jpg[39m[0m
2026-10-07T10:15:49.1404547Z [  99% ] [90m[1m_update_scan_actions[22m | page-board.jpg[39m[0m
2026-10-07T10:15:49.1405773Z [  99% ] [90m[1m_update_scan_actions[22m | relay-approach.jpg[39m[0m
2026-10-07T10:15:49.1406744Z [  99% ] [90m[1m_update_scan_actions[22m | relay-machines.jpg[39m[0m
2026-10-07T10:15:49.1407530Z [  99% ] [90m[1m_update_scan_actions[22m | roster.jpg[39m[0m
2026-10-07T10:15:49.1408397Z [  99% ] [90m[1m_update_scan_actions[22m | severed-road.jpg[39m[0m
2026-10-07T10:15:49.1409229Z [  99% ] [90m[1m_update_scan_actions[22m | starter-orbs.jpg[39m[0m
2026-10-07T10:15:49.1410108Z [  99% ] [90m[1m_update_scan_actions[22m | tether-site.jpg[39m[0m
2026-10-07T10:15:49.1411118Z [  99% ] [90m[1m_update_scan_actions[22m | village-square.jpg[39m[0m
2026-10-07T10:15:49.1412014Z [  99% ] [90m[1m_update_scan_actions[22m | village-talk.jpg[39m[0m
2026-10-07T10:15:49.1412806Z [  99% ] [90m[1m_update_scan_actions[22m | warden.jpg[39m[0m
2026-10-07T10:15:49.1413802Z [  99% ] [90m[1m_update_scan_actions[22m | weather-rain.jpg[39m[0m
2026-10-07T10:15:49.1417555Z [  99% ] [90m[1m_update_scan_actions[22m | icon.svg[39m[0m
2026-10-07T10:15:49.1418168Z [92m[ DONE ][39m [1m_update_scan_actions[22m
2026-10-07T10:15:49.1418589Z [0m
2026-10-07T10:15:49.1422895Z [   0% ] [90m[1mreimport[22m | Started (Re)Importing Assets (21 steps)[39m[0m
2026-10-07T10:15:49.1423785Z [   0% ] [90m[1mreimport[22m | Preparing files to reimport...[39m[0m
2026-10-07T10:15:49.1424573Z [   4% ] [90m[1mreimport[22m | Preparing files to reimport...[39m[0m
2026-10-07T10:15:49.1425805Z [   9% ] [90m[1mreimport[22m | Preparing files to reimport...[39m[0m
2026-10-07T10:15:49.1426794Z [  13% ] [90m[1mreimport[22m | Preparing files to reimport...[39m[0m
2026-10-07T10:15:49.1427774Z [  18% ] [90m[1mreimport[22m | Preparing files to reimport...[39m[0m
2026-10-07T10:15:49.1428785Z [  22% ] [90m[1mreimport[22m | Preparing files to reimport...[39m[0m
2026-10-07T10:15:49.1429684Z [  27% ] [90m[1mreimport[22m | Preparing files to reimport...[39m[0m
2026-10-07T10:15:49.1430539Z [  31% ] [90m[1mreimport[22m | Preparing files to reimport...[39m[0m
2026-10-07T10:15:49.1431393Z [  36% ] [90m[1mreimport[22m | Preparing files to reimport...[39m[0m
2026-10-07T10:15:49.1432677Z [  40% ] [90m[1mreimport[22m | Preparing files to reimport...[39m[0m
2026-10-07T10:15:49.1433464Z [  45% ] [90m[1mreimport[22m | Preparing files to reimport...[39m[0m
2026-10-07T10:15:49.1434265Z [  50% ] [90m[1mreimport[22m | Preparing files to reimport...[39m[0m
2026-10-07T10:15:49.1435387Z [  54% ] [90m[1mreimport[22m | Preparing files to reimport...[39m[0m
2026-10-07T10:15:49.1436387Z [  59% ] [90m[1mreimport[22m | Preparing files to reimport...[39m[0m
2026-10-07T10:15:49.1437233Z [  63% ] [90m[1mreimport[22m | Preparing files to reimport...[39m[0m
2026-10-07T10:15:49.1438213Z [  68% ] [90m[1mreimport[22m | Preparing files to reimport...[39m[0m
2026-10-07T10:15:49.1439193Z [  72% ] [90m[1mreimport[22m | Preparing files to reimport...[39m[0m
2026-10-07T10:15:49.1439978Z [  77% ] [90m[1mreimport[22m | Preparing files to reimport...[39m[0m
2026-10-07T10:15:49.1440859Z [  81% ] [90m[1mreimport[22m | Preparing files to reimport...[39m[0m
2026-10-07T10:15:49.1441819Z [  86% ] [90m[1mreimport[22m | Preparing files to reimport...[39m[0m
2026-10-07T10:15:49.1442739Z [  90% ] [90m[1mreimport[22m | Preparing files to reimport...[39m[0m
2026-10-07T10:15:49.1443765Z [   0% ] [90m[1mreimport[22m | Executing pre-reimport operations...[39m[0m
2026-10-07T10:15:49.1447092Z [   0% ] [90m[1mreimport[22m | procedural_provenance.csv[39m[0m
2026-10-07T10:15:49.1581479Z [   4% ] [90m[1mreimport[22m | weather-rain.jpg[39m[0m
2026-10-07T10:15:49.2688708Z [   9% ] [90m[1mreimport[22m | warden.jpg[39m[0m
2026-10-07T10:15:49.3856260Z [  13% ] [90m[1mreimport[22m | village-talk.jpg[39m[0m
2026-10-07T10:15:49.5259637Z [  18% ] [90m[1mreimport[22m | village-square.jpg[39m[0m
2026-10-07T10:15:49.6585080Z [  22% ] [90m[1mreimport[22m | tether-site.jpg[39m[0m
2026-10-07T10:15:49.8829026Z [  27% ] [90m[1mreimport[22m | starter-orbs.jpg[39m[0m
2026-10-07T10:15:49.9545985Z [  31% ] [90m[1mreimport[22m | severed-road.jpg[39m[0m
2026-10-07T10:15:50.1617864Z [  36% ] [90m[1mreimport[22m | roster.jpg[39m[0m
2026-10-07T10:15:50.3001089Z [  40% ] [90m[1mreimport[22m | relay-machines.jpg[39m[0m
2026-10-07T10:15:50.4279677Z [  45% ] [90m[1mreimport[22m | relay-approach.jpg[39m[0m
2026-10-07T10:15:50.5539182Z [  50% ] [90m[1mreimport[22m | page-board.jpg[39m[0m
2026-10-07T10:15:50.7998185Z [  54% ] [90m[1mreimport[22m | opening-bedroom.jpg[39m[0m
2026-10-07T10:15:50.9221313Z [  59% ] [90m[1mreimport[22m | mill-crossing.jpg[39m[0m
2026-10-07T10:15:51.0627767Z [  63% ] [90m[1mreimport[22m | hero-meadow.jpg[39m[0m
2026-10-07T10:15:51.2798150Z [  68% ] [90m[1mreimport[22m | camp-dusk.jpg[39m[0m
2026-10-07T10:15:51.4043338Z [  72% ] [90m[1mreimport[22m | aim-arc.jpg[39m[0m
2026-10-07T10:15:51.5487193Z [  77% ] [90m[1mreimport[22m | 06-charged-attack-lands.jpg[39m[0m
2026-10-07T10:15:51.8005564Z [  81% ] [90m[1mreimport[22m | 03-rise-overlook.jpg[39m[0m
2026-10-07T10:15:52.0105698Z [  86% ] [90m[1mreimport[22m | 02-arena-opens.jpg[39m[0m
2026-10-07T10:15:52.2359993Z [  90% ] [90m[1mreimport[22m | 01-spawn-outward.jpg[39m[0m
2026-10-07T10:15:52.4573097Z [  95% ] [90m[1mreimport[22m | Finalizing Asset Import...[39m[0m
2026-10-07T10:15:52.4682046Z [92m[ DONE ][39m [1mreimport[22m
2026-10-07T10:15:52.4683026Z [0m
2026-10-07T10:15:52.4683655Z [   0% ] [90m[1mreimport[22m | Started (Re)Importing Assets (21 steps)[39m[0m
2026-10-07T10:15:52.4684515Z [   0% ] [90m[1mreimport[22m | Executing post-reimport operations...[39m[0m
2026-10-07T10:15:52.4685233Z [92m[ DONE ][39m [1mreimport[22m
2026-10-07T10:15:52.4685525Z [0m
2026-10-07T10:15:52.5500571Z [   0% ] [90m[1mloading_editor_layout[22m | Started Loading editor (5 steps)[39m[0m
2026-10-07T10:15:52.5501443Z [   0% ] [90m[1mloading_editor_layout[22m | Loading editor layout...[39m[0m
2026-10-07T10:15:52.5502028Z [  16% ] [90m[1mloading_editor_layout[22m | Loading docks...[39m[0m
2026-10-07T10:15:52.5502483Z [92m[ DONE ][39m [1mloading_editor_layout[22m
2026-10-07T10:15:52.5503171Z [0m
2026-10-07T10:15:53.6120098Z ##[end-action id=__self.__run_3;outcome=success;conclusion=success;duration_ms=25875]
2026-10-07T10:15:53.6123483Z ##[start-action display=Run set -euo pipefail;id=__self.__run_4]
2026-10-07T10:15:53.6142460Z ##[group]Run set -euo pipefail
2026-10-07T10:15:53.6142784Z [36;1mset -euo pipefail[0m
2026-10-07T10:15:53.6143159Z [36;1mgodot --headless --path . --import 2>&1 | tee /tmp/import.log[0m
2026-10-07T10:15:53.6143752Z [36;1mif grep -qiE 'SCRIPT ERROR|Parse Error|Failed to load|ERROR: Cannot open' /tmp/import.log; then[0m
2026-10-07T10:15:53.6144318Z [36;1m  echo '::error::import produced script or resource errors'[0m
2026-10-07T10:15:53.6144813Z [36;1m  exit 1[0m
2026-10-07T10:15:53.6145037Z [36;1mfi[0m
2026-10-07T10:15:53.6212810Z shell: /usr/bin/bash --noprofile --norc -e -o pipefail {0}
2026-10-07T10:15:53.6213365Z env:
2026-10-07T10:15:53.6213597Z   GODOT_VERSION: 4.7-stable
2026-10-07T10:15:53.6213858Z ##[endgroup]
2026-10-07T10:15:53.6534023Z Godot Engine v4.7.stable.official.5b4e0cb0f - https://godotengine.org
2026-10-07T10:15:53.6831617Z 
2026-10-07T10:15:55.6605070Z [   0% ] [90m[1mfirst_scan_filesystem[22m | Started Project initialization (5 steps)[39m[0m
2026-10-07T10:15:55.6605789Z [   0% ] [90m[1mfirst_scan_filesystem[22m | Scanning file structure...[39m[0m
2026-10-07T10:15:55.7302997Z [  16% ] [90m[1mfirst_scan_filesystem[22m | Loading global class names...[39m[0m
2026-10-07T10:15:56.1954610Z [  33% ] [90m[1mfirst_scan_filesystem[22m | Verifying GDExtensions...[39m[0m
2026-10-07T10:15:56.1955535Z [  50% ] [90m[1mfirst_scan_filesystem[22m | Creating autoload scripts...[39m[0m
2026-10-07T10:16:00.4202274Z [  66% ] [90m[1mfirst_scan_filesystem[22m | Initializing plugins...[39m[0m
2026-10-07T10:16:00.4263693Z [  83% ] [90m[1mfirst_scan_filesystem[22m | Starting file scan...[39m[0m
2026-10-07T10:16:00.4264456Z [92m[ DONE ][39m [1mfirst_scan_filesystem[22m
2026-10-07T10:16:00.4264919Z [0m
2026-10-07T10:16:00.9768449Z [   0% ] [90m[1m_update_scan_actions[22m | Started Scanning actions... (13 steps)[39m[0m
2026-10-07T10:16:00.9769672Z [   0% ] [90m[1m_update_scan_actions[22m | bramblebun_extracted_base_color.png[39m[0m
2026-10-07T10:16:00.9771926Z [   7% ] [90m[1m_update_scan_actions[22m | bramblebun_extracted_emissive.png[39m[0m
2026-10-07T10:16:00.9773752Z [  14% ] [90m[1m_update_scan_actions[22m | cragclaw_extracted_base_color.png[39m[0m
2026-10-07T10:16:00.9776287Z [  21% ] [90m[1m_update_scan_actions[22m | mangrove_monitor_extracted_base_color.png[39m[0m
2026-10-07T10:16:00.9778032Z [  28% ] [90m[1m_update_scan_actions[22m | mirejaw_extracted_base_color.png[39m[0m
2026-10-07T10:16:00.9780039Z [  35% ] [90m[1m_update_scan_actions[22m | mudsnout_extracted_base_color.png[39m[0m
2026-10-07T10:16:00.9782202Z [  42% ] [90m[1m_update_scan_actions[22m | mudsnout_extracted_emissive.png[39m[0m
2026-10-07T10:16:00.9783990Z [  50% ] [90m[1m_update_scan_actions[22m | riptusk_extracted_base_color.png[39m[0m
2026-10-07T10:16:00.9786111Z [  57% ] [90m[1m_update_scan_actions[22m | sirenseal_extracted_base_color.png[39m[0m
2026-10-07T10:16:00.9788072Z [  64% ] [90m[1m_update_scan_actions[22m | trailpup_extracted_base_color.png[39m[0m
2026-10-07T10:16:00.9789970Z [  71% ] [90m[1m_update_scan_actions[22m | trailpup_extracted_emissive.png[39m[0m
2026-10-07T10:16:00.9791867Z [  78% ] [90m[1m_update_scan_actions[22m | veridian_extracted_base_color.png[39m[0m
2026-10-07T10:16:00.9793757Z [  85% ] [90m[1m_update_scan_actions[22m | veridian_extracted_emissive.png[39m[0m
2026-10-07T10:16:00.9795291Z [92m[ DONE ][39m [1m_update_scan_actions[22m
2026-10-07T10:16:00.9795729Z [0m
2026-10-07T10:16:01.0710393Z [   0% ] [90m[1mloading_editor_layout[22m | Started Loading editor (5 steps)[39m[0m
2026-10-07T10:16:01.0711398Z [   0% ] [90m[1mloading_editor_layout[22m | Loading editor layout...[39m[0m
2026-10-07T10:16:01.0712612Z [  16% ] [90m[1mloading_editor_layout[22m | Loading docks...[39m[0m
2026-10-07T10:16:01.0715764Z [92m[ DONE ][39m [1mloading_editor_layout[22m
2026-10-07T10:16:01.0716145Z [0m
2026-10-07T10:16:02.0449532Z ##[end-action id=__self.__run_4;outcome=success;conclusion=success;duration_ms=8432]
2026-10-07T10:16:02.0499601Z ##[group]Run set -uo pipefail
2026-10-07T10:16:02.0499947Z [36;1mset -uo pipefail[0m
2026-10-07T10:16:02.0500259Z [36;1mexport XDG_DATA_HOME="$RUNNER_TEMP/userdata"[0m
2026-10-07T10:16:02.0500635Z [36;1mmkdir -p "$XDG_DATA_HOME" "$RUNNER_TEMP/out"[0m
2026-10-07T10:16:02.0500964Z [36;1mread -r -a user_args <<< "$ARGS"[0m
2026-10-07T10:16:02.0501266Z [36;1mextra=()[0m
2026-10-07T10:16:02.0501569Z [36;1m[ ${#user_args[@]} -gt 0 ] && extra=(-- "${user_args[@]}")[0m
2026-10-07T10:16:02.0501941Z [36;1mtouch "$RUNNER_TEMP/start_marker"[0m
2026-10-07T10:16:02.0502432Z [36;1mt0=$SECONDS[0m
2026-10-07T10:16:02.0502673Z [36;1mif [ "$MODE" = render ]; then[0m
2026-10-07T10:16:02.0502961Z [36;1m  driver=opengl3[0m
2026-10-07T10:16:02.0503317Z [36;1m  if [ "$RENDERING_METHOD" = forward_plus ]; then driver=vulkan; fi[0m
2026-10-07T10:16:02.0503799Z [36;1m  timeout "$((TMIN * 60))" xvfb-run -a -s "-screen 0 ${RES}x24" \[0m
2026-10-07T10:16:02.0504504Z [36;1m    godot --path . --rendering-method "$RENDERING_METHOD" --rendering-driver "$driver" --audio-driver Dummy --resolution "$RES" \[0m
2026-10-07T10:16:02.0505346Z [36;1m    --script "$SCRIPT" "${extra[@]}" > "$RUNNER_TEMP/out/run.log" 2>&1[0m
2026-10-07T10:16:02.0505719Z [36;1melse[0m
2026-10-07T10:16:02.0506004Z [36;1m  timeout "$((TMIN * 60))" godot --headless --path . \[0m
2026-10-07T10:16:02.0506465Z [36;1m    --script "$SCRIPT" "${extra[@]}" > "$RUNNER_TEMP/out/run.log" 2>&1[0m
2026-10-07T10:16:02.0506820Z [36;1mfi[0m
2026-10-07T10:16:02.0507026Z [36;1mrc=$?[0m
2026-10-07T10:16:02.0507381Z [36;1mecho "exit=$rc took=$((SECONDS - t0))s" | tee -a "$RUNNER_TEMP/out/run.log"[0m
2026-10-07T10:16:02.0507810Z [36;1mtail -60 "$RUNNER_TEMP/out/run.log"[0m
2026-10-07T10:16:02.0508142Z [36;1mecho "$rc" > "$RUNNER_TEMP/out/exit_code"[0m
2026-10-07T10:16:02.0575355Z shell: /usr/bin/bash -e {0}
2026-10-07T10:16:02.0575627Z env:
2026-10-07T10:16:02.0575846Z   GODOT_VERSION: 4.7-stable
2026-10-07T10:16:02.0576141Z   SCRIPT: tests/smoke_net_shared_wild_fight.gd
2026-10-07T10:16:02.0576450Z   ARGS: 
2026-10-07T10:16:02.0576652Z   RES: 1280x720
2026-10-07T10:16:02.0576862Z   TMIN: 30
2026-10-07T10:16:02.0577067Z   MODE: headless
2026-10-07T10:16:02.0577299Z   RENDERING_METHOD: gl_compatibility
2026-10-07T10:16:02.0577575Z ##[endgroup]
2026-10-07T10:18:20.9639795Z ##[error]Process completed with exit code 1.
2026-10-07T10:18:20.9692119Z ##[group]Run set -uo pipefail
2026-10-07T10:18:20.9692481Z [36;1mset -uo pipefail[0m
2026-10-07T10:18:20.9692745Z [36;1mout="$RUNNER_TEMP/out"[0m
2026-10-07T10:18:20.9693053Z [36;1mmkdir -p "$out/tree" "$out/user"[0m
2026-10-07T10:18:20.9693479Z [36;1m# Every file the run created or modified in the working tree,[0m
2026-10-07T10:18:20.9693963Z [36;1m# ignored paths (shots/ etc.) included, by mtime against a marker[0m
2026-10-07T10:18:20.9694455Z [36;1m# touched just before the run. NUL-separated, so any path is safe.[0m
2026-10-07T10:18:20.9695086Z [36;1mif [ -f "$RUNNER_TEMP/start_marker" ]; then[0m
2026-10-07T10:18:20.9695492Z [36;1m  find . \( -path ./.git -o -path ./.godot \) -prune -o \[0m
2026-10-07T10:18:20.9695920Z [36;1m    -type f -newer "$RUNNER_TEMP/start_marker" -print0 \[0m
2026-10-07T10:18:20.9696322Z [36;1m    | xargs -0 -r cp --parents -t "$out/tree/"[0m
2026-10-07T10:18:20.9696637Z [36;1mfi[0m
2026-10-07T10:18:20.9696984Z [36;1m# Bare native net smokes use /tmp/net-run-<unique invocation>.[0m
2026-10-07T10:18:20.9697484Z [36;1m# Retain this run's peer logs/saves without changing their runtime paths.[0m
2026-10-07T10:18:20.9697945Z [36;1mif [ -f "$RUNNER_TEMP/start_marker" ]; then[0m
2026-10-07T10:18:20.9698268Z [36;1m  mkdir -p "$out/net-runs"[0m
2026-10-07T10:18:20.9698710Z [36;1m  find /tmp -maxdepth 1 -type d -name 'net-run-*' -newer "$RUNNER_TEMP/start_marker" \[0m
2026-10-07T10:18:20.9699191Z [36;1m    -exec cp -a -- {} "$out/net-runs/" \;[0m
2026-10-07T10:18:20.9699490Z [36;1mfi[0m
2026-10-07T10:18:20.9699807Z [36;1m# user:// minus Godot's shader cache (tens of MB nobody reads).[0m
2026-10-07T10:18:20.9700381Z [36;1m(cd "$RUNNER_TEMP/userdata" 2>/dev/null && find . -path '*/shader_cache' -prune -o -type f -print0 \[0m
2026-10-07T10:18:20.9700929Z [36;1m  | xargs -0 -r cp --parents -t "$out/user/") || true[0m
2026-10-07T10:18:20.9701397Z [36;1m# A log-spamming script can write gigabytes (a capture tool once wrote[0m
2026-10-07T10:18:20.9701895Z [36;1m# ~12 GB of run.log and godot.log). Keep the first 5 MB and last 20 MB[0m
2026-10-07T10:18:20.9702346Z [36;1m# of any log over 25 MB so the artifact stays downloadable.[0m
2026-10-07T10:18:20.9703066Z [36;1mfind "$out" -type f -name '*.log' -size +25M -print0 | while IFS= read -r -d '' f; do[0m
2026-10-07T10:18:20.9703836Z [36;1m  { head -c 5000000 "$f"; printf '\n\n[... truncated by render.yml: %s bytes total ...]\n\n' "$(stat -c%s "$f")"; tail -c 20000000 "$f"; } > "$f.cut" && mv "$f.cut" "$f"[0m
2026-10-07T10:18:20.9704430Z [36;1mdone[0m
2026-10-07T10:18:20.9705013Z [36;1mfind "$out" -type f | sed "s|$out/||" | sort > "$out/MANIFEST.txt"[0m
2026-10-07T10:18:20.9705438Z [36;1mecho "files=$(wc -l < "$out/MANIFEST.txt")"[0m
2026-10-07T10:18:20.9773416Z shell: /usr/bin/bash -e {0}
2026-10-07T10:18:20.9773699Z env:
2026-10-07T10:18:20.9773923Z   GODOT_VERSION: 4.7-stable
2026-10-07T10:18:20.9774180Z ##[endgroup]
2026-10-07T10:18:21.0617581Z files=17
2026-10-07T10:18:21.0668843Z ##[group]Run actions/upload-artifact@v4
2026-10-07T10:18:21.0669151Z with:
2026-10-07T10:18:21.0669451Z   name: render-r4-sharedwild-main568-2ac901cb1a-1-37606010178
2026-10-07T10:18:21.0669848Z   path: /home/runner/work/_temp/out/
2026-10-07T10:18:21.0670123Z   retention-days: 7
2026-10-07T10:18:21.0670363Z   if-no-files-found: warn
2026-10-07T10:18:21.0670619Z   compression-level: 6
2026-10-07T10:18:21.0670860Z   overwrite: false
2026-10-07T10:18:21.0671106Z   include-hidden-files: false
2026-10-07T10:18:21.0671371Z env:
2026-10-07T10:18:21.0671582Z   GODOT_VERSION: 4.7-stable
2026-10-07T10:18:21.0671832Z ##[endgroup]
2026-10-07T10:18:21.2292970Z (node:2583) [DEP0040] DeprecationWarning: The `punycode` module is deprecated. Please use a userland alternative instead.
2026-10-07T10:18:21.2293899Z (Use `node --trace-deprecation ...` to show where the warning was created)
2026-10-07T10:18:21.2464522Z With the provided path, there will be 17 files uploaded
2026-10-07T10:18:21.2465638Z Artifact name is valid!
2026-10-07T10:18:21.2466037Z Root directory input is valid!
2026-10-07T10:18:21.4751368Z Beginning upload of artifact content to blob storage
2026-10-07T10:18:21.5837046Z (node:2583) [DEP0169] DeprecationWarning: `url.parse()` behavior is not standardized and prone to errors that have security implications. Use the WHATWG URL API instead. CVEs are not issued for `url.parse()` vulnerabilities.
2026-10-07T10:18:21.8370344Z Uploaded bytes 1877992
2026-10-07T10:18:21.8699872Z Finished uploading artifact content to blob storage!
2026-10-07T10:18:21.8700799Z SHA256 digest of uploaded artifact zip is 2f28b9d565bc509e88f16db5d8c6c785bd65f42057e6f8b6841183c58280e60e
2026-10-07T10:18:21.8702517Z Finalizing artifact upload
2026-10-07T10:18:22.0832454Z Artifact render-r4-sharedwild-main568-2ac901cb1a-1-37606010178.zip successfully finalized. Artifact ID 11475231890
2026-10-07T10:18:22.0833699Z Artifact render-r4-sharedwild-main568-2ac901cb1a-1-37606010178 has been successfully uploaded! Final size is 1877992 bytes. Artifact ID is 11475231890
2026-10-07T10:18:22.0841446Z Artifact download URL: https://github.com/MJohnsonWellabe/Tetherbound/actions/runs/37606010178/artifacts/11475231890
2026-10-07T10:18:22.1037741Z Post job cleanup.
2026-10-07T10:18:22.1041984Z ##[start-action display=Run actions/cache@v4;id=__601edc2d-69d1-4a96-b52c-5ded6f80e249.__actions_cache]
2026-10-07T10:18:22.1044392Z ##[end-action id=__601edc2d-69d1-4a96-b52c-5ded6f80e249.__actions_cache;outcome=skipped;conclusion=skipped;duration_ms=0]
2026-10-07T10:18:22.1046664Z ##[start-action display=Run actions/cache@v4;id=__601edc2d-69d1-4a96-b52c-5ded6f80e249.cache-godot]
2026-10-07T10:18:22.1048681Z ##[end-action id=__601edc2d-69d1-4a96-b52c-5ded6f80e249.cache-godot;outcome=skipped;conclusion=skipped;duration_ms=0]
2026-10-07T10:18:22.1111656Z Post job cleanup.
2026-10-07T10:18:22.1953559Z [command]/usr/bin/git version
2026-10-07T10:18:22.2001095Z git version 2.55.0
2026-10-07T10:18:22.2041183Z Temporarily overriding HOME='/home/runner/work/_temp/62e516d1-658b-4c18-9690-1514c39f9e17' before making global git config changes
2026-10-07T10:18:22.2042195Z Adding repository directory to the temporary git global config as a safe directory
2026-10-07T10:18:22.2047457Z [command]/usr/bin/git config --global --add safe.directory /home/runner/work/Tetherbound/Tetherbound
2026-10-07T10:18:22.2087189Z [command]/usr/bin/git config --local --name-only --get-regexp core\.sshCommand
2026-10-07T10:18:22.2123029Z [command]/usr/bin/git submodule foreach --recursive sh -c "git config --local --name-only --get-regexp 'core\.sshCommand' && git config --local --unset-all 'core.sshCommand' || :"
2026-10-07T10:18:22.2430572Z [command]/usr/bin/git config --local --name-only --get-regexp http\.https\:\/\/github\.com\/\.extraheader
2026-10-07T10:18:22.2458886Z http.https://github.com/.extraheader
2026-10-07T10:18:22.2470058Z [command]/usr/bin/git config --local --unset-all http.https://github.com/.extraheader
2026-10-07T10:18:22.2507785Z [command]/usr/bin/git submodule foreach --recursive sh -c "git config --local --name-only --get-regexp 'http\.https\:\/\/github\.com\/\.extraheader' && git config --local --unset-all 'http.https://github.com/.extraheader' || :"
2026-10-07T10:18:22.2820990Z [command]/usr/bin/git config --local --name-only --get-regexp ^includeIf\.gitdir:
2026-10-07T10:18:22.2863512Z [command]/usr/bin/git submodule foreach --recursive git config --local --show-origin --name-only --get-regexp remote.origin.url
2026-10-07T10:18:22.3316718Z Cleaning up orphan processes
2026-10-07T10:18:22.3645890Z ##[warning]Node.js 20 is deprecated. The following actions target Node.js 20 but are being forced to run on Node.js 24: actions/cache@v4, actions/checkout@v4, actions/upload-artifact@v4. For more information see: https://github.blog/changelog/2025-09-19-deprecation-of-node-20-on-github-actions-runners/
